collision_index,collision_year,collision_ref_no,vehicle_reference,casualty_reference,casualty_class,sex_of_casualty,age_of_casualty,age_band_of_casualty,casualty_severity,pedestrian_location,pedestrian_movement,car_passenger,bus_or_coach_passenger,pedestrian_road_maintenance_worker,casualty_type,casualty_imd_decile,lsoa_of_casualty,enhanced_casualty_severity,casualty_injury_based,casualty_adjusted_severity_serious,casualty_adjusted_severity_slight,casualty_distance_banding,road_type,speed_limit,weather_conditions,light_conditions,road_surface_conditions,time,day_of_week,number_of_vehicles,vehicle_type
2023201345434,2023,201345434,1,1,3,1,72,10,3,5,3,0,0,0,0,1,E01009409,3,1,0.0,1.0,-1,6,30,2,1,2,20:08,7,1,9
2023522400767,2023,522400767,2,1,1,1,18,4,3,0,0,0,0,0,1,1,E01014486,-1,0,0.07249,0.92751,-1,6,20,9,1,1,10:38,3,2,1
2023010425559,2023,010425559,1,1,1,1,21,5,3,0,0,0,0,0,3,3,E01001391,-1,0,0.0,1.0,-1,6,20,1,4,1,00:30,1,3,3
2023010468939,2023,010468939,1,1,1,1,38,7,3,0,0,0,0,0,9,3,E01004012,-1,0,0.0,1.0,-1,9,30,9,1,9,12:48,4,2,9
202363C019923,2023,63C019923,2,2,2,1,23,5,2,0,0,2,0,0,9,1,W01000606,-1,0,1.0,0.0,-1,6,60,1,6,2,00:16,1,2,9
2023010466693,2023,010466693,1,1,1,1,49,8,3,0,0,0,0,0,9,6,E01001083,-1,0,0.0,1.0,-1,6,20,1,1,1,07:45,2,2,9
2023231307420,2023,231307420,1,1,1,2,29,6,3,0,0,0,0,0,9,4,E01009497,3,1,0.0,1.0,-1,6,50,1,1,1,07:00,4,2,9
2023010419532,2023,010419532,1,1,3,2,57,9,3,1,1,0,0,0,0,5,E01003260,-1,0,0.0,1.0,-1,6,30,2,4,2,16:43,3,1,3
2023070513345,2023,070513345,2,1,1,1,11,3,3,0,0,0,0,0,1,2,E01018478,-1,0,0.07287,0.92713,-1,6,30,1,1,1,18:00,3,2,1
2023131350530,2023,131350530,1,1,1,2,28,6,3,0,0,0,0,0,9,3,E01011532,3,1,0.0,1.0,-1,3,70,1,1,1,18:41,5,1,9
2023161327529,2023,161327529,1,3,2,2,31,6,3,0,0,1,0,0,9,8,E01013055,3,1,0.0,1.0,-1,6,50,1,1,1,14:15,1,2,9
2023991386711,2023,991386711,3,3,1,1,63,9,3,0,0,0,0,0,9,4,E01010457,3,1,0.0,1.0,-1,3,70,1,1,2,09:30,2,3,9
2023340WN7172,2023,340WN7172,1,1,3,1,65,9,3,5,1,0,0,0,0,10,E01027276,-1,0,0.2118,0.7882,-1,6,30,1,4,1,22:00,5,1,9
2023991322161,2023,991322161,1,2,3,2,27,6,3,1,3,0,0,0,0,-1,-1,3,1,0.0,1.0,-1,3,20,2,4,2,23:52,6,1,9
2023991318269,2023,991318269,1,1,1,1,43,7,2,0,0,0,0,0,4,7,-1,7,1,1.0,0.0,-1,6,60,2,1,5,17:00,2,1,4
2023451294804,2023,451294804,1,1,2,1,60,9,3,0,0,0,0,0,5,5,E01023201,3,1,0.0,1.0,-1,1,40,1,1,1,13:09,7,1,5
2023141387220,2023,141387220,1,2,2,1,74,10,2,0,0,2,0,0,8,-1,-1,7,1,1.0,0.0,-1,6,30,1,1,1,11:00,7,2,8
2023010480215,2023,010480215,1,1,1,1,37,7,3,0,0,0,0,0,9,-1,-1,-1,0,0.0,1.0,-1,6,20,1,4,1,03:45,1,2,9
2023221364105,2023,221364105,1,1,1,2,64,9,3,0,0,0,0,0,9,9,E01028932,3,1,0.0,1.0,-1,6,60,1,1,1,08:50,6,3,9
2023520300754,2023,520300754,1,1,1,1,20,4,3,0,0,0,0,0,9,7,E01029018,-1,0,0.06127,0.93873,-1,6,60,1,1,4,07:44,5,1,9
2023421359535,2023,421359535,1,1,3,1,58,9,3,5,9,0,0,0,0,-1,-1,3,1,0.0,1.0,-1,6,30,1,4,1,19:27,4,1,97
2023010431668,2023,010431668,1,1,1,1,44,7,3,0,0,0,0,0,3,2,E01003538,-1,0,0.0,1.0,-1,6,30,8,1,1,14:48,7,2,3
2023421359326,2023,421359326,1,1,1,1,34,6,3,0,0,0,0,0,3,1,E01015841,3,1,0.0,1.0,-1,6,30,1,1,1,10:08,4,2,3
2023131322101,2023,131322101,1,1,2,2,44,7,3,0,0,1,0,0,9,1,E01011093,3,1,0.0,1.0,-1,6,30,1,1,1,12:34,6,2,9
2023546059023,2023,546059023,1,2,1,2,37,7,3,0,0,0,0,0,9,7,E01031978,-1,0,0.04065,0.95935,-1,6,40,1,1,1,16:50,6,2,9
2023010450157,2023,010450157,2,2,1,2,45,7,3,0,0,0,0,0,9,2,E01003336,-1,0,0.0,1.0,-1,6,20,1,4,1,21:23,2,2,9
2023031380184,2023,031380184,1,1,1,1,41,7,2,0,0,0,0,0,9,-1,-1,6,1,1.0,0.0,-1,6,40,1,1,4,09:30,3,2,9
2023061322262,2023,061322262,2,1,1,2,60,9,3,0,0,0,0,0,9,2,E01005504,3,1,0.0,1.0,-1,6,30,1,5,1,20:42,6,2,9
2023201371088,2023,201371088,3,2,1,2,19,4,3,0,0,0,0,0,9,7,E01009070,3,1,0.0,1.0,-1,6,30,1,4,1,22:20,2,3,9
2023320653333,2023,320653333,2,1,1,2,61,9,3,0,0,0,0,0,9,4,E01026071,-1,0,0.05718,0.94282,-1,6,60,2,1,2,16:10,6,2,9
2023010427128,2023,010427128,1,1,1,1,64,9,3,0,0,0,0,0,1,4,E01003211,-1,0,0.0,1.0,-1,6,30,1,1,1,13:20,3,1,1
2023010438284,2023,010438284,1,1,1,1,29,6,2,0,0,0,0,0,1,2,E01003097,-1,0,1.0,0.0,-1,6,20,1,4,1,23:41,1,2,1
2023320123984,2023,320123984,2,1,1,1,33,6,3,0,0,0,0,0,1,5,E01026027,-1,0,0.09785,0.90215,-1,6,30,1,4,1,19:40,2,2,1
2023371289627,2023,371289627,1,1,3,2,52,8,2,5,4,0,0,0,0,4,E01033048,7,1,1.0,0.0,-1,6,30,1,1,1,16:02,4,1,1
2023461266410,2023,461266410,2,1,3,2,48,8,3,9,9,0,0,0,0,6,E01024452,3,1,0.0,1.0,-1,6,60,1,1,4,08:38,4,2,9
2023070408475,2023,070408475,2,1,1,2,49,8,2,0,0,0,0,0,1,-1,-1,-1,0,1.0,0.0,-1,6,60,1,1,1,17:52,1,2,1
2023052301485,2023,052301485,2,1,1,2,57,9,2,0,0,0,0,0,9,1,E01007207,-1,0,1.0,0.0,-1,6,30,1,1,1,21:25,3,2,9
2023201366462,2023,201366462,1,1,1,1,18,4,3,0,0,0,0,0,9,1,E01010532,3,1,0.0,1.0,-1,6,30,1,1,1,07:55,2,2,9
2023201420810,2023,201420810,1,1,1,1,51,8,3,0,0,0,0,0,9,9,E01032433,3,1,0.0,1.0,-1,6,30,1,1,2,09:46,3,2,9
2023010461558,2023,010461558,1,1,1,1,35,6,3,0,0,0,0,0,1,3,E01003969,-1,0,0.0,1.0,-1,6,20,1,1,1,14:45,1,2,1
2023122300976,2023,122300976,2,3,2,2,29,6,3,0,0,1,0,0,9,8,E01022622,-1,0,0.11869,0.88131,-1,6,60,1,6,1,00:55,7,2,9
2023071007185,2023,071007185,1,2,3,1,40,7,3,4,2,0,0,0,0,8,E01018593,-1,0,0.16358,0.83642,-1,6,30,1,1,1,13:09,7,1,1
2023141342475,2023,141342475,1,1,3,1,13,3,2,5,1,0,0,0,0,4,E01007460,5,1,1.0,0.0,-1,6,30,1,1,1,17:52,4,1,9
2023101354308,2023,101354308,1,1,3,2,13,3,3,1,3,0,0,0,0,2,E01008482,3,1,0.0,1.0,-1,6,30,1,1,1,08:16,5,1,9
2023302301006,2023,302301006,2,1,1,1,55,8,3,0,0,0,0,0,1,8,E01019449,-1,0,0.16174,0.83826,-1,6,30,1,1,1,10:50,1,2,1
2023161350176,2023,161350176,2,1,1,1,29,6,3,0,0,0,0,0,5,1,E01012848,3,1,0.0,1.0,-1,6,30,1,1,1,16:08,5,2,5
2023201408182,2023,201408182,2,1,1,1,71,10,3,0,0,0,0,0,9,9,E01009549,3,1,0.0,1.0,-1,6,30,1,1,1,13:52,2,2,9
2023440490567,2023,440490567,2,1,1,2,28,6,3,0,0,0,0,0,9,10,E01022707,-1,0,0.04827,0.95173,-1,6,40,1,6,1,19:20,5,2,9
2023501273569,2023,501273569,2,2,1,1,57,9,3,0,0,0,0,0,9,1,E01018933,3,1,0.0,1.0,-1,6,50,1,1,1,17:45,3,2,9
2023501309116,2023,501309116,1,1,1,1,34,6,3,0,0,0,0,0,3,3,E01018815,3,1,0.0,1.0,-1,6,30,1,1,1,08:15,6,1,3
2023010457617,2023,010457617,2,1,1,1,16,4,2,0,0,0,0,0,4,1,E01000782,-1,0,1.0,0.0,-1,6,30,8,4,1,22:15,5,2,4
2023201356356,2023,201356356,2,2,1,1,25,5,3,0,0,0,0,0,9,-1,-1,3,1,0.0,1.0,-1,3,30,1,4,1,19:59,3,2,9
2023411316684,2023,411316684,1,1,1,1,49,8,3,0,0,0,0,0,9,10,E01023515,3,1,0.0,1.0,-1,6,30,1,1,1,13:50,5,3,9
2023421320479,2023,421320479,1,1,1,1,35,6,3,0,0,0,0,0,19,3,E01021565,3,1,0.0,1.0,-1,6,60,1,1,1,16:09,2,3,19
2023010440229,2023,010440229,1,1,1,1,25,5,3,0,0,0,0,0,9,4,E01003770,-1,0,0.0,1.0,-1,1,40,1,1,1,16:45,7,2,9
2023161368277,2023,161368277,2,4,2,2,71,10,3,0,0,1,0,0,9,10,E01013423,3,1,0.0,1.0,-1,6,30,7,1,2,11:43,7,2,9
2023201402113,2023,201402113,1,1,2,2,56,9,3,0,0,1,0,0,9,3,E01009655,3,1,0.0,1.0,-1,3,30,2,4,2,19:16,2,2,9
202363A014123,2023,63A014123,2,1,1,2,51,8,3,0,0,0,0,0,9,6,W01000701,-1,0,0.07069,0.92931,-1,6,50,1,1,1,14:59,5,2,9
2023411273440,2023,411273440,2,1,1,2,41,7,3,0,0,0,0,0,3,4,E01015804,3,1,0.0,1.0,-1,6,30,1,1,1,09:30,2,2,3
2023552300077,2023,552300077,1,1,1,1,38,7,2,0,0,0,0,0,5,1,E01020552,-1,0,1.0,0.0,-1,6,30,1,4,2,16:20,1,2,5
2023061335553,2023,061335553,2,2,2,1,11,3,3,0,0,2,0,0,9,5,E01005520,3,1,0.0,1.0,-1,6,30,1,1,1,12:37,4,2,9
2023131352595,2023,131352595,2,1,1,1,27,6,3,0,0,0,0,0,9,1,E01010659,3,1,0.0,1.0,-1,6,30,1,1,1,17:45,5,2,9
2023320075030,2023,320075030,2,2,1,2,73,10,3,0,0,0,0,0,9,8,E01026193,-1,0,0.08048,0.91952,-1,6,60,1,1,1,12:00,1,2,9
2023361285020,2023,361285020,4,1,1,2,61,9,3,0,0,0,0,0,9,4,E01030230,3,1,0.0,1.0,-1,3,70,3,1,2,08:35,4,5,9
2023371392029,2023,371392029,1,2,2,2,16,4,3,0,0,1,0,0,9,3,E01030139,3,1,0.0,1.0,-1,6,60,1,6,2,17:10,1,2,9
2023461332440,2023,461332440,2,2,2,1,1,1,3,0,0,1,0,0,9,7,E01024466,3,1,0.0,1.0,-1,6,30,1,1,1,13:37,6,2,9
2023471322218,2023,471322218,1,1,3,2,-1,-1,3,6,9,0,0,0,0,6,E01016874,3,1,0.0,1.0,-1,6,30,1,7,1,00:01,7,1,9
2023010482303,2023,010482303,1,1,1,1,25,5,3,0,0,0,0,0,1,5,E01001201,-1,0,0.0,1.0,-1,3,20,2,4,2,18:10,3,2,1
2023010455463,2023,010455463,1,1,2,1,0,1,3,0,0,1,0,0,9,6,E01002327,-1,0,0.0,1.0,-1,9,20,1,1,1,11:45,5,1,9
2023070037295,2023,070037295,1,1,3,1,15,3,3,9,7,0,0,0,0,8,E01018443,-1,0,0.06839,0.93161,-1,6,30,4,1,2,08:15,6,1,9
2023131278898,2023,131278898,1,1,3,1,18,4,2,5,2,0,0,2,0,1,E01010623,7,1,1.0,0.0,-1,6,20,1,1,1,16:30,2,1,9
2023010480732,2023,010480732,1,1,1,1,41,7,3,0,0,0,0,0,1,-1,-1,-1,0,0.0,1.0,-1,6,20,9,4,1,17:21,2,2,1
2023522300522,2023,522300522,1,1,1,1,30,6,3,0,0,0,0,0,3,1,E01014654,-1,0,0.03997,0.96003,-1,6,20,1,1,1,08:40,5,2,3
2023501329215,2023,501329215,1,1,1,1,45,7,3,0,0,0,0,0,5,1,E01015149,3,1,0.0,1.0,-1,6,30,1,1,1,17:01,5,2,5
2023211263532,2023,211263532,2,1,1,2,50,8,3,0,0,0,0,0,9,7,E01029695,3,1,0.0,1.0,-1,6,30,1,4,1,18:20,4,2,9
2023421353379,2023,421353379,1,3,1,1,27,6,2,0,0,0,0,0,9,7,E01022067,6,1,1.0,0.0,-1,6,60,1,6,1,22:17,1,1,9
2023991396086,2023,991396086,2,1,1,2,31,6,3,0,0,0,0,0,9,4,-1,3,1,0.0,1.0,-1,6,60,4,1,1,11:55,1,2,9
2023141348748,2023,141348748,1,1,2,1,54,8,2,0,0,0,0,0,19,-1,-1,6,1,1.0,0.0,-1,6,20,1,1,1,10:20,2,2,19
2023371324368,2023,371324368,2,1,1,1,33,6,3,0,0,0,0,0,19,7,E01030184,3,1,0.0,1.0,-1,7,60,1,1,1,09:12,6,2,19
2023201293894,2023,201293894,1,1,3,1,35,6,3,5,1,0,0,2,0,3,E01008989,3,1,0.0,1.0,-1,6,30,8,1,1,07:45,4,1,9
2023440217042,2023,440217042,1,1,1,1,49,8,3,0,0,0,0,0,9,10,E01018259,-1,0,0.13121,0.86879,-1,6,60,1,1,1,15:41,5,3,9
2023520301801,2023,520301801,3,3,1,1,42,7,3,0,0,0,0,0,9,9,E01014898,-1,0,0.02079,0.97921,-1,3,70,1,1,1,11:04,2,6,9
2023531305025,2023,531305025,2,2,1,1,82,11,2,0,0,0,0,0,9,8,E01022213,6,1,1.0,0.0,-1,6,50,1,1,1,13:55,1,2,9
2023552300686,2023,552300686,2,1,1,1,64,9,3,0,0,0,0,0,9,8,E01015332,-1,0,0.01448,0.98552,-1,6,30,1,1,1,16:30,4,2,9
2023461344108,2023,461344108,2,1,1,1,25,5,3,0,0,0,0,0,-1,1,E01024590,3,1,0.0,1.0,-1,6,30,1,1,1,21:11,4,2,-1
2023430496320,2023,430496320,1,1,3,1,62,9,3,1,3,0,0,0,0,10,E01017798,-1,0,0.14614,0.85386,-1,1,30,1,1,1,11:51,7,1,9
2023351364732,2023,351364732,1,1,1,2,52,8,3,0,0,0,0,0,9,10,E01018134,3,1,0.0,1.0,-1,6,60,2,1,2,17:10,4,3,9
2023471280513,2023,471280513,2,3,2,2,28,6,3,0,0,1,0,0,9,3,E01031552,3,1,0.0,1.0,-1,3,70,1,6,1,02:30,7,2,9
2023461318629,2023,461318629,2,2,1,1,49,8,3,0,0,0,0,0,19,9,E01016090,3,1,0.0,1.0,-1,3,50,2,1,2,15:47,2,2,19
2023061387199,2023,061387199,1,1,3,2,55,8,3,5,1,0,0,0,0,9,E01005785,3,1,0.0,1.0,-1,6,30,1,4,2,17:43,2,1,9
2023010463836,2023,010463836,1,1,1,2,18,4,3,0,0,0,0,0,1,2,E01004746,-1,0,0.0,1.0,-1,2,20,1,1,1,12:27,7,2,1
2023430382423,2023,430382423,2,1,1,2,56,9,3,0,0,0,0,0,1,9,E01016247,-1,0,0.11775,0.88225,-1,1,30,1,1,1,08:50,7,2,1
2023010423489,2023,010423489,1,1,1,1,51,8,3,0,0,0,0,0,4,3,E01003122,-1,0,0.0,1.0,-1,3,20,2,4,2,18:30,4,2,4
2023351282577,2023,351282577,2,1,1,1,39,7,2,0,0,0,0,0,9,6,E01030091,7,1,1.0,0.0,-1,3,70,1,6,1,21:35,7,2,9
2023421308403,2023,421308403,1,1,3,1,16,4,2,1,2,0,0,0,0,4,E01015907,7,1,1.0,0.0,-1,3,40,1,1,1,12:45,4,1,9
2023010460877,2023,010460877,2,1,1,1,31,6,3,0,0,0,0,0,1,3,E01032786,-1,0,0.0,1.0,-1,6,20,1,1,1,12:14,4,2,1
2023552301512,2023,552301512,2,1,1,1,38,7,3,0,0,0,0,0,9,2,E01015280,-1,0,0.00367,0.99633,-1,1,30,2,1,2,14:13,1,2,9
2023430543037,2023,430543037,1,1,3,2,22,5,3,4,1,0,0,0,0,3,E01017857,-1,0,0.1523,0.8477,-1,6,30,2,4,2,21:25,1,1,9
2023041268550,2023,041268550,2,1,1,1,59,9,3,0,0,0,0,0,9,6,E01025562,3,1,0.0,1.0,-1,6,30,1,1,1,15:30,5,2,9
2023041335531,2023,041335531,1,1,1,2,32,6,3,0,0,0,0,0,9,8,E01005016,3,1,0.0,1.0,-1,6,50,5,1,2,15:55,5,1,9
2023421280219,2023,421280219,1,1,1,1,58,9,3,0,0,0,0,0,21,4,E01003758,3,1,0.0,1.0,-1,3,70,1,1,1,14:30,6,2,21
2023320144558,2023,320144558,1,2,3,2,42,7,2,4,3,0,0,0,0,3,E01026124,-1,0,1.0,0.0,-1,3,30,3,4,2,22:17,4,1,9
2023320776943,2023,320776943,2,1,1,2,42,7,3,0,0,0,0,0,9,5,E01026290,-1,0,0.01445,0.98555,-1,7,30,2,1,2,07:00,3,2,9
2023411283519,2023,411283519,2,3,2,2,23,5,3,0,0,1,0,0,9,4,E01023774,3,1,0.0,1.0,-1,6,40,1,1,1,14:30,4,2,9
2023010437192,2023,010437192,1,2,2,2,50,8,3,0,0,0,4,0,11,2,E01003912,-1,0,0.0,1.0,-1,2,20,1,1,1,13:28,5,1,11
2023101348830,2023,101348830,1,1,3,2,32,6,2,8,1,0,0,0,0,5,E01027536,7,1,1.0,0.0,-1,6,30,1,1,1,07:42,2,1,9
2023461341961,2023,461341961,1,1,1,1,78,11,3,0,0,0,0,0,9,7,E01024242,3,1,0.0,1.0,-1,6,60,1,1,1,11:32,5,2,9
2023010465482,2023,010465482,2,1,1,1,44,7,3,0,0,0,0,0,19,2,E01003267,-1,0,0.0,1.0,-1,3,30,1,1,1,09:00,3,3,19
2023131377423,2023,131377423,1,1,3,2,15,3,3,5,1,0,0,1,0,-1,-1,3,1,0.0,1.0,-1,6,30,2,1,2,08:26,4,1,19
2023361328314,2023,361328314,2,1,1,1,67,10,3,0,0,0,0,0,3,9,E01026933,3,1,0.0,1.0,-1,6,30,1,1,1,05:55,6,2,3
2023211333462,2023,211333462,1,1,3,2,54,8,3,7,3,0,0,2,0,-1,-1,3,1,0.0,1.0,-1,6,30,1,1,1,09:31,5,1,9
2023161386680,2023,161386680,1,1,1,2,27,6,2,0,0,0,0,0,1,3,E01012997,7,1,1.0,0.0,-1,6,30,1,1,1,09:25,5,2,1
2023010471845,2023,010471845,1,1,2,1,24,5,3,0,0,1,0,0,9,3,E01003603,-1,0,0.0,1.0,-1,2,20,1,4,1,23:13,6,2,9
2023031282043,2023,031282043,1,1,1,2,44,7,3,0,0,0,0,0,9,1,E01019301,3,1,0.0,1.0,-1,6,60,1,1,1,14:55,2,2,9
2023010422754,2023,010422754,1,1,2,1,37,7,3,0,0,0,3,0,11,2,E01003932,-1,0,0.0,1.0,-1,6,30,1,4,1,19:22,7,1,11
2023471370695,2023,471370695,2,2,2,2,47,8,2,0,0,2,0,0,9,9,E01021151,7,1,1.0,0.0,-1,6,30,2,4,2,18:00,7,2,9
2023522301198,2023,522301198,1,1,1,1,52,8,3,0,0,0,0,0,3,6,E01014707,-1,0,0.04926,0.95074,-1,6,30,1,1,1,16:50,5,2,3
2023552300781,2023,552300781,1,1,1,1,51,8,3,0,0,0,0,0,4,3,E01015292,-1,0,0.16382,0.83618,-1,6,30,1,1,1,08:31,2,2,4
2023010477614,2023,010477614,3,1,1,1,32,6,3,0,0,0,0,0,9,8,E01002150,-1,0,0.0,1.0,-1,2,20,2,4,2,22:20,1,3,9
2023161325676,2023,161325676,1,1,2,1,-1,-1,3,0,0,-1,0,0,9,9,E01013216,3,1,0.0,1.0,-1,6,30,1,1,1,16:00,1,2,9
2023610018123,2023,610018123,2,2,1,2,76,11,2,0,0,1,0,0,9,8,W01001495,-1,0,1.0,0.0,-1,3,70,2,1,2,12:02,1,2,9
2023221312834,2023,221312834,1,1,1,2,40,7,3,0,0,0,0,0,9,3,E01000062,3,1,0.0,1.0,-1,1,30,1,1,1,20:00,2,2,9
2023231277563,2023,231277563,2,3,2,2,64,9,3,0,0,1,0,0,9,7,E01031247,3,1,0.0,1.0,-1,6,60,8,6,4,18:08,3,2,9
2023430287492,2023,430287492,2,2,1,1,49,8,3,0,0,0,0,0,9,8,E01017738,-1,0,0.02649,0.97351,-1,6,30,1,1,1,16:28,5,2,9
2023461326163,2023,461326163,2,2,2,1,17,4,3,0,0,1,0,0,9,9,E01016106,3,1,0.0,1.0,-1,3,30,1,1,1,14:40,7,2,9
2023010478442,2023,010478442,1,1,1,1,36,7,3,0,0,0,0,0,3,6,E01003644,-1,0,0.0,1.0,-1,6,30,1,1,1,15:25,4,2,3
2023010441369,2023,010441369,1,1,1,1,25,5,3,0,0,0,0,0,9,3,E01004217,-1,0,0.0,1.0,-1,1,40,1,4,1,11:50,5,2,9
2023010459935,2023,010459935,1,1,1,1,77,11,2,0,0,0,0,0,9,3,E01000689,-1,0,1.0,0.0,-1,6,20,1,1,1,18:16,5,8,9
2023141368009,2023,141368009,3,4,2,2,68,10,3,0,0,2,0,0,9,5,E01007953,3,1,0.0,1.0,-1,6,30,8,1,2,15:25,7,3,9
2023161352859,2023,161352859,1,1,1,2,18,4,3,0,0,0,0,0,9,7,E01013289,3,1,0.0,1.0,-1,3,30,1,4,1,20:53,6,2,9
2023501363047,2023,501363047,2,4,2,1,3,1,3,0,0,2,0,0,9,3,E01020228,3,1,0.0,1.0,-1,6,30,1,1,1,10:05,1,5,9
2023471284650,2023,471284650,2,1,1,1,31,6,3,0,0,0,0,0,97,8,E01031776,3,1,0.0,1.0,-1,3,40,2,1,2,17:00,4,2,97
2023131376189,2023,131376189,1,1,1,1,27,6,3,0,0,0,0,0,9,10,E01010936,3,1,0.0,1.0,-1,6,30,1,4,2,00:30,1,1,9
2023041318955,2023,041318955,2,2,1,1,50,8,3,0,0,0,0,0,1,8,E01005001,3,1,0.0,1.0,-1,6,30,1,1,1,08:36,5,2,1
2023052300840,2023,052300840,2,1,1,1,38,7,2,0,0,0,0,0,1,1,E01006430,-1,0,1.0,0.0,-1,6,30,4,1,1,17:00,5,2,1
2023141332498,2023,141332498,1,1,1,1,53,8,2,0,0,0,0,0,1,10,E01007957,7,1,1.0,0.0,-1,6,30,2,1,2,07:00,4,2,1
2023041367409,2023,041367409,1,1,1,1,43,7,3,0,0,0,0,0,19,3,E01024959,3,1,0.0,1.0,-1,6,60,1,1,1,08:25,4,3,19
2023501333555,2023,501333555,2,1,1,1,60,9,3,0,0,0,0,0,1,3,E01018793,3,1,0.0,1.0,-1,6,30,2,1,2,17:20,3,2,1
2023351282630,2023,351282630,2,1,1,1,29,6,3,0,0,0,0,0,9,6,E01026239,3,1,0.0,1.0,-1,6,40,1,1,-1,17:15,3,2,9
2023461343760,2023,461343760,1,1,1,1,19,4,2,0,0,0,0,0,9,3,E01016146,5,1,1.0,0.0,-1,1,30,1,1,1,11:59,2,2,9
2023141372691,2023,141372691,2,3,1,1,28,6,3,0,0,0,0,0,19,10,E01027683,3,1,0.0,1.0,-1,3,70,1,1,1,13:18,5,2,19
2023010464881,2023,010464881,1,1,1,1,18,4,3,0,0,0,0,0,3,2,E01001439,-1,0,0.0,1.0,-1,6,30,1,1,1,06:20,5,2,3
2023041303706,2023,041303706,1,1,1,1,34,6,3,0,0,0,0,0,3,4,E01025588,3,1,0.0,1.0,-1,1,30,1,1,1,15:35,3,2,3
2023320534591,2023,320534591,2,1,1,1,55,8,2,0,0,0,0,0,5,6,E01028220,-1,0,1.0,0.0,-1,6,60,1,1,1,12:10,2,2,5
2023221331323,2023,221331323,1,2,2,1,62,9,3,0,0,2,0,0,9,-1,-1,3,1,0.0,1.0,-1,6,30,1,4,1,20:59,7,2,9
2023430180333,2023,430180333,1,1,1,2,33,6,3,0,0,0,0,0,9,3,E01017654,-1,0,0.00179,0.99821,-1,1,30,1,1,1,14:55,3,2,9
2023010471399,2023,010471399,1,1,3,2,33,6,3,9,7,0,0,0,0,8,E01003001,-1,0,0.0,1.0,-1,9,20,9,7,9,23:00,6,1,9
2023501369597,2023,501369597,1,1,1,1,20,4,3,0,0,0,0,0,9,2,E01018867,3,1,0.0,1.0,-1,6,30,2,4,2,01:44,5,1,9
2023010459108,2023,010459108,1,1,1,1,36,7,3,0,0,0,0,0,1,2,E01001695,-1,0,0.0,1.0,-1,9,20,2,1,2,18:15,4,2,1
2023461273947,2023,461273947,2,1,1,1,23,5,2,0,0,0,0,0,1,9,E01032821,6,1,1.0,0.0,-1,6,30,1,1,1,19:45,6,2,1
2023991392247,2023,991392247,1,1,2,2,29,6,2,0,0,1,0,0,9,3,E01002847,6,1,1.0,0.0,-1,6,60,3,6,3,17:55,2,2,9
2023320474984,2023,320474984,1,1,3,1,45,7,3,6,9,0,0,1,0,3,E01026017,-1,0,0.09508,0.90492,-1,6,30,1,1,1,09:40,3,1,9
2023041298691,2023,041298691,1,1,2,1,24,5,2,0,0,1,0,0,9,1,E01025082,7,1,1.0,0.0,-1,3,70,1,1,1,16:13,2,2,9
2023421367008,2023,421367008,2,1,1,1,30,6,3,0,0,0,0,0,9,2,E01001432,3,1,0.0,1.0,-1,3,50,1,1,1,17:30,1,2,9
2023010425912,2023,010425912,1,1,2,2,57,9,2,0,0,0,3,0,11,-1,-1,-1,0,1.0,0.0,-1,3,20,1,1,1,15:20,3,1,11
2023010471466,2023,010471466,1,1,1,1,34,6,3,0,0,0,0,0,1,2,E01004390,-1,0,0.0,1.0,-1,6,20,8,4,2,12:14,5,2,1
2023622300222,2023,622300222,2,2,1,1,22,5,3,0,0,0,0,0,1,8,W01001758,-1,0,0.08084,0.91916,-1,6,20,1,1,1,14:25,3,2,1
2023201411255,2023,201411255,1,2,2,2,17,4,3,0,0,1,0,0,9,6,E01010035,3,1,0.0,1.0,-1,6,30,1,1,1,10:00,7,2,9
2023311349053,2023,311349053,1,1,1,1,36,7,3,0,0,0,0,0,9,5,E01019470,3,1,0.0,1.0,-1,6,30,1,1,1,11:41,2,2,9
2023371300297,2023,371300297,2,2,1,2,41,7,3,0,0,0,0,0,9,6,E01030003,3,1,0.0,1.0,-1,3,70,1,1,1,12:38,2,2,9
2023451373591,2023,451373591,1,1,1,2,57,9,2,0,0,0,0,0,9,9,E01030723,7,1,1.0,0.0,-1,6,40,1,1,2,10:35,1,1,9
2023501365504,2023,501365504,2,2,2,2,26,6,3,0,0,1,0,0,9,4,E01020321,3,1,0.0,1.0,-1,1,60,1,1,1,15:00,4,2,9
2023361344537,2023,361344537,1,1,1,2,22,5,3,0,0,0,0,0,9,8,E01026517,3,1,0.0,1.0,-1,6,30,1,1,1,05:26,4,1,9
2023411374054,2023,411374054,1,1,1,1,23,5,2,0,0,0,0,0,9,5,E01017384,7,1,1.0,0.0,-1,3,70,1,6,2,21:32,3,1,9
2023461301668,2023,461301668,1,1,1,1,35,6,2,0,0,0,0,0,9,1,E01024196,6,1,1.0,0.0,-1,6,40,2,1,2,17:24,1,1,9
2023622300109,2023,622300109,1,1,1,1,39,7,3,0,0,0,0,0,9,1,W01001267,-1,0,0.08175,0.91825,-1,6,50,1,1,1,13:56,6,3,9
2023501328723,2023,501328723,2,1,1,1,46,8,3,0,0,0,0,0,1,8,E01020281,3,1,0.0,1.0,-1,6,30,1,1,1,12:21,2,2,1