collision_index,collision_year,collision_ref_no,vehicle_reference,casualty_reference,casualty_class,sex_of_casualty,age_of_casualty,age_band_of_casualty,casualty_severity,pedestrian_location,pedestrian_movement,car_passenger,bus_or_coach_passenger,pedestrian_road_maintenance_worker,casualty_type,casualty_imd_decile,lsoa_of_casualty,enhanced_casualty_severity,casualty_injury_based,casualty_adjusted_severity_serious,casualty_adjusted_severity_slight,casualty_distance_banding,road_type,speed_limit,weather_conditions,light_conditions,road_surface_conditions,time,day_of_week,number_of_vehicles,vehicle_type
2023010436620,2023,010436620,1,1,3,2,44,7,3,10,9,0,0,0,0,8,E01000212,-1,0,0.0,1.0,-1,9,20,1,1,1,17:50,1,1,-1
2023052302345,2023,052302345,1,1,3,1,67,10,3,4,3,0,0,0,0,9,E01007150,-1,0,0.16644,0.83356,-1,6,30,1,1,1,17:45,3,1,9
2023320311319,2023,320311319,1,1,1,1,12,3,2,0,0,0,0,0,2,1,E01026083,-1,0,1.0,0.0,-1,6,30,1,1,1,12:52,2,2,2
2023440464235,2023,440464235,1,1,1,1,40,7,3,0,0,0,0,0,3,9,E01030428,-1,0,0.18078,0.81922,-1,6,30,1,1,1,15:00,2,2,3
2023010455039,2023,010455039,1,1,1,1,36,7,3,0,0,0,0,0,9,2,E01001654,-1,0,0.0,1.0,-1,7,30,1,1,1,14:56,4,2,9
2023161289356,2023,161289356,1,1,1,2,61,9,3,0,0,0,0,0,9,1,E01013165,3,1,0.0,1.0,-1,6,30,1,1,1,08:25,4,2,9
2023430503849,2023,430503849,1,2,2,1,26,6,3,0,0,1,0,0,9,2,E01001257,-1,0,0.01126,0.98874,-1,3,70,2,1,2,08:45,4,2,9
2023451381069,2023,451381069,1,1,1,1,70,10,3,0,0,0,0,0,9,7,E01016220,3,1,0.0,1.0,-1,6,40,1,6,1,17:55,4,2,9
2023161318526,2023,161318526,2,1,1,1,26,6,3,0,0,0,0,0,1,1,E01013140,3,1,0.0,1.0,-1,6,30,1,1,1,07:50,4,2,1
2023010447479,2023,010447479,1,1,1,1,23,5,3,0,0,0,0,0,3,1,E01002041,-1,0,0.0,1.0,-1,9,20,1,1,1,20:30,3,2,3
2023041334515,2023,041334515,3,2,2,1,13,3,3,0,0,2,0,0,9,8,-1,3,1,0.0,1.0,-1,6,50,1,1,1,17:04,6,4,9
2023201346268,2023,201346268,2,1,1,1,21,5,2,0,0,0,0,0,3,2,E01010403,7,1,1.0,0.0,-1,6,30,1,1,1,21:26,1,2,3
2023070452770,2023,070452770,1,1,3,2,67,10,3,6,9,0,0,0,0,8,E01012471,-1,0,0.08025,0.91975,-1,6,30,1,1,1,17:35,6,1,19
2023531369900,2023,531369900,1,1,1,1,64,9,3,0,0,0,0,0,4,9,E01022371,3,1,0.0,1.0,-1,6,60,2,1,2,12:30,4,1,4
2023010455831,2023,010455831,1,1,1,1,32,6,3,0,0,0,0,0,9,8,E01004081,-1,0,0.0,1.0,-1,6,30,1,1,1,10:13,3,2,9
2023461382635,2023,461382635,1,2,3,2,2,1,3,1,1,0,0,0,0,4,E01016115,3,1,0.0,1.0,-1,6,30,1,1,1,10:04,3,1,9
2023010454436,2023,010454436,2,1,1,1,36,7,2,0,0,0,0,0,5,9,E01017641,-1,0,1.0,0.0,-1,3,50,1,1,1,13:08,1,2,5
2023131288932,2023,131288932,1,1,3,2,7,2,3,5,1,0,0,2,0,3,E01011123,3,1,0.0,1.0,-1,6,30,1,1,1,08:45,3,1,21
202360A166182,2023,60A166182,1,1,3,2,63,9,3,4,3,0,0,0,0,-1,-1,-1,0,0.22605,0.77395,-1,7,30,1,1,1,15:20,1,1,20
2023070194745,2023,070194745,1,1,1,1,47,8,2,0,0,0,0,0,5,5,E01018532,-1,0,1.0,0.0,-1,6,30,3,1,4,08:15,3,2,5
2023302300795,2023,302300795,1,1,1,1,42,7,3,0,0,0,0,0,8,1,E01013573,-1,0,0.05406,0.94594,-1,6,30,1,1,1,16:26,5,2,8
2023131294485,2023,131294485,2,1,1,2,35,6,3,0,0,0,0,0,9,-1,-1,3,1,0.0,1.0,-1,6,30,1,1,1,14:50,5,2,9
2023101398547,2023,101398547,2,2,2,2,71,10,3,0,0,0,4,0,11,2,E01008203,3,1,0.0,1.0,-1,6,30,1,1,2,08:55,6,2,11
2023991317825,2023,991317825,1,1,1,1,59,9,2,0,0,0,0,0,5,-1,-1,6,1,1.0,0.0,-1,6,60,1,1,1,18:23,2,2,5
2023991360543,2023,991360543,1,1,1,1,56,9,3,0,0,0,0,0,8,6,-1,3,1,0.0,1.0,-1,6,40,2,1,2,14:10,7,2,8
2023361290494,2023,361290494,2,1,1,1,50,8,3,0,0,0,0,0,9,7,E01026910,3,1,0.0,1.0,-1,6,60,2,1,2,11:48,7,2,9
2023401356454,2023,401356454,2,1,1,2,38,7,3,0,0,0,0,0,9,-1,-1,3,1,0.0,1.0,-1,6,30,1,1,1,12:03,2,2,9
2023531300367,2023,531300367,1,1,1,2,35,6,3,0,0,0,0,0,9,8,E01022356,3,1,0.0,1.0,-1,6,60,2,1,2,12:44,2,2,9
2023221347751,2023,221347751,1,1,1,2,30,6,3,0,0,0,0,0,19,5,E01014063,3,1,0.0,1.0,-1,6,60,1,1,2,13:35,5,1,19
2023052301534,2023,052301534,2,1,1,1,13,3,2,0,0,0,0,0,1,3,E01007236,-1,0,1.0,0.0,-1,6,30,1,1,1,08:10,3,2,1
2023320496585,2023,320496585,1,1,2,1,26,6,3,0,0,1,0,0,9,6,E01026031,-1,0,0.0929,0.9071,-1,6,50,1,1,1,05:47,6,2,9
2023461278588,2023,461278588,1,1,1,2,22,5,3,0,0,0,0,0,9,5,E01016151,3,1,0.0,1.0,-1,3,30,1,1,1,14:47,4,2,9
2023471304556,2023,471304556,1,1,1,1,28,6,2,0,0,0,0,0,9,6,E01031509,7,1,1.0,0.0,-1,6,60,1,6,1,00:17,7,1,9
2023010472513,2023,010472513,1,1,3,1,7,2,3,6,9,0,0,0,0,3,E01001725,-1,0,0.0,1.0,-1,2,20,1,1,1,08:27,3,1,1
2023101339413,2023,101339413,1,1,1,1,68,10,3,0,0,0,0,0,9,3,E01008506,3,1,0.0,1.0,-1,6,60,1,1,1,13:14,2,2,9
2023461347048,2023,461347048,1,4,2,1,18,4,3,0,0,2,0,0,9,9,E01023999,3,1,0.0,1.0,-1,6,60,2,6,2,00:56,4,1,9
2023991355818,2023,991355818,2,1,2,2,47,8,3,0,0,1,0,0,9,-1,-1,3,1,0.0,1.0,-1,6,30,1,1,1,15:16,1,2,9
2023991324889,2023,991324889,4,7,1,2,25,5,3,0,0,0,0,0,9,3,-1,3,1,0.0,1.0,-1,3,60,1,4,2,02:05,1,6,9
2023451355368,2023,451355368,1,1,1,2,18,4,3,0,0,0,0,0,9,9,E01030431,3,1,0.0,1.0,-1,6,30,1,1,1,11:30,6,2,9
2023010429603,2023,010429603,1,1,1,1,40,7,3,0,0,0,0,0,1,7,E01004499,-1,0,0.0,1.0,-1,6,20,1,1,1,07:45,3,2,1
2023010477482,2023,010477482,1,1,2,2,50,8,3,0,0,2,0,0,9,5,E01000820,-1,0,0.0,1.0,-1,3,40,1,4,1,17:45,7,2,9
2023221294332,2023,221294332,1,4,2,2,5,1,3,0,0,2,0,0,9,4,E01032254,3,1,0.0,1.0,-1,1,30,1,1,2,09:48,5,2,9
2023522300981,2023,522300981,1,1,3,1,27,6,3,1,9,0,0,0,0,3,E01014681,-1,0,0.08059,0.91941,-1,6,20,1,1,1,10:25,5,1,9
2023430319279,2023,430319279,1,1,1,1,27,6,2,0,0,0,0,0,5,6,E01030736,-1,0,1.0,0.0,-1,3,70,1,1,1,19:28,3,1,5
2023401313348,2023,401313348,2,1,1,2,39,7,3,0,0,0,0,0,9,5,E01015746,3,1,0.0,1.0,-1,6,30,1,1,1,15:20,4,2,9
2023471280615,2023,471280615,2,1,2,2,76,11,3,0,0,1,0,0,9,6,E01031743,3,1,0.0,1.0,-1,6,30,1,1,1,16:55,6,2,9
2023991308120,2023,991308120,2,3,2,2,67,10,2,0,0,1,0,0,9,5,-1,5,1,1.0,0.0,-1,6,60,1,1,1,12:00,6,2,9
2023010436055,2023,010436055,1,1,3,2,22,5,2,5,4,0,0,0,0,3,E01001043,-1,0,1.0,0.0,-1,6,30,8,1,2,18:30,4,1,9
2023501308311,2023,501308311,2,1,1,2,36,7,3,0,0,0,0,0,19,6,E01019061,3,1,0.0,1.0,-1,3,70,1,1,1,08:37,7,2,19
2023122301277,2023,122301277,1,1,1,1,23,5,3,0,0,0,0,0,3,8,E01027746,-1,0,0.18671,0.81329,-1,6,60,2,1,2,15:25,4,1,3
2023501352279,2023,501352279,1,1,1,1,19,4,3,0,0,0,0,0,3,6,E01020244,3,1,0.0,1.0,-1,7,30,1,4,1,22:01,4,2,3
2023161303649,2023,161303649,1,1,3,2,49,8,3,1,1,0,0,0,0,2,E01013240,3,1,0.0,1.0,-1,6,30,1,1,1,09:15,2,1,9
2023101374651,2023,101374651,1,1,3,2,59,9,2,1,3,0,0,0,0,7,E01008792,7,1,1.0,0.0,-1,6,30,1,1,2,16:15,1,1,9
2023332300005,2023,332300005,1,1,3,1,14,3,3,5,1,0,0,0,0,4,E01025900,-1,0,0.07982,0.92018,-1,6,30,1,1,1,15:15,5,1,9
2023010437103,2023,010437103,1,1,1,1,43,7,3,0,0,0,0,0,3,1,E01002092,-1,0,0.0,1.0,-1,9,20,1,1,9,13:20,5,2,3
2023031340110,2023,031340110,1,1,1,1,49,8,3,0,0,0,0,0,9,-1,-1,3,1,0.0,1.0,-1,6,60,1,6,1,01:20,5,1,9
2023041332579,2023,041332579,1,1,1,2,38,7,2,0,0,0,0,0,9,2,E01025234,6,1,1.0,0.0,-1,6,30,1,1,2,06:20,2,2,9
2023461301615,2023,461301615,2,1,1,1,49,8,3,0,0,0,0,0,9,8,E01024642,3,1,0.0,1.0,-1,6,30,1,1,1,09:10,3,2,9
2023351393808,2023,351393808,2,3,2,1,46,8,3,0,0,1,0,0,90,-1,-1,3,1,0.0,1.0,-1,6,50,5,1,2,08:50,4,4,90
2023070050847,2023,070050847,1,1,1,1,33,6,2,0,0,0,0,0,3,3,E01012522,-1,0,1.0,0.0,-1,6,30,3,4,3,21:30,3,1,3
2023161337659,2023,161337659,1,1,1,1,31,6,3,0,0,0,0,0,9,1,E01012917,3,1,0.0,1.0,-1,6,20,2,1,2,19:00,4,2,9
2023471271620,2023,471271620,1,1,1,1,39,7,3,0,0,0,0,0,9,6,E01020999,3,1,0.0,1.0,-1,6,50,1,1,2,10:23,5,3,9
2023201391069,2023,201391069,1,3,3,2,2,1,3,6,9,0,0,0,0,3,E01008895,3,1,0.0,1.0,-1,6,30,1,4,1,16:11,7,1,9
2023351388243,2023,351388243,1,1,3,1,14,3,3,1,1,0,0,0,0,5,E01015591,3,1,0.0,1.0,-1,3,30,1,1,1,15:10,6,1,9
2023440004423,2023,440004423,1,1,3,1,13,3,3,6,9,0,0,0,0,10,E01022793,-1,0,0.0701,0.9299,-1,6,30,1,1,1,14:50,4,1,19
2023451323388,2023,451323388,1,1,3,1,58,9,3,8,6,0,0,0,0,6,E01030736,3,1,0.0,1.0,-1,6,30,1,1,1,16:15,3,2,3
2023430346795,2023,430346795,1,1,1,1,33,6,3,0,0,0,0,0,1,6,E01016393,-1,0,0.05386,0.94614,-1,6,30,1,1,1,08:40,5,2,1
2023031337638,2023,031337638,1,1,1,2,42,7,2,0,0,0,0,0,9,1,E01019097,7,1,1.0,0.0,-1,6,30,1,1,2,16:35,4,2,9
2023070451137,2023,070451137,1,1,1,1,44,7,3,0,0,0,0,0,9,3,E01018552,-1,0,0.15137,0.84863,-1,6,60,1,1,1,21:24,6,2,9
2023131303726,2023,131303726,2,2,2,2,46,8,3,0,0,1,0,0,9,1,E01011473,3,1,0.0,1.0,-1,1,30,1,4,1,23:12,4,2,9
2023141331337,2023,141331337,2,1,1,1,32,6,3,0,0,0,0,0,9,4,E01005534,3,1,0.0,1.0,-1,1,70,2,1,2,16:40,1,2,9
2023201323126,2023,201323126,1,1,1,2,37,7,3,0,0,0,0,0,9,3,E01010099,3,1,0.0,1.0,-1,3,50,1,1,1,08:19,5,2,9
2023461374269,2023,461374269,1,1,2,2,53,8,2,0,0,1,0,0,9,5,E01024788,7,1,1.0,0.0,-1,6,60,2,1,2,12:55,7,1,9
2023010455285,2023,010455285,1,1,1,1,45,7,3,0,0,0,0,0,9,4,E01000608,-1,0,0.0,1.0,-1,6,30,8,1,1,18:08,5,1,9
2023041299957,2023,041299957,2,1,2,2,83,11,3,0,0,1,0,0,9,4,E01012712,3,1,0.0,1.0,-1,6,30,1,1,1,09:55,2,3,9
2023041316729,2023,041316729,2,1,1,2,66,10,2,0,0,0,0,0,9,4,E01025407,7,1,1.0,0.0,-1,6,30,1,7,1,20:08,1,2,9
2023361266591,2023,361266591,2,4,2,1,11,3,3,0,0,-1,0,0,9,-1,-1,3,1,0.0,1.0,-1,6,40,1,1,2,16:00,1,2,9
2023451274997,2023,451274997,2,2,2,2,45,7,3,0,0,1,0,0,9,9,E01028794,3,1,0.0,1.0,-1,6,40,1,6,2,19:00,6,2,9
2023451291806,2023,451291806,1,1,2,1,16,4,3,0,0,2,0,0,9,10,E01030416,3,1,0.0,1.0,-1,6,30,1,1,1,13:34,4,1,9
2023461349441,2023,461349441,1,1,1,1,31,6,3,0,0,0,0,0,3,5,E01024138,3,1,0.0,1.0,-1,6,30,1,4,1,21:42,2,3,3
2023010454591,2023,010454591,1,1,3,2,9,2,3,5,4,0,0,0,0,2,E01001560,-1,0,0.0,1.0,-1,2,30,1,1,1,15:01,3,1,9
2023401391348,2023,401391348,1,1,1,1,76,11,3,0,0,0,0,0,19,5,E01018179,3,1,0.0,1.0,-1,6,50,1,1,1,07:48,4,2,19
2023311328936,2023,311328936,2,2,1,2,53,8,2,0,0,0,0,0,9,7,E01028240,6,1,1.0,0.0,-1,6,50,1,1,1,07:06,5,2,9
2023351293995,2023,351293995,1,3,2,2,27,6,3,0,0,1,0,0,9,7,E01018011,3,1,0.0,1.0,-1,6,60,1,6,1,19:24,3,2,9
2023421322023,2023,421322023,1,1,1,1,20,4,3,0,0,0,0,0,9,-1,-1,3,1,0.0,1.0,-1,6,60,1,1,1,08:19,6,2,9
2023010458661,2023,010458661,1,1,1,1,43,7,3,0,0,0,0,0,1,3,E01002047,-1,0,0.0,1.0,-1,7,20,1,1,1,17:52,2,2,1
2023471300029,2023,471300029,2,1,1,2,55,8,2,0,0,0,0,0,1,9,E01016999,5,1,1.0,0.0,-1,6,30,1,1,2,07:28,2,2,1
2023991282910,2023,991282910,2,1,1,1,42,7,2,0,0,0,0,0,1,-1,-1,7,1,1.0,0.0,-1,6,60,1,6,2,21:30,6,2,1
2023440378131,2023,440378131,2,1,1,1,19,4,3,0,0,0,0,0,3,8,E01022591,-1,0,0.13966,0.86034,-1,6,30,1,1,1,10:15,7,2,3
2023231379771,2023,231379771,2,2,1,2,42,7,3,0,0,0,0,0,9,9,E01031220,3,1,0.0,1.0,-1,6,50,1,1,2,07:53,6,2,9
2023311382198,2023,311382198,2,2,1,2,46,8,3,0,0,0,0,0,9,10,E01028328,3,1,0.0,1.0,-1,6,30,1,7,1,16:50,6,2,9
2023010454994,2023,010454994,1,1,1,-1,25,5,3,0,0,0,0,0,3,5,E01000606,-1,0,0.0,1.0,-1,6,20,9,1,9,14:38,5,2,3
2023631349722,2023,631349722,1,1,1,1,58,9,2,0,0,0,0,0,5,6,W01000487,6,1,1.0,0.0,-1,6,50,1,1,1,13:30,4,3,5
2023122400022,2023,122400022,2,2,1,1,64,9,3,0,0,0,0,0,19,5,E01027796,-1,0,0.04074,0.95926,-1,6,60,1,6,2,06:42,3,2,19
2023451326724,2023,451326724,3,1,1,1,20,4,3,0,0,0,0,0,3,5,E01030459,3,1,0.0,1.0,-1,3,70,1,1,1,18:01,5,3,3
202360A049592,2023,60A049592,1,1,3,1,70,10,3,9,5,0,0,0,0,-1,-1,-1,0,0.22993,0.77007,-1,6,30,1,1,1,11:10,5,1,9
2023522300067,2023,522300067,1,1,1,1,26,6,3,0,0,0,0,0,1,3,E01014515,-1,0,0.03663,0.96337,-1,2,20,2,1,2,11:30,3,2,1
202360A153731,2023,60A153731,1,2,2,2,44,7,2,0,0,2,0,0,3,-1,-1,-1,0,1.0,0.0,-1,6,50,2,6,2,03:42,7,1,3
2023010429558,2023,010429558,1,1,1,2,40,7,3,0,0,0,0,0,3,2,E01032562,-1,0,0.0,1.0,-1,6,30,1,4,1,19:40,2,2,3
2023461284451,2023,461284451,1,1,3,2,-1,-1,3,10,9,0,0,0,0,9,E01024269,3,1,0.0,1.0,-1,6,30,9,1,-1,17:13,3,1,9
2023451299257,2023,451299257,1,1,3,1,8,2,2,5,9,0,0,0,0,6,E01030751,7,1,1.0,0.0,-1,6,30,1,1,1,15:50,1,1,9
2023471309789,2023,471309789,1,1,3,2,39,7,3,6,9,0,0,0,0,-1,-1,3,1,0.0,1.0,-1,6,30,1,1,1,18:30,1,1,9
2023131357813,2023,131357813,2,1,1,1,23,5,3,0,0,0,0,0,1,1,E01011346,3,1,0.0,1.0,-1,6,30,1,4,2,05:57,6,2,1
2023010422020,2023,010422020,1,1,1,-1,30,6,3,0,0,0,0,0,3,1,E01001978,-1,0,0.0,1.0,-1,9,30,9,1,9,12:30,3,2,3
2023201377317,2023,201377317,1,1,3,2,40,7,3,5,3,0,0,2,0,2,E01009029,3,1,0.0,1.0,-1,6,30,1,1,1,15:14,3,2,3
2023201338142,2023,201338142,2,1,1,1,28,6,2,0,0,0,0,0,1,3,E01008957,6,1,1.0,0.0,-1,6,30,1,1,1,12:57,6,2,1
2023421381736,2023,421381736,1,1,1,1,24,5,3,0,0,0,0,0,5,5,E01021494,3,1,0.0,1.0,-1,6,30,1,4,1,18:30,6,2,5
2023501305996,2023,501305996,1,1,2,1,22,5,3,0,0,1,0,0,9,1,E01015232,3,1,0.0,1.0,-1,6,30,1,4,1,23:40,4,1,9
2023010454005,2023,010454005,1,1,3,2,29,6,3,1,1,0,0,0,0,-1,-1,-1,0,0.0,1.0,-1,3,30,1,1,1,11:03,7,1,9
2023010465028,2023,010465028,1,1,3,2,81,11,3,4,3,0,0,0,0,9,E01024431,-1,0,0.0,1.0,-1,1,30,1,1,1,15:08,7,1,8
2023041378282,2023,041378282,1,1,3,1,65,9,2,9,8,0,0,0,0,3,E01025366,7,1,1.0,0.0,-1,6,30,1,4,1,21:55,5,1,19
2023211316613,2023,211316613,2,3,1,2,38,7,2,0,0,0,0,0,5,4,E01007354,6,1,1.0,0.0,-1,6,60,1,1,1,14:10,1,2,5
2023451332299,2023,451332299,2,1,1,1,53,8,3,0,0,0,0,0,9,9,E01030823,3,1,0.0,1.0,-1,6,40,1,1,2,18:45,7,2,9
2023531299146,2023,531299146,2,1,2,2,34,6,3,0,0,1,0,0,9,1,E01022329,3,1,0.0,1.0,-1,6,30,1,1,1,11:50,3,2,9
2023421299151,2023,421299151,1,1,1,1,21,5,3,0,0,0,0,0,9,9,E01021568,3,1,0.0,1.0,-1,6,60,1,6,1,23:16,5,1,9
2023501274523,2023,501274523,2,2,2,2,88,11,3,0,0,1,0,0,9,4,E01020002,3,1,0.0,1.0,-1,6,30,1,1,1,12:00,3,2,9
2023061284876,2023,061284876,2,1,2,2,30,6,3,0,0,1,0,0,9,6,E01005345,3,1,0.0,1.0,-1,6,30,1,1,1,13:20,7,2,9
2023101263581,2023,101263581,1,2,3,2,22,5,2,10,1,0,0,0,0,5,E01008293,7,1,1.0,0.0,-1,6,20,1,4,1,18:05,1,1,8
2023201363600,2023,201363600,2,1,1,1,41,7,3,0,0,0,0,0,1,-1,-1,3,1,0.0,1.0,-1,6,30,8,1,2,16:53,6,2,1
2023131289655,2023,131289655,2,1,1,1,26,6,2,0,0,0,0,0,4,4,E01011909,5,1,1.0,0.0,-1,6,30,2,4,2,20:30,3,2,4
2023061366438,2023,061366438,2,1,2,2,10,2,3,0,0,2,0,0,9,-1,-1,3,1,0.0,1.0,-1,6,30,1,1,1,16:18,2,2,9
2023461276368,2023,461276368,1,1,3,1,47,8,2,6,9,0,0,2,0,5,E01033087,5,1,1.0,0.0,-1,6,30,1,1,1,12:40,5,2,1
202363D023023,2023,63D023023,1,1,1,1,58,9,2,0,0,0,0,0,5,6,W01000628,-1,0,1.0,0.0,-1,1,30,1,1,1,13:35,7,2,5
2023010449960,2023,010449960,1,1,1,1,63,9,3,0,0,0,0,0,9,1,E01004285,-1,0,0.0,1.0,-1,6,20,1,1,1,07:10,1,2,9
2023320685272,2023,320685272,1,5,2,1,35,6,3,0,0,1,0,0,9,6,E01026380,-1,0,0.14315,0.85685,-1,6,60,2,6,2,21:20,7,1,9
2023010468140,2023,010468140,1,1,3,2,44,7,3,8,7,0,0,0,0,4,E01002103,-1,0,0.0,1.0,-1,6,20,1,1,1,08:47,2,1,9
2023311326305,2023,311326305,1,1,3,2,28,6,3,1,1,0,0,0,0,1,E01028268,3,1,0.0,1.0,-1,6,30,1,1,1,14:45,4,1,9
2023501319853,2023,501319853,1,1,1,1,32,6,2,0,0,0,0,0,1,8,E01020190,7,1,1.0,0.0,-1,6,60,1,1,1,11:35,3,1,1
2023010426346,2023,010426346,1,1,1,1,29,6,3,0,0,0,0,0,3,5,E01000615,-1,0,0.0,1.0,-1,9,20,9,1,1,16:22,4,2,3
2023010431257,2023,010431257,1,1,3,1,-1,-1,3,10,9,0,0,0,0,-1,-1,-1,0,0.0,1.0,-1,6,20,2,1,2,11:43,5,1,8
2023461377466,2023,461377466,1,1,3,2,47,8,3,6,7,0,0,0,0,8,E01024744,3,1,0.0,1.0,-1,6,60,1,1,1,14:20,6,1,19
2023170M10703,2023,170M10703,1,1,2,1,85,11,3,0,0,2,0,0,8,7,E01012007,-1,0,0.13054,0.86946,-1,6,30,1,4,1,23:52,6,1,8
2023221335592,2023,221335592,1,1,2,2,8,2,3,0,0,2,0,0,9,5,E01014004,3,1,0.0,1.0,-1,6,30,1,1,1,11:00,1,2,9
2023451285557,2023,451285557,1,1,1,1,42,7,3,0,0,0,0,0,19,5,E01030962,3,1,0.0,1.0,-1,6,40,1,1,2,16:15,6,3,19
2023991340988,2023,991340988,1,2,2,1,20,4,3,0,0,0,0,0,90,6,-1,3,1,0.0,1.0,-1,6,60,1,1,1,14:05,7,1,90
2023070984252,2023,070984252,1,1,3,1,4,1,2,5,1,0,0,0,0,4,E01033373,-1,0,1.0,0.0,-1,6,30,1,1,1,16:25,2,1,19
2023622300752,2023,622300752,2,3,2,2,19,4,3,0,0,0,0,0,5,5,W01000426,-1,0,0.0893,0.9107,-1,3,30,1,1,1,20:15,4,2,5
2023010447324,2023,010447324,1,1,1,1,56,9,3,0,0,0,0,0,1,8,E01001994,-1,0,0.0,1.0,-1,6,20,1,1,1,15:40,3,2,1
2023351353579,2023,351353579,1,1,1,1,35,6,3,0,0,0,0,0,19,5,E01010109,3,1,0.0,1.0,-1,3,70,1,1,1,15:47,5,2,19
2023010452120,2023,010452120,1,1,3,1,28,6,3,10,9,0,0,0,0,5,E01001866,-1,0,0.0,1.0,-1,7,20,1,4,1,22:00,4,1,9
2023010465193,2023,010465193,1,1,3,2,32,6,3,6,9,0,0,0,0,2,E01001754,-1,0,0.0,1.0,-1,3,20,1,1,1,19:21,1,1,9
2023161326285,2023,161326285,1,1,3,2,54,8,3,6,7,0,0,0,0,1,E01012783,3,1,0.0,1.0,-1,9,30,1,1,1,16:50,7,1,2
2023211370077,2023,211370077,1,1,1,1,33,6,2,0,0,0,0,0,3,8,E01018428,7,1,1.0,0.0,-1,6,60,1,1,1,17:00,5,2,3
2023141318306,2023,141318306,1,1,1,1,43,7,1,0,0,0,0,0,5,2,E01011759,1,1,0.0,0.0,-1,6,60,1,1,1,14:45,3,2,5
2023010447681,2023,010447681,1,1,3,2,30,6,3,8,3,0,0,0,0,8,E01004135,-1,0,0.0,1.0,-1,6,20,1,1,1,07:55,5,1,9
2023411331110,2023,411331110,1,1,3,2,14,3,3,5,3,0,0,0,0,6,E01023601,3,1,0.0,1.0,-1,6,30,1,1,1,17:50,4,1,9
2023010483678,2023,010483678,1,1,1,1,45,7,3,0,0,0,0,0,3,2,E01004010,-1,0,0.0,1.0,-1,6,30,2,4,2,02:11,2,2,3
2023311285497,2023,311285497,2,1,1,1,43,7,3,0,0,0,0,0,9,2,E01028334,3,1,0.0,1.0,-1,6,30,1,1,2,16:44,6,3,9
2023991275010,2023,991275010,1,1,1,2,18,4,3,0,0,0,0,0,9,5,-1,3,1,0.0,1.0,-1,6,60,8,4,2,23:04,6,1,9
2023122400173,2023,122400173,2,1,1,1,26,6,3,0,0,0,0,0,1,10,E01013413,-1,0,0.10806,0.89194,-1,6,30,1,4,2,18:20,2,2,1
2023430491028,2023,430491028,2,1,1,1,39,7,3,0,0,0,0,0,1,6,E01028581,-1,0,0.11453,0.88547,-1,1,20,1,1,1,07:18,4,2,1
2023010447956,2023,010447956,1,1,1,1,24,5,3,0,0,0,0,0,3,5,E01003340,-1,0,0.0,1.0,-1,6,20,8,1,1,08:50,6,2,3
2023041337894,2023,041337894,1,1,3,1,51,8,3,9,5,0,0,0,0,6,W01000400,3,1,0.0,1.0,-1,6,30,1,1,1,14:55,7,1,9
2023201409867,2023,201409867,1,1,3,2,32,6,2,4,3,0,0,0,0,4,E01009065,7,1,1.0,0.0,-1,6,30,1,4,1,20:20,3,1,9
2023461344170,2023,461344170,1,1,1,2,63,9,2,0,0,0,0,0,1,5,E01024206,5,1,1.0,0.0,-1,6,30,1,1,1,12:30,5,1,1
2023010484355,2023,010484355,1,1,1,1,35,6,3,0,0,0,0,0,2,7,E01000314,-1,0,0.0,1.0,-1,7,30,1,1,2,12:12,7,2,2
2023010481277,2023,010481277,1,1,3,1,13,3,2,5,3,0,0,0,0,2,E01001726,-1,0,1.0,0.0,-1,6,20,1,1,1,09:08,6,1,9
2023201278190,2023,201278190,2,1,1,2,52,8,3,0,0,0,0,0,9,6,E01010132,3,1,0.0,1.0,-1,6,20,1,1,1,15:02,6,3,9
2023201310807,2023,201310807,2,1,1,1,36,7,2,0,0,0,0,0,5,3,E01009795,7,1,1.0,0.0,-1,6,30,1,1,1,17:09,1,2,5
2023010446154,2023,010446154,1,1,1,1,60,9,3,0,0,0,0,0,8,3,E01001362,-1,0,0.0,1.0,-1,6,30,1,1,1,10:30,4,2,8
2023471366918,2023,471366918,2,1,1,1,31,6,3,0,0,0,0,0,1,4,E01031810,3,1,0.0,1.0,-1,6,30,2,4,2,20:00,3,2,1
202360A071200,2023,60A071200,1,1,1,1,56,9,3,0,0,0,0,0,5,-1,-1,-1,0,0.27971,0.72029,-1,6,60,1,1,1,16:09,7,1,5
2023361331597,2023,361331597,2,1,1,1,17,4,3,0,0,0,0,0,1,-1,-1,3,1,0.0,1.0,-1,6,30,1,1,1,18:55,6,2,1
2023010442359,2023,010442359,2,1,1,1,37,7,2,0,0,0,0,0,3,2,E01001249,-1,0,1.0,0.0,-1,3,20,1,1,2,11:50,5,2,3
2023010423076,2023,010423076,1,1,3,1,-1,-1,3,5,1,0,0,0,0,-1,-1,-1,0,0.0,1.0,-1,6,30,9,1,9,08:57,2,1,9
2023101346707,2023,101346707,1,1,3,1,57,9,2,1,3,0,0,0,0,5,E01008861,6,1,1.0,0.0,-1,6,20,1,4,2,00:29,1,1,9
2023010452956,2023,010452956,2,1,1,1,23,5,3,0,0,0,0,0,1,3,E01001394,-1,0,0.0,1.0,-1,3,30,1,1,2,14:26,2,2,1
2023101288881,2023,101288881,2,1,1,1,48,8,2,0,0,0,0,0,1,5,E01008306,7,1,1.0,0.0,-1,6,30,1,1,1,09:00,1,2,1
2023320126236,2023,320126236,2,1,1,1,40,7,3,0,0,0,0,0,1,7,E01026412,-1,0,0.08774,0.91226,-1,6,30,1,1,1,09:00,1,2,1