collision_index,collision_year,collision_ref_no,vehicle_reference,casualty_reference,casualty_class,sex_of_casualty,age_of_casualty,age_band_of_casualty,casualty_severity,pedestrian_location,pedestrian_movement,car_passenger,bus_or_coach_passenger,pedestrian_road_maintenance_worker,casualty_type,casualty_imd_decile,lsoa_of_casualty,enhanced_casualty_severity,casualty_injury_based,casualty_adjusted_severity_serious,casualty_adjusted_severity_slight,casualty_distance_banding,road_type,speed_limit,weather_conditions,light_conditions,road_surface_conditions,time,day_of_week,number_of_vehicles,vehicle_type
2023501367896,2023,501367896,1,1,1,2,23,5,3,0,0,0,0,0,4,9,E01015141,3,1,0.0,1.0,-1,6,30,1,1,2,14:24,6,2,4
2023430509879,2023,430509879,1,1,3,2,44,7,3,5,3,0,0,0,0,10,E01016282,-1,0,0.12075,0.87925,-1,6,30,1,1,2,09:43,2,1,9
2023622300969,2023,622300969,2,3,2,2,20,4,3,0,0,0,0,0,5,1,W01000991,-1,0,0.08512,0.91488,-1,6,30,1,1,1,13:15,7,2,5
2023401383183,2023,401383183,2,1,1,1,43,7,3,0,0,0,0,0,19,-1,-1,3,1,0.0,1.0,-1,6,30,7,1,4,14:52,7,3,19
2023201302694,2023,201302694,2,1,1,2,43,7,3,0,0,0,0,0,9,9,E01010398,3,1,0.0,1.0,-1,6,30,1,1,1,13:45,6,2,9
2023351293995,2023,351293995,2,2,1,2,20,4,3,0,0,0,0,0,9,6,E01029951,3,1,0.0,1.0,-1,6,60,1,6,1,19:24,3,2,9
2023461368635,2023,461368635,2,1,2,2,13,3,3,0,0,2,0,0,9,2,E01016061,3,1,0.0,1.0,-1,3,40,1,4,1,18:42,2,2,9
2023501334497,2023,501334497,1,1,1,2,68,10,3,0,0,0,0,0,9,6,E01018852,3,1,0.0,1.0,-1,6,60,1,1,1,17:35,5,3,9
2023461352336,2023,461352336,1,1,3,2,28,6,3,6,9,0,0,2,0,5,E01024651,3,1,0.0,1.0,-1,6,30,1,1,1,13:20,1,1,9
2023141311796,2023,141311796,1,1,1,1,18,4,2,0,0,0,0,0,3,3,E01019484,7,1,1.0,0.0,-1,6,30,1,1,1,11:45,6,2,3
2023991283306,2023,991283306,1,1,3,1,52,8,3,10,9,0,0,0,0,10,-1,3,1,0.0,1.0,-1,1,20,1,1,1,08:45,5,1,9
2023131261244,2023,131261244,1,1,3,2,59,9,2,6,9,0,0,-1,0,3,E01011615,5,1,1.0,0.0,-1,6,20,2,1,2,16:33,2,1,9
2023320534458,2023,320534458,2,1,1,1,60,9,3,0,0,0,0,0,5,5,E01027998,-1,0,0.22125,0.77875,-1,6,60,1,1,1,10:45,2,2,5
2023351337199,2023,351337199,2,1,1,2,28,6,3,0,0,0,0,0,9,4,E01033430,3,1,0.0,1.0,-1,6,30,1,1,1,09:25,5,2,9
2023201320780,2023,201320780,3,4,2,1,25,5,3,0,0,1,0,0,9,3,E01008977,3,1,0.0,1.0,-1,6,30,1,7,2,18:07,2,3,9
2023522400598,2023,522400598,1,1,1,1,35,6,3,0,0,0,0,0,9,8,E01014755,-1,0,0.03098,0.96902,-1,6,30,1,5,1,12:09,7,3,9
2023161340136,2023,161340136,2,3,2,1,45,7,2,0,0,1,0,0,9,4,E01012990,7,1,1.0,0.0,-1,6,60,1,1,1,16:48,4,2,9
2023371407177,2023,371407177,2,2,2,2,30,6,3,0,0,1,0,0,9,10,E01033319,3,1,0.0,1.0,-1,6,60,1,4,2,17:20,1,2,9
2023440020948,2023,440020948,2,2,2,2,46,8,3,0,0,1,0,0,9,6,E01022961,-1,0,0.07384,0.92616,-1,3,70,1,4,2,18:21,2,2,9
2023451298571,2023,451298571,2,2,1,2,30,6,2,0,0,0,0,0,9,7,E01030652,6,1,1.0,0.0,-1,6,30,8,1,1,14:45,4,2,9
2023461321416,2023,461321416,1,1,1,1,38,7,3,0,0,0,0,0,9,1,E01024666,3,1,0.0,1.0,-1,6,30,1,1,1,08:31,3,3,9
2023461348514,2023,461348514,2,2,1,1,38,7,3,0,0,0,0,0,9,2,E01024020,3,1,0.0,1.0,-1,6,30,1,1,1,13:10,3,2,9
2023471302609,2023,471302609,1,1,1,1,60,9,3,0,0,0,0,0,9,8,E01031518,3,1,0.0,1.0,-1,3,40,1,1,1,08:45,2,2,9
2023311387321,2023,311387321,1,8,2,2,8,2,3,0,0,0,4,0,11,-1,-1,3,1,0.0,1.0,-1,6,60,2,1,2,13:30,3,1,11
2023421364925,2023,421364925,2,2,1,2,24,5,3,0,0,0,0,0,9,4,E01015947,3,1,0.0,1.0,-1,6,50,8,4,2,04:55,6,2,9
2023461343739,2023,461343739,2,2,2,2,60,9,3,0,0,0,0,0,19,7,E01016089,3,1,0.0,1.0,-1,6,30,1,1,1,19:58,7,2,19
2023522300952,2023,522300952,2,2,2,2,20,4,3,0,0,0,0,0,-1,4,E01023261,-1,0,0.07769,0.92231,-1,6,20,1,1,1,19:11,7,2,-1
2023501273271,2023,501273271,2,1,1,1,58,9,2,0,0,0,0,0,1,6,E01015027,7,1,1.0,0.0,-1,6,30,9,1,1,16:30,6,3,1
2023520400410,2023,520400410,2,1,1,1,51,8,3,0,0,0,0,0,1,8,E01014672,-1,0,0.12075,0.87925,-1,6,30,1,1,1,15:49,2,2,1
2023411347223,2023,411347223,2,1,1,1,36,7,3,0,0,0,0,0,3,5,E01023533,3,1,0.0,1.0,-1,6,30,1,1,-1,10:13,2,2,3
2023421286866,2023,421286866,2,1,1,1,58,9,3,0,0,0,0,0,4,9,E01021943,3,1,0.0,1.0,-1,1,40,1,1,1,17:00,5,2,4
2023010445825,2023,010445825,1,1,1,1,48,8,3,0,0,0,0,0,8,4,E01024167,-1,0,0.0,1.0,-1,6,30,1,1,1,11:15,2,2,8
2023371310516,2023,371310516,2,1,2,2,15,3,3,0,0,2,0,0,8,-1,-1,3,1,0.0,1.0,-1,3,70,1,1,1,08:20,3,2,8
2023041383235,2023,041383235,1,1,1,2,20,4,3,0,0,0,0,0,9,10,E01025341,3,1,0.0,1.0,-1,6,60,1,1,4,09:34,4,1,9
2023451261746,2023,451261746,1,1,1,1,31,6,3,0,0,0,0,0,9,10,E01022885,3,1,0.0,1.0,-1,7,70,2,4,2,21:06,3,2,9
2023010466592,2023,010466592,1,1,3,1,27,6,3,10,9,0,0,0,0,3,E01004066,-1,0,0.0,1.0,-1,7,20,1,1,1,00:10,5,1,19
2023411274753,2023,411274753,2,1,1,1,39,7,3,0,0,0,0,0,3,7,E01023901,3,1,0.0,1.0,-1,6,30,1,1,1,13:30,7,2,3
2023061353209,2023,061353209,1,1,3,2,12,3,2,1,3,0,0,0,0,-1,-1,7,1,1.0,0.0,-1,3,30,1,1,1,17:35,4,1,9
2023122300181,2023,122300181,1,1,1,1,33,6,3,0,0,0,0,0,2,7,E01013428,-1,0,0.16423,0.83577,-1,6,30,1,4,1,22:50,6,2,2
2023421344257,2023,421344257,2,1,1,2,23,5,3,0,0,0,0,0,3,7,E01023658,3,1,0.0,1.0,-1,6,30,1,1,1,08:33,3,2,3
2023430057722,2023,430057722,1,1,1,2,39,7,2,0,0,0,0,0,3,10,E01030790,-1,0,1.0,0.0,-1,6,30,1,1,1,13:46,3,1,3
2023311294614,2023,311294614,2,1,1,1,27,6,3,0,0,0,0,0,5,6,E01028331,3,1,0.0,1.0,-1,6,30,1,1,1,14:48,6,2,5
2023010444844,2023,010444844,1,1,3,1,12,3,3,5,4,0,0,0,0,2,E01003313,-1,0,0.0,1.0,-1,3,30,1,1,1,16:22,4,1,9
2023010434387,2023,010434387,3,4,2,1,44,7,3,0,0,1,0,0,8,8,E01000412,-1,0,0.0,1.0,-1,6,20,1,4,1,04:37,2,3,8
2023101316827,2023,101316827,1,1,2,1,16,4,2,0,0,0,0,0,97,-1,-1,7,1,1.0,0.0,-1,6,30,1,1,1,14:30,5,2,97
2023010462261,2023,010462261,1,1,3,2,49,8,3,4,1,0,0,0,0,1,E01002038,-1,0,0.0,1.0,-1,6,20,1,4,1,21:44,5,1,9
2023010463306,2023,010463306,2,1,1,1,-1,-1,3,0,0,0,0,0,1,-1,-1,-1,0,0.0,1.0,-1,7,40,1,1,1,06:40,5,2,1
2023010477451,2023,010477451,1,1,1,1,34,6,3,0,0,0,0,0,1,2,E01004390,-1,0,0.0,1.0,-1,6,20,1,4,1,02:35,1,2,1
2023131280273,2023,131280273,2,1,1,2,9,2,3,0,0,0,0,0,1,5,E01010656,3,1,0.0,1.0,-1,6,30,1,4,1,17:42,6,2,1
2023340WN0202,2023,340WN0202,2,1,1,1,62,9,3,0,0,0,0,0,1,4,E01027187,-1,0,0.08198,0.91802,-1,6,30,1,1,1,08:44,6,2,1
2023010430194,2023,010430194,1,1,3,1,83,11,3,1,2,0,0,0,0,1,E01002673,-1,0,0.0,1.0,-1,2,30,1,1,1,10:10,6,1,19
2023302300883,2023,302300883,1,1,3,1,28,6,3,6,9,0,0,0,0,7,E01019537,-1,0,0.07339,0.92661,-1,6,30,1,4,1,23:16,2,1,11
2023991315688,2023,991315688,1,1,3,2,26,6,2,5,1,0,0,2,0,-1,-1,7,1,1.0,0.0,-1,6,20,1,1,1,17:40,2,1,9
2023311357777,2023,311357777,2,1,1,1,44,7,3,0,0,0,0,0,1,9,E01027992,3,1,0.0,1.0,-1,6,30,1,1,1,18:00,5,2,1
2023461334203,2023,461334203,1,1,3,1,62,9,3,9,9,0,0,0,0,7,E01024388,3,1,0.0,1.0,-1,6,30,1,1,1,10:30,4,1,19
2023991375493,2023,991375493,1,1,3,1,77,11,2,4,1,0,0,2,0,-1,-1,6,1,1.0,0.0,-1,6,20,1,1,1,12:30,3,1,9
2023430124904,2023,430124904,2,1,1,2,34,6,3,0,0,0,0,0,1,6,E01028579,-1,0,0.05018,0.94982,-1,6,20,2,4,2,21:15,2,2,1
2023061363533,2023,061363533,2,1,1,2,63,9,3,0,0,0,0,0,9,5,E01005254,3,1,0.0,1.0,-1,3,40,1,1,1,12:15,7,2,9
2023061375459,2023,061375459,1,1,2,2,23,5,2,0,0,1,0,0,9,1,E01005235,7,1,1.0,0.0,-1,6,30,1,4,2,22:14,4,2,9
2023351349960,2023,351349960,2,2,2,1,43,7,2,0,0,2,0,0,9,-1,-1,6,1,1.0,0.0,-1,3,50,1,1,1,12:37,2,2,9
2023371389361,2023,371389361,1,1,1,1,20,4,3,0,0,0,0,0,9,6,E01030220,3,1,0.0,1.0,-1,6,60,1,1,4,15:40,7,1,9
2023542823623,2023,542823623,1,1,1,1,55,8,3,0,0,0,0,0,9,9,E01031847,-1,0,0.05076,0.94924,-1,6,50,5,1,2,16:18,4,2,9
2023061271178,2023,061271178,33,3,2,1,43,7,3,0,0,1,0,0,9,5,E01025190,3,1,0.0,1.0,-1,7,70,1,4,2,23:30,4,2,9
2023440451697,2023,440451697,2,2,1,2,18,4,2,0,0,0,0,0,9,7,E01023271,-1,0,1.0,0.0,-1,6,40,2,4,2,20:12,7,2,9
2023991280004,2023,991280004,2,3,2,1,13,3,3,0,0,2,0,0,9,9,-1,3,1,0.0,1.0,-1,3,70,1,6,1,21:00,5,2,9
2023041317174,2023,041317174,2,3,1,1,40,7,3,0,0,0,0,0,9,2,E01025245,3,1,0.0,1.0,-1,3,40,1,1,1,17:53,7,2,9
2023101393609,2023,101393609,2,5,1,1,57,9,3,0,0,0,0,0,9,10,E01031104,3,1,0.0,1.0,-1,6,60,2,6,2,21:20,1,2,9
2023320309320,2023,320309320,1,1,2,2,16,4,3,0,0,1,0,0,9,2,E01026097,-1,0,0.04693,0.95307,-1,6,60,8,1,1,17:25,1,2,9
2023010486649,2023,010486649,3,2,2,2,38,7,3,0,0,1,0,0,9,10,E01023578,-1,0,0.0,1.0,-1,1,30,8,4,2,16:54,7,4,9
2023041350133,2023,041350133,2,1,1,1,24,5,3,0,0,0,0,0,9,1,E01025217,3,1,0.0,1.0,-1,6,30,1,4,1,23:45,3,2,9
2023451265028,2023,451265028,1,1,1,1,29,6,3,0,0,0,0,0,9,7,E01030402,3,1,0.0,1.0,-1,6,30,1,1,2,13:33,4,2,9
2023111372699,2023,111372699,1,1,1,1,29,6,3,0,0,0,0,0,90,1,E01020767,3,1,0.0,1.0,-1,6,40,1,4,1,17:05,5,2,90
2023010465020,2023,010465020,1,3,2,2,4,1,3,0,0,2,0,0,9,4,E01003343,-1,0,0.0,1.0,-1,3,20,1,1,1,16:30,7,2,9
2023010482223,2023,010482223,1,1,1,1,44,7,3,0,0,0,0,0,9,-1,-1,-1,0,0.0,1.0,-1,3,50,1,4,2,17:30,3,2,9
2023131361758,2023,131361758,4,1,1,2,50,8,3,0,0,0,0,0,9,1,E01010673,3,1,0.0,1.0,-1,9,30,1,1,1,15:13,4,4,9
2023010431837,2023,010431837,1,1,1,2,46,8,3,0,0,0,0,0,9,4,E01002059,-1,0,0.0,1.0,-1,6,20,1,1,1,14:10,1,2,9
2023311325926,2023,311325926,1,2,1,1,44,7,3,0,0,0,0,0,9,2,E01007592,3,1,0.0,1.0,-1,6,50,2,1,2,14:45,2,2,9
2023421292197,2023,421292197,3,1,1,1,42,7,3,0,0,0,0,0,9,5,E01021753,3,1,0.0,1.0,-1,6,60,1,1,1,15:47,5,3,9
2023451319733,2023,451319733,1,1,2,2,12,3,3,0,0,2,0,0,9,9,E01030929,3,1,0.0,1.0,-1,6,30,1,1,1,08:00,4,1,9
2023440367302,2023,440367302,2,5,2,2,28,6,3,0,0,1,0,0,9,2,E01009100,-1,0,0.04796,0.95204,-1,3,70,1,1,1,11:20,7,2,9
2023010456880,2023,010456880,1,1,1,1,39,7,3,0,0,0,0,0,9,3,E01001318,-1,0,0.0,1.0,-1,6,20,1,1,1,15:27,1,2,9
2023061270747,2023,061270747,2,1,1,1,35,6,3,0,0,0,0,0,9,7,E01005414,3,1,0.0,1.0,-1,6,30,1,1,1,09:54,3,2,9
2023201303833,2023,201303833,2,1,1,2,21,5,3,0,0,0,0,0,9,2,E01009263,3,1,0.0,1.0,-1,7,30,1,1,1,17:48,7,2,9
2023302301990,2023,302301990,2,1,2,2,42,7,3,0,0,2,0,0,9,-1,-1,-1,0,0.04592,0.95408,-1,6,40,1,4,2,18:57,7,2,9
2023371333570,2023,371333570,2,1,1,1,32,6,3,0,0,0,0,0,9,-1,-1,3,1,0.0,1.0,-1,6,30,9,7,1,21:50,3,2,9
2023531270563,2023,531270563,1,1,1,2,67,10,2,0,0,0,0,0,9,6,E01022341,7,1,1.0,0.0,-1,6,30,1,1,1,13:00,3,2,9
2023631352568,2023,631352568,1,3,1,1,85,11,1,0,0,0,0,0,9,4,W01001182,1,1,0.0,0.0,-1,6,60,1,1,1,12:55,5,2,9
2023421375805,2023,421375805,1,1,1,1,25,5,2,0,0,0,0,0,23,10,E01021548,7,1,1.0,0.0,-1,6,50,1,1,1,05:50,6,3,23
2023010474057,2023,010474057,1,1,1,1,40,7,3,0,0,0,0,0,2,2,E01003196,-1,0,0.0,1.0,-1,6,20,1,4,1,20:45,4,1,2
2023471368469,2023,471368469,2,1,1,1,68,10,3,0,0,0,0,0,1,3,E01031430,3,1,0.0,1.0,-1,1,30,1,1,1,08:47,3,2,1
2023522301459,2023,522301459,2,1,1,1,22,5,3,0,0,0,0,0,1,1,E01033348,-1,0,0.09006,0.90994,-1,2,20,1,1,1,17:14,6,2,1
2023552300562,2023,552300562,1,1,1,1,56,9,2,0,0,0,0,0,4,7,E01014423,-1,0,1.0,0.0,-1,6,50,1,1,1,16:47,7,2,4
2023010464416,2023,010464416,2,1,1,1,51,8,2,0,0,0,0,0,1,3,E01000577,-1,0,1.0,0.0,-1,6,30,1,1,1,15:16,4,2,1
2023010428117,2023,010428117,2,1,1,2,17,4,2,0,0,0,0,0,1,1,E01003246,-1,0,1.0,0.0,-1,6,20,1,4,1,22:18,1,2,1
2023010455901,2023,010455901,1,1,1,2,21,5,3,0,0,0,0,0,3,2,E01004011,-1,0,0.0,1.0,-1,9,20,1,1,1,13:29,3,2,3
2023041340738,2023,041340738,1,1,1,1,35,6,3,0,0,0,0,0,9,1,E01025592,3,1,0.0,1.0,-1,6,30,1,1,1,13:24,6,4,9
2023131285471,2023,131285471,2,1,1,1,56,9,3,0,0,0,0,0,9,9,E01011874,3,1,0.0,1.0,-1,3,70,1,1,2,13:45,6,2,9
2023622300763,2023,622300763,3,6,2,1,2,1,2,0,0,2,0,0,9,2,W01000976,-1,0,1.0,0.0,-1,6,60,1,1,1,18:18,4,5,9
2023201374220,2023,201374220,2,2,1,2,41,7,3,0,0,0,0,0,9,1,E01009311,3,1,0.0,1.0,-1,6,40,1,1,1,11:47,4,4,9
2023501339874,2023,501339874,3,1,1,1,30,6,3,0,0,0,0,0,19,4,E01018829,3,1,0.0,1.0,-1,6,20,1,1,1,10:00,4,4,19
2023401281303,2023,401281303,1,1,3,2,60,9,3,6,6,0,0,0,0,3,E01015752,3,1,0.0,1.0,-1,6,30,1,1,1,09:01,2,1,9
2023501374055,2023,501374055,1,1,3,1,13,3,3,9,1,0,0,-1,0,3,E01015195,3,1,0.0,1.0,-1,6,30,1,1,1,15:30,5,1,9
2023131277935,2023,131277935,2,1,1,2,58,9,3,0,0,0,0,0,9,2,E01011927,3,1,0.0,1.0,-1,1,30,1,1,1,16:47,7,2,9
2023231381980,2023,231381980,2,1,1,1,46,8,3,0,0,0,0,0,9,10,E01031278,3,1,0.0,1.0,-1,3,70,1,1,1,16:21,5,2,9
2023991360031,2023,991360031,2,2,2,2,80,11,2,0,0,1,0,0,9,5,-1,5,1,1.0,0.0,-1,6,60,1,1,1,14:28,1,2,9
2023522400216,2023,522400216,1,1,1,1,29,6,3,0,0,0,0,0,-1,3,E01014566,-1,0,0.0177,0.9823,-1,6,20,1,1,1,12:15,5,2,-1
2023041338257,2023,041338257,2,1,1,1,85,11,2,0,0,0,0,0,9,5,E01025053,6,1,1.0,0.0,-1,6,40,1,1,1,11:04,6,3,9
2023371337913,2023,371337913,1,1,1,1,52,8,2,0,0,0,0,0,9,8,E01030048,7,1,1.0,0.0,-1,6,60,1,1,1,10:50,7,2,9
2023332300615,2023,332300615,1,1,3,2,67,10,2,4,2,0,0,0,0,3,E01013713,-1,0,1.0,0.0,-1,3,40,1,1,1,18:13,4,1,9
2023170S21983,2023,170S21983,1,1,1,1,15,3,3,0,0,0,0,0,1,2,E01012216,-1,0,0.112,0.888,-1,6,30,1,4,1,20:30,2,2,1
2023010436260,2023,010436260,1,1,1,1,54,8,2,0,0,0,0,0,9,7,E01002182,-1,0,1.0,0.0,-1,6,20,1,1,1,16:42,5,4,9
2023520301397,2023,520301397,3,2,1,1,23,5,3,0,0,0,0,0,9,5,E01032089,-1,0,0.03557,0.96443,-1,6,60,1,1,1,18:52,6,3,9
2023231304451,2023,231304451,2,1,2,1,73,10,3,0,0,1,0,0,9,6,E01031282,3,1,0.0,1.0,-1,6,30,1,1,1,15:25,2,2,9
2023010425846,2023,010425846,2,2,1,1,51,8,3,0,0,0,0,0,19,3,E01004020,-1,0,0.0,1.0,-1,6,20,1,1,1,09:15,3,2,19
2023320510641,2023,320510641,1,1,1,1,16,4,3,0,0,0,0,0,4,5,E01026390,-1,0,0.20567,0.79433,-1,6,60,1,1,1,11:50,5,2,4
2023320290000,2023,320290000,1,1,3,2,19,4,3,6,9,0,0,0,0,8,E01015626,-1,0,0.05079,0.94921,-1,6,30,1,1,1,10:50,3,1,9
2023471309470,2023,471309470,1,1,3,2,18,4,3,9,5,0,0,2,0,5,E01031731,3,1,0.0,1.0,-1,6,30,9,4,1,22:15,5,1,9
2023201378538,2023,201378538,2,1,1,1,32,6,3,0,0,0,0,0,3,4,E01009089,3,1,0.0,1.0,-1,6,30,2,1,2,06:42,3,2,3
2023211329292,2023,211329292,1,1,1,1,62,9,2,0,0,0,0,0,4,4,E01014277,7,1,1.0,0.0,-1,6,30,2,1,2,08:25,6,1,4
2023010438533,2023,010438533,1,1,1,2,36,7,3,0,0,0,0,0,9,4,E01001704,-1,0,0.0,1.0,-1,6,30,1,4,1,22:20,5,3,9
2023010455435,2023,010455435,2,2,1,2,59,9,3,0,0,0,0,0,9,5,E01021741,-1,0,0.0,1.0,-1,3,70,1,1,1,13:08,7,2,9
2023070282111,2023,070282111,2,1,1,1,60,9,3,0,0,0,0,0,9,2,E01005548,-1,0,0.01934,0.98066,-1,6,50,1,1,1,13:15,2,2,9
2023211307956,2023,211307956,1,1,2,2,43,7,3,0,0,1,0,0,9,1,E01014305,3,1,0.0,1.0,-1,6,30,1,1,1,12:37,3,1,9
2023010433587,2023,010433587,1,1,1,1,52,8,3,0,0,0,0,0,1,10,E01000425,-1,0,0.0,1.0,-1,6,30,1,1,1,11:30,3,2,1
2023501376806,2023,501376806,2,1,1,1,59,9,3,0,0,0,0,0,1,6,E01015207,3,1,0.0,1.0,-1,9,30,1,1,1,14:20,2,2,1
2023041290617,2023,041290617,2,2,2,2,28,6,3,0,0,1,0,0,9,4,E01006332,3,1,0.0,1.0,-1,1,40,8,1,2,18:00,7,2,9
2023111322779,2023,111322779,2,1,1,2,50,8,3,0,0,0,0,0,9,4,E01020638,3,1,0.0,1.0,-1,1,30,1,1,1,12:45,1,2,9
2023351324390,2023,351324390,1,2,2,2,18,4,3,0,0,0,4,0,11,5,E01018187,3,1,0.0,1.0,-1,6,30,1,1,1,09:04,6,1,11
2023010485059,2023,010485059,2,5,2,2,25,5,3,0,0,0,0,0,19,3,E01004734,-1,0,0.0,1.0,-1,3,30,1,4,1,05:02,4,2,19
2023010486544,2023,010486544,2,2,2,2,42,7,3,0,0,1,0,0,9,4,E01015734,-1,0,0.0,1.0,-1,6,20,1,4,1,18:39,6,4,9
2023041371001,2023,041371001,1,1,2,2,19,4,2,0,0,2,0,0,9,4,E01025011,7,1,1.0,0.0,-1,6,60,2,6,2,23:44,1,1,9
2023221284839,2023,221284839,2,2,1,1,55,8,3,0,0,0,0,0,9,4,E01014136,3,1,0.0,1.0,-1,6,50,1,1,1,07:35,3,2,9
2023361300452,2023,361300452,1,2,1,2,28,6,3,0,0,0,0,0,9,10,E01020062,3,1,0.0,1.0,-1,6,60,1,1,1,17:01,7,2,9
2023461375457,2023,461375457,1,1,1,1,16,4,3,0,0,0,0,0,9,1,E01024676,3,1,0.0,1.0,-1,3,70,2,1,2,15:33,5,1,9
2023552301062,2023,552301062,2,1,1,1,-1,-1,3,0,0,0,0,0,9,2,E01015367,-1,0,0.01202,0.98798,-1,7,40,1,1,1,17:36,6,3,9
2023131295889,2023,131295889,2,1,2,2,30,6,3,0,0,0,0,0,19,2,E01009304,3,1,0.0,1.0,-1,6,30,2,1,2,16:20,3,2,19
2023010439212,2023,010439212,2,1,2,1,52,8,3,0,0,0,0,0,90,1,E01003047,-1,0,0.0,1.0,-1,6,30,2,1,2,18:45,2,2,90
2023101351910,2023,101351910,1,1,1,1,53,8,3,0,0,0,0,0,9,10,E01027494,3,1,0.0,1.0,-1,6,60,8,6,2,22:35,3,1,9
2023201288491,2023,201288491,2,1,1,2,21,5,3,0,0,0,0,0,9,1,E01032887,3,1,0.0,1.0,-1,6,30,1,1,1,11:58,5,2,9
2023421374817,2023,421374817,3,2,1,2,59,9,3,0,0,0,0,0,9,4,E01021496,3,1,0.0,1.0,-1,6,30,1,1,1,09:20,4,3,9
2023041389165,2023,041389165,1,1,1,2,31,6,3,0,0,0,0,0,9,6,E01025351,3,1,0.0,1.0,-1,6,50,1,1,1,10:19,5,2,9
2023451302564,2023,451302564,1,1,1,2,34,6,3,0,0,0,0,0,9,8,E01030422,3,1,0.0,1.0,-1,6,30,1,6,1,22:00,1,1,9
2023471273800,2023,471273800,2,1,1,1,43,7,3,0,0,0,0,0,9,9,E01031496,3,1,0.0,1.0,-1,6,60,1,1,1,10:45,4,2,9
2023041313559,2023,041313559,1,1,1,2,24,5,3,0,0,0,0,0,9,2,E01024951,3,1,0.0,1.0,-1,3,60,1,4,1,21:50,4,2,9
2023320773907,2023,320773907,2,3,2,1,56,9,3,0,0,1,0,0,9,9,E01013797,-1,0,0.1049,0.8951,-1,6,60,1,1,1,13:05,1,2,9
2023991262196,2023,991262196,2,2,1,1,25,5,3,0,0,0,0,0,9,1,-1,3,1,0.0,1.0,-1,6,40,2,4,2,17:46,4,2,9
2023440408645,2023,440408645,2,1,1,2,62,9,2,0,0,0,0,0,9,4,E01022810,-1,0,1.0,0.0,-1,6,30,1,1,1,12:44,6,2,9
2023320211375,2023,320211375,1,1,1,1,78,11,3,0,0,0,0,0,1,3,E01026012,-1,0,0.23164,0.76836,-1,6,50,1,1,1,10:30,7,2,1
2023010446998,2023,010446998,1,1,3,1,6,2,2,5,2,0,0,0,0,4,E01000134,-1,0,1.0,0.0,-1,6,30,1,1,1,19:29,1,1,9
2023471352199,2023,471352199,2,1,1,1,17,4,3,0,0,0,0,0,-1,8,E01031491,3,1,0.0,1.0,-1,6,30,1,1,1,10:10,4,2,-1
2023211362301,2023,211362301,1,1,1,2,23,5,3,0,0,0,0,0,9,3,E01029812,3,1,0.0,1.0,-1,6,60,2,6,2,20:38,4,1,9
2023221339460,2023,221339460,2,1,1,1,69,10,3,0,0,0,0,0,9,10,E01027270,3,1,0.0,1.0,-1,6,60,1,1,2,18:20,3,2,9
2023501298152,2023,501298152,1,5,2,1,18,4,1,0,0,1,0,0,9,1,E01018767,1,1,0.0,0.0,-1,6,50,1,6,1,23:30,3,2,9
2023520000185,2023,520000185,1,1,1,1,20,4,3,0,0,0,0,0,9,2,E01014608,-1,0,0.04969,0.95031,-1,6,60,4,6,2,19:25,5,1,9
2023010419665,2023,010419665,2,3,2,1,31,6,3,0,0,0,0,0,19,4,E01004142,-1,0,0.0,1.0,-1,6,30,1,1,1,15:00,4,2,19
2023010432988,2023,010432988,2,2,2,2,47,8,3,0,0,1,0,0,9,-1,-1,-1,0,0.0,1.0,-1,6,30,2,4,2,02:05,1,2,9
2023010479181,2023,010479181,2,3,2,2,12,3,3,0,0,1,0,0,9,3,E01000111,-1,0,0.0,1.0,-1,6,30,1,4,1,20:20,2,3,9
2023481361893,2023,481361893,2,1,1,1,45,7,3,0,0,0,0,0,1,-1,-1,3,1,0.0,1.0,-1,6,20,1,1,1,18:55,5,2,1
2023052301096,2023,052301096,2,1,1,1,43,7,3,0,0,0,0,0,9,-1,-1,-1,0,0.04497,0.95503,-1,3,30,1,4,1,22:50,2,2,9
2023421269983,2023,421269983,1,1,1,2,52,8,2,0,0,0,0,0,9,-1,-1,6,1,1.0,0.0,-1,3,30,1,1,1,15:39,2,1,9
2023010439889,2023,010439889,1,1,1,1,44,7,3,0,0,0,0,0,19,-1,-1,-1,0,0.0,1.0,-1,3,20,2,1,2,06:07,5,2,19
2023520400060,2023,520400060,1,1,1,1,33,6,3,0,0,0,0,0,97,3,E01020139,-1,0,0.03395,0.96605,-1,6,40,9,1,2,15:35,6,2,97
2023421280978,2023,421280978,3,1,1,1,17,4,3,0,0,0,0,0,3,6,E01021769,3,1,0.0,1.0,-1,6,30,2,1,2,10:10,4,3,3
2023010421600,2023,010421600,1,1,1,2,19,4,3,0,0,0,0,0,5,4,E01000612,-1,0,0.0,1.0,-1,6,20,1,4,1,01:40,7,3,5
2023101319416,2023,101319416,2,2,2,2,74,10,3,0,0,0,0,0,90,5,E01027436,3,1,0.0,1.0,-1,6,60,1,1,1,14:50,6,2,90
2023131375488,2023,131375488,1,1,3,2,71,10,3,8,7,0,0,1,0,8,E01011514,3,1,0.0,1.0,-1,9,40,1,4,2,17:01,5,1,9
2023461354810,2023,461354810,2,1,1,1,36,7,3,0,0,0,0,0,9,1,E01024257,3,1,0.0,1.0,-1,6,30,1,7,2,05:16,2,2,9