collision_index,collision_year,collision_ref_no,vehicle_reference,casualty_reference,casualty_class,sex_of_casualty,age_of_casualty,age_band_of_casualty,casualty_severity,pedestrian_location,pedestrian_movement,car_passenger,bus_or_coach_passenger,pedestrian_road_maintenance_worker,casualty_type,casualty_imd_decile,lsoa_of_casualty,enhanced_casualty_severity,casualty_injury_based,casualty_adjusted_severity_serious,casualty_adjusted_severity_slight,casualty_distance_banding,road_type,speed_limit,weather_conditions,light_conditions,road_surface_conditions,time,day_of_week,number_of_vehicles,vehicle_type
2023430314268,2023,430314268,2,1,2,1,26,6,3,0,0,1,0,0,9,10,E01028734,-1,0,0.00291,0.99709,-1,3,40,1,1,1,11:00,7,2,9
2023131341322,2023,131341322,2,2,2,2,56,9,2,0,0,2,0,0,9,5,E01010783,6,1,1.0,0.0,-1,6,40,2,1,2,12:52,1,2,9
2023461371793,2023,461371793,1,1,1,1,22,5,2,0,0,0,0,0,9,8,E01024362,5,1,1.0,0.0,-1,6,40,1,6,1,17:52,2,2,9
2023122300843,2023,122300843,2,1,1,1,29,6,3,0,0,0,0,0,1,6,E01027871,-1,0,0.1062,0.8938,-1,6,40,1,1,1,17:09,6,2,1
2023141321101,2023,141321101,2,1,2,2,68,10,3,0,0,0,0,0,3,3,E01007488,3,1,0.0,1.0,-1,6,60,1,1,1,13:48,4,2,3
2023231289707,2023,231289707,2,1,1,1,27,6,3,0,0,0,0,0,5,7,E01025825,3,1,0.0,1.0,-1,6,50,1,1,2,08:00,3,2,5
2023501391213,2023,501391213,1,1,3,1,51,8,2,9,8,0,0,0,0,5,E01018864,7,1,1.0,0.0,-1,6,60,4,6,2,18:44,5,1,9
2023421356210,2023,421356210,1,1,1,1,52,8,2,0,0,0,0,0,19,9,E01021681,6,1,1.0,0.0,-1,3,70,1,1,1,16:15,2,2,19
2023070916010,2023,070916010,1,1,3,1,72,10,2,9,8,0,0,0,0,9,E01007284,-1,0,1.0,0.0,-1,2,20,1,1,-1,14:40,5,1,9
2023010424778,2023,010424778,1,1,1,2,30,6,3,0,0,0,0,0,9,2,E01001509,-1,0,0.0,1.0,-1,6,20,1,4,1,17:40,3,2,9
2023170M10863,2023,170M10863,2,2,1,1,21,5,3,0,0,0,0,0,9,1,E01012085,-1,0,0.03643,0.96357,-1,6,30,1,1,1,10:18,6,2,9
2023361338526,2023,361338526,2,3,2,2,53,8,3,0,0,1,0,0,9,6,E01026479,3,1,0.0,1.0,-1,6,60,2,1,2,19:00,7,2,9
2023552300674,2023,552300674,2,1,1,2,81,11,3,0,0,0,0,0,9,3,E01015306,-1,0,0.02747,0.97253,-1,6,30,2,1,2,10:03,7,2,9
202363A009023,2023,63A009023,1,1,1,1,26,6,3,0,0,0,0,0,9,10,W01001733,-1,0,0.10076,0.89924,-1,6,40,1,1,1,15:05,7,2,9
2023010426808,2023,010426808,1,1,2,2,41,7,3,0,0,2,0,0,9,8,E01015003,-1,0,0.0,1.0,-1,6,30,1,4,1,19:15,1,2,9
2023531267211,2023,531267211,2,1,1,1,26,6,3,0,0,0,0,0,1,4,E01022102,3,1,0.0,1.0,-1,6,20,8,1,1,12:02,2,2,1
2023161316776,2023,161316776,1,1,3,1,58,9,2,8,8,0,0,2,0,2,E01013195,7,1,1.0,0.0,-1,6,30,9,1,1,08:40,3,1,9
2023070613312,2023,070613312,2,1,1,1,57,9,2,0,0,0,0,0,1,8,E01012485,-1,0,1.0,0.0,-1,6,30,1,1,1,10:06,7,2,1
2023010439350,2023,010439350,1,2,2,-1,-1,-1,3,0,0,1,0,0,9,9,E01002025,-1,0,0.0,1.0,-1,6,20,1,1,1,11:54,2,2,9
2023131366194,2023,131366194,2,1,1,2,49,8,3,0,0,0,0,0,9,2,E01011105,3,1,0.0,1.0,-1,3,40,7,4,1,17:25,2,2,9
2023201289807,2023,201289807,1,1,2,1,15,3,3,0,0,1,0,0,9,1,E01010288,3,1,0.0,1.0,-1,6,30,1,1,1,09:45,5,2,9
2023332300272,2023,332300272,1,1,2,1,19,4,3,0,0,1,0,0,9,3,E01025703,-1,0,0.02596,0.97404,-1,6,30,1,4,1,22:20,7,2,9
2023332300833,2023,332300833,1,1,1,2,41,7,3,0,0,0,0,0,9,8,E01025862,-1,0,0.01413,0.98587,-1,6,30,1,1,1,10:17,3,2,9
2023991335403,2023,991335403,1,1,1,1,22,5,3,0,0,0,0,0,3,3,-1,3,1,0.0,1.0,-1,7,30,2,4,2,23:25,7,1,3
2023440007713,2023,440007713,1,2,2,2,16,4,3,0,0,1,0,0,9,-1,-1,-1,0,0.00714,0.99286,-1,1,40,1,7,1,16:20,6,2,9
2023520301832,2023,520301832,1,2,2,1,20,4,3,0,0,1,0,0,9,10,E01029128,-1,0,0.07716,0.92284,-1,6,20,1,6,1,00:45,5,1,9
2023052302391,2023,052302391,2,1,1,2,41,7,3,0,0,0,0,0,1,4,E01033756,-1,0,0.09131,0.90869,-1,6,30,1,1,1,14:00,6,2,1
2023522400201,2023,522400201,1,1,1,1,24,5,3,0,0,0,0,0,1,1,E01014688,-1,0,0.05083,0.94917,-1,6,30,1,1,1,06:20,2,2,1
2023131332324,2023,131332324,1,1,1,1,45,7,3,0,0,0,0,0,9,1,E01011346,3,1,0.0,1.0,-1,3,40,2,4,2,00:38,1,3,9
2023991283547,2023,991283547,1,1,1,1,34,6,3,0,0,0,0,0,9,4,-1,3,1,0.0,1.0,-1,6,50,1,1,1,07:15,2,2,9
2023010438373,2023,010438373,2,1,1,2,-1,-1,3,0,0,0,0,0,1,-1,-1,-1,0,0.0,1.0,-1,9,30,9,1,9,10:10,3,2,1
2023010473396,2023,010473396,2,1,1,1,53,8,3,0,0,0,0,0,4,3,E01002932,-1,0,0.0,1.0,-1,3,30,1,1,1,09:40,1,2,4
2023201279220,2023,201279220,2,1,1,1,26,6,3,0,0,0,0,0,9,2,E01010535,3,1,0.0,1.0,-1,6,20,1,1,1,15:25,5,2,9
2023320778676,2023,320778676,1,1,2,2,19,4,3,0,0,1,0,0,9,4,E01026044,-1,0,0.03048,0.96952,-1,6,30,1,1,2,14:35,3,2,9
2023361266591,2023,361266591,2,5,2,2,9,2,3,0,0,-1,0,0,9,-1,-1,3,1,0.0,1.0,-1,6,40,1,1,2,16:00,1,2,9
2023552301407,2023,552301407,1,1,1,2,42,7,3,0,0,0,0,0,9,2,E01015379,-1,0,0.01282,0.98718,-1,3,30,2,1,2,08:24,5,2,9
2023991288235,2023,991288235,2,2,2,1,14,3,3,0,0,2,0,0,9,1,-1,3,1,0.0,1.0,-1,6,30,2,1,2,17:30,7,2,9
2023332301087,2023,332301087,1,1,1,1,25,5,3,0,0,0,0,0,1,3,E01013765,-1,0,0.03483,0.96517,-1,6,30,1,4,1,21:00,1,2,1
2023041337822,2023,041337822,1,1,1,2,86,11,3,0,0,0,0,0,9,4,E01025001,3,1,0.0,1.0,-1,6,20,8,1,1,10:49,5,1,9
2023430041867,2023,430041867,1,1,1,1,51,8,3,0,0,0,0,0,9,5,E01017900,-1,0,0.15939,0.84061,-1,6,60,1,1,2,14:38,7,1,9
2023430098332,2023,430098332,2,1,1,2,30,6,3,0,0,0,0,0,9,9,E01028601,-1,0,0.01132,0.98868,-1,6,30,1,1,1,13:03,7,2,9
2023544670023,2023,544670023,2,1,1,1,55,8,3,0,0,0,0,0,9,10,E01032080,-1,0,0.0099,0.9901,-1,6,30,1,1,1,09:06,5,2,9
2023161348475,2023,161348475,1,1,2,1,60,9,3,0,0,0,3,0,11,-1,-1,3,1,0.0,1.0,-1,6,30,9,1,1,07:20,7,1,11
2023131344420,2023,131344420,2,3,2,2,55,8,3,0,0,1,0,0,9,9,E01011568,3,1,0.0,1.0,-1,3,30,1,1,1,14:08,3,3,9
2023351339685,2023,351339685,2,1,1,1,46,8,3,0,0,0,0,0,9,9,E01015598,3,1,0.0,1.0,-1,3,40,1,1,-1,08:50,3,2,9
2023610004523,2023,610004523,1,5,2,1,18,4,3,0,0,2,0,0,9,2,W01001488,-1,0,0.02142,0.97858,-1,6,30,2,4,2,17:20,6,2,9
2023201278312,2023,201278312,1,1,3,2,2,1,2,1,1,0,0,0,0,2,E01008892,7,1,1.0,0.0,-1,6,30,1,1,1,15:39,5,1,9
2023211290550,2023,211290550,1,1,3,1,59,9,2,1,1,0,0,0,0,-1,-1,7,1,1.0,0.0,-1,2,30,1,4,1,23:30,7,1,9
2023010438209,2023,010438209,1,1,1,2,34,6,3,0,0,0,0,0,1,3,E01003976,-1,0,0.0,1.0,-1,6,20,1,1,1,09:45,3,2,1
2023010449663,2023,010449663,2,1,1,1,32,6,3,0,0,0,0,0,1,4,E01001756,-1,0,0.0,1.0,-1,6,20,1,1,1,13:36,7,2,1
2023471299141,2023,471299141,2,2,1,1,31,6,3,0,0,0,0,0,9,9,E01031489,3,1,0.0,1.0,-1,6,30,1,1,1,17:05,5,2,9
2023010431949,2023,010431949,1,1,1,1,31,6,3,0,0,0,0,0,1,4,E01003178,-1,0,0.0,1.0,-1,1,20,1,1,2,13:05,1,2,1
2023131290678,2023,131290678,1,1,1,1,39,7,3,0,0,0,0,0,9,1,E01011850,3,1,0.0,1.0,-1,3,70,1,1,1,18:42,1,2,9
2023411365066,2023,411365066,1,1,1,1,55,8,3,0,0,0,0,0,9,4,E01023447,3,1,0.0,1.0,-1,6,60,2,6,2,06:32,5,1,9
2023421293003,2023,421293003,2,1,2,2,76,11,3,0,0,1,0,0,9,9,E01024107,3,1,0.0,1.0,-1,3,70,1,1,1,17:42,1,2,9
2023010445962,2023,010445962,1,1,3,2,32,6,2,5,1,0,0,0,0,4,E01002899,-1,0,1.0,0.0,-1,6,20,1,1,1,09:56,3,1,19
2023010455311,2023,010455311,2,1,2,2,-1,-1,3,0,0,2,0,0,8,4,E01001165,-1,0,0.0,1.0,-1,6,20,2,1,2,19:20,6,2,8
2023010432551,2023,010432551,1,3,2,-1,-1,-1,3,0,0,2,0,0,9,5,E01000564,-1,0,0.0,1.0,-1,3,30,1,1,1,03:56,4,2,9
2023340WN2052,2023,340WN2052,1,1,1,1,36,7,3,0,0,0,0,0,9,3,E01025829,-1,0,0.07155,0.92845,-1,3,70,1,6,1,05:30,3,2,9
2023522301632,2023,522301632,2,2,2,2,59,9,3,0,0,1,0,0,9,6,E01018151,-1,0,0.03454,0.96546,-1,7,70,1,1,1,22:01,7,2,9
2023320205885,2023,320205885,2,1,1,2,30,6,3,0,0,0,0,0,19,3,E01026983,-1,0,0.01772,0.98228,-1,6,60,9,1,1,08:40,4,2,19
2023991379165,2023,991379165,2,1,1,1,54,8,3,0,0,0,0,0,1,4,-1,3,1,0.0,1.0,-1,6,20,2,4,2,16:00,1,2,1
2023010435490,2023,010435490,1,1,1,1,35,6,3,0,0,0,0,0,3,2,E01000012,-1,0,0.0,1.0,-1,6,30,1,1,1,11:40,1,2,3
2023010477615,2023,010477615,1,1,1,1,30,6,3,0,0,0,0,0,3,4,E01000561,-1,0,0.0,1.0,-1,3,40,2,6,9,01:38,2,2,3
2023440511418,2023,440511418,2,1,1,1,47,8,3,0,0,0,0,0,19,10,E01022972,-1,0,0.02338,0.97662,-1,6,40,1,1,2,09:43,6,2,19
2023141287366,2023,141287366,1,1,1,2,36,7,3,0,0,0,0,0,9,-1,-1,3,1,0.0,1.0,-1,6,60,1,1,1,07:45,5,2,9
2023161316982,2023,161316982,2,1,2,2,29,6,3,0,0,1,0,0,9,9,E01012955,3,1,0.0,1.0,-1,6,30,1,1,1,19:47,6,2,9
2023361354222,2023,361354222,2,2,2,2,63,9,3,0,0,1,0,0,9,8,E01026840,3,1,0.0,1.0,-1,6,30,8,1,2,14:07,3,2,9
2023440241048,2023,440241048,1,1,1,1,19,4,3,0,0,0,0,0,9,8,E01022566,-1,0,0.01052,0.98948,-1,6,30,1,1,1,12:11,7,2,9
2023451282878,2023,451282878,1,1,1,1,70,10,3,0,0,0,0,0,9,8,E01004168,3,1,0.0,1.0,-1,6,40,1,1,1,15:05,6,2,9
2023451381117,2023,451381117,1,1,1,1,42,7,2,0,0,0,0,0,9,3,E01015285,6,1,1.0,0.0,-1,3,70,1,6,2,21:10,5,2,9
2023471356679,2023,471356679,1,1,2,1,21,5,3,0,0,1,0,0,9,8,E01021215,3,1,0.0,1.0,-1,6,60,1,6,1,20:00,3,1,9
2023991284020,2023,991284020,1,1,2,2,27,6,2,0,0,2,0,0,9,2,-1,7,1,1.0,0.0,-1,6,60,1,1,1,10:07,3,1,9
2023061266975,2023,061266975,1,1,3,1,20,4,2,4,2,0,0,0,0,-1,-1,7,1,1.0,0.0,-1,6,30,1,1,2,13:10,5,1,3
2023010425960,2023,010425960,1,1,1,1,31,6,3,0,0,0,0,0,3,2,E01003093,-1,0,0.0,1.0,-1,6,20,8,1,2,11:15,3,2,3
2023161293615,2023,161293615,1,2,2,2,63,9,3,0,0,1,0,0,9,6,E01013276,3,1,0.0,1.0,-1,6,60,1,1,1,12:45,7,2,9
2023622300654,2023,622300654,1,2,2,2,22,5,3,0,0,1,0,0,9,2,W01000994,-1,0,0.03744,0.96256,-1,6,40,2,1,2,14:47,3,1,9
2023111265517,2023,111265517,1,1,3,1,70,10,3,5,1,0,0,0,0,5,E01020604,3,1,0.0,1.0,-1,6,30,1,1,1,12:29,5,1,9
2023061337797,2023,061337797,2,2,1,2,27,6,3,0,0,0,0,0,9,1,E01005132,3,1,0.0,1.0,-1,6,30,1,1,1,09:15,6,2,9
2023201377892,2023,201377892,1,1,1,2,51,8,3,0,0,0,0,0,9,1,E01010064,3,1,0.0,1.0,-1,6,20,1,1,1,16:45,4,2,9
2023471357147,2023,471357147,2,1,1,1,34,6,3,0,0,0,0,0,9,1,E01020972,3,1,0.0,1.0,-1,6,30,9,1,-1,18:10,4,3,9
2023141285697,2023,141285697,2,1,1,2,49,8,3,0,0,0,0,0,9,1,E01007542,3,1,0.0,1.0,-1,6,30,1,7,1,18:00,4,2,9
2023522400022,2023,522400022,1,1,1,2,38,7,3,0,0,0,0,0,9,1,E01032518,-1,0,0.00248,0.99752,-1,6,20,1,1,1,17:30,3,2,9
2023311389049,2023,311389049,1,1,2,2,85,11,3,0,0,0,1,0,11,-1,-1,3,1,0.0,1.0,-1,3,30,1,1,1,17:10,6,1,11
2023010432619,2023,010432619,1,1,1,1,33,6,3,0,0,0,0,0,9,2,E01004295,-1,0,0.0,1.0,-1,2,20,1,4,2,19:00,4,2,9
2023231369204,2023,231369204,1,1,2,1,9,2,3,0,0,2,0,0,9,3,E01019008,3,1,0.0,1.0,-1,6,30,1,1,1,12:05,5,2,9
2023461313879,2023,461313879,1,1,1,1,79,11,2,0,0,0,0,0,9,5,E01024025,7,1,1.0,0.0,-1,6,40,1,1,1,18:56,7,2,9
2023041273571,2023,041273571,1,1,1,1,30,6,3,0,0,0,0,0,9,2,E01025152,3,1,0.0,1.0,-1,6,20,1,4,1,22:32,3,2,9
2023211284299,2023,211284299,1,1,1,2,46,8,3,0,0,0,0,0,9,6,E01029622,3,1,0.0,1.0,-1,6,30,1,4,2,19:53,6,2,9
2023501285623,2023,501285623,1,3,2,2,18,4,2,0,0,1,0,0,9,1,E01015146,7,1,1.0,0.0,-1,3,70,1,6,2,19:24,3,5,9
2023010450345,2023,010450345,1,1,3,2,29,6,3,6,9,0,0,0,0,-1,-1,-1,0,0.0,1.0,-1,2,20,1,1,1,15:45,3,1,9
2023461344130,2023,461344130,2,1,1,1,36,7,2,0,0,0,0,0,-1,2,E01024476,7,1,1.0,0.0,-1,6,30,1,1,1,12:57,6,3,-1
2023440260527,2023,440260527,1,1,1,1,35,6,3,0,0,0,0,0,19,5,E01022543,-1,0,0.08953,0.91047,-1,6,60,1,1,1,18:27,5,2,19
2023141316920,2023,141316920,1,1,3,2,11,3,3,5,9,0,0,0,0,5,E01007361,3,1,0.0,1.0,-1,6,30,1,1,1,17:25,6,1,9
2023070524849,2023,070524849,1,1,1,1,61,9,2,0,0,0,0,0,3,1,E01007204,-1,0,1.0,0.0,-1,3,60,1,1,1,14:57,6,1,3
2023141359063,2023,141359063,2,1,1,1,65,9,3,0,0,0,0,0,9,5,E01008144,3,1,0.0,1.0,-1,6,30,8,1,2,14:15,1,2,9
2023461296138,2023,461296138,1,3,2,1,0,1,3,0,0,2,0,0,9,4,E01024387,3,1,0.0,1.0,-1,3,70,2,1,2,16:08,6,2,9
2023520300829,2023,520300829,2,1,1,1,38,7,3,0,0,0,0,0,9,4,E01014450,-1,0,0.03916,0.96084,-1,6,60,1,1,1,15:20,6,2,9
2023010474316,2023,010474316,1,1,3,2,39,7,2,1,1,0,0,0,0,2,E01003932,-1,0,1.0,0.0,-1,6,20,2,1,2,07:45,6,1,1
2023991365569,2023,991365569,1,1,3,2,36,7,3,6,9,0,0,0,0,1,-1,3,1,0.0,1.0,-1,9,20,1,1,1,12:20,3,1,1
2023010486473,2023,010486473,2,1,1,1,23,5,2,0,0,0,0,0,4,2,E01004211,-1,0,1.0,0.0,-1,6,20,9,7,9,23:50,4,2,4
2023010448232,2023,010448232,4,2,2,2,5,1,3,0,0,1,0,0,9,1,E01004250,-1,0,0.0,1.0,-1,3,40,1,1,1,19:30,7,5,9
2023131325037,2023,131325037,2,2,2,2,68,10,3,0,0,1,0,0,9,2,E01010806,3,1,0.0,1.0,-1,6,30,1,1,1,19:30,7,2,9
2023332301211,2023,332301211,3,2,2,1,41,7,3,0,0,1,0,0,9,2,E01013695,-1,0,0.00477,0.99523,-1,6,30,8,1,4,08:55,4,3,9
2023340WN6592,2023,340WN6592,2,1,1,1,56,9,3,0,0,0,0,0,9,8,E01027181,-1,0,0.094,0.906,-1,6,50,1,1,1,12:05,6,2,9
2023471340306,2023,471340306,2,1,1,2,27,6,3,0,0,0,0,0,9,5,E01031524,3,1,0.0,1.0,-1,6,30,1,1,1,17:05,2,2,9
2023010483277,2023,010483277,1,3,2,1,64,9,3,0,0,0,3,0,11,4,E01033081,-1,0,0.0,1.0,-1,6,20,4,4,1,22:11,1,1,11
2023161285454,2023,161285454,1,1,1,1,17,4,3,0,0,0,0,0,1,2,E01013283,3,1,0.0,1.0,-1,6,30,1,4,1,21:00,5,2,1
2023440064927,2023,440064927,1,1,1,1,55,8,3,0,0,0,0,0,1,8,E01022703,-1,0,0.13456,0.86544,-1,6,30,1,1,1,07:50,5,2,1
2023461338048,2023,461338048,1,1,1,1,28,6,3,0,0,0,0,0,3,9,E01024814,3,1,0.0,1.0,-1,3,30,1,1,2,18:20,2,1,3
2023501341995,2023,501341995,1,1,1,1,63,9,2,0,0,0,0,0,5,7,E01029275,7,1,1.0,0.0,-1,6,60,1,1,1,15:15,3,1,5
2023010453831,2023,010453831,3,2,1,1,41,7,3,0,0,0,0,0,9,7,E01001537,-1,0,0.0,1.0,-1,6,20,1,1,1,16:36,6,3,9
2023010476463,2023,010476463,1,1,1,-1,27,6,3,0,0,0,0,0,9,3,E01004575,-1,0,0.0,1.0,-1,6,30,1,1,1,12:03,3,1,9
2023122300617,2023,122300617,4,10,2,2,6,2,3,0,0,2,0,0,9,6,E01008154,-1,0,0.01201,0.98799,-1,6,50,2,1,2,18:00,6,4,9
2023340NN0592,2023,340NN0592,2,1,1,2,31,6,3,0,0,0,0,0,9,5,E01026970,-1,0,0.0172,0.9828,-1,6,60,1,4,1,17:25,2,2,9
2023430420878,2023,430420878,1,1,1,1,30,6,3,0,0,0,0,0,3,4,E01017905,-1,0,0.03825,0.96175,-1,6,30,1,1,1,08:36,3,2,3
2023131358702,2023,131358702,2,2,2,2,26,6,3,0,0,1,0,0,9,1,E01010966,3,1,0.0,1.0,-1,6,30,2,5,2,22:17,2,2,9
2023311274425,2023,311274425,2,1,1,2,48,8,3,0,0,0,0,0,9,-1,-1,3,1,0.0,1.0,-1,6,60,1,1,1,09:00,5,2,9
2023332300053,2023,332300053,2,1,1,1,48,8,3,0,0,0,0,0,9,8,E01031182,-1,0,0.01887,0.98113,-1,6,60,8,1,2,15:24,5,2,9
2023522400859,2023,522400859,2,1,1,1,24,5,3,0,0,0,0,0,3,4,E01032673,-1,0,0.09815,0.90185,-1,6,30,5,4,2,18:10,4,2,3
2023010471459,2023,010471459,1,1,2,1,54,8,3,0,0,1,0,0,9,5,E01001859,-1,0,0.0,1.0,-1,2,20,2,4,2,22:45,4,4,9
2023141359030,2023,141359030,1,2,1,1,29,6,2,0,0,0,0,0,9,7,E01007683,7,1,1.0,0.0,-1,6,50,2,1,2,13:34,3,2,9
2023221326657,2023,221326657,2,1,1,1,31,6,2,0,0,0,0,0,9,2,E01014143,7,1,1.0,0.0,-1,7,40,1,1,1,08:00,5,2,9
2023421337650,2023,421337650,2,1,2,2,37,7,3,0,0,1,0,0,9,7,E01021627,3,1,0.0,1.0,-1,6,60,1,1,2,18:47,4,2,9
2023041378164,2023,041378164,1,1,3,1,20,4,2,9,7,0,0,0,0,2,E01006912,7,1,1.0,0.0,-1,6,40,1,1,1,14:15,7,1,9
2023131283064,2023,131283064,1,1,3,2,66,10,2,5,3,0,0,2,0,2,E01011232,7,1,1.0,0.0,-1,6,30,1,1,1,11:23,7,1,9
2023461296377,2023,461296377,1,1,3,1,51,8,3,1,1,0,0,2,0,3,E01024279,3,1,0.0,1.0,-1,3,30,1,1,1,10:36,5,1,11
2023010436057,2023,010436057,2,1,1,1,27,6,2,0,0,0,0,0,1,1,E01002854,-1,0,1.0,0.0,-1,2,30,2,1,2,17:50,4,2,1
2023320141133,2023,320141133,1,1,1,2,23,5,3,0,0,0,0,0,4,7,E01026319,-1,0,0.15988,0.84012,-1,6,30,1,1,1,13:50,3,3,4
2023141362790,2023,141362790,1,2,2,2,23,5,3,0,0,1,0,0,9,3,E01007777,3,1,0.0,1.0,-1,6,60,2,4,2,19:30,6,2,9
2023311310160,2023,311310160,1,1,1,2,42,7,2,0,0,0,0,0,9,1,E01028263,7,1,1.0,0.0,-1,6,30,1,4,1,22:20,1,2,9
2023430524515,2023,430524515,1,1,3,1,82,11,1,5,3,0,0,0,0,6,E01017826,-1,0,0.0,0.0,-1,6,30,1,6,2,18:57,3,1,9
2023131308491,2023,131308491,3,2,1,1,12,3,3,0,0,0,0,0,1,1,E01010612,3,1,0.0,1.0,-1,6,30,1,1,1,08:00,4,3,1
2023351370282,2023,351370282,1,1,1,2,34,6,2,0,0,0,0,0,1,4,E01017953,7,1,1.0,0.0,-1,6,30,2,1,2,09:00,5,2,1
2023010419711,2023,010419711,1,2,2,-1,-1,-1,3,0,0,1,0,0,9,2,E01003593,-1,0,0.0,1.0,-1,7,30,9,4,1,07:40,4,2,9
2023141350483,2023,141350483,1,1,1,1,31,6,2,0,0,0,0,0,9,8,E01007594,7,1,1.0,0.0,-1,3,30,1,1,1,15:00,6,2,9
2023201292437,2023,201292437,1,1,1,1,41,7,3,0,0,0,0,0,9,2,E01009233,3,1,0.0,1.0,-1,3,30,1,1,1,15:24,2,2,9
2023461390746,2023,461390746,1,1,1,1,26,6,2,0,0,0,0,0,9,2,E01024277,6,1,1.0,0.0,-1,6,30,2,4,2,00:43,7,2,9
2023161277752,2023,161277752,1,1,3,1,7,2,2,8,2,0,0,2,0,1,E01012879,5,1,1.0,0.0,-1,6,30,1,1,1,12:48,4,1,9
2023991352073,2023,991352073,2,7,2,2,20,4,3,0,0,2,0,0,9,1,-1,3,1,0.0,1.0,-1,6,30,1,1,1,19:20,3,2,9
2023610013423,2023,610013423,1,1,3,1,66,10,1,6,9,0,0,0,0,7,W01001377,-1,0,0.0,0.0,-1,6,30,1,1,1,17:16,3,2,9
2023531277649,2023,531277649,2,1,1,1,17,4,2,0,0,0,0,0,3,9,E01022278,7,1,1.0,0.0,-1,6,30,1,1,1,14:23,6,2,3
2023010431164,2023,010431164,1,1,3,2,10,2,3,5,9,0,0,0,0,4,E01001182,-1,0,0.0,1.0,-1,6,20,1,1,1,08:53,5,1,9
2023131292896,2023,131292896,2,1,1,2,29,6,3,0,0,0,0,0,1,1,E01011430,3,1,0.0,1.0,-1,1,30,1,1,1,08:41,1,2,1
2023461331823,2023,461331823,1,1,1,1,29,6,3,0,0,0,0,0,1,2,E01024093,3,1,0.0,1.0,-1,6,30,1,1,1,18:55,5,1,1
2023170S10843,2023,170S10843,1,1,1,2,35,6,2,0,0,0,0,0,9,5,E01012364,-1,0,1.0,0.0,-1,3,70,1,1,1,08:21,3,2,9
2023501324250,2023,501324250,1,1,1,1,53,8,3,0,0,0,0,0,9,3,E01020118,3,1,0.0,1.0,-1,6,30,1,1,1,18:00,5,1,9
2023010472654,2023,010472654,1,1,3,2,33,6,3,1,9,0,0,0,0,4,E01001150,-1,0,0.0,1.0,-1,6,20,1,1,1,16:17,3,1,9
2023052302402,2023,052302402,2,1,1,1,13,3,2,0,0,0,0,0,1,5,E01006473,-1,0,1.0,0.0,-1,6,20,1,4,1,21:00,6,2,1
2023131300869,2023,131300869,1,1,1,1,8,2,2,0,0,0,0,0,1,1,E01011850,7,1,1.0,0.0,-1,6,30,1,1,1,17:05,3,2,1
2023421282463,2023,421282463,1,1,3,1,17,4,3,1,1,0,0,0,0,8,E01021544,3,1,0.0,1.0,-1,6,30,1,1,1,15:52,4,1,9
2023520301511,2023,520301511,1,1,1,1,56,9,3,0,0,0,0,0,1,4,E01029309,-1,0,0.0475,0.9525,-1,6,30,1,1,1,10:10,5,2,1
2023041321323,2023,041321323,2,1,2,1,40,7,3,0,0,1,0,0,9,1,E01010453,3,1,0.0,1.0,-1,1,40,1,1,1,11:25,4,3,9
2023122301015,2023,122301015,2,1,1,1,61,9,3,0,0,0,0,0,9,6,E01007835,-1,0,0.02471,0.97529,-1,6,60,1,1,1,10:00,7,3,9
2023340WN5232,2023,340WN5232,2,3,1,1,38,7,3,0,0,0,0,0,9,8,E01007678,-1,0,0.06511,0.93489,-1,3,70,1,6,1,01:35,1,2,9
2023010434508,2023,010434508,1,1,3,2,23,5,3,6,9,0,0,1,0,2,E01033146,-1,0,0.0,1.0,-1,2,30,1,1,1,14:55,2,1,19
2023161264666,2023,161264666,1,1,1,1,45,7,2,0,0,0,0,0,9,8,E01013269,6,1,1.0,0.0,-1,6,30,1,4,4,00:45,4,1,9
2023531288333,2023,531288333,2,1,1,2,56,9,3,0,0,0,0,0,9,2,E01014042,3,1,0.0,1.0,-1,6,40,1,1,1,11:50,1,2,9
2023548400923,2023,548400923,1,4,2,2,16,4,3,0,0,2,0,0,9,6,E01032074,-1,0,0.10216,0.89784,-1,6,60,1,6,1,20:44,4,1,9
2023010461894,2023,010461894,2,1,1,1,20,4,3,0,0,0,0,0,1,8,E01004195,-1,0,0.0,1.0,-1,6,20,1,1,1,18:00,3,2,1
2023302301296,2023,302301296,2,1,1,2,25,5,2,0,0,0,0,0,1,9,E01019518,-1,0,1.0,0.0,-1,6,30,1,1,1,13:30,6,2,1
2023010424622,2023,010424622,1,1,2,2,47,8,3,0,0,1,0,0,9,5,E01016566,-1,0,0.0,1.0,-1,3,40,9,7,1,15:30,3,2,9
2023010465663,2023,010465663,1,1,1,2,43,7,3,0,0,0,0,0,9,3,E01003073,-1,0,0.0,1.0,-1,6,20,8,1,1,16:00,2,2,9
2023451371834,2023,451371834,1,1,1,1,26,6,3,0,0,0,0,0,9,8,E01030860,3,1,0.0,1.0,-1,6,30,1,4,1,19:35,3,1,9
2023010486300,2023,010486300,2,1,1,1,26,6,3,0,0,0,0,0,2,3,E01003524,-1,0,0.0,1.0,-1,9,30,9,4,9,20:30,3,2,2
2023161366019,2023,161366019,1,1,1,2,34,6,3,0,0,0,0,0,9,1,E01012879,3,1,0.0,1.0,-1,6,20,7,1,2,09:25,2,2,9