collision_index,collision_year,collision_ref_no,vehicle_reference,casualty_reference,casualty_class,sex_of_casualty,age_of_casualty,age_band_of_casualty,casualty_severity,pedestrian_location,pedestrian_movement,car_passenger,bus_or_coach_passenger,pedestrian_road_maintenance_worker,casualty_type,casualty_imd_decile,lsoa_of_casualty,enhanced_casualty_severity,casualty_injury_based,casualty_adjusted_severity_serious,casualty_adjusted_severity_slight,casualty_distance_banding,road_type,speed_limit,weather_conditions,light_conditions,road_surface_conditions,time,day_of_week,number_of_vehicles,vehicle_type
2023161315641,2023,161315641,1,1,1,2,49,8,3,0,0,0,0,0,9,8,E01013326,3,1,0.0,1.0,-1,6,30,1,1,1,13:30,3,2,9
2023320048210,2023,320048210,2,1,2,2,67,10,3,0,0,1,0,0,9,6,E01026020,-1,0,0.10885,0.89115,-1,6,60,1,1,2,14:05,3,3,9
2023070476173,2023,070476173,2,2,1,1,38,7,3,0,0,0,0,0,9,10,E01018491,-1,0,0.03764,0.96236,-1,3,40,1,1,1,10:21,7,2,9
2023010427782,2023,010427782,2,4,2,2,22,5,3,0,0,1,0,0,9,2,E01003983,-1,0,0.0,1.0,-1,3,50,1,4,1,21:35,6,3,9
2023070226619,2023,070226619,2,3,2,1,1,1,3,0,0,2,0,0,9,-1,-1,-1,0,0.00459,0.99541,-1,6,30,2,1,2,12:05,6,2,9
2023161318699,2023,161318699,1,1,1,2,28,6,3,0,0,0,0,0,1,2,E01012871,3,1,0.0,1.0,-1,6,30,1,1,1,15:54,3,2,1
2023141368114,2023,141368114,1,2,1,1,21,5,2,0,0,0,0,0,9,-1,-1,7,1,1.0,0.0,-1,6,30,1,1,2,06:45,1,1,9
2023010454567,2023,010454567,1,1,3,2,28,6,2,5,4,0,0,0,0,3,E01001769,-1,0,1.0,0.0,-1,6,20,1,1,1,11:00,3,1,3
2023141314287,2023,141314287,2,1,1,1,44,7,2,0,0,0,0,0,3,2,E01007745,7,1,1.0,0.0,-1,6,40,1,1,1,15:54,6,2,3
2023991288244,2023,991288244,1,1,3,2,12,3,2,5,4,0,0,0,0,-1,-1,7,1,1.0,0.0,-1,6,30,2,1,2,16:15,7,1,9
2023332300402,2023,332300402,1,1,1,1,32,6,2,0,0,0,0,0,3,3,E01013613,-1,0,1.0,0.0,-1,6,30,1,4,1,22:52,7,2,3
2023411278912,2023,411278912,1,1,1,1,38,7,3,0,0,0,0,0,8,4,E01001518,3,1,0.0,1.0,-1,3,40,1,4,1,01:52,5,1,8
2023421349147,2023,421349147,2,1,1,2,34,6,3,0,0,0,0,0,9,7,E01021361,3,1,0.0,1.0,-1,6,30,1,1,1,15:55,2,2,9
2023440154906,2023,440154906,1,1,1,2,33,6,3,0,0,0,0,0,9,5,E01017354,-1,0,0.02686,0.97314,-1,6,60,1,1,1,16:55,5,2,9
2023440484243,2023,440484243,2,1,2,2,24,5,3,0,0,1,0,0,9,4,E01017297,-1,0,0.03384,0.96616,-1,6,30,2,4,2,19:00,1,2,9
2023010472033,2023,010472033,1,1,3,1,38,7,2,9,7,0,0,0,0,5,E01032295,-1,0,1.0,0.0,-1,2,20,1,4,1,04:30,1,2,8
2023061382884,2023,061382884,1,1,1,1,62,9,3,0,0,0,0,0,19,-1,-1,3,1,0.0,1.0,-1,6,30,1,1,2,12:40,3,3,19
2023552300421,2023,552300421,1,1,1,1,43,7,3,0,0,0,0,0,19,6,E01029156,-1,0,0.09885,0.90115,-1,6,60,1,1,2,11:25,7,1,19
2023061326212,2023,061326212,2,1,1,2,26,6,3,0,0,0,0,0,1,6,E01005083,3,1,0.0,1.0,-1,6,30,1,1,1,18:00,4,2,1
2023231379544,2023,231379544,1,1,3,2,45,7,3,5,3,0,0,0,0,4,E01031030,3,1,0.0,1.0,-1,6,30,5,1,2,08:49,2,1,9
2023131347718,2023,131347718,1,1,3,1,5,1,3,6,7,0,0,2,0,2,E01011282,3,1,0.0,1.0,-1,6,30,1,1,1,17:01,6,1,9
2023332300455,2023,332300455,2,1,1,1,18,4,3,0,0,0,0,0,1,-1,-1,-1,0,0.03641,0.96359,-1,6,30,1,1,1,13:45,7,2,1
2023231270175,2023,231270175,2,1,1,1,36,7,2,0,0,0,0,0,3,5,E01009582,7,1,1.0,0.0,-1,6,30,1,4,1,17:59,2,2,3
2023061282668,2023,061282668,2,1,1,2,30,6,3,0,0,0,0,0,9,2,E01004817,3,1,0.0,1.0,-1,6,30,1,1,1,05:45,3,2,9
2023010474670,2023,010474670,1,1,2,1,39,7,3,0,0,0,3,0,11,1,E01001957,-1,0,0.0,1.0,-1,3,30,1,1,1,07:53,1,1,11
2023010481885,2023,010481885,1,1,2,2,64,9,3,0,0,0,3,0,11,1,E01000601,-1,0,0.0,1.0,-1,6,30,1,1,1,10:15,2,1,11
2023461347377,2023,461347377,1,1,1,1,29,6,2,0,0,0,0,0,9,-1,-1,5,1,1.0,0.0,-1,6,60,1,6,1,21:40,5,2,9
2023501392226,2023,501392226,1,2,1,1,37,7,3,0,0,0,0,0,9,4,E01019049,3,1,0.0,1.0,-1,6,60,1,1,2,12:17,3,2,9
2023031309370,2023,031309370,1,1,2,2,47,8,3,0,0,0,0,0,3,8,E01024913,3,1,0.0,1.0,-1,6,30,1,1,1,15:10,6,1,3
2023010429326,2023,010429326,1,1,1,1,28,6,3,0,0,0,0,0,4,5,E01000631,-1,0,0.0,1.0,-1,6,30,1,4,1,07:57,1,2,4
2023201279071,2023,201279071,1,1,1,1,74,10,3,0,0,0,0,0,19,5,E01029852,3,1,0.0,1.0,-1,1,40,1,1,1,12:45,2,2,19
2023141270836,2023,141270836,1,1,1,2,72,10,3,0,0,0,0,0,9,-1,-1,3,1,0.0,1.0,-1,3,30,1,4,2,00:20,1,2,9
2023141391279,2023,141391279,2,2,1,2,80,11,2,0,0,0,0,0,9,3,E01008148,6,1,1.0,0.0,-1,6,30,1,5,2,23:15,6,2,9
2023302300530,2023,302300530,2,1,1,1,45,7,3,0,0,0,0,0,9,5,E01027822,-1,0,0.06205,0.93795,-1,3,70,1,1,1,16:08,3,2,9
2023070994793,2023,070994793,2,1,1,2,58,9,3,0,0,0,0,0,1,10,E01018346,-1,0,0.02939,0.97061,-1,6,30,2,1,2,16:30,4,2,1
2023421282140,2023,421282140,1,2,1,2,38,7,3,0,0,0,0,0,9,7,E01022097,3,1,0.0,1.0,-1,6,60,1,1,2,06:34,5,3,9
2023430098794,2023,430098794,2,1,1,2,52,8,2,0,0,0,0,0,9,9,E01028749,-1,0,1.0,0.0,-1,6,60,1,6,1,19:11,7,2,9
2023430485729,2023,430485729,1,1,1,1,24,5,3,0,0,0,0,0,9,6,E01016248,-1,0,0.12418,0.87582,-1,3,70,2,4,2,23:44,7,1,9
2023461351194,2023,461351194,2,1,1,1,68,10,3,0,0,0,0,0,9,2,E01024374,3,1,0.0,1.0,-1,6,30,1,1,1,20:09,2,2,9
2023471337063,2023,471337063,2,1,1,2,22,5,3,0,0,0,0,0,9,8,E01021170,3,1,0.0,1.0,-1,6,60,1,1,1,07:45,3,2,9
2023542169523,2023,542169523,2,1,1,1,29,6,3,0,0,0,0,0,9,6,E01032010,-1,0,0.02334,0.97666,-1,6,60,1,1,1,16:14,2,2,9
2023010442617,2023,010442617,1,1,3,2,23,5,3,5,1,0,0,0,0,3,E01033583,-1,0,0.0,1.0,-1,9,20,1,1,1,16:40,5,1,1
2023520001006,2023,520001006,1,1,3,1,19,4,3,4,3,0,0,0,0,5,E01014432,-1,0,0.08491,0.91509,-1,6,20,1,1,2,09:24,2,1,19
2023430555423,2023,430555423,2,1,1,1,15,3,3,0,0,0,0,0,1,6,E01028551,-1,0,0.03133,0.96867,-1,6,20,1,1,1,08:35,2,2,1
2023461316695,2023,461316695,1,1,1,1,49,8,3,0,0,0,0,0,5,7,E01024437,3,1,0.0,1.0,-1,3,60,1,1,1,12:51,5,3,5
2023302300399,2023,302300399,1,1,3,-1,-1,-1,3,5,1,0,0,0,0,5,E01019456,-1,0,0.04815,0.95185,-1,6,30,3,1,2,16:15,4,1,9
202360A051416,2023,60A051416,1,1,3,2,11,3,3,5,2,0,0,0,0,-1,-1,-1,0,0.1754,0.8246,-1,6,30,1,1,1,14:20,1,1,9
2023430154384,2023,430154384,1,1,1,1,17,4,3,0,0,0,0,0,2,5,E01028787,-1,0,0.21611,0.78389,-1,6,60,1,6,1,21:50,7,2,2
2023622300273,2023,622300273,1,1,3,1,10,2,2,5,2,0,0,0,0,4,W01001272,-1,0,1.0,0.0,-1,6,30,2,1,2,15:27,3,1,9
2023471316115,2023,471316115,1,1,3,1,38,7,2,10,2,0,0,2,0,4,E01020916,7,1,1.0,0.0,-1,6,30,1,4,1,22:29,4,1,9
2023141375624,2023,141375624,1,1,1,1,10,2,3,0,0,0,0,0,1,1,E01007506,3,1,0.0,1.0,-1,6,30,1,1,1,15:20,4,2,1
2023320414666,2023,320414666,1,1,1,2,24,5,2,0,0,0,0,0,3,3,E01026123,-1,0,1.0,0.0,-1,6,60,1,1,1,20:09,4,1,3
2023991342464,2023,991342464,1,1,1,1,28,6,3,0,0,0,0,0,4,10,-1,3,1,0.0,1.0,-1,6,50,1,1,1,17:00,4,2,4
2023231327939,2023,231327939,2,1,1,2,72,10,3,0,0,0,0,0,9,4,E01031073,3,1,0.0,1.0,-1,6,30,2,1,2,14:49,5,2,9
2023451332938,2023,451332938,2,1,1,2,56,9,3,0,0,0,0,0,9,10,E01030883,3,1,0.0,1.0,-1,6,30,1,1,1,17:50,1,2,9
2023221296847,2023,221296847,1,4,2,2,20,4,2,0,0,2,0,0,9,8,W01000485,7,1,1.0,0.0,-1,6,60,1,1,2,19:15,6,2,9
2023351352779,2023,351352779,1,1,2,1,43,7,3,0,0,-1,0,0,9,2,E01017948,3,1,0.0,1.0,-1,7,60,1,1,1,08:45,4,1,9
2023201401060,2023,201401060,1,1,3,1,5,1,3,5,1,0,0,0,0,2,E01010449,3,1,0.0,1.0,-1,6,30,1,1,1,12:33,6,1,-1
2023430523789,2023,430523789,1,1,1,1,30,6,3,0,0,0,0,0,1,-1,-1,-1,0,0.06462,0.93538,-1,6,30,1,1,1,08:25,3,2,1
2023451391115,2023,451391115,1,1,1,1,25,5,3,0,0,0,0,0,3,8,E01030474,3,1,0.0,1.0,-1,6,30,2,1,2,07:20,5,2,3
2023010468360,2023,010468360,2,1,1,2,64,9,3,0,0,0,0,0,22,6,E01003958,-1,0,0.0,1.0,-1,6,20,1,1,9,09:45,2,2,22
2023131264196,2023,131264196,1,1,1,1,19,4,3,0,0,0,0,0,3,10,E01011213,3,1,0.0,1.0,-1,6,30,1,1,4,08:25,3,1,3
2023061354154,2023,061354154,1,1,3,2,21,5,3,5,1,0,0,0,0,6,E01027039,3,1,0.0,1.0,-1,6,30,1,5,2,17:22,3,1,9
2023010442268,2023,010442268,1,1,1,2,38,7,3,0,0,0,0,0,9,1,E01003488,-1,0,0.0,1.0,-1,6,30,2,1,1,13:25,7,2,9
2023231396667,2023,231396667,1,1,2,2,34,6,3,0,0,1,0,0,9,5,E01019883,3,1,0.0,1.0,-1,3,70,2,1,5,08:45,4,1,9
2023430008196,2023,430008196,1,1,1,2,46,8,3,0,0,0,0,0,9,9,E01016283,-1,0,0.00377,0.99623,-1,1,40,1,1,2,09:29,6,2,9
2023440072469,2023,440072469,1,1,1,1,49,8,3,0,0,0,0,0,9,9,E01022493,-1,0,0.13102,0.86898,-1,6,50,1,1,1,15:17,3,1,9
2023010471325,2023,010471325,1,1,2,2,64,9,3,0,0,0,3,0,11,3,E01001370,-1,0,0.0,1.0,-1,6,20,1,1,1,10:40,4,1,11
2023010466847,2023,010466847,1,1,1,1,27,6,3,0,0,0,0,0,9,4,E01003739,-1,0,0.0,1.0,-1,9,30,1,1,1,17:17,2,2,9
2023201423268,2023,201423268,1,1,1,2,36,7,3,0,0,0,0,0,9,1,E01010473,3,1,0.0,1.0,-1,6,30,1,1,1,14:45,3,2,9
2023010433430,2023,010433430,1,1,1,2,32,6,3,0,0,0,0,0,9,4,E01001296,-1,0,0.0,1.0,-1,6,20,1,1,1,16:16,3,2,9
2023201279598,2023,201279598,1,3,2,2,17,4,3,0,0,1,0,0,9,9,E01032142,3,1,0.0,1.0,-1,3,30,1,1,4,08:19,5,2,9
2023302301403,2023,302301403,1,1,1,2,81,11,3,0,0,0,0,0,9,10,E01019425,-1,0,0.07984,0.92016,-1,6,30,1,1,1,12:30,6,2,9
2023052302401,2023,052302401,1,1,1,2,25,5,3,0,0,0,0,0,1,2,E01006520,-1,0,0.13977,0.86023,-1,6,30,1,4,1,19:20,2,2,1
2023201292376,2023,201292376,1,1,1,1,18,4,3,0,0,0,0,0,1,3,E01009237,3,1,0.0,1.0,-1,6,30,1,1,1,14:18,1,2,1
2023010462336,2023,010462336,1,1,1,1,19,4,3,0,0,0,0,0,3,9,E01021756,-1,0,0.0,1.0,-1,2,20,1,1,1,10:34,6,1,3
2023041387504,2023,041387504,1,1,1,1,76,11,2,0,0,0,0,0,5,6,E01004894,7,1,1.0,0.0,-1,3,40,1,4,2,16:05,3,1,5
2023430433336,2023,430433336,1,1,1,1,-1,-1,3,0,0,0,0,0,3,5,E01017837,-1,0,0.04731,0.95269,-1,6,30,1,1,1,15:45,3,2,3
2023131328808,2023,131328808,1,1,2,1,83,11,2,0,0,0,-1,0,11,2,E01010852,5,1,1.0,0.0,-1,6,30,1,1,1,14:20,3,1,11
2023440018084,2023,440018084,1,1,2,2,34,6,3,0,0,1,0,0,9,10,E01022534,-1,0,0.07256,0.92744,-1,6,60,5,1,2,14:52,7,1,9
2023221271952,2023,221271952,1,1,3,1,72,10,2,5,1,0,0,0,0,5,E01028910,7,1,1.0,0.0,-1,6,30,1,1,2,13:40,7,1,9
2023170S12243,2023,170S12243,2,1,1,1,40,7,2,0,0,0,0,0,1,4,E01012292,-1,0,1.0,0.0,-1,3,30,1,4,1,17:56,2,2,1
2023401333075,2023,401333075,2,1,1,1,39,7,2,0,0,0,0,0,3,1,E01015699,7,1,1.0,0.0,-1,3,30,1,1,1,06:28,4,2,3
2023052303067,2023,052303067,1,1,3,2,56,9,3,5,1,0,0,0,0,2,E01007136,-1,0,0.14801,0.85199,-1,6,30,1,1,1,12:28,7,1,9
2023131387595,2023,131387595,1,1,3,2,22,5,2,1,1,0,0,2,0,1,E01011361,7,1,1.0,0.0,-1,6,30,1,1,1,08:47,4,1,11
2023010453938,2023,010453938,2,1,1,1,16,4,3,0,0,0,0,0,-1,4,E01023543,-1,0,0.0,1.0,-1,9,30,9,1,9,11:10,7,2,-1
2023522301668,2023,522301668,1,1,1,1,16,4,3,0,0,0,0,0,-1,6,E01014614,-1,0,0.01709,0.98291,-1,6,20,2,1,2,08:26,3,2,-1
2023041283198,2023,041283198,1,4,2,1,18,4,3,0,0,2,0,0,9,5,E01025100,3,1,0.0,1.0,-1,6,60,1,6,1,23:40,7,1,9
2023161392338,2023,161392338,2,7,2,1,34,6,2,0,0,2,0,0,9,1,E01010994,5,1,1.0,0.0,-1,6,60,1,6,1,16:50,3,2,9
2023461306025,2023,461306025,2,2,1,1,29,6,3,0,0,0,0,0,9,9,E01024832,3,1,0.0,1.0,-1,6,30,1,4,2,21:00,7,2,9
2023522301299,2023,522301299,1,2,2,1,1,1,3,0,0,2,0,0,9,7,E01015010,-1,0,0.03194,0.96806,-1,6,30,1,1,1,11:14,3,2,9
2023010439106,2023,010439106,1,1,2,2,37,7,3,0,0,0,3,0,11,3,E01001175,-1,0,0.0,1.0,-1,6,20,1,1,1,09:00,2,2,11
2023010450295,2023,010450295,1,1,1,1,50,8,3,0,0,0,0,0,1,4,E01033727,-1,0,0.0,1.0,-1,3,20,2,1,2,07:56,3,2,1
2023010452235,2023,010452235,1,1,1,1,18,4,3,0,0,0,0,0,3,3,E01001832,-1,0,0.0,1.0,-1,9,20,1,1,1,15:00,4,2,3
2023622300748,2023,622300748,1,1,1,1,18,4,3,0,0,0,0,0,4,1,W01001203,-1,0,0.11146,0.88854,-1,6,30,1,1,1,11:41,7,2,4
2023451314779,2023,451314779,2,1,1,1,60,9,3,0,0,0,0,0,5,5,E01000996,3,1,0.0,1.0,-1,6,30,1,1,1,18:55,5,2,5
2023170H10263,2023,170H10263,1,1,3,2,13,3,2,4,1,0,0,0,0,-1,-1,-1,0,1.0,0.0,-1,6,30,1,1,1,16:38,4,1,9
2023430414819,2023,430414819,1,1,3,1,15,3,2,5,1,0,0,0,0,4,E01016715,-1,0,1.0,0.0,-1,6,30,1,1,1,15:44,6,1,9
2023010484600,2023,010484600,1,1,1,1,31,6,3,0,0,0,0,0,3,1,E01033584,-1,0,0.0,1.0,-1,6,20,1,4,1,18:44,1,2,3
2023141280096,2023,141280096,1,1,2,2,34,6,3,0,0,1,0,0,9,1,E01007534,3,1,0.0,1.0,-1,6,30,1,1,1,12:10,6,2,9
2023201268352,2023,201268352,2,1,1,1,17,4,2,0,0,0,0,0,23,2,E01010564,7,1,1.0,0.0,-1,6,30,1,1,2,11:40,6,2,23
2023010442304,2023,010442304,1,1,1,1,23,5,3,0,0,0,0,0,3,3,E01003295,-1,0,0.0,1.0,-1,9,20,1,4,1,20:45,6,2,3
2023440333176,2023,440333176,1,1,1,2,19,4,3,0,0,0,0,0,3,8,E01023178,-1,0,0.17512,0.82488,-1,6,30,1,1,1,19:05,5,2,3
2023221368155,2023,221368155,2,1,1,1,15,3,2,0,0,0,0,0,1,9,E01028986,7,1,1.0,0.0,-1,6,30,1,1,1,15:20,2,2,1
2023201385474,2023,201385474,1,1,3,2,18,4,3,5,9,0,0,0,0,1,E01009269,3,1,0.0,1.0,-1,6,30,2,4,2,21:39,4,1,9
2023010435258,2023,010435258,1,1,1,1,46,8,3,0,0,0,0,0,19,4,E01000491,-1,0,0.0,1.0,-1,6,20,2,1,2,19:17,6,2,19
2023010461693,2023,010461693,1,1,1,1,19,4,3,0,0,0,0,0,3,2,E01004140,-1,0,0.0,1.0,-1,6,30,1,1,1,15:30,6,2,3
2023010439198,2023,010439198,1,1,3,1,14,3,3,5,1,0,0,0,0,2,E01004090,-1,0,0.0,1.0,-1,6,30,2,1,2,17:20,2,1,9
2023052302760,2023,052302760,1,1,1,1,22,5,3,0,0,0,0,0,1,1,E01007204,-1,0,0.14271,0.85729,-1,6,20,1,1,2,12:50,6,2,1
2023631334534,2023,631334534,1,1,1,1,67,10,2,0,0,0,0,0,5,6,E01028034,5,1,1.0,0.0,-1,6,60,1,1,1,17:00,6,1,5
2023010470711,2023,010470711,1,1,1,1,41,7,3,0,0,0,0,0,9,7,E01003456,-1,0,0.0,1.0,-1,9,20,8,4,1,21:00,7,3,9
2023141313820,2023,141313820,1,1,1,2,62,9,3,0,0,0,0,0,9,4,E01007821,3,1,0.0,1.0,-1,6,60,1,1,1,07:15,5,3,9
2023141373185,2023,141373185,1,1,1,2,18,4,3,0,0,0,0,0,9,6,E01007456,3,1,0.0,1.0,-1,6,60,1,6,2,20:35,6,2,9
2023141388408,2023,141388408,2,1,2,2,45,7,3,0,0,1,0,0,9,2,E01007522,3,1,0.0,1.0,-1,3,30,8,4,2,16:58,5,2,9
2023461374200,2023,461374200,2,1,1,2,61,9,2,0,0,0,0,0,9,10,E01024725,7,1,1.0,0.0,-1,3,70,2,1,2,10:10,4,2,9
2023010447164,2023,010447164,1,1,2,2,69,10,3,0,0,0,4,0,11,1,E01000798,-1,0,0.0,1.0,-1,6,20,1,1,1,16:00,2,2,11
2023131266409,2023,131266409,2,1,1,1,54,8,3,0,0,0,0,0,1,9,E01010773,3,1,0.0,1.0,-1,6,30,2,4,2,08:15,3,2,1
2023421388209,2023,421388209,2,1,1,1,46,8,3,0,0,0,0,0,1,1,E01021665,3,1,0.0,1.0,-1,6,30,1,7,2,07:35,5,2,1
2023545423123,2023,545423123,1,1,3,1,9,2,3,5,9,0,0,0,0,9,E01032049,-1,0,0.06588,0.93412,-1,6,30,9,1,1,09:14,4,1,9
2023122400171,2023,122400171,2,1,1,1,28,6,3,0,0,0,0,0,19,6,E01027676,-1,0,0.01366,0.98634,-1,6,40,1,1,2,09:33,3,4,19
2023161332233,2023,161332233,1,1,1,2,42,7,2,0,0,0,0,0,9,1,E01012895,7,1,1.0,0.0,-1,6,30,2,1,2,16:05,7,2,9
2023361344653,2023,361344653,2,1,1,2,51,8,3,0,0,0,0,0,9,6,E01026437,3,1,0.0,1.0,-1,6,60,1,1,1,10:00,5,2,9
2023430432702,2023,430432702,2,1,1,2,31,6,3,0,0,0,0,0,9,7,E01016734,-1,0,0.00286,0.99714,-1,6,30,1,1,1,16:30,3,2,9
2023471334094,2023,471334094,1,1,1,2,73,10,3,0,0,0,0,0,9,4,E01031809,3,1,0.0,1.0,-1,6,30,1,1,1,14:15,5,2,9
2023552301259,2023,552301259,2,4,2,2,25,5,3,0,0,2,0,0,9,2,E01004251,-1,0,0.06526,0.93474,-1,6,60,1,1,1,15:32,1,2,9
2023631384116,2023,631384116,1,1,1,2,65,9,3,0,0,0,0,0,9,8,W01000439,3,1,0.0,1.0,-1,6,60,1,6,2,18:30,4,2,9
2023041381076,2023,041381076,1,1,1,2,60,9,2,0,0,0,0,0,1,4,E01025113,7,1,1.0,0.0,-1,6,20,1,4,4,20:16,5,2,1
2023991291085,2023,991291085,1,1,1,1,23,5,2,0,0,0,0,0,5,2,-1,6,1,1.0,0.0,-1,6,60,1,1,1,18:30,2,1,5
2023231282549,2023,231282549,1,1,3,2,68,10,3,1,3,0,0,0,0,5,E01031309,3,1,0.0,1.0,-1,6,30,1,7,2,05:45,4,1,9
2023061351173,2023,061351173,1,1,1,1,55,8,2,0,0,0,0,0,1,8,E01019747,5,1,1.0,0.0,-1,6,30,1,1,-1,08:15,2,1,1
2023010464642,2023,010464642,1,1,3,2,53,8,3,5,9,0,0,0,0,3,E01001244,-1,0,0.0,1.0,-1,6,20,1,1,1,18:51,5,1,19
2023071079416,2023,071079416,3,1,1,1,35,6,3,0,0,0,0,0,19,4,E01005628,-1,0,0.01861,0.98139,-1,3,70,1,1,2,08:56,3,3,19
2023010449919,2023,010449919,1,1,1,2,35,6,3,0,0,0,0,0,9,2,E01003634,-1,0,0.0,1.0,-1,6,20,1,1,1,18:22,7,2,9
2023122301219,2023,122301219,2,1,1,2,19,4,3,0,0,0,0,0,9,10,E01013427,-1,0,0.08244,0.91756,-1,6,60,1,6,2,00:03,5,2,9
2023201292333,2023,201292333,2,1,1,2,42,7,3,0,0,0,0,0,9,1,E01009117,3,1,0.0,1.0,-1,1,30,1,1,1,10:10,3,3,9
2023411388131,2023,411388131,1,1,1,1,42,7,3,0,0,0,0,0,9,2,E01015787,3,1,0.0,1.0,-1,3,70,2,4,2,23:20,5,3,9
2023430121915,2023,430121915,1,1,1,1,28,6,2,0,0,0,0,0,9,5,E01028538,-1,0,1.0,0.0,-1,6,30,1,4,1,04:28,1,2,9
2023501364693,2023,501364693,2,4,2,2,9,2,3,0,0,2,0,0,9,1,E01015266,3,1,0.0,1.0,-1,3,40,2,4,2,20:00,5,2,9
2023010468382,2023,010468382,3,1,2,1,29,6,3,0,0,0,0,0,20,4,E01016514,-1,0,0.0,1.0,-1,3,50,1,1,1,11:08,3,5,20
2023231341383,2023,231341383,1,1,3,1,14,3,3,5,1,0,0,0,0,7,E01031247,3,1,0.0,1.0,-1,6,30,1,1,1,08:06,4,1,11
2023371345170,2023,371345170,1,1,3,1,24,5,3,6,9,0,0,-1,0,2,E01030254,3,1,0.0,1.0,-1,6,30,1,1,1,18:12,1,1,9
2023010451329,2023,010451329,1,1,1,1,67,10,3,0,0,0,0,0,1,9,E01001039,-1,0,0.0,1.0,-1,6,20,1,1,1,15:55,5,2,1
2023070227704,2023,070227704,2,1,1,1,40,7,2,0,0,0,0,0,1,-1,-1,-1,0,1.0,0.0,-1,6,40,9,1,1,16:45,2,2,1
2023201385696,2023,201385696,2,1,1,1,36,7,2,0,0,0,0,0,1,1,E01009346,6,1,1.0,0.0,-1,6,30,1,4,2,23:25,5,2,1
2023440267707,2023,440267707,1,1,1,1,62,9,3,0,0,0,0,0,1,6,E01023104,-1,0,0.16787,0.83213,-1,6,60,1,1,1,06:40,5,2,1
2023010432387,2023,010432387,1,1,1,1,31,6,3,0,0,0,0,0,3,5,E01001973,-1,0,0.0,1.0,-1,9,20,1,1,1,15:50,4,2,3
2023201416146,2023,201416146,1,1,1,2,64,9,3,0,0,0,0,0,9,-1,-1,3,1,0.0,1.0,-1,7,30,1,4,1,18:51,7,2,9
2023471353542,2023,471353542,2,2,2,2,12,3,3,0,0,1,0,0,9,9,E01021072,3,1,0.0,1.0,-1,6,40,1,1,1,17:45,7,2,9
2023010465253,2023,010465253,1,1,1,2,48,8,3,0,0,0,0,0,9,3,E01017500,-1,0,0.0,1.0,-1,3,50,2,1,1,10:16,2,1,9
2023161312199,2023,161312199,2,1,2,2,48,8,3,0,0,1,0,0,9,3,E01011594,3,1,0.0,1.0,-1,2,20,1,1,1,20:05,7,2,9
2023332300740,2023,332300740,1,1,1,2,55,8,3,0,0,0,0,0,9,8,E01031182,-1,0,0.04132,0.95868,-1,6,50,1,1,1,07:57,3,3,9
2023451313979,2023,451313979,2,3,2,2,11,3,2,0,0,1,0,0,9,10,E01030626,7,1,1.0,0.0,-1,6,40,1,1,1,17:58,5,2,9
2023501332208,2023,501332208,1,1,1,1,71,10,2,0,0,0,0,0,9,4,E01018820,6,1,1.0,0.0,-1,6,60,2,1,2,14:29,7,1,9
2023010480627,2023,010480627,1,1,1,1,40,7,3,0,0,0,0,0,9,2,E01001219,-1,0,0.0,1.0,-1,6,20,1,1,1,09:38,3,2,9
2023340NN3622,2023,340NN3622,2,1,1,1,19,4,3,0,0,0,0,0,9,9,E01025980,-1,0,0.04704,0.95296,-1,6,30,1,4,1,21:45,1,2,9
2023401311051,2023,401311051,1,1,1,1,48,8,3,0,0,0,0,0,9,3,E01017514,3,1,0.0,1.0,-1,6,30,1,1,1,11:29,6,2,9
202360A153365,2023,60A153365,1,1,1,2,40,7,3,0,0,0,0,0,9,-1,-1,-1,0,0.04692,0.95308,-1,6,60,8,1,2,15:33,6,2,9
2023041351974,2023,041351974,1,4,2,2,47,8,3,0,0,1,0,0,9,2,E01012608,3,1,0.0,1.0,-1,6,30,1,1,1,15:30,4,2,9
2023201277817,2023,201277817,2,1,1,1,58,9,3,0,0,0,0,0,9,10,E01010108,3,1,0.0,1.0,-1,6,30,1,4,1,18:19,2,2,9
2023070249200,2023,070249200,1,1,1,2,43,7,3,0,0,0,0,0,9,2,E01018312,-1,0,0.02006,0.97994,-1,7,30,1,1,1,10:47,6,2,9
2023131288367,2023,131288367,1,1,1,1,18,4,2,0,0,0,0,0,9,2,E01011856,7,1,1.0,0.0,-1,6,30,1,1,1,16:13,1,4,9
2023010467322,2023,010467322,1,1,1,1,37,7,3,0,0,0,0,0,1,4,E01001939,-1,0,0.0,1.0,-1,1,20,1,1,1,09:10,5,2,1
2023010474040,2023,010474040,2,1,1,1,19,4,3,0,0,0,0,0,3,5,E01003480,-1,0,0.0,1.0,-1,3,30,1,4,1,18:46,4,2,3
2023010453887,2023,010453887,2,1,1,1,31,6,3,0,0,0,0,0,4,2,E01003553,-1,0,0.0,1.0,-1,6,30,1,7,1,22:18,6,2,4
2023311375157,2023,311375157,2,2,1,1,24,5,3,0,0,0,0,0,9,-1,-1,3,1,0.0,1.0,-1,3,70,1,1,1,13:34,1,4,9
2023461342324,2023,461342324,1,1,1,2,50,8,3,0,0,0,0,0,9,6,E01024172,3,1,0.0,1.0,-1,1,30,1,4,1,05:57,4,2,9