collision_index,collision_year,collision_ref_no,vehicle_reference,casualty_reference,casualty_class,sex_of_casualty,age_of_casualty,age_band_of_casualty,casualty_severity,pedestrian_location,pedestrian_movement,car_passenger,bus_or_coach_passenger,pedestrian_road_maintenance_worker,casualty_type,casualty_imd_decile,lsoa_of_casualty,enhanced_casualty_severity,casualty_injury_based,casualty_adjusted_severity_serious,casualty_adjusted_severity_slight,casualty_distance_banding,road_type,speed_limit,weather_conditions,light_conditions,road_surface_conditions,time,day_of_week,number_of_vehicles,vehicle_type
2023501308718,2023,501308718,2,1,1,1,24,5,3,0,0,0,0,0,5,5,E01015139,3,1,0.0,1.0,-1,9,30,1,1,1,12:01,7,2,5
2023440216286,2023,440216286,2,1,1,2,31,6,3,0,0,0,0,0,9,4,E01031859,-1,0,0.07128,0.92872,-1,6,60,1,1,1,07:50,5,2,9
2023461303998,2023,461303998,2,1,1,1,36,7,3,0,0,0,0,0,19,6,E01024021,3,1,0.0,1.0,-1,6,30,1,1,2,12:05,6,2,19
2023430152203,2023,430152203,1,1,1,1,58,9,3,0,0,0,0,0,1,9,E01016547,-1,0,0.06822,0.93178,-1,6,30,1,1,2,07:04,5,2,1
2023991288183,2023,991288183,2,1,1,1,51,8,2,0,0,0,0,0,1,-1,-1,7,1,1.0,0.0,-1,3,30,2,1,2,14:30,7,2,1
2023052300587,2023,052300587,2,2,2,1,19,4,3,0,0,1,0,0,9,6,E01025495,-1,0,0.04136,0.95864,-1,6,30,2,4,2,21:35,7,3,9
2023231330933,2023,231330933,3,2,1,2,85,11,2,0,0,0,0,0,9,9,E01010215,5,1,1.0,0.0,-1,6,40,1,1,1,15:00,3,3,9
2023340NN3612,2023,340NN3612,2,4,2,1,57,9,3,0,0,2,0,0,9,-1,-1,-1,0,0.0199,0.9801,-1,3,70,1,4,1,18:55,3,2,9
2023361328321,2023,361328321,2,4,2,1,9,2,3,0,0,2,0,0,9,8,E01033538,3,1,0.0,1.0,-1,3,70,1,1,1,12:05,6,2,9
2023531347936,2023,531347936,1,1,1,1,58,9,2,0,0,0,0,0,1,-1,-1,6,1,1.0,0.0,-1,6,60,8,1,1,14:05,7,2,1
2023430419409,2023,430419409,2,2,1,1,25,5,3,0,0,0,0,0,9,8,E01016252,-1,0,0.07407,0.92593,-1,6,60,1,1,1,17:29,2,2,9
2023311383996,2023,311383996,2,1,1,1,49,8,2,0,0,0,0,0,1,9,E01028196,7,1,1.0,0.0,-1,6,30,1,1,1,15:00,3,2,1
2023991349266,2023,991349266,2,1,1,1,27,6,3,0,0,0,0,0,1,7,-1,3,1,0.0,1.0,-1,6,30,1,1,1,17:45,3,2,1
2023041382651,2023,041382651,1,1,1,1,68,10,3,0,0,0,0,0,9,6,E01025586,3,1,0.0,1.0,-1,6,30,1,4,2,05:48,6,1,9
2023461271030,2023,461271030,1,1,1,2,53,8,3,0,0,0,0,0,9,7,E01024553,3,1,0.0,1.0,-1,6,30,1,1,1,15:11,3,3,9
2023440211660,2023,440211660,2,2,2,1,28,6,3,0,0,2,0,0,9,8,E01015448,-1,0,0.05624,0.94376,-1,3,70,1,1,1,17:15,1,2,9
2023461315829,2023,461315829,1,5,2,1,26,6,3,0,0,1,0,0,9,5,E01024033,3,1,0.0,1.0,-1,6,60,1,6,1,23:40,6,1,9
2023430342345,2023,430342345,1,2,2,1,17,4,3,0,0,1,0,0,9,10,E01028475,-1,0,0.10518,0.89482,-1,6,60,1,1,1,18:33,3,1,9
2023991366847,2023,991366847,1,1,3,1,4,1,3,5,2,0,0,0,0,2,-1,3,1,0.0,1.0,-1,6,30,2,1,2,08:35,4,1,9
2023061363915,2023,061363915,2,1,1,1,30,6,2,0,0,0,0,0,1,1,E01005287,7,1,1.0,0.0,-1,3,30,1,1,2,16:30,4,2,1
2023010439419,2023,010439419,1,1,1,1,-1,-1,3,0,0,0,0,0,3,6,E01023341,-1,0,0.0,1.0,-1,6,20,1,1,2,17:25,2,2,3
2023010439999,2023,010439999,2,2,1,1,38,7,1,0,0,0,0,0,5,2,E01000527,-1,0,0.0,0.0,-1,6,20,1,1,1,13:11,6,2,5
2023010460924,2023,010460924,1,1,1,1,42,7,3,0,0,0,0,0,9,7,E01021791,-1,0,0.0,1.0,-1,6,30,1,1,1,18:45,4,1,9
2023131290280,2023,131290280,1,1,1,1,69,10,3,0,0,0,0,0,9,5,E01011197,3,1,0.0,1.0,-1,6,30,2,4,2,21:30,6,1,9
2023332300484,2023,332300484,2,1,1,1,26,6,3,0,0,0,0,0,9,8,E01025771,-1,0,0.01424,0.98576,-1,6,30,1,1,1,15:00,2,2,9
2023340WN6482,2023,340WN6482,2,1,1,1,46,8,3,0,0,0,0,0,9,2,E01027227,-1,0,0.00916,0.99084,-1,6,30,1,1,1,16:24,3,2,9
2023411396685,2023,411396685,2,3,2,2,60,9,2,0,0,1,0,0,9,8,E01023629,7,1,1.0,0.0,-1,6,30,1,1,1,09:03,6,2,9
2023421318106,2023,421318106,1,1,1,1,82,11,3,0,0,0,0,0,9,6,E01000232,3,1,0.0,1.0,-1,3,70,1,1,1,11:30,3,1,9
2023351320242,2023,351320242,1,1,3,2,25,5,3,5,3,0,0,0,0,1,E01015602,3,1,0.0,1.0,-1,6,30,1,1,1,16:07,2,1,9
2023430294248,2023,430294248,2,1,1,2,36,7,3,0,0,0,0,0,9,5,E01028605,-1,0,0.05794,0.94206,-1,6,50,1,1,1,18:00,2,4,9
2023430555304,2023,430555304,3,2,2,2,9,2,3,0,0,2,0,0,9,3,E01016373,-1,0,0.03155,0.96845,-1,3,70,1,1,1,18:10,2,3,9
2023010443886,2023,010443886,1,3,2,2,57,9,3,0,0,0,4,0,11,2,E01001437,-1,0,0.0,1.0,-1,6,20,1,1,1,09:09,6,1,11
2023010422527,2023,010422527,1,1,2,2,19,4,3,0,0,0,3,0,11,-1,-1,-1,0,0.0,1.0,-1,3,20,1,4,1,16:30,6,1,11
2023201364132,2023,201364132,1,1,1,2,32,6,3,0,0,0,0,0,9,1,E01010486,3,1,0.0,1.0,-1,6,30,1,4,1,21:23,6,3,9
2023461375365,2023,461375365,2,1,1,2,30,6,3,0,0,0,0,0,9,4,E01024029,3,1,0.0,1.0,-1,3,70,1,1,2,12:22,4,2,9
2023531332003,2023,531332003,2,2,1,2,34,6,3,0,0,0,0,0,9,-1,-1,3,1,0.0,1.0,-1,3,30,1,1,1,14:50,4,2,9
2023430159451,2023,430159451,2,2,1,2,50,8,3,0,0,0,0,0,9,9,E01028659,-1,0,0.04588,0.95412,-1,6,30,1,1,1,15:42,4,2,9
202360A185365,2023,60A185365,2,1,1,2,37,7,2,0,0,0,0,0,9,-1,-1,-1,0,1.0,0.0,-1,6,30,2,4,2,18:00,4,2,9
2023101261252,2023,101261252,2,1,2,1,24,5,3,0,0,-1,0,0,9,3,E01008488,3,1,0.0,1.0,-1,3,30,2,4,2,18:37,1,2,9
2023070198752,2023,070198752,2,1,1,1,19,4,3,0,0,0,0,0,1,9,E01018737,-1,0,0.10889,0.89111,-1,6,20,1,1,1,15:13,4,2,1
2023122300159,2023,122300159,3,2,1,1,37,7,3,0,0,0,0,0,9,7,E01027677,-1,0,0.05791,0.94209,-1,6,60,1,1,1,09:30,5,3,9
2023440209823,2023,440209823,1,1,1,1,37,7,3,0,0,0,0,0,9,6,E01021723,-1,0,0.04368,0.95632,-1,6,60,1,1,1,10:15,7,2,9
2023622300820,2023,622300820,2,2,1,1,45,7,3,0,0,0,0,0,9,-1,-1,-1,0,0.02017,0.97983,-1,3,40,1,4,1,20:47,2,2,9
2023031262706,2023,031262706,1,1,3,2,42,7,3,10,9,0,0,2,0,-1,-1,3,1,0.0,1.0,-1,6,30,2,4,2,19:30,5,2,9
2023461310559,2023,461310559,2,1,1,1,19,4,3,0,0,0,0,0,1,2,E01016159,3,1,0.0,1.0,-1,6,30,1,1,1,08:46,4,2,1
2023340NN2922,2023,340NN2922,2,1,1,1,66,10,2,0,0,0,0,0,5,8,E01027089,-1,0,1.0,0.0,-1,1,30,1,1,1,13:00,7,2,5
2023221330663,2023,221330663,2,4,2,1,26,6,3,0,0,2,0,0,9,3,E01032292,3,1,0.0,1.0,-1,6,60,2,1,2,16:00,6,3,9
2023421294780,2023,421294780,1,2,2,1,20,4,3,0,0,1,0,0,9,5,E01021432,3,1,0.0,1.0,-1,6,40,1,1,1,11:16,7,2,9
2023501350731,2023,501350731,2,1,1,1,17,4,2,0,0,0,0,0,1,2,E01019076,6,1,1.0,0.0,-1,6,60,1,1,2,09:34,7,2,1
2023010437988,2023,010437988,1,1,1,1,40,7,2,0,0,0,0,0,5,5,E01004021,-1,0,1.0,0.0,-1,6,20,1,1,1,08:00,7,2,5
2023430493338,2023,430493338,1,1,1,1,49,8,3,0,0,0,0,0,9,2,E01016443,-1,0,0.12489,0.87511,-1,3,60,2,1,2,14:43,5,2,9
2023501359059,2023,501359059,1,1,1,1,83,11,3,0,0,0,0,0,9,8,E01020080,3,1,0.0,1.0,-1,6,30,1,1,1,15:18,3,2,9
2023010422151,2023,010422151,1,1,3,1,10,2,2,8,1,0,0,0,0,5,E01000520,-1,0,1.0,0.0,-1,2,30,1,1,3,16:07,4,1,8
2023430095244,2023,430095244,1,1,3,2,22,5,2,5,2,0,0,0,0,6,E01028586,-1,0,1.0,0.0,-1,6,20,1,1,1,15:45,5,1,9
2023201371344,2023,201371344,2,1,1,1,36,7,3,0,0,0,0,0,1,1,E01010413,3,1,0.0,1.0,-1,6,30,1,1,1,18:30,4,2,1
2023302301673,2023,302301673,1,1,1,1,18,4,3,0,0,0,0,0,3,7,E01019705,-1,0,0.14696,0.85304,-1,6,30,2,1,2,11:30,5,2,3
2023421346811,2023,421346811,2,1,1,2,36,7,3,0,0,0,0,0,9,6,E01015860,3,1,0.0,1.0,-1,6,30,1,1,1,15:30,4,2,9
2023201321106,2023,201321106,1,1,3,1,11,3,3,5,1,0,0,0,0,3,E01010538,3,1,0.0,1.0,-1,6,30,1,1,1,15:30,2,1,-1
2023302301736,2023,302301736,1,1,3,1,31,6,1,4,1,0,0,0,0,1,E01013535,-1,0,0.0,0.0,-1,6,30,2,4,2,20:02,1,1,9
2023101339600,2023,101339600,2,1,1,1,25,5,3,0,0,0,0,0,1,4,E01008308,3,1,0.0,1.0,-1,1,40,1,1,1,16:37,6,2,1
2023010427515,2023,010427515,1,1,1,1,37,7,2,0,0,0,0,0,5,-1,-1,-1,0,1.0,0.0,-1,6,20,1,1,1,13:16,5,2,5
2023010473325,2023,010473325,2,3,2,1,68,10,3,0,0,1,0,0,9,3,E01003537,-1,0,0.0,1.0,-1,2,20,2,4,2,18:22,7,2,9
2023302301059,2023,302301059,2,1,1,2,33,6,3,0,0,0,0,0,9,-1,-1,-1,0,0.0089,0.9911,-1,1,60,1,1,1,05:23,3,2,9
2023991336122,2023,991336122,1,1,1,2,29,6,3,0,0,0,0,0,9,5,-1,3,1,0.0,1.0,-1,6,50,2,1,2,17:05,2,2,9
2023421343622,2023,421343622,2,1,1,1,63,9,3,0,0,0,0,0,22,3,E01021490,3,1,0.0,1.0,-1,6,30,1,1,1,13:04,1,2,22
2023010445796,2023,010445796,1,1,3,1,42,7,2,8,1,0,0,0,0,3,E01002727,-1,0,1.0,0.0,-1,3,20,1,1,1,07:38,2,1,90
2023221382868,2023,221382868,1,4,3,1,48,8,3,8,7,0,0,1,0,9,E01032231,3,1,0.0,1.0,-1,6,30,1,4,1,18:48,7,1,9
2023201390435,2023,201390435,2,1,1,1,59,9,2,0,0,0,0,0,1,2,E01009213,6,1,1.0,0.0,-1,3,30,2,1,2,16:17,6,2,1
2023201384304,2023,201384304,2,1,1,2,34,6,3,0,0,0,0,0,9,8,E01031181,3,1,0.0,1.0,-1,3,30,1,4,2,17:20,5,2,9
2023471378368,2023,471378368,1,1,1,2,33,6,3,0,0,0,0,0,9,6,E01031796,3,1,0.0,1.0,-1,6,20,1,4,1,16:30,4,2,9
2023361338291,2023,361338291,1,1,1,1,36,7,3,0,0,0,0,0,19,4,E01026679,3,1,0.0,1.0,-1,6,60,2,1,2,18:27,6,2,19
2023471405779,2023,471405779,2,1,1,2,59,9,3,0,0,0,0,0,9,6,E01031362,3,1,0.0,1.0,-1,6,30,1,1,1,11:00,4,3,9
2023531326779,2023,531326779,1,1,2,1,53,8,1,0,0,2,0,0,9,2,E01015573,1,1,0.0,0.0,-1,6,60,2,6,1,23:55,5,1,9
2023991357036,2023,991357036,1,1,2,2,43,7,3,0,0,2,0,0,9,-1,-1,3,1,0.0,1.0,-1,3,70,5,1,2,16:30,4,2,9
2023131317820,2023,131317820,1,1,3,2,6,2,3,8,9,0,0,2,0,1,E01010731,3,1,0.0,1.0,-1,6,30,1,1,1,19:15,2,1,9
2023161271680,2023,161271680,1,1,3,1,14,3,2,5,1,0,0,0,0,1,E01012898,7,1,1.0,0.0,-1,3,30,4,4,1,21:50,5,1,19
2023141300835,2023,141300835,1,1,1,1,47,8,2,0,0,0,0,0,1,9,E01007956,6,1,1.0,0.0,-1,6,30,1,1,1,18:40,3,2,1
2023991383512,2023,991383512,1,1,1,2,29,6,2,0,0,0,0,0,9,2,-1,7,1,1.0,0.0,-1,6,30,1,1,1,14:40,3,2,9
2023070238789,2023,070238789,1,1,3,1,58,9,3,6,9,0,0,0,0,3,E01018482,-1,0,0.05245,0.94755,-1,6,30,1,1,1,17:00,4,1,8
2023991369107,2023,991369107,1,1,3,2,23,5,2,1,4,0,0,2,0,-1,-1,7,1,1.0,0.0,-1,3,40,1,4,1,17:00,2,1,3
2023471326381,2023,471326381,1,1,1,1,59,9,2,0,0,0,0,0,3,6,E01016933,5,1,1.0,0.0,-1,6,50,1,1,1,15:10,4,2,3
2023010435711,2023,010435711,2,4,2,1,14,3,3,0,0,2,0,0,9,6,E01000513,-1,0,0.0,1.0,-1,6,20,1,1,1,14:45,2,2,9
2023010470730,2023,010470730,1,1,1,1,44,7,3,0,0,0,0,0,9,10,E01021242,-1,0,0.0,1.0,-1,2,30,1,1,1,09:20,7,2,9
2023161292259,2023,161292259,1,1,2,2,27,6,2,0,0,1,0,0,9,1,E01028066,7,1,1.0,0.0,-1,6,30,2,6,2,19:40,5,1,9
2023302300068,2023,302300068,1,1,1,1,68,10,3,0,0,0,0,0,9,7,E01013558,-1,0,0.03877,0.96123,-1,6,30,2,1,2,14:44,3,1,9
202363B031823,2023,63B031823,1,1,1,1,49,8,2,0,0,0,0,0,9,-1,-1,-1,0,1.0,0.0,-1,6,60,9,6,1,23:59,7,1,9
2023221399889,2023,221399889,2,3,2,2,26,6,3,0,0,1,0,0,19,7,E01009648,3,1,0.0,1.0,-1,6,60,2,1,2,09:30,2,2,19
2023440175964,2023,440175964,1,1,1,1,63,9,2,0,0,0,0,0,21,2,E01017241,-1,0,1.0,0.0,-1,1,30,1,4,1,03:39,6,1,21
2023411323640,2023,411323640,2,1,1,2,30,6,3,0,0,0,0,0,9,7,E01023798,3,1,0.0,1.0,-1,6,30,1,1,1,10:10,4,2,9
2023010465907,2023,010465907,1,1,1,2,56,9,3,0,0,0,0,0,1,5,E01003018,-1,0,0.0,1.0,-1,6,30,8,1,9,15:39,5,2,1
2023231332818,2023,231332818,2,1,1,1,47,8,3,0,0,0,0,0,1,10,E01031300,3,1,0.0,1.0,-1,6,30,1,1,1,12:45,6,2,1
2023501381556,2023,501381556,1,1,1,1,21,5,3,0,0,0,0,0,3,5,E01018853,3,1,0.0,1.0,-1,6,30,1,4,2,16:54,6,1,3
2023501352614,2023,501352614,2,1,1,1,53,8,3,0,0,0,0,0,5,8,E01019898,3,1,0.0,1.0,-1,6,30,1,1,1,16:17,5,2,5
2023010446773,2023,010446773,1,1,2,1,45,7,3,0,0,2,0,0,9,2,E01001977,-1,0,0.0,1.0,-1,6,20,1,1,1,17:41,7,1,9
2023501322168,2023,501322168,1,1,2,1,17,4,3,0,0,1,0,0,9,5,E01018849,3,1,0.0,1.0,-1,6,60,1,6,1,03:22,7,1,9
2023010461964,2023,010461964,1,2,3,1,9,2,3,1,2,0,0,0,0,4,E01002643,-1,0,0.0,1.0,-1,6,30,1,1,1,10:56,4,1,2
2023010484987,2023,010484987,1,1,3,2,48,8,3,5,3,0,0,0,0,3,E01001154,-1,0,0.0,1.0,-1,3,20,8,1,2,16:20,3,1,19
2023201388965,2023,201388965,2,1,1,1,36,7,3,0,0,0,0,0,9,1,E01009347,3,1,0.0,1.0,-1,6,30,2,4,2,19:50,3,2,9
2023071315407,2023,071315407,1,1,1,1,50,8,3,0,0,0,0,0,9,2,E01014252,-1,0,0.05583,0.94417,-1,6,60,4,6,2,20:29,1,2,9
2023461371095,2023,461371095,2,2,2,2,70,10,3,0,0,2,0,0,9,6,E01002353,3,1,0.0,1.0,-1,3,70,2,1,2,14:50,1,2,9
202360A041794,2023,60A041794,3,1,1,1,65,9,2,0,0,0,0,0,9,-1,-1,-1,0,1.0,0.0,-1,6,40,4,1,2,12:14,5,3,9
2023440036513,2023,440036513,1,2,2,1,73,10,3,0,0,0,4,0,11,9,E01022676,-1,0,0.03094,0.96906,-1,1,30,1,1,1,10:01,4,1,11
2023311275061,2023,311275061,2,2,2,2,62,9,3,0,0,1,0,0,9,-1,-1,3,1,0.0,1.0,-1,3,60,1,1,1,14:22,7,2,9
2023501349151,2023,501349151,1,1,1,1,20,4,2,0,0,0,0,0,9,4,E01018880,5,1,1.0,0.0,-1,2,60,1,1,2,14:20,3,1,9
2023010429976,2023,010429976,2,1,1,1,23,5,3,0,0,0,0,0,1,6,E01003416,-1,0,0.0,1.0,-1,6,20,1,1,1,09:50,5,2,1
2023010460964,2023,010460964,1,1,1,2,45,7,3,0,0,0,0,0,9,2,E01004315,-1,0,0.0,1.0,-1,6,20,1,4,1,22:10,4,2,9
2023010462701,2023,010462701,1,1,1,1,37,7,3,0,0,0,0,0,9,2,E01004284,-1,0,0.0,1.0,-1,6,30,1,4,1,20:45,1,4,9
2023131360813,2023,131360813,1,1,1,2,53,8,3,0,0,0,0,0,9,6,E01010634,3,1,0.0,1.0,-1,6,20,1,4,1,20:04,1,2,9
2023221357369,2023,221357369,1,2,2,1,73,10,3,0,0,1,0,0,9,1,E01014124,3,1,0.0,1.0,-1,6,30,1,1,1,15:11,5,2,9
2023401380390,2023,401380390,2,1,1,1,18,4,2,0,0,0,0,0,9,8,E01017526,7,1,1.0,0.0,-1,6,30,1,1,1,10:44,5,2,9
202360A096275,2023,60A096275,1,1,1,1,30,6,2,0,0,0,0,0,9,-1,-1,-1,0,1.0,0.0,-1,6,60,1,1,1,06:00,4,1,9
2023041367465,2023,041367465,1,1,1,1,20,4,2,0,0,0,0,0,97,3,E01012617,7,1,1.0,0.0,-1,6,20,1,1,1,17:50,5,2,97
2023430125339,2023,430125339,2,1,1,1,26,6,3,0,0,0,0,0,3,5,E01016754,-1,0,0.02352,0.97648,-1,6,60,1,1,1,12:09,1,2,3
2023361384469,2023,361384469,1,1,1,1,62,9,3,0,0,0,0,0,4,5,E01026443,3,1,0.0,1.0,-1,6,30,2,1,2,16:06,4,1,4
2023041379117,2023,041379117,2,1,1,1,46,8,2,0,0,0,0,0,9,2,E01012605,7,1,1.0,0.0,-1,6,30,1,4,1,20:58,7,2,9
2023421383906,2023,421383906,4,2,2,2,35,6,3,0,0,1,0,0,9,8,E01004072,3,1,0.0,1.0,-1,3,70,2,6,2,17:34,1,4,9
2023461344990,2023,461344990,1,1,2,1,15,3,3,0,0,2,0,0,9,3,E01016171,3,1,0.0,1.0,-1,6,40,1,1,1,22:29,1,1,9
202360A035811,2023,60A035811,1,1,1,1,35,6,3,0,0,0,0,0,19,-1,-1,-1,0,0.09228,0.90772,-1,6,60,1,1,1,13:50,2,2,19
2023211313290,2023,211313290,1,1,3,1,12,3,3,4,2,0,0,0,0,-1,-1,3,1,0.0,1.0,-1,6,30,1,1,1,16:50,3,1,9
2023010485575,2023,010485575,1,1,1,1,24,5,3,0,0,0,0,0,3,4,E01001146,-1,0,0.0,1.0,-1,6,30,4,1,1,14:00,6,2,3
2023070444894,2023,070444894,1,1,1,2,33,6,3,0,0,0,0,0,9,2,E01012425,-1,0,0.03016,0.96984,-1,6,30,1,1,1,08:50,5,3,9
2023332301276,2023,332301276,1,1,1,1,55,8,2,0,0,0,0,0,9,5,E01025610,-1,0,1.0,0.0,-1,6,30,1,4,1,21:00,6,2,9
2023351342212,2023,351342212,1,1,1,1,69,10,3,0,0,0,0,0,9,6,E01018208,3,1,0.0,1.0,-1,6,30,1,1,1,19:51,4,2,9
2023010459318,2023,010459318,1,1,1,1,51,8,3,0,0,0,0,0,19,3,E01033150,-1,0,0.0,1.0,-1,9,20,1,1,2,16:30,6,2,19
2023451265673,2023,451265673,1,1,1,1,78,11,3,0,0,0,0,0,9,9,E01004604,3,1,0.0,1.0,-1,3,70,1,6,1,17:00,5,3,9
2023461391368,2023,461391368,2,2,1,1,65,9,3,0,0,0,0,0,9,4,E01024312,3,1,0.0,1.0,-1,3,70,2,1,2,08:45,4,2,9
2023141286838,2023,141286838,1,2,2,2,23,5,2,0,0,2,0,0,9,1,E01007402,7,1,1.0,0.0,-1,6,60,2,4,2,02:54,4,1,9
2023201299482,2023,201299482,2,2,1,1,77,11,3,0,0,0,0,0,9,3,E01008970,3,1,0.0,1.0,-1,6,30,1,4,1,18:01,3,2,9
2023411353878,2023,411353878,2,2,1,2,18,4,3,0,0,0,0,0,9,10,E01023425,3,1,0.0,1.0,-1,6,60,1,1,1,16:55,6,2,9
2023451301880,2023,451301880,1,1,1,2,47,8,3,0,0,0,0,0,9,8,E01030884,3,1,0.0,1.0,-1,6,30,2,1,2,08:00,6,1,9
2023201323682,2023,201323682,1,1,1,1,32,6,2,0,0,0,0,0,1,3,E01009938,7,1,1.0,0.0,-1,6,30,1,1,1,13:30,6,2,1
2023010461127,2023,010461127,1,1,3,1,8,2,3,5,9,0,0,0,0,6,E01004163,-1,0,0.0,1.0,-1,6,20,1,1,1,18:18,5,1,9
2023010471502,2023,010471502,2,1,1,1,50,8,3,0,0,0,0,0,5,8,E01023712,-1,0,0.0,1.0,-1,6,20,2,1,2,07:46,5,2,5
2023131325462,2023,131325462,1,1,1,2,39,7,3,0,0,0,0,0,9,10,E01010954,3,1,0.0,1.0,-1,6,30,1,1,1,17:05,2,2,9
2023440262125,2023,440262125,2,1,2,2,60,9,3,0,0,1,0,0,9,6,E01022880,-1,0,0.06041,0.93959,-1,6,30,1,1,2,20:10,6,2,9
2023520400305,2023,520400305,1,2,2,2,1,1,3,0,0,2,0,0,9,3,E01029036,-1,0,0.02534,0.97466,-1,6,60,1,1,1,15:29,3,2,9
2023991293258,2023,991293258,1,1,2,2,85,11,3,0,0,0,2,0,11,10,-1,3,1,0.0,1.0,-1,6,20,1,1,1,12:15,2,1,11
2023122300325,2023,122300325,1,1,1,1,40,7,3,0,0,0,0,0,9,8,E01027631,-1,0,0.10691,0.89309,-1,6,60,1,1,1,09:43,3,4,9
2023421295040,2023,421295040,2,1,1,2,56,9,3,0,0,0,0,0,9,9,E01021727,3,1,0.0,1.0,-1,6,60,1,1,1,19:38,1,2,9
2023010441085,2023,010441085,2,1,1,2,62,9,3,0,0,0,0,0,1,1,E01002715,-1,0,0.0,1.0,-1,6,20,1,1,1,08:05,5,2,1
2023101291808,2023,101291808,1,1,3,1,11,3,3,5,1,0,0,-1,0,4,E01008308,3,1,0.0,1.0,-1,6,30,1,1,1,15:15,3,1,9
2023622300760,2023,622300760,1,1,3,1,6,2,3,5,2,0,0,0,0,6,W01000986,-1,0,0.0915,0.9085,-1,6,20,1,1,1,14:58,1,1,9
2023010450673,2023,010450673,1,1,1,1,50,8,3,0,0,0,0,0,1,5,E01001685,-1,0,0.0,1.0,-1,6,20,1,1,1,08:15,5,2,1
2023010484793,2023,010484793,1,1,2,2,58,9,3,0,0,0,3,0,11,2,E01003994,-1,0,0.0,1.0,-1,3,30,1,4,1,18:30,2,2,11
2023061292011,2023,061292011,2,2,2,2,34,6,3,0,0,1,0,0,9,-1,-1,3,1,0.0,1.0,-1,6,20,1,1,1,15:09,5,3,9
2023302300457,2023,302300457,1,1,1,1,20,4,3,0,0,0,0,0,9,9,E01019825,-1,0,0.10812,0.89188,-1,6,60,2,6,2,20:52,2,1,9
2023320174538,2023,320174538,1,1,1,1,74,10,2,0,0,0,0,0,9,3,E01026055,-1,0,1.0,0.0,-1,6,50,1,1,1,09:50,4,2,9
2023010426167,2023,010426167,2,1,1,1,25,5,3,0,0,0,0,0,1,3,E01002408,-1,0,0.0,1.0,-1,6,30,1,1,1,16:00,4,2,1
2023522400470,2023,522400470,1,1,3,2,11,3,2,5,3,0,0,0,0,1,E01014593,-1,0,1.0,0.0,-1,6,30,1,1,1,14:00,7,1,9
2023111290821,2023,111290821,2,1,1,1,59,9,3,0,0,0,0,0,9,3,E01020652,3,1,0.0,1.0,-1,6,30,1,1,1,15:50,6,2,9
2023221289195,2023,221289195,2,2,1,1,30,6,3,0,0,0,0,0,9,5,E01014097,3,1,0.0,1.0,-1,2,20,1,1,1,16:20,2,3,9
2023320549670,2023,320549670,5,2,2,2,71,10,3,0,0,1,0,0,9,3,E01007777,-1,0,0.07125,0.92875,-1,6,60,1,1,1,13:19,2,6,9
2023991258992,2023,991258992,2,3,1,1,75,10,3,0,0,0,0,0,9,10,-1,3,1,0.0,1.0,-1,6,60,1,1,2,11:10,2,2,9
2023041288363,2023,041288363,1,1,3,2,19,4,3,5,1,0,0,0,0,4,E01025093,3,1,0.0,1.0,-1,6,30,5,4,2,18:28,7,1,9
2023010432563,2023,010432563,2,1,1,1,59,9,3,0,0,0,0,0,1,5,E01000224,-1,0,0.0,1.0,-1,3,20,1,1,1,12:35,5,2,1
2023010473565,2023,010473565,1,1,1,1,45,7,2,0,0,0,0,0,1,4,E01002244,-1,0,1.0,0.0,-1,6,30,9,4,9,20:00,3,2,1
2023622300498,2023,622300498,2,2,1,1,16,4,3,0,0,0,0,0,1,6,W01001824,-1,0,0.10164,0.89836,-1,6,30,1,4,1,19:42,4,2,1
2023471273890,2023,471273890,2,1,1,1,28,6,3,0,0,0,0,0,3,4,E01031806,3,1,0.0,1.0,-1,6,30,9,4,2,18:00,3,2,3
2023101341272,2023,101341272,1,2,2,1,12,3,3,0,0,-1,0,0,9,2,E01008457,3,1,0.0,1.0,-1,6,30,1,1,1,16:57,7,2,9
2023991270451,2023,991270451,2,1,1,1,36,7,2,0,0,0,0,0,9,1,-1,5,1,1.0,0.0,-1,6,30,5,4,2,06:44,3,4,9
2023041282849,2023,041282849,1,2,2,2,17,4,3,0,0,1,0,0,9,4,E01025523,3,1,0.0,1.0,-1,6,60,1,1,1,11:47,3,1,9
2023201370203,2023,201370203,1,1,1,1,28,6,1,0,0,0,0,0,9,6,E01009041,1,1,0.0,0.0,-1,3,70,1,6,2,22:30,6,2,9
2023332300134,2023,332300134,1,1,1,2,18,4,3,0,0,0,0,0,9,9,E01025974,-1,0,0.02303,0.97697,-1,6,40,1,4,1,20:37,3,2,9
2023471384552,2023,471384552,1,3,2,1,31,6,3,0,0,2,0,0,9,5,E01031671,3,1,0.0,1.0,-1,6,50,4,6,2,02:25,6,2,9
2023010436112,2023,010436112,1,1,3,2,22,5,3,5,3,0,0,0,0,10,E01033055,-1,0,0.0,1.0,-1,9,30,2,4,2,21:40,4,1,8
2023471308173,2023,471308173,1,1,3,1,6,2,3,5,2,0,0,0,0,9,E01031730,3,1,0.0,1.0,-1,6,30,1,1,1,15:06,4,1,9
2023622300984,2023,622300984,1,1,3,1,12,3,3,4,3,0,0,0,0,1,W01001883,-1,0,0.11641,0.88359,-1,6,20,1,4,1,17:08,2,1,9