collision_index,collision_year,collision_ref_no,vehicle_reference,casualty_reference,casualty_class,sex_of_casualty,age_of_casualty,age_band_of_casualty,casualty_severity,pedestrian_location,pedestrian_movement,car_passenger,bus_or_coach_passenger,pedestrian_road_maintenance_worker,casualty_type,casualty_imd_decile,lsoa_of_casualty,enhanced_casualty_severity,casualty_injury_based,casualty_adjusted_severity_serious,casualty_adjusted_severity_slight,casualty_distance_banding,road_type,speed_limit,weather_conditions,light_conditions,road_surface_conditions,time,day_of_week,number_of_vehicles,vehicle_type
2023440330002,2023,440330002,2,1,1,1,44,7,2,0,0,0,0,0,1,4,E01017305,-1,0,1.0,0.0,-1,6,60,1,1,1,19:03,3,2,1
2023010461213,2023,010461213,1,1,1,1,25,5,3,0,0,0,0,0,2,4,E01002088,-1,0,0.0,1.0,-1,3,20,1,1,1,12:50,6,2,2
2023010431008,2023,010431008,1,1,1,2,78,11,3,0,0,0,0,0,9,10,E01002196,-1,0,0.0,1.0,-1,3,40,3,1,3,11:48,4,1,9
2023010478952,2023,010478952,2,1,1,2,54,8,3,0,0,0,0,0,9,2,E01000076,-1,0,0.0,1.0,-1,6,30,1,1,1,15:20,1,2,9
2023141308071,2023,141308071,1,1,1,1,58,9,2,0,0,0,0,0,9,9,E01019790,6,1,1.0,0.0,-1,6,30,1,1,1,09:30,3,2,9
2023440410200,2023,440410200,3,4,2,2,28,6,3,0,0,1,0,0,9,9,E01031880,-1,0,0.02937,0.97063,-1,3,60,1,1,1,11:20,7,4,9
2023461355232,2023,461355232,2,1,1,1,38,7,3,0,0,0,0,0,9,2,E01023974,3,1,0.0,1.0,-1,3,40,1,1,1,14:24,6,2,9
2023531276102,2023,531276102,3,2,1,1,80,11,2,0,0,0,0,0,9,9,E01022275,6,1,1.0,0.0,-1,6,50,1,1,2,09:20,3,3,9
2023440494112,2023,440494112,1,1,1,1,57,9,3,0,0,0,0,0,1,10,E01022663,-1,0,0.17309,0.82691,-1,6,40,1,7,1,17:37,1,2,1
2023010449793,2023,010449793,1,1,1,1,28,6,3,0,0,0,0,0,9,3,E01003564,-1,0,0.0,1.0,-1,6,20,2,1,2,04:34,1,2,9
2023141280140,2023,141280140,1,1,1,1,20,4,3,0,0,0,0,0,9,3,-1,3,1,0.0,1.0,-1,6,30,1,1,1,09:43,6,2,9
2023371394169,2023,371394169,1,1,1,1,37,7,3,0,0,0,0,0,9,10,E01033319,3,1,0.0,1.0,-1,6,60,1,1,4,08:55,4,1,9
2023311314467,2023,311314467,1,1,2,2,43,7,3,0,0,0,3,0,11,-1,-1,3,1,0.0,1.0,-1,6,30,9,1,1,13:50,4,2,11
2023010438918,2023,010438918,1,1,1,1,56,9,3,0,0,0,0,0,9,3,E01001154,-1,0,0.0,1.0,-1,6,40,1,1,1,13:29,7,2,9
2023010449879,2023,010449879,1,1,2,2,-1,-1,3,0,0,2,0,0,9,-1,-1,-1,0,0.0,1.0,-1,6,30,1,1,9,16:50,7,1,9
2023010463177,2023,010463177,2,2,2,2,42,7,3,0,0,1,0,0,9,3,E01002048,-1,0,0.0,1.0,-1,6,20,1,1,1,15:15,4,2,9
2023320727937,2023,320727937,2,2,1,1,50,8,3,0,0,0,0,0,9,7,E01026218,-1,0,0.03377,0.96623,-1,6,60,1,6,1,17:50,6,3,9
2023622300170,2023,622300170,1,1,1,1,44,7,3,0,0,0,0,0,9,4,W01001270,-1,0,0.03806,0.96194,-1,6,40,2,1,2,14:18,5,2,9
2023010455717,2023,010455717,1,1,1,2,27,6,3,0,0,0,0,0,1,3,E01003109,-1,0,0.0,1.0,-1,6,20,1,1,1,16:23,2,2,1
202360A045138,2023,60A045138,2,1,1,1,31,6,3,0,0,0,0,0,1,-1,-1,-1,0,0.0822,0.9178,-1,6,30,1,1,2,15:18,4,2,1
2023041328804,2023,041328804,2,1,2,2,16,4,3,0,0,2,0,0,9,3,E01025138,3,1,0.0,1.0,-1,6,30,1,1,1,10:30,7,2,9
2023320224496,2023,320224496,2,1,2,1,33,6,3,0,0,1,0,0,9,3,E01026025,-1,0,0.06282,0.93718,-1,6,60,2,1,2,17:15,6,2,9
2023201321914,2023,201321914,1,1,3,2,51,8,2,5,4,0,0,2,0,-1,-1,7,1,1.0,0.0,-1,6,30,1,1,1,14:40,7,1,9
2023631330218,2023,631330218,2,1,1,1,60,9,2,0,0,0,0,0,1,7,E01018026,5,1,1.0,0.0,-1,6,60,1,1,1,18:00,5,2,1
2023531291404,2023,531291404,2,1,1,2,54,8,3,0,0,0,0,0,3,2,E01022322,3,1,0.0,1.0,-1,1,40,2,4,2,06:35,3,2,3
2023010436609,2023,010436609,3,4,2,-1,-1,-1,3,0,0,2,0,0,9,-1,-1,-1,0,0.0,1.0,-1,2,40,1,1,1,17:30,7,3,9
2023122300155,2023,122300155,1,1,1,1,83,11,3,0,0,0,0,0,9,6,E01027684,-1,0,0.09627,0.90373,-1,6,60,1,1,2,15:00,1,2,9
2023302300331,2023,302300331,1,1,1,1,35,6,3,0,0,0,0,0,9,2,E01019498,-1,0,0.05031,0.94969,-1,6,30,1,1,1,10:30,1,2,9
2023411277126,2023,411277126,2,1,1,1,34,6,3,0,0,0,0,0,9,4,E01023857,3,1,0.0,1.0,-1,1,40,1,4,1,00:16,1,2,9
2023461265841,2023,461265841,2,2,1,1,64,9,3,0,0,0,0,0,9,8,E01001680,3,1,0.0,1.0,-1,6,50,1,1,1,12:40,4,2,9
2023010429459,2023,010429459,1,1,1,2,38,7,3,0,0,0,0,0,1,4,E01002611,-1,0,0.0,1.0,-1,1,20,9,1,2,08:03,2,1,1
2023411298762,2023,411298762,2,1,2,2,53,8,3,0,0,1,0,0,9,10,E01023367,3,1,0.0,1.0,-1,6,60,1,1,1,14:00,7,2,9
2023161363439,2023,161363439,2,1,1,2,88,11,3,0,0,0,0,0,1,2,E01012763,3,1,0.0,1.0,-1,3,30,1,1,1,13:00,3,2,1
2023311345707,2023,311345707,1,1,1,1,19,4,3,0,0,0,0,0,1,10,E01028385,3,1,0.0,1.0,-1,3,40,1,1,1,12:00,2,2,1
2023421356386,2023,421356386,1,1,3,2,39,7,3,6,9,0,0,0,0,10,E01021246,3,1,0.0,1.0,-1,6,30,1,1,1,18:30,2,1,19
2023991345644,2023,991345644,1,1,1,1,36,7,2,0,0,0,0,0,3,1,-1,7,1,1.0,0.0,-1,6,30,1,4,2,21:15,6,1,3
2023010462607,2023,010462607,1,2,2,2,19,4,3,0,0,2,0,0,9,3,E01002325,-1,0,0.0,1.0,-1,3,30,1,4,1,03:09,1,3,9
2023101265029,2023,101265029,1,1,2,2,23,5,3,0,0,1,0,0,9,-1,-1,3,1,0.0,1.0,-1,6,30,1,1,2,14:00,4,2,9
2023141349745,2023,141349745,1,4,2,2,8,2,3,0,0,2,0,0,9,1,E01007339,3,1,0.0,1.0,-1,6,30,1,1,1,19:27,4,2,9
2023991311888,2023,991311888,1,2,1,2,70,10,3,0,0,0,0,0,9,-1,-1,3,1,0.0,1.0,-1,6,20,1,1,1,15:15,6,3,9
2023631311975,2023,631311975,1,1,1,1,22,5,3,0,0,0,0,0,19,8,W01000547,3,1,0.0,1.0,-1,6,60,1,1,1,18:50,6,2,19
2023031383967,2023,031383967,1,1,3,1,80,11,3,5,1,0,0,0,0,5,E01019359,3,1,0.0,1.0,-1,6,30,2,1,2,12:10,5,1,9
2023351352837,2023,351352837,1,1,3,1,4,1,3,5,2,0,0,0,0,2,E01015610,3,1,0.0,1.0,-1,6,30,1,4,1,19:47,4,1,3
2023052302227,2023,052302227,2,2,1,2,26,6,2,0,0,0,0,0,1,1,E01006705,-1,0,1.0,0.0,-1,6,30,4,1,2,15:53,3,2,1
2023061351244,2023,061351244,2,1,1,2,43,7,3,0,0,0,0,0,9,9,E01005334,3,1,0.0,1.0,-1,7,70,1,4,1,18:22,7,3,9
2023201348387,2023,201348387,2,2,1,2,43,7,3,0,0,0,0,0,9,1,E01009136,3,1,0.0,1.0,-1,6,30,1,1,1,14:26,7,2,9
2023361365314,2023,361365314,2,1,1,2,18,4,3,0,0,0,0,0,9,8,E01026517,3,1,0.0,1.0,-1,6,50,1,1,1,11:23,3,2,9
2023411311330,2023,411311330,2,1,1,2,60,9,3,0,0,0,0,0,9,4,E01023774,3,1,0.0,1.0,-1,3,50,1,1,1,10:00,2,2,9
2023461344278,2023,461344278,1,1,2,2,48,8,3,0,0,2,0,0,9,-1,-1,3,1,0.0,1.0,-1,6,30,1,1,1,11:47,4,2,9
2023320097201,2023,320097201,2,1,1,2,29,6,3,0,0,0,0,0,9,3,E01026386,-1,0,0.03683,0.96317,-1,6,60,1,1,1,09:25,4,3,9
2023451265089,2023,451265089,1,1,1,2,32,6,3,0,0,0,0,0,9,6,E01030843,3,1,0.0,1.0,-1,6,40,1,1,4,08:35,3,3,9
2023501392994,2023,501392994,2,1,1,2,32,6,3,0,0,0,0,0,9,10,E01020165,3,1,0.0,1.0,-1,6,30,2,4,2,17:10,5,2,9
2023544697123,2023,544697123,2,1,1,1,56,9,3,0,0,0,0,0,9,3,E01015527,-1,0,0.00556,0.99444,-1,1,40,9,1,1,15:13,5,2,9
2023010449778,2023,010449778,2,1,1,1,30,6,3,0,0,0,0,0,1,2,E01003097,-1,0,0.0,1.0,-1,6,30,1,1,1,13:50,7,2,1
2023141373495,2023,141373495,1,1,1,1,18,4,3,0,0,0,0,0,9,1,E01007626,3,1,0.0,1.0,-1,6,60,2,4,2,20:26,3,1,9
2023361300703,2023,361300703,2,2,1,2,51,8,3,0,0,0,0,0,9,5,E01026783,3,1,0.0,1.0,-1,6,30,1,1,2,10:01,6,2,9
2023010460158,2023,010460158,1,1,1,1,32,6,3,0,0,0,0,0,9,8,E01021744,-1,0,0.0,1.0,-1,6,20,1,4,1,21:50,6,2,9
2023461364078,2023,461364078,1,1,1,1,21,5,3,0,0,0,0,0,9,5,E01024379,3,1,0.0,1.0,-1,3,40,1,4,1,23:02,6,2,9
2023010426064,2023,010426064,1,1,3,2,70,10,3,10,9,0,0,0,0,2,E01003483,-1,0,0.0,1.0,-1,9,20,1,1,1,16:29,1,1,9
2023061290471,2023,061290471,1,3,2,2,26,6,3,0,0,2,0,0,8,9,E01023009,3,1,0.0,1.0,-1,6,30,8,4,2,21:45,6,2,8
2023361372779,2023,361372779,2,1,1,1,55,8,1,0,0,0,0,0,1,9,E01026908,1,1,0.0,0.0,-1,3,40,1,4,2,05:00,5,2,1
2023031275037,2023,031275037,1,1,1,1,18,4,3,0,0,0,0,0,9,5,E01019168,3,1,0.0,1.0,-1,3,60,1,6,2,03:38,7,1,9
2023440517273,2023,440517273,2,1,1,2,60,9,3,0,0,0,0,0,9,10,E01022585,-1,0,0.08828,0.91172,-1,6,60,2,1,2,13:50,3,2,9
2023501333932,2023,501333932,2,1,1,2,50,8,3,0,0,0,0,0,19,5,E01019904,3,1,0.0,1.0,-1,6,30,1,1,1,08:45,5,2,19
2023471395219,2023,471395219,1,1,3,1,49,8,3,10,5,0,0,0,0,9,E01021039,3,1,0.0,1.0,-1,6,30,1,1,1,13:23,7,1,9
2023010441582,2023,010441582,1,1,1,1,28,6,2,0,0,0,0,0,1,2,E01003924,-1,0,1.0,0.0,-1,9,20,1,4,1,01:40,1,2,1
2023161334310,2023,161334310,2,1,1,1,17,4,3,0,0,0,0,0,1,2,E01012884,3,1,0.0,1.0,-1,6,30,2,5,2,21:23,6,2,1
2023071025529,2023,071025529,2,1,1,2,43,7,3,0,0,0,0,0,9,2,E01018710,-1,0,0.02692,0.97308,-1,6,60,4,7,2,18:30,4,2,9
2023131288559,2023,131288559,2,1,2,2,25,5,3,0,0,1,0,0,9,6,E01011861,3,1,0.0,1.0,-1,6,30,1,4,1,18:35,1,2,9
2023201323066,2023,201323066,2,2,1,2,61,9,3,0,0,0,0,0,9,3,E01008977,3,1,0.0,1.0,-1,3,30,1,1,1,19:08,5,2,9
2023351394310,2023,351394310,1,2,2,1,28,6,3,0,0,-1,0,0,9,-1,-1,3,1,0.0,1.0,-1,3,70,4,4,1,04:38,1,1,9
2023461263220,2023,461263220,1,1,1,2,38,7,3,0,0,0,0,0,9,4,E01031549,3,1,0.0,1.0,-1,6,40,1,1,1,14:46,2,2,9
2023041355884,2023,041355884,1,2,2,1,32,6,3,0,0,0,0,0,19,5,E01025288,3,1,0.0,1.0,-1,6,30,1,6,2,05:33,2,2,19
2023010464742,2023,010464742,1,1,3,1,39,7,3,6,9,0,0,0,0,3,E01003617,-1,0,0.0,1.0,-1,9,30,8,1,1,18:30,5,1,-1
2023010485644,2023,010485644,2,1,1,1,18,4,2,0,0,0,0,0,3,2,E01004219,-1,0,1.0,0.0,-1,6,20,4,1,1,14:58,6,2,3
2023221325537,2023,221325537,1,1,1,1,18,4,3,0,0,0,0,0,9,9,E01014022,3,1,0.0,1.0,-1,6,60,1,1,1,21:15,2,1,9
2023371359366,2023,371359366,2,2,2,2,-1,-1,3,0,0,1,0,0,9,5,E01030267,3,1,0.0,1.0,-1,6,30,1,1,2,18:21,2,2,9
2023451304093,2023,451304093,4,1,1,2,28,6,3,0,0,0,0,0,9,4,E01032858,3,1,0.0,1.0,-1,7,50,1,1,1,16:05,5,4,9
2023991324889,2023,991324889,4,11,2,1,24,5,3,0,0,2,0,0,9,6,-1,3,1,0.0,1.0,-1,3,60,1,4,2,02:05,1,6,9
2023631342290,2023,631342290,2,2,1,1,69,10,3,0,0,0,0,0,19,6,W01000496,3,1,0.0,1.0,-1,6,60,1,1,1,09:20,4,2,19
2023440288215,2023,440288215,2,1,1,1,16,4,3,0,0,0,0,0,-1,5,E01022480,-1,0,0.06051,0.93949,-1,6,50,2,1,2,17:20,6,2,-1
2023010469938,2023,010469938,1,1,1,1,45,7,3,0,0,0,0,0,3,8,E01004131,-1,0,0.0,1.0,-1,3,30,1,1,1,16:57,3,2,3
2023161307350,2023,161307350,1,1,1,2,40,7,3,0,0,0,0,0,9,10,E01013012,3,1,0.0,1.0,-1,6,60,1,1,1,09:37,7,3,9
2023461315711,2023,461315711,2,1,1,1,35,6,3,0,0,0,0,0,9,2,E01001130,3,1,0.0,1.0,-1,3,70,1,4,1,23:19,6,3,9
2023531292746,2023,531292746,2,1,1,1,61,9,3,0,0,0,0,0,1,9,E01022304,3,1,0.0,1.0,-1,1,30,9,1,1,16:00,5,2,1
2023170L30193,2023,170L30193,1,1,1,2,42,7,2,0,0,0,0,0,9,1,E01012175,-1,0,1.0,0.0,-1,6,30,1,1,1,17:00,5,2,9
2023440158066,2023,440158066,2,4,2,1,25,5,3,0,0,2,0,0,9,1,E01017154,-1,0,0.06963,0.93037,-1,6,30,1,4,1,20:45,7,2,9
2023010441788,2023,010441788,1,1,1,1,21,5,3,0,0,0,0,0,1,-1,-1,-1,0,0.0,1.0,-1,6,20,1,4,1,22:01,5,2,1
2023010466915,2023,010466915,1,1,1,1,21,5,3,0,0,0,0,0,1,1,E01004298,-1,0,0.0,1.0,-1,2,20,1,1,1,15:25,3,2,1
2023461320143,2023,461320143,1,1,1,1,28,6,2,0,0,0,0,0,3,9,E01024819,7,1,1.0,0.0,-1,6,60,1,1,1,18:19,3,2,3
2023010445730,2023,010445730,1,1,2,2,44,7,3,0,0,2,0,0,9,7,E01000427,-1,0,0.0,1.0,-1,6,20,1,1,1,20:43,1,1,9
2023010470067,2023,010470067,1,1,1,2,31,6,3,0,0,0,0,0,9,3,E01002550,-1,0,0.0,1.0,-1,1,20,1,4,1,22:30,4,1,9
2023552300506,2023,552300506,2,1,1,2,35,6,3,0,0,0,0,0,9,5,E01020410,-1,0,0.02443,0.97557,-1,6,30,1,1,1,13:15,6,2,9
2023122300599,2023,122300599,1,1,1,2,20,4,3,0,0,0,0,0,9,7,E01027816,-1,0,0.07077,0.92923,-1,6,60,2,6,2,23:00,6,1,9
2023501275006,2023,501275006,1,1,1,1,35,6,3,0,0,0,0,0,9,3,E01018869,3,1,0.0,1.0,-1,1,30,1,4,1,19:10,5,2,9
2023544375323,2023,544375323,2,1,1,2,45,7,3,0,0,0,0,0,9,9,E01032099,-1,0,0.00811,0.99189,-1,6,30,1,1,1,11:55,4,2,9
2023061363366,2023,061363366,2,1,1,1,22,5,3,0,0,0,0,0,1,-1,-1,3,1,0.0,1.0,-1,6,30,1,1,1,16:50,6,2,1
2023221303038,2023,221303038,1,1,1,2,41,7,3,0,0,0,0,0,9,1,E01032232,3,1,0.0,1.0,-1,3,70,1,1,1,12:50,2,3,9
2023421345199,2023,421345199,3,1,1,1,35,6,3,0,0,0,0,0,9,4,E01002267,3,1,0.0,1.0,-1,1,30,1,1,1,10:25,5,5,9
2023430081582,2023,430081582,1,1,1,1,82,11,3,0,0,0,0,0,9,9,E01017681,-1,0,0.20786,0.79214,-1,6,60,1,1,2,10:59,4,1,9
2023522300699,2023,522300699,1,1,1,1,29,6,3,0,0,0,0,0,9,2,E01029131,-1,0,0.05457,0.94543,-1,6,30,1,4,1,20:10,3,3,9
2023610045323,2023,610045323,2,2,2,1,21,5,3,0,0,1,0,0,9,6,W01001263,-1,0,0.02264,0.97736,-1,6,50,1,1,2,10:25,6,3,9
2023161296784,2023,161296784,2,1,3,1,31,6,3,5,9,0,0,2,0,2,E01013130,3,1,0.0,1.0,-1,3,30,1,1,1,18:25,6,2,1
202360A184846,2023,60A184846,2,1,1,1,19,4,3,0,0,0,0,0,3,-1,-1,-1,0,0.1678,0.8322,-1,1,30,1,4,1,21:00,3,2,3
2023131350561,2023,131350561,1,2,1,1,31,6,3,0,0,0,0,0,5,1,E01011094,3,1,0.0,1.0,-1,6,30,1,4,1,22:40,6,3,5
2023221382253,2023,221382253,1,1,1,1,57,9,3,0,0,0,0,0,5,10,E01014091,3,1,0.0,1.0,-1,6,40,1,6,1,16:55,5,2,5
2023041288808,2023,041288808,1,1,1,1,22,5,2,0,0,0,0,0,9,2,E01012630,5,1,1.0,0.0,-1,6,60,5,6,2,21:45,2,2,9
2023041296431,2023,041296431,2,1,1,2,36,7,3,0,0,0,0,0,9,7,E01025199,3,1,0.0,1.0,-1,6,30,1,1,2,14:35,5,2,9
2023471273929,2023,471273929,1,1,1,2,35,6,3,0,0,0,0,0,9,1,E01016866,3,1,0.0,1.0,-1,3,30,1,1,1,13:20,4,2,9
2023061320725,2023,061320725,1,1,3,1,-1,-1,3,10,9,0,0,-1,0,-1,-1,3,1,0.0,1.0,-1,6,30,1,1,1,18:00,3,1,1
2023101294430,2023,101294430,2,1,1,1,28,6,3,0,0,0,0,0,1,-1,-1,3,1,0.0,1.0,-1,6,30,1,1,1,17:15,3,2,1
2023161277747,2023,161277747,2,1,1,2,20,4,3,0,0,0,0,0,2,5,E01013236,3,1,0.0,1.0,-1,6,30,1,4,1,19:50,6,2,2
2023010481272,2023,010481272,1,1,1,2,35,6,3,0,0,0,0,0,1,4,E01033725,-1,0,0.0,1.0,-1,1,30,8,1,1,10:00,5,2,1
2023161298120,2023,161298120,1,1,1,2,42,7,3,0,0,0,0,0,9,-1,-1,3,1,0.0,1.0,-1,6,30,1,1,1,15:39,3,3,9
2023421296972,2023,421296972,1,1,2,2,1,1,2,0,0,2,0,0,9,6,E01015945,7,1,1.0,0.0,-1,1,30,1,1,1,11:25,7,1,9
2023010432664,2023,010432664,1,1,3,1,13,3,3,10,9,0,0,0,0,-1,-1,-1,0,0.0,1.0,-1,6,20,1,1,2,07:45,6,1,9
2023302301386,2023,302301386,1,1,3,1,38,7,3,9,8,0,0,0,0,3,E01019739,-1,0,0.09091,0.90909,-1,6,30,1,1,1,17:20,4,1,9
2023201356882,2023,201356882,2,1,1,1,50,8,2,0,0,0,0,0,1,1,E01032889,7,1,1.0,0.0,-1,6,30,1,1,1,13:10,6,2,1
2023061347814,2023,061347814,1,4,2,1,18,4,3,0,0,1,0,0,9,1,E01011107,3,1,0.0,1.0,-1,3,70,1,5,1,20:35,3,3,9
2023070863506,2023,070863506,2,1,1,1,14,3,3,0,0,0,0,0,1,4,E01018309,-1,0,0.10406,0.89594,-1,3,30,1,1,1,12:55,1,2,1
2023501352046,2023,501352046,2,1,1,1,33,6,3,0,0,0,0,0,1,1,E01018910,3,1,0.0,1.0,-1,1,30,1,1,1,15:20,6,2,1
2023201301140,2023,201301140,2,1,1,1,43,7,3,0,0,0,0,0,5,1,E01009147,3,1,0.0,1.0,-1,6,30,1,1,1,19:20,7,2,5
2023010486416,2023,010486416,1,2,2,-1,-1,-1,3,0,0,1,0,0,9,4,E01001686,-1,0,0.0,1.0,-1,6,20,1,4,1,22:53,5,2,9
2023141382579,2023,141382579,1,1,2,2,31,6,3,0,0,1,0,0,9,-1,-1,3,1,0.0,1.0,-1,6,30,2,6,2,17:42,2,1,9
2023231307865,2023,231307865,2,1,1,2,36,7,3,0,0,0,0,0,9,9,E01031301,3,1,0.0,1.0,-1,6,30,1,1,1,09:55,6,2,9
2023302301672,2023,302301672,1,1,1,1,23,5,3,0,0,0,0,0,9,-1,-1,-1,0,0.07222,0.92778,-1,6,40,8,1,2,07:00,5,4,9
2023991291860,2023,991291860,2,1,1,1,88,11,3,0,0,0,0,0,9,5,-1,3,1,0.0,1.0,-1,6,30,2,1,2,14:50,4,2,9
2023141272217,2023,141272217,1,1,1,1,46,8,3,0,0,0,0,0,21,10,E01012302,3,1,0.0,1.0,-1,3,70,1,6,1,23:20,6,2,21
2023052300432,2023,052300432,1,1,3,2,58,9,3,5,9,0,0,0,0,4,E01025518,-1,0,0.13953,0.86047,-1,2,30,1,4,1,19:05,6,1,8
2023010477399,2023,010477399,1,1,1,1,46,8,3,0,0,0,0,0,9,2,E01003545,-1,0,0.0,1.0,-1,3,20,1,1,1,13:55,7,2,9
2023131361244,2023,131361244,1,1,1,1,25,5,3,0,0,0,0,0,9,5,E01012259,3,1,0.0,1.0,-1,3,30,1,1,1,08:00,2,2,9
2023461363833,2023,461363833,2,3,2,1,1,1,3,0,0,2,0,0,9,6,E01024371,3,1,0.0,1.0,-1,6,30,5,6,2,20:22,6,2,9
2023231366349,2023,231366349,2,1,2,2,20,4,3,0,0,0,0,0,19,6,E01031062,3,1,0.0,1.0,-1,6,50,2,1,2,07:39,4,2,19
2023052302872,2023,052302872,1,1,2,1,18,4,3,0,0,2,0,0,9,7,E01006498,-1,0,0.06373,0.93627,-1,6,30,8,4,4,21:15,6,3,9
2023141319644,2023,141319644,1,1,1,1,30,6,3,0,0,0,0,0,9,3,E01007680,3,1,0.0,1.0,-1,6,30,1,1,1,04:49,7,1,9
2023201376013,2023,201376013,1,1,2,2,23,5,3,0,0,2,0,0,9,6,E01009261,3,1,0.0,1.0,-1,3,30,1,1,1,12:50,2,2,9
2023302301526,2023,302301526,1,1,1,1,53,8,3,0,0,0,0,0,9,6,E01019524,-1,0,0.06598,0.93402,-1,6,50,1,1,1,07:20,4,2,9
2023411315987,2023,411315987,2,1,1,1,24,5,3,0,0,0,0,0,9,6,E01023932,3,1,0.0,1.0,-1,3,30,1,1,1,20:37,1,2,9
2023430122126,2023,430122126,2,1,1,1,30,6,3,0,0,0,0,0,9,10,E01028810,-1,0,0.03171,0.96829,-1,1,40,1,1,1,11:32,1,2,9
2023501370754,2023,501370754,2,1,1,2,54,8,2,0,0,0,0,0,9,7,E01019988,7,1,1.0,0.0,-1,6,40,1,4,2,20:50,7,2,9
2023161278131,2023,161278131,2,1,1,1,42,7,2,0,0,0,0,0,9,1,E01026114,7,1,1.0,0.0,-1,3,70,1,6,1,20:45,1,2,9
202354D644323,2023,54D644323,1,1,1,2,31,6,3,0,0,0,0,0,9,-1,-1,-1,0,0.02098,0.97902,-1,1,30,2,4,2,20:21,2,2,9
2023991351980,2023,991351980,2,3,2,1,10,2,3,0,0,2,0,0,9,3,-1,3,1,0.0,1.0,-1,6,30,1,1,1,08:32,3,2,9
2023332300557,2023,332300557,2,1,1,1,47,8,1,0,0,0,0,0,1,-1,-1,-1,0,0.0,0.0,-1,3,40,1,1,1,20:00,6,2,1
2023141318235,2023,141318235,1,2,2,2,88,11,3,0,0,1,0,0,9,-1,-1,3,1,0.0,1.0,-1,1,50,1,1,1,16:11,3,2,9
2023141321574,2023,141321574,1,2,2,2,32,6,3,0,0,1,0,0,9,1,E01007403,3,1,0.0,1.0,-1,1,30,1,1,1,16:20,4,2,9
2023311354340,2023,311354340,1,1,1,2,59,9,3,0,0,0,0,0,9,8,E01028182,3,1,0.0,1.0,-1,6,40,2,1,2,09:30,4,2,9
2023421276660,2023,421276660,1,1,1,1,87,11,2,0,0,0,0,0,9,6,E01021769,7,1,1.0,0.0,-1,6,60,1,1,1,13:03,4,1,9
2023471333261,2023,471333261,2,2,1,1,44,7,3,0,0,0,0,0,9,8,E01031620,3,1,0.0,1.0,-1,6,30,1,1,1,12:36,3,3,9
2023010445823,2023,010445823,2,2,1,2,46,8,3,0,0,0,0,0,2,4,E01001158,-1,0,0.0,1.0,-1,3,20,1,1,1,13:50,2,2,2
2023430346334,2023,430346334,1,1,3,2,38,7,2,10,9,0,0,0,0,-1,-1,-1,0,1.0,0.0,-1,6,30,1,1,1,06:39,6,1,2
2023631334604,2023,631334604,2,1,1,2,58,9,2,0,0,0,0,0,1,7,W01000507,5,1,1.0,0.0,-1,6,60,1,1,1,09:15,7,2,1
2023122300626,2023,122300626,2,3,2,1,23,5,3,0,0,1,0,0,9,7,E01013449,-1,0,0.0535,0.9465,-1,2,20,1,4,2,20:40,3,2,9
2023351340288,2023,351340288,1,1,1,1,68,10,3,0,0,0,0,0,5,10,E01018116,3,1,0.0,1.0,-1,6,60,1,1,1,13:02,5,2,5
2023451308473,2023,451308473,1,1,1,2,32,6,3,0,0,0,0,0,9,-1,-1,3,1,0.0,1.0,-1,1,30,1,4,1,21:30,6,2,9
2023461273626,2023,461273626,2,1,1,1,43,7,3,0,0,0,0,0,9,5,E01016029,3,1,0.0,1.0,-1,7,70,1,4,1,17:48,5,2,9
2023461310812,2023,461310812,1,1,1,1,33,6,3,0,0,0,0,0,9,1,E01024295,3,1,0.0,1.0,-1,6,30,1,1,1,12:05,1,2,9
2023471393555,2023,471393555,1,1,1,2,40,7,3,0,0,0,0,0,9,5,E01021011,3,1,0.0,1.0,-1,6,30,2,1,2,15:55,7,2,9
2023010440784,2023,010440784,1,1,2,2,50,8,3,0,0,0,4,0,11,2,E01001828,-1,0,0.0,1.0,-1,6,20,1,1,1,14:20,3,1,11
2023010430651,2023,010430651,2,1,1,1,22,5,3,0,0,0,0,0,3,4,E01000006,-1,0,0.0,1.0,-1,6,30,1,1,1,12:04,2,2,3
2023041338696,2023,041338696,1,1,3,1,24,5,3,8,5,0,0,1,0,8,E01025540,3,1,0.0,1.0,-1,6,30,1,1,1,11:17,5,1,19
2023041367884,2023,041367884,1,1,3,1,66,10,2,10,9,0,0,0,0,1,E01012751,7,1,1.0,0.0,-1,6,30,1,1,1,10:05,2,1,9
2023201458851,2023,201458851,1,2,2,1,18,4,3,0,0,-1,0,0,9,4,E01010457,3,1,0.0,1.0,-1,3,30,1,4,1,15:31,4,4,9
2023361381793,2023,361381793,2,1,2,2,76,11,2,0,0,1,0,0,9,4,E01018095,6,1,1.0,0.0,-1,6,60,1,6,2,17:57,7,2,9
2023430482836,2023,430482836,1,1,1,1,40,7,3,0,0,0,0,0,9,8,E01017918,-1,0,0.11127,0.88873,-1,6,30,1,4,1,02:38,6,2,9
2023411307869,2023,411307869,1,1,1,2,28,6,3,0,0,0,0,0,9,8,E01023692,3,1,0.0,1.0,-1,6,60,1,6,2,22:15,5,1,9
2023010442446,2023,010442446,1,4,2,-1,-1,-1,3,0,0,2,0,0,9,-1,-1,-1,0,0.0,1.0,-1,3,40,1,1,1,16:33,5,1,9
2023991374536,2023,991374536,2,4,2,1,22,5,3,0,0,2,0,0,9,-1,-1,3,1,0.0,1.0,-1,6,40,1,1,1,11:55,6,2,9