collision_index,collision_year,collision_ref_no,vehicle_reference,casualty_reference,casualty_class,sex_of_casualty,age_of_casualty,age_band_of_casualty,casualty_severity,pedestrian_location,pedestrian_movement,car_passenger,bus_or_coach_passenger,pedestrian_road_maintenance_worker,casualty_type,casualty_imd_decile,lsoa_of_casualty,enhanced_casualty_severity,casualty_injury_based,casualty_adjusted_severity_serious,casualty_adjusted_severity_slight,casualty_distance_banding,road_type,speed_limit,weather_conditions,light_conditions,road_surface_conditions,time,day_of_week,number_of_vehicles,vehicle_type
2023471394318,2023,471394318,1,3,1,1,-1,-1,3,0,0,0,0,0,4,5,E01031570,3,1,0.0,1.0,-1,6,30,9,7,1,18:30,4,2,4
2023122301327,2023,122301327,1,1,3,1,65,9,2,5,1,0,0,0,0,9,E01027690,-1,0,1.0,0.0,-1,6,20,1,4,2,17:30,5,1,19
2023010474281,2023,010474281,1,1,1,1,38,7,3,0,0,0,0,0,1,7,E01002687,-1,0,0.0,1.0,-1,3,20,1,1,1,17:20,5,2,1
2023161362696,2023,161362696,1,1,1,1,52,8,3,0,0,0,0,0,1,1,E01012874,3,1,0.0,1.0,-1,6,30,2,4,2,05:40,6,2,1
2023041355177,2023,041355177,1,1,1,1,87,11,2,0,0,0,0,0,9,4,E01012755,7,1,1.0,0.0,-1,6,30,1,1,1,17:00,4,2,9
2023070449377,2023,070449377,2,2,1,2,52,8,3,0,0,0,0,0,9,5,E01012474,-1,0,0.05357,0.94643,-1,3,70,1,1,1,12:58,6,2,9
2023122301403,2023,122301403,3,1,1,1,26,6,3,0,0,0,0,0,9,6,E01008539,-1,0,0.0161,0.9839,-1,3,70,1,6,1,18:38,6,4,9
2023421276005,2023,421276005,2,2,2,1,29,6,3,0,0,1,0,0,9,9,E01002288,3,1,0.0,1.0,-1,6,30,1,4,2,17:30,7,3,9
2023010448421,2023,010448421,2,1,1,1,36,7,3,0,0,0,0,0,3,-1,-1,-1,0,0.0,1.0,-1,6,20,1,1,1,20:29,1,2,3
2023010426276,2023,010426276,1,1,3,2,16,4,3,4,1,0,0,0,0,2,E01001633,-1,0,0.0,1.0,-1,6,30,1,1,1,13:38,5,1,9
2023010447272,2023,010447272,1,1,1,1,38,7,3,0,0,0,0,0,1,6,E01024847,-1,0,0.0,1.0,-1,6,30,1,1,1,08:05,3,2,1
2023211331295,2023,211331295,1,1,1,1,30,6,3,0,0,0,0,0,3,7,E01029673,3,1,0.0,1.0,-1,6,40,2,1,2,08:18,4,1,3
2023531294900,2023,531294900,2,2,2,2,42,7,2,0,0,0,0,0,90,9,E01031183,7,1,1.0,0.0,-1,3,70,1,6,1,21:29,7,2,90
2023010454300,2023,010454300,2,1,1,1,23,5,3,0,0,0,0,0,-1,3,E01002711,-1,0,0.0,1.0,-1,6,20,1,1,1,10:32,2,2,-1
2023041261280,2023,041261280,1,1,3,1,21,5,2,1,1,0,0,0,0,10,E01025259,7,1,1.0,0.0,-1,6,30,2,4,2,19:33,2,1,19
2023320455649,2023,320455649,1,1,1,2,30,6,3,0,0,0,0,0,3,5,E01026201,-1,0,0.17955,0.82045,-1,7,60,2,1,2,17:00,1,1,3
2023101260691,2023,101260691,2,7,3,2,15,3,3,6,9,0,0,0,0,-1,-1,3,1,0.0,1.0,-1,6,30,1,1,2,14:02,7,2,9
2023010458994,2023,010458994,1,1,3,2,66,10,3,5,9,0,0,0,0,2,E01004308,-1,0,0.0,1.0,-1,2,20,1,4,1,20:40,6,1,1
2023041275072,2023,041275072,1,1,3,2,14,3,3,1,1,0,0,2,0,1,E01024858,3,1,0.0,1.0,-1,6,30,1,1,1,08:05,3,1,9
2023351287375,2023,351287375,1,1,3,1,29,6,3,5,2,0,0,0,0,2,E01015660,3,1,0.0,1.0,-1,6,30,1,1,1,15:16,4,1,9
2023201330023,2023,201330023,1,1,1,1,18,4,3,0,0,0,0,0,3,-1,-1,3,1,0.0,1.0,-1,6,30,2,4,-1,19:34,1,1,3
2023170S40073,2023,170S40073,1,1,1,2,40,7,3,0,0,0,0,0,9,1,E01012150,-1,0,0.07081,0.92919,-1,6,60,1,4,1,16:50,4,3,9
2023471319603,2023,471319603,1,6,2,2,22,5,2,0,0,2,0,0,9,10,E01016930,7,1,1.0,0.0,-1,1,50,1,4,1,20:35,6,2,9
2023010462825,2023,010462825,1,1,3,1,66,10,3,6,9,0,0,0,0,2,E01004296,-1,0,0.0,1.0,-1,6,20,8,1,1,18:18,2,1,3
2023430025760,2023,430025760,2,1,1,1,57,9,3,0,0,0,0,0,1,10,E01017636,-1,0,0.16739,0.83261,-1,6,30,1,4,4,07:35,4,2,1
2023471357287,2023,471357287,1,1,1,1,13,3,3,0,0,0,0,0,1,6,E01031792,3,1,0.0,1.0,-1,6,30,1,1,1,15:20,4,2,1
2023622300294,2023,622300294,2,2,1,1,27,6,2,0,0,0,0,0,5,1,W01001174,-1,0,1.0,0.0,-1,6,30,1,1,1,19:30,2,2,5
2023141370716,2023,141370716,2,2,1,1,27,6,3,0,0,0,0,0,9,5,E01019803,3,1,0.0,1.0,-1,6,30,2,4,2,21:10,7,2,9
2023311365732,2023,311365732,1,2,2,2,-1,-1,2,0,0,-1,0,0,9,-1,-1,7,1,1.0,0.0,-1,6,30,9,1,1,12:41,1,2,9
2023161389017,2023,161389017,1,1,3,2,73,10,3,8,1,0,0,2,0,-1,-1,3,1,0.0,1.0,-1,6,30,8,1,1,10:00,7,1,9
2023010445097,2023,010445097,1,1,1,2,36,7,3,0,0,0,0,0,1,4,E01003053,-1,0,0.0,1.0,-1,6,30,1,1,1,19:20,3,2,1
2023351325719,2023,351325719,2,1,1,1,37,7,3,0,0,0,0,0,1,10,E01017955,3,1,0.0,1.0,-1,6,30,1,4,-1,00:50,7,2,1
2023010482170,2023,010482170,1,1,1,1,31,6,3,0,0,0,0,0,1,6,E01004529,-1,0,0.0,1.0,-1,6,20,1,1,2,12:30,3,2,1
2023010443995,2023,010443995,2,1,1,1,18,4,3,0,0,0,0,0,1,4,E01001252,-1,0,0.0,1.0,-1,2,30,1,1,1,14:55,6,2,1
2023010471816,2023,010471816,2,1,1,2,45,7,3,0,0,0,0,0,9,2,E01002310,-1,0,0.0,1.0,-1,6,30,1,1,1,15:10,6,2,9
2023052302329,2023,052302329,1,1,1,1,69,10,2,0,0,0,0,0,9,-1,-1,-1,0,1.0,0.0,-1,6,30,1,1,2,13:30,7,2,9
2023161368670,2023,161368670,1,5,2,1,90,11,1,0,0,1,0,0,9,4,E01019503,1,1,0.0,0.0,-1,6,60,1,1,1,15:56,2,2,9
2023211330316,2023,211330316,1,1,1,1,19,4,3,0,0,0,0,0,9,2,E01029359,3,1,0.0,1.0,-1,6,30,1,1,1,17:00,2,1,9
2023311302106,2023,311302106,2,1,1,1,39,7,2,0,0,0,0,0,9,5,E01019564,5,1,1.0,0.0,-1,6,60,1,1,2,06:48,6,2,9
2023311327691,2023,311327691,1,1,1,1,31,6,3,0,0,0,0,0,9,9,E01016196,3,1,0.0,1.0,-1,6,50,1,1,1,08:00,2,2,9
2023411366440,2023,411366440,2,1,1,2,38,7,3,0,0,0,0,0,9,6,E01023941,3,1,0.0,1.0,-1,1,50,1,1,1,12:30,7,2,9
2023991261755,2023,991261755,1,2,1,1,19,4,2,0,0,0,0,0,9,-1,-1,7,1,1.0,0.0,-1,6,60,5,6,2,22:07,3,1,9
2023010461504,2023,010461504,3,2,1,2,46,8,3,0,0,0,0,0,9,3,E01015973,-1,0,0.0,1.0,-1,2,30,1,1,1,05:43,1,4,9
2023010473523,2023,010473523,1,2,2,2,33,6,3,0,0,1,0,0,9,2,E01001006,-1,0,0.0,1.0,-1,7,30,1,1,1,11:30,1,2,9
2023131305102,2023,131305102,2,6,2,1,20,4,3,0,0,2,0,0,9,1,E01007736,3,1,0.0,1.0,-1,3,30,2,4,2,23:00,2,2,9
2023440097382,2023,440097382,2,1,1,1,46,8,3,0,0,0,0,0,9,7,E01031849,-1,0,0.031,0.969,-1,6,40,1,4,1,18:03,6,2,9
2023451297603,2023,451297603,2,2,1,1,79,11,3,0,0,0,0,0,9,8,E01030867,3,1,0.0,1.0,-1,6,40,1,1,1,15:36,2,2,9
2023440499812,2023,440499812,1,1,1,1,82,11,3,0,0,0,0,0,5,8,E01033380,-1,0,0.18945,0.81055,-1,3,30,1,1,1,14:20,4,1,5
2023471324244,2023,471324244,1,1,3,2,12,3,3,8,1,0,0,0,0,1,E01016908,3,1,0.0,1.0,-1,6,20,1,1,1,15:15,5,1,9
2023531299497,2023,531299497,1,3,2,2,20,4,2,0,0,-1,0,0,9,3,E01022403,6,1,1.0,0.0,-1,6,60,1,1,1,19:20,7,1,9
2023161353710,2023,161353710,1,1,3,1,11,3,2,9,9,0,0,2,0,1,E01012951,7,1,1.0,0.0,-1,6,30,1,1,2,15:58,2,1,19
2023010433923,2023,010433923,1,1,1,2,46,8,3,0,0,0,0,0,1,3,E01002620,-1,0,0.0,1.0,-1,9,20,9,1,9,08:13,6,2,1
2023430290995,2023,430290995,1,1,1,1,26,6,3,0,0,0,0,0,3,2,E01016415,-1,0,0.06383,0.93617,-1,1,30,1,4,1,23:30,6,2,3
2023041361390,2023,041361390,1,1,3,2,47,8,3,5,1,0,0,0,0,2,E01025060,3,1,0.0,1.0,-1,6,30,1,1,1,09:30,3,1,9
2023010460902,2023,010460902,1,1,1,-1,27,6,3,0,0,0,0,0,3,-1,-1,-1,0,0.0,1.0,-1,3,40,9,1,9,15:26,4,2,3
2023991308088,2023,991308088,1,1,1,1,27,6,3,0,0,0,0,0,5,10,-1,3,1,0.0,1.0,-1,6,30,1,1,1,16:50,3,1,5
2023340WN5642,2023,340WN5642,1,1,1,1,51,8,2,0,0,0,0,0,9,2,E01027155,-1,0,1.0,0.0,-1,6,60,1,1,2,12:07,4,2,9
2023371278825,2023,371278825,2,1,1,1,28,6,3,0,0,0,0,0,9,6,E01033453,3,1,0.0,1.0,-1,6,30,1,1,1,10:30,2,2,9
2023547487223,2023,547487223,2,1,1,2,29,6,3,0,0,0,0,0,9,3,E01032094,-1,0,0.03906,0.96094,-1,6,60,1,1,1,07:35,2,2,9
2023622300493,2023,622300493,2,1,1,2,19,4,3,0,0,0,0,0,9,6,W01001324,-1,0,0.02023,0.97977,-1,6,20,1,1,1,14:01,5,3,9
2023061363207,2023,061363207,1,2,1,1,61,9,3,0,0,0,0,0,1,7,E01024923,3,1,0.0,1.0,-1,6,20,1,1,1,09:20,7,1,1
2023131309360,2023,131309360,2,1,1,1,14,3,2,0,0,0,0,0,1,1,E01011730,7,1,1.0,0.0,-1,6,30,1,1,1,16:46,6,2,1
2023010454242,2023,010454242,1,1,1,1,26,6,3,0,0,0,0,0,3,1,E01000605,-1,0,0.0,1.0,-1,6,20,1,1,1,15:00,6,2,3
2023010461943,2023,010461943,2,1,1,1,19,4,3,0,0,0,0,0,1,6,E01033457,-1,0,0.0,1.0,-1,6,20,1,1,1,09:15,4,2,1
2023471352370,2023,471352370,2,1,1,1,11,3,3,0,0,0,0,0,1,8,E01020953,3,1,0.0,1.0,-1,6,30,1,1,1,12:45,3,2,1
2023302301547,2023,302301547,1,1,1,1,16,4,2,0,0,0,0,0,5,6,E01013505,-1,0,1.0,0.0,-1,6,30,1,4,1,22:35,2,2,5
2023010441450,2023,010441450,1,2,2,1,18,4,3,0,0,2,0,0,9,7,E01002962,-1,0,0.0,1.0,-1,3,20,1,1,1,21:45,5,1,9
2023010461847,2023,010461847,1,1,1,2,41,7,3,0,0,0,0,0,9,3,E01015922,-1,0,0.0,1.0,-1,3,50,1,1,1,17:42,2,3,9
2023070415225,2023,070415225,2,1,1,2,55,8,3,0,0,0,0,0,9,1,E01012453,-1,0,0.02375,0.97625,-1,1,30,1,1,1,17:21,3,2,9
2023340NN0872,2023,340NN0872,2,2,2,1,22,5,2,0,0,1,0,0,9,-1,-1,-1,0,1.0,0.0,-1,6,20,1,4,1,19:35,3,2,9
2023542727023,2023,542727023,3,1,1,2,63,9,3,0,0,0,0,0,9,10,E01015396,-1,0,0.02443,0.97557,-1,6,50,1,1,1,11:35,2,3,9
2023991276818,2023,991276818,1,4,2,2,15,3,3,0,0,2,0,0,9,6,-1,3,1,0.0,1.0,-1,6,60,1,6,1,22:54,3,1,9
2023440508896,2023,440508896,1,1,3,2,15,3,3,4,1,0,0,0,0,1,E01017280,-1,0,0.05237,0.94763,-1,6,30,1,4,1,07:44,3,1,9
2023221281682,2023,221281682,2,1,1,1,77,11,2,0,0,0,0,0,1,5,E01028902,7,1,1.0,0.0,-1,6,20,1,1,1,16:50,3,2,1
2023302300065,2023,302300065,2,1,1,1,62,9,3,0,0,0,0,0,1,3,E01019739,-1,0,0.12528,0.87472,-1,6,30,1,4,2,16:45,2,2,1
2023332300194,2023,332300194,2,1,1,1,20,4,2,0,0,0,0,0,4,1,E01013638,-1,0,1.0,0.0,-1,6,40,2,4,2,05:40,5,2,4
2023010426018,2023,010426018,1,1,1,1,29,6,3,0,0,0,0,0,5,7,E01026994,-1,0,0.0,1.0,-1,6,30,1,1,2,10:35,1,2,5
2023161333151,2023,161333151,1,1,3,1,59,9,2,5,1,0,0,0,0,10,E01013060,7,1,1.0,0.0,-1,6,30,2,1,2,13:40,1,1,9
2023010478611,2023,010478611,1,1,1,2,39,7,3,0,0,0,0,0,1,3,E01001864,-1,0,0.0,1.0,-1,2,20,1,4,1,18:25,5,2,1
2023141388478,2023,141388478,1,1,1,2,39,7,3,0,0,0,0,0,9,10,E01007619,3,1,0.0,1.0,-1,3,70,1,6,2,07:09,3,3,9
2023052300520,2023,052300520,1,1,3,2,39,7,3,8,1,0,0,0,0,5,E01006833,-1,0,0.13983,0.86017,-1,6,30,1,1,1,08:20,6,1,9
2023340WN3552,2023,340WN3552,1,1,3,2,45,7,3,5,3,0,0,0,0,-1,-1,-1,0,0.15618,0.84382,-1,6,30,1,1,1,17:45,4,1,9
2023131325534,2023,131325534,1,1,1,1,17,4,2,0,0,0,0,0,3,2,E01011852,7,1,1.0,0.0,-1,3,30,1,4,1,22:15,2,2,3
2023010458267,2023,010458267,1,1,1,2,53,8,3,0,0,0,0,0,9,4,E01003770,-1,0,0.0,1.0,-1,6,30,8,1,1,13:15,7,2,9
2023010476233,2023,010476233,1,1,1,1,30,6,3,0,0,0,0,0,3,2,E01002080,-1,0,0.0,1.0,-1,6,20,9,1,9,15:50,6,2,3
2023430435213,2023,430435213,1,1,3,2,6,2,3,5,4,0,0,0,0,-1,-1,-1,0,0.13454,0.86546,-1,6,30,1,1,1,08:50,5,1,9
2023201410761,2023,201410761,2,1,1,1,16,4,2,0,0,0,0,0,-1,-1,-1,7,1,1.0,0.0,-1,1,30,1,1,1,15:30,5,2,-1
2023201292449,2023,201292449,1,1,1,1,45,7,3,0,0,0,0,0,9,2,E01032161,3,1,0.0,1.0,-1,6,30,1,1,1,13:46,7,2,9
2023351271964,2023,351271964,2,1,1,2,30,6,3,0,0,0,0,0,9,4,E01015621,3,1,0.0,1.0,-1,6,30,1,1,2,15:15,4,2,9
2023501304513,2023,501304513,1,1,1,1,43,7,1,0,0,0,0,0,9,1,E01019020,1,1,0.0,0.0,-1,6,60,2,7,2,05:45,6,1,9
2023010479628,2023,010479628,1,1,1,-1,29,6,3,0,0,0,0,0,4,6,E01001245,-1,0,0.0,1.0,-1,9,20,9,4,9,18:25,4,2,4
2023041363067,2023,041363067,1,1,3,1,52,8,2,8,7,0,0,0,0,9,E01025303,7,1,1.0,0.0,-1,6,30,1,4,1,20:25,7,1,9
2023010451800,2023,010451800,1,1,3,2,16,4,3,10,9,0,0,0,0,-1,-1,-1,0,0.0,1.0,-1,9,30,1,1,9,19:00,2,2,2
2023440169130,2023,440169130,2,1,1,1,38,7,2,0,0,0,0,0,5,8,E01022935,-1,0,1.0,0.0,-1,6,30,1,1,1,12:57,1,2,5
2023991304877,2023,991304877,1,1,3,2,60,9,2,5,9,0,0,2,0,-1,-1,7,1,1.0,0.0,-1,6,30,1,1,1,14:15,1,1,9
2023010435477,2023,010435477,1,1,1,1,22,5,3,0,0,0,0,0,3,4,E01004495,-1,0,0.0,1.0,-1,9,20,9,4,1,09:11,7,2,3
2023520301421,2023,520301421,1,1,1,1,69,10,2,0,0,0,0,0,4,6,E01014781,-1,0,1.0,0.0,-1,6,30,1,1,1,14:33,6,2,4
2023351378539,2023,351378539,1,1,3,1,66,10,3,4,3,0,0,0,0,10,E01018245,3,1,0.0,1.0,-1,6,30,1,1,1,15:20,5,1,9
2023070454534,2023,070454534,2,2,2,1,8,2,3,0,0,2,0,0,9,8,E01006792,-1,0,0.00324,0.99676,-1,6,30,1,1,1,13:30,7,2,9
2023991280695,2023,991280695,1,2,2,2,16,4,2,0,0,2,0,0,9,1,-1,5,1,1.0,0.0,-1,6,60,1,6,1,21:05,1,3,9
2023010433972,2023,010433972,1,1,2,1,67,10,3,0,0,0,3,0,11,5,E01000847,-1,0,0.0,1.0,-1,3,30,1,1,2,11:45,6,1,11
2023991282075,2023,991282075,1,1,3,2,56,9,2,1,1,0,0,0,0,2,-1,7,1,1.0,0.0,-1,3,70,1,6,1,04:50,5,1,9
2023010449488,2023,010449488,1,1,1,1,23,5,3,0,0,0,0,0,1,-1,-1,-1,0,0.0,1.0,-1,6,20,1,4,1,00:45,6,2,1
2023041366630,2023,041366630,1,1,3,2,61,9,2,1,3,0,0,0,0,2,E01025059,7,1,1.0,0.0,-1,6,30,1,4,2,19:25,3,1,9
2023401295453,2023,401295453,1,1,3,2,23,5,3,1,3,0,0,0,0,7,E01017431,3,1,0.0,1.0,-1,6,20,1,1,1,16:01,6,1,9
2023010433421,2023,010433421,2,1,1,1,37,7,3,0,0,0,0,0,8,6,E01003694,-1,0,0.0,1.0,-1,3,50,1,4,2,02:50,1,3,8
2023010441911,2023,010441911,1,1,1,1,23,5,3,0,0,0,0,0,3,2,E01003556,-1,0,0.0,1.0,-1,6,20,2,1,2,13:30,7,2,3
2023111363836,2023,111363836,1,1,3,2,58,9,2,1,3,0,0,0,0,-1,-1,7,1,1.0,0.0,-1,1,30,1,1,1,12:30,1,1,9
2023010440967,2023,010440967,1,1,1,1,21,5,3,0,0,0,0,0,3,4,E01021451,-1,0,0.0,1.0,-1,6,30,1,1,1,17:26,4,2,3
2023010443838,2023,010443838,1,1,1,1,31,6,3,0,0,0,0,0,3,2,E01003126,-1,0,0.0,1.0,-1,6,20,1,4,1,22:30,7,2,3
2023340WN5732,2023,340WN5732,2,2,1,1,46,8,3,0,0,0,0,0,9,2,E01027161,-1,0,0.03758,0.96242,-1,6,30,1,1,2,09:30,7,2,9
2023371393323,2023,371393323,1,1,1,1,91,11,2,0,0,0,0,0,9,8,E01030293,5,1,1.0,0.0,-1,6,50,1,1,1,13:33,6,2,9
2023221325246,2023,221325246,1,1,1,1,29,6,3,0,0,0,0,0,9,-1,-1,3,1,0.0,1.0,-1,6,60,1,1,1,09:38,2,1,9
2023302301251,2023,302301251,2,1,1,2,42,7,3,0,0,0,0,0,9,9,E01008023,-1,0,0.03996,0.96004,-1,6,50,1,1,1,09:34,2,2,9
2023991271175,2023,991271175,1,1,1,2,48,8,3,0,0,0,0,0,9,-1,-1,3,1,0.0,1.0,-1,6,30,1,1,2,08:25,5,2,9
2023101361194,2023,101361194,1,1,1,1,32,6,3,0,0,0,0,0,9,1,E01008325,3,1,0.0,1.0,-1,3,30,1,4,1,19:43,1,1,9
2023131286801,2023,131286801,3,1,1,2,49,8,3,0,0,0,0,0,9,4,E01010675,3,1,0.0,1.0,-1,3,40,1,4,2,17:48,3,3,9
2023131362276,2023,131362276,1,1,1,1,26,6,3,0,0,0,0,0,9,7,E01011879,3,1,0.0,1.0,-1,3,70,1,5,1,17:56,5,2,9
2023451391235,2023,451391235,1,1,2,1,24,5,3,0,0,1,0,0,9,10,E01031718,3,1,0.0,1.0,-1,6,50,1,6,1,19:40,5,2,9
2023461381239,2023,461381239,2,1,1,2,21,5,3,0,0,0,0,0,9,2,E01024840,3,1,0.0,1.0,-1,6,60,1,1,4,08:17,6,2,9
2023061268310,2023,061268310,3,1,1,2,40,7,3,0,0,0,0,0,9,3,E01005547,3,1,0.0,1.0,-1,6,40,1,1,1,12:55,7,3,9
2023501354234,2023,501354234,1,1,1,2,58,9,3,0,0,0,0,0,9,10,E01020062,3,1,0.0,1.0,-1,6,30,2,1,2,09:12,4,1,9
2023010451738,2023,010451738,2,1,2,2,44,7,3,0,0,1,0,0,9,-1,-1,-1,0,0.0,1.0,-1,6,20,1,1,1,11:02,3,2,9
2023401293828,2023,401293828,1,1,1,1,21,5,3,0,0,0,0,0,9,3,E01017536,3,1,0.0,1.0,-1,6,30,2,4,2,23:10,7,2,9
2023451315973,2023,451315973,1,3,1,1,36,7,3,0,0,0,0,0,9,5,E01000615,3,1,0.0,1.0,-1,3,70,1,1,1,09:55,1,2,9
2023552300731,2023,552300731,1,2,2,2,4,1,3,0,0,2,0,0,9,6,E01020541,-1,0,0.06674,0.93326,-1,6,60,1,1,1,10:29,5,1,9
2023031315167,2023,031315167,2,1,1,1,63,9,3,0,0,0,0,0,97,-1,-1,3,1,0.0,1.0,-1,6,30,1,1,1,14:00,2,2,97
2023471272353,2023,471272353,1,1,3,1,56,9,2,9,5,0,0,0,0,1,E01016895,6,1,1.0,0.0,-1,3,70,1,7,1,06:55,7,2,9
2023010470207,2023,010470207,2,1,1,2,33,6,3,0,0,0,0,0,1,3,E01001764,-1,0,0.0,1.0,-1,6,20,1,4,1,17:30,5,2,1
2023010455779,2023,010455779,3,1,1,1,46,8,3,0,0,0,0,0,5,-1,-1,-1,0,0.0,1.0,-1,6,20,1,4,1,22:40,2,4,5
2023351273768,2023,351273768,2,1,1,1,22,5,3,0,0,0,0,0,1,7,E01015946,3,1,0.0,1.0,-1,6,30,1,1,1,13:00,5,2,1
2023010468993,2023,010468993,1,1,1,1,46,8,3,0,0,0,0,0,3,3,E01001547,-1,0,0.0,1.0,-1,9,20,9,7,9,19:40,5,2,3
2023031382025,2023,031382025,1,1,3,2,43,7,3,6,9,0,0,2,0,2,E01033601,3,1,0.0,1.0,-1,6,30,3,1,3,12:01,7,3,9
2023052301117,2023,052301117,2,2,2,1,70,10,3,0,0,1,0,0,9,-1,-1,-1,0,0.02408,0.97592,-1,3,30,1,1,1,17:00,3,2,9
2023131313968,2023,131313968,1,2,1,1,37,7,2,0,0,0,0,0,9,1,E01033003,7,1,1.0,0.0,-1,6,20,1,1,1,19:15,5,2,9
2023161342168,2023,161342168,2,1,1,2,60,9,3,0,0,0,0,0,9,1,E01012875,3,1,0.0,1.0,-1,6,30,1,1,1,11:45,1,2,9
2023302300418,2023,302300418,1,2,2,2,10,2,3,0,0,1,0,0,9,-1,-1,-1,0,0.0309,0.9691,-1,6,30,1,1,2,15:50,5,3,9
2023471304145,2023,471304145,2,1,1,1,58,9,3,0,0,0,0,0,5,9,E01031561,3,1,0.0,1.0,-1,3,40,1,1,2,18:55,5,2,5
2023041293072,2023,041293072,2,1,1,2,33,6,3,0,0,0,0,0,9,3,E01012623,3,1,0.0,1.0,-1,3,30,1,5,1,05:27,2,3,9
2023211325443,2023,211325443,2,2,2,2,-1,-1,2,0,0,1,0,0,9,2,E01014260,7,1,1.0,0.0,-1,3,40,2,1,2,13:25,2,2,9
2023010481887,2023,010481887,1,1,1,1,26,6,3,0,0,0,0,0,3,10,E01002390,-1,0,0.0,1.0,-1,9,30,1,7,9,19:30,5,2,3
2023320180014,2023,320180014,1,1,1,1,22,5,3,0,0,0,0,0,19,4,E01013179,-1,0,0.05305,0.94695,-1,6,60,2,6,2,22:00,3,1,19
2023010466296,2023,010466296,2,1,1,1,44,7,3,0,0,0,0,0,1,10,E01003859,-1,0,0.0,1.0,-1,6,20,1,1,1,17:21,6,2,1
2023552301105,2023,552301105,1,1,1,1,18,4,2,0,0,0,0,0,3,4,E01029241,-1,0,1.0,0.0,-1,6,30,1,1,1,15:20,7,2,3
2023010444770,2023,010444770,1,1,1,1,35,6,3,0,0,0,0,0,1,7,E01001495,-1,0,0.0,1.0,-1,2,20,1,1,1,17:36,3,2,1
2023542988923,2023,542988923,1,1,1,1,55,8,2,0,0,0,0,0,5,6,E01029121,-1,0,1.0,0.0,-1,6,40,1,1,1,14:40,2,2,5
2023201415512,2023,201415512,2,1,1,1,-1,-1,3,0,0,0,0,0,19,-1,-1,3,1,0.0,1.0,-1,1,30,1,4,1,02:00,1,2,19
2023161387803,2023,161387803,2,1,1,1,15,3,3,0,0,0,0,0,1,6,E01013176,3,1,0.0,1.0,-1,6,30,1,4,1,16:34,3,2,1
2023430434186,2023,430434186,2,1,1,1,23,5,3,0,0,0,0,0,4,7,E01033509,-1,0,0.06721,0.93279,-1,6,30,1,7,1,19:22,3,2,4
2023010444940,2023,010444940,1,1,3,1,41,7,2,6,9,0,0,0,0,5,E01001499,-1,0,1.0,0.0,-1,6,20,1,1,1,07:34,5,2,9
2023552301340,2023,552301340,1,1,3,2,20,4,3,1,3,0,0,0,0,7,E01020349,-1,0,0.08304,0.91696,-1,6,30,1,5,1,21:41,3,1,8
2023141266585,2023,141266585,1,1,3,2,39,7,2,1,9,0,0,0,0,3,E01007667,7,1,1.0,0.0,-1,6,30,1,1,1,15:05,3,1,-1
2023010466840,2023,010466840,1,1,1,1,28,6,3,0,0,0,0,0,3,6,E01003394,-1,0,0.0,1.0,-1,6,20,1,1,1,16:00,2,2,3
2023070452983,2023,070452983,2,1,1,1,69,10,2,0,0,0,0,0,5,10,E01012449,-1,0,1.0,0.0,-1,6,50,1,1,1,13:15,7,2,5
2023461378187,2023,461378187,1,1,3,1,25,5,3,10,9,0,0,0,0,6,E01024729,3,1,0.0,1.0,-1,6,30,1,1,1,20:00,3,1,9
2023991430845,2023,991430845,1,1,1,1,31,6,3,0,0,0,0,0,1,-1,-1,3,1,0.0,1.0,-1,6,20,2,4,2,19:01,6,2,1
2023010426958,2023,010426958,1,1,1,1,46,8,3,0,0,0,0,0,1,3,E01004208,-1,0,0.0,1.0,-1,6,30,1,4,1,23:30,6,1,1
2023010486271,2023,010486271,2,1,1,1,42,7,2,0,0,0,0,0,1,6,E01001070,-1,0,1.0,0.0,-1,6,30,5,4,2,04:41,5,2,1
2023211342094,2023,211342094,2,2,1,1,16,4,2,0,0,0,0,0,1,2,E01014263,6,1,1.0,0.0,-1,6,30,1,4,1,21:30,3,2,1
2023471300356,2023,471300356,2,1,1,1,28,6,3,0,0,0,0,0,1,7,E01016870,3,1,0.0,1.0,-1,6,20,1,1,1,14:00,2,2,1
2023231367749,2023,231367749,1,1,3,2,85,11,2,6,9,0,0,0,0,9,E01031254,6,1,1.0,0.0,-1,6,20,1,1,1,10:00,5,1,9
2023101372721,2023,101372721,2,1,1,1,27,6,2,0,0,0,0,0,9,7,E01027633,7,1,1.0,0.0,-1,6,30,1,1,1,11:40,2,2,9
2023302300826,2023,302300826,2,2,2,1,11,3,3,0,0,2,0,0,9,9,E01025921,-1,0,0.0618,0.9382,-1,6,60,1,1,1,18:35,7,2,9
2023320002786,2023,320002786,2,2,1,2,29,6,3,0,0,0,0,0,9,5,E01033414,-1,0,0.06229,0.93771,-1,6,60,1,1,1,15:10,2,2,9
2023430555539,2023,430555539,1,1,1,1,20,4,2,0,0,0,0,0,9,5,E01028787,-1,0,1.0,0.0,-1,6,60,1,6,2,21:16,2,1,9
2023440350402,2023,440350402,1,1,1,1,19,4,2,0,0,0,0,0,9,10,E01022995,-1,0,1.0,0.0,-1,6,40,1,6,2,01:31,4,1,9
2023041338327,2023,041338327,2,2,2,2,25,5,3,0,0,1,0,0,9,1,E01024906,3,1,0.0,1.0,-1,3,30,2,1,2,13:45,7,2,9
2023131268952,2023,131268952,1,2,2,1,4,1,3,0,0,2,0,0,9,4,E01011808,3,1,0.0,1.0,-1,6,30,1,4,1,17:14,6,2,9