collision_index,collision_year,collision_ref_no,vehicle_reference,casualty_reference,casualty_class,sex_of_casualty,age_of_casualty,age_band_of_casualty,casualty_severity,pedestrian_location,pedestrian_movement,car_passenger,bus_or_coach_passenger,pedestrian_road_maintenance_worker,casualty_type,casualty_imd_decile,lsoa_of_casualty,enhanced_casualty_severity,casualty_injury_based,casualty_adjusted_severity_serious,casualty_adjusted_severity_slight,casualty_distance_banding,road_type,speed_limit,weather_conditions,light_conditions,road_surface_conditions,time,day_of_week,number_of_vehicles,vehicle_type
2023161303323,2023,161303323,2,2,2,2,25,5,3,0,0,1,0,0,9,4,E01013320,3,1,0.0,1.0,-1,3,70,1,1,1,12:11,5,3,9
2023161381813,2023,161381813,2,1,1,2,40,7,3,0,0,0,0,0,9,2,E01012826,3,1,0.0,1.0,-1,6,30,1,4,2,18:00,7,2,9
2023451368110,2023,451368110,2,1,1,1,19,4,3,0,0,0,0,0,9,1,E01001080,3,1,0.0,1.0,-1,6,40,1,1,1,09:20,2,2,9
2023520400521,2023,520400521,1,1,1,2,17,4,3,0,0,0,0,0,9,7,E01029211,-1,0,0.06315,0.93685,-1,6,60,2,6,2,22:36,2,1,9
2023351333223,2023,351333223,1,1,1,2,71,10,3,0,0,0,0,0,9,9,E01028659,3,1,0.0,1.0,-1,6,60,1,1,1,11:37,5,2,9
2023501383500,2023,501383500,2,2,1,1,35,6,3,0,0,0,0,0,9,4,E01018924,3,1,0.0,1.0,-1,6,60,1,1,2,13:30,4,2,9
2023010422204,2023,010422204,1,1,1,1,32,6,3,0,0,0,0,0,9,8,E01000371,-1,0,0.0,1.0,-1,9,20,9,7,9,17:25,5,2,9
2023201459064,2023,201459064,1,1,1,2,-1,-1,2,0,0,0,0,0,9,5,E01009046,7,1,1.0,0.0,-1,6,30,1,1,1,11:32,4,2,9
2023231297709,2023,231297709,2,4,2,2,7,2,3,0,0,2,0,0,9,3,E01031080,3,1,0.0,1.0,-1,6,50,1,1,1,13:03,1,2,9
2023471308112,2023,471308112,1,1,1,1,39,7,3,0,0,0,0,0,19,6,E01031523,3,1,0.0,1.0,-1,6,30,1,1,1,17:58,3,1,19
2023421380873,2023,421380873,2,1,1,1,60,9,3,0,0,0,0,0,9,7,E01021904,3,1,0.0,1.0,-1,6,30,9,4,-1,18:12,6,2,9
2023201413881,2023,201413881,2,1,1,2,19,4,3,0,0,0,0,0,9,5,E01009721,3,1,0.0,1.0,-1,6,30,2,4,2,19:01,7,2,9
2023461387102,2023,461387102,2,2,2,2,32,6,3,0,0,2,0,0,9,7,E01024801,3,1,0.0,1.0,-1,6,60,1,6,1,17:41,3,2,9
2023421339110,2023,421339110,2,1,2,1,14,3,3,0,0,1,0,0,9,-1,-1,3,1,0.0,1.0,-1,6,30,1,1,1,17:50,1,2,9
2023991332175,2023,991332175,1,2,2,1,23,5,2,0,0,1,0,0,9,-1,-1,7,1,1.0,0.0,-1,6,60,1,6,1,02:05,4,1,9
2023141302188,2023,141302188,1,1,1,1,21,5,3,0,0,0,0,0,9,3,E01011024,3,1,0.0,1.0,-1,3,70,1,1,1,05:20,3,3,9
2023201392088,2023,201392088,2,3,2,2,16,4,3,0,0,2,0,0,9,3,E01029448,3,1,0.0,1.0,-1,3,30,1,4,1,17:30,7,2,9
2023430067362,2023,430067362,2,1,1,1,50,8,2,0,0,0,0,0,9,7,E01022526,-1,0,1.0,0.0,-1,6,30,1,1,1,13:36,2,3,9
2023010463444,2023,010463444,1,1,1,1,23,5,3,0,0,0,0,0,9,-1,-1,-1,0,0.0,1.0,-1,6,20,1,4,1,19:45,5,2,9
2023401380313,2023,401380313,2,3,1,1,30,6,3,0,0,0,0,0,9,8,E01027297,3,1,0.0,1.0,-1,6,60,1,4,1,22:25,6,2,9
2023401392870,2023,401392870,1,1,1,2,55,8,3,0,0,0,0,0,9,3,E01015751,3,1,0.0,1.0,-1,6,30,1,4,2,16:45,5,3,9
2023991318746,2023,991318746,1,1,1,1,47,8,3,0,0,0,0,0,9,3,-1,3,1,0.0,1.0,-1,6,60,1,1,1,17:40,4,2,9
2023622300032,2023,622300032,1,2,2,2,19,4,3,0,0,1,0,0,9,1,W01000817,-1,0,0.04803,0.95197,-1,6,40,2,6,2,01:12,5,1,9
2023320628296,2023,320628296,1,1,1,1,43,7,3,0,0,0,0,0,9,6,E01026348,-1,0,0.07976,0.92024,-1,6,30,1,1,1,17:44,2,2,9
2023010468862,2023,010468862,1,1,1,2,41,7,3,0,0,0,0,0,3,1,E01002067,-1,0,0.0,1.0,-1,6,20,2,4,2,22:50,5,2,3
2023131357037,2023,131357037,2,1,1,1,23,5,2,0,0,0,0,0,1,8,E01011929,7,1,1.0,0.0,-1,6,30,1,1,2,16:00,4,2,1
2023531417850,2023,531417850,1,1,1,2,9,2,3,0,0,0,0,0,1,4,E01022301,3,1,0.0,1.0,-1,6,30,1,1,1,16:20,5,2,1
2023010432862,2023,010432862,2,1,1,1,25,5,3,0,0,0,0,0,1,2,E01004268,-1,0,0.0,1.0,-1,6,20,1,1,2,13:00,7,2,1
2023421383130,2023,421383130,1,1,1,1,18,4,3,0,0,0,0,0,97,-1,-1,3,1,0.0,1.0,-1,6,30,1,1,1,18:45,2,2,97
2023010437400,2023,010437400,1,1,1,1,26,6,3,0,0,0,0,0,3,5,E01001277,-1,0,0.0,1.0,-1,6,20,1,1,1,15:25,6,2,3
2023041363324,2023,041363324,1,1,1,1,31,6,2,0,0,0,0,0,9,1,E01025151,5,1,1.0,0.0,-1,6,30,1,4,1,21:35,2,1,9
2023332300201,2023,332300201,2,3,2,2,63,9,3,0,0,2,0,0,9,3,E01013698,-1,0,0.05051,0.94949,-1,6,50,8,1,1,14:09,1,2,9
2023411286201,2023,411286201,2,2,1,2,28,6,3,0,0,0,0,0,9,4,E01023877,3,1,0.0,1.0,-1,6,30,1,4,1,19:04,6,2,9
2023430427119,2023,430427119,1,1,1,1,25,5,3,0,0,0,0,0,9,4,E01016462,-1,0,0.00869,0.99131,-1,6,30,1,1,1,10:57,6,2,9
2023131271983,2023,131271983,1,1,1,1,46,8,3,0,0,0,0,0,19,7,E01011112,3,1,0.0,1.0,-1,6,40,1,1,2,09:12,5,1,19
2023101376789,2023,101376789,1,1,3,1,12,3,3,5,1,0,0,0,0,-1,-1,3,1,0.0,1.0,-1,6,30,1,1,2,15:15,7,1,9
2023201339290,2023,201339290,1,2,2,1,38,7,3,0,0,2,0,0,9,1,E01010455,3,1,0.0,1.0,-1,6,30,1,4,1,01:37,7,2,9
2023991365652,2023,991365652,1,3,1,2,67,10,3,0,0,0,0,0,9,8,-1,3,1,0.0,1.0,-1,6,60,2,1,2,16:30,1,1,9
2023471367363,2023,471367363,2,1,1,2,51,8,3,0,0,0,0,0,9,9,E01021023,3,1,0.0,1.0,-1,6,30,1,1,1,12:58,7,2,9
202360A131395,2023,60A131395,1,2,2,1,11,3,2,0,0,2,0,0,23,-1,-1,-1,0,1.0,0.0,-1,6,20,1,1,1,13:30,5,2,23
2023161327945,2023,161327945,1,2,3,1,16,4,2,5,3,0,0,2,0,3,E01013319,7,1,1.0,0.0,-1,6,30,1,4,1,21:00,5,1,9
2023332301256,2023,332301256,1,1,3,1,47,8,3,5,1,0,0,0,0,9,E01021386,-1,0,0.08602,0.91398,-1,6,30,1,4,1,20:55,7,1,19
2023061318485,2023,061318485,2,1,1,1,52,8,3,0,0,0,0,0,1,5,E01005961,3,1,0.0,1.0,-1,3,30,1,1,-1,15:50,6,2,1
2023010463605,2023,010463605,2,1,1,2,21,5,3,0,0,0,0,0,3,2,E01003037,-1,0,0.0,1.0,-1,6,20,1,1,1,19:12,6,2,3
2023010473992,2023,010473992,1,1,1,1,23,5,3,0,0,0,0,0,3,2,E01032805,-1,0,0.0,1.0,-1,2,20,1,1,1,16:30,4,2,3
2023010443899,2023,010443899,1,1,1,1,30,6,3,0,0,0,0,0,4,6,E01003272,-1,0,0.0,1.0,-1,6,30,1,1,1,13:26,6,2,4
2023071025031,2023,071025031,1,1,1,1,46,8,2,0,0,0,0,0,4,4,E01012394,-1,0,1.0,0.0,-1,6,30,2,1,2,16:00,4,2,4
2023052300860,2023,052300860,2,1,2,2,35,6,3,0,0,1,0,0,9,1,E01006861,-1,0,0.04507,0.95493,-1,6,30,1,4,1,22:20,7,2,9
2023361321129,2023,361321129,1,1,1,2,52,8,3,0,0,0,0,0,9,10,E01026709,3,1,0.0,1.0,-1,6,60,1,1,1,13:30,1,4,9
2023041349955,2023,041349955,1,1,1,2,55,8,2,0,0,0,0,0,9,10,E01025278,7,1,1.0,0.0,-1,6,60,1,1,1,09:20,5,2,9
2023161308051,2023,161308051,1,1,2,2,30,6,2,0,0,1,0,0,9,7,E01012815,6,1,1.0,0.0,-1,1,30,1,1,1,10:45,3,2,9
2023549246223,2023,549246223,1,3,2,1,18,4,3,0,0,2,0,0,9,6,E01031877,-1,0,0.09459,0.90541,-1,6,30,1,4,1,01:07,7,2,9
2023531374412,2023,531374412,2,3,2,1,35,6,3,0,0,0,0,0,19,4,E01022331,3,1,0.0,1.0,-1,6,30,1,1,1,07:30,3,2,19
2023302301645,2023,302301645,2,1,2,2,80,11,3,0,0,0,4,0,11,5,E01019740,-1,0,0.06226,0.93774,-1,6,30,1,1,1,17:30,4,2,11
2023052300021,2023,052300021,2,3,2,2,9,2,3,0,0,2,0,0,9,1,E01006440,-1,0,0.03927,0.96073,-1,3,30,1,1,2,14:10,1,2,9
2023122300857,2023,122300857,2,2,1,1,29,6,3,0,0,0,0,0,9,8,E01028182,-1,0,0.09202,0.90798,-1,6,60,1,1,1,14:55,1,3,9
2023340NN3592,2023,340NN3592,1,1,1,2,58,9,3,0,0,0,0,0,9,7,E01027354,-1,0,0.06863,0.93137,-1,6,30,8,4,1,22:15,7,2,9
2023411364660,2023,411364660,2,2,2,2,57,9,3,0,0,1,0,0,9,8,E01031667,3,1,0.0,1.0,-1,3,70,1,1,1,11:55,1,2,9
2023010419349,2023,010419349,1,2,2,-1,-1,-1,3,0,0,1,0,0,9,2,E01002086,-1,0,0.0,1.0,-1,6,20,2,4,2,18:20,1,2,9
2023010472798,2023,010472798,1,1,1,2,23,5,3,0,0,0,0,0,9,-1,-1,-1,0,0.0,1.0,-1,6,30,2,6,2,04:05,5,1,9
2023991282969,2023,991282969,1,1,1,2,50,8,3,0,0,0,0,0,9,3,-1,3,1,0.0,1.0,-1,6,60,1,6,1,20:20,3,3,9
2023332300015,2023,332300015,1,1,1,1,59,9,3,0,0,0,0,0,10,2,E01013694,-1,0,0.04282,0.95718,-1,6,40,8,4,1,17:10,1,4,10
2023451367479,2023,451367479,2,1,2,2,90,11,3,0,0,0,4,0,11,-1,-1,3,1,0.0,1.0,-1,6,40,1,1,1,11:30,1,2,11
2023061326635,2023,061326635,2,1,1,1,13,3,3,0,0,0,0,0,1,6,E01006234,3,1,0.0,1.0,-1,6,30,1,1,-1,08:05,6,2,1
2023070575588,2023,070575588,2,1,1,2,28,6,3,0,0,0,0,0,1,5,E01032931,-1,0,0.06082,0.93918,-1,6,30,1,1,1,16:30,4,2,1
2023991299698,2023,991299698,2,2,1,1,56,9,2,0,0,0,0,0,1,8,-1,5,1,1.0,0.0,-1,3,30,1,1,1,10:51,7,2,1
2023351284104,2023,351284104,2,1,1,1,29,6,3,0,0,0,0,0,1,2,E01015660,3,1,0.0,1.0,-1,6,30,1,1,1,11:52,6,2,1
2023421339826,2023,421339826,2,1,1,1,67,10,2,0,0,0,0,0,5,9,E01021259,6,1,1.0,0.0,-1,6,60,1,1,1,07:14,4,2,5
2023461394173,2023,461394173,1,2,3,1,-1,-1,2,10,9,0,0,0,0,-1,-1,7,1,1.0,0.0,-1,6,20,2,4,2,02:21,2,1,9
2023622300834,2023,622300834,1,1,3,2,11,3,3,5,1,0,0,0,0,3,W01001290,-1,0,0.06649,0.93351,-1,6,30,1,1,1,19:07,6,1,9
2023522300773,2023,522300773,1,1,1,1,36,7,3,0,0,0,0,0,9,3,E01014515,-1,0,0.02441,0.97559,-1,6,20,1,1,2,15:47,6,1,9
2023010483213,2023,010483213,1,1,1,1,26,6,3,0,0,0,0,0,19,6,E01000587,-1,0,0.0,1.0,-1,6,20,1,4,1,22:55,7,2,19
2023141340329,2023,141340329,1,1,1,1,27,6,2,0,0,0,0,0,9,8,E01033259,6,1,1.0,0.0,-1,6,40,1,1,1,08:15,5,3,9
2023141370965,2023,141370965,1,1,1,1,35,6,2,0,0,0,0,0,9,4,E01007699,5,1,1.0,0.0,-1,3,50,2,4,2,21:43,7,1,9
2023201286906,2023,201286906,3,1,1,1,33,6,2,0,0,0,0,0,9,1,E01009269,7,1,1.0,0.0,-1,6,30,1,4,2,17:02,7,3,9
2023311356736,2023,311356736,2,1,1,2,32,6,3,0,0,0,0,0,9,9,E01028346,3,1,0.0,1.0,-1,6,40,2,1,2,09:00,3,3,9
2023421392050,2023,421392050,1,1,1,1,63,9,2,0,0,0,0,0,9,10,E01021643,5,1,1.0,0.0,-1,6,60,1,6,2,21:07,1,1,9
2023991310016,2023,991310016,1,1,1,1,72,10,3,0,0,0,0,0,9,2,-1,3,1,0.0,1.0,-1,6,30,1,1,1,12:00,2,1,9
2023131269433,2023,131269433,1,1,1,1,75,10,3,0,0,0,0,0,9,5,E01007786,3,1,0.0,1.0,-1,6,30,8,1,1,15:54,1,1,9
2023501347982,2023,501347982,1,2,2,1,4,1,2,0,0,2,0,0,9,4,E01020140,5,1,1.0,0.0,-1,6,60,1,1,1,15:42,1,2,9
2023201400697,2023,201400697,2,1,1,2,41,7,3,0,0,0,0,0,9,1,E01010288,3,1,0.0,1.0,-1,6,30,1,4,1,22:30,7,2,9
2023041277970,2023,041277970,1,1,1,1,53,8,3,0,0,0,0,0,9,1,E01012672,3,1,0.0,1.0,-1,6,30,1,1,2,16:39,6,3,9
2023052301650,2023,052301650,1,1,1,2,20,4,3,0,0,0,0,0,9,1,E01006699,-1,0,0.07655,0.92345,-1,6,30,1,1,1,20:13,2,1,9
2023520301197,2023,520301197,1,1,1,2,38,7,3,0,0,0,0,0,9,7,E01029224,-1,0,0.02475,0.97525,-1,6,30,1,1,1,08:58,3,2,9
202360A100574,2023,60A100574,1,1,1,1,51,8,3,0,0,0,0,0,9,-1,-1,-1,0,0.09137,0.90863,-1,6,30,1,1,1,13:35,3,2,9
2023622300533,2023,622300533,1,3,2,1,21,5,3,0,0,0,4,0,11,1,W01001169,-1,0,0.0307,0.9693,-1,6,30,2,1,2,16:42,7,4,11
2023010478673,2023,010478673,1,1,1,1,26,6,3,0,0,0,0,0,3,3,E01003570,-1,0,0.0,1.0,-1,6,20,9,4,2,20:30,6,2,3
2023440118976,2023,440118976,2,1,1,1,21,5,2,0,0,0,0,0,4,2,E01017117,-1,0,1.0,0.0,-1,6,20,1,1,1,14:50,7,2,4
2023161289819,2023,161289819,2,1,1,2,30,6,3,0,0,0,0,0,9,7,E01013270,3,1,0.0,1.0,-1,6,30,1,1,1,08:35,5,2,9
2023161360551,2023,161360551,1,1,1,2,88,11,2,0,0,0,0,0,9,7,E01012814,6,1,1.0,0.0,-1,6,20,1,1,1,10:00,7,5,9
2023522301276,2023,522301276,1,1,1,2,46,8,3,0,0,0,0,0,9,10,W01001586,-1,0,0.00515,0.99485,-1,1,40,2,1,2,17:19,3,2,9
2023991273585,2023,991273585,3,2,2,1,55,8,3,0,0,1,0,0,9,9,-1,3,1,0.0,1.0,-1,3,40,1,1,2,07:30,3,3,9
2023010461017,2023,010461017,2,1,2,2,50,8,3,0,0,0,4,0,11,2,E01001113,-1,0,0.0,1.0,-1,6,20,1,1,1,10:48,5,2,11
2023430506656,2023,430506656,2,1,1,1,40,7,3,0,0,0,0,0,9,-1,-1,-1,0,0.03186,0.96814,-1,6,30,1,4,2,18:02,6,2,9
2023461379981,2023,461379981,1,1,1,1,20,4,3,0,0,0,0,0,9,-1,-1,3,1,0.0,1.0,-1,1,70,2,1,2,11:35,2,1,9
2023991316099,2023,991316099,2,1,1,2,28,6,3,0,0,0,0,0,9,1,-1,3,1,0.0,1.0,-1,6,30,1,1,1,10:20,7,2,9
2023111382918,2023,111382918,1,1,3,2,40,7,3,5,1,0,0,0,0,2,E01012362,3,1,0.0,1.0,-1,6,60,2,1,2,14:45,2,1,9
2023361378124,2023,361378124,1,1,3,1,45,7,3,10,9,0,0,0,0,5,E01026894,3,1,0.0,1.0,-1,6,30,1,1,1,07:34,4,1,9
2023010465613,2023,010465613,2,1,1,1,-1,-1,2,0,0,0,0,0,1,8,E01002453,-1,0,1.0,0.0,-1,1,20,2,1,2,16:22,3,2,1
2023332300871,2023,332300871,1,3,2,2,21,5,2,0,0,1,0,0,9,-1,-1,-1,0,1.0,0.0,-1,6,20,1,4,1,21:15,2,1,9
2023440194615,2023,440194615,2,1,1,2,19,4,3,0,0,0,0,0,9,10,E01023045,-1,0,0.04014,0.95986,-1,6,30,1,1,1,15:30,4,2,9
2023440530313,2023,440530313,1,1,1,1,24,5,3,0,0,0,0,0,9,4,E01017312,-1,0,0.13906,0.86094,-1,6,60,4,6,2,22:29,6,1,9
2023501371313,2023,501371313,2,3,2,2,14,3,3,0,0,-1,0,0,9,4,E01019064,3,1,0.0,1.0,-1,6,30,2,1,2,14:09,1,2,9
2023070856650,2023,070856650,2,1,1,1,25,5,3,0,0,0,0,0,4,6,E01012414,-1,0,0.13213,0.86787,-1,6,30,1,1,1,15:33,6,2,4
2023991274432,2023,991274432,1,1,3,1,81,11,2,4,1,0,0,2,0,-1,-1,6,1,1.0,0.0,-1,6,30,1,1,1,12:00,5,1,9
2023010469313,2023,010469313,1,2,2,2,27,6,3,0,0,1,0,0,9,4,E01001975,-1,0,0.0,1.0,-1,6,30,1,1,1,12:05,1,2,9
2023201419975,2023,201419975,1,1,1,1,54,8,3,0,0,0,0,0,9,3,E01010070,3,1,0.0,1.0,-1,6,40,1,1,1,06:34,6,3,9
2023421346496,2023,421346496,1,2,2,2,1,1,3,0,0,2,0,0,9,4,E01021296,3,1,0.0,1.0,-1,3,70,1,1,1,12:45,3,3,9
2023430058376,2023,430058376,2,1,1,1,56,9,3,0,0,0,0,0,19,6,E01017298,-1,0,0.01905,0.98095,-1,3,70,1,1,1,08:20,3,2,19
2023010420934,2023,010420934,1,1,3,2,14,3,3,1,1,0,0,0,0,2,E01000729,-1,0,0.0,1.0,-1,6,30,1,1,1,07:22,3,1,19
2023122300537,2023,122300537,1,1,3,1,14,3,3,6,9,0,0,0,0,1,E01027817,-1,0,0.18933,0.81067,-1,6,40,1,1,1,16:23,5,1,9
2023061312945,2023,061312945,2,1,1,1,59,9,3,0,0,0,0,0,9,9,E01006117,3,1,0.0,1.0,-1,7,30,1,1,1,17:18,5,2,9
2023311402773,2023,311402773,1,1,1,1,24,5,3,0,0,0,0,0,9,9,E01033393,3,1,0.0,1.0,-1,6,30,1,4,2,19:39,6,2,9
2023991262686,2023,991262686,2,1,1,1,90,11,2,0,0,0,0,0,9,-1,-1,6,1,1.0,0.0,-1,6,60,1,1,2,10:30,6,2,9
2023501272881,2023,501272881,1,1,3,2,70,10,3,5,1,0,0,0,0,10,E01020242,3,1,0.0,1.0,-1,6,30,1,1,2,13:50,7,1,9
2023010444473,2023,010444473,2,1,2,2,14,3,3,0,0,0,4,0,11,1,E01001562,-1,0,0.0,1.0,-1,6,30,1,1,1,16:18,2,2,11
2023201356350,2023,201356350,1,1,1,1,52,8,2,0,0,0,0,0,1,9,E01010116,7,1,1.0,0.0,-1,1,40,1,1,1,12:05,6,2,1
2023010430413,2023,010430413,2,1,1,1,60,9,3,0,0,0,0,0,1,3,E01001808,-1,0,0.0,1.0,-1,2,20,1,1,1,13:08,7,2,1
2023211382387,2023,211382387,3,7,2,1,39,7,3,0,0,2,0,0,9,10,E01029757,3,1,0.0,1.0,-1,6,50,1,1,2,14:00,6,3,9
2023421346696,2023,421346696,2,2,2,2,34,6,3,0,0,1,0,0,9,10,E01024423,3,1,0.0,1.0,-1,1,50,1,1,1,15:30,4,2,9
2023440262396,2023,440262396,1,4,2,2,47,8,3,0,0,0,0,0,19,7,E01017175,-1,0,0.1933,0.8067,-1,6,60,1,6,1,23:35,6,1,19
2023010423367,2023,010423367,1,1,3,1,47,8,3,6,9,0,0,0,0,4,E01002179,-1,0,0.0,1.0,-1,6,30,1,4,1,23:45,3,1,9
2023522400127,2023,522400127,2,1,1,1,14,3,3,0,0,0,0,0,1,-1,-1,-1,0,0.03039,0.96961,-1,6,20,1,1,1,14:16,3,2,1
2023010465983,2023,010465983,1,1,1,-1,24,5,3,0,0,0,0,0,3,10,E01023617,-1,0,0.0,1.0,-1,2,20,9,1,9,16:05,3,2,3
2023052300848,2023,052300848,1,2,1,2,21,5,3,0,0,0,0,0,9,5,E01006896,-1,0,0.05779,0.94221,-1,3,50,1,1,1,14:08,7,2,9
2023421360899,2023,421360899,2,1,1,1,19,4,3,0,0,0,0,0,9,10,E01021251,3,1,0.0,1.0,-1,1,30,1,1,1,11:04,7,2,9
2023991376908,2023,991376908,1,1,1,1,31,6,3,0,0,0,0,0,9,2,-1,3,1,0.0,1.0,-1,6,60,2,1,2,10:45,2,1,9
2023131364394,2023,131364394,2,3,2,2,17,4,3,0,0,0,4,0,11,-1,-1,3,1,0.0,1.0,-1,3,30,1,1,1,13:07,4,2,11
2023161303279,2023,161303279,2,1,1,1,17,4,3,0,0,0,0,0,2,2,E01012821,3,1,0.0,1.0,-1,6,30,1,1,1,18:47,5,2,2
2023010440727,2023,010440727,1,1,3,1,13,3,3,5,2,0,0,0,0,1,E01001145,-1,0,0.0,1.0,-1,6,20,1,1,1,16:30,2,1,9
2023421287977,2023,421287977,1,1,3,2,13,3,3,5,2,0,0,0,0,1,E01021271,3,1,0.0,1.0,-1,6,30,1,1,1,15:33,6,1,9
2023430509932,2023,430509932,1,1,1,1,48,8,3,0,0,0,0,0,8,5,E01016395,-1,0,0.0082,0.9918,-1,6,30,1,1,1,13:08,7,2,8
2023010470906,2023,010470906,1,2,2,-1,-1,-1,3,0,0,2,0,0,9,-1,-1,-1,0,0.0,1.0,-1,9,20,8,4,1,23:00,6,1,9
2023440149475,2023,440149475,1,2,3,2,34,6,3,1,1,0,0,0,0,6,E01023104,-1,0,0.2233,0.7767,-1,6,30,1,1,1,08:56,2,7,9
2023991282124,2023,991282124,1,1,3,1,33,6,3,4,1,0,0,0,0,1,-1,3,1,0.0,1.0,-1,2,30,1,4,1,18:00,1,1,8
2023501338957,2023,501338957,1,1,1,1,17,4,3,0,0,0,0,0,2,-1,-1,3,1,0.0,1.0,-1,6,60,1,1,1,09:40,2,2,2
2023461388574,2023,461388574,1,1,1,1,54,8,3,0,0,0,0,0,5,8,E01024106,3,1,0.0,1.0,-1,6,30,1,1,2,12:31,2,1,5
2023421261300,2023,421261300,4,3,1,2,33,6,3,0,0,0,0,0,9,2,E01021638,3,1,0.0,1.0,-1,6,30,1,4,2,20:15,2,4,9
2023461377263,2023,461377263,1,1,1,1,19,4,2,0,0,0,0,0,9,4,E01024669,7,1,1.0,0.0,-1,6,30,1,1,2,14:26,2,2,9
2023501318132,2023,501318132,2,1,2,2,18,4,3,0,0,1,0,0,9,9,E01020163,3,1,0.0,1.0,-1,6,30,1,1,1,17:00,5,2,9
2023010476684,2023,010476684,1,1,1,2,35,6,3,0,0,0,0,0,3,3,E01001805,-1,0,0.0,1.0,-1,6,20,1,1,1,13:00,5,2,3
2023461275870,2023,461275870,2,1,1,1,27,6,3,0,0,0,0,0,9,4,E01016130,3,1,0.0,1.0,-1,6,30,1,4,2,19:04,7,2,9
202360A131422,2023,60A131422,1,1,1,1,59,9,2,0,0,0,0,0,9,-1,-1,-1,0,1.0,0.0,-1,6,50,1,1,1,14:25,5,3,9
2023631349254,2023,631349254,2,2,1,1,44,7,2,0,0,0,0,0,9,8,E01011536,7,1,1.0,0.0,-1,6,30,1,1,1,14:00,3,2,9
2023010437152,2023,010437152,1,1,2,1,-1,-1,3,0,0,0,9,0,11,-1,-1,-1,0,0.0,1.0,-1,6,30,4,1,1,12:08,2,1,11
2023061343761,2023,061343761,1,1,3,2,49,8,2,5,3,0,0,0,0,-1,-1,7,1,1.0,0.0,-1,6,20,1,4,1,22:35,5,1,8
2023552301443,2023,552301443,2,1,1,1,36,7,3,0,0,0,0,0,4,6,E01015368,-1,0,0.04952,0.95048,-1,6,30,7,4,2,18:08,7,2,4
2023031324629,2023,031324629,1,1,1,1,19,4,3,0,0,0,0,0,9,4,E01019247,3,1,0.0,1.0,-1,1,30,2,4,2,21:52,6,4,9
2023411440785,2023,411440785,2,1,1,1,51,8,3,0,0,0,0,0,9,7,E01023495,3,1,0.0,1.0,-1,6,60,1,1,1,15:29,3,3,9
2023520401004,2023,520401004,1,1,1,1,25,5,3,0,0,0,0,0,19,2,E01029236,-1,0,0.0479,0.9521,-1,6,30,1,6,2,16:03,2,1,19
2023131355749,2023,131355749,1,1,3,1,38,7,3,8,7,0,0,2,0,1,E01011355,3,1,0.0,1.0,-1,6,30,1,7,1,19:25,7,1,9
2023302301358,2023,302301358,2,1,1,1,67,10,3,0,0,0,0,0,1,5,E01019611,-1,0,0.2481,0.7519,-1,6,60,1,1,1,17:05,7,2,1
2023320612776,2023,320612776,1,1,1,1,49,8,2,0,0,0,0,0,1,4,E01026081,-1,0,1.0,0.0,-1,6,30,2,4,2,00:01,3,1,1
2023991389762,2023,991389762,2,1,1,2,62,9,2,0,0,0,0,0,1,7,-1,7,1,1.0,0.0,-1,6,60,2,1,2,12:30,6,2,1
2023010460309,2023,010460309,1,2,2,1,25,5,2,0,0,1,0,0,9,1,E01007848,-1,0,1.0,0.0,-1,3,50,1,4,1,00:01,1,1,9
2023161372903,2023,161372903,1,1,1,1,34,6,2,0,0,0,0,0,9,-1,-1,7,1,1.0,0.0,-1,6,30,1,1,1,13:41,3,2,9
2023401366808,2023,401366808,1,1,1,2,47,8,3,0,0,0,0,0,9,4,E01017600,3,1,0.0,1.0,-1,6,30,1,1,1,12:42,1,2,9
2023401383766,2023,401383766,1,1,1,2,21,5,3,0,0,0,0,0,9,8,E01018197,3,1,0.0,1.0,-1,1,40,2,4,2,18:00,2,2,9
2023010423171,2023,010423171,1,1,1,1,20,4,3,0,0,0,0,0,3,2,E01000548,-1,0,0.0,1.0,-1,9,20,9,1,9,12:47,7,2,3
2023010483448,2023,010483448,1,1,3,1,30,6,2,10,9,0,0,0,0,5,E01001988,-1,0,1.0,0.0,-1,6,20,1,4,1,19:50,2,1,9
2023201424147,2023,201424147,2,1,1,1,26,6,3,0,0,0,0,0,1,3,E01004868,3,1,0.0,1.0,-1,1,30,1,4,2,21:40,4,2,1
2023010481050,2023,010481050,1,1,1,1,23,5,3,0,0,0,0,0,3,5,E01003415,-1,0,0.0,1.0,-1,9,30,9,1,9,14:45,3,2,3
2023010423296,2023,010423296,1,2,3,1,32,6,3,4,2,0,0,0,0,2,E01001748,-1,0,0.0,1.0,-1,6,20,1,4,1,18:15,3,1,5
2023201390485,2023,201390485,1,1,3,1,26,6,3,5,3,0,0,2,0,1,E01033621,3,1,0.0,1.0,-1,6,30,1,1,1,17:00,5,1,9
2023471311852,2023,471311852,1,1,1,1,19,4,3,0,0,0,0,0,3,4,E01031806,3,1,0.0,1.0,-1,3,60,1,1,1,15:39,5,2,3
2023052301992,2023,052301992,1,1,1,1,20,4,2,0,0,0,0,0,4,1,E01007016,-1,0,1.0,0.0,-1,6,30,1,4,1,22:15,5,1,4
2023052301445,2023,052301445,2,2,1,1,69,10,3,0,0,0,0,0,9,6,E01006999,-1,0,0.02675,0.97325,-1,6,30,1,1,1,11:50,2,2,9