collision_index,collision_year,collision_ref_no,vehicle_reference,casualty_reference,casualty_class,sex_of_casualty,age_of_casualty,age_band_of_casualty,casualty_severity,pedestrian_location,pedestrian_movement,car_passenger,bus_or_coach_passenger,pedestrian_road_maintenance_worker,casualty_type,casualty_imd_decile,lsoa_of_casualty,enhanced_casualty_severity,casualty_injury_based,casualty_adjusted_severity_serious,casualty_adjusted_severity_slight,casualty_distance_banding,road_type,speed_limit,weather_conditions,light_conditions,road_surface_conditions,time,day_of_week,number_of_vehicles,vehicle_type
2023440354708,2023,440354708,2,1,1,1,42,7,2,0,0,0,0,0,5,6,E01017174,-1,0,1.0,0.0,-1,6,30,1,4,1,19:16,6,2,5
2023411368359,2023,411368359,1,1,1,1,76,11,2,0,0,0,0,0,9,10,E01023690,6,1,1.0,0.0,-1,6,30,1,1,2,14:06,4,2,9
2023010438683,2023,010438683,2,3,1,1,43,7,2,0,0,0,0,0,9,7,E01021381,-1,0,1.0,0.0,-1,7,70,1,1,1,15:47,6,2,9
2023010483365,2023,010483365,2,1,1,1,54,8,3,0,0,0,0,0,9,7,E01014007,-1,0,0.0,1.0,-1,2,30,1,1,1,09:05,2,2,9
2023461297113,2023,461297113,1,1,1,1,59,9,3,0,0,0,0,0,9,4,E01024382,3,1,0.0,1.0,-1,3,50,1,1,2,14:40,4,2,9
2023141353755,2023,141353755,1,1,3,1,52,8,2,5,1,0,0,0,0,8,E01007685,7,1,1.0,0.0,-1,7,40,1,1,1,14:54,2,1,9
2023201297331,2023,201297331,2,1,1,1,16,4,3,0,0,0,0,0,1,4,E01010072,3,1,0.0,1.0,-1,6,30,1,1,1,16:00,2,2,1
2023010422374,2023,010422374,1,1,1,2,19,4,3,0,0,0,0,0,9,5,E01002629,-1,0,0.0,1.0,-1,3,40,1,4,1,19:25,5,1,9
2023131371376,2023,131371376,1,1,1,1,17,4,2,0,0,0,0,0,9,10,E01011301,7,1,1.0,0.0,-1,6,60,1,6,2,20:00,2,1,9
2023161296118,2023,161296118,1,1,1,1,50,8,3,0,0,0,0,0,9,3,E01032606,3,1,0.0,1.0,-1,6,60,1,1,1,11:40,4,2,9
2023471325258,2023,471325258,1,1,1,1,88,11,3,0,0,0,0,0,9,5,E01021059,3,1,0.0,1.0,-1,6,30,1,1,1,09:00,2,3,9
2023421387906,2023,421387906,1,1,3,1,78,11,1,5,1,0,0,0,0,8,E01015944,1,1,0.0,0.0,-1,6,30,2,4,1,16:20,4,1,9
2023010429913,2023,010429913,1,1,1,1,55,8,3,0,0,0,0,0,9,6,E01001195,-1,0,0.0,1.0,-1,9,20,1,1,1,17:05,2,2,9
2023332301211,2023,332301211,2,1,1,2,49,8,3,0,0,0,0,0,9,10,E01025790,-1,0,0.01749,0.98251,-1,6,30,8,1,4,08:55,4,3,9
2023351333223,2023,351333223,1,2,2,1,75,10,3,0,0,1,0,0,9,9,E01028659,3,1,0.0,1.0,-1,6,60,1,1,1,11:37,5,2,9
2023351394825,2023,351394825,1,1,1,1,25,5,3,0,0,0,0,0,9,3,E01003548,3,1,0.0,1.0,-1,3,70,1,1,2,15:09,2,1,9
2023501371210,2023,501371210,2,1,1,1,39,7,3,0,0,0,0,0,9,4,E01020328,3,1,0.0,1.0,-1,6,60,2,1,2,13:50,3,2,9
2023440048973,2023,440048973,1,2,2,2,48,8,3,0,0,0,0,0,5,2,E01017272,-1,0,0.17591,0.82409,-1,1,40,1,1,1,11:10,1,2,5
2023122300656,2023,122300656,1,1,3,1,17,4,3,5,1,0,0,0,0,1,E01027819,-1,0,0.01647,0.98353,-1,6,30,9,1,9,16:30,3,1,9
2023332300191,2023,332300191,1,1,1,1,37,7,3,0,0,0,0,0,9,3,E01030017,-1,0,0.05167,0.94833,-1,6,60,2,1,2,17:00,4,2,9
2023501318742,2023,501318742,1,2,2,1,3,1,3,0,0,2,0,0,9,8,E01015111,3,1,0.0,1.0,-1,6,40,1,1,1,12:58,1,4,9
2023991271576,2023,991271576,2,1,1,1,48,8,3,0,0,0,0,0,9,8,-1,3,1,0.0,1.0,-1,6,30,1,1,2,15:00,4,2,9
2023131382811,2023,131382811,1,1,3,1,6,2,3,8,8,0,0,1,0,1,E01010609,3,1,0.0,1.0,-1,3,30,2,1,2,09:04,3,1,9
2023440188093,2023,440188093,1,1,1,1,63,9,3,0,0,0,0,0,9,6,E01017072,-1,0,0.01242,0.98758,-1,6,30,1,1,1,12:45,7,2,9
2023461383868,2023,461383868,1,2,2,1,15,3,3,0,0,-1,0,0,9,7,E01016123,3,1,0.0,1.0,-1,6,30,2,1,2,11:52,5,2,9
2023471360592,2023,471360592,1,1,2,2,19,4,3,0,0,1,0,0,9,4,E01020971,3,1,0.0,1.0,-1,6,60,1,6,1,20:50,6,2,9
2023501347981,2023,501347981,2,5,2,2,6,2,3,0,0,-1,0,0,9,4,E01018941,3,1,0.0,1.0,-1,6,60,1,1,2,18:11,6,2,9
202363D032423,2023,63D032423,1,2,1,1,43,7,3,0,0,0,0,0,19,-1,-1,-1,0,0.06638,0.93362,-1,6,60,1,1,1,14:00,4,2,19
2023201370112,2023,201370112,1,1,3,1,6,2,2,5,2,0,0,0,0,1,E01033628,7,1,1.0,0.0,-1,3,30,1,1,1,19:51,7,1,-1
2023010456715,2023,010456715,2,1,1,1,19,4,2,0,0,0,0,0,1,3,E01004633,-1,0,1.0,0.0,-1,6,20,1,1,1,13:20,5,2,1
2023430174882,2023,430174882,2,1,1,1,67,10,2,0,0,0,0,0,5,3,E01016389,-1,0,1.0,0.0,-1,6,30,1,1,1,11:24,7,2,5
2023010457776,2023,010457776,1,1,1,2,45,7,3,0,0,0,0,0,9,2,E01003512,-1,0,0.0,1.0,-1,1,30,1,1,1,17:50,6,2,9
2023221366393,2023,221366393,1,2,1,1,84,11,2,0,0,0,0,0,9,7,E01032344,6,1,1.0,0.0,-1,6,60,1,1,1,16:20,2,3,9
2023070301307,2023,070301307,1,3,2,1,22,5,2,0,0,2,0,0,9,5,E01028893,-1,0,1.0,0.0,-1,6,60,1,1,1,18:25,1,1,9
2023548798123,2023,548798123,2,2,2,2,11,3,3,0,0,1,0,0,9,4,E01030824,-1,0,0.0108,0.9892,-1,3,70,1,1,1,17:42,1,2,9
2023010454265,2023,010454265,2,1,1,1,23,5,3,0,0,0,0,0,1,2,E01000907,-1,0,0.0,1.0,-1,6,20,1,1,1,08:36,2,2,1
2023340WN5722,2023,340WN5722,1,2,2,2,17,4,2,0,0,1,0,0,9,7,E01017646,-1,0,1.0,0.0,-1,6,60,1,4,1,05:25,7,1,9
2023544787523,2023,544787523,2,2,2,2,17,4,3,0,0,1,0,0,9,6,E01017026,-1,0,0.02113,0.97887,-1,3,50,1,1,1,12:19,1,2,9
2023010482895,2023,010482895,1,1,1,1,32,6,3,0,0,0,0,0,9,-1,-1,-1,0,0.0,1.0,-1,2,20,1,4,2,17:56,6,2,9
2023061379409,2023,061379409,2,1,1,2,37,7,3,0,0,0,0,0,9,5,E01004809,3,1,0.0,1.0,-1,6,30,1,1,-1,18:10,4,2,9
2023461378503,2023,461378503,2,1,1,1,45,7,3,0,0,0,0,0,9,6,E01024161,3,1,0.0,1.0,-1,6,40,1,1,2,12:40,6,2,9
2023471295323,2023,471295323,2,2,1,1,56,9,3,0,0,0,0,0,9,9,E01031395,3,1,0.0,1.0,-1,6,40,1,1,1,07:45,3,2,9
2023991309427,2023,991309427,2,1,1,1,37,7,3,0,0,0,0,0,9,5,-1,3,1,0.0,1.0,-1,6,60,1,1,1,15:51,6,2,9
2023052300673,2023,052300673,2,1,1,2,25,5,3,0,0,0,0,0,9,1,E01006607,-1,0,0.03616,0.96384,-1,3,70,1,1,1,16:30,6,2,9
2023401298500,2023,401298500,1,2,2,1,19,4,3,0,0,2,0,0,9,4,E01017473,3,1,0.0,1.0,-1,6,60,2,1,2,22:17,3,1,9
2023411324108,2023,411324108,1,1,1,2,18,4,3,0,0,0,0,0,9,4,E01023646,3,1,0.0,1.0,-1,6,30,1,1,1,11:10,7,2,9
2023430513882,2023,430513882,2,1,1,1,37,7,2,0,0,0,0,0,9,1,E01016744,-1,0,1.0,0.0,-1,6,60,1,1,1,14:00,4,3,9
2023061349263,2023,061349263,1,2,2,1,16,4,2,0,0,0,0,0,3,7,E01006303,7,1,1.0,0.0,-1,6,30,1,1,1,12:50,3,2,3
2023010451444,2023,010451444,1,1,3,1,41,7,3,1,9,0,0,0,0,2,E01001982,-1,0,0.0,1.0,-1,2,30,1,1,1,16:00,1,1,9
2023041359573,2023,041359573,1,1,1,1,19,4,3,0,0,0,0,0,9,7,E01025270,3,1,0.0,1.0,-1,3,30,2,4,2,21:44,6,2,9
2023070232095,2023,070232095,2,6,1,2,21,5,3,0,0,0,0,0,9,6,E01019514,-1,0,0.06089,0.93911,-1,6,30,2,4,2,03:15,1,2,9
2023991274413,2023,991274413,2,4,1,2,75,10,3,0,0,0,0,0,9,-1,-1,3,1,0.0,1.0,-1,6,60,1,1,1,11:20,5,3,9
2023010435295,2023,010435295,1,1,2,2,44,7,3,0,0,0,4,0,11,7,E01030414,-1,0,0.0,1.0,-1,2,20,2,4,2,00:40,7,1,11
2023010448144,2023,010448144,1,1,1,2,32,6,3,0,0,0,0,0,9,6,E01002933,-1,0,0.0,1.0,-1,1,20,8,1,1,14:50,6,2,9
2023552300199,2023,552300199,1,2,2,2,19,4,3,0,0,1,0,0,9,5,E01023019,-1,0,0.01681,0.98319,-1,6,30,1,1,1,13:31,6,2,9
2023421369219,2023,421369219,2,1,1,2,60,9,2,0,0,0,0,0,16,8,E01022091,6,1,1.0,0.0,-1,9,20,1,1,1,12:00,5,2,16
2023010428658,2023,010428658,1,1,1,2,25,5,3,0,0,0,0,0,1,3,E01004037,-1,0,0.0,1.0,-1,9,20,1,1,1,14:00,3,2,1
2023010469501,2023,010469501,1,1,1,1,56,9,3,0,0,0,0,0,4,3,E01002627,-1,0,0.0,1.0,-1,6,20,1,1,1,18:15,3,2,4
2023070259078,2023,070259078,1,1,1,1,85,11,3,0,0,0,0,0,9,4,E01007046,-1,0,0.16071,0.83929,-1,6,50,1,1,1,15:15,2,3,9
2023131279500,2023,131279500,1,2,2,1,23,5,2,0,0,1,0,0,9,5,E01011860,7,1,1.0,0.0,-1,6,30,1,1,2,16:20,4,3,9
2023201293551,2023,201293551,1,1,1,1,39,7,3,0,0,0,0,0,9,9,E01010215,3,1,0.0,1.0,-1,6,30,1,1,1,08:58,5,2,9
2023101361658,2023,101361658,1,1,3,1,42,7,2,5,9,0,0,2,0,1,E01027415,7,1,1.0,0.0,-1,6,30,2,4,2,22:05,3,1,9
2023161389137,2023,161389137,1,1,1,1,64,9,3,0,0,0,0,0,3,1,E01012846,3,1,0.0,1.0,-1,6,30,1,1,1,11:31,7,1,3
2023471264424,2023,471264424,2,1,1,2,70,10,3,0,0,0,0,0,9,10,E01031627,3,1,0.0,1.0,-1,6,30,8,1,4,11:36,3,2,9
2023010450622,2023,010450622,2,1,1,1,42,7,3,0,0,0,0,0,23,2,E01004755,-1,0,0.0,1.0,-1,3,20,1,4,1,00:05,5,2,23
2023131315211,2023,131315211,2,1,1,1,32,6,3,0,0,0,0,0,1,2,E01011126,3,1,0.0,1.0,-1,6,40,1,1,1,15:10,2,2,1
2023311280501,2023,311280501,1,2,1,1,55,8,2,0,0,0,0,0,3,10,E01019653,7,1,1.0,0.0,-1,6,30,1,1,1,15:58,5,1,3
2023231378327,2023,231378327,1,2,2,1,28,6,3,0,0,1,0,0,9,9,E01025569,3,1,0.0,1.0,-1,6,50,2,6,2,22:58,5,1,9
2023451316128,2023,451316128,1,1,1,1,42,7,2,0,0,0,0,0,9,3,E01031556,7,1,1.0,0.0,-1,6,40,1,6,1,00:50,5,1,9
2023421278098,2023,421278098,1,1,1,1,23,5,2,0,0,0,0,0,90,4,E01021956,7,1,1.0,0.0,-1,6,30,1,1,1,15:20,1,2,90
2023010427461,2023,010427461,1,1,1,1,57,9,2,0,0,0,0,0,1,7,E01002966,-1,0,1.0,0.0,-1,6,30,1,4,2,18:30,3,1,1
2023010438004,2023,010438004,1,1,1,1,41,7,3,0,0,0,0,0,1,7,E01002898,-1,0,0.0,1.0,-1,9,20,1,7,1,19:38,2,2,1
2023991365799,2023,991365799,2,1,1,1,24,5,2,0,0,0,0,0,4,1,-1,7,1,1.0,0.0,-1,6,30,1,4,4,00:45,2,2,4
2023041347374,2023,041347374,2,1,1,1,26,6,2,0,0,0,0,0,1,10,E01025380,7,1,1.0,0.0,-1,6,30,1,1,1,19:50,5,2,1
2023361368440,2023,361368440,2,2,1,1,64,9,2,0,0,0,0,0,4,5,E01026647,6,1,1.0,0.0,-1,6,40,1,1,1,09:52,2,2,4
2023041302302,2023,041302302,1,1,1,2,34,6,3,0,0,0,0,0,9,1,E01012735,3,1,0.0,1.0,-1,1,30,1,1,1,16:20,6,2,9
2023052300689,2023,052300689,1,1,1,1,80,11,3,0,0,0,0,0,9,5,E01006848,-1,0,0.13078,0.86922,-1,6,30,1,1,1,12:00,5,1,9
2023101337119,2023,101337119,1,1,1,1,70,10,3,0,0,0,0,0,9,1,E01027451,3,1,0.0,1.0,-1,1,60,2,1,2,13:16,1,1,9
2023131324200,2023,131324200,2,1,1,2,29,6,2,0,0,0,0,0,9,1,E01010611,6,1,1.0,0.0,-1,6,30,1,1,1,08:45,5,2,9
2023201363877,2023,201363877,2,3,2,2,34,6,3,0,0,1,0,0,9,10,E01011572,3,1,0.0,1.0,-1,3,70,2,1,2,19:11,5,2,9
2023991342095,2023,991342095,2,3,2,1,65,9,2,0,0,1,0,0,9,3,-1,7,1,1.0,0.0,-1,6,60,1,1,2,15:49,3,3,9
2023991353390,2023,991353390,1,1,2,2,21,5,2,0,0,1,0,0,9,2,E01024840,7,1,1.0,0.0,-1,3,60,2,6,2,00:26,2,2,9
2023010468808,2023,010468808,1,1,2,1,51,8,3,0,0,0,3,0,11,6,E01002005,-1,0,0.0,1.0,-1,2,20,1,1,1,17:23,5,1,11
2023131365250,2023,131365250,1,1,3,1,12,3,2,5,1,0,0,2,0,1,E01011348,7,1,1.0,0.0,-1,6,20,2,1,2,16:20,6,2,9
2023010419481,2023,010419481,2,1,1,1,35,6,3,0,0,0,0,0,3,-1,-1,-1,0,0.0,1.0,-1,6,30,2,1,2,14:20,3,2,3
2023010460107,2023,010460107,1,1,1,1,47,8,3,0,0,0,0,0,3,8,E01000848,-1,0,0.0,1.0,-1,9,20,1,1,1,13:20,6,2,3
2023421284443,2023,421284443,2,1,1,1,50,8,3,0,0,0,0,0,9,4,E01021496,3,1,0.0,1.0,-1,6,40,2,1,2,09:05,4,3,9
2023991298595,2023,991298595,1,2,2,1,28,6,3,0,0,1,0,0,9,6,-1,3,1,0.0,1.0,-1,3,50,1,1,1,14:45,4,4,9
2023421327563,2023,421327563,1,1,3,2,13,3,3,5,1,0,0,0,0,9,E01021933,3,1,0.0,1.0,-1,6,30,8,1,1,18:00,1,1,9
2023552301517,2023,552301517,1,1,1,1,14,3,2,0,0,0,0,0,1,3,E01015439,-1,0,1.0,0.0,-1,6,30,1,4,1,19:36,2,2,1
2023451314059,2023,451314059,1,1,1,2,33,6,3,0,0,0,0,0,1,6,E01030801,3,1,0.0,1.0,-1,3,30,9,1,1,17:15,4,2,1
2023141360833,2023,141360833,1,1,1,1,46,8,3,0,0,0,0,0,9,-1,-1,3,1,0.0,1.0,-1,6,30,2,1,2,06:41,4,1,9
2023231286043,2023,231286043,2,6,2,1,27,6,3,0,0,1,0,0,9,6,E01019871,3,1,0.0,1.0,-1,3,70,2,6,2,22:05,7,4,9
2023430269049,2023,430269049,1,1,1,2,46,8,2,0,0,0,0,0,9,10,E01016562,-1,0,1.0,0.0,-1,3,70,1,1,1,08:07,2,5,9
2023451370662,2023,451370662,2,1,1,1,28,6,3,0,0,0,0,0,9,7,E01030621,3,1,0.0,1.0,-1,6,50,2,1,2,12:30,7,2,9
2023302300664,2023,302300664,1,1,3,1,16,4,2,5,1,0,0,0,0,6,E01019673,-1,0,1.0,0.0,-1,6,30,9,1,1,17:50,4,1,9
2023421318716,2023,421318716,1,1,3,2,74,10,2,5,3,0,0,0,0,5,E01015992,5,1,1.0,0.0,-1,9,30,1,1,1,16:29,4,1,9
2023302300118,2023,302300118,1,1,1,2,35,6,3,0,0,0,0,0,9,8,E01019618,-1,0,0.0861,0.9139,-1,6,60,1,1,4,10:30,1,1,9
2023471292555,2023,471292555,1,2,1,2,45,7,3,0,0,0,0,0,9,6,E01030587,3,1,0.0,1.0,-1,6,60,4,1,1,11:05,6,2,9
2023522324474,2023,522324474,1,1,3,2,59,9,3,6,9,0,0,0,0,1,E01014581,-1,0,0.03281,0.96719,-1,6,20,2,1,2,16:20,6,1,97
2023010467083,2023,010467083,1,2,2,2,18,4,3,0,0,2,0,0,8,4,E01003666,-1,0,0.0,1.0,-1,6,20,1,4,1,02:25,4,2,8
2023201402828,2023,201402828,1,1,2,2,75,10,3,0,0,-1,0,0,8,1,E01010064,3,1,0.0,1.0,-1,6,30,1,1,1,11:30,5,2,8
2023461364193,2023,461364193,1,1,1,1,46,8,3,0,0,0,0,0,9,7,E01024515,3,1,0.0,1.0,-1,7,70,1,7,1,06:40,4,3,9
2023501283891,2023,501283891,2,1,1,2,37,7,3,0,0,0,0,0,9,4,E01018895,3,1,0.0,1.0,-1,7,60,1,1,2,08:54,3,2,9
2023522400796,2023,522400796,2,2,1,1,56,9,3,0,0,0,0,0,9,7,E01014922,-1,0,0.00993,0.99007,-1,6,30,1,4,1,18:29,2,2,9
202360A051912,2023,60A051912,1,1,2,2,50,8,3,0,0,1,0,0,9,-1,-1,-1,0,0.09089,0.90911,-1,6,30,2,1,2,13:28,2,2,9
2023031305493,2023,031305493,2,1,1,1,37,7,2,0,0,0,0,0,1,3,E01019208,7,1,1.0,0.0,-1,6,30,1,1,1,16:00,3,2,1
2023401372040,2023,401372040,2,1,1,1,19,4,3,0,0,0,0,0,1,4,E01015784,3,1,0.0,1.0,-1,6,30,1,1,-1,08:22,2,2,1
2023201405205,2023,201405205,1,4,2,2,23,5,3,0,0,2,0,0,9,8,E01010124,3,1,0.0,1.0,-1,6,30,1,1,2,22:51,5,2,9
2023411339030,2023,411339030,1,1,1,2,27,6,3,0,0,0,0,0,9,2,E01015774,3,1,0.0,1.0,-1,3,70,1,1,1,15:57,7,2,9
2023440168266,2023,440168266,2,1,1,1,47,8,3,0,0,0,0,0,9,10,E01032870,-1,0,0.05022,0.94978,-1,6,30,1,1,1,17:44,7,2,9
2023451352889,2023,451352889,1,1,1,2,37,7,3,0,0,0,0,0,9,4,E01030551,3,1,0.0,1.0,-1,6,30,1,1,1,08:35,6,1,9
2023010469196,2023,010469196,1,1,3,1,48,8,2,6,9,0,0,0,0,4,E01004447,-1,0,1.0,0.0,-1,6,20,8,1,1,11:57,7,1,9
2023010482142,2023,010482142,1,1,3,2,18,4,3,1,3,0,0,0,0,2,E01003132,-1,0,0.0,1.0,-1,9,20,1,1,2,15:42,3,1,9
2023041301795,2023,041301795,2,1,3,1,41,7,3,9,5,0,0,0,0,2,E01020809,3,1,0.0,1.0,-1,3,30,1,4,1,00:04,6,2,90
2023201319011,2023,201319011,1,1,3,1,3,1,3,5,3,0,0,0,0,1,E01010464,3,1,0.0,1.0,-1,6,30,1,1,1,12:31,7,1,8
2023552300713,2023,552300713,2,1,1,2,54,8,3,0,0,0,0,0,9,2,E01015280,-1,0,0.01285,0.98715,-1,3,40,1,1,1,13:33,6,2,9
2023070030450,2023,070030450,2,2,2,2,32,6,3,0,0,2,0,0,19,8,E01006087,-1,0,0.03569,0.96431,-1,3,40,2,4,2,00:33,4,2,19
2023320161888,2023,320161888,2,1,1,1,61,9,3,0,0,0,0,0,19,8,E01026296,-1,0,0.04381,0.95619,-1,6,50,8,6,2,18:05,5,2,19
2023010471558,2023,010471558,1,1,3,2,30,6,3,1,4,0,0,0,0,6,E01000541,-1,0,0.0,1.0,-1,6,30,3,1,2,07:40,5,1,9
2023440406606,2023,440406606,1,1,3,2,43,7,2,5,2,0,0,0,0,4,E01017306,-1,0,1.0,0.0,-1,6,30,1,1,1,08:02,5,1,9
2023010461227,2023,010461227,1,1,1,2,42,7,3,0,0,0,0,0,9,5,E01033592,-1,0,0.0,1.0,-1,1,50,1,1,1,15:28,6,3,9
2023221307709,2023,221307709,2,2,1,2,61,9,3,0,0,0,0,0,9,2,E01009210,3,1,0.0,1.0,-1,1,40,1,4,1,21:57,2,2,9
2023361331091,2023,361331091,1,1,1,1,23,5,3,0,0,0,0,0,9,8,E01026450,3,1,0.0,1.0,-1,6,30,1,1,1,06:18,6,2,9
2023522301419,2023,522301419,1,1,1,2,20,4,3,0,0,0,0,0,-1,3,E01014540,-1,0,0.06049,0.93951,-1,2,20,1,1,1,12:46,3,2,-1
2023041338327,2023,041338327,2,1,1,1,33,6,3,0,0,0,0,0,9,1,E01024906,3,1,0.0,1.0,-1,3,30,2,1,2,13:45,7,2,9
2023052300031,2023,052300031,1,1,1,1,48,8,3,0,0,0,0,0,9,3,E01006743,-1,0,0.0531,0.9469,-1,6,30,1,1,1,11:57,3,2,9
2023221276445,2023,221276445,1,2,2,2,18,4,3,0,0,1,0,0,9,6,E01032229,3,1,0.0,1.0,-1,3,70,1,1,1,07:24,7,1,9
2023545523023,2023,545523023,2,2,1,2,31,6,3,0,0,0,0,0,9,6,E01032696,-1,0,0.01885,0.98115,-1,6,30,1,1,1,12:15,6,2,9
2023991353759,2023,991353759,1,1,1,2,54,8,3,0,0,0,0,0,9,-1,-1,3,1,0.0,1.0,-1,3,40,1,4,1,20:23,2,2,9
2023221323127,2023,221323127,2,3,2,2,46,8,3,0,0,1,0,0,9,8,W01000375,3,1,0.0,1.0,-1,3,60,1,1,1,16:43,1,2,9
2023451355625,2023,451355625,3,4,2,2,29,6,3,0,0,1,0,0,9,9,E01000455,3,1,0.0,1.0,-1,3,70,1,1,1,16:25,7,3,9
2023501367695,2023,501367695,1,3,2,2,33,6,3,0,0,1,0,0,9,-1,-1,3,1,0.0,1.0,-1,3,70,2,1,2,11:56,6,1,9
2023501371313,2023,501371313,2,2,2,1,63,9,3,0,0,1,0,0,9,4,E01019064,3,1,0.0,1.0,-1,6,30,2,1,2,14:09,1,2,9
2023010449189,2023,010449189,1,3,2,-1,3,1,3,0,0,2,0,0,9,4,E01003230,-1,0,0.0,1.0,-1,6,20,8,1,1,09:00,5,2,9
2023221315020,2023,221315020,1,2,2,2,16,4,3,0,0,1,0,0,9,-1,-1,3,1,0.0,1.0,-1,6,30,1,1,1,09:03,2,2,9
2023371374353,2023,371374353,2,1,1,2,68,10,3,0,0,0,0,0,9,4,E01030123,3,1,0.0,1.0,-1,1,30,1,1,1,08:20,1,2,9
2023501320259,2023,501320259,1,2,1,2,40,7,3,0,0,0,0,0,9,2,E01018860,3,1,0.0,1.0,-1,6,60,1,1,1,06:38,2,1,9
2023501344413,2023,501344413,1,1,3,1,32,6,3,10,9,0,0,0,0,4,E01020180,3,1,0.0,1.0,-1,6,60,1,6,1,22:50,7,2,9
2023010447547,2023,010447547,1,1,1,1,55,8,2,0,0,0,0,0,19,3,E01002562,-1,0,1.0,0.0,-1,3,30,1,1,1,12:23,4,1,19
2023131380807,2023,131380807,1,1,3,2,28,6,3,9,8,0,0,1,0,-1,-1,3,1,0.0,1.0,-1,6,30,1,1,2,08:45,5,2,9
2023010478761,2023,010478761,2,1,1,1,29,6,3,0,0,0,0,0,1,5,E01001271,-1,0,0.0,1.0,-1,1,20,9,1,2,12:20,7,2,1
2023311368663,2023,311368663,2,1,1,1,42,7,3,0,0,0,0,0,3,1,E01028276,3,1,0.0,1.0,-1,6,30,2,4,2,17:25,2,2,3
2023131391782,2023,131391782,1,1,1,1,22,5,3,0,0,0,0,0,9,7,E01011646,3,1,0.0,1.0,-1,6,30,1,1,1,06:45,7,2,9
2023411397081,2023,411397081,1,1,1,1,-1,-1,3,0,0,0,0,0,9,9,E01023849,3,1,0.0,1.0,-1,7,40,2,1,2,11:10,1,1,9
2023531296389,2023,531296389,1,1,1,2,59,9,3,0,0,0,0,0,9,9,E01022207,3,1,0.0,1.0,-1,6,50,1,1,1,10:30,5,2,9
2023991357799,2023,991357799,1,1,3,1,34,6,2,5,1,0,0,0,0,1,-1,5,1,1.0,0.0,-1,6,30,3,1,2,10:30,6,1,9
2023161342859,2023,161342859,1,1,2,2,81,11,2,0,0,1,0,0,9,10,E01011709,6,1,1.0,0.0,-1,6,60,1,1,1,14:40,5,2,9
2023320570730,2023,320570730,1,3,1,1,22,5,3,0,0,0,0,0,9,6,E01026408,-1,0,0.04516,0.95484,-1,6,30,1,1,1,17:00,4,2,9
2023401274202,2023,401274202,1,1,1,2,46,8,3,0,0,0,0,0,9,3,E01015785,3,1,0.0,1.0,-1,6,30,1,1,1,12:46,3,3,9
2023991307111,2023,991307111,2,1,1,1,48,8,3,0,0,0,0,0,9,1,-1,3,1,0.0,1.0,-1,3,30,1,1,1,10:45,1,2,9
2023451316634,2023,451316634,2,2,1,1,40,7,3,0,0,0,0,0,1,-1,-1,3,1,0.0,1.0,-1,6,30,1,1,1,08:01,5,2,1
2023501269875,2023,501269875,2,2,1,1,50,8,3,0,0,0,0,0,1,5,E01018853,3,1,0.0,1.0,-1,1,30,1,1,1,14:17,2,2,1
2023010471734,2023,010471734,1,1,1,1,55,8,3,0,0,0,0,0,10,2,E01003125,-1,0,0.0,1.0,-1,3,30,8,1,1,14:36,1,2,10
2023501390472,2023,501390472,1,1,1,1,31,6,3,0,0,0,0,0,19,5,E01020325,3,1,0.0,1.0,-1,6,60,2,5,2,05:35,7,2,19
2023201343108,2023,201343108,2,5,2,1,78,11,3,0,0,1,0,0,9,4,E01009205,3,1,0.0,1.0,-1,3,30,1,1,1,15:00,1,2,9
2023461318170,2023,461318170,1,1,2,1,18,4,3,0,0,2,0,0,9,6,E01032824,3,1,0.0,1.0,-1,6,40,1,4,1,19:55,4,1,9
2023501290547,2023,501290547,1,2,2,1,23,5,2,0,0,1,0,0,9,7,E01019942,5,1,1.0,0.0,-1,3,70,2,6,2,22:12,7,1,9
2023010466223,2023,010466223,1,1,2,2,48,8,3,0,0,0,4,0,11,8,E01002322,-1,0,0.0,1.0,-1,6,30,1,1,1,15:35,6,1,11
2023010447406,2023,010447406,2,3,2,1,35,6,2,0,0,1,0,0,9,4,E01000731,-1,0,1.0,0.0,-1,1,30,1,1,1,16:48,3,2,9
2023031304097,2023,031304097,1,1,1,2,60,9,3,0,0,0,0,0,9,9,E01025148,3,1,0.0,1.0,-1,6,60,1,1,1,15:54,5,2,9
2023332301036,2023,332301036,1,1,1,1,17,4,3,0,0,0,0,0,9,3,E01025894,-1,0,0.037,0.963,-1,6,60,2,1,2,17:25,5,2,9
2023361319700,2023,361319700,2,2,2,1,29,6,2,0,0,1,0,0,9,4,E01026499,7,1,1.0,0.0,-1,6,60,1,1,1,09:43,7,2,9
2023440102014,2023,440102014,1,1,1,2,40,7,3,0,0,0,0,0,9,9,E01022782,-1,0,0.06299,0.93701,-1,6,30,1,1,1,09:24,3,2,9
2023622300334,2023,622300334,1,1,3,2,16,4,3,1,1,0,0,0,0,1,W01001280,-1,0,0.07968,0.92032,-1,1,30,1,1,1,16:10,3,1,9
2023010437264,2023,010437264,1,1,1,2,35,6,3,0,0,0,0,0,9,-1,-1,-1,0,0.0,1.0,-1,6,30,1,1,1,16:00,5,3,9
2023401292036,2023,401292036,1,2,2,2,68,10,3,0,0,-1,0,0,9,4,E01015786,3,1,0.0,1.0,-1,1,30,1,1,1,12:27,7,2,9
2023010422148,2023,010422148,1,1,3,1,5,1,2,8,1,0,0,0,0,6,E01001070,-1,0,1.0,0.0,-1,7,30,1,1,1,15:20,4,1,8