collision_index,collision_year,collision_ref_no,vehicle_reference,casualty_reference,casualty_class,sex_of_casualty,age_of_casualty,age_band_of_casualty,casualty_severity,pedestrian_location,pedestrian_movement,car_passenger,bus_or_coach_passenger,pedestrian_road_maintenance_worker,casualty_type,casualty_imd_decile,lsoa_of_casualty,enhanced_casualty_severity,casualty_injury_based,casualty_adjusted_severity_serious,casualty_adjusted_severity_slight,casualty_distance_banding,road_type,speed_limit,weather_conditions,light_conditions,road_surface_conditions,time,day_of_week,number_of_vehicles,vehicle_type
2023122300740,2023,122300740,1,2,2,-1,30,6,3,0,0,0,0,0,19,1,E01011430,-1,0,0.01437,0.98563,-1,6,40,1,1,1,14:25,7,2,19
2023161383354,2023,161383354,1,2,2,2,25,5,3,0,0,1,0,0,19,5,E01012769,3,1,0.0,1.0,-1,6,30,1,1,1,11:15,5,2,19
2023451324914,2023,451324914,2,2,1,1,50,8,3,0,0,0,0,0,19,7,E01030451,3,1,0.0,1.0,-1,6,40,1,1,1,06:20,1,3,19
2023010459033,2023,010459033,1,1,1,1,46,8,2,0,0,0,0,0,3,4,E01003541,-1,0,1.0,0.0,-1,6,30,1,4,1,22:20,6,2,3
2023440333581,2023,440333581,1,1,1,1,17,4,2,0,0,0,0,0,3,10,E01022691,-1,0,1.0,0.0,-1,6,60,2,4,2,01:51,6,1,3
2023311387321,2023,311387321,1,1,2,2,9,2,3,0,0,0,4,0,11,-1,-1,3,1,0.0,1.0,-1,6,60,2,1,2,13:30,3,1,11
2023411328273,2023,411328273,1,1,3,1,29,6,3,1,9,0,0,0,0,5,E01023924,3,1,0.0,1.0,-1,1,30,1,4,1,23:30,7,1,8
2023421357573,2023,421357573,1,2,3,1,1,1,3,10,9,0,0,0,0,9,E01015815,3,1,0.0,1.0,-1,6,20,1,1,1,17:11,5,1,9
2023010486478,2023,010486478,1,1,1,1,31,6,3,0,0,0,0,0,3,3,E01002130,-1,0,0.0,1.0,-1,9,30,2,4,2,17:00,4,2,3
2023010446335,2023,010446335,2,2,1,1,25,5,2,0,0,0,0,0,3,6,E01003954,-1,0,1.0,0.0,-1,6,20,1,1,1,12:06,5,2,3
2023549018423,2023,549018423,1,1,1,1,35,6,3,0,0,0,0,0,5,1,E01031090,-1,0,0.16528,0.83472,-1,6,40,1,1,1,12:11,7,2,5
2023131371135,2023,131371135,1,1,1,1,43,7,3,0,0,0,0,0,19,1,E01007573,3,1,0.0,1.0,-1,3,70,1,1,1,10:10,2,2,19
2023231392352,2023,231392352,1,2,2,2,27,6,3,0,0,2,0,0,8,6,E01031159,3,1,0.0,1.0,-1,3,70,1,4,1,04:05,2,1,8
2023501368848,2023,501368848,1,1,3,1,13,3,3,4,4,0,0,-1,0,4,E01018820,3,1,0.0,1.0,-1,6,20,1,1,2,08:00,3,1,9
2023010423279,2023,010423279,1,1,1,1,46,8,3,0,0,0,0,0,8,3,E01002612,-1,0,0.0,1.0,-1,6,30,1,1,1,09:08,5,2,8
2023991289591,2023,991289591,1,1,3,1,88,11,2,6,9,0,0,0,0,8,-1,7,1,1.0,0.0,-1,6,30,1,1,1,15:05,4,1,9
2023522301112,2023,522301112,1,1,1,1,20,4,3,0,0,0,0,0,1,1,E01014727,-1,0,0.03617,0.96383,-1,6,20,1,1,1,17:19,4,2,1
2023451337947,2023,451337947,1,1,1,1,53,8,2,0,0,0,0,0,3,10,E01030623,7,1,1.0,0.0,-1,6,40,1,1,1,13:35,4,2,3
2023052302671,2023,052302671,2,1,1,2,28,6,3,0,0,0,0,0,9,2,E01006819,-1,0,0.03092,0.96908,-1,6,30,1,1,2,08:40,3,2,9
2023131265069,2023,131265069,1,1,1,1,24,5,2,0,0,0,0,0,9,4,E01010669,7,1,1.0,0.0,-1,6,30,1,1,4,15:42,4,2,9
2023440478573,2023,440478573,1,1,1,2,19,4,3,0,0,0,0,0,9,8,E01030659,-1,0,0.01241,0.98759,-1,6,30,1,1,1,11:00,1,2,9
2023471363848,2023,471363848,1,1,1,1,63,9,3,0,0,0,0,0,22,1,E01016910,3,1,0.0,1.0,-1,6,30,1,1,1,10:00,7,2,22
2023991390747,2023,991390747,1,1,3,1,31,6,3,6,9,0,0,0,0,5,-1,3,1,0.0,1.0,-1,6,30,5,1,2,13:00,4,1,19
2023631355838,2023,631355838,1,1,1,1,56,9,2,0,0,0,0,0,5,5,E01025515,5,1,1.0,0.0,-1,6,60,5,1,2,18:00,1,1,5
2023221390618,2023,221390618,2,1,1,1,49,8,2,0,0,0,0,0,1,6,E01032159,7,1,1.0,0.0,-1,6,30,1,1,1,14:55,2,2,1
2023010438784,2023,010438784,1,1,1,1,30,6,3,0,0,0,0,0,3,4,E01003148,-1,0,0.0,1.0,-1,6,20,1,1,1,08:40,6,2,3
2023302300275,2023,302300275,2,1,1,1,58,9,3,0,0,0,0,0,4,3,E01019856,-1,0,0.14672,0.85328,-1,6,30,1,1,1,16:30,2,2,4
2023010449683,2023,010449683,1,1,1,1,27,6,3,0,0,0,0,0,3,6,E01001573,-1,0,0.0,1.0,-1,9,20,9,1,9,12:40,7,2,3
2023010473487,2023,010473487,1,1,3,2,53,8,2,1,3,0,0,0,0,6,E01002834,-1,0,1.0,0.0,-1,3,20,1,1,1,16:50,1,1,9
2023122300136,2023,122300136,1,1,1,1,53,8,2,0,0,0,0,0,19,2,E01027827,-1,0,1.0,0.0,-1,6,60,1,1,1,11:41,4,4,19
2023211359513,2023,211359513,1,1,3,1,53,8,2,5,1,0,0,0,0,-1,-1,5,1,1.0,0.0,-1,3,70,2,1,2,18:36,2,1,19
2023320636625,2023,320636625,1,1,1,2,60,9,2,0,0,0,0,0,8,3,E01026043,-1,0,1.0,0.0,-1,6,40,2,6,2,00:20,6,1,8
2023332300018,2023,332300018,1,1,1,2,25,5,3,0,0,0,0,0,9,4,E01013614,-1,0,0.02006,0.97994,-1,6,30,1,4,1,20:45,1,2,9
2023471358115,2023,471358115,1,3,2,2,54,8,2,0,0,2,0,0,9,5,E01031614,5,1,1.0,0.0,-1,3,50,1,4,1,19:19,7,2,9
2023010455613,2023,010455613,1,1,1,1,35,6,3,0,0,0,0,0,9,8,E01002321,-1,0,0.0,1.0,-1,6,20,1,1,1,09:30,7,2,9
2023141363868,2023,141363868,1,1,1,1,72,10,2,0,0,0,0,0,9,4,E01007390,5,1,1.0,0.0,-1,6,30,1,1,1,10:25,3,2,9
2023302301048,2023,302301048,1,1,1,1,42,7,3,0,0,0,0,0,9,9,E01029465,-1,0,0.10604,0.89396,-1,6,30,1,1,1,09:30,1,1,9
2023010457575,2023,010457575,2,1,1,1,42,7,3,0,0,0,0,0,22,-1,-1,-1,0,0.0,1.0,-1,6,20,1,1,1,17:00,5,2,22
2023010467826,2023,010467826,1,1,1,2,-1,-1,3,0,0,0,0,0,3,10,E01030415,-1,0,0.0,1.0,-1,6,20,9,1,9,17:30,5,2,3
2023052302803,2023,052302803,2,1,1,2,35,6,3,0,0,0,0,0,3,1,E01006758,-1,0,0.042,0.958,-1,3,40,1,4,1,19:42,4,2,3
2023461345340,2023,461345340,1,1,2,2,72,10,3,0,0,0,0,0,5,8,E01021634,3,1,0.0,1.0,-1,3,70,1,1,1,17:40,1,1,5
2023201397895,2023,201397895,1,1,3,2,20,4,3,4,1,0,0,2,0,1,E01009346,3,1,0.0,1.0,-1,6,30,1,1,1,10:00,5,1,19
2023302300882,2023,302300882,2,1,2,2,7,2,3,0,0,1,0,0,9,8,E01019766,-1,0,0.02417,0.97583,-1,6,60,1,1,1,14:05,1,2,9
2023401299364,2023,401299364,2,4,2,1,30,6,3,0,0,2,0,0,9,8,E01016595,3,1,0.0,1.0,-1,7,70,1,4,1,20:30,1,3,9
2023631342806,2023,631342806,1,1,1,1,55,8,2,0,0,0,0,0,5,5,W01000913,5,1,1.0,0.0,-1,6,60,4,1,1,12:20,5,1,5
2023131387981,2023,131387981,1,1,1,1,33,6,3,0,0,0,0,0,22,1,E01011725,3,1,0.0,1.0,-1,3,40,1,4,1,23:07,4,1,22
2023131260136,2023,131260136,1,1,3,1,40,7,3,9,5,0,0,2,0,1,E01011730,3,1,0.0,1.0,-1,6,30,1,1,2,15:55,4,1,9
2023010419585,2023,010419585,1,2,2,2,13,3,3,0,0,9,0,0,9,4,E01003770,-1,0,0.0,1.0,-1,7,30,2,1,2,12:20,3,2,9
2023131353924,2023,131353924,2,2,2,2,12,3,3,0,0,2,0,0,9,-1,-1,3,1,0.0,1.0,-1,6,30,1,4,1,08:20,2,2,9
2023411394717,2023,411394717,1,1,1,2,18,4,3,0,0,0,0,0,9,10,E01017407,3,1,0.0,1.0,-1,3,40,1,4,4,20:02,7,2,9
2023451344635,2023,451344635,1,1,1,1,30,6,3,0,0,0,0,0,9,7,E01030576,3,1,0.0,1.0,-1,3,40,1,1,1,19:30,3,2,9
2023622300161,2023,622300161,1,1,1,2,28,6,3,0,0,0,0,0,9,5,W01001033,-1,0,0.02794,0.97206,-1,6,30,1,1,1,13:23,1,2,9
2023010470579,2023,010470579,1,1,3,1,38,7,2,9,9,0,0,0,0,1,E01004399,-1,0,1.0,0.0,-1,3,20,1,1,1,10:03,7,2,9
2023010437224,2023,010437224,1,1,1,2,25,5,3,0,0,0,0,0,1,9,E01003802,-1,0,0.0,1.0,-1,6,20,8,1,1,07:15,5,2,1
2023320453420,2023,320453420,2,1,1,1,15,3,3,0,0,0,0,0,1,2,E01026026,-1,0,0.12187,0.87813,-1,6,30,2,1,2,17:10,7,2,1
2023010478680,2023,010478680,1,1,1,1,26,6,3,0,0,0,0,0,3,3,E01003635,-1,0,0.0,1.0,-1,7,20,1,4,1,19:50,6,2,3
2023052302614,2023,052302614,2,1,1,1,41,7,3,0,0,0,0,0,4,1,E01006758,-1,0,0.04255,0.95745,-1,3,30,1,1,1,18:30,7,2,4
2023161309435,2023,161309435,2,2,1,1,30,6,3,0,0,0,0,0,5,1,E01012789,3,1,0.0,1.0,-1,6,30,1,1,1,17:55,5,2,5
2023440390763,2023,440390763,2,1,1,2,65,9,3,0,0,0,0,0,9,10,E01022861,-1,0,0.09024,0.90976,-1,6,50,1,1,1,07:44,2,2,9
2023201330973,2023,201330973,1,1,3,1,66,10,3,10,9,0,0,0,0,1,E01010103,3,1,0.0,1.0,-1,6,30,1,1,1,10:10,6,1,9
2023010439452,2023,010439452,1,1,1,2,35,6,3,0,0,0,0,0,1,10,E01017456,-1,0,0.0,1.0,-1,6,30,2,1,2,19:00,2,2,1
2023471318864,2023,471318864,2,1,1,1,46,8,3,0,0,0,0,0,3,2,E01031348,3,1,0.0,1.0,-1,6,30,1,4,1,00:20,1,2,3
2023041284597,2023,041284597,1,1,3,1,28,6,3,9,8,0,0,0,0,8,E01025344,3,1,0.0,1.0,-1,6,60,1,1,1,15:30,1,1,9
2023141283907,2023,141283907,1,1,3,1,-1,-1,3,5,9,0,0,0,0,-1,-1,3,1,0.0,1.0,-1,6,30,1,1,2,15:45,2,1,9
2023201376553,2023,201376553,1,1,3,1,62,9,3,1,1,0,0,0,0,8,E01009669,3,1,0.0,1.0,-1,6,30,1,1,1,17:28,3,1,9
2023340WN1602,2023,340WN1602,1,1,3,1,46,8,3,8,1,0,0,0,0,6,E01032977,-1,0,0.1241,0.8759,-1,6,30,1,4,1,21:25,3,1,9
2023320428022,2023,320428022,2,1,1,1,26,6,3,0,0,0,0,0,5,6,E01026545,-1,0,0.22702,0.77298,-1,6,60,1,1,1,15:40,3,2,5
2023010441017,2023,010441017,1,1,1,1,39,7,3,0,0,0,0,0,9,5,E01004519,-1,0,0.0,1.0,-1,7,20,2,1,2,20:01,2,2,9
2023991285692,2023,991285692,2,1,1,2,71,10,3,0,0,0,0,0,9,5,-1,3,1,0.0,1.0,-1,6,20,1,1,1,10:57,7,2,9
2023401389518,2023,401389518,2,1,1,1,24,5,2,0,0,0,0,0,2,7,E01017527,7,1,1.0,0.0,-1,3,30,8,1,2,14:10,4,2,2
2023991353690,2023,991353690,2,1,1,1,41,7,3,0,0,0,0,0,3,6,-1,3,1,0.0,1.0,-1,3,20,1,4,1,06:45,4,2,3
2023401321879,2023,401321879,1,1,1,2,27,6,3,0,0,0,0,0,9,10,E01017404,3,1,0.0,1.0,-1,6,60,1,1,1,15:26,5,2,9
2023552300636,2023,552300636,1,1,1,1,20,4,3,0,0,0,0,0,9,9,E01015406,-1,0,0.0645,0.9355,-1,6,30,1,4,1,23:42,5,1,9
2023161326547,2023,161326547,2,1,1,1,20,4,3,0,0,0,0,0,1,3,E01012860,3,1,0.0,1.0,-1,6,30,1,1,1,17:17,5,2,1
2023201307816,2023,201307816,1,1,1,1,16,4,2,0,0,0,0,0,-1,1,E01010274,5,1,1.0,0.0,-1,6,30,1,1,1,16:04,1,1,-1
2023131259222,2023,131259222,2,2,1,1,37,7,3,0,0,0,0,0,9,2,E01010682,3,1,0.0,1.0,-1,6,30,8,4,4,08:11,3,5,9
2023320613848,2023,320613848,1,1,1,1,79,11,2,0,0,0,0,0,9,6,E01031178,-1,0,1.0,0.0,-1,6,50,1,1,2,11:50,3,1,9
2023351394761,2023,351394761,2,2,1,2,77,11,3,0,0,0,0,0,9,10,E01018130,3,1,0.0,1.0,-1,6,60,1,6,2,17:57,1,2,9
2023421372702,2023,421372702,1,1,1,2,77,11,3,0,0,0,0,0,9,6,E01033056,3,1,0.0,1.0,-1,6,60,1,4,1,18:49,5,1,9
2023440166447,2023,440166447,1,3,2,2,73,10,3,0,0,2,0,0,9,1,E01017053,-1,0,0.09822,0.90178,-1,6,30,1,1,1,13:05,6,2,9
2023991306805,2023,991306805,1,1,1,2,23,5,3,0,0,0,0,0,9,7,-1,3,1,0.0,1.0,-1,3,70,1,1,1,17:33,6,3,9
2023461275426,2023,461275426,2,1,1,1,46,8,3,0,0,0,0,0,21,-1,-1,3,1,0.0,1.0,-1,3,50,1,1,1,13:41,7,2,21
2023311337677,2023,311337677,1,1,1,1,17,4,3,0,0,0,0,0,3,8,E01028190,3,1,0.0,1.0,-1,6,20,1,4,2,02:15,5,1,3
2023440299916,2023,440299916,1,1,1,1,20,4,3,0,0,0,0,0,3,4,E01022817,-1,0,0.26301,0.73699,-1,6,40,1,4,1,22:57,3,2,3
2023131379186,2023,131379186,2,1,1,1,25,5,2,0,0,0,0,0,5,3,E01011601,7,1,1.0,0.0,-1,6,30,1,4,1,18:01,1,2,5
2023411396532,2023,411396532,1,1,3,2,71,10,2,4,1,0,0,0,0,10,E01023684,5,1,1.0,0.0,-1,6,30,1,1,1,12:18,6,1,20
2023451352922,2023,451352922,2,1,1,2,48,8,3,0,0,0,0,0,1,10,E01030368,3,1,0.0,1.0,-1,6,30,9,1,1,08:15,5,2,1
2023471342526,2023,471342526,1,1,3,1,35,6,3,9,5,0,0,1,0,5,E01017243,3,1,0.0,1.0,-1,6,60,1,6,1,21:09,4,1,9
2023522301081,2023,522301081,1,1,3,1,11,3,3,5,2,0,0,0,0,-1,-1,-1,0,0.04489,0.95511,-1,6,30,1,1,1,16:45,4,1,9
2023010432380,2023,010432380,1,1,1,2,52,8,3,0,0,0,0,0,1,3,E01004034,-1,0,0.0,1.0,-1,9,30,2,4,2,18:30,4,2,1
2023440376861,2023,440376861,1,1,1,1,18,4,3,0,0,0,0,0,3,2,E01022970,-1,0,0.16624,0.83376,-1,6,30,1,1,1,13:45,6,2,3
2023010425282,2023,010425282,1,1,1,1,54,8,3,0,0,0,0,0,1,5,E01004560,-1,0,0.0,1.0,-1,6,30,1,1,1,15:20,6,2,1
2023201298671,2023,201298671,1,1,3,2,17,4,2,5,3,0,0,2,0,1,E01010288,7,1,1.0,0.0,-1,6,30,1,1,1,19:00,4,1,9
2023340WN3672,2023,340WN3672,1,1,3,1,54,8,3,9,9,0,0,0,0,-1,-1,-1,0,0.09311,0.90689,-1,3,40,1,1,1,20:28,7,1,19
2023141372625,2023,141372625,2,1,1,1,37,7,2,0,0,0,0,0,1,6,E01007585,7,1,1.0,0.0,-1,6,50,1,1,1,14:49,5,2,1
2023461353811,2023,461353811,2,1,1,1,18,4,3,0,0,0,0,0,3,6,E01024700,3,1,0.0,1.0,-1,6,30,1,1,2,15:01,6,2,3
2023010481064,2023,010481064,1,1,2,1,63,9,3,0,0,0,2,0,11,5,E01001581,-1,0,0.0,1.0,-1,6,30,1,1,1,07:20,5,1,11
2023461338409,2023,461338409,2,1,1,2,76,11,3,0,0,0,0,0,9,5,E01024031,3,1,0.0,1.0,-1,6,40,2,4,2,10:38,2,3,9
2023122301328,2023,122301328,1,1,1,1,73,10,3,0,0,0,0,0,9,10,E01029657,-1,0,0.08593,0.91407,-1,6,40,1,1,1,09:34,6,3,9
2023361329054,2023,361329054,2,2,1,2,64,9,3,0,0,0,0,0,9,6,E01026769,3,1,0.0,1.0,-1,6,30,2,1,2,14:17,5,2,9
2023411383327,2023,411383327,1,1,1,1,36,7,3,0,0,0,0,0,9,2,E01003607,3,1,0.0,1.0,-1,3,70,1,6,1,18:28,6,2,9
2023010441620,2023,010441620,2,1,1,2,44,7,3,0,0,0,0,0,9,4,E01002454,-1,0,0.0,1.0,-1,6,30,1,1,1,11:58,1,2,9
2023302300810,2023,302300810,2,2,1,1,47,8,2,0,0,0,0,0,9,6,E01019866,-1,0,1.0,0.0,-1,6,60,1,1,1,15:25,3,2,9
2023061381845,2023,061381845,1,3,2,2,11,3,3,0,0,2,0,0,9,6,E01005345,3,1,0.0,1.0,-1,3,30,8,1,2,15:25,7,2,9
2023351401634,2023,351401634,1,1,2,2,16,4,2,0,0,1,0,0,9,9,E01018054,5,1,1.0,0.0,-1,6,30,1,4,2,19:29,1,2,9
2023141322166,2023,141322166,2,2,2,1,41,7,3,0,0,1,0,0,9,2,E01019581,3,1,0.0,1.0,-1,6,30,1,4,1,01:07,7,2,9
2023141353346,2023,141353346,2,2,1,2,25,5,3,0,0,0,0,0,9,2,E01007982,3,1,0.0,1.0,-1,6,30,1,1,1,14:30,4,2,9
2023461289138,2023,461289138,1,1,1,1,81,11,3,0,0,0,0,0,9,6,E01024023,3,1,0.0,1.0,-1,6,30,1,1,1,12:43,6,2,9
2023471370695,2023,471370695,2,3,1,1,50,8,3,0,0,0,0,0,9,9,E01021161,3,1,0.0,1.0,-1,6,30,2,4,2,18:00,7,2,9
2023991284055,2023,991284055,2,1,1,2,36,7,2,0,0,0,0,0,9,8,-1,5,1,1.0,0.0,-1,6,30,1,1,1,13:42,5,2,9
2023471262014,2023,471262014,2,1,1,1,49,8,3,0,0,0,0,0,1,7,E01021010,3,1,0.0,1.0,-1,6,30,2,1,2,05:35,2,2,1
2023010427596,2023,010427596,1,1,1,1,30,6,3,0,0,0,0,0,3,7,E01033568,-1,0,0.0,1.0,-1,6,20,1,4,2,20:36,5,4,3
2023070587020,2023,070587020,2,1,1,1,12,3,3,0,0,0,0,0,1,-1,-1,-1,0,0.04941,0.95059,-1,6,30,1,1,1,17:42,6,2,1
2023010430996,2023,010430996,1,1,1,1,26,6,3,0,0,0,0,0,3,1,E01002040,-1,0,0.0,1.0,-1,9,20,1,1,1,11:45,4,2,3
2023201277573,2023,201277573,2,1,1,1,65,9,3,0,0,0,0,0,5,9,E01010225,3,1,0.0,1.0,-1,1,30,1,1,1,09:31,5,2,5
2023471388148,2023,471388148,1,1,3,1,-1,-1,3,5,1,0,0,0,0,-1,-1,3,1,0.0,1.0,-1,6,30,2,1,2,13:20,4,1,9
2023531273176,2023,531273176,1,1,3,1,8,2,2,1,3,0,0,0,0,1,E01032932,5,1,1.0,0.0,-1,3,40,1,1,1,15:50,2,1,19
2023201411275,2023,201411275,1,1,2,2,35,6,3,0,0,1,0,0,9,2,E01010087,3,1,0.0,1.0,-1,1,40,1,4,1,13:08,6,2,9
2023311306817,2023,311306817,1,1,2,2,36,7,3,0,0,1,0,0,9,6,E01013978,3,1,0.0,1.0,-1,6,30,1,1,1,17:33,6,2,9
2023531279563,2023,531279563,2,2,2,2,6,2,3,0,0,2,0,0,9,6,E01032216,3,1,0.0,1.0,-1,6,50,2,6,2,17:35,4,2,9
2023320549721,2023,320549721,2,1,1,1,51,8,3,0,0,0,0,0,2,2,E01026154,-1,0,0.07444,0.92556,-1,1,30,9,1,1,14:37,4,2,2
2023361287890,2023,361287890,2,2,1,2,60,9,3,0,0,0,0,0,9,4,E01026762,3,1,0.0,1.0,-1,6,30,1,1,1,14:56,3,2,9
2023552301234,2023,552301234,1,1,3,1,41,7,3,6,9,0,0,0,0,8,E01020388,-1,0,0.05774,0.94226,-1,6,30,1,1,1,11:55,1,1,19
2023010465775,2023,010465775,1,1,1,1,22,5,3,0,0,0,0,0,2,4,E01001321,-1,0,0.0,1.0,-1,3,30,1,1,1,16:45,4,1,2
2023371265780,2023,371265780,1,1,1,1,18,4,2,0,0,0,0,0,3,2,E01029938,7,1,1.0,0.0,-1,1,30,1,1,4,08:29,5,2,3
2023010435071,2023,010435071,1,1,1,1,46,8,3,0,0,0,0,0,1,9,E01024183,-1,0,0.0,1.0,-1,9,30,1,4,2,22:40,4,2,1
2023332301057,2023,332301057,1,1,3,1,14,3,3,4,1,0,0,0,0,8,E01025793,-1,0,0.07691,0.92309,-1,6,30,1,1,2,15:20,6,1,9
2023421273506,2023,421273506,2,1,1,1,50,8,2,0,0,0,0,0,19,-1,-1,5,1,1.0,0.0,-1,1,30,1,1,1,14:31,3,2,19
2023010465268,2023,010465268,1,1,1,1,28,6,3,0,0,0,0,0,3,1,E01001559,-1,0,0.0,1.0,-1,9,20,9,7,9,21:45,7,2,3
2023052300637,2023,052300637,1,2,3,2,75,10,3,1,1,0,0,0,0,1,E01006787,-1,0,0.21321,0.78679,-1,6,30,1,1,1,10:14,7,1,9
2023010456229,2023,010456229,2,1,1,2,35,6,3,0,0,0,0,0,1,3,E01002752,-1,0,0.0,1.0,-1,6,20,1,1,1,09:16,5,2,1
2023010469863,2023,010469863,1,1,1,1,-1,-1,3,0,0,0,0,0,1,2,E01001780,-1,0,0.0,1.0,-1,9,20,9,1,9,08:30,4,2,1
2023501311140,2023,501311140,2,1,1,1,54,8,3,0,0,0,0,0,1,6,E01015264,3,1,0.0,1.0,-1,6,30,1,1,1,19:30,4,2,1
2023010484331,2023,010484331,1,1,1,1,25,5,3,0,0,0,0,0,3,6,E01001607,-1,0,0.0,1.0,-1,9,30,1,1,2,10:40,6,2,3
2023010424721,2023,010424721,1,1,1,1,33,6,3,0,0,0,0,0,4,5,E01001973,-1,0,0.0,1.0,-1,9,20,1,1,1,16:30,3,2,4
2023061382241,2023,061382241,1,1,1,1,33,6,2,0,0,0,0,0,5,3,E01005297,7,1,1.0,0.0,-1,6,30,1,7,1,15:55,4,2,5
2023320433793,2023,320433793,1,1,3,1,13,3,3,5,1,0,0,0,0,3,E01026123,-1,0,0.17195,0.82805,-1,6,40,1,1,1,20:00,5,1,9
2023010475364,2023,010475364,1,1,3,2,27,6,3,1,1,0,0,0,0,-1,-1,-1,0,0.0,1.0,-1,9,20,2,1,2,15:25,3,1,9
2023101367161,2023,101367161,2,1,1,1,17,4,3,0,0,0,0,0,9,2,E01008335,3,1,0.0,1.0,-1,6,30,1,1,1,19:30,6,3,9
2023371373307,2023,371373307,1,1,1,2,36,7,3,0,0,0,0,0,9,9,E01029893,3,1,0.0,1.0,-1,6,30,1,7,1,17:15,6,2,9
2023401346859,2023,401346859,2,3,2,1,32,6,3,0,0,2,0,0,9,2,E01027227,3,1,0.0,1.0,-1,6,30,1,4,-1,04:56,4,2,9
2023440008057,2023,440008057,1,1,2,1,19,4,2,0,0,2,0,0,9,3,E01017299,-1,0,1.0,0.0,-1,6,30,1,4,2,03:17,7,1,9
2023441384093,2023,441384093,2,1,2,2,18,4,3,0,0,1,0,0,9,9,E01031504,3,1,0.0,1.0,-1,6,40,2,6,2,16:30,5,2,9
2023471294618,2023,471294618,3,5,2,2,37,7,3,0,0,1,0,0,9,7,E01021007,3,1,0.0,1.0,-1,6,60,1,1,1,11:11,6,4,9
2023010430965,2023,010430965,1,1,1,2,50,8,3,0,0,0,0,0,9,2,E01000952,-1,0,0.0,1.0,-1,9,20,1,4,1,19:58,3,2,9
2023131287206,2023,131287206,1,1,2,1,23,5,3,0,0,1,0,0,9,10,E01007266,3,1,0.0,1.0,-1,9,30,2,4,2,17:50,4,2,9
2023332300915,2023,332300915,3,2,2,1,56,9,3,0,0,1,0,0,9,2,E01013676,-1,0,0.00993,0.99007,-1,6,30,1,1,1,08:30,7,3,9
2023440493666,2023,440493666,2,1,1,2,42,7,3,0,0,0,0,0,9,6,E01023056,-1,0,0.03441,0.96559,-1,6,30,1,1,1,10:43,1,2,9
2023471351666,2023,471351666,2,1,1,2,30,6,3,0,0,0,0,0,9,3,E01021016,3,1,0.0,1.0,-1,6,30,1,1,1,16:30,1,2,9
2023101380141,2023,101380141,2,1,1,1,56,9,3,0,0,0,0,0,19,8,E01020837,3,1,0.0,1.0,-1,3,70,1,6,1,18:00,3,2,19
2023010423478,2023,010423478,2,2,1,2,31,6,3,0,0,0,0,0,9,5,E01002363,-1,0,0.0,1.0,-1,6,30,2,1,2,14:30,4,3,9
2023421261704,2023,421261704,2,3,2,2,11,3,3,0,0,1,0,0,9,1,E01021968,3,1,0.0,1.0,-1,6,40,1,4,1,17:47,3,2,9
2023461320985,2023,461320985,2,2,1,2,34,6,3,0,0,0,0,0,9,3,E01024241,3,1,0.0,1.0,-1,6,50,1,1,1,15:49,6,2,9
2023131381524,2023,131381524,2,2,2,2,14,3,3,0,0,2,0,0,9,1,E01033693,3,1,0.0,1.0,-1,3,30,1,4,2,16:45,5,2,9
2023211304886,2023,211304886,2,1,2,2,72,10,3,0,0,2,0,0,9,6,E01029722,3,1,0.0,1.0,-1,6,30,1,1,1,16:10,1,2,9
2023371330302,2023,371330302,2,1,1,2,32,6,3,0,0,0,0,0,9,4,E01030133,3,1,0.0,1.0,-1,6,30,1,1,1,17:10,4,2,9
2023141356051,2023,141356051,1,1,1,2,40,7,3,0,0,0,0,0,9,-1,-1,3,1,0.0,1.0,-1,6,30,1,1,1,07:59,2,2,9
2023451272965,2023,451272965,1,1,1,2,20,4,3,0,0,0,0,0,9,8,E01030393,3,1,0.0,1.0,-1,1,40,2,1,2,13:15,2,1,9
2023522301288,2023,522301288,1,1,1,1,71,10,3,0,0,0,0,0,9,1,E01029132,-1,0,0.08539,0.91461,-1,3,70,1,1,1,16:22,1,2,9
202354B782323,2023,54B782323,2,2,2,2,83,11,2,0,0,1,0,0,9,9,E01032112,-1,0,1.0,0.0,-1,6,60,1,1,2,09:56,3,2,9
2023201298863,2023,201298863,2,1,1,2,32,6,3,0,0,0,0,0,9,10,E01010296,3,1,0.0,1.0,-1,3,30,1,4,1,21:40,6,3,9
2023302301197,2023,302301197,1,2,2,2,16,4,3,0,0,1,0,0,9,1,E01013893,-1,0,0.06368,0.93632,-1,6,30,1,4,1,22:00,5,1,9
2023522301173,2023,522301173,3,1,2,1,37,7,3,0,0,1,0,0,9,9,E01014616,-1,0,0.06665,0.93335,-1,3,40,1,4,1,21:20,6,3,9
2023201371570,2023,201371570,1,1,1,1,28,6,3,0,0,0,0,0,9,1,E01033621,3,1,0.0,1.0,-1,6,30,4,4,1,23:01,3,1,9
2023361368287,2023,361368287,2,1,1,1,84,11,3,0,0,0,0,0,9,4,E01026729,3,1,0.0,1.0,-1,6,60,2,1,2,13:11,5,2,9
2023031353135,2023,031353135,2,1,1,1,37,7,3,0,0,0,0,0,9,2,E01005320,3,1,0.0,1.0,-1,3,70,1,1,1,16:10,7,2,9
2023141267623,2023,141267623,1,1,1,1,23,5,3,0,0,0,0,0,9,3,E01007538,3,1,0.0,1.0,-1,6,40,1,6,2,22:00,3,1,9