collision_index,collision_year,collision_ref_no,vehicle_reference,casualty_reference,casualty_class,sex_of_casualty,age_of_casualty,age_band_of_casualty,casualty_severity,pedestrian_location,pedestrian_movement,car_passenger,bus_or_coach_passenger,pedestrian_road_maintenance_worker,casualty_type,casualty_imd_decile,lsoa_of_casualty,enhanced_casualty_severity,casualty_injury_based,casualty_adjusted_severity_serious,casualty_adjusted_severity_slight,casualty_distance_banding,road_type,speed_limit,weather_conditions,light_conditions,road_surface_conditions,time,day_of_week,number_of_vehicles,vehicle_type
2023351401634,2023,351401634,1,3,2,2,16,4,3,0,0,2,0,0,9,7,E01018022,3,1,0.0,1.0,-1,6,30,1,4,2,19:29,1,2,9
2023141346235,2023,141346235,2,2,1,1,31,6,3,0,0,0,0,0,19,-1,-1,3,1,0.0,1.0,-1,6,30,1,4,1,21:15,1,2,19
2023421332036,2023,421332036,2,2,1,1,41,7,3,0,0,0,0,0,9,3,E01021955,3,1,0.0,1.0,-1,6,30,1,4,2,21:37,6,2,9
2023440113681,2023,440113681,1,1,1,2,45,7,3,0,0,0,0,0,9,8,E01031843,-1,0,0.04861,0.95139,-1,3,50,1,1,1,08:40,4,2,9
2023061326726,2023,061326726,2,1,3,2,60,9,2,8,6,0,0,0,0,2,E01005514,6,1,1.0,0.0,-1,6,30,1,1,1,16:35,5,2,9
2023401300481,2023,401300481,1,1,3,2,36,7,3,10,9,0,0,0,0,5,E01014239,3,1,0.0,1.0,-1,6,30,1,1,-1,13:25,7,1,9
2023622300472,2023,622300472,1,1,3,2,20,4,3,6,9,0,0,0,0,-1,-1,-1,0,0.04713,0.95287,-1,6,30,1,1,1,17:35,7,1,9
2023010448762,2023,010448762,1,1,1,1,61,9,3,0,0,0,0,0,19,10,E01030603,-1,0,0.0,1.0,-1,2,20,1,1,1,13:15,3,2,19
202360A130818,2023,60A130818,2,1,3,2,58,9,3,9,6,0,0,0,0,-1,-1,-1,0,0.20415,0.79585,-1,6,30,1,1,1,14:10,4,2,98
2023161362390,2023,161362390,2,1,1,2,29,6,3,0,0,0,0,0,1,1,E01013140,3,1,0.0,1.0,-1,6,30,1,1,1,15:30,2,2,1
2023010434790,2023,010434790,2,1,1,1,39,7,2,0,0,0,0,0,3,3,E01003606,-1,0,1.0,0.0,-1,3,40,1,4,1,23:39,3,2,3
2023411343087,2023,411343087,2,1,1,1,13,3,2,0,0,0,0,0,1,7,E01023329,7,1,1.0,0.0,-1,6,30,1,1,1,18:10,7,2,1
2023141334633,2023,141334633,1,1,1,1,31,6,2,0,0,0,0,0,3,3,E01032550,7,1,1.0,0.0,-1,6,40,1,1,1,08:22,7,2,3
2023122400054,2023,122400054,1,1,3,2,28,6,2,1,1,0,0,0,0,10,E01013378,-1,0,1.0,0.0,-1,6,30,2,4,2,18:49,4,1,9
2023471347127,2023,471347127,3,1,1,2,25,5,3,0,0,0,0,0,9,7,E01031660,3,1,0.0,1.0,-1,6,30,1,1,1,08:29,5,7,9
2023041357803,2023,041357803,1,1,3,1,49,8,2,5,9,0,0,2,0,3,E01025356,7,1,1.0,0.0,-1,9,30,5,7,2,17:10,4,1,9
2023141293586,2023,141293586,1,1,3,1,12,3,3,5,1,0,0,0,0,9,E01007386,3,1,0.0,1.0,-1,6,30,8,1,1,12:30,3,1,9
2023461379996,2023,461379996,1,1,3,1,18,4,3,9,5,0,0,0,0,3,E01024291,3,1,0.0,1.0,-1,6,30,1,1,2,16:33,2,1,9
2023471355720,2023,471355720,2,1,3,2,42,7,3,9,9,0,0,0,0,6,E01017009,3,1,0.0,1.0,-1,6,20,5,4,2,19:40,4,2,9
2023031339209,2023,031339209,1,1,2,1,31,6,3,0,0,1,0,0,8,7,E01006498,3,1,0.0,1.0,-1,6,60,1,1,1,11:30,2,2,8
2023010443902,2023,010443902,1,2,2,-1,41,7,3,0,0,2,0,0,9,6,E01014952,-1,0,0.0,1.0,-1,3,30,1,1,1,14:00,5,2,9
2023461281087,2023,461281087,2,1,1,2,49,8,3,0,0,0,0,0,9,3,E01016044,3,1,0.0,1.0,-1,6,30,1,1,1,06:57,2,4,9
2023522301716,2023,522301716,2,2,2,1,50,8,3,0,0,1,0,0,9,1,E01014655,-1,0,0.009,0.991,-1,6,30,1,1,1,17:24,4,2,9
2023991369614,2023,991369614,2,2,2,2,25,5,2,0,0,1,0,0,9,-1,-1,5,1,1.0,0.0,-1,6,60,1,1,1,10:00,5,2,9
2023052301194,2023,052301194,2,1,1,2,30,6,2,0,0,0,0,0,9,6,E01007163,-1,0,1.0,0.0,-1,2,30,1,1,1,09:30,4,2,9
2023141326919,2023,141326919,1,1,1,2,26,6,3,0,0,0,0,0,9,10,E01007922,3,1,0.0,1.0,-1,3,40,1,1,1,14:15,5,2,9
2023311292105,2023,311292105,1,1,2,1,20,4,3,0,0,1,0,0,9,-1,-1,3,1,0.0,1.0,-1,6,30,1,1,1,18:10,7,2,9
2023010458898,2023,010458898,1,2,2,1,2,1,3,0,0,0,2,0,11,7,E01002198,-1,0,0.0,1.0,-1,6,20,1,1,1,12:38,6,1,11
2023430534457,2023,430534457,1,1,1,1,67,10,2,0,0,0,0,0,5,-1,-1,-1,0,1.0,0.0,-1,3,50,1,1,1,08:01,3,2,5
2023221386923,2023,221386923,1,1,1,1,84,11,3,0,0,0,0,0,9,7,E01014028,3,1,0.0,1.0,-1,6,60,1,6,1,17:00,6,1,9
2023622300712,2023,622300712,2,2,1,1,32,6,3,0,0,0,0,0,9,-1,-1,-1,0,0.05208,0.94792,-1,6,50,1,1,1,14:04,7,2,9
2023010447695,2023,010447695,1,1,1,1,33,6,3,0,0,0,0,0,3,2,E01000073,-1,0,0.0,1.0,-1,9,20,1,1,1,18:50,4,3,3
2023010429768,2023,010429768,1,1,1,1,22,5,2,0,0,0,0,0,9,-1,-1,-1,0,1.0,0.0,-1,6,20,1,4,1,22:04,3,4,9
2023010452301,2023,010452301,1,1,1,2,23,5,3,0,0,0,0,0,9,3,E01001983,-1,0,0.0,1.0,-1,3,40,1,4,1,22:30,5,2,9
2023101345972,2023,101345972,2,2,2,2,63,9,3,0,0,1,0,0,9,-1,-1,3,1,0.0,1.0,-1,6,30,1,1,1,13:00,1,2,9
2023430120553,2023,430120553,1,1,1,2,46,8,3,0,0,0,0,0,9,8,E01016610,-1,0,0.00695,0.99305,-1,6,50,1,4,2,21:40,6,2,9
2023010449890,2023,010449890,1,1,1,1,45,7,3,0,0,0,0,0,9,6,E01002640,-1,0,0.0,1.0,-1,6,30,1,1,1,16:45,1,2,9
2023421302206,2023,421302206,1,1,1,1,52,8,3,0,0,0,0,0,19,4,E01022011,3,1,0.0,1.0,-1,7,70,1,1,1,07:22,7,1,19
2023131327272,2023,131327272,1,1,1,1,30,6,3,0,0,0,0,0,9,2,E01007470,3,1,0.0,1.0,-1,7,60,1,1,1,14:38,6,2,9
2023430275190,2023,430275190,2,2,1,2,55,8,3,0,0,0,0,0,9,7,E01017646,-1,0,0.13169,0.86831,-1,6,60,1,1,1,14:49,5,2,9
2023471317202,2023,471317202,1,6,1,2,58,9,1,0,0,0,0,0,9,6,E01031465,1,1,0.0,0.0,-1,6,60,1,1,1,19:37,7,2,9
2023552301510,2023,552301510,1,1,2,1,5,1,3,0,0,2,0,0,9,5,E01015423,-1,0,0.08457,0.91543,-1,6,30,1,4,1,20:17,4,1,9
2023131365170,2023,131365170,2,1,1,2,39,7,3,0,0,0,0,0,1,6,E01010690,3,1,0.0,1.0,-1,6,30,8,1,1,16:17,5,2,1
2023101339779,2023,101339779,1,1,1,2,55,8,2,0,0,0,0,0,4,2,E01008221,6,1,1.0,0.0,-1,3,50,2,1,2,14:24,3,1,4
2023430067949,2023,430067949,1,1,1,1,29,6,3,0,0,0,0,0,3,5,E01016479,-1,0,0.04245,0.95755,-1,6,30,1,1,1,15:30,2,2,3
2023221396455,2023,221396455,2,3,2,1,65,9,3,0,0,2,0,0,8,5,E01028980,3,1,0.0,1.0,-1,6,30,1,4,1,21:30,6,2,8
2023010430473,2023,010430473,1,3,2,-1,-1,-1,3,0,0,1,0,0,9,7,E01016820,-1,0,0.0,1.0,-1,6,30,1,1,1,10:05,7,2,9
2023041375716,2023,041375716,1,1,1,2,18,4,3,0,0,0,0,0,9,4,E01033072,3,1,0.0,1.0,-1,6,30,8,1,2,09:20,6,2,9
2023320152697,2023,320152697,1,1,1,1,63,9,3,0,0,0,0,0,9,4,E01026144,-1,0,0.17486,0.82514,-1,3,70,1,6,2,03:45,2,1,9
2023501266175,2023,501266175,1,1,2,2,39,7,3,0,0,1,0,0,9,3,E01018978,3,1,0.0,1.0,-1,6,30,1,4,2,16:57,6,1,9
2023531304151,2023,531304151,1,2,2,1,17,4,3,0,0,0,0,0,19,8,E01022423,3,1,0.0,1.0,-1,6,30,1,4,1,01:30,5,2,19
2023101326681,2023,101326681,2,1,1,1,47,8,3,0,0,0,0,0,9,4,E01008597,3,1,0.0,1.0,-1,6,30,1,1,1,14:05,2,2,9
2023451365771,2023,451365771,2,3,2,1,11,3,2,0,0,1,0,0,9,8,E01030949,6,1,1.0,0.0,-1,6,40,1,4,2,19:00,1,2,9
2023430221316,2023,430221316,1,1,1,2,45,7,3,0,0,0,0,0,9,8,E01016508,-1,0,0.00392,0.99608,-1,6,30,1,1,1,16:00,7,2,9
2023501330485,2023,501330485,1,1,1,1,29,6,3,0,0,0,0,0,9,4,E01015177,3,1,0.0,1.0,-1,6,30,1,1,1,10:09,2,3,9
2023131376996,2023,131376996,1,1,1,2,45,7,3,0,0,0,0,0,19,2,E01011681,3,1,0.0,1.0,-1,6,30,1,1,1,09:00,3,2,19
2023622300934,2023,622300934,1,1,1,1,29,6,3,0,0,0,0,0,19,7,E01014847,-1,0,0.06973,0.93027,-1,6,40,1,1,1,15:41,7,4,19
2023141373517,2023,141373517,1,3,1,1,17,4,3,0,0,0,0,0,9,-1,-1,3,1,0.0,1.0,-1,6,20,1,4,1,23:11,7,1,9
2023340NN1062,2023,340NN1062,2,1,1,1,22,5,3,0,0,0,0,0,9,3,E01027124,-1,0,0.03104,0.96896,-1,6,60,1,1,1,17:45,2,2,9
2023351390605,2023,351390605,2,2,1,1,69,10,2,0,0,0,0,0,9,8,E01018215,7,1,1.0,0.0,-1,6,60,1,6,2,18:35,2,2,9
2023111288668,2023,111288668,2,2,2,1,35,6,3,0,0,-1,0,0,9,4,E01020644,3,1,0.0,1.0,-1,6,30,1,4,2,22:40,7,2,9
2023201285304,2023,201285304,2,1,2,2,20,4,3,0,0,1,0,0,9,3,E01010085,3,1,0.0,1.0,-1,3,50,1,1,1,18:46,3,2,9
2023991274056,2023,991274056,1,2,1,1,57,9,3,0,0,0,0,0,9,-1,-1,3,1,0.0,1.0,-1,6,30,1,4,2,20:44,4,2,9
2023010430760,2023,010430760,2,3,2,1,55,8,3,0,0,1,0,0,9,7,E01024437,-1,0,0.0,1.0,-1,3,50,1,1,2,06:31,2,3,9
2023041338655,2023,041338655,2,2,2,2,56,9,3,0,0,1,0,0,9,1,E01025236,3,1,0.0,1.0,-1,6,30,1,1,1,06:55,5,2,9
2023061332304,2023,061332304,1,1,2,2,44,7,3,0,0,2,0,0,9,1,E01005941,3,1,0.0,1.0,-1,7,70,2,1,2,20:23,7,2,9
2023170M10173,2023,170M10173,2,3,2,2,16,4,3,0,0,1,0,0,9,4,E01027599,-1,0,0.03732,0.96268,-1,7,70,1,4,4,17:23,3,3,9
2023501308290,2023,501308290,1,1,1,2,87,11,3,0,0,0,0,0,22,6,E01019971,3,1,0.0,1.0,-1,9,30,1,1,1,17:40,1,2,22
2023201339676,2023,201339676,2,2,2,2,53,8,3,0,0,2,0,0,9,-1,-1,3,1,0.0,1.0,-1,6,30,1,7,1,22:20,6,2,9
2023201363824,2023,201363824,1,1,1,1,36,7,3,0,0,0,0,0,9,1,E01009109,3,1,0.0,1.0,-1,3,70,1,1,1,18:26,4,3,9
2023201379957,2023,201379957,1,10,2,2,76,11,1,0,0,2,0,0,9,2,E01010086,1,1,0.0,0.0,-1,6,30,1,7,1,15:37,7,5,9
2023401391319,2023,401391319,3,2,2,2,21,5,3,0,0,-1,0,0,9,6,E01017385,3,1,0.0,1.0,-1,3,70,2,4,2,18:00,3,4,9
2023451291740,2023,451291740,1,1,1,2,43,7,3,0,0,0,0,0,9,-1,-1,3,1,0.0,1.0,-1,3,30,2,1,2,08:42,3,3,9
2023461278188,2023,461278188,1,3,2,1,12,3,3,0,0,1,0,0,9,4,E01024771,3,1,0.0,1.0,-1,6,40,7,1,1,08:00,2,2,9
2023010420065,2023,010420065,1,1,3,2,21,5,3,5,1,0,0,0,0,2,E01032569,-1,0,0.0,1.0,-1,6,20,1,1,2,15:35,6,1,23
2023311374098,2023,311374098,1,2,2,2,52,8,2,0,0,1,0,0,9,5,E01027943,7,1,1.0,0.0,-1,6,30,4,4,1,16:31,2,2,9
2023332301269,2023,332301269,1,1,1,1,31,6,3,0,0,0,0,0,9,9,E01025979,-1,0,0.00246,0.99754,-1,3,70,2,5,2,07:02,3,2,9
2023461354424,2023,461354424,2,1,1,1,33,6,3,0,0,0,0,0,9,6,E01007560,3,1,0.0,1.0,-1,6,50,1,1,1,15:03,6,2,9
2023010459702,2023,010459702,1,2,2,-1,-1,-1,3,0,0,1,0,0,9,5,E01000038,-1,0,0.0,1.0,-1,6,30,2,1,2,17:20,3,2,9
2023221378094,2023,221378094,1,1,1,1,48,8,3,0,0,0,0,0,9,9,E01032141,3,1,0.0,1.0,-1,3,70,1,1,1,07:29,4,2,9
2023302300468,2023,302300468,2,1,1,2,56,9,3,0,0,0,0,0,9,3,E01019810,-1,0,0.03845,0.96155,-1,6,60,1,1,1,09:30,4,2,9
2023320148572,2023,320148572,1,1,1,1,36,7,2,0,0,0,0,0,9,4,E01026077,-1,0,1.0,0.0,-1,6,60,1,6,2,18:45,6,1,9
2023010436983,2023,010436983,2,1,1,1,22,5,3,0,0,0,0,0,2,3,E01003555,-1,0,0.0,1.0,-1,3,20,1,1,1,09:39,4,2,2
2023131386987,2023,131386987,1,1,2,1,31,6,3,0,0,1,0,0,9,1,E01011497,3,1,0.0,1.0,-1,6,30,1,4,2,20:00,1,1,9
2023211203740,2023,211203740,1,1,1,1,25,5,3,0,0,0,0,0,9,8,E01029570,-1,0,0.0913,0.9087,-1,6,60,1,1,4,09:53,4,2,9
2023211269168,2023,211269168,2,1,1,1,56,9,3,0,0,0,0,0,9,9,E01029419,3,1,0.0,1.0,-1,6,30,1,1,1,13:45,2,2,9
2023421367974,2023,421367974,2,1,1,2,42,7,3,0,0,0,0,0,9,-1,-1,3,1,0.0,1.0,-1,3,50,1,1,1,10:33,7,3,9
2023461394979,2023,461394979,2,2,1,1,19,4,3,0,0,0,0,0,9,3,E01024668,3,1,0.0,1.0,-1,6,60,2,6,2,00:07,7,2,9
2023061282129,2023,061282129,2,1,1,2,47,8,2,0,0,0,0,0,23,4,E01005499,6,1,1.0,0.0,-1,6,30,1,4,1,10:40,6,2,23
2023471304139,2023,471304139,1,2,3,2,13,3,2,4,4,0,0,0,0,9,E01031704,7,1,1.0,0.0,-1,6,30,1,1,1,15:14,5,1,9
2023552300885,2023,552300885,1,1,3,2,37,7,3,8,3,0,0,0,0,1,E01020555,-1,0,0.08805,0.91195,-1,6,30,1,1,1,13:45,6,1,9
2023101332808,2023,101332808,2,1,1,2,61,9,3,0,0,0,0,0,9,4,E01027524,3,1,0.0,1.0,-1,6,30,9,1,1,17:17,6,2,9
2023131322451,2023,131322451,1,1,1,1,42,7,3,0,0,0,0,0,9,10,E01011194,3,1,0.0,1.0,-1,6,60,1,1,1,08:25,1,1,9
2023141316582,2023,141316582,2,5,2,1,3,1,3,0,0,2,0,0,9,2,E01027825,3,1,0.0,1.0,-1,7,70,1,1,1,19:05,5,2,9
2023440361168,2023,440361168,1,2,2,1,7,2,3,0,0,2,0,0,9,8,E01017351,-1,0,0.02722,0.97278,-1,6,30,1,1,1,15:30,3,2,9
202360A144323,2023,60A144323,1,1,1,2,85,11,3,0,0,0,0,0,9,-1,-1,-1,0,0.10519,0.89481,-1,6,30,1,1,1,14:00,5,2,9
202363B018123,2023,63B018123,2,1,2,2,51,8,3,0,0,1,0,0,9,5,W01000518,-1,0,0.04077,0.95923,-1,6,30,2,1,2,08:01,2,2,9
2023991268940,2023,991268940,2,1,1,1,35,6,2,0,0,0,0,0,9,7,-1,6,1,1.0,0.0,-1,6,60,1,1,1,12:25,6,3,9
2023010460847,2023,010460847,1,1,1,1,28,6,3,0,0,0,0,0,3,2,E01004284,-1,0,0.0,1.0,-1,9,30,1,1,1,16:25,2,2,3
2023541201923,2023,541201923,1,1,1,1,33,6,3,0,0,0,0,0,4,6,E01032119,-1,0,0.16813,0.83187,-1,6,50,8,6,4,18:20,5,1,4
2023201420670,2023,201420670,1,1,1,1,38,7,3,0,0,0,0,0,9,4,E01009866,3,1,0.0,1.0,-1,6,30,1,4,2,19:35,4,2,9
2023421372108,2023,421372108,2,1,1,2,-1,-1,3,0,0,0,0,0,9,3,E01021649,3,1,0.0,1.0,-1,6,30,9,1,-1,13:46,7,2,9
2023461316643,2023,461316643,2,1,1,1,47,8,3,0,0,0,0,0,9,6,E01024005,3,1,0.0,1.0,-1,6,20,1,1,1,10:38,3,2,9
2023010464879,2023,010464879,2,1,1,1,31,6,2,0,0,0,0,0,1,3,E01003215,-1,0,1.0,0.0,-1,6,30,1,4,1,21:13,6,2,1
2023010422496,2023,010422496,1,1,1,1,22,5,3,0,0,0,0,0,3,1,E01002071,-1,0,0.0,1.0,-1,9,20,1,1,1,13:01,6,2,3
2023211360199,2023,211360199,1,1,2,1,35,6,3,0,0,1,0,0,9,2,E01014266,3,1,0.0,1.0,-1,6,60,1,1,1,10:35,6,2,9
2023320315620,2023,320315620,1,2,1,1,41,7,3,0,0,0,0,0,9,10,E01013223,-1,0,0.07501,0.92499,-1,6,60,1,1,1,08:30,4,2,9
2023411277121,2023,411277121,2,2,1,2,57,9,3,0,0,0,0,0,9,10,E01023559,3,1,0.0,1.0,-1,6,60,1,1,4,11:52,1,2,9
2023451329521,2023,451329521,1,1,1,1,55,8,3,0,0,0,0,0,9,10,E01030375,3,1,0.0,1.0,-1,6,30,1,1,1,07:40,4,2,9
2023461371562,2023,461371562,2,1,1,1,91,11,2,0,0,0,0,0,9,6,E01023985,6,1,1.0,0.0,-1,3,40,8,1,2,10:30,4,2,9
2023991334656,2023,991334656,1,1,2,1,8,2,3,0,0,2,0,0,9,-1,-1,3,1,0.0,1.0,-1,6,60,1,1,1,19:40,6,2,9
2023131306253,2023,131306253,1,1,3,1,16,4,3,8,8,0,0,2,0,1,E01010819,3,1,0.0,1.0,-1,2,20,2,1,2,08:30,4,1,9
2023131357859,2023,131357859,1,1,3,1,12,3,2,5,1,0,0,1,0,7,E01010976,7,1,1.0,0.0,-1,6,30,1,1,1,15:40,6,1,9
2023010445622,2023,010445622,1,1,1,1,51,8,3,0,0,0,0,0,1,4,E01004395,-1,0,0.0,1.0,-1,6,20,1,1,1,17:25,7,2,1
2023311364207,2023,311364207,2,1,1,1,21,5,2,0,0,0,0,0,1,1,E01013811,7,1,1.0,0.0,-1,6,30,1,1,1,08:50,3,2,1
2023101324916,2023,101324916,2,1,1,2,25,5,3,0,0,0,0,0,9,2,E01020733,3,1,0.0,1.0,-1,3,60,1,1,1,19:15,2,2,9
2023501369809,2023,501369809,2,2,2,1,12,3,3,0,0,2,0,0,9,5,E01020339,3,1,0.0,1.0,-1,6,60,2,6,2,19:44,3,2,9
2023010479447,2023,010479447,1,1,3,1,24,5,3,10,9,0,0,0,0,4,E01000408,-1,0,0.0,1.0,-1,6,30,1,4,1,19:13,4,1,19
2023201287727,2023,201287727,2,1,1,1,-1,-1,3,0,0,0,0,0,1,-1,-1,3,1,0.0,1.0,-1,6,30,1,1,1,18:52,1,2,1
2023201392452,2023,201392452,1,1,1,1,28,6,3,0,0,0,0,0,4,1,E01009057,3,1,0.0,1.0,-1,6,30,2,4,2,18:03,1,2,4
2023041339140,2023,041339140,2,2,1,2,56,9,3,0,0,0,0,0,9,5,E01018992,3,1,0.0,1.0,-1,6,30,1,1,1,17:50,2,2,9
2023201287160,2023,201287160,1,1,1,1,21,5,2,0,0,0,0,0,9,7,E01009931,7,1,1.0,0.0,-1,6,30,8,1,2,15:32,1,3,9
2023201316401,2023,201316401,1,1,1,1,16,4,2,0,0,0,0,0,90,-1,-1,7,1,1.0,0.0,-1,6,30,1,1,1,18:58,4,3,90
2023231276914,2023,231276914,2,2,2,1,16,4,3,0,0,0,0,0,19,5,E01031168,3,1,0.0,1.0,-1,3,60,1,1,1,15:41,3,2,19
2023010439031,2023,010439031,2,2,1,2,24,5,3,0,0,0,0,0,9,-1,-1,-1,0,0.0,1.0,-1,6,30,1,1,2,17:00,1,2,9
2023170H10033,2023,170H10033,1,1,1,2,55,8,3,0,0,0,0,0,9,1,E01011989,-1,0,0.01673,0.98327,-1,3,30,1,1,1,15:30,6,2,9
2023010464039,2023,010464039,1,1,1,2,35,6,2,0,0,0,0,0,1,2,E01001827,-1,0,1.0,0.0,-1,2,20,1,1,1,17:25,4,2,1
2023201381452,2023,201381452,2,1,2,2,29,6,3,0,0,1,0,0,9,2,E01008883,3,1,0.0,1.0,-1,6,30,1,1,1,13:50,1,2,9
2023451282048,2023,451282048,4,3,1,2,26,6,3,0,0,0,0,0,9,6,E01030767,3,1,0.0,1.0,-1,3,70,1,4,1,18:12,4,4,9
2023311319558,2023,311319558,1,1,3,1,19,4,2,1,9,0,0,0,0,1,E01027930,7,1,1.0,0.0,-1,6,30,1,1,1,17:54,6,1,9
2023131370047,2023,131370047,1,1,1,2,42,7,3,0,0,0,0,0,9,2,E01011167,3,1,0.0,1.0,-1,3,40,1,4,2,23:55,5,3,9
2023501317787,2023,501317787,2,1,2,2,19,4,3,0,0,1,0,0,9,6,E01018917,3,1,0.0,1.0,-1,6,60,7,6,1,03:20,1,2,9
2023010451382,2023,010451382,3,5,1,2,58,9,3,0,0,0,0,0,9,3,E01021845,-1,0,0.0,1.0,-1,6,40,1,1,1,14:00,1,4,9
2023041307206,2023,041307206,2,1,2,2,36,7,3,0,0,1,0,0,9,1,E01024898,3,1,0.0,1.0,-1,3,30,1,1,1,19:25,1,2,9
2023201381938,2023,201381938,2,1,1,1,23,5,3,0,0,0,0,0,9,8,E01009578,3,1,0.0,1.0,-1,6,30,1,4,1,20:10,2,2,9
2023201282085,2023,201282085,1,1,3,1,5,1,2,5,4,0,0,0,0,2,E01010101,6,1,1.0,0.0,-1,6,30,1,1,1,15:32,5,2,9
2023071304794,2023,071304794,2,1,1,1,33,6,3,0,0,0,0,0,1,9,E01018381,-1,0,0.09536,0.90464,-1,6,30,4,1,1,11:00,6,2,1
2023221284693,2023,221284693,1,3,2,1,20,4,3,0,0,2,0,0,9,-1,-1,3,1,0.0,1.0,-1,6,30,6,4,4,23:42,4,1,9
2023302300517,2023,302300517,1,1,1,1,18,4,3,0,0,0,0,0,3,3,E01013549,-1,0,0.16844,0.83156,-1,6,30,4,4,2,22:00,7,2,3
2023991332540,2023,991332540,1,2,1,1,16,4,2,0,0,0,0,0,2,1,-1,7,1,1.0,0.0,-1,6,30,1,4,1,02:20,1,2,2
2023201410422,2023,201410422,1,1,3,1,51,8,3,9,5,0,0,2,0,1,E01033639,3,1,0.0,1.0,-1,2,20,1,1,1,15:38,1,1,9
2023461394767,2023,461394767,1,1,3,1,31,6,3,9,8,0,0,0,0,9,E01024753,3,1,0.0,1.0,-1,6,60,1,6,1,17:15,2,1,9
2023131365860,2023,131365860,2,1,1,1,59,9,3,0,0,0,0,0,1,2,E01032502,3,1,0.0,1.0,-1,6,30,1,1,1,08:15,2,2,1
2023461374484,2023,461374484,1,1,1,1,75,10,3,0,0,0,0,0,4,9,E01032813,3,1,0.0,1.0,-1,6,60,1,1,1,14:21,4,1,4
2023041282902,2023,041282902,1,1,3,1,42,7,2,10,7,0,0,0,0,1,E01012631,7,1,1.0,0.0,-1,6,30,1,4,1,23:13,6,1,97
2023201313362,2023,201313362,1,1,3,1,20,4,3,5,3,0,0,2,0,5,E01009286,3,1,0.0,1.0,-1,6,30,1,4,1,21:40,4,1,9
2023131299721,2023,131299721,2,1,1,1,24,5,3,0,0,0,0,0,3,3,E01011242,3,1,0.0,1.0,-1,6,40,1,1,1,18:15,6,2,3
2023010474445,2023,010474445,1,1,1,2,46,8,3,0,0,0,0,0,9,2,E01000289,-1,0,0.0,1.0,-1,6,30,1,4,2,22:57,6,2,9
2023070495669,2023,070495669,1,1,1,1,31,6,3,0,0,0,0,0,9,3,E01018447,-1,0,0.05259,0.94741,-1,3,40,1,1,1,19:46,5,2,9
2023231348875,2023,231348875,5,3,2,2,26,6,3,0,0,1,0,0,9,5,E01031312,3,1,0.0,1.0,-1,6,30,2,1,2,13:36,5,5,9
2023471386856,2023,471386856,1,1,1,1,73,10,3,0,0,0,0,0,9,9,E01021168,3,1,0.0,1.0,-1,6,30,1,1,2,10:20,2,1,9
2023041312580,2023,041312580,1,1,3,1,48,8,3,4,2,0,0,0,0,3,E01012588,3,1,0.0,1.0,-1,6,30,1,1,1,15:00,1,1,9
2023010463409,2023,010463409,2,1,1,2,60,9,3,0,0,0,0,0,9,9,E01002339,-1,0,0.0,1.0,-1,6,30,1,1,1,17:30,5,2,9
2023052300820,2023,052300820,2,1,2,1,38,7,3,0,0,2,0,0,9,1,E01006766,-1,0,0.08012,0.91988,-1,3,40,1,4,1,23:35,1,2,9
2023101384636,2023,101384636,2,2,2,2,14,3,3,0,0,1,0,0,9,3,E01008708,3,1,0.0,1.0,-1,6,40,1,4,2,18:15,6,3,9
2023131279515,2023,131279515,2,2,2,1,13,3,3,0,0,1,0,0,9,4,E01010669,3,1,0.0,1.0,-1,6,30,1,4,1,22:00,4,2,9
2023451312067,2023,451312067,2,3,2,1,4,1,3,0,0,2,0,0,9,10,E01030998,3,1,0.0,1.0,-1,6,40,1,1,1,10:20,7,3,9
2023201285352,2023,201285352,2,2,1,-1,57,9,3,0,0,0,0,0,9,2,E01009082,3,1,0.0,1.0,-1,3,70,1,1,1,08:46,2,2,9
2023201339932,2023,201339932,2,3,2,2,-1,-1,3,0,0,1,0,0,9,2,E01010016,3,1,0.0,1.0,-1,3,30,1,4,1,12:22,2,2,9
2023211390687,2023,211390687,1,2,1,1,42,7,3,0,0,0,0,0,9,-1,-1,3,1,0.0,1.0,-1,6,30,1,1,1,12:45,4,2,9
2023411333493,2023,411333493,1,1,1,1,21,5,2,0,0,0,0,0,9,9,E01033313,5,1,1.0,0.0,-1,6,40,1,1,1,20:17,2,1,9
2023421285503,2023,421285503,1,1,1,1,26,6,3,0,0,0,0,0,9,7,E01021412,3,1,0.0,1.0,-1,6,60,1,1,2,14:35,6,3,9
2023552300331,2023,552300331,1,1,3,1,54,8,3,6,9,0,0,0,0,7,E01015457,-1,0,0.09369,0.90631,-1,6,30,2,1,2,10:49,3,1,19
2023531338429,2023,531338429,2,2,1,1,34,6,3,0,0,0,0,0,9,9,E01022422,3,1,0.0,1.0,-1,6,30,1,1,1,15:10,6,2,9
2023101262738,2023,101262738,1,1,3,2,13,3,2,5,1,0,0,0,0,1,E01008305,7,1,1.0,0.0,-1,6,30,1,1,2,16:25,5,1,9
2023545748323,2023,545748323,2,1,1,1,24,5,3,0,0,0,0,0,1,9,E01031998,-1,0,0.15211,0.84789,-1,6,60,1,1,1,18:06,5,2,1
2023131329807,2023,131329807,2,2,1,1,28,6,3,0,0,0,0,0,19,5,E01011782,3,1,0.0,1.0,-1,6,40,2,1,2,17:00,6,3,19