collision_index,collision_year,collision_ref_no,vehicle_reference,casualty_reference,casualty_class,sex_of_casualty,age_of_casualty,age_band_of_casualty,casualty_severity,pedestrian_location,pedestrian_movement,car_passenger,bus_or_coach_passenger,pedestrian_road_maintenance_worker,casualty_type,casualty_imd_decile,lsoa_of_casualty,enhanced_casualty_severity,casualty_injury_based,casualty_adjusted_severity_serious,casualty_adjusted_severity_slight,casualty_distance_banding,road_type,speed_limit,weather_conditions,light_conditions,road_surface_conditions,time,day_of_week,number_of_vehicles,vehicle_type
2023201378490,2023,201378490,1,1,3,2,77,11,2,5,3,0,0,0,0,1,E01010064,6,1,1.0,0.0,-1,6,30,2,1,2,13:20,7,1,9
2023440497265,2023,440497265,2,1,1,1,15,3,3,0,0,0,0,0,1,3,E01017078,-1,0,0.15938,0.84062,-1,6,30,1,4,2,20:34,3,2,1
2023211341512,2023,211341512,1,2,2,1,19,4,2,0,0,1,0,0,9,1,E01024618,5,1,1.0,0.0,-1,6,60,1,1,2,13:50,2,1,9
2023461374328,2023,461374328,2,1,1,2,53,8,3,0,0,0,0,0,9,9,E01021153,3,1,0.0,1.0,-1,6,30,1,1,1,08:45,2,2,9
2023991274565,2023,991274565,1,1,1,1,29,6,3,0,0,0,0,0,19,3,-1,3,1,0.0,1.0,-1,6,30,1,4,1,01:40,6,1,19
2023451335513,2023,451335513,1,1,2,2,66,10,2,0,0,1,0,0,9,9,E01030391,6,1,1.0,0.0,-1,6,30,2,5,2,17:04,1,1,9
2023461338026,2023,461338026,2,2,1,1,58,9,3,0,0,0,0,0,9,2,E01001594,3,1,0.0,1.0,-1,3,30,1,1,1,20:05,1,2,9
2023010435693,2023,010435693,1,1,1,1,35,6,3,0,0,0,0,0,1,-1,-1,-1,0,0.0,1.0,-1,1,30,1,1,1,08:34,2,2,1
2023010457420,2023,010457420,2,1,1,1,28,6,3,0,0,0,0,0,1,8,E01004514,-1,0,0.0,1.0,-1,6,30,2,1,2,19:30,4,2,1
2023101375161,2023,101375161,1,1,2,1,30,6,3,0,0,0,4,0,11,2,E01008698,3,1,0.0,1.0,-1,6,30,1,1,1,12:00,2,4,11
2023052302468,2023,052302468,1,1,2,2,16,4,3,0,0,1,0,0,9,7,E01006530,-1,0,0.03978,0.96022,-1,3,40,4,1,1,11:19,1,2,9
2023170M11403,2023,170M11403,1,1,1,1,19,4,3,0,0,0,0,0,9,9,E01012208,-1,0,0.04773,0.95227,-1,1,50,1,1,1,10:00,7,2,9
2023201330844,2023,201330844,2,2,1,1,56,9,3,0,0,0,0,0,9,3,E01009140,3,1,0.0,1.0,-1,1,30,1,4,1,00:13,1,3,9
2023201371441,2023,201371441,1,1,1,1,18,4,3,0,0,0,0,0,9,-1,-1,3,1,0.0,1.0,-1,6,30,1,1,1,17:53,5,2,9
2023041378445,2023,041378445,2,1,1,2,30,6,3,0,0,0,0,0,9,1,E01012596,3,1,0.0,1.0,-1,3,70,8,7,2,17:00,4,2,9
2023461307453,2023,461307453,2,1,1,1,46,8,3,0,0,0,0,0,9,5,E01024282,3,1,0.0,1.0,-1,6,30,1,1,1,08:55,3,2,9
2023991327165,2023,991327165,1,1,1,1,34,6,2,0,0,0,0,0,9,-1,-1,6,1,1.0,0.0,-1,6,20,8,4,1,02:15,7,2,9
2023361287894,2023,361287894,1,1,2,2,49,8,3,0,0,0,3,0,11,1,E01026809,3,1,0.0,1.0,-1,6,20,9,4,-1,20:52,2,2,11
2023401367346,2023,401367346,2,1,1,1,24,5,3,0,0,0,0,0,9,7,E01017577,3,1,0.0,1.0,-1,3,50,1,1,2,12:51,6,2,9
2023451327872,2023,451327872,2,3,2,1,18,4,3,0,0,1,0,0,9,6,E01030371,3,1,0.0,1.0,-1,3,50,1,1,2,13:50,7,3,9
2023471348800,2023,471348800,1,1,1,1,59,9,3,0,0,0,0,0,9,9,E01031662,3,1,0.0,1.0,-1,6,60,1,6,1,20:15,2,1,9
2023991325532,2023,991325532,2,2,2,2,63,9,3,0,0,1,0,0,9,1,-1,3,1,0.0,1.0,-1,6,30,1,1,1,17:55,2,3,9
2023610048123,2023,610048123,2,1,1,1,17,4,3,0,0,0,0,0,1,3,W01001663,-1,0,0.20362,0.79638,-1,6,20,1,5,1,19:34,3,2,1
2023440198562,2023,440198562,1,1,3,1,70,10,2,5,3,0,0,0,0,7,E01022584,-1,0,1.0,0.0,-1,6,30,1,4,1,23:25,6,1,9
2023631373039,2023,631373039,1,1,3,1,55,8,2,7,6,0,0,2,0,2,W01000638,7,1,1.0,0.0,-1,6,30,9,4,2,17:00,3,1,90
2023991307990,2023,991307990,2,1,1,2,29,6,2,0,0,0,0,0,1,4,-1,7,1,1.0,0.0,-1,6,30,1,1,1,08:37,4,2,1
2023170L31363,2023,170L31363,2,2,2,2,61,9,3,0,0,1,0,0,9,9,E01012177,-1,0,0.05159,0.94841,-1,1,40,1,1,1,11:45,4,2,9
2023430127629,2023,430127629,1,1,1,2,49,8,3,0,0,0,0,0,9,7,E01016504,-1,0,0.01391,0.98609,-1,6,30,1,1,1,12:11,4,2,9
2023451321388,2023,451321388,1,1,1,1,33,6,3,0,0,0,0,0,3,10,E01030948,3,1,0.0,1.0,-1,6,40,2,1,2,16:00,1,2,3
2023552301182,2023,552301182,2,3,2,2,19,4,3,0,0,1,0,0,9,7,E01020437,-1,0,0.02243,0.97757,-1,6,60,1,1,1,14:23,6,3,9
2023991373605,2023,991373605,2,1,1,1,42,7,2,0,0,0,0,0,9,1,-1,6,1,1.0,0.0,-1,6,30,1,1,1,14:15,6,2,9
2023010449258,2023,010449258,1,1,1,1,30,6,3,0,0,0,0,0,3,4,E01004612,-1,0,0.0,1.0,-1,3,30,1,1,1,12:45,5,2,3
2023010462256,2023,010462256,2,1,1,1,22,5,3,0,0,0,0,0,3,7,E01002198,-1,0,0.0,1.0,-1,6,20,1,4,1,23:30,5,2,3
2023122300980,2023,122300980,1,5,2,1,21,5,3,0,0,2,0,0,9,6,E01012012,-1,0,0.06459,0.93541,-1,6,60,4,6,1,19:00,1,2,9
2023411386748,2023,411386748,1,1,1,1,29,6,3,0,0,0,0,0,9,3,E01032851,3,1,0.0,1.0,-1,6,50,1,4,2,00:01,4,2,9
2023451297123,2023,451297123,2,1,1,2,43,7,3,0,0,0,0,0,9,9,E01030696,3,1,0.0,1.0,-1,6,30,1,1,1,08:45,7,2,9
2023461270495,2023,461270495,3,1,1,2,44,7,3,0,0,0,0,0,9,7,E01024578,3,1,0.0,1.0,-1,6,30,1,1,2,08:06,7,3,9
202354C072723,2023,54C072723,2,2,1,2,35,6,2,0,0,0,0,0,9,8,E01032071,-1,0,1.0,0.0,-1,6,50,1,1,2,16:34,3,2,9
2023010438321,2023,010438321,2,1,1,1,33,6,2,0,0,0,0,0,1,-1,-1,-1,0,1.0,0.0,-1,6,20,1,1,1,19:40,4,2,1
2023010459068,2023,010459068,1,1,1,1,51,8,2,0,0,0,0,0,1,-1,-1,-1,0,1.0,0.0,-1,6,20,1,1,1,19:50,6,2,1
2023010423022,2023,010423022,1,1,1,1,25,5,3,0,0,0,0,0,3,5,E01002167,-1,0,0.0,1.0,-1,6,40,1,4,9,16:50,6,1,3
2023041327125,2023,041327125,5,5,1,2,72,10,3,0,0,0,0,0,9,5,E01012664,3,1,0.0,1.0,-1,6,20,1,1,1,11:13,6,5,9
2023311265622,2023,311265622,1,1,1,1,44,7,3,0,0,0,0,0,9,10,E01028315,3,1,0.0,1.0,-1,6,50,1,1,4,07:31,5,1,9
2023451343606,2023,451343606,2,1,1,1,72,10,3,0,0,0,0,0,9,2,E01004539,3,1,0.0,1.0,-1,3,40,1,1,1,11:28,1,2,9
2023471365481,2023,471365481,1,2,2,1,57,9,3,0,0,1,0,0,9,3,E01031559,3,1,0.0,1.0,-1,6,30,2,6,2,16:45,7,2,9
2023531377785,2023,531377785,1,1,2,2,22,5,3,0,0,1,0,0,9,4,E01022250,3,1,0.0,1.0,-1,6,60,1,6,1,21:30,3,2,9
2023201397099,2023,201397099,1,1,3,2,62,9,3,8,3,0,0,0,0,4,E01009625,3,1,0.0,1.0,-1,2,30,2,1,2,15:15,4,1,-1
2023061280554,2023,061280554,2,1,1,1,59,9,3,0,0,0,0,0,5,8,E01006243,3,1,0.0,1.0,-1,6,30,1,1,1,10:38,7,2,5
2023201301095,2023,201301095,1,6,2,2,45,7,2,0,0,1,0,0,9,2,E01013842,7,1,1.0,0.0,-1,3,70,1,1,1,14:10,3,3,9
2023421362377,2023,421362377,1,1,1,1,41,7,2,0,0,0,0,0,9,7,E01021657,7,1,1.0,0.0,-1,3,70,1,1,2,08:15,6,1,9
2023461337544,2023,461337544,3,3,1,1,41,7,3,0,0,0,0,0,19,6,E01024084,3,1,0.0,1.0,-1,3,50,1,1,1,10:11,3,3,19
2023461377162,2023,461377162,1,1,3,1,13,3,2,5,1,0,0,0,0,7,E01024536,7,1,1.0,0.0,-1,6,30,2,4,2,17:42,4,1,9
2023351286658,2023,351286658,2,1,1,2,24,5,3,0,0,0,0,0,1,7,E01017963,3,1,0.0,1.0,-1,6,30,2,1,2,08:25,5,3,1
2023411305328,2023,411305328,2,1,1,1,36,7,2,0,0,0,0,0,3,4,E01000507,7,1,1.0,0.0,-1,6,30,2,1,2,16:30,2,2,3
2023520400781,2023,520400781,1,2,2,2,84,11,3,0,0,1,0,0,8,8,E01014472,-1,0,0.06207,0.93793,-1,6,60,5,1,2,14:24,4,2,8
2023221373908,2023,221373908,2,2,2,2,33,6,2,0,0,1,0,0,9,3,E01032321,6,1,1.0,0.0,-1,6,50,2,4,2,15:40,1,2,9
2023010475288,2023,010475288,1,1,3,2,70,10,3,5,1,0,0,0,0,3,E01000947,-1,0,0.0,1.0,-1,2,20,5,1,2,10:10,4,1,9
202354C489423,2023,54C489423,1,1,3,2,79,11,2,9,9,0,0,0,0,9,E01032035,-1,0,1.0,0.0,-1,6,30,1,6,1,16:45,6,1,9
2023070549288,2023,070549288,2,1,1,1,17,4,2,0,0,0,0,0,1,1,E01018563,-1,0,1.0,0.0,-1,6,30,9,1,2,09:00,5,2,1
2023131363572,2023,131363572,2,1,1,1,47,8,3,0,0,0,0,0,9,1,E01010631,3,1,0.0,1.0,-1,6,40,1,6,1,22:11,2,2,9
2023440462969,2023,440462969,1,1,1,1,31,6,3,0,0,0,0,0,9,7,E01017046,-1,0,0.02483,0.97517,-1,6,40,2,4,2,16:20,1,2,9
2023010426534,2023,010426534,1,1,1,2,29,6,3,0,0,0,0,0,9,5,E01002443,-1,0,0.0,1.0,-1,1,20,1,4,1,19:00,6,2,9
2023010484241,2023,010484241,1,2,2,1,39,7,3,0,0,1,0,0,9,1,E01001729,-1,0,0.0,1.0,-1,3,20,1,4,1,16:25,4,1,9
2023610028523,2023,610028523,3,2,1,2,60,9,2,0,0,0,0,0,9,9,W01001555,-1,0,1.0,0.0,-1,3,70,1,1,1,11:47,2,4,9
2023101260875,2023,101260875,1,1,1,1,33,6,3,0,0,0,0,0,97,2,E01027546,3,1,0.0,1.0,-1,6,30,1,1,2,11:45,1,2,97
2023531329752,2023,531329752,1,1,3,1,77,11,3,6,8,0,0,0,0,10,W01001006,3,1,0.0,1.0,-1,6,30,1,1,1,12:25,7,1,9
2023101374263,2023,101374263,1,1,1,1,18,4,2,0,0,0,0,0,1,3,E01008169,5,1,1.0,0.0,-1,6,20,2,1,2,16:00,2,1,1
2023430554969,2023,430554969,2,1,1,2,50,8,3,0,0,0,0,0,1,-1,-1,-1,0,0.11512,0.88488,-1,6,20,1,1,2,15:27,2,2,1
2023010454068,2023,010454068,2,1,1,1,54,8,3,0,0,0,0,0,8,2,E01003479,-1,0,0.0,1.0,-1,3,30,1,4,1,23:00,7,2,8
2023131348546,2023,131348546,1,1,3,1,34,6,3,8,1,0,0,2,0,5,E01011748,3,1,0.0,1.0,-1,6,30,2,1,2,11:13,7,1,9
2023010484900,2023,010484900,1,1,1,1,24,5,3,0,0,0,0,0,3,4,E01001176,-1,0,0.0,1.0,-1,6,30,1,1,1,11:30,2,2,3
2023440082839,2023,440082839,1,1,1,1,22,5,3,0,0,0,0,0,5,4,E01017319,-1,0,0.19445,0.80555,-1,6,30,1,5,2,18:27,3,2,5
2023361337598,2023,361337598,1,3,2,1,22,5,3,0,0,1,0,0,9,-1,-1,3,1,0.0,1.0,-1,3,70,2,6,2,22:24,2,2,9
2023451384081,2023,451384081,1,1,1,2,52,8,3,0,0,0,0,0,9,5,E01031568,3,1,0.0,1.0,-1,6,40,2,6,2,16:24,5,2,9
202363C006223,2023,63C006223,1,1,1,1,18,4,3,0,0,0,0,0,9,5,W01000599,-1,0,0.17757,0.82243,-1,6,60,2,6,2,19:00,1,1,9
2023010465772,2023,010465772,1,1,3,1,11,3,3,1,3,0,0,0,0,9,E01002509,-1,0,0.0,1.0,-1,3,40,1,1,1,16:45,4,1,9
2023351302775,2023,351302775,1,1,1,2,-1,-1,3,0,0,0,0,0,9,9,E01015646,3,1,0.0,1.0,-1,3,40,1,1,1,18:45,2,2,9
2023461411423,2023,461411423,1,1,1,2,32,6,3,0,0,0,0,0,9,9,E01016073,3,1,0.0,1.0,-1,6,60,1,6,1,20:50,2,1,9
2023122300615,2023,122300615,1,1,1,1,16,4,2,0,0,0,0,0,17,8,E01027634,-1,0,1.0,0.0,-1,6,40,7,6,2,01:15,2,1,17
2023131381842,2023,131381842,2,2,2,2,46,8,3,0,0,2,0,0,9,4,E01011634,3,1,0.0,1.0,-1,6,30,8,4,2,19:20,7,2,9
2023302301874,2023,302301874,1,1,2,2,34,6,2,0,0,1,0,0,9,10,E01030898,-1,0,1.0,0.0,-1,3,70,1,6,2,16:27,3,2,9
2023421369988,2023,421369988,1,1,1,2,34,6,3,0,0,0,0,0,9,2,E01021318,3,1,0.0,1.0,-1,3,40,2,4,2,17:52,5,2,9
2023361319859,2023,361319859,1,1,1,1,44,7,3,0,0,0,0,0,19,-1,-1,3,1,0.0,1.0,-1,6,30,1,4,1,23:00,7,1,19
2023052300363,2023,052300363,1,1,3,2,23,5,2,5,9,0,0,0,0,2,E01006723,-1,0,1.0,0.0,-1,6,30,1,1,1,12:10,5,1,9
2023010467933,2023,010467933,1,1,1,1,26,6,3,0,0,0,0,0,1,9,E01031685,-1,0,0.0,1.0,-1,6,30,2,1,2,18:38,5,2,1
202354A106723,2023,54A106723,2,1,1,1,20,4,3,0,0,0,0,0,5,10,E01032072,-1,0,0.17604,0.82396,-1,6,60,1,1,1,17:27,7,2,5
2023351339909,2023,351339909,2,2,1,2,51,8,3,0,0,0,0,0,9,4,E01033430,3,1,0.0,1.0,-1,6,60,1,1,1,17:43,5,2,9
2023471328309,2023,471328309,1,1,1,1,35,6,3,0,0,0,0,0,9,6,E01024787,3,1,0.0,1.0,-1,6,60,1,1,1,01:30,3,1,9
2023101383342,2023,101383342,1,1,3,1,40,7,3,8,8,0,0,0,0,7,E01027473,3,1,0.0,1.0,-1,6,60,1,1,4,08:45,4,1,17
2023131351780,2023,131351780,2,1,1,2,31,6,3,0,0,0,0,0,9,3,E01011330,3,1,0.0,1.0,-1,6,30,1,1,1,14:41,3,2,9
2023141281041,2023,141281041,2,3,1,1,32,6,2,0,0,0,0,0,9,1,E01007402,6,1,1.0,0.0,-1,7,30,1,4,2,19:39,2,2,9
2023340WN4872,2023,340WN4872,2,1,2,1,2,1,3,0,0,2,0,0,9,-1,-1,-1,0,0.01185,0.98815,-1,1,70,1,1,1,12:51,6,2,9
2023411398948,2023,411398948,2,1,1,2,56,9,3,0,0,0,0,0,9,8,E01023541,3,1,0.0,1.0,-1,3,30,1,1,1,15:23,3,3,9
2023631312986,2023,631312986,1,1,2,2,17,4,2,0,0,1,0,0,9,6,W01000671,5,1,1.0,0.0,-1,6,60,1,1,1,14:00,3,2,9
2023991277606,2023,991277606,1,1,2,2,12,3,2,0,0,0,2,0,11,3,-1,7,1,1.0,0.0,-1,6,30,9,1,1,16:15,5,1,11
2023010438277,2023,010438277,1,1,3,2,71,10,3,1,3,0,0,0,0,3,E01001932,-1,0,0.0,1.0,-1,6,20,1,1,1,18:38,4,1,9
2023010426925,2023,010426925,1,1,1,1,31,6,3,0,0,0,0,0,1,5,E01001863,-1,0,0.0,1.0,-1,3,30,1,1,1,08:30,2,2,1
2023010467817,2023,010467817,3,1,1,1,26,6,3,0,0,0,0,0,3,5,E01003415,-1,0,0.0,1.0,-1,6,30,1,1,1,15:04,7,3,3
2023311333943,2023,311333943,2,1,1,2,33,6,3,0,0,0,0,0,9,2,E01028311,3,1,0.0,1.0,-1,7,60,2,1,2,07:17,5,2,9
2023471287657,2023,471287657,1,1,1,1,19,4,3,0,0,0,0,0,9,5,E01031401,3,1,0.0,1.0,-1,6,40,1,6,2,00:04,6,1,9
2023010440395,2023,010440395,2,1,1,1,48,8,2,0,0,0,0,0,-1,3,E01002445,-1,0,1.0,0.0,-1,6,20,1,1,1,18:55,1,2,-1
2023101380621,2023,101380621,1,1,2,1,20,4,2,0,0,1,0,0,9,6,E01008467,7,1,1.0,0.0,-1,1,50,2,4,2,17:35,4,2,9
2023122301417,2023,122301417,1,1,1,2,19,4,3,0,0,0,0,0,9,10,E01013452,-1,0,0.08494,0.91506,-1,6,60,2,1,2,09:43,2,1,9
2023461345346,2023,461345346,1,1,1,1,39,7,3,0,0,0,0,0,9,8,E01024828,3,1,0.0,1.0,-1,6,30,1,1,1,17:49,6,2,9
2023361322132,2023,361322132,2,1,1,1,41,7,3,0,0,0,0,0,9,3,E01026455,3,1,0.0,1.0,-1,6,60,1,1,1,18:27,6,2,9
2023421389218,2023,421389218,1,1,1,1,18,4,3,0,0,0,0,0,9,9,E01021479,3,1,0.0,1.0,-1,6,60,1,6,1,22:00,7,1,9
2023161373895,2023,161373895,2,1,1,1,13,3,3,0,0,0,0,0,1,-1,-1,3,1,0.0,1.0,-1,1,30,1,1,1,15:10,6,2,1
2023302301535,2023,302301535,2,1,1,-1,14,3,3,0,0,0,0,0,1,4,E01019800,-1,0,0.05092,0.94908,-1,6,30,2,1,2,14:44,2,2,1
2023320714838,2023,320714838,1,1,1,2,30,6,3,0,0,0,0,0,9,7,E01013228,-1,0,0.0735,0.9265,-1,6,60,1,6,2,17:00,7,1,9
2023471365403,2023,471365403,2,1,2,2,58,9,3,0,0,1,0,0,9,-1,-1,3,1,0.0,1.0,-1,3,20,1,1,1,10:20,5,2,9
2023991365538,2023,991365538,1,1,1,1,26,6,3,0,0,0,0,0,9,5,-1,3,1,0.0,1.0,-1,3,70,1,6,2,00:28,1,1,9
2023141322266,2023,141322266,1,2,3,1,12,3,3,7,1,0,0,0,0,9,E01007691,3,1,0.0,1.0,-1,6,30,1,1,1,20:45,6,1,9
2023991275240,2023,991275240,1,1,3,1,56,9,3,9,5,0,0,2,0,1,-1,3,1,0.0,1.0,-1,6,30,1,4,1,20:36,7,1,9
2023520301555,2023,520301555,1,1,1,1,42,7,2,0,0,0,0,0,1,10,W01001779,-1,0,1.0,0.0,-1,6,40,1,1,1,12:00,6,2,1
2023211285764,2023,211285764,1,2,1,1,51,8,1,0,0,0,0,0,9,6,E01029614,1,1,0.0,0.0,-1,6,60,1,6,2,01:05,1,1,9
2023411303815,2023,411303815,1,1,1,1,26,6,2,0,0,0,0,0,9,10,E01023909,7,1,1.0,0.0,-1,6,60,2,6,2,22:25,6,2,9
2023610047623,2023,610047623,1,1,1,1,49,8,3,0,0,1,0,0,19,1,W01001883,-1,0,0.06058,0.93942,-1,6,30,2,5,2,21:25,7,2,19
2023010427932,2023,010427932,1,1,1,1,21,5,2,0,0,0,0,0,3,2,E01002615,-1,0,1.0,0.0,-1,1,20,1,4,1,20:58,7,2,3
2023401338248,2023,401338248,1,1,3,2,34,6,2,5,3,0,0,0,0,3,E01015724,7,1,1.0,0.0,-1,6,30,1,1,1,08:40,2,1,90
2023320603524,2023,320603524,1,1,3,2,11,3,3,6,9,0,0,0,0,3,E01026123,-1,0,0.05423,0.94577,-1,6,30,1,1,1,08:20,5,1,9
2023131368226,2023,131368226,2,1,1,2,20,4,3,0,0,0,0,0,1,4,E01033006,3,1,0.0,1.0,-1,6,30,1,1,1,12:40,1,2,1
2023010444556,2023,010444556,1,2,2,1,22,5,3,0,0,2,0,0,8,3,E01032743,-1,0,0.0,1.0,-1,6,20,1,1,1,08:10,3,2,8
2023332300494,2023,332300494,1,2,2,2,23,5,3,0,0,1,0,0,9,2,E01013772,-1,0,0.00236,0.99764,-1,6,30,1,1,1,16:40,6,2,9
2023440434436,2023,440434436,1,1,1,1,54,8,3,0,0,0,0,0,9,2,E01017238,-1,0,0.02838,0.97162,-1,1,50,1,1,1,15:45,2,2,9
2023461343012,2023,461343012,1,1,1,1,93,11,3,0,0,0,0,0,9,8,E01024845,3,1,0.0,1.0,-1,6,30,1,1,1,11:15,5,1,9
2023041343285,2023,041343285,2,1,1,1,29,6,2,0,0,0,0,0,1,2,E01025290,7,1,1.0,0.0,-1,6,30,2,4,2,22:00,6,2,1
2023052302198,2023,052302198,1,1,1,1,62,9,2,0,0,0,0,0,1,1,E01032903,-1,0,1.0,0.0,-1,6,30,1,4,2,21:50,7,1,1
2023010464287,2023,010464287,1,1,1,1,25,5,3,0,0,0,0,0,3,3,E01004406,-1,0,0.0,1.0,-1,6,30,1,1,1,18:50,6,2,3
2023041380120,2023,041380120,2,1,1,1,31,6,3,0,0,0,0,0,9,4,E01025359,3,1,0.0,1.0,-1,6,50,1,1,1,09:25,1,3,9
2023101339245,2023,101339245,2,2,1,1,25,5,3,0,0,0,0,0,9,5,E01008514,3,1,0.0,1.0,-1,1,60,1,1,1,16:50,3,2,9
2023010470642,2023,010470642,2,1,2,1,52,8,3,0,0,0,3,0,11,3,E01001823,-1,0,0.0,1.0,-1,6,20,1,4,1,18:30,7,2,11
2023061279935,2023,061279935,2,1,1,1,55,8,3,0,0,0,0,0,1,8,E01004896,3,1,0.0,1.0,-1,6,30,1,1,1,14:50,3,2,1
2023010470564,2023,010470564,1,1,1,1,38,7,3,0,0,0,0,0,97,-1,-1,-1,0,0.0,1.0,-1,6,20,1,1,1,15:50,6,2,97
2023010429815,2023,010429815,1,1,3,1,12,3,3,1,3,0,0,0,0,5,E01004347,-1,0,0.0,1.0,-1,9,30,1,1,1,07:30,4,1,9
2023131322526,2023,131322526,2,1,1,1,11,3,3,0,0,0,0,0,1,2,E01011538,3,1,0.0,1.0,-1,6,30,1,1,1,15:10,1,2,1
2023221360040,2023,221360040,1,1,1,1,52,8,3,0,0,0,0,0,3,3,E01032267,3,1,0.0,1.0,-1,6,60,1,1,2,09:15,5,1,3
2023351343789,2023,351343789,2,1,1,1,39,7,3,0,0,0,0,0,8,2,E01015680,3,1,0.0,1.0,-1,9,30,1,1,-1,10:35,6,2,8
2023010425943,2023,010425943,1,1,1,2,31,6,3,0,0,0,0,0,9,4,E01004395,-1,0,0.0,1.0,-1,6,30,8,4,1,19:40,3,2,9
2023131343219,2023,131343219,1,1,1,1,26,6,3,0,0,0,0,0,9,3,E01011670,3,1,0.0,1.0,-1,6,30,1,1,1,17:02,6,2,9
2023991402910,2023,991402910,2,1,1,1,66,10,3,0,0,0,0,0,9,-1,-1,3,1,0.0,1.0,-1,6,60,1,1,1,09:45,7,3,9
2023461331048,2023,461331048,2,2,2,2,14,3,3,0,0,1,0,0,9,5,E01016116,3,1,0.0,1.0,-1,6,30,1,1,1,18:50,7,2,9
2023302301225,2023,302301225,2,1,1,1,17,4,3,0,0,0,0,0,4,2,E01019483,-1,0,0.14611,0.85389,-1,6,30,1,1,1,17:20,3,2,4
2023421386575,2023,421386575,1,1,3,1,66,10,2,1,3,0,0,0,0,8,E01021936,7,1,1.0,0.0,-1,6,30,1,1,2,07:30,2,1,9
2023010452701,2023,010452701,1,1,2,1,23,5,3,0,0,2,0,0,9,3,E01004684,-1,0,0.0,1.0,-1,6,20,8,4,1,01:00,1,2,9
2023221284693,2023,221284693,1,2,2,2,19,4,3,0,0,1,0,0,9,6,E01032200,3,1,0.0,1.0,-1,6,30,6,4,4,23:42,4,1,9
2023411394703,2023,411394703,2,1,1,2,27,6,3,0,0,0,0,0,9,7,E01023623,3,1,0.0,1.0,-1,6,60,2,7,2,17:15,6,2,9
2023421356119,2023,421356119,1,1,1,2,60,9,3,0,0,0,0,0,9,-1,-1,3,1,0.0,1.0,-1,6,60,1,1,1,08:52,2,2,9
2023522300861,2023,522300861,1,1,3,2,68,10,2,1,9,0,0,0,0,10,E01014620,-1,0,1.0,0.0,-1,6,20,1,1,1,13:09,3,1,9
2023471277740,2023,471277740,1,1,3,1,56,9,2,8,3,0,0,0,0,3,E01021065,7,1,1.0,0.0,-1,6,30,1,4,1,17:51,6,1,3
2023201289288,2023,201289288,1,4,2,1,25,5,3,0,0,2,0,0,9,10,E01010214,3,1,0.0,1.0,-1,6,30,5,4,2,02:00,1,2,9
2023610047523,2023,610047523,1,2,2,2,15,3,3,0,0,1,0,0,9,5,W01001649,-1,0,0.06794,0.93206,-1,6,60,1,1,1,08:37,3,1,9
2023622300300,2023,622300300,1,1,1,2,20,4,3,0,0,0,0,0,9,1,W01001292,-1,0,0.04543,0.95457,-1,3,70,5,1,2,10:38,3,1,9
2023141378694,2023,141378694,2,1,1,1,23,5,2,0,0,0,0,0,1,-1,-1,7,1,1.0,0.0,-1,1,40,1,4,1,23:07,6,2,1
2023351318187,2023,351318187,2,1,1,1,81,11,3,0,0,0,0,0,1,8,E01018280,3,1,0.0,1.0,-1,6,20,1,1,-1,15:00,6,2,1
2023522400848,2023,522400848,1,2,2,1,-1,-1,3,0,0,0,0,0,1,10,E01014620,-1,0,0.03358,0.96642,-1,6,20,1,4,1,17:40,4,2,1
2023010445082,2023,010445082,2,1,1,1,22,5,3,0,0,0,0,0,3,5,E01000615,-1,0,0.0,1.0,-1,6,20,1,1,1,18:45,5,2,3
202360A065742,2023,60A065742,1,1,1,1,57,9,2,0,0,0,0,0,5,-1,-1,-1,0,1.0,0.0,-1,3,70,1,1,1,16:20,5,3,5
2023010475157,2023,010475157,1,1,3,1,5,1,3,5,1,0,0,0,0,1,E01002092,-1,0,0.0,1.0,-1,6,30,1,4,2,17:25,3,1,9
2023010471757,2023,010471757,1,1,3,2,44,7,3,5,2,0,0,0,0,2,E01003092,-1,0,0.0,1.0,-1,6,30,2,1,2,08:10,6,1,9
2023471341344,2023,471341344,1,2,3,1,-1,-1,3,5,1,0,0,0,0,-1,-1,3,1,0.0,1.0,-1,6,20,1,1,1,08:00,2,1,9
2023411315086,2023,411315086,2,2,1,1,-1,-1,2,0,0,0,0,0,5,8,E01023365,7,1,1.0,0.0,-1,6,60,1,1,1,11:45,7,2,5
2023031321697,2023,031321697,1,1,3,1,54,8,2,1,3,0,0,0,0,1,E01019158,7,1,1.0,0.0,-1,6,30,1,4,1,02:54,1,1,9
2023041321634,2023,041321634,1,1,3,1,7,2,2,5,3,0,0,0,0,3,E01004854,7,1,1.0,0.0,-1,6,30,1,1,1,20:00,4,1,9
2023052300297,2023,052300297,1,1,3,1,26,6,3,5,9,0,0,0,0,2,E01006477,-1,0,0.09491,0.90509,-1,6,30,1,4,1,19:00,2,1,9
2023501349692,2023,501349692,2,1,1,2,66,10,3,0,0,0,0,0,1,6,E01032390,3,1,0.0,1.0,-1,3,40,1,1,1,15:05,4,2,1
2023991269120,2023,991269120,2,1,1,1,42,7,3,0,0,0,0,0,1,5,-1,3,1,0.0,1.0,-1,6,20,1,4,2,16:45,5,2,1
2023461372433,2023,461372433,2,1,1,1,26,6,3,0,0,0,0,0,9,7,E01024375,3,1,0.0,1.0,-1,3,60,1,1,1,08:00,1,2,9