collision_index,collision_year,collision_ref_no,vehicle_reference,casualty_reference,casualty_class,sex_of_casualty,age_of_casualty,age_band_of_casualty,casualty_severity,pedestrian_location,pedestrian_movement,car_passenger,bus_or_coach_passenger,pedestrian_road_maintenance_worker,casualty_type,casualty_imd_decile,lsoa_of_casualty,enhanced_casualty_severity,casualty_injury_based,casualty_adjusted_severity_serious,casualty_adjusted_severity_slight,casualty_distance_banding,road_type,speed_limit,weather_conditions,light_conditions,road_surface_conditions,time,day_of_week,number_of_vehicles,vehicle_type
2023010465032,2023,010465032,1,1,3,2,53,8,3,1,1,0,0,0,0,5,E01001499,-1,0,0.0,1.0,-1,6,20,8,1,9,18:45,7,1,19
2023010447785,2023,010447785,1,1,1,1,52,8,2,0,0,0,0,0,1,2,E01003542,-1,0,1.0,0.0,-1,6,20,1,1,1,13:25,6,2,1
2023531355386,2023,531355386,2,1,1,1,52,8,3,0,0,0,0,0,1,9,E01022104,3,1,0.0,1.0,-1,6,30,1,5,2,19:00,6,2,1
2023041370637,2023,041370637,2,3,2,1,55,8,3,0,0,1,0,0,9,4,E01025460,3,1,0.0,1.0,-1,6,60,1,4,2,17:20,6,2,9
2023131345291,2023,131345291,1,1,1,1,72,10,3,0,0,0,0,0,9,1,E01011001,3,1,0.0,1.0,-1,3,30,1,4,1,22:24,5,2,9
2023421341085,2023,421341085,1,4,2,2,31,6,3,0,0,1,0,0,9,-1,-1,3,1,0.0,1.0,-1,3,70,1,6,1,21:51,7,3,9
2023440048104,2023,440048104,1,1,2,1,9,2,3,0,0,2,0,0,9,1,E01017237,-1,0,0.01804,0.98196,-1,3,40,1,1,1,15:50,7,2,9
2023622300571,2023,622300571,1,1,3,1,12,3,3,5,4,0,0,0,0,10,W01001843,-1,0,0.05652,0.94348,-1,6,30,1,1,1,16:38,6,1,9
2023351329360,2023,351329360,2,1,1,1,40,7,3,0,0,0,0,0,4,6,E01026534,3,1,0.0,1.0,-1,1,40,1,1,1,14:07,7,2,4
2023061289630,2023,061289630,2,1,1,2,53,8,3,0,0,0,0,0,9,8,E01024971,3,1,0.0,1.0,-1,3,70,1,1,1,15:30,4,3,9
2023451270502,2023,451270502,1,2,2,1,11,3,3,0,0,1,0,0,9,9,E01031719,3,1,0.0,1.0,-1,6,40,1,4,1,17:20,2,2,9
2023552301250,2023,552301250,2,1,1,2,28,6,3,0,0,0,0,0,9,3,E01015305,-1,0,0.01266,0.98734,-1,6,30,1,1,1,17:30,2,2,9
2023122300795,2023,122300795,2,1,1,1,74,10,3,0,0,0,0,0,5,8,E01012360,-1,0,0.12554,0.87446,-1,6,30,1,1,1,18:11,4,2,5
2023010447969,2023,010447969,1,1,2,2,0,1,3,0,0,0,4,0,11,5,E01002212,-1,0,0.0,1.0,-1,6,30,1,1,1,12:06,6,1,11
2023131259239,2023,131259239,2,1,1,1,45,7,3,0,0,0,0,0,9,8,E01011414,3,1,0.0,1.0,-1,6,30,1,4,2,16:45,3,2,9
2023451272536,2023,451272536,2,2,2,2,7,2,3,0,0,1,0,0,9,6,E01001016,3,1,0.0,1.0,-1,6,30,1,1,1,14:30,1,2,9
2023010454857,2023,010454857,1,1,1,2,39,7,3,0,0,0,0,0,1,2,E01003304,-1,0,0.0,1.0,-1,6,20,1,1,1,17:29,3,2,1
2023010464481,2023,010464481,2,1,1,1,46,8,3,0,0,0,0,0,1,2,E01001351,-1,0,0.0,1.0,-1,3,20,1,4,1,01:27,5,2,1
2023061337390,2023,061337390,1,1,1,1,44,7,3,0,0,0,0,0,9,1,E01005433,3,1,0.0,1.0,-1,6,30,2,4,-1,00:15,1,2,9
2023340WN2372,2023,340WN2372,1,1,1,2,34,6,3,0,0,0,0,0,9,1,E01027242,-1,0,0.02827,0.97173,-1,3,30,2,1,2,16:00,6,2,9
2023361279675,2023,361279675,1,1,1,1,24,5,3,0,0,0,0,0,9,6,E01030053,3,1,0.0,1.0,-1,6,60,1,5,1,07:30,7,2,9
2023471308589,2023,471308589,2,3,2,2,7,2,3,0,0,2,0,0,9,10,E01031702,3,1,0.0,1.0,-1,6,30,1,1,1,15:24,4,2,9
202363B034323,2023,63B034323,1,1,1,1,95,11,2,0,0,0,0,0,9,-1,-1,-1,0,1.0,0.0,-1,6,60,1,1,1,14:55,5,2,9
2023631346141,2023,631346141,2,3,2,1,16,4,3,0,0,0,0,0,19,9,W01000203,3,1,0.0,1.0,-1,6,60,1,1,1,07:08,2,2,19
2023041335801,2023,041335801,1,1,3,2,49,8,3,10,9,0,0,0,0,3,E01024883,3,1,0.0,1.0,-1,6,30,1,1,1,17:10,5,1,9
202354D059923,2023,54D059923,2,1,1,1,50,8,3,0,0,0,0,0,1,6,E01031853,-1,0,0.11692,0.88308,-1,6,40,4,4,2,17:33,7,2,1
2023010423530,2023,010423530,2,1,1,2,56,9,3,0,0,0,0,0,9,-1,-1,-1,0,0.0,1.0,-1,6,20,9,4,2,20:03,4,5,9
2023471283707,2023,471283707,1,1,1,2,84,11,3,0,0,0,0,0,9,7,E01031632,3,1,0.0,1.0,-1,6,50,4,6,2,18:10,2,3,9
2023010462000,2023,010462000,1,1,3,2,50,8,3,4,1,0,0,0,0,4,E01002876,-1,0,0.0,1.0,-1,6,20,1,1,1,14:08,4,1,9
2023071256537,2023,071256537,1,1,1,1,11,3,3,0,0,0,0,0,1,1,E01012508,-1,0,0.11475,0.88525,-1,6,30,8,4,2,15:33,2,1,1
2023311313064,2023,311313064,2,1,1,2,32,6,3,0,0,0,0,0,1,8,E01028375,3,1,0.0,1.0,-1,7,70,1,1,1,17:30,3,2,1
2023122300536,2023,122300536,1,1,1,1,21,5,2,0,0,0,0,0,9,6,E01010699,-1,0,1.0,0.0,-1,6,60,1,1,1,19:05,5,1,9
2023351330895,2023,351330895,1,1,1,1,80,11,2,0,0,0,0,0,9,3,E01015613,5,1,1.0,0.0,-1,3,70,1,1,1,16:40,5,2,9
2023471362757,2023,471362757,1,3,1,2,43,7,2,0,0,0,0,0,9,6,E01031676,7,1,1.0,0.0,-1,6,30,1,4,2,00:02,7,2,9
2023010473270,2023,010473270,1,1,1,2,25,5,3,0,0,0,0,0,1,2,E01000600,-1,0,0.0,1.0,-1,9,20,8,1,2,14:53,7,2,1
2023471340470,2023,471340470,2,1,1,2,33,6,2,0,0,0,0,0,1,4,E01031428,7,1,1.0,0.0,-1,6,30,1,1,1,16:31,5,3,1
2023010441920,2023,010441920,1,1,1,2,53,8,3,0,0,0,0,0,9,2,E01001735,-1,0,0.0,1.0,-1,9,20,9,1,9,07:55,3,2,9
2023501337428,2023,501337428,2,2,1,2,44,7,3,0,0,0,0,0,9,1,E01015146,3,1,0.0,1.0,-1,6,30,5,1,2,09:05,4,2,9
2023010425401,2023,010425401,2,1,1,1,44,7,3,0,0,0,0,0,9,1,E01004722,-1,0,0.0,1.0,-1,2,20,1,4,1,23:10,1,2,9
2023010466187,2023,010466187,1,1,1,1,36,7,3,0,0,0,0,0,9,1,E01002081,-1,0,0.0,1.0,-1,6,40,1,1,1,12:47,6,2,9
2023041333828,2023,041333828,1,1,2,1,23,5,3,0,0,2,0,0,9,2,E01012629,3,1,0.0,1.0,-1,6,60,2,6,2,02:43,5,1,9
2023991340376,2023,991340376,2,2,1,1,23,5,3,0,0,0,0,0,9,4,E01010669,3,1,0.0,1.0,-1,6,60,1,1,1,12:00,5,2,9
2023221265282,2023,221265282,2,1,1,2,59,9,3,0,0,0,0,0,9,8,E01013990,3,1,0.0,1.0,-1,3,40,1,1,1,10:30,4,4,9
2023340WN6672,2023,340WN6672,1,1,1,1,52,8,3,0,0,0,0,0,9,10,E01027298,-1,0,0.0305,0.9695,-1,3,60,2,4,2,20:15,5,2,9
2023421287926,2023,421287926,1,1,3,2,73,10,2,9,9,0,0,0,0,4,E01015871,7,1,1.0,0.0,-1,6,30,2,1,2,13:10,6,1,8
2023531319220,2023,531319220,1,1,3,1,30,6,3,8,1,0,0,0,0,3,E01022256,3,1,0.0,1.0,-1,6,30,1,1,1,20:20,5,1,9
2023122300913,2023,122300913,1,1,1,1,50,8,2,0,0,0,0,0,5,7,E01011893,-1,0,1.0,0.0,-1,6,60,1,1,1,11:50,7,2,5
2023041334127,2023,041334127,1,1,1,1,62,9,3,0,0,0,0,0,9,1,E01025575,3,1,0.0,1.0,-1,6,30,2,1,2,16:45,4,2,9
2023101360860,2023,101360860,1,3,2,2,53,8,3,0,0,1,0,0,9,4,E01020696,3,1,0.0,1.0,-1,3,50,1,1,1,16:02,1,2,9
2023520301765,2023,520301765,2,2,1,2,70,10,3,0,0,0,0,0,9,6,E01029221,-1,0,0.02933,0.97067,-1,6,30,1,1,1,11:10,2,2,9
2023522301150,2023,522301150,1,1,1,2,27,6,3,0,0,0,0,0,9,1,E01014689,-1,0,0.06949,0.93051,-1,6,20,1,4,1,04:35,7,2,9
2023991357891,2023,991357891,2,1,1,2,19,4,3,0,0,0,0,0,9,7,-1,3,1,0.0,1.0,-1,1,60,1,1,1,14:30,2,2,9
2023430332571,2023,430332571,2,1,1,1,16,4,3,0,0,0,0,0,-1,5,E01017710,-1,0,0.1025,0.8975,-1,6,30,1,1,1,16:32,4,2,-1
2023070118684,2023,070118684,2,1,1,1,63,9,3,0,0,0,0,0,9,3,E01018464,-1,0,0.01805,0.98195,-1,6,30,1,1,1,08:10,6,2,9
2023552300181,2023,552300181,2,1,1,2,43,7,3,0,0,0,0,0,9,1,E01015279,-1,0,0.02344,0.97656,-1,6,40,1,1,1,16:05,6,2,9
2023610023223,2023,610023223,2,1,1,2,37,7,3,0,0,0,0,0,9,10,W01001948,-1,0,0.07727,0.92273,-1,6,40,1,1,1,10:06,2,4,9
2023481363615,2023,481363615,2,2,1,1,25,5,3,0,0,0,0,0,3,-1,-1,3,1,0.0,1.0,-1,6,20,1,1,1,16:18,5,2,3
2023991261749,2023,991261749,2,1,1,1,32,6,3,0,0,0,0,0,3,4,-1,3,1,0.0,1.0,-1,6,30,8,4,2,18:00,3,2,3
2023101352660,2023,101352660,1,1,1,1,67,10,3,0,0,0,0,0,9,9,E01027463,3,1,0.0,1.0,-1,6,60,1,1,1,14:00,5,1,9
2023231272700,2023,231272700,2,2,2,1,23,5,2,0,0,1,0,0,9,-1,-1,7,1,1.0,0.0,-1,3,70,1,6,1,20:00,6,2,9
2023471294894,2023,471294894,2,2,2,2,51,8,3,0,0,1,0,0,9,2,E01021092,3,1,0.0,1.0,-1,6,60,1,6,1,20:50,7,2,9
2023471324218,2023,471324218,3,3,1,2,65,9,3,0,0,0,0,0,9,10,E01031621,3,1,0.0,1.0,-1,6,40,1,1,1,14:30,5,3,9
2023010448022,2023,010448022,2,1,2,2,43,7,3,0,0,0,3,0,11,1,E01003188,-1,0,0.0,1.0,-1,6,20,1,1,1,17:33,6,2,11
2023010429305,2023,010429305,1,1,3,2,54,8,3,10,9,0,0,0,0,3,E01003319,-1,0,0.0,1.0,-1,6,30,9,4,1,18:58,1,1,9
2023131376133,2023,131376133,1,1,3,1,16,4,3,6,7,0,0,2,0,8,E01010672,3,1,0.0,1.0,-1,6,30,1,1,1,15:05,2,1,9
2023302300466,2023,302300466,2,2,1,1,31,6,2,0,0,0,0,0,5,2,E01019441,-1,0,1.0,0.0,-1,6,30,1,4,1,19:40,4,2,5
2023010464019,2023,010464019,2,2,1,1,57,9,3,0,0,0,0,0,9,3,E01003280,-1,0,0.0,1.0,-1,6,20,1,1,1,08:14,2,3,9
2023010473078,2023,010473078,2,2,1,1,54,8,3,0,0,0,0,0,9,3,E01000336,-1,0,0.0,1.0,-1,6,30,1,1,2,11:59,6,2,9
2023351336927,2023,351336927,1,1,1,1,81,11,3,0,0,0,0,0,9,8,E01018050,3,1,0.0,1.0,-1,6,20,1,1,1,11:08,7,2,9
2023461368466,2023,461368466,1,1,1,2,61,9,3,0,0,0,0,0,9,2,E01024500,3,1,0.0,1.0,-1,6,30,1,1,2,07:45,4,2,9
2023520400335,2023,520400335,1,1,1,-1,-1,-1,3,0,0,0,0,0,1,-1,-1,-1,0,0.0169,0.9831,-1,6,30,1,1,1,16:40,3,2,1
2023010421709,2023,010421709,1,1,1,1,23,5,3,0,0,0,0,0,3,5,E01003140,-1,0,0.0,1.0,-1,6,20,1,1,1,15:35,2,2,3
2023201405027,2023,201405027,1,2,1,1,69,10,3,0,0,0,0,0,9,3,E01010042,3,1,0.0,1.0,-1,6,30,1,1,1,14:16,5,2,9
2023351292420,2023,351292420,1,1,1,1,52,8,3,0,0,0,0,0,9,3,E01018072,3,1,0.0,1.0,-1,6,50,2,6,2,19:20,7,2,9
2023622300435,2023,622300435,2,2,1,1,61,9,3,0,0,0,0,0,9,9,W01001398,-1,0,0.02934,0.97066,-1,6,20,1,1,1,07:56,3,2,9
2023991304608,2023,991304608,1,1,1,2,20,4,3,0,0,0,0,0,9,8,-1,3,1,0.0,1.0,-1,6,30,1,1,2,07:45,7,1,9
2023131397974,2023,131397974,2,1,1,1,25,5,3,0,0,0,0,0,90,1,E01033021,3,1,0.0,1.0,-1,7,30,9,7,1,16:20,7,2,90
2023302300307,2023,302300307,2,1,1,1,20,4,2,0,0,0,0,0,1,4,E01005296,-1,0,1.0,0.0,-1,6,30,4,1,1,13:25,6,2,1
2023320708780,2023,320708780,2,1,1,2,71,10,3,0,0,0,0,0,9,3,E01026017,-1,0,0.02451,0.97549,-1,6,30,1,4,1,21:00,6,2,9
2023411366900,2023,411366900,1,1,1,1,73,10,3,0,0,0,0,0,9,8,E01021795,3,1,0.0,1.0,-1,6,30,1,1,1,15:39,2,2,9
2023543198023,2023,543198023,1,3,2,1,13,3,3,0,0,2,0,0,9,5,E01031947,-1,0,0.05709,0.94291,-1,6,30,1,1,1,15:40,7,2,9
2023552301174,2023,552301174,2,1,1,2,17,4,3,0,0,0,0,0,2,6,E01020528,-1,0,0.05398,0.94602,-1,6,30,2,1,2,17:37,5,2,2
2023061294523,2023,061294523,3,2,1,1,35,6,3,0,0,0,0,0,9,-1,-1,3,1,0.0,1.0,-1,7,30,1,4,1,00:10,6,3,9
2023201298711,2023,201298711,2,2,1,1,53,8,3,0,0,0,0,0,9,2,E01010403,3,1,0.0,1.0,-1,6,30,1,1,1,11:20,7,2,9
2023440396930,2023,440396930,1,1,2,1,19,4,3,0,0,1,0,0,9,3,E01022550,-1,0,0.13899,0.86101,-1,6,60,2,6,2,21:00,5,1,9
2023010459873,2023,010459873,1,1,2,2,61,9,3,0,0,0,4,0,11,6,E01003862,-1,0,0.0,1.0,-1,9,30,1,1,1,11:00,5,1,11
2023211384373,2023,211384373,1,1,3,1,58,9,2,9,9,0,0,0,0,6,E01014288,6,1,1.0,0.0,-1,3,30,1,4,2,23:04,3,1,9
2023010453075,2023,010453075,2,1,1,1,47,8,3,0,0,0,0,0,3,-1,-1,-1,0,0.0,1.0,-1,6,20,1,1,1,06:13,3,2,3
2023010458332,2023,010458332,1,1,1,1,28,6,2,0,0,0,0,0,3,3,E01001203,-1,0,1.0,0.0,-1,3,30,1,1,1,11:40,3,1,3
2023010486372,2023,010486372,1,1,2,2,64,9,2,0,0,2,0,0,9,6,E01000946,-1,0,1.0,0.0,-1,6,20,2,4,2,17:00,5,1,9
2023101341907,2023,101341907,2,1,1,2,57,9,3,0,0,0,0,0,9,-1,-1,3,1,0.0,1.0,-1,7,30,1,1,1,10:05,3,2,9
2023131365296,2023,131365296,1,5,2,1,17,4,3,0,0,2,0,0,9,-1,-1,3,1,0.0,1.0,-1,6,20,2,4,2,23:17,6,2,9
2023411359307,2023,411359307,1,1,1,1,25,5,3,0,0,0,0,0,9,2,E01015733,3,1,0.0,1.0,-1,6,60,1,1,1,08:34,2,3,9
2023522400023,2023,522400023,1,1,1,2,27,6,3,0,0,0,0,0,19,7,E01015013,-1,0,0.0022,0.9978,-1,6,30,1,1,1,11:35,6,2,19
2023101308377,2023,101308377,1,1,3,2,24,5,2,5,1,0,0,0,0,2,E01027528,7,1,1.0,0.0,-1,6,30,1,1,1,10:00,1,1,9
2023010438866,2023,010438866,1,1,1,2,32,6,3,0,0,0,0,0,1,2,E01003299,-1,0,0.0,1.0,-1,6,20,1,1,1,08:02,3,2,1
2023010443036,2023,010443036,2,1,1,1,36,7,2,0,0,0,0,0,1,2,E01003049,-1,0,1.0,0.0,-1,3,20,1,1,1,11:25,2,2,1
2023010434027,2023,010434027,1,1,1,1,47,8,3,0,0,0,0,0,9,5,E01000354,-1,0,0.0,1.0,-1,6,30,1,4,2,19:10,6,2,9
2023131261641,2023,131261641,2,1,1,1,58,9,3,0,0,0,0,0,9,1,E01010745,3,1,0.0,1.0,-1,6,30,2,1,2,17:42,2,2,9
202363D037923,2023,63D037923,2,1,1,2,49,8,3,0,0,0,0,0,9,-1,-1,-1,0,0.02152,0.97848,-1,6,30,1,1,2,11:55,3,2,9
2023041373810,2023,041373810,1,1,3,1,45,7,3,8,8,0,0,0,0,7,E01025081,3,1,0.0,1.0,-1,6,30,1,1,1,09:10,1,1,9
2023010445104,2023,010445104,1,1,1,2,57,9,3,0,0,0,0,0,1,6,E01001741,-1,0,0.0,1.0,-1,6,20,1,1,1,20:24,5,2,1
2023332300200,2023,332300200,1,2,2,2,59,9,1,0,0,1,0,0,9,9,E01025947,-1,0,0.0,0.0,-1,6,50,2,1,2,13:10,7,2,9
2023371284432,2023,371284432,2,2,2,2,9,2,3,0,0,2,0,0,9,3,E01029914,3,1,0.0,1.0,-1,6,30,1,1,1,15:30,6,2,9
2023401288613,2023,401288613,2,2,1,1,25,5,3,0,0,0,0,0,9,4,E01015756,3,1,0.0,1.0,-1,9,30,1,4,1,18:40,1,2,9
2023440214277,2023,440214277,2,1,1,2,17,4,3,0,0,0,0,0,16,-1,-1,-1,0,0.03487,0.96513,-1,6,30,1,1,1,11:02,3,2,16
2023131365296,2023,131365296,1,2,2,1,18,4,1,0,0,2,0,0,9,8,E01010931,1,1,0.0,0.0,-1,6,20,2,4,2,23:17,6,2,9
2023141322247,2023,141322247,1,1,1,1,24,5,3,0,0,0,0,0,9,7,E01019601,3,1,0.0,1.0,-1,3,30,4,1,1,20:30,6,2,9
2023401383487,2023,401383487,2,2,2,2,60,9,3,0,0,-1,0,0,9,9,E01018136,3,1,0.0,1.0,-1,6,60,1,1,2,10:51,2,2,9
2023430237108,2023,430237108,1,1,1,1,39,7,3,0,0,0,0,0,9,6,E01032959,-1,0,0.01865,0.98135,-1,6,60,1,1,1,12:25,3,2,9
2023010470329,2023,010470329,1,1,1,2,21,5,3,0,0,0,0,0,9,2,E01000931,-1,0,0.0,1.0,-1,2,20,1,1,1,12:20,6,3,9
2023201390976,2023,201390976,2,1,2,2,-1,-1,3,0,0,2,0,0,9,-1,-1,3,1,0.0,1.0,-1,7,30,1,4,1,17:31,3,2,9
2023430039423,2023,430039423,1,1,1,1,49,8,3,0,0,0,0,0,1,9,E01028772,-1,0,0.05441,0.94559,-1,6,30,1,1,1,08:50,4,2,1
2023052301737,2023,052301737,1,1,2,2,82,11,3,0,0,1,0,0,9,10,E01007266,-1,0,0.06331,0.93669,-1,6,30,1,1,1,14:00,1,2,9
2023010443703,2023,010443703,3,4,2,2,29,6,3,0,0,0,4,0,11,7,E01000314,-1,0,0.0,1.0,-1,6,30,1,1,1,12:03,5,3,11
2023010451422,2023,010451422,1,1,1,2,58,9,3,0,0,0,0,0,9,-1,-1,-1,0,0.0,1.0,-1,7,50,1,1,1,17:30,1,5,9
2023231289349,2023,231289349,2,1,1,2,46,8,3,0,0,0,0,0,9,7,E01031324,3,1,0.0,1.0,-1,6,30,1,1,1,11:00,3,2,9
2023351394286,2023,351394286,2,2,2,2,-1,-1,3,0,0,1,0,0,9,-1,-1,3,1,0.0,1.0,-1,6,30,8,1,4,11:05,6,2,9
2023010465418,2023,010465418,2,2,2,2,-1,-1,3,0,0,0,0,0,1,7,E01032573,-1,0,0.0,1.0,-1,6,20,1,1,1,17:00,2,2,1
2023471373320,2023,471373320,2,1,1,1,31,6,3,0,0,0,0,0,3,7,E01016979,3,1,0.0,1.0,-1,6,30,1,1,1,15:55,3,2,3
2023031332010,2023,031332010,2,1,1,1,59,9,2,0,0,0,0,0,5,6,E01019178,5,1,1.0,0.0,-1,3,60,8,1,2,15:06,5,2,5
2023010455079,2023,010455079,2,1,1,1,48,8,3,0,0,0,0,0,9,1,E01004702,-1,0,0.0,1.0,-1,6,20,1,4,1,23:00,5,2,9
2023041305391,2023,041305391,1,1,2,1,23,5,3,0,0,2,0,0,9,1,E01025295,3,1,0.0,1.0,-1,3,30,8,1,1,21:00,5,1,9
2023131313389,2023,131313389,1,1,1,2,67,10,3,0,0,0,0,0,9,4,E01010877,3,1,0.0,1.0,-1,6,40,1,1,1,13:22,4,2,9
2023131397877,2023,131397877,2,1,1,1,30,6,3,0,0,0,0,0,9,1,E01010755,3,1,0.0,1.0,-1,6,30,2,7,2,18:25,1,2,9
2023340NN4712,2023,340NN4712,2,1,1,2,43,7,3,0,0,0,0,0,9,2,E01027349,-1,0,0.02698,0.97302,-1,6,30,8,1,2,10:00,6,2,9
2023520300610,2023,520300610,2,5,2,1,31,6,2,0,0,0,4,0,11,2,E01013910,-1,0,1.0,0.0,-1,6,40,1,6,4,06:00,3,3,11
2023131308813,2023,131308813,1,1,2,1,28,6,3,0,0,0,0,0,19,1,E01011144,3,1,0.0,1.0,-1,3,40,1,1,1,10:42,4,2,19
2023071276522,2023,071276522,1,1,1,1,20,4,3,0,0,0,0,0,1,2,E01018542,-1,0,0.08586,0.91414,-1,6,30,5,6,2,21:10,6,2,1
2023320156865,2023,320156865,1,1,1,1,68,10,3,0,0,0,0,0,9,7,E01026281,-1,0,0.08242,0.91758,-1,6,60,1,1,1,09:37,3,2,9
2023340NN0542,2023,340NN0542,2,3,2,1,64,9,3,0,0,2,0,0,9,-1,-1,-1,0,0.13768,0.86232,-1,3,60,1,4,2,03:59,1,2,9
2023340WN6972,2023,340WN6972,2,1,1,1,69,10,3,0,0,0,0,0,9,9,E01027167,-1,0,0.06116,0.93884,-1,6,30,2,4,2,16:40,3,2,9
2023531298656,2023,531298656,1,1,2,2,42,7,3,0,0,1,0,0,9,3,E01022403,3,1,0.0,1.0,-1,6,30,1,4,1,01:53,5,2,9
2023311382586,2023,311382586,1,2,3,2,83,11,3,1,3,0,0,0,0,-1,-1,3,1,0.0,1.0,-1,6,30,2,4,2,22:25,1,1,9
2023440180519,2023,440180519,1,1,1,1,54,8,3,0,0,0,0,0,1,10,E01022470,-1,0,0.12104,0.87896,-1,6,30,1,1,1,13:52,2,2,1
2023471363671,2023,471363671,2,1,1,1,44,7,2,0,0,0,0,0,1,4,E01031547,7,1,1.0,0.0,-1,1,30,1,1,1,07:55,3,2,1
2023471343287,2023,471343287,3,1,1,1,41,7,3,0,0,0,0,0,3,6,E01021213,3,1,0.0,1.0,-1,6,60,1,1,1,16:54,4,3,3
2023501355115,2023,501355115,2,1,1,1,17,4,3,0,0,0,0,0,3,4,E01020310,3,1,0.0,1.0,-1,6,30,1,4,1,21:35,5,2,3
2023010422814,2023,010422814,1,1,1,1,49,8,3,0,0,0,0,0,8,2,E01001460,-1,0,0.0,1.0,-1,6,20,1,4,1,23:29,7,2,8
2023010446755,2023,010446755,1,1,2,-1,-1,-1,3,0,0,1,0,0,9,2,E01003580,-1,0,0.0,1.0,-1,9,30,8,1,1,13:35,6,2,9
2023141304202,2023,141304202,1,2,2,2,39,7,2,0,0,2,0,0,9,-1,-1,6,1,1.0,0.0,-1,6,30,1,1,1,17:31,6,3,9
2023991325532,2023,991325532,3,5,1,2,34,6,3,0,0,0,0,0,9,2,-1,3,1,0.0,1.0,-1,6,30,1,1,1,17:55,2,3,9
2023401377050,2023,401377050,3,5,2,1,27,6,3,0,0,1,0,0,19,-1,-1,3,1,0.0,1.0,-1,6,40,4,1,2,07:28,2,4,19
2023010457950,2023,010457950,1,1,3,1,26,6,1,4,1,0,0,0,0,9,E01001453,-1,0,0.0,0.0,-1,3,20,1,4,1,04:02,1,1,9
2023010472193,2023,010472193,2,1,1,1,52,8,2,0,0,0,0,0,1,5,E01003083,-1,0,1.0,0.0,-1,6,20,1,1,1,08:30,2,2,1
2023041362908,2023,041362908,2,1,1,2,46,8,2,0,0,0,0,0,1,8,E01025159,7,1,1.0,0.0,-1,1,50,2,1,2,07:25,6,2,1
2023041393344,2023,041393344,3,3,1,2,30,6,3,0,0,0,0,0,9,6,E01025107,3,1,0.0,1.0,-1,6,50,1,1,2,11:07,7,4,9
2023401325681,2023,401325681,3,2,1,2,33,6,3,0,0,0,0,0,9,5,E01017569,3,1,0.0,1.0,-1,6,60,1,1,1,18:36,6,3,9
2023411278908,2023,411278908,2,1,1,1,63,9,3,0,0,0,0,0,9,8,E01023548,3,1,0.0,1.0,-1,6,30,1,1,-1,07:55,2,2,9
2023471355290,2023,471355290,2,1,1,2,34,6,3,0,0,0,0,0,9,6,E01017012,3,1,0.0,1.0,-1,6,30,1,1,1,12:30,5,3,9
2023010427760,2023,010427760,1,1,1,1,21,5,3,0,0,0,0,0,1,2,E01001959,-1,0,0.0,1.0,-1,2,30,1,1,2,17:20,5,2,1
2023161323226,2023,161323226,2,1,1,1,12,3,3,0,0,0,0,0,1,1,E01013218,3,1,0.0,1.0,-1,6,30,1,1,1,18:25,2,2,1
2023122400157,2023,122400157,1,1,1,1,20,4,3,0,0,0,0,0,3,6,E01027889,-1,0,0.10597,0.89403,-1,6,30,1,1,2,12:10,3,2,3
2023440453198,2023,440453198,1,1,1,1,20,4,3,0,0,0,0,0,3,1,E01023029,-1,0,0.15837,0.84163,-1,6,30,1,1,2,08:01,2,1,3
2023201285325,2023,201285325,1,2,2,2,71,10,3,0,0,2,0,0,9,-1,-1,3,1,0.0,1.0,-1,6,30,1,4,1,17:00,2,2,9
2023471274996,2023,471274996,2,1,2,1,43,7,3,0,0,-1,0,0,9,3,E01016860,3,1,0.0,1.0,-1,6,30,1,4,2,18:45,6,2,9
2023471288412,2023,471288412,1,1,1,2,76,11,2,0,0,0,0,0,9,10,E01031755,6,1,1.0,0.0,-1,6,30,1,4,1,18:16,1,1,9
2023010419792,2023,010419792,1,1,2,1,87,11,2,0,0,0,1,0,11,-1,-1,-1,0,1.0,0.0,-1,6,20,1,1,1,14:50,5,1,11
2023201309992,2023,201309992,1,1,3,1,13,3,3,5,3,0,0,0,0,7,E01010359,3,1,0.0,1.0,-1,6,30,1,1,1,15:30,3,1,9
2023052302268,2023,052302268,1,1,1,2,59,9,3,0,0,0,0,0,1,6,E01007164,-1,0,0.1938,0.8062,-1,6,30,1,1,1,15:30,1,2,1
2023061338149,2023,061338149,2,2,1,1,33,6,3,0,0,0,0,0,9,7,E01011181,3,1,0.0,1.0,-1,6,60,1,1,1,15:00,3,2,9
2023170L20633,2023,170L20633,2,2,2,2,20,4,3,0,0,1,0,0,9,1,E01012090,-1,0,0.00535,0.99465,-1,6,30,1,1,1,14:40,3,2,9
2023211356285,2023,211356285,2,1,2,2,53,8,2,0,0,1,0,0,9,8,E01029790,7,1,1.0,0.0,-1,3,70,1,1,1,14:50,2,2,9
2023010462886,2023,010462886,2,1,1,2,63,9,3,0,0,0,0,0,22,1,E01033701,-1,0,0.0,1.0,-1,6,30,9,1,1,14:30,7,2,22
2023010466297,2023,010466297,1,1,3,1,27,6,3,8,5,0,0,0,0,-1,-1,-1,0,0.0,1.0,-1,6,20,1,1,1,13:58,6,1,20
2023201366347,2023,201366347,1,1,3,2,27,6,1,1,3,0,0,2,0,2,E01009981,1,1,0.0,0.0,-1,3,30,1,1,1,20:04,6,1,9
2023010460604,2023,010460604,1,3,2,-1,-1,-1,3,0,0,2,0,0,9,2,E01032744,-1,0,0.0,1.0,-1,1,40,1,1,1,17:15,2,2,9