collision_index,collision_year,collision_ref_no,vehicle_reference,casualty_reference,casualty_class,sex_of_casualty,age_of_casualty,age_band_of_casualty,casualty_severity,pedestrian_location,pedestrian_movement,car_passenger,bus_or_coach_passenger,pedestrian_road_maintenance_worker,casualty_type,casualty_imd_decile,lsoa_of_casualty,enhanced_casualty_severity,casualty_injury_based,casualty_adjusted_severity_serious,casualty_adjusted_severity_slight,casualty_distance_banding,road_type,speed_limit,weather_conditions,light_conditions,road_surface_conditions,time,day_of_week,number_of_vehicles,vehicle_type
2023401346485,2023,401346485,1,1,1,1,63,9,3,0,0,0,0,0,9,5,E01017440,3,1,0.0,1.0,-1,6,30,1,1,1,16:45,7,2,9
2023231351595,2023,231351595,1,1,1,1,39,7,3,0,0,0,0,0,19,1,E01031043,3,1,0.0,1.0,-1,6,30,1,4,1,20:54,1,2,19
2023010475560,2023,010475560,1,1,1,1,21,5,3,0,0,0,0,0,2,4,E01003662,-1,0,0.0,1.0,-1,6,30,2,4,2,18:45,5,2,2
2023545561723,2023,545561723,1,1,1,1,66,10,2,0,0,0,0,0,3,5,E01032048,-1,0,1.0,0.0,-1,6,30,1,1,1,15:26,7,2,3
2023101319416,2023,101319416,1,1,1,2,65,9,2,0,0,0,0,0,9,8,-1,5,1,1.0,0.0,-1,6,60,1,1,1,14:50,6,2,9
2023361337852,2023,361337852,2,2,2,1,18,4,3,0,0,1,0,0,9,5,E01026594,3,1,0.0,1.0,-1,6,30,1,4,1,23:00,5,2,9
2023451292930,2023,451292930,1,1,1,1,54,8,3,0,0,0,0,0,19,10,E01030507,3,1,0.0,1.0,-1,6,30,2,1,2,20:50,6,3,19
2023430466049,2023,430466049,1,1,3,2,37,7,3,10,9,0,0,0,0,9,E01017840,-1,0,0.05148,0.94852,-1,6,30,2,1,2,08:47,6,1,9
2023161293024,2023,161293024,1,1,1,2,30,6,3,0,0,0,0,0,9,-1,-1,3,1,0.0,1.0,-1,6,60,1,1,1,18:20,1,2,9
2023231331857,2023,231331857,1,1,1,1,56,9,3,0,0,0,0,0,9,8,E01031281,3,1,0.0,1.0,-1,6,50,1,1,1,18:37,5,3,9
2023010441505,2023,010441505,2,1,1,1,39,7,2,0,0,0,0,0,3,1,E01004702,-1,0,1.0,0.0,-1,6,20,2,1,2,14:16,7,2,3
2023010484889,2023,010484889,2,1,1,1,31,6,2,0,0,0,0,0,3,7,E01004683,-1,0,1.0,0.0,-1,6,20,2,4,2,07:30,3,2,3
2023010456117,2023,010456117,1,1,1,1,25,5,3,0,0,0,0,0,3,4,E01000676,-1,0,0.0,1.0,-1,2,30,1,1,1,14:00,4,1,3
2023991324904,2023,991324904,1,1,1,1,51,8,2,0,0,0,0,0,5,1,-1,7,1,1.0,0.0,-1,3,70,1,1,1,11:50,7,1,5
2023052302479,2023,052302479,1,1,2,2,67,10,2,0,0,2,0,0,8,1,E01006633,-1,0,1.0,0.0,-1,6,30,1,1,1,12:36,7,1,8
2023340WN2352,2023,340WN2352,2,1,1,1,32,6,3,0,0,0,0,0,9,10,E01027266,-1,0,0.06985,0.93015,-1,6,60,1,1,1,09:20,5,2,9
2023010467403,2023,010467403,1,1,3,2,16,4,3,4,3,0,0,0,0,3,E01001177,-1,0,0.0,1.0,-1,6,30,1,1,2,10:00,5,1,19
2023201329377,2023,201329377,1,1,3,1,5,1,3,5,1,0,0,0,0,2,E01009395,3,1,0.0,1.0,-1,6,30,1,1,1,18:40,7,1,9
2023041323374,2023,041323374,1,1,1,1,50,8,3,0,0,0,0,0,9,-1,-1,3,1,0.0,1.0,-1,6,30,1,5,1,20:20,3,2,9
2023201363364,2023,201363364,2,1,1,1,31,6,2,0,0,0,0,0,9,1,E01008913,7,1,1.0,0.0,-1,3,30,1,1,1,15:50,5,4,9
2023320612297,2023,320612297,2,5,1,1,54,8,2,0,0,0,0,0,9,5,E01028155,-1,0,1.0,0.0,-1,6,50,1,1,2,15:30,2,2,9
2023311362188,2023,311362188,1,1,3,2,20,4,3,1,3,0,0,0,0,1,E01033405,3,1,0.0,1.0,-1,6,30,1,1,1,14:47,3,1,9
2023481399094,2023,481399094,2,1,1,1,42,7,3,0,0,0,0,0,1,-1,-1,3,1,0.0,1.0,-1,3,20,1,1,1,09:30,5,2,1
2023201383550,2023,201383550,1,2,2,1,59,9,3,0,0,2,0,0,9,1,E01009632,3,1,0.0,1.0,-1,3,30,1,4,1,03:05,1,2,9
2023361270075,2023,361270075,1,1,1,1,18,4,3,0,0,0,0,0,9,9,E01028673,3,1,0.0,1.0,-1,6,60,1,6,1,17:45,7,2,9
2023411328124,2023,411328124,1,1,1,1,28,6,3,0,0,0,0,0,9,6,E01022090,3,1,0.0,1.0,-1,6,30,1,1,1,17:10,1,3,9
2023520400081,2023,520400081,1,1,1,1,21,5,3,0,0,0,0,0,9,9,E01014382,-1,0,0.00455,0.99545,-1,6,60,1,1,1,19:11,5,2,9
2023010467377,2023,010467377,1,1,1,2,39,7,3,0,0,0,0,0,9,7,E01024140,-1,0,0.0,1.0,-1,6,30,1,1,1,12:17,5,2,9
2023061346551,2023,061346551,3,4,2,2,10,2,3,0,0,2,0,0,9,-1,-1,3,1,0.0,1.0,-1,6,30,1,1,1,15:30,1,3,9
2023501354947,2023,501354947,1,1,1,1,75,10,3,0,0,0,0,0,9,10,E01030321,3,1,0.0,1.0,-1,6,40,1,1,1,10:36,2,2,9
2023547537523,2023,547537523,1,1,1,2,75,10,3,0,0,0,0,0,9,8,E01014705,-1,0,0.07433,0.92567,-1,6,40,1,1,1,11:21,3,3,9
2023421272433,2023,421272433,1,1,3,1,10,2,3,5,3,0,0,0,0,1,E01021968,3,1,0.0,1.0,-1,6,30,1,1,1,15:30,6,1,9
2023546465123,2023,546465123,1,1,3,2,66,10,3,6,9,0,0,0,0,6,E01032004,-1,0,0.06461,0.93539,-1,6,30,1,1,1,09:10,3,1,19
2023991331355,2023,991331355,1,1,3,2,7,2,3,8,9,0,0,2,0,-1,-1,3,1,0.0,1.0,-1,6,20,4,1,1,18:59,7,1,9
2023332300206,2023,332300206,2,1,1,1,60,9,3,0,0,0,0,0,1,7,E01025895,-1,0,0.10119,0.89881,-1,6,30,1,1,1,16:40,3,2,1
2023010441450,2023,010441450,1,3,2,2,17,4,3,0,0,2,0,0,9,2,E01002969,-1,0,0.0,1.0,-1,3,20,1,1,1,21:45,5,1,9
2023371393216,2023,371393216,2,1,1,1,52,8,3,0,0,0,0,0,19,10,E01030179,3,1,0.0,1.0,-1,6,30,2,4,2,07:37,4,2,19
2023041321866,2023,041321866,1,1,1,2,20,4,3,0,0,0,0,0,9,10,E01025278,3,1,0.0,1.0,-1,6,30,1,1,1,08:40,5,2,9
2023131299516,2023,131299516,2,1,1,1,26,6,3,0,0,0,0,0,9,6,E01032946,3,1,0.0,1.0,-1,6,30,1,1,1,16:25,6,3,9
2023201459028,2023,201459028,2,2,1,2,65,9,3,0,0,0,0,0,9,1,E01009300,3,1,0.0,1.0,-1,1,30,1,1,2,15:34,4,2,9
2023991280183,2023,991280183,2,1,2,2,64,9,2,0,0,1,0,0,9,8,-1,7,1,1.0,0.0,-1,6,60,1,1,2,14:45,6,2,9
2023991303617,2023,991303617,2,1,2,2,37,7,3,0,0,0,4,0,11,2,-1,3,1,0.0,1.0,-1,3,70,1,1,1,13:50,2,2,11
2023991341651,2023,991341651,1,3,1,1,42,7,2,0,0,0,0,0,19,-1,-1,5,1,1.0,0.0,-1,6,60,1,1,1,17:15,2,2,19
2023421330408,2023,421330408,2,1,1,2,55,8,3,0,0,0,0,0,22,1,E01015842,3,1,0.0,1.0,-1,6,30,1,1,1,04:40,5,2,22
2023161277428,2023,161277428,2,1,2,2,58,9,3,0,0,0,0,0,90,1,E01012785,3,1,0.0,1.0,-1,7,30,1,4,1,17:55,4,2,90
2023361356124,2023,361356124,1,1,3,2,71,10,3,9,3,0,0,0,0,8,E01026886,3,1,0.0,1.0,-1,6,30,1,1,1,09:25,6,1,9
2023421365830,2023,421365830,2,1,1,1,50,8,3,0,0,0,0,0,1,-1,-1,3,1,0.0,1.0,-1,6,30,5,6,2,18:45,4,2,1
2023451270356,2023,451270356,1,1,1,1,56,9,2,0,0,0,0,0,1,8,E01030505,7,1,1.0,0.0,-1,6,30,1,1,1,11:30,3,1,1
2023010435284,2023,010435284,1,1,1,1,19,4,3,0,0,0,0,0,9,2,E01004068,-1,0,0.0,1.0,-1,3,50,1,4,2,22:47,6,1,9
2023451282890,2023,451282890,1,1,1,2,66,10,3,0,0,0,0,0,9,6,E01031658,3,1,0.0,1.0,-1,6,60,1,1,2,08:20,6,1,9
2023131270864,2023,131270864,1,1,3,2,77,11,2,1,1,0,0,2,0,6,E01011505,5,1,1.0,0.0,-1,6,30,4,1,2,10:05,4,1,1
2023010461964,2023,010461964,1,1,1,1,20,4,3,0,0,0,0,0,2,1,E01002588,-1,0,0.0,1.0,-1,6,30,1,1,1,10:56,4,1,2
2023201311654,2023,201311654,2,2,1,1,54,8,3,0,0,0,0,0,9,8,E01010124,3,1,0.0,1.0,-1,6,30,1,4,1,17:51,6,2,9
2023201313184,2023,201313184,2,1,1,2,64,9,3,0,0,0,0,0,9,6,E01009126,3,1,0.0,1.0,-1,6,30,1,1,1,17:15,6,2,9
2023332301078,2023,332301078,2,1,2,2,65,9,3,0,0,2,0,0,9,2,E01032873,-1,0,0.02596,0.97404,-1,3,70,1,1,1,13:14,4,2,9
2023401337108,2023,401337108,2,1,1,2,22,5,3,0,0,0,0,0,9,4,E01015734,3,1,0.0,1.0,-1,3,30,1,1,1,14:28,3,2,9
2023991306068,2023,991306068,2,1,1,2,53,8,3,0,0,0,0,0,9,7,-1,3,1,0.0,1.0,-1,6,60,1,1,1,08:15,5,2,9
2023461382859,2023,461382859,1,1,1,2,45,7,3,0,0,0,0,0,9,7,E01024719,3,1,0.0,1.0,-1,6,50,1,1,1,13:16,5,2,9
2023471338396,2023,471338396,1,3,2,1,26,6,3,0,0,1,0,0,9,9,E01021151,3,1,0.0,1.0,-1,6,60,1,6,1,21:42,7,1,9
2023471373217,2023,471373217,2,2,1,1,46,8,3,0,0,0,0,0,9,5,E01031574,3,1,0.0,1.0,-1,7,50,1,4,1,00:25,7,2,9
2023501305121,2023,501305121,1,1,1,2,25,5,3,0,0,0,0,0,9,4,E01020309,3,1,0.0,1.0,-1,6,60,2,1,2,13:38,2,2,9
2023131306254,2023,131306254,2,1,1,2,38,7,3,0,0,0,0,0,9,2,E01011859,3,1,0.0,1.0,-1,6,30,2,1,2,12:55,5,2,9
2023211376401,2023,211376401,2,1,1,1,42,7,3,0,0,0,0,0,9,1,E01007290,3,1,0.0,1.0,-1,9,70,1,4,1,19:12,1,6,9
2023421275743,2023,421275743,1,1,1,2,20,4,3,0,0,0,0,0,9,1,E01021576,3,1,0.0,1.0,-1,3,70,1,1,1,13:13,2,1,9
2023302300407,2023,302300407,2,1,1,1,14,3,2,0,0,0,0,0,1,7,E01019705,-1,0,1.0,0.0,-1,6,30,3,6,3,21:30,5,2,1
2023061333173,2023,061333173,2,2,1,1,53,8,3,0,0,0,0,0,9,3,E01005938,3,1,0.0,1.0,-1,6,30,1,1,1,11:29,1,2,9
2023991334279,2023,991334279,2,1,1,2,27,6,3,0,0,0,0,0,9,3,-1,3,1,0.0,1.0,-1,6,30,1,1,1,12:30,2,2,9
2023332300385,2023,332300385,1,1,1,1,38,7,3,0,0,0,0,0,9,8,E01025663,-1,0,0.06011,0.93989,-1,6,60,1,6,1,23:00,4,1,9
2023340NN1192,2023,340NN1192,2,1,1,1,57,9,3,0,0,0,0,0,9,10,E01027046,-1,0,0.01606,0.98394,-1,6,40,1,4,1,19:15,5,2,9
2023461317794,2023,461317794,1,1,1,1,32,6,3,0,0,0,0,0,9,10,E01024820,3,1,0.0,1.0,-1,3,70,1,1,1,15:10,5,2,9
2023010421441,2023,010421441,1,1,3,1,55,8,3,1,1,0,0,0,0,8,E01000563,-1,0,0.0,1.0,-1,6,30,1,4,1,20:00,6,1,9
2023010471192,2023,010471192,1,1,3,1,10,2,2,4,3,0,0,0,0,3,E01000545,-1,0,1.0,0.0,-1,6,30,1,1,1,15:45,3,1,9
2023061298144,2023,061298144,1,1,1,1,29,6,1,0,0,0,0,0,4,1,E01006288,1,1,0.0,0.0,-1,6,30,1,4,1,23:16,3,1,4
2023351273282,2023,351273282,2,2,2,1,57,9,3,0,0,-1,0,0,9,5,E01018051,3,1,0.0,1.0,-1,1,60,1,1,1,11:18,6,2,9
2023010482198,2023,010482198,3,3,1,2,49,8,3,0,0,0,0,0,9,2,E01001423,-1,0,0.0,1.0,-1,6,40,9,1,2,14:30,3,4,9
2023111281794,2023,111281794,2,1,1,1,26,6,3,0,0,0,0,0,9,3,E01012305,3,1,0.0,1.0,-1,6,30,1,1,1,17:15,2,2,9
2023201418017,2023,201418017,2,2,1,1,42,7,3,0,0,0,0,0,9,2,E01010335,3,1,0.0,1.0,-1,6,30,1,4,2,18:35,2,2,9
2023440280879,2023,440280879,1,1,2,2,33,6,3,0,0,2,0,0,9,10,E01023180,-1,0,0.11222,0.88778,-1,3,70,1,6,1,00:56,5,1,9
2023552301378,2023,552301378,1,2,3,1,42,7,2,4,1,0,0,0,0,2,E01015367,-1,0,1.0,0.0,-1,3,30,1,4,1,21:12,5,1,9
2023461308719,2023,461308719,2,1,1,1,51,8,2,0,0,0,0,0,3,4,E01024204,7,1,1.0,0.0,-1,6,30,1,1,1,17:55,5,2,3
2023991354577,2023,991354577,2,1,1,1,19,4,2,0,0,0,0,0,3,6,-1,7,1,1.0,0.0,-1,6,60,2,1,2,07:25,3,2,3
2023052300300,2023,052300300,2,1,2,1,5,1,3,0,0,2,0,0,9,1,E01007227,-1,0,0.04508,0.95492,-1,3,40,1,4,1,17:55,3,2,9
2023311318754,2023,311318754,2,2,2,2,81,11,2,0,0,1,0,0,9,-1,-1,5,1,1.0,0.0,-1,6,30,1,1,1,20:39,4,2,9
2023170L20023,2023,170L20023,1,1,3,1,86,11,3,4,1,0,0,0,0,2,E01012168,-1,0,0.22292,0.77708,-1,6,30,1,1,1,13:45,2,1,19
2023010451542,2023,010451542,1,1,1,1,27,6,3,0,0,0,0,0,3,9,E01004097,-1,0,0.0,1.0,-1,6,30,8,1,1,16:20,1,2,3
2023010466147,2023,010466147,1,1,1,1,31,6,3,0,0,0,0,0,9,2,E01003046,-1,0,0.0,1.0,-1,9,20,1,1,1,18:20,7,2,9
2023320746291,2023,320746291,1,1,1,1,42,7,3,0,0,0,0,0,9,9,E01026370,-1,0,0.09494,0.90506,-1,6,60,2,1,2,13:00,2,1,9
2023411290010,2023,411290010,2,1,1,1,23,5,3,0,0,0,0,0,9,4,E01015712,3,1,0.0,1.0,-1,6,20,1,1,-1,16:21,3,2,9
2023010441725,2023,010441725,1,1,3,2,29,6,3,5,1,0,0,0,0,-1,-1,-1,0,0.0,1.0,-1,6,30,1,4,1,00:43,2,1,9
2023010447488,2023,010447488,1,1,1,1,31,6,3,0,0,0,0,0,3,3,E01001109,-1,0,0.0,1.0,-1,3,20,1,1,1,10:57,4,2,3
2023552301467,2023,552301467,2,1,1,2,30,6,3,0,0,0,0,0,3,3,E01015287,-1,0,0.07066,0.92934,-1,1,40,1,4,1,11:33,6,2,3
2023131311186,2023,131311186,1,1,2,1,22,5,2,0,0,1,0,0,9,1,E01011483,7,1,1.0,0.0,-1,6,40,1,4,1,02:05,5,2,9
2023430548420,2023,430548420,1,1,1,1,55,8,3,0,0,0,0,0,9,7,E01028438,-1,0,0.0558,0.9442,-1,6,20,1,1,2,07:27,5,2,9
2023501284687,2023,501284687,1,1,1,1,52,8,3,0,0,0,0,0,9,5,E01018791,3,1,0.0,1.0,-1,3,50,1,6,1,19:37,2,2,9
2023540862223,2023,540862223,1,1,1,1,41,7,3,0,0,0,0,0,9,5,E01032698,-1,0,0.08267,0.91733,-1,6,60,7,6,4,06:50,4,1,9
2023552300152,2023,552300152,3,1,1,1,66,10,3,0,0,0,0,0,9,5,E01020512,-1,0,0.11346,0.88654,-1,6,50,1,6,2,19:42,6,3,9
2023010454731,2023,010454731,2,1,1,1,25,5,3,0,0,0,0,0,3,4,E01016347,-1,0,0.0,1.0,-1,6,20,1,1,1,07:34,4,2,3
2023010460439,2023,010460439,2,1,1,1,42,7,3,0,0,0,0,0,4,6,E01001415,-1,0,0.0,1.0,-1,7,30,1,1,1,17:54,1,2,4
2023131266408,2023,131266408,2,1,1,1,49,8,2,0,0,0,0,0,9,4,E01011647,7,1,1.0,0.0,-1,3,30,1,4,1,15:45,3,2,9
2023991340851,2023,991340851,1,1,1,2,43,7,3,0,0,0,0,0,9,3,-1,3,1,0.0,1.0,-1,6,30,1,1,1,20:00,4,2,9
2023010464238,2023,010464238,2,1,1,1,37,7,3,0,0,0,0,0,9,3,E01003788,-1,0,0.0,1.0,-1,7,40,1,4,1,19:36,3,2,9
2023361317817,2023,361317817,1,2,2,2,45,7,2,0,0,1,0,0,9,8,E01022569,7,1,1.0,0.0,-1,6,60,1,1,1,17:48,2,2,9
2023451292221,2023,451292221,1,1,1,1,37,7,3,0,0,0,0,0,9,4,E01031610,3,1,0.0,1.0,-1,6,60,1,6,2,19:33,5,1,9
2023522301082,2023,522301082,1,1,2,2,17,4,3,0,0,1,0,0,9,3,E01014681,-1,0,0.01764,0.98236,-1,2,30,1,1,1,11:39,2,2,9
2023010431116,2023,010431116,1,1,1,2,34,6,3,0,0,0,0,0,9,9,E01000686,-1,0,0.0,1.0,-1,1,40,2,4,2,21:36,4,3,9
2023440071424,2023,440071424,2,1,1,1,17,4,2,0,0,0,0,0,1,4,E01022549,-1,0,1.0,0.0,-1,6,30,1,4,1,22:10,2,2,1
2023041351481,2023,041351481,1,1,1,1,58,9,2,0,0,0,0,0,5,8,E01025191,6,1,1.0,0.0,-1,6,60,1,1,1,18:30,5,1,5
2023052302036,2023,052302036,2,1,2,2,42,7,3,0,0,0,0,0,9,1,E01006790,-1,0,0.05359,0.94641,-1,6,30,1,4,1,20:00,3,2,9
2023201339290,2023,201339290,1,1,1,-1,-1,-1,3,0,0,0,0,0,9,-1,-1,3,1,0.0,1.0,-1,6,30,1,4,1,01:37,7,2,9
2023421311971,2023,421311971,2,1,2,1,11,3,3,0,0,1,0,0,9,7,E01021407,3,1,0.0,1.0,-1,6,60,1,1,1,16:27,6,2,9
2023421346773,2023,421346773,2,1,1,2,30,6,3,0,0,0,0,0,9,4,E01021853,3,1,0.0,1.0,-1,6,40,1,1,1,17:25,4,2,9
2023131347506,2023,131347506,1,2,2,1,19,4,3,0,0,1,0,0,9,1,E01010964,3,1,0.0,1.0,-1,6,40,8,1,2,07:55,6,1,9
2023610036223,2023,610036223,1,1,1,1,19,4,3,0,0,1,0,0,9,2,W01001358,-1,0,0.10933,0.89067,-1,6,40,1,1,2,22:13,2,1,9
2023131320434,2023,131320434,2,1,1,1,25,5,3,0,0,0,0,0,1,2,E01033689,3,1,0.0,1.0,-1,6,30,1,1,1,08:25,2,2,1
2023122300765,2023,122300765,1,1,1,1,20,4,2,0,0,0,0,0,4,1,E01007333,-1,0,1.0,0.0,-1,6,20,1,1,1,16:20,3,1,4
2023010436526,2023,010436526,1,1,2,1,10,2,3,0,0,2,0,0,9,5,E01004076,-1,0,0.0,1.0,-1,6,30,1,1,1,17:22,7,1,9
2023141383850,2023,141383850,2,2,1,1,35,6,3,0,0,0,0,0,9,7,E01019802,3,1,0.0,1.0,-1,6,40,2,1,2,08:59,5,2,9
2023320148208,2023,320148208,1,1,1,1,81,11,3,0,0,0,0,0,9,1,E01026127,-1,0,0.19861,0.80139,-1,6,60,1,1,1,14:49,6,4,9
2023071090119,2023,071090119,1,1,1,1,19,4,1,0,0,0,0,0,9,4,E01005834,-1,0,0.0,0.0,-1,6,60,5,6,2,22:20,5,1,9
2023131294410,2023,131294410,2,3,2,2,9,2,3,0,0,2,0,0,9,3,E01011125,3,1,0.0,1.0,-1,3,70,1,1,1,13:06,5,2,9
2023440236199,2023,440236199,1,2,2,2,40,7,2,0,0,1,0,0,9,3,E01023018,-1,0,1.0,0.0,-1,6,60,1,1,1,16:45,4,3,9
2023991393057,2023,991393057,1,1,1,1,42,7,3,0,0,0,0,0,9,2,-1,3,1,0.0,1.0,-1,3,30,1,4,2,17:10,5,2,9
2023010470562,2023,010470562,2,1,1,1,45,7,2,0,0,0,0,0,1,9,E01028650,-1,0,1.0,0.0,-1,3,40,1,1,1,10:40,7,2,1
2023531369212,2023,531369212,1,1,1,1,54,8,2,0,0,0,0,0,1,10,E01022109,7,1,1.0,0.0,-1,6,50,1,1,2,12:00,1,1,1
2023320751573,2023,320751573,2,1,1,2,49,8,3,0,0,0,0,0,9,5,E01026241,-1,0,0.05507,0.94493,-1,6,60,1,6,2,18:30,4,2,9
2023010434411,2023,010434411,1,1,1,2,53,8,3,0,0,0,0,0,9,1,E01001052,-1,0,0.0,1.0,-1,6,30,1,1,1,09:16,2,2,9
2023061304508,2023,061304508,1,1,2,1,12,3,3,0,0,2,0,0,9,-1,-1,3,1,0.0,1.0,-1,6,30,1,1,2,18:34,6,2,9
2023201305654,2023,201305654,2,3,2,1,38,7,3,0,0,1,0,0,9,-1,-1,3,1,0.0,1.0,-1,6,40,2,1,2,16:10,4,5,9
2023361276766,2023,361276766,2,1,1,1,77,11,3,0,0,0,0,0,9,6,E01026877,3,1,0.0,1.0,-1,6,30,1,1,1,11:45,5,2,9
2023991320299,2023,991320299,1,1,1,2,71,10,2,0,0,0,0,0,1,-1,-1,7,1,1.0,0.0,-1,6,60,1,1,1,10:50,2,1,1
2023201265457,2023,201265457,2,1,1,1,80,11,2,0,0,0,0,0,1,9,E01009694,6,1,1.0,0.0,-1,3,30,1,1,2,13:25,5,2,1
2023010470902,2023,010470902,1,2,2,1,91,11,3,0,0,0,4,0,11,9,E01013351,-1,0,0.0,1.0,-1,3,70,1,1,1,10:20,2,2,11
2023052302204,2023,052302204,1,3,1,2,38,7,3,0,0,0,0,0,9,1,E01006450,-1,0,0.07393,0.92607,-1,3,40,1,1,1,12:50,1,2,9
2023543814123,2023,543814123,1,5,2,1,22,5,3,0,0,2,0,0,9,6,E01032117,-1,0,0.06361,0.93639,-1,6,50,2,1,2,16:28,3,2,9
2023501298645,2023,501298645,1,2,1,2,34,6,3,0,0,0,0,0,9,10,E01020167,3,1,0.0,1.0,-1,3,40,1,1,1,15:03,7,2,9
202360A137656,2023,60A137656,2,1,1,1,24,5,3,0,0,0,0,0,9,-1,-1,-1,0,0.10133,0.89867,-1,3,70,8,1,1,14:26,1,2,9
2023201276441,2023,201276441,1,1,3,2,60,9,2,5,3,0,0,0,0,3,E01008952,6,1,1.0,0.0,-1,6,20,1,1,1,12:45,3,1,9
2023440324212,2023,440324212,1,1,1,1,32,6,3,0,0,0,0,0,5,-1,-1,-1,0,0.26808,0.73192,-1,6,60,1,1,1,15:48,6,1,5
2023302300698,2023,302300698,1,1,2,2,39,7,3,0,0,1,0,0,9,2,E01019863,-1,0,0.05603,0.94397,-1,6,40,1,1,1,11:48,3,3,9
2023520300739,2023,520300739,1,1,3,2,37,7,2,1,3,0,0,0,0,9,E01029129,-1,0,1.0,0.0,-1,6,30,2,4,2,19:00,7,1,9
2023991325956,2023,991325956,2,1,3,1,61,9,2,6,9,0,0,2,0,-1,-1,7,1,1.0,0.0,-1,6,30,1,1,1,18:30,1,2,9
2023010463569,2023,010463569,2,1,1,1,35,6,2,0,0,0,0,0,1,-1,-1,-1,0,1.0,0.0,-1,3,20,1,1,1,18:00,6,2,1
2023131352622,2023,131352622,2,1,1,1,14,3,3,0,0,0,0,0,1,1,E01011671,3,1,0.0,1.0,-1,6,20,1,4,1,21:36,5,2,1
2023421352670,2023,421352670,2,1,1,1,75,10,3,0,0,0,0,0,1,8,E01021350,3,1,0.0,1.0,-1,6,30,1,1,1,13:15,4,2,1
2023010435926,2023,010435926,1,1,1,1,36,7,3,0,0,0,0,0,4,3,E01002557,-1,0,0.0,1.0,-1,6,30,1,1,1,07:00,4,2,4
2023501383055,2023,501383055,3,2,2,2,18,4,3,0,0,1,0,0,9,7,E01020245,3,1,0.0,1.0,-1,6,30,1,4,1,23:17,6,4,9
2023161337735,2023,161337735,1,1,1,1,64,9,3,0,0,0,0,0,90,6,E01013022,3,1,0.0,1.0,-1,6,60,1,1,1,06:10,5,2,90
2023451264581,2023,451264581,1,1,3,1,47,8,3,1,1,0,0,2,0,9,E01030712,3,1,0.0,1.0,-1,6,30,1,1,1,14:53,3,1,23
2023421366467,2023,421366467,1,1,1,1,-1,-1,3,0,0,0,0,0,1,-1,-1,3,1,0.0,1.0,-1,6,30,1,1,2,08:45,5,2,1
2023991306982,2023,991306982,2,1,1,1,53,8,2,0,0,0,0,0,9,1,E01026662,6,1,1.0,0.0,-1,6,60,1,1,1,13:17,6,2,9
2023010484293,2023,010484293,1,1,1,1,20,4,3,0,0,0,0,0,3,2,E01000045,-1,0,0.0,1.0,-1,6,20,1,1,1,11:48,6,2,3
2023440366414,2023,440366414,1,1,1,1,31,6,3,0,0,0,0,0,3,3,E01003136,-1,0,0.25794,0.74206,-1,6,50,1,6,1,21:01,6,1,3
2023461317698,2023,461317698,1,1,1,1,91,11,2,0,0,0,0,0,9,9,E01024454,7,1,1.0,0.0,-1,3,40,1,1,1,11:21,4,1,9
2023471270626,2023,471270626,1,1,1,1,24,5,3,0,0,0,0,0,9,8,E01031629,3,1,0.0,1.0,-1,6,60,1,6,2,21:40,2,1,9
2023010461702,2023,010461702,1,1,1,2,48,8,3,0,0,0,0,0,9,3,E01003244,-1,0,0.0,1.0,-1,6,30,8,1,1,11:30,2,2,9
2023201320206,2023,201320206,2,2,2,2,6,2,3,0,0,2,0,0,9,9,E01031258,3,1,0.0,1.0,-1,6,30,1,1,1,16:40,5,5,9
2023332300560,2023,332300560,1,2,2,2,52,8,2,0,0,1,0,0,9,3,E01013718,-1,0,1.0,0.0,-1,3,30,1,1,1,07:38,1,1,9
2023461306123,2023,461306123,3,1,1,1,50,8,3,0,0,0,0,0,9,7,E01001049,3,1,0.0,1.0,-1,3,50,1,1,1,15:20,1,3,9
2023010473399,2023,010473399,1,1,1,1,32,6,3,0,0,0,0,0,1,2,E01003313,-1,0,0.0,1.0,-1,7,20,1,1,1,17:01,7,2,1
2023421351677,2023,421351677,2,1,1,1,28,6,3,0,0,0,0,0,1,-1,-1,3,1,0.0,1.0,-1,6,30,1,4,1,21:15,2,2,1
2023052300235,2023,052300235,2,3,2,2,1,1,3,0,0,2,0,0,9,1,E01007003,-1,0,0.03636,0.96364,-1,6,30,1,1,1,14:55,3,3,9
2023991332900,2023,991332900,1,1,2,2,24,5,2,0,0,2,0,0,9,2,E01015216,7,1,1.0,0.0,-1,6,30,1,1,1,14:25,2,3,9
2023522400608,2023,522400608,1,1,1,1,21,5,3,0,0,0,0,0,-1,6,E01014505,-1,0,0.0332,0.9668,-1,6,20,2,4,2,22:00,5,2,-1
2023101287560,2023,101287560,4,1,1,1,16,4,3,0,0,0,0,0,2,10,E01027520,3,1,0.0,1.0,-1,6,30,8,1,1,18:30,3,2,2
2023010479855,2023,010479855,1,1,1,1,48,8,3,0,0,0,0,0,3,4,E01000005,-1,0,0.0,1.0,-1,6,20,1,1,1,16:07,2,2,3
2023141267698,2023,141267698,1,1,1,1,20,4,3,0,0,0,0,0,9,4,E01007625,3,1,0.0,1.0,-1,6,30,1,1,1,18:45,7,3,9
2023401343130,2023,401343130,2,1,1,1,45,7,3,0,0,0,0,0,9,6,E01017513,3,1,0.0,1.0,-1,6,20,1,1,1,13:58,6,2,9
2023461285198,2023,461285198,1,1,1,2,33,6,3,0,0,0,0,0,9,3,E01024599,3,1,0.0,1.0,-1,6,60,1,6,1,18:35,6,2,9