collision_index,collision_year,collision_ref_no,vehicle_reference,casualty_reference,casualty_class,sex_of_casualty,age_of_casualty,age_band_of_casualty,casualty_severity,pedestrian_location,pedestrian_movement,car_passenger,bus_or_coach_passenger,pedestrian_road_maintenance_worker,casualty_type,casualty_imd_decile,lsoa_of_casualty,enhanced_casualty_severity,casualty_injury_based,casualty_adjusted_severity_serious,casualty_adjusted_severity_slight,casualty_distance_banding,road_type,speed_limit,weather_conditions,light_conditions,road_surface_conditions,time,day_of_week,number_of_vehicles,vehicle_type
2023122301061,2023,122301061,2,2,1,1,37,7,3,0,0,0,0,0,9,9,E01027577,-1,0,0.02153,0.97847,-1,3,70,2,1,2,12:32,1,3,9
2023170L20933,2023,170L20933,2,1,1,1,67,10,3,0,0,0,0,0,9,5,E01012173,-1,0,0.1042,0.8958,-1,3,50,1,1,1,12:38,4,2,9
2023320462816,2023,320462816,2,1,1,2,38,7,3,0,0,0,0,0,9,8,E01026035,-1,0,0.04046,0.95954,-1,6,40,2,4,2,21:30,4,2,9
2023542129023,2023,542129023,1,1,2,2,70,10,3,0,0,1,0,0,9,10,E01030990,-1,0,0.06604,0.93396,-1,6,60,1,1,1,15:41,1,3,9
2023141279867,2023,141279867,1,1,3,1,21,5,3,6,8,0,0,0,0,9,E01007624,3,1,0.0,1.0,-1,6,30,1,1,1,16:40,5,1,98
2023010457523,2023,010457523,2,2,1,1,57,9,3,0,0,0,0,0,9,4,E01001137,-1,0,0.0,1.0,-1,3,70,2,4,2,20:43,4,2,9
2023101286282,2023,101286282,1,1,1,1,19,4,3,0,0,0,0,0,9,7,E01027495,3,1,0.0,1.0,-1,6,60,1,6,2,01:37,2,1,9
2023461317476,2023,461317476,2,2,1,1,21,5,3,0,0,0,0,0,9,4,E01024493,3,1,0.0,1.0,-1,6,30,1,1,1,16:18,6,2,9
2023991269205,2023,991269205,1,1,1,2,53,8,3,0,0,0,0,0,9,8,-1,3,1,0.0,1.0,-1,6,30,1,1,1,13:20,7,1,9
2023131390122,2023,131390122,2,1,1,1,26,6,3,0,0,0,0,0,90,5,E01011391,3,1,0.0,1.0,-1,6,30,1,1,2,06:55,3,2,90
2023061333454,2023,061333454,1,1,3,1,60,9,2,5,1,0,0,-1,0,-1,-1,7,1,1.0,0.0,-1,6,30,1,1,1,16:32,4,1,5
2023221279585,2023,221279585,1,1,3,2,32,6,3,6,9,0,0,0,0,1,E01032232,3,1,0.0,1.0,-1,6,30,1,1,1,09:25,5,1,19
2023010444025,2023,010444025,2,2,2,1,29,6,3,0,0,2,0,0,9,7,E01004516,-1,0,0.0,1.0,-1,2,20,1,1,1,04:20,7,2,9
2023101262377,2023,101262377,2,2,2,2,5,1,3,0,0,2,0,0,9,-1,-1,3,1,0.0,1.0,-1,1,30,1,4,1,16:45,4,2,9
2023201333930,2023,201333930,1,1,1,1,22,5,3,0,0,0,0,0,9,5,E01009279,3,1,0.0,1.0,-1,6,30,1,4,1,22:57,7,2,9
2023991335454,2023,991335454,2,2,1,1,34,6,1,0,0,0,0,0,5,4,-1,1,1,0.0,0.0,-1,6,60,1,1,1,08:41,1,2,5
2023010468822,2023,010468822,1,1,1,1,31,6,3,0,0,0,0,0,9,2,E01003325,-1,0,0.0,1.0,-1,2,20,1,1,1,17:25,5,2,9
2023131260775,2023,131260775,2,1,2,2,35,6,2,0,0,1,0,0,9,2,E01011002,5,1,1.0,0.0,-1,6,30,2,4,2,22:11,7,2,9
2023201277457,2023,201277457,2,2,2,2,10,2,3,0,0,1,0,0,9,1,E01009222,3,1,0.0,1.0,-1,6,30,1,1,1,15:00,5,2,9
2023544786623,2023,544786623,1,1,1,1,76,11,3,0,0,0,0,0,9,6,E01032114,-1,0,0.08792,0.91208,-1,6,30,1,1,1,14:10,1,3,9
2023991327694,2023,991327694,2,2,1,1,56,9,2,0,0,0,0,0,9,7,-1,7,1,1.0,0.0,-1,6,40,2,1,2,12:22,5,2,9
2023131363100,2023,131363100,2,1,1,2,55,8,3,0,0,0,0,0,22,1,E01010838,3,1,0.0,1.0,-1,9,30,1,1,1,14:20,1,2,22
2023010465965,2023,010465965,1,1,1,1,50,8,3,0,0,0,0,0,1,4,E01004622,-1,0,0.0,1.0,-1,3,30,1,1,1,07:00,5,2,1
2023010477735,2023,010477735,1,1,1,1,47,8,3,0,0,0,0,0,1,7,E01000845,-1,0,0.0,1.0,-1,6,20,4,1,1,13:40,2,2,1
2023311371941,2023,311371941,2,1,1,1,68,10,3,0,0,0,0,0,1,-1,-1,3,1,0.0,1.0,-1,6,30,1,1,1,15:02,6,2,1
2023010442815,2023,010442815,1,2,2,-1,-1,-1,3,0,0,1,0,0,9,2,E01023338,-1,0,0.0,1.0,-1,3,40,1,1,1,20:07,7,2,9
2023010457447,2023,010457447,1,1,1,2,24,5,3,0,0,0,0,0,9,2,E01032569,-1,0,0.0,1.0,-1,6,30,2,4,2,22:48,4,2,9
2023430157933,2023,430157933,1,1,1,1,55,8,3,0,0,0,0,0,9,3,E01020556,-1,0,0.07736,0.92264,-1,6,30,2,1,2,17:10,3,2,9
2023501282952,2023,501282952,1,1,1,2,66,10,3,0,0,0,0,0,9,4,E01020330,3,1,0.0,1.0,-1,3,70,1,6,1,19:58,3,3,9
2023991319160,2023,991319160,2,1,2,1,31,6,3,0,0,2,0,0,9,9,-1,3,1,0.0,1.0,-1,6,30,1,1,1,17:50,1,2,9
2023440089663,2023,440089663,2,1,1,2,69,10,3,0,0,0,0,0,1,6,E01023155,-1,0,0.1891,0.8109,-1,6,30,1,1,1,12:36,1,2,1
2023061299251,2023,061299251,2,2,2,1,19,4,3,0,0,-1,0,0,9,-1,-1,3,1,0.0,1.0,-1,6,30,1,1,1,14:07,6,2,9
2023010474530,2023,010474530,1,1,1,2,19,4,3,0,0,0,0,0,9,2,E01001081,-1,0,0.0,1.0,-1,6,30,1,1,1,12:05,7,2,9
2023052300970,2023,052300970,2,7,2,2,62,9,3,0,0,0,4,0,11,1,E01007126,-1,0,0.08057,0.91943,-1,6,30,2,1,2,07:10,6,4,11
2023211332947,2023,211332947,1,2,2,2,89,11,2,0,0,1,0,0,9,8,E01029493,6,1,1.0,0.0,-1,6,30,1,1,1,15:08,1,2,9
202360A084805,2023,60A084805,1,1,1,2,27,6,3,0,0,0,0,0,9,-1,-1,-1,0,0.12915,0.87085,-1,6,60,1,7,1,21:50,7,1,9
2023631392251,2023,631392251,1,1,2,2,63,9,3,0,0,1,0,0,9,8,E01010861,3,1,0.0,1.0,-1,6,60,1,1,1,12:30,3,2,9
2023010428719,2023,010428719,1,1,1,2,30,6,3,0,0,0,0,0,1,4,E01001909,-1,0,0.0,1.0,-1,6,20,2,1,2,09:10,4,2,1
2023231283719,2023,231283719,2,1,2,1,72,10,2,0,0,1,0,0,9,7,E01025825,6,1,1.0,0.0,-1,6,50,1,1,1,12:59,7,2,9
2023546741623,2023,546741623,2,1,1,2,47,8,3,0,0,0,0,0,9,2,E01015573,-1,0,0.01608,0.98392,-1,6,30,1,1,1,17:05,3,2,9
2023131304933,2023,131304933,2,1,1,1,30,6,3,0,0,0,0,0,1,5,E01011352,3,1,0.0,1.0,-1,6,30,1,1,1,19:32,6,2,1
2023010480041,2023,010480041,1,1,1,1,26,6,3,0,0,0,0,0,3,5,E01004383,-1,0,0.0,1.0,-1,6,20,1,4,1,01:35,7,2,3
2023131381126,2023,131381126,2,1,1,1,25,5,3,0,0,0,0,0,9,5,E01010923,3,1,0.0,1.0,-1,6,20,1,4,4,01:10,6,2,9
2023141359876,2023,141359876,1,1,1,2,34,6,3,0,0,0,0,0,9,1,E01007508,3,1,0.0,1.0,-1,6,30,2,1,2,08:25,5,2,9
2023411353478,2023,411353478,2,4,2,2,61,9,3,0,0,1,0,0,9,6,E01023394,3,1,0.0,1.0,-1,6,30,1,1,1,14:00,3,2,9
2023421321286,2023,421321286,2,2,2,1,-1,-1,3,0,0,1,0,0,9,6,E01021542,3,1,0.0,1.0,-1,3,40,1,1,1,15:10,6,2,9
2023461362354,2023,461362354,1,1,1,2,46,8,3,0,0,0,0,0,9,5,E01024619,3,1,0.0,1.0,-1,6,30,1,1,1,17:20,3,2,9
2023991290592,2023,991290592,1,1,2,2,52,8,3,0,0,2,0,0,8,1,-1,3,1,0.0,1.0,-1,6,30,1,1,1,17:30,4,1,8
2023041263542,2023,041263542,2,1,1,2,61,9,3,0,0,0,0,0,9,8,E01018703,3,1,0.0,1.0,-1,1,30,1,1,2,14:50,1,2,9
2023161366589,2023,161366589,1,1,1,1,38,7,3,0,0,0,0,0,9,7,E01012935,3,1,0.0,1.0,-1,1,30,8,1,2,15:00,3,2,9
2023010453421,2023,010453421,2,1,1,1,47,8,2,0,0,0,0,0,1,7,E01000197,-1,0,1.0,0.0,-1,6,30,1,1,1,16:39,4,2,1
2023311292713,2023,311292713,2,1,1,1,38,7,3,0,0,0,0,0,1,10,E01013984,3,1,0.0,1.0,-1,1,30,1,1,2,10:58,5,2,1
2023010448145,2023,010448145,1,1,1,1,29,6,3,0,0,0,0,0,3,10,E01030395,-1,0,0.0,1.0,-1,9,20,1,1,1,09:06,7,2,3
2023421326249,2023,421326249,1,1,1,1,24,5,3,0,0,0,0,0,9,8,E01022079,3,1,0.0,1.0,-1,6,60,1,1,1,11:00,4,2,9
202360A195164,2023,60A195164,1,1,1,1,32,6,2,0,0,0,0,0,9,-1,-1,-1,0,1.0,0.0,-1,3,70,1,1,2,14:47,3,3,9
2023991331966,2023,991331966,1,1,1,1,31,6,2,0,0,0,0,0,2,2,-1,6,1,1.0,0.0,-1,6,60,1,1,1,15:45,6,1,2
2023101359469,2023,101359469,1,1,3,1,59,9,3,5,3,0,0,0,0,3,E01008708,3,1,0.0,1.0,-1,6,30,1,1,1,14:10,2,1,9
2023430095995,2023,430095995,2,1,1,2,44,7,3,0,0,0,0,0,1,9,E01028463,-1,0,0.04246,0.95754,-1,6,30,1,1,1,09:15,4,2,1
2023440435806,2023,440435806,1,1,1,2,48,8,3,0,0,0,0,0,9,8,E01017057,-1,0,0.10437,0.89563,-1,6,30,1,1,1,14:50,3,1,9
2023461300375,2023,461300375,1,1,1,1,51,8,3,0,0,0,0,0,9,4,E01024176,3,1,0.0,1.0,-1,6,20,2,4,2,21:27,5,8,9
2023010428242,2023,010428242,1,1,1,2,26,6,3,0,0,0,0,0,1,5,E01003953,-1,0,0.0,1.0,-1,6,20,1,1,1,09:10,2,2,1
2023161313016,2023,161313016,1,1,3,2,6,2,3,8,3,0,0,0,0,1,E01012809,3,1,0.0,1.0,-1,3,30,1,1,1,13:50,1,1,9
2023430414953,2023,430414953,1,2,2,2,24,5,3,0,0,1,0,0,9,8,E01028766,-1,0,0.06304,0.93696,-1,6,50,1,1,1,16:57,6,3,9
2023430547675,2023,430547675,2,2,1,1,47,8,2,0,0,0,0,0,9,9,E01016540,-1,0,1.0,0.0,-1,6,60,1,6,2,15:43,4,2,9
2023451388429,2023,451388429,2,1,1,2,67,10,3,0,0,0,0,0,9,9,E01030890,3,1,0.0,1.0,-1,6,30,1,4,2,19:57,5,3,9
2023461281555,2023,461281555,1,1,1,2,62,9,3,0,0,0,0,0,9,4,E01024190,3,1,0.0,1.0,-1,6,60,1,1,1,14:55,5,2,9
2023201376285,2023,201376285,2,1,3,1,-1,-1,2,1,3,0,0,2,0,-1,-1,7,1,1.0,0.0,-1,3,30,1,1,1,15:06,7,1,8
2023061329805,2023,061329805,2,1,1,1,23,5,2,0,0,0,0,0,1,-1,-1,6,1,1.0,0.0,-1,6,30,2,1,2,18:15,7,2,1
2023481374368,2023,481374368,1,1,1,1,29,6,2,0,0,0,0,0,1,-1,-1,7,1,1.0,0.0,-1,3,20,1,1,1,19:40,2,2,1
2023010475289,2023,010475289,1,1,1,1,21,5,3,0,0,0,0,0,9,8,E01002333,-1,0,0.0,1.0,-1,6,20,1,1,1,09:00,4,4,9
2023440266786,2023,440266786,1,2,2,1,19,4,3,0,0,1,0,0,9,4,E01031386,-1,0,0.17933,0.82067,-1,6,60,1,6,1,22:45,2,1,9
2023311276149,2023,311276149,1,1,3,1,56,9,1,5,3,0,0,0,0,2,E01028008,1,1,0.0,0.0,-1,6,30,1,7,1,17:21,4,1,9
202360A047414,2023,60A047414,1,1,1,1,64,9,2,0,0,0,0,0,5,-1,-1,-1,0,1.0,0.0,-1,6,60,1,1,1,15:40,1,1,5
2023010446670,2023,010446670,1,1,1,1,46,8,3,0,0,0,0,0,3,2,E01000483,-1,0,0.0,1.0,-1,9,20,1,1,1,12:30,6,2,3
2023451356534,2023,451356534,1,1,1,1,37,7,3,0,0,0,0,0,3,6,E01031676,3,1,0.0,1.0,-1,3,40,9,1,2,17:00,6,2,3
2023010472421,2023,010472421,1,1,3,1,15,3,2,5,4,0,0,0,0,4,E01001666,-1,0,1.0,0.0,-1,2,30,1,1,1,08:30,3,1,9
2023201276632,2023,201276632,2,2,1,1,50,8,3,0,0,0,0,0,1,9,E01032142,3,1,0.0,1.0,-1,3,30,1,4,2,07:10,4,2,1
2023010436950,2023,010436950,2,3,1,1,56,9,3,0,0,0,0,0,9,8,E01004502,-1,0,0.0,1.0,-1,6,30,2,4,2,22:51,3,2,9
2023501267967,2023,501267967,2,2,2,2,52,8,3,0,0,-1,0,0,9,-1,-1,3,1,0.0,1.0,-1,6,40,1,1,1,14:38,7,3,9
2023552300283,2023,552300283,1,1,1,1,18,4,3,0,0,0,0,0,9,6,E01015331,-1,0,0.04604,0.95396,-1,6,40,1,1,1,12:20,4,2,9
2023991343700,2023,991343700,1,1,2,2,25,5,3,0,0,1,0,0,9,-1,-1,3,1,0.0,1.0,-1,6,30,1,1,1,16:50,5,2,9
2023631311853,2023,631311853,1,1,2,2,61,9,2,0,0,0,0,0,5,-1,-1,7,1,1.0,0.0,-1,6,60,1,1,1,12:45,6,1,5
2023070999122,2023,070999122,1,1,3,1,11,3,3,5,1,0,0,0,0,-1,-1,-1,0,0.10494,0.89506,-1,6,30,1,1,1,15:30,5,1,9
2023141361690,2023,141361690,1,1,3,1,12,3,2,5,3,0,0,0,0,1,E01007547,7,1,1.0,0.0,-1,6,30,1,1,1,16:20,3,1,9
2023141367117,2023,141367117,1,1,3,2,19,4,3,5,1,0,0,0,0,7,E01008140,3,1,0.0,1.0,-1,6,20,1,4,1,20:57,4,1,9
2023421302551,2023,421302551,1,1,3,1,29,6,3,6,9,0,0,0,0,3,E01021889,3,1,0.0,1.0,-1,3,30,1,4,2,11:07,1,2,9
2023552300548,2023,552300548,1,1,1,1,38,7,2,0,0,0,0,0,19,6,E01020439,-1,0,1.0,0.0,-1,6,60,1,1,1,16:41,4,2,19
2023010453441,2023,010453441,1,1,1,1,22,5,3,0,0,0,0,0,3,5,E01001946,-1,0,0.0,1.0,-1,6,20,1,4,1,10:35,4,2,3
2023010462150,2023,010462150,2,2,1,1,26,6,3,0,0,0,0,0,9,4,E01002179,-1,0,0.0,1.0,-1,3,40,2,1,2,07:53,5,2,9
2023101318718,2023,101318718,2,1,1,2,28,6,3,0,0,0,0,0,9,6,E01008256,3,1,0.0,1.0,-1,6,30,1,1,1,17:15,4,3,9
2023131276244,2023,131276244,2,1,1,1,50,8,3,0,0,0,0,0,9,2,E01011359,3,1,0.0,1.0,-1,6,30,1,4,1,00:14,3,2,9
2023440067337,2023,440067337,2,1,1,2,36,7,3,0,0,0,0,0,9,4,E01022552,-1,0,0.04603,0.95397,-1,6,30,1,4,2,18:10,6,2,9
2023461290819,2023,461290819,2,1,1,2,28,6,3,0,0,0,0,0,9,5,E01024495,3,1,0.0,1.0,-1,6,50,1,1,1,18:16,7,2,9
2023201295732,2023,201295732,2,2,2,2,37,7,3,0,0,1,0,0,9,1,E01009062,3,1,0.0,1.0,-1,6,30,9,1,1,17:35,5,2,9
2023311284210,2023,311284210,2,2,1,1,30,6,2,0,0,0,0,0,9,8,E01028184,6,1,1.0,0.0,-1,3,60,1,1,2,17:46,3,2,9
2023052300966,2023,052300966,1,2,3,2,5,1,3,10,9,0,0,0,0,-1,-1,-1,0,0.08246,0.91754,-1,6,30,1,1,1,08:05,4,1,90
2023471349791,2023,471349791,1,1,1,1,52,8,2,0,0,0,0,0,5,8,E01031560,5,1,1.0,0.0,-1,3,30,1,1,1,18:44,4,1,5
2023061274318,2023,061274318,1,1,3,2,25,5,3,1,2,0,0,0,0,1,E01004979,3,1,0.0,1.0,-1,6,30,8,5,2,07:20,4,1,9
2023010441279,2023,010441279,1,1,1,1,54,8,3,0,0,0,0,0,1,7,E01003817,-1,0,0.0,1.0,-1,6,30,1,1,1,19:02,5,2,1
2023010453742,2023,010453742,1,1,1,2,42,7,3,0,0,0,0,0,1,2,E01002774,-1,0,0.0,1.0,-1,6,20,1,1,1,11:15,6,2,1
2023010445095,2023,010445095,1,1,1,2,23,5,3,0,0,0,0,0,3,3,E01001434,-1,0,0.0,1.0,-1,6,20,1,1,1,15:40,5,2,3
2023440462758,2023,440462758,1,1,1,1,51,8,3,0,0,0,0,0,4,5,E01017213,-1,0,0.14631,0.85369,-1,6,30,2,1,2,12:17,1,1,4
2023010425943,2023,010425943,1,2,2,2,27,6,3,0,0,2,0,0,9,4,E01004395,-1,0,0.0,1.0,-1,6,30,8,4,1,19:40,3,2,9
2023010475860,2023,010475860,1,1,1,2,49,8,3,0,0,0,0,0,9,3,E01001479,-1,0,0.0,1.0,-1,6,30,1,1,2,12:05,7,3,9
2023052302833,2023,052302833,2,1,1,2,44,7,3,0,0,0,0,0,1,1,E01006692,-1,0,0.05271,0.94729,-1,6,30,1,1,1,08:00,2,2,1
2023010445289,2023,010445289,2,1,1,1,31,6,3,0,0,0,0,0,3,2,E01032722,-1,0,0.0,1.0,-1,6,30,1,1,1,19:00,6,2,3
2023010473031,2023,010473031,1,1,1,1,58,9,3,0,0,0,0,0,3,2,E01004211,-1,0,0.0,1.0,-1,9,20,9,1,9,13:50,4,2,3
2023010477936,2023,010477936,1,1,1,1,49,8,3,0,0,0,0,0,3,9,E01001454,-1,0,0.0,1.0,-1,9,30,9,7,9,18:20,6,2,3
2023430155154,2023,430155154,2,1,1,1,25,5,3,0,0,0,0,0,4,5,E01028430,-1,0,0.14723,0.85277,-1,6,60,1,1,1,12:07,1,2,4
2023010485043,2023,010485043,1,1,3,1,29,6,3,9,9,0,0,0,0,9,E01017940,-1,0,0.0,1.0,-1,6,20,1,1,1,14:00,3,1,9
2023010446089,2023,010446089,2,2,1,1,31,6,3,0,0,0,0,0,9,2,E01004239,-1,0,0.0,1.0,-1,6,20,1,4,2,21:50,3,2,9
2023221271875,2023,221271875,2,1,1,2,34,6,3,0,0,0,0,0,9,4,E01014158,3,1,0.0,1.0,-1,3,40,1,4,1,18:00,4,2,9
2023631339088,2023,631339088,1,1,1,2,84,11,2,0,0,0,0,0,9,6,W01000433,5,1,1.0,0.0,-1,6,50,1,1,1,14:40,2,2,9
2023461330062,2023,461330062,2,1,1,1,24,5,2,0,0,0,0,0,1,-1,-1,5,1,1.0,0.0,-1,6,30,1,4,1,23:05,2,2,1
2023522301070,2023,522301070,1,1,1,1,74,10,3,0,0,0,0,0,1,4,E01014699,-1,0,0.06993,0.93007,-1,6,20,1,1,1,15:25,2,2,1
2023471353006,2023,471353006,2,1,1,1,17,4,2,0,0,0,0,0,3,9,E01032604,7,1,1.0,0.0,-1,6,30,1,1,1,18:05,6,2,3
2023201416113,2023,201416113,1,1,1,1,55,8,3,0,0,0,0,0,8,-1,-1,3,1,0.0,1.0,-1,6,30,1,1,2,10:08,3,2,8
2023552301056,2023,552301056,1,3,1,1,18,4,3,0,0,0,0,0,9,8,E01020474,-1,0,0.13733,0.86267,-1,6,60,1,6,1,00:07,5,1,9
2023010453355,2023,010453355,2,1,1,1,43,7,3,0,0,0,0,0,3,4,E01001613,-1,0,0.0,1.0,-1,6,20,1,1,1,06:58,4,2,3
2023361335049,2023,361335049,1,1,1,1,17,4,3,0,0,0,0,0,3,4,E01026765,3,1,0.0,1.0,-1,6,50,1,6,1,23:09,7,2,3
2023471354950,2023,471354950,2,1,1,1,21,5,3,0,0,0,0,0,2,3,E01031787,3,1,0.0,1.0,-1,6,30,5,4,2,18:30,4,2,2
2023010485920,2023,010485920,1,1,3,1,76,11,3,5,1,0,0,0,0,9,E01001905,-1,0,0.0,1.0,-1,6,20,1,4,2,21:30,1,1,8
2023010444783,2023,010444783,2,1,1,1,32,6,3,0,0,0,0,0,1,5,E01000281,-1,0,0.0,1.0,-1,6,30,1,1,1,08:09,4,2,1
2023471390357,2023,471390357,2,1,1,1,19,4,2,0,0,0,0,0,3,2,E01020977,7,1,1.0,0.0,-1,6,30,2,4,2,16:05,3,2,3
2023010426907,2023,010426907,1,1,1,1,20,4,3,0,0,0,0,0,3,7,E01000845,-1,0,0.0,1.0,-1,6,20,1,1,1,12:15,2,2,3
2023101287125,2023,101287125,1,1,3,2,62,9,3,5,3,0,0,0,0,5,E01033553,3,1,0.0,1.0,-1,6,30,1,1,1,11:30,1,1,9
2023201364507,2023,201364507,1,1,3,1,11,3,2,7,1,0,0,0,0,1,E01010452,7,1,1.0,0.0,-1,6,30,1,1,1,07:22,2,1,9
2023070547090,2023,070547090,2,1,1,1,61,9,2,0,0,0,0,0,1,8,E01005170,-1,0,1.0,0.0,-1,6,50,1,1,1,21:25,4,2,1
2023141322970,2023,141322970,1,4,1,2,32,6,3,0,0,0,0,0,9,6,E01007613,3,1,0.0,1.0,-1,6,60,1,1,1,18:17,2,2,9
2023430159451,2023,430159451,1,1,1,2,22,5,3,0,0,0,0,0,9,8,E01032725,-1,0,0.03407,0.96593,-1,6,30,1,1,1,15:42,4,2,9
2023010428755,2023,010428755,1,1,1,2,45,7,3,0,0,0,0,0,9,3,E01001467,-1,0,0.0,1.0,-1,6,30,1,1,2,09:19,5,2,9
2023010451731,2023,010451731,1,1,1,2,47,8,3,0,0,0,0,0,9,10,E01000834,-1,0,0.0,1.0,-1,6,20,1,1,1,10:15,3,2,9
2023351273300,2023,351273300,1,1,1,1,52,8,3,0,0,0,0,0,9,3,E01017944,3,1,0.0,1.0,-1,6,30,1,1,1,13:35,1,2,9
2023411316662,2023,411316662,2,2,2,2,93,11,3,0,0,1,0,0,9,5,E01023630,3,1,0.0,1.0,-1,3,70,1,1,1,12:45,1,2,9
2023461264115,2023,461264115,1,1,3,2,10,2,3,5,9,0,0,0,0,10,E01024341,3,1,0.0,1.0,-1,6,30,1,1,2,15:30,5,1,9
2023421302153,2023,421302153,1,1,3,2,24,5,2,1,3,0,0,0,0,5,E01021921,5,1,1.0,0.0,-1,6,30,1,4,1,01:03,7,1,9
2023041338276,2023,041338276,2,1,1,1,35,6,3,0,0,0,0,0,1,6,E01025607,3,1,0.0,1.0,-1,1,40,1,1,1,15:14,6,2,1
2023552300172,2023,552300172,1,1,1,1,30,6,2,0,0,0,0,0,4,8,E01020425,-1,0,1.0,0.0,-1,6,30,1,1,1,12:06,1,1,4
2023522301106,2023,522301106,1,1,3,2,54,8,2,6,9,0,0,0,0,4,E01032516,-1,0,1.0,0.0,-1,6,30,1,1,1,18:50,4,1,9
2023440272440,2023,440272440,1,1,3,2,30,6,3,9,9,0,0,0,0,3,E01022899,-1,0,0.0325,0.9675,-1,6,30,1,1,1,15:05,5,1,9
2023010481029,2023,010481029,1,1,1,1,31,6,3,0,0,0,0,0,3,2,E01001770,-1,0,0.0,1.0,-1,9,20,9,1,9,14:35,7,2,3
2023131322202,2023,131322202,2,1,1,1,45,7,3,0,0,0,0,0,1,6,E01011248,3,1,0.0,1.0,-1,6,30,1,1,1,08:48,7,2,1
2023311282397,2023,311282397,1,1,1,1,19,4,3,0,0,0,0,0,3,6,E01028295,3,1,0.0,1.0,-1,6,50,5,6,2,06:39,6,1,3
2023471316974,2023,471316974,2,1,1,1,20,4,2,0,0,0,0,0,1,5,E01020951,7,1,1.0,0.0,-1,3,40,1,4,1,02:13,7,2,1
2023522300491,2023,522300491,1,1,1,1,64,9,3,0,0,0,0,0,1,8,E01014709,-1,0,0.02914,0.97086,-1,6,20,1,1,1,08:25,7,2,1
2023070439833,2023,070439833,1,1,1,1,44,7,2,0,0,0,0,0,5,9,E01018365,-1,0,1.0,0.0,-1,6,60,1,1,1,18:20,3,1,5
2023440351408,2023,440351408,2,1,1,1,25,5,2,0,0,0,0,0,-1,5,E01017213,-1,0,1.0,0.0,-1,6,30,1,1,1,15:50,4,2,-1
2023010452138,2023,010452138,1,1,1,1,39,7,3,0,0,0,0,0,9,5,E01004052,-1,0,0.0,1.0,-1,6,20,1,1,1,15:30,4,2,9
2023471276638,2023,471276638,1,1,1,2,71,10,3,0,0,0,0,0,9,5,E01021114,3,1,0.0,1.0,-1,6,40,7,1,2,09:30,4,2,9
2023471320864,2023,471320864,2,1,1,2,64,9,3,0,0,0,0,0,9,7,E01021010,3,1,0.0,1.0,-1,6,40,1,1,1,14:00,3,2,9
2023471280423,2023,471280423,1,1,3,1,22,5,3,4,9,0,0,0,0,1,E01020995,3,1,0.0,1.0,-1,6,30,1,1,1,09:25,7,2,9
2023340WN0362,2023,340WN0362,1,1,1,1,30,6,2,0,0,0,0,0,3,2,E01010045,-1,0,1.0,0.0,-1,6,60,1,1,1,11:15,7,1,3
2023010459769,2023,010459769,1,1,1,2,24,5,3,0,0,0,0,0,1,2,E01004246,-1,0,0.0,1.0,-1,9,30,9,1,9,18:45,4,2,1
2023991292703,2023,991292703,1,1,3,1,41,7,1,9,7,0,0,2,0,2,-1,1,1,0.0,0.0,-1,3,70,7,6,2,01:20,5,1,9
2023010471652,2023,010471652,1,1,1,1,26,6,3,0,0,0,0,0,1,4,E01003608,-1,0,0.0,1.0,-1,6,30,2,4,2,23:32,5,2,1
2023010467323,2023,010467323,1,1,2,2,84,11,2,0,0,0,1,0,11,3,E01001789,-1,0,1.0,0.0,-1,6,20,9,1,9,10:28,4,1,11
2023010463559,2023,010463559,1,1,1,2,45,7,3,0,0,0,0,0,9,5,E01001168,-1,0,0.0,1.0,-1,6,30,1,1,1,17:35,6,2,9
2023430266796,2023,430266796,1,1,1,1,18,4,2,0,0,0,0,0,9,9,E01017658,-1,0,1.0,0.0,-1,6,30,1,1,1,16:28,7,1,9
202360A177319,2023,60A177319,1,1,2,1,22,5,3,0,0,1,0,0,9,-1,-1,-1,0,0.05613,0.94387,-1,6,40,8,4,2,17:10,2,2,9
2023101375307,2023,101375307,2,3,2,1,0,1,2,0,0,2,0,0,9,2,E01033074,7,1,1.0,0.0,-1,3,30,1,1,1,13:00,1,2,9
2023311274040,2023,311274040,1,1,2,1,18,4,3,0,0,1,0,0,9,-1,-1,3,1,0.0,1.0,-1,6,30,1,4,4,21:09,4,2,9
2023320783494,2023,320783494,2,1,1,1,19,4,3,0,0,0,0,0,9,3,E01026110,-1,0,0.00798,0.99202,-1,6,40,1,1,2,16:05,4,3,9
2023221369048,2023,221369048,1,1,1,1,17,4,2,0,0,0,0,0,9,5,E01029005,5,1,1.0,0.0,-1,6,60,2,1,2,12:09,2,1,9
2023340WN5132,2023,340WN5132,2,2,2,1,38,7,3,0,0,1,0,0,9,-1,-1,-1,0,0.00349,0.99651,-1,6,30,2,1,2,18:30,3,2,9
2023401377185,2023,401377185,1,1,1,2,20,4,2,0,0,0,0,0,9,8,E01017541,6,1,1.0,0.0,-1,6,60,1,1,2,07:27,6,2,9
2023430035767,2023,430035767,2,2,1,2,43,7,2,0,0,0,0,0,9,7,E01017516,-1,0,1.0,0.0,-1,6,30,1,1,1,16:12,3,2,9
2023010470187,2023,010470187,1,1,1,1,55,8,3,0,0,0,0,0,9,4,E01004376,-1,0,0.0,1.0,-1,9,30,1,1,1,11:50,5,2,9
2023061332688,2023,061332688,2,1,1,1,57,9,3,0,0,0,0,0,9,1,E01005009,3,1,0.0,1.0,-1,3,20,1,1,1,13:54,6,2,9