collision_index,collision_year,collision_ref_no,vehicle_reference,casualty_reference,casualty_class,sex_of_casualty,age_of_casualty,age_band_of_casualty,casualty_severity,pedestrian_location,pedestrian_movement,car_passenger,bus_or_coach_passenger,pedestrian_road_maintenance_worker,casualty_type,casualty_imd_decile,lsoa_of_casualty,enhanced_casualty_severity,casualty_injury_based,casualty_adjusted_severity_serious,casualty_adjusted_severity_slight,casualty_distance_banding,road_type,speed_limit,weather_conditions,light_conditions,road_surface_conditions,time,day_of_week,number_of_vehicles,vehicle_type
2023421352311,2023,421352311,2,1,1,2,53,8,3,0,0,0,0,0,9,-1,-1,3,1,0.0,1.0,-1,6,60,1,1,1,10:10,3,2,9
2023430443491,2023,430443491,2,2,1,2,17,4,3,0,0,0,0,0,9,8,E01017738,-1,0,0.0493,0.9507,-1,6,60,1,1,1,08:18,3,2,9
2023041371374,2023,041371374,2,1,1,2,54,8,2,0,0,0,0,0,9,3,E01025399,6,1,1.0,0.0,-1,6,20,2,4,2,20:00,2,2,9
2023421295086,2023,421295086,2,2,1,2,22,5,3,0,0,0,0,0,9,7,E01021407,3,1,0.0,1.0,-1,6,30,1,1,1,11:25,1,2,9
2023430393130,2023,430393130,1,1,1,1,64,9,2,0,0,0,0,0,9,3,E01026988,-1,0,1.0,0.0,-1,6,50,1,1,1,10:51,7,3,9
2023332300285,2023,332300285,1,1,3,1,13,3,3,6,9,0,0,0,0,8,E01025958,-1,0,0.01585,0.98415,-1,6,30,1,1,1,15:20,1,1,9
2023010428948,2023,010428948,2,1,2,1,-1,-1,3,0,0,1,0,0,9,3,E01004633,-1,0,0.0,1.0,-1,1,20,1,4,1,19:19,5,2,9
2023440459630,2023,440459630,1,1,1,2,65,9,3,0,0,0,0,0,9,10,E01022789,-1,0,0.03156,0.96844,-1,6,40,1,1,1,08:30,6,2,9
2023471303942,2023,471303942,2,1,1,1,61,9,3,0,0,0,0,0,9,9,E01031395,3,1,0.0,1.0,-1,6,30,1,1,1,17:55,3,2,9
2023311365353,2023,311365353,1,1,2,2,-1,-1,3,0,0,0,4,0,11,-1,-1,3,1,0.0,1.0,-1,6,30,1,1,1,14:10,3,1,11
2023010450035,2023,010450035,1,1,1,1,33,6,3,0,0,0,0,0,3,4,E01003560,-1,0,0.0,1.0,-1,6,20,1,1,1,13:30,7,2,3
2023041341314,2023,041341314,2,2,2,2,25,5,3,0,0,2,0,0,9,1,E01012631,3,1,0.0,1.0,-1,6,30,1,1,1,17:55,7,2,9
2023070162015,2023,070162015,2,3,1,2,45,7,3,0,0,0,0,0,9,-1,-1,-1,0,0.04507,0.95493,-1,6,30,1,4,1,18:13,6,2,9
2023221280909,2023,221280909,1,1,1,1,19,4,3,0,0,0,0,0,9,2,E01014105,3,1,0.0,1.0,-1,6,40,1,4,1,18:27,1,2,9
2023501376242,2023,501376242,2,2,2,2,28,6,3,0,0,1,0,0,9,5,E01015070,3,1,0.0,1.0,-1,1,30,1,1,1,14:10,3,2,9
2023031374042,2023,031374042,2,3,2,2,14,3,3,0,0,0,0,0,19,-1,-1,3,1,0.0,1.0,-1,6,60,2,1,2,08:15,2,2,19
2023010458426,2023,010458426,3,1,1,1,26,6,2,0,0,0,0,0,9,2,E01001021,-1,0,1.0,0.0,-1,6,30,1,1,1,14:22,3,3,9
2023461351108,2023,461351108,1,1,1,1,36,7,3,0,0,0,0,0,9,7,E01024121,3,1,0.0,1.0,-1,6,40,1,1,1,17:45,6,2,9
2023311380169,2023,311380169,2,1,1,1,47,8,3,0,0,0,0,0,8,1,E01013867,3,1,0.0,1.0,-1,6,30,1,4,1,01:42,4,2,8
2023010447651,2023,010447651,1,1,1,2,30,6,3,0,0,0,0,0,9,1,E01001430,-1,0,0.0,1.0,-1,1,20,8,1,1,07:30,5,1,9
2023430089261,2023,430089261,2,1,1,2,45,7,3,0,0,0,0,0,9,10,E01028608,-1,0,0.00493,0.99507,-1,6,20,1,1,1,12:20,1,2,9
2023451259722,2023,451259722,1,1,1,2,42,7,3,0,0,0,0,0,9,10,E01030754,3,1,0.0,1.0,-1,6,30,1,4,1,18:30,3,2,9
202354A109423,2023,54A109423,1,1,2,1,23,5,3,0,0,1,0,0,9,8,E01031892,-1,0,0.07313,0.92687,-1,3,70,1,4,1,20:18,7,1,9
2023311332239,2023,311332239,1,2,3,2,17,4,2,9,9,0,0,0,0,1,E01013839,7,1,1.0,0.0,-1,6,20,1,1,1,14:52,4,1,9
2023440379962,2023,440379962,2,1,1,1,14,3,3,0,0,0,0,0,1,-1,-1,-1,0,0.0572,0.9428,-1,6,30,1,1,2,13:15,1,2,1
2023010464142,2023,010464142,1,1,1,1,31,6,3,0,0,0,0,0,8,8,E01030534,-1,0,0.0,1.0,-1,6,20,1,4,1,20:30,2,2,8
2023041315163,2023,041315163,2,3,1,1,18,4,2,0,0,0,0,0,9,6,E01025025,6,1,1.0,0.0,-1,6,30,1,6,1,00:50,4,2,9
2023122400153,2023,122400153,2,1,1,1,29,6,3,0,0,0,0,0,9,6,E01010857,-1,0,0.0591,0.9409,-1,6,60,4,6,2,22:02,1,2,9
2023501338455,2023,501338455,1,1,1,1,25,5,3,0,0,0,0,0,9,-1,-1,3,1,0.0,1.0,-1,6,60,4,1,2,13:58,7,2,9
2023010447460,2023,010447460,1,1,3,2,11,3,3,1,3,0,0,0,0,4,E01002576,-1,0,0.0,1.0,-1,6,20,1,1,1,08:06,4,1,19
2023302300519,2023,302300519,1,1,3,1,30,6,3,5,3,0,0,0,0,7,E01013558,-1,0,0.16569,0.83431,-1,6,30,9,1,1,22:00,7,1,9
2023371305047,2023,371305047,2,1,1,1,14,3,3,0,0,0,0,0,1,9,E01030268,3,1,0.0,1.0,-1,6,30,1,1,1,15:45,6,2,1
2023552300873,2023,552300873,1,1,1,1,15,3,3,0,0,0,0,0,1,10,E01020560,-1,0,0.12111,0.87889,-1,6,30,2,1,2,15:43,4,2,1
2023010420094,2023,010420094,1,1,1,1,36,7,3,0,0,0,0,0,3,1,E01002041,-1,0,0.0,1.0,-1,3,50,2,4,2,06:59,7,1,3
2023010445507,2023,010445507,1,1,1,1,44,7,3,0,0,0,0,0,9,4,E01002309,-1,0,0.0,1.0,-1,1,30,1,1,1,07:15,7,2,9
2023061273622,2023,061273622,1,1,1,2,30,6,2,0,0,0,0,0,9,1,E01005061,7,1,1.0,0.0,-1,6,30,1,1,1,15:15,6,2,9
2023302301222,2023,302301222,1,2,2,2,10,2,3,0,0,1,0,0,9,2,E01019523,-1,0,0.06952,0.93048,-1,6,50,1,1,1,15:19,2,4,9
2023401296191,2023,401296191,2,1,1,2,21,5,3,0,0,0,0,0,9,4,E01017499,3,1,0.0,1.0,-1,6,30,1,1,-1,13:15,7,2,9
2023411373983,2023,411373983,1,1,1,1,32,6,3,0,0,0,0,0,9,5,E01023400,3,1,0.0,1.0,-1,3,70,2,1,2,11:41,1,1,9
2023421379422,2023,421379422,2,1,1,2,29,6,3,0,0,0,0,0,9,7,E01021878,3,1,0.0,1.0,-1,6,30,2,1,2,10:45,2,3,9
2023451360508,2023,451360508,1,1,1,1,54,8,2,0,0,0,0,0,9,10,E01030886,7,1,1.0,0.0,-1,6,30,1,1,1,13:06,7,2,9
2023010440713,2023,010440713,2,1,1,1,29,6,2,0,0,0,0,0,1,2,E01000785,-1,0,1.0,0.0,-1,6,20,1,1,1,13:10,3,2,1
2023052302629,2023,052302629,2,1,1,1,16,4,3,0,0,0,0,0,1,3,E01007047,-1,0,0.05832,0.94168,-1,6,30,1,4,2,17:00,3,2,1
2023991351081,2023,991351081,1,1,3,2,28,6,3,8,9,0,0,0,0,-1,-1,3,1,0.0,1.0,-1,6,20,1,1,2,07:00,5,2,9
2023461356975,2023,461356975,1,3,2,1,-1,-1,3,0,0,2,0,0,9,-1,-1,3,1,0.0,1.0,-1,6,60,2,1,2,13:13,1,1,9
2023131324075,2023,131324075,1,1,3,1,44,7,3,9,8,0,0,2,0,7,E01010636,3,1,0.0,1.0,-1,2,30,1,1,1,11:41,3,1,9
202363D010423,2023,63D010423,2,1,1,1,51,8,2,0,0,0,0,0,1,8,W01000467,-1,0,1.0,0.0,-1,1,30,1,5,1,14:30,3,2,1
2023302301017,2023,302301017,1,1,1,2,43,7,3,0,0,0,0,0,9,3,E01019777,-1,0,0.05964,0.94036,-1,6,40,2,1,2,15:45,3,2,9
2023061325299,2023,061325299,1,1,3,2,12,3,3,1,1,0,0,-1,0,2,E01005274,3,1,0.0,1.0,-1,3,40,1,1,1,16:38,7,1,9
2023311279786,2023,311279786,1,1,3,1,77,11,3,6,8,0,0,0,0,5,E01032522,3,1,0.0,1.0,-1,6,30,1,4,2,20:30,4,1,-1
2023010453565,2023,010453565,1,1,1,2,35,6,3,0,0,0,0,0,1,-1,-1,-1,0,0.0,1.0,-1,6,20,1,1,1,09:50,5,2,1
2023201370831,2023,201370831,2,1,2,2,49,8,2,0,0,2,0,0,8,1,E01014222,7,1,1.0,0.0,-1,3,30,1,1,1,17:25,7,2,8
2023320224181,2023,320224181,2,1,1,2,27,6,3,0,0,0,0,0,9,6,E01026329,-1,0,0.08034,0.91966,-1,6,60,1,1,1,12:15,5,2,9
2023332300279,2023,332300279,1,1,1,1,20,4,3,0,0,0,0,0,9,3,E01013765,-1,0,0.02787,0.97213,-1,6,30,1,1,1,17:50,3,2,9
2023351344996,2023,351344996,2,1,1,2,50,8,3,0,0,0,0,0,9,10,E01018237,3,1,0.0,1.0,-1,6,30,1,1,1,13:38,4,2,9
2023010479785,2023,010479785,1,1,2,2,90,11,2,0,0,1,0,0,9,3,E01002605,-1,0,1.0,0.0,-1,6,20,1,4,1,17:15,5,2,9
2023340WN0412,2023,340WN0412,2,2,2,2,57,9,3,0,0,1,0,0,9,3,E01017400,-1,0,0.03025,0.96975,-1,3,70,1,4,1,17:54,6,2,9
2023471338310,2023,471338310,1,1,1,2,82,11,3,0,0,0,0,0,9,7,E01032717,3,1,0.0,1.0,-1,6,60,1,1,1,15:20,6,2,9
2023010469069,2023,010469069,1,1,1,2,31,6,3,0,0,0,0,0,9,7,E01032619,-1,0,0.0,1.0,-1,6,30,1,1,1,17:34,6,2,9
2023141387908,2023,141387908,1,1,2,2,34,6,3,0,0,1,0,0,9,2,E01007579,3,1,0.0,1.0,-1,6,30,1,4,1,18:11,4,2,9
2023361324556,2023,361324556,2,1,1,1,68,10,2,0,0,0,0,0,9,4,E01026426,6,1,1.0,0.0,-1,6,50,1,1,1,15:56,6,2,9
2023548322023,2023,548322023,2,1,1,1,25,5,3,0,0,0,0,0,9,2,E01029248,-1,0,0.01249,0.98751,-1,6,60,1,1,1,09:00,3,2,9
2023010454943,2023,010454943,1,1,1,1,48,8,3,0,0,0,0,0,1,8,E01002109,-1,0,0.0,1.0,-1,6,30,1,1,1,16:35,4,2,1
2023010442277,2023,010442277,1,1,1,1,19,4,3,0,0,0,0,0,9,-1,-1,-1,0,0.0,1.0,-1,1,30,2,4,2,22:30,4,2,9
2023010443378,2023,010443378,2,1,1,2,31,6,3,0,0,0,0,0,1,4,E01003914,-1,0,0.0,1.0,-1,2,30,1,1,1,17:20,3,2,1
2023010465437,2023,010465437,2,1,1,1,52,8,3,0,0,0,0,0,1,4,E01000788,-1,0,0.0,1.0,-1,6,30,1,1,2,07:35,3,2,1
2023131278458,2023,131278458,2,1,3,1,30,6,2,9,5,0,0,2,0,3,E01011449,6,1,1.0,0.0,-1,6,30,1,1,1,13:35,2,2,9
2023131292240,2023,131292240,1,1,3,1,36,7,2,4,1,0,0,2,0,7,E01011521,7,1,1.0,0.0,-1,3,30,1,4,1,22:15,5,1,9
2023010482422,2023,010482422,1,1,3,1,54,8,2,5,3,0,0,0,0,2,E01001320,-1,0,1.0,0.0,-1,6,20,1,4,1,18:12,4,1,9
2023131318280,2023,131318280,1,1,3,1,13,3,2,4,1,0,0,2,0,4,E01011153,7,1,1.0,0.0,-1,6,30,1,1,1,17:30,3,1,9
2023421383141,2023,421383141,2,1,1,1,30,6,3,0,0,0,0,0,3,1,E01024257,3,1,0.0,1.0,-1,3,50,1,4,2,17:45,6,2,3
2023010460130,2023,010460130,2,2,1,1,63,9,3,0,0,0,0,0,9,6,E01000726,-1,0,0.0,1.0,-1,6,30,1,1,1,18:32,6,2,9
2023010466885,2023,010466885,1,3,2,-1,-1,-1,3,0,0,2,0,0,9,3,E01015730,-1,0,0.0,1.0,-1,6,20,4,5,1,23:30,2,1,9
2023141305284,2023,141305284,2,2,1,1,38,7,2,0,0,0,0,0,21,3,E01019508,7,1,1.0,0.0,-1,6,60,1,1,1,10:42,3,2,21
2023451260879,2023,451260879,2,1,1,1,68,10,2,0,0,0,0,0,22,7,E01030968,7,1,1.0,0.0,-1,6,30,2,1,2,12:50,7,2,22
2023430511418,2023,430511418,1,1,3,1,58,9,3,5,1,0,0,0,0,6,E01017781,-1,0,0.05408,0.94592,-1,1,30,1,4,1,22:50,2,1,9
2023461281479,2023,461281479,1,1,3,1,15,3,3,5,1,0,0,0,0,5,E01024716,3,1,0.0,1.0,-1,6,30,1,1,1,08:31,4,1,9
2023010448846,2023,010448846,2,1,1,1,40,7,3,0,0,0,0,0,1,7,E01000339,-1,0,0.0,1.0,-1,1,20,1,1,1,16:20,3,2,1
2023411310498,2023,411310498,2,1,1,1,22,5,2,0,0,0,0,0,1,10,E01023524,7,1,1.0,0.0,-1,6,40,1,1,1,12:00,4,2,1
2023010455573,2023,010455573,1,1,1,1,43,7,3,0,0,0,0,0,9,3,E01002589,-1,0,0.0,1.0,-1,6,20,1,1,1,04:51,2,2,9
2023010471889,2023,010471889,1,1,1,1,40,7,3,0,0,0,0,0,9,6,E01002639,-1,0,0.0,1.0,-1,6,20,1,1,1,09:30,7,2,9
2023131371569,2023,131371569,2,1,2,2,1,1,2,0,0,0,0,0,9,6,E01010787,7,1,1.0,0.0,-1,6,30,1,1,1,09:18,3,2,9
2023010435746,2023,010435746,1,1,1,1,19,4,2,0,0,0,0,0,9,1,E01003515,-1,0,1.0,0.0,-1,6,30,1,4,1,00:40,3,4,9
2023170H10623,2023,170H10623,2,1,1,2,26,6,3,0,0,0,0,0,9,9,E01012003,-1,0,0.02305,0.97695,-1,6,60,1,1,1,21:58,7,2,9
2023451328521,2023,451328521,2,1,1,1,66,10,3,0,0,0,0,0,9,9,E01028784,3,1,0.0,1.0,-1,3,70,1,4,1,22:55,6,3,9
2023461276727,2023,461276727,2,1,1,1,45,7,3,0,0,0,0,0,9,3,E01024567,3,1,0.0,1.0,-1,3,70,1,4,1,05:47,6,2,9
2023131368735,2023,131368735,2,1,1,1,69,10,3,0,0,0,0,0,22,1,E01011107,3,1,0.0,1.0,-1,2,30,1,1,1,14:12,6,2,22
2023010477267,2023,010477267,1,1,3,2,46,8,3,5,9,0,0,0,0,2,E01000059,-1,0,0.0,1.0,-1,3,30,9,1,1,08:30,6,1,9
2023141306030,2023,141306030,1,1,3,1,12,3,2,5,9,0,0,0,0,-1,-1,7,1,1.0,0.0,-1,3,30,1,1,1,15:10,2,1,9
2023010455556,2023,010455556,1,1,1,2,52,8,3,0,0,0,0,0,1,4,E01003090,-1,0,0.0,1.0,-1,2,20,1,1,1,17:01,5,2,1
2023141358097,2023,141358097,1,1,1,1,66,10,3,0,0,0,0,0,9,5,E01007361,3,1,0.0,1.0,-1,6,30,1,7,1,23:08,7,1,9
2023622300550,2023,622300550,2,2,1,1,33,6,3,0,0,0,0,0,9,1,W01000738,-1,0,0.00749,0.99251,-1,6,30,2,1,2,15:07,6,2,9
2023421384192,2023,421384192,2,1,1,1,40,7,3,0,0,0,0,0,4,7,E01021385,3,1,0.0,1.0,-1,6,30,1,1,2,07:30,6,2,4
2023461373812,2023,461373812,3,2,1,2,-1,-1,3,0,0,0,0,0,9,9,E01024100,3,1,0.0,1.0,-1,6,30,1,1,1,14:01,1,3,9
2023141342490,2023,141342490,1,1,3,1,10,2,3,5,1,0,0,2,0,3,E01007799,3,1,0.0,1.0,-1,6,30,1,1,1,18:59,4,1,9
2023471333197,2023,471333197,1,1,3,2,79,11,3,5,3,0,0,0,0,4,E01019012,3,1,0.0,1.0,-1,6,20,1,1,1,13:00,3,1,19
2023471291367,2023,471291367,2,1,1,2,30,6,3,0,0,0,0,0,9,3,E01021037,3,1,0.0,1.0,-1,6,30,1,1,1,15:30,5,2,9
2023010430660,2023,010430660,1,1,1,1,21,5,3,0,0,0,0,0,3,1,E01003087,-1,0,0.0,1.0,-1,6,20,1,4,1,18:13,1,2,3
2023552301547,2023,552301547,1,2,3,2,77,11,3,6,9,0,0,0,0,8,E01020520,-1,0,0.22537,0.77463,-1,6,30,1,1,1,14:38,2,1,9
2023161333267,2023,161333267,2,1,1,1,10,2,3,0,0,0,0,0,1,5,E01012994,3,1,0.0,1.0,-1,6,30,1,1,1,18:27,3,2,1
2023552300681,2023,552300681,1,1,1,1,12,3,3,0,0,0,0,0,1,10,E01015452,-1,0,0.12371,0.87629,-1,6,30,1,1,1,15:10,6,2,1
2023231379396,2023,231379396,1,1,1,1,27,6,2,0,0,0,0,0,9,10,E01028710,7,1,1.0,0.0,-1,3,70,2,6,2,20:12,6,2,9
2023361347819,2023,361347819,2,1,1,1,35,6,3,0,0,0,0,0,9,6,E01026529,3,1,0.0,1.0,-1,3,30,1,1,1,16:10,4,2,9
2023461295625,2023,461295625,1,1,1,1,34,6,2,0,0,0,0,0,9,2,E01024108,7,1,1.0,0.0,-1,3,70,1,4,1,23:44,6,1,9
2023010441696,2023,010441696,1,1,1,1,34,6,2,0,0,0,0,0,3,5,E01003681,-1,0,1.0,0.0,-1,3,40,1,1,1,19:55,1,2,3
2023991375851,2023,991375851,1,1,3,2,26,6,3,8,9,0,0,2,0,10,-1,3,1,0.0,1.0,-1,6,30,2,4,2,18:50,7,1,9
2023471288728,2023,471288728,2,1,1,2,55,8,2,0,0,0,0,0,1,5,E01031442,5,1,1.0,0.0,-1,6,30,1,1,1,14:14,6,2,1
2023010433946,2023,010433946,1,2,2,2,80,11,2,0,0,1,0,0,9,8,E01003845,-1,0,1.0,0.0,-1,1,40,1,1,1,11:15,6,2,9
2023141392545,2023,141392545,2,1,1,1,37,7,2,0,0,0,0,0,9,-1,-1,7,1,1.0,0.0,-1,6,30,1,4,2,20:15,4,2,9
2023451296553,2023,451296553,1,1,1,2,57,9,3,0,0,0,0,0,9,3,E01016043,3,1,0.0,1.0,-1,6,30,1,1,1,14:10,5,2,9
2023461375187,2023,461375187,1,1,1,1,37,7,2,0,0,0,0,0,3,1,E01024610,6,1,1.0,0.0,-1,6,40,1,1,1,07:57,3,1,3
2023061259306,2023,061259306,1,1,3,2,70,10,2,4,3,0,0,0,0,3,E01005431,7,1,1.0,0.0,-1,6,30,1,4,1,17:54,1,1,9
2023010434021,2023,010434021,1,1,1,2,28,6,3,0,0,0,0,0,3,10,E01003891,-1,0,0.0,1.0,-1,6,30,1,1,2,08:45,3,2,3
2023211388160,2023,211388160,1,1,1,1,34,6,3,0,0,0,0,0,9,-1,-1,3,1,0.0,1.0,-1,3,70,1,1,2,08:30,5,2,9
2023221327909,2023,221327909,1,1,1,1,13,3,3,0,0,0,0,0,-1,7,E01014114,3,1,0.0,1.0,-1,6,30,1,1,1,14:34,1,2,-1
2023052301451,2023,052301451,1,1,3,2,43,7,3,6,9,0,0,0,0,1,E01033763,-1,0,0.13564,0.86436,-1,6,30,1,1,1,20:15,3,2,9
2023320338838,2023,320338838,1,1,3,2,78,11,3,5,3,0,0,0,0,6,E01026282,-1,0,0.15499,0.84501,-1,2,30,1,1,1,12:30,7,1,9
2023111323843,2023,111323843,1,1,1,1,19,4,2,0,0,0,0,0,3,8,E01012235,7,1,1.0,0.0,-1,1,60,2,1,2,16:13,4,1,3
2023061268079,2023,061268079,2,6,1,2,39,7,3,0,0,0,0,0,9,2,E01004817,3,1,0.0,1.0,-1,6,30,1,4,1,21:35,4,2,9
2023061378735,2023,061378735,5,1,2,1,24,5,3,0,0,1,0,0,9,8,E01004790,3,1,0.0,1.0,-1,3,70,1,4,1,22:37,6,7,9
2023161266628,2023,161266628,1,1,2,2,31,6,2,0,0,1,0,0,9,4,E01024535,7,1,1.0,0.0,-1,6,30,8,4,4,02:40,1,1,9
2023161375778,2023,161375778,1,1,2,2,18,4,3,0,0,1,0,0,9,2,E01013206,3,1,0.0,1.0,-1,6,30,1,4,2,21:25,4,2,9
2023320529019,2023,320529019,1,1,1,1,72,10,3,0,0,0,0,0,9,6,E01026088,-1,0,0.10545,0.89455,-1,6,30,1,1,1,10:45,6,3,9
2023461316078,2023,461316078,1,1,1,1,84,11,3,0,0,0,0,0,9,2,E01016161,3,1,0.0,1.0,-1,6,30,1,1,1,16:45,1,1,9
2023430029537,2023,430029537,2,1,1,1,28,6,2,0,0,0,0,0,1,4,E01016360,-1,0,1.0,0.0,-1,6,30,1,1,1,11:36,6,2,1
2023461375288,2023,461375288,2,1,1,1,36,7,3,0,0,0,0,0,1,-1,-1,3,1,0.0,1.0,-1,6,30,9,1,-1,15:35,7,2,1
2023311300626,2023,311300626,1,1,2,2,15,3,3,0,0,2,0,0,8,1,E01013824,3,1,0.0,1.0,-1,6,30,9,1,1,16:20,5,1,8
2023010431657,2023,010431657,1,1,2,2,-1,-1,3,0,0,0,3,0,11,9,E01004191,-1,0,0.0,1.0,-1,6,20,2,4,2,18:30,7,1,11
2023010436173,2023,010436173,1,1,1,1,27,6,3,0,0,0,0,0,1,2,E01003350,-1,0,0.0,1.0,-1,7,30,2,4,2,22:30,6,2,1
2023201315323,2023,201315323,1,1,2,2,85,11,2,0,0,2,0,0,8,2,E01010299,7,1,1.0,0.0,-1,6,30,1,4,1,23:59,6,1,8
2023451364726,2023,451364726,2,2,1,1,56,9,3,0,0,0,0,0,9,5,E01004579,3,1,0.0,1.0,-1,6,40,2,1,2,12:38,5,2,9
2023061387555,2023,061387555,2,2,2,1,13,3,3,0,0,1,0,0,9,-1,-1,3,1,0.0,1.0,-1,3,70,1,4,1,18:54,7,2,9
2023101343977,2023,101343977,2,1,1,2,44,7,3,0,0,0,0,0,9,1,E01008762,3,1,0.0,1.0,-1,6,30,1,1,1,16:00,6,2,9
2023351354451,2023,351354451,1,1,1,1,28,6,3,0,0,0,0,0,9,8,E01027587,3,1,0.0,1.0,-1,3,70,2,1,2,06:15,6,2,9
2023401356459,2023,401356459,1,1,1,1,38,7,3,0,0,0,0,0,9,4,E01017579,3,1,0.0,1.0,-1,6,50,2,6,5,22:07,4,2,9
2023421309902,2023,421309902,2,1,1,2,52,8,3,0,0,0,0,0,9,1,E01015824,3,1,0.0,1.0,-1,6,30,1,4,1,23:00,7,2,9
2023440483295,2023,440483295,1,1,1,2,41,7,3,0,0,0,0,0,9,10,E01032859,-1,0,0.10941,0.89059,-1,6,40,1,4,1,22:59,7,3,9
2023471333294,2023,471333294,2,1,1,1,57,9,3,0,0,0,0,0,9,7,E01016961,3,1,0.0,1.0,-1,3,30,1,1,1,09:30,3,2,9
2023546330823,2023,546330823,1,3,2,2,17,4,3,0,0,1,0,0,9,6,E01023199,-1,0,0.04845,0.95155,-1,6,50,1,1,1,16:08,6,2,9
2023471331621,2023,471331621,2,1,1,1,27,6,2,0,0,0,0,0,1,2,E01016906,7,1,1.0,0.0,-1,6,20,1,1,1,19:00,5,2,1
2023010472276,2023,010472276,1,5,2,-1,-1,-1,3,0,0,2,0,0,9,4,E01002324,-1,0,0.0,1.0,-1,7,20,1,1,1,13:25,1,2,9
2023041323335,2023,041323335,2,1,1,1,59,9,3,0,0,0,0,0,9,7,E01006623,3,1,0.0,1.0,-1,6,40,1,1,1,08:25,2,2,9
2023122301021,2023,122301021,1,1,1,1,59,9,3,0,0,0,0,0,9,10,-1,-1,0,0.09565,0.90435,-1,6,40,1,6,2,18:30,1,2,9
2023311272286,2023,311272286,2,1,1,1,22,5,3,0,0,0,0,0,1,-1,-1,3,1,0.0,1.0,-1,6,20,1,1,-1,14:10,5,2,1
2023161295587,2023,161295587,2,4,2,1,39,7,3,0,0,1,0,0,9,3,E01007346,3,1,0.0,1.0,-1,6,40,1,1,2,11:18,2,2,9
2023170S22333,2023,170S22333,1,1,1,2,69,10,3,0,0,0,0,0,9,1,E01020841,-1,0,0.05504,0.94496,-1,3,60,1,4,1,17:34,3,4,9
2023302301370,2023,302301370,1,1,3,-1,-1,-1,3,6,9,0,0,0,0,5,E01019456,-1,0,0.03979,0.96021,-1,6,50,1,1,1,18:00,2,2,9
2023320788324,2023,320788324,1,1,3,2,38,7,2,8,1,0,0,0,0,4,E01026416,-1,0,1.0,0.0,-1,6,30,1,1,1,13:15,7,1,9
2023010480456,2023,010480456,1,1,1,1,42,7,3,0,0,0,0,0,1,2,E01002807,-1,0,0.0,1.0,-1,3,20,2,1,2,13:00,2,2,1
2023361322445,2023,361322445,1,1,1,1,11,3,3,0,0,0,0,0,1,-1,-1,3,1,0.0,1.0,-1,6,30,1,1,1,15:25,3,2,1
2023411394189,2023,411394189,2,1,1,1,27,6,2,0,0,0,0,0,2,9,E01017933,7,1,1.0,0.0,-1,6,30,1,1,1,18:16,6,3,2
2023430276759,2023,430276759,1,1,2,1,81,11,2,0,0,1,0,0,9,7,E01017789,-1,0,1.0,0.0,-1,6,30,1,1,1,12:17,6,2,9
2023451317256,2023,451317256,1,1,3,2,41,7,2,4,3,0,0,0,0,8,E01030988,7,1,1.0,0.0,-1,6,30,1,1,1,13:00,7,1,9
2023010448117,2023,010448117,1,1,3,2,31,6,3,5,1,0,0,0,0,-1,-1,-1,0,0.0,1.0,-1,7,20,8,4,1,00:40,7,1,9
2023061327545,2023,061327545,1,1,2,1,29,6,2,0,0,1,0,0,9,1,E01005246,7,1,1.0,0.0,-1,6,30,2,4,2,01:00,7,2,9
2023302301462,2023,302301462,1,1,1,2,36,7,3,0,0,0,0,0,9,3,E01008027,-1,0,0.01157,0.98843,-1,6,30,1,1,1,15:40,5,2,9
2023361291710,2023,361291710,1,1,1,2,84,11,3,0,0,0,0,0,9,5,E01026940,3,1,0.0,1.0,-1,6,20,1,1,1,16:38,2,1,9
2023361312695,2023,361312695,2,1,1,2,58,9,3,0,0,0,0,0,9,10,E01026915,3,1,0.0,1.0,-1,1,40,1,1,1,13:35,4,2,9
2023471354443,2023,471354443,1,3,3,2,34,6,2,10,9,0,0,0,0,7,E01031423,7,1,1.0,0.0,-1,2,20,2,1,2,12:10,3,1,9
2023010448160,2023,010448160,2,1,1,1,36,7,3,0,0,0,0,0,1,4,E01003098,-1,0,0.0,1.0,-1,2,20,1,1,1,13:55,7,2,1
2023010442176,2023,010442176,2,1,1,1,28,6,3,0,0,0,0,0,3,9,E01004097,-1,0,0.0,1.0,-1,6,30,1,1,1,14:39,4,2,3
2023501334729,2023,501334729,2,1,1,1,51,8,3,0,0,0,0,0,3,6,E01019997,3,1,0.0,1.0,-1,6,30,1,1,1,15:45,7,2,3
2023010460218,2023,010460218,2,1,1,1,31,6,2,0,0,0,0,0,1,7,E01001610,-1,0,1.0,0.0,-1,1,30,1,1,1,09:20,7,2,1
2023201405797,2023,201405797,2,2,2,1,7,2,3,0,0,-1,0,0,9,2,E01010447,3,1,0.0,1.0,-1,6,30,1,1,1,15:50,6,2,9
2023231279973,2023,231279973,1,1,1,1,18,4,2,0,0,0,0,0,9,7,E01031224,5,1,1.0,0.0,-1,6,50,1,6,2,19:10,7,1,9
2023231314052,2023,231314052,1,1,1,1,30,6,3,0,0,0,0,0,9,1,E01009679,3,1,0.0,1.0,-1,6,30,1,1,1,13:15,5,4,9
2023351337775,2023,351337775,2,4,2,2,31,6,3,0,0,2,0,0,9,8,E01029921,3,1,0.0,1.0,-1,6,60,1,1,1,16:30,6,2,9