collision_index,collision_year,collision_ref_no,vehicle_reference,casualty_reference,casualty_class,sex_of_casualty,age_of_casualty,age_band_of_casualty,casualty_severity,pedestrian_location,pedestrian_movement,car_passenger,bus_or_coach_passenger,pedestrian_road_maintenance_worker,casualty_type,casualty_imd_decile,lsoa_of_casualty,enhanced_casualty_severity,casualty_injury_based,casualty_adjusted_severity_serious,casualty_adjusted_severity_slight,casualty_distance_banding,road_type,speed_limit,weather_conditions,light_conditions,road_surface_conditions,time,day_of_week,number_of_vehicles,vehicle_type
2023041320062,2023,041320062,2,1,1,2,19,4,3,0,0,0,0,0,9,10,E01025466,3,1,0.0,1.0,-1,6,30,1,1,1,08:30,5,2,9
2023401366105,2023,401366105,2,1,1,1,58,9,3,0,0,0,0,0,9,10,E01017409,3,1,0.0,1.0,-1,7,50,1,1,2,07:20,6,2,9
2023991338537,2023,991338537,2,3,1,2,34,6,3,0,0,0,0,0,9,7,-1,3,1,0.0,1.0,-1,6,40,2,1,2,17:15,7,2,9
2023041322207,2023,041322207,2,1,1,1,57,9,3,0,0,0,0,0,4,3,E01025264,3,1,0.0,1.0,-1,6,30,1,1,1,08:40,6,2,4
2023010479499,2023,010479499,1,1,1,1,20,4,3,0,0,0,0,0,-1,4,E01000401,-1,0,0.0,1.0,-1,6,30,1,1,1,12:55,4,1,-1
2023041358077,2023,041358077,1,2,2,2,81,11,2,0,0,1,0,0,9,8,E01024869,7,1,1.0,0.0,-1,6,30,1,1,1,16:49,5,1,9
2023052300669,2023,052300669,2,1,1,1,43,7,3,0,0,0,0,0,3,1,E01007291,-1,0,0.16355,0.83645,-1,6,30,1,1,1,09:00,4,2,3
2023320409927,2023,320409927,1,1,1,1,26,6,3,0,0,0,0,0,3,4,E01026044,-1,0,0.18602,0.81398,-1,6,30,1,1,1,19:00,2,1,3
2023430280429,2023,430280429,1,1,1,1,37,7,3,0,0,0,0,0,5,9,E01016432,-1,0,0.03571,0.96429,-1,6,30,1,1,1,19:15,5,2,5
2023552301378,2023,552301378,1,1,3,2,37,7,2,4,1,0,0,0,0,3,E01015287,-1,0,1.0,0.0,-1,3,30,1,4,1,21:12,5,1,9
2023041285468,2023,041285468,1,1,1,1,18,4,3,0,0,0,0,0,9,6,E01025383,3,1,0.0,1.0,-1,6,30,1,1,1,17:51,7,2,9
2023061337771,2023,061337771,2,1,1,2,27,6,3,0,0,0,0,0,9,2,E01005199,3,1,0.0,1.0,-1,6,30,1,1,1,21:05,4,2,9
2023111308361,2023,111308361,2,1,1,2,55,8,2,0,0,0,0,0,9,6,E01020863,7,1,1.0,0.0,-1,6,60,1,1,1,13:10,1,2,9
2023122300358,2023,122300358,2,2,1,2,33,6,3,0,0,0,0,0,9,4,E01012990,-1,0,0.06013,0.93987,-1,6,60,4,1,2,00:01,5,2,9
2023122300701,2023,122300701,1,1,1,2,19,4,3,0,0,0,0,0,9,5,E01010598,-1,0,0.03356,0.96644,-1,6,30,1,1,1,19:40,7,1,9
2023141376821,2023,141376821,1,1,1,2,35,6,3,0,0,0,0,0,9,-1,-1,3,1,0.0,1.0,-1,3,30,2,4,2,16:50,2,1,9
2023170H10773,2023,170H10773,2,1,1,1,21,5,2,0,0,0,0,0,4,-1,-1,-1,0,1.0,0.0,-1,6,30,1,1,1,15:05,1,2,4
2023161332018,2023,161332018,1,3,3,2,52,8,3,5,9,0,0,2,0,5,E01012756,3,1,0.0,1.0,-1,6,30,2,1,2,15:50,6,2,9
2023501383065,2023,501383065,1,1,1,1,59,9,2,0,0,0,0,0,2,4,E01015042,7,1,1.0,0.0,-1,6,30,2,1,2,17:40,2,2,2
2023141317150,2023,141317150,2,1,1,1,29,6,2,0,0,0,0,0,5,2,E01007517,7,1,1.0,0.0,-1,6,30,1,1,1,16:10,7,2,5
2023010420336,2023,010420336,2,1,1,1,32,6,3,0,0,0,0,0,1,4,E01004396,-1,0,0.0,1.0,-1,6,30,1,1,2,07:30,2,2,1
2023010480986,2023,010480986,1,1,1,2,23,5,3,0,0,0,0,0,1,2,E01003024,-1,0,0.0,1.0,-1,6,30,1,1,4,07:20,2,1,1
2023010428630,2023,010428630,1,1,1,1,24,5,3,0,0,0,0,0,3,1,E01000939,-1,0,0.0,1.0,-1,6,20,1,1,1,15:20,4,2,3
202363D022523,2023,63D022523,1,2,1,1,49,8,3,0,0,0,0,0,19,5,W01001504,-1,0,0.06453,0.93547,-1,6,60,1,1,1,10:54,6,2,19
2023201400330,2023,201400330,2,1,1,1,16,4,3,0,0,0,0,0,1,3,E01009633,3,1,0.0,1.0,-1,7,30,1,1,2,15:33,3,2,1
2023302301646,2023,302301646,2,1,1,1,53,8,3,0,0,0,0,0,1,4,E01019554,-1,0,0.14499,0.85501,-1,1,20,1,4,1,20:30,4,2,1
2023340NN4552,2023,340NN4552,1,1,1,1,37,7,2,0,0,0,0,0,1,-1,-1,-1,0,1.0,0.0,-1,6,30,1,1,1,09:36,1,2,1
2023440414112,2023,440414112,2,1,1,2,59,9,3,0,0,0,0,0,1,4,E01023077,-1,0,0.20385,0.79615,-1,6,30,7,4,1,05:52,3,2,1
2023061344911,2023,061344911,1,1,1,1,26,6,3,0,0,0,0,0,9,-1,-1,3,1,0.0,1.0,-1,6,30,1,4,2,22:35,4,2,9
2023421373621,2023,421373621,1,3,3,1,55,8,3,9,9,0,0,0,0,9,E01021789,3,1,0.0,1.0,-1,6,60,1,1,1,15:04,7,2,9
2023131360274,2023,131360274,2,1,1,1,16,4,3,0,0,0,0,0,1,6,E01011534,3,1,0.0,1.0,-1,6,30,2,1,2,08:00,6,2,1
2023061395728,2023,061395728,2,2,2,2,34,6,3,0,0,1,0,0,9,3,E01006179,3,1,0.0,1.0,-1,6,30,1,1,1,19:30,5,2,9
2023010436497,2023,010436497,1,2,3,1,13,3,3,6,9,0,0,0,0,7,E01003815,-1,0,0.0,1.0,-1,6,20,1,1,1,15:55,7,1,9
2023010459400,2023,010459400,2,1,1,1,25,5,2,0,0,0,0,0,4,4,E01002486,-1,0,1.0,0.0,-1,6,30,1,1,1,16:50,7,2,4
2023010443310,2023,010443310,2,1,1,1,22,5,3,0,0,0,0,0,4,8,E01030659,-1,0,0.0,1.0,-1,6,20,1,1,1,16:30,3,2,4
2023351324390,2023,351324390,1,1,3,2,4,1,2,10,9,0,0,0,0,2,E01018143,7,1,1.0,0.0,-1,6,30,1,1,1,09:04,6,1,11
2023101361956,2023,101361956,1,1,3,2,31,6,2,9,5,0,0,0,0,3,E01008258,7,1,1.0,0.0,-1,6,20,1,4,1,23:44,7,1,8
2023010439897,2023,010439897,2,1,1,1,31,6,2,0,0,0,0,0,1,2,E01003964,-1,0,1.0,0.0,-1,6,20,1,1,1,14:13,5,3,1
2023031334451,2023,031334451,2,3,2,2,40,7,3,0,0,0,4,0,11,-1,-1,3,1,0.0,1.0,-1,6,30,1,1,1,13:45,6,2,11
2023010429649,2023,010429649,2,1,1,2,55,8,2,0,0,0,0,0,9,8,E01003426,-1,0,1.0,0.0,-1,6,20,1,1,1,12:30,3,2,9
2023010455700,2023,010455700,1,2,2,-1,-1,-1,3,0,0,1,0,0,9,3,E01004443,-1,0,0.0,1.0,-1,9,20,1,1,1,17:20,1,1,9
2023161392902,2023,161392902,1,4,2,2,19,4,2,0,0,2,0,0,9,1,E01012841,7,1,1.0,0.0,-1,6,60,5,6,2,22:20,5,1,9
2023440443364,2023,440443364,1,1,1,2,29,6,3,0,0,0,0,0,9,7,E01023196,-1,0,0.10853,0.89147,-1,6,60,1,1,2,08:36,2,3,9
2023622300635,2023,622300635,1,1,1,1,29,6,2,0,0,0,0,0,9,3,W01001312,-1,0,1.0,0.0,-1,6,60,2,1,2,10:08,7,2,9
2023221352417,2023,221352417,2,1,1,1,59,9,3,0,0,0,0,0,9,5,E01014135,3,1,0.0,1.0,-1,6,60,2,1,2,07:25,5,2,9
2023461289605,2023,461289605,2,2,1,2,17,4,3,0,0,0,0,0,9,1,E01024613,3,1,0.0,1.0,-1,6,40,1,4,1,22:17,6,3,9
2023031340566,2023,031340566,1,1,3,1,11,3,3,5,4,0,0,2,0,2,E01019199,3,1,0.0,1.0,-1,6,30,1,1,1,16:45,6,1,9
2023311391820,2023,311391820,1,1,3,2,11,3,3,1,1,0,0,0,0,-1,-1,3,1,0.0,1.0,-1,6,30,1,4,1,17:15,7,1,8
2023221341968,2023,221341968,3,1,1,1,60,9,3,0,0,0,0,0,1,4,E01014122,3,1,0.0,1.0,-1,6,30,1,1,1,14:11,4,3,1
2023010453694,2023,010453694,1,1,1,1,33,6,3,0,0,0,0,0,3,3,E01002048,-1,0,0.0,1.0,-1,9,20,1,1,1,15:00,5,2,3
2023031354828,2023,031354828,1,1,1,2,27,6,3,0,0,0,0,0,9,6,E01019338,3,1,0.0,1.0,-1,6,60,1,1,1,08:45,5,2,9
2023351375626,2023,351375626,2,2,2,2,15,3,3,0,0,2,0,0,9,6,E01018207,3,1,0.0,1.0,-1,6,60,1,6,1,17:00,3,2,9
2023411374848,2023,411374848,2,3,2,2,10,2,3,0,0,2,0,0,9,10,E01030728,3,1,0.0,1.0,-1,6,40,1,1,1,14:23,4,3,9
2023440335993,2023,440335993,1,1,1,2,57,9,3,0,0,0,0,0,9,9,E01022920,-1,0,0.04474,0.95526,-1,1,30,1,1,1,20:14,7,2,9
2023461372792,2023,461372792,2,1,1,2,51,8,3,0,0,0,0,0,9,5,E01021778,3,1,0.0,1.0,-1,3,50,1,1,2,16:45,1,2,9
2023531357011,2023,531357011,2,1,1,2,57,9,3,0,0,0,0,0,1,10,E01022406,3,1,0.0,1.0,-1,6,30,2,1,2,15:15,3,2,1
2023010489869,2023,010489869,1,1,3,1,59,9,2,5,2,0,0,0,0,5,E01003433,-1,0,1.0,0.0,-1,6,30,1,4,2,18:00,4,1,3
2023101270964,2023,101270964,1,1,3,1,87,11,3,6,9,0,0,0,0,4,E01008866,3,1,0.0,1.0,-1,6,30,1,1,1,15:30,2,1,11
2023552300556,2023,552300556,1,1,1,1,49,8,2,0,0,0,0,0,5,8,E01020519,-1,0,1.0,0.0,-1,6,30,1,1,1,14:59,1,1,5
2023010482083,2023,010482083,1,1,1,-1,52,8,3,0,0,0,0,0,3,1,E01000595,-1,0,0.0,1.0,-1,9,30,9,7,9,18:50,2,2,3
2023052300698,2023,052300698,1,1,1,1,14,3,3,0,0,0,0,0,-1,2,E01006862,-1,0,0.15767,0.84233,-1,6,30,1,1,1,16:28,1,1,-1
2023131379649,2023,131379649,2,1,1,1,31,6,3,0,0,0,0,0,8,2,E01010738,3,1,0.0,1.0,-1,9,30,8,6,2,19:29,2,3,8
2023332301209,2023,332301209,2,1,1,2,32,6,3,0,0,0,0,0,19,6,E01025747,-1,0,0.02363,0.97637,-1,6,60,1,1,4,08:00,4,2,19
2023421299756,2023,421299756,2,3,2,2,60,9,3,0,0,1,0,0,9,9,E01022099,3,1,0.0,1.0,-1,6,60,1,1,1,15:55,7,2,9
2023320242084,2023,320242084,1,1,3,1,30,6,3,8,9,0,0,0,0,2,E01027937,-1,0,0.09109,0.90891,-1,6,30,1,1,1,09:00,1,1,9
2023421380168,2023,421380168,1,1,3,2,60,9,2,6,9,0,0,0,0,3,E01016020,7,1,1.0,0.0,-1,6,30,1,4,1,18:31,2,1,1
2023520400862,2023,520400862,1,1,3,1,22,5,3,8,5,0,0,0,0,6,E01029091,-1,0,0.0764,0.9236,-1,1,30,2,4,2,01:34,1,1,9
2023552400124,2023,552400124,2,1,1,1,40,7,3,0,0,0,0,0,1,3,E01020572,-1,0,0.06983,0.93017,-1,6,30,1,1,1,16:39,6,2,1
2023061329195,2023,061329195,1,1,3,2,86,11,2,5,1,0,0,0,0,4,E01006012,7,1,1.0,0.0,-1,6,30,1,1,1,17:46,5,1,9
2023302301231,2023,302301231,1,1,3,-1,-1,-1,3,6,8,0,0,0,0,5,E01019456,-1,0,0.03618,0.96382,-1,6,30,1,1,1,13:55,4,1,9
2023320419215,2023,320419215,1,1,1,1,77,11,2,0,0,0,0,0,5,8,E01026229,-1,0,1.0,0.0,-1,6,40,1,1,1,13:40,6,2,5
2023010455057,2023,010455057,1,1,1,2,44,7,3,0,0,0,0,0,9,2,E01003731,-1,0,0.0,1.0,-1,7,30,1,1,1,17:53,5,2,9
2023010486597,2023,010486597,1,1,1,1,55,8,3,0,0,0,0,0,9,4,E01003718,-1,0,0.0,1.0,-1,6,30,1,4,1,21:55,6,2,9
2023421287127,2023,421287127,1,1,1,2,25,5,3,0,0,0,0,0,9,10,E01021787,3,1,0.0,1.0,-1,2,30,1,1,1,12:13,4,2,9
2023010439830,2023,010439830,1,1,3,1,27,6,3,10,9,0,0,0,0,2,E01003508,-1,0,0.0,1.0,-1,6,30,1,1,1,13:50,5,1,11
2023131262656,2023,131262656,1,1,3,1,17,4,3,1,1,0,0,1,0,1,E01010842,3,1,0.0,1.0,-1,6,30,1,1,1,07:30,5,1,9
2023421327841,2023,421327841,1,1,1,1,15,3,3,0,0,0,0,0,1,6,E01015826,3,1,0.0,1.0,-1,6,30,1,1,1,17:05,1,2,1
2023070740866,2023,070740866,1,1,1,1,47,8,1,0,0,0,0,0,1,1,E01012397,-1,0,0.0,0.0,-1,1,30,1,1,1,19:56,6,1,1
2023552301431,2023,552301431,1,1,1,1,24,5,3,0,0,0,0,0,4,4,E01015327,-1,0,0.09277,0.90723,-1,6,30,1,1,1,23:55,4,2,4
2023461299327,2023,461299327,1,1,3,2,70,10,2,5,3,0,0,0,0,8,E01024255,7,1,1.0,0.0,-1,6,30,1,1,1,08:42,3,1,9
2023991288708,2023,991288708,1,1,3,2,12,3,3,5,4,0,0,0,0,3,-1,3,1,0.0,1.0,-1,6,30,1,1,1,15:30,2,1,9
2023552300706,2023,552300706,1,1,2,1,46,8,3,0,0,0,0,0,19,7,E01015330,-1,0,0.04086,0.95914,-1,6,30,1,1,1,19:24,5,2,19
2023071085842,2023,071085842,1,1,3,1,25,5,2,5,9,0,0,0,0,-1,-1,-1,0,1.0,0.0,-1,6,40,1,1,1,08:00,4,1,9
2023010429531,2023,010429531,1,1,1,1,29,6,3,0,0,0,0,0,3,4,E01000171,-1,0,0.0,1.0,-1,1,20,1,1,1,14:50,7,2,3
2023351261934,2023,351261934,2,1,1,1,47,8,3,0,0,0,0,0,-1,10,E01018295,3,1,0.0,1.0,-1,3,30,1,1,2,10:42,7,2,-1
2023122300070,2023,122300070,1,1,3,1,8,2,2,6,9,0,0,0,0,10,E01027662,-1,0,1.0,0.0,-1,6,30,1,1,1,15:30,6,3,9
2023430049325,2023,430049325,2,1,1,1,16,4,3,0,0,0,0,0,1,-1,-1,-1,0,0.03646,0.96354,-1,6,30,1,1,2,10:15,4,2,1
2023122301355,2023,122301355,2,3,1,1,57,9,3,0,0,0,0,0,9,5,E01027789,-1,0,0.07926,0.92074,-1,6,40,1,6,1,20:10,5,2,9
2023231362191,2023,231362191,1,1,1,2,61,9,3,0,0,0,0,0,9,7,E01009645,3,1,0.0,1.0,-1,1,30,2,4,2,20:15,6,2,9
2023471392055,2023,471392055,2,1,1,1,-1,-1,3,0,0,0,0,0,9,6,E01021034,3,1,0.0,1.0,-1,3,40,1,4,2,22:37,1,3,9
2023501382524,2023,501382524,1,1,1,1,59,9,3,0,0,0,0,0,9,6,E01020517,3,1,0.0,1.0,-1,3,70,2,1,2,13:12,2,2,9
2023622300550,2023,622300550,2,3,2,2,28,6,3,0,0,1,0,0,9,2,W01000799,-1,0,0.00668,0.99332,-1,6,30,2,1,2,15:07,6,2,9
2023010484662,2023,010484662,1,1,3,2,60,9,3,5,3,0,0,0,0,9,E01001300,-1,0,0.0,1.0,-1,6,20,1,1,1,13:45,2,1,9
2023052302997,2023,052302997,1,1,3,1,41,7,3,5,1,0,0,0,0,7,E01029743,-1,0,0.18525,0.81475,-1,3,30,1,4,1,19:10,1,1,11
2023041378893,2023,041378893,1,1,3,1,84,11,1,10,8,0,0,2,0,9,E01025538,1,1,0.0,0.0,-1,6,60,1,1,1,12:09,7,1,9
2023010420353,2023,010420353,1,1,1,1,26,6,3,0,0,0,0,0,3,2,E01003509,-1,0,0.0,1.0,-1,9,20,1,1,1,08:45,2,2,3
2023211375579,2023,211375579,2,1,1,2,58,9,3,0,0,0,0,0,3,-1,-1,3,1,0.0,1.0,-1,6,30,1,1,2,07:20,6,2,3
2023991350678,2023,991350678,1,1,1,1,46,8,2,0,0,0,0,0,5,1,-1,6,1,1.0,0.0,-1,6,20,1,1,1,18:35,6,1,5
2023041297594,2023,041297594,2,2,1,1,54,8,3,0,0,0,0,0,9,1,E01025230,3,1,0.0,1.0,-1,6,30,1,1,1,14:30,1,3,9
2023451361264,2023,451361264,1,1,1,1,19,4,3,0,0,0,0,0,9,8,E01030409,3,1,0.0,1.0,-1,6,40,1,6,1,22:57,2,1,9
2023430035046,2023,430035046,3,2,1,1,54,8,3,0,0,0,0,0,19,8,E01028716,-1,0,0.06895,0.93105,-1,6,60,1,1,1,10:15,3,3,19
2023451378168,2023,451378168,1,1,3,2,29,6,2,9,8,0,0,0,0,9,E01032626,7,1,1.0,0.0,-1,6,40,1,1,1,08:49,4,1,9
2023010428272,2023,010428272,1,1,1,1,22,5,3,0,0,0,0,0,9,2,E01003190,-1,0,0.0,1.0,-1,9,30,1,4,1,18:20,2,2,9
2023052302045,2023,052302045,2,1,1,1,23,5,3,0,0,0,0,0,9,3,E01007047,-1,0,0.07661,0.92339,-1,6,50,1,4,1,22:58,4,2,9
2023411364720,2023,411364720,1,1,1,2,77,11,3,0,0,0,0,0,9,10,E01023824,3,1,0.0,1.0,-1,6,30,1,1,1,13:24,2,2,9
2023010462493,2023,010462493,2,1,1,2,37,7,2,0,0,0,0,0,1,6,E01004636,-1,0,1.0,0.0,-1,6,30,1,1,1,10:23,7,2,1
2023010437278,2023,010437278,2,1,1,1,31,6,3,0,0,0,0,0,3,1,E01000105,-1,0,0.0,1.0,-1,3,30,2,5,2,15:02,4,2,3
2023361347569,2023,361347569,1,1,1,1,30,6,3,0,0,0,0,0,3,5,E01026693,3,1,0.0,1.0,-1,6,30,1,1,1,16:45,3,2,3
2023461382446,2023,461382446,1,1,3,2,56,9,3,6,9,0,0,0,0,8,E01016148,3,1,0.0,1.0,-1,6,30,2,1,2,14:34,7,1,90
2023070339465,2023,070339465,2,1,1,1,35,6,2,0,0,0,0,0,5,-1,-1,-1,0,1.0,0.0,-1,6,50,1,1,1,17:11,7,2,5
2023311341768,2023,311341768,2,1,1,1,23,5,3,0,0,0,0,0,5,2,E01028334,3,1,0.0,1.0,-1,3,70,1,1,1,07:10,3,2,5
2023010454367,2023,010454367,2,1,1,1,33,6,3,0,0,0,0,0,1,3,E01000510,-1,0,0.0,1.0,-1,6,30,1,1,1,13:46,2,2,1
2023302301399,2023,302301399,2,1,1,2,58,9,3,0,0,0,0,0,1,6,E01019557,-1,0,0.14076,0.85924,-1,6,30,1,1,1,15:45,7,2,1
2023161310713,2023,161310713,1,1,3,2,84,11,3,6,9,0,0,2,0,4,E01013280,3,1,0.0,1.0,-1,6,30,1,1,1,14:30,6,1,97
2023522300564,2023,522300564,1,1,3,1,43,7,3,5,9,0,0,0,0,1,E01014799,-1,0,0.08035,0.91965,-1,6,20,2,5,2,18:35,5,1,9
2023552301379,2023,552301379,1,1,3,1,13,3,3,5,3,0,0,0,0,10,E01020401,-1,0,0.12693,0.87307,-1,6,30,1,4,1,18:25,5,1,9
2023991373049,2023,991373049,1,1,2,2,49,8,2,0,0,2,0,0,8,4,-1,7,1,1.0,0.0,-1,3,50,1,1,1,13:36,5,3,8
2023221399953,2023,221399953,2,1,1,1,15,3,3,0,0,0,0,0,1,10,E01028949,3,1,0.0,1.0,-1,6,30,1,4,1,17:00,2,2,1
2023481367305,2023,481367305,2,1,1,1,31,6,3,0,0,0,0,0,1,-1,-1,3,1,0.0,1.0,-1,3,20,1,1,1,20:10,1,2,1
2023991371851,2023,991371851,1,1,1,1,59,9,2,0,0,0,0,0,3,-1,-1,7,1,1.0,0.0,-1,1,30,8,1,2,17:45,1,2,3
2023010446184,2023,010446184,1,2,3,1,46,8,3,5,3,0,0,0,0,9,E01000199,-1,0,0.0,1.0,-1,6,20,1,1,1,13:10,4,1,1
2023221386476,2023,221386476,1,3,2,2,57,9,1,0,0,2,0,0,9,9,W01000399,1,1,0.0,0.0,-1,6,60,2,1,2,10:16,7,2,9
2023411404748,2023,411404748,2,1,1,2,54,8,1,0,0,0,0,0,9,10,E01023614,1,1,0.0,0.0,-1,3,50,2,6,2,18:43,1,3,9
2023451270634,2023,451270634,2,1,1,2,40,7,3,0,0,0,0,0,9,5,E01030740,3,1,0.0,1.0,-1,3,40,1,4,1,19:05,3,3,9
2023552300290,2023,552300290,2,1,1,2,57,9,3,0,0,0,0,0,19,6,E01032010,-1,0,0.05317,0.94683,-1,3,40,1,1,1,09:24,7,2,19
2023010449461,2023,010449461,2,1,1,1,32,6,3,0,0,0,0,0,-1,2,E01001328,-1,0,0.0,1.0,-1,6,20,1,1,1,13:00,5,2,-1
2023131365211,2023,131365211,1,1,3,1,70,10,3,1,1,0,0,1,0,4,E01011678,3,1,0.0,1.0,-1,3,30,5,1,2,08:50,6,1,90
2023471299810,2023,471299810,1,1,3,1,8,2,2,8,7,0,0,0,0,4,E01020918,7,1,1.0,0.0,-1,6,30,1,1,1,19:35,7,1,9
2023010436550,2023,010436550,2,1,1,1,30,6,3,0,0,0,0,0,1,3,E01002823,-1,0,0.0,1.0,-1,6,20,1,4,1,02:44,1,2,1
2023010457101,2023,010457101,1,1,1,1,23,5,3,0,0,0,0,0,3,2,E01000141,-1,0,0.0,1.0,-1,9,20,2,1,2,13:10,7,2,3
2023201423144,2023,201423144,1,1,3,2,53,8,2,1,1,0,0,2,0,1,E01009270,7,1,1.0,0.0,-1,6,30,2,4,2,17:40,3,1,9
2023201376076,2023,201376076,1,1,1,1,49,8,3,0,0,0,0,0,1,1,E01009146,3,1,0.0,1.0,-1,6,30,1,4,1,01:20,7,2,1
2023545829823,2023,545829823,1,1,1,1,22,5,2,0,0,0,0,0,1,6,E01015532,-1,0,1.0,0.0,-1,6,20,1,1,1,12:30,1,2,1
2023401347549,2023,401347549,1,1,3,1,5,1,3,9,5,0,0,0,0,9,E01015797,3,1,0.0,1.0,-1,6,30,1,1,1,19:30,3,1,8
2023010475000,2023,010475000,1,1,1,1,38,7,2,0,0,0,0,0,1,6,E01002655,-1,0,1.0,0.0,-1,6,20,1,1,1,08:30,2,2,1
2023201416553,2023,201416553,1,2,2,1,41,7,3,0,0,2,0,0,8,1,E01010415,3,1,0.0,1.0,-1,6,30,1,4,2,22:10,5,2,8
2023010419551,2023,010419551,1,1,2,1,20,4,3,0,0,1,0,0,9,2,E01001528,-1,0,0.0,1.0,-1,6,30,2,4,2,03:40,4,3,9
2023010439283,2023,010439283,1,1,1,1,28,6,3,0,0,0,0,0,9,5,E01000619,-1,0,0.0,1.0,-1,6,20,1,4,1,01:16,3,1,9
2023451322496,2023,451322496,2,1,1,2,56,9,3,0,0,0,0,0,9,10,E01030923,3,1,0.0,1.0,-1,6,60,1,1,1,11:10,1,2,9
2023531327396,2023,531327396,2,2,1,2,74,10,3,0,0,0,0,0,9,6,E01022374,3,1,0.0,1.0,-1,6,50,1,1,1,12:35,2,2,9
2023010440666,2023,010440666,1,1,1,1,43,7,3,0,0,0,0,0,9,10,E01017831,-1,0,0.0,1.0,-1,6,20,1,1,1,15:45,4,1,9
2023131391788,2023,131391788,1,1,1,1,22,5,3,0,0,0,0,0,9,9,E01010971,3,1,0.0,1.0,-1,3,40,5,6,2,14:33,7,1,9
2023522300909,2023,522300909,1,1,1,2,18,4,3,0,0,0,0,0,9,2,E01015176,-1,0,0.02441,0.97559,-1,6,50,7,6,1,00:58,7,2,9
2023522301130,2023,522301130,2,2,1,2,75,10,3,0,0,0,0,0,9,9,E01014857,-1,0,0.07938,0.92062,-1,6,30,1,1,1,00:54,3,2,9
2023991352256,2023,991352256,2,1,1,1,53,8,3,0,0,0,0,0,9,3,-1,3,1,0.0,1.0,-1,3,30,2,1,2,17:09,4,3,9
2023010441626,2023,010441626,2,2,2,1,30,6,3,0,0,1,0,0,9,10,E01001101,-1,0,0.0,1.0,-1,1,20,1,1,1,11:30,1,2,9
2023131312564,2023,131312564,2,1,2,2,6,2,2,0,0,2,0,0,9,4,E01011049,7,1,1.0,0.0,-1,6,30,1,1,1,14:31,2,3,9
2023451304475,2023,451304475,1,1,1,2,50,8,3,0,0,0,0,0,9,6,E01030896,3,1,0.0,1.0,-1,3,70,1,1,1,17:20,6,2,9
2023010473770,2023,010473770,2,1,1,-1,-1,-1,3,0,0,0,0,0,-1,2,E01000184,-1,0,0.0,1.0,-1,6,20,2,4,2,05:45,3,2,-1
2023041316070,2023,041316070,1,1,1,1,50,8,3,0,0,0,0,0,9,2,E01025581,3,1,0.0,1.0,-1,6,20,1,1,1,16:56,4,1,9
2023161382584,2023,161382584,2,1,1,2,54,8,3,0,0,0,0,0,9,7,E01013307,3,1,0.0,1.0,-1,6,30,2,1,2,08:46,2,2,9
2023201292067,2023,201292067,1,1,1,1,53,8,3,0,0,0,0,0,9,1,E01010292,3,1,0.0,1.0,-1,3,30,1,1,1,16:07,2,2,9
2023302301449,2023,302301449,1,2,1,1,83,11,2,0,0,0,0,0,9,-1,-1,-1,0,1.0,0.0,-1,6,30,1,1,1,15:59,7,2,9
2023411329357,2023,411329357,2,1,1,2,53,8,3,0,0,0,0,0,9,9,E01023680,3,1,0.0,1.0,-1,6,30,1,1,1,15:01,2,2,9
2023471385736,2023,471385736,2,1,2,2,82,11,2,0,0,1,0,0,9,8,E01016959,6,1,1.0,0.0,-1,6,20,1,1,2,12:49,5,2,9
2023991338552,2023,991338552,1,1,1,1,80,11,3,0,0,0,0,0,9,7,-1,3,1,0.0,1.0,-1,6,30,1,1,1,12:10,6,2,9
2023361307184,2023,361307184,1,1,3,2,26,6,2,4,1,0,0,0,0,4,E01026925,6,1,1.0,0.0,-1,6,30,1,1,1,16:30,1,1,9
2023010481070,2023,010481070,1,1,1,2,58,9,3,0,0,0,0,0,3,1,E01002069,-1,0,0.0,1.0,-1,7,30,8,1,2,08:15,4,1,3
2023111274509,2023,111274509,1,1,3,1,73,10,1,5,3,0,0,0,0,5,E01020812,1,1,0.0,0.0,-1,6,30,1,4,1,17:26,4,1,9
2023320205509,2023,320205509,1,1,3,1,17,4,3,8,1,0,0,0,0,9,E01026396,-1,0,0.10137,0.89863,-1,6,30,1,1,2,14:48,4,1,9
2023501333726,2023,501333726,1,1,3,2,11,3,2,9,9,0,0,0,0,4,E01020279,7,1,1.0,0.0,-1,6,30,2,1,2,15:18,4,1,9
2023451357556,2023,451357556,1,1,1,1,47,8,3,0,0,0,0,0,9,8,E01016888,3,1,0.0,1.0,-1,1,50,1,1,2,08:42,6,2,9
2023201360213,2023,201360213,2,1,1,1,41,7,3,0,0,0,0,0,9,1,E01010366,3,1,0.0,1.0,-1,3,30,1,1,1,06:38,4,2,9
2023201374433,2023,201374433,2,1,1,2,19,4,3,0,0,0,0,0,9,4,E01009289,3,1,0.0,1.0,-1,6,30,1,1,1,07:45,2,2,9
2023991389721,2023,991389721,1,1,1,1,50,8,3,0,0,0,0,0,9,4,-1,3,1,0.0,1.0,-1,7,40,1,1,1,09:52,2,3,9
2023131353166,2023,131353166,2,1,1,1,17,4,2,0,0,0,0,0,3,4,E01010959,7,1,1.0,0.0,-1,6,30,1,1,1,22:37,6,2,3
2023451350943,2023,451350943,3,1,1,1,23,5,3,0,0,0,0,0,2,6,E01030411,3,1,0.0,1.0,-1,6,60,1,6,1,21:50,6,3,2