collision_index,collision_year,collision_ref_no,vehicle_reference,casualty_reference,casualty_class,sex_of_casualty,age_of_casualty,age_band_of_casualty,casualty_severity,pedestrian_location,pedestrian_movement,car_passenger,bus_or_coach_passenger,pedestrian_road_maintenance_worker,casualty_type,casualty_imd_decile,lsoa_of_casualty,enhanced_casualty_severity,casualty_injury_based,casualty_adjusted_severity_serious,casualty_adjusted_severity_slight,casualty_distance_banding,road_type,speed_limit,weather_conditions,light_conditions,road_surface_conditions,time,day_of_week,number_of_vehicles,vehicle_type
2023010424823,2023,010424823,1,1,1,1,19,4,3,0,0,0,0,0,9,3,E01004200,-1,0,0.0,1.0,-1,6,30,1,4,1,03:22,5,1,9
2023231319150,2023,231319150,2,1,2,2,21,5,3,0,0,1,0,0,9,9,E01033250,3,1,0.0,1.0,-1,6,30,1,1,1,18:45,2,2,9
2023451282039,2023,451282039,1,1,3,2,14,3,2,1,1,0,0,0,0,9,E01030900,5,1,1.0,0.0,-1,6,30,1,4,1,18:05,4,1,9
2023061341883,2023,061341883,2,2,2,2,18,4,3,0,0,1,0,0,9,1,E01004861,3,1,0.0,1.0,-1,6,30,2,1,2,18:05,7,2,9
2023430270056,2023,430270056,2,1,1,1,58,9,2,0,0,0,0,0,9,10,E01017892,-1,0,1.0,0.0,-1,3,70,1,1,1,17:30,2,3,9
2023451317829,2023,451317829,1,1,1,1,44,7,3,0,0,0,0,0,9,6,E01030681,3,1,0.0,1.0,-1,6,40,1,1,1,15:42,2,2,9
2023549498323,2023,549498323,2,2,1,1,62,9,3,0,0,0,0,0,9,7,E01031848,-1,0,0.09101,0.90899,-1,6,60,1,1,1,14:33,6,2,9
202360A047553,2023,60A047553,1,1,1,1,28,6,3,0,0,0,0,0,5,-1,-1,-1,0,0.19442,0.80558,-1,6,30,1,1,1,18:56,1,1,5
2023010467969,2023,010467969,1,1,1,2,53,8,2,0,0,0,0,0,1,6,E01004608,-1,0,1.0,0.0,-1,6,20,1,1,1,07:45,5,2,1
2023421369863,2023,421369863,2,1,1,1,46,8,3,0,0,0,0,0,9,3,E01015877,3,1,0.0,1.0,-1,6,30,5,1,2,09:29,5,2,9
2023531266478,2023,531266478,2,2,2,2,73,10,2,0,0,0,4,0,11,10,E01022168,7,1,1.0,0.0,-1,6,30,1,1,2,10:00,6,2,11
2023010429024,2023,010429024,1,1,1,1,33,6,3,0,0,0,0,0,9,3,E01033150,-1,0,0.0,1.0,-1,3,20,1,4,1,00:54,7,1,9
2023041317022,2023,041317022,2,1,1,2,21,5,3,0,0,0,0,0,9,10,E01025007,3,1,0.0,1.0,-1,6,60,1,1,1,08:05,7,2,9
2023131329003,2023,131329003,2,1,1,2,28,6,3,0,0,0,0,0,9,6,E01010975,3,1,0.0,1.0,-1,6,30,1,1,1,16:00,3,2,9
2023201339777,2023,201339777,1,1,2,2,18,4,3,0,0,2,0,0,9,1,E01010308,3,1,0.0,1.0,-1,6,40,2,6,2,01:10,4,1,9
2023451299115,2023,451299115,1,1,1,2,78,11,3,0,0,0,0,0,9,10,E01030691,3,1,0.0,1.0,-1,6,30,1,1,1,14:46,5,2,9
2023522300655,2023,522300655,2,2,1,1,43,7,3,0,0,0,0,0,9,2,W01001691,-1,0,0.04197,0.95803,-1,6,30,1,1,2,15:39,6,3,9
2023451308614,2023,451308614,1,1,3,2,37,7,2,8,1,0,0,2,0,-1,-1,6,1,1.0,0.0,-1,3,30,1,1,1,16:00,2,2,19
2023221370447,2023,221370447,1,1,3,1,38,7,3,1,1,0,0,0,0,7,E01028951,3,1,0.0,1.0,-1,6,30,1,4,1,19:10,6,1,19
2023522301019,2023,522301019,2,1,1,2,29,6,2,0,0,0,0,0,1,6,E01014734,-1,0,1.0,0.0,-1,6,30,1,1,1,08:37,4,2,1
2023522400282,2023,522400282,1,1,1,1,15,3,3,0,0,0,0,0,1,10,E01014866,-1,0,0.03578,0.96422,-1,6,20,1,1,1,19:30,1,2,1
2023041272016,2023,041272016,1,1,3,1,48,8,3,8,8,0,0,0,0,-1,-1,3,1,0.0,1.0,-1,2,20,1,1,2,09:41,6,1,19
2023071117355,2023,071117355,1,2,3,2,12,3,2,6,9,0,0,0,0,8,E01018558,-1,0,1.0,0.0,-1,6,30,1,1,2,15:29,5,1,9
2023122300636,2023,122300636,1,1,3,1,69,10,3,6,9,0,0,0,0,7,E01025048,-1,0,0.16178,0.83822,-1,6,30,1,1,1,11:19,7,1,9
2023010455181,2023,010455181,2,1,1,1,48,8,2,0,0,0,0,0,3,7,E01000665,-1,0,1.0,0.0,-1,6,30,2,1,2,15:50,6,2,3
2023010456777,2023,010456777,1,1,1,1,20,4,3,0,0,0,0,0,3,4,E01001296,-1,0,0.0,1.0,-1,6,20,9,1,9,14:33,7,2,3
2023010453202,2023,010453202,2,1,1,1,33,6,3,0,0,0,0,0,1,1,E01033604,-1,0,0.0,1.0,-1,6,20,5,1,2,19:05,3,2,1
2023361372697,2023,361372697,1,1,1,1,32,6,2,0,0,0,0,0,4,6,E01026919,6,1,1.0,0.0,-1,6,50,1,6,1,17:41,5,2,4
2023061273170,2023,061273170,2,1,1,1,46,8,3,0,0,0,0,0,9,2,E01005590,3,1,0.0,1.0,-1,6,30,1,4,1,03:58,7,2,9
2023061371526,2023,061371526,2,1,1,1,24,5,3,0,0,0,0,0,9,2,E01004847,3,1,0.0,1.0,-1,6,30,1,4,2,20:20,3,2,9
2023201283848,2023,201283848,2,1,1,1,47,8,3,0,0,0,0,0,9,5,E01031078,3,1,0.0,1.0,-1,3,70,1,4,1,19:15,5,2,9
2023430094690,2023,430094690,1,1,1,1,50,8,3,0,0,0,0,0,21,9,E01028761,-1,0,0.12262,0.87738,-1,6,60,1,1,1,11:27,5,2,21
2023052302473,2023,052302473,1,1,3,1,75,10,3,6,9,0,0,0,0,1,E01006711,-1,0,0.12686,0.87314,-1,6,30,1,1,1,09:00,3,1,1
2023010482859,2023,010482859,1,1,1,-1,23,5,3,0,0,0,0,0,3,2,E01001448,-1,0,0.0,1.0,-1,9,20,9,7,9,16:30,4,2,3
2023471269509,2023,471269509,1,1,1,1,32,6,3,0,0,0,0,0,3,6,E01021113,3,1,0.0,1.0,-1,6,60,1,1,2,12:00,1,2,3
2023010448181,2023,010448181,1,1,1,1,42,7,3,0,0,0,0,0,4,2,E01004224,-1,0,0.0,1.0,-1,6,20,1,1,1,16:00,7,2,4
2023141360665,2023,141360665,1,2,2,2,-1,-1,3,0,0,1,0,0,9,4,E01007545,3,1,0.0,1.0,-1,3,40,1,1,1,09:35,1,2,9
2023302301350,2023,302301350,1,1,2,2,-1,-1,3,0,0,2,0,0,9,5,E01013506,-1,0,0.02244,0.97756,-1,6,30,1,1,1,10:30,7,4,9
2023340WN4622,2023,340WN4622,3,2,1,1,67,10,3,0,0,0,0,0,9,8,E01027194,-1,0,0.13966,0.86034,-1,6,60,1,1,1,13:50,3,3,9
2023461382704,2023,461382704,2,2,2,2,25,5,3,0,0,1,0,0,9,3,E01024241,3,1,0.0,1.0,-1,6,30,1,4,2,22:07,5,2,9
2023010452463,2023,010452463,1,1,1,1,20,4,2,0,0,0,0,0,9,8,E01031613,-1,0,1.0,0.0,-1,3,50,1,1,1,17:50,6,2,9
2023122300413,2023,122300413,1,1,1,2,21,5,3,0,0,0,0,0,9,10,E01010696,-1,0,0.09713,0.90287,-1,6,60,2,6,2,00:15,3,1,9
2023461389966,2023,461389966,2,2,1,2,34,6,3,0,0,0,0,0,9,5,E01024786,3,1,0.0,1.0,-1,6,50,2,1,2,09:25,2,2,9
2023010442983,2023,010442983,1,1,3,1,33,6,2,5,3,0,0,0,0,4,E01001618,-1,0,1.0,0.0,-1,6,30,1,4,1,21:35,1,1,9
2023061358833,2023,061358833,2,2,1,1,27,6,3,0,0,0,0,0,9,7,E01025365,3,1,0.0,1.0,-1,6,30,1,1,2,14:48,6,2,9
2023430155793,2023,430155793,2,1,1,1,44,7,3,0,0,0,0,0,2,-1,-1,-1,0,0.18989,0.81011,-1,1,40,1,7,1,23:47,1,2,2
2023302301468,2023,302301468,1,1,1,1,21,5,3,0,0,0,0,0,4,5,E01019440,-1,0,0.15652,0.84348,-1,6,30,1,1,1,08:30,7,2,4
2023201287457,2023,201287457,1,1,3,2,75,10,2,4,3,0,0,2,0,2,E01009935,7,1,1.0,0.0,-1,6,30,1,1,1,12:30,4,1,9
2023411306174,2023,411306174,1,1,3,2,51,8,2,5,1,0,0,0,0,10,E01023289,7,1,1.0,0.0,-1,6,20,2,4,2,20:20,3,1,3
2023471374052,2023,471374052,1,1,3,1,20,4,2,8,2,0,0,0,0,-1,-1,5,1,1.0,0.0,-1,6,40,1,1,2,11:05,2,2,9
2023010484200,2023,010484200,1,1,1,1,23,5,3,0,0,0,0,0,3,5,E01002202,-1,0,0.0,1.0,-1,6,20,8,1,9,03:00,1,2,3
2023010468618,2023,010468618,1,1,2,2,46,8,3,0,0,0,3,0,11,1,E01003961,-1,0,0.0,1.0,-1,1,20,1,1,1,17:00,4,2,11
2023131347215,2023,131347215,1,1,2,1,82,11,3,0,0,1,0,0,9,3,E01027846,3,1,0.0,1.0,-1,3,70,1,1,1,12:02,5,3,9
2023430032159,2023,430032159,1,11,2,2,17,4,3,0,0,2,0,0,9,3,E01009239,-1,0,0.06171,0.93829,-1,3,70,1,1,1,08:13,2,6,9
2023131386895,2023,131386895,1,1,1,2,76,11,3,0,0,0,0,0,9,1,E01011917,3,1,0.0,1.0,-1,6,30,1,1,1,10:31,2,2,9
2023211436359,2023,211436359,1,1,1,1,50,8,3,0,0,0,0,0,9,6,E01029522,3,1,0.0,1.0,-1,6,60,2,6,2,16:48,4,2,9
2023221330638,2023,221330638,2,1,1,2,56,9,3,0,0,0,0,0,9,6,E01028878,3,1,0.0,1.0,-1,6,60,2,1,2,15:12,3,2,9
2023231369204,2023,231369204,1,2,2,2,34,6,3,0,0,1,0,0,9,3,E01019008,3,1,0.0,1.0,-1,6,30,1,1,1,12:05,5,2,9
2023411364703,2023,411364703,2,3,1,1,36,7,3,0,0,0,0,0,9,3,E01023300,3,1,0.0,1.0,-1,6,30,1,4,1,05:59,4,2,9
2023461311013,2023,461311013,3,2,1,1,31,6,3,0,0,0,0,0,9,2,E01023974,3,1,0.0,1.0,-1,6,30,1,4,1,22:09,6,3,9
2023991370231,2023,991370231,2,3,1,1,30,6,3,0,0,0,0,0,9,7,-1,3,1,0.0,1.0,-1,6,30,1,1,2,09:20,6,2,9
2023161337039,2023,161337039,1,1,3,2,48,8,3,5,1,0,0,2,0,1,E01013142,3,1,0.0,1.0,-1,6,30,1,1,1,07:50,3,1,9
2023010443765,2023,010443765,1,1,1,1,40,7,2,0,0,0,0,0,1,2,E01001877,-1,0,1.0,0.0,-1,6,30,1,1,1,18:15,5,1,1
2023010426724,2023,010426724,1,1,1,1,33,6,3,0,0,0,0,0,3,2,E01001115,-1,0,0.0,1.0,-1,1,30,1,4,1,19:18,2,2,3
2023010434158,2023,010434158,1,1,2,2,30,6,3,0,0,2,0,0,9,2,E01004283,-1,0,0.0,1.0,-1,3,40,1,1,1,14:00,7,2,9
2023041321954,2023,041321954,2,1,1,2,61,9,3,0,0,0,0,0,9,8,E01025280,3,1,0.0,1.0,-1,6,20,1,1,1,14:20,5,2,9
2023061270163,2023,061270163,2,1,1,1,50,8,3,0,0,0,0,0,9,1,E01005551,3,1,0.0,1.0,-1,1,20,2,4,-1,16:55,5,2,9
2023201391823,2023,201391823,2,1,2,1,93,11,3,0,0,-1,0,0,9,3,E01009458,3,1,0.0,1.0,-1,3,40,1,1,1,17:30,2,2,9
2023320446806,2023,320446806,3,1,2,1,42,7,2,0,0,1,0,0,9,8,E01026258,-1,0,1.0,0.0,-1,6,60,2,1,2,12:05,4,4,9
2023201405890,2023,201405890,1,1,1,1,20,4,2,0,0,0,0,0,1,3,E01032587,7,1,1.0,0.0,-1,6,40,1,1,1,17:28,6,2,1
2023231298329,2023,231298329,1,2,2,1,86,11,3,0,0,1,0,0,9,7,E01014043,3,1,0.0,1.0,-1,6,60,2,1,2,11:52,6,1,9
2023340NN3852,2023,340NN3852,2,2,1,2,30,6,3,0,0,0,0,0,9,9,E01013796,-1,0,0.06371,0.93629,-1,6,60,1,1,1,08:20,3,4,9
2023991363184,2023,991363184,1,1,1,1,47,8,3,0,0,0,0,0,9,3,-1,3,1,0.0,1.0,-1,3,70,1,6,1,04:15,1,3,9
2023071138399,2023,071138399,1,1,2,2,43,7,3,0,0,1,0,0,9,10,E01018632,-1,0,0.0501,0.9499,-1,6,60,5,1,2,15:13,3,2,9
2023041370384,2023,041370384,2,1,1,1,16,4,3,0,0,0,0,0,1,6,E01025421,3,1,0.0,1.0,-1,6,30,2,4,2,18:05,2,2,1
2023010435500,2023,010435500,1,1,3,2,43,7,3,1,1,0,0,0,0,3,E01004600,-1,0,0.0,1.0,-1,6,30,2,4,2,09:58,7,1,9
2023211332947,2023,211332947,1,1,1,2,65,9,2,0,0,0,0,0,9,8,E01029493,6,1,1.0,0.0,-1,6,30,1,1,1,15:08,1,2,9
2023302301178,2023,302301178,1,1,1,1,25,5,3,0,0,0,0,0,9,5,E01013840,-1,0,0.05032,0.94968,-1,6,30,1,1,1,13:42,1,2,9
2023361342711,2023,361342711,1,1,1,1,60,9,2,0,0,0,0,0,9,4,E01026776,7,1,1.0,0.0,-1,6,20,1,1,1,15:12,7,2,9
2023461389332,2023,461389332,1,4,2,2,12,3,3,0,0,2,0,0,9,9,E01000396,3,1,0.0,1.0,-1,6,60,1,6,2,20:00,7,2,9
2023211346216,2023,211346216,2,1,1,1,55,8,2,0,0,0,0,0,1,1,E01014218,7,1,1.0,0.0,-1,6,30,1,1,1,18:08,2,3,1
2023430175118,2023,430175118,2,1,2,2,52,8,3,0,0,1,0,0,9,6,E01028477,-1,0,0.10892,0.89108,-1,6,60,1,1,1,15:20,7,3,9
2023461340157,2023,461340157,1,3,2,1,20,4,3,0,0,1,0,0,9,6,E01024216,3,1,0.0,1.0,-1,7,70,1,1,1,13:00,2,6,9
2023201460606,2023,201460606,1,1,3,1,53,8,3,5,1,0,0,2,0,2,E01009385,3,1,0.0,1.0,-1,6,20,2,7,2,16:45,2,1,19
2023522400848,2023,522400848,1,1,1,1,38,7,3,0,0,0,0,0,1,10,E01014620,-1,0,0.04093,0.95907,-1,6,20,1,4,1,17:40,4,2,1
2023401298038,2023,401298038,1,3,2,1,21,5,3,0,0,1,0,0,9,6,E01017435,3,1,0.0,1.0,-1,3,40,1,1,1,12:05,5,2,9
2023991282017,2023,991282017,2,1,1,1,49,8,3,0,0,0,0,0,9,3,-1,3,1,0.0,1.0,-1,7,70,1,1,1,11:10,7,2,9
2023451353234,2023,451353234,2,1,1,2,20,4,2,0,0,0,0,0,-1,10,E01030796,7,1,1.0,0.0,-1,1,30,1,1,1,17:45,7,2,-1
2023201381344,2023,201381344,1,1,3,1,89,11,3,5,1,0,0,0,0,-1,-1,3,1,0.0,1.0,-1,6,30,1,1,1,20:16,1,1,9
2023440151767,2023,440151767,1,1,3,2,10,2,3,5,2,0,0,0,0,9,-1,-1,0,0.15664,0.84336,-1,6,30,1,1,1,17:19,3,1,9
2023010448999,2023,010448999,1,1,1,1,27,6,2,0,0,0,0,0,1,2,E01004252,-1,0,1.0,0.0,-1,6,20,1,1,1,15:30,4,2,1
2023010473843,2023,010473843,2,1,1,1,29,6,2,0,0,0,0,0,3,6,E01030548,-1,0,1.0,0.0,-1,3,50,2,1,2,17:00,3,2,3
2023531293368,2023,531293368,1,1,1,1,24,5,3,0,0,0,0,0,9,7,E01022216,3,1,0.0,1.0,-1,6,60,1,1,2,11:30,1,4,9
2023991381953,2023,991381953,2,3,2,1,17,4,3,0,0,1,0,0,9,6,-1,3,1,0.0,1.0,-1,6,60,1,1,4,09:50,1,2,9
2023522400478,2023,522400478,1,1,1,1,36,7,3,0,0,0,0,0,1,9,E01032674,-1,0,0.0398,0.9602,-1,6,30,1,1,1,08:20,4,2,1
2023991387039,2023,991387039,1,1,1,1,43,7,2,0,0,0,0,0,9,6,-1,7,1,1.0,0.0,-1,6,60,1,1,2,07:40,2,2,9
2023010421301,2023,010421301,2,1,1,1,22,5,3,0,0,0,0,0,-1,7,E01002896,-1,0,0.0,1.0,-1,6,20,2,4,2,00:01,7,2,-1
2023440359344,2023,440359344,2,4,2,1,14,3,2,0,0,2,0,0,9,-1,-1,-1,0,1.0,0.0,-1,6,30,1,1,1,14:50,2,2,9
2023501359398,2023,501359398,1,1,1,1,47,8,2,0,0,0,0,0,3,5,E01029313,6,1,1.0,0.0,-1,6,60,1,1,1,08:09,3,2,3
2023010428171,2023,010428171,2,1,1,1,37,7,3,0,0,0,0,0,9,4,E01000408,-1,0,0.0,1.0,-1,6,20,1,1,1,09:30,2,3,9
2023031287607,2023,031287607,2,3,1,2,42,7,3,0,0,0,0,0,9,6,E01019339,3,1,0.0,1.0,-1,3,70,2,1,2,17:59,5,2,9
2023070680600,2023,070680600,2,1,1,1,53,8,3,0,0,0,0,0,9,2,E01014356,-1,0,0.02943,0.97057,-1,6,60,2,1,2,10:27,5,2,9
2023351397293,2023,351397293,2,3,2,2,-1,-1,3,0,0,-1,0,0,9,9,E01018199,3,1,0.0,1.0,-1,6,50,1,1,1,15:19,7,2,9
2023010430599,2023,010430599,1,2,2,2,40,7,3,0,0,1,0,0,9,3,E01004367,-1,0,0.0,1.0,-1,6,30,1,1,1,07:03,2,1,9
2023471306952,2023,471306952,1,2,2,1,14,3,3,0,0,1,0,0,9,10,E01031775,3,1,0.0,1.0,-1,6,40,9,1,1,17:35,5,2,9
2023552301090,2023,552301090,2,1,1,2,47,8,3,0,0,0,0,0,9,8,E01015344,-1,0,0.00515,0.99485,-1,6,30,1,1,1,09:12,3,3,9
2023010442199,2023,010442199,1,1,3,2,84,11,3,1,3,0,0,0,0,2,E01004364,-1,0,0.0,1.0,-1,6,20,1,1,1,17:10,4,1,11
2023522301004,2023,522301004,1,1,3,2,83,11,3,9,9,0,0,0,0,9,E01014796,-1,0,0.12171,0.87829,-1,6,20,1,1,1,09:22,7,1,9
2023471346144,2023,471346144,1,1,2,2,-1,-1,3,0,0,0,3,0,11,1,E01016910,3,1,0.0,1.0,-1,6,20,1,1,1,12:18,2,1,11
2023010462700,2023,010462700,1,1,3,1,29,6,3,1,3,0,0,0,0,1,E01001330,-1,0,0.0,1.0,-1,1,20,8,1,1,18:00,1,1,9
2023141359042,2023,141359042,1,1,3,1,74,10,3,5,9,0,0,0,0,7,E01029164,3,1,0.0,1.0,-1,6,30,1,1,1,12:45,3,2,9
2023201313249,2023,201313249,1,1,3,1,7,2,3,1,3,0,0,0,0,-1,-1,3,1,0.0,1.0,-1,3,30,1,1,1,18:43,7,1,9
2023122300588,2023,122300588,1,1,1,1,50,8,2,0,0,0,0,0,5,8,E01027586,-1,0,1.0,0.0,-1,6,60,1,6,1,20:30,3,1,5
2023010454451,2023,010454451,1,1,1,2,17,4,3,0,0,0,0,0,9,5,E01024156,-1,0,0.0,1.0,-1,3,30,1,4,1,21:00,2,1,9
2023041270180,2023,041270180,2,2,1,1,37,7,3,0,0,0,0,0,9,9,E01005715,3,1,0.0,1.0,-1,3,70,2,1,2,07:50,3,2,9
2023461270503,2023,461270503,1,1,1,1,51,8,3,0,0,0,0,0,9,7,E01001125,3,1,0.0,1.0,-1,6,60,1,1,1,16:37,6,2,9
2023501347962,2023,501347962,2,3,2,2,37,7,3,0,0,2,0,0,9,4,E01007140,3,1,0.0,1.0,-1,6,60,1,1,2,18:00,6,2,9
202360A019565,2023,60A019565,1,1,1,1,72,10,3,0,0,0,0,0,9,-1,-1,-1,0,0.1324,0.8676,-1,6,60,1,1,1,11:30,5,3,9
2023991269316,2023,991269316,1,1,1,1,30,6,3,0,0,0,0,0,9,1,-1,3,1,0.0,1.0,-1,6,30,1,4,2,23:07,7,2,9
2023991296013,2023,991296013,1,1,1,2,84,11,3,0,0,0,0,0,9,6,-1,3,1,0.0,1.0,-1,6,20,1,1,1,15:50,4,1,9
2023010467778,2023,010467778,1,1,1,1,-1,-1,3,0,0,0,0,0,3,9,E01002134,-1,0,0.0,1.0,-1,6,20,9,1,9,18:00,5,2,3
2023131294845,2023,131294845,2,1,1,1,57,9,3,0,0,0,0,0,9,7,E01011511,3,1,0.0,1.0,-1,6,60,1,1,1,17:00,7,2,9
2023991359996,2023,991359996,1,1,2,2,29,6,3,0,0,1,0,0,9,6,-1,3,1,0.0,1.0,-1,6,30,1,1,1,14:40,1,3,9
2023161334487,2023,161334487,2,2,1,2,37,7,3,0,0,0,0,0,9,-1,-1,3,1,0.0,1.0,-1,6,60,8,1,1,14:00,6,3,9
2023332300995,2023,332300995,1,1,1,1,21,5,3,0,0,0,0,0,9,8,E01025739,-1,0,0.00666,0.99334,-1,6,40,1,1,1,09:30,1,2,9
2023411270760,2023,411270760,2,1,1,1,22,5,3,0,0,0,0,0,9,10,E01023675,3,1,0.0,1.0,-1,6,40,1,1,1,10:30,7,2,9
2023010437539,2023,010437539,1,1,1,1,18,4,3,0,0,0,0,0,9,4,E01003541,-1,0,0.0,1.0,-1,3,70,2,4,2,21:50,6,1,9
2023041357846,2023,041357846,2,1,1,2,39,7,3,0,0,0,0,0,9,9,E01012492,3,1,0.0,1.0,-1,6,30,1,1,2,08:30,6,2,9
2023622300313,2023,622300313,2,2,1,1,69,10,3,0,0,0,0,0,4,9,W01001059,-1,0,0.06974,0.93026,-1,1,50,1,1,1,17:32,5,2,4
2023010445023,2023,010445023,1,1,1,2,45,7,3,0,0,0,0,0,9,7,E01001313,-1,0,0.0,1.0,-1,9,30,9,1,9,11:40,5,2,9
2023041325432,2023,041325432,1,1,3,2,30,6,2,8,5,0,0,0,0,1,E01024898,6,1,1.0,0.0,-1,6,30,1,1,1,09:19,4,1,9
2023631316225,2023,631316225,2,1,1,2,26,6,3,0,0,0,0,0,1,4,W01000703,3,1,0.0,1.0,-1,1,30,1,1,1,18:40,3,2,1
2023610005923,2023,610005923,1,1,1,1,45,7,3,0,0,0,0,0,8,1,W01001661,-1,0,0.13789,0.86211,-1,3,50,1,4,1,21:35,1,2,8
2023461353631,2023,461353631,1,1,1,2,52,8,3,0,0,0,0,0,9,4,E01024178,3,1,0.0,1.0,-1,6,30,1,1,1,14:26,7,2,9
2023061282699,2023,061282699,2,1,1,1,38,7,2,0,0,0,0,0,-1,-1,-1,5,1,1.0,0.0,-1,6,20,1,4,1,18:00,5,2,-1
2023041349262,2023,041349262,3,4,1,1,29,6,3,0,0,0,0,0,9,5,E01025288,3,1,0.0,1.0,-1,3,30,1,1,1,17:19,3,3,9
2023361313211,2023,361313211,2,1,1,1,65,9,2,0,0,0,0,0,9,2,E01026700,7,1,1.0,0.0,-1,6,30,1,1,1,06:04,7,2,9
2023461358328,2023,461358328,1,1,2,2,41,7,2,0,0,2,0,0,9,5,E01024598,7,1,1.0,0.0,-1,3,70,1,1,1,05:54,6,2,9
2023451373143,2023,451373143,1,1,1,1,37,7,3,0,0,0,0,0,3,7,E01017828,3,1,0.0,1.0,-1,6,20,1,1,2,12:00,4,2,3
2023161369598,2023,161369598,2,1,1,1,38,7,2,0,0,0,0,0,17,5,E01013125,7,1,1.0,0.0,-1,6,60,1,1,1,16:00,6,2,17
2023201404974,2023,201404974,1,1,3,1,9,2,3,1,4,0,0,0,0,1,E01009410,3,1,0.0,1.0,-1,3,30,1,1,1,18:30,4,1,9
2023361391607,2023,361391607,1,1,1,1,-1,-1,3,0,0,0,0,0,1,1,E01026666,3,1,0.0,1.0,-1,3,30,1,1,1,13:45,1,2,1
2023010432971,2023,010432971,2,1,1,1,23,5,3,0,0,0,0,0,3,2,E01032765,-1,0,0.0,1.0,-1,6,20,1,4,1,20:40,7,2,3
2023161378070,2023,161378070,1,1,1,1,18,4,3,0,0,0,0,0,3,2,E01013291,3,1,0.0,1.0,-1,3,30,1,4,2,22:00,6,1,3
2023070049632,2023,070049632,2,1,1,1,48,8,3,0,0,0,0,0,9,9,E01018723,-1,0,0.08132,0.91868,-1,6,60,1,1,1,14:50,3,2,9
2023010442035,2023,010442035,1,1,1,1,57,9,3,0,0,0,0,0,1,2,E01003046,-1,0,0.0,1.0,-1,6,30,8,1,1,18:12,3,2,1
2023161352260,2023,161352260,1,1,1,1,13,3,3,0,0,0,0,0,1,5,E01012772,3,1,0.0,1.0,-1,1,30,9,1,1,14:00,4,2,1
2023010473448,2023,010473448,1,1,1,1,31,6,3,0,0,0,0,0,3,6,E01004509,-1,0,0.0,1.0,-1,6,20,1,1,1,16:00,1,2,3
2023991387287,2023,991387287,2,1,1,1,34,6,3,0,0,0,0,0,9,-1,-1,3,1,0.0,1.0,-1,6,30,2,1,2,07:50,3,2,9
2023010434107,2023,010434107,1,1,1,1,36,7,3,0,0,0,0,0,3,-1,-1,-1,0,0.0,1.0,-1,9,20,2,4,2,19:30,5,2,3
2023010438054,2023,010438054,1,1,1,1,39,7,3,0,0,0,0,0,3,1,E01002074,-1,0,0.0,1.0,-1,1,30,1,1,1,09:10,1,2,3
2023520301743,2023,520301743,1,1,1,1,42,7,2,0,0,0,0,0,5,10,E01029244,-1,0,1.0,0.0,-1,6,60,1,1,1,11:05,6,2,5
2023161293643,2023,161293643,1,1,1,2,43,7,3,0,0,0,0,0,9,5,E01012930,3,1,0.0,1.0,-1,6,20,1,1,1,12:40,2,3,9
2023332300273,2023,332300273,2,2,1,1,48,8,3,0,0,0,0,0,9,3,E01009620,-1,0,0.0424,0.9576,-1,3,70,1,6,1,21:50,7,2,9
2023401267516,2023,401267516,1,1,1,1,23,5,3,0,0,0,0,0,9,6,E01015778,3,1,0.0,1.0,-1,6,30,2,6,2,22:25,7,2,9
2023451293410,2023,451293410,1,1,2,1,17,4,2,0,0,2,0,0,9,6,E01030765,7,1,1.0,0.0,-1,6,30,1,4,1,01:02,3,1,9
2023991334748,2023,991334748,2,1,1,2,27,6,1,0,0,0,0,0,9,6,-1,1,1,0.0,0.0,-1,6,40,2,1,2,18:14,7,3,9
2023544183023,2023,544183023,1,1,3,2,53,8,3,10,9,0,0,0,0,5,E01032066,-1,0,0.04872,0.95128,-1,6,30,1,1,1,13:30,5,1,9
2023340WN2892,2023,340WN2892,2,1,1,1,17,4,3,0,0,0,0,0,3,2,E01027128,-1,0,0.2352,0.7648,-1,6,60,1,1,1,07:29,2,2,3
2023010450781,2023,010450781,1,1,1,1,48,8,3,0,0,0,0,0,8,3,E01004212,-1,0,0.0,1.0,-1,6,20,1,1,1,16:15,3,2,8
2023010475109,2023,010475109,1,4,2,-1,32,6,3,0,0,2,0,0,9,5,E01002426,-1,0,0.0,1.0,-1,3,30,1,4,1,19:50,2,1,9
2023201287462,2023,201287462,2,1,1,1,46,8,3,0,0,0,0,0,9,1,E01033650,3,1,0.0,1.0,-1,6,30,2,4,2,01:12,7,2,9
2023430321098,2023,430321098,2,1,1,1,18,4,3,0,0,0,0,0,1,6,E01016340,-1,0,0.10203,0.89797,-1,6,30,1,1,1,19:30,4,2,1
2023010434344,2023,010434344,2,1,1,1,24,5,3,0,0,0,0,0,3,2,E01015807,-1,0,0.0,1.0,-1,6,30,1,1,1,18:00,1,2,3
2023071041529,2023,071041529,2,1,1,2,34,6,3,0,0,0,0,0,9,2,E01012537,-1,0,0.01168,0.98832,-1,6,30,1,1,1,17:40,1,2,9
2023451339641,2023,451339641,1,1,1,2,45,7,3,0,0,0,0,0,9,6,E01002422,3,1,0.0,1.0,-1,1,60,1,4,2,00:30,4,2,9
2023461379711,2023,461379711,1,1,1,2,36,7,3,0,0,0,0,0,9,5,E01024595,3,1,0.0,1.0,-1,6,60,1,1,1,13:48,3,2,9