collision_index,collision_year,collision_ref_no,vehicle_reference,casualty_reference,casualty_class,sex_of_casualty,age_of_casualty,age_band_of_casualty,casualty_severity,pedestrian_location,pedestrian_movement,car_passenger,bus_or_coach_passenger,pedestrian_road_maintenance_worker,casualty_type,casualty_imd_decile,lsoa_of_casualty,enhanced_casualty_severity,casualty_injury_based,casualty_adjusted_severity_serious,casualty_adjusted_severity_slight,casualty_distance_banding,road_type,speed_limit,weather_conditions,light_conditions,road_surface_conditions,time,day_of_week,number_of_vehicles,vehicle_type
2023010462777,2023,010462777,1,1,1,2,22,5,3,0,0,0,0,0,9,1,E01002715,-1,0,0.0,1.0,-1,9,20,9,4,1,01:54,2,1,9
2023351306227,2023,351306227,2,2,1,1,-1,-1,3,0,0,0,0,0,9,5,E01018157,3,1,0.0,1.0,-1,6,30,2,4,2,17:58,5,2,9
2023421272190,2023,421272190,1,2,2,2,40,7,3,0,0,1,0,0,9,-1,-1,3,1,0.0,1.0,-1,6,30,1,6,2,19:15,4,1,9
2023201329482,2023,201329482,1,1,3,2,21,5,2,5,1,0,0,2,0,-1,-1,7,1,1.0,0.0,-1,6,30,1,1,1,09:21,2,1,9
2023211319276,2023,211319276,1,1,3,2,40,7,2,6,5,0,0,0,0,4,E01014268,6,1,1.0,0.0,-1,6,30,1,4,1,23:45,2,1,9
2023351344607,2023,351344607,3,2,1,2,28,6,3,0,0,0,0,0,1,10,E01018295,3,1,0.0,1.0,-1,6,30,1,1,1,18:05,2,3,1
2023010458883,2023,010458883,1,1,1,2,37,7,3,0,0,0,0,0,9,5,E01003480,-1,0,0.0,1.0,-1,6,30,2,4,2,04:30,7,2,9
2023161369594,2023,161369594,1,1,1,1,69,10,3,0,0,0,0,0,9,1,E01013221,3,1,0.0,1.0,-1,6,60,1,5,1,20:09,4,1,9
2023340WN0752,2023,340WN0752,1,1,1,2,34,6,3,0,0,0,0,0,9,6,E01027029,-1,0,0.05607,0.94393,-1,6,60,1,1,2,08:15,2,2,9
2023991294601,2023,991294601,1,1,1,1,26,6,3,0,0,0,0,0,9,-1,-1,3,1,0.0,1.0,-1,6,60,1,1,1,07:20,5,2,9
2023010469160,2023,010469160,1,1,1,2,46,8,3,0,0,0,0,0,9,2,E01000075,-1,0,0.0,1.0,-1,3,50,1,4,1,20:30,6,2,9
2023430158140,2023,430158140,1,5,2,1,16,4,3,0,0,0,4,0,11,-1,-1,-1,0,0.05037,0.94963,-1,3,70,2,4,2,19:52,3,4,11
2023401382919,2023,401382919,1,1,3,1,27,6,2,6,9,0,0,0,0,4,E01016837,7,1,1.0,0.0,-1,3,30,1,4,1,18:35,7,1,9
2023440211660,2023,440211660,1,1,1,1,59,9,2,0,0,0,0,0,5,7,E01031508,-1,0,1.0,0.0,-1,3,70,1,1,1,17:15,1,2,5
2023231338033,2023,231338033,2,1,1,2,39,7,3,0,0,0,0,0,9,7,E01032588,3,1,0.0,1.0,-1,6,30,1,1,1,18:30,2,3,9
2023332300101,2023,332300101,1,2,1,1,38,7,3,0,0,0,0,0,9,6,E01013757,-1,0,0.00922,0.99078,-1,6,30,1,4,1,21:30,5,2,9
2023421300165,2023,421300165,2,1,1,2,36,7,3,0,0,0,0,0,9,1,E01021988,3,1,0.0,1.0,-1,6,30,1,1,1,14:00,3,2,9
2023430055598,2023,430055598,2,1,2,2,25,5,3,0,0,1,0,0,9,4,E01016829,-1,0,0.01601,0.98399,-1,6,30,1,1,1,10:05,2,2,9
2023430337468,2023,430337468,2,1,1,2,20,4,3,0,0,0,0,0,9,1,E01016810,-1,0,0.01489,0.98511,-1,3,70,1,1,1,17:30,7,2,9
2023451342881,2023,451342881,3,1,2,2,9,2,3,0,0,2,0,0,9,8,E01030575,3,1,0.0,1.0,-1,6,30,1,1,1,11:40,4,4,9
2023141314362,2023,141314362,1,2,2,2,12,3,3,0,0,0,0,0,-1,3,E01007680,3,1,0.0,1.0,-1,6,30,1,1,1,18:49,6,2,-1
2023501361641,2023,501361641,1,1,1,2,20,4,3,0,0,0,0,0,9,7,E01018806,3,1,0.0,1.0,-1,3,40,1,4,1,19:45,3,3,9
2023161383783,2023,161383783,1,1,3,2,14,3,3,6,9,0,0,2,0,1,E01012928,3,1,0.0,1.0,-1,6,20,1,1,2,08:30,5,1,9
2023052302397,2023,052302397,2,1,1,1,37,7,2,0,0,0,0,0,1,6,E01007164,-1,0,1.0,0.0,-1,6,30,1,1,1,07:00,7,2,1
2023440050051,2023,440050051,1,1,1,1,17,4,2,0,0,0,0,0,2,5,E01017044,-1,0,1.0,0.0,-1,6,30,1,1,1,09:50,2,2,2
2023141309460,2023,141309460,2,2,2,2,2,1,2,0,0,1,0,0,9,2,E01013038,7,1,1.0,0.0,-1,3,70,1,1,1,14:00,6,2,9
2023201380203,2023,201380203,2,3,2,2,26,6,2,0,0,-1,0,0,9,1,E01013480,7,1,1.0,0.0,-1,7,30,1,1,1,10:07,7,2,9
2023371283830,2023,371283830,2,1,1,1,18,4,3,0,0,0,0,0,9,1,E01033131,3,1,0.0,1.0,-1,6,30,1,1,2,17:00,2,2,9
2023991318552,2023,991318552,1,1,1,1,23,5,3,0,0,0,0,0,9,2,-1,3,1,0.0,1.0,-1,6,60,1,1,1,08:50,4,1,9
2023041316990,2023,041316990,1,1,1,2,25,5,2,0,0,0,0,0,9,6,E01025325,7,1,1.0,0.0,-1,6,30,1,1,1,13:25,7,2,9
2023070725850,2023,070725850,3,1,2,2,38,7,3,0,0,1,0,0,9,4,E01006854,-1,0,0.01596,0.98404,-1,3,40,1,1,1,11:46,3,4,9
2023421319546,2023,421319546,2,2,1,2,57,9,2,0,0,0,0,0,9,9,E01021682,7,1,1.0,0.0,-1,6,30,1,1,1,16:40,6,2,9
2023461321184,2023,461321184,2,2,2,2,54,8,3,0,0,1,0,0,9,5,E01031583,3,1,0.0,1.0,-1,3,70,1,1,1,19:00,7,3,9
202363A031323,2023,63A031323,1,1,3,2,11,3,2,5,1,0,0,0,0,-1,-1,-1,0,1.0,0.0,-1,6,30,1,1,1,12:20,1,1,9
2023041267683,2023,041267683,2,1,1,1,40,7,3,0,0,0,0,0,9,6,E01025002,3,1,0.0,1.0,-1,6,30,2,1,2,08:35,4,2,9
2023161259768,2023,161259768,1,1,1,1,41,7,3,0,0,0,0,0,9,8,E01007502,3,1,0.0,1.0,-1,3,40,1,4,1,20:30,4,1,9
2023221278926,2023,221278926,1,1,1,1,17,4,2,0,0,0,0,0,9,5,E01028869,5,1,1.0,0.0,-1,6,60,1,1,2,11:59,7,2,9
2023010421737,2023,010421737,1,1,1,1,35,6,3,0,0,0,0,0,3,6,E01003434,-1,0,0.0,1.0,-1,6,30,1,1,1,16:01,2,2,3
2023471272162,2023,471272162,2,1,1,2,25,5,3,0,0,0,0,0,3,3,E01031830,3,1,0.0,1.0,-1,6,30,1,4,1,18:05,6,2,3
2023501283529,2023,501283529,1,1,1,1,28,6,3,0,0,0,0,0,3,1,E01015048,3,1,0.0,1.0,-1,6,30,1,1,1,15:55,2,2,3
2023501366639,2023,501366639,1,1,1,1,18,4,2,0,0,0,0,0,3,3,E01015206,7,1,1.0,0.0,-1,6,30,2,4,2,21:10,3,2,3
2023010473838,2023,010473838,1,1,3,1,13,3,2,1,1,0,0,0,0,2,E01000930,-1,0,1.0,0.0,-1,6,20,2,4,2,19:30,4,1,3
2023010434434,2023,010434434,2,1,1,1,33,6,3,0,0,0,0,0,2,3,E01000010,-1,0,0.0,1.0,-1,6,30,1,1,1,11:20,2,2,2
2023010431535,2023,010431535,1,1,1,2,19,4,3,0,0,0,0,0,9,4,E01003803,-1,0,0.0,1.0,-1,2,20,1,4,1,04:45,7,1,9
2023010462606,2023,010462606,1,2,2,2,26,6,3,0,0,1,0,0,9,4,E01003117,-1,0,0.0,1.0,-1,1,30,2,1,2,16:55,7,2,9
2023361357758,2023,361357758,1,2,1,2,85,11,3,0,0,0,0,0,9,4,E01026728,3,1,0.0,1.0,-1,6,60,1,1,1,15:49,6,2,9
2023451387395,2023,451387395,2,1,1,1,58,9,3,0,0,0,0,0,9,6,E01030827,3,1,0.0,1.0,-1,6,50,1,6,2,19:30,2,2,9
2023501353279,2023,501353279,2,1,1,2,71,10,2,0,0,0,0,0,9,7,E01015127,7,1,1.0,0.0,-1,6,30,1,1,1,11:55,7,3,9
2023161358379,2023,161358379,1,2,2,2,30,6,3,0,0,0,4,0,11,6,E01013072,3,1,0.0,1.0,-1,6,30,1,1,1,13:20,6,1,11
2023010466430,2023,010466430,1,1,3,2,9,2,3,10,9,0,0,0,0,6,E01001040,-1,0,0.0,1.0,-1,6,30,1,1,1,13:30,7,1,9
2023010486240,2023,010486240,1,1,1,1,16,4,2,0,0,0,0,0,5,5,E01004521,-1,0,1.0,0.0,-1,6,30,5,4,2,19:46,4,3,5
2023471327925,2023,471327925,2,1,2,1,0,1,3,0,0,0,4,0,11,1,E01020972,3,1,0.0,1.0,-1,1,30,1,1,1,12:14,2,2,11
2023430342477,2023,430342477,1,1,1,1,40,7,3,0,0,0,0,0,9,10,E01017764,-1,0,0.01805,0.98195,-1,6,60,1,1,1,10:01,3,2,9
2023991348004,2023,991348004,2,1,1,1,63,9,2,0,0,0,0,0,9,8,-1,6,1,1.0,0.0,-1,6,60,1,1,1,16:20,7,2,9
2023141277981,2023,141277981,1,1,3,1,19,4,3,1,9,0,0,0,0,9,E01019615,3,1,0.0,1.0,-1,6,30,1,4,1,22:25,7,1,9
2023010426297,2023,010426297,1,1,1,1,49,8,3,0,0,0,0,0,1,4,E01002894,-1,0,0.0,1.0,-1,3,20,1,1,1,14:15,4,1,1
2023010466709,2023,010466709,2,2,1,1,52,8,3,0,0,0,0,0,9,3,E01001169,-1,0,0.0,1.0,-1,6,30,2,1,2,07:30,2,2,9
2023631333819,2023,631333819,1,2,2,1,19,4,2,0,0,2,0,0,9,4,W01000652,7,1,1.0,0.0,-1,6,60,5,6,2,23:25,4,1,9
2023552300012,2023,552300012,1,1,3,2,68,10,3,1,1,0,0,0,0,9,E01028760,-1,0,0.18436,0.81564,-1,6,30,1,1,1,12:05,4,1,9
2023540392823,2023,540392823,1,1,1,1,8,2,3,0,0,0,0,0,1,8,E01031988,-1,0,0.08256,0.91744,-1,6,30,1,1,2,08:55,5,2,1
2023052300093,2023,052300093,1,2,2,1,17,4,3,0,0,2,0,0,8,2,E01006624,-1,0,0.04607,0.95393,-1,3,30,5,4,2,00:40,5,1,8
2023141317158,2023,141317158,1,1,2,2,35,6,3,0,0,1,0,0,9,6,E01007452,3,1,0.0,1.0,-1,6,40,1,1,1,17:35,7,2,9
2023170S12313,2023,170S12313,1,3,2,2,15,3,3,0,0,1,0,0,9,7,E01012202,-1,0,0.03947,0.96053,-1,3,30,2,4,2,20:20,5,2,9
2023211421798,2023,211421798,1,1,1,1,24,5,3,0,0,0,0,0,9,-1,-1,3,1,0.0,1.0,-1,1,70,1,4,1,23:04,7,2,9
2023411269796,2023,411269796,2,1,1,2,56,9,3,0,0,0,0,0,9,10,E01023313,3,1,0.0,1.0,-1,3,30,1,1,1,14:50,6,2,9
2023131388410,2023,131388410,1,2,1,1,40,7,3,0,0,0,0,0,9,4,E01011039,3,1,0.0,1.0,-1,6,30,1,4,2,19:46,5,2,9
2023522324573,2023,522324573,2,1,1,2,42,7,3,0,0,0,0,0,9,5,E01015005,-1,0,0.01558,0.98442,-1,6,30,2,1,2,08:47,3,2,9
2023131328333,2023,131328333,1,3,2,2,23,5,2,0,0,2,0,0,9,1,E01010736,7,1,1.0,0.0,-1,1,30,2,1,2,14:35,7,2,9
2023610049723,2023,610049723,2,3,2,1,9,2,3,0,0,1,0,0,9,3,W01001335,-1,0,0.03105,0.96895,-1,3,60,1,1,1,09:10,3,2,9
2023122300208,2023,122300208,2,1,1,1,33,6,3,0,0,0,0,0,1,2,E01013349,-1,0,0.18555,0.81445,-1,6,60,1,6,1,22:09,6,2,1
2023010461916,2023,010461916,3,3,1,1,37,7,2,0,0,0,0,0,-1,2,E01003258,-1,0,1.0,0.0,-1,3,20,1,1,1,17:02,3,3,-1
2023401333654,2023,401333654,2,1,2,1,19,4,3,0,0,0,0,0,1,1,E01017477,3,1,0.0,1.0,-1,6,30,1,1,1,11:39,4,2,1
2023361381082,2023,361381082,1,1,1,1,17,4,3,0,0,0,0,0,3,6,E01026430,3,1,0.0,1.0,-1,6,30,1,4,1,22:25,2,1,3
2023010437630,2023,010437630,1,1,1,1,33,6,3,0,0,0,0,0,9,7,E01004134,-1,0,0.0,1.0,-1,6,30,1,4,1,00:04,1,2,9
2023041298556,2023,041298556,1,3,1,1,66,10,3,0,0,0,0,0,9,3,E01025469,3,1,0.0,1.0,-1,6,40,1,1,1,11:00,5,2,9
2023501273569,2023,501273569,1,1,1,1,49,8,3,0,0,0,0,0,19,5,E01018896,3,1,0.0,1.0,-1,6,50,1,1,1,17:45,3,2,19
2023461374429,2023,461374429,1,1,1,-1,-1,-1,3,0,0,0,0,0,1,-1,-1,3,1,0.0,1.0,-1,1,30,1,4,1,22:40,2,2,1
2023010442377,2023,010442377,1,1,1,1,34,6,3,0,0,0,0,0,3,5,E01000505,-1,0,0.0,1.0,-1,9,20,1,1,1,13:00,6,2,3
2023481368788,2023,481368788,1,2,2,1,59,9,3,0,0,2,0,0,8,-1,-1,3,1,0.0,1.0,-1,6,20,1,1,1,09:10,4,2,8
2023201454508,2023,201454508,2,1,1,2,36,7,3,0,0,0,0,0,9,2,E01010419,3,1,0.0,1.0,-1,7,40,1,4,1,17:19,3,3,9
2023010434299,2023,010434299,2,1,2,1,6,2,3,0,0,1,0,0,9,4,E01003722,-1,0,0.0,1.0,-1,3,30,2,1,2,12:14,7,2,9
2023041459869,2023,041459869,2,1,2,1,23,5,3,0,0,1,0,0,9,1,E01012736,3,1,0.0,1.0,-1,6,30,8,1,1,18:51,2,3,9
2023421288645,2023,421288645,2,2,2,2,98,11,3,0,0,2,0,0,9,3,E01015986,3,1,0.0,1.0,-1,6,30,1,1,2,10:08,2,2,9
2023010465778,2023,010465778,2,1,1,1,34,6,3,0,0,0,0,0,-1,2,E01002075,-1,0,0.0,1.0,-1,6,20,1,1,1,18:30,4,2,-1
2023041316912,2023,041316912,2,1,1,2,58,9,2,0,0,0,0,0,1,9,E01005049,6,1,1.0,0.0,-1,6,30,1,1,1,13:09,2,2,1
2023302300823,2023,302300823,1,1,1,2,59,9,2,0,0,0,0,0,1,5,E01019741,-1,0,1.0,0.0,-1,6,50,1,1,1,14:00,6,2,1
2023010472175,2023,010472175,1,1,1,1,34,6,3,0,0,0,0,0,3,2,E01000628,-1,0,0.0,1.0,-1,6,30,1,4,1,22:30,1,2,3
2023010463461,2023,010463461,1,1,1,1,22,5,3,0,0,0,0,0,9,2,E01000087,-1,0,0.0,1.0,-1,6,20,1,4,1,20:30,5,2,9
2023122301065,2023,122301065,3,1,2,2,24,5,3,0,0,2,0,0,9,1,E01012068,-1,0,0.02301,0.97699,-1,6,60,1,1,1,15:04,7,4,9
2023141343513,2023,141343513,1,1,1,1,59,9,3,0,0,0,0,0,9,-1,-1,3,1,0.0,1.0,-1,6,30,1,4,1,00:40,1,2,9
2023302301842,2023,302301842,1,1,1,2,35,6,3,0,0,0,0,0,9,9,E01013556,-1,0,0.0089,0.9911,-1,6,60,9,1,1,14:00,2,2,9
2023311373412,2023,311373412,1,1,1,2,21,5,3,0,0,0,0,0,9,6,E01027971,3,1,0.0,1.0,-1,6,40,1,1,1,15:33,7,2,9
2023421282827,2023,421282827,1,3,2,1,10,2,3,0,0,1,0,0,9,7,E01021897,3,1,0.0,1.0,-1,6,40,1,1,1,16:19,6,2,9
2023451321524,2023,451321524,1,1,1,2,84,11,2,0,0,0,0,0,9,5,E01030743,6,1,1.0,0.0,-1,3,30,1,4,1,20:15,4,2,9
2023401324465,2023,401324465,1,1,1,1,26,6,3,0,0,0,0,0,97,5,E01017440,3,1,0.0,1.0,-1,6,30,1,1,1,11:21,2,3,97
2023421379345,2023,421379345,1,1,3,1,67,10,3,10,3,0,0,0,0,3,E01021594,3,1,0.0,1.0,-1,6,20,1,1,1,10:14,6,1,9
2023141278245,2023,141278245,2,1,1,1,45,7,3,0,0,0,0,0,1,9,E01007862,3,1,0.0,1.0,-1,3,40,4,1,1,09:05,2,2,1
2023522301752,2023,522301752,2,1,1,1,12,3,3,0,0,0,0,0,1,4,E01014676,-1,0,0.07237,0.92763,-1,6,20,1,1,1,12:00,1,2,1
2023201376775,2023,201376775,2,2,1,2,76,11,3,0,0,0,0,0,9,5,E01008974,3,1,0.0,1.0,-1,6,30,1,4,1,17:50,5,2,9
2023440484042,2023,440484042,2,3,2,2,89,11,2,0,0,1,0,0,9,-1,-1,-1,0,1.0,0.0,-1,6,60,2,1,2,15:50,1,2,9
2023201339239,2023,201339239,1,1,3,2,13,3,3,5,3,0,0,0,0,10,E01009899,3,1,0.0,1.0,-1,6,30,1,1,1,16:30,5,1,9
2023111272683,2023,111272683,2,1,1,1,15,3,3,0,0,0,0,0,1,1,E01020873,3,1,0.0,1.0,-1,6,30,1,4,1,19:18,3,2,1
2023421323586,2023,421323586,2,1,1,2,48,8,3,0,0,0,0,0,9,9,E01021456,3,1,0.0,1.0,-1,6,30,1,1,1,15:22,6,2,9
2023461325904,2023,461325904,1,1,1,1,32,6,2,0,0,0,0,0,5,3,E01024482,5,1,1.0,0.0,-1,7,50,2,1,2,16:05,3,1,5
2023451345788,2023,451345788,2,2,1,1,39,7,3,0,0,0,0,0,9,9,E01030828,3,1,0.0,1.0,-1,6,30,1,1,1,08:47,7,2,9
2023991373349,2023,991373349,2,2,2,1,72,10,3,0,0,1,0,0,9,10,-1,3,1,0.0,1.0,-1,6,60,1,1,1,11:56,7,2,9
2023451313058,2023,451313058,1,1,3,2,11,3,2,8,2,0,0,0,0,10,E01030566,7,1,1.0,0.0,-1,6,30,1,1,1,12:55,2,1,9
2023010469785,2023,010469785,1,1,1,1,42,7,3,0,0,0,0,0,1,7,E01015920,-1,0,0.0,1.0,-1,6,30,1,4,1,19:45,3,2,1
2023440026043,2023,440026043,1,1,1,1,14,3,3,0,0,0,0,0,1,9,E01022727,-1,0,0.11468,0.88532,-1,6,30,1,1,1,16:00,5,2,1
2023991297606,2023,991297606,2,2,2,2,78,11,2,0,0,1,0,0,9,10,-1,7,1,1.0,0.0,-1,6,60,1,1,2,10:25,3,2,9
2023161274965,2023,161274965,1,1,3,2,9,2,3,5,2,0,0,2,0,1,E01012865,3,1,0.0,1.0,-1,6,30,1,1,1,15:30,4,1,9
2023991307691,2023,991307691,1,1,3,2,10,2,2,4,1,0,0,2,0,6,-1,7,1,1.0,0.0,-1,6,30,1,1,1,19:03,2,1,9
2023010475602,2023,010475602,1,1,1,1,27,6,3,0,0,0,0,0,2,5,E01004461,-1,0,0.0,1.0,-1,6,20,1,4,2,00:45,6,2,2
2023010445608,2023,010445608,1,1,1,2,25,5,3,0,0,0,0,0,9,4,E01002267,-1,0,0.0,1.0,-1,9,30,8,1,1,17:15,6,2,9
2023101374438,2023,101374438,2,1,1,1,33,6,3,0,0,0,0,0,9,1,E01027412,3,1,0.0,1.0,-1,3,60,1,1,2,09:51,7,2,9
2023461349899,2023,461349899,1,2,1,1,19,4,2,0,0,0,0,0,9,-1,-1,5,1,1.0,0.0,-1,6,40,1,1,1,07:09,1,2,9
2023010472751,2023,010472751,2,1,1,1,57,9,2,0,0,0,0,0,1,3,E01001264,-1,0,1.0,0.0,-1,7,20,2,1,2,18:00,4,2,1
2023052301875,2023,052301875,1,1,1,2,27,6,3,0,0,0,0,0,9,4,E01033762,-1,0,0.08506,0.91494,-1,3,30,1,1,1,00:06,6,1,9
2023211273470,2023,211273470,2,1,1,1,62,9,3,0,0,0,0,0,9,9,E01014325,3,1,0.0,1.0,-1,6,30,1,4,1,20:50,6,2,9
2023401267804,2023,401267804,1,1,1,1,76,11,3,0,0,0,0,0,9,8,E01017465,3,1,0.0,1.0,-1,6,30,1,1,2,15:42,5,1,9
2023361372845,2023,361372845,1,1,3,1,18,4,3,9,7,0,0,0,0,3,E01026740,3,1,0.0,1.0,-1,6,30,1,1,2,07:39,6,1,11
2023461377742,2023,461377742,1,1,3,2,66,10,3,5,3,0,0,0,0,10,E01024426,3,1,0.0,1.0,-1,6,30,2,4,2,17:36,5,1,9
2023302301516,2023,302301516,2,1,1,2,34,6,3,0,0,0,0,0,1,9,E01013556,-1,0,0.05037,0.94963,-1,1,30,1,1,2,07:00,2,2,1
2023332300765,2023,332300765,1,1,1,1,59,9,3,0,0,0,0,0,1,9,E01025859,-1,0,0.03553,0.96447,-1,6,30,2,1,2,17:00,3,2,1
2023461320587,2023,461320587,2,1,1,1,52,8,3,0,0,0,0,0,5,1,E01024676,3,1,0.0,1.0,-1,6,30,1,1,1,15:45,6,2,5
2023440340998,2023,440340998,1,1,1,2,32,6,3,0,0,0,0,0,9,7,E01032881,-1,0,0.05781,0.94219,-1,6,20,1,1,1,10:15,4,2,9
2023991308428,2023,991308428,1,2,2,1,65,9,3,0,0,1,0,0,9,6,-1,3,1,0.0,1.0,-1,3,50,1,1,1,11:43,4,2,9
2023131353110,2023,131353110,1,1,1,1,22,5,3,0,0,0,0,0,4,8,E01011590,3,1,0.0,1.0,-1,6,30,1,1,1,12:47,7,2,4
2023461278357,2023,461278357,1,1,1,2,74,10,3,0,0,0,0,0,9,7,E01024316,3,1,0.0,1.0,-1,3,70,1,4,1,18:20,3,2,9
2023501342691,2023,501342691,2,1,1,1,27,6,3,0,0,0,0,0,9,8,E01020170,3,1,0.0,1.0,-1,9,30,1,1,1,08:53,6,2,9
2023421275602,2023,421275602,1,1,3,1,45,7,3,6,9,0,0,0,0,5,E01021720,3,1,0.0,1.0,-1,9,20,1,4,1,19:21,5,1,9
2023440051898,2023,440051898,1,1,3,2,50,8,3,10,1,0,0,0,0,7,E01022979,-1,0,0.09047,0.90953,-1,6,30,1,1,2,08:30,3,1,9
2023461323082,2023,461323082,1,1,3,1,27,6,2,6,9,0,0,0,0,6,E01024136,7,1,1.0,0.0,-1,6,30,2,4,2,21:13,1,1,9
2023421392889,2023,421392889,1,1,1,1,18,4,3,0,0,0,0,0,9,10,E01021929,3,1,0.0,1.0,-1,6,30,8,4,2,18:58,3,3,9
2023547703023,2023,547703023,2,2,2,2,6,2,3,0,0,1,0,0,9,1,E01015545,-1,0,0.00192,0.99808,-1,6,30,1,1,1,08:45,5,2,9
2023010446109,2023,010446109,1,1,1,2,51,8,3,0,0,0,0,0,9,3,E01002283,-1,0,0.0,1.0,-1,9,30,9,1,9,08:59,5,2,9
2023010468575,2023,010468575,1,1,1,2,36,7,3,0,0,0,0,0,9,2,E01002786,-1,0,0.0,1.0,-1,6,20,1,1,1,08:20,4,2,9
2023320351028,2023,320351028,1,2,2,2,40,7,2,0,0,1,0,0,9,8,E01026237,-1,0,1.0,0.0,-1,6,60,1,1,1,16:15,5,5,9
2023401268365,2023,401268365,1,1,1,1,27,6,3,0,0,0,0,0,9,6,E01026213,3,1,0.0,1.0,-1,3,60,1,4,1,16:58,7,2,9
2023131291379,2023,131291379,1,1,3,1,75,10,2,1,1,0,0,2,0,4,E01010595,7,1,1.0,0.0,-1,6,30,2,1,2,13:05,3,1,9
2023010479620,2023,010479620,1,1,1,1,26,6,3,0,0,0,0,0,1,-1,-1,-1,0,0.0,1.0,-1,2,20,1,4,1,20:56,3,2,1
2023361353471,2023,361353471,2,1,1,1,44,7,2,0,0,0,0,0,5,3,E01026747,6,1,1.0,0.0,-1,6,50,1,1,1,16:04,6,3,5
2023052400060,2023,052400060,1,1,1,1,28,6,2,0,0,0,0,0,9,1,E01006437,-1,0,1.0,0.0,-1,3,40,1,4,2,01:50,2,3,9
2023131308567,2023,131308567,1,1,2,2,35,6,3,0,0,1,0,0,9,4,E01010834,3,1,0.0,1.0,-1,6,30,1,4,1,01:55,3,2,9
2023010452249,2023,010452249,1,1,1,1,26,6,3,0,0,0,0,0,9,2,E01002664,-1,0,0.0,1.0,-1,6,20,1,1,1,13:30,5,2,9
2023041288783,2023,041288783,1,1,1,2,20,4,3,0,0,0,0,0,9,10,E01025424,3,1,0.0,1.0,-1,6,30,2,4,2,21:05,1,2,9
2023430142120,2023,430142120,2,2,1,1,21,5,3,0,0,0,0,0,9,10,E01016333,-1,0,0.02912,0.97088,-1,1,30,2,1,2,15:33,6,2,9
2023010471257,2023,010471257,1,1,3,2,52,8,2,1,3,0,0,0,0,5,E01002660,-1,0,1.0,0.0,-1,3,20,1,4,1,19:50,3,1,9
2023131360517,2023,131360517,1,1,3,1,44,7,3,9,7,0,0,1,0,1,E01010994,3,1,0.0,1.0,-1,6,20,1,1,1,14:07,7,1,3
2023010467066,2023,010467066,1,1,1,1,17,4,2,0,0,0,0,0,1,6,E01001275,-1,0,1.0,0.0,-1,3,20,1,4,1,19:50,3,2,1
2023010428776,2023,010428776,1,1,1,1,28,6,3,0,0,0,0,0,3,5,E01000994,-1,0,0.0,1.0,-1,6,20,1,1,1,12:57,5,2,3
2023101358583,2023,101358583,1,1,1,1,47,8,3,0,0,0,0,0,4,4,E01008510,3,1,0.0,1.0,-1,6,30,2,1,2,13:20,6,2,4
2023991292994,2023,991292994,1,1,1,1,48,8,2,0,0,0,0,0,5,8,-1,6,1,1.0,0.0,-1,6,30,1,1,1,18:18,1,2,5
2023061305526,2023,061305526,1,1,1,1,21,5,3,0,0,0,0,0,9,3,E01005726,3,1,0.0,1.0,-1,6,30,1,4,1,01:40,4,1,9
2023161268564,2023,161268564,2,1,1,1,33,6,3,0,0,0,0,0,9,4,E01012797,3,1,0.0,1.0,-1,6,30,1,4,2,18:35,5,2,9
2023231321895,2023,231321895,1,1,1,1,29,6,3,0,0,0,0,0,9,6,E01031051,3,1,0.0,1.0,-1,6,60,2,1,2,16:15,1,1,9
2023461349410,2023,461349410,2,1,1,2,69,10,3,0,0,0,0,0,9,7,E01024252,3,1,0.0,1.0,-1,6,30,1,1,1,08:43,3,4,9
2023302300977,2023,302300977,1,1,2,2,49,8,3,0,0,1,0,0,9,1,E01005758,-1,0,0.0897,0.9103,-1,6,50,1,1,1,14:25,3,3,9
2023122301248,2023,122301248,2,1,1,1,40,7,3,0,0,0,0,0,1,10,E01010694,-1,0,0.19039,0.80961,-1,6,60,1,1,2,11:50,1,2,1
2023461392616,2023,461392616,2,2,1,1,28,6,3,0,0,0,0,0,9,1,E01015736,3,1,0.0,1.0,-1,3,70,4,4,2,05:11,5,2,9
2023451312245,2023,451312245,1,1,1,1,60,9,2,0,0,0,0,0,3,8,E01019961,7,1,1.0,0.0,-1,6,30,1,1,1,13:15,2,2,3
2023010483048,2023,010483048,1,1,1,2,43,7,2,0,0,0,0,0,9,10,E01001108,-1,0,1.0,0.0,-1,6,30,4,4,1,17:00,7,1,9
2023070663111,2023,070663111,2,2,1,1,20,4,3,0,0,0,0,0,9,10,E01018587,-1,0,0.07022,0.92978,-1,6,30,2,4,2,22:15,6,3,9
2023010473476,2023,010473476,1,3,2,1,42,7,3,0,0,0,4,0,11,1,E01003075,-1,0,0.0,1.0,-1,6,20,1,4,1,18:22,1,2,11
2023010441947,2023,010441947,1,1,1,1,27,6,3,0,0,0,0,0,3,3,E01000929,-1,0,0.0,1.0,-1,3,20,4,1,1,17:10,6,2,3
2023430190921,2023,430190921,3,2,2,1,52,8,2,0,0,2,0,0,9,-1,-1,-1,0,1.0,0.0,-1,6,60,1,1,1,16:28,3,3,9
2023991358086,2023,991358086,1,1,1,1,47,8,2,0,0,0,0,0,9,7,-1,6,1,1.0,0.0,-1,6,60,1,1,1,09:45,3,3,9
2023010434480,2023,010434480,2,2,1,1,34,6,3,0,0,0,0,0,19,5,E01021865,-1,0,0.0,1.0,-1,6,20,1,1,1,12:13,2,2,19