collision_index,collision_year,collision_ref_no,vehicle_reference,casualty_reference,casualty_class,sex_of_casualty,age_of_casualty,age_band_of_casualty,casualty_severity,pedestrian_location,pedestrian_movement,car_passenger,bus_or_coach_passenger,pedestrian_road_maintenance_worker,casualty_type,casualty_imd_decile,lsoa_of_casualty,enhanced_casualty_severity,casualty_injury_based,casualty_adjusted_severity_serious,casualty_adjusted_severity_slight,casualty_distance_banding,road_type,speed_limit,weather_conditions,light_conditions,road_surface_conditions,time,day_of_week,number_of_vehicles,vehicle_type
2023052302665,2023,052302665,2,2,1,2,71,10,3,0,0,0,0,0,9,1,E01006758,-1,0,0.06121,0.93879,-1,3,30,2,4,2,19:55,2,3,9
2023131299610,2023,131299610,2,1,1,2,44,7,3,0,0,0,0,0,9,7,E01011416,3,1,0.0,1.0,-1,3,70,1,1,1,07:20,6,3,9
2023211339054,2023,211339054,2,1,1,1,55,8,2,0,0,0,0,0,1,9,E01029724,5,1,1.0,0.0,-1,6,40,1,1,1,17:18,6,2,1
2023552300319,2023,552300319,1,1,1,1,12,3,3,0,0,0,0,0,1,9,E01015412,-1,0,0.10941,0.89059,-1,6,30,1,1,2,15:49,2,2,1
2023010458702,2023,010458702,1,1,3,1,23,5,3,1,2,0,0,0,0,8,E01033724,-1,0,0.0,1.0,-1,7,30,1,4,9,21:20,1,1,9
2023231330670,2023,231330670,1,1,3,2,25,5,3,6,9,0,0,0,0,-1,-1,3,1,0.0,1.0,-1,6,30,2,1,2,08:45,6,1,9
2023101319999,2023,101319999,2,1,1,1,34,6,3,0,0,0,0,0,19,2,E01020618,3,1,0.0,1.0,-1,1,40,1,1,1,15:00,5,2,19
2023461339025,2023,461339025,1,1,1,1,31,6,3,0,0,0,0,0,19,4,E01024219,3,1,0.0,1.0,-1,6,30,1,1,1,23:03,6,2,19
2023161328940,2023,161328940,1,1,3,2,24,5,3,9,9,0,0,0,0,1,E01012893,3,1,0.0,1.0,-1,6,30,1,1,1,16:00,5,1,9
2023421299380,2023,421299380,1,1,1,1,33,6,2,0,0,0,0,0,1,-1,-1,6,1,1.0,0.0,-1,6,30,1,1,1,11:45,5,2,1
2023201285217,2023,201285217,1,1,1,1,-1,-1,2,0,0,0,0,0,9,-1,-1,6,1,1.0,0.0,-1,6,40,1,1,1,15:45,6,2,9
2023520301122,2023,520301122,1,1,1,1,21,5,3,0,0,0,0,0,9,5,E01029229,-1,0,0.02423,0.97577,-1,1,50,2,1,2,12:36,4,2,9
2023010457180,2023,010457180,1,2,3,1,2,1,3,1,1,0,0,0,0,5,E01001889,-1,0,0.0,1.0,-1,6,30,1,1,1,16:45,3,1,1
2023041377471,2023,041377471,1,1,3,2,13,3,3,9,7,0,0,2,0,6,E01025608,3,1,0.0,1.0,-1,6,20,1,1,1,08:30,4,1,9
2023010430520,2023,010430520,2,1,1,1,25,5,3,0,0,0,0,0,1,3,E01000957,-1,0,0.0,1.0,-1,6,20,1,1,1,14:20,1,2,1
2023010481324,2023,010481324,1,1,1,1,21,5,3,0,0,0,0,0,3,4,E01001173,-1,0,0.0,1.0,-1,9,30,1,1,1,09:00,2,2,3
2023122301085,2023,122301085,1,1,1,1,61,9,3,0,0,0,0,0,5,5,E01027796,-1,0,0.2537,0.7463,-1,6,60,1,1,1,12:10,7,1,5
2023131358234,2023,131358234,2,2,2,2,25,5,3,0,0,1,0,0,9,9,E01013016,3,1,0.0,1.0,-1,1,70,2,1,2,13:25,1,2,9
2023141299125,2023,141299125,4,3,1,1,34,6,3,0,0,0,0,0,9,3,E01007800,3,1,0.0,1.0,-1,6,60,1,1,1,17:00,4,4,9
2023451347369,2023,451347369,1,1,1,2,75,10,3,0,0,0,0,0,9,10,E01030509,3,1,0.0,1.0,-1,6,30,1,1,1,16:00,4,2,9
2023501389382,2023,501389382,1,1,1,1,63,9,3,0,0,0,0,0,9,5,E01018791,3,1,0.0,1.0,-1,6,30,2,4,2,15:51,1,1,9
2023461339749,2023,461339749,2,1,1,1,33,6,3,0,0,0,0,0,3,5,E01024831,3,1,0.0,1.0,-1,6,20,1,1,1,16:20,5,2,3
2023320622297,2023,320622297,2,1,2,2,13,3,3,0,0,1,0,0,9,8,E01026368,-1,0,0.05977,0.94023,-1,6,60,1,1,1,15:40,6,2,9
2023991327770,2023,991327770,1,1,1,1,19,4,3,0,0,0,0,0,9,2,-1,3,1,0.0,1.0,-1,1,60,1,1,1,20:48,6,1,9
2023010450158,2023,010450158,1,1,3,2,38,7,3,5,9,0,0,0,0,2,E01001250,-1,0,0.0,1.0,-1,3,30,1,1,1,19:12,2,1,9
2023991292626,2023,991292626,2,5,2,2,54,8,3,0,0,2,0,0,8,1,-1,3,1,0.0,1.0,-1,6,30,1,1,1,20:08,6,2,8
2023070518345,2023,070518345,1,1,2,1,24,5,3,0,0,1,0,0,9,2,E01018714,-1,0,0.07173,0.92827,-1,3,70,1,4,1,22:28,4,2,9
2023010473532,2023,010473532,2,1,1,1,32,6,3,0,0,0,0,0,1,9,E01030519,-1,0,0.0,1.0,-1,6,20,9,4,1,06:00,2,2,1
2023430262050,2023,430262050,2,1,1,1,40,7,3,0,0,0,0,0,3,-1,-1,-1,0,0.1719,0.8281,-1,6,30,1,4,1,21:14,4,2,3
2023451275895,2023,451275895,1,1,2,2,9,2,3,0,0,2,0,0,9,5,E01030337,3,1,0.0,1.0,-1,6,30,1,1,1,16:40,2,2,9
2023041352911,2023,041352911,1,3,1,1,31,6,3,0,0,0,0,0,19,7,E01025028,3,1,0.0,1.0,-1,3,70,1,1,1,07:50,4,4,19
2023461275446,2023,461275446,2,2,1,1,30,6,1,0,0,0,0,0,19,2,E01024246,1,1,0.0,0.0,-1,6,60,1,6,1,05:10,2,2,19
2023421368394,2023,421368394,2,1,1,1,20,4,3,0,0,0,0,0,1,4,E01021706,3,1,0.0,1.0,-1,6,30,1,1,1,12:19,2,2,1
2023101265033,2023,101265033,1,1,1,2,64,9,3,0,0,0,0,0,9,1,E01008382,3,1,0.0,1.0,-1,6,30,1,1,2,10:40,4,2,9
2023411303974,2023,411303974,2,1,1,1,30,6,3,0,0,0,0,0,9,1,E01015732,3,1,0.0,1.0,-1,6,30,2,4,-1,22:41,5,2,9
2023010442021,2023,010442021,1,1,3,1,30,6,3,5,3,0,0,0,0,-1,-1,-1,0,0.0,1.0,-1,6,20,1,1,1,12:15,4,1,9
2023471302110,2023,471302110,1,1,1,1,26,6,3,0,0,0,0,0,1,6,E01016912,3,1,0.0,1.0,-1,6,20,1,1,1,18:08,6,1,1
2023421316735,2023,421316735,2,1,1,1,52,8,2,0,0,0,0,0,5,5,E01021491,6,1,1.0,0.0,-1,7,50,1,1,1,07:00,6,2,5
2023010420027,2023,010420027,1,1,1,1,76,11,3,0,0,0,0,0,9,8,E01002163,-1,0,0.0,1.0,-1,6,20,1,4,2,19:28,6,2,9
2023361323712,2023,361323712,2,1,1,2,58,9,3,0,0,0,0,0,9,4,E01033041,3,1,0.0,1.0,-1,6,50,1,1,1,14:35,6,2,9
2023440047067,2023,440047067,1,1,1,1,23,5,3,0,0,0,0,0,9,3,E01023157,-1,0,0.10671,0.89329,-1,6,40,1,4,1,20:40,6,2,9
2023421372099,2023,421372099,2,1,1,1,61,9,3,0,0,0,0,0,1,5,E01021890,3,1,0.0,1.0,-1,6,30,2,4,2,17:20,5,2,1
2023010448131,2023,010448131,1,1,1,2,37,7,3,0,0,0,0,0,9,3,E01002284,-1,0,0.0,1.0,-1,6,30,1,1,1,09:44,7,2,9
2023041267069,2023,041267069,1,1,1,1,67,10,3,0,0,0,0,0,9,4,E01024889,3,1,0.0,1.0,-1,6,30,8,6,2,17:30,2,2,9
2023131279515,2023,131279515,2,4,2,1,49,8,3,0,0,2,0,0,9,4,E01010669,3,1,0.0,1.0,-1,6,30,1,4,1,22:00,4,2,9
2023471335873,2023,471335873,1,2,2,2,15,3,3,0,0,1,0,0,9,3,E01001117,3,1,0.0,1.0,-1,3,70,1,1,1,11:40,7,2,9
2023010465331,2023,010465331,2,1,1,1,70,10,3,0,0,0,0,0,-1,4,E01004375,-1,0,0.0,1.0,-1,6,30,1,1,1,10:15,2,2,-1
2023010441255,2023,010441255,1,2,3,2,9,2,3,4,1,0,0,0,0,2,E01004014,-1,0,0.0,1.0,-1,6,30,9,1,1,08:50,6,1,11
2023052302450,2023,052302450,1,1,3,1,23,5,3,5,3,0,0,0,0,4,E01007153,-1,0,0.15537,0.84463,-1,6,30,1,4,1,03:00,7,1,9
2023131285109,2023,131285109,1,1,1,1,31,6,3,0,0,0,0,0,3,1,E01010782,3,1,0.0,1.0,-1,6,40,1,4,1,18:10,4,2,3
2023070049814,2023,070049814,1,1,1,1,69,10,3,0,0,0,0,0,9,9,E01018494,-1,0,0.08904,0.91096,-1,3,30,1,1,1,15:50,3,2,9
2023211320507,2023,211320507,1,1,3,1,46,8,2,5,3,0,0,-1,0,2,E01029426,5,1,1.0,0.0,-1,6,30,5,4,2,16:45,1,1,9
2023041322956,2023,041322956,1,1,1,1,16,4,2,0,0,0,0,0,1,3,E01012644,7,1,1.0,0.0,-1,6,30,1,1,1,19:02,2,2,1
2023061356648,2023,061356648,1,1,3,1,14,3,3,5,2,0,0,0,0,-1,-1,3,1,0.0,1.0,-1,6,20,1,1,1,16:06,3,1,9
2023543077223,2023,543077223,2,2,1,1,66,10,3,0,0,0,0,0,5,9,E01022674,-1,0,0.19775,0.80225,-1,6,50,1,1,1,11:32,4,2,5
2023401289967,2023,401289967,1,1,2,1,34,6,2,0,0,1,0,0,8,1,E01027153,7,1,1.0,0.0,-1,3,70,2,1,2,12:35,6,3,8
2023231379494,2023,231379494,2,1,1,1,38,7,3,0,0,0,0,0,9,7,E01031308,3,1,0.0,1.0,-1,7,40,1,1,1,15:05,6,2,9
2023430045794,2023,430045794,1,2,2,2,2,1,3,0,0,2,0,0,9,9,E01016773,-1,0,0.04084,0.95916,-1,6,60,1,1,1,08:16,3,2,9
2023471360619,2023,471360619,2,1,1,2,65,9,3,0,0,0,0,0,9,8,E01023660,3,1,0.0,1.0,-1,3,70,1,6,1,19:55,7,2,9
2023471374150,2023,471374150,2,3,2,2,70,10,3,0,0,1,0,0,9,4,E01026679,3,1,0.0,1.0,-1,6,30,1,1,1,14:20,2,2,9
2023131378218,2023,131378218,1,1,3,1,6,2,2,5,1,0,0,2,0,2,E01011079,7,1,1.0,0.0,-1,3,30,4,4,2,16:36,5,1,9
2023010445364,2023,010445364,1,1,1,1,53,8,3,0,0,0,0,0,3,2,E01001943,-1,0,0.0,1.0,-1,6,30,1,1,1,16:40,6,1,3
2023010476506,2023,010476506,1,1,1,1,31,6,3,0,0,0,0,0,8,4,E01001321,-1,0,0.0,1.0,-1,1,20,1,1,1,14:30,3,2,8
2023201380030,2023,201380030,2,2,2,1,-1,-1,3,0,0,1,0,0,9,-1,-1,3,1,0.0,1.0,-1,6,30,1,4,1,17:07,5,2,9
2023361293774,2023,361293774,1,1,2,1,28,6,3,0,0,1,0,0,9,3,E01026817,3,1,0.0,1.0,-1,6,20,1,6,1,01:20,4,1,9
2023010464935,2023,010464935,1,1,2,2,34,6,3,0,0,0,2,0,11,2,E01002906,-1,0,0.0,1.0,-1,6,30,9,4,9,00:23,4,1,11
2023421316932,2023,421316932,2,3,1,1,25,5,3,0,0,0,0,0,20,2,E01033122,3,1,0.0,1.0,-1,6,30,1,1,1,14:49,6,3,20
2023131290347,2023,131290347,1,1,3,2,56,9,3,6,9,0,0,2,0,2,E01011813,3,1,0.0,1.0,-1,6,30,1,1,1,15:40,6,1,9
2023631360564,2023,631360564,1,1,3,1,69,10,3,10,3,0,0,1,0,8,W01000554,3,1,0.0,1.0,-1,6,20,9,7,1,18:45,1,1,9
2023161328429,2023,161328429,1,2,1,2,27,6,2,0,0,0,0,0,1,8,E01013190,7,1,1.0,0.0,-1,6,30,1,1,2,05:20,3,2,1
2023010484006,2023,010484006,2,1,1,1,50,8,3,0,0,0,0,0,3,6,E01003434,-1,0,0.0,1.0,-1,3,20,7,4,2,16:09,5,2,3
2023031388162,2023,031388162,2,1,1,1,36,7,2,0,0,0,0,0,4,-1,-1,7,1,1.0,0.0,-1,6,60,1,6,2,06:50,5,2,4
2023351332653,2023,351332653,2,2,2,2,58,9,3,0,0,2,0,0,8,10,E01026945,3,1,0.0,1.0,-1,3,70,1,1,1,14:50,5,2,8
2023430030097,2023,430030097,1,1,1,2,69,10,3,0,0,0,0,0,9,9,E01028469,-1,0,0.05144,0.94856,-1,6,30,1,1,2,16:26,6,3,9
2023010447326,2023,010447326,1,1,3,1,11,3,3,6,9,0,0,0,0,3,E01001359,-1,0,0.0,1.0,-1,6,20,1,1,1,15:30,3,1,9
2023010431717,2023,010431717,1,1,1,2,30,6,3,0,0,0,0,0,9,2,E01003086,-1,0,0.0,1.0,-1,6,30,2,4,2,20:30,7,2,9
2023201388996,2023,201388996,2,1,1,2,46,8,3,0,0,0,0,0,9,1,E01009952,3,1,0.0,1.0,-1,6,30,1,1,1,11:54,6,2,9
2023221281894,2023,221281894,2,2,1,2,41,7,2,0,0,0,0,0,9,4,E01013991,6,1,1.0,0.0,-1,6,60,1,6,1,18:24,6,2,9
2023221364927,2023,221364927,1,1,1,1,54,8,2,0,0,0,0,0,9,1,E01032424,5,1,1.0,0.0,-1,6,40,2,1,2,15:00,5,2,9
2023451306828,2023,451306828,2,2,1,1,50,8,3,0,0,0,0,0,9,9,E01030830,3,1,0.0,1.0,-1,3,50,1,1,1,19:07,4,6,9
2023010463339,2023,010463339,1,1,1,1,39,7,3,0,0,0,0,0,19,1,E01005432,-1,0,0.0,1.0,-1,9,30,9,1,1,19:45,4,2,19
2023201309945,2023,201309945,1,1,3,2,47,8,3,1,3,0,0,0,0,10,E01010150,3,1,0.0,1.0,-1,6,30,1,1,1,08:30,2,1,9
2023010451655,2023,010451655,1,1,1,2,28,6,3,0,0,0,0,0,1,5,E01004564,-1,0,0.0,1.0,-1,6,20,1,1,1,08:15,6,1,1
2023010453583,2023,010453583,1,1,2,2,40,7,3,0,0,9,0,0,8,6,E01000549,-1,0,0.0,1.0,-1,6,30,1,1,1,20:40,2,2,8
2023371324809,2023,371324809,1,1,2,2,38,7,2,0,0,1,0,0,9,2,E01029938,7,1,1.0,0.0,-1,6,30,1,1,1,17:24,7,2,9
2023451329695,2023,451329695,1,1,1,2,64,9,3,0,0,0,0,0,9,10,E01030754,3,1,0.0,1.0,-1,3,70,1,1,1,16:24,5,2,9
2023451365771,2023,451365771,2,2,1,1,53,8,3,0,0,0,0,0,9,8,E01030949,3,1,0.0,1.0,-1,6,40,1,4,2,19:00,1,2,9
2023461281692,2023,461281692,1,1,2,1,10,2,3,0,0,2,0,0,9,7,E01024813,3,1,0.0,1.0,-1,6,30,1,1,1,15:31,3,1,9
2023010457916,2023,010457916,1,1,1,1,28,6,3,0,0,0,0,0,9,9,E01001993,-1,0,0.0,1.0,-1,6,20,1,1,1,17:15,7,2,9
2023131350219,2023,131350219,1,2,1,1,38,7,3,0,0,0,0,0,9,6,E01011505,3,1,0.0,1.0,-1,6,30,1,1,1,06:25,6,2,9
2023141285528,2023,141285528,1,1,1,1,80,11,1,0,0,0,0,0,9,-1,-1,1,1,0.0,0.0,-1,6,60,3,1,2,11:39,5,3,9
2023440170777,2023,440170777,1,1,1,1,29,6,3,0,0,0,0,0,9,10,E01022596,-1,0,0.18405,0.81595,-1,6,60,1,6,1,21:05,2,1,9
2023440215687,2023,440215687,1,1,1,1,84,11,3,0,0,0,0,0,9,5,E01022616,-1,0,0.18946,0.81054,-1,6,30,1,1,1,16:23,4,1,9
2023440441264,2023,440441264,2,1,2,1,23,5,3,0,0,2,0,0,9,9,E01022586,-1,0,0.01926,0.98074,-1,3,70,2,1,2,11:01,7,2,9
2023520400629,2023,520400629,1,3,2,1,19,4,3,0,0,2,0,0,9,4,E01032627,-1,0,0.09811,0.90189,-1,6,30,1,4,1,23:00,3,3,9
2023522400028,2023,522400028,2,2,2,2,15,3,3,0,0,1,0,0,9,1,E01014800,-1,0,0.0277,0.9723,-1,1,60,1,1,2,09:00,3,2,9
2023531357880,2023,531357880,2,2,1,1,63,9,3,0,0,0,0,0,9,9,E01022295,3,1,0.0,1.0,-1,6,60,1,1,1,16:23,5,2,9
202363A003123,2023,63A003123,2,1,1,2,60,9,2,0,0,0,0,0,9,5,W01000693,-1,0,1.0,0.0,-1,1,30,1,1,2,13:55,5,2,9
2023010464805,2023,010464805,1,1,1,1,40,7,3,0,0,0,0,0,1,2,E01000785,-1,0,0.0,1.0,-1,9,20,1,1,1,18:30,5,2,1
2023010480943,2023,010480943,2,1,1,2,54,8,2,0,0,0,0,0,1,8,E01000320,-1,0,1.0,0.0,-1,1,30,1,4,1,18:40,4,2,1
2023411317539,2023,411317539,2,1,1,1,56,9,3,0,0,0,0,0,1,9,E01002463,3,1,0.0,1.0,-1,6,30,1,1,1,13:50,1,2,1
2023991341613,2023,991341613,2,1,1,1,50,8,3,0,0,0,0,0,1,4,-1,3,1,0.0,1.0,-1,6,20,1,4,1,04:30,2,2,1
2023302400006,2023,302400006,1,1,1,2,17,4,2,0,0,0,0,0,9,5,E01019744,-1,0,1.0,0.0,-1,6,50,2,6,2,23:09,7,1,9
2023440162617,2023,440162617,1,1,1,1,24,5,3,0,0,0,0,0,19,1,E01008013,-1,0,0.16769,0.83231,-1,3,70,1,6,1,01:55,4,2,19
2023543542823,2023,543542823,1,1,1,1,56,9,3,0,0,0,0,0,19,9,E01031999,-1,0,0.06253,0.93747,-1,6,30,1,1,1,17:02,2,1,19
2023010480749,2023,010480749,1,1,3,1,38,7,3,9,9,0,0,0,0,2,E01004239,-1,0,0.0,1.0,-1,2,20,1,4,1,17:00,3,1,9
2023061337285,2023,061337285,1,3,3,2,69,10,2,5,1,0,0,0,0,4,E01006399,5,1,1.0,0.0,-1,6,30,1,1,1,14:14,3,1,23
2023161357440,2023,161357440,1,2,3,2,11,3,3,1,1,0,0,2,0,2,E01012863,3,1,0.0,1.0,-1,6,20,1,1,1,16:03,5,1,9
2023302301929,2023,302301929,1,1,3,-1,-1,-1,3,5,1,0,0,0,0,5,E01019456,-1,0,0.04478,0.95522,-1,6,30,1,1,2,10:20,3,1,9
2023332300013,2023,332300013,1,1,3,1,11,3,3,1,1,0,0,0,0,3,E01013629,-1,0,0.07012,0.92988,-1,6,30,1,4,1,20:08,4,1,9
2023411335682,2023,411335682,1,2,2,2,32,6,3,0,0,0,0,0,19,-1,-1,3,1,0.0,1.0,-1,3,70,1,1,2,15:15,2,1,19
2023010476761,2023,010476761,1,1,3,2,73,10,3,1,1,0,0,0,0,6,E01002439,-1,0,0.0,1.0,-1,1,20,1,4,1,18:14,3,1,9
2023101309241,2023,101309241,1,1,3,2,-1,-1,3,5,1,0,0,0,0,-1,-1,3,1,0.0,1.0,-1,6,30,1,1,1,08:25,4,1,19
2023101296284,2023,101296284,2,4,2,1,20,4,3,0,0,2,0,0,8,1,E01027542,3,1,0.0,1.0,-1,3,70,1,4,2,23:00,7,2,8
2023302301325,2023,302301325,1,1,1,1,18,4,3,0,0,0,0,0,9,-1,-1,-1,0,0.19834,0.80166,-1,6,60,1,1,1,21:08,3,1,9
2023361313862,2023,361313862,2,1,1,2,45,7,3,0,0,0,0,0,9,6,E01026514,3,1,0.0,1.0,-1,6,60,1,1,1,13:47,7,2,9
2023471291496,2023,471291496,2,1,1,2,28,6,2,0,0,0,0,0,3,2,E01016909,7,1,1.0,0.0,-1,3,30,1,4,2,19:07,3,2,3
2023302300728,2023,302300728,2,1,1,2,61,9,3,0,0,0,0,0,9,7,E01007689,-1,0,0.01457,0.98543,-1,6,60,1,1,1,07:15,7,2,9
2023461332656,2023,461332656,1,1,1,2,22,5,3,0,0,0,0,0,9,4,E01024586,3,1,0.0,1.0,-1,1,40,1,1,1,17:20,3,2,9
2023371346941,2023,371346941,2,1,1,1,61,9,3,0,0,0,0,0,1,-1,-1,3,1,0.0,1.0,-1,1,30,1,1,1,15:45,6,2,1
2023161322530,2023,161322530,1,1,1,1,31,6,3,0,0,0,0,0,3,3,E01013086,3,1,0.0,1.0,-1,6,30,1,1,1,10:35,1,2,3
2023411284585,2023,411284585,2,1,1,1,43,7,3,0,0,0,0,0,3,3,E01023343,3,1,0.0,1.0,-1,3,30,1,1,1,11:25,2,2,3
2023340WN3122,2023,340WN3122,2,2,2,2,24,5,3,0,0,1,0,0,9,-1,-1,-1,0,0.02338,0.97662,-1,6,60,2,1,2,07:30,3,2,9
2023411349538,2023,411349538,1,1,1,2,30,6,3,0,0,0,0,0,9,7,E01017705,3,1,0.0,1.0,-1,3,70,1,1,1,08:01,3,2,9
2023461363616,2023,461363616,3,3,2,2,16,4,3,0,0,1,0,0,9,4,E01016055,3,1,0.0,1.0,-1,6,30,1,1,1,10:20,6,4,9
202360A087211,2023,60A087211,2,2,1,1,37,7,3,0,0,0,0,0,9,-1,-1,-1,0,0.09664,0.90336,-1,6,60,1,1,1,17:35,4,2,9
2023451273832,2023,451273832,1,1,3,1,43,7,3,9,8,0,0,0,0,-1,-1,3,1,0.0,1.0,-1,6,30,1,1,1,08:47,3,1,9
2023111329857,2023,111329857,1,2,2,1,70,10,3,0,0,1,0,0,9,8,W01000902,3,1,0.0,1.0,-1,6,60,1,1,1,13:10,7,2,9
2023461380486,2023,461380486,1,2,2,2,17,4,3,0,0,2,0,0,9,-1,-1,3,1,0.0,1.0,-1,6,60,1,1,1,14:45,1,1,9
2023471360325,2023,471360325,1,2,2,1,30,6,3,0,0,1,0,0,9,6,E01021562,3,1,0.0,1.0,-1,6,30,1,6,1,18:50,6,2,9
2023010448871,2023,010448871,1,1,1,1,31,6,3,0,0,0,0,0,3,3,E01001505,-1,0,0.0,1.0,-1,6,30,9,1,1,15:32,1,2,3
2023070513528,2023,070513528,1,1,1,1,45,7,3,0,0,0,0,0,5,1,E01007278,-1,0,0.21344,0.78656,-1,3,60,1,1,1,18:53,3,1,5
2023010445908,2023,010445908,1,3,3,2,30,6,3,6,9,0,0,0,0,3,E01000635,-1,0,0.0,1.0,-1,6,20,1,4,1,22:42,2,1,9
2023201367589,2023,201367589,1,1,3,1,49,8,3,4,1,0,0,2,0,5,E01009615,3,1,0.0,1.0,-1,6,30,1,4,1,21:04,5,1,9
2023010467490,2023,010467490,1,1,3,1,43,7,2,1,1,0,0,0,0,2,E01002708,-1,0,1.0,0.0,-1,6,20,2,4,2,19:24,5,1,9
2023041266440,2023,041266440,1,1,3,1,52,8,2,4,1,0,0,0,0,3,E01025294,7,1,1.0,0.0,-1,6,30,8,4,1,21:15,6,1,9
2023111321046,2023,111321046,2,1,1,1,39,7,3,0,0,0,0,0,8,1,E01033483,3,1,0.0,1.0,-1,6,30,1,1,1,15:30,2,2,8
2023451296043,2023,451296043,2,1,2,2,68,10,3,0,0,2,0,0,9,7,E01001120,3,1,0.0,1.0,-1,3,70,1,1,1,10:00,3,2,9
2023471363090,2023,471363090,2,1,1,1,34,6,2,0,0,0,0,0,5,4,E01021002,7,1,1.0,0.0,-1,6,30,1,1,1,12:10,1,2,5
2023122400077,2023,122400077,1,1,3,1,14,3,2,5,9,0,0,0,0,3,E01027846,-1,0,1.0,0.0,-1,6,30,1,1,1,11:15,3,1,9
2023041354127,2023,041354127,1,1,3,1,13,3,3,1,3,0,0,0,0,2,E01012696,3,1,0.0,1.0,-1,6,30,1,1,2,15:15,6,1,9
2023231377206,2023,231377206,1,1,3,1,62,9,3,10,9,0,0,0,0,7,E01031024,3,1,0.0,1.0,-1,6,50,8,6,2,18:36,4,1,9
2023010483680,2023,010483680,1,1,1,1,28,6,3,0,0,0,0,0,3,4,E01000570,-1,0,0.0,1.0,-1,6,20,2,1,2,13:59,3,2,3
2023010466063,2023,010466063,1,1,1,1,64,9,3,0,0,0,0,0,8,6,E01004634,-1,0,0.0,1.0,-1,3,40,1,4,1,20:30,5,1,8
2023221363368,2023,221363368,2,1,1,1,35,6,3,0,0,0,0,0,1,3,E01014086,3,1,0.0,1.0,-1,6,30,1,1,1,07:58,2,2,1
2023010455252,2023,010455252,1,1,1,1,34,6,3,0,0,0,0,0,3,1,E01004256,-1,0,0.0,1.0,-1,6,20,1,7,2,23:03,6,2,3
2023010439528,2023,010439528,1,1,3,1,72,10,3,6,9,0,0,0,0,4,E01002179,-1,0,0.0,1.0,-1,9,30,1,1,2,06:30,4,1,9
2023461278525,2023,461278525,2,1,1,1,36,7,3,0,0,0,0,0,8,6,E01024016,3,1,0.0,1.0,-1,6,30,1,1,1,15:17,6,2,8
2023311380703,2023,311380703,1,1,3,2,19,4,3,5,9,0,0,0,0,-1,-1,3,1,0.0,1.0,-1,3,30,8,1,4,08:20,4,1,21
2023010439072,2023,010439072,1,1,1,1,47,8,3,0,0,0,0,0,1,5,E01004099,-1,0,0.0,1.0,-1,9,30,1,1,1,10:20,7,2,1
2023430410698,2023,430410698,1,1,1,2,35,6,3,0,0,0,0,0,9,4,E01016829,-1,0,0.01519,0.98481,-1,3,70,1,1,1,11:40,4,2,9
2023440146667,2023,440146667,2,1,2,2,39,7,3,0,0,1,0,0,9,5,E01017152,-1,0,0.04936,0.95064,-1,6,30,2,4,2,21:46,6,2,9
2023471260171,2023,471260171,1,3,2,2,18,4,3,0,0,2,0,0,9,7,E01031438,3,1,0.0,1.0,-1,6,40,1,4,2,04:30,6,1,9
2023991324520,2023,991324520,2,1,1,1,33,6,2,0,0,0,0,0,17,1,-1,6,1,1.0,0.0,-1,3,30,2,1,2,12:55,6,2,17
2023430265493,2023,430265493,1,1,1,1,37,7,2,0,0,0,0,0,19,8,E01016186,-1,0,1.0,0.0,-1,6,30,1,1,1,18:54,6,2,19
2023010470992,2023,010470992,2,2,1,1,51,8,3,0,0,0,0,0,11,3,E01000046,-1,0,0.0,1.0,-1,6,20,1,1,1,17:00,2,2,11
2023430222254,2023,430222254,2,2,1,2,54,8,3,0,0,0,0,0,9,6,E01016509,-1,0,0.03469,0.96531,-1,6,30,1,1,1,10:30,1,2,9
2023461288843,2023,461288843,1,1,2,2,16,4,3,0,0,1,0,0,9,1,E01024215,3,1,0.0,1.0,-1,6,60,1,6,1,18:20,2,3,9
2023010473467,2023,010473467,1,1,1,1,32,6,3,0,0,0,0,0,3,6,E01003398,-1,0,0.0,1.0,-1,3,20,1,5,1,19:52,1,2,3
2023471360243,2023,471360243,2,2,2,1,0,1,3,0,0,0,0,0,1,2,E01016914,3,1,0.0,1.0,-1,3,20,1,1,1,09:45,4,2,1
2023010465483,2023,010465483,1,1,1,1,20,4,3,0,0,0,0,0,3,2,E01003594,-1,0,0.0,1.0,-1,6,20,1,1,1,15:15,1,2,3
2023010479880,2023,010479880,1,1,3,2,87,11,2,1,1,0,0,0,0,4,E01003913,-1,0,1.0,0.0,-1,6,20,1,1,1,14:31,7,1,1
2023041294094,2023,041294094,1,1,3,1,34,6,3,8,9,0,0,2,0,-1,-1,3,1,0.0,1.0,-1,6,30,2,1,2,15:35,4,1,9
2023010422760,2023,010422760,2,1,1,1,24,5,3,0,0,0,0,0,1,3,E01004047,-1,0,0.0,1.0,-1,6,20,1,1,1,14:15,7,2,1
2023161373542,2023,161373542,1,1,1,2,41,7,2,0,0,0,0,0,9,6,E01012923,7,1,1.0,0.0,-1,6,60,1,1,2,09:00,7,1,9
2023461318686,2023,461318686,2,1,1,2,50,8,3,0,0,0,0,0,9,10,E01000756,3,1,0.0,1.0,-1,3,50,1,1,1,17:05,7,2,9
2023471296674,2023,471296674,2,1,2,2,5,1,3,0,0,2,0,0,9,4,E01021076,3,1,0.0,1.0,-1,6,30,2,4,2,20:12,3,2,9
2023530092754,2023,530092754,1,1,1,1,44,7,3,0,0,0,0,0,9,8,E01028716,-1,0,0.02912,0.97088,-1,6,60,1,6,4,07:08,4,1,9