collision_index,collision_year,collision_ref_no,vehicle_reference,casualty_reference,casualty_class,sex_of_casualty,age_of_casualty,age_band_of_casualty,casualty_severity,pedestrian_location,pedestrian_movement,car_passenger,bus_or_coach_passenger,pedestrian_road_maintenance_worker,casualty_type,casualty_imd_decile,lsoa_of_casualty,enhanced_casualty_severity,casualty_injury_based,casualty_adjusted_severity_serious,casualty_adjusted_severity_slight,casualty_distance_banding,road_type,speed_limit,weather_conditions,light_conditions,road_surface_conditions,time,day_of_week,number_of_vehicles,vehicle_type
2023991289154,2023,991289154,2,2,1,2,66,10,2,0,0,0,0,0,9,7,-1,7,1,1.0,0.0,-1,6,60,1,1,1,13:05,3,3,9
2023031313459,2023,031313459,2,1,1,2,27,6,3,0,0,0,0,0,9,-1,-1,3,1,0.0,1.0,-1,6,60,1,1,1,16:20,4,2,9
2023052302898,2023,052302898,3,3,1,1,54,8,3,0,0,0,0,0,9,3,E01006743,-1,0,0.0369,0.9631,-1,3,40,1,1,2,09:30,2,5,9
2023231331857,2023,231331857,2,2,1,1,28,6,2,0,0,0,0,0,9,-1,-1,7,1,1.0,0.0,-1,6,50,1,1,1,18:37,5,3,9
2023361353564,2023,361353564,1,1,1,1,57,9,3,0,0,0,0,0,9,3,E01026740,3,1,0.0,1.0,-1,6,50,1,1,1,10:25,2,2,9
2023052303055,2023,052303055,2,1,1,1,59,9,3,0,0,0,0,0,9,5,E01006670,-1,0,0.05891,0.94109,-1,3,30,1,4,1,16:40,7,2,9
2023101332387,2023,101332387,2,1,2,2,29,6,2,0,0,1,0,0,9,2,E01008874,5,1,1.0,0.0,-1,3,70,2,1,2,12:19,7,2,9
2023122300068,2023,122300068,1,2,2,1,18,4,3,0,0,2,0,0,9,7,E01027645,-1,0,0.106,0.894,-1,6,30,1,6,2,04:20,1,1,9
2023351354815,2023,351354815,1,1,1,1,86,11,2,0,0,0,0,0,9,3,E01018094,6,1,1.0,0.0,-1,6,40,1,1,1,12:16,3,2,9
2023401394420,2023,401394420,1,1,1,1,23,5,3,0,0,0,0,0,3,4,E01017473,3,1,0.0,1.0,-1,6,30,1,4,1,23:15,2,2,3
2023141347893,2023,141347893,1,1,3,2,25,5,2,1,3,0,0,0,0,1,E01007736,7,1,1.0,0.0,-1,6,40,1,1,1,13:08,7,1,9
2023311375078,2023,311375078,1,1,3,2,21,5,3,5,1,0,0,0,0,-1,-1,3,1,0.0,1.0,-1,2,30,8,1,1,20:15,4,1,8
2023141301848,2023,141301848,2,2,1,2,23,5,3,0,0,0,0,0,9,-1,-1,3,1,0.0,1.0,-1,7,30,1,1,1,06:51,6,2,9
2023991365826,2023,991365826,1,1,1,2,49,8,2,0,0,0,0,0,9,8,-1,6,1,1.0,0.0,-1,6,30,1,4,1,07:00,1,3,9
2023320626990,2023,320626990,1,1,3,2,20,4,3,1,3,0,0,0,0,6,E01027043,-1,0,0.07829,0.92171,-1,6,30,2,1,2,10:00,2,1,9
2023161284338,2023,161284338,1,1,1,1,59,9,3,0,0,0,0,0,1,1,E01013299,3,1,0.0,1.0,-1,6,30,1,1,1,15:30,6,2,1
2023010420735,2023,010420735,1,1,1,1,27,6,3,0,0,0,0,0,3,1,E01000602,-1,0,0.0,1.0,-1,9,20,9,1,9,09:40,4,2,3
2023440271260,2023,440271260,1,1,1,1,82,11,3,0,0,0,0,0,9,10,E01030898,-1,0,0.17471,0.82529,-1,6,60,1,1,1,18:19,5,2,9
2023471266633,2023,471266633,3,2,1,1,21,5,3,0,0,0,0,0,9,9,E01021144,3,1,0.0,1.0,-1,6,60,1,6,1,17:20,6,3,9
2023010465352,2023,010465352,2,1,1,1,55,8,2,0,0,0,0,0,22,1,E01001426,-1,0,1.0,0.0,-1,6,30,1,1,1,19:10,6,2,22
2023010423807,2023,010423807,1,1,3,2,20,4,3,1,3,0,0,0,0,2,E01004036,-1,0,0.0,1.0,-1,2,20,2,4,2,19:40,4,1,9
2023010449363,2023,010449363,1,1,3,1,69,10,3,10,9,0,0,0,0,4,E01000039,-1,0,0.0,1.0,-1,2,20,1,1,1,08:05,6,1,9
2023131381528,2023,131381528,1,1,3,1,14,3,3,8,3,0,0,2,0,3,E01011175,3,1,0.0,1.0,-1,6,30,1,4,2,17:12,6,1,9
2023401316446,2023,401316446,1,1,3,1,14,3,3,10,9,0,0,0,0,4,E01027059,3,1,0.0,1.0,-1,6,20,1,1,-1,15:10,3,1,9
2023361268480,2023,361268480,2,2,2,2,15,3,3,0,0,1,0,0,9,8,E01026849,3,1,0.0,1.0,-1,6,30,1,4,2,15:38,2,5,9
2023501285817,2023,501285817,1,1,1,1,17,4,3,0,0,0,0,0,9,4,E01018773,3,1,0.0,1.0,-1,9,60,1,6,2,16:17,4,1,9
2023010443254,2023,010443254,1,1,1,1,45,7,3,0,0,0,0,0,5,2,E01000853,-1,0,0.0,1.0,-1,1,30,1,1,1,13:35,3,2,5
2023010434223,2023,010434223,2,1,1,1,30,6,3,0,0,0,0,0,1,3,E01001117,-1,0,0.0,1.0,-1,6,30,1,1,1,17:16,7,2,1
2023101341219,2023,101341219,1,1,1,1,51,8,2,0,0,0,0,0,1,6,E01020608,6,1,1.0,0.0,-1,6,30,1,1,1,10:20,6,2,1
2023201323047,2023,201323047,1,1,3,1,14,3,3,5,2,0,0,0,0,1,E01009160,3,1,0.0,1.0,-1,6,30,1,4,1,23:23,5,1,9
2023501321366,2023,501321366,2,1,1,1,67,10,3,0,0,0,0,0,1,6,E01018803,3,1,0.0,1.0,-1,6,60,1,1,1,16:56,4,2,1
2023991279468,2023,991279468,2,1,1,1,61,9,3,0,0,0,0,0,1,5,-1,3,1,0.0,1.0,-1,6,30,1,4,2,06:59,5,2,1
2023451392176,2023,451392176,1,1,3,2,13,3,3,5,2,0,0,0,0,9,E01030785,3,1,0.0,1.0,-1,6,30,1,1,1,13:53,2,1,9
2023311320483,2023,311320483,2,1,1,1,17,4,3,0,0,0,0,0,1,-1,-1,3,1,0.0,1.0,-1,6,30,1,1,1,16:01,2,2,1
2023311366652,2023,311366652,2,1,1,2,16,4,3,0,0,0,0,0,1,-1,-1,3,1,0.0,1.0,-1,6,30,1,4,2,18:07,2,2,1
2023461288878,2023,461288878,1,1,1,1,26,6,3,0,0,0,0,0,5,5,E01024788,3,1,0.0,1.0,-1,6,60,2,1,2,14:58,1,1,5
2023010467265,2023,010467265,1,1,3,1,49,8,3,8,3,0,0,0,0,1,E01000528,-1,0,0.0,1.0,-1,6,30,1,4,2,19:45,4,1,9
2023421359345,2023,421359345,1,1,3,1,29,6,3,9,9,0,0,0,0,8,E01016138,3,1,0.0,1.0,-1,7,30,1,1,1,17:30,2,1,9
2023991278999,2023,991278999,1,1,3,2,51,8,3,5,1,0,0,2,0,-1,-1,3,1,0.0,1.0,-1,6,30,1,4,1,19:35,7,1,9
2023010456593,2023,010456593,1,1,3,2,76,11,3,10,9,0,0,0,0,2,E01002784,-1,0,0.0,1.0,-1,9,20,1,1,1,18:00,5,1,-1
2023041368031,2023,041368031,1,1,3,1,12,3,2,6,9,0,0,0,0,4,E01024927,7,1,1.0,0.0,-1,6,20,1,4,2,18:03,7,1,9
2023421276617,2023,421276617,1,1,3,1,51,8,3,6,9,0,0,0,0,6,E01033145,3,1,0.0,1.0,-1,6,30,1,4,1,17:15,6,1,9
2023010482758,2023,010482758,2,1,1,1,-1,-1,3,0,0,0,0,0,1,-1,-1,-1,0,0.0,1.0,-1,6,30,1,1,2,08:00,6,2,1
2023522400080,2023,522400080,1,1,1,2,64,9,2,0,0,0,0,0,9,10,E01014980,-1,0,1.0,0.0,-1,6,30,1,1,2,13:21,5,2,9
2023010457130,2023,010457130,1,1,1,1,36,7,3,0,0,0,0,0,3,1,E01004311,-1,0,0.0,1.0,-1,9,30,1,1,1,15:45,6,2,3
2023471294153,2023,471294153,2,1,1,1,23,5,3,0,0,0,0,0,3,3,E01031441,3,1,0.0,1.0,-1,6,30,1,1,2,18:46,4,3,3
2023161263915,2023,161263915,1,1,1,2,87,11,2,0,0,0,0,0,9,10,E01013068,6,1,1.0,0.0,-1,6,30,1,1,2,14:56,5,2,9
2023610039923,2023,610039923,2,2,2,1,19,4,3,0,0,1,0,0,9,-1,-1,-1,0,0.03596,0.96404,-1,1,30,2,4,2,22:05,1,2,9
2023010480039,2023,010480039,2,1,1,1,29,6,3,0,0,0,0,0,3,7,E01000462,-1,0,0.0,1.0,-1,1,30,1,1,1,07:15,7,2,3
2023010461755,2023,010461755,1,2,2,-1,52,8,3,0,0,1,0,0,9,4,E01015606,-1,0,0.0,1.0,-1,3,40,1,4,1,22:00,7,2,9
2023131297182,2023,131297182,2,1,2,2,45,7,3,0,0,1,0,0,9,2,E01010621,3,1,0.0,1.0,-1,6,30,1,1,1,17:32,1,3,9
2023421350092,2023,421350092,1,1,1,2,18,4,3,0,0,0,0,0,9,4,E01021392,3,1,0.0,1.0,-1,6,60,1,1,1,14:56,5,1,9
2023991271671,2023,991271671,1,1,1,1,74,10,2,0,0,0,0,0,9,2,-1,5,1,1.0,0.0,-1,3,40,1,5,2,16:20,5,2,9
2023010428728,2023,010428728,1,1,3,1,48,8,3,8,4,0,0,0,0,3,E01004656,-1,0,0.0,1.0,-1,3,30,8,1,1,10:05,5,1,4
2023010465719,2023,010465719,1,1,3,2,59,9,3,5,1,0,0,0,0,4,E01000995,-1,0,0.0,1.0,-1,6,30,1,1,1,08:59,4,1,8
2023991290340,2023,991290340,2,1,1,1,22,5,3,0,0,0,0,0,1,-1,-1,3,1,0.0,1.0,-1,6,30,1,4,1,22:15,3,2,1
2023311261486,2023,311261486,2,2,1,1,23,5,3,0,0,0,0,0,1,1,E01013823,3,1,0.0,1.0,-1,6,30,5,5,2,07:27,3,2,1
2023010439622,2023,010439622,1,1,1,1,18,4,3,0,0,0,0,0,3,6,E01001272,-1,0,0.0,1.0,-1,7,20,1,1,1,15:00,4,2,3
2023010461620,2023,010461620,2,1,1,1,29,6,3,0,0,0,0,0,3,2,E01003783,-1,0,0.0,1.0,-1,1,30,1,5,1,21:31,1,2,3
2023010478981,2023,010478981,1,1,1,1,48,8,3,0,0,0,0,0,8,2,E01003137,-1,0,0.0,1.0,-1,6,20,1,4,2,21:35,1,2,8
2023552300090,2023,552300090,1,1,3,1,11,3,2,8,3,0,0,0,0,10,E01015404,-1,0,1.0,0.0,-1,6,30,2,4,2,07:42,2,1,9
2023010457400,2023,010457400,2,1,1,1,46,8,3,0,0,0,0,0,1,6,E01004693,-1,0,0.0,1.0,-1,3,20,1,1,1,18:28,4,2,1
2023010461622,2023,010461622,2,1,1,1,42,7,3,0,0,0,0,0,1,-1,-1,-1,0,0.0,1.0,-1,7,30,1,4,1,02:15,2,2,1
2023430033170,2023,430033170,1,1,1,2,52,8,2,0,0,0,0,0,4,8,E01027348,-1,0,1.0,0.0,-1,6,60,1,7,2,05:54,2,1,4
2023010449805,2023,010449805,2,1,1,1,27,6,2,0,0,0,0,0,1,6,E01002789,-1,0,1.0,0.0,-1,6,20,1,1,1,09:20,1,2,1
2023430536371,2023,430536371,1,1,1,1,21,5,2,0,0,0,0,0,5,7,E01028521,-1,0,1.0,0.0,-1,6,20,1,1,4,09:00,4,1,5
2023010450076,2023,010450076,1,1,1,1,41,7,3,0,0,0,0,0,9,3,E01024480,-1,0,0.0,1.0,-1,6,20,1,1,1,12:20,2,3,9
2023201277024,2023,201277024,1,1,1,2,55,8,2,0,0,0,0,0,9,2,E01010412,7,1,1.0,0.0,-1,3,40,1,1,2,11:50,7,1,9
2023471290675,2023,471290675,2,4,2,1,70,10,2,0,0,1,0,0,9,3,E01024549,5,1,1.0,0.0,-1,6,60,1,1,1,16:25,1,2,9
202354D638123,2023,54D638123,2,2,1,1,46,8,3,0,0,0,0,0,9,7,E01032693,-1,0,0.01747,0.98253,-1,6,50,9,1,1,12:56,2,2,9
2023010437122,2023,010437122,1,1,1,2,36,7,3,0,0,0,0,0,9,3,E01002350,-1,0,0.0,1.0,-1,6,30,1,4,1,01:09,5,2,9
2023131265147,2023,131265147,1,1,1,1,26,6,3,0,0,0,0,0,9,10,E01011272,3,1,0.0,1.0,-1,6,40,1,1,2,15:42,4,2,9
2023071214488,2023,071214488,1,1,1,1,29,6,3,0,0,0,0,0,9,9,E01007171,-1,0,0.03367,0.96633,-1,6,30,9,4,4,18:16,6,1,9
2023131289658,2023,131289658,1,1,1,1,66,10,3,0,0,0,0,0,9,8,E01011714,3,1,0.0,1.0,-1,3,40,1,4,2,22:02,4,2,9
2023361348008,2023,361348008,1,3,2,1,18,4,3,0,0,1,0,0,9,2,E01018070,3,1,0.0,1.0,-1,6,60,1,6,1,21:49,7,1,9
2023430325544,2023,430325544,1,1,1,2,30,6,3,0,0,0,0,0,9,3,E01016721,-1,0,0.09823,0.90177,-1,6,60,1,1,1,04:57,7,2,9
2023501317276,2023,501317276,2,4,2,2,30,6,3,0,0,1,0,0,9,4,E01020130,3,1,0.0,1.0,-1,6,60,1,1,1,12:00,7,2,9
2023610032423,2023,610032423,2,2,2,1,3,1,3,0,0,2,0,0,9,7,W01001354,-1,0,0.08242,0.91758,-1,6,50,1,1,1,09:20,6,2,9
2023141312553,2023,141312553,1,1,1,1,16,4,3,0,0,0,0,0,97,8,E01007502,3,1,0.0,1.0,-1,6,30,1,1,1,12:45,2,2,97
2023061315259,2023,061315259,1,1,3,1,85,11,3,1,1,0,0,-1,0,1,E01004802,3,1,0.0,1.0,-1,6,40,1,1,1,20:00,3,1,9
2023131369611,2023,131369611,1,1,3,1,58,9,2,5,2,0,0,2,0,1,E01010733,7,1,1.0,0.0,-1,6,30,5,1,2,13:20,4,1,9
2023010473894,2023,010473894,1,1,1,1,56,9,3,0,0,0,0,0,1,1,E01000153,-1,0,0.0,1.0,-1,6,20,1,4,1,00:25,7,2,1
2023610032123,2023,610032123,2,1,1,1,53,8,2,0,0,0,0,0,5,5,E01022272,-1,0,1.0,0.0,-1,6,30,1,1,1,05:30,3,2,5
2023010419547,2023,010419547,1,1,3,1,34,6,2,4,3,0,0,0,0,4,E01003053,-1,0,1.0,0.0,-1,6,20,1,4,2,23:07,3,1,4
2023451266067,2023,451266067,6,7,1,1,65,9,2,0,0,0,0,0,9,9,E01023217,7,1,1.0,0.0,-1,3,70,1,1,4,08:17,4,10,9
2023531335442,2023,531335442,2,2,2,2,68,10,3,0,0,1,0,0,9,-1,-1,3,1,0.0,1.0,-1,1,30,2,1,2,13:50,1,2,9
2023501341295,2023,501341295,1,1,3,2,11,3,3,6,5,0,0,0,0,5,E01018975,3,1,0.0,1.0,-1,6,30,1,1,1,12:00,7,1,9
2023010434222,2023,010434222,1,1,2,2,63,9,3,0,0,1,0,0,9,1,E01000093,-1,0,0.0,1.0,-1,3,50,1,1,1,16:30,7,2,9
2023052302045,2023,052302045,1,2,1,2,35,6,3,0,0,0,0,0,9,4,E01006454,-1,0,0.07383,0.92617,-1,6,50,1,4,1,22:58,4,2,9
2023131364461,2023,131364461,1,1,2,1,20,4,2,0,0,2,0,0,9,5,E01010788,7,1,1.0,0.0,-1,6,30,2,6,2,23:23,4,1,9
2023430041015,2023,430041015,1,1,1,1,31,6,3,0,0,0,0,0,9,10,E01017636,-1,0,0.00387,0.99613,-1,6,30,1,1,1,08:35,6,2,9
2023311306994,2023,311306994,1,1,3,1,65,9,2,5,9,0,0,0,0,1,E01013865,7,1,1.0,0.0,-1,6,30,1,1,1,15:30,7,1,97
2023231308412,2023,231308412,2,1,1,2,16,4,3,0,0,0,0,0,-1,3,E01031321,3,1,0.0,1.0,-1,6,30,2,1,2,16:00,3,2,-1
2023131368772,2023,131368772,1,2,1,1,37,7,3,0,0,0,0,0,19,2,E01011754,3,1,0.0,1.0,-1,6,30,2,1,2,06:20,3,2,19
2023471326978,2023,471326978,2,1,1,2,54,8,3,0,0,0,0,0,9,6,E01021204,3,1,0.0,1.0,-1,6,30,1,1,1,10:27,5,2,9
2023471374453,2023,471374453,2,1,2,2,69,10,3,0,0,1,0,0,9,5,E01020956,3,1,0.0,1.0,-1,6,50,9,7,2,16:50,2,2,9
2023501365416,2023,501365416,2,1,2,2,94,11,2,0,0,1,0,0,9,5,E01018782,7,1,1.0,0.0,-1,6,60,1,1,1,12:58,6,2,9
2023991342067,2023,991342067,1,2,2,2,32,6,3,0,0,2,0,0,9,2,-1,3,1,0.0,1.0,-1,3,70,2,1,2,20:25,3,1,9
2023010421112,2023,010421112,1,1,3,2,51,8,3,1,9,0,0,0,0,6,E01003862,-1,0,0.0,1.0,-1,6,30,1,7,1,06:30,6,1,9
2023131277667,2023,131277667,1,2,2,1,15,3,2,0,0,0,0,0,4,1,E01011340,7,1,1.0,0.0,-1,3,50,4,1,1,14:27,6,1,4
2023070556413,2023,070556413,2,1,1,1,27,6,3,0,0,0,0,0,1,-1,-1,-1,0,0.14954,0.85046,-1,6,30,1,4,1,22:31,6,2,1
2023622300326,2023,622300326,2,2,1,1,38,7,3,0,0,0,0,0,20,6,W01001058,-1,0,0.07192,0.92808,-1,6,60,7,6,1,21:16,1,2,20
2023010434690,2023,010434690,1,1,3,2,18,4,3,5,1,0,0,0,0,2,E01000025,-1,0,0.0,1.0,-1,6,30,9,1,9,15:42,3,1,9
2023461348842,2023,461348842,1,1,3,1,33,6,2,10,9,0,0,2,0,3,E01024497,7,1,1.0,0.0,-1,6,30,1,4,1,00:24,2,1,9
2023131342413,2023,131342413,2,1,1,2,33,6,3,0,0,0,0,0,1,9,E01011513,3,1,0.0,1.0,-1,6,30,1,1,1,17:25,3,2,1
2023461315539,2023,461315539,1,1,1,2,12,3,3,0,0,0,0,0,1,10,E01024348,3,1,0.0,1.0,-1,6,30,1,1,1,14:30,5,2,1
2023411383311,2023,411383311,2,1,1,1,33,6,3,0,0,0,0,0,3,4,E01023883,3,1,0.0,1.0,-1,6,30,1,4,1,21:25,6,2,3
2023371273906,2023,371273906,2,1,1,1,16,4,3,0,0,0,0,0,1,10,E01030206,3,1,0.0,1.0,-1,6,40,1,4,2,18:36,7,2,1
2023131353075,2023,131353075,2,1,1,1,31,6,3,0,0,0,0,0,1,6,E01011534,3,1,0.0,1.0,-1,6,40,1,7,1,19:55,5,2,1
2023302301581,2023,302301581,2,2,2,1,40,7,2,0,0,0,0,0,5,5,E01013587,-1,0,1.0,0.0,-1,6,30,1,4,1,19:15,2,2,5
2023302300855,2023,302300855,1,1,3,1,53,8,2,8,3,0,0,0,0,4,E01019431,-1,0,1.0,0.0,-1,6,40,1,1,1,13:30,5,1,9
2023440178652,2023,440178652,1,1,3,1,23,5,3,1,1,0,0,0,0,10,E01023045,-1,0,0.21342,0.78658,-1,6,30,1,4,2,22:01,7,1,9
2023010471251,2023,010471251,2,1,1,1,23,5,3,0,0,0,0,0,1,7,E01002966,-1,0,0.0,1.0,-1,6,20,1,1,1,16:35,3,2,1
2023041359953,2023,041359953,2,2,2,2,24,5,3,0,0,1,0,0,9,3,E01012585,3,1,0.0,1.0,-1,6,30,1,1,1,17:00,6,2,9
2023201311295,2023,201311295,1,1,1,2,40,7,3,0,0,0,0,0,9,2,E01010314,3,1,0.0,1.0,-1,6,30,1,1,1,18:00,5,2,9
2023231316816,2023,231316816,2,1,1,2,38,7,3,0,0,0,0,0,9,5,E01009647,3,1,0.0,1.0,-1,3,70,1,1,1,07:06,6,2,9
2023010426886,2023,010426886,1,2,2,2,-1,-1,3,0,0,1,0,0,9,8,E01002975,-1,0,0.0,1.0,-1,3,40,8,1,1,11:25,6,1,9
2023010467230,2023,010467230,1,1,1,1,43,7,3,0,0,0,0,0,9,4,E01000171,-1,0,0.0,1.0,-1,6,30,5,1,2,16:16,4,2,9
2023340NN1182,2023,340NN1182,2,1,1,2,28,6,3,0,0,0,0,0,9,9,E01027042,-1,0,0.00434,0.99566,-1,6,40,1,1,1,12:25,1,2,9
2023371292953,2023,371292953,2,1,1,1,62,9,3,0,0,0,0,0,9,5,E01029946,3,1,0.0,1.0,-1,6,30,1,1,1,15:30,1,2,9
2023041378196,2023,041378196,2,2,1,1,41,7,3,0,0,0,0,0,9,4,E01025474,3,1,0.0,1.0,-1,6,60,1,5,2,00:32,5,2,9
2023170H10983,2023,170H10983,1,1,1,1,30,6,3,0,0,0,0,0,9,1,E01011992,-1,0,0.00818,0.99182,-1,6,30,1,4,2,16:05,6,2,9
2023522301159,2023,522301159,1,1,1,2,44,7,3,0,0,0,0,0,9,10,E01014874,-1,0,0.03091,0.96909,-1,3,50,1,1,1,13:45,3,2,9
2023552300910,2023,552300910,2,2,1,1,53,8,3,0,0,0,0,0,19,6,E01015366,-1,0,0.01636,0.98364,-1,6,40,1,1,1,11:42,1,2,19
2023101390803,2023,101390803,2,1,1,2,46,8,3,0,0,0,0,0,9,2,E01008435,3,1,0.0,1.0,-1,6,30,1,4,1,19:43,4,2,9
2023122301438,2023,122301438,1,1,1,1,22,5,3,0,0,0,0,0,9,10,E01027623,-1,0,0.13287,0.86713,-1,6,60,1,6,1,05:26,2,1,9
2023320185994,2023,320185994,1,3,1,1,59,9,2,0,0,0,0,0,9,2,E01026011,-1,0,1.0,0.0,-1,6,60,1,6,1,19:25,2,2,9
2023361319528,2023,361319528,3,1,1,1,34,6,3,0,0,0,0,0,9,7,E01026801,3,1,0.0,1.0,-1,6,20,1,1,1,16:52,6,3,9
2023041352925,2023,041352925,1,1,1,1,16,4,3,0,0,0,0,0,90,7,E01025048,3,1,0.0,1.0,-1,6,30,1,1,1,19:40,2,1,90
2023010439913,2023,010439913,1,1,1,2,43,7,3,0,0,0,0,0,9,7,E01003709,-1,0,0.0,1.0,-1,1,20,2,4,2,21:40,5,4,9
2023201315804,2023,201315804,2,2,1,1,36,7,3,0,0,0,0,0,9,-1,-1,3,1,0.0,1.0,-1,3,40,1,4,1,22:29,5,2,9
2023411300651,2023,411300651,2,1,1,2,54,8,3,0,0,0,0,0,9,7,E01023345,3,1,0.0,1.0,-1,3,70,1,1,1,16:18,4,3,9
2023031307687,2023,031307687,1,2,1,1,33,6,3,0,0,0,0,0,9,7,E01019092,3,1,0.0,1.0,-1,6,40,1,1,1,19:00,2,1,9
2023052302984,2023,052302984,1,1,2,2,26,6,3,0,0,1,0,0,9,4,E01006878,-1,0,0.11067,0.88933,-1,3,40,1,4,2,04:30,6,1,9
2023311360076,2023,311360076,1,1,1,2,43,7,3,0,0,0,0,0,9,3,E01033397,3,1,0.0,1.0,-1,3,30,1,1,2,08:50,6,3,9
2023461278332,2023,461278332,1,1,2,1,37,7,2,0,0,-1,0,0,9,6,E01024216,7,1,1.0,0.0,-1,3,60,1,7,1,22:40,3,1,9
2023122300518,2023,122300518,1,1,2,1,91,11,3,0,0,1,0,0,9,7,E01027707,-1,0,0.14674,0.85326,-1,6,60,1,1,1,15:19,2,2,9
2023440063727,2023,440063727,2,1,1,2,47,8,3,0,0,0,0,0,9,2,E01022818,-1,0,0.01311,0.98689,-1,6,30,1,1,1,11:30,4,2,9
2023451318857,2023,451318857,2,3,1,1,44,7,3,0,0,0,0,0,9,10,E01030635,3,1,0.0,1.0,-1,6,30,1,1,1,16:20,3,2,9
2023544553523,2023,544553523,2,2,1,2,56,9,3,0,0,0,0,0,9,9,E01031955,-1,0,0.00906,0.99094,-1,6,30,1,1,1,11:16,2,2,9
2023991276817,2023,991276817,2,1,2,2,43,7,3,0,0,1,0,0,9,2,-1,3,1,0.0,1.0,-1,7,30,2,4,2,23:15,4,2,9
2023010424886,2023,010424886,1,1,1,2,45,7,3,0,0,0,0,0,9,3,E01001391,-1,0,0.0,1.0,-1,6,30,1,1,1,07:40,4,2,9
2023031341358,2023,031341358,1,1,1,2,31,6,3,0,0,0,0,0,9,-1,-1,3,1,0.0,1.0,-1,6,60,1,1,1,08:53,2,2,9
2023421346323,2023,421346323,2,1,1,2,50,8,3,0,0,0,0,0,9,7,E01021361,3,1,0.0,1.0,-1,1,30,2,1,2,12:00,2,2,9
2023451347970,2023,451347970,2,1,1,1,32,6,2,0,0,0,0,0,3,8,E01002941,7,1,1.0,0.0,-1,6,30,1,1,1,12:30,7,2,3
2023520301416,2023,520301416,3,1,1,1,40,7,2,0,0,0,0,0,19,5,E01014861,-1,0,1.0,0.0,-1,6,60,2,1,2,11:00,6,3,19
2023010473046,2023,010473046,1,1,1,1,74,10,3,0,0,0,0,0,5,5,E01003247,-1,0,0.0,1.0,-1,6,20,1,1,2,07:40,6,1,5
2023440325701,2023,440325701,1,1,1,1,75,10,3,0,0,0,0,0,1,10,E01023287,-1,0,0.16274,0.83726,-1,6,30,1,1,1,09:55,6,2,1
2023131294800,2023,131294800,2,1,1,1,29,6,2,0,0,0,0,0,1,2,E01032492,7,1,1.0,0.0,-1,6,30,1,1,1,14:17,7,2,1
2023302301237,2023,302301237,2,1,1,1,13,3,3,0,0,0,0,0,1,10,E01013463,-1,0,0.09219,0.90781,-1,6,30,1,1,1,14:00,6,2,1
2023010472442,2023,010472442,1,1,1,1,55,8,3,0,0,0,0,0,3,3,E01003525,-1,0,0.0,1.0,-1,9,30,1,4,1,20:15,6,2,3
2023010451980,2023,010451980,1,1,3,1,56,9,2,1,3,0,0,0,0,2,E01004089,-1,0,1.0,0.0,-1,6,20,1,1,1,07:28,4,1,9
2023461287514,2023,461287514,1,1,3,1,15,3,3,10,9,0,0,0,0,9,E01024369,3,1,0.0,1.0,-1,6,20,1,1,1,15:35,6,1,11
2023531318544,2023,531318544,1,1,3,1,78,11,3,5,9,0,0,0,0,8,E01022189,3,1,0.0,1.0,-1,6,20,9,7,1,12:00,4,1,9
2023101372221,2023,101372221,2,1,1,2,45,7,3,0,0,0,0,0,9,4,E01008513,3,1,0.0,1.0,-1,7,50,8,1,1,15:45,1,2,9
2023351318108,2023,351318108,1,1,1,1,45,7,3,0,0,0,0,0,9,6,E01030040,3,1,0.0,1.0,-1,7,70,1,1,1,08:10,4,1,9
2023421279109,2023,421279109,2,2,2,1,7,2,3,0,0,2,0,0,9,-1,-1,3,1,0.0,1.0,-1,3,70,8,4,2,13:40,2,2,9
2023430398860,2023,430398860,2,1,1,2,28,6,3,0,0,0,0,0,9,4,E01017198,-1,0,0.00391,0.99609,-1,6,60,1,1,1,18:04,3,2,9
2023430512370,2023,430512370,1,1,1,1,30,6,3,0,0,0,0,0,9,5,E01032724,-1,0,0.00826,0.99174,-1,6,30,1,1,1,15:05,2,2,9
2023231393852,2023,231393852,1,1,3,1,60,9,3,5,2,0,0,0,0,-1,-1,3,1,0.0,1.0,-1,6,20,1,1,1,10:30,6,1,19
2023201411758,2023,201411758,2,2,2,2,17,4,3,0,0,-1,0,0,9,2,E01010240,3,1,0.0,1.0,-1,6,30,3,4,2,18:21,4,2,9
2023501269397,2023,501269397,1,2,2,1,17,4,3,0,0,1,0,0,9,2,E01015242,3,1,0.0,1.0,-1,6,60,1,1,1,16:25,7,1,9
2023543014323,2023,543014323,1,1,1,1,84,11,3,0,0,0,0,0,9,7,E01032000,-1,0,0.0648,0.9352,-1,6,30,1,4,1,19:05,2,3,9
2023991391767,2023,991391767,1,1,1,1,45,7,2,0,0,0,0,0,9,1,-1,7,1,1.0,0.0,-1,3,50,2,1,2,14:05,7,2,9
2023111299640,2023,111299640,1,6,2,1,19,4,2,0,0,0,4,0,11,3,E01020705,6,1,1.0,0.0,-1,6,60,1,1,1,12:28,6,1,11
2023311351747,2023,311351747,1,1,3,2,42,7,3,1,3,0,0,0,0,-1,-1,3,1,0.0,1.0,-1,7,30,1,1,1,18:18,2,1,1
2023430341193,2023,430341193,1,1,1,1,21,5,1,0,0,0,0,0,3,7,E01016824,-1,0,0.0,0.0,-1,6,60,1,1,1,05:33,3,1,3