collision_index,collision_year,collision_ref_no,vehicle_reference,casualty_reference,casualty_class,sex_of_casualty,age_of_casualty,age_band_of_casualty,casualty_severity,pedestrian_location,pedestrian_movement,car_passenger,bus_or_coach_passenger,pedestrian_road_maintenance_worker,casualty_type,casualty_imd_decile,lsoa_of_casualty,enhanced_casualty_severity,casualty_injury_based,casualty_adjusted_severity_serious,casualty_adjusted_severity_slight,casualty_distance_banding,road_type,speed_limit,weather_conditions,light_conditions,road_surface_conditions,time,day_of_week,number_of_vehicles,vehicle_type
2023471304263,2023,471304263,2,2,2,2,61,9,2,0,0,1,0,0,9,4,E01031453,7,1,1.0,0.0,-1,6,50,1,1,1,08:00,6,2,9
2023201416045,2023,201416045,1,1,1,1,25,5,3,0,0,0,0,0,9,2,E01009163,3,1,0.0,1.0,-1,3,30,1,4,1,00:18,2,3,9
2023440524471,2023,440524471,1,1,1,1,45,7,3,0,0,0,0,0,9,9,E01022533,-1,0,0.12341,0.87659,-1,6,50,1,1,2,15:26,1,1,9
2023461366490,2023,461366490,2,1,1,1,81,11,3,0,0,0,0,0,9,7,E01024224,3,1,0.0,1.0,-1,6,30,1,1,1,07:34,6,2,9
2023010469987,2023,010469987,1,1,1,1,33,6,3,0,0,0,0,0,1,3,E01003215,-1,0,0.0,1.0,-1,3,50,1,1,1,08:50,4,1,1
2023010438105,2023,010438105,1,1,1,2,32,6,3,0,0,0,0,0,3,5,E01000705,-1,0,0.0,1.0,-1,9,20,1,1,2,19:15,3,2,3
2023031367809,2023,031367809,2,1,2,2,16,4,3,0,0,1,0,0,9,2,E01019108,3,1,0.0,1.0,-1,6,30,1,4,1,18:45,6,2,9
2023361329054,2023,361329054,1,1,1,1,68,10,3,0,0,0,0,0,9,6,E01026769,3,1,0.0,1.0,-1,6,30,2,1,2,14:17,5,2,9
2023501339636,2023,501339636,1,1,1,1,35,6,3,0,0,0,0,0,9,7,E01018970,3,1,0.0,1.0,-1,6,60,2,6,2,22:34,3,1,9
2023010428743,2023,010428743,1,1,1,1,26,6,3,0,0,0,0,0,3,1,E01001549,-1,0,0.0,1.0,-1,6,20,2,4,2,19:15,4,2,3
2023201295892,2023,201295892,1,1,1,1,20,4,2,0,0,0,0,0,3,1,E01009409,7,1,1.0,0.0,-1,6,30,1,1,1,14:50,6,2,3
2023302301820,2023,302301820,1,1,1,1,19,4,3,0,0,0,0,0,4,4,E01033171,-1,0,0.15841,0.84159,-1,6,30,2,1,2,08:50,2,2,4
2023131367746,2023,131367746,3,1,1,1,35,6,3,0,0,0,0,0,9,7,E01006471,3,1,0.0,1.0,-1,3,70,7,4,2,18:03,5,4,9
2023440060044,2023,440060044,2,1,1,1,18,4,3,0,0,0,0,0,9,6,E01032798,-1,0,0.06203,0.93797,-1,3,70,1,6,1,22:45,1,2,9
2023461375998,2023,461375998,1,1,1,2,70,10,3,0,0,0,0,0,9,8,E01024693,3,1,0.0,1.0,-1,6,30,1,1,1,08:40,6,3,9
2023010444473,2023,010444473,2,2,2,2,46,8,3,0,0,0,4,0,11,-1,-1,-1,0,0.0,1.0,-1,6,30,1,1,1,16:18,2,2,11
2023061306080,2023,061306080,1,1,3,2,41,7,3,5,1,0,0,2,0,2,E01006207,3,1,0.0,1.0,-1,6,30,1,1,1,12:15,1,1,9
2023451280204,2023,451280204,1,1,3,2,68,10,3,5,1,0,0,0,0,4,E01001023,3,1,0.0,1.0,-1,6,30,1,7,1,18:50,5,1,9
2023052301188,2023,052301188,2,2,1,1,49,8,3,0,0,0,0,0,9,7,E01007104,-1,0,0.07157,0.92843,-1,6,30,1,1,1,20:15,3,2,9
2023141370013,2023,141370013,1,2,2,1,46,8,2,0,0,2,0,0,9,-1,-1,7,1,1.0,0.0,-1,6,30,2,4,2,05:29,1,2,9
2023991284519,2023,991284519,1,2,2,1,19,4,2,0,0,1,0,0,9,8,-1,5,1,1.0,0.0,-1,6,60,1,4,1,19:45,2,3,9
2023320100747,2023,320100747,1,1,2,2,17,4,3,0,0,2,0,0,9,-1,-1,-1,0,0.16025,0.83975,-1,6,60,1,6,2,19:40,5,1,9
2023340NN3482,2023,340NN3482,1,1,1,2,48,8,3,0,0,0,0,0,9,6,E01027039,-1,0,0.08946,0.91054,-1,3,60,1,1,1,13:30,3,2,9
2023340WN6272,2023,340WN6272,2,2,1,1,35,6,3,0,0,0,0,0,9,5,E01027133,-1,0,0.04517,0.95483,-1,3,30,1,4,2,16:50,3,2,9
2023010435982,2023,010435982,1,2,3,1,88,11,2,10,9,0,0,0,0,2,E01002054,-1,0,1.0,0.0,-1,2,20,1,1,1,10:30,4,1,1
2023061371026,2023,061371026,2,1,1,1,17,4,3,0,0,0,0,0,1,2,E01006175,3,1,0.0,1.0,-1,6,30,4,1,2,16:25,6,2,1
2023052302854,2023,052302854,2,2,2,1,62,9,3,0,0,2,0,0,8,7,E01007198,-1,0,0.04372,0.95628,-1,6,30,1,1,1,12:50,5,2,8
2023221356055,2023,221356055,2,1,1,2,40,7,3,0,0,0,0,0,9,4,E01014025,3,1,0.0,1.0,-1,6,50,1,1,1,18:20,5,2,9
2023320716466,2023,320716466,1,1,1,1,23,5,3,0,0,0,0,0,9,1,E01013210,-1,0,0.07726,0.92274,-1,6,30,9,6,2,18:00,1,1,9
2023351314147,2023,351314147,2,2,2,2,33,6,3,0,0,2,0,0,9,6,E01033179,3,1,0.0,1.0,-1,1,40,1,1,1,18:30,2,2,9
2023552300900,2023,552300900,1,1,2,2,46,8,3,0,0,0,0,0,19,7,E01014385,-1,0,0.08536,0.91464,-1,6,60,2,1,2,13:09,1,1,19
2023471293821,2023,471293821,1,1,1,1,30,6,2,0,0,0,0,0,9,2,E01021179,7,1,1.0,0.0,-1,6,40,2,6,2,05:14,7,1,9
2023141331990,2023,141331990,1,1,1,1,54,8,3,0,0,0,0,0,9,7,E01017231,3,1,0.0,1.0,-1,6,30,1,1,1,15:50,6,2,9
2023451362768,2023,451362768,1,1,1,2,29,6,3,0,0,0,0,0,9,6,E01003002,3,1,0.0,1.0,-1,3,50,1,6,1,05:00,7,2,9
2023542275723,2023,542275723,2,1,1,1,30,6,3,0,0,0,0,0,19,7,E01020298,-1,0,0.00345,0.99655,-1,6,30,2,1,2,15:30,6,2,19
2023421333028,2023,421333028,1,1,1,1,-1,-1,2,0,0,0,0,0,1,-1,-1,7,1,1.0,0.0,-1,6,30,1,1,1,11:00,4,2,1
2023010451119,2023,010451119,1,1,1,1,26,6,3,0,0,0,0,0,3,4,E01000507,-1,0,0.0,1.0,-1,9,20,1,1,1,20:02,6,2,3
2023010455635,2023,010455635,1,1,1,2,50,8,3,0,0,0,0,0,9,10,E01003443,-1,0,0.0,1.0,-1,6,20,1,1,1,12:15,2,2,9
2023332300261,2023,332300261,1,1,1,1,18,4,3,0,0,0,0,0,9,9,E01025728,-1,0,0.05174,0.94826,-1,6,60,2,6,2,22:19,4,2,9
2023421314318,2023,421314318,2,1,1,2,67,10,3,0,0,0,0,0,9,10,E01021475,3,1,0.0,1.0,-1,6,40,1,1,1,16:54,6,2,9
2023440447863,2023,440447863,1,1,1,1,60,9,3,0,0,0,0,0,9,10,E01032880,-1,0,0.06993,0.93007,-1,6,30,1,1,1,07:30,5,2,9
2023131278496,2023,131278496,1,1,3,2,21,5,3,5,9,0,0,1,0,9,E01011905,3,1,0.0,1.0,-1,6,30,1,1,1,13:50,2,1,9
2023161337585,2023,161337585,1,1,1,1,62,9,3,0,0,0,0,0,9,1,E01011497,3,1,0.0,1.0,-1,6,30,1,4,1,20:56,2,3,9
2023201356925,2023,201356925,2,2,2,2,41,7,2,0,0,-1,0,0,9,1,E01010095,7,1,1.0,0.0,-1,6,30,1,1,1,17:49,4,3,9
2023010441940,2023,010441940,1,1,2,2,75,10,3,0,0,0,3,0,11,6,E01002630,-1,0,0.0,1.0,-1,6,20,1,1,1,11:35,3,1,11
2023101314331,2023,101314331,1,1,1,1,57,9,3,0,0,0,0,0,1,10,E01008550,3,1,0.0,1.0,-1,6,60,1,1,1,18:34,6,2,1
2023361365834,2023,361365834,1,1,1,1,27,6,3,0,0,0,0,0,2,1,E01026620,3,1,0.0,1.0,-1,6,30,8,1,2,07:31,2,1,2
2023010441588,2023,010441588,1,1,1,2,43,7,2,0,0,0,0,0,9,2,E01004242,-1,0,1.0,0.0,-1,3,40,1,4,1,00:28,1,2,9
2023131293014,2023,131293014,1,1,1,1,38,7,2,0,0,0,0,0,9,2,E01010796,7,1,1.0,0.0,-1,6,30,1,4,1,21:00,1,2,9
2023221277148,2023,221277148,1,3,2,1,17,4,2,0,0,2,0,0,9,2,E01014047,5,1,1.0,0.0,-1,6,60,1,6,1,23:31,6,1,9
2023991338362,2023,991338362,2,4,1,1,52,8,3,0,0,0,0,0,9,6,-1,3,1,0.0,1.0,-1,6,60,1,1,1,09:07,4,2,9
2023991316793,2023,991316793,1,1,3,1,24,5,3,8,8,0,0,1,0,7,-1,3,1,0.0,1.0,-1,6,30,1,1,1,09:12,6,1,9
2023631372523,2023,631372523,2,1,1,1,23,5,3,0,0,0,0,0,2,5,W01001925,3,1,0.0,1.0,-1,6,30,1,1,1,08:15,5,2,2
2023552301506,2023,552301506,2,2,2,2,76,11,3,0,0,1,0,0,9,9,E01029182,-1,0,0.1182,0.8818,-1,6,60,1,1,1,16:16,2,2,9
2023010477136,2023,010477136,1,1,3,1,47,8,2,6,9,0,0,0,0,7,E01002654,-1,0,1.0,0.0,-1,6,20,2,4,2,20:30,6,1,23
2023061350942,2023,061350942,2,1,1,1,58,9,2,0,0,0,0,0,4,3,E01006253,7,1,1.0,0.0,-1,6,30,1,1,1,10:07,1,2,4
2023361371996,2023,361371996,2,1,1,1,61,9,3,0,0,0,0,0,5,4,E01026640,3,1,0.0,1.0,-1,6,30,1,1,2,09:22,4,2,5
2023010436499,2023,010436499,1,1,2,2,46,8,3,0,0,0,3,0,11,2,E01001550,-1,0,0.0,1.0,-1,3,40,8,1,1,15:00,7,1,11
2023010429460,2023,010429460,1,1,3,2,29,6,2,10,9,0,0,0,0,2,E01001010,-1,0,1.0,0.0,-1,6,20,1,1,1,13:11,2,1,3
2023010429553,2023,010429553,1,1,1,1,32,6,3,0,0,0,0,0,1,6,E01004372,-1,0,0.0,1.0,-1,9,20,1,4,1,19:45,6,2,1
2023010487498,2023,010487498,1,1,1,1,24,5,3,0,0,0,0,0,3,2,E01002078,-1,0,0.0,1.0,-1,9,30,9,1,9,21:30,6,2,3
2023010440534,2023,010440534,1,1,1,1,47,8,3,0,0,0,0,0,9,8,E01033724,-1,0,0.0,1.0,-1,1,30,1,1,1,11:15,2,2,9
2023011274124,2023,011274124,1,2,2,1,19,4,3,0,0,1,0,0,9,7,E01024173,3,1,0.0,1.0,-1,3,70,1,1,1,23:25,6,1,9
2023302301218,2023,302301218,2,1,1,2,67,10,2,0,0,0,0,0,9,3,E01019657,-1,0,1.0,0.0,-1,6,30,1,1,1,12:30,7,2,9
2023211277668,2023,211277668,1,2,2,1,33,6,3,0,0,-1,0,0,8,2,E01014252,3,1,0.0,1.0,-1,1,30,1,4,1,22:35,7,1,8
2023010447314,2023,010447314,1,1,1,1,34,6,2,0,0,0,0,0,9,5,E01018069,-1,0,1.0,0.0,-1,3,70,1,1,1,15:09,3,2,9
2023201298824,2023,201298824,1,1,2,1,57,9,3,0,0,1,0,0,9,7,E01010518,3,1,0.0,1.0,-1,3,40,1,1,1,06:32,5,1,9
2023332300131,2023,332300131,1,1,1,1,53,8,3,0,0,0,0,0,9,10,E01025982,-1,0,0.00809,0.99191,-1,3,30,1,1,1,12:20,3,2,9
2023061349535,2023,061349535,1,1,1,2,45,7,3,0,0,0,0,0,9,8,E01004919,3,1,0.0,1.0,-1,3,30,1,1,1,12:10,5,2,9
2023161351773,2023,161351773,1,1,1,2,30,6,3,0,0,0,0,0,9,4,E01012828,3,1,0.0,1.0,-1,6,30,2,1,2,15:00,3,2,9
2023351304031,2023,351304031,1,1,1,2,86,11,3,0,0,0,0,0,9,10,E01018130,3,1,0.0,1.0,-1,6,20,1,4,1,17:41,5,2,9
2023461359274,2023,461359274,1,3,2,2,20,4,3,0,0,1,0,0,9,7,E01024388,3,1,0.0,1.0,-1,6,30,1,1,1,12:52,4,2,9
2023131325026,2023,131325026,1,2,2,1,24,5,3,0,0,2,0,0,9,2,E01011854,3,1,0.0,1.0,-1,6,30,1,1,1,15:40,1,3,9
2023401266881,2023,401266881,2,1,1,2,39,7,3,0,0,0,0,0,9,10,E01018177,3,1,0.0,1.0,-1,3,60,1,4,1,17:25,6,2,9
2023461263090,2023,461263090,2,1,1,2,49,8,3,0,0,0,0,0,9,4,E01024587,3,1,0.0,1.0,-1,6,50,2,1,2,15:30,6,2,9
2023461382218,2023,461382218,2,1,1,2,51,8,3,0,0,0,0,0,9,5,E01021100,3,1,0.0,1.0,-1,6,30,1,1,1,08:53,4,2,9
2023547644323,2023,547644323,1,1,1,1,53,8,3,0,0,0,0,0,9,8,E01031873,-1,0,0.07067,0.92933,-1,6,60,1,1,1,16:10,5,2,9
2023991353665,2023,991353665,1,1,1,1,22,5,2,0,0,0,0,0,19,9,-1,7,1,1.0,0.0,-1,6,30,1,1,1,14:10,2,2,19
2023141312584,2023,141312584,2,1,1,1,17,4,2,0,0,0,0,0,97,-1,-1,6,1,1.0,0.0,-1,6,40,1,4,1,00:24,7,2,97
2023010460716,2023,010460716,1,1,2,2,32,6,3,0,0,2,0,0,9,2,E01014236,-1,0,0.0,1.0,-1,3,40,1,1,1,16:30,2,2,9
2023041349232,2023,041349232,1,1,1,1,85,11,3,0,0,0,0,0,9,1,E01025181,3,1,0.0,1.0,-1,3,30,1,1,1,15:38,2,2,9
2023101360009,2023,101360009,2,2,2,2,63,9,3,0,0,1,0,0,9,2,E01008755,3,1,0.0,1.0,-1,6,30,1,1,1,15:00,5,2,9
2023320192576,2023,320192576,3,1,1,2,36,7,3,0,0,0,0,0,9,1,E01026312,-1,0,0.05208,0.94792,-1,6,60,2,1,2,16:00,5,3,9
2023430446383,2023,430446383,1,1,1,2,31,6,3,0,0,0,0,0,9,10,E01017728,-1,0,0.02148,0.97852,-1,6,60,1,1,1,16:55,4,2,9
2023471362817,2023,471362817,1,1,3,1,70,10,3,6,9,0,0,0,0,5,E01021000,3,1,0.0,1.0,-1,6,30,9,1,1,15:15,7,1,9
2023351320831,2023,351320831,1,2,1,1,17,4,3,0,0,0,0,0,3,8,E01018021,3,1,0.0,1.0,-1,6,60,1,1,1,15:30,6,2,3
2023010419189,2023,010419189,1,1,1,1,50,8,3,0,0,0,0,0,9,5,E01002443,-1,0,0.0,1.0,-1,1,30,1,4,1,03:50,1,2,9
2023041375717,2023,041375717,2,1,2,2,48,8,3,0,0,1,0,0,9,7,E01025557,3,1,0.0,1.0,-1,6,30,8,1,2,10:10,6,2,9
2023320337399,2023,320337399,2,1,2,2,52,8,3,0,0,1,0,0,9,7,E01013325,-1,0,0.03964,0.96036,-1,6,30,1,1,1,18:00,6,2,9
2023201419519,2023,201419519,1,5,2,1,10,2,3,0,0,1,0,0,9,5,E01009716,3,1,0.0,1.0,-1,3,50,1,1,2,11:20,1,2,9
2023440524981,2023,440524981,1,1,1,1,69,10,3,0,0,0,0,0,9,8,E01023001,-1,0,0.20051,0.79949,-1,6,60,1,6,2,06:40,2,1,9
2023552300567,2023,552300567,1,1,1,2,21,5,3,0,0,0,0,0,9,10,E01020415,-1,0,0.0262,0.9738,-1,6,30,1,1,1,13:22,3,2,9
2023631315142,2023,631315142,2,2,1,2,54,8,2,0,0,0,0,0,9,8,W01000457,6,1,1.0,0.0,-1,6,50,1,1,1,15:10,2,3,9
2023991339051,2023,991339051,1,1,2,2,53,8,3,0,0,0,0,0,90,-1,-1,3,1,0.0,1.0,-1,6,60,1,1,1,11:54,2,2,90
2023052301850,2023,052301850,1,3,3,1,36,7,3,6,9,0,0,0,0,3,E01007060,-1,0,0.24596,0.75404,-1,6,30,1,4,1,02:15,1,1,9
2023421372738,2023,421372738,1,1,3,1,76,11,3,1,1,0,0,0,0,1,E01021304,3,1,0.0,1.0,-1,6,20,1,4,1,19:51,5,1,9
2023421396307,2023,421396307,2,1,1,1,58,9,3,0,0,0,0,0,1,4,E01021310,3,1,0.0,1.0,-1,6,30,1,1,1,10:00,1,2,1
2023201384306,2023,201384306,2,1,1,1,48,8,3,0,0,0,0,0,9,8,E01010540,3,1,0.0,1.0,-1,6,30,1,4,1,21:40,2,2,9
2023461322647,2023,461322647,1,1,1,1,19,4,3,0,0,0,0,0,9,9,E01024438,3,1,0.0,1.0,-1,6,30,1,1,1,17:05,2,2,9
2023010423701,2023,010423701,1,2,2,1,20,4,3,0,0,1,0,0,9,2,E01002077,-1,0,0.0,1.0,-1,6,30,1,4,2,17:00,5,3,9
2023332300887,2023,332300887,1,1,1,1,18,4,3,0,0,0,0,0,9,4,E01019689,-1,0,0.01102,0.98898,-1,3,40,1,4,1,21:00,7,2,9
2023471364835,2023,471364835,1,1,1,1,39,7,3,0,0,0,0,0,9,2,E01031437,3,1,0.0,1.0,-1,6,30,5,6,2,16:20,5,2,9
2023501307177,2023,501307177,1,1,2,2,36,7,3,0,0,1,0,0,9,1,E01014594,3,1,0.0,1.0,-1,6,60,1,1,1,15:00,1,1,9
2023440155947,2023,440155947,1,2,1,1,20,4,3,0,0,0,0,0,9,4,E01022621,-1,0,0.06097,0.93903,-1,3,70,1,1,2,12:25,6,3,9
2023440201157,2023,440201157,1,2,2,1,19,4,3,0,0,1,0,0,9,5,E01023201,-1,0,0.09796,0.90204,-1,6,30,1,6,1,00:02,2,1,9
2023461378048,2023,461378048,2,1,1,1,60,9,3,0,0,0,0,0,9,6,E01024472,3,1,0.0,1.0,-1,6,60,1,1,1,15:30,2,2,9
2023201416665,2023,201416665,2,2,1,2,58,9,3,0,0,0,0,0,9,-1,-1,3,1,0.0,1.0,-1,6,30,1,1,-1,13:00,1,2,9
2023221386879,2023,221386879,1,1,1,1,29,6,3,0,0,0,0,0,9,5,E01014084,3,1,0.0,1.0,-1,3,30,1,4,2,04:25,5,1,9
2023361345019,2023,361345019,1,1,1,2,19,4,3,0,0,0,0,0,9,1,E01030249,3,1,0.0,1.0,-1,2,60,1,1,2,11:42,1,2,9
2023471292636,2023,471292636,1,1,3,1,47,8,3,8,1,0,0,0,0,2,E01031450,3,1,0.0,1.0,-1,6,30,2,4,2,20:20,6,1,9
2023010453151,2023,010453151,2,1,1,1,30,6,3,0,0,0,0,0,1,4,E01003278,-1,0,0.0,1.0,-1,6,20,2,1,2,15:05,3,2,1
2023010421612,2023,010421612,2,1,1,2,34,6,2,0,0,0,0,0,3,4,E01004565,-1,0,1.0,0.0,-1,1,30,2,4,1,06:47,2,2,3
2023411281400,2023,411281400,1,1,1,2,33,6,3,0,0,0,0,0,9,7,E01023484,3,1,0.0,1.0,-1,6,60,1,1,1,15:06,3,2,9
2023131345959,2023,131345959,2,1,2,1,42,7,3,0,0,0,4,0,11,1,E01011431,3,1,0.0,1.0,-1,6,30,1,1,1,12:57,4,2,11
2023010423714,2023,010423714,1,1,1,2,72,10,3,0,0,0,0,0,9,3,E01002276,-1,0,0.0,1.0,-1,6,30,1,1,2,15:29,5,2,9
2023170L30483,2023,170L30483,2,3,2,2,43,7,3,0,0,1,0,0,9,2,E01012318,-1,0,0.05975,0.94025,-1,6,30,1,1,1,16:10,7,2,9
2023430148202,2023,430148202,1,1,1,2,43,7,3,0,0,0,0,0,9,9,E01017660,-1,0,0.00323,0.99677,-1,6,30,8,1,1,18:20,2,2,9
2023010453250,2023,010453250,1,1,1,1,32,6,2,0,0,0,0,0,1,2,E01001894,-1,0,1.0,0.0,-1,6,30,1,1,1,20:20,2,2,1
2023311391002,2023,311391002,2,1,1,1,20,4,3,0,0,0,0,0,3,2,E01026375,3,1,0.0,1.0,-1,6,60,1,6,1,18:00,2,2,3
2023010424975,2023,010424975,1,1,1,1,35,6,3,0,0,0,0,0,4,6,E01021128,-1,0,0.0,1.0,-1,3,50,1,1,1,07:45,5,2,4
2023141289170,2023,141289170,1,1,1,2,18,4,3,0,0,0,0,0,9,3,E01007357,3,1,0.0,1.0,-1,6,30,1,1,1,17:31,3,1,9
2023540390023,2023,540390023,2,1,1,2,42,7,3,0,0,0,0,0,9,6,E01032697,-1,0,0.0385,0.9615,-1,6,30,2,4,2,07:25,5,3,9
2023991343636,2023,991343636,1,1,3,2,73,10,3,5,1,0,0,2,0,-1,-1,3,1,0.0,1.0,-1,6,20,9,1,1,12:30,4,1,1
2023461266917,2023,461266917,2,1,1,1,55,8,3,0,0,0,0,0,8,5,E01024198,3,1,0.0,1.0,-1,6,30,1,1,1,08:50,5,2,8
2023061284795,2023,061284795,2,2,2,1,36,7,3,0,0,-1,0,0,9,4,E01005036,3,1,0.0,1.0,-1,6,30,1,4,1,16:45,6,2,9
2023320047008,2023,320047008,2,1,1,1,50,8,3,0,0,0,0,0,9,8,E01028035,-1,0,0.03784,0.96216,-1,3,50,1,1,1,13:38,2,4,9
2023471378600,2023,471378600,2,1,1,1,58,9,3,0,0,0,0,0,20,6,E01031408,3,1,0.0,1.0,-1,6,60,1,6,1,05:55,6,2,20
2023522324527,2023,522324527,1,1,1,1,21,5,3,0,0,0,0,0,3,1,E01032515,-1,0,0.05412,0.94588,-1,6,30,1,4,1,20:15,4,2,3
2023010422457,2023,010422457,1,1,1,2,85,11,3,0,0,0,0,0,9,6,E01001598,-1,0,0.0,1.0,-1,6,30,1,1,1,12:00,6,2,9
2023522301335,2023,522301335,1,1,1,2,21,5,3,0,0,0,0,0,9,6,E01014813,-1,0,0.00392,0.99608,-1,1,30,1,1,1,13:00,1,2,9
2023421307046,2023,421307046,1,1,3,1,60,9,3,6,9,0,0,0,0,8,E01033144,3,1,0.0,1.0,-1,6,30,1,4,1,22:41,7,1,9
2023351325350,2023,351325350,2,1,1,2,19,4,2,0,0,0,0,0,1,2,E01015610,7,1,1.0,0.0,-1,6,30,1,1,1,15:02,6,2,1
2023010419847,2023,010419847,2,1,1,1,30,6,3,0,0,0,0,0,4,9,E01021746,-1,0,0.0,1.0,-1,6,30,1,4,1,19:30,5,2,4
2023440421651,2023,440421651,2,1,2,1,25,5,3,0,0,1,0,0,9,7,E01020390,-1,0,0.03449,0.96551,-1,6,30,1,4,1,21:09,7,2,9
2023522300258,2023,522300258,1,1,1,1,55,8,3,0,0,0,0,0,9,1,E01033359,-1,0,0.00416,0.99584,-1,7,70,1,1,1,14:06,3,2,9
2023631329399,2023,631329399,1,1,1,1,31,6,2,0,0,0,0,0,9,4,W01000605,7,1,1.0,0.0,-1,6,30,5,1,2,11:47,6,1,9
2023101330911,2023,101330911,1,1,3,1,14,3,3,5,2,0,0,0,0,2,E01008601,3,1,0.0,1.0,-1,6,30,1,1,1,08:30,4,1,9
2023010471490,2023,010471490,1,1,1,2,24,5,3,0,0,0,0,0,9,7,E01004134,-1,0,0.0,1.0,-1,1,30,1,4,1,05:15,2,2,9
2023131387034,2023,131387034,2,1,1,1,37,7,3,0,0,0,0,0,9,1,E01010744,3,1,0.0,1.0,-1,3,50,1,4,2,06:00,3,2,9
2023131391845,2023,131391845,1,1,1,2,31,6,3,0,0,0,0,0,9,7,E01010939,3,1,0.0,1.0,-1,3,70,5,4,2,19:44,5,1,9
2023141288525,2023,141288525,1,2,2,2,71,10,2,0,0,1,0,0,9,1,E01007406,7,1,1.0,0.0,-1,1,30,2,1,2,09:50,2,1,9
2023010438772,2023,010438772,1,1,3,1,70,10,3,8,1,0,0,0,0,7,E01000791,-1,0,0.0,1.0,-1,6,30,1,1,1,16:15,6,1,8
2023010472600,2023,010472600,1,1,1,2,45,7,3,0,0,0,0,0,9,3,E01000024,-1,0,0.0,1.0,-1,6,30,1,4,1,06:20,4,1,9
2023141284212,2023,141284212,2,2,1,1,64,9,3,0,0,0,0,0,9,6,E01007526,3,1,0.0,1.0,-1,6,40,1,1,1,17:05,3,3,9
2023421262231,2023,421262231,2,1,1,1,47,8,3,0,0,0,0,0,9,6,E01001665,3,1,0.0,1.0,-1,3,70,2,4,2,00:20,5,2,9
2023052300592,2023,052300592,1,1,3,2,31,6,3,10,1,0,0,0,0,1,E01007289,-1,0,0.21044,0.78956,-1,6,30,1,4,2,02:00,2,1,9
2023122301213,2023,122301213,1,1,3,1,81,11,3,6,9,0,0,0,0,9,E01027794,-1,0,0.05904,0.94096,-1,6,30,1,1,2,12:45,2,1,22
2023010462173,2023,010462173,1,1,1,1,28,6,3,0,0,0,0,0,3,4,E01003053,-1,0,0.0,1.0,-1,9,30,9,1,9,15:10,4,2,3
2023010475994,2023,010475994,1,1,1,1,46,8,3,0,0,0,0,0,9,6,E01001678,-1,0,0.0,1.0,-1,6,20,8,1,2,09:30,1,2,9
2023010477775,2023,010477775,2,1,1,1,22,5,3,0,0,0,0,0,3,5,E01003359,-1,0,0.0,1.0,-1,3,30,1,1,2,16:38,2,2,3
2023010419272,2023,010419272,1,1,1,1,28,6,3,0,0,0,0,0,9,9,E01000341,-1,0,0.0,1.0,-1,6,30,2,4,2,20:11,1,2,9
2023031387433,2023,031387433,1,1,2,2,34,6,3,0,0,1,0,0,9,3,E01019099,3,1,0.0,1.0,-1,6,60,1,4,2,18:00,3,2,9
2023440108487,2023,440108487,2,1,1,1,33,6,3,0,0,0,0,0,9,3,E01022908,-1,0,0.02849,0.97151,-1,6,30,1,1,1,13:00,7,2,9
2023440136547,2023,440136547,1,1,1,2,33,6,3,0,0,0,0,0,9,10,E01023024,-1,0,0.00929,0.99071,-1,6,40,1,1,1,17:00,5,2,9
2023520000782,2023,520000782,2,1,1,2,32,6,3,0,0,0,0,0,9,8,E01014456,-1,0,0.0063,0.9937,-1,6,30,2,1,2,16:20,5,2,9
2023302300240,2023,302300240,2,1,1,1,30,6,2,0,0,0,0,0,5,4,E01019491,-1,0,1.0,0.0,-1,6,30,1,1,1,15:00,4,3,5
2023010446274,2023,010446274,1,1,1,1,38,7,3,0,0,0,0,0,9,4,E01032742,-1,0,0.0,1.0,-1,3,50,1,4,1,22:50,4,2,9
2023461364973,2023,461364973,2,1,1,2,29,6,3,0,0,0,0,0,9,3,E01016021,3,1,0.0,1.0,-1,1,40,1,1,1,08:40,4,2,9
2023430126281,2023,430126281,1,1,3,2,30,6,3,6,9,0,0,0,0,5,E01016502,-1,0,0.02896,0.97104,-1,6,30,1,1,1,15:00,3,1,9
2023161377081,2023,161377081,1,1,1,2,34,6,3,0,0,0,0,0,1,5,E01012902,3,1,0.0,1.0,-1,6,30,1,1,1,15:25,5,2,1
2023231331037,2023,231331037,2,1,1,1,27,6,2,0,0,0,0,0,3,3,E01032536,7,1,1.0,0.0,-1,6,30,1,1,1,13:00,1,2,3
2023170S12393,2023,170S12393,1,1,1,2,60,9,3,0,0,0,0,0,9,9,E01012224,-1,0,0.10634,0.89366,-1,3,40,1,4,2,17:30,7,2,9
2023541632023,2023,541632023,1,1,1,1,19,4,3,0,0,0,0,0,9,9,E01031880,-1,0,0.09344,0.90656,-1,6,50,1,6,1,20:44,2,1,9
2023991290559,2023,991290559,1,1,1,1,30,6,3,0,0,0,0,0,9,8,-1,3,1,0.0,1.0,-1,3,60,2,1,2,18:00,6,2,9
2023061388467,2023,061388467,1,1,3,1,58,9,3,1,4,0,0,0,0,2,E01006308,3,1,0.0,1.0,-1,6,30,1,1,1,12:30,4,1,9
2023010430198,2023,010430198,1,1,1,1,55,8,3,0,0,0,0,0,1,8,E01001568,-1,0,0.0,1.0,-1,6,20,1,1,1,07:35,6,2,1