collision_index,collision_year,collision_ref_no,vehicle_reference,casualty_reference,casualty_class,sex_of_casualty,age_of_casualty,age_band_of_casualty,casualty_severity,pedestrian_location,pedestrian_movement,car_passenger,bus_or_coach_passenger,pedestrian_road_maintenance_worker,casualty_type,casualty_imd_decile,lsoa_of_casualty,enhanced_casualty_severity,casualty_injury_based,casualty_adjusted_severity_serious,casualty_adjusted_severity_slight,casualty_distance_banding,road_type,speed_limit,weather_conditions,light_conditions,road_surface_conditions,time,day_of_week,number_of_vehicles,vehicle_type
2023401297721,2023,401297721,2,1,1,1,28,6,3,0,0,0,0,0,9,1,E01015732,3,1,0.0,1.0,-1,6,30,2,1,2,13:30,5,2,9
2023552301292,2023,552301292,1,1,1,2,71,10,2,0,0,0,0,0,9,7,E01020538,-1,0,1.0,0.0,-1,6,60,2,1,2,10:50,6,2,9
2023041344428,2023,041344428,1,1,1,1,7,2,3,0,0,0,0,0,1,-1,-1,3,1,0.0,1.0,-1,1,20,1,1,1,13:39,2,3,1
2023122301286,2023,122301286,1,1,1,1,18,4,2,0,0,0,0,0,3,3,E01013386,-1,0,1.0,0.0,-1,6,30,5,4,2,16:44,6,2,3
2023121265691,2023,121265691,1,1,1,1,33,6,3,0,0,0,0,0,9,6,E01019651,3,1,0.0,1.0,-1,7,70,1,6,2,19:01,5,1,9
2023461304098,2023,461304098,1,3,1,2,50,8,3,0,0,0,0,0,9,6,E01024216,3,1,0.0,1.0,-1,6,30,1,1,1,11:07,2,2,9
2023610003023,2023,610003023,2,1,1,2,33,6,3,0,0,0,0,0,9,2,W01001467,-1,0,0.01879,0.98121,-1,6,30,1,1,1,14:30,5,3,9
2023991283815,2023,991283815,2,2,1,2,36,7,3,0,0,0,0,0,9,-1,-1,3,1,0.0,1.0,-1,6,50,1,1,1,11:24,7,3,9
2023311351740,2023,311351740,1,1,2,1,90,11,3,0,0,0,1,0,11,4,E01028174,3,1,0.0,1.0,-1,6,20,1,1,1,16:24,7,1,11
2023052302127,2023,052302127,2,2,1,2,66,10,3,0,0,0,0,0,9,7,E01007256,-1,0,0.09234,0.90766,-1,6,40,1,1,1,19:10,1,3,9
2023211304650,2023,211304650,2,2,2,2,30,6,3,0,0,1,0,0,9,-1,-1,3,1,0.0,1.0,-1,2,30,1,1,1,20:20,2,2,9
2023320755466,2023,320755466,2,1,1,1,61,9,3,0,0,0,0,0,9,1,E01026114,-1,0,0.04855,0.95145,-1,6,30,1,1,1,15:07,6,2,9
2023340WN3932,2023,340WN3932,1,1,2,1,12,3,3,0,0,2,0,0,9,5,E01017095,-1,0,0.10253,0.89747,-1,6,60,1,1,2,15:00,7,4,9
2023421328753,2023,421328753,1,2,1,1,78,11,3,0,0,0,0,0,9,3,E01021860,3,1,0.0,1.0,-1,6,30,1,1,1,16:10,4,2,9
2023501362300,2023,501362300,1,2,2,1,28,6,3,0,0,-1,0,0,9,1,E01015078,3,1,0.0,1.0,-1,6,30,2,1,2,17:41,5,2,9
2023531260490,2023,531260490,1,1,1,2,71,10,3,0,0,0,0,0,9,8,E01032176,3,1,0.0,1.0,-1,7,70,1,6,2,19:20,6,1,9
2023201385471,2023,201385471,1,1,1,2,21,5,3,0,0,0,0,0,9,-1,-1,3,1,0.0,1.0,-1,6,30,1,4,2,02:45,4,2,9
2023471353667,2023,471353667,1,2,1,1,32,6,3,0,0,0,0,0,9,1,E01016947,3,1,0.0,1.0,-1,6,30,1,4,1,23:11,6,2,9
2023552301143,2023,552301143,2,1,1,2,78,11,3,0,0,0,0,0,9,7,E01020365,-1,0,0.06462,0.93538,-1,6,30,5,1,2,13:14,4,3,9
2023010447684,2023,010447684,2,2,1,1,48,8,3,0,0,0,0,0,1,9,E01000647,-1,0,0.0,1.0,-1,6,30,1,1,1,08:18,5,2,1
2023010471791,2023,010471791,1,1,1,1,49,8,3,0,0,0,0,0,2,3,E01002552,-1,0,0.0,1.0,-1,6,20,2,4,2,19:10,6,3,2
2023010432039,2023,010432039,2,1,1,1,20,4,3,0,0,0,0,0,3,5,E01001086,-1,0,0.0,1.0,-1,6,30,1,1,1,15:38,2,2,3
2023221398978,2023,221398978,1,2,2,2,73,10,3,0,0,1,0,0,9,9,E01014134,3,1,0.0,1.0,-1,6,60,1,1,1,12:10,3,2,9
2023302300250,2023,302300250,2,1,2,2,17,4,3,0,0,1,0,0,9,-1,-1,-1,0,0.00732,0.99268,-1,1,70,9,1,1,08:50,5,2,9
2023622300442,2023,622300442,1,1,1,1,28,6,3,0,0,0,0,0,9,3,W01001830,-1,0,0.07074,0.92926,-1,3,30,2,4,1,00:59,5,1,9
2023320657123,2023,320657123,1,4,1,2,18,4,3,0,0,0,0,0,9,8,E01026262,-1,0,0.13115,0.86885,-1,6,60,1,6,2,21:50,1,1,9
2023543195123,2023,543195123,2,4,2,1,30,6,3,0,0,2,0,0,9,9,E01031998,-1,0,0.07387,0.92613,-1,6,40,4,4,1,03:00,7,2,9
2023010434729,2023,010434729,2,1,1,1,33,6,3,0,0,0,0,0,1,4,E01002970,-1,0,0.0,1.0,-1,6,20,1,1,1,18:30,3,2,1
2023061396734,2023,061396734,1,1,1,2,64,9,3,0,0,0,0,0,9,3,E01005546,3,1,0.0,1.0,-1,3,40,2,4,2,16:30,5,2,9
2023141322970,2023,141322970,2,1,1,1,32,6,3,0,0,0,0,0,9,3,E01007774,3,1,0.0,1.0,-1,6,60,1,1,1,18:17,2,2,9
2023451329813,2023,451329813,1,1,1,1,35,6,3,0,0,0,0,0,9,8,E01023245,3,1,0.0,1.0,-1,1,40,1,4,2,20:57,7,1,9
2023522301855,2023,522301855,1,1,1,2,48,8,3,0,0,0,0,0,9,8,E01014896,-1,0,0.01926,0.98074,-1,1,30,1,1,1,10:17,6,2,9
2023061293085,2023,061293085,1,1,3,1,14,3,3,8,8,0,0,-1,0,2,E01005320,3,1,0.0,1.0,-1,6,30,1,1,1,11:15,3,1,9
2023010468329,2023,010468329,1,1,1,1,21,5,3,0,0,0,0,0,3,1,E01015932,-1,0,0.0,1.0,-1,1,30,9,1,9,12:01,7,2,3
2023010426212,2023,010426212,1,1,1,2,31,6,3,0,0,0,0,0,9,3,E01001003,-1,0,0.0,1.0,-1,2,20,8,4,1,08:45,4,2,9
2023070057567,2023,070057567,1,2,1,1,26,6,3,0,0,0,0,0,9,2,E01014302,-1,0,0.02283,0.97717,-1,6,30,8,1,4,09:05,6,2,9
2023545837123,2023,545837123,1,1,1,2,42,7,3,0,0,0,0,0,9,6,E01030099,-1,0,0.057,0.943,-1,3,70,1,1,1,19:57,1,4,9
2023991393174,2023,991393174,1,1,2,1,59,9,3,0,0,1,0,0,9,7,-1,3,1,0.0,1.0,-1,6,50,2,6,4,19:12,6,1,9
2023451369852,2023,451369852,1,1,2,1,76,11,3,0,0,0,3,0,11,8,E01030393,3,1,0.0,1.0,-1,3,40,1,1,2,12:16,5,1,11
2023440248678,2023,440248678,1,1,3,1,12,3,2,5,2,0,0,0,0,9,E01022674,-1,0,1.0,0.0,-1,6,30,1,1,1,15:21,5,1,9
2023471266131,2023,471266131,1,2,3,2,59,9,3,6,9,0,0,0,0,2,E01015288,3,1,0.0,1.0,-1,6,30,1,4,1,17:19,6,1,9
202354D183723,2023,54D183723,2,2,1,1,21,5,2,0,0,0,0,0,5,8,E01032001,-1,0,1.0,0.0,-1,6,50,1,1,2,08:16,4,2,5
2023041370462,2023,041370462,2,2,2,2,52,8,3,0,0,1,0,0,9,4,E01024919,3,1,0.0,1.0,-1,6,20,2,4,2,15:00,6,2,9
2023141340965,2023,141340965,1,5,2,1,45,7,3,0,0,1,0,0,9,1,E01007737,3,1,0.0,1.0,-1,3,70,1,1,1,12:45,6,4,9
2023061345268,2023,061345268,3,1,2,1,30,6,3,0,0,0,0,0,19,-1,-1,3,1,0.0,1.0,-1,6,20,1,1,1,18:51,5,3,19
2023221289586,2023,221289586,1,1,1,2,45,7,3,0,0,0,0,0,21,-1,-1,3,1,0.0,1.0,-1,6,60,4,1,1,16:20,3,1,21
2023010450637,2023,010450637,2,2,1,1,22,5,3,0,0,0,0,0,9,5,E01001682,-1,0,0.0,1.0,-1,3,30,1,1,1,05:08,4,4,9
2023201311286,2023,201311286,2,2,1,2,49,8,3,0,0,0,0,0,9,8,E01029652,3,1,0.0,1.0,-1,6,30,1,1,1,16:43,3,2,9
2023320406226,2023,320406226,1,1,1,1,18,4,3,0,0,0,0,0,9,1,E01026010,-1,0,0.07158,0.92842,-1,6,30,1,1,1,06:45,1,2,9
2023201339794,2023,201339794,1,2,2,2,18,4,3,0,0,1,0,0,9,1,E01009881,3,1,0.0,1.0,-1,3,40,1,1,1,17:52,1,1,9
2023201379496,2023,201379496,2,1,1,2,25,5,3,0,0,0,0,0,9,8,E01014160,3,1,0.0,1.0,-1,3,40,1,4,1,22:00,6,3,9
2023010480112,2023,010480112,1,1,3,2,62,9,3,5,3,0,0,0,0,3,E01003430,-1,0,0.0,1.0,-1,6,30,1,1,1,10:15,7,1,9
2023010474338,2023,010474338,1,1,2,2,25,5,3,0,0,2,0,0,9,1,E01003060,-1,0,0.0,1.0,-1,6,20,1,1,1,09:46,6,2,9
2023070033269,2023,070033269,2,1,1,1,33,6,3,0,0,0,0,0,9,4,E01012521,-1,0,0.0435,0.9565,-1,6,30,1,4,1,18:10,4,2,9
2023201326017,2023,201326017,2,1,1,1,72,10,3,0,0,0,0,0,9,6,E01029622,3,1,0.0,1.0,-1,6,30,1,5,2,17:20,7,3,9
2023501260315,2023,501260315,2,3,2,2,12,3,3,0,0,2,0,0,9,3,E01020228,3,1,0.0,1.0,-1,6,30,1,4,1,18:10,5,2,9
2023501288015,2023,501288015,1,1,1,1,38,7,3,0,0,0,0,0,9,3,E01015195,3,1,0.0,1.0,-1,3,50,2,4,2,22:33,6,1,9
2023010431934,2023,010431934,2,3,2,2,16,4,3,0,0,1,0,0,9,2,E01003726,-1,0,0.0,1.0,-1,3,50,1,1,1,13:23,1,3,9
2023201330833,2023,201330833,1,2,2,1,18,4,3,0,0,1,0,0,9,2,E01033641,3,1,0.0,1.0,-1,3,50,1,4,1,21:01,4,1,9
2023302300182,2023,302300182,1,1,1,2,21,5,3,0,0,0,0,0,9,4,E01019504,-1,0,0.03176,0.96824,-1,6,40,1,1,1,08:15,3,2,9
2023010433268,2023,010433268,1,1,1,1,38,7,3,0,0,0,0,0,1,2,E01004014,-1,0,0.0,1.0,-1,6,20,2,4,2,18:19,2,2,1
2023010421227,2023,010421227,1,1,1,1,31,6,3,0,0,0,0,0,3,2,E01004341,-1,0,0.0,1.0,-1,3,30,4,1,1,15:00,6,2,3
2023131314709,2023,131314709,1,1,3,1,17,4,3,5,2,0,0,2,0,8,E01010695,3,1,0.0,1.0,-1,6,30,1,1,1,17:49,6,1,9
2023421327570,2023,421327570,1,1,2,2,23,5,3,0,0,1,0,0,9,1,E01000153,3,1,0.0,1.0,-1,1,50,1,1,1,16:51,1,1,9
2023411342709,2023,411342709,2,1,1,1,32,6,3,0,0,0,0,0,9,1,E01015771,3,1,0.0,1.0,-1,3,70,1,1,2,18:15,7,2,9
2023061359422,2023,061359422,2,1,1,1,65,9,2,0,0,0,0,0,1,5,E01004908,7,1,1.0,0.0,-1,1,30,1,1,1,13:30,4,2,1
2023131290755,2023,131290755,2,1,1,2,30,6,3,0,0,0,0,0,1,7,E01011569,3,1,0.0,1.0,-1,6,30,1,1,1,09:10,2,2,1
2023010472047,2023,010472047,1,1,3,2,56,9,3,6,9,0,0,0,0,7,E01000764,-1,0,0.0,1.0,-1,6,40,1,1,1,16:00,7,1,-1
2023131319809,2023,131319809,1,1,3,1,17,4,2,5,1,0,0,2,0,2,E01011015,7,1,1.0,0.0,-1,6,30,1,1,1,14:30,6,1,9
2023421341141,2023,421341141,1,1,3,2,19,4,2,1,3,0,0,0,0,4,E01015930,7,1,1.0,0.0,-1,6,30,1,1,1,08:06,1,1,9
2023010474883,2023,010474883,1,1,1,1,32,6,3,0,0,0,0,0,1,7,E01004639,-1,0,0.0,1.0,-1,6,30,1,1,1,12:45,7,2,1
2023010425813,2023,010425813,1,1,1,1,29,6,3,0,0,0,0,0,3,2,E01003980,-1,0,0.0,1.0,-1,1,30,1,1,1,17:20,7,2,3
2023010480218,2023,010480218,1,1,1,1,21,5,3,0,0,0,0,0,9,3,E01002085,-1,0,0.0,1.0,-1,6,20,8,4,1,02:11,1,1,9
2023201346342,2023,201346342,1,1,1,1,25,5,2,0,0,0,0,0,9,2,E01010088,7,1,1.0,0.0,-1,6,30,1,1,1,10:20,7,4,9
2023302300081,2023,302300081,1,1,1,2,39,7,3,0,0,0,0,0,9,6,E01019680,-1,0,0.09486,0.90514,-1,6,30,1,6,2,03:54,1,2,9
2023052302566,2023,052302566,2,1,1,1,29,6,3,0,0,0,0,0,97,3,E01018534,-1,0,0.1003,0.8997,-1,6,30,2,1,2,07:35,5,2,97
2023010478469,2023,010478469,1,1,1,2,40,7,3,0,0,0,0,0,1,2,E01004233,-1,0,0.0,1.0,-1,1,20,8,4,2,18:30,3,2,1
202360A094635,2023,60A094635,1,1,1,1,75,10,2,0,0,0,0,0,2,-1,-1,-1,0,1.0,0.0,-1,6,60,2,1,2,13:19,1,1,2
2023041389422,2023,041389422,1,1,3,1,66,10,3,8,8,0,0,0,0,1,E01012748,3,1,0.0,1.0,-1,2,30,1,1,1,11:10,5,1,11
2023471342357,2023,471342357,2,2,1,1,38,7,2,0,0,0,0,0,5,9,E01022639,6,1,1.0,0.0,-1,6,60,1,1,1,15:15,3,2,5
2023351387789,2023,351387789,1,1,1,1,47,8,3,0,0,0,0,0,9,-1,-1,3,1,0.0,1.0,-1,6,30,1,4,1,23:46,1,2,9
2023541532423,2023,541532423,1,1,2,1,18,4,3,0,0,1,0,0,9,8,E01022177,-1,0,0.08145,0.91855,-1,6,60,1,6,1,21:11,6,1,9
2023622300978,2023,622300978,2,2,1,1,20,4,3,0,0,0,0,0,9,4,W01001065,-1,0,0.0149,0.9851,-1,6,40,1,1,1,07:13,2,3,9
2023101306348,2023,101306348,2,1,1,1,91,11,1,0,0,0,0,0,22,5,E01008615,1,1,0.0,0.0,-1,6,30,1,1,1,12:30,5,2,22
2023520301577,2023,520301577,1,1,1,2,45,7,3,0,0,0,0,0,9,3,E01029029,-1,0,0.05543,0.94457,-1,6,60,1,1,1,12:39,7,1,9
2023991308581,2023,991308581,1,1,1,2,37,7,3,0,0,0,0,0,9,1,-1,3,1,0.0,1.0,-1,6,30,1,1,1,16:30,4,2,9
2023991299620,2023,991299620,2,1,1,1,34,6,3,0,0,0,0,0,5,7,-1,3,1,0.0,1.0,-1,6,30,1,1,1,08:05,5,2,5
2023010442098,2023,010442098,1,1,1,2,47,8,3,0,0,0,0,0,9,2,E01001136,-1,0,0.0,1.0,-1,9,30,1,5,1,00:45,6,1,9
2023991350681,2023,991350681,1,1,1,1,88,11,2,0,0,0,0,0,9,6,E01025963,6,1,1.0,0.0,-1,3,70,1,1,1,10:50,4,2,9
2023531355442,2023,531355442,1,1,1,1,50,8,3,0,0,0,0,0,19,8,E01031883,3,1,0.0,1.0,-1,6,60,1,1,1,13:42,6,2,19
2023041342438,2023,041342438,3,4,2,1,21,5,3,0,0,2,0,0,9,5,E01012633,3,1,0.0,1.0,-1,6,50,1,4,1,20:30,3,3,9
2023141266313,2023,141266313,1,3,2,2,11,3,3,0,0,1,0,0,9,5,E01007588,3,1,0.0,1.0,-1,6,30,1,1,1,16:20,6,2,9
2023440284831,2023,440284831,2,2,2,1,62,9,3,0,0,1,0,0,9,3,E01017299,-1,0,0.10415,0.89585,-1,6,40,4,1,1,18:32,7,2,9
2023622300077,2023,622300077,1,1,1,2,59,9,3,0,0,0,0,0,9,8,W01001030,-1,0,0.04988,0.95012,-1,6,40,1,1,1,13:35,2,2,9
2023010425953,2023,010425953,1,1,1,1,40,7,3,0,0,0,0,0,1,3,E01001805,-1,0,0.0,1.0,-1,1,30,1,4,1,19:52,2,2,1
2023351354899,2023,351354899,2,1,1,1,14,3,3,0,0,0,0,0,1,5,E01033113,3,1,0.0,1.0,-1,6,20,1,1,1,07:45,5,2,1
2023430024442,2023,430024442,1,1,1,1,18,4,3,0,0,0,0,0,3,9,E01028572,-1,0,0.1281,0.8719,-1,6,20,1,1,1,11:30,3,2,3
2023131376276,2023,131376276,2,2,2,2,31,6,3,0,0,2,0,0,9,1,E01011838,3,1,0.0,1.0,-1,7,70,1,1,2,15:12,7,2,9
2023401332772,2023,401332772,1,1,1,1,52,8,3,0,0,0,0,0,9,5,E01017486,3,1,0.0,1.0,-1,6,40,1,1,1,14:36,6,1,9
2023991326772,2023,991326772,1,2,2,1,18,4,2,0,0,1,0,0,9,8,-1,5,1,1.0,0.0,-1,3,70,2,1,2,21:10,5,1,9
2023501318314,2023,501318314,1,1,1,2,44,7,3,0,0,0,0,0,2,5,E01018780,3,1,0.0,1.0,-1,6,20,1,1,2,08:00,7,1,2
2023010442638,2023,010442638,1,1,1,1,22,5,3,0,0,0,0,0,9,7,E01024479,-1,0,0.0,1.0,-1,6,30,1,1,1,13:00,3,2,9
2023010445231,2023,010445231,1,1,1,1,37,7,3,0,0,0,0,0,9,3,E01016442,-1,0,0.0,1.0,-1,3,20,1,1,1,14:26,5,2,9
2023131377342,2023,131377342,2,2,1,1,22,5,3,0,0,0,0,0,9,4,E01005474,3,1,0.0,1.0,-1,3,70,2,4,2,17:15,2,3,9
2023332300020,2023,332300020,1,1,3,1,11,3,3,5,1,0,0,0,0,9,E01025998,-1,0,0.06137,0.93863,-1,6,30,1,1,1,15:30,2,1,9
2023010432115,2023,010432115,1,1,1,1,35,6,2,0,0,0,0,0,1,7,E01004018,-1,0,1.0,0.0,-1,6,20,1,1,1,17:20,6,2,1
2023010445366,2023,010445366,2,1,1,1,40,7,3,0,0,0,0,0,1,5,E01033708,-1,0,0.0,1.0,-1,7,20,1,1,1,20:08,6,2,1
2023430456292,2023,430456292,2,1,1,2,12,3,3,0,0,0,0,0,1,-1,-1,-1,0,0.03098,0.96902,-1,6,20,1,1,1,08:06,3,2,1
2023531275221,2023,531275221,1,1,1,1,16,4,3,0,0,0,0,0,1,5,E01014065,3,1,0.0,1.0,-1,6,50,1,6,1,20:10,7,2,1
2023440145541,2023,440145541,1,1,1,1,22,5,2,0,0,0,0,0,9,10,E01022861,-1,0,1.0,0.0,-1,3,70,2,1,2,06:56,6,1,9
202360A148939,2023,60A148939,1,1,1,1,71,10,3,0,0,0,0,0,9,-1,-1,-1,0,0.19355,0.80645,-1,6,30,1,1,2,15:36,5,1,9
2023221343820,2023,221343820,2,1,1,1,36,7,3,0,0,0,0,0,3,7,E01032191,3,1,0.0,1.0,-1,6,30,1,1,1,14:00,7,2,3
2023061267792,2023,061267792,1,1,3,2,-1,-1,3,5,3,0,0,-1,0,-1,-1,3,1,0.0,1.0,-1,6,30,3,1,2,08:05,4,1,9
2023161351765,2023,161351765,1,1,2,2,88,11,3,0,0,0,4,0,11,3,E01012777,3,1,0.0,1.0,-1,6,20,9,1,1,12:20,2,1,11
2023010437712,2023,010437712,1,1,1,1,48,8,3,0,0,0,0,0,9,4,E01001675,-1,0,0.0,1.0,-1,6,30,1,1,1,15:10,1,1,9
2023211287401,2023,211287401,2,1,1,2,55,8,3,0,0,0,0,0,9,10,E01009853,3,1,0.0,1.0,-1,3,40,1,1,1,07:40,3,2,9
2023401299364,2023,401299364,2,3,2,2,53,8,3,0,0,1,0,0,9,8,E01033028,3,1,0.0,1.0,-1,7,70,1,4,1,20:30,1,3,9
2023451316553,2023,451316553,2,1,1,1,52,8,3,0,0,0,0,0,9,10,E01016618,3,1,0.0,1.0,-1,3,70,1,6,1,01:22,5,2,9
2023111297412,2023,111297412,1,1,3,1,41,7,3,1,3,0,0,0,0,1,E01020757,3,1,0.0,1.0,-1,6,30,2,1,2,13:00,2,1,8
2023010437756,2023,010437756,1,1,1,1,32,6,3,0,0,0,0,0,1,1,E01002880,-1,0,0.0,1.0,-1,6,20,1,1,1,18:01,1,1,1
2023131301188,2023,131301188,2,1,1,1,23,5,3,0,0,0,0,0,1,7,E01011873,3,1,0.0,1.0,-1,6,30,1,1,1,08:35,4,2,1
2023401313259,2023,401313259,2,1,1,1,57,9,3,0,0,0,0,0,4,7,E01017577,3,1,0.0,1.0,-1,3,70,1,1,1,19:00,4,2,4
2023052300165,2023,052300165,1,1,1,2,53,8,3,0,0,0,0,0,9,3,E01007234,-1,0,0.06515,0.93485,-1,3,70,1,5,1,17:15,6,2,9
2023010430190,2023,010430190,1,1,1,2,35,6,2,0,0,0,0,0,1,1,E01000524,-1,0,1.0,0.0,-1,6,20,1,1,1,18:00,6,1,1
2023411364548,2023,411364548,2,1,1,1,18,4,2,0,0,0,0,0,3,5,E01023400,7,1,1.0,0.0,-1,6,30,1,1,-1,10:01,6,2,3
2023010483326,2023,010483326,1,1,1,2,35,6,3,0,0,0,0,0,9,2,E01001151,-1,0,0.0,1.0,-1,1,30,1,4,1,16:10,6,2,9
2023010486322,2023,010486322,1,1,1,2,50,8,3,0,0,0,0,0,9,2,E01004001,-1,0,0.0,1.0,-1,6,20,2,4,2,20:15,3,2,9
2023421382001,2023,421382001,2,1,1,1,66,10,2,0,0,0,0,0,9,6,E01021398,7,1,1.0,0.0,-1,6,30,2,1,2,11:34,1,3,9
2023461352125,2023,461352125,2,1,1,2,55,8,3,0,0,0,0,0,9,7,E01024035,3,1,0.0,1.0,-1,6,30,1,1,1,17:23,6,2,9
2023461369576,2023,461369576,2,3,2,2,67,10,3,0,0,1,0,0,9,3,E01016005,3,1,0.0,1.0,-1,3,60,1,1,2,16:00,4,2,9
2023471280421,2023,471280421,1,1,1,2,66,10,3,0,0,0,0,0,9,5,E01031574,3,1,0.0,1.0,-1,1,30,1,1,1,11:00,7,3,9
2023421271654,2023,421271654,3,2,1,1,31,6,3,0,0,0,0,0,19,4,E01022050,3,1,0.0,1.0,-1,6,60,1,6,1,17:38,5,3,19
2023451331171,2023,451331171,2,3,1,2,64,9,3,0,0,0,0,0,9,9,E01030890,3,1,0.0,1.0,-1,7,50,1,1,1,19:05,3,3,9
2023131359821,2023,131359821,2,2,2,1,10,2,3,0,0,0,0,0,1,-1,-1,3,1,0.0,1.0,-1,6,20,1,4,1,19:15,4,2,1
2023991355821,2023,991355821,2,1,1,1,52,8,3,0,0,0,0,0,1,1,-1,3,1,0.0,1.0,-1,6,30,1,1,1,08:40,3,2,1
2023010457613,2023,010457613,1,1,1,2,38,7,3,0,0,0,0,0,9,3,E01004337,-1,0,0.0,1.0,-1,6,20,1,1,1,13:40,3,3,9
2023111381454,2023,111381454,2,1,1,1,40,7,3,0,0,0,0,0,9,2,E01008665,3,1,0.0,1.0,-1,6,60,1,1,2,14:43,6,2,9
2023131292932,2023,131292932,1,2,2,2,37,7,3,0,0,1,0,0,9,1,E01010612,3,1,0.0,1.0,-1,3,30,1,1,1,11:52,1,2,9
2023131345525,2023,131345525,1,1,1,1,65,9,3,0,0,0,0,0,9,8,E01010575,3,1,0.0,1.0,-1,6,30,1,1,1,13:01,6,1,9
2023201313620,2023,201313620,2,2,1,2,43,7,3,0,0,0,0,0,9,2,E01010309,3,1,0.0,1.0,-1,6,30,1,1,1,08:44,1,3,9
2023010469103,2023,010469103,2,3,1,1,34,6,3,0,0,0,0,0,9,4,E01021310,-1,0,0.0,1.0,-1,3,20,1,4,1,23:53,6,3,9
2023061317837,2023,061317837,2,1,1,1,24,5,3,0,0,0,0,0,9,7,E01005875,3,1,0.0,1.0,-1,3,70,1,1,1,15:45,1,2,9
2023421293473,2023,421293473,2,1,1,2,19,4,3,0,0,0,0,0,9,4,E01021984,3,1,0.0,1.0,-1,7,70,9,4,1,22:14,1,2,9
2023201312784,2023,201312784,3,6,2,2,16,4,3,0,0,1,0,0,9,1,E01009299,3,1,0.0,1.0,-1,6,30,1,1,1,10:21,1,4,9
2023231301200,2023,231301200,2,1,1,2,51,8,3,0,0,0,0,0,9,7,E01032892,3,1,0.0,1.0,-1,1,40,1,1,1,14:55,1,2,9
202354A277223,2023,54A277223,2,1,1,2,52,8,3,0,0,0,0,0,9,6,E01031871,-1,0,0.01571,0.98429,-1,6,60,1,1,1,08:00,6,3,9
2023622300405,2023,622300405,1,4,2,1,8,2,3,0,0,2,0,0,9,6,W01001366,-1,0,0.03683,0.96317,-1,6,30,1,1,1,15:22,7,2,9
2023010465416,2023,010465416,1,1,1,1,24,5,3,0,0,0,0,0,1,2,E01000033,-1,0,0.0,1.0,-1,6,20,1,4,1,22:00,6,2,1
2023531305243,2023,531305243,2,1,1,1,66,10,2,0,0,0,0,0,5,5,E01028811,6,1,1.0,0.0,-1,6,40,1,1,1,08:20,1,2,5
2023010446303,2023,010446303,1,1,3,2,9,2,2,10,9,0,0,0,0,2,E01000550,-1,0,1.0,0.0,-1,6,20,1,1,1,08:30,3,1,9
2023010468675,2023,010468675,1,1,3,2,37,7,2,5,3,0,0,0,0,2,E01004036,-1,0,1.0,0.0,-1,6,30,1,4,1,20:05,4,1,9
2023471263360,2023,471263360,1,1,3,2,19,4,2,1,1,0,0,0,0,-1,-1,7,1,1.0,0.0,-1,3,30,5,1,2,12:45,7,1,9
2023131279804,2023,131279804,2,1,1,1,49,8,2,0,0,0,0,0,1,6,E01011534,6,1,1.0,0.0,-1,6,50,1,1,1,08:35,5,2,1
2023111302081,2023,111302081,2,3,2,1,18,4,3,0,0,1,0,0,9,-1,-1,3,1,0.0,1.0,-1,6,60,1,1,1,16:35,3,2,9
2023131384512,2023,131384512,1,1,1,2,48,8,2,0,0,0,0,0,9,2,E01011814,6,1,1.0,0.0,-1,6,30,1,4,1,17:30,6,2,9
2023440088946,2023,440088946,3,4,2,1,6,2,3,0,0,2,0,0,9,8,E01022786,-1,0,0.09518,0.90482,-1,6,40,1,4,1,19:05,7,3,9
2023501317827,2023,501317827,2,1,1,2,39,7,3,0,0,0,0,0,9,5,E01023418,3,1,0.0,1.0,-1,6,60,1,1,1,17:07,2,2,9
2023552300752,2023,552300752,1,1,1,1,45,7,3,0,0,0,0,0,9,10,E01030606,-1,0,0.08153,0.91847,-1,3,70,1,1,1,07:52,3,2,9
2023991348803,2023,991348803,2,1,1,2,28,6,3,0,0,0,0,0,9,-1,-1,3,1,0.0,1.0,-1,6,60,1,1,1,19:25,2,2,9
2023451367044,2023,451367044,1,2,3,2,4,1,3,1,1,0,0,0,0,9,E01030991,3,1,0.0,1.0,-1,6,30,1,1,1,16:15,3,1,9
2023141291476,2023,141291476,2,1,1,1,34,6,3,0,0,0,0,0,1,-1,-1,3,1,0.0,1.0,-1,1,40,1,4,2,21:36,3,2,1
2023991375914,2023,991375914,2,1,1,1,27,6,3,0,0,0,0,0,8,-1,-1,3,1,0.0,1.0,-1,6,30,1,4,1,19:20,6,2,8
2023010434076,2023,010434076,1,1,1,1,35,6,3,0,0,0,0,0,9,3,E01001043,-1,0,0.0,1.0,-1,6,20,2,4,2,00:40,7,2,9
2023010435907,2023,010435907,1,1,1,1,18,4,3,0,0,0,0,0,9,2,E01001066,-1,0,0.0,1.0,-1,6,30,1,4,1,00:17,4,2,9
2023052303084,2023,052303084,1,2,2,2,21,5,3,0,0,1,0,0,9,3,E01007216,-1,0,0.01303,0.98697,-1,6,30,2,4,2,17:15,6,2,9
2023101364042,2023,101364042,1,2,2,2,15,3,3,0,0,1,0,0,9,10,E01008378,3,1,0.0,1.0,-1,6,30,1,4,1,22:50,7,1,9
2023401376533,2023,401376533,2,1,1,2,60,9,3,0,0,0,0,0,9,9,E01017422,3,1,0.0,1.0,-1,6,30,1,1,1,08:30,6,2,9