collision_index,collision_year,collision_ref_no,vehicle_reference,casualty_reference,casualty_class,sex_of_casualty,age_of_casualty,age_band_of_casualty,casualty_severity,pedestrian_location,pedestrian_movement,car_passenger,bus_or_coach_passenger,pedestrian_road_maintenance_worker,casualty_type,casualty_imd_decile,lsoa_of_casualty,enhanced_casualty_severity,casualty_injury_based,casualty_adjusted_severity_serious,casualty_adjusted_severity_slight,casualty_distance_banding,road_type,speed_limit,weather_conditions,light_conditions,road_surface_conditions,time,day_of_week,number_of_vehicles,vehicle_type
2023440406642,2023,440406642,2,2,1,1,58,9,3,0,0,0,0,0,19,6,E01023081,-1,0,0.0406,0.9594,-1,6,30,1,1,1,08:45,5,2,19
2023131375108,2023,131375108,1,1,3,1,29,6,2,1,1,0,0,2,0,1,E01010807,7,1,1.0,0.0,-1,6,30,2,4,2,20:10,3,1,9
2023311300472,2023,311300472,2,1,1,1,39,7,3,0,0,0,0,0,9,2,E01026382,3,1,0.0,1.0,-1,3,70,2,1,2,10:00,1,2,9
2023622301030,2023,622301030,2,4,2,1,10,2,3,0,0,2,0,0,9,2,W01001911,-1,0,0.01911,0.98089,-1,6,20,1,1,2,09:26,2,2,9
2023010453454,2023,010453454,1,1,3,1,49,8,2,5,9,0,0,0,0,1,E01017274,-1,0,1.0,0.0,-1,6,30,1,4,1,02:42,5,1,3
2023421374430,2023,421374430,1,1,3,1,30,6,3,4,9,0,0,0,0,4,E01015906,3,1,0.0,1.0,-1,6,30,1,1,1,12:15,7,1,9
2023461381663,2023,461381663,1,1,3,2,19,4,3,9,9,0,0,0,0,6,E01024679,3,1,0.0,1.0,-1,3,40,2,7,2,17:30,2,1,5
2023531364598,2023,531364598,1,1,1,1,53,8,3,0,0,0,0,0,1,8,E01022116,3,1,0.0,1.0,-1,3,40,8,1,2,09:45,5,2,1
2023041265722,2023,041265722,1,1,1,2,19,4,3,0,0,0,0,0,9,8,E01025086,3,1,0.0,1.0,-1,3,40,1,4,2,22:50,7,1,9
2023052301320,2023,052301320,2,1,1,1,44,7,3,0,0,0,0,0,9,1,E01006732,-1,0,0.02059,0.97941,-1,3,30,1,1,1,14:20,2,2,9
2023440020824,2023,440020824,1,1,1,2,57,9,3,0,0,0,0,0,9,10,E01022687,-1,0,0.06094,0.93906,-1,3,70,1,6,2,16:47,2,3,9
2023141368065,2023,141368065,1,1,3,2,17,4,2,5,1,0,0,0,0,-1,-1,7,1,1.0,0.0,-1,6,30,1,4,2,18:32,7,1,9
2023201444957,2023,201444957,2,3,2,2,12,3,3,0,0,-1,0,0,9,7,E01032170,3,1,0.0,1.0,-1,6,30,8,1,1,19:27,7,2,9
2023546006723,2023,546006723,2,1,1,1,71,10,2,0,0,0,0,0,9,8,E01031861,-1,0,1.0,0.0,-1,6,60,1,1,1,15:24,5,2,9
2023622300255,2023,622300255,1,3,2,2,66,10,3,0,0,1,0,0,9,7,W01001028,-1,0,0.03542,0.96458,-1,3,30,1,1,1,16:58,6,2,9
2023351266806,2023,351266806,2,1,1,1,19,4,3,0,0,0,0,0,3,8,E01033116,3,1,0.0,1.0,-1,6,60,1,1,2,08:50,4,2,3
2023010432354,2023,010432354,1,1,1,2,43,7,2,0,0,0,0,0,9,3,E01003154,-1,0,1.0,0.0,-1,6,20,2,1,2,16:45,4,1,9
2023371388616,2023,371388616,2,1,2,1,11,3,3,0,0,2,0,0,9,4,E01030028,3,1,0.0,1.0,-1,6,30,1,1,1,08:18,5,2,9
2023311378876,2023,311378876,2,1,2,2,-1,-1,3,0,0,0,4,0,11,-1,-1,3,1,0.0,1.0,-1,3,30,9,1,1,15:30,7,2,11
2023501393509,2023,501393509,1,1,1,1,71,10,3,0,0,0,0,0,2,2,E01015270,3,1,0.0,1.0,-1,6,30,1,4,1,17:20,7,1,2
2023061280652,2023,061280652,1,1,1,1,39,7,2,0,0,0,0,0,3,2,E01005670,5,1,1.0,0.0,-1,1,30,1,4,1,01:20,1,1,3
2023411301528,2023,411301528,2,1,1,1,24,5,3,0,0,0,0,0,9,4,E01023828,3,1,0.0,1.0,-1,1,30,1,4,-1,21:12,6,2,9
2023471312574,2023,471312574,2,1,1,1,51,8,3,0,0,0,0,0,1,4,E01031652,3,1,0.0,1.0,-1,1,30,1,1,1,12:37,2,2,1
2023041320355,2023,041320355,2,2,2,1,30,6,2,0,0,1,0,0,9,-1,-1,6,1,1.0,0.0,-1,3,50,1,1,2,14:03,1,2,9
2023201416141,2023,201416141,1,1,1,1,46,8,3,0,0,0,0,0,9,3,E01009552,3,1,0.0,1.0,-1,6,30,1,4,2,00:12,6,3,9
2023311384547,2023,311384547,2,1,1,2,25,5,3,0,0,0,0,0,9,-1,-1,3,1,0.0,1.0,-1,6,60,1,4,1,17:16,6,2,9
2023010424812,2023,010424812,2,1,1,1,30,6,2,0,0,0,0,0,1,5,E01001720,-1,0,1.0,0.0,-1,6,20,1,4,1,19:15,4,2,1
2023131370083,2023,131370083,2,1,1,1,46,8,3,0,0,0,0,0,1,9,E01011685,3,1,0.0,1.0,-1,6,30,1,1,1,09:20,4,2,1
2023320300112,2023,320300112,2,2,1,2,39,7,3,0,0,0,0,0,9,8,E01026191,-1,0,0.06894,0.93106,-1,6,50,1,1,1,16:19,4,2,9
2023451363125,2023,451363125,1,4,2,2,11,3,3,0,0,2,0,0,9,3,E01002610,3,1,0.0,1.0,-1,3,70,1,4,1,19:50,7,2,9
2023461354376,2023,461354376,1,1,1,2,56,9,2,0,0,0,0,0,9,2,E01024214,6,1,1.0,0.0,-1,6,30,2,1,2,12:55,3,1,9
2023451288177,2023,451288177,1,1,1,1,51,8,3,0,0,0,0,0,19,9,E01016180,3,1,0.0,1.0,-1,3,70,1,1,2,12:15,6,1,19
2023141286685,2023,141286685,1,1,3,2,34,6,3,5,9,0,0,0,0,-1,-1,3,1,0.0,1.0,-1,6,20,1,1,1,09:50,3,1,9
2023010433074,2023,010433074,1,1,1,1,44,7,3,0,0,0,0,0,9,10,E01016628,-1,0,0.0,1.0,-1,6,20,1,1,1,14:25,1,2,9
2023010469626,2023,010469626,1,1,2,2,34,6,3,0,0,2,0,0,9,6,E01021464,-1,0,0.0,1.0,-1,1,30,1,1,1,13:09,2,2,9
2023010472493,2023,010472493,1,1,1,2,53,8,3,0,0,0,0,0,9,6,E01002241,-1,0,0.0,1.0,-1,6,30,1,1,1,13:38,3,2,9
2023141277327,2023,141277327,2,2,2,2,22,5,2,0,0,1,0,0,9,3,E01007533,7,1,1.0,0.0,-1,6,60,8,6,2,20:30,5,2,9
2023991324378,2023,991324378,2,1,1,1,68,10,2,0,0,0,0,0,9,3,-1,5,1,1.0,0.0,-1,6,60,1,1,1,16:37,6,3,9
2023522301373,2023,522301373,2,2,1,1,33,6,3,0,0,0,0,0,20,6,E01015008,-1,0,0.02366,0.97634,-1,6,20,1,1,1,12:52,3,2,20
2023161372203,2023,161372203,2,1,1,1,31,6,3,0,0,0,0,0,1,3,E01012872,3,1,0.0,1.0,-1,6,30,1,1,1,07:25,2,2,1
2023010442783,2023,010442783,1,1,1,1,35,6,3,0,0,0,0,0,9,9,E01000716,-1,0,0.0,1.0,-1,6,30,1,1,1,16:10,7,3,9
2023031272311,2023,031272311,1,1,1,1,34,6,3,0,0,0,0,0,9,2,E01019230,3,1,0.0,1.0,-1,6,60,1,1,1,09:15,7,1,9
2023052302663,2023,052302663,1,1,3,1,78,11,3,5,9,0,0,0,0,6,E01006226,-1,0,0.09908,0.90092,-1,6,30,2,4,2,18:00,2,1,9
2023411364290,2023,411364290,2,1,1,1,44,7,3,0,0,0,0,0,3,3,E01001436,3,1,0.0,1.0,-1,3,30,1,1,-1,12:18,1,2,3
2023351304380,2023,351304380,1,1,1,1,77,11,2,0,0,0,0,0,5,9,E01018178,7,1,1.0,0.0,-1,6,50,1,1,1,10:10,1,2,5
2023131287206,2023,131287206,1,2,1,1,26,6,3,0,0,0,0,0,9,1,E01007207,3,1,0.0,1.0,-1,9,30,2,4,2,17:50,4,2,9
2023520400276,2023,520400276,1,1,1,1,56,9,3,0,0,0,0,0,9,7,E01029086,-1,0,0.0184,0.9816,-1,6,30,9,7,-1,21:10,7,1,9
2023302301438,2023,302301438,2,2,1,1,34,6,2,0,0,0,0,0,1,2,E01013523,-1,0,1.0,0.0,-1,6,30,1,1,1,08:53,6,2,1
2023430477396,2023,430477396,1,1,1,1,22,5,3,0,0,0,0,0,3,4,E01016357,-1,0,0.06318,0.93682,-1,6,30,1,1,2,18:00,7,2,3
2023010454976,2023,010454976,1,1,1,1,34,6,2,0,0,0,0,0,1,2,E01003321,-1,0,1.0,0.0,-1,6,30,1,1,1,09:05,5,2,1
2023010438129,2023,010438129,2,2,1,1,25,5,3,0,0,0,0,0,9,2,E01016420,-1,0,0.0,1.0,-1,3,40,1,4,1,22:40,3,2,9
2023170S12273,2023,170S12273,2,1,1,2,43,7,3,0,0,0,0,0,9,4,E01008766,-1,0,0.04023,0.95977,-1,6,50,1,1,2,12:15,3,2,9
2023221332659,2023,221332659,2,1,1,1,53,8,3,0,0,0,0,0,9,1,E01032225,3,1,0.0,1.0,-1,6,30,2,1,2,10:30,7,2,9
2023161361126,2023,161361126,1,1,1,1,20,4,2,0,0,0,0,0,9,1,E01012946,5,1,1.0,0.0,-1,6,60,2,6,2,06:04,2,2,9
2023351391083,2023,351391083,2,2,1,2,53,8,3,0,0,0,0,0,9,10,E01018232,3,1,0.0,1.0,-1,6,60,1,1,1,12:52,7,2,9
2023451316616,2023,451316616,2,2,1,2,41,7,3,0,0,0,0,0,9,10,E01016184,3,1,0.0,1.0,-1,3,70,1,1,1,17:10,2,3,9
2023471390351,2023,471390351,2,1,1,2,57,9,3,0,0,0,0,0,9,1,E01020992,3,1,0.0,1.0,-1,6,30,1,4,2,18:44,3,2,9
2023471320256,2023,471320256,1,1,1,2,31,6,3,0,0,0,0,0,9,8,E01021180,3,1,0.0,1.0,-1,6,60,1,1,1,08:31,2,2,9
2023520000440,2023,520000440,4,7,2,2,18,4,2,0,0,1,0,0,9,9,E01032105,-1,0,1.0,0.0,-1,6,60,1,6,1,21:17,7,4,9
2023052300069,2023,052300069,1,1,1,2,23,5,3,0,0,0,0,0,9,1,E01006645,-1,0,0.08596,0.91404,-1,3,30,2,4,2,06:46,3,2,9
2023070065483,2023,070065483,2,1,1,1,47,8,3,0,0,0,0,0,9,2,E01012536,-1,0,0.05687,0.94313,-1,6,30,1,1,1,08:54,2,3,9
2023201337450,2023,201337450,2,3,2,2,53,8,3,0,0,1,0,0,9,-1,-1,3,1,0.0,1.0,-1,1,40,2,1,2,14:45,7,2,9
2023531390830,2023,531390830,3,2,1,1,71,10,2,0,0,0,0,0,9,-1,-1,6,1,1.0,0.0,-1,6,40,1,1,1,14:40,4,3,9
2023622301063,2023,622301063,1,3,2,1,76,11,3,0,0,2,0,0,9,1,W01001144,-1,0,0.05977,0.94023,-1,6,30,1,4,2,17:11,1,2,9
2023010442328,2023,010442328,1,1,3,1,10,2,3,5,2,0,0,0,0,3,E01001807,-1,0,0.0,1.0,-1,6,20,8,1,1,09:01,5,1,9
2023361357855,2023,361357855,1,1,3,2,78,11,2,6,9,0,0,0,0,5,E01026645,7,1,1.0,0.0,-1,6,30,1,4,1,19:45,6,1,97
2023501344769,2023,501344769,1,1,1,1,46,8,2,0,0,0,0,0,4,6,E01020204,6,1,1.0,0.0,-1,6,60,2,1,1,18:10,4,1,4
2023421360535,2023,421360535,1,1,1,1,55,8,2,0,0,0,0,0,5,3,E01021245,6,1,1.0,0.0,-1,6,60,1,1,1,13:23,7,1,5
2023010420203,2023,010420203,2,2,1,2,19,4,3,0,0,0,0,0,9,3,E01002350,-1,0,0.0,1.0,-1,1,30,1,4,1,22:49,7,2,9
2023221330662,2023,221330662,1,2,2,1,4,1,3,0,0,2,0,0,9,2,E01014074,3,1,0.0,1.0,-1,6,60,2,1,2,18:35,6,4,9
2023010476759,2023,010476759,1,1,1,1,18,4,3,0,0,0,0,0,3,3,E01001177,-1,0,0.0,1.0,-1,6,30,1,4,2,20:25,4,2,3
2023061332333,2023,061332333,1,1,3,2,41,7,1,8,3,0,0,0,0,-1,-1,1,1,0.0,0.0,-1,6,30,1,4,1,22:11,7,2,9
2023061313983,2023,061313983,1,1,1,1,30,6,2,0,0,0,0,0,3,2,E01005323,6,1,1.0,0.0,-1,6,30,1,4,1,22:06,5,2,3
2023131302585,2023,131302585,2,1,1,1,59,9,3,0,0,0,0,0,5,-1,-1,3,1,0.0,1.0,-1,6,30,1,1,1,10:32,2,3,5
2023471359826,2023,471359826,1,1,3,2,29,6,3,6,9,0,0,0,0,8,E01021209,3,1,0.0,1.0,-1,6,30,1,1,1,11:29,4,1,9
2023041365198,2023,041365198,2,1,1,1,53,8,2,0,0,0,0,0,1,1,E01012739,7,1,1.0,0.0,-1,6,30,1,1,1,14:20,6,3,1
2023010419403,2023,010419403,1,1,1,1,22,5,2,0,0,0,0,0,3,2,E01002003,-1,0,1.0,0.0,-1,6,20,1,4,1,00:51,3,3,3
2023131268539,2023,131268539,1,1,1,1,51,8,3,0,0,0,0,0,8,4,E01011909,3,1,0.0,1.0,-1,6,30,1,4,1,18:14,5,2,8
2023421366711,2023,421366711,3,2,2,2,89,11,3,0,0,1,0,0,9,2,E01013625,3,1,0.0,1.0,-1,3,70,1,1,2,13:59,7,3,9
2023221263663,2023,221263663,1,1,3,1,13,3,3,4,1,0,0,0,0,2,E01014074,3,1,0.0,1.0,-1,6,30,1,1,1,07:55,2,1,19
2023351352015,2023,351352015,1,1,3,2,3,1,3,5,4,0,0,0,0,-1,-1,3,1,0.0,1.0,-1,6,20,2,1,2,19:10,3,1,9
2023052301642,2023,052301642,2,1,1,1,31,6,3,0,0,0,0,0,1,4,E01007001,-1,0,0.12555,0.87445,-1,6,30,1,4,1,21:20,6,2,1
2023451268307,2023,451268307,1,1,1,1,43,7,3,0,0,0,0,0,3,10,E01030437,3,1,0.0,1.0,-1,6,30,1,1,1,18:25,4,2,3
2023010421370,2023,010421370,1,1,1,2,23,5,3,0,0,0,0,0,9,5,E01003700,-1,0,0.0,1.0,-1,9,20,1,1,2,12:55,7,1,9
2023430146870,2023,430146870,1,2,2,2,4,1,3,0,0,2,0,0,9,7,E01016613,-1,0,0.01044,0.98956,-1,3,70,1,1,1,14:45,2,2,9
2023201364521,2023,201364521,1,1,1,2,22,5,3,0,0,0,0,0,90,2,E01010400,3,1,0.0,1.0,-1,6,30,1,1,1,16:47,3,2,90
2023010452483,2023,010452483,1,1,1,1,41,7,3,0,0,0,0,0,1,2,E01003150,-1,0,0.0,1.0,-1,6,20,1,1,1,08:41,6,2,1
2023440047074,2023,440047074,2,1,1,1,36,7,3,0,0,0,0,0,3,4,E01017159,-1,0,0.19728,0.80272,-1,6,30,1,4,1,21:05,6,2,3
2023101297861,2023,101297861,1,1,1,1,34,6,3,0,0,0,0,0,9,2,E01008474,3,1,0.0,1.0,-1,3,50,1,1,1,17:30,2,2,9
2023501319694,2023,501319694,2,1,1,1,36,7,3,0,0,0,0,0,9,5,E01018943,3,1,0.0,1.0,-1,6,30,1,1,1,09:15,7,2,9
2023991337262,2023,991337262,2,1,1,1,49,8,3,0,0,0,0,0,9,-1,-1,3,1,0.0,1.0,-1,6,30,1,1,1,13:00,2,2,9
2023041294571,2023,041294571,1,1,1,1,56,9,2,0,0,0,0,0,21,1,E01016744,6,1,1.0,0.0,-1,3,70,1,4,1,04:25,2,2,21
2023411275590,2023,411275590,2,3,2,2,54,8,3,0,0,1,0,0,9,7,E01023618,3,1,0.0,1.0,-1,6,30,1,4,1,19:20,1,2,9
2023440231690,2023,440231690,2,2,2,2,17,4,3,0,0,1,0,0,9,9,E01023094,-1,0,0.04995,0.95005,-1,6,30,1,1,1,19:25,1,2,9
2023311383918,2023,311383918,1,1,1,1,60,9,3,0,0,0,0,0,1,-1,-1,3,1,0.0,1.0,-1,6,40,1,1,1,11:24,6,1,1
2023631332420,2023,631332420,2,2,1,1,61,9,2,0,0,0,0,0,1,5,W01000717,7,1,1.0,0.0,-1,6,40,2,1,2,06:30,5,2,1
2023052300327,2023,052300327,2,1,1,1,36,7,3,0,0,0,0,0,4,3,E01007236,-1,0,0.13253,0.86747,-1,6,30,1,1,1,08:00,7,2,4
2023461325993,2023,461325993,1,2,2,2,31,6,3,0,0,1,0,0,9,8,E01016094,3,1,0.0,1.0,-1,6,30,1,6,1,22:26,6,1,9
2023461332987,2023,461332987,3,1,1,1,-1,-1,3,0,0,0,0,0,9,3,E01024717,3,1,0.0,1.0,-1,3,70,1,4,1,22:25,6,5,9
2023991380854,2023,991380854,1,3,1,2,32,6,3,0,0,0,0,0,9,1,-1,3,1,0.0,1.0,-1,6,60,1,1,2,11:14,5,2,9
2023041326114,2023,041326114,2,1,1,2,34,6,3,0,0,0,0,0,9,7,E01025027,3,1,0.0,1.0,-1,3,50,1,1,1,16:00,7,2,9
2023041295041,2023,041295041,1,1,3,2,49,8,3,6,9,0,0,0,0,2,E01006945,3,1,0.0,1.0,-1,6,60,1,1,1,14:08,3,1,9
2023131375681,2023,131375681,2,1,3,2,34,6,3,9,5,0,0,2,0,2,E01011025,3,1,0.0,1.0,-1,6,30,1,4,1,17:22,5,2,9
2023201297687,2023,201297687,1,1,3,1,32,6,3,10,9,0,0,2,0,-1,-1,3,1,0.0,1.0,-1,1,30,1,1,2,15:12,4,2,9
2023311292355,2023,311292355,2,1,1,2,18,4,3,0,0,0,0,0,-1,2,E01027980,3,1,0.0,1.0,-1,6,30,9,1,2,10:20,4,2,-1
2023131311109,2023,131311109,2,1,1,2,64,9,3,0,0,0,0,0,1,4,E01010798,3,1,0.0,1.0,-1,6,30,1,1,1,09:55,4,2,1
2023131301856,2023,131301856,1,1,1,1,25,5,2,0,0,0,0,0,3,1,E01010713,7,1,1.0,0.0,-1,6,50,2,1,2,07:26,6,2,3
2023141331777,2023,141331777,1,1,1,1,25,5,2,0,0,0,0,0,3,-1,-1,7,1,1.0,0.0,-1,6,30,5,4,2,00:32,1,1,3
2023010431142,2023,010431142,1,1,3,1,10,2,3,5,9,0,0,0,0,2,E01002051,-1,0,0.0,1.0,-1,6,20,9,4,1,00:10,3,1,9
2023010452559,2023,010452559,1,2,2,1,28,6,3,0,0,2,0,0,8,4,E01002406,-1,0,0.0,1.0,-1,1,40,1,1,1,07:16,7,2,8
2023201453252,2023,201453252,1,1,1,1,22,5,3,0,0,0,0,0,9,1,E01009494,3,1,0.0,1.0,-1,3,30,1,4,1,18:50,3,2,9
2023552300861,2023,552300861,1,1,1,1,64,9,3,0,0,0,0,0,1,3,E01015285,-1,0,0.12442,0.87558,-1,1,30,1,1,1,16:29,6,2,1
2023010455338,2023,010455338,1,3,2,2,21,5,3,0,0,2,0,0,9,5,E01017151,-1,0,0.0,1.0,-1,6,20,1,1,1,13:03,7,2,9
2023320033140,2023,320033140,1,1,1,1,48,8,3,0,0,0,0,0,9,8,E01013421,-1,0,0.05159,0.94841,-1,3,60,1,1,4,09:40,3,2,9
2023371378077,2023,371378077,1,2,2,2,11,3,3,0,0,1,0,0,9,5,E01030189,3,1,0.0,1.0,-1,6,30,1,1,1,16:40,5,2,9
2023401383723,2023,401383723,2,7,2,2,3,1,3,0,0,2,0,0,9,5,E01015790,3,1,0.0,1.0,-1,3,70,1,1,2,12:35,7,3,9
2023010445059,2023,010445059,1,1,1,1,52,8,3,0,0,0,0,0,1,6,E01002023,-1,0,0.0,1.0,-1,6,20,1,1,1,18:20,4,3,1
2023302300852,2023,302300852,2,1,1,1,41,7,2,0,0,0,0,0,5,9,E01019621,-1,0,1.0,0.0,-1,6,40,1,1,1,17:05,4,2,5
2023010474981,2023,010474981,1,1,3,2,18,4,3,8,3,0,0,0,0,5,E01002520,-1,0,0.0,1.0,-1,6,30,2,1,2,13:10,1,1,3
2023361285788,2023,361285788,1,1,3,1,61,9,3,5,3,0,0,0,0,5,E01026496,3,1,0.0,1.0,-1,6,30,1,1,1,14:25,6,1,9
2023332301045,2023,332301045,1,3,2,2,59,9,3,0,0,0,0,0,19,1,E01013634,-1,0,0.00906,0.99094,-1,1,30,1,1,1,10:55,4,2,19
2023522301355,2023,522301355,1,1,1,1,45,7,3,0,0,0,0,0,1,10,E01014887,-1,0,0.09482,0.90518,-1,1,30,8,1,1,16:45,5,2,1
2023548766423,2023,548766423,3,2,1,1,60,9,3,0,0,0,0,0,5,3,E01015527,-1,0,0.19373,0.80627,-1,6,60,1,1,1,15:40,7,3,5
2023201405481,2023,201405481,1,1,1,1,15,3,3,0,0,0,0,0,-1,3,E01009790,3,1,0.0,1.0,-1,6,30,2,1,2,08:12,2,2,-1
2023010445863,2023,010445863,1,1,1,1,26,6,3,0,0,0,0,0,9,4,E01001484,-1,0,0.0,1.0,-1,6,30,1,4,1,23:10,1,2,9
2023010448717,2023,010448717,1,1,1,1,75,10,2,0,0,0,0,0,9,4,E01001674,-1,0,1.0,0.0,-1,3,30,1,1,1,11:20,3,2,9
2023430005623,2023,430005623,1,1,1,1,53,8,3,0,0,0,0,0,9,9,E01016800,-1,0,0.16338,0.83662,-1,3,70,1,7,1,06:24,5,1,9
2023461276887,2023,461276887,1,1,1,1,54,8,3,0,0,0,0,0,9,5,E01024673,3,1,0.0,1.0,-1,6,30,2,1,2,16:55,3,2,9
2023122300586,2023,122300586,2,1,1,1,13,3,3,0,0,0,0,0,-1,9,E01027894,-1,0,0.08615,0.91385,-1,6,30,1,1,1,17:50,4,2,-1
2023031373464,2023,031373464,1,1,3,2,74,10,2,5,1,0,0,0,0,4,E01019298,7,1,1.0,0.0,-1,6,30,1,1,1,16:22,7,1,9
2023622301028,2023,622301028,1,1,3,2,15,3,2,5,1,0,0,0,0,2,W01001271,-1,0,1.0,0.0,-1,6,20,8,4,1,15:50,7,1,9
2023411309953,2023,411309953,1,1,3,2,30,6,3,10,9,0,0,0,0,5,E01015746,3,1,0.0,1.0,-1,9,20,1,1,1,12:45,7,1,9
2023451266430,2023,451266430,2,1,1,1,43,7,2,0,0,0,0,0,1,7,E01004510,5,1,1.0,0.0,-1,6,40,2,1,2,12:50,1,2,1
2023041331550,2023,041331550,2,1,2,1,3,1,3,0,0,2,0,0,9,2,E01012621,3,1,0.0,1.0,-1,6,30,1,1,1,16:43,4,2,9
2023351305729,2023,351305729,2,1,1,2,26,6,3,0,0,0,0,0,9,1,E01015616,3,1,0.0,1.0,-1,6,30,1,1,1,18:27,5,2,9
2023170L20963,2023,170L20963,2,1,1,1,60,9,3,0,0,0,0,0,1,1,E01012075,-1,0,0.11087,0.88913,-1,6,30,1,1,1,19:15,3,2,1
2023430286355,2023,430286355,1,1,1,1,19,4,3,0,0,0,0,0,1,5,E01022488,-1,0,0.03148,0.96852,-1,6,20,1,1,1,06:37,4,2,1
2023351339748,2023,351339748,1,1,1,1,23,5,3,0,0,0,0,0,3,8,E01018117,3,1,0.0,1.0,-1,6,20,1,4,-1,22:00,3,2,3
2023461322599,2023,461322599,1,1,1,1,23,5,3,0,0,0,0,0,3,8,E01024313,3,1,0.0,1.0,-1,6,30,1,1,1,13:09,7,3,3
2023451345861,2023,451345861,1,1,1,1,61,9,2,0,0,0,0,0,5,8,E01016334,6,1,1.0,0.0,-1,6,40,1,1,1,15:00,7,1,5
2023340NN0652,2023,340NN0652,1,1,1,2,30,6,3,0,0,0,0,0,90,6,E01032964,-1,0,0.22985,0.77015,-1,3,40,1,1,2,11:20,5,3,90
2023302300995,2023,302300995,1,2,1,2,72,10,3,0,0,0,0,0,9,8,E01019781,-1,0,0.0293,0.9707,-1,6,30,1,1,1,18:48,5,2,9
2023461275446,2023,461275446,2,3,2,1,28,6,2,0,0,0,0,0,19,6,E01024216,5,1,1.0,0.0,-1,6,60,1,6,1,05:10,2,2,19
2023440104628,2023,440104628,1,1,1,1,20,4,2,0,0,0,0,0,1,9,E01022909,-1,0,1.0,0.0,-1,3,40,2,4,2,19:05,4,2,1
2023440477822,2023,440477822,1,1,1,1,31,6,3,0,0,0,0,0,3,9,E01017248,-1,0,0.09637,0.90363,-1,6,30,1,1,2,09:45,1,2,3
2023201376451,2023,201376451,1,1,3,1,64,9,2,1,2,0,0,0,0,1,E01009339,6,1,1.0,0.0,-1,3,30,1,4,1,20:12,4,1,9
2023471311926,2023,471311926,1,1,3,1,74,10,3,5,3,0,0,0,0,4,E01019450,3,1,0.0,1.0,-1,6,30,1,1,1,17:32,6,1,9
2023131314586,2023,131314586,2,1,1,1,11,3,2,0,0,0,0,0,1,4,E01010890,7,1,1.0,0.0,-1,6,20,1,1,1,17:40,7,2,1
2023471347701,2023,471347701,1,1,1,1,49,8,2,0,0,0,0,0,5,4,E01031573,7,1,1.0,0.0,-1,6,60,1,1,1,12:51,3,4,5
2023101321095,2023,101321095,2,1,1,1,53,8,3,0,0,0,0,0,9,-1,-1,3,1,0.0,1.0,-1,3,30,1,1,1,14:00,7,2,9
2023461291925,2023,461291925,2,1,1,1,38,7,3,0,0,0,0,0,9,5,E01024223,3,1,0.0,1.0,-1,1,50,1,1,2,17:00,6,2,9
2023552400005,2023,552400005,2,2,1,1,59,9,3,0,0,0,0,0,9,5,E01015377,-1,0,0.02638,0.97362,-1,6,30,2,1,2,08:15,5,2,9
2023131312332,2023,131312332,2,1,1,1,53,8,2,0,0,0,0,0,1,3,E01010725,7,1,1.0,0.0,-1,6,30,1,1,1,07:46,1,2,1
2023544441123,2023,544441123,2,1,1,1,39,7,3,0,0,0,0,0,1,3,E01015491,-1,0,0.08977,0.91023,-1,1,30,2,1,2,16:46,5,2,1
2023411387295,2023,411387295,2,1,1,1,34,6,3,0,0,0,0,0,3,5,E01002143,3,1,0.0,1.0,-1,6,20,1,1,2,15:50,5,2,3
2023010474255,2023,010474255,2,1,1,2,33,6,3,0,0,0,0,0,-1,2,E01004719,-1,0,0.0,1.0,-1,6,20,1,4,1,21:55,5,2,-1
2023141383020,2023,141383020,1,1,3,1,-1,-1,2,5,3,0,0,2,0,-1,-1,7,1,1.0,0.0,-1,3,40,1,4,1,17:00,3,1,9
2023161332544,2023,161332544,2,1,1,1,21,5,3,0,0,0,0,0,1,5,E01013317,3,1,0.0,1.0,-1,6,30,2,4,2,02:52,2,2,1
2023010454597,2023,010454597,2,1,1,2,42,7,3,0,0,0,0,0,1,5,E01001737,-1,0,0.0,1.0,-1,6,20,8,1,2,14:50,3,2,1
2023991310200,2023,991310200,1,1,1,2,43,7,2,0,0,0,0,0,3,10,-1,7,1,1.0,0.0,-1,6,60,1,6,1,17:50,1,1,3
2023010429716,2023,010429716,1,1,1,1,46,8,2,0,0,0,0,0,5,9,E01000358,-1,0,1.0,0.0,-1,3,50,1,1,1,16:40,3,3,5
2023201397483,2023,201397483,1,1,3,2,42,7,3,5,1,0,0,2,0,2,E01033635,3,1,0.0,1.0,-1,3,30,8,7,2,05:57,2,1,9
2023010461975,2023,010461975,1,1,1,2,39,7,3,0,0,0,0,0,-1,2,E01001812,-1,0,0.0,1.0,-1,6,20,1,1,1,14:50,7,2,-1
2023161388787,2023,161388787,2,1,1,1,36,7,2,0,0,0,0,0,5,-1,-1,6,1,1.0,0.0,-1,6,30,1,1,1,11:59,6,2,5
2023041269356,2023,041269356,2,1,1,2,33,6,2,0,0,0,0,0,9,6,E01024870,7,1,1.0,0.0,-1,6,30,1,1,1,12:30,7,2,9
2023471272806,2023,471272806,2,1,1,1,69,10,3,0,0,0,0,0,1,7,E01030502,3,1,0.0,1.0,-1,6,20,1,1,1,13:18,1,2,1
2023010481818,2023,010481818,2,1,1,1,-1,-1,3,0,0,0,0,0,1,9,E01003806,-1,0,0.0,1.0,-1,6,20,2,4,2,07:05,2,2,1