collision_index,collision_year,collision_ref_no,vehicle_reference,casualty_reference,casualty_class,sex_of_casualty,age_of_casualty,age_band_of_casualty,casualty_severity,pedestrian_location,pedestrian_movement,car_passenger,bus_or_coach_passenger,pedestrian_road_maintenance_worker,casualty_type,casualty_imd_decile,lsoa_of_casualty,enhanced_casualty_severity,casualty_injury_based,casualty_adjusted_severity_serious,casualty_adjusted_severity_slight,casualty_distance_banding,road_type,speed_limit,weather_conditions,light_conditions,road_surface_conditions,time,day_of_week,number_of_vehicles,vehicle_type
2023070711149,2023,070711149,2,3,2,2,56,9,3,0,0,1,0,0,9,4,E01029090,-1,0,0.02267,0.97733,-1,3,70,1,1,1,15:05,6,2,9
2023531356960,2023,531356960,2,1,1,2,78,11,3,0,0,0,0,0,9,8,E01022446,3,1,0.0,1.0,-1,6,60,1,1,1,11:15,4,2,9
2023991299803,2023,991299803,1,4,2,1,18,4,3,0,0,1,0,0,9,2,-1,3,1,0.0,1.0,-1,6,60,1,6,2,21:00,7,2,9
2023440507828,2023,440507828,1,2,2,2,39,7,3,0,0,0,0,0,19,9,E01022593,-1,0,0.09161,0.90839,-1,3,70,1,6,2,07:53,4,2,19
2023010468215,2023,010468215,1,1,1,1,-1,-1,3,0,0,0,0,0,-1,4,E01001898,-1,0,0.0,1.0,-1,6,20,9,7,9,18:10,2,2,-1
2023010478005,2023,010478005,1,1,1,1,69,10,2,0,0,0,0,0,5,-1,-1,-1,0,1.0,0.0,-1,3,20,2,1,2,15:53,3,2,5
2023161389137,2023,161389137,1,2,3,2,91,11,3,8,1,0,0,2,0,3,E01012832,3,1,0.0,1.0,-1,6,30,1,1,1,11:31,7,1,3
2023211347003,2023,211347003,2,2,3,1,28,6,3,10,9,0,0,0,0,10,E01029485,3,1,0.0,1.0,-1,6,50,1,1,1,21:25,6,2,9
2023061364225,2023,061364225,1,1,3,2,15,3,2,5,3,0,0,0,0,-1,-1,7,1,1.0,0.0,-1,6,30,1,1,1,08:30,4,1,11
2023010461408,2023,010461408,1,1,1,1,55,8,3,0,0,0,0,0,1,4,E01003739,-1,0,0.0,1.0,-1,6,30,1,1,1,17:00,6,2,1
2023010430638,2023,010430638,2,1,1,1,43,7,3,0,0,0,0,0,1,2,E01001754,-1,0,0.0,1.0,-1,6,20,1,1,1,11:08,2,2,1
2023010426038,2023,010426038,1,1,1,2,31,6,3,0,0,0,0,0,1,9,E01003857,-1,0,0.0,1.0,-1,6,20,1,1,1,10:40,4,2,1
202354D586823,2023,54D586823,1,1,1,1,18,4,3,0,0,0,0,0,1,6,E01032117,-1,0,0.04376,0.95624,-1,6,30,1,1,1,15:35,6,2,1
2023221311292,2023,221311292,1,1,1,1,16,4,3,0,0,0,0,0,3,2,E01032464,3,1,0.0,1.0,-1,6,30,1,1,2,14:08,6,1,3
2023010452844,2023,010452844,1,1,1,1,35,6,2,0,0,0,0,0,4,3,E01002120,-1,0,1.0,0.0,-1,6,30,1,1,1,18:35,7,2,4
2023161370332,2023,161370332,1,1,2,2,61,9,3,0,0,1,0,0,9,6,E01012771,3,1,0.0,1.0,-1,6,30,2,1,2,11:30,5,2,9
2023010469994,2023,010469994,2,1,1,1,28,6,3,0,0,0,0,0,1,6,E01003033,-1,0,0.0,1.0,-1,6,20,1,4,1,18:52,4,2,1
202360A154983,2023,60A154983,1,1,3,1,14,3,3,5,3,0,0,0,0,-1,-1,-1,0,0.13158,0.86842,-1,6,30,1,1,1,14:35,4,1,9
2023351365895,2023,351365895,2,1,1,-1,24,5,2,0,0,0,0,0,3,9,E01018199,6,1,1.0,0.0,-1,6,40,1,1,1,15:33,4,2,3
2023552300912,2023,552300912,2,1,1,1,21,5,3,0,0,0,0,0,3,8,E01015407,-1,0,0.06815,0.93185,-1,6,30,2,4,2,21:00,3,2,3
2023010438792,2023,010438792,1,1,3,2,5,1,3,1,1,0,0,0,0,3,E01003550,-1,0,0.0,1.0,-1,3,30,1,1,1,16:00,5,1,9
2023041288302,2023,041288302,1,1,3,1,9,2,3,5,1,0,0,0,0,3,E01025087,3,1,0.0,1.0,-1,6,30,1,1,2,11:32,5,1,9
2023122301247,2023,122301247,1,1,1,1,20,4,3,0,0,0,0,0,4,9,E01013365,-1,0,0.11868,0.88132,-1,2,40,2,1,2,07:00,4,2,4
2023201339814,2023,201339814,2,1,1,1,35,6,3,0,0,0,0,0,1,5,E01008969,3,1,0.0,1.0,-1,6,30,1,1,1,08:05,3,2,1
2023351319031,2023,351319031,2,1,1,1,34,6,3,0,0,0,0,0,1,3,E01018073,3,1,0.0,1.0,-1,1,60,1,1,1,18:01,1,2,1
2023548475123,2023,548475123,1,1,1,1,17,4,2,0,0,0,0,0,1,8,E01015472,-1,0,1.0,0.0,-1,6,30,1,1,1,13:25,6,2,1
2023991305977,2023,991305977,2,3,2,1,31,6,3,0,0,1,0,0,8,10,-1,3,1,0.0,1.0,-1,6,30,1,1,2,20:39,4,2,8
2023430415938,2023,430415938,4,1,2,2,60,9,3,0,0,1,0,0,9,7,E01002222,-1,0,0.01962,0.98038,-1,3,70,1,1,1,10:19,7,6,9
2023010441763,2023,010441763,1,1,1,2,38,7,3,0,0,0,0,0,9,4,E01001511,-1,0,0.0,1.0,-1,6,30,1,1,1,19:35,1,1,9
2023430445506,2023,430445506,2,1,1,2,34,6,3,0,0,0,0,0,9,-1,-1,-1,0,0.00872,0.99128,-1,3,70,1,1,1,07:40,4,2,9
2023211341035,2023,211341035,1,1,1,2,59,9,2,0,0,0,0,0,9,8,E01029688,6,1,1.0,0.0,-1,6,60,1,1,2,14:40,7,2,9
2023430468470,2023,430468470,2,1,1,2,62,9,3,0,0,0,0,0,9,9,E01016592,-1,0,0.04522,0.95478,-1,6,40,2,1,2,10:28,4,2,9
2023471358115,2023,471358115,2,4,1,1,17,4,3,0,0,0,0,0,9,-1,-1,3,1,0.0,1.0,-1,3,50,1,4,1,19:19,7,2,9
2023070764477,2023,070764477,1,1,1,2,33,6,3,0,0,0,0,0,19,3,E01018746,-1,0,0.02483,0.97517,-1,6,50,1,1,1,12:50,5,2,19
2023010463086,2023,010463086,1,1,1,1,56,9,3,0,0,0,0,0,9,5,E01001659,-1,0,0.0,1.0,-1,6,20,1,1,1,10:50,3,2,9
2023122300953,2023,122300953,2,1,1,1,39,7,1,0,0,0,0,0,9,7,E01027571,-1,0,0.0,0.0,-1,6,60,1,1,2,07:11,7,2,9
2023411280863,2023,411280863,1,1,2,2,-1,-1,3,0,0,0,0,0,1,-1,-1,3,1,0.0,1.0,-1,6,30,1,4,1,18:25,6,2,1
2023430398109,2023,430398109,1,1,1,1,35,6,3,0,0,0,0,0,3,7,E01017851,-1,0,0.03791,0.96209,-1,6,30,1,1,1,14:25,2,2,3
2023161287641,2023,161287641,2,3,2,2,62,9,2,0,0,2,0,0,9,1,E01012891,7,1,1.0,0.0,-1,6,30,1,4,2,20:23,5,4,9
2023622300977,2023,622300977,1,1,1,1,47,8,3,0,0,0,0,0,9,1,W01000833,-1,0,0.04817,0.95183,-1,3,50,1,4,1,19:14,2,2,9
2023631334575,2023,631334575,1,1,1,1,23,5,3,0,0,0,0,0,9,6,W01000433,3,1,0.0,1.0,-1,6,30,1,6,1,02:45,7,1,9
2023141269415,2023,141269415,1,1,3,2,18,4,3,5,1,0,0,0,0,10,E01007954,3,1,0.0,1.0,-1,6,30,1,4,1,15:02,1,1,9
2023052302033,2023,052302033,2,2,1,1,25,5,3,0,0,0,0,0,1,2,E01033751,-1,0,0.0994,0.9006,-1,6,30,1,1,1,18:05,3,2,1
2023010470335,2023,010470335,1,1,1,1,29,6,3,0,0,0,0,0,5,2,E01003120,-1,0,0.0,1.0,-1,9,30,1,1,1,13:17,5,1,5
2023041381706,2023,041381706,2,2,2,2,63,9,3,0,0,1,0,0,9,6,E01025598,3,1,0.0,1.0,-1,3,70,2,4,2,17:05,7,2,9
2023461318914,2023,461318914,1,1,1,2,17,4,3,0,0,0,0,0,9,8,E01024235,3,1,0.0,1.0,-1,6,30,1,1,1,11:24,4,4,9
2023991271185,2023,991271185,1,1,1,1,27,6,2,0,0,0,0,0,9,2,-1,5,1,1.0,0.0,-1,6,60,1,6,2,23:00,4,1,9
2023311328349,2023,311328349,2,1,1,1,42,7,2,0,0,0,0,0,5,2,E01013852,6,1,1.0,0.0,-1,3,30,2,1,2,15:26,3,2,5
2023461276373,2023,461276373,1,1,1,1,23,5,3,0,0,0,0,0,5,4,E01024178,3,1,0.0,1.0,-1,3,40,1,1,1,16:25,1,2,5
2023070606992,2023,070606992,1,1,1,2,65,9,2,0,0,0,0,0,1,7,E01018708,-1,0,1.0,0.0,-1,6,30,1,1,1,11:00,5,2,1
2023061370246,2023,061370246,1,1,3,1,55,8,1,4,3,0,0,0,0,1,E01005004,1,1,0.0,0.0,-1,3,30,1,4,2,18:37,5,3,9
2023351279636,2023,351279636,2,1,1,1,40,7,3,0,0,0,0,0,1,6,E01018053,3,1,0.0,1.0,-1,6,30,1,1,-1,16:00,5,2,1
2023501338373,2023,501338373,2,1,1,1,42,7,3,0,0,0,0,0,1,5,E01018947,3,1,0.0,1.0,-1,6,30,1,1,1,08:30,2,2,1
2023311375313,2023,311375313,1,1,3,2,14,3,3,5,1,0,0,0,0,9,E01028121,3,1,0.0,1.0,-1,3,30,1,1,1,11:00,7,1,9
2023991293401,2023,991293401,1,1,3,1,10,2,2,5,1,0,0,0,0,1,-1,7,1,1.0,0.0,-1,6,30,1,1,1,14:30,6,1,9
2023302301993,2023,302301993,1,4,2,1,16,4,3,0,0,0,0,0,3,1,E01013536,-1,0,0.16518,0.83482,-1,6,30,9,1,1,16:20,2,2,3
2023440089773,2023,440089773,1,1,1,1,56,9,3,0,0,0,0,0,3,6,E01022816,-1,0,0.2824,0.7176,-1,6,50,1,1,1,14:20,1,1,3
202360A109639,2023,60A109639,1,1,3,2,70,10,2,5,1,0,0,0,0,-1,-1,-1,0,1.0,0.0,-1,6,30,1,1,1,14:50,4,1,19
2023131378943,2023,131378943,2,1,1,1,18,4,3,0,0,0,0,0,1,-1,-1,3,1,0.0,1.0,-1,6,20,1,4,1,21:46,6,2,1
2023471393027,2023,471393027,2,1,1,1,19,4,3,0,0,0,0,0,1,6,E01031468,3,1,0.0,1.0,-1,1,30,2,1,2,12:00,7,2,1
2023430435490,2023,430435490,1,1,3,1,37,7,3,6,9,0,0,0,0,8,E01016515,-1,0,0.10644,0.89356,-1,6,30,1,1,1,10:55,5,1,19
2023161290531,2023,161290531,1,1,3,1,54,8,2,1,2,0,0,2,0,1,E01012809,5,1,1.0,0.0,-1,6,30,1,4,2,20:20,7,1,9
2023010484973,2023,010484973,1,1,1,2,35,6,3,0,0,0,0,0,9,5,E01002213,-1,0,0.0,1.0,-1,6,20,2,4,2,06:45,3,2,9
2023221278926,2023,221278926,1,2,2,2,17,4,1,0,0,1,0,0,9,6,E01032436,1,1,0.0,0.0,-1,6,60,1,1,2,11:59,7,2,9
2023991317379,2023,991317379,1,1,2,1,16,4,3,0,0,2,0,0,9,7,-1,3,1,0.0,1.0,-1,3,50,1,1,1,14:50,1,2,9
2023461347844,2023,461347844,1,1,1,1,18,4,3,0,0,0,0,0,9,8,E01024255,3,1,0.0,1.0,-1,6,30,1,4,1,22:21,1,1,9
2023991345830,2023,991345830,1,1,1,2,18,4,3,0,0,0,0,0,9,10,-1,3,1,0.0,1.0,-1,6,60,1,1,1,11:45,1,2,9
2023411364636,2023,411364636,1,2,2,2,26,6,3,0,0,1,0,0,9,6,E01023918,3,1,0.0,1.0,-1,1,40,8,1,1,18:11,6,2,9
2023061382488,2023,061382488,2,1,1,2,26,6,2,0,0,0,0,0,9,2,E01011949,7,1,1.0,0.0,-1,3,70,2,4,2,07:10,2,3,9
2023071313787,2023,071313787,3,1,2,2,13,3,3,0,0,1,0,0,9,3,E01011594,-1,0,0.01102,0.98898,-1,3,70,1,1,1,13:07,1,3,9
2023332300255,2023,332300255,1,1,2,1,24,5,3,0,0,1,0,0,9,3,E01013743,-1,0,0.02957,0.97043,-1,6,30,1,4,1,23:30,2,2,9
2023010467963,2023,010467963,1,1,1,1,39,7,3,0,0,0,0,0,9,5,E01002232,-1,0,0.0,1.0,-1,6,20,1,1,1,12:19,1,2,9
2023141277327,2023,141277327,2,3,1,1,36,7,2,0,0,0,0,0,9,3,E01007533,7,1,1.0,0.0,-1,6,60,8,6,2,20:30,5,2,9
2023201390093,2023,201390093,1,1,1,1,63,9,3,0,0,0,0,0,9,10,E01009428,3,1,0.0,1.0,-1,6,30,1,1,1,15:42,3,2,9
2023311298088,2023,311298088,2,3,2,2,49,8,3,0,0,2,0,0,9,10,E01019473,3,1,0.0,1.0,-1,6,60,1,1,1,17:12,3,2,9
2023371322188,2023,371322188,2,1,1,2,32,6,3,0,0,0,0,0,9,6,E01029902,3,1,0.0,1.0,-1,6,30,1,1,1,16:24,1,2,9
2023430387816,2023,430387816,2,1,1,1,19,4,3,0,0,0,0,0,9,10,E01028455,-1,0,0.0124,0.9876,-1,6,40,8,4,2,22:03,3,2,9
2023122300461,2023,122300461,2,2,2,2,70,10,3,0,0,1,0,0,9,8,E01027801,-1,0,0.08177,0.91823,-1,6,60,1,1,1,09:17,2,2,9
2023461286301,2023,461286301,2,2,2,2,15,3,3,0,0,1,0,0,9,5,E01024562,3,1,0.0,1.0,-1,6,60,5,6,2,21:44,1,2,9
2023010443493,2023,010443493,2,1,1,1,44,7,3,0,0,0,0,0,19,3,E01016030,-1,0,0.0,1.0,-1,3,40,1,1,1,16:09,4,3,19
2023010481780,2023,010481780,2,1,1,1,46,8,3,0,0,0,0,0,-1,4,E01003249,-1,0,0.0,1.0,-1,9,20,9,1,9,15:35,7,2,-1
2023111312371,2023,111312371,2,5,2,2,25,5,2,0,0,2,0,0,9,2,E01020823,7,1,1.0,0.0,-1,6,30,1,1,1,11:55,1,2,9
2023070701723,2023,070701723,2,1,1,1,37,7,3,0,0,0,0,0,19,9,E01018545,-1,0,0.01364,0.98636,-1,3,70,2,1,2,07:55,4,2,19
2023991324996,2023,991324996,2,2,1,2,46,8,3,0,0,0,0,0,9,2,-1,3,1,0.0,1.0,-1,6,60,1,1,1,18:30,2,2,9
2023440104018,2023,440104018,1,1,1,1,25,5,2,0,0,0,0,0,23,3,E01022904,-1,0,1.0,0.0,-1,6,20,1,1,2,12:20,4,1,23
2023231352793,2023,231352793,1,1,1,1,32,6,3,0,0,0,0,0,9,7,E01031014,3,1,0.0,1.0,-1,3,60,1,1,1,12:34,2,2,9
2023411298768,2023,411298768,1,1,1,2,22,5,3,0,0,0,0,0,9,10,E01023563,3,1,0.0,1.0,-1,7,30,1,1,1,10:00,2,2,9
2023531384505,2023,531384505,1,1,1,2,31,6,3,0,0,0,0,0,9,6,E01022253,3,1,0.0,1.0,-1,6,60,2,1,2,15:35,6,2,9
2023010486426,2023,010486426,1,1,1,2,20,4,3,0,0,0,0,0,9,2,E01001130,-1,0,0.0,1.0,-1,6,30,4,6,2,21:41,5,1,9
2023201390183,2023,201390183,2,1,1,1,74,10,3,0,0,0,0,0,9,9,E01031243,3,1,0.0,1.0,-1,6,30,1,1,1,12:12,6,2,9
2023501389907,2023,501389907,1,1,1,1,25,5,3,0,0,0,0,0,9,-1,-1,3,1,0.0,1.0,-1,3,70,1,6,1,20:49,2,1,9
2023471351158,2023,471351158,1,1,1,2,32,6,3,0,0,0,0,0,9,7,E01023398,3,1,0.0,1.0,-1,2,60,1,1,1,09:04,2,3,9
2023471366122,2023,471366122,2,1,1,1,9,2,3,0,0,0,0,0,1,9,E01031756,3,1,0.0,1.0,-1,6,30,1,1,1,16:00,1,2,1
2023111376631,2023,111376631,1,1,3,2,6,2,3,5,3,0,0,0,0,2,E01020795,3,1,0.0,1.0,-1,6,30,1,1,2,09:01,5,1,9
2023061382126,2023,061382126,1,2,2,1,23,5,2,0,0,2,0,0,9,-1,-1,5,1,1.0,0.0,-1,6,30,2,4,2,20:30,1,5,9
2023501263628,2023,501263628,1,1,1,1,35,6,3,0,0,0,0,0,9,8,E01020061,3,1,0.0,1.0,-1,6,60,5,6,5,05:05,2,1,9
2023991308564,2023,991308564,1,1,2,2,1,1,3,0,0,2,0,0,9,6,-1,3,1,0.0,1.0,-1,6,20,1,1,1,14:13,4,2,9
2023010433071,2023,010433071,1,1,1,2,22,5,2,0,0,0,0,0,1,3,E01004430,-1,0,1.0,0.0,-1,6,20,1,1,1,09:00,1,2,1
2023161392756,2023,161392756,1,1,2,2,31,6,3,0,0,1,0,0,9,1,E01013219,3,1,0.0,1.0,-1,6,30,1,1,1,11:25,7,2,9
2023461354278,2023,461354278,1,1,1,2,17,4,3,0,0,0,0,0,9,10,E01016132,3,1,0.0,1.0,-1,3,50,1,1,1,22:00,1,1,9
2023421330156,2023,421330156,2,1,1,1,32,6,3,0,0,0,0,0,3,9,E01021661,3,1,0.0,1.0,-1,6,30,1,1,1,17:15,6,2,3
2023411321505,2023,411321505,2,1,1,1,40,7,2,0,0,0,0,0,5,10,E01023526,7,1,1.0,0.0,-1,6,30,1,1,1,08:22,1,2,5
2023010466155,2023,010466155,2,1,1,2,55,8,3,0,0,0,0,0,9,9,E01002362,-1,0,0.0,1.0,-1,3,70,9,1,9,14:15,5,2,9
2023101330003,2023,101330003,1,2,2,2,53,8,2,0,0,2,0,0,9,8,E01033476,5,1,1.0,0.0,-1,1,70,1,4,1,02:00,1,1,9
2023451318308,2023,451318308,3,2,2,1,8,2,2,0,0,2,0,0,9,10,E01030322,7,1,1.0,0.0,-1,6,30,1,1,1,17:20,3,3,9
2023332301141,2023,332301141,1,1,3,1,24,5,3,4,9,0,0,0,0,1,E01013652,-1,0,0.02595,0.97405,-1,6,30,1,1,1,09:00,4,1,9
2023371373589,2023,371373589,1,1,1,1,38,7,2,0,0,0,0,0,9,10,E01030070,6,1,1.0,0.0,-1,3,70,1,1,2,12:00,1,2,9
2023430234914,2023,430234914,2,2,2,2,51,8,2,0,0,1,0,0,9,1,E01028576,-1,0,1.0,0.0,-1,1,60,1,1,1,19:53,1,2,9
2023170M10663,2023,170M10663,1,1,1,1,37,7,3,0,0,0,0,0,9,-1,-1,-1,0,0.02606,0.97394,-1,6,30,1,1,1,10:56,4,2,9
2023201410823,2023,201410823,2,1,1,1,65,9,3,0,0,0,0,0,9,2,E01009890,3,1,0.0,1.0,-1,6,30,1,4,2,23:37,6,2,9
2023461392647,2023,461392647,2,1,1,1,63,9,3,0,0,0,0,0,9,6,E01024848,3,1,0.0,1.0,-1,6,30,1,7,1,23:08,3,2,9
2023010423652,2023,010423652,1,1,2,2,11,3,3,0,0,2,0,0,9,7,E01002514,-1,0,0.0,1.0,-1,1,20,1,1,2,15:39,5,3,9
2023010429573,2023,010429573,1,2,2,2,28,6,3,0,0,2,0,0,9,-1,-1,-1,0,0.0,1.0,-1,3,30,1,4,1,02:40,3,2,9
2023131292967,2023,131292967,2,2,2,2,76,11,3,0,0,1,0,0,9,1,E01011140,3,1,0.0,1.0,-1,6,30,1,1,1,16:11,1,2,9
2023131365492,2023,131365492,3,1,1,1,18,4,3,0,0,0,0,0,9,2,E01011421,3,1,0.0,1.0,-1,3,40,1,4,1,18:45,7,3,9
2023211376864,2023,211376864,3,2,2,2,73,10,3,0,0,1,0,0,9,3,E01014341,3,1,0.0,1.0,-1,6,30,1,4,2,21:49,2,3,9
2023421302072,2023,421302072,1,1,1,1,58,9,2,0,0,0,0,0,9,3,E01000081,5,1,1.0,0.0,-1,3,70,1,1,1,16:25,6,2,9
2023440203952,2023,440203952,1,1,1,2,33,6,3,0,0,0,0,0,9,10,E01022848,-1,0,0.01408,0.98592,-1,6,30,1,1,1,11:30,3,2,9
2023622300051,2023,622300051,1,1,1,1,28,6,3,0,0,0,0,0,9,3,W01001145,-1,0,0.02893,0.97107,-1,3,30,2,4,2,05:44,3,2,9
2023401316010,2023,401316010,2,1,1,2,31,6,3,0,0,0,0,0,1,4,E01017493,3,1,0.0,1.0,-1,6,20,1,1,1,17:15,6,2,1
2023201377382,2023,201377382,1,1,3,2,11,3,3,5,1,0,0,0,0,2,E01009414,3,1,0.0,1.0,-1,6,30,1,1,1,15:39,5,1,9
2023211432881,2023,211432881,1,1,3,1,11,3,3,5,2,0,0,0,0,10,E01029711,3,1,0.0,1.0,-1,6,30,1,1,1,16:00,6,1,9
2023010434268,2023,010434268,1,1,1,1,17,4,3,0,0,0,0,0,1,2,E01000959,-1,0,0.0,1.0,-1,9,20,8,1,2,12:50,7,2,1
2023010452404,2023,010452404,1,1,1,1,22,5,3,0,0,0,0,0,3,3,E01001981,-1,0,0.0,1.0,-1,9,20,9,1,9,17:00,5,2,3
2023552300872,2023,552300872,1,1,3,1,64,9,3,8,1,0,0,0,0,5,E01015286,-1,0,0.16383,0.83617,-1,3,30,1,1,1,12:35,5,1,9
2023010445313,2023,010445313,2,3,2,1,35,6,3,0,0,2,0,0,9,1,E01003486,-1,0,0.0,1.0,-1,3,50,1,1,1,15:45,6,3,9
2023010446858,2023,010446858,1,2,2,-1,-1,-1,3,0,0,1,0,0,9,6,E01004070,-1,0,0.0,1.0,-1,6,20,1,1,1,21:30,7,2,9
2023141370693,2023,141370693,2,1,2,1,50,8,3,0,0,2,0,0,9,3,E01007777,3,1,0.0,1.0,-1,1,40,2,4,2,18:28,7,2,9
2023401380931,2023,401380931,2,1,1,2,44,7,3,0,0,0,0,0,9,7,E01017382,3,1,0.0,1.0,-1,6,20,1,1,1,12:50,7,2,9
2023440342603,2023,440342603,2,2,1,2,43,7,3,0,0,0,0,0,9,9,E01022658,-1,0,0.04241,0.95759,-1,3,70,1,1,2,10:49,5,2,9
2023010426857,2023,010426857,1,2,2,2,51,8,3,0,0,1,0,0,9,5,E01000211,-1,0,0.0,1.0,-1,3,40,1,4,1,04:39,2,2,9
2023340WN0122,2023,340WN0122,2,1,1,2,46,8,3,0,0,0,0,0,9,2,E01027228,-1,0,0.03577,0.96423,-1,6,30,2,4,2,07:00,3,2,9
2023010485265,2023,010485265,1,1,1,1,22,5,3,0,0,0,0,0,-1,-1,-1,-1,0,0.0,1.0,-1,6,30,1,1,1,17:30,4,2,-1
2023041318762,2023,041318762,1,1,1,1,33,6,2,0,0,0,0,0,97,1,E01025218,7,1,1.0,0.0,-1,6,60,1,5,1,19:29,3,2,97
2023421393587,2023,421393587,2,4,2,2,63,9,3,0,0,1,0,0,19,4,E01015990,3,1,0.0,1.0,-1,6,60,2,1,5,14:59,1,2,19
2023311375117,2023,311375117,2,2,1,1,30,6,3,0,0,0,0,0,9,7,E01028378,3,1,0.0,1.0,-1,6,30,1,4,2,17:50,4,2,9
2023371279106,2023,371279106,1,1,2,1,19,4,3,0,0,2,0,0,9,7,E01017823,3,1,0.0,1.0,-1,6,60,1,6,1,22:50,6,1,9
2023441393335,2023,441393335,1,1,1,1,26,6,3,0,0,0,0,0,9,9,E01030428,3,1,0.0,1.0,-1,1,40,2,1,2,14:09,7,2,9
2023631372768,2023,631372768,1,1,1,1,18,4,3,0,0,0,0,0,9,6,W01000487,3,1,0.0,1.0,-1,6,60,8,6,2,00:10,6,1,9
2023131280750,2023,131280750,2,3,2,1,17,4,3,0,0,2,0,0,9,4,E01010671,3,1,0.0,1.0,-1,6,30,1,1,2,07:47,2,2,9
2023122300158,2023,122300158,1,1,1,1,82,11,3,0,0,0,0,0,9,8,E01027631,-1,0,0.06271,0.93729,-1,6,30,1,1,1,11:51,2,2,9
2023522300682,2023,522300682,1,1,1,1,37,7,3,0,0,0,0,0,19,8,E01033338,-1,0,0.05077,0.94923,-1,6,30,1,4,1,22:05,5,4,19
2023010469548,2023,010469548,1,1,1,1,30,6,3,0,0,0,0,0,3,3,E01002311,-1,0,0.0,1.0,-1,6,30,1,1,1,17:05,2,1,3
2023010460223,2023,010460223,1,1,1,1,38,7,3,0,0,0,0,0,4,8,E01030335,-1,0,0.0,1.0,-1,6,30,1,1,1,10:59,7,2,4
2023461273098,2023,461273098,2,1,2,2,54,8,3,0,0,-1,0,0,9,2,E01020838,3,1,0.0,1.0,-1,3,70,1,7,1,00:15,3,2,9
2023010442111,2023,010442111,1,1,3,2,65,9,2,5,1,0,0,0,0,6,E01000871,-1,0,1.0,0.0,-1,6,30,1,1,1,11:05,4,1,9
2023231358812,2023,231358812,2,1,1,1,62,9,3,0,0,0,0,0,1,4,E01031027,3,1,0.0,1.0,-1,6,40,1,1,1,09:35,2,2,1
2023430478861,2023,430478861,2,1,1,1,31,6,2,0,0,0,0,0,5,10,E01028489,-1,0,1.0,0.0,-1,3,70,1,6,1,18:06,3,2,5
2023010427570,2023,010427570,1,1,1,1,52,8,3,0,0,0,0,0,9,3,E01015922,-1,0,0.0,1.0,-1,3,50,1,1,1,16:30,5,3,9
2023070114221,2023,070114221,2,1,2,2,9,2,3,0,0,2,0,0,9,-1,-1,-1,0,0.01203,0.98797,-1,6,30,1,1,1,17:20,5,2,9
2023201304919,2023,201304919,2,1,2,1,25,5,3,0,0,2,0,0,9,1,E01009347,3,1,0.0,1.0,-1,3,70,1,1,1,14:15,6,2,9
2023201305783,2023,201305783,2,2,2,1,31,6,3,0,0,1,0,0,9,1,E01033632,3,1,0.0,1.0,-1,3,30,9,1,2,15:10,5,2,9
2023201307484,2023,201307484,1,1,1,1,-1,-1,3,0,0,0,0,0,9,5,E01009234,3,1,0.0,1.0,-1,6,30,1,6,1,21:18,2,2,9
2023430255098,2023,430255098,2,2,1,2,87,11,3,0,0,0,0,0,9,9,E01016608,-1,0,0.09262,0.90738,-1,6,30,1,1,1,14:53,7,2,9
2023552301072,2023,552301072,2,2,2,2,64,9,3,0,0,1,0,0,9,4,E01020321,-1,0,0.0868,0.9132,-1,6,60,1,1,1,12:03,1,2,9
2023622300254,2023,622300254,1,3,2,2,63,9,3,0,0,2,0,0,9,2,W01001067,-1,0,0.04207,0.95793,-1,6,30,1,1,1,11:53,6,3,9
2023131381077,2023,131381077,2,1,1,1,18,4,3,0,0,0,0,0,1,1,E01011623,3,1,0.0,1.0,-1,6,30,1,4,1,17:41,5,2,1
2023111340889,2023,111340889,1,1,1,1,30,6,2,0,0,0,0,0,23,4,E01020667,7,1,1.0,0.0,-1,6,30,1,1,1,13:30,6,2,23
2023010427554,2023,010427554,2,1,1,2,41,7,3,0,0,0,0,0,9,1,E01004382,-1,0,0.0,1.0,-1,3,20,8,4,1,19:20,5,2,9
2023471293734,2023,471293734,2,1,1,1,41,7,2,0,0,0,0,0,5,4,E01020916,5,1,1.0,0.0,-1,3,70,1,1,1,16:40,3,2,5
2023461281224,2023,461281224,1,1,3,1,28,6,3,9,8,0,0,2,0,6,E01024363,3,1,0.0,1.0,-1,6,30,1,1,1,15:50,2,1,11
2023522301633,2023,522301633,1,1,3,2,21,5,3,5,3,0,0,0,0,4,E01015020,-1,0,0.10451,0.89549,-1,6,30,1,1,1,16:30,6,2,9
2023031296794,2023,031296794,2,1,1,2,50,8,3,0,0,0,0,0,9,7,E01019136,3,1,0.0,1.0,-1,6,60,2,1,2,18:00,6,3,9
2023311360602,2023,311360602,1,2,1,1,24,5,3,0,0,0,0,0,9,9,E01013981,3,1,0.0,1.0,-1,6,20,1,4,1,21:35,7,2,9
2023631350604,2023,631350604,3,2,1,1,60,9,2,0,0,0,0,0,9,8,E01028875,7,1,1.0,0.0,-1,6,30,1,1,1,12:35,6,3,9
2023622300937,2023,622300937,2,1,1,2,20,4,3,0,0,0,0,0,1,5,W01001922,-1,0,0.03744,0.96256,-1,1,30,1,1,1,07:30,3,2,1
2023122301200,2023,122301200,1,1,1,1,20,4,2,0,0,0,0,0,3,4,E01013382,-1,0,1.0,0.0,-1,6,20,2,4,2,18:11,5,3,3