collision_index,collision_year,collision_ref_no,vehicle_reference,casualty_reference,casualty_class,sex_of_casualty,age_of_casualty,age_band_of_casualty,casualty_severity,pedestrian_location,pedestrian_movement,car_passenger,bus_or_coach_passenger,pedestrian_road_maintenance_worker,casualty_type,casualty_imd_decile,lsoa_of_casualty,enhanced_casualty_severity,casualty_injury_based,casualty_adjusted_severity_serious,casualty_adjusted_severity_slight,casualty_distance_banding,road_type,speed_limit,weather_conditions,light_conditions,road_surface_conditions,time,day_of_week,number_of_vehicles,vehicle_type
2023010442378,2023,010442378,1,1,1,2,77,11,2,0,0,0,0,0,9,9,E01003868,-1,0,1.0,0.0,-1,6,30,1,1,1,12:52,5,1,9
2023161372161,2023,161372161,2,1,1,1,30,6,3,0,0,0,0,0,9,7,E01013018,3,1,0.0,1.0,-1,6,30,1,1,1,12:48,5,2,9
2023221299983,2023,221299983,1,1,1,2,27,6,2,0,0,0,0,0,9,8,E01032189,6,1,1.0,0.0,-1,6,30,1,4,2,00:10,2,1,9
2023070840618,2023,070840618,2,1,1,1,58,9,2,0,0,0,0,0,90,6,E01018422,-1,0,1.0,0.0,-1,6,40,1,1,1,18:33,2,2,90
2023461347464,2023,461347464,1,1,3,1,4,1,3,4,1,0,0,0,0,-1,-1,3,1,0.0,1.0,-1,3,30,1,1,1,14:31,6,1,9
2023122300318,2023,122300318,1,1,3,1,66,10,3,5,3,0,0,0,0,5,E01027785,-1,0,0.14844,0.85156,-1,3,30,1,1,1,12:40,4,1,9
2023010423842,2023,010423842,1,1,1,1,28,6,3,0,0,0,0,0,3,1,E01003188,-1,0,0.0,1.0,-1,9,20,2,4,2,18:45,5,2,3
2023041288482,2023,041288482,2,1,1,2,53,8,3,0,0,0,0,0,9,1,E01025584,3,1,0.0,1.0,-1,6,20,1,1,1,09:35,5,2,9
2023101366089,2023,101366089,2,2,1,1,37,7,3,0,0,0,0,0,9,5,E01008741,3,1,0.0,1.0,-1,6,20,8,1,2,08:10,3,2,9
2023161265711,2023,161265711,1,1,1,1,49,8,3,0,0,0,0,0,9,1,E01013177,3,1,0.0,1.0,-1,6,60,1,6,2,20:50,5,1,9
2023471363181,2023,471363181,1,1,1,1,28,6,3,0,0,0,0,0,19,7,E01021212,3,1,0.0,1.0,-1,3,70,8,6,1,03:00,2,1,19
2023052300106,2023,052300106,2,1,1,1,51,8,2,0,0,0,0,0,3,5,E01006833,-1,0,1.0,0.0,-1,6,40,1,4,1,18:50,5,2,3
2023430580572,2023,430580572,1,1,1,1,20,4,3,0,0,0,0,0,9,-1,-1,-1,0,0.09343,0.90657,-1,6,50,1,1,2,15:17,6,2,9
2023221321668,2023,221321668,1,1,3,1,15,3,3,5,3,0,0,0,0,3,E01014139,3,1,0.0,1.0,-1,6,30,1,1,1,18:30,2,1,9
2023302301469,2023,302301469,2,1,1,2,37,7,3,0,0,0,0,0,9,-1,-1,-1,0,0.05703,0.94297,-1,6,60,1,1,1,08:05,7,2,9
2023061337795,2023,061337795,1,1,3,2,81,11,2,5,3,0,0,0,0,8,E01005791,7,1,1.0,0.0,-1,6,20,1,1,1,09:39,5,1,9
2023461394449,2023,461394449,1,1,1,1,22,5,3,0,0,0,0,0,2,3,E01000392,3,1,0.0,1.0,-1,1,30,2,1,2,15:10,7,2,2
2023622300655,2023,622300655,1,2,1,1,52,8,3,0,0,0,0,0,3,3,W01001695,-1,0,0.13607,0.86393,-1,6,20,1,1,1,08:10,4,1,3
2023122300196,2023,122300196,2,1,1,2,42,7,3,0,0,0,0,0,9,6,E01027676,-1,0,0.00399,0.99601,-1,6,30,1,1,1,07:50,2,2,9
2023430216205,2023,430216205,2,1,1,1,30,6,3,0,0,0,0,0,9,8,E01017941,-1,0,0.00297,0.99703,-1,3,30,1,1,1,08:02,3,3,9
2023451274051,2023,451274051,1,1,1,1,48,8,2,0,0,0,0,0,9,4,E01002309,6,1,1.0,0.0,-1,6,60,1,1,2,12:11,7,1,9
2023041317840,2023,041317840,1,1,1,1,31,6,2,0,0,0,0,0,19,5,E01025035,7,1,1.0,0.0,-1,6,30,1,1,1,20:26,2,1,19
2023010432420,2023,010432420,2,1,1,1,35,6,3,0,0,0,0,0,1,1,E01001857,-1,0,0.0,1.0,-1,6,20,2,1,2,15:18,4,2,1
2023991345686,2023,991345686,2,1,1,1,52,8,3,0,0,0,0,0,1,-1,-1,3,1,0.0,1.0,-1,1,30,1,1,1,15:26,5,2,1
2023401279200,2023,401279200,1,1,1,2,57,9,3,0,0,0,0,0,9,6,E01023632,3,1,0.0,1.0,-1,6,40,1,1,1,13:24,2,2,9
2023411401124,2023,411401124,1,1,1,1,34,6,3,0,0,0,0,0,9,10,E01023371,3,1,0.0,1.0,-1,6,30,8,1,2,15:20,5,2,9
2023221342148,2023,221342148,1,1,1,1,56,9,3,0,0,0,0,0,20,5,E01028980,3,1,0.0,1.0,-1,6,30,1,1,1,14:20,2,1,20
2023481388191,2023,481388191,2,1,1,1,30,6,3,0,0,0,0,0,1,-1,-1,3,1,0.0,1.0,-1,3,20,1,4,1,03:10,1,2,1
2023010480948,2023,010480948,1,1,1,1,30,6,3,0,0,0,0,0,3,5,E01001301,-1,0,0.0,1.0,-1,6,20,1,1,1,15:10,4,2,3
2023221373514,2023,221373514,2,3,2,1,64,9,2,0,0,1,0,0,9,8,E01028887,5,1,1.0,0.0,-1,6,30,1,4,1,19:40,7,3,9
2023501283296,2023,501283296,1,1,2,2,26,6,3,0,0,1,0,0,9,4,E01020307,3,1,0.0,1.0,-1,6,60,1,4,1,19:40,7,2,9
2023991270482,2023,991270482,2,1,1,2,25,5,3,0,0,0,0,0,9,6,-1,3,1,0.0,1.0,-1,3,70,1,1,1,11:00,3,2,9
2023991368158,2023,991368158,1,1,3,1,21,5,3,5,1,0,0,0,0,-1,-1,3,1,0.0,1.0,-1,6,20,1,1,1,14:48,7,1,9
2023471259232,2023,471259232,1,1,3,1,38,7,2,4,1,0,0,0,0,-1,-1,6,1,1.0,0.0,-1,6,30,5,4,2,16:51,3,1,9
2023231359175,2023,231359175,1,1,1,1,31,6,3,0,0,0,0,0,1,3,E01009619,3,1,0.0,1.0,-1,6,30,1,1,1,03:00,6,2,1
2023052300796,2023,052300796,1,1,3,1,12,3,3,8,3,0,0,0,0,1,E01006706,-1,0,0.11758,0.88242,-1,6,30,1,1,1,18:00,5,1,9
2023440081844,2023,440081844,1,3,3,1,59,9,3,6,9,0,0,0,0,4,E01029729,-1,0,0.15918,0.84082,-1,6,30,1,1,1,09:00,3,2,9
2023544507223,2023,544507223,1,1,1,1,31,6,2,0,0,0,0,0,5,8,E01031964,-1,0,1.0,0.0,-1,6,60,1,1,1,16:23,7,2,5
2023440127759,2023,440127759,2,1,1,1,63,9,3,0,0,0,0,0,9,5,E01022728,-1,0,0.06408,0.93592,-1,6,30,1,1,1,13:09,6,2,9
2023070434334,2023,070434334,2,1,1,1,49,8,3,0,0,0,0,0,19,4,E01006805,-1,0,0.01129,0.98871,-1,7,70,1,1,1,07:21,2,2,19
2023101321313,2023,101321313,2,1,1,1,39,7,3,0,0,0,0,0,1,1,E01008542,3,1,0.0,1.0,-1,6,20,1,1,1,16:30,2,2,1
2023622300337,2023,622300337,2,2,1,2,46,8,3,0,0,0,0,0,1,9,W01000899,-1,0,0.09458,0.90542,-1,6,30,1,1,1,08:32,1,2,1
2023010430699,2023,010430699,1,1,1,1,32,6,3,0,0,0,0,0,3,5,E01001088,-1,0,0.0,1.0,-1,6,20,1,1,1,12:00,2,2,3
2023041267019,2023,041267019,2,1,2,2,77,11,2,0,0,1,0,0,9,8,E01024957,6,1,1.0,0.0,-1,3,50,1,1,2,12:00,2,2,9
2023101389030,2023,101389030,2,2,2,1,10,2,3,0,0,2,0,0,9,-1,-1,3,1,0.0,1.0,-1,1,30,2,4,2,00:45,7,2,9
2023170M10103,2023,170M10103,2,2,1,2,48,8,3,0,0,0,0,0,9,1,E01012036,-1,0,0.03944,0.96056,-1,6,30,1,1,1,09:30,4,2,9
2023351375626,2023,351375626,2,1,2,1,55,8,3,0,0,1,0,0,9,6,E01018207,3,1,0.0,1.0,-1,6,60,1,6,1,17:00,3,2,9
2023201410002,2023,201410002,1,1,3,1,17,4,3,10,9,0,0,0,0,5,E01010118,3,1,0.0,1.0,-1,6,20,1,4,1,22:50,7,1,9
2023461295617,2023,461295617,1,1,3,2,40,7,3,10,9,0,0,0,0,3,E01024529,3,1,0.0,1.0,-1,6,30,1,1,1,13:30,4,1,9
2023070262306,2023,070262306,2,1,1,2,66,10,2,0,0,0,0,0,9,8,E01031290,-1,0,1.0,0.0,-1,3,70,1,1,1,14:24,3,2,9
2023131302657,2023,131302657,1,1,2,1,-1,-1,3,0,0,1,0,0,9,-1,-1,3,1,0.0,1.0,-1,3,70,1,1,1,20:43,2,2,9
2023221305147,2023,221305147,1,1,1,2,41,7,3,0,0,0,0,0,9,1,E01014113,3,1,0.0,1.0,-1,6,30,1,4,1,21:40,4,2,9
2023421340797,2023,421340797,2,1,1,1,37,7,3,0,0,0,0,0,9,8,E01017770,3,1,0.0,1.0,-1,3,70,1,1,1,16:25,6,3,9
2023545558123,2023,545558123,1,2,1,1,48,8,3,0,0,0,0,0,9,8,E01015561,-1,0,0.08139,0.91861,-1,6,60,1,1,1,12:15,7,2,9
2023522301512,2023,522301512,2,1,1,1,31,6,3,0,0,0,0,0,19,1,E01014801,-1,0,0.05293,0.94707,-1,3,50,1,1,1,17:00,5,3,19
2023010451421,2023,010451421,2,1,1,1,31,6,3,0,0,0,0,0,-1,2,E01003297,-1,0,0.0,1.0,-1,6,20,1,1,1,18:00,1,2,-1
2023041331821,2023,041331821,1,3,1,1,39,7,3,0,0,0,0,0,9,3,E01025097,3,1,0.0,1.0,-1,6,40,1,1,2,08:26,6,2,9
2023101367002,2023,101367002,2,1,1,1,24,5,3,0,0,0,0,0,9,7,E01008360,3,1,0.0,1.0,-1,1,40,5,1,2,16:07,7,2,9
2023131286994,2023,131286994,3,1,1,1,58,9,3,0,0,0,0,0,9,2,E01011282,3,1,0.0,1.0,-1,3,70,1,1,4,06:46,4,13,9
2023161368037,2023,161368037,2,1,2,2,71,10,3,0,0,1,0,0,9,-1,-1,3,1,0.0,1.0,-1,6,40,1,5,2,13:11,5,2,9
2023440299916,2023,440299916,2,2,1,1,19,4,3,0,0,0,0,0,3,9,E01022782,-1,0,0.11574,0.88426,-1,6,40,1,4,1,22:57,3,2,3
2023131323628,2023,131323628,2,2,2,2,40,7,3,0,0,1,0,0,9,1,E01010817,3,1,0.0,1.0,-1,6,30,1,1,1,08:50,4,2,9
2023440217416,2023,440217416,1,1,1,2,25,5,3,0,0,0,0,0,9,10,E01022748,-1,0,0.01518,0.98482,-1,6,30,1,1,1,20:54,5,2,9
2023622300444,2023,622300444,2,2,1,1,29,6,3,0,0,0,0,0,9,2,W01001862,-1,0,0.02042,0.97958,-1,3,30,1,1,1,11:25,5,2,9
2023131371604,2023,131371604,2,1,1,1,31,6,3,0,0,0,0,0,19,2,E01010619,3,1,0.0,1.0,-1,6,30,1,4,2,17:50,2,2,19
2023131324803,2023,131324803,2,2,2,1,59,9,2,0,0,1,0,0,9,8,E01011459,6,1,1.0,0.0,-1,6,60,4,1,1,12:25,7,2,9
2023061352950,2023,061352950,1,1,1,1,49,8,2,0,0,0,0,0,1,1,E01006023,6,1,1.0,0.0,-1,7,30,1,1,1,18:06,6,3,1
2023471264525,2023,471264525,2,1,1,1,17,4,3,0,0,0,0,0,3,6,E01031784,3,1,0.0,1.0,-1,6,60,1,1,4,08:30,3,2,3
2023010450955,2023,010450955,1,1,3,1,65,9,3,6,9,0,0,0,0,7,E01002691,-1,0,0.0,1.0,-1,6,20,1,1,1,11:40,6,3,9
2023451327961,2023,451327961,1,1,3,1,13,3,3,7,3,0,0,0,0,10,E01030480,3,1,0.0,1.0,-1,6,30,1,1,1,15:20,2,1,9
2023031268950,2023,031268950,1,1,1,1,90,11,1,0,0,0,0,0,9,8,E01019224,1,1,0.0,0.0,-1,6,60,1,1,1,15:15,6,2,9
2023031380515,2023,031380515,2,1,1,2,68,10,1,0,0,0,0,0,9,5,E01019310,1,1,0.0,0.0,-1,6,60,1,1,4,11:00,4,2,9
2023061293042,2023,061293042,2,1,1,1,38,7,3,0,0,0,0,0,9,1,E01006327,3,1,0.0,1.0,-1,6,30,1,1,2,18:30,5,2,9
2023501272070,2023,501272070,1,1,1,2,80,11,3,0,0,0,0,0,9,-1,-1,3,1,0.0,1.0,-1,6,30,1,1,2,12:43,6,2,9
2023991285950,2023,991285950,1,1,1,2,59,9,3,0,0,0,0,0,9,7,-1,3,1,0.0,1.0,-1,6,60,1,1,1,16:48,4,1,9
2023421361814,2023,421361814,2,1,1,1,23,5,3,0,0,0,0,0,19,4,E01015948,3,1,0.0,1.0,-1,6,30,1,4,1,05:39,2,2,19
2023061389124,2023,061389124,1,1,2,2,51,8,3,0,0,1,0,0,9,4,E01005897,3,1,0.0,1.0,-1,3,30,1,4,2,22:15,6,2,9
2023361322138,2023,361322138,1,1,1,1,22,5,3,0,0,0,0,0,9,4,E01026656,3,1,0.0,1.0,-1,6,60,1,1,1,21:00,6,1,9
2023461305110,2023,461305110,2,1,1,1,18,4,3,0,0,0,0,0,9,7,E01024267,3,1,0.0,1.0,-1,6,30,1,1,1,16:45,3,2,9
2023991295556,2023,991295556,1,1,1,2,74,10,2,0,0,0,0,0,9,7,-1,6,1,1.0,0.0,-1,6,20,1,1,1,16:00,3,1,9
2023311378799,2023,311378799,2,2,2,2,59,9,3,0,0,1,0,0,9,2,E01013843,3,1,0.0,1.0,-1,6,30,1,1,1,14:30,6,2,9
2023401382824,2023,401382824,1,1,1,2,67,10,2,0,0,0,0,0,9,5,E01015753,7,1,1.0,0.0,-1,6,30,1,1,1,14:00,6,2,9
2023010428383,2023,010428383,1,1,2,2,75,10,3,0,0,0,2,0,11,4,E01001497,-1,0,0.0,1.0,-1,3,20,1,1,1,12:34,3,1,11
2023010451720,2023,010451720,1,1,1,1,32,6,3,0,0,0,0,0,1,2,E01002735,-1,0,0.0,1.0,-1,2,20,1,1,1,08:25,3,2,1
2023010425527,2023,010425527,1,1,1,1,39,7,3,0,0,0,0,0,3,3,E01001154,-1,0,0.0,1.0,-1,6,30,1,4,1,17:05,4,2,3
2023991313925,2023,991313925,2,1,1,1,39,7,3,0,0,0,0,0,5,1,-1,3,1,0.0,1.0,-1,6,30,4,1,1,18:30,4,2,5
2023010463043,2023,010463043,1,1,2,2,69,10,3,0,0,0,4,0,11,4,E01003249,-1,0,0.0,1.0,-1,6,20,9,5,1,19:48,3,1,11
2023052300933,2023,052300933,2,1,1,1,25,5,2,0,0,0,0,0,9,5,E01006983,-1,0,1.0,0.0,-1,3,40,1,1,1,18:45,1,2,9
2023411393998,2023,411393998,2,2,1,2,59,9,3,0,0,0,0,0,9,7,E01023519,3,1,0.0,1.0,-1,3,70,1,6,1,16:15,2,3,9
2023332301223,2023,332301223,2,1,1,1,88,11,3,0,0,0,0,0,9,8,E01025775,-1,0,0.04537,0.95463,-1,6,40,1,1,2,14:00,1,2,9
2023471383095,2023,471383095,2,2,2,2,26,6,3,0,0,0,4,0,11,6,E01003157,3,1,0.0,1.0,-1,6,40,2,6,2,15:48,3,1,11
2023440278678,2023,440278678,1,1,1,2,50,8,3,0,0,0,0,0,17,6,E01023236,-1,0,0.18943,0.81057,-1,6,60,1,1,1,17:00,3,2,17
2023052302223,2023,052302223,1,1,1,2,51,8,3,0,0,0,0,0,9,4,E01033762,-1,0,0.02186,0.97814,-1,3,30,2,1,2,13:06,3,2,9
2023201453357,2023,201453357,1,1,1,1,37,7,3,0,0,0,0,0,9,3,E01027082,3,1,0.0,1.0,-1,6,30,2,4,2,00:21,4,2,9
2023461390845,2023,461390845,1,3,1,1,18,4,3,0,0,0,0,0,9,5,E01024640,3,1,0.0,1.0,-1,6,60,2,6,2,23:46,4,1,9
2023010464535,2023,010464535,1,1,1,1,24,5,3,0,0,0,0,0,9,1,E01004312,-1,0,0.0,1.0,-1,9,30,1,5,1,19:58,4,2,9
2023131289340,2023,131289340,2,2,2,1,51,8,3,0,0,1,0,0,9,8,E01011825,3,1,0.0,1.0,-1,6,30,1,7,1,19:27,3,2,9
2023201313158,2023,201313158,1,3,2,1,26,6,3,0,0,1,0,0,9,1,E01008913,3,1,0.0,1.0,-1,6,30,1,4,1,04:17,7,3,9
2023421288741,2023,421288741,1,1,1,1,63,9,3,0,0,0,0,0,19,9,E01015939,3,1,0.0,1.0,-1,3,70,1,1,1,12:08,2,2,19
2023552300275,2023,552300275,1,2,2,2,47,8,2,0,0,0,0,0,5,-1,-1,-1,0,1.0,0.0,-1,6,60,1,1,2,15:33,1,1,5
2023461296708,2023,461296708,1,3,2,2,16,4,2,0,0,-1,0,0,9,8,E01024762,7,1,1.0,0.0,-1,6,60,2,6,2,20:18,5,2,9
2023631347578,2023,631347578,2,1,1,1,74,10,3,0,0,0,0,0,9,8,W01000465,3,1,0.0,1.0,-1,6,60,1,1,1,15:00,6,2,9
2023101392378,2023,101392378,1,1,3,1,57,9,3,9,9,0,0,0,0,10,E01020603,3,1,0.0,1.0,-1,6,30,1,4,1,10:00,7,1,9
2023471367919,2023,471367919,1,1,3,2,-1,-1,2,5,1,0,0,0,0,-1,-1,7,1,1.0,0.0,-1,6,30,2,1,2,15:27,4,1,9
2023631317914,2023,631317914,2,1,1,1,57,9,3,0,0,0,0,0,4,7,E01028915,3,1,0.0,1.0,-1,6,30,1,1,1,12:05,2,2,4
2023320282004,2023,320282004,2,1,1,2,53,8,3,0,0,0,0,0,9,6,E01026399,-1,0,0.01828,0.98172,-1,6,40,1,1,2,08:00,4,2,9
2023411342988,2023,411342988,2,4,2,2,25,5,2,0,0,-1,0,0,9,5,E01023930,6,1,1.0,0.0,-1,6,60,2,4,2,21:20,7,2,9
2023201400879,2023,201400879,1,1,3,2,66,10,3,6,9,0,0,0,0,3,E01008977,3,1,0.0,1.0,-1,2,30,1,1,1,11:10,5,1,9
2023451375018,2023,451375018,1,1,1,2,33,6,2,0,0,0,0,0,9,8,E01030529,7,1,1.0,0.0,-1,6,30,1,1,1,15:05,2,2,9
2023471347169,2023,471347169,1,1,1,2,43,7,3,0,0,0,0,0,9,6,E01022911,3,1,0.0,1.0,-1,6,50,2,1,2,09:00,5,2,9
2023010482120,2023,010482120,1,1,3,2,60,9,2,5,1,0,0,0,0,5,E01001685,-1,0,1.0,0.0,-1,6,20,1,1,2,14:00,3,1,19
2023010482794,2023,010482794,1,1,3,2,59,9,2,5,2,0,0,0,0,2,E01003499,-1,0,1.0,0.0,-1,6,30,1,1,1,08:40,6,1,9
2023041352571,2023,041352571,1,1,3,1,11,3,3,8,4,0,0,0,0,1,E01025260,3,1,0.0,1.0,-1,6,30,1,1,1,15:21,5,1,9
2023031294692,2023,031294692,2,2,1,1,16,4,3,0,0,0,0,0,2,2,E01019173,3,1,0.0,1.0,-1,6,30,1,1,1,19:00,6,2,2
2023531375511,2023,531375511,1,1,1,1,62,9,3,0,0,0,0,0,5,8,E01022462,3,1,0.0,1.0,-1,3,70,1,6,2,22:50,5,2,5
2023041329840,2023,041329840,2,1,1,1,68,10,3,0,0,0,0,0,9,1,E01025224,3,1,0.0,1.0,-1,6,30,5,5,2,03:20,1,2,9
2023320420108,2023,320420108,1,3,2,1,22,5,3,0,0,1,0,0,9,7,E01026228,-1,0,0.12224,0.87776,-1,6,60,1,6,1,22:00,6,1,9
2023320430711,2023,320430711,1,1,1,2,25,5,2,0,0,0,0,0,9,4,E01026019,-1,0,1.0,0.0,-1,6,40,1,1,1,18:00,4,2,9
2023451331327,2023,451331327,1,1,1,2,25,5,3,0,0,0,0,0,9,9,E01017061,3,1,0.0,1.0,-1,3,50,1,1,1,07:30,5,3,9
2023010421936,2023,010421936,1,1,2,1,86,11,3,0,0,0,3,0,11,3,E01001728,-1,0,0.0,1.0,-1,6,20,1,1,1,14:33,3,1,11
2023010440594,2023,010440594,1,1,1,2,49,8,3,0,0,0,0,0,9,6,E01001295,-1,0,0.0,1.0,-1,6,20,1,4,1,21:05,2,1,9
2023010441544,2023,010441544,1,4,2,-1,17,4,3,0,0,2,0,0,9,4,E01002621,-1,0,0.0,1.0,-1,7,20,1,4,2,08:44,6,2,9
2023010462146,2023,010462146,1,1,1,2,26,6,3,0,0,0,0,0,9,-1,-1,-1,0,0.0,1.0,-1,6,20,8,1,1,14:06,4,2,9
2023161340830,2023,161340830,1,1,1,1,31,6,3,0,0,0,0,0,9,2,E01013240,3,1,0.0,1.0,-1,6,30,1,1,1,20:00,6,2,9
2023161367303,2023,161367303,1,1,1,1,60,9,3,0,0,0,0,0,9,6,E01012771,3,1,0.0,1.0,-1,6,30,2,1,2,11:10,5,2,9
2023221375039,2023,221375039,2,1,1,1,38,7,3,0,0,0,0,0,9,3,E01032187,3,1,0.0,1.0,-1,6,30,2,4,2,19:50,2,2,9
2023320353344,2023,320353344,1,1,2,1,18,4,3,0,0,1,0,0,9,5,E01018195,-1,0,0.05316,0.94684,-1,6,60,1,1,1,17:25,6,2,9
2023461352168,2023,461352168,2,1,1,2,42,7,3,0,0,0,0,0,9,7,E01024719,3,1,0.0,1.0,-1,6,60,1,1,1,12:30,7,2,9
2023332300154,2023,332300154,1,1,1,2,24,5,3,0,0,0,0,0,1,2,E01013687,-1,0,0.06637,0.93363,-1,6,50,1,4,1,18:00,7,2,1
2023010428842,2023,010428842,1,1,3,2,68,10,3,8,1,0,0,0,0,6,E01000566,-1,0,0.0,1.0,-1,6,30,1,1,1,15:42,5,1,9
2023010448685,2023,010448685,2,1,1,2,27,6,3,0,0,0,0,0,1,3,E01004202,-1,0,0.0,1.0,-1,6,20,1,1,1,07:03,3,2,1
2023010455497,2023,010455497,1,1,1,2,31,6,3,0,0,0,0,0,1,4,E01002696,-1,0,0.0,1.0,-1,6,20,1,1,1,16:30,1,2,1
2023010483131,2023,010483131,1,2,2,-1,-1,-1,3,0,0,1,0,0,9,2,E01003729,-1,0,0.0,1.0,-1,6,20,2,4,2,06:30,7,2,9
2023622300773,2023,622300773,1,1,1,2,23,5,3,0,0,0,0,0,9,5,W01001033,-1,0,0.02213,0.97787,-1,6,30,1,1,1,12:11,7,2,9
2023440229363,2023,440229363,1,1,1,1,20,4,3,0,0,0,0,0,3,1,E01017336,-1,0,0.21617,0.78383,-1,6,30,1,4,1,23:36,6,2,3
2023471330213,2023,471330213,1,1,1,1,20,4,3,0,0,0,0,0,3,3,E01031444,3,1,0.0,1.0,-1,6,40,1,1,1,13:05,2,2,3
2023501308311,2023,501308311,2,4,2,2,6,2,3,0,0,0,0,0,19,6,E01019061,3,1,0.0,1.0,-1,3,70,1,1,1,08:37,7,2,19
2023461380594,2023,461380594,1,1,3,1,10,2,3,5,3,0,0,2,0,9,E01024708,3,1,0.0,1.0,-1,6,30,8,1,1,15:08,4,1,9
2023010450964,2023,010450964,1,1,1,1,37,7,3,0,0,0,0,0,3,2,E01003501,-1,0,0.0,1.0,-1,6,30,8,1,1,11:35,5,2,3
2023010465082,2023,010465082,1,1,1,1,23,5,3,0,0,0,0,0,3,8,E01004623,-1,0,0.0,1.0,-1,9,30,1,1,1,17:30,5,2,3
2023141299531,2023,141299531,1,1,1,2,26,6,3,0,0,0,0,0,9,3,E01007635,3,1,0.0,1.0,-1,6,60,1,1,1,17:29,6,2,9
2023201298814,2023,201298814,2,1,1,1,25,5,3,0,0,0,0,0,9,1,E01009133,3,1,0.0,1.0,-1,6,30,1,1,1,12:38,7,2,9
2023411411681,2023,411411681,2,2,1,1,58,9,3,0,0,0,0,0,9,5,E01023780,3,1,0.0,1.0,-1,6,30,1,4,1,20:25,2,2,9
2023421268567,2023,421268567,1,1,1,1,30,6,3,0,0,0,0,0,19,6,E01021678,3,1,0.0,1.0,-1,6,60,1,6,2,17:13,5,2,19
2023421263103,2023,421263103,1,1,3,1,78,11,2,1,1,0,0,0,0,4,E01021868,7,1,1.0,0.0,-1,6,30,1,4,1,16:55,6,1,9
2023010462935,2023,010462935,1,1,1,1,36,7,3,0,0,0,0,0,3,1,E01000595,-1,0,0.0,1.0,-1,6,20,9,1,9,17:00,5,2,3
2023131290149,2023,131290149,2,1,1,2,23,5,3,0,0,0,0,0,9,6,E01027560,3,1,0.0,1.0,-1,6,30,1,1,1,18:17,5,2,9
2023201364263,2023,201364263,1,2,2,1,30,6,2,0,0,-1,0,0,9,2,E01009090,5,1,1.0,0.0,-1,3,40,1,1,1,13:33,1,1,9
2023201416445,2023,201416445,2,3,2,1,27,6,3,0,0,2,0,0,9,-1,-1,3,1,0.0,1.0,-1,3,30,1,4,2,00:40,1,2,9
2023461362024,2023,461362024,1,1,1,1,49,8,3,0,0,0,0,0,19,4,E01024373,3,1,0.0,1.0,-1,6,30,2,4,2,04:35,4,1,19
2023501384152,2023,501384152,1,1,1,1,16,4,3,0,0,0,0,0,2,9,E01015199,3,1,0.0,1.0,-1,6,30,1,1,2,14:30,1,2,2
2023010449567,2023,010449567,2,1,1,1,29,6,3,0,0,0,0,0,3,3,E01002610,-1,0,0.0,1.0,-1,6,20,1,4,1,21:40,6,3,3
2023101387016,2023,101387016,1,1,1,2,68,10,3,0,0,0,0,0,9,1,E01008388,3,1,0.0,1.0,-1,6,60,8,6,4,23:58,2,1,9
2023131293292,2023,131293292,4,1,2,2,28,6,3,0,0,1,0,0,9,3,E01004012,3,1,0.0,1.0,-1,6,30,1,4,1,19:02,7,4,9
2023211271766,2023,211271766,2,2,1,1,23,5,3,0,0,0,0,0,9,-1,-1,3,1,0.0,1.0,-1,6,40,1,4,1,06:20,6,2,9
2023111287603,2023,111287603,2,2,2,1,3,1,3,0,0,2,0,0,9,-1,-1,3,1,0.0,1.0,-1,6,30,1,4,1,18:10,5,2,9
2023161362845,2023,161362845,2,1,1,2,23,5,2,0,0,0,0,0,9,1,E01033109,7,1,1.0,0.0,-1,6,20,1,1,1,17:21,2,2,9
2023430424990,2023,430424990,1,2,2,2,45,7,3,0,0,1,0,0,9,3,E01028452,-1,0,0.14807,0.85193,-1,6,60,7,6,2,21:36,5,1,9
2023461358609,2023,461358609,3,2,1,1,38,7,3,0,0,0,0,0,9,9,E01024074,3,1,0.0,1.0,-1,3,60,1,1,1,07:12,1,3,9
2023471305693,2023,471305693,2,2,1,2,25,5,3,0,0,0,0,0,9,6,E01031643,3,1,0.0,1.0,-1,3,50,1,1,1,15:37,4,2,9
2023052300940,2023,052300940,2,1,1,1,30,6,3,0,0,0,0,0,9,1,E01006659,-1,0,0.01985,0.98015,-1,2,20,1,1,1,14:20,5,1,9
2023320673821,2023,320673821,2,1,2,2,3,1,3,0,0,2,0,0,9,10,E01026198,-1,0,0.08083,0.91917,-1,6,60,2,6,2,17:20,2,2,9
2023340NN0952,2023,340NN0952,2,1,1,2,60,9,3,0,0,0,0,0,9,6,E01027326,-1,0,0.1385,0.8615,-1,6,60,1,1,1,13:50,4,3,9
2023991292843,2023,991292843,1,1,2,1,10,2,3,0,0,1,0,0,9,8,-1,3,1,0.0,1.0,-1,6,60,1,1,1,18:00,7,1,9
2023531306356,2023,531306356,2,1,1,1,21,5,3,0,0,0,0,0,-1,9,E01022137,3,1,0.0,1.0,-1,1,30,1,1,1,17:05,5,2,-1
2023010457974,2023,010457974,1,1,3,1,30,6,3,9,7,0,0,0,0,1,E01000061,-1,0,0.0,1.0,-1,3,30,1,1,1,09:33,1,1,9
2023010421558,2023,010421558,2,1,1,1,-1,-1,3,0,0,0,0,0,1,-1,-1,-1,0,0.0,1.0,-1,6,20,1,4,1,16:30,1,3,1