collision_index,collision_year,collision_ref_no,vehicle_reference,casualty_reference,casualty_class,sex_of_casualty,age_of_casualty,age_band_of_casualty,casualty_severity,pedestrian_location,pedestrian_movement,car_passenger,bus_or_coach_passenger,pedestrian_road_maintenance_worker,casualty_type,casualty_imd_decile,lsoa_of_casualty,enhanced_casualty_severity,casualty_injury_based,casualty_adjusted_severity_serious,casualty_adjusted_severity_slight,casualty_distance_banding,road_type,speed_limit,weather_conditions,light_conditions,road_surface_conditions,time,day_of_week,number_of_vehicles,vehicle_type
2023010461388,2023,010461388,1,1,1,1,36,7,3,0,0,0,0,0,3,5,E01003772,-1,0,0.0,1.0,-1,1,30,1,1,1,13:26,7,2,3
2023052302778,2023,052302778,2,1,1,1,50,8,3,0,0,0,0,0,9,-1,-1,-1,0,0.02712,0.97288,-1,3,70,1,1,2,14:10,6,2,9
2023522300495,2023,522300495,2,2,2,2,21,5,3,0,0,2,0,0,9,7,E01029085,-1,0,0.00761,0.99239,-1,6,40,1,1,2,15:14,3,2,9
2023501314893,2023,501314893,2,1,1,1,66,10,3,0,0,0,0,0,1,8,E01020089,3,1,0.0,1.0,-1,6,30,1,1,1,15:50,2,2,1
2023010444062,2023,010444062,1,1,1,2,32,6,3,0,0,0,0,0,3,7,E01001411,-1,0,0.0,1.0,-1,6,20,1,1,1,14:30,6,2,3
2023161297435,2023,161297435,1,1,1,2,34,6,3,0,0,0,0,0,9,1,E01012894,3,1,0.0,1.0,-1,6,30,1,1,1,08:15,4,2,9
2023010449136,2023,010449136,1,1,3,1,34,6,3,10,9,0,0,0,0,3,E01000010,-1,0,0.0,1.0,-1,3,30,1,4,1,21:50,4,1,9
2023010483099,2023,010483099,1,2,2,2,32,6,3,0,0,2,0,0,9,2,E01000739,-1,0,0.0,1.0,-1,3,50,4,4,1,22:30,7,2,9
2023131299148,2023,131299148,2,1,1,1,23,5,3,0,0,0,0,0,9,5,E01010729,3,1,0.0,1.0,-1,6,30,1,4,1,00:48,6,2,9
2023221349760,2023,221349760,4,2,1,1,40,7,3,0,0,0,0,0,9,6,E01032188,3,1,0.0,1.0,-1,6,50,1,1,1,18:00,4,4,9
2023101276097,2023,101276097,1,2,2,1,89,11,3,0,0,0,2,0,11,-1,-1,3,1,0.0,1.0,-1,6,30,1,1,1,13:12,2,1,11
2023371358911,2023,371358911,2,2,1,1,69,10,3,0,0,0,0,0,19,9,E01026554,3,1,0.0,1.0,-1,6,30,1,1,1,11:20,6,2,19
2023361317911,2023,361317911,1,1,1,1,27,6,3,0,0,0,0,0,23,2,E01026425,3,1,0.0,1.0,-1,6,30,1,1,2,19:00,1,2,23
2023361292617,2023,361292617,1,1,3,1,18,4,3,1,1,0,0,0,0,1,E01026830,3,1,0.0,1.0,-1,2,20,2,4,2,20:55,6,1,9
2023010421824,2023,010421824,2,1,1,1,50,8,2,0,0,0,0,0,1,7,E01002573,-1,0,1.0,0.0,-1,1,20,1,1,1,08:45,3,2,1
2023131389346,2023,131389346,2,1,1,1,43,7,3,0,0,0,0,0,9,6,E01010634,3,1,0.0,1.0,-1,6,30,1,4,1,22:50,6,2,9
2023201398615,2023,201398615,1,2,2,2,66,10,3,0,0,1,0,0,9,1,E01033650,3,1,0.0,1.0,-1,6,20,1,1,1,14:58,5,2,9
2023552300371,2023,552300371,2,1,1,1,63,9,3,0,0,0,0,0,9,6,E01020452,-1,0,0.06604,0.93396,-1,6,60,5,1,2,12:34,4,2,9
2023302301564,2023,302301564,1,1,1,1,26,6,3,0,0,0,0,0,5,7,E01013529,-1,0,0.21602,0.78398,-1,6,50,1,1,1,16:50,5,2,5
2023501301775,2023,501301775,2,1,1,2,59,9,3,0,0,0,0,0,9,3,E01015167,3,1,0.0,1.0,-1,3,30,2,1,2,19:17,5,3,9
2023421383419,2023,421383419,1,1,3,2,79,11,3,6,9,0,0,0,0,5,E01021493,3,1,0.0,1.0,-1,6,30,8,1,4,09:11,4,1,9
2023440362008,2023,440362008,1,1,3,1,34,6,3,6,9,0,0,0,0,2,E01017340,-1,0,0.06593,0.93407,-1,2,30,1,1,1,18:05,1,1,9
2023061305333,2023,061305333,1,1,1,1,-1,-1,3,0,0,0,0,0,9,4,E01005214,3,1,0.0,1.0,-1,3,40,1,1,1,23:00,5,2,9
2023061373525,2023,061373525,2,1,1,2,18,4,3,0,0,0,0,0,9,4,E01028252,3,1,0.0,1.0,-1,3,50,1,1,1,11:10,7,4,9
2023302301038,2023,302301038,1,1,1,2,33,6,3,0,0,0,0,0,9,2,E01007548,-1,0,0.07456,0.92544,-1,6,50,1,1,1,10:55,6,4,9
2023440444485,2023,440444485,2,1,1,1,55,8,3,0,0,0,0,0,9,5,E01022567,-1,0,0.08308,0.91692,-1,3,70,1,6,1,19:46,2,2,9
2023461383763,2023,461383763,2,1,1,2,22,5,3,0,0,0,0,0,9,3,E01024713,3,1,0.0,1.0,-1,6,30,1,1,1,11:15,4,2,9
2023440250526,2023,440250526,1,1,1,1,25,5,3,0,0,0,0,0,-1,8,E01022650,-1,0,0.16049,0.83951,-1,6,30,1,1,1,16:35,6,1,-1
2023010461737,2023,010461737,1,1,3,2,21,5,3,5,3,0,0,0,0,3,E01002052,-1,0,0.0,1.0,-1,6,20,1,1,1,13:54,2,1,9
2023010469842,2023,010469842,1,1,3,2,8,2,3,1,1,0,0,0,0,4,E01001007,-1,0,0.0,1.0,-1,6,30,1,1,1,08:37,4,1,9
2023010471041,2023,010471041,1,1,3,1,40,7,3,10,9,0,0,0,0,3,E01000109,-1,0,0.0,1.0,-1,6,30,1,1,1,13:50,2,3,19
2023131292777,2023,131292777,1,1,1,-1,22,5,3,0,0,0,0,0,9,4,E01010669,3,1,0.0,1.0,-1,6,30,1,1,1,14:01,7,2,9
2023221370595,2023,221370595,2,2,2,1,34,6,3,0,0,1,0,0,9,2,E01028967,3,1,0.0,1.0,-1,6,60,1,6,2,21:36,4,2,9
2023320419549,2023,320419549,3,3,2,2,43,7,3,0,0,2,0,0,9,1,E01009964,-1,0,0.07064,0.92936,-1,6,60,1,1,1,17:20,6,3,9
2023320513555,2023,320513555,2,1,1,1,98,11,3,0,0,0,0,0,9,6,E01026260,-1,0,0.1296,0.8704,-1,6,50,1,1,1,12:00,6,2,9
2023520300610,2023,520300610,2,49,2,1,30,6,2,0,0,0,4,0,11,5,E01029094,-1,0,1.0,0.0,-1,6,40,1,6,4,06:00,3,3,11
2023401374316,2023,401374316,1,2,3,2,26,6,3,5,4,0,0,0,0,7,E01015800,3,1,0.0,1.0,-1,6,30,1,1,2,12:30,5,1,9
2023471364024,2023,471364024,3,1,1,1,79,11,3,0,0,0,0,0,9,8,E01020931,3,1,0.0,1.0,-1,6,40,1,1,1,15:16,1,3,9
202360A171466,2023,60A171466,1,1,1,1,77,11,3,0,0,0,0,0,9,-1,-1,-1,0,0.10784,0.89216,-1,6,20,1,1,1,15:38,5,2,9
2023010480443,2023,010480443,1,1,2,2,71,10,3,0,0,0,3,0,11,3,E01002598,-1,0,0.0,1.0,-1,6,30,2,1,2,13:05,2,1,11
2023451325116,2023,451325116,1,3,2,2,7,2,3,0,0,2,0,0,9,10,E01030764,3,1,0.0,1.0,-1,6,40,1,1,1,15:50,1,2,9
2023501321030,2023,501321030,1,1,1,1,26,6,3,0,0,0,0,0,9,5,E01020296,3,1,0.0,1.0,-1,6,60,1,1,1,09:50,3,2,9
2023991299183,2023,991299183,2,2,1,2,43,7,2,0,0,0,0,0,9,-1,-1,7,1,1.0,0.0,-1,6,30,1,1,1,13:45,1,2,9
2023170M11043,2023,170M11043,1,1,3,2,58,9,2,9,9,0,0,0,0,1,E01012021,-1,0,1.0,0.0,-1,6,30,1,1,1,15:05,3,1,9
2023201463307,2023,201463307,1,1,1,1,45,7,3,0,0,0,0,0,1,1,E01010410,3,1,0.0,1.0,-1,6,30,8,1,4,13:04,7,2,1
2023010424461,2023,010424461,1,1,1,1,30,6,3,0,0,0,0,0,3,4,E01003494,-1,0,0.0,1.0,-1,2,30,1,4,1,01:22,2,2,3
2023010442653,2023,010442653,1,1,1,2,38,7,3,0,0,0,0,0,9,8,E01002318,-1,0,0.0,1.0,-1,9,30,9,1,9,19:20,6,2,9
2023131262302,2023,131262302,1,3,1,1,17,4,3,0,0,0,0,0,9,10,E01011380,3,1,0.0,1.0,-1,6,40,1,1,1,11:30,2,2,9
2023531283757,2023,531283757,1,1,1,1,62,9,3,0,0,0,0,0,9,9,E01022276,3,1,0.0,1.0,-1,6,30,1,1,2,15:30,2,1,9
2023631341626,2023,631341626,1,3,2,2,17,4,3,0,0,1,0,0,9,2,E01013852,3,1,0.0,1.0,-1,6,60,1,1,2,17:00,2,2,9
2023351316260,2023,351316260,2,2,1,2,41,7,3,0,0,0,0,0,9,8,E01026714,3,1,0.0,1.0,-1,6,40,1,1,-1,08:35,3,2,9
2023451273536,2023,451273536,1,1,1,2,31,6,3,0,0,0,0,0,9,9,E01030477,3,1,0.0,1.0,-1,6,40,2,1,1,11:30,3,2,9
2023311344893,2023,311344893,1,1,1,2,39,7,3,0,0,0,0,0,9,1,E01013861,3,1,0.0,1.0,-1,1,30,1,1,1,18:24,1,2,9
2023371297219,2023,371297219,1,1,1,2,29,6,3,0,0,0,0,0,9,7,E01021606,3,1,0.0,1.0,-1,6,30,1,6,1,02:35,2,1,9
2023552300140,2023,552300140,1,1,1,2,40,7,3,0,0,0,0,0,9,7,E01020360,-1,0,0.02682,0.97318,-1,6,60,1,1,4,09:11,5,2,9
2023031377259,2023,031377259,1,1,3,1,13,3,2,8,1,0,0,0,0,-1,-1,7,1,1.0,0.0,-1,6,30,1,1,1,15:52,3,1,9
2023201400639,2023,201400639,2,1,1,1,35,6,2,0,0,0,0,0,1,-1,-1,7,1,1.0,0.0,-1,6,30,1,1,1,12:00,6,2,1
2023351270466,2023,351270466,2,1,1,1,39,7,3,0,0,0,0,0,3,6,E01017973,3,1,0.0,1.0,-1,6,30,1,1,-1,08:30,2,2,3
2023010476829,2023,010476829,3,1,1,2,32,6,3,0,0,0,0,0,9,6,E01001070,-1,0,0.0,1.0,-1,6,30,1,1,1,09:40,5,3,9
2023041304142,2023,041304142,2,2,1,1,22,5,2,0,0,0,0,0,9,8,E01032485,7,1,1.0,0.0,-1,6,60,5,1,2,20:07,5,2,9
2023131334381,2023,131334381,1,1,1,1,38,7,3,0,0,0,0,0,9,9,W01000179,3,1,0.0,1.0,-1,3,70,1,1,1,11:28,6,2,9
2023531304794,2023,531304794,1,2,2,1,17,4,2,0,0,1,0,0,9,8,E01022423,7,1,1.0,0.0,-1,6,50,1,4,1,22:55,7,2,9
2023041360254,2023,041360254,2,1,1,1,20,4,2,0,0,0,0,0,97,1,E01012686,7,1,1.0,0.0,-1,6,20,2,1,2,11:56,6,2,97
2023010440484,2023,010440484,1,1,1,1,49,8,3,0,0,0,0,0,9,2,E01002561,-1,0,0.0,1.0,-1,2,20,2,1,2,11:13,2,2,9
2023010460454,2023,010460454,3,4,2,2,53,8,3,0,0,1,0,0,9,6,E01000581,-1,0,0.0,1.0,-1,3,20,1,1,1,16:15,1,4,9
2023302301537,2023,302301537,1,1,1,2,20,4,2,0,0,0,0,0,9,9,E01023352,-1,0,1.0,0.0,-1,6,60,1,6,1,06:03,7,1,9
2023061362437,2023,061362437,1,1,3,2,16,4,3,9,5,0,0,0,0,2,E01005027,3,1,0.0,1.0,-1,6,20,1,4,1,21:30,7,1,9
2023991392121,2023,991392121,1,1,3,1,11,3,2,5,1,0,0,0,0,6,-1,7,1,1.0,0.0,-1,6,30,2,7,2,17:11,2,1,9
2023010480005,2023,010480005,2,1,1,2,46,8,3,0,0,0,0,0,1,5,E01004486,-1,0,0.0,1.0,-1,6,20,1,4,1,18:10,6,2,1
2023361321445,2023,361321445,1,1,1,1,18,4,3,0,0,0,0,0,3,1,E01026826,3,1,0.0,1.0,-1,6,30,1,1,1,07:20,2,2,3
2023010444242,2023,010444242,3,1,2,2,16,4,3,0,0,2,0,0,9,3,E01003688,-1,0,0.0,1.0,-1,6,50,1,1,1,19:22,7,7,9
2023122400137,2023,122400137,2,1,2,2,54,8,3,0,0,1,0,0,9,8,E01013338,-1,0,0.01546,0.98454,-1,6,60,1,1,2,09:53,5,2,9
2023131369927,2023,131369927,2,2,1,2,32,6,3,0,0,0,0,0,9,-1,-1,3,1,0.0,1.0,-1,3,40,2,5,2,10:01,5,2,9
2023451287767,2023,451287767,1,1,1,2,47,8,3,0,0,0,0,0,9,6,E01030631,3,1,0.0,1.0,-1,6,30,1,1,1,16:10,5,2,9
2023501265428,2023,501265428,2,1,1,2,19,4,3,0,0,0,0,0,9,4,E01018759,3,1,0.0,1.0,-1,6,60,1,1,2,08:50,5,2,9
2023201278242,2023,201278242,1,1,1,1,36,7,3,0,0,0,0,0,9,1,E01008906,3,1,0.0,1.0,-1,6,20,1,1,1,08:28,4,2,9
2023461326143,2023,461326143,2,1,1,1,23,5,3,0,0,0,0,0,9,6,E01024034,3,1,0.0,1.0,-1,6,60,1,1,1,11:03,7,2,9
2023010455377,2023,010455377,1,1,1,2,40,7,1,0,0,0,0,0,9,-1,-1,-1,0,0.0,0.0,-1,6,50,1,1,1,15:53,7,1,9
2023031353610,2023,031353610,1,1,1,1,50,8,3,0,0,0,0,0,9,5,E01019188,3,1,0.0,1.0,-1,6,30,1,1,1,14:33,1,2,9
2023161263369,2023,161263369,1,1,1,1,21,5,3,0,0,0,0,0,9,1,E01013299,3,1,0.0,1.0,-1,6,30,1,1,1,14:47,7,2,9
2023161337845,2023,161337845,1,1,1,1,78,11,3,0,0,0,0,0,9,5,E01013107,3,1,0.0,1.0,-1,6,30,1,1,1,12:28,5,2,9
2023411343194,2023,411343194,2,2,2,1,64,9,3,0,0,2,0,0,9,10,W01001734,3,1,0.0,1.0,-1,3,70,2,1,2,20:31,1,2,9
2023340NN4112,2023,340NN4112,1,1,3,1,16,4,3,1,3,0,0,0,0,-1,-1,-1,0,0.16433,0.83567,-1,6,30,1,1,2,08:45,6,1,9
2023461384005,2023,461384005,1,1,3,1,23,5,2,4,3,0,0,0,0,8,E01024024,6,1,1.0,0.0,-1,6,30,8,4,1,18:30,7,1,9
2023461268026,2023,461268026,1,1,1,1,62,9,3,0,0,0,0,0,1,6,E01024568,3,1,0.0,1.0,-1,6,30,1,1,2,13:57,7,1,1
2023031347802,2023,031347802,1,1,1,1,20,4,3,0,0,0,0,0,9,8,E01019365,3,1,0.0,1.0,-1,6,40,1,1,1,02:34,7,1,9
2023451294933,2023,451294933,1,1,1,2,30,6,3,0,0,0,0,0,9,6,E01031637,3,1,0.0,1.0,-1,6,30,8,1,2,19:00,5,3,9
2023010433839,2023,010433839,1,1,3,1,91,11,2,5,1,0,0,0,0,7,E01000986,-1,0,1.0,0.0,-1,6,30,2,4,2,19:45,5,1,9
2023010437756,2023,010437756,1,2,3,2,61,9,2,4,1,0,0,0,0,-1,-1,-1,0,1.0,0.0,-1,6,20,1,1,1,18:01,1,1,1
2023201290849,2023,201290849,1,1,3,1,-1,-1,3,8,6,0,0,1,0,2,E01009163,3,1,0.0,1.0,-1,6,30,1,4,1,21:00,5,1,9
2023302301994,2023,302301994,2,1,1,1,48,8,3,0,0,0,0,0,8,10,E01029454,-1,0,0.05158,0.94842,-1,6,30,1,5,1,19:58,2,2,8
2023031391180,2023,031391180,2,2,1,2,23,5,3,0,0,0,0,0,9,-1,-1,3,1,0.0,1.0,-1,6,60,5,7,2,16:50,5,3,9
2023461272807,2023,461272807,1,1,1,2,19,4,3,0,0,0,0,0,9,3,E01024641,3,1,0.0,1.0,-1,3,70,1,1,1,07:43,4,1,9
2023061328026,2023,061328026,1,1,3,2,27,6,3,10,9,0,0,-1,0,1,E01005187,3,1,0.0,1.0,-1,6,30,2,1,2,04:15,4,1,9
2023111384063,2023,111384063,1,1,3,1,38,7,3,8,3,0,0,-1,0,-1,-1,3,1,0.0,1.0,-1,6,60,2,6,2,16:37,5,1,9
2023320213888,2023,320213888,1,1,3,1,66,10,3,5,1,0,0,0,0,2,E01007976,-1,0,0.22487,0.77513,-1,6,40,1,4,1,19:35,1,1,9
2023141358216,2023,141358216,1,1,1,1,18,4,3,0,0,0,0,0,3,1,E01007779,3,1,0.0,1.0,-1,1,30,1,7,2,23:15,3,2,3
2023302301118,2023,302301118,2,1,1,1,18,4,3,0,0,0,0,0,3,4,E01019865,-1,0,0.12763,0.87237,-1,6,30,2,1,2,07:28,6,2,3
2023010428323,2023,010428323,1,1,1,2,34,6,3,0,0,0,0,0,5,5,E01000850,-1,0,0.0,1.0,-1,6,20,1,4,1,02:55,3,2,5
2023430179106,2023,430179106,1,1,1,2,29,6,3,0,0,0,0,0,9,10,E01017729,-1,0,0.00459,0.99541,-1,3,70,1,1,1,08:50,3,2,9
2023991264434,2023,991264434,2,2,2,2,73,10,2,0,0,1,0,0,9,5,-1,6,1,1.0,0.0,-1,6,60,1,1,2,14:30,5,5,9
2023131344058,2023,131344058,1,1,3,1,37,7,2,10,3,0,0,2,0,1,E01010800,6,1,1.0,0.0,-1,6,30,2,1,2,19:25,2,1,9
2023010478292,2023,010478292,1,1,1,1,26,6,3,0,0,0,0,0,9,3,E01001318,-1,0,0.0,1.0,-1,6,30,1,4,9,18:20,4,2,9
2023371290815,2023,371290815,1,1,1,1,82,11,2,0,0,0,0,0,9,7,E01029896,6,1,1.0,0.0,-1,6,60,3,1,1,10:30,2,2,9
2023440218486,2023,440218486,1,1,1,1,20,4,3,0,0,0,0,0,9,2,E01022820,-1,0,0.04676,0.95324,-1,6,20,1,1,1,16:21,6,2,9
2023141337983,2023,141337983,2,1,2,2,69,10,3,0,0,0,3,0,11,-1,-1,3,1,0.0,1.0,-1,3,30,1,1,1,17:40,5,2,11
2023010484262,2023,010484262,1,1,1,1,60,9,3,0,0,0,0,0,1,2,E01001753,-1,0,0.0,1.0,-1,6,50,2,1,2,13:00,1,2,1
2023430010947,2023,430010947,2,1,1,1,23,5,3,0,0,0,0,0,1,3,E01028553,-1,0,0.03781,0.96219,-1,6,20,1,1,1,13:30,4,2,1
2023010462830,2023,010462830,1,1,1,1,33,6,3,0,0,0,0,0,8,6,E01003149,-1,0,0.0,1.0,-1,9,30,1,1,1,18:00,2,2,8
2023031339081,2023,031339081,2,2,2,2,54,8,3,0,0,2,0,0,9,3,E01019187,3,1,0.0,1.0,-1,6,60,1,1,1,10:31,2,2,9
2023131324200,2023,131324200,2,2,2,2,6,2,3,0,0,0,0,0,9,1,E01010611,3,1,0.0,1.0,-1,6,30,1,1,1,08:45,5,2,9
2023161307698,2023,161307698,2,2,2,2,7,2,3,0,0,2,0,0,9,1,E01012877,3,1,0.0,1.0,-1,6,30,1,1,1,17:30,2,2,9
2023010426231,2023,010426231,1,1,1,1,32,6,3,0,0,0,0,0,3,9,E01003356,-1,0,0.0,1.0,-1,9,30,9,7,9,19:45,4,2,3
2023430079587,2023,430079587,1,1,1,2,22,5,3,0,0,0,0,0,9,3,E01009584,-1,0,0.00348,0.99652,-1,3,30,1,4,1,20:30,2,2,9
2023010468145,2023,010468145,1,1,1,1,28,6,3,0,0,0,0,0,19,5,E01000516,-1,0,0.0,1.0,-1,6,30,1,1,1,12:40,2,2,19
2023031366863,2023,031366863,1,1,1,1,24,5,3,0,0,0,0,0,19,-1,-1,3,1,0.0,1.0,-1,6,60,1,6,2,03:00,4,1,19
2023101373627,2023,101373627,2,1,1,1,75,10,3,0,0,0,0,0,9,10,E01027357,3,1,0.0,1.0,-1,3,70,1,1,1,11:05,1,3,9
2023501362185,2023,501362185,2,2,2,2,8,2,3,0,0,-1,0,0,9,4,E01018754,3,1,0.0,1.0,-1,6,30,1,1,2,08:23,5,2,9
2023421374062,2023,421374062,1,1,3,1,48,8,3,4,4,0,0,0,0,5,E01021954,3,1,0.0,1.0,-1,2,20,1,1,1,11:48,2,1,9
2023010444026,2023,010444026,2,1,1,2,55,8,2,0,0,0,0,0,1,-1,-1,-1,0,1.0,0.0,-1,6,20,1,1,1,04:40,7,2,1
2023201410833,2023,201410833,1,1,1,-1,74,10,3,0,0,0,0,0,9,1,E01009881,3,1,0.0,1.0,-1,6,30,1,1,1,12:55,6,3,9
2023461373843,2023,461373843,1,1,2,2,5,1,3,0,0,2,0,0,9,1,E01024667,3,1,0.0,1.0,-1,6,30,1,1,2,08:51,2,2,9
2023010453689,2023,010453689,1,1,3,1,75,10,3,4,1,0,0,0,0,2,E01001848,-1,0,0.0,1.0,-1,6,20,1,1,1,09:55,6,1,9
2023622400032,2023,622400032,1,1,3,1,79,11,2,5,3,0,0,0,0,2,W01001138,-1,0,1.0,0.0,-1,6,20,2,7,2,20:04,1,1,2
2023010452982,2023,010452982,1,1,1,2,29,6,3,0,0,0,0,0,9,3,E01001468,-1,0,0.0,1.0,-1,6,30,8,1,1,09:22,2,2,9
2023010478843,2023,010478843,1,1,1,2,29,6,3,0,0,0,0,0,9,1,E01001847,-1,0,0.0,1.0,-1,3,30,2,4,2,22:10,7,2,9
2023122300976,2023,122300976,2,2,1,1,40,7,2,0,0,0,0,0,9,10,E01027855,-1,0,1.0,0.0,-1,6,60,1,6,1,00:55,7,2,9
2023201398559,2023,201398559,1,1,1,1,33,6,3,0,0,0,0,0,9,1,E01009640,3,1,0.0,1.0,-1,6,30,1,4,1,22:36,1,2,9
2023501364544,2023,501364544,2,2,2,2,22,5,3,0,0,2,0,0,9,9,E01031461,3,1,0.0,1.0,-1,6,60,1,1,1,13:15,1,2,9
2023041278665,2023,041278665,2,1,1,2,79,11,3,0,0,0,0,0,9,4,E01025192,3,1,0.0,1.0,-1,6,30,1,1,1,13:55,5,2,9
2023501384940,2023,501384940,1,1,3,2,22,5,3,8,1,0,0,0,0,3,E01019042,3,1,0.0,1.0,-1,1,30,5,4,2,19:00,7,1,9
2023231265917,2023,231265917,2,1,1,1,47,8,3,0,0,0,0,0,1,9,E01028433,3,1,0.0,1.0,-1,6,60,1,1,1,10:33,1,2,1
2023010447255,2023,010447255,2,1,1,1,42,7,3,0,0,0,0,0,3,2,E01000509,-1,0,0.0,1.0,-1,6,20,1,1,1,10:05,3,2,3
2023010451310,2023,010451310,1,1,1,1,39,7,3,0,0,0,0,0,8,3,E01000973,-1,0,0.0,1.0,-1,9,30,1,4,1,23:55,7,2,8
2023201358473,2023,201358473,2,2,1,1,36,7,3,0,0,0,0,0,9,7,E01009693,3,1,0.0,1.0,-1,7,30,2,5,2,08:00,2,2,9
2023411301624,2023,411301624,2,1,1,1,54,8,3,0,0,0,0,0,9,7,E01017642,3,1,0.0,1.0,-1,3,70,1,1,-1,16:30,6,2,9
2023991312291,2023,991312291,2,3,2,1,19,4,3,0,0,1,0,0,9,2,-1,3,1,0.0,1.0,-1,3,50,1,1,1,13:15,6,3,9
2023010454903,2023,010454903,1,2,2,-1,-1,-1,3,0,0,2,0,0,9,-1,-1,-1,0,0.0,1.0,-1,6,20,1,1,1,06:30,5,2,9
2023351308332,2023,351308332,2,2,1,1,33,6,2,0,0,0,0,0,9,1,E01015604,7,1,1.0,0.0,-1,6,40,2,1,2,17:55,3,2,9
2023141271859,2023,141271859,2,1,1,1,45,7,3,0,0,0,0,0,1,-1,-1,3,1,0.0,1.0,-1,6,30,1,1,1,07:31,6,2,1
2023010433922,2023,010433922,2,1,1,1,31,6,3,0,0,0,0,0,3,4,E01004631,-1,0,0.0,1.0,-1,6,20,1,1,1,10:00,6,2,3
2023010453717,2023,010453717,2,1,1,1,52,8,3,0,0,0,0,0,9,3,E01004391,-1,0,0.0,1.0,-1,3,50,1,1,1,08:24,6,2,9
2023141288795,2023,141288795,1,1,1,1,51,8,3,0,0,0,0,0,9,7,E01007604,3,1,0.0,1.0,-1,3,40,2,4,2,22:28,2,2,9
2023461366970,2023,461366970,1,2,2,2,22,5,2,0,0,1,0,0,9,8,E01024762,6,1,1.0,0.0,-1,6,50,1,6,1,22:20,3,1,9
2023421321056,2023,421321056,2,1,1,1,56,9,3,0,0,0,0,0,19,7,E01021439,3,1,0.0,1.0,-1,3,30,1,1,1,11:00,3,2,19
2023010466050,2023,010466050,2,1,1,1,21,5,2,0,0,0,0,0,-1,5,E01000516,-1,0,1.0,0.0,-1,6,30,1,4,1,21:00,5,2,-1
2023440036107,2023,440036107,1,1,3,2,83,11,3,1,1,0,0,0,0,4,E01017327,-1,0,0.2509,0.7491,-1,6,30,1,1,2,11:48,6,1,19
2023991337605,2023,991337605,1,1,3,1,37,7,2,10,1,0,0,2,0,-1,-1,7,1,1.0,0.0,-1,6,60,2,1,2,14:15,4,1,9
2023052301321,2023,052301321,1,2,1,2,-1,-1,3,0,0,0,0,0,9,-1,-1,-1,0,0.03433,0.96567,-1,3,30,1,1,1,08:05,3,2,9
2023070470665,2023,070470665,2,1,2,2,9,2,3,0,0,1,0,0,9,8,E01018707,-1,0,0.0235,0.9765,-1,6,50,1,1,1,17:10,5,2,9
2023201418576,2023,201418576,2,1,1,2,24,5,3,0,0,0,0,0,9,1,E01010453,3,1,0.0,1.0,-1,3,40,2,4,2,19:40,4,2,9
2023371306308,2023,371306308,1,1,1,2,50,8,3,0,0,0,0,0,9,9,E01030196,3,1,0.0,1.0,-1,3,70,2,1,2,14:35,5,2,9
2023010419594,2023,010419594,1,1,1,1,39,7,3,0,0,0,0,0,1,2,E01003582,-1,0,0.0,1.0,-1,6,20,5,1,2,08:30,4,2,1
2023041278442,2023,041278442,1,2,2,1,5,1,3,0,0,2,0,0,9,2,E01012685,3,1,0.0,1.0,-1,6,60,1,1,1,11:51,7,1,9
2023131324242,2023,131324242,1,1,1,2,20,4,3,0,0,0,0,0,9,1,E01010673,3,1,0.0,1.0,-1,6,30,1,4,1,22:40,5,2,9
2023351309156,2023,351309156,2,1,1,2,63,9,3,0,0,0,0,0,1,-1,-1,3,1,0.0,1.0,-1,6,40,1,1,-1,11:30,7,2,1
2023311355517,2023,311355517,1,1,1,1,61,9,2,0,0,0,0,0,4,2,E01028234,6,1,1.0,0.0,-1,6,30,1,1,1,12:28,7,2,4
2023610001923,2023,610001923,1,1,1,2,68,10,1,0,0,0,0,0,9,3,W01001678,-1,0,0.0,0.0,-1,6,60,1,1,1,13:21,6,3,9
2023471362886,2023,471362886,1,2,1,1,48,8,3,0,0,0,0,0,98,-1,-1,3,1,0.0,1.0,-1,3,70,1,1,1,10:50,6,2,98
2023010441589,2023,010441589,1,1,3,2,24,5,3,9,8,0,0,0,0,-1,-1,-1,0,0.0,1.0,-1,6,30,8,4,2,02:21,1,1,11
2023531387848,2023,531387848,2,1,1,2,13,3,3,0,0,0,0,0,1,8,E01022280,3,1,0.0,1.0,-1,6,30,1,1,1,08:30,4,2,1
2023421320083,2023,421320083,1,1,1,1,60,9,3,0,0,0,0,0,9,6,E01021663,3,1,0.0,1.0,-1,3,30,1,1,2,19:00,1,2,9
2023471337899,2023,471337899,1,1,1,2,56,9,2,0,0,0,0,0,9,9,E01031593,5,1,1.0,0.0,-1,6,50,1,1,1,12:17,5,2,9
202360A033074,2023,60A033074,2,3,2,1,31,6,3,0,0,1,0,0,9,-1,-1,-1,0,0.0676,0.9324,-1,6,30,2,1,2,16:58,2,2,9
2023131389033,2023,131389033,1,1,2,2,34,6,3,0,0,0,0,0,19,4,E01011822,3,1,0.0,1.0,-1,3,70,1,1,2,11:07,7,1,19
2023201389312,2023,201389312,1,1,3,2,20,4,3,1,3,0,0,0,0,1,E01009964,3,1,0.0,1.0,-1,6,30,1,4,2,17:00,2,1,9
2023061388575,2023,061388575,2,1,1,2,62,9,3,0,0,0,0,0,1,8,E01005011,3,1,0.0,1.0,-1,6,30,2,1,2,10:15,1,2,1
2023201408317,2023,201408317,2,4,2,2,13,3,3,0,0,2,0,0,9,4,E01019150,3,1,0.0,1.0,-1,3,40,1,4,1,19:20,6,2,9