collision_index,collision_year,collision_ref_no,vehicle_reference,casualty_reference,casualty_class,sex_of_casualty,age_of_casualty,age_band_of_casualty,casualty_severity,pedestrian_location,pedestrian_movement,car_passenger,bus_or_coach_passenger,pedestrian_road_maintenance_worker,casualty_type,casualty_imd_decile,lsoa_of_casualty,enhanced_casualty_severity,casualty_injury_based,casualty_adjusted_severity_serious,casualty_adjusted_severity_slight,casualty_distance_banding,road_type,speed_limit,weather_conditions,light_conditions,road_surface_conditions,time,day_of_week,number_of_vehicles,vehicle_type
2023421318405,2023,421318405,2,1,1,2,42,7,3,0,0,0,0,0,9,5,E01021429,3,1,0.0,1.0,-1,6,30,1,1,1,18:45,2,2,9
2023421351342,2023,421351342,1,1,1,2,42,7,3,0,0,0,0,0,9,2,E01000086,3,1,0.0,1.0,-1,3,70,1,1,1,10:45,7,4,9
2023010452765,2023,010452765,1,1,1,2,51,8,3,0,0,0,0,0,9,4,E01002224,-1,0,0.0,1.0,-1,3,40,1,1,1,15:13,1,2,9
2023622300385,2023,622300385,2,2,1,2,38,7,3,0,0,0,0,0,9,8,W01001725,-1,0,0.00856,0.99144,-1,6,30,2,1,2,19:27,5,3,9
2023061331755,2023,061331755,2,1,1,1,52,8,2,0,0,0,0,0,1,1,E01005257,7,1,1.0,0.0,-1,6,30,1,1,1,07:30,6,2,1
2023411308027,2023,411308027,3,4,2,1,9,2,3,0,0,2,0,0,9,6,E01001408,3,1,0.0,1.0,-1,3,70,2,1,2,17:42,6,4,9
2023451288777,2023,451288777,1,1,1,1,21,5,2,0,0,0,0,0,9,10,E01030776,7,1,1.0,0.0,-1,6,40,1,1,2,16:42,2,1,9
2023010459910,2023,010459910,1,1,2,2,6,2,3,0,0,0,4,0,11,2,E01000085,-1,0,0.0,1.0,-1,6,30,1,1,1,16:00,5,2,11
2023010435821,2023,010435821,1,1,1,2,23,5,3,0,0,0,0,0,9,6,E01003644,-1,0,0.0,1.0,-1,1,20,8,1,1,13:00,3,2,9
2023451367855,2023,451367855,1,1,1,1,21,5,2,0,0,0,0,0,9,7,E01030850,7,1,1.0,0.0,-1,6,60,2,6,2,23:30,6,1,9
2023501302398,2023,501302398,1,1,1,1,37,7,3,0,0,0,0,0,9,1,E01015153,3,1,0.0,1.0,-1,6,30,1,1,1,09:07,6,2,9
2023010448247,2023,010448247,1,1,3,1,30,6,3,5,2,0,0,0,0,2,E01003542,-1,0,0.0,1.0,-1,6,30,1,1,1,15:09,7,1,9
2023010484471,2023,010484471,1,1,3,2,6,2,2,8,3,0,0,0,0,8,E01022101,-1,0,1.0,0.0,-1,3,20,1,4,1,19:55,7,1,8
2023311334042,2023,311334042,2,1,1,1,11,3,3,0,0,0,0,0,1,-1,-1,3,1,0.0,1.0,-1,6,30,1,1,1,13:00,5,2,1
2023461265273,2023,461265273,2,1,1,1,31,6,2,0,0,0,0,0,1,8,E01024403,7,1,1.0,0.0,-1,6,40,1,1,1,12:30,1,2,1
2023547685323,2023,547685323,1,1,1,1,21,5,3,0,0,0,0,0,5,6,E01031989,-1,0,0.17698,0.82302,-1,6,50,1,1,1,16:23,6,1,5
2023201337728,2023,201337728,3,2,1,1,20,4,3,0,0,0,0,0,9,8,E01009665,3,1,0.0,1.0,-1,3,40,1,1,1,15:30,2,4,9
2023542081423,2023,542081423,1,1,1,1,76,11,3,0,0,0,0,0,9,9,E01015483,-1,0,0.11222,0.88778,-1,1,30,1,1,1,06:37,7,1,9
2023010471990,2023,010471990,2,1,1,1,29,6,3,0,0,0,0,0,3,3,E01003592,-1,0,0.0,1.0,-1,6,30,1,1,1,16:35,7,2,3
2023302301829,2023,302301829,1,1,1,1,55,8,2,0,0,0,0,0,3,3,E01029437,-1,0,1.0,0.0,-1,7,70,1,4,2,05:30,4,1,3
2023371354171,2023,371354171,2,1,1,1,45,7,2,0,0,0,0,0,3,6,E01030003,6,1,1.0,0.0,-1,6,30,1,1,1,06:20,3,2,3
2023401349563,2023,401349563,1,2,3,2,47,8,3,1,9,0,0,0,0,7,E01023540,3,1,0.0,1.0,-1,6,40,2,4,2,20:32,5,1,9
2023221314491,2023,221314491,2,1,1,1,65,9,2,0,0,0,0,0,5,4,E01032384,5,1,1.0,0.0,-1,6,60,1,1,1,10:00,7,3,5
2023141292818,2023,141292818,1,1,3,1,3,1,3,5,9,0,0,0,0,1,E01007403,3,1,0.0,1.0,-1,3,40,1,1,1,15:07,5,1,9
2023201328575,2023,201328575,1,2,3,1,47,8,3,5,2,0,0,2,0,1,E01010370,3,1,0.0,1.0,-1,6,30,1,1,1,18:33,4,1,11
2023010427951,2023,010427951,1,1,1,1,25,5,3,0,0,0,0,0,3,4,E01003739,-1,0,0.0,1.0,-1,6,30,1,4,1,22:09,7,1,3
2023131393106,2023,131393106,2,2,1,2,72,10,3,0,0,0,0,0,9,3,E01010703,3,1,0.0,1.0,-1,6,30,2,1,2,14:32,6,2,9
2023231330851,2023,231330851,1,1,2,1,31,6,3,0,0,1,0,0,9,6,E01032266,3,1,0.0,1.0,-1,6,50,1,4,1,21:50,6,1,9
2023451356218,2023,451356218,1,1,2,2,9,2,2,0,0,1,0,0,9,-1,-1,7,1,1.0,0.0,-1,6,40,9,1,1,16:20,1,2,9
2023471310590,2023,471310590,1,1,1,2,20,4,3,0,0,0,0,0,9,10,E01031820,3,1,0.0,1.0,-1,6,30,1,4,1,21:06,5,2,9
2023052302813,2023,052302813,1,1,3,1,65,9,2,5,3,0,0,0,0,8,E01006931,-1,0,1.0,0.0,-1,6,30,2,1,2,16:15,5,1,8
2023041313000,2023,041313000,1,1,1,1,35,6,3,0,0,0,0,0,9,-1,-1,3,1,0.0,1.0,-1,3,70,1,1,1,12:08,2,3,9
2023122301394,2023,122301394,2,1,1,1,81,11,3,0,0,0,0,0,9,5,E01027590,-1,0,0.01609,0.98391,-1,6,30,1,1,1,11:45,4,2,9
2023501322414,2023,501322414,1,1,1,1,21,5,3,0,0,0,0,0,9,4,E01020290,3,1,0.0,1.0,-1,6,60,1,6,1,01:10,1,1,9
2023430330666,2023,430330666,2,1,1,1,-1,-1,3,0,0,0,0,0,-1,-1,-1,-1,0,0.02872,0.97128,-1,6,30,1,1,1,12:20,3,2,-1
2023010435886,2023,010435886,1,1,3,1,19,4,3,1,1,0,0,0,0,10,E01002196,-1,0,0.0,1.0,-1,6,30,1,1,1,14:35,3,1,9
2023170M11993,2023,170M11993,1,1,3,2,66,10,2,5,4,0,0,0,0,-1,-1,-1,0,1.0,0.0,-1,6,20,1,4,1,21:05,3,1,9
2023211313319,2023,211313319,1,1,3,2,16,4,1,9,8,0,0,0,0,-1,-1,1,1,0.0,0.0,-1,6,60,1,6,1,22:25,2,1,19
2023531387265,2023,531387265,1,1,3,2,88,11,2,10,9,0,0,0,0,9,E01022108,7,1,1.0,0.0,-1,6,30,1,1,1,11:45,6,1,9
2023440402691,2023,440402691,2,1,1,1,60,9,2,0,0,0,0,0,3,9,E01022685,-1,0,1.0,0.0,-1,6,30,1,4,2,19:45,2,2,3
2023440422668,2023,440422668,1,1,1,1,41,7,2,0,0,0,0,0,5,6,E01023121,-1,0,1.0,0.0,-1,6,60,1,1,1,17:49,1,1,5
2023010445775,2023,010445775,1,1,1,1,41,7,3,0,0,0,0,0,9,6,E01003699,-1,0,0.0,1.0,-1,2,30,1,1,1,18:00,7,2,9
2023131313954,2023,131313954,1,1,1,1,44,7,3,0,0,0,0,0,9,3,E01011582,3,1,0.0,1.0,-1,6,20,1,1,1,17:08,5,2,9
2023201335640,2023,201335640,1,1,1,1,47,8,3,0,0,0,0,0,9,2,E01009872,3,1,0.0,1.0,-1,1,40,1,4,1,21:46,1,1,9
2023320585039,2023,320585039,1,1,1,2,27,6,3,0,0,0,0,0,9,3,E01026110,-1,0,0.07797,0.92203,-1,6,50,1,1,1,08:15,4,1,9
2023461308195,2023,461308195,2,1,1,2,48,8,3,0,0,0,0,0,9,4,E01024111,3,1,0.0,1.0,-1,6,40,1,1,2,15:50,6,2,9
2023622300812,2023,622300812,2,2,1,2,37,7,3,0,0,0,0,0,9,7,W01001877,-1,0,0.01858,0.98142,-1,6,20,1,1,2,09:24,2,2,9
2023061302746,2023,061302746,4,2,1,2,46,8,3,0,0,0,0,0,9,1,E01005107,3,1,0.0,1.0,-1,6,30,1,1,1,10:00,1,5,9
2023201330086,2023,201330086,2,1,1,1,23,5,3,0,0,0,0,0,9,1,E01033650,3,1,0.0,1.0,-1,3,40,1,1,1,17:30,1,2,9
2023411307861,2023,411307861,1,1,1,1,22,5,3,0,0,0,0,0,9,10,E01023501,3,1,0.0,1.0,-1,3,70,1,1,1,16:00,4,2,9
2023010454310,2023,010454310,1,1,1,1,58,9,3,0,0,0,0,0,11,2,E01001577,-1,0,0.0,1.0,-1,3,20,8,4,1,21:26,7,2,11
2023010483806,2023,010483806,2,2,1,1,40,7,2,0,0,0,0,0,9,2,E01002633,-1,0,1.0,0.0,-1,6,30,2,1,2,13:00,3,2,9
2023471299517,2023,471299517,1,1,1,1,82,11,3,0,0,0,0,0,9,8,E01021082,3,1,0.0,1.0,-1,6,30,1,1,1,14:38,6,2,9
2023471321350,2023,471321350,2,3,2,2,76,11,3,0,0,1,0,0,9,3,E01020991,3,1,0.0,1.0,-1,6,30,1,1,1,16:07,4,2,9
2023010485508,2023,010485508,1,1,1,1,40,7,3,0,0,0,0,0,3,5,E01001658,-1,0,0.0,1.0,-1,9,20,9,1,9,15:20,4,2,3
2023451354580,2023,451354580,1,1,1,2,32,6,3,0,0,0,0,0,1,8,E01030666,3,1,0.0,1.0,-1,6,30,8,1,2,08:15,4,2,1
2023052301912,2023,052301912,1,1,3,1,4,1,2,5,4,0,0,0,0,1,E01006552,-1,0,1.0,0.0,-1,6,20,1,1,1,19:30,3,1,9
2023311354129,2023,311354129,1,1,3,1,58,9,3,1,1,0,0,2,0,-1,-1,3,1,0.0,1.0,-1,6,20,1,1,1,17:50,3,1,9
2023010467582,2023,010467582,1,1,1,1,65,9,3,0,0,0,0,0,1,9,E01001224,-1,0,0.0,1.0,-1,6,20,1,1,1,14:15,6,2,1
2023320446981,2023,320446981,2,1,1,1,13,3,3,0,0,0,0,0,1,5,E01026027,-1,0,0.08184,0.91816,-1,6,30,9,1,1,13:00,1,2,1
2023010431957,2023,010431957,1,1,1,1,30,6,3,0,0,0,0,0,3,2,E01000060,-1,0,0.0,1.0,-1,6,20,2,4,2,20:10,4,2,3
2023622300201,2023,622300201,1,3,2,2,12,3,3,0,0,1,0,0,8,2,W01001275,-1,0,0.02437,0.97563,-1,6,30,1,4,1,20:32,2,2,8
2023010429457,2023,010429457,1,1,1,1,59,9,2,0,0,0,0,0,5,9,E01003910,-1,0,1.0,0.0,-1,6,30,1,1,1,09:00,2,2,5
2023010463958,2023,010463958,1,1,3,1,73,10,2,5,1,0,0,0,0,2,E01001726,-1,0,1.0,0.0,-1,6,20,1,1,1,09:06,2,1,21
2023471266739,2023,471266739,1,1,3,1,46,8,3,6,9,0,0,0,0,10,E01020940,3,1,0.0,1.0,-1,6,20,1,1,1,11:10,7,1,9
2023471325441,2023,471325441,1,1,3,2,85,11,3,5,1,0,0,0,0,7,E01031460,3,1,0.0,1.0,-1,6,30,1,1,1,12:34,4,1,9
2023991372757,2023,991372757,1,1,3,2,84,11,3,8,7,0,0,2,0,-1,-1,3,1,0.0,1.0,-1,6,20,1,4,2,16:30,3,1,9
2023010450467,2023,010450467,2,1,1,1,52,8,3,0,0,0,0,0,1,9,E01000882,-1,0,0.0,1.0,-1,6,20,1,1,1,09:03,4,2,1
2023070869130,2023,070869130,1,1,1,1,30,6,2,0,0,0,0,0,5,-1,-1,-1,0,1.0,0.0,-1,6,30,1,1,2,18:45,2,2,5
2023101327138,2023,101327138,2,4,1,1,51,8,3,0,0,0,0,0,8,1,E01008399,3,1,0.0,1.0,-1,6,30,1,1,1,19:36,6,2,8
2023991331217,2023,991331217,1,1,1,1,61,9,2,0,0,0,0,0,19,2,-1,6,1,1.0,0.0,-1,6,60,1,1,1,16:45,4,2,19
2023161380027,2023,161380027,1,1,3,2,77,11,2,1,3,0,0,2,0,8,E01013273,7,1,1.0,0.0,-1,6,30,1,1,2,07:14,3,1,9
2023122400266,2023,122400266,1,1,1,1,31,6,3,0,0,0,0,0,9,4,E01010704,-1,0,0.05928,0.94072,-1,6,60,5,1,5,10:15,7,1,9
2023141347334,2023,141347334,1,1,1,1,24,5,1,0,0,0,0,0,17,3,E01032550,1,1,0.0,0.0,-1,6,60,1,1,1,15:34,5,2,17
2023440293459,2023,440293459,2,2,1,1,59,9,3,0,0,0,0,0,20,7,E01017255,-1,0,0.05628,0.94372,-1,3,40,1,1,1,13:24,6,2,20
2023010429762,2023,010429762,1,1,3,1,30,6,2,5,3,0,0,0,0,10,E01003454,-1,0,1.0,0.0,-1,2,20,1,4,1,23:20,3,1,8
2023631350694,2023,631350694,1,1,3,1,27,6,2,6,9,0,0,2,0,6,W01000639,7,1,1.0,0.0,-1,6,20,1,1,1,13:10,7,1,2
2023010441078,2023,010441078,1,1,1,1,37,7,3,0,0,0,0,0,3,7,E01019973,-1,0,0.0,1.0,-1,9,20,9,7,9,20:30,3,2,3
2023501287393,2023,501287393,1,1,1,2,33,6,2,0,0,0,0,0,5,2,E01017474,7,1,1.0,0.0,-1,3,70,8,1,1,14:49,7,1,5
2023161383517,2023,161383517,2,1,1,1,91,11,3,0,0,0,0,0,9,4,E01013179,3,1,0.0,1.0,-1,6,40,8,1,2,09:10,4,2,9
2023010474493,2023,010474493,1,1,1,1,22,5,2,0,0,0,0,0,1,-1,-1,-1,0,1.0,0.0,-1,6,20,2,7,2,23:45,6,1,1
2023010466618,2023,010466618,1,1,1,1,43,7,3,0,0,0,0,0,1,5,E01004644,-1,0,0.0,1.0,-1,6,20,1,1,1,19:00,7,2,1
2023010483654,2023,010483654,1,1,1,1,41,7,3,0,0,0,0,0,1,2,E01001783,-1,0,0.0,1.0,-1,1,20,8,1,1,08:15,3,2,1
2023351391028,2023,351391028,2,2,1,1,52,8,3,0,0,0,0,0,21,7,E01019521,3,1,0.0,1.0,-1,3,50,1,1,1,08:28,2,2,21
2023031342860,2023,031342860,1,1,3,2,67,10,3,10,9,0,0,0,0,-1,-1,3,1,0.0,1.0,-1,6,20,1,1,1,13:12,4,1,9
2023010461217,2023,010461217,1,1,1,-1,29,6,3,0,0,0,0,0,1,3,E01003180,-1,0,0.0,1.0,-1,7,20,2,1,1,17:45,5,2,1
2023010474582,2023,010474582,1,1,2,2,24,5,3,0,0,1,0,0,9,3,E01003562,-1,0,0.0,1.0,-1,7,70,1,1,1,18:12,7,2,9
2023041313930,2023,041313930,2,2,1,1,37,7,3,0,0,0,0,0,9,1,E01025295,3,1,0.0,1.0,-1,6,30,1,1,1,16:30,5,2,9
2023010431934,2023,010431934,1,1,1,2,43,7,3,0,0,0,0,0,9,2,E01001557,-1,0,0.0,1.0,-1,3,50,1,1,1,13:23,1,3,9
2023141379220,2023,141379220,2,2,1,1,24,5,3,0,0,0,0,0,9,5,E01007388,3,1,0.0,1.0,-1,3,70,1,1,1,12:56,6,2,9
2023201314027,2023,201314027,2,4,2,2,19,4,3,0,0,1,0,0,9,1,E01010288,3,1,0.0,1.0,-1,6,30,1,1,1,19:04,2,2,9
2023520301856,2023,520301856,1,1,1,2,39,7,3,0,0,0,0,0,9,10,E01029160,-1,0,0.01073,0.98927,-1,6,30,1,1,2,09:54,2,2,9
2023061335636,2023,061335636,1,1,1,2,22,5,3,0,0,0,0,0,9,2,E01005526,3,1,0.0,1.0,-1,6,20,2,4,2,22:05,7,2,9
2023340WN6062,2023,340WN6062,1,1,1,1,46,8,3,0,0,0,0,0,9,5,E01027237,-1,0,0.04526,0.95474,-1,6,30,1,1,1,09:15,2,2,9
2023461288454,2023,461288454,1,1,1,2,38,7,3,0,0,0,0,0,9,9,E01024416,3,1,0.0,1.0,-1,3,30,2,1,2,08:03,4,2,9
2023041318633,2023,041318633,1,1,3,2,57,9,3,8,5,0,0,2,0,7,E01012602,3,1,0.0,1.0,-1,6,30,1,1,1,16:05,1,1,9
2023522400549,2023,522400549,2,1,1,1,54,8,2,0,0,0,0,0,4,10,E01032675,-1,0,1.0,0.0,-1,6,30,1,4,2,16:48,6,2,4
2023451364803,2023,451364803,1,1,1,1,85,11,3,0,0,0,0,0,9,10,E01030776,3,1,0.0,1.0,-1,6,50,2,1,2,13:10,5,2,9
2023451367380,2023,451367380,1,1,1,2,44,7,3,0,0,0,0,0,9,5,E01024156,3,1,0.0,1.0,-1,3,70,1,1,2,10:40,5,2,9
2023531332427,2023,531332427,2,1,2,2,63,9,3,0,0,1,0,0,9,6,E01028813,3,1,0.0,1.0,-1,6,60,1,1,1,11:45,1,2,9
2023231397727,2023,231397727,2,1,1,1,72,10,2,0,0,0,0,0,5,10,E01031214,7,1,1.0,0.0,-1,6,60,1,1,1,09:45,3,2,5
2023401305867,2023,401305867,1,1,3,1,60,9,3,1,1,0,0,0,0,10,E01017462,3,1,0.0,1.0,-1,6,30,1,1,1,07:00,3,1,9
2023332300776,2023,332300776,2,1,1,1,16,4,3,0,0,0,0,0,1,4,E01013607,-1,0,0.06955,0.93045,-1,6,30,1,1,1,14:45,2,2,1
2023430399582,2023,430399582,2,1,1,1,48,8,3,0,0,0,0,0,1,10,E01016245,-1,0,0.1524,0.8476,-1,6,30,1,1,1,13:51,4,2,1
2023010480088,2023,010480088,1,1,1,1,45,7,3,0,0,0,0,0,5,8,E01003470,-1,0,0.0,1.0,-1,1,20,1,1,1,10:30,7,2,5
2023031285033,2023,031285033,1,1,3,2,29,6,3,1,3,0,0,0,0,-1,-1,3,1,0.0,1.0,-1,6,30,1,1,1,09:23,5,1,9
2023061326202,2023,061326202,1,2,2,1,33,6,3,0,0,1,0,0,9,1,E01020844,3,1,0.0,1.0,-1,3,70,1,1,1,17:34,3,4,9
2023010434981,2023,010434981,2,1,1,1,-1,-1,2,0,0,0,0,0,1,4,E01003803,-1,0,1.0,0.0,-1,6,20,1,1,1,09:00,5,2,1
2023052302731,2023,052302731,2,1,1,1,34,6,2,0,0,0,0,0,1,8,E01018703,-1,0,1.0,0.0,-1,6,50,8,4,2,18:40,4,2,1
2023010422910,2023,010422910,1,2,2,2,-1,-1,3,0,0,2,0,0,8,-1,-1,-1,0,0.0,1.0,-1,9,20,1,1,1,16:19,1,2,8
2023010463432,2023,010463432,1,1,3,2,38,7,3,6,9,0,0,0,0,3,E01003143,-1,0,0.0,1.0,-1,6,30,1,1,1,17:18,5,1,9
2023010479677,2023,010479677,1,1,1,2,28,6,3,0,0,0,0,0,1,4,E01000960,-1,0,0.0,1.0,-1,6,20,1,1,1,11:18,5,2,1
2023010454655,2023,010454655,1,1,1,1,46,8,3,0,0,0,0,0,8,3,E01001366,-1,0,0.0,1.0,-1,6,20,1,1,1,18:23,3,2,8
2023010466612,2023,010466612,1,1,1,1,56,9,3,0,0,0,0,0,9,3,E01003686,-1,0,0.0,1.0,-1,6,30,1,1,2,15:00,1,2,9
2023052300110,2023,052300110,2,1,1,1,61,9,3,0,0,0,0,0,9,1,E01006563,-1,0,0.02164,0.97836,-1,6,30,1,4,2,17:20,5,2,9
2023332300770,2023,332300770,1,1,1,1,37,7,3,0,0,0,0,0,9,5,E01013612,-1,0,0.03485,0.96515,-1,6,30,1,1,1,12:30,1,2,9
2023991278921,2023,991278921,2,2,1,1,78,11,2,0,0,0,0,0,9,9,-1,5,1,1.0,0.0,-1,3,40,1,1,1,14:57,2,2,9
2023991293778,2023,991293778,2,1,1,2,43,7,2,0,0,0,0,0,9,-1,-1,7,1,1.0,0.0,-1,6,40,1,6,1,22:30,3,4,9
2023010486673,2023,010486673,1,1,3,2,17,4,3,6,9,0,0,0,0,4,E01003492,-1,0,0.0,1.0,-1,6,20,5,4,2,23:33,2,1,9
2023010445510,2023,010445510,2,1,1,1,23,5,3,0,0,0,0,0,1,-1,-1,-1,0,0.0,1.0,-1,6,20,1,1,1,17:25,7,2,1
2023010450034,2023,010450034,1,1,1,1,47,8,3,0,0,0,0,0,3,2,E01000526,-1,0,0.0,1.0,-1,9,30,9,1,9,12:20,1,2,3
2023131305726,2023,131305726,2,1,1,1,66,10,3,0,0,0,0,0,1,6,E01010787,3,1,0.0,1.0,-1,6,30,1,1,1,16:40,2,2,1
2023101352676,2023,101352676,1,1,1,1,33,6,3,0,0,0,0,0,3,1,E01008829,3,1,0.0,1.0,-1,6,30,1,4,1,19:30,5,2,3
2023122300543,2023,122300543,1,1,3,2,38,7,3,9,5,0,0,1,0,6,E01027878,-1,0,0.04875,0.95125,-1,6,30,1,1,1,14:10,4,1,9
2023010442255,2023,010442255,1,1,1,2,26,6,2,0,0,0,0,0,5,5,W01001431,-1,0,1.0,0.0,-1,3,20,1,4,2,22:03,4,3,5
2023070227091,2023,070227091,2,1,1,1,72,10,3,0,0,0,0,0,5,-1,-1,-1,0,0.20032,0.79968,-1,6,40,1,1,1,15:45,6,2,5
2023010458333,2023,010458333,1,1,3,1,7,2,3,5,1,0,0,0,0,4,E01002486,-1,0,0.0,1.0,-1,7,30,1,1,1,13:45,3,1,9
2023010481918,2023,010481918,1,1,3,1,68,10,2,1,1,0,0,0,0,6,E01002724,-1,0,1.0,0.0,-1,6,20,2,1,2,15:34,2,1,9
2023061285562,2023,061285562,1,1,3,1,61,9,2,5,3,0,0,0,0,-1,-1,6,1,1.0,0.0,-1,6,30,1,4,1,22:47,6,1,9
2023141317858,2023,141317858,2,1,1,1,55,8,2,0,0,0,0,0,1,10,E01007955,5,1,1.0,0.0,-1,6,30,1,1,1,15:00,7,2,1
2023320618160,2023,320618160,1,1,1,1,17,4,3,0,0,0,0,0,1,8,E01026238,-1,0,0.14971,0.85029,-1,6,30,2,1,2,08:15,5,1,1
2023010448611,2023,010448611,2,1,1,1,21,5,2,0,0,0,0,0,3,2,E01001528,-1,0,1.0,0.0,-1,6,20,1,1,1,18:02,2,2,3
2023061341194,2023,061341194,1,1,1,1,18,4,3,0,0,0,0,0,3,2,E01005302,3,1,0.0,1.0,-1,6,30,1,1,2,15:57,4,3,3
2023501288061,2023,501288061,1,1,1,1,46,8,3,0,0,0,0,0,9,1,E01015048,3,1,0.0,1.0,-1,6,30,1,1,2,09:53,2,1,9
2023547350323,2023,547350323,2,3,2,1,22,5,3,0,0,1,0,0,9,1,E01015575,-1,0,0.01695,0.98305,-1,6,60,1,6,1,17:17,5,2,9
2023991365208,2023,991365208,2,6,1,2,42,7,3,0,0,0,0,0,9,2,-1,3,1,0.0,1.0,-1,1,30,5,1,2,15:55,6,2,9
2023010448121,2023,010448121,1,1,3,1,44,7,2,1,1,0,0,0,0,-1,-1,-1,0,1.0,0.0,-1,6,50,1,1,1,16:15,6,1,1
2023061376304,2023,061376304,2,1,1,1,42,7,3,0,0,0,0,0,8,1,E01005107,3,1,0.0,1.0,-1,6,30,1,4,2,17:50,7,2,8
2023991355396,2023,991355396,2,1,1,1,12,3,3,0,0,0,0,0,1,-1,-1,3,1,0.0,1.0,-1,6,20,1,1,1,18:00,6,2,1
2023010465534,2023,010465534,1,1,1,1,23,5,3,0,0,0,0,0,9,2,E01001448,-1,0,0.0,1.0,-1,6,30,2,1,2,08:00,3,2,9
2023041279022,2023,041279022,2,1,1,1,41,7,3,0,0,0,0,0,9,7,E01024955,3,1,0.0,1.0,-1,6,30,1,4,1,22:31,2,2,9
2023430406172,2023,430406172,2,2,2,2,21,5,3,0,0,1,0,0,9,10,E01027276,-1,0,0.01358,0.98642,-1,3,70,1,1,1,20:30,1,2,9
2023440449761,2023,440449761,1,1,1,1,64,9,3,0,0,0,0,0,21,8,E01010119,-1,0,0.18402,0.81598,-1,3,70,1,1,2,10:07,6,1,21
2023501345429,2023,501345429,2,1,1,1,39,7,2,0,0,0,0,0,1,-1,-1,7,1,1.0,0.0,-1,3,30,1,1,1,14:15,5,2,1
2023221263370,2023,221263370,2,1,1,1,61,9,2,0,0,0,0,0,5,5,E01032428,6,1,1.0,0.0,-1,6,60,1,1,1,14:50,7,2,5
2023411305681,2023,411305681,2,1,1,1,53,8,2,0,0,0,0,0,9,7,E01023963,6,1,1.0,0.0,-1,6,40,1,1,1,12:13,5,3,9
2023421326493,2023,421326493,1,1,1,2,29,6,3,0,0,0,0,0,9,8,E01021717,3,1,0.0,1.0,-1,3,30,1,1,1,09:00,5,2,9
2023010481033,2023,010481033,1,1,1,1,29,6,3,0,0,0,0,0,3,7,E01002220,-1,0,0.0,1.0,-1,6,20,9,7,9,17:30,3,2,3
2023552300748,2023,552300748,1,1,3,1,16,4,1,1,1,0,0,0,0,-1,-1,-1,0,0.0,0.0,-1,6,40,1,4,1,21:42,6,1,9
2023010478964,2023,010478964,1,1,3,2,57,9,3,5,1,0,0,0,0,2,E01003189,-1,0,0.0,1.0,-1,6,20,8,1,1,15:47,1,1,11
2023631350796,2023,631350796,1,1,3,1,9,2,3,5,2,0,0,2,0,3,W01000732,3,1,0.0,1.0,-1,6,20,1,1,1,19:30,6,2,9
2023010435117,2023,010435117,2,1,1,1,-1,-1,3,0,0,0,0,0,1,-1,-1,-1,0,0.0,1.0,-1,9,20,2,5,2,06:40,6,2,1
2023010424273,2023,010424273,2,1,1,1,19,4,3,0,0,0,0,0,3,-1,-1,-1,0,0.0,1.0,-1,6,20,1,4,1,03:00,2,2,3
2023311383029,2023,311383029,1,1,1,1,19,4,3,0,0,0,0,0,3,4,E01028366,3,1,0.0,1.0,-1,6,30,1,1,1,15:05,6,2,3
2023052301278,2023,052301278,1,2,1,1,42,7,3,0,0,0,0,0,4,2,E01007263,-1,0,0.24577,0.75423,-1,6,40,1,1,1,06:07,6,1,4
2023141354036,2023,141354036,2,1,1,2,18,4,2,0,0,0,0,0,1,1,E01007466,7,1,1.0,0.0,-1,3,70,2,1,2,13:53,3,2,1
2023471299023,2023,471299023,2,1,1,1,74,10,3,0,0,0,0,0,9,7,E01031388,3,1,0.0,1.0,-1,6,50,1,1,1,11:15,5,2,9
2023131386889,2023,131386889,1,1,3,2,20,4,3,1,1,0,0,2,0,3,E01011330,3,1,0.0,1.0,-1,6,30,1,1,1,09:20,4,1,9
2023010480902,2023,010480902,1,1,1,1,32,6,3,0,0,0,0,0,3,3,E01003235,-1,0,0.0,1.0,-1,6,20,1,1,1,11:20,3,2,3
2023161335600,2023,161335600,1,1,1,1,67,10,3,0,0,0,0,0,5,9,E01012956,3,1,0.0,1.0,-1,6,40,1,1,1,08:20,3,2,5
2023471314820,2023,471314820,2,1,1,1,55,8,2,0,0,0,0,0,5,6,E01021113,7,1,1.0,0.0,-1,6,30,1,6,1,21:40,1,2,5
2023141321229,2023,141321229,1,1,2,2,26,6,3,0,0,2,0,0,9,-1,-1,3,1,0.0,1.0,-1,1,30,1,1,1,16:45,3,2,9
2023211346113,2023,211346113,2,1,1,1,50,8,3,0,0,0,0,0,9,-1,-1,3,1,0.0,1.0,-1,6,30,1,1,1,11:15,1,2,9
2023311281014,2023,311281014,1,1,2,2,25,5,3,0,0,1,0,0,9,1,E01028057,3,1,0.0,1.0,-1,3,30,1,1,1,15:12,2,2,9
2023440442978,2023,440442978,2,2,1,2,50,8,2,0,0,0,0,0,9,5,E01022781,-1,0,1.0,0.0,-1,6,50,2,6,2,19:22,1,2,9
2023010440806,2023,010440806,1,1,1,1,29,6,3,0,0,0,0,0,9,2,E01033148,-1,0,0.0,1.0,-1,3,40,1,1,1,06:57,4,2,9
2023061366610,2023,061366610,1,1,1,1,75,10,2,0,0,0,0,0,9,8,E01006210,5,1,1.0,0.0,-1,3,70,2,1,2,12:28,3,4,9
2023471383217,2023,471383217,1,1,1,1,47,8,3,0,0,0,0,0,9,10,E01021083,3,1,0.0,1.0,-1,6,60,1,1,2,15:12,4,1,9