collision_index,collision_year,collision_ref_no,vehicle_reference,casualty_reference,casualty_class,sex_of_casualty,age_of_casualty,age_band_of_casualty,casualty_severity,pedestrian_location,pedestrian_movement,car_passenger,bus_or_coach_passenger,pedestrian_road_maintenance_worker,casualty_type,casualty_imd_decile,lsoa_of_casualty,enhanced_casualty_severity,casualty_injury_based,casualty_adjusted_severity_serious,casualty_adjusted_severity_slight,casualty_distance_banding,road_type,speed_limit,weather_conditions,light_conditions,road_surface_conditions,time,day_of_week,number_of_vehicles,vehicle_type
2023201390521,2023,201390521,1,1,1,2,76,11,3,0,0,0,0,0,9,2,E01009944,3,1,0.0,1.0,-1,6,30,1,7,1,04:42,7,2,9
2023401337838,2023,401337838,1,1,1,2,45,7,3,0,0,0,0,0,9,8,E01017376,3,1,0.0,1.0,-1,6,60,2,1,2,14:20,1,2,9
2023531337062,2023,531337062,1,1,1,1,27,6,3,0,0,0,0,0,9,10,E01022306,3,1,0.0,1.0,-1,7,40,1,1,1,20:30,5,4,9
2023111299640,2023,111299640,1,4,2,1,17,4,3,0,0,0,4,0,11,3,E01020649,3,1,0.0,1.0,-1,6,60,1,1,1,12:28,6,1,11
2023061350931,2023,061350931,3,4,2,2,44,7,3,0,0,1,0,0,9,4,E01006278,3,1,0.0,1.0,-1,3,40,1,1,1,14:41,1,3,9
2023010419412,2023,010419412,1,1,1,2,55,8,3,0,0,0,0,0,9,7,E01002228,-1,0,0.0,1.0,-1,6,30,8,4,2,06:20,3,1,9
2023010447152,2023,010447152,1,1,1,2,30,6,3,0,0,0,0,0,9,3,E01003588,-1,0,0.0,1.0,-1,6,30,1,1,1,16:10,2,2,9
2023361300874,2023,361300874,1,2,2,2,10,2,3,0,0,2,0,0,9,1,E01026595,3,1,0.0,1.0,-1,6,20,1,1,2,08:50,2,3,9
2023552300594,2023,552300594,1,1,2,1,15,3,2,0,0,0,0,0,23,3,E01020564,-1,0,1.0,0.0,-1,6,30,1,1,1,16:44,2,2,23
2023430490037,2023,430490037,1,1,3,2,10,2,2,5,4,0,0,0,0,10,E01016640,-1,0,1.0,0.0,-1,6,30,2,4,2,17:55,3,1,9
2023311288196,2023,311288196,2,1,1,1,47,8,3,0,0,0,0,0,1,-1,-1,3,1,0.0,1.0,-1,6,50,1,1,1,11:29,1,2,1
2023010474626,2023,010474626,1,1,1,1,27,6,2,0,0,0,0,0,9,1,E01001410,-1,0,1.0,0.0,-1,3,20,2,4,2,22:20,7,1,9
2023520301475,2023,520301475,1,1,1,1,71,10,3,0,0,0,0,0,9,4,E01018925,-1,0,0.11367,0.88633,-1,6,50,2,1,2,08:30,7,1,9
2023010420833,2023,010420833,2,1,1,1,48,8,3,0,0,0,0,0,1,7,E01000118,-1,0,0.0,1.0,-1,1,30,2,1,2,14:45,4,2,1
2023131341188,2023,131341188,1,1,1,1,16,4,3,0,0,0,0,0,1,1,E01011510,3,1,0.0,1.0,-1,6,20,1,1,1,10:50,1,2,1
2023141329600,2023,141329600,1,2,2,1,32,6,3,0,0,-1,0,0,9,5,E01008144,3,1,0.0,1.0,-1,6,30,8,4,2,04:23,7,2,9
2023451270228,2023,451270228,1,2,2,1,63,9,3,0,0,1,0,0,9,10,E01030447,3,1,0.0,1.0,-1,7,30,1,1,1,16:10,2,2,9
2023461335384,2023,461335384,1,1,1,2,57,9,3,0,0,0,0,0,9,4,E01024429,3,1,0.0,1.0,-1,6,30,1,1,1,12:40,3,2,9
2023991294171,2023,991294171,1,3,2,2,17,4,3,0,0,1,0,0,9,-1,-1,3,1,0.0,1.0,-1,6,30,1,4,1,22:39,3,2,9
2023170H10913,2023,170H10913,1,1,1,1,25,5,2,0,0,0,0,0,19,5,E01011968,-1,0,1.0,0.0,-1,3,50,1,4,2,01:17,6,1,19
2023031347926,2023,031347926,2,1,1,1,35,6,3,0,0,0,0,0,19,2,E01019109,3,1,0.0,1.0,-1,6,60,1,1,1,08:33,7,2,19
2023991289169,2023,991289169,2,1,1,1,64,9,2,0,0,0,0,0,1,8,-1,7,1,1.0,0.0,-1,6,30,1,1,1,15:20,3,2,1
2023010453346,2023,010453346,1,1,1,1,36,7,2,0,0,0,0,0,5,5,E01000820,-1,0,1.0,0.0,-1,6,30,1,1,1,10:50,4,2,5
2023991282131,2023,991282131,2,1,1,1,57,9,3,0,0,0,0,0,5,-1,-1,3,1,0.0,1.0,-1,6,30,2,4,2,07:10,5,2,5
2023201283922,2023,201283922,1,1,3,2,12,3,3,4,3,0,0,0,0,1,E01009579,3,1,0.0,1.0,-1,6,30,1,1,1,12:35,6,1,9
2023010439995,2023,010439995,1,1,1,1,56,9,3,0,0,0,0,0,1,7,E01004619,-1,0,0.0,1.0,-1,6,20,1,1,1,08:37,3,2,1
2023070736869,2023,070736869,1,1,3,1,40,7,2,1,3,0,0,0,0,-1,-1,-1,0,1.0,0.0,-1,6,30,8,4,2,21:52,5,1,9
2023211291459,2023,211291459,1,1,3,1,10,2,3,5,3,0,0,0,0,9,E01029631,3,1,0.0,1.0,-1,6,30,2,1,2,15:13,3,1,9
2023471311370,2023,471311370,1,1,3,2,63,9,3,9,8,0,0,0,0,7,E01021205,3,1,0.0,1.0,-1,6,30,1,1,1,10:31,5,1,9
2023010434067,2023,010434067,1,1,1,1,38,7,3,0,0,0,0,0,5,4,E01000171,-1,0,0.0,1.0,-1,3,20,2,1,2,04:35,6,2,5
2023221358938,2023,221358938,3,1,1,1,17,4,2,0,0,0,0,0,3,3,E01032131,7,1,1.0,0.0,-1,6,40,1,1,1,18:45,5,3,3
2023439408065,2023,439408065,1,1,3,1,11,3,3,5,1,0,0,0,0,-1,-1,-1,0,0.04235,0.95765,-1,6,30,1,1,1,15:45,2,1,9
2023311289022,2023,311289022,2,1,1,1,22,5,3,0,0,0,0,0,3,1,E01013882,3,1,0.0,1.0,-1,3,30,1,1,1,11:45,1,2,3
2023052300366,2023,052300366,1,2,2,2,61,9,3,0,0,1,0,0,9,1,E01006759,-1,0,0.06556,0.93444,-1,6,30,1,1,2,09:40,4,2,9
2023010486093,2023,010486093,2,2,2,-1,-1,-1,3,0,0,1,0,0,9,6,E01001662,-1,0,0.0,1.0,-1,6,30,1,4,1,22:36,3,3,9
2023111372701,2023,111372701,4,1,1,2,32,6,3,0,0,0,0,0,9,5,E01020657,3,1,0.0,1.0,-1,6,60,1,6,2,17:11,5,4,9
2023311354969,2023,311354969,2,1,1,2,40,7,3,0,0,0,0,0,9,4,E01013964,3,1,0.0,1.0,-1,6,30,1,1,1,15:55,5,4,9
2023461281179,2023,461281179,2,2,2,1,34,6,3,0,0,1,0,0,9,10,E01024324,3,1,0.0,1.0,-1,6,40,2,4,2,17:30,5,2,9
2023522400749,2023,522400749,2,2,1,1,39,7,3,0,0,0,0,0,9,3,E01014572,-1,0,0.01863,0.98137,-1,6,20,1,1,1,12:17,4,2,9
2023010469572,2023,010469572,1,1,1,2,30,6,3,0,0,0,0,0,9,4,E01003704,-1,0,0.0,1.0,-1,6,30,1,1,1,19:50,2,1,9
2023010472702,2023,010472702,2,1,2,1,-1,-1,3,0,0,1,0,0,9,5,E01004733,-1,0,0.0,1.0,-1,6,20,2,1,2,14:55,4,2,9
2023041373638,2023,041373638,2,1,1,2,32,6,3,0,0,0,0,0,9,5,E01025604,3,1,0.0,1.0,-1,6,20,2,1,2,10:50,1,2,9
2023061355646,2023,061355646,1,5,2,1,30,6,3,0,0,1,0,0,9,-1,-1,3,1,0.0,1.0,-1,6,30,2,4,2,00:15,1,2,9
2023161347604,2023,161347604,1,1,1,1,44,7,3,0,0,0,0,0,9,3,E01013245,3,1,0.0,1.0,-1,6,30,1,1,1,07:45,5,2,9
2023231307946,2023,231307946,1,1,1,1,80,11,3,0,0,0,0,0,9,9,E01016257,3,1,0.0,1.0,-1,3,70,1,1,1,13:12,6,1,9
2023201423281,2023,201423281,1,1,1,-1,-1,-1,3,0,0,0,0,0,9,-1,-1,3,1,0.0,1.0,-1,6,30,1,1,2,14:40,3,2,9
2023421294042,2023,421294042,2,1,1,2,40,7,3,0,0,0,0,0,9,5,E01021732,3,1,0.0,1.0,-1,6,60,1,1,1,12:06,4,2,9
2023311383654,2023,311383654,2,1,1,1,32,6,3,0,0,0,0,0,9,5,E01028189,3,1,0.0,1.0,-1,6,30,1,4,2,01:01,5,2,9
2023340WN2482,2023,340WN2482,2,1,1,1,23,5,3,0,0,0,0,0,9,1,E01013942,-1,0,0.06525,0.93475,-1,3,70,1,1,1,20:00,3,2,9
2023351346872,2023,351346872,1,1,1,2,37,7,3,0,0,0,0,0,9,7,E01023398,3,1,0.0,1.0,-1,3,70,1,1,1,18:05,3,3,9
2023430227351,2023,430227351,1,2,2,1,6,2,3,0,0,2,0,0,9,9,E01016682,-1,0,0.03113,0.96887,-1,6,40,1,1,1,09:31,4,2,9
2023440436586,2023,440436586,2,1,1,2,49,8,3,0,0,0,0,0,9,9,E01022730,-1,0,0.02323,0.97677,-1,3,70,2,4,2,06:15,4,2,9
2023311371494,2023,311371494,1,1,2,2,33,6,2,0,0,0,2,0,11,5,E01013913,7,1,1.0,0.0,-1,3,30,9,4,-1,20:15,7,1,11
2023010432130,2023,010432130,2,1,1,1,38,7,3,0,0,0,0,0,9,7,E01000573,-1,0,0.0,1.0,-1,3,50,1,1,1,13:20,3,3,9
2023201301665,2023,201301665,1,4,2,1,0,1,3,0,0,2,0,0,9,1,E01032888,3,1,0.0,1.0,-1,6,30,1,1,1,14:00,1,2,9
2023340WN2122,2023,340WN2122,2,1,1,2,17,4,3,0,0,0,0,0,9,6,E01026986,-1,0,0.0046,0.9954,-1,6,30,1,1,1,15:05,2,2,9
2023631320420,2023,631320420,1,2,1,1,70,10,2,0,0,0,0,0,9,5,W01001925,7,1,1.0,0.0,-1,6,40,1,1,1,14:55,2,3,9
2023361281470,2023,361281470,1,1,1,1,20,4,3,0,0,0,0,0,9,-1,-1,3,1,0.0,1.0,-1,6,30,1,1,2,07:35,3,2,9
2023361308535,2023,361308535,1,1,1,1,76,11,2,0,0,0,0,0,22,-1,-1,6,1,1.0,0.0,-1,6,40,1,1,1,15:00,3,2,22
2023471375480,2023,471375480,2,2,2,1,12,3,3,0,0,1,0,0,9,10,E01031720,3,1,0.0,1.0,-1,3,50,2,7,2,19:30,5,2,9
2023010430668,2023,010430668,1,1,1,2,36,7,3,0,0,0,0,0,9,5,E01001685,-1,0,0.0,1.0,-1,6,30,1,4,1,23:15,7,2,9
2023421368439,2023,421368439,1,1,1,1,-1,-1,3,0,0,0,0,0,4,5,E01021954,3,1,0.0,1.0,-1,6,30,1,4,2,18:00,4,2,4
2023061373376,2023,061373376,1,1,3,2,54,8,3,5,1,0,0,0,0,2,E01005951,3,1,0.0,1.0,-1,6,30,1,1,2,12:06,7,1,9
2023161331873,2023,161331873,2,1,1,2,13,3,3,0,0,0,0,0,1,1,E01012918,3,1,0.0,1.0,-1,6,30,1,1,1,17:45,2,2,1
2023010461190,2023,010461190,1,1,1,1,30,6,3,0,0,0,0,0,3,4,E01003034,-1,0,0.0,1.0,-1,6,20,1,1,1,17:01,5,2,3
2023010426372,2023,010426372,1,1,3,1,23,5,2,10,9,0,0,0,0,-1,-1,-1,0,1.0,0.0,-1,1,20,1,1,1,16:00,5,1,9
2023141345031,2023,141345031,1,1,3,2,81,11,2,5,9,0,0,0,0,-1,-1,7,1,1.0,0.0,-1,6,20,1,1,2,09:15,4,1,9
2023440107337,2023,440107337,1,1,3,2,56,9,3,1,1,0,0,0,0,5,E01017055,-1,0,0.08059,0.91941,-1,6,30,1,1,1,07:15,6,1,9
2023131281956,2023,131281956,1,1,1,1,43,7,2,0,0,0,0,0,-1,2,E01011943,7,1,1.0,0.0,-1,6,30,1,1,1,16:45,3,1,-1
2023010459812,2023,010459812,1,1,1,1,59,9,2,0,0,0,0,0,1,6,E01002140,-1,0,1.0,0.0,-1,3,20,1,1,1,07:25,5,2,1
2023101300885,2023,101300885,1,1,1,1,30,6,3,0,0,0,0,0,9,1,E01008398,3,1,0.0,1.0,-1,6,30,1,1,1,19:00,3,2,9
2023131315188,2023,131315188,1,1,1,1,20,4,3,0,0,0,0,0,9,4,E01011157,3,1,0.0,1.0,-1,6,60,1,1,1,19:12,2,2,9
2023622300591,2023,622300591,1,2,2,1,23,5,3,0,0,1,0,0,9,4,W01001262,-1,0,0.14304,0.85696,-1,6,40,1,4,2,01:48,5,1,9
2023010458114,2023,010458114,1,1,1,1,69,10,3,0,0,0,0,0,11,5,E01001500,-1,0,0.0,1.0,-1,6,30,2,1,2,08:23,2,2,11
2023010445048,2023,010445048,1,1,3,1,20,4,3,1,1,0,0,0,0,4,E01004215,-1,0,0.0,1.0,-1,1,20,1,1,1,12:40,3,1,9
2023340WN2752,2023,340WN2752,1,1,1,1,58,9,3,0,0,0,0,0,4,10,E01010194,-1,0,0.26119,0.73881,-1,6,60,1,1,1,13:45,2,1,4
2023161264572,2023,161264572,2,1,1,2,60,9,3,0,0,0,0,0,9,5,E01012994,3,1,0.0,1.0,-1,6,30,1,1,1,12:17,3,2,9
2023201305191,2023,201305191,2,2,1,1,25,5,3,0,0,0,0,0,9,2,E01010264,3,1,0.0,1.0,-1,3,30,2,4,2,23:10,7,2,9
2023302301230,2023,302301230,1,1,1,2,31,6,2,0,0,0,0,0,9,5,E01019605,-1,0,1.0,0.0,-1,6,60,1,6,1,22:20,4,1,9
2023302301868,2023,302301868,1,1,1,1,37,7,2,0,0,0,0,0,9,9,E01019751,-1,0,1.0,0.0,-1,6,40,1,1,2,14:45,2,3,9
2023471263527,2023,471263527,2,2,1,1,24,5,3,0,0,0,0,0,9,5,E01031431,3,1,0.0,1.0,-1,6,50,1,1,1,12:10,1,4,9
2023010474790,2023,010474790,1,1,2,2,20,4,3,0,0,1,0,0,9,2,E01004400,-1,0,0.0,1.0,-1,3,40,8,4,2,23:02,1,1,9
2023061323807,2023,061323807,1,2,1,1,30,6,2,0,0,0,0,0,9,1,E01005348,7,1,1.0,0.0,-1,6,30,1,1,1,18:37,4,2,9
2023451323625,2023,451323625,1,1,1,1,41,7,3,0,0,0,0,0,9,2,E01002633,3,1,0.0,1.0,-1,3,70,1,1,1,10:05,3,2,9
202360A136610,2023,60A136610,1,1,1,1,41,7,3,0,0,0,0,0,9,-1,-1,-1,0,0.17737,0.82263,-1,3,70,1,1,1,19:20,6,1,9
2023010461903,2023,010461903,1,1,2,2,2,1,3,0,0,0,4,0,11,4,E01001092,-1,0,0.0,1.0,-1,6,30,1,1,1,18:50,3,2,11
2023131268023,2023,131268023,1,1,3,2,50,8,3,6,9,0,0,2,0,5,E01011031,3,1,0.0,1.0,-1,6,30,1,7,1,19:00,3,1,9
2023221316230,2023,221316230,1,1,1,2,83,11,3,0,0,0,0,0,9,5,E01028864,3,1,0.0,1.0,-1,6,40,1,1,1,09:15,3,2,9
2023211261589,2023,211261589,1,1,3,2,15,3,3,5,1,0,0,0,0,2,E01029547,3,1,0.0,1.0,-1,6,30,2,1,2,08:10,3,1,19
2023201320268,2023,201320268,1,1,1,2,23,5,3,0,0,0,0,0,9,3,E01031095,3,1,0.0,1.0,-1,3,30,2,1,2,11:53,4,2,9
2023461356975,2023,461356975,1,2,2,1,-1,-1,3,0,0,1,0,0,9,-1,-1,3,1,0.0,1.0,-1,6,60,2,1,2,13:13,1,1,9
2023631339088,2023,631339088,2,2,1,1,83,11,2,0,0,0,0,0,9,6,W01000433,6,1,1.0,0.0,-1,6,50,1,1,1,14:40,2,2,9
2023461372193,2023,461372193,2,1,1,2,27,6,3,0,0,0,0,0,9,3,E01024717,3,1,0.0,1.0,-1,6,60,2,1,2,12:45,5,2,9
2023552300373,2023,552300373,1,1,1,1,75,10,3,0,0,0,0,0,9,8,E01020474,-1,0,0.10042,0.89958,-1,6,60,1,1,1,13:34,5,2,9
2023131369241,2023,131369241,2,1,1,2,35,6,3,0,0,0,0,0,19,2,E01011781,3,1,0.0,1.0,-1,6,40,5,1,2,08:10,4,2,19
2023991325931,2023,991325931,2,1,1,2,42,7,2,0,0,0,0,0,1,8,-1,7,1,1.0,0.0,-1,6,30,1,1,1,17:09,3,2,1
2023010472312,2023,010472312,1,1,3,2,32,6,2,6,9,0,0,0,0,3,E01033607,-1,0,1.0,0.0,-1,6,20,1,4,1,18:03,2,2,19
2023010437904,2023,010437904,1,1,1,2,25,5,3,0,0,0,0,0,1,5,E01004527,-1,0,0.0,1.0,-1,6,20,1,1,1,17:50,2,2,1
2023311355282,2023,311355282,1,1,3,2,22,5,3,10,9,0,0,0,0,-1,-1,3,1,0.0,1.0,-1,6,30,1,1,1,14:00,3,1,9
2023622300826,2023,622300826,2,2,1,1,40,7,3,0,0,0,0,0,8,2,W01001138,-1,0,0.03062,0.96938,-1,1,40,5,4,2,20:08,4,2,8
2023010465542,2023,010465542,1,1,1,-1,21,5,3,0,0,0,0,0,3,5,E01001086,-1,0,0.0,1.0,-1,1,30,9,1,9,15:25,3,2,3
2023201292394,2023,201292394,1,1,1,2,30,6,3,0,0,0,0,0,1,6,E01009802,3,1,0.0,1.0,-1,6,30,1,1,1,17:30,4,2,1
2023631316064,2023,631316064,1,1,2,2,62,9,3,0,0,1,0,0,9,5,W01000650,3,1,0.0,1.0,-1,6,50,1,1,1,08:00,4,2,9
2023991321152,2023,991321152,1,1,1,1,69,10,3,0,0,0,0,0,9,9,E01027856,3,1,0.0,1.0,-1,6,60,1,1,1,14:45,5,2,9
2023061264409,2023,061264409,2,2,2,2,49,8,3,0,0,-1,0,0,9,-1,-1,3,1,0.0,1.0,-1,6,30,1,1,-1,15:30,2,2,9
2023061325658,2023,061325658,2,1,1,1,54,8,3,0,0,0,0,0,9,-1,-1,3,1,0.0,1.0,-1,7,30,1,1,-1,18:25,2,2,9
2023061389679,2023,061389679,2,1,1,-1,45,7,2,0,0,0,0,0,9,1,E01005024,6,1,1.0,0.0,-1,6,30,1,1,1,08:45,2,2,9
2023320495668,2023,320495668,2,1,1,1,67,10,3,0,0,0,0,0,9,10,E01023364,-1,0,0.09436,0.90564,-1,6,60,1,1,1,14:15,5,2,9
2023461320303,2023,461320303,1,2,2,2,31,6,3,0,0,2,0,0,9,3,E01024529,3,1,0.0,1.0,-1,6,30,1,4,2,23:15,5,2,9
2023311286537,2023,311286537,1,1,1,1,20,4,3,0,0,0,0,0,9,6,E01028413,3,1,0.0,1.0,-1,6,60,1,1,2,10:09,3,1,9
2023991377845,2023,991377845,1,1,1,2,18,4,3,0,0,0,0,0,9,5,-1,3,1,0.0,1.0,-1,6,30,1,1,1,07:14,7,2,9
2023351331858,2023,351331858,1,2,2,1,20,4,2,0,0,1,0,0,9,8,E01018223,7,1,1.0,0.0,-1,6,40,1,4,1,23:38,7,1,9
2023440474569,2023,440474569,2,1,2,1,13,3,3,0,0,2,0,0,9,7,E01022735,-1,0,0.05712,0.94288,-1,6,60,1,1,1,12:48,2,2,9
2023451299057,2023,451299057,2,1,1,2,64,9,3,0,0,0,0,0,9,5,E01030572,3,1,0.0,1.0,-1,6,30,1,1,1,07:50,5,2,9
2023501363047,2023,501363047,1,1,1,1,37,7,3,0,0,0,0,0,9,2,E01020037,3,1,0.0,1.0,-1,6,30,1,1,1,10:05,1,5,9
2023010450858,2023,010450858,2,1,1,1,43,7,2,0,0,0,0,0,-1,2,E01003159,-1,0,1.0,0.0,-1,6,30,1,1,1,17:20,5,2,-1
2023010451408,2023,010451408,1,1,1,1,24,5,3,0,0,0,0,0,9,6,E01000487,-1,0,0.0,1.0,-1,6,20,1,1,1,18:43,1,2,9
2023340NN2902,2023,340NN2902,1,2,2,2,11,3,3,0,0,2,0,0,9,-1,-1,-1,0,0.09313,0.90687,-1,6,40,1,1,1,18:20,5,2,9
2023531275379,2023,531275379,1,1,1,2,24,5,2,0,0,0,0,0,9,5,E01014099,7,1,1.0,0.0,-1,6,50,1,1,1,11:00,6,2,9
202363A009723,2023,63A009723,2,2,2,2,75,10,2,0,0,2,0,0,9,7,W01000679,-1,0,1.0,0.0,-1,6,60,1,1,1,15:05,3,2,9
2023010434553,2023,010434553,1,1,1,1,23,5,3,0,0,0,0,0,9,5,E01004165,-1,0,0.0,1.0,-1,6,30,1,1,1,15:53,2,4,9
2023010480966,2023,010480966,1,1,1,1,35,6,3,0,0,0,0,0,9,2,E01001395,-1,0,0.0,1.0,-1,6,30,1,4,1,19:25,4,2,9
2023161280538,2023,161280538,1,1,1,1,24,5,3,0,0,0,0,0,9,4,E01026377,3,1,0.0,1.0,-1,6,60,1,1,1,15:02,5,2,9
2023991275299,2023,991275299,2,1,1,2,23,5,3,0,0,0,0,0,9,-1,-1,3,1,0.0,1.0,-1,3,30,2,4,2,18:05,4,2,9
202363A004723,2023,63A004723,1,1,3,1,74,10,2,5,3,0,0,0,0,6,W01000653,-1,0,1.0,0.0,-1,6,30,1,1,2,11:22,5,1,9
2023522301105,2023,522301105,2,1,1,1,21,5,3,0,0,0,0,0,1,7,E01014554,-1,0,0.07648,0.92352,-1,6,30,2,1,2,13:59,6,2,1
2023131299993,2023,131299993,1,3,2,1,22,5,1,0,0,2,0,0,9,4,E01010763,1,1,0.0,0.0,-1,6,30,1,4,1,01:30,2,3,9
2023211379509,2023,211379509,1,1,1,1,19,4,3,0,0,0,0,0,9,8,E01029517,3,1,0.0,1.0,-1,6,30,2,4,2,05:35,2,3,9
2023631338442,2023,631338442,1,1,1,1,21,5,3,0,0,0,0,0,9,6,W01001520,3,1,0.0,1.0,-1,6,60,2,1,2,08:15,7,1,9
2023411302948,2023,411302948,1,1,3,2,57,9,3,4,1,0,0,0,0,4,E01023534,3,1,0.0,1.0,-1,6,30,1,1,1,07:30,5,1,9
2023991381302,2023,991381302,2,3,2,1,69,10,3,0,0,-1,0,0,9,3,-1,3,1,0.0,1.0,-1,3,70,1,1,1,10:50,6,2,9
2023201378496,2023,201378496,1,1,1,1,53,8,3,0,0,0,0,0,19,-1,-1,3,1,0.0,1.0,-1,6,30,1,1,2,11:50,2,2,19
2023440464850,2023,440464850,1,1,1,2,18,4,2,0,0,0,0,0,3,3,E01022840,-1,0,1.0,0.0,-1,6,30,1,4,1,23:03,2,2,3
2023231375214,2023,231375214,1,1,3,2,29,6,3,9,8,0,0,0,0,10,E01028608,3,1,0.0,1.0,-1,6,60,1,1,1,15:40,2,1,9
2023552301012,2023,552301012,1,1,3,1,61,9,3,9,9,0,0,0,0,4,E01020551,-1,0,0.10222,0.89778,-1,2,30,1,1,1,17:14,3,1,9
2023371282225,2023,371282225,1,2,1,1,37,7,3,0,0,0,0,0,19,6,E01030212,3,1,0.0,1.0,-1,6,60,8,1,1,14:50,3,2,19
2023552300279,2023,552300279,2,1,1,1,33,6,3,0,0,0,0,0,9,8,E01020450,-1,0,0.08827,0.91173,-1,6,60,1,6,1,19:47,4,2,9
2023991392765,2023,991392765,1,2,1,1,70,10,3,0,0,0,0,0,9,10,-1,3,1,0.0,1.0,-1,6,30,2,1,2,12:20,5,1,9
2023010476974,2023,010476974,2,2,3,2,-1,-1,3,5,9,0,0,0,0,-1,-1,-1,0,0.0,1.0,-1,6,30,2,5,2,08:10,4,2,9
2023010483445,2023,010483445,1,1,3,2,15,3,3,1,1,0,0,0,0,5,E01000488,-1,0,0.0,1.0,-1,1,30,1,4,1,17:43,2,1,9
2023302300132,2023,302300132,1,1,3,2,63,9,3,6,9,0,0,0,0,8,E01013546,-1,0,0.06599,0.93401,-1,6,30,1,1,4,13:55,1,1,9
2023991299274,2023,991299274,2,1,1,1,35,6,2,0,0,0,0,0,1,6,-1,7,1,1.0,0.0,-1,6,30,1,1,1,07:25,6,3,1
2023010464831,2023,010464831,2,1,1,1,24,5,3,0,0,0,0,0,3,4,E01003626,-1,0,0.0,1.0,-1,6,30,1,1,1,17:50,6,2,3
2023010478816,2023,010478816,1,1,1,-1,19,4,3,0,0,0,0,0,3,7,E01000326,-1,0,0.0,1.0,-1,3,40,2,4,2,07:05,7,2,3
2023061332632,2023,061332632,1,2,2,2,69,10,2,0,0,1,0,0,9,5,E01006391,7,1,1.0,0.0,-1,6,30,1,1,-1,09:18,4,2,9
2023070546038,2023,070546038,3,1,1,2,51,8,3,0,0,0,0,0,9,10,E01018695,-1,0,0.04358,0.95642,-1,3,70,1,1,1,16:55,4,3,9
2023471263448,2023,471263448,1,1,2,1,78,11,2,0,0,1,0,0,9,9,E01031623,7,1,1.0,0.0,-1,6,30,1,6,1,00:09,1,2,9
2023010471451,2023,010471451,1,1,3,1,53,8,3,10,9,0,0,0,0,2,E01002368,-1,0,0.0,1.0,-1,9,20,8,1,1,18:15,4,1,9
2023451322214,2023,451322214,1,1,3,2,26,6,2,1,1,0,0,0,0,8,E01030954,7,1,1.0,0.0,-1,3,30,1,1,1,19:37,6,1,9
2023552400051,2023,552400051,1,2,3,1,27,6,3,6,9,0,0,0,0,9,E01015405,-1,0,0.20193,0.79807,-1,6,30,1,4,1,20:20,6,1,9
2023010421266,2023,010421266,1,1,1,1,19,4,3,0,0,0,0,0,3,1,E01002026,-1,0,0.0,1.0,-1,1,20,2,4,2,16:20,4,2,3
2023430055763,2023,430055763,2,1,1,2,43,7,3,0,0,0,0,0,9,10,E01016693,-1,0,0.0293,0.9707,-1,6,30,1,1,1,11:51,2,2,9
2023451292467,2023,451292467,1,2,2,1,21,5,3,0,0,2,0,0,9,8,E01025105,3,1,0.0,1.0,-1,6,40,2,6,2,21:43,5,2,9
2023471307498,2023,471307498,1,1,1,2,22,5,3,0,0,0,0,0,9,5,E01021000,3,1,0.0,1.0,-1,6,30,1,1,1,09:09,2,2,9
2023991273824,2023,991273824,1,2,1,1,51,8,3,0,0,0,0,0,9,1,-1,3,1,0.0,1.0,-1,6,30,1,4,1,06:25,4,3,9
2023451361633,2023,451361633,1,1,1,2,54,8,2,0,0,0,0,0,1,10,E01030308,7,1,1.0,0.0,-1,6,30,1,1,1,17:40,2,2,1
2023010430168,2023,010430168,1,1,3,2,51,8,3,1,1,0,0,0,0,2,E01004219,-1,0,0.0,1.0,-1,6,30,1,4,1,21:13,5,1,4
2023010470516,2023,010470516,1,1,1,1,36,7,3,0,0,0,0,0,9,4,E01003666,-1,0,0.0,1.0,-1,6,30,1,4,1,20:48,6,7,9
2023010473882,2023,010473882,1,2,2,2,34,6,3,0,0,1,0,0,9,10,E01002188,-1,0,0.0,1.0,-1,6,30,1,1,2,09:16,4,3,9
2023351388183,2023,351388183,2,3,2,1,34,6,3,0,0,1,0,0,9,7,E01018023,3,1,0.0,1.0,-1,6,60,2,6,2,16:47,1,2,9
2023461356455,2023,461356455,1,1,1,1,21,5,3,0,0,0,0,0,9,1,E01024613,3,1,0.0,1.0,-1,3,70,1,1,1,10:20,5,1,9
2023201372720,2023,201372720,2,1,2,2,64,9,3,0,0,0,4,0,11,3,E01009941,3,1,0.0,1.0,-1,6,30,1,1,1,17:27,4,2,11
2023161320202,2023,161320202,1,1,1,1,41,7,3,0,0,0,0,0,19,5,E01026367,3,1,0.0,1.0,-1,6,50,1,1,1,13:30,4,2,19
2023052301906,2023,052301906,1,1,3,2,35,6,3,5,3,0,0,0,0,3,E01006496,-1,0,0.08158,0.91842,-1,6,30,1,1,1,12:30,2,1,9
2023201342210,2023,201342210,1,1,3,2,6,2,3,1,1,0,0,0,0,2,E01008884,3,1,0.0,1.0,-1,6,30,1,1,1,17:39,6,1,9
2023070692967,2023,070692967,2,1,1,1,47,8,2,0,0,0,0,0,1,5,E01018501,-1,0,1.0,0.0,-1,6,30,2,4,2,21:04,1,2,1
2023010479317,2023,010479317,1,1,1,1,19,4,3,0,0,0,0,0,3,2,E01001980,-1,0,0.0,1.0,-1,6,20,1,1,1,14:30,6,2,3
2023010427246,2023,010427246,1,1,1,1,34,6,3,0,0,0,0,0,9,3,E01000404,-1,0,0.0,1.0,-1,9,20,1,4,1,17:26,3,1,9