collision_index,collision_year,collision_ref_no,vehicle_reference,casualty_reference,casualty_class,sex_of_casualty,age_of_casualty,age_band_of_casualty,casualty_severity,pedestrian_location,pedestrian_movement,car_passenger,bus_or_coach_passenger,pedestrian_road_maintenance_worker,casualty_type,casualty_imd_decile,lsoa_of_casualty,enhanced_casualty_severity,casualty_injury_based,casualty_adjusted_severity_serious,casualty_adjusted_severity_slight,casualty_distance_banding,road_type,speed_limit,weather_conditions,light_conditions,road_surface_conditions,time,day_of_week,number_of_vehicles,vehicle_type
2023531338300,2023,531338300,2,1,2,2,5,1,3,0,0,2,0,0,9,9,E01022453,3,1,0.0,1.0,-1,7,40,1,1,1,09:47,1,2,9
2023131370290,2023,131370290,2,1,1,1,24,5,3,0,0,0,0,0,1,6,E01010785,3,1,0.0,1.0,-1,1,30,2,7,2,08:50,5,2,1
2023131290240,2023,131290240,1,1,3,1,2,1,3,1,1,0,0,-1,0,2,E01011914,3,1,0.0,1.0,-1,6,30,1,1,2,17:55,4,1,9
2023991321613,2023,991321613,1,1,3,2,43,7,3,9,9,0,0,0,0,2,-1,3,1,0.0,1.0,-1,3,30,1,1,1,12:11,5,2,9
2023131370842,2023,131370842,2,1,1,2,43,7,3,0,0,0,0,0,9,1,E01011904,3,1,0.0,1.0,-1,6,30,2,7,2,19:30,5,2,9
2023411363773,2023,411363773,2,2,2,1,60,9,3,0,0,-1,0,0,9,4,E01023301,3,1,0.0,1.0,-1,1,30,9,1,-1,13:45,1,2,9
2023552300054,2023,552300054,1,1,1,1,19,4,3,0,0,0,0,0,9,6,E01020397,-1,0,0.11956,0.88044,-1,6,60,4,6,2,01:30,1,1,9
2023430505923,2023,430505923,1,1,2,2,60,9,3,0,0,2,0,0,8,5,E01016487,-1,0,0.05367,0.94633,-1,3,30,1,1,1,11:14,6,2,8
2023041377240,2023,041377240,2,1,1,1,44,7,3,0,0,0,0,0,9,5,E01025144,3,1,0.0,1.0,-1,6,30,8,4,2,00:30,1,2,9
2023070885492,2023,070885492,2,1,1,2,32,6,3,0,0,0,0,0,9,7,E01012496,-1,0,0.00464,0.99536,-1,6,30,1,1,1,16:50,6,2,9
2023361315034,2023,361315034,1,1,1,2,50,8,3,0,0,0,0,0,9,9,E01026871,3,1,0.0,1.0,-1,6,40,1,1,1,16:17,5,2,9
2023010472719,2023,010472719,1,1,3,1,60,9,2,5,1,0,0,0,0,10,E01021217,-1,0,1.0,0.0,-1,6,20,2,1,2,17:10,4,1,11
2023131334489,2023,131334489,2,1,1,2,36,7,2,0,0,0,0,0,9,4,E01025192,6,1,1.0,0.0,-1,6,30,1,1,1,16:56,6,2,9
2023320776260,2023,320776260,2,2,1,2,28,6,2,0,0,0,0,0,9,6,E01026380,-1,0,1.0,0.0,-1,6,60,1,6,1,17:21,2,2,9
2023421298579,2023,421298579,1,2,2,2,74,10,2,0,0,1,0,0,9,5,E01021487,7,1,1.0,0.0,-1,1,50,1,1,1,15:42,4,2,9
2023501382549,2023,501382549,1,3,2,1,11,3,3,0,0,-1,0,0,9,3,E01019062,3,1,0.0,1.0,-1,6,60,2,4,2,16:40,2,2,9
2023552300038,2023,552300038,1,1,1,2,31,6,3,0,0,0,0,0,9,5,E01015421,-1,0,0.05484,0.94516,-1,1,30,1,4,2,07:03,6,1,9
2023991356227,2023,991356227,2,1,1,2,35,6,3,0,0,0,0,0,9,5,-1,3,1,0.0,1.0,-1,6,20,1,1,1,11:23,1,2,9
2023421364857,2023,421364857,1,1,1,1,44,7,2,0,0,0,0,0,1,2,E01021322,7,1,1.0,0.0,-1,6,30,1,1,1,15:22,5,2,1
2023520401076,2023,520401076,1,1,1,2,33,6,3,0,0,0,0,0,9,7,E01014847,-1,0,0.08873,0.91127,-1,6,60,2,6,2,19:06,7,1,9
2023461296620,2023,461296620,2,1,1,1,44,7,3,0,0,0,0,0,1,2,E01024840,3,1,0.0,1.0,-1,6,30,7,1,1,07:22,7,2,1
2023471351071,2023,471351071,2,1,1,2,39,7,3,0,0,0,0,0,1,6,E01031484,3,1,0.0,1.0,-1,6,30,1,1,1,06:45,2,2,1
2023552300780,2023,552300780,2,1,1,1,63,9,3,0,0,0,0,0,1,4,E01032644,-1,0,0.10517,0.89483,-1,6,30,2,1,2,15:52,6,2,1
2023221315004,2023,221315004,2,1,1,1,22,5,3,0,0,0,0,0,9,3,E01029752,3,1,0.0,1.0,-1,3,70,1,1,1,19:50,3,3,9
2023622300747,2023,622300747,2,2,1,1,70,10,3,0,0,0,0,0,9,2,W01000789,-1,0,0.023,0.977,-1,6,40,1,1,1,14:28,2,2,9
2023041343593,2023,041343593,3,1,1,1,34,6,3,0,0,0,0,0,19,6,E01025261,3,1,0.0,1.0,-1,3,70,1,1,1,08:00,1,3,19
2023010460929,2023,010460929,1,2,2,-1,-1,-1,3,0,0,1,0,0,9,3,E01002325,-1,0,0.0,1.0,-1,1,30,1,1,1,14:25,4,2,9
2023201388968,2023,201388968,1,1,1,1,41,7,3,0,0,0,0,0,9,1,E01032889,3,1,0.0,1.0,-1,7,30,2,1,2,19:56,7,2,9
2023201402987,2023,201402987,2,2,2,1,15,3,3,0,0,-1,0,0,9,7,E01010551,3,1,0.0,1.0,-1,6,30,1,1,1,10:03,7,3,9
2023320716822,2023,320716822,2,1,1,2,50,8,3,0,0,0,0,0,9,8,E01032994,-1,0,0.04244,0.95756,-1,6,60,1,1,1,07:30,2,2,9
2023411397479,2023,411397479,1,1,1,2,35,6,3,0,0,0,0,0,9,9,E01017551,3,1,0.0,1.0,-1,3,70,1,4,2,06:35,3,1,9
2023421305467,2023,421305467,1,1,1,2,32,6,3,0,0,0,0,0,9,9,E01021555,3,1,0.0,1.0,-1,6,30,1,1,1,16:14,3,2,9
2023031278425,2023,031278425,1,1,1,1,58,9,3,0,0,0,0,0,19,4,E01019364,3,1,0.0,1.0,-1,6,50,1,1,2,11:41,2,2,19
2023461341527,2023,461341527,1,1,1,2,78,11,3,0,0,0,0,0,9,8,E01024055,3,1,0.0,1.0,-1,6,40,2,1,2,13:06,7,2,9
2023501302654,2023,501302654,2,1,1,1,46,8,3,0,0,0,0,0,9,5,E01020182,3,1,0.0,1.0,-1,6,30,1,1,1,19:14,2,2,9
2023610048323,2023,610048323,1,1,1,1,22,5,3,0,0,1,0,0,9,10,W01001799,-1,0,0.16916,0.83084,-1,3,70,2,6,2,04:55,7,2,9
2023052300422,2023,052300422,1,2,1,2,52,8,3,0,0,0,0,0,9,1,E01018550,-1,0,0.03898,0.96102,-1,3,40,1,1,1,13:00,7,2,9
2023131368300,2023,131368300,1,2,2,1,17,4,3,0,0,1,0,0,9,1,E01010626,3,1,0.0,1.0,-1,6,30,2,4,2,22:06,1,3,9
2023340WN7292,2023,340WN7292,1,1,1,1,22,5,3,0,0,0,0,0,9,7,E01026994,-1,0,0.11683,0.88317,-1,6,60,1,7,2,20:21,6,2,9
2023471295014,2023,471295014,2,2,2,1,-1,-1,3,0,0,0,4,0,11,-1,-1,3,1,0.0,1.0,-1,6,20,1,1,1,13:34,1,2,11
2023041369906,2023,041369906,1,1,1,2,34,6,3,0,0,0,0,0,9,3,E01025087,3,1,0.0,1.0,-1,6,50,2,1,2,13:15,5,1,9
2023501330352,2023,501330352,2,2,1,2,21,5,3,0,0,0,0,0,9,3,E01018893,3,1,0.0,1.0,-1,6,30,1,1,1,15:19,2,2,9
2023170S10633,2023,170S10633,2,1,1,2,45,7,3,0,0,0,0,0,9,1,E01033477,-1,0,0.06962,0.93038,-1,6,30,1,1,1,14:14,2,3,9
2023231306459,2023,231306459,2,4,1,2,35,6,3,0,0,0,0,0,9,3,E01032536,3,1,0.0,1.0,-1,3,70,2,1,2,17:33,1,2,9
2023451322782,2023,451322782,2,2,1,2,21,5,3,0,0,0,0,0,9,10,E01030398,3,1,0.0,1.0,-1,6,30,1,1,1,11:31,2,2,9
2023501283600,2023,501283600,1,3,3,1,20,4,3,10,9,0,0,0,0,9,E01015126,3,1,0.0,1.0,-1,6,30,1,4,2,22:40,3,1,9
2023010485097,2023,010485097,1,1,1,1,24,5,3,0,0,0,0,0,1,5,E01002791,-1,0,0.0,1.0,-1,2,20,1,4,9,22:55,3,2,1
2023320522293,2023,320522293,2,1,1,1,16,4,3,0,0,0,0,0,1,2,E01026011,-1,0,0.08868,0.91132,-1,1,30,1,1,1,16:15,3,2,1
2023501261646,2023,501261646,1,1,1,1,22,5,3,0,0,0,0,0,3,4,E01020135,3,1,0.0,1.0,-1,6,30,1,1,2,11:36,3,1,3
2023542129023,2023,542129023,3,2,2,2,85,11,3,0,0,1,0,0,9,7,E01023159,-1,0,0.1074,0.8926,-1,6,60,1,1,1,15:41,1,3,9
2023010434643,2023,010434643,1,1,3,2,32,6,3,5,1,0,0,0,0,4,E01001158,-1,0,0.0,1.0,-1,3,30,2,1,2,09:42,3,1,9
2023010438036,2023,010438036,1,1,1,1,28,6,3,0,0,0,0,0,1,3,E01001186,-1,0,0.0,1.0,-1,6,20,9,1,9,12:55,7,2,1
2023010448824,2023,010448824,1,1,1,2,51,8,3,0,0,0,0,0,9,4,E01001934,-1,0,0.0,1.0,-1,6,20,1,1,1,18:00,3,2,9
2023101292158,2023,101292158,1,1,1,1,59,9,2,0,0,0,0,0,9,-1,-1,5,1,1.0,0.0,-1,6,60,1,6,1,04:54,5,1,9
2023332300325,2023,332300325,2,1,1,1,30,6,3,0,0,0,0,0,9,9,E01018513,-1,0,0.03711,0.96289,-1,6,50,2,1,2,20:00,7,2,9
2023052300944,2023,052300944,1,1,3,1,12,3,2,8,3,0,0,0,0,5,E01006593,-1,0,1.0,0.0,-1,6,30,1,1,1,15:20,3,1,9
2023010452196,2023,010452196,1,1,1,1,25,5,3,0,0,0,0,0,3,2,E01003079,-1,0,0.0,1.0,-1,2,30,1,1,1,16:10,4,2,3
2023131348416,2023,131348416,1,1,1,1,18,4,1,0,0,0,0,0,3,1,E01010614,1,1,0.0,0.0,-1,7,40,1,1,1,18:56,6,2,3
2023041327609,2023,041327609,3,1,1,1,53,8,3,0,0,0,0,0,9,4,E01012713,3,1,0.0,1.0,-1,6,20,1,1,2,17:10,1,3,9
2023041389143,2023,041389143,1,1,1,1,70,10,3,0,0,0,0,0,9,9,E01012609,3,1,0.0,1.0,-1,6,60,1,1,1,15:28,7,2,9
2023071200878,2023,071200878,2,1,1,2,27,6,3,0,0,0,0,0,9,1,E01007138,-1,0,0.00354,0.99646,-1,1,30,1,1,1,16:25,3,2,9
2023320380844,2023,320380844,3,1,1,1,64,9,3,0,0,0,0,0,9,9,E01026234,-1,0,0.02817,0.97183,-1,6,60,1,1,1,09:32,4,3,9
2023361330043,2023,361330043,2,1,2,2,65,9,3,0,0,2,0,0,9,6,E01026612,3,1,0.0,1.0,-1,6,60,1,1,1,08:04,2,4,9
2023991349462,2023,991349462,2,2,2,1,65,9,3,0,0,0,0,0,19,-1,-1,3,1,0.0,1.0,-1,6,30,1,1,1,07:36,4,2,19
2023201455468,2023,201455468,1,1,3,2,41,7,3,1,3,0,0,0,0,1,E01008911,3,1,0.0,1.0,-1,7,30,2,4,2,22:31,7,1,9
2023010440346,2023,010440346,2,2,2,1,13,3,3,0,0,0,0,0,1,1,E01001811,-1,0,0.0,1.0,-1,6,20,1,1,1,12:00,1,2,1
2023070656235,2023,070656235,2,1,1,1,-1,-1,3,0,0,0,0,0,3,3,E01012470,-1,0,0.09329,0.90671,-1,3,40,1,1,1,08:30,5,2,3
2023031392548,2023,031392548,2,1,1,2,20,4,3,0,0,0,0,0,9,7,E01019219,3,1,0.0,1.0,-1,6,30,2,4,2,15:50,4,3,9
2023141293182,2023,141293182,2,1,1,1,12,3,3,0,0,0,0,0,1,-1,-1,3,1,0.0,1.0,-1,6,30,1,1,1,11:00,2,2,1
2023010463066,2023,010463066,1,1,1,1,54,8,3,0,0,0,0,0,5,3,E01033100,-1,0,0.0,1.0,-1,2,30,1,4,1,22:40,6,2,5
2023010425465,2023,010425465,1,1,1,2,79,11,3,0,0,0,0,0,9,6,E01002655,-1,0,0.0,1.0,-1,6,20,9,1,1,13:08,1,3,9
2023351289854,2023,351289854,1,1,1,1,59,9,3,0,0,0,0,0,19,2,E01027330,3,1,0.0,1.0,-1,6,50,1,6,1,05:40,5,2,19
2023141312311,2023,141312311,1,1,3,1,27,6,3,6,9,0,0,0,0,9,E01019805,3,1,0.0,1.0,-1,6,30,1,1,1,10:00,4,1,9
2023430131430,2023,430131430,1,1,3,1,41,7,3,9,9,0,0,0,0,7,E01028424,-1,0,0.14076,0.85924,-1,6,30,1,1,1,18:10,3,1,9
2023302301994,2023,302301994,2,2,2,1,37,7,3,0,0,1,0,0,8,5,E01029470,-1,0,0.04184,0.95816,-1,6,30,1,5,1,19:58,2,2,8
2023141326388,2023,141326388,1,2,1,1,27,6,3,0,0,0,0,0,9,7,E01007483,3,1,0.0,1.0,-1,6,30,1,4,1,23:09,4,2,9
2023461273441,2023,461273441,1,2,2,2,23,5,3,0,0,1,0,0,9,1,E01024498,3,1,0.0,1.0,-1,6,30,1,4,2,19:11,7,2,9
2023320111161,2023,320111161,2,3,1,1,60,9,3,0,0,0,0,0,19,5,E01013211,-1,0,0.09357,0.90643,-1,6,60,1,6,1,18:25,3,2,19
2023351356543,2023,351356543,2,1,1,1,14,3,2,0,0,0,0,0,1,6,E01018281,7,1,1.0,0.0,-1,6,30,1,1,-1,18:07,1,2,1
2023451296978,2023,451296978,2,1,1,1,51,8,3,0,0,0,0,0,1,10,E01030807,3,1,0.0,1.0,-1,6,30,1,1,2,10:15,7,2,1
2023440490552,2023,440490552,1,1,1,1,39,7,2,0,0,0,0,0,3,4,E01017339,-1,0,1.0,0.0,-1,6,30,4,6,2,19:59,5,1,3
2023010450629,2023,010450629,2,2,2,1,16,4,3,0,0,1,0,0,9,6,E01000273,-1,0,0.0,1.0,-1,3,70,1,4,1,03:10,5,2,9
2023010462245,2023,010462245,1,1,1,2,24,5,3,0,0,0,0,0,9,6,E01001163,-1,0,0.0,1.0,-1,6,20,1,4,1,00:18,4,2,9
2023031355250,2023,031355250,1,1,1,1,45,7,3,0,0,0,0,0,9,-1,-1,3,1,0.0,1.0,-1,6,30,1,1,1,15:55,5,2,9
202360A007444,2023,60A007444,2,1,2,2,62,9,3,0,0,1,0,0,9,-1,-1,-1,0,0.04211,0.95789,-1,6,30,3,4,3,19:19,2,2,9
2023041318203,2023,041318203,1,1,3,1,12,3,3,10,3,0,0,0,0,6,E01025026,3,1,0.0,1.0,-1,6,20,1,1,1,07:05,3,1,9
2023131346494,2023,131346494,1,1,3,1,39,7,3,1,1,0,0,2,0,5,E01032495,3,1,0.0,1.0,-1,6,20,1,1,1,14:30,3,1,11
2023221284369,2023,221284369,1,1,3,1,37,7,3,6,9,0,0,0,0,5,E01028897,3,1,0.0,1.0,-1,2,20,1,1,1,08:42,6,1,21
2023522400420,2023,522400420,1,1,1,1,54,8,3,0,0,0,0,0,1,7,E01014535,-1,0,0.05842,0.94158,-1,6,20,1,1,1,17:15,2,2,1
2023440404107,2023,440404107,2,1,1,1,23,5,3,0,0,0,0,0,3,10,E01030891,-1,0,0.20288,0.79712,-1,6,30,1,1,2,17:02,3,2,3
2023041275693,2023,041275693,2,2,2,1,61,9,2,0,0,0,0,0,4,9,E01006331,6,1,1.0,0.0,-1,6,30,1,4,1,18:05,1,2,4
2023471341597,2023,471341597,2,1,1,1,15,3,3,0,0,0,0,0,1,8,E01016992,3,1,0.0,1.0,-1,6,20,1,1,2,15:38,2,2,1
2023010448739,2023,010448739,1,1,1,2,56,9,3,0,0,0,0,0,9,1,E01003516,-1,0,0.0,1.0,-1,6,30,1,1,1,15:30,2,1,9
2023131261718,2023,131261718,1,1,1,2,20,4,3,0,0,0,0,0,9,6,E01011861,3,1,0.0,1.0,-1,6,30,2,4,2,18:43,3,2,9
2023161280116,2023,161280116,1,1,1,1,22,5,3,0,0,0,0,0,9,-1,-1,3,1,0.0,1.0,-1,7,40,1,1,1,14:03,7,2,9
2023546194823,2023,546194823,1,1,1,1,44,7,3,0,0,0,0,0,9,9,E01015481,-1,0,0.06273,0.93727,-1,6,30,1,1,1,17:31,3,4,9
2023061262483,2023,061262483,1,1,1,1,28,6,3,0,0,0,0,0,1,1,E01005261,3,1,0.0,1.0,-1,3,30,1,4,2,17:00,4,2,1
2023010471136,2023,010471136,2,1,1,1,32,6,2,0,0,0,0,0,2,4,E01002101,-1,0,1.0,0.0,-1,6,20,1,1,1,12:20,3,2,2
2023010424761,2023,010424761,1,1,1,1,28,6,3,0,0,0,0,0,3,3,E01001177,-1,0,0.0,1.0,-1,6,30,1,1,2,15:20,1,2,3
2023430525906,2023,430525906,2,1,1,1,33,6,2,0,0,0,0,0,4,10,E01017374,-1,0,1.0,0.0,-1,6,60,2,7,2,16:58,4,2,4
2023010459594,2023,010459594,1,1,1,1,64,9,3,0,0,0,0,0,5,8,E01001022,-1,0,0.0,1.0,-1,6,20,1,1,2,18:11,3,2,5
2023122300840,2023,122300840,2,1,1,1,42,7,3,0,0,0,0,0,9,1,E01027804,-1,0,0.04009,0.95991,-1,6,30,1,1,1,07:28,4,2,9
2023141296393,2023,141296393,2,1,2,2,81,11,2,0,0,1,0,0,9,8,E01007661,7,1,1.0,0.0,-1,6,30,4,1,1,13:00,5,2,9
2023991308564,2023,991308564,2,2,2,2,54,8,3,0,0,1,0,0,9,-1,-1,3,1,0.0,1.0,-1,6,20,1,1,1,14:13,4,2,9
2023461313178,2023,461313178,1,3,2,2,87,11,2,0,0,1,0,0,9,7,E01024630,6,1,1.0,0.0,-1,6,60,1,1,1,12:05,3,2,9
2023010432413,2023,010432413,1,1,3,2,57,9,3,5,1,0,0,0,0,1,E01004005,-1,0,0.0,1.0,-1,2,20,2,1,2,17:20,4,1,8
2023221276812,2023,221276812,1,1,3,2,70,10,1,5,3,0,0,0,0,-1,-1,1,1,0.0,0.0,-1,3,50,1,5,2,18:44,4,1,9
2023041320071,2023,041320071,1,2,2,1,37,7,3,0,0,1,0,0,9,9,E01025074,3,1,0.0,1.0,-1,3,70,2,4,2,21:36,1,1,9
2023401373897,2023,401373897,2,1,1,2,23,5,3,0,0,0,0,0,9,2,E01015702,3,1,0.0,1.0,-1,6,30,1,1,1,10:25,7,2,9
2023440123248,2023,440123248,1,2,2,1,82,11,3,0,0,0,4,0,11,10,E01023038,-1,0,0.1334,0.8666,-1,6,30,1,1,1,15:19,3,1,11
2023010437897,2023,010437897,1,1,1,1,42,7,2,0,0,0,0,0,5,6,E01000414,-1,0,1.0,0.0,-1,6,30,1,1,1,17:23,2,3,5
2023421300228,2023,421300228,1,2,2,1,63,9,3,0,0,1,0,0,9,-1,-1,3,1,0.0,1.0,-1,6,30,1,1,1,09:12,2,3,9
2023440513172,2023,440513172,1,1,2,2,32,6,3,0,0,1,0,0,9,-1,-1,-1,0,0.05688,0.94312,-1,6,30,1,1,2,14:22,7,2,9
2023631387984,2023,631387984,1,1,3,2,77,11,2,5,4,0,0,2,0,6,W01000502,5,1,1.0,0.0,-1,6,20,1,4,1,19:00,4,1,9
2023221325537,2023,221325537,1,2,2,1,18,4,3,0,0,1,0,0,9,5,E01014079,3,1,0.0,1.0,-1,6,60,1,1,1,21:15,2,1,9
2023302300310,2023,302300310,1,2,2,2,15,3,3,0,0,1,0,0,9,-1,-1,-1,0,0.08185,0.91815,-1,6,50,1,6,2,17:50,1,1,9
2023461281149,2023,461281149,2,1,1,1,56,9,3,0,0,0,0,0,19,8,E01024414,3,1,0.0,1.0,-1,6,40,1,1,1,13:30,6,2,19
2023332300710,2023,332300710,2,1,2,2,7,2,3,0,0,1,0,0,9,7,E01025874,-1,0,0.04106,0.95894,-1,6,40,2,6,2,21:30,1,3,9
2023440020601,2023,440020601,4,1,1,1,78,11,3,0,0,0,0,0,9,8,E01022828,-1,0,0.11714,0.88286,-1,7,60,1,1,2,15:02,2,4,9
2023440505496,2023,440505496,2,1,1,2,26,6,3,0,0,0,0,0,9,6,E01028498,-1,0,0.04642,0.95358,-1,6,30,1,1,1,15:00,2,2,9
2023440524461,2023,440524461,2,1,1,1,79,11,3,0,0,0,0,0,9,8,E01022589,-1,0,0.07343,0.92657,-1,6,30,1,1,2,15:14,1,2,9
2023141285798,2023,141285798,1,1,1,1,73,10,2,0,0,0,0,0,1,6,E01008151,7,1,1.0,0.0,-1,6,20,1,1,1,09:30,3,2,1
2023041358796,2023,041358796,1,1,2,1,7,2,3,0,0,2,0,0,9,2,E01025115,3,1,0.0,1.0,-1,6,40,1,1,1,15:40,5,2,9
2023071228914,2023,071228914,2,2,1,1,65,9,3,0,0,0,0,0,9,9,E01025358,-1,0,0.0617,0.9383,-1,6,30,1,1,2,10:02,3,2,9
2023451277966,2023,451277966,1,1,1,1,41,7,3,0,0,0,0,0,9,5,E01030724,3,1,0.0,1.0,-1,6,30,9,1,1,09:00,6,2,9
2023501317233,2023,501317233,1,1,1,1,22,5,3,0,0,0,0,0,9,6,E01015200,3,1,0.0,1.0,-1,6,60,1,6,1,02:30,1,1,9
2023041289667,2023,041289667,1,1,3,1,27,6,2,4,1,0,0,2,0,7,E01025033,7,1,1.0,0.0,-1,7,30,5,4,2,22:34,4,1,9
2023201379733,2023,201379733,1,1,3,1,51,8,3,9,5,0,0,2,0,5,E01009324,3,1,0.0,1.0,-1,6,30,1,1,1,11:30,6,1,9
2023010457006,2023,010457006,1,1,1,1,61,9,2,0,0,0,0,0,1,3,E01003250,-1,0,1.0,0.0,-1,9,20,1,1,1,16:30,4,2,1
2023010434479,2023,010434479,2,1,1,1,45,7,3,0,0,0,0,0,3,2,E01003066,-1,0,0.0,1.0,-1,1,20,1,1,1,14:30,2,2,3
2023401297829,2023,401297829,2,1,1,1,33,6,3,0,0,0,0,0,3,3,E01016733,3,1,0.0,1.0,-1,7,40,1,1,1,14:30,3,2,3
202354D627523,2023,54D627523,1,1,1,1,83,11,3,0,0,0,0,0,9,5,E01032075,-1,0,0.0562,0.9438,-1,6,30,1,6,2,17:25,1,2,9
2023010486141,2023,010486141,2,1,1,1,36,7,3,0,0,0,0,0,4,-1,-1,-1,0,0.0,1.0,-1,6,20,2,1,2,10:35,4,2,4
2023031297186,2023,031297186,2,1,1,2,60,9,3,0,0,0,0,0,5,-1,-1,3,1,0.0,1.0,-1,6,60,1,1,1,12:15,1,3,5
2023010458212,2023,010458212,3,2,3,2,38,7,2,6,9,0,0,0,0,1,E01003516,-1,0,1.0,0.0,-1,6,20,1,1,1,16:34,2,3,9
2023141275190,2023,141275190,1,1,3,2,12,3,3,5,3,0,0,0,0,5,E01007476,3,1,0.0,1.0,-1,6,30,1,1,2,15:40,7,1,9
2023421344515,2023,421344515,2,1,1,2,22,5,3,0,0,0,0,0,-1,3,E01021669,3,1,0.0,1.0,-1,1,40,1,1,1,06:35,1,2,-1
2023461341514,2023,461341514,2,1,1,1,26,6,2,0,0,0,0,0,5,-1,-1,7,1,1.0,0.0,-1,6,30,1,1,1,11:13,4,2,5
2023501331254,2023,501331254,1,1,1,1,30,6,3,0,0,0,0,0,19,8,E01019908,3,1,0.0,1.0,-1,6,60,1,6,1,00:57,4,1,19
2023471267083,2023,471267083,1,1,3,1,22,5,2,9,8,0,0,0,0,-1,-1,7,1,1.0,0.0,-1,6,40,1,6,2,18:58,2,1,9
2023010440338,2023,010440338,1,1,1,1,28,6,2,0,0,0,0,0,1,5,E01004648,-1,0,1.0,0.0,-1,3,20,1,1,1,09:00,7,2,1
2023010464732,2023,010464732,1,1,1,1,34,6,3,0,0,0,0,0,1,2,E01001448,-1,0,0.0,1.0,-1,6,30,8,1,1,18:15,2,2,1
2023010426169,2023,010426169,2,1,1,1,36,7,2,0,0,0,0,0,2,8,E01002581,-1,0,1.0,0.0,-1,6,30,1,4,1,22:50,4,2,2
2023221289375,2023,221289375,1,1,1,2,36,7,3,0,0,0,0,0,9,10,E01032364,3,1,0.0,1.0,-1,6,30,1,1,2,08:54,6,3,9
2023622300912,2023,622300912,1,1,1,1,18,4,3,0,0,0,0,0,9,10,W01001106,-1,0,0.03713,0.96287,-1,6,30,2,4,2,21:13,6,2,9
2023041331655,2023,041331655,1,1,3,2,24,5,3,1,3,0,0,0,0,2,E01025234,3,1,0.0,1.0,-1,6,30,1,1,1,17:22,4,1,9
2023201288922,2023,201288922,1,1,3,2,57,9,3,5,1,0,0,2,0,-1,-1,3,1,0.0,1.0,-1,6,30,1,1,1,15:13,3,1,9
2023010465218,2023,010465218,1,1,1,1,27,6,3,0,0,0,0,0,9,3,E01000800,-1,0,0.0,1.0,-1,6,30,1,4,1,23:45,1,3,9
2023041361266,2023,041361266,1,1,1,1,40,7,3,0,0,0,0,0,9,7,-1,3,1,0.0,1.0,-1,3,70,1,1,1,13:12,4,3,9
2023161324476,2023,161324476,1,1,1,2,29,6,3,0,0,0,0,0,9,7,E01013256,3,1,0.0,1.0,-1,6,30,1,1,1,10:00,5,2,9
2023351370148,2023,351370148,2,1,1,1,25,5,3,0,0,0,0,0,9,7,E01033177,3,1,0.0,1.0,-1,3,60,2,4,-1,17:40,5,2,9
2023010424553,2023,010424553,1,2,3,1,23,5,3,9,7,0,0,0,0,3,E01003976,-1,0,0.0,1.0,-1,6,20,1,1,1,08:30,3,1,3
2023201387881,2023,201387881,1,1,3,2,11,3,2,1,1,0,0,0,0,1,E01010103,7,1,1.0,0.0,-1,3,40,1,1,1,15:33,4,1,9
2023131334424,2023,131334424,1,1,1,1,19,4,2,0,0,0,0,0,3,5,E01011928,6,1,1.0,0.0,-1,6,30,1,1,1,12:10,6,2,3
2023131322950,2023,131322950,2,1,1,-1,55,8,3,0,0,0,0,0,9,1,E01011361,3,1,0.0,1.0,-1,6,30,1,1,1,16:00,2,4,9
202354A075223,2023,54A075223,2,1,2,2,53,8,3,0,0,1,0,0,9,9,E01031904,-1,0,0.04269,0.95731,-1,6,60,9,1,1,17:07,6,2,9
2023991317846,2023,991317846,1,5,1,1,36,7,3,0,0,0,0,0,19,5,-1,3,1,0.0,1.0,-1,6,60,1,1,1,15:55,2,2,19
2023031353389,2023,031353389,1,1,1,1,20,4,3,0,0,0,0,0,9,9,E01019349,3,1,0.0,1.0,-1,6,60,2,6,2,01:26,2,1,9
2023451299898,2023,451299898,2,1,1,1,19,4,3,0,0,0,0,0,9,5,E01030982,3,1,0.0,1.0,-1,6,30,1,1,1,12:05,1,3,9
2023451317034,2023,451317034,2,1,2,2,60,9,3,0,0,1,0,0,9,10,E01030992,3,1,0.0,1.0,-1,3,70,1,1,1,10:15,7,2,9
2023010430252,2023,010430252,1,1,1,2,25,5,3,0,0,0,0,0,1,4,E01000949,-1,0,0.0,1.0,-1,2,20,1,1,1,16:10,4,2,1
2023010433813,2023,010433813,1,1,3,2,56,9,2,1,1,0,0,0,0,3,E01004266,-1,0,1.0,0.0,-1,6,20,1,1,1,13:30,4,1,1
2023010425306,2023,010425306,1,1,1,1,30,6,3,0,0,0,0,0,9,3,E01004203,-1,0,0.0,1.0,-1,3,30,1,1,1,12:55,7,2,9
2023041279401,2023,041279401,2,3,2,1,18,4,3,0,0,2,0,0,9,1,E01025482,3,1,0.0,1.0,-1,6,30,1,4,2,01:45,7,2,9
2023131365431,2023,131365431,2,1,1,1,38,7,3,0,0,0,0,0,9,2,E01010718,3,1,0.0,1.0,-1,6,30,5,1,2,14:57,6,2,9
2023401326836,2023,401326836,1,1,3,1,65,9,3,7,9,0,0,0,0,2,E01015791,3,1,0.0,1.0,-1,6,20,1,1,1,11:48,1,1,8
2023991272940,2023,991272940,1,1,3,2,69,10,3,10,5,0,0,2,0,-1,-1,3,1,0.0,1.0,-1,6,20,1,1,1,08:52,2,1,9