collision_index,collision_year,collision_ref_no,vehicle_reference,casualty_reference,casualty_class,sex_of_casualty,age_of_casualty,age_band_of_casualty,casualty_severity,pedestrian_location,pedestrian_movement,car_passenger,bus_or_coach_passenger,pedestrian_road_maintenance_worker,casualty_type,casualty_imd_decile,lsoa_of_casualty,enhanced_casualty_severity,casualty_injury_based,casualty_adjusted_severity_serious,casualty_adjusted_severity_slight,casualty_distance_banding,road_type,speed_limit,weather_conditions,light_conditions,road_surface_conditions,time,day_of_week,number_of_vehicles,vehicle_type
2023061338135,2023,061338135,2,1,1,1,34,6,3,0,0,0,0,0,8,3,E01005498,3,1,0.0,1.0,-1,6,30,1,4,1,23:13,6,2,8
2023131350550,2023,131350550,1,1,3,1,12,3,3,6,9,0,0,1,0,1,E01011122,3,1,0.0,1.0,-1,6,30,1,1,1,19:12,6,1,9
2023501326494,2023,501326494,1,1,3,2,28,6,3,5,1,0,0,0,0,9,E01015104,3,1,0.0,1.0,-1,6,30,1,1,1,08:50,5,1,9
2023520400855,2023,520400855,1,1,3,2,39,7,2,1,3,0,0,0,0,2,E01029107,-1,0,1.0,0.0,-1,3,30,2,4,2,17:55,4,1,9
2023010436472,2023,010436472,2,1,1,1,18,4,3,0,0,0,0,0,1,9,E01000395,-1,0,0.0,1.0,-1,6,30,1,1,1,08:48,7,2,1
2023221307756,2023,221307756,2,1,1,1,44,7,1,0,0,0,0,0,5,1,E01032465,1,1,0.0,0.0,-1,6,50,1,6,1,23:00,4,2,5
2023101295000,2023,101295000,2,4,2,1,2,1,3,0,0,2,0,0,9,-1,-1,3,1,0.0,1.0,-1,3,70,1,1,1,12:05,1,2,9
2023430450217,2023,430450217,1,1,1,1,23,5,3,0,0,0,0,0,9,9,E01017660,-1,0,0.00944,0.99056,-1,6,30,1,4,1,23:20,6,2,9
2023461367160,2023,461367160,2,1,1,1,57,9,3,0,0,0,0,0,9,8,E01016095,3,1,0.0,1.0,-1,6,40,1,6,1,21:41,7,2,9
2023520400441,2023,520400441,1,1,1,1,27,6,3,0,0,0,0,0,5,3,E01029117,-1,0,0.09858,0.90142,-1,6,30,1,1,1,12:50,7,2,5
2023461293831,2023,461293831,1,1,3,1,45,7,3,10,9,0,0,0,0,7,E01024013,3,1,0.0,1.0,-1,6,30,1,1,1,13:50,3,1,9
2023549996423,2023,549996423,1,1,3,1,50,8,3,9,5,0,0,0,0,6,E01032004,-1,0,0.12372,0.87628,-1,6,30,2,4,2,22:00,3,1,19
2023501298127,2023,501298127,1,1,1,1,49,8,2,0,0,0,0,0,1,3,E01020079,5,1,1.0,0.0,-1,6,60,1,7,1,19:02,3,3,1
2023131278973,2023,131278973,1,1,1,1,19,4,3,0,0,0,0,0,3,1,E01011899,3,1,0.0,1.0,-1,6,30,1,4,1,18:05,3,2,3
2023311331493,2023,311331493,2,1,1,1,20,4,3,0,0,0,0,0,1,1,E01013877,3,1,0.0,1.0,-1,6,30,1,1,2,11:21,4,2,1
2023340WN5772,2023,340WN5772,1,1,3,1,12,3,3,5,1,0,0,0,0,-1,-1,-1,0,0.07291,0.92709,-1,6,40,1,1,4,08:10,2,1,9
2023010422303,2023,010422303,1,1,3,2,12,3,3,8,2,0,0,0,0,4,E01002973,-1,0,0.0,1.0,-1,6,20,1,1,1,15:45,5,1,3
2023010444315,2023,010444315,1,1,3,2,25,5,3,5,9,0,0,0,0,3,E01001676,-1,0,0.0,1.0,-1,6,30,1,1,1,14:14,1,1,9
2023010480564,2023,010480564,1,1,3,1,19,4,3,1,1,0,0,0,0,6,E01002544,-1,0,0.0,1.0,-1,6,30,2,4,2,17:20,2,1,9
2023131292466,2023,131292466,1,1,3,2,3,1,3,5,9,0,0,2,0,4,E01011314,3,1,0.0,1.0,-1,6,20,1,1,1,15:15,4,1,9
2023411309150,2023,411309150,2,1,1,1,26,6,3,0,0,0,0,0,1,8,E01023732,3,1,0.0,1.0,-1,6,30,1,1,2,15:59,3,2,1
2023501302602,2023,501302602,2,1,1,1,32,6,3,0,0,0,0,0,1,7,E01020273,3,1,0.0,1.0,-1,6,60,1,1,1,11:00,2,2,1
2023221353175,2023,221353175,1,2,2,1,23,5,2,0,0,1,0,0,9,6,E01032327,7,1,1.0,0.0,-1,3,70,1,1,2,17:54,7,1,9
2023501380655,2023,501380655,2,1,1,1,65,9,3,0,0,0,0,0,19,8,E01020197,3,1,0.0,1.0,-1,6,60,1,1,1,16:02,3,2,19
2023451378198,2023,451378198,3,2,1,2,22,5,3,0,0,0,0,0,9,10,E01002480,3,1,0.0,1.0,-1,6,40,1,1,1,08:12,5,4,9
2023010427228,2023,010427228,1,1,3,1,66,10,2,5,1,0,0,0,0,6,E01003752,-1,0,1.0,0.0,-1,3,40,1,4,1,18:13,3,1,9
2023461359597,2023,461359597,1,1,3,1,29,6,3,1,3,0,0,0,0,6,E01024016,3,1,0.0,1.0,-1,6,30,1,1,1,17:00,3,1,9
2023010428285,2023,010428285,2,1,1,1,21,5,2,0,0,0,0,0,3,3,E01000185,-1,0,1.0,0.0,-1,3,30,1,4,1,20:36,2,2,3
2023010449132,2023,010449132,2,2,1,2,25,5,3,0,0,0,0,0,1,2,E01004720,-1,0,0.0,1.0,-1,3,20,9,1,1,20:35,4,2,1
2023340WN5562,2023,340WN5562,2,1,1,1,41,7,3,0,0,0,0,0,4,5,E01027100,-1,0,0.26837,0.73163,-1,6,60,1,4,1,20:38,5,2,4
2023010478345,2023,010478345,1,1,1,1,54,8,2,0,0,0,0,0,5,4,E01004643,-1,0,1.0,0.0,-1,2,30,2,5,2,13:00,5,2,5
2023122300332,2023,122300332,1,1,1,1,71,10,2,0,0,0,0,0,5,8,E01011630,-1,0,1.0,0.0,-1,6,60,1,1,1,15:40,3,2,5
2023010455194,2023,010455194,1,1,3,1,13,3,3,1,9,0,0,0,0,3,E01001045,-1,0,0.0,1.0,-1,6,30,2,1,2,15:28,6,1,9
2023010452517,2023,010452517,1,1,1,1,33,6,3,0,0,0,0,0,9,4,E01001247,-1,0,0.0,1.0,-1,3,30,1,4,1,02:48,7,2,9
2023501344963,2023,501344963,1,1,1,2,73,10,3,0,0,0,0,0,9,7,E01020233,3,1,0.0,1.0,-1,6,30,1,1,1,10:00,4,1,9
202354D084723,2023,54D084723,1,2,2,2,15,3,3,0,0,1,0,0,9,6,E01030973,-1,0,0.04216,0.95784,-1,6,60,1,6,1,15:59,1,3,9
2023320113634,2023,320113634,1,1,1,1,67,10,2,0,0,0,0,0,9,1,E01026176,-1,0,1.0,0.0,-1,6,30,1,5,2,22:23,4,2,9
2023052300332,2023,052300332,1,1,2,2,79,11,1,0,0,1,0,0,9,3,E01006717,-1,0,0.0,0.0,-1,6,30,1,1,1,14:25,1,2,9
2023440526389,2023,440526389,2,1,1,1,31,6,3,0,0,0,0,0,9,10,E01022546,-1,0,0.05042,0.94958,-1,6,30,1,1,2,08:08,4,2,9
2023471376379,2023,471376379,1,1,1,1,67,10,3,0,0,0,0,0,9,2,E01031341,3,1,0.0,1.0,-1,6,30,2,4,2,18:58,1,2,9
2023010484837,2023,010484837,1,1,3,1,40,7,3,9,5,0,0,0,0,4,E01001197,-1,0,0.0,1.0,-1,6,20,8,4,1,18:20,2,1,20
2023302300628,2023,302300628,1,1,3,1,47,8,2,9,8,0,0,0,0,8,E01019859,-1,0,1.0,0.0,-1,6,30,1,1,1,10:00,3,1,9
2023471357827,2023,471357827,1,1,3,1,20,4,3,9,5,0,0,0,0,5,E01031818,3,1,0.0,1.0,-1,6,30,1,4,1,19:15,5,1,9
2023041283642,2023,041283642,1,1,1,1,23,5,3,0,0,0,0,0,1,2,E01012589,3,1,0.0,1.0,-1,6,30,1,1,1,15:15,2,2,1
2023371298758,2023,371298758,2,1,1,2,28,6,2,0,0,0,0,0,1,6,E01030005,7,1,1.0,0.0,-1,6,30,1,1,1,08:20,5,2,1
2023471322550,2023,471322550,1,1,1,1,35,6,2,0,0,0,0,0,1,1,E01016964,7,1,1.0,0.0,-1,6,30,1,1,1,19:06,1,2,1
2023141328857,2023,141328857,1,1,3,1,27,6,3,10,9,0,0,0,0,7,E01007356,3,1,0.0,1.0,-1,6,30,1,4,2,03:25,3,1,9
2023010466710,2023,010466710,1,1,1,2,24,5,3,0,0,0,0,0,3,2,E01001976,-1,0,0.0,1.0,-1,9,30,1,1,1,19:25,6,2,3
2023131385541,2023,131385541,1,3,1,1,19,4,3,0,0,0,0,0,9,2,E01011082,3,1,0.0,1.0,-1,3,40,1,1,2,08:50,1,2,9
2023520400344,2023,520400344,1,1,2,2,20,4,2,0,0,1,0,0,9,5,E01029134,-1,0,1.0,0.0,-1,6,60,8,6,4,02:00,6,1,9
2023320771845,2023,320771845,2,1,1,2,63,9,3,0,0,0,0,0,1,7,E01026326,-1,0,0.15495,0.84505,-1,6,30,1,1,1,12:36,7,2,1
2023010434134,2023,010434134,2,1,1,1,34,6,3,0,0,0,0,0,3,3,E01003562,-1,0,0.0,1.0,-1,6,30,8,1,1,11:55,7,2,3
2023052400048,2023,052400048,1,1,2,2,52,8,3,0,0,1,0,0,9,2,E01004928,-1,0,0.04775,0.95225,-1,6,20,1,1,2,14:15,7,1,9
2023061356221,2023,061356221,1,1,2,2,20,4,3,0,0,2,0,0,9,-1,-1,3,1,0.0,1.0,-1,1,30,1,4,2,00:04,2,1,9
2023101297861,2023,101297861,2,3,2,2,4,1,3,0,0,2,0,0,9,9,E01008516,3,1,0.0,1.0,-1,3,50,1,1,1,17:30,2,2,9
2023161275518,2023,161275518,1,2,2,1,50,8,3,0,0,1,0,0,9,-1,-1,3,1,0.0,1.0,-1,3,40,1,1,1,10:30,7,2,9
2023211366605,2023,211366605,1,1,1,2,40,7,2,0,0,0,0,0,9,4,E01019865,7,1,1.0,0.0,-1,1,30,2,4,2,21:45,4,2,9
2023302301254,2023,302301254,3,1,1,2,47,8,2,0,0,0,0,0,9,1,E01013591,-1,0,1.0,0.0,-1,6,30,1,1,2,16:53,2,3,9
202360A167641,2023,60A167641,1,1,1,2,76,11,2,0,0,0,0,0,10,-1,-1,-1,0,1.0,0.0,-1,6,30,2,1,2,15:30,5,1,10
2023101317814,2023,101317814,1,1,3,1,8,2,3,5,3,0,0,-1,0,2,E01008492,3,1,0.0,1.0,-1,6,30,1,1,1,08:15,2,1,9
2023401289509,2023,401289509,1,1,3,2,26,6,3,1,3,0,0,0,0,4,E01017599,3,1,0.0,1.0,-1,6,40,2,4,2,22:07,6,1,9
2023411335608,2023,411335608,1,1,3,1,13,3,3,4,6,0,0,0,0,3,E01032574,3,1,0.0,1.0,-1,6,30,1,1,1,08:00,4,1,19
2023440369705,2023,440369705,2,1,2,2,16,4,3,0,0,1,0,0,9,2,E01017363,-1,0,0.04009,0.95991,-1,6,60,1,1,1,09:07,2,2,9
2023461352304,2023,461352304,2,2,2,1,21,5,3,0,0,-1,0,0,9,5,E01024181,3,1,0.0,1.0,-1,3,50,1,1,1,13:40,7,2,9
2023010472497,2023,010472497,1,1,1,2,33,6,3,0,0,0,0,0,1,-1,-1,-1,0,0.0,1.0,-1,6,20,1,1,1,12:35,1,3,1
2023461353404,2023,461353404,2,1,1,1,12,3,2,0,0,0,0,0,1,8,E01016138,7,1,1.0,0.0,-1,6,30,1,1,1,16:00,5,2,1
2023010428756,2023,010428756,1,1,1,1,37,7,3,0,0,0,0,0,3,6,E01004360,-1,0,0.0,1.0,-1,2,20,1,1,1,09:41,5,2,3
2023041322945,2023,041322945,2,1,1,1,19,4,3,0,0,0,0,0,3,1,E01025287,3,1,0.0,1.0,-1,6,30,1,1,1,07:00,6,2,3
2023520301803,2023,520301803,1,1,1,1,31,6,3,0,0,0,0,0,4,9,E01020316,-1,0,0.1478,0.8522,-1,6,40,1,1,1,15:13,7,2,4
2023430067362,2023,430067362,3,2,1,2,56,9,3,0,0,0,0,0,19,8,E01022468,-1,0,0.06192,0.93808,-1,6,30,1,1,1,13:36,2,3,19
2023461358480,2023,461358480,2,1,1,1,54,8,3,0,0,0,0,0,19,5,E01016034,3,1,0.0,1.0,-1,7,70,2,1,2,07:20,4,4,19
2023010448859,2023,010448859,1,1,1,1,25,5,3,0,0,0,0,0,1,8,E01002575,-1,0,0.0,1.0,-1,6,20,1,1,1,20:01,3,2,1
2023430339390,2023,430339390,2,1,1,2,24,5,3,0,0,0,0,0,1,8,E01028547,-1,0,0.03035,0.96965,-1,1,20,2,1,2,20:15,1,2,1
2023010435100,2023,010435100,1,1,1,1,20,4,2,0,0,0,0,0,3,5,E01004753,-1,0,1.0,0.0,-1,3,40,2,4,2,22:42,5,6,3
2023552300500,2023,552300500,1,1,3,1,77,11,3,8,3,0,0,0,0,8,E01020478,-1,0,0.20886,0.79114,-1,6,30,1,1,1,17:15,1,1,9
2023010484447,2023,010484447,2,1,1,1,33,6,3,0,0,0,0,0,1,4,E01001158,-1,0,0.0,1.0,-1,6,20,1,4,1,21:00,7,2,1
202360A155915,2023,60A155915,1,1,1,1,19,4,3,0,0,0,0,0,4,-1,-1,-1,0,0.21234,0.78766,-1,6,30,1,1,2,13:00,4,1,4
2023991316163,2023,991316163,1,1,1,1,71,10,2,0,0,0,0,0,5,9,E01019255,7,1,1.0,0.0,-1,6,60,1,1,1,15:55,1,2,5
2023010470004,2023,010470004,2,1,1,1,-1,-1,3,0,0,0,0,0,2,2,E01003768,-1,0,0.0,1.0,-1,6,30,9,1,9,16:45,4,2,2
2023351289572,2023,351289572,2,1,1,1,78,11,2,0,0,0,0,0,9,1,E01015616,7,1,1.0,0.0,-1,6,30,1,1,1,11:30,5,2,9
2023010426290,2023,010426290,1,1,3,2,64,9,2,1,1,0,0,0,0,1,E01004722,-1,0,1.0,0.0,-1,6,20,1,1,1,15:00,5,1,1
2023010458540,2023,010458540,1,1,3,2,25,5,3,5,9,0,0,0,0,4,E01002236,-1,0,0.0,1.0,-1,9,30,9,1,1,17:15,3,1,9
2023010439929,2023,010439929,1,1,1,1,25,5,3,0,0,0,0,0,3,3,E01002646,-1,0,0.0,1.0,-1,6,20,9,4,2,21:30,5,2,3
2023041270636,2023,041270636,1,1,3,2,42,7,3,5,9,0,0,2,0,2,E01024886,3,1,0.0,1.0,-1,6,30,1,7,1,17:30,4,1,9
2023141389802,2023,141389802,1,1,3,1,13,3,2,5,1,0,0,0,0,8,E01033259,7,1,1.0,0.0,-1,6,30,1,1,1,12:20,2,1,19
202360A012992,2023,60A012992,1,1,3,2,8,2,3,6,9,0,0,0,0,-1,-1,-1,0,0.11863,0.88137,-1,6,30,1,4,1,19:55,6,1,1
2023111376651,2023,111376651,1,1,1,1,23,5,2,0,0,0,0,0,9,2,E01008383,7,1,1.0,0.0,-1,6,60,1,1,1,08:48,2,3,9
2023141354202,2023,141354202,3,3,1,2,54,8,3,0,0,0,0,0,9,-1,-1,3,1,0.0,1.0,-1,6,30,1,1,1,11:50,6,3,9
2023231318822,2023,231318822,1,1,1,1,30,6,1,0,0,0,0,0,9,-1,-1,1,1,0.0,0.0,-1,6,30,1,4,1,23:22,3,2,9
2023351330567,2023,351330567,1,1,1,1,71,10,3,0,0,0,0,0,9,8,E01021574,3,1,0.0,1.0,-1,3,70,1,1,1,17:00,3,2,9
2023010454195,2023,010454195,1,1,3,1,8,2,3,5,1,0,0,0,0,3,E01003976,-1,0,0.0,1.0,-1,6,20,1,1,1,19:30,1,1,9
2023111306656,2023,111306656,1,1,3,2,23,5,3,5,1,0,0,0,0,4,E01020715,3,1,0.0,1.0,-1,6,30,1,1,1,17:02,4,1,9
2023052302054,2023,052302054,2,1,1,2,18,4,3,0,0,0,0,0,9,7,E01006423,-1,0,0.01874,0.98126,-1,6,20,1,1,1,12:22,5,2,9
2023061371913,2023,061371913,2,4,2,1,9,2,3,0,0,2,0,0,9,7,E01020156,3,1,0.0,1.0,-1,6,30,1,1,1,16:45,4,2,9
2023546457623,2023,546457623,2,2,1,1,37,7,3,0,0,0,0,0,9,9,E01031878,-1,0,0.01873,0.98127,-1,6,60,2,1,5,07:06,3,2,9
202360A091878,2023,60A091878,1,1,1,1,81,11,3,0,0,0,0,0,9,-1,-1,-1,0,0.24832,0.75168,-1,6,60,1,1,1,16:50,4,1,9
2023520400713,2023,520400713,1,1,1,1,65,9,1,0,0,0,0,0,4,9,E01029318,-1,0,0.0,0.0,-1,6,30,9,7,1,21:00,7,2,4
2023201421354,2023,201421354,1,1,3,2,29,6,3,5,3,0,0,2,0,4,E01010424,3,1,0.0,1.0,-1,6,30,1,4,4,19:45,4,1,9
2023101383114,2023,101383114,4,2,1,1,49,8,3,0,0,0,0,0,19,3,E01008186,3,1,0.0,1.0,-1,6,60,2,6,2,16:10,2,4,19
2023161392895,2023,161392895,1,1,3,2,37,7,3,7,3,0,0,2,0,1,E01013229,3,1,0.0,1.0,-1,1,30,1,4,1,18:42,5,1,9
2023401263039,2023,401263039,1,1,3,2,-1,-1,3,10,9,0,0,-1,0,-1,-1,3,1,0.0,1.0,-1,9,30,9,7,-1,19:00,5,1,9
2023170M11883,2023,170M11883,1,1,1,1,42,7,1,0,0,0,0,0,4,1,E01012027,-1,0,0.0,0.0,-1,6,30,1,4,1,17:20,5,2,4
2023211389408,2023,211389408,2,1,1,1,27,6,3,0,0,0,0,0,5,5,E01014225,3,1,0.0,1.0,-1,6,30,1,4,1,17:05,6,2,5
2023302300178,2023,302300178,1,1,3,2,13,3,2,5,3,0,0,0,0,1,E01019566,-1,0,1.0,0.0,-1,6,40,1,4,1,17:45,2,1,9
2023131370309,2023,131370309,2,1,1,2,55,8,3,0,0,0,0,0,1,9,E01011905,3,1,0.0,1.0,-1,3,70,1,1,1,11:10,6,2,1
2023411376603,2023,411376603,2,1,1,2,58,9,3,0,0,0,0,0,1,4,E01023797,3,1,0.0,1.0,-1,3,20,1,1,1,10:20,7,2,1
2023010460222,2023,010460222,1,1,1,1,39,7,2,0,0,0,0,0,3,1,E01001847,-1,0,1.0,0.0,-1,6,20,1,1,1,08:16,7,2,3
2023501344099,2023,501344099,1,1,1,1,27,6,3,0,0,0,0,0,4,4,E01020334,3,1,0.0,1.0,-1,6,40,7,6,2,23:00,2,1,4
2023010459637,2023,010459637,1,1,3,1,67,10,3,6,9,0,0,0,0,3,E01003172,-1,0,0.0,1.0,-1,6,30,1,1,1,10:15,3,1,11
2023010443121,2023,010443121,1,1,1,1,36,7,3,0,0,0,0,0,9,-1,-1,-1,0,0.0,1.0,-1,3,30,4,4,2,06:30,5,2,9
2023122300524,2023,122300524,2,2,2,2,-1,-1,3,0,0,2,0,0,9,-1,-1,-1,0,0.0127,0.9873,-1,6,30,1,1,1,11:00,3,3,9
2023201379898,2023,201379898,2,2,2,1,26,6,3,0,0,1,0,0,9,-1,-1,3,1,0.0,1.0,-1,3,40,2,4,2,16:30,5,2,9
2023421344061,2023,421344061,2,1,2,2,73,10,3,0,0,1,0,0,9,7,E01018168,3,1,0.0,1.0,-1,3,70,1,1,1,14:59,2,2,9
2023320799589,2023,320799589,2,1,1,2,51,8,3,0,0,0,0,0,1,6,E01026031,-1,0,0.14193,0.85807,-1,6,30,1,7,1,20:20,1,2,1
2023131392820,2023,131392820,1,1,1,1,15,3,2,0,0,0,0,0,3,8,E01011886,7,1,1.0,0.0,-1,6,30,5,1,5,15:27,4,1,3
2023451337926,2023,451337926,2,1,1,1,53,8,3,0,0,0,0,0,1,10,E01030525,3,1,0.0,1.0,-1,6,30,1,1,1,11:30,5,2,1
2023010485148,2023,010485148,2,1,1,1,43,7,3,0,0,0,0,0,3,4,E01003230,-1,0,0.0,1.0,-1,6,30,1,4,2,07:00,4,3,3
2023440153286,2023,440153286,1,1,3,1,8,2,3,9,9,0,0,0,0,5,E01023110,-1,0,0.16281,0.83719,-1,6,30,1,1,1,16:48,4,1,19
2023991300391,2023,991300391,1,1,3,2,45,7,1,9,9,0,0,0,0,8,-1,1,1,0.0,0.0,-1,3,70,1,6,1,02:55,2,1,21
2023501384717,2023,501384717,1,1,1,1,18,4,3,0,0,0,0,0,1,-1,-1,3,1,0.0,1.0,-1,3,40,4,1,1,13:03,7,2,1
2023061344233,2023,061344233,2,1,1,1,34,6,3,0,0,0,0,0,9,2,E01004828,3,1,0.0,1.0,-1,6,30,1,1,1,16:05,3,2,9
2023141356795,2023,141356795,1,1,1,1,44,7,3,0,0,0,0,0,9,-1,-1,3,1,0.0,1.0,-1,7,70,1,1,1,07:04,4,2,9
2023211335522,2023,211335522,1,2,2,2,18,4,2,0,0,1,0,0,9,-1,-1,6,1,1.0,0.0,-1,7,70,1,6,1,01:10,1,2,9
2023221343026,2023,221343026,1,3,2,1,26,6,3,0,0,1,0,0,9,1,E01009396,3,1,0.0,1.0,-1,6,60,1,1,1,16:11,4,1,9
2023401389837,2023,401389837,2,1,1,1,24,5,3,0,0,0,0,0,9,2,E01015702,3,1,0.0,1.0,-1,6,60,1,6,4,18:07,4,2,9
2023061317482,2023,061317482,2,4,2,2,61,9,3,0,0,1,0,0,9,-1,-1,3,1,0.0,1.0,-1,7,70,1,1,1,12:35,1,3,9
2023302300999,2023,302300999,1,1,2,2,29,6,3,0,0,1,0,0,9,5,E01017044,-1,0,0.02698,0.97302,-1,6,50,1,1,1,18:01,6,4,9
2023010434905,2023,010434905,1,1,1,1,42,7,3,0,0,0,0,0,9,4,E01032732,-1,0,0.0,1.0,-1,3,30,2,4,2,19:15,4,2,9
2023041336255,2023,041336255,3,2,1,1,64,9,2,0,0,0,0,0,9,1,E01012638,6,1,1.0,0.0,-1,6,50,2,1,2,16:39,2,3,9
2023070034095,2023,070034095,3,1,1,2,46,8,3,0,0,0,0,0,9,10,E01018533,-1,0,0.04153,0.95847,-1,3,70,1,1,2,07:44,5,4,9
2023201271707,2023,201271707,1,1,2,2,7,2,3,0,0,2,0,0,9,5,E01009023,3,1,0.0,1.0,-1,3,30,2,1,2,15:29,3,1,9
2023461356767,2023,461356767,1,1,1,1,32,6,3,0,0,0,0,0,9,4,E01000788,3,1,0.0,1.0,-1,1,50,1,1,1,15:15,3,2,9
2023991381953,2023,991381953,2,2,1,1,47,8,3,0,0,0,0,0,9,6,-1,3,1,0.0,1.0,-1,6,60,1,1,4,09:50,1,2,9
2023991389150,2023,991389150,1,5,2,1,20,4,3,0,0,2,0,0,9,1,-1,3,1,0.0,1.0,-1,3,70,2,6,2,06:36,6,1,9
2023010436638,2023,010436638,2,3,1,1,18,4,3,0,0,0,0,0,9,3,E01016444,-1,0,0.0,1.0,-1,3,50,1,4,1,20:35,1,2,9
2023052301585,2023,052301585,1,1,1,1,25,5,3,0,0,0,0,0,9,-1,-1,-1,0,0.04337,0.95663,-1,3,40,1,1,1,10:00,1,2,9
2023991297591,2023,991297591,1,3,2,2,47,8,3,0,0,1,0,0,9,-1,-1,3,1,0.0,1.0,-1,6,60,1,1,1,16:32,2,2,9
2023351313428,2023,351313428,2,2,1,1,55,8,2,0,0,0,0,0,9,10,E01018232,7,1,1.0,0.0,-1,6,60,1,1,1,09:22,5,2,9
2023471305864,2023,471305864,1,1,1,1,50,8,3,0,0,0,0,0,9,2,E01009999,3,1,0.0,1.0,-1,3,70,1,1,1,07:49,4,2,9
2023340WN1932,2023,340WN1932,2,1,1,1,58,9,3,0,0,0,0,0,19,9,E01026998,-1,0,0.05236,0.94764,-1,6,30,1,1,1,16:25,5,2,19
2023161346829,2023,161346829,1,1,3,1,60,9,3,6,6,0,0,2,0,1,E01013000,3,1,0.0,1.0,-1,6,30,1,1,1,11:26,4,1,21
2023440109914,2023,440109914,1,1,3,1,11,3,3,5,2,0,0,0,0,9,E01022986,-1,0,0.17089,0.82911,-1,6,30,1,1,1,16:35,1,1,9
2023320509713,2023,320509713,1,1,1,1,50,8,3,0,0,0,0,0,5,2,E01026175,-1,0,0.26799,0.73201,-1,6,60,1,1,1,19:50,4,1,5
2023411380684,2023,411380684,1,2,3,2,7,2,3,10,3,0,0,0,0,4,E01023302,3,1,0.0,1.0,-1,6,30,1,1,1,15:30,4,1,9
2023010468366,2023,010468366,1,1,2,2,68,10,3,0,0,0,3,0,11,4,E01003743,-1,0,0.0,1.0,-1,3,30,8,1,1,13:50,3,1,11
2023131269361,2023,131269361,1,1,2,2,61,9,3,0,0,0,4,0,11,7,E01011652,3,1,0.0,1.0,-1,6,20,1,1,1,15:10,7,1,11
2023361368706,2023,361368706,1,1,2,1,15,3,3,0,0,1,0,0,9,7,E01030082,3,1,0.0,1.0,-1,6,60,1,6,1,21:00,2,2,9
2023991387302,2023,991387302,1,1,2,1,71,10,3,0,0,1,0,0,9,-1,-1,3,1,0.0,1.0,-1,6,60,1,1,2,12:42,3,1,9
2023010424554,2023,010424554,1,1,1,2,58,9,3,0,0,0,0,0,9,8,E01004119,-1,0,0.0,1.0,-1,6,30,1,1,1,10:18,3,4,9
2023201323154,2023,201323154,1,1,1,1,21,5,3,0,0,0,0,0,9,1,E01009013,3,1,0.0,1.0,-1,6,20,1,4,2,22:12,1,2,9
2023461348829,2023,461348829,1,1,1,1,44,7,3,0,0,0,0,0,9,6,E01024212,3,1,0.0,1.0,-1,3,70,1,1,1,07:36,4,2,9
2023471384608,2023,471384608,3,3,1,1,-1,-1,3,0,0,0,0,0,9,5,E01031585,3,1,0.0,1.0,-1,3,30,1,4,2,01:05,7,3,9
2023351300315,2023,351300315,2,1,1,1,36,7,3,0,0,0,0,0,98,2,E01021354,3,1,0.0,1.0,-1,6,40,1,1,1,14:50,4,2,98
2023430443548,2023,430443548,1,1,1,1,71,10,3,0,0,0,0,0,9,8,E01016252,-1,0,0.09302,0.90698,-1,6,60,1,1,1,08:43,3,2,9
2023461326309,2023,461326309,1,1,2,1,10,2,3,0,0,1,0,0,9,8,E01016144,3,1,0.0,1.0,-1,6,30,1,1,1,08:42,2,2,9
2023440143360,2023,440143360,1,1,1,1,18,4,3,0,0,0,0,0,1,5,E01017095,-1,0,0.15192,0.84808,-1,6,20,2,1,2,14:20,4,2,1
2023991274943,2023,991274943,1,1,3,2,38,7,1,5,3,0,0,0,0,3,-1,1,1,0.0,0.0,-1,6,30,1,1,2,13:20,6,3,9
2023610048023,2023,610048023,1,1,3,2,19,4,3,5,1,0,0,0,0,5,W01001412,-1,0,0.14475,0.85525,-1,6,20,8,1,2,16:30,7,1,9
2023010464297,2023,010464297,1,1,1,1,21,5,3,0,0,0,0,0,3,10,E01016349,-1,0,0.0,1.0,-1,9,30,1,1,1,11:55,3,2,3
2023201326569,2023,201326569,1,1,3,2,22,5,3,10,9,0,0,2,0,1,E01033640,3,1,0.0,1.0,-1,6,30,1,1,1,14:30,4,1,9
2023471263164,2023,471263164,1,1,3,1,0,1,3,10,9,0,0,2,0,-1,-1,3,1,0.0,1.0,-1,6,30,1,4,1,21:15,6,1,9
2023501400629,2023,501400629,2,1,1,1,49,8,3,0,0,0,0,0,1,7,E01018830,3,1,0.0,1.0,-1,6,30,1,6,1,16:45,6,2,1
202360A080339,2023,60A080339,2,1,1,1,53,8,2,0,0,0,0,0,5,-1,-1,-1,0,1.0,0.0,-1,6,50,1,1,1,10:55,1,2,5
2023041380347,2023,041380347,2,1,3,1,33,6,3,6,9,0,0,0,0,4,E01025194,3,1,0.0,1.0,-1,6,30,1,1,2,10:40,4,2,19
2023421265724,2023,421265724,2,1,1,1,26,6,3,0,0,0,0,0,3,6,E01015925,3,1,0.0,1.0,-1,1,30,1,4,1,18:45,5,2,3
2023231326581,2023,231326581,1,1,1,2,41,7,2,0,0,0,0,0,5,8,E01025804,7,1,1.0,0.0,-1,6,20,1,1,1,13:52,2,1,5
2023122300476,2023,122300476,1,1,3,2,54,8,3,5,9,0,0,0,0,2,E01013443,-1,0,0.01877,0.98123,-1,6,30,9,1,9,14:30,4,1,9