collision_index,collision_year,collision_ref_no,vehicle_reference,casualty_reference,casualty_class,sex_of_casualty,age_of_casualty,age_band_of_casualty,casualty_severity,pedestrian_location,pedestrian_movement,car_passenger,bus_or_coach_passenger,pedestrian_road_maintenance_worker,casualty_type,casualty_imd_decile,lsoa_of_casualty,enhanced_casualty_severity,casualty_injury_based,casualty_adjusted_severity_serious,casualty_adjusted_severity_slight,casualty_distance_banding,road_type,speed_limit,weather_conditions,light_conditions,road_surface_conditions,time,day_of_week,number_of_vehicles,vehicle_type
2023451269831,2023,451269831,1,1,3,1,34,6,3,5,9,0,0,0,0,8,E01030611,3,1,0.0,1.0,-1,6,20,9,1,1,16:00,4,1,9
2023991306824,2023,991306824,1,1,3,1,9,2,3,5,1,0,0,0,0,-1,-1,3,1,0.0,1.0,-1,6,30,1,1,1,17:45,6,1,9
2023501306833,2023,501306833,2,1,1,1,23,5,2,0,0,0,0,0,3,1,E01018878,7,1,1.0,0.0,-1,7,30,1,4,1,22:50,6,2,3
2023531320965,2023,531320965,1,1,1,1,34,6,3,0,0,0,0,0,5,8,E01022189,3,1,0.0,1.0,-1,6,60,1,1,1,16:06,2,1,5
2023010465807,2023,010465807,1,1,2,-1,-1,-1,3,0,0,9,0,0,9,9,E01004118,-1,0,0.0,1.0,-1,9,30,9,1,9,16:17,4,2,9
2023461290714,2023,461290714,1,3,2,2,15,3,2,0,0,2,0,0,9,10,E01024751,7,1,1.0,0.0,-1,6,30,3,1,2,10:51,4,1,9
2023522400050,2023,522400050,1,1,1,1,24,5,3,0,0,0,0,0,9,1,E01033358,-1,0,0.00599,0.99401,-1,6,20,1,1,1,09:20,2,2,9
2023440278135,2023,440278135,3,3,1,2,22,5,3,0,0,0,0,0,9,8,E01022765,-1,0,0.05045,0.94955,-1,3,40,1,1,1,12:40,3,3,9
2023010469548,2023,010469548,1,2,3,-1,-1,-1,3,10,9,0,0,0,0,-1,-1,-1,0,0.0,1.0,-1,6,30,1,1,1,17:05,2,1,3
2023201379069,2023,201379069,2,1,1,1,48,8,3,0,0,0,0,0,1,4,E01009218,3,1,0.0,1.0,-1,6,30,1,1,1,06:45,5,2,1
2023111287380,2023,111287380,2,1,1,1,20,4,3,0,0,0,0,0,3,6,E01020821,3,1,0.0,1.0,-1,6,30,8,1,1,14:30,3,2,3
2023010471048,2023,010471048,2,2,2,1,26,6,3,0,0,2,0,0,9,-1,-1,-1,0,0.0,1.0,-1,2,20,1,4,1,18:50,2,2,9
2023320106286,2023,320106286,2,1,1,2,56,9,3,0,0,0,0,0,9,8,E01026223,-1,0,0.01514,0.98486,-1,1,60,9,1,2,15:15,3,2,9
2023461320623,2023,461320623,1,1,1,2,50,8,3,0,0,0,0,0,9,3,E01024529,3,1,0.0,1.0,-1,6,30,1,1,1,17:08,4,2,9
2023531349305,2023,531349305,2,2,2,1,29,6,3,0,0,1,0,0,9,2,E01022332,3,1,0.0,1.0,-1,3,40,1,4,1,22:50,3,2,9
2023451319373,2023,451319373,1,2,1,1,23,5,3,0,0,0,0,0,19,1,E01001155,3,1,0.0,1.0,-1,6,40,1,5,1,07:50,6,2,19
2023010438119,2023,010438119,2,1,1,1,17,4,3,0,0,0,0,0,3,8,E01024434,-1,0,0.0,1.0,-1,6,30,1,1,1,17:15,3,2,3
2023131370442,2023,131370442,1,1,1,1,52,8,3,0,0,0,0,0,9,-1,-1,3,1,0.0,1.0,-1,1,40,1,4,2,20:05,6,1,9
2023201278252,2023,201278252,2,2,1,1,47,8,3,0,0,0,0,0,9,1,E01009321,3,1,0.0,1.0,-1,3,30,1,4,1,17:55,7,2,9
2023010420616,2023,010420616,1,1,3,2,55,8,3,8,1,0,0,0,0,4,E01001518,-1,0,0.0,1.0,-1,6,20,1,4,2,17:40,3,1,4
2023010480498,2023,010480498,1,1,3,1,13,3,3,5,1,0,0,0,0,1,E01000782,-1,0,0.0,1.0,-1,6,30,1,1,1,15:00,2,1,9
2023471380151,2023,471380151,2,1,1,1,70,10,2,0,0,0,0,0,1,7,E01031414,7,1,1.0,0.0,-1,6,30,1,1,1,15:30,3,2,1
2023010455545,2023,010455545,1,1,1,1,26,6,3,0,0,0,0,0,8,5,E01030337,-1,0,0.0,1.0,-1,6,20,4,4,2,22:39,7,2,8
2023010452192,2023,010452192,1,1,2,2,60,9,3,0,0,1,0,0,9,2,E01003239,-1,0,0.0,1.0,-1,6,20,1,1,2,10:57,5,2,9
2023401287032,2023,401287032,2,2,1,1,41,7,3,0,0,0,0,0,9,10,E01017374,3,1,0.0,1.0,-1,1,40,1,1,2,08:23,4,2,9
2023440418355,2023,440418355,1,1,1,2,33,6,3,0,0,0,0,0,9,3,E01017347,-1,0,0.08358,0.91642,-1,6,60,2,1,2,16:04,5,2,9
2023302300271,2023,302300271,2,1,1,1,19,4,3,0,0,0,0,0,9,1,E01013484,-1,0,0.05588,0.94412,-1,6,30,1,4,1,23:20,7,7,9
2023451311618,2023,451311618,1,1,1,2,54,8,3,0,0,0,0,0,9,2,E01014064,3,1,0.0,1.0,-1,3,60,1,1,1,11:30,5,2,9
2023471295815,2023,471295815,2,1,1,2,85,11,3,0,0,0,0,0,9,7,E01021166,3,1,0.0,1.0,-1,6,30,7,1,1,09:50,1,2,9
2023991335534,2023,991335534,2,5,2,1,12,3,3,0,0,2,0,0,9,-1,-1,3,1,0.0,1.0,-1,6,60,1,1,1,14:30,1,2,9
2023061389736,2023,061389736,1,1,3,1,31,6,3,1,3,0,0,-1,0,2,E01005199,3,1,0.0,1.0,-1,6,30,1,1,1,17:20,3,1,9
2023471299500,2023,471299500,2,1,1,1,33,6,3,0,0,0,0,0,1,3,E01016921,3,1,0.0,1.0,-1,6,20,1,1,1,08:00,5,2,1
2023010475795,2023,010475795,1,2,2,2,23,5,3,0,0,1,0,0,9,3,E01001244,-1,0,0.0,1.0,-1,6,30,8,4,2,00:37,7,2,9
2023101384230,2023,101384230,2,1,1,2,34,6,3,0,0,0,0,0,9,1,E01027545,3,1,0.0,1.0,-1,6,60,1,4,2,08:15,2,2,9
2023430063632,2023,430063632,2,1,1,1,31,6,3,0,0,0,0,0,1,3,E01016475,-1,0,0.15864,0.84136,-1,6,30,1,4,1,20:30,6,2,1
2023430207943,2023,430207943,1,1,1,1,17,4,3,0,0,0,0,0,1,9,E01016292,-1,0,0.0326,0.9674,-1,1,30,1,1,1,14:00,6,2,1
2023221285191,2023,221285191,1,1,1,2,53,8,3,0,0,0,0,0,9,7,E01032255,3,1,0.0,1.0,-1,6,30,3,4,2,18:26,5,2,9
2023332300043,2023,332300043,1,1,2,1,27,6,3,0,0,1,0,0,9,4,E01013648,-1,0,0.01403,0.98597,-1,3,30,1,4,1,07:55,2,2,9
2023131260002,2023,131260002,2,1,1,2,20,4,2,0,0,0,0,0,9,3,E01011018,7,1,1.0,0.0,-1,6,30,2,1,2,07:32,5,2,9
2023170L10503,2023,170L10503,1,2,2,1,18,4,3,0,0,1,0,0,9,2,E01012051,-1,0,0.12767,0.87233,-1,6,60,1,1,1,21:00,3,1,9
2023361304420,2023,361304420,2,1,2,2,54,8,2,0,0,1,0,0,9,2,E01026614,7,1,1.0,0.0,-1,6,60,1,1,1,14:14,6,2,9
2023471324660,2023,471324660,2,3,2,2,-1,-1,3,0,0,-1,0,0,9,-1,-1,3,1,0.0,1.0,-1,3,30,1,1,1,18:05,5,2,9
2023010438749,2023,010438749,2,2,2,2,37,7,3,0,0,0,0,0,19,3,E01004325,-1,0,0.0,1.0,-1,3,20,1,4,1,05:40,7,2,19
2023010432567,2023,010432567,1,1,3,2,38,7,3,5,1,0,0,0,0,7,E01002328,-1,0,0.0,1.0,-1,6,20,1,4,1,17:52,5,2,9
2023010483935,2023,010483935,1,1,3,2,25,5,3,6,9,0,0,0,0,-1,-1,-1,0,0.0,1.0,-1,9,20,1,4,2,01:15,5,1,9
2023461342312,2023,461342312,1,1,3,1,12,3,3,5,4,0,0,0,0,2,E01024500,3,1,0.0,1.0,-1,6,30,1,1,1,12:46,1,1,9
2023991384098,2023,991384098,1,1,3,2,50,8,2,5,1,0,0,2,0,1,-1,7,1,1.0,0.0,-1,3,30,5,4,2,18:45,5,1,9
2023010455288,2023,010455288,1,1,2,2,-1,-1,3,0,0,2,0,0,9,-1,-1,-1,0,0.0,1.0,-1,6,30,1,7,1,01:50,1,1,9
2023201392671,2023,201392671,1,1,1,1,20,4,3,0,0,0,0,0,9,-1,-1,3,1,0.0,1.0,-1,6,30,1,1,2,13:00,3,1,9
2023211337610,2023,211337610,1,1,1,1,18,4,2,0,0,0,0,0,9,7,E01029480,5,1,1.0,0.0,-1,6,60,1,6,1,02:38,7,1,9
2023440045854,2023,440045854,1,1,1,1,47,8,3,0,0,0,0,0,11,6,E01023138,-1,0,0.10698,0.89302,-1,6,60,1,6,2,07:12,6,2,11
2023010422629,2023,010422629,1,2,3,1,36,7,3,10,9,0,0,0,0,7,E01023888,-1,0,0.0,1.0,-1,7,20,8,5,4,07:30,7,1,9
2023010452355,2023,010452355,1,1,3,1,39,7,3,1,3,0,0,0,0,5,E01033573,-1,0,0.0,1.0,-1,7,20,1,1,1,18:45,5,1,9
2023052300109,2023,052300109,1,1,3,1,42,7,3,5,9,0,0,0,0,2,E01006956,-1,0,0.09892,0.90108,-1,6,30,2,4,2,19:50,5,1,19
2023010446858,2023,010446858,1,1,1,1,55,8,3,0,0,0,0,0,9,5,E01016151,-1,0,0.0,1.0,-1,6,20,1,1,1,21:30,7,2,9
2023461328306,2023,461328306,1,1,3,1,31,6,2,5,1,0,0,0,0,6,E01024238,6,1,1.0,0.0,-1,3,30,1,1,1,18:10,7,1,9
2023622300502,2023,622300502,1,1,3,1,16,4,3,1,2,0,0,0,0,10,W01001956,-1,0,0.10839,0.89161,-1,6,30,1,1,1,18:27,1,1,9
2023461291211,2023,461291211,2,1,1,1,54,8,3,0,0,0,0,0,1,8,E01016087,3,1,0.0,1.0,-1,6,30,1,1,1,08:08,2,2,1
2023010464849,2023,010464849,1,1,1,1,32,6,3,0,0,0,0,0,4,1,E01000798,-1,0,0.0,1.0,-1,6,20,1,1,1,16:30,6,2,4
2023010439372,2023,010439372,1,1,1,1,40,7,2,0,0,0,0,0,5,7,E01003371,-1,0,1.0,0.0,-1,6,20,1,1,1,11:00,3,2,5
2023101319536,2023,101319536,1,1,3,2,87,11,2,1,2,0,0,0,0,4,E01008605,7,1,1.0,0.0,-1,3,30,1,1,1,16:37,6,1,9
2023010454197,2023,010454197,2,1,1,1,41,7,3,0,0,0,0,0,1,2,E01032787,-1,0,0.0,1.0,-1,6,20,1,1,1,19:35,1,2,1
2023340WN3482,2023,340WN3482,2,1,1,1,28,6,3,0,0,0,0,0,1,3,E01027154,-1,0,0.05429,0.94571,-1,6,30,1,1,1,08:40,3,2,1
2023010447425,2023,010447425,1,1,1,1,27,6,3,0,0,0,0,0,3,4,E01000559,-1,0,0.0,1.0,-1,9,20,1,1,1,14:51,3,2,3
2023522400756,2023,522400756,3,1,1,1,29,6,3,0,0,0,0,0,3,10,E01015001,-1,0,0.0626,0.9374,-1,6,30,2,1,2,14:57,6,3,3
2023010431701,2023,010431701,1,1,1,1,42,7,3,0,0,0,0,0,9,2,E01015716,-1,0,0.0,1.0,-1,6,30,8,4,2,00:37,1,2,9
2023070640166,2023,070640166,2,1,1,2,64,9,3,0,0,0,0,0,9,8,E01018443,-1,0,0.05615,0.94385,-1,6,30,1,1,1,13:37,1,3,9
2023411394431,2023,411394431,2,1,1,1,77,11,3,0,0,0,0,0,9,5,E01001658,3,1,0.0,1.0,-1,6,60,1,1,1,12:00,6,3,9
2023061283897,2023,061283897,2,1,1,1,31,6,3,0,0,0,0,0,19,1,E01005194,3,1,0.0,1.0,-1,3,30,1,4,-1,23:10,1,2,19
2023991278976,2023,991278976,2,1,1,1,28,6,3,0,0,0,0,0,21,3,-1,3,1,0.0,1.0,-1,6,60,2,1,2,09:12,3,4,21
2023201296485,2023,201296485,3,2,1,1,35,6,3,0,0,0,0,0,9,1,E01009134,3,1,0.0,1.0,-1,3,40,5,4,2,20:50,3,3,9
2023421376356,2023,421376356,2,1,1,1,43,7,3,0,0,0,0,0,9,2,E01021667,3,1,0.0,1.0,-1,6,30,1,4,1,17:33,1,2,9
2023430189714,2023,430189714,2,1,1,1,36,7,3,0,0,0,0,0,9,4,E01016512,-1,0,0.07514,0.92486,-1,3,70,1,4,1,01:21,3,2,9
2023430180234,2023,430180234,2,1,1,2,50,8,3,0,0,0,0,0,1,8,E01028595,-1,0,0.13351,0.86649,-1,6,30,1,1,1,17:25,3,2,1
2023471312117,2023,471312117,2,1,1,1,48,8,3,0,0,0,0,0,1,9,E01021123,3,1,0.0,1.0,-1,6,30,1,1,1,11:30,2,2,1
202360A125062,2023,60A125062,2,1,1,1,37,7,3,0,0,0,0,0,1,-1,-1,-1,0,0.16003,0.83997,-1,6,20,1,1,2,12:30,2,2,1
2023010450297,2023,010450297,2,1,1,1,47,8,3,0,0,0,0,0,3,2,E01002032,-1,0,0.0,1.0,-1,6,20,1,1,1,10:30,3,2,3
2023471384756,2023,471384756,2,1,1,2,33,6,2,0,0,0,0,0,9,6,E01031464,7,1,1.0,0.0,-1,3,30,1,1,2,11:30,7,2,9
2023440509578,2023,440509578,1,3,2,2,31,6,3,0,0,1,0,0,9,-1,-1,-1,0,0.062,0.938,-1,6,60,1,1,1,08:51,5,2,9
2023471311908,2023,471311908,2,2,1,2,80,11,3,0,0,0,0,0,9,10,E01021158,3,1,0.0,1.0,-1,6,50,1,1,1,16:00,6,3,9
2023520301766,2023,520301766,2,4,2,1,71,10,3,0,0,2,0,0,9,7,E01029189,-1,0,0.02065,0.97935,-1,6,30,2,1,2,17:08,7,3,9
2023547158123,2023,547158123,1,1,1,1,47,8,2,0,0,0,0,0,9,8,E01030440,-1,0,1.0,0.0,-1,3,70,5,1,2,19:26,7,2,9
202363B015223,2023,63B015223,1,1,1,1,21,5,2,0,0,0,0,0,9,6,E01022117,-1,0,1.0,0.0,-1,6,60,1,6,1,20:56,3,1,9
2023501283656,2023,501283656,1,1,3,1,45,7,3,9,5,0,0,0,0,9,E01033234,3,1,0.0,1.0,-1,3,70,1,1,2,11:50,5,1,9
2023461318077,2023,461318077,1,1,1,1,27,6,2,0,0,0,0,0,3,7,E01024109,5,1,1.0,0.0,-1,6,30,1,1,1,19:45,6,2,3
2023101300885,2023,101300885,2,2,1,2,23,5,3,0,0,0,0,0,9,-1,-1,3,1,0.0,1.0,-1,6,30,1,1,1,19:00,3,2,9
2023231352424,2023,231352424,1,1,1,1,42,7,3,0,0,0,0,0,9,2,E01031044,3,1,0.0,1.0,-1,6,30,1,1,1,11:37,1,3,9
2023010445983,2023,010445983,2,1,1,1,43,7,3,0,0,0,0,0,1,9,E01001281,-1,0,0.0,1.0,-1,6,30,1,1,1,08:00,3,2,1
2023531337552,2023,531337552,2,1,1,1,23,5,2,0,0,0,0,0,1,9,E01028793,5,1,1.0,0.0,-1,6,60,1,1,1,12:45,3,2,1
2023010448653,2023,010448653,1,1,1,1,26,6,3,0,0,0,0,0,3,2,E01015929,-1,0,0.0,1.0,-1,1,40,1,4,1,00:45,3,2,3
202360A064109,2023,60A064109,2,1,1,1,35,6,3,0,0,0,0,0,1,-1,-1,-1,0,0.18677,0.81323,-1,6,30,1,1,1,20:21,2,2,1
2023041392562,2023,041392562,1,1,1,2,77,11,2,0,0,0,0,0,9,8,E01024924,6,1,1.0,0.0,-1,6,30,1,4,1,22:51,4,1,9
2023131265025,2023,131265025,2,1,1,2,38,7,2,0,0,0,0,0,9,3,E01011343,5,1,1.0,0.0,-1,3,40,8,1,1,14:13,4,3,9
2023131381791,2023,131381791,2,1,1,2,56,9,3,0,0,0,0,0,9,1,E01010654,3,1,0.0,1.0,-1,6,30,1,1,2,10:10,7,2,9
2023201312679,2023,201312679,2,1,1,1,42,7,3,0,0,0,0,0,9,8,E01009668,3,1,0.0,1.0,-1,6,20,1,1,1,14:00,3,2,9
2023332300270,2023,332300270,1,4,2,1,25,5,3,0,0,2,0,0,9,9,E01025816,-1,0,0.06168,0.93832,-1,6,60,1,1,1,12:00,7,1,9
2023471327951,2023,471327951,2,1,2,2,84,11,3,0,0,1,0,0,9,5,E01031530,3,1,0.0,1.0,-1,6,30,1,1,1,10:36,2,4,9
2023421310523,2023,421310523,2,3,2,1,22,5,3,0,0,0,4,0,11,-1,-1,3,1,0.0,1.0,-1,6,50,1,1,1,11:38,3,2,11
2023332300498,2023,332300498,1,1,1,1,58,9,3,0,0,0,0,0,19,9,E01025669,-1,0,0.01117,0.98883,-1,6,30,1,1,1,19:09,4,2,19
2023010427802,2023,010427802,1,1,1,1,39,7,3,0,0,0,0,0,11,10,E01000811,-1,0,0.0,1.0,-1,9,30,9,7,9,20:45,6,2,11
2023461296688,2023,461296688,3,3,1,1,34,6,3,0,0,0,0,0,9,3,E01003293,3,1,0.0,1.0,-1,6,60,1,1,1,20:04,1,3,9
2023430454244,2023,430454244,1,1,3,2,-1,-1,3,4,3,0,0,0,0,4,E01016484,-1,0,0.03605,0.96395,-1,6,30,1,1,1,16:40,2,1,9
2023010469629,2023,010469629,2,1,1,1,34,6,3,0,0,0,0,0,1,2,E01001462,-1,0,0.0,1.0,-1,6,30,1,1,1,07:10,3,2,1
2023101370627,2023,101370627,2,1,1,1,45,7,3,0,0,0,0,0,1,1,E01008682,3,1,0.0,1.0,-1,6,30,2,1,2,12:40,4,2,1
2023041342763,2023,041342763,2,3,2,1,23,5,3,0,0,1,0,0,9,1,E01005253,3,1,0.0,1.0,-1,3,70,1,1,1,11:55,5,2,9
2023201415573,2023,201415573,1,4,2,1,20,4,2,0,0,2,0,0,9,-1,-1,7,1,1.0,0.0,-1,6,30,1,1,1,09:53,6,4,9
2023302300450,2023,302300450,1,1,1,1,36,7,3,0,0,0,0,0,9,2,E01019463,-1,0,0.05554,0.94446,-1,6,50,1,1,1,11:50,7,1,9
2023361371826,2023,361371826,1,1,1,1,18,4,3,0,0,0,0,0,9,-1,-1,3,1,0.0,1.0,-1,6,60,2,6,2,20:00,3,1,9
2023622300541,2023,622300541,2,2,1,2,39,7,3,0,0,0,0,0,9,3,W01001312,-1,0,0.01182,0.98818,-1,6,30,1,1,1,12:22,6,2,9
2023010469120,2023,010469120,2,1,1,1,43,7,2,0,0,0,0,0,1,5,E01003945,-1,0,1.0,0.0,-1,6,20,1,1,1,08:00,7,2,1
2023522401614,2023,522401614,2,1,1,1,16,4,3,0,0,0,0,0,2,5,E01014915,-1,0,0.13409,0.86591,-1,6,30,1,4,2,00:23,5,2,2
2023311383476,2023,311383476,1,1,2,1,60,9,3,0,0,1,0,0,9,10,E01028368,3,1,0.0,1.0,-1,6,50,8,1,4,11:41,4,1,9
2023421401980,2023,421401980,2,1,1,1,35,6,3,0,0,0,0,0,9,4,E01021265,3,1,0.0,1.0,-1,3,30,1,4,2,22:04,1,2,9
2023501345513,2023,501345513,3,2,1,1,60,9,3,0,0,0,0,0,9,5,E01018837,3,1,0.0,1.0,-1,6,60,1,1,1,09:50,6,3,9
2023052300095,2023,052300095,1,1,3,1,43,7,1,9,9,0,0,0,0,1,E01007011,-1,0,0.0,0.0,-1,3,40,5,4,2,23:16,4,1,21
2023131304032,2023,131304032,1,1,1,1,16,4,3,0,0,0,0,0,1,3,E01010940,3,1,0.0,1.0,-1,6,30,1,1,1,18:05,4,2,1
2023010446324,2023,010446324,1,1,1,1,28,6,3,0,0,0,0,0,3,3,E01016353,-1,0,0.0,1.0,-1,9,30,1,1,1,18:00,2,2,3
2023461325045,2023,461325045,2,2,1,1,53,8,3,0,0,0,0,0,9,8,E01000393,3,1,0.0,1.0,-1,3,70,1,6,1,22:25,1,2,9
202354B543723,2023,54B543723,1,2,2,1,19,4,3,0,0,2,0,0,9,7,E01031865,-1,0,0.0494,0.9506,-1,6,40,2,4,2,20:34,3,2,9
2023991367650,2023,991367650,2,1,1,2,32,6,3,0,0,0,0,0,9,-1,-1,3,1,0.0,1.0,-1,6,20,1,1,2,09:35,6,2,9
2023991298608,2023,991298608,3,1,1,1,36,7,3,0,0,0,0,0,19,2,-1,3,1,0.0,1.0,-1,3,30,1,1,1,15:33,4,4,19
2023010453471,2023,010453471,1,1,3,1,13,3,2,1,3,0,0,0,0,10,E01000755,-1,0,1.0,0.0,-1,6,30,1,1,1,08:08,5,1,9
2023010431902,2023,010431902,1,1,1,2,24,5,3,0,0,0,0,0,3,6,E01002204,-1,0,0.0,1.0,-1,6,20,1,1,1,11:45,1,2,3
2023461332568,2023,461332568,2,2,2,2,-1,-1,3,0,0,1,0,0,9,-1,-1,3,1,0.0,1.0,-1,3,70,2,1,2,15:50,6,2,9
2023549959423,2023,549959423,1,1,1,1,24,5,3,0,0,0,0,0,9,10,E01014376,-1,0,0.0871,0.9129,-1,6,30,4,4,2,00:09,4,2,9
2023101375309,2023,101375309,2,1,1,1,10,2,3,0,0,0,0,0,1,2,E01008628,3,1,0.0,1.0,-1,6,20,5,1,2,08:05,2,2,1
2023010448035,2023,010448035,1,1,1,2,62,9,3,0,0,0,0,0,9,10,E01000767,-1,0,0.0,1.0,-1,3,30,1,1,1,17:17,6,2,9
2023010460121,2023,010460121,1,1,1,2,44,7,3,0,0,0,0,0,9,3,E01002120,-1,0,0.0,1.0,-1,6,20,1,1,1,16:38,6,1,9
2023131322499,2023,131322499,1,1,3,1,5,1,3,10,9,0,0,2,0,4,E01011012,3,1,0.0,1.0,-1,9,20,1,1,1,14:30,7,1,23
2023320416492,2023,320416492,1,2,1,2,44,7,3,0,0,0,0,0,1,8,E01026200,-1,0,0.13985,0.86015,-1,6,30,1,1,1,13:00,5,1,1
2023161301272,2023,161301272,2,2,2,2,38,7,3,0,0,1,0,0,9,5,E01013048,3,1,0.0,1.0,-1,6,30,1,1,1,09:15,5,2,9
2023522400766,2023,522400766,1,1,1,1,60,9,3,0,0,0,0,0,9,10,E01014987,-1,0,0.07714,0.92286,-1,3,70,1,5,1,00:49,4,2,9
202360A179634,2023,60A179634,1,2,2,2,-1,-1,3,0,0,1,0,0,9,-1,-1,-1,0,0.08854,0.91146,-1,6,60,1,1,1,13:33,7,1,9
2023991320019,2023,991320019,1,2,1,2,27,6,3,0,0,0,0,0,9,-1,-1,3,1,0.0,1.0,-1,6,20,1,1,1,17:15,1,2,9
2023520400632,2023,520400632,2,2,1,2,48,8,3,0,0,0,0,0,19,6,E01029125,-1,0,0.02997,0.97003,-1,6,30,1,1,1,17:14,2,2,19
2023010488344,2023,010488344,1,1,3,1,66,10,3,5,1,0,0,0,0,2,E01004185,-1,0,0.0,1.0,-1,6,30,8,4,2,19:05,1,1,3
2023201407976,2023,201407976,1,1,3,2,38,7,2,5,3,0,0,2,0,3,E01032534,6,1,1.0,0.0,-1,2,30,1,1,1,12:15,3,1,9
2023221332291,2023,221332291,1,1,3,1,14,3,3,9,9,0,0,0,0,5,E01032133,3,1,0.0,1.0,-1,6,30,2,1,2,18:30,7,1,9
2023552300063,2023,552300063,1,1,1,1,61,9,2,0,0,0,0,0,1,5,E01015456,-1,0,1.0,0.0,-1,6,30,1,1,1,08:33,6,2,1
2023451326183,2023,451326183,1,1,1,1,36,7,2,0,0,0,0,0,3,7,E01030694,7,1,1.0,0.0,-1,6,30,1,1,2,15:30,3,2,3
2023430249838,2023,430249838,2,1,1,1,34,6,3,0,0,0,0,0,5,6,E01016268,-1,0,0.1383,0.8617,-1,6,30,1,1,1,13:16,4,2,5
2023332301053,2023,332301053,1,2,2,1,19,4,3,0,0,2,0,0,8,8,E01033519,-1,0,0.0449,0.9551,-1,1,50,1,4,2,00:49,6,2,8
2023610030523,2023,610030523,2,2,1,1,61,9,3,0,0,0,0,0,9,4,W01001149,-1,0,0.1008,0.8992,-1,6,30,1,1,1,18:16,6,2,9
2023010466497,2023,010466497,1,1,3,1,21,5,3,4,2,0,0,0,0,6,E01004513,-1,0,0.0,1.0,-1,3,20,1,1,1,17:25,7,1,19
2023010480817,2023,010480817,1,1,1,1,34,6,3,0,0,0,0,0,3,1,E01004249,-1,0,0.0,1.0,-1,2,20,1,1,9,00:05,3,2,3
2023010446847,2023,010446847,2,1,1,1,28,6,3,0,0,0,0,0,9,3,E01001111,-1,0,0.0,1.0,-1,6,30,1,7,1,23:15,7,2,9
2023041300898,2023,041300898,1,2,2,1,17,4,2,0,0,2,0,0,9,9,E01024964,5,1,1.0,0.0,-1,6,60,1,6,1,22:40,3,1,9
2023401377173,2023,401377173,2,2,2,2,68,10,3,0,0,2,0,0,9,4,E01015796,3,1,0.0,1.0,-1,6,30,1,4,1,19:33,6,2,9
2023552301114,2023,552301114,2,2,1,1,69,10,3,0,0,0,0,0,9,8,E01015311,-1,0,0.0172,0.9828,-1,6,30,1,1,1,17:43,4,3,9
2023010469091,2023,010469091,1,1,3,1,59,9,3,4,3,0,0,0,0,4,E01001090,-1,0,0.0,1.0,-1,3,20,1,4,1,00:15,7,1,11
2023201409654,2023,201409654,3,5,2,2,77,11,3,0,0,1,0,0,9,7,E01010157,3,1,0.0,1.0,-1,1,30,1,1,1,12:15,2,4,9
2023340NN1142,2023,340NN1142,1,2,1,2,23,5,2,0,0,0,0,0,9,9,E01025798,-1,0,1.0,0.0,-1,6,60,1,1,2,08:29,7,2,9
2023522301305,2023,522301305,2,1,1,2,24,5,3,0,0,0,0,0,9,3,E01014502,-1,0,0.00976,0.99024,-1,6,30,1,1,1,18:25,2,2,9
2023141322104,2023,141322104,2,3,2,1,-1,-1,2,0,0,0,4,0,11,-1,-1,7,1,1.0,0.0,-1,3,40,1,1,1,16:47,6,3,11
2023201413921,2023,201413921,1,1,3,2,60,9,3,1,9,0,0,0,0,10,E01010392,3,1,0.0,1.0,-1,2,30,2,4,2,20:00,7,1,1
2023501324975,2023,501324975,1,1,3,1,12,3,3,5,1,0,0,0,0,8,E01019930,3,1,0.0,1.0,-1,6,30,1,1,1,18:15,5,1,9
2023991269256,2023,991269256,1,1,3,2,96,11,2,1,1,0,0,0,0,8,-1,7,1,1.0,0.0,-1,6,30,1,1,1,15:10,7,1,9
2023141374604,2023,141374604,2,1,1,1,24,5,3,0,0,0,0,0,1,-1,-1,3,1,0.0,1.0,-1,6,30,1,4,2,19:36,3,2,1
2023161322757,2023,161322757,1,1,1,1,12,3,3,0,0,0,0,0,1,1,E01012931,3,1,0.0,1.0,-1,6,20,1,1,1,08:20,5,2,1
2023141368009,2023,141368009,2,3,2,1,11,3,3,0,0,1,0,0,9,2,E01007910,3,1,0.0,1.0,-1,6,30,8,1,2,15:25,7,3,9
2023010438287,2023,010438287,1,1,2,2,62,9,3,0,0,0,3,0,11,3,E01004575,-1,0,0.0,1.0,-1,6,20,1,1,1,18:55,4,1,11
2023552301202,2023,552301202,2,1,1,1,27,6,3,0,0,0,0,0,1,5,E01015274,-1,0,0.07308,0.92692,-1,6,30,1,1,1,14:55,1,2,1
2023451289185,2023,451289185,1,1,1,2,41,7,2,0,0,0,0,0,9,2,E01000785,6,1,1.0,0.0,-1,6,30,1,1,1,15:11,3,2,9
2023471352944,2023,471352944,1,1,1,1,79,11,2,0,0,0,0,0,9,9,E01021208,6,1,1.0,0.0,-1,6,60,1,1,1,16:30,6,3,9
2023010428342,2023,010428342,1,1,3,1,44,7,3,6,9,0,0,0,0,3,E01000977,-1,0,0.0,1.0,-1,9,20,1,1,1,09:30,2,1,20
2023010439292,2023,010439292,1,1,3,2,35,6,3,1,9,0,0,0,0,4,E01003357,-1,0,0.0,1.0,-1,6,30,1,1,1,16:03,4,1,9