collision_index,collision_year,collision_ref_no,vehicle_reference,casualty_reference,casualty_class,sex_of_casualty,age_of_casualty,age_band_of_casualty,casualty_severity,pedestrian_location,pedestrian_movement,car_passenger,bus_or_coach_passenger,pedestrian_road_maintenance_worker,casualty_type,casualty_imd_decile,lsoa_of_casualty,enhanced_casualty_severity,casualty_injury_based,casualty_adjusted_severity_serious,casualty_adjusted_severity_slight,casualty_distance_banding,road_type,speed_limit,weather_conditions,light_conditions,road_surface_conditions,time,day_of_week,number_of_vehicles,vehicle_type
2023010426230,2023,010426230,2,1,2,2,22,5,3,0,0,1,0,0,9,5,E01001291,-1,0,0.0,1.0,-1,3,30,1,1,1,07:35,5,2,9
2023302301102,2023,302301102,1,2,2,2,20,4,3,0,0,1,0,0,9,1,E01013487,-1,0,0.04293,0.95707,-1,6,30,1,1,1,11:20,4,2,9
2023471291867,2023,471291867,1,1,1,1,30,6,3,0,0,0,0,0,9,8,E01031587,3,1,0.0,1.0,-1,6,60,1,1,2,16:05,4,1,9
2023501372325,2023,501372325,2,1,1,2,42,7,3,0,0,0,0,0,9,4,E01018988,3,1,0.0,1.0,-1,1,30,1,4,1,19:35,4,2,9
2023010440868,2023,010440868,1,1,1,1,18,4,3,0,0,0,0,0,1,2,E01003059,-1,0,0.0,1.0,-1,3,30,1,1,1,11:24,4,2,1
2023071309594,2023,071309594,1,1,1,2,36,7,3,0,0,0,0,0,9,4,E01006976,-1,0,0.04384,0.95616,-1,3,70,1,1,1,12:03,7,3,9
2023421353778,2023,421353778,2,3,1,2,34,6,3,0,0,0,0,0,9,6,E01015864,3,1,0.0,1.0,-1,6,30,1,1,1,11:53,2,2,9
2023141305284,2023,141305284,1,1,2,1,52,8,3,0,0,0,0,0,21,4,E01019433,3,1,0.0,1.0,-1,6,60,1,1,1,10:42,3,2,21
2023010442188,2023,010442188,1,1,3,2,81,11,1,4,3,0,0,0,0,-1,-1,-1,0,0.0,0.0,-1,3,30,1,1,1,15:20,4,3,5
2023122300916,2023,122300916,1,1,3,1,-1,-1,3,4,3,0,0,0,0,7,E01027692,-1,0,0.13231,0.86769,-1,6,30,1,1,1,21:52,4,1,9
2023201376924,2023,201376924,1,1,3,1,11,3,3,5,1,0,0,0,0,2,E01010508,3,1,0.0,1.0,-1,6,30,2,1,2,16:54,5,1,9
2023161325126,2023,161325126,1,1,2,2,93,11,2,0,0,0,-1,0,11,4,E01012802,7,1,1.0,0.0,-1,6,30,2,1,2,08:55,3,1,11
2023440081825,2023,440081825,1,1,1,1,46,8,3,0,0,0,0,0,19,10,E01022773,-1,0,0.06901,0.93099,-1,6,30,1,1,1,08:45,3,4,19
2023411360063,2023,411360063,1,1,3,2,88,11,3,5,3,0,0,0,0,10,E01023577,3,1,0.0,1.0,-1,6,30,1,1,1,10:54,7,1,9
2023991288062,2023,991288062,1,1,3,1,77,11,2,8,5,0,0,2,0,-1,-1,7,1,1.0,0.0,-1,6,30,2,1,2,15:52,4,1,9
2023010438093,2023,010438093,1,1,1,1,28,6,3,0,0,0,0,0,1,7,E01004552,-1,0,0.0,1.0,-1,6,20,1,1,9,18:10,2,2,1
2023421278968,2023,421278968,1,1,1,1,38,7,3,0,0,0,0,0,4,6,E01033458,3,1,0.0,1.0,-1,3,30,1,1,1,07:00,3,1,4
2023010459619,2023,010459619,1,1,1,2,25,5,3,0,0,0,0,0,9,4,E01002603,-1,0,0.0,1.0,-1,6,20,2,1,2,19:50,3,3,9
2023361394053,2023,361394053,1,1,1,1,80,11,3,0,0,0,0,0,9,4,E01026909,3,1,0.0,1.0,-1,6,20,1,6,2,20:38,5,1,9
2023430353847,2023,430353847,2,1,1,1,67,10,2,0,0,0,0,0,9,9,E01023753,-1,0,1.0,0.0,-1,3,70,1,4,1,23:51,3,2,9
2023471366457,2023,471366457,1,1,1,2,45,7,3,0,0,0,0,0,9,5,E01031376,3,1,0.0,1.0,-1,6,30,2,4,2,20:25,2,2,9
2023411324344,2023,411324344,3,3,1,1,49,8,3,0,0,0,0,0,21,3,E01017619,3,1,0.0,1.0,-1,3,70,2,1,2,06:45,3,3,21
2023010477762,2023,010477762,1,1,1,1,29,6,2,0,0,0,0,0,3,6,E01004186,-1,0,1.0,0.0,-1,6,20,1,4,1,18:30,6,2,3
2023141363912,2023,141363912,1,1,1,1,23,5,3,0,0,0,0,0,3,6,E01008024,3,1,0.0,1.0,-1,6,30,1,1,1,13:30,2,2,3
2023141362720,2023,141362720,2,1,1,1,52,8,3,0,0,0,0,0,5,4,E01007415,3,1,0.0,1.0,-1,9,40,1,4,2,19:05,6,2,5
2023010477606,2023,010477606,1,2,2,1,20,4,3,0,0,1,0,0,9,4,E01001675,-1,0,0.0,1.0,-1,6,30,2,4,2,00:30,2,2,9
2023061375111,2023,061375111,1,1,2,2,25,5,3,0,0,2,0,0,9,4,E01001260,3,1,0.0,1.0,-1,3,70,1,4,2,23:27,2,1,9
2023101329135,2023,101329135,2,1,2,1,31,6,3,0,0,1,0,0,9,5,E01027376,3,1,0.0,1.0,-1,6,20,1,1,1,16:20,2,2,9
2023170S21243,2023,170S21243,1,1,1,1,19,4,2,0,0,0,0,0,9,2,E01012281,-1,0,1.0,0.0,-1,6,40,1,1,1,15:51,1,2,9
2023302301712,2023,302301712,2,1,1,2,22,5,3,0,0,0,0,0,9,7,E01019814,-1,0,0.02268,0.97732,-1,6,60,2,1,2,08:10,4,2,9
2023320210258,2023,320210258,1,2,2,2,17,4,3,0,0,1,0,0,9,3,E01026311,-1,0,0.03916,0.96084,-1,6,60,1,1,1,14:12,5,3,9
2023440054785,2023,440054785,1,1,1,2,41,7,2,0,0,0,0,0,9,3,E01017315,-1,0,1.0,0.0,-1,6,60,1,1,1,09:33,5,1,9
2023201395627,2023,201395627,1,1,3,2,50,8,3,6,9,0,0,2,0,2,E01009809,3,1,0.0,1.0,-1,6,30,2,1,2,13:30,1,1,9
2023340WN4002,2023,340WN4002,1,1,1,2,59,9,3,0,0,0,0,0,9,5,E01027176,-1,0,0.08422,0.91578,-1,6,30,1,1,1,11:40,6,2,9
2023501337274,2023,501337274,1,1,1,1,24,5,3,0,0,0,0,0,9,1,E01018875,3,1,0.0,1.0,-1,3,70,2,1,2,18:55,3,1,9
2023061290241,2023,061290241,1,1,3,2,28,6,3,10,9,0,0,-1,0,1,E01005009,3,1,0.0,1.0,-1,6,30,1,1,1,11:25,3,1,9
2023471263341,2023,471263341,1,1,3,2,21,5,3,6,5,0,0,0,0,2,E01017011,3,1,0.0,1.0,-1,6,20,2,7,2,18:00,6,1,22
2023141324993,2023,141324993,2,1,1,1,16,4,3,0,0,0,0,0,1,-1,-1,3,1,0.0,1.0,-1,6,30,1,1,2,20:00,7,2,1
2023161326851,2023,161326851,1,1,1,1,32,6,3,0,0,0,0,0,1,3,E01012866,3,1,0.0,1.0,-1,6,20,1,1,1,16:10,2,2,1
2023201339764,2023,201339764,1,1,1,1,36,7,3,0,0,0,0,0,9,2,E01010102,3,1,0.0,1.0,-1,3,40,1,1,1,17:43,2,2,9
2023451350144,2023,451350144,1,1,1,1,56,9,3,0,0,0,0,0,9,5,E01030984,3,1,0.0,1.0,-1,7,70,1,1,1,18:50,4,2,9
2023221382202,2023,221382202,1,1,1,1,70,10,2,0,0,0,0,0,9,4,E01019742,5,1,1.0,0.0,-1,6,60,1,1,2,10:00,7,2,9
2023440421178,2023,440421178,1,1,1,2,26,6,3,0,0,0,0,0,9,4,E01017171,-1,0,0.02935,0.97065,-1,6,30,1,1,1,12:00,6,2,9
2023471352900,2023,471352900,2,1,1,1,55,8,2,0,0,0,0,0,9,6,E01032833,6,1,1.0,0.0,-1,6,30,1,1,1,15:12,2,2,9
2023991387751,2023,991387751,1,1,1,2,40,7,3,0,0,0,0,0,9,3,-1,3,1,0.0,1.0,-1,6,30,1,1,1,16:10,3,2,9
2023010439700,2023,010439700,1,1,1,-1,39,7,3,0,0,0,0,0,1,3,E01002102,-1,0,0.0,1.0,-1,3,20,1,1,1,18:00,4,2,1
2023010482311,2023,010482311,2,1,1,2,56,9,3,0,0,0,0,0,1,2,E01002669,-1,0,0.0,1.0,-1,6,20,1,1,1,10:22,4,2,1
2023451344900,2023,451344900,1,3,2,2,26,6,3,0,0,1,0,0,9,7,E01023514,3,1,0.0,1.0,-1,3,70,1,1,1,18:45,4,1,9
2023631392109,2023,631392109,1,1,2,1,16,4,3,0,0,1,0,0,9,7,W01000565,3,1,0.0,1.0,-1,6,60,2,1,2,14:30,2,1,9
2023010451772,2023,010451772,1,2,2,-1,-1,-1,3,0,0,1,0,0,9,2,E01000059,-1,0,0.0,1.0,-1,1,30,1,1,1,13:27,3,2,9
2023340WN5082,2023,340WN5082,2,1,1,2,27,6,3,0,0,0,0,0,9,6,E01027234,-1,0,0.02155,0.97845,-1,1,40,1,1,1,15:40,2,2,9
2023010474161,2023,010474161,2,1,1,2,22,5,3,0,0,0,0,0,3,1,E01002026,-1,0,0.0,1.0,-1,6,20,1,1,2,15:03,5,2,3
2023031280627,2023,031280627,1,1,2,1,38,7,3,0,0,0,0,0,19,1,E01019156,3,1,0.0,1.0,-1,3,30,1,1,1,13:51,1,2,19
2023122300823,2023,122300823,1,1,3,1,9,2,3,5,3,0,0,0,0,1,E01027907,-1,0,0.12971,0.87029,-1,6,30,1,1,1,19:46,6,1,9
2023430284546,2023,430284546,1,1,3,1,26,6,3,1,3,0,0,0,0,6,E01016248,-1,0,0.06069,0.93931,-1,6,30,1,1,1,18:00,3,1,9
2023552301543,2023,552301543,2,1,2,2,6,2,3,0,0,2,0,0,9,3,E01015308,-1,0,0.01338,0.98662,-1,6,30,1,1,1,12:46,3,2,9
2023010426216,2023,010426216,1,1,3,2,3,1,2,5,9,0,0,0,0,2,E01003542,-1,0,1.0,0.0,-1,6,30,1,1,1,12:30,4,1,9
2023332301069,2023,332301069,1,1,3,2,6,2,3,5,1,0,0,0,0,8,E01025948,-1,0,0.06235,0.93765,-1,6,30,1,4,2,19:00,3,1,9
2023421331132,2023,421331132,1,1,1,2,20,4,3,0,0,0,0,0,1,-1,-1,3,1,0.0,1.0,-1,6,30,1,1,1,19:45,7,2,1
2023471308570,2023,471308570,1,1,2,1,18,4,3,0,0,0,0,0,3,9,E01020939,3,1,0.0,1.0,-1,6,30,1,1,1,14:25,4,2,3
2023461347048,2023,461347048,1,5,1,1,17,4,3,0,0,0,0,0,9,8,E01024004,3,1,0.0,1.0,-1,6,60,2,6,2,00:56,4,1,9
2023552301236,2023,552301236,1,1,3,1,17,4,3,9,9,0,0,0,0,10,E01015396,-1,0,0.09151,0.90849,-1,6,30,1,1,1,13:45,5,1,9
2023991373105,2023,991373105,1,1,3,1,15,3,2,5,1,0,0,0,0,8,-1,5,1,1.0,0.0,-1,6,30,1,1,1,17:12,6,2,9
2023031273005,2023,031273005,1,1,1,1,27,6,3,0,0,0,0,0,1,3,E01019194,3,1,0.0,1.0,-1,6,30,1,4,2,17:46,2,2,1
2023351361153,2023,351361153,1,1,1,2,41,7,3,0,0,0,0,0,1,4,E01017953,3,1,0.0,1.0,-1,6,30,1,1,1,08:40,2,1,1
2023010439345,2023,010439345,1,1,1,1,33,6,3,0,0,0,0,0,2,4,E01000171,-1,0,0.0,1.0,-1,9,20,9,7,9,23:30,1,2,2
2023622300994,2023,622300994,2,1,1,1,18,4,3,0,0,0,0,0,1,1,W01001835,-1,0,0.04848,0.95152,-1,1,30,1,4,2,20:30,4,2,1
2023010421151,2023,010421151,1,1,1,2,41,7,3,0,0,0,0,0,3,4,E01004414,-1,0,0.0,1.0,-1,6,30,1,1,1,11:50,6,2,3
2023430212515,2023,430212515,2,1,1,1,61,9,2,0,0,0,0,0,5,9,E01016256,-1,0,1.0,0.0,-1,6,40,1,1,1,16:38,2,2,5
2023451324854,2023,451324854,2,2,1,1,65,9,3,0,0,0,0,0,9,9,E01015406,3,1,0.0,1.0,-1,3,70,1,1,1,19:00,6,4,9
2023520301432,2023,520301432,1,1,1,1,49,8,3,0,0,0,0,0,9,4,W01000605,-1,0,0.06482,0.93518,-1,6,40,1,6,2,23:47,6,2,9
2023991333694,2023,991333694,2,4,2,2,15,3,2,0,0,2,0,0,9,-1,-1,7,1,1.0,0.0,-1,6,30,1,1,1,19:33,3,2,9
2023052302819,2023,052302819,1,2,3,1,11,3,3,5,4,0,0,0,0,1,E01007304,-1,0,0.13821,0.86179,-1,6,30,1,1,1,15:20,6,1,9
2023302301992,2023,302301992,1,1,1,1,79,11,2,0,0,0,0,0,9,9,E01019670,-1,0,1.0,0.0,-1,6,30,2,1,2,14:10,2,1,9
2023631376874,2023,631376874,1,2,2,2,72,10,3,0,0,1,0,0,9,3,W01000732,3,1,0.0,1.0,-1,6,20,1,7,1,16:30,5,3,9
2023440091581,2023,440091581,1,2,1,1,48,8,3,0,0,0,0,0,19,9,E01023152,-1,0,0.06474,0.93526,-1,6,40,2,6,2,18:55,2,2,19
2023052301442,2023,052301442,1,1,1,1,-1,-1,3,0,0,0,0,0,9,-1,-1,-1,0,0.04957,0.95043,-1,3,70,2,1,2,19:00,1,1,9
2023131288418,2023,131288418,3,1,1,1,18,4,3,0,0,0,0,0,9,1,E01011133,3,1,0.0,1.0,-1,6,30,1,1,1,16:07,1,3,9
2023520301157,2023,520301157,1,2,2,1,38,7,2,0,0,1,0,0,9,-1,-1,-1,0,1.0,0.0,-1,6,30,1,1,1,18:05,4,2,9
2023010464709,2023,010464709,1,1,3,2,79,11,2,5,3,0,0,0,0,5,E01002693,-1,0,1.0,0.0,-1,6,20,8,1,1,10:30,4,1,9
2023061298259,2023,061298259,1,1,3,2,30,6,3,1,1,0,0,2,0,4,E01005507,3,1,0.0,1.0,-1,6,30,1,1,1,19:13,5,1,9
2023122300412,2023,122300412,1,1,3,2,10,2,3,9,8,0,0,0,0,8,E01027691,-1,0,0.05663,0.94337,-1,6,30,1,4,1,15:50,2,1,9
2023052300410,2023,052300410,2,2,1,2,22,5,3,0,0,0,0,0,9,-1,-1,-1,0,0.02606,0.97394,-1,6,30,2,1,2,09:30,5,2,9
2023302301696,2023,302301696,1,1,1,2,22,5,3,0,0,0,0,0,9,10,E01008021,-1,0,0.04213,0.95787,-1,6,30,1,4,2,22:27,2,2,9
2023311328368,2023,311328368,2,2,1,1,19,4,1,0,0,0,0,0,9,9,E01007618,1,1,0.0,0.0,-1,6,50,1,1,1,07:17,3,2,9
2023991389455,2023,991389455,1,2,2,2,42,7,3,0,0,-1,0,0,9,4,-1,3,1,0.0,1.0,-1,1,20,1,4,1,00:15,1,1,9
2023201293919,2023,201293919,2,1,1,1,42,7,3,0,0,0,0,0,1,-1,-1,3,1,0.0,1.0,-1,6,30,1,1,1,07:08,4,2,1
2023552301026,2023,552301026,1,1,1,1,18,4,3,0,0,0,0,0,1,9,E01020399,-1,0,0.10254,0.89746,-1,6,30,2,1,2,17:00,3,2,1
2023411339440,2023,411339440,1,1,1,1,19,4,2,0,0,0,0,0,3,10,E01017780,6,1,1.0,0.0,-1,6,30,2,1,2,13:24,4,2,3
2023010439074,2023,010439074,1,1,1,1,44,7,3,0,0,0,0,0,5,7,E01024137,-1,0,0.0,1.0,-1,6,20,1,1,1,06:55,2,2,5
2023320206416,2023,320206416,1,1,1,2,59,9,3,0,0,0,0,0,9,3,E01026043,-1,0,0.03238,0.96762,-1,6,30,2,1,2,16:40,4,2,9
2023421312972,2023,421312972,2,2,1,1,19,4,2,0,0,0,0,0,-1,5,E01021492,5,1,1.0,0.0,-1,6,50,1,1,1,08:00,3,2,-1
2023010438873,2023,010438873,2,1,1,1,26,6,3,0,0,0,0,0,2,5,E01003067,-1,0,0.0,1.0,-1,6,30,1,1,1,18:25,7,2,2
2023531341214,2023,531341214,2,1,1,1,55,8,2,0,0,0,0,0,1,6,E01032935,6,1,1.0,0.0,-1,6,30,1,1,1,11:00,6,2,1
2023010433261,2023,010433261,1,1,1,2,39,7,3,0,0,0,0,0,9,2,E01001079,-1,0,0.0,1.0,-1,6,20,1,1,1,08:15,2,1,9
2023201400608,2023,201400608,2,2,1,2,22,5,3,0,0,0,0,0,9,6,E01009473,3,1,0.0,1.0,-1,6,30,1,4,1,21:00,7,3,9
2023340NN2422,2023,340NN2422,2,1,1,2,55,8,3,0,0,0,0,0,9,7,E01027109,-1,0,0.04694,0.95306,-1,6,30,1,1,1,20:24,3,2,9
2023440414625,2023,440414625,1,1,1,2,21,5,2,0,0,0,0,0,9,2,E01020923,-1,0,1.0,0.0,-1,7,70,1,1,1,15:40,1,2,9
2023351274369,2023,351274369,2,1,1,1,14,3,2,0,0,0,0,0,1,2,E01015633,7,1,1.0,0.0,-1,6,30,1,1,-1,15:15,6,2,1
202360A196875,2023,60A196875,1,1,1,1,55,8,2,0,0,0,0,0,1,-1,-1,-1,0,1.0,0.0,-1,6,30,1,6,2,20:45,6,2,1
2023351315290,2023,351315290,2,3,2,2,9,2,3,0,0,2,0,0,9,10,E01018222,3,1,0.0,1.0,-1,7,60,1,1,1,13:00,7,2,9
2023461321409,2023,461321409,1,1,3,1,26,6,3,1,9,0,0,2,0,2,E01003634,3,1,0.0,1.0,-1,6,30,1,1,1,17:30,1,1,9
2023010472581,2023,010472581,1,1,2,2,32,6,3,0,0,9,0,0,8,-1,-1,-1,0,0.0,1.0,-1,9,30,9,1,9,13:10,2,3,8
2023111396599,2023,111396599,2,1,1,2,38,7,3,0,0,0,0,0,9,1,E01020736,3,1,0.0,1.0,-1,6,30,1,4,1,18:01,5,2,9
2023411454255,2023,411454255,2,2,1,1,23,5,2,0,0,0,0,0,9,-1,-1,7,1,1.0,0.0,-1,6,60,1,6,2,01:01,1,2,9
2023451363434,2023,451363434,1,1,1,1,38,7,3,0,0,0,0,0,9,4,E01030645,3,1,0.0,1.0,-1,7,70,1,1,1,08:00,2,2,9
2023010473704,2023,010473704,1,1,1,1,25,5,3,0,0,0,0,0,1,3,E01001048,-1,0,0.0,1.0,-1,9,20,1,1,1,16:40,2,2,1
2023111390638,2023,111390638,2,1,1,2,52,8,3,0,0,0,0,0,2,3,E01020737,3,1,0.0,1.0,-1,6,30,9,5,1,17:00,7,2,2
2023461307740,2023,461307740,1,1,1,1,31,6,2,0,0,0,0,0,3,6,E01024357,5,1,1.0,0.0,-1,6,30,1,4,1,23:11,3,2,3
2023302300718,2023,302300718,1,1,1,1,58,9,2,0,0,0,0,0,5,6,E01019654,-1,0,1.0,0.0,-1,6,60,1,1,1,07:40,1,1,5
2023302301120,2023,302301120,1,2,1,1,24,5,2,0,0,0,0,0,9,1,E01011980,-1,0,1.0,0.0,-1,1,70,2,4,2,04:00,7,1,9
2023201454330,2023,201454330,2,1,1,1,26,6,3,0,0,0,0,0,23,1,E01010142,3,1,0.0,1.0,-1,6,30,1,4,2,16:47,4,2,23
2023430416422,2023,430416422,1,1,3,2,3,1,3,1,1,0,0,0,0,3,E01016353,-1,0,0.12677,0.87323,-1,6,30,1,1,1,18:13,7,1,9
2023221313138,2023,221313138,2,1,1,1,34,6,2,0,0,0,0,0,5,7,E01014043,7,1,1.0,0.0,-1,6,30,1,1,1,14:30,3,3,5
2023041332372,2023,041332372,2,1,1,1,67,10,2,0,0,0,0,0,9,7,E01025362,7,1,1.0,0.0,-1,3,70,2,1,2,12:11,7,3,9
2023302300672,2023,302300672,3,3,2,2,64,9,3,0,0,1,0,0,9,6,E01013476,-1,0,0.04922,0.95078,-1,6,40,1,1,1,13:38,5,3,9
2023411340597,2023,411340597,2,3,2,2,62,9,3,0,0,1,0,0,9,4,E01023805,3,1,0.0,1.0,-1,6,30,1,1,1,18:30,6,2,9
2023440356400,2023,440356400,1,1,1,1,29,6,3,0,0,0,0,0,9,9,E01022525,-1,0,0.12992,0.87008,-1,6,60,1,4,1,04:28,1,1,9
2023461380798,2023,461380798,1,1,3,2,38,7,3,6,9,0,0,0,0,7,E01024232,3,1,0.0,1.0,-1,6,20,9,1,1,08:35,4,1,9
2023010451244,2023,010451244,2,1,1,1,15,3,3,0,0,0,0,0,1,2,E01003689,-1,0,0.0,1.0,-1,6,30,1,1,1,15:48,7,2,1
2023010460171,2023,010460171,2,2,2,1,18,4,2,0,0,0,0,0,4,3,E01000148,-1,0,1.0,0.0,-1,6,30,1,4,1,00:20,7,2,4
2023522301293,2023,522301293,2,1,1,1,57,9,3,0,0,0,0,0,5,7,E01031926,-1,0,0.14271,0.85729,-1,6,30,1,1,1,19:15,3,2,5
2023010451707,2023,010451707,3,2,2,1,13,3,3,0,0,1,0,0,9,3,E01003723,-1,0,0.0,1.0,-1,3,40,1,1,1,08:08,3,3,9
2023170H10813,2023,170H10813,1,1,1,2,29,6,3,0,0,0,0,0,9,1,E01011989,-1,0,0.03439,0.96561,-1,3,40,2,1,2,09:00,3,2,9
2023010463503,2023,010463503,1,1,2,2,39,7,3,0,0,0,3,0,11,6,E01000203,-1,0,0.0,1.0,-1,3,30,1,1,2,12:10,6,1,11
2023041343291,2023,041343291,2,1,1,1,21,5,3,0,0,0,0,0,9,4,E01025216,3,1,0.0,1.0,-1,3,70,2,6,2,02:07,7,2,9
2023221295995,2023,221295995,1,1,1,1,34,6,3,0,0,0,0,0,9,-1,-1,3,1,0.0,1.0,-1,3,70,1,1,1,11:50,3,2,9
2023471287608,2023,471287608,2,3,2,2,72,10,2,0,0,1,0,0,9,-1,-1,6,1,1.0,0.0,-1,6,30,1,1,1,14:21,5,2,9
202363D018623,2023,63D018623,1,1,1,2,47,8,3,0,0,0,0,0,9,8,W01001905,-1,0,0.07511,0.92489,-1,3,70,3,1,3,08:47,5,1,9
2023101334706,2023,101334706,2,4,1,2,33,6,3,0,0,0,0,0,9,-1,-1,3,1,0.0,1.0,-1,3,50,1,1,1,13:50,7,5,9
2023430192135,2023,430192135,1,2,2,2,-1,-1,3,0,0,1,0,0,9,3,E01002547,-1,0,0.01764,0.98236,-1,3,30,1,4,1,00:13,4,2,9
2023461395842,2023,461395842,2,1,1,1,53,8,3,0,0,0,0,0,9,3,E01016022,3,1,0.0,1.0,-1,3,30,1,1,2,11:31,6,2,9
2023010449161,2023,010449161,2,1,1,1,41,7,3,0,0,0,0,0,1,6,E01001393,-1,0,0.0,1.0,-1,6,20,1,1,1,07:42,5,2,1
2023010453393,2023,010453393,1,1,1,1,45,7,2,0,0,0,0,0,9,7,E01016770,-1,0,1.0,0.0,-1,6,20,1,1,1,13:50,4,3,9
2023010461601,2023,010461601,1,2,2,-1,-1,-1,3,0,0,2,0,0,9,5,E01002626,-1,0,0.0,1.0,-1,9,30,1,1,1,18:50,1,2,9
2023461288822,2023,461288822,1,1,1,2,30,6,3,0,0,0,0,0,9,7,E01024732,3,1,0.0,1.0,-1,6,30,1,1,1,08:10,4,2,9
202354B514423,2023,54B514423,2,2,2,2,12,3,3,0,0,2,0,0,9,7,E01032046,-1,0,0.00493,0.99507,-1,6,60,1,1,1,14:30,5,2,9
2023610025623,2023,610025623,2,1,1,1,68,10,2,0,0,0,0,0,4,1,W01001471,-1,0,1.0,0.0,-1,6,60,1,1,1,19:15,4,2,4
2023991308151,2023,991308151,1,1,1,1,52,8,2,0,0,0,0,0,5,6,-1,7,1,1.0,0.0,-1,6,60,1,6,1,21:01,3,1,5
2023161361544,2023,161361544,1,1,1,1,56,9,3,0,0,0,0,0,8,2,E01012763,3,1,0.0,1.0,-1,6,30,1,4,1,08:45,7,2,8
2023430068548,2023,430068548,1,1,1,1,57,9,3,0,0,0,0,0,9,10,E01017930,-1,0,0.00408,0.99592,-1,1,30,1,1,1,13:35,2,2,9
2023501304121,2023,501304121,1,1,2,2,62,9,2,0,0,1,0,0,9,4,E01018979,5,1,1.0,0.0,-1,6,60,2,1,2,14:22,5,3,9
2023201360248,2023,201360248,3,1,2,2,60,9,3,0,0,0,0,0,19,-1,-1,3,1,0.0,1.0,-1,6,30,2,1,5,19:01,2,3,19
2023552301463,2023,552301463,2,1,1,1,30,6,2,0,0,0,0,0,3,5,E01015461,-1,0,1.0,0.0,-1,6,30,1,4,1,17:27,6,3,3
202360A193082,2023,60A193082,1,1,1,1,68,10,3,0,0,0,0,0,98,-1,-1,-1,0,0.23918,0.76082,-1,6,60,1,7,1,17:02,6,2,98
2023101299063,2023,101299063,1,1,3,1,15,3,3,5,3,0,0,0,0,-1,-1,3,1,0.0,1.0,-1,6,20,1,1,1,08:35,5,1,9
2023010431807,2023,010431807,1,1,1,1,46,8,3,0,0,0,0,0,8,-1,-1,-1,0,0.0,1.0,-1,6,30,1,4,2,05:06,7,2,8
2023010469097,2023,010469097,1,1,1,1,33,6,3,0,0,0,0,0,9,3,E01003555,-1,0,0.0,1.0,-1,6,20,1,4,1,01:40,7,2,9
2023991365410,2023,991365410,1,1,1,2,23,5,3,0,0,0,0,0,9,1,-1,3,1,0.0,1.0,-1,6,30,2,1,2,15:58,6,2,9
2023061354095,2023,061354095,1,1,3,1,34,6,1,5,1,0,0,0,0,1,E01014249,1,1,0.0,0.0,-1,3,70,2,6,2,00:16,3,2,9
2023010464772,2023,010464772,2,1,1,1,26,6,3,0,0,0,0,0,5,4,E01004368,-1,0,0.0,1.0,-1,6,20,1,1,1,07:00,6,2,5
2023461344375,2023,461344375,1,1,1,1,62,9,3,0,0,0,0,0,9,-1,-1,3,1,0.0,1.0,-1,6,30,1,1,1,13:12,4,2,9
2023501331946,2023,501331946,2,1,2,2,2,1,3,0,0,2,0,0,9,6,E01020223,3,1,0.0,1.0,-1,6,30,1,1,1,18:10,7,2,9
2023531380350,2023,531380350,1,1,1,2,41,7,3,0,0,0,0,0,9,9,E01022422,3,1,0.0,1.0,-1,3,50,1,1,2,07:53,4,3,9
2023991393543,2023,991393543,1,3,1,1,85,11,3,0,0,0,0,0,9,8,E01010790,3,1,0.0,1.0,-1,6,60,1,1,2,11:07,1,3,9
2023302301832,2023,302301832,2,1,1,1,59,9,3,0,0,0,0,0,1,4,E01013458,-1,0,0.20605,0.79395,-1,6,40,1,1,2,06:20,4,2,1
2023351375167,2023,351375167,2,1,1,2,68,10,2,0,0,0,0,0,1,7,E01032795,7,1,1.0,0.0,-1,6,20,1,7,-1,22:45,5,2,1
2023991391175,2023,991391175,2,1,1,1,28,6,3,0,0,0,0,0,1,9,-1,3,1,0.0,1.0,-1,3,30,5,4,1,17:00,5,2,1
2023332300375,2023,332300375,1,1,1,1,53,8,2,0,0,0,0,0,5,7,E01032892,-1,0,1.0,0.0,-1,6,50,8,1,1,16:20,2,3,5
2023411285400,2023,411285400,1,1,3,1,22,5,3,1,9,0,0,0,0,-1,-1,3,1,0.0,1.0,-1,1,40,1,1,1,11:02,5,1,9
2023544223323,2023,544223323,1,1,3,1,13,3,2,5,1,0,0,0,0,8,E01015552,-1,0,1.0,0.0,-1,6,30,9,1,2,08:07,6,1,9
2023201295820,2023,201295820,1,1,1,1,24,5,3,0,0,0,0,0,9,1,E01010371,3,1,0.0,1.0,-1,1,30,1,1,1,12:10,6,2,9
2023991266254,2023,991266254,1,1,1,1,22,5,3,0,0,0,0,0,9,8,-1,3,1,0.0,1.0,-1,6,60,5,6,2,00:15,6,1,9
2023991287960,2023,991287960,2,1,1,2,40,7,3,0,0,0,0,0,9,2,-1,3,1,0.0,1.0,-1,6,30,2,1,2,13:50,6,2,9
2023340NN0072,2023,340NN0072,2,1,2,2,65,9,3,0,0,2,0,0,8,6,E01027169,-1,0,0.03246,0.96754,-1,6,60,5,1,2,08:20,3,2,8
2023010483322,2023,010483322,1,1,1,2,31,6,3,0,0,0,0,0,9,-1,-1,-1,0,0.0,1.0,-1,6,20,1,1,1,07:50,2,2,9
2023041319758,2023,041319758,3,2,1,2,17,4,3,0,0,0,0,0,9,9,E01025596,3,1,0.0,1.0,-1,6,30,1,1,1,10:35,7,3,9