collision_index,collision_year,collision_ref_no,vehicle_reference,casualty_reference,casualty_class,sex_of_casualty,age_of_casualty,age_band_of_casualty,casualty_severity,pedestrian_location,pedestrian_movement,car_passenger,bus_or_coach_passenger,pedestrian_road_maintenance_worker,casualty_type,casualty_imd_decile,lsoa_of_casualty,enhanced_casualty_severity,casualty_injury_based,casualty_adjusted_severity_serious,casualty_adjusted_severity_slight,casualty_distance_banding,road_type,speed_limit,weather_conditions,light_conditions,road_surface_conditions,time,day_of_week,number_of_vehicles,vehicle_type
2023010481002,2023,010481002,1,1,1,1,28,6,3,0,0,0,0,0,9,3,E01000195,-1,0,0.0,1.0,-1,6,20,1,6,1,22:15,4,2,9
2023052300913,2023,052300913,2,2,1,1,59,9,2,0,0,0,0,0,9,1,E01006770,-1,0,1.0,0.0,-1,6,30,1,1,1,11:00,4,2,9
2023451288963,2023,451288963,1,1,1,1,30,6,2,0,0,0,0,0,9,8,E01022641,5,1,1.0,0.0,-1,3,70,2,6,2,05:21,3,2,9
2023451383522,2023,451383522,1,1,1,2,30,6,3,0,0,0,0,0,9,-1,-1,3,1,0.0,1.0,-1,6,30,1,1,1,16:58,7,2,9
2023061297673,2023,061297673,2,1,1,1,-1,-1,3,0,0,0,0,0,9,1,E01005467,3,1,0.0,1.0,-1,6,30,2,1,2,14:30,4,2,9
2023052300995,2023,052300995,2,1,1,2,79,11,3,0,0,0,0,0,9,6,E01025473,-1,0,0.08283,0.91717,-1,6,30,1,1,1,14:20,3,2,9
2023052301819,2023,052301819,2,1,1,2,22,5,3,0,0,0,0,0,9,5,E01006625,-1,0,0.03954,0.96046,-1,3,30,1,1,1,12:15,5,3,9
2023201364062,2023,201364062,2,1,1,1,32,6,3,0,0,0,0,0,9,2,E01008919,3,1,0.0,1.0,-1,6,30,1,4,1,23:57,2,2,9
2023401270946,2023,401270946,3,3,1,2,22,5,3,0,0,0,0,0,9,10,E01017563,3,1,0.0,1.0,-1,3,70,1,4,1,20:12,1,7,9
2023010476197,2023,010476197,1,1,3,2,36,7,3,5,3,0,0,0,0,2,E01004271,-1,0,0.0,1.0,-1,6,20,1,1,1,09:50,2,1,9
2023430242025,2023,430242025,1,1,3,1,64,9,3,4,3,0,0,0,0,2,E01016397,-1,0,0.12904,0.87096,-1,6,30,1,1,1,12:19,6,1,8
2023010433249,2023,010433249,1,1,1,1,40,7,3,0,0,0,0,0,3,3,E01003109,-1,0,0.0,1.0,-1,9,20,1,1,1,10:30,2,2,3
2023421376849,2023,421376849,1,1,1,1,26,6,2,0,0,0,0,0,3,4,E01021869,7,1,1.0,0.0,-1,6,50,1,4,2,18:04,2,1,3
2023221338856,2023,221338856,2,1,1,1,71,10,3,0,0,0,0,0,1,8,E01009812,3,1,0.0,1.0,-1,3,60,1,1,1,08:03,1,2,1
2023411367229,2023,411367229,1,1,3,1,40,7,2,5,1,0,0,0,0,-1,-1,7,1,1.0,0.0,-1,6,30,2,4,2,17:44,6,1,9
2023122300626,2023,122300626,2,4,2,1,21,5,2,0,0,2,0,0,9,5,E01013446,-1,0,1.0,0.0,-1,2,20,1,4,2,20:40,3,2,9
2023501328341,2023,501328341,2,2,2,1,13,3,3,0,0,2,0,0,9,8,-1,3,1,0.0,1.0,-1,6,60,2,1,2,14:39,3,2,9
2023010475735,2023,010475735,2,1,1,1,34,6,3,0,0,0,0,0,1,5,E01002791,-1,0,0.0,1.0,-1,6,20,2,4,2,17:55,6,2,1
2023031346544,2023,031346544,1,1,1,1,71,10,1,0,0,0,0,0,1,-1,-1,1,1,0.0,0.0,-1,6,60,1,1,1,12:50,1,1,1
2023522301417,2023,522301417,2,1,1,1,19,4,3,0,0,0,0,0,4,7,E01014909,-1,0,0.09347,0.90653,-1,6,20,2,1,2,19:25,7,2,4
2023201378382,2023,201378382,1,1,1,1,55,8,3,0,0,0,0,0,9,4,E01010457,3,1,0.0,1.0,-1,6,30,1,1,1,14:00,7,2,9
2023471275333,2023,471275333,1,3,1,2,39,7,3,0,0,0,0,0,9,4,E01021002,3,1,0.0,1.0,-1,6,30,1,1,2,11:00,1,2,9
2023471323763,2023,471323763,1,1,1,2,47,8,2,0,0,0,0,0,9,10,E01021217,7,1,1.0,0.0,-1,6,60,1,1,1,17:45,4,2,9
2023471297401,2023,471297401,2,1,1,2,28,6,3,0,0,0,0,0,9,6,E01031656,3,1,0.0,1.0,-1,6,30,1,1,1,16:30,7,2,9
2023332301243,2023,332301243,2,1,1,1,46,8,2,0,0,0,0,0,-1,6,E01025978,-1,0,1.0,0.0,-1,6,30,1,4,2,01:15,4,2,-1
2023010465856,2023,010465856,2,1,1,1,51,8,3,0,0,0,0,0,3,6,E01002140,-1,0,0.0,1.0,-1,6,30,1,1,1,06:55,5,2,3
2023131305909,2023,131305909,2,2,2,2,13,3,3,0,0,2,0,0,9,5,E01010598,3,1,0.0,1.0,-1,6,30,1,1,1,16:09,3,2,9
2023141277673,2023,141277673,1,1,1,2,64,9,3,0,0,0,0,0,9,9,E01008038,3,1,0.0,1.0,-1,6,40,1,4,1,22:00,2,2,9
2023161366175,2023,161366175,2,1,1,1,19,4,3,0,0,0,0,0,9,10,E01013223,3,1,0.0,1.0,-1,6,60,1,1,2,10:29,2,2,9
2023440227186,2023,440227186,2,3,1,2,38,7,3,0,0,0,0,0,9,5,E01017369,-1,0,0.01759,0.98241,-1,6,30,1,1,1,15:44,5,2,9
2023471367830,2023,471367830,1,1,1,2,50,8,2,0,0,0,0,0,9,6,E01017009,5,1,1.0,0.0,-1,1,60,1,4,2,00:34,6,1,9
2023201264392,2023,201264392,1,1,1,1,36,7,3,0,0,0,0,0,19,3,E01008930,3,1,0.0,1.0,-1,6,20,2,4,2,06:35,3,2,19
2023201408830,2023,201408830,1,1,1,2,46,8,3,0,0,0,0,0,9,5,E01010554,3,1,0.0,1.0,-1,6,30,1,1,1,09:15,2,2,9
2023461369605,2023,461369605,2,2,2,1,-1,-1,3,0,0,-1,0,0,9,-1,-1,3,1,0.0,1.0,-1,6,60,1,7,1,19:22,5,2,9
2023520301532,2023,520301532,3,3,1,2,64,9,2,0,0,0,0,0,9,1,E01029046,-1,0,1.0,0.0,-1,6,40,1,1,1,18:27,1,3,9
2023010439984,2023,010439984,1,1,2,1,57,9,3,0,0,0,0,0,19,3,E01001501,-1,0,0.0,1.0,-1,2,20,1,1,1,09:50,6,2,19
2023231351595,2023,231351595,1,3,2,1,40,7,3,0,0,0,0,0,19,5,E01031078,3,1,0.0,1.0,-1,6,30,1,4,1,20:54,1,2,19
2023010426694,2023,010426694,1,1,3,1,10,2,3,5,1,0,0,0,0,3,E01000511,-1,0,0.0,1.0,-1,6,30,1,1,1,15:52,7,1,3
2023010464516,2023,010464516,2,1,1,1,33,6,3,0,0,0,0,0,1,7,E01001851,-1,0,0.0,1.0,-1,6,20,1,1,1,09:30,5,2,1
2023440456674,2023,440456674,2,1,1,1,30,6,2,0,0,0,0,0,1,6,E01022812,-1,0,1.0,0.0,-1,6,30,1,1,2,11:25,4,2,1
2023501269219,2023,501269219,2,1,1,1,64,9,3,0,0,0,0,0,1,8,E01020120,3,1,0.0,1.0,-1,6,60,8,1,4,11:42,7,2,1
2023991328151,2023,991328151,2,1,1,2,50,8,3,0,0,0,0,0,1,5,-1,3,1,0.0,1.0,-1,6,20,1,1,1,13:50,5,2,1
2023440009220,2023,440009220,1,3,2,2,24,5,3,0,0,2,0,0,9,4,E01017137,-1,0,0.07509,0.92491,-1,6,40,2,4,2,05:18,1,2,9
2023332300501,2023,332300501,1,2,2,2,40,7,3,0,0,1,0,0,9,10,E01025914,-1,0,0.0016,0.9984,-1,6,30,1,1,1,13:45,7,2,9
2023010437508,2023,010437508,1,1,1,1,37,7,3,0,0,0,0,0,9,6,E01002422,-1,0,0.0,1.0,-1,1,30,1,1,1,09:00,7,1,9
2023061369769,2023,061369769,2,1,1,2,39,7,2,0,0,0,0,0,9,1,E01010663,6,1,1.0,0.0,-1,9,30,1,1,1,12:45,4,2,9
2023411270381,2023,411270381,1,1,2,1,-1,-1,3,0,0,1,0,0,9,8,E01023732,3,1,0.0,1.0,-1,6,30,8,1,2,10:15,2,2,9
2023440200271,2023,440200271,1,1,1,1,81,11,2,0,0,0,0,0,9,6,E01023065,-1,0,1.0,0.0,-1,6,30,1,1,1,09:41,1,1,9
2023461348770,2023,461348770,1,1,1,2,88,11,3,0,0,0,0,0,9,3,E01024641,3,1,0.0,1.0,-1,6,30,1,1,1,11:27,7,2,9
2023010457194,2023,010457194,1,1,1,1,50,8,3,0,0,0,0,0,19,10,E01009563,-1,0,0.0,1.0,-1,3,30,1,1,1,17:52,3,1,19
2023010424855,2023,010424855,1,1,1,1,38,7,3,0,0,0,0,0,1,3,E01000044,-1,0,0.0,1.0,-1,1,20,1,1,1,08:00,5,2,1
2023440274357,2023,440274357,1,1,1,1,41,7,3,0,0,0,0,0,5,10,E01022720,-1,0,0.27111,0.72889,-1,6,40,1,1,1,17:00,7,1,5
2023010466571,2023,010466571,4,3,1,-1,-1,-1,3,0,0,0,0,0,1,10,E01032638,-1,0,0.0,1.0,-1,6,30,1,1,1,14:45,7,4,1
2023201377883,2023,201377883,1,1,3,1,39,7,3,6,9,0,0,0,0,2,E01033623,3,1,0.0,1.0,-1,6,30,2,4,2,18:52,6,1,9
2023302300197,2023,302300197,1,1,1,2,22,5,3,0,0,0,0,0,3,1,E01013567,-1,0,0.16899,0.83101,-1,6,30,1,4,1,17:40,5,2,3
2023311292086,2023,311292086,1,1,2,1,21,5,3,0,0,1,0,0,9,-1,-1,3,1,0.0,1.0,-1,6,50,5,6,2,19:37,4,1,9
2023201415414,2023,201415414,2,1,1,2,21,5,3,0,0,0,0,0,9,10,E01010108,3,1,0.0,1.0,-1,6,30,1,1,1,18:12,7,3,9
2023411364677,2023,411364677,2,2,1,1,63,9,3,0,0,0,0,0,9,4,E01015750,3,1,0.0,1.0,-1,6,30,1,4,1,04:49,4,3,9
2023061315412,2023,061315412,1,1,2,2,23,5,2,0,0,-1,0,0,9,1,E01005706,7,1,1.0,0.0,-1,6,30,1,1,-1,13:40,6,2,9
2023131266441,2023,131266441,2,5,2,2,40,7,2,0,0,2,0,0,9,1,E01011476,6,1,1.0,0.0,-1,9,20,8,1,2,11:30,4,2,9
2023501319161,2023,501319161,1,1,1,2,21,5,3,0,0,0,0,0,9,7,E01018814,3,1,0.0,1.0,-1,6,60,1,1,1,14:48,5,2,9
2023010429338,2023,010429338,1,1,1,1,17,4,3,0,0,0,0,0,9,3,E01004443,-1,0,0.0,1.0,-1,6,20,1,4,1,02:10,2,2,9
2023010463554,2023,010463554,1,2,2,2,-1,-1,3,0,0,9,0,0,9,4,E01003344,-1,0,0.0,1.0,-1,9,20,1,1,1,16:45,5,2,9
2023461350653,2023,461350653,1,1,1,1,71,10,1,0,0,0,0,0,9,6,E01024023,1,1,0.0,0.0,-1,6,60,1,1,1,06:25,7,1,9
2023061363533,2023,061363533,2,2,2,1,65,9,3,0,0,1,0,0,9,5,E01005254,3,1,0.0,1.0,-1,3,40,1,1,1,12:15,7,2,9
2023111350978,2023,111350978,1,1,1,2,19,4,2,0,0,0,0,0,9,2,E01020793,5,1,1.0,0.0,-1,6,60,7,6,1,23:00,5,1,9
2023610036623,2023,610036623,1,1,1,1,69,10,2,0,0,1,0,0,9,2,W01001348,-1,0,1.0,0.0,-1,6,30,1,1,1,09:41,5,2,9
2023440178765,2023,440178765,1,1,1,1,32,6,3,0,0,0,0,0,19,9,E01022613,-1,0,0.13159,0.86841,-1,3,70,1,6,2,23:43,7,2,19
2023371360405,2023,371360405,1,1,2,2,18,4,3,0,0,2,0,0,9,6,E01026475,3,1,0.0,1.0,-1,6,60,1,6,2,03:50,7,1,9
2023010454626,2023,010454626,1,1,1,2,26,6,3,0,0,0,0,0,1,1,E01004318,-1,0,0.0,1.0,-1,6,20,1,1,1,08:22,2,2,1
2023010419888,2023,010419888,1,1,1,1,26,6,3,0,0,0,0,0,3,3,E01016465,-1,0,0.0,1.0,-1,6,30,2,4,2,00:10,6,2,3
2023631307390,2023,631307390,2,2,2,2,44,7,3,0,0,0,0,0,5,5,E01006688,3,1,0.0,1.0,-1,6,40,1,1,1,16:40,6,2,5
2023161324974,2023,161324974,1,1,1,1,17,4,2,0,0,0,0,0,9,4,E01012981,6,1,1.0,0.0,-1,6,60,4,1,1,05:40,1,1,9
2023221392473,2023,221392473,1,1,1,1,26,6,2,0,0,0,0,0,9,2,E01009746,6,1,1.0,0.0,-1,6,60,2,6,2,00:09,6,1,9
2023430393003,2023,430393003,1,1,1,1,73,10,3,0,0,0,0,0,9,10,E01028606,-1,0,0.20425,0.79575,-1,1,60,1,1,1,06:36,7,1,9
2023211284299,2023,211284299,1,2,2,2,15,3,3,0,0,2,0,0,9,6,E01029622,3,1,0.0,1.0,-1,6,30,1,4,2,19:53,6,2,9
2023440176145,2023,440176145,1,1,1,1,22,5,3,0,0,0,0,0,9,10,E01023005,-1,0,0.07609,0.92391,-1,3,70,2,1,2,08:59,6,2,9
2023010474014,2023,010474014,1,1,1,2,47,8,3,0,0,0,0,0,1,8,E01004179,-1,0,0.0,1.0,-1,6,30,1,1,1,16:20,4,2,1
2023440369380,2023,440369380,1,1,1,1,26,6,3,0,0,0,0,0,1,3,E01017239,-1,0,0.21103,0.78897,-1,6,30,1,4,1,22:30,1,2,1
2023421272487,2023,421272487,2,1,1,1,75,10,2,0,0,0,0,0,3,8,E01022015,6,1,1.0,0.0,-1,6,30,1,1,1,09:17,1,2,3
2023451264145,2023,451264145,2,2,1,1,40,7,3,0,0,0,0,0,9,10,E01030475,3,1,0.0,1.0,-1,6,30,8,7,1,17:20,4,2,9
2023471297004,2023,471297004,2,2,1,2,53,8,3,0,0,0,0,0,9,8,E01016875,3,1,0.0,1.0,-1,6,50,1,1,1,16:00,7,2,9
2023471279031,2023,471279031,2,1,1,1,29,6,3,0,0,0,0,0,19,7,E01031417,3,1,0.0,1.0,-1,6,30,1,1,1,10:45,6,3,19
2023201296175,2023,201296175,1,1,1,1,24,5,3,0,0,0,0,0,1,1,E01009147,3,1,0.0,1.0,-1,3,40,1,1,1,09:07,2,2,1
2023461368850,2023,461368850,2,1,1,1,13,3,2,0,0,0,0,0,1,3,E01016047,7,1,1.0,0.0,-1,3,40,2,1,2,07:55,6,2,1
2023440000474,2023,440000474,1,1,1,1,23,5,3,0,0,0,0,0,3,6,E01017298,-1,0,0.19376,0.80624,-1,6,40,1,1,1,10:29,1,2,3
2023131333250,2023,131333250,1,1,3,1,48,8,2,9,7,0,0,2,0,-1,-1,7,1,1.0,0.0,-1,6,20,1,1,1,14:23,3,2,19
2023010453046,2023,010453046,1,2,2,-1,-1,-1,3,0,0,1,0,0,9,-1,-1,-1,0,0.0,1.0,-1,6,20,1,1,1,13:35,6,2,9
2023052300418,2023,052300418,1,3,2,1,37,7,3,0,0,1,0,0,9,2,E01006726,-1,0,0.00834,0.99166,-1,6,30,1,1,1,17:30,6,1,9
2023421270425,2023,421270425,2,3,2,1,54,8,2,0,0,1,0,0,9,4,E01000485,5,1,1.0,0.0,-1,3,70,1,1,1,15:50,2,2,9
2023544812323,2023,544812323,2,2,1,1,64,9,3,0,0,0,0,0,9,7,E01022215,-1,0,0.01826,0.98174,-1,6,40,1,1,1,11:59,2,3,9
2023401284333,2023,401284333,2,1,1,1,44,7,3,0,0,0,0,0,3,6,E01015721,3,1,0.0,1.0,-1,6,30,2,1,2,07:23,4,2,3
2023010450785,2023,010450785,1,2,2,-1,-1,-1,3,0,0,1,0,0,9,3,E01002527,-1,0,0.0,1.0,-1,6,30,1,1,1,12:30,3,2,9
2023221383110,2023,221383110,2,2,1,1,25,5,2,0,0,0,0,0,9,5,E01012338,6,1,1.0,0.0,-1,6,60,1,4,2,21:10,3,2,9
2023610052723,2023,610052723,2,1,1,1,51,8,1,0,0,0,0,0,1,5,W01001863,-1,0,0.0,0.0,-1,3,50,1,4,1,17:23,3,3,1
2023131306957,2023,131306957,1,1,3,2,13,3,3,4,3,0,0,1,0,1,E01010606,3,1,0.0,1.0,-1,6,20,1,1,1,14:01,6,1,9
2023201278819,2023,201278819,1,1,2,1,50,8,3,0,0,1,0,0,9,2,E01009610,3,1,0.0,1.0,-1,3,30,1,7,2,20:05,4,2,9
2023430141341,2023,430141341,2,4,2,1,38,7,3,0,0,0,4,0,11,4,E01016356,-1,0,0.05028,0.94972,-1,3,40,2,4,2,06:10,6,2,11
2023070535625,2023,070535625,1,1,1,1,58,9,3,0,0,0,0,0,19,9,E01007166,-1,0,0.04724,0.95276,-1,6,50,8,1,2,11:02,2,3,19
2023501332000,2023,501332000,1,1,1,1,59,9,3,0,0,0,0,0,19,3,E01018769,3,1,0.0,1.0,-1,1,30,1,1,1,19:16,5,2,19
2023010427651,2023,010427651,1,1,1,1,21,5,3,0,0,0,0,0,23,3,E01001701,-1,0,0.0,1.0,-1,6,20,1,1,1,10:30,6,2,23
2023471264905,2023,471264905,2,1,1,1,56,9,3,0,0,0,0,0,1,6,E01031468,3,1,0.0,1.0,-1,1,30,8,7,2,21:15,2,2,1
2023421359224,2023,421359224,1,1,1,-1,29,6,3,0,0,0,0,0,-1,5,E01021429,3,1,0.0,1.0,-1,9,20,9,1,1,16:20,3,2,-1
2023461380215,2023,461380215,2,1,1,1,29,6,3,0,0,0,0,0,1,3,E01016150,3,1,0.0,1.0,-1,6,40,1,1,1,05:36,5,2,1
2023010442982,2023,010442982,2,1,1,2,43,7,3,0,0,0,0,0,9,2,E01004389,-1,0,0.0,1.0,-1,6,20,1,4,1,01:10,2,2,9
2023010454110,2023,010454110,1,1,1,2,42,7,3,0,0,0,0,0,9,3,E01002620,-1,0,0.0,1.0,-1,3,40,1,1,1,13:25,7,4,9
2023991258832,2023,991258832,2,1,1,1,31,6,3,0,0,0,0,0,9,4,-1,3,1,0.0,1.0,-1,6,30,1,1,2,14:25,2,2,9
2023221288071,2023,221288071,1,1,1,1,49,8,3,0,0,0,0,0,19,1,W01000864,3,1,0.0,1.0,-1,3,30,1,1,1,15:52,6,2,19
2023101368957,2023,101368957,2,1,1,1,28,6,3,0,0,0,0,0,1,3,E01008375,3,1,0.0,1.0,-1,3,70,2,1,2,17:30,6,2,1
2023010445098,2023,010445098,1,1,1,1,42,7,3,0,0,0,0,0,9,3,E01000148,-1,0,0.0,1.0,-1,9,30,1,1,1,18:50,5,2,9
2023170H10123,2023,170H10123,1,1,1,1,74,10,3,0,0,0,0,0,9,9,E01011982,-1,0,0.01325,0.98675,-1,3,30,1,1,1,11:15,4,2,9
2023421367902,2023,421367902,1,1,2,2,18,4,3,0,0,1,0,0,9,5,E01004377,3,1,0.0,1.0,-1,3,70,1,6,2,05:30,7,1,9
2023461325981,2023,461325981,2,2,2,2,29,6,3,0,0,1,0,0,9,6,E01024360,3,1,0.0,1.0,-1,6,30,1,1,1,17:20,5,2,9
2023122300860,2023,122300860,1,1,1,1,65,9,3,0,0,0,0,0,1,9,E01027555,-1,0,0.11825,0.88175,-1,6,30,1,1,1,11:45,4,2,1
2023332301273,2023,332301273,1,2,2,2,36,7,3,0,0,2,0,0,9,8,E01032865,-1,0,0.00178,0.99822,-1,3,30,1,4,-1,18:00,5,2,9
2023522301000,2023,522301000,1,1,1,1,39,7,3,0,0,0,0,0,19,3,E01014674,-1,0,0.00879,0.99121,-1,6,20,1,4,1,01:10,7,2,19
2023010467113,2023,010467113,1,1,1,1,46,8,3,0,0,0,0,0,1,8,E01021744,-1,0,0.0,1.0,-1,6,30,1,1,1,18:55,3,2,1
2023440218108,2023,440218108,2,1,1,1,28,6,3,0,0,0,0,0,4,8,E01022713,-1,0,0.19893,0.80107,-1,6,40,1,1,1,12:36,6,2,4
2023451351803,2023,451351803,1,1,1,1,60,9,3,0,0,0,0,0,5,9,E01030696,3,1,0.0,1.0,-1,6,30,1,1,1,13:16,1,2,5
2023161292598,2023,161292598,1,2,2,2,83,11,3,0,0,1,0,0,9,9,E01013154,3,1,0.0,1.0,-1,6,30,1,1,1,16:35,6,3,9
2023471334440,2023,471334440,2,4,2,1,6,2,3,0,0,2,0,0,9,-1,-1,3,1,0.0,1.0,-1,6,40,1,1,1,14:36,6,2,9
2023471364058,2023,471364058,1,1,1,2,18,4,3,0,0,0,0,0,9,8,E01031506,3,1,0.0,1.0,-1,6,60,8,1,2,11:55,6,1,9
2023430486162,2023,430486162,2,1,2,2,50,8,3,0,0,0,0,0,19,10,E01028686,-1,0,0.02304,0.97696,-1,6,60,1,1,5,09:30,1,2,19
2023101379558,2023,101379558,2,1,1,1,28,6,3,0,0,0,0,0,9,3,E01008396,3,1,0.0,1.0,-1,3,30,1,4,1,00:20,1,2,9
2023010486725,2023,010486725,1,1,1,2,46,8,3,0,0,0,0,0,1,8,E01001919,-1,0,0.0,1.0,-1,6,20,2,4,2,00:18,7,2,1
2023052300845,2023,052300845,2,1,1,1,41,7,3,0,0,0,0,0,4,7,E01025506,-1,0,0.18566,0.81434,-1,6,40,1,1,1,10:55,7,2,4
2023461291532,2023,461291532,1,1,3,1,42,7,3,9,5,0,0,0,0,2,E01024374,3,1,0.0,1.0,-1,6,30,1,1,1,20:35,6,1,9
2023010463654,2023,010463654,2,1,1,2,64,9,3,0,0,0,0,0,1,6,E01002525,-1,0,0.0,1.0,-1,6,30,1,1,1,11:58,7,2,1
2023141293777,2023,141293777,1,1,1,1,37,7,1,0,0,0,0,0,3,3,E01007777,1,1,0.0,0.0,-1,6,40,1,4,1,23:40,3,2,3
2023340NN0042,2023,340NN0042,2,1,2,1,41,7,3,0,0,1,0,0,9,1,E01027083,-1,0,0.01546,0.98454,-1,6,40,1,1,2,12:00,1,2,9
2023520300362,2023,520300362,1,3,2,2,33,6,1,0,0,1,0,0,9,5,E01029173,-1,0,0.0,0.0,-1,6,60,1,1,2,15:50,6,2,9
2023430529225,2023,430529225,1,1,3,1,17,4,3,6,9,0,0,0,0,3,E01016520,-1,0,0.03317,0.96683,-1,6,30,1,1,1,08:40,6,1,9
2023010439484,2023,010439484,1,1,1,2,31,6,3,0,0,0,0,0,1,4,E01004254,-1,0,0.0,1.0,-1,6,20,1,1,1,19:02,3,2,1
2023221297726,2023,221297726,1,4,2,1,28,6,3,0,0,1,0,0,9,5,E01032385,3,1,0.0,1.0,-1,6,30,2,1,2,18:37,2,2,9
2023631344425,2023,631344425,2,3,2,1,7,2,3,0,0,1,0,0,9,7,W01000735,3,1,0.0,1.0,-1,6,40,1,1,2,11:35,3,2,9
2023010436204,2023,010436204,1,1,1,1,46,8,3,0,0,0,0,0,19,3,E01000637,-1,0,0.0,1.0,-1,6,20,1,1,1,13:27,5,2,19
2023010485908,2023,010485908,2,1,1,1,17,4,3,0,0,0,0,0,3,2,E01003993,-1,0,0.0,1.0,-1,6,20,1,4,1,17:25,1,2,3
2023010422374,2023,010422374,1,2,2,-1,-1,-1,3,0,0,1,0,0,9,2,E01002638,-1,0,0.0,1.0,-1,3,40,1,4,1,19:25,5,1,9
2023010424344,2023,010424344,1,1,1,2,41,7,3,0,0,0,0,0,9,2,E01001283,-1,0,0.0,1.0,-1,1,30,1,1,1,13:10,1,2,9
2023101304720,2023,101304720,2,1,1,2,44,7,3,0,0,0,0,0,9,9,E01027549,3,1,0.0,1.0,-1,6,60,1,1,1,15:17,7,2,9
2023522400964,2023,522400964,2,2,2,1,25,5,3,0,0,1,0,0,9,5,E01014861,-1,0,0.02529,0.97471,-1,6,30,8,4,2,20:42,3,2,9
2023010433087,2023,010433087,1,1,3,1,10,2,3,1,1,0,0,0,0,3,E01004212,-1,0,0.0,1.0,-1,2,20,1,1,1,14:48,1,1,8
2023421364232,2023,421364232,2,1,3,2,36,7,3,10,5,0,0,0,0,4,E01021342,3,1,0.0,1.0,-1,6,30,1,1,1,13:00,3,2,9
2023320662241,2023,320662241,2,1,1,2,49,8,3,0,0,0,0,0,1,7,E01026029,-1,0,0.12979,0.87021,-1,6,30,7,1,2,08:00,4,2,1
2023631340248,2023,631340248,1,1,1,1,58,9,2,0,0,0,0,0,3,8,W01000580,5,1,1.0,0.0,-1,6,50,1,1,1,17:27,4,2,3
2023052300063,2023,052300063,2,1,1,1,37,7,3,0,0,0,0,0,9,1,E01006678,-1,0,0.04746,0.95254,-1,6,30,1,1,2,12:20,1,2,9
2023440296457,2023,440296457,2,1,1,2,28,6,3,0,0,0,0,0,9,3,E01022959,-1,0,0.04514,0.95486,-1,6,30,1,1,1,15:48,1,2,9
2023552301181,2023,552301181,1,1,2,1,42,7,2,0,0,1,0,0,9,-1,-1,-1,0,1.0,0.0,-1,6,30,1,1,1,12:46,6,2,9
2023610004923,2023,610004923,1,2,2,1,20,4,3,0,0,1,0,0,9,4,W01001415,-1,0,0.19244,0.80756,-1,3,60,1,6,5,04:36,7,1,9
2023311337416,2023,311337416,1,1,2,2,4,1,3,0,0,0,-1,0,11,-1,-1,3,1,0.0,1.0,-1,3,40,1,1,1,11:47,3,1,11
2023451331223,2023,451331223,1,1,3,2,21,5,3,8,5,0,0,2,0,5,E01030983,3,1,0.0,1.0,-1,6,30,1,1,1,19:45,4,1,9
2023451357546,2023,451357546,1,1,3,2,32,6,3,6,8,0,0,0,0,9,E01030536,3,1,0.0,1.0,-1,6,30,1,1,1,09:10,5,1,21
2023461307567,2023,461307567,1,1,3,1,19,4,3,4,3,0,0,2,0,8,E01016079,3,1,0.0,1.0,-1,6,30,1,1,1,15:55,3,1,19
2023302301293,2023,302301293,2,1,1,1,15,3,2,0,0,0,0,0,1,7,E01019472,-1,0,1.0,0.0,-1,6,40,1,1,1,12:44,1,2,1
2023451381018,2023,451381018,2,1,1,2,68,10,3,0,0,0,0,0,9,4,E01016071,3,1,0.0,1.0,-1,3,70,1,4,1,21:50,6,2,9
2023461343477,2023,461343477,2,2,2,2,89,11,2,0,0,1,0,0,9,-1,-1,7,1,1.0,0.0,-1,3,70,1,1,1,15:30,7,2,9
2023991321162,2023,991321162,1,1,2,1,55,8,3,0,0,1,0,0,9,10,E01007147,3,1,0.0,1.0,-1,1,50,1,1,1,10:55,4,2,9
2023451282412,2023,451282412,1,1,3,2,22,5,3,8,1,0,0,0,0,9,E01033569,3,1,0.0,1.0,-1,6,30,1,1,1,10:45,5,1,9
2023122300231,2023,122300231,2,1,1,1,49,8,3,0,0,0,0,0,1,5,E01027826,-1,0,0.12165,0.87835,-1,6,30,1,1,2,09:55,5,2,1
2023401335930,2023,401335930,1,1,1,1,16,4,2,0,0,0,0,0,3,3,E01015758,6,1,1.0,0.0,-1,6,30,1,1,1,20:07,7,2,3
2023010476735,2023,010476735,2,1,1,1,45,7,2,0,0,0,0,0,5,3,E01003264,-1,0,1.0,0.0,-1,6,20,1,4,2,18:40,4,2,5
2023010429096,2023,010429096,1,2,2,-1,-1,-1,3,0,0,1,0,0,9,8,E01002414,-1,0,0.0,1.0,-1,3,30,1,1,1,12:43,7,3,9
2023010441669,2023,010441669,2,2,1,1,18,4,3,0,0,0,0,0,23,2,E01002797,-1,0,0.0,1.0,-1,6,30,2,1,1,18:20,1,2,23
2023010426710,2023,010426710,2,2,1,1,30,6,3,0,0,0,0,0,9,3,E01001089,-1,0,0.0,1.0,-1,6,20,1,4,1,03:30,1,2,9
2023141265003,2023,141265003,1,1,1,2,20,4,3,0,0,0,0,0,9,1,E01007736,3,1,0.0,1.0,-1,3,70,1,1,1,11:20,4,2,9
2023122300501,2023,122300501,2,1,2,1,85,11,3,0,0,0,4,0,11,5,E01027636,-1,0,0.04657,0.95343,-1,6,30,1,1,1,12:29,7,2,11