collision_index,collision_year,collision_ref_no,vehicle_reference,casualty_reference,casualty_class,sex_of_casualty,age_of_casualty,age_band_of_casualty,casualty_severity,pedestrian_location,pedestrian_movement,car_passenger,bus_or_coach_passenger,pedestrian_road_maintenance_worker,casualty_type,casualty_imd_decile,lsoa_of_casualty,enhanced_casualty_severity,casualty_injury_based,casualty_adjusted_severity_serious,casualty_adjusted_severity_slight,casualty_distance_banding,road_type,speed_limit,weather_conditions,light_conditions,road_surface_conditions,time,day_of_week,number_of_vehicles,vehicle_type
2023351333613,2023,351333613,2,2,1,1,58,9,3,0,0,0,0,0,19,8,E01022177,3,1,0.0,1.0,-1,3,70,1,1,1,08:08,2,2,19
2023471301506,2023,471301506,3,1,1,2,58,9,3,0,0,0,0,0,9,6,E01021213,3,1,0.0,1.0,-1,3,70,1,1,1,16:53,3,4,9
2023411297924,2023,411297924,2,1,1,2,25,5,3,0,0,0,0,0,1,10,E01032956,3,1,0.0,1.0,-1,6,30,1,1,1,11:05,1,2,1
202360A172376,2023,60A172376,1,1,1,1,22,5,1,0,0,0,0,0,8,-1,-1,-1,0,0.0,0.0,-1,3,30,1,7,1,05:45,7,1,8
2023122301299,2023,122301299,3,3,1,1,74,10,2,0,0,0,0,0,9,10,E01002389,-1,0,1.0,0.0,-1,6,60,1,1,1,17:15,6,3,9
2023010480919,2023,010480919,3,3,1,1,38,7,3,0,0,0,0,0,9,8,E01016119,-1,0,0.0,1.0,-1,3,40,1,1,1,10:32,4,3,9
2023221296159,2023,221296159,2,3,2,2,8,2,3,0,0,2,0,0,9,6,E01032283,3,1,0.0,1.0,-1,6,30,1,1,1,13:30,4,2,9
2023471372351,2023,471372351,2,2,1,1,73,10,2,0,0,0,0,0,9,9,E01031622,5,1,1.0,0.0,-1,6,40,2,1,2,15:31,4,2,9
2023010427525,2023,010427525,1,1,1,1,31,6,3,0,0,0,0,0,3,2,E01003093,-1,0,0.0,1.0,-1,6,20,8,1,9,15:13,5,2,3
2023131389401,2023,131389401,1,1,1,1,57,9,3,0,0,0,0,0,4,1,E01010926,3,1,0.0,1.0,-1,6,30,1,1,1,14:32,1,1,4
2023131271689,2023,131271689,1,5,2,1,30,6,2,0,0,2,0,0,9,2,E01011246,5,1,1.0,0.0,-1,6,30,1,4,1,00:01,6,1,9
2023161303733,2023,161303733,1,1,1,2,29,6,3,0,0,0,0,0,9,1,E01013140,3,1,0.0,1.0,-1,6,30,1,1,1,10:30,3,2,9
2023440329037,2023,440329037,2,2,1,2,28,6,3,0,0,0,0,0,9,6,E01023140,-1,0,0.03499,0.96501,-1,6,30,1,1,1,07:23,3,2,9
202354C354023,2023,54C354023,1,1,3,1,77,11,3,5,1,0,0,0,0,6,E01032083,-1,0,0.17712,0.82288,-1,6,30,1,4,1,18:52,3,1,9
2023522400071,2023,522400071,2,1,1,1,23,5,2,0,0,0,0,0,3,2,E01014624,-1,0,1.0,0.0,-1,6,20,1,1,1,13:28,5,2,3
2023340NN1092,2023,340NN1092,1,1,1,1,44,7,3,0,0,0,0,0,5,9,E01027274,-1,0,0.25145,0.74855,-1,3,70,1,1,1,15:44,1,1,5
2023010455802,2023,010455802,2,1,1,1,33,6,3,0,0,0,0,0,-1,6,E01002240,-1,0,0.0,1.0,-1,6,30,1,1,1,07:45,3,3,-1
2023201455479,2023,201455479,1,1,3,2,45,7,3,6,9,0,0,2,0,2,E01009014,3,1,0.0,1.0,-1,6,30,1,1,1,10:31,1,1,9
2023231337219,2023,231337219,2,1,1,2,17,4,3,0,0,0,0,0,9,9,E01032388,3,1,0.0,1.0,-1,6,60,1,1,1,21:42,6,3,9
202363D013523,2023,63D013523,2,2,1,1,32,6,3,0,0,0,0,0,9,6,W01000489,-1,0,0.11175,0.88825,-1,6,60,1,1,1,16:40,3,3,9
2023201313620,2023,201313620,1,4,2,2,62,9,3,0,0,1,0,0,9,-1,-1,3,1,0.0,1.0,-1,6,30,1,1,1,08:44,1,3,9
2023101268862,2023,101268862,1,1,3,1,65,9,3,9,7,0,0,0,0,-1,-1,3,1,0.0,1.0,-1,6,30,1,6,1,17:35,3,1,9
2023010450071,2023,010450071,2,1,2,2,-1,-1,3,0,0,9,0,0,9,3,E01000367,-1,0,0.0,1.0,-1,6,20,8,1,1,13:15,2,2,9
2023010456945,2023,010456945,1,1,2,-1,-1,-1,3,0,0,2,0,0,9,2,E01001432,-1,0,0.0,1.0,-1,6,20,1,1,9,12:14,1,2,9
2023201385628,2023,201385628,1,1,1,1,40,7,3,0,0,0,0,0,9,5,E01009797,3,1,0.0,1.0,-1,6,30,2,4,2,22:40,4,2,9
2023430518149,2023,430518149,2,2,1,1,18,4,3,0,0,0,0,0,9,10,E01028764,-1,0,0.00991,0.99009,-1,6,20,1,4,1,18:55,6,2,9
2023991341890,2023,991341890,3,2,1,1,31,6,2,0,0,0,0,0,9,4,-1,5,1,1.0,0.0,-1,3,70,1,1,1,07:55,3,6,9
2023991365572,2023,991365572,2,1,2,1,8,2,3,0,0,1,0,0,9,2,-1,3,1,0.0,1.0,-1,6,30,1,1,1,17:20,2,2,9
2023122300763,2023,122300763,1,3,2,1,2,1,3,0,0,2,0,0,9,8,E01013392,-1,0,0.04846,0.95154,-1,6,40,1,1,1,16:12,1,2,9
2023031333698,2023,031333698,2,1,1,1,32,6,3,0,0,0,0,0,1,5,E01010921,3,1,0.0,1.0,-1,6,30,1,1,1,14:21,4,2,1
2023070824720,2023,070824720,2,1,1,1,25,5,3,0,0,0,0,0,1,7,E01018335,-1,0,0.06726,0.93274,-1,1,30,1,1,1,16:00,5,2,1
2023451293308,2023,451293308,2,1,1,1,66,10,3,0,0,0,0,0,1,6,E01003836,3,1,0.0,1.0,-1,6,40,1,1,2,12:30,1,2,1
2023371422815,2023,371422815,2,2,1,1,77,11,3,0,0,0,0,0,9,3,E01022047,3,1,0.0,1.0,-1,6,30,1,1,1,14:00,3,2,9
2023461305857,2023,461305857,1,1,1,1,44,7,3,0,0,0,0,0,9,6,E01000946,3,1,0.0,1.0,-1,7,70,1,1,1,17:04,2,3,9
2023161384344,2023,161384344,3,4,1,1,57,9,3,0,0,0,0,0,19,5,E01012768,3,1,0.0,1.0,-1,6,40,8,6,2,06:45,6,3,19
2023010422843,2023,010422843,1,1,3,-1,28,6,3,1,3,0,0,0,0,3,E01023310,-1,0,0.0,1.0,-1,9,20,1,4,1,19:40,5,1,9
2023010478040,2023,010478040,1,1,1,1,20,4,3,0,0,0,0,0,1,2,E01003601,-1,0,0.0,1.0,-1,7,30,1,1,2,15:40,3,2,1
2023231390096,2023,231390096,2,1,1,2,51,8,3,0,0,0,0,0,1,8,E01031020,3,1,0.0,1.0,-1,3,30,1,4,1,05:37,2,2,1
2023421276756,2023,421276756,1,1,1,1,39,7,3,0,0,0,0,0,9,8,E01021544,3,1,0.0,1.0,-1,1,30,1,1,1,14:13,4,2,9
2023421350083,2023,421350083,2,2,1,1,38,7,3,0,0,0,0,0,9,10,E01021616,3,1,0.0,1.0,-1,3,70,1,1,1,12:43,5,3,9
2023170M10403,2023,170M10403,1,1,1,1,38,7,3,0,0,0,0,0,21,-1,-1,-1,0,0.08867,0.91133,-1,6,30,1,4,1,19:45,6,2,21
2023471323119,2023,471323119,1,2,3,2,66,10,3,6,9,0,0,2,0,9,E01031711,3,1,0.0,1.0,-1,9,30,9,1,1,13:03,1,1,9
2023451302052,2023,451302052,2,1,1,1,44,7,2,0,0,0,0,0,3,2,E01003191,7,1,1.0,0.0,-1,6,30,1,1,1,14:00,6,2,3
2023302300430,2023,302300430,1,1,1,1,55,8,3,0,0,0,0,0,9,-1,-1,-1,0,0.07436,0.92564,-1,6,60,5,1,2,15:01,3,2,9
2023461382786,2023,461382786,1,1,1,2,17,4,3,0,0,0,0,0,9,4,E01024444,3,1,0.0,1.0,-1,3,70,1,1,2,10:30,7,1,9
2023531335591,2023,531335591,1,1,1,1,83,11,3,0,0,0,0,0,9,8,E01022178,3,1,0.0,1.0,-1,6,30,1,1,1,11:55,1,1,9
2023161358445,2023,161358445,1,1,2,2,25,5,3,0,0,0,0,0,10,-1,-1,3,1,0.0,1.0,-1,6,30,1,1,1,15:45,6,3,10
2023010470826,2023,010470826,1,1,3,2,12,3,3,1,1,0,0,0,0,3,E01000108,-1,0,0.0,1.0,-1,6,30,1,1,1,16:26,7,1,9
2023010468513,2023,010468513,1,1,1,-1,-1,-1,3,0,0,0,0,0,1,-1,-1,-1,0,0.0,1.0,-1,6,20,1,1,1,08:30,4,1,1
2023201461540,2023,201461540,1,1,1,1,22,5,3,0,0,0,0,0,1,1,E01009378,3,1,0.0,1.0,-1,6,30,1,4,2,18:36,2,2,1
2023991278568,2023,991278568,1,1,1,1,61,9,3,0,0,0,0,0,5,4,-1,3,1,0.0,1.0,-1,1,30,1,1,2,11:14,6,1,5
2023010463788,2023,010463788,1,3,2,1,26,6,3,0,0,2,0,0,8,6,E01001184,-1,0,0.0,1.0,-1,6,30,1,4,1,00:38,1,2,8
2023041330624,2023,041330624,2,1,1,1,70,10,3,0,0,0,0,0,9,9,E01025512,3,1,0.0,1.0,-1,6,30,1,1,1,21:43,1,3,9
2023010435925,2023,010435925,1,1,1,1,23,5,3,0,0,0,0,0,2,2,E01001012,-1,0,0.0,1.0,-1,3,30,9,4,9,02:30,7,3,2
2023411304018,2023,411304018,2,2,1,1,19,4,3,0,0,0,0,0,5,3,E01023397,3,1,0.0,1.0,-1,6,30,2,1,2,16:20,1,2,5
2023010476279,2023,010476279,1,1,1,2,48,8,3,0,0,0,0,0,9,2,E01001008,-1,0,0.0,1.0,-1,6,20,1,4,1,21:00,2,2,9
2023131373345,2023,131373345,1,1,1,1,38,7,2,0,0,0,0,0,9,4,E01011157,7,1,1.0,0.0,-1,6,30,1,1,2,15:00,6,1,9
2023461314876,2023,461314876,2,2,1,1,24,5,3,0,0,0,0,0,9,6,E01018110,3,1,0.0,1.0,-1,6,40,1,1,1,15:08,1,2,9
2023471288350,2023,471288350,1,1,1,1,21,5,3,0,0,0,0,0,9,7,E01020926,3,1,0.0,1.0,-1,6,60,1,1,2,12:15,6,2,9
2023010431307,2023,010431307,2,1,1,2,55,8,3,0,0,0,0,0,9,-1,-1,-1,0,0.0,1.0,-1,1,30,2,4,2,18:57,5,2,9
2023061344513,2023,061344513,2,1,1,1,64,9,3,0,0,0,0,0,9,8,E01005493,3,1,0.0,1.0,-1,6,30,1,1,1,14:52,4,2,9
2023461295308,2023,461295308,1,2,2,2,14,3,3,0,0,1,0,0,9,5,E01024427,3,1,0.0,1.0,-1,1,60,1,1,1,18:34,1,1,9
2023522400943,2023,522400943,1,1,1,2,47,8,3,0,0,0,0,0,9,4,E01014590,-1,0,0.00592,0.99408,-1,6,20,2,4,2,18:15,7,2,9
2023221347047,2023,221347047,2,1,1,2,36,7,3,0,0,0,0,0,9,10,E01032154,3,1,0.0,1.0,-1,6,30,1,1,1,16:55,2,2,9
2023351276469,2023,351276469,1,1,1,1,83,11,3,0,0,0,0,0,9,6,E01018053,3,1,0.0,1.0,-1,6,60,1,6,4,06:18,4,2,9
2023471350713,2023,471350713,1,1,1,2,20,4,3,0,0,0,0,0,9,10,E01021228,3,1,0.0,1.0,-1,6,40,1,1,1,14:03,7,3,9
2023451311529,2023,451311529,2,1,1,1,38,7,2,0,0,0,0,0,1,9,E01030720,7,1,1.0,0.0,-1,6,30,1,1,1,17:00,5,2,1
2023361363613,2023,361363613,1,1,1,1,25,5,3,0,0,0,0,0,3,7,E01026934,3,1,0.0,1.0,-1,6,40,1,1,1,07:30,3,2,3
2023010471832,2023,010471832,1,3,2,1,2,1,3,0,0,2,0,0,9,3,E01001053,-1,0,0.0,1.0,-1,6,30,1,4,2,21:15,6,3,9
2023010459661,2023,010459661,1,1,3,1,29,6,3,6,9,0,0,0,0,7,E01001226,-1,0,0.0,1.0,-1,6,20,1,1,1,12:00,2,1,9
2023070287018,2023,070287018,1,1,1,1,44,7,3,0,0,0,0,0,1,1,E01018445,-1,0,0.1771,0.8229,-1,6,30,1,4,1,01:00,4,2,1
2023141262134,2023,141262134,1,1,1,1,48,8,3,0,0,0,0,0,1,2,E01007717,3,1,0.0,1.0,-1,3,30,2,4,2,05:10,4,2,1
2023010476570,2023,010476570,1,1,1,2,33,6,3,0,0,0,0,0,9,6,E01001347,-1,0,0.0,1.0,-1,1,20,1,4,1,21:35,3,2,9
2023401368883,2023,401368883,2,2,1,1,20,4,3,0,0,0,0,0,9,5,E01027062,3,1,0.0,1.0,-1,6,60,2,1,2,09:30,3,2,9
2023461312667,2023,461312667,2,1,1,1,39,7,2,0,0,0,0,0,1,9,E01024799,7,1,1.0,0.0,-1,6,30,1,1,1,12:00,4,2,1
2023010451939,2023,010451939,1,1,1,1,31,6,3,0,0,0,0,0,3,7,E01000459,-1,0,0.0,1.0,-1,9,30,9,1,9,18:28,3,2,3
2023010432454,2023,010432454,1,1,2,1,-1,-1,2,0,0,2,0,0,8,-1,-1,-1,0,1.0,0.0,-1,6,30,9,1,9,17:30,4,1,8
2023010465631,2023,010465631,2,1,1,1,45,7,3,0,0,0,0,0,9,2,E01002664,-1,0,0.0,1.0,-1,6,30,1,4,1,23:00,3,3,9
2023041324994,2023,041324994,2,1,1,1,47,8,3,0,0,0,0,0,9,1,E01025575,3,1,0.0,1.0,-1,6,30,4,1,1,12:31,1,2,9
2023332301147,2023,332301147,2,1,1,1,65,9,2,0,0,0,0,0,9,3,E01025717,-1,0,1.0,0.0,-1,6,40,1,1,1,11:10,7,3,9
2023421280522,2023,421280522,1,1,1,1,17,4,3,0,0,0,0,0,9,5,E01021874,3,1,0.0,1.0,-1,6,30,1,6,1,23:50,7,1,9
2023440182622,2023,440182622,1,2,2,2,18,4,3,0,0,1,0,0,9,6,E01030767,-1,0,0.17732,0.82268,-1,6,60,1,6,2,22:00,3,1,9
2023471272638,2023,471272638,1,1,1,1,26,6,3,0,0,0,0,0,9,6,E01031392,3,1,0.0,1.0,-1,6,40,1,4,1,19:08,1,2,9
2023440455725,2023,440455725,1,1,1,1,57,9,3,0,0,0,0,0,10,-1,-1,-1,0,0.03714,0.96286,-1,6,30,1,1,1,16:10,3,2,10
2023010463058,2023,010463058,1,1,1,1,40,7,3,0,0,0,0,0,1,2,E01000930,-1,0,0.0,1.0,-1,6,20,1,1,1,21:15,4,2,1
2023010471782,2023,010471782,1,1,1,1,44,7,2,0,0,0,0,0,1,7,E01003778,-1,0,1.0,0.0,-1,6,20,1,4,1,18:00,3,2,1
2023421309610,2023,421309610,1,1,1,2,76,11,3,0,0,0,0,0,9,4,E01022050,3,1,0.0,1.0,-1,9,30,1,1,1,16:59,7,1,9
2023451333792,2023,451333792,1,1,1,2,23,5,3,0,0,0,0,0,9,8,E01030988,3,1,0.0,1.0,-1,6,40,2,1,2,18:40,4,2,9
2023991362180,2023,991362180,1,1,1,2,32,6,2,0,0,0,0,0,9,-1,-1,5,1,1.0,0.0,-1,6,60,1,1,1,08:51,5,1,9
2023421330861,2023,421330861,1,1,2,2,-1,-1,3,0,0,0,4,0,11,5,E01004363,3,1,0.0,1.0,-1,6,40,1,1,1,18:30,2,1,11
2023320408461,2023,320408461,1,1,3,1,60,9,3,6,9,0,0,0,0,5,E01026266,-1,0,0.05731,0.94269,-1,6,30,9,1,1,13:00,4,1,9
2023411289387,2023,411289387,1,1,3,1,22,5,2,5,2,0,0,0,0,7,E01033023,7,1,1.0,0.0,-1,6,30,1,1,1,12:20,5,1,9
2023010484823,2023,010484823,2,1,1,2,40,7,3,0,0,0,0,0,1,3,E01003531,-1,0,0.0,1.0,-1,6,30,9,4,1,21:05,2,2,1
2023041284680,2023,041284680,1,1,1,2,86,11,3,0,0,0,0,0,9,7,E01025003,3,1,0.0,1.0,-1,6,20,1,1,1,16:05,3,1,9
2023070205898,2023,070205898,2,1,1,1,27,6,2,0,0,0,0,0,9,3,E01018731,-1,0,1.0,0.0,-1,6,30,1,4,1,21:15,6,2,9
2023311351120,2023,311351120,2,2,1,1,23,5,3,0,0,0,0,0,9,8,E01028000,3,1,0.0,1.0,-1,6,30,1,1,1,07:30,2,2,9
2023031323296,2023,031323296,1,1,1,1,43,7,2,0,0,0,0,0,19,-1,-1,6,1,1.0,0.0,-1,3,70,1,1,2,12:15,3,2,19
2023010422192,2023,010422192,1,1,1,1,51,8,3,0,0,0,0,0,9,3,E01001981,-1,0,0.0,1.0,-1,9,20,8,1,1,16:00,4,1,9
2023131381592,2023,131381592,1,1,1,1,44,7,3,0,0,0,0,0,9,3,E01033032,3,1,0.0,1.0,-1,6,30,8,4,4,02:53,7,2,9
2023351286585,2023,351286585,2,1,1,1,60,9,3,0,0,0,0,0,9,9,E01015689,3,1,0.0,1.0,-1,6,20,1,4,1,18:00,6,2,9
2023440160439,2023,440160439,1,1,1,1,31,6,3,0,0,0,0,0,9,7,E01031837,-1,0,0.09701,0.90299,-1,3,70,2,1,2,15:15,2,1,9
2023622300256,2023,622300256,1,1,1,1,42,7,3,0,0,0,0,0,9,7,W01001947,-1,0,0.04406,0.95594,-1,6,20,2,4,2,21:36,7,1,9
2023070991607,2023,070991607,1,1,1,1,37,7,3,0,0,0,0,0,20,2,E01012406,-1,0,0.02054,0.97946,-1,7,30,2,1,2,09:06,4,1,20
2023430176487,2023,430176487,1,1,1,1,9,2,3,0,0,0,0,0,1,6,E01028813,-1,0,0.13386,0.86614,-1,6,20,1,1,1,16:30,1,2,1
2023430070042,2023,430070042,2,1,1,1,45,7,3,0,0,0,0,0,5,-1,-1,-1,0,0.06002,0.93998,-1,6,30,8,4,1,18:05,3,2,5
2023010425913,2023,010425913,1,1,1,2,23,5,3,0,0,0,0,0,9,2,E01001079,-1,0,0.0,1.0,-1,6,30,1,1,1,07:54,2,2,9
2023141322997,2023,141322997,2,1,1,1,23,5,3,0,0,0,0,0,9,1,E01007715,3,1,0.0,1.0,-1,3,40,1,4,1,00:01,3,2,9
2023340WN0652,2023,340WN0652,2,1,1,1,46,8,3,0,0,0,0,0,9,10,E01031157,-1,0,0.02094,0.97906,-1,6,30,8,4,2,07:35,2,2,9
2023302300650,2023,302300650,1,1,1,1,25,5,2,0,0,0,0,0,2,3,E01013455,-1,0,1.0,0.0,-1,6,30,1,4,1,21:00,6,1,2
2023071037259,2023,071037259,1,2,2,1,12,3,3,0,0,0,0,0,5,3,E01006743,-1,0,0.21573,0.78427,-1,6,40,1,1,1,15:48,7,1,5
2023010457586,2023,010457586,2,4,2,2,4,1,3,0,0,2,0,0,9,6,E01004581,-1,0,0.0,1.0,-1,6,20,1,1,1,18:15,5,2,9
2023201422745,2023,201422745,2,2,1,1,46,8,3,0,0,0,0,0,9,2,E01010016,3,1,0.0,1.0,-1,6,30,1,4,2,19:55,7,2,9
2023211440845,2023,211440845,1,1,3,2,95,11,2,5,1,0,0,0,0,-1,-1,7,1,1.0,0.0,-1,6,30,2,7,5,18:52,6,1,9
2023461325987,2023,461325987,1,1,3,1,7,2,3,10,1,0,0,2,0,2,E01016018,3,1,0.0,1.0,-1,6,30,1,1,1,09:20,2,1,9
2023351358564,2023,351358564,1,1,1,1,25,5,3,0,0,0,0,0,9,6,E01015617,3,1,0.0,1.0,-1,6,60,1,1,1,16:47,5,2,9
2023461275446,2023,461275446,1,1,1,1,31,6,1,0,0,0,0,0,9,8,E01033210,1,1,0.0,0.0,-1,6,60,1,6,1,05:10,2,2,9
2023421274506,2023,421274506,1,1,3,1,30,6,2,5,3,0,0,0,0,3,E01021328,6,1,1.0,0.0,-1,3,50,1,1,1,13:09,5,1,9
2023070529533,2023,070529533,2,1,1,2,54,8,3,0,0,0,0,0,9,1,E01012382,-1,0,0.02293,0.97707,-1,6,30,1,1,1,17:56,7,2,9
2023161314237,2023,161314237,1,1,2,1,54,8,2,0,0,2,0,0,9,-1,-1,6,1,1.0,0.0,-1,3,30,1,1,1,17:30,2,2,9
2023522300653,2023,522300653,1,1,1,1,51,8,3,0,0,0,0,0,9,5,E01014518,-1,0,0.03588,0.96412,-1,6,20,1,1,1,16:14,2,2,9
2023622300312,2023,622300312,1,1,1,1,50,8,3,0,0,0,0,0,9,10,W01001782,-1,0,0.06338,0.93662,-1,3,70,2,1,2,18:46,3,2,9
2023061396621,2023,061396621,1,1,3,1,39,7,2,4,1,0,0,0,0,1,E01005004,7,1,1.0,0.0,-1,6,30,1,4,1,16:24,3,1,9
2023071090135,2023,071090135,2,1,1,2,35,6,2,0,0,0,0,0,1,1,E01012453,-1,0,1.0,0.0,-1,6,30,2,4,2,22:20,5,2,1
2023440157315,2023,440157315,2,1,1,1,71,10,2,0,0,0,0,0,1,9,E01022689,-1,0,1.0,0.0,-1,6,30,1,1,1,10:35,7,2,1
2023010484069,2023,010484069,2,1,1,1,24,5,3,0,0,0,0,0,4,3,E01000613,-1,0,0.0,1.0,-1,1,30,1,4,2,17:45,5,2,4
2023010441976,2023,010441976,3,1,1,2,62,9,3,0,0,0,0,0,9,-1,-1,-1,0,0.0,1.0,-1,6,30,1,1,1,12:05,3,4,9
2023010468130,2023,010468130,1,2,2,2,46,8,3,0,0,0,4,0,11,3,E01002568,-1,0,0.0,1.0,-1,6,20,1,1,1,08:55,2,1,11
2023430024115,2023,430024115,1,1,1,2,53,8,3,0,0,0,0,0,9,3,E01016442,-1,0,0.0824,0.9176,-1,6,60,1,1,4,08:23,3,2,9
2023440117418,2023,440117418,2,1,1,1,58,9,3,0,0,0,0,0,9,9,E01022857,-1,0,0.10532,0.89468,-1,6,60,1,1,1,13:59,6,2,9
202360A142479,2023,60A142479,1,1,1,2,50,8,3,0,0,0,0,0,9,-1,-1,-1,0,0.08658,0.91342,-1,6,30,1,1,1,16:15,2,2,9
2023141362508,2023,141362508,1,1,1,1,21,5,2,0,0,0,0,0,3,1,E01007634,7,1,1.0,0.0,-1,6,40,2,1,2,07:00,6,2,3
2023070218359,2023,070218359,1,1,1,1,44,7,3,0,0,0,0,0,9,1,E01012407,-1,0,0.09464,0.90536,-1,1,40,1,4,2,23:00,3,1,9
2023141287385,2023,141287385,1,3,2,2,13,3,2,0,0,2,0,0,9,-1,-1,7,1,1.0,0.0,-1,6,40,1,4,1,01:20,7,1,9
2023161262707,2023,161262707,1,1,1,1,23,5,3,0,0,0,0,0,9,10,E01013116,3,1,0.0,1.0,-1,3,40,2,4,2,17:19,5,2,9
2023332300701,2023,332300701,2,1,1,2,29,6,3,0,0,0,0,0,9,2,E01013772,-1,0,0.01431,0.98569,-1,3,30,1,1,1,14:44,5,2,9
2023461377887,2023,461377887,2,2,2,2,13,3,3,0,0,-1,0,0,9,6,E01024260,3,1,0.0,1.0,-1,6,30,1,4,2,22:40,6,2,9
2023311357009,2023,311357009,1,1,1,1,28,6,3,0,0,0,0,0,9,2,E01007495,3,1,0.0,1.0,-1,6,30,1,1,1,10:40,5,2,9
2023361302930,2023,361302930,2,1,1,1,16,4,3,0,0,0,0,0,1,4,E01026705,3,1,0.0,1.0,-1,6,30,1,1,1,15:30,6,2,1
2023332300620,2023,332300620,2,1,1,1,49,8,2,0,0,0,0,0,3,3,W01001875,-1,0,1.0,0.0,-1,6,50,1,1,1,10:10,6,2,3
2023522300835,2023,522300835,1,2,2,2,26,6,3,0,0,0,0,0,4,8,E01014797,-1,0,0.14659,0.85341,-1,6,20,1,4,1,19:45,7,1,4
2023010434247,2023,010434247,1,1,1,2,44,7,3,0,0,0,0,0,9,10,E01000753,-1,0,0.0,1.0,-1,6,30,1,4,1,20:35,7,2,9
2023010441733,2023,010441733,1,1,1,1,53,8,3,0,0,0,0,0,9,3,E01015956,-1,0,0.0,1.0,-1,6,20,8,4,1,00:40,2,1,9
2023340NN1292,2023,340NN1292,2,1,1,2,47,8,3,0,0,0,0,0,9,2,E01027341,-1,0,0.02718,0.97282,-1,6,30,1,1,1,17:05,2,2,9
2023311381798,2023,311381798,1,1,1,1,54,8,2,0,0,0,0,0,5,2,E01033400,7,1,1.0,0.0,-1,6,30,1,4,2,16:19,7,2,5
2023010453455,2023,010453455,2,2,1,1,25,5,3,0,0,0,0,0,9,2,E01000098,-1,0,0.0,1.0,-1,6,30,1,4,1,00:26,5,2,9
2023131324006,2023,131324006,2,1,1,1,46,8,3,0,0,0,0,0,11,4,E01010801,3,1,0.0,1.0,-1,6,30,1,1,1,16:00,3,2,11
2023421367860,2023,421367860,2,1,1,1,20,4,1,0,0,0,0,0,90,-1,-1,1,1,0.0,0.0,-1,6,30,1,1,1,17:36,6,2,90
2023430003318,2023,430003318,1,1,3,2,22,5,3,5,1,0,0,0,0,7,E01016209,-1,0,0.12737,0.87263,-1,6,30,2,4,2,16:27,3,1,9
202363C011723,2023,63C011723,1,1,1,1,86,11,3,0,0,0,0,0,9,6,W01000560,-1,0,0.16805,0.83195,-1,6,30,1,4,1,18:49,3,3,9
2023440419698,2023,440419698,2,1,1,2,17,4,2,0,0,0,0,0,1,4,E01022484,-1,0,1.0,0.0,-1,6,30,1,1,1,13:59,6,2,1
2023010441497,2023,010441497,1,1,1,1,27,6,3,0,0,0,0,0,3,1,E01000868,-1,0,0.0,1.0,-1,6,20,2,1,2,13:45,7,2,3
2023170M11633,2023,170M11633,1,1,1,2,22,5,3,0,0,0,0,0,9,-1,-1,-1,0,0.0151,0.9849,-1,3,50,1,1,1,08:07,1,2,9
2023401372205,2023,401372205,2,2,1,1,30,6,3,0,0,0,0,0,9,2,E01015703,3,1,0.0,1.0,-1,6,30,1,1,1,10:10,1,2,9
2023430552232,2023,430552232,1,1,1,2,73,10,3,0,0,0,0,0,9,4,W01000996,-1,0,0.08137,0.91863,-1,3,70,1,1,1,14:17,7,2,9
2023031298532,2023,031298532,1,1,1,1,52,8,2,0,0,0,0,0,19,-1,-1,7,1,1.0,0.0,-1,6,60,1,1,1,07:40,4,1,19
2023371366551,2023,371366551,1,1,3,2,10,2,3,5,3,0,0,0,0,5,E01030281,3,1,0.0,1.0,-1,6,30,1,1,1,15:35,4,1,9
2023111340891,2023,111340891,1,1,1,1,16,4,3,0,0,0,0,0,1,1,E01020639,3,1,0.0,1.0,-1,6,60,1,1,1,15:25,6,2,1
2023141288197,2023,141288197,1,1,1,2,29,6,3,0,0,0,0,0,1,-1,-1,3,1,0.0,1.0,-1,6,30,1,1,1,14:45,7,2,1
2023522400692,2023,522400692,1,1,1,1,35,6,3,0,0,0,0,0,1,10,E01014875,-1,0,0.03771,0.96229,-1,3,30,9,4,2,17:50,5,2,1
2023622300431,2023,622300431,2,2,1,2,33,6,3,0,0,0,0,0,1,2,W01001942,-1,0,0.07783,0.92217,-1,6,20,1,1,1,12:49,6,4,1
2023461376454,2023,461376454,1,1,1,1,85,11,3,0,0,0,0,0,9,5,E01024025,3,1,0.0,1.0,-1,6,60,2,1,2,10:50,2,2,9
2023991308383,2023,991308383,2,1,1,2,31,6,3,0,0,0,0,0,9,2,-1,3,1,0.0,1.0,-1,6,30,1,1,1,10:18,4,2,9
2023010472315,2023,010472315,1,1,3,1,27,6,3,5,3,0,0,0,0,7,E01002176,-1,0,0.0,1.0,-1,6,20,1,1,1,17:40,2,1,2
2023991342420,2023,991342420,2,1,1,1,38,7,2,0,0,0,0,0,1,4,-1,7,1,1.0,0.0,-1,6,30,1,1,1,15:20,4,2,1
2023010452595,2023,010452595,4,5,1,1,43,7,3,0,0,0,0,0,9,9,E01028624,-1,0,0.0,1.0,-1,3,70,1,1,1,13:11,7,5,9
2023041390938,2023,041390938,2,1,1,2,58,9,2,0,0,0,0,0,9,2,E01024951,7,1,1.0,0.0,-1,6,40,2,4,2,07:20,5,2,9
2023461381893,2023,461381893,4,2,1,2,17,4,2,0,0,0,0,0,9,9,E01032821,6,1,1.0,0.0,-1,3,70,8,6,4,00:19,1,4,9