collision_index,collision_year,collision_ref_no,vehicle_reference,casualty_reference,casualty_class,sex_of_casualty,age_of_casualty,age_band_of_casualty,casualty_severity,pedestrian_location,pedestrian_movement,car_passenger,bus_or_coach_passenger,pedestrian_road_maintenance_worker,casualty_type,casualty_imd_decile,lsoa_of_casualty,enhanced_casualty_severity,casualty_injury_based,casualty_adjusted_severity_serious,casualty_adjusted_severity_slight,casualty_distance_banding,road_type,speed_limit,weather_conditions,light_conditions,road_surface_conditions,time,day_of_week,number_of_vehicles,vehicle_type
2023451367837,2023,451367837,1,1,1,1,18,4,3,0,0,0,0,0,3,2,E01030599,3,1,0.0,1.0,-1,6,40,1,4,2,20:50,6,2,3
2023411316710,2023,411316710,2,1,1,2,55,8,3,0,0,0,0,0,9,10,E01033024,3,1,0.0,1.0,-1,6,40,1,1,-1,12:30,5,2,9
2023451329431,2023,451329431,2,1,1,1,38,7,3,0,0,0,0,0,9,6,E01030363,3,1,0.0,1.0,-1,3,70,1,1,1,16:54,6,3,9
2023041326718,2023,041326718,2,2,2,2,65,9,3,0,0,1,0,0,9,9,E01025425,3,1,0.0,1.0,-1,6,30,8,1,1,14:05,5,3,9
2023161287584,2023,161287584,2,2,1,2,63,9,3,0,0,0,0,0,9,5,E01013306,3,1,0.0,1.0,-1,6,60,1,1,1,13:00,5,2,9
2023161346080,2023,161346080,1,1,1,1,18,4,3,0,0,0,0,0,9,10,E01013223,3,1,0.0,1.0,-1,6,30,1,4,1,22:37,1,2,9
2023201278229,2023,201278229,1,1,1,2,62,9,3,0,0,0,0,0,9,9,E01009456,3,1,0.0,1.0,-1,1,30,1,1,2,09:34,5,2,9
2023451353796,2023,451353796,2,1,1,1,53,8,3,0,0,0,0,0,9,7,E01030956,3,1,0.0,1.0,-1,6,30,1,1,2,10:08,2,2,9
2023421300697,2023,421300697,2,1,1,2,26,6,3,0,0,0,0,0,9,10,E01021929,3,1,0.0,1.0,-1,6,30,1,1,1,10:45,4,2,9
2023010466785,2023,010466785,1,1,1,1,29,6,3,0,0,0,0,0,3,3,E01003592,-1,0,0.0,1.0,-1,2,20,1,1,1,17:50,1,2,3
2023122400133,2023,122400133,1,3,2,1,59,9,1,0,0,2,0,0,9,8,E01013127,-1,0,0.0,0.0,-1,6,60,1,1,5,11:48,5,1,9
2023211282275,2023,211282275,1,1,1,2,48,8,2,0,0,0,0,0,9,5,E01009745,7,1,1.0,0.0,-1,3,40,1,1,1,08:17,5,2,9
2023520301339,2023,520301339,1,1,1,2,34,6,3,0,0,0,0,0,9,5,E01029255,-1,0,0.02345,0.97655,-1,6,30,1,1,1,14:10,7,2,9
2023622300393,2023,622300393,1,3,2,2,11,3,3,0,0,2,0,0,9,3,W01001286,-1,0,0.03588,0.96412,-1,6,30,1,1,1,15:53,6,2,9
2023231375278,2023,231375278,1,1,3,1,66,10,3,1,1,0,0,0,0,3,E01031095,3,1,0.0,1.0,-1,6,30,1,1,1,08:39,3,1,9
2023010471439,2023,010471439,2,1,1,1,33,6,3,0,0,0,0,0,1,6,E01001984,-1,0,0.0,1.0,-1,6,20,8,4,2,18:23,4,2,1
2023161388011,2023,161388011,1,1,1,1,17,4,3,0,0,0,0,0,1,1,E01012851,3,1,0.0,1.0,-1,6,30,2,1,2,08:45,3,2,1
2023430097991,2023,430097991,2,1,1,1,41,7,3,0,0,0,0,0,1,10,E01028698,-1,0,0.04862,0.95138,-1,6,30,1,1,1,16:35,6,2,1
2023141286324,2023,141286324,1,1,1,1,30,6,3,0,0,0,0,0,3,-1,-1,3,1,0.0,1.0,-1,6,30,2,4,2,21:45,2,2,3
2023471272449,2023,471272449,1,1,1,1,31,6,2,0,0,0,0,0,9,5,E01031671,5,1,1.0,0.0,-1,1,40,1,4,2,01:20,1,1,9
2023520300585,2023,520300585,1,1,1,1,19,4,3,0,0,0,0,0,9,3,E01032635,-1,0,0.145,0.855,-1,6,60,1,6,1,23:06,1,1,9
2023421394976,2023,421394976,2,1,1,1,25,5,3,0,0,0,0,0,19,2,E01022006,3,1,0.0,1.0,-1,6,40,1,1,1,13:30,4,2,19
2023010440523,2023,010440523,1,1,1,1,23,5,2,0,0,0,0,0,1,4,E01003914,-1,0,1.0,0.0,-1,6,20,2,1,1,20:00,1,2,1
2023351360093,2023,351360093,1,1,1,1,43,7,2,0,0,0,0,0,1,6,E01033121,5,1,1.0,0.0,-1,6,30,1,1,1,08:01,6,2,1
2023311324340,2023,311324340,1,1,1,1,31,6,3,0,0,0,0,0,19,3,E01007550,3,1,0.0,1.0,-1,3,70,1,1,1,07:23,6,1,19
2023010484303,2023,010484303,1,2,3,1,50,8,2,5,3,0,0,0,0,10,E01022585,-1,0,1.0,0.0,-1,6,20,1,4,1,22:38,6,2,5
2023471322048,2023,471322048,2,1,1,1,38,7,3,0,0,0,0,0,1,10,E01031627,3,1,0.0,1.0,-1,6,40,1,1,1,17:00,5,2,1
2023010476721,2023,010476721,1,1,1,1,19,4,3,0,0,0,0,0,2,2,E01001878,-1,0,0.0,1.0,-1,2,20,1,1,2,15:00,4,2,2
2023010456423,2023,010456423,1,1,1,2,33,6,3,0,0,0,0,0,9,6,E01000329,-1,0,0.0,1.0,-1,6,20,1,1,1,15:35,6,2,9
2023061357580,2023,061357580,2,2,1,1,38,7,3,0,0,0,0,0,9,1,E01005186,3,1,0.0,1.0,-1,6,20,1,1,1,09:15,6,2,9
2023302301289,2023,302301289,1,1,2,1,22,5,3,0,0,2,0,0,9,-1,-1,-1,0,0.02427,0.97573,-1,6,30,1,1,1,11:43,1,2,9
2023421290742,2023,421290742,1,1,1,2,25,5,3,0,0,0,0,0,9,8,E01015913,3,1,0.0,1.0,-1,6,30,1,1,1,07:34,2,2,9
2023520301518,2023,520301518,1,1,1,1,26,6,3,0,0,0,0,0,9,9,E01029315,-1,0,0.04817,0.95183,-1,6,60,1,1,1,18:50,6,2,9
2023010453545,2023,010453545,1,1,1,2,-1,-1,3,0,0,0,0,0,9,3,E01003552,-1,0,0.0,1.0,-1,9,30,9,1,9,11:10,5,2,9
2023141320886,2023,141320886,2,2,1,2,56,9,3,0,0,0,0,0,9,3,E01007667,3,1,0.0,1.0,-1,6,30,2,1,2,14:55,3,2,9
2023461382619,2023,461382619,1,1,1,1,30,6,3,0,0,0,0,0,9,10,E01030435,3,1,0.0,1.0,-1,3,70,1,4,2,21:05,2,2,9
2023471373649,2023,471373649,1,2,2,2,6,2,3,0,0,2,0,0,9,5,E01031577,3,1,0.0,1.0,-1,6,30,2,1,2,08:25,6,2,9
2023991341054,2023,991341054,1,1,1,2,44,7,3,0,0,0,0,0,9,2,-1,3,1,0.0,1.0,-1,6,30,1,1,2,16:45,7,1,9
2023071152356,2023,071152356,4,1,1,2,25,5,3,0,0,0,0,0,9,9,E01018527,-1,0,0.0375,0.9625,-1,3,70,1,6,2,16:47,6,4,9
2023440383112,2023,440383112,1,1,1,2,44,7,3,0,0,0,0,0,9,7,E01022477,-1,0,0.0292,0.9708,-1,6,30,2,1,2,16:12,3,2,9
2023991351864,2023,991351864,1,3,2,1,18,4,3,0,0,2,0,0,9,-1,-1,3,1,0.0,1.0,-1,6,60,1,6,1,00:10,4,1,9
2023010436816,2023,010436816,1,1,3,2,57,9,2,6,9,0,0,0,0,8,E01000248,-1,0,1.0,0.0,-1,1,30,1,1,1,10:20,3,1,11
2023010458497,2023,010458497,1,1,3,1,80,11,3,4,1,0,0,0,0,2,E01003591,-1,0,0.0,1.0,-1,3,30,9,1,1,15:30,6,1,3
2023010481419,2023,010481419,1,1,3,2,21,5,2,1,3,0,0,0,0,4,E01002621,-1,0,1.0,0.0,-1,6,20,1,1,1,14:15,6,1,9
2023221291953,2023,221291953,1,1,3,1,3,1,2,5,4,0,0,0,0,2,E01033249,7,1,1.0,0.0,-1,6,20,1,1,1,08:54,5,1,8
2023991375060,2023,991375060,1,1,3,2,53,8,3,8,8,0,0,0,0,10,-1,3,1,0.0,1.0,-1,6,20,1,1,1,09:15,1,1,9
2023430212760,2023,430212760,1,1,1,2,23,5,3,0,0,0,0,0,9,4,E01000580,-1,0,0.08695,0.91305,-1,6,50,1,1,1,19:27,2,1,9
2023631392177,2023,631392177,1,1,1,1,23,5,3,0,0,0,0,0,9,4,W01000678,3,1,0.0,1.0,-1,6,60,1,6,2,05:30,3,1,9
2023010442494,2023,010442494,1,1,2,2,48,8,3,0,0,0,3,0,11,3,E01002133,-1,0,0.0,1.0,-1,1,30,1,1,1,08:05,6,1,11
2023131312318,2023,131312318,2,1,1,2,75,10,3,0,0,0,0,0,9,2,E01011274,3,1,0.0,1.0,-1,6,30,1,1,1,10:45,7,2,9
2023161376284,2023,161376284,2,3,2,1,6,2,3,0,0,2,0,0,9,-1,-1,3,1,0.0,1.0,-1,6,60,1,1,1,15:15,6,2,9
2023010483331,2023,010483331,1,1,1,2,36,7,3,0,0,0,0,0,9,1,E01004407,-1,0,0.0,1.0,-1,3,50,1,1,1,08:46,2,2,9
2023010485354,2023,010485354,1,1,1,1,47,8,3,0,0,0,0,0,9,3,E01002402,-1,0,0.0,1.0,-1,6,40,4,1,1,14:46,5,1,9
2023041370462,2023,041370462,1,3,1,2,33,6,3,0,0,0,0,0,9,1,E01033226,3,1,0.0,1.0,-1,6,20,2,4,2,15:00,6,2,9
2023302300793,2023,302300793,1,2,2,2,71,10,2,0,0,1,0,0,9,6,E01019798,-1,0,1.0,0.0,-1,6,50,1,1,1,12:38,2,2,9
2023401301513,2023,401301513,1,1,1,1,22,5,2,0,0,0,0,0,9,3,E01015788,7,1,1.0,0.0,-1,6,30,1,4,-1,21:30,4,2,9
2023421293130,2023,421293130,1,1,1,2,38,7,3,0,0,0,0,0,9,5,E01015904,3,1,0.0,1.0,-1,6,30,1,1,1,06:00,2,2,9
2023052301190,2023,052301190,2,1,1,1,49,8,2,0,0,0,0,0,1,3,E01007276,-1,0,1.0,0.0,-1,6,30,1,1,1,08:45,3,2,1
2023122301300,2023,122301300,1,1,1,1,54,8,2,0,0,0,0,0,1,5,E01027789,-1,0,1.0,0.0,-1,6,30,1,1,1,14:45,6,2,1
2023231390158,2023,231390158,2,5,2,2,7,2,3,0,0,2,0,0,9,8,E01031205,3,1,0.0,1.0,-1,7,50,1,6,1,17:12,7,2,9
2023501343280,2023,501343280,1,1,1,2,41,7,3,0,0,0,0,0,9,4,E01018962,3,1,0.0,1.0,-1,6,30,5,4,2,23:12,6,2,9
2023501376338,2023,501376338,3,6,2,2,7,2,3,0,0,2,0,0,9,3,E01020285,3,1,0.0,1.0,-1,6,60,1,1,1,15:24,7,3,9
2023141389935,2023,141389935,1,1,3,2,31,6,2,5,3,0,0,0,0,-1,-1,5,1,1.0,0.0,-1,6,30,1,4,2,18:58,2,1,9
2023010466947,2023,010466947,1,1,1,-1,53,8,3,0,0,0,0,0,3,1,E01000508,-1,0,0.0,1.0,-1,9,30,9,1,9,19:30,2,2,3
2023131346014,2023,131346014,2,1,1,1,41,7,3,0,0,0,0,0,5,2,E01007348,3,1,0.0,1.0,-1,6,30,1,1,1,16:50,1,2,5
2023451333378,2023,451333378,2,1,2,1,10,2,2,0,0,2,0,0,9,9,E01030488,7,1,1.0,0.0,-1,3,70,1,6,1,03:52,4,2,9
2023461304310,2023,461304310,2,1,1,1,50,8,2,0,0,0,0,0,5,9,E01024074,7,1,1.0,0.0,-1,6,30,1,1,2,16:55,2,2,5
2023010430705,2023,010430705,1,1,1,2,41,7,3,0,0,0,0,0,9,1,E01001052,-1,0,0.0,1.0,-1,3,30,1,1,1,16:07,2,2,9
2023070470395,2023,070470395,1,1,1,2,28,6,3,0,0,0,0,0,9,-1,-1,-1,0,0.07108,0.92892,-1,6,40,1,1,1,16:04,5,1,9
2023201410667,2023,201410667,3,5,2,2,49,8,3,0,0,-1,0,0,9,1,E01010286,3,1,0.0,1.0,-1,6,30,8,1,1,08:39,5,5,9
2023411384395,2023,411384395,2,1,1,2,36,7,3,0,0,0,0,0,9,-1,-1,3,1,0.0,1.0,-1,3,70,1,4,1,23:00,1,2,9
2023471297739,2023,471297739,2,1,1,1,22,5,3,0,0,0,0,0,9,4,E01020915,3,1,0.0,1.0,-1,9,30,1,1,1,06:32,3,2,9
2023061317598,2023,061317598,1,2,1,1,48,8,3,0,0,0,0,0,19,3,E01006145,3,1,0.0,1.0,-1,6,20,1,1,1,17:30,6,3,19
2023451313539,2023,451313539,1,2,2,2,12,3,3,0,0,1,0,0,9,4,E01002425,3,1,0.0,1.0,-1,7,70,1,1,1,13:00,2,2,9
2023531289652,2023,531289652,1,1,1,1,23,5,3,0,0,0,0,0,9,6,E01022303,3,1,0.0,1.0,-1,6,60,2,6,2,21:55,4,1,9
2023201293941,2023,201293941,1,1,1,1,50,8,3,0,0,0,0,0,9,1,E01033642,3,1,0.0,1.0,-1,6,30,1,7,2,00:11,4,2,9
2023340WN2672,2023,340WN2672,1,1,1,1,52,8,3,0,0,0,0,0,9,5,E01027232,-1,0,0.05113,0.94887,-1,6,40,1,1,1,07:30,6,2,9
2023010475330,2023,010475330,1,1,1,1,30,6,3,0,0,0,0,0,4,4,E01001097,-1,0,0.0,1.0,-1,6,30,2,1,2,07:25,4,2,4
2023041334239,2023,041334239,1,1,2,2,30,6,3,0,0,2,0,0,9,4,E01025216,3,1,0.0,1.0,-1,3,30,9,1,1,20:02,4,2,9
2023221298796,2023,221298796,2,1,1,1,31,6,3,0,0,0,0,0,9,8,E01032455,3,1,0.0,1.0,-1,6,30,1,1,1,14:55,7,2,9
2023311282868,2023,311282868,2,2,1,1,64,9,3,0,0,0,0,0,9,4,E01013903,3,1,0.0,1.0,-1,6,30,1,4,2,18:57,6,2,9
2023461318064,2023,461318064,1,1,2,2,90,11,3,0,0,1,0,0,9,3,E01024509,3,1,0.0,1.0,-1,6,30,1,1,1,15:30,4,2,9
2023631392251,2023,631392251,1,2,2,2,40,7,3,0,0,2,0,0,9,7,E01010684,3,1,0.0,1.0,-1,6,60,1,1,1,12:30,3,2,9
202354C025723,2023,54C025723,1,8,2,2,15,3,2,0,0,0,0,0,10,7,E01031872,-1,0,1.0,0.0,-1,6,60,1,6,1,17:32,2,2,10
2023451313464,2023,451313464,2,2,1,1,50,8,3,0,0,0,0,0,98,6,E01032844,3,1,0.0,1.0,-1,1,40,1,1,2,16:19,4,3,98
2023201398440,2023,201398440,1,2,2,2,23,5,3,0,0,1,0,0,9,6,E01009708,3,1,0.0,1.0,-1,6,30,1,1,1,09:55,1,1,9
2023411394776,2023,411394776,2,1,1,1,18,4,3,0,0,0,0,0,9,9,E01023378,3,1,0.0,1.0,-1,6,60,1,1,1,17:42,4,2,9
2023471380929,2023,471380929,2,3,2,2,74,10,3,0,0,1,0,0,9,6,E01031468,3,1,0.0,1.0,-1,6,30,2,1,1,13:10,5,2,9
2023991269201,2023,991269201,1,1,1,1,25,5,3,0,0,0,0,0,9,1,-1,3,1,0.0,1.0,-1,6,30,1,1,2,13:40,6,1,9
2023010433903,2023,010433903,1,1,1,1,61,9,3,0,0,0,0,0,1,8,E01002925,-1,0,0.0,1.0,-1,6,20,1,7,2,18:00,5,2,1
2023361356542,2023,361356542,2,1,1,2,78,11,3,0,0,0,0,0,9,4,E01026606,3,1,0.0,1.0,-1,6,60,1,1,1,15:21,6,2,9
2023221289195,2023,221289195,1,1,1,1,86,11,2,0,0,0,0,0,9,5,E01014045,7,1,1.0,0.0,-1,2,20,1,1,1,16:20,2,3,9
2023543086023,2023,543086023,1,2,2,1,10,2,3,0,0,1,0,0,9,-1,-1,-1,0,0.07969,0.92031,-1,6,60,1,1,1,15:30,4,1,9
2023052301131,2023,052301131,1,1,3,2,46,8,3,6,9,0,0,0,0,3,E01006533,-1,0,0.04396,0.95604,-1,6,30,1,1,1,08:45,5,1,9
2023531403909,2023,531403909,1,1,3,1,35,6,3,10,1,0,0,2,0,6,E01022117,3,1,0.0,1.0,-1,6,30,1,7,1,00:05,1,1,9
2023610047223,2023,610047223,1,1,3,2,47,8,3,5,1,0,0,0,0,3,W01001676,-1,0,0.15212,0.84788,-1,6,20,1,1,1,14:45,6,1,9
2023010424630,2023,010424630,1,1,1,1,48,8,3,0,0,0,0,0,9,2,E01004341,-1,0,0.0,1.0,-1,1,20,1,1,1,16:00,3,2,9
2023031389138,2023,031389138,1,1,1,2,54,8,3,0,0,0,0,0,9,-1,-1,3,1,0.0,1.0,-1,6,50,9,1,-1,16:30,6,2,9
2023131359412,2023,131359412,2,3,2,1,16,4,3,0,0,2,0,0,9,10,E01010936,3,1,0.0,1.0,-1,3,30,1,1,1,08:20,3,2,9
2023201426356,2023,201426356,1,1,1,2,53,8,3,0,0,0,0,0,9,2,E01009317,3,1,0.0,1.0,-1,6,30,1,1,1,07:52,3,1,9
2023421275025,2023,421275025,1,4,2,2,22,5,3,0,0,1,0,0,9,-1,-1,3,1,0.0,1.0,-1,6,30,8,4,1,23:20,6,2,9
2023471373070,2023,471373070,1,1,1,2,37,7,3,0,0,0,0,0,9,7,E01031567,3,1,0.0,1.0,-1,6,30,1,1,2,13:07,6,2,9
2023461274700,2023,461274700,2,1,1,1,15,3,3,0,0,0,0,0,1,3,E01024696,3,1,0.0,1.0,-1,6,30,1,1,1,08:00,2,2,1
2023421287647,2023,421287647,1,1,1,1,19,4,3,0,0,0,0,0,3,9,E01021973,3,1,0.0,1.0,-1,6,30,2,4,2,18:08,3,2,3
2023131319616,2023,131319616,2,1,1,1,9,2,3,0,0,0,0,0,1,2,E01011251,3,1,0.0,1.0,-1,6,20,1,1,1,16:50,6,2,1
2023131384546,2023,131384546,2,1,1,1,48,8,2,0,0,0,0,0,1,9,E01011296,5,1,1.0,0.0,-1,3,70,1,6,1,16:48,6,2,1
2023122400214,2023,122400214,1,1,1,1,47,8,3,0,0,0,0,0,4,9,E01013061,-1,0,0.06395,0.93605,-1,6,30,1,1,1,15:18,4,2,4
2023131273046,2023,131273046,1,1,1,1,85,11,3,0,0,0,0,0,9,10,E01011173,3,1,0.0,1.0,-1,6,30,1,4,1,19:01,2,1,9
2023320327813,2023,320327813,1,1,2,1,60,9,3,0,0,1,0,0,9,7,E01026319,-1,0,0.06842,0.93158,-1,6,30,1,1,1,15:00,2,2,9
2023440429512,2023,440429512,1,1,1,1,35,6,3,0,0,0,0,0,9,10,E01022883,-1,0,0.1116,0.8884,-1,3,70,2,6,2,05:44,6,1,9
2023531350356,2023,531350356,1,1,1,2,88,11,2,0,0,0,0,0,9,8,E01028712,5,1,1.0,0.0,-1,6,60,1,1,1,11:04,6,2,9
2023991388848,2023,991388848,1,2,2,1,19,4,3,0,0,1,0,0,9,5,-1,3,1,0.0,1.0,-1,6,60,1,6,1,20:00,6,1,9
2023461387729,2023,461387729,1,1,1,1,20,4,3,0,0,0,0,0,19,6,E01024568,3,1,0.0,1.0,-1,3,70,2,1,2,08:15,4,2,19
2023010479172,2023,010479172,1,1,3,1,47,8,3,8,3,0,0,0,0,-1,-1,-1,0,0.0,1.0,-1,6,20,1,4,1,19:39,2,1,9
2023010426457,2023,010426457,1,1,1,1,31,6,3,0,0,0,0,0,3,10,E01002158,-1,0,0.0,1.0,-1,6,30,1,1,1,08:15,4,2,3
2023340WN4652,2023,340WN4652,2,3,2,2,24,5,3,0,0,2,0,0,9,-1,-1,-1,0,0.06386,0.93614,-1,6,60,1,1,1,10:00,4,2,9
2023440365282,2023,440365282,1,1,1,2,55,8,3,0,0,0,0,0,9,9,E01022774,-1,0,0.00949,0.99051,-1,6,60,1,1,1,17:40,5,2,9
2023991364099,2023,991364099,2,1,2,2,12,3,2,0,0,2,0,0,9,10,-1,7,1,1.0,0.0,-1,1,40,1,1,1,08:00,2,2,9
2023320073590,2023,320073590,1,1,1,2,18,4,3,0,0,0,0,0,9,8,E01026258,-1,0,0.02869,0.97131,-1,6,30,1,4,1,19:45,7,2,9
2023361387516,2023,361387516,2,1,1,2,41,7,3,0,0,0,0,0,9,5,-1,3,1,0.0,1.0,-1,1,30,1,4,2,17:15,7,2,9
2023010420241,2023,010420241,2,1,1,1,72,10,3,0,0,0,0,0,9,8,E01000371,-1,0,0.0,1.0,-1,6,30,2,1,2,12:25,1,3,9
2023010447011,2023,010447011,2,2,1,1,40,7,3,0,0,0,0,0,9,2,E01004398,-1,0,0.0,1.0,-1,6,20,1,4,1,23:30,1,2,9
2023371276180,2023,371276180,3,4,2,2,8,2,3,0,0,2,0,0,9,2,E01030248,3,1,0.0,1.0,-1,6,30,7,4,2,20:15,2,4,9
2023461379900,2023,461379900,1,1,3,2,30,6,3,6,9,0,0,0,0,3,E01016022,3,1,0.0,1.0,-1,6,30,1,1,1,16:45,4,1,19
2023010452696,2023,010452696,2,1,1,1,33,6,3,0,0,0,0,0,1,2,E01001332,-1,0,0.0,1.0,-1,3,30,1,4,1,00:15,1,2,1
2023302300264,2023,302300264,2,1,1,1,55,8,2,0,0,0,0,0,5,4,E01019844,-1,0,1.0,0.0,-1,6,50,4,6,1,06:30,6,2,5
2023010472595,2023,010472595,1,2,2,2,26,6,3,0,0,1,0,0,9,4,E01003666,-1,0,0.0,1.0,-1,6,30,1,4,1,22:20,3,2,9
2023461394128,2023,461394128,2,1,1,2,17,4,3,0,0,0,0,0,9,5,E01024366,3,1,0.0,1.0,-1,6,60,1,1,1,10:40,2,2,9
2023631351333,2023,631351333,2,1,2,2,59,9,3,0,0,1,0,0,9,10,W01001823,3,1,0.0,1.0,-1,6,40,1,1,1,11:23,1,2,9
2023631382132,2023,631382132,1,1,1,1,70,10,2,0,0,0,0,0,9,4,W01000516,6,1,1.0,0.0,-1,6,20,2,4,2,17:49,7,1,9
2023991266572,2023,991266572,2,1,1,1,28,6,3,0,0,0,0,0,9,6,-1,3,1,0.0,1.0,-1,6,30,1,1,1,13:45,1,2,9
2023061263071,2023,061263071,1,1,3,1,12,3,3,1,3,0,0,0,0,1,E01005427,3,1,0.0,1.0,-1,3,30,1,4,1,16:35,5,1,9
2023461281347,2023,461281347,1,1,3,1,3,1,3,6,9,0,0,0,0,-1,-1,3,1,0.0,1.0,-1,6,30,1,1,1,14:40,6,1,9
2023161259253,2023,161259253,2,1,1,1,38,7,3,0,0,0,0,0,1,5,E01013107,3,1,0.0,1.0,-1,6,30,1,1,1,12:35,2,2,1
2023201411086,2023,201411086,1,1,3,1,27,6,2,5,2,0,0,2,0,2,E01008894,7,1,1.0,0.0,-1,6,30,1,1,1,17:13,3,1,9
2023010427907,2023,010427907,1,1,1,1,25,5,3,0,0,0,0,0,3,2,E01033601,-1,0,0.0,1.0,-1,6,20,1,1,1,16:47,7,2,3
2023010439750,2023,010439750,1,1,1,1,22,5,3,0,0,0,0,0,3,4,E01000617,-1,0,0.0,1.0,-1,6,20,1,1,1,07:30,5,2,3
2023302301176,2023,302301176,1,1,3,2,5,1,3,5,1,0,0,0,0,4,E01013903,-1,0,0.06931,0.93069,-1,6,30,1,1,1,11:35,1,1,9
2023010434480,2023,010434480,1,1,1,1,56,9,3,0,0,0,0,0,9,2,E01028238,-1,0,0.0,1.0,-1,6,20,1,1,1,12:13,2,2,9
2023201289288,2023,201289288,1,3,2,1,25,5,2,0,0,2,0,0,9,4,E01009035,7,1,1.0,0.0,-1,6,30,5,4,2,02:00,1,2,9
2023401280942,2023,401280942,2,1,1,2,33,6,2,0,0,0,0,0,9,7,E01033432,7,1,1.0,0.0,-1,6,60,8,6,1,17:25,2,2,9
2023461280704,2023,461280704,2,1,1,2,51,8,3,0,0,0,0,0,9,6,E01016076,3,1,0.0,1.0,-1,3,70,1,1,1,17:52,2,3,9
2023010473428,2023,010473428,1,1,3,2,48,8,3,1,9,0,0,0,0,9,E01003011,-1,0,0.0,1.0,-1,6,20,2,1,1,11:18,1,1,1
2023332301245,2023,332301245,1,1,3,2,19,4,3,5,3,0,0,0,0,2,E01032867,-1,0,0.03223,0.96777,-1,6,30,1,1,1,09:15,4,1,19
2023061265103,2023,061265103,1,1,1,1,58,9,2,0,0,0,0,0,1,9,E01005785,7,1,1.0,0.0,-1,6,30,1,1,2,11:57,4,2,1
2023131278479,2023,131278479,2,1,1,1,49,8,3,0,0,0,0,0,1,2,E01011166,3,1,0.0,1.0,-1,6,30,1,1,1,14:25,1,2,1
2023421281048,2023,421281048,2,2,1,1,21,5,3,0,0,0,0,0,2,-1,-1,3,1,0.0,1.0,-1,6,30,8,4,1,20:00,2,2,2
2023010462231,2023,010462231,1,1,1,2,31,6,3,0,0,0,0,0,9,4,E01016013,-1,0,0.0,1.0,-1,9,30,1,1,1,14:15,5,2,9
2023131348622,2023,131348622,2,1,1,2,64,9,3,0,0,0,0,0,9,6,E01011083,3,1,0.0,1.0,-1,6,30,1,1,1,11:47,5,3,9
2023411296143,2023,411296143,2,1,1,1,24,5,2,0,0,0,0,0,9,2,E01015727,7,1,1.0,0.0,-1,6,30,2,1,-1,17:50,6,2,9
2023411364629,2023,411364629,2,1,1,2,50,8,3,0,0,0,0,0,9,4,E01021848,3,1,0.0,1.0,-1,6,30,1,7,1,20:00,4,2,9
2023440162360,2023,440162360,1,1,1,1,24,5,3,0,0,0,0,0,9,9,E01023267,-1,0,0.01042,0.98958,-1,6,20,1,4,1,20:00,3,2,9
2023552301339,2023,552301339,1,1,2,1,88,11,3,0,0,0,1,0,11,6,E01015291,-1,0,0.11241,0.88759,-1,6,30,1,1,1,10:18,4,1,11
2023501307667,2023,501307667,1,1,3,2,13,3,3,5,1,0,0,0,0,-1,-1,3,1,0.0,1.0,-1,6,30,1,1,1,15:38,2,1,9
2023201393658,2023,201393658,2,1,1,2,74,10,3,0,0,0,0,0,9,9,E01010332,3,1,0.0,1.0,-1,6,30,2,4,2,18:36,7,2,9
2023122300495,2023,122300495,2,3,1,1,52,8,2,0,0,0,0,0,19,7,E01027890,-1,0,1.0,0.0,-1,6,60,1,1,1,18:50,7,2,19
2023010446854,2023,010446854,1,4,2,-1,-1,-1,3,0,0,2,0,0,9,6,E01001272,-1,0,0.0,1.0,-1,6,20,1,1,1,19:52,7,1,9
2023332300725,2023,332300725,1,1,1,2,18,4,3,0,0,0,0,0,9,9,E01013809,-1,0,0.01807,0.98193,-1,6,50,1,1,1,13:00,5,2,9
2023501315891,2023,501315891,1,1,1,1,24,5,3,0,0,0,0,0,9,4,E01019054,3,1,0.0,1.0,-1,6,60,1,1,1,07:00,4,1,9
2023010478475,2023,010478475,2,1,1,1,54,8,3,0,0,0,0,0,1,4,E01003259,-1,0,0.0,1.0,-1,2,20,1,1,1,08:30,6,2,1
2023010458668,2023,010458668,1,3,2,1,29,6,3,0,0,2,0,0,9,10,E01016605,-1,0,0.0,1.0,-1,3,70,2,4,2,20:55,4,1,9
2023070489170,2023,070489170,1,1,1,2,65,9,3,0,0,0,0,0,9,4,E01018337,-1,0,0.05036,0.94964,-1,6,50,1,1,1,08:45,4,2,9
2023320623885,2023,320623885,1,2,2,1,90,11,2,0,0,1,0,0,9,7,E01026029,-1,0,1.0,0.0,-1,6,60,1,1,1,12:40,7,3,9
2023430272933,2023,430272933,1,1,1,2,34,6,3,0,0,0,0,0,9,5,E01004521,-1,0,0.00925,0.99075,-1,7,70,1,1,1,17:03,3,3,9
2023531395642,2023,531395642,2,2,1,1,22,5,2,0,0,0,0,0,9,6,E01032934,7,1,1.0,0.0,-1,6,30,1,4,2,21:00,1,2,9
2023622300875,2023,622300875,1,2,2,2,78,11,3,0,0,1,0,0,9,10,W01001036,-1,0,0.05705,0.94295,-1,6,20,1,1,1,12:02,6,1,9
2023052301588,2023,052301588,1,1,1,2,25,5,3,0,0,0,0,0,9,-1,-1,-1,0,0.05655,0.94345,-1,6,30,1,1,2,20:40,1,1,9
2023061306570,2023,061306570,2,1,1,2,26,6,3,0,0,0,0,0,9,3,E01005216,3,1,0.0,1.0,-1,6,20,1,1,-1,07:26,4,2,9