collision_index,collision_year,collision_ref_no,vehicle_reference,casualty_reference,casualty_class,sex_of_casualty,age_of_casualty,age_band_of_casualty,casualty_severity,pedestrian_location,pedestrian_movement,car_passenger,bus_or_coach_passenger,pedestrian_road_maintenance_worker,casualty_type,casualty_imd_decile,lsoa_of_casualty,enhanced_casualty_severity,casualty_injury_based,casualty_adjusted_severity_serious,casualty_adjusted_severity_slight,casualty_distance_banding,road_type,speed_limit,weather_conditions,light_conditions,road_surface_conditions,time,day_of_week,number_of_vehicles,vehicle_type
2023440008853,2023,440008853,2,1,1,1,54,8,3,0,0,0,0,0,9,7,E01022990,-1,0,0.08721,0.91279,-1,6,40,2,6,2,20:29,7,2,9
2023522301695,2023,522301695,1,1,1,2,46,8,3,0,0,0,0,0,9,9,E01014789,-1,0,0.00625,0.99375,-1,1,40,1,1,1,19:55,5,2,9
2023010428955,2023,010428955,1,1,3,2,16,4,3,1,3,0,0,0,0,-1,-1,-1,0,0.0,1.0,-1,9,20,2,1,9,16:40,5,1,9
2023061330821,2023,061330821,1,1,1,1,-1,-1,3,0,0,0,0,0,3,1,E01006386,3,1,0.0,1.0,-1,6,30,1,1,1,14:02,4,2,3
2023111289315,2023,111289315,1,1,3,1,14,3,3,10,9,0,0,0,0,3,E01020670,3,1,0.0,1.0,-1,6,30,1,4,1,22:00,5,1,8
2023221265467,2023,221265467,2,1,1,1,57,9,3,0,0,0,0,0,1,9,E01032336,3,1,0.0,1.0,-1,1,30,1,1,4,08:28,4,2,1
2023010469701,2023,010469701,1,1,1,1,23,5,3,0,0,0,0,0,9,5,E01001500,-1,0,0.0,1.0,-1,3,40,1,1,1,09:20,1,3,9
2023991283682,2023,991283682,1,1,3,1,16,4,3,6,9,0,0,0,0,-1,-1,3,1,0.0,1.0,-1,6,20,1,1,1,17:32,2,1,11
2023311351555,2023,311351555,1,1,1,2,54,8,3,0,0,0,0,0,1,2,E01013899,3,1,0.0,1.0,-1,6,30,1,1,1,08:00,5,2,1
2023461361852,2023,461361852,2,1,1,1,68,10,3,0,0,0,0,0,5,2,E01023975,3,1,0.0,1.0,-1,6,30,1,1,1,11:30,5,2,5
2023010470124,2023,010470124,1,1,3,2,71,10,3,5,1,0,0,0,0,2,E01004696,-1,0,0.0,1.0,-1,6,20,1,1,1,11:05,5,1,19
2023122300754,2023,122300754,1,1,1,2,41,7,3,0,0,0,0,0,3,4,E01005562,-1,0,0.18961,0.81039,-1,6,60,1,1,1,14:55,7,1,3
2023070142800,2023,070142800,2,1,1,1,23,5,3,0,0,0,0,0,9,10,E01018419,-1,0,0.01287,0.98713,-1,3,70,1,1,1,09:18,7,2,9
2023471364850,2023,471364850,1,1,2,1,5,1,3,0,0,2,0,0,9,10,E01031619,3,1,0.0,1.0,-1,6,40,1,1,1,15:30,5,2,9
2023531332983,2023,531332983,1,1,3,1,32,6,3,6,9,0,0,0,0,8,E01022413,3,1,0.0,1.0,-1,6,30,1,1,1,09:25,6,1,19
2023371323932,2023,371323932,2,1,1,1,57,9,1,0,0,0,0,0,5,7,E01030243,1,1,0.0,0.0,-1,6,60,1,1,1,14:22,3,2,5
2023010445965,2023,010445965,1,1,1,2,39,7,3,0,0,0,0,0,3,5,E01003142,-1,0,0.0,1.0,-1,3,20,1,1,1,10:00,3,2,3
2023131365702,2023,131365702,2,3,2,1,8,2,3,0,0,2,0,0,9,1,E01011673,3,1,0.0,1.0,-1,6,30,1,1,1,12:12,1,5,9
2023141332084,2023,141332084,1,1,1,1,60,9,3,0,0,0,0,0,9,1,E01007411,3,1,0.0,1.0,-1,3,70,2,1,2,06:05,7,1,9
2023440517362,2023,440517362,1,1,1,1,34,6,3,0,0,0,0,0,9,4,E01017110,-1,0,0.02641,0.97359,-1,3,70,1,1,1,14:00,3,2,9
2023461368867,2023,461368867,2,1,1,2,38,7,3,0,0,0,0,0,9,4,E01016143,3,1,0.0,1.0,-1,3,30,2,1,2,09:50,6,2,9
2023010468125,2023,010468125,1,2,2,2,-1,-1,3,0,0,1,0,0,9,-1,-1,-1,0,0.0,1.0,-1,6,40,1,1,1,11:10,1,2,9
2023131348204,2023,131348204,1,1,1,1,20,4,2,0,0,0,0,0,9,1,E01010618,7,1,1.0,0.0,-1,6,30,1,1,1,16:25,1,3,9
2023141379632,2023,141379632,1,1,1,1,39,7,3,0,0,0,0,0,9,9,E01027917,3,1,0.0,1.0,-1,6,60,2,6,2,17:00,2,2,9
2023461322613,2023,461322613,1,1,1,2,35,6,3,0,0,0,0,0,9,2,E01016035,3,1,0.0,1.0,-1,6,30,1,1,1,11:36,6,2,9
2023501284257,2023,501284257,1,4,1,1,17,4,3,0,0,0,0,0,9,4,E01020302,3,1,0.0,1.0,-1,6,60,2,6,2,21:42,4,2,9
2023522300673,2023,522300673,1,1,1,2,23,5,3,0,0,0,0,0,9,6,E01014914,-1,0,0.00247,0.99753,-1,3,40,1,1,2,17:00,5,2,9
2023421318482,2023,421318482,1,1,1,1,40,7,3,0,0,0,0,0,5,2,E01015844,3,1,0.0,1.0,-1,6,30,1,1,1,17:10,4,2,5
2023201323646,2023,201323646,1,1,3,1,4,1,2,1,3,0,0,0,0,1,E01009351,7,1,1.0,0.0,-1,6,30,1,1,1,16:17,3,1,9
2023161325146,2023,161325146,2,1,1,2,20,4,3,0,0,0,0,0,1,-1,-1,3,1,0.0,1.0,-1,6,30,1,1,1,17:30,3,2,1
2023421353556,2023,421353556,2,1,1,1,7,2,3,0,0,0,0,0,1,10,E01021960,3,1,0.0,1.0,-1,6,30,1,1,1,15:20,2,2,1
2023430432557,2023,430432557,1,1,1,1,16,4,2,0,0,0,0,0,1,3,E01016396,-1,0,1.0,0.0,-1,6,30,1,4,1,17:58,3,2,1
2023061324068,2023,061324068,1,1,3,1,27,6,3,9,9,0,0,-1,0,-1,-1,3,1,0.0,1.0,-1,6,20,1,1,1,13:00,4,1,9
2023552300029,2023,552300029,1,1,1,1,69,10,3,0,0,0,0,0,19,6,E01015414,-1,0,0.11474,0.88526,-1,3,70,1,1,2,15:24,6,2,19
2023010434894,2023,010434894,1,1,1,1,18,4,3,0,0,0,0,0,3,2,E01004023,-1,0,0.0,1.0,-1,6,30,1,1,1,08:30,2,2,3
2023010431583,2023,010431583,2,1,1,1,59,9,3,0,0,0,0,0,1,10,E01000826,-1,0,0.0,1.0,-1,6,30,1,1,1,12:30,7,2,1
2023010469841,2023,010469841,2,1,1,2,23,5,3,0,0,0,0,0,1,2,E01003321,-1,0,0.0,1.0,-1,6,20,9,1,1,09:00,4,2,1
2023421322928,2023,421322928,1,1,1,1,60,9,2,0,0,0,0,0,21,2,E01029496,6,1,1.0,0.0,-1,3,70,1,1,1,13:40,2,4,21
2023541673123,2023,541673123,1,1,3,1,76,11,3,6,9,0,0,0,0,5,E01031937,-1,0,0.16656,0.83344,-1,6,30,1,1,1,15:43,3,1,9
2023211376402,2023,211376402,2,2,1,1,27,6,3,0,0,0,0,0,9,-1,-1,3,1,0.0,1.0,-1,3,70,1,6,1,18:30,1,3,9
2023440280970,2023,440280970,1,1,1,1,26,6,2,0,0,0,0,0,9,9,E01022874,-1,0,1.0,0.0,-1,6,50,1,1,1,17:55,4,2,9
2023010486319,2023,010486319,1,1,1,-1,25,5,3,0,0,0,0,0,3,6,E01022551,-1,0,0.0,1.0,-1,6,20,9,1,9,16:48,3,2,3
2023201393218,2023,201393218,1,1,3,1,28,6,3,6,9,0,0,0,0,5,E01010558,3,1,0.0,1.0,-1,6,30,1,1,1,13:40,6,1,19
2023421318911,2023,421318911,1,1,3,1,25,5,3,6,9,0,0,0,0,3,E01002311,3,1,0.0,1.0,-1,6,30,1,1,1,16:00,3,1,9
2023010453931,2023,010453931,2,2,1,1,-1,-1,3,0,0,0,0,0,1,-1,-1,-1,0,0.0,1.0,-1,6,20,1,1,1,18:00,6,2,1
2023010442527,2023,010442527,1,1,3,2,73,10,3,6,9,0,0,0,0,4,E01002874,-1,0,0.0,1.0,-1,2,20,1,1,1,09:45,6,1,19
2023101378152,2023,101378152,2,1,1,1,51,8,2,0,0,0,0,0,5,5,E01027511,6,1,1.0,0.0,-1,6,60,5,1,2,07:34,5,2,5
2023170M11903,2023,170M11903,1,1,3,1,23,5,2,5,1,0,0,0,0,-1,-1,-1,0,1.0,0.0,-1,6,30,1,4,2,00:03,1,1,8
2023320403516,2023,320403516,1,2,1,2,13,3,2,0,0,0,0,0,1,2,E01026378,-1,0,1.0,0.0,-1,6,30,1,1,1,15:37,6,1,1
2023440059407,2023,440059407,2,1,1,1,34,6,3,0,0,0,0,0,1,5,E01017023,-1,0,0.12222,0.87778,-1,1,30,1,1,1,12:39,1,2,1
202360A080349,2023,60A080349,2,1,1,1,55,8,2,0,0,0,0,0,5,-1,-1,-1,0,1.0,0.0,-1,6,60,1,1,1,11:16,1,2,5
2023010423277,2023,010423277,1,1,1,1,22,5,3,0,0,0,0,0,9,3,E01004012,-1,0,0.0,1.0,-1,1,30,1,1,1,15:21,3,2,9
2023070187369,2023,070187369,2,1,2,2,16,4,3,0,0,1,0,0,9,6,E01018679,-1,0,0.0052,0.9948,-1,6,30,1,1,1,19:05,7,2,9
2023201390733,2023,201390733,2,1,1,2,18,4,3,0,0,0,0,0,9,3,E01008895,3,1,0.0,1.0,-1,6,30,1,5,1,16:30,5,3,9
2023351268872,2023,351268872,2,1,1,2,63,9,3,0,0,0,0,0,9,9,E01018200,3,1,0.0,1.0,-1,1,40,8,1,4,08:45,2,2,9
2023170L30453,2023,170L30453,2,1,1,2,43,7,3,0,0,0,0,0,9,7,E01012053,-1,0,0.01422,0.98578,-1,6,60,1,1,1,18:00,1,3,9
2023170M10153,2023,170M10153,1,1,1,1,53,8,3,0,0,0,0,0,9,10,E01012348,-1,0,0.01454,0.98546,-1,6,20,1,1,1,12:10,5,2,9
2023010467369,2023,010467369,1,1,1,1,37,7,3,0,0,0,0,0,9,4,E01001260,-1,0,0.0,1.0,-1,3,50,2,1,2,16:15,4,2,9
2023221357329,2023,221357329,1,1,1,1,59,9,3,0,0,0,0,0,9,1,E01014164,3,1,0.0,1.0,-1,6,60,1,1,1,07:00,5,2,9
2023991275892,2023,991275892,1,2,1,1,86,11,3,0,0,0,0,0,9,9,-1,3,1,0.0,1.0,-1,3,70,1,1,1,12:20,2,3,9
2023451266075,2023,451266075,2,1,1,1,21,5,3,0,0,0,0,0,19,6,E01016469,3,1,0.0,1.0,-1,6,30,1,1,1,11:00,6,2,19
2023052300257,2023,052300257,2,1,1,2,40,7,3,0,0,0,0,0,9,3,E01007276,-1,0,0.04029,0.95971,-1,6,30,1,1,2,16:28,4,2,9
2023070893428,2023,070893428,2,1,2,1,13,3,3,0,0,2,0,0,9,4,E01018747,-1,0,0.00973,0.99027,-1,1,30,1,1,1,09:30,1,2,9
2023131327502,2023,131327502,1,1,3,1,37,7,3,6,9,0,0,2,0,-1,-1,3,1,0.0,1.0,-1,9,20,4,1,1,11:30,7,1,19
2023520400430,2023,520400430,1,1,3,1,39,7,2,6,8,0,0,0,0,7,E01029164,-1,0,1.0,0.0,-1,6,30,1,1,2,14:30,6,1,9
2023010436121,2023,010436121,1,1,1,1,25,5,3,0,0,0,0,0,3,5,E01000639,-1,0,0.0,1.0,-1,9,20,1,1,1,05:02,4,2,3
2023201291923,2023,201291923,2,2,1,1,54,8,3,0,0,0,0,0,8,7,E01010024,3,1,0.0,1.0,-1,6,30,1,4,1,04:04,7,2,8
2023061268784,2023,061268784,2,1,1,1,30,6,3,0,0,0,0,0,9,7,E01004781,3,1,0.0,1.0,-1,2,30,1,1,1,17:30,5,2,9
2023302301099,2023,302301099,1,1,2,1,14,3,3,0,0,2,0,0,8,10,E01019855,-1,0,0.05091,0.94909,-1,6,50,1,1,2,08:18,4,2,8
2023201297285,2023,201297285,1,3,2,1,15,3,2,0,0,1,0,0,9,2,E01009641,7,1,1.0,0.0,-1,3,50,1,1,1,16:24,6,1,9
2023221354839,2023,221354839,2,1,1,2,64,9,2,0,0,0,0,0,9,5,E01028996,6,1,1.0,0.0,-1,6,50,1,1,1,14:10,2,2,9
2023401300322,2023,401300322,1,1,2,2,29,6,3,0,0,-1,0,0,9,3,E01015731,3,1,0.0,1.0,-1,3,30,1,1,1,13:49,2,2,9
2023421339616,2023,421339616,1,1,1,1,46,8,3,0,0,0,0,0,9,7,E01016123,3,1,0.0,1.0,-1,3,70,1,4,2,05:15,3,1,9
2023631340928,2023,631340928,1,1,2,2,47,8,3,0,0,1,0,0,9,4,W01000681,3,1,0.0,1.0,-1,6,30,5,1,2,08:30,7,1,9
2023010436795,2023,010436795,1,1,1,1,32,6,3,0,0,0,0,0,3,3,E01001449,-1,0,0.0,1.0,-1,3,30,1,4,1,19:32,5,2,3
2023161322332,2023,161322332,1,2,3,2,7,2,3,5,1,0,0,2,0,1,E01013279,3,1,0.0,1.0,-1,6,30,1,1,1,16:25,6,1,9
2023010479583,2023,010479583,1,2,2,2,29,6,3,0,0,0,0,0,19,4,E01015494,-1,0,0.0,1.0,-1,1,30,1,4,2,20:35,4,1,19
2023052302048,2023,052302048,2,1,2,2,19,4,3,0,0,1,0,0,9,4,E01006976,-1,0,0.07892,0.92108,-1,6,40,1,1,1,19:00,4,2,9
202354C905823,2023,54C905823,1,1,1,1,51,8,3,0,0,0,0,0,9,8,E01015514,-1,0,0.01605,0.98395,-1,6,30,1,6,2,17:07,3,2,9
2023010437963,2023,010437963,1,1,1,1,57,9,3,0,0,0,0,0,4,2,E01001812,-1,0,0.0,1.0,-1,6,30,1,1,1,05:53,3,2,4
2023401329270,2023,401329270,1,1,3,2,24,5,3,9,9,0,0,0,0,3,E01017501,3,1,0.0,1.0,-1,6,20,1,1,1,11:31,4,1,9
2023010456184,2023,010456184,1,1,2,2,26,6,3,0,0,2,0,0,8,1,E01004206,-1,0,0.0,1.0,-1,6,20,1,4,1,21:12,4,1,8
2023010438674,2023,010438674,1,1,3,1,3,1,2,6,9,0,0,0,0,-1,-1,-1,0,1.0,0.0,-1,6,20,1,1,1,16:01,6,3,9
2023010457138,2023,010457138,1,1,3,2,27,6,3,8,3,0,0,0,0,3,E01002878,-1,0,0.0,1.0,-1,6,20,1,1,1,09:40,3,1,9
2023522401015,2023,522401015,1,1,3,1,81,11,2,5,1,0,0,0,0,9,E01014714,-1,0,1.0,0.0,-1,6,20,1,4,1,18:44,4,1,9
2023061292986,2023,061292986,2,1,1,1,41,7,2,0,0,0,0,0,1,6,E01012554,7,1,1.0,0.0,-1,1,30,1,1,2,07:40,4,2,1
2023010475319,2023,010475319,1,1,1,1,33,6,3,0,0,0,0,0,3,4,E01001007,-1,0,0.0,1.0,-1,9,20,9,1,9,17:55,3,2,3
2023010455080,2023,010455080,1,1,1,1,43,7,3,0,0,0,0,0,3,4,E01003704,-1,0,0.0,1.0,-1,6,30,1,4,1,23:20,6,2,3
2023170M10163,2023,170M10163,1,1,3,2,17,4,3,10,9,0,0,0,0,-1,-1,-1,0,0.15644,0.84356,-1,6,30,1,4,1,02:22,2,1,8
2023440108589,2023,440108589,1,1,1,1,17,4,3,0,0,0,0,0,3,4,E01017171,-1,0,0.17291,0.82709,-1,6,30,1,1,1,14:26,7,2,3
2023552300022,2023,552300022,1,1,1,1,23,5,3,0,0,0,0,0,3,9,E01020372,-1,0,0.23655,0.76345,-1,3,70,5,6,2,20:21,5,1,3
2023421353838,2023,421353838,1,1,1,1,18,4,3,0,0,0,0,0,-1,1,E01015917,3,1,0.0,1.0,-1,6,40,1,1,1,08:35,3,2,-1
2023471287370,2023,471287370,1,1,1,1,34,6,3,0,0,0,0,0,19,4,E01016135,3,1,0.0,1.0,-1,6,60,1,1,2,08:42,5,2,19
2023461327856,2023,461327856,2,1,1,1,28,6,2,0,0,0,0,0,3,10,E01024461,7,1,1.0,0.0,-1,6,50,1,1,1,07:05,3,2,3
2023010424157,2023,010424157,2,1,1,1,29,6,3,0,0,0,0,0,4,10,E01023092,-1,0,0.0,1.0,-1,3,20,1,1,1,11:40,1,2,4
2023421264081,2023,421264081,1,1,1,1,20,4,3,0,0,0,0,0,5,6,E01021595,3,1,0.0,1.0,-1,3,70,1,6,1,21:48,2,2,5
2023430048556,2023,430048556,1,1,3,2,79,11,2,1,3,0,0,0,0,4,E01016484,-1,0,1.0,0.0,-1,6,30,1,1,1,16:35,4,1,9
2023471296248,2023,471296248,1,1,3,1,18,4,3,6,9,0,0,2,0,5,E01030531,3,1,0.0,1.0,-1,6,30,1,1,1,08:00,1,1,11
2023501364998,2023,501364998,2,1,1,1,44,7,2,0,0,0,0,0,1,3,E01015041,7,1,1.0,0.0,-1,3,30,1,1,1,14:10,7,2,1
2023991302656,2023,991302656,1,1,1,1,51,8,2,0,0,0,0,0,5,6,E01020888,6,1,1.0,0.0,-1,6,60,1,1,1,18:26,2,1,5
2023991335405,2023,991335405,1,1,3,2,64,9,3,9,5,0,0,2,0,-1,-1,3,1,0.0,1.0,-1,6,30,8,1,2,20:00,4,1,9
2023010451092,2023,010451092,1,1,1,1,52,8,3,0,0,0,0,0,8,-1,-1,-1,0,0.0,1.0,-1,6,30,1,1,1,15:15,6,2,8
2023061298734,2023,061298734,1,2,3,2,30,6,3,10,9,0,0,-1,0,2,E01004879,3,1,0.0,1.0,-1,6,30,1,1,1,12:10,4,3,9
2023440362889,2023,440362889,2,1,1,1,62,9,3,0,0,0,0,0,1,2,E01022820,-1,0,0.18208,0.81792,-1,6,30,1,1,1,18:04,4,2,1
2023131343828,2023,131343828,2,3,2,1,29,6,3,0,0,2,0,0,9,4,E01025525,3,1,0.0,1.0,-1,6,40,1,1,1,09:43,2,3,9
2023201380360,2023,201380360,2,2,2,2,51,8,3,0,0,-1,0,0,9,7,E01009040,3,1,0.0,1.0,-1,1,30,2,1,2,18:39,7,3,9
2023340WN4092,2023,340WN4092,2,1,1,2,54,8,3,0,0,0,0,0,9,8,E01028715,-1,0,0.07099,0.92901,-1,6,50,1,1,2,17:29,7,2,9
2023501291680,2023,501291680,2,1,2,1,29,6,3,0,0,1,0,0,9,1,E01015257,3,1,0.0,1.0,-1,6,30,2,4,2,22:15,3,2,9
202363A001723,2023,63A001723,1,1,1,1,26,6,2,0,0,0,0,0,9,7,W01000679,-1,0,1.0,0.0,-1,6,50,2,1,2,09:50,7,1,9
2023361316681,2023,361316681,2,2,1,1,37,7,3,0,0,0,0,0,19,5,E01026902,3,1,0.0,1.0,-1,6,60,1,1,1,15:10,4,2,19
2023430063366,2023,430063366,1,1,1,1,34,6,3,0,0,0,0,0,19,7,E01016713,-1,0,0.09232,0.90768,-1,6,60,1,6,1,16:50,6,1,19
2023010459684,2023,010459684,1,1,1,2,48,8,3,0,0,0,0,0,9,10,E01002952,-1,0,0.0,1.0,-1,6,20,1,1,1,08:24,4,2,9
2023461268904,2023,461268904,2,1,1,2,59,9,3,0,0,0,0,0,9,1,E01024676,3,1,0.0,1.0,-1,3,40,1,1,2,13:42,3,2,9
2023061384436,2023,061384436,2,1,1,1,33,6,3,0,0,0,0,0,9,4,E01005730,3,1,0.0,1.0,-1,3,70,2,1,2,14:00,6,2,9
2023421307042,2023,421307042,1,1,1,1,28,6,3,0,0,0,0,0,9,5,E01021753,3,1,0.0,1.0,-1,7,50,1,1,1,16:20,7,2,9
2023421388380,2023,421388380,1,1,1,2,79,11,3,0,0,0,0,0,9,4,E01021529,3,1,0.0,1.0,-1,1,30,1,1,2,15:00,5,1,9
2023461291776,2023,461291776,1,1,1,1,74,10,3,0,0,0,0,0,9,8,E01024045,3,1,0.0,1.0,-1,3,30,1,1,1,13:55,7,3,9
2023471299888,2023,471299888,2,2,1,2,60,9,3,0,0,0,0,0,9,6,E01031827,3,1,0.0,1.0,-1,6,30,2,1,2,11:24,1,2,9
2023552301459,2023,552301459,1,1,1,2,57,9,3,0,0,0,0,0,9,3,E01029235,-1,0,0.0843,0.9157,-1,6,60,1,6,2,18:39,5,3,9
2023221362194,2023,221362194,1,1,1,1,53,8,3,0,0,0,0,0,9,6,E01013999,3,1,0.0,1.0,-1,6,60,1,1,1,13:02,7,2,9
2023430538784,2023,430538784,2,1,1,1,44,7,3,0,0,0,0,0,9,10,E01017807,-1,0,0.01115,0.98885,-1,6,30,1,1,1,14:10,5,2,9
2023302300427,2023,302300427,2,1,1,1,43,7,2,0,0,0,0,0,97,1,E01013472,-1,0,1.0,0.0,-1,6,30,2,1,2,13:45,3,2,97
2023351320840,2023,351320840,2,2,2,1,24,5,3,0,0,1,0,0,9,9,E01015689,3,1,0.0,1.0,-1,6,30,1,1,1,17:47,5,3,9
2023461344617,2023,461344617,1,1,1,1,33,6,2,0,0,0,0,0,9,1,E01024609,6,1,1.0,0.0,-1,6,30,1,4,1,22:21,4,1,9
2023501278991,2023,501278991,2,2,1,2,23,5,3,0,0,0,0,0,9,3,E01020079,3,1,0.0,1.0,-1,6,60,1,1,1,17:29,3,2,9
2023501354894,2023,501354894,2,4,2,2,84,11,1,0,0,1,0,0,9,3,E01018990,1,1,0.0,0.0,-1,6,40,1,1,2,11:10,5,2,9
2023520301631,2023,520301631,2,1,1,2,21,5,2,0,0,0,0,0,9,4,E01029050,-1,0,1.0,0.0,-1,6,20,1,1,1,18:55,1,3,9
2023131330885,2023,131330885,2,2,1,1,45,7,2,0,0,0,0,0,9,6,E01011400,7,1,1.0,0.0,-1,6,60,1,1,2,08:30,4,2,9
2023201394930,2023,201394930,1,1,1,1,48,8,3,0,0,0,0,0,9,1,E01009147,3,1,0.0,1.0,-1,3,30,1,4,2,02:21,1,2,9
2023421275207,2023,421275207,1,1,1,1,64,9,3,0,0,0,0,0,9,9,E01021940,3,1,0.0,1.0,-1,6,30,1,4,1,17:24,7,1,9
2023440068542,2023,440068542,1,2,2,2,16,4,3,0,0,1,0,0,9,4,E01030824,-1,0,0.05191,0.94809,-1,7,70,1,6,1,18:39,7,1,9
2023631344505,2023,631344505,1,1,1,1,32,6,3,0,0,0,0,0,9,5,W01000617,3,1,0.0,1.0,-1,6,60,1,6,1,21:10,3,1,9
2023430234598,2023,430234598,2,1,1,1,59,9,1,0,0,0,0,0,19,8,E01031223,-1,0,0.0,0.0,-1,6,50,1,1,1,15:10,1,2,19
2023311373550,2023,311373550,4,2,1,2,31,6,3,0,0,0,0,0,9,1,E01013879,3,1,0.0,1.0,-1,6,30,1,1,1,19:05,5,6,9
2023540767323,2023,540767323,2,1,1,2,54,8,3,0,0,0,0,0,9,8,E01031954,-1,0,0.00258,0.99742,-1,6,30,7,1,2,14:00,7,2,9
2023010452663,2023,010452663,1,2,2,1,50,8,3,0,0,1,0,0,9,4,E01000472,-1,0,0.0,1.0,-1,1,30,1,4,1,04:10,7,4,9
2023302300150,2023,302300150,1,2,2,1,19,4,3,0,0,1,0,0,9,1,E01007874,-1,0,0.08268,0.91732,-1,6,50,1,6,4,23:30,4,1,9
2023471312447,2023,471312447,2,1,1,1,48,8,3,0,0,0,0,0,9,6,E01021193,3,1,0.0,1.0,-1,6,30,1,7,1,21:40,1,2,9
2023131294610,2023,131294610,1,1,2,2,68,10,2,0,0,2,0,0,9,3,E01010793,6,1,1.0,0.0,-1,6,30,1,1,1,13:45,5,2,9
2023010478451,2023,010478451,2,1,1,1,32,6,2,0,0,0,0,0,3,2,E01001143,-1,0,1.0,0.0,-1,3,20,1,4,1,01:45,6,2,3
2023010477927,2023,010477927,1,1,3,1,14,3,3,8,1,0,0,0,0,2,E01000931,-1,0,0.0,1.0,-1,6,20,9,1,2,08:00,3,1,9
2023041311595,2023,041311595,1,1,3,2,32,6,2,9,5,0,0,0,0,4,E01025262,6,1,1.0,0.0,-1,6,30,1,4,1,02:07,6,1,9
2023010480950,2023,010480950,1,1,1,1,26,6,3,0,0,0,0,0,1,8,E01002989,-1,0,0.0,1.0,-1,1,20,1,4,2,18:00,4,2,1
2023010451664,2023,010451664,1,1,1,1,45,7,2,0,0,0,0,0,1,-1,-1,-1,0,1.0,0.0,-1,6,30,1,1,1,18:30,2,1,1
2023111389223,2023,111389223,1,1,3,1,65,9,1,5,1,0,0,0,0,3,E01020658,1,1,0.0,0.0,-1,6,30,1,4,1,23:40,7,1,8
2023311266156,2023,311266156,1,1,1,1,48,8,2,0,0,0,0,0,8,7,E01028392,7,1,1.0,0.0,-1,6,30,1,1,1,12:15,4,2,8
2023010443701,2023,010443701,1,1,1,1,51,8,3,0,0,0,0,0,3,3,E01004037,-1,0,0.0,1.0,-1,6,30,1,1,1,12:30,5,2,3
2023371294949,2023,371294949,2,1,1,1,71,10,3,0,0,0,0,0,5,6,E01032612,3,1,0.0,1.0,-1,6,60,1,1,1,10:32,1,2,5
2023371393323,2023,371393323,2,2,1,1,76,11,3,0,0,0,0,0,9,2,E01030227,3,1,0.0,1.0,-1,6,50,1,1,1,13:33,6,2,9
2023320771807,2023,320771807,1,2,1,1,72,10,3,0,0,0,0,0,90,7,E01026066,-1,0,0.22219,0.77781,-1,3,50,1,1,2,13:21,7,1,90
2023010470389,2023,010470389,1,1,1,1,47,8,3,0,0,0,0,0,3,4,E01000940,-1,0,0.0,1.0,-1,6,20,1,1,1,15:40,6,2,3
2023010449046,2023,010449046,1,1,1,2,47,8,3,0,0,0,0,0,9,2,E01003190,-1,0,0.0,1.0,-1,6,20,8,1,1,16:15,4,2,9
2023991334170,2023,991334170,2,1,1,1,55,8,2,0,0,0,0,0,19,7,-1,7,1,1.0,0.0,-1,6,60,2,1,2,12:35,5,3,19
2023131378778,2023,131378778,2,1,1,1,73,10,3,0,0,0,0,0,9,3,E01011944,3,1,0.0,1.0,-1,6,30,1,7,1,09:19,5,2,9
2023010420810,2023,010420810,1,1,3,2,55,8,3,5,3,0,0,0,0,3,E01001116,-1,0,0.0,1.0,-1,6,20,2,4,2,16:15,4,1,9
2023401381287,2023,401381287,2,1,1,1,42,7,3,0,0,0,0,0,1,3,E01017400,3,1,0.0,1.0,-1,6,60,1,1,1,13:39,3,2,1
2023302300631,2023,302300631,1,1,1,1,34,6,3,0,0,0,0,0,5,3,E01013554,-1,0,0.22253,0.77747,-1,6,50,1,1,1,16:39,2,1,5
2023010485896,2023,010485896,1,2,2,1,-1,-1,3,0,0,2,0,0,8,7,E01004297,-1,0,0.0,1.0,-1,9,30,1,4,1,01:30,1,1,8
2023461298973,2023,461298973,1,1,1,1,35,6,3,0,0,0,0,0,9,6,E01000407,3,1,0.0,1.0,-1,7,40,1,4,1,21:00,1,2,9
2023070199048,2023,070199048,2,1,1,1,24,5,3,0,0,0,0,0,9,8,E01018328,-1,0,0.04708,0.95292,-1,3,60,6,4,2,16:45,4,2,9
2023122301167,2023,122301167,1,1,1,1,24,5,3,0,0,0,0,0,19,6,E01027600,-1,0,0.09739,0.90261,-1,6,60,1,6,2,19:30,2,1,19
2023141274000,2023,141274000,2,1,1,1,24,5,2,0,0,0,0,0,1,1,E01007534,7,1,1.0,0.0,-1,1,40,1,4,1,05:53,3,2,1
2023010420205,2023,010420205,1,1,1,1,29,6,3,0,0,0,0,0,9,1,E01005434,-1,0,0.0,1.0,-1,3,70,1,4,2,00:17,1,1,9
2023201387927,2023,201387927,2,1,1,2,25,5,3,0,0,0,0,0,9,-1,-1,3,1,0.0,1.0,-1,6,30,1,1,1,07:39,5,2,9
2023471365403,2023,471365403,2,2,1,2,29,6,3,0,0,0,0,0,9,7,E01016960,3,1,0.0,1.0,-1,3,20,1,1,1,10:20,5,2,9
2023031298004,2023,031298004,1,1,1,1,17,4,3,0,0,0,0,0,9,-1,-1,3,1,0.0,1.0,-1,6,60,1,6,1,00:10,1,1,9
2023061276236,2023,061276236,1,1,1,1,45,7,3,0,0,0,0,0,9,2,E01004873,3,1,0.0,1.0,-1,6,30,1,1,1,15:50,3,2,9