collision_index,collision_year,collision_ref_no,vehicle_reference,casualty_reference,casualty_class,sex_of_casualty,age_of_casualty,age_band_of_casualty,casualty_severity,pedestrian_location,pedestrian_movement,car_passenger,bus_or_coach_passenger,pedestrian_road_maintenance_worker,casualty_type,casualty_imd_decile,lsoa_of_casualty,enhanced_casualty_severity,casualty_injury_based,casualty_adjusted_severity_serious,casualty_adjusted_severity_slight,casualty_distance_banding,road_type,speed_limit,weather_conditions,light_conditions,road_surface_conditions,time,day_of_week,number_of_vehicles,vehicle_type
2023131368776,2023,131368776,2,2,1,1,38,7,3,0,0,0,0,0,9,1,E01010674,3,1,0.0,1.0,-1,6,40,2,1,2,07:23,2,2,9
2023440329100,2023,440329100,2,2,2,1,10,2,3,0,0,1,0,0,9,-1,-1,-1,0,0.02215,0.97785,-1,6,30,1,1,1,08:30,3,2,9
2023211318628,2023,211318628,2,1,1,1,62,9,3,0,0,0,0,0,1,8,E01009454,3,1,0.0,1.0,-1,6,30,1,1,1,13:26,4,2,1
2023010429560,2023,010429560,2,1,1,1,51,8,3,0,0,0,0,0,3,2,E01003558,-1,0,0.0,1.0,-1,3,30,7,4,2,19:40,2,2,3
2023991346538,2023,991346538,2,1,1,1,34,6,3,0,0,0,0,0,3,9,-1,3,1,0.0,1.0,-1,3,40,2,1,2,14:00,3,2,3
2023361316526,2023,361316526,2,1,1,1,45,7,3,0,0,0,0,0,1,8,E01026563,3,1,0.0,1.0,-1,1,30,1,1,1,18:17,5,2,1
2023221285100,2023,221285100,2,1,1,1,55,8,3,0,0,0,0,0,1,5,E01032280,3,1,0.0,1.0,-1,6,30,8,4,2,18:48,5,2,1
2023471319236,2023,471319236,2,1,1,2,56,9,3,0,0,0,0,0,1,10,E01016998,3,1,0.0,1.0,-1,6,30,1,1,1,20:00,5,2,1
2023010428937,2023,010428937,1,1,3,1,11,3,2,4,4,0,0,0,0,3,E01003589,-1,0,1.0,0.0,-1,6,20,1,1,1,14:46,6,1,9
2023131388775,2023,131388775,1,1,3,2,61,9,2,8,3,0,0,2,0,8,E01032501,7,1,1.0,0.0,-1,6,30,1,4,1,18:30,5,1,9
2023451267745,2023,451267745,1,1,1,2,45,7,3,0,0,0,0,0,9,7,E01030621,3,1,0.0,1.0,-1,6,30,1,1,1,09:00,3,2,9
2023471300397,2023,471300397,1,1,2,1,14,3,3,0,0,1,0,0,9,9,E01021026,3,1,0.0,1.0,-1,6,50,1,1,2,15:15,2,2,9
2023010440110,2023,010440110,1,2,2,2,18,4,3,0,0,1,0,0,9,4,E01021799,-1,0,0.0,1.0,-1,6,30,1,4,1,00:05,7,1,9
2023010482315,2023,010482315,1,1,1,2,48,8,3,0,0,0,0,0,9,3,E01001501,-1,0,0.0,1.0,-1,9,20,9,1,9,08:40,3,2,9
2023430545612,2023,430545612,1,2,2,2,32,6,3,0,0,1,0,0,9,6,E01017810,-1,0,0.01222,0.98778,-1,1,60,2,1,2,10:02,3,2,9
2023501260641,2023,501260641,2,2,2,2,80,11,3,0,0,1,0,0,9,8,E01020003,3,1,0.0,1.0,-1,9,30,1,4,2,22:45,6,2,9
2023161310648,2023,161310648,1,2,2,2,29,6,3,0,0,0,0,0,19,7,E01013173,3,1,0.0,1.0,-1,3,30,1,1,1,15:30,5,2,19
2023531278560,2023,531278560,1,1,1,1,32,6,3,0,0,0,0,0,19,6,E01032934,3,1,0.0,1.0,-1,3,30,1,4,1,19:00,2,2,19
2023041275169,2023,041275169,2,1,1,2,34,6,3,0,0,0,0,0,9,7,E01025561,3,1,0.0,1.0,-1,6,40,1,1,1,09:30,5,2,9
2023101259150,2023,101259150,2,1,1,1,26,6,3,0,0,0,0,0,9,1,E01008223,3,1,0.0,1.0,-1,6,30,1,4,2,22:05,2,2,9
2023141261785,2023,141261785,1,1,1,1,51,8,3,0,0,0,0,0,9,-1,-1,3,1,0.0,1.0,-1,7,30,1,4,2,07:25,4,2,9
2023201281155,2023,201281155,1,1,1,1,34,6,3,0,0,0,0,0,9,1,E01009408,3,1,0.0,1.0,-1,3,30,1,4,1,02:47,1,1,9
2023161317557,2023,161317557,1,1,1,2,25,5,3,0,0,0,0,0,9,2,E01013240,3,1,0.0,1.0,-1,3,30,1,1,1,15:45,4,2,9
2023221291415,2023,221291415,1,2,2,1,26,6,1,0,0,1,0,0,9,6,E01032372,1,1,0.0,0.0,-1,6,60,1,1,1,15:10,1,1,9
2023351383462,2023,351383462,1,1,1,1,29,6,2,0,0,0,0,0,9,8,E01018003,7,1,1.0,0.0,-1,6,20,1,4,1,01:32,6,2,9
2023411390685,2023,411390685,1,1,2,2,52,8,3,0,0,1,0,0,9,5,E01009654,3,1,0.0,1.0,-1,3,70,2,4,2,18:46,3,2,9
2023471302147,2023,471302147,1,1,2,2,17,4,2,0,0,1,0,0,9,6,E01021213,5,1,1.0,0.0,-1,6,60,1,6,1,22:00,6,1,9
2023122300664,2023,122300664,1,1,1,1,76,11,3,0,0,0,0,0,9,7,E01027799,-1,0,0.11857,0.88143,-1,6,60,1,1,1,11:00,1,1,9
2023131386155,2023,131386155,1,2,1,1,23,5,3,0,0,0,0,0,9,1,E01010833,3,1,0.0,1.0,-1,6,30,1,4,2,16:55,1,4,9
2023201298947,2023,201298947,1,1,1,1,29,6,3,0,0,0,0,0,9,9,E01010494,3,1,0.0,1.0,-1,6,30,1,1,2,15:08,5,2,9
2023522300732,2023,522300732,2,4,2,1,1,1,3,0,0,2,0,0,9,8,E01014506,-1,0,0.04201,0.95799,-1,6,40,1,1,2,16:27,5,4,9
2023552301180,2023,552301180,1,2,1,1,28,6,3,0,0,0,0,0,9,8,E01020579,-1,0,0.09488,0.90512,-1,3,70,1,1,1,07:17,5,3,9
2023170S11483,2023,170S11483,3,3,2,1,8,2,3,0,0,2,0,0,9,5,E01012295,-1,0,0.07688,0.92312,-1,6,60,1,1,1,14:16,4,3,9
2023122301060,2023,122301060,2,1,1,1,22,5,2,0,0,0,0,0,1,10,E01027903,-1,0,1.0,0.0,-1,6,30,1,1,1,10:39,2,2,1
2023010459485,2023,010459485,1,1,1,1,36,7,3,0,0,0,0,0,9,3,E01002550,-1,0,0.0,1.0,-1,3,30,2,1,2,10:10,3,2,9
2023010484064,2023,010484064,1,1,1,2,33,6,3,0,0,0,0,0,9,2,E01003500,-1,0,0.0,1.0,-1,9,30,8,4,1,07:25,5,2,9
2023501337660,2023,501337660,1,3,2,2,8,2,3,0,0,2,0,0,9,5,E01018923,3,1,0.0,1.0,-1,6,60,2,1,2,18:05,3,1,9
2023520300778,2023,520300778,1,1,1,1,20,4,3,0,0,0,0,0,9,1,E01029046,-1,0,0.04102,0.95898,-1,6,40,1,1,1,15:39,3,2,9
2023461351654,2023,461351654,1,1,3,2,-1,-1,3,10,9,0,0,0,0,-1,-1,3,1,0.0,1.0,-1,6,30,1,1,1,19:25,3,1,9
2023522300984,2023,522300984,1,1,1,1,39,7,3,0,0,0,0,0,3,1,E01014689,-1,0,0.02718,0.97282,-1,6,30,1,1,1,14:00,7,2,3
2023041319854,2023,041319854,1,2,2,2,49,8,3,0,0,1,0,0,9,5,E01025228,3,1,0.0,1.0,-1,6,30,1,1,1,21:25,6,1,9
2023622300436,2023,622300436,2,2,1,1,58,9,3,0,0,0,0,0,9,3,W01001265,-1,0,0.04303,0.95697,-1,3,60,1,1,1,12:12,7,2,9
2023991337270,2023,991337270,2,1,2,2,26,6,3,0,0,1,0,0,9,1,-1,3,1,0.0,1.0,-1,6,20,1,1,1,17:48,3,2,9
2023031295567,2023,031295567,1,1,1,1,42,7,3,0,0,0,0,0,21,2,-1,3,1,0.0,1.0,-1,3,60,5,6,2,23:30,3,1,21
2023010450640,2023,010450640,1,1,1,1,21,5,3,0,0,0,0,0,9,4,E01016837,-1,0,0.0,1.0,-1,6,30,8,1,1,08:30,6,1,9
2023131304460,2023,131304460,2,1,1,2,36,7,3,0,0,0,0,0,9,1,E01010813,3,1,0.0,1.0,-1,6,30,1,1,1,14:25,6,3,9
2023161347699,2023,161347699,1,1,1,1,33,6,3,0,0,0,0,0,9,-1,-1,3,1,0.0,1.0,-1,6,60,2,1,2,21:00,5,1,9
2023451266395,2023,451266395,1,1,2,2,67,10,3,0,0,1,0,0,9,3,E01030362,3,1,0.0,1.0,-1,6,30,1,1,1,15:55,6,2,9
2023361309400,2023,361309400,1,1,1,1,42,7,2,0,0,0,0,0,9,3,E01026717,5,1,1.0,0.0,-1,6,60,1,1,1,20:54,6,2,9
202363B017923,2023,63B017923,1,1,1,1,24,5,3,0,0,0,0,0,9,6,W01000543,-1,0,0.0256,0.9744,-1,6,50,8,1,2,13:20,1,2,9
2023552301279,2023,552301279,2,1,1,1,56,9,3,0,0,0,0,0,1,8,E01020588,-1,0,0.15662,0.84338,-1,6,30,1,1,1,10:51,1,2,1
2023010438472,2023,010438472,2,1,1,1,46,8,2,0,0,0,0,0,1,9,E01003857,-1,0,1.0,0.0,-1,6,20,2,1,2,17:50,5,2,1
2023041334531,2023,041334531,2,3,1,1,22,5,3,0,0,0,0,0,9,1,E01012577,3,1,0.0,1.0,-1,3,50,1,1,1,20:11,6,2,9
2023161345578,2023,161345578,2,1,1,1,34,6,3,0,0,0,0,0,9,10,E01013044,3,1,0.0,1.0,-1,3,70,1,1,1,08:22,2,2,9
2023332301112,2023,332301112,2,1,2,2,33,6,3,0,0,1,0,0,9,4,E01032862,-1,0,0.01545,0.98455,-1,6,30,1,4,2,17:14,6,2,9
2023122301080,2023,122301080,2,1,1,1,61,9,2,0,0,0,0,0,1,10,E01013440,-1,0,1.0,0.0,-1,6,30,1,1,1,12:25,7,2,1
2023471321923,2023,471321923,2,2,1,1,66,10,2,0,0,0,0,0,5,7,E01031351,5,1,1.0,0.0,-1,1,40,1,1,1,19:37,4,2,5
2023141297527,2023,141297527,1,1,1,1,27,6,3,0,0,0,0,0,1,8,E01008066,3,1,0.0,1.0,-1,6,30,1,1,1,15:10,2,2,1
2023010455394,2023,010455394,1,1,1,1,29,6,3,0,0,0,0,0,9,1,E01003516,-1,0,0.0,1.0,-1,3,20,1,1,2,19:50,7,2,9
2023201298331,2023,201298331,3,3,1,2,33,6,3,0,0,0,0,0,9,8,E01010395,3,1,0.0,1.0,-1,3,70,1,4,1,20:07,4,3,9
2023201382841,2023,201382841,2,2,2,1,10,2,2,0,0,1,0,0,9,1,E01009272,7,1,1.0,0.0,-1,6,30,1,1,1,14:20,3,3,9
2023340NN2592,2023,340NN2592,2,1,1,1,37,7,3,0,0,0,0,0,9,6,E01027107,-1,0,0.02245,0.97755,-1,6,30,1,1,1,13:12,7,3,9
2023522300651,2023,522300651,6,1,1,2,65,9,3,0,0,0,0,0,9,2,E01014661,-1,0,0.04144,0.95856,-1,6,20,1,4,1,20:05,3,7,9
2023421363828,2023,421363828,1,2,2,1,56,9,2,0,0,0,0,0,19,-1,-1,7,1,1.0,0.0,-1,3,40,1,1,1,12:40,3,2,19
2023041379579,2023,041379579,1,1,3,2,69,10,3,6,9,0,0,0,0,9,E01025133,3,1,0.0,1.0,-1,6,30,1,4,1,16:30,5,1,9
2023201274750,2023,201274750,1,1,3,2,24,5,2,8,3,0,0,2,0,6,E01009523,6,1,1.0,0.0,-1,6,30,1,4,1,20:49,5,1,9
2023161323252,2023,161323252,1,1,1,1,12,3,3,0,0,0,0,0,1,7,E01013039,3,1,0.0,1.0,-1,6,30,1,1,1,08:00,5,2,1
2023201310096,2023,201310096,2,1,1,2,24,5,3,0,0,0,0,0,9,1,E01009141,3,1,0.0,1.0,-1,6,30,1,1,1,17:15,4,2,9
2023221301553,2023,221301553,2,1,1,2,48,8,3,0,0,0,0,0,11,1,E01014113,3,1,0.0,1.0,-1,6,30,1,1,1,14:10,1,2,11
2023991331274,2023,991331274,1,4,1,1,43,7,2,0,0,0,0,0,19,2,-1,6,1,1.0,0.0,-1,6,40,1,1,1,09:15,4,2,19
2023010454876,2023,010454876,2,1,1,2,31,6,3,0,0,0,0,0,9,3,E01003720,-1,0,0.0,1.0,-1,3,30,1,4,1,21:12,4,2,9
2023101383864,2023,101383864,2,1,1,2,41,7,3,0,0,0,0,0,9,7,E01008313,3,1,0.0,1.0,-1,6,30,1,1,4,12:25,1,2,9
2023170S10633,2023,170S10633,3,3,2,2,13,3,3,0,0,1,0,0,9,1,E01012252,-1,0,0.04234,0.95766,-1,6,30,1,1,1,14:14,2,3,9
2023231300640,2023,231300640,2,3,2,2,10,2,3,0,0,2,0,0,9,3,E01031174,3,1,0.0,1.0,-1,6,30,1,1,1,16:40,5,2,9
2023010479071,2023,010479071,1,1,3,1,3,1,3,6,9,0,0,0,0,6,E01001539,-1,0,0.0,1.0,-1,6,20,1,1,1,13:30,2,1,10
2023201370298,2023,201370298,1,1,3,2,72,10,3,9,5,0,0,0,0,1,E01009965,3,1,0.0,1.0,-1,6,30,1,1,1,11:04,2,1,9
2023520300494,2023,520300494,1,1,3,1,61,9,2,5,3,0,0,0,0,8,E01029034,-1,0,1.0,0.0,-1,6,30,2,4,2,19:00,3,1,9
2023351390536,2023,351390536,1,1,1,1,25,5,3,0,0,0,0,0,9,9,E01027053,3,1,0.0,1.0,-1,3,70,1,4,1,02:00,7,2,9
2023010444130,2023,010444130,2,1,1,1,-1,-1,3,0,0,0,0,0,1,-1,-1,-1,0,0.0,1.0,-1,6,30,1,1,1,17:35,7,2,1
2023211297051,2023,211297051,1,1,1,1,41,7,2,0,0,0,0,0,5,-1,-1,7,1,1.0,0.0,-1,1,40,1,1,1,11:15,1,1,5
2023052301737,2023,052301737,1,2,1,2,87,11,3,0,0,0,0,0,9,8,E01007268,-1,0,0.06448,0.93552,-1,6,30,1,1,1,14:00,1,2,9
2023131351001,2023,131351001,1,2,2,2,56,9,2,0,0,2,0,0,9,2,E01020839,7,1,1.0,0.0,-1,6,30,1,4,1,21:52,7,3,9
2023231326218,2023,231326218,2,1,1,2,18,4,3,0,0,0,0,0,9,5,E01031203,3,1,0.0,1.0,-1,1,50,1,1,1,14:53,6,2,9
2023302300568,2023,302300568,2,1,2,2,6,2,3,0,0,1,0,0,9,7,E01019472,-1,0,0.01581,0.98419,-1,3,40,2,1,2,18:05,4,3,9
2023311297193,2023,311297193,2,2,1,1,29,6,3,0,0,0,0,0,9,1,E01013812,3,1,0.0,1.0,-1,3,60,1,1,2,16:31,1,2,9
2023320030303,2023,320030303,1,1,1,2,23,5,3,0,0,0,0,0,9,1,E01026083,-1,0,0.05976,0.94024,-1,6,60,2,1,2,08:00,2,1,9
2023411307975,2023,411307975,2,2,2,2,63,9,3,0,0,1,0,0,9,10,E01023515,3,1,0.0,1.0,-1,3,40,1,1,1,08:29,3,2,9
2023010442669,2023,010442669,2,1,1,1,55,8,3,0,0,0,0,0,1,4,E01003231,-1,0,0.0,1.0,-1,6,30,1,1,1,19:40,6,2,1
2023371370166,2023,371370166,2,1,1,2,28,6,3,0,0,0,0,0,9,7,E01021978,3,1,0.0,1.0,-1,7,50,1,1,1,10:54,6,2,9
2023421304582,2023,421304582,1,1,1,2,80,11,3,0,0,0,0,0,9,9,E01021479,3,1,0.0,1.0,-1,6,30,8,1,1,14:11,6,2,9
2023440069278,2023,440069278,2,2,1,2,29,6,3,0,0,0,0,0,9,-1,-1,-1,0,0.03887,0.96113,-1,6,30,1,1,1,12:17,1,2,9
2023440117307,2023,440117307,2,3,2,1,19,4,3,0,0,2,0,0,9,10,E01022509,-1,0,0.01877,0.98123,-1,6,30,1,1,2,13:00,6,2,9
2023461373113,2023,461373113,2,1,1,2,56,9,3,0,0,0,0,0,9,9,E01024438,3,1,0.0,1.0,-1,6,60,1,1,2,14:34,2,2,9
2023531367853,2023,531367853,2,1,1,1,34,6,2,0,0,0,0,0,9,7,E01028509,7,1,1.0,0.0,-1,6,60,1,1,1,12:52,2,2,9
2023101272146,2023,101272146,1,2,2,1,51,8,3,0,0,0,4,0,11,-1,-1,3,1,0.0,1.0,-1,3,50,1,1,1,14:22,3,1,11
2023501346458,2023,501346458,1,1,2,1,23,5,3,0,0,0,0,0,19,7,E01029581,3,1,0.0,1.0,-1,6,30,1,1,2,13:02,3,3,19
2023061377620,2023,061377620,2,1,1,2,38,7,3,0,0,0,0,0,9,2,E01005917,3,1,0.0,1.0,-1,6,20,1,1,-1,10:00,2,2,9
2023543224923,2023,543224923,2,1,1,2,72,10,3,0,0,0,0,0,9,8,E01032077,-1,0,0.0353,0.9647,-1,6,50,1,1,2,14:35,1,2,9
2023010426661,2023,010426661,1,1,1,1,49,8,3,0,0,0,0,0,8,3,E01001436,-1,0,0.0,1.0,-1,3,20,1,4,1,23:27,6,2,8
2023461263826,2023,461263826,1,1,3,1,21,5,3,4,1,0,0,0,0,2,E01016117,3,1,0.0,1.0,-1,6,30,1,1,1,17:27,2,1,9
2023010450774,2023,010450774,2,1,1,1,13,3,3,0,0,0,0,0,1,4,E01001197,-1,0,0.0,1.0,-1,6,20,1,1,9,07:55,4,2,1
2023351390175,2023,351390175,2,1,1,1,36,7,3,0,0,0,0,0,1,1,E01015611,3,1,0.0,1.0,-1,6,30,1,1,1,13:29,6,2,1
2023461357283,2023,461357283,2,1,1,1,74,10,2,0,0,0,0,0,1,2,E01024398,5,1,1.0,0.0,-1,6,30,1,1,1,10:03,2,2,1
2023311280930,2023,311280930,2,1,2,2,72,10,3,0,0,1,0,0,9,-1,-1,3,1,0.0,1.0,-1,6,30,1,1,1,09:19,2,2,9
2023471312427,2023,471312427,2,1,1,2,61,9,3,0,0,0,0,0,9,10,E01021194,3,1,0.0,1.0,-1,6,30,1,4,1,21:45,7,2,9
2023010456515,2023,010456515,1,1,1,1,37,7,3,0,0,0,0,0,1,2,E01004008,-1,0,0.0,1.0,-1,9,20,1,1,1,14:30,6,2,1
2023010424887,2023,010424887,1,1,1,2,45,7,3,0,0,0,0,0,3,2,E01001246,-1,0,0.0,1.0,-1,1,20,1,1,1,14:20,3,2,3
2023041280675,2023,041280675,1,1,1,1,19,4,3,0,0,0,0,0,9,2,E01005233,3,1,0.0,1.0,-1,3,70,1,1,1,17:15,1,2,9
2023471362478,2023,471362478,2,1,1,2,36,7,3,0,0,0,0,0,9,3,E01031609,3,1,0.0,1.0,-1,6,30,1,1,1,18:15,5,2,9
2023451326148,2023,451326148,2,1,1,2,35,6,3,0,0,0,0,0,19,5,E01030719,3,1,0.0,1.0,-1,3,70,1,1,2,06:25,4,2,19
2023302300550,2023,302300550,1,2,2,1,63,9,3,0,0,1,0,0,9,7,E01019671,-1,0,0.05485,0.94515,-1,3,70,5,1,2,15:50,5,2,9
2023991327857,2023,991327857,2,2,2,1,32,6,3,0,0,1,0,0,9,3,-1,3,1,0.0,1.0,-1,1,20,1,1,1,12:15,2,2,9
2023010434816,2023,010434816,2,1,1,2,58,9,3,0,0,0,0,0,1,6,E01004703,-1,0,0.0,1.0,-1,6,20,1,1,1,11:15,4,2,1
2023052301288,2023,052301288,2,1,1,1,7,2,3,0,0,0,0,0,1,2,E01007176,-1,0,0.12455,0.87545,-1,6,30,8,1,1,15:40,4,2,1
2023501289703,2023,501289703,2,1,2,2,21,5,3,0,0,0,-1,0,11,-1,-1,3,1,0.0,1.0,-1,6,40,1,1,1,14:43,2,2,11
2023302300015,2023,302300015,1,1,3,2,52,8,3,10,9,0,0,0,0,9,E01019751,-1,0,0.12926,0.87074,-1,6,30,1,4,2,02:45,1,1,8
2023411337223,2023,411337223,1,1,3,1,17,4,3,8,3,0,0,0,0,8,E01023872,3,1,0.0,1.0,-1,3,30,1,1,1,07:50,4,1,9
2023451386460,2023,451386460,1,1,3,1,9,2,3,5,9,0,0,0,0,8,E01030848,3,1,0.0,1.0,-1,6,30,1,1,1,08:20,5,1,9
2023471359110,2023,471359110,1,1,3,1,51,8,3,9,5,0,0,0,0,1,E01020992,3,1,0.0,1.0,-1,6,30,1,4,2,19:02,3,2,9
2023201411265,2023,201411265,2,1,1,2,21,5,2,0,0,0,0,0,1,5,E01033058,7,1,1.0,0.0,-1,6,30,1,1,1,12:00,6,2,1
2023471268065,2023,471268065,2,1,1,1,18,4,3,0,0,0,0,0,3,7,E01031766,3,1,0.0,1.0,-1,6,30,2,6,2,17:08,4,2,3
2023061389574,2023,061389574,2,2,2,1,52,8,3,0,0,1,0,0,9,3,E01005208,3,1,0.0,1.0,-1,6,30,1,4,1,16:40,2,2,9
2023401393784,2023,401393784,1,1,1,1,18,4,3,0,0,0,0,0,9,6,E01016803,3,1,0.0,1.0,-1,6,60,1,6,2,18:55,7,2,9
2023471331244,2023,471331244,1,1,1,1,39,7,3,0,0,0,0,0,9,-1,-1,3,1,0.0,1.0,-1,1,40,1,4,1,22:41,4,1,9
2023501391035,2023,501391035,2,1,1,2,30,6,2,0,0,0,0,0,9,5,E01015164,5,1,1.0,0.0,-1,6,30,2,4,2,18:50,5,3,9
2023622300274,2023,622300274,2,2,1,2,16,4,3,0,0,0,0,0,-1,1,W01001739,-1,0,0.08169,0.91831,-1,6,30,2,4,2,23:39,7,2,-1
2023461376719,2023,461376719,1,1,3,1,15,3,3,5,2,0,0,0,0,8,E01016119,3,1,0.0,1.0,-1,6,30,1,1,1,08:48,6,1,5
2023211295370,2023,211295370,1,1,3,2,12,3,3,5,1,0,0,0,0,7,E01029805,3,1,0.0,1.0,-1,6,30,1,1,1,15:30,6,1,9
2023411293928,2023,411293928,2,1,1,1,24,5,3,0,0,0,0,0,2,5,E01023782,3,1,0.0,1.0,-1,6,20,1,1,-1,12:10,5,2,2
2023010472595,2023,010472595,1,1,1,1,27,6,3,0,0,0,0,0,9,4,E01003666,-1,0,0.0,1.0,-1,6,30,1,4,1,22:20,3,2,9
2023201403500,2023,201403500,2,1,1,2,50,8,3,0,0,0,0,0,9,10,E01032145,3,1,0.0,1.0,-1,6,30,1,1,1,08:30,4,2,9
2023010449353,2023,010449353,1,1,2,2,20,4,3,0,0,0,4,0,11,3,E01003201,-1,0,0.0,1.0,-1,6,20,1,4,1,11:37,5,1,11
2023201415175,2023,201415175,2,4,2,1,10,2,3,0,0,2,0,0,9,-1,-1,3,1,0.0,1.0,-1,1,30,1,1,-1,08:20,5,2,9
2023010466608,2023,010466608,1,1,1,2,30,6,3,0,0,0,0,0,9,3,E01003688,-1,0,0.0,1.0,-1,6,20,1,1,1,12:40,6,2,9
2023010473982,2023,010473982,1,1,1,2,44,7,3,0,0,0,0,0,9,5,E01004347,-1,0,0.0,1.0,-1,6,20,1,1,1,16:06,4,2,9
2023010474770,2023,010474770,2,1,1,2,52,8,3,0,0,0,0,0,9,9,E01000303,-1,0,0.0,1.0,-1,3,50,2,4,2,23:50,7,2,9
2023201297824,2023,201297824,1,2,2,2,38,7,2,0,0,2,0,0,9,1,E01010456,6,1,1.0,0.0,-1,1,30,1,4,2,03:54,1,1,9
2023320172446,2023,320172446,2,1,2,2,64,9,3,0,0,1,0,0,9,-1,-1,-1,0,0.02732,0.97268,-1,6,50,1,1,1,11:00,3,3,9
2023430503590,2023,430503590,2,1,1,1,28,6,3,0,0,0,0,0,9,-1,-1,-1,0,0.07276,0.92724,-1,3,70,1,4,1,23:10,4,2,9
2023311303011,2023,311303011,1,3,3,1,44,7,2,6,9,0,0,0,0,-1,-1,7,1,1.0,0.0,-1,6,30,1,1,1,20:10,2,3,9
2023311263952,2023,311263952,1,1,1,1,30,6,3,0,0,0,0,0,3,3,E01028257,3,1,0.0,1.0,-1,6,60,1,6,2,06:25,6,2,3
2023122300572,2023,122300572,1,1,2,1,18,4,2,0,0,2,0,0,9,6,E01027559,-1,0,1.0,0.0,-1,6,60,1,1,1,18:18,1,1,9
2023201393029,2023,201393029,1,1,1,2,39,7,3,0,0,0,0,0,9,4,E01010361,3,1,0.0,1.0,-1,6,30,2,1,2,16:20,7,4,9
2023311260729,2023,311260729,1,2,1,1,70,10,3,0,0,0,0,0,9,5,E01019438,3,1,0.0,1.0,-1,6,60,2,4,2,18:45,7,2,9
2023451311932,2023,451311932,1,1,1,2,59,9,3,0,0,0,0,0,9,9,E01030685,3,1,0.0,1.0,-1,6,40,1,1,1,10:42,6,3,9
2023131271672,2023,131271672,2,1,1,1,21,5,2,0,0,0,0,0,1,9,E01032876,7,1,1.0,0.0,-1,6,30,1,4,1,21:20,5,2,1
2023451329646,2023,451329646,1,1,1,1,30,6,3,0,0,0,0,0,9,7,E01030583,3,1,0.0,1.0,-1,6,40,1,1,2,08:10,7,2,9
2023991303471,2023,991303471,2,2,2,1,25,5,3,0,0,2,0,0,9,5,-1,3,1,0.0,1.0,-1,6,20,2,1,2,18:17,2,2,9
202360A144954,2023,60A144954,1,1,3,1,51,8,3,9,5,0,0,0,0,-1,-1,-1,0,0.16457,0.83543,-1,6,30,1,1,1,10:00,5,1,19
2023411272810,2023,411272810,1,1,1,2,44,7,3,0,0,0,0,0,19,7,E01023356,3,1,0.0,1.0,-1,6,60,8,1,4,07:50,5,1,19
2023010465825,2023,010465825,3,1,1,1,47,8,3,0,0,0,0,0,9,6,E01002141,-1,0,0.0,1.0,-1,6,30,1,1,1,17:30,4,4,9
2023461272733,2023,461272733,1,1,1,1,23,5,3,0,0,0,0,0,9,7,E01024378,3,1,0.0,1.0,-1,6,60,1,5,2,22:37,1,1,9
2023552300533,2023,552300533,1,1,1,2,33,6,3,0,0,0,0,0,9,10,E01015452,-1,0,0.04423,0.95577,-1,6,20,1,1,1,11:08,5,3,9
2023010483058,2023,010483058,2,1,1,1,21,5,3,0,0,0,0,0,3,3,E01004333,-1,0,0.0,1.0,-1,2,30,1,4,1,16:28,7,2,3
2023010420456,2023,010420456,1,1,3,2,21,5,3,1,1,0,0,0,0,2,E01004524,-1,0,0.0,1.0,-1,9,30,9,1,9,16:45,7,1,9
2023010465051,2023,010465051,2,1,3,2,34,6,3,9,9,0,0,0,0,2,E01003502,-1,0,0.0,1.0,-1,3,30,1,4,1,21:15,7,2,9
2023991360403,2023,991360403,1,1,3,2,77,11,3,6,9,0,0,0,0,8,-1,3,1,0.0,1.0,-1,6,20,1,1,1,12:30,6,1,9
2023031300404,2023,031300404,1,1,1,1,81,11,2,0,0,0,0,0,3,9,E01019358,7,1,1.0,0.0,-1,6,60,1,1,1,15:40,2,1,3
2023302300491,2023,302300491,2,1,1,1,21,5,3,0,0,0,0,0,-1,4,E01013503,-1,0,0.12651,0.87349,-1,6,30,1,1,2,15:30,7,2,-1
2023101361897,2023,101361897,1,2,3,1,13,3,3,5,3,0,0,0,0,10,E01027494,3,1,0.0,1.0,-1,6,30,1,1,1,15:30,2,1,9
2023411271434,2023,411271434,2,2,3,2,38,7,3,10,9,0,0,0,0,5,E01023331,3,1,0.0,1.0,-1,6,30,1,1,1,19:54,6,2,9
202354B933323,2023,54B933323,1,1,3,1,59,9,3,1,3,0,0,0,0,9,E01015525,-1,0,0.17478,0.82522,-1,6,30,1,4,1,16:44,6,1,9
2023141363702,2023,141363702,2,1,1,-1,27,6,2,0,0,0,0,0,1,10,E01008044,7,1,1.0,0.0,-1,6,30,1,1,1,07:50,3,2,1
2023010451710,2023,010451710,1,1,1,1,30,6,3,0,0,0,0,0,5,4,E01003034,-1,0,0.0,1.0,-1,6,30,1,1,1,16:30,4,2,5
2023101329527,2023,101329527,1,1,1,2,31,6,3,0,0,0,0,0,9,4,E01027408,3,1,0.0,1.0,-1,3,70,1,1,1,06:25,5,2,9
2023131378004,2023,131378004,2,1,1,2,59,9,3,0,0,0,0,0,9,1,E01011906,3,1,0.0,1.0,-1,6,30,5,1,2,10:00,5,3,9
2023201384670,2023,201384670,2,1,1,2,53,8,3,0,0,0,0,0,9,10,E01010191,3,1,0.0,1.0,-1,6,30,8,1,1,16:38,2,2,9
2023320288753,2023,320288753,1,3,1,1,40,7,2,0,0,0,0,0,9,7,E01026275,-1,0,1.0,0.0,-1,6,60,1,1,1,15:16,6,3,9