collision_index,collision_year,collision_ref_no,vehicle_reference,casualty_reference,casualty_class,sex_of_casualty,age_of_casualty,age_band_of_casualty,casualty_severity,pedestrian_location,pedestrian_movement,car_passenger,bus_or_coach_passenger,pedestrian_road_maintenance_worker,casualty_type,casualty_imd_decile,lsoa_of_casualty,enhanced_casualty_severity,casualty_injury_based,casualty_adjusted_severity_serious,casualty_adjusted_severity_slight,casualty_distance_banding,road_type,speed_limit,weather_conditions,light_conditions,road_surface_conditions,time,day_of_week,number_of_vehicles,vehicle_type
2023131311940,2023,131311940,2,1,1,2,28,6,2,0,0,0,0,0,9,3,E01011532,7,1,1.0,0.0,-1,3,70,1,1,1,19:35,4,2,9
202360A108330,2023,60A108330,1,1,2,2,73,10,2,0,0,2,0,0,9,-1,-1,-1,0,1.0,0.0,-1,1,30,1,1,1,12:30,6,1,9
2023141364574,2023,141364574,1,1,3,2,75,10,3,6,9,0,0,0,0,8,E01007485,3,1,0.0,1.0,-1,6,20,1,1,1,16:30,3,1,-1
2023320369019,2023,320369019,2,1,1,1,20,4,3,0,0,0,0,0,3,2,E01026375,-1,0,0.12587,0.87413,-1,6,30,1,1,1,11:33,6,2,3
2023161311507,2023,161311507,2,1,1,2,55,8,3,0,0,0,0,0,9,8,E01027886,3,1,0.0,1.0,-1,7,70,1,1,1,09:52,5,3,9
2023522300807,2023,522300807,1,1,1,1,36,7,3,0,0,0,0,0,9,7,E01029151,-1,0,0.00304,0.99696,-1,6,40,1,1,1,09:01,3,2,9
2023332300435,2023,332300435,2,1,1,2,82,11,3,0,0,0,0,0,9,7,E01025909,-1,0,0.06058,0.93942,-1,6,60,1,1,1,08:15,4,2,9
2023430354230,2023,430354230,1,1,1,2,25,5,3,0,0,0,0,0,9,6,E01016476,-1,0,0.02338,0.97662,-1,6,30,1,1,1,10:05,4,2,9
2023461376938,2023,461376938,1,1,2,1,24,5,3,0,0,1,0,0,9,4,E01016077,3,1,0.0,1.0,-1,6,60,1,6,1,00:36,7,3,9
202363C013623,2023,63C013623,2,1,1,2,31,6,3,0,0,0,0,0,9,8,W01000580,-1,0,0.09731,0.90269,-1,6,60,1,1,1,16:50,3,2,9
2023221360781,2023,221360781,1,1,3,1,55,8,1,10,9,0,0,0,0,-1,-1,1,1,0.0,0.0,-1,6,60,1,6,1,02:41,1,1,19
2023010479333,2023,010479333,1,1,1,1,21,5,3,0,0,0,0,0,1,2,E01032580,-1,0,0.0,1.0,-1,6,20,1,4,1,22:15,1,2,1
2023010459019,2023,010459019,1,1,1,1,24,5,3,0,0,0,0,0,3,5,E01000505,-1,0,0.0,1.0,-1,7,30,2,1,2,06:44,4,2,3
2023010482146,2023,010482146,1,1,1,1,44,7,3,0,0,0,0,0,9,5,E01001074,-1,0,0.0,1.0,-1,6,20,1,1,2,12:00,6,2,9
2023041377607,2023,041377607,2,4,2,1,21,5,3,0,0,0,0,0,19,6,E01005922,3,1,0.0,1.0,-1,6,60,1,1,1,14:55,5,2,19
2023552300973,2023,552300973,2,1,1,2,52,8,3,0,0,0,0,0,19,4,E01020485,-1,0,0.05977,0.94023,-1,6,50,1,1,2,15:03,4,2,19
2023010454814,2023,010454814,1,1,1,1,61,9,3,0,0,0,0,0,1,10,E01023824,-1,0,0.0,1.0,-1,1,30,1,1,1,18:35,3,1,1
2023122300468,2023,122300468,2,1,1,2,65,9,2,0,0,0,0,0,1,9,E01027663,-1,0,1.0,0.0,-1,6,30,1,1,1,18:07,3,2,1
2023141339327,2023,141339327,2,1,1,1,68,10,2,0,0,0,0,0,5,2,E01007579,7,1,1.0,0.0,-1,3,40,1,1,1,09:55,3,2,5
2023041451590,2023,041451590,1,2,2,2,25,5,3,0,0,1,0,0,9,2,E01025263,3,1,0.0,1.0,-1,6,20,1,1,1,15:50,6,2,9
2023411364541,2023,411364541,1,1,1,1,31,6,3,0,0,0,0,0,9,1,E01020984,3,1,0.0,1.0,-1,3,70,1,4,1,23:05,7,3,9
2023421262238,2023,421262238,1,1,1,1,43,7,3,0,0,0,0,0,9,10,E01021605,3,1,0.0,1.0,-1,6,40,2,6,2,03:32,5,1,9
2023461341480,2023,461341480,1,6,2,1,15,3,3,0,0,1,0,0,9,5,E01024205,3,1,0.0,1.0,-1,7,60,1,1,1,18:35,1,2,9
2023010433086,2023,010433086,2,1,1,1,27,6,3,0,0,0,0,0,1,2,E01001773,-1,0,0.0,1.0,-1,6,20,1,4,1,18:23,1,2,1
2023010479383,2023,010479383,1,1,1,2,54,8,3,0,0,0,0,0,9,8,E01001390,-1,0,0.0,1.0,-1,3,30,1,4,1,19:20,3,2,9
2023430346219,2023,430346219,2,1,1,1,27,6,3,0,0,0,0,0,1,9,E01028535,-1,0,0.0647,0.9353,-1,6,30,1,1,1,06:30,6,2,1
2023010429065,2023,010429065,1,1,1,1,35,6,3,0,0,0,0,0,3,4,E01033579,-1,0,0.0,1.0,-1,9,20,1,1,1,10:01,7,2,3
2023061352352,2023,061352352,2,2,1,2,50,8,3,0,0,0,0,0,9,1,E01005317,3,1,0.0,1.0,-1,6,30,1,1,1,17:45,6,2,9
2023201421684,2023,201421684,1,2,1,2,45,7,3,0,0,0,0,0,9,7,E01010027,3,1,0.0,1.0,-1,6,30,1,6,2,16:00,6,2,9
2023320708130,2023,320708130,1,1,2,2,46,8,2,0,0,2,0,0,9,-1,-1,-1,0,1.0,0.0,-1,6,60,1,6,1,18:30,4,1,9
2023471381103,2023,471381103,2,2,1,2,30,6,2,0,0,0,0,0,9,4,E01031455,5,1,1.0,0.0,-1,1,30,1,4,1,17:50,5,2,9
2023501274547,2023,501274547,1,1,3,1,10,2,2,5,2,0,0,0,0,3,E01015063,7,1,1.0,0.0,-1,6,30,1,1,1,17:10,3,1,19
2023991370197,2023,991370197,1,1,3,2,50,8,2,6,9,0,0,0,0,-1,-1,5,1,1.0,0.0,-1,6,20,1,4,2,18:55,5,2,9
2023201284924,2023,201284924,1,1,3,2,61,9,3,6,9,0,0,0,0,5,E01009779,3,1,0.0,1.0,-1,6,30,1,1,1,14:45,3,1,9
2023131348600,2023,131348600,1,1,2,2,59,9,3,0,0,1,0,0,8,1,E01010967,3,1,0.0,1.0,-1,6,30,1,1,1,15:30,5,1,8
2023201363667,2023,201363667,1,3,2,2,45,7,3,0,0,1,0,0,9,1,E01009174,3,1,0.0,1.0,-1,6,30,8,4,1,00:37,2,4,9
2023451387448,2023,451387448,2,1,1,1,33,6,3,0,0,0,0,0,9,9,E01030545,3,1,0.0,1.0,-1,6,50,2,6,2,18:00,3,2,9
2023471277323,2023,471277323,1,1,1,1,20,4,1,0,0,0,0,0,9,9,E01031623,1,1,0.0,0.0,-1,6,60,1,6,2,21:31,5,1,9
2023010473972,2023,010473972,1,1,3,1,53,8,3,4,1,0,0,0,0,5,E01002302,-1,0,0.0,1.0,-1,6,20,1,1,1,14:46,4,1,11
2023311268452,2023,311268452,2,1,1,1,26,6,2,0,0,0,0,0,3,9,E01028360,5,1,1.0,0.0,-1,6,30,1,4,2,19:32,4,2,3
2023010422307,2023,010422307,1,1,1,1,41,7,3,0,0,0,0,0,9,9,E01002364,-1,0,0.0,1.0,-1,6,30,2,1,2,15:46,5,2,9
2023041360620,2023,041360620,2,2,2,2,50,8,2,0,0,2,0,0,9,1,E01013691,5,1,1.0,0.0,-1,6,50,1,1,1,16:54,7,2,9
2023122300907,2023,122300907,1,1,1,2,60,9,3,0,0,0,0,0,9,7,E01027646,-1,0,0.06142,0.93858,-1,6,60,1,1,1,10:14,5,2,9
2023351286498,2023,351286498,1,2,2,2,27,6,3,0,0,-1,0,0,9,8,E01018166,3,1,0.0,1.0,-1,6,60,3,1,2,12:38,4,1,9
2023440259690,2023,440259690,2,1,1,2,91,11,2,0,0,0,0,0,9,9,E01022879,-1,0,1.0,0.0,-1,6,50,1,1,1,11:37,5,2,9
2023548879523,2023,548879523,2,1,1,2,39,7,3,0,0,0,0,0,9,5,E01015571,-1,0,0.02629,0.97371,-1,3,40,1,1,1,14:59,3,2,9
2023461378142,2023,461378142,2,1,1,1,38,7,3,0,0,0,0,0,9,3,E01016045,3,1,0.0,1.0,-1,6,30,1,4,2,19:40,7,2,9
2023071232592,2023,071232592,1,1,1,1,62,9,3,0,0,0,0,0,9,4,E01018639,-1,0,0.12204,0.87796,-1,6,50,9,6,4,00:34,4,1,9
2023991266155,2023,991266155,2,2,2,2,36,7,3,0,0,1,0,0,9,7,-1,3,1,0.0,1.0,-1,6,30,8,4,4,18:37,6,3,9
2023061353633,2023,061353633,2,1,1,1,26,6,3,0,0,0,0,0,9,2,E01005383,3,1,0.0,1.0,-1,6,20,1,1,1,14:31,2,2,9
2023101353302,2023,101353302,3,1,1,2,21,5,3,0,0,0,0,0,9,4,E01008483,3,1,0.0,1.0,-1,6,30,8,1,2,12:42,7,3,9
2023501341143,2023,501341143,2,1,1,1,27,6,3,0,0,0,0,0,9,2,E01020216,3,1,0.0,1.0,-1,3,30,1,1,1,09:50,7,2,9
202363A007023,2023,63A007023,1,1,1,1,26,6,2,0,0,0,0,0,9,9,W01000845,-1,0,1.0,0.0,-1,6,60,8,1,2,13:00,4,1,9
2023010482810,2023,010482810,1,1,3,2,35,6,3,8,7,0,0,0,0,4,E01000170,-1,0,0.0,1.0,-1,6,30,1,1,2,10:45,6,1,11
2023421268946,2023,421268946,1,1,3,1,8,2,3,5,4,0,0,0,0,5,E01033719,3,1,0.0,1.0,-1,6,30,1,1,1,15:25,6,1,9
2023552300850,2023,552300850,1,1,3,1,13,3,2,5,2,0,0,0,0,6,E01015358,-1,0,1.0,0.0,-1,6,30,1,1,1,07:58,6,1,9
202363A001423,2023,63A001423,1,1,3,1,94,11,2,10,9,0,0,0,0,3,W01000732,-1,0,1.0,0.0,-1,2,20,3,4,2,16:55,6,1,90
2023010444488,2023,010444488,2,1,1,1,26,6,3,0,0,0,0,0,1,-1,-1,-1,0,0.0,1.0,-1,6,20,1,1,1,20:40,2,2,1
2023131280419,2023,131280419,2,1,1,1,18,4,3,0,0,0,0,0,9,9,E01011937,3,1,0.0,1.0,-1,6,30,1,1,1,08:00,6,4,9
2023991332240,2023,991332240,3,1,1,2,30,6,3,0,0,0,0,0,9,3,-1,3,1,0.0,1.0,-1,3,30,1,1,1,16:15,7,3,9
2023010463177,2023,010463177,2,1,1,2,39,7,3,0,0,0,0,0,9,1,E01002082,-1,0,0.0,1.0,-1,6,20,1,1,1,15:15,4,2,9
2023501318299,2023,501318299,1,1,1,2,22,5,3,0,0,0,0,0,9,5,E01015070,3,1,0.0,1.0,-1,6,60,1,1,1,15:18,2,2,9
2023991293358,2023,991293358,1,1,1,1,51,8,3,0,0,0,0,0,9,3,-1,3,1,0.0,1.0,-1,6,30,1,4,1,21:30,2,1,9
2023440162533,2023,440162533,1,2,2,1,42,7,3,0,0,2,0,0,9,-1,-1,-1,0,0.07047,0.92953,-1,6,40,1,4,1,23:27,3,2,9
2023041288053,2023,041288053,1,1,1,1,33,6,2,0,0,0,0,0,19,4,E01005507,7,1,1.0,0.0,-1,6,50,2,4,2,23:16,6,1,19
2023991312434,2023,991312434,1,1,1,1,62,9,2,0,0,0,0,0,5,3,-1,7,1,1.0,0.0,-1,6,60,1,1,1,10:00,5,1,5
2023471373098,2023,471373098,1,2,3,2,29,6,3,10,9,0,0,0,0,8,E01031603,3,1,0.0,1.0,-1,6,30,1,1,2,17:00,2,1,9
2023211367658,2023,211367658,2,1,1,1,37,7,3,0,0,0,0,0,9,2,E01013483,3,1,0.0,1.0,-1,1,30,2,4,-1,18:30,4,2,9
2023430127739,2023,430127739,1,1,1,2,39,7,3,0,0,0,0,0,9,5,E01016240,-1,0,0.0401,0.9599,-1,6,30,1,1,1,16:15,4,3,9
2023451312034,2023,451312034,1,1,1,1,56,9,2,0,0,0,0,0,3,7,E01030515,7,1,1.0,0.0,-1,6,40,1,1,1,06:30,7,2,3
2023131258881,2023,131258881,1,2,2,1,14,3,3,0,0,1,0,0,9,3,E01010871,3,1,0.0,1.0,-1,1,30,1,4,2,01:11,3,2,9
2023161352593,2023,161352593,1,1,1,1,90,11,3,0,0,0,0,0,9,10,E01012978,3,1,0.0,1.0,-1,6,30,1,1,1,11:15,5,5,9
2023332301291,2023,332301291,2,1,1,2,22,5,3,0,0,0,0,0,9,5,E01025673,-1,0,0.00765,0.99235,-1,1,50,8,1,1,08:50,6,2,9
2023010474573,2023,010474573,1,1,1,1,34,6,3,0,0,0,0,0,3,4,E01000113,-1,0,0.0,1.0,-1,6,30,2,4,2,18:00,7,2,3
2023451371852,2023,451371852,1,1,1,1,20,4,2,0,0,0,0,0,3,8,E01004160,7,1,1.0,0.0,-1,1,40,1,4,1,21:10,3,2,3
2023161317368,2023,161317368,1,1,1,1,33,6,1,0,0,0,0,0,5,4,E01013003,1,1,0.0,0.0,-1,6,60,1,1,1,14:15,1,2,5
2023302301408,2023,302301408,2,1,1,1,56,9,3,0,0,0,0,0,5,7,E01019713,-1,0,0.1941,0.8059,-1,6,30,1,1,1,17:50,7,2,5
2023010424717,2023,010424717,1,1,1,1,35,6,3,0,0,0,0,0,9,3,E01004303,-1,0,0.0,1.0,-1,3,30,1,1,1,10:16,7,2,9
2023320552269,2023,320552269,1,1,2,2,15,3,3,0,0,2,0,0,9,2,E01026095,-1,0,0.05491,0.94509,-1,6,30,1,1,1,14:42,3,4,9
2023520300580,2023,520300580,3,2,1,1,47,8,3,0,0,0,0,0,19,6,E01017261,-1,0,0.02732,0.97268,-1,6,60,1,1,1,12:40,3,4,19
2023471295784,2023,471295784,2,2,1,1,45,7,3,0,0,0,0,0,9,8,E01031655,3,1,0.0,1.0,-1,6,60,1,1,2,08:00,4,2,9
2023161387822,2023,161387822,1,1,3,2,-1,-1,3,5,3,0,0,2,0,-1,-1,3,1,0.0,1.0,-1,6,30,1,1,1,17:46,4,1,9
2023071093595,2023,071093595,1,1,1,2,50,8,3,0,0,0,0,0,9,5,E01018480,-1,0,0.03777,0.96223,-1,6,30,1,4,2,20:04,6,2,9
2023430083136,2023,430083136,2,1,1,2,51,8,3,0,0,0,0,0,9,8,E01016190,-1,0,0.07411,0.92589,-1,6,60,1,1,2,08:55,5,3,9
2023991294521,2023,991294521,1,2,2,1,18,4,2,0,0,0,0,0,3,-1,-1,7,1,1.0,0.0,-1,6,30,1,1,1,17:56,5,1,3
2023010475795,2023,010475795,1,1,1,2,23,5,3,0,0,0,0,0,9,4,E01001252,-1,0,0.0,1.0,-1,6,30,8,4,2,00:37,7,2,9
2023010481651,2023,010481651,1,1,2,2,40,7,3,0,0,1,0,0,9,3,E01000137,-1,0,0.0,1.0,-1,6,30,1,4,4,00:02,1,2,9
2023031343548,2023,031343548,1,1,1,1,49,8,3,0,0,0,0,0,9,-1,-1,3,1,0.0,1.0,-1,9,20,1,4,1,19:00,7,2,9
2023070383503,2023,070383503,2,2,2,1,5,1,3,0,0,2,0,0,9,-1,-1,-1,0,0.02764,0.97236,-1,6,60,2,1,2,16:32,7,2,9
2023111395756,2023,111395756,1,1,1,1,25,5,3,0,0,0,0,0,9,2,E01020689,3,1,0.0,1.0,-1,6,30,4,1,1,10:28,5,3,9
2023131333991,2023,131333991,2,1,1,1,31,6,3,0,0,0,0,0,9,1,E01011360,3,1,0.0,1.0,-1,3,40,1,1,1,16:36,4,2,9
2023201340170,2023,201340170,2,1,1,1,31,6,3,0,0,0,0,0,1,5,E01009616,3,1,0.0,1.0,-1,6,30,1,1,1,20:38,1,2,1
2023451342075,2023,451342075,2,1,1,1,44,7,2,0,0,0,0,0,1,10,E01030535,7,1,1.0,0.0,-1,6,40,1,1,1,15:45,1,2,1
2023501289098,2023,501289098,2,1,1,1,51,8,2,0,0,0,0,0,3,8,E01020054,7,1,1.0,0.0,-1,1,30,1,1,2,07:35,3,2,3
2023161288288,2023,161288288,2,1,1,1,57,9,3,0,0,0,0,0,1,2,E01013237,3,1,0.0,1.0,-1,6,30,1,1,1,15:10,7,2,1
2023451396136,2023,451396136,2,1,1,2,78,11,2,0,0,0,0,0,22,10,E01030627,7,1,1.0,0.0,-1,6,30,1,4,1,16:00,4,2,22
2023070467575,2023,070467575,2,1,1,1,81,11,3,0,0,0,0,0,4,-1,-1,-1,0,0.2623,0.7377,-1,3,60,1,1,1,19:54,4,2,4
2023351359845,2023,351359845,2,1,1,2,45,7,3,0,0,0,0,0,9,2,E01015599,3,1,0.0,1.0,-1,6,30,1,1,1,08:30,2,2,9
2023131279422,2023,131279422,1,1,3,1,14,3,2,5,1,0,0,2,0,1,E01011426,7,1,1.0,0.0,-1,6,30,8,1,1,11:45,4,2,9
2023501284659,2023,501284659,2,1,1,1,22,5,3,0,0,0,0,0,1,9,E01000346,3,1,0.0,1.0,-1,6,30,2,1,2,17:22,4,2,1
2023531278466,2023,531278466,1,1,1,1,31,6,2,0,0,0,0,0,5,10,E01017930,7,1,1.0,0.0,-1,6,50,1,1,1,14:20,2,2,5
2023311367975,2023,311367975,1,1,1,2,49,8,3,0,0,0,0,0,9,9,E01019683,3,1,0.0,1.0,-1,1,30,1,1,1,14:17,7,2,9
2023170M20883,2023,170M20883,2,1,1,1,30,6,3,0,0,0,0,0,90,-1,-1,-1,0,0.08226,0.91774,-1,6,30,1,1,1,12:35,5,2,90
2023302301863,2023,302301863,2,1,1,2,29,6,3,0,0,0,0,0,9,7,E01025946,-1,0,0.05212,0.94788,-1,1,60,1,4,1,16:55,7,2,9
2023440020948,2023,440020948,2,1,1,2,38,7,3,0,0,0,0,0,9,4,E01017104,-1,0,0.07337,0.92663,-1,3,70,1,4,2,18:21,2,2,9
2023401319313,2023,401319313,2,1,1,2,38,7,3,0,0,0,0,0,9,8,E01017461,3,1,0.0,1.0,-1,6,20,1,1,1,16:17,6,2,9
2023622300476,2023,622300476,2,4,2,2,13,3,3,0,0,2,0,0,9,7,W01000984,-1,0,0.03283,0.96717,-1,3,40,1,1,1,10:52,7,2,9
2023010440301,2023,010440301,1,1,1,2,28,6,3,0,0,0,0,0,9,5,E01021773,-1,0,0.0,1.0,-1,6,20,1,4,1,00:17,1,2,9
2023461285274,2023,461285274,2,1,1,1,48,8,3,0,0,0,0,0,9,8,E01000680,3,1,0.0,1.0,-1,6,60,1,1,1,11:48,1,2,9
2023311272336,2023,311272336,2,1,1,1,20,4,3,0,0,0,0,0,1,1,E01027956,3,1,0.0,1.0,-1,6,30,1,1,1,15:00,6,2,1
2023010454065,2023,010454065,1,1,1,1,36,7,3,0,0,0,0,0,9,-1,-1,-1,0,0.0,1.0,-1,6,30,4,4,1,22:08,7,1,9
2023371270569,2023,371270569,2,1,1,1,57,9,3,0,0,0,0,0,9,3,E01030010,3,1,0.0,1.0,-1,6,60,1,1,2,13:00,1,2,9
2023520400812,2023,520400812,1,1,1,2,31,6,3,0,0,0,0,0,9,7,E01029018,-1,0,0.03118,0.96882,-1,6,60,1,1,2,09:00,5,2,9
2023010454791,2023,010454791,1,1,1,1,24,5,3,0,0,0,0,0,9,2,E01001055,-1,0,0.0,1.0,-1,3,30,1,1,1,12:00,4,4,9
2023991288033,2023,991288033,1,1,1,1,21,5,2,0,0,0,0,0,1,2,-1,7,1,1.0,0.0,-1,6,20,1,4,2,19:14,6,2,1
2023461305799,2023,461305799,2,1,2,1,35,6,3,0,0,0,0,0,19,9,E01024814,3,1,0.0,1.0,-1,6,30,1,6,1,22:12,6,3,19
2023991289154,2023,991289154,1,1,1,1,40,7,3,0,0,0,0,0,19,5,-1,3,1,0.0,1.0,-1,6,60,1,1,1,13:05,3,3,19
2023010439549,2023,010439549,2,1,1,2,29,6,3,0,0,0,0,0,1,1,E01003921,-1,0,0.0,1.0,-1,6,20,1,1,1,06:55,4,2,1
2023031358264,2023,031358264,2,1,1,1,41,7,2,0,0,0,0,0,1,9,E01019287,7,1,1.0,0.0,-1,6,40,1,1,2,17:00,1,2,1
2023010461825,2023,010461825,1,1,1,1,29,6,3,0,0,0,0,0,3,3,E01001832,-1,0,0.0,1.0,-1,9,20,1,4,1,21:24,2,2,3
2023031304163,2023,031304163,1,1,1,1,52,8,3,0,0,0,0,0,9,1,-1,3,1,0.0,1.0,-1,3,70,1,6,1,01:55,6,2,9
2023461344828,2023,461344828,2,2,2,2,20,4,3,0,0,1,0,0,9,2,E01016117,3,1,0.0,1.0,-1,6,30,1,1,1,13:30,7,2,9
2023201286034,2023,201286034,1,1,3,1,52,8,3,5,1,0,0,2,0,4,E01010323,3,1,0.0,1.0,-1,6,30,1,1,1,14:21,7,1,9
2023552300754,2023,552300754,1,1,3,1,9,2,3,5,2,0,0,0,0,6,E01020471,-1,0,0.07677,0.92323,-1,6,30,1,1,1,11:50,1,1,9
2023010469704,2023,010469704,2,1,1,2,34,6,2,0,0,0,0,0,1,10,E01002934,-1,0,1.0,0.0,-1,6,20,1,1,1,08:45,3,3,1
2023041304040,2023,041304040,2,1,2,2,58,9,2,0,0,1,0,0,9,-1,-1,6,1,1.0,0.0,-1,3,70,1,1,1,19:30,4,2,9
2023131292967,2023,131292967,1,1,1,1,50,8,3,0,0,0,0,0,9,1,E01011134,3,1,0.0,1.0,-1,6,30,1,1,1,16:11,1,2,9
2023231370115,2023,231370115,2,1,2,1,20,4,3,0,0,1,0,0,9,-1,-1,3,1,0.0,1.0,-1,1,60,1,1,1,13:15,5,2,9
2023421267633,2023,421267633,2,1,1,1,21,5,3,0,0,0,0,0,9,8,E01021544,3,1,0.0,1.0,-1,6,60,1,6,1,23:37,3,2,9
2023471308467,2023,471308467,1,1,1,2,81,11,3,0,0,0,0,0,9,8,E01021163,3,1,0.0,1.0,-1,6,30,1,1,1,11:40,4,1,9
2023531398335,2023,531398335,2,1,1,2,36,7,3,0,0,0,0,0,9,1,E01022122,3,1,0.0,1.0,-1,6,30,1,4,2,19:59,5,2,9
2023131348616,2023,131348616,3,2,1,1,28,6,3,0,0,0,0,0,21,2,E01011900,3,1,0.0,1.0,-1,3,70,1,1,1,08:53,5,3,21
2023401380349,2023,401380349,2,2,1,2,45,7,3,0,0,0,0,0,9,9,E01017415,3,1,0.0,1.0,-1,6,50,5,6,2,18:27,1,2,9
2023070671236,2023,070671236,1,1,3,2,7,2,2,10,9,0,0,0,0,9,E01018442,-1,0,1.0,0.0,-1,3,30,1,1,1,16:13,2,1,9
2023201279193,2023,201279193,1,1,3,2,52,8,2,7,3,0,0,0,0,8,E01009252,6,1,1.0,0.0,-1,6,30,1,1,1,14:33,5,1,9
2023411394269,2023,411394269,1,1,3,1,50,8,3,5,1,0,0,0,0,10,E01023741,3,1,0.0,1.0,-1,6,30,1,4,2,22:15,5,1,9
2023131341116,2023,131341116,1,1,1,1,44,7,3,0,0,0,0,0,9,1,E01011332,3,1,0.0,1.0,-1,3,40,1,4,1,00:37,7,1,9
2023010432525,2023,010432525,1,1,3,1,3,1,3,6,9,0,0,0,0,1,E01032575,-1,0,0.0,1.0,-1,6,20,1,1,1,14:15,5,1,11
2023010485723,2023,010485723,1,2,3,2,33,6,3,6,9,0,0,0,0,-1,-1,-1,0,0.0,1.0,-1,6,20,1,1,1,12:38,7,1,1
2023052302996,2023,052302996,2,1,1,1,22,5,2,0,0,0,0,0,1,1,E01006648,-1,0,1.0,0.0,-1,3,30,1,1,1,12:20,1,2,1
2023520400476,2023,520400476,1,1,1,1,20,4,3,0,0,0,0,0,9,-1,-1,-1,0,0.04183,0.95817,-1,6,60,1,1,1,08:05,2,2,9
2023421392880,2023,421392880,2,1,1,1,20,4,3,0,0,0,0,0,-1,4,E01021365,3,1,0.0,1.0,-1,1,30,4,4,2,22:40,5,2,-1
2023991295345,2023,991295345,2,1,1,1,49,8,3,0,0,0,0,0,90,2,-1,3,1,0.0,1.0,-1,3,50,1,1,1,08:55,3,2,90
2023010459520,2023,010459520,1,1,3,2,33,6,3,1,1,0,0,0,0,3,E01003035,-1,0,0.0,1.0,-1,3,30,2,1,2,13:46,3,1,9
2023421263613,2023,421263613,1,1,3,1,23,5,2,5,1,0,0,0,0,9,E01023439,5,1,1.0,0.0,-1,3,70,1,6,1,21:56,1,1,21
2023141279815,2023,141279815,2,1,1,1,11,3,3,0,0,0,0,0,1,6,E01032551,3,1,0.0,1.0,-1,6,30,1,1,1,16:42,4,2,1
2023010444168,2023,010444168,1,1,1,1,38,7,3,0,0,0,0,0,3,4,E01003573,-1,0,0.0,1.0,-1,9,20,1,1,1,15:45,7,2,3
2023471290905,2023,471290905,2,1,1,1,61,9,3,0,0,0,0,0,5,-1,-1,3,1,0.0,1.0,-1,3,30,1,1,1,11:45,1,2,5
2023440044921,2023,440044921,1,1,1,2,19,4,3,0,0,0,0,0,9,3,E01017299,-1,0,0.07863,0.92137,-1,6,60,1,1,1,14:47,5,1,9
2023520301739,2023,520301739,1,1,3,2,-1,-1,3,6,9,0,0,0,0,-1,-1,-1,0,0.0127,0.9873,-1,6,30,2,1,2,08:45,2,1,9
2023052302725,2023,052302725,1,1,1,1,13,3,3,0,0,0,0,0,1,1,E01006443,-1,0,0.16723,0.83277,-1,6,30,1,1,1,08:25,3,2,1
2023440051089,2023,440051089,2,2,1,1,39,7,2,0,0,0,0,0,1,3,E01022732,-1,0,1.0,0.0,-1,6,40,8,4,2,20:24,2,2,1
2023010450949,2023,010450949,1,4,2,-1,82,11,3,0,0,1,0,0,9,3,E01001938,-1,0,0.0,1.0,-1,6,20,1,1,1,16:45,3,2,9
2023320052946,2023,320052946,2,1,1,2,40,7,3,0,0,0,0,0,9,10,E01032990,-1,0,0.00562,0.99438,-1,6,30,9,1,1,13:30,3,2,9
2023010431581,2023,010431581,1,1,2,2,43,7,3,0,0,1,0,0,9,1,E01002280,-1,0,0.0,1.0,-1,6,30,1,1,1,11:20,7,2,9
2023351298806,2023,351298806,1,1,1,2,28,6,3,0,0,0,0,0,9,6,E01018170,3,1,0.0,1.0,-1,6,30,1,1,1,15:32,5,2,9
2023010420914,2023,010420914,1,1,1,1,25,5,3,0,0,0,0,0,3,2,E01003634,-1,0,0.0,1.0,-1,9,30,9,1,9,14:55,4,2,3
2023549974423,2023,549974423,2,2,1,2,48,8,3,0,0,0,0,0,9,6,E01032078,-1,0,0.03023,0.96977,-1,3,30,2,1,2,08:36,4,3,9
2023010480247,2023,010480247,1,1,1,2,20,4,3,0,0,0,0,0,19,-1,-1,-1,0,0.0,1.0,-1,1,20,1,1,1,09:25,1,2,19
2023041326141,2023,041326141,1,1,3,1,8,2,2,10,9,0,0,0,0,1,E01024875,7,1,1.0,0.0,-1,6,20,1,1,1,17:42,7,1,1
2023010433973,2023,010433973,1,1,1,1,48,8,3,0,0,0,0,0,1,3,E01002070,-1,0,0.0,1.0,-1,6,20,1,1,1,07:55,6,2,1
2023010437900,2023,010437900,2,2,1,1,27,6,2,0,0,0,0,0,3,2,E01003298,-1,0,1.0,0.0,-1,6,30,1,1,1,16:00,2,3,3
2023430200522,2023,430200522,1,1,1,2,38,7,3,0,0,0,0,0,3,4,E01033415,-1,0,0.05446,0.94554,-1,6,30,1,4,1,21:00,1,2,3
2023010458096,2023,010458096,1,1,1,1,18,4,3,0,0,0,0,0,3,4,E01001087,-1,0,0.0,1.0,-1,7,30,2,4,2,23:00,1,2,3
2023010427574,2023,010427574,1,1,1,1,24,5,3,0,0,0,0,0,9,6,E01004726,-1,0,0.0,1.0,-1,6,20,1,4,1,20:40,5,2,9
2023052301984,2023,052301984,2,1,1,1,72,10,3,0,0,0,0,0,9,1,E01007089,-1,0,0.02665,0.97335,-1,3,30,1,1,1,12:10,4,2,9
2023061308247,2023,061308247,2,1,1,2,25,5,3,0,0,0,0,0,9,4,E01005834,3,1,0.0,1.0,-1,6,30,1,1,1,19:25,5,2,9