collision_index,collision_year,collision_ref_no,vehicle_reference,casualty_reference,casualty_class,sex_of_casualty,age_of_casualty,age_band_of_casualty,casualty_severity,pedestrian_location,pedestrian_movement,car_passenger,bus_or_coach_passenger,pedestrian_road_maintenance_worker,casualty_type,casualty_imd_decile,lsoa_of_casualty,enhanced_casualty_severity,casualty_injury_based,casualty_adjusted_severity_serious,casualty_adjusted_severity_slight,casualty_distance_banding,road_type,speed_limit,weather_conditions,light_conditions,road_surface_conditions,time,day_of_week,number_of_vehicles,vehicle_type
2023070519040,2023,070519040,2,4,2,1,13,3,3,0,0,2,0,0,9,3,E01018378,-1,0,0.01573,0.98427,-1,6,30,1,1,1,08:18,5,3,9
2023131377722,2023,131377722,2,2,1,1,58,9,3,0,0,0,0,0,9,2,E01007464,3,1,0.0,1.0,-1,6,40,1,1,2,13:16,4,2,9
2023141365692,2023,141365692,1,1,1,1,56,9,3,0,0,0,0,0,9,-1,-1,3,1,0.0,1.0,-1,6,30,1,4,1,00:45,1,6,9
2023340WN3722,2023,340WN3722,2,1,1,2,39,7,3,0,0,0,0,0,9,5,E01027145,-1,0,0.00402,0.99598,-1,6,30,1,1,1,20:15,2,2,9
2023101346241,2023,101346241,2,1,1,1,35,6,2,0,0,0,0,0,9,5,E01033715,7,1,1.0,0.0,-1,6,60,1,1,1,13:55,5,3,9
2023010461845,2023,010461845,1,1,1,1,43,7,3,0,0,0,0,0,1,3,E01004426,-1,0,0.0,1.0,-1,6,20,1,1,1,13:10,3,2,1
2023070226619,2023,070226619,2,2,2,2,63,9,3,0,0,2,0,0,9,-1,-1,-1,0,0.00785,0.99215,-1,6,30,2,1,2,12:05,6,2,9
2023501348750,2023,501348750,1,1,1,1,19,4,3,0,0,0,0,0,9,-1,-1,3,1,0.0,1.0,-1,6,60,1,1,1,21:29,1,1,9
2023531315676,2023,531315676,2,3,2,2,37,7,3,0,0,2,0,0,9,5,E01006474,3,1,0.0,1.0,-1,3,70,1,1,1,17:35,1,2,9
2023010476521,2023,010476521,1,1,2,2,40,7,3,0,0,0,4,0,11,5,E01000071,-1,0,0.0,1.0,-1,6,30,1,1,1,14:06,3,1,11
2023430203618,2023,430203618,1,1,3,1,10,2,3,5,4,0,0,0,0,6,E01028631,-1,0,0.11967,0.88033,-1,6,30,1,1,1,15:33,4,1,9
2023546319323,2023,546319323,1,1,1,2,65,9,2,0,0,0,0,0,1,-1,-1,-1,0,1.0,0.0,-1,6,60,1,1,1,12:42,6,2,1
2023010463873,2023,010463873,1,1,1,2,74,10,3,0,0,0,0,0,9,2,E01000103,-1,0,0.0,1.0,-1,3,40,1,1,1,14:30,1,2,9
2023010473864,2023,010473864,2,3,2,2,48,8,2,0,0,1,0,0,9,-1,-1,-1,0,1.0,0.0,-1,3,30,1,4,1,22:05,3,3,9
2023010480771,2023,010480771,1,2,2,1,41,7,3,0,0,1,0,0,9,2,E01003290,-1,0,0.0,1.0,-1,6,20,1,4,1,20:30,3,2,9
2023070777700,2023,070777700,1,2,2,2,28,6,3,0,0,1,0,0,9,10,E01018695,-1,0,0.04283,0.95717,-1,6,30,1,1,1,15:20,1,2,9
2023440420797,2023,440420797,1,1,1,1,27,6,3,0,0,0,0,0,-1,2,E01017098,-1,0,0.07796,0.92204,-1,6,30,1,1,1,12:22,6,2,-1
2023061389574,2023,061389574,2,3,2,2,14,3,3,0,0,2,0,0,9,3,E01005208,3,1,0.0,1.0,-1,6,30,1,4,1,16:40,2,2,9
2023141338286,2023,141338286,1,1,1,2,33,6,3,0,0,0,0,0,9,-1,-1,3,1,0.0,1.0,-1,3,20,1,1,1,18:00,6,2,9
2023552300804,2023,552300804,3,1,2,1,87,11,3,0,0,1,0,0,9,3,E01015426,-1,0,0.12335,0.87665,-1,6,40,1,1,1,11:40,5,4,9
2023991302420,2023,991302420,1,1,1,1,20,4,3,0,0,0,0,0,9,9,-1,3,1,0.0,1.0,-1,6,30,1,1,1,17:00,2,3,9
2023311267479,2023,311267479,1,1,3,2,40,7,3,5,3,0,0,0,0,-1,-1,3,1,0.0,1.0,-1,6,30,1,1,1,12:48,3,1,9
2023430468487,2023,430468487,1,1,3,1,81,11,2,6,9,0,0,0,0,10,E01028489,-1,0,1.0,0.0,-1,6,30,1,1,1,09:56,4,1,9
2023311263136,2023,311263136,1,1,1,2,46,8,3,0,0,0,0,0,9,1,E01028261,3,1,0.0,1.0,-1,6,40,1,4,1,16:50,6,2,9
2023361316994,2023,361316994,2,2,1,1,23,5,3,0,0,0,0,0,9,1,E01026624,3,1,0.0,1.0,-1,6,60,1,1,1,10:12,6,2,9
2023440238822,2023,440238822,1,2,2,1,37,7,3,0,0,0,0,0,20,6,E01017092,-1,0,0.06692,0.93308,-1,6,30,1,1,1,11:33,6,2,20
2023061286797,2023,061286797,1,1,3,2,12,3,3,5,3,0,0,0,0,1,E01005132,3,1,0.0,1.0,-1,6,30,1,1,2,16:00,3,1,19
2023501350839,2023,501350839,1,2,3,2,32,6,3,9,9,0,0,0,0,2,E01018984,3,1,0.0,1.0,-1,6,40,9,1,1,11:50,3,1,1
2023211344567,2023,211344567,2,1,1,1,35,6,3,0,0,0,0,0,3,5,E01029374,3,1,0.0,1.0,-1,1,30,1,1,1,06:20,4,2,3
2023041335834,2023,041335834,2,1,1,1,41,7,3,0,0,0,0,0,9,1,E01025188,3,1,0.0,1.0,-1,1,30,2,1,2,16:18,1,2,9
2023430052474,2023,430052474,1,1,1,1,23,5,2,0,0,0,0,0,9,-1,-1,-1,0,1.0,0.0,-1,6,60,1,1,1,07:51,6,1,9
202354C009723,2023,54C009723,1,1,1,2,20,4,3,0,0,0,0,0,9,8,E01032077,-1,0,0.02282,0.97718,-1,1,60,2,1,2,12:23,2,2,9
2023141260880,2023,141260880,5,2,2,2,37,7,2,0,0,1,0,0,9,1,E01026127,7,1,1.0,0.0,-1,3,70,1,1,1,15:47,1,5,9
2023320552686,2023,320552686,1,1,1,1,20,4,3,0,0,0,0,0,9,3,E01026024,-1,0,0.12157,0.87843,-1,6,60,1,6,1,22:05,3,1,9
2023451370024,2023,451370024,1,1,2,1,39,7,3,0,0,1,0,0,9,7,E01030451,3,1,0.0,1.0,-1,3,70,8,4,2,01:25,5,1,9
2023201298190,2023,201298190,1,1,1,1,19,4,3,0,0,0,0,0,9,2,E01010555,3,1,0.0,1.0,-1,6,30,8,4,1,00:10,7,1,9
2023440094954,2023,440094954,1,1,1,2,28,6,3,0,0,0,0,0,9,5,E01022579,-1,0,0.01395,0.98605,-1,1,40,2,5,2,19:15,4,2,9
2023440155052,2023,440155052,1,1,1,1,41,7,3,0,0,0,0,0,9,9,E01022496,-1,0,0.11508,0.88492,-1,6,60,1,1,2,19:10,5,2,9
2023010431427,2023,010431427,1,1,2,1,38,7,3,0,0,0,3,0,11,2,E01001372,-1,0,0.0,1.0,-1,6,20,1,1,1,14:20,6,1,11
2023041360358,2023,041360358,2,3,2,1,19,4,3,0,0,2,0,0,9,3,E01025366,3,1,0.0,1.0,-1,6,40,2,4,2,20:45,6,2,9
2023161387888,2023,161387888,3,1,1,1,25,5,3,0,0,0,0,0,9,2,E01012871,3,1,0.0,1.0,-1,6,60,1,1,2,14:52,4,3,9
2023421314748,2023,421314748,1,1,1,2,57,9,3,0,0,0,0,0,9,-1,-1,3,1,0.0,1.0,-1,6,30,1,1,1,14:52,1,2,9
2023010439708,2023,010439708,1,1,3,2,21,5,3,4,3,0,0,0,0,1,E01004286,-1,0,0.0,1.0,-1,2,30,2,4,9,08:30,2,1,9
2023131301281,2023,131301281,1,1,3,1,5,1,3,1,1,0,0,2,0,1,E01010839,3,1,0.0,1.0,-1,6,30,1,1,1,15:20,4,1,9
2023991352597,2023,991352597,1,3,3,2,21,5,3,10,5,0,0,2,0,1,-1,3,1,0.0,1.0,-1,6,20,1,1,1,17:20,5,1,11
2023010450121,2023,010450121,1,1,1,1,46,8,3,0,0,0,0,0,1,5,E01001164,-1,0,0.0,1.0,-1,6,30,1,1,1,14:20,2,2,1
2023010458717,2023,010458717,2,2,1,1,38,7,3,0,0,0,0,0,1,9,E01002926,-1,0,0.0,1.0,-1,6,20,1,1,1,16:54,5,2,1
2023010446037,2023,010446037,2,1,1,1,26,6,3,0,0,0,0,0,3,3,E01022153,-1,0,0.0,1.0,-1,6,30,1,1,1,17:05,3,2,3
2023010485321,2023,010485321,1,1,1,1,28,6,3,0,0,0,0,0,3,2,E01003497,-1,0,0.0,1.0,-1,2,20,1,4,1,22:38,4,2,3
2023141265502,2023,141265502,1,1,1,1,51,8,2,0,0,0,0,0,9,4,E01001435,6,1,1.0,0.0,-1,3,40,1,1,2,10:56,2,1,9
2023430074768,2023,430074768,2,1,1,2,32,6,3,0,0,0,0,0,9,8,E01017735,-1,0,0.06785,0.93215,-1,6,60,2,6,2,19:42,6,2,9
2023520001143,2023,520001143,1,1,1,2,19,4,3,0,0,0,0,0,9,1,E01014585,-1,0,0.00326,0.99674,-1,6,30,1,1,1,12:20,5,2,9
2023351382764,2023,351382764,2,1,1,2,27,6,3,0,0,0,0,0,1,8,E01018001,3,1,0.0,1.0,-1,6,30,1,1,1,14:19,7,2,1
2023451361678,2023,451361678,1,1,1,1,34,6,2,0,0,0,0,0,4,5,E01030981,6,1,1.0,0.0,-1,6,30,1,1,1,16:00,7,2,4
2023440478050,2023,440478050,1,1,3,1,12,3,2,5,3,0,0,0,0,4,E01022681,-1,0,1.0,0.0,-1,6,30,1,1,1,15:09,4,1,9
2023010427864,2023,010427864,1,1,3,2,55,8,3,1,1,0,0,0,0,7,E01001950,-1,0,0.0,1.0,-1,6,30,8,4,1,19:01,6,1,3
2023010448874,2023,010448874,2,1,1,2,36,7,2,0,0,0,0,0,1,6,E01002617,-1,0,1.0,0.0,-1,6,30,1,1,1,17:55,3,2,1
2023101373444,2023,101373444,2,1,1,1,24,5,3,0,0,0,0,0,1,3,E01008281,3,1,0.0,1.0,-1,3,70,1,1,1,16:00,5,2,1
2023461302625,2023,461302625,1,1,1,1,37,7,1,0,0,0,0,0,5,-1,-1,1,1,0.0,0.0,-1,3,70,1,1,1,12:00,2,1,5
2023421372790,2023,421372790,2,2,1,1,28,6,3,0,0,0,0,0,8,4,E01015907,3,1,0.0,1.0,-1,6,30,1,1,2,10:26,5,2,8
2023010419379,2023,010419379,1,1,1,1,62,9,3,0,0,0,0,0,9,2,E01000484,-1,0,0.0,1.0,-1,6,20,2,4,2,18:50,1,2,9
2023201339665,2023,201339665,1,1,1,1,35,6,3,0,0,0,0,0,9,9,E01009438,3,1,0.0,1.0,-1,6,30,1,1,1,13:11,6,2,9
2023361325053,2023,361325053,2,1,1,1,46,8,2,0,0,0,0,0,1,2,E01026711,7,1,1.0,0.0,-1,6,40,9,6,1,06:45,3,2,1
2023501350759,2023,501350759,1,1,1,2,43,7,2,0,0,0,0,0,9,1,E01015030,6,1,1.0,0.0,-1,3,70,1,1,1,14:32,7,1,9
2023351294350,2023,351294350,2,1,1,1,57,9,3,0,0,0,0,0,1,9,E01017968,3,1,0.0,1.0,-1,6,20,1,4,1,20:14,7,2,1
2023010430434,2023,010430434,1,2,2,-1,-1,-1,3,0,0,1,0,0,9,10,E01001108,-1,0,0.0,1.0,-1,7,30,1,1,1,03:00,7,2,9
2023421388396,2023,421388396,2,1,1,2,35,6,3,0,0,0,0,0,9,5,E01021362,3,1,0.0,1.0,-1,6,30,1,1,1,14:25,5,2,9
2023471283201,2023,471283201,2,2,2,1,38,7,3,0,0,1,0,0,9,4,E01021013,3,1,0.0,1.0,-1,6,60,1,1,1,11:50,1,2,9
2023520300610,2023,520300610,2,33,2,1,54,8,3,0,0,0,4,0,11,-1,-1,-1,0,0.07249,0.92751,-1,6,40,1,6,4,06:00,3,3,11
2023122300394,2023,122300394,1,1,1,1,55,8,3,0,0,0,0,0,19,10,E01027880,-1,0,0.0232,0.9768,-1,6,60,1,1,1,09:00,3,2,19
2023501344877,2023,501344877,2,1,1,1,22,5,3,0,0,0,0,0,19,4,E01018892,3,1,0.0,1.0,-1,6,60,1,1,1,19:10,4,2,19
2023101267103,2023,101267103,1,1,3,1,12,3,3,9,5,0,0,0,0,5,E01027441,3,1,0.0,1.0,-1,6,30,1,4,1,18:35,2,1,19
2023052300795,2023,052300795,2,3,1,1,20,4,3,0,0,0,0,0,9,2,E01007249,-1,0,0.03524,0.96476,-1,6,30,1,1,1,18:20,5,2,9
2023061337068,2023,061337068,2,1,1,1,57,9,3,0,0,0,0,0,9,9,E01011174,3,1,0.0,1.0,-1,1,40,1,1,1,14:55,6,2,9
2023371407177,2023,371407177,2,1,1,1,28,6,3,0,0,0,0,0,9,10,E01033319,3,1,0.0,1.0,-1,6,60,1,4,2,17:20,1,2,9
2023440276502,2023,440276502,2,5,1,1,36,7,3,0,0,0,0,0,9,9,E01024409,-1,0,0.05285,0.94715,-1,3,70,1,1,1,11:43,2,2,9
2023501313993,2023,501313993,1,1,1,2,94,11,3,0,0,0,0,0,9,8,E01020192,3,1,0.0,1.0,-1,6,40,1,1,1,10:20,2,2,9
2023520301414,2023,520301414,4,3,1,1,30,6,3,0,0,0,0,0,9,8,E01029245,-1,0,0.03611,0.96389,-1,6,40,2,1,2,15:24,5,4,9
2023041300711,2023,041300711,2,2,2,1,17,4,3,0,0,0,0,0,19,3,E01004867,3,1,0.0,1.0,-1,3,70,1,1,1,09:00,3,3,19
2023201413726,2023,201413726,1,1,3,1,10,2,3,5,1,0,0,0,0,10,E01010193,3,1,0.0,1.0,-1,6,30,1,1,1,08:20,4,1,9
2023010475961,2023,010475961,1,1,1,2,34,6,3,0,0,0,0,0,1,2,E01003984,-1,0,0.0,1.0,-1,6,20,2,4,2,22:35,7,2,1
2023010485123,2023,010485123,2,2,2,1,5,1,3,0,0,2,0,0,9,2,E01001439,-1,0,0.0,1.0,-1,6,30,1,1,1,12:50,4,2,9
2023201385667,2023,201385667,1,1,1,1,22,5,3,0,0,0,0,0,9,8,E01009814,3,1,0.0,1.0,-1,6,30,2,1,2,11:27,3,2,9
2023501349253,2023,501349253,1,1,1,2,53,8,3,0,0,0,0,0,9,2,E01019074,3,1,0.0,1.0,-1,6,30,1,1,1,16:22,3,2,9
2023471276898,2023,471276898,2,1,1,1,56,9,3,0,0,0,0,0,1,3,E01031789,3,1,0.0,1.0,-1,1,30,8,1,2,07:00,5,2,1
2023351295443,2023,351295443,2,2,1,1,27,6,3,0,0,0,0,0,9,5,E01018051,3,1,0.0,1.0,-1,6,60,4,1,1,10:35,2,2,9
2023522400663,2023,522400663,1,1,1,1,36,7,3,0,0,0,0,0,9,-1,-1,-1,0,0.04575,0.95425,-1,6,30,4,4,2,19:05,5,2,9
2023991263929,2023,991263929,1,1,1,1,70,10,3,0,0,0,0,0,9,4,-1,3,1,0.0,1.0,-1,6,30,1,1,1,11:47,2,2,9
2023141322085,2023,141322085,3,1,1,2,62,9,3,0,0,0,0,0,9,2,E01007782,3,1,0.0,1.0,-1,6,40,1,1,1,17:46,5,3,9
2023201277042,2023,201277042,2,1,1,2,28,6,3,0,0,0,0,0,9,2,E01009944,3,1,0.0,1.0,-1,6,30,5,1,2,14:59,3,3,9
2023231264501,2023,231264501,1,1,1,1,51,8,3,0,0,0,0,0,9,10,E01031135,3,1,0.0,1.0,-1,6,60,1,6,1,18:30,6,2,9
2023061318550,2023,061318550,1,1,3,1,7,2,3,5,3,0,0,0,0,2,E01005200,3,1,0.0,1.0,-1,6,30,1,1,1,15:34,6,1,9
2023201367263,2023,201367263,1,1,3,2,14,3,2,10,9,0,0,0,0,3,E01009256,7,1,1.0,0.0,-1,6,30,8,1,1,15:30,6,1,9
2023311300871,2023,311300871,2,1,1,1,44,7,2,0,0,0,0,0,3,-1,-1,7,1,1.0,0.0,-1,3,30,2,1,2,10:03,2,2,3
2023471359380,2023,471359380,1,1,1,1,23,5,2,0,0,0,0,0,3,3,E01032832,7,1,1.0,0.0,-1,6,30,1,1,1,09:10,4,2,3
2023101332421,2023,101332421,2,1,1,2,30,6,3,0,0,0,0,0,9,8,E01008538,3,1,0.0,1.0,-1,6,30,2,1,2,18:26,5,2,9
2023520301572,2023,520301572,1,1,2,2,81,11,3,0,0,1,0,0,9,4,E01029329,-1,0,0.01562,0.98438,-1,6,30,1,1,1,12:55,5,2,9
2023542254423,2023,542254423,1,4,2,1,29,6,3,0,0,1,0,0,9,8,E01031932,-1,0,0.09184,0.90816,-1,6,60,1,1,1,13:15,4,1,9
2023010420639,2023,010420639,1,1,3,2,55,8,3,10,9,0,0,0,0,4,E01003541,-1,0,0.0,1.0,-1,2,20,4,4,2,18:55,3,1,8
2023332301199,2023,332301199,1,1,3,2,29,6,3,5,1,0,0,0,0,3,E01013660,-1,0,0.04056,0.95944,-1,6,30,9,4,1,20:15,2,1,9
2023201381769,2023,201381769,1,1,1,1,13,3,3,0,0,0,0,0,1,9,E01010175,3,1,0.0,1.0,-1,6,30,1,1,2,08:00,5,2,1
2023010446423,2023,010446423,1,1,1,1,32,6,3,0,0,0,0,0,3,-1,-1,-1,0,0.0,1.0,-1,2,30,1,1,1,15:17,5,2,3
2023170S10963,2023,170S10963,1,1,1,1,58,9,3,0,0,0,0,0,5,5,E01027590,-1,0,0.24159,0.75841,-1,3,70,1,1,1,13:15,6,2,5
2023010442939,2023,010442939,1,1,1,1,21,5,3,0,0,0,0,0,9,8,E01000282,-1,0,0.0,1.0,-1,6,30,1,1,1,14:00,1,3,9
2023041288808,2023,041288808,1,2,2,1,22,5,2,0,0,1,0,0,9,3,E01012606,5,1,1.0,0.0,-1,6,60,5,6,2,21:45,2,2,9
2023311262736,2023,311262736,2,2,1,1,32,6,2,0,0,0,0,0,9,-1,-1,7,1,1.0,0.0,-1,6,30,1,1,2,16:13,2,3,9
2023101311421,2023,101311421,1,1,1,1,11,3,3,0,0,0,0,0,1,-1,-1,3,1,0.0,1.0,-1,6,30,1,1,1,16:30,3,2,1
2023371347833,2023,371347833,2,1,1,2,39,7,3,0,0,0,0,0,1,4,E01030161,3,1,0.0,1.0,-1,1,30,1,1,1,14:15,6,2,1
2023311370446,2023,311370446,1,1,1,1,18,4,2,0,0,0,0,0,3,3,E01013863,7,1,1.0,0.0,-1,6,50,2,1,2,14:13,5,1,3
2023010466810,2023,010466810,1,1,1,2,45,7,3,0,0,0,0,0,9,3,E01001856,-1,0,0.0,1.0,-1,6,20,1,1,1,16:55,2,3,9
2023320679674,2023,320679674,1,1,1,1,35,6,2,0,0,0,0,0,9,7,E01032989,-1,0,1.0,0.0,-1,6,60,2,6,2,06:34,5,1,9
2023401354893,2023,401354893,2,1,1,2,56,9,3,0,0,0,0,0,9,2,E01015787,3,1,0.0,1.0,-1,1,40,1,1,-1,14:50,2,2,9
2023501330780,2023,501330780,2,1,2,2,55,8,3,0,0,1,0,0,9,3,E01014731,3,1,0.0,1.0,-1,6,30,1,1,1,17:30,3,2,9
2023052302874,2023,052302874,2,1,1,1,31,6,3,0,0,0,0,0,1,1,E01006659,-1,0,0.15119,0.84881,-1,1,30,1,4,1,23:00,7,2,1
2023340WN7332,2023,340WN7332,1,1,3,1,31,6,3,5,9,0,0,0,0,5,E01027179,-1,0,0.09176,0.90824,-1,6,30,1,1,1,15:23,5,1,9
2023111292968,2023,111292968,1,1,1,1,70,10,2,0,0,0,0,0,4,7,E01020906,7,1,1.0,0.0,-1,6,30,1,1,1,15:44,1,1,4
2023010460381,2023,010460381,2,1,1,1,22,5,3,0,0,0,0,0,5,2,E01003330,-1,0,0.0,1.0,-1,6,20,1,1,1,13:34,1,2,5
2023131290679,2023,131290679,1,3,1,1,64,9,3,0,0,0,0,0,9,1,E01010674,3,1,0.0,1.0,-1,6,30,1,1,1,16:00,7,2,9
2023201389327,2023,201389327,1,1,1,2,29,6,2,0,0,0,0,0,9,9,E01009804,7,1,1.0,0.0,-1,1,70,1,1,1,12:24,1,2,9
2023351287030,2023,351287030,2,1,2,2,74,10,3,0,0,1,0,0,9,5,E01018084,3,1,0.0,1.0,-1,7,70,1,1,1,12:45,6,2,9
2023061339517,2023,061339517,1,11,2,1,-1,-1,2,0,0,0,4,0,11,1,E01005240,7,1,1.0,0.0,-1,6,30,1,1,1,12:35,3,1,11
2023302300281,2023,302300281,2,1,1,1,23,5,2,0,0,0,0,0,9,1,E01013567,-1,0,1.0,0.0,-1,6,30,1,1,1,08:46,3,2,9
2023302301463,2023,302301463,1,1,1,2,21,5,3,0,0,0,0,0,9,10,E01013527,-1,0,0.02086,0.97914,-1,6,40,1,1,2,17:10,5,3,9
2023421317177,2023,421317177,1,1,1,1,22,5,3,0,0,0,0,0,9,2,E01021953,3,1,0.0,1.0,-1,6,60,1,6,1,00:05,7,1,9
2023547976423,2023,547976423,2,1,1,2,58,9,3,0,0,0,0,0,9,10,E01023067,-1,0,0.02884,0.97116,-1,6,30,1,1,1,17:46,7,2,9
2023071156690,2023,071156690,2,1,1,1,26,6,3,0,0,0,0,0,9,10,E01018562,-1,0,0.01048,0.98952,-1,6,20,1,4,2,16:53,7,2,9
2023461339825,2023,461339825,2,2,2,1,-1,-1,3,0,0,1,0,0,9,10,E01023577,3,1,0.0,1.0,-1,3,70,1,4,1,01:45,6,2,9
2023461378402,2023,461378402,2,2,2,2,-1,-1,3,0,0,1,0,0,9,1,E01024678,3,1,0.0,1.0,-1,6,30,1,4,1,02:50,4,2,9
2023041390828,2023,041390828,1,1,1,1,43,7,3,0,0,0,0,0,9,5,E01025017,3,1,0.0,1.0,-1,7,30,1,4,2,22:41,4,2,9
2023052300052,2023,052300052,2,1,1,1,26,6,3,0,0,0,0,0,9,1,E01006673,-1,0,0.05334,0.94666,-1,6,30,1,4,2,17:10,1,2,9
2023401273419,2023,401273419,2,1,1,2,33,6,3,0,0,0,0,0,9,4,E01015712,3,1,0.0,1.0,-1,6,30,1,1,1,10:30,3,2,9
2023010439434,2023,010439434,1,1,1,1,49,8,3,0,0,0,0,0,9,8,E01016956,-1,0,0.0,1.0,-1,3,70,5,4,2,10:45,6,2,9
2023122300195,2023,122300195,1,1,1,1,21,5,2,0,0,0,0,0,9,3,E01027840,-1,0,1.0,0.0,-1,9,60,4,1,1,15:03,4,2,9
2023440081361,2023,440081361,1,1,1,1,21,5,3,0,0,0,0,0,9,2,E01017337,-1,0,0.02522,0.97478,-1,6,40,1,4,2,19:18,2,2,9
2023451368873,2023,451368873,2,1,1,1,45,7,3,0,0,0,0,0,9,5,E01016886,3,1,0.0,1.0,-1,6,40,1,1,2,06:50,3,2,9
2023548008223,2023,548008223,1,1,1,2,35,6,2,0,0,0,0,0,9,8,E01031892,-1,0,1.0,0.0,-1,6,30,2,4,2,21:39,1,1,9
2023010426277,2023,010426277,1,1,1,1,43,7,3,0,0,0,0,0,3,8,E01004511,-1,0,0.0,1.0,-1,2,20,1,1,2,08:30,5,2,3
2023010478869,2023,010478869,1,1,1,1,25,5,3,0,0,0,0,0,3,7,E01002228,-1,0,0.0,1.0,-1,6,20,1,4,2,01:30,1,3,3
2023411296140,2023,411296140,1,1,3,1,10,2,2,5,1,0,0,0,0,7,E01023435,7,1,1.0,0.0,-1,9,20,1,1,1,15:00,1,1,9
2023461366268,2023,461366268,1,1,3,1,-1,-1,2,6,9,0,0,2,0,6,E01024276,7,1,1.0,0.0,-1,6,30,1,7,1,06:22,4,1,9
2023201453102,2023,201453102,1,2,3,2,67,10,3,10,9,0,0,2,0,6,E01032172,3,1,0.0,1.0,-1,6,20,1,4,2,09:38,5,1,9
2023461351963,2023,461351963,1,1,3,2,31,6,3,1,9,0,0,0,0,4,E01016048,3,1,0.0,1.0,-1,6,20,1,1,1,15:20,6,1,9
2023522400234,2023,522400234,1,1,3,2,74,10,3,9,9,0,0,0,0,6,E01014531,-1,0,0.03618,0.96382,-1,6,20,1,1,1,15:50,7,1,9
2023991392828,2023,991392828,1,1,3,1,23,5,3,5,3,0,0,0,0,7,-1,3,1,0.0,1.0,-1,3,30,1,4,2,19:00,3,1,9
2023471338324,2023,471338324,2,1,1,1,45,7,2,0,0,0,0,0,5,4,E01031522,6,1,1.0,0.0,-1,6,50,1,1,1,17:40,6,2,5
2023041274971,2023,041274971,2,2,1,1,52,8,3,0,0,0,0,0,9,10,E01025332,3,1,0.0,1.0,-1,6,60,2,6,2,17:30,6,2,9
2023451324883,2023,451324883,1,1,1,1,18,4,3,0,0,0,0,0,9,10,E01030508,3,1,0.0,1.0,-1,6,40,1,4,1,03:03,1,1,9
2023531276232,2023,531276232,1,3,2,2,8,2,2,0,0,2,0,0,9,4,E01003900,6,1,1.0,0.0,-1,6,40,1,1,1,13:35,3,2,9
2023211327305,2023,211327305,2,1,1,2,32,6,3,0,0,0,0,0,9,4,E01029666,3,1,0.0,1.0,-1,6,40,1,1,1,15:20,7,2,9
2023320123577,2023,320123577,1,3,1,1,55,8,2,0,0,0,0,0,19,-1,-1,-1,0,1.0,0.0,-1,6,20,1,1,1,14:00,2,2,19
2023231303359,2023,231303359,1,1,3,1,10,2,2,5,2,0,0,0,0,4,E01031086,7,1,1.0,0.0,-1,6,30,1,1,1,17:57,6,1,9
2023471265684,2023,471265684,1,1,3,1,64,9,2,8,3,0,0,0,0,3,E01031811,7,1,1.0,0.0,-1,3,20,1,4,1,18:13,5,1,19
2023010484063,2023,010484063,2,1,1,2,60,9,3,0,0,0,0,0,9,-1,-1,-1,0,0.0,1.0,-1,3,40,1,1,2,15:15,5,2,9
2023451289681,2023,451289681,1,1,1,2,20,4,3,0,0,0,0,0,9,9,E01030705,3,1,0.0,1.0,-1,6,50,4,4,2,00:53,5,1,9
2023546744423,2023,546744423,1,1,1,2,23,5,3,0,0,0,0,0,9,4,E01015480,-1,0,0.03357,0.96643,-1,3,40,1,1,1,19:20,3,3,9
2023552301021,2023,552301021,2,2,2,2,33,6,3,0,0,1,0,0,9,3,E01015285,-1,0,0.00828,0.99172,-1,1,30,1,4,1,21:10,6,2,9
2023311317102,2023,311317102,1,1,1,2,66,10,2,0,0,0,0,0,19,3,E01020760,5,1,1.0,0.0,-1,7,60,1,1,1,07:39,7,1,19
2023052301120,2023,052301120,2,1,1,1,64,9,3,0,0,0,0,0,9,8,E01007154,-1,0,0.0898,0.9102,-1,6,30,1,1,1,11:00,3,3,9
2023161394075,2023,161394075,2,1,1,1,20,4,3,0,0,0,0,0,9,2,E01033104,3,1,0.0,1.0,-1,6,30,2,4,2,16:20,6,2,9
2023332300232,2023,332300232,1,1,1,1,45,7,1,0,0,0,0,0,9,3,E01025992,-1,0,0.0,0.0,-1,6,60,1,1,1,08:45,1,1,9
2023332300357,2023,332300357,1,1,1,1,64,9,3,0,0,0,0,0,9,1,E01013761,-1,0,0.0131,0.9869,-1,6,30,1,1,1,08:00,3,2,9
2023411283569,2023,411283569,2,1,1,1,49,8,3,0,0,0,0,0,9,1,E01013209,3,1,0.0,1.0,-1,3,70,1,1,1,13:00,6,3,9
2023451377689,2023,451377689,5,4,1,2,28,6,3,0,0,0,0,0,9,10,E01023097,3,1,0.0,1.0,-1,3,70,2,1,2,08:10,5,5,9
2023531274532,2023,531274532,2,4,1,2,43,7,3,0,0,0,0,0,9,5,E01022228,3,1,0.0,1.0,-1,6,60,1,1,1,13:10,5,3,9
2023010473558,2023,010473558,1,1,3,1,44,7,3,6,9,0,0,0,0,3,E01000644,-1,0,0.0,1.0,-1,6,30,1,1,1,19:05,5,1,9
2023010421735,2023,010421735,2,1,1,2,50,8,3,0,0,0,0,0,9,8,E01001680,-1,0,0.0,1.0,-1,3,30,1,4,1,16:37,2,2,9