collision_index,collision_year,collision_ref_no,vehicle_reference,casualty_reference,casualty_class,sex_of_casualty,age_of_casualty,age_band_of_casualty,casualty_severity,pedestrian_location,pedestrian_movement,car_passenger,bus_or_coach_passenger,pedestrian_road_maintenance_worker,casualty_type,casualty_imd_decile,lsoa_of_casualty,enhanced_casualty_severity,casualty_injury_based,casualty_adjusted_severity_serious,casualty_adjusted_severity_slight,casualty_distance_banding,road_type,speed_limit,weather_conditions,light_conditions,road_surface_conditions,time,day_of_week,number_of_vehicles,vehicle_type
2023430085597,2023,430085597,1,2,2,2,50,8,3,0,0,1,0,0,9,10,E01016316,-1,0,0.0076,0.9924,-1,6,50,1,4,1,21:50,5,2,9
2023451328377,2023,451328377,2,1,1,1,28,6,3,0,0,0,0,0,19,1,E01002081,3,1,0.0,1.0,-1,6,30,1,1,1,17:21,3,2,19
2023531327002,2023,531327002,1,1,3,2,12,3,3,7,3,0,0,0,0,-1,-1,3,1,0.0,1.0,-1,6,30,9,1,1,15:30,3,1,9
2023010466492,2023,010466492,1,1,1,2,22,5,3,0,0,0,0,0,1,2,E01002729,-1,0,0.0,1.0,-1,6,20,1,1,1,11:25,7,2,1
2023421303679,2023,421303679,1,1,1,1,72,10,3,0,0,0,0,0,1,7,E01021439,3,1,0.0,1.0,-1,6,60,1,1,1,13:00,2,2,1
2023141328344,2023,141328344,1,1,1,2,24,5,3,0,0,0,0,0,9,1,E01007411,3,1,0.0,1.0,-1,6,30,1,1,1,15:07,3,2,9
2023371320086,2023,371320086,1,1,1,1,43,7,3,0,0,0,0,0,1,3,E01029985,3,1,0.0,1.0,-1,6,30,2,4,2,23:42,1,2,1
2023461307652,2023,461307652,1,1,1,1,38,7,3,0,0,0,0,0,5,6,E01024250,3,1,0.0,1.0,-1,9,20,1,1,1,15:15,2,1,5
2023547279023,2023,547279023,1,1,1,1,30,6,3,0,0,0,0,0,5,5,E01031947,-1,0,0.26653,0.73347,-1,6,60,1,6,1,21:25,3,1,5
2023361279070,2023,361279070,1,1,1,1,23,5,2,0,0,0,0,0,9,5,E01033435,5,1,1.0,0.0,-1,6,30,1,4,2,21:26,3,1,9
2023991302351,2023,991302351,1,1,1,1,47,8,1,0,0,0,0,0,9,7,-1,1,1,0.0,0.0,-1,6,60,1,1,1,17:00,7,1,9
2023991300401,2023,991300401,3,1,2,1,58,9,3,0,0,0,0,0,20,8,-1,3,1,0.0,1.0,-1,3,70,1,1,1,16:15,2,3,20
2023991272110,2023,991272110,1,1,1,1,44,7,3,0,0,0,0,0,90,1,-1,3,1,0.0,1.0,-1,6,30,2,1,2,14:15,6,2,90
2023061349997,2023,061349997,2,1,1,2,28,6,3,0,0,0,0,0,-1,-1,-1,3,1,0.0,1.0,-1,6,30,1,1,1,12:04,5,2,-1
2023010451761,2023,010451761,1,1,1,1,51,8,2,0,0,0,0,0,1,5,E01004482,-1,0,1.0,0.0,-1,9,20,9,1,9,09:55,3,2,1
2023231337343,2023,231337343,2,1,1,1,31,6,3,0,0,0,0,0,9,2,E01009592,3,1,0.0,1.0,-1,6,20,2,1,2,14:52,1,2,9
2023421321743,2023,421321743,2,1,1,1,61,9,3,0,0,0,0,0,9,3,E01015935,3,1,0.0,1.0,-1,6,30,1,1,1,18:19,5,2,9
2023461313918,2023,461313918,2,1,1,1,52,8,3,0,0,0,0,0,9,3,E01024497,3,1,0.0,1.0,-1,6,30,1,1,1,17:10,1,2,9
2023991339598,2023,991339598,2,2,2,2,46,8,3,0,0,1,0,0,9,2,-1,3,1,0.0,1.0,-1,6,30,1,1,1,18:40,1,2,9
2023311279781,2023,311279781,1,1,2,2,65,9,3,0,0,0,4,0,11,9,E01028169,3,1,0.0,1.0,-1,1,40,1,1,1,14:20,4,2,11
2023401276591,2023,401276591,2,1,1,1,39,7,3,0,0,0,0,0,19,2,E01027105,3,1,0.0,1.0,-1,6,60,1,1,2,09:45,4,2,19
2023010457729,2023,010457729,1,1,3,2,8,2,3,1,1,0,0,0,0,-1,-1,-1,0,0.0,1.0,-1,2,20,1,1,1,13:07,6,1,9
2023010428507,2023,010428507,2,1,1,1,35,6,3,0,0,0,0,0,1,3,E01002805,-1,0,0.0,1.0,-1,6,30,5,1,2,07:00,4,2,1
2023010458503,2023,010458503,2,1,1,1,27,6,3,0,0,0,0,0,1,4,E01002621,-1,0,0.0,1.0,-1,3,30,2,1,2,13:13,4,2,1
2023371351671,2023,371351671,1,1,1,2,59,9,3,0,0,0,0,0,9,4,E01033123,3,1,0.0,1.0,-1,6,30,1,1,1,15:00,4,4,9
2023440228026,2023,440228026,1,1,1,1,23,5,2,0,0,0,0,0,19,8,E01031542,-1,0,1.0,0.0,-1,6,50,1,1,1,09:09,6,2,19
2023010443817,2023,010443817,1,1,1,1,63,9,2,0,0,0,0,0,5,9,E01030844,-1,0,1.0,0.0,-1,6,30,1,4,1,00:40,6,2,5
2023010438520,2023,010438520,1,1,1,1,23,5,3,0,0,0,0,0,1,4,E01001146,-1,0,0.0,1.0,-1,6,20,1,4,1,22:58,5,2,1
2023010480155,2023,010480155,2,1,1,1,23,5,3,0,0,0,0,0,4,3,E01003522,-1,0,0.0,1.0,-1,3,20,1,1,1,14:43,7,2,4
2023061333331,2023,061333331,2,1,1,1,52,8,3,0,0,0,0,0,5,1,E01004823,3,1,0.0,1.0,-1,6,30,1,1,1,17:30,3,3,5
2023201291657,2023,201291657,1,1,1,1,50,8,3,0,0,0,0,0,9,9,E01031019,3,1,0.0,1.0,-1,7,50,1,4,1,01:30,1,2,9
2023201341378,2023,201341378,1,1,1,2,21,5,3,0,0,0,0,0,9,5,E01010475,3,1,0.0,1.0,-1,6,30,2,4,2,21:33,7,2,9
2023340NN2102,2023,340NN2102,2,1,1,2,49,8,3,0,0,0,0,0,9,10,E01033244,-1,0,0.07828,0.92172,-1,6,30,1,1,1,15:31,7,2,9
2023201364109,2023,201364109,2,1,1,2,22,5,3,0,0,0,0,0,1,1,E01033639,3,1,0.0,1.0,-1,6,30,1,1,1,15:40,1,2,1
2023552301069,2023,552301069,2,1,2,2,31,6,3,0,0,0,0,0,4,5,E01015302,-1,0,0.09143,0.90857,-1,6,30,1,1,1,11:26,1,2,4
2023041325965,2023,041325965,1,1,1,2,19,4,3,0,0,0,0,0,9,5,E01012364,3,1,0.0,1.0,-1,6,30,2,1,2,23:14,3,1,9
2023141307646,2023,141307646,1,1,1,2,48,8,3,0,0,0,0,0,9,3,E01007591,3,1,0.0,1.0,-1,6,30,1,1,1,10:40,2,2,9
2023371344728,2023,371344728,2,2,1,1,46,8,3,0,0,0,0,0,19,4,E01026677,3,1,0.0,1.0,-1,6,40,1,1,1,09:23,7,2,19
2023361338494,2023,361338494,2,1,2,1,23,5,3,0,0,0,0,0,-1,1,E01026826,3,1,0.0,1.0,-1,3,30,2,1,2,15:30,7,2,-1
2023101291426,2023,101291426,1,1,3,2,53,8,3,6,8,0,0,0,0,1,E01027533,3,1,0.0,1.0,-1,6,30,1,1,1,17:07,3,1,23
2023320113100,2023,320113100,1,1,3,1,6,2,3,8,3,0,0,0,0,2,E01026378,-1,0,0.1333,0.8667,-1,6,30,1,1,1,16:08,4,1,9
2023481361886,2023,481361886,2,1,1,1,42,7,3,0,0,0,0,0,1,-1,-1,3,1,0.0,1.0,-1,6,20,1,1,1,06:15,6,2,1
2023991373064,2023,991373064,2,1,1,1,46,8,3,0,0,0,0,0,1,7,-1,3,1,0.0,1.0,-1,3,30,1,1,1,14:30,4,2,1
2023311378799,2023,311378799,2,1,1,2,38,7,3,0,0,0,0,0,9,2,E01013843,3,1,0.0,1.0,-1,6,30,1,1,1,14:30,6,2,9
2023401273085,2023,401273085,2,1,1,2,53,8,3,0,0,0,0,0,9,5,E01015739,3,1,0.0,1.0,-1,6,30,1,1,1,13:20,2,3,9
2023471318682,2023,471318682,2,3,2,2,40,7,2,0,0,1,0,0,9,10,E01017897,7,1,1.0,0.0,-1,6,60,1,1,1,14:50,4,3,9
2023010440658,2023,010440658,1,1,3,2,78,11,3,4,3,0,0,0,0,4,E01002762,-1,0,0.0,1.0,-1,2,20,1,1,1,11:15,3,1,9
2023351322763,2023,351322763,1,1,1,1,52,8,3,0,0,0,0,0,5,8,E01027074,3,1,0.0,1.0,-1,6,60,1,1,1,18:12,1,1,5
2023991379492,2023,991379492,2,1,1,1,41,7,3,0,0,0,0,0,8,6,-1,3,1,0.0,1.0,-1,6,40,2,4,2,18:35,1,2,8
2023010424604,2023,010424604,1,1,1,2,44,7,3,0,0,0,0,0,9,2,E01003390,-1,0,0.0,1.0,-1,6,20,8,1,1,07:50,3,2,9
2023201380575,2023,201380575,1,1,1,1,46,8,3,0,0,0,0,0,9,7,E01008992,3,1,0.0,1.0,-1,6,40,1,1,1,10:39,2,2,9
2023311376259,2023,311376259,3,1,1,2,45,7,3,0,0,0,0,0,9,8,E01028094,3,1,0.0,1.0,-1,6,30,1,1,2,16:30,4,3,9
2023320155029,2023,320155029,2,1,2,1,42,7,3,0,0,1,0,0,9,6,E01026038,-1,0,0.07377,0.92623,-1,6,30,2,6,2,23:20,2,2,9
2023451374445,2023,451374445,5,3,2,2,49,8,3,0,0,1,0,0,9,10,E01030882,3,1,0.0,1.0,-1,6,40,1,6,1,23:18,2,6,9
2023531352076,2023,531352076,2,1,1,2,28,6,3,0,0,0,0,0,9,7,E01031212,3,1,0.0,1.0,-1,6,40,1,1,2,15:35,3,2,9
202354D684523,2023,54D684523,1,2,2,1,16,4,3,0,0,2,0,0,9,2,E01001012,-1,0,0.05291,0.94709,-1,6,60,5,1,2,14:53,4,3,9
2023552400230,2023,552400230,2,1,1,1,35,6,3,0,0,0,0,0,9,7,E01020405,-1,0,0.02241,0.97759,-1,3,70,1,4,2,20:11,4,2,9
2023070115257,2023,070115257,2,2,1,1,38,7,3,0,0,0,0,0,21,-1,-1,-1,0,0.03281,0.96719,-1,3,70,1,5,1,03:00,5,3,21
2023141285138,2023,141285138,1,1,1,1,59,9,2,0,0,0,0,0,9,2,E01007470,7,1,1.0,0.0,-1,6,60,6,6,2,18:28,4,1,9
2023161351441,2023,161351441,1,1,1,1,30,6,1,0,0,0,0,0,9,7,E01013100,1,1,0.0,0.0,-1,6,60,2,6,2,00:20,3,1,9
2023201291560,2023,201291560,2,1,1,1,55,8,3,0,0,0,0,0,9,6,E01009034,3,1,0.0,1.0,-1,6,30,1,4,1,18:40,2,3,9
2023211321021,2023,211321021,1,1,1,1,49,8,3,0,0,0,0,0,9,6,E01010557,3,1,0.0,1.0,-1,6,40,1,1,2,06:40,4,2,9
2023501347603,2023,501347603,2,1,1,2,34,6,3,0,0,0,0,0,9,5,E01020068,3,1,0.0,1.0,-1,1,20,1,1,2,07:30,5,2,9
2023622300907,2023,622300907,1,1,1,1,51,8,3,0,0,0,0,0,9,2,W01001141,-1,0,0.03571,0.96429,-1,6,20,1,1,1,13:44,1,2,9
2023991278017,2023,991278017,1,1,1,2,17,4,2,0,0,0,0,0,9,8,-1,7,1,1.0,0.0,-1,6,30,1,4,2,20:30,3,2,9
2023991358059,2023,991358059,1,1,2,2,8,2,3,0,0,1,0,0,9,2,-1,3,1,0.0,1.0,-1,6,30,2,1,2,16:10,7,2,9
2023501341562,2023,501341562,2,1,1,1,36,7,2,0,0,0,0,0,1,6,E01019893,7,1,1.0,0.0,-1,6,30,1,1,1,12:15,1,2,1
2023991309484,2023,991309484,1,2,2,1,53,8,3,0,0,2,0,0,8,4,-1,3,1,0.0,1.0,-1,3,70,1,4,1,23:20,6,2,8
2023010434037,2023,010434037,2,1,1,2,32,6,3,0,0,0,0,0,9,4,E01023805,-1,0,0.0,1.0,-1,1,40,2,1,2,16:46,6,2,9
2023041353768,2023,041353768,2,1,1,1,38,7,3,0,0,0,0,0,9,3,E01025246,3,1,0.0,1.0,-1,6,30,2,4,2,21:20,1,3,9
2023440446063,2023,440446063,1,1,1,1,21,5,3,0,0,0,0,0,9,2,E01023006,-1,0,0.0758,0.9242,-1,6,30,2,4,2,22:21,3,2,9
2023991386711,2023,991386711,3,4,2,1,43,7,3,0,0,2,0,0,9,1,E01029554,3,1,0.0,1.0,-1,3,70,1,1,2,09:30,2,3,9
2023541318223,2023,541318223,2,1,1,1,50,8,3,0,0,0,0,0,19,7,E01015581,-1,0,0.00808,0.99192,-1,1,40,1,1,1,09:00,2,2,19
2023552301310,2023,552301310,2,1,1,1,19,4,3,0,0,0,0,0,3,5,E01015456,-1,0,0.07903,0.92097,-1,6,30,1,1,1,17:30,5,2,3
2023052302027,2023,052302027,1,1,1,1,20,4,2,0,0,0,0,0,97,1,E01006760,-1,0,1.0,0.0,-1,6,30,2,4,2,22:45,6,2,97
2023010467605,2023,010467605,1,1,1,1,17,4,3,0,0,0,0,0,-1,3,E01003014,-1,0,0.0,1.0,-1,2,30,1,1,1,08:50,6,2,-1
2023440066915,2023,440066915,2,1,1,1,71,10,3,0,0,0,0,0,1,7,E01022795,-1,0,0.21324,0.78676,-1,6,30,1,1,1,13:54,6,2,1
2023541476923,2023,541476923,2,2,1,1,36,7,3,0,0,0,0,0,9,4,E01032019,-1,0,0.02327,0.97673,-1,6,60,1,1,2,13:42,5,3,9
2023010471349,2023,010471349,2,1,1,1,21,5,2,0,0,0,0,0,1,3,E01002850,-1,0,1.0,0.0,-1,6,20,1,1,1,10:47,4,2,1
2023010465803,2023,010465803,1,1,3,1,85,11,2,1,1,0,0,0,0,4,E01000561,-1,0,1.0,0.0,-1,6,20,1,1,1,12:55,3,1,4
2023131328468,2023,131328468,1,1,3,1,15,3,2,8,5,0,0,2,0,1,E01033021,7,1,1.0,0.0,-1,3,40,9,1,1,17:00,2,1,19
2023371368785,2023,371368785,1,4,1,1,52,8,2,0,0,0,0,0,19,6,E01030273,7,1,1.0,0.0,-1,6,30,1,1,1,14:35,7,2,19
2023010431317,2023,010431317,1,1,3,1,32,6,3,5,1,0,0,0,0,7,E01002177,-1,0,0.0,1.0,-1,6,30,2,4,2,06:49,5,2,97
2023320395743,2023,320395743,1,2,3,2,18,4,3,8,5,0,0,0,0,9,E01026186,-1,0,0.15848,0.84152,-1,6,40,1,1,1,16:42,3,1,9
2023430049288,2023,430049288,1,1,1,2,54,8,3,0,0,0,0,0,1,9,E01016303,-1,0,0.05541,0.94459,-1,6,30,1,1,1,12:00,4,2,1
2023101282905,2023,101282905,1,2,1,1,27,6,3,0,0,0,0,0,9,6,E01027488,3,1,0.0,1.0,-1,6,60,1,6,2,20:27,6,2,9
2023371360319,2023,371360319,2,1,1,2,50,8,3,0,0,0,0,0,9,2,E01033124,3,1,0.0,1.0,-1,2,30,1,4,1,19:54,6,2,9
2023501288110,2023,501288110,2,1,1,2,46,8,3,0,0,0,0,0,9,1,E01019033,3,1,0.0,1.0,-1,3,30,1,4,1,19:08,5,2,9
2023361340491,2023,361340491,1,1,1,2,24,5,3,0,0,0,0,0,9,-1,-1,3,1,0.0,1.0,-1,6,30,1,6,1,01:05,6,1,9
2023520400545,2023,520400545,3,2,1,1,55,8,3,0,0,0,0,0,9,6,E01029054,-1,0,0.04768,0.95232,-1,6,50,4,6,2,20:45,6,3,9
2023131261903,2023,131261903,1,1,3,2,15,3,2,8,5,0,0,2,0,8,E01011414,7,1,1.0,0.0,-1,6,20,4,1,1,08:00,4,1,9
2023461327630,2023,461327630,1,1,3,1,47,8,3,5,1,0,0,0,0,6,E01024096,3,1,0.0,1.0,-1,6,30,1,1,1,08:40,3,1,9
2023010423142,2023,010423142,1,1,1,1,35,6,3,0,0,0,0,0,9,4,E01001317,-1,0,0.0,1.0,-1,1,40,1,4,1,22:30,1,2,9
2023351305718,2023,351305718,2,2,1,2,54,8,3,0,0,0,0,0,9,8,E01018152,3,1,0.0,1.0,-1,6,30,1,1,1,13:31,4,2,9
2023471304562,2023,471304562,1,1,1,2,56,9,2,0,0,0,0,0,9,10,E01031737,7,1,1.0,0.0,-1,6,30,1,1,1,19:38,6,2,9
2023501400904,2023,501400904,1,1,1,2,26,6,3,0,0,0,0,0,9,4,E01019064,3,1,0.0,1.0,-1,6,60,1,1,1,15:00,6,2,9
2023010477428,2023,010477428,1,1,1,1,28,6,3,0,0,0,0,0,3,2,E01004365,-1,0,0.0,1.0,-1,9,20,2,4,2,18:50,5,2,3
2023052302348,2023,052302348,2,1,1,1,20,4,3,0,0,0,0,0,1,1,E01033747,-1,0,0.16138,0.83862,-1,3,30,1,6,1,20:30,3,2,1
2023122300499,2023,122300499,1,1,2,1,58,9,3,0,0,0,3,0,11,6,E01027784,-1,0,0.12788,0.87212,-1,6,30,1,1,1,16:01,1,1,11
2023061345901,2023,061345901,1,2,1,2,48,8,3,0,0,0,0,0,9,1,E01005432,3,1,0.0,1.0,-1,6,40,1,1,1,14:40,7,3,9
2023131330958,2023,131330958,1,1,1,1,37,7,3,0,0,0,0,0,9,1,E01011471,3,1,0.0,1.0,-1,6,30,1,1,1,10:18,4,2,9
2023161276590,2023,161276590,2,2,1,2,33,6,3,0,0,0,0,0,9,3,E01013231,3,1,0.0,1.0,-1,6,30,1,1,1,14:46,3,2,9
2023401266775,2023,401266775,2,1,1,1,39,7,3,0,0,0,0,0,9,4,E01017506,3,1,0.0,1.0,-1,6,30,1,7,1,17:00,1,2,9
2023610010723,2023,610010723,2,1,1,1,42,7,2,0,0,0,0,0,3,4,W01001610,-1,0,1.0,0.0,-1,6,30,2,1,2,12:59,6,2,3
2023010421519,2023,010421519,1,1,3,1,30,6,3,1,3,0,0,0,0,1,E01004316,-1,0,0.0,1.0,-1,6,20,1,1,1,13:20,1,1,9
2023141384099,2023,141384099,1,1,3,2,74,10,2,5,1,0,0,0,0,6,E01007408,7,1,1.0,0.0,-1,6,30,5,6,2,16:27,5,1,9
2023010435355,2023,010435355,1,1,1,1,39,7,3,0,0,0,0,0,3,1,E01004273,-1,0,0.0,1.0,-1,3,20,1,1,1,11:21,7,2,3
2023340WN0982,2023,340WN0982,2,1,1,1,61,9,3,0,0,0,0,0,5,6,E01027323,-1,0,0.06581,0.93419,-1,1,30,1,1,1,11:10,7,2,5
2023161345021,2023,161345021,2,1,3,1,74,10,3,9,9,0,0,0,0,1,E01013084,3,1,0.0,1.0,-1,6,20,1,1,1,15:07,5,2,9
2023010443993,2023,010443993,1,1,1,1,34,6,3,0,0,0,0,0,3,7,E01021765,-1,0,0.0,1.0,-1,2,20,1,1,1,09:18,6,2,3
2023451296182,2023,451296182,1,1,1,1,28,6,3,0,0,0,0,0,3,7,E01002939,3,1,0.0,1.0,-1,6,30,1,1,2,19:45,3,2,3
2023520301830,2023,520301830,1,1,1,1,42,7,3,0,0,0,0,0,3,7,E01029275,-1,0,0.07098,0.92902,-1,6,30,1,1,1,05:25,2,2,3
2023122300702,2023,122300702,1,1,1,1,74,10,3,0,0,0,0,0,1,9,E01013426,-1,0,0.1756,0.8244,-1,6,60,1,1,1,09:22,4,2,1
2023451304851,2023,451304851,1,1,1,1,48,8,3,0,0,0,0,0,1,8,E01021371,3,1,0.0,1.0,-1,1,40,2,1,2,09:45,7,2,1
2023122300417,2023,122300417,1,1,1,1,48,8,3,0,0,0,0,0,9,4,E01027905,-1,0,0.01536,0.98464,-1,6,30,1,1,1,08:55,3,2,9
2023361307570,2023,361307570,2,3,2,1,9,2,3,0,0,2,0,0,9,5,E01026894,3,1,0.0,1.0,-1,6,30,1,1,1,17:00,7,2,9
2023421260898,2023,421260898,2,1,2,2,60,9,3,0,0,1,0,0,9,4,E01016070,3,1,0.0,1.0,-1,3,70,2,4,2,15:30,1,4,9
2023440442647,2023,440442647,2,2,1,2,68,10,3,0,0,0,0,0,9,10,E01023279,-1,0,0.04851,0.95149,-1,6,30,1,1,2,14:00,1,2,9
2023101328474,2023,101328474,1,1,3,1,52,8,3,9,7,0,0,0,0,10,E01008237,3,1,0.0,1.0,-1,6,30,1,1,1,13:15,7,1,9
2023010430441,2023,010430441,2,1,1,1,21,5,3,0,0,0,0,0,3,7,E01001307,-1,0,0.0,1.0,-1,6,20,1,4,1,18:21,7,2,3
2023010477341,2023,010477341,1,1,1,1,33,6,3,0,0,0,0,0,3,3,E01004397,-1,0,0.0,1.0,-1,9,30,9,4,9,19:00,5,2,3
2023010454702,2023,010454702,1,1,1,2,35,6,3,0,0,0,0,0,9,4,E01002611,-1,0,0.0,1.0,-1,1,30,1,1,1,05:34,4,1,9
2023122301050,2023,122301050,1,4,2,1,28,6,3,0,0,2,0,0,9,2,E01012342,-1,0,0.05292,0.94708,-1,6,60,1,1,1,16:55,2,2,9
2023132301365,2023,132301365,1,1,1,1,48,8,2,0,0,0,0,0,9,9,E01027575,-1,0,1.0,0.0,-1,6,30,2,4,2,19:00,7,2,9
2023141322582,2023,141322582,2,3,2,1,14,3,3,0,0,2,0,0,9,-1,-1,3,1,0.0,1.0,-1,3,70,1,6,1,22:23,7,3,9
2023221298199,2023,221298199,2,1,1,2,50,8,3,0,0,0,0,0,9,1,E01009155,3,1,0.0,1.0,-1,6,30,1,4,1,20:20,7,2,9
2023010470876,2023,010470876,2,1,1,1,43,7,3,0,0,0,0,0,3,5,E01003949,-1,0,0.0,1.0,-1,6,30,1,1,1,06:49,2,2,3
202354A194123,2023,54A194123,1,1,1,2,16,4,3,0,0,0,0,0,2,3,E01031963,-1,0,0.05955,0.94045,-1,1,30,2,1,2,09:22,3,1,2
2023471283048,2023,471283048,1,1,3,2,17,4,3,5,1,0,0,0,0,8,E01000282,3,1,0.0,1.0,-1,3,20,1,1,1,14:24,7,1,11
2023010430910,2023,010430910,1,1,1,1,25,5,3,0,0,0,0,0,3,3,E01001338,-1,0,0.0,1.0,-1,6,20,1,4,1,20:19,3,2,3
2023421329545,2023,421329545,1,1,2,1,80,11,3,0,0,1,0,0,9,5,E01021602,3,1,0.0,1.0,-1,6,40,2,1,2,16:14,5,1,9
2023461351988,2023,461351988,2,2,2,2,17,4,3,0,0,1,0,0,9,5,E01016151,3,1,0.0,1.0,-1,6,30,1,1,1,08:10,6,2,9
2023471283201,2023,471283201,2,3,1,2,32,6,3,0,0,0,0,0,9,4,E01021013,3,1,0.0,1.0,-1,6,60,1,1,1,11:50,1,2,9
2023052300783,2023,052300783,2,2,2,1,16,4,3,0,0,2,0,0,9,1,E01006613,-1,0,0.01891,0.98109,-1,3,30,1,1,1,19:30,7,2,9
2023131307161,2023,131307161,2,2,1,1,48,8,3,0,0,0,0,0,9,2,E01011481,3,1,0.0,1.0,-1,7,40,1,1,1,08:13,1,3,9
2023201291386,2023,201291386,2,1,1,2,49,8,3,0,0,0,0,0,9,5,E01031028,3,1,0.0,1.0,-1,3,30,8,1,2,07:40,5,2,9
2023401375618,2023,401375618,2,4,1,1,48,8,3,0,0,0,0,0,9,1,E01009346,3,1,0.0,1.0,-1,3,70,2,1,2,13:15,1,2,9
2023471305723,2023,471305723,1,1,1,2,57,9,3,0,0,0,0,0,9,7,E01031540,3,1,0.0,1.0,-1,6,40,1,1,1,08:50,4,2,9
2023501341594,2023,501341594,1,1,1,1,18,4,3,0,0,0,0,0,9,9,E01019986,3,1,0.0,1.0,-1,6,60,1,1,1,13:45,2,2,9
2023552400209,2023,552400209,2,1,1,1,55,8,3,0,0,0,0,0,9,8,E01023171,-1,0,0.0076,0.9924,-1,6,30,1,1,1,16:56,6,2,9
2023622300028,2023,622300028,1,1,1,1,35,6,3,0,0,0,0,0,9,4,W01001272,-1,0,0.07273,0.92727,-1,6,30,1,4,2,02:36,1,1,9
2023201397190,2023,201397190,1,1,3,2,12,3,3,1,1,0,0,0,0,-1,-1,3,1,0.0,1.0,-1,3,30,2,1,2,08:08,2,1,9
2023141340239,2023,141340239,1,2,2,2,-1,-1,3,0,0,0,4,0,11,1,E01007325,3,1,0.0,1.0,-1,6,30,1,1,1,14:20,4,1,11
2023010446644,2023,010446644,1,1,1,1,36,7,3,0,0,0,0,0,9,-1,-1,-1,0,0.0,1.0,-1,3,20,1,4,1,23:05,6,3,9
2023991343877,2023,991343877,2,1,1,1,80,11,3,0,0,0,0,0,1,4,-1,3,1,0.0,1.0,-1,6,30,1,1,1,10:05,2,2,1
2023122300159,2023,122300159,2,3,2,2,75,10,3,0,0,1,0,0,9,-1,-1,-1,0,0.13098,0.86902,-1,6,60,1,1,1,09:30,5,3,9
2023201376301,2023,201376301,2,1,1,1,42,7,3,0,0,0,0,0,9,3,E01010055,3,1,0.0,1.0,-1,7,30,1,4,1,22:57,1,3,9
2023531270159,2023,531270159,2,1,1,1,62,9,3,0,0,0,0,0,9,9,E01022174,3,1,0.0,1.0,-1,1,40,1,1,2,08:25,3,2,9
2023531345673,2023,531345673,1,1,1,1,25,5,2,0,0,0,0,0,9,7,E01022239,7,1,1.0,0.0,-1,6,60,2,6,2,02:30,7,1,9
2023461368741,2023,461368741,1,1,3,2,51,8,2,1,1,0,0,0,0,8,E01024184,7,1,1.0,0.0,-1,6,30,1,1,1,17:00,2,1,20
2023010479714,2023,010479714,1,1,3,1,32,6,3,10,9,0,0,0,0,7,E01000703,-1,0,0.0,1.0,-1,6,30,1,1,1,10:05,5,1,9
2023010434644,2023,010434644,1,1,1,1,38,7,3,0,0,0,0,0,2,3,E01001000,-1,0,0.0,1.0,-1,6,30,2,1,2,08:30,3,2,2
2023010426646,2023,010426646,1,1,1,1,34,6,3,0,0,0,0,0,3,1,E01002857,-1,0,0.0,1.0,-1,6,20,1,1,1,14:30,5,2,3
2023471303002,2023,471303002,1,1,1,1,83,11,3,0,0,0,0,0,9,4,E01031806,3,1,0.0,1.0,-1,6,30,1,1,1,12:40,3,2,9
2023302301227,2023,302301227,1,1,3,-1,9,2,3,5,1,0,0,0,0,3,E01019777,-1,0,0.03773,0.96227,-1,6,30,1,1,1,09:00,3,1,9
2023401361537,2023,401361537,1,1,3,1,48,8,3,9,5,0,0,0,0,3,E01016738,3,1,0.0,1.0,-1,6,20,1,1,-1,14:35,4,1,9
2023131384570,2023,131384570,2,1,1,1,37,7,2,0,0,0,0,0,1,4,E01010878,6,1,1.0,0.0,-1,6,30,1,4,2,22:51,6,2,1
2023010465425,2023,010465425,3,1,1,1,26,6,2,0,0,0,0,0,3,2,E01002045,-1,0,1.0,0.0,-1,6,20,1,4,1,21:23,2,3,3
2023161323121,2023,161323121,2,1,1,1,-1,-1,3,0,0,0,0,0,4,1,E01012894,3,1,0.0,1.0,-1,6,30,1,4,1,20:21,2,2,4
2023010470324,2023,010470324,1,1,3,1,46,8,3,5,3,0,0,0,0,4,E01004663,-1,0,0.0,1.0,-1,6,20,1,1,1,07:42,6,1,11
2023201355306,2023,201355306,1,1,3,2,13,3,2,1,1,0,0,0,0,-1,-1,7,1,1.0,0.0,-1,3,30,1,4,1,15:50,6,1,9
2023101331447,2023,101331447,1,1,3,1,70,10,3,5,1,0,0,0,0,-1,-1,3,1,0.0,1.0,-1,6,30,1,1,1,17:30,2,1,19
2023010449105,2023,010449105,1,2,3,2,40,7,3,6,9,0,0,0,0,5,E01003274,-1,0,0.0,1.0,-1,6,20,1,1,1,19:07,4,1,9
2023010473926,2023,010473926,1,1,3,1,8,2,3,5,1,0,0,0,0,8,E01002287,-1,0,0.0,1.0,-1,6,30,1,1,1,15:30,3,1,9
2023440261797,2023,440261797,1,1,1,1,23,5,3,0,0,0,0,0,3,1,E01022905,-1,0,0.20975,0.79025,-1,6,40,1,1,1,16:21,6,2,3
2023440000347,2023,440000347,1,1,3,1,35,6,3,5,9,0,0,0,0,6,E01022980,-1,0,0.05534,0.94466,-1,6,30,1,4,2,18:15,6,1,9
2023010444279,2023,010444279,1,1,1,1,26,6,3,0,0,0,0,0,1,5,E01032803,-1,0,0.0,1.0,-1,6,20,1,1,1,11:45,1,2,1
2023141275176,2023,141275176,2,1,1,2,35,6,2,0,0,0,0,0,9,4,E01007434,7,1,1.0,0.0,-1,6,30,1,1,1,15:40,7,2,9