collision_index,collision_year,collision_ref_no,vehicle_reference,casualty_reference,casualty_class,sex_of_casualty,age_of_casualty,age_band_of_casualty,casualty_severity,pedestrian_location,pedestrian_movement,car_passenger,bus_or_coach_passenger,pedestrian_road_maintenance_worker,casualty_type,casualty_imd_decile,lsoa_of_casualty,enhanced_casualty_severity,casualty_injury_based,casualty_adjusted_severity_serious,casualty_adjusted_severity_slight,casualty_distance_banding,road_type,speed_limit,weather_conditions,light_conditions,road_surface_conditions,time,day_of_week,number_of_vehicles,vehicle_type
2023122301111,2023,122301111,1,1,1,1,75,10,3,0,0,0,0,0,5,8,E01027591,-1,0,0.25257,0.74743,-1,6,60,1,1,1,11:28,4,1,5
2023221371673,2023,221371673,1,1,1,1,67,10,3,0,0,0,0,0,5,6,E01010350,3,1,0.0,1.0,-1,6,60,1,1,1,10:00,1,2,5
2023010449937,2023,010449937,2,1,1,1,26,6,3,0,0,0,0,0,1,2,E01004268,-1,0,0.0,1.0,-1,6,20,1,1,2,19:00,1,2,1
2023052301921,2023,052301921,2,1,1,1,11,3,3,0,0,0,0,0,1,2,E01006551,-1,0,0.14785,0.85215,-1,6,20,1,1,1,19:40,4,2,1
2023421272819,2023,421272819,1,1,1,1,72,10,3,0,0,0,0,0,9,3,E01021806,3,1,0.0,1.0,-1,6,40,1,1,2,09:16,2,2,9
2023471387913,2023,471387913,2,1,1,1,66,10,2,0,0,0,0,0,9,9,E01031625,5,1,1.0,0.0,-1,3,70,1,1,2,12:10,4,2,9
2023010460925,2023,010460925,1,1,3,1,82,11,2,5,3,0,0,0,0,3,E01001365,-1,0,1.0,0.0,-1,6,30,1,1,1,15:55,4,1,9
2023070303115,2023,070303115,2,2,2,2,25,5,3,0,0,1,0,0,9,4,E01018672,-1,0,0.04427,0.95573,-1,6,60,1,1,1,11:50,2,2,9
2023122300126,2023,122300126,2,4,2,1,28,6,3,0,0,2,0,0,9,1,E01012037,-1,0,0.05176,0.94824,-1,6,60,2,6,2,21:24,5,2,9
2023501314492,2023,501314492,2,1,1,2,17,4,3,0,0,0,0,0,9,5,E01020331,3,1,0.0,1.0,-1,1,30,1,1,1,10:00,7,2,9
2023131310173,2023,131310173,2,1,1,1,76,11,3,0,0,0,0,0,1,9,E01011457,3,1,0.0,1.0,-1,6,30,9,1,1,07:30,2,2,1
2023161377694,2023,161377694,1,1,1,1,23,5,3,0,0,0,0,0,3,7,E01013323,3,1,0.0,1.0,-1,1,30,2,4,2,21:30,2,2,3
2023041289730,2023,041289730,1,1,3,2,19,4,3,8,1,0,0,0,0,1,E01025224,3,1,0.0,1.0,-1,6,30,9,4,1,19:45,2,1,9
2023131283242,2023,131283242,2,1,1,1,10,2,2,0,0,0,0,0,1,1,E01011901,6,1,1.0,0.0,-1,2,30,1,1,1,12:06,1,2,1
2023371392514,2023,371392514,2,1,1,2,59,9,3,0,0,0,0,0,22,6,E01030056,3,1,0.0,1.0,-1,6,60,1,6,1,17:00,3,2,22
2023411359615,2023,411359615,2,1,2,1,17,4,3,0,0,0,0,0,3,7,E01023484,3,1,0.0,1.0,-1,6,30,1,4,1,20:45,1,2,3
2023052300696,2023,052300696,1,1,3,2,55,8,2,6,9,0,0,0,0,1,E01001358,-1,0,1.0,0.0,-1,6,30,1,1,1,13:38,7,6,20
2023010440617,2023,010440617,1,1,1,1,56,9,3,0,0,0,0,0,8,4,E01002179,-1,0,0.0,1.0,-1,3,30,1,4,1,02:45,3,2,8
2023991302120,2023,991302120,1,1,1,1,29,6,2,0,0,0,0,0,1,4,-1,5,1,1.0,0.0,-1,6,20,1,1,1,20:24,6,1,1
2023061329987,2023,061329987,2,1,1,1,27,6,2,0,0,0,0,0,1,2,E01005251,5,1,1.0,0.0,-1,6,30,1,1,1,20:20,1,2,1
2023010483497,2023,010483497,1,1,1,1,37,7,3,0,0,0,0,0,9,5,E01026760,-1,0,0.0,1.0,-1,3,70,2,4,2,07:25,3,2,9
2023311352394,2023,311352394,2,3,2,1,61,9,3,0,0,1,0,0,9,7,E01013902,3,1,0.0,1.0,-1,6,60,1,1,1,12:57,4,2,9
2023340WN0702,2023,340WN0702,2,1,1,1,30,6,2,0,0,0,0,0,9,6,E01016817,-1,0,1.0,0.0,-1,6,30,8,6,2,23:00,7,2,9
2023440362692,2023,440362692,2,2,1,1,64,9,3,0,0,0,0,0,9,7,E01023014,-1,0,0.08483,0.91517,-1,6,50,1,1,1,16:16,4,2,9
202360A159481,2023,60A159481,2,4,1,2,81,11,3,0,0,0,0,0,9,-1,-1,-1,0,0.12083,0.87917,-1,6,20,1,1,1,10:22,4,3,9
2023052302686,2023,052302686,1,1,3,2,0,1,3,6,9,0,0,0,0,2,E01007176,-1,0,0.08569,0.91431,-1,6,30,1,1,1,14:00,3,1,1
2023010461271,2023,010461271,1,1,1,1,44,7,2,0,0,0,0,0,1,7,E01001657,-1,0,1.0,0.0,-1,9,20,1,1,1,19:27,6,2,1
2023161352267,2023,161352267,2,1,1,2,10,2,3,0,0,0,0,0,1,-1,-1,3,1,0.0,1.0,-1,6,30,9,1,1,17:30,2,2,1
2023622300388,2023,622300388,2,2,1,1,21,5,3,0,0,0,0,0,4,1,W01000849,-1,0,0.07023,0.92977,-1,6,30,1,1,1,18:34,5,2,4
2023010455337,2023,010455337,1,1,1,1,20,4,3,0,0,0,0,0,3,9,E01000444,-1,0,0.0,1.0,-1,1,20,1,1,1,11:10,7,2,3
2023421312249,2023,421312249,1,1,1,1,18,4,2,0,0,0,0,0,3,10,E01021614,5,1,1.0,0.0,-1,3,40,1,1,1,14:00,7,2,3
2023010442594,2023,010442594,1,1,1,1,32,6,3,0,0,0,0,0,4,3,E01001409,-1,0,0.0,1.0,-1,6,20,2,1,2,12:35,6,3,4
2023010447502,2023,010447502,2,2,1,1,64,9,2,0,0,0,0,0,5,3,E01004063,-1,0,1.0,0.0,-1,1,20,1,1,1,09:25,4,3,5
2023141263376,2023,141263376,1,1,3,1,64,9,2,1,1,0,0,0,0,2,E01007770,7,1,1.0,0.0,-1,6,30,1,1,1,07:00,6,1,9
2023401388303,2023,401388303,1,1,3,1,41,7,3,5,3,0,0,0,0,6,E01017589,3,1,0.0,1.0,-1,6,30,1,4,-1,19:20,2,1,9
2023201406363,2023,201406363,2,1,1,1,29,6,2,0,0,0,0,0,4,4,E01029729,7,1,1.0,0.0,-1,6,40,2,4,2,19:10,4,2,4
2023101350436,2023,101350436,1,1,2,2,70,10,3,0,0,0,4,0,11,-1,-1,3,1,0.0,1.0,-1,6,30,1,1,1,09:50,4,2,11
2023010467926,2023,010467926,1,1,1,2,38,7,3,0,0,0,0,0,9,2,E01000783,-1,0,0.0,1.0,-1,6,30,1,1,1,07:37,1,1,9
2023061360933,2023,061360933,2,3,1,2,58,9,3,0,0,0,0,0,9,3,E01006115,3,1,0.0,1.0,-1,6,30,1,4,2,06:45,1,2,9
2023221325392,2023,221325392,1,1,1,1,79,11,3,0,0,0,0,0,9,5,E01014027,3,1,0.0,1.0,-1,6,30,1,1,1,13:13,5,2,9
2023311384815,2023,311384815,2,1,1,1,22,5,3,0,0,0,0,0,9,2,E01013933,3,1,0.0,1.0,-1,6,30,2,4,2,17:25,7,2,9
2023451339974,2023,451339974,1,1,2,2,88,11,3,0,0,1,0,0,9,10,E01030680,3,1,0.0,1.0,-1,6,40,1,1,1,09:25,4,2,9
2023547794123,2023,547794123,1,2,2,1,18,4,3,0,0,1,0,0,9,7,E01031891,-1,0,0.08162,0.91838,-1,3,70,1,1,1,04:30,3,1,9
2023052301562,2023,052301562,2,1,1,1,36,7,3,0,0,0,0,0,9,1,E01006766,-1,0,0.02643,0.97357,-1,6,30,1,4,1,22:45,5,2,9
2023010430562,2023,010430562,2,1,1,1,25,5,3,0,0,0,0,0,9,2,E01003514,-1,0,0.0,1.0,-1,6,20,1,4,1,20:20,1,2,9
2023421294295,2023,421294295,2,2,1,2,19,4,3,0,0,0,0,0,9,6,E01022000,3,1,0.0,1.0,-1,6,40,1,1,2,09:46,5,3,9
2023522401056,2023,522401056,2,2,2,2,19,4,3,0,0,1,0,0,9,9,E01014823,-1,0,0.02134,0.97866,-1,6,40,5,4,2,18:50,5,2,9
2023991285928,2023,991285928,2,1,1,2,31,6,3,0,0,0,0,0,9,6,-1,3,1,0.0,1.0,-1,3,60,2,1,2,15:27,1,2,9
2023131330462,2023,131330462,1,1,1,1,71,10,2,0,0,0,0,0,9,9,E01011179,6,1,1.0,0.0,-1,6,30,1,1,1,07:28,3,1,9
2023430138212,2023,430138212,2,2,1,2,46,8,3,0,0,0,0,0,9,9,E01016308,-1,0,0.03985,0.96015,-1,6,40,1,1,1,10:32,4,3,9
2023041341218,2023,041341218,1,2,2,2,74,10,3,0,0,1,0,0,9,4,E01005494,3,1,0.0,1.0,-1,6,50,1,1,1,15:51,1,2,9
2023451331171,2023,451331171,3,1,1,2,58,9,3,0,0,0,0,0,9,3,E01023107,3,1,0.0,1.0,-1,7,50,1,1,1,19:05,3,3,9
2023461323038,2023,461323038,2,1,2,2,34,6,3,0,0,-1,0,0,9,3,E01002402,3,1,0.0,1.0,-1,6,30,1,1,1,17:40,1,2,9
2023010451037,2023,010451037,1,1,3,1,13,3,2,4,3,0,0,0,0,2,E01003128,-1,0,1.0,0.0,-1,3,30,1,1,1,07:40,5,1,19
2023041359980,2023,041359980,1,1,3,2,32,6,3,8,7,0,0,2,0,3,E01025399,3,1,0.0,1.0,-1,6,30,2,4,2,23:50,5,2,9
2023302300122,2023,302300122,1,1,1,1,42,7,3,0,0,0,0,0,1,2,E01019682,-1,0,0.07788,0.92212,-1,6,30,9,1,1,13:30,6,2,1
2023340WN5482,2023,340WN5482,2,1,1,1,26,6,3,0,0,0,0,0,1,8,E01017738,-1,0,0.07527,0.92473,-1,3,40,2,1,2,17:45,6,2,1
2023461330033,2023,461330033,2,1,1,1,52,8,3,0,0,0,0,0,1,6,E01024512,3,1,0.0,1.0,-1,6,30,1,7,1,22:13,3,2,1
2023440387310,2023,440387310,1,1,1,1,21,5,3,0,0,0,0,0,3,6,E01017016,-1,0,0.1448,0.8552,-1,6,30,1,4,1,21:40,5,2,3
2023070205970,2023,070205970,1,4,2,1,26,6,2,0,0,2,0,0,9,-1,-1,-1,0,1.0,0.0,-1,3,70,1,6,1,21:47,6,2,9
2023351366386,2023,351366386,1,1,1,1,85,11,3,0,0,0,0,0,9,8,E01018206,3,1,0.0,1.0,-1,6,40,1,1,1,16:19,7,1,9
2023991383067,2023,991383067,1,1,3,1,38,7,3,1,3,0,0,0,0,1,-1,3,1,0.0,1.0,-1,3,30,1,4,2,21:00,3,1,9
2023161332320,2023,161332320,1,1,1,1,29,6,3,0,0,0,0,0,9,6,E01013027,3,1,0.0,1.0,-1,6,30,1,4,2,19:35,7,2,9
2023522301427,2023,522301427,2,1,2,1,66,10,3,0,0,1,0,0,9,5,E01015019,-1,0,0.03842,0.96158,-1,3,70,1,1,1,07:36,3,2,9
2023622300045,2023,622300045,1,1,3,2,55,8,2,1,1,0,0,0,0,2,W01001079,-1,0,1.0,0.0,-1,6,30,1,1,1,11:38,4,1,9
2023041328798,2023,041328798,2,2,1,1,33,6,3,0,0,0,0,0,9,4,E01025556,3,1,0.0,1.0,-1,6,30,1,1,1,20:23,3,3,9
2023421282305,2023,421282305,2,1,1,1,50,8,3,0,0,0,0,0,1,9,E01015858,3,1,0.0,1.0,-1,6,30,1,1,2,08:04,6,2,1
2023552300460,2023,552300460,2,1,1,1,47,8,2,0,0,0,0,0,3,4,E01015443,-1,0,1.0,0.0,-1,6,50,1,1,1,14:02,6,2,3
2023440292046,2023,440292046,2,1,1,1,30,6,3,0,0,0,0,0,5,4,E01017074,-1,0,0.18358,0.81642,-1,6,30,1,1,1,16:27,5,2,5
2023101267722,2023,101267722,1,2,2,2,32,6,3,0,0,2,0,0,8,2,E01008191,3,1,0.0,1.0,-1,6,30,1,4,1,18:27,1,1,8
2023161311129,2023,161311129,1,1,1,1,68,10,3,0,0,0,0,0,4,8,E01012984,3,1,0.0,1.0,-1,6,30,1,1,1,17:00,4,2,4
2023991260979,2023,991260979,1,1,3,2,12,3,2,5,1,0,0,2,0,5,-1,7,1,1.0,0.0,-1,6,30,1,1,1,08:30,2,1,9
2023052301617,2023,052301617,2,1,2,1,41,7,3,0,0,0,0,0,90,5,E01019305,-1,0,0.09103,0.90897,-1,6,20,1,4,1,23:00,4,2,90
2023101352547,2023,101352547,2,1,1,1,50,8,3,0,0,0,0,0,1,9,E01027521,3,1,0.0,1.0,-1,6,60,1,1,1,12:00,1,2,1
2023471291496,2023,471291496,2,2,2,1,50,8,3,0,0,0,0,0,3,2,E01016909,3,1,0.0,1.0,-1,3,30,1,4,2,19:07,3,2,3
2023010419544,2023,010419544,2,1,1,1,19,4,3,0,0,0,0,0,3,7,E01002199,-1,0,0.0,1.0,-1,7,30,1,4,1,02:50,4,2,3
2023010445033,2023,010445033,1,1,3,2,80,11,2,4,1,0,0,0,0,7,E01002122,-1,0,1.0,0.0,-1,6,30,1,1,1,15:30,5,1,19
2023430045222,2023,430045222,1,1,3,2,74,10,3,4,1,0,0,0,0,3,E01028546,-1,0,0.11048,0.88952,-1,6,20,1,1,1,12:20,2,1,3
2023010460315,2023,010460315,1,1,3,2,62,9,3,1,1,0,0,0,0,-1,-1,-1,0,0.0,1.0,-1,2,20,1,4,1,21:52,7,1,11
2023101278513,2023,101278513,2,1,1,1,62,9,3,0,0,0,0,0,8,10,E01008272,3,1,0.0,1.0,-1,3,70,1,4,1,18:30,2,3,8
2023411365067,2023,411365067,2,1,1,1,64,9,2,0,0,0,0,0,9,9,E01023426,7,1,1.0,0.0,-1,6,50,1,1,1,17:25,6,3,9
2023991265965,2023,991265965,2,3,2,1,37,7,3,0,0,1,0,0,9,3,-1,3,1,0.0,1.0,-1,7,30,1,6,4,19:00,5,2,9
2023052300265,2023,052300265,1,1,1,1,72,10,3,0,0,0,0,0,9,8,E01007282,-1,0,0.08945,0.91055,-1,6,30,1,1,2,15:57,5,2,9
2023332301117,2023,332301117,2,1,1,2,43,7,3,0,0,0,0,0,9,9,E01025611,-1,0,0.01784,0.98216,-1,6,30,1,4,1,17:35,7,2,9
2023440161663,2023,440161663,2,1,1,1,70,10,3,0,0,0,0,0,9,1,E01017332,-1,0,0.05381,0.94619,-1,6,30,1,1,1,12:50,3,2,9
2023201405795,2023,201405795,1,1,1,1,29,6,2,0,0,0,0,0,9,1,E01010131,7,1,1.0,0.0,-1,3,40,1,1,1,18:12,6,1,9
2023211374937,2023,211374937,1,1,2,1,18,4,3,0,0,1,0,0,9,-1,-1,3,1,0.0,1.0,-1,6,30,1,4,2,20:36,6,2,9
2023131328795,2023,131328795,1,1,1,1,21,5,3,0,0,0,0,0,9,2,E01011002,3,1,0.0,1.0,-1,6,50,8,1,1,16:30,4,1,9
2023302300956,2023,302300956,2,1,2,2,13,3,3,0,0,1,0,0,9,3,E01019484,-1,0,0.00633,0.99367,-1,6,30,9,1,1,21:00,6,2,9
2023361291200,2023,361291200,2,2,1,2,71,10,2,0,0,0,0,0,9,6,E01026877,6,1,1.0,0.0,-1,6,60,1,1,1,15:21,7,2,9
2023520301835,2023,520301835,1,1,1,2,40,7,3,0,0,0,0,0,9,7,E01029169,-1,0,0.04051,0.95949,-1,6,30,1,1,1,16:00,3,2,9
2023061339517,2023,061339517,1,4,2,1,24,5,3,0,0,0,4,0,11,2,-1,3,1,0.0,1.0,-1,6,30,1,1,1,12:35,3,1,11
2023061369578,2023,061369578,1,1,2,1,22,5,3,0,0,1,0,0,9,8,E01025539,3,1,0.0,1.0,-1,6,30,1,4,1,17:40,4,2,9
2023070258431,2023,070258431,2,2,2,2,47,8,3,0,0,1,0,0,9,3,E01012454,-1,0,0.00562,0.99438,-1,6,30,1,1,1,12:00,2,2,9
2023440303654,2023,440303654,1,1,1,2,44,7,3,0,0,0,0,0,9,6,E01023199,-1,0,0.06082,0.93918,-1,6,30,1,1,1,13:30,6,2,9
2023451346068,2023,451346068,1,1,1,1,24,5,3,0,0,0,0,0,9,5,E01023924,3,1,0.0,1.0,-1,6,30,1,1,1,19:40,1,2,9
2023201337319,2023,201337319,1,2,2,1,50,8,2,0,0,1,0,0,9,-1,-1,6,1,1.0,0.0,-1,6,30,1,1,2,06:41,7,1,9
2023311295982,2023,311295982,2,1,2,2,33,6,3,0,0,1,0,0,9,5,E01027998,3,1,0.0,1.0,-1,6,60,5,1,2,12:04,2,2,9
2023430312624,2023,430312624,2,1,1,1,32,6,3,0,0,0,0,0,9,10,E01028774,-1,0,0.06142,0.93858,-1,6,60,2,1,2,16:46,6,2,9
2023461274314,2023,461274314,2,1,1,2,28,6,3,0,0,0,0,0,9,6,E01024335,3,1,0.0,1.0,-1,6,30,1,1,1,12:55,2,2,9
2023430001941,2023,430001941,2,2,2,1,11,3,3,0,0,0,0,0,19,8,E01028462,-1,0,0.08056,0.91944,-1,6,50,1,4,1,17:06,2,2,19
2023061354498,2023,061354498,1,1,1,2,48,8,3,0,0,0,0,0,9,1,E01032921,3,1,0.0,1.0,-1,6,30,1,1,1,15:10,4,4,9
2023430126518,2023,430126518,1,1,1,1,27,6,3,0,0,0,0,0,9,9,E01028624,-1,0,0.10445,0.89555,-1,6,50,1,6,2,23:24,3,2,9
2023501367068,2023,501367068,2,1,2,1,8,2,3,0,0,2,0,0,9,7,E01030921,3,1,0.0,1.0,-1,9,60,1,1,2,16:01,4,2,9
2023440530917,2023,440530917,1,2,2,2,35,6,3,0,0,1,0,0,9,-1,-1,-1,0,0.01885,0.98115,-1,7,60,1,1,1,13:58,7,2,9
2023991343321,2023,991343321,1,1,2,1,17,4,2,0,0,1,0,0,9,6,-1,7,1,1.0,0.0,-1,6,60,2,1,2,09:20,7,1,9
2023041302749,2023,041302749,1,3,2,1,14,3,3,0,0,2,0,0,9,-1,-1,3,1,0.0,1.0,-1,6,30,1,1,1,14:20,2,2,9
2023311306424,2023,311306424,1,1,1,1,58,9,2,0,0,0,0,0,9,7,E01028015,6,1,1.0,0.0,-1,6,30,2,1,2,11:38,4,2,9
2023401316721,2023,401316721,1,1,1,2,-1,-1,3,0,0,0,0,0,9,2,E01015749,3,1,0.0,1.0,-1,6,30,1,4,1,22:06,4,3,9
2023440052982,2023,440052982,1,1,1,1,30,6,3,0,0,0,0,0,9,2,E01017117,-1,0,0.07059,0.92941,-1,6,40,1,4,1,06:41,4,2,9
2023010421975,2023,010421975,1,1,1,2,43,7,3,0,0,0,0,0,9,5,E01002213,-1,0,0.0,1.0,-1,9,30,1,4,1,20:10,3,1,9
2023421309005,2023,421309005,2,1,1,1,27,6,3,0,0,0,0,0,9,1,E01021576,3,1,0.0,1.0,-1,6,30,1,1,1,17:48,5,2,9
2023061283590,2023,061283590,1,1,1,2,32,6,3,0,0,0,0,0,9,1,E01005195,3,1,0.0,1.0,-1,6,20,1,1,-1,07:55,5,2,9
2023411274394,2023,411274394,3,1,1,2,30,6,3,0,0,0,0,0,9,7,E01023373,3,1,0.0,1.0,-1,1,70,1,1,1,10:45,4,3,9
2023052301696,2023,052301696,1,1,1,1,68,10,2,0,0,0,0,0,22,1,E01006779,-1,0,1.0,0.0,-1,3,40,1,1,1,12:55,1,1,22
2023201400842,2023,201400842,2,1,1,1,16,4,3,0,0,0,0,0,2,8,E01009785,3,1,0.0,1.0,-1,6,30,2,1,2,17:00,4,2,2
2023010432612,2023,010432612,2,1,1,1,-1,-1,3,0,0,0,0,0,1,9,E01001096,-1,0,0.0,1.0,-1,1,20,1,4,1,21:35,5,2,1
2023010473160,2023,010473160,1,1,1,1,25,5,3,0,0,0,0,0,1,7,E01003820,-1,0,0.0,1.0,-1,6,20,1,4,1,06:50,6,2,1
2023010483301,2023,010483301,1,1,1,1,23,5,3,0,0,0,0,0,3,3,E01000510,-1,0,0.0,1.0,-1,9,20,9,1,9,11:30,6,2,3
2023010486176,2023,010486176,1,1,3,2,70,10,2,5,1,0,0,0,0,3,E01000367,-1,0,1.0,0.0,-1,2,30,2,1,2,12:11,4,1,9
2023010420893,2023,010420893,2,1,1,2,25,5,2,0,0,0,0,0,1,1,E01001559,-1,0,1.0,0.0,-1,2,30,2,4,2,22:50,4,2,1
2023161361830,2023,161361830,2,1,1,1,24,5,2,0,0,0,0,0,3,1,E01012874,7,1,1.0,0.0,-1,6,30,8,1,2,16:30,4,2,3
2023010435259,2023,010435259,3,3,1,1,43,7,3,0,0,0,0,0,9,1,E01004309,-1,0,0.0,1.0,-1,3,50,2,1,2,18:22,6,3,9
2023052300538,2023,052300538,2,1,2,2,58,9,3,0,0,1,0,0,9,9,E01025512,-1,0,0.05658,0.94342,-1,3,40,2,4,2,18:50,1,2,9
2023141376822,2023,141376822,1,2,2,1,14,3,3,0,0,-1,0,0,9,3,E01007720,3,1,0.0,1.0,-1,3,30,1,4,2,17:25,2,2,9
2023991304914,2023,991304914,2,2,1,2,65,9,2,0,0,0,0,0,9,10,-1,7,1,1.0,0.0,-1,6,60,1,1,1,17:10,1,3,9
2023010423404,2023,010423404,1,1,3,-1,72,10,2,10,9,0,0,0,0,7,E01000665,-1,0,1.0,0.0,-1,6,30,9,4,9,07:00,2,1,9
2023351339479,2023,351339479,2,1,1,2,20,4,2,0,0,0,0,0,1,6,E01033120,7,1,1.0,0.0,-1,6,40,1,1,1,16:30,3,2,1
2023411374465,2023,411374465,2,1,1,1,19,4,3,0,0,0,0,0,1,5,E01023905,3,1,0.0,1.0,-1,6,30,1,6,1,21:30,5,2,1
2023430161246,2023,430161246,2,1,1,2,19,4,3,0,0,0,0,0,1,4,E01028819,-1,0,0.08658,0.91342,-1,1,20,1,1,1,18:41,5,2,1
2023070289859,2023,070289859,1,1,1,1,25,5,3,0,0,0,0,0,9,-1,-1,-1,0,0.05858,0.94142,-1,3,70,2,4,2,20:51,4,1,9
2023231300640,2023,231300640,2,1,1,1,49,8,3,0,0,0,0,0,9,3,E01031174,3,1,0.0,1.0,-1,6,30,1,1,1,16:40,5,2,9
2023332300356,2023,332300356,1,1,1,1,16,4,2,0,0,0,0,0,9,3,E01013779,-1,0,1.0,0.0,-1,6,30,1,1,1,13:15,3,2,9
2023401304048,2023,401304048,1,1,1,2,66,10,2,0,0,0,0,0,9,3,E01017568,7,1,1.0,0.0,-1,9,20,1,1,1,15:07,3,1,9
2023411287877,2023,411287877,1,2,2,1,21,5,3,0,0,1,0,0,9,8,E01017624,3,1,0.0,1.0,-1,3,40,2,4,2,22:28,6,1,9
2023421271808,2023,421271808,1,1,1,1,70,10,2,0,0,0,0,0,9,9,E01021477,5,1,1.0,0.0,-1,6,30,1,1,1,12:04,4,2,9
2023471263559,2023,471263559,1,1,1,2,36,7,2,0,0,0,0,0,9,5,E01031750,7,1,1.0,0.0,-1,6,60,8,1,1,13:20,1,2,9
2023031277843,2023,031277843,2,2,1,1,30,6,3,0,0,0,0,0,9,6,E01027488,3,1,0.0,1.0,-1,6,60,1,1,1,07:57,7,2,9
2023320544832,2023,320544832,2,1,2,2,60,9,3,0,0,1,0,0,9,4,E01011019,-1,0,0.02816,0.97184,-1,6,60,1,1,1,17:42,6,2,9
2023461367136,2023,461367136,1,1,3,1,52,8,3,10,9,0,0,2,0,3,E01024567,3,1,0.0,1.0,-1,6,30,1,1,1,09:17,5,1,9
2023111293456,2023,111293456,2,1,1,1,19,4,2,0,0,0,0,0,3,8,E01020862,7,1,1.0,0.0,-1,6,60,1,1,1,18:45,5,2,3
2023201276709,2023,201276709,2,1,1,2,58,9,3,0,0,0,0,0,9,2,E01009102,3,1,0.0,1.0,-1,1,30,1,4,1,18:50,4,2,9
2023411267680,2023,411267680,1,1,1,1,29,6,3,0,0,0,0,0,9,4,E01002583,3,1,0.0,1.0,-1,3,70,1,4,2,17:33,5,4,9
2023320210260,2023,320210260,2,3,1,1,51,8,3,0,0,0,0,0,9,4,E01026183,-1,0,0.03433,0.96567,-1,6,50,1,1,1,16:20,6,3,9
2023622300426,2023,622300426,1,1,3,1,12,3,3,5,1,0,0,0,0,8,W01001758,-1,0,0.09647,0.90353,-1,6,20,1,1,1,08:09,2,1,9
2023010468261,2023,010468261,1,1,1,1,30,6,3,0,0,0,0,0,3,6,E01000726,-1,0,0.0,1.0,-1,1,20,1,4,1,22:00,2,2,3
2023430291801,2023,430291801,2,2,1,1,39,7,3,0,0,0,0,0,5,9,E01033514,-1,0,0.23458,0.76542,-1,6,60,1,1,1,11:05,1,2,5
2023070497967,2023,070497967,1,2,2,2,42,7,3,0,0,1,0,0,9,6,E01018735,-1,0,0.05933,0.94067,-1,3,60,1,1,1,13:50,6,2,9
2023221330418,2023,221330418,1,1,1,2,72,10,3,0,0,0,0,0,9,3,E01028891,3,1,0.0,1.0,-1,6,60,1,1,1,16:35,5,2,9
2023451352645,2023,451352645,1,1,1,2,82,11,2,0,0,0,0,0,9,10,E01030589,5,1,1.0,0.0,-1,6,30,1,1,1,15:18,5,3,9
2023610009823,2023,610009823,1,1,1,1,84,11,3,0,0,1,0,0,9,8,W01001553,-1,0,0.1543,0.8457,-1,6,30,1,1,1,08:45,3,2,9
2023631326324,2023,631326324,1,2,2,1,17,4,2,0,0,1,0,0,9,-1,-1,6,1,1.0,0.0,-1,6,60,1,1,2,12:40,3,3,9
2023010446139,2023,010446139,1,1,1,1,69,10,3,0,0,0,0,0,19,9,E01024785,-1,0,0.0,1.0,-1,6,30,1,1,1,11:00,4,2,19
2023010480369,2023,010480369,1,2,2,1,22,5,3,0,0,1,0,0,9,3,E01002064,-1,0,0.0,1.0,-1,6,20,2,4,2,23:47,1,2,9
2023052302796,2023,052302796,2,1,1,1,-1,-1,3,0,0,0,0,0,9,6,E01007255,-1,0,0.01326,0.98674,-1,6,30,1,1,2,09:00,4,2,9
2023131308971,2023,131308971,2,2,1,2,43,7,3,0,0,0,0,0,9,2,E01011255,3,1,0.0,1.0,-1,6,30,1,1,1,15:02,5,2,9
2023631376123,2023,631376123,2,1,1,1,20,4,3,0,0,0,0,0,9,6,W01000489,3,1,0.0,1.0,-1,6,60,2,6,2,07:45,7,2,9
2023201379182,2023,201379182,1,3,2,1,80,11,3,0,0,-1,0,0,9,-1,-1,3,1,0.0,1.0,-1,3,60,1,1,1,14:21,7,5,9
2023461383204,2023,461383204,1,1,1,2,32,6,3,0,0,0,0,0,9,8,E01016079,3,1,0.0,1.0,-1,6,60,1,1,4,08:14,4,1,9
2023501302526,2023,501302526,1,2,2,2,83,11,3,0,0,2,0,0,9,2,E01018897,3,1,0.0,1.0,-1,3,70,2,1,2,18:41,4,1,9
2023201331749,2023,201331749,1,1,3,1,3,1,2,2,4,0,0,0,0,1,E01009957,5,1,1.0,0.0,-1,3,40,1,1,1,15:23,6,1,9
2023221341917,2023,221341917,2,1,1,1,22,5,3,0,0,0,0,0,-1,6,E01028850,3,1,0.0,1.0,-1,6,30,1,4,1,21:35,5,2,-1
202354A776023,2023,54A776023,1,1,1,1,21,5,3,0,0,0,0,0,1,9,E01015501,-1,0,0.08129,0.91871,-1,2,20,1,1,1,08:22,4,2,1
2023201339293,2023,201339293,1,4,2,2,22,5,3,0,0,1,0,0,9,3,E01009834,3,1,0.0,1.0,-1,6,30,1,4,1,22:46,6,2,9
2023471345189,2023,471345189,2,2,1,1,60,9,3,0,0,0,0,0,9,6,E01021186,3,1,0.0,1.0,-1,6,30,1,1,1,08:18,5,2,9
2023501307659,2023,501307659,1,1,1,1,80,11,2,0,0,0,0,0,9,5,E01020235,6,1,1.0,0.0,-1,6,30,1,1,1,16:10,2,1,9