collision_index,collision_year,collision_ref_no,vehicle_reference,casualty_reference,casualty_class,sex_of_casualty,age_of_casualty,age_band_of_casualty,casualty_severity,pedestrian_location,pedestrian_movement,car_passenger,bus_or_coach_passenger,pedestrian_road_maintenance_worker,casualty_type,casualty_imd_decile,lsoa_of_casualty,enhanced_casualty_severity,casualty_injury_based,casualty_adjusted_severity_serious,casualty_adjusted_severity_slight,casualty_distance_banding,road_type,speed_limit,weather_conditions,light_conditions,road_surface_conditions,time,day_of_week,number_of_vehicles,vehicle_type
2023302300455,2023,302300455,2,1,1,1,51,8,3,0,0,0,0,0,19,1,E01019488,-1,0,0.0973,0.9027,-1,6,30,1,1,1,06:15,2,2,19
2023201442987,2023,201442987,2,1,1,1,39,7,3,0,0,0,0,0,-1,2,E01010074,3,1,0.0,1.0,-1,1,30,1,4,1,18:18,6,2,-1
2023010435057,2023,010435057,1,1,3,2,8,2,2,1,1,0,0,0,0,1,E01033207,-1,0,1.0,0.0,-1,2,30,1,1,1,17:55,5,1,4
2023010469166,2023,010469166,2,1,1,1,31,6,3,0,0,0,0,0,1,5,E01001641,-1,0,0.0,1.0,-1,6,30,1,1,1,11:50,7,2,1
2023311331128,2023,311331128,2,1,1,1,46,8,2,0,0,0,0,0,1,-1,-1,7,1,1.0,0.0,-1,9,30,9,1,2,19:00,7,2,1
2023010442801,2023,010442801,1,1,1,1,36,7,3,0,0,0,0,0,3,5,E01003260,-1,0,0.0,1.0,-1,6,20,1,1,1,19:40,7,2,3
2023010460642,2023,010460642,1,2,2,1,35,6,3,0,0,1,0,0,9,2,E01003514,-1,0,0.0,1.0,-1,6,30,1,1,1,20:01,2,2,9
2023340WN4312,2023,340WN4312,2,1,1,2,36,7,3,0,0,0,0,0,9,1,E01032979,-1,0,0.01353,0.98647,-1,6,30,1,1,1,10:50,5,2,9
2023361373849,2023,361373849,2,1,1,1,43,7,3,0,0,0,0,0,9,4,E01033048,3,1,0.0,1.0,-1,6,60,1,1,1,09:18,5,2,9
2023501320944,2023,501320944,1,1,1,2,58,9,3,0,0,0,0,0,9,5,E01020153,3,1,0.0,1.0,-1,6,30,1,1,1,16:10,3,2,9
2023531302418,2023,531302418,2,1,1,1,56,9,2,0,0,0,0,0,9,6,E01032934,6,1,1.0,0.0,-1,6,40,1,1,1,10:40,1,2,9
2023622300732,2023,622300732,2,2,1,1,23,5,3,0,0,0,0,0,9,2,W01001768,-1,0,0.01543,0.98457,-1,6,30,2,1,2,09:52,5,2,9
2023531263143,2023,531263143,2,3,2,2,75,10,3,0,0,1,0,0,9,8,W01001559,3,1,0.0,1.0,-1,6,60,5,6,2,16:37,5,5,9
2023520301804,2023,520301804,1,1,1,1,61,9,2,0,0,0,0,0,1,3,E01032635,-1,0,1.0,0.0,-1,6,50,1,6,1,05:00,5,2,1
2023440506974,2023,440506974,1,1,3,2,63,9,3,5,1,0,0,0,0,3,E01017325,-1,0,0.09836,0.90164,-1,2,30,1,1,1,13:15,3,1,9
2023501386935,2023,501386935,1,1,3,2,32,6,2,6,9,0,0,0,0,2,E01018868,5,1,1.0,0.0,-1,6,30,1,1,2,14:42,2,1,19
2023141344849,2023,141344849,1,1,1,1,18,4,2,0,0,0,0,0,1,-1,-1,7,1,1.0,0.0,-1,6,20,1,1,1,16:05,4,2,1
2023141270324,2023,141270324,1,1,1,1,31,6,2,0,0,0,0,0,9,7,E01007477,7,1,1.0,0.0,-1,9,40,1,1,1,12:37,2,2,9
2023211355453,2023,211355453,2,1,1,2,44,7,3,0,0,0,0,0,9,4,E01014245,3,1,0.0,1.0,-1,6,30,1,1,2,16:45,6,2,9
2023221397258,2023,221397258,2,1,1,2,50,8,3,0,0,0,0,0,9,6,E01028888,3,1,0.0,1.0,-1,6,60,1,6,4,17:24,3,2,9
2023440009933,2023,440009933,1,1,1,2,27,6,2,0,0,0,0,0,9,-1,-1,-1,0,1.0,0.0,-1,6,20,5,4,2,20:36,1,2,9
2023471271620,2023,471271620,1,3,2,2,70,10,3,0,0,2,0,0,9,7,E01021009,3,1,0.0,1.0,-1,6,50,1,1,2,10:23,5,3,9
2023552300531,2023,552300531,3,2,2,1,14,3,3,0,0,1,0,0,9,7,E01020365,-1,0,0.00902,0.99098,-1,6,30,1,1,1,08:37,4,4,9
2023010455577,2023,010455577,1,2,2,1,35,6,3,0,0,0,0,0,90,3,E01004337,-1,0,0.0,1.0,-1,7,30,8,4,2,03:40,2,1,90
2023010475896,2023,010475896,1,1,1,1,56,9,3,0,0,0,0,0,1,5,E01003083,-1,0,0.0,1.0,-1,6,20,2,1,2,15:00,6,1,1
2023010427458,2023,010427458,1,1,1,2,54,8,3,0,0,0,0,0,3,3,E01003406,-1,0,0.0,1.0,-1,6,20,1,4,1,19:05,4,2,3
2023122300410,2023,122300410,1,1,1,2,72,10,2,0,0,0,0,0,9,9,E01027894,-1,0,1.0,0.0,-1,6,30,1,1,1,11:06,3,2,9
2023461284163,2023,461284163,2,1,1,2,52,8,3,0,0,0,0,0,9,8,E01024810,3,1,0.0,1.0,-1,6,50,1,1,1,15:25,5,2,9
2023231297891,2023,231297891,2,1,1,1,55,8,3,0,0,0,0,0,19,5,E01014280,3,1,0.0,1.0,-1,3,70,1,1,1,11:30,4,2,19
2023010449115,2023,010449115,2,1,1,2,39,7,2,0,0,0,0,0,1,-1,-1,-1,0,1.0,0.0,-1,6,20,1,4,1,22:43,4,2,1
2023010467419,2023,010467419,1,1,1,2,27,6,3,0,0,0,0,0,1,7,E01004620,-1,0,0.0,1.0,-1,6,20,2,1,2,17:50,4,2,1
2023161336975,2023,161336975,1,1,1,1,20,4,3,0,0,0,0,0,9,3,E01012825,3,1,0.0,1.0,-1,6,30,1,1,1,16:44,6,2,9
2023302300279,2023,302300279,2,1,1,1,53,8,3,0,0,0,0,0,9,6,E01029371,-1,0,0.12853,0.87147,-1,6,60,1,1,1,08:30,6,2,9
2023361348051,2023,361348051,2,1,1,2,63,9,2,0,0,0,0,0,9,4,E01026891,7,1,1.0,0.0,-1,6,60,1,1,1,20:14,7,2,9
2023501296445,2023,501296445,1,1,1,1,19,4,3,0,0,0,0,0,9,4,E01020328,3,1,0.0,1.0,-1,6,60,1,1,1,15:20,5,1,9
202354D027923,2023,54D027923,1,1,1,2,71,10,3,0,0,0,0,0,9,5,E01031898,-1,0,0.08066,0.91934,-1,1,50,1,1,2,12:11,6,1,9
2023122301071,2023,122301071,1,1,1,1,47,8,3,0,0,0,0,0,19,8,E01012032,-1,0,0.09892,0.90108,-1,6,60,1,1,1,15:18,7,2,19
2023010424509,2023,010424509,1,1,1,2,30,6,3,0,0,0,0,0,1,8,E01004514,-1,0,0.0,1.0,-1,6,20,1,1,1,09:00,3,2,1
2023010444090,2023,010444090,1,1,1,1,51,8,3,0,0,0,0,0,3,2,E01002078,-1,0,0.0,1.0,-1,6,20,1,1,1,19:30,6,2,3
2023351351704,2023,351351704,2,2,2,2,49,8,3,0,0,1,0,0,9,3,E01018145,3,1,0.0,1.0,-1,6,30,2,1,-1,06:04,6,2,9
2023440436859,2023,440436859,1,1,1,1,60,9,3,0,0,0,0,0,9,6,E01022551,-1,0,0.07557,0.92443,-1,6,30,1,1,1,10:24,4,2,9
2023010459913,2023,010459913,2,1,1,1,52,8,3,0,0,0,0,0,1,1,E01003961,-1,0,0.0,1.0,-1,3,30,1,1,1,16:43,5,2,1
2023340WN0602,2023,340WN0602,2,1,1,2,46,8,3,0,0,0,0,0,9,5,E01027138,-1,0,0.01995,0.98005,-1,1,40,8,1,1,15:26,2,2,9
2023010439423,2023,010439423,1,1,1,1,28,6,2,0,0,0,0,0,9,7,E01002197,-1,0,1.0,0.0,-1,7,20,8,1,1,15:45,3,1,9
2023010474716,2023,010474716,2,1,1,1,52,8,3,0,0,0,0,0,9,3,E01002572,-1,0,0.0,1.0,-1,6,20,1,1,2,14:47,1,2,9
2023122300896,2023,122300896,2,2,2,2,16,4,3,0,0,2,0,0,9,8,E01005016,-1,0,0.03416,0.96584,-1,6,60,1,1,1,12:30,1,2,9
2023161342998,2023,161342998,1,4,1,2,27,6,3,0,0,0,0,0,9,5,E01012910,3,1,0.0,1.0,-1,3,30,1,1,1,19:15,4,2,9
2023411297874,2023,411297874,1,1,1,1,34,6,3,0,0,0,0,0,9,2,E01002097,3,1,0.0,1.0,-1,3,70,1,1,1,11:33,6,3,9
2023451339934,2023,451339934,1,1,1,1,61,9,3,0,0,0,0,0,9,10,E01004120,3,1,0.0,1.0,-1,3,70,2,1,2,13:39,3,2,9
2023991317838,2023,991317838,1,1,1,1,26,6,3,0,0,0,0,0,9,-1,-1,3,1,0.0,1.0,-1,6,30,1,1,1,18:40,2,3,9
2023101388336,2023,101388336,1,1,3,2,63,9,3,5,3,0,0,0,0,2,E01008296,3,1,0.0,1.0,-1,6,20,2,4,2,19:30,3,1,-1
2023041411847,2023,041411847,1,2,2,1,17,4,2,0,0,1,0,0,9,3,E01025246,7,1,1.0,0.0,-1,6,30,1,4,2,21:16,4,1,9
2023201348451,2023,201348451,3,1,1,1,21,5,3,0,0,0,0,0,9,6,E01010082,3,1,0.0,1.0,-1,6,30,1,1,1,14:00,6,3,9
2023501366595,2023,501366595,2,1,1,1,65,9,3,0,0,0,0,0,9,8,E01031195,3,1,0.0,1.0,-1,6,60,1,1,1,15:10,2,3,9
2023991360627,2023,991360627,2,1,1,1,29,6,3,0,0,0,0,0,9,9,-1,3,1,0.0,1.0,-1,6,40,2,6,2,19:10,7,2,9
2023440172693,2023,440172693,1,1,1,1,34,6,3,0,0,0,0,0,19,5,E01017030,-1,0,0.00611,0.99389,-1,7,70,1,1,1,16:00,3,2,19
2023010468859,2023,010468859,2,1,1,1,62,9,3,0,0,0,0,0,1,5,E01003307,-1,0,0.0,1.0,-1,6,20,1,1,1,18:15,5,2,1
2023052302464,2023,052302464,2,2,2,2,23,5,3,0,0,1,0,0,9,2,E01006725,-1,0,0.04316,0.95684,-1,3,70,1,1,2,17:19,7,2,9
2023531318263,2023,531318263,1,2,2,1,17,4,3,0,0,1,0,0,9,3,E01009112,3,1,0.0,1.0,-1,6,60,1,6,1,00:50,3,1,9
2023311387321,2023,311387321,1,6,2,2,7,2,3,0,0,0,4,0,11,-1,-1,3,1,0.0,1.0,-1,6,60,2,1,2,13:30,3,1,11
2023461263849,2023,461263849,1,1,3,2,56,9,3,4,3,0,0,0,0,7,E01024129,3,1,0.0,1.0,-1,6,30,1,4,1,17:05,2,1,3
2023010438724,2023,010438724,1,2,2,1,24,5,3,0,0,2,0,0,9,2,E01004310,-1,0,0.0,1.0,-1,6,30,1,4,1,00:17,7,2,9
2023061351496,2023,061351496,2,1,1,2,28,6,3,0,0,0,0,0,9,8,E01005411,3,1,0.0,1.0,-1,6,30,1,1,-1,13:45,3,3,9
2023461281414,2023,461281414,1,1,1,2,19,4,3,0,0,0,0,0,9,5,E01024014,3,1,0.0,1.0,-1,6,30,1,5,1,21:49,7,1,9
2023440247458,2023,440247458,1,1,1,1,38,7,3,0,0,0,0,0,4,9,E01023094,-1,0,0.20904,0.79096,-1,1,40,1,1,1,19:44,4,1,4
2023122300168,2023,122300168,2,2,1,1,24,5,3,0,0,0,0,0,9,6,E01025421,-1,0,0.08571,0.91429,-1,6,60,4,5,2,21:17,1,2,9
2023451298029,2023,451298029,2,3,2,2,43,7,3,0,0,1,0,0,9,10,E01022590,3,1,0.0,1.0,-1,3,70,1,1,1,06:54,3,2,9
2023543814123,2023,543814123,1,3,2,1,22,5,2,0,0,1,0,0,9,7,E01032694,-1,0,1.0,0.0,-1,6,50,2,1,2,16:28,3,2,9
2023471358433,2023,471358433,1,1,3,1,84,11,2,1,3,0,0,0,0,8,E01016958,6,1,1.0,0.0,-1,6,20,2,1,1,09:55,2,1,-1
2023552301346,2023,552301346,2,1,1,1,18,4,3,0,0,0,0,0,1,3,E01015381,-1,0,0.06648,0.93352,-1,1,30,1,4,2,22:08,5,2,1
2023122301378,2023,122301378,1,1,1,1,44,7,3,0,0,0,0,0,9,3,E01011920,-1,0,0.04506,0.95494,-1,3,70,1,1,1,10:45,2,2,9
2023201314084,2023,201314084,1,1,1,2,19,4,3,0,0,0,0,0,9,8,E01029493,3,1,0.0,1.0,-1,6,30,2,4,2,23:50,7,2,9
2023221352476,2023,221352476,1,1,1,1,19,4,3,0,0,0,0,0,3,2,E01014071,3,1,0.0,1.0,-1,6,30,1,1,1,08:05,3,2,3
2023161309598,2023,161309598,2,2,1,2,-1,-1,2,0,0,0,0,0,9,9,E01012962,7,1,1.0,0.0,-1,6,60,1,1,1,18:05,7,2,9
2023421352482,2023,421352482,2,1,1,2,66,10,3,0,0,0,0,0,9,10,E01018259,3,1,0.0,1.0,-1,6,60,1,1,1,08:42,5,3,9
2023451362488,2023,451362488,2,1,1,2,33,6,3,0,0,0,0,0,9,6,E01030455,3,1,0.0,1.0,-1,1,30,2,1,2,10:33,6,3,9
2023010456745,2023,010456745,1,1,3,1,45,7,3,1,1,0,0,0,0,2,E01003566,-1,0,0.0,1.0,-1,6,30,5,5,2,23:09,7,1,11
2023161377415,2023,161377415,1,1,1,1,21,5,3,0,0,0,0,0,1,5,E01013200,3,1,0.0,1.0,-1,6,30,1,4,1,22:45,5,2,1
2023161279466,2023,161279466,1,1,2,2,5,1,3,0,0,2,0,0,9,1,E01012785,3,1,0.0,1.0,-1,1,30,1,1,1,15:40,4,2,9
2023201381732,2023,201381732,2,1,1,1,42,7,3,0,0,0,0,0,9,1,E01009122,3,1,0.0,1.0,-1,3,30,1,1,1,18:51,4,2,9
2023302301228,2023,302301228,1,2,1,1,18,4,3,0,0,0,0,0,9,5,E01019525,-1,0,0.04532,0.95468,-1,6,60,1,1,1,08:25,3,3,9
2023010460587,2023,010460587,1,1,3,1,23,5,3,1,3,0,0,0,0,3,E01004125,-1,0,0.0,1.0,-1,6,30,1,1,2,17:01,2,2,2
2023631348167,2023,631348167,1,1,2,2,11,3,3,0,0,1,0,0,9,6,W01000509,3,1,0.0,1.0,-1,6,60,1,1,1,15:25,1,1,9
2023451385031,2023,451385031,1,1,1,1,28,6,3,0,0,0,0,0,3,10,E01030307,3,1,0.0,1.0,-1,6,40,4,1,2,13:20,7,2,3
2023061291848,2023,061291848,3,2,1,1,36,7,3,0,0,0,0,0,9,4,E01005730,3,1,0.0,1.0,-1,6,30,1,1,2,18:45,4,4,9
2023440367302,2023,440367302,1,3,2,1,11,3,3,0,0,2,0,0,9,7,E01002154,-1,0,0.08791,0.91209,-1,3,70,1,1,1,11:20,7,2,9
2023451369655,2023,451369655,1,1,1,2,40,7,3,0,0,0,0,0,9,7,E01017256,3,1,0.0,1.0,-1,3,70,1,1,1,17:30,4,2,9
2023471292960,2023,471292960,1,2,2,2,71,10,2,0,0,1,0,0,9,9,E01021167,5,1,1.0,0.0,-1,6,40,1,1,2,14:45,1,2,9
2023010445125,2023,010445125,2,1,1,1,22,5,2,0,0,0,0,0,3,-1,-1,-1,0,1.0,0.0,-1,6,30,1,4,1,00:10,6,2,3
2023010476712,2023,010476712,1,1,1,1,34,6,2,0,0,0,0,0,4,5,E01023838,-1,0,1.0,0.0,-1,3,70,1,1,2,16:08,4,3,4
2023520300585,2023,520300585,1,5,2,1,19,4,3,0,0,2,0,0,9,1,E01029293,-1,0,0.13153,0.86847,-1,6,60,1,6,1,23:06,1,1,9
2023010469575,2023,010469575,1,1,1,1,55,8,3,0,0,0,0,0,11,7,E01002182,-1,0,0.0,1.0,-1,6,30,2,1,2,18:20,2,2,11
2023461364560,2023,461364560,2,1,1,1,63,9,2,0,0,0,0,0,1,6,E01024117,7,1,1.0,0.0,-1,6,30,1,1,1,09:02,3,2,1
2023010465481,2023,010465481,1,1,2,1,3,1,3,0,0,2,0,0,9,3,E01001311,-1,0,0.0,1.0,-1,6,30,1,1,1,08:26,3,3,9
2023041368701,2023,041368701,1,2,2,1,10,2,3,0,0,1,0,0,9,9,E01025340,3,1,0.0,1.0,-1,6,30,2,4,2,16:40,2,2,9
2023101379675,2023,101379675,2,2,1,2,48,8,3,0,0,0,0,0,9,4,E01008814,3,1,0.0,1.0,-1,6,30,2,4,2,18:00,2,2,9
2023501344886,2023,501344886,2,2,2,2,55,8,3,0,0,1,0,0,9,5,E01018756,3,1,0.0,1.0,-1,6,60,1,1,1,13:49,2,2,9
2023201378770,2023,201378770,1,1,3,1,13,3,2,5,2,0,0,0,0,-1,-1,7,1,1.0,0.0,-1,6,30,1,1,1,16:10,3,1,9
2023311306158,2023,311306158,1,1,3,2,43,7,3,5,9,0,0,0,0,1,E01013821,3,1,0.0,1.0,-1,6,30,1,1,1,14:30,4,1,9
2023421326508,2023,421326508,2,1,1,2,33,6,3,0,0,0,0,0,1,4,E01015905,3,1,0.0,1.0,-1,6,30,1,1,1,16:35,1,2,1
2023231325863,2023,231325863,1,1,1,2,50,8,2,0,0,0,0,0,9,3,E01031173,7,1,1.0,0.0,-1,6,40,1,4,1,21:49,7,2,9
2023371318953,2023,371318953,2,1,1,1,38,7,3,0,0,0,0,0,9,6,E01029915,3,1,0.0,1.0,-1,1,30,1,1,1,19:54,4,3,9
2023471320825,2023,471320825,2,2,1,2,25,5,2,0,0,0,0,0,9,7,E01030583,6,1,1.0,0.0,-1,6,30,1,1,1,13:39,3,2,9
2023991320387,2023,991320387,2,2,2,1,34,6,3,0,0,1,0,0,9,2,-1,3,1,0.0,1.0,-1,6,30,1,4,1,01:37,3,2,9
2023010456681,2023,010456681,1,1,1,2,35,6,3,0,0,0,0,0,9,3,E01002404,-1,0,0.0,1.0,-1,3,40,2,1,2,15:30,7,2,9
2023061268079,2023,061268079,1,1,2,2,22,5,3,0,0,2,0,0,9,7,E01012053,3,1,0.0,1.0,-1,6,30,1,4,1,21:35,4,2,9
2023141383494,2023,141383494,1,1,2,2,36,7,2,0,0,1,0,0,9,5,E01007953,6,1,1.0,0.0,-1,6,60,1,1,4,12:26,4,1,9
2023440440556,2023,440440556,2,2,1,1,65,9,3,0,0,0,0,0,9,10,E01023230,-1,0,0.10694,0.89306,-1,3,60,1,4,2,18:13,6,2,9
2023141306364,2023,141306364,1,2,2,1,23,5,3,0,0,0,0,0,98,-1,-1,3,1,0.0,1.0,-1,6,60,1,1,2,20:35,4,2,98
2023131358525,2023,131358525,2,2,2,2,18,4,3,0,0,0,0,0,9,1,E01010802,3,1,0.0,1.0,-1,1,30,1,7,2,19:15,1,2,9
2023430134556,2023,430134556,1,2,2,1,27,6,3,0,0,1,0,0,9,8,E01016508,-1,0,0.0105,0.9895,-1,3,30,1,1,1,13:50,7,2,9
2023991299129,2023,991299129,2,2,1,1,50,8,3,0,0,0,0,0,9,9,-1,3,1,0.0,1.0,-1,6,30,1,1,1,18:15,5,2,9
2023991343241,2023,991343241,1,2,2,2,17,4,3,0,0,1,0,0,9,1,-1,3,1,0.0,1.0,-1,6,60,1,6,1,22:15,5,1,9
2023010443834,2023,010443834,1,1,3,2,28,6,3,1,1,0,0,0,0,4,E01003803,-1,0,0.0,1.0,-1,6,30,8,1,1,08:20,6,1,1
2023010454733,2023,010454733,1,1,1,1,33,6,3,0,0,0,0,0,1,7,E01003027,-1,0,0.0,1.0,-1,3,20,1,1,1,08:15,4,1,1
2023010471850,2023,010471850,1,1,1,1,46,8,3,0,0,0,0,0,3,1,E01001178,-1,0,0.0,1.0,-1,6,30,1,1,1,15:50,6,2,3
2023061373950,2023,061373950,2,1,1,1,18,4,3,0,0,0,0,0,3,8,E01004919,3,1,0.0,1.0,-1,6,20,2,1,2,08:50,3,3,3
2023430027606,2023,430027606,1,1,1,1,27,6,3,0,0,0,0,0,9,10,E01028655,-1,0,0.04757,0.95243,-1,6,30,1,1,4,09:35,5,1,9
2023471391697,2023,471391697,2,1,1,1,28,6,3,0,0,0,0,0,9,9,E01030574,3,1,0.0,1.0,-1,3,30,1,4,1,20:28,6,2,9
2023991279018,2023,991279018,1,2,2,2,22,5,3,0,0,1,0,0,9,-1,-1,3,1,0.0,1.0,-1,6,60,2,1,2,18:00,2,2,9
2023010424638,2023,010424638,1,2,2,-1,-1,-1,3,0,0,1,0,0,9,1,E01002040,-1,0,0.0,1.0,-1,3,40,1,4,1,07:10,1,1,9
2023411310631,2023,411310631,1,1,1,1,74,10,3,0,0,0,0,0,9,7,E01023373,3,1,0.0,1.0,-1,6,30,1,1,1,15:33,3,3,9
2023451265625,2023,451265625,1,1,1,2,39,7,3,0,0,0,0,0,9,8,E01030611,3,1,0.0,1.0,-1,3,70,1,1,1,17:50,5,5,9
2023010441197,2023,010441197,1,1,1,1,21,5,3,0,0,0,0,0,4,5,E01004353,-1,0,0.0,1.0,-1,3,20,1,1,1,19:15,5,2,4
2023320032517,2023,320032517,3,1,1,2,46,8,3,0,0,0,0,0,9,9,E01026234,-1,0,0.0215,0.9785,-1,6,60,7,1,4,08:20,3,3,9
2023302300363,2023,302300363,1,1,1,1,57,9,3,0,0,0,0,0,11,4,E01013733,-1,0,0.09568,0.90432,-1,6,50,1,1,2,16:33,5,2,11
2023031313951,2023,031313951,1,1,1,1,35,6,2,0,0,0,0,0,3,1,E01025110,7,1,1.0,0.0,-1,6,60,1,1,1,18:26,5,2,3
2023101339553,2023,101339553,2,1,1,2,50,8,3,0,0,0,0,0,9,7,E01027495,3,1,0.0,1.0,-1,6,50,1,1,1,14:40,6,2,9
2023471344174,2023,471344174,4,1,2,2,61,9,3,0,0,1,0,0,9,7,E01020970,3,1,0.0,1.0,-1,6,30,1,1,1,12:48,2,5,9
2023631314531,2023,631314531,2,1,1,2,57,9,3,0,0,0,0,0,9,10,W01000665,3,1,0.0,1.0,-1,6,30,1,1,1,10:00,6,2,9
2023340NN3562,2023,340NN3562,2,1,1,2,27,6,3,0,0,0,0,0,9,-1,-1,-1,0,0.0082,0.9918,-1,6,40,1,1,1,09:30,6,2,9
2023440211664,2023,440211664,1,1,2,2,44,7,3,0,0,0,0,0,19,10,E01022726,-1,0,0.02229,0.97771,-1,3,70,1,1,1,17:33,1,2,19
2023010453085,2023,010453085,2,1,1,1,24,5,3,0,0,0,0,0,3,2,E01003111,-1,0,0.0,1.0,-1,3,30,1,1,1,08:20,3,2,3
2023430408511,2023,430408511,2,1,1,1,21,5,2,0,0,0,0,0,5,9,E01028723,-1,0,1.0,0.0,-1,6,60,1,1,1,07:36,3,3,5
2023010432869,2023,010432869,1,1,1,1,56,9,3,0,0,0,0,0,9,1,E01004245,-1,0,0.0,1.0,-1,6,30,2,1,2,11:09,7,2,9
2023320516185,2023,320516185,1,1,1,1,20,4,3,0,0,0,0,0,9,8,E01026337,-1,0,0.13711,0.86289,-1,1,60,1,4,1,22:59,7,1,9
2023320798339,2023,320798339,1,1,3,1,55,8,2,5,1,0,0,0,0,2,E01026170,-1,0,1.0,0.0,-1,6,30,1,4,2,20:24,7,1,8
2023311282458,2023,311282458,1,1,1,1,39,7,3,0,0,0,0,0,1,3,E01027931,3,1,0.0,1.0,-1,6,30,2,4,2,23:15,4,2,1
2023010429801,2023,010429801,1,1,1,1,26,6,3,0,0,0,0,0,3,5,E01003080,-1,0,0.0,1.0,-1,1,20,1,4,1,21:00,3,2,3
2023010440132,2023,010440132,1,1,1,1,27,6,3,0,0,0,0,0,3,1,E01002040,-1,0,0.0,1.0,-1,9,20,1,1,1,17:46,6,2,3
2023010475592,2023,010475592,1,1,1,1,23,5,3,0,0,0,0,0,3,6,E01003030,-1,0,0.0,1.0,-1,3,20,5,7,2,22:18,5,1,3
2023052302394,2023,052302394,1,1,1,1,30,6,3,0,0,0,0,0,9,1,E01006478,-1,0,0.03927,0.96073,-1,6,30,1,1,1,10:15,2,3,9
2023421354345,2023,421354345,2,1,1,2,46,8,3,0,0,0,0,0,9,6,E01021917,3,1,0.0,1.0,-1,6,30,2,4,2,21:22,6,2,9
2023461331258,2023,461331258,2,1,1,1,24,5,3,0,0,0,0,0,9,9,E01024415,3,1,0.0,1.0,-1,6,40,1,1,1,01:00,7,2,9
2023471354420,2023,471354420,1,1,1,1,29,6,3,0,0,0,0,0,9,8,E01024514,3,1,0.0,1.0,-1,6,30,2,1,2,07:37,3,2,9
2023061300419,2023,061300419,1,1,3,1,20,4,3,8,1,0,0,0,0,-1,-1,3,1,0.0,1.0,-1,6,30,1,1,1,19:08,4,1,9
2023010435830,2023,010435830,1,1,1,2,36,7,3,0,0,0,0,0,9,3,E01002547,-1,0,0.0,1.0,-1,6,40,1,1,1,14:54,3,2,9
2023031287607,2023,031287607,1,4,1,2,33,6,3,0,0,0,0,0,9,2,E01028008,3,1,0.0,1.0,-1,3,70,2,1,2,17:59,5,2,9
2023161393462,2023,161393462,1,2,2,2,20,4,2,0,0,1,0,0,9,1,E01012789,7,1,1.0,0.0,-1,6,40,2,6,2,02:45,7,1,9
2023351368602,2023,351368602,2,1,1,2,49,8,3,0,0,0,0,0,9,7,E01018043,3,1,0.0,1.0,-1,6,30,1,1,1,15:35,7,2,9
2023991281505,2023,991281505,2,1,1,1,83,11,3,0,0,0,0,0,9,1,-1,3,1,0.0,1.0,-1,3,30,1,4,2,17:50,3,2,9
2023461348068,2023,461348068,1,2,3,2,28,6,1,5,1,0,0,0,0,6,E01023988,1,1,0.0,0.0,-1,6,30,1,6,2,21:24,7,1,9
2023041376800,2023,041376800,2,1,1,2,35,6,3,0,0,0,0,0,9,1,E01012595,3,1,0.0,1.0,-1,6,20,1,1,1,14:15,3,3,9
2023052301792,2023,052301792,1,1,3,1,44,7,3,4,1,0,0,0,0,1,E01006761,-1,0,0.12898,0.87102,-1,6,30,1,1,1,15:00,1,1,9
2023411264505,2023,411264505,2,2,1,1,55,8,3,0,0,0,0,0,9,3,E01023310,3,1,0.0,1.0,-1,3,70,1,4,2,05:44,5,2,9
2023411340589,2023,411340589,2,1,1,1,43,7,3,0,0,0,0,0,9,9,E01017447,3,1,0.0,1.0,-1,1,30,1,1,1,13:40,5,2,9
2023421284479,2023,421284479,2,1,1,1,29,6,3,0,0,0,0,0,9,5,E01002292,3,1,0.0,1.0,-1,6,30,1,4,1,19:10,3,2,9
2023010430972,2023,010430972,1,1,3,2,56,9,2,8,5,0,0,0,0,3,E01003555,-1,0,1.0,0.0,-1,1,20,1,4,1,22:10,4,1,9
2023161366201,2023,161366201,1,1,3,1,20,4,3,1,1,0,0,2,0,-1,-1,3,1,0.0,1.0,-1,3,40,1,6,1,18:20,2,1,9
2023440110808,2023,440110808,1,1,3,2,65,9,3,1,1,0,0,0,0,5,E01017151,-1,0,0.12541,0.87459,-1,6,30,1,4,1,20:05,5,1,9
2023361277271,2023,361277271,1,1,1,1,29,6,3,0,0,0,0,0,9,9,E01018006,3,1,0.0,1.0,-1,6,60,1,1,2,17:16,5,2,9
2023430270204,2023,430270204,1,1,1,1,40,7,3,0,0,0,0,0,9,9,E01016611,-1,0,0.00418,0.99582,-1,6,40,1,1,1,14:40,7,2,9
2023451280735,2023,451280735,2,2,1,2,32,6,3,0,0,0,0,0,9,8,E01030384,3,1,0.0,1.0,-1,6,30,1,1,1,10:20,3,2,9
2023111291332,2023,111291332,1,2,2,1,27,6,1,0,0,0,0,0,5,1,E01020759,1,1,0.0,0.0,-1,1,30,2,4,2,02:35,7,2,5
2023440011014,2023,440011014,2,2,1,1,66,10,3,0,0,0,0,0,5,9,E01031251,-1,0,0.25781,0.74219,-1,6,50,1,1,2,15:04,2,3,5
2023041326791,2023,041326791,1,2,2,2,18,4,3,0,0,1,0,0,9,5,E01025100,3,1,0.0,1.0,-1,6,20,1,4,1,22:54,5,3,9
2023501282280,2023,501282280,2,1,1,2,44,7,2,0,0,0,0,0,9,2,E01018977,5,1,1.0,0.0,-1,1,50,1,1,1,17:30,4,2,9