collision_index,collision_year,collision_ref_no,vehicle_reference,casualty_reference,casualty_class,sex_of_casualty,age_of_casualty,age_band_of_casualty,casualty_severity,pedestrian_location,pedestrian_movement,car_passenger,bus_or_coach_passenger,pedestrian_road_maintenance_worker,casualty_type,casualty_imd_decile,lsoa_of_casualty,enhanced_casualty_severity,casualty_injury_based,casualty_adjusted_severity_serious,casualty_adjusted_severity_slight,casualty_distance_banding,road_type,speed_limit,weather_conditions,light_conditions,road_surface_conditions,time,day_of_week,number_of_vehicles,vehicle_type
2023201296152,2023,201296152,2,1,1,1,62,9,3,0,0,0,0,0,1,2,E01010411,3,1,0.0,1.0,-1,3,40,4,4,2,05:00,3,2,1
2023010463494,2023,010463494,1,1,1,-1,27,6,3,0,0,0,0,0,3,2,E01001487,-1,0,0.0,1.0,-1,6,20,9,1,9,15:00,5,2,3
2023461284117,2023,461284117,1,1,1,2,24,5,3,0,0,0,0,0,9,3,E01024092,3,1,0.0,1.0,-1,6,30,1,1,1,15:04,4,2,9
2023520301304,2023,520301304,1,1,1,2,89,11,2,0,0,0,0,0,9,5,E01029173,-1,0,1.0,0.0,-1,6,30,1,1,1,13:15,2,2,9
2023991343764,2023,991343764,2,1,1,1,25,5,3,0,0,0,0,0,9,6,-1,3,1,0.0,1.0,-1,6,20,1,1,1,16:00,7,4,9
2023010469048,2023,010469048,1,1,1,1,22,5,3,0,0,0,0,0,3,-1,-1,-1,0,0.0,1.0,-1,6,20,1,1,1,18:28,6,2,3
2023451372308,2023,451372308,1,1,1,1,19,4,2,0,0,0,0,0,3,10,E01022853,6,1,1.0,0.0,-1,1,40,1,6,2,18:45,4,1,3
2023070202215,2023,070202215,1,2,2,1,71,10,3,0,0,1,0,0,9,8,E01005907,-1,0,0.14371,0.85629,-1,6,60,6,6,3,17:50,5,1,9
2023371319911,2023,371319911,1,1,1,1,72,10,3,0,0,0,0,0,19,7,E01016470,3,1,0.0,1.0,-1,6,30,1,4,1,00:40,1,3,19
2023010458050,2023,010458050,1,1,2,2,43,7,3,0,0,0,3,0,11,4,E01030710,-1,0,0.0,1.0,-1,2,30,2,1,2,15:55,1,2,11
2023461339707,2023,461339707,2,2,2,2,90,11,2,0,0,1,0,0,9,6,E01016075,7,1,1.0,0.0,-1,6,40,2,1,2,13:45,4,2,9
2023161380352,2023,161380352,1,1,3,1,29,6,3,6,9,0,0,0,0,3,E01012839,3,1,0.0,1.0,-1,6,30,1,4,1,16:35,3,1,19
2023010458566,2023,010458566,2,3,2,2,17,4,3,0,0,2,0,0,9,7,E01000369,-1,0,0.0,1.0,-1,6,30,8,1,5,18:10,4,2,9
2023010469324,2023,010469324,1,1,1,2,43,7,3,0,0,0,0,0,9,4,E01003722,-1,0,0.0,1.0,-1,1,30,9,1,1,10:30,1,2,9
2023552301014,2023,552301014,3,2,1,1,37,7,3,0,0,0,0,0,9,-1,-1,-1,0,0.05643,0.94357,-1,6,40,2,1,2,14:46,1,3,9
2023231351231,2023,231351231,1,1,1,2,23,5,3,0,0,0,0,0,-1,-1,-1,3,1,0.0,1.0,-1,6,30,1,1,1,14:30,1,2,-1
2023552300647,2023,552300647,2,1,1,1,30,6,3,0,0,0,0,0,4,6,E01015331,-1,0,0.03251,0.96749,-1,6,30,1,1,1,16:55,4,2,4
2023141302527,2023,141302527,2,1,1,2,34,6,3,0,0,0,0,0,9,2,E01007592,3,1,0.0,1.0,-1,3,40,1,1,1,17:20,1,2,9
2023351321654,2023,351321654,2,2,1,2,77,11,3,0,0,0,0,0,9,10,E01018253,3,1,0.0,1.0,-1,6,30,1,1,1,12:52,3,2,9
2023461325387,2023,461325387,1,1,1,1,23,5,2,0,0,0,0,0,9,8,E01024762,7,1,1.0,0.0,-1,6,50,1,1,1,07:16,6,2,9
2023461326158,2023,461326158,2,1,1,2,24,5,3,0,0,0,0,0,9,8,E01032819,3,1,0.0,1.0,-1,6,30,2,1,2,08:05,5,2,9
2023461308784,2023,461308784,1,1,1,1,42,7,3,0,0,0,0,0,9,6,E01024530,3,1,0.0,1.0,-1,6,30,1,4,1,00:19,1,4,9
2023010472000,2023,010472000,2,1,1,1,23,5,2,0,0,0,0,0,1,7,E01003370,-1,0,1.0,0.0,-1,6,20,1,4,1,20:50,7,2,1
2023010485756,2023,010485756,3,2,1,1,19,4,3,0,0,0,0,0,1,3,E01001602,-1,0,0.0,1.0,-1,6,20,1,4,1,18:20,7,3,1
2023061387727,2023,061387727,2,1,1,2,32,6,3,0,0,0,0,0,9,2,E01004879,3,1,0.0,1.0,-1,6,30,2,4,2,00:07,7,2,9
2023101377792,2023,101377792,1,2,1,1,-1,-1,3,0,0,0,0,0,9,-1,-1,3,1,0.0,1.0,-1,3,40,1,1,1,09:10,6,2,9
2023221299679,2023,221299679,2,1,2,2,70,10,3,0,0,1,0,0,9,4,E01032397,3,1,0.0,1.0,-1,6,30,1,1,1,10:32,7,2,9
2023361349660,2023,361349660,2,2,2,2,5,1,3,0,0,2,0,0,9,5,E01026481,3,1,0.0,1.0,-1,6,30,1,1,1,15:03,3,2,9
2023411320209,2023,411320209,1,1,1,2,20,4,3,0,0,0,0,0,9,2,E01017618,3,1,0.0,1.0,-1,6,30,1,6,1,23:08,2,1,9
2023461366432,2023,461366432,2,2,1,1,55,8,3,0,0,0,0,0,9,6,E01023979,3,1,0.0,1.0,-1,6,30,1,1,1,12:45,6,2,9
2023991290315,2023,991290315,2,2,1,1,23,5,3,0,0,0,0,0,9,8,-1,3,1,0.0,1.0,-1,6,60,2,6,2,18:45,6,2,9
2023201291118,2023,201291118,2,1,1,1,12,3,3,0,0,0,0,0,1,4,E01009590,3,1,0.0,1.0,-1,6,30,1,1,1,16:20,2,2,1
2023010451309,2023,010451309,2,1,1,1,24,5,3,0,0,0,0,0,1,2,E01004242,-1,0,0.0,1.0,-1,6,20,1,1,1,11:20,1,2,1
2023421266472,2023,421266472,1,1,1,1,21,5,3,0,0,0,0,0,9,5,E01000593,3,1,0.0,1.0,-1,6,30,1,5,2,01:08,1,2,9
2023451367850,2023,451367850,1,2,2,1,24,5,3,0,0,1,0,0,9,2,E01024477,3,1,0.0,1.0,-1,6,30,1,4,1,16:53,6,2,9
2023221349752,2023,221349752,1,1,1,1,63,9,2,0,0,0,0,0,4,5,E01014001,7,1,1.0,0.0,-1,6,60,1,1,1,16:20,2,2,4
2023010436963,2023,010436963,1,1,3,2,54,8,2,1,3,0,0,0,0,2,E01001862,-1,0,1.0,0.0,-1,3,20,1,1,1,06:50,4,1,9
2023010461208,2023,010461208,1,1,1,1,47,8,3,0,0,0,0,0,9,3,E01002521,-1,0,0.0,1.0,-1,7,30,1,1,1,17:50,4,2,9
2023101289242,2023,101289242,1,2,1,1,23,5,2,0,0,0,0,0,9,4,E01027550,7,1,1.0,0.0,-1,1,30,1,4,1,23:15,7,2,9
2023552300491,2023,552300491,2,2,1,1,47,8,3,0,0,0,0,0,19,7,E01020498,-1,0,0.01703,0.98297,-1,6,30,1,1,2,11:59,3,2,19
2023131360448,2023,131360448,1,1,3,1,60,9,3,10,6,0,0,2,0,1,E01010829,3,1,0.0,1.0,-1,9,20,1,6,1,10:30,7,1,9
2023201403335,2023,201403335,1,2,2,2,9,2,3,0,0,1,0,0,9,6,E01032134,3,1,0.0,1.0,-1,6,30,1,1,1,16:06,5,2,9
2023440484716,2023,440484716,2,2,1,2,35,6,3,0,0,0,0,0,9,1,E01022968,-1,0,0.04202,0.95798,-1,6,30,1,1,2,09:13,2,2,9
2023461300360,2023,461300360,2,2,1,1,53,8,3,0,0,0,0,0,9,-1,-1,3,1,0.0,1.0,-1,3,30,1,1,1,08:44,4,2,9
2023010469858,2023,010469858,2,1,1,1,26,6,3,0,0,0,0,0,-1,-1,-1,-1,0,0.0,1.0,-1,3,20,1,1,1,08:50,4,2,-1
2023052302271,2023,052302271,2,2,1,2,37,7,3,0,0,0,0,0,9,6,E01006935,-1,0,0.02016,0.97984,-1,6,30,1,1,1,13:30,6,2,9
2023302300082,2023,302300082,1,3,2,1,10,2,3,0,0,2,0,0,9,4,E01013534,-1,0,0.01639,0.98361,-1,6,30,1,1,1,15:15,7,2,9
2023991356603,2023,991356603,6,3,2,1,28,6,3,0,0,2,0,0,9,3,-1,3,1,0.0,1.0,-1,3,50,1,1,1,15:20,3,6,9
2023141278444,2023,141278444,2,4,2,1,14,3,3,0,0,2,0,0,9,1,E01007544,3,1,0.0,1.0,-1,1,50,1,1,1,13:56,2,2,9
2023221294332,2023,221294332,2,2,1,1,53,8,3,0,0,0,0,0,9,1,E01009051,3,1,0.0,1.0,-1,1,30,1,1,2,09:48,5,2,9
2023421357687,2023,421357687,2,2,2,2,76,11,3,0,0,1,0,0,9,8,E01027070,3,1,0.0,1.0,-1,3,70,1,1,1,11:50,6,4,9
2023991285926,2023,991285926,1,1,1,2,29,6,3,0,0,0,0,0,9,-1,-1,3,1,0.0,1.0,-1,3,70,2,6,2,22:15,1,1,9
2023221306224,2023,221306224,1,3,2,2,21,5,3,0,0,1,0,0,9,10,E01032939,3,1,0.0,1.0,-1,6,40,1,1,1,15:32,5,2,9
2023501272431,2023,501272431,1,1,1,1,42,7,3,0,0,0,0,0,9,4,E01018846,3,1,0.0,1.0,-1,6,60,1,6,1,19:45,7,1,9
2023010430615,2023,010430615,1,1,1,-1,61,9,3,0,0,0,0,0,9,9,E01033101,-1,0,0.0,1.0,-1,7,20,1,4,1,22:35,1,2,9
2023010455859,2023,010455859,2,1,2,1,30,6,3,0,0,1,0,0,9,2,E01000600,-1,0,0.0,1.0,-1,6,20,1,1,1,12:34,3,2,9
2023052300919,2023,052300919,1,1,1,1,21,5,3,0,0,0,0,0,9,3,E01018548,-1,0,0.11195,0.88805,-1,3,40,1,4,1,21:35,6,2,9
2023421307136,2023,421307136,4,1,2,1,8,2,3,0,0,2,0,0,9,8,E01023478,3,1,0.0,1.0,-1,7,70,1,1,1,11:41,1,4,9
2023122300179,2023,122300179,2,1,1,1,44,7,3,0,0,0,0,0,1,3,E01027908,-1,0,0.0631,0.9369,-1,6,30,1,4,1,14:24,6,2,1
2023451330405,2023,451330405,1,1,3,1,7,2,3,9,5,0,0,0,0,10,E01030437,3,1,0.0,1.0,-1,6,30,1,1,1,08:50,6,1,9
2023010435112,2023,010435112,1,1,2,1,31,6,3,0,0,2,0,0,8,8,E01003856,-1,0,0.0,1.0,-1,1,20,2,4,2,00:30,6,2,8
2023041358586,2023,041358586,2,1,1,1,29,6,3,0,0,0,0,0,9,9,E01025254,3,1,0.0,1.0,-1,3,30,2,1,2,12:55,2,2,9
2023052301776,2023,052301776,2,2,1,1,52,8,3,0,0,0,0,0,9,2,E01012536,-1,0,0.13123,0.86877,-1,3,70,1,1,1,18:30,5,2,9
2023411380817,2023,411380817,1,1,1,2,25,5,3,0,0,0,0,0,9,9,E01002147,3,1,0.0,1.0,-1,6,30,1,1,-1,08:00,6,2,9
2023471309596,2023,471309596,2,1,1,1,54,8,3,0,0,0,0,0,9,9,E01031816,3,1,0.0,1.0,-1,3,70,1,1,1,19:42,6,2,9
2023010450797,2023,010450797,2,1,1,1,31,6,3,0,0,0,0,0,1,3,E01001819,-1,0,0.0,1.0,-1,6,20,1,1,1,20:07,5,2,1
2023010471224,2023,010471224,2,1,1,1,48,8,2,0,0,0,0,0,1,6,E01000267,-1,0,1.0,0.0,-1,6,30,1,1,1,17:45,3,3,1
2023061270866,2023,061270866,1,1,3,1,7,2,3,5,1,0,0,0,0,1,E01006360,3,1,0.0,1.0,-1,6,20,1,1,4,08:35,6,1,9
2023010478613,2023,010478613,1,1,1,1,41,7,3,0,0,0,0,0,3,3,E01002047,-1,0,0.0,1.0,-1,9,30,1,4,9,16:20,5,2,3
2023010442682,2023,010442682,2,4,2,1,12,3,3,0,0,2,0,0,9,2,E01003350,-1,0,0.0,1.0,-1,6,20,1,4,1,00:50,7,3,9
2023430113717,2023,430113717,1,1,1,1,30,6,3,0,0,0,0,0,9,7,E01016470,-1,0,0.00294,0.99706,-1,6,30,1,1,4,13:58,7,2,9
2023461263674,2023,461263674,2,1,1,1,46,8,3,0,0,0,0,0,9,6,E01033091,3,1,0.0,1.0,-1,6,60,2,6,2,17:50,2,2,9
2023351319085,2023,351319085,2,1,1,2,32,6,2,0,0,0,0,0,1,6,E01017961,7,1,1.0,0.0,-1,6,30,1,1,1,08:10,2,2,1
2023991348153,2023,991348153,2,1,1,1,64,9,3,0,0,0,0,0,5,7,W01000389,3,1,0.0,1.0,-1,1,30,1,1,1,12:45,1,2,5
2023131346133,2023,131346133,2,1,1,1,59,9,3,0,0,0,0,0,9,2,E01011250,3,1,0.0,1.0,-1,6,30,1,1,1,19:24,6,2,9
2023201339676,2023,201339676,2,1,2,2,44,7,3,0,0,1,0,0,9,6,E01009467,3,1,0.0,1.0,-1,6,30,1,7,1,22:20,6,2,9
202360A123906,2023,60A123906,1,1,2,1,22,5,3,0,0,1,0,0,9,-1,-1,-1,0,0.095,0.905,-1,1,30,5,1,2,07:45,7,1,9
2023061375086,2023,061375086,1,1,3,1,6,2,2,1,3,0,0,0,0,-1,-1,7,1,1.0,0.0,-1,3,30,1,7,2,17:53,4,1,19
2023010455060,2023,010455060,2,1,1,1,50,8,3,0,0,0,0,0,1,2,E01033737,-1,0,0.0,1.0,-1,3,30,1,1,1,16:42,5,2,1
2023451323762,2023,451323762,1,1,1,1,27,6,3,0,0,0,0,0,3,5,E01030982,3,1,0.0,1.0,-1,6,30,1,1,1,17:10,4,2,3
2023991332528,2023,991332528,2,1,1,1,35,6,1,0,0,0,0,0,5,3,-1,1,1,0.0,0.0,-1,6,60,1,1,1,11:57,1,2,5
2023131308010,2023,131308010,1,1,3,2,39,7,3,10,1,0,0,2,0,1,E01011003,3,1,0.0,1.0,-1,6,20,1,1,1,14:50,2,1,9
2023010422509,2023,010422509,1,1,1,1,44,7,3,0,0,0,0,0,1,2,E01003490,-1,0,0.0,1.0,-1,7,20,1,1,1,13:25,4,2,1
2023010463662,2023,010463662,2,1,1,2,44,7,3,0,0,0,0,0,9,4,E01000745,-1,0,0.0,1.0,-1,2,30,1,1,1,11:55,7,2,9
2023401344619,2023,401344619,2,2,1,1,27,6,3,0,0,0,0,0,21,10,E01017402,3,1,0.0,1.0,-1,6,30,1,1,1,12:15,5,2,21
2023052302281,2023,052302281,2,1,1,1,15,3,2,0,0,0,0,0,1,5,E01007106,-1,0,1.0,0.0,-1,6,30,1,1,1,07:45,2,2,1
2023340WN4122,2023,340WN4122,2,1,1,2,25,5,3,0,0,0,0,0,9,-1,-1,-1,0,0.00805,0.99195,-1,1,30,1,1,1,16:26,4,2,9
2023461279065,2023,461279065,1,1,1,2,71,10,3,0,0,0,0,0,9,-1,-1,3,1,0.0,1.0,-1,6,40,1,1,1,12:37,6,2,9
2023471350800,2023,471350800,1,1,1,1,29,6,3,0,0,0,0,0,9,6,E01031676,3,1,0.0,1.0,-1,3,40,1,4,1,21:00,7,1,9
2023451342713,2023,451342713,1,1,3,1,52,8,3,6,7,0,0,0,0,2,E01004140,3,1,0.0,1.0,-1,3,40,1,1,1,16:40,6,1,5
2023061270918,2023,061270918,2,1,1,1,54,8,3,0,0,0,0,0,1,10,E01006082,3,1,0.0,1.0,-1,6,30,1,1,1,15:53,4,2,1
2023010447254,2023,010447254,1,1,1,1,28,6,3,0,0,0,0,0,4,4,E01003204,-1,0,0.0,1.0,-1,6,30,1,1,9,17:15,6,2,4
2023010484330,2023,010484330,1,1,1,1,17,4,3,0,0,0,0,0,9,4,E01000780,-1,0,0.0,1.0,-1,3,30,1,1,2,08:32,7,2,9
2023211354598,2023,211354598,3,3,2,2,25,5,3,0,0,-1,0,0,9,5,E01010348,3,1,0.0,1.0,-1,1,60,1,1,1,15:20,7,3,9
2023361339587,2023,361339587,2,1,1,1,63,9,3,0,0,0,0,0,9,10,E01025454,3,1,0.0,1.0,-1,6,40,1,1,1,18:41,3,2,9
2023461265185,2023,461265185,3,3,1,2,28,6,3,0,0,0,0,0,9,5,E01032654,3,1,0.0,1.0,-1,7,70,1,1,2,11:55,5,4,9
2023471267553,2023,471267553,2,1,1,2,32,6,3,0,0,0,0,0,9,1,E01021005,3,1,0.0,1.0,-1,6,30,1,1,2,14:49,3,2,9
2023622300083,2023,622300083,2,1,1,1,36,7,3,0,0,0,0,0,9,1,W01001741,-1,0,0.0314,0.9686,-1,6,30,1,4,1,18:22,6,2,9
202363D034523,2023,63D034523,1,1,1,1,36,7,3,0,0,0,0,0,9,-1,-1,-1,0,0.01536,0.98464,-1,6,30,1,1,2,09:35,6,2,9
2023010471660,2023,010471660,1,1,3,2,49,8,2,10,9,0,0,0,0,5,E01002563,-1,0,1.0,0.0,-1,6,30,2,4,2,23:50,5,1,11
2023471331003,2023,471331003,1,1,3,1,49,8,2,6,5,0,0,0,0,7,E01021029,5,1,1.0,0.0,-1,6,50,1,1,1,08:25,4,2,10
2023501404656,2023,501404656,1,1,3,1,67,10,3,5,2,0,0,0,0,8,E01018823,3,1,0.0,1.0,-1,6,20,1,1,1,07:50,3,1,9
2023010426833,2023,010426833,1,1,1,1,38,7,3,0,0,0,0,0,3,2,E01004013,-1,0,0.0,1.0,-1,6,20,1,1,1,15:00,1,2,3
2023461265899,2023,461265899,3,2,1,2,59,9,2,0,0,0,0,0,8,7,E01024809,6,1,1.0,0.0,-1,6,40,8,1,4,08:24,3,3,8
2023061335677,2023,061335677,1,1,3,2,17,4,3,1,1,0,0,0,0,9,E01004989,3,1,0.0,1.0,-1,6,30,1,1,1,17:40,5,1,9
2023010432205,2023,010432205,1,1,1,2,31,6,3,0,0,0,0,0,1,4,E01003559,-1,0,0.0,1.0,-1,6,20,1,1,1,17:23,3,2,1
2023351388092,2023,351388092,2,1,1,1,16,4,3,0,0,0,0,0,2,7,E01018279,3,1,0.0,1.0,-1,6,40,1,4,2,17:13,3,2,2
2023010454338,2023,010454338,2,1,1,1,55,8,2,0,0,0,0,0,4,5,E01000383,-1,0,1.0,0.0,-1,6,30,1,1,1,10:55,2,2,4
2023461326794,2023,461326794,2,1,1,1,57,9,3,0,0,0,0,0,4,1,E01033215,3,1,0.0,1.0,-1,3,40,1,1,1,12:30,1,2,4
2023201345445,2023,201345445,1,1,1,2,26,6,3,0,0,0,0,0,9,4,E01032370,3,1,0.0,1.0,-1,1,30,1,1,2,06:51,1,1,9
2023461325769,2023,461325769,2,1,2,2,13,3,3,0,0,2,0,0,9,-1,-1,3,1,0.0,1.0,-1,1,30,1,1,1,16:59,4,2,9
2023461347205,2023,461347205,2,1,1,1,56,9,2,0,0,0,0,0,4,2,E01024391,7,1,1.0,0.0,-1,3,70,1,1,1,08:00,4,2,4
2023010424818,2023,010424818,1,1,2,2,11,3,3,0,0,2,0,0,9,7,E01003283,-1,0,0.0,1.0,-1,6,30,1,4,1,19:22,4,4,9
2023302301222,2023,302301222,2,1,1,2,44,7,3,0,0,0,0,0,9,1,E01019527,-1,0,0.02745,0.97255,-1,6,50,1,1,1,15:19,2,4,9
2023520300908,2023,520300908,1,1,2,1,37,7,3,0,0,2,0,0,9,9,E01014411,-1,0,0.06548,0.93452,-1,6,40,1,6,1,22:30,6,1,9
2023010472632,2023,010472632,1,1,1,-1,32,6,3,0,0,0,0,0,3,3,E01001552,-1,0,0.0,1.0,-1,6,20,9,1,9,16:10,2,2,3
2023520400116,2023,520400116,1,2,2,1,16,4,3,0,0,0,0,0,3,1,E01029297,-1,0,0.15241,0.84759,-1,6,30,2,6,2,21:00,6,2,3
2023131290301,2023,131290301,1,1,1,1,18,4,3,0,0,0,0,0,9,3,E01033005,3,1,0.0,1.0,-1,6,30,2,4,2,23:47,6,2,9
2023610010223,2023,610010223,2,2,1,1,75,10,3,0,0,1,0,0,9,2,W01001482,-1,0,0.04331,0.95669,-1,3,50,1,1,1,12:40,1,2,9
2023010458283,2023,010458283,1,1,3,1,51,8,3,1,1,0,0,0,0,5,E01017126,-1,0,0.0,1.0,-1,6,20,1,5,1,00:30,3,1,9
2023010454865,2023,010454865,2,1,1,1,40,7,3,0,0,0,0,0,3,1,E01002081,-1,0,0.0,1.0,-1,3,20,1,1,1,19:30,4,2,3
2023451271161,2023,451271161,1,1,1,2,19,4,3,0,0,0,0,0,3,5,E01030786,3,1,0.0,1.0,-1,1,30,2,1,2,17:30,4,1,3
2023010469637,2023,010469637,2,3,1,1,39,7,3,0,0,0,0,0,9,-1,-1,-1,0,0.0,1.0,-1,6,30,1,1,1,08:35,3,2,9
2023101307133,2023,101307133,1,1,1,1,24,5,3,0,0,0,0,0,9,1,E01027416,3,1,0.0,1.0,-1,6,30,1,1,1,09:40,1,1,9
2023440442862,2023,440442862,1,1,1,1,21,5,3,0,0,0,0,0,9,8,E01021744,-1,0,0.0838,0.9162,-1,3,70,2,1,2,17:12,1,1,9
2023451338939,2023,451338939,2,2,2,1,8,2,3,0,0,2,0,0,9,5,E01030750,3,1,0.0,1.0,-1,6,40,1,1,1,11:00,2,3,9
2023052300100,2023,052300100,2,1,1,1,25,5,2,0,0,0,0,0,-1,1,E01006560,-1,0,1.0,0.0,-1,6,30,2,1,2,13:00,4,2,-1
2023401369027,2023,401369027,1,5,2,1,4,1,3,0,0,2,0,0,9,7,E01015695,3,1,0.0,1.0,-1,1,30,1,4,1,18:24,5,2,9
2023161258876,2023,161258876,1,1,1,2,22,5,3,0,0,0,0,0,9,1,E01007563,3,1,0.0,1.0,-1,3,70,1,6,2,22:50,2,1,9
2023231307618,2023,231307618,2,1,1,2,77,11,2,0,0,0,0,0,9,6,E01031283,6,1,1.0,0.0,-1,6,30,1,1,1,10:26,5,3,9
2023440117605,2023,440117605,1,3,2,2,17,4,2,0,0,2,0,0,9,2,E01017345,-1,0,1.0,0.0,-1,6,60,4,1,1,15:27,6,1,9
2023440282916,2023,440282916,1,1,1,1,73,10,3,0,0,0,0,0,9,8,E01023165,-1,0,0.12525,0.87475,-1,3,70,2,1,2,11:38,6,3,9
2023101371027,2023,101371027,1,2,2,1,17,4,3,0,0,1,0,0,9,-1,-1,3,1,0.0,1.0,-1,1,30,2,4,2,02:15,1,1,9
2023302301872,2023,302301872,2,1,2,1,6,2,3,0,0,2,0,0,9,6,E01019545,-1,0,0.02131,0.97869,-1,6,30,2,1,2,08:30,3,2,9
2023371317857,2023,371317857,1,1,1,1,41,7,3,0,0,0,0,0,9,5,E01030219,3,1,0.0,1.0,-1,6,60,1,1,1,18:32,2,2,9
2023010466663,2023,010466663,1,1,2,1,24,5,3,0,0,1,0,0,9,-1,-1,-1,0,0.0,1.0,-1,6,30,1,4,1,21:43,1,1,9
2023461375833,2023,461375833,1,1,1,2,85,11,3,0,0,0,0,0,9,8,E01024259,3,1,0.0,1.0,-1,6,30,1,1,1,15:30,6,1,9
2023501296976,2023,501296976,1,1,1,1,59,9,3,0,0,0,0,0,9,6,E01019068,3,1,0.0,1.0,-1,6,60,1,1,1,12:30,7,2,9
2023610040623,2023,610040623,2,1,1,2,31,6,2,0,0,0,0,0,9,7,W01001882,-1,0,1.0,0.0,-1,6,60,1,1,1,07:30,6,2,9
2023010445193,2023,010445193,2,1,1,1,36,7,3,0,0,0,0,0,1,2,E01003920,-1,0,0.0,1.0,-1,6,20,1,1,1,10:00,6,2,1
2023522400208,2023,522400208,2,1,1,1,22,5,2,0,0,0,0,0,1,2,E01014517,-1,0,1.0,0.0,-1,6,20,9,1,1,19:00,3,2,1
2023221262421,2023,221262421,1,1,1,1,22,5,3,0,0,0,0,0,5,4,E01014192,3,1,0.0,1.0,-1,6,30,2,1,2,08:22,5,2,5
2023122301275,2023,122301275,1,2,2,1,14,3,2,0,0,1,0,0,9,1,E01025218,-1,0,1.0,0.0,-1,6,60,1,1,2,11:55,4,3,9
2023131311183,2023,131311183,1,1,1,1,34,6,3,0,0,0,0,0,9,5,E01018657,3,1,0.0,1.0,-1,6,20,1,4,1,23:44,4,2,9
2023201313620,2023,201313620,1,1,1,1,48,8,2,0,0,0,0,0,9,2,E01010448,7,1,1.0,0.0,-1,6,30,1,1,1,08:44,1,3,9
2023101352316,2023,101352316,1,1,1,1,54,8,3,0,0,0,0,0,9,10,E01008475,3,1,0.0,1.0,-1,1,30,1,1,1,09:25,4,2,9
2023451296993,2023,451296993,2,4,2,1,5,1,3,0,0,2,0,0,9,10,E01030584,3,1,0.0,1.0,-1,6,30,1,1,2,16:25,6,2,9
2023041274415,2023,041274415,2,2,1,2,42,7,3,0,0,0,0,0,9,7,E01024955,3,1,0.0,1.0,-1,6,30,1,1,1,08:13,5,2,9
2023131342105,2023,131342105,2,1,1,1,47,8,3,0,0,0,0,0,9,1,E01010830,3,1,0.0,1.0,-1,3,40,1,4,1,23:43,3,2,9
2023141275057,2023,141275057,2,1,1,1,54,8,1,0,0,0,0,0,9,7,E01008025,1,1,0.0,0.0,-1,6,30,1,1,1,13:09,6,3,9
2023371266994,2023,371266994,2,1,1,1,-1,-1,3,0,0,0,0,0,9,-1,-1,3,1,0.0,1.0,-1,6,60,1,1,1,17:04,6,2,9
2023991311613,2023,991311613,1,1,2,1,38,7,3,0,0,1,0,0,9,10,-1,3,1,0.0,1.0,-1,6,20,1,1,1,06:00,6,2,9
2023010448005,2023,010448005,2,1,2,2,40,7,3,0,0,0,0,0,90,10,E01033189,-1,0,0.0,1.0,-1,3,20,1,1,1,17:21,6,2,90
2023311348192,2023,311348192,1,1,1,1,27,6,2,0,0,0,0,0,5,2,E01027349,6,1,1.0,0.0,-1,1,50,1,1,1,17:45,1,1,5
2023010446564,2023,010446564,1,1,1,2,41,7,3,0,0,0,0,0,9,1,E01003986,-1,0,0.0,1.0,-1,6,20,1,1,1,14:10,6,2,9
2023010466653,2023,010466653,1,3,2,1,24,5,3,0,0,2,0,0,9,7,E01000732,-1,0,0.0,1.0,-1,6,30,1,1,1,18:15,1,1,9
2023522400822,2023,522400822,1,1,1,2,33,6,3,0,0,0,0,0,9,3,E01014674,-1,0,0.025,0.975,-1,6,30,1,1,2,07:37,2,2,9
2023361275414,2023,361275414,1,1,3,1,68,10,3,9,8,0,0,0,0,5,E01033039,3,1,0.0,1.0,-1,6,40,1,1,1,11:28,6,1,19
2023131319405,2023,131319405,2,1,2,1,12,3,3,0,0,0,0,0,9,1,E01010719,3,1,0.0,1.0,-1,6,30,1,1,1,08:10,5,2,9
2023332300357,2023,332300357,1,3,2,1,12,3,3,0,0,2,0,0,9,1,E01013761,-1,0,0.00686,0.99314,-1,6,30,1,1,1,08:00,3,2,9
2023010439824,2023,010439824,1,3,3,2,19,4,3,5,9,0,0,0,0,2,E01003108,-1,0,0.0,1.0,-1,6,20,2,1,2,15:40,5,1,3
2023070017120,2023,070017120,1,1,3,2,11,3,3,4,3,0,0,0,0,1,E01018563,-1,0,0.12827,0.87173,-1,6,30,1,1,1,08:12,6,1,9
2023010455338,2023,010455338,1,2,2,2,21,5,3,0,0,2,0,0,9,5,E01000299,-1,0,0.0,1.0,-1,6,20,1,1,1,13:03,7,2,9
2023031324629,2023,031324629,2,3,1,1,31,6,3,0,0,0,0,0,9,3,E01019222,3,1,0.0,1.0,-1,1,30,2,4,2,21:52,6,4,9
2023440240759,2023,440240759,1,1,1,2,38,7,3,0,0,0,0,0,9,1,E01017035,-1,0,0.10011,0.89989,-1,3,50,1,1,1,13:56,7,1,9
2023631371331,2023,631371331,2,4,2,1,18,4,3,0,0,1,0,0,9,7,W01000477,3,1,0.0,1.0,-1,6,60,2,1,2,15:50,2,2,9
2023010436411,2023,010436411,2,1,2,-1,-1,-1,3,0,0,0,9,0,11,-1,-1,-1,0,0.0,1.0,-1,6,30,1,4,1,20:07,6,2,11
2023031275219,2023,031275219,2,1,1,1,57,9,2,0,0,0,0,0,1,4,E01019147,5,1,1.0,0.0,-1,6,60,9,1,-1,12:30,7,2,1