collision_index,collision_year,collision_ref_no,vehicle_reference,casualty_reference,casualty_class,sex_of_casualty,age_of_casualty,age_band_of_casualty,casualty_severity,pedestrian_location,pedestrian_movement,car_passenger,bus_or_coach_passenger,pedestrian_road_maintenance_worker,casualty_type,casualty_imd_decile,lsoa_of_casualty,enhanced_casualty_severity,casualty_injury_based,casualty_adjusted_severity_serious,casualty_adjusted_severity_slight,casualty_distance_banding,road_type,speed_limit,weather_conditions,light_conditions,road_surface_conditions,time,day_of_week,number_of_vehicles,vehicle_type
2023471347952,2023,471347952,2,1,1,2,29,6,3,0,0,0,0,0,9,6,E01031656,3,1,0.0,1.0,-1,6,30,1,1,1,13:05,7,3,9
2023320062991,2023,320062991,2,1,2,2,48,8,3,0,0,1,0,0,9,1,E01026308,-1,0,0.04548,0.95452,-1,3,60,1,7,1,18:05,2,2,9
2023351334277,2023,351334277,1,1,1,1,32,6,3,0,0,0,0,0,9,6,E01018126,3,1,0.0,1.0,-1,3,70,5,1,2,18:44,6,2,9
2023440178577,2023,440178577,1,1,1,2,29,6,3,0,0,0,0,0,9,1,E01017274,-1,0,0.04839,0.95161,-1,6,20,1,1,2,20:35,7,1,9
2023531318263,2023,531318263,1,3,2,1,18,4,3,0,0,2,0,0,9,1,E01009160,3,1,0.0,1.0,-1,6,60,1,6,1,00:50,3,1,9
2023531367672,2023,531367672,1,2,2,2,53,8,3,0,0,1,0,0,9,8,E01031894,3,1,0.0,1.0,-1,6,30,1,1,2,11:40,6,1,9
202360A059554,2023,60A059554,1,2,1,1,35,6,3,0,0,0,0,0,9,-1,-1,-1,0,0.0876,0.9124,-1,6,50,1,1,1,09:05,2,2,9
2023361372457,2023,361372457,2,1,1,1,58,9,3,0,0,0,0,0,1,1,E01026800,3,1,0.0,1.0,-1,6,30,1,4,1,18:00,1,2,1
2023161276517,2023,161276517,2,1,1,1,31,6,2,0,0,0,0,0,3,3,E01013192,7,1,1.0,0.0,-1,6,30,1,1,1,14:41,3,2,3
2023351335890,2023,351335890,1,1,1,1,19,4,2,0,0,0,0,0,3,8,E01032794,7,1,1.0,0.0,-1,6,40,1,1,1,18:33,3,2,3
2023371346803,2023,371346803,1,2,2,2,20,4,3,0,0,1,0,0,9,1,E01030021,3,1,0.0,1.0,-1,6,30,1,4,1,01:29,7,1,9
2023991344070,2023,991344070,2,2,1,1,39,7,3,0,0,0,0,0,9,10,-1,3,1,0.0,1.0,-1,6,60,1,1,1,16:30,2,2,9
2023031363411,2023,031363411,2,1,1,1,67,10,3,0,0,0,0,0,9,4,E01019118,3,1,0.0,1.0,-1,6,60,1,1,2,10:20,7,2,9
2023211344661,2023,211344661,1,3,1,1,68,10,3,0,0,0,0,0,9,-1,-1,3,1,0.0,1.0,-1,6,30,1,1,1,08:44,4,2,9
2023371347828,2023,371347828,2,4,2,2,2,1,3,0,0,2,0,0,9,1,E01030291,3,1,0.0,1.0,-1,6,50,2,1,2,09:40,5,2,9
2023440284429,2023,440284429,1,1,1,2,64,9,3,0,0,0,0,0,9,5,E01017282,-1,0,0.05851,0.94149,-1,6,30,4,1,1,12:27,7,1,9
2023111308292,2023,111308292,2,1,2,2,29,6,3,0,0,0,-1,0,11,3,E01020616,3,1,0.0,1.0,-1,6,30,1,1,1,09:05,3,2,11
2023122301207,2023,122301207,2,1,1,2,26,6,3,0,0,0,0,0,3,4,E01027803,-1,0,0.09172,0.90828,-1,6,30,1,1,1,10:30,6,2,3
2023061330635,2023,061330635,2,1,1,2,26,6,3,0,0,0,0,0,9,3,E01005524,3,1,0.0,1.0,-1,6,30,2,1,2,15:40,3,2,9
2023461317744,2023,461317744,1,1,1,1,46,8,2,0,0,0,0,0,9,2,E01023976,7,1,1.0,0.0,-1,6,30,1,4,1,23:53,1,1,9
2023520300618,2023,520300618,1,1,1,2,28,6,3,0,0,0,0,0,9,4,E01029298,-1,0,0.01597,0.98403,-1,3,70,1,1,2,08:10,2,2,9
2023010458697,2023,010458697,1,1,3,1,43,7,3,1,3,0,0,0,0,7,E01004660,-1,0,0.0,1.0,-1,6,20,1,1,1,15:15,5,1,19
2023010468890,2023,010468890,1,1,1,1,42,7,3,0,0,0,0,0,1,6,E01002940,-1,0,0.0,1.0,-1,6,30,2,4,2,06:42,6,2,1
2023311307266,2023,311307266,1,1,1,1,76,11,3,0,0,0,0,0,1,3,E01013926,3,1,0.0,1.0,-1,6,30,2,1,2,14:21,7,1,1
2023161305520,2023,161305520,2,1,1,1,35,6,3,0,0,0,0,0,9,1,E01012809,3,1,0.0,1.0,-1,6,30,1,4,2,22:42,3,2,9
2023421291562,2023,421291562,2,4,2,1,15,3,3,0,0,1,0,0,9,4,E01015936,3,1,0.0,1.0,-1,6,30,2,1,2,08:00,4,2,9
2023552300182,2023,552300182,3,1,1,1,44,7,3,0,0,0,0,0,9,1,E01015290,-1,0,0.01974,0.98026,-1,3,50,1,1,2,07:55,4,3,9
2023131298084,2023,131298084,2,1,1,1,53,8,3,0,0,0,0,0,9,4,E01011007,3,1,0.0,1.0,-1,6,30,1,1,1,09:35,3,2,9
2023231368371,2023,231368371,1,1,3,1,62,9,3,9,5,0,0,0,0,10,E01031157,3,1,0.0,1.0,-1,6,30,1,1,1,13:35,3,3,9
2023332300782,2023,332300782,1,1,1,1,34,6,3,0,0,0,0,0,4,5,E01031133,-1,0,0.05013,0.94987,-1,3,50,1,1,1,16:40,2,2,4
2023440323633,2023,440323633,1,1,1,2,81,11,3,0,0,0,0,0,9,7,E01022823,-1,0,0.083,0.917,-1,6,30,1,1,1,09:49,6,1,9
2023991382938,2023,991382938,1,4,2,2,16,4,3,0,0,0,4,0,11,8,-1,3,1,0.0,1.0,-1,6,60,1,1,4,10:25,3,2,11
2023461279931,2023,461279931,2,1,1,2,80,11,3,0,0,0,0,0,9,5,E01024565,3,1,0.0,1.0,-1,3,70,1,1,1,13:24,6,4,9
2023041355399,2023,041355399,1,1,3,1,14,3,3,5,1,0,0,0,0,1,E01024900,3,1,0.0,1.0,-1,6,30,1,1,2,15:56,6,1,9
2023010422635,2023,010422635,1,1,1,1,50,8,3,0,0,0,0,0,3,-1,-1,-1,0,0.0,1.0,-1,9,20,9,1,9,09:05,6,2,3
2023010446514,2023,010446514,1,1,1,1,20,4,3,0,0,0,0,0,3,6,E01000160,-1,0,0.0,1.0,-1,6,30,8,1,1,15:10,4,2,3
2023631341032,2023,631341032,2,1,1,1,47,8,2,0,0,0,0,0,3,6,W01000628,7,1,1.0,0.0,-1,6,60,2,1,2,16:30,7,2,3
2023340WN4912,2023,340WN4912,2,1,1,2,42,7,3,0,0,0,0,0,9,-1,-1,-1,0,0.01771,0.98229,-1,6,30,8,1,1,07:07,1,2,9
2023451280271,2023,451280271,1,1,1,2,18,4,3,0,0,0,0,0,9,4,E01002442,3,1,0.0,1.0,-1,3,40,1,4,1,20:40,6,2,9
2023131351752,2023,131351752,1,1,1,1,49,8,3,0,0,0,0,0,19,9,E01011199,3,1,0.0,1.0,-1,6,30,2,1,2,13:31,3,2,19
2023201280801,2023,201280801,2,1,1,1,43,7,3,0,0,0,0,0,1,4,E01009394,3,1,0.0,1.0,-1,1,30,1,4,1,06:50,5,2,1
2023041287047,2023,041287047,2,1,2,1,9,2,3,0,0,2,0,0,9,9,E01025242,3,1,0.0,1.0,-1,6,30,1,1,2,08:58,4,2,9
2023141392301,2023,141392301,2,5,2,1,20,4,3,0,0,1,0,0,9,3,E01007667,3,1,0.0,1.0,-1,3,40,1,4,1,22:39,3,2,9
2023411297356,2023,411297356,2,1,1,2,25,5,3,0,0,0,0,0,3,7,E01000710,3,1,0.0,1.0,-1,6,30,2,1,2,17:55,6,2,3
2023010444736,2023,010444736,1,3,2,1,36,7,3,0,0,2,0,0,9,9,E01002108,-1,0,0.0,1.0,-1,6,30,1,4,1,23:30,3,2,9
2023351369022,2023,351369022,1,1,3,1,-1,-1,3,5,9,0,0,0,0,-1,-1,3,1,0.0,1.0,-1,6,30,1,1,-1,10:45,6,1,11
2023111345596,2023,111345596,1,1,1,1,40,7,3,0,0,0,0,0,9,1,E01020765,3,1,0.0,1.0,-1,6,30,1,1,1,16:15,3,2,9
2023010434946,2023,010434946,2,1,1,1,57,9,3,0,0,0,0,0,3,5,E01030531,-1,0,0.0,1.0,-1,3,30,4,4,2,05:45,5,2,3
2023010478025,2023,010478025,1,1,1,1,28,6,3,0,0,0,0,0,3,3,E01002823,-1,0,0.0,1.0,-1,6,20,8,4,2,18:00,3,2,3
2023221402932,2023,221402932,1,2,1,2,34,6,3,0,0,0,0,0,9,1,E01028957,3,1,0.0,1.0,-1,6,30,1,4,1,19:00,5,2,9
2023430132318,2023,430132318,3,2,1,1,31,6,3,0,0,0,0,0,9,9,E01027289,-1,0,0.0416,0.9584,-1,6,60,1,1,1,11:11,7,3,9
2023320003224,2023,320003224,1,1,1,1,32,6,3,0,0,0,0,0,8,1,E01026149,-1,0,0.12539,0.87461,-1,6,60,1,6,4,01:15,3,1,8
2023031296018,2023,031296018,2,1,1,2,68,10,3,0,0,0,0,0,9,8,E01019378,3,1,0.0,1.0,-1,6,30,2,7,2,20:45,4,2,9
2023041268561,2023,041268561,1,1,1,2,59,9,3,0,0,0,0,0,9,4,E01025452,3,1,0.0,1.0,-1,6,30,1,4,1,16:55,5,2,9
2023302300749,2023,302300749,1,5,2,2,7,2,3,0,0,2,0,0,9,3,E01025949,-1,0,0.0808,0.9192,-1,6,30,1,1,1,20:45,5,2,9
2023311340912,2023,311340912,2,1,1,2,47,8,3,0,0,0,0,0,9,5,E01013913,3,1,0.0,1.0,-1,6,30,1,1,1,13:45,5,2,9
2023010471872,2023,010471872,2,2,1,1,57,9,3,0,0,0,0,0,19,6,E01001163,-1,0,0.0,1.0,-1,3,40,1,7,1,06:40,7,2,19
2023141308993,2023,141308993,1,1,3,2,15,3,2,5,1,0,0,0,0,6,E01008005,7,1,1.0,0.0,-1,6,30,1,1,1,15:27,5,1,9
2023440426319,2023,440426319,1,1,3,2,35,6,3,6,9,0,0,0,0,6,E01017142,-1,0,0.09923,0.90077,-1,6,30,1,1,1,08:10,3,1,8
2023471289148,2023,471289148,1,1,3,1,75,10,3,4,3,0,0,0,0,3,E01016861,3,1,0.0,1.0,-1,6,30,1,1,1,12:30,3,1,9
2023991362627,2023,991362627,1,1,3,1,83,11,2,9,5,0,0,0,0,3,-1,7,1,1.0,0.0,-1,6,30,1,1,1,14:15,2,1,9
2023631307493,2023,631307493,2,1,2,2,59,9,2,0,0,0,0,0,5,3,E01006273,5,1,1.0,0.0,-1,1,60,1,1,1,17:37,7,2,5
2023010426719,2023,010426719,1,1,1,1,52,8,3,0,0,0,0,0,9,3,E01001365,-1,0,0.0,1.0,-1,6,20,1,5,1,23:31,7,3,9
2023131277877,2023,131277877,2,3,2,1,21,5,3,0,0,1,0,0,9,10,E01011380,3,1,0.0,1.0,-1,6,40,4,1,1,13:30,6,3,9
2023340NN2542,2023,340NN2542,1,1,1,2,36,7,2,0,0,0,0,0,21,5,E01032454,-1,0,1.0,0.0,-1,3,70,2,6,2,00:40,3,3,21
2023010451580,2023,010451580,1,1,1,2,36,7,3,0,0,0,0,0,3,2,E01000501,-1,0,0.0,1.0,-1,6,30,1,1,1,20:00,7,2,3
2023461341992,2023,461341992,1,1,1,2,19,4,3,0,0,0,0,0,9,2,E01002345,3,1,0.0,1.0,-1,3,70,1,1,1,11:22,1,2,9
2023461343907,2023,461343907,2,2,2,2,11,3,3,0,0,2,0,0,9,-1,-1,3,1,0.0,1.0,-1,3,70,1,4,1,22:35,4,2,9
2023170M11003,2023,170M11003,2,2,1,1,39,7,3,0,0,0,0,0,19,2,E01012132,-1,0,0.02588,0.97412,-1,6,30,1,1,1,20:20,5,2,19
2023010464882,2023,010464882,2,1,1,1,46,8,3,0,0,0,0,0,1,5,E01001863,-1,0,0.0,1.0,-1,2,20,1,4,1,20:30,6,2,1
2023131298086,2023,131298086,2,1,1,1,18,4,3,0,0,0,0,0,1,5,E01011129,3,1,0.0,1.0,-1,6,30,1,1,1,12:45,2,2,1
2023122400066,2023,122400066,1,1,1,1,27,6,3,0,0,0,0,0,5,8,E01013392,-1,0,0.18879,0.81121,-1,6,60,2,1,2,11:27,7,1,5
2023111329892,2023,111329892,1,1,1,1,50,8,1,0,0,0,0,0,9,3,E01020652,1,1,0.0,0.0,-1,6,60,4,1,1,08:35,1,2,9
2023161296353,2023,161296353,1,1,1,1,61,9,3,0,0,0,0,0,9,9,E01013103,3,1,0.0,1.0,-1,6,30,3,1,3,08:30,6,2,9
2023461366272,2023,461366272,1,3,2,2,16,4,3,0,0,1,0,0,9,6,E01024512,3,1,0.0,1.0,-1,6,30,1,1,1,14:17,6,2,9
2023010437260,2023,010437260,1,1,2,1,76,11,3,0,0,0,3,0,11,4,E01004484,-1,0,0.0,1.0,-1,3,30,4,1,1,16:11,5,1,11
2023052300992,2023,052300992,2,1,1,1,20,4,3,0,0,0,0,0,-1,2,E01006772,-1,0,0.12143,0.87857,-1,6,30,1,1,1,17:50,3,2,-1
2023451391859,2023,451391859,1,1,1,1,19,4,3,0,0,0,0,0,3,6,E01022410,3,1,0.0,1.0,-1,6,30,1,4,1,18:00,7,2,3
2023010458868,2023,010458868,1,1,1,1,23,5,3,0,0,0,0,0,4,1,E01002040,-1,0,0.0,1.0,-1,9,20,1,1,1,11:18,6,2,4
2023041361035,2023,041361035,1,1,3,2,61,9,2,10,9,0,0,0,0,5,E01025013,6,1,1.0,0.0,-1,6,20,1,1,1,07:12,2,1,9
2023311380436,2023,311380436,1,1,3,2,42,7,3,1,1,0,0,0,0,-1,-1,3,1,0.0,1.0,-1,6,30,1,1,2,12:27,4,1,9
2023010443108,2023,010443108,1,1,1,1,31,6,3,0,0,0,0,0,1,5,E01000494,-1,0,0.0,1.0,-1,6,20,1,1,1,09:25,2,2,1
2023010462383,2023,010462383,3,2,1,1,25,5,3,0,0,0,0,0,9,3,E01000367,-1,0,0.0,1.0,-1,3,50,1,1,1,16:35,6,4,9
2023430257289,2023,430257289,1,1,1,1,50,8,2,0,0,0,0,0,1,-1,-1,-1,0,1.0,0.0,-1,6,30,1,1,1,08:41,2,2,1
2023131307683,2023,131307683,2,1,1,1,37,7,3,0,0,0,0,0,9,4,E01011634,3,1,0.0,1.0,-1,6,30,2,1,2,20:17,2,3,9
2023351287509,2023,351287509,1,1,1,1,24,5,3,0,0,0,0,0,9,7,E01023658,3,1,0.0,1.0,-1,3,60,3,1,3,07:55,5,2,9
2023531391892,2023,531391892,1,1,2,1,8,2,3,0,0,-1,0,0,9,6,E01022261,3,1,0.0,1.0,-1,6,30,8,6,4,16:45,6,2,9
2023010446769,2023,010446769,1,1,1,2,39,7,3,0,0,0,0,0,9,5,E01032789,-1,0,0.0,1.0,-1,3,30,1,4,1,02:50,5,2,9
2023052302362,2023,052302362,5,4,1,1,18,4,3,0,0,0,0,0,9,5,E01006625,-1,0,0.04996,0.95004,-1,3,70,2,1,2,07:15,5,5,9
2023201314173,2023,201314173,1,2,2,2,20,4,3,0,0,1,0,0,9,7,E01008968,3,1,0.0,1.0,-1,6,30,1,1,1,10:30,1,2,9
2023201416097,2023,201416097,2,3,2,1,53,8,3,0,0,2,0,0,9,-1,-1,3,1,0.0,1.0,-1,3,30,1,1,1,12:05,4,3,9
2023430279115,2023,430279115,2,1,2,2,35,6,3,0,0,2,0,0,9,10,E01018503,-1,0,0.04986,0.95014,-1,6,30,1,4,1,21:31,7,3,9
2023552300804,2023,552300804,3,2,2,2,63,9,3,0,0,2,0,0,9,4,E01015385,-1,0,0.06888,0.93112,-1,6,40,1,1,1,11:40,5,4,9
2023010422941,2023,010422941,2,3,2,1,-1,-1,3,0,0,0,0,0,19,5,E01002481,-1,0,0.0,1.0,-1,6,30,1,4,1,20:51,1,2,19
2023131302560,2023,131302560,1,2,2,1,19,4,2,0,0,1,0,0,9,1,E01011426,7,1,1.0,0.0,-1,6,20,2,4,2,01:32,2,3,9
2023211367079,2023,211367079,1,3,2,1,9,2,3,0,0,2,0,0,9,-1,-1,3,1,0.0,1.0,-1,6,30,1,1,1,15:20,3,2,9
202360A157101,2023,60A157101,1,1,1,1,65,9,3,0,0,0,0,0,9,-1,-1,-1,0,0.13089,0.86911,-1,6,30,1,1,1,16:52,6,2,9
2023070054936,2023,070054936,2,1,1,2,27,6,3,0,0,0,0,0,9,6,E01006255,-1,0,0.00305,0.99695,-1,6,30,1,1,4,08:45,5,2,9
2023111261320,2023,111261320,2,1,1,1,65,9,2,0,0,0,0,0,9,-1,-1,6,1,1.0,0.0,-1,6,60,1,4,2,17:00,2,2,9
2023010456900,2023,010456900,1,1,1,1,-1,-1,3,0,0,0,0,0,9,-1,-1,-1,0,0.0,1.0,-1,3,30,1,4,1,04:21,2,1,9
2023141327516,2023,141327516,3,1,1,1,31,6,3,0,0,0,0,0,9,3,E01007467,3,1,0.0,1.0,-1,6,40,1,1,1,12:44,1,3,9
2023440316513,2023,440316513,1,3,2,2,51,8,3,0,0,1,0,0,9,10,E01023211,-1,0,0.07094,0.92906,-1,6,30,1,1,1,14:54,1,2,9
2023991293751,2023,991293751,1,1,1,1,18,4,3,0,0,0,0,0,9,7,-1,3,1,0.0,1.0,-1,6,60,1,1,1,18:30,3,1,9
2023161352246,2023,161352246,1,2,3,2,15,3,3,8,7,0,0,2,0,-1,-1,3,1,0.0,1.0,-1,6,20,9,1,1,19:12,1,1,9
2023471353607,2023,471353607,1,3,3,1,25,5,2,9,9,0,0,0,0,-1,-1,5,1,1.0,0.0,-1,6,40,1,6,2,20:54,1,2,9
2023991265654,2023,991265654,3,3,1,1,36,7,3,0,0,0,0,0,9,5,-1,3,1,0.0,1.0,-1,6,60,1,1,2,08:30,5,3,9
2023122300307,2023,122300307,1,1,3,1,80,11,2,5,9,0,0,0,0,5,E01013671,-1,0,1.0,0.0,-1,9,20,1,1,1,11:07,5,2,9
2023010470964,2023,010470964,2,1,1,1,12,3,3,0,0,0,0,0,1,9,E01000446,-1,0,0.0,1.0,-1,6,30,1,1,1,15:02,2,2,1
2023010484113,2023,010484113,1,1,1,1,40,7,3,0,0,0,0,0,5,8,E01000828,-1,0,0.0,1.0,-1,1,30,1,4,2,18:00,5,2,5
2023041371715,2023,041371715,2,2,1,1,53,8,3,0,0,0,0,0,9,9,E01004971,3,1,0.0,1.0,-1,3,70,1,1,2,08:00,3,4,9
2023421270925,2023,421270925,2,2,2,2,51,8,3,0,0,2,0,0,9,3,E01021267,3,1,0.0,1.0,-1,1,40,1,1,1,16:00,4,2,9
2023131391186,2023,131391186,1,1,3,2,27,6,2,5,1,0,0,2,0,3,E01011478,7,1,1.0,0.0,-1,3,30,1,4,2,17:40,5,1,9
2023302300559,2023,302300559,1,1,3,1,49,8,3,9,9,0,0,0,0,-1,-1,-1,0,0.08699,0.91301,-1,6,30,1,1,1,12:15,1,2,9
2023010477086,2023,010477086,1,1,1,1,31,6,3,0,0,0,0,0,3,4,E01004591,-1,0,0.0,1.0,-1,9,30,9,7,9,16:55,4,2,3
2023010484268,2023,010484268,1,1,1,1,32,6,3,0,0,0,0,0,3,5,E01003484,-1,0,0.0,1.0,-1,7,20,1,4,1,16:35,6,2,3
2023340NN3072,2023,340NN3072,2,1,1,1,36,7,2,0,0,0,0,0,4,3,E01026984,-1,0,1.0,0.0,-1,6,30,1,1,1,06:00,3,2,4
2023201284893,2023,201284893,1,1,2,1,20,4,3,0,0,2,0,0,9,1,E01009274,3,1,0.0,1.0,-1,6,30,1,1,1,16:49,4,2,9
202354A972223,2023,54A972223,2,1,1,1,44,7,3,0,0,0,0,0,9,9,E01032049,-1,0,0.00586,0.99414,-1,6,30,1,1,2,08:17,2,2,9
2023010473539,2023,010473539,2,1,1,1,21,5,2,0,0,0,0,0,3,8,E01000669,-1,0,1.0,0.0,-1,6,40,1,1,1,08:01,2,2,3
2023010485138,2023,010485138,1,1,1,2,32,6,3,0,0,0,0,0,9,2,E01002608,-1,0,0.0,1.0,-1,6,30,2,4,2,18:10,3,2,9
2023111279848,2023,111279848,1,1,2,2,65,9,2,0,0,1,0,0,9,1,E01033484,7,1,1.0,0.0,-1,6,30,1,1,1,13:07,5,3,9
2023411354838,2023,411354838,1,1,1,1,49,8,3,0,0,0,0,0,9,6,E01023469,3,1,0.0,1.0,-1,7,70,1,1,1,07:27,1,1,9
2023010486675,2023,010486675,1,1,3,1,18,4,3,5,1,0,0,0,0,3,E01001338,-1,0,0.0,1.0,-1,1,20,2,4,2,22:55,7,1,9
2023010472547,2023,010472547,1,1,1,1,33,6,3,0,0,0,0,0,1,4,E01033572,-1,0,0.0,1.0,-1,2,20,1,4,1,18:28,3,2,1
2023501366546,2023,501366546,1,2,2,2,53,8,2,0,0,1,0,0,9,6,E01015220,7,1,1.0,0.0,-1,6,20,1,1,1,08:40,3,2,9
2023131352211,2023,131352211,2,1,1,1,12,3,2,0,0,0,0,0,-1,-1,-1,7,1,1.0,0.0,-1,6,30,1,1,1,15:22,4,2,-1
2023401278454,2023,401278454,1,1,3,1,31,6,2,10,9,0,0,2,0,3,E01017568,7,1,1.0,0.0,-1,6,20,1,4,1,18:04,5,1,98
2023010484157,2023,010484157,2,1,1,2,48,8,3,0,0,0,0,0,9,-1,-1,-1,0,0.0,1.0,-1,6,30,1,1,1,10:30,6,2,9
2023070461823,2023,070461823,2,2,1,2,43,7,3,0,0,0,0,0,9,9,E01018363,-1,0,0.02303,0.97697,-1,3,30,1,1,1,10:56,3,2,9
2023131354199,2023,131354199,1,1,2,1,17,4,3,0,0,1,0,0,9,1,E01011001,3,1,0.0,1.0,-1,3,30,5,4,2,02:05,4,2,9
2023141307651,2023,141307651,2,1,1,1,-1,-1,3,0,0,0,0,0,9,6,E01007962,3,1,0.0,1.0,-1,6,30,9,6,1,17:00,7,3,9
2023411382798,2023,411382798,2,1,2,2,19,4,3,0,0,1,0,0,9,4,E01023738,3,1,0.0,1.0,-1,6,40,1,1,1,17:10,6,2,9
2023430031108,2023,430031108,4,1,1,1,91,11,2,0,0,0,0,0,9,8,E01016675,-1,0,1.0,0.0,-1,3,70,1,1,4,11:21,7,4,9
2023010464950,2023,010464950,2,1,1,1,64,9,3,0,0,0,0,0,1,6,E01002886,-1,0,0.0,1.0,-1,6,20,1,1,1,12:06,7,2,1
2023010446185,2023,010446185,1,1,1,1,42,7,3,0,0,0,0,0,3,2,E01000523,-1,0,0.0,1.0,-1,6,20,9,1,9,10:40,4,2,3
2023010460753,2023,010460753,1,1,2,1,65,9,3,0,0,0,3,0,11,6,E01002912,-1,0,0.0,1.0,-1,6,20,1,1,1,15:00,3,1,11
2023010475846,2023,010475846,2,1,1,1,35,6,2,0,0,0,0,0,1,5,E01000850,-1,0,1.0,0.0,-1,6,20,1,1,2,12:00,7,2,1
2023211375872,2023,211375872,1,1,1,2,52,8,3,0,0,0,0,0,9,4,E01029851,3,1,0.0,1.0,-1,6,30,1,1,1,11:00,4,2,9
2023471333889,2023,471333889,2,2,1,1,38,7,3,0,0,0,0,0,9,10,E01031619,3,1,0.0,1.0,-1,3,40,1,1,1,12:45,4,2,9
2023542255723,2023,542255723,2,1,1,1,48,8,3,0,0,0,0,0,9,2,E01015542,-1,0,0.00921,0.99079,-1,6,30,1,1,1,14:30,4,2,9
2023201323542,2023,201323542,1,1,3,2,31,6,2,6,9,0,0,2,0,3,E01010444,5,1,1.0,0.0,-1,6,30,1,1,1,15:15,7,1,9
2023052300622,2023,052300622,2,1,2,2,78,11,3,0,0,1,0,0,9,9,E01007166,-1,0,0.09647,0.90353,-1,3,40,1,1,1,17:06,5,2,9
2023131388409,2023,131388409,1,3,2,1,30,6,2,0,0,2,0,0,9,6,E01011751,7,1,1.0,0.0,-1,6,30,8,4,2,23:42,4,2,9
2023411394215,2023,411394215,1,4,2,2,6,2,3,0,0,2,0,0,9,6,E01023570,3,1,0.0,1.0,-1,6,30,1,4,1,17:10,5,2,9
2023411399538,2023,411399538,1,1,1,2,28,6,3,0,0,0,0,0,9,2,E01000484,3,1,0.0,1.0,-1,3,70,1,4,2,16:24,4,2,9
2023461349185,2023,461349185,1,1,1,1,49,8,3,0,0,0,0,0,9,4,E01024217,3,1,0.0,1.0,-1,6,30,1,1,1,16:48,2,2,9
2023622301023,2023,622301023,2,2,1,1,39,7,3,0,0,0,0,0,9,2,W01001885,-1,0,0.02909,0.97091,-1,3,50,1,1,1,07:49,6,3,9
2023471288084,2023,471288084,2,1,1,1,61,9,3,0,0,0,0,0,17,4,E01030816,3,1,0.0,1.0,-1,6,60,2,1,2,06:15,7,2,17
2023101381629,2023,101381629,1,1,3,2,30,6,3,5,1,0,0,0,0,1,E01008669,3,1,0.0,1.0,-1,6,30,1,6,1,17:15,4,1,9
2023461382635,2023,461382635,1,1,3,2,30,6,2,1,1,0,0,0,0,4,E01016115,7,1,1.0,0.0,-1,6,30,1,1,1,10:04,3,1,9
2023010447023,2023,010447023,2,1,1,2,45,7,2,0,0,0,0,0,1,7,E01002927,-1,0,1.0,0.0,-1,6,20,1,1,1,15:37,6,2,1
2023351267493,2023,351267493,2,1,1,2,40,7,2,0,0,0,0,0,1,10,E01017955,7,1,1.0,0.0,-1,6,20,1,1,1,10:15,2,2,1
2023131367298,2023,131367298,2,1,1,1,35,6,2,0,0,0,0,0,9,3,E01011817,6,1,1.0,0.0,-1,6,30,1,1,1,07:32,4,3,9
2023161293615,2023,161293615,1,4,2,2,4,1,3,0,0,2,0,0,9,4,E01013271,3,1,0.0,1.0,-1,6,60,1,1,1,12:45,7,2,9
2023332301051,2023,332301051,1,1,1,1,44,7,3,0,0,0,0,0,9,6,E01031049,-1,0,0.04975,0.95025,-1,6,60,2,1,2,08:15,5,2,9
2023061389424,2023,061389424,1,2,1,1,19,4,3,0,0,0,0,0,9,1,E01033666,3,1,0.0,1.0,-1,6,30,1,6,2,23:11,7,2,9
2023161276262,2023,161276262,1,1,1,2,25,5,3,0,0,0,0,0,9,4,E01012934,3,1,0.0,1.0,-1,6,30,1,4,1,18:02,3,2,9
2023161321508,2023,161321508,2,2,2,1,10,2,3,0,0,2,0,0,9,3,E01012774,3,1,0.0,1.0,-1,6,30,1,4,1,21:30,7,2,9
2023401332859,2023,401332859,2,1,1,1,37,7,3,0,0,0,0,0,9,-1,-1,3,1,0.0,1.0,-1,3,40,2,1,2,11:23,7,3,9
2023411297874,2023,411297874,2,3,2,1,31,6,3,0,0,-1,0,0,9,7,-1,3,1,0.0,1.0,-1,3,70,1,1,1,11:33,6,3,9
2023522301569,2023,522301569,2,1,1,1,60,9,3,0,0,0,0,0,9,6,E01022263,-1,0,0.02307,0.97693,-1,3,70,1,1,1,12:27,7,2,9
2023622300395,2023,622300395,2,3,2,2,53,8,3,0,0,1,0,0,9,10,W01000837,-1,0,0.02003,0.97997,-1,6,20,1,1,1,12:59,4,2,9
2023991351048,2023,991351048,1,1,2,1,21,5,2,0,0,1,0,0,9,-1,-1,7,1,1.0,0.0,-1,6,30,1,4,1,21:37,1,1,9
202363D008423,2023,63D008423,1,1,3,2,25,5,2,5,1,0,0,0,0,-1,-1,-1,0,1.0,0.0,-1,6,30,1,4,2,19:17,7,1,11
2023010452739,2023,010452739,2,1,1,1,25,5,3,0,0,0,0,0,1,4,E01004254,-1,0,0.0,1.0,-1,6,20,1,1,1,10:55,1,2,1
2023010431524,2023,010431524,1,1,2,2,28,6,2,0,0,2,0,0,8,6,E01004029,-1,0,1.0,0.0,-1,3,20,1,4,1,00:40,7,1,8
2023311362234,2023,311362234,2,1,1,2,42,7,2,0,0,0,0,0,9,2,E01001551,6,1,1.0,0.0,-1,6,30,1,1,1,14:45,5,2,9