collision_index,collision_year,collision_ref_no,vehicle_reference,casualty_reference,casualty_class,sex_of_casualty,age_of_casualty,age_band_of_casualty,casualty_severity,pedestrian_location,pedestrian_movement,car_passenger,bus_or_coach_passenger,pedestrian_road_maintenance_worker,casualty_type,casualty_imd_decile,lsoa_of_casualty,enhanced_casualty_severity,casualty_injury_based,casualty_adjusted_severity_serious,casualty_adjusted_severity_slight,casualty_distance_banding,road_type,speed_limit,weather_conditions,light_conditions,road_surface_conditions,time,day_of_week,number_of_vehicles,vehicle_type
2023010443919,2023,010443919,1,1,2,2,70,10,3,0,0,0,4,0,11,1,E01033455,-1,0,0.0,1.0,-1,3,30,1,1,1,11:40,5,1,11
2023471384562,2023,471384562,2,1,1,1,27,6,3,0,0,0,0,0,-1,6,E01030455,3,1,0.0,1.0,-1,6,30,1,4,1,18:00,6,2,-1
2023141393639,2023,141393639,2,2,1,1,21,5,3,0,0,0,0,0,9,-1,-1,3,1,0.0,1.0,-1,6,50,2,4,2,20:00,1,3,9
2023421317098,2023,421317098,3,7,2,2,44,7,3,0,0,2,0,0,9,2,E01021327,3,1,0.0,1.0,-1,3,70,1,1,1,14:16,7,3,9
2023461329057,2023,461329057,2,2,1,1,62,9,3,0,0,0,0,0,9,7,E01024173,3,1,0.0,1.0,-1,6,30,1,1,1,06:25,6,3,9
2023471368183,2023,471368183,2,2,1,1,39,7,3,0,0,0,0,0,9,9,E01030835,3,1,0.0,1.0,-1,6,30,1,1,1,15:25,3,3,9
2023170M11793,2023,170M11793,1,1,3,2,10,2,3,5,2,0,0,0,0,1,E01012014,-1,0,0.15971,0.84029,-1,6,20,1,4,1,19:58,2,1,9
2023311270348,2023,311270348,2,1,1,1,15,3,3,0,0,0,0,0,1,6,E01028080,3,1,0.0,1.0,-1,6,30,1,4,1,19:30,5,2,1
2023361304893,2023,361304893,2,2,2,1,82,11,3,0,0,1,0,0,9,7,E01026608,3,1,0.0,1.0,-1,6,30,1,1,1,12:16,1,2,9
2023531316866,2023,531316866,2,1,1,2,34,6,3,0,0,0,0,0,9,2,E01022288,3,1,0.0,1.0,-1,6,40,1,1,1,14:30,6,2,9
2023522301753,2023,522301753,1,1,3,2,50,8,3,1,1,0,0,0,0,8,E01014709,-1,0,0.03819,0.96181,-1,6,30,9,1,-1,17:10,2,1,9
2023201379057,2023,201379057,2,1,1,2,42,7,3,0,0,0,0,0,9,2,E01010264,3,1,0.0,1.0,-1,6,30,1,1,1,13:08,5,2,9
2023332300809,2023,332300809,1,2,2,1,87,11,3,0,0,1,0,0,9,6,E01025986,-1,0,0.04438,0.95562,-1,6,30,1,1,1,13:45,5,2,9
2023440201157,2023,440201157,1,3,2,1,19,4,3,0,0,2,0,0,9,5,E01023201,-1,0,0.09397,0.90603,-1,6,30,1,6,1,00:02,2,1,9
2023501360095,2023,501360095,2,1,1,2,42,7,3,0,0,0,0,0,9,4,E01015177,3,1,0.0,1.0,-1,3,30,1,1,1,13:35,3,2,9
202363C006823,2023,63C006823,1,4,2,1,3,1,3,0,0,2,0,0,9,3,W01000604,-1,0,0.07976,0.92024,-1,6,60,1,1,2,09:00,4,3,9
2023141389173,2023,141389173,2,1,2,1,29,6,3,0,0,1,0,0,9,1,E01011140,3,1,0.0,1.0,-1,6,30,1,4,2,16:30,7,2,9
2023161324962,2023,161324962,2,2,2,2,17,4,3,0,0,2,0,0,9,-1,-1,3,1,0.0,1.0,-1,6,40,1,1,1,11:09,1,2,9
2023201370405,2023,201370405,1,1,1,2,18,4,3,0,0,0,0,0,9,-1,-1,3,1,0.0,1.0,-1,1,30,2,1,2,08:02,2,1,9
2023430483842,2023,430483842,1,1,1,2,-1,-1,3,0,0,0,0,0,9,-1,-1,-1,0,0.05485,0.94515,-1,3,70,1,1,1,16:45,6,2,9
2023461319082,2023,461319082,1,1,1,2,58,9,3,0,0,0,0,0,9,1,E01024618,3,1,0.0,1.0,-1,6,40,1,1,1,12:22,6,2,9
2023461340114,2023,461340114,1,1,1,1,35,6,3,0,0,0,0,0,9,4,E01015948,3,1,0.0,1.0,-1,6,30,1,4,1,23:06,7,4,9
2023471375476,2023,471375476,2,2,1,2,36,7,2,0,0,0,0,0,1,4,E01016974,7,1,1.0,0.0,-1,6,30,1,4,2,18:10,5,2,1
2023131358503,2023,131358503,1,1,1,2,36,7,3,0,0,0,0,0,9,1,E01011473,3,1,0.0,1.0,-1,6,30,1,1,1,12:15,2,1,9
2023131379910,2023,131379910,1,1,1,2,60,9,2,0,0,0,0,0,9,8,E01010645,6,1,1.0,0.0,-1,1,30,1,1,2,11:47,3,2,9
2023320734640,2023,320734640,1,1,1,2,27,6,3,0,0,0,0,0,9,7,E01026014,-1,0,0.05826,0.94174,-1,6,30,1,1,2,07:15,3,1,9
2023430032159,2023,430032159,4,6,2,2,19,4,3,0,0,2,0,0,9,2,E01009044,-1,0,0.0153,0.9847,-1,3,70,1,1,1,08:13,2,6,9
2023631314565,2023,631314565,4,2,1,2,34,6,3,0,0,0,0,0,9,7,W01000492,3,1,0.0,1.0,-1,6,60,1,1,1,10:05,7,4,9
2023010425450,2023,010425450,1,2,1,2,60,9,3,0,0,0,0,0,11,4,E01003436,-1,0,0.0,1.0,-1,6,30,1,1,1,09:33,1,2,11
2023061282224,2023,061282224,1,1,1,1,23,5,3,0,0,0,0,0,90,-1,-1,3,1,0.0,1.0,-1,6,20,1,4,1,17:45,4,2,90
2023052301930,2023,052301930,3,2,1,1,47,8,3,0,0,0,0,0,9,8,E01007095,-1,0,0.03777,0.96223,-1,3,40,1,1,1,17:45,3,3,9
2023201340579,2023,201340579,1,1,3,1,10,2,2,5,4,0,0,0,0,2,E01009982,7,1,1.0,0.0,-1,6,30,1,1,1,16:30,4,1,9
2023010440499,2023,010440499,2,1,1,1,34,6,2,0,0,0,0,0,5,7,E01015659,-1,0,1.0,0.0,-1,3,70,1,1,1,11:54,2,2,5
2023010456472,2023,010456472,1,3,2,-1,-1,-1,3,0,0,2,0,0,9,1,E01000521,-1,0,0.0,1.0,-1,3,30,1,1,1,13:45,4,1,9
2023131375918,2023,131375918,1,4,2,2,17,4,3,0,0,2,0,0,9,1,E01027805,3,1,0.0,1.0,-1,6,20,1,4,2,22:19,6,3,9
2023361402191,2023,361402191,1,1,1,1,28,6,2,0,0,0,0,0,9,-1,-1,5,1,1.0,0.0,-1,6,40,1,4,1,23:50,1,5,9
2023520000971,2023,520000971,3,1,1,1,17,4,3,0,0,0,0,0,9,8,E01031932,-1,0,0.00537,0.99463,-1,6,30,1,1,4,14:47,5,4,9
2023991392563,2023,991392563,1,2,1,2,76,11,2,0,0,0,0,0,9,4,-1,5,1,1.0,0.0,-1,6,60,1,1,2,15:30,1,2,9
2023411405189,2023,411405189,1,1,2,1,50,8,2,0,0,1,0,0,9,4,E01002231,7,1,1.0,0.0,-1,6,40,1,6,1,15:45,6,1,9
2023211269115,2023,211269115,1,1,1,1,50,8,2,0,0,0,0,0,17,-1,-1,5,1,1.0,0.0,-1,6,60,1,1,2,08:25,6,1,17
2023010460469,2023,010460469,1,2,2,-1,-1,-1,3,0,0,1,0,0,9,2,E01016004,-1,0,0.0,1.0,-1,9,30,1,1,1,15:48,1,2,9
2023201376570,2023,201376570,2,1,1,1,23,5,3,0,0,0,0,0,9,2,E01033641,3,1,0.0,1.0,-1,1,30,1,4,2,21:45,5,2,9
2023201453373,2023,201453373,2,2,1,2,45,7,3,0,0,0,0,0,9,2,E01008946,3,1,0.0,1.0,-1,6,30,1,4,1,20:51,6,2,9
2023471393298,2023,471393298,1,1,2,1,27,6,3,0,0,1,0,0,9,9,E01031672,3,1,0.0,1.0,-1,3,70,1,1,2,12:05,7,1,9
2023991389418,2023,991389418,2,1,2,2,7,2,3,0,0,2,0,0,9,1,-1,3,1,0.0,1.0,-1,6,30,2,4,2,17:19,1,2,9
2023421352154,2023,421352154,2,1,1,1,52,8,3,0,0,0,0,0,1,5,E01021664,3,1,0.0,1.0,-1,6,30,1,4,1,13:31,4,2,1
2023131381784,2023,131381784,1,1,3,1,82,11,3,8,3,0,0,2,0,7,E01011067,3,1,0.0,1.0,-1,2,30,1,1,4,13:27,7,1,9
2023201414787,2023,201414787,1,1,3,2,48,8,3,1,3,0,0,2,0,-1,-1,3,1,0.0,1.0,-1,3,30,1,4,2,07:15,4,1,-1
2023461361546,2023,461361546,1,1,1,1,21,5,3,0,0,0,0,0,4,10,E01021132,3,1,0.0,1.0,-1,6,30,1,1,1,17:29,7,2,4
2023201382813,2023,201382813,2,1,1,1,45,7,3,0,0,0,0,0,9,1,E01010375,3,1,0.0,1.0,-1,6,30,1,1,1,15:00,6,2,9
2023501384010,2023,501384010,1,2,1,1,66,10,3,0,0,0,0,0,9,5,E01015135,3,1,0.0,1.0,-1,6,50,1,1,2,15:07,5,2,9
2023991366362,2023,991366362,1,2,1,1,37,7,2,0,0,0,0,0,9,7,-1,7,1,1.0,0.0,-1,6,30,1,4,1,05:55,2,1,9
2023010485121,2023,010485121,1,2,2,2,55,8,3,0,0,0,4,0,11,3,E01001192,-1,0,0.0,1.0,-1,3,30,1,1,1,11:50,4,1,11
2023070795255,2023,070795255,2,1,2,2,30,6,3,0,0,1,0,0,9,-1,-1,-1,0,0.01695,0.98305,-1,3,70,1,1,1,16:50,5,4,9
2023141324787,2023,141324787,1,1,1,1,49,8,3,0,0,0,0,0,9,2,E01007548,3,1,0.0,1.0,-1,3,70,1,1,1,14:40,7,2,9
2023461284293,2023,461284293,2,2,2,2,52,8,3,0,0,1,0,0,9,4,E01024087,3,1,0.0,1.0,-1,6,40,1,1,1,11:55,7,3,9
2023440511580,2023,440511580,2,1,1,1,25,5,3,0,0,0,0,0,1,-1,-1,-1,0,0.03643,0.96357,-1,6,20,1,1,1,13:07,6,2,1
2023052302055,2023,052302055,1,1,3,2,31,6,2,5,1,0,0,0,0,1,E01006644,-1,0,1.0,0.0,-1,3,30,1,1,1,17:28,4,1,9
2023501399595,2023,501399595,1,1,3,2,13,3,3,5,9,0,0,0,0,3,E01018989,3,1,0.0,1.0,-1,6,20,2,7,2,08:15,5,1,9
2023201303356,2023,201303356,1,2,2,1,26,6,1,0,0,2,0,0,9,3,E01008953,1,1,0.0,0.0,-1,6,30,1,1,1,05:40,7,3,9
2023461331565,2023,461331565,1,1,1,1,70,10,3,0,0,0,0,0,9,1,E01024306,3,1,0.0,1.0,-1,6,30,1,4,2,00:05,7,1,9
2023010476743,2023,010476743,1,1,2,2,58,9,2,0,0,0,3,0,11,3,E01001147,-1,0,1.0,0.0,-1,6,30,2,1,2,14:25,4,2,11
2023101376992,2023,101376992,1,1,1,2,41,7,3,0,0,0,0,0,9,-1,-1,3,1,0.0,1.0,-1,3,50,2,1,2,08:30,3,2,9
2023141376006,2023,141376006,1,2,2,2,16,4,2,0,0,2,0,0,9,3,E01007632,7,1,1.0,0.0,-1,6,60,1,6,1,00:34,1,1,9
2023332300216,2023,332300216,1,1,1,1,70,10,3,0,0,0,0,0,9,7,E01025983,-1,0,0.01726,0.98274,-1,6,30,1,1,1,11:25,2,2,9
2023440244000,2023,440244000,1,1,2,2,69,10,3,0,0,1,0,0,9,6,E01023138,-1,0,0.08798,0.91202,-1,6,30,1,1,1,15:54,2,1,9
2023440262774,2023,440262774,1,1,1,1,33,6,3,0,0,0,0,0,9,7,E01002683,-1,0,0.0987,0.9013,-1,6,30,1,1,2,08:19,7,1,9
2023461377361,2023,461377361,2,2,1,1,30,6,3,0,0,0,0,0,9,3,E01016150,3,1,0.0,1.0,-1,6,30,1,1,1,12:04,3,2,9
2023161315738,2023,161315738,2,1,1,2,50,8,3,0,0,0,0,0,1,-1,-1,3,1,0.0,1.0,-1,6,30,1,1,1,11:29,3,2,1
2023131312875,2023,131312875,1,1,3,1,27,6,3,1,2,0,0,2,0,-1,-1,3,1,0.0,1.0,-1,6,30,1,1,1,19:30,2,1,9
2023131302717,2023,131302717,2,1,1,2,34,6,3,0,0,0,0,0,9,4,E01010727,3,1,0.0,1.0,-1,1,30,1,1,1,07:25,3,3,9
2023161351584,2023,161351584,1,2,1,2,41,7,3,0,0,0,0,0,9,1,E01012880,3,1,0.0,1.0,-1,6,30,2,1,2,07:40,3,2,9
2023361335457,2023,361335457,2,2,2,2,30,6,3,0,0,1,0,0,9,7,E01026608,3,1,0.0,1.0,-1,6,40,1,1,1,13:27,1,2,9
2023451302455,2023,451302455,2,1,1,1,40,7,3,0,0,0,0,0,9,8,E01002922,3,1,0.0,1.0,-1,6,40,1,1,1,12:52,7,2,9
2023061356435,2023,061356435,1,1,1,1,18,4,2,0,0,0,0,0,97,1,E01005422,6,1,1.0,0.0,-1,6,30,1,1,1,14:48,2,2,97
2023501352907,2023,501352907,1,1,3,2,78,11,2,8,1,0,0,0,0,5,E01020332,6,1,1.0,0.0,-1,6,30,1,1,1,14:40,6,1,9
2023010480927,2023,010480927,2,1,1,1,64,9,2,0,0,0,0,0,1,3,E01001493,-1,0,1.0,0.0,-1,6,30,1,1,1,15:30,4,2,1
2023141375002,2023,141375002,1,1,1,1,54,8,3,0,0,0,0,0,9,1,E01007809,3,1,0.0,1.0,-1,3,30,1,1,1,07:30,3,2,9
2023332300673,2023,332300673,1,1,1,1,35,6,3,0,0,0,0,0,9,-1,-1,-1,0,0.02619,0.97381,-1,6,50,2,1,2,18:20,7,2,9
2023411342147,2023,411342147,2,2,1,1,50,8,2,0,0,0,0,0,9,8,E01027183,7,1,1.0,0.0,-1,6,30,1,1,1,08:40,6,2,9
2023520301069,2023,520301069,2,2,1,1,55,8,3,0,0,0,0,0,9,6,E01014633,-1,0,0.07031,0.92969,-1,6,60,1,1,1,06:00,7,2,9
2023010473708,2023,010473708,1,1,1,1,38,7,3,0,0,0,0,0,23,2,E01001205,-1,0,0.0,1.0,-1,2,20,1,1,1,16:00,3,2,23
2023010443471,2023,010443471,1,1,3,2,3,1,3,1,3,0,0,0,0,4,E01000557,-1,0,0.0,1.0,-1,6,30,1,1,1,11:16,4,1,3
2023421391343,2023,421391343,1,1,1,1,59,9,3,0,0,0,0,0,5,7,E01015977,3,1,0.0,1.0,-1,6,40,1,1,1,09:45,6,2,5
2023010466091,2023,010466091,1,1,1,2,50,8,2,0,0,0,0,0,9,9,E01004490,-1,0,1.0,0.0,-1,6,20,1,4,1,23:09,5,2,9
2023211268542,2023,211268542,2,1,1,2,33,6,3,0,0,0,0,0,9,1,E01010435,3,1,0.0,1.0,-1,6,30,1,4,1,17:45,5,2,9
2023440005436,2023,440005436,1,1,1,1,36,7,2,0,0,0,0,0,9,8,E01022591,-1,0,1.0,0.0,-1,6,60,1,1,2,11:40,5,1,9
2023201267892,2023,201267892,1,1,3,2,15,3,3,5,1,0,0,0,0,5,E01008981,3,1,0.0,1.0,-1,6,30,2,1,2,08:45,3,1,9
2023010468672,2023,010468672,2,1,1,1,32,6,2,0,0,0,0,0,1,3,E01002780,-1,0,1.0,0.0,-1,1,20,1,1,1,16:48,4,2,1
2023052301101,2023,052301101,2,1,1,1,27,6,3,0,0,0,0,0,1,2,E01033758,-1,0,0.0725,0.9275,-1,6,30,1,1,1,13:45,1,2,1
2023440209077,2023,440209077,1,1,1,1,16,4,2,0,0,0,0,0,2,9,E01020399,-1,0,1.0,0.0,-1,6,60,1,1,1,19:42,6,1,2
2023302300506,2023,302300506,1,1,1,2,44,7,3,0,0,0,0,0,9,10,W01001586,-1,0,0.15432,0.84568,-1,3,70,1,1,1,06:00,5,1,9
2023320087440,2023,320087440,2,2,1,1,56,9,3,0,0,0,0,0,9,4,E01026148,-1,0,0.08695,0.91305,-1,6,60,1,4,2,20:00,6,2,9
2023440178157,2023,440178157,1,1,1,1,27,6,3,0,0,0,0,0,9,10,E01023233,-1,0,0.02779,0.97221,-1,6,60,1,1,1,16:10,6,2,9
2023461352319,2023,461352319,1,1,1,1,-1,-1,3,0,0,0,0,0,-1,-1,-1,3,1,0.0,1.0,-1,6,30,1,1,1,20:10,4,2,-1
2023010447153,2023,010447153,1,1,1,1,42,7,3,0,0,0,0,0,1,6,E01000492,-1,0,0.0,1.0,-1,9,20,1,1,1,08:10,5,1,1
2023010460848,2023,010460848,1,1,2,1,41,7,3,0,0,9,0,0,9,2,E01001515,-1,0,0.0,1.0,-1,6,40,1,1,1,11:30,1,2,9
2023221262950,2023,221262950,2,1,1,1,56,9,3,0,0,0,0,0,9,7,E01009870,3,1,0.0,1.0,-1,6,60,2,1,2,12:30,5,2,9
2023520400769,2023,520400769,3,3,1,2,81,11,3,0,0,0,0,0,9,7,E01020546,-1,0,0.07302,0.92698,-1,6,60,1,1,2,09:32,4,3,9
2023101353830,2023,101353830,1,1,2,2,45,7,2,0,0,0,2,0,11,-1,-1,7,1,1.0,0.0,-1,6,30,1,4,1,21:00,7,1,11
2023311353264,2023,311353264,2,1,1,1,50,8,3,0,0,0,0,0,9,-1,-1,3,1,0.0,1.0,-1,6,20,1,4,1,19:30,7,2,9
2023010435168,2023,010435168,1,1,1,1,26,6,3,0,0,0,0,0,3,3,E01001391,-1,0,0.0,1.0,-1,9,20,1,1,1,11:40,4,2,3
2023320015179,2023,320015179,1,1,2,1,20,4,3,0,0,1,0,0,9,4,E01026102,-1,0,0.10594,0.89406,-1,6,60,1,6,2,21:19,1,2,9
2023501359551,2023,501359551,2,1,1,2,66,10,3,0,0,0,0,0,9,4,E01019013,3,1,0.0,1.0,-1,6,30,1,4,2,21:00,7,2,9
2023522301247,2023,522301247,2,3,2,1,7,2,3,0,0,2,0,0,9,6,E01014952,-1,0,0.01676,0.98324,-1,3,30,2,1,2,08:39,4,2,9
2023991381844,2023,991381844,1,1,1,2,73,10,2,0,0,0,0,0,9,4,-1,5,1,1.0,0.0,-1,6,40,1,1,4,14:10,7,1,9
2023010441033,2023,010441033,1,1,1,1,23,5,3,0,0,0,0,0,1,3,E01004006,-1,0,0.0,1.0,-1,6,20,1,1,1,08:40,5,2,1
2023010444679,2023,010444679,2,2,1,2,20,4,3,0,0,0,0,0,9,4,E01001463,-1,0,0.0,1.0,-1,6,30,1,1,1,19:34,3,2,9
2023351323487,2023,351323487,1,1,1,1,35,6,3,0,0,0,0,0,9,9,E01015689,3,1,0.0,1.0,-1,6,30,1,1,1,08:26,4,2,9
2023522400530,2023,522400530,2,2,2,2,27,6,3,0,0,2,0,0,9,1,E01009338,-1,0,0.03183,0.96817,-1,3,70,1,1,1,10:19,7,2,9
2023061377451,2023,061377451,1,1,3,1,25,5,3,10,9,0,0,0,0,3,E01005241,3,1,0.0,1.0,-1,3,30,1,4,1,00:08,6,1,9
2023010457209,2023,010457209,1,1,1,1,39,7,2,0,0,0,0,0,4,7,E01017575,-1,0,1.0,0.0,-1,3,20,1,1,1,16:20,3,1,4
2023170H10973,2023,170H10973,1,2,2,1,17,4,3,0,0,0,0,0,4,-1,-1,-1,0,0.16098,0.83902,-1,6,30,1,4,1,16:18,6,2,4
2023010459935,2023,010459935,2,2,1,2,24,5,2,0,0,0,0,0,9,-1,-1,-1,0,1.0,0.0,-1,6,20,1,1,1,18:16,5,8,9
2023440133985,2023,440133985,1,1,1,2,72,10,2,0,0,0,0,0,9,-1,-1,-1,0,1.0,0.0,-1,3,40,1,1,1,07:46,4,2,9
2023010498289,2023,010498289,1,1,1,1,43,7,3,0,0,0,0,0,3,4,E01003053,-1,0,0.0,1.0,-1,6,20,1,1,1,16:30,7,2,3
2023221348790,2023,221348790,2,1,1,1,49,8,2,0,0,0,0,0,5,5,E01009905,7,1,1.0,0.0,-1,3,60,1,7,1,20:45,2,2,5
2023991342719,2023,991342719,1,1,1,1,59,9,2,0,0,0,0,0,5,2,-1,7,1,1.0,0.0,-1,6,60,2,1,1,13:15,4,1,5
2023430172813,2023,430172813,1,1,3,1,23,5,2,5,1,0,0,0,0,4,E01016517,-1,0,1.0,0.0,-1,6,40,1,1,1,07:29,6,1,9
2023371279204,2023,371279204,2,2,1,1,67,10,3,0,0,0,0,0,19,6,E01030143,3,1,0.0,1.0,-1,6,60,1,1,1,10:30,4,2,19
2023371371091,2023,371371091,1,3,2,1,28,6,2,0,0,0,0,0,19,9,E01032177,5,1,1.0,0.0,-1,3,70,1,1,1,12:40,1,6,19
2023010467017,2023,010467017,1,1,1,1,38,7,3,0,0,0,0,0,9,2,E01004679,-1,0,0.0,1.0,-1,3,20,8,1,1,16:21,3,2,9
2023041307342,2023,041307342,2,1,1,1,41,7,3,0,0,0,0,0,9,4,E01012661,3,1,0.0,1.0,-1,6,30,1,1,1,08:35,6,2,9
2023552301237,2023,552301237,2,1,1,1,63,9,3,0,0,0,0,0,1,8,E01031603,-1,0,0.15897,0.84103,-1,6,30,1,1,1,13:28,7,2,1
2023161348824,2023,161348824,1,2,1,1,84,11,2,0,0,0,0,0,9,3,E01013156,5,1,1.0,0.0,-1,6,30,1,1,1,15:55,7,2,9
202360A114286,2023,60A114286,1,1,1,1,20,4,3,0,0,0,0,0,19,-1,-1,-1,0,0.09497,0.90503,-1,6,60,1,1,1,11:50,5,2,19
2023010419937,2023,010419937,1,1,3,1,71,10,2,5,1,0,0,1,0,10,E01000280,-1,0,1.0,0.0,-1,6,30,1,1,1,11:29,6,1,3
2023010448168,2023,010448168,1,1,3,1,71,10,3,5,3,0,0,0,0,5,E01004647,-1,0,0.0,1.0,-1,7,20,1,1,1,14:15,7,1,8
2023201376439,2023,201376439,1,1,3,1,42,7,2,4,1,0,0,2,0,1,E01009051,6,1,1.0,0.0,-1,6,30,1,1,1,11:09,2,1,9
2023430190908,2023,430190908,2,2,2,2,17,4,2,0,0,0,0,0,1,3,E01016442,-1,0,1.0,0.0,-1,6,30,1,1,1,16:21,3,2,1
2023430481331,2023,430481331,2,1,1,1,25,5,3,0,0,0,0,0,1,8,E01002414,-1,0,0.10958,0.89042,-1,6,30,2,1,2,07:45,5,2,1
2023010435973,2023,010435973,1,1,1,1,28,6,3,0,0,0,0,0,3,2,E01002054,-1,0,0.0,1.0,-1,9,20,9,1,9,17:45,6,2,3
2023421286634,2023,421286634,2,1,1,2,35,6,3,0,0,0,0,0,9,2,E01022046,3,1,0.0,1.0,-1,6,30,1,1,1,12:00,4,2,9
2023440251189,2023,440251189,1,2,2,1,16,4,3,0,0,2,0,0,9,5,E01023061,-1,0,0.17219,0.82781,-1,6,60,1,6,1,01:00,7,1,9
2023070567937,2023,070567937,2,1,1,1,54,8,3,0,0,0,0,0,9,4,E01018624,-1,0,0.00902,0.99098,-1,1,40,1,1,1,21:15,1,2,9
2023131348532,2023,131348532,2,1,2,2,49,8,3,0,0,1,0,0,9,2,E01011166,3,1,0.0,1.0,-1,6,20,1,1,1,11:55,1,2,9
2023311428821,2023,311428821,2,2,2,1,48,8,3,0,0,1,0,0,9,8,E01028350,3,1,0.0,1.0,-1,6,60,1,1,1,14:14,1,4,9
2023332300601,2023,332300601,1,1,1,1,20,4,3,0,0,0,0,0,9,4,E01031026,-1,0,0.03054,0.96946,-1,6,40,2,1,2,08:30,6,2,9
2023421367027,2023,421367027,2,1,1,1,57,9,3,0,0,0,0,0,9,10,E01023456,3,1,0.0,1.0,-1,6,40,1,1,1,12:20,4,2,9
2023101272595,2023,101272595,1,1,1,1,21,5,3,0,0,0,0,0,9,2,E01027431,3,1,0.0,1.0,-1,3,70,1,6,1,20:00,1,1,9
2023421310002,2023,421310002,2,2,1,1,43,7,3,0,0,0,0,0,9,2,E01001555,3,1,0.0,1.0,-1,6,40,1,4,1,22:07,3,2,9
2023461300735,2023,461300735,1,1,1,1,24,5,3,0,0,0,0,0,9,4,E01024493,3,1,0.0,1.0,-1,3,70,1,1,1,16:33,4,1,9
2023622300989,2023,622300989,1,1,1,1,23,5,3,0,0,0,0,0,9,4,W01000948,-1,0,0.05547,0.94453,-1,6,40,1,6,1,22:12,7,1,9
2023052301937,2023,052301937,2,1,1,1,38,7,3,0,0,0,0,0,1,-1,-1,-1,0,0.11443,0.88557,-1,3,30,1,4,1,21:05,5,2,1
2023371347009,2023,371347009,2,1,1,2,30,6,2,0,0,0,0,0,1,9,E01030034,7,1,1.0,0.0,-1,1,30,1,1,1,05:38,4,2,1
2023522400528,2023,522400528,1,1,1,1,26,6,2,0,0,0,0,0,1,4,E01014968,-1,0,1.0,0.0,-1,3,50,2,1,2,17:35,2,2,1
2023371300297,2023,371300297,2,3,2,2,42,7,3,0,0,1,0,0,9,9,E01029967,3,1,0.0,1.0,-1,3,70,1,1,1,12:38,2,2,9
2023471304485,2023,471304485,1,2,2,2,61,9,3,0,0,1,0,0,9,5,E01033283,3,1,0.0,1.0,-1,3,70,1,1,1,11:45,1,1,9
2023440474063,2023,440474063,3,1,1,2,56,9,3,0,0,0,0,0,9,4,E01017122,-1,0,0.05179,0.94821,-1,3,70,1,1,1,07:50,2,4,9
2023440052570,2023,440052570,2,1,1,1,23,5,3,0,0,0,0,0,3,3,E01017227,-1,0,0.09478,0.90522,-1,6,30,1,4,1,19:23,3,3,3
2023161319567,2023,161319567,1,1,1,1,74,10,1,0,0,0,0,0,5,6,E01021573,1,1,0.0,0.0,-1,3,30,1,1,1,14:18,6,2,5
2023501339624,2023,501339624,2,1,1,1,27,6,3,0,0,0,0,0,19,6,E01030862,3,1,0.0,1.0,-1,6,30,2,1,2,14:18,4,2,19
2023161258742,2023,161258742,1,2,2,1,20,4,3,0,0,2,0,0,9,4,E01012976,3,1,0.0,1.0,-1,6,60,1,6,2,21:12,1,1,9
2023531395642,2023,531395642,2,3,2,2,21,5,3,0,0,1,0,0,9,6,E01032934,3,1,0.0,1.0,-1,6,30,1,4,2,21:00,1,2,9
2023401383723,2023,401383723,3,4,2,2,27,6,3,0,0,1,0,0,19,9,-1,3,1,0.0,1.0,-1,3,70,1,1,2,12:35,7,3,19
2023010419771,2023,010419771,1,1,3,2,34,6,3,8,8,0,0,0,0,3,E01002543,-1,0,0.0,1.0,-1,2,20,9,1,1,12:50,5,1,9
2023340WN5042,2023,340WN5042,2,1,1,2,25,5,3,0,0,0,0,0,9,9,E01027014,-1,0,0.1286,0.8714,-1,6,60,1,6,1,21:15,6,3,9
2023421369500,2023,421369500,1,1,2,1,6,2,2,0,0,2,0,0,9,-1,-1,7,1,1.0,0.0,-1,3,40,1,1,2,15:33,4,3,9
2023440234879,2023,440234879,1,1,1,1,18,4,3,0,0,0,0,0,9,8,E01022651,-1,0,0.11591,0.88409,-1,3,70,1,1,1,20:08,3,1,9
2023520300891,2023,520300891,2,2,1,2,38,7,3,0,0,0,0,0,9,5,E01029229,-1,0,0.03561,0.96439,-1,6,60,1,1,1,09:34,2,2,9
2023010423449,2023,010423449,2,1,1,1,30,6,3,0,0,0,0,0,2,8,E01000671,-1,0,0.0,1.0,-1,2,20,1,1,2,14:50,4,2,2
2023332300446,2023,332300446,1,1,1,1,29,6,3,0,0,0,0,0,5,3,E01025717,-1,0,0.06977,0.93023,-1,6,30,1,1,1,14:05,6,3,5
2023010479963,2023,010479963,1,1,1,1,28,6,3,0,0,0,0,0,9,5,E01000071,-1,0,0.0,1.0,-1,6,20,1,4,1,18:00,6,2,9
2023031381990,2023,031381990,3,2,2,1,6,2,3,0,0,2,0,0,9,-1,-1,3,1,0.0,1.0,-1,6,60,1,1,3,12:44,1,3,9
2023131368015,2023,131368015,2,2,2,2,49,8,3,0,0,2,0,0,9,1,E01005754,3,1,0.0,1.0,-1,3,70,7,1,2,16:44,7,2,9
2023461372280,2023,461372280,2,3,2,2,6,2,3,0,0,1,0,0,9,-1,-1,3,1,0.0,1.0,-1,3,70,2,4,2,16:51,4,2,9
2023622300572,2023,622300572,2,2,1,1,22,5,3,0,0,0,0,0,3,3,W01001702,-1,0,0.09749,0.90251,-1,6,20,1,1,1,08:19,2,3,3