collision_index,collision_year,collision_ref_no,vehicle_reference,casualty_reference,casualty_class,sex_of_casualty,age_of_casualty,age_band_of_casualty,casualty_severity,pedestrian_location,pedestrian_movement,car_passenger,bus_or_coach_passenger,pedestrian_road_maintenance_worker,casualty_type,casualty_imd_decile,lsoa_of_casualty,enhanced_casualty_severity,casualty_injury_based,casualty_adjusted_severity_serious,casualty_adjusted_severity_slight,casualty_distance_banding,road_type,speed_limit,weather_conditions,light_conditions,road_surface_conditions,time,day_of_week,number_of_vehicles,vehicle_type
2023010424228,2023,010424228,2,1,1,1,50,8,3,0,0,0,0,0,4,2,E01001754,-1,0,0.0,1.0,-1,6,20,1,4,1,18:43,1,2,4
2023010474144,2023,010474144,2,1,1,1,20,4,2,0,0,0,0,0,4,5,E01002682,-1,0,1.0,0.0,-1,6,20,1,1,2,13:17,5,2,4
2023061371207,2023,061371207,2,2,1,1,22,5,3,0,0,0,0,0,9,2,E01005960,3,1,0.0,1.0,-1,6,30,2,1,2,09:04,2,2,9
2023221329260,2023,221329260,1,1,1,1,72,10,1,0,0,0,0,0,9,1,E01010441,1,1,0.0,0.0,-1,6,60,1,1,1,11:50,2,3,9
2023351347225,2023,351347225,1,1,1,1,24,5,3,0,0,0,0,0,9,8,E01017989,3,1,0.0,1.0,-1,7,50,1,1,1,17:00,6,2,9
2023421324746,2023,421324746,1,1,2,2,30,6,3,0,0,1,0,0,9,1,E01015932,3,1,0.0,1.0,-1,6,30,1,1,1,12:35,7,2,9
2023545123323,2023,545123323,2,2,2,1,59,9,3,0,0,1,0,0,9,4,E01015492,-1,0,0.02753,0.97247,-1,1,30,1,1,1,13:40,3,2,9
2023010467186,2023,010467186,1,1,3,1,39,7,2,5,3,0,0,0,0,5,E01002426,-1,0,1.0,0.0,-1,7,40,2,1,1,15:59,4,1,9
2023041358579,2023,041358579,2,1,1,1,42,7,2,0,0,0,0,0,1,-1,-1,7,1,1.0,0.0,-1,6,30,1,4,1,22:15,4,2,1
2023421342445,2023,421342445,1,1,1,1,59,9,2,0,0,0,0,0,5,9,E01021564,7,1,1.0,0.0,-1,6,40,1,1,1,18:11,4,2,5
2023010422785,2023,010422785,1,1,1,2,24,5,3,0,0,0,0,0,9,8,E01002291,-1,0,0.0,1.0,-1,6,30,8,4,2,21:40,7,1,9
2023010463247,2023,010463247,1,1,1,1,62,9,3,0,0,0,0,0,9,4,E01003781,-1,0,0.0,1.0,-1,9,20,1,1,1,17:30,4,1,9
2023131296399,2023,131296399,1,1,1,2,25,5,3,0,0,0,0,0,9,2,E01010583,3,1,0.0,1.0,-1,3,30,1,1,2,16:30,5,2,9
2023440054646,2023,440054646,2,1,1,2,20,4,3,0,0,0,0,0,9,-1,-1,-1,0,0.03796,0.96204,-1,6,40,1,4,1,06:58,5,2,9
2023461359160,2023,461359160,2,1,1,1,50,8,3,0,0,0,0,0,9,1,E01024612,3,1,0.0,1.0,-1,6,30,1,1,1,15:55,1,2,9
2023471320527,2023,471320527,2,1,1,1,46,8,3,0,0,0,0,0,9,6,E01031801,3,1,0.0,1.0,-1,6,30,1,4,1,22:40,2,2,9
2023010460101,2023,010460101,1,1,3,1,34,6,3,1,1,0,0,0,0,1,E01004309,-1,0,0.0,1.0,-1,6,20,1,1,1,16:10,6,1,-1
2023161384680,2023,161384680,1,1,1,1,8,2,3,0,0,0,0,0,1,1,E01013221,3,1,0.0,1.0,-1,6,30,2,1,2,09:40,7,2,1
2023522324518,2023,522324518,1,1,1,1,57,9,3,0,0,0,0,0,1,4,E01014488,-1,0,0.03522,0.96478,-1,6,30,1,1,1,12:30,1,2,1
2023522301078,2023,522301078,2,1,1,1,18,4,3,0,0,0,0,0,3,3,E01014519,-1,0,0.08392,0.91608,-1,6,30,2,1,2,12:50,1,2,3
2023010455146,2023,010455146,1,1,1,1,29,6,3,0,0,0,0,0,4,6,E01015331,-1,0,0.0,1.0,-1,6,20,1,1,1,17:54,5,2,4
2023991348186,2023,991348186,2,2,1,1,50,8,3,0,0,0,0,0,9,10,-1,3,1,0.0,1.0,-1,6,30,8,1,1,15:50,1,2,9
2023311318992,2023,311318992,1,2,2,2,40,7,3,0,0,0,4,0,11,1,E01013820,3,1,0.0,1.0,-1,6,30,1,1,1,10:20,5,1,11
2023320495802,2023,320495802,4,1,1,1,24,5,3,0,0,0,0,0,9,10,E01026198,-1,0,0.05427,0.94573,-1,6,60,1,1,1,17:00,5,4,9
2023010424937,2023,010424937,1,1,2,2,54,8,3,0,0,0,3,0,11,2,E01003971,-1,0,0.0,1.0,-1,3,20,1,1,1,09:00,5,1,11
2023201291234,2023,201291234,2,1,1,2,45,7,3,0,0,0,0,0,9,1,E01009844,3,1,0.0,1.0,-1,3,30,1,4,1,20:17,5,2,9
2023501282918,2023,501282918,1,1,1,2,66,10,2,0,0,0,0,0,9,4,E01018781,6,1,1.0,0.0,-1,6,60,1,1,4,07:10,6,1,9
2023501390599,2023,501390599,2,2,1,2,54,8,3,0,0,0,0,0,9,4,E01020131,3,1,0.0,1.0,-1,6,60,1,6,2,08:42,6,2,9
2023471349794,2023,471349794,1,1,3,1,24,5,2,10,9,0,0,0,0,7,E01016899,5,1,1.0,0.0,-1,3,20,1,4,1,23:55,4,2,9
2023010446553,2023,010446553,1,1,1,2,30,6,3,0,0,0,0,0,3,5,E01001088,-1,0,0.0,1.0,-1,6,20,1,1,1,12:20,6,2,3
2023010446002,2023,010446002,1,1,1,1,37,7,3,0,0,0,0,0,1,9,E01001300,-1,0,0.0,1.0,-1,6,20,1,1,1,14:00,3,2,1
2023221333120,2023,221333120,1,1,1,1,35,6,2,0,0,0,0,0,1,9,E01028916,5,1,1.0,0.0,-1,6,60,1,6,1,23:08,2,2,1
2023361329161,2023,361329161,1,1,1,1,44,7,2,0,0,0,0,0,3,1,E01026625,7,1,1.0,0.0,-1,6,60,2,1,2,15:51,5,2,3
2023161314912,2023,161314912,1,1,1,2,24,5,3,0,0,0,0,0,9,1,E01027805,3,1,0.0,1.0,-1,6,30,1,1,1,14:25,1,2,9
2023201293235,2023,201293235,1,1,1,1,-1,-1,3,0,0,0,0,0,9,1,E01010308,3,1,0.0,1.0,-1,6,30,1,1,1,15:45,4,2,9
2023430019335,2023,430019335,3,1,1,2,24,5,3,0,0,0,0,0,9,1,E01016811,-1,0,0.035,0.965,-1,1,40,1,7,1,19:40,6,3,9
2023201342281,2023,201342281,1,1,3,1,25,5,3,9,5,0,0,2,0,1,E01010286,3,1,0.0,1.0,-1,6,30,1,4,1,21:24,1,2,9
2023411391090,2023,411391090,1,1,3,2,25,5,2,9,5,0,0,0,0,8,E01023311,7,1,1.0,0.0,-1,6,30,1,4,1,16:02,7,1,9
2023622300034,2023,622300034,1,1,3,1,81,11,2,4,1,0,0,0,0,6,W01001305,-1,0,1.0,0.0,-1,6,30,1,1,2,14:25,2,1,9
2023430559494,2023,430559494,1,1,1,1,32,6,3,0,0,0,0,0,3,4,E01017904,-1,0,0.05601,0.94399,-1,6,30,1,1,1,15:41,2,2,3
2023451299100,2023,451299100,1,1,1,1,18,4,3,0,0,0,0,0,3,5,E01031731,3,1,0.0,1.0,-1,3,30,2,1,2,17:46,5,2,3
2023070300695,2023,070300695,2,1,1,1,56,9,3,0,0,0,0,0,4,1,E01018310,-1,0,0.16295,0.83705,-1,6,30,1,1,1,14:24,1,2,4
2023471350913,2023,471350913,1,1,3,2,35,6,3,7,9,0,0,0,0,9,E01021053,3,1,0.0,1.0,-1,6,30,1,1,1,08:28,5,1,9
2023440376418,2023,440376418,2,1,1,1,53,8,3,0,0,0,0,0,1,8,E01022591,-1,0,0.17449,0.82551,-1,6,30,1,1,1,09:04,6,2,1
2023010422236,2023,010422236,1,1,1,1,19,4,3,0,0,0,0,0,3,1,E01003245,-1,0,0.0,1.0,-1,9,20,9,4,4,20:30,4,1,3
2023041321734,2023,041321734,2,1,1,1,59,9,3,0,0,0,0,0,5,4,E01024871,3,1,0.0,1.0,-1,6,30,1,1,1,18:48,5,2,5
2023010452539,2023,010452539,1,1,1,1,62,9,3,0,0,0,0,0,9,2,E01001114,-1,0,0.0,1.0,-1,6,30,1,1,2,08:55,7,2,9
2023041259721,2023,041259721,1,2,1,2,22,5,2,0,0,0,0,0,9,9,E01025253,6,1,1.0,0.0,-1,6,20,2,5,2,17:15,4,2,9
2023461349699,2023,461349699,2,2,2,1,21,5,3,0,0,1,0,0,9,6,E01000726,3,1,0.0,1.0,-1,6,50,1,1,1,12:03,7,2,9
2023421312906,2023,421312906,2,1,1,1,53,8,3,0,0,0,0,0,8,3,E01021955,3,1,0.0,1.0,-1,6,30,1,1,1,11:48,3,3,8
2023061328600,2023,061328600,1,1,1,1,54,8,3,0,0,0,0,0,9,9,E01005038,3,1,0.0,1.0,-1,3,70,1,1,-1,06:45,6,2,9
2023122301279,2023,122301279,1,1,1,1,52,8,3,0,0,0,0,0,9,4,E01027608,-1,0,0.07814,0.92186,-1,6,40,1,1,1,08:33,3,2,9
2023471384451,2023,471384451,2,1,1,2,52,8,3,0,0,0,0,0,9,9,E01031764,3,1,0.0,1.0,-1,6,60,1,1,2,09:05,6,2,9
2023471326106,2023,471326106,1,1,3,1,53,8,3,10,7,0,0,2,0,9,E01031733,3,1,0.0,1.0,-1,6,40,1,1,1,16:40,5,1,9
2023010456576,2023,010456576,2,1,1,1,20,4,3,0,0,0,0,0,1,1,E01001765,-1,0,0.0,1.0,-1,6,20,1,1,1,18:14,6,2,1
2023549716123,2023,549716123,2,1,1,1,17,4,3,0,0,0,0,0,3,9,E01022204,-1,0,0.02347,0.97653,-1,2,30,1,1,1,11:40,4,2,3
2023061315498,2023,061315498,2,3,2,1,48,8,3,0,0,1,0,0,9,8,E01004919,3,1,0.0,1.0,-1,6,30,1,1,1,19:29,5,2,9
2023161293024,2023,161293024,2,2,1,1,40,7,3,0,0,0,0,0,9,10,E01013293,3,1,0.0,1.0,-1,6,60,1,1,1,18:20,1,2,9
2023302300812,2023,302300812,1,2,2,1,20,4,3,0,0,1,0,0,9,2,E01005221,-1,0,0.08083,0.91917,-1,6,60,1,1,1,13:15,4,2,9
2023451273536,2023,451273536,2,3,2,2,73,10,3,0,0,1,0,0,9,10,E01030476,3,1,0.0,1.0,-1,6,40,2,1,1,11:30,3,2,9
2023010486261,2023,010486261,1,1,1,1,22,5,3,0,0,0,0,0,9,2,E01003346,-1,0,0.0,1.0,-1,6,20,1,4,1,18:30,4,2,9
2023122400045,2023,122400045,1,1,1,2,36,7,3,0,0,0,0,0,9,5,E01027793,-1,0,0.14185,0.85815,-1,6,60,1,4,2,00:01,7,1,9
202360A146986,2023,60A146986,1,1,1,2,70,10,2,0,0,0,0,0,9,-1,-1,-1,0,1.0,0.0,-1,6,30,1,1,1,10:30,2,2,9
2023501347172,2023,501347172,1,1,1,1,59,9,2,0,0,0,0,0,3,4,E01015077,6,1,1.0,0.0,-1,3,40,2,1,2,11:38,5,1,3
2023010432014,2023,010432014,1,1,1,2,26,6,3,0,0,0,0,0,9,2,E01004389,-1,0,0.0,1.0,-1,9,20,5,1,1,07:00,2,2,9
2023201317935,2023,201317935,2,2,2,2,35,6,3,0,0,1,0,0,9,5,E01010348,3,1,0.0,1.0,-1,3,50,1,1,1,17:30,4,2,9
2023440302072,2023,440302072,1,1,2,2,30,6,3,0,0,1,0,0,9,3,E01013665,-1,0,0.08753,0.91247,-1,6,60,1,1,1,13:05,5,2,9
2023010487854,2023,010487854,1,1,1,2,38,7,3,0,0,0,0,0,9,5,E01015005,-1,0,0.0,1.0,-1,1,20,8,1,1,12:30,1,2,9
2023201289828,2023,201289828,1,1,1,1,43,7,3,0,0,0,0,0,9,4,E01010252,3,1,0.0,1.0,-1,6,30,1,1,1,08:35,1,1,9
2023010478034,2023,010478034,1,1,2,1,30,6,3,0,0,1,0,0,9,6,E01000219,-1,0,0.0,1.0,-1,6,30,7,4,2,21:40,3,3,9
2023070321148,2023,070321148,2,1,1,2,49,8,3,0,0,0,0,0,9,2,E01018551,-1,0,0.01897,0.98103,-1,6,60,1,1,1,15:40,6,3,9
2023201448507,2023,201448507,2,1,1,-1,52,8,3,0,0,0,0,0,9,2,E01033248,3,1,0.0,1.0,-1,3,30,1,1,1,13:10,5,2,9
2023010469402,2023,010469402,2,1,1,1,33,6,3,0,0,0,0,0,1,6,E01002565,-1,0,0.0,1.0,-1,6,20,1,4,1,20:38,1,2,1
2023545243723,2023,545243723,2,2,2,1,60,9,3,0,0,0,4,0,11,1,E01015575,-1,0,0.02766,0.97234,-1,6,30,2,1,2,10:04,6,2,11
2023010437636,2023,010437636,2,1,1,1,36,7,3,0,0,0,0,0,9,4,E01000503,-1,0,0.0,1.0,-1,6,20,1,4,1,01:44,1,2,9
2023070250715,2023,070250715,2,1,1,1,45,7,2,0,0,0,0,0,9,8,E01012389,-1,0,1.0,0.0,-1,3,30,1,1,1,17:32,6,2,9
2023131381480,2023,131381480,3,4,1,2,52,8,3,0,0,0,0,0,9,6,E01010012,3,1,0.0,1.0,-1,9,70,7,6,2,16:17,6,3,9
2023461379530,2023,461379530,1,2,2,1,89,11,2,0,0,1,0,0,9,3,E01016030,5,1,1.0,0.0,-1,3,70,4,1,2,14:35,7,1,9
2023471265667,2023,471265667,1,1,1,1,22,5,2,0,0,0,0,0,9,4,E01031551,6,1,1.0,0.0,-1,6,60,1,1,4,09:21,3,1,9
2023991290544,2023,991290544,1,2,2,1,19,4,2,0,0,1,0,0,9,6,-1,7,1,1.0,0.0,-1,6,60,2,6,2,23:18,7,1,9
2023501365724,2023,501365724,1,1,1,1,35,6,2,0,0,0,0,0,3,5,E01019996,7,1,1.0,0.0,-1,6,40,1,1,1,14:00,1,2,3
2023520301544,2023,520301544,1,1,2,2,65,9,2,0,0,0,0,0,3,8,E01029242,-1,0,1.0,0.0,-1,3,40,1,1,1,15:29,7,2,3
202360A175062,2023,60A175062,1,1,1,1,85,11,3,0,0,0,0,0,9,-1,-1,-1,0,0.1041,0.8959,-1,6,30,2,1,2,09:57,5,2,9
2023451266067,2023,451266067,2,2,1,1,42,7,3,0,0,0,0,0,19,8,E01032195,3,1,0.0,1.0,-1,3,70,1,1,4,08:17,4,10,19
2023430305184,2023,430305184,2,1,1,1,28,6,2,0,0,0,0,0,4,4,E01004215,-1,0,1.0,0.0,-1,6,40,1,1,1,14:15,2,2,4
2023061296720,2023,061296720,1,1,3,1,64,9,2,6,9,0,0,0,0,5,E01005153,7,1,1.0,0.0,-1,6,20,2,1,2,13:58,6,2,9
2023471333985,2023,471333985,1,1,3,2,22,5,3,9,5,0,0,0,0,8,E01016893,3,1,0.0,1.0,-1,6,20,4,1,1,16:35,6,1,97
2023332300114,2023,332300114,1,1,1,1,32,6,2,0,0,0,0,0,4,1,E01013653,-1,0,1.0,0.0,-1,6,30,1,1,4,08:00,3,1,4
2023471304906,2023,471304906,1,1,3,1,53,8,1,6,9,0,0,0,0,2,E01016945,1,1,0.0,0.0,-1,6,20,1,1,1,14:30,1,1,11
2023010456514,2023,010456514,1,1,1,2,31,6,2,0,0,0,0,0,9,7,E01002683,-1,0,1.0,0.0,-1,6,20,1,1,1,12:40,6,2,9
2023411366059,2023,411366059,2,1,1,2,52,8,3,0,0,0,0,0,9,4,E01001497,3,1,0.0,1.0,-1,3,70,1,1,-1,09:10,7,2,9
2023010485362,2023,010485362,1,1,3,1,54,8,2,6,9,0,0,0,0,2,E01002634,-1,0,1.0,0.0,-1,2,20,1,1,1,14:10,4,1,-1
2023041356598,2023,041356598,1,2,3,1,70,10,3,10,5,0,0,0,0,4,E01024919,3,1,0.0,1.0,-1,6,20,1,1,1,12:40,3,1,9
2023610006123,2023,610006123,2,1,1,1,28,6,2,0,0,0,0,0,1,7,W01001613,-1,0,1.0,0.0,-1,6,30,1,4,1,22:43,3,2,1
2023332300784,2023,332300784,2,1,1,2,43,7,3,0,0,0,0,0,9,6,E01013642,-1,0,0.0059,0.9941,-1,7,30,1,1,1,08:14,4,3,9
2023351344744,2023,351344744,2,1,1,1,37,7,3,0,0,0,0,0,9,3,E01017971,3,1,0.0,1.0,-1,6,30,1,1,-1,16:44,1,2,9
2023552300746,2023,552300746,1,1,1,1,21,5,3,0,0,0,0,0,3,5,E01020364,-1,0,0.09202,0.90798,-1,6,30,1,1,1,11:45,7,2,3
2023131360782,2023,131360782,1,1,3,1,22,5,2,8,3,0,0,1,0,1,E01032497,7,1,1.0,0.0,-1,6,30,1,1,1,15:00,1,1,9
2023421391602,2023,421391602,1,1,3,1,45,7,3,10,9,0,0,0,0,-1,-1,3,1,0.0,1.0,-1,3,50,1,6,2,23:10,6,1,9
2023430023474,2023,430023474,2,1,1,1,73,10,3,0,0,0,0,0,1,10,E01028637,-1,0,0.16332,0.83668,-1,6,30,1,4,1,18:15,2,2,1
2023311332192,2023,311332192,1,1,1,1,52,8,3,0,0,0,0,0,5,4,E01013964,3,1,0.0,1.0,-1,6,50,2,1,2,11:05,7,2,5
2023052300031,2023,052300031,2,2,1,2,63,9,3,0,0,0,0,0,9,9,E01006796,-1,0,0.03507,0.96493,-1,6,30,1,1,1,11:57,3,2,9
2023131264492,2023,131264492,1,1,1,1,31,6,3,0,0,0,0,0,9,1,E01010833,3,1,0.0,1.0,-1,3,30,1,1,1,12:45,3,2,9
2023131276748,2023,131276748,2,1,1,1,40,7,3,0,0,0,0,0,9,1,E01033003,3,1,0.0,1.0,-1,6,30,1,4,1,01:29,4,2,9
2023461353587,2023,461353587,1,1,1,1,27,6,3,0,0,0,0,0,9,7,E01021803,3,1,0.0,1.0,-1,6,30,1,4,1,04:29,1,1,9
2023991356603,2023,991356603,6,2,1,2,44,7,3,0,0,0,0,0,9,4,-1,3,1,0.0,1.0,-1,3,50,1,1,1,15:20,3,6,9
2023010457488,2023,010457488,1,2,2,2,28,6,3,0,0,9,0,0,9,6,E01002381,-1,0,0.0,1.0,-1,6,30,9,1,9,08:30,3,2,9
2023201415175,2023,201415175,2,3,2,1,15,3,3,0,0,1,0,0,9,-1,-1,3,1,0.0,1.0,-1,1,30,1,1,-1,08:20,5,2,9
2023471379605,2023,471379605,1,1,1,2,77,11,2,0,0,0,0,0,9,10,E01021052,6,1,1.0,0.0,-1,6,30,1,4,1,17:10,2,1,9
2023010470422,2023,010470422,1,1,1,1,37,7,2,0,0,0,0,0,3,2,E01032562,-1,0,1.0,0.0,-1,1,30,8,1,1,11:20,4,1,3
2023131279517,2023,131279517,1,1,3,2,33,6,3,10,9,0,0,2,0,2,E01011163,3,1,0.0,1.0,-1,6,30,1,1,1,07:00,7,1,9
2023201278229,2023,201278229,2,2,1,2,34,6,3,0,0,0,0,0,9,6,E01029832,3,1,0.0,1.0,-1,1,30,1,1,2,09:34,5,2,9
2023440190893,2023,440190893,1,1,1,2,32,6,3,0,0,0,0,0,9,5,E01017254,-1,0,0.07269,0.92731,-1,3,70,1,1,1,13:25,2,1,9
2023543147923,2023,543147923,1,1,1,2,41,7,3,0,0,0,0,0,9,9,E01017441,-1,0,0.04487,0.95513,-1,3,70,5,1,2,10:49,6,2,9
2023211284559,2023,211284559,2,1,1,2,45,7,3,0,0,0,0,0,9,-1,-1,3,1,0.0,1.0,-1,1,30,9,4,-1,20:15,4,2,9
2023552301426,2023,552301426,2,2,1,2,19,4,3,0,0,0,0,0,9,7,E01020498,-1,0,0.03045,0.96955,-1,6,30,1,4,1,18:07,2,2,9
2023991355608,2023,991355608,2,1,1,1,53,8,2,0,0,0,0,0,5,6,-1,6,1,1.0,0.0,-1,1,30,1,1,1,16:05,7,2,5
2023010439691,2023,010439691,1,1,2,1,38,7,3,0,0,2,0,0,8,7,E01000347,-1,0,0.0,1.0,-1,9,30,2,4,9,18:03,6,2,8
2023010428901,2023,010428901,1,1,3,1,85,11,2,1,1,0,0,0,0,4,E01000997,-1,0,1.0,0.0,-1,6,30,1,1,1,10:06,6,1,11
2023010470624,2023,010470624,1,1,1,1,54,8,3,0,0,0,0,0,1,6,E01001275,-1,0,0.0,1.0,-1,6,30,1,1,1,11:45,6,2,1
2023010422859,2023,010422859,1,1,1,1,21,5,3,0,0,0,0,0,3,2,E01002051,-1,0,0.0,1.0,-1,9,30,1,1,1,14:20,7,2,3
2023421327078,2023,421327078,1,1,1,1,60,9,2,0,0,0,0,0,3,8,E01022093,5,1,1.0,0.0,-1,6,40,1,1,1,11:30,6,2,3
2023010431121,2023,010431121,1,2,3,2,22,5,3,5,2,0,0,0,0,7,E01000314,-1,0,0.0,1.0,-1,6,30,2,4,2,20:00,4,1,2
202360A139543,2023,60A139543,1,1,1,1,30,6,3,0,0,0,0,0,5,-1,-1,-1,0,0.2453,0.7547,-1,6,40,8,5,2,20:21,4,1,5
2023131325876,2023,131325876,1,1,3,2,21,5,3,8,7,0,0,2,0,1,E01010808,3,1,0.0,1.0,-1,1,30,1,1,1,13:00,2,1,19
2023170S31203,2023,170S31203,1,1,3,1,3,1,2,1,3,0,0,0,0,-1,-1,-1,0,1.0,0.0,-1,6,20,1,1,1,15:28,2,1,23
2023440156451,2023,440156451,1,1,3,2,41,7,3,9,8,0,0,0,0,8,E01022468,-1,0,0.10085,0.89915,-1,3,30,1,1,1,16:33,6,1,9
2023320179640,2023,320179640,1,1,3,2,25,5,3,1,1,0,0,0,0,2,E01026172,-1,0,0.09944,0.90056,-1,6,30,1,1,1,17:30,3,1,9
2023991293319,2023,991293319,1,1,3,2,14,3,3,9,7,0,0,2,0,-1,-1,3,1,0.0,1.0,-1,6,30,1,1,1,14:30,2,1,9
2023010449464,2023,010449464,1,1,1,1,58,9,3,0,0,0,0,0,9,2,E01003920,-1,0,0.0,1.0,-1,3,20,1,1,1,12:19,6,3,9
2023070679682,2023,070679682,2,2,2,2,28,6,3,0,0,1,0,0,9,5,E01018717,-1,0,0.03115,0.96885,-1,1,60,2,4,2,21:52,4,2,9
2023461326458,2023,461326458,2,2,2,2,97,11,3,0,0,1,0,0,9,5,E01024788,3,1,0.0,1.0,-1,6,60,1,1,1,16:50,3,2,9
2023471307237,2023,471307237,2,2,1,1,53,8,3,0,0,0,0,0,9,7,E01021146,3,1,0.0,1.0,-1,6,60,1,1,1,16:35,1,2,9
2023411316256,2023,411316256,1,1,3,2,36,7,3,5,1,0,0,0,0,6,E01023903,3,1,0.0,1.0,-1,6,30,1,1,1,08:50,2,1,9
2023471328003,2023,471328003,1,1,3,2,24,5,2,1,3,0,0,0,0,7,E01032717,7,1,1.0,0.0,-1,6,30,1,1,1,16:32,2,1,9
2023010455954,2023,010455954,2,1,1,1,23,5,3,0,0,0,0,0,1,6,E01003693,-1,0,0.0,1.0,-1,6,20,1,1,1,18:30,3,2,1
2023010449221,2023,010449221,1,1,1,2,37,7,3,0,0,0,0,0,3,8,E01030659,-1,0,0.0,1.0,-1,6,20,1,1,1,14:58,3,2,3
2023471346231,2023,471346231,2,1,1,1,55,8,3,0,0,0,0,0,9,3,E01021090,3,1,0.0,1.0,-1,6,30,1,1,1,15:46,2,2,9
2023501352903,2023,501352903,1,1,1,2,62,9,3,0,0,0,0,0,9,7,E01025964,3,1,0.0,1.0,-1,6,20,1,1,1,15:07,6,2,9
2023061314230,2023,061314230,1,1,3,1,60,9,3,9,9,0,0,2,0,3,E01012617,3,1,0.0,1.0,-1,6,30,1,1,1,13:15,4,1,9
2023111347632,2023,111347632,2,1,1,1,54,8,3,0,0,0,0,0,1,-1,-1,3,1,0.0,1.0,-1,6,30,1,1,1,19:00,5,2,1
2023122300632,2023,122300632,1,1,1,1,17,4,3,0,0,0,0,0,3,7,E01027605,-1,0,0.1859,0.8141,-1,6,60,1,1,1,17:35,1,1,3
2023161272410,2023,161272410,2,1,1,1,22,5,3,0,0,0,0,0,1,1,E01012845,3,1,0.0,1.0,-1,6,30,8,4,1,17:40,5,2,1
2023010432567,2023,010432567,1,2,3,1,2,1,3,5,1,0,0,0,0,7,E01002328,-1,0,0.0,1.0,-1,6,20,1,4,1,17:52,5,2,9
2023010469106,2023,010469106,1,1,1,1,20,4,3,0,0,0,0,0,9,4,E01003117,-1,0,0.0,1.0,-1,6,30,1,4,1,02:09,7,1,9
2023161262286,2023,161262286,1,1,1,2,67,10,3,0,0,0,0,0,9,3,E01027833,3,1,0.0,1.0,-1,6,60,2,6,2,16:58,4,2,9
2023421402081,2023,421402081,2,1,1,2,27,6,3,0,0,0,0,0,9,8,E01022091,3,1,0.0,1.0,-1,1,70,8,4,1,16:34,1,2,9
2023471268602,2023,471268602,1,1,1,1,38,7,3,0,0,0,0,0,9,1,E01016865,3,1,0.0,1.0,-1,6,30,1,4,2,01:30,6,1,9
2023010440612,2023,010440612,1,1,1,1,21,5,3,0,0,0,0,0,9,6,E01001319,-1,0,0.0,1.0,-1,2,30,1,4,1,08:14,2,2,9
2023122301095,2023,122301095,2,1,1,1,36,7,3,0,0,0,0,0,9,-1,-1,-1,0,0.05799,0.94201,-1,6,60,1,1,1,11:40,7,3,9
2023320235671,2023,320235671,1,1,1,2,36,7,2,0,0,0,0,0,9,8,E01026193,-1,0,1.0,0.0,-1,6,60,1,1,1,17:30,4,2,9
2023440196768,2023,440196768,1,1,1,1,19,4,1,0,0,0,0,0,9,8,E01022992,-1,0,0.0,0.0,-1,6,60,1,6,1,22:15,5,1,9
2023522400543,2023,522400543,2,4,2,1,27,6,3,0,0,1,0,0,9,3,E01014569,-1,0,0.03114,0.96886,-1,6,20,1,4,1,22:56,4,2,9
2023010458247,2023,010458247,2,1,1,1,20,4,3,0,0,0,0,0,-1,2,E01001943,-1,0,0.0,1.0,-1,3,30,1,1,1,20:05,2,2,-1
2023031306921,2023,031306921,1,1,3,2,11,3,3,6,9,0,0,0,0,9,E01019328,3,1,0.0,1.0,-1,6,40,1,1,1,12:10,7,1,9
2023041378963,2023,041378963,1,1,3,1,25,5,2,10,1,0,0,0,0,1,E01025293,5,1,1.0,0.0,-1,6,50,1,4,1,07:45,6,1,21
2023991324999,2023,991324999,1,1,1,2,74,10,3,0,0,0,0,0,1,-1,-1,3,1,0.0,1.0,-1,6,30,2,1,2,15:00,1,2,1
2023010431705,2023,010431705,2,1,1,1,37,7,3,0,0,0,0,0,3,-1,-1,-1,0,0.0,1.0,-1,6,20,2,4,2,01:58,1,2,3
2023010473852,2023,010473852,2,1,1,2,56,9,3,0,0,0,0,0,1,3,E01000511,-1,0,0.0,1.0,-1,2,20,2,4,2,18:46,3,2,1
2023010460373,2023,010460373,2,1,1,1,10,2,3,0,0,0,0,0,1,6,E01004485,-1,0,0.0,1.0,-1,6,20,1,1,1,12:44,1,2,1
2023010471643,2023,010471643,1,1,3,1,36,7,2,8,5,0,0,0,0,1,E01003535,-1,0,1.0,0.0,-1,1,30,2,4,2,21:10,5,1,9
2023131309637,2023,131309637,1,1,3,1,27,6,3,10,9,0,0,1,0,4,E01011007,3,1,0.0,1.0,-1,6,30,1,1,1,21:00,7,1,9
2023031308552,2023,031308552,1,1,3,2,57,9,3,9,9,0,0,2,0,-1,-1,3,1,0.0,1.0,-1,6,60,9,1,-1,16:00,4,1,17
2023010428085,2023,010428085,1,1,1,1,38,7,3,0,0,0,0,0,9,3,E01002120,-1,0,0.0,1.0,-1,6,30,1,1,1,17:15,1,2,9
2023010465532,2023,010465532,1,1,2,-1,-1,-1,3,0,0,1,0,0,9,2,E01003037,-1,0,0.0,1.0,-1,6,30,1,1,1,13:40,1,1,9
2023161363469,2023,161363469,2,1,2,2,27,6,3,0,0,1,0,0,9,4,E01012810,3,1,0.0,1.0,-1,6,30,1,4,1,20:48,6,2,9
2023201288615,2023,201288615,1,1,1,1,-1,-1,3,0,0,0,0,0,9,-1,-1,3,1,0.0,1.0,-1,2,30,8,4,1,03:11,1,1,9
2023401290721,2023,401290721,2,2,2,1,24,5,3,0,0,1,0,0,9,-1,-1,3,1,0.0,1.0,-1,6,30,1,4,2,02:10,4,2,9