collision_index,collision_year,collision_ref_no,vehicle_reference,casualty_reference,casualty_class,sex_of_casualty,age_of_casualty,age_band_of_casualty,casualty_severity,pedestrian_location,pedestrian_movement,car_passenger,bus_or_coach_passenger,pedestrian_road_maintenance_worker,casualty_type,casualty_imd_decile,lsoa_of_casualty,enhanced_casualty_severity,casualty_injury_based,casualty_adjusted_severity_serious,casualty_adjusted_severity_slight,casualty_distance_banding,road_type,speed_limit,weather_conditions,light_conditions,road_surface_conditions,time,day_of_week,number_of_vehicles,vehicle_type
2023061275449,2023,061275449,2,1,1,2,69,10,3,0,0,0,0,0,22,2,E01005958,3,1,0.0,1.0,-1,6,20,1,1,1,17:15,5,2,22
2023061282688,2023,061282688,1,1,1,1,18,4,3,0,0,0,0,0,3,6,E01005693,3,1,0.0,1.0,-1,3,30,3,4,-1,08:08,5,2,3
2023010473969,2023,010473969,1,2,2,2,48,8,3,0,0,0,0,0,2,3,E01003201,-1,0,0.0,1.0,-1,6,20,1,1,2,09:20,4,2,2
2023440336467,2023,440336467,1,1,1,1,46,8,3,0,0,0,0,0,9,5,E01023011,-1,0,0.02861,0.97139,-1,6,60,1,1,1,17:58,5,2,9
2023131313100,2023,131313100,2,1,1,1,30,6,3,0,0,0,0,0,1,1,E01011472,3,1,0.0,1.0,-1,3,40,1,4,1,03:31,4,2,1
2023010482652,2023,010482652,1,1,3,2,52,8,3,6,9,0,0,0,0,2,E01002316,-1,0,0.0,1.0,-1,7,30,2,5,2,17:57,5,1,9
2023041327202,2023,041327202,1,1,3,2,15,3,3,5,9,0,0,0,0,2,E01025292,3,1,0.0,1.0,-1,6,30,1,1,1,07:45,7,1,9
2023041385101,2023,041385101,2,1,1,1,35,6,3,0,0,0,0,0,1,7,E01024985,3,1,0.0,1.0,-1,6,30,1,4,4,07:15,4,2,1
2023010450210,2023,010450210,1,1,1,-1,20,4,3,0,0,0,0,0,3,1,E01000521,-1,0,0.0,1.0,-1,6,20,9,1,9,13:03,5,2,3
2023430237398,2023,430237398,1,1,1,1,21,5,3,0,0,0,0,0,9,9,E01003901,-1,0,0.02193,0.97807,-1,3,70,1,1,1,15:10,3,3,9
2023061353922,2023,061353922,1,1,3,1,46,8,2,5,8,0,0,-1,0,-1,-1,7,1,1.0,0.0,-1,6,30,1,1,-1,17:30,3,1,9
2023010485065,2023,010485065,1,1,3,2,21,5,3,6,9,0,0,0,0,6,E01003750,-1,0,0.0,1.0,-1,9,30,8,4,2,19:15,3,1,9
2023041295032,2023,041295032,2,1,1,2,47,8,3,0,0,0,0,0,1,5,E01025479,3,1,0.0,1.0,-1,6,30,1,1,1,10:28,7,2,1
2023010476764,2023,010476764,1,1,1,2,34,6,3,0,0,0,0,0,9,10,E01016706,-1,0,0.0,1.0,-1,3,70,1,4,1,19:04,4,1,9
2023231279753,2023,231279753,1,1,1,1,32,6,3,0,0,0,0,0,9,5,E01008885,3,1,0.0,1.0,-1,6,60,1,6,2,06:50,1,2,9
2023010457995,2023,010457995,1,1,1,1,18,4,3,0,0,0,0,0,1,2,E01004219,-1,0,0.0,1.0,-1,6,20,1,1,1,13:28,1,2,1
2023141275408,2023,141275408,1,1,1,1,17,4,3,0,0,0,0,0,3,-1,-1,3,1,0.0,1.0,-1,6,30,1,4,1,18:05,1,2,3
2023010460885,2023,010460885,2,1,1,1,44,7,2,0,0,0,0,0,5,9,E01033613,-1,0,1.0,0.0,-1,6,20,1,1,1,14:55,4,3,5
2023311362983,2023,311362983,2,1,1,2,54,8,3,0,0,0,0,0,9,3,E01013863,3,1,0.0,1.0,-1,3,30,1,1,1,07:12,5,2,9
2023991290668,2023,991290668,1,2,2,1,3,1,2,0,0,2,0,0,9,3,-1,5,1,1.0,0.0,-1,6,60,6,1,2,12:46,1,1,9
2023211308742,2023,211308742,2,1,1,1,45,7,3,0,0,0,0,0,21,2,E01029390,3,1,0.0,1.0,-1,3,60,1,1,1,09:08,5,3,21
2023471350626,2023,471350626,2,1,1,1,37,7,3,0,0,0,0,0,1,-1,-1,3,1,0.0,1.0,-1,6,30,1,4,1,22:00,6,2,1
2023991341106,2023,991341106,1,2,2,2,18,4,3,0,0,1,0,0,9,10,-1,3,1,0.0,1.0,-1,6,30,1,4,2,03:00,1,2,9
2023501332525,2023,501332525,1,3,2,2,1,1,3,0,0,2,0,0,9,4,E01015265,3,1,0.0,1.0,-1,3,70,2,1,2,18:24,7,1,9
2023351371617,2023,351371617,1,1,1,2,37,7,3,0,0,0,0,0,1,1,E01015602,3,1,0.0,1.0,-1,6,30,1,1,1,06:50,2,2,1
2023061338976,2023,061338976,1,1,3,1,41,7,2,9,9,0,0,0,0,-1,-1,7,1,1.0,0.0,-1,6,30,1,1,2,18:36,7,1,8
2023101353324,2023,101353324,1,1,3,2,61,9,3,5,3,0,0,0,0,8,E01008657,3,1,0.0,1.0,-1,3,30,1,1,1,05:30,4,1,21
2023340WN0742,2023,340WN0742,1,1,2,2,7,2,3,0,0,2,0,0,9,-1,-1,-1,0,0.04878,0.95122,-1,6,40,1,4,1,19:30,7,2,9
2023440303637,2023,440303637,1,1,1,2,66,10,2,0,0,0,0,0,9,4,E01020271,-1,0,1.0,0.0,-1,3,70,1,1,1,13:19,6,2,9
2023461317706,2023,461317706,1,1,1,2,52,8,3,0,0,0,0,0,9,2,E01024672,3,1,0.0,1.0,-1,6,30,1,4,1,05:08,2,2,9
2023501337205,2023,501337205,1,3,2,1,5,1,3,0,0,2,0,0,9,3,E01029072,3,1,0.0,1.0,-1,3,70,1,1,2,15:15,2,3,9
202354D126923,2023,54D126923,3,3,1,1,48,8,3,0,0,0,0,0,9,10,E01031934,-1,0,0.06091,0.93909,-1,3,70,1,4,2,17:41,2,3,9
2023201310852,2023,201310852,1,1,3,2,34,6,2,5,3,0,0,0,0,3,E01010018,7,1,1.0,0.0,-1,6,30,1,7,1,05:23,1,1,9
2023311360767,2023,311360767,1,1,3,1,14,3,2,5,3,0,0,0,0,6,E01027997,7,1,1.0,0.0,-1,3,30,1,1,2,17:30,3,1,9
2023311351369,2023,311351369,1,1,1,1,38,7,2,0,0,0,0,0,3,1,E01013920,7,1,1.0,0.0,-1,6,30,1,1,1,18:10,7,2,3
2023451325464,2023,451325464,2,1,1,2,51,8,3,0,0,0,0,0,9,10,E01030626,3,1,0.0,1.0,-1,6,40,1,1,2,16:30,2,2,9
2023522301662,2023,522301662,1,1,1,2,62,9,3,0,0,0,0,0,9,7,E01032666,-1,0,0.03772,0.96228,-1,6,30,1,1,1,16:50,4,1,9
2023991309484,2023,991309484,2,4,1,1,63,9,1,0,0,0,0,0,23,5,-1,1,1,0.0,0.0,-1,3,70,1,4,1,23:20,6,2,23
2023041290585,2023,041290585,1,2,2,1,61,9,3,0,0,1,0,0,9,2,E01025524,3,1,0.0,1.0,-1,3,70,1,1,1,12:43,6,2,9
2023061353391,2023,061353391,1,1,2,2,14,3,3,0,0,2,0,0,9,3,E01011257,3,1,0.0,1.0,-1,3,70,8,6,2,22:00,1,1,9
2023070733769,2023,070733769,2,2,1,1,25,5,3,0,0,0,0,0,9,7,E01012547,-1,0,0.06647,0.93353,-1,3,50,1,1,1,08:27,5,3,9
2023440165435,2023,440165435,4,1,1,2,26,6,3,0,0,0,0,0,9,2,E01022819,-1,0,0.01188,0.98812,-1,6,30,2,1,2,18:15,5,4,9
2023221300944,2023,221300944,1,1,3,1,3,1,2,7,3,0,0,0,0,2,E01032311,7,1,1.0,0.0,-1,6,30,1,1,1,15:45,2,1,9
2023461298428,2023,461298428,1,1,3,2,12,3,3,1,1,0,0,0,0,-1,-1,3,1,0.0,1.0,-1,6,30,1,1,1,14:12,1,1,9
2023991313130,2023,991313130,1,1,1,1,55,8,2,0,0,0,0,0,1,7,-1,7,1,1.0,0.0,-1,6,60,1,1,1,12:30,3,1,1
2023010444865,2023,010444865,1,1,1,1,32,6,3,0,0,0,0,0,3,3,E01003379,-1,0,0.0,1.0,-1,3,20,1,1,1,14:37,4,2,3
2023421335466,2023,421335466,2,3,2,1,48,8,3,0,0,1,0,0,9,7,E01021413,3,1,0.0,1.0,-1,6,60,2,1,2,11:14,1,2,9
2023991339790,2023,991339790,2,1,2,2,71,10,3,0,0,1,0,0,9,10,-1,3,1,0.0,1.0,-1,6,60,1,1,1,16:00,3,3,9
2023010468136,2023,010468136,1,1,1,1,44,7,3,0,0,0,0,0,9,2,E01001625,-1,0,0.0,1.0,-1,6,20,1,1,1,15:50,1,2,9
2023010469100,2023,010469100,1,1,1,1,25,5,3,0,0,0,0,0,9,1,E01004236,-1,0,0.0,1.0,-1,3,30,1,4,1,03:10,7,2,9
2023141366649,2023,141366649,2,1,1,1,81,11,2,0,0,0,0,0,9,1,E01007373,6,1,1.0,0.0,-1,6,50,2,6,2,15:40,3,2,9
2023451391932,2023,451391932,1,1,1,2,77,11,3,0,0,0,0,0,9,7,E01030583,3,1,0.0,1.0,-1,6,40,1,1,1,08:05,1,1,9
2023501283706,2023,501283706,1,1,1,2,27,6,3,0,0,0,0,0,9,6,E01018852,3,1,0.0,1.0,-1,6,30,1,4,1,19:31,2,1,9
2023010435804,2023,010435804,1,1,3,2,21,5,3,1,1,0,0,0,0,2,E01003288,-1,0,0.0,1.0,-1,7,20,1,4,1,20:38,4,1,9
2023122301349,2023,122301349,1,1,3,-1,17,4,3,6,9,0,0,0,0,7,E01027645,-1,0,0.04379,0.95621,-1,6,30,1,4,2,18:02,3,1,9
2023010474902,2023,010474902,1,1,1,1,18,4,3,0,0,0,0,0,3,6,E01032567,-1,0,0.0,1.0,-1,9,30,1,4,1,19:00,6,2,3
2023471275192,2023,471275192,1,1,1,1,21,5,2,0,0,0,0,0,9,5,E01031498,6,1,1.0,0.0,-1,6,60,1,6,1,22:00,5,1,9
2023010482826,2023,010482826,1,1,3,1,64,9,3,1,3,0,0,0,0,9,E01028784,-1,0,0.0,1.0,-1,6,20,2,4,2,19:05,5,1,9
202360A175233,2023,60A175233,1,1,3,1,55,8,3,6,9,0,0,0,0,-1,-1,-1,0,0.1042,0.8958,-1,6,30,1,1,1,11:00,5,1,9
2023010424333,2023,010424333,1,1,1,1,23,5,3,0,0,0,0,0,3,2,E01002049,-1,0,0.0,1.0,-1,9,20,1,4,1,17:30,5,2,3
2023041298556,2023,041298556,2,2,2,1,31,6,3,0,0,1,0,0,9,3,E01025536,3,1,0.0,1.0,-1,6,40,1,1,1,11:00,5,2,9
2023111365528,2023,111365528,1,3,2,2,18,4,2,0,0,2,0,0,9,-1,-1,5,1,1.0,0.0,-1,6,60,1,6,5,22:00,7,1,9
2023131348916,2023,131348916,2,2,2,2,35,6,3,0,0,1,0,0,9,6,E01010592,3,1,0.0,1.0,-1,6,60,1,6,1,00:22,1,2,9
2023440282916,2023,440282916,1,2,2,2,69,10,3,0,0,1,0,0,9,8,E01023165,-1,0,0.10735,0.89265,-1,3,70,2,1,2,11:38,6,3,9
2023052400438,2023,052400438,1,1,1,1,35,6,3,0,0,0,0,0,9,2,E01006782,-1,0,0.05968,0.94032,-1,3,40,1,1,2,08:50,1,2,9
2023141291959,2023,141291959,1,2,2,2,29,6,3,0,0,1,0,0,9,1,E01007822,3,1,0.0,1.0,-1,6,30,8,1,1,17:20,4,2,9
2023170S11743,2023,170S11743,1,1,3,1,14,3,3,5,2,0,0,0,0,10,E01012223,-1,0,0.10373,0.89627,-1,6,30,1,1,1,08:20,2,1,9
2023010473741,2023,010473741,1,1,1,-1,48,8,3,0,0,0,0,0,3,5,E01003392,-1,0,0.0,1.0,-1,9,30,9,1,9,17:21,6,2,3
2023211298470,2023,211298470,2,2,2,1,58,9,3,0,0,1,0,0,9,8,E01029587,3,1,0.0,1.0,-1,3,50,1,1,-1,11:12,5,2,9
2023311304727,2023,311304727,1,1,1,1,30,6,3,0,0,0,0,0,9,3,E01033397,3,1,0.0,1.0,-1,6,50,2,1,2,18:15,7,2,9
2023461380398,2023,461380398,1,1,1,2,28,6,3,0,0,0,0,0,9,4,E01024219,3,1,0.0,1.0,-1,6,30,8,1,4,08:30,4,2,9
2023302301455,2023,302301455,1,1,3,2,31,6,3,6,9,0,0,0,0,2,E01019505,-1,0,0.05576,0.94424,-1,6,30,8,1,2,08:25,3,1,9
2023401342351,2023,401342351,2,1,1,1,10,2,2,0,0,0,0,0,1,7,E01015803,6,1,1.0,0.0,-1,6,30,1,1,1,15:38,3,2,1
2023302300553,2023,302300553,2,1,2,1,38,7,3,0,0,1,0,0,9,6,E01019873,-1,0,0.01243,0.98757,-1,6,30,1,1,1,11:53,6,2,9
2023471319645,2023,471319645,1,2,2,2,17,4,3,0,0,2,0,0,9,10,E01031689,3,1,0.0,1.0,-1,3,70,1,4,1,23:55,6,1,9
2023631368495,2023,631368495,2,2,1,2,73,10,3,0,0,0,0,0,9,7,W01000083,3,1,0.0,1.0,-1,6,20,1,1,2,09:45,1,2,9
2023451280604,2023,451280604,2,1,1,1,25,5,3,0,0,0,0,0,19,7,W01000545,3,1,0.0,1.0,-1,9,30,1,7,1,21:40,7,2,19
2023451314692,2023,451314692,1,1,1,1,52,8,3,0,0,0,0,0,19,4,E01015756,3,1,0.0,1.0,-1,3,70,1,1,1,09:00,1,1,19
2023061403638,2023,061403638,2,1,1,1,51,8,3,0,0,0,0,0,8,1,E01005945,3,1,0.0,1.0,-1,6,30,2,4,2,08:39,2,2,8
2023061301769,2023,061301769,2,1,1,1,85,11,2,0,0,0,0,0,9,3,E01005547,5,1,1.0,0.0,-1,3,70,1,1,1,14:05,6,2,9
2023302301016,2023,302301016,2,1,1,1,65,9,2,0,0,0,0,0,9,-1,-1,-1,0,1.0,0.0,-1,6,40,1,1,1,11:15,4,2,9
2023311386416,2023,311386416,1,1,1,1,18,4,3,0,0,0,0,0,9,5,E01028243,3,1,0.0,1.0,-1,6,30,1,1,1,10:42,2,2,9
2023421286255,2023,421286255,2,1,2,1,61,9,3,0,0,2,0,0,9,2,E01021327,3,1,0.0,1.0,-1,7,50,1,1,1,15:40,1,2,9
2023141368933,2023,141368933,2,1,3,1,64,9,3,6,9,0,0,0,0,5,E01007953,3,1,0.0,1.0,-1,6,30,1,1,1,13:43,4,1,9
2023401325620,2023,401325620,1,2,3,2,12,3,3,5,1,0,0,0,0,4,E01017493,3,1,0.0,1.0,-1,6,30,1,1,1,20:48,2,1,9
2023332300456,2023,332300456,1,1,1,1,17,4,3,0,0,0,0,0,2,10,E01025783,-1,0,0.04632,0.95368,-1,2,20,1,1,1,12:48,1,2,2
2023451272849,2023,451272849,2,2,1,2,42,7,3,0,0,0,0,0,9,7,E01030938,3,1,0.0,1.0,-1,6,30,1,1,1,10:25,2,2,9
2023451369024,2023,451369024,1,1,1,2,49,8,3,0,0,0,0,0,9,5,E01002948,3,1,0.0,1.0,-1,1,30,1,1,1,09:55,3,2,9
2023461287410,2023,461287410,2,1,1,2,33,6,3,0,0,0,0,0,9,6,E01021110,3,1,0.0,1.0,-1,1,50,1,1,1,16:30,5,2,9
2023520300610,2023,520300610,2,66,2,1,34,6,3,0,0,0,4,0,11,8,E01029092,-1,0,0.0588,0.9412,-1,6,40,1,6,4,06:00,3,3,11
2023052301278,2023,052301278,1,1,3,2,83,11,2,8,1,0,0,0,0,7,E01007198,-1,0,1.0,0.0,-1,6,40,1,1,1,06:07,6,1,4
2023010455085,2023,010455085,2,1,1,1,11,3,3,0,0,0,0,0,1,4,E01003076,-1,0,0.0,1.0,-1,2,30,1,4,1,20:00,1,2,1
2023010458055,2023,010458055,1,1,2,1,21,5,3,0,0,2,0,0,9,5,E01023677,-1,0,0.0,1.0,-1,6,30,2,1,2,19:19,1,1,9
2023010466591,2023,010466591,1,3,2,-1,-1,-1,3,0,0,9,0,0,9,6,E01003711,-1,0,0.0,1.0,-1,3,20,1,1,1,18:25,7,2,9
2023010467621,2023,010467621,2,5,1,1,70,10,2,0,0,0,0,0,9,8,E01001126,-1,0,1.0,0.0,-1,6,30,2,1,1,08:57,6,2,9
2023421262231,2023,421262231,1,4,2,1,19,4,3,0,0,1,0,0,9,2,E01001943,3,1,0.0,1.0,-1,3,70,2,4,2,00:20,5,2,9
2023421320695,2023,421320695,1,1,1,2,58,9,3,0,0,0,0,0,9,4,E01033048,3,1,0.0,1.0,-1,3,70,2,1,2,08:30,3,2,9
2023451312608,2023,451312608,1,2,1,1,45,7,3,0,0,0,0,0,9,10,E01000793,3,1,0.0,1.0,-1,3,70,1,1,1,15:35,2,1,9
2023010480316,2023,010480316,1,1,1,1,23,5,3,0,0,0,0,0,3,2,E01032805,-1,0,0.0,1.0,-1,9,20,9,7,2,02:00,1,2,3
202354C432823,2023,54C432823,2,1,1,1,42,7,3,0,0,0,0,0,3,4,E01015494,-1,0,0.04056,0.95944,-1,6,20,1,4,1,19:00,4,2,3
2023471345860,2023,471345860,2,1,2,1,43,7,3,0,0,1,0,0,9,6,E01031709,3,1,0.0,1.0,-1,6,30,1,1,1,18:41,7,2,9
2023010455618,2023,010455618,1,1,2,-1,-1,-1,3,0,0,0,3,0,11,-1,-1,-1,0,0.0,1.0,-1,3,30,8,1,1,08:45,2,2,11
2023010420873,2023,010420873,1,1,3,2,7,2,3,1,3,0,0,0,0,6,E01000244,-1,0,0.0,1.0,-1,3,40,2,1,2,15:41,4,1,9
2023351310122,2023,351310122,2,1,1,1,68,10,2,0,0,0,0,0,1,6,E01018208,5,1,1.0,0.0,-1,6,40,1,1,1,18:54,2,2,1
2023332300023,2023,332300023,1,1,1,1,65,9,1,0,0,0,0,0,5,6,E01013491,-1,0,0.0,0.0,-1,1,60,1,4,1,18:45,2,2,5
2023010463179,2023,010463179,1,1,1,2,19,4,3,0,0,0,0,0,9,4,E01001150,-1,0,0.0,1.0,-1,6,30,1,1,1,15:40,4,2,9
2023461263633,2023,461263633,1,1,1,2,79,11,3,0,0,0,0,0,9,6,E01024491,3,1,0.0,1.0,-1,1,60,1,1,1,15:50,4,2,9
2023461301508,2023,461301508,2,1,1,1,18,4,3,0,0,0,0,0,3,3,E01015986,3,1,0.0,1.0,-1,6,30,1,1,1,17:30,2,2,3
2023221280780,2023,221280780,2,1,1,1,54,8,3,0,0,0,0,0,5,3,E01032423,3,1,0.0,1.0,-1,1,40,1,1,1,17:00,3,2,5
2023361313026,2023,361313026,2,1,2,1,34,6,2,0,0,1,0,0,9,2,E01030254,7,1,1.0,0.0,-1,6,60,1,1,1,15:52,3,2,9
2023991390313,2023,991390313,1,1,1,2,50,8,3,0,0,0,0,0,9,1,-1,3,1,0.0,1.0,-1,6,30,1,1,1,12:30,7,2,9
2023471329187,2023,471329187,2,2,2,2,48,8,2,0,0,0,0,0,5,6,E01002601,5,1,1.0,0.0,-1,6,60,1,1,1,12:10,1,2,5
2023031338751,2023,031338751,1,1,1,2,18,4,3,0,0,0,0,0,9,5,E01019182,3,1,0.0,1.0,-1,6,30,1,4,1,21:10,1,1,9
2023141360296,2023,141360296,1,1,1,2,24,5,3,0,0,0,0,0,9,10,E01007619,3,1,0.0,1.0,-1,6,30,1,1,1,17:11,6,3,9
2023421390904,2023,421390904,2,2,2,1,48,8,3,0,0,1,0,0,9,9,E01021923,3,1,0.0,1.0,-1,6,30,9,4,2,20:13,6,2,9
2023010450890,2023,010450890,1,1,1,1,37,7,3,0,0,0,0,0,3,1,E01002040,-1,0,0.0,1.0,-1,6,20,1,1,1,13:00,3,2,3
2023010460660,2023,010460660,2,1,1,1,17,4,3,0,0,0,0,0,3,5,E01002913,-1,0,0.0,1.0,-1,2,20,1,1,1,18:58,2,2,3
2023010466164,2023,010466164,1,1,1,-1,35,6,3,0,0,0,0,0,3,5,E01001086,-1,0,0.0,1.0,-1,9,20,9,1,9,08:30,5,2,3
2023311357454,2023,311357454,1,1,2,2,32,6,3,0,0,2,0,0,9,3,E01009256,3,1,0.0,1.0,-1,6,60,1,1,1,13:19,1,2,9
2023332300746,2023,332300746,1,1,1,2,44,7,3,0,0,0,0,0,9,7,E01026005,-1,0,0.00449,0.99551,-1,6,20,1,1,1,12:26,5,2,9
2023401333181,2023,401333181,1,1,1,2,35,6,3,0,0,0,0,0,9,6,E01017507,3,1,0.0,1.0,-1,6,30,1,1,1,12:15,5,2,9
2023401368465,2023,401368465,2,1,1,1,57,9,3,0,0,0,0,0,9,7,E01026202,3,1,0.0,1.0,-1,6,50,1,4,1,18:48,7,2,9
2023501354947,2023,501354947,1,3,2,2,70,10,3,0,0,-1,0,0,9,10,E01030321,3,1,0.0,1.0,-1,6,40,1,1,1,10:36,2,2,9
2023211309449,2023,211309449,2,2,2,1,44,7,3,0,0,0,0,0,19,-1,-1,3,1,0.0,1.0,-1,3,30,1,1,1,12:15,6,2,19
2023141304202,2023,141304202,1,1,2,1,15,3,3,0,0,1,0,0,9,2,E01008037,3,1,0.0,1.0,-1,6,30,1,1,1,17:31,6,3,9
2023141347455,2023,141347455,3,1,1,2,48,8,3,0,0,0,0,0,9,2,E01013281,3,1,0.0,1.0,-1,1,30,1,1,1,14:51,5,3,9
2023221359685,2023,221359685,1,1,1,2,49,8,3,0,0,0,0,0,9,5,E01028846,3,1,0.0,1.0,-1,6,60,1,1,1,15:28,4,2,9
2023311355298,2023,311355298,2,1,1,1,33,6,3,0,0,0,0,0,9,2,E01028267,3,1,0.0,1.0,-1,6,30,1,1,2,17:00,3,2,9
2023471320728,2023,471320728,2,1,1,1,28,6,3,0,0,0,0,0,3,5,E01016963,3,1,0.0,1.0,-1,3,30,2,1,2,15:10,1,2,3
2023010451422,2023,010451422,5,3,1,1,32,6,3,0,0,0,0,0,9,6,E01002943,-1,0,0.0,1.0,-1,7,50,1,1,1,17:30,1,5,9
2023122301102,2023,122301102,1,3,2,2,16,4,3,0,0,2,0,0,9,9,E01011923,-1,0,0.10103,0.89897,-1,6,60,1,1,1,17:15,6,1,9
2023141334312,2023,141334312,2,1,1,2,58,9,3,0,0,0,0,0,9,-1,-1,3,1,0.0,1.0,-1,6,30,1,1,1,10:43,6,2,9
2023351354266,2023,351354266,1,1,1,1,47,8,3,0,0,0,0,0,9,7,E01017963,3,1,0.0,1.0,-1,6,50,1,6,1,21:10,7,5,9
2023361375734,2023,361375734,1,1,2,2,35,6,3,0,0,2,0,0,9,3,E01026843,3,1,0.0,1.0,-1,6,30,1,1,1,12:26,4,2,9
2023421311785,2023,421311785,2,1,1,2,51,8,3,0,0,0,0,0,9,5,E01021778,3,1,0.0,1.0,-1,6,20,1,1,1,10:25,7,2,9
2023401325398,2023,401325398,1,1,1,2,66,10,2,0,0,0,0,0,9,3,E01015751,7,1,1.0,0.0,-1,3,60,2,1,2,18:15,5,2,9
2023421268571,2023,421268571,2,1,2,2,73,10,3,0,0,1,0,0,9,10,E01021570,3,1,0.0,1.0,-1,3,70,1,4,1,17:18,5,3,9
2023440336038,2023,440336038,2,2,1,1,32,6,3,0,0,0,0,0,9,6,E01017176,-1,0,0.07656,0.92344,-1,6,40,1,4,1,20:40,7,2,9
2023070615234,2023,070615234,1,1,3,2,66,10,3,5,3,0,0,0,0,4,E01012481,-1,0,0.12283,0.87717,-1,3,30,2,4,2,00:15,1,1,9
2023501334295,2023,501334295,1,1,3,1,47,8,3,6,9,0,0,0,0,4,E01005916,3,1,0.0,1.0,-1,6,30,1,1,1,16:20,5,1,19
2023440123054,2023,440123054,1,2,2,1,22,5,2,0,0,0,0,0,4,3,E01022811,-1,0,1.0,0.0,-1,6,30,1,1,2,13:39,3,1,4
2023041343686,2023,041343686,1,1,1,1,48,8,3,0,0,0,0,0,5,1,E01025045,3,1,0.0,1.0,-1,6,30,1,1,1,17:00,1,2,5
2023351344826,2023,351344826,1,1,1,2,24,5,3,0,0,0,0,0,9,2,E01015608,3,1,0.0,1.0,-1,6,60,1,1,1,08:15,6,1,9
2023991279809,2023,991279809,1,1,1,2,78,11,3,0,0,0,0,0,9,8,-1,3,1,0.0,1.0,-1,6,60,1,1,1,11:11,5,1,9
2023610045523,2023,610045523,2,1,1,1,45,7,3,0,0,0,0,0,1,4,W01001401,-1,0,0.22293,0.77707,-1,6,50,1,1,1,12:32,1,2,1
2023010450339,2023,010450339,1,1,1,1,19,4,3,0,0,0,0,0,3,1,E01002905,-1,0,0.0,1.0,-1,2,20,1,1,1,16:16,3,2,3
2023461291899,2023,461291899,2,1,1,1,60,9,3,0,0,0,0,0,5,3,E01024241,3,1,0.0,1.0,-1,6,30,1,4,1,22:52,3,2,5
2023401303973,2023,401303973,2,1,1,1,21,5,3,0,0,0,0,0,9,2,E01015733,3,1,0.0,1.0,-1,1,30,1,1,2,19:19,2,4,9
2023440065878,2023,440065878,2,1,1,1,36,7,3,0,0,0,0,0,1,4,E01017121,-1,0,0.08194,0.91806,-1,1,30,1,4,1,17:53,5,2,1
2023070660511,2023,070660511,1,1,2,2,19,4,3,0,0,1,0,0,9,-1,-1,-1,0,0.08056,0.91944,-1,6,30,2,6,2,22:03,2,1,9
2023421345870,2023,421345870,1,4,2,2,44,7,2,0,0,2,0,0,9,4,E01023350,7,1,1.0,0.0,-1,6,40,1,1,1,17:36,7,2,9
2023440469918,2023,440469918,1,1,1,2,18,4,3,0,0,0,0,0,9,10,E01022759,-1,0,0.11715,0.88285,-1,6,30,8,6,2,02:31,6,1,9
2023501348122,2023,501348122,2,1,1,1,28,6,3,0,0,0,0,0,9,-1,-1,3,1,0.0,1.0,-1,6,60,1,1,1,15:35,7,2,9
2023010424969,2023,010424969,1,1,1,1,28,6,3,0,0,0,0,0,3,3,E01003015,-1,0,0.0,1.0,-1,6,20,1,1,1,15:25,4,2,3
2023070989007,2023,070989007,2,2,2,2,36,7,3,0,0,1,0,0,9,8,E01018395,-1,0,0.0106,0.9894,-1,3,70,1,1,1,16:30,3,2,9
2023101384730,2023,101384730,2,2,2,2,79,11,3,0,0,1,0,0,9,7,E01008612,3,1,0.0,1.0,-1,6,30,1,1,2,12:35,7,3,9
2023131259222,2023,131259222,1,1,1,2,28,6,3,0,0,0,0,0,9,2,E01010682,3,1,0.0,1.0,-1,6,30,8,4,4,08:11,3,5,9
2023471312978,2023,471312978,2,2,2,2,9,2,3,0,0,2,0,0,9,4,E01031835,3,1,0.0,1.0,-1,6,30,1,1,1,17:24,1,2,9
2023471315949,2023,471315949,2,2,1,2,39,7,3,0,0,0,0,0,9,5,E01020956,3,1,0.0,1.0,-1,6,30,1,1,1,08:29,4,4,9
2023201292083,2023,201292083,1,1,3,1,35,6,3,1,9,0,0,2,0,1,E01033628,3,1,0.0,1.0,-1,6,30,1,1,1,15:35,7,1,9
2023401306586,2023,401306586,2,3,2,2,33,6,3,0,0,1,0,0,9,3,E01015724,3,1,0.0,1.0,-1,1,30,1,4,1,22:15,7,2,9
2023451365414,2023,451365414,3,4,1,1,31,6,3,0,0,0,0,0,9,8,E01021468,3,1,0.0,1.0,-1,3,70,1,1,1,15:45,6,4,9
2023501288359,2023,501288359,2,1,1,2,84,11,3,0,0,0,0,0,9,5,E01019954,3,1,0.0,1.0,-1,6,60,1,1,1,15:05,1,2,9
2023010467452,2023,010467452,1,1,3,2,50,8,3,2,3,0,0,0,0,2,E01003059,-1,0,0.0,1.0,-1,6,20,1,1,2,15:30,5,1,3
2023440244809,2023,440244809,1,1,1,2,50,8,2,0,0,0,0,0,1,3,E01017082,-1,0,1.0,0.0,-1,6,30,1,1,1,15:45,2,2,1
2023131307038,2023,131307038,2,1,1,1,40,7,3,0,0,0,0,0,9,9,E01011568,3,1,0.0,1.0,-1,6,30,1,7,1,20:40,7,2,9
2023351289073,2023,351289073,2,1,2,2,11,3,3,0,0,-1,0,0,9,4,E01018100,3,1,0.0,1.0,-1,6,30,2,1,-1,07:50,2,2,9
2023991337776,2023,991337776,1,1,2,2,63,9,3,0,0,0,4,0,11,6,-1,3,1,0.0,1.0,-1,6,40,1,1,1,12:07,6,1,11