collision_index,collision_year,collision_ref_no,vehicle_reference,casualty_reference,casualty_class,sex_of_casualty,age_of_casualty,age_band_of_casualty,casualty_severity,pedestrian_location,pedestrian_movement,car_passenger,bus_or_coach_passenger,pedestrian_road_maintenance_worker,casualty_type,casualty_imd_decile,lsoa_of_casualty,enhanced_casualty_severity,casualty_injury_based,casualty_adjusted_severity_serious,casualty_adjusted_severity_slight,casualty_distance_banding,road_type,speed_limit,weather_conditions,light_conditions,road_surface_conditions,time,day_of_week,number_of_vehicles,vehicle_type
2023070288253,2023,070288253,1,1,3,2,82,11,2,1,3,0,0,0,0,10,E01012486,-1,0,1.0,0.0,-1,2,30,2,1,2,13:00,4,1,9
2023371267925,2023,371267925,2,1,1,1,38,7,3,0,0,0,0,0,1,7,E01029981,3,1,0.0,1.0,-1,6,30,1,1,4,08:23,3,2,1
2023070116353,2023,070116353,1,1,2,2,2,1,3,0,0,2,0,0,9,8,E01012538,-1,0,0.01733,0.98267,-1,1,30,1,1,1,13:40,5,2,9
2023221271380,2023,221271380,1,1,1,1,62,9,3,0,0,0,0,0,9,10,E01028953,3,1,0.0,1.0,-1,6,40,2,6,2,19:22,3,2,9
2023010472204,2023,010472204,2,1,1,1,51,8,2,0,0,0,0,0,1,9,E01002951,-1,0,1.0,0.0,-1,6,30,1,1,1,08:20,2,2,1
2023311359934,2023,311359934,1,1,1,2,27,6,3,0,0,0,0,0,9,1,E01028068,3,1,0.0,1.0,-1,3,40,5,4,2,19:45,5,2,9
2023351306532,2023,351306532,1,2,2,1,23,5,3,0,0,1,0,0,9,10,E01018282,3,1,0.0,1.0,-1,6,60,1,6,1,23:00,6,1,9
2023501354068,2023,501354068,2,2,1,2,49,8,3,0,0,0,0,0,9,8,E01033294,3,1,0.0,1.0,-1,6,60,2,1,2,08:10,2,2,9
2023552300247,2023,552300247,2,2,1,1,30,6,3,0,0,0,0,0,9,-1,-1,-1,0,0.04953,0.95047,-1,6,30,1,4,1,20:51,4,2,9
2023211289419,2023,211289419,1,1,1,1,20,4,3,0,0,0,0,0,3,2,E01029564,3,1,0.0,1.0,-1,6,30,1,1,1,09:29,4,1,3
2023141306325,2023,141306325,2,1,1,1,60,9,3,0,0,0,0,0,9,8,E01028000,3,1,0.0,1.0,-1,6,30,1,1,1,10:20,5,2,9
2023320401133,2023,320401133,1,1,1,1,19,4,3,0,0,0,0,0,9,3,E01026271,-1,0,0.08449,0.91551,-1,6,60,1,1,1,19:36,5,2,9
2023440368810,2023,440368810,1,3,1,2,52,8,3,0,0,0,0,0,9,8,E01016690,-1,0,0.07412,0.92588,-1,6,40,1,1,1,14:32,1,2,9
2023201298222,2023,201298222,1,1,1,1,11,3,2,0,0,0,0,0,1,1,E01008923,7,1,1.0,0.0,-1,6,30,1,1,1,09:15,6,2,1
2023010437327,2023,010437327,2,1,1,2,58,9,3,0,0,0,0,0,9,3,E01001794,-1,0,0.0,1.0,-1,6,20,2,1,2,11:00,6,2,9
2023131308557,2023,131308557,2,1,1,2,51,8,3,0,0,0,0,0,9,4,E01011007,3,1,0.0,1.0,-1,6,30,1,1,1,08:05,2,2,9
2023401323611,2023,401323611,2,1,2,2,67,10,3,0,0,1,0,0,9,-1,-1,3,1,0.0,1.0,-1,3,60,1,1,1,10:23,7,2,9
2023501268280,2023,501268280,1,1,1,1,61,9,3,0,0,0,0,0,9,2,E01018860,3,1,0.0,1.0,-1,6,30,8,1,2,09:15,4,2,9
2023201285315,2023,201285315,2,1,1,-1,23,5,3,0,0,0,0,0,9,1,E01009397,3,1,0.0,1.0,-1,6,30,1,4,1,19:45,2,2,9
2023332300815,2023,332300815,1,2,2,2,35,6,2,0,0,1,0,0,9,2,E01010341,-1,0,1.0,0.0,-1,6,40,1,1,1,16:24,6,2,9
2023340WN5692,2023,340WN5692,2,1,2,2,32,6,3,0,0,2,0,0,9,1,E01027244,-1,0,0.02234,0.97766,-1,6,40,1,1,1,14:00,5,3,9
2023101385579,2023,101385579,2,1,2,2,51,8,3,0,0,0,4,0,11,-1,-1,3,1,0.0,1.0,-1,6,30,1,1,2,07:49,4,2,11
2023041298833,2023,041298833,1,1,1,1,28,6,3,0,0,0,0,0,9,9,E01025484,3,1,0.0,1.0,-1,6,40,1,1,1,07:36,5,2,9
2023131373704,2023,131373704,1,1,1,1,22,5,3,0,0,0,0,0,9,6,E01011083,3,1,0.0,1.0,-1,6,30,2,4,2,17:44,1,2,9
2023471320951,2023,471320951,2,1,1,1,24,5,3,0,0,0,0,0,9,10,E01030581,3,1,0.0,1.0,-1,3,50,1,1,1,18:00,3,3,9
2023451357910,2023,451357910,1,1,1,1,37,7,2,0,0,0,0,0,1,6,E01030300,7,1,1.0,0.0,-1,6,20,1,5,1,23:57,6,1,1
2023430264309,2023,430264309,1,1,1,1,36,7,3,0,0,0,0,0,3,10,E01016246,-1,0,0.0482,0.9518,-1,6,30,1,1,1,15:45,5,2,3
2023440148090,2023,440148090,1,1,3,1,40,7,3,5,3,0,0,0,0,9,E01032605,-1,0,0.19051,0.80949,-1,2,30,1,4,1,02:00,1,1,9
2023421306429,2023,421306429,1,2,2,1,25,5,3,0,0,1,0,0,9,-1,-1,3,1,0.0,1.0,-1,6,30,1,5,1,04:00,6,2,9
2023991381302,2023,991381302,1,1,1,2,42,7,2,0,0,0,0,0,9,8,-1,7,1,1.0,0.0,-1,3,70,1,1,1,10:50,6,2,9
2023041391506,2023,041391506,1,1,1,1,35,6,2,0,0,0,0,0,97,4,E01012731,6,1,1.0,0.0,-1,6,30,1,1,2,14:00,4,1,97
2023101351912,2023,101351912,2,2,2,2,27,6,3,0,0,1,0,0,9,2,E01008334,3,1,0.0,1.0,-1,3,60,1,1,1,13:36,1,2,9
2023211437898,2023,211437898,1,1,1,2,18,4,3,0,0,0,0,0,9,-1,-1,3,1,0.0,1.0,-1,6,60,1,6,1,20:12,2,1,9
2023131366951,2023,131366951,2,1,1,2,38,7,3,0,0,0,0,0,9,6,E01011645,3,1,0.0,1.0,-1,6,30,1,1,1,08:48,4,2,9
2023161339306,2023,161339306,1,2,2,2,23,5,2,0,0,1,0,0,9,3,E01012943,7,1,1.0,0.0,-1,6,30,1,1,1,12:51,7,2,9
2023451301774,2023,451301774,1,1,2,2,27,6,2,0,0,1,0,0,9,10,E01030498,5,1,1.0,0.0,-1,6,60,2,5,2,20:39,5,1,9
2023471336011,2023,471336011,1,1,1,1,17,4,3,0,0,0,0,0,9,6,E01021133,3,1,0.0,1.0,-1,6,60,2,1,2,16:50,2,3,9
2023501310819,2023,501310819,2,1,1,1,30,6,2,0,0,0,0,0,9,5,E01018831,5,1,1.0,0.0,-1,6,60,1,1,1,09:40,3,2,9
2023610045923,2023,610045923,1,1,1,1,33,6,3,0,0,1,0,0,9,7,W01000997,-1,0,0.01376,0.98624,-1,3,50,2,4,2,17:00,4,2,9
2023631370119,2023,631370119,1,1,1,2,32,6,2,0,0,0,0,0,9,6,W01001204,7,1,1.0,0.0,-1,6,60,1,1,2,07:50,6,1,9
2023010432286,2023,010432286,1,1,1,1,19,4,3,0,0,0,0,0,1,1,E01001857,-1,0,0.0,1.0,-1,9,20,1,1,1,13:26,3,2,1
2023522400193,2023,522400193,1,1,1,2,42,7,3,0,0,0,0,0,1,7,E01032677,-1,0,0.09186,0.90814,-1,6,30,1,7,1,23:00,2,2,1
2023031340977,2023,031340977,1,1,2,1,20,4,3,0,0,2,0,0,9,-1,-1,3,1,0.0,1.0,-1,6,60,2,1,2,12:30,7,2,9
2023421379459,2023,421379459,2,1,2,2,54,8,3,0,0,1,0,0,9,10,E01023654,3,1,0.0,1.0,-1,6,30,1,1,2,13:00,7,2,9
2023451343444,2023,451343444,1,1,1,1,67,10,2,0,0,0,0,0,9,5,E01031519,5,1,1.0,0.0,-1,6,60,1,1,1,18:06,7,1,9
2023010480396,2023,010480396,1,1,1,1,28,6,3,0,0,0,0,0,3,5,E01000383,-1,0,0.0,1.0,-1,6,20,1,1,1,13:37,6,2,3
2023610021123,2023,610021123,1,1,3,2,5,1,3,5,3,0,0,0,0,2,W01001660,-1,0,0.14587,0.85413,-1,2,20,1,1,1,18:25,3,1,9
2023161350746,2023,161350746,2,1,1,1,19,4,3,0,0,0,0,0,3,5,E01013249,3,1,0.0,1.0,-1,6,30,8,1,1,12:30,7,2,3
202360A017736,2023,60A017736,1,1,1,1,19,4,2,0,0,0,0,0,90,-1,-1,-1,0,1.0,0.0,-1,6,30,1,4,2,20:21,1,2,90
2023010451463,2023,010451463,1,1,1,1,36,7,3,0,0,0,0,0,1,5,E01002849,-1,0,0.0,1.0,-1,2,20,1,4,1,01:12,1,2,1
2023010441944,2023,010441944,2,1,1,1,37,7,2,0,0,0,0,0,3,4,E01001182,-1,0,1.0,0.0,-1,6,20,1,1,2,12:32,3,2,3
2023231373595,2023,231373595,2,1,1,1,42,7,3,0,0,0,0,0,9,3,E01019675,3,1,0.0,1.0,-1,6,60,2,1,2,12:57,6,3,9
2023320186354,2023,320186354,1,2,2,2,72,10,3,0,0,1,0,0,9,7,E01026202,-1,0,0.18223,0.81777,-1,6,60,1,1,1,06:30,3,3,9
2023401382757,2023,401382757,1,1,1,2,80,11,2,0,0,0,0,0,9,7,E01017420,7,1,1.0,0.0,-1,6,40,8,1,2,16:26,4,3,9
2023122300743,2023,122300743,1,1,1,1,27,6,3,0,0,0,0,0,9,6,E01027842,-1,0,0.0732,0.9268,-1,6,60,1,6,1,23:09,3,1,9
2023201288912,2023,201288912,2,1,2,2,13,3,3,0,0,2,0,0,9,3,E01008921,3,1,0.0,1.0,-1,6,40,1,4,2,20:28,6,2,9
2023010481185,2023,010481185,1,1,1,1,33,6,3,0,0,0,0,0,1,3,E01002100,-1,0,0.0,1.0,-1,3,30,1,4,1,16:55,5,2,1
2023340NN3512,2023,340NN3512,1,2,2,1,13,3,3,0,0,0,0,0,1,-1,-1,-1,0,0.12018,0.87982,-1,6,30,1,4,1,19:00,3,2,1
2023991258829,2023,991258829,1,1,3,1,10,2,2,5,1,0,0,2,0,-1,-1,7,1,1.0,0.0,-1,1,30,1,1,2,12:51,2,1,9
2023052301967,2023,052301967,2,1,1,1,39,7,2,0,0,0,0,0,1,3,E01033754,-1,0,1.0,0.0,-1,6,30,1,1,1,09:45,3,2,1
2023411349965,2023,411349965,2,1,1,2,48,8,3,0,0,0,0,0,3,4,E01017599,3,1,0.0,1.0,-1,1,30,1,1,1,06:15,6,2,3
2023501365723,2023,501365723,1,3,1,1,18,4,3,0,0,0,0,0,3,-1,-1,3,1,0.0,1.0,-1,1,30,1,4,1,19:00,1,3,3
2023041343505,2023,041343505,1,1,1,1,61,9,2,0,0,0,0,0,5,4,E01024933,5,1,1.0,0.0,-1,6,30,1,1,1,19:20,7,2,5
2023101393055,2023,101393055,2,1,2,2,70,10,3,0,0,1,0,0,9,4,E01008759,3,1,0.0,1.0,-1,6,20,9,1,1,15:30,5,2,9
2023010486226,2023,010486226,1,1,1,2,44,7,3,0,0,0,0,0,9,2,E01000033,-1,0,0.0,1.0,-1,3,50,1,4,2,18:30,4,2,9
2023061276236,2023,061276236,2,2,2,2,59,9,3,0,0,1,0,0,9,1,E01004861,3,1,0.0,1.0,-1,6,30,1,1,1,15:50,3,2,9
2023131355831,2023,131355831,1,1,1,1,69,10,3,0,0,0,0,0,9,8,E01011530,3,1,0.0,1.0,-1,3,50,1,6,1,20:20,1,1,9
2023141276768,2023,141276768,1,1,2,1,66,10,3,0,0,1,0,0,9,-1,-1,3,1,0.0,1.0,-1,6,50,1,5,1,17:07,4,2,9
2023221379853,2023,221379853,1,1,1,1,75,10,2,0,0,0,0,0,9,4,E01014192,5,1,1.0,0.0,-1,6,60,1,1,2,16:13,1,1,9
2023070096161,2023,070096161,1,1,3,1,12,3,3,5,1,0,0,0,0,3,E01018557,-1,0,0.12184,0.87816,-1,6,30,1,1,1,15:35,5,1,19
2023471301313,2023,471301313,2,1,1,1,42,7,3,0,0,0,0,0,9,6,E01021034,3,1,0.0,1.0,-1,6,20,1,1,1,16:53,4,2,9
2023411277594,2023,411277594,2,1,1,1,21,5,2,0,0,0,0,0,-1,9,E01023849,7,1,1.0,0.0,-1,6,40,9,1,-1,12:31,1,2,-1
2023010419303,2023,010419303,2,2,2,1,38,7,3,0,0,1,0,0,9,-1,-1,-1,0,0.0,1.0,-1,6,30,2,4,2,00:40,2,3,9
2023411381229,2023,411381229,2,1,1,2,40,7,3,0,0,0,0,0,9,4,E01015755,3,1,0.0,1.0,-1,3,70,1,4,2,18:02,5,2,9
2023010460812,2023,010460812,1,1,1,1,19,4,2,0,0,0,0,0,3,5,E01000589,-1,0,1.0,0.0,-1,6,20,1,4,1,00:30,4,2,3
2023401317624,2023,401317624,1,1,1,1,41,7,2,0,0,0,0,0,19,6,E01017616,5,1,1.0,0.0,-1,6,60,1,1,1,16:42,6,2,19
2023010485433,2023,010485433,2,1,1,1,30,6,3,0,0,0,0,0,3,2,E01000126,-1,0,0.0,1.0,-1,6,20,1,4,1,17:00,5,2,3
202360A190632,2023,60A190632,2,1,1,1,40,7,3,0,0,0,0,0,3,-1,-1,-1,0,0.20171,0.79829,-1,6,20,1,4,1,18:42,1,2,3
2023010478691,2023,010478691,1,1,1,2,34,6,3,0,0,0,0,0,9,1,E01001714,-1,0,0.0,1.0,-1,6,30,1,1,1,13:00,6,2,9
2023141379220,2023,141379220,1,1,2,2,62,9,3,0,0,1,0,0,9,1,E01007372,3,1,0.0,1.0,-1,3,70,1,1,1,12:56,6,2,9
2023201330562,2023,201330562,2,2,1,1,31,6,3,0,0,0,0,0,9,-1,-1,3,1,0.0,1.0,-1,3,30,1,1,1,15:27,6,2,9
2023311315152,2023,311315152,2,1,1,1,18,4,2,0,0,0,0,0,9,2,E01013900,7,1,1.0,0.0,-1,6,30,1,4,1,01:20,7,2,9
2023340WN1302,2023,340WN1302,2,3,1,1,46,8,3,0,0,0,0,0,9,9,E01027022,-1,0,0.0731,0.9269,-1,6,30,3,4,2,18:25,4,3,9
2023531362218,2023,531362218,2,3,1,1,57,9,3,0,0,0,0,0,9,9,E01022275,3,1,0.0,1.0,-1,6,50,1,6,1,22:40,7,2,9
2023361372655,2023,361372655,1,1,3,2,53,8,3,5,3,0,0,0,0,5,E01026744,3,1,0.0,1.0,-1,6,60,1,1,1,15:10,5,1,9
2023010439910,2023,010439910,1,1,1,1,38,7,2,0,0,0,0,0,3,3,E01001000,-1,0,1.0,0.0,-1,6,30,2,1,2,17:40,5,2,3
2023231378491,2023,231378491,2,2,2,1,68,10,3,0,0,1,0,0,9,8,E01033255,3,1,0.0,1.0,-1,6,40,1,1,1,15:38,5,2,9
2023520300712,2023,520300712,1,3,2,2,12,3,3,0,0,1,0,0,9,9,E01029145,-1,0,0.03973,0.96027,-1,6,60,8,6,4,07:20,2,2,9
2023061313061,2023,061313061,1,1,1,1,34,6,3,0,0,0,0,0,90,2,E01005280,3,1,0.0,1.0,-1,6,30,1,1,1,19:13,3,2,90
2023010470006,2023,010470006,1,1,1,1,20,4,3,0,0,0,0,0,3,6,E01004108,-1,0,0.0,1.0,-1,6,30,1,4,1,20:30,4,2,3
2023101369270,2023,101369270,2,1,2,2,32,6,3,0,0,1,0,0,9,1,E01008542,3,1,0.0,1.0,-1,7,40,1,1,2,15:30,7,2,9
2023141286894,2023,141286894,1,1,2,2,29,6,2,0,0,1,0,0,9,4,E01027910,6,1,1.0,0.0,-1,6,60,1,1,1,10:32,2,2,9
2023411382321,2023,411382321,1,1,1,2,26,6,3,0,0,0,0,0,9,8,E01000172,3,1,0.0,1.0,-1,3,70,1,4,1,21:18,5,2,9
2023421381394,2023,421381394,3,2,1,2,69,10,3,0,0,0,0,0,9,4,E01021776,3,1,0.0,1.0,-1,6,30,1,1,1,13:30,6,4,9
2023501391538,2023,501391538,2,1,1,1,66,10,3,0,0,0,0,0,9,5,E01018947,3,1,0.0,1.0,-1,6,60,1,6,1,19:05,6,2,9
2023201416162,2023,201416162,2,1,1,2,24,5,3,0,0,0,0,0,19,3,E01009768,3,1,0.0,1.0,-1,3,30,1,1,1,11:50,4,2,19
2023031327497,2023,031327497,1,1,1,1,31,6,3,0,0,0,0,0,5,6,E01011057,3,1,0.0,1.0,-1,6,60,1,1,1,12:35,1,1,5
2023340NN2072,2023,340NN2072,1,1,1,1,81,11,3,0,0,0,0,0,5,8,E01027332,-1,0,0.28855,0.71145,-1,3,70,1,1,1,18:00,6,2,5
2023201317887,2023,201317887,2,1,1,1,46,8,3,0,0,0,0,0,9,3,E01009636,3,1,0.0,1.0,-1,6,30,1,4,4,22:25,2,2,9
2023201448510,2023,201448510,2,1,1,-1,57,9,3,0,0,0,0,0,9,-1,-1,3,1,0.0,1.0,-1,3,30,1,4,1,13:16,6,2,9
2023231361966,2023,231361966,2,1,1,1,61,9,3,0,0,0,0,0,9,9,E01031154,3,1,0.0,1.0,-1,6,30,1,1,1,11:10,2,2,9
2023471333411,2023,471333411,1,1,1,1,62,9,3,0,0,0,0,0,9,8,E01021082,3,1,0.0,1.0,-1,6,60,1,1,1,06:50,4,1,9
2023340WN1612,2023,340WN1612,1,1,1,2,22,5,3,0,0,0,0,0,-1,2,E01027241,-1,0,0.11385,0.88615,-1,6,30,2,1,2,16:25,5,2,-1
2023161348022,2023,161348022,1,1,1,2,21,5,3,0,0,0,0,0,9,-1,-1,3,1,0.0,1.0,-1,3,70,1,1,1,13:27,7,2,9
2023440335632,2023,440335632,1,1,1,2,27,6,3,0,0,0,0,0,9,7,E01030905,-1,0,0.0353,0.9647,-1,2,30,1,1,1,14:17,7,4,9
2023052400169,2023,052400169,1,1,3,2,18,4,3,6,9,0,0,0,0,3,E01012539,-1,0,0.09137,0.90863,-1,6,30,1,4,1,19:45,4,1,97
2023101319549,2023,101319549,1,1,3,1,10,2,3,1,1,0,0,0,0,4,E01008764,3,1,0.0,1.0,-1,6,30,1,1,1,18:00,3,1,9
2023351351104,2023,351351104,1,1,3,2,11,3,3,1,9,0,0,0,0,2,E01018063,3,1,0.0,1.0,-1,3,30,1,1,1,13:51,6,1,9
2023421340862,2023,421340862,2,1,2,2,91,11,3,0,0,1,0,0,9,-1,-1,3,1,0.0,1.0,-1,6,30,1,1,1,11:17,3,2,9
2023101267071,2023,101267071,1,1,3,1,40,7,3,5,9,0,0,0,0,2,E01008859,3,1,0.0,1.0,-1,6,30,1,1,2,14:36,1,1,9
2023141260650,2023,141260650,2,1,3,1,-1,-1,3,9,5,0,0,0,0,-1,-1,3,1,0.0,1.0,-1,6,30,1,1,1,20:09,6,2,9
2023471280492,2023,471280492,1,1,1,1,19,4,2,0,0,0,0,0,3,8,E01031620,5,1,1.0,0.0,-1,6,60,1,1,1,15:48,6,2,3
2023231370293,2023,231370293,2,1,1,1,74,10,3,0,0,0,0,0,9,9,E01028799,3,1,0.0,1.0,-1,6,50,1,1,1,11:36,6,3,9
2023311381042,2023,311381042,1,1,1,2,66,10,3,0,0,0,0,0,9,7,E01028406,3,1,0.0,1.0,-1,3,50,1,4,2,17:02,5,2,9
2023430502683,2023,430502683,2,2,1,1,26,6,3,0,0,0,0,0,9,-1,-1,-1,0,0.05229,0.94771,-1,6,50,1,1,1,13:40,4,2,9
2023552300803,2023,552300803,1,1,1,1,25,5,3,0,0,0,0,0,9,4,E01015372,-1,0,0.1427,0.8573,-1,1,60,1,1,1,05:38,1,1,9
202363C007123,2023,63C007123,1,1,1,1,67,10,3,0,0,0,0,0,9,6,W01000579,-1,0,0.17926,0.82074,-1,6,60,1,6,2,18:00,4,1,9
2023010461154,2023,010461154,2,1,1,2,48,8,2,0,0,0,0,0,-1,3,E01001043,-1,0,1.0,0.0,-1,6,30,1,1,1,08:10,6,2,-1
2023430465740,2023,430465740,1,1,3,2,44,7,3,6,8,0,0,0,0,6,E01017791,-1,0,0.05246,0.94754,-1,6,30,1,1,1,12:30,4,1,-1
2023231367609,2023,231367609,2,1,1,1,39,7,3,0,0,0,0,0,1,7,E01031007,3,1,0.0,1.0,-1,6,40,5,4,2,07:10,6,2,1
2023211369919,2023,211369919,1,1,1,2,35,6,3,0,0,0,0,0,9,8,E01010487,3,1,0.0,1.0,-1,6,30,2,1,2,13:15,5,3,9
2023501338980,2023,501338980,2,1,1,2,30,6,3,0,0,0,0,0,9,7,E01020075,3,1,0.0,1.0,-1,6,60,1,1,1,10:00,2,2,9
2023010480395,2023,010480395,1,1,3,2,46,8,2,4,9,0,0,0,0,5,E01003067,-1,0,1.0,0.0,-1,6,30,9,7,1,19:00,4,1,9
2023340WN3852,2023,340WN3852,1,1,3,1,14,3,3,1,4,0,0,0,0,-1,-1,-1,0,0.11688,0.88312,-1,3,30,1,1,2,15:40,4,1,9
2023010437308,2023,010437308,1,2,2,2,39,7,3,0,0,1,0,0,8,9,E01000829,-1,0,0.0,1.0,-1,6,30,1,7,1,03:05,6,3,8
2023161355005,2023,161355005,1,1,2,2,49,8,3,0,0,0,4,0,11,2,E01012903,3,1,0.0,1.0,-1,1,30,9,1,1,08:55,7,1,11
2023010469462,2023,010469462,1,1,1,1,19,4,3,0,0,0,0,0,9,4,E01003482,-1,0,0.0,1.0,-1,6,30,1,1,1,06:30,2,2,9
2023461343577,2023,461343577,1,1,1,2,64,9,3,0,0,0,0,0,9,9,E01024213,3,1,0.0,1.0,-1,6,40,1,1,1,14:46,2,1,9
2023552301014,2023,552301014,2,1,1,2,40,7,2,0,0,0,0,0,9,8,E01020455,-1,0,1.0,0.0,-1,6,40,2,1,2,14:46,1,3,9
2023061387227,2023,061387227,1,1,3,1,59,9,3,5,1,0,0,0,0,4,E01005673,3,1,0.0,1.0,-1,6,30,1,4,1,17:05,2,1,9
2023010426923,2023,010426923,2,1,1,1,37,7,2,0,0,0,0,0,1,8,E01001402,-1,0,1.0,0.0,-1,3,30,1,1,1,12:06,2,2,1
2023161314823,2023,161314823,2,1,1,1,16,4,3,0,0,0,0,0,2,1,E01012834,3,1,0.0,1.0,-1,6,30,1,1,1,19:30,1,2,2
2023501312554,2023,501312554,2,2,1,2,55,8,3,0,0,0,0,0,9,8,E01015124,3,1,0.0,1.0,-1,3,70,1,1,1,14:08,2,2,9
2023010479663,2023,010479663,1,1,1,1,59,9,2,0,0,0,0,0,1,5,E01003131,-1,0,1.0,0.0,-1,6,20,1,1,1,09:34,4,2,1
2023201313779,2023,201313779,1,1,1,1,48,8,3,0,0,0,0,0,1,-1,-1,3,1,0.0,1.0,-1,3,30,1,7,1,20:45,5,2,1
2023302301148,2023,302301148,1,1,1,1,34,6,3,0,0,0,0,0,2,1,E01013473,-1,0,0.17396,0.82604,-1,6,30,8,1,1,12:55,4,3,2
2023010484611,2023,010484611,2,1,1,1,28,6,3,0,0,0,0,0,3,4,E01002103,-1,0,0.0,1.0,-1,3,20,1,4,1,19:59,1,2,3
2023531304847,2023,531304847,1,1,1,2,45,7,2,0,0,0,0,0,5,6,E01031234,7,1,1.0,0.0,-1,6,50,1,6,1,12:00,1,2,5
2023071032056,2023,071032056,1,1,1,2,70,10,3,0,0,0,0,0,9,-1,-1,-1,0,0.04554,0.95446,-1,6,40,5,1,5,11:00,6,2,9
2023101349078,2023,101349078,2,1,2,2,90,11,3,0,0,1,0,0,9,3,E01020766,3,1,0.0,1.0,-1,6,30,1,1,1,14:50,2,2,9
2023351305733,2023,351305733,2,2,2,2,55,8,3,0,0,-1,0,0,9,4,E01018046,3,1,0.0,1.0,-1,6,30,1,1,1,15:46,2,2,9
2023361311167,2023,361311167,2,1,1,1,55,8,3,0,0,0,0,0,9,5,E01026443,3,1,0.0,1.0,-1,6,60,1,6,1,22:19,4,2,9
2023552300614,2023,552300614,2,2,2,2,47,8,3,0,0,0,4,0,11,5,E01015345,-1,0,0.04444,0.95556,-1,6,30,1,1,1,15:56,4,2,11
2023041290408,2023,041290408,2,1,1,2,60,9,3,0,0,0,0,0,9,10,E01025019,3,1,0.0,1.0,-1,6,20,1,1,1,10:10,7,2,9
2023311380605,2023,311380605,2,3,1,1,52,8,3,0,0,0,0,0,9,2,E01028279,3,1,0.0,1.0,-1,6,50,1,1,1,15:35,4,2,9
2023320111160,2023,320111160,1,1,2,2,10,2,3,0,0,1,0,0,9,4,E01026256,-1,0,0.051,0.949,-1,6,30,1,5,1,18:20,3,2,9
2023421382435,2023,421382435,2,2,1,2,56,9,2,0,0,0,0,0,9,6,E01021705,7,1,1.0,0.0,-1,6,60,1,1,2,10:15,2,2,9
2023131348200,2023,131348200,1,2,2,1,18,4,3,0,0,2,0,0,9,8,E01010931,3,1,0.0,1.0,-1,6,30,1,4,1,01:09,1,2,9
2023421350938,2023,421350938,1,1,1,2,63,9,3,0,0,0,0,0,9,8,E01021931,3,1,0.0,1.0,-1,6,30,1,1,1,18:55,7,2,9
2023430563112,2023,430563112,2,3,2,2,26,6,2,0,0,1,0,0,9,4,E01016716,-1,0,1.0,0.0,-1,3,70,1,7,1,18:06,7,3,9
2023440511485,2023,440511485,2,1,1,1,28,6,3,0,0,0,0,0,9,1,E01017036,-1,0,0.02424,0.97576,-1,6,20,1,1,1,10:30,6,2,9
2023010437066,2023,010437066,2,1,1,1,23,5,3,0,0,0,0,0,1,4,E01001252,-1,0,0.0,1.0,-1,6,20,1,1,1,18:17,4,2,1
2023061371470,2023,061371470,2,1,1,-1,57,9,3,0,0,0,0,0,1,4,E01004964,3,1,0.0,1.0,-1,3,30,1,1,-1,17:10,3,2,1
2023010458548,2023,010458548,1,1,1,2,39,7,3,0,0,0,0,0,3,5,E01003697,-1,0,0.0,1.0,-1,3,40,2,1,2,16:45,4,2,3
2023010461066,2023,010461066,2,1,1,2,37,7,3,0,0,0,0,0,9,7,E01000145,-1,0,0.0,1.0,-1,6,30,1,1,1,16:35,5,2,9
2023461320154,2023,461320154,2,1,1,2,67,10,3,0,0,0,0,0,9,7,E01024804,3,1,0.0,1.0,-1,6,30,1,1,1,16:00,6,2,9
2023351298919,2023,351298919,2,2,1,1,57,9,3,0,0,0,0,0,11,9,E01018015,3,1,0.0,1.0,-1,6,40,1,6,1,19:19,7,2,11
2023421312033,2023,421312033,1,1,3,2,17,4,2,5,4,0,0,0,0,4,E01021265,7,1,1.0,0.0,-1,6,30,1,1,1,10:00,7,1,9
2023451322905,2023,451322905,2,1,1,1,26,6,2,0,0,0,0,0,3,6,E01030411,7,1,1.0,0.0,-1,6,30,1,1,1,09:00,1,2,3
2023041358934,2023,041358934,2,1,1,2,55,8,3,0,0,0,0,0,9,6,E01025338,3,1,0.0,1.0,-1,6,20,5,4,2,19:30,2,2,9
2023451268538,2023,451268538,3,1,1,2,61,9,3,0,0,0,0,0,9,9,E01030492,3,1,0.0,1.0,-1,6,30,1,4,2,17:30,5,3,9
2023411289385,2023,411289385,1,1,3,1,66,10,3,9,7,0,0,0,0,7,E01017446,3,1,0.0,1.0,-1,6,30,1,1,-1,09:12,3,1,9
2023010446765,2023,010446765,1,1,1,2,20,4,3,0,0,0,0,0,9,8,E01000116,-1,0,0.0,1.0,-1,3,30,1,1,1,16:28,7,4,9
2023201299331,2023,201299331,2,2,2,1,18,4,3,0,0,1,0,0,9,3,E01009992,3,1,0.0,1.0,-1,6,30,2,1,2,15:10,4,2,9
2023451364280,2023,451364280,1,1,1,2,43,7,3,0,0,0,0,0,9,5,E01030481,3,1,0.0,1.0,-1,6,40,2,1,2,13:20,4,2,9
2023461315552,2023,461315552,1,3,2,2,17,4,3,0,0,1,0,0,9,7,E01032737,3,1,0.0,1.0,-1,6,30,1,1,1,20:42,6,2,9
2023471331105,2023,471331105,2,1,1,1,38,7,3,0,0,0,0,0,9,2,E01020925,3,1,0.0,1.0,-1,6,60,1,1,1,07:45,4,2,9