collision_index,collision_year,collision_ref_no,vehicle_reference,casualty_reference,casualty_class,sex_of_casualty,age_of_casualty,age_band_of_casualty,casualty_severity,pedestrian_location,pedestrian_movement,car_passenger,bus_or_coach_passenger,pedestrian_road_maintenance_worker,casualty_type,casualty_imd_decile,lsoa_of_casualty,enhanced_casualty_severity,casualty_injury_based,casualty_adjusted_severity_serious,casualty_adjusted_severity_slight,casualty_distance_banding,road_type,speed_limit,weather_conditions,light_conditions,road_surface_conditions,time,day_of_week,number_of_vehicles,vehicle_type
2023501378245,2023,501378245,2,1,1,1,82,11,2,0,0,0,0,0,9,9,E01015104,6,1,1.0,0.0,-1,3,70,1,6,2,17:57,5,2,9
2023041356660,2023,041356660,1,1,1,2,36,7,3,0,0,0,0,0,9,8,E01024973,3,1,0.0,1.0,-1,6,40,1,4,1,19:35,2,2,9
2023161383627,2023,161383627,1,2,2,1,18,4,3,0,0,1,0,0,9,7,E01012993,3,1,0.0,1.0,-1,6,30,1,4,2,20:45,4,1,9
2023461265412,2023,461265412,2,2,2,2,74,10,3,0,0,1,0,0,9,6,E01024655,3,1,0.0,1.0,-1,6,30,1,1,1,12:38,7,2,9
2023361344569,2023,361344569,2,1,1,1,26,6,2,0,0,0,0,0,1,9,E01026560,6,1,1.0,0.0,-1,1,30,1,1,1,08:45,2,2,1
2023201276101,2023,201276101,2,2,2,1,12,3,3,0,0,0,4,0,11,1,E01010030,3,1,0.0,1.0,-1,6,30,1,1,1,07:23,2,2,11
2023421391986,2023,421391986,2,1,1,1,24,5,3,0,0,0,0,0,1,4,E01021293,3,1,0.0,1.0,-1,3,30,1,1,1,12:08,1,2,1
2023311275295,2023,311275295,2,1,1,1,49,8,3,0,0,0,0,0,9,2,E01013945,3,1,0.0,1.0,-1,6,30,1,1,1,14:10,4,2,9
2023501302666,2023,501302666,1,1,1,1,19,4,3,0,0,0,0,0,9,8,E01018822,3,1,0.0,1.0,-1,1,30,7,4,1,23:51,2,1,9
2023501366480,2023,501366480,1,2,1,1,62,9,3,0,0,0,0,0,9,1,E01019041,3,1,0.0,1.0,-1,6,60,2,1,2,20:21,2,2,9
2023451368419,2023,451368419,1,1,1,1,79,11,3,0,0,0,0,0,21,7,E01000748,3,1,0.0,1.0,-1,6,40,1,1,2,12:19,6,1,21
2023010420413,2023,010420413,1,1,1,2,28,6,2,0,0,0,0,0,1,1,E01004407,-1,0,1.0,0.0,-1,6,30,1,4,1,16:45,5,2,1
2023010453935,2023,010453935,1,1,1,1,26,6,3,0,0,0,0,0,3,4,E01003561,-1,0,0.0,1.0,-1,6,20,1,1,1,06:10,6,2,3
2023010466180,2023,010466180,1,2,2,-1,-1,-1,3,0,0,2,0,0,8,5,E01001471,-1,0,0.0,1.0,-1,6,30,1,1,1,12:09,6,1,8
2023201297295,2023,201297295,2,1,1,1,37,7,3,0,0,0,0,0,9,1,E01010473,3,1,0.0,1.0,-1,3,30,1,4,1,18:22,5,2,9
2023471321756,2023,471321756,1,1,1,1,20,4,3,0,0,0,0,0,9,5,E01031585,3,1,0.0,1.0,-1,3,50,1,1,1,16:15,5,2,9
2023031316769,2023,031316769,1,2,2,1,55,8,3,0,0,0,0,0,90,10,E01028385,3,1,0.0,1.0,-1,3,70,1,1,1,11:50,5,1,90
2023010480829,2023,010480829,1,2,3,2,10,2,3,1,3,0,0,0,0,4,E01002315,-1,0,0.0,1.0,-1,6,30,8,1,1,07:50,4,1,9
2023461374002,2023,461374002,1,1,3,2,12,3,3,5,1,0,0,0,0,5,E01024594,3,1,0.0,1.0,-1,6,30,5,1,2,07:50,5,1,9
2023131367404,2023,131367404,1,1,1,1,90,11,3,0,0,0,0,0,9,7,E01011569,3,1,0.0,1.0,-1,6,20,2,1,2,10:15,5,3,9
2023451288274,2023,451288274,1,1,1,1,51,8,3,0,0,0,0,0,9,4,E01001061,3,1,0.0,1.0,-1,6,30,1,1,1,12:12,3,2,9
2023471378909,2023,471378909,3,1,1,2,45,7,3,0,0,0,0,0,9,10,E01031822,3,1,0.0,1.0,-1,6,50,1,1,1,12:10,6,4,9
2023070194718,2023,070194718,1,1,3,1,42,7,2,1,1,0,0,0,0,1,E01006025,-1,0,1.0,0.0,-1,6,30,1,1,1,08:25,3,1,9
2023010485051,2023,010485051,2,1,1,1,27,6,2,0,0,0,0,0,3,3,E01003280,-1,0,1.0,0.0,-1,6,20,1,4,1,22:45,3,2,3
2023052303084,2023,052303084,1,1,1,2,42,7,3,0,0,0,0,0,9,3,E01007216,-1,0,0.01718,0.98282,-1,6,30,2,4,2,17:15,6,2,9
2023101302029,2023,101302029,1,1,1,1,20,4,3,0,0,0,0,0,9,3,E01027359,3,1,0.0,1.0,-1,6,60,2,1,2,07:32,6,1,9
2023320554680,2023,320554680,1,1,1,1,31,6,1,0,0,0,0,0,9,6,E01026153,-1,0,0.0,0.0,-1,6,60,1,1,1,14:21,4,2,9
2023351345081,2023,351345081,1,1,1,2,55,8,3,0,0,0,0,0,9,4,E01018060,3,1,0.0,1.0,-1,3,40,8,4,2,02:16,2,2,9
2023440005738,2023,440005738,2,1,1,2,40,7,3,0,0,0,0,0,9,10,E01022707,-1,0,0.06135,0.93865,-1,3,50,1,1,1,14:54,5,2,9
2023320174866,2023,320174866,1,2,2,1,24,5,2,0,0,1,0,0,19,4,E01026144,-1,0,1.0,0.0,-1,6,60,1,1,1,14:15,4,2,19
2023161361589,2023,161361589,1,1,1,2,53,8,2,0,0,0,0,0,5,8,E01011743,6,1,1.0,0.0,-1,6,60,4,1,1,13:19,3,1,5
2023361322549,2023,361322549,2,2,1,1,61,9,3,0,0,0,0,0,5,6,E01026707,3,1,0.0,1.0,-1,6,60,1,1,1,16:45,1,2,5
2023010448981,2023,010448981,1,1,3,2,2,1,3,5,1,0,0,0,0,7,E01003763,-1,0,0.0,1.0,-1,3,40,1,1,1,13:06,4,1,9
2023010443893,2023,010443893,2,1,1,2,50,8,3,0,0,0,0,0,9,-1,-1,-1,0,0.0,1.0,-1,6,20,1,1,1,09:05,6,2,9
2023111322814,2023,111322814,2,1,1,2,19,4,3,0,0,0,0,0,9,9,E01033478,3,1,0.0,1.0,-1,7,70,1,1,1,14:25,7,3,9
2023411276592,2023,411276592,1,1,1,1,23,5,3,0,0,0,0,0,9,10,E01023458,3,1,0.0,1.0,-1,6,30,8,1,2,16:01,2,4,9
2023161307023,2023,161307023,2,1,1,2,53,8,3,0,0,0,0,0,19,10,E01013451,3,1,0.0,1.0,-1,6,50,1,1,1,11:45,6,2,19
2023991378816,2023,991378816,1,1,1,1,33,6,3,0,0,0,0,0,19,2,-1,3,1,0.0,1.0,-1,3,70,1,1,1,10:10,7,2,19
2023201331734,2023,201331734,1,1,3,2,49,8,2,8,1,0,0,2,0,2,E01010065,7,1,1.0,0.0,-1,6,30,1,1,1,18:15,5,1,9
2023122301313,2023,122301313,1,1,1,2,25,5,3,0,0,0,0,0,9,10,E01027623,-1,0,0.03081,0.96919,-1,6,40,1,1,1,18:10,3,2,9
2023401321952,2023,401321952,1,1,1,2,35,6,3,0,0,0,0,0,9,2,E01017618,3,1,0.0,1.0,-1,6,30,1,1,1,08:15,4,2,9
2023440361773,2023,440361773,1,1,1,1,24,5,3,0,0,0,0,0,9,3,E01017080,-1,0,0.16526,0.83474,-1,3,70,1,6,1,05:25,4,1,9
2023421327121,2023,421327121,1,1,2,1,23,5,3,0,0,2,0,0,9,3,E01004043,3,1,0.0,1.0,-1,1,30,1,1,1,17:20,6,2,9
2023311337891,2023,311337891,1,1,1,1,26,6,2,0,0,0,0,0,3,5,E01007609,6,1,1.0,0.0,-1,6,50,1,1,1,11:55,5,1,3
2023622300669,2023,622300669,2,2,1,2,73,10,3,0,0,0,0,0,9,10,W01001078,-1,0,0.02856,0.97144,-1,3,30,8,1,1,15:09,1,2,9
2023201292390,2023,201292390,2,1,1,1,29,6,3,0,0,0,0,0,1,9,E01010222,3,1,0.0,1.0,-1,6,30,1,1,1,14:40,7,2,1
2023010430272,2023,010430272,1,1,1,2,30,6,3,0,0,0,0,0,3,3,E01001147,-1,0,0.0,1.0,-1,6,20,1,4,1,21:05,5,2,3
2023052302903,2023,052302903,2,1,1,2,30,6,3,0,0,0,0,0,9,7,E01007116,-1,0,0.01647,0.98353,-1,6,20,2,4,2,17:55,2,2,9
2023141287967,2023,141287967,2,1,1,2,27,6,3,0,0,0,0,0,9,-1,-1,3,1,0.0,1.0,-1,6,30,1,1,1,12:00,6,2,9
2023371343493,2023,371343493,1,1,1,1,29,6,3,0,0,0,0,0,9,-1,-1,3,1,0.0,1.0,-1,6,60,1,6,1,22:08,7,1,9
2023211341112,2023,211341112,1,4,2,1,72,10,3,0,0,0,-1,0,11,3,E01009302,3,1,0.0,1.0,-1,3,70,1,4,1,03:20,7,1,11
2023351359254,2023,351359254,2,5,2,2,-1,-1,3,0,0,2,0,0,9,-1,-1,3,1,0.0,1.0,-1,6,60,1,1,1,15:45,1,2,9
2023351452840,2023,351452840,1,1,1,1,-1,-1,3,0,0,0,0,0,9,-1,-1,3,1,0.0,1.0,-1,3,70,1,1,1,13:30,6,2,9
2023411305253,2023,411305253,2,3,2,2,39,7,3,0,0,2,0,0,9,2,E01015725,3,1,0.0,1.0,-1,7,40,1,4,1,21:30,2,2,9
2023440177646,2023,440177646,1,1,1,1,39,7,3,0,0,0,0,0,9,9,E01031880,-1,0,0.11583,0.88417,-1,6,60,1,6,1,02:54,7,1,9
2023451288752,2023,451288752,2,1,1,1,51,8,3,0,0,0,0,0,9,4,E01004572,3,1,0.0,1.0,-1,1,30,2,1,2,14:59,2,3,9
2023421347930,2023,421347930,1,2,1,1,81,11,2,0,0,0,0,0,5,7,E01021504,6,1,1.0,0.0,-1,6,60,1,1,1,12:59,7,1,5
2023010429842,2023,010429842,1,1,1,1,27,6,3,0,0,0,0,0,9,5,E01002261,-1,0,0.0,1.0,-1,6,30,1,1,1,08:30,4,2,9
2023451259409,2023,451259409,1,1,3,1,6,2,3,8,1,0,0,0,0,10,E01030758,3,1,0.0,1.0,-1,6,30,2,1,2,08:30,4,1,97
2023010425701,2023,010425701,2,1,1,1,21,5,3,0,0,0,0,0,-1,1,E01001979,-1,0,0.0,1.0,-1,6,20,1,1,1,15:10,2,2,-1
2023010438846,2023,010438846,1,1,1,1,24,5,3,0,0,0,0,0,3,5,E01003948,-1,0,0.0,1.0,-1,1,20,5,1,2,18:00,5,2,3
2023071037259,2023,071037259,1,1,1,1,47,8,2,0,0,0,0,0,5,3,E01006743,-1,0,1.0,0.0,-1,6,40,1,1,1,15:48,7,1,5
2023421316622,2023,421316622,1,1,3,2,51,8,3,5,9,0,0,0,0,9,E01021240,3,1,0.0,1.0,-1,6,30,1,1,1,12:45,3,1,9
2023010449419,2023,010449419,1,1,3,2,73,10,2,5,9,0,0,0,0,8,E01003710,-1,0,1.0,0.0,-1,2,30,1,1,1,10:55,6,1,9
2023010433338,2023,010433338,2,1,1,1,51,8,3,0,0,0,0,0,1,3,E01000090,-1,0,0.0,1.0,-1,6,20,1,1,1,08:45,3,2,1
2023010467900,2023,010467900,2,1,1,-1,-1,-1,3,0,0,0,0,0,1,-1,-1,-1,0,0.0,1.0,-1,2,20,2,4,2,21:50,5,2,1
2023061337129,2023,061337129,2,1,1,2,45,7,3,0,0,0,0,0,1,1,E01005599,3,1,0.0,1.0,-1,6,30,1,1,-1,13:20,4,2,1
2023221303875,2023,221303875,1,1,1,1,21,5,3,0,0,0,0,0,3,7,E01032344,3,1,0.0,1.0,-1,6,30,1,1,1,07:19,5,2,3
2023010444297,2023,010444297,1,1,1,1,34,6,3,0,0,0,0,0,9,4,E01000416,-1,0,0.0,1.0,-1,3,30,1,4,1,18:09,1,2,9
2023031292277,2023,031292277,1,1,1,1,58,9,2,0,0,0,0,0,9,-1,-1,5,1,1.0,0.0,-1,6,60,1,1,1,09:06,5,1,9
2023101313052,2023,101313052,1,2,2,1,20,4,3,0,0,2,0,0,9,4,E01008468,3,1,0.0,1.0,-1,6,60,1,1,1,12:40,1,2,9
2023201387744,2023,201387744,1,1,1,1,40,7,2,0,0,0,0,0,9,-1,-1,6,1,1.0,0.0,-1,3,40,1,1,1,13:12,1,2,9
2023221311206,2023,221311206,1,1,1,1,41,7,3,0,0,0,0,0,9,1,E01014113,3,1,0.0,1.0,-1,6,30,1,1,1,07:37,6,2,9
2023421376934,2023,421376934,2,1,1,2,33,6,3,0,0,0,0,0,9,1,E01021990,3,1,0.0,1.0,-1,6,30,1,1,1,10:05,2,2,9
2023522301021,2023,522301021,3,1,1,2,19,4,3,0,0,0,0,0,9,5,E01015091,-1,0,0.02309,0.97691,-1,6,50,1,1,1,12:03,7,3,9
2023552300343,2023,552300343,2,1,1,1,80,11,3,0,0,0,0,0,9,5,E01020454,-1,0,0.13546,0.86454,-1,6,50,1,1,1,13:51,3,2,9
2023991364868,2023,991364868,1,1,1,1,59,9,3,0,0,0,0,0,9,5,-1,3,1,0.0,1.0,-1,6,20,1,4,2,19:10,5,2,9
2023421340834,2023,421340834,2,1,1,2,33,6,3,0,0,0,0,0,9,7,E01021540,3,1,0.0,1.0,-1,1,40,1,4,1,22:33,6,2,9
2023501344968,2023,501344968,1,1,1,1,29,6,2,0,0,0,0,0,9,5,E01018903,7,1,1.0,0.0,-1,6,60,1,6,1,00:02,1,1,9
2023052302622,2023,052302622,1,2,1,1,47,8,3,0,0,0,0,0,9,2,E01007136,-1,0,0.0811,0.9189,-1,3,40,1,1,2,13:33,4,3,9
2023320522241,2023,320522241,1,1,2,1,92,11,2,0,0,1,0,0,9,8,E01026313,-1,0,1.0,0.0,-1,6,50,1,1,1,12:30,3,2,9
2023451281428,2023,451281428,2,2,1,1,46,8,3,0,0,0,0,0,9,8,E01031778,3,1,0.0,1.0,-1,6,40,1,1,1,14:15,1,3,9
2023461264699,2023,461264699,1,2,2,2,89,11,3,0,0,0,4,0,11,9,E01016086,3,1,0.0,1.0,-1,6,30,1,1,2,16:38,7,1,11
2023061267724,2023,061267724,2,2,1,1,57,9,3,0,0,0,0,0,9,-1,-1,3,1,0.0,1.0,-1,6,30,1,1,2,13:06,7,2,9
2023501310188,2023,501310188,2,3,1,1,59,9,3,0,0,0,0,0,9,3,E01018856,3,1,0.0,1.0,-1,6,50,1,1,1,15:10,2,3,9
2023052302448,2023,052302448,2,1,1,1,16,4,3,0,0,0,0,0,1,7,E01007256,-1,0,0.09749,0.90251,-1,6,30,1,1,1,16:10,1,2,1
2023010470235,2023,010470235,1,1,3,1,27,6,3,1,3,0,0,0,0,7,E01000117,-1,0,0.0,1.0,-1,6,30,1,4,1,19:02,5,1,9
2023161314112,2023,161314112,1,1,2,2,16,4,3,0,0,1,0,0,9,1,E01013278,3,1,0.0,1.0,-1,6,40,2,1,2,15:38,6,2,9
2023161322622,2023,161322622,1,2,1,1,25,5,2,0,0,0,0,0,9,7,E01012969,5,1,1.0,0.0,-1,6,50,1,1,2,07:30,1,2,9
2023161360409,2023,161360409,1,1,1,2,81,11,1,0,0,0,0,0,9,4,E01013314,1,1,0.0,0.0,-1,3,70,1,1,1,14:20,6,4,9
2023320297644,2023,320297644,1,2,1,2,18,4,3,0,0,0,0,0,9,2,E01026026,-1,0,0.03806,0.96194,-1,6,30,1,1,1,17:00,3,3,9
2023421288839,2023,421288839,1,2,2,2,54,8,3,0,0,1,0,0,9,2,E01021638,3,1,0.0,1.0,-1,3,70,4,1,1,11:07,2,1,9
2023440023099,2023,440023099,3,2,1,2,36,7,3,0,0,0,0,0,9,6,E01017018,-1,0,0.01693,0.98307,-1,6,30,1,1,1,09:01,4,3,9
2023211438048,2023,211438048,2,1,2,2,21,5,3,0,0,2,0,0,8,7,E01029391,3,1,0.0,1.0,-1,6,60,1,1,1,14:23,3,2,8
2023010454081,2023,010454081,1,1,3,1,25,5,2,5,3,0,0,0,0,4,E01003031,-1,0,1.0,0.0,-1,6,20,9,7,1,04:30,1,1,9
2023010447922,2023,010447922,1,1,2,2,58,9,3,0,0,0,4,0,11,1,E01001822,-1,0,0.0,1.0,-1,6,20,1,1,1,10:20,6,1,11
2023041262598,2023,041262598,1,1,1,1,61,9,3,0,0,0,0,0,9,7,E01012717,3,1,0.0,1.0,-1,9,60,5,7,2,03:00,5,1,9
2023141296750,2023,141296750,1,1,1,1,36,7,2,0,0,0,0,0,9,2,E01011872,6,1,1.0,0.0,-1,6,60,2,1,2,14:44,6,2,9
2023531273124,2023,531273124,1,1,1,2,50,8,2,0,0,0,0,0,9,5,E01032198,7,1,1.0,0.0,-1,3,50,1,1,1,09:10,2,3,9
2023010459995,2023,010459995,2,1,1,1,36,7,3,0,0,0,0,0,8,2,E01002799,-1,0,0.0,1.0,-1,6,20,1,4,1,23:08,5,2,8
2023622300762,2023,622300762,1,1,3,1,10,2,3,5,1,0,0,0,0,2,W01000788,-1,0,0.09085,0.90915,-1,6,20,1,1,1,09:52,4,1,9
2023991350490,2023,991350490,1,1,3,2,16,4,3,8,7,0,0,2,0,6,-1,3,1,0.0,1.0,-1,6,30,8,1,1,15:27,6,1,9
2023010466953,2023,010466953,1,1,1,1,32,6,3,0,0,0,0,0,3,2,E01001118,-1,0,0.0,1.0,-1,6,30,1,1,1,16:37,2,2,3
2023361340404,2023,361340404,2,1,1,1,60,9,3,0,0,0,0,0,19,4,E01026679,3,1,0.0,1.0,-1,6,60,1,1,1,13:19,5,2,19
2023451373604,2023,451373604,1,1,1,1,60,9,3,0,0,0,0,0,5,7,E01030577,3,1,0.0,1.0,-1,6,30,1,1,2,10:30,1,2,5
2023201286890,2023,201286890,1,1,3,2,68,10,2,1,3,0,0,0,0,1,E01009132,7,1,1.0,0.0,-1,3,30,2,4,2,18:23,3,1,9
2023440096384,2023,440096384,1,1,3,1,58,9,1,9,8,0,0,0,0,10,E01022846,-1,0,0.0,0.0,-1,6,40,2,1,2,07:30,6,1,9
2023552300243,2023,552300243,1,1,3,2,52,8,3,10,5,0,0,0,0,-1,-1,-1,0,0.10095,0.89905,-1,6,30,1,1,1,16:16,4,1,19
2023471268970,2023,471268970,2,1,1,1,40,7,2,0,0,0,0,0,1,3,E01016891,7,1,1.0,0.0,-1,6,30,1,4,1,17:44,6,2,1
2023440108602,2023,440108602,1,1,1,1,21,5,2,0,0,0,0,0,5,6,E01023081,-1,0,1.0,0.0,-1,1,60,1,1,2,14:37,7,2,5
2023302301161,2023,302301161,2,1,1,1,75,10,3,0,0,0,0,0,9,10,E01033533,-1,0,0.07577,0.92423,-1,1,60,1,1,1,11:13,5,2,9
2023101286073,2023,101286073,2,1,1,1,9,2,3,0,0,0,0,0,-1,-1,-1,3,1,0.0,1.0,-1,6,30,1,1,1,13:51,1,2,-1
2023010452595,2023,010452595,2,3,2,1,10,2,3,0,0,2,0,0,9,3,E01002527,-1,0,0.0,1.0,-1,3,70,1,1,1,13:11,7,5,9
2023101389961,2023,101389961,1,1,2,1,18,4,3,0,0,1,0,0,9,5,E01008741,3,1,0.0,1.0,-1,6,30,1,4,2,17:40,3,2,9
2023010475890,2023,010475890,1,1,3,1,-1,-1,3,10,9,0,0,0,0,4,E01000699,-1,0,0.0,1.0,-1,9,20,2,1,1,01:36,7,1,9
2023211378829,2023,211378829,1,1,3,2,78,11,1,5,1,0,0,0,0,3,E01029407,1,1,0.0,0.0,-1,6,30,1,1,1,09:19,7,1,9
2023201412372,2023,201412372,2,1,1,1,35,6,2,0,0,0,0,0,3,2,E01009028,7,1,1.0,0.0,-1,6,30,2,1,1,11:08,7,3,3
2023010463689,2023,010463689,1,1,3,-1,-1,-1,2,10,9,0,0,0,0,2,E01026820,-1,0,1.0,0.0,-1,9,20,1,1,1,14:00,6,1,9
2023471376191,2023,471376191,1,1,3,1,24,5,1,10,9,0,0,0,0,6,E01021182,1,1,0.0,0.0,-1,6,30,1,6,2,22:59,7,2,9
2023471355397,2023,471355397,1,1,1,2,55,8,2,0,0,0,0,0,1,10,E01022926,5,1,1.0,0.0,-1,6,30,1,1,1,14:45,6,1,1
2023052301310,2023,052301310,1,1,1,1,31,6,2,0,0,0,0,0,3,1,E01007273,-1,0,1.0,0.0,-1,6,30,1,1,1,14:24,2,1,3
2023052300875,2023,052300875,1,2,1,1,37,7,3,0,0,0,0,0,9,1,E01006675,-1,0,0.03163,0.96837,-1,6,30,1,4,1,18:30,1,2,9
2023531348801,2023,531348801,1,1,1,1,18,4,3,0,0,0,0,0,9,3,E01022153,3,1,0.0,1.0,-1,6,60,1,4,1,23:20,2,1,9
2023010472123,2023,010472123,2,2,1,1,28,6,3,0,0,0,0,0,9,9,E01024186,-1,0,0.0,1.0,-1,3,50,1,1,1,13:48,1,4,9
2023201388852,2023,201388852,1,1,2,2,71,10,3,0,0,2,0,0,9,4,E01009576,3,1,0.0,1.0,-1,3,40,2,4,2,05:36,7,1,9
2023451377338,2023,451377338,2,2,2,1,29,6,3,0,0,1,0,0,9,6,E01023138,3,1,0.0,1.0,-1,6,30,1,4,1,22:20,3,2,9
2023141273977,2023,141273977,2,1,1,1,15,3,2,0,0,0,0,0,97,1,E01007979,7,1,1.0,0.0,-1,6,30,1,1,2,15:40,4,2,97
2023201387948,2023,201387948,2,1,1,1,37,7,3,0,0,0,0,0,-1,1,E01033648,3,1,0.0,1.0,-1,7,40,1,1,1,14:10,5,2,-1
2023131320003,2023,131320003,2,1,1,1,22,5,3,0,0,0,0,0,1,5,E01010921,3,1,0.0,1.0,-1,6,30,1,1,1,19:15,6,2,1
2023201377489,2023,201377489,2,2,1,1,72,10,3,0,0,0,0,0,9,6,E01010043,3,1,0.0,1.0,-1,6,30,1,1,1,11:17,5,2,9
2023543752123,2023,543752123,2,2,1,2,49,8,3,0,0,0,0,0,9,-1,-1,-1,0,0.1076,0.8924,-1,1,60,1,6,1,19:35,1,3,9
2023451381819,2023,451381819,1,1,1,1,24,5,3,0,0,0,0,0,1,10,E01030797,3,1,0.0,1.0,-1,1,30,1,1,1,15:00,7,2,1
2023010447773,2023,010447773,1,1,1,1,54,8,3,0,0,0,0,0,3,4,E01002179,-1,0,0.0,1.0,-1,9,20,1,1,1,13:30,5,2,3
2023141269911,2023,141269911,2,1,1,1,22,5,2,0,0,0,0,0,4,1,E01007719,5,1,1.0,0.0,-1,6,30,1,1,1,13:38,2,2,4
2023430057599,2023,430057599,1,1,3,1,41,7,2,10,9,0,0,0,0,-1,-1,-1,0,1.0,0.0,-1,6,40,1,4,1,12:31,3,1,99
2023010486215,2023,010486215,1,1,3,2,63,9,2,1,1,0,0,0,0,4,E01000923,-1,0,1.0,0.0,-1,3,20,2,4,2,17:45,4,1,9
2023052301621,2023,052301621,2,2,1,2,31,6,3,0,0,0,0,0,9,1,E01006847,-1,0,0.01587,0.98413,-1,6,30,1,1,1,13:50,3,2,9
2023421279419,2023,421279419,2,1,1,2,40,7,3,0,0,0,0,0,9,4,E01022024,3,1,0.0,1.0,-1,3,30,1,4,1,17:50,3,2,9
2023451365680,2023,451365680,1,1,3,1,3,1,3,10,3,0,0,0,0,8,E01016610,3,1,0.0,1.0,-1,6,30,1,1,1,11:18,1,1,9
2023461422595,2023,461422595,1,1,3,1,21,5,3,10,9,0,0,0,0,2,E01016117,3,1,0.0,1.0,-1,6,20,1,1,1,13:13,6,1,9
2023010468766,2023,010468766,1,1,1,1,57,9,3,0,0,0,0,0,3,2,E01001776,-1,0,0.0,1.0,-1,7,30,1,1,1,12:00,5,2,3
2023052302355,2023,052302355,1,1,3,1,11,3,2,8,1,0,0,0,0,1,E01006598,-1,0,1.0,0.0,-1,6,20,1,1,1,09:00,3,1,9
2023471344299,2023,471344299,2,1,1,1,56,9,3,0,0,0,0,0,1,6,E01031637,3,1,0.0,1.0,-1,1,30,8,1,-1,16:15,6,2,1
2023061382075,2023,061382075,1,1,1,2,49,8,3,0,0,0,0,0,9,2,E01005226,3,1,0.0,1.0,-1,6,30,2,1,2,14:51,1,3,9
2023991434754,2023,991434754,2,1,1,2,65,9,2,0,0,0,0,0,9,9,-1,7,1,1.0,0.0,-1,6,30,1,1,1,17:30,2,2,9
2023351390887,2023,351390887,2,2,1,1,40,7,3,0,0,0,0,0,19,10,E01018191,3,1,0.0,1.0,-1,6,50,1,1,1,10:25,6,2,19
2023131356993,2023,131356993,1,1,1,1,57,9,3,0,0,0,0,0,90,7,E01011155,3,1,0.0,1.0,-1,3,70,2,1,2,13:58,4,2,90
2023101344664,2023,101344664,2,1,1,1,17,4,3,0,0,0,0,0,1,3,E01008288,3,1,0.0,1.0,-1,6,30,1,1,1,13:00,6,2,1
2023461347826,2023,461347826,2,1,1,1,9,2,3,0,0,0,0,0,1,1,E01024504,3,1,0.0,1.0,-1,6,30,1,1,1,11:10,6,2,1
2023501347340,2023,501347340,1,1,1,1,33,6,3,0,0,0,0,0,3,4,E01015031,3,1,0.0,1.0,-1,6,30,2,1,2,17:05,5,1,3
2023471291323,2023,471291323,2,1,1,1,48,8,3,0,0,0,0,0,19,5,E01023400,3,1,0.0,1.0,-1,1,30,1,1,2,17:22,4,2,19
2023430342921,2023,430342921,1,1,1,1,42,7,3,0,0,0,0,0,1,7,E01017705,-1,0,0.04825,0.95175,-1,6,30,1,1,1,19:15,7,2,1
2023010437036,2023,010437036,1,1,1,1,27,6,3,0,0,0,0,0,3,3,E01003574,-1,0,0.0,1.0,-1,6,20,1,1,1,13:50,4,2,3
2023201400680,2023,201400680,1,2,2,2,17,4,3,0,0,2,0,0,8,5,E01009023,3,1,0.0,1.0,-1,6,30,1,1,1,13:00,3,2,8
2023211309602,2023,211309602,1,1,3,1,8,2,3,5,4,0,0,0,0,2,E01029765,3,1,0.0,1.0,-1,6,30,1,1,1,09:57,5,1,9
2023111389396,2023,111389396,1,1,1,1,33,6,2,0,0,0,0,0,19,9,E01012256,6,1,1.0,0.0,-1,3,60,4,6,2,01:20,1,1,19
2023311279455,2023,311279455,2,1,1,1,43,7,3,0,0,0,0,0,8,6,E01026408,3,1,0.0,1.0,-1,6,30,1,1,1,15:33,4,3,8
2023010484488,2023,010484488,2,1,1,1,42,7,3,0,0,0,0,0,9,6,E01003840,-1,0,0.0,1.0,-1,1,30,1,4,1,02:04,1,2,9
2023141332452,2023,141332452,1,1,1,2,56,9,2,0,0,0,0,0,9,5,E01007501,7,1,1.0,0.0,-1,3,40,2,1,2,13:40,1,3,9
2023351352043,2023,351352043,1,1,1,1,19,4,3,0,0,0,0,0,9,5,E01018069,3,1,0.0,1.0,-1,3,70,1,7,2,02:05,5,2,9
2023351395161,2023,351395161,2,1,1,1,36,7,3,0,0,0,0,0,9,1,E01027847,3,1,0.0,1.0,-1,6,60,1,1,1,11:22,7,2,9
2023411356058,2023,411356058,1,2,2,1,24,5,3,0,0,2,0,0,9,7,E01015709,3,1,0.0,1.0,-1,3,70,1,1,1,06:55,6,1,9
2023010427241,2023,010427241,2,1,1,1,34,6,3,0,0,0,0,0,1,1,E01003487,-1,0,0.0,1.0,-1,6,30,1,4,1,23:25,3,2,1
2023101265367,2023,101265367,2,1,1,1,42,7,3,0,0,0,0,0,1,4,E01008583,3,1,0.0,1.0,-1,6,30,1,4,4,07:25,4,2,1
2023111310598,2023,111310598,2,1,1,2,28,6,3,0,0,0,0,0,9,2,E01012357,3,1,0.0,1.0,-1,6,30,1,1,1,18:00,3,2,9
2023201376778,2023,201376778,2,2,2,1,25,5,3,0,0,1,0,0,9,1,E01009410,3,1,0.0,1.0,-1,6,30,1,4,1,19:45,3,2,9
2023332300671,2023,332300671,1,1,1,1,39,7,3,0,0,0,0,0,9,4,E01013662,-1,0,0.0389,0.9611,-1,3,70,2,1,2,10:17,7,2,9
2023440173422,2023,440173422,1,1,1,1,52,8,3,0,0,0,0,0,19,5,E01032883,-1,0,0.15201,0.84799,-1,6,50,1,1,1,13:30,4,3,19