collision_index,collision_year,collision_ref_no,vehicle_reference,casualty_reference,casualty_class,sex_of_casualty,age_of_casualty,age_band_of_casualty,casualty_severity,pedestrian_location,pedestrian_movement,car_passenger,bus_or_coach_passenger,pedestrian_road_maintenance_worker,casualty_type,casualty_imd_decile,lsoa_of_casualty,enhanced_casualty_severity,casualty_injury_based,casualty_adjusted_severity_serious,casualty_adjusted_severity_slight,casualty_distance_banding,road_type,speed_limit,weather_conditions,light_conditions,road_surface_conditions,time,day_of_week,number_of_vehicles,vehicle_type
2023061346041,2023,061346041,1,1,1,1,44,7,3,0,0,0,0,0,9,9,E01019751,3,1,0.0,1.0,-1,6,30,1,1,1,18:30,1,1,9
2023411370513,2023,411370513,2,2,1,1,21,5,2,0,0,0,0,0,2,6,E01023322,5,1,1.0,0.0,-1,6,30,1,1,1,11:30,1,2,2
2023010420663,2023,010420663,2,1,1,1,32,6,3,0,0,0,0,0,3,-1,-1,-1,0,0.0,1.0,-1,3,30,5,5,2,20:30,3,2,3
2023122301086,2023,122301086,1,2,2,2,4,1,3,0,0,1,0,0,9,10,E01010768,-1,0,0.0329,0.9671,-1,6,40,1,1,2,14:18,7,3,9
2023332301105,2023,332301105,2,1,1,1,56,9,3,0,0,0,0,0,9,8,E01025679,-1,0,0.01654,0.98346,-1,6,40,1,4,1,18:54,4,2,9
2023421332966,2023,421332966,1,2,2,2,0,1,3,0,0,2,0,0,9,2,E01024135,3,1,0.0,1.0,-1,3,70,1,1,1,05:30,3,2,9
2023461322289,2023,461322289,1,1,1,1,34,6,3,0,0,0,0,0,17,6,E01024052,3,1,0.0,1.0,-1,6,60,1,1,1,11:01,7,1,17
2023520300771,2023,520300771,1,1,3,2,18,4,3,1,9,0,0,0,0,-1,-1,-1,0,0.09568,0.90432,-1,6,30,1,1,1,16:54,6,1,9
2023221301484,2023,221301484,1,1,1,2,38,7,3,0,0,0,0,0,1,2,E01014074,3,1,0.0,1.0,-1,3,30,1,1,1,12:50,5,2,1
2023351387582,2023,351387582,1,1,1,1,35,6,3,0,0,0,0,0,9,8,E01018276,3,1,0.0,1.0,-1,1,60,8,7,1,20:00,2,1,9
2023430127740,2023,430127740,2,1,1,1,32,6,3,0,0,0,0,0,-1,-1,-1,-1,0,0.11785,0.88215,-1,3,30,1,1,1,16:12,4,2,-1
2023131292486,2023,131292486,1,1,3,2,88,11,3,10,9,0,0,2,0,6,E01011308,3,1,0.0,1.0,-1,6,30,9,1,1,15:30,5,1,9
2023010441395,2023,010441395,1,2,2,-1,-1,-1,3,0,0,1,0,0,9,2,E01003335,-1,0,0.0,1.0,-1,7,20,1,1,1,15:34,6,2,9
2023010445919,2023,010445919,3,4,2,2,57,9,3,0,0,1,0,0,9,6,E01000180,-1,0,0.0,1.0,-1,3,70,1,4,1,22:08,2,3,9
2023041353890,2023,041353890,2,2,1,2,52,8,3,0,0,0,0,0,9,3,E01005541,3,1,0.0,1.0,-1,3,70,2,1,2,07:10,3,2,9
2023544520523,2023,544520523,2,1,1,2,35,6,3,0,0,0,0,0,9,6,E01032078,-1,0,0.00656,0.99344,-1,1,30,1,1,1,16:07,7,2,9
2023430547705,2023,430547705,1,1,3,1,18,4,3,6,9,0,0,0,0,7,E01028598,-1,0,0.05981,0.94019,-1,6,50,1,6,2,06:40,6,1,19
2023122301385,2023,122301385,1,9,2,2,47,8,3,0,0,2,0,0,9,4,E01027608,-1,0,0.07276,0.92724,-1,3,70,1,1,2,11:40,5,3,9
2023010444793,2023,010444793,1,1,1,1,26,6,3,0,0,0,0,0,3,2,E01001486,-1,0,0.0,1.0,-1,9,20,9,1,9,18:28,3,2,3
2023010473199,2023,010473199,2,1,1,1,69,10,3,0,0,0,0,0,9,3,E01003405,-1,0,0.0,1.0,-1,3,20,9,7,1,03:40,7,2,9
2023211356285,2023,211356285,2,2,1,1,57,9,3,0,0,0,0,0,9,8,E01029790,3,1,0.0,1.0,-1,3,70,1,1,1,14:50,2,2,9
2023302300856,2023,302300856,1,1,1,2,42,7,3,0,0,0,0,0,9,6,E01028273,-1,0,0.07851,0.92149,-1,6,60,1,1,1,19:00,1,1,9
2023451280697,2023,451280697,1,1,2,2,29,6,3,0,0,1,0,0,9,3,E01002595,3,1,0.0,1.0,-1,3,70,1,1,1,11:20,1,3,9
2023221375366,2023,221375366,2,2,1,1,41,7,3,0,0,0,0,0,19,3,E01032187,3,1,0.0,1.0,-1,6,60,1,6,2,19:30,4,2,19
2023041334156,2023,041334156,1,1,3,1,15,3,2,10,3,0,0,0,0,1,E01012596,7,1,1.0,0.0,-1,6,30,1,1,1,17:49,2,1,19
2023010478273,2023,010478273,2,1,1,1,59,9,3,0,0,0,0,0,1,2,E01004268,-1,0,0.0,1.0,-1,3,20,1,1,1,06:44,5,2,1
2023991344468,2023,991344468,1,1,3,1,13,3,2,5,3,0,0,2,0,-1,-1,7,1,1.0,0.0,-1,6,20,1,1,1,16:30,3,2,9
2023991377896,2023,991377896,2,1,1,1,27,6,2,0,0,0,0,0,1,-1,-1,7,1,1.0,0.0,-1,6,30,5,6,2,06:45,5,2,1
2023010441537,2023,010441537,1,1,1,1,40,7,3,0,0,0,0,0,9,1,E01001813,-1,0,0.0,1.0,-1,1,30,2,1,2,15:38,7,2,9
2023451327872,2023,451327872,3,5,2,1,56,9,3,0,0,1,0,0,9,9,E01030339,3,1,0.0,1.0,-1,3,50,1,1,2,13:50,7,3,9
2023010462722,2023,010462722,1,1,3,2,62,9,3,4,1,0,0,0,0,-1,-1,-1,0,0.0,1.0,-1,3,20,1,6,1,21:40,1,1,9
2023161305630,2023,161305630,2,1,1,1,34,6,3,0,0,0,0,0,1,1,E01012918,3,1,0.0,1.0,-1,6,30,1,1,1,12:52,3,2,1
2023231321214,2023,231321214,2,1,1,2,37,7,3,0,0,0,0,0,1,4,E01031045,3,1,0.0,1.0,-1,6,30,1,1,1,14:45,6,2,1
2023430343050,2023,430343050,1,1,1,1,50,8,3,0,0,0,0,0,3,-1,-1,-1,0,0.18854,0.81146,-1,6,30,1,1,1,08:00,4,2,3
2023041303534,2023,041303534,1,1,3,1,52,8,2,10,9,0,0,0,0,6,E01025548,6,1,1.0,0.0,-1,6,60,1,4,1,22:43,3,2,9
2023052301612,2023,052301612,1,1,3,2,8,2,2,5,4,0,0,0,0,2,E01006772,-1,0,1.0,0.0,-1,6,20,1,1,1,14:45,1,1,9
2023411398496,2023,411398496,1,1,3,2,93,11,3,10,9,0,0,0,0,10,E01023568,3,1,0.0,1.0,-1,6,30,1,1,1,14:49,5,1,9
2023010446403,2023,010446403,1,1,1,1,36,7,3,0,0,0,0,0,1,2,E01033713,-1,0,0.0,1.0,-1,6,20,1,1,1,18:11,5,2,1
2023010472296,2023,010472296,2,1,1,1,37,7,3,0,0,0,0,0,1,1,E01001145,-1,0,0.0,1.0,-1,2,20,1,1,1,17:26,2,2,1
2023122300497,2023,122300497,1,1,1,1,34,6,3,0,0,0,0,0,9,9,E01027894,-1,0,0.07846,0.92154,-1,6,60,9,6,2,21:00,5,1,9
2023010471834,2023,010471834,1,1,1,1,30,6,3,0,0,0,0,0,1,4,E01002802,-1,0,0.0,1.0,-1,6,20,1,4,2,20:30,6,2,1
2023501375032,2023,501375032,2,1,1,1,12,3,3,0,0,0,0,0,1,9,E01019017,3,1,0.0,1.0,-1,6,30,1,1,1,15:13,2,2,1
2023991342507,2023,991342507,2,1,1,1,67,10,2,0,0,0,0,0,5,7,-1,6,1,1.0,0.0,-1,6,60,1,1,1,08:10,2,2,5
2023201461829,2023,201461829,2,1,1,1,53,8,3,0,0,0,0,0,9,2,E01010506,3,1,0.0,1.0,-1,6,30,2,1,2,07:40,3,2,9
2023340WN7212,2023,340WN7212,2,1,1,1,24,5,3,0,0,0,0,0,9,3,E01027154,-1,0,0.05621,0.94379,-1,3,30,2,4,2,00:02,4,2,9
2023461353828,2023,461353828,2,1,1,1,22,5,3,0,0,0,0,0,9,8,E01024511,3,1,0.0,1.0,-1,3,70,1,1,2,08:30,4,2,9
2023461386393,2023,461386393,2,1,1,2,32,6,3,0,0,0,0,0,9,3,E01016045,3,1,0.0,1.0,-1,6,30,1,4,2,17:34,3,4,9
2023622300359,2023,622300359,1,1,3,1,16,4,3,5,9,0,0,0,0,1,W01001807,-1,0,0.05068,0.94932,-1,6,20,1,1,1,19:08,6,1,9
2023201296201,2023,201296201,2,1,1,1,42,7,3,0,0,0,0,0,1,5,E01009186,3,1,0.0,1.0,-1,6,30,1,1,1,09:10,6,2,1
2023461344765,2023,461344765,5,5,1,1,69,10,3,0,0,0,0,0,9,9,E01024253,3,1,0.0,1.0,-1,6,30,1,1,1,13:14,6,6,9
2023320131920,2023,320131920,1,1,3,2,68,10,3,6,9,0,0,0,0,3,E01026078,-1,0,0.11982,0.88018,-1,6,30,1,1,1,15:00,5,1,19
2023010431727,2023,010431727,1,2,2,2,24,5,3,0,0,1,0,0,9,1,E01001220,-1,0,0.0,1.0,-1,6,30,1,4,2,05:42,1,2,9
2023531294976,2023,531294976,1,1,2,2,23,5,3,0,0,1,0,0,9,1,E01022311,3,1,0.0,1.0,-1,7,60,1,1,1,12:10,1,2,9
2023061320936,2023,061320936,1,1,1,1,79,11,3,0,0,0,0,0,9,4,E01005994,3,1,0.0,1.0,-1,6,20,1,1,1,14:02,3,1,9
2023201370598,2023,201370598,2,2,2,1,8,2,3,0,0,2,0,0,9,1,E01009390,3,1,0.0,1.0,-1,6,30,1,4,1,23:55,6,2,9
2023320792512,2023,320792512,1,1,1,1,89,11,3,0,0,0,0,0,9,4,E01026060,-1,0,0.09204,0.90796,-1,6,30,2,1,2,13:00,4,2,9
2023131386427,2023,131386427,2,1,2,2,40,7,3,0,0,0,0,0,9,-1,-1,3,1,0.0,1.0,-1,6,40,1,4,2,05:57,2,2,9
2023010439615,2023,010439615,1,1,1,1,68,10,3,0,0,0,0,0,1,8,E01017776,-1,0,0.0,1.0,-1,1,30,1,1,1,12:30,2,2,1
2023041316000,2023,041316000,1,1,1,2,87,11,2,0,0,0,0,0,9,9,E01025553,6,1,1.0,0.0,-1,6,30,1,1,1,12:05,4,2,9
2023071052722,2023,071052722,1,1,3,2,60,9,2,5,1,0,0,0,0,2,E01018701,-1,0,1.0,0.0,-1,3,70,7,6,2,07:00,4,1,19
202354B915223,2023,54B915223,1,1,3,1,32,6,3,9,9,0,0,0,0,5,E01032840,-1,0,0.10216,0.89784,-1,6,30,1,1,1,11:08,6,1,9
2023622301008,2023,622301008,1,1,3,1,43,7,3,4,3,0,0,0,0,4,W01001832,-1,0,0.06241,0.93759,-1,6,20,1,4,1,18:29,2,1,9
2023010473216,2023,010473216,2,2,2,2,24,5,3,0,0,1,0,0,9,1,E01015313,-1,0,0.0,1.0,-1,3,50,2,1,2,09:48,7,3,9
2023122301117,2023,122301117,1,4,2,2,16,4,3,0,0,2,0,0,9,2,E01012134,-1,0,0.03045,0.96955,-1,6,30,2,4,2,20:44,5,2,9
2023201418690,2023,201418690,1,1,1,2,60,9,3,0,0,0,0,0,9,3,E01009624,3,1,0.0,1.0,-1,6,30,1,1,1,14:31,6,1,9
2023332301210,2023,332301210,2,1,1,2,59,9,3,0,0,0,0,0,9,10,E01025665,-1,0,0.026,0.974,-1,6,60,1,1,4,10:50,4,3,9
2023622300466,2023,622300466,1,1,1,1,26,6,3,0,0,0,0,0,9,4,W01001800,-1,0,0.0272,0.9728,-1,6,20,1,1,1,19:49,5,2,9
2023010476748,2023,010476748,1,1,3,2,20,4,3,4,4,0,0,0,0,2,E01004242,-1,0,0.0,1.0,-1,6,20,2,4,2,17:44,4,1,3
2023201404758,2023,201404758,1,1,3,2,68,10,3,5,1,0,0,0,0,1,E01009152,3,1,0.0,1.0,-1,6,30,2,1,2,15:40,2,1,9
2023622300739,2023,622300739,2,2,1,1,51,8,3,0,0,0,0,0,1,3,W01001045,-1,0,0.11229,0.88771,-1,3,30,1,1,1,15:19,6,2,1
2023161387291,2023,161387291,1,1,1,1,18,4,3,0,0,0,0,0,3,1,E01013142,3,1,0.0,1.0,-1,6,30,1,4,1,21:20,7,2,3
2023010440461,2023,010440461,1,1,1,1,38,7,3,0,0,0,0,0,9,2,E01001334,-1,0,0.0,1.0,-1,6,30,1,1,1,05:40,2,2,9
2023122300306,2023,122300306,1,1,1,2,31,6,3,0,0,0,0,0,9,10,E01013357,-1,0,0.10606,0.89394,-1,6,60,1,1,1,08:25,7,1,9
2023991354532,2023,991354532,2,2,1,2,23,5,3,0,0,0,0,0,9,2,-1,3,1,0.0,1.0,-1,6,30,2,1,2,14:27,3,2,9
2023131290971,2023,131290971,1,1,1,1,56,9,3,0,0,0,0,0,21,9,E01010764,3,1,0.0,1.0,-1,3,40,1,1,1,10:05,2,1,21
2023010445351,2023,010445351,1,1,3,1,39,7,3,5,1,0,0,0,0,-1,-1,-1,0,0.0,1.0,-1,6,30,1,4,1,23:35,6,1,9
2023010465506,2023,010465506,1,1,1,1,47,8,3,0,0,0,0,0,9,3,E01023865,-1,0,0.0,1.0,-1,6,30,1,1,1,13:02,3,2,9
2023161275518,2023,161275518,1,1,1,2,63,9,3,0,0,0,0,0,9,3,E01012817,3,1,0.0,1.0,-1,3,40,1,1,1,10:30,7,2,9
2023010437760,2023,010437760,1,1,1,1,21,5,3,0,0,0,0,0,3,2,E01004392,-1,0,0.0,1.0,-1,6,30,1,1,1,17:27,1,3,3
2023010446541,2023,010446541,1,1,1,1,36,7,3,0,0,0,0,0,3,2,E01001977,-1,0,0.0,1.0,-1,7,20,1,1,1,19:10,5,2,3
2023302300840,2023,302300840,1,1,1,1,19,4,3,0,0,0,0,0,3,8,E01019602,-1,0,0.16612,0.83388,-1,6,60,1,1,1,15:32,6,3,3
2023010446029,2023,010446029,1,2,3,2,49,8,2,6,9,0,0,0,0,1,E01002034,-1,0,1.0,0.0,-1,3,40,1,1,1,14:50,3,1,9
2023101391747,2023,101391747,2,1,1,1,62,9,3,0,0,0,0,0,19,7,E01008552,3,1,0.0,1.0,-1,6,30,1,1,1,12:00,6,2,19
2023061369367,2023,061369367,1,1,3,1,13,3,3,5,2,0,0,0,0,9,E01006117,3,1,0.0,1.0,-1,6,30,2,4,2,07:19,4,1,9
2023052300721,2023,052300721,2,1,1,1,33,6,3,0,0,0,0,0,1,1,E01007220,-1,0,0.12409,0.87591,-1,3,30,2,4,2,17:33,2,2,1
2023231277584,2023,231277584,1,1,1,1,67,10,3,0,0,0,0,0,1,9,E01031237,3,1,0.0,1.0,-1,6,30,1,1,1,09:55,2,1,1
2023340WN6152,2023,340WN6152,2,1,1,2,55,8,3,0,0,0,0,0,9,8,E01027290,-1,0,0.08611,0.91389,-1,6,60,1,6,2,18:05,4,2,9
2023010464001,2023,010464001,1,1,1,1,45,7,3,0,0,0,0,0,11,4,E01001336,-1,0,0.0,1.0,-1,6,30,1,1,1,09:19,2,2,11
2023052300844,2023,052300844,2,1,1,1,29,6,3,0,0,0,0,0,1,2,E01006977,-1,0,0.10099,0.89901,-1,6,30,1,4,1,18:00,5,2,1
202363D011423,2023,63D011423,2,1,1,1,31,6,2,0,0,0,0,0,1,9,W01000481,-1,0,1.0,0.0,-1,6,30,1,1,2,09:45,3,2,1
2023010440660,2023,010440660,2,2,1,1,40,7,3,0,0,0,0,0,3,3,E01033464,-1,0,0.0,1.0,-1,6,20,1,1,1,16:45,7,2,3
2023061282042,2023,061282042,2,1,1,1,30,6,2,0,0,0,0,0,5,2,E01006107,7,1,1.0,0.0,-1,6,30,2,4,2,21:15,4,2,5
2023010484510,2023,010484510,1,1,3,1,16,4,3,6,9,0,0,0,0,2,E01000098,-1,0,0.0,1.0,-1,6,20,1,4,1,06:48,1,1,9
2023451334257,2023,451334257,1,1,1,1,40,7,3,0,0,0,0,0,8,2,E01001128,3,1,0.0,1.0,-1,3,50,1,1,1,15:22,1,2,8
2023170H10783,2023,170H10783,1,1,1,1,42,7,2,0,0,0,0,0,9,3,E01020827,-1,0,1.0,0.0,-1,1,50,1,4,2,23:28,6,1,9
2023461321146,2023,461321146,2,1,1,1,28,6,3,0,0,0,0,0,9,4,E01002346,3,1,0.0,1.0,-1,3,40,1,1,1,12:52,7,2,9
2023991280037,2023,991280037,1,1,1,1,29,6,2,0,0,0,0,0,9,2,-1,5,1,1.0,0.0,-1,6,30,1,4,1,20:30,4,3,9
2023991285393,2023,991285393,1,1,2,2,55,8,3,0,0,1,0,0,9,1,-1,3,1,0.0,1.0,-1,6,20,1,1,1,12:30,6,2,9
2023991315633,2023,991315633,1,1,1,1,46,8,2,0,0,0,0,0,5,4,-1,7,1,1.0,0.0,-1,6,60,1,1,1,12:40,3,2,5
2023101412549,2023,101412549,1,1,3,2,66,10,3,5,3,0,0,0,0,1,E01008303,3,1,0.0,1.0,-1,6,30,1,1,2,15:15,7,1,9
2023170S20493,2023,170S20493,1,1,3,2,67,10,3,4,1,0,0,0,0,1,E01012198,-1,0,0.14936,0.85064,-1,3,30,1,1,1,16:00,4,1,9
2023010482115,2023,010482115,1,1,1,1,40,7,3,0,0,0,0,0,3,3,E01033706,-1,0,0.0,1.0,-1,9,30,1,1,2,13:22,7,2,3
2023440259068,2023,440259068,1,1,1,1,18,4,2,0,0,0,0,0,3,10,E01023211,-1,0,1.0,0.0,-1,6,30,1,4,1,22:50,4,1,3
2023101320267,2023,101320267,1,1,2,2,50,8,3,0,0,0,4,0,11,-1,-1,3,1,0.0,1.0,-1,3,30,1,1,1,09:17,6,1,11
2023010440277,2023,010440277,1,1,1,1,38,7,3,0,0,0,0,0,9,4,E01030752,-1,0,0.0,1.0,-1,6,20,1,4,1,22:30,7,2,9
2023231392989,2023,231392989,2,1,1,2,30,6,3,0,0,0,0,0,9,4,E01031231,3,1,0.0,1.0,-1,1,30,2,1,2,15:10,3,2,9
2023302301179,2023,302301179,1,1,1,-1,29,6,3,0,0,0,0,0,9,8,E01028206,-1,0,0.0137,0.9863,-1,6,30,2,4,2,00:10,2,1,9
2023361314541,2023,361314541,2,3,2,2,74,10,2,0,0,1,0,0,9,-1,-1,7,1,1.0,0.0,-1,6,60,1,1,1,15:59,7,2,9
2023010486497,2023,010486497,1,1,1,1,31,6,3,0,0,0,0,0,3,4,E01000588,-1,0,0.0,1.0,-1,9,30,9,1,9,13:55,6,2,3
2023332301214,2023,332301214,1,3,2,1,21,5,3,0,0,2,0,0,8,7,E01025721,-1,0,0.03002,0.96998,-1,6,40,2,4,2,02:55,5,2,8
2023231369683,2023,231369683,2,3,2,1,3,1,3,0,0,1,0,0,19,10,E01033252,3,1,0.0,1.0,-1,3,50,1,1,1,11:09,4,3,19
2023041347008,2023,041347008,1,1,3,1,18,4,2,5,3,0,0,0,0,1,E01012674,7,1,1.0,0.0,-1,6,30,1,4,1,20:45,4,1,9
2023351287842,2023,351287842,2,1,1,2,55,8,2,0,0,0,0,0,1,9,E01018287,7,1,1.0,0.0,-1,1,30,1,4,2,20:20,7,2,1
2023461285995,2023,461285995,1,1,1,1,-1,-1,3,0,0,0,0,0,1,-1,-1,3,1,0.0,1.0,-1,6,30,1,7,1,17:47,2,2,1
2023010447965,2023,010447965,1,1,1,2,24,5,3,0,0,0,0,0,3,7,E01030361,-1,0,0.0,1.0,-1,6,20,1,1,1,20:10,5,2,3
2023451309606,2023,451309606,1,1,1,1,32,6,3,0,0,0,0,0,5,7,E01005851,3,1,0.0,1.0,-1,6,30,1,1,1,18:50,7,2,5
2023131388814,2023,131388814,1,1,3,1,46,8,2,5,1,0,0,2,0,-1,-1,7,1,1.0,0.0,-1,3,30,1,4,1,20:23,6,1,9
2023131326734,2023,131326734,2,1,1,1,56,9,2,0,0,0,0,0,1,2,E01011421,7,1,1.0,0.0,-1,3,50,1,1,1,19:52,5,2,1
2023201382986,2023,201382986,1,3,3,1,52,8,3,10,9,0,0,0,0,-1,-1,3,1,0.0,1.0,-1,6,30,1,4,1,00:08,3,4,9
2023311332289,2023,311332289,1,1,1,1,38,7,2,0,0,0,0,0,-1,-1,-1,7,1,1.0,0.0,-1,6,30,2,1,2,17:05,7,1,-1
2023440186104,2023,440186104,1,1,1,1,47,8,3,0,0,0,0,0,1,-1,-1,-1,0,0.16519,0.83481,-1,6,30,1,1,1,07:25,6,2,1
2023010455157,2023,010455157,1,1,1,1,38,7,3,0,0,0,0,0,9,4,E01003354,-1,0,0.0,1.0,-1,6,30,2,1,2,14:30,7,2,9
2023122301342,2023,122301342,1,1,1,2,60,9,3,0,0,0,0,0,9,6,E01027628,-1,0,0.06499,0.93501,-1,2,30,1,1,1,11:50,6,1,9
2023351295916,2023,351295916,2,2,1,2,29,6,3,0,0,0,0,0,9,6,E01018036,3,1,0.0,1.0,-1,6,30,1,1,1,08:57,6,3,9
2023451373093,2023,451373093,3,1,1,1,34,6,3,0,0,0,0,0,19,7,E01032739,3,1,0.0,1.0,-1,3,50,1,6,2,14:09,6,3,19
2023010455543,2023,010455543,1,1,3,1,35,6,3,9,9,0,0,0,0,8,E01000654,-1,0,0.0,1.0,-1,7,30,9,1,9,09:00,4,1,9
2023010453383,2023,010453383,1,1,1,1,22,5,3,0,0,0,0,0,4,3,E01023650,-1,0,0.0,1.0,-1,6,20,1,1,1,14:55,4,2,4
2023010481947,2023,010481947,1,1,1,1,26,6,3,0,0,0,0,0,9,2,E01001437,-1,0,0.0,1.0,-1,1,30,2,4,2,17:21,2,2,9
2023201296382,2023,201296382,1,1,1,1,64,9,3,0,0,0,0,0,9,2,E01009254,3,1,0.0,1.0,-1,6,30,1,1,1,15:20,6,2,9
2023471305994,2023,471305994,2,4,2,2,19,4,1,0,0,1,0,0,9,9,E01004097,1,1,0.0,0.0,-1,6,60,1,6,1,21:05,4,3,9
2023010424688,2023,010424688,2,1,1,1,29,6,3,0,0,0,0,0,1,3,E01004259,-1,0,0.0,1.0,-1,6,20,1,1,1,08:36,4,2,1
2023461381147,2023,461381147,1,1,2,2,54,8,3,0,0,1,0,0,10,1,E01024240,3,1,0.0,1.0,-1,6,30,2,4,4,06:30,6,2,10
2023501339128,2023,501339128,1,1,3,2,19,4,3,5,3,0,0,0,0,2,E01015176,3,1,0.0,1.0,-1,6,30,1,1,1,18:50,1,1,9
2023010454596,2023,010454596,1,1,1,1,20,4,3,0,0,0,0,0,3,1,E01002071,-1,0,0.0,1.0,-1,6,20,1,1,1,18:40,2,2,3
2023010449896,2023,010449896,1,1,1,1,25,5,3,0,0,0,0,0,9,7,E01000704,-1,0,0.0,1.0,-1,6,20,2,1,2,16:00,1,2,9
2023101380271,2023,101380271,2,1,2,2,8,2,3,0,0,2,0,0,9,2,E01008571,3,1,0.0,1.0,-1,6,40,1,1,1,09:56,7,2,9
2023622300812,2023,622300812,1,1,1,1,36,7,3,0,0,0,0,0,9,1,W01001881,-1,0,0.00766,0.99234,-1,6,20,1,1,2,09:24,2,2,9
2023320267321,2023,320267321,1,1,1,2,45,7,3,0,0,0,0,0,9,6,E01026252,-1,0,0.04107,0.95893,-1,6,60,1,1,1,08:10,4,2,9
2023991297927,2023,991297927,1,1,1,1,17,4,3,0,0,0,0,0,9,5,-1,3,1,0.0,1.0,-1,6,60,1,1,1,14:50,2,1,9
2023010420242,2023,010420242,1,2,2,-1,-1,-1,3,0,0,2,0,0,9,3,E01002547,-1,0,0.0,1.0,-1,6,20,1,4,1,22:45,7,1,9
2023161381593,2023,161381593,1,3,2,1,45,7,3,0,0,2,0,0,9,1,E01012844,3,1,0.0,1.0,-1,3,30,1,4,2,22:55,6,2,9
2023631360264,2023,631360264,2,1,1,2,46,8,3,0,0,0,0,0,9,7,W01000477,3,1,0.0,1.0,-1,6,60,2,1,2,10:00,6,2,9
2023010477159,2023,010477159,1,1,3,2,19,4,3,1,1,0,0,0,0,4,E01000919,-1,0,0.0,1.0,-1,3,20,1,1,1,11:00,3,1,1
2023141275396,2023,141275396,1,1,3,1,18,4,2,10,9,0,0,0,0,6,E01009041,6,1,1.0,0.0,-1,6,60,1,6,1,17:49,1,1,9
2023201277791,2023,201277791,1,1,3,2,53,8,3,5,9,0,0,2,0,-1,-1,3,1,0.0,1.0,-1,6,30,1,6,1,17:30,5,1,9
2023451331766,2023,451331766,1,1,1,1,15,3,3,0,0,0,0,0,1,5,E01030464,3,1,0.0,1.0,-1,3,30,1,7,1,13:53,5,2,1
2023552301415,2023,552301415,1,1,1,1,18,4,3,0,0,0,0,0,3,2,E01033200,-1,0,0.19863,0.80137,-1,6,60,1,4,1,18:19,6,1,3
2023501277228,2023,501277228,1,1,3,1,61,9,2,8,7,0,0,0,0,-1,-1,7,1,1.0,0.0,-1,6,30,1,1,1,14:00,5,2,9
2023991313147,2023,991313147,1,1,1,1,40,7,2,0,0,0,0,0,5,9,E01016196,6,1,1.0,0.0,-1,6,60,1,1,1,11:24,2,3,5
2023161349379,2023,161349379,1,1,1,2,28,6,3,0,0,0,0,0,9,8,E01026368,3,1,0.0,1.0,-1,6,30,1,1,1,11:43,7,2,9
2023320688800,2023,320688800,1,3,1,2,74,10,3,0,0,0,0,0,9,7,E01026096,-1,0,0.12585,0.87415,-1,6,60,1,1,1,16:55,2,2,9
2023131305883,2023,131305883,3,2,1,1,38,7,3,0,0,0,0,0,3,9,E01027899,3,1,0.0,1.0,-1,6,50,1,1,1,17:48,3,3,3
2023071040676,2023,071040676,1,1,3,1,69,10,3,6,9,0,0,0,0,10,E01018614,-1,0,0.16199,0.83801,-1,2,30,1,1,1,14:00,1,1,3
2023201414448,2023,201414448,1,1,3,2,56,9,3,5,2,0,0,2,0,1,E01009886,3,1,0.0,1.0,-1,2,30,1,1,1,12:00,3,1,1
2023430538996,2023,430538996,2,1,1,1,26,6,2,0,0,0,0,0,1,9,E01016703,-1,0,1.0,0.0,-1,2,30,1,4,1,17:59,5,2,1
2023501342169,2023,501342169,1,2,2,2,17,4,3,0,0,0,0,0,3,5,E01020020,3,1,0.0,1.0,-1,6,20,1,5,1,02:30,3,1,3
2023471356139,2023,471356139,1,1,1,1,16,4,2,0,0,0,0,0,3,3,E01020941,7,1,1.0,0.0,-1,6,30,1,1,1,11:50,2,3,3
2023201410843,2023,201410843,1,1,3,2,18,4,3,5,2,0,0,2,0,4,E01033634,3,1,0.0,1.0,-1,6,30,1,1,1,10:38,6,1,9
2023111392254,2023,111392254,1,1,2,1,14,3,2,0,0,1,0,0,9,-1,-1,7,1,1.0,0.0,-1,6,60,1,1,1,14:20,3,1,9
2023211334126,2023,211334126,2,2,1,2,40,7,3,0,0,0,0,0,9,1,E01014300,3,1,0.0,1.0,-1,6,30,1,1,1,15:30,5,2,9
2023430430955,2023,430430955,1,3,2,1,23,5,3,0,0,9,0,0,9,7,E01023424,-1,0,0.0048,0.9952,-1,6,40,1,1,1,15:05,2,2,9
2023010471680,2023,010471680,1,1,3,2,34,6,3,4,1,0,0,0,0,7,E01003408,-1,0,0.0,1.0,-1,6,30,2,1,2,08:44,6,1,97
2023122301036,2023,122301036,1,1,3,1,88,11,3,5,1,0,0,0,0,1,E01027805,-1,0,0.12855,0.87145,-1,6,30,2,1,2,11:52,3,1,9
2023010464410,2023,010464410,1,1,1,2,35,6,3,0,0,0,0,0,9,1,E01001850,-1,0,0.0,1.0,-1,2,30,1,1,1,15:10,4,2,9
2023010487154,2023,010487154,1,1,1,1,43,7,3,0,0,0,0,0,9,6,E01001415,-1,0,0.0,1.0,-1,6,30,1,1,1,12:30,7,2,9
2023430290778,2023,430290778,1,1,1,2,63,9,3,0,0,0,0,0,9,6,E01032959,-1,0,0.08279,0.91721,-1,3,70,1,1,1,16:10,7,2,9
2023531345443,2023,531345443,2,2,2,1,11,3,3,0,0,2,0,0,9,1,E01032932,3,1,0.0,1.0,-1,6,50,1,1,1,08:48,6,2,9