collision_index,collision_year,collision_ref_no,vehicle_reference,casualty_reference,casualty_class,sex_of_casualty,age_of_casualty,age_band_of_casualty,casualty_severity,pedestrian_location,pedestrian_movement,car_passenger,bus_or_coach_passenger,pedestrian_road_maintenance_worker,casualty_type,casualty_imd_decile,lsoa_of_casualty,enhanced_casualty_severity,casualty_injury_based,casualty_adjusted_severity_serious,casualty_adjusted_severity_slight,casualty_distance_banding,road_type,speed_limit,weather_conditions,light_conditions,road_surface_conditions,time,day_of_week,number_of_vehicles,vehicle_type
2023991298092,2023,991298092,1,1,1,1,19,4,2,0,0,0,0,0,2,-1,-1,7,1,1.0,0.0,-1,6,20,1,1,1,18:17,3,2,2
2023010483276,2023,010483276,1,1,1,1,34,6,3,0,0,0,0,0,3,4,E01001259,-1,0,0.0,1.0,-1,3,40,1,4,2,19:50,1,2,3
2023461373970,2023,461373970,1,1,1,1,61,9,3,0,0,0,0,0,5,9,E01016105,3,1,0.0,1.0,-1,3,40,1,1,2,11:52,2,2,5
2023010460433,2023,010460433,1,1,3,1,75,10,2,8,7,0,0,0,0,5,E01000070,-1,0,1.0,0.0,-1,6,30,1,1,1,13:57,1,1,9
2023141395255,2023,141395255,1,1,3,1,38,7,1,5,9,0,0,0,0,3,E01007457,1,1,0.0,0.0,-1,3,70,1,4,1,19:53,5,1,9
2023332300275,2023,332300275,1,1,3,2,76,11,2,5,3,0,0,0,0,5,E01013738,-1,0,1.0,0.0,-1,6,30,1,1,1,18:00,1,1,9
2023010420209,2023,010420209,1,1,3,1,26,6,3,5,9,0,0,0,0,3,E01001479,-1,0,0.0,1.0,-1,6,30,2,4,2,05:06,1,1,9
2023351334347,2023,351334347,2,1,1,1,48,8,3,0,0,0,0,0,1,1,E01015602,3,1,0.0,1.0,-1,6,30,1,1,-1,14:15,6,2,1
2023052300984,2023,052300984,2,1,1,2,14,3,3,0,0,0,0,0,1,1,E01006739,-1,0,0.06118,0.93882,-1,3,40,1,1,1,15:32,7,2,1
2023010441843,2023,010441843,1,1,1,1,33,6,3,0,0,0,0,0,3,3,E01001981,-1,0,0.0,1.0,-1,6,20,1,1,1,17:03,2,2,3
2023010450315,2023,010450315,1,1,3,1,63,9,2,5,4,0,0,0,0,8,E01002207,-1,0,1.0,0.0,-1,6,20,1,1,1,15:58,3,1,9
2023552300634,2023,552300634,1,1,3,2,16,4,3,4,1,0,0,0,0,2,E01015288,-1,0,0.13903,0.86097,-1,6,30,1,1,1,16:21,4,2,9
2023340NN3462,2023,340NN3462,2,1,1,1,28,6,3,0,0,0,0,0,-1,6,E01027034,-1,0,0.03509,0.96491,-1,1,30,1,1,1,07:40,2,2,-1
2023451266069,2023,451266069,1,1,3,1,55,8,2,10,9,0,0,2,0,9,E01030441,7,1,1.0,0.0,-1,6,30,1,1,1,10:20,6,2,9
2023461361947,2023,461361947,1,2,3,1,23,5,3,10,9,0,0,2,0,5,E01024831,3,1,0.0,1.0,-1,6,30,1,1,1,12:00,7,1,9
2023351361295,2023,351361295,2,1,1,2,22,5,2,0,0,0,0,0,1,8,E01017956,7,1,1.0,0.0,-1,6,30,1,1,1,18:30,5,2,1
2023052303073,2023,052303073,2,1,1,1,62,9,3,0,0,0,0,0,9,1,E01033765,-1,0,0.00897,0.99103,-1,2,30,1,1,2,14:30,6,2,9
2023211344535,2023,211344535,1,1,1,2,55,8,3,0,0,0,0,0,9,10,E01029628,3,1,0.0,1.0,-1,3,70,1,1,1,16:40,3,2,9
2023461355998,2023,461355998,1,1,1,1,27,6,3,0,0,0,0,0,9,9,E01024818,3,1,0.0,1.0,-1,6,30,1,4,1,03:37,1,1,9
2023522301553,2023,522301553,1,1,1,1,32,6,3,0,0,0,0,0,9,10,E01014980,-1,0,0.01586,0.98414,-1,6,30,1,7,1,01:20,7,1,9
2023631329235,2023,631329235,2,1,2,2,16,4,3,0,0,2,0,0,9,6,W01000574,3,1,0.0,1.0,-1,6,40,1,4,1,02:55,6,2,9
2023052302057,2023,052302057,2,2,1,2,30,6,3,0,0,0,0,0,1,2,E01006970,-1,0,0.08502,0.91498,-1,6,30,1,1,2,08:10,6,2,1
2023401300718,2023,401300718,2,1,1,1,28,6,3,0,0,0,0,0,1,4,E01017600,3,1,0.0,1.0,-1,6,30,1,1,1,16:30,5,2,1
2023131356674,2023,131356674,1,1,1,1,18,4,3,0,0,0,0,0,3,6,E01011308,3,1,0.0,1.0,-1,6,60,1,1,1,07:45,2,1,3
2023010423928,2023,010423928,1,1,3,1,15,3,2,5,1,0,0,0,0,3,E01003575,-1,0,1.0,0.0,-1,6,30,1,4,2,19:50,6,1,9
2023311271902,2023,311271902,2,1,1,2,64,9,2,0,0,0,0,0,1,2,E01013888,7,1,1.0,0.0,-1,6,40,1,4,1,18:15,4,2,1
2023010461806,2023,010461806,1,1,1,1,19,4,3,0,0,0,0,0,3,1,E01001958,-1,0,0.0,1.0,-1,9,30,9,1,9,12:35,7,2,3
2023010471355,2023,010471355,1,1,1,1,30,6,3,0,0,0,0,0,5,2,E01004238,-1,0,0.0,1.0,-1,6,20,1,1,1,13:12,4,2,5
2023430023412,2023,430023412,1,1,3,2,68,10,3,1,1,0,0,0,0,8,E01016508,-1,0,0.19887,0.80113,-1,6,30,1,4,1,17:27,2,1,9
2023531397874,2023,531397874,1,1,3,1,32,6,3,10,9,0,0,0,0,1,E01022311,3,1,0.0,1.0,-1,6,30,9,1,1,19:50,5,1,9
2023010484924,2023,010484924,1,1,1,2,39,7,3,0,0,0,0,0,9,4,E01003672,-1,0,0.0,1.0,-1,9,30,8,4,1,16:25,2,3,9
2023141375389,2023,141375389,3,3,1,1,43,7,3,0,0,0,0,0,9,2,E01007595,3,1,0.0,1.0,-1,3,70,1,1,1,07:34,4,6,9
2023221314191,2023,221314191,1,5,2,1,80,11,3,0,0,1,0,0,9,5,E01014096,3,1,0.0,1.0,-1,6,40,1,1,1,10:50,6,4,9
2023351367719,2023,351367719,1,1,1,2,41,7,3,0,0,0,0,0,9,5,E01015688,3,1,0.0,1.0,-1,3,70,2,1,2,14:20,6,2,9
2023161360952,2023,161360952,2,1,1,1,53,8,2,0,0,0,0,0,3,4,E01012816,7,1,1.0,0.0,-1,1,30,1,1,1,17:00,3,2,3
2023461299291,2023,461299291,1,1,1,1,30,6,2,0,0,0,0,0,3,3,E01024559,7,1,1.0,0.0,-1,6,30,2,4,2,00:42,7,2,3
2023552300978,2023,552300978,1,1,1,1,24,5,3,0,0,0,0,0,3,7,E01020540,-1,0,0.24737,0.75263,-1,6,60,1,6,2,02:56,1,1,3
2023131313485,2023,131313485,4,4,1,1,64,9,3,0,0,0,0,0,19,5,E01014360,3,1,0.0,1.0,-1,3,70,1,1,1,16:30,4,4,19
2023010460640,2023,010460640,1,1,1,1,32,6,3,0,0,0,0,0,1,2,E01000544,-1,0,0.0,1.0,-1,2,30,1,5,1,23:40,2,2,1
2023201346739,2023,201346739,2,1,1,1,14,3,3,0,0,0,0,0,1,1,E01009182,3,1,0.0,1.0,-1,6,30,1,1,1,08:00,4,2,1
2023010486480,2023,010486480,1,1,1,1,22,5,3,0,0,0,0,0,3,3,E01015730,-1,0,0.0,1.0,-1,6,30,1,1,1,10:50,6,2,3
2023552301352,2023,552301352,1,1,1,1,25,5,2,0,0,0,0,0,3,6,E01020534,-1,0,1.0,0.0,-1,6,60,1,1,2,07:48,3,3,3
2023552300419,2023,552300419,2,1,1,1,24,5,3,0,0,0,0,0,4,7,E01015352,-1,0,0.06464,0.93536,-1,6,30,1,1,1,11:39,4,2,4
2023010429027,2023,010429027,1,1,1,1,54,8,3,0,0,0,0,0,5,-1,-1,-1,0,0.0,1.0,-1,3,30,2,4,2,01:45,7,1,5
2023991316877,2023,991316877,1,1,3,1,7,2,2,5,1,0,0,0,0,-1,-1,7,1,1.0,0.0,-1,6,20,1,1,1,15:50,5,1,9
2023131381284,2023,131381284,1,1,3,1,33,6,3,1,3,0,0,2,0,4,E01010878,3,1,0.0,1.0,-1,6,30,1,4,1,07:20,6,1,9
2023161272123,2023,161272123,2,1,1,2,52,8,3,0,0,0,0,0,1,2,E01013283,3,1,0.0,1.0,-1,6,30,1,1,1,13:14,5,2,1
2023991290535,2023,991290535,1,1,3,1,27,6,3,5,3,0,0,0,0,1,-1,3,1,0.0,1.0,-1,9,30,2,4,2,20:15,7,1,9
2023430309932,2023,430309932,2,1,1,1,22,5,3,0,0,0,0,0,1,1,E01028568,-1,0,0.134,0.866,-1,6,20,1,1,1,08:55,5,2,1
2023010432408,2023,010432408,1,1,1,1,38,7,3,0,0,0,0,0,9,2,E01003967,-1,0,0.0,1.0,-1,3,30,2,7,2,19:45,3,2,9
2023411282691,2023,411282691,2,1,1,2,21,5,3,0,0,0,0,0,9,5,E01003697,3,1,0.0,1.0,-1,3,70,1,4,1,23:09,4,2,9
2023610012423,2023,610012423,2,3,2,2,6,2,3,0,0,2,0,0,9,3,W01001546,-1,0,0.10713,0.89287,-1,6,60,2,1,2,17:42,6,3,9
2023010482911,2023,010482911,1,1,1,1,38,7,3,0,0,0,0,0,3,6,E01003386,-1,0,0.0,1.0,-1,6,20,1,4,2,19:30,6,2,3
2023361329702,2023,361329702,1,1,1,1,17,4,3,0,0,0,0,0,3,4,E01026787,3,1,0.0,1.0,-1,6,30,1,1,1,14:22,7,2,3
2023461277130,2023,461277130,1,1,3,2,10,2,3,5,1,0,0,0,0,-1,-1,3,1,0.0,1.0,-1,6,30,1,1,1,13:45,2,1,9
2023010426532,2023,010426532,2,1,1,1,33,6,2,0,0,0,0,0,3,1,E01004241,-1,0,1.0,0.0,-1,1,20,1,4,1,20:50,6,2,3
2023010463645,2023,010463645,1,1,1,1,31,6,3,0,0,0,0,0,3,5,E01021443,-1,0,0.0,1.0,-1,6,20,8,1,1,17:20,6,2,3
2023440313437,2023,440313437,1,1,1,1,82,11,2,0,0,0,0,0,5,7,E01023054,-1,0,1.0,0.0,-1,6,30,1,1,1,10:50,6,2,5
2023471332151,2023,471332151,1,1,1,1,-1,-1,3,0,0,0,0,0,1,6,E01031586,3,1,0.0,1.0,-1,6,30,1,1,1,17:30,3,2,1
2023430466714,2023,430466714,2,1,1,1,24,5,3,0,0,0,0,0,3,6,E01016332,-1,0,0.14461,0.85539,-1,6,30,1,1,1,08:20,3,2,3
2023461354227,2023,461354227,1,1,1,1,38,7,3,0,0,0,0,0,4,7,E01024801,3,1,0.0,1.0,-1,6,60,1,1,1,16:30,5,2,4
2023131290551,2023,131290551,1,2,2,1,24,5,2,0,0,1,0,0,9,1,E01033693,7,1,1.0,0.0,-1,6,30,2,4,2,04:20,1,1,9
2023421387162,2023,421387162,2,1,1,2,23,5,3,0,0,0,0,0,9,9,E01030431,3,1,0.0,1.0,-1,1,40,9,1,-1,14:30,3,2,9
2023451290119,2023,451290119,1,2,1,1,70,10,3,0,0,0,0,0,9,6,E01024084,3,1,0.0,1.0,-1,3,70,2,1,2,16:14,5,3,9
2023311390026,2023,311390026,1,3,2,1,8,2,3,0,0,2,0,0,9,6,E01027925,3,1,0.0,1.0,-1,6,30,1,1,2,08:30,3,2,9
2023430547675,2023,430547675,1,1,1,2,20,4,2,0,0,0,0,0,9,5,E01016580,-1,0,1.0,0.0,-1,6,60,1,6,2,15:43,4,2,9
2023471292632,2023,471292632,1,2,1,1,35,6,3,0,0,0,0,0,9,8,E01021209,3,1,0.0,1.0,-1,6,40,5,4,2,20:00,6,3,9
2023991365208,2023,991365208,1,3,1,2,63,9,3,0,0,0,0,0,9,-1,-1,3,1,0.0,1.0,-1,1,30,5,1,2,15:55,6,2,9
2023010466898,2023,010466898,1,2,2,2,71,10,3,0,0,2,0,0,9,-1,-1,-1,0,0.0,1.0,-1,6,30,9,1,9,14:33,1,2,9
2023320168048,2023,320168048,1,2,2,1,26,6,2,0,0,1,0,0,9,1,E01026126,-1,0,1.0,0.0,-1,6,60,1,6,2,20:00,1,1,9
2023501362185,2023,501362185,2,1,2,2,4,1,3,0,0,-1,0,0,9,4,E01018754,3,1,0.0,1.0,-1,6,30,1,1,2,08:23,5,2,9
2023221387861,2023,221387861,2,1,1,2,25,5,3,0,0,0,0,0,9,2,E01032202,3,1,0.0,1.0,-1,6,30,1,4,2,18:40,3,2,9
2023070988085,2023,070988085,1,3,1,1,50,8,3,0,0,0,0,0,9,8,E01006053,-1,0,0.06894,0.93106,-1,3,70,1,1,1,13:25,3,2,9
2023991383606,2023,991383606,1,2,2,1,21,5,3,0,0,1,0,0,9,5,-1,3,1,0.0,1.0,-1,6,30,1,4,2,15:45,4,2,9
2023461332431,2023,461332431,1,1,1,1,32,6,3,0,0,0,0,0,1,2,E01024391,3,1,0.0,1.0,-1,6,30,1,1,1,12:55,2,2,1
2023340WN4992,2023,340WN4992,1,1,3,2,9,2,3,8,7,0,0,0,0,3,E01027180,-1,0,0.13123,0.86877,-1,6,30,1,1,1,15:30,5,1,9
2023361342704,2023,361342704,1,1,3,2,3,1,3,10,9,0,0,0,0,4,E01026522,3,1,0.0,1.0,-1,6,30,9,1,1,16:15,3,1,9
2023991260508,2023,991260508,1,1,3,2,76,11,2,5,3,0,0,0,0,2,-1,5,1,1.0,0.0,-1,6,30,1,1,1,16:54,6,1,9
2023131362795,2023,131362795,1,1,3,1,13,3,3,10,7,0,0,1,0,6,E01011083,3,1,0.0,1.0,-1,6,30,1,7,2,19:30,6,1,9
2023471365715,2023,471365715,1,1,3,2,49,8,3,6,9,0,0,2,0,8,E01021106,3,1,0.0,1.0,-1,6,30,1,1,1,17:00,1,1,-1
2023451363098,2023,451363098,1,1,1,1,32,6,3,0,0,0,0,0,3,5,E01002635,3,1,0.0,1.0,-1,6,30,1,1,1,14:05,1,2,3
2023010442546,2023,010442546,1,1,1,2,40,7,3,0,0,0,0,0,9,9,E01004100,-1,0,0.0,1.0,-1,6,30,2,1,1,11:49,6,2,9
2023052300518,2023,052300518,2,1,1,1,31,6,3,0,0,0,0,0,9,7,E01007135,-1,0,0.02578,0.97422,-1,6,30,1,1,1,09:00,3,2,9
2023141280424,2023,141280424,1,1,2,1,61,9,3,0,0,1,0,0,9,1,E01007652,3,1,0.0,1.0,-1,6,40,1,1,2,13:48,7,2,9
2023010457311,2023,010457311,2,1,1,1,30,6,3,0,0,0,0,0,1,-1,-1,-1,0,0.0,1.0,-1,2,20,1,1,1,08:21,4,2,1
2023131342165,2023,131342165,2,1,1,2,47,8,3,0,0,0,0,0,1,3,E01032608,3,1,0.0,1.0,-1,6,20,1,1,1,06:40,3,2,1
2023351356102,2023,351356102,1,1,1,1,54,8,2,0,0,0,0,0,1,6,E01018186,5,1,1.0,0.0,-1,6,30,1,1,1,19:45,4,2,1
2023471316607,2023,471316607,1,1,1,1,15,3,3,0,0,0,0,0,1,5,E01031370,3,1,0.0,1.0,-1,6,30,1,4,1,22:13,5,2,1
2023010472250,2023,010472250,1,1,1,1,25,5,3,0,0,0,0,0,3,5,E01000620,-1,0,0.0,1.0,-1,6,20,2,4,2,19:40,6,2,3
2023010486494,2023,010486494,1,1,1,2,26,6,3,0,0,0,0,0,3,5,E01000996,-1,0,0.0,1.0,-1,9,30,1,1,1,09:50,6,2,3
2023311384400,2023,311384400,1,1,3,2,60,9,3,10,9,0,0,0,0,2,E01028334,3,1,0.0,1.0,-1,6,30,1,4,2,17:00,5,1,20
2023430271550,2023,430271550,1,1,3,1,2,1,3,5,1,0,0,0,0,5,E01028468,-1,0,0.14642,0.85358,-1,6,30,1,1,1,14:40,3,1,9
2023991295168,2023,991295168,1,1,3,2,2,1,3,5,3,0,0,0,0,1,-1,3,1,0.0,1.0,-1,6,30,1,4,1,20:30,1,1,9
2023340NN3512,2023,340NN3512,1,1,1,1,14,3,3,0,0,0,0,0,1,2,E01027128,-1,0,0.12814,0.87186,-1,6,30,1,4,1,19:00,3,2,1
2023010469426,2023,010469426,1,1,2,2,25,5,2,0,0,0,0,0,5,2,E01000603,-1,0,1.0,0.0,-1,3,40,1,4,1,01:00,2,1,5
2023010481979,2023,010481979,1,1,3,2,10,2,3,8,9,0,0,0,0,3,E01003609,-1,0,0.0,1.0,-1,6,30,9,7,2,14:50,2,1,9
2023531383315,2023,531383315,1,1,3,2,62,9,3,10,7,0,0,0,0,5,E01022358,3,1,0.0,1.0,-1,6,20,1,1,4,09:05,4,1,9
2023010480740,2023,010480740,1,1,3,2,71,10,2,4,9,0,0,0,0,2,E01002872,-1,0,1.0,0.0,-1,6,20,9,1,9,11:30,5,1,97
2023430097579,2023,430097579,1,1,3,2,40,7,3,8,5,0,0,0,0,10,E01017870,-1,0,0.10556,0.89444,-1,6,30,1,4,1,21:15,6,2,9
2023041290075,2023,041290075,1,1,3,2,71,10,2,5,1,0,0,0,0,2,E01024881,7,1,1.0,0.0,-1,6,30,1,4,2,17:58,4,1,9
2023052301857,2023,052301857,2,2,1,1,18,4,3,0,0,0,0,0,1,1,E01006677,-1,0,0.09828,0.90172,-1,6,30,1,4,2,20:45,1,2,1
2023401318958,2023,401318958,2,1,1,2,44,7,3,0,0,0,0,0,1,9,E01017389,3,1,0.0,1.0,-1,6,40,1,1,1,17:14,2,2,1
2023070147487,2023,070147487,1,1,3,1,30,6,3,5,1,0,0,0,0,2,E01012457,-1,0,0.18402,0.81598,-1,6,30,1,4,1,03:15,2,1,9
2023010486788,2023,010486788,1,1,3,2,57,9,3,5,3,0,0,0,0,3,E01001362,-1,0,0.0,1.0,-1,6,30,2,4,2,20:00,1,1,9
2023010434148,2023,010434148,1,1,1,1,43,7,3,0,0,0,0,0,3,3,E01000641,-1,0,0.0,1.0,-1,2,20,1,1,1,13:55,7,2,3
2023010422862,2023,010422862,2,1,1,1,41,7,2,0,0,0,0,0,9,4,E01000475,-1,0,1.0,0.0,-1,6,20,9,1,1,13:38,5,2,9
2023201339241,2023,201339241,2,1,2,1,10,2,2,0,0,1,0,0,9,1,E01010271,7,1,1.0,0.0,-1,6,30,1,1,1,17:58,4,2,9
2023320185385,2023,320185385,2,1,1,2,44,7,3,0,0,0,0,0,9,3,E01026325,-1,0,0.02259,0.97741,-1,6,30,1,1,1,09:45,2,2,9
2023010445835,2023,010445835,1,1,1,2,55,8,3,0,0,0,0,0,9,5,E01002229,-1,0,0.0,1.0,-1,6,20,8,1,1,14:18,2,2,9
2023201394899,2023,201394899,2,2,1,1,20,4,3,0,0,0,0,0,9,1,E01009371,3,1,0.0,1.0,-1,6,30,1,1,1,13:43,5,3,9
2023351372879,2023,351372879,1,1,1,1,88,11,3,0,0,0,0,0,9,9,E01018124,3,1,0.0,1.0,-1,6,40,1,1,1,14:14,2,4,9
2023461356347,2023,461356347,2,5,2,2,5,1,2,0,0,2,0,0,9,3,E01024696,7,1,1.0,0.0,-1,6,60,1,1,1,13:07,1,2,9
2023070301307,2023,070301307,1,1,2,1,19,4,1,0,0,1,0,0,9,6,E01028896,-1,0,0.0,0.0,-1,6,60,1,1,1,18:25,1,1,9
2023430045990,2023,430045990,2,1,1,1,28,6,3,0,0,0,0,0,9,3,E01016714,-1,0,0.02765,0.97235,-1,6,30,1,1,1,10:14,3,2,9
2023430334750,2023,430334750,2,2,1,1,39,7,2,0,0,0,0,0,9,10,E01028758,-1,0,1.0,0.0,-1,6,30,1,4,1,01:07,6,2,9
2023501280974,2023,501280974,2,2,1,2,51,8,3,0,0,0,0,0,9,5,E01018847,3,1,0.0,1.0,-1,6,40,1,1,1,16:14,6,2,9
2023052302134,2023,052302134,1,2,2,2,29,6,3,0,0,0,3,0,11,1,E01033228,-1,0,0.12125,0.87875,-1,3,30,1,1,1,16:25,2,1,11
2023061326202,2023,061326202,4,4,1,1,44,7,3,0,0,0,0,0,19,1,E01005253,3,1,0.0,1.0,-1,3,70,1,1,1,17:34,3,4,19
2023010474631,2023,010474631,2,1,1,2,43,7,3,0,0,0,0,0,9,7,E01000169,-1,0,0.0,1.0,-1,3,20,2,4,2,00:10,1,2,9
2023070590907,2023,070590907,2,1,1,2,61,9,3,0,0,0,0,0,9,2,E01018400,-1,0,0.067,0.933,-1,6,60,1,1,1,19:11,7,2,9
202360A084207,2023,60A084207,2,1,1,2,18,4,2,0,0,0,0,0,9,-1,-1,-1,0,1.0,0.0,-1,6,40,1,4,1,23:03,6,2,9
2023131332324,2023,131332324,2,3,1,1,45,7,3,0,0,0,0,0,9,1,E01010832,3,1,0.0,1.0,-1,3,40,2,4,2,00:38,1,3,9
2023161288677,2023,161288677,1,1,1,-1,40,7,3,0,0,0,0,0,9,-1,-1,3,1,0.0,1.0,-1,6,30,1,1,2,10:43,2,1,9
2023161388159,2023,161388159,1,1,2,2,58,9,3,0,0,1,0,0,9,1,E01012787,3,1,0.0,1.0,-1,6,30,2,1,2,07:35,4,2,9
2023430264294,2023,430264294,2,2,2,1,36,7,3,0,0,1,0,0,9,8,E01027288,-1,0,0.00527,0.99473,-1,6,60,1,1,1,19:02,5,2,9
2023501299011,2023,501299011,2,2,1,2,27,6,3,0,0,0,0,0,9,-1,-1,3,1,0.0,1.0,-1,6,30,1,1,1,14:02,3,2,9
2023421326561,2023,421326561,2,1,1,1,41,7,2,0,0,0,0,0,9,1,E01016083,7,1,1.0,0.0,-1,3,70,1,1,1,06:40,7,2,9
2023421331995,2023,421331995,2,1,1,2,20,4,3,0,0,0,0,0,9,7,E01021344,3,1,0.0,1.0,-1,1,50,1,1,1,17:47,6,2,9
2023461292402,2023,461292402,2,2,1,1,53,8,3,0,0,0,0,0,9,7,E01024554,3,1,0.0,1.0,-1,3,70,1,1,2,08:35,5,2,9
2023531287226,2023,531287226,2,3,2,1,73,10,2,0,0,1,0,0,9,5,E01022420,6,1,1.0,0.0,-1,6,60,1,1,1,14:20,1,2,9
2023071083480,2023,071083480,1,1,1,1,41,7,3,0,0,0,0,0,9,6,E01018331,-1,0,0.0206,0.9794,-1,2,30,1,1,1,12:21,4,2,9
2023430210269,2023,430210269,1,1,1,1,47,8,3,0,0,0,0,0,9,9,E01028511,-1,0,0.04142,0.95858,-1,6,30,1,1,1,10:40,1,2,9
2023430582579,2023,430582579,1,1,2,1,38,7,3,0,0,1,0,0,9,9,E01030757,-1,0,0.08204,0.91796,-1,1,30,1,6,1,02:45,1,1,9
2023440422460,2023,440422460,2,1,1,1,82,11,3,0,0,0,0,0,9,10,E01017063,-1,0,0.07558,0.92442,-1,6,40,1,1,1,14:47,1,2,9
2023101292944,2023,101292944,2,1,1,1,42,7,3,0,0,0,0,0,9,2,E01008428,3,1,0.0,1.0,-1,6,30,9,1,1,15:18,6,2,9
2023430126051,2023,430126051,2,1,1,2,27,6,3,0,0,0,0,0,9,5,E01027062,-1,0,0.01418,0.98582,-1,6,60,1,1,1,16:50,3,2,9
2023461275851,2023,461275851,1,1,1,2,31,6,2,0,0,0,0,0,9,-1,-1,6,1,1.0,0.0,-1,6,60,1,1,1,12:05,6,2,9
2023501266644,2023,501266644,1,1,1,1,74,10,3,0,0,0,0,0,9,-1,-1,3,1,0.0,1.0,-1,6,60,1,1,2,14:25,4,1,9
2023520400590,2023,520400590,2,2,1,2,19,4,3,0,0,0,0,0,9,1,E01029297,-1,0,0.01816,0.98184,-1,6,30,1,4,1,23:32,4,2,9
2023041275432,2023,041275432,1,1,3,1,64,9,2,5,1,0,0,2,0,8,E01025516,6,1,1.0,0.0,-1,6,30,1,4,1,06:30,6,1,19
2023122300889,2023,122300889,2,1,1,1,14,3,3,0,0,0,0,0,1,8,E01027611,-1,0,0.12112,0.87888,-1,6,30,1,1,1,16:15,3,2,1
2023010440921,2023,010440921,1,1,1,2,40,7,3,0,0,0,0,0,3,4,E01003482,-1,0,0.0,1.0,-1,6,20,1,1,1,09:35,4,2,3
2023440023874,2023,440023874,1,1,1,1,58,9,2,0,0,0,0,0,3,6,E01022351,-1,0,1.0,0.0,-1,6,60,1,7,4,16:12,4,1,3
2023010454657,2023,010454657,1,4,2,1,16,4,3,0,0,2,0,0,9,2,E01000056,-1,0,0.0,1.0,-1,3,40,1,1,1,19:22,3,2,9
2023531380679,2023,531380679,1,1,2,1,52,8,3,0,0,1,0,0,9,8,E01022255,3,1,0.0,1.0,-1,6,30,1,1,1,13:50,4,2,9
2023552300948,2023,552300948,2,1,1,2,20,4,3,0,0,0,0,0,9,4,E01017234,-1,0,0.00789,0.99211,-1,6,30,1,1,1,10:25,2,2,9
2023351298404,2023,351298404,2,1,1,1,55,8,2,0,0,0,0,0,4,9,E01033433,5,1,1.0,0.0,-1,1,50,1,1,1,16:25,4,2,4
2023041376839,2023,041376839,1,1,1,1,25,5,2,0,0,0,0,0,9,2,E01012579,7,1,1.0,0.0,-1,3,50,1,4,2,17:26,2,2,9
2023161330840,2023,161330840,2,1,1,2,39,7,3,0,0,0,0,0,9,-1,-1,3,1,0.0,1.0,-1,3,40,1,1,1,10:24,4,2,9
2023421326401,2023,421326401,1,1,1,-1,-1,-1,3,0,0,0,0,0,9,-1,-1,3,1,0.0,1.0,-1,6,60,1,6,1,01:23,5,1,9
2023991279502,2023,991279502,2,2,1,2,42,7,3,0,0,0,0,0,9,5,-1,3,1,0.0,1.0,-1,3,40,1,4,1,18:15,4,2,9
2023211289912,2023,211289912,1,1,1,2,37,7,3,0,0,0,0,0,9,4,E01029526,3,1,0.0,1.0,-1,6,60,1,1,1,08:05,5,2,9
2023421274016,2023,421274016,2,1,1,1,42,7,3,0,0,0,0,0,9,-1,-1,3,1,0.0,1.0,-1,6,60,7,6,4,04:30,3,2,9
2023430030975,2023,430030975,1,1,1,2,50,8,3,0,0,0,0,0,9,7,E01017800,-1,0,0.07474,0.92526,-1,6,30,8,1,4,08:02,7,1,9
2023451365414,2023,451365414,1,2,2,1,27,6,3,0,0,2,0,0,9,3,E01024352,3,1,0.0,1.0,-1,3,70,1,1,1,15:45,6,4,9
2023461326019,2023,461326019,1,1,1,2,33,6,3,0,0,0,0,0,9,3,E01024119,3,1,0.0,1.0,-1,6,30,1,1,1,09:55,6,2,9
2023461381485,2023,461381485,2,2,2,1,40,7,3,0,0,1,0,0,9,3,E01024497,3,1,0.0,1.0,-1,6,30,2,4,2,21:05,7,2,9
2023501377048,2023,501377048,1,1,1,1,29,6,3,0,0,0,0,0,9,5,E01015202,3,1,0.0,1.0,-1,6,60,1,7,1,22:13,5,1,9
2023991269800,2023,991269800,1,2,2,2,70,10,3,0,0,1,0,0,9,4,-1,3,1,0.0,1.0,-1,6,60,1,1,1,10:50,2,2,9
2023061363978,2023,061363978,3,14,2,2,83,11,3,0,0,0,4,0,11,6,E01024915,3,1,0.0,1.0,-1,6,30,1,1,1,13:20,3,3,11
2023361311917,2023,361311917,1,1,3,1,4,1,3,5,1,0,0,2,0,4,E01027960,3,1,0.0,1.0,-1,6,20,1,1,1,19:00,6,1,9
2023461363178,2023,461363178,1,1,3,1,12,3,3,5,9,0,0,0,0,6,E01024021,3,1,0.0,1.0,-1,3,30,1,4,1,18:37,6,1,9
2023631393327,2023,631393327,1,1,3,2,70,10,3,5,3,0,0,2,0,1,W01000601,3,1,0.0,1.0,-1,6,20,5,1,2,13:45,1,1,9
2023201372720,2023,201372720,2,5,2,2,71,10,3,0,0,0,4,0,11,5,E01009939,3,1,0.0,1.0,-1,6,30,1,1,1,17:27,4,2,11
2023010474982,2023,010474982,1,1,1,1,41,7,3,0,0,0,0,0,19,5,E01002456,-1,0,0.0,1.0,-1,3,50,2,1,2,09:15,5,2,19
2023201279061,2023,201279061,1,1,1,1,20,4,3,0,0,0,0,0,9,1,E01022291,3,1,0.0,1.0,-1,6,30,1,1,1,13:28,3,1,9
2023622300378,2023,622300378,1,5,2,2,9,2,3,0,0,2,0,0,9,1,W01001788,-1,0,0.01821,0.98179,-1,3,30,1,1,1,14:34,7,2,9