collision_index,collision_year,collision_ref_no,vehicle_reference,casualty_reference,casualty_class,sex_of_casualty,age_of_casualty,age_band_of_casualty,casualty_severity,pedestrian_location,pedestrian_movement,car_passenger,bus_or_coach_passenger,pedestrian_road_maintenance_worker,casualty_type,casualty_imd_decile,lsoa_of_casualty,enhanced_casualty_severity,casualty_injury_based,casualty_adjusted_severity_serious,casualty_adjusted_severity_slight,casualty_distance_banding,road_type,speed_limit,weather_conditions,light_conditions,road_surface_conditions,time,day_of_week,number_of_vehicles,vehicle_type
2023010486641,2023,010486641,1,2,3,2,79,11,3,5,3,0,0,0,0,2,E01001128,-1,0,0.0,1.0,-1,6,20,2,4,2,18:38,7,1,9
2023371350024,2023,371350024,3,1,1,2,11,3,3,0,0,0,0,0,1,6,E01030005,3,1,0.0,1.0,-1,6,30,1,1,1,13:19,5,3,1
2023991393160,2023,991393160,1,1,3,2,37,7,3,5,1,0,0,0,0,1,-1,3,1,0.0,1.0,-1,6,20,1,4,1,16:30,6,1,9
2023010425794,2023,010425794,1,1,1,1,-1,-1,3,0,0,0,0,0,1,4,E01003530,-1,0,0.0,1.0,-1,9,30,9,4,9,23:30,7,2,1
2023061339745,2023,061339745,1,1,2,2,3,1,2,0,0,2,0,0,9,4,E01005084,7,1,1.0,0.0,-1,6,30,8,1,1,16:24,3,2,9
2023501337299,2023,501337299,1,1,1,1,44,7,3,0,0,0,0,0,9,5,E01018847,3,1,0.0,1.0,-1,6,60,1,1,2,08:30,1,2,9
2023520301644,2023,520301644,1,1,1,2,78,11,3,0,0,0,0,0,9,3,E01020078,-1,0,0.04395,0.95605,-1,6,30,1,1,1,11:10,7,2,9
2023010458510,2023,010458510,2,1,1,1,28,6,3,0,0,0,0,0,1,5,E01002667,-1,0,0.0,1.0,-1,6,30,2,1,2,10:30,4,2,1
2023201298242,2023,201298242,2,1,1,1,38,7,3,0,0,0,0,0,1,3,E01009184,3,1,0.0,1.0,-1,1,30,1,1,1,16:59,2,2,1
2023421341576,2023,421341576,1,1,1,1,53,8,3,0,0,0,0,0,9,3,E01021312,3,1,0.0,1.0,-1,3,50,1,1,1,11:46,6,4,9
2023631349011,2023,631349011,2,1,1,2,44,7,3,0,0,0,0,0,9,5,W01000677,3,1,0.0,1.0,-1,6,40,1,1,1,09:40,3,2,9
2023010432527,2023,010432527,2,3,2,1,-1,-1,3,0,0,2,0,0,9,2,E01000013,-1,0,0.0,1.0,-1,9,30,8,4,1,18:30,3,2,9
2023170S12303,2023,170S12303,1,2,2,2,20,4,3,0,0,1,0,0,9,2,E01012274,-1,0,0.01767,0.98233,-1,3,40,1,4,1,18:25,7,2,9
2023531368203,2023,531368203,2,2,1,1,53,8,3,0,0,0,0,0,9,9,E01022185,3,1,0.0,1.0,-1,6,60,1,1,2,09:55,1,2,9
2023141375048,2023,141375048,2,2,1,1,61,9,3,0,0,0,0,0,19,7,E01007700,3,1,0.0,1.0,-1,6,30,1,1,1,13:15,4,2,19
2023991325900,2023,991325900,1,1,1,1,54,8,2,0,0,0,0,0,19,7,-1,7,1,1.0,0.0,-1,6,60,2,1,2,13:19,3,2,19
2023041311998,2023,041311998,2,1,1,2,56,9,3,0,0,0,0,0,9,4,E01012607,3,1,0.0,1.0,-1,6,30,1,1,1,19:27,3,3,9
2023451267111,2023,451267111,1,1,1,1,24,5,3,0,0,0,0,0,9,7,E01030420,3,1,0.0,1.0,-1,3,70,1,7,2,23:11,2,2,9
2023141375994,2023,141375994,1,1,1,1,24,5,2,0,0,0,0,0,9,5,E01007644,7,1,1.0,0.0,-1,3,30,8,1,2,08:35,7,2,9
2023161392712,2023,161392712,1,1,1,1,24,5,3,0,0,0,0,0,9,3,E01012759,3,1,0.0,1.0,-1,6,20,1,1,1,10:15,7,2,9
2023451363125,2023,451363125,1,1,1,1,48,8,3,0,0,0,0,0,9,3,E01002610,3,1,0.0,1.0,-1,3,70,1,4,1,19:50,7,2,9
2023501291441,2023,501291441,1,1,1,1,74,10,3,0,0,0,0,0,9,10,E01020336,3,1,0.0,1.0,-1,6,60,1,1,1,16:46,1,2,9
2023201375054,2023,201375054,2,1,1,1,31,6,3,0,0,0,0,0,9,3,E01009544,3,1,0.0,1.0,-1,3,40,1,1,1,17:45,3,2,9
2023201383284,2023,201383284,2,1,2,1,39,7,3,0,0,-1,0,0,9,1,E01009020,3,1,0.0,1.0,-1,6,30,1,1,1,16:20,2,2,9
2023302300727,2023,302300727,1,1,1,2,65,9,3,0,0,0,0,0,9,-1,-1,-1,0,0.05351,0.94649,-1,6,30,9,1,1,17:30,3,1,9
2023440017578,2023,440017578,1,1,1,1,38,7,3,0,0,0,0,0,9,6,E01030563,-1,0,0.13294,0.86706,-1,3,70,5,6,2,02:19,7,1,9
2023421326739,2023,421326739,1,2,2,1,20,4,2,0,0,1,0,0,9,2,E01000072,7,1,1.0,0.0,-1,3,70,1,1,1,18:45,5,2,9
2023430480606,2023,430480606,1,1,1,1,43,7,3,0,0,0,0,0,9,7,E01016220,-1,0,0.01812,0.98188,-1,3,70,1,4,1,18:44,4,2,9
2023461303580,2023,461303580,2,2,1,2,19,4,3,0,0,0,0,0,9,6,E01023986,3,1,0.0,1.0,-1,3,40,1,1,1,18:32,2,2,9
2023461309244,2023,461309244,1,1,1,1,75,10,3,0,0,0,0,0,9,4,E01024293,3,1,0.0,1.0,-1,3,70,1,1,1,13:33,7,2,9
2023471307223,2023,471307223,2,1,2,2,21,5,2,0,0,2,0,0,9,6,E01021186,5,1,1.0,0.0,-1,6,40,1,1,1,19:58,1,2,9
2023010463264,2023,010463264,1,1,1,1,53,8,3,0,0,0,0,0,5,2,E01004242,-1,0,0.0,1.0,-1,6,20,1,4,1,22:30,4,2,5
2023111287603,2023,111287603,2,1,1,2,29,6,3,0,0,0,0,0,9,5,E01020663,3,1,0.0,1.0,-1,6,30,1,4,1,18:10,5,2,9
2023320384382,2023,320384382,1,1,1,1,27,6,2,0,0,0,0,0,9,6,E01019557,-1,0,1.0,0.0,-1,6,60,1,1,1,20:40,5,1,9
2023631434790,2023,631434790,1,1,1,2,17,4,3,0,0,0,0,0,9,9,W01000441,3,1,0.0,1.0,-1,6,60,1,1,2,15:15,3,1,9
2023991335556,2023,991335556,1,2,2,1,72,10,3,0,0,1,0,0,9,9,-1,3,1,0.0,1.0,-1,6,60,1,1,2,15:19,5,2,9
2023010432146,2023,010432146,1,1,1,2,79,11,3,0,0,0,0,0,9,7,E01002272,-1,0,0.0,1.0,-1,6,30,1,1,1,11:16,3,2,9
2023201278772,2023,201278772,2,1,2,2,-1,-1,3,0,0,1,0,0,9,-1,-1,3,1,0.0,1.0,-1,6,30,3,1,4,10:21,4,2,9
2023311328045,2023,311328045,2,1,1,2,37,7,3,0,0,0,0,0,9,5,E01028369,3,1,0.0,1.0,-1,1,70,1,1,2,07:05,3,2,9
2023361342156,2023,361342156,1,2,2,1,2,1,3,0,0,2,0,0,9,6,E01026642,3,1,0.0,1.0,-1,6,50,1,1,2,11:50,1,5,9
2023401306107,2023,401306107,1,1,2,1,21,5,2,0,0,2,0,0,9,3,E01015761,5,1,1.0,0.0,-1,1,40,1,4,1,02:30,7,1,9
2023430319153,2023,430319153,1,1,3,1,27,6,2,1,3,0,0,0,0,7,E01016355,-1,0,1.0,0.0,-1,3,30,1,4,1,17:45,3,1,9
2023052301726,2023,052301726,2,1,1,2,42,7,3,0,0,0,0,0,9,5,E01006687,-1,0,0.01393,0.98607,-1,3,30,1,1,1,18:30,4,2,9
2023471386908,2023,471386908,2,2,2,1,56,9,3,0,0,1,0,0,9,5,E01016991,3,1,0.0,1.0,-1,6,20,1,4,1,16:45,7,2,9
2023547474823,2023,547474823,1,2,2,2,30,6,3,0,0,2,0,0,9,4,E01032104,-1,0,0.09785,0.90215,-1,6,60,1,1,2,19:30,1,1,9
2023461314022,2023,461314022,1,1,1,1,37,7,3,0,0,0,0,0,19,6,E01024034,3,1,0.0,1.0,-1,3,70,1,6,1,22:40,4,3,19
2023010436392,2023,010436392,1,1,3,2,28,6,3,5,9,0,0,0,0,4,E01003690,-1,0,0.0,1.0,-1,2,30,1,4,1,21:00,6,1,9
2023201328603,2023,201328603,1,1,3,1,11,3,3,10,9,0,0,2,0,1,E01009132,3,1,0.0,1.0,-1,6,30,1,1,1,15:20,6,1,-1
2023440080984,2023,440080984,1,1,3,1,14,3,3,5,4,0,0,0,0,4,E01017277,-1,0,0.16638,0.83362,-1,6,30,1,1,1,15:15,2,1,9
2023052302526,2023,052302526,2,1,2,1,79,11,3,0,0,2,0,0,8,1,E01006678,-1,0,0.08957,0.91043,-1,6,30,1,1,1,16:40,1,2,8
2023421317718,2023,421317718,2,2,2,2,20,4,3,0,0,1,0,0,9,-1,-1,3,1,0.0,1.0,-1,3,70,1,1,1,19:58,1,2,9
2023531285513,2023,531285513,1,1,1,1,76,11,2,0,0,0,0,0,9,8,E01031885,5,1,1.0,0.0,-1,6,60,1,1,1,16:13,6,2,9
2023461412314,2023,461412314,1,1,1,1,62,9,3,0,0,0,0,0,19,6,E01024285,3,1,0.0,1.0,-1,6,30,1,1,1,04:48,3,1,19
2023131318004,2023,131318004,1,1,2,1,39,7,2,0,0,2,0,0,9,-1,-1,7,1,1.0,0.0,-1,6,60,1,1,1,10:17,3,2,9
2023320038233,2023,320038233,1,1,1,1,24,5,3,0,0,0,0,0,9,2,E01026111,-1,0,0.05161,0.94839,-1,6,30,1,1,1,14:45,5,2,9
2023320080513,2023,320080513,1,2,2,1,59,9,2,0,0,1,0,0,9,5,E01026232,-1,0,1.0,0.0,-1,3,70,1,6,1,00:03,4,1,9
2023991304914,2023,991304914,1,1,1,2,17,4,2,0,0,0,0,0,9,8,-1,6,1,1.0,0.0,-1,6,60,1,1,1,17:10,1,3,9
2023302300376,2023,302300376,1,1,1,1,53,8,3,0,0,0,0,0,1,7,E01019626,-1,0,0.1276,0.8724,-1,1,20,1,4,1,17:55,6,2,1
2023141334556,2023,141334556,1,1,3,1,22,5,2,10,9,0,0,0,0,6,E01007404,7,1,1.0,0.0,-1,6,30,2,4,2,22:30,6,1,9
2023545440423,2023,545440423,1,1,3,1,15,3,3,4,3,0,0,0,0,7,E01032003,-1,0,0.08895,0.91105,-1,6,30,1,1,1,15:37,4,1,9
2023481368801,2023,481368801,1,1,1,1,55,8,2,0,0,0,0,0,1,-1,-1,7,1,1.0,0.0,-1,6,20,1,1,1,20:50,5,2,1
2023401394653,2023,401394653,1,1,1,2,32,6,3,0,0,0,0,0,5,10,E01018118,3,1,0.0,1.0,-1,6,60,1,1,1,13:30,1,2,5
2023540923823,2023,540923823,2,2,2,1,84,11,3,0,0,0,0,0,19,7,E01032000,-1,0,0.06718,0.93282,-1,3,60,1,1,1,17:43,5,3,19
2023010472488,2023,010472488,2,1,1,1,24,5,3,0,0,0,0,0,3,-1,-1,-1,0,0.0,1.0,-1,6,20,1,1,1,12:53,3,2,3
2023451340951,2023,451340951,1,1,1,1,22,5,2,0,0,0,0,0,3,4,E01030383,5,1,1.0,0.0,-1,6,30,1,1,1,19:44,6,2,3
2023010426687,2023,010426687,2,1,1,2,46,8,3,0,0,0,0,0,9,2,E01000600,-1,0,0.0,1.0,-1,3,20,1,4,1,20:21,7,2,9
2023131368324,2023,131368324,1,1,1,1,37,7,3,0,0,0,0,0,9,10,E01027700,3,1,0.0,1.0,-1,6,30,1,4,1,04:00,2,2,9
2023451370937,2023,451370937,2,5,2,2,54,8,3,0,0,1,0,0,9,7,E01023125,3,1,0.0,1.0,-1,6,40,1,1,1,13:51,1,2,9
2023031351335,2023,031351335,1,1,3,2,8,2,3,10,9,0,0,-1,0,-1,-1,3,1,0.0,1.0,-1,9,20,1,1,-1,14:49,6,1,9
2023010445218,2023,010445218,2,1,1,2,36,7,3,0,0,0,0,0,1,4,E01003937,-1,0,0.0,1.0,-1,3,20,1,1,1,11:50,6,2,1
2023161298291,2023,161298291,1,1,1,1,17,4,3,0,0,0,0,0,1,2,E01012775,3,1,0.0,1.0,-1,3,40,1,1,1,17:40,2,2,1
2023101323357,2023,101323357,2,1,1,1,25,5,3,0,0,0,0,0,9,3,E01008379,3,1,0.0,1.0,-1,6,30,1,6,1,23:29,7,2,9
2023471264086,2023,471264086,1,1,1,2,23,5,2,0,0,0,0,0,9,7,E01021236,7,1,1.0,0.0,-1,3,60,1,6,2,00:50,3,3,9
2023631372684,2023,631372684,1,1,1,2,39,7,3,0,0,0,0,0,9,5,W01000696,3,1,0.0,1.0,-1,6,50,2,1,2,07:55,4,2,9
2023991316069,2023,991316069,1,2,2,2,65,9,3,0,0,2,0,0,9,4,E01016716,3,1,0.0,1.0,-1,6,60,1,1,1,14:45,4,2,9
2023010454716,2023,010454716,1,1,1,1,33,6,3,0,0,0,0,0,3,6,E01002544,-1,0,0.0,1.0,-1,6,30,1,1,1,07:55,4,2,3
2023010473862,2023,010473862,1,1,1,1,33,6,3,0,0,0,0,0,3,3,E01003736,-1,0,0.0,1.0,-1,6,30,2,5,2,20:15,7,2,3
2023010452847,2023,010452847,1,1,2,2,28,6,3,0,0,1,0,0,9,4,E01003020,-1,0,0.0,1.0,-1,3,20,1,4,1,21:30,1,2,9
2023991365753,2023,991365753,1,2,1,1,32,6,3,0,0,0,0,0,9,9,-1,3,1,0.0,1.0,-1,7,50,1,1,1,08:30,3,3,9
2023522300484,2023,522300484,1,1,1,2,38,7,3,0,0,0,0,0,3,1,E01014654,-1,0,0.01801,0.98199,-1,1,30,1,1,2,15:50,4,2,3
2023471351838,2023,471351838,1,1,1,1,40,7,2,0,0,0,0,0,5,3,E01020941,7,1,1.0,0.0,-1,6,60,1,1,1,17:20,3,2,5
2023320187231,2023,320187231,1,1,3,1,36,7,3,8,1,0,0,0,0,2,E01026037,-1,0,0.09113,0.90887,-1,6,30,2,1,2,13:15,4,1,9
2023430434397,2023,430434397,1,1,1,1,30,6,3,0,0,0,0,0,1,7,E01017645,-1,0,0.19167,0.80833,-1,6,60,1,1,1,17:30,4,2,1
2023440344726,2023,440344726,2,1,1,1,47,8,3,0,0,0,0,0,1,10,E01023005,-1,0,0.18031,0.81969,-1,6,30,1,1,1,17:00,6,2,1
2023010474578,2023,010474578,1,1,2,2,59,9,3,0,0,2,0,0,9,1,E01002091,-1,0,0.0,1.0,-1,6,20,1,1,1,13:18,7,2,9
2023201304271,2023,201304271,1,1,1,2,23,5,3,0,0,0,0,0,9,2,E01009596,3,1,0.0,1.0,-1,6,30,1,4,1,20:58,2,2,9
2023501265141,2023,501265141,1,1,3,1,27,6,3,5,1,0,0,0,0,4,E01015265,3,1,0.0,1.0,-1,6,30,1,4,2,19:40,3,1,9
2023052300461,2023,052300461,1,1,1,1,36,7,3,0,0,0,0,0,5,1,E01006361,-1,0,0.23683,0.76317,-1,6,40,1,1,2,07:10,6,1,5
2023631371331,2023,631371331,1,3,2,1,53,8,3,0,0,1,0,0,9,3,E01005278,3,1,0.0,1.0,-1,6,60,2,1,2,15:50,2,2,9
2023010466817,2023,010466817,3,3,2,2,12,3,3,0,0,0,4,0,11,5,E01003435,-1,0,0.0,1.0,-1,3,20,1,1,1,15:37,2,3,11
2023501298584,2023,501298584,2,1,2,2,62,9,3,0,0,0,0,0,19,3,E01018809,3,1,0.0,1.0,-1,6,20,1,1,1,14:25,4,2,19
2023361266111,2023,361266111,1,1,3,1,61,9,3,8,3,0,0,0,0,6,E01026529,3,1,0.0,1.0,-1,6,30,2,1,2,15:30,6,1,9
2023010430997,2023,010430997,1,1,3,2,19,4,3,1,3,0,0,0,0,6,E01003936,-1,0,0.0,1.0,-1,6,20,3,1,3,11:47,4,1,19
2023010440993,2023,010440993,3,1,3,1,30,6,3,6,9,0,0,0,0,2,E01003619,-1,0,0.0,1.0,-1,6,20,1,1,1,16:40,2,3,4
2023541111123,2023,541111123,1,1,3,1,18,4,3,10,9,0,0,0,0,-1,-1,-1,0,0.05655,0.94345,-1,6,20,1,4,1,18:50,3,1,9
2023010456084,2023,010456084,1,1,1,1,32,6,3,0,0,0,0,0,1,7,E01003206,-1,0,0.0,1.0,-1,2,20,4,1,1,18:50,7,2,1
2023361271382,2023,361271382,2,1,1,1,86,11,2,0,0,0,0,0,1,2,E01026425,5,1,1.0,0.0,-1,6,30,1,1,1,08:30,3,2,1
2023471305850,2023,471305850,2,1,1,1,18,4,2,0,0,0,0,0,2,4,E01016925,7,1,1.0,0.0,-1,3,30,1,1,1,08:45,4,2,2
2023010435086,2023,010435086,2,1,1,1,14,3,3,0,0,0,0,0,3,2,E01003175,-1,0,0.0,1.0,-1,6,30,2,4,2,22:04,5,3,3
2023221330638,2023,221330638,2,2,2,2,64,9,3,0,0,1,0,0,9,1,E01014142,3,1,0.0,1.0,-1,6,60,2,1,2,15:12,3,2,9
2023070291808,2023,070291808,1,1,1,1,55,8,2,0,0,0,0,0,19,7,E01025755,-1,0,1.0,0.0,-1,6,60,1,1,1,14:20,5,2,19
2023010453556,2023,010453556,2,1,1,1,22,5,3,0,0,0,0,0,1,-1,-1,-1,0,0.0,1.0,-1,6,20,1,1,1,08:34,5,2,1
2023161350972,2023,161350972,2,1,1,1,14,3,3,0,0,0,0,0,1,1,E01012798,3,1,0.0,1.0,-1,6,30,1,1,1,15:20,5,2,1
2023010437387,2023,010437387,2,1,1,1,40,7,3,0,0,0,0,0,9,1,E01002905,-1,0,0.0,1.0,-1,1,30,2,1,2,14:55,6,2,9
2023201297634,2023,201297634,2,1,1,1,27,6,3,0,0,0,0,0,9,4,E01009226,3,1,0.0,1.0,-1,6,30,1,4,1,18:50,3,2,9
2023320369506,2023,320369506,2,1,1,1,70,10,1,0,0,0,0,0,9,7,E01026098,-1,0,0.0,0.0,-1,6,60,1,1,1,14:40,6,2,9
2023340NN0482,2023,340NN0482,2,1,1,2,19,4,3,0,0,0,0,0,9,8,E01027055,-1,0,0.01022,0.98978,-1,6,30,1,4,1,16:50,4,2,9
2023440517043,2023,440517043,1,1,2,1,8,2,3,0,0,1,0,0,9,10,E01022882,-1,0,0.02231,0.97769,-1,6,30,1,1,2,11:10,3,2,9
2023461386611,2023,461386611,1,1,1,2,18,4,3,0,0,0,0,0,9,8,E01024414,3,1,0.0,1.0,-1,6,60,1,1,2,13:42,6,3,9
2023546153223,2023,546153223,1,1,1,2,18,4,3,0,0,0,0,0,9,3,E01031963,-1,0,0.08924,0.91076,-1,6,50,1,1,1,17:06,2,1,9
2023361260793,2023,361260793,2,1,1,1,32,6,3,0,0,0,0,0,1,1,E01026704,3,1,0.0,1.0,-1,6,30,9,1,-1,13:22,4,2,1
2023552400092,2023,552400092,2,1,1,1,48,8,2,0,0,0,0,0,-1,6,E01015373,-1,0,1.0,0.0,-1,6,30,1,1,1,08:54,2,2,-1
2023101338133,2023,101338133,1,1,1,1,58,9,3,0,0,0,0,0,9,3,E01008241,3,1,0.0,1.0,-1,6,30,2,1,2,08:52,6,2,9
2023430029871,2023,430029871,1,1,3,2,70,10,3,5,4,0,0,0,0,-1,-1,-1,0,0.17465,0.82535,-1,6,30,1,1,1,14:27,6,1,9
2023461274243,2023,461274243,1,1,1,1,12,3,3,0,0,0,0,0,1,6,E01024357,3,1,0.0,1.0,-1,6,30,1,1,1,08:12,3,2,1
2023122300832,2023,122300832,1,1,1,1,25,5,3,0,0,0,0,0,9,5,E01027789,-1,0,0.07217,0.92783,-1,6,60,1,1,1,19:00,3,2,9
2023201363426,2023,201363426,1,2,2,1,4,1,3,0,0,2,0,0,9,-1,-1,3,1,0.0,1.0,-1,6,30,1,1,1,21:30,6,2,9
2023421264579,2023,421264579,1,1,1,2,22,5,3,0,0,0,0,0,9,6,E01021796,3,1,0.0,1.0,-1,6,40,1,1,4,10:42,3,2,9
2023451295637,2023,451295637,2,1,1,2,73,10,3,0,0,0,0,0,9,1,E01022967,3,1,0.0,1.0,-1,3,70,2,1,2,13:00,3,2,9
2023501294188,2023,501294188,2,2,2,2,2,1,3,0,0,-1,0,0,9,1,E01020015,3,1,0.0,1.0,-1,6,30,1,1,2,11:30,7,2,9
2023122300511,2023,122300511,1,1,3,2,33,6,2,9,7,0,0,0,0,9,E01027747,-1,0,1.0,0.0,-1,6,60,1,1,1,13:16,1,1,9
2023010473705,2023,010473705,1,1,1,2,28,6,3,0,0,0,0,0,1,5,E01004466,-1,0,0.0,1.0,-1,6,20,2,4,2,06:15,3,2,1
2023991340372,2023,991340372,1,1,1,1,18,4,3,0,0,0,0,0,1,-1,-1,3,1,0.0,1.0,-1,6,20,1,1,1,17:00,2,2,1
2023430526565,2023,430526565,4,2,1,1,35,6,2,0,0,0,0,0,9,10,E01017885,-1,0,1.0,0.0,-1,6,50,1,6,1,06:36,5,5,9
2023451278020,2023,451278020,1,4,2,1,19,4,2,0,0,2,0,0,9,4,E01003441,7,1,1.0,0.0,-1,3,70,1,1,2,08:19,1,1,9
2023501341652,2023,501341652,1,1,1,1,17,4,3,0,0,0,0,0,3,6,E01020237,3,1,0.0,1.0,-1,7,70,1,1,1,18:03,2,2,3
2023010476896,2023,010476896,1,1,3,2,27,6,3,1,1,0,0,0,0,2,E01004284,-1,0,0.0,1.0,-1,6,30,1,4,9,18:30,4,1,9
2023361342852,2023,361342852,1,1,3,1,62,9,2,9,9,0,0,0,0,-1,-1,7,1,1.0,0.0,-1,6,30,1,1,1,17:00,5,1,11
2023141379632,2023,141379632,2,2,1,2,76,11,2,0,0,0,0,0,9,4,E01007557,7,1,1.0,0.0,-1,6,60,2,6,2,17:00,2,2,9
2023531365466,2023,531365466,1,4,2,2,17,4,3,0,0,2,0,0,9,3,E01022284,3,1,0.0,1.0,-1,6,30,1,4,1,19:21,1,2,9
2023411356156,2023,411356156,1,1,1,1,39,7,3,0,0,0,0,0,19,5,E01015746,3,1,0.0,1.0,-1,3,70,1,4,1,22:36,6,2,19
2023430034165,2023,430034165,2,1,1,2,24,5,3,0,0,0,0,0,-1,2,E01028517,-1,0,0.091,0.909,-1,6,30,1,1,1,16:37,2,2,-1
2023070354287,2023,070354287,1,1,1,1,87,11,3,0,0,0,0,0,9,10,E01018406,-1,0,0.15602,0.84398,-1,6,60,1,1,1,10:50,5,2,9
2023320390251,2023,320390251,1,1,1,1,49,8,3,0,0,0,0,0,9,1,E01026048,-1,0,0.073,0.927,-1,6,30,1,1,1,11:00,1,1,9
2023501259203,2023,501259203,2,3,2,2,12,3,3,0,0,0,0,0,19,10,E01020194,3,1,0.0,1.0,-1,6,60,4,1,2,13:21,2,2,19
2023631370819,2023,631370819,1,1,1,1,19,4,3,0,0,0,0,0,9,4,W01000022,3,1,0.0,1.0,-1,6,60,2,1,2,16:30,5,1,9
2023201410862,2023,201410862,1,2,1,-1,30,6,3,0,0,0,0,0,9,-1,-1,3,1,0.0,1.0,-1,6,30,1,1,1,18:00,7,2,9
2023041370393,2023,041370393,1,1,2,2,31,6,3,0,0,2,0,0,9,-1,-1,3,1,0.0,1.0,-1,3,30,1,1,1,07:51,6,2,9
2023421269451,2023,421269451,1,1,1,1,61,9,2,0,0,0,0,0,9,5,E01021901,6,1,1.0,0.0,-1,6,60,1,1,1,15:20,1,1,9
2023440508623,2023,440508623,1,1,1,2,84,11,2,0,0,0,0,0,22,4,E01017211,-1,0,1.0,0.0,-1,6,30,1,1,1,15:07,4,1,22
2023010451759,2023,010451759,1,1,1,2,40,7,3,0,0,0,0,0,9,6,E01003429,-1,0,0.0,1.0,-1,2,20,1,1,1,04:55,2,2,9
2023041335197,2023,041335197,2,1,1,1,51,8,3,0,0,0,0,0,9,10,E01025007,3,1,0.0,1.0,-1,3,50,1,4,1,22:05,5,2,9
2023101333102,2023,101333102,1,1,1,1,82,11,3,0,0,0,0,0,9,5,E01027436,3,1,0.0,1.0,-1,6,30,1,1,1,16:50,2,2,9
2023440030175,2023,440030175,1,1,2,2,74,10,3,0,0,1,0,0,9,-1,-1,-1,0,0.0421,0.9579,-1,6,60,1,1,4,13:02,2,2,9
2023401273411,2023,401273411,1,1,2,2,-1,-1,3,0,0,-1,0,0,9,-1,-1,3,1,0.0,1.0,-1,6,30,1,4,2,22:41,1,1,9
2023031379021,2023,031379021,1,1,3,1,77,11,3,8,3,0,0,0,0,4,E01019283,3,1,0.0,1.0,-1,6,20,1,6,1,07:25,1,1,9
2023131304400,2023,131304400,2,1,1,1,18,4,2,0,0,0,0,0,1,1,E01010817,7,1,1.0,0.0,-1,3,30,1,1,1,14:00,3,2,1
2023010457724,2023,010457724,2,1,1,1,27,6,3,0,0,0,0,0,3,5,E01001659,-1,0,0.0,1.0,-1,3,20,1,1,1,15:03,6,2,3
2023440384804,2023,440384804,2,1,1,2,25,5,3,0,0,0,0,0,9,6,E01031477,-1,0,0.05769,0.94231,-1,6,30,5,4,2,19:10,4,2,9
2023631316089,2023,631316089,1,1,2,2,9,2,3,0,0,1,0,0,9,4,W01000516,3,1,0.0,1.0,-1,6,60,1,1,1,21:00,4,1,9
2023010451332,2023,010451332,3,1,1,1,33,6,3,0,0,0,0,0,1,3,E01001858,-1,0,0.0,1.0,-1,6,20,1,1,1,11:30,1,3,1
2023010481236,2023,010481236,2,1,1,1,23,5,3,0,0,0,0,0,3,-1,-1,-1,0,0.0,1.0,-1,3,20,1,4,1,20:00,5,2,3
2023131327130,2023,131327130,1,1,1,1,27,6,3,0,0,0,0,0,9,5,E01011391,3,1,0.0,1.0,-1,6,30,1,1,1,20:14,6,1,9
2023371337437,2023,371337437,2,1,1,2,32,6,3,0,0,0,0,0,9,8,E01030121,3,1,0.0,1.0,-1,3,70,1,1,1,16:30,5,2,9
2023461279442,2023,461279442,1,1,1,1,39,7,3,0,0,0,0,0,9,9,E01000713,3,1,0.0,1.0,-1,3,70,1,7,1,06:10,6,2,9
2023451378239,2023,451378239,2,1,1,1,73,10,3,0,0,0,0,0,1,6,E01002609,3,1,0.0,1.0,-1,6,30,1,1,1,12:45,5,2,1
2023991341084,2023,991341084,1,2,1,1,36,7,3,0,0,0,0,0,1,-1,-1,3,1,0.0,1.0,-1,6,30,8,1,1,17:05,7,1,1
2023010462006,2023,010462006,1,1,1,1,20,4,3,0,0,0,0,0,3,8,E01031491,-1,0,0.0,1.0,-1,2,30,1,1,2,16:39,3,2,3
2023351400281,2023,351400281,2,1,1,1,51,8,3,0,0,0,0,0,9,6,E01018271,3,1,0.0,1.0,-1,6,30,1,1,1,19:44,3,2,9
2023411358571,2023,411358571,1,1,1,2,36,7,3,0,0,0,0,0,9,3,E01017580,3,1,0.0,1.0,-1,3,70,1,1,1,15:15,3,2,9
2023991293747,2023,991293747,1,1,1,1,83,11,3,0,0,0,0,0,9,8,-1,3,1,0.0,1.0,-1,6,20,1,1,1,14:25,3,3,9
202360A119040,2023,60A119040,1,1,3,1,6,2,3,1,1,0,0,0,0,-1,-1,-1,0,0.08255,0.91745,-1,6,30,1,1,1,15:44,6,1,9
2023031324618,2023,031324618,1,1,2,2,31,6,2,0,0,1,0,0,9,-1,-1,7,1,1.0,0.0,-1,6,40,1,6,1,00:35,7,1,9
2023201419936,2023,201419936,1,1,1,1,48,8,3,0,0,0,0,0,9,4,E01009894,3,1,0.0,1.0,-1,6,30,1,1,1,17:28,4,2,9
2023302301234,2023,302301234,2,1,2,2,52,8,3,0,0,2,0,0,9,10,E01019860,-1,0,0.06401,0.93599,-1,6,40,1,1,1,18:09,5,2,9
2023340NN0132,2023,340NN0132,2,3,2,1,30,6,2,0,0,1,0,0,9,3,E01027111,-1,0,1.0,0.0,-1,6,30,2,4,2,05:30,7,2,9
2023440452438,2023,440452438,1,1,1,2,72,10,2,0,0,0,0,0,9,6,E01023007,-1,0,1.0,0.0,-1,6,40,1,1,1,14:10,1,2,9
2023501310724,2023,501310724,1,1,1,2,21,5,3,0,0,0,0,0,9,8,E01018855,3,1,0.0,1.0,-1,3,60,1,1,1,17:04,3,2,9