collision_index,collision_year,collision_ref_no,vehicle_reference,casualty_reference,casualty_class,sex_of_casualty,age_of_casualty,age_band_of_casualty,casualty_severity,pedestrian_location,pedestrian_movement,car_passenger,bus_or_coach_passenger,pedestrian_road_maintenance_worker,casualty_type,casualty_imd_decile,lsoa_of_casualty,enhanced_casualty_severity,casualty_injury_based,casualty_adjusted_severity_serious,casualty_adjusted_severity_slight,casualty_distance_banding,road_type,speed_limit,weather_conditions,light_conditions,road_surface_conditions,time,day_of_week,number_of_vehicles,vehicle_type
2023631392251,2023,631392251,1,3,2,2,17,4,3,0,0,2,0,0,9,-1,-1,3,1,0.0,1.0,-1,6,60,1,1,1,12:30,3,2,9
2023371272145,2023,371272145,1,1,1,2,40,7,3,0,0,0,0,0,9,3,E01029914,3,1,0.0,1.0,-1,6,30,1,4,1,18:15,6,2,9
202363B016623,2023,63B016623,1,1,1,2,20,4,3,0,0,0,0,0,9,6,W01000524,-1,0,0.09642,0.90358,-1,6,60,1,1,1,09:50,2,1,9
2023010435213,2023,010435213,1,1,1,1,50,8,3,0,0,0,0,0,1,6,E01004501,-1,0,0.0,1.0,-1,6,20,1,1,2,11:47,4,2,1
2023010436341,2023,010436341,1,1,1,1,31,6,3,0,0,0,0,0,3,9,E01017248,-1,0,0.0,1.0,-1,6,20,9,1,9,19:14,5,2,3
2023430312181,2023,430312181,2,1,1,1,34,6,2,0,0,0,0,0,3,1,E01017471,-1,0,1.0,0.0,-1,6,60,2,1,2,12:05,6,2,3
2023031266418,2023,031266418,2,6,2,1,7,2,3,0,0,2,0,0,9,-1,-1,3,1,0.0,1.0,-1,6,60,1,1,4,16:15,7,2,9
2023041349292,2023,041349292,1,1,1,1,43,7,3,0,0,0,0,0,9,7,E01025078,3,1,0.0,1.0,-1,3,70,1,1,1,17:00,1,2,9
2023421267781,2023,421267781,2,1,1,1,61,9,2,0,0,0,0,0,9,7,E01015977,6,1,1.0,0.0,-1,6,50,1,6,1,05:58,4,2,9
2023451305686,2023,451305686,1,3,2,2,40,7,3,0,0,2,0,0,9,1,E01001220,3,1,0.0,1.0,-1,6,30,1,1,1,08:55,5,2,9
2023522301309,2023,522301309,1,1,1,1,32,6,3,0,0,0,0,0,9,9,E01022372,-1,0,0.03654,0.96346,-1,6,50,1,1,2,12:48,3,2,9
2023471337580,2023,471337580,1,1,1,1,54,8,3,0,0,0,0,0,19,5,E01021059,3,1,0.0,1.0,-1,6,60,5,1,2,12:35,4,1,19
2023201303431,2023,201303431,2,1,1,1,19,4,3,0,0,0,0,0,1,2,E01009505,3,1,0.0,1.0,-1,6,30,1,1,1,14:37,5,2,1
2023351377539,2023,351377539,1,1,1,2,38,7,3,0,0,0,0,0,9,4,E01018095,3,1,0.0,1.0,-1,6,30,2,4,2,18:27,6,2,9
2023440430945,2023,440430945,1,1,2,2,65,9,3,0,0,2,0,0,9,6,E01022907,-1,0,0.05678,0.94322,-1,6,30,2,4,2,23:44,6,2,9
2023131300844,2023,131300844,1,1,2,1,43,7,2,0,0,0,0,0,19,10,E01011458,7,1,1.0,0.0,-1,6,30,1,1,1,12:16,3,2,19
2023201403451,2023,201403451,1,1,1,2,53,8,3,0,0,0,0,0,22,4,E01010361,3,1,0.0,1.0,-1,6,30,1,1,1,16:00,3,2,22
2023010448894,2023,010448894,1,1,1,1,22,5,3,0,0,0,0,0,3,6,E01001253,-1,0,0.0,1.0,-1,1,30,1,4,1,01:25,4,2,3
2023332300392,2023,332300392,1,1,1,2,47,8,2,0,0,0,0,0,9,8,E01025768,-1,0,1.0,0.0,-1,6,60,1,1,1,17:45,5,2,9
2023451354845,2023,451354845,1,1,3,2,5,1,3,1,1,0,0,0,0,10,E01030532,3,1,0.0,1.0,-1,6,30,9,1,1,08:40,5,1,9
2023041358586,2023,041358586,2,2,2,2,29,6,3,0,0,1,0,0,9,9,E01025254,3,1,0.0,1.0,-1,3,30,2,1,2,12:55,2,2,9
2023131358045,2023,131358045,3,1,1,1,51,8,2,0,0,0,0,0,9,6,E01010787,7,1,1.0,0.0,-1,3,30,1,1,1,12:15,6,3,9
2023461308004,2023,461308004,1,1,3,1,12,3,3,4,1,0,0,0,0,3,E01016146,3,1,0.0,1.0,-1,6,30,1,1,1,18:01,5,1,19
2023010483332,2023,010483332,1,1,1,1,30,6,3,0,0,0,0,0,1,3,E01003972,-1,0,0.0,1.0,-1,6,30,1,1,1,08:00,4,2,1
2023201277380,2023,201277380,2,1,1,2,62,9,3,0,0,0,0,0,9,10,E01009457,3,1,0.0,1.0,-1,6,30,1,1,2,08:17,3,2,9
2023010477773,2023,010477773,2,2,2,2,26,6,3,0,0,1,0,0,9,-1,-1,-1,0,0.0,1.0,-1,6,30,1,4,1,17:38,2,2,9
2023320210260,2023,320210260,3,2,1,1,83,11,3,0,0,0,0,0,9,8,E01026200,-1,0,0.04671,0.95329,-1,6,50,1,1,1,16:20,6,3,9
2023320528611,2023,320528611,2,2,1,2,36,7,3,0,0,0,0,0,9,4,E01026254,-1,0,0.02315,0.97685,-1,6,30,8,1,1,10:00,6,2,9
2023421384493,2023,421384493,1,1,1,1,16,4,2,0,0,0,0,0,3,5,E01021770,7,1,1.0,0.0,-1,6,30,1,4,2,17:38,6,1,3
2023471348682,2023,471348682,2,1,1,1,52,8,3,0,0,0,0,0,3,3,E01031787,3,1,0.0,1.0,-1,6,30,1,1,1,12:35,2,2,3
2023010428407,2023,010428407,1,1,1,1,31,6,3,0,0,0,0,0,5,6,E01015331,-1,0,0.0,1.0,-1,6,20,1,1,1,15:36,2,2,5
2023010445631,2023,010445631,1,1,1,2,26,6,3,0,0,0,0,0,9,5,E01024478,-1,0,0.0,1.0,-1,6,30,1,1,1,11:30,1,2,9
2023010461059,2023,010461059,2,1,1,2,50,8,3,0,0,0,0,0,9,6,E01000262,-1,0,0.0,1.0,-1,3,40,1,1,1,17:30,4,2,9
2023010475160,2023,010475160,1,1,1,1,53,8,3,0,0,0,0,0,9,2,E01001464,-1,0,0.0,1.0,-1,6,20,2,4,2,18:03,3,2,9
2023041260139,2023,041260139,1,1,2,1,65,9,3,0,0,1,0,0,9,3,E01026969,3,1,0.0,1.0,-1,3,70,2,6,2,19:30,5,2,9
2023332300649,2023,332300649,1,2,1,2,54,8,3,0,0,0,0,0,9,4,E01025827,-1,0,0.03826,0.96174,-1,6,50,1,1,1,17:15,6,2,9
2023371295386,2023,371295386,1,2,1,1,32,6,3,0,0,0,0,0,9,3,E01030139,3,1,0.0,1.0,-1,6,30,1,1,1,18:35,1,2,9
2023421308021,2023,421308021,1,5,2,1,52,8,3,0,0,1,0,0,9,4,E01021260,3,1,0.0,1.0,-1,3,70,1,1,1,07:41,3,5,9
2023010443339,2023,010443339,1,1,1,1,29,6,3,0,0,0,0,0,3,2,E01003508,-1,0,0.0,1.0,-1,6,20,1,4,1,22:35,2,2,3
2023522300642,2023,522300642,2,1,1,2,22,5,3,0,0,0,0,0,3,3,E01014695,-1,0,0.07214,0.92786,-1,6,30,1,1,4,09:12,3,2,3
2023361396908,2023,361396908,1,1,1,1,16,4,3,0,0,0,0,0,9,8,E01026578,3,1,0.0,1.0,-1,6,30,1,1,1,14:35,2,2,9
2023522301854,2023,522301854,1,1,1,2,27,6,3,0,0,0,0,0,9,4,E01014590,-1,0,0.01869,0.98131,-1,6,30,2,1,2,12:50,1,3,9
2023991361726,2023,991361726,1,1,1,1,44,7,3,0,0,0,0,0,21,-1,-1,3,1,0.0,1.0,-1,3,70,1,1,1,10:30,4,1,21
2023061352767,2023,061352767,1,1,1,1,20,4,2,0,0,0,0,0,3,5,E01005900,6,1,1.0,0.0,-1,6,30,1,4,1,19:19,5,1,3
2023201416184,2023,201416184,1,1,1,1,26,6,3,0,0,0,0,0,3,1,E01010282,3,1,0.0,1.0,-1,6,30,1,1,2,07:09,5,2,3
2023361387782,2023,361387782,3,7,2,1,85,11,3,0,0,1,0,0,9,4,E01018077,3,1,0.0,1.0,-1,3,50,1,1,1,10:27,6,4,9
2023991373205,2023,991373205,2,2,2,2,19,4,2,0,0,0,3,0,11,-1,-1,7,1,1.0,0.0,-1,6,30,1,4,1,18:05,6,5,11
2023052302001,2023,052302001,2,1,1,1,39,7,2,0,0,0,0,0,1,1,E01006693,-1,0,1.0,0.0,-1,6,40,1,1,1,14:00,5,2,1
2023201383221,2023,201383221,1,1,2,2,69,10,2,0,0,-1,0,0,9,7,E01010246,6,1,1.0,0.0,-1,1,30,1,1,1,09:11,7,3,9
2023361366861,2023,361366861,1,1,1,1,87,11,3,0,0,0,0,0,9,4,E01018096,3,1,0.0,1.0,-1,6,60,1,1,1,13:30,6,1,9
2023461297292,2023,461297292,2,1,1,1,-1,-1,3,0,0,0,0,0,19,1,E01024257,3,1,0.0,1.0,-1,6,40,1,1,1,11:01,4,2,19
2023141352926,2023,141352926,1,1,3,1,11,3,2,5,1,0,0,0,0,-1,-1,7,1,1.0,0.0,-1,6,30,1,1,1,16:32,6,1,9
202354A349323,2023,54A349323,1,1,3,2,17,4,3,5,1,0,0,0,0,5,E01031867,-1,0,0.10641,0.89359,-1,6,30,1,1,1,16:15,6,1,11
2023311375151,2023,311375151,1,1,1,1,27,6,3,0,0,0,0,0,9,1,E01028320,3,1,0.0,1.0,-1,6,30,8,4,1,00:41,1,1,9
2023461289598,2023,461289598,2,2,2,1,26,6,3,0,0,2,0,0,9,1,E01024657,3,1,0.0,1.0,-1,6,40,4,1,1,09:12,2,2,9
2023471269776,2023,471269776,2,3,2,1,2,1,3,0,0,2,0,0,9,-1,-1,3,1,0.0,1.0,-1,6,60,1,1,1,11:00,2,3,9
2023320446142,2023,320446142,1,1,1,1,33,6,3,0,0,0,0,0,9,7,E01026319,-1,0,0.07858,0.92142,-1,6,60,1,1,2,08:08,4,3,9
2023440201609,2023,440201609,1,1,1,1,65,9,3,0,0,0,0,0,9,8,E01022762,-1,0,0.08011,0.91989,-1,6,30,1,1,1,10:14,2,2,9
2023010463676,2023,010463676,2,1,1,1,69,10,2,0,0,0,0,0,1,9,E01000670,-1,0,1.0,0.0,-1,6,30,1,1,1,12:30,7,2,1
2023221278224,2023,221278224,1,1,1,1,34,6,3,0,0,0,0,0,1,5,E01014076,3,1,0.0,1.0,-1,6,30,1,1,1,10:00,7,2,1
2023622300559,2023,622300559,2,2,1,1,63,9,3,0,0,0,0,0,5,6,W01000915,-1,0,0.07512,0.92488,-1,1,30,1,1,1,17:40,1,2,5
2023552300362,2023,552300362,1,1,1,1,34,6,3,0,0,0,0,0,9,10,E01020559,-1,0,0.06138,0.93862,-1,6,30,5,6,2,19:39,2,1,9
2023061393232,2023,061393232,1,1,1,1,37,7,1,0,0,0,0,0,9,2,E01005193,1,1,0.0,0.0,-1,3,70,2,5,2,05:40,7,2,9
2023461318432,2023,461318432,2,3,2,1,14,3,3,0,0,1,0,0,9,2,E01024277,3,1,0.0,1.0,-1,6,30,1,7,1,22:16,6,3,9
2023122300501,2023,122300501,2,2,2,2,83,11,3,0,0,0,4,0,11,5,E01027636,-1,0,0.03894,0.96106,-1,6,30,1,1,1,12:29,7,2,11
2023131263865,2023,131263865,1,1,3,1,38,7,3,4,1,0,0,2,0,1,E01010702,3,1,0.0,1.0,-1,3,30,1,1,1,14:45,6,1,9
2023320772258,2023,320772258,1,1,3,1,81,11,2,5,3,0,0,0,0,4,E01026009,-1,0,1.0,0.0,-1,6,40,1,1,2,09:30,7,1,9
2023201276629,2023,201276629,2,1,1,1,-1,-1,3,0,0,0,0,0,9,1,E01009300,3,1,0.0,1.0,-1,6,30,1,4,1,22:21,4,4,9
2023361265263,2023,361265263,1,1,1,1,21,5,3,0,0,0,0,0,9,10,E01018244,3,1,0.0,1.0,-1,6,60,1,1,4,09:20,5,1,9
2023411330215,2023,411330215,2,1,1,1,45,7,3,0,0,0,0,0,9,2,E01017539,3,1,0.0,1.0,-1,3,70,1,1,-1,06:24,1,2,9
2023010451855,2023,010451855,1,1,3,1,3,1,3,9,5,0,0,0,0,2,E01000627,-1,0,0.0,1.0,-1,2,20,1,1,1,17:24,3,1,9
2023010467286,2023,010467286,2,1,1,1,19,4,3,0,0,0,0,0,1,1,E01002760,-1,0,0.0,1.0,-1,6,20,2,4,2,22:32,4,2,1
2023320137446,2023,320137446,1,1,1,1,28,6,2,0,0,0,0,0,9,7,E01026267,-1,0,1.0,0.0,-1,6,60,1,6,1,23:23,1,1,9
2023501266506,2023,501266506,2,3,2,1,9,2,3,0,0,2,0,0,9,-1,-1,3,1,0.0,1.0,-1,6,60,1,1,4,10:27,7,2,9
2023061371913,2023,061371913,2,3,2,1,21,5,3,0,0,2,0,0,9,7,E01020156,3,1,0.0,1.0,-1,6,30,1,1,1,16:45,4,2,9
2023201328622,2023,201328622,2,1,1,-1,26,6,3,0,0,0,0,0,9,1,E01010370,3,1,0.0,1.0,-1,1,30,1,1,1,19:58,7,2,9
2023991286243,2023,991286243,1,2,1,2,49,8,3,0,0,0,0,0,9,7,-1,3,1,0.0,1.0,-1,6,40,3,1,3,07:44,2,3,9
2023430158140,2023,430158140,1,8,2,2,12,3,3,0,0,0,4,0,11,-1,-1,-1,0,0.05342,0.94658,-1,3,70,2,4,2,19:52,3,4,11
2023010423909,2023,010423909,1,1,1,1,18,4,3,0,0,0,0,0,9,6,E01002113,-1,0,0.0,1.0,-1,6,30,1,4,2,20:30,6,2,9
2023161381813,2023,161381813,1,3,1,2,33,6,3,0,0,0,0,0,9,3,E01012860,3,1,0.0,1.0,-1,6,30,1,4,2,18:00,7,2,9
2023332301041,2023,332301041,1,1,2,2,9,2,2,0,0,2,0,0,9,5,E01013689,-1,0,1.0,0.0,-1,6,30,1,1,1,08:40,3,2,9
2023430073164,2023,430073164,1,2,2,2,37,7,3,0,0,1,0,0,9,6,E01004637,-1,0,0.06555,0.93445,-1,3,40,1,6,1,21:29,5,2,9
2023010441259,2023,010441259,1,1,1,1,74,10,3,0,0,0,0,0,1,6,E01001408,-1,0,0.0,1.0,-1,6,30,1,1,1,12:50,4,2,1
2023131300851,2023,131300851,2,1,1,2,14,3,3,0,0,0,0,0,1,1,E01011658,3,1,0.0,1.0,-1,6,20,1,1,1,17:00,2,2,1
2023041342072,2023,041342072,2,1,1,1,52,8,2,0,0,0,0,0,3,10,E01024963,7,1,1.0,0.0,-1,6,30,1,1,1,17:55,3,2,3
2023501310039,2023,501310039,1,1,1,2,22,5,2,0,0,0,0,0,3,6,E01020178,7,1,1.0,0.0,-1,6,60,2,1,2,12:17,6,2,3
2023061261035,2023,061261035,2,1,2,2,63,9,2,0,0,1,0,0,9,-1,-1,6,1,1.0,0.0,-1,6,30,8,5,1,01:00,1,2,9
2023070725639,2023,070725639,2,1,2,2,9,2,3,0,0,2,0,0,9,9,E01006076,-1,0,0.02229,0.97771,-1,6,30,1,1,1,10:50,3,2,9
2023320778029,2023,320778029,2,1,1,1,57,9,3,0,0,0,0,0,9,3,E01026085,-1,0,0.06331,0.93669,-1,6,30,2,7,2,07:00,3,2,9
2023331306908,2023,331306908,2,2,2,2,39,7,3,0,0,1,0,0,9,3,E01010571,3,1,0.0,1.0,-1,3,40,1,4,1,22:07,6,2,9
2023010438892,2023,010438892,3,1,1,1,60,9,2,0,0,0,0,0,9,3,E01001834,-1,0,1.0,0.0,-1,3,40,2,4,2,21:27,7,4,9
2023201392187,2023,201392187,2,1,1,2,26,6,3,0,0,0,0,0,9,5,E01009449,3,1,0.0,1.0,-1,6,30,2,4,2,17:35,3,2,9
2023010434473,2023,010434473,1,1,1,2,30,6,3,0,0,0,0,0,1,2,E01004238,-1,0,0.0,1.0,-1,6,20,1,4,1,19:00,3,2,1
2023622300846,2023,622300846,1,1,1,2,68,10,3,0,0,0,0,0,9,1,W01001955,-1,0,0.03468,0.96532,-1,6,40,1,1,1,10:48,6,2,9
2023451304475,2023,451304475,2,2,1,1,32,6,3,0,0,0,0,0,19,10,E01022572,3,1,0.0,1.0,-1,3,70,1,1,1,17:20,6,2,19
2023010455350,2023,010455350,1,1,1,1,36,7,3,0,0,0,0,0,9,5,E01001157,-1,0,0.0,1.0,-1,3,40,1,1,1,09:53,7,2,9
2023041269944,2023,041269944,1,1,2,1,8,2,3,0,0,2,0,0,9,1,E01025082,3,1,0.0,1.0,-1,6,20,9,1,1,10:30,7,1,9
2023351280927,2023,351280927,1,1,1,1,60,9,3,0,0,0,0,0,9,5,E01030151,3,1,0.0,1.0,-1,6,60,1,6,2,18:00,5,1,9
2023010454033,2023,010454033,2,1,1,1,34,6,3,0,0,0,0,0,3,7,E01000309,-1,0,0.0,1.0,-1,6,20,8,4,2,20:55,7,2,3
2023320075174,2023,320075174,1,1,1,1,53,8,2,0,0,0,0,0,5,5,E01026201,-1,0,1.0,0.0,-1,6,30,1,1,1,15:24,1,1,5
2023211270504,2023,211270504,2,1,2,2,37,7,3,0,0,-1,0,0,9,-1,-1,3,1,0.0,1.0,-1,3,20,1,1,1,14:25,6,2,9
2023461286687,2023,461286687,2,2,1,1,60,9,3,0,0,0,0,0,9,5,E01024010,3,1,0.0,1.0,-1,6,50,2,1,2,14:48,5,3,9
2023461296688,2023,461296688,3,5,2,2,33,6,3,0,0,-1,0,0,9,3,E01003293,3,1,0.0,1.0,-1,6,60,1,1,1,20:04,1,3,9
2023531346190,2023,531346190,2,1,1,1,35,6,3,0,0,0,0,0,-1,1,E01022347,3,1,0.0,1.0,-1,6,30,1,1,1,17:35,2,2,-1
2023522300399,2023,522300399,1,1,3,2,19,4,3,10,9,0,0,0,0,5,E01029134,-1,0,0.03964,0.96036,-1,6,20,1,1,1,13:30,4,1,19
2023631361224,2023,631361224,2,1,1,2,52,8,1,0,0,0,0,0,1,8,W01000680,1,1,0.0,0.0,-1,6,60,1,1,1,17:10,2,2,1
2023440033847,2023,440033847,1,1,1,2,19,4,3,0,0,0,0,0,2,-1,-1,-1,0,0.04575,0.95425,-1,1,60,1,4,1,19:00,4,2,2
2023302301355,2023,302301355,1,1,1,1,38,7,3,0,0,0,0,0,9,5,E01019623,-1,0,0.07626,0.92374,-1,6,30,1,4,1,04:30,1,1,9
2023440144047,2023,440144047,1,1,1,2,36,7,3,0,0,0,0,0,9,4,E01022635,-1,0,0.01351,0.98649,-1,3,40,1,1,1,10:30,4,2,9
2023010452660,2023,010452660,1,1,3,2,19,4,3,1,3,0,0,0,0,3,E01001287,-1,0,0.0,1.0,-1,6,20,1,1,1,15:30,7,1,9
2023101374395,2023,101374395,1,1,3,1,17,4,3,4,1,0,0,0,0,5,E01008416,3,1,0.0,1.0,-1,3,30,2,1,2,13:20,2,1,9
2023131351769,2023,131351769,1,1,3,2,5,1,3,5,1,0,0,2,0,10,E01011593,3,1,0.0,1.0,-1,6,30,1,1,1,16:40,3,1,9
2023052301929,2023,052301929,2,2,1,1,43,7,3,0,0,0,0,0,1,1,E01006522,-1,0,0.15809,0.84191,-1,6,30,1,1,1,10:55,5,3,1
2023131281047,2023,131281047,1,1,1,2,35,6,3,0,0,0,0,0,9,1,E01010739,3,1,0.0,1.0,-1,1,30,2,1,2,15:25,2,1,9
2023451327602,2023,451327602,2,1,1,2,31,6,3,0,0,0,0,0,5,8,E01030302,3,1,0.0,1.0,-1,6,30,1,1,1,07:50,6,2,5
2023131313708,2023,131313708,1,2,1,1,71,10,3,0,0,0,0,0,9,4,E01011314,3,1,0.0,1.0,-1,3,40,1,1,1,10:20,5,2,9
2023340WN6282,2023,340WN6282,2,1,1,1,17,4,3,0,0,0,0,0,9,4,E01027187,-1,0,0.05515,0.94485,-1,6,30,1,1,2,14:00,4,2,9
2023371269713,2023,371269713,1,1,1,1,36,7,2,0,0,0,0,0,9,3,E01030234,5,1,1.0,0.0,-1,3,70,1,1,1,06:55,2,2,9
2023311332239,2023,311332239,1,1,3,2,17,4,2,9,9,0,0,0,0,1,E01013839,7,1,1.0,0.0,-1,6,20,1,1,1,14:52,4,1,9
2023221364339,2023,221364339,2,1,1,1,41,7,3,0,0,0,0,0,1,5,E01014053,3,1,0.0,1.0,-1,6,60,1,1,1,08:45,3,2,1
2023430142189,2023,430142189,1,1,1,1,61,9,3,0,0,0,0,0,1,8,E01017750,-1,0,0.05451,0.94549,-1,1,30,1,1,2,16:35,5,2,1
2023010445948,2023,010445948,1,1,1,1,35,6,3,0,0,0,0,0,3,4,E01016360,-1,0,0.0,1.0,-1,6,30,1,1,1,13:30,6,2,3
2023451309579,2023,451309579,1,1,1,1,23,5,2,0,0,0,0,0,5,4,E01014892,7,1,1.0,0.0,-1,6,40,1,1,1,16:00,6,3,5
2023141370759,2023,141370759,1,1,2,2,43,7,3,0,0,2,0,0,9,-1,-1,3,1,0.0,1.0,-1,6,40,2,4,2,21:20,7,2,9
2023411399460,2023,411399460,2,2,1,2,43,7,3,0,0,0,0,0,9,3,E01023891,3,1,0.0,1.0,-1,6,30,1,1,2,13:20,3,3,9
2023501333802,2023,501333802,2,1,1,2,58,9,3,0,0,0,0,0,9,6,E01020056,3,1,0.0,1.0,-1,6,60,1,1,1,08:30,2,2,9
2023461356521,2023,461356521,1,1,3,1,10,2,3,5,1,0,0,0,0,1,E01024659,3,1,0.0,1.0,-1,6,30,1,4,1,18:51,1,1,9
2023010422360,2023,010422360,1,1,1,2,31,6,3,0,0,0,0,0,1,5,E01003072,-1,0,0.0,1.0,-1,3,20,1,4,1,20:15,5,2,1
2023131320861,2023,131320861,2,1,1,2,27,6,3,0,0,0,0,0,9,2,E01011760,3,1,0.0,1.0,-1,6,30,1,1,1,05:00,2,2,9
2023141376281,2023,141376281,1,1,1,2,39,7,3,0,0,0,0,0,9,-1,-1,3,1,0.0,1.0,-1,6,30,1,4,1,16:25,3,3,9
2023991349617,2023,991349617,1,1,2,2,82,11,3,0,0,0,3,0,11,-1,-1,3,1,0.0,1.0,-1,6,20,1,1,1,12:05,4,1,11
2023991268064,2023,991268064,2,1,1,1,33,6,2,0,0,0,0,0,1,-1,-1,7,1,1.0,0.0,-1,1,30,1,5,1,18:07,4,2,1
2023010459379,2023,010459379,1,1,1,-1,20,4,3,0,0,0,0,0,3,6,E01003386,-1,0,0.0,1.0,-1,6,20,9,1,9,14:20,6,2,3
2023010464914,2023,010464914,1,1,1,2,34,6,3,0,0,0,0,0,9,2,E01014199,-1,0,0.0,1.0,-1,6,30,1,4,1,00:00,7,3,9
2023141315243,2023,141315243,1,2,2,2,31,6,3,0,0,1,0,0,9,4,E01007675,3,1,0.0,1.0,-1,1,30,1,1,1,19:56,2,1,9
2023411349650,2023,411349650,1,1,1,1,49,8,3,0,0,0,0,0,9,4,E01023395,3,1,0.0,1.0,-1,3,70,1,1,1,09:25,5,2,9
2023531341662,2023,531341662,2,1,1,1,57,9,3,0,0,0,0,0,9,7,E01022224,3,1,0.0,1.0,-1,3,60,1,1,1,18:15,2,2,9
202363A010823,2023,63A010823,1,3,2,1,17,4,3,0,0,2,0,0,9,1,W01000939,-1,0,0.20468,0.79532,-1,6,60,1,6,1,04:18,1,1,9
2023010466748,2023,010466748,1,1,1,1,35,6,3,0,0,0,0,0,11,2,E01003576,-1,0,0.0,1.0,-1,6,30,1,1,9,08:15,2,2,11
2023471275151,2023,471275151,2,1,2,2,-1,-1,3,0,0,0,4,0,11,10,E01031760,3,1,0.0,1.0,-1,3,30,1,1,1,12:15,7,2,11
202360A121400,2023,60A121400,1,1,1,1,23,5,2,0,0,0,0,0,1,-1,-1,-1,0,1.0,0.0,-1,6,30,1,1,1,11:29,3,2,1
2023010482345,2023,010482345,1,1,1,1,41,7,2,0,0,0,0,0,3,3,E01003992,-1,0,1.0,0.0,-1,7,20,1,1,1,01:20,4,2,3
2023440283893,2023,440283893,1,1,1,1,22,5,3,0,0,0,0,0,3,3,E01017099,-1,0,0.20368,0.79632,-1,6,30,1,4,2,23:13,6,2,3
2023111283350,2023,111283350,2,1,1,2,25,5,3,0,0,0,0,0,9,9,E01020611,3,1,0.0,1.0,-1,3,30,1,1,2,13:15,1,2,9
2023411311057,2023,411311057,1,1,2,2,53,8,3,0,0,0,4,0,11,4,E01023797,3,1,0.0,1.0,-1,1,30,1,1,-1,08:30,4,2,11
2023302300800,2023,302300800,1,1,1,1,21,5,2,0,0,0,0,0,19,5,E01029817,-1,0,1.0,0.0,-1,6,60,1,1,1,21:15,6,3,19
2023531352494,2023,531352494,1,1,3,1,47,8,3,5,1,0,0,0,0,5,E01022148,3,1,0.0,1.0,-1,6,30,1,1,1,12:25,6,1,9
202360A132738,2023,60A132738,2,1,1,1,51,8,2,0,0,0,0,0,1,-1,-1,-1,0,1.0,0.0,-1,6,40,1,1,1,13:15,5,2,1
2023451350799,2023,451350799,1,1,2,2,77,11,3,0,0,1,0,0,9,8,E01022468,3,1,0.0,1.0,-1,1,40,1,1,1,19:13,7,2,9
2023991347423,2023,991347423,1,1,1,2,36,7,3,0,0,0,0,0,9,8,-1,3,1,0.0,1.0,-1,6,60,1,1,1,12:05,5,2,9
2023010434272,2023,010434272,3,2,1,1,36,7,3,0,0,0,0,0,1,2,E01004283,-1,0,0.0,1.0,-1,6,20,1,4,1,22:33,7,3,1
2023010435032,2023,010435032,1,1,1,2,21,5,3,0,0,0,0,0,3,2,E01033148,-1,0,0.0,1.0,-1,9,20,1,1,1,17:00,4,2,3
2023041292931,2023,041292931,1,1,1,1,46,8,3,0,0,0,0,0,9,1,E01025584,3,1,0.0,1.0,-1,6,20,1,1,1,12:30,1,3,9
2023052302234,2023,052302234,1,3,2,2,4,1,3,0,0,2,0,0,9,7,E01006589,-1,0,0.07671,0.92329,-1,6,30,1,1,2,18:00,4,4,9
2023501303723,2023,501303723,1,1,1,1,34,6,2,0,0,0,0,0,19,5,E01018957,7,1,1.0,0.0,-1,6,60,1,6,1,01:55,5,1,19
2023411399582,2023,411399582,1,1,1,2,64,9,3,0,0,0,0,0,98,3,E01021861,3,1,0.0,1.0,-1,6,60,1,6,2,16:29,2,1,98
2023201401178,2023,201401178,1,1,3,1,71,10,2,3,3,0,0,0,0,1,E01009513,5,1,1.0,0.0,-1,3,30,4,4,1,18:48,5,1,5
2023010442310,2023,010442310,2,1,1,1,26,6,3,0,0,0,0,0,1,2,E01004284,-1,0,0.0,1.0,-1,6,20,1,1,1,17:23,2,2,1
2023010431407,2023,010431407,2,1,1,1,26,6,2,0,0,0,0,0,3,5,E01002529,-1,0,1.0,0.0,-1,6,30,1,1,1,12:47,6,2,3
2023101297549,2023,101297549,1,1,1,1,27,6,2,0,0,0,0,0,4,2,E01008812,7,1,1.0,0.0,-1,6,30,1,1,1,15:45,2,2,4
2023010451966,2023,010451966,1,1,2,2,63,9,3,0,0,2,0,0,9,4,E01019544,-1,0,0.0,1.0,-1,3,70,1,1,1,10:20,4,2,9
2023070329237,2023,070329237,4,1,1,1,33,6,3,0,0,0,0,0,9,1,E01014217,-1,0,0.03714,0.96286,-1,3,70,1,1,1,10:32,4,4,9
2023141279004,2023,141279004,1,1,1,1,49,8,2,0,0,0,0,0,9,6,E01007586,6,1,1.0,0.0,-1,6,60,1,4,1,21:38,3,3,9
2023221303387,2023,221303387,1,1,1,1,19,4,3,0,0,0,0,0,9,6,E01028973,3,1,0.0,1.0,-1,6,60,1,1,1,18:31,7,2,9
202354D311623,2023,54D311623,1,1,1,2,33,6,3,0,0,0,0,0,9,7,E01032067,-1,0,0.10528,0.89472,-1,6,60,1,6,1,20:37,6,1,9
2023461333924,2023,461333924,1,2,1,1,17,4,3,0,0,0,0,0,97,3,E01016038,3,1,0.0,1.0,-1,3,30,1,1,1,20:27,5,3,97
2023010440497,2023,010440497,2,1,1,1,28,6,3,0,0,0,0,0,1,4,E01001724,-1,0,0.0,1.0,-1,6,20,1,1,1,11:55,2,2,1