collision_index,collision_year,collision_ref_no,vehicle_reference,casualty_reference,casualty_class,sex_of_casualty,age_of_casualty,age_band_of_casualty,casualty_severity,pedestrian_location,pedestrian_movement,car_passenger,bus_or_coach_passenger,pedestrian_road_maintenance_worker,casualty_type,casualty_imd_decile,lsoa_of_casualty,enhanced_casualty_severity,casualty_injury_based,casualty_adjusted_severity_serious,casualty_adjusted_severity_slight,casualty_distance_banding,road_type,speed_limit,weather_conditions,light_conditions,road_surface_conditions,time,day_of_week,number_of_vehicles,vehicle_type
2023161376331,2023,161376331,2,3,2,2,35,6,3,0,0,2,0,0,9,-1,-1,3,1,0.0,1.0,-1,6,50,2,1,2,12:53,1,2,9
2023201288905,2023,201288905,1,2,2,2,31,6,3,0,0,1,0,0,9,5,E01010460,3,1,0.0,1.0,-1,6,30,1,1,1,13:20,7,2,9
2023430024426,2023,430024426,1,1,1,2,36,7,3,0,0,0,0,0,9,-1,-1,-1,0,0.06228,0.93772,-1,6,40,1,1,2,08:33,3,1,9
2023201371660,2023,201371660,2,2,2,1,4,1,2,0,0,-1,0,0,9,2,E01010065,7,1,1.0,0.0,-1,6,30,1,1,1,16:00,5,2,9
2023461380985,2023,461380985,1,1,1,1,52,8,2,0,0,0,0,0,9,7,E01024388,5,1,1.0,0.0,-1,6,30,1,1,1,12:30,5,2,9
2023052302185,2023,052302185,2,1,1,1,17,4,3,0,0,0,0,0,3,1,E01007215,-1,0,0.15038,0.84962,-1,6,30,1,1,1,15:38,6,2,3
2023361402511,2023,361402511,2,4,2,2,77,11,3,0,0,1,0,0,9,7,E01026427,3,1,0.0,1.0,-1,6,60,7,6,2,18:08,6,2,9
2023522300481,2023,522300481,1,1,1,1,39,7,3,0,0,0,0,0,9,6,E01014984,-1,0,0.00592,0.99408,-1,6,30,9,1,1,07:50,3,3,9
2023991275892,2023,991275892,2,1,1,1,72,10,2,0,0,0,0,0,19,9,-1,7,1,1.0,0.0,-1,3,70,1,1,1,12:20,2,3,19
2023010439670,2023,010439670,1,1,3,2,13,3,3,10,9,0,0,0,0,8,E01004193,-1,0,0.0,1.0,-1,6,20,1,1,1,15:00,4,1,11
2023010447369,2023,010447369,2,1,1,1,28,6,3,0,0,0,0,0,1,5,E01004616,-1,0,0.0,1.0,-1,6,20,1,1,1,17:55,3,2,1
2023201418698,2023,201418698,2,1,1,-1,42,7,3,0,0,0,0,0,1,-1,-1,3,1,0.0,1.0,-1,6,30,1,4,1,05:50,3,2,1
2023231369908,2023,231369908,2,1,1,1,35,6,2,0,0,0,0,0,5,1,E01031090,7,1,1.0,0.0,-1,6,40,2,1,2,08:37,5,2,5
2023411268239,2023,411268239,1,1,1,2,57,9,3,0,0,0,0,0,9,6,E01023941,3,1,0.0,1.0,-1,6,30,2,1,2,10:50,7,2,9
2023531306395,2023,531306395,1,1,1,1,71,10,3,0,0,0,0,0,9,9,E01014963,3,1,0.0,1.0,-1,6,60,2,1,2,16:40,5,2,9
2023052300774,2023,052300774,1,1,3,2,52,8,2,8,1,0,0,0,0,1,E01006674,-1,0,1.0,0.0,-1,6,20,1,1,1,14:08,2,1,9
2023010444637,2023,010444637,1,1,1,1,45,7,3,0,0,0,0,0,4,6,E01002655,-1,0,0.0,1.0,-1,3,40,1,1,1,16:35,3,2,4
2023010421440,2023,010421440,1,1,1,1,26,6,3,0,0,0,0,0,3,3,E01002756,-1,0,0.0,1.0,-1,6,30,1,4,1,21:04,7,2,3
2023010430027,2023,010430027,1,1,1,1,31,6,3,0,0,0,0,0,3,2,E01003093,-1,0,0.0,1.0,-1,9,20,9,7,9,17:51,3,2,3
2023340NN1582,2023,340NN1582,2,1,1,1,63,9,3,0,0,0,0,0,5,4,E01027315,-1,0,0.1023,0.8977,-1,6,30,1,1,1,08:20,3,2,5
2023101383651,2023,101383651,2,2,1,1,34,6,3,0,0,0,0,0,8,2,E01008489,3,1,0.0,1.0,-1,1,40,1,4,2,19:56,4,2,8
2023430540714,2023,430540714,1,1,1,2,25,5,3,0,0,0,0,0,1,7,E01016293,-1,0,0.03984,0.96016,-1,1,40,1,4,1,20:05,3,2,1
2023311305141,2023,311305141,1,1,3,1,11,3,2,1,4,0,0,0,0,8,E01028235,7,1,1.0,0.0,-1,6,30,1,1,2,08:03,3,1,9
2023440298647,2023,440298647,2,1,1,2,52,8,2,0,0,0,0,0,1,4,E01022711,-1,0,1.0,0.0,-1,6,30,1,1,1,06:45,3,2,1
2023201416918,2023,201416918,1,1,1,2,35,6,3,0,0,0,0,0,9,1,E01009141,3,1,0.0,1.0,-1,6,30,2,1,2,14:17,7,2,9
2023451318335,2023,451318335,2,1,1,2,42,7,3,0,0,0,0,0,9,6,E01030587,3,1,0.0,1.0,-1,6,30,1,4,1,22:42,3,2,9
2023501264312,2023,501264312,1,1,1,2,35,6,3,0,0,0,0,0,9,4,E01018965,3,1,0.0,1.0,-1,6,60,8,1,4,09:09,3,1,9
2023991322911,2023,991322911,2,1,2,2,29,6,3,0,0,1,0,0,9,10,-1,3,1,0.0,1.0,-1,6,30,1,1,2,19:20,1,2,9
2023170L31043,2023,170L31043,1,1,1,1,38,7,2,0,0,0,0,0,1,10,E01012183,-1,0,1.0,0.0,-1,6,60,1,1,1,09:10,5,2,1
2023471347586,2023,471347586,2,1,1,1,29,6,3,0,0,0,0,0,4,6,E01016953,3,1,0.0,1.0,-1,6,50,2,1,2,17:30,5,2,4
2023201370407,2023,201370407,2,1,1,1,57,9,3,0,0,0,0,0,9,1,E01010141,3,1,0.0,1.0,-1,6,30,1,1,1,14:55,6,2,9
2023302301764,2023,302301764,2,2,1,2,36,7,3,0,0,0,0,0,9,4,E01019450,-1,0,0.01271,0.98729,-1,6,30,1,1,2,09:03,6,2,9
2023451265994,2023,451265994,1,1,1,1,43,7,3,0,0,0,0,0,9,9,E01030646,3,1,0.0,1.0,-1,6,60,1,1,3,11:45,6,2,9
2023010449284,2023,010449284,1,2,2,2,47,8,3,0,0,0,4,0,11,2,E01003924,-1,0,0.0,1.0,-1,3,20,1,1,1,17:50,5,1,11
2023161384458,2023,161384458,2,1,1,1,47,8,1,0,0,0,0,0,1,1,E01012892,1,1,0.0,0.0,-1,3,30,1,4,2,07:40,6,2,1
2023440099505,2023,440099505,1,1,1,2,67,10,3,0,0,0,0,0,9,5,E01022957,-1,0,0.06674,0.93326,-1,6,30,1,1,2,13:56,1,2,9
2023461339444,2023,461339444,1,2,2,1,18,4,3,0,0,1,0,0,9,3,E01016114,3,1,0.0,1.0,-1,6,60,1,1,2,18:55,2,1,9
2023041347941,2023,041347941,2,2,2,1,69,10,3,0,0,0,4,0,11,1,E01025046,3,1,0.0,1.0,-1,6,30,1,1,1,11:11,6,2,11
2023440110267,2023,440110267,1,1,3,1,35,6,3,9,8,0,0,0,0,9,E01023227,-1,0,0.16183,0.83817,-1,6,50,1,6,1,20:40,1,1,9
2023070711149,2023,070711149,1,1,1,2,19,4,3,0,0,0,0,0,9,9,E01017463,-1,0,0.04993,0.95007,-1,3,70,1,1,1,15:05,6,2,9
2023201294385,2023,201294385,2,1,2,2,46,8,3,0,0,1,0,0,9,2,E01010068,3,1,0.0,1.0,-1,3,40,1,1,1,10:15,5,2,9
2023332300044,2023,332300044,1,1,1,1,23,5,3,0,0,0,0,0,9,6,E01026344,-1,0,0.04153,0.95847,-1,6,50,1,6,4,18:55,2,1,9
2023991282341,2023,991282341,1,1,1,2,72,10,3,0,0,0,0,0,9,2,-1,3,1,0.0,1.0,-1,6,30,1,1,1,10:45,4,2,9
2023010484744,2023,010484744,1,1,1,1,21,5,3,0,0,0,0,0,3,4,E01003115,-1,0,0.0,1.0,-1,7,20,1,4,1,18:55,7,2,3
2023622300649,2023,622300649,1,1,1,1,25,5,3,0,0,0,0,0,4,1,W01001738,-1,0,0.10301,0.89699,-1,6,30,1,1,1,17:46,7,2,4
2023010462954,2023,010462954,2,2,2,2,7,2,3,0,0,1,0,0,9,2,E01000433,-1,0,0.0,1.0,-1,3,40,1,1,1,12:32,3,2,9
2023131365407,2023,131365407,1,2,2,1,6,2,3,0,0,2,0,0,9,9,E01011168,3,1,0.0,1.0,-1,6,60,1,1,2,08:48,7,1,9
2023548209623,2023,548209623,1,2,2,1,28,6,3,0,0,0,0,0,19,4,E01032715,-1,0,0.01545,0.98455,-1,3,70,1,1,1,17:26,6,2,19
2023522401043,2023,522401043,2,2,1,1,19,4,3,0,0,0,0,0,9,1,E01032518,-1,0,0.02577,0.97423,-1,6,20,1,4,1,16:50,6,2,9
202363D015923,2023,63D015923,1,1,1,2,89,11,3,0,0,0,0,0,9,2,W01000498,-1,0,0.19014,0.80986,-1,6,60,8,1,1,17:02,5,1,9
2023010459575,2023,010459575,1,2,2,1,-1,-1,3,0,0,1,0,0,9,6,E01002241,-1,0,0.0,1.0,-1,1,40,8,1,1,12:05,6,2,9
2023010465956,2023,010465956,1,1,1,2,49,8,3,0,0,0,0,0,9,4,E01000534,-1,0,0.0,1.0,-1,3,20,1,1,1,15:45,5,2,9
2023351302890,2023,351302890,1,3,2,1,12,3,3,0,0,2,0,0,9,8,E01018197,3,1,0.0,1.0,-1,6,30,2,5,2,02:22,1,1,9
2023430252671,2023,430252671,1,1,2,2,43,7,3,0,0,1,0,0,9,10,E01017872,-1,0,0.00766,0.99234,-1,6,30,1,1,1,08:05,5,2,9
2023440470910,2023,440470910,1,1,1,1,23,5,3,0,0,0,0,0,9,4,E01030805,-1,0,0.10273,0.89727,-1,3,70,1,6,1,16:22,6,3,9
2023520400633,2023,520400633,2,1,1,2,35,6,3,0,0,0,0,0,9,10,E01029254,-1,0,0.00728,0.99272,-1,1,30,1,1,1,10:00,4,2,9
2023010452505,2023,010452505,1,1,1,1,35,6,3,0,0,0,0,0,9,3,E01017536,-1,0,0.0,1.0,-1,6,30,1,4,1,00:50,7,2,9
2023052300548,2023,052300548,2,1,1,2,23,5,3,0,0,0,0,0,9,7,E01007306,-1,0,0.00957,0.99043,-1,3,30,1,1,1,07:00,3,2,9
2023131272187,2023,131272187,1,1,1,1,28,6,3,0,0,0,0,0,9,5,E01011793,3,1,0.0,1.0,-1,6,40,1,4,1,21:38,6,2,9
2023131352600,2023,131352600,1,1,1,2,54,8,3,0,0,0,0,0,9,2,E01011866,3,1,0.0,1.0,-1,6,30,1,1,1,18:20,1,2,9
2023221294277,2023,221294277,2,1,1,1,24,5,3,0,0,0,0,0,9,10,E01010108,3,1,0.0,1.0,-1,6,30,1,1,1,17:28,2,2,9
2023520400469,2023,520400469,1,1,2,2,27,6,3,0,0,1,0,0,9,8,E01029319,-1,0,0.02043,0.97957,-1,6,30,2,4,1,15:30,6,2,9
2023520400507,2023,520400507,1,1,1,2,19,4,3,0,0,0,0,0,9,7,E01029267,-1,0,0.02126,0.97874,-1,6,30,1,1,1,13:09,6,2,9
2023131271096,2023,131271096,2,1,1,2,48,8,2,0,0,0,0,0,1,3,E01011944,7,1,1.0,0.0,-1,6,30,1,7,1,15:10,3,2,1
2023440220330,2023,440220330,1,2,1,1,20,4,3,0,0,0,0,0,3,6,E01017298,-1,0,0.25194,0.74806,-1,6,40,1,6,1,01:18,1,1,3
2023552300059,2023,552300059,2,1,1,1,41,7,2,0,0,0,0,0,4,4,E01015321,-1,0,1.0,0.0,-1,6,30,1,1,2,13:34,4,2,4
2023010458420,2023,010458420,2,2,2,1,57,9,3,0,0,2,0,0,8,7,E01002199,-1,0,0.0,1.0,-1,6,30,1,1,1,18:20,3,2,8
2023161264582,2023,161264582,1,1,1,2,57,9,3,0,0,0,0,0,9,6,E01013418,3,1,0.0,1.0,-1,6,60,1,1,4,08:30,3,2,9
2023451317124,2023,451317124,1,1,1,1,32,6,3,0,0,0,0,0,3,6,E01002531,3,1,0.0,1.0,-1,1,40,1,1,2,09:05,7,2,3
2023332301167,2023,332301167,1,1,3,1,69,10,3,5,3,0,0,0,0,8,E01025748,-1,0,0.10208,0.89792,-1,6,60,1,1,1,10:12,5,1,9
2023010479067,2023,010479067,1,1,3,2,70,10,2,1,1,0,0,0,0,3,E01004397,-1,0,1.0,0.0,-1,3,30,1,1,2,09:45,2,1,19
2023101269095,2023,101269095,1,1,3,2,79,11,1,9,7,0,0,0,0,7,E01027486,1,1,0.0,0.0,-1,6,30,1,1,1,14:39,6,1,19
2023461294211,2023,461294211,2,1,1,1,9,2,3,0,0,0,0,0,1,2,E01024477,3,1,0.0,1.0,-1,6,30,1,1,1,16:59,2,2,1
2023320685272,2023,320685272,1,2,2,1,3,1,3,0,0,2,0,0,9,6,E01026380,-1,0,0.13704,0.86296,-1,6,60,2,6,2,21:20,7,1,9
2023991389448,2023,991389448,2,4,2,2,57,9,2,0,0,1,0,0,9,-1,-1,5,1,1.0,0.0,-1,6,60,2,6,2,21:45,1,2,9
2023010454668,2023,010454668,1,1,1,1,32,6,3,0,0,0,0,0,19,3,E01016030,-1,0,0.0,1.0,-1,3,50,1,1,1,20:30,3,2,19
2023010433810,2023,010433810,2,1,1,2,-1,-1,3,0,0,0,0,0,1,-1,-1,-1,0,0.0,1.0,-1,2,20,1,1,1,09:05,5,3,1
2023461268852,2023,461268852,1,1,1,1,45,7,3,0,0,0,0,0,5,4,E01024566,3,1,0.0,1.0,-1,6,40,1,1,4,08:02,3,2,5
2023311346081,2023,311346081,2,2,2,1,24,5,3,0,0,2,0,0,8,10,E01028137,3,1,0.0,1.0,-1,6,30,1,4,1,23:35,1,2,8
2023010433539,2023,010433539,1,1,1,1,22,5,3,0,0,0,0,0,9,3,E01000287,-1,0,0.0,1.0,-1,7,50,1,1,2,18:25,3,2,9
2023010477805,2023,010477805,2,2,1,1,38,7,3,0,0,0,0,0,9,6,E01015961,-1,0,0.0,1.0,-1,6,20,1,4,1,21:20,2,2,9
2023010456635,2023,010456635,1,1,2,2,-1,-1,3,0,0,0,2,0,11,-1,-1,-1,0,0.0,1.0,-1,6,30,1,1,9,20:41,6,1,11
2023010431097,2023,010431097,2,1,1,1,45,7,2,0,0,0,0,0,4,3,E01004458,-1,0,1.0,0.0,-1,1,20,2,4,2,16:30,4,2,4
2023010435129,2023,010435129,1,1,3,2,28,6,3,1,1,0,0,0,0,7,E01004609,-1,0,0.0,1.0,-1,6,30,2,4,2,21:37,4,1,9
2023471315679,2023,471315679,1,1,3,1,12,3,3,10,1,0,0,0,0,3,E01021037,3,1,0.0,1.0,-1,6,20,1,1,1,15:30,3,1,11
2023201287685,2023,201287685,1,1,1,1,35,6,3,0,0,0,0,0,19,1,E01009002,3,1,0.0,1.0,-1,3,70,1,6,2,17:26,1,2,19
2023461351165,2023,461351165,1,1,1,2,47,8,3,0,0,0,0,0,5,4,E01001613,3,1,0.0,1.0,-1,6,60,1,1,1,15:50,1,1,5
2023010423241,2023,010423241,1,1,1,2,62,9,3,0,0,0,0,0,9,2,E01000091,-1,0,0.0,1.0,-1,6,30,8,1,2,08:45,3,3,9
2023101332801,2023,101332801,4,7,2,1,56,9,3,0,0,1,0,0,9,4,E01020832,3,1,0.0,1.0,-1,6,60,1,1,1,09:58,2,4,9
2023041278160,2023,041278160,1,2,2,1,14,3,2,0,0,0,0,0,97,2,E01025579,6,1,1.0,0.0,-1,6,20,1,1,1,21:57,1,1,97
2023332300189,2023,332300189,1,1,2,1,17,4,3,0,0,1,0,0,9,5,E01013766,-1,0,0.03531,0.96469,-1,6,30,5,5,2,22:34,2,1,9
2023401298500,2023,401298500,1,1,1,1,19,4,3,0,0,0,0,0,9,7,E01017416,3,1,0.0,1.0,-1,6,60,2,1,2,22:17,3,1,9
2023010450571,2023,010450571,1,1,1,2,25,5,3,0,0,0,0,0,1,8,E01004502,-1,0,0.0,1.0,-1,6,20,1,1,1,20:20,3,2,1
2023991313067,2023,991313067,1,1,3,1,12,3,3,5,2,0,0,0,0,2,-1,3,1,0.0,1.0,-1,6,30,1,1,1,21:15,3,1,9
2023010428806,2023,010428806,1,1,1,1,73,10,3,0,0,0,0,0,9,6,E01000541,-1,0,0.0,1.0,-1,3,30,1,4,1,02:52,1,2,9
2023471338350,2023,471338350,2,1,1,2,20,4,3,0,0,0,0,0,9,10,E01031686,3,1,0.0,1.0,-1,6,50,1,4,1,22:00,6,2,9
2023061324284,2023,061324284,2,1,1,1,-1,-1,3,0,0,0,0,0,4,5,E01005248,3,1,0.0,1.0,-1,6,40,1,1,-1,20:25,4,2,4
2023411356488,2023,411356488,1,1,3,1,55,8,1,9,8,0,0,0,0,6,E01023583,1,1,0.0,0.0,-1,6,60,1,1,1,07:28,4,1,11
2023010420212,2023,010420212,1,1,1,1,42,7,3,0,0,0,0,0,1,3,E01004393,-1,0,0.0,1.0,-1,6,20,1,4,2,18:30,7,2,1
2023141341299,2023,141341299,1,2,2,2,38,7,3,0,0,1,0,0,9,1,E01009631,3,1,0.0,1.0,-1,3,70,1,6,1,00:08,2,4,9
2023461398622,2023,461398622,2,1,1,2,58,9,3,0,0,0,0,0,9,8,E01024419,3,1,0.0,1.0,-1,6,60,1,1,1,10:00,3,3,9
2023010433339,2023,010433339,1,1,1,1,47,8,3,0,0,0,0,0,5,8,E01024098,-1,0,0.0,1.0,-1,3,20,1,1,1,08:13,3,2,5
2023302300915,2023,302300915,1,1,3,1,64,9,3,5,2,0,0,0,0,4,E01019538,-1,0,0.19458,0.80542,-1,6,30,1,1,1,11:22,1,1,9
2023411330084,2023,411330084,1,1,3,1,49,8,3,10,9,0,0,0,0,7,E01023683,3,1,0.0,1.0,-1,6,30,1,4,1,00:02,1,1,9
2023471323119,2023,471323119,1,1,3,1,69,10,3,6,9,0,0,0,0,9,E01031711,3,1,0.0,1.0,-1,9,30,9,1,1,13:03,1,1,9
2023302300748,2023,302300748,1,1,2,1,17,4,2,0,0,0,0,0,3,5,E01019658,-1,0,1.0,0.0,-1,6,30,1,1,1,17:00,6,2,3
2023010474488,2023,010474488,2,1,1,1,23,5,2,0,0,0,0,0,2,2,E01003305,-1,0,1.0,0.0,-1,6,20,1,1,2,11:45,7,2,2
2023552300753,2023,552300753,1,1,1,1,41,7,3,0,0,0,0,0,19,1,E01015307,-1,0,0.07165,0.92835,-1,6,30,1,4,1,00:30,4,2,19
2023010480967,2023,010480967,2,1,1,1,19,4,3,0,0,0,0,0,1,3,E01023294,-1,0,0.0,1.0,-1,6,20,1,4,1,18:00,4,2,1
2023501355508,2023,501355508,2,1,1,1,58,9,3,0,0,0,0,0,1,2,E01015157,3,1,0.0,1.0,-1,6,30,1,1,1,14:45,1,2,1
2023010435245,2023,010435245,1,1,1,1,57,9,3,0,0,0,0,0,8,3,E01003688,-1,0,0.0,1.0,-1,9,30,9,1,2,16:39,6,2,8
2023041263085,2023,041263085,1,1,1,1,42,7,2,0,0,0,0,0,9,1,E01025062,5,1,1.0,0.0,-1,6,60,5,6,5,05:52,6,1,9
2023161350719,2023,161350719,1,1,2,2,41,7,3,0,0,1,0,0,9,4,E01012829,3,1,0.0,1.0,-1,3,40,1,1,1,13:50,7,1,9
2023320164481,2023,320164481,1,1,1,1,20,4,3,0,0,0,0,0,9,6,E01026213,-1,0,0.13543,0.86457,-1,6,40,2,4,2,00:05,7,1,9
2023351372965,2023,351372965,2,1,1,1,52,8,2,0,0,0,0,0,9,-1,-1,7,1,1.0,0.0,-1,3,70,1,1,1,13:05,4,2,9
2023461323457,2023,461323457,1,5,1,2,55,8,3,0,0,0,0,0,9,5,E01024551,3,1,0.0,1.0,-1,6,30,1,1,1,18:10,4,2,9
2023041274838,2023,041274838,1,1,3,2,40,7,2,8,5,0,0,0,0,5,E01025228,7,1,1.0,0.0,-1,6,30,1,4,2,06:51,4,1,9
2023052301671,2023,052301671,1,1,3,2,34,6,3,4,1,0,0,0,0,-1,-1,-1,0,0.13737,0.86263,-1,6,30,2,1,2,15:15,3,1,9
2023010423697,2023,010423697,1,1,1,1,28,6,3,0,0,0,0,0,1,7,E01032000,-1,0,0.0,1.0,-1,1,20,2,1,2,15:30,5,2,1
2023411328855,2023,411328855,2,1,1,1,40,7,3,0,0,0,0,0,1,10,E01023449,3,1,0.0,1.0,-1,6,30,1,1,-1,09:59,6,2,1
2023010481857,2023,010481857,1,1,1,1,28,6,3,0,0,0,0,0,3,4,E01000976,-1,0,0.0,1.0,-1,9,20,9,1,9,13:25,5,2,3
2023071016186,2023,071016186,2,1,1,2,35,6,3,0,0,0,0,0,9,8,E01018567,-1,0,0.01593,0.98407,-1,1,30,1,1,1,16:15,2,2,9
2023211298470,2023,211298470,2,1,1,2,56,9,3,0,0,0,0,0,9,8,E01029587,3,1,0.0,1.0,-1,3,50,1,1,-1,11:12,5,2,9
2023010443819,2023,010443819,2,1,1,1,48,8,3,0,0,0,0,0,1,9,E01004640,-1,0,0.0,1.0,-1,6,20,1,4,1,00:50,6,2,1
2023440375341,2023,440375341,2,1,1,1,32,6,2,0,0,0,0,0,1,6,E01017072,-1,0,1.0,0.0,-1,6,30,1,1,1,09:10,5,2,1
2023070304125,2023,070304125,2,1,1,1,19,4,3,0,0,0,0,0,3,10,E01018475,-1,0,0.12831,0.87169,-1,6,30,1,1,1,18:27,2,2,3
2023010465170,2023,010465170,2,1,1,1,19,4,3,0,0,0,0,0,4,3,E01001175,-1,0,0.0,1.0,-1,6,30,1,1,1,12:35,1,2,4
2023520301220,2023,520301220,2,1,1,1,51,8,2,0,0,0,0,0,5,7,E01029140,-1,0,1.0,0.0,-1,6,30,1,1,1,16:58,5,2,5
2023161351410,2023,161351410,1,1,3,1,74,10,1,9,6,0,0,2,0,10,E01013088,1,1,0.0,0.0,-1,3,70,2,6,2,20:08,2,2,9
2023010478123,2023,010478123,1,1,1,-1,46,8,3,0,0,0,0,0,3,3,E01002048,-1,0,0.0,1.0,-1,9,30,9,7,9,17:30,2,2,3
2023031314310,2023,031314310,1,1,1,2,22,5,3,0,0,0,0,0,9,5,E01019386,3,1,0.0,1.0,-1,7,70,1,1,1,13:21,5,2,9
2023061278563,2023,061278563,2,1,1,2,66,10,2,0,0,0,0,0,9,1,E01005196,6,1,1.0,0.0,-1,6,30,1,4,1,22:48,2,3,9
2023221319427,2023,221319427,1,3,2,2,18,4,3,0,0,1,0,0,9,4,E01028999,3,1,0.0,1.0,-1,6,60,1,1,1,15:25,2,3,9
2023320284981,2023,320284981,1,2,2,1,35,6,3,0,0,1,0,0,9,6,E01026205,-1,0,0.04714,0.95286,-1,6,50,1,1,1,09:50,5,2,9
2023421390859,2023,421390859,2,1,1,2,56,9,3,0,0,0,0,0,9,7,E01021540,3,1,0.0,1.0,-1,6,30,1,1,1,11:32,5,2,9
2023451371870,2023,451371870,2,3,2,1,16,4,3,0,0,1,0,0,9,10,E01003461,3,1,0.0,1.0,-1,6,40,1,4,1,20:22,3,2,9
2023501305500,2023,501305500,1,1,1,2,64,9,3,0,0,0,0,0,9,4,E01020087,3,1,0.0,1.0,-1,6,60,1,1,2,19:20,3,1,9
2023010461337,2023,010461337,1,1,1,2,45,7,3,0,0,0,0,0,9,1,E01001655,-1,0,0.0,1.0,-1,6,20,1,1,1,08:30,7,1,9
2023010463700,2023,010463700,2,5,2,2,50,8,3,0,0,2,0,0,9,3,E01002283,-1,0,0.0,1.0,-1,3,30,1,1,1,15:37,7,2,9
2023131270351,2023,131270351,1,1,1,2,34,6,2,0,0,0,0,0,9,1,E01033035,7,1,1.0,0.0,-1,6,30,4,1,1,09:55,3,2,9
2023440245463,2023,440245463,2,2,1,1,64,9,3,0,0,0,0,0,9,8,E01032845,-1,0,0.06739,0.93261,-1,1,30,1,1,1,14:08,3,2,9
2023101377792,2023,101377792,2,1,1,2,65,9,3,0,0,0,0,0,9,9,E01019238,3,1,0.0,1.0,-1,3,40,1,1,1,09:10,6,2,9
2023320728348,2023,320728348,1,1,1,1,52,8,2,0,0,0,0,0,9,4,E01026389,-1,0,1.0,0.0,-1,7,60,1,6,2,18:32,6,1,9
2023440503740,2023,440503740,1,1,1,1,21,5,3,0,0,0,0,0,9,5,E01017365,-1,0,0.17399,0.82601,-1,6,30,4,4,2,03:20,1,1,9
2023501372663,2023,501372663,1,1,1,2,37,7,3,0,0,0,0,0,9,1,E01015146,3,1,0.0,1.0,-1,3,40,2,1,2,11:35,7,2,9
2023622300988,2023,622300988,1,3,2,2,2,1,3,0,0,2,0,0,9,2,W01001705,-1,0,0.01791,0.98209,-1,6,20,1,1,1,16:58,6,2,9
2023501335480,2023,501335480,1,1,1,1,41,7,3,0,0,0,0,0,3,1,E01015030,3,1,0.0,1.0,-1,3,30,5,1,2,17:56,1,1,3
2023440322800,2023,440322800,1,1,1,1,51,8,1,0,0,0,0,0,5,10,E01023169,-1,0,0.0,0.0,-1,6,60,1,1,1,17:07,5,2,5
2023161324208,2023,161324208,1,1,1,1,17,4,3,0,0,0,0,0,1,3,E01012827,3,1,0.0,1.0,-1,6,30,2,1,2,19:26,4,2,1
2023070471868,2023,070471868,2,1,1,1,29,6,3,0,0,0,0,0,5,-1,-1,-1,0,0.20276,0.79724,-1,6,40,1,4,1,00:51,6,2,5
2023351371590,2023,351371590,2,1,1,1,46,8,3,0,0,0,0,0,11,7,E01017965,3,1,0.0,1.0,-1,3,30,1,1,1,18:00,5,2,11
2023201346780,2023,201346780,2,2,2,2,53,8,1,0,0,1,0,0,9,1,E01009364,1,1,0.0,0.0,-1,6,30,1,4,1,23:25,4,3,9
2023430542036,2023,430542036,1,1,1,1,34,6,3,0,0,0,0,0,9,5,E01016405,-1,0,0.01469,0.98531,-1,6,30,1,4,1,20:42,7,2,9
2023622300154,2023,622300154,2,2,1,1,44,7,3,0,0,0,0,0,5,4,W01001152,-1,0,0.12313,0.87687,-1,6,40,1,1,1,13:26,5,2,5
2023991345227,2023,991345227,2,1,1,1,54,8,2,0,0,0,0,0,5,6,-1,6,1,1.0,0.0,-1,6,30,1,1,1,16:30,5,2,5
2023010443757,2023,010443757,1,1,1,1,23,5,3,0,0,0,0,0,9,2,E01004240,-1,0,0.0,1.0,-1,9,30,1,1,1,18:45,5,1,9
2023101304387,2023,101304387,2,1,1,1,56,9,3,0,0,0,0,0,9,10,E01027458,3,1,0.0,1.0,-1,1,40,1,1,1,08:45,4,2,9
2023131340858,2023,131340858,3,3,2,1,25,5,3,0,0,1,0,0,9,-1,-1,3,1,0.0,1.0,-1,6,40,1,1,1,20:50,6,6,9
2023320602192,2023,320602192,1,1,1,1,35,6,2,0,0,0,0,0,9,6,E01026391,-1,0,1.0,0.0,-1,6,60,1,6,1,05:00,5,1,9
2023351311218,2023,351311218,2,2,1,1,25,5,3,0,0,0,0,0,9,4,E01012802,3,1,0.0,1.0,-1,6,30,1,1,1,17:24,5,4,9
2023440500269,2023,440500269,2,3,2,1,86,11,2,0,0,1,0,0,9,3,E01017315,-1,0,1.0,0.0,-1,6,60,2,6,2,16:48,5,2,9
2023451385752,2023,451385752,1,1,1,2,33,6,3,0,0,0,0,0,9,9,E01030673,3,1,0.0,1.0,-1,1,30,1,1,2,12:50,1,2,9
2023161378701,2023,161378701,2,1,1,1,34,6,3,0,0,0,0,0,1,3,E01012868,3,1,0.0,1.0,-1,6,30,1,1,1,14:35,6,2,1
2023371349553,2023,371349553,1,1,1,2,59,9,3,0,0,0,0,0,9,8,E01033443,3,1,0.0,1.0,-1,6,30,1,1,1,15:58,1,1,9
2023440137234,2023,440137234,2,1,1,2,85,11,3,0,0,0,0,0,9,4,E01023083,-1,0,0.09179,0.90821,-1,7,70,1,1,1,12:57,6,2,9
2023461383148,2023,461383148,2,2,2,2,65,9,3,0,0,-1,0,0,9,10,E01024724,3,1,0.0,1.0,-1,6,40,2,1,2,13:48,6,2,9