collision_index,collision_year,collision_ref_no,vehicle_reference,casualty_reference,casualty_class,sex_of_casualty,age_of_casualty,age_band_of_casualty,casualty_severity,pedestrian_location,pedestrian_movement,car_passenger,bus_or_coach_passenger,pedestrian_road_maintenance_worker,casualty_type,casualty_imd_decile,lsoa_of_casualty,enhanced_casualty_severity,casualty_injury_based,casualty_adjusted_severity_serious,casualty_adjusted_severity_slight,casualty_distance_banding,road_type,speed_limit,weather_conditions,light_conditions,road_surface_conditions,time,day_of_week,number_of_vehicles,vehicle_type
2023010431798,2023,010431798,1,1,3,1,28,6,3,7,9,0,0,0,0,5,E01002613,-1,0,0.0,1.0,-1,3,30,2,4,2,18:06,1,1,8
2023421384568,2023,421384568,1,1,3,2,58,9,2,8,1,0,0,0,0,-1,-1,5,1,1.0,0.0,-1,6,30,1,1,2,07:46,4,1,9
2023010460634,2023,010460634,1,1,1,1,27,6,3,0,0,0,0,0,3,1,E01002066,-1,0,0.0,1.0,-1,3,20,8,4,1,22:05,2,2,3
2023010475279,2023,010475279,1,1,3,1,29,6,3,5,1,0,0,0,0,3,E01003978,-1,0,0.0,1.0,-1,6,20,2,1,2,10:10,4,1,9
2023052301969,2023,052301969,2,1,1,1,60,9,3,0,0,0,0,0,1,10,E01007145,-1,0,0.16305,0.83695,-1,6,30,1,1,1,17:30,2,2,1
2023351323684,2023,351323684,2,1,1,1,11,3,3,0,0,0,0,0,1,9,E01033173,3,1,0.0,1.0,-1,6,40,1,1,1,15:05,6,2,1
2023461394821,2023,461394821,2,2,1,1,80,11,3,0,0,0,0,0,1,6,E01024674,3,1,0.0,1.0,-1,3,70,1,1,1,07:05,1,2,1
2023540590723,2023,540590723,2,1,1,2,67,10,3,0,0,0,0,0,1,7,E01015581,-1,0,0.06682,0.93318,-1,6,30,1,1,1,08:35,6,2,1
2023501271369,2023,501271369,1,1,1,2,34,6,3,0,0,0,0,0,9,1,E01019004,3,1,0.0,1.0,-1,6,60,1,1,1,08:01,5,1,9
2023010479401,2023,010479401,1,1,1,2,29,6,3,0,0,0,0,0,1,5,E01002692,-1,0,0.0,1.0,-1,6,20,1,1,1,08:17,3,2,1
2023141258662,2023,141258662,1,1,2,1,19,4,2,0,0,2,0,0,9,3,E01007538,5,1,1.0,0.0,-1,3,40,2,4,2,02:00,1,1,9
2023221271539,2023,221271539,2,1,1,1,63,9,3,0,0,0,0,0,9,3,E01029014,3,1,0.0,1.0,-1,6,60,2,6,2,19:55,3,2,9
2023440291598,2023,440291598,2,3,1,1,18,4,3,0,0,0,0,0,9,5,E01017317,-1,0,0.04093,0.95907,-1,6,30,1,1,1,12:50,5,2,9
2023440505888,2023,440505888,1,1,1,2,23,5,3,0,0,0,0,0,9,2,E01017345,-1,0,0.04846,0.95154,-1,6,30,1,4,2,19:19,2,2,9
2023461274083,2023,461274083,2,1,1,2,53,8,3,0,0,0,0,0,9,8,E01024451,3,1,0.0,1.0,-1,6,30,1,6,1,22:11,6,2,9
2023010447044,2023,010447044,1,1,1,1,42,7,3,0,0,0,0,0,1,9,E01000201,-1,0,0.0,1.0,-1,6,30,1,1,1,09:15,2,2,1
2023351363907,2023,351363907,1,2,1,1,32,6,3,0,0,0,0,0,19,-1,-1,3,1,0.0,1.0,-1,6,60,1,1,1,16:43,2,4,19
2023471295908,2023,471295908,2,2,2,2,13,3,3,0,0,1,0,0,9,7,E01020943,3,1,0.0,1.0,-1,6,30,2,4,2,20:23,3,2,9
2023471383664,2023,471383664,1,1,1,1,47,8,2,0,0,0,0,0,9,10,E01031803,7,1,1.0,0.0,-1,6,40,1,4,2,01:00,5,1,9
2023546083123,2023,546083123,1,2,2,2,59,9,3,0,0,1,0,0,9,-1,-1,-1,0,0.0848,0.9152,-1,6,60,1,1,1,14:40,7,3,9
2023451350108,2023,451350108,1,1,1,2,40,7,3,0,0,0,0,0,1,8,E01030979,3,1,0.0,1.0,-1,1,30,1,1,1,08:35,5,2,1
2023010462642,2023,010462642,1,1,1,1,32,6,3,0,0,0,0,0,3,6,E01003226,-1,0,0.0,1.0,-1,6,20,9,1,9,15:35,6,2,3
2023302300744,2023,302300744,1,1,1,1,21,5,3,0,0,0,0,0,5,5,E01029462,-1,0,0.21016,0.78984,-1,6,50,1,1,1,14:30,1,2,5
2023031342085,2023,031342085,1,1,3,1,27,6,3,1,1,0,0,0,0,-1,-1,3,1,0.0,1.0,-1,6,30,1,1,1,18:33,3,1,9
2023320412737,2023,320412737,2,1,1,2,9,2,2,0,0,0,0,0,1,1,E01026312,-1,0,1.0,0.0,-1,6,30,1,1,1,15:20,3,2,1
2023010478094,2023,010478094,1,1,1,1,48,8,3,0,0,0,0,0,5,3,E01003960,-1,0,0.0,1.0,-1,6,20,1,1,1,12:03,6,2,5
2023430511503,2023,430511503,2,1,1,1,26,6,3,0,0,0,0,0,1,4,E01028587,-1,0,0.05338,0.94662,-1,6,20,1,4,2,17:25,2,3,1
2023302300589,2023,302300589,1,1,1,1,72,10,2,0,0,0,0,0,4,4,E01027929,-1,0,1.0,0.0,-1,6,30,1,1,1,13:17,3,2,4
2023010435397,2023,010435397,1,1,3,1,22,5,3,6,9,0,0,0,0,6,E01001319,-1,0,0.0,1.0,-1,9,20,5,4,2,12:39,7,1,9
2023201300281,2023,201300281,1,1,3,2,86,11,2,8,9,0,0,0,0,3,E01009928,7,1,1.0,0.0,-1,6,30,1,1,1,11:10,3,1,9
2023991340795,2023,991340795,1,1,3,1,23,5,3,5,3,0,0,2,0,-1,-1,3,1,0.0,1.0,-1,6,30,1,1,1,17:02,6,1,9
2023010443392,2023,010443392,1,1,1,1,25,5,3,0,0,0,0,0,4,-1,-1,-1,0,0.0,1.0,-1,6,40,1,6,1,22:35,3,2,4
2023122300711,2023,122300711,1,1,3,2,15,3,3,5,2,0,0,0,0,3,E01013447,-1,0,0.07247,0.92753,-1,6,30,1,1,1,18:20,3,1,9
2023340WN1662,2023,340WN1662,2,1,1,2,56,9,3,0,0,0,0,0,9,-1,-1,-1,0,0.00449,0.99551,-1,6,30,2,1,2,12:45,6,2,9
2023430481333,2023,430481333,4,2,1,1,57,9,3,0,0,0,0,0,9,10,E01028475,-1,0,0.06661,0.93339,-1,6,60,2,1,2,07:48,5,4,9
2023010433664,2023,010433664,1,1,2,2,66,10,3,0,0,0,3,0,11,9,E01001992,-1,0,0.0,1.0,-1,3,30,8,4,1,20:48,4,1,11
2023201387608,2023,201387608,1,1,3,2,78,11,2,1,1,0,0,0,0,3,E01009664,7,1,1.0,0.0,-1,6,20,1,1,1,11:40,1,1,9
2023061370849,2023,061370849,1,1,3,1,30,6,2,9,8,0,0,0,0,1,E01004825,5,1,1.0,0.0,-1,6,30,1,4,2,06:07,1,1,9
2023991358688,2023,991358688,2,1,1,2,51,8,2,0,0,0,0,0,1,-1,-1,7,1,1.0,0.0,-1,6,30,1,1,1,14:30,2,2,1
2023501335576,2023,501335576,2,1,1,1,28,6,3,0,0,0,0,0,1,4,E01020199,3,1,0.0,1.0,-1,6,60,1,1,1,09:05,1,2,1
2023010446537,2023,010446537,1,1,1,2,40,7,3,0,0,0,0,0,9,3,E01004182,-1,0,0.0,1.0,-1,1,30,1,1,1,13:08,6,2,9
2023041263144,2023,041263144,1,1,1,2,63,9,3,0,0,0,0,0,9,7,E01025005,3,1,0.0,1.0,-1,6,30,4,4,1,16:20,5,2,9
2023351365974,2023,351365974,2,1,1,2,35,6,3,0,0,0,0,0,9,5,E01018214,3,1,0.0,1.0,-1,6,30,2,4,-1,18:47,6,2,9
2023010431456,2023,010431456,1,1,1,1,52,8,3,0,0,0,0,0,9,-1,-1,-1,0,0.0,1.0,-1,9,20,1,1,1,12:15,2,2,9
2023010468246,2023,010468246,2,2,1,1,22,5,3,0,0,0,0,0,9,-1,-1,-1,0,0.0,1.0,-1,3,30,1,4,1,19:22,2,2,9
2023440415793,2023,440415793,2,1,1,1,34,6,3,0,0,0,0,0,9,5,E01017221,-1,0,0.05321,0.94679,-1,6,40,1,1,1,07:36,4,2,9
2023131355665,2023,131355665,1,1,1,1,26,6,3,0,0,0,0,0,9,1,E01011295,3,1,0.0,1.0,-1,6,30,1,4,2,04:45,1,2,9
2023141370890,2023,141370890,1,1,1,2,51,8,3,0,0,0,0,0,9,6,E01008002,3,1,0.0,1.0,-1,6,30,1,1,1,12:50,1,2,9
2023320390138,2023,320390138,1,8,1,2,44,7,3,0,0,0,0,0,9,-1,-1,-1,0,0.1232,0.8768,-1,6,60,1,1,1,14:05,1,3,9
2023440023104,2023,440023104,1,1,1,1,40,7,3,0,0,0,0,0,9,4,E01017235,-1,0,0.04174,0.95826,-1,6,30,1,1,4,09:19,4,2,9
2023041304769,2023,041304769,1,1,3,1,52,8,3,8,7,0,0,2,0,8,E01025411,3,1,0.0,1.0,-1,6,20,1,1,1,16:15,6,1,9
2023201404498,2023,201404498,2,2,2,1,8,2,3,0,0,2,0,0,9,10,E01025846,3,1,0.0,1.0,-1,3,40,1,5,2,21:35,6,2,9
2023351283604,2023,351283604,1,1,1,1,19,4,3,0,0,0,0,0,9,8,E01018236,3,1,0.0,1.0,-1,6,60,1,6,2,19:24,7,1,9
202360A077077,2023,60A077077,3,3,2,2,3,1,3,0,0,2,0,0,9,-1,-1,-1,0,0.05506,0.94494,-1,6,60,1,1,1,08:36,3,3,9
2023010419209,2023,010419209,1,1,3,1,33,6,3,8,1,0,0,0,0,8,E01000989,-1,0,0.0,1.0,-1,6,20,1,4,1,07:23,1,1,9
2023320347255,2023,320347255,1,1,3,1,2,1,3,6,9,0,0,0,0,1,E01026308,-1,0,0.06086,0.93914,-1,6,30,1,1,1,12:00,2,1,90
2023010437230,2023,010437230,1,1,1,1,24,5,2,0,0,0,0,0,3,3,E01021423,-1,0,1.0,0.0,-1,3,30,1,1,1,15:55,5,2,3
2023131258685,2023,131258685,2,2,2,2,16,4,3,0,0,2,0,0,9,4,E01011012,3,1,0.0,1.0,-1,3,30,2,1,2,12:00,1,2,9
2023421272425,2023,421272425,1,1,1,2,27,6,2,0,0,0,0,0,9,5,E01021499,7,1,1.0,0.0,-1,3,70,1,5,1,22:01,7,2,9
2023461384270,2023,461384270,2,1,2,2,80,11,3,0,0,1,0,0,9,10,E01000688,3,1,0.0,1.0,-1,6,60,2,1,2,14:35,6,2,9
2023991312345,2023,991312345,1,1,1,1,39,7,2,0,0,0,0,0,5,6,-1,7,1,1.0,0.0,-1,6,60,1,1,1,13:05,1,1,5
2023421350109,2023,421350109,2,2,1,1,49,8,3,0,0,0,0,0,19,9,E01021661,3,1,0.0,1.0,-1,6,30,1,1,1,16:34,5,2,19
2023320623195,2023,320623195,1,1,1,1,-1,-1,3,0,0,0,0,0,9,1,E01026074,-1,0,0.04203,0.95797,-1,6,30,1,1,1,09:15,7,2,9
2023421283203,2023,421283203,1,2,2,1,56,9,3,0,0,2,0,0,9,2,E01021020,3,1,0.0,1.0,-1,3,70,1,1,1,10:10,1,2,9
2023451332008,2023,451332008,1,2,1,1,29,6,3,0,0,0,0,0,9,9,E01001104,3,1,0.0,1.0,-1,3,70,1,1,1,14:59,6,2,9
2023440232191,2023,440232191,1,1,1,1,31,6,3,0,0,0,0,0,1,4,E01017217,-1,0,0.06706,0.93294,-1,6,30,1,1,2,11:35,1,2,1
2023461300084,2023,461300084,2,1,1,1,33,6,2,0,0,0,0,0,3,1,E01021290,5,1,1.0,0.0,-1,6,50,1,1,1,17:50,1,2,3
2023332300453,2023,332300453,2,2,1,1,54,8,2,0,0,0,0,0,5,9,E01025675,-1,0,1.0,0.0,-1,6,60,1,1,1,13:09,1,2,5
2023010474910,2023,010474910,1,1,3,2,62,9,3,1,1,0,0,0,0,4,E01001928,-1,0,0.0,1.0,-1,1,20,1,1,2,14:15,2,1,9
2023461380391,2023,461380391,1,1,3,2,36,7,3,6,9,0,0,0,0,1,E01024649,3,1,0.0,1.0,-1,6,30,2,1,2,13:18,7,1,19
2023622300304,2023,622300304,1,1,1,1,19,4,2,0,0,0,0,0,3,9,W01000956,-1,0,1.0,0.0,-1,6,30,1,1,1,15:14,1,1,3
2023302300647,2023,302300647,2,1,1,2,19,4,3,0,0,0,0,0,3,9,E01019597,-1,0,0.15579,0.84421,-1,6,40,1,1,1,16:52,2,2,3
2023520301608,2023,520301608,1,1,3,1,49,8,3,1,9,0,0,0,0,8,E01029296,-1,0,0.08801,0.91199,-1,6,30,1,1,1,16:54,6,1,9
2023311324562,2023,311324562,2,1,1,1,15,3,3,0,0,0,0,0,1,-1,-1,3,1,0.0,1.0,-1,6,30,1,1,1,08:25,2,2,1
2023041273955,2023,041273955,2,1,3,1,42,7,3,10,9,0,0,0,0,6,E01025338,3,1,0.0,1.0,-1,6,40,1,4,2,19:43,1,3,9
2023440520790,2023,440520790,1,1,3,1,71,10,2,5,9,0,0,0,0,1,E01033383,-1,0,1.0,0.0,-1,6,30,1,4,1,16:10,6,1,9
2023010470058,2023,010470058,1,1,1,1,56,9,3,0,0,0,0,0,1,5,E01003085,-1,0,0.0,1.0,-1,6,20,8,1,1,18:40,3,1,1
2023421379849,2023,421379849,1,1,1,1,17,4,3,0,0,0,0,0,1,-1,-1,3,1,0.0,1.0,-1,6,30,1,1,1,15:40,5,2,1
2023010425506,2023,010425506,1,1,1,1,20,4,3,0,0,0,0,0,3,3,E01000511,-1,0,0.0,1.0,-1,6,30,1,4,1,18:25,1,2,3
202360A054576,2023,60A054576,1,1,1,1,50,8,3,0,0,0,0,0,5,-1,-1,-1,0,0.2335,0.7665,-1,6,30,1,1,1,13:17,7,2,5
2023161371180,2023,161371180,1,1,3,1,67,10,3,9,5,0,0,2,0,8,E01013094,3,1,0.0,1.0,-1,6,30,1,1,1,08:40,5,1,9
2023471383214,2023,471383214,1,1,3,1,61,9,3,1,9,0,0,0,0,2,E01016941,3,1,0.0,1.0,-1,6,20,1,1,1,11:48,7,1,9
2023010448175,2023,010448175,1,1,1,1,41,7,3,0,0,0,0,0,1,3,E01002070,-1,0,0.0,1.0,-1,6,20,1,1,1,08:46,2,2,1
2023061364031,2023,061364031,3,2,2,1,42,7,3,0,0,1,0,0,9,-1,-1,3,1,0.0,1.0,-1,6,30,1,4,1,02:16,4,3,9
2023161280526,2023,161280526,2,4,2,1,20,4,3,0,0,2,0,0,9,9,E01013275,3,1,0.0,1.0,-1,3,70,1,4,2,19:57,7,2,9
2023332300035,2023,332300035,1,2,1,2,23,5,3,0,0,0,0,0,9,2,E01013631,-1,0,0.01778,0.98222,-1,3,70,2,4,2,20:55,6,2,9
2023361375734,2023,361375734,1,3,1,1,36,7,2,0,0,0,0,0,9,3,E01026825,7,1,1.0,0.0,-1,6,30,1,1,1,12:26,4,2,9
2023201304917,2023,201304917,2,2,2,2,48,8,3,0,0,1,0,0,9,8,W01001752,3,1,0.0,1.0,-1,3,70,1,1,1,14:33,5,2,9
2023451327070,2023,451327070,2,1,1,1,33,6,3,0,0,0,0,0,9,10,E01030989,3,1,0.0,1.0,-1,6,40,8,1,1,15:05,6,3,9
2023481380235,2023,481380235,1,1,2,2,59,9,3,0,0,0,3,0,11,-1,-1,3,1,0.0,1.0,-1,6,20,1,1,1,10:15,2,1,11
2023010453527,2023,010453527,1,1,1,1,48,8,3,0,0,0,0,0,9,3,E01003331,-1,0,0.0,1.0,-1,3,20,1,1,1,08:05,5,2,9
2023061289048,2023,061289048,2,1,1,1,49,8,3,0,0,0,0,0,9,8,E01004845,3,1,0.0,1.0,-1,6,30,9,7,1,21:56,7,2,9
2023311352191,2023,311352191,2,2,1,1,54,8,2,0,0,0,0,0,9,9,E01028376,5,1,1.0,0.0,-1,6,60,1,6,2,19:29,3,2,9
2023010466442,2023,010466442,1,1,1,1,52,8,3,0,0,0,0,0,9,1,E01002842,-1,0,0.0,1.0,-1,6,30,1,1,1,15:15,7,2,9
2023231291536,2023,231291536,1,1,1,1,48,8,3,0,0,0,0,0,9,2,E01009592,3,1,0.0,1.0,-1,1,50,1,1,1,11:36,6,2,9
2023361278416,2023,361278416,2,1,1,2,23,5,3,0,0,0,0,0,9,4,E01026705,3,1,0.0,1.0,-1,6,30,1,1,1,09:43,1,2,9
2023302301202,2023,302301202,2,2,1,2,43,7,2,0,0,0,0,0,9,2,E01019761,-1,0,1.0,0.0,-1,6,30,2,1,2,15:29,5,2,9
2023440411429,2023,440411429,1,1,1,2,28,6,3,0,0,0,0,0,9,10,E01022868,-1,0,0.05699,0.94301,-1,6,30,1,1,1,10:44,1,2,9
2023461347640,2023,461347640,2,1,1,1,81,11,3,0,0,0,0,0,9,8,E01016093,3,1,0.0,1.0,-1,6,30,1,1,1,10:10,2,2,9
2023161289117,2023,161289117,2,1,1,1,61,9,3,0,0,0,0,0,9,2,E01013130,3,1,0.0,1.0,-1,6,30,1,1,1,13:00,3,2,9
2023231349998,2023,231349998,1,1,1,1,45,7,2,0,0,0,0,0,9,6,E01031049,6,1,1.0,0.0,-1,3,70,1,1,1,06:15,5,1,9
2023010492473,2023,010492473,1,2,2,-1,-1,-1,3,0,0,1,0,0,9,6,E01000262,-1,0,0.0,1.0,-1,3,40,2,7,9,18:40,2,2,9
2023041288808,2023,041288808,2,4,1,2,47,8,2,0,0,0,0,0,9,9,E01025324,5,1,1.0,0.0,-1,6,60,5,6,2,21:45,2,2,9
2023041312642,2023,041312642,1,1,1,2,19,4,3,0,0,0,0,0,9,5,E01025200,3,1,0.0,1.0,-1,6,30,1,1,1,10:30,6,2,9
2023201362021,2023,201362021,1,1,1,1,61,9,3,0,0,0,0,0,9,-1,-1,3,1,0.0,1.0,-1,6,30,1,1,1,16:57,3,2,9
2023231295360,2023,231295360,1,1,2,1,52,8,3,0,0,1,0,0,9,2,E01010363,3,1,0.0,1.0,-1,3,70,1,1,1,14:20,7,1,9
2023430246768,2023,430246768,1,1,1,1,57,9,3,0,0,0,0,0,20,4,E01028500,-1,0,0.11855,0.88145,-1,6,60,1,1,1,15:55,2,2,20
2023131389272,2023,131389272,2,1,1,1,58,9,3,0,0,0,0,0,9,8,E01011769,3,1,0.0,1.0,-1,6,30,1,1,2,12:45,7,2,9
2023302301808,2023,302301808,2,1,1,1,39,7,3,0,0,0,0,0,9,2,E01013947,-1,0,0.05924,0.94076,-1,3,70,1,6,1,20:55,6,2,9
2023052300145,2023,052300145,1,1,1,2,42,7,3,0,0,0,0,0,9,1,E01007048,-1,0,0.00525,0.99475,-1,3,30,1,4,1,16:30,1,1,9
2023430150270,2023,430150270,1,1,1,1,38,7,3,0,0,0,0,0,9,10,E01016522,-1,0,0.06974,0.93026,-1,6,40,1,4,1,21:46,4,2,9
2023461296075,2023,461296075,2,2,1,2,54,8,2,0,0,0,0,0,9,5,E01024095,7,1,1.0,0.0,-1,6,40,1,1,1,12:25,5,4,9
2023010464469,2023,010464469,2,2,1,2,22,5,3,0,0,0,0,0,-1,1,E01004241,-1,0,0.0,1.0,-1,6,20,1,4,1,21:37,4,2,-1
2023010448388,2023,010448388,1,1,3,2,18,4,3,1,3,0,0,0,0,2,E01004460,-1,0,0.0,1.0,-1,6,20,1,1,1,18:25,1,1,9
2023111302946,2023,111302946,1,1,3,2,38,7,3,10,9,0,0,0,0,2,E01020820,3,1,0.0,1.0,-1,6,30,1,1,1,16:05,5,1,11
2023471372545,2023,471372545,1,1,3,1,59,9,3,7,3,0,0,0,0,4,E01031377,3,1,0.0,1.0,-1,6,30,1,4,1,18:50,4,1,9
2023010471378,2023,010471378,1,1,1,1,34,6,3,0,0,0,0,0,1,2,E01001833,-1,0,0.0,1.0,-1,6,20,8,1,1,13:06,1,1,1
2023451294980,2023,451294980,2,1,1,1,77,11,3,0,0,0,0,0,1,8,E01030538,3,1,0.0,1.0,-1,6,40,1,1,1,09:35,1,2,1
2023361331557,2023,361331557,2,1,1,1,22,5,2,0,0,0,0,0,1,2,E01026698,7,1,1.0,0.0,-1,6,30,1,1,1,17:20,5,2,1
2023548697323,2023,548697323,2,1,1,1,51,8,3,0,0,0,0,0,1,3,E01015530,-1,0,0.10313,0.89687,-1,2,30,1,1,1,17:19,5,2,1
2023520301782,2023,520301782,1,1,1,1,56,9,3,0,0,0,0,0,4,6,E01029070,-1,0,0.03356,0.96644,-1,6,20,1,1,2,15:50,5,2,4
2023052302130,2023,052302130,1,1,1,1,46,8,3,0,0,0,0,0,-1,1,E01006775,-1,0,0.08121,0.91879,-1,9,20,1,1,1,13:20,1,2,-1
2023544789823,2023,544789823,2,1,1,1,22,5,3,0,0,0,0,0,5,9,E01015566,-1,0,0.1229,0.8771,-1,6,30,1,1,1,13:52,1,2,5
2023010443970,2023,010443970,1,1,3,2,31,6,3,6,9,0,0,0,0,3,E01003579,-1,0,0.0,1.0,-1,6,20,1,1,1,18:10,6,1,1
2023161341023,2023,161341023,1,2,2,2,30,6,3,0,0,1,0,0,9,1,E01012838,3,1,0.0,1.0,-1,6,40,1,1,2,15:58,7,1,9
2023471304775,2023,471304775,2,1,1,1,32,6,3,0,0,0,0,0,9,2,E01021020,3,1,0.0,1.0,-1,6,30,1,1,2,19:55,7,2,9
2023991336211,2023,991336211,1,1,1,1,19,4,3,0,0,0,0,0,9,6,-1,3,1,0.0,1.0,-1,6,60,2,1,2,17:15,2,2,9
2023010440337,2023,010440337,2,1,1,1,41,7,3,0,0,0,0,0,1,3,E01001728,-1,0,0.0,1.0,-1,6,20,1,1,1,10:00,1,2,1
2023010429863,2023,010429863,1,1,1,1,30,6,3,0,0,0,0,0,3,2,E01033085,-1,0,0.0,1.0,-1,1,30,1,1,1,15:45,4,2,3
2023061338149,2023,061338149,1,1,1,1,61,9,3,0,0,0,0,0,9,9,E01011170,3,1,0.0,1.0,-1,6,60,1,1,1,15:00,3,2,9
2023141307725,2023,141307725,1,1,1,1,47,8,2,0,0,0,0,0,9,1,E01007716,7,1,1.0,0.0,-1,6,30,8,4,2,01:07,3,2,9
2023411387545,2023,411387545,2,2,2,2,53,8,3,0,0,1,0,0,9,7,E01023719,3,1,0.0,1.0,-1,3,30,2,4,2,18:55,3,2,9
2023430102655,2023,430102655,2,1,1,1,31,6,3,0,0,0,0,0,9,-1,-1,-1,0,0.0042,0.9958,-1,1,30,1,1,2,08:40,3,2,9
2023010483089,2023,010483089,1,1,1,1,63,9,3,0,0,0,0,0,19,3,E01001831,-1,0,0.0,1.0,-1,6,20,8,1,1,13:00,7,2,19
2023141284666,2023,141284666,1,1,3,2,47,8,3,5,9,0,0,0,0,10,E01023996,3,1,0.0,1.0,-1,6,30,2,1,2,14:52,4,1,9
2023201339229,2023,201339229,1,4,2,1,16,4,3,0,0,1,0,0,9,-1,-1,3,1,0.0,1.0,-1,6,30,1,4,1,02:56,5,2,9
2023440038797,2023,440038797,2,1,2,1,19,4,3,0,0,1,0,0,9,10,E01022931,-1,0,0.03355,0.96645,-1,6,30,1,1,1,12:40,1,2,9
2023440197177,2023,440197177,2,2,1,2,63,9,2,0,0,0,0,0,9,9,E01022492,-1,0,1.0,0.0,-1,6,40,1,1,1,08:44,6,3,9
2023501342360,2023,501342360,1,3,2,2,58,9,3,0,0,1,0,0,9,-1,-1,3,1,0.0,1.0,-1,6,60,1,1,1,10:00,4,2,9
2023991370730,2023,991370730,2,1,1,1,27,6,3,0,0,0,0,0,9,2,-1,3,1,0.0,1.0,-1,6,30,1,4,1,17:20,7,3,9
2023471310743,2023,471310743,1,1,3,1,53,8,2,4,2,0,0,2,0,-1,-1,5,1,1.0,0.0,-1,3,30,1,1,1,11:10,1,1,9
2023010450718,2023,010450718,1,1,1,1,57,9,3,0,0,0,0,0,9,3,E01023865,-1,0,0.0,1.0,-1,6,30,1,1,1,10:55,5,3,9
2023471311925,2023,471311925,1,1,1,2,59,9,3,0,0,0,0,0,9,3,E01031350,3,1,0.0,1.0,-1,6,40,1,1,1,15:36,6,4,9
2023010453276,2023,010453276,2,1,1,2,33,6,3,0,0,0,0,0,-1,2,E01003633,-1,0,0.0,1.0,-1,6,30,1,1,1,08:15,4,2,-1
2023010462434,2023,010462434,1,1,2,-1,0,1,3,0,0,2,0,0,9,2,E01003240,-1,0,0.0,1.0,-1,6,20,1,1,1,18:30,6,2,9
2023010486808,2023,010486808,2,1,2,1,15,3,3,0,0,9,0,0,9,5,E01002371,-1,0,0.0,1.0,-1,9,30,9,1,9,06:10,7,2,9
2023461306582,2023,461306582,1,2,2,2,19,4,3,0,0,2,0,0,9,7,E01024140,3,1,0.0,1.0,-1,6,50,1,6,2,21:13,5,1,9
2023010446559,2023,010446559,1,1,3,2,92,11,3,8,9,0,0,0,0,10,E01000838,-1,0,0.0,1.0,-1,1,20,8,1,1,16:47,6,1,9
2023361281518,2023,361281518,1,1,3,2,25,5,2,10,9,0,0,0,0,2,E01026698,5,1,1.0,0.0,-1,6,30,1,1,1,14:48,3,1,19
2023451263535,2023,451263535,1,2,2,2,77,11,2,0,0,1,0,0,9,10,E01030728,6,1,1.0,0.0,-1,3,30,1,1,1,14:05,1,4,9
2023501283444,2023,501283444,2,1,1,1,74,10,3,0,0,0,0,0,9,6,E01019893,3,1,0.0,1.0,-1,6,50,1,1,2,11:50,6,3,9
2023340WN7052,2023,340WN7052,2,2,1,2,27,6,2,0,0,0,0,0,9,8,E01027024,-1,0,1.0,0.0,-1,6,60,1,6,2,18:45,7,2,9
2023101279800,2023,101279800,1,2,2,1,-1,-1,3,0,0,0,4,0,11,9,E01020612,3,1,0.0,1.0,-1,6,20,9,1,1,15:15,1,1,11
2023471380302,2023,471380302,2,1,1,2,35,6,3,0,0,0,0,0,9,10,E01031695,3,1,0.0,1.0,-1,6,40,1,4,2,17:40,4,2,9
2023201299038,2023,201299038,1,1,1,2,-1,-1,3,0,0,0,0,0,9,-1,-1,3,1,0.0,1.0,-1,3,30,2,4,2,00:58,2,1,9
2023451306847,2023,451306847,1,1,2,1,23,5,2,0,0,1,0,0,9,10,E01030584,7,1,1.0,0.0,-1,6,40,1,6,1,01:00,7,1,9
2023622301045,2023,622301045,1,1,1,1,57,9,3,0,0,0,0,0,9,2,W01001862,-1,0,0.05142,0.94858,-1,6,20,1,1,1,15:41,2,2,9
2023141288972,2023,141288972,1,1,1,2,49,8,3,0,0,0,0,0,9,1,E01011617,3,1,0.0,1.0,-1,6,30,1,1,1,07:07,3,2,9
2023332301206,2023,332301206,1,4,2,2,1,1,3,0,0,2,0,0,9,8,E01025959,-1,0,0.03601,0.96399,-1,6,50,2,6,2,16:15,3,2,9
2023552301262,2023,552301262,1,2,2,1,21,5,3,0,0,2,0,0,9,10,E01020525,-1,0,0.09419,0.90581,-1,3,70,1,6,1,21:10,7,1,9
2023010432451,2023,010432451,1,2,2,1,22,5,3,0,0,1,0,0,9,7,E01002427,-1,0,0.0,1.0,-1,6,30,1,1,2,08:03,5,2,9
2023052301366,2023,052301366,1,1,1,2,30,6,3,0,0,0,0,0,9,1,E01006542,-1,0,0.05927,0.94073,-1,6,20,5,1,2,21:00,7,2,9
2023440144482,2023,440144482,1,1,1,1,23,5,3,0,0,0,0,0,20,3,E01022550,-1,0,0.0825,0.9175,-1,6,40,1,1,1,12:32,5,3,20
2023991314320,2023,991314320,2,1,1,1,47,8,3,0,0,0,0,0,1,-1,-1,3,1,0.0,1.0,-1,6,20,1,1,1,17:30,6,2,1
2023501322141,2023,501322141,1,1,1,1,32,6,3,0,0,0,0,0,5,6,E01020202,3,1,0.0,1.0,-1,6,60,1,1,1,12:16,5,1,5
2023010430676,2023,010430676,1,1,3,2,65,9,3,4,9,0,0,0,0,4,E01002592,-1,0,0.0,1.0,-1,6,30,9,1,1,17:15,3,1,97
2023201408345,2023,201408345,1,3,3,1,35,6,3,9,9,0,0,2,0,2,E01009340,3,1,0.0,1.0,-1,6,30,1,4,1,22:45,1,7,9