collision_index,collision_year,collision_ref_no,vehicle_reference,casualty_reference,casualty_class,sex_of_casualty,age_of_casualty,age_band_of_casualty,casualty_severity,pedestrian_location,pedestrian_movement,car_passenger,bus_or_coach_passenger,pedestrian_road_maintenance_worker,casualty_type,casualty_imd_decile,lsoa_of_casualty,enhanced_casualty_severity,casualty_injury_based,casualty_adjusted_severity_serious,casualty_adjusted_severity_slight,casualty_distance_banding,road_type,speed_limit,weather_conditions,light_conditions,road_surface_conditions,time,day_of_week,number_of_vehicles,vehicle_type
2023010420529,2023,010420529,1,2,2,-1,-1,-1,3,0,0,0,0,0,19,5,E01003084,-1,0,0.0,1.0,-1,6,20,2,1,2,15:10,1,2,19
2023010487975,2023,010487975,1,1,1,1,35,6,3,0,0,0,0,0,9,4,E01001503,-1,0,0.0,1.0,-1,2,20,1,1,1,16:32,3,2,9
2023031355315,2023,031355315,1,3,1,2,31,6,3,0,0,0,0,0,9,3,E01019205,3,1,0.0,1.0,-1,6,60,1,1,2,14:40,6,1,9
2023451283273,2023,451283273,2,2,2,2,49,8,3,0,0,1,0,0,9,8,E01022589,3,1,0.0,1.0,-1,3,70,1,5,1,17:32,1,4,9
2023320123577,2023,320123577,2,1,2,1,19,4,3,0,0,1,0,0,9,3,E01026110,-1,0,0.04894,0.95106,-1,6,20,1,1,1,14:00,2,2,9
2023540229923,2023,540229923,2,1,1,2,53,8,3,0,0,0,0,0,9,-1,-1,-1,0,0.01613,0.98387,-1,6,40,1,1,1,14:17,7,3,9
2023471329769,2023,471329769,1,2,3,1,62,9,2,6,9,0,0,0,0,7,E01031534,5,1,1.0,0.0,-1,6,30,1,1,1,15:10,5,3,9
2023552300888,2023,552300888,1,2,3,1,23,5,3,5,3,0,0,0,0,8,E01017196,-1,0,0.1784,0.8216,-1,6,30,2,4,2,01:41,1,1,9
2023461359282,2023,461359282,1,1,1,1,53,8,2,0,0,0,0,0,5,-1,-1,7,1,1.0,0.0,-1,6,40,1,1,1,09:14,3,1,5
2023010444569,2023,010444569,1,1,1,1,30,6,3,0,0,0,0,0,9,6,E01003665,-1,0,0.0,1.0,-1,3,40,1,1,1,15:55,6,1,9
2023411324389,2023,411324389,1,2,2,1,16,4,3,0,0,1,0,0,9,8,E01033027,3,1,0.0,1.0,-1,1,30,8,1,1,08:00,6,2,9
2023201379833,2023,201379833,1,1,3,2,22,5,2,5,3,0,0,2,0,1,E01009128,7,1,1.0,0.0,-1,6,30,1,1,1,18:05,6,1,19
2023361344144,2023,361344144,1,1,3,2,26,6,3,6,9,0,0,-1,0,5,E01026730,3,1,0.0,1.0,-1,6,60,1,1,1,07:25,3,2,9
2023010432757,2023,010432757,1,1,1,1,40,7,3,0,0,0,0,0,8,5,E01004646,-1,0,0.0,1.0,-1,6,20,1,5,1,21:05,5,2,8
2023302300635,2023,302300635,2,2,2,1,85,11,3,0,0,1,0,0,9,4,E01032613,-1,0,0.14288,0.85712,-1,6,50,1,1,1,14:12,4,2,9
2023610027523,2023,610027523,2,1,1,1,32,6,2,0,0,1,0,0,9,2,W01001064,-1,0,1.0,0.0,-1,6,30,1,1,1,19:45,3,2,9
2023101369665,2023,101369665,1,1,2,2,19,4,3,0,0,0,2,0,11,-1,-1,3,1,0.0,1.0,-1,9,20,2,1,1,16:51,2,1,11
2023302300039,2023,302300039,1,1,2,1,-1,-1,3,0,0,0,3,0,11,3,E01019562,-1,0,0.05201,0.94799,-1,6,30,9,4,1,18:50,5,1,11
2023010444064,2023,010444064,1,2,2,-1,-1,-1,3,0,0,1,0,0,9,-1,-1,-1,0,0.0,1.0,-1,6,20,1,1,1,12:18,7,2,9
2023471276548,2023,471276548,2,2,2,1,18,4,3,0,0,1,0,0,9,6,E01021125,3,1,0.0,1.0,-1,6,30,1,1,1,08:50,6,2,9
2023170M10533,2023,170M10533,1,1,3,2,31,6,3,5,3,0,0,0,0,4,E01032544,-1,0,0.09106,0.90894,-1,6,30,2,1,2,14:00,6,1,9
2023351324486,2023,351324486,2,1,1,2,55,8,3,0,0,0,0,0,1,7,E01017980,3,1,0.0,1.0,-1,9,30,1,1,-1,17:05,4,2,1
2023471367420,2023,471367420,2,1,1,1,28,6,3,0,0,0,0,0,1,8,E01020934,3,1,0.0,1.0,-1,6,30,1,7,2,19:15,4,2,1
2023010420563,2023,010420563,1,1,1,1,27,6,3,0,0,0,0,0,3,5,E01004700,-1,0,0.0,1.0,-1,9,20,9,1,1,01:30,2,2,3
2023131348090,2023,131348090,2,1,1,1,48,8,3,0,0,0,0,0,9,3,E01011478,3,1,0.0,1.0,-1,6,20,1,1,1,16:52,7,2,9
2023451371322,2023,451371322,2,2,1,2,63,9,3,0,0,0,0,0,9,10,E01030378,3,1,0.0,1.0,-1,6,40,1,1,1,17:00,5,2,9
2023041312605,2023,041312605,1,1,3,2,11,3,3,5,1,0,0,0,0,2,E01012705,3,1,0.0,1.0,-1,6,30,1,1,1,17:37,2,1,9
2023201311007,2023,201311007,1,1,3,1,14,3,3,8,1,0,0,0,0,1,E01009132,3,1,0.0,1.0,-1,6,30,1,1,1,08:30,5,1,9
2023010450171,2023,010450171,1,1,3,2,19,4,2,8,2,0,0,0,0,6,E01001070,-1,0,1.0,0.0,-1,3,20,1,1,1,18:00,2,1,9
2023122300673,2023,122300673,2,1,1,1,57,9,2,0,0,0,0,0,4,5,E01027649,-1,0,1.0,0.0,-1,6,30,2,4,2,21:40,5,2,4
2023461346301,2023,461346301,1,1,1,2,36,7,3,0,0,0,0,0,9,9,E01024175,3,1,0.0,1.0,-1,6,30,1,1,1,20:39,7,3,9
2023501315544,2023,501315544,1,1,1,2,80,11,3,0,0,0,0,0,90,4,E01014277,3,1,0.0,1.0,-1,3,70,1,1,1,08:26,3,2,90
2023070601595,2023,070601595,2,1,1,1,42,7,3,0,0,0,0,0,9,2,E01018467,-1,0,0.02082,0.97918,-1,6,40,1,1,1,16:20,3,2,9
2023131307714,2023,131307714,2,2,1,1,52,8,3,0,0,0,0,0,9,7,E01011755,3,1,0.0,1.0,-1,6,30,1,1,1,07:37,6,2,9
2023421328032,2023,421328032,2,1,1,2,45,7,3,0,0,0,0,0,9,1,E01022031,3,1,0.0,1.0,-1,6,30,1,1,1,14:31,4,2,9
2023010437544,2023,010437544,1,1,3,2,20,4,3,5,9,0,0,0,0,4,E01001478,-1,0,0.0,1.0,-1,9,30,1,1,9,17:10,6,1,2
2023061401943,2023,061401943,1,1,3,1,16,4,3,1,1,0,0,0,0,1,E01005464,3,1,0.0,1.0,-1,6,30,1,1,2,16:48,4,1,8
2023010468742,2023,010468742,1,1,1,1,26,6,3,0,0,0,0,0,3,3,E01000553,-1,0,0.0,1.0,-1,9,30,1,1,1,14:23,4,2,3
2023041334744,2023,041334744,2,4,2,2,8,2,3,0,0,2,0,0,9,9,E01005587,3,1,0.0,1.0,-1,6,30,1,1,1,16:57,7,4,9
2023201315818,2023,201315818,2,1,1,2,37,7,3,0,0,0,0,0,9,3,E01009969,3,1,0.0,1.0,-1,6,30,1,1,1,09:56,3,2,9
2023320741943,2023,320741943,1,1,1,1,29,6,3,0,0,0,0,0,9,3,E01026317,-1,0,0.06592,0.93408,-1,6,60,7,6,2,18:14,6,2,9
2023010423540,2023,010423540,1,1,1,1,26,6,3,0,0,0,0,0,19,2,E01001761,-1,0,0.0,1.0,-1,6,20,1,1,2,13:05,4,2,19
2023010477094,2023,010477094,1,1,1,1,33,6,3,0,0,0,0,0,19,2,E01032565,-1,0,0.0,1.0,-1,6,20,2,4,2,18:15,4,2,19
2023061283561,2023,061283561,1,1,1,1,20,4,2,0,0,0,0,0,3,3,E01005761,6,1,1.0,0.0,-1,6,30,2,4,2,05:29,3,2,3
2023451313412,2023,451313412,1,1,1,1,48,8,2,0,0,0,0,0,5,7,E01030576,5,1,1.0,0.0,-1,3,70,1,1,1,13:15,2,2,5
2023041352162,2023,041352162,1,1,1,2,72,10,3,0,0,0,0,0,9,7,E01025123,3,1,0.0,1.0,-1,6,30,1,1,1,13:55,4,2,9
2023170L30293,2023,170L30293,1,4,2,1,20,4,3,0,0,2,0,0,9,-1,-1,-1,0,0.05474,0.94526,-1,6,30,1,1,1,13:20,7,2,9
2023302300327,2023,302300327,2,1,1,2,19,4,3,0,0,0,0,0,9,1,E01013473,-1,0,0.01251,0.98749,-1,6,40,1,1,1,17:10,2,3,9
2023451318936,2023,451318936,1,1,1,2,25,5,3,0,0,0,0,0,9,8,E01002979,3,1,0.0,1.0,-1,6,30,1,1,1,16:37,1,3,9
2023501304598,2023,501304598,1,1,1,1,16,4,2,0,0,0,0,0,9,4,E01020002,7,1,1.0,0.0,-1,6,30,1,1,1,08:20,6,4,9
2023340WN6182,2023,340WN6182,3,2,1,1,41,7,3,0,0,0,0,0,21,3,E01027185,-1,0,0.15037,0.84963,-1,3,70,1,6,2,04:55,7,3,21
2023010425200,2023,010425200,1,1,3,1,58,9,2,5,3,0,0,0,0,9,E01003889,-1,0,1.0,0.0,-1,6,20,1,4,1,18:26,6,1,3
2023010485718,2023,010485718,1,1,3,1,3,1,2,5,2,0,0,0,0,1,E01001850,-1,0,1.0,0.0,-1,2,20,1,1,1,12:04,7,1,9
2023161373534,2023,161373534,2,1,1,1,18,4,2,0,0,0,0,0,1,6,E01013178,7,1,1.0,0.0,-1,6,30,1,1,1,13:48,7,2,1
2023070568735,2023,070568735,1,1,1,1,33,6,3,0,0,0,0,0,9,4,E01007169,-1,0,0.02026,0.97974,-1,6,50,1,1,1,17:53,2,2,9
2023131379092,2023,131379092,2,2,2,1,19,4,3,0,0,0,0,0,9,-1,-1,3,1,0.0,1.0,-1,3,30,1,1,1,12:30,1,2,9
2023531263630,2023,531263630,1,1,2,2,70,10,2,0,0,1,0,0,9,9,E01022136,7,1,1.0,0.0,-1,6,30,1,1,1,12:51,1,3,9
2023401374242,2023,401374242,1,1,3,2,36,7,2,4,3,0,0,0,0,4,E01017567,7,1,1.0,0.0,-1,6,30,1,1,2,06:56,3,1,19
2023332300226,2023,332300226,1,1,1,1,28,6,3,0,0,0,0,0,5,8,E01009668,-1,0,0.10365,0.89635,-1,3,70,1,1,1,12:10,5,2,5
2023332300251,2023,332300251,2,1,2,1,49,8,2,0,0,2,0,0,9,4,E01013662,-1,0,1.0,0.0,-1,6,30,1,4,1,05:10,3,2,9
2023351296685,2023,351296685,2,2,1,1,50,8,3,0,0,0,0,0,19,2,E01000223,3,1,0.0,1.0,-1,6,60,4,6,2,23:05,4,2,19
2023430462660,2023,430462660,1,1,1,1,26,6,2,0,0,0,0,0,3,8,E01017750,-1,0,1.0,0.0,-1,6,30,1,1,1,12:30,7,2,3
2023461330050,2023,461330050,3,2,1,1,-1,-1,3,0,0,0,0,0,3,-1,-1,3,1,0.0,1.0,-1,6,30,1,1,1,17:46,7,3,3
2023451291093,2023,451291093,2,2,1,2,41,7,3,0,0,0,0,0,9,8,E01030784,3,1,0.0,1.0,-1,6,40,1,1,1,17:45,2,2,9
2023311292455,2023,311292455,2,1,1,2,76,11,3,0,0,0,0,0,22,3,E01028062,3,1,0.0,1.0,-1,6,30,1,1,1,14:00,6,2,22
2023010419552,2023,010419552,2,1,1,1,35,6,3,0,0,0,0,0,1,4,E01002643,-1,0,0.0,1.0,-1,6,30,1,4,2,06:20,4,2,1
2023451381790,2023,451381790,1,1,1,1,40,7,2,0,0,0,0,0,1,6,E01030677,6,1,1.0,0.0,-1,6,30,1,1,1,18:36,5,2,1
2023010456096,2023,010456096,1,1,1,1,19,4,2,0,0,0,0,0,3,5,E01000302,-1,0,1.0,0.0,-1,6,30,1,1,1,14:46,2,2,3
2023161282158,2023,161282158,2,1,2,2,38,7,3,0,0,0,0,0,3,1,E01012881,3,1,0.0,1.0,-1,6,30,1,1,1,08:10,5,2,3
2023610017823,2023,610017823,2,1,1,1,60,9,2,0,0,0,0,0,5,9,E01032674,-1,0,1.0,0.0,-1,6,60,1,1,1,12:32,1,2,5
2023211425010,2023,211425010,1,3,2,2,29,6,3,0,0,1,0,0,9,-1,-1,3,1,0.0,1.0,-1,6,30,1,4,1,23:54,7,2,9
2023430361739,2023,430361739,1,1,2,2,67,10,3,0,0,1,0,0,9,6,E01016753,-1,0,0.1702,0.8298,-1,6,40,1,7,1,23:36,1,1,9
2023552300208,2023,552300208,1,1,1,2,18,4,3,0,0,0,0,0,9,6,E01020445,-1,0,0.08678,0.91322,-1,6,60,1,6,1,23:05,3,1,9
2023622301025,2023,622301025,1,1,1,1,74,10,2,0,0,0,0,0,9,4,W01001148,-1,0,1.0,0.0,-1,6,30,1,1,1,08:25,6,1,9
2023351269547,2023,351269547,2,2,2,2,10,2,3,0,0,1,0,0,9,9,E01018205,3,1,0.0,1.0,-1,1,40,1,4,2,19:00,6,2,9
2023440407831,2023,440407831,1,1,1,1,50,8,3,0,0,0,0,0,9,10,E01022546,-1,0,0.19106,0.80894,-1,6,60,1,6,1,21:11,5,1,9
2023010446094,2023,010446094,2,1,1,1,18,4,2,0,0,0,0,0,-1,3,E01001466,-1,0,1.0,0.0,-1,7,20,1,4,2,22:50,3,2,-1
2023010444350,2023,010444350,1,1,2,2,39,7,2,0,0,0,3,0,11,4,E01002315,-1,0,1.0,0.0,-1,6,30,1,1,1,07:40,2,1,11
2023311387321,2023,311387321,1,4,2,1,7,2,3,0,0,0,4,0,11,-1,-1,3,1,0.0,1.0,-1,6,60,2,1,2,13:30,3,1,11
2023141356369,2023,141356369,1,1,1,1,46,8,3,0,0,0,0,0,9,-1,-1,3,1,0.0,1.0,-1,6,30,1,1,1,18:33,7,2,9
2023302301884,2023,302301884,2,2,2,2,15,3,2,0,0,1,0,0,9,4,E01019824,-1,0,1.0,0.0,-1,6,30,1,1,1,09:16,4,2,9
2023471320393,2023,471320393,1,2,2,1,17,4,2,0,0,1,0,0,9,1,E01020972,5,1,1.0,0.0,-1,6,60,2,1,2,18:40,1,1,9
2023010448670,2023,010448670,2,1,1,1,18,4,2,0,0,0,0,0,3,1,E01033456,-1,0,1.0,0.0,-1,6,30,1,1,1,09:07,3,2,3
2023010454719,2023,010454719,1,1,1,1,29,6,3,0,0,0,0,0,3,3,E01004038,-1,0,0.0,1.0,-1,6,20,1,1,1,13:45,3,3,3
2023061379379,2023,061379379,2,1,1,1,28,6,3,0,0,0,0,0,9,9,E01004789,3,1,0.0,1.0,-1,3,30,1,4,1,21:00,3,2,9
2023201368159,2023,201368159,1,1,1,2,27,6,3,0,0,0,0,0,9,7,E01013333,3,1,0.0,1.0,-1,3,30,1,1,1,20:45,7,1,9
2023522301431,2023,522301431,2,1,1,1,41,7,3,0,0,0,0,0,9,5,E01014820,-1,0,0.04054,0.95946,-1,6,60,2,1,2,07:05,5,2,9
2023622300958,2023,622300958,1,1,1,1,60,9,3,0,0,0,0,0,9,3,W01001200,-1,0,0.08488,0.91512,-1,6,40,1,1,1,16:09,4,3,9
2023991304852,2023,991304852,1,2,1,1,45,7,2,0,0,0,0,0,9,4,-1,7,1,1.0,0.0,-1,6,40,1,4,1,21:13,7,1,9
2023991368547,2023,991368547,2,3,2,2,15,3,2,0,0,1,0,0,9,7,-1,5,1,1.0,0.0,-1,6,60,2,1,5,12:45,1,2,9
2023041275103,2023,041275103,1,1,3,2,15,3,3,5,1,0,0,0,0,4,E01012634,3,1,0.0,1.0,-1,6,30,1,1,1,15:00,4,1,9
2023010434768,2023,010434768,1,1,2,1,36,7,3,0,0,1,0,0,9,3,E01003574,-1,0,0.0,1.0,-1,6,30,8,4,2,02:38,4,2,9
2023031316837,2023,031316837,2,1,1,1,57,9,3,0,0,0,0,0,9,-1,-1,3,1,0.0,1.0,-1,7,60,1,1,1,12:27,6,2,9
2023101311959,2023,101311959,1,1,1,1,76,11,3,0,0,0,0,0,9,4,E01008605,3,1,0.0,1.0,-1,6,60,1,1,1,18:50,6,1,9
2023122301331,2023,122301331,1,4,2,2,18,4,3,0,0,2,0,0,9,7,E01027890,-1,0,0.12951,0.87049,-1,6,60,1,6,1,20:33,2,1,9
2023010441239,2023,010441239,1,2,3,1,41,7,2,1,1,0,0,0,0,4,E01000472,-1,0,1.0,0.0,-1,3,20,1,4,1,02:20,6,1,3
2023122300517,2023,122300517,1,1,3,2,54,8,3,10,9,0,0,0,0,2,E01027812,-1,0,0.05412,0.94588,-1,9,20,1,1,1,09:15,5,1,9
2023010471788,2023,010471788,2,1,1,2,25,5,2,0,0,0,0,0,1,4,E01002762,-1,0,1.0,0.0,-1,3,20,4,1,1,16:27,6,2,1
2023451302279,2023,451302279,2,1,1,1,49,8,2,0,0,0,0,0,1,10,E01030467,7,1,1.0,0.0,-1,6,30,1,1,1,13:08,7,2,1
2023461325562,2023,461325562,2,1,1,1,35,6,3,0,0,0,0,0,1,3,E01016152,3,1,0.0,1.0,-1,6,30,1,1,1,07:52,4,2,1
2023522301867,2023,522301867,1,1,1,1,31,6,3,0,0,0,0,0,1,4,E01014571,-1,0,0.05254,0.94746,-1,6,30,1,1,1,06:00,5,2,1
2023141266013,2023,141266013,6,2,1,1,45,7,3,0,0,0,0,0,9,1,E01007626,3,1,0.0,1.0,-1,3,70,1,6,1,17:10,5,6,9
2023991282466,2023,991282466,1,1,1,1,36,7,3,0,0,0,0,0,9,4,-1,3,1,0.0,1.0,-1,6,60,1,6,1,00:30,2,1,9
2023221339007,2023,221339007,1,1,2,2,61,9,3,0,0,1,0,0,9,2,E01032262,3,1,0.0,1.0,-1,6,30,1,1,1,16:35,1,2,9
2023201291365,2023,201291365,1,4,2,2,0,1,3,0,0,1,0,0,9,-1,-1,3,1,0.0,1.0,-1,1,30,1,1,1,16:56,2,2,9
202363B023223,2023,63B023223,1,2,2,2,82,11,3,0,0,1,0,0,9,5,W01000518,-1,0,0.18809,0.81191,-1,6,50,1,1,1,16:00,1,2,9
2023302300919,2023,302300919,2,1,2,2,59,9,3,0,0,2,0,0,8,8,E01019659,-1,0,0.0271,0.9729,-1,6,40,1,1,2,18:55,1,2,8
2023430130257,2023,430130257,1,1,1,1,36,7,3,0,0,0,0,0,11,4,E01032961,-1,0,0.01197,0.98803,-1,6,30,1,1,1,14:17,4,2,11
2023201413917,2023,201413917,1,1,1,1,55,8,3,0,0,0,0,0,9,6,E01028896,3,1,0.0,1.0,-1,6,30,1,4,1,20:31,5,3,9
2023549284623,2023,549284623,2,1,1,2,58,9,2,0,0,0,0,0,1,2,E01015540,-1,0,1.0,0.0,-1,6,30,1,1,1,12:02,1,2,1
2023221405837,2023,221405837,1,2,2,2,44,7,3,0,0,1,0,0,9,-1,-1,3,1,0.0,1.0,-1,6,50,1,6,1,22:47,7,2,9
2023361333020,2023,361333020,1,3,2,1,16,4,3,0,0,2,0,0,9,8,E01026881,3,1,0.0,1.0,-1,6,60,1,1,2,12:56,2,1,9
2023371279784,2023,371279784,1,1,1,2,24,5,3,0,0,0,0,0,9,-1,-1,3,1,0.0,1.0,-1,6,30,1,1,1,15:40,3,2,9
2023440441356,2023,440441356,1,1,1,2,21,5,2,0,0,0,0,0,9,8,E01022887,-1,0,1.0,0.0,-1,6,50,2,1,2,12:50,7,1,9
2023361359076,2023,361359076,2,1,2,1,69,10,3,0,0,0,0,0,19,7,E01026669,3,1,0.0,1.0,-1,6,30,1,1,1,16:58,3,2,19
2023371322974,2023,371322974,2,1,1,1,44,7,2,0,0,0,0,0,5,-1,-1,7,1,1.0,0.0,-1,3,30,1,1,1,16:54,2,2,5
2023361266166,2023,361266166,1,1,1,1,25,5,2,0,0,0,0,0,9,7,E01026672,7,1,1.0,0.0,-1,6,60,8,6,2,21:48,6,1,9
2023501325937,2023,501325937,1,3,2,2,0,1,3,0,0,1,0,0,9,1,E01018930,3,1,0.0,1.0,-1,3,70,5,1,2,20:30,3,1,9
2023991380534,2023,991380534,1,2,1,2,33,6,3,0,0,0,0,0,9,1,-1,3,1,0.0,1.0,-1,6,30,1,1,2,14:20,4,2,9
2023010435760,2023,010435760,1,1,3,1,70,10,2,9,7,0,0,0,0,6,E01000365,-1,0,1.0,0.0,-1,6,20,8,1,1,07:40,3,1,9
2023311331277,2023,311331277,1,1,3,1,25,5,3,5,1,0,0,0,0,-1,-1,3,1,0.0,1.0,-1,6,30,2,1,2,18:30,3,1,9
2023201411281,2023,201411281,1,1,1,1,29,6,3,0,0,0,0,0,1,-1,-1,3,1,0.0,1.0,-1,6,30,1,1,1,17:55,6,2,1
2023010427454,2023,010427454,1,1,1,2,33,6,3,0,0,0,0,0,3,4,E01001686,-1,0,0.0,1.0,-1,6,30,1,1,1,11:55,3,2,3
2023052301388,2023,052301388,2,1,1,1,56,9,3,0,0,0,0,0,9,5,E01006462,-1,0,0.01789,0.98211,-1,6,20,1,4,1,01:00,7,2,9
2023122300922,2023,122300922,1,1,2,1,19,4,3,0,0,1,0,0,9,3,E01007966,-1,0,0.06931,0.93069,-1,6,60,1,1,1,12:13,6,1,9
2023411367581,2023,411367581,2,1,1,2,40,7,3,0,0,0,0,0,9,7,E01023424,3,1,0.0,1.0,-1,6,30,1,6,1,19:03,4,2,9
2023010454045,2023,010454045,1,1,2,2,27,6,3,0,0,1,0,0,9,3,E01001856,-1,0,0.0,1.0,-1,6,20,1,1,1,19:05,7,4,9
2023141281493,2023,141281493,1,1,1,2,33,6,3,0,0,0,0,0,9,-1,-1,3,1,0.0,1.0,-1,6,30,2,4,2,20:22,2,2,9
2023010426163,2023,010426163,1,1,1,1,50,8,3,0,0,0,0,0,3,5,E01001214,-1,0,0.0,1.0,-1,2,40,1,4,1,20:15,4,1,3
2023010419261,2023,010419261,1,1,1,1,49,8,3,0,0,0,0,0,8,5,E01003638,-1,0,0.0,1.0,-1,3,30,8,4,1,03:10,1,2,8
2023421392154,2023,421392154,2,1,1,1,56,9,3,0,0,0,0,0,8,7,E01021950,3,1,0.0,1.0,-1,6,30,1,4,2,21:53,2,3,8
2023101393453,2023,101393453,1,3,2,1,17,4,2,0,0,1,0,0,9,-1,-1,5,1,1.0,0.0,-1,6,60,2,6,2,21:30,6,3,9
2023332300945,2023,332300945,2,1,1,1,47,8,3,0,0,0,0,0,1,1,E01013684,-1,0,0.07834,0.92166,-1,6,30,1,1,1,16:00,5,2,1
2023131347025,2023,131347025,1,1,1,1,37,7,3,0,0,0,0,0,9,5,E01011523,3,1,0.0,1.0,-1,6,30,1,4,1,01:49,5,2,9
2023131392039,2023,131392039,1,1,1,1,26,6,3,0,0,0,0,0,9,2,E01011163,3,1,0.0,1.0,-1,3,30,2,4,2,17:35,1,3,9
2023991288009,2023,991288009,1,1,1,1,48,8,2,0,0,0,0,0,9,9,-1,5,1,1.0,0.0,-1,6,60,3,1,4,09:20,3,1,9
2023991393653,2023,991393653,1,1,2,1,18,4,2,0,0,1,0,0,9,6,E01019096,7,1,1.0,0.0,-1,6,30,1,4,1,23:30,3,1,9
2023010443163,2023,010443163,1,1,1,1,-1,-1,3,0,0,0,0,0,9,3,E01000176,-1,0,0.0,1.0,-1,2,30,9,4,1,20:40,2,2,9
2023221317644,2023,221317644,2,1,2,2,33,6,3,0,0,1,0,0,9,1,E01032318,3,1,0.0,1.0,-1,6,30,1,1,1,09:37,1,2,9
2023471279941,2023,471279941,1,1,1,2,60,9,3,0,0,0,0,0,9,8,E01022944,3,1,0.0,1.0,-1,3,70,1,6,1,18:50,5,2,9
2023552300379,2023,552300379,2,1,1,2,26,6,3,0,0,0,0,0,9,2,E01015338,-1,0,0.00488,0.99512,-1,6,30,1,4,1,14:03,6,2,9
2023161301241,2023,161301241,1,2,2,2,27,6,3,0,0,1,0,0,9,1,E01012851,3,1,0.0,1.0,-1,6,30,1,1,1,13:25,4,2,9
2023201287342,2023,201287342,1,1,1,1,37,7,3,0,0,0,0,0,9,1,E01009157,3,1,0.0,1.0,-1,6,30,2,1,2,14:50,4,2,9
2023010483440,2023,010483440,2,1,1,2,-1,-1,3,0,0,0,0,0,1,-1,-1,-1,0,0.0,1.0,-1,9,30,9,7,9,17:00,2,2,1
2023010470589,2023,010470589,1,1,3,1,69,10,3,4,4,0,0,0,0,6,E01003386,-1,0,0.0,1.0,-1,6,20,1,1,1,12:20,7,1,9
2023340NN4542,2023,340NN4542,1,1,3,1,42,7,2,5,9,0,0,0,0,-1,-1,-1,0,1.0,0.0,-1,6,30,8,6,1,17:54,6,1,9
2023522301228,2023,522301228,1,1,1,2,11,3,3,0,0,0,0,0,1,8,E01032667,-1,0,0.08992,0.91008,-1,6,20,2,1,2,15:28,4,2,1
2023201396598,2023,201396598,2,1,1,1,29,6,2,0,0,0,0,0,9,-1,-1,7,1,1.0,0.0,-1,6,30,1,4,1,20:00,6,2,9
2023610024223,2023,610024223,2,2,1,1,21,5,3,0,0,0,0,0,9,5,W01001370,-1,0,0.1063,0.8937,-1,6,60,1,1,1,06:12,6,2,9
2023010431298,2023,010431298,2,1,1,1,38,7,3,0,0,0,0,0,3,2,E01002080,-1,0,0.0,1.0,-1,6,30,2,4,2,20:30,5,2,3
2023010470847,2023,010470847,1,1,1,1,25,5,3,0,0,0,0,0,3,5,E01000996,-1,0,0.0,1.0,-1,9,30,9,1,9,15:30,6,2,3
2023440456068,2023,440456068,1,1,1,1,18,4,3,0,0,0,0,0,3,10,E01023242,-1,0,0.25779,0.74221,-1,6,50,1,6,1,21:23,3,1,3
2023061271169,2023,061271169,1,2,2,2,35,6,3,0,0,1,0,0,9,-1,-1,3,1,0.0,1.0,-1,3,70,1,1,1,22:40,4,1,9
2023552300318,2023,552300318,2,1,1,1,64,9,3,0,0,0,0,0,9,7,E01020422,-1,0,0.02678,0.97322,-1,6,40,4,1,1,09:02,2,3,9
2023141317068,2023,141317068,1,1,3,1,29,6,2,1,1,0,0,0,0,-1,-1,7,1,1.0,0.0,-1,1,30,1,1,1,12:58,7,1,9
2023010440178,2023,010440178,1,1,1,1,25,5,3,0,0,0,0,0,3,5,E01000639,-1,0,0.0,1.0,-1,9,20,1,4,1,20:13,6,2,3
2023311374961,2023,311374961,1,1,1,1,65,9,3,0,0,0,0,0,9,7,E01028309,3,1,0.0,1.0,-1,6,50,1,1,2,08:04,4,3,9
2023451373744,2023,451373744,1,2,2,1,18,4,3,0,0,1,0,0,9,6,E01030631,3,1,0.0,1.0,-1,1,40,1,4,1,22:15,1,1,9
2023141370856,2023,141370856,2,1,1,1,63,9,2,0,0,0,0,0,1,-1,-1,7,1,1.0,0.0,-1,3,40,1,1,1,08:30,1,2,1
2023161333913,2023,161333913,1,1,1,1,22,5,3,0,0,0,0,0,9,2,E01033104,3,1,0.0,1.0,-1,6,30,1,4,1,02:30,5,1,9
2023461279643,2023,461279643,1,1,1,2,74,10,3,0,0,0,0,0,9,6,E01024513,3,1,0.0,1.0,-1,6,60,1,1,1,10:33,3,2,9
2023401362521,2023,401362521,1,1,2,2,24,5,3,0,0,2,0,0,8,4,E01015742,3,1,0.0,1.0,-1,6,30,1,1,1,14:24,7,2,8
2023421369411,2023,421369411,2,1,1,2,46,8,2,0,0,0,0,0,9,9,E01021240,7,1,1.0,0.0,-1,3,70,9,1,1,16:20,4,2,9
2023302301141,2023,302301141,1,2,2,2,28,6,3,0,0,1,0,0,9,4,E01019710,-1,0,0.04883,0.95117,-1,6,30,1,1,1,16:01,3,2,9
2023161268568,2023,161268568,2,1,1,1,30,6,3,0,0,0,0,0,3,1,E01012952,3,1,0.0,1.0,-1,6,30,1,1,2,15:32,5,2,3
2023010419692,2023,010419692,1,2,3,1,71,10,3,5,3,0,0,0,0,6,E01001990,-1,0,0.0,1.0,-1,6,20,1,1,1,15:23,4,1,4
2023430342019,2023,430342019,2,1,1,1,16,4,3,0,0,0,0,0,1,2,E01028454,-1,0,0.13626,0.86374,-1,6,20,1,1,1,15:19,3,2,1
2023010457236,2023,010457236,1,1,1,1,55,8,3,0,0,0,0,0,3,4,E01001061,-1,0,0.0,1.0,-1,6,30,1,1,1,17:50,3,2,3