collision_index,collision_year,collision_ref_no,vehicle_reference,casualty_reference,casualty_class,sex_of_casualty,age_of_casualty,age_band_of_casualty,casualty_severity,pedestrian_location,pedestrian_movement,car_passenger,bus_or_coach_passenger,pedestrian_road_maintenance_worker,casualty_type,casualty_imd_decile,lsoa_of_casualty,enhanced_casualty_severity,casualty_injury_based,casualty_adjusted_severity_serious,casualty_adjusted_severity_slight,casualty_distance_banding,road_type,speed_limit,weather_conditions,light_conditions,road_surface_conditions,time,day_of_week,number_of_vehicles,vehicle_type
2023041384972,2023,041384972,2,1,1,2,53,8,3,0,0,0,0,0,9,6,E01025598,3,1,0.0,1.0,-1,3,50,5,4,2,20:50,7,2,9
2023131312459,2023,131312459,2,1,1,1,61,9,2,0,0,0,0,0,9,1,E01011081,7,1,1.0,0.0,-1,6,40,1,4,1,23:27,1,2,9
2023231328153,2023,231328153,2,2,1,2,48,8,3,0,0,0,0,0,9,9,E01031154,3,1,0.0,1.0,-1,6,40,1,1,1,16:57,2,2,9
2023461351907,2023,461351907,2,1,1,1,26,6,3,0,0,0,0,0,19,10,E01024426,3,1,0.0,1.0,-1,6,30,1,1,1,11:40,5,2,19
2023010448646,2023,010448646,2,1,1,1,26,6,3,0,0,0,0,0,1,5,E01000968,-1,0,0.0,1.0,-1,6,30,1,1,2,14:41,2,2,1
2023010462751,2023,010462751,1,1,1,1,32,6,3,0,0,0,0,0,9,2,E01000098,-1,0,0.0,1.0,-1,6,20,1,4,1,02:36,2,2,9
2023010486231,2023,010486231,1,1,1,1,38,7,3,0,0,0,0,0,9,3,E01000176,-1,0,0.0,1.0,-1,6,20,2,4,2,18:50,4,3,9
2023170L30393,2023,170L30393,1,1,1,1,20,4,3,0,0,0,0,0,9,6,E01032560,-1,0,0.04983,0.95017,-1,6,30,2,1,2,15:15,2,2,9
2023170S11763,2023,170S11763,3,2,1,1,70,10,3,0,0,0,0,0,9,1,E01012250,-1,0,0.13982,0.86018,-1,3,70,9,1,1,09:55,7,5,9
2023471305968,2023,471305968,1,1,1,2,57,9,3,0,0,0,0,0,9,8,E01021055,3,1,0.0,1.0,-1,6,40,1,1,1,19:05,4,2,9
2023520301441,2023,520301441,1,1,1,1,70,10,2,0,0,0,0,0,9,1,E01029297,-1,0,1.0,0.0,-1,6,20,1,1,1,09:30,5,3,9
2023311293991,2023,311293991,2,1,1,1,61,9,3,0,0,0,0,0,22,-1,-1,3,1,0.0,1.0,-1,3,40,2,1,2,13:10,4,2,22
2023010470520,2023,010470520,2,1,2,1,-1,-1,2,0,0,1,0,0,9,-1,-1,-1,0,1.0,0.0,-1,6,20,2,4,1,03:00,7,2,9
2023131321280,2023,131321280,2,1,1,2,50,8,3,0,0,0,0,0,9,1,E01010807,3,1,0.0,1.0,-1,6,30,2,1,2,13:05,3,2,9
2023141279933,2023,141279933,1,2,2,2,24,5,2,0,0,1,0,0,9,1,E01033271,7,1,1.0,0.0,-1,1,30,1,4,1,05:30,6,1,9
2023440097134,2023,440097134,1,2,2,2,9,2,3,0,0,2,0,0,9,6,E01022677,-1,0,0.01313,0.98687,-1,6,30,1,1,1,15:35,6,2,9
2023010430286,2023,010430286,1,1,1,1,34,6,3,0,0,0,0,0,1,5,E01001664,-1,0,0.0,1.0,-1,9,30,1,1,1,15:00,6,1,1
2023061340953,2023,061340953,2,1,1,2,30,6,2,0,0,0,0,0,1,7,E01004974,7,1,1.0,0.0,-1,6,20,1,1,1,09:50,7,2,1
2023141271813,2023,141271813,1,1,1,2,86,11,3,0,0,0,0,0,9,7,E01007553,3,1,0.0,1.0,-1,6,40,4,1,1,08:07,6,2,9
2023451269762,2023,451269762,1,1,1,2,28,6,3,0,0,0,0,0,9,9,E01030334,3,1,0.0,1.0,-1,3,40,1,1,1,09:33,2,2,9
2023461262783,2023,461262783,1,1,1,2,25,5,3,0,0,0,0,0,9,3,E01016030,3,1,0.0,1.0,-1,3,70,4,1,2,08:50,1,1,9
2023501393584,2023,501393584,1,1,1,1,54,8,3,0,0,0,0,0,9,4,E01018916,3,1,0.0,1.0,-1,1,30,8,4,2,16:30,1,1,9
2023070902019,2023,070902019,1,1,3,2,14,3,3,5,1,0,0,0,0,9,E01018602,-1,0,0.11285,0.88715,-1,6,30,1,1,1,16:13,3,1,8
2023131375901,2023,131375901,2,1,1,1,61,9,3,0,0,0,0,0,1,7,E01011589,3,1,0.0,1.0,-1,6,30,1,4,2,18:36,6,2,1
2023340NN1752,2023,340NN1752,2,2,1,2,70,10,3,0,0,0,0,0,9,3,E01026984,-1,0,0.05319,0.94681,-1,6,30,1,1,1,14:06,4,2,9
2023991303673,2023,991303673,2,1,1,2,34,6,3,0,0,0,0,0,9,-1,-1,3,1,0.0,1.0,-1,6,30,1,1,1,14:45,4,2,9
2023041317834,2023,041317834,1,1,3,2,64,9,3,10,7,0,0,0,0,7,E01025195,3,1,0.0,1.0,-1,6,20,8,1,1,15:05,2,1,9
2023221387177,2023,221387177,1,1,3,1,80,11,2,3,3,0,0,0,0,4,E01032194,7,1,1.0,0.0,-1,6,30,2,4,2,17:45,1,1,9
2023101261266,2023,101261266,3,4,2,2,60,9,3,0,0,1,0,0,9,-1,-1,3,1,0.0,1.0,-1,3,70,1,1,1,10:57,1,3,9
2023141325510,2023,141325510,1,1,1,2,24,5,3,0,0,0,0,0,9,1,E01007727,3,1,0.0,1.0,-1,6,30,1,1,1,16:38,2,2,9
2023221326471,2023,221326471,2,2,1,2,61,9,3,0,0,0,0,0,9,7,E01014070,3,1,0.0,1.0,-1,6,30,1,1,1,17:30,3,2,9
2023311305440,2023,311305440,1,1,3,1,49,8,2,10,9,0,0,0,0,-1,-1,7,1,1.0,0.0,-1,6,30,1,1,1,05:01,7,1,-1
2023201329345,2023,201329345,2,1,1,1,28,6,2,0,0,0,0,0,3,-1,-1,7,1,1.0,0.0,-1,3,30,2,1,2,11:13,4,2,3
2023141384326,2023,141384326,1,2,2,2,7,2,3,0,0,2,0,0,9,3,E01007480,3,1,0.0,1.0,-1,3,40,2,4,2,18:10,5,2,9
2023991316241,2023,991316241,2,2,1,2,68,10,3,0,0,0,0,0,9,5,-1,3,1,0.0,1.0,-1,6,30,1,1,1,16:15,6,2,9
2023010429003,2023,010429003,1,1,1,1,36,7,2,0,0,0,0,0,9,1,E01001876,-1,0,1.0,0.0,-1,3,20,1,4,1,04:20,6,1,9
2023101333701,2023,101333701,2,1,1,1,30,6,3,0,0,0,0,0,9,2,E01008231,3,1,0.0,1.0,-1,6,30,2,1,2,16:40,1,2,9
2023221318982,2023,221318982,1,3,1,1,49,8,2,0,0,0,0,0,9,8,E01032446,5,1,1.0,0.0,-1,7,70,1,1,1,10:38,4,2,9
2023351295838,2023,351295838,1,1,1,1,42,7,3,0,0,0,0,0,9,6,E01027047,3,1,0.0,1.0,-1,1,30,2,4,2,02:00,6,1,9
2023501355650,2023,501355650,1,1,1,1,24,5,2,0,0,0,0,0,9,4,E01020293,5,1,1.0,0.0,-1,6,60,1,6,1,23:33,7,1,9
2023061338584,2023,061338584,1,1,1,1,75,10,3,0,0,0,0,0,1,3,E01006177,3,1,0.0,1.0,-1,3,30,1,1,1,13:40,7,2,1
2023471331181,2023,471331181,2,1,1,2,35,6,3,0,0,0,0,0,1,3,E01016861,3,1,0.0,1.0,-1,6,20,1,1,1,17:15,4,2,1
2023311331459,2023,311331459,2,1,1,1,61,9,1,0,0,0,0,0,5,3,E01019777,1,1,0.0,0.0,-1,6,40,1,4,1,03:59,4,2,5
2023161341899,2023,161341899,1,1,2,2,55,8,3,0,0,1,0,0,9,9,E01026203,3,1,0.0,1.0,-1,6,30,2,1,2,13:50,1,2,9
2023430020315,2023,430020315,2,1,2,2,68,10,2,0,0,1,0,0,9,9,E01017775,-1,0,1.0,0.0,-1,3,70,2,1,2,15:16,7,2,9
2023430185331,2023,430185331,1,1,2,2,46,8,3,0,0,1,0,0,9,4,E01016448,-1,0,0.01368,0.98632,-1,6,30,1,1,1,15:01,6,2,9
2023440304950,2023,440304950,1,1,1,2,38,7,2,0,0,0,0,0,9,5,E01031512,-1,0,1.0,0.0,-1,6,30,1,1,1,09:42,7,2,9
2023161332549,2023,161332549,2,1,1,1,52,8,2,0,0,0,0,0,1,1,E01012836,7,1,1.0,0.0,-1,3,30,2,4,2,22:50,1,2,1
2023221362042,2023,221362042,2,1,1,1,52,8,2,0,0,0,0,0,1,5,E01014076,7,1,1.0,0.0,-1,6,30,1,1,1,09:00,3,2,1
2023010425218,2023,010425218,1,1,1,1,25,5,3,0,0,0,0,0,3,1,E01003503,-1,0,0.0,1.0,-1,2,20,1,1,1,19:33,6,2,3
2023070504304,2023,070504304,2,1,1,2,54,8,3,0,0,0,0,0,9,7,E01018393,-1,0,0.11124,0.88876,-1,6,50,1,1,1,11:50,1,3,9
2023361382505,2023,361382505,2,1,2,2,19,4,3,0,0,1,0,0,9,3,E01026663,3,1,0.0,1.0,-1,1,50,1,1,1,16:35,1,2,9
2023471352640,2023,471352640,1,1,1,1,18,4,3,0,0,0,0,0,9,7,E01021112,3,1,0.0,1.0,-1,6,60,1,6,1,01:40,6,1,9
2023440117169,2023,440117169,1,1,1,1,17,4,3,0,0,0,0,0,3,2,E01017345,-1,0,0.15472,0.84528,-1,6,30,1,1,1,11:52,6,2,3
2023421296962,2023,421296962,2,1,1,1,32,6,2,0,0,0,0,0,5,10,E01021557,7,1,1.0,0.0,-1,6,60,1,1,1,11:39,7,2,5
2023041384051,2023,041384051,1,3,2,1,38,7,3,0,0,1,0,0,9,1,E01025219,3,1,0.0,1.0,-1,6,20,2,6,2,15:50,5,2,9
2023061302722,2023,061302722,2,2,2,2,33,6,2,0,0,1,0,0,9,-1,-1,7,1,1.0,0.0,-1,6,30,1,1,1,15:50,3,2,9
2023131314342,2023,131314342,2,1,1,1,26,6,3,0,0,0,0,0,9,3,E01010835,3,1,0.0,1.0,-1,6,30,1,1,1,17:44,6,3,9
2023461306470,2023,461306470,2,1,1,1,40,7,3,0,0,0,0,0,9,7,E01024437,3,1,0.0,1.0,-1,7,70,1,1,1,17:15,5,2,9
2023010471839,2023,010471839,1,1,3,1,35,6,3,5,9,0,0,0,0,2,E01004755,-1,0,0.0,1.0,-1,6,20,1,1,2,17:25,6,1,9
2023061338051,2023,061338051,2,1,1,1,54,8,3,0,0,0,0,0,9,6,E01018704,3,1,0.0,1.0,-1,3,30,1,1,1,17:12,2,2,9
2023141379000,2023,141379000,1,1,2,2,28,6,2,0,0,2,0,0,9,7,E01032926,5,1,1.0,0.0,-1,6,30,1,4,1,00:48,1,2,9
2023430154862,2023,430154862,2,1,1,1,26,6,3,0,0,0,0,0,3,3,E01016499,-1,0,0.16306,0.83694,-1,6,30,1,1,1,07:30,1,2,3
2023421338940,2023,421338940,1,1,1,2,45,7,2,0,0,0,0,0,9,6,E01030068,6,1,1.0,0.0,-1,3,70,1,1,1,09:28,2,3,9
2023440161879,2023,440161879,1,1,1,1,89,11,1,0,0,0,0,0,9,3,E01017364,-1,0,0.0,0.0,-1,6,30,1,1,1,14:30,3,1,9
2023451263681,2023,451263681,1,1,1,2,29,6,3,0,0,0,0,0,9,9,E01031730,3,1,0.0,1.0,-1,6,40,2,1,2,09:15,5,2,9
2023371276999,2023,371276999,1,1,1,1,21,5,2,0,0,0,0,0,9,3,E01016442,5,1,1.0,0.0,-1,6,60,7,1,2,08:00,4,2,9
2023010469945,2023,010469945,1,1,1,2,34,6,3,0,0,0,0,0,1,5,E01004610,-1,0,0.0,1.0,-1,6,30,1,1,1,08:50,4,2,1
2023161380816,2023,161380816,1,1,1,1,38,7,3,0,0,0,0,0,1,2,E01013206,3,1,0.0,1.0,-1,6,30,1,4,2,17:10,3,2,1
2023471260576,2023,471260576,1,1,2,1,-1,-1,3,0,0,0,3,0,11,-1,-1,3,1,0.0,1.0,-1,3,30,1,7,1,16:10,6,1,11
2023101365711,2023,101365711,2,1,2,2,17,4,3,0,0,1,0,0,9,-1,-1,3,1,0.0,1.0,-1,6,30,1,5,1,18:50,5,2,9
2023141368297,2023,141368297,1,1,2,1,22,5,3,0,0,1,0,0,9,8,E01006067,3,1,0.0,1.0,-1,3,50,1,4,1,20:50,1,2,9
2023201284866,2023,201284866,2,1,1,2,56,9,3,0,0,0,0,0,9,3,E01010396,3,1,0.0,1.0,-1,3,30,1,1,2,14:54,5,2,9
2023361371955,2023,361371955,2,1,1,2,70,10,3,0,0,0,0,0,9,5,E01026788,3,1,0.0,1.0,-1,6,30,9,1,-1,10:45,7,2,9
2023371388140,2023,371388140,2,1,1,2,17,4,3,0,0,0,0,0,9,7,E01030184,3,1,0.0,1.0,-1,6,30,1,1,4,08:45,6,2,9
2023430041150,2023,430041150,2,2,1,1,73,10,3,0,0,0,0,0,9,8,E01028610,-1,0,0.16293,0.83707,-1,6,50,1,6,2,22:31,6,2,9
2023010477984,2023,010477984,1,1,2,2,58,9,3,0,0,0,4,0,11,2,E01000956,-1,0,0.0,1.0,-1,6,20,1,4,2,18:04,3,1,11
2023010426927,2023,010426927,1,1,1,2,40,7,3,0,0,0,0,0,9,6,E01030755,-1,0,0.0,1.0,-1,1,40,1,4,1,14:09,2,2,9
2023052301820,2023,052301820,2,2,1,2,65,9,2,0,0,0,0,0,9,1,E01006778,-1,0,1.0,0.0,-1,3,30,1,1,1,06:45,5,2,9
2023010485339,2023,010485339,1,1,1,1,24,5,3,0,0,0,0,0,9,7,E01000135,-1,0,0.0,1.0,-1,6,30,1,4,1,06:46,4,2,9
2023411269879,2023,411269879,2,2,1,2,49,8,3,0,0,0,0,0,9,4,E01023957,3,1,0.0,1.0,-1,3,70,7,1,4,08:21,2,2,9
2023440280321,2023,440280321,2,2,1,1,19,4,3,0,0,0,0,0,4,9,E01022712,-1,0,0.16947,0.83053,-1,6,30,1,1,1,16:02,4,2,4
2023010473595,2023,010473595,1,1,1,1,34,6,3,0,0,0,0,0,3,4,E01000997,-1,0,0.0,1.0,-1,9,20,1,1,1,14:13,5,2,3
2023131299132,2023,131299132,1,1,1,1,38,7,2,0,0,0,0,0,19,9,E01010574,7,1,1.0,0.0,-1,6,50,1,1,1,20:30,5,1,19
2023141388098,2023,141388098,1,1,3,1,8,2,2,5,9,0,0,0,0,2,E01007531,7,1,1.0,0.0,-1,6,30,2,4,2,16:10,7,1,-1
2023010475081,2023,010475081,1,1,1,1,35,6,3,0,0,0,0,0,2,4,E01003559,-1,0,0.0,1.0,-1,6,30,1,1,1,10:37,3,2,2
2023010480853,2023,010480853,1,1,1,1,53,8,3,0,0,0,0,0,3,3,E01000535,-1,0,0.0,1.0,-1,6,30,1,1,2,13:50,5,2,3
2023041360005,2023,041360005,1,2,2,2,56,9,2,0,0,2,0,0,9,2,E01024910,7,1,1.0,0.0,-1,3,70,2,6,2,05:24,6,1,9
2023371353649,2023,371353649,1,1,1,2,38,7,3,0,0,0,0,0,9,8,E01030237,3,1,0.0,1.0,-1,6,60,1,1,1,08:24,6,2,9
2023440335778,2023,440335778,1,1,1,2,69,10,2,0,0,0,0,0,1,4,E01001609,-1,0,1.0,0.0,-1,6,40,1,1,1,16:00,7,1,1
2023161350960,2023,161350960,1,1,1,2,48,8,3,0,0,0,0,0,9,8,E01013226,3,1,0.0,1.0,-1,1,30,1,1,1,12:45,1,1,9
2023201318139,2023,201318139,2,1,2,1,43,7,3,0,0,1,0,0,9,5,E01002410,3,1,0.0,1.0,-1,6,30,1,1,1,15:40,7,2,9
2023401300259,2023,401300259,1,1,1,1,23,5,3,0,0,0,0,0,9,6,E01015766,3,1,0.0,1.0,-1,6,30,1,1,1,15:40,1,4,9
2023070183925,2023,070183925,1,1,2,1,35,6,3,0,0,0,0,0,98,-1,-1,-1,0,0.05639,0.94361,-1,6,20,2,7,2,18:41,6,1,98
2023010454553,2023,010454553,1,1,3,2,13,3,3,10,9,0,0,0,0,3,E01002564,-1,0,0.0,1.0,-1,9,20,8,1,1,08:45,3,1,9
2023451318708,2023,451318708,1,1,3,1,31,6,3,10,9,0,0,0,0,2,E01030497,3,1,0.0,1.0,-1,6,30,1,1,1,15:15,4,1,9
2023041266511,2023,041266511,1,4,2,1,1,1,2,0,0,2,0,0,9,1,E01012595,7,1,1.0,0.0,-1,3,70,1,6,1,17:40,7,2,9
2023201393534,2023,201393534,2,2,1,1,35,6,3,0,0,0,0,0,9,10,E01009720,3,1,0.0,1.0,-1,6,30,1,4,2,16:45,6,2,9
2023991342934,2023,991342934,1,1,1,1,33,6,2,0,0,0,0,0,19,-1,-1,7,1,1.0,0.0,-1,1,20,1,1,1,10:55,3,2,19
2023010478432,2023,010478432,1,1,3,2,66,10,3,1,3,0,0,0,0,10,E01002152,-1,0,0.0,1.0,-1,6,30,1,4,1,16:30,5,1,9
2023070352639,2023,070352639,2,1,1,2,48,8,2,0,0,0,0,0,1,7,E01007242,-1,0,1.0,0.0,-1,3,60,1,1,1,18:04,4,2,1
2023010429909,2023,010429909,1,1,1,1,28,6,3,0,0,0,0,0,3,3,E01001547,-1,0,0.0,1.0,-1,3,20,1,4,1,18:15,3,2,3
2023201338802,2023,201338802,2,1,1,1,19,4,3,0,0,0,0,0,4,2,E01009505,3,1,0.0,1.0,-1,6,30,1,4,1,22:15,2,2,4
2023131371376,2023,131371376,1,3,2,2,16,4,3,0,0,2,0,0,9,9,E01011296,3,1,0.0,1.0,-1,6,60,1,6,2,20:00,2,1,9
2023161383167,2023,161383167,1,2,2,1,39,7,3,0,0,1,0,0,9,-1,-1,3,1,0.0,1.0,-1,6,30,2,1,2,08:30,2,2,9
2023421379459,2023,421379459,2,2,1,1,53,8,3,0,0,0,0,0,9,10,E01023654,3,1,0.0,1.0,-1,6,30,1,1,2,13:00,7,2,9
2023061272779,2023,061272779,1,1,3,1,87,11,1,5,9,0,0,0,0,6,E01005523,1,1,0.0,0.0,-1,6,30,1,1,1,11:15,6,1,19
2023340NN3302,2023,340NN3302,2,1,1,1,23,5,2,0,0,0,0,0,3,-1,-1,-1,0,1.0,0.0,-1,6,30,1,1,1,11:00,5,2,3
2023010456737,2023,010456737,1,5,2,1,43,7,3,0,0,2,0,0,9,6,E01005037,-1,0,0.0,1.0,-1,6,30,2,4,2,22:16,7,2,9
2023041300791,2023,041300791,2,3,2,2,54,8,3,0,0,1,0,0,9,2,E01012629,3,1,0.0,1.0,-1,3,30,1,1,1,14:15,1,2,9
2023311358202,2023,311358202,2,1,1,2,53,8,3,0,0,0,0,0,9,8,E01028367,3,1,0.0,1.0,-1,6,30,1,1,1,12:40,1,2,9
2023371263383,2023,371263383,1,1,3,2,43,7,2,10,9,0,0,0,0,9,E01030196,7,1,1.0,0.0,-1,2,30,2,1,2,13:20,6,1,1
2023010477508,2023,010477508,2,1,1,2,63,9,2,0,0,0,0,0,1,7,E01000123,-1,0,1.0,0.0,-1,6,20,1,1,2,13:40,1,2,1
2023221288591,2023,221288591,2,1,1,1,73,10,3,0,0,0,0,0,1,7,E01029012,3,1,0.0,1.0,-1,6,60,1,1,1,12:50,6,2,1
2023041300791,2023,041300791,2,1,2,1,52,8,3,0,0,2,0,0,9,2,E01012629,3,1,0.0,1.0,-1,3,30,1,1,1,14:15,1,2,9
2023052301684,2023,052301684,1,2,1,1,24,5,3,0,0,0,0,0,9,1,E01006720,-1,0,0.02584,0.97416,-1,6,30,1,1,1,19:55,5,2,9
2023201380281,2023,201380281,2,1,1,1,47,8,2,0,0,0,0,0,9,1,E01009048,7,1,1.0,0.0,-1,6,30,2,1,2,08:30,1,3,9
2023351276885,2023,351276885,2,1,1,2,42,7,3,0,0,0,0,0,9,10,E01018134,3,1,0.0,1.0,-1,6,30,1,4,1,20:48,7,2,9
2023010426129,2023,010426129,1,2,3,1,41,7,3,5,2,0,0,0,0,5,E01002652,-1,0,0.0,1.0,-1,6,20,1,4,1,19:18,4,1,3
2023061397625,2023,061397625,1,1,1,-1,-1,-1,3,0,0,0,0,0,1,-1,-1,3,1,0.0,1.0,-1,6,30,1,1,-1,15:00,7,2,1
2023010448486,2023,010448486,1,1,1,1,30,6,3,0,0,0,0,0,4,3,E01000176,-1,0,0.0,1.0,-1,6,30,1,1,1,10:30,2,2,4
2023010485425,2023,010485425,1,1,1,1,67,10,3,0,0,0,0,0,3,5,E01000274,-1,0,0.0,1.0,-1,3,40,1,4,1,17:00,5,2,3
2023552301282,2023,552301282,2,1,1,1,22,5,3,0,0,0,0,0,3,10,E01015459,-1,0,0.1518,0.8482,-1,6,30,1,1,2,16:33,5,2,3
2023010469227,2023,010469227,1,1,1,1,39,7,3,0,0,0,0,0,9,2,E01000526,-1,0,0.0,1.0,-1,6,20,1,4,1,20:08,7,2,9
2023010475658,2023,010475658,2,1,2,1,38,7,3,0,0,1,0,0,9,2,E01001651,-1,0,0.0,1.0,-1,2,20,1,1,2,10:10,6,2,9
2023041295714,2023,041295714,2,2,2,2,7,2,3,0,0,2,0,0,9,1,E01012733,3,1,0.0,1.0,-1,3,70,1,1,1,10:10,4,2,9
2023991311913,2023,991311913,1,1,2,2,35,6,3,0,0,1,0,0,9,6,-1,3,1,0.0,1.0,-1,6,60,1,1,1,17:30,6,1,9
2023131382174,2023,131382174,1,1,3,2,43,7,3,5,4,0,0,2,0,1,E01010607,3,1,0.0,1.0,-1,6,30,2,1,2,07:47,2,1,19
2023131347553,2023,131347553,1,1,3,2,38,7,3,8,3,0,0,2,0,8,E01011279,3,1,0.0,1.0,-1,6,30,1,1,1,18:17,3,1,9
2023302300677,2023,302300677,1,1,1,2,77,11,3,0,0,0,0,0,9,7,E01019701,-1,0,0.16939,0.83061,-1,6,60,1,1,1,15:00,5,1,9
2023311279685,2023,311279685,1,1,1,2,41,7,3,0,0,0,0,0,9,1,E01027939,3,1,0.0,1.0,-1,6,30,1,1,1,16:34,2,1,9
2023320483485,2023,320483485,1,2,1,1,18,4,2,0,0,0,0,0,9,4,E01026076,-1,0,1.0,0.0,-1,6,30,1,4,2,21:40,6,2,9
2023991304579,2023,991304579,1,1,1,1,21,5,2,0,0,0,0,0,9,10,-1,5,1,1.0,0.0,-1,6,60,2,1,2,07:00,7,1,9
2023401331481,2023,401331481,2,1,1,1,42,7,3,0,0,0,0,0,20,9,E01017620,3,1,0.0,1.0,-1,6,60,1,1,1,18:28,5,2,20
2023461338716,2023,461338716,1,1,1,1,49,8,1,0,0,0,0,0,5,-1,-1,1,1,0.0,0.0,-1,6,60,1,1,1,13:40,1,3,5
2023122301225,2023,122301225,2,2,2,2,63,9,3,0,0,1,0,0,9,5,E01027590,-1,0,0.06444,0.93556,-1,6,60,1,1,2,10:46,6,2,9
2023141273911,2023,141273911,1,1,3,2,44,7,3,10,9,0,0,0,0,9,E01007663,3,1,0.0,1.0,-1,6,30,1,1,1,13:55,6,2,9
2023211309485,2023,211309485,2,1,1,1,55,8,3,0,0,0,0,0,1,1,E01029835,3,1,0.0,1.0,-1,6,30,1,1,-1,14:50,6,2,1
2023501309833,2023,501309833,1,1,1,2,17,4,2,0,0,0,0,0,3,4,E01020247,5,1,1.0,0.0,-1,2,30,1,1,1,20:38,5,1,3
2023610024923,2023,610024923,2,1,1,1,28,6,2,0,0,0,0,0,3,3,W01001435,-1,0,1.0,0.0,-1,3,60,1,1,1,06:45,6,2,3
2023101261123,2023,101261123,2,1,1,2,35,6,3,0,0,0,0,0,9,1,E01027540,3,1,0.0,1.0,-1,6,30,1,1,1,09:00,2,2,9
2023201448388,2023,201448388,2,2,1,1,38,7,3,0,0,0,0,0,9,3,E01010097,3,1,0.0,1.0,-1,6,30,1,4,1,21:45,6,2,9
2023421365070,2023,421365070,2,1,1,1,85,11,3,0,0,0,0,0,9,2,E01021279,3,1,0.0,1.0,-1,6,30,2,1,2,10:47,6,3,9
2023545319523,2023,545319523,1,1,1,2,61,9,3,0,0,0,0,0,9,3,E01014681,-1,0,0.08666,0.91334,-1,6,30,1,1,1,18:02,1,3,9
2023131373106,2023,131373106,1,1,1,1,71,10,2,0,0,0,0,0,9,1,E01011340,6,1,1.0,0.0,-1,6,20,1,1,1,12:55,6,2,9
2023201293523,2023,201293523,2,1,1,1,60,9,3,0,0,0,0,0,9,2,E01010559,3,1,0.0,1.0,-1,3,30,1,1,1,16:08,6,2,9
2023361334499,2023,361334499,2,2,1,1,57,9,1,0,0,0,0,0,9,4,E01026444,1,1,0.0,0.0,-1,6,60,1,1,1,07:00,4,2,9
2023471393524,2023,471393524,1,1,1,2,47,8,3,0,0,0,0,0,9,7,E01024790,3,1,0.0,1.0,-1,6,60,5,1,2,10:00,1,1,9
202363D018023,2023,63D018023,2,1,1,2,19,4,3,0,0,0,0,0,9,7,W01000475,-1,0,0.00705,0.99295,-1,6,30,1,1,1,16:29,7,2,9
2023010452595,2023,010452595,1,1,1,1,67,10,3,0,0,0,0,0,19,3,E01001089,-1,0,0.0,1.0,-1,3,70,1,1,1,13:11,7,5,19
2023010447834,2023,010447834,1,1,1,2,36,7,2,0,0,0,0,0,1,4,E01000472,-1,0,1.0,0.0,-1,6,20,1,1,1,15:30,5,1,1
2023501338009,2023,501338009,2,2,1,1,24,5,3,0,0,0,0,0,9,7,E01018795,3,1,0.0,1.0,-1,6,60,1,6,1,22:17,5,2,9
2023052300642,2023,052300642,1,2,2,1,18,4,3,0,0,1,0,0,9,1,E01006755,-1,0,0.13457,0.86543,-1,3,60,2,4,2,23:40,1,2,9
2023340NN2722,2023,340NN2722,1,1,1,2,47,8,3,0,0,0,0,0,9,6,E01027119,-1,0,0.10044,0.89956,-1,6,40,1,1,1,19:00,6,2,9
2023461354216,2023,461354216,2,1,1,2,60,9,3,0,0,0,0,0,9,3,E01024524,3,1,0.0,1.0,-1,6,60,1,1,1,08:35,3,3,9
2023430509845,2023,430509845,2,1,1,1,68,10,3,0,0,0,0,0,1,5,E01016580,-1,0,0.12765,0.87235,-1,1,40,1,4,2,07:20,2,2,1
2023010447011,2023,010447011,1,1,1,1,24,5,3,0,0,0,0,0,9,3,E01023310,-1,0,0.0,1.0,-1,6,20,1,4,1,23:30,1,2,9
2023010448739,2023,010448739,1,3,2,1,7,2,3,0,0,9,0,0,9,1,E01003516,-1,0,0.0,1.0,-1,6,30,1,1,1,15:30,2,1,9
2023070347474,2023,070347474,1,1,1,1,17,4,3,0,0,0,0,0,9,10,E01018700,-1,0,0.0899,0.9101,-1,6,50,1,1,1,09:00,3,3,9
2023131368276,2023,131368276,1,2,1,1,26,6,3,0,0,0,0,0,9,8,E01024861,3,1,0.0,1.0,-1,6,30,2,4,2,18:00,1,2,9
2023201323022,2023,201323022,1,1,1,1,20,4,3,0,0,0,0,0,9,2,E01032481,3,1,0.0,1.0,-1,3,30,1,4,2,21:10,3,1,9
2023991388773,2023,991388773,2,3,2,2,67,10,3,0,0,1,0,0,9,5,-1,3,1,0.0,1.0,-1,6,30,1,4,2,17:50,6,2,9
2023010428826,2023,010428826,1,1,3,2,33,6,2,8,1,0,0,0,0,7,E01000877,-1,0,1.0,0.0,-1,3,20,2,1,2,16:30,5,1,9
2023101318342,2023,101318342,1,1,1,1,58,9,2,0,0,0,0,0,5,2,E01008847,7,1,1.0,0.0,-1,3,70,1,1,1,07:05,3,2,5
2023991268565,2023,991268565,1,1,1,1,17,4,3,0,0,0,0,0,9,8,-1,3,1,0.0,1.0,-1,6,60,1,6,1,19:45,5,1,9
2023010442794,2023,010442794,1,1,1,1,51,8,3,0,0,0,0,0,23,3,E01003550,-1,0,0.0,1.0,-1,9,30,9,1,1,07:30,3,2,23
2023010461482,2023,010461482,1,1,3,2,26,6,2,6,9,0,0,0,0,5,E01002214,-1,0,1.0,0.0,-1,6,30,1,4,1,21:50,1,1,9
2023010483405,2023,010483405,1,1,1,1,52,8,3,0,0,0,0,0,9,3,E01001436,-1,0,0.0,1.0,-1,6,30,9,1,1,13:51,2,2,9