collision_index,collision_year,collision_ref_no,vehicle_reference,casualty_reference,casualty_class,sex_of_casualty,age_of_casualty,age_band_of_casualty,casualty_severity,pedestrian_location,pedestrian_movement,car_passenger,bus_or_coach_passenger,pedestrian_road_maintenance_worker,casualty_type,casualty_imd_decile,lsoa_of_casualty,enhanced_casualty_severity,casualty_injury_based,casualty_adjusted_severity_serious,casualty_adjusted_severity_slight,casualty_distance_banding,road_type,speed_limit,weather_conditions,light_conditions,road_surface_conditions,time,day_of_week,number_of_vehicles,vehicle_type
2023320677036,2023,320677036,1,1,1,1,65,9,2,0,0,0,0,0,1,1,E01026126,-1,0,1.0,0.0,-1,6,30,9,1,1,17:00,4,1,1
2023010483651,2023,010483651,1,1,2,2,41,7,3,0,0,1,0,0,9,10,E01002937,-1,0,0.0,1.0,-1,6,20,1,4,2,20:30,3,2,9
2023041274546,2023,041274546,1,2,2,1,52,8,3,0,0,1,0,0,9,5,E01025580,3,1,0.0,1.0,-1,6,30,1,4,2,06:00,5,1,9
2023201413594,2023,201413594,2,1,1,2,34,6,3,0,0,0,0,0,9,5,E01009936,3,1,0.0,1.0,-1,1,40,1,1,1,07:47,5,2,9
2023211381470,2023,211381470,1,3,2,2,7,2,3,0,0,-1,0,0,9,2,E01014285,3,1,0.0,1.0,-1,6,30,1,4,2,15:45,6,2,9
2023351315606,2023,351315606,2,3,2,2,67,10,3,0,0,0,0,0,19,7,E01018115,3,1,0.0,1.0,-1,6,30,1,1,1,15:07,1,2,19
2023622400011,2023,622400011,1,1,1,1,18,4,1,0,0,0,0,0,9,1,W01001219,-1,0,0.0,0.0,-1,6,20,2,4,2,19:01,2,2,9
2023991357243,2023,991357243,1,2,2,1,28,6,3,0,0,1,0,0,9,-1,-1,3,1,0.0,1.0,-1,6,30,4,6,1,18:20,1,1,9
2023440187396,2023,440187396,2,1,1,1,18,4,2,0,0,0,0,0,3,4,E01023261,-1,0,1.0,0.0,-1,6,30,1,4,1,23:06,6,2,3
2023070602584,2023,070602584,2,2,1,1,52,8,2,0,0,0,0,0,9,8,E01005988,-1,0,1.0,0.0,-1,6,60,1,6,1,22:29,3,2,9
2023131328340,2023,131328340,1,1,3,1,33,6,2,5,1,0,0,2,0,1,E01010960,7,1,1.0,0.0,-1,6,20,1,1,1,08:30,2,1,9
2023010473880,2023,010473880,1,1,1,-1,25,5,3,0,0,0,0,0,3,9,E01003360,-1,0,0.0,1.0,-1,6,20,9,1,9,17:48,2,2,3
2023411314130,2023,411314130,1,2,2,1,19,4,3,0,0,1,0,0,9,7,E01000169,3,1,0.0,1.0,-1,6,30,1,7,1,04:00,1,2,9
2023461284956,2023,461284956,2,1,1,1,24,5,3,0,0,0,0,0,9,-1,-1,3,1,0.0,1.0,-1,3,40,2,1,2,15:45,3,2,9
2023501286225,2023,501286225,1,1,1,2,58,9,3,0,0,0,0,0,9,5,E01020325,3,1,0.0,1.0,-1,1,30,2,1,2,15:15,1,2,9
2023531322060,2023,531322060,2,1,1,2,26,6,3,0,0,0,0,0,9,5,E01022421,3,1,0.0,1.0,-1,6,50,1,1,1,10:10,6,2,9
2023010432948,2023,010432948,1,1,3,1,17,4,3,5,1,0,0,0,0,3,E01003819,-1,0,0.0,1.0,-1,6,30,1,1,2,16:20,7,1,9
2023522300879,2023,522300879,1,1,3,1,36,7,2,9,9,0,0,0,0,5,E01014732,-1,0,1.0,0.0,-1,2,20,1,4,1,00:01,1,1,8
2023311318098,2023,311318098,2,1,1,1,70,10,3,0,0,0,0,0,1,-1,-1,3,1,0.0,1.0,-1,6,50,1,1,1,18:10,7,2,1
2023010476007,2023,010476007,2,1,1,1,36,7,3,0,0,0,0,0,9,10,E01021787,-1,0,0.0,1.0,-1,6,30,1,1,1,11:04,1,3,9
2023991393117,2023,991393117,1,1,1,1,42,7,3,0,0,0,0,0,9,-1,-1,3,1,0.0,1.0,-1,3,30,1,1,1,07:59,6,2,9
2023010451465,2023,010451465,1,1,1,2,28,6,3,0,0,0,0,0,9,7,E01000818,-1,0,0.0,1.0,-1,6,20,1,1,1,20:05,1,3,9
2023141352939,2023,141352939,3,1,2,1,24,5,3,0,0,1,0,0,9,5,E01007516,3,1,0.0,1.0,-1,3,70,1,1,1,11:16,6,3,9
2023471385998,2023,471385998,1,2,2,1,20,4,2,0,0,1,0,0,9,4,E01031344,5,1,1.0,0.0,-1,6,30,1,4,2,04:59,1,3,9
2023010477511,2023,010477511,2,1,1,1,60,9,3,0,0,0,0,0,4,5,E01004346,-1,0,0.0,1.0,-1,6,20,8,1,2,14:26,1,2,4
2023401287466,2023,401287466,2,1,1,1,31,6,3,0,0,0,0,0,9,9,E01017559,3,1,0.0,1.0,-1,6,60,2,6,2,20:08,2,2,9
2023544339523,2023,544339523,2,1,1,1,25,5,3,0,0,0,0,0,9,4,E01015475,-1,0,0.00623,0.99377,-1,6,30,2,1,2,05:12,2,2,9
2023340WN9042,2023,340WN9042,2,1,1,1,62,9,1,0,0,0,0,0,1,5,E01032981,-1,0,0.0,0.0,-1,1,30,1,1,1,07:15,4,2,1
2023122301160,2023,122301160,1,1,1,1,38,7,3,0,0,0,0,0,9,1,E01010624,-1,0,0.09393,0.90607,-1,6,60,1,1,1,12:35,5,1,9
2023170S11543,2023,170S11543,1,1,2,1,47,8,3,0,0,2,0,0,9,5,E01012191,-1,0,0.1745,0.8255,-1,6,30,1,4,1,00:43,5,1,9
2023201390199,2023,201390199,2,1,1,2,30,6,3,0,0,0,0,0,9,4,E01009868,3,1,0.0,1.0,-1,6,30,1,1,2,14:10,2,2,9
2023461288122,2023,461288122,1,1,1,2,22,5,2,0,0,0,0,0,9,5,E01024701,7,1,1.0,0.0,-1,2,20,1,4,2,22:15,4,1,9
2023471288263,2023,471288263,2,5,2,2,18,4,3,0,0,2,0,0,9,10,E01021158,3,1,0.0,1.0,-1,6,40,7,4,2,22:04,7,2,9
2023010449693,2023,010449693,1,1,1,1,33,6,3,0,0,0,0,0,3,3,E01001089,-1,0,0.0,1.0,-1,1,30,1,1,1,19:06,6,2,3
2023221313847,2023,221313847,1,1,3,1,32,6,2,6,9,0,0,0,0,1,E01032245,7,1,1.0,0.0,-1,6,30,1,1,1,14:55,3,1,11
2023221375607,2023,221375607,1,1,3,1,45,7,2,9,5,0,0,0,0,6,E01032244,6,1,1.0,0.0,-1,6,40,1,1,1,13:37,5,2,9
2023401337338,2023,401337338,2,3,2,1,67,10,3,0,0,0,0,0,19,2,E01015720,3,1,0.0,1.0,-1,6,30,1,1,1,16:16,3,2,19
2023010478415,2023,010478415,1,1,1,1,21,5,3,0,0,0,0,0,3,-1,-1,-1,0,0.0,1.0,-1,6,20,2,4,2,17:42,5,2,3
2023421344461,2023,421344461,2,1,1,1,25,5,2,0,0,0,0,0,5,7,E01021650,7,1,1.0,0.0,-1,6,40,1,1,1,16:39,3,2,5
2023201448029,2023,201448029,1,1,1,2,75,10,3,0,0,0,0,0,9,4,E01010009,3,1,0.0,1.0,-1,3,30,1,4,1,17:52,7,2,9
2023552301524,2023,552301524,1,1,1,1,18,4,3,0,0,0,0,0,4,4,E01015385,-1,0,0.18822,0.81178,-1,3,50,1,4,1,17:06,4,2,4
2023340NN1432,2023,340NN1432,2,2,2,2,61,9,3,0,0,1,0,0,9,-1,-1,-1,0,0.00481,0.99519,-1,3,30,1,1,1,14:15,7,2,9
2023010480325,2023,010480325,1,1,1,2,69,10,3,0,0,0,0,0,9,3,E01003328,-1,0,0.0,1.0,-1,6,20,1,1,1,11:00,1,2,9
2023361366825,2023,361366825,2,1,1,2,50,8,3,0,0,0,0,0,9,1,E01018103,3,1,0.0,1.0,-1,6,60,1,1,1,12:15,3,3,9
2023430260243,2023,430260243,1,2,2,1,50,8,3,0,0,9,0,0,9,4,E01016360,-1,0,0.00964,0.99036,-1,2,30,1,4,1,03:12,2,2,9
202360A123368,2023,60A123368,1,2,2,1,8,2,3,0,0,2,0,0,9,-1,-1,-1,0,0.10461,0.89539,-1,6,40,1,1,1,12:10,6,1,9
2023991374638,2023,991374638,1,2,1,1,39,7,2,0,0,0,0,0,19,3,-1,5,1,1.0,0.0,-1,6,60,2,6,2,19:30,3,2,19
2023440150310,2023,440150310,1,1,3,1,13,3,3,1,3,0,0,0,0,9,E01022909,-1,0,0.04577,0.95423,-1,6,30,1,1,1,18:00,2,1,9
2023221363021,2023,221363021,1,1,1,1,23,5,2,0,0,0,0,0,4,9,E01029690,7,1,1.0,0.0,-1,3,60,1,6,1,19:05,5,3,4
2023430391641,2023,430391641,2,1,1,1,44,7,3,0,0,0,0,0,4,-1,-1,-1,0,0.17186,0.82814,-1,6,30,1,1,1,12:13,6,3,4
2023010474251,2023,010474251,1,1,1,2,18,4,3,0,0,0,0,0,9,4,E01000439,-1,0,0.0,1.0,-1,6,30,1,4,1,00:30,6,1,9
2023070408333,2023,070408333,2,1,1,1,57,9,3,0,0,0,0,0,9,-1,-1,-1,0,0.05717,0.94283,-1,6,30,1,1,1,15:00,5,2,9
2023201339229,2023,201339229,2,2,2,2,53,8,2,0,0,1,0,0,9,8,E01013269,7,1,1.0,0.0,-1,6,30,1,4,1,02:56,5,2,9
2023351355922,2023,351355922,2,4,2,2,79,11,2,0,0,1,0,0,9,10,E01032504,6,1,1.0,0.0,-1,6,60,1,1,1,11:30,6,3,9
2023440057577,2023,440057577,1,1,1,2,44,7,3,0,0,0,0,0,9,5,E01023027,-1,0,0.12968,0.87032,-1,6,40,1,4,1,22:06,6,1,9
2023201309946,2023,201309946,2,2,1,1,54,8,3,0,0,0,0,0,11,2,E01010077,3,1,0.0,1.0,-1,6,30,1,1,1,11:12,2,2,11
2023010426547,2023,010426547,1,1,1,1,21,5,3,0,0,0,0,0,3,8,E01000910,-1,0,0.0,1.0,-1,6,20,1,4,1,22:20,6,2,3
2023351372912,2023,351372912,2,1,1,1,25,5,2,0,0,0,0,0,3,8,E01026363,7,1,1.0,0.0,-1,3,70,1,6,1,19:31,6,2,3
2023010436990,2023,010436990,1,1,2,2,-1,-1,3,0,0,9,0,0,9,3,E01004333,-1,0,0.0,1.0,-1,7,20,9,4,9,05:03,1,1,9
2023010442687,2023,010442687,2,1,2,1,23,5,3,0,0,1,0,0,9,5,E01000619,-1,0,0.0,1.0,-1,6,30,1,1,1,12:22,6,12,9
2023101384692,2023,101384692,2,1,1,1,39,7,3,0,0,0,0,0,9,10,E01033551,3,1,0.0,1.0,-1,6,40,1,1,2,15:00,4,2,9
2023411317627,2023,411317627,1,1,1,1,51,8,3,0,0,0,0,0,9,6,E01023921,3,1,0.0,1.0,-1,3,70,1,1,1,14:44,1,1,9
2023041331964,2023,041331964,2,1,1,2,60,9,3,0,0,0,0,0,9,8,E01025550,3,1,0.0,1.0,-1,6,30,1,1,1,16:28,5,2,9
2023430177756,2023,430177756,2,1,1,2,43,7,3,0,0,0,0,0,9,5,E01016768,-1,0,0.00324,0.99676,-1,3,70,1,1,1,12:30,3,2,9
2023141350624,2023,141350624,2,1,1,1,81,11,3,0,0,0,0,0,5,2,E01007745,3,1,0.0,1.0,-1,6,30,8,1,1,14:23,4,2,5
2023201349202,2023,201349202,1,1,1,1,40,7,3,0,0,0,0,0,9,8,E01009949,3,1,0.0,1.0,-1,6,30,1,1,1,19:48,7,4,9
2023543940823,2023,543940823,2,2,2,1,19,4,3,0,0,1,0,0,9,10,E01015533,-1,0,0.03401,0.96599,-1,3,40,9,7,1,23:20,6,2,9
2023361395093,2023,361395093,2,1,1,1,52,8,3,0,0,0,0,0,1,1,E01026793,3,1,0.0,1.0,-1,6,30,1,1,-1,08:08,2,2,1
2023101276323,2023,101276323,2,1,1,2,48,8,3,0,0,0,0,0,9,9,E01008260,3,1,0.0,1.0,-1,1,30,1,4,2,17:57,6,2,9
2023122301205,2023,122301205,1,1,1,2,57,9,3,0,0,0,0,0,9,6,E01027778,-1,0,0.04581,0.95419,-1,6,60,1,1,1,18:50,5,2,9
2023421390107,2023,421390107,2,2,2,1,30,6,3,0,0,1,0,0,9,9,E01021654,3,1,0.0,1.0,-1,6,30,1,1,2,08:37,6,2,9
2023991313432,2023,991313432,1,2,2,2,55,8,2,0,0,1,0,0,9,6,-1,6,1,1.0,0.0,-1,6,60,1,1,1,11:02,4,1,9
2023041268495,2023,041268495,2,4,2,1,45,7,3,0,0,0,4,0,11,4,E01025308,3,1,0.0,1.0,-1,6,30,1,1,1,11:20,5,2,11
2023440300620,2023,440300620,1,2,1,1,26,6,3,0,0,0,0,0,19,9,E01022874,-1,0,0.03958,0.96042,-1,6,30,1,1,1,12:33,4,2,19
2023211354974,2023,211354974,1,1,3,2,76,11,3,10,9,0,0,0,0,10,E01029770,3,1,0.0,1.0,-1,6,20,9,7,1,13:30,3,1,9
2023311359729,2023,311359729,2,1,1,2,40,7,3,0,0,0,0,0,9,7,E01019700,3,1,0.0,1.0,-1,3,50,2,1,2,17:10,2,2,9
2023501391392,2023,501391392,2,1,1,2,57,9,3,0,0,0,0,0,9,8,E01019913,3,1,0.0,1.0,-1,6,20,1,4,1,17:41,3,2,9
2023010472467,2023,010472467,2,1,1,1,52,8,2,0,0,0,0,0,1,6,E01002943,-1,0,1.0,0.0,-1,6,20,1,1,1,07:15,3,2,1
2023010454939,2023,010454939,1,1,1,1,81,11,1,0,0,0,0,0,9,2,W01000900,-1,0,0.0,0.0,-1,3,50,1,1,1,08:52,5,3,9
2023131359482,2023,131359482,3,2,1,1,52,8,3,0,0,0,0,0,9,5,E01005728,3,1,0.0,1.0,-1,9,70,2,1,2,16:22,4,3,9
2023320023585,2023,320023585,1,1,3,1,49,8,3,5,1,0,0,0,0,2,E01026037,-1,0,0.14585,0.85415,-1,6,30,1,1,2,15:39,5,1,9
2023440503515,2023,440503515,2,1,1,1,26,6,2,0,0,0,0,0,3,4,E01017162,-1,0,1.0,0.0,-1,6,30,4,4,1,22:30,7,2,3
2023421360878,2023,421360878,2,1,1,2,23,5,3,0,0,0,0,0,9,8,E01021801,3,1,0.0,1.0,-1,7,70,1,1,1,11:30,1,2,9
2023471311594,2023,471311594,1,1,1,1,54,8,3,0,0,0,0,0,9,5,E01020969,3,1,0.0,1.0,-1,6,30,1,4,1,23:20,5,2,9
2023631375842,2023,631375842,2,1,1,2,18,4,3,0,0,0,0,0,9,5,E01032048,3,1,0.0,1.0,-1,6,60,1,1,2,15:00,6,2,9
2023010436363,2023,010436363,2,2,1,1,26,6,3,0,0,0,0,0,19,1,E01003986,-1,0,0.0,1.0,-1,3,30,1,1,1,17:32,6,2,19
2023131276285,2023,131276285,1,1,1,2,35,6,3,0,0,0,0,0,9,8,E01011187,3,1,0.0,1.0,-1,3,40,1,4,1,18:22,3,2,9
2023131308567,2023,131308567,1,3,2,1,30,6,3,0,0,2,0,0,9,4,E01010834,3,1,0.0,1.0,-1,6,30,1,4,1,01:55,3,2,9
2023201461825,2023,201461825,1,1,1,2,60,9,3,0,0,0,0,0,9,8,E01010492,3,1,0.0,1.0,-1,6,30,2,4,2,07:00,3,2,9
2023211377897,2023,211377897,2,2,2,2,41,7,3,0,0,1,0,0,9,5,E01014369,3,1,0.0,1.0,-1,3,70,1,6,1,05:00,6,2,9
2023401433323,2023,401433323,1,1,1,1,61,9,3,0,0,0,0,0,9,7,E01015694,3,1,0.0,1.0,-1,6,60,1,1,1,16:23,7,3,9
2023461392290,2023,461392290,2,2,2,2,42,7,3,0,0,1,0,0,9,1,E01024590,3,1,0.0,1.0,-1,6,30,1,6,1,17:18,3,2,9
2023211310594,2023,211310594,1,1,3,2,21,5,3,8,2,0,0,0,0,-1,-1,3,1,0.0,1.0,-1,3,30,1,1,1,12:55,3,1,9
2023070325137,2023,070325137,2,1,1,1,29,6,3,0,0,0,0,0,1,6,E01012512,-1,0,0.04708,0.95292,-1,1,30,1,1,1,18:00,2,2,1
2023361337489,2023,361337489,2,1,1,1,-1,-1,3,0,0,0,0,0,1,-1,-1,3,1,0.0,1.0,-1,6,30,1,1,1,17:50,4,2,1
2023501280463,2023,501280463,2,1,1,2,30,6,3,0,0,0,0,0,1,-1,-1,3,1,0.0,1.0,-1,6,30,1,1,2,08:30,5,2,1
2023010438455,2023,010438455,1,1,1,2,32,6,3,0,0,0,0,0,9,3,E01003602,-1,0,0.0,1.0,-1,2,20,1,1,1,11:30,5,2,9
2023041360656,2023,041360656,1,1,1,1,-1,-1,3,0,0,0,0,0,9,2,E01025032,3,1,0.0,1.0,-1,6,20,1,7,1,22:44,6,2,9
2023471389941,2023,471389941,2,2,1,2,36,7,3,0,0,0,0,0,9,6,E01031658,3,1,0.0,1.0,-1,6,60,1,1,2,08:15,6,4,9
2023552300981,2023,552300981,2,1,2,2,53,8,2,0,0,1,0,0,9,3,E01015409,-1,0,1.0,0.0,-1,6,60,1,1,1,17:30,2,2,9
2023440474354,2023,440474354,1,2,3,1,71,10,2,6,9,0,0,0,0,9,E01022920,-1,0,1.0,0.0,-1,6,30,1,1,2,10:45,2,1,1
2023991327362,2023,991327362,1,1,3,1,73,10,2,6,8,0,0,0,0,-1,-1,7,1,1.0,0.0,-1,6,60,1,1,1,17:30,7,1,9
2023010461250,2023,010461250,1,1,1,2,29,6,3,0,0,0,0,0,1,5,E01003413,-1,0,0.0,1.0,-1,6,20,9,1,1,13:20,5,2,1
2023010445387,2023,010445387,1,1,1,2,62,9,3,0,0,0,0,0,9,6,E01000487,-1,0,0.0,1.0,-1,6,20,1,1,1,06:48,7,2,9
2023010472172,2023,010472172,1,1,1,1,32,6,3,0,0,0,0,0,9,3,E01000092,-1,0,0.0,1.0,-1,6,30,1,4,1,22:11,1,2,9
2023052300957,2023,052300957,1,1,1,2,18,4,3,0,0,0,0,0,9,6,E01006929,-1,0,0.03629,0.96371,-1,6,20,1,1,1,12:15,4,2,9
2023161326307,2023,161326307,2,2,1,2,52,8,3,0,0,0,0,0,9,6,E01028316,3,1,0.0,1.0,-1,7,70,1,1,1,13:05,4,2,9
2023991275810,2023,991275810,2,3,2,1,69,10,2,0,0,1,0,0,9,1,-1,5,1,1.0,0.0,-1,6,60,1,1,1,15:53,2,2,9
2023501405391,2023,501405391,1,1,3,1,53,8,3,5,1,0,0,0,0,5,E01015237,3,1,0.0,1.0,-1,6,30,1,1,1,14:20,6,1,9
2023052301516,2023,052301516,1,1,1,1,54,8,3,0,0,0,0,0,3,1,E01007006,-1,0,0.24777,0.75223,-1,6,30,1,1,1,13:49,7,1,3
2023041304554,2023,041304554,1,1,1,1,19,4,3,0,0,0,0,0,9,5,E01004923,3,1,0.0,1.0,-1,3,70,1,6,1,01:14,7,1,9
2023221288567,2023,221288567,1,1,1,1,40,7,3,0,0,0,0,0,9,3,E01000922,3,1,0.0,1.0,-1,3,40,1,4,1,21:47,7,2,9
2023461336961,2023,461336961,2,2,1,1,62,9,3,0,0,0,0,0,9,7,E01024727,3,1,0.0,1.0,-1,3,70,1,1,1,18:02,2,2,9
2023471392061,2023,471392061,1,1,1,1,33,6,2,0,0,0,0,0,9,10,E01021158,7,1,1.0,0.0,-1,6,30,2,4,2,02:05,2,1,9
2023501320810,2023,501320810,2,1,1,1,17,4,3,0,0,0,0,0,3,3,E01015162,3,1,0.0,1.0,-1,3,40,1,1,1,16:35,4,2,3
2023201380470,2023,201380470,1,1,1,1,24,5,2,0,0,0,0,0,5,-1,-1,7,1,1.0,0.0,-1,7,70,1,1,1,17:40,3,2,5
2023351391083,2023,351391083,1,1,1,1,81,11,3,0,0,0,0,0,9,4,E01026660,3,1,0.0,1.0,-1,6,60,1,1,1,12:52,7,2,9
2023010425528,2023,010425528,1,1,3,1,41,7,3,4,3,0,0,0,0,1,E01001483,-1,0,0.0,1.0,-1,6,30,1,1,1,15:23,5,1,9
2023141346075,2023,141346075,2,2,1,1,49,8,2,0,0,0,0,0,9,-1,-1,6,1,1.0,0.0,-1,6,30,1,1,1,17:14,1,2,9
2023340WN0522,2023,340WN0522,2,1,1,1,37,7,3,0,0,0,0,0,9,8,E01027211,-1,0,0.04093,0.95907,-1,6,30,1,1,1,14:25,2,2,9
2023302300913,2023,302300913,1,1,1,1,19,4,2,0,0,0,0,0,3,2,E01019505,-1,0,1.0,0.0,-1,6,30,1,4,1,22:49,7,2,3
2023531275416,2023,531275416,5,3,1,1,24,5,3,0,0,0,0,0,3,7,E01022302,3,1,0.0,1.0,-1,6,50,1,1,1,14:20,7,5,3
2023552301054,2023,552301054,2,1,1,1,56,9,3,0,0,0,0,0,3,2,E01032662,-1,0,0.18995,0.81005,-1,3,40,1,1,1,17:22,3,2,3
2023041377100,2023,041377100,1,1,2,1,19,4,3,0,0,1,0,0,9,4,E01025093,3,1,0.0,1.0,-1,6,20,1,1,1,11:20,3,2,9
2023302301204,2023,302301204,1,3,2,1,38,7,2,0,0,1,0,0,9,5,E01019827,-1,0,1.0,0.0,-1,3,30,1,1,2,17:09,5,2,9
2023451379338,2023,451379338,2,1,1,2,38,7,2,0,0,0,0,0,9,4,E01030650,7,1,1.0,0.0,-1,6,30,1,1,2,08:27,2,2,9
2023311260656,2023,311260656,1,1,3,1,13,3,3,10,9,0,0,0,0,2,E01028313,3,1,0.0,1.0,-1,6,40,1,4,2,17:00,6,1,9
2023610041423,2023,610041423,1,1,3,2,86,11,3,10,9,0,0,0,0,4,W01001524,-1,0,0.20642,0.79358,-1,6,20,1,1,1,11:25,1,2,9
2023201315332,2023,201315332,2,5,2,2,13,3,3,0,0,2,0,0,9,1,E01009360,3,1,0.0,1.0,-1,6,30,1,1,1,19:28,3,2,9
2023461301807,2023,461301807,1,2,1,1,41,7,3,0,0,0,0,0,9,5,E01024379,3,1,0.0,1.0,-1,1,30,1,1,1,08:45,6,1,9
2023471294360,2023,471294360,2,1,1,2,53,8,3,0,0,0,0,0,9,10,E01031578,3,1,0.0,1.0,-1,6,60,1,1,2,08:13,5,3,9
2023201309946,2023,201309946,2,5,2,1,67,10,3,0,0,0,3,0,11,5,E01009825,3,1,0.0,1.0,-1,6,30,1,1,1,11:12,2,2,11
2023201358834,2023,201358834,1,1,3,1,5,1,2,5,2,0,0,0,0,3,E01009138,7,1,1.0,0.0,-1,6,30,1,1,1,18:00,3,1,9
2023461278238,2023,461278238,1,1,3,1,28,6,3,1,9,0,0,-1,0,5,E01024623,3,1,0.0,1.0,-1,3,30,1,1,-1,12:05,2,1,9
2023430253791,2023,430253791,1,1,1,1,37,7,3,0,0,0,0,0,1,5,E01028588,-1,0,0.14496,0.85504,-1,6,20,1,1,1,17:59,6,2,1
2023201327184,2023,201327184,2,1,1,1,42,7,2,0,0,0,0,0,4,5,E01010000,7,1,1.0,0.0,-1,3,70,1,1,1,14:30,5,4,4
2023041350455,2023,041350455,2,2,1,1,32,6,3,0,0,0,0,0,9,2,E01012746,3,1,0.0,1.0,-1,6,20,1,1,1,13:42,6,3,9
2023461366365,2023,461366365,2,1,1,1,52,8,3,0,0,0,0,0,9,5,E01024198,3,1,0.0,1.0,-1,6,30,5,4,2,20:29,4,2,9
2023161282164,2023,161282164,1,1,1,1,33,6,3,0,0,0,0,0,19,7,E01033105,3,1,0.0,1.0,-1,6,30,1,1,1,16:05,6,2,19
2023471286212,2023,471286212,1,1,1,1,32,6,3,0,0,0,0,0,19,8,E01021201,3,1,0.0,1.0,-1,6,30,1,1,1,11:05,2,2,19
2023010423960,2023,010423960,1,1,1,1,53,8,3,0,0,0,0,0,8,5,E01000631,-1,0,0.0,1.0,-1,9,40,1,4,1,00:05,7,3,8
2023010461098,2023,010461098,1,1,1,1,29,6,3,0,0,0,0,0,3,4,E01000307,-1,0,0.0,1.0,-1,6,30,1,1,1,16:10,5,2,3
202360A076238,2023,60A076238,1,1,1,1,24,5,3,0,0,0,0,0,4,-1,-1,-1,0,0.2537,0.7463,-1,6,40,1,1,1,19:00,1,2,4
2023302300622,2023,302300622,1,1,1,1,21,5,2,0,0,0,0,0,5,8,E01007678,-1,0,1.0,0.0,-1,6,50,1,1,1,16:36,7,2,5
2023122300945,2023,122300945,1,1,1,2,20,4,3,0,0,0,0,0,9,7,E01027572,-1,0,0.06972,0.93028,-1,6,60,1,1,1,07:50,1,1,9
2023451292813,2023,451292813,2,1,1,2,65,9,2,0,0,0,0,0,9,9,E01030567,7,1,1.0,0.0,-1,6,30,1,1,1,14:55,7,2,9
2023501372663,2023,501372663,1,4,2,2,60,9,2,0,0,2,0,0,9,2,E01018977,6,1,1.0,0.0,-1,3,40,2,1,2,11:35,7,2,9
2023991381259,2023,991381259,2,2,2,1,45,7,3,0,0,1,0,0,21,-1,-1,3,1,0.0,1.0,-1,3,70,1,1,2,09:30,6,2,21
2023201411083,2023,201411083,2,2,1,-1,23,5,3,0,0,0,0,0,9,2,E01010531,3,1,0.0,1.0,-1,6,30,1,4,1,20:55,3,2,9
2023371392811,2023,371392811,1,1,1,2,19,4,3,0,0,0,0,0,9,6,E01033453,3,1,0.0,1.0,-1,6,60,2,6,2,17:31,4,1,9
2023451312561,2023,451312561,2,2,2,2,14,3,3,0,0,1,0,0,9,8,E01001400,3,1,0.0,1.0,-1,7,70,1,1,1,10:05,2,3,9
2023052303042,2023,052303042,1,1,3,2,52,8,3,6,5,0,0,0,0,5,E01007152,-1,0,0.13959,0.86041,-1,6,20,4,4,2,17:47,5,1,1
2023401325581,2023,401325581,1,1,3,1,78,11,3,6,9,0,0,0,0,10,E01017566,3,1,0.0,1.0,-1,6,30,1,1,-1,15:28,6,1,9
2023010468178,2023,010468178,2,1,2,1,11,3,3,0,0,0,0,0,1,3,E01004763,-1,0,0.0,1.0,-1,6,20,1,1,1,15:45,2,2,1
2023041378967,2023,041378967,2,4,1,2,19,4,3,0,0,0,0,0,9,9,E01025324,3,1,0.0,1.0,-1,3,50,1,4,1,18:40,7,2,9
2023311372648,2023,311372648,1,1,1,1,35,6,3,0,0,0,0,0,9,10,E01028218,3,1,0.0,1.0,-1,3,60,1,1,1,14:37,5,2,9
2023461294729,2023,461294729,2,2,1,2,68,10,3,0,0,0,0,0,9,7,E01024636,3,1,0.0,1.0,-1,6,60,2,1,2,09:40,6,2,9
2023302301831,2023,302301831,2,1,1,2,30,6,3,0,0,0,0,0,9,7,E01008133,-1,0,0.07231,0.92769,-1,6,60,8,1,4,09:18,4,3,9
2023461268015,2023,461268015,1,1,1,1,44,7,3,0,0,0,0,0,9,4,E01024002,3,1,0.0,1.0,-1,6,20,8,4,2,18:29,5,1,9
2023010421208,2023,010421208,1,1,3,1,12,3,3,6,9,0,0,0,0,10,E01000694,-1,0,0.0,1.0,-1,3,30,1,4,2,17:00,6,1,9
2023340WN4462,2023,340WN4462,1,1,1,1,17,4,3,0,0,0,0,0,4,3,E01027245,-1,0,0.21059,0.78941,-1,2,30,1,1,1,12:20,3,1,4
2023010481231,2023,010481231,2,2,1,1,50,8,3,0,0,0,0,0,8,3,E01004406,-1,0,0.0,1.0,-1,1,20,8,4,4,00:40,6,2,8
2023552300692,2023,552300692,2,2,1,1,32,6,3,0,0,0,0,0,9,10,E01020350,-1,0,0.03133,0.96867,-1,6,30,1,1,1,14:37,7,2,9
2023991317497,2023,991317497,2,2,1,1,35,6,3,0,0,0,0,0,9,-1,-1,3,1,0.0,1.0,-1,6,60,1,1,1,07:50,2,2,9
2023070026624,2023,070026624,2,1,1,2,26,6,3,0,0,0,0,0,9,4,E01018337,-1,0,0.01257,0.98743,-1,3,70,1,1,2,16:52,2,2,9
2023141371837,2023,141371837,1,1,1,1,71,10,3,0,0,0,0,0,9,1,E01007738,3,1,0.0,1.0,-1,3,30,2,4,2,18:02,3,3,9
2023010469521,2023,010469521,1,1,3,1,19,4,3,9,9,0,0,0,0,2,E01002879,-1,0,0.0,1.0,-1,2,30,8,1,1,09:30,2,1,9