collision_index,collision_year,collision_ref_no,vehicle_reference,casualty_reference,casualty_class,sex_of_casualty,age_of_casualty,age_band_of_casualty,casualty_severity,pedestrian_location,pedestrian_movement,car_passenger,bus_or_coach_passenger,pedestrian_road_maintenance_worker,casualty_type,casualty_imd_decile,lsoa_of_casualty,enhanced_casualty_severity,casualty_injury_based,casualty_adjusted_severity_serious,casualty_adjusted_severity_slight,casualty_distance_banding,road_type,speed_limit,weather_conditions,light_conditions,road_surface_conditions,time,day_of_week,number_of_vehicles,vehicle_type
2023010431219,2023,010431219,2,1,1,1,36,7,3,0,0,0,0,0,3,4,E01000068,-1,0,0.0,1.0,-1,6,30,2,1,2,13:08,5,2,3
2023061385343,2023,061385343,1,1,1,2,48,8,3,0,0,0,0,0,9,5,E01005687,3,1,0.0,1.0,-1,3,40,2,4,2,07:29,7,2,9
2023421384177,2023,421384177,2,1,1,1,64,9,3,0,0,0,0,0,9,8,E01021801,3,1,0.0,1.0,-1,6,30,1,4,2,16:25,5,2,9
2023010459127,2023,010459127,2,1,1,2,43,7,3,0,0,0,0,0,3,4,E01003259,-1,0,0.0,1.0,-1,6,20,2,4,2,22:40,7,2,3
2023070409946,2023,070409946,2,1,2,2,29,6,3,0,0,1,0,0,9,-1,-1,-1,0,0.01497,0.98503,-1,6,40,1,1,1,08:26,2,2,9
2023201284412,2023,201284412,2,3,2,1,31,6,3,0,0,2,0,0,9,2,E01010106,3,1,0.0,1.0,-1,3,70,5,4,2,18:38,3,2,9
2023471279523,2023,471279523,1,1,3,2,10,2,3,4,3,0,0,0,0,2,E01031779,3,1,0.0,1.0,-1,6,40,1,1,2,15:50,4,1,9
2023522300853,2023,522300853,1,1,1,1,46,8,3,0,0,0,0,0,8,1,E01014654,-1,0,0.00652,0.99348,-1,6,20,1,1,1,09:45,3,2,8
2023101331967,2023,101331967,1,1,1,2,31,6,3,0,0,0,0,0,9,1,E01008170,3,1,0.0,1.0,-1,6,30,1,1,2,14:59,6,2,9
2023010455562,2023,010455562,1,1,2,2,0,1,3,0,0,0,4,0,11,5,E01003155,-1,0,0.0,1.0,-1,6,20,1,1,1,17:45,3,1,11
2023101384673,2023,101384673,1,1,3,1,21,5,3,1,1,0,0,0,0,8,E01008409,3,1,0.0,1.0,-1,3,30,1,1,2,12:50,5,1,9
2023430020101,2023,430020101,2,1,1,2,53,8,3,0,0,0,0,0,1,8,E01016805,-1,0,0.0423,0.9577,-1,6,30,1,1,1,16:05,6,2,1
2023010451418,2023,010451418,1,1,2,2,31,6,3,0,0,1,0,0,9,4,E01000260,-1,0,0.0,1.0,-1,7,20,1,1,1,20:05,1,2,9
2023522400339,2023,522400339,2,1,1,2,65,9,2,0,0,0,0,0,9,4,E01014906,-1,0,1.0,0.0,-1,6,20,1,4,1,16:44,4,2,9
2023531308134,2023,531308134,1,1,1,2,60,9,3,0,0,0,0,0,9,7,E01022206,3,1,0.0,1.0,-1,6,60,1,1,1,15:00,1,1,9
2023010461576,2023,010461576,2,1,1,1,-1,-1,3,0,0,0,0,0,1,-1,-1,-1,0,0.0,1.0,-1,6,30,1,1,1,16:45,1,2,1
2023010446649,2023,010446649,2,1,1,1,31,6,2,0,0,0,0,0,5,-1,-1,-1,0,1.0,0.0,-1,6,20,1,4,1,00:34,7,2,5
2023211303173,2023,211303173,2,4,2,1,88,11,3,0,0,2,0,0,8,1,E01010371,3,1,0.0,1.0,-1,3,70,1,1,1,16:32,5,2,8
2023010420018,2023,010420018,2,1,1,1,35,6,2,0,0,0,0,0,9,-1,-1,-1,0,1.0,0.0,-1,6,30,2,4,2,18:48,6,2,9
2023131272342,2023,131272342,2,1,1,1,33,6,3,0,0,0,0,0,9,2,E01010792,3,1,0.0,1.0,-1,6,30,8,7,2,17:21,6,2,9
2023161373988,2023,161373988,1,4,2,1,18,4,3,0,0,2,0,0,9,7,E01013186,3,1,0.0,1.0,-1,3,70,1,4,1,17:35,6,2,9
2023340NN0952,2023,340NN0952,2,3,2,2,56,9,3,0,0,1,0,0,9,6,E01027326,-1,0,0.12078,0.87922,-1,6,60,1,1,1,13:50,4,3,9
2023041364445,2023,041364445,1,1,3,2,35,6,3,4,9,0,0,0,0,1,E01012679,3,1,0.0,1.0,-1,6,30,1,1,1,07:52,5,1,9
2023421387601,2023,421387601,2,3,2,2,12,3,3,0,0,2,0,0,9,7,E01021538,3,1,0.0,1.0,-1,6,30,1,1,1,08:15,2,2,9
2023041346947,2023,041346947,2,1,1,2,33,6,3,0,0,0,0,0,9,8,E01025409,3,1,0.0,1.0,-1,6,30,1,1,1,15:39,6,2,9
2023340WN2272,2023,340WN2272,2,1,1,2,18,4,3,0,0,0,0,0,9,9,E01026998,-1,0,0.01225,0.98775,-1,6,30,1,1,1,15:10,7,2,9
2023010465418,2023,010465418,2,1,1,1,52,8,3,0,0,0,0,0,1,7,E01032573,-1,0,0.0,1.0,-1,6,20,1,1,1,17:00,2,2,1
2023451374537,2023,451374537,1,1,1,2,48,8,3,0,0,0,0,0,9,8,E01030302,3,1,0.0,1.0,-1,6,30,1,1,1,07:39,3,2,9
2023451384081,2023,451384081,2,2,1,2,31,6,3,0,0,0,0,0,9,6,E01031637,3,1,0.0,1.0,-1,6,40,2,6,2,16:24,5,2,9
2023010482721,2023,010482721,1,1,1,1,47,8,3,0,0,0,0,0,1,4,E01001285,-1,0,0.0,1.0,-1,2,20,5,4,2,20:23,5,2,1
2023461352239,2023,461352239,2,1,1,2,48,8,3,0,0,0,0,0,9,7,E01024316,3,1,0.0,1.0,-1,3,70,1,1,1,18:10,6,2,9
2023501328789,2023,501328789,1,2,2,1,79,11,3,0,0,1,0,0,9,7,E01018789,3,1,0.0,1.0,-1,2,30,1,1,1,20:41,3,1,9
2023531294900,2023,531294900,2,1,2,1,6,2,2,0,0,0,0,0,90,9,E01031183,6,1,1.0,0.0,-1,3,70,1,6,1,21:29,7,2,90
2023010441440,2023,010441440,1,1,3,2,30,6,3,1,1,0,0,0,0,3,E01003250,-1,0,0.0,1.0,-1,2,30,1,4,1,22:30,6,1,9
2023010470039,2023,010470039,1,2,2,-1,-1,-1,3,0,0,2,0,0,9,-1,-1,-1,0,0.0,1.0,-1,1,30,1,1,1,14:05,4,1,9
2023071080788,2023,071080788,2,2,2,2,6,2,3,0,0,2,0,0,9,3,E01018461,-1,0,0.02142,0.97858,-1,6,30,1,6,1,19:36,3,2,9
2023201267661,2023,201267661,2,1,1,1,38,7,3,0,0,0,0,0,9,6,E01010043,3,1,0.0,1.0,-1,3,30,2,4,2,07:40,4,2,9
2023991302641,2023,991302641,1,1,1,1,19,4,1,0,0,0,0,0,9,-1,-1,1,1,0.0,0.0,-1,6,60,1,6,2,21:00,1,1,9
2023010461998,2023,010461998,1,1,3,2,24,5,2,5,1,0,0,0,0,-1,-1,-1,0,1.0,0.0,-1,3,20,1,1,1,13:13,4,2,3
2023061334567,2023,061334567,1,1,3,2,16,4,3,4,3,0,0,0,0,2,E01005238,3,1,0.0,1.0,-1,6,30,1,1,1,21:00,6,1,9
2023010447054,2023,010447054,1,1,1,1,35,6,3,0,0,0,0,0,2,-1,-1,-1,0,0.0,1.0,-1,9,20,7,1,1,18:40,4,2,2
2023461302223,2023,461302223,2,1,1,1,43,7,3,0,0,0,0,0,5,6,E01024212,3,1,0.0,1.0,-1,6,30,1,1,1,18:14,4,2,5
2023161365755,2023,161365755,1,1,1,2,61,9,3,0,0,0,0,0,9,1,E01012888,3,1,0.0,1.0,-1,6,40,1,6,1,19:47,1,2,9
2023201277479,2023,201277479,2,1,2,1,23,5,3,0,0,2,0,0,9,1,E01010484,3,1,0.0,1.0,-1,7,70,1,4,1,19:38,3,2,9
2023440211331,2023,440211331,1,2,1,2,44,7,3,0,0,0,0,0,9,9,E01022658,-1,0,0.08709,0.91291,-1,6,40,1,1,1,12:10,1,2,9
2023010468454,2023,010468454,2,1,1,-1,-1,-1,3,0,0,0,0,0,-1,-1,-1,-1,0,0.0,1.0,-1,6,20,8,4,1,20:20,3,2,-1
2023010435155,2023,010435155,1,1,3,2,67,10,3,5,1,0,0,0,0,8,E01000679,-1,0,0.0,1.0,-1,6,30,2,1,2,06:45,6,1,9
2023010444765,2023,010444765,1,1,3,2,14,3,3,8,1,0,0,0,0,6,E01002024,-1,0,0.0,1.0,-1,6,20,1,1,1,07:37,4,1,9
2023010475531,2023,010475531,1,1,1,1,42,7,3,0,0,0,0,0,8,2,E01003349,-1,0,0.0,1.0,-1,2,20,1,4,2,17:10,5,2,8
2023010444881,2023,010444881,1,1,2,2,0,1,3,0,0,1,0,0,9,5,E01003067,-1,0,0.0,1.0,-1,3,30,1,1,1,18:17,4,2,9
2023010445392,2023,010445392,2,4,2,-1,12,3,3,0,0,1,0,0,9,7,E01024435,-1,0,0.0,1.0,-1,6,30,1,1,1,16:30,6,2,9
2023052300814,2023,052300814,2,1,1,1,75,10,3,0,0,0,0,0,1,3,E01006575,-1,0,0.18626,0.81374,-1,3,20,2,1,2,10:30,2,2,1
2023131319875,2023,131319875,1,1,1,1,20,4,3,0,0,0,0,0,9,-1,-1,3,1,0.0,1.0,-1,3,40,1,4,1,23:57,7,1,9
2023031261242,2023,031261242,1,1,1,2,33,6,3,0,0,0,0,0,9,3,E01019204,3,1,0.0,1.0,-1,6,30,1,1,1,14:45,2,2,9
2023411266949,2023,411266949,1,2,2,1,63,9,3,0,0,-1,0,0,9,5,E01023592,3,1,0.0,1.0,-1,3,70,2,1,2,13:00,1,2,9
2023430443491,2023,430443491,2,3,2,2,17,4,3,0,0,1,0,0,9,8,E01017736,-1,0,0.04692,0.95308,-1,6,60,1,1,1,08:18,3,2,9
2023451321723,2023,451321723,1,1,1,1,60,9,3,0,0,0,0,0,9,8,E01002941,3,1,0.0,1.0,-1,6,30,1,1,1,15:50,3,1,9
2023991382322,2023,991382322,1,1,1,2,51,8,3,0,0,0,0,0,9,7,-1,3,1,0.0,1.0,-1,6,60,1,1,1,09:00,4,1,9
2023161384111,2023,161384111,1,1,1,1,62,9,3,0,0,0,0,0,3,1,E01012865,3,1,0.0,1.0,-1,6,30,2,4,2,17:20,5,1,3
2023501363796,2023,501363796,1,1,1,1,20,4,3,0,0,0,0,0,3,9,E01019993,3,1,0.0,1.0,-1,6,40,1,1,1,08:20,3,2,3
2023061351995,2023,061351995,1,1,3,2,17,4,3,5,1,0,0,0,0,1,E01005583,3,1,0.0,1.0,-1,6,30,1,1,1,08:35,4,1,9
2023311261940,2023,311261940,1,1,3,2,15,3,3,5,1,0,0,0,0,6,E01027948,3,1,0.0,1.0,-1,6,30,2,1,2,08:30,2,1,9
2023010453873,2023,010453873,2,1,1,1,36,7,3,0,0,0,0,0,3,2,E01001959,-1,0,0.0,1.0,-1,1,20,1,1,1,21:29,6,2,3
2023041343686,2023,041343686,2,2,1,2,52,8,3,0,0,0,0,0,4,6,E01005824,3,1,0.0,1.0,-1,6,30,1,1,1,17:00,1,2,4
2023161351584,2023,161351584,2,1,1,1,19,4,3,0,0,0,0,0,9,6,E01012961,3,1,0.0,1.0,-1,6,30,2,1,2,07:40,3,2,9
2023201416445,2023,201416445,2,2,1,1,35,6,3,0,0,0,0,0,9,-1,-1,3,1,0.0,1.0,-1,3,30,1,4,2,00:40,1,2,9
2023451352958,2023,451352958,1,1,2,2,7,2,3,0,0,2,0,0,9,6,E01030312,3,1,0.0,1.0,-1,6,30,1,1,1,18:10,6,2,9
2023520300691,2023,520300691,1,1,1,1,68,10,3,0,0,0,0,0,9,10,W01001602,-1,0,0.10372,0.89628,-1,6,60,1,1,1,12:30,1,2,9
2023991282012,2023,991282012,1,1,1,2,25,5,3,0,0,0,0,0,9,5,-1,3,1,0.0,1.0,-1,6,60,1,6,1,18:40,4,1,9
2023101391906,2023,101391906,2,4,2,1,15,3,3,0,0,2,0,0,9,-1,-1,3,1,0.0,1.0,-1,6,60,1,1,2,10:03,7,2,9
2023221300170,2023,221300170,2,3,1,2,55,8,3,0,0,0,0,0,9,5,E01032196,3,1,0.0,1.0,-1,6,30,1,1,1,09:45,2,2,9
2023010431105,2023,010431105,2,1,1,1,25,5,3,0,0,0,0,0,3,9,E01004604,-1,0,0.0,1.0,-1,3,20,2,4,2,19:55,4,3,3
2023451319666,2023,451319666,1,1,1,1,19,4,3,0,0,0,0,0,3,6,E01030411,3,1,0.0,1.0,-1,6,40,1,1,1,11:08,5,2,3
2023010469041,2023,010469041,2,2,1,1,35,6,3,0,0,0,0,0,8,10,E01002947,-1,0,0.0,1.0,-1,6,30,1,1,1,15:40,6,2,8
2023440251020,2023,440251020,1,1,1,2,47,8,3,0,0,0,0,0,9,7,E01022597,-1,0,0.12454,0.87546,-1,6,60,1,6,1,22:27,6,2,9
2023461315961,2023,461315961,2,1,1,1,39,7,3,0,0,0,0,0,9,3,E01024714,3,1,0.0,1.0,-1,6,30,1,1,1,10:30,3,2,9
2023461394176,2023,461394176,2,1,1,1,-1,-1,3,0,0,0,0,0,9,3,E01016146,3,1,0.0,1.0,-1,6,30,1,1,1,09:25,4,2,9
2023471263527,2023,471263527,4,1,1,2,32,6,3,0,0,0,0,0,9,-1,-1,3,1,0.0,1.0,-1,6,50,1,1,1,12:10,1,4,9
2023221368630,2023,221368630,1,1,1,1,56,9,3,0,0,0,0,0,9,6,E01032407,3,1,0.0,1.0,-1,1,60,1,1,2,08:15,1,1,9
2023430103317,2023,430103317,1,2,2,2,45,7,3,0,0,2,0,0,9,-1,-1,-1,0,0.07764,0.92236,-1,2,30,1,1,1,17:43,3,1,9
2023010464132,2023,010464132,2,1,1,1,-1,-1,3,0,0,0,0,0,1,4,E01001995,-1,0,0.0,1.0,-1,6,30,8,1,1,07:58,3,2,1
2023501361557,2023,501361557,2,1,1,1,53,8,3,0,0,0,0,0,5,4,E01020310,3,1,0.0,1.0,-1,6,30,1,1,1,14:00,7,2,5
2023010466406,2023,010466406,1,1,3,2,6,2,3,5,3,0,0,0,0,3,E01000961,-1,0,0.0,1.0,-1,6,20,1,1,1,12:18,7,1,9
2023161265154,2023,161265154,1,1,3,2,34,6,3,6,9,0,0,1,0,6,E01013334,3,1,0.0,1.0,-1,6,30,1,4,4,18:00,4,1,9
2023010482996,2023,010482996,1,1,1,1,42,7,3,0,0,0,0,0,9,7,E01000297,-1,0,0.0,1.0,-1,6,30,2,1,2,11:36,7,2,9
2023371382021,2023,371382021,2,1,1,1,34,6,3,0,0,0,0,0,9,1,E01033130,3,1,0.0,1.0,-1,6,30,2,1,2,14:05,1,2,9
2023010435265,2023,010435265,1,1,2,2,58,9,3,0,0,0,3,0,11,1,E01001155,-1,0,0.0,1.0,-1,1,20,2,4,2,20:26,6,2,11
2023122301119,2023,122301119,2,2,1,1,51,8,3,0,0,0,0,0,9,10,E01027914,-1,0,0.08798,0.91202,-1,6,60,1,1,1,07:45,4,2,9
2023371299077,2023,371299077,2,1,1,2,70,10,3,0,0,0,0,0,9,7,E01030019,3,1,0.0,1.0,-1,6,40,1,1,1,11:57,3,2,9
2023451277331,2023,451277331,1,1,1,2,63,9,2,0,0,0,0,0,9,6,E01030557,6,1,1.0,0.0,-1,6,50,1,4,2,23:00,5,1,9
2023211309968,2023,211309968,2,1,1,1,38,7,3,0,0,0,0,0,19,-1,-1,3,1,0.0,1.0,-1,6,60,1,1,1,09:10,2,2,19
2023471376546,2023,471376546,1,1,1,1,59,9,3,0,0,0,0,0,19,2,E01020280,3,1,0.0,1.0,-1,3,50,1,1,2,09:45,2,2,19
2023440295657,2023,440295657,1,1,1,2,23,5,3,0,0,0,0,0,9,9,E01023190,-1,0,0.0247,0.9753,-1,6,40,2,4,2,00:49,1,2,9
2023543663023,2023,543663023,2,2,2,1,62,9,3,0,0,1,0,0,9,8,E01032121,-1,0,0.00417,0.99583,-1,1,30,1,1,1,14:30,3,2,9
2023161318721,2023,161318721,1,1,2,2,31,6,3,0,0,0,0,0,90,1,E01013330,3,1,0.0,1.0,-1,6,60,1,1,1,16:01,3,3,90
2023041326644,2023,041326644,1,2,2,2,71,10,3,0,0,1,0,0,9,8,E01009506,3,1,0.0,1.0,-1,6,20,1,1,1,12:48,5,1,9
2023101299973,2023,101299973,1,2,2,2,20,4,2,0,0,1,0,0,9,9,E01019326,5,1,1.0,0.0,-1,6,60,1,1,1,17:58,1,1,9
2023131360847,2023,131360847,1,1,1,1,31,6,2,0,0,0,0,0,9,6,E01007695,7,1,1.0,0.0,-1,6,30,1,4,1,23:42,1,1,9
2023141340449,2023,141340449,2,3,2,1,49,8,3,0,0,2,0,0,9,1,E01007652,3,1,0.0,1.0,-1,6,40,1,1,1,15:00,5,2,9
2023320755858,2023,320755858,2,1,1,1,60,9,3,0,0,0,0,0,9,1,E01008022,-1,0,0.06303,0.93697,-1,6,40,1,4,1,16:15,6,2,9
2023471351355,2023,471351355,2,1,1,1,79,11,3,0,0,0,0,0,9,6,E01021021,3,1,0.0,1.0,-1,6,30,1,1,1,12:16,2,2,9
2023421297175,2023,421297175,1,2,3,2,34,6,1,5,1,0,0,0,0,4,E01001835,1,1,0.0,0.0,-1,6,40,1,1,1,16:19,1,1,5
2023010443757,2023,010443757,1,3,2,-1,-1,-1,3,0,0,2,0,0,9,-1,-1,-1,0,0.0,1.0,-1,9,30,1,1,1,18:45,5,1,9
2023010486430,2023,010486430,1,1,1,1,28,6,3,0,0,0,0,0,9,3,E01004590,-1,0,0.0,1.0,-1,6,20,1,4,1,05:20,6,2,9
2023430434596,2023,430434596,1,1,1,2,33,6,3,0,0,0,0,0,9,6,E01016704,-1,0,0.00366,0.99634,-1,6,40,1,1,1,08:00,5,2,9
2023471346579,2023,471346579,1,1,1,2,32,6,3,0,0,0,0,0,9,3,E01031451,3,1,0.0,1.0,-1,6,60,1,6,2,01:45,4,1,9
2023141342850,2023,141342850,1,1,2,2,-1,-1,3,0,0,0,-1,0,11,1,E01007373,3,1,0.0,1.0,-1,6,30,1,1,1,16:04,5,1,11
2023010475876,2023,010475876,2,1,1,1,29,6,3,0,0,0,0,0,1,2,E01003622,-1,0,0.0,1.0,-1,6,30,1,1,2,10:40,7,2,1
2023010463399,2023,010463399,2,1,2,2,16,4,3,0,0,2,0,0,9,6,E01001540,-1,0,0.0,1.0,-1,3,40,1,4,1,19:59,5,2,9
2023201316445,2023,201316445,2,2,1,1,31,6,3,0,0,0,0,0,9,-1,-1,3,1,0.0,1.0,-1,3,40,1,1,1,17:09,6,2,9
2023421357865,2023,421357865,1,2,2,1,20,4,3,0,0,1,0,0,9,-1,-1,3,1,0.0,1.0,-1,6,30,1,7,1,00:35,7,3,9
2023010436457,2023,010436457,1,1,1,2,69,10,3,0,0,0,0,0,9,6,E01002331,-1,0,0.0,1.0,-1,6,30,1,1,1,10:25,7,3,9
2023041342491,2023,041342491,1,2,1,1,32,6,3,0,0,0,0,0,9,9,E01025342,3,1,0.0,1.0,-1,6,30,2,1,2,13:18,1,2,9
2023421312461,2023,421312461,1,1,1,2,60,9,3,0,0,0,0,0,9,7,E01027076,3,1,0.0,1.0,-1,7,70,1,4,1,03:10,2,2,9
2023430206279,2023,430206279,1,1,1,1,39,7,1,0,0,0,0,0,9,3,E01028448,-1,0,0.0,0.0,-1,6,50,1,6,2,22:57,5,1,9
2023522300587,2023,522300587,1,1,1,1,34,6,3,0,0,0,0,0,9,1,E01014486,-1,0,0.03238,0.96762,-1,6,20,1,4,1,06:11,7,2,9
2023430216535,2023,430216535,2,1,1,1,60,9,3,0,0,0,0,0,1,-1,-1,-1,0,0.04832,0.95168,-1,1,30,1,1,1,07:16,4,2,1
2023010478314,2023,010478314,2,1,1,1,32,6,3,0,0,0,0,0,1,3,E01001264,-1,0,0.0,1.0,-1,6,20,1,1,2,09:00,5,2,1
2023311365732,2023,311365732,1,1,1,2,36,7,3,0,0,0,0,0,9,4,E01028366,3,1,0.0,1.0,-1,6,30,9,1,1,12:41,1,2,9
2023544479023,2023,544479023,2,1,1,2,38,7,3,0,0,0,0,0,9,9,E01032713,-1,0,0.01942,0.98058,-1,6,40,1,1,1,18:05,6,3,9
2023101276664,2023,101276664,1,1,3,1,13,3,3,5,1,0,0,-1,0,-1,-1,3,1,0.0,1.0,-1,6,20,1,1,1,10:30,2,1,19
2023010419376,2023,010419376,2,1,1,1,34,6,3,0,0,0,0,0,3,3,E01001369,-1,0,0.0,1.0,-1,6,20,1,4,1,19:15,2,2,3
2023461372818,2023,461372818,1,1,2,2,26,6,3,0,0,2,0,0,9,7,E01024316,3,1,0.0,1.0,-1,6,60,1,6,1,04:28,1,1,9
2023631324674,2023,631324674,2,2,1,1,28,6,2,0,0,0,0,0,9,6,W01000539,7,1,1.0,0.0,-1,6,60,1,1,2,10:00,6,3,9
2023010448848,2023,010448848,2,1,1,1,24,5,2,0,0,0,0,0,1,5,E01023542,-1,0,1.0,0.0,-1,3,20,1,1,1,20:25,3,2,1
2023131385806,2023,131385806,2,1,1,1,34,6,3,0,0,0,0,0,9,2,E01011805,3,1,0.0,1.0,-1,1,30,1,1,1,11:51,1,2,9
2023211259226,2023,211259226,2,3,2,2,17,4,3,0,0,1,0,0,9,4,E01029807,3,1,0.0,1.0,-1,6,50,1,4,2,18:30,2,2,9
2023461273098,2023,461273098,2,2,1,1,47,8,3,0,0,0,0,0,9,2,E01020838,3,1,0.0,1.0,-1,3,70,1,7,1,00:15,3,2,9
2023131368060,2023,131368060,2,1,1,1,60,9,3,0,0,0,0,0,1,9,E01011654,3,1,0.0,1.0,-1,6,20,2,4,2,18:11,7,2,1
2023461311265,2023,461311265,2,2,2,2,24,5,3,0,0,1,0,0,9,10,E01032826,3,1,0.0,1.0,-1,3,60,1,4,1,23:30,7,2,9
2023471313368,2023,471313368,1,1,2,2,12,3,3,0,0,2,0,0,9,6,E01001563,3,1,0.0,1.0,-1,6,30,1,1,1,12:40,4,2,9
2023522400343,2023,522400343,2,2,2,2,57,9,3,0,0,1,0,0,9,3,E01014493,-1,0,0.02345,0.97655,-1,6,30,1,4,2,16:50,6,2,9
2023471290505,2023,471290505,1,1,1,1,34,6,2,0,0,0,0,0,5,1,E01021019,5,1,1.0,0.0,-1,6,60,4,6,1,18:25,7,1,5
2023061287803,2023,061287803,2,1,1,2,26,6,2,0,0,0,0,0,9,3,E01024884,7,1,1.0,0.0,-1,3,70,2,1,3,08:20,6,3,9
2023211339570,2023,211339570,1,2,2,2,16,4,3,0,0,2,0,0,9,2,E01014281,3,1,0.0,1.0,-1,6,30,1,1,1,16:10,3,4,9
2023302300914,2023,302300914,2,2,1,1,57,9,2,0,0,0,0,0,9,7,E01019771,-1,0,1.0,0.0,-1,6,30,1,1,2,08:57,1,3,9
2023471288229,2023,471288229,1,1,1,1,43,7,3,0,0,0,0,0,9,6,E01031676,3,1,0.0,1.0,-1,6,40,1,1,1,14:50,7,1,9
2023061376314,2023,061376314,1,2,1,1,64,9,3,0,0,0,0,0,19,2,E01025075,3,1,0.0,1.0,-1,6,30,2,1,2,12:30,1,2,19
2023440336740,2023,440336740,3,2,1,1,59,9,2,0,0,0,0,0,1,-1,-1,-1,0,1.0,0.0,-1,6,40,1,1,1,12:22,1,5,1
2023631350198,2023,631350198,2,12,2,1,75,10,3,0,0,0,4,0,11,6,E01019084,3,1,0.0,1.0,-1,6,60,1,1,1,14:10,3,3,11
2023451283892,2023,451283892,1,1,1,1,17,4,2,0,0,0,0,0,97,10,E01030807,7,1,1.0,0.0,-1,6,30,1,1,2,08:29,3,2,97
2023041288002,2023,041288002,1,1,1,2,30,6,3,0,0,0,0,0,9,2,E01012640,3,1,0.0,1.0,-1,6,30,2,1,2,16:45,6,2,9
2023411359307,2023,411359307,2,2,1,2,52,8,3,0,0,0,0,0,9,4,E01021863,3,1,0.0,1.0,-1,6,60,1,1,1,08:34,2,3,9
2023131316399,2023,131316399,2,2,2,2,28,6,3,0,0,1,0,0,9,-1,-1,3,1,0.0,1.0,-1,6,30,1,1,1,18:07,4,4,9
2023010445634,2023,010445634,1,1,1,2,55,8,3,0,0,0,0,0,1,2,E01003598,-1,0,0.0,1.0,-1,6,30,1,1,1,18:18,7,2,1
2023122301089,2023,122301089,1,3,2,1,39,7,3,0,0,1,0,0,9,6,E01027871,-1,0,0.04889,0.95111,-1,6,60,1,1,1,15:09,4,2,9
2023201405004,2023,201405004,1,1,1,1,49,8,3,0,0,0,0,0,9,4,E01009030,3,1,0.0,1.0,-1,1,30,1,4,1,22:24,5,2,9
2023221330533,2023,221330533,1,1,2,2,8,2,3,0,0,2,0,0,9,4,E01014072,3,1,0.0,1.0,-1,6,30,1,1,1,08:40,3,2,9
2023548881023,2023,548881023,1,1,1,2,52,8,3,0,0,0,0,0,9,10,E01015399,-1,0,0.09469,0.90531,-1,6,50,1,1,1,16:10,3,2,9
2023071141356,2023,071141356,2,2,2,1,12,3,3,0,0,1,0,0,9,8,E01012387,-1,0,0.00441,0.99559,-1,6,30,2,7,2,17:10,3,2,9
2023201338039,2023,201338039,1,1,2,2,47,8,3,0,0,1,0,0,9,1,E01010046,3,1,0.0,1.0,-1,6,30,1,1,1,14:46,3,1,9
2023371373527,2023,371373527,2,1,1,2,19,4,3,0,0,0,0,0,9,6,E01026872,3,1,0.0,1.0,-1,6,30,1,5,2,18:30,3,2,9
2023451350460,2023,451350460,2,1,1,1,64,9,3,0,0,0,0,0,1,10,E01030367,3,1,0.0,1.0,-1,1,30,1,1,1,10:19,6,2,1
2023010420768,2023,010420768,1,1,3,1,40,7,3,10,9,0,0,0,0,8,E01002690,-1,0,0.0,1.0,-1,6,20,1,1,1,13:50,4,1,9
2023522300952,2023,522300952,1,1,1,1,31,6,3,0,0,0,0,0,3,3,E01014569,-1,0,0.1254,0.8746,-1,6,20,1,1,1,19:11,7,2,3
2023041359967,2023,041359967,1,1,1,1,18,4,2,0,0,0,0,0,9,10,E01025316,5,1,1.0,0.0,-1,6,50,2,1,2,17:10,5,2,9
2023201339735,2023,201339735,2,1,1,2,52,8,3,0,0,0,0,0,9,9,E01009469,3,1,0.0,1.0,-1,2,30,2,1,2,14:23,1,2,9
2023311296926,2023,311296926,2,1,1,2,55,8,3,0,0,0,0,0,22,8,E01028172,3,1,0.0,1.0,-1,6,30,1,1,1,10:20,7,2,22
2023061318767,2023,061318767,3,6,2,1,18,4,3,0,0,2,0,0,9,1,E01005689,3,1,0.0,1.0,-1,3,30,1,4,1,23:05,4,3,9
2023320564809,2023,320564809,2,1,2,1,2,1,3,0,0,1,0,0,9,9,E01026194,-1,0,0.05258,0.94742,-1,6,30,1,1,1,08:45,2,2,9
2023430185057,2023,430185057,2,1,1,2,51,8,3,0,0,0,0,0,9,9,E01028663,-1,0,0.02729,0.97271,-1,6,50,1,1,1,15:55,6,2,9
2023010479566,2023,010479566,1,1,2,2,46,8,3,0,0,0,3,0,11,5,E01003939,-1,0,0.0,1.0,-1,6,20,1,1,1,15:15,4,1,11
2023351383857,2023,351383857,1,2,2,2,26,6,3,0,0,0,3,0,11,9,E01017988,3,1,0.0,1.0,-1,6,30,1,4,1,17:35,6,1,11
2023520300583,2023,520300583,2,1,1,1,57,9,3,0,0,0,0,0,1,-1,-1,-1,0,0.12227,0.87773,-1,6,30,1,1,2,13:49,6,2,1
2023010437834,2023,010437834,2,1,2,2,40,7,3,0,0,2,0,0,9,-1,-1,-1,0,0.0,1.0,-1,6,20,1,1,1,10:36,2,3,9
2023201317647,2023,201317647,1,4,2,2,40,7,3,0,0,1,0,0,9,3,E01010501,3,1,0.0,1.0,-1,6,30,1,1,1,18:15,1,2,9
2023340WN4962,2023,340WN4962,2,1,1,1,38,7,3,0,0,0,0,0,9,9,E01027201,-1,0,0.04058,0.95942,-1,6,60,1,6,1,20:20,3,3,9
2023061280652,2023,061280652,1,2,2,1,37,7,2,0,0,0,0,0,3,1,E01005599,5,1,1.0,0.0,-1,1,30,1,4,1,01:20,1,1,3