collision_index,collision_year,collision_ref_no,vehicle_reference,casualty_reference,casualty_class,sex_of_casualty,age_of_casualty,age_band_of_casualty,casualty_severity,pedestrian_location,pedestrian_movement,car_passenger,bus_or_coach_passenger,pedestrian_road_maintenance_worker,casualty_type,casualty_imd_decile,lsoa_of_casualty,enhanced_casualty_severity,casualty_injury_based,casualty_adjusted_severity_serious,casualty_adjusted_severity_slight,casualty_distance_banding,road_type,speed_limit,weather_conditions,light_conditions,road_surface_conditions,time,day_of_week,number_of_vehicles,vehicle_type
2023461273460,2023,461273460,1,1,1,1,17,4,3,0,0,0,0,0,4,7,E01024140,3,1,0.0,1.0,-1,6,30,1,1,1,16:44,2,2,4
2023052300040,2023,052300040,1,1,3,1,76,11,3,4,1,0,0,0,0,1,E01006556,-1,0,0.22915,0.77085,-1,6,30,1,6,1,19:09,4,1,8
2023010424319,2023,010424319,1,1,1,1,36,7,3,0,0,0,0,0,1,6,E01004493,-1,0,0.0,1.0,-1,2,20,1,1,1,09:41,2,2,1
2023010473752,2023,010473752,1,1,1,1,30,6,3,0,0,0,0,0,1,6,E01003764,-1,0,0.0,1.0,-1,9,30,1,1,1,17:05,2,2,1
2023430222462,2023,430222462,2,1,1,1,16,4,3,0,0,0,0,0,2,10,E01030769,-1,0,0.11431,0.88569,-1,6,30,1,1,1,14:09,1,2,2
2023332301258,2023,332301258,1,1,3,1,16,4,3,9,5,0,0,0,0,5,E01025716,-1,0,0.02583,0.97417,-1,6,30,8,1,1,08:30,4,1,9
2023201380335,2023,201380335,2,1,1,2,39,7,3,0,0,0,0,0,9,2,E01010071,3,1,0.0,1.0,-1,6,30,1,1,1,09:00,2,2,9
202360A184527,2023,60A184527,1,2,2,1,16,4,1,0,0,1,0,0,9,-1,-1,-1,0,0.0,0.0,-1,6,60,9,1,2,00:00,1,1,9
2023201375350,2023,201375350,1,2,3,1,54,8,3,8,2,0,0,2,0,1,E01010107,3,1,0.0,1.0,-1,6,30,1,1,1,07:55,4,1,4
2023010448273,2023,010448273,1,2,2,-1,-1,-1,3,0,0,1,0,0,8,3,E01003563,-1,0,0.0,1.0,-1,6,30,1,4,1,22:19,7,1,8
2023010471828,2023,010471828,1,1,1,1,29,6,3,0,0,0,0,0,1,7,E01004545,-1,0,0.0,1.0,-1,6,30,1,1,1,16:30,6,1,1
2023131292767,2023,131292767,2,1,1,2,35,6,2,0,0,0,0,0,1,9,E01011513,7,1,1.0,0.0,-1,6,30,2,1,2,08:20,6,2,1
2023320095175,2023,320095175,1,1,1,2,60,9,3,0,0,0,0,0,9,4,E01026076,-1,0,0.05417,0.94583,-1,6,60,1,1,1,16:00,3,2,9
2023010445641,2023,010445641,2,1,1,1,33,6,3,0,0,0,0,0,3,2,E01003390,-1,0,0.0,1.0,-1,6,20,1,4,1,21:19,7,2,3
2023141392532,2023,141392532,2,1,1,2,40,7,2,0,0,0,0,0,9,-1,-1,5,1,1.0,0.0,-1,6,30,1,4,2,16:53,4,2,9
2023302300776,2023,302300776,1,1,1,1,25,5,3,0,0,0,0,0,9,-1,-1,-1,0,0.11923,0.88077,-1,6,40,1,1,1,20:04,4,1,9
2023371350407,2023,371350407,2,2,1,1,60,9,2,0,0,0,0,0,9,8,E01030015,7,1,1.0,0.0,-1,6,60,1,1,2,07:20,3,2,9
2023501333350,2023,501333350,2,1,1,2,40,7,3,0,0,0,0,0,9,-1,-1,3,1,0.0,1.0,-1,6,60,1,1,1,13:59,3,2,9
2023547792023,2023,547792023,1,1,1,1,17,4,2,0,0,0,0,0,9,7,E01015474,-1,0,1.0,0.0,-1,6,60,1,6,1,23:18,2,1,9
2023131362574,2023,131362574,1,2,3,2,12,3,3,1,3,0,0,2,0,9,E01011168,3,1,0.0,1.0,-1,6,30,1,1,1,08:35,5,1,9
2023430522668,2023,430522668,1,1,3,1,80,11,3,1,1,0,0,0,0,7,E01017893,-1,0,0.21209,0.78791,-1,1,30,1,5,2,17:25,2,1,9
2023451351396,2023,451351396,1,1,3,1,46,8,3,6,9,0,0,0,0,4,E01030383,3,1,0.0,1.0,-1,6,30,1,1,1,16:31,2,1,9
2023991294588,2023,991294588,1,1,3,2,8,2,2,6,9,0,0,2,0,1,-1,7,1,1.0,0.0,-1,6,30,1,1,1,10:07,5,1,9
2023421261269,2023,421261269,2,1,1,2,30,6,3,0,0,0,0,0,1,-1,-1,3,1,0.0,1.0,-1,6,30,1,4,2,18:48,2,2,1
2023010468709,2023,010468709,2,2,1,1,39,7,2,0,0,0,0,0,8,10,E01002355,-1,0,1.0,0.0,-1,6,30,1,4,1,03:40,5,3,8
2023010431130,2023,010431130,1,2,2,2,19,4,2,0,0,1,0,0,9,6,E01003641,-1,0,1.0,0.0,-1,6,30,1,4,2,01:35,5,1,9
2023010487047,2023,010487047,1,1,1,1,-1,-1,3,0,0,0,0,0,9,1,E01005186,-1,0,0.0,1.0,-1,6,20,2,4,2,02:23,1,2,9
2023430324623,2023,430324623,1,1,1,2,45,7,3,0,0,0,0,0,9,4,E01016423,-1,0,0.00849,0.99151,-1,6,30,1,1,1,13:13,5,2,9
2023451337897,2023,451337897,2,1,1,2,38,7,3,0,0,0,0,0,9,4,E01002611,3,1,0.0,1.0,-1,6,30,1,1,2,09:16,5,3,9
2023340NN0432,2023,340NN0432,2,1,1,1,32,6,3,0,0,0,0,0,-1,2,E01027349,-1,0,0.03384,0.96616,-1,6,30,1,4,1,16:32,2,2,-1
2023520400539,2023,520400539,1,1,1,1,72,10,3,0,0,0,0,0,1,8,E01029203,-1,0,0.17397,0.82603,-1,6,30,1,1,1,12:35,4,1,1
2023010477408,2023,010477408,1,1,3,1,13,3,3,5,1,0,0,0,0,3,E01003525,-1,0,0.0,1.0,-1,6,30,1,1,1,08:20,5,1,9
2023010482636,2023,010482636,1,1,3,2,74,10,2,5,3,0,0,0,0,8,E01002160,-1,0,1.0,0.0,-1,7,30,2,4,2,18:30,5,1,9
2023430443274,2023,430443274,1,1,3,1,66,10,3,6,9,0,0,0,0,10,E01016665,-1,0,0.07403,0.92597,-1,6,30,1,1,1,20:15,3,1,19
2023991275172,2023,991275172,2,1,1,1,29,6,3,0,0,0,0,0,1,5,-1,3,1,0.0,1.0,-1,6,30,1,1,1,15:00,7,2,1
2023501274549,2023,501274549,1,2,1,1,18,4,2,0,0,0,0,0,3,9,E01020038,7,1,1.0,0.0,-1,6,30,1,4,1,22:15,5,2,3
2023010427413,2023,010427413,2,1,1,1,22,5,3,0,0,0,0,0,1,4,E01001396,-1,0,0.0,1.0,-1,6,30,1,4,1,22:45,4,2,1
2023010421979,2023,010421979,1,1,1,2,30,6,3,0,0,0,0,0,9,8,E01003765,-1,0,0.0,1.0,-1,6,20,1,1,4,07:50,4,2,9
2023010434992,2023,010434992,1,1,2,1,79,11,3,0,0,0,4,0,11,1,E01001574,-1,0,0.0,1.0,-1,6,20,8,1,1,12:24,5,2,11
2023351316340,2023,351316340,2,1,1,2,55,8,2,0,0,0,0,0,9,3,E01026717,7,1,1.0,0.0,-1,6,60,1,1,1,17:07,1,2,9
2023131265057,2023,131265057,1,2,1,1,47,8,2,0,0,0,0,0,9,1,E01010819,5,1,1.0,0.0,-1,3,50,8,4,4,06:45,4,2,9
2023211420523,2023,211420523,1,1,1,2,35,6,3,0,0,0,0,0,9,1,E01029548,3,1,0.0,1.0,-1,6,30,1,1,1,09:49,5,2,9
2023221349868,2023,221349868,2,1,1,1,32,6,3,0,0,0,0,0,9,6,E01014117,3,1,0.0,1.0,-1,6,30,1,1,1,14:28,3,2,9
2023041355398,2023,041355398,2,1,1,1,17,4,3,0,0,0,0,0,97,6,E01012667,3,1,0.0,1.0,-1,6,30,1,4,1,19:40,6,3,97
2023131292959,2023,131292959,2,1,1,2,58,9,3,0,0,0,0,0,9,10,E01011173,3,1,0.0,1.0,-1,6,30,1,1,1,14:02,1,2,9
2023332300612,2023,332300612,1,1,1,1,41,7,2,0,0,0,0,0,9,6,E01013737,-1,0,1.0,0.0,-1,6,20,1,1,1,16:47,1,2,9
2023991337143,2023,991337143,1,1,2,2,22,5,3,0,0,1,0,0,9,-1,-1,3,1,0.0,1.0,-1,6,30,1,1,1,19:57,2,2,9
2023101302581,2023,101302581,1,1,1,2,31,6,3,0,0,0,0,0,9,2,E01027398,3,1,0.0,1.0,-1,3,70,1,1,1,17:42,4,2,9
2023302300445,2023,302300445,1,1,1,1,88,11,3,0,0,0,0,0,9,8,E01019734,-1,0,0.09107,0.90893,-1,6,40,1,1,1,15:47,6,1,9
2023061368352,2023,061368352,2,1,1,1,48,8,2,0,0,0,0,0,19,1,E01005581,7,1,1.0,0.0,-1,6,30,1,1,1,11:12,4,2,19
202360A113784,2023,60A113784,2,1,1,2,40,7,3,0,0,0,0,0,19,-1,-1,-1,0,0.01207,0.98793,-1,1,30,1,1,1,14:00,4,2,19
2023421350166,2023,421350166,1,1,3,1,7,2,3,5,1,0,0,0,0,-1,-1,3,1,0.0,1.0,-1,6,30,1,1,1,17:54,5,1,9
2023991346979,2023,991346979,1,1,1,1,28,6,3,0,0,0,0,0,19,-1,-1,3,1,0.0,1.0,-1,7,50,1,1,1,17:30,4,3,19
2023041328448,2023,041328448,3,4,1,1,24,5,2,0,0,0,0,0,9,1,E01025295,5,1,1.0,0.0,-1,6,30,1,1,1,21:28,6,4,9
2023340WN1752,2023,340WN1752,1,1,1,1,18,4,2,0,0,0,0,0,3,4,E01027189,-1,0,1.0,0.0,-1,6,40,1,1,1,15:29,4,2,3
2023471307018,2023,471307018,2,3,2,2,27,6,3,0,0,1,0,0,9,-1,-1,3,1,0.0,1.0,-1,1,30,1,1,1,19:30,7,2,9
2023552300101,2023,552300101,1,4,2,1,5,1,3,0,0,2,0,0,9,4,E01020394,-1,0,0.05772,0.94228,-1,6,50,1,6,4,20:48,2,1,9
2023552301047,2023,552301047,2,1,1,1,45,7,3,0,0,0,0,0,9,6,E01015336,-1,0,0.00679,0.99321,-1,6,30,1,1,1,12:15,6,2,9
202360A139428,2023,60A139428,1,1,1,2,40,7,3,0,0,0,0,0,9,-1,-1,-1,0,0.16,0.84,-1,6,60,1,1,1,17:20,4,1,9
2023221367043,2023,221367043,1,1,1,1,26,6,3,0,0,0,0,0,19,8,W01000443,3,1,0.0,1.0,-1,1,40,1,4,1,03:20,1,1,19
2023010476681,2023,010476681,1,1,3,2,72,10,3,4,1,0,0,0,0,3,E01001930,-1,0,0.0,1.0,-1,6,20,2,1,2,13:15,4,1,19
2023131314680,2023,131314680,2,1,1,1,45,7,3,0,0,0,0,0,1,8,E01010645,3,1,0.0,1.0,-1,6,30,1,1,1,08:55,1,2,1
2023131370381,2023,131370381,2,1,1,1,21,5,3,0,0,0,0,0,1,5,E01011435,3,1,0.0,1.0,-1,6,30,1,1,2,14:45,3,2,1
2023010459254,2023,010459254,1,1,3,-1,27,6,3,10,9,0,0,0,0,3,E01003244,-1,0,0.0,1.0,-1,6,20,1,1,1,07:00,5,1,9
2023010464302,2023,010464302,1,1,1,1,26,6,3,0,0,0,0,0,3,2,E01002033,-1,0,0.0,1.0,-1,9,30,1,4,1,20:15,3,2,3
2023451319691,2023,451319691,2,1,1,1,20,4,3,0,0,0,0,0,3,10,E01030499,3,1,0.0,1.0,-1,3,50,1,1,1,09:00,7,2,3
2023361352932,2023,361352932,2,1,1,1,16,4,3,0,0,0,0,0,1,3,E01026861,3,1,0.0,1.0,-1,6,20,1,1,1,12:40,3,2,1
2023010449598,2023,010449598,2,1,1,1,38,7,2,0,0,0,0,0,3,8,E01000411,-1,0,1.0,0.0,-1,6,30,1,4,1,00:05,7,2,3
2023141283702,2023,141283702,1,1,3,1,36,7,2,6,9,0,0,0,0,1,E01007318,7,1,1.0,0.0,-1,6,30,1,4,1,22:20,2,1,9
2023421270880,2023,421270880,1,1,3,2,60,9,3,10,1,0,0,0,0,-1,-1,3,1,0.0,1.0,-1,6,30,1,1,2,09:30,4,1,9
2023440298990,2023,440298990,1,1,3,1,6,2,3,5,1,0,0,0,0,1,E01017036,-1,0,0.14561,0.85439,-1,6,30,1,1,1,11:40,3,1,19
2023302301723,2023,302301723,2,1,1,1,35,6,3,0,0,0,0,0,1,2,E01013588,-1,0,0.13942,0.86058,-1,6,30,1,1,2,07:25,6,2,1
2023161359849,2023,161359849,2,1,1,1,50,8,2,0,0,0,0,0,3,2,E01013071,7,1,1.0,0.0,-1,6,20,1,1,1,10:00,3,2,3
2023010481189,2023,010481189,1,1,3,1,47,8,2,1,3,0,0,0,0,3,E01001111,-1,0,1.0,0.0,-1,6,20,1,4,1,19:00,5,1,9
2023411355170,2023,411355170,1,1,3,2,25,5,3,10,9,0,0,0,0,4,E01023530,3,1,0.0,1.0,-1,6,20,1,4,1,23:24,5,1,9
2023131348175,2023,131348175,1,1,1,1,67,10,2,0,0,0,0,0,1,9,E01011945,5,1,1.0,0.0,-1,6,30,1,1,1,16:56,1,1,1
2023010460364,2023,010460364,1,1,1,2,30,6,2,0,0,0,0,0,1,3,E01004317,-1,0,1.0,0.0,-1,6,20,1,1,1,19:30,4,2,1
2023010474980,2023,010474980,2,1,1,1,32,6,3,0,0,0,0,0,1,6,E01003393,-1,0,0.0,1.0,-1,6,30,1,4,1,18:21,2,2,1
2023311388325,2023,311388325,1,1,3,2,85,11,2,4,1,0,0,2,0,-1,-1,5,1,1.0,0.0,-1,6,30,1,1,2,09:37,2,1,9
2023221296130,2023,221296130,2,1,1,1,59,9,2,0,0,0,0,0,1,4,E01033060,7,1,1.0,0.0,-1,1,40,1,1,1,17:24,3,2,1
2023010437939,2023,010437939,1,2,2,-1,-1,-1,3,0,0,1,0,0,9,-1,-1,-1,0,0.0,1.0,-1,6,20,8,1,1,17:17,7,2,9
2023010451171,2023,010451171,1,2,2,-1,-1,-1,3,0,0,1,0,0,9,8,E01000116,-1,0,0.0,1.0,-1,1,30,8,1,1,15:40,7,2,9
2023010468594,2023,010468594,1,2,2,-1,-1,-1,3,0,0,1,0,0,9,4,E01002551,-1,0,0.0,1.0,-1,6,30,1,4,1,20:15,3,2,9
2023161317824,2023,161317824,2,1,1,1,27,6,2,0,0,0,0,0,9,3,E01013272,6,1,1.0,0.0,-1,6,60,1,1,1,12:00,1,2,9
2023471334517,2023,471334517,2,2,1,2,41,7,3,0,0,0,0,0,9,10,E01031729,3,1,0.0,1.0,-1,6,30,2,1,2,18:22,4,2,9
2023541481523,2023,541481523,1,1,1,2,72,10,3,0,0,0,0,0,9,9,E01015473,-1,0,0.04975,0.95025,-1,6,50,1,1,2,15:19,5,2,9
2023111359890,2023,111359890,1,3,2,2,16,4,3,0,0,2,0,0,9,1,E01020901,3,1,0.0,1.0,-1,3,70,1,1,2,12:16,5,1,9
2023361339138,2023,361339138,2,2,2,2,69,10,3,0,0,1,0,0,9,-1,-1,3,1,0.0,1.0,-1,3,40,1,1,1,17:41,2,3,9
2023401295807,2023,401295807,2,1,1,2,21,5,3,0,0,0,0,0,9,8,E01015745,3,1,0.0,1.0,-1,9,20,1,1,1,15:16,7,2,9
2023430329672,2023,430329672,2,3,2,1,25,5,3,0,0,2,0,0,9,7,E01016778,-1,0,0.00947,0.99053,-1,6,60,1,1,1,18:30,1,2,9
2023471386232,2023,471386232,2,1,1,1,82,11,2,0,0,0,0,0,9,7,E01031351,7,1,1.0,0.0,-1,6,30,8,1,2,12:00,4,2,9
2023461289034,2023,461289034,2,1,1,1,20,4,3,0,0,0,0,0,-1,5,E01024122,3,1,0.0,1.0,-1,1,30,1,4,1,21:50,7,2,-1
2023070335936,2023,070335936,1,1,1,1,30,6,3,0,0,0,0,0,9,1,E01006728,-1,0,0.03769,0.96231,-1,3,70,1,1,1,16:50,6,1,9
2023531331982,2023,531331982,2,1,1,1,26,6,3,0,0,0,0,0,9,6,W01001587,3,1,0.0,1.0,-1,6,60,1,1,1,16:10,4,2,9
2023631375927,2023,631375927,3,1,1,2,20,4,2,0,0,0,0,0,9,5,W01000536,7,1,1.0,0.0,-1,6,60,2,6,2,21:50,6,3,9
2023101288145,2023,101288145,2,1,1,2,35,6,3,0,0,0,0,0,9,6,E01008577,3,1,0.0,1.0,-1,3,50,1,1,1,16:50,5,2,9
2023211425181,2023,211425181,1,4,2,2,5,1,3,0,0,2,0,0,9,-1,-1,3,1,0.0,1.0,-1,6,30,1,1,1,16:52,3,2,9
2023311274986,2023,311274986,2,2,2,2,10,2,3,0,0,2,0,0,9,7,E01028217,3,1,0.0,1.0,-1,6,30,1,1,4,16:11,6,2,9
2023010465511,2023,010465511,1,2,2,1,-1,-1,3,0,0,0,0,0,19,3,E01015856,-1,0,0.0,1.0,-1,9,20,9,7,9,17:45,2,2,19
2023461354235,2023,461354235,2,1,2,2,5,1,3,0,0,2,0,0,9,6,E01024285,3,1,0.0,1.0,-1,6,30,1,1,1,14:40,6,2,9
2023010466272,2023,010466272,2,1,1,2,33,6,3,0,0,0,0,0,9,-1,-1,-1,0,0.0,1.0,-1,6,40,1,1,1,17:20,6,2,9
2023041272578,2023,041272578,2,1,1,2,47,8,3,0,0,0,0,0,9,6,E01024921,3,1,0.0,1.0,-1,6,30,1,4,2,19:43,5,2,9
2023131272998,2023,131272998,1,1,1,1,45,7,2,0,0,0,0,0,9,1,E01011354,7,1,1.0,0.0,-1,6,30,1,4,1,17:04,2,2,9
2023201409111,2023,201409111,2,1,2,2,86,11,3,0,0,1,0,0,9,4,E01014106,3,1,0.0,1.0,-1,3,70,1,1,2,13:00,5,2,9
2023440115262,2023,440115262,2,1,1,2,52,8,3,0,0,0,0,0,9,2,E01017272,-1,0,0.04839,0.95161,-1,3,70,1,1,1,08:50,5,2,9
2023461347141,2023,461347141,1,1,1,1,58,9,3,0,0,0,0,0,9,10,E01032655,3,1,0.0,1.0,-1,6,60,1,1,1,16:01,5,2,9
2023471378950,2023,471378950,1,2,2,1,15,3,3,0,0,2,0,0,9,-1,-1,3,1,0.0,1.0,-1,6,60,1,6,2,21:56,7,1,9
2023552300695,2023,552300695,1,1,1,1,86,11,3,0,0,0,0,0,9,10,E01020407,-1,0,0.08258,0.91742,-1,6,30,1,1,1,12:58,4,2,9
2023010437286,2023,010437286,1,1,1,2,29,6,3,0,0,0,0,0,9,2,E01003729,-1,0,0.0,1.0,-1,1,30,1,1,1,19:01,5,2,9
2023461271245,2023,461271245,1,1,1,1,88,11,3,0,0,0,0,0,9,5,E01024525,3,1,0.0,1.0,-1,6,30,1,7,1,17:01,5,1,9
2023401358540,2023,401358540,1,1,1,1,60,9,3,0,0,0,0,0,-1,4,E01017520,3,1,0.0,1.0,-1,6,20,2,1,2,15:11,5,1,-1
2023440352540,2023,440352540,1,1,1,2,49,8,3,0,0,0,0,0,9,10,E01022663,-1,0,0.10433,0.89567,-1,6,30,2,1,2,11:22,5,3,9
2023041355553,2023,041355553,1,1,1,1,37,7,3,0,0,0,0,0,9,3,E01024864,3,1,0.0,1.0,-1,6,30,1,1,1,12:15,7,3,9
2023471258813,2023,471258813,1,1,1,2,18,4,3,0,0,0,0,0,9,8,E01031732,3,1,0.0,1.0,-1,6,50,1,6,2,06:42,1,1,9
2023302300742,2023,302300742,2,1,1,1,36,7,2,0,0,0,0,0,4,8,E01019704,-1,0,1.0,0.0,-1,6,40,1,1,1,18:30,7,2,4
2023421260106,2023,421260106,1,1,1,1,48,8,2,0,0,0,0,0,4,6,E01021714,7,1,1.0,0.0,-1,3,70,1,6,2,16:47,5,2,4
2023010439842,2023,010439842,1,1,1,1,34,6,3,0,0,0,0,0,5,7,E01000674,-1,0,0.0,1.0,-1,9,20,8,1,1,05:00,4,2,5
2023411339035,2023,411339035,2,1,1,1,44,7,3,0,0,0,0,0,1,9,E01023428,3,1,0.0,1.0,-1,1,30,1,1,1,07:29,6,2,1
2023411337194,2023,411337194,1,1,3,2,80,11,3,5,9,0,0,0,0,9,E01023644,3,1,0.0,1.0,-1,6,20,1,1,1,16:22,5,1,9
2023991344438,2023,991344438,2,1,1,1,62,9,3,0,0,0,0,0,5,7,-1,3,1,0.0,1.0,-1,6,20,1,1,1,16:00,3,2,5
2023211319639,2023,211319639,1,2,2,1,0,1,3,0,0,2,0,0,9,-1,-1,3,1,0.0,1.0,-1,3,70,1,6,1,02:20,7,2,9
2023221303781,2023,221303781,2,2,1,1,60,9,3,0,0,0,0,0,9,7,E01032399,3,1,0.0,1.0,-1,6,30,1,1,1,08:18,3,2,9
2023451304132,2023,451304132,2,1,1,1,54,8,3,0,0,0,0,0,9,10,E01030797,3,1,0.0,1.0,-1,6,40,1,1,1,17:15,5,3,9
2023461372785,2023,461372785,2,1,1,1,24,5,3,0,0,0,0,0,9,6,E01003754,3,1,0.0,1.0,-1,1,30,1,1,1,13:00,6,2,9
2023461333399,2023,461333399,2,1,1,1,44,7,2,0,0,0,0,0,19,9,E01032813,7,1,1.0,0.0,-1,1,30,1,1,1,09:45,4,2,19
2023440485550,2023,440485550,1,1,3,2,14,3,3,5,2,0,0,0,0,4,E01032756,-1,0,0.15096,0.84904,-1,6,30,1,4,1,16:32,2,1,9
2023421383086,2023,421383086,2,1,2,2,15,3,3,0,0,1,0,0,9,8,E01021514,3,1,0.0,1.0,-1,1,30,8,4,2,17:21,2,3,9
2023461303236,2023,461303236,2,1,1,1,69,10,3,0,0,0,0,0,9,5,E01024639,3,1,0.0,1.0,-1,7,70,1,1,1,07:47,5,3,9
2023991363057,2023,991363057,1,2,2,1,24,5,2,0,0,1,0,0,9,6,E01006051,6,1,1.0,0.0,-1,6,60,1,4,4,05:50,1,1,9
2023440204087,2023,440204087,2,1,1,1,39,7,3,0,0,0,0,0,3,2,E01022964,-1,0,0.16999,0.83001,-1,6,30,1,1,1,17:21,3,2,3
2023991324730,2023,991324730,1,1,1,1,41,7,3,0,0,0,0,0,3,8,-1,3,1,0.0,1.0,-1,1,30,5,1,2,11:57,7,1,3
2023131324536,2023,131324536,1,1,1,1,29,6,3,0,0,0,0,0,9,1,E01011318,3,1,0.0,1.0,-1,3,50,1,1,1,15:00,6,2,9
2023201409119,2023,201409119,2,1,1,2,64,9,3,0,0,0,0,0,9,2,E01008884,3,1,0.0,1.0,-1,3,40,1,4,1,21:02,1,2,9
2023201415193,2023,201415193,1,1,1,1,21,5,3,0,0,0,0,0,9,2,E01009393,3,1,0.0,1.0,-1,7,30,1,1,1,20:04,4,1,9
2023201461072,2023,201461072,3,1,1,1,30,6,3,0,0,0,0,0,9,2,E01009942,3,1,0.0,1.0,-1,3,40,1,1,1,10:38,3,3,9
2023991399105,2023,991399105,2,1,1,2,63,9,2,0,0,0,0,0,9,6,-1,6,1,1.0,0.0,-1,6,60,8,1,2,11:00,7,2,9
2023131309299,2023,131309299,1,1,3,1,47,8,3,8,4,0,0,2,0,2,E01011900,3,1,0.0,1.0,-1,6,30,1,1,1,12:23,6,1,9
2023071004571,2023,071004571,1,1,1,1,21,5,2,0,0,0,0,0,1,8,E01012551,-1,0,1.0,0.0,-1,6,30,1,4,2,19:37,6,2,1
2023451292261,2023,451292261,1,1,1,1,21,5,3,0,0,0,0,0,9,10,E01030638,3,1,0.0,1.0,-1,6,30,2,5,2,02:40,6,2,9
2023622300358,2023,622300358,3,3,1,2,33,6,3,0,0,0,0,0,9,2,W01001243,-1,0,0.01647,0.98353,-1,3,70,1,1,1,17:03,6,3,9
2023451371392,2023,451371392,1,1,1,1,78,11,3,0,0,0,0,0,9,10,E01030874,3,1,0.0,1.0,-1,7,40,1,4,1,19:45,2,2,9
2023461392616,2023,461392616,1,1,1,1,28,6,3,0,0,0,0,0,9,4,E01024579,3,1,0.0,1.0,-1,3,70,4,4,2,05:11,5,2,9
2023520300826,2023,520300826,2,2,1,1,20,4,3,0,0,0,0,0,9,9,E01032105,-1,0,0.07317,0.92683,-1,6,60,1,6,2,19:15,5,2,9
2023061381083,2023,061381083,1,1,3,1,36,7,3,8,1,0,0,0,0,1,E01005578,3,1,0.0,1.0,-1,6,30,1,4,4,17:25,5,1,9
2023201261603,2023,201261603,1,1,3,2,31,6,3,1,9,0,0,2,0,1,E01009493,3,1,0.0,1.0,-1,6,30,1,1,1,15:30,4,1,8
2023311265056,2023,311265056,1,1,1,1,54,8,3,0,0,0,0,0,-1,-1,-1,3,1,0.0,1.0,-1,3,40,1,1,1,13:50,2,2,-1
2023010488728,2023,010488728,1,1,1,1,54,8,2,0,0,0,0,0,5,10,E01030486,-1,0,1.0,0.0,-1,6,20,1,1,1,13:00,5,2,5
2023010455114,2023,010455114,1,1,3,2,37,7,2,6,9,0,0,0,0,7,E01004166,-1,0,1.0,0.0,-1,6,30,2,1,2,09:37,6,1,9
2023461288628,2023,461288628,2,1,1,2,33,6,3,0,0,0,0,0,9,3,E01024583,3,1,0.0,1.0,-1,6,40,1,1,1,11:00,5,2,9
2023552301305,2023,552301305,1,1,1,1,18,4,3,0,0,0,0,0,9,6,E01020439,-1,0,0.08331,0.91669,-1,6,40,2,4,2,19:05,2,1,9
2023201301565,2023,201301565,2,1,1,2,50,8,2,0,0,0,0,0,97,1,E01010095,7,1,1.0,0.0,-1,1,40,1,1,1,11:19,3,2,97
2023461286850,2023,461286850,1,1,1,1,20,4,3,0,0,0,0,0,9,8,E01024185,3,1,0.0,1.0,-1,6,40,1,1,1,16:38,7,3,9
2023010427638,2023,010427638,1,1,1,2,47,8,3,0,0,0,0,0,9,3,E01003348,-1,0,0.0,1.0,-1,3,40,1,1,2,08:55,6,1,9
2023361306760,2023,361306760,1,3,2,2,6,2,3,0,0,2,0,0,9,3,E01026747,3,1,0.0,1.0,-1,6,20,1,1,1,16:10,6,2,9
2023052300609,2023,052300609,2,1,1,2,40,7,3,0,0,0,0,0,9,5,E01006553,-1,0,0.05079,0.94921,-1,3,40,8,4,2,10:10,4,2,9
2023461364617,2023,461364617,2,1,1,2,37,7,3,0,0,0,0,0,9,8,E01024434,3,1,0.0,1.0,-1,6,30,1,1,1,15:02,5,5,9
2023501362982,2023,501362982,1,2,1,1,76,11,3,0,0,0,0,0,9,7,E01018818,3,1,0.0,1.0,-1,6,60,1,6,1,21:35,7,2,9
2023991318723,2023,991318723,2,1,1,1,46,8,2,0,0,0,0,0,9,7,-1,7,1,1.0,0.0,-1,6,20,1,1,1,18:47,4,2,9
2023041258856,2023,041258856,1,2,2,1,32,6,3,0,0,1,0,0,9,1,E01012748,3,1,0.0,1.0,-1,6,30,2,4,2,20:20,1,1,9
2023371295210,2023,371295210,1,1,1,1,33,6,2,0,0,0,0,0,9,2,E01033122,7,1,1.0,0.0,-1,6,30,4,6,2,23:10,2,1,9
2023401386396,2023,401386396,2,1,1,2,41,7,2,0,0,0,0,0,9,9,E01017445,7,1,1.0,0.0,-1,6,60,1,1,2,09:37,3,2,9
2023501389099,2023,501389099,2,2,1,1,61,9,3,0,0,0,0,0,19,8,E01020238,3,1,0.0,1.0,-1,3,30,1,1,2,13:01,7,2,19
2023451327142,2023,451327142,1,1,1,1,59,9,2,0,0,0,0,0,9,8,E01030951,7,1,1.0,0.0,-1,6,40,1,6,1,22:48,6,2,9
2023010485180,2023,010485180,1,1,1,2,38,7,3,0,0,0,0,0,9,2,E01000065,-1,0,0.0,1.0,-1,6,20,1,1,1,12:35,4,2,9
2023141281386,2023,141281386,2,1,1,2,48,8,3,0,0,0,0,0,9,10,E01007619,3,1,0.0,1.0,-1,6,30,1,1,1,09:30,2,2,9
2023161332251,2023,161332251,2,2,2,2,29,6,3,0,0,1,0,0,9,-1,-1,3,1,0.0,1.0,-1,3,70,2,5,2,14:03,7,2,9
2023361363620,2023,361363620,2,1,1,1,19,4,3,0,0,0,0,0,9,7,E01026627,3,1,0.0,1.0,-1,6,60,1,1,1,16:52,1,2,9