collision_index,collision_year,collision_ref_no,vehicle_reference,casualty_reference,casualty_class,sex_of_casualty,age_of_casualty,age_band_of_casualty,casualty_severity,pedestrian_location,pedestrian_movement,car_passenger,bus_or_coach_passenger,pedestrian_road_maintenance_worker,casualty_type,casualty_imd_decile,lsoa_of_casualty,enhanced_casualty_severity,casualty_injury_based,casualty_adjusted_severity_serious,casualty_adjusted_severity_slight,casualty_distance_banding,road_type,speed_limit,weather_conditions,light_conditions,road_surface_conditions,time,day_of_week,number_of_vehicles,vehicle_type
2023451302788,2023,451302788,1,1,1,-1,35,6,3,0,0,0,0,0,9,4,E01003231,3,1,0.0,1.0,-1,7,30,1,1,1,09:55,2,2,9
2023501319799,2023,501319799,2,1,1,2,30,6,3,0,0,0,0,0,9,5,E01018835,3,1,0.0,1.0,-1,6,60,4,1,1,15:15,7,2,9
2023161380744,2023,161380744,1,1,1,1,32,6,3,0,0,0,0,0,19,1,E01033110,3,1,0.0,1.0,-1,3,40,1,1,1,15:35,3,2,19
2023010460976,2023,010460976,1,1,1,1,34,6,3,0,0,0,0,0,5,10,E01024469,-1,0,0.0,1.0,-1,6,30,1,1,1,06:35,5,2,5
2023501367486,2023,501367486,1,1,1,1,42,7,2,0,0,0,0,0,5,4,E01020330,5,1,1.0,0.0,-1,7,60,5,1,2,13:34,7,2,5
2023201309243,2023,201309243,2,2,1,1,42,7,3,0,0,0,0,0,9,1,E01010029,3,1,0.0,1.0,-1,6,30,1,1,2,12:20,5,2,9
2023991321941,2023,991321941,2,1,1,2,28,6,3,0,0,0,0,0,9,7,-1,3,1,0.0,1.0,-1,7,50,1,1,1,17:30,5,2,9
2023070007425,2023,070007425,1,1,3,2,14,3,3,4,1,0,0,0,0,2,E01012457,-1,0,0.10624,0.89376,-1,6,30,1,4,1,13:30,2,1,9
2023221314191,2023,221314191,1,1,1,2,75,10,2,0,0,0,0,0,9,5,E01014096,7,1,1.0,0.0,-1,6,40,1,1,1,10:50,6,4,9
2023401374776,2023,401374776,2,1,1,2,18,4,3,0,0,0,0,0,9,9,E01017389,3,1,0.0,1.0,-1,6,30,1,4,1,22:00,2,2,9
202360A065454,2023,60A065454,1,1,1,1,73,10,3,0,0,0,0,0,9,-1,-1,-1,0,0.11641,0.88359,-1,6,30,8,1,1,08:01,5,2,9
2023522400096,2023,522400096,1,1,1,2,48,8,3,0,0,0,0,0,16,1,E01014801,-1,0,0.05423,0.94577,-1,6,60,1,1,1,09:45,4,2,16
2023010455017,2023,010455017,1,1,2,1,7,2,3,0,0,2,0,0,9,3,E01000111,-1,0,0.0,1.0,-1,6,30,1,1,1,18:00,5,2,9
2023041294674,2023,041294674,2,2,1,1,48,8,3,0,0,0,0,0,9,4,E01025073,3,1,0.0,1.0,-1,6,30,1,1,1,17:08,6,4,9
2023311331806,2023,311331806,2,1,1,2,31,6,3,0,0,0,0,0,9,1,E01013878,3,1,0.0,1.0,-1,6,30,1,1,1,16:50,4,2,9
2023311367012,2023,311367012,1,1,1,2,48,8,3,0,0,0,0,0,9,5,E01028189,3,1,0.0,1.0,-1,6,30,1,1,1,14:30,4,2,9
2023421366686,2023,421366686,2,1,1,2,48,8,3,0,0,0,0,0,9,9,E01024440,3,1,0.0,1.0,-1,3,50,1,4,1,19:21,3,2,9
2023501313971,2023,501313971,1,1,1,2,60,9,3,0,0,0,0,0,9,4,E01018844,3,1,0.0,1.0,-1,6,30,1,1,1,16:50,4,1,9
2023010457529,2023,010457529,1,1,1,1,57,9,3,0,0,0,0,0,9,8,E01002322,-1,0,0.0,1.0,-1,3,30,1,5,1,13:00,5,1,9
2023631348745,2023,631348745,1,2,2,1,11,3,3,0,0,2,0,0,9,4,W01000688,3,1,0.0,1.0,-1,6,60,1,1,1,14:30,2,1,9
2023481359261,2023,481359261,2,1,1,2,37,7,3,0,0,0,0,0,1,-1,-1,3,1,0.0,1.0,-1,6,20,1,1,1,08:37,3,2,1
2023010484782,2023,010484782,1,1,3,1,11,3,3,5,3,0,0,0,0,3,E01004573,-1,0,0.0,1.0,-1,6,20,1,1,1,15:30,2,1,1
2023131297069,2023,131297069,1,1,3,2,46,8,1,5,1,0,0,2,0,7,E01011416,1,1,0.0,0.0,-1,2,30,1,4,1,22:27,7,1,9
2023302300053,2023,302300053,2,1,1,1,48,8,3,0,0,0,0,0,1,8,E01013469,-1,0,0.09852,0.90148,-1,6,30,1,4,2,07:35,2,2,1
2023010434608,2023,010434608,1,2,2,-1,-1,-1,3,0,0,1,0,0,9,5,E01033711,-1,0,0.0,1.0,-1,6,20,1,1,1,15:02,2,2,9
2023131329503,2023,131329503,2,1,2,2,50,8,3,0,0,1,0,0,9,2,E01008180,3,1,0.0,1.0,-1,3,70,2,1,2,15:09,6,2,9
2023041368103,2023,041368103,1,1,3,2,26,6,3,8,7,0,0,0,0,2,E01025290,3,1,0.0,1.0,-1,6,30,2,4,2,21:54,7,1,9
2023451292100,2023,451292100,1,1,3,2,61,9,3,1,3,0,0,0,0,10,E01030435,3,1,0.0,1.0,-1,6,30,1,1,1,14:30,4,1,9
2023361324556,2023,361324556,2,4,2,2,69,10,3,0,0,1,0,0,9,6,E01026441,3,1,0.0,1.0,-1,6,50,1,1,1,15:56,6,2,9
2023371374369,2023,371374369,2,1,1,2,45,7,3,0,0,0,0,0,9,6,E01030240,3,1,0.0,1.0,-1,6,40,1,7,1,18:15,3,2,9
2023461339482,2023,461339482,1,1,1,1,30,6,3,0,0,0,0,0,9,7,E01024350,3,1,0.0,1.0,-1,6,30,2,1,2,14:37,1,2,9
2023010439373,2023,010439373,1,1,1,1,24,5,3,0,0,0,0,0,1,7,E01001882,-1,0,0.0,1.0,-1,9,30,9,1,9,08:33,3,3,1
2023010448372,2023,010448372,1,1,1,1,6,2,3,0,0,0,0,0,1,5,E01002395,-1,0,0.0,1.0,-1,9,30,1,1,1,08:44,4,1,1
2023320565889,2023,320565889,1,1,1,1,17,4,2,0,0,0,0,0,1,1,E01026173,-1,0,1.0,0.0,-1,6,30,1,1,2,15:58,2,2,1
2023101392327,2023,101392327,1,1,1,1,-1,-1,3,0,0,0,0,0,23,-1,-1,3,1,0.0,1.0,-1,6,20,1,1,2,12:40,3,2,23
2023531372989,2023,531372989,2,1,1,1,61,9,2,0,0,0,0,0,3,9,E01022115,7,1,1.0,0.0,-1,6,30,2,1,2,10:58,5,3,3
2023170M11443,2023,170M11443,1,2,2,2,71,10,3,0,0,1,0,0,9,1,E01033468,-1,0,0.01373,0.98627,-1,6,30,1,1,1,15:10,1,2,9
2023320705584,2023,320705584,2,2,1,1,31,6,3,0,0,0,0,0,9,6,E01026239,-1,0,0.05895,0.94105,-1,6,60,9,1,1,15:30,3,2,9
2023041348405,2023,041348405,2,1,1,1,35,6,3,0,0,0,0,0,11,1,E01012736,3,1,0.0,1.0,-1,6,50,1,1,1,17:06,7,2,11
2023061358078,2023,061358078,1,1,1,1,44,7,2,0,0,0,0,0,1,6,E01004882,6,1,1.0,0.0,-1,6,30,1,4,1,21:07,6,2,1
2023311298585,2023,311298585,1,1,1,1,17,4,3,0,0,0,0,0,3,3,E01028259,3,1,0.0,1.0,-1,6,30,2,4,2,20:10,6,1,3
2023471258751,2023,471258751,1,1,1,1,31,6,3,0,0,0,0,0,3,4,E01016850,3,1,0.0,1.0,-1,6,30,2,4,2,22:20,1,1,3
2023201386963,2023,201386963,1,1,1,1,53,8,3,0,0,0,0,0,9,9,E01032150,3,1,0.0,1.0,-1,3,30,1,1,1,08:25,6,2,9
2023311327994,2023,311327994,2,2,1,1,62,9,2,0,0,0,0,0,9,2,E01013886,7,1,1.0,0.0,-1,6,30,1,1,1,19:29,2,3,9
2023351302853,2023,351302853,3,1,1,1,54,8,2,0,0,0,0,0,9,8,E01018039,5,1,1.0,0.0,-1,6,60,1,1,1,07:29,2,3,9
2023201285217,2023,201285217,2,3,2,2,53,8,3,0,0,0,0,0,19,3,E01010099,3,1,0.0,1.0,-1,6,40,1,1,1,15:45,6,2,19
2023471269309,2023,471269309,1,1,3,2,51,8,2,1,9,0,0,0,0,5,E01016884,7,1,1.0,0.0,-1,3,30,1,4,1,17:12,7,2,9
2023211436850,2023,211436850,2,1,1,2,16,4,3,0,0,0,0,0,1,-1,-1,3,1,0.0,1.0,-1,6,30,1,1,1,15:52,1,2,1
2023010463209,2023,010463209,2,2,1,2,33,6,3,0,0,0,0,0,9,2,E01001703,-1,0,0.0,1.0,-1,3,20,1,1,1,16:05,4,3,9
2023302301573,2023,302301573,1,3,2,2,14,3,3,0,0,2,0,0,9,4,E01013503,-1,0,0.08689,0.91311,-1,7,70,1,1,2,11:15,7,1,9
2023501318568,2023,501318568,1,1,1,2,90,11,2,0,0,0,0,0,9,7,E01018879,6,1,1.0,0.0,-1,1,50,2,1,1,10:52,4,1,9
202360A179634,2023,60A179634,1,1,1,1,24,5,3,0,0,0,0,0,9,-1,-1,-1,0,0.09586,0.90414,-1,6,60,1,1,1,13:33,7,1,9
2023122300827,2023,122300827,1,1,3,2,61,9,3,5,1,0,0,0,0,3,E01026075,-1,0,0.12762,0.87238,-1,6,30,1,1,1,11:34,6,1,9
2023311310190,2023,311310190,2,1,1,1,19,4,3,0,0,0,0,0,1,4,E01013903,3,1,0.0,1.0,-1,6,30,1,1,1,08:45,2,2,1
2023010419777,2023,010419777,1,1,1,1,41,7,3,0,0,0,0,0,8,5,E01031594,-1,0,0.0,1.0,-1,6,30,1,1,1,12:56,5,2,8
2023111312371,2023,111312371,1,1,1,2,20,4,3,0,0,0,0,0,9,1,E01020807,3,1,0.0,1.0,-1,6,30,1,1,1,11:55,1,2,9
2023201408850,2023,201408850,1,1,1,2,62,9,3,0,0,0,0,0,9,7,E01010461,3,1,0.0,1.0,-1,6,30,1,1,1,18:17,2,1,9
2023401265937,2023,401265937,5,5,1,1,35,6,3,0,0,0,0,0,9,9,E01018137,3,1,0.0,1.0,-1,3,70,1,4,1,17:34,2,12,9
2023461365790,2023,461365790,2,1,1,2,42,7,3,0,0,0,0,0,9,6,E01024220,3,1,0.0,1.0,-1,6,30,1,1,1,16:30,7,2,9
2023461380941,2023,461380941,1,1,1,1,18,4,2,0,0,0,0,0,9,1,E01024590,5,1,1.0,0.0,-1,3,70,2,4,2,19:53,2,2,9
2023010450186,2023,010450186,1,1,3,1,21,5,3,8,3,0,0,0,0,3,E01002070,-1,0,0.0,1.0,-1,6,20,1,4,1,22:00,2,1,19
2023471305941,2023,471305941,1,1,1,1,27,6,3,0,0,0,0,0,3,8,E01031560,3,1,0.0,1.0,-1,6,30,1,1,1,15:47,4,2,3
2023061388591,2023,061388591,2,2,2,1,19,4,3,0,0,1,0,0,9,-1,-1,3,1,0.0,1.0,-1,6,30,1,1,-1,14:45,6,2,9
2023520300610,2023,520300610,2,61,2,1,49,8,3,0,0,0,4,0,11,4,-1,-1,0,0.0693,0.9307,-1,6,40,1,6,4,06:00,3,3,11
2023131359503,2023,131359503,2,1,1,-1,-1,-1,2,0,0,0,0,0,23,-1,-1,7,1,1.0,0.0,-1,6,30,1,1,1,17:03,4,2,23
2023320066821,2023,320066821,2,1,1,2,26,6,3,0,0,0,0,0,9,3,E01026235,-1,0,0.02853,0.97147,-1,6,60,1,6,1,18:50,6,2,9
2023010419587,2023,010419587,1,1,1,1,22,5,3,0,0,0,0,0,3,3,E01001363,-1,0,0.0,1.0,-1,6,20,2,1,2,07:00,4,1,3
2023111362215,2023,111362215,1,1,1,1,16,4,2,0,0,0,0,0,4,3,E01020653,7,1,1.0,0.0,-1,6,30,1,1,2,12:07,2,2,4
2023052302764,2023,052302764,2,1,1,1,34,6,3,0,0,0,0,0,5,6,E01007065,-1,0,0.1463,0.8537,-1,3,40,2,4,2,18:20,6,2,5
2023010442440,2023,010442440,1,1,1,1,22,5,3,0,0,0,0,0,9,2,E01001557,-1,0,0.0,1.0,-1,6,40,1,1,1,17:37,5,1,9
2023371292418,2023,371292418,1,1,1,1,24,5,3,0,0,0,0,0,9,5,E01030285,3,1,0.0,1.0,-1,6,30,2,1,2,10:00,6,3,9
2023141322582,2023,141322582,3,6,1,1,52,8,2,0,0,0,0,0,9,4,E01007820,7,1,1.0,0.0,-1,3,70,1,6,1,22:23,7,3,9
2023421344868,2023,421344868,1,2,2,2,20,4,3,0,0,1,0,0,9,4,E01015990,3,1,0.0,1.0,-1,6,30,1,1,1,17:57,4,2,9
2023010440796,2023,010440796,1,1,3,2,41,7,3,10,9,0,0,0,0,3,E01033132,-1,0,0.0,1.0,-1,6,20,1,4,1,00:05,4,1,9
2023991391590,2023,991391590,1,1,3,2,42,7,3,8,5,0,0,0,0,4,-1,3,1,0.0,1.0,-1,2,20,2,4,2,19:15,6,1,3
2023552300101,2023,552300101,1,1,1,2,38,7,3,0,0,0,0,0,9,4,E01020394,-1,0,0.07468,0.92532,-1,6,50,1,6,4,20:48,2,1,9
2023131314772,2023,131314772,1,1,1,1,28,6,2,0,0,0,0,0,1,3,E01010895,7,1,1.0,0.0,-1,6,30,1,1,1,19:00,1,1,1
2023522301706,2023,522301706,1,1,1,1,38,7,2,0,0,0,0,0,1,7,E01014945,-1,0,1.0,0.0,-1,6,30,1,1,1,17:30,3,2,1
2023010462957,2023,010462957,2,1,1,1,26,6,2,0,0,0,0,0,5,7,E01013977,-1,0,1.0,0.0,-1,3,40,1,4,1,21:31,2,2,5
2023351383331,2023,351383331,2,1,1,1,32,6,2,0,0,0,0,0,3,9,E01022073,7,1,1.0,0.0,-1,6,30,1,7,1,05:01,5,2,3
2023552300094,2023,552300094,1,1,3,2,18,4,3,10,1,0,0,0,0,4,E01015276,-1,0,0.12104,0.87896,-1,6,30,1,1,2,15:56,1,1,9
2023471361839,2023,471361839,1,1,1,2,29,6,2,0,0,0,0,0,9,6,E01016987,5,1,1.0,0.0,-1,6,30,2,4,2,21:45,4,2,9
2023010485124,2023,010485124,1,1,2,1,53,8,3,0,0,0,3,0,11,6,E01001678,-1,0,0.0,1.0,-1,6,30,1,1,2,12:00,4,2,11
2023010483257,2023,010483257,1,1,1,1,32,6,3,0,0,0,0,0,9,2,E01021311,-1,0,0.0,1.0,-1,6,30,1,4,2,20:30,1,2,9
2023451318311,2023,451318311,2,1,1,2,47,8,3,0,0,0,0,0,9,7,E01030515,3,1,0.0,1.0,-1,3,70,1,4,1,21:21,3,2,9
2023461352222,2023,461352222,2,2,1,1,42,7,3,0,0,0,0,0,11,7,E01024060,3,1,0.0,1.0,-1,6,30,1,1,1,14:40,6,3,11
2023041377418,2023,041377418,1,2,2,2,40,7,3,0,0,2,0,0,9,8,E01024957,3,1,0.0,1.0,-1,6,30,2,4,2,21:58,1,1,9
2023501311629,2023,501311629,1,1,1,1,25,5,3,0,0,0,0,0,9,1,E01018878,3,1,0.0,1.0,-1,6,30,1,4,1,23:25,5,2,9
2023010466336,2023,010466336,2,1,1,1,37,7,3,0,0,0,0,0,1,5,E01001542,-1,0,0.0,1.0,-1,6,20,1,4,1,22:30,6,2,1
2023010421579,2023,010421579,1,1,1,1,54,8,3,0,0,0,0,0,9,1,E01001765,-1,0,0.0,1.0,-1,9,30,1,4,1,16:53,1,2,9
2023010438372,2023,010438372,1,1,1,2,64,9,3,0,0,0,0,0,9,2,E01000600,-1,0,0.0,1.0,-1,9,30,1,1,1,12:15,5,2,9
2023430339379,2023,430339379,2,1,2,2,31,6,3,0,0,1,0,0,9,7,E01031978,-1,0,0.0053,0.9947,-1,1,40,2,1,2,13:10,1,2,9
2023451333777,2023,451333777,1,1,1,1,66,10,3,0,0,0,0,0,9,9,E01030453,3,1,0.0,1.0,-1,6,30,1,1,1,14:40,4,2,9
2023371329593,2023,371329593,1,1,1,1,37,7,2,0,0,0,0,0,9,3,E01030025,5,1,1.0,0.0,-1,6,40,2,1,2,17:07,6,2,9
2023471328815,2023,471328815,1,2,2,2,21,5,3,0,0,1,0,0,9,8,E01024545,3,1,0.0,1.0,-1,6,30,1,1,1,18:25,4,2,9
2023010474611,2023,010474611,1,1,3,1,57,9,2,9,7,0,0,0,0,4,E01002596,-1,0,1.0,0.0,-1,6,30,2,4,2,00:00,1,1,9
2023201302681,2023,201302681,1,1,3,1,22,5,3,4,3,0,0,2,0,-1,-1,3,1,0.0,1.0,-1,3,30,1,4,1,23:01,6,1,9
2023131298439,2023,131298439,1,1,2,2,52,8,3,0,0,1,0,0,9,2,E01010916,3,1,0.0,1.0,-1,6,40,1,1,1,11:10,3,2,9
2023061323629,2023,061323629,1,1,1,1,35,6,3,0,0,0,0,0,1,2,E01006354,3,1,0.0,1.0,-1,6,30,1,1,1,13:20,4,1,1
2023201392687,2023,201392687,1,1,3,2,54,8,2,5,1,0,0,2,0,2,E01026865,7,1,1.0,0.0,-1,6,30,1,4,2,18:56,6,1,9
2023991262887,2023,991262887,1,1,1,2,34,6,3,0,0,0,0,0,9,4,-1,3,1,0.0,1.0,-1,6,30,2,1,2,13:35,3,2,9
2023052302041,2023,052302041,1,1,1,1,60,9,3,0,0,0,0,0,1,1,E01006711,-1,0,0.20225,0.79775,-1,3,40,1,1,1,19:00,4,2,1
2023161380638,2023,161380638,2,1,1,1,17,4,3,0,0,0,0,0,1,1,E01012808,3,1,0.0,1.0,-1,6,30,1,1,1,19:00,5,2,1
2023131317356,2023,131317356,2,1,1,1,31,6,3,0,0,0,0,0,3,1,E01011106,3,1,0.0,1.0,-1,6,30,1,1,1,10:17,1,2,3
2023031314844,2023,031314844,1,1,1,1,56,9,3,0,0,0,0,0,4,6,E01019133,3,1,0.0,1.0,-1,6,60,1,1,1,14:50,1,2,4
2023461372382,2023,461372382,1,1,2,2,50,8,3,0,0,1,0,0,9,1,E01024683,3,1,0.0,1.0,-1,1,60,1,1,1,15:05,5,2,9
2023010428653,2023,010428653,1,1,1,1,46,8,3,0,0,0,0,0,90,2,E01003991,-1,0,0.0,1.0,-1,6,20,1,4,1,19:40,4,2,90
2023430196862,2023,430196862,1,2,3,1,62,9,2,6,9,0,0,0,0,10,E01028662,-1,0,1.0,0.0,-1,6,30,1,6,1,22:56,6,3,19
2023440499022,2023,440499022,1,1,3,2,32,6,3,9,5,0,0,0,0,2,E01017153,-1,0,0.08713,0.91287,-1,6,30,1,1,1,09:00,4,1,9
2023010431339,2023,010431339,2,1,1,1,15,3,2,0,0,0,0,0,1,2,E01003190,-1,0,1.0,0.0,-1,6,30,2,4,2,05:49,6,2,1
2023010445806,2023,010445806,1,1,2,2,73,10,3,0,0,2,0,0,9,-1,-1,-1,0,0.0,1.0,-1,2,20,1,1,1,10:16,2,2,9
2023311374236,2023,311374236,2,3,2,2,3,1,3,0,0,2,0,0,9,-1,-1,3,1,0.0,1.0,-1,6,60,1,1,1,12:15,4,2,9
2023411375248,2023,411375248,2,1,1,2,43,7,3,0,0,0,0,0,9,-1,-1,3,1,0.0,1.0,-1,3,70,8,4,2,20:10,1,2,9
2023052302255,2023,052302255,2,4,2,1,10,2,3,0,0,2,0,0,9,5,E01007235,-1,0,0.06286,0.93714,-1,6,50,1,1,1,17:46,6,2,9
2023201380360,2023,201380360,3,3,2,2,38,7,3,0,0,-1,0,0,9,3,E01009164,3,1,0.0,1.0,-1,1,30,2,1,2,18:39,7,3,9
2023531298656,2023,531298656,1,2,1,1,50,8,3,0,0,0,0,0,9,8,E01022394,3,1,0.0,1.0,-1,6,30,1,4,1,01:53,5,2,9
2023131340858,2023,131340858,1,1,1,1,20,4,2,0,0,0,0,0,9,4,E01011012,7,1,1.0,0.0,-1,6,40,1,1,1,20:50,6,6,9
2023311351132,2023,311351132,2,1,1,1,39,7,3,0,0,0,0,0,1,-1,-1,3,1,0.0,1.0,-1,6,30,8,1,1,08:27,2,2,1
2023471281312,2023,471281312,2,1,1,1,53,8,2,0,0,0,0,0,1,4,E01016925,7,1,1.0,0.0,-1,6,20,1,1,1,08:30,3,2,1
2023471280988,2023,471280988,2,1,1,1,26,6,3,0,0,0,0,0,1,9,E01031761,3,1,0.0,1.0,-1,6,30,1,1,1,11:07,1,2,1
2023991285749,2023,991285749,2,1,1,1,25,5,3,0,0,0,0,0,1,4,-1,3,1,0.0,1.0,-1,6,30,3,4,2,21:50,7,2,1
2023010432760,2023,010432760,1,1,1,1,22,5,3,0,0,0,0,0,3,-1,-1,-1,0,0.0,1.0,-1,3,30,1,4,1,16:50,6,1,3
2023122300491,2023,122300491,2,1,1,1,59,9,3,0,0,0,0,0,5,9,E01027792,-1,0,0.16886,0.83114,-1,6,40,1,1,1,09:12,7,2,5
2023421299087,2023,421299087,2,1,1,2,27,6,3,0,0,0,0,0,9,3,E01000432,3,1,0.0,1.0,-1,3,70,8,1,-1,16:20,3,2,9
2023451279912,2023,451279912,1,2,2,1,17,4,3,0,0,1,0,0,9,10,E01030986,3,1,0.0,1.0,-1,6,40,1,6,4,22:30,5,1,9
202360A047758,2023,60A047758,2,1,1,1,45,7,3,0,0,0,0,0,20,-1,-1,-1,0,0.0314,0.9686,-1,6,30,2,1,2,06:45,2,2,20
2023010473625,2023,010473625,1,1,3,1,9,2,3,1,1,0,0,0,0,10,E01018662,-1,0,0.0,1.0,-1,6,20,2,1,2,16:13,2,1,3
2023131274868,2023,131274868,1,1,3,2,51,8,3,8,3,0,0,2,0,10,E01011453,3,1,0.0,1.0,-1,6,30,1,1,2,11:30,6,1,9
2023101389425,2023,101389425,1,2,2,2,28,6,3,0,0,1,0,0,9,2,E01008509,3,1,0.0,1.0,-1,1,30,1,4,1,19:59,1,2,9
2023991278524,2023,991278524,1,1,3,1,8,2,2,5,1,0,0,2,0,9,-1,7,1,1.0,0.0,-1,6,30,4,1,1,15:00,2,1,9
2023070422949,2023,070422949,2,1,1,1,11,3,3,0,0,0,0,0,1,8,E01012565,-1,0,0.06339,0.93661,-1,6,30,1,1,1,17:30,5,2,1
2023010444642,2023,010444642,2,1,1,2,28,6,3,0,0,0,0,0,9,10,E01000357,-1,0,0.0,1.0,-1,6,30,1,1,1,16:50,3,2,9
2023430178192,2023,430178192,2,2,1,1,78,11,3,0,0,0,0,0,9,7,E01016825,-1,0,0.07923,0.92077,-1,6,60,2,1,2,16:30,2,2,9
2023440035228,2023,440035228,3,3,2,2,31,6,3,0,0,1,0,0,9,4,E01017124,-1,0,0.05121,0.94879,-1,6,30,1,4,2,18:18,5,3,9
2023631387976,2023,631387976,11,1,1,2,43,7,3,0,0,0,0,0,9,8,W01001905,3,1,0.0,1.0,-1,6,60,1,6,2,17:30,4,1,9
2023302300340,2023,302300340,2,1,1,1,21,5,3,0,0,0,0,0,1,2,E01019543,-1,0,0.08457,0.91543,-1,6,30,1,1,1,08:06,2,2,1
2023010430259,2023,010430259,1,1,1,1,35,6,3,0,0,0,0,0,3,3,E01003609,-1,0,0.0,1.0,-1,9,20,9,1,1,17:10,5,2,3
2023070245795,2023,070245795,1,1,1,1,34,6,3,0,0,0,0,0,3,3,E01018715,-1,0,0.10999,0.89001,-1,3,40,8,1,2,11:09,5,1,3
2023061371600,2023,061371600,2,1,2,2,-1,-1,3,0,0,-1,0,0,9,2,E01004824,3,1,0.0,1.0,-1,6,30,5,4,2,21:17,7,3,9
2023131332394,2023,131332394,1,1,1,1,22,5,3,0,0,0,0,0,9,3,E01011601,3,1,0.0,1.0,-1,6,40,2,1,2,10:07,1,1,9
2023430476191,2023,430476191,1,1,1,2,71,10,3,0,0,0,0,0,9,-1,-1,-1,0,0.02089,0.97911,-1,6,30,2,4,2,21:15,5,2,9
2023991274379,2023,991274379,1,1,1,1,70,10,3,0,0,0,0,0,9,9,-1,3,1,0.0,1.0,-1,3,70,1,1,1,14:00,4,1,9
2023010458647,2023,010458647,1,1,1,1,65,9,2,0,0,0,0,0,4,-1,-1,-1,0,1.0,0.0,-1,6,40,1,1,1,10:00,5,2,4
2023010466287,2023,010466287,1,1,1,1,28,6,3,0,0,0,0,0,4,2,E01004226,-1,0,0.0,1.0,-1,2,30,1,1,1,16:30,6,2,4
2023010427568,2023,010427568,1,1,2,1,-1,-1,3,0,0,2,0,0,9,7,E01002323,-1,0,0.0,1.0,-1,6,30,1,4,1,19:00,5,2,9
2023201461555,2023,201461555,1,2,2,2,33,6,3,0,0,1,0,0,9,2,E01009014,3,1,0.0,1.0,-1,6,30,1,1,1,13:42,1,2,9
2023320168632,2023,320168632,2,1,1,2,39,7,3,0,0,0,0,0,9,5,E01032988,-1,0,0.0579,0.9421,-1,6,60,2,1,2,08:34,2,2,9
2023361334500,2023,361334500,1,1,1,1,34,6,3,0,0,0,0,0,9,3,E01026817,3,1,0.0,1.0,-1,6,60,1,1,1,20:38,6,2,9
2023440255455,2023,440255455,2,1,1,2,26,6,3,0,0,0,0,0,9,-1,-1,-1,0,0.02432,0.97568,-1,6,40,1,1,1,19:12,2,3,9
2023501332911,2023,501332911,1,1,1,2,38,7,3,0,0,0,0,0,9,4,E01015236,3,1,0.0,1.0,-1,6,60,1,1,1,11:52,6,3,9
2023522301327,2023,522301327,1,1,1,2,40,7,3,0,0,0,0,0,9,9,E01014440,-1,0,0.0305,0.9695,-1,6,20,1,1,1,12:00,1,1,9
2023161381285,2023,161381285,1,1,3,1,18,4,2,6,5,0,0,2,0,-1,-1,6,1,1.0,0.0,-1,6,60,3,1,4,08:30,6,2,9
2023411345136,2023,411345136,2,2,3,1,28,6,2,5,3,0,0,0,0,6,E01023722,5,1,1.0,0.0,-1,6,60,1,6,1,22:13,4,2,9
2023991369134,2023,991369134,1,1,3,1,43,7,1,5,3,0,0,2,0,1,-1,1,1,0.0,0.0,-1,6,60,1,6,1,18:10,2,1,9
2023531341374,2023,531341374,1,1,1,1,48,8,2,0,0,0,0,0,1,6,E01022383,7,1,1.0,0.0,-1,6,60,1,1,2,07:40,6,2,1
2023991305544,2023,991305544,2,3,2,2,1,1,3,0,0,2,0,0,9,8,-1,3,1,0.0,1.0,-1,6,60,1,1,1,15:47,5,2,9
2023010465004,2023,010465004,1,1,3,1,9,2,3,5,1,0,0,0,0,1,E01003207,-1,0,0.0,1.0,-1,6,20,1,1,1,18:10,7,1,1
2023070705784,2023,070705784,1,1,2,2,21,5,3,0,0,1,0,0,9,-1,-1,-1,0,0.03216,0.96784,-1,6,40,1,1,2,09:33,5,2,9
2023101378521,2023,101378521,2,1,1,2,32,6,3,0,0,0,0,0,9,1,E01008214,3,1,0.0,1.0,-1,6,20,1,4,1,19:00,4,2,9
2023401345017,2023,401345017,2,1,1,1,35,6,2,0,0,0,0,0,9,2,E01015727,6,1,1.0,0.0,-1,6,20,1,4,-1,22:30,4,2,9
2023111328266,2023,111328266,1,1,3,2,30,6,3,9,9,0,0,0,0,-1,-1,3,1,0.0,1.0,-1,9,30,1,1,1,19:55,7,1,11
2023340NN0282,2023,340NN0282,2,1,1,1,75,10,3,0,0,0,0,0,1,10,E01027115,-1,0,0.20623,0.79377,-1,6,30,1,1,2,11:33,1,2,1
2023010437546,2023,010437546,1,1,2,1,50,8,3,0,0,2,0,0,9,4,E01001686,-1,0,0.0,1.0,-1,6,20,1,1,1,13:50,7,2,9
2023031326407,2023,031326407,1,1,1,1,23,5,2,0,0,0,0,0,9,5,E01019388,5,1,1.0,0.0,-1,6,30,1,1,1,03:54,5,1,9
2023411363870,2023,411363870,2,1,1,2,28,6,3,0,0,0,0,0,9,3,E01023613,3,1,0.0,1.0,-1,3,70,1,1,1,08:56,4,2,9
2023070989007,2023,070989007,2,3,2,1,14,3,3,0,0,2,0,0,9,8,E01018395,-1,0,0.00922,0.99078,-1,3,70,1,1,1,16:30,3,2,9
2023201295719,2023,201295719,1,1,1,1,63,9,3,0,0,0,0,0,9,2,E01010204,3,1,0.0,1.0,-1,6,30,1,1,1,14:34,2,2,9
2023201339711,2023,201339711,2,2,1,2,63,9,3,0,0,0,0,0,9,7,E01009442,3,1,0.0,1.0,-1,6,30,2,4,2,21:37,1,2,9