collision_index,collision_year,collision_ref_no,vehicle_reference,casualty_reference,casualty_class,sex_of_casualty,age_of_casualty,age_band_of_casualty,casualty_severity,pedestrian_location,pedestrian_movement,car_passenger,bus_or_coach_passenger,pedestrian_road_maintenance_worker,casualty_type,casualty_imd_decile,lsoa_of_casualty,enhanced_casualty_severity,casualty_injury_based,casualty_adjusted_severity_serious,casualty_adjusted_severity_slight,casualty_distance_banding,road_type,speed_limit,weather_conditions,light_conditions,road_surface_conditions,time,day_of_week,number_of_vehicles,vehicle_type
2023543752123,2023,543752123,3,3,1,1,24,5,2,0,0,0,0,0,19,9,E01015453,-1,0,1.0,0.0,-1,1,60,1,6,1,19:35,1,3,19
2023461351466,2023,461351466,1,2,1,1,32,6,2,0,0,0,0,0,21,5,E01016223,7,1,1.0,0.0,-1,3,70,1,1,1,12:45,5,2,21
2023401354224,2023,401354224,2,2,2,1,32,6,3,0,0,1,0,0,9,9,E01017417,3,1,0.0,1.0,-1,7,40,1,1,1,15:10,3,2,9
2023411364626,2023,411364626,2,2,1,1,47,8,3,0,0,0,0,0,9,6,E01002497,3,1,0.0,1.0,-1,6,60,1,1,1,12:24,1,2,9
2023440359802,2023,440359802,1,1,1,2,50,8,3,0,0,0,0,0,9,5,E01003833,-1,0,0.17743,0.82257,-1,3,70,1,6,1,20:30,2,1,9
2023471349338,2023,471349338,1,2,1,2,57,9,3,0,0,0,0,0,9,2,E01016906,3,1,0.0,1.0,-1,6,30,1,1,1,19:09,3,3,9
2023471337115,2023,471337115,2,1,1,1,22,5,2,0,0,0,0,0,1,5,E01031807,7,1,1.0,0.0,-1,6,30,1,1,1,20:35,2,2,1
2023070856474,2023,070856474,1,1,1,2,39,7,3,0,0,0,0,0,9,1,E01006741,-1,0,0.03019,0.96981,-1,1,40,1,1,1,14:51,6,2,9
2023131311976,2023,131311976,2,1,1,1,44,7,3,0,0,0,0,0,9,2,E01010728,3,1,0.0,1.0,-1,6,40,1,4,1,00:20,7,2,9
2023201364942,2023,201364942,2,1,1,1,41,7,3,0,0,0,0,0,9,-1,-1,3,1,0.0,1.0,-1,6,30,1,1,1,11:05,4,2,9
2023010428977,2023,010428977,1,1,1,1,57,9,3,0,0,0,0,0,19,6,E01022096,-1,0,0.0,1.0,-1,3,30,1,1,1,14:10,4,2,19
2023610012423,2023,610012423,2,1,1,1,39,7,3,0,0,0,0,0,9,3,W01001546,-1,0,0.14336,0.85664,-1,6,60,2,1,2,17:42,6,3,9
2023052302966,2023,052302966,1,1,3,2,69,10,3,1,1,0,0,0,0,9,E01007117,-1,0,0.18807,0.81193,-1,6,30,2,4,2,16:40,3,1,9
2023471364665,2023,471364665,1,1,3,2,82,11,3,7,3,0,0,0,0,4,E01031809,3,1,0.0,1.0,-1,3,30,1,1,1,14:12,2,1,19
2023340WN0182,2023,340WN0182,2,1,1,1,66,10,3,0,0,0,0,0,1,8,E01027181,-1,0,0.17299,0.82701,-1,6,30,1,1,1,11:10,1,2,1
2023221399813,2023,221399813,1,1,1,1,79,11,3,0,0,0,0,0,9,2,E01009747,3,1,0.0,1.0,-1,6,60,1,1,1,14:46,3,2,9
2023340NN2132,2023,340NN2132,2,1,1,1,39,7,3,0,0,0,0,0,9,2,E01004011,-1,0,0.06643,0.93357,-1,6,30,1,4,1,23:30,2,2,9
202354C015323,2023,54C015323,1,1,1,2,35,6,3,0,0,0,0,0,9,6,E01032708,-1,0,0.05883,0.94117,-1,6,50,5,1,2,13:51,2,1,9
2023010441248,2023,010441248,1,1,1,1,50,8,3,0,0,0,0,0,3,4,E01001727,-1,0,0.0,1.0,-1,6,20,1,1,1,15:45,4,2,3
2023471383038,2023,471383038,2,1,1,1,73,10,3,0,0,0,0,0,1,6,E01016938,3,1,0.0,1.0,-1,1,20,8,4,2,17:20,3,2,1
2023010431571,2023,010431571,1,1,1,1,34,6,2,0,0,0,0,0,3,1,E01001427,-1,0,1.0,0.0,-1,6,30,1,1,1,11:50,7,2,3
2023201367612,2023,201367612,2,2,1,1,22,5,3,0,0,0,0,0,4,2,E01009754,3,1,0.0,1.0,-1,6,30,1,1,1,20:18,6,2,4
2023211295114,2023,211295114,2,2,1,1,63,9,2,0,0,0,0,0,5,8,E01029486,5,1,1.0,0.0,-1,6,60,1,1,1,16:08,1,4,5
2023231338061,2023,231338061,2,1,1,2,27,6,3,0,0,0,0,0,9,1,E01010234,3,1,0.0,1.0,-1,6,30,1,1,1,15:20,7,2,9
2023401339539,2023,401339539,2,1,1,1,22,5,3,0,0,0,0,0,9,2,E01015703,3,1,0.0,1.0,-1,6,30,2,4,2,20:30,7,3,9
2023340WN1282,2023,340WN1282,2,1,1,1,18,4,3,0,0,0,0,0,-1,1,E01027200,-1,0,0.01834,0.98166,-1,2,30,1,1,1,12:03,5,2,-1
2023010474129,2023,010474129,1,1,1,1,46,8,3,0,0,0,0,0,9,4,E01002017,-1,0,0.0,1.0,-1,6,20,1,4,1,19:00,4,2,9
2023101356048,2023,101356048,2,1,2,2,57,9,3,0,0,-1,0,0,9,6,E01008256,3,1,0.0,1.0,-1,3,30,1,1,1,09:23,2,2,9
2023010446543,2023,010446543,1,1,1,1,17,4,3,0,0,0,0,0,3,10,E01003007,-1,0,0.0,1.0,-1,7,20,1,1,1,14:50,6,2,3
2023141382563,2023,141382563,1,1,1,2,21,5,2,0,0,0,0,0,9,6,E01013167,7,1,1.0,0.0,-1,7,50,1,4,2,16:30,2,2,9
2023520300570,2023,520300570,1,3,2,1,19,4,3,0,0,1,0,0,9,7,E01029216,-1,0,0.07905,0.92095,-1,6,60,4,1,2,09:53,6,1,9
2023991265659,2023,991265659,1,1,3,1,12,3,2,6,9,0,0,2,0,3,-1,7,1,1.0,0.0,-1,6,30,1,1,1,14:00,5,1,9
2023010470400,2023,010470400,1,1,1,1,32,6,2,0,0,0,0,0,5,2,E01033000,-1,0,1.0,0.0,-1,3,40,1,4,1,06:30,4,2,5
2023461372083,2023,461372083,1,2,2,2,60,9,2,0,0,2,0,0,5,3,E01032830,5,1,1.0,0.0,-1,6,50,1,1,1,15:05,1,2,5
2023010429307,2023,010429307,1,2,2,2,19,4,3,0,0,1,0,0,9,6,E01016000,-1,0,0.0,1.0,-1,3,50,1,4,2,19:50,1,2,9
2023401273085,2023,401273085,2,2,2,1,59,9,3,0,0,1,0,0,9,5,E01015739,3,1,0.0,1.0,-1,6,30,1,1,1,13:20,2,3,9
2023451319600,2023,451319600,2,1,1,1,52,8,3,0,0,0,0,0,9,9,E01030854,3,1,0.0,1.0,-1,6,30,1,1,1,10:59,4,2,9
2023421323856,2023,421323856,2,1,1,1,49,8,3,0,0,0,0,0,1,8,E01022071,3,1,0.0,1.0,-1,6,30,1,1,1,17:50,6,3,1
2023531291366,2023,531291366,2,1,1,1,53,8,3,0,0,0,0,0,5,10,E01014855,3,1,0.0,1.0,-1,3,50,8,1,2,15:30,2,2,5
2023340NN0702,2023,340NN0702,2,1,1,2,31,6,3,0,0,0,0,0,9,7,E01027309,-1,0,0.02945,0.97055,-1,6,30,1,1,2,12:00,4,2,9
2023451385557,2023,451385557,1,2,1,1,38,7,3,0,0,0,0,0,9,9,E01030346,3,1,0.0,1.0,-1,6,30,1,1,1,14:15,6,2,9
2023131323927,2023,131323927,2,3,2,2,40,7,3,0,0,0,4,0,11,8,E01011715,3,1,0.0,1.0,-1,6,30,1,1,1,07:32,5,3,11
2023421287621,2023,421287621,1,1,1,1,69,10,3,0,0,0,0,0,19,5,E01021399,3,1,0.0,1.0,-1,6,60,1,1,1,17:28,5,1,19
2023211338488,2023,211338488,2,1,1,1,36,7,3,0,0,0,0,0,1,5,E01029726,3,1,0.0,1.0,-1,1,30,1,1,1,17:10,2,2,1
2023991368107,2023,991368107,1,1,3,2,22,5,3,1,3,0,0,0,0,8,-1,3,1,0.0,1.0,-1,6,20,2,4,2,01:50,7,1,8
2023041338337,2023,041338337,1,1,1,1,23,5,2,0,0,0,0,0,9,1,E01025286,7,1,1.0,0.0,-1,6,30,1,4,1,22:58,6,3,9
2023010424420,2023,010424420,1,1,3,1,46,8,2,1,3,0,0,0,0,3,E01001360,-1,0,1.0,0.0,-1,3,50,1,4,2,18:10,2,1,9
2023451327987,2023,451327987,1,1,1,1,33,6,3,0,0,0,0,0,9,6,E01003394,3,1,0.0,1.0,-1,7,70,1,1,1,17:22,2,1,9
2023471327758,2023,471327758,2,1,1,1,35,6,3,0,0,0,0,0,9,9,E01016940,3,1,0.0,1.0,-1,6,30,1,1,1,10:10,6,2,9
2023340NN4532,2023,340NN4532,1,2,3,2,53,8,3,5,3,0,0,0,0,-1,-1,-1,0,0.21049,0.78951,-1,6,30,1,4,1,23:47,6,1,9
2023401288526,2023,401288526,1,1,3,1,63,9,2,5,3,0,0,0,0,1,E01017523,6,1,1.0,0.0,-1,6,40,1,1,1,15:55,3,1,9
2023010483931,2023,010483931,1,1,1,2,27,6,3,0,0,0,0,0,9,6,E01000795,-1,0,0.0,1.0,-1,3,30,2,1,2,08:03,5,2,9
2023421376847,2023,421376847,2,1,1,2,33,6,3,0,0,0,0,0,9,2,E01016004,3,1,0.0,1.0,-1,6,50,1,6,2,19:29,2,2,9
2023461365796,2023,461365796,1,1,1,2,63,9,3,0,0,0,0,0,9,4,E01032810,3,1,0.0,1.0,-1,3,60,1,1,1,05:44,5,2,9
2023501331584,2023,501331584,1,1,1,2,25,5,3,0,0,0,0,0,9,6,E01020312,3,1,0.0,1.0,-1,6,60,1,1,1,15:05,5,2,9
2023340WN3252,2023,340WN3252,3,1,1,2,47,8,3,0,0,0,0,0,1,7,E01027023,-1,0,0.17671,0.82329,-1,6,30,1,1,1,19:16,4,3,1
2023010454954,2023,010454954,1,1,2,2,51,8,3,0,0,0,4,0,11,2,E01001575,-1,0,0.0,1.0,-1,6,30,1,1,1,07:20,5,2,11
2023071326990,2023,071326990,1,1,1,1,15,3,3,0,0,0,0,0,1,1,E01012520,-1,0,0.12532,0.87468,-1,3,30,2,4,2,21:20,4,2,1
2023332301072,2023,332301072,1,1,1,1,36,7,3,0,0,0,0,0,9,7,E01027129,-1,0,0.00187,0.99813,-1,6,30,2,1,2,14:55,5,2,9
2023471391200,2023,471391200,2,1,1,2,34,6,2,0,0,0,0,0,9,4,E01021017,5,1,1.0,0.0,-1,6,60,1,6,1,18:10,5,2,9
2023991293711,2023,991293711,2,2,1,1,47,8,2,0,0,0,0,0,9,7,-1,6,1,1.0,0.0,-1,6,60,1,1,1,15:40,3,2,9
2023440334107,2023,440334107,1,1,1,1,21,5,3,0,0,0,0,0,1,4,E01017122,-1,0,0.06506,0.93494,-1,6,30,1,1,1,19:00,3,2,1
2023010431547,2023,010431547,1,1,1,1,23,5,3,0,0,0,0,0,9,3,E01001505,-1,0,0.0,1.0,-1,6,40,1,4,1,04:55,7,1,9
2023010436664,2023,010436664,1,1,1,1,26,6,3,0,0,0,0,0,9,3,E01002552,-1,0,0.0,1.0,-1,6,20,1,4,1,00:50,2,1,9
2023161267644,2023,161267644,1,1,1,1,41,7,3,0,0,0,0,0,9,5,E01011129,3,1,0.0,1.0,-1,6,60,1,6,1,22:00,3,1,9
2023461373128,2023,461373128,1,1,1,1,60,9,2,0,0,0,0,0,9,8,E01024057,7,1,1.0,0.0,-1,3,70,2,6,5,18:36,4,1,9
2023010434482,2023,010434482,1,1,1,1,65,9,3,0,0,0,0,0,90,8,E01000451,-1,0,0.0,1.0,-1,6,30,1,1,1,09:15,2,2,90
2023141318556,2023,141318556,2,1,3,1,14,3,3,5,9,0,0,0,0,9,E01007808,3,1,0.0,1.0,-1,6,30,1,1,1,07:55,4,1,9
2023010439027,2023,010439027,2,1,1,1,30,6,3,0,0,0,0,0,3,4,E01002315,-1,0,0.0,1.0,-1,6,20,1,1,2,18:40,1,2,3
2023010439981,2023,010439981,1,1,1,1,31,6,3,0,0,0,0,0,9,7,E01003659,-1,0,0.0,1.0,-1,6,20,1,1,1,12:57,6,2,9
2023501341759,2023,501341759,2,1,1,1,50,8,2,0,0,0,0,0,1,7,E01029271,7,1,1.0,0.0,-1,6,30,1,1,1,15:15,7,3,1
2023010479691,2023,010479691,2,1,1,2,46,8,3,0,0,0,0,0,9,3,E01003388,-1,0,0.0,1.0,-1,3,20,1,1,1,11:45,5,2,9
2023122301215,2023,122301215,1,1,1,1,39,7,3,0,0,0,0,0,9,-1,-1,-1,0,0.0421,0.9579,-1,6,30,1,1,1,12:14,5,2,9
2023010465256,2023,010465256,1,1,1,1,24,5,3,0,0,0,0,0,1,2,E01003984,-1,0,0.0,1.0,-1,6,20,1,1,1,14:19,7,2,1
2023010440483,2023,010440483,1,1,1,1,33,6,3,0,0,0,0,0,3,1,E01002852,-1,0,0.0,1.0,-1,9,20,8,1,1,18:45,3,2,3
2023141309537,2023,141309537,2,2,1,2,90,11,3,0,0,0,0,0,9,-1,-1,3,1,0.0,1.0,-1,6,30,1,1,1,14:00,7,2,9
2023440368608,2023,440368608,1,3,2,1,27,6,3,0,0,1,0,0,9,5,E01030913,-1,0,0.13901,0.86099,-1,7,70,1,1,2,11:30,1,1,9
2023052300504,2023,052300504,1,1,3,2,11,3,3,6,9,0,0,0,0,4,E01006619,-1,0,0.04062,0.95938,-1,6,30,1,4,1,19:48,1,1,9
2023430366213,2023,430366213,1,1,1,1,32,6,3,0,0,0,0,0,5,-1,-1,-1,0,0.21515,0.78485,-1,6,60,1,1,1,12:15,4,2,5
2023320018844,2023,320018844,1,1,1,1,63,9,3,0,0,0,0,0,9,2,E01015181,-1,0,0.13423,0.86577,-1,6,60,1,1,2,13:46,3,3,9
2023440296557,2023,440296557,1,1,2,2,25,5,3,0,0,1,0,0,9,2,E01017117,-1,0,0.04965,0.95035,-1,3,40,1,1,1,17:24,1,2,9
2023010433531,2023,010433531,1,1,1,1,61,9,3,0,0,0,0,0,11,2,E01001448,-1,0,0.0,1.0,-1,2,20,2,1,2,08:42,4,1,11
2023161394180,2023,161394180,2,1,1,1,33,6,3,0,0,0,0,0,1,3,E01012866,3,1,0.0,1.0,-1,6,30,1,4,1,16:18,1,2,1
2023411269870,2023,411269870,2,1,1,1,-1,-1,3,0,0,0,0,0,2,7,E01023901,3,1,0.0,1.0,-1,6,30,1,1,1,13:00,3,2,2
2023010422774,2023,010422774,1,1,2,2,34,6,3,0,0,2,0,0,9,7,E01016510,-1,0,0.0,1.0,-1,3,40,1,1,4,20:50,7,3,9
2023010442115,2023,010442115,2,1,1,1,45,7,3,0,0,0,0,0,9,7,E01030410,-1,0,0.0,1.0,-1,6,40,1,1,1,08:08,4,2,9
2023430503260,2023,430503260,2,1,1,1,33,6,3,0,0,0,0,0,9,1,E01016843,-1,0,0.01612,0.98388,-1,3,70,1,7,1,17:58,4,2,9
2023991353043,2023,991353043,2,1,1,1,27,6,3,0,0,0,0,0,9,1,-1,3,1,0.0,1.0,-1,3,30,2,1,2,07:50,7,2,9
2023161384751,2023,161384751,1,1,3,2,13,3,3,1,1,0,0,2,0,1,E01012915,3,1,0.0,1.0,-1,6,30,2,4,2,16:50,5,1,19
2023010481421,2023,010481421,2,1,1,1,36,7,3,0,0,0,0,0,1,6,E01003398,-1,0,0.0,1.0,-1,6,20,8,4,1,21:32,6,2,1
2023311374703,2023,311374703,2,1,1,2,24,5,3,0,0,0,0,0,1,-1,-1,3,1,0.0,1.0,-1,6,30,9,4,2,18:00,3,2,1
2023471312208,2023,471312208,1,2,1,1,48,8,2,0,0,0,0,0,5,5,E01020967,7,1,1.0,0.0,-1,6,60,1,6,1,22:12,7,1,5
2023052301975,2023,052301975,2,1,1,1,57,9,3,0,0,0,0,0,9,4,E01007231,-1,0,0.04516,0.95484,-1,6,30,1,1,1,10:30,5,2,9
2023340NN0202,2023,340NN0202,2,1,1,2,21,5,3,0,0,0,0,0,9,3,E01027112,-1,0,0.03389,0.96611,-1,6,30,1,1,2,11:00,3,2,9
2023010431633,2023,010431633,1,1,2,2,57,9,2,0,0,0,3,0,11,4,E01002594,-1,0,1.0,0.0,-1,7,30,2,1,2,16:20,7,1,11
2023010419463,2023,010419463,1,1,1,1,43,7,3,0,0,0,0,0,5,3,E01003917,-1,0,0.0,1.0,-1,6,30,1,4,1,16:28,1,3,5
2023010457456,2023,010457456,1,1,2,1,23,5,3,0,0,2,0,0,9,1,E01002073,-1,0,0.0,1.0,-1,6,20,2,4,2,01:33,5,3,9
2023031354828,2023,031354828,2,2,1,1,63,9,3,0,0,0,0,0,9,7,E01019240,3,1,0.0,1.0,-1,6,60,1,1,1,08:45,5,2,9
2023451266401,2023,451266401,1,1,1,2,20,4,2,0,0,0,0,0,9,9,E01030781,7,1,1.0,0.0,-1,6,50,1,7,2,15:55,7,2,9
2023471364902,2023,471364902,1,1,1,1,44,7,3,0,0,0,0,0,9,3,E01031609,3,1,0.0,1.0,-1,3,70,5,6,5,23:20,5,2,9
2023041334172,2023,041334172,1,1,3,1,62,9,2,8,1,0,0,0,0,3,E01012753,5,1,1.0,0.0,-1,3,30,1,1,1,17:15,5,2,9
2023010439114,2023,010439114,1,1,1,1,36,7,3,0,0,0,0,0,3,1,E01001944,-1,0,0.0,1.0,-1,6,20,1,1,1,12:15,2,2,3
2023421333867,2023,421333867,2,1,1,1,15,3,3,0,0,0,0,0,1,5,E01021497,3,1,0.0,1.0,-1,6,30,1,1,1,18:40,4,2,1
2023010466621,2023,010466621,1,1,1,1,40,7,2,0,0,0,0,0,3,5,E01002237,-1,0,1.0,0.0,-1,6,20,8,1,1,16:20,6,2,3
2023451291820,2023,451291820,1,1,1,1,28,6,2,0,0,0,0,0,9,9,E01030317,6,1,1.0,0.0,-1,6,30,1,1,1,14:15,4,1,9
2023010454900,2023,010454900,1,1,3,1,64,9,2,1,1,0,0,0,0,2,E01001079,-1,0,1.0,0.0,-1,6,20,1,1,1,09:38,4,1,11
2023302300864,2023,302300864,1,1,3,1,16,4,3,8,1,0,0,0,0,4,E01019679,-1,0,0.08306,0.91694,-1,6,30,1,1,1,16:25,7,1,9
2023501294134,2023,501294134,1,1,3,1,15,3,3,5,1,0,0,0,0,-1,-1,3,1,0.0,1.0,-1,1,30,1,1,1,21:56,3,1,9
2023501392661,2023,501392661,1,1,3,2,15,3,3,5,9,0,0,0,0,-1,-1,3,1,0.0,1.0,-1,6,30,2,1,2,08:35,3,1,9
2023461331344,2023,461331344,2,1,1,1,55,8,3,0,0,0,0,0,1,3,E01024280,3,1,0.0,1.0,-1,6,30,1,1,1,12:20,7,2,1
2023010475500,2023,010475500,1,1,1,1,19,4,3,0,0,0,0,0,3,5,E01001647,-1,0,0.0,1.0,-1,1,20,2,4,2,18:20,3,2,3
2023101334415,2023,101334415,2,1,2,2,57,9,3,0,0,1,0,0,9,4,E01008451,3,1,0.0,1.0,-1,6,20,1,1,1,19:00,3,2,9
2023131322988,2023,131322988,1,1,2,1,36,7,3,0,0,1,0,0,9,2,E01010740,3,1,0.0,1.0,-1,6,30,1,4,1,22:29,2,4,9
2023430377638,2023,430377638,2,4,2,2,76,11,2,0,0,1,0,0,9,5,E01016754,-1,0,1.0,0.0,-1,6,60,1,1,1,13:52,4,2,9
2023430384380,2023,430384380,2,3,2,2,24,5,2,0,0,0,0,0,10,2,E01013625,-1,0,1.0,0.0,-1,6,60,1,1,1,18:28,1,2,10
2023311309539,2023,311309539,1,2,2,2,91,11,3,0,0,0,4,0,11,-1,-1,3,1,0.0,1.0,-1,6,50,1,1,1,10:56,6,2,11
2023991296975,2023,991296975,1,1,3,1,82,11,1,1,1,0,0,2,0,5,-1,1,1,0.0,0.0,-1,6,30,1,5,1,11:40,7,1,8
2023351387665,2023,351387665,2,2,1,1,57,9,3,0,0,0,0,0,1,5,E01018084,3,1,0.0,1.0,-1,6,30,8,1,2,08:30,2,2,1
2023141312184,2023,141312184,1,1,1,1,37,7,2,0,0,0,0,0,9,2,E01011856,7,1,1.0,0.0,-1,6,60,1,1,1,19:45,7,2,9
2023451386994,2023,451386994,1,2,2,1,5,1,3,0,0,2,0,0,9,6,E01030610,3,1,0.0,1.0,-1,6,30,1,1,1,15:40,2,2,9
2023531367672,2023,531367672,1,1,1,2,84,11,3,0,0,0,0,0,9,8,E01031894,3,1,0.0,1.0,-1,6,30,1,1,2,11:40,6,1,9
2023010485889,2023,010485889,1,1,3,1,49,8,3,4,3,0,0,0,0,2,E01001982,-1,0,0.0,1.0,-1,6,20,1,4,2,17:05,1,1,9
2023010425752,2023,010425752,2,5,2,1,21,5,3,0,0,2,0,0,9,3,E01004203,-1,0,0.0,1.0,-1,3,40,1,4,1,19:36,2,4,9
2023010452769,2023,010452769,1,1,1,2,32,6,3,0,0,0,0,0,9,3,E01015856,-1,0,0.0,1.0,-1,6,30,1,1,1,20:38,7,2,9
2023501388206,2023,501388206,2,3,1,2,27,6,3,0,0,0,0,0,9,2,E01018911,3,1,0.0,1.0,-1,6,30,1,1,1,15:00,4,2,9
2023010451755,2023,010451755,1,1,3,1,31,6,3,4,1,0,0,0,0,2,E01003922,-1,0,0.0,1.0,-1,6,20,1,4,1,23:15,5,1,9
2023031313643,2023,031313643,1,1,1,2,29,6,3,0,0,0,0,0,9,-1,-1,3,1,0.0,1.0,-1,3,60,1,1,1,04:23,1,2,9
2023122300935,2023,122300935,1,1,2,-1,7,2,3,0,0,2,0,0,9,1,E01012096,-1,0,0.03178,0.96822,-1,6,60,1,1,1,10:52,2,2,9
2023440410200,2023,440410200,1,1,1,1,32,6,3,0,0,0,0,0,9,5,E01020364,-1,0,0.13345,0.86655,-1,3,60,1,1,1,11:20,7,4,9
2023991399240,2023,991399240,2,1,1,1,54,8,3,0,0,0,0,0,9,-1,-1,3,1,0.0,1.0,-1,3,60,1,1,1,15:17,4,2,9
2023010419993,2023,010419993,1,1,1,2,54,8,3,0,0,0,0,0,11,6,E01001292,-1,0,0.0,1.0,-1,3,30,1,4,1,16:38,6,2,11
2023010476477,2023,010476477,1,1,3,1,26,6,3,6,9,0,0,0,0,4,E01002624,-1,0,0.0,1.0,-1,6,20,1,1,1,13:50,2,1,9
2023131263287,2023,131263287,2,1,1,1,34,6,3,0,0,0,0,0,1,2,E01011253,3,1,0.0,1.0,-1,9,30,1,7,2,19:55,6,2,1
2023361334738,2023,361334738,2,6,2,2,8,2,3,0,0,1,0,0,9,6,E01026547,3,1,0.0,1.0,-1,6,60,1,6,1,21:01,7,2,9
2023070287395,2023,070287395,2,1,1,1,58,9,3,0,0,0,0,0,10,9,E01012531,-1,0,0.02419,0.97581,-1,1,40,2,1,2,06:11,4,2,10
2023010481584,2023,010481584,1,3,2,-1,-1,-1,3,0,0,2,0,0,9,6,E01002680,-1,0,0.0,1.0,-1,6,30,1,4,1,17:10,6,2,9
2023430024200,2023,430024200,2,1,1,2,39,7,3,0,0,0,0,0,9,3,E01016475,-1,0,0.01566,0.98434,-1,6,30,1,1,2,14:24,5,2,9
2023461321010,2023,461321010,1,1,2,1,6,2,3,0,0,-1,0,0,9,5,E01021522,3,1,0.0,1.0,-1,6,60,1,1,1,15:57,7,2,9
2023471283256,2023,471283256,1,2,2,1,80,11,1,0,0,1,0,0,9,10,E01031748,1,1,0.0,0.0,-1,1,30,1,1,1,11:52,5,1,9
2023010440166,2023,010440166,1,1,1,2,39,7,3,0,0,0,0,0,9,5,E01001088,-1,0,0.0,1.0,-1,2,20,1,1,1,13:30,7,2,9
2023010440746,2023,010440746,3,1,1,1,27,6,3,0,0,0,0,0,9,3,E01001856,-1,0,0.0,1.0,-1,6,20,1,1,1,18:19,3,4,9
2023430362326,2023,430362326,1,3,1,1,69,10,3,0,0,0,0,0,9,-1,-1,-1,0,0.07754,0.92246,-1,6,40,1,1,2,11:07,2,2,9
2023131407927,2023,131407927,1,1,1,1,41,7,3,0,0,0,0,0,9,4,E01007329,3,1,0.0,1.0,-1,6,40,2,4,2,02:12,5,1,9
2023461331699,2023,461331699,2,1,1,2,25,5,3,0,0,0,0,0,9,5,E01024229,3,1,0.0,1.0,-1,3,30,1,1,1,15:40,7,2,9
2023610049723,2023,610049723,1,2,2,2,55,8,3,0,0,1,0,0,9,5,W01001328,-1,0,0.14302,0.85698,-1,3,60,1,1,1,09:10,3,2,9
2023201323659,2023,201323659,1,1,3,2,4,1,3,1,3,0,0,0,0,-1,-1,3,1,0.0,1.0,-1,6,30,1,1,1,17:00,4,1,9
2023302300853,2023,302300853,1,1,3,2,18,4,2,6,9,0,0,0,0,8,E01013469,-1,0,1.0,0.0,-1,7,30,1,1,1,19:35,4,1,9
2023231278843,2023,231278843,2,1,1,2,28,6,3,0,0,0,0,0,1,9,E01031330,3,1,0.0,1.0,-1,6,20,1,1,1,10:39,6,2,1
2023010472381,2023,010472381,1,1,1,1,55,8,3,0,0,0,0,0,9,3,E01003609,-1,0,0.0,1.0,-1,6,30,1,4,9,20:15,2,2,9
2023411288953,2023,411288953,3,1,1,1,61,9,3,0,0,0,0,0,9,5,E01024503,3,1,0.0,1.0,-1,3,70,1,1,2,15:59,4,3,9
2023451287029,2023,451287029,1,1,1,2,47,8,3,0,0,0,0,0,9,9,E01030716,3,1,0.0,1.0,-1,1,40,1,1,1,06:42,4,2,9
2023991274559,2023,991274559,2,1,1,2,44,7,2,0,0,0,0,0,9,8,-1,6,1,1.0,0.0,-1,3,70,2,6,2,20:50,5,3,9
2023610034823,2023,610034823,2,1,1,2,12,3,3,0,0,0,0,0,-1,2,W01001482,-1,0,0.06473,0.93527,-1,6,30,1,1,1,17:40,1,2,-1
2023141381041,2023,141381041,1,1,3,2,62,9,2,5,3,0,0,0,0,6,E01007924,7,1,1.0,0.0,-1,6,30,2,4,2,17:44,2,1,9
2023302301587,2023,302301587,2,1,1,1,18,4,3,0,0,0,0,0,1,1,E01033167,-1,0,0.09067,0.90933,-1,6,30,1,1,1,10:26,3,2,1
2023991303774,2023,991303774,2,1,1,1,45,7,2,0,0,0,0,0,1,4,-1,7,1,1.0,0.0,-1,3,30,1,1,1,15:50,5,2,1
2023041381706,2023,041381706,1,4,2,2,35,6,3,0,0,2,0,0,9,1,E01012577,3,1,0.0,1.0,-1,3,70,2,4,2,17:05,7,2,9
2023421374356,2023,421374356,2,1,1,1,38,7,3,0,0,0,0,0,9,7,E01021344,3,1,0.0,1.0,-1,6,30,1,1,1,16:20,1,2,9
2023010479220,2023,010479220,1,1,1,2,36,7,3,0,0,0,0,0,1,4,E01003090,-1,0,0.0,1.0,-1,9,30,1,4,2,07:04,3,2,1
2023471344889,2023,471344889,1,1,1,1,17,4,3,0,0,0,0,0,3,4,E01031377,3,1,0.0,1.0,-1,6,60,1,1,1,19:20,4,1,3
2023211370408,2023,211370408,1,2,2,2,28,6,3,0,0,1,0,0,9,-1,-1,3,1,0.0,1.0,-1,6,60,5,1,2,08:40,6,2,9
2023421390107,2023,421390107,2,1,1,2,36,7,3,0,0,0,0,0,9,9,E01021654,3,1,0.0,1.0,-1,6,30,1,1,2,08:37,6,2,9
2023545548823,2023,545548823,2,1,1,1,55,8,3,0,0,0,0,0,9,8,E01032033,-1,0,0.01742,0.98258,-1,6,60,1,1,1,15:30,6,2,9
2023010465409,2023,010465409,3,3,1,1,22,5,3,0,0,0,0,0,1,7,E01000886,-1,0,0.0,1.0,-1,6,20,1,4,1,20:06,2,3,1
2023421375037,2023,421375037,2,1,1,1,25,5,3,0,0,0,0,0,1,2,E01021286,3,1,0.0,1.0,-1,6,30,1,4,1,16:12,4,2,1
2023440427073,2023,440427073,1,1,1,1,31,6,3,0,0,0,0,0,3,4,E01017137,-1,0,0.04507,0.95493,-1,6,20,1,1,1,08:20,6,2,3
2023141272560,2023,141272560,1,1,1,1,45,7,3,0,0,0,0,0,5,8,E01007661,3,1,0.0,1.0,-1,6,30,1,4,1,17:30,1,2,5