collision_index,collision_year,collision_ref_no,vehicle_reference,casualty_reference,casualty_class,sex_of_casualty,age_of_casualty,age_band_of_casualty,casualty_severity,pedestrian_location,pedestrian_movement,car_passenger,bus_or_coach_passenger,pedestrian_road_maintenance_worker,casualty_type,casualty_imd_decile,lsoa_of_casualty,enhanced_casualty_severity,casualty_injury_based,casualty_adjusted_severity_serious,casualty_adjusted_severity_slight,casualty_distance_banding,road_type,speed_limit,weather_conditions,light_conditions,road_surface_conditions,time,day_of_week,number_of_vehicles,vehicle_type
2023461381475,2023,461381475,1,2,2,2,33,6,3,0,0,-1,0,0,9,-1,-1,3,1,0.0,1.0,-1,3,70,2,1,2,08:50,7,1,9
2023991333798,2023,991333798,1,2,1,1,33,6,2,0,0,0,0,0,9,-1,-1,7,1,1.0,0.0,-1,6,60,1,1,1,20:30,4,3,9
2023071080355,2023,071080355,1,1,3,1,10,2,3,5,1,0,0,0,0,10,E01018600,-1,0,0.12601,0.87399,-1,6,30,1,4,1,17:53,3,1,9
2023010469255,2023,010469255,1,1,1,1,23,5,3,0,0,0,0,0,2,4,E01002704,-1,0,0.0,1.0,-1,2,20,1,6,1,12:40,1,2,2
2023141349691,2023,141349691,2,2,1,2,53,8,3,0,0,0,0,0,9,7,E01007683,3,1,0.0,1.0,-1,6,40,1,1,1,13:12,4,3,9
2023461276331,2023,461276331,2,2,1,1,40,7,3,0,0,0,0,0,9,5,E01016029,3,1,0.0,1.0,-1,6,30,1,1,1,11:08,6,2,9
2023461379571,2023,461379571,1,1,1,2,24,5,3,0,0,0,0,0,9,6,E01024628,3,1,0.0,1.0,-1,3,70,2,1,2,14:40,2,1,9
2023622300584,2023,622300584,1,1,1,1,66,10,3,0,0,0,0,0,9,-1,-1,-1,0,0.04214,0.95786,-1,6,20,1,1,1,17:59,3,2,9
2023991294920,2023,991294920,1,2,2,2,29,6,3,0,0,1,0,0,9,-1,-1,3,1,0.0,1.0,-1,6,60,1,1,1,11:50,7,3,9
2023401358918,2023,401358918,2,1,1,1,60,9,3,0,0,0,0,0,19,5,E01016754,3,1,0.0,1.0,-1,6,30,1,1,1,07:47,4,3,19
2023221292345,2023,221292345,1,1,3,2,56,9,3,5,3,0,0,0,0,7,E01032285,3,1,0.0,1.0,-1,6,30,1,1,1,17:10,4,1,9
2023522300794,2023,522300794,2,1,1,2,24,5,3,0,0,0,0,0,1,6,E01014487,-1,0,0.07866,0.92134,-1,6,20,2,4,2,18:25,5,2,1
2023991373122,2023,991373122,1,1,1,1,48,8,1,0,0,0,0,0,3,9,-1,1,1,0.0,0.0,-1,6,60,1,1,2,13:05,5,2,3
2023440241674,2023,440241674,2,2,1,1,38,7,3,0,0,0,0,0,8,2,E01022966,-1,0,0.08863,0.91137,-1,6,30,1,4,1,02:09,1,2,8
2023430051058,2023,430051058,1,1,1,1,29,6,3,0,0,0,0,0,9,6,E01016332,-1,0,0.00575,0.99425,-1,6,40,1,1,1,12:30,4,3,9
2023010466072,2023,010466072,1,1,3,1,27,6,3,1,3,0,0,0,0,5,E01002515,-1,0,0.0,1.0,-1,6,30,1,4,1,20:25,5,1,9
2023010458967,2023,010458967,2,1,1,1,28,6,2,0,0,0,0,0,1,3,E01000035,-1,0,1.0,0.0,-1,1,30,1,1,1,18:58,6,2,1
2023481356303,2023,481356303,1,1,1,1,39,7,3,0,0,0,0,0,1,-1,-1,3,1,0.0,1.0,-1,6,20,1,1,1,14:50,6,2,1
2023430211140,2023,430211140,2,1,1,2,20,4,3,0,0,0,0,0,1,6,E01028586,-1,0,0.06442,0.93558,-1,1,20,1,4,1,22:00,2,2,1
2023010426120,2023,010426120,2,1,1,1,24,5,3,0,0,0,0,0,5,5,E01021778,-1,0,0.0,1.0,-1,6,30,1,4,1,17:55,4,2,5
2023052300609,2023,052300609,2,2,2,1,8,2,3,0,0,2,0,0,9,5,E01006553,-1,0,0.03834,0.96166,-1,3,40,8,4,2,10:10,4,2,9
2023371313827,2023,371313827,2,2,1,2,24,5,2,0,0,0,0,0,9,4,E01030231,7,1,1.0,0.0,-1,6,60,2,1,2,17:59,7,3,9
2023430233689,2023,430233689,1,1,3,1,57,9,1,5,1,0,0,0,0,3,E01017663,-1,0,0.0,0.0,-1,6,30,1,1,1,20:58,7,1,9
2023010479702,2023,010479702,1,1,1,1,32,6,3,0,0,0,0,0,3,2,E01000603,-1,0,0.0,1.0,-1,9,30,1,1,1,12:15,5,2,3
2023361370993,2023,361370993,1,1,1,1,23,5,2,0,0,0,0,0,4,5,E01026870,5,1,1.0,0.0,-1,6,30,1,4,1,23:46,1,1,4
2023070922188,2023,070922188,2,3,1,2,66,10,3,0,0,0,0,0,9,6,E01007248,-1,0,0.10127,0.89873,-1,6,50,1,1,1,15:00,7,2,9
2023311290177,2023,311290177,1,1,1,1,45,7,3,0,0,0,0,0,9,5,E01028243,3,1,0.0,1.0,-1,6,30,1,1,1,09:56,6,2,9
2023451261161,2023,451261161,1,1,1,1,18,4,3,0,0,0,0,0,9,-1,-1,3,1,0.0,1.0,-1,6,30,1,6,2,02:26,3,1,9
2023451365722,2023,451365722,1,1,1,1,38,7,3,0,0,0,0,0,9,5,E01031595,3,1,0.0,1.0,-1,6,30,1,1,1,16:21,1,1,9
2023010437646,2023,010437646,1,1,3,1,36,7,3,9,7,0,0,0,0,-1,-1,-1,0,0.0,1.0,-1,3,20,1,4,1,04:20,1,1,9
2023991307215,2023,991307215,1,1,3,2,25,5,2,1,3,0,0,0,0,5,-1,7,1,1.0,0.0,-1,6,30,1,1,1,17:30,1,1,9
2023052301262,2023,052301262,2,2,1,1,63,9,3,0,0,0,0,0,1,6,E01006951,-1,0,0.18055,0.81945,-1,6,30,1,1,1,17:30,4,2,1
2023201413952,2023,201413952,2,1,1,2,35,6,3,0,0,0,0,0,9,1,E01033639,3,1,0.0,1.0,-1,3,40,1,4,1,19:00,4,2,9
2023522300998,2023,522300998,1,1,1,1,59,9,3,0,0,0,0,0,1,2,E01014660,-1,0,0.05448,0.94552,-1,6,20,1,1,1,14:00,6,2,1
2023010476758,2023,010476758,2,1,1,1,28,6,3,0,0,0,0,0,3,2,E01000931,-1,0,0.0,1.0,-1,6,20,1,4,2,19:28,4,2,3
2023131366152,2023,131366152,2,1,1,2,27,6,3,0,0,0,0,0,9,9,E01011880,3,1,0.0,1.0,-1,6,30,1,1,1,13:15,2,2,9
2023421338321,2023,421338321,1,1,1,1,18,4,3,0,0,0,0,0,9,8,E01021405,3,1,0.0,1.0,-1,1,60,1,5,2,21:55,6,1,9
2023440129758,2023,440129758,1,1,1,2,36,7,3,0,0,0,0,0,9,9,E01022859,-1,0,0.09269,0.90731,-1,6,40,1,4,2,23:24,7,1,9
2023991311605,2023,991311605,1,1,2,2,44,7,2,0,0,0,3,0,11,2,-1,7,1,1.0,0.0,-1,6,40,1,1,1,16:16,7,1,11
2023010471928,2023,010471928,2,1,3,2,46,8,3,4,1,0,0,0,0,-1,-1,-1,0,0.0,1.0,-1,6,20,1,1,1,13:03,7,2,9
2023010480383,2023,010480383,1,1,3,1,41,7,2,5,3,0,0,0,0,1,E01004541,-1,0,1.0,0.0,-1,6,20,2,4,2,20:24,1,1,9
2023471359358,2023,471359358,2,1,1,1,37,7,2,0,0,0,0,0,1,-1,-1,7,1,1.0,0.0,-1,3,20,1,1,1,17:35,1,2,1
2023522400874,2023,522400874,2,1,1,1,19,4,3,0,0,0,0,0,1,3,E01033355,-1,0,0.0949,0.9051,-1,2,20,1,4,2,22:52,4,2,1
2023440334171,2023,440334171,1,1,1,1,24,5,2,0,0,0,0,0,5,5,E01023061,-1,0,1.0,0.0,-1,6,60,1,1,1,13:14,6,2,5
2023501366744,2023,501366744,1,1,2,2,18,4,3,0,0,-1,0,0,9,3,E01015085,3,1,0.0,1.0,-1,6,30,2,4,2,21:42,4,2,9
2023531298648,2023,531298648,1,4,2,1,18,4,3,0,0,1,0,0,9,1,E01032932,3,1,0.0,1.0,-1,3,70,1,4,1,21:25,4,1,9
2023010448405,2023,010448405,1,1,1,1,31,6,3,0,0,0,0,0,1,1,E01002034,-1,0,0.0,1.0,-1,6,30,1,1,1,13:15,5,2,1
2023161377951,2023,161377951,2,1,1,1,18,4,3,0,0,0,0,0,3,-1,-1,3,1,0.0,1.0,-1,6,30,1,1,1,14:40,4,2,3
2023211332256,2023,211332256,3,1,1,2,-1,-1,3,0,0,0,0,0,9,4,E01014268,3,1,0.0,1.0,-1,6,30,2,1,2,13:47,7,3,9
2023440082575,2023,440082575,1,1,1,2,40,7,3,0,0,0,0,0,9,-1,-1,-1,0,0.01789,0.98211,-1,1,30,1,1,1,15:38,3,2,9
2023010460718,2023,010460718,1,1,1,1,27,6,3,0,0,0,0,0,9,4,E01000466,-1,0,0.0,1.0,-1,1,30,1,1,1,12:40,3,2,9
2023060985258,2023,060985258,1,1,1,1,86,11,2,0,0,0,0,0,9,7,E01005847,-1,0,1.0,0.0,-1,3,50,7,4,2,21:00,2,1,9
2023131275732,2023,131275732,1,1,1,2,37,7,2,0,0,0,0,0,9,10,E01011797,6,1,1.0,0.0,-1,6,30,1,1,1,15:20,2,2,9
2023141311565,2023,141311565,2,1,1,1,58,9,3,0,0,0,0,0,9,4,E01007559,3,1,0.0,1.0,-1,6,60,1,1,1,16:08,5,2,9
2023552301186,2023,552301186,1,1,1,2,49,8,3,0,0,0,0,0,9,2,E01020582,-1,0,0.05042,0.94958,-1,6,60,1,1,1,08:46,3,2,9
2023991286243,2023,991286243,1,3,2,1,28,6,3,0,0,1,0,0,9,7,-1,3,1,0.0,1.0,-1,6,40,3,1,3,07:44,2,3,9
2023010421242,2023,010421242,2,1,1,1,15,3,3,0,0,0,0,0,1,1,E01004710,-1,0,0.0,1.0,-1,2,30,1,4,1,19:07,6,2,1
2023430398166,2023,430398166,2,1,1,2,60,9,3,0,0,0,0,0,1,5,E01017835,-1,0,0.09928,0.90072,-1,6,60,1,1,1,18:00,2,2,1
2023052302687,2023,052302687,1,1,2,2,18,4,3,0,0,2,0,0,8,1,E01006461,-1,0,0.01489,0.98511,-1,6,20,1,1,1,14:00,5,1,8
2023201444957,2023,201444957,2,4,2,2,-1,-1,3,0,0,-1,0,0,9,7,E01032170,3,1,0.0,1.0,-1,6,30,8,1,1,19:27,7,2,9
2023430173807,2023,430173807,1,2,2,1,17,4,3,0,0,1,0,0,9,-1,-1,-1,0,0.04332,0.95668,-1,6,40,1,1,1,17:49,6,2,9
2023540476223,2023,540476223,1,1,1,2,34,6,3,0,0,0,0,0,9,8,E01015588,-1,0,0.12709,0.87291,-1,6,60,1,6,1,21:39,7,1,9
2023052301714,2023,052301714,1,1,3,1,4,1,3,6,9,0,0,0,0,7,E01007245,-1,0,0.02352,0.97648,-1,6,20,1,1,1,15:48,1,1,1
2023221349924,2023,221349924,1,1,3,2,30,6,3,9,5,0,0,0,0,7,E01028939,3,1,0.0,1.0,-1,2,30,1,1,1,16:15,4,1,19
2023101338805,2023,101338805,1,1,2,1,29,6,2,0,0,1,0,0,9,3,E01019222,7,1,1.0,0.0,-1,6,60,1,6,2,21:50,6,1,9
2023111381565,2023,111381565,1,2,2,2,51,8,3,0,0,1,0,0,9,1,E01020757,3,1,0.0,1.0,-1,6,30,2,4,2,16:46,2,2,9
2023451298571,2023,451298571,1,1,1,2,67,10,3,0,0,0,0,0,9,10,E01030341,3,1,0.0,1.0,-1,6,30,8,1,1,14:45,4,2,9
2023221315268,2023,221315268,2,1,1,1,14,3,3,0,0,0,0,0,1,3,E01014139,3,1,0.0,1.0,-1,6,30,1,1,1,17:43,4,2,1
2023010424294,2023,010424294,1,2,2,1,10,2,3,0,0,1,0,0,9,2,E01000739,-1,0,0.0,1.0,-1,6,30,1,4,1,07:50,2,2,9
2023440125679,2023,440125679,2,1,1,1,28,6,2,0,0,0,0,0,9,2,E01017326,-1,0,1.0,0.0,-1,6,40,1,1,1,09:46,5,2,9
2023351311382,2023,351311382,1,2,3,2,91,11,3,10,1,0,0,0,0,3,E01017944,3,1,0.0,1.0,-1,2,20,1,1,1,14:59,5,1,19
2023501285658,2023,501285658,1,2,1,2,81,11,3,0,0,0,0,0,9,7,E01018818,3,1,0.0,1.0,-1,6,40,1,1,1,09:03,7,2,9
2023991379292,2023,991379292,1,1,1,1,55,8,1,0,0,0,0,0,19,2,-1,1,1,0.0,0.0,-1,3,50,1,4,2,06:45,2,1,19
2023430330803,2023,430330803,2,1,1,1,47,8,3,0,0,0,0,0,5,4,E01022552,-1,0,0.14953,0.85047,-1,3,70,1,1,1,18:00,3,2,5
2023010440752,2023,010440752,1,1,1,1,41,7,3,0,0,0,0,0,9,3,E01003723,-1,0,0.0,1.0,-1,2,30,1,1,1,17:20,3,2,9
2023170S12153,2023,170S12153,1,1,2,2,29,6,3,0,0,1,0,0,9,3,E01012206,-1,0,0.01787,0.98213,-1,6,40,9,1,1,15:05,6,2,9
2023201289731,2023,201289731,1,3,2,2,17,4,3,0,0,2,0,0,9,3,E01010178,3,1,0.0,1.0,-1,6,30,1,4,2,18:10,4,2,9
2023440493088,2023,440493088,2,2,1,1,44,7,3,0,0,0,0,0,9,6,E01023236,-1,0,0.07441,0.92559,-1,3,70,1,6,2,19:45,7,2,9
2023010467142,2023,010467142,1,1,3,2,-1,-1,3,10,9,0,0,2,0,4,E01033589,-1,0,0.0,1.0,-1,3,20,1,1,1,11:38,4,1,5
2023351354437,2023,351354437,1,1,3,2,31,6,3,6,9,0,0,0,0,7,E01033177,3,1,0.0,1.0,-1,6,30,1,1,-1,08:09,6,1,19
2023320023235,2023,320023235,1,1,2,1,28,6,2,0,0,1,0,0,9,3,E01026310,-1,0,1.0,0.0,-1,6,40,1,1,2,12:28,5,2,9
2023451268029,2023,451268029,2,2,1,2,44,7,3,0,0,0,0,0,9,8,E01002925,3,1,0.0,1.0,-1,6,60,2,1,2,16:00,4,2,9
2023501303892,2023,501303892,1,1,2,1,44,7,2,0,0,-1,0,0,9,6,E01020069,7,1,1.0,0.0,-1,6,60,1,5,1,00:56,5,1,9
2023991309592,2023,991309592,1,1,1,1,19,4,2,0,0,0,0,0,9,6,-1,6,1,1.0,0.0,-1,6,60,1,1,1,14:20,7,2,9
2023531319899,2023,531319899,1,2,1,2,24,5,2,0,0,0,0,0,9,4,E01022240,5,1,1.0,0.0,-1,6,60,1,1,1,21:25,7,1,9
2023010423165,2023,010423165,1,1,1,1,23,5,3,0,0,0,0,0,9,1,E01004754,-1,0,0.0,1.0,-1,6,20,1,4,2,02:20,3,2,9
2023010434861,2023,010434861,2,2,1,-1,-1,-1,3,0,0,0,0,0,9,3,E01001147,-1,0,0.0,1.0,-1,6,30,1,1,1,09:47,2,2,9
2023320486893,2023,320486893,1,1,1,1,39,7,3,0,0,0,0,0,9,1,E01026109,-1,0,0.08548,0.91452,-1,6,30,1,7,1,22:00,2,3,9
2023430196212,2023,430196212,2,2,1,1,34,6,3,0,0,0,0,0,9,8,E01028765,-1,0,0.06478,0.93522,-1,6,60,1,1,1,16:17,6,2,9
2023520401013,2023,520401013,1,1,3,2,11,3,2,1,1,0,0,0,0,3,E01029096,-1,0,1.0,0.0,-1,6,30,1,1,1,07:59,4,1,11
2023131346847,2023,131346847,2,1,1,1,48,8,3,0,0,0,0,0,9,7,E01011879,3,1,0.0,1.0,-1,1,30,2,1,1,12:10,4,3,9
2023340NN2202,2023,340NN2202,1,2,1,2,19,4,3,0,0,0,0,0,9,5,E01026985,-1,0,0.08099,0.91901,-1,6,60,1,1,1,14:20,3,3,9
2023991353340,2023,991353340,2,2,1,2,20,4,3,0,0,0,0,0,9,3,-1,3,1,0.0,1.0,-1,3,70,1,1,1,13:52,4,2,9
2023141361566,2023,141361566,1,1,1,1,34,6,3,0,0,0,0,0,9,-1,-1,3,1,0.0,1.0,-1,6,30,1,1,1,12:23,3,2,9
2023340WN3332,2023,340WN3332,2,2,2,1,40,7,3,0,0,1,0,0,9,-1,-1,-1,0,0.01262,0.98738,-1,6,30,1,1,1,17:00,3,2,9
2023010484906,2023,010484906,1,1,3,2,64,9,2,1,1,0,0,0,0,6,E01003707,-1,0,1.0,0.0,-1,1,30,2,7,2,07:20,3,1,9
2023010425360,2023,010425360,2,1,1,1,47,8,2,0,0,0,0,0,5,6,E01001648,-1,0,1.0,0.0,-1,6,30,1,1,1,17:59,7,2,5
2023101270437,2023,101270437,2,1,1,2,31,6,3,0,0,0,0,0,9,-1,-1,3,1,0.0,1.0,-1,6,30,1,1,1,13:00,2,2,9
2023122300672,2023,122300672,2,1,2,2,48,8,3,0,0,0,4,0,11,8,E01026551,-1,0,0.02147,0.97853,-1,6,30,1,1,1,10:45,2,2,11
2023061355035,2023,061355035,2,1,1,1,43,7,3,0,0,0,0,0,9,4,E01005934,3,1,0.0,1.0,-1,3,30,2,1,2,17:30,3,2,9
2023340NN3722,2023,340NN3722,2,2,2,2,33,6,3,0,0,1,0,0,9,-1,-1,-1,0,0.04436,0.95564,-1,6,30,9,1,2,10:00,3,2,9
2023161344673,2023,161344673,1,1,1,2,45,7,3,0,0,0,0,0,1,6,E01012771,3,1,0.0,1.0,-1,6,30,1,1,1,12:05,3,2,1
2023501270870,2023,501270870,2,1,1,2,60,9,3,0,0,0,0,0,1,5,E01020325,3,1,0.0,1.0,-1,6,30,1,1,1,14:00,7,2,1
2023131295676,2023,131295676,2,1,1,2,47,8,2,0,0,0,0,0,9,6,E01011534,7,1,1.0,0.0,-1,3,30,1,1,1,08:19,4,2,9
2023201298798,2023,201298798,1,1,1,2,22,5,3,0,0,0,0,0,9,8,E01009728,3,1,0.0,1.0,-1,6,30,1,1,2,10:24,2,2,9
2023320340704,2023,320340704,2,1,1,2,38,7,3,0,0,0,0,0,9,4,E01026259,-1,0,0.04455,0.95545,-1,6,50,1,1,1,10:40,1,2,9
2023461328263,2023,461328263,2,1,1,1,55,8,3,0,0,0,0,0,9,6,E01024285,3,1,0.0,1.0,-1,7,70,1,1,1,15:14,4,3,9
2023302300465,2023,302300465,2,1,1,1,40,7,3,0,0,0,0,0,1,4,E01013460,-1,0,0.08564,0.91436,-1,6,30,4,1,1,10:10,4,2,1
2023131275420,2023,131275420,2,1,1,1,16,4,3,0,0,0,0,0,3,2,E01032502,3,1,0.0,1.0,-1,6,40,1,4,1,23:39,1,2,3
2023411391349,2023,411391349,2,1,1,1,52,8,3,0,0,0,0,0,9,7,E01023366,3,1,0.0,1.0,-1,6,40,2,7,2,16:51,4,2,9
2023991330232,2023,991330232,1,1,3,1,8,2,2,10,1,0,0,2,0,1,-1,5,1,1.0,0.0,-1,6,30,1,1,1,12:06,2,1,9
2023320534619,2023,320534619,1,1,1,1,34,6,2,0,0,0,0,0,4,8,E01028353,-1,0,1.0,0.0,-1,6,60,1,1,1,13:15,2,1,4
2023010426396,2023,010426396,1,1,1,2,51,8,3,0,0,0,0,0,9,9,E01003890,-1,0,0.0,1.0,-1,3,30,8,4,4,20:00,5,2,9
2023122300217,2023,122300217,1,1,1,2,26,6,3,0,0,0,0,0,9,8,E01027650,-1,0,0.06227,0.93773,-1,6,60,2,1,2,11:13,5,1,9
2023320046052,2023,320046052,2,3,2,2,31,6,3,0,0,2,0,0,9,10,E01026206,-1,0,0.0374,0.9626,-1,6,30,1,1,2,11:45,2,2,9
2023340NN1252,2023,340NN1252,1,1,2,1,31,6,3,0,0,1,0,0,9,9,E01027346,-1,0,0.11285,0.88715,-1,6,30,1,6,1,01:11,7,1,9
2023340WN7082,2023,340WN7082,1,1,1,1,19,4,2,0,0,0,0,0,3,9,E01027212,-1,0,1.0,0.0,-1,6,30,1,4,1,04:00,1,1,3
2023052302850,2023,052302850,2,1,1,1,19,4,3,0,0,0,0,0,9,3,E01006629,-1,0,0.02341,0.97659,-1,6,20,1,4,1,23:30,6,2,9
2023201388147,2023,201388147,1,3,2,1,49,8,3,0,0,1,0,0,9,2,E01011167,3,1,0.0,1.0,-1,3,30,1,1,1,08:55,6,3,9
2023211312038,2023,211312038,1,1,2,1,32,6,3,0,0,2,0,0,9,1,E01010526,3,1,0.0,1.0,-1,6,60,1,6,1,23:00,6,2,9
2023520301669,2023,520301669,1,3,2,2,32,6,3,0,0,1,0,0,9,4,E01018840,-1,0,0.04261,0.95739,-1,6,60,1,1,1,10:45,5,2,9
2023010432886,2023,010432886,1,1,1,1,36,7,3,0,0,0,0,0,3,2,E01001487,-1,0,0.0,1.0,-1,6,20,9,4,9,00:34,7,2,3
2023010467077,2023,010467077,2,1,1,1,18,4,2,0,0,0,0,0,3,2,E01002606,-1,0,1.0,0.0,-1,6,30,1,1,1,15:01,3,2,3
2023471386683,2023,471386683,2,1,1,2,35,6,3,0,0,0,0,0,9,7,E01031421,3,1,0.0,1.0,-1,6,40,1,6,2,07:45,2,3,9
2023111302508,2023,111302508,1,1,1,1,77,11,1,0,0,0,0,0,9,3,E01012350,1,1,0.0,0.0,-1,6,30,1,1,1,16:20,4,2,9
2023411283550,2023,411283550,2,1,1,1,30,6,3,0,0,0,0,0,9,6,E01023845,3,1,0.0,1.0,-1,7,70,1,4,-1,06:20,4,2,9
2023440182509,2023,440182509,1,1,1,1,18,4,3,0,0,0,0,0,9,9,E01016308,-1,0,0.06725,0.93275,-1,1,70,2,1,2,19:59,3,1,9
2023010476356,2023,010476356,1,1,3,2,22,5,2,6,9,0,0,0,0,-1,-1,-1,0,1.0,0.0,-1,7,30,1,4,1,19:50,5,2,9
2023010461209,2023,010461209,2,1,1,1,20,4,3,0,0,0,0,0,3,7,E01003408,-1,0,0.0,1.0,-1,6,20,1,1,1,14:06,6,2,3
2023430365770,2023,430365770,2,1,1,1,76,11,2,0,0,0,0,0,4,4,E01016829,-1,0,1.0,0.0,-1,3,70,1,1,1,08:05,4,2,4
2023041272562,2023,041272562,2,2,2,2,18,4,3,0,0,1,0,0,9,1,E01025120,3,1,0.0,1.0,-1,3,30,1,4,1,18:10,6,2,9
2023101366230,2023,101366230,1,1,2,1,33,6,2,0,0,1,0,0,9,-1,-1,5,1,1.0,0.0,-1,6,30,1,4,1,23:35,4,1,9
2023141339175,2023,141339175,1,1,1,1,22,5,2,0,0,0,0,0,9,2,E01007336,7,1,1.0,0.0,-1,6,30,1,6,1,02:00,3,2,9
2023311354588,2023,311354588,1,1,1,1,28,6,3,0,0,0,0,0,9,5,E01013931,3,1,0.0,1.0,-1,6,30,2,4,2,20:10,4,2,9
2023430340160,2023,430340160,1,1,1,1,40,7,2,0,0,0,0,0,9,-1,-1,-1,0,1.0,0.0,-1,6,60,2,1,2,14:33,2,3,9
2023440108349,2023,440108349,1,1,1,2,22,5,3,0,0,0,0,0,9,4,E01017308,-1,0,0.02216,0.97784,-1,6,40,1,1,1,10:00,7,3,9
2023010478607,2023,010478607,1,1,3,1,27,6,3,1,4,0,0,0,0,9,E01000899,-1,0,0.0,1.0,-1,6,20,1,4,1,20:21,4,1,8
202354A873623,2023,54A873623,1,1,3,2,12,3,3,5,1,0,0,0,0,4,E01032014,-1,0,0.04965,0.95035,-1,6,20,1,1,1,08:34,6,1,9
2023010439445,2023,010439445,1,1,1,2,47,8,3,0,0,0,0,0,1,4,E01000580,-1,0,0.0,1.0,-1,3,20,1,1,1,08:47,3,2,1
2023131299239,2023,131299239,2,1,1,1,18,4,2,0,0,0,0,0,1,6,E01010699,7,1,1.0,0.0,-1,6,30,1,1,1,19:30,5,2,1
2023010478590,2023,010478590,1,2,2,-1,-1,-1,3,0,0,1,0,0,9,-1,-1,-1,0,0.0,1.0,-1,3,40,2,4,2,17:33,5,2,9
2023201277182,2023,201277182,2,1,1,2,22,5,3,0,0,0,0,0,9,1,E01009406,3,1,0.0,1.0,-1,1,30,2,1,2,15:30,7,3,9
2023622300947,2023,622300947,1,1,1,2,42,7,3,0,0,0,0,0,9,2,W01001942,-1,0,0.03087,0.96913,-1,3,20,1,1,1,15:42,3,2,9
2023052301211,2023,052301211,1,1,3,2,26,6,3,5,9,0,0,0,0,1,E01006716,-1,0,0.07491,0.92509,-1,6,30,1,1,1,17:20,5,1,9
2023122300851,2023,122300851,1,1,3,1,50,8,3,9,8,0,0,0,0,2,E01033067,-1,0,0.10725,0.89275,-1,6,30,1,1,1,20:00,5,1,9
2023010477648,2023,010477648,1,1,1,2,23,5,3,0,0,0,0,0,3,1,E01003087,-1,0,0.0,1.0,-1,6,20,1,1,1,17:51,6,2,3
2023010451443,2023,010451443,1,2,2,2,34,6,3,0,0,1,0,0,9,4,E01002551,-1,0,0.0,1.0,-1,3,40,1,4,1,23:10,1,1,9
2023010452639,2023,010452639,2,2,1,2,81,11,3,0,0,0,0,0,9,9,E01000656,-1,0,0.0,1.0,-1,6,40,1,1,1,15:00,7,2,9
2023010459055,2023,010459055,2,1,2,2,67,10,3,0,0,1,0,0,9,2,E01015820,-1,0,0.0,1.0,-1,3,70,5,1,2,12:13,7,4,9
2023041375750,2023,041375750,2,1,1,2,25,5,3,0,0,0,0,0,9,9,E01024867,3,1,0.0,1.0,-1,6,30,1,4,2,18:20,5,2,9
2023340WN3662,2023,340WN3662,2,1,1,1,26,6,3,0,0,0,0,0,9,2,E01027214,-1,0,0.00713,0.99287,-1,1,20,1,1,1,09:10,2,2,9
2023520301594,2023,520301594,1,1,1,1,73,10,3,0,0,0,0,0,9,4,E01015630,-1,0,0.07874,0.92126,-1,3,70,1,1,1,06:38,5,1,9
2023991329991,2023,991329991,2,2,1,1,60,9,3,0,0,0,0,0,9,5,-1,3,1,0.0,1.0,-1,6,60,1,1,1,18:00,1,2,9
2023010428120,2023,010428120,1,1,3,2,48,8,3,9,7,0,0,0,0,1,E01004732,-1,0,0.0,1.0,-1,6,20,1,4,1,22:15,1,1,8
2023430048547,2023,430048547,2,2,1,1,58,9,3,0,0,0,0,0,9,9,E01016793,-1,0,0.04828,0.95172,-1,6,30,1,1,1,16:27,4,2,9
2023531374979,2023,531374979,1,1,1,1,84,11,3,0,0,0,0,0,9,7,E01022449,3,1,0.0,1.0,-1,6,60,1,1,1,12:42,4,1,9
2023010461753,2023,010461753,2,1,1,1,35,6,2,0,0,0,0,0,1,7,E01001120,-1,0,1.0,0.0,-1,1,30,1,1,1,19:15,2,2,1
2023141299298,2023,141299298,1,1,1,1,62,9,2,0,0,0,0,0,4,6,E01007387,7,1,1.0,0.0,-1,6,40,9,1,1,07:10,2,2,4
2023991358829,2023,991358829,2,1,1,1,63,9,3,0,0,0,0,0,5,7,-1,3,1,0.0,1.0,-1,3,70,1,1,1,08:35,3,2,5
2023411298315,2023,411298315,1,2,2,1,52,8,3,0,0,2,0,0,8,7,E01023594,3,1,0.0,1.0,-1,1,30,1,4,1,20:38,1,2,8
2023010442815,2023,010442815,1,1,1,1,30,6,3,0,0,0,0,0,9,4,E01023296,-1,0,0.0,1.0,-1,3,40,1,1,1,20:07,7,2,9
2023201440611,2023,201440611,3,3,1,1,53,8,3,0,0,0,0,0,9,2,E01010406,3,1,0.0,1.0,-1,6,30,1,1,1,14:15,7,3,9
2023111271801,2023,111271801,1,1,3,2,64,9,2,6,9,0,0,0,0,2,E01020839,7,1,1.0,0.0,-1,6,30,1,1,1,11:15,5,1,22
2023010461481,2023,010461481,2,1,1,1,32,6,3,0,0,0,0,0,9,1,E01001410,-1,0,0.0,1.0,-1,3,30,1,4,1,01:10,1,2,9
2023141382579,2023,141382579,1,2,2,1,5,1,3,0,0,2,0,0,9,-1,-1,3,1,0.0,1.0,-1,6,30,2,6,2,17:42,2,1,9
2023320199922,2023,320199922,2,1,1,1,56,9,3,0,0,0,0,0,9,5,E01026409,-1,0,0.08617,0.91383,-1,6,40,1,1,1,07:40,2,2,9
2023440383112,2023,440383112,2,2,1,2,82,11,3,0,0,0,0,0,9,6,E01022520,-1,0,0.07679,0.92321,-1,6,30,2,1,2,16:12,3,2,9