collision_index,collision_year,collision_ref_no,vehicle_reference,casualty_reference,casualty_class,sex_of_casualty,age_of_casualty,age_band_of_casualty,casualty_severity,pedestrian_location,pedestrian_movement,car_passenger,bus_or_coach_passenger,pedestrian_road_maintenance_worker,casualty_type,casualty_imd_decile,lsoa_of_casualty,enhanced_casualty_severity,casualty_injury_based,casualty_adjusted_severity_serious,casualty_adjusted_severity_slight,casualty_distance_banding,road_type,speed_limit,weather_conditions,light_conditions,road_surface_conditions,time,day_of_week,number_of_vehicles,vehicle_type
2023531374828,2023,531374828,1,2,2,1,34,6,2,0,0,-1,0,0,9,8,E01022412,7,1,1.0,0.0,-1,6,60,2,6,2,01:13,2,1,9
2023610028423,2023,610028423,2,1,1,1,52,8,3,0,0,1,0,0,9,8,W01001616,-1,0,0.16482,0.83518,-1,3,70,1,7,1,22:14,1,2,9
2023010479548,2023,010479548,1,1,1,2,28,6,3,0,0,0,0,0,1,2,E01004242,-1,0,0.0,1.0,-1,6,20,1,1,1,08:30,2,2,1
2023010421806,2023,010421806,1,1,1,1,38,7,3,0,0,0,0,0,9,2,E01001506,-1,0,0.0,1.0,-1,6,30,1,1,4,08:22,3,2,9
2023131290679,2023,131290679,2,2,2,2,73,10,3,0,0,1,0,0,9,2,E01010804,3,1,0.0,1.0,-1,6,30,1,1,1,16:00,7,2,9
2023221357297,2023,221357297,1,1,1,2,35,6,3,0,0,0,0,0,9,2,E01009833,3,1,0.0,1.0,-1,6,60,1,1,1,15:40,4,2,9
2023340WN1192,2023,340WN1192,1,1,1,1,30,6,3,0,0,0,0,0,9,8,E01027162,-1,0,0.05682,0.94318,-1,3,70,3,1,2,08:44,5,1,9
2023451264892,2023,451264892,1,1,1,2,37,7,3,0,0,0,0,0,9,10,E01030775,3,1,0.0,1.0,-1,6,60,8,1,4,08:50,4,3,9
2023471338498,2023,471338498,2,1,1,2,50,8,3,0,0,0,0,0,9,6,E01024016,3,1,0.0,1.0,-1,6,60,8,1,1,16:20,7,2,9
2023010423692,2023,010423692,1,1,1,2,36,7,3,0,0,0,0,0,9,2,E01003187,-1,0,0.0,1.0,-1,6,20,2,1,2,09:10,5,2,9
2023052300653,2023,052300653,2,2,2,2,49,8,3,0,0,1,0,0,9,6,E01032768,-1,0,0.00504,0.99496,-1,6,30,1,1,1,11:15,1,2,9
2023451279538,2023,451279538,1,4,1,1,31,6,2,0,0,0,0,0,9,5,E01014973,6,1,1.0,0.0,-1,3,70,1,4,2,02:55,5,1,9
202363B026223,2023,63B026223,2,2,1,1,53,8,2,0,0,0,0,0,9,-1,-1,-1,0,1.0,0.0,-1,6,60,1,1,1,16:45,3,2,9
2023451307913,2023,451307913,1,2,2,2,32,6,3,0,0,2,0,0,9,-1,-1,3,1,0.0,1.0,-1,3,70,1,1,1,09:50,2,2,9
2023010483419,2023,010483419,1,1,1,2,22,5,3,0,0,0,0,0,1,6,E01001245,-1,0,0.0,1.0,-1,6,20,1,1,1,08:15,5,2,1
2023161299556,2023,161299556,1,1,3,1,39,7,2,8,5,0,0,2,0,1,E01012875,6,1,1.0,0.0,-1,6,30,1,1,1,14:40,5,1,9
2023471371731,2023,471371731,1,1,3,1,11,3,3,7,1,0,0,0,0,7,E01021212,3,1,0.0,1.0,-1,6,30,1,1,2,08:20,3,1,9
2023461351988,2023,461351988,2,1,1,2,48,8,3,0,0,0,0,0,9,5,E01016151,3,1,0.0,1.0,-1,6,30,1,1,1,08:10,6,2,9
2023522400676,2023,522400676,1,1,1,2,52,8,3,0,0,0,0,0,9,6,E01014975,-1,0,0.00711,0.99289,-1,6,30,1,1,1,14:50,3,2,9
2023610049223,2023,610049223,1,1,2,1,27,6,3,1,1,0,0,0,20,5,W01001383,-1,0,0.07352,0.92648,-1,6,20,1,1,1,08:00,6,1,20
2023461379556,2023,461379556,1,1,3,1,70,10,3,5,3,0,0,0,0,1,E01017102,3,1,0.0,1.0,-1,6,30,1,1,1,16:15,5,1,9
2023201387048,2023,201387048,1,4,2,1,25,5,3,0,0,2,0,0,9,3,E01009178,3,1,0.0,1.0,-1,6,30,1,4,1,01:47,1,2,9
2023371376434,2023,371376434,1,1,1,1,22,5,3,0,0,0,0,0,9,1,E01030261,3,1,0.0,1.0,-1,6,60,1,6,2,05:40,2,1,9
2023421355803,2023,421355803,1,1,1,1,40,7,3,0,0,0,0,0,9,-1,-1,3,1,0.0,1.0,-1,6,50,1,1,1,17:20,1,2,9
2023461387021,2023,461387021,1,1,1,1,59,9,3,0,0,0,0,0,9,5,E01024010,3,1,0.0,1.0,-1,6,40,4,6,2,17:09,7,2,9
2023010440304,2023,010440304,1,1,1,1,15,3,2,0,0,0,0,0,1,2,E01004263,-1,0,1.0,0.0,-1,6,20,1,4,1,22:55,7,2,1
2023010463410,2023,010463410,2,1,1,2,26,6,3,0,0,0,0,0,1,2,E01001351,-1,0,0.0,1.0,-1,6,20,2,1,1,15:10,5,2,1
2023991316863,2023,991316863,2,1,1,2,26,6,3,0,0,0,0,0,1,-1,-1,3,1,0.0,1.0,-1,6,30,1,1,1,12:50,6,2,1
2023471306367,2023,471306367,1,1,1,1,25,5,2,0,0,0,0,0,3,5,E01021000,7,1,1.0,0.0,-1,6,60,1,1,2,17:20,5,2,3
2023351381304,2023,351381304,1,1,1,2,59,9,3,0,0,0,0,0,9,6,E01032525,3,1,0.0,1.0,-1,3,70,1,1,1,09:00,4,1,9
2023991373122,2023,991373122,2,2,1,2,69,10,3,0,0,0,0,0,9,-1,-1,3,1,0.0,1.0,-1,6,60,1,1,2,13:05,5,2,9
2023122301147,2023,122301147,1,1,2,2,4,1,3,0,0,0,4,0,11,3,E01011608,-1,0,0.01053,0.98947,-1,6,60,1,1,1,13:37,4,1,11
2023440404779,2023,440404779,1,1,1,2,59,9,3,0,0,0,0,0,1,7,E01017247,-1,0,0.06871,0.93129,-1,6,30,1,1,1,08:45,2,2,1
2023010472615,2023,010472615,1,1,1,1,38,7,3,0,0,0,0,0,3,3,E01000510,-1,0,0.0,1.0,-1,6,30,1,1,1,13:07,3,2,3
2023430328810,2023,430328810,1,1,1,1,69,10,3,0,0,0,0,0,9,-1,-1,-1,0,0.07294,0.92706,-1,6,60,2,1,2,12:42,7,2,9
2023010470466,2023,010470466,2,1,1,2,31,6,3,0,0,0,0,0,1,7,E01003906,-1,0,0.0,1.0,-1,6,20,1,4,1,19:50,6,2,1
2023201395636,2023,201395636,2,1,1,2,32,6,2,0,0,0,0,0,1,1,E01009611,7,1,1.0,0.0,-1,6,30,2,1,2,13:41,1,2,1
2023461379971,2023,461379971,1,1,1,2,18,4,3,0,0,0,0,0,3,3,E01024241,3,1,0.0,1.0,-1,6,30,1,1,2,07:59,4,1,3
2023201277472,2023,201277472,1,2,2,1,67,10,2,0,0,1,0,0,9,2,E01009090,7,1,1.0,0.0,-1,3,30,1,4,1,18:20,6,2,9
2023622300599,2023,622300599,3,7,2,2,45,7,3,0,0,2,0,0,9,8,W01001392,-1,0,0.05491,0.94509,-1,6,40,1,1,2,14:31,1,3,9
2023231392749,2023,231392749,2,1,1,1,69,10,3,0,0,0,0,0,1,10,E01031155,3,1,0.0,1.0,-1,1,30,1,1,2,10:25,3,2,1
2023430157749,2023,430157749,2,1,1,1,49,8,3,0,0,0,0,0,1,7,E01017925,-1,0,0.17135,0.82865,-1,6,30,1,1,1,14:16,3,3,1
2023010485635,2023,010485635,1,1,1,1,26,6,3,0,0,0,0,0,4,5,E01002948,-1,0,0.0,1.0,-1,6,30,4,4,1,19:00,6,2,4
2023501338009,2023,501338009,1,1,1,1,47,8,3,0,0,0,0,0,9,-1,-1,3,1,0.0,1.0,-1,6,60,1,6,1,22:17,5,2,9
2023501342166,2023,501342166,1,1,1,2,31,6,3,0,0,0,0,0,9,5,E01015163,3,1,0.0,1.0,-1,6,30,1,1,1,07:50,4,2,9
202363C006823,2023,63C006823,3,2,2,2,77,11,3,0,0,1,0,0,9,8,W01000616,-1,0,0.08005,0.91995,-1,6,60,1,1,2,09:00,4,3,9
2023340WN2172,2023,340WN2172,1,1,1,1,33,6,3,0,0,0,0,0,1,5,E01027136,-1,0,0.16293,0.83707,-1,6,30,1,1,1,17:15,7,2,1
2023201408350,2023,201408350,2,1,1,1,-1,-1,3,0,0,0,0,0,9,7,E01009646,3,1,0.0,1.0,-1,3,30,1,1,1,15:50,7,3,9
2023991310757,2023,991310757,2,2,2,1,59,9,3,0,0,1,0,0,9,6,-1,3,1,0.0,1.0,-1,6,60,1,1,1,17:35,3,2,9
2023010431045,2023,010431045,1,1,3,2,30,6,3,1,1,0,0,0,0,-1,-1,-1,0,0.0,1.0,-1,6,30,1,4,9,18:52,3,1,9
2023471310947,2023,471310947,1,1,3,1,58,9,3,8,3,0,0,0,0,3,E01016907,3,1,0.0,1.0,-1,6,20,1,1,1,11:35,4,1,19
2023010466349,2023,010466349,3,1,1,1,44,7,3,0,0,0,0,0,8,2,E01003566,-1,0,0.0,1.0,-1,6,20,1,4,1,01:15,7,3,8
2023010447055,2023,010447055,1,3,2,-1,-1,-1,3,0,0,2,0,0,9,3,E01001836,-1,0,0.0,1.0,-1,6,30,1,7,1,01:00,7,1,9
2023052301476,2023,052301476,2,3,2,1,5,1,3,0,0,2,0,0,9,1,E01006440,-1,0,0.01457,0.98543,-1,6,20,1,1,1,08:40,4,2,9
2023201409709,2023,201409709,2,1,1,1,-1,-1,3,0,0,0,0,0,9,-1,-1,3,1,0.0,1.0,-1,6,30,1,1,1,11:04,1,2,9
2023302301162,2023,302301162,4,2,1,2,40,7,3,0,0,0,0,0,9,10,E01030616,-1,0,0.0509,0.9491,-1,3,70,1,1,1,15:40,5,4,9
2023461340320,2023,461340320,2,2,1,1,48,8,3,0,0,0,0,0,9,2,E01024517,3,1,0.0,1.0,-1,6,30,1,4,1,02:12,1,2,9
2023070052629,2023,070052629,1,1,3,1,39,7,3,9,9,0,0,0,0,2,E01018316,-1,0,0.05754,0.94246,-1,6,20,4,1,4,08:55,4,1,9
2023201422508,2023,201422508,1,1,3,1,66,10,3,5,1,0,0,0,0,3,E01010407,3,1,0.0,1.0,-1,6,30,1,1,1,17:05,2,1,9
2023131264851,2023,131264851,1,1,1,2,26,6,2,0,0,0,0,0,9,1,E01011003,7,1,1.0,0.0,-1,2,20,1,1,3,10:22,4,1,9
2023201346761,2023,201346761,2,2,1,1,41,7,3,0,0,0,0,0,9,-1,-1,3,1,0.0,1.0,-1,6,20,1,4,1,22:41,1,2,9
2023320733239,2023,320733239,2,2,1,1,28,6,3,0,0,0,0,0,9,10,E01026413,-1,0,0.01541,0.98459,-1,6,50,2,6,2,16:10,2,2,9
2023631314300,2023,631314300,1,1,1,1,25,5,3,0,0,0,0,0,19,7,W01000442,3,1,0.0,1.0,-1,6,40,1,1,1,16:20,6,2,19
2023052302536,2023,052302536,2,1,1,1,84,11,3,0,0,0,0,0,1,8,E01007241,-1,0,0.15724,0.84276,-1,6,30,1,1,1,14:01,5,2,1
2023520301611,2023,520301611,1,1,3,1,38,7,3,6,9,0,0,0,0,5,E01029053,-1,0,0.03348,0.96652,-1,6,40,1,1,1,17:25,4,1,19
2023501387119,2023,501387119,2,1,1,1,58,9,2,0,0,0,0,0,5,4,E01018954,7,1,1.0,0.0,-1,6,50,7,6,2,07:00,3,2,5
2023061332632,2023,061332632,1,1,1,2,39,7,3,0,0,0,0,0,9,8,E01006263,3,1,0.0,1.0,-1,6,30,1,1,-1,09:18,4,2,9
2023552300699,2023,552300699,2,1,1,1,17,4,3,0,0,0,0,0,9,10,E01020407,-1,0,0.00477,0.99523,-1,6,30,1,1,1,14:00,3,2,9
2023520300610,2023,520300610,2,2,1,1,58,9,3,0,0,0,0,0,11,3,E01014807,-1,0,0.09598,0.90402,-1,6,40,1,6,4,06:00,3,3,11
2023010473040,2023,010473040,2,1,1,1,50,8,3,0,0,0,0,0,1,2,E01001748,-1,0,0.0,1.0,-1,6,20,2,1,2,08:24,6,2,1
2023010479339,2023,010479339,2,1,1,1,35,6,3,0,0,0,0,0,4,3,E01003145,-1,0,0.0,1.0,-1,2,20,1,1,1,15:15,3,2,4
2023010442938,2023,010442938,2,2,1,2,62,9,3,0,0,0,0,0,9,7,E01000650,-1,0,0.0,1.0,-1,6,30,1,1,1,15:32,1,2,9
2023471386908,2023,471386908,2,1,1,2,63,9,3,0,0,0,0,0,9,5,E01016991,3,1,0.0,1.0,-1,6,20,1,4,1,16:45,7,2,9
2023471286076,2023,471286076,1,1,3,1,8,2,3,8,8,0,0,0,0,9,E01031800,3,1,0.0,1.0,-1,6,30,4,1,1,09:14,2,1,9
2023991376598,2023,991376598,1,2,3,2,19,4,3,1,1,0,0,2,0,-1,-1,3,1,0.0,1.0,-1,6,30,1,1,1,09:45,2,1,9
2023010450040,2023,010450040,1,1,1,1,27,6,3,0,0,0,0,0,1,2,E01033703,-1,0,0.0,1.0,-1,6,30,1,1,1,17:15,4,2,1
2023011387669,2023,011387669,2,1,1,1,25,5,3,0,0,0,0,0,1,-1,-1,3,1,0.0,1.0,-1,6,20,1,1,1,11:15,3,2,1
2023311318809,2023,311318809,1,1,1,1,13,3,2,0,0,0,0,0,1,-1,-1,5,1,1.0,0.0,-1,6,20,1,1,1,08:12,4,2,1
2023522400163,2023,522400163,1,1,1,2,35,6,3,0,0,0,0,0,1,4,E01014523,-1,0,0.02656,0.97344,-1,6,20,1,1,1,07:00,2,2,1
2023010460300,2023,010460300,1,1,1,1,22,5,3,0,0,0,0,0,9,1,E01004309,-1,0,0.0,1.0,-1,6,20,1,4,1,22:55,7,2,9
2023361265168,2023,361265168,4,3,1,1,36,7,3,0,0,0,0,0,9,1,E01018107,3,1,0.0,1.0,-1,6,60,1,7,2,06:30,4,5,9
2023411275590,2023,411275590,1,2,1,1,39,7,3,0,0,0,0,0,9,9,E01017432,3,1,0.0,1.0,-1,6,30,1,4,1,19:20,1,2,9
2023421343438,2023,421343438,2,2,1,1,28,6,2,0,0,0,0,0,9,3,E01021764,7,1,1.0,0.0,-1,6,40,1,1,1,14:40,7,2,9
2023010475079,2023,010475079,1,1,3,1,31,6,3,10,9,0,0,0,0,2,E01004283,-1,0,0.0,1.0,-1,9,20,8,1,9,09:27,5,1,9
2023548675123,2023,548675123,1,1,3,1,27,6,3,9,6,0,0,0,0,1,E01014594,-1,0,0.09303,0.90697,-1,6,30,1,1,1,07:49,5,1,19
2023010471857,2023,010471857,2,1,1,1,25,5,2,0,0,0,0,0,1,5,E01001611,-1,0,1.0,0.0,-1,6,20,1,4,2,00:40,7,2,1
2023010432457,2023,010432457,1,1,3,1,17,4,3,10,9,0,0,0,0,1,E01001811,-1,0,0.0,1.0,-1,9,20,9,1,9,09:10,3,1,3
2023552400007,2023,552400007,2,1,1,2,27,6,3,0,0,0,0,0,1,7,E01020354,-1,0,0.04288,0.95712,-1,1,30,2,4,2,18:15,2,2,1
2023501323384,2023,501323384,2,1,1,1,24,5,2,0,0,0,0,0,3,1,E01018995,7,1,1.0,0.0,-1,6,30,1,1,1,13:05,1,2,3
2023302301002,2023,302301002,1,1,1,1,51,8,2,0,0,0,0,0,4,8,E01018432,-1,0,1.0,0.0,-1,6,30,1,1,1,15:45,7,2,4
2023010434054,2023,010434054,2,1,1,1,36,7,3,0,0,0,0,0,9,8,E01002252,-1,0,0.0,1.0,-1,6,30,2,4,2,18:39,6,2,9
2023041326255,2023,041326255,2,1,2,2,63,9,2,0,0,1,0,0,9,9,E01025596,5,1,1.0,0.0,-1,7,40,1,1,1,17:28,3,5,9
2023311391885,2023,311391885,2,2,1,1,27,6,3,0,0,0,0,0,9,6,E01028191,3,1,0.0,1.0,-1,6,30,2,4,2,00:49,1,3,9
2023320390138,2023,320390138,2,3,1,1,74,10,3,0,0,0,0,0,9,9,E01017381,-1,0,0.18306,0.81694,-1,6,60,1,1,1,14:05,1,3,9
2023440276502,2023,440276502,2,7,2,1,7,2,3,0,0,2,0,0,9,9,E01024409,-1,0,0.0431,0.9569,-1,3,70,1,1,1,11:43,2,2,9
2023451315388,2023,451315388,1,1,2,2,22,5,3,0,0,2,0,0,9,4,E01001139,3,1,0.0,1.0,-1,6,30,9,1,-1,09:35,5,1,9
2023201281632,2023,201281632,2,1,1,1,31,6,3,0,0,0,0,0,9,5,E01009186,3,1,0.0,1.0,-1,6,30,1,1,1,16:50,7,2,9
2023421310267,2023,421310267,1,1,1,1,38,7,3,0,0,0,0,0,9,8,E01021544,3,1,0.0,1.0,-1,6,40,1,1,1,19:47,2,3,9
2023451364780,2023,451364780,2,1,1,1,16,4,3,0,0,0,0,0,1,10,E01030308,3,1,0.0,1.0,-1,3,30,1,1,2,13:55,5,2,1
2023010474634,2023,010474634,1,3,2,1,25,5,3,0,0,2,0,0,9,8,E01001031,-1,0,0.0,1.0,-1,6,30,2,4,2,03:50,1,2,9
2023061382810,2023,061382810,2,1,1,2,40,7,3,0,0,0,0,0,9,1,E01005070,3,1,0.0,1.0,-1,6,30,1,4,1,20:00,1,2,9
2023302301431,2023,302301431,2,1,1,2,56,9,2,0,0,0,0,0,9,6,E01019821,-1,0,1.0,0.0,-1,3,70,2,1,2,09:00,5,2,9
2023421328316,2023,421328316,1,1,1,1,74,10,3,0,0,0,0,0,9,7,E01002300,3,1,0.0,1.0,-1,6,30,1,1,1,14:30,3,1,9
2023471312615,2023,471312615,2,3,2,2,86,11,3,0,0,1,0,0,9,8,E01031457,3,1,0.0,1.0,-1,6,30,1,1,1,15:50,2,2,9
2023471325258,2023,471325258,3,4,2,2,33,6,3,0,0,1,0,0,9,4,-1,3,1,0.0,1.0,-1,6,30,1,1,1,09:00,2,3,9
2023471360315,2023,471360315,1,4,1,2,47,8,3,0,0,0,0,0,9,5,E01031631,3,1,0.0,1.0,-1,3,70,1,1,1,16:42,6,2,9
2023411344620,2023,411344620,2,1,1,1,25,5,2,0,0,0,0,0,1,7,E01033023,5,1,1.0,0.0,-1,3,70,2,1,2,08:45,6,2,1
2023010422574,2023,010422574,1,1,1,1,27,6,3,0,0,0,0,0,3,2,E01003622,-1,0,0.0,1.0,-1,9,20,9,4,9,19:45,6,1,3
2023101347297,2023,101347297,1,1,1,1,68,10,3,0,0,0,0,0,3,2,E01020773,3,1,0.0,1.0,-1,6,30,1,1,1,19:38,7,2,3
2023471292955,2023,471292955,1,1,1,1,25,5,2,0,0,0,0,0,5,7,E01000837,7,1,1.0,0.0,-1,6,60,8,1,2,11:43,1,2,5
2023010443470,2023,010443470,2,1,1,1,44,7,3,0,0,0,0,0,9,5,E01000239,-1,0,0.0,1.0,-1,3,50,1,1,1,14:16,4,2,9
2023161288766,2023,161288766,2,1,1,1,68,10,3,0,0,0,0,0,9,1,E01027805,3,1,0.0,1.0,-1,6,60,1,1,1,11:09,1,2,9
2023461273395,2023,461273395,1,1,1,1,18,4,3,0,0,0,0,0,9,9,E01016073,3,1,0.0,1.0,-1,6,60,1,6,1,18:25,2,1,9
2023461339482,2023,461339482,1,4,2,1,10,2,3,0,0,2,0,0,9,7,E01024350,3,1,0.0,1.0,-1,6,30,2,1,2,14:37,1,2,9
2023552300397,2023,552300397,2,1,1,1,46,8,3,0,0,0,0,0,5,7,E01020479,-1,0,0.2343,0.7657,-1,6,60,1,6,1,23:22,7,2,5
2023131320800,2023,131320800,2,1,1,1,22,5,3,0,0,0,0,0,1,7,E01011692,3,1,0.0,1.0,-1,6,30,2,1,2,13:24,3,2,1
2023122301328,2023,122301328,2,2,1,1,75,10,2,0,0,0,0,0,9,6,E01027834,-1,0,1.0,0.0,-1,6,40,1,1,1,09:34,6,3,9
2023141294518,2023,141294518,1,1,1,1,21,5,3,0,0,0,0,0,9,2,E01007590,3,1,0.0,1.0,-1,6,20,1,1,1,22:56,5,1,9
2023430283104,2023,430283104,1,1,1,2,74,10,2,0,0,0,0,0,9,7,E01016285,-1,0,1.0,0.0,-1,6,30,1,1,1,11:23,3,2,9
2023141321730,2023,141321730,2,1,1,1,21,5,2,0,0,0,0,0,97,2,E01007391,7,1,1.0,0.0,-1,6,30,1,1,1,17:29,5,2,97
2023201415130,2023,201415130,1,1,3,2,31,6,2,5,1,0,0,2,0,1,E01009379,7,1,1.0,0.0,-1,6,30,1,1,1,14:57,3,1,-1
2023101346194,2023,101346194,2,1,1,2,50,8,3,0,0,0,0,0,1,9,E01008260,3,1,0.0,1.0,-1,1,40,1,1,1,14:47,6,2,1
2023501309458,2023,501309458,1,1,1,1,44,7,3,0,0,0,0,0,5,3,E01019052,3,1,0.0,1.0,-1,1,30,1,1,1,08:48,7,2,5
2023010420987,2023,010420987,1,1,1,1,36,7,3,0,0,0,0,0,9,3,E01003493,-1,0,0.0,1.0,-1,7,30,1,1,1,10:45,4,2,9
2023061269314,2023,061269314,1,2,2,1,51,8,3,0,0,1,0,0,9,1,E01004820,3,1,0.0,1.0,-1,6,30,2,4,2,21:03,7,3,9
2023401329287,2023,401329287,2,2,2,2,66,10,3,0,0,1,0,0,9,7,E01033432,3,1,0.0,1.0,-1,6,30,1,1,1,18:10,7,2,9
2023549851523,2023,549851523,1,1,1,1,31,6,3,0,0,0,0,0,9,2,E01014390,-1,0,0.0585,0.9415,-1,6,60,2,1,2,12:45,1,2,9
2023061335552,2023,061335552,2,1,1,1,40,7,3,0,0,0,0,0,1,2,E01005732,3,1,0.0,1.0,-1,6,30,1,1,1,13:20,7,2,1
2023501357501,2023,501357501,2,1,1,1,50,8,2,0,0,0,0,0,3,6,E01015264,6,1,1.0,0.0,-1,6,60,1,1,1,19:45,4,2,3
2023141377311,2023,141377311,2,1,1,1,22,5,3,0,0,0,0,0,19,4,E01007584,3,1,0.0,1.0,-1,6,40,1,4,1,17:35,3,2,19
2023052300958,2023,052300958,1,1,3,2,21,5,2,5,1,0,0,0,0,2,E01006723,-1,0,1.0,0.0,-1,6,30,1,1,1,14:35,4,1,9
2023211301322,2023,211301322,2,1,1,1,46,8,2,0,0,0,0,0,1,2,E01029843,7,1,1.0,0.0,-1,1,30,1,1,1,17:37,4,2,1
2023501321455,2023,501321455,2,1,1,1,26,6,3,0,0,0,0,0,5,6,E01020312,3,1,0.0,1.0,-1,6,30,1,1,1,12:15,3,2,5
2023010427570,2023,010427570,2,6,2,1,9,2,3,0,0,2,0,0,9,2,E01004251,-1,0,0.0,1.0,-1,3,50,1,1,1,16:30,5,3,9
2023461374835,2023,461374835,1,1,1,1,86,11,3,0,0,0,0,0,9,9,E01024175,3,1,0.0,1.0,-1,6,50,1,1,1,14:55,3,1,9
2023471389474,2023,471389474,2,3,1,1,40,7,3,0,0,0,0,0,9,3,E01020941,3,1,0.0,1.0,-1,6,60,1,1,2,12:30,5,2,9
2023631342732,2023,631342732,2,1,1,2,37,7,1,0,0,0,0,0,1,-1,-1,1,1,0.0,0.0,-1,6,50,1,1,1,09:06,5,2,1
2023991295002,2023,991295002,1,1,3,1,69,10,3,5,1,0,0,0,0,10,-1,3,1,0.0,1.0,-1,3,20,1,1,1,09:30,7,1,11
2023010445923,2023,010445923,1,1,1,1,43,7,3,0,0,0,0,0,9,3,E01004408,-1,0,0.0,1.0,-1,9,20,9,1,1,12:00,7,2,9
2023041300791,2023,041300791,1,5,2,1,24,5,3,0,0,2,0,0,9,3,E01004834,3,1,0.0,1.0,-1,3,30,1,1,1,14:15,1,2,9
2023351278464,2023,351278464,2,1,1,2,36,7,3,0,0,0,0,0,9,3,E01015665,3,1,0.0,1.0,-1,6,40,1,4,1,20:45,6,2,9
2023544787523,2023,544787523,2,1,1,2,59,9,2,0,0,0,0,0,9,6,E01017026,-1,0,1.0,0.0,-1,3,50,1,1,1,12:19,1,2,9
2023991343747,2023,991343747,1,3,1,1,18,4,2,0,0,0,0,0,9,7,-1,7,1,1.0,0.0,-1,3,50,1,4,1,22:30,4,4,9
2023010459658,2023,010459658,1,1,3,2,68,10,3,5,3,0,0,0,0,9,E01000293,-1,0,0.0,1.0,-1,6,30,1,1,1,10:25,4,1,9
2023430267056,2023,430267056,1,1,3,1,36,7,3,6,9,0,0,0,0,8,E01027267,-1,0,0.04396,0.95604,-1,6,30,1,1,1,14:50,7,1,20
2023440456952,2023,440456952,1,1,1,1,61,9,2,0,0,0,0,0,1,6,E01022812,-1,0,1.0,0.0,-1,6,30,1,1,1,16:15,3,2,1
2023010468840,2023,010468840,1,1,1,2,42,7,3,0,0,0,0,0,9,2,E01001447,-1,0,0.0,1.0,-1,3,30,1,1,1,15:00,4,2,9
2023122300034,2023,122300034,1,1,2,2,19,4,3,0,0,1,0,0,9,2,E01027825,-1,0,0.07422,0.92578,-1,6,60,1,1,2,13:41,5,1,9
2023141316465,2023,141316465,1,1,1,2,30,6,3,0,0,0,0,0,9,-1,-1,3,1,0.0,1.0,-1,1,50,1,1,1,08:34,2,2,9
2023471278730,2023,471278730,1,1,1,2,37,7,3,0,0,0,0,0,9,3,E01020941,3,1,0.0,1.0,-1,6,30,1,1,1,07:59,3,2,9
2023501382974,2023,501382974,2,1,1,1,61,9,3,0,0,0,0,0,9,10,E01019943,3,1,0.0,1.0,-1,6,30,1,1,1,14:19,3,3,9
2023522300405,2023,522300405,1,1,1,2,42,7,3,0,0,0,0,0,9,9,E01022418,-1,0,0.01191,0.98809,-1,3,70,1,4,1,18:10,6,2,9
2023991270596,2023,991270596,1,1,1,1,21,5,2,0,0,0,0,0,3,2,-1,7,1,1.0,0.0,-1,6,30,4,1,2,13:20,3,2,3
2023552301518,2023,552301518,1,1,1,1,27,6,3,0,0,0,0,0,19,4,E01020574,-1,0,0.08256,0.91744,-1,6,30,1,4,2,00:35,5,1,19
2023010449362,2023,010449362,1,1,3,1,15,3,3,5,2,0,0,0,0,4,E01002964,-1,0,0.0,1.0,-1,6,20,1,1,1,19:15,5,1,9
2023471325938,2023,471325938,1,1,1,-1,23,5,2,0,0,0,0,0,1,-1,-1,7,1,1.0,0.0,-1,6,30,2,4,2,21:40,3,2,1
2023421341938,2023,421341938,2,2,3,2,20,4,3,1,1,0,0,0,0,-1,-1,3,1,0.0,1.0,-1,6,30,1,1,1,10:27,3,2,9
2023401356809,2023,401356809,1,1,3,2,34,6,3,10,9,0,0,0,0,2,E01015781,3,1,0.0,1.0,-1,9,20,1,1,1,10:21,6,1,9
2023231263886,2023,231263886,1,8,2,1,38,7,2,0,0,0,4,0,11,-1,-1,5,1,1.0,0.0,-1,3,70,1,4,2,21:38,3,2,11
2023471275676,2023,471275676,1,1,3,1,84,11,2,8,9,0,0,0,0,-1,-1,7,1,1.0,0.0,-1,6,50,1,1,1,13:00,2,1,9
2023430333998,2023,430333998,2,1,1,1,28,6,3,0,0,0,0,0,1,9,E01016703,-1,0,0.12889,0.87111,-1,6,30,1,1,1,15:33,5,2,1
2023440264258,2023,440264258,1,1,1,1,63,9,3,0,0,0,0,0,5,10,E01016640,-1,0,0.29879,0.70121,-1,6,50,1,1,1,09:55,1,1,5
2023522401071,2023,522401071,1,2,2,2,49,8,3,0,0,1,0,0,9,2,E01023860,-1,0,0.05655,0.94345,-1,3,70,1,1,2,11:40,5,4,9
2023552300569,2023,552300569,1,1,3,2,15,3,2,5,3,0,0,0,0,2,E01020553,-1,0,1.0,0.0,-1,6,30,1,1,1,13:35,2,1,19
2023161315448,2023,161315448,1,1,1,1,79,11,2,0,0,0,0,0,3,1,E01012905,7,1,1.0,0.0,-1,3,30,1,1,1,10:29,3,1,3
2023010474585,2023,010474585,2,1,1,1,42,7,3,0,0,0,0,0,1,3,E01003406,-1,0,0.0,1.0,-1,7,20,1,1,1,15:28,7,2,1
2023531320731,2023,531320731,2,1,1,2,20,4,3,0,0,0,0,0,3,10,E01022181,3,1,0.0,1.0,-1,6,60,1,1,1,15:11,5,2,3