collision_index,collision_year,collision_ref_no,vehicle_reference,casualty_reference,casualty_class,sex_of_casualty,age_of_casualty,age_band_of_casualty,casualty_severity,pedestrian_location,pedestrian_movement,car_passenger,bus_or_coach_passenger,pedestrian_road_maintenance_worker,casualty_type,casualty_imd_decile,lsoa_of_casualty,enhanced_casualty_severity,casualty_injury_based,casualty_adjusted_severity_serious,casualty_adjusted_severity_slight,casualty_distance_banding,road_type,speed_limit,weather_conditions,light_conditions,road_surface_conditions,time,day_of_week,number_of_vehicles,vehicle_type
2023131324263,2023,131324263,1,1,1,1,37,7,2,0,0,0,0,0,23,7,E01011646,5,1,1.0,0.0,-1,6,30,1,4,1,23:25,5,2,23
2023041339603,2023,041339603,2,1,1,1,17,4,3,0,0,0,0,0,3,2,E01012685,3,1,0.0,1.0,-1,6,30,8,1,1,20:34,3,2,3
2023041380616,2023,041380616,2,1,2,1,1,1,3,0,0,2,0,0,9,9,E01025545,3,1,0.0,1.0,-1,6,20,1,1,1,18:22,3,2,9
2023211312634,2023,211312634,1,4,2,1,18,4,3,0,0,2,0,0,9,-1,-1,3,1,0.0,1.0,-1,6,60,1,6,1,00:18,3,1,9
2023361364382,2023,361364382,2,1,1,2,48,8,3,0,0,0,0,0,9,8,E01026490,3,1,0.0,1.0,-1,6,40,1,1,1,07:30,3,2,9
2023461315583,2023,461315583,2,1,1,1,28,6,3,0,0,0,0,0,19,9,E01016105,3,1,0.0,1.0,-1,6,40,1,1,1,09:32,6,2,19
2023421306142,2023,421306142,1,1,1,1,34,6,3,0,0,0,0,0,3,-1,-1,3,1,0.0,1.0,-1,6,60,2,6,2,23:00,4,1,3
2023010483212,2023,010483212,1,1,1,1,38,7,3,0,0,0,0,0,9,5,E01003368,-1,0,0.0,1.0,-1,9,20,2,6,2,19:25,5,2,9
2023131343969,2023,131343969,1,1,2,1,28,6,3,0,0,1,0,0,9,3,E01011333,3,1,0.0,1.0,-1,3,20,1,1,1,19:04,7,2,9
2023311327713,2023,311327713,1,1,1,2,53,8,3,0,0,0,0,0,9,6,E01028080,3,1,0.0,1.0,-1,1,30,1,1,1,08:12,6,2,9
2023421355424,2023,421355424,1,1,1,1,19,4,2,0,0,0,0,0,9,7,E01021913,6,1,1.0,0.0,-1,6,40,1,4,1,22:25,6,2,9
2023501310672,2023,501310672,1,1,2,1,27,6,3,0,0,-1,0,0,9,1,E01019004,3,1,0.0,1.0,-1,6,30,1,6,1,02:02,7,1,9
2023421258986,2023,421258986,1,1,1,2,38,7,3,0,0,0,0,0,19,7,E01021904,3,1,0.0,1.0,-1,6,60,2,1,2,09:25,3,1,19
2023141290116,2023,141290116,3,3,2,2,21,5,2,0,0,1,0,0,9,5,E01007786,5,1,1.0,0.0,-1,6,60,2,6,2,22:00,6,3,9
2023320745930,2023,320745930,2,1,1,1,47,8,3,0,0,0,0,0,21,2,E01009751,-1,0,0.09486,0.90514,-1,3,70,5,1,5,09:16,2,2,21
2023010431655,2023,010431655,1,1,1,1,64,9,3,0,0,0,0,0,9,1,E01002092,-1,0,0.0,1.0,-1,3,40,1,4,1,20:45,6,2,9
2023041345090,2023,041345090,1,1,1,1,63,9,3,0,0,0,0,0,9,8,E01007031,3,1,0.0,1.0,-1,6,50,2,1,2,07:45,5,2,9
2023101327554,2023,101327554,1,1,1,1,35,6,3,0,0,0,0,0,9,1,E01008390,3,1,0.0,1.0,-1,6,30,1,1,1,09:56,5,2,9
2023201339710,2023,201339710,2,1,1,2,52,8,3,0,0,0,0,0,9,1,E01009322,3,1,0.0,1.0,-1,6,30,1,1,1,12:45,2,2,9
2023501342750,2023,501342750,2,1,1,2,57,9,3,0,0,0,0,0,9,4,E01020320,3,1,0.0,1.0,-1,6,60,1,1,1,10:40,5,2,9
2023471364371,2023,471364371,2,2,1,1,35,6,3,0,0,0,0,0,19,4,E01031785,3,1,0.0,1.0,-1,6,60,5,6,2,16:12,4,2,19
2023101384394,2023,101384394,1,1,3,2,62,9,3,5,3,0,0,0,0,10,E01008270,3,1,0.0,1.0,-1,6,30,1,4,4,19:40,3,1,9
2023421264416,2023,421264416,1,1,3,2,45,7,2,5,3,0,0,0,0,6,E01021772,7,1,1.0,0.0,-1,6,30,1,1,4,10:32,3,1,9
2023411298856,2023,411298856,1,1,1,1,29,6,3,0,0,0,0,0,3,3,E01023487,3,1,0.0,1.0,-1,1,30,1,4,1,18:00,3,2,3
2023351381275,2023,351381275,2,1,1,1,34,6,3,0,0,0,0,0,5,9,E01018161,3,1,0.0,1.0,-1,3,70,1,1,1,09:15,5,2,5
2023201286059,2023,201286059,1,1,3,1,14,3,3,9,5,0,0,0,0,2,E01009517,3,1,0.0,1.0,-1,6,30,1,4,1,22:00,4,1,-1
2023430239098,2023,430239098,1,1,1,1,23,5,3,0,0,0,0,0,3,4,E01017904,-1,0,0.04911,0.95089,-1,6,30,1,1,1,20:15,2,2,3
2023131343981,2023,131343981,1,1,3,2,45,7,2,9,7,0,0,2,0,1,E01011780,7,1,1.0,0.0,-1,6,30,1,1,1,13:15,2,1,9
2023401320237,2023,401320237,2,1,1,1,36,7,3,0,0,0,0,0,9,5,E01015740,3,1,0.0,1.0,-1,1,30,1,1,-1,19:30,7,2,9
2023552300795,2023,552300795,2,2,2,2,56,9,3,0,0,1,0,0,9,6,E01020476,-1,0,0.05532,0.94468,-1,6,30,1,1,1,20:58,4,2,9
202360A194726,2023,60A194726,3,6,2,2,25,5,3,0,0,2,0,0,9,-1,-1,-1,0,0.05626,0.94374,-1,1,70,1,4,2,16:15,2,3,9
2023122300594,2023,122300594,1,2,2,2,18,4,3,0,0,1,0,0,9,7,E01027705,-1,0,0.00461,0.99539,-1,6,30,1,1,1,09:50,7,3,9
2023440382145,2023,440382145,1,1,1,1,37,7,3,0,0,0,0,0,9,5,E01023019,-1,0,0.01814,0.98186,-1,6,30,1,1,1,18:30,2,1,9
2023440469713,2023,440469713,1,1,1,1,24,5,3,0,0,0,0,0,9,7,E01017288,-1,0,0.10369,0.89631,-1,6,60,1,6,2,21:10,5,1,9
2023531392168,2023,531392168,1,1,2,2,17,4,3,0,0,1,0,0,9,9,E01022357,3,1,0.0,1.0,-1,6,30,1,4,1,23:54,2,3,9
2023201310069,2023,201310069,2,1,1,2,33,6,2,0,0,0,0,0,9,-1,-1,6,1,1.0,0.0,-1,6,30,1,1,1,13:25,4,2,9
2023031263398,2023,031263398,2,1,1,1,74,10,3,0,0,0,0,0,9,8,E01019253,3,1,0.0,1.0,-1,6,30,4,4,2,18:25,7,2,9
2023320595437,2023,320595437,1,1,1,1,45,7,3,0,0,0,0,0,9,1,E01026083,-1,0,0.10144,0.89856,-1,6,60,1,1,1,09:08,2,1,9
2023501315935,2023,501315935,1,1,1,1,20,4,3,0,0,0,0,0,9,3,E01019036,3,1,0.0,1.0,-1,6,60,1,1,1,19:45,5,2,9
2023201380340,2023,201380340,2,2,2,2,29,6,3,0,0,-1,0,0,9,-1,-1,3,1,0.0,1.0,-1,6,30,1,4,1,15:00,7,2,9
2023201370132,2023,201370132,2,2,1,1,25,5,3,0,0,0,0,0,9,1,E01009501,3,1,0.0,1.0,-1,6,30,1,1,1,09:32,3,2,9
2023340WN0922,2023,340WN0922,1,1,1,2,19,4,3,0,0,0,0,0,9,6,E01027306,-1,0,0.11563,0.88437,-1,6,60,1,6,2,21:45,7,2,9
2023501309288,2023,501309288,1,1,1,2,56,9,3,0,0,0,0,0,9,6,E01022186,3,1,0.0,1.0,-1,1,30,1,1,1,12:05,6,2,9
2023501354982,2023,501354982,2,1,2,1,20,4,3,0,0,1,0,0,9,7,E01018806,3,1,0.0,1.0,-1,6,60,2,1,2,16:30,5,2,9
2023201403333,2023,201403333,1,1,1,1,17,4,3,0,0,0,0,0,9,1,E01009323,3,1,0.0,1.0,-1,6,30,1,1,1,16:45,7,2,9
2023461353824,2023,461353824,2,3,2,1,4,1,3,0,0,2,0,0,9,3,E01024548,3,1,0.0,1.0,-1,6,30,1,1,1,19:43,7,2,9
2023010447282,2023,010447282,2,1,1,1,21,5,3,0,0,0,0,0,1,6,E01000851,-1,0,0.0,1.0,-1,3,20,1,1,1,09:18,3,2,1
2023010425497,2023,010425497,1,1,3,1,3,1,3,1,3,0,0,0,0,8,E01002865,-1,0,0.0,1.0,-1,6,20,1,1,1,16:35,1,1,8
2023302301173,2023,302301173,1,1,3,1,-1,-1,3,5,3,0,0,0,0,5,E01019494,-1,0,0.158,0.842,-1,6,30,1,1,1,19:20,6,1,9
2023010424216,2023,010424216,1,1,1,2,37,7,3,0,0,0,0,0,9,4,E01029929,-1,0,0.0,1.0,-1,9,30,1,4,1,20:35,7,2,9
2023031323688,2023,031323688,1,1,2,1,33,6,3,0,0,1,0,0,9,-1,-1,3,1,0.0,1.0,-1,3,60,2,1,2,14:20,4,2,9
2023161276262,2023,161276262,2,3,1,2,51,8,3,0,0,0,0,0,9,6,E01027834,3,1,0.0,1.0,-1,6,30,1,4,1,18:02,3,2,9
2023401303960,2023,401303960,1,1,1,2,18,4,3,0,0,0,0,0,9,10,E01017413,3,1,0.0,1.0,-1,6,60,1,1,1,14:27,6,1,9
2023131286808,2023,131286808,1,1,1,1,36,7,2,0,0,0,0,0,97,3,E01010914,7,1,1.0,0.0,-1,6,30,2,4,2,18:52,3,2,97
2023061394149,2023,061394149,1,1,3,2,71,10,2,5,1,0,0,0,0,7,E01004933,6,1,1.0,0.0,-1,6,30,1,1,1,13:44,6,1,9
2023131351377,2023,131351377,1,1,3,1,21,5,2,5,4,0,0,2,0,1,E01010744,7,1,1.0,0.0,-1,7,30,1,4,1,20:10,2,1,9
2023471290136,2023,471290136,2,1,1,2,21,5,3,0,0,0,0,0,1,3,E01031400,3,1,0.0,1.0,-1,6,30,1,1,1,14:01,1,2,1
2023522301585,2023,522301585,1,1,1,1,29,6,3,0,0,0,0,0,4,7,E01014520,-1,0,0.08929,0.91071,-1,6,30,1,1,1,14:05,7,3,4
2023311345730,2023,311345730,2,1,2,2,33,6,3,0,0,1,0,0,9,2,E01013947,3,1,0.0,1.0,-1,3,30,1,1,1,10:13,7,2,9
2023451316107,2023,451316107,1,1,1,1,73,10,3,0,0,0,0,0,9,3,E01030578,3,1,0.0,1.0,-1,6,40,1,1,1,20:18,4,2,9
2023010439487,2023,010439487,2,1,1,1,62,9,3,0,0,0,0,0,9,5,E01002237,-1,0,0.0,1.0,-1,3,30,1,1,1,14:40,3,2,9
2023010486460,2023,010486460,1,1,1,2,28,6,3,0,0,0,0,0,9,3,E01002532,-1,0,0.0,1.0,-1,1,40,8,4,2,19:07,4,2,9
2023141341556,2023,141341556,1,1,2,2,77,11,3,0,0,1,0,0,9,2,E01011759,3,1,0.0,1.0,-1,7,70,8,1,2,13:38,2,2,9
2023201297716,2023,201297716,1,1,1,2,60,9,3,0,0,0,0,0,9,-1,-1,3,1,0.0,1.0,-1,6,30,5,1,2,11:12,4,1,9
2023361323146,2023,361323146,2,4,2,1,84,11,3,0,0,1,0,0,9,5,E01026681,3,1,0.0,1.0,-1,3,60,1,1,1,09:20,7,2,9
2023440371264,2023,440371264,2,1,1,2,34,6,3,0,0,0,0,0,9,10,E01032852,-1,0,0.01979,0.98021,-1,6,50,1,1,1,07:53,3,2,9
2023471376556,2023,471376556,2,1,1,2,52,8,3,0,0,0,0,0,9,9,E01031589,3,1,0.0,1.0,-1,1,50,2,1,2,12:18,5,2,9
2023061388813,2023,061388813,1,1,3,2,43,7,3,5,2,0,0,0,0,2,E01005230,3,1,0.0,1.0,-1,6,30,1,4,1,20:00,4,1,9
2023010461007,2023,010461007,1,1,2,1,0,1,3,0,0,0,4,0,11,3,E01003136,-1,0,0.0,1.0,-1,3,30,1,1,1,15:20,4,1,11
2023010481732,2023,010481732,1,1,1,1,17,4,3,0,0,0,0,0,9,2,E01001055,-1,0,0.0,1.0,-1,6,30,9,1,1,15:08,1,2,9
2023122301237,2023,122301237,1,1,1,1,36,7,3,0,0,0,0,0,9,3,E01011449,-1,0,0.07501,0.92499,-1,3,70,1,1,2,06:45,1,3,9
2023201406118,2023,201406118,2,1,1,2,23,5,3,0,0,0,0,0,1,7,E01009554,3,1,0.0,1.0,-1,6,30,1,1,1,07:08,1,2,1
2023131284897,2023,131284897,1,1,3,2,11,3,3,4,3,0,0,2,0,3,E01011752,3,1,0.0,1.0,-1,6,30,3,1,2,08:32,5,1,9
2023010457149,2023,010457149,1,1,1,1,30,6,3,0,0,0,0,0,3,5,E01001652,-1,0,0.0,1.0,-1,6,20,1,1,1,13:40,2,2,3
2023440068160,2023,440068160,1,1,1,1,25,5,3,0,0,0,0,0,3,2,E01022965,-1,0,0.18479,0.81521,-1,6,30,1,1,1,12:44,7,1,3
2023440425799,2023,440425799,1,1,1,1,41,7,2,0,0,0,0,0,5,4,E01017342,-1,0,1.0,0.0,-1,6,30,1,1,1,17:45,3,1,5
2023501383104,2023,501383104,2,2,2,2,57,9,3,0,0,1,0,0,9,1,E01015152,3,1,0.0,1.0,-1,6,40,1,4,1,21:05,3,2,9
2023440139451,2023,440139451,1,1,1,1,40,7,3,0,0,0,0,0,5,-1,-1,-1,0,0.18361,0.81639,-1,6,30,1,1,1,10:03,1,2,5
2023031390253,2023,031390253,2,2,1,2,34,6,3,0,0,0,0,0,9,7,E01019279,3,1,0.0,1.0,-1,6,60,1,1,1,12:01,3,2,9
2023991344373,2023,991344373,1,1,1,1,22,5,3,0,0,0,0,0,9,4,-1,3,1,0.0,1.0,-1,3,40,1,1,1,12:45,3,2,9
2023010454896,2023,010454896,2,1,1,2,22,5,3,0,0,0,0,0,1,9,E01003902,-1,0,0.0,1.0,-1,6,20,1,4,1,21:57,4,2,1
2023010438994,2023,010438994,2,1,1,1,32,6,3,0,0,0,0,0,3,5,E01004347,-1,0,0.0,1.0,-1,3,40,2,1,2,14:25,1,2,3
2023531310023,2023,531310023,1,1,1,1,74,10,2,0,0,0,0,0,9,9,E01015160,5,1,1.0,0.0,-1,7,30,1,1,1,16:55,1,2,9
2023061290471,2023,061290471,1,4,2,2,25,5,3,0,0,1,0,0,8,-1,-1,3,1,0.0,1.0,-1,6,30,8,4,2,21:45,6,2,8
2023010429203,2023,010429203,2,1,1,1,37,7,3,0,0,0,0,0,9,1,E01001857,-1,0,0.0,1.0,-1,6,20,1,4,1,04:27,1,3,9
2023010470047,2023,010470047,2,2,1,2,28,6,3,0,0,0,0,0,9,3,E01002102,-1,0,0.0,1.0,-1,6,30,1,1,1,07:12,5,2,9
2023131304856,2023,131304856,2,3,2,1,53,8,2,0,0,1,0,0,9,10,E01011845,6,1,1.0,0.0,-1,6,30,1,1,1,11:57,1,2,9
2023340WN0792,2023,340WN0792,1,1,1,1,50,8,3,0,0,0,0,0,9,5,E01019512,-1,0,0.08103,0.91897,-1,3,60,1,1,1,16:00,3,2,9
2023411370151,2023,411370151,2,1,1,1,29,6,2,0,0,0,0,0,9,-1,-1,7,1,1.0,0.0,-1,6,30,2,6,2,06:40,5,2,9
2023991294920,2023,991294920,1,1,1,1,51,8,2,0,0,0,0,0,9,4,-1,5,1,1.0,0.0,-1,6,60,1,1,1,11:50,7,3,9
2023421281161,2023,421281161,1,1,3,1,47,8,3,5,1,0,0,0,0,4,E01024029,3,1,0.0,1.0,-1,6,30,1,1,1,11:35,4,1,9
2023031372864,2023,031372864,2,1,1,1,57,9,2,0,0,0,0,0,1,6,E01019360,7,1,1.0,0.0,-1,6,30,2,6,2,17:00,5,2,1
2023061272761,2023,061272761,2,1,1,2,31,6,3,0,0,0,0,0,9,2,E01005580,3,1,0.0,1.0,-1,6,30,1,1,1,14:17,3,2,9
2023548060023,2023,548060023,2,2,1,1,51,8,3,0,0,0,0,0,9,5,E01032066,-1,0,0.02781,0.97219,-1,6,60,1,1,1,08:26,3,3,9
2023010442216,2023,010442216,1,1,3,2,59,9,3,10,9,0,0,0,0,2,E01000526,-1,0,0.0,1.0,-1,9,30,8,1,1,07:25,4,1,9
2023471370941,2023,471370941,1,1,3,1,49,8,3,5,1,0,0,2,0,3,E01020991,3,1,0.0,1.0,-1,6,30,1,4,2,16:37,1,1,9
2023010470387,2023,010470387,1,1,1,1,27,6,3,0,0,0,0,0,1,3,E01032784,-1,0,0.0,1.0,-1,6,30,1,1,1,08:00,4,2,1
2023430351449,2023,430351449,2,1,1,1,15,3,3,0,0,0,0,0,1,10,E01028563,-1,0,0.03552,0.96448,-1,6,30,8,1,1,16:45,6,2,1
2023010483370,2023,010483370,1,2,2,-1,-1,-1,3,0,0,1,0,0,9,6,E01001991,-1,0,0.0,1.0,-1,6,30,2,1,2,12:00,7,2,9
2023361332599,2023,361332599,2,2,1,1,42,7,3,0,0,0,0,0,19,1,E01022030,3,1,0.0,1.0,-1,6,40,8,1,2,07:16,2,2,19
2023461383856,2023,461383856,2,1,1,2,48,8,3,0,0,0,0,0,19,8,E01021140,3,1,0.0,1.0,-1,6,60,1,1,1,15:04,5,2,19
2023221349114,2023,221349114,2,1,1,1,17,4,3,0,0,0,0,0,1,7,E01014007,3,1,0.0,1.0,-1,6,30,1,1,1,15:01,7,2,1
2023010459902,2023,010459902,1,1,1,1,21,5,3,0,0,0,0,0,3,6,E01023305,-1,0,0.0,1.0,-1,9,20,1,1,1,15:30,5,2,3
2023221304147,2023,221304147,1,1,1,2,21,5,3,0,0,0,0,0,9,-1,-1,3,1,0.0,1.0,-1,6,60,1,1,1,17:23,3,1,9
2023351301650,2023,351301650,1,1,1,1,89,11,3,0,0,0,0,0,9,4,E01018044,3,1,0.0,1.0,-1,6,30,1,1,1,14:04,7,2,9
2023401384271,2023,401384271,1,2,3,2,7,2,3,1,1,0,0,0,0,3,E01017562,3,1,0.0,1.0,-1,6,30,1,1,1,15:31,3,1,9
2023010463253,2023,010463253,1,2,1,2,22,5,3,0,0,0,0,0,9,3,E01001076,-1,0,0.0,1.0,-1,6,30,9,4,1,19:30,4,2,9
2023010419526,2023,010419526,1,1,3,1,69,10,3,5,1,0,0,0,0,4,E01001139,-1,0,0.0,1.0,-1,6,30,2,4,2,20:52,3,1,9
2023131370459,2023,131370459,1,1,3,2,46,8,3,5,1,0,0,1,0,1,E01010702,3,1,0.0,1.0,-1,6,30,1,4,1,19:30,6,1,9
2023440481511,2023,440481511,1,1,3,1,3,1,3,5,1,0,0,0,0,4,E01032858,-1,0,0.15258,0.84742,-1,6,30,1,1,1,15:45,6,1,9
2023501362148,2023,501362148,1,1,3,2,72,10,3,5,3,0,0,0,0,4,E01015185,3,1,0.0,1.0,-1,6,30,1,1,1,10:28,5,2,19
2023451372213,2023,451372213,1,1,1,1,26,6,2,0,0,0,0,0,1,10,E01001533,7,1,1.0,0.0,-1,6,40,1,1,1,10:30,3,2,1
2023440455861,2023,440455861,1,1,1,1,38,7,2,0,0,0,0,0,3,9,E01023103,-1,0,1.0,0.0,-1,6,40,1,4,1,17:05,3,2,3
2023010439952,2023,010439952,1,1,1,2,61,9,3,0,0,0,0,0,1,7,E01001986,-1,0,0.0,1.0,-1,6,20,1,1,1,10:00,3,2,1
2023052302539,2023,052302539,2,2,2,1,39,7,3,0,0,1,0,0,9,5,E01007102,-1,0,0.04109,0.95891,-1,6,30,1,1,1,11:35,2,2,9
2023302300818,2023,302300818,1,1,1,2,48,8,3,0,0,0,0,0,9,1,E01028066,-1,0,0.03737,0.96263,-1,6,30,1,1,1,16:15,7,2,9
2023311305479,2023,311305479,1,2,2,2,21,5,3,0,0,1,0,0,9,-1,-1,3,1,0.0,1.0,-1,3,50,2,1,2,16:18,3,2,9
2023041347965,2023,041347965,1,1,3,2,37,7,3,5,1,0,0,0,0,1,E01012578,3,1,0.0,1.0,-1,6,30,1,1,1,15:49,6,1,9
2023461274084,2023,461274084,1,1,1,1,60,9,2,0,0,0,0,0,1,1,E01024682,7,1,1.0,0.0,-1,3,50,8,4,2,20:21,6,1,1
2023010482261,2023,010482261,1,1,1,1,35,6,3,0,0,0,0,0,9,2,E01000556,-1,0,0.0,1.0,-1,3,50,2,4,2,20:10,2,2,9
2023421340039,2023,421340039,2,3,1,1,39,7,3,0,0,0,0,0,19,5,E01002249,3,1,0.0,1.0,-1,3,70,1,1,1,16:54,4,2,19
2023141285902,2023,141285902,1,1,3,1,19,4,2,8,3,0,0,0,0,2,E01007965,7,1,1.0,0.0,-1,6,20,1,1,2,16:52,1,1,9
2023041349262,2023,041349262,1,1,1,1,22,5,3,0,0,0,0,0,9,7,E01025270,3,1,0.0,1.0,-1,3,30,1,1,1,17:19,3,3,9
2023411404868,2023,411404868,1,1,1,1,49,8,3,0,0,0,0,0,9,2,E01021846,3,1,0.0,1.0,-1,6,40,1,4,1,19:00,5,2,9
2023070817608,2023,070817608,1,1,1,1,42,7,3,0,0,0,0,0,9,4,E01018747,-1,0,0.04717,0.95283,-1,6,30,1,1,1,18:30,3,2,9
2023430088360,2023,430088360,1,1,3,1,12,3,3,5,1,0,0,0,0,9,E01016384,-1,0,0.15273,0.84727,-1,6,30,1,1,1,14:50,1,1,9
2023440286661,2023,440286661,1,1,1,1,33,6,3,0,0,0,0,0,9,10,E01022895,-1,0,0.01894,0.98106,-1,6,60,1,1,1,07:20,2,2,9
2023201376979,2023,201376979,1,1,3,1,13,3,3,5,9,0,0,0,0,3,E01009140,3,1,0.0,1.0,-1,6,30,1,1,1,08:50,2,1,9
2023071044934,2023,071044934,2,2,1,1,60,9,3,0,0,0,0,0,9,10,E01018632,-1,0,0.06147,0.93853,-1,6,60,1,1,1,13:48,2,2,9
2023141365422,2023,141365422,1,1,2,1,25,5,3,0,0,1,0,0,9,7,E01007439,3,1,0.0,1.0,-1,6,30,1,1,2,09:00,7,2,9
2023371326915,2023,371326915,2,2,1,1,20,4,3,0,0,0,0,0,9,6,E01026707,3,1,0.0,1.0,-1,6,60,1,1,1,10:45,3,2,9
2023421263093,2023,421263093,1,2,1,2,57,9,3,0,0,0,0,0,9,1,E01004256,3,1,0.0,1.0,-1,1,50,1,1,1,13:10,6,1,9
2023430370058,2023,430370058,1,1,1,1,18,4,3,0,0,0,0,0,4,-1,-1,-1,0,0.21814,0.78186,-1,6,60,8,1,1,14:53,1,1,4
2023440394924,2023,440394924,1,1,3,1,10,2,2,4,1,0,0,0,0,3,E01023018,-1,0,1.0,0.0,-1,6,30,1,1,1,15:53,4,1,9
2023610012923,2023,610012923,1,1,3,2,12,3,2,4,1,0,0,0,0,8,W01001654,-1,0,1.0,0.0,-1,6,30,1,1,1,18:00,7,1,9
2023141279920,2023,141279920,1,1,1,1,22,5,3,0,0,0,0,0,9,-1,-1,3,1,0.0,1.0,-1,6,30,1,4,1,03:25,6,1,9
2023622300720,2023,622300720,1,1,1,1,18,4,3,0,0,0,0,0,9,10,W01001948,-1,0,0.03122,0.96878,-1,6,20,1,1,1,07:22,3,1,9
2023471357990,2023,471357990,2,1,1,1,47,8,3,0,0,0,0,0,19,6,E01031359,3,1,0.0,1.0,-1,6,30,1,1,1,18:45,6,2,19
2023320307379,2023,320307379,1,1,2,2,27,6,3,0,0,2,0,0,9,5,E01008034,-1,0,0.12828,0.87172,-1,6,60,1,1,1,17:47,7,1,9
2023421339098,2023,421339098,2,1,1,1,25,5,3,0,0,0,0,0,9,3,E01015956,3,1,0.0,1.0,-1,6,30,9,1,1,18:28,1,2,9
2023440498761,2023,440498761,1,1,1,1,18,4,3,0,0,0,0,0,9,6,E01023140,-1,0,0.10165,0.89835,-1,6,60,1,6,2,18:49,4,1,9
2023010460505,2023,010460505,1,1,1,2,26,6,3,0,0,0,0,0,9,3,E01003586,-1,0,0.0,1.0,-1,9,30,8,1,1,18:55,1,2,9
2023031300882,2023,031300882,1,1,1,2,56,9,3,0,0,0,0,0,9,-1,-1,3,1,0.0,1.0,-1,6,30,1,4,1,21:20,3,1,9
2023546147323,2023,546147323,2,1,2,2,21,5,3,0,0,0,4,0,11,4,E01031980,-1,0,0.01204,0.98796,-1,6,30,1,1,1,14:16,2,2,11
2023440222648,2023,440222648,1,1,3,1,28,6,2,5,1,0,0,0,0,3,E01017184,-1,0,1.0,0.0,-1,6,30,1,1,1,18:20,2,1,9
2023531275416,2023,531275416,3,1,1,1,20,4,2,0,0,0,0,0,5,3,E01022159,7,1,1.0,0.0,-1,6,50,1,1,1,14:20,7,5,5
2023471300750,2023,471300750,2,2,1,2,55,8,2,0,0,0,0,0,9,6,E01031513,6,1,1.0,0.0,-1,6,40,1,1,1,11:30,3,2,9
2023010463026,2023,010463026,2,1,1,1,28,6,3,0,0,0,0,0,1,-1,-1,-1,0,0.0,1.0,-1,6,30,1,1,1,18:23,3,2,1
2023320192576,2023,320192576,1,2,1,1,50,8,3,0,0,0,0,0,9,6,E01013838,-1,0,0.08589,0.91411,-1,6,60,2,1,2,16:00,5,3,9
2023320201372,2023,320201372,1,2,1,2,63,9,3,0,0,0,0,0,9,3,E01026017,-1,0,0.1124,0.8876,-1,6,60,1,1,1,14:20,2,2,9
2023461377139,2023,461377139,1,1,1,2,66,10,2,0,0,0,0,0,9,5,E01024206,7,1,1.0,0.0,-1,6,60,1,1,1,13:22,3,2,9
2023501359895,2023,501359895,2,1,1,2,48,8,3,0,0,0,0,0,9,4,E01018908,3,1,0.0,1.0,-1,7,60,1,1,1,16:00,3,2,9
2023501331612,2023,501331612,3,2,1,1,58,9,3,0,0,0,0,0,19,5,E01031594,3,1,0.0,1.0,-1,3,50,1,1,1,17:17,6,3,19
2023461371621,2023,461371621,1,1,1,1,66,10,2,0,0,0,0,0,3,3,E01032815,7,1,1.0,0.0,-1,3,40,1,1,1,10:40,3,2,3
2023010453882,2023,010453882,1,1,1,2,35,6,3,0,0,0,0,0,9,2,E01000012,-1,0,0.0,1.0,-1,9,30,1,4,1,23:52,6,2,9
2023141354202,2023,141354202,1,1,1,1,58,9,3,0,0,0,0,0,9,1,E01007716,3,1,0.0,1.0,-1,6,30,1,1,1,11:50,6,3,9
2023221269468,2023,221269468,1,1,1,2,19,4,3,0,0,0,0,0,9,9,E01028936,3,1,0.0,1.0,-1,6,60,1,6,2,21:20,1,1,9
2023302300044,2023,302300044,1,1,2,1,79,11,3,0,0,1,0,0,9,10,E01005748,-1,0,0.12491,0.87509,-1,6,30,1,4,2,16:25,1,1,9
2023070930508,2023,070930508,2,1,1,1,11,3,2,0,0,0,0,0,1,5,E01012468,-1,0,1.0,0.0,-1,1,40,1,1,1,17:29,2,2,1
2023101345182,2023,101345182,2,1,1,1,32,6,3,0,0,0,0,0,1,1,E01008164,3,1,0.0,1.0,-1,6,20,1,1,1,15:00,3,2,1
2023461364736,2023,461364736,2,1,1,1,57,9,2,0,0,0,0,0,1,2,E01024398,7,1,1.0,0.0,-1,6,40,1,1,1,09:39,1,2,1
2023131412199,2023,131412199,2,1,1,1,63,9,3,0,0,0,0,0,22,2,E01011813,3,1,0.0,1.0,-1,9,30,2,4,2,17:07,7,2,22
2023010436024,2023,010436024,1,1,3,1,15,3,3,10,9,0,0,0,0,3,E01002589,-1,0,0.0,1.0,-1,9,20,1,1,1,10:45,4,1,9
2023201278316,2023,201278316,1,1,3,1,12,3,3,5,3,0,0,0,0,1,E01009103,3,1,0.0,1.0,-1,6,30,1,1,1,15:08,2,1,9
2023440324646,2023,440324646,1,1,3,1,83,11,3,6,7,0,0,0,0,1,E01017245,-1,0,0.12875,0.87125,-1,6,30,1,7,1,21:32,6,1,9
2023010456562,2023,010456562,1,1,1,1,28,6,3,0,0,0,0,0,1,3,E01003819,-1,0,0.0,1.0,-1,3,40,9,1,9,06:20,4,2,1
2023010475960,2023,010475960,1,1,1,1,18,4,3,0,0,0,0,0,1,1,E01004222,-1,0,0.0,1.0,-1,1,20,2,4,2,22:45,7,2,1