collision_index,collision_year,collision_ref_no,vehicle_reference,casualty_reference,casualty_class,sex_of_casualty,age_of_casualty,age_band_of_casualty,casualty_severity,pedestrian_location,pedestrian_movement,car_passenger,bus_or_coach_passenger,pedestrian_road_maintenance_worker,casualty_type,casualty_imd_decile,lsoa_of_casualty,enhanced_casualty_severity,casualty_injury_based,casualty_adjusted_severity_serious,casualty_adjusted_severity_slight,casualty_distance_banding,road_type,speed_limit,weather_conditions,light_conditions,road_surface_conditions,time,day_of_week,number_of_vehicles,vehicle_type
2023440384828,2023,440384828,1,1,3,1,2,1,3,5,1,0,0,0,0,-1,-1,-1,0,0.1069,0.8931,-1,6,30,2,4,2,19:55,4,1,9
2023991345744,2023,991345744,1,1,3,1,14,3,3,1,4,0,0,0,0,-1,-1,3,1,0.0,1.0,-1,6,30,1,1,1,17:50,2,1,9
2023471347771,2023,471347771,2,1,1,1,18,4,2,0,0,0,0,0,4,9,E01031772,7,1,1.0,0.0,-1,6,30,1,4,1,20:30,6,2,4
2023201400640,2023,201400640,1,1,2,1,52,8,3,0,0,2,0,0,9,1,E01010371,3,1,0.0,1.0,-1,6,30,1,1,1,05:34,7,1,9
2023430154757,2023,430154757,1,1,1,2,26,6,3,0,0,0,0,0,9,9,E01016641,-1,0,0.00312,0.99688,-1,6,30,1,1,1,17:41,7,2,9
2023440254337,2023,440254337,2,1,1,2,42,7,3,0,0,0,0,0,9,1,E01017250,-1,0,0.02861,0.97139,-1,6,60,1,1,1,09:55,2,3,9
2023552301472,2023,552301472,1,2,2,2,22,5,3,0,0,1,0,0,9,5,E01020368,-1,0,0.05069,0.94931,-1,6,30,1,4,2,18:07,2,2,9
2023131311621,2023,131311621,1,1,3,2,23,5,3,6,8,0,0,1,0,3,E01011806,3,1,0.0,1.0,-1,6,30,1,1,1,11:59,5,1,19
2023010468791,2023,010468791,1,2,2,-1,-1,-1,3,0,0,1,0,0,9,5,E01003948,-1,0,0.0,1.0,-1,1,20,1,4,1,21:39,4,1,9
2023041347504,2023,041347504,4,4,1,2,30,6,3,0,0,0,0,0,9,5,E01006892,3,1,0.0,1.0,-1,3,70,1,1,1,13:15,5,4,9
2023451263681,2023,451263681,2,2,1,1,39,7,3,0,0,0,0,0,9,5,E01031731,3,1,0.0,1.0,-1,6,40,2,1,2,09:15,5,2,9
2023520401053,2023,520401053,1,1,1,2,35,6,3,0,0,0,0,0,9,10,E01029104,-1,0,0.00556,0.99444,-1,1,40,2,1,2,10:48,4,2,9
2023052300658,2023,052300658,2,1,1,1,27,6,3,0,0,0,0,0,1,4,E01007001,-1,0,0.11174,0.88826,-1,6,20,1,4,1,22:55,6,2,1
2023311343238,2023,311343238,2,1,1,1,19,4,2,0,0,0,0,0,1,4,E01013889,7,1,1.0,0.0,-1,6,30,1,1,1,19:05,6,2,1
2023351358930,2023,351358930,1,1,1,1,71,10,3,0,0,0,0,0,9,9,E01021376,3,1,0.0,1.0,-1,6,30,1,4,1,23:25,6,1,9
2023411278790,2023,411278790,2,1,1,1,31,6,3,0,0,0,0,0,9,-1,-1,3,1,0.0,1.0,-1,3,70,1,1,1,13:00,6,2,9
2023461293251,2023,461293251,1,1,1,1,23,5,2,0,0,0,0,0,9,7,E01024805,5,1,1.0,0.0,-1,6,60,1,6,2,22:02,2,1,9
202354A541923,2023,54A541923,1,3,2,2,75,10,2,0,0,2,0,0,9,2,E01015528,-1,0,1.0,0.0,-1,6,60,1,6,1,19:12,4,2,9
2023201320321,2023,201320321,1,1,2,2,39,7,3,0,0,1,0,0,9,5,E01009734,3,1,0.0,1.0,-1,6,30,1,1,1,09:02,1,2,9
2023231352083,2023,231352083,2,1,1,1,12,3,3,0,0,0,0,0,1,5,E01031336,3,1,0.0,1.0,-1,6,30,1,1,1,08:30,2,2,1
2023610014123,2023,610014123,1,1,1,1,21,5,2,0,0,0,0,0,3,8,W01001559,-1,0,1.0,0.0,-1,6,20,1,1,1,13:30,2,2,3
2023010479971,2023,010479971,1,1,1,1,42,7,3,0,0,0,0,0,9,4,E01003626,-1,0,0.0,1.0,-1,6,30,1,4,1,18:35,6,2,9
2023340WN6872,2023,340WN6872,1,1,1,2,42,7,3,0,0,0,0,0,9,10,E01028428,-1,0,0.04041,0.95959,-1,6,30,2,1,2,08:00,3,2,9
2023461337589,2023,461337589,1,1,1,1,20,4,3,0,0,0,0,0,9,7,E01024743,3,1,0.0,1.0,-1,6,30,1,1,1,15:38,7,3,9
2023522401030,2023,522401030,1,1,1,1,31,6,3,0,0,0,0,0,3,1,E01014574,-1,0,0.11279,0.88721,-1,6,20,1,4,2,17:41,3,2,3
2023052302038,2023,052302038,2,1,2,2,63,9,3,0,0,1,0,0,9,5,E01006625,-1,0,0.02426,0.97574,-1,6,30,1,1,1,12:15,2,2,9
2023351335872,2023,351335872,1,2,1,2,25,5,3,0,0,0,0,0,9,6,E01018005,3,1,0.0,1.0,-1,3,70,1,1,1,07:37,3,3,9
2023501378621,2023,501378621,2,1,1,1,39,7,3,0,0,0,0,0,9,2,E01033292,3,1,0.0,1.0,-1,6,30,1,1,1,14:21,6,2,9
2023991331622,2023,991331622,2,2,1,1,69,10,2,0,0,0,0,0,9,4,-1,6,1,1.0,0.0,-1,6,60,1,1,1,17:15,5,2,9
2023201377576,2023,201377576,2,1,1,1,13,3,3,0,0,0,0,0,-1,6,E01009731,3,1,0.0,1.0,-1,3,40,2,4,2,19:25,3,2,-1
2023461297258,2023,461297258,1,1,1,1,18,4,3,0,0,0,0,0,9,6,E01024674,3,1,0.0,1.0,-1,6,30,1,4,1,23:35,7,1,9
2023052302349,2023,052302349,2,3,2,2,20,4,3,0,0,1,0,0,9,3,E01006272,-1,0,0.04161,0.95839,-1,6,30,1,1,2,12:15,3,2,9
2023131346040,2023,131346040,2,1,1,2,54,8,3,0,0,0,0,0,9,10,E01011301,3,1,0.0,1.0,-1,3,70,1,1,1,08:08,5,2,9
2023361381637,2023,361381637,2,1,1,2,26,6,3,0,0,0,0,0,9,4,E01026925,3,1,0.0,1.0,-1,6,40,1,1,1,10:55,3,2,9
2023371325934,2023,371325934,1,3,2,2,9,2,3,0,0,1,0,0,9,-1,-1,3,1,0.0,1.0,-1,6,60,2,1,2,19:30,3,2,9
2023430202030,2023,430202030,1,1,1,1,53,8,3,0,0,0,0,0,9,5,E01016580,-1,0,0.09675,0.90325,-1,6,40,1,1,2,18:26,3,2,9
2023522301092,2023,522301092,1,1,1,1,58,9,3,0,0,0,0,0,9,8,E01032680,-1,0,0.05459,0.94541,-1,6,50,1,1,1,16:10,2,2,9
2023010463815,2023,010463815,1,1,2,1,9,2,3,0,0,1,0,0,9,2,E01003236,-1,0,0.0,1.0,-1,6,30,1,1,1,10:30,1,3,9
2023201293132,2023,201293132,2,2,1,1,55,8,2,0,0,0,0,0,9,1,E01008909,7,1,1.0,0.0,-1,6,30,1,1,2,00:43,7,2,9
2023440291598,2023,440291598,1,2,2,2,71,10,3,0,0,1,0,0,9,8,E01009812,-1,0,0.08507,0.91493,-1,6,30,1,1,1,12:50,5,2,9
2023552301483,2023,552301483,1,1,3,2,64,9,3,1,1,0,0,0,0,4,E01020394,-1,0,0.07935,0.92065,-1,6,30,2,1,2,10:31,5,1,9
2023010475002,2023,010475002,2,1,1,1,28,6,3,0,0,0,0,0,1,1,E01002773,-1,0,0.0,1.0,-1,6,20,8,4,2,17:24,2,2,1
2023161321363,2023,161321363,1,1,1,1,40,7,3,0,0,0,0,0,1,7,E01013150,3,1,0.0,1.0,-1,6,30,1,1,1,16:04,6,2,1
2023201348365,2023,201348365,1,1,1,1,32,6,3,0,0,0,0,0,9,-1,-1,3,1,0.0,1.0,-1,6,30,8,1,1,18:58,7,2,9
2023622301014,2023,622301014,2,2,1,1,17,4,3,0,0,0,0,0,1,2,W01001803,-1,0,0.07387,0.92613,-1,6,20,2,1,2,18:13,2,2,1
2023041294154,2023,041294154,2,1,1,2,41,7,3,0,0,0,0,0,9,1,E01012603,3,1,0.0,1.0,-1,6,20,2,4,2,23:10,4,2,9
2023201371197,2023,201371197,1,3,2,1,45,7,3,0,0,-1,0,0,9,2,E01010065,3,1,0.0,1.0,-1,3,50,1,1,1,05:10,7,1,9
2023440007248,2023,440007248,2,1,1,1,60,9,3,0,0,0,0,0,9,1,E01017039,-1,0,0.06495,0.93505,-1,6,20,1,1,2,15:00,6,2,9
2023461284397,2023,461284397,1,1,1,1,65,9,3,0,0,0,0,0,9,7,E01000573,3,1,0.0,1.0,-1,6,30,1,4,1,19:00,3,2,9
2023610034323,2023,610034323,2,1,1,2,24,5,3,0,0,0,0,0,9,6,W01001567,-1,0,0.04215,0.95785,-1,6,60,1,1,2,16:55,6,2,9
2023010444516,2023,010444516,1,1,1,1,31,6,3,0,0,0,0,0,9,1,E01004241,-1,0,0.0,1.0,-1,9,20,8,1,1,18:35,2,2,9
2023010452686,2023,010452686,1,1,1,1,58,9,3,0,0,0,0,0,9,2,E01003994,-1,0,0.0,1.0,-1,6,30,1,4,1,22:53,7,2,9
2023302300644,2023,302300644,1,1,1,1,30,6,3,0,0,0,0,0,9,1,E01005190,-1,0,0.13661,0.86339,-1,6,60,2,1,2,05:53,1,1,9
2023451265156,2023,451265156,2,2,1,2,51,8,3,0,0,0,0,0,9,9,E01030911,3,1,0.0,1.0,-1,6,50,1,6,2,20:00,4,2,9
2023471376769,2023,471376769,1,1,3,1,51,8,2,6,9,0,0,0,0,4,E01031657,5,1,1.0,0.0,-1,6,20,1,1,1,16:00,4,1,19
2023161344851,2023,161344851,2,1,1,1,34,6,3,0,0,0,0,0,1,1,E01013311,3,1,0.0,1.0,-1,6,30,1,1,1,15:40,4,2,1
2023545558123,2023,545558123,2,1,1,1,60,9,2,0,0,0,0,0,5,8,E01015588,-1,0,1.0,0.0,-1,6,60,1,1,1,12:15,7,2,5
2023061264049,2023,061264049,2,2,2,2,23,5,3,0,0,1,0,0,9,1,E01005731,3,1,0.0,1.0,-1,6,30,1,4,1,16:55,2,2,9
2023211339443,2023,211339443,2,2,1,2,61,9,3,0,0,0,0,0,9,10,E01018471,3,1,0.0,1.0,-1,6,30,1,1,1,14:54,2,2,9
2023131346583,2023,131346583,1,1,2,1,18,4,3,0,0,1,0,0,9,1,E01007318,3,1,0.0,1.0,-1,6,60,1,6,1,04:30,4,1,9
2023311351455,2023,311351455,1,2,2,1,22,5,1,0,0,1,0,0,9,2,E01028271,1,1,0.0,0.0,-1,6,60,1,1,1,17:30,6,4,9
2023430027442,2023,430027442,1,1,2,1,23,5,3,0,0,1,0,0,9,2,E01028514,-1,0,0.02564,0.97436,-1,6,20,1,1,4,07:54,5,3,9
2023531310731,2023,531310731,1,1,1,2,72,10,3,0,0,0,0,0,9,6,E01022186,3,1,0.0,1.0,-1,6,30,1,1,1,15:40,2,1,9
2023991324558,2023,991324558,1,1,1,1,18,4,3,0,0,0,0,0,9,1,-1,3,1,0.0,1.0,-1,6,30,2,1,2,16:55,6,2,9
2023010475516,2023,010475516,1,1,1,1,35,6,3,0,0,0,0,0,5,3,E01001190,-1,0,0.0,1.0,-1,9,30,1,1,1,15:54,4,2,5
2023371282653,2023,371282653,2,1,1,1,61,9,3,0,0,0,0,0,1,7,E01030155,3,1,0.0,1.0,-1,6,20,1,1,1,09:58,6,2,1
2023111315616,2023,111315616,2,1,1,1,59,9,2,0,0,0,0,0,5,5,E01020687,5,1,1.0,0.0,-1,6,30,1,1,1,16:10,5,2,5
2023101269146,2023,101269146,2,1,1,2,20,4,3,0,0,0,0,0,9,8,E01027425,3,1,0.0,1.0,-1,6,30,1,1,1,09:15,6,2,9
2023201288514,2023,201288514,1,2,2,1,21,5,3,0,0,2,0,0,9,2,E01009999,3,1,0.0,1.0,-1,3,40,4,1,1,10:12,6,1,9
2023440367570,2023,440367570,1,1,1,2,26,6,3,0,0,0,0,0,9,1,E01017031,-1,0,0.0516,0.9484,-1,6,30,1,1,1,15:31,7,2,9
2023041390799,2023,041390799,1,2,1,2,33,6,2,0,0,0,0,0,9,8,E01025498,6,1,1.0,0.0,-1,6,60,4,6,2,18:29,4,2,9
2023201405897,2023,201405897,1,1,1,1,23,5,2,0,0,0,0,0,9,1,E01009173,7,1,1.0,0.0,-1,6,30,1,1,1,13:44,2,2,9
2023201413855,2023,201413855,1,3,2,2,14,3,3,0,0,-1,0,0,9,-1,-1,3,1,0.0,1.0,-1,6,30,2,1,2,17:28,7,2,9
2023430443491,2023,430443491,2,4,2,1,14,3,3,0,0,2,0,0,9,8,E01017736,-1,0,0.0538,0.9462,-1,6,60,1,1,1,08:18,3,2,9
2023010477473,2023,010477473,2,1,1,2,32,6,3,0,0,0,0,0,1,4,E01033099,-1,0,0.0,1.0,-1,6,20,2,1,2,07:29,1,2,1
2023052302215,2023,052302215,1,1,1,1,21,5,2,0,0,0,0,0,1,1,E01007055,-1,0,1.0,0.0,-1,6,20,1,1,1,09:30,4,2,1
2023111364455,2023,111364455,1,2,2,2,18,4,2,0,0,1,0,0,9,2,E01020802,7,1,1.0,0.0,-1,6,60,1,6,2,21:25,4,1,9
2023131265669,2023,131265669,2,1,1,1,59,9,3,0,0,0,0,0,9,6,E01011517,3,1,0.0,1.0,-1,3,30,4,1,4,15:15,5,2,9
2023201426386,2023,201426386,1,2,2,2,48,8,3,0,0,2,0,0,9,3,E01010092,3,1,0.0,1.0,-1,6,30,1,1,1,09:11,2,2,9
2023991333886,2023,991333886,2,1,1,1,28,6,2,0,0,0,0,0,9,1,-1,5,1,1.0,0.0,-1,3,30,2,4,2,00:01,4,2,9
2023070670977,2023,070670977,2,3,2,1,59,9,3,0,0,1,0,0,21,4,E01012432,-1,0,0.07005,0.92995,-1,1,60,1,1,1,15:15,2,2,21
2023471314513,2023,471314513,1,1,3,1,60,9,3,9,7,0,0,0,0,6,E01031523,3,1,0.0,1.0,-1,6,30,1,1,1,12:15,7,1,9
2023501370266,2023,501370266,1,1,3,2,45,7,3,8,1,0,0,0,0,1,E01018910,3,1,0.0,1.0,-1,6,30,1,1,1,15:30,6,1,9
2023311330628,2023,311330628,2,1,2,2,31,6,3,0,0,0,4,0,11,1,E01019662,3,1,0.0,1.0,-1,6,30,1,1,1,19:45,1,2,11
2023461278231,2023,461278231,1,1,3,2,-1,-1,3,9,6,0,0,0,0,6,E01024040,3,1,0.0,1.0,-1,6,60,1,1,1,14:38,3,1,9
2023122301420,2023,122301420,2,1,1,1,34,6,3,0,0,0,0,0,1,7,E01027873,-1,0,0.0329,0.9671,-1,6,30,1,1,1,08:22,4,2,1
2023221316204,2023,221316204,2,1,1,1,59,9,3,0,0,0,0,0,1,-1,-1,3,1,0.0,1.0,-1,6,40,1,1,1,11:40,4,3,1
2023010440100,2023,010440100,1,1,1,1,55,8,3,0,0,0,0,0,9,2,E01004327,-1,0,0.0,1.0,-1,9,20,8,4,1,23:41,6,2,9
2023471376790,2023,471376790,2,2,2,2,10,2,3,0,0,1,0,0,9,3,E01021185,3,1,0.0,1.0,-1,6,40,2,1,2,08:30,2,2,9
2023122301398,2023,122301398,1,1,3,2,76,11,3,5,9,0,0,0,0,8,E01027650,-1,0,0.1708,0.8292,-1,6,30,1,1,1,09:45,7,1,9
2023010459576,2023,010459576,2,1,1,1,47,8,3,0,0,0,0,0,5,8,E01030829,-1,0,0.0,1.0,-1,3,70,1,1,1,17:00,3,4,5
2023549367523,2023,549367523,2,1,1,2,23,5,3,0,0,0,0,0,9,2,E01015541,-1,0,0.01911,0.98089,-1,1,40,1,1,1,17:07,3,2,9
2023010459517,2023,010459517,1,1,3,2,77,11,3,1,3,0,0,0,0,6,E01004651,-1,0,0.0,1.0,-1,6,20,2,1,2,14:10,3,1,8
2023010469074,2023,010469074,1,1,3,1,39,7,3,4,3,0,0,0,0,3,E01000866,-1,0,0.0,1.0,-1,6,30,1,4,1,20:36,6,1,9
2023361324175,2023,361324175,1,1,3,1,13,3,2,1,1,0,0,0,0,9,E01026933,7,1,1.0,0.0,-1,6,40,1,1,1,16:40,5,1,9
2023430119560,2023,430119560,1,1,1,1,70,10,3,0,0,0,0,0,9,5,E01017687,-1,0,0.02562,0.97438,-1,3,70,1,1,1,14:34,6,2,9
2023421396275,2023,421396275,2,1,1,2,64,9,3,0,0,0,0,0,9,10,E01021618,3,1,0.0,1.0,-1,3,40,1,4,2,16:12,6,2,9
2023061359405,2023,061359405,1,1,3,1,93,11,2,9,8,0,0,0,0,6,E01005159,7,1,1.0,0.0,-1,3,30,1,1,1,10:35,4,1,11
2023010422106,2023,010422106,1,1,1,1,48,8,3,0,0,0,0,0,9,5,E01023325,-1,0,0.0,1.0,-1,1,30,1,1,1,16:25,4,2,9
2023010480485,2023,010480485,1,2,2,2,-1,-1,3,0,0,1,0,0,9,1,E01001714,-1,0,0.0,1.0,-1,6,20,2,1,2,13:55,1,2,9
2023101374439,2023,101374439,1,1,3,1,34,6,3,9,5,0,0,0,0,9,E01008564,3,1,0.0,1.0,-1,6,30,1,4,2,19:00,6,1,8
2023231334287,2023,231334287,2,1,1,2,62,9,3,0,0,0,0,0,1,9,E01032231,3,1,0.0,1.0,-1,6,60,1,1,1,20:00,5,2,1
2023010472831,2023,010472831,1,1,1,2,33,6,3,0,0,0,0,0,9,1,E01004245,-1,0,0.0,1.0,-1,1,20,2,1,2,08:17,5,2,9
2023211267021,2023,211267021,1,1,1,2,31,6,3,0,0,0,0,0,9,1,E01033642,3,1,0.0,1.0,-1,7,70,1,1,1,15:08,2,1,9
2023991345830,2023,991345830,2,7,2,2,11,3,3,0,0,2,0,0,9,1,-1,3,1,0.0,1.0,-1,6,60,1,1,1,11:45,1,2,9
2023071279110,2023,071279110,1,1,3,1,9,2,3,5,1,0,0,0,0,9,E01012562,-1,0,0.04451,0.95549,-1,2,30,1,1,1,14:00,7,1,9
2023201334273,2023,201334273,1,1,3,2,32,6,2,5,3,0,0,2,0,-1,-1,6,1,1.0,0.0,-1,6,30,1,4,1,23:24,5,1,9
2023010429093,2023,010429093,1,1,1,1,26,6,3,0,0,0,0,0,3,1,E01003075,-1,0,0.0,1.0,-1,1,20,1,4,1,21:00,6,2,3
2023302301734,2023,302301734,2,1,1,1,19,4,3,0,0,0,0,0,3,6,E01013507,-1,0,0.12799,0.87201,-1,6,40,1,1,1,12:18,7,2,3
2023531258747,2023,531258747,2,1,1,1,36,7,3,0,0,0,0,0,3,5,E01022154,3,1,0.0,1.0,-1,6,40,2,4,2,05:46,1,2,3
2023041297702,2023,041297702,2,1,2,2,25,5,2,0,0,1,0,0,9,4,E01010987,7,1,1.0,0.0,-1,6,30,1,1,1,09:04,6,2,9
2023552300655,2023,552300655,2,4,2,1,74,10,3,0,0,1,0,0,9,8,E01020388,-1,0,0.09117,0.90883,-1,1,60,1,1,1,21:32,7,2,9
2023991377491,2023,991377491,2,1,1,2,17,4,2,0,0,0,0,0,9,7,-1,6,1,1.0,0.0,-1,6,60,1,6,2,23:15,6,2,9
2023451311942,2023,451311942,2,2,1,1,42,7,3,0,0,0,0,0,19,10,E01022848,3,1,0.0,1.0,-1,6,30,1,1,1,16:30,6,2,19
2023461374300,2023,461374300,1,1,1,1,31,6,3,0,0,0,0,0,1,2,E01024020,3,1,0.0,1.0,-1,6,40,8,4,2,18:37,6,2,1
2023421339604,2023,421339604,1,1,1,1,50,8,2,0,0,0,0,0,3,6,E01021879,5,1,1.0,0.0,-1,6,30,1,1,1,14:40,3,1,3
2023311302190,2023,311302190,1,1,2,1,-1,-1,3,0,0,0,2,0,11,-1,-1,3,1,0.0,1.0,-1,6,30,9,1,1,09:00,5,1,11
2023461338773,2023,461338773,1,1,1,1,66,10,3,0,0,0,0,0,1,10,E01000814,3,1,0.0,1.0,-1,1,40,1,1,1,09:32,4,2,1
2023010486294,2023,010486294,1,1,1,-1,34,6,3,0,0,0,0,0,3,3,E01001397,-1,0,0.0,1.0,-1,9,30,9,4,9,19:30,1,2,3
2023371347309,2023,371347309,2,1,2,2,48,8,3,0,0,1,0,0,9,6,E01021689,3,1,0.0,1.0,-1,3,70,1,1,1,13:45,6,2,9
2023421288020,2023,421288020,1,1,1,1,49,8,2,0,0,0,0,0,9,7,E01021336,6,1,1.0,0.0,-1,6,30,2,4,2,23:28,6,2,9
2023461394421,2023,461394421,1,1,2,2,21,5,3,0,0,-1,0,0,9,1,E01021576,3,1,0.0,1.0,-1,7,40,1,4,1,03:20,4,2,9
2023501283311,2023,501283311,1,1,1,2,33,6,2,0,0,0,0,0,9,5,E01020143,7,1,1.0,0.0,-1,6,60,1,1,1,09:11,5,1,9
2023010486548,2023,010486548,2,1,1,1,36,7,3,0,0,0,0,0,3,6,E01001292,-1,0,0.0,1.0,-1,6,20,1,4,1,20:15,6,2,3
2023552301454,2023,552301454,2,1,1,1,18,4,3,0,0,0,0,0,3,10,E01020366,-1,0,0.11274,0.88726,-1,6,30,1,1,1,17:08,6,3,3
2023010461081,2023,010461081,1,1,1,2,52,8,3,0,0,0,0,0,9,8,E01000777,-1,0,0.0,1.0,-1,6,40,1,1,1,16:39,5,4,9
2023440170523,2023,440170523,1,1,1,1,42,7,3,0,0,0,0,0,9,6,E01014707,-1,0,0.08725,0.91275,-1,6,40,1,1,1,17:30,2,3,9
2023461329274,2023,461329274,1,4,2,1,17,4,3,0,0,2,0,0,9,7,E01032811,3,1,0.0,1.0,-1,6,40,1,6,1,22:45,3,1,9
202360A091811,2023,60A091811,2,1,1,1,28,6,3,0,0,0,0,0,9,-1,-1,-1,0,0.01697,0.98303,-1,6,30,1,1,1,15:21,4,2,9
2023302300313,2023,302300313,1,2,2,-1,-1,-1,3,0,0,0,4,0,11,-1,-1,-1,0,0.00478,0.99522,-1,6,30,1,1,1,14:30,6,1,11
2023061281891,2023,061281891,2,1,1,1,43,7,3,0,0,0,0,0,9,7,E01006077,3,1,0.0,1.0,-1,6,30,1,1,-1,09:20,7,2,9
2023311325625,2023,311325625,1,1,1,2,28,6,3,0,0,0,0,0,9,4,E01013534,3,1,0.0,1.0,-1,6,40,1,1,1,06:30,3,2,9
2023421389218,2023,421389218,1,2,2,1,16,4,2,0,0,1,0,0,9,9,E01021526,7,1,1.0,0.0,-1,6,60,1,6,1,22:00,7,1,9
2023610027723,2023,610027723,1,2,2,2,55,8,3,0,0,1,0,0,9,2,W01001402,-1,0,0.057,0.943,-1,6,40,1,7,1,21:51,4,2,9
2023131374177,2023,131374177,1,1,1,1,18,4,3,0,0,0,0,0,9,5,E01011831,3,1,0.0,1.0,-1,6,40,2,6,2,21:45,2,1,9
2023201277797,2023,201277797,2,2,2,2,30,6,3,0,0,2,0,0,9,7,E01009643,3,1,0.0,1.0,-1,3,30,1,1,1,15:15,7,2,9
2023010486301,2023,010486301,1,1,1,1,34,6,3,0,0,0,0,0,1,2,E01004413,-1,0,0.0,1.0,-1,6,30,2,4,2,06:45,5,2,1
2023201297426,2023,201297426,1,1,1,1,22,5,3,0,0,0,0,0,9,9,E01010328,3,1,0.0,1.0,-1,6,30,1,4,2,21:25,3,2,9
2023302400001,2023,302400001,1,4,1,1,25,5,3,0,0,0,0,0,9,1,E01013535,-1,0,0.06475,0.93525,-1,6,40,1,1,2,10:00,1,2,9
2023010438020,2023,010438020,1,1,1,1,23,5,3,0,0,0,0,0,9,2,E01001515,-1,0,0.0,1.0,-1,6,30,1,1,1,12:20,2,1,9
2023320597008,2023,320597008,1,1,1,2,45,7,3,0,0,0,0,0,9,5,E01026327,-1,0,0.05085,0.94915,-1,6,60,1,1,1,19:00,2,2,9
2023010422677,2023,010422677,1,1,1,1,27,6,3,0,0,0,0,0,3,1,E01002036,-1,0,0.0,1.0,-1,2,20,1,1,1,18:32,6,2,3
2023010446575,2023,010446575,1,1,1,1,38,7,3,0,0,0,0,0,3,1,E01002040,-1,0,0.0,1.0,-1,6,20,1,4,1,00:03,4,2,3
2023430306554,2023,430306554,2,1,1,1,24,5,3,0,0,0,0,0,3,6,E01028555,-1,0,0.01664,0.98336,-1,6,20,1,1,1,17:10,2,2,3
2023131358702,2023,131358702,2,3,2,2,42,7,3,0,0,2,0,0,9,1,E01010964,3,1,0.0,1.0,-1,6,30,2,5,2,22:17,2,2,9
2023471306991,2023,471306991,2,1,1,2,29,6,3,0,0,0,0,0,9,9,E01031742,3,1,0.0,1.0,-1,6,60,1,1,1,15:25,7,3,9
2023010483426,2023,010483426,1,1,1,1,32,6,3,0,0,0,0,0,1,10,E01030351,-1,0,0.0,1.0,-1,6,20,1,4,1,17:47,2,2,1
2023052300826,2023,052300826,1,1,1,1,50,8,3,0,0,0,0,0,3,3,E01006743,-1,0,0.2602,0.7398,-1,6,30,1,4,1,02:09,4,1,3
2023461265807,2023,461265807,1,1,1,1,26,6,2,0,0,0,0,0,3,3,E01024583,7,1,1.0,0.0,-1,6,60,5,6,2,17:10,3,1,3
2023481366944,2023,481366944,2,1,1,1,33,6,3,0,0,0,0,0,4,-1,-1,3,1,0.0,1.0,-1,6,20,1,1,1,14:54,6,2,4
2023361333711,2023,361333711,2,1,1,1,27,6,2,0,0,0,0,0,5,8,E01026948,7,1,1.0,0.0,-1,6,60,1,1,1,15:20,4,2,5
2023052301087,2023,052301087,1,1,1,1,34,6,3,0,0,0,0,0,9,5,E01006688,-1,0,0.12765,0.87235,-1,6,20,1,7,1,04:00,7,2,9
2023421284196,2023,421284196,1,1,1,1,76,11,2,0,0,0,0,0,9,8,E01021371,6,1,1.0,0.0,-1,6,30,1,1,1,16:19,3,1,9
2023010470369,2023,010470369,1,1,2,1,47,8,3,0,0,0,3,0,11,5,E01003638,-1,0,0.0,1.0,-1,6,30,1,1,1,14:47,6,1,11
2023070794951,2023,070794951,1,1,3,2,37,7,3,5,2,0,0,0,0,-1,-1,-1,0,0.12951,0.87049,-1,6,30,1,1,1,15:34,5,1,20
202360A180465,2023,60A180465,1,1,3,2,46,8,3,6,9,0,0,0,0,-1,-1,-1,0,0.12782,0.87218,-1,2,30,1,1,1,08:53,2,1,19
2023221356351,2023,221356351,2,1,1,1,15,3,3,0,0,0,0,0,1,5,E01014060,3,1,0.0,1.0,-1,6,30,1,1,1,08:48,2,2,1
2023041392580,2023,041392580,1,1,1,2,52,8,2,0,0,0,0,0,9,2,E01006309,6,1,1.0,0.0,-1,3,50,4,6,1,16:00,3,1,9
2023311350809,2023,311350809,1,2,1,1,24,5,3,0,0,0,0,0,9,6,E01028050,3,1,0.0,1.0,-1,6,30,1,4,1,22:08,7,2,9
2023451324763,2023,451324763,2,1,1,1,66,10,3,0,0,0,0,0,9,8,E01030648,3,1,0.0,1.0,-1,3,70,1,1,1,09:40,7,2,9
2023501337205,2023,501337205,2,2,2,2,75,10,3,0,0,1,0,0,9,4,E01015268,3,1,0.0,1.0,-1,3,70,1,1,2,15:15,2,3,9
2023520301801,2023,520301801,2,2,1,1,19,4,3,0,0,0,0,0,9,2,E01018868,-1,0,0.03809,0.96191,-1,3,70,1,1,1,11:04,2,6,9
2023991393161,2023,991393161,1,1,3,1,11,3,2,8,8,0,0,2,0,5,-1,5,1,1.0,0.0,-1,6,30,1,4,1,16:20,6,1,9
2023991461915,2023,991461915,1,1,3,2,67,10,3,5,3,0,0,0,0,-1,-1,3,1,0.0,1.0,-1,6,20,8,4,1,21:40,3,1,9
2023201400598,2023,201400598,2,1,1,1,16,4,3,0,0,0,0,0,1,1,E01010481,3,1,0.0,1.0,-1,6,30,1,1,1,18:11,7,2,1
2023201454309,2023,201454309,1,1,1,2,46,8,3,0,0,0,0,0,9,5,E01008959,3,1,0.0,1.0,-1,6,30,7,4,2,21:59,1,1,9
2023421295753,2023,421295753,2,1,1,1,44,7,3,0,0,0,0,0,9,4,E01021495,3,1,0.0,1.0,-1,3,50,1,1,1,08:15,2,2,9