collision_index,collision_year,collision_ref_no,vehicle_reference,casualty_reference,casualty_class,sex_of_casualty,age_of_casualty,age_band_of_casualty,casualty_severity,pedestrian_location,pedestrian_movement,car_passenger,bus_or_coach_passenger,pedestrian_road_maintenance_worker,casualty_type,casualty_imd_decile,lsoa_of_casualty,enhanced_casualty_severity,casualty_injury_based,casualty_adjusted_severity_serious,casualty_adjusted_severity_slight,casualty_distance_banding,road_type,speed_limit,weather_conditions,light_conditions,road_surface_conditions,time,day_of_week,number_of_vehicles,vehicle_type
2023451372341,2023,451372341,1,1,1,1,25,5,3,0,0,0,0,0,19,-1,-1,3,1,0.0,1.0,-1,6,50,1,6,2,17:16,4,3,19
2023201366816,2023,201366816,2,1,1,1,27,6,2,0,0,0,0,0,-1,4,E01009296,7,1,1.0,0.0,-1,6,20,1,4,1,01:32,7,2,-1
2023351350368,2023,351350368,2,1,1,2,58,9,2,0,0,0,0,0,9,7,E01018185,7,1,1.0,0.0,-1,6,60,1,1,2,16:22,2,4,9
2023351358951,2023,351358951,1,1,1,2,33,6,3,0,0,0,0,0,9,3,E01015652,3,1,0.0,1.0,-1,6,30,1,1,1,08:40,3,2,9
2023522400526,2023,522400526,2,1,1,1,12,3,3,0,0,0,0,0,1,-1,-1,-1,0,0.0386,0.9614,-1,6,20,1,1,1,16:00,4,2,1
2023010439261,2023,010439261,1,1,1,2,22,5,3,0,0,0,0,0,9,4,E01001061,-1,0,0.0,1.0,-1,3,30,2,4,2,21:22,2,2,9
2023010471265,2023,010471265,1,3,2,-1,5,1,3,0,0,2,0,0,9,3,E01004397,-1,0,0.0,1.0,-1,9,20,1,1,1,15:45,3,2,9
2023451331876,2023,451331876,1,1,1,1,21,5,3,0,0,0,0,0,9,10,E01030989,3,1,0.0,1.0,-1,6,30,1,4,1,01:20,6,2,9
2023401310467,2023,401310467,2,1,1,2,25,5,3,0,0,0,0,0,22,3,E01017609,3,1,0.0,1.0,-1,6,20,1,1,1,08:53,6,2,22
2023451272354,2023,451272354,2,1,1,1,50,8,2,0,0,0,0,0,1,10,E01030616,7,1,1.0,0.0,-1,6,30,1,1,2,09:23,7,2,1
2023010424899,2023,010424899,1,1,1,1,26,6,3,0,0,0,0,0,9,9,E01000395,-1,0,0.0,1.0,-1,6,30,1,1,1,12:00,5,2,9
2023131267580,2023,131267580,1,1,1,1,54,8,3,0,0,0,0,0,9,2,E01010929,3,1,0.0,1.0,-1,6,30,1,4,2,17:00,3,2,9
2023070991607,2023,070991607,1,2,2,1,38,7,3,0,0,1,0,0,20,1,E01012444,-1,0,0.0187,0.9813,-1,7,30,2,1,2,09:06,4,1,20
2023440459035,2023,440459035,1,1,3,1,67,10,3,5,4,0,0,0,0,6,E01017176,-1,0,0.2466,0.7534,-1,6,30,1,6,1,18:30,5,1,3
2023061299312,2023,061299312,2,1,1,1,47,8,3,0,0,0,0,0,8,3,E01005480,3,1,0.0,1.0,-1,7,70,1,1,1,09:11,6,2,8
2023520401017,2023,520401017,1,1,3,1,5,1,3,5,3,0,0,0,0,9,E01029273,-1,0,0.09794,0.90206,-1,6,20,1,1,1,15:40,4,1,9
2023010434012,2023,010434012,3,2,1,1,41,7,3,0,0,0,0,0,1,10,E01004556,-1,0,0.0,1.0,-1,1,20,2,1,2,17:53,6,3,1
2023010469273,2023,010469273,2,1,1,1,20,4,3,0,0,0,0,0,1,2,E01001447,-1,0,0.0,1.0,-1,3,20,1,4,1,04:15,1,2,1
2023991306793,2023,991306793,1,1,1,1,62,9,2,0,0,0,0,0,3,2,-1,6,1,1.0,0.0,-1,6,40,1,1,1,16:47,6,2,3
2023201371803,2023,201371803,2,2,1,1,34,6,3,0,0,0,0,0,9,1,E01009979,3,1,0.0,1.0,-1,6,30,1,1,1,08:18,3,2,9
2023221277415,2023,221277415,1,1,1,1,46,8,3,0,0,0,0,0,9,7,E01014092,3,1,0.0,1.0,-1,6,60,1,6,2,05:10,2,1,9
2023520001116,2023,520001116,1,1,2,2,43,7,3,0,0,1,0,0,9,10,E01014477,-1,0,0.00332,0.99668,-1,6,20,1,1,1,11:08,6,2,9
2023010428173,2023,010428173,1,1,1,1,52,8,3,0,0,0,0,0,1,6,E01030857,-1,0,0.0,1.0,-1,6,30,1,1,2,08:45,2,2,1
2023010447295,2023,010447295,2,1,1,1,36,7,3,0,0,0,0,0,1,-1,-1,-1,0,0.0,1.0,-1,6,20,1,1,1,11:59,3,2,1
2023340WN1872,2023,340WN1872,2,1,2,2,75,10,3,0,0,1,0,0,9,-1,-1,-1,0,0.03336,0.96664,-1,6,30,1,1,1,12:55,7,2,9
2023371305692,2023,371305692,1,1,1,1,17,4,3,0,0,0,0,0,3,8,E01030086,3,1,0.0,1.0,-1,6,30,1,1,2,15:38,6,2,3
2023221326511,2023,221326511,2,1,1,1,60,9,2,0,0,0,0,0,5,5,E01014295,7,1,1.0,0.0,-1,6,60,1,1,1,15:50,6,2,5
2023010474581,2023,010474581,2,1,1,2,32,6,3,0,0,0,0,0,9,2,E01003092,-1,0,0.0,1.0,-1,6,20,2,4,2,18:15,7,2,9
2023421376366,2023,421376366,1,1,2,1,91,11,3,0,0,1,0,0,9,-1,-1,3,1,0.0,1.0,-1,3,50,1,1,1,14:26,1,2,9
2023543604523,2023,543604523,2,1,1,2,24,5,3,0,0,0,0,0,9,6,E01015579,-1,0,0.00412,0.99588,-1,2,30,1,1,1,12:09,6,2,9
2023010428336,2023,010428336,1,1,1,2,47,8,3,0,0,0,0,0,3,2,E01000626,-1,0,0.0,1.0,-1,6,20,1,4,1,05:50,3,2,3
2023010431368,2023,010431368,2,1,1,1,36,7,3,0,0,0,0,0,5,-1,-1,-1,0,0.0,1.0,-1,3,50,2,1,2,08:50,6,2,5
2023430447767,2023,430447767,1,1,1,1,46,8,2,0,0,0,0,0,5,10,E01028822,-1,0,1.0,0.0,-1,6,30,1,1,1,16:49,5,3,5
2023131349769,2023,131349769,1,3,1,1,38,7,2,0,0,0,0,0,9,1,E01011912,7,1,1.0,0.0,-1,6,30,1,1,1,18:20,4,1,9
2023320720377,2023,320720377,1,1,1,1,40,7,3,0,0,0,0,0,9,1,E01026112,-1,0,0.06422,0.93578,-1,6,50,1,5,2,17:00,3,2,9
2023430246768,2023,430246768,2,2,1,1,36,7,3,0,0,0,0,0,9,1,E01028576,-1,0,0.07058,0.92942,-1,6,60,1,1,1,15:55,2,2,9
2023501364419,2023,501364419,1,1,1,2,29,6,2,0,0,0,0,0,9,7,E01018934,7,1,1.0,0.0,-1,3,70,1,1,1,17:04,4,2,9
202360A123368,2023,60A123368,1,1,1,2,51,8,3,0,0,0,0,0,9,-1,-1,-1,0,0.14199,0.85801,-1,6,40,1,1,1,12:10,6,1,9
2023451271269,2023,451271269,2,1,1,1,41,7,3,0,0,0,0,0,23,8,E01030622,3,1,0.0,1.0,-1,3,40,1,1,1,07:15,5,2,23
2023010454413,2023,010454413,1,1,3,2,84,11,2,1,1,0,0,0,0,3,E01004066,-1,0,1.0,0.0,-1,6,30,1,1,1,15:36,2,1,9
2023332300569,2023,332300569,1,1,1,1,56,9,3,0,0,0,0,0,9,3,E01031074,-1,0,0.04312,0.95688,-1,6,50,1,1,1,09:42,3,1,9
2023371377626,2023,371377626,2,1,1,2,38,7,3,0,0,0,0,0,9,7,E01026471,3,1,0.0,1.0,-1,6,30,9,4,-1,16:40,4,2,9
2023471269975,2023,471269975,2,1,1,1,17,4,3,0,0,0,0,0,3,2,E01020923,3,1,0.0,1.0,-1,6,30,1,4,1,19:15,2,2,3
2023070535884,2023,070535884,1,1,1,1,32,6,3,0,0,0,0,0,4,5,E01018504,-1,0,0.08909,0.91091,-1,6,30,1,1,1,12:12,2,2,4
2023221279732,2023,221279732,2,1,1,2,59,9,3,0,0,0,0,0,9,3,E01032187,3,1,0.0,1.0,-1,6,40,1,1,1,08:00,6,2,9
2023401414924,2023,401414924,1,1,2,2,80,11,3,0,0,1,0,0,9,8,E01015770,3,1,0.0,1.0,-1,3,30,2,4,2,02:15,7,2,9
2023161283433,2023,161283433,2,1,1,1,44,7,3,0,0,0,0,0,19,4,E01013271,3,1,0.0,1.0,-1,6,40,2,1,2,08:24,2,2,19
2023351319268,2023,351319268,2,1,1,1,10,2,3,0,0,0,0,0,1,10,E01018256,3,1,0.0,1.0,-1,6,30,1,1,-1,15:55,2,2,1
2023361347608,2023,361347608,2,1,1,1,34,6,3,0,0,0,0,0,1,1,E01026824,3,1,0.0,1.0,-1,6,30,1,1,1,15:30,4,2,1
2023010445128,2023,010445128,2,4,2,1,20,4,3,0,0,2,0,0,9,2,E01002741,-1,0,0.0,1.0,-1,3,40,1,4,1,00:35,6,2,9
2023010446877,2023,010446877,1,1,1,2,44,7,3,0,0,0,0,0,9,9,E01001102,-1,0,0.0,1.0,-1,9,20,1,1,1,14:40,7,2,9
2023161370760,2023,161370760,1,2,2,2,62,9,2,0,0,1,0,0,9,1,E01013165,5,1,1.0,0.0,-1,3,70,2,6,2,21:21,7,2,9
2023501287142,2023,501287142,2,1,1,2,38,7,3,0,0,0,0,0,9,-1,-1,3,1,0.0,1.0,-1,6,60,5,4,2,19:45,4,2,9
2023221298024,2023,221298024,1,1,3,2,45,7,3,1,1,0,0,0,0,5,E01028933,3,1,0.0,1.0,-1,6,30,2,1,2,15:57,6,1,9
2023411327782,2023,411327782,1,1,3,1,12,3,2,5,1,0,0,0,0,5,E01023867,7,1,1.0,0.0,-1,6,30,1,1,1,08:27,3,1,9
2023451337463,2023,451337463,1,1,1,1,60,9,2,0,0,0,0,0,2,8,E01030528,7,1,1.0,0.0,-1,3,50,1,1,2,21:00,3,1,2
2023052302847,2023,052302847,2,1,1,1,27,6,3,0,0,0,0,0,3,1,E01006507,-1,0,0.16588,0.83412,-1,6,40,1,4,1,19:18,4,2,3
2023461363616,2023,461363616,2,2,1,1,49,8,2,0,0,0,0,0,5,4,E01016055,6,1,1.0,0.0,-1,6,30,1,1,1,10:20,6,4,5
2023101294155,2023,101294155,1,1,3,1,75,10,1,8,1,0,0,0,0,-1,-1,1,1,0.0,0.0,-1,6,40,2,4,2,20:43,4,1,9
2023471359722,2023,471359722,1,1,3,1,11,3,3,5,1,0,0,0,0,4,E01020952,3,1,0.0,1.0,-1,6,30,1,1,1,15:12,2,1,9
2023520400406,2023,520400406,1,2,3,2,15,3,2,8,9,0,0,0,0,-1,-1,-1,0,1.0,0.0,-1,6,30,1,1,1,13:50,7,1,9
2023332300407,2023,332300407,1,1,1,2,31,6,3,0,0,0,0,0,9,9,E01013800,-1,0,0.0166,0.9834,-1,6,30,1,1,1,18:15,2,2,9
2023430223925,2023,430223925,2,5,1,1,36,7,3,0,0,0,0,0,19,5,E01004127,-1,0,0.05153,0.94847,-1,3,70,1,1,1,12:01,2,2,19
2023010457706,2023,010457706,1,1,3,1,42,7,3,10,9,0,0,0,0,3,E01004183,-1,0,0.0,1.0,-1,6,30,9,1,1,14:00,6,1,19
2023131266108,2023,131266108,2,1,1,1,71,10,2,0,0,0,0,0,1,2,E01011925,5,1,1.0,0.0,-1,6,30,1,1,2,13:29,6,2,1
2023520301760,2023,520301760,2,1,1,1,21,5,3,0,0,0,0,0,1,7,E01029063,-1,0,0.0687,0.9313,-1,6,30,1,1,1,07:01,1,2,1
2023122300449,2023,122300449,1,1,1,1,55,8,3,0,0,0,0,0,4,-1,-1,-1,0,0.17961,0.82039,-1,1,60,1,1,1,12:55,1,2,4
2023421345780,2023,421345780,1,1,1,1,68,10,3,0,0,0,0,0,8,7,E01021679,3,1,0.0,1.0,-1,3,70,1,1,1,11:53,7,2,8
2023161296023,2023,161296023,1,1,1,1,38,7,3,0,0,0,0,0,9,2,E01007642,3,1,0.0,1.0,-1,6,50,2,1,2,17:30,4,1,9
2023302301137,2023,302301137,2,1,1,2,51,8,3,0,0,0,0,0,9,10,E01025914,-1,0,0.01879,0.98121,-1,1,40,1,1,1,17:30,2,2,9
2023361309823,2023,361309823,2,1,1,1,28,6,3,0,0,0,0,0,9,8,E01026490,3,1,0.0,1.0,-1,6,40,1,1,1,06:16,4,3,9
2023440318760,2023,440318760,1,1,1,2,19,4,3,0,0,0,0,0,9,9,E01020370,-1,0,0.04333,0.95667,-1,6,30,1,1,1,07:54,3,2,9
2023461295241,2023,461295241,3,3,1,2,23,5,3,0,0,0,0,0,9,7,E01016078,3,1,0.0,1.0,-1,1,70,1,1,1,13:45,3,4,9
2023010479094,2023,010479094,1,1,1,2,54,8,3,0,0,0,0,0,1,3,E01003099,-1,0,0.0,1.0,-1,6,20,1,1,2,08:54,2,2,1
2023302300047,2023,302300047,2,2,2,2,26,6,3,0,0,1,0,0,9,1,E01019509,-1,0,0.01849,0.98151,-1,7,70,9,1,2,15:00,6,2,9
2023522301022,2023,522301022,2,2,1,1,31,6,3,0,0,0,0,0,9,1,E01014703,-1,0,0.03267,0.96733,-1,6,30,1,4,1,07:29,7,2,9
2023010450567,2023,010450567,1,1,1,2,54,8,3,0,0,0,0,0,9,7,E01000326,-1,0,0.0,1.0,-1,1,20,9,1,1,18:50,4,2,9
2023061329588,2023,061329588,1,2,2,1,37,7,2,0,0,1,0,0,9,-1,-1,6,1,1.0,0.0,-1,6,50,1,1,1,21:20,6,1,9
2023411305215,2023,411305215,2,1,1,2,39,7,3,0,0,0,0,0,9,9,E01023819,3,1,0.0,1.0,-1,6,30,1,1,1,16:30,3,3,9
2023421270647,2023,421270647,2,1,1,2,40,7,3,0,0,0,0,0,9,3,E01033051,3,1,0.0,1.0,-1,1,30,1,7,1,18:00,4,2,9
2023631379448,2023,631379448,1,1,1,2,34,6,3,0,0,0,0,0,9,2,W01001467,3,1,0.0,1.0,-1,6,60,8,1,2,12:30,6,2,9
2023430551464,2023,430551464,1,1,3,1,62,9,3,1,3,0,0,0,0,10,E01017872,-1,0,0.09577,0.90423,-1,6,30,2,4,2,18:55,5,1,9
2023421357852,2023,421357852,1,1,1,1,40,7,2,0,0,0,0,0,5,3,E01021291,7,1,1.0,0.0,-1,6,30,1,4,1,00:43,7,2,5
2023122300924,2023,122300924,2,4,1,2,25,5,3,0,0,0,0,0,9,1,E01010702,-1,0,0.02706,0.97294,-1,6,30,1,1,1,16:15,1,2,9
2023320111044,2023,320111044,2,1,1,2,44,7,3,0,0,0,0,0,9,1,E01026010,-1,0,0.03591,0.96409,-1,6,40,1,1,1,13:40,3,2,9
2023461333423,2023,461333423,1,1,1,2,39,7,3,0,0,0,0,0,9,7,E01032656,3,1,0.0,1.0,-1,3,70,2,1,2,12:43,2,2,9
2023471311111,2023,471311111,1,1,1,1,21,5,3,0,0,0,0,0,9,3,E01004600,3,1,0.0,1.0,-1,6,60,1,1,1,13:30,4,1,9
2023010458567,2023,010458567,1,1,3,1,55,8,2,5,1,0,0,0,0,2,E01001877,-1,0,1.0,0.0,-1,6,30,2,1,2,13:50,4,1,2
2023010437814,2023,010437814,1,1,1,1,38,7,3,0,0,0,0,0,1,6,E01004577,-1,0,0.0,1.0,-1,6,30,1,1,1,09:00,2,2,1
2023340WN6452,2023,340WN6452,2,1,1,1,73,10,3,0,0,0,0,0,1,-1,-1,-1,0,0.0737,0.9263,-1,1,30,1,4,1,17:30,6,2,1
2023101371710,2023,101371710,1,1,1,2,72,10,3,0,0,0,0,0,9,10,E01008497,3,1,0.0,1.0,-1,3,70,1,1,2,10:35,3,2,9
2023440419861,2023,440419861,1,1,1,1,65,9,3,0,0,0,0,0,9,7,E01024709,-1,0,0.03466,0.96534,-1,6,30,2,1,2,15:25,6,2,9
2023610011023,2023,610011023,2,2,1,2,23,5,3,0,0,0,0,0,9,4,W01001524,-1,0,0.08093,0.91907,-1,3,30,1,1,1,16:08,5,2,9
2023101296284,2023,101296284,2,5,2,1,44,7,3,0,0,1,0,0,8,1,E01027542,3,1,0.0,1.0,-1,3,70,1,4,2,23:00,7,2,8
2023010428984,2023,010428984,1,1,1,1,29,6,3,0,0,0,0,0,8,4,E01003702,-1,0,0.0,1.0,-1,1,30,2,4,2,19:45,6,2,8
2023311313349,2023,311313349,1,2,1,1,64,9,3,0,0,0,0,0,9,-1,-1,3,1,0.0,1.0,-1,3,30,1,1,1,13:25,4,2,9
2023041290016,2023,041290016,2,1,1,2,55,8,3,0,0,0,0,0,9,4,E01025267,3,1,0.0,1.0,-1,6,30,2,1,2,16:55,4,2,9
2023101282666,2023,101282666,3,1,1,1,44,7,3,0,0,0,0,0,9,1,E01008297,3,1,0.0,1.0,-1,6,40,1,1,1,12:42,7,4,9
2023122301257,2023,122301257,1,1,1,2,21,5,3,0,0,0,0,0,9,5,E01027795,-1,0,0.00695,0.99305,-1,6,30,2,1,2,10:30,1,2,9
2023302300325,2023,302300325,2,2,2,1,8,2,3,0,0,2,0,0,9,3,E01019437,-1,0,0.01373,0.98627,-1,6,30,1,1,1,12:47,3,2,9
2023471324230,2023,471324230,2,1,1,2,27,6,3,0,0,0,0,0,9,9,E01030639,3,1,0.0,1.0,-1,3,50,1,1,1,20:22,3,2,9
2023622300320,2023,622300320,1,1,1,1,35,6,3,0,0,0,0,0,9,1,W01000814,-1,0,0.14,0.86,-1,6,50,1,4,1,03:49,1,1,9
2023631327967,2023,631327967,1,1,1,2,36,7,3,0,0,0,0,0,9,3,W01000608,3,1,0.0,1.0,-1,6,40,1,1,2,17:47,2,2,9
2023471330351,2023,471330351,1,1,3,1,27,6,3,6,8,0,0,0,0,8,E01022607,3,1,0.0,1.0,-1,3,20,8,7,1,00:42,2,1,9
2023351271001,2023,351271001,2,1,1,1,27,6,2,0,0,0,0,0,1,1,E01015639,5,1,1.0,0.0,-1,6,30,1,1,1,12:53,6,2,1
2023061363998,2023,061363998,1,1,1,1,34,6,3,0,0,0,0,0,9,-1,-1,3,1,0.0,1.0,-1,6,30,1,1,1,17:43,3,2,9
2023340WN4762,2023,340WN4762,2,1,1,1,39,7,3,0,0,0,0,0,9,7,E01027019,-1,0,0.10233,0.89767,-1,6,60,1,1,1,09:00,4,2,9
2023131365187,2023,131365187,1,1,2,2,27,6,3,0,0,1,0,0,9,2,E01010724,3,1,0.0,1.0,-1,6,40,5,1,2,09:29,6,1,9
2023161288573,2023,161288573,1,1,1,1,22,5,3,0,0,0,0,0,9,7,E01033108,3,1,0.0,1.0,-1,6,30,1,1,1,08:52,6,2,9
2023201311283,2023,201311283,1,1,1,1,85,11,3,0,0,0,0,0,9,7,E01032136,3,1,0.0,1.0,-1,6,30,1,1,1,13:00,6,2,9
2023991381420,2023,991381420,1,2,1,2,69,10,3,0,0,0,0,0,9,4,-1,3,1,0.0,1.0,-1,6,30,1,4,1,16:00,4,2,9
2023041294677,2023,041294677,2,2,2,2,43,7,3,0,0,1,0,0,9,1,E01012720,3,1,0.0,1.0,-1,6,30,1,4,1,20:40,6,2,9
2023430101997,2023,430101997,1,1,1,2,55,8,3,0,0,0,0,0,9,9,E01017398,-1,0,0.1196,0.8804,-1,3,70,2,6,2,23:53,2,2,9
2023010486282,2023,010486282,1,1,3,1,30,6,3,5,9,0,0,0,0,9,E01023619,-1,0,0.0,1.0,-1,6,30,9,1,9,07:20,5,1,97
2023061283320,2023,061283320,2,1,1,1,28,6,3,0,0,0,0,0,1,1,E01005532,3,1,0.0,1.0,-1,6,30,1,4,1,21:00,1,2,1
2023010463627,2023,010463627,1,1,1,1,39,7,3,0,0,0,0,0,3,6,E01003386,-1,0,0.0,1.0,-1,9,20,1,1,1,18:15,4,2,3
2023010466407,2023,010466407,1,1,1,1,20,4,3,0,0,0,0,0,3,4,E01000155,-1,0,0.0,1.0,-1,1,30,1,1,1,06:40,5,2,3
2023010436508,2023,010436508,2,2,2,2,39,7,3,0,0,1,0,0,9,9,E01004080,-1,0,0.0,1.0,-1,6,30,1,1,1,17:13,7,2,9
2023440092763,2023,440092763,1,1,1,1,74,10,3,0,0,0,0,0,9,7,E01022514,-1,0,0.05667,0.94333,-1,3,70,1,1,2,15:00,3,2,9
2023991312401,2023,991312401,2,2,3,2,62,9,3,9,5,0,0,2,0,1,E01008625,3,1,0.0,1.0,-1,3,70,1,1,1,09:53,1,2,9
2023161347691,2023,161347691,2,1,1,1,15,3,3,0,0,0,0,0,1,1,E01012887,3,1,0.0,1.0,-1,6,30,1,1,1,11:55,6,2,1
2023430303019,2023,430303019,1,2,1,1,41,7,3,0,0,0,0,0,8,7,E01028720,-1,0,0.12163,0.87837,-1,6,60,1,6,2,00:11,1,2,8
2023361303782,2023,361303782,1,1,1,2,19,4,3,0,0,0,0,0,9,6,E01026456,3,1,0.0,1.0,-1,3,70,1,1,1,07:56,5,2,9
2023010439629,2023,010439629,2,1,1,1,45,7,3,0,0,0,0,0,1,4,E01001928,-1,0,0.0,1.0,-1,6,20,1,1,1,15:20,4,2,1
2023041345206,2023,041345206,2,1,1,1,25,5,3,0,0,0,0,0,19,1,E01025036,3,1,0.0,1.0,-1,6,40,1,1,1,13:03,5,3,19
2023320743240,2023,320743240,1,1,1,1,54,8,3,0,0,0,0,0,19,6,E01026038,-1,0,0.08633,0.91367,-1,6,60,7,1,4,12:00,7,1,19
2023461276907,2023,461276907,1,1,3,2,58,9,2,6,9,0,0,0,0,5,E01024495,7,1,1.0,0.0,-1,6,30,1,1,1,13:40,3,2,9
2023471320768,2023,471320768,2,1,1,2,9,2,3,0,0,0,0,0,1,8,E01016980,3,1,0.0,1.0,-1,6,20,1,1,1,15:20,2,2,1
2023141332535,2023,141332535,1,2,2,2,18,4,2,0,0,1,0,0,9,1,E01007775,7,1,1.0,0.0,-1,6,60,2,6,2,23:53,1,1,9
2023170S20183,2023,170S20183,1,1,1,1,20,4,3,0,0,0,0,0,9,4,E01012277,-1,0,0.00818,0.99182,-1,1,70,1,1,1,15:40,6,2,9
2023332300412,2023,332300412,1,2,2,2,23,5,3,0,0,1,0,0,9,3,E01013629,-1,0,0.02676,0.97324,-1,6,30,1,4,1,22:25,4,2,9
2023991352449,2023,991352449,2,2,2,2,29,6,3,0,0,1,0,0,9,4,-1,3,1,0.0,1.0,-1,3,30,1,1,1,17:50,3,2,9
2023010471421,2023,010471421,1,1,3,1,13,3,3,1,9,0,0,0,0,3,E01001409,-1,0,0.0,1.0,-1,6,30,9,1,1,17:00,4,1,97
2023010476454,2023,010476454,2,1,1,1,46,8,3,0,0,0,0,0,1,2,E01000154,-1,0,0.0,1.0,-1,6,20,1,1,1,14:00,3,2,1
2023451328462,2023,451328462,2,1,1,1,30,6,3,0,0,0,0,0,1,-1,-1,3,1,0.0,1.0,-1,6,30,1,1,1,18:35,3,2,1
2023451310862,2023,451310862,1,1,1,1,21,5,3,0,0,0,0,0,9,3,E01031548,3,1,0.0,1.0,-1,6,30,1,1,1,15:45,6,2,9
2023461363409,2023,461363409,1,1,1,2,62,9,3,0,0,0,0,0,9,4,E01024771,3,1,0.0,1.0,-1,6,40,4,6,1,20:36,3,2,9
2023471330729,2023,471330729,2,1,1,1,32,6,3,0,0,0,0,0,9,10,E01021234,3,1,0.0,1.0,-1,3,70,1,1,1,07:00,2,2,9
2023501272499,2023,501272499,1,1,1,1,29,6,2,0,0,0,0,0,17,5,E01020301,6,1,1.0,0.0,-1,6,60,1,1,1,13:00,7,1,17
2023351390156,2023,351390156,2,1,1,1,48,8,3,0,0,0,0,0,9,2,E01015601,3,1,0.0,1.0,-1,6,30,2,1,-1,12:29,3,2,9
202360A055288,2023,60A055288,2,1,2,2,52,8,3,0,0,1,0,0,9,-1,-1,-1,0,0.06102,0.93898,-1,6,30,1,1,1,17:15,1,2,9
2023411333101,2023,411333101,2,1,1,1,14,3,3,0,0,0,0,0,1,10,E01023824,3,1,0.0,1.0,-1,6,30,1,1,1,20:15,3,2,1
2023010460104,2023,010460104,1,1,3,2,39,7,3,8,3,0,0,0,0,2,E01001753,-1,0,0.0,1.0,-1,9,20,1,1,1,16:48,6,1,19
2023351395271,2023,351395271,1,3,1,1,33,6,1,0,0,0,0,0,9,5,-1,1,1,0.0,0.0,-1,6,60,1,6,1,18:05,6,2,9
2023411358817,2023,411358817,2,1,1,1,30,6,3,0,0,0,0,0,9,7,E01023935,3,1,0.0,1.0,-1,1,40,1,5,-1,18:50,5,2,9
2023451266067,2023,451266067,7,8,1,2,30,6,3,0,0,0,0,0,9,7,-1,3,1,0.0,1.0,-1,3,70,1,1,4,08:17,4,10,9
2023320453461,2023,320453461,2,1,1,1,56,9,3,0,0,0,0,0,21,8,E01026238,-1,0,0.08115,0.91885,-1,6,60,1,1,1,14:10,6,2,21
2023311370350,2023,311370350,1,1,1,1,18,4,2,0,0,0,0,0,3,4,E01028174,7,1,1.0,0.0,-1,6,30,1,1,4,06:48,1,1,3
2023131330885,2023,131330885,1,1,1,2,19,4,2,0,0,0,0,0,9,6,E01027734,7,1,1.0,0.0,-1,6,60,1,1,2,08:30,4,2,9
2023221314790,2023,221314790,1,1,1,2,33,6,3,0,0,0,0,0,9,9,E01000696,3,1,0.0,1.0,-1,6,40,1,1,1,19:00,1,2,9
2023991342927,2023,991342927,1,1,1,2,31,6,3,0,0,0,0,0,1,-1,-1,3,1,0.0,1.0,-1,3,20,1,1,1,16:22,3,2,1
2023010428133,2023,010428133,2,1,1,1,55,8,3,0,0,0,0,0,3,5,E01001611,-1,0,0.0,1.0,-1,3,30,1,4,1,00:40,2,2,3
2023440092574,2023,440092574,1,4,2,1,9,2,3,0,0,2,0,0,9,10,E01016322,-1,0,0.03737,0.96263,-1,6,40,2,1,2,13:32,3,2,9
2023440185929,2023,440185929,1,1,1,2,30,6,3,0,0,0,0,0,9,2,E01022819,-1,0,0.015,0.985,-1,6,30,1,1,1,17:30,5,2,9
2023411276586,2023,411276586,1,1,3,2,82,11,2,1,1,0,0,0,0,6,E01023633,5,1,1.0,0.0,-1,6,30,1,1,2,11:22,2,1,9
2023430073832,2023,430073832,1,1,3,2,12,3,3,5,3,0,0,0,0,3,E01007219,-1,0,0.1495,0.8505,-1,6,30,1,1,1,11:04,6,1,9
2023351282269,2023,351282269,2,1,1,2,18,4,3,0,0,0,0,0,1,7,E01017963,3,1,0.0,1.0,-1,6,20,1,1,-1,17:00,3,2,1
2023421368529,2023,421368529,2,1,1,1,38,7,2,0,0,0,0,0,1,9,E01021893,7,1,1.0,0.0,-1,6,60,1,1,1,13:40,1,2,1
2023010443114,2023,010443114,1,1,1,1,25,5,3,0,0,0,0,0,3,8,E01004623,-1,0,0.0,1.0,-1,6,20,1,1,9,11:06,2,2,3
2023061277319,2023,061277319,3,1,1,1,49,8,3,0,0,0,0,0,9,-1,-1,3,1,0.0,1.0,-1,6,30,1,4,2,16:00,3,4,9
2023401332742,2023,401332742,2,2,2,2,29,6,2,0,0,1,0,0,9,6,E01017592,7,1,1.0,0.0,-1,6,30,1,1,1,15:50,2,2,9
2023131275854,2023,131275854,2,1,1,2,38,7,3,0,0,0,0,0,1,1,E01011134,3,1,0.0,1.0,-1,6,30,7,4,4,05:57,3,2,1
2023070250102,2023,070250102,1,3,2,2,64,9,3,0,0,1,0,0,9,8,E01018707,-1,0,0.07348,0.92652,-1,6,60,1,1,1,14:40,6,2,9
2023302300401,2023,302300401,1,2,2,2,53,8,3,0,0,1,0,0,9,1,E01013567,-1,0,0.05066,0.94934,-1,6,40,1,1,1,08:45,4,2,9
2023440157966,2023,440157966,2,1,1,2,56,9,3,0,0,0,0,0,9,9,E01001385,-1,0,0.05023,0.94977,-1,3,70,1,1,1,19:00,7,2,9
2023471378167,2023,471378167,1,1,1,1,62,9,3,0,0,0,0,0,9,6,E01016987,3,1,0.0,1.0,-1,6,30,1,1,1,11:25,5,2,9