collision_index,collision_year,collision_ref_no,vehicle_reference,casualty_reference,casualty_class,sex_of_casualty,age_of_casualty,age_band_of_casualty,casualty_severity,pedestrian_location,pedestrian_movement,car_passenger,bus_or_coach_passenger,pedestrian_road_maintenance_worker,casualty_type,casualty_imd_decile,lsoa_of_casualty,enhanced_casualty_severity,casualty_injury_based,casualty_adjusted_severity_serious,casualty_adjusted_severity_slight,casualty_distance_banding,road_type,speed_limit,weather_conditions,light_conditions,road_surface_conditions,time,day_of_week,number_of_vehicles,vehicle_type
2023010425300,2023,010425300,2,1,1,1,38,7,3,0,0,0,0,0,5,4,E01030749,-1,0,0.0,1.0,-1,3,30,1,1,1,13:17,7,2,5
2023122300928,2023,122300928,1,1,2,-1,21,5,3,0,0,1,0,0,9,1,E01012862,-1,0,0.02791,0.97209,-1,6,60,1,1,1,13:07,1,2,9
2023201286089,2023,201286089,1,1,1,2,41,7,3,0,0,0,0,0,9,10,E01032886,3,1,0.0,1.0,-1,2,30,1,1,1,08:15,1,2,9
2023440387030,2023,440387030,1,1,3,2,35,6,3,9,9,0,0,0,0,5,E01023061,-1,0,0.07792,0.92208,-1,6,30,1,1,1,10:30,6,2,9
2023070092895,2023,070092895,2,1,1,1,40,7,3,0,0,0,0,0,1,-1,-1,-1,0,0.03062,0.96938,-1,1,30,1,1,1,11:05,4,2,1
2023131380995,2023,131380995,3,1,1,1,18,4,2,0,0,0,0,0,3,3,E01010825,7,1,1.0,0.0,-1,6,30,1,4,1,17:39,4,3,3
2023031312385,2023,031312385,1,1,1,1,38,7,3,0,0,0,0,0,5,5,E01025153,3,1,0.0,1.0,-1,6,30,1,1,1,14:17,1,4,5
2023010434306,2023,010434306,1,4,2,-1,-1,-1,3,0,0,2,0,0,9,-1,-1,-1,0,0.0,1.0,-1,1,40,8,1,1,17:32,7,2,9
2023061351198,2023,061351198,2,1,1,1,21,5,3,0,0,0,0,0,9,3,E01006115,3,1,0.0,1.0,-1,3,30,1,1,1,18:30,4,2,9
2023010421407,2023,010421407,1,1,3,1,36,7,2,9,6,0,0,0,0,10,E01017822,-1,0,1.0,0.0,-1,6,20,1,4,2,17:48,7,2,9
2023041408690,2023,041408690,3,2,1,1,59,9,3,0,0,0,0,0,9,10,E01025258,3,1,0.0,1.0,-1,3,70,1,6,2,17:15,2,3,9
2023421305297,2023,421305297,2,1,1,2,35,6,3,0,0,0,0,0,9,8,E01021433,3,1,0.0,1.0,-1,6,30,1,1,1,12:45,3,2,9
2023070429211,2023,070429211,3,2,1,2,23,5,3,0,0,0,0,0,3,-1,-1,-1,0,0.07731,0.92269,-1,6,40,1,1,1,14:35,7,3,3
2023531351228,2023,531351228,2,1,1,1,31,6,3,0,0,0,0,0,5,5,E01022334,3,1,0.0,1.0,-1,6,60,1,1,1,09:00,2,3,5
2023111330427,2023,111330427,1,1,3,1,86,11,2,5,1,0,0,0,0,1,E01020880,7,1,1.0,0.0,-1,6,30,1,1,1,17:25,3,1,9
2023221290387,2023,221290387,1,1,3,2,52,8,1,5,1,0,0,2,0,1,E01032332,1,1,0.0,0.0,-1,6,40,2,4,2,21:39,7,1,9
2023320765666,2023,320765666,1,1,3,2,28,6,3,5,1,0,0,0,0,1,E01026092,-1,0,0.04053,0.95947,-1,6,30,2,4,2,17:00,1,1,9
2023430214220,2023,430214220,1,1,3,1,57,9,2,8,6,0,0,0,0,7,E01017668,-1,0,1.0,0.0,-1,6,30,1,1,1,14:24,3,2,9
2023041351568,2023,041351568,2,1,1,2,41,7,3,0,0,0,0,0,9,4,E01005036,3,1,0.0,1.0,-1,6,30,1,1,1,11:22,3,2,9
2023440069116,2023,440069116,1,2,2,1,36,7,2,0,0,1,0,0,9,5,E01022543,-1,0,1.0,0.0,-1,6,50,1,1,1,08:40,1,1,9
2023440459586,2023,440459586,1,1,1,2,31,6,3,0,0,0,0,0,9,6,E01017320,-1,0,0.01675,0.98325,-1,6,30,1,1,1,15:24,5,2,9
2023520400878,2023,520400878,2,1,1,1,84,11,3,0,0,0,0,0,1,7,E01029120,-1,0,0.15528,0.84472,-1,6,30,1,1,1,10:49,7,2,1
202360A081127,2023,60A081127,2,1,1,1,9,2,3,0,0,0,0,0,1,-1,-1,-1,0,0.16646,0.83354,-1,6,30,1,1,1,13:41,2,2,1
2023010446893,2023,010446893,1,1,1,1,22,5,3,0,0,0,0,0,3,8,E01030853,-1,0,0.0,1.0,-1,6,20,1,1,1,12:08,1,2,3
2023041261797,2023,041261797,1,1,3,2,12,3,3,9,7,0,0,0,0,9,E01024979,3,1,0.0,1.0,-1,6,60,2,1,2,07:55,3,1,9
2023440189057,2023,440189057,1,2,2,1,39,7,3,0,0,2,0,0,8,5,E01017013,-1,0,0.02122,0.97878,-1,6,30,1,4,1,01:00,1,2,8
2023471344622,2023,471344622,1,1,1,1,76,11,3,0,0,0,0,0,9,1,E01016868,3,1,0.0,1.0,-1,6,20,1,1,1,16:00,3,1,9
2023221383157,2023,221383157,1,2,3,1,19,4,3,1,3,0,0,0,0,5,E01032411,3,1,0.0,1.0,-1,6,30,1,4,1,19:45,3,1,9
2023010468719,2023,010468719,1,1,3,2,13,3,3,5,2,0,0,0,0,4,E01000242,-1,0,0.0,1.0,-1,6,30,1,1,1,08:10,5,1,9
2023351347160,2023,351347160,2,2,2,2,38,7,3,0,0,0,4,0,11,10,E01018260,3,1,0.0,1.0,-1,6,60,1,1,1,15:15,2,2,11
2023041284750,2023,041284750,2,1,1,1,27,6,3,0,0,0,0,0,9,1,E01025046,3,1,0.0,1.0,-1,6,40,1,1,1,09:20,4,3,9
2023544023423,2023,544023423,1,1,1,2,38,7,3,0,0,0,0,0,9,4,E01015480,-1,0,0.02428,0.97572,-1,6,40,1,1,1,15:41,2,2,9
2023991260109,2023,991260109,2,2,1,1,59,9,2,0,0,0,0,0,19,4,-1,7,1,1.0,0.0,-1,6,40,2,1,2,15:55,5,2,19
2023461279413,2023,461279413,1,2,3,2,79,11,3,5,1,0,0,2,0,10,E01024631,3,1,0.0,1.0,-1,6,30,1,1,1,16:19,5,1,9
2023010437697,2023,010437697,2,1,1,1,36,7,3,0,0,0,0,0,1,3,E01001747,-1,0,0.0,1.0,-1,6,30,1,1,1,11:55,1,2,1
2023311350628,2023,311350628,1,2,1,2,27,6,2,0,0,0,0,0,97,4,E01033406,7,1,1.0,0.0,-1,6,20,1,1,1,18:00,5,1,97
2023101353266,2023,101353266,1,1,3,2,13,3,3,1,1,0,0,0,0,1,E01008729,3,1,0.0,1.0,-1,6,30,2,1,2,08:15,5,1,9
2023010480807,2023,010480807,1,1,3,1,34,6,3,5,3,0,0,0,0,7,E01000147,-1,0,0.0,1.0,-1,6,30,1,4,1,22:20,3,1,9
2023451356196,2023,451356196,1,1,1,1,24,5,2,0,0,0,0,0,3,8,E01030730,7,1,1.0,0.0,-1,6,40,1,1,1,13:00,2,2,3
2023451294943,2023,451294943,1,1,2,2,31,6,3,0,0,2,0,0,8,6,E01030633,3,1,0.0,1.0,-1,6,30,1,1,1,19:20,7,1,8
2023141330688,2023,141330688,2,1,2,2,44,7,3,0,0,1,0,0,9,-1,-1,3,1,0.0,1.0,-1,1,40,2,1,2,13:40,3,2,9
2023451294071,2023,451294071,2,2,2,1,17,4,3,0,0,1,0,0,9,5,E01030983,3,1,0.0,1.0,-1,6,30,1,1,1,13:43,4,4,9
2023541656523,2023,541656523,1,1,1,2,64,9,3,0,0,0,0,0,9,7,E01032084,-1,0,0.03221,0.96779,-1,6,30,1,1,2,11:54,3,2,9
2023991349682,2023,991349682,1,2,2,2,62,9,3,0,0,1,0,0,9,1,-1,3,1,0.0,1.0,-1,3,70,1,1,1,15:00,4,2,9
2023052302699,2023,052302699,1,2,3,2,13,3,2,4,2,0,0,0,0,4,E01006839,-1,0,1.0,0.0,-1,3,30,1,1,2,08:10,6,1,8
2023552301189,2023,552301189,1,1,1,1,13,3,2,0,0,0,0,0,1,9,E01015316,-1,0,1.0,0.0,-1,6,20,1,1,1,15:31,3,2,1
2023010451407,2023,010451407,2,2,1,1,23,5,3,0,0,0,0,0,2,3,E01004208,-1,0,0.0,1.0,-1,3,20,1,1,1,17:21,1,3,2
2023052302503,2023,052302503,2,1,1,2,56,9,3,0,0,0,0,0,3,2,E01006745,-1,0,0.13786,0.86214,-1,6,30,1,4,2,22:30,2,2,3
2023070265602,2023,070265602,2,2,2,1,25,5,3,0,0,1,0,0,9,8,E01018395,-1,0,0.01343,0.98657,-1,6,30,1,1,1,13:30,4,2,9
2023122300710,2023,122300710,2,2,1,2,27,6,3,0,0,0,0,0,9,4,E01027608,-1,0,0.03042,0.96958,-1,6,30,1,1,1,15:51,4,2,9
2023430540448,2023,430540448,1,1,1,2,74,10,3,0,0,0,0,0,9,7,E01016317,-1,0,0.15457,0.84543,-1,6,40,1,4,2,16:00,6,2,9
2023531316882,2023,531316882,2,1,1,1,58,9,3,0,0,0,0,0,9,2,E01022288,3,1,0.0,1.0,-1,3,60,1,1,1,13:40,6,2,9
2023201370373,2023,201370373,2,1,1,1,60,9,3,0,0,0,0,0,1,2,E01010412,3,1,0.0,1.0,-1,6,30,1,1,1,17:44,3,2,1
2023161269307,2023,161269307,1,1,3,1,12,3,2,1,3,0,0,0,0,1,E01012834,7,1,1.0,0.0,-1,3,40,1,1,1,15:23,6,1,9
2023201409429,2023,201409429,1,1,1,1,33,6,3,0,0,0,0,0,19,1,E01010031,3,1,0.0,1.0,-1,3,30,1,4,1,22:14,1,3,19
2023991389039,2023,991389039,1,1,3,1,38,7,1,6,8,0,0,0,0,5,-1,1,1,0.0,0.0,-1,6,60,1,6,2,08:29,7,1,9
2023501354515,2023,501354515,2,1,1,1,43,7,2,0,0,0,0,0,9,4,E01020293,7,1,1.0,0.0,-1,6,60,1,1,1,13:48,2,2,9
2023010471523,2023,010471523,1,1,1,1,35,6,3,0,0,0,0,0,9,4,E01000746,-1,0,0.0,1.0,-1,6,20,9,1,9,17:45,4,2,9
2023421302931,2023,421302931,2,1,1,1,44,7,3,0,0,0,0,0,9,4,E01021598,3,1,0.0,1.0,-1,6,30,1,1,1,17:10,4,2,9
2023141345829,2023,141345829,4,3,2,2,14,3,3,0,0,2,0,0,9,9,E01019795,3,1,0.0,1.0,-1,6,40,1,1,1,13:33,5,4,9
2023010483106,2023,010483106,1,1,3,1,23,5,3,5,9,0,0,0,0,3,E01000441,-1,0,0.0,1.0,-1,6,30,1,4,1,19:48,7,2,9
2023302301034,2023,302301034,1,1,3,2,10,2,2,5,1,0,0,0,0,8,E01019757,-1,0,1.0,0.0,-1,6,30,1,1,1,18:20,5,1,9
2023010463441,2023,010463441,1,1,1,1,21,5,3,0,0,0,0,0,3,7,E01004139,-1,0,0.0,1.0,-1,6,20,1,4,1,23:26,5,2,3
2023501322061,2023,501322061,1,1,1,1,55,8,2,0,0,0,0,0,5,10,E01019905,5,1,1.0,0.0,-1,3,50,1,1,1,14:20,5,1,5
2023161289429,2023,161289429,1,1,3,1,15,3,3,5,1,0,0,2,0,1,E01012842,3,1,0.0,1.0,-1,6,30,1,1,1,08:27,4,1,19
2023010429667,2023,010429667,1,1,1,1,23,5,3,0,0,0,0,0,3,-1,-1,-1,0,0.0,1.0,-1,9,20,1,1,1,14:20,2,2,3
202360A197178,2023,60A197178,1,1,1,1,31,6,3,0,0,0,0,0,3,-1,-1,-1,0,0.1513,0.8487,-1,1,30,2,1,2,12:23,7,1,3
2023351365835,2023,351365835,1,1,1,1,69,10,2,0,0,0,0,0,5,8,E01026542,5,1,1.0,0.0,-1,3,70,1,1,1,15:30,3,1,5
2023041322145,2023,041322145,1,1,1,1,27,6,3,0,0,0,0,0,9,2,E01019166,3,1,0.0,1.0,-1,6,40,2,1,2,18:10,6,1,9
2023421386189,2023,421386189,2,1,1,2,18,4,3,0,0,0,0,0,9,9,E01021873,3,1,0.0,1.0,-1,6,60,1,6,2,20:15,1,2,9
2023010433541,2023,010433541,1,2,3,-1,42,7,3,10,9,0,0,0,0,2,E01001696,-1,0,0.0,1.0,-1,6,30,1,1,2,10:26,4,1,9
2023061318695,2023,061318695,1,1,1,1,22,5,2,0,0,0,0,0,3,1,E01005195,6,1,1.0,0.0,-1,6,20,1,1,1,15:12,4,3,3
2023471329187,2023,471329187,2,1,1,1,45,7,2,0,0,0,0,0,5,7,E01003831,5,1,1.0,0.0,-1,6,60,1,1,1,12:10,1,2,5
2023201346254,2023,201346254,1,3,2,2,33,6,3,0,0,2,0,0,8,9,E01009698,3,1,0.0,1.0,-1,6,30,2,4,2,22:02,7,2,8
2023430312402,2023,430312402,2,1,1,1,38,7,3,0,0,0,0,0,19,10,E01028622,-1,0,0.07298,0.92702,-1,6,60,2,1,2,14:20,6,2,19
2023201292269,2023,201292269,1,1,1,1,19,4,3,0,0,0,0,0,9,4,E01009085,3,1,0.0,1.0,-1,6,30,1,4,1,01:17,7,2,9
2023430555364,2023,430555364,1,1,1,1,56,9,3,0,0,0,0,0,19,6,E01016588,-1,0,0.01104,0.98896,-1,1,30,1,1,1,13:10,5,2,19
2023201408357,2023,201408357,2,1,1,1,31,6,2,0,0,0,0,0,20,1,E01009073,7,1,1.0,0.0,-1,1,30,1,1,1,09:45,2,2,20
2023991267597,2023,991267597,1,1,3,1,56,9,3,5,3,0,0,0,0,1,-1,3,1,0.0,1.0,-1,6,30,1,1,1,15:34,3,1,9
2023411366454,2023,411366454,2,1,1,1,40,7,3,0,0,0,0,0,1,10,E01023734,3,1,0.0,1.0,-1,1,40,2,4,2,06:30,7,2,1
2023010456166,2023,010456166,1,1,1,1,16,4,3,0,0,0,0,0,2,7,E01002226,-1,0,0.0,1.0,-1,1,30,1,1,1,19:10,4,2,2
2023131317249,2023,131317249,1,1,1,1,74,10,2,0,0,0,0,0,5,8,E01011203,7,1,1.0,0.0,-1,3,30,1,1,1,09:00,7,2,5
2023201415136,2023,201415136,2,1,1,2,55,8,3,0,0,0,0,0,9,-1,-1,3,1,0.0,1.0,-1,3,40,4,4,2,08:15,2,2,9
2023522400317,2023,522400317,1,1,1,1,78,11,3,0,0,0,0,0,9,3,E01014687,-1,0,0.05866,0.94134,-1,6,20,1,1,1,13:33,4,2,9
2023010480654,2023,010480654,2,1,1,1,56,9,3,0,0,0,0,0,1,2,E01003304,-1,0,0.0,1.0,-1,6,20,1,1,1,09:35,3,2,1
2023201396614,2023,201396614,2,1,1,1,15,3,3,0,0,0,0,0,1,9,E01009823,3,1,0.0,1.0,-1,6,30,1,1,1,17:30,2,2,1
2023101309514,2023,101309514,2,1,1,1,55,8,2,0,0,0,0,0,1,5,E01008470,7,1,1.0,0.0,-1,1,30,1,1,1,17:20,4,2,1
2023010433277,2023,010433277,1,1,3,2,42,7,2,5,2,0,0,0,0,2,E01004224,-1,0,1.0,0.0,-1,6,20,1,1,1,15:29,2,1,9
2023361353057,2023,361353057,1,1,3,1,74,10,2,10,9,0,0,0,0,9,E01026560,5,1,1.0,0.0,-1,9,20,1,1,1,09:46,7,2,9
2023010427396,2023,010427396,1,1,1,1,43,7,2,0,0,0,0,0,1,2,E01000544,-1,0,1.0,0.0,-1,6,20,1,1,1,08:45,5,2,1
2023052300800,2023,052300800,1,1,1,1,11,3,3,0,0,0,0,0,1,1,E01006721,-1,0,0.15051,0.84949,-1,6,30,1,1,1,18:49,6,2,1
2023631347764,2023,631347764,1,1,1,1,71,10,2,0,0,0,0,0,3,6,W01000919,7,1,1.0,0.0,-1,9,60,1,1,1,17:34,6,1,3
2023131263226,2023,131263226,2,1,1,1,30,6,3,0,0,0,0,0,4,2,E01011255,3,1,0.0,1.0,-1,6,30,2,1,2,14:46,6,2,4
2023141325030,2023,141325030,1,1,3,1,11,3,3,4,1,0,0,0,0,2,E01007539,3,1,0.0,1.0,-1,6,30,1,1,1,11:06,1,1,9
2023010429522,2023,010429522,2,1,1,1,20,4,3,0,0,0,0,0,1,1,E01004248,-1,0,0.0,1.0,-1,3,20,1,4,1,19:05,2,2,1
2023010458282,2023,010458282,1,1,1,1,19,4,3,0,0,0,0,0,3,6,E01001997,-1,0,0.0,1.0,-1,9,20,1,1,1,17:30,7,2,3
2023010444228,2023,010444228,1,1,3,2,74,10,3,5,1,0,0,0,0,-1,-1,-1,0,0.0,1.0,-1,6,30,1,1,1,13:08,1,1,9
2023052302946,2023,052302946,1,1,3,1,60,9,2,1,1,0,0,0,0,-1,-1,-1,0,1.0,0.0,-1,6,30,2,4,2,22:05,1,1,9
2023010443927,2023,010443927,1,1,1,1,41,7,2,0,0,0,0,0,1,7,E01002675,-1,0,1.0,0.0,-1,9,20,1,1,1,19:20,4,1,1
2023141286873,2023,141286873,1,2,2,1,-1,-1,3,0,0,0,0,0,1,-1,-1,3,1,0.0,1.0,-1,6,30,1,4,1,19:16,7,2,1
2023421284102,2023,421284102,1,1,2,1,31,6,3,0,0,1,0,0,9,7,E01021505,3,1,0.0,1.0,-1,3,70,1,1,1,12:55,3,3,9
2023211340939,2023,211340939,1,1,3,1,29,6,3,9,8,0,0,0,0,-1,-1,3,1,0.0,1.0,-1,6,30,1,1,1,13:15,5,1,9
2023010469130,2023,010469130,1,1,1,1,49,8,3,0,0,0,0,0,1,2,E01001746,-1,0,0.0,1.0,-1,6,20,1,1,1,07:00,7,2,1
2023411372826,2023,411372826,2,1,1,1,24,5,3,0,0,0,0,0,2,8,E01002499,3,1,0.0,1.0,-1,6,20,1,1,1,12:15,3,2,2
2023061317318,2023,061317318,1,1,1,1,39,7,3,0,0,0,0,0,9,-1,-1,3,1,0.0,1.0,-1,3,70,1,1,1,20:30,6,2,9
2023141321737,2023,141321737,1,1,1,2,73,10,3,0,0,0,0,0,9,1,E01007574,3,1,0.0,1.0,-1,6,40,1,1,1,15:27,7,2,9
2023461397950,2023,461397950,2,5,2,2,4,1,3,0,0,-1,0,0,9,10,E01024765,3,1,0.0,1.0,-1,6,30,2,1,2,12:35,6,2,9
2023520400453,2023,520400453,1,2,2,2,19,4,3,0,0,1,0,0,9,2,E01015896,-1,0,0.06049,0.93951,-1,6,60,1,1,1,17:59,2,1,9
2023010468273,2023,010468273,1,2,1,1,25,5,3,0,0,0,0,0,1,2,E01002702,-1,0,0.0,1.0,-1,6,20,1,4,1,23:25,2,1,1
2023221358967,2023,221358967,2,1,1,1,64,9,2,0,0,0,0,0,5,7,E01029655,7,1,1.0,0.0,-1,6,40,1,1,1,13:33,3,2,5
2023010437564,2023,010437564,1,1,3,1,55,8,3,8,8,0,0,0,0,3,E01002283,-1,0,0.0,1.0,-1,3,30,1,1,1,15:00,7,1,9
2023010438868,2023,010438868,1,1,3,2,52,8,2,6,9,0,0,0,0,6,E01002955,-1,0,1.0,0.0,-1,7,30,1,1,1,17:22,7,1,9
2023141384590,2023,141384590,1,1,3,1,30,6,3,9,8,0,0,0,0,1,E01007735,3,1,0.0,1.0,-1,3,50,1,4,2,21:56,6,1,98
2023311307020,2023,311307020,1,1,3,1,7,2,2,5,3,0,0,0,0,-1,-1,7,1,1.0,0.0,-1,6,30,1,1,1,18:27,7,1,9
2023010469613,2023,010469613,1,3,2,1,17,4,3,0,0,2,0,0,9,2,E01000051,-1,0,0.0,1.0,-1,6,30,1,1,1,14:06,2,1,9
2023010485676,2023,010485676,1,1,1,2,41,7,3,0,0,0,0,0,9,2,E01001051,-1,0,0.0,1.0,-1,6,20,1,1,1,11:30,5,2,9
2023371350407,2023,371350407,2,3,2,2,21,5,3,0,0,0,0,0,9,4,E01029922,3,1,0.0,1.0,-1,6,60,1,1,2,07:20,3,2,9
2023451302035,2023,451302035,1,1,1,1,58,9,3,0,0,0,0,0,9,9,E01030978,3,1,0.0,1.0,-1,6,40,1,1,1,16:25,4,2,9
2023471321365,2023,471321365,2,1,2,1,4,1,3,0,0,2,0,0,9,2,E01031790,3,1,0.0,1.0,-1,1,30,1,1,1,17:10,4,2,9
2023520400370,2023,520400370,1,1,1,2,62,9,3,0,0,0,0,0,9,-1,-1,-1,0,0.053,0.947,-1,6,40,1,1,1,13:53,3,2,9
2023010439705,2023,010439705,1,1,1,1,31,6,3,0,0,0,0,0,1,5,E01033322,-1,0,0.0,1.0,-1,6,20,1,1,1,08:00,4,2,1
2023061402711,2023,061402711,1,1,1,1,18,4,2,0,0,0,0,0,97,1,E01004794,5,1,1.0,0.0,-1,6,30,1,1,1,16:25,7,2,97
2023010445466,2023,010445466,1,1,1,1,47,8,2,0,0,0,0,0,3,7,E01000791,-1,0,1.0,0.0,-1,6,30,1,1,1,14:30,7,2,3
2023061290471,2023,061290471,1,2,2,2,25,5,3,0,0,2,0,0,8,2,E01017169,3,1,0.0,1.0,-1,6,30,8,4,2,21:45,6,2,8
2023010442049,2023,010442049,1,1,1,1,33,6,3,0,0,0,0,0,1,2,E01000627,-1,0,0.0,1.0,-1,3,20,8,1,2,14:30,3,2,1
2023440418542,2023,440418542,2,1,1,1,24,5,3,0,0,0,0,0,3,3,E01023091,-1,0,0.14287,0.85713,-1,6,60,1,1,2,17:44,5,2,3
2023041342288,2023,041342288,1,3,3,2,13,3,2,6,9,0,0,0,0,1,E01025110,5,1,1.0,0.0,-1,6,40,1,1,1,13:15,3,3,20
2023010428544,2023,010428544,2,1,1,1,36,7,3,0,0,0,0,0,1,8,E01024803,-1,0,0.0,1.0,-1,6,20,9,4,9,18:15,5,2,1
2023010455276,2023,010455276,1,1,3,1,10,2,3,1,3,0,0,0,0,3,E01001203,-1,0,0.0,1.0,-1,9,20,9,1,9,04:10,3,1,9
2023221270995,2023,221270995,1,2,3,2,14,3,3,5,1,0,0,0,0,2,E01032240,3,1,0.0,1.0,-1,6,30,1,1,2,16:10,2,1,9
2023440274004,2023,440274004,1,1,3,2,70,10,3,9,9,0,0,0,0,4,E01023395,-1,0,0.09186,0.90814,-1,6,30,1,1,1,15:01,5,2,9
2023211375046,2023,211375046,1,1,1,2,49,8,3,0,0,0,0,0,9,6,E01029428,3,1,0.0,1.0,-1,6,30,1,1,1,14:46,4,3,9
2023471376928,2023,471376928,1,2,2,1,21,5,2,0,0,2,0,0,9,3,E01016921,5,1,1.0,0.0,-1,6,60,1,6,2,21:50,2,1,9
2023201321020,2023,201321020,1,1,3,2,13,3,3,1,1,0,0,0,0,1,E01010369,3,1,0.0,1.0,-1,6,30,1,1,1,16:32,5,1,9
2023531317217,2023,531317217,1,1,1,1,65,9,2,0,0,0,0,0,1,10,E01022318,7,1,1.0,0.0,-1,6,30,1,4,1,22:30,7,1,1
2023010467904,2023,010467904,2,1,1,1,53,8,3,0,0,0,0,0,8,2,E01002606,-1,0,0.0,1.0,-1,6,30,1,4,1,22:55,7,2,8
2023430168339,2023,430168339,2,1,1,1,27,6,3,0,0,0,0,0,1,5,E01017835,-1,0,0.15422,0.84578,-1,6,30,1,1,1,15:20,3,2,1
2023010477801,2023,010477801,1,1,1,1,31,6,3,0,0,0,0,0,5,1,E01026868,-1,0,0.0,1.0,-1,6,20,1,1,1,12:10,5,2,5
202360A029092,2023,60A029092,1,1,1,1,20,4,2,0,0,0,0,0,5,-1,-1,-1,0,1.0,0.0,-1,2,30,1,1,1,17:02,1,2,5
2023201372822,2023,201372822,1,1,3,1,51,8,3,4,1,0,0,2,0,3,E01010434,3,1,0.0,1.0,-1,3,40,1,1,1,12:00,4,1,20
2023010447480,2023,010447480,1,1,1,1,23,5,3,0,0,0,0,0,3,2,E01001448,-1,0,0.0,1.0,-1,6,20,9,1,9,14:30,3,2,3
2023010477223,2023,010477223,1,1,2,1,62,9,3,0,0,0,3,0,11,2,E01001959,-1,0,0.0,1.0,-1,6,30,1,4,1,18:15,6,1,11
2023010479200,2023,010479200,1,1,1,2,32,6,3,0,0,0,0,0,9,9,E01000991,-1,0,0.0,1.0,-1,6,30,1,1,1,16:06,2,2,9
2023531384301,2023,531384301,1,1,1,1,17,4,2,0,0,0,0,0,9,6,E01022249,7,1,1.0,0.0,-1,6,50,1,1,1,07:20,6,3,9
2023061392099,2023,061392099,1,1,1,1,68,10,2,0,0,0,0,0,9,5,E01005990,5,1,1.0,0.0,-1,3,70,2,4,2,05:58,2,1,9
2023320710235,2023,320710235,1,2,1,2,24,5,2,0,0,0,0,0,9,8,E01026394,-1,0,1.0,0.0,-1,6,30,1,4,1,16:40,5,2,9
2023451385022,2023,451385022,1,1,1,2,53,8,3,0,0,0,0,0,9,6,E01030570,3,1,0.0,1.0,-1,3,40,1,4,1,18:30,7,1,9
2023461284386,2023,461284386,2,1,1,2,35,6,3,0,0,0,0,0,9,1,E01024389,3,1,0.0,1.0,-1,3,50,1,4,1,19:20,6,2,9
2023010432705,2023,010432705,2,1,1,1,33,6,3,0,0,0,0,0,9,8,E01023907,-1,0,0.0,1.0,-1,7,30,1,1,1,14:22,6,2,9
2023010452927,2023,010452927,1,3,2,1,29,6,3,0,0,2,0,0,9,9,E01001386,-1,0,0.0,1.0,-1,7,20,1,1,1,12:35,2,2,9
2023461387337,2023,461387337,1,1,1,2,68,10,2,0,0,0,0,0,9,3,E01024524,5,1,1.0,0.0,-1,6,50,1,6,2,16:33,6,3,9
2023201415176,2023,201415176,1,1,1,-1,34,6,3,0,0,0,0,0,9,2,E01009391,3,1,0.0,1.0,-1,6,30,2,1,2,16:54,4,2,9
2023522300779,2023,522300779,3,1,1,1,21,5,3,0,0,0,0,0,9,1,E01014594,-1,0,0.03996,0.96004,-1,6,40,1,1,1,13:09,3,3,9
2023440323881,2023,440323881,1,1,1,2,25,5,3,0,0,0,0,0,-1,1,E01017037,-1,0,0.13002,0.86998,-1,6,30,1,1,1,11:50,6,2,-1
2023010442259,2023,010442259,2,1,1,1,27,6,2,0,0,0,0,0,3,1,E01004311,-1,0,1.0,0.0,-1,7,30,1,1,2,19:12,4,3,3
2023010470858,2023,010470858,1,1,1,1,31,6,3,0,0,0,0,0,3,6,E01001084,-1,0,0.0,1.0,-1,3,30,9,4,9,23:25,6,2,3
2023010423288,2023,010423288,1,1,1,1,21,5,3,0,0,0,0,0,3,3,E01003989,-1,0,0.0,1.0,-1,6,30,1,4,1,17:10,3,1,3
2023010422162,2023,010422162,2,1,1,1,26,6,3,0,0,0,0,0,4,4,E01002406,-1,0,0.0,1.0,-1,6,20,1,4,1,18:45,4,2,4
2023101261164,2023,101261164,1,1,3,2,13,3,3,9,5,0,0,0,0,6,E01027517,3,1,0.0,1.0,-1,6,30,1,4,2,17:24,6,1,-1
2023010433637,2023,010433637,2,1,1,1,24,5,3,0,0,0,0,0,9,-1,-1,-1,0,0.0,1.0,-1,6,30,1,1,1,15:54,4,4,9
2023170S41873,2023,170S41873,1,1,1,2,22,5,3,0,0,0,0,0,9,7,E01012064,-1,0,0.13468,0.86532,-1,6,60,2,1,2,16:00,5,1,9
2023631344425,2023,631344425,2,5,2,2,2,1,3,0,0,2,0,0,9,7,W01000735,3,1,0.0,1.0,-1,6,40,1,1,2,11:35,3,2,9
2023991276818,2023,991276818,1,3,2,1,17,4,3,0,0,2,0,0,9,8,-1,3,1,0.0,1.0,-1,6,60,1,6,1,22:54,3,1,9
2023131278885,2023,131278885,1,1,3,2,24,5,3,5,2,0,0,2,0,1,E01010609,3,1,0.0,1.0,-1,6,30,1,4,1,18:55,2,1,9
2023070205274,2023,070205274,2,1,1,1,12,3,3,0,0,0,0,0,1,6,E01018595,-1,0,0.10321,0.89679,-1,6,40,1,1,1,17:15,6,2,1
2023010471499,2023,010471499,1,1,1,1,42,7,3,0,0,0,0,0,3,6,E01004174,-1,0,0.0,1.0,-1,6,30,1,1,1,08:40,4,2,3
2023430201293,2023,430201293,1,1,1,1,45,7,3,0,0,0,0,0,3,4,E01017850,-1,0,0.173,0.827,-1,6,30,1,1,1,14:55,2,2,3