collision_index,collision_year,collision_ref_no,vehicle_reference,casualty_reference,casualty_class,sex_of_casualty,age_of_casualty,age_band_of_casualty,casualty_severity,pedestrian_location,pedestrian_movement,car_passenger,bus_or_coach_passenger,pedestrian_road_maintenance_worker,casualty_type,casualty_imd_decile,lsoa_of_casualty,enhanced_casualty_severity,casualty_injury_based,casualty_adjusted_severity_serious,casualty_adjusted_severity_slight,casualty_distance_banding,road_type,speed_limit,weather_conditions,light_conditions,road_surface_conditions,time,day_of_week,number_of_vehicles,vehicle_type
2023201413740,2023,201413740,2,1,1,-1,27,6,3,0,0,0,0,0,9,-1,-1,3,1,0.0,1.0,-1,6,30,1,1,1,23:00,6,2,9
2023332300445,2023,332300445,1,1,1,2,45,7,3,0,0,0,0,0,9,1,E01013728,-1,0,0.02587,0.97413,-1,3,50,1,1,1,08:43,5,2,9
2023340NN1472,2023,340NN1472,1,1,2,2,31,6,3,0,0,1,0,0,9,-1,-1,-1,0,0.05989,0.94011,-1,6,30,1,1,1,16:45,6,2,9
2023991347407,2023,991347407,2,1,2,2,20,4,3,0,0,1,0,0,9,-1,-1,3,1,0.0,1.0,-1,6,40,1,1,1,20:00,1,2,9
2023010422316,2023,010422316,1,1,2,1,71,10,2,0,0,0,2,0,11,9,E01030453,-1,0,1.0,0.0,-1,6,20,1,4,1,16:21,5,1,11
2023010441174,2023,010441174,2,1,2,2,38,7,3,0,0,0,0,0,19,6,E01000273,-1,0,0.0,1.0,-1,3,40,1,1,1,16:56,5,2,19
2023501318763,2023,501318763,3,4,1,2,27,6,3,0,0,0,0,0,19,9,E01019939,3,1,0.0,1.0,-1,6,60,1,1,1,16:39,2,4,19
2023010435756,2023,010435756,1,1,1,2,30,6,3,0,0,0,0,0,3,4,E01001165,-1,0,0.0,1.0,-1,3,20,1,1,1,13:08,2,2,3
2023131332231,2023,131332231,1,1,3,2,32,6,3,5,1,0,0,2,0,1,E01010964,3,1,0.0,1.0,-1,6,30,1,7,1,21:50,4,1,9
2023010484844,2023,010484844,1,1,1,2,55,8,3,0,0,0,0,0,9,2,E01016042,-1,0,0.0,1.0,-1,6,20,1,1,1,13:00,2,3,9
2023361338633,2023,361338633,2,1,1,2,44,7,3,0,0,0,0,0,9,8,E01026849,3,1,0.0,1.0,-1,6,40,1,1,1,12:30,1,2,9
2023010483093,2023,010483093,2,1,1,1,39,7,3,0,0,0,0,0,9,6,E01002365,-1,0,0.0,1.0,-1,6,20,1,4,1,22:15,7,3,9
2023061284759,2023,061284759,2,1,1,1,28,6,3,0,0,0,0,0,9,1,E01006336,3,1,0.0,1.0,-1,3,60,1,1,1,10:00,4,2,9
2023501295105,2023,501295105,1,2,2,2,22,5,3,0,0,2,0,0,9,5,E01015024,3,1,0.0,1.0,-1,3,70,2,1,2,06:45,2,1,9
2023122301304,2023,122301304,1,1,1,1,61,9,2,0,0,0,0,0,3,10,E01027704,-1,0,1.0,0.0,-1,6,50,1,1,1,17:00,4,1,3
2023411364170,2023,411364170,3,2,1,1,35,6,3,0,0,0,0,0,9,2,E01023338,3,1,0.0,1.0,-1,3,40,1,1,1,14:59,7,3,9
2023010429917,2023,010429917,1,1,2,2,29,6,3,0,0,0,3,0,11,2,E01002804,-1,0,0.0,1.0,-1,3,30,1,1,1,16:28,4,2,11
2023351360100,2023,351360100,1,1,1,1,35,6,3,0,0,0,0,0,1,10,E01017955,3,1,0.0,1.0,-1,6,30,1,1,1,14:25,5,2,1
2023332300648,2023,332300648,2,1,1,1,31,6,3,0,0,0,0,0,2,5,E01013784,-1,0,0.06729,0.93271,-1,6,30,2,1,2,17:30,4,2,2
2023041392524,2023,041392524,1,2,2,2,26,6,3,0,0,1,0,0,9,6,E01004883,3,1,0.0,1.0,-1,3,70,1,1,2,12:40,3,1,9
2023010449561,2023,010449561,1,1,1,1,49,8,2,0,0,0,0,0,1,-1,-1,-1,0,1.0,0.0,-1,6,20,1,1,1,16:30,6,1,1
2023610025223,2023,610025223,2,1,1,1,14,3,3,0,0,0,0,0,1,6,W01001372,-1,0,0.10386,0.89614,-1,6,30,1,1,1,14:30,2,2,1
2023071007947,2023,071007947,1,1,2,2,73,10,3,0,0,1,0,0,9,6,E01018355,-1,0,0.14957,0.85043,-1,6,50,1,1,2,17:00,1,2,9
2023201368224,2023,201368224,2,1,1,1,78,11,3,0,0,0,0,0,9,1,E01033187,3,1,0.0,1.0,-1,6,30,1,1,1,10:05,2,2,9
2023211367079,2023,211367079,1,1,1,2,47,8,3,0,0,0,0,0,9,10,E01029854,3,1,0.0,1.0,-1,6,30,1,1,1,15:20,3,2,9
2023010439850,2023,010439850,1,1,1,1,33,6,3,0,0,0,0,0,19,-1,-1,-1,0,0.0,1.0,-1,6,30,2,1,2,16:15,5,2,19
2023161382210,2023,161382210,1,1,1,1,60,9,3,0,0,0,0,0,90,-1,-1,3,1,0.0,1.0,-1,3,30,3,4,4,19:20,6,2,90
2023430056207,2023,430056207,1,1,3,1,41,7,3,9,7,0,0,0,0,10,E01033517,-1,0,0.05012,0.94988,-1,6,30,1,1,1,08:34,6,1,9
2023991392765,2023,991392765,1,1,3,2,38,7,3,6,9,0,0,0,0,-1,-1,3,1,0.0,1.0,-1,6,30,2,1,2,12:20,5,1,9
2023131323735,2023,131323735,1,1,3,1,8,2,3,8,8,0,0,2,0,1,E01011106,3,1,0.0,1.0,-1,6,30,2,1,2,15:30,4,1,9
2023010445556,2023,010445556,1,1,1,1,41,7,2,0,0,0,0,0,4,6,E01033582,-1,0,1.0,0.0,-1,6,30,1,1,1,21:05,7,1,4
2023010433773,2023,010433773,2,1,1,1,31,6,3,0,0,0,0,0,1,2,E01001011,-1,0,0.0,1.0,-1,6,20,1,1,1,13:54,5,2,1
2023622300248,2023,622300248,2,2,1,1,21,5,3,0,0,0,0,0,1,8,W01001724,-1,0,0.0471,0.9529,-1,6,20,9,1,2,14:15,7,2,1
2023320168048,2023,320168048,1,1,1,2,22,5,3,0,0,0,0,0,9,1,E01026157,-1,0,0.14416,0.85584,-1,6,60,1,6,2,20:00,1,1,9
2023520300755,2023,520300755,1,1,1,1,30,6,3,0,0,0,0,0,9,4,E01029171,-1,0,0.01384,0.98616,-1,6,60,1,1,1,17:49,7,2,9
2023010467856,2023,010467856,1,1,1,-1,33,6,3,0,0,0,0,0,1,3,E01002564,-1,0,0.0,1.0,-1,9,30,9,6,9,14:45,7,2,1
2023010448785,2023,010448785,1,1,1,1,20,4,3,0,0,0,0,0,3,3,E01003549,-1,0,0.0,1.0,-1,6,20,1,1,1,15:59,3,3,3
2023122300669,2023,122300669,1,1,1,2,37,7,3,0,0,0,0,0,9,6,E01027742,-1,0,0.04647,0.95353,-1,6,60,1,1,1,17:30,5,2,9
2023201289695,2023,201289695,2,1,1,1,44,7,3,0,0,0,0,0,9,1,E01009380,3,1,0.0,1.0,-1,6,30,1,4,1,01:00,7,2,9
2023361325178,2023,361325178,2,3,1,2,87,11,3,0,0,0,0,0,9,9,E01026552,3,1,0.0,1.0,-1,6,30,1,1,1,07:07,7,2,9
2023461374194,2023,461374194,1,1,2,2,64,9,3,0,0,2,0,0,9,4,E01016072,3,1,0.0,1.0,-1,3,70,2,1,2,14:35,7,1,9
2023010479311,2023,010479311,1,1,1,1,30,6,3,0,0,0,0,0,19,3,E01000138,-1,0,0.0,1.0,-1,6,20,1,1,2,12:40,3,2,19
2023010441316,2023,010441316,1,1,1,1,28,6,3,0,0,0,0,0,3,6,E01002422,-1,0,0.0,1.0,-1,1,30,1,1,1,12:52,5,2,3
2023440206833,2023,440206833,2,3,2,1,65,9,2,0,0,2,0,0,9,9,E01030183,-1,0,1.0,0.0,-1,6,20,1,1,1,12:59,5,3,9
2023631355643,2023,631355643,1,1,1,1,21,5,2,0,0,0,0,0,9,5,W01000528,7,1,1.0,0.0,-1,6,60,2,6,2,00:23,1,1,9
2023481364667,2023,481364667,1,1,2,2,66,10,3,0,0,0,3,0,11,-1,-1,3,1,0.0,1.0,-1,3,20,1,1,1,14:55,3,1,11
2023430397238,2023,430397238,1,2,2,2,27,6,3,0,0,1,0,0,9,-1,-1,-1,0,0.01386,0.98614,-1,2,60,1,1,1,12:55,7,2,9
2023320602663,2023,320602663,2,1,1,1,25,5,2,0,0,0,0,0,1,-1,-1,-1,0,1.0,0.0,-1,6,50,9,1,1,22:15,2,2,1
2023471293478,2023,471293478,2,1,1,2,27,6,3,0,0,0,0,0,1,5,E01031378,3,1,0.0,1.0,-1,6,20,1,1,1,15:40,3,2,1
2023451389444,2023,451389444,1,2,2,2,47,8,3,0,0,1,0,0,9,9,E01032849,3,1,0.0,1.0,-1,3,70,1,1,1,14:12,1,3,9
2023552300786,2023,552300786,1,1,1,2,35,6,3,0,0,0,0,0,9,10,E01020383,-1,0,0.06763,0.93237,-1,6,40,1,1,2,06:44,3,1,9
2023010438231,2023,010438231,1,1,1,2,19,4,3,0,0,0,0,0,-1,1,E01001356,-1,0,0.0,1.0,-1,6,20,1,1,1,15:10,4,2,-1
2023501264778,2023,501264778,1,1,3,2,70,10,3,5,3,0,0,0,0,4,E01015169,3,1,0.0,1.0,-1,3,30,2,4,2,18:00,3,1,9
2023320759261,2023,320759261,1,1,1,1,-1,-1,3,0,0,0,0,0,9,-1,-1,-1,0,0.07899,0.92101,-1,6,60,2,1,2,15:20,1,2,9
2023522400165,2023,522400165,2,2,1,2,20,4,3,0,0,0,0,0,9,4,E01032104,-1,0,0.01691,0.98309,-1,6,30,1,1,1,14:23,5,2,9
2023010425599,2023,010425599,4,3,1,1,48,8,3,0,0,0,0,0,19,3,E01024222,-1,0,0.0,1.0,-1,6,20,1,4,1,20:33,1,4,19
2023421334405,2023,421334405,1,1,1,1,72,10,2,0,0,0,0,0,5,4,E01021863,6,1,1.0,0.0,-1,6,60,1,1,1,13:16,6,2,5
202360A098568,2023,60A098568,1,1,1,1,54,8,1,0,0,0,0,0,5,-1,-1,-1,0,0.0,0.0,-1,6,60,1,1,1,14:43,7,2,5
2023351305226,2023,351305226,1,3,2,2,3,1,3,0,0,-1,0,0,9,4,E01015630,3,1,0.0,1.0,-1,6,60,1,1,1,17:10,3,2,9
2023010465462,2023,010465462,1,4,2,2,5,1,3,0,0,0,4,0,11,2,E01004230,-1,0,0.0,1.0,-1,6,20,1,1,1,08:57,3,2,11
2023141310567,2023,141310567,1,1,1,1,41,7,3,0,0,0,0,0,9,8,E01024995,3,1,0.0,1.0,-1,6,60,1,6,1,00:05,2,1,9
2023401368499,2023,401368499,2,2,2,2,49,8,3,0,0,1,0,0,9,9,E01017398,3,1,0.0,1.0,-1,6,30,1,4,-1,17:45,1,2,9
2023440127195,2023,440127195,1,1,1,2,60,9,3,0,0,0,0,0,9,6,E01031860,-1,0,0.00762,0.99238,-1,7,60,1,1,1,17:30,5,2,9
2023440462640,2023,440462640,1,1,1,1,32,6,3,0,0,0,0,0,9,3,E01023157,-1,0,0.04448,0.95552,-1,6,40,2,1,2,10:34,1,2,9
2023010437638,2023,010437638,1,1,1,1,29,6,3,0,0,0,0,0,9,2,E01001692,-1,0,0.0,1.0,-1,3,30,1,4,1,23:50,7,1,9
2023010471511,2023,010471511,1,1,1,2,24,5,3,0,0,0,0,0,9,5,E01000071,-1,0,0.0,1.0,-1,3,50,2,1,2,07:30,5,2,9
2023101281062,2023,101281062,1,1,1,1,65,9,2,0,0,0,0,0,9,-1,-1,6,1,1.0,0.0,-1,6,40,1,4,2,23:00,2,1,9
2023161259218,2023,161259218,1,1,2,2,26,6,3,0,0,2,0,0,9,1,E01012895,3,1,0.0,1.0,-1,3,30,1,4,2,17:20,2,2,9
2023201284902,2023,201284902,1,1,1,1,78,11,3,0,0,0,0,0,9,1,E01008931,3,1,0.0,1.0,-1,6,30,2,1,2,19:55,3,2,9
2023221306224,2023,221306224,2,4,2,2,17,4,3,0,0,1,0,0,9,8,E01022452,3,1,0.0,1.0,-1,6,40,1,1,1,15:32,5,2,9
2023522301568,2023,522301568,1,1,1,2,42,7,3,0,0,0,0,0,9,8,E01014896,-1,0,0.02826,0.97174,-1,6,30,1,1,1,17:30,7,2,9
2023991328097,2023,991328097,1,1,2,2,80,11,3,0,0,0,4,0,11,1,-1,3,1,0.0,1.0,-1,6,30,1,1,1,14:59,3,1,11
2023201383206,2023,201383206,1,1,3,2,25,5,3,1,1,0,0,2,0,2,E01010065,3,1,0.0,1.0,-1,6,30,2,4,2,23:34,5,1,9
2023401273850,2023,401273850,1,1,3,2,12,3,3,1,3,0,0,0,0,2,E01015741,3,1,0.0,1.0,-1,6,30,1,1,1,08:38,6,1,9
2023010449970,2023,010449970,1,1,2,1,15,3,3,0,0,1,0,0,9,7,E01016123,-1,0,0.0,1.0,-1,3,50,1,1,1,17:40,6,2,9
2023141348026,2023,141348026,1,1,2,1,23,5,3,0,0,2,0,0,9,1,E01007648,3,1,0.0,1.0,-1,6,20,1,1,1,17:19,7,2,9
2023430439050,2023,430439050,1,1,1,1,38,7,3,0,0,0,0,0,9,5,E01028446,-1,0,0.05934,0.94066,-1,6,20,1,1,1,11:35,7,1,9
2023010429001,2023,010429001,2,1,1,1,31,6,3,0,0,0,0,0,1,2,E01002077,-1,0,0.0,1.0,-1,3,30,8,4,1,19:45,6,2,1
2023010469041,2023,010469041,1,1,2,2,23,5,3,0,0,2,0,0,9,-1,-1,-1,0,0.0,1.0,-1,6,30,1,1,1,15:40,6,2,9
2023201291973,2023,201291973,1,1,2,1,40,7,3,0,0,2,0,0,9,2,E01010521,3,1,0.0,1.0,-1,6,30,3,1,3,06:27,6,1,9
2023520300863,2023,520300863,2,2,2,1,22,5,3,0,0,2,0,0,9,2,E01014517,-1,0,0.01901,0.98099,-1,6,60,1,1,1,09:52,4,3,9
2023010444659,2023,010444659,3,1,2,1,22,5,3,0,0,0,0,0,19,-1,-1,-1,0,0.0,1.0,-1,6,40,1,1,1,18:20,3,3,19
2023451358158,2023,451358158,2,1,1,1,41,7,3,0,0,0,0,0,3,10,E01030888,3,1,0.0,1.0,-1,6,30,1,4,1,07:30,7,2,3
2023010446817,2023,010446817,1,1,1,1,21,5,3,0,0,0,0,0,5,1,E01000939,-1,0,0.0,1.0,-1,3,40,1,1,1,20:20,7,2,5
2023010438308,2023,010438308,1,1,3,1,33,6,3,9,9,0,0,0,0,4,E01001087,-1,0,0.0,1.0,-1,3,20,1,5,1,22:14,2,1,9
2023061322570,2023,061322570,1,2,3,2,5,1,3,9,5,0,0,0,0,1,E01006215,3,1,0.0,1.0,-1,6,20,1,1,1,20:25,7,1,9
2023451275002,2023,451275002,1,1,3,1,66,10,2,1,3,0,0,0,0,6,E01030311,7,1,1.0,0.0,-1,3,40,1,4,1,20:20,6,2,9
2023332301216,2023,332301216,2,1,1,1,24,5,3,0,0,0,0,0,-1,2,E01013695,-1,0,0.02671,0.97329,-1,6,30,1,1,1,08:15,6,2,-1
2023332300393,2023,332300393,1,1,1,1,50,8,3,0,0,0,0,0,9,9,E01025731,-1,0,0.00172,0.99828,-1,6,30,1,1,1,16:02,5,2,9
2023010435247,2023,010435247,1,1,1,1,26,6,3,0,0,0,0,0,1,8,E01000969,-1,0,0.0,1.0,-1,2,20,2,1,2,19:10,6,2,1
2023501331114,2023,501331114,2,1,1,2,45,7,3,0,0,0,0,0,1,1,E01019029,3,1,0.0,1.0,-1,1,40,1,1,1,11:10,4,2,1
2023991348061,2023,991348061,1,1,1,1,64,9,2,0,0,0,0,0,5,5,-1,7,1,1.0,0.0,-1,3,70,1,1,1,13:19,7,2,5
2023302300570,2023,302300570,2,1,1,1,38,7,3,0,0,0,0,0,19,8,E01019602,-1,0,0.0169,0.9831,-1,6,50,1,1,1,17:30,6,2,19
2023430344343,2023,430344343,2,2,1,1,31,6,3,0,0,0,0,0,19,-1,-1,-1,0,0.03816,0.96184,-1,1,30,1,4,2,22:37,2,2,19
2023522300928,2023,522300928,1,1,1,1,47,8,3,0,0,0,0,0,1,10,E01014967,-1,0,0.046,0.954,-1,6,30,1,1,1,16:45,5,2,1
2023041320536,2023,041320536,1,1,1,1,68,10,3,0,0,0,0,0,9,9,E01025364,3,1,0.0,1.0,-1,3,70,1,1,1,11:53,5,4,9
202363A010823,2023,63A010823,1,4,2,2,16,4,3,0,0,2,0,0,9,3,W01001137,-1,0,0.20053,0.79947,-1,6,60,1,6,1,04:18,1,1,9
2023010421670,2023,010421670,1,1,1,2,23,5,3,0,0,0,0,0,1,4,E01001406,-1,0,0.0,1.0,-1,9,20,1,4,2,18:40,4,2,1
2023010459745,2023,010459745,1,1,1,1,13,3,3,0,0,0,0,0,1,2,E01004067,-1,0,0.0,1.0,-1,1,20,1,1,1,16:00,3,2,1
2023481359253,2023,481359253,2,1,1,1,24,5,2,0,0,0,0,0,1,-1,-1,6,1,1.0,0.0,-1,3,20,1,4,1,05:55,4,2,1
2023122300622,2023,122300622,1,1,1,1,16,4,3,0,0,0,0,0,2,5,E01027857,-1,0,0.23319,0.76681,-1,6,60,1,6,1,01:42,6,1,2
2023421310954,2023,421310954,2,1,1,1,43,7,2,0,0,0,0,0,9,2,E01015900,7,1,1.0,0.0,-1,6,30,1,1,1,09:30,2,2,9
2023320626990,2023,320626990,1,2,3,2,20,4,3,1,3,0,0,0,0,7,E01013791,-1,0,0.07212,0.92788,-1,6,30,2,1,2,10:00,2,1,9
2023131268993,2023,131268993,1,1,1,1,33,6,3,0,0,0,0,0,1,2,E01011223,3,1,0.0,1.0,-1,6,30,1,4,2,21:48,4,3,1
2023201364148,2023,201364148,1,5,2,2,21,5,2,0,0,1,0,0,9,-1,-1,5,1,1.0,0.0,-1,6,30,1,1,1,12:31,1,2,9
2023221324810,2023,221324810,1,4,2,1,18,4,3,0,0,2,0,0,9,-1,-1,3,1,0.0,1.0,-1,6,60,1,1,1,16:20,6,2,9
2023010449780,2023,010449780,1,2,2,1,-1,-1,3,0,0,2,0,0,9,5,E01023843,-1,0,0.0,1.0,-1,6,40,1,4,1,00:35,7,2,9
2023010482428,2023,010482428,1,1,1,1,40,7,3,0,0,0,0,0,9,5,E01033573,-1,0,0.0,1.0,-1,3,50,1,4,1,20:45,4,2,9
2023061291731,2023,061291731,2,1,1,1,65,9,3,0,0,0,0,0,9,8,E01005361,3,1,0.0,1.0,-1,6,30,1,1,1,13:39,6,2,9
2023201314107,2023,201314107,2,1,1,1,45,7,3,0,0,0,0,0,9,6,E01009278,3,1,0.0,1.0,-1,6,30,1,1,1,07:18,1,2,9
2023361362914,2023,361362914,1,4,2,1,11,3,3,0,0,2,0,0,9,-1,-1,3,1,0.0,1.0,-1,6,40,1,4,2,17:32,7,2,9
2023471314914,2023,471314914,1,1,1,1,57,9,3,0,0,0,0,0,9,6,E01031831,3,1,0.0,1.0,-1,6,30,1,1,1,20:25,7,2,9
2023471325513,2023,471325513,2,1,1,2,22,5,2,0,0,0,0,0,9,6,E01020949,7,1,1.0,0.0,-1,6,60,1,1,1,18:59,2,2,9
2023461334255,2023,461334255,2,1,1,1,53,8,2,0,0,0,0,0,5,10,E01021159,7,1,1.0,0.0,-1,6,30,1,1,1,09:35,6,2,5
2023031383059,2023,031383059,1,2,1,1,84,11,3,0,0,0,0,0,9,6,E01019350,3,1,0.0,1.0,-1,6,50,1,6,2,16:55,3,2,9
2023991338362,2023,991338362,1,1,1,2,35,6,3,0,0,0,0,0,9,6,-1,3,1,0.0,1.0,-1,6,60,1,1,1,09:07,4,2,9
2023991375087,2023,991375087,1,1,1,1,48,8,3,0,0,0,0,0,9,5,-1,3,1,0.0,1.0,-1,6,50,1,4,2,17:40,3,2,9
2023221367040,2023,221367040,1,1,1,1,58,9,2,0,0,0,0,0,19,1,E01013995,7,1,1.0,0.0,-1,6,60,1,1,1,13:14,2,1,19
2023052300981,2023,052300981,1,1,1,1,13,3,2,0,0,0,0,0,-1,1,E01006413,-1,0,1.0,0.0,-1,6,30,1,1,1,18:15,7,2,-1
2023122301330,2023,122301330,2,2,1,2,55,8,3,0,0,0,0,0,9,8,E01027714,-1,0,0.07492,0.92508,-1,6,60,1,6,2,18:12,3,2,9
2023010462736,2023,010462736,1,1,2,2,22,5,3,0,0,2,0,0,9,10,E01002466,-1,0,0.0,1.0,-1,6,20,1,4,1,22:12,1,1,9
2023101380944,2023,101380944,1,2,1,1,27,6,3,0,0,0,0,0,9,3,E01027391,3,1,0.0,1.0,-1,6,30,2,1,2,14:12,2,2,9
2023302300624,2023,302300624,1,1,1,1,23,5,3,0,0,0,0,0,9,6,E01019545,-1,0,0.06456,0.93544,-1,6,40,1,1,1,06:54,7,1,9
2023311342578,2023,311342578,1,2,1,1,18,4,3,0,0,0,0,0,9,7,E01028370,3,1,0.0,1.0,-1,3,70,1,1,1,16:29,6,2,9
2023440401515,2023,440401515,1,1,1,2,64,9,3,0,0,0,0,0,9,9,E01022490,-1,0,0.10828,0.89172,-1,6,50,1,1,1,07:45,2,3,9
2023010459970,2023,010459970,1,1,1,2,87,11,2,0,0,0,0,0,9,4,E01001234,-1,0,1.0,0.0,-1,2,20,1,1,1,15:00,5,1,9
2023320055547,2023,320055547,2,1,2,2,39,7,3,0,0,1,0,0,9,9,E01026194,-1,0,0.01984,0.98016,-1,3,70,1,4,1,17:15,6,2,9
2023547044723,2023,547044723,1,2,2,2,17,4,3,0,0,1,0,0,9,7,E01031978,-1,0,0.05285,0.94715,-1,6,30,9,6,1,00:15,5,1,9
2023991298035,2023,991298035,2,4,2,2,45,7,3,0,0,1,0,0,9,2,-1,3,1,0.0,1.0,-1,6,30,1,1,1,13:45,3,2,9
2023231325274,2023,231325274,2,1,2,1,13,3,3,0,0,0,4,0,11,10,E01010169,3,1,0.0,1.0,-1,6,50,1,1,1,16:18,6,2,11
2023101353699,2023,101353699,2,1,1,1,46,8,2,0,0,0,0,0,19,7,E01008850,6,1,1.0,0.0,-1,3,70,1,1,2,12:29,2,5,19
2023041342025,2023,041342025,1,1,3,1,73,10,2,8,7,0,0,0,0,2,E01025115,7,1,1.0,0.0,-1,6,20,1,1,1,07:05,3,1,9
2023131311500,2023,131311500,2,1,1,1,36,7,3,0,0,0,0,0,1,2,E01011020,3,1,0.0,1.0,-1,9,30,1,1,1,15:30,5,2,1
2023010486447,2023,010486447,1,1,1,1,49,8,3,0,0,0,0,0,3,5,E01000224,-1,0,0.0,1.0,-1,9,20,1,4,2,18:45,5,2,3
2023201292352,2023,201292352,2,2,2,2,25,5,3,0,0,1,0,0,9,7,E01010461,3,1,0.0,1.0,-1,6,30,2,4,2,21:15,3,2,9
2023201387744,2023,201387744,2,6,2,1,3,1,2,0,0,-1,0,0,9,-1,-1,6,1,1.0,0.0,-1,3,40,1,1,1,13:12,1,2,9
2023010472863,2023,010472863,1,1,3,1,25,5,3,9,9,0,0,0,0,5,E01002237,-1,0,0.0,1.0,-1,9,20,1,1,1,11:35,5,1,9
2023122300561,2023,122300561,2,1,1,1,26,6,3,0,0,0,0,0,9,4,E01020667,-1,0,0.0276,0.9724,-1,3,70,1,1,1,18:00,1,2,9
2023141273555,2023,141273555,1,1,1,2,57,9,2,0,0,0,0,0,9,2,E01007815,6,1,1.0,0.0,-1,3,50,1,4,1,17:45,3,4,9
2023141292674,2023,141292674,1,1,2,1,33,6,3,0,0,2,0,0,9,3,E01009620,3,1,0.0,1.0,-1,3,30,1,4,1,05:51,7,1,9
2023430277898,2023,430277898,1,1,1,1,45,7,3,0,0,0,0,0,9,8,E01030668,-1,0,0.02736,0.97264,-1,3,70,1,4,1,23:00,6,2,9
2023440479558,2023,440479558,2,1,1,2,76,11,3,0,0,0,0,0,9,10,E01030886,-1,0,0.06462,0.93538,-1,6,30,1,1,1,12:55,5,2,9
202363D002023,2023,63D002023,1,1,2,1,16,4,3,0,0,2,0,0,9,7,W01000564,-1,0,0.08816,0.91184,-1,3,70,2,1,2,13:10,1,1,9
2023070429211,2023,070429211,1,1,1,1,66,10,3,0,0,0,0,0,9,-1,-1,-1,0,0.13011,0.86989,-1,6,40,1,1,1,14:35,7,3,9
2023461347237,2023,461347237,2,1,1,1,75,10,3,0,0,0,0,0,9,9,E01024104,3,1,0.0,1.0,-1,6,30,1,1,1,15:05,6,2,9
2023010437383,2023,010437383,1,1,1,2,32,6,3,0,0,0,0,0,9,2,E01000785,-1,0,0.0,1.0,-1,1,30,4,1,2,16:35,5,2,9
2023010444872,2023,010444872,1,1,2,1,6,2,1,0,0,2,0,0,9,2,E01004535,-1,0,0.0,0.0,-1,6,20,1,1,1,15:30,4,1,9
2023131368015,2023,131368015,1,1,2,2,15,3,3,0,0,1,0,0,9,1,E01010817,3,1,0.0,1.0,-1,3,70,7,1,2,16:44,7,2,9
2023552300632,2023,552300632,2,4,1,1,37,7,3,0,0,0,0,0,9,4,E01029186,-1,0,0.09211,0.90789,-1,6,60,1,1,1,16:16,6,2,9
2023201400848,2023,201400848,2,1,1,-1,-1,-1,3,0,0,0,0,0,1,-1,-1,3,1,0.0,1.0,-1,3,40,1,1,1,16:48,5,2,1
2023010460371,2023,010460371,1,1,1,1,30,6,3,0,0,0,0,0,3,4,E01001854,-1,0,0.0,1.0,-1,7,20,1,4,1,02:05,1,2,3
2023549913523,2023,549913523,1,1,1,1,19,4,2,0,0,0,0,0,3,6,E01031996,-1,0,1.0,0.0,-1,6,60,1,6,2,20:58,2,2,3
2023201408362,2023,201408362,1,1,2,2,37,7,3,0,0,2,0,0,9,-1,-1,3,1,0.0,1.0,-1,1,70,1,1,1,11:10,7,2,9
202360A191598,2023,60A191598,1,1,1,1,49,8,3,0,0,0,0,0,9,-1,-1,-1,0,0.1442,0.8558,-1,6,60,7,6,2,20:06,3,1,9
2023401313411,2023,401313411,2,1,1,2,54,8,3,0,0,0,0,0,10,4,E01017579,3,1,0.0,1.0,-1,6,30,1,1,1,11:40,5,2,10
2023430103922,2023,430103922,2,2,2,1,16,4,3,0,0,0,0,0,19,-1,-1,-1,0,0.0519,0.9481,-1,3,70,2,4,2,01:35,4,2,19
2023010464625,2023,010464625,2,1,1,1,59,9,3,0,0,0,0,0,1,9,E01002354,-1,0,0.0,1.0,-1,1,30,9,1,1,08:25,1,2,1
2023231313161,2023,231313161,2,1,1,2,55,8,3,0,0,0,0,0,9,8,E01033255,3,1,0.0,1.0,-1,6,20,1,1,1,09:30,7,2,9
2023052300562,2023,052300562,2,1,1,1,84,11,3,0,0,0,0,0,22,1,E01006734,-1,0,0.12718,0.87282,-1,6,30,1,1,1,08:00,4,2,22
2023010441179,2023,010441179,1,1,3,2,47,8,2,8,5,0,0,0,0,9,E01002976,-1,0,1.0,0.0,-1,6,30,1,1,1,14:57,5,1,9
2023010476277,2023,010476277,2,2,2,1,11,3,3,0,0,2,0,0,9,3,E01003563,-1,0,0.0,1.0,-1,6,30,1,1,1,16:21,2,2,9
2023031358159,2023,031358159,1,1,1,1,31,6,2,0,0,0,0,0,9,1,E01025139,6,1,1.0,0.0,-1,6,60,1,1,2,09:15,1,2,9
2023201409746,2023,201409746,2,1,1,2,45,7,3,0,0,0,0,0,9,8,E01009471,3,1,0.0,1.0,-1,3,30,1,4,2,19:20,3,3,9
2023501301361,2023,501301361,1,1,1,1,36,7,3,0,0,0,0,0,9,-1,-1,3,1,0.0,1.0,-1,6,60,1,6,1,21:56,4,1,9
2023211332947,2023,211332947,2,3,1,2,36,7,3,0,0,0,0,0,9,4,E01029423,3,1,0.0,1.0,-1,6,30,1,1,1,15:08,1,2,9
2023311262194,2023,311262194,2,1,1,2,58,9,2,0,0,0,0,0,9,1,E01013881,5,1,1.0,0.0,-1,3,30,2,4,1,18:07,4,2,9
2023421339085,2023,421339085,1,1,3,2,28,6,3,6,9,0,0,0,0,5,E01021518,3,1,0.0,1.0,-1,2,30,1,1,1,12:52,2,1,9