collision_index,collision_year,collision_ref_no,vehicle_reference,casualty_reference,casualty_class,sex_of_casualty,age_of_casualty,age_band_of_casualty,casualty_severity,pedestrian_location,pedestrian_movement,car_passenger,bus_or_coach_passenger,pedestrian_road_maintenance_worker,casualty_type,casualty_imd_decile,lsoa_of_casualty,enhanced_casualty_severity,casualty_injury_based,casualty_adjusted_severity_serious,casualty_adjusted_severity_slight,casualty_distance_banding,road_type,speed_limit,weather_conditions,light_conditions,road_surface_conditions,time,day_of_week,number_of_vehicles,vehicle_type
2023451274872,2023,451274872,1,1,1,1,47,8,3,0,0,0,0,0,9,8,E01030359,3,1,0.0,1.0,-1,6,30,8,1,1,09:05,4,3,9
2023461273013,2023,461273013,1,1,1,2,19,4,3,0,0,0,0,0,9,3,E01024583,3,1,0.0,1.0,-1,3,70,2,6,2,21:14,4,1,9
2023991269272,2023,991269272,1,3,2,2,49,8,2,0,0,1,0,0,9,6,-1,7,1,1.0,0.0,-1,6,60,1,1,1,14:40,7,2,9
2023010477906,2023,010477906,1,1,1,1,38,7,3,0,0,0,0,0,9,6,E01001184,-1,0,0.0,1.0,-1,6,20,1,4,1,01:21,7,2,9
2023461381277,2023,461381277,2,2,2,2,38,7,3,0,0,1,0,0,9,10,E01024820,3,1,0.0,1.0,-1,6,60,1,6,2,16:30,1,2,9
2023010453124,2023,010453124,1,1,2,1,38,7,3,0,0,0,3,0,11,5,E01003140,-1,0,0.0,1.0,-1,6,30,2,1,2,12:25,3,1,11
2023991269380,2023,991269380,1,1,3,1,89,11,1,1,1,0,0,0,0,9,-1,1,1,0.0,0.0,-1,6,40,1,1,2,10:22,1,1,1
2023991353332,2023,991353332,2,1,1,1,39,7,3,0,0,0,0,0,1,10,-1,3,1,0.0,1.0,-1,6,20,1,1,2,16:10,1,2,1
202363D027523,2023,63D027523,1,1,1,1,29,6,3,0,0,0,0,0,5,-1,-1,-1,0,0.29005,0.70995,-1,6,60,1,1,1,19:28,6,1,5
2023041304788,2023,041304788,2,3,2,2,22,5,3,0,0,1,0,0,9,1,E01033231,3,1,0.0,1.0,-1,6,50,2,4,2,21:29,7,3,9
2023141305508,2023,141305508,2,1,2,1,30,6,3,0,0,1,0,0,9,1,E01007714,3,1,0.0,1.0,-1,6,30,1,1,1,17:50,3,3,9
2023141309831,2023,141309831,1,1,2,2,22,5,3,0,0,1,0,0,9,5,E01007476,3,1,0.0,1.0,-1,3,40,1,4,1,21:16,1,1,9
2023141391158,2023,141391158,2,1,1,2,59,9,3,0,0,0,0,0,9,4,E01007393,3,1,0.0,1.0,-1,3,70,1,1,1,14:15,5,3,9
2023010420536,2023,010420536,1,1,1,1,30,6,3,0,0,0,0,0,19,6,E01021204,-1,0,0.0,1.0,-1,3,70,2,4,2,07:20,3,2,19
2023421319511,2023,421319511,1,1,2,1,86,11,2,0,0,1,0,0,9,-1,-1,6,1,1.0,0.0,-1,3,40,1,1,1,13:53,6,4,9
2023010458235,2023,010458235,2,1,1,1,22,5,2,0,0,0,0,0,9,4,E01023302,-1,0,1.0,0.0,-1,3,50,9,1,2,17:52,2,6,9
2023520400056,2023,520400056,1,1,1,1,50,8,3,0,0,0,0,0,9,9,E01029142,-1,0,0.00495,0.99505,-1,6,30,1,1,1,18:00,2,2,9
2023010445350,2023,010445350,1,1,1,2,51,8,3,0,0,0,0,0,3,2,E01003324,-1,0,0.0,1.0,-1,6,30,1,4,1,21:55,6,2,3
2023540958223,2023,540958223,2,1,1,1,35,6,3,0,0,0,0,0,1,6,E01032109,-1,0,0.14449,0.85551,-1,6,60,9,1,1,14:55,6,2,1
2023041330364,2023,041330364,1,2,1,1,40,7,2,0,0,0,0,0,9,1,E01024925,7,1,1.0,0.0,-1,6,60,1,1,1,21:00,2,2,9
2023201381968,2023,201381968,2,4,2,2,5,1,3,0,0,2,0,0,9,1,E01009020,3,1,0.0,1.0,-1,6,30,1,1,1,15:10,3,2,9
2023501266506,2023,501266506,2,4,2,2,7,2,3,0,0,2,0,0,9,4,E01020087,3,1,0.0,1.0,-1,6,60,1,1,4,10:27,7,2,9
2023991263324,2023,991263324,1,1,3,1,7,2,3,6,9,0,0,0,0,3,-1,3,1,0.0,1.0,-1,6,30,2,4,2,18:50,3,1,9
2023430531513,2023,430531513,2,1,2,2,38,7,3,0,0,2,0,0,8,8,E01028367,-1,0,0.00539,0.99461,-1,3,70,1,7,1,17:20,7,2,8
2023010463361,2023,010463361,1,1,3,2,17,4,3,6,9,0,0,0,0,1,E01000105,-1,0,0.0,1.0,-1,6,20,4,1,1,13:30,5,1,9
2023991287284,2023,991287284,1,1,3,2,63,9,3,9,8,0,0,0,0,8,-1,3,1,0.0,1.0,-1,6,20,1,1,1,13:20,4,1,9
2023461294004,2023,461294004,1,2,3,2,77,11,3,5,3,0,0,2,0,5,E01016151,3,1,0.0,1.0,-1,6,30,1,1,1,13:05,5,1,9
2023010449091,2023,010449091,1,1,3,2,6,2,2,5,2,0,0,0,0,2,E01033737,-1,0,1.0,0.0,-1,3,20,1,1,1,16:25,4,1,9
2023201315722,2023,201315722,1,1,1,1,22,5,3,0,0,0,0,0,3,2,E01033624,3,1,0.0,1.0,-1,6,30,1,1,1,18:08,3,2,3
2023010464687,2023,010464687,2,1,1,1,32,6,2,0,0,0,0,0,4,4,E01000612,-1,0,1.0,0.0,-1,6,30,1,4,1,23:25,5,3,4
2023010445127,2023,010445127,1,1,3,1,17,4,2,8,4,0,0,0,0,4,E01003452,-1,0,1.0,0.0,-1,6,30,1,4,1,23:50,5,1,9
2023421310603,2023,421310603,1,1,3,2,57,9,3,6,9,0,0,0,0,2,E01021686,3,1,0.0,1.0,-1,6,30,1,1,1,17:10,7,1,1
2023010433858,2023,010433858,1,1,3,1,36,7,3,9,5,0,0,0,0,5,E01021800,-1,0,0.0,1.0,-1,3,20,2,4,2,20:22,5,1,11
2023010422683,2023,010422683,1,1,1,1,53,8,2,0,0,0,0,0,5,3,E01002771,-1,0,1.0,0.0,-1,6,20,9,1,9,11:55,6,2,5
2023010453135,2023,010453135,2,2,2,2,77,11,3,0,0,1,0,0,9,8,E01000655,-1,0,0.0,1.0,-1,6,60,1,1,2,09:32,3,2,9
2023041326448,2023,041326448,1,2,2,2,7,2,3,0,0,2,0,0,9,8,E01025174,3,1,0.0,1.0,-1,3,40,1,1,1,16:42,5,2,9
2023061371591,2023,061371591,2,1,2,2,6,2,3,0,0,2,0,0,9,9,E01019767,3,1,0.0,1.0,-1,6,30,1,1,-1,14:26,6,2,9
2023131348942,2023,131348942,2,2,2,1,3,1,3,0,0,2,0,0,9,6,E01011446,3,1,0.0,1.0,-1,3,40,1,1,1,08:20,3,2,9
2023522300513,2023,522300513,2,1,1,1,-1,-1,3,0,0,0,0,0,9,-1,-1,-1,0,0.01909,0.98091,-1,6,40,2,1,2,15:16,7,2,9
2023522300971,2023,522300971,2,2,1,1,52,8,3,0,0,0,0,0,9,6,E01029077,-1,0,0.03705,0.96295,-1,6,20,1,1,1,14:35,3,4,9
2023010478323,2023,010478323,1,1,2,2,86,11,3,0,0,0,3,0,11,3,E01003525,-1,0,0.0,1.0,-1,6,30,1,1,1,10:57,4,1,11
2023501392135,2023,501392135,1,1,1,1,28,6,3,0,0,0,0,0,9,4,E01018894,3,1,0.0,1.0,-1,3,70,2,6,2,18:25,2,1,9
2023010469579,2023,010469579,1,1,3,2,53,8,3,1,9,0,0,0,0,2,E01004365,-1,0,0.0,1.0,-1,6,20,8,1,1,08:55,6,1,3
2023010443586,2023,010443586,1,1,1,1,21,5,3,0,0,0,0,0,4,3,E01001941,-1,0,0.0,1.0,-1,6,20,1,4,1,21:45,4,2,4
2023361320438,2023,361320438,1,1,1,1,42,7,3,0,0,0,0,0,5,8,E01026849,3,1,0.0,1.0,-1,6,60,1,1,1,14:40,2,1,5
2023101261281,2023,101261281,2,1,1,2,58,9,2,0,0,0,0,0,1,2,E01008512,7,1,1.0,0.0,-1,1,60,1,1,2,11:15,1,2,1
2023991321370,2023,991321370,2,2,1,1,51,8,3,0,0,0,0,0,8,-1,-1,3,1,0.0,1.0,-1,6,30,2,4,2,22:59,3,2,8
2023010438483,2023,010438483,1,1,1,2,44,7,3,0,0,0,0,0,9,8,E01000695,-1,0,0.0,1.0,-1,6,30,1,1,1,09:30,5,2,9
2023311320088,2023,311320088,1,3,1,2,38,7,3,0,0,0,0,0,9,2,E01028231,3,1,0.0,1.0,-1,6,30,2,4,2,23:42,1,3,9
2023440168663,2023,440168663,1,1,2,2,30,6,3,0,0,1,0,0,9,8,E01030794,-1,0,0.12489,0.87511,-1,3,70,1,6,1,00:30,1,1,9
2023451312068,2023,451312068,1,1,1,1,33,6,3,0,0,0,0,0,9,7,E01002470,3,1,0.0,1.0,-1,1,30,1,1,1,15:52,6,2,9
2023522300495,2023,522300495,2,1,2,2,74,10,3,0,0,1,0,0,9,9,E01014816,-1,0,0.01907,0.98093,-1,6,40,1,1,2,15:14,3,2,9
202360A052126,2023,60A052126,1,1,1,1,33,6,3,0,0,0,0,0,9,-1,-1,-1,0,0.06109,0.93891,-1,1,40,1,1,2,19:50,2,2,9
2023991393057,2023,991393057,2,2,1,2,73,10,3,0,0,0,0,0,9,9,-1,3,1,0.0,1.0,-1,3,30,1,4,2,17:10,5,2,9
2023101320267,2023,101320267,1,4,2,1,45,7,3,0,0,0,4,0,11,-1,-1,3,1,0.0,1.0,-1,3,30,1,1,1,09:17,6,1,11
2023131381480,2023,131381480,3,5,2,1,55,8,3,0,0,1,0,0,9,6,E01010012,3,1,0.0,1.0,-1,9,70,7,6,2,16:17,6,3,9
2023221291843,2023,221291843,1,1,1,2,19,4,3,0,0,0,0,0,9,7,E01014007,3,1,0.0,1.0,-1,6,60,1,1,1,07:30,3,2,9
2023141337636,2023,141337636,1,1,1,1,35,6,3,0,0,0,0,0,9,-1,-1,3,1,0.0,1.0,-1,6,30,2,1,2,16:23,4,2,9
2023471317206,2023,471317206,2,5,2,2,6,2,3,0,0,2,0,0,9,6,E01021097,3,1,0.0,1.0,-1,6,40,1,1,1,15:40,7,2,9
2023122400005,2023,122400005,1,1,3,1,29,6,3,4,1,0,0,0,0,4,E01027678,-1,0,0.12472,0.87528,-1,6,30,1,4,2,21:15,6,1,9
2023471322829,2023,471322829,1,1,3,1,4,1,2,5,1,0,0,0,0,6,E01016874,7,1,1.0,0.0,-1,6,20,1,1,1,13:20,2,1,1
2023052302428,2023,052302428,1,1,3,2,21,5,3,6,9,0,0,0,0,2,E01006726,-1,0,0.11475,0.88525,-1,6,30,2,1,2,14:10,6,1,23
2023501373460,2023,501373460,1,1,3,1,26,6,2,4,3,0,0,0,0,4,E01020180,5,1,1.0,0.0,-1,6,30,1,4,1,18:15,7,1,9
2023141355942,2023,141355942,1,2,2,1,25,5,2,0,0,1,0,0,9,9,E01007951,5,1,1.0,0.0,-1,6,50,1,1,1,15:55,1,2,9
2023471320951,2023,471320951,2,2,2,1,30,6,2,0,0,1,0,0,9,3,E01031559,6,1,1.0,0.0,-1,3,50,1,1,1,18:00,3,3,9
2023061272790,2023,061272790,1,1,3,2,18,4,3,5,1,0,0,0,0,2,E01004817,3,1,0.0,1.0,-1,6,30,1,1,1,14:50,5,1,98
2023201363723,2023,201363723,1,1,3,1,49,8,3,6,9,0,0,0,0,1,E01009134,3,1,0.0,1.0,-1,6,30,1,1,1,14:36,4,1,9
2023101343359,2023,101343359,2,1,1,1,21,5,3,0,0,0,0,0,1,10,E01008373,3,1,0.0,1.0,-1,6,20,1,1,1,09:00,4,2,1
2023311278384,2023,311278384,2,1,1,2,49,8,3,0,0,0,0,0,1,2,E01007497,3,1,0.0,1.0,-1,6,30,1,1,1,10:45,7,2,1
2023520301827,2023,520301827,2,1,1,1,34,6,3,0,0,0,0,0,4,7,E01029275,-1,0,0.15388,0.84612,-1,6,50,1,6,1,18:00,7,2,4
2023522300527,2023,522300527,1,1,1,1,43,7,2,0,0,0,0,0,1,3,E01014502,-1,0,1.0,0.0,-1,2,20,1,4,1,05:30,4,2,1
2023041331550,2023,041331550,2,3,2,1,25,5,3,0,0,1,0,0,9,1,E01012641,3,1,0.0,1.0,-1,6,30,1,1,1,16:43,4,2,9
2023122300848,2023,122300848,2,2,1,2,67,10,3,0,0,0,0,0,9,6,E01027570,-1,0,0.06158,0.93842,-1,6,60,1,1,1,15:25,6,2,9
2023631320416,2023,631320416,1,2,2,2,28,6,2,0,0,2,0,0,9,3,W01000604,7,1,1.0,0.0,-1,6,60,1,1,1,17:59,1,2,9
2023221274073,2023,221274073,5,2,2,1,41,7,3,0,0,0,0,0,19,2,E01032303,3,1,0.0,1.0,-1,3,70,1,4,1,22:11,4,5,19
202360A079384,2023,60A079384,2,1,1,2,16,4,3,0,0,0,0,0,1,-1,-1,-1,0,0.14668,0.85332,-1,6,60,1,1,1,18:00,6,2,1
2023231295275,2023,231295275,1,1,1,1,19,4,3,0,0,0,0,0,3,3,E01031261,3,1,0.0,1.0,-1,6,50,1,1,1,16:37,7,2,3
2023052300409,2023,052300409,2,1,1,1,-1,-1,3,0,0,0,0,0,9,-1,-1,-1,0,0.02843,0.97157,-1,6,30,1,1,1,10:10,3,4,9
2023332300118,2023,332300118,1,1,1,1,33,6,3,0,0,0,0,0,9,1,E01013634,-1,0,0.01362,0.98638,-1,6,30,1,1,1,12:55,4,2,9
2023351363858,2023,351363858,2,4,2,2,36,7,2,0,0,1,0,0,9,5,E01033113,6,1,1.0,0.0,-1,6,60,1,1,1,18:01,2,4,9
2023991293345,2023,991293345,2,3,1,1,23,5,3,0,0,0,0,0,9,8,-1,3,1,0.0,1.0,-1,6,30,1,1,1,07:50,6,2,9
2023010478281,2023,010478281,1,1,3,2,73,10,3,5,3,0,0,0,0,7,E01004175,-1,0,0.0,1.0,-1,2,20,2,1,2,09:35,5,1,9
2023311272478,2023,311272478,1,1,3,1,60,9,2,2,1,0,0,0,0,6,E01013894,7,1,1.0,0.0,-1,9,20,1,1,1,12:29,7,1,9
2023320057460,2023,320057460,1,1,3,2,51,8,3,8,3,0,0,0,0,5,E01032988,-1,0,0.15894,0.84106,-1,6,30,1,4,1,17:13,7,1,9
2023471326775,2023,471326775,2,1,1,1,52,8,3,0,0,0,0,0,5,4,E01013986,3,1,0.0,1.0,-1,6,30,1,1,1,18:18,5,2,5
2023041321341,2023,041321341,1,2,1,1,11,3,2,0,0,0,0,0,1,1,E01025287,7,1,1.0,0.0,-1,6,20,1,1,1,17:20,4,2,1
2023522301821,2023,522301821,2,1,1,1,38,7,3,0,0,0,0,0,23,9,E01022418,-1,0,0.1081,0.8919,-1,6,30,1,1,2,08:30,6,2,23
2023010430921,2023,010430921,1,1,3,1,57,9,2,1,3,0,0,0,0,5,E01003945,-1,0,1.0,0.0,-1,1,20,1,1,1,14:23,3,1,9
2023131388035,2023,131388035,2,1,1,1,13,3,3,0,0,0,0,0,1,1,E01010782,3,1,0.0,1.0,-1,6,30,1,5,2,08:15,5,2,1
2023311326312,2023,311326312,1,1,3,2,66,10,3,5,1,0,0,0,0,-1,-1,3,1,0.0,1.0,-1,6,30,1,1,2,15:45,4,1,9
2023010472957,2023,010472957,1,1,1,-1,39,7,3,0,0,0,0,0,1,4,E01002611,-1,0,0.0,1.0,-1,7,20,2,4,2,19:12,5,2,1
2023161307123,2023,161307123,2,1,1,1,45,7,3,0,0,0,0,0,1,1,E01012840,3,1,0.0,1.0,-1,3,30,1,1,1,08:00,5,2,1
2023010481287,2023,010481287,1,1,2,2,64,9,3,0,0,2,0,0,8,1,E01001410,-1,0,0.0,1.0,-1,1,30,1,1,2,10:26,6,2,8
2023122400049,2023,122400049,1,1,3,2,20,4,3,5,3,0,0,0,0,-1,-1,-1,0,0.05853,0.94147,-1,6,30,1,4,1,16:30,5,1,9
2023501316036,2023,501316036,1,2,3,1,1,1,3,10,9,0,0,-1,0,4,E01020002,3,1,0.0,1.0,-1,6,20,1,1,1,15:12,4,1,9
2023122301310,2023,122301310,2,2,1,1,54,8,2,0,0,0,0,0,11,3,E01011267,-1,0,1.0,0.0,-1,6,60,1,1,1,14:21,1,3,11
2023101262377,2023,101262377,2,3,1,2,61,9,3,0,0,0,0,0,9,5,E01008306,3,1,0.0,1.0,-1,1,30,1,4,1,16:45,4,2,9
2023471314397,2023,471314397,1,3,2,1,21,5,2,0,0,2,0,0,9,10,E01032839,6,1,1.0,0.0,-1,1,30,1,4,1,03:10,7,1,9
2023041389143,2023,041389143,2,2,1,1,43,7,3,0,0,0,0,0,9,4,E01025065,3,1,0.0,1.0,-1,6,60,1,1,1,15:28,7,2,9
2023141280535,2023,141280535,1,4,2,1,18,4,3,0,0,1,0,0,9,-1,-1,3,1,0.0,1.0,-1,3,50,1,4,2,01:24,1,2,9
2023461326593,2023,461326593,1,1,1,2,34,6,3,0,0,0,0,0,9,5,E01024537,3,1,0.0,1.0,-1,6,60,1,1,1,17:51,1,2,9
2023471291096,2023,471291096,1,2,2,2,26,6,3,0,0,2,0,0,9,5,E01031370,3,1,0.0,1.0,-1,6,30,1,4,1,21:28,2,2,9
2023201376899,2023,201376899,1,1,1,2,77,11,2,0,0,0,0,0,9,2,E01010045,7,1,1.0,0.0,-1,6,30,1,1,1,13:54,3,1,9
2023411393998,2023,411393998,1,1,1,1,17,4,3,0,0,0,0,0,9,7,E01023618,3,1,0.0,1.0,-1,3,70,1,6,1,16:15,2,3,9
2023421362534,2023,421362534,2,2,1,1,79,11,3,0,0,0,0,0,9,3,E01021594,3,1,0.0,1.0,-1,6,60,2,1,2,11:22,6,2,9
202360A104470,2023,60A104470,1,1,1,1,21,5,2,0,0,0,0,0,9,-1,-1,-1,0,1.0,0.0,-1,6,60,1,6,1,23:34,2,1,9
2023131317116,2023,131317116,1,1,3,2,74,10,2,8,3,0,0,2,0,4,E01011808,6,1,1.0,0.0,-1,6,30,1,1,1,11:40,7,1,9
2023122300445,2023,122300445,2,1,1,1,31,6,2,0,0,0,0,0,4,7,E01027860,-1,0,1.0,0.0,-1,6,60,1,4,1,00:16,1,2,4
2023471374159,2023,471374159,1,2,2,2,70,10,2,0,0,1,0,0,5,10,E01022928,6,1,1.0,0.0,-1,6,60,1,1,1,12:30,7,1,5
2023010470726,2023,010470726,1,1,1,1,52,8,2,0,0,0,0,0,1,4,E01003278,-1,0,1.0,0.0,-1,6,30,1,1,1,10:15,1,2,1
2023061301813,2023,061301813,1,1,3,1,5,1,2,5,1,0,0,0,0,3,E01006159,7,1,1.0,0.0,-1,6,30,1,1,1,16:50,5,1,9
2023340WN5432,2023,340WN5432,2,2,1,1,27,6,3,0,0,0,0,0,9,4,E01027252,-1,0,0.04475,0.95525,-1,1,50,1,1,1,14:20,7,2,9
2023061388399,2023,061388399,1,1,3,1,77,11,2,5,3,0,0,0,0,-1,-1,7,1,1.0,0.0,-1,6,30,1,4,2,18:56,5,1,9
2023531333692,2023,531333692,1,1,3,1,51,8,3,10,5,0,0,0,0,5,E01022421,3,1,0.0,1.0,-1,6,30,1,1,1,14:43,2,1,19
2023010442120,2023,010442120,1,1,1,2,56,9,3,0,0,0,0,0,1,2,E01003540,-1,0,0.0,1.0,-1,9,30,9,1,9,17:30,4,2,1
2023010456644,2023,010456644,2,1,1,1,25,5,3,0,0,0,0,0,3,5,E01000383,-1,0,0.0,1.0,-1,6,30,2,1,2,13:18,7,2,3
2023340NN2162,2023,340NN2162,1,1,1,1,59,9,3,0,0,0,0,0,4,8,E01026977,-1,0,0.21371,0.78629,-1,3,40,1,1,1,15:30,7,1,4
2023991356242,2023,991356242,1,1,1,1,36,7,2,0,0,0,0,0,5,-1,-1,7,1,1.0,0.0,-1,6,60,1,1,2,17:25,2,2,5
2023371346314,2023,371346314,1,1,3,2,65,9,3,5,3,0,0,0,0,8,E01030293,3,1,0.0,1.0,-1,6,20,1,1,1,10:23,7,1,19
2023131348923,2023,131348923,2,1,1,2,40,7,3,0,0,0,0,0,1,1,E01010710,3,1,0.0,1.0,-1,6,30,1,1,1,10:08,6,2,1
2023481363615,2023,481363615,1,1,1,1,44,7,3,0,0,0,0,0,1,-1,-1,3,1,0.0,1.0,-1,6,20,1,1,1,16:18,5,2,1
2023991306958,2023,991306958,2,1,1,1,63,9,3,0,0,0,0,0,1,-1,-1,3,1,0.0,1.0,-1,1,30,1,1,1,14:50,7,2,1
2023041264634,2023,041264634,2,1,1,1,34,6,3,0,0,0,0,0,9,7,E01024905,3,1,0.0,1.0,-1,6,20,8,4,4,23:11,3,2,9
2023061310686,2023,061310686,1,1,1,1,63,9,2,0,0,0,0,0,9,-1,-1,7,1,1.0,0.0,-1,6,30,2,4,1,21:51,2,2,9
2023201373825,2023,201373825,3,1,2,1,9,2,3,0,0,2,0,0,9,1,E01009498,3,1,0.0,1.0,-1,6,30,1,1,1,10:58,1,3,9
2023371349517,2023,371349517,1,1,2,2,11,3,2,0,0,-1,0,0,9,-1,-1,7,1,1.0,0.0,-1,6,30,1,1,1,10:41,4,2,9
2023991263552,2023,991263552,2,1,1,1,54,8,3,0,0,0,0,0,9,9,-1,3,1,0.0,1.0,-1,6,20,1,1,1,16:00,6,2,9
2023991275939,2023,991275939,2,1,1,2,31,6,3,0,0,0,0,0,9,5,-1,3,1,0.0,1.0,-1,6,30,1,1,1,10:52,2,2,9
2023991313535,2023,991313535,1,1,1,2,75,10,3,0,0,0,0,0,9,-1,-1,3,1,0.0,1.0,-1,6,60,1,1,1,14:30,4,1,9
2023231374075,2023,231374075,1,3,2,2,22,5,3,0,0,1,0,0,9,-1,-1,3,1,0.0,1.0,-1,6,30,1,4,1,23:30,4,3,9
2023441369099,2023,441369099,1,2,2,2,29,6,3,0,0,1,0,0,9,10,E01023097,3,1,0.0,1.0,-1,3,30,1,1,1,14:40,3,1,9
2023501370795,2023,501370795,1,2,1,2,26,6,3,0,0,0,0,0,9,2,E01019047,3,1,0.0,1.0,-1,6,40,2,1,2,16:30,7,2,9
2023461337431,2023,461337431,2,1,1,1,47,8,3,0,0,0,0,0,9,10,E01024341,3,1,0.0,1.0,-1,6,30,1,1,1,15:18,6,2,9
2023461347420,2023,461347420,1,1,1,1,19,4,3,0,0,0,0,0,9,10,E01024631,3,1,0.0,1.0,-1,6,60,1,1,1,11:57,4,2,9
2023531273545,2023,531273545,1,1,2,2,26,6,3,0,0,1,0,0,9,6,E01032934,3,1,0.0,1.0,-1,6,30,1,4,2,00:25,7,1,9
2023631358215,2023,631358215,1,2,2,1,47,8,2,0,0,0,0,0,9,7,E01018711,6,1,1.0,0.0,-1,6,20,2,1,2,11:35,1,3,9
2023231352373,2023,231352373,1,1,1,1,29,6,3,0,0,0,0,0,9,4,E01031086,3,1,0.0,1.0,-1,6,40,1,1,1,13:00,4,5,9
2023101356223,2023,101356223,2,1,1,1,6,2,3,0,0,0,0,0,1,1,E01008846,3,1,0.0,1.0,-1,6,30,1,4,1,19:56,2,2,1
2023430455749,2023,430455749,2,1,1,1,82,11,2,0,0,0,0,0,1,7,E01002465,-1,0,1.0,0.0,-1,3,30,1,1,1,14:43,3,2,1
2023010448741,2023,010448741,1,1,1,2,31,6,3,0,0,0,0,0,3,6,E01004108,-1,0,0.0,1.0,-1,9,30,1,1,1,12:00,4,2,3
2023010432273,2023,010432273,1,1,1,1,75,10,3,0,0,0,0,0,5,10,E01021251,-1,0,0.0,1.0,-1,3,20,1,4,1,18:37,3,1,5
2023010479207,2023,010479207,1,1,1,1,34,6,3,0,0,0,0,0,9,2,E01003925,-1,0,0.0,1.0,-1,9,20,1,1,1,08:47,2,2,9
2023471374106,2023,471374106,1,1,1,2,50,8,3,0,0,0,0,0,9,5,E01031671,3,1,0.0,1.0,-1,3,70,1,4,1,17:09,2,2,9
2023522400064,2023,522400064,1,1,3,2,17,4,3,5,1,0,0,0,0,6,E01014813,-1,0,0.09844,0.90156,-1,6,30,1,1,1,14:37,6,1,3
2023131378620,2023,131378620,1,1,1,1,21,5,2,0,0,0,0,0,1,7,E01011692,7,1,1.0,0.0,-1,6,30,1,1,1,07:51,6,2,1
2023471381004,2023,471381004,1,1,1,1,22,5,3,0,0,0,0,0,1,3,E01016907,3,1,0.0,1.0,-1,6,30,1,4,1,22:26,7,1,1
2023141315132,2023,141315132,1,1,1,1,28,6,3,0,0,0,0,0,9,6,E01007565,3,1,0.0,1.0,-1,6,30,1,4,1,11:53,7,2,9
2023231372585,2023,231372585,3,1,1,2,30,6,3,0,0,0,0,0,9,2,E01031092,3,1,0.0,1.0,-1,1,30,2,1,2,13:25,4,3,9
2023010427362,2023,010427362,1,1,1,2,23,5,3,0,0,0,0,0,3,5,E01004644,-1,0,0.0,1.0,-1,9,20,1,1,1,17:00,3,2,3
2023302301664,2023,302301664,1,1,3,1,45,7,3,5,3,0,0,0,0,10,E01019702,-1,0,0.09352,0.90648,-1,6,30,1,1,2,16:30,3,1,9
2023010453013,2023,010453013,2,1,1,1,7,2,3,0,0,0,0,0,1,2,E01001442,-1,0,0.0,1.0,-1,6,30,1,1,1,17:10,2,2,1
2023010469347,2023,010469347,2,1,1,1,38,7,3,0,0,0,0,0,1,-1,-1,-1,0,0.0,1.0,-1,3,20,1,1,1,18:31,7,2,1
2023010475407,2023,010475407,1,1,1,1,52,8,3,0,0,0,0,0,8,2,E01003968,-1,0,0.0,1.0,-1,3,20,2,4,2,23:30,4,2,8
2023010428636,2023,010428636,1,1,3,2,74,10,3,1,1,0,0,0,0,-1,-1,-1,0,0.0,1.0,-1,6,20,9,1,1,16:26,4,1,19
2023451292210,2023,451292210,1,1,3,1,25,5,2,5,3,0,0,0,0,3,E01030354,5,1,1.0,0.0,-1,6,40,1,4,2,02:09,4,1,98
2023531305940,2023,531305940,1,1,3,1,14,3,3,8,1,0,0,0,0,10,E01022283,3,1,0.0,1.0,-1,3,40,2,1,2,16:35,4,1,19
2023332300744,2023,332300744,1,1,3,2,55,8,2,5,9,0,0,0,0,7,E01025983,-1,0,1.0,0.0,-1,6,30,1,1,1,15:20,2,1,9
2023421342443,2023,421342443,2,1,1,1,40,7,3,0,0,0,0,0,1,3,E01004303,3,1,0.0,1.0,-1,6,60,1,1,1,16:45,4,2,1
2023421352651,2023,421352651,2,1,1,1,-1,-1,3,0,0,0,0,0,1,4,E01021598,3,1,0.0,1.0,-1,6,30,1,1,1,13:00,6,2,1
2023061317948,2023,061317948,1,1,3,1,37,7,2,6,9,0,0,0,0,9,E01006091,7,1,1.0,0.0,-1,3,30,1,4,1,23:00,4,1,9
2023221321896,2023,221321896,1,1,3,2,24,5,2,6,9,0,0,0,0,9,E01028865,7,1,1.0,0.0,-1,6,30,1,1,1,14:00,4,1,11
2023010442316,2023,010442316,1,1,1,1,23,5,3,0,0,0,0,0,3,5,E01003327,-1,0,0.0,1.0,-1,3,20,9,4,9,23:00,2,2,3
2023041263303,2023,041263303,2,2,1,1,31,6,3,0,0,0,0,0,9,3,E01012691,3,1,0.0,1.0,-1,6,30,2,1,2,11:06,7,2,9
2023122300555,2023,122300555,2,4,2,2,54,8,2,0,0,1,0,0,9,8,E01027634,-1,0,1.0,0.0,-1,6,60,1,1,1,16:20,6,2,9
2023332300050,2023,332300050,2,1,1,2,38,7,1,0,0,0,0,0,9,5,E01000302,-1,0,0.0,0.0,-1,6,60,1,1,2,15:20,4,2,9
2023361381793,2023,361381793,2,2,1,1,77,11,2,0,0,0,0,0,9,4,E01018095,6,1,1.0,0.0,-1,6,60,1,6,2,17:57,7,2,9
2023531367862,2023,531367862,1,1,1,1,43,7,3,0,0,0,0,0,9,6,E01022226,3,1,0.0,1.0,-1,6,60,1,6,1,23:50,6,1,9
2023545523023,2023,545523023,1,1,1,1,33,6,3,0,0,0,0,0,9,9,E01031878,-1,0,0.05174,0.94826,-1,6,30,1,1,1,12:15,6,2,9