collision_index,collision_year,collision_ref_no,vehicle_reference,casualty_reference,casualty_class,sex_of_casualty,age_of_casualty,age_band_of_casualty,casualty_severity,pedestrian_location,pedestrian_movement,car_passenger,bus_or_coach_passenger,pedestrian_road_maintenance_worker,casualty_type,casualty_imd_decile,lsoa_of_casualty,enhanced_casualty_severity,casualty_injury_based,casualty_adjusted_severity_serious,casualty_adjusted_severity_slight,casualty_distance_banding,road_type,speed_limit,weather_conditions,light_conditions,road_surface_conditions,time,day_of_week,number_of_vehicles,vehicle_type
2023552300515,2023,552300515,2,3,2,1,4,1,3,0,0,2,0,0,9,5,E01023027,-1,0,0.07553,0.92447,-1,6,40,1,1,1,13:28,1,3,9
2023411364170,2023,411364170,2,1,1,1,44,7,3,0,0,0,0,0,9,-1,-1,3,1,0.0,1.0,-1,3,40,1,1,1,14:59,7,3,9
2023461342733,2023,461342733,2,1,1,1,65,9,3,0,0,0,0,0,9,2,E01003994,3,1,0.0,1.0,-1,6,40,1,1,1,16:15,2,2,9
202360A090536,2023,60A090536,1,1,1,2,63,9,3,0,0,0,0,0,9,-1,-1,-1,0,0.14366,0.85634,-1,6,60,1,1,1,17:04,2,2,9
2023991380505,2023,991380505,2,2,1,1,35,6,3,0,0,0,0,0,9,-1,-1,3,1,0.0,1.0,-1,6,60,1,1,4,13:00,4,2,9
2023010466416,2023,010466416,1,2,2,2,40,7,3,0,0,2,0,0,9,9,E01003868,-1,0,0.0,1.0,-1,6,20,1,1,1,14:00,7,2,9
2023010468281,2023,010468281,1,1,1,2,28,6,3,0,0,0,0,0,9,3,E01004126,-1,0,0.0,1.0,-1,9,30,9,1,9,17:35,5,2,9
2023430370947,2023,430370947,1,1,1,1,38,7,3,0,0,0,0,0,9,-1,-1,-1,0,0.12854,0.87146,-1,6,30,1,4,1,04:48,7,1,9
2023430374023,2023,430374023,2,1,1,1,40,7,3,0,0,0,0,0,9,1,E01027177,-1,0,0.02946,0.97054,-1,3,70,1,7,1,02:34,2,2,9
2023201315772,2023,201315772,2,2,1,1,78,11,3,0,0,0,0,0,9,9,E01009787,3,1,0.0,1.0,-1,6,30,1,1,1,17:15,5,2,9
2023311338246,2023,311338246,1,1,2,2,36,7,3,0,0,1,0,0,9,8,E01019493,3,1,0.0,1.0,-1,7,50,1,1,1,15:10,5,2,9
2023351377087,2023,351377087,2,2,1,1,59,9,3,0,0,0,0,0,9,4,E01026659,3,1,0.0,1.0,-1,6,60,1,1,1,13:05,3,2,9
2023622300665,2023,622300665,2,3,2,1,8,2,3,0,0,2,0,0,9,5,W01001096,-1,0,0.02306,0.97694,-1,6,30,1,1,1,14:23,6,2,9
2023332300081,2023,332300081,2,1,1,2,47,8,3,0,0,0,0,0,9,5,E01013700,-1,0,0.01234,0.98766,-1,6,30,1,1,2,08:51,5,2,9
2023991289619,2023,991289619,1,1,1,1,26,6,2,0,0,0,0,0,9,1,-1,5,1,1.0,0.0,-1,3,50,1,1,1,16:11,4,3,9
2023010460871,2023,010460871,1,1,1,1,54,8,3,0,0,0,0,0,19,7,E01021759,-1,0,0.0,1.0,-1,3,70,1,1,1,05:30,4,2,19
2023461284265,2023,461284265,2,1,1,1,-1,-1,3,0,0,0,0,0,19,4,E01016055,3,1,0.0,1.0,-1,6,30,1,1,1,08:34,4,2,19
2023221323678,2023,221323678,1,1,1,2,24,5,3,0,0,0,0,0,9,9,E01032183,3,1,0.0,1.0,-1,6,30,1,1,1,08:21,2,2,9
2023070426428,2023,070426428,1,1,2,2,22,5,3,0,0,1,0,0,9,-1,-1,-1,0,0.02933,0.97067,-1,6,30,1,1,1,17:00,6,2,9
2023522401000,2023,522401000,1,1,1,2,29,6,3,0,0,0,0,0,9,-1,-1,-1,0,0.0579,0.9421,-1,6,60,2,6,2,07:00,5,1,9
2023010434611,2023,010434611,1,3,2,2,-1,-1,3,0,0,2,0,0,9,3,E01003978,-1,0,0.0,1.0,-1,3,40,1,1,1,13:55,7,1,9
2023061279322,2023,061279322,2,1,1,1,27,6,3,0,0,0,0,0,9,3,E01010717,3,1,0.0,1.0,-1,3,30,1,4,1,22:30,7,2,9
2023351359234,2023,351359234,2,1,2,2,10,2,3,0,0,2,0,0,9,3,E01003926,3,1,0.0,1.0,-1,3,70,1,6,1,19:29,7,2,9
2023440435341,2023,440435341,1,1,1,2,78,11,2,0,0,0,0,0,9,8,E01023004,-1,0,1.0,0.0,-1,6,30,2,1,2,10:30,3,2,9
2023501291484,2023,501291484,1,1,2,2,23,5,3,0,0,1,0,0,9,5,E01020340,3,1,0.0,1.0,-1,6,60,2,4,2,20:19,7,1,9
2023010449504,2023,010449504,1,3,2,2,54,8,2,0,0,0,3,0,11,2,E01003111,-1,0,1.0,0.0,-1,6,30,1,1,1,16:17,6,2,11
2023201411019,2023,201411019,2,1,1,2,35,6,3,0,0,0,0,0,9,1,E01010084,3,1,0.0,1.0,-1,1,30,1,1,1,17:15,2,2,9
2023430039668,2023,430039668,2,2,2,2,34,6,3,0,0,1,0,0,9,5,E01028494,-1,0,0.00431,0.99569,-1,6,30,1,1,2,11:00,5,2,9
2023141349745,2023,141349745,2,2,1,1,18,4,3,0,0,0,0,0,9,6,E01007471,3,1,0.0,1.0,-1,6,30,1,1,1,19:27,4,2,9
2023201405940,2023,201405940,1,1,1,-1,26,6,2,0,0,0,0,0,9,1,E01010450,7,1,1.0,0.0,-1,3,40,1,1,1,18:30,3,2,9
2023320330320,2023,320330320,2,1,1,1,40,7,3,0,0,0,0,0,9,10,E01026198,-1,0,0.06077,0.93923,-1,6,60,1,1,1,17:10,3,2,9
2023471285087,2023,471285087,1,1,1,2,77,11,2,0,0,0,0,0,9,6,E01030587,6,1,1.0,0.0,-1,6,30,2,1,2,16:40,5,2,9
2023201390743,2023,201390743,1,1,1,2,43,7,3,0,0,0,0,0,9,1,E01009097,3,1,0.0,1.0,-1,3,40,1,1,1,16:13,6,2,9
2023141383070,2023,141383070,1,1,1,1,17,4,3,0,0,0,0,0,90,8,E01007362,3,1,0.0,1.0,-1,6,30,1,4,1,18:00,3,2,90
2023071297458,2023,071297458,1,1,3,2,18,4,3,1,1,0,0,0,0,2,E01012412,-1,0,0.08567,0.91433,-1,3,40,1,4,1,18:00,4,1,9
2023131367003,2023,131367003,1,1,3,2,33,6,3,10,1,0,0,2,0,3,E01011035,3,1,0.0,1.0,-1,2,30,1,1,1,09:50,4,1,9
2023010483023,2023,010483023,2,1,1,1,34,6,3,0,0,0,0,0,1,-1,-1,-1,0,0.0,1.0,-1,1,30,8,1,2,11:55,7,2,1
2023010461724,2023,010461724,1,1,1,2,36,7,3,0,0,0,0,0,3,4,E01003326,-1,0,0.0,1.0,-1,2,20,1,1,1,17:10,2,2,3
2023061304333,2023,061304333,2,1,1,-1,34,6,2,0,0,0,0,0,23,3,E01005066,7,1,1.0,0.0,-1,6,30,8,1,1,08:30,5,2,23
2023010436100,2023,010436100,1,1,1,1,22,5,3,0,0,0,0,0,9,3,E01020913,-1,0,0.0,1.0,-1,7,30,2,4,2,00:02,5,2,9
2023522400032,2023,522400032,1,1,1,2,22,5,2,0,0,0,0,0,9,3,E01014622,-1,0,1.0,0.0,-1,6,20,2,4,2,23:15,1,2,9
2023311392179,2023,311392179,1,1,3,1,19,4,3,1,3,0,0,0,0,4,E01027985,3,1,0.0,1.0,-1,6,30,1,4,2,18:57,2,1,9
2023141377486,2023,141377486,1,1,1,1,25,5,1,0,0,0,0,0,3,2,E01007392,1,1,0.0,0.0,-1,6,30,1,1,2,07:34,4,2,3
2023320366127,2023,320366127,1,1,1,1,34,6,3,0,0,0,0,0,19,9,E01025886,-1,0,0.04647,0.95353,-1,3,70,1,1,1,11:55,5,2,19
2023010438894,2023,010438894,1,4,2,-1,8,2,3,0,0,1,0,0,9,2,E01004269,-1,0,0.0,1.0,-1,9,20,1,1,1,15:15,7,2,9
2023061276764,2023,061276764,1,1,1,1,89,11,3,0,0,0,0,0,9,8,E01024939,3,1,0.0,1.0,-1,6,30,1,1,1,14:30,4,2,9
2023440021116,2023,440021116,2,2,1,1,33,6,3,0,0,0,0,0,9,7,E01015348,-1,0,0.04737,0.95263,-1,3,70,1,6,4,21:13,2,4,9
2023010486337,2023,010486337,1,1,3,1,75,10,2,5,3,0,0,0,0,5,E01001910,-1,0,1.0,0.0,-1,2,20,1,1,2,13:25,5,1,8
2023440483550,2023,440483550,1,1,1,2,18,4,3,0,0,0,0,0,9,6,E01023028,-1,0,0.01218,0.98782,-1,6,30,1,4,1,16:48,7,2,9
2023141265485,2023,141265485,2,1,1,1,23,5,3,0,0,0,0,0,9,9,E01007617,3,1,0.0,1.0,-1,6,30,1,5,1,19:20,3,2,9
2023170S31283,2023,170S31283,1,1,3,1,9,2,3,5,1,0,0,0,0,-1,-1,-1,0,0.15859,0.84141,-1,6,30,1,1,2,19:20,1,1,9
2023010460786,2023,010460786,1,1,1,1,21,5,3,0,0,0,0,0,2,5,E01000150,-1,0,0.0,1.0,-1,7,20,1,1,1,18:30,3,2,2
2023141309787,2023,141309787,1,1,1,1,34,6,2,0,0,0,0,0,5,5,E01026190,7,1,1.0,0.0,-1,6,60,1,1,1,17:12,1,2,5
2023501296982,2023,501296982,3,2,1,1,56,9,2,0,0,0,0,0,1,8,E01020190,7,1,1.0,0.0,-1,6,30,1,1,1,14:10,7,3,1
2023221283991,2023,221283991,1,1,3,2,2,1,3,5,2,0,0,0,0,-1,-1,3,1,0.0,1.0,-1,6,30,1,1,1,12:40,3,1,9
2023010485500,2023,010485500,1,1,2,1,49,8,3,0,0,0,3,0,11,8,E01004194,-1,0,0.0,1.0,-1,6,30,8,1,1,09:55,6,1,11
2023421334719,2023,421334719,1,1,1,2,43,7,3,0,0,0,0,0,9,5,E01021422,3,1,0.0,1.0,-1,6,60,1,1,1,16:47,7,2,9
2023471276384,2023,471276384,1,1,1,1,75,10,3,0,0,0,0,0,9,5,E01020956,3,1,0.0,1.0,-1,1,30,1,1,1,14:15,3,2,9
2023552300247,2023,552300247,1,1,1,1,33,6,3,0,0,0,0,0,9,-1,-1,-1,0,0.04101,0.95899,-1,6,30,1,4,1,20:51,4,2,9
2023010469964,2023,010469964,2,1,1,1,31,6,3,0,0,0,0,0,1,1,E01007648,-1,0,0.0,1.0,-1,6,20,1,1,1,15:30,4,2,1
2023302300227,2023,302300227,2,1,1,1,56,9,3,0,0,0,0,0,1,3,E01019400,-1,0,0.1199,0.8801,-1,6,30,1,4,1,18:15,2,2,1
2023461273662,2023,461273662,1,1,1,1,49,8,3,0,0,0,0,0,9,7,E01032811,3,1,0.0,1.0,-1,6,50,1,6,1,21:06,1,1,9
2023010481623,2023,010481623,1,1,1,2,38,7,3,0,0,0,0,0,9,9,E01000831,-1,0,0.0,1.0,-1,6,30,1,4,4,20:26,7,3,9
2023052301202,2023,052301202,2,3,2,2,29,6,3,0,0,2,0,0,9,5,E01006892,-1,0,0.02757,0.97243,-1,3,70,1,1,1,16:07,1,4,9
2023401304303,2023,401304303,1,2,2,1,19,4,3,0,0,1,0,0,9,3,E01015715,3,1,0.0,1.0,-1,6,30,1,4,1,21:37,4,1,9
2023520300610,2023,520300610,2,20,2,1,41,7,3,0,0,0,4,0,11,-1,-1,-1,0,0.06272,0.93728,-1,6,40,1,6,4,06:00,3,3,11
2023351288992,2023,351288992,1,1,1,2,53,8,3,0,0,0,0,0,9,6,E01018076,3,1,0.0,1.0,-1,6,60,1,1,1,16:25,4,2,9
2023052301199,2023,052301199,2,1,1,1,27,6,3,0,0,0,0,0,19,1,E01006507,-1,0,0.04183,0.95817,-1,6,30,1,1,1,16:30,4,2,19
2023430026646,2023,430026646,1,2,1,1,19,4,3,0,0,0,0,0,9,10,E01017629,-1,0,0.02693,0.97307,-1,6,30,8,6,4,17:05,4,2,9
2023010423530,2023,010423530,2,2,2,2,38,7,3,0,0,1,0,0,9,-1,-1,-1,0,0.0,1.0,-1,6,20,9,4,2,20:03,4,5,9
2023070405481,2023,070405481,2,3,2,2,11,3,3,0,0,1,0,0,9,5,E01028895,-1,0,0.10848,0.89152,-1,6,50,1,1,1,17:10,7,2,9
2023311326994,2023,311326994,2,1,1,2,49,8,3,0,0,0,0,0,9,1,E01013921,3,1,0.0,1.0,-1,6,20,1,1,1,11:30,5,2,9
2023552301329,2023,552301329,2,2,2,2,31,6,3,0,0,1,0,0,9,7,E01020405,-1,0,0.00589,0.99411,-1,1,50,1,1,1,08:15,2,2,9
2023101287179,2023,101287179,4,2,1,2,63,9,3,0,0,0,0,0,9,2,E01008670,3,1,0.0,1.0,-1,3,40,1,1,1,09:05,3,4,9
2023451322515,2023,451322515,1,2,1,2,65,9,3,0,0,0,0,0,9,6,E01030411,3,1,0.0,1.0,-1,6,30,1,1,1,18:00,7,1,9
2023010421587,2023,010421587,1,1,1,1,36,7,3,0,0,0,0,0,19,4,E01000554,-1,0,0.0,1.0,-1,6,30,1,4,1,20:25,6,1,19
2023010449597,2023,010449597,2,1,2,2,30,6,3,0,0,1,0,0,9,3,E01003379,-1,0,0.0,1.0,-1,6,40,1,4,1,02:15,7,2,9
2023131284690,2023,131284690,2,1,1,1,63,9,3,0,0,0,0,0,9,1,E01010868,3,1,0.0,1.0,-1,3,40,2,4,2,23:10,4,2,9
2023461284873,2023,461284873,1,1,1,1,29,6,3,0,0,0,0,0,9,7,E01024378,3,1,0.0,1.0,-1,6,50,1,4,1,18:41,1,1,9
2023221366291,2023,221366291,1,1,1,1,21,5,3,0,0,0,0,0,9,4,W01001671,3,1,0.0,1.0,-1,6,30,2,1,2,10:11,6,2,9
2023361310082,2023,361310082,1,1,1,1,26,6,2,0,0,0,0,0,9,5,E01030267,6,1,1.0,0.0,-1,6,40,1,6,1,01:30,1,1,9
2023411347485,2023,411347485,1,1,1,1,31,6,3,0,0,0,0,0,9,5,E01002184,3,1,0.0,1.0,-1,6,20,1,1,1,17:07,5,4,9
2023440501215,2023,440501215,2,2,2,2,65,9,3,0,0,1,0,0,9,1,E01022967,-1,0,0.01758,0.98242,-1,6,30,1,1,2,10:53,6,2,9
2023552301485,2023,552301485,2,1,2,2,73,10,3,0,0,1,0,0,9,8,E01015311,-1,0,0.01883,0.98117,-1,6,30,2,1,2,11:08,5,2,9
2023201371481,2023,201371481,2,2,2,1,44,7,3,0,0,0,0,0,90,2,E01010068,3,1,0.0,1.0,-1,6,30,1,1,2,05:10,2,2,90
2023061294307,2023,061294307,1,3,3,1,5,1,3,8,1,0,0,-1,0,-1,-1,3,1,0.0,1.0,-1,6,20,1,1,1,08:49,4,1,9
2023010437656,2023,010437656,2,1,1,1,24,5,3,0,0,0,0,0,1,3,E01000035,-1,0,0.0,1.0,-1,6,30,1,1,1,08:05,1,2,1
2023010465660,2023,010465660,1,1,1,1,-1,-1,3,0,0,0,0,0,1,-1,-1,-1,0,0.0,1.0,-1,9,30,9,1,9,06:45,5,2,1
2023471319182,2023,471319182,1,1,1,1,16,4,3,0,0,0,0,0,97,1,E01020984,3,1,0.0,1.0,-1,6,30,1,1,1,11:46,5,2,97
2023440338206,2023,440338206,1,1,1,1,43,7,3,0,0,0,0,0,4,10,E01031934,-1,0,0.14598,0.85402,-1,6,60,1,1,1,14:04,2,2,4
2023221286832,2023,221286832,1,1,1,1,23,5,1,0,0,0,0,0,19,2,E01032461,1,1,0.0,0.0,-1,6,60,2,6,2,20:20,3,1,19
2023421378782,2023,421378782,2,1,1,1,27,6,3,0,0,0,0,0,5,2,E01016009,3,1,0.0,1.0,-1,6,50,1,1,1,10:22,7,2,5
2023471374946,2023,471374946,1,1,3,1,44,7,2,10,5,0,0,1,0,4,E01031716,5,1,1.0,0.0,-1,6,30,1,1,2,08:02,4,1,9
2023010420990,2023,010420990,1,1,1,2,49,8,3,0,0,0,0,0,9,2,E01003980,-1,0,0.0,1.0,-1,9,20,5,6,2,16:45,4,2,9
2023010452701,2023,010452701,1,4,2,1,22,5,3,0,0,2,0,0,9,3,E01004684,-1,0,0.0,1.0,-1,6,20,8,4,1,01:00,1,2,9
2023101286816,2023,101286816,1,1,1,2,27,6,3,0,0,0,0,0,9,5,E01008470,3,1,0.0,1.0,-1,3,70,1,6,2,19:25,3,3,9
2023522400658,2023,522400658,1,3,2,2,2,1,3,0,0,1,0,0,9,2,E01014659,-1,0,0.03453,0.96547,-1,3,70,2,6,2,16:45,2,2,9
2023991283946,2023,991283946,3,3,1,1,50,8,3,0,0,0,0,0,9,8,-1,3,1,0.0,1.0,-1,3,70,1,1,4,07:45,3,4,9
2023991360476,2023,991360476,1,1,1,1,31,6,3,0,0,0,0,0,9,2,-1,3,1,0.0,1.0,-1,3,70,5,1,2,10:50,7,1,9
2023010424077,2023,010424077,2,1,1,1,27,6,3,0,0,0,0,0,1,2,E01000956,-1,0,0.0,1.0,-1,3,30,1,4,1,17:45,7,2,1
2023520400099,2023,520400099,1,1,3,2,47,8,3,1,3,0,0,0,0,8,E01001392,-1,0,0.13177,0.86823,-1,6,30,1,4,1,19:20,1,1,9
2023010481227,2023,010481227,1,1,1,1,28,6,3,0,0,0,0,0,3,2,E01003551,-1,0,0.0,1.0,-1,6,20,1,4,1,18:00,5,2,3
2023421370955,2023,421370955,1,1,1,2,63,9,2,0,0,0,0,0,9,5,E01021720,6,1,1.0,0.0,-1,6,30,1,6,1,19:05,1,2,9
2023010471937,2023,010471937,1,1,1,1,36,7,3,0,0,0,0,0,3,2,E01003432,-1,0,0.0,1.0,-1,9,20,9,4,9,19:30,6,2,3
2023010479756,2023,010479756,1,1,1,1,52,8,3,0,0,0,0,0,3,2,E01004434,-1,0,0.0,1.0,-1,2,20,1,1,1,16:00,4,2,3
2023010458713,2023,010458713,2,1,1,2,48,8,3,0,0,0,0,0,1,7,E01002573,-1,0,0.0,1.0,-1,6,20,1,1,1,17:01,5,2,1
2023440442595,2023,440442595,1,1,1,1,29,6,3,0,0,0,0,0,19,2,E01022913,-1,0,0.06656,0.93344,-1,6,30,1,1,2,13:10,1,2,19
2023991366391,2023,991366391,2,1,1,1,41,7,3,0,0,0,0,0,19,3,-1,3,1,0.0,1.0,-1,3,30,1,1,1,09:10,3,2,19
2023010461892,2023,010461892,1,1,1,1,40,7,3,0,0,0,0,0,1,3,E01003141,-1,0,0.0,1.0,-1,3,30,1,1,1,18:23,3,2,1
2023010461655,2023,010461655,1,1,1,1,37,7,3,0,0,0,0,0,3,4,E01001241,-1,0,0.0,1.0,-1,6,30,1,1,1,10:58,2,2,3
2023010448129,2023,010448129,1,1,2,2,33,6,2,0,0,1,0,0,9,3,E01033132,-1,0,1.0,0.0,-1,6,20,1,1,1,08:54,7,1,9
2023041378272,2023,041378272,1,1,1,2,20,4,2,0,0,0,0,0,9,7,E01012602,7,1,1.0,0.0,-1,3,30,1,4,2,22:09,5,2,9
2023211376058,2023,211376058,2,3,2,2,48,8,3,0,0,1,0,0,9,5,E01014243,3,1,0.0,1.0,-1,6,30,9,1,-1,15:30,7,2,9
2023471338771,2023,471338771,2,3,2,1,32,6,2,0,0,2,0,0,9,3,E01002547,5,1,1.0,0.0,-1,6,60,1,1,1,06:35,7,2,9
2023501366182,2023,501366182,1,1,2,1,11,3,3,0,0,1,0,0,9,6,E01023250,3,1,0.0,1.0,-1,6,60,2,1,2,16:40,2,2,9
2023010449424,2023,010449424,1,1,1,1,18,4,2,0,0,0,0,0,23,8,E01030708,-1,0,1.0,0.0,-1,3,40,1,1,1,18:00,5,2,23
2023041346102,2023,041346102,1,1,3,1,47,8,3,10,3,0,0,0,0,6,E01025338,3,1,0.0,1.0,-1,6,30,1,1,1,09:03,7,1,9
2023440337652,2023,440337652,1,1,1,1,16,4,3,0,0,0,0,0,-1,1,E01017218,-1,0,0.17362,0.82638,-1,6,30,1,1,1,07:55,2,2,-1
2023231263667,2023,231263667,2,1,1,1,50,8,3,0,0,0,0,0,9,7,E01009648,3,1,0.0,1.0,-1,6,30,1,1,2,13:59,3,2,9
2023501367954,2023,501367954,1,1,2,2,23,5,3,0,0,1,0,0,9,2,E01018897,3,1,0.0,1.0,-1,1,30,1,1,2,12:27,7,2,9
2023411364990,2023,411364990,1,1,3,1,35,6,3,5,3,0,0,0,0,9,E01023713,3,1,0.0,1.0,-1,6,30,1,1,2,08:42,5,1,9
2023461379759,2023,461379759,1,1,3,1,-1,-1,3,6,9,0,0,0,0,9,E01024123,3,1,0.0,1.0,-1,6,30,2,4,2,23:19,2,1,9
2023430455833,2023,430455833,2,1,1,1,52,8,3,0,0,0,0,0,1,9,E01028683,-1,0,0.03232,0.96768,-1,6,20,1,1,1,09:40,3,2,1
2023522400365,2023,522400365,1,1,1,1,51,8,3,0,0,0,0,0,1,6,E01014769,-1,0,0.04272,0.95728,-1,6,30,1,1,1,08:40,7,2,1
2023010464903,2023,010464903,1,1,1,1,23,5,3,0,0,0,0,0,3,3,E01000522,-1,0,0.0,1.0,-1,3,30,1,4,1,22:20,6,2,3
2023010451693,2023,010451693,1,1,1,1,29,6,3,0,0,0,0,0,9,2,E01001477,-1,0,0.0,1.0,-1,3,50,1,1,1,07:14,2,4,9
2023141285543,2023,141285543,2,2,2,1,78,11,3,0,0,1,0,0,9,2,E01007783,3,1,0.0,1.0,-1,3,40,3,1,2,13:15,4,2,9
2023451282585,2023,451282585,1,1,1,1,38,7,3,0,0,0,0,0,9,10,E01030350,3,1,0.0,1.0,-1,6,30,1,4,1,19:00,5,2,9
2023522400650,2023,522400650,2,2,1,1,38,7,3,0,0,0,0,0,9,1,E01033358,-1,0,0.03242,0.96758,-1,6,30,1,4,1,17:52,5,2,9
2023991365679,2023,991365679,2,1,1,2,80,11,2,0,0,0,0,0,9,-1,-1,6,1,1.0,0.0,-1,3,30,1,1,1,13:50,1,2,9
2023451364412,2023,451364412,1,1,3,1,10,2,3,1,1,0,0,0,0,-1,-1,3,1,0.0,1.0,-1,6,30,9,1,1,15:15,3,1,9
2023311364129,2023,311364129,2,1,1,1,14,3,2,0,0,0,0,0,1,3,E01013828,7,1,1.0,0.0,-1,6,30,1,1,1,13:00,1,2,1
2023552301296,2023,552301296,2,1,1,1,18,4,3,0,0,0,0,0,4,9,E01020580,-1,0,0.09907,0.90093,-1,6,30,1,1,2,10:40,3,2,4
2023010474561,2023,010474561,1,2,2,2,7,2,3,0,0,2,0,0,9,3,E01000092,-1,0,0.0,1.0,-1,6,30,1,1,1,13:30,7,2,9
2023430239494,2023,430239494,3,1,1,1,37,7,3,0,0,0,0,0,9,5,E01028542,-1,0,0.00498,0.99502,-1,6,20,1,1,1,17:40,3,3,9
2023501321264,2023,501321264,1,1,1,2,66,10,3,0,0,0,0,0,9,6,E01020304,3,1,0.0,1.0,-1,6,60,2,1,2,10:19,3,1,9
2023101339168,2023,101339168,1,2,2,2,17,4,2,0,0,2,0,0,9,10,E01027509,7,1,1.0,0.0,-1,6,60,1,6,1,23:21,2,1,9
2023201328486,2023,201328486,1,3,2,2,20,4,3,0,0,1,0,0,9,2,E01010533,3,1,0.0,1.0,-1,6,30,1,1,1,18:50,6,2,9
2023332301163,2023,332301163,1,1,1,1,33,6,3,0,0,0,0,0,9,5,E01013767,-1,0,0.00166,0.99834,-1,6,30,1,1,1,15:25,5,2,9
2023351307958,2023,351307958,2,1,1,2,26,6,3,0,0,0,0,0,-1,2,E01017946,3,1,0.0,1.0,-1,1,40,1,1,1,19:05,5,2,-1
2023010490492,2023,010490492,1,1,1,2,28,6,3,0,0,0,0,0,1,4,E01003029,-1,0,0.0,1.0,-1,6,20,1,1,1,09:00,6,2,1
2023631316134,2023,631316134,1,1,1,1,20,4,2,0,0,0,0,0,3,5,W01000728,5,1,1.0,0.0,-1,6,60,1,6,1,00:02,5,1,3
2023351355919,2023,351355919,1,1,1,1,23,5,3,0,0,0,0,0,4,9,E01018275,3,1,0.0,1.0,-1,3,70,1,1,1,07:40,5,2,4
2023201320206,2023,201320206,5,3,2,1,51,8,3,0,0,0,0,0,10,-1,-1,3,1,0.0,1.0,-1,6,30,1,1,1,16:40,5,5,10
2023522300615,2023,522300615,1,1,3,2,63,9,3,4,1,0,0,0,0,5,E01014537,-1,0,0.14566,0.85434,-1,6,20,2,4,2,21:10,7,1,9
2023010432159,2023,010432159,1,1,1,1,29,6,3,0,0,0,0,0,3,6,E01002204,-1,0,0.0,1.0,-1,6,20,1,4,1,21:30,2,1,3
2023010424878,2023,010424878,1,1,1,1,36,7,3,0,0,0,0,0,4,2,E01003624,-1,0,0.0,1.0,-1,6,30,1,4,1,18:00,6,2,4
2023010471031,2023,010471031,1,1,3,1,64,9,3,8,4,0,0,0,0,2,E01003591,-1,0,0.0,1.0,-1,6,30,1,4,1,20:30,2,1,9
2023010440098,2023,010440098,2,1,1,1,40,7,3,0,0,0,0,0,8,3,E01001548,-1,0,0.0,1.0,-1,3,50,1,4,1,23:54,6,3,8
2023010439913,2023,010439913,1,2,2,2,9,2,3,0,0,1,0,0,9,7,E01003709,-1,0,0.0,1.0,-1,1,20,2,4,2,21:40,5,4,9
2023052300275,2023,052300275,2,3,2,2,23,5,3,0,0,2,0,0,9,2,E01006497,-1,0,0.12632,0.87368,-1,6,50,1,4,1,00:20,1,2,9
2023141320046,2023,141320046,1,1,1,2,32,6,3,0,0,0,0,0,9,3,E01008032,3,1,0.0,1.0,-1,6,40,1,1,1,16:45,1,1,9
2023461295218,2023,461295218,2,1,1,1,72,10,3,0,0,0,0,0,9,10,E01024323,3,1,0.0,1.0,-1,6,30,1,1,1,10:39,2,2,9
2023421361053,2023,421361053,1,1,3,1,13,3,3,2,3,0,0,0,0,8,E01022079,3,1,0.0,1.0,-1,6,30,1,1,1,16:40,5,1,1
2023052300416,2023,052300416,2,1,1,1,58,9,2,0,0,0,0,0,1,3,E01007276,-1,0,1.0,0.0,-1,6,30,4,1,1,07:35,6,2,1
2023070796031,2023,070796031,1,1,1,1,53,8,2,0,0,0,0,0,5,2,E01018596,-1,0,1.0,0.0,-1,6,50,1,4,1,20:53,5,1,5
2023010456281,2023,010456281,1,1,1,2,27,6,3,0,0,0,0,0,9,3,E01000630,-1,0,0.0,1.0,-1,3,40,1,4,1,22:00,5,2,9
2023161323064,2023,161323064,1,1,1,2,29,6,3,0,0,0,0,0,9,1,E01012876,3,1,0.0,1.0,-1,6,60,1,1,1,09:50,2,2,9
2023351329543,2023,351329543,3,3,1,2,19,4,3,0,0,0,0,0,9,10,E01018284,3,1,0.0,1.0,-1,3,70,5,1,5,15:55,6,3,9
2023440208610,2023,440208610,2,2,2,1,31,6,2,0,0,1,0,0,9,10,E01022605,-1,0,1.0,0.0,-1,3,70,1,1,1,15:04,6,2,9
2023141356332,2023,141356332,1,1,3,1,34,6,2,9,8,0,0,0,0,-1,-1,7,1,1.0,0.0,-1,6,20,2,7,2,21:30,1,1,9
2023991367464,2023,991367464,1,1,3,2,45,7,2,1,9,0,0,2,0,8,-1,7,1,1.0,0.0,-1,1,20,9,1,1,12:15,6,1,9
2023070405631,2023,070405631,2,1,1,1,16,4,3,0,0,0,0,0,2,10,E01018696,-1,0,0.10149,0.89851,-1,6,30,1,1,1,18:12,7,2,2
2023041393451,2023,041393451,1,1,1,2,18,4,3,0,0,0,0,0,9,5,E01025522,3,1,0.0,1.0,-1,6,30,1,5,2,22:41,7,2,9
2023071237732,2023,071237732,1,1,1,1,91,11,3,0,0,0,0,0,9,1,E01006484,-1,0,0.10533,0.89467,-1,3,60,2,1,2,09:39,5,3,9
2023201280742,2023,201280742,2,1,1,1,51,8,3,0,0,0,0,0,9,1,E01010053,3,1,0.0,1.0,-1,3,40,1,1,1,13:42,7,3,9
2023311328936,2023,311328936,1,1,2,1,1,1,3,0,0,2,0,0,9,6,E01028312,3,1,0.0,1.0,-1,6,50,1,1,1,07:06,5,2,9