collision_index,collision_year,collision_ref_no,vehicle_reference,casualty_reference,casualty_class,sex_of_casualty,age_of_casualty,age_band_of_casualty,casualty_severity,pedestrian_location,pedestrian_movement,car_passenger,bus_or_coach_passenger,pedestrian_road_maintenance_worker,casualty_type,casualty_imd_decile,lsoa_of_casualty,enhanced_casualty_severity,casualty_injury_based,casualty_adjusted_severity_serious,casualty_adjusted_severity_slight,casualty_distance_banding,road_type,speed_limit,weather_conditions,light_conditions,road_surface_conditions,time,day_of_week,number_of_vehicles,vehicle_type
2023041365419,2023,041365419,2,1,1,1,58,9,3,0,0,0,0,0,9,7,E01024874,3,1,0.0,1.0,-1,6,30,1,1,1,19:12,5,2,9
2023231259351,2023,231259351,1,2,2,1,20,4,3,0,0,1,0,0,9,1,E01011349,3,1,0.0,1.0,-1,3,70,1,6,2,03:30,1,9,9
2023010452855,2023,010452855,1,1,2,1,28,6,3,0,0,1,0,0,9,4,E01000997,-1,0,0.0,1.0,-1,3,30,1,4,1,03:18,2,1,9
2023131324256,2023,131324256,1,1,1,1,42,7,3,0,0,0,0,0,9,4,E01011320,3,1,0.0,1.0,-1,6,30,1,4,1,22:20,5,3,9
2023461293266,2023,461293266,2,1,1,2,48,8,3,0,0,0,0,0,9,4,E01024312,3,1,0.0,1.0,-1,6,40,1,1,1,07:51,6,2,9
2023131381338,2023,131381338,2,1,2,2,75,10,3,0,0,1,0,0,9,8,E01032922,3,1,0.0,1.0,-1,3,70,1,1,1,11:42,6,2,9
2023461401373,2023,461401373,2,1,1,2,42,7,3,0,0,0,0,0,9,8,E01024448,3,1,0.0,1.0,-1,6,40,2,1,2,11:00,6,2,9
2023552300175,2023,552300175,2,1,1,2,68,10,3,0,0,0,0,0,9,10,E01015399,-1,0,0.03368,0.96632,-1,6,30,1,1,1,09:34,3,2,9
2023010457180,2023,010457180,1,1,3,2,34,6,3,8,1,0,0,0,0,5,E01001889,-1,0,0.0,1.0,-1,6,30,1,1,1,16:45,3,1,1
2023221299504,2023,221299504,1,1,3,1,56,9,3,4,1,0,0,0,0,5,E01014062,3,1,0.0,1.0,-1,6,30,1,1,2,15:13,6,1,9
2023071098107,2023,071098107,2,1,1,1,28,6,2,0,0,0,0,0,1,2,E01012482,-1,0,1.0,0.0,-1,6,30,1,1,2,16:00,6,2,1
2023320232821,2023,320232821,2,1,1,1,76,11,3,0,0,0,0,0,1,2,E01026030,-1,0,0.20143,0.79857,-1,6,30,1,1,1,18:45,3,2,1
2023451291449,2023,451291449,1,1,1,2,30,6,3,0,0,0,0,0,3,8,E01030730,3,1,0.0,1.0,-1,6,30,1,1,2,13:02,6,2,3
2023471351851,2023,471351851,2,1,1,1,29,6,2,0,0,0,0,0,3,4,E01031835,6,1,1.0,0.0,-1,6,30,1,4,1,20:10,1,2,3
2023010484270,2023,010484270,1,1,1,1,31,6,3,0,0,0,0,0,3,-1,-1,-1,0,0.0,1.0,-1,2,20,1,4,1,19:12,6,1,3
2023451285927,2023,451285927,2,1,1,2,18,4,2,0,0,0,0,0,3,9,E01030766,7,1,1.0,0.0,-1,6,40,2,4,2,18:28,1,2,3
2023461383022,2023,461383022,1,1,3,1,19,4,3,9,7,0,0,0,0,4,E01024624,3,1,0.0,1.0,-1,6,60,1,6,2,16:50,3,1,9
2023010443660,2023,010443660,1,1,1,1,52,8,3,0,0,0,0,0,9,2,E01002316,-1,0,0.0,1.0,-1,1,30,1,1,1,10:05,5,2,9
2023401309984,2023,401309984,3,1,1,2,34,6,2,0,0,0,0,0,9,7,E01017437,7,1,1.0,0.0,-1,1,60,1,1,1,09:00,3,3,9
2023170M31023,2023,170M31023,1,1,2,2,45,7,3,0,0,0,3,0,11,2,E01012035,-1,0,0.06804,0.93196,-1,6,30,1,1,1,15:30,3,1,11
2023131262211,2023,131262211,1,1,3,1,16,4,3,5,1,0,0,2,0,7,E01010636,3,1,0.0,1.0,-1,6,30,2,4,2,17:21,4,1,9
2023522399999,2023,522399999,1,1,3,1,67,10,3,5,1,0,0,0,0,3,E01014519,-1,0,0.17448,0.82552,-1,6,20,1,1,1,20:30,4,1,3
2023531422591,2023,531422591,2,2,2,2,20,4,3,0,0,1,0,0,9,-1,-1,3,1,0.0,1.0,-1,6,60,1,1,1,10:20,2,2,9
2023991318681,2023,991318681,1,1,2,1,35,6,2,0,0,1,0,0,9,-1,-1,7,1,1.0,0.0,-1,6,60,1,1,1,08:30,4,1,9
2023041277948,2023,041277948,2,1,1,2,56,9,3,0,0,0,0,0,90,1,E01006108,3,1,0.0,1.0,-1,6,30,2,4,2,17:30,7,2,90
2023010452985,2023,010452985,1,1,1,2,23,5,3,0,0,0,0,0,9,5,E01002229,-1,0,0.0,1.0,-1,6,30,1,1,1,16:55,2,1,9
2023131261053,2023,131261053,1,1,1,1,40,7,2,0,0,0,0,0,9,1,E01010777,7,1,1.0,0.0,-1,6,30,2,4,2,07:20,2,1,9
2023170L20353,2023,170L20353,1,2,2,1,17,4,3,0,0,1,0,0,9,5,E01012129,-1,0,0.17436,0.82564,-1,3,70,2,6,2,22:40,6,1,9
2023302301412,2023,302301412,1,4,2,1,19,4,2,0,0,2,0,0,9,-1,-1,-1,0,1.0,0.0,-1,6,60,1,6,1,03:00,1,1,9
2023421329333,2023,421329333,2,1,1,2,34,6,3,0,0,0,0,0,9,5,E01021890,3,1,0.0,1.0,-1,1,30,1,1,1,18:00,4,2,9
2023520301053,2023,520301053,1,1,1,1,42,7,3,0,0,0,0,0,9,3,E01029339,-1,0,0.04939,0.95061,-1,6,60,2,1,2,17:21,2,2,9
2023371273190,2023,371273190,1,1,3,1,42,7,2,5,3,0,0,0,0,4,E01029927,7,1,1.0,0.0,-1,6,30,1,4,1,19:00,7,1,19
2023351264422,2023,351264422,2,1,1,2,18,4,3,0,0,0,0,0,1,10,E01017964,3,1,0.0,1.0,-1,1,30,1,4,2,17:35,7,2,1
2023131319028,2023,131319028,1,1,1,1,18,4,2,0,0,0,0,0,3,8,E01011825,7,1,1.0,0.0,-1,6,50,8,1,1,10:23,5,2,3
2023401292411,2023,401292411,1,1,1,1,64,9,2,0,0,0,0,0,5,6,E01016737,6,1,1.0,0.0,-1,6,40,1,1,1,11:35,4,2,5
2023010465176,2023,010465176,1,1,1,1,64,9,2,0,0,0,0,0,9,-1,-1,-1,0,1.0,0.0,-1,6,30,1,1,1,16:58,1,3,9
2023010480899,2023,010480899,1,1,1,1,70,10,3,0,0,0,0,0,9,2,E01003512,-1,0,0.0,1.0,-1,1,30,1,1,1,13:45,2,2,9
2023320574478,2023,320574478,1,1,1,1,56,9,3,0,0,0,0,0,9,1,E01026092,-1,0,0.04163,0.95837,-1,6,30,1,1,1,10:30,6,2,9
2023440310503,2023,440310503,1,1,2,1,59,9,2,0,0,1,0,0,9,8,E01031977,-1,0,1.0,0.0,-1,6,60,2,1,2,11:51,1,1,9
2023010457353,2023,010457353,1,1,2,1,40,7,3,0,0,0,3,0,11,-1,-1,-1,0,0.0,1.0,-1,6,20,1,1,1,12:10,4,2,11
2023010479099,2023,010479099,1,1,1,2,40,7,3,0,0,0,0,0,3,5,E01000996,-1,0,0.0,1.0,-1,6,20,7,4,2,18:50,7,2,3
2023010486421,2023,010486421,2,3,1,2,23,5,3,0,0,0,0,0,9,1,E01001899,-1,0,0.0,1.0,-1,3,40,1,4,1,00:25,6,2,9
2023131356084,2023,131356084,2,1,1,1,32,6,3,0,0,0,0,0,9,2,E01011324,3,1,0.0,1.0,-1,6,30,1,1,1,08:20,2,2,9
2023302301189,2023,302301189,1,1,1,1,67,10,3,0,0,0,0,0,9,-1,-1,-1,0,0.0528,0.9472,-1,6,50,1,6,1,21:38,2,2,9
2023461265452,2023,461265452,2,2,1,1,41,7,3,0,0,0,0,0,9,6,E01024207,3,1,0.0,1.0,-1,6,60,1,6,1,20:17,5,2,9
2023520301371,2023,520301371,2,1,1,2,76,11,3,0,0,0,0,0,9,6,E01029217,-1,0,0.05777,0.94223,-1,6,60,1,1,1,12:30,3,2,9
2023010480371,2023,010480371,1,1,2,2,23,5,3,0,0,1,0,0,9,-1,-1,-1,0,0.0,1.0,-1,3,50,1,4,2,22:58,1,1,9
2023131295670,2023,131295670,2,1,1,2,29,6,3,0,0,0,0,0,9,6,E01010816,3,1,0.0,1.0,-1,3,70,1,1,1,09:15,3,2,9
2023311399352,2023,311399352,1,1,1,1,22,5,3,0,0,0,0,0,9,-1,-1,3,1,0.0,1.0,-1,6,30,1,4,1,22:55,5,2,9
2023401270249,2023,401270249,2,2,1,1,29,6,3,0,0,0,0,0,9,4,E01015756,3,1,0.0,1.0,-1,6,40,8,1,2,14:05,3,2,9
2023041327990,2023,041327990,1,1,1,2,50,8,2,0,0,0,0,0,19,8,E01025344,5,1,1.0,0.0,-1,6,30,1,1,1,14:37,2,1,19
2023010422355,2023,010422355,1,1,1,2,40,7,3,0,0,0,0,0,9,2,E01004011,-1,0,0.0,1.0,-1,7,20,1,1,1,10:23,4,2,9
2023131316803,2023,131316803,2,1,1,1,43,7,3,0,0,0,0,0,9,1,E01011901,3,1,0.0,1.0,-1,1,30,1,1,1,12:37,6,2,9
2023461263820,2023,461263820,2,1,1,1,61,9,2,0,0,0,0,0,1,8,E01024057,7,1,1.0,0.0,-1,6,30,1,4,1,16:23,2,2,1
2023061263413,2023,061263413,1,1,3,1,65,9,2,10,9,0,0,0,0,5,E01005446,5,1,1.0,0.0,-1,6,30,4,4,2,20:59,7,1,9
2023041389834,2023,041389834,1,1,1,1,56,9,3,0,0,0,0,0,1,-1,-1,3,1,0.0,1.0,-1,6,30,1,1,1,09:56,7,2,1
2023340WN1542,2023,340WN1542,1,1,3,2,46,8,3,4,4,0,0,0,0,3,E01027185,-1,0,0.19854,0.80146,-1,3,30,1,4,1,18:22,5,1,9
2023461379194,2023,461379194,1,1,3,1,32,6,2,5,3,0,0,0,0,-1,-1,7,1,1.0,0.0,-1,6,30,2,4,2,19:49,1,1,9
2023010466657,2023,010466657,1,1,1,1,22,5,3,0,0,0,0,0,9,3,E01000245,-1,0,0.0,1.0,-1,3,30,1,4,1,21:05,1,2,9
2023471345602,2023,471345602,1,1,1,1,27,6,3,0,0,0,0,0,9,8,E01030575,3,1,0.0,1.0,-1,3,50,1,1,1,17:40,6,3,9
2023631350604,2023,631350604,2,4,1,2,24,5,3,0,0,0,0,0,9,8,E01028875,3,1,0.0,1.0,-1,6,30,1,1,1,12:35,6,3,9
2023302301685,2023,302301685,1,1,1,1,65,9,3,0,0,0,0,0,9,6,E01019608,-1,0,0.02778,0.97222,-1,6,40,1,1,1,09:20,6,2,9
2023430374634,2023,430374634,2,1,1,2,70,10,3,0,0,0,0,0,9,10,E01017452,-1,0,0.08197,0.91803,-1,6,60,1,1,1,17:47,2,2,9
2023501359925,2023,501359925,1,1,1,1,63,9,2,0,0,0,0,0,9,4,E01015258,5,1,1.0,0.0,-1,2,30,1,4,1,18:30,5,1,9
2023201287844,2023,201287844,2,2,1,2,44,7,3,0,0,0,0,0,9,1,E01010481,3,1,0.0,1.0,-1,6,40,8,4,2,18:51,5,2,9
2023421329459,2023,421329459,1,2,1,1,26,6,3,0,0,0,0,0,9,4,E01021984,3,1,0.0,1.0,-1,6,30,1,1,1,10:15,6,3,9
2023522300654,2023,522300654,2,4,1,1,55,8,3,0,0,0,0,0,9,9,E01014819,-1,0,0.0373,0.9627,-1,6,30,1,1,1,14:02,4,2,9
2023332300631,2023,332300631,3,2,1,1,20,4,3,0,0,0,0,0,9,2,E01013659,-1,0,0.00552,0.99448,-1,3,30,1,1,1,15:10,2,3,9
2023041267766,2023,041267766,2,2,2,1,25,5,3,0,0,1,0,0,9,-1,-1,3,1,0.0,1.0,-1,1,50,2,1,2,08:45,4,2,9
2023221379294,2023,221379294,1,1,1,2,25,5,3,0,0,0,0,0,9,2,E01004062,3,1,0.0,1.0,-1,6,30,1,1,1,09:29,7,3,9
2023041317806,2023,041317806,2,1,1,2,43,7,3,0,0,0,0,0,9,7,E01025108,3,1,0.0,1.0,-1,6,20,3,1,3,15:12,3,2,9
2023201341468,2023,201341468,1,3,2,1,17,4,2,0,0,1,0,0,9,2,E01009022,7,1,1.0,0.0,-1,6,40,2,1,2,17:05,2,2,9
2023320512525,2023,320512525,2,1,1,2,49,8,3,0,0,0,0,0,9,5,E01026224,-1,0,0.05689,0.94311,-1,6,60,1,1,2,08:30,6,2,9
2023991349278,2023,991349278,2,1,1,1,32,6,3,0,0,0,0,0,9,10,E01005813,3,1,0.0,1.0,-1,3,70,1,1,1,18:34,3,2,9
2023501385651,2023,501385651,2,1,1,1,54,8,2,0,0,0,0,0,19,6,E01020161,7,1,1.0,0.0,-1,6,40,1,1,2,11:16,1,3,19
2023201300582,2023,201300582,2,2,2,1,24,5,3,0,0,1,0,0,9,5,E01010460,3,1,0.0,1.0,-1,6,30,1,4,1,22:13,1,2,9
2023411308027,2023,411308027,2,1,1,1,56,9,3,0,0,0,0,0,19,4,E01023797,3,1,0.0,1.0,-1,3,70,2,1,2,17:42,6,4,19
2023010465530,2023,010465530,1,1,1,2,51,8,3,0,0,0,0,0,1,10,E01003468,-1,0,0.0,1.0,-1,6,20,1,1,1,12:56,2,2,1
2023522400180,2023,522400180,1,1,3,2,10,2,3,1,3,0,0,0,0,3,E01014493,-1,0,0.0977,0.9023,-1,6,20,4,1,1,15:25,6,1,9
2023010468853,2023,010468853,1,1,2,1,30,6,3,0,0,1,0,0,9,4,E01002406,-1,0,0.0,1.0,-1,6,50,1,4,1,18:20,4,1,9
2023010470181,2023,010470181,1,1,1,1,35,6,3,0,0,0,0,0,9,7,E01023531,-1,0,0.0,1.0,-1,2,30,1,4,1,20:47,4,2,9
2023010472380,2023,010472380,1,1,1,1,57,9,3,0,0,0,0,0,9,3,E01001327,-1,0,0.0,1.0,-1,1,20,1,4,1,00:33,3,2,9
2023440185560,2023,440185560,1,1,1,1,81,11,3,0,0,0,0,0,9,7,E01023166,-1,0,0.18269,0.81731,-1,6,40,2,1,2,18:09,5,1,9
2023451285930,2023,451285930,2,2,1,2,43,7,3,0,0,0,0,0,9,6,E01000887,3,1,0.0,1.0,-1,3,70,2,6,2,21:00,1,2,9
2023471331270,2023,471331270,1,2,2,2,19,4,2,0,0,2,0,0,9,2,E01016906,5,1,1.0,0.0,-1,6,30,1,1,1,06:10,5,1,9
2023010465007,2023,010465007,1,1,1,1,40,7,3,0,0,0,0,0,9,4,E01001518,-1,0,0.0,1.0,-1,3,40,8,1,1,16:30,7,1,9
2023041293713,2023,041293713,2,1,1,1,55,8,3,0,0,0,0,0,9,1,E01025606,3,1,0.0,1.0,-1,1,30,1,6,1,21:55,4,2,9
2023161332811,2023,161332811,2,1,1,2,64,9,3,0,0,0,0,0,9,8,E01013026,3,1,0.0,1.0,-1,6,60,1,1,1,12:55,2,2,9
2023170M11773,2023,170M11773,1,3,2,1,15,3,3,0,0,2,0,0,9,1,E01012092,-1,0,0.0217,0.9783,-1,6,30,1,4,2,17:00,5,2,9
2023221369029,2023,221369029,1,1,1,2,87,11,1,0,0,0,0,0,9,5,E01014050,1,1,0.0,0.0,-1,6,60,1,1,1,12:43,4,2,9
2023371384118,2023,371384118,1,1,1,2,20,4,3,0,0,0,0,0,9,6,E01030064,3,1,0.0,1.0,-1,6,60,2,1,2,08:16,3,2,9
2023451326744,2023,451326744,1,2,2,2,35,6,3,0,0,1,0,0,9,5,E01030981,3,1,0.0,1.0,-1,6,40,1,1,1,17:00,5,2,9
2023461358609,2023,461358609,1,1,1,1,25,5,2,0,0,0,0,0,9,5,E01027789,5,1,1.0,0.0,-1,3,60,1,1,1,07:12,1,3,9
2023440282697,2023,440282697,2,1,1,1,19,4,3,0,0,0,0,0,-1,5,E01017055,-1,0,0.09252,0.90748,-1,6,30,2,1,2,08:45,6,2,-1
2023201277407,2023,201277407,2,2,2,1,29,6,3,0,0,1,0,0,9,-1,-1,3,1,0.0,1.0,-1,3,70,1,1,1,13:20,6,2,9
2023332300641,2023,332300641,2,1,1,1,70,10,3,0,0,0,0,0,9,10,E01013793,-1,0,0.07242,0.92758,-1,6,60,1,1,1,08:50,5,2,9
2023471349842,2023,471349842,1,1,1,1,34,6,3,0,0,0,0,0,3,3,E01031789,3,1,0.0,1.0,-1,6,30,1,1,1,13:05,1,3,3
2023010451664,2023,010451664,1,2,3,2,17,4,3,6,9,0,0,0,0,10,E01002958,-1,0,0.0,1.0,-1,6,30,1,1,1,18:30,2,1,1
2023010451766,2023,010451766,1,1,1,2,39,7,3,0,0,0,0,0,9,4,E01033572,-1,0,0.0,1.0,-1,6,30,1,1,1,08:30,2,2,9
2023471275333,2023,471275333,1,2,2,2,3,1,3,0,0,2,0,0,9,4,E01021002,3,1,0.0,1.0,-1,6,30,1,1,2,11:00,1,2,9
2023631381529,2023,631381529,1,1,1,2,66,10,3,0,0,0,0,0,9,9,W01000534,3,1,0.0,1.0,-1,6,60,1,6,1,17:50,6,1,9
2023010434856,2023,010434856,2,2,1,2,64,9,3,0,0,0,0,0,9,10,E01000758,-1,0,0.0,1.0,-1,6,30,1,1,1,12:53,4,3,9
2023010444841,2023,010444841,1,1,1,1,47,8,3,0,0,0,0,0,9,-1,-1,-1,0,0.0,1.0,-1,6,30,1,1,1,14:30,4,3,9
2023122300518,2023,122300518,2,3,2,2,37,7,3,0,0,1,0,0,9,7,E01013364,-1,0,0.05251,0.94749,-1,6,60,1,1,1,15:19,2,2,9
2023131325462,2023,131325462,1,4,2,2,7,2,3,0,0,0,0,0,9,10,E01010954,3,1,0.0,1.0,-1,6,30,1,1,1,17:05,2,2,9
2023451320870,2023,451320870,1,1,1,2,35,6,3,0,0,0,0,0,9,8,E01003827,3,1,0.0,1.0,-1,6,40,1,1,1,07:05,2,2,9
2023131286568,2023,131286568,2,2,2,2,22,5,3,0,0,1,0,0,9,3,E01011582,3,1,0.0,1.0,-1,6,30,5,7,2,20:25,2,2,9
2023141391780,2023,141391780,1,1,1,1,26,6,3,0,0,0,0,0,9,3,E01011920,3,1,0.0,1.0,-1,3,70,1,1,2,14:30,7,2,9
2023211382387,2023,211382387,2,3,1,1,32,6,2,0,0,0,0,0,9,7,E01017910,7,1,1.0,0.0,-1,6,50,1,1,2,14:00,6,3,9
2023041383087,2023,041383087,2,1,1,1,-1,-1,3,0,0,0,0,0,90,5,E01012710,3,1,0.0,1.0,-1,6,30,1,1,1,08:30,7,2,90
2023010467956,2023,010467956,2,1,1,1,30,6,3,0,0,0,0,0,1,4,E01001724,-1,0,0.0,1.0,-1,6,20,1,1,1,12:16,1,2,1
2023461318676,2023,461318676,1,1,2,2,22,5,2,0,0,1,0,0,9,7,E01024550,7,1,1.0,0.0,-1,6,30,1,6,1,01:31,7,1,9
2023061380662,2023,061380662,1,4,2,2,22,5,3,0,0,1,0,0,19,-1,-1,3,1,0.0,1.0,-1,6,30,1,1,1,12:42,4,2,19
2023231328086,2023,231328086,1,1,3,2,25,5,3,5,1,0,0,0,0,10,E01016639,3,1,0.0,1.0,-1,6,30,1,1,1,20:00,1,1,9
2023332300496,2023,332300496,2,3,1,1,32,6,2,0,0,0,0,0,5,1,E01013622,-1,0,1.0,0.0,-1,6,30,1,1,1,18:35,4,2,5
2023501381812,2023,501381812,2,2,2,1,7,2,3,0,0,2,0,0,9,4,E01020322,3,1,0.0,1.0,-1,1,30,1,4,2,19:00,7,2,9
2023522301247,2023,522301247,2,2,1,2,35,6,3,0,0,0,0,0,9,6,E01014952,-1,0,0.02026,0.97974,-1,3,30,2,1,2,08:39,4,2,9
2023010420019,2023,010420019,1,1,1,1,31,6,3,0,0,0,0,0,3,3,E01001479,-1,0,0.0,1.0,-1,6,20,1,4,2,19:02,6,2,3
202360A126193,2023,60A126193,2,1,1,1,46,8,3,0,0,0,0,0,9,-1,-1,-1,0,0.02777,0.97223,-1,6,40,1,1,1,11:32,4,2,9
2023991352675,2023,991352675,1,1,2,1,24,5,2,0,0,1,0,0,9,5,-1,7,1,1.0,0.0,-1,6,60,1,1,2,18:45,1,1,9
2023351273437,2023,351273437,1,1,1,1,29,6,3,0,0,0,0,0,9,9,E01018148,3,1,0.0,1.0,-1,7,70,2,1,2,10:40,3,1,9
2023522400868,2023,522400868,4,1,1,1,38,7,3,0,0,0,0,0,9,4,E01014567,-1,0,0.0078,0.9922,-1,6,20,1,1,1,14:53,2,4,9
2023531306363,2023,531306363,1,2,1,1,18,4,3,0,0,0,0,0,9,7,E01022180,3,1,0.0,1.0,-1,6,60,1,1,1,13:30,5,1,9
2023371328691,2023,371328691,1,1,3,2,63,9,3,10,9,0,0,2,0,1,E01030291,3,1,0.0,1.0,-1,6,30,1,1,1,13:43,3,1,19
2023430046875,2023,430046875,1,1,3,1,53,8,2,6,9,0,0,0,0,3,E01016474,-1,0,1.0,0.0,-1,6,30,1,4,1,17:33,3,1,9
2023622301064,2023,622301064,1,1,1,2,18,4,3,0,0,0,0,0,9,1,W01001813,-1,0,0.0886,0.9114,-1,6,50,2,4,2,01:25,4,1,9
2023161390440,2023,161390440,2,1,1,1,40,7,2,0,0,0,0,0,1,-1,-1,7,1,1.0,0.0,-1,6,30,2,1,2,07:12,4,2,1
2023010447583,2023,010447583,1,1,1,1,32,6,3,0,0,0,0,0,3,3,E01003348,-1,0,0.0,1.0,-1,6,20,1,1,1,20:45,3,2,3
2023991306372,2023,991306372,2,1,1,1,20,4,3,0,0,0,0,0,3,7,-1,3,1,0.0,1.0,-1,6,30,7,1,1,07:40,4,2,3
2023320412041,2023,320412041,1,2,2,2,5,1,3,0,0,2,0,0,9,3,E01013447,-1,0,0.06755,0.93245,-1,6,40,1,1,1,16:40,3,2,9
2023351352464,2023,351352464,2,2,2,1,62,9,3,0,0,1,0,0,9,4,E01015667,3,1,0.0,1.0,-1,6,60,1,1,1,15:06,3,3,9
2023471343502,2023,471343502,1,1,1,1,18,4,3,0,0,0,0,0,9,9,E01030835,3,1,0.0,1.0,-1,6,60,1,6,1,22:50,7,2,9
2023061351535,2023,061351535,2,1,1,1,18,4,2,0,0,0,0,0,1,1,E01005194,6,1,1.0,0.0,-1,6,30,1,1,-1,16:22,3,2,1
2023131369170,2023,131369170,1,1,1,1,25,5,3,0,0,0,0,0,9,10,E01011454,3,1,0.0,1.0,-1,3,30,2,4,2,00:15,4,1,9
2023991282489,2023,991282489,1,1,2,1,17,4,3,0,0,1,0,0,9,2,-1,3,1,0.0,1.0,-1,3,40,1,4,2,21:25,5,2,9
2023991313604,2023,991313604,1,1,1,1,15,3,2,0,0,0,0,0,97,-1,-1,7,1,1.0,0.0,-1,6,30,1,1,1,20:23,6,2,97
2023010436381,2023,010436381,1,1,1,1,24,5,3,0,0,0,0,0,3,4,E01003559,-1,0,0.0,1.0,-1,3,30,1,4,1,20:15,6,1,3
2023201306610,2023,201306610,1,1,3,2,52,8,2,1,2,0,0,2,0,3,E01010083,7,1,1.0,0.0,-1,6,30,1,1,1,11:49,2,1,21
2023010424361,2023,010424361,1,1,1,1,21,5,3,0,0,0,0,0,3,6,E01001269,-1,0,0.0,1.0,-1,6,20,1,1,1,14:50,1,2,3
2023440495917,2023,440495917,1,2,2,1,15,3,2,0,0,0,0,0,3,1,E01017039,-1,0,1.0,0.0,-1,6,30,2,4,2,23:53,2,2,3
2023161271912,2023,161271912,2,1,1,1,78,11,3,0,0,0,0,0,9,3,E01012936,3,1,0.0,1.0,-1,6,20,1,1,1,15:05,6,4,9
2023421321377,2023,421321377,1,1,1,1,66,10,1,0,0,0,0,0,9,6,E01021353,1,1,0.0,0.0,-1,6,30,1,1,1,19:30,4,2,9
2023302300202,2023,302300202,1,1,3,1,59,9,2,5,1,0,0,0,0,2,E01013598,-1,0,1.0,0.0,-1,6,30,2,4,2,18:44,6,1,9
2023461395046,2023,461395046,2,1,1,1,20,4,3,0,0,0,0,0,1,8,E01024045,3,1,0.0,1.0,-1,6,30,2,1,2,08:35,4,2,1
2023440189344,2023,440189344,1,1,1,1,31,6,2,0,0,0,0,0,5,7,E01023057,-1,0,1.0,0.0,-1,6,60,1,1,1,12:09,1,1,5
2023211388767,2023,211388767,1,1,1,2,46,8,3,0,0,0,0,0,9,-1,-1,3,1,0.0,1.0,-1,6,30,1,4,1,16:51,6,2,9
2023631333819,2023,631333819,1,1,1,1,18,4,2,0,0,0,0,0,9,5,W01000698,6,1,1.0,0.0,-1,6,60,5,6,2,23:25,4,1,9
2023991350612,2023,991350612,2,1,1,2,55,8,2,0,0,0,0,0,9,-1,-1,6,1,1.0,0.0,-1,3,40,1,1,1,13:15,4,2,9
2023010444823,2023,010444823,1,1,3,2,47,8,3,5,1,0,0,0,0,6,E01003378,-1,0,0.0,1.0,-1,6,20,1,1,1,09:05,4,1,3
2023311287480,2023,311287480,1,1,1,2,53,8,3,0,0,0,0,0,1,8,E01028096,3,1,0.0,1.0,-1,6,30,8,1,2,08:00,4,2,1
2023010479022,2023,010479022,1,1,1,1,21,5,3,0,0,0,0,0,4,2,E01004302,-1,0,0.0,1.0,-1,6,20,1,1,2,14:50,7,2,4
2023201291989,2023,201291989,2,1,1,1,44,7,3,0,0,0,0,0,9,5,E01010014,3,1,0.0,1.0,-1,7,60,1,1,1,16:34,3,2,9
2023430033300,2023,430033300,2,2,1,2,40,7,3,0,0,0,0,0,9,-1,-1,-1,0,0.03779,0.96221,-1,6,60,1,1,4,08:02,2,3,9
2023131378941,2023,131378941,1,1,2,2,17,4,2,0,0,2,0,0,9,9,E01011937,7,1,1.0,0.0,-1,6,60,1,6,1,21:30,6,1,9
2023351388183,2023,351388183,1,1,1,1,33,6,3,0,0,0,0,0,9,6,E01029952,3,1,0.0,1.0,-1,6,60,2,6,2,16:47,1,2,9
2023471360591,2023,471360591,2,2,1,2,50,8,3,0,0,0,0,0,9,-1,-1,3,1,0.0,1.0,-1,6,20,1,1,1,15:30,4,2,9
2023010479863,2023,010479863,1,1,1,2,29,6,3,0,0,0,0,0,1,-1,-1,-1,0,0.0,1.0,-1,9,20,1,1,1,15:35,4,2,1
2023520301473,2023,520301473,1,1,1,1,34,6,3,0,0,0,0,0,1,7,E01029199,-1,0,0.07449,0.92551,-1,6,60,1,1,1,17:32,6,2,1
2023141288039,2023,141288039,1,1,1,2,52,8,2,0,0,0,0,0,9,3,E01007966,5,1,1.0,0.0,-1,6,30,1,4,2,18:10,6,3,9
2023170M11713,2023,170M11713,1,1,1,2,43,7,3,0,0,0,0,0,9,1,E01012060,-1,0,0.03806,0.96194,-1,6,30,2,4,2,20:00,1,2,9
2023430377420,2023,430377420,2,1,1,2,83,11,2,0,0,0,0,0,9,9,E01028653,-1,0,1.0,0.0,-1,6,30,1,1,1,11:55,4,3,9
202360A051726,2023,60A051726,1,1,1,1,20,4,2,0,0,0,0,0,9,-1,-1,-1,0,1.0,0.0,-1,3,50,1,6,2,02:15,2,2,9
2023010436511,2023,010436511,1,1,3,1,24,5,3,5,3,0,0,0,0,3,E01000032,-1,0,0.0,1.0,-1,6,40,1,1,1,18:50,7,1,9
2023221296165,2023,221296165,2,1,1,2,32,6,3,0,0,0,0,0,1,8,E01014195,3,1,0.0,1.0,-1,6,30,1,1,2,19:10,3,2,1
2023501311581,2023,501311581,1,1,1,1,38,7,3,0,0,0,0,0,3,3,E01018978,3,1,0.0,1.0,-1,6,30,1,4,1,23:09,5,3,3
2023010463992,2023,010463992,2,4,2,1,31,6,3,0,0,2,0,0,9,6,E01003013,-1,0,0.0,1.0,-1,6,20,1,1,1,13:24,2,2,9
2023122301340,2023,122301340,1,3,2,1,17,4,3,0,0,1,0,0,9,7,E01027645,-1,0,0.0815,0.9185,-1,6,60,1,1,2,09:18,6,2,9