collision_index,collision_year,collision_ref_no,vehicle_reference,casualty_reference,casualty_class,sex_of_casualty,age_of_casualty,age_band_of_casualty,casualty_severity,pedestrian_location,pedestrian_movement,car_passenger,bus_or_coach_passenger,pedestrian_road_maintenance_worker,casualty_type,casualty_imd_decile,lsoa_of_casualty,enhanced_casualty_severity,casualty_injury_based,casualty_adjusted_severity_serious,casualty_adjusted_severity_slight,casualty_distance_banding,road_type,speed_limit,weather_conditions,light_conditions,road_surface_conditions,time,day_of_week,number_of_vehicles,vehicle_type
2023461354215,2023,461354215,1,1,1,1,21,5,3,0,0,0,0,0,9,2,E01021270,3,1,0.0,1.0,-1,3,40,1,1,1,10:42,7,2,9
2023461394142,2023,461394142,2,1,1,1,34,6,3,0,0,0,0,0,9,2,E01001654,3,1,0.0,1.0,-1,3,70,2,7,2,23:07,2,2,9
2023421291251,2023,421291251,2,1,1,2,22,5,3,0,0,0,0,0,1,3,E01021649,3,1,0.0,1.0,-1,1,30,2,1,2,10:28,3,2,1
2023201324063,2023,201324063,1,1,3,2,61,9,3,1,3,0,0,0,0,1,E01009153,3,1,0.0,1.0,-1,6,30,1,4,1,21:35,5,1,9
2023430212082,2023,430212082,1,1,3,1,74,10,1,5,3,0,0,0,0,-1,-1,-1,0,0.0,0.0,-1,6,40,1,1,1,11:46,2,1,9
2023041361675,2023,041361675,1,1,1,1,35,6,3,0,0,0,0,0,1,2,E01025118,3,1,0.0,1.0,-1,6,30,1,1,1,12:25,3,2,1
2023010463770,2023,010463770,1,1,1,2,58,9,3,0,0,0,0,0,9,4,E01004447,-1,0,0.0,1.0,-1,6,30,1,4,1,21:05,7,2,9
2023361267356,2023,361267356,2,4,2,2,24,5,2,0,0,1,0,0,9,6,E01026876,6,1,1.0,0.0,-1,6,30,8,6,4,17:45,3,2,9
2023010469615,2023,010469615,1,1,1,1,38,7,2,0,0,0,0,0,9,2,E01004252,-1,0,1.0,0.0,-1,6,30,1,4,2,23:41,3,3,9
2023131311264,2023,131311264,1,1,1,1,62,9,3,0,0,0,0,0,9,4,E01011891,3,1,0.0,1.0,-1,6,40,1,1,1,06:25,5,1,9
2023201391452,2023,201391452,3,2,1,1,22,5,3,0,0,0,0,0,9,5,E01029365,3,1,0.0,1.0,-1,3,70,1,1,1,13:15,6,7,9
2023451294779,2023,451294779,1,2,2,2,25,5,3,0,0,1,0,0,9,-1,-1,3,1,0.0,1.0,-1,6,60,1,1,1,13:55,6,2,9
2023131340858,2023,131340858,4,5,2,2,18,4,3,0,0,1,0,0,9,3,E01011234,3,1,0.0,1.0,-1,6,40,1,1,1,20:50,6,6,9
2023440526722,2023,440526722,1,5,2,1,20,4,3,0,0,2,0,0,9,-1,-1,-1,0,0.08318,0.91682,-1,6,60,4,1,2,11:45,4,2,9
2023340WN2462,2023,340WN2462,3,1,1,1,28,6,3,0,0,0,0,0,21,1,E01018519,-1,0,0.06626,0.93374,-1,3,70,1,1,1,08:00,3,3,21
2023010448652,2023,010448652,1,1,3,1,64,9,3,8,1,0,0,0,0,3,E01001391,-1,0,0.0,1.0,-1,3,30,1,1,1,15:30,2,1,9
2023311354746,2023,311354746,2,1,1,1,62,9,2,0,0,0,0,0,1,2,E01028245,7,1,1.0,0.0,-1,6,40,1,1,1,09:54,5,2,1
2023131377342,2023,131377342,3,1,1,2,19,4,3,0,0,0,0,0,9,1,E01010748,3,1,0.0,1.0,-1,3,70,2,4,2,17:15,2,3,9
2023221354786,2023,221354786,2,2,1,1,67,10,3,0,0,0,0,0,9,9,E01032325,3,1,0.0,1.0,-1,6,60,1,1,1,11:30,7,2,9
2023371345311,2023,371345311,1,2,1,1,19,4,2,0,0,0,0,0,9,8,E01029909,6,1,1.0,0.0,-1,7,60,1,1,1,17:25,4,2,9
2023041322076,2023,041322076,2,2,1,2,63,9,3,0,0,0,0,0,9,7,E01025028,3,1,0.0,1.0,-1,6,30,1,1,1,21:35,5,2,9
2023141283715,2023,141283715,1,1,1,1,48,8,2,0,0,0,0,0,9,2,E01007592,7,1,1.0,0.0,-1,3,70,2,4,2,21:45,2,2,9
2023430540596,2023,430540596,2,2,1,2,27,6,3,0,0,0,0,0,9,3,E01029397,-1,0,0.04256,0.95744,-1,6,30,8,4,2,18:00,6,2,9
2023610009923,2023,610009923,1,1,1,2,29,6,3,0,0,1,0,0,9,3,W01001676,-1,0,0.04074,0.95926,-1,6,30,1,1,1,06:41,6,2,9
2023991371324,2023,991371324,2,1,1,2,24,5,3,0,0,0,0,0,9,8,-1,3,1,0.0,1.0,-1,3,40,1,4,1,20:20,2,2,9
2023440107355,2023,440107355,1,1,3,2,83,11,3,5,3,0,0,0,0,4,E01017164,-1,0,0.23451,0.76549,-1,6,30,1,1,1,15:43,6,1,9
2023141354671,2023,141354671,1,2,2,2,5,1,3,0,0,2,0,0,9,-1,-1,3,1,0.0,1.0,-1,6,30,1,1,1,16:00,3,2,9
2023501273115,2023,501273115,2,1,2,2,-1,-1,3,0,0,1,0,0,9,-1,-1,3,1,0.0,1.0,-1,6,30,1,1,1,16:37,1,2,9
2023010423750,2023,010423750,2,1,1,1,24,5,2,0,0,0,0,0,1,1,E01004205,-1,0,1.0,0.0,-1,6,20,8,4,1,03:14,6,2,1
2023401342682,2023,401342682,4,4,1,1,30,6,3,0,0,0,0,0,5,6,E01017513,3,1,0.0,1.0,-1,3,50,1,1,1,07:20,2,4,5
2023010479428,2023,010479428,1,1,3,1,21,5,3,5,1,0,0,0,0,3,E01003387,-1,0,0.0,1.0,-1,6,30,1,1,1,07:17,4,1,9
2023231357362,2023,231357362,1,1,3,2,34,6,3,6,8,0,0,0,0,9,E01033250,3,1,0.0,1.0,-1,6,50,1,1,1,14:45,7,1,9
2023201388623,2023,201388623,1,1,3,2,78,11,2,10,1,0,0,0,0,4,E01010325,7,1,1.0,0.0,-1,6,30,1,1,1,15:30,5,1,9
2023010463420,2023,010463420,1,1,1,1,33,6,3,0,0,0,0,0,3,6,E01004491,-1,0,0.0,1.0,-1,6,30,1,1,2,17:05,5,2,3
2023041299545,2023,041299545,1,1,2,2,26,6,2,0,0,0,0,0,3,-1,-1,6,1,1.0,0.0,-1,6,30,1,1,1,16:02,6,2,3
2023546077123,2023,546077123,1,1,1,2,20,4,3,0,0,0,0,0,9,8,E01032121,-1,0,0.04462,0.95538,-1,6,30,1,1,1,14:09,3,1,9
2023010452462,2023,010452462,1,1,3,1,73,10,3,6,9,0,0,0,0,7,E01000314,-1,0,0.0,1.0,-1,6,30,1,1,1,15:20,6,1,9
2023010452762,2023,010452762,1,1,3,2,76,11,2,6,9,0,0,0,0,4,E01000676,-1,0,1.0,0.0,-1,7,30,1,1,1,13:35,1,1,11
2023010481574,2023,010481574,1,1,1,1,24,5,3,0,0,0,0,0,3,2,E01001246,-1,0,0.0,1.0,-1,3,30,1,4,2,18:22,7,2,3
2023010441462,2023,010441462,1,1,1,1,44,7,3,0,0,0,0,0,9,5,E01002590,-1,0,0.0,1.0,-1,9,20,1,1,9,18:49,6,2,9
2023451345788,2023,451345788,1,1,1,2,29,6,3,0,0,0,0,0,9,5,E01004165,3,1,0.0,1.0,-1,6,30,1,1,1,08:47,7,2,9
2023010481397,2023,010481397,1,1,3,1,85,11,3,4,1,0,0,0,0,8,E01002383,-1,0,0.0,1.0,-1,6,30,8,4,2,17:50,6,1,9
2023010436051,2023,010436051,1,1,1,1,44,7,3,0,0,0,0,0,9,3,E01000099,-1,0,0.0,1.0,-1,6,30,2,1,2,18:54,4,2,9
2023010479494,2023,010479494,1,1,1,2,37,7,3,0,0,0,0,0,9,10,E01023926,-1,0,0.0,1.0,-1,6,30,1,4,1,17:30,3,2,9
2023052301077,2023,052301077,3,3,1,1,27,6,3,0,0,0,0,0,9,4,E01006681,-1,0,0.02451,0.97549,-1,3,50,1,1,1,17:30,6,3,9
2023071288527,2023,071288527,2,1,1,1,35,6,3,0,0,0,0,0,9,9,E01018494,-1,0,0.01891,0.98109,-1,3,70,1,4,1,17:18,2,4,9
2023010457396,2023,010457396,1,1,1,1,33,6,3,0,0,0,0,0,9,2,E01022023,-1,0,0.0,1.0,-1,1,30,1,1,1,18:14,4,2,9
2023201372028,2023,201372028,2,1,1,2,57,9,3,0,0,0,0,0,9,2,E01009935,3,1,0.0,1.0,-1,6,30,1,1,-1,14:39,1,3,9
2023010453132,2023,010453132,1,1,3,1,22,5,3,9,9,0,0,0,0,6,E01017623,-1,0,0.0,1.0,-1,2,20,1,1,1,11:41,3,1,19
2023201384382,2023,201384382,1,1,3,1,11,3,3,1,1,0,0,0,0,1,E01009567,3,1,0.0,1.0,-1,3,40,2,1,2,08:20,3,1,9
2023340WN3442,2023,340WN3442,2,1,1,1,62,9,3,0,0,0,0,0,1,9,E01027301,-1,0,0.06285,0.93715,-1,6,30,1,1,1,09:30,7,2,1
2023041388246,2023,041388246,1,1,1,2,51,8,3,0,0,0,0,0,9,5,E01025522,3,1,0.0,1.0,-1,6,30,1,1,2,09:00,5,2,9
2023061396036,2023,061396036,2,1,1,1,-1,-1,3,0,0,0,0,0,9,2,E01005563,3,1,0.0,1.0,-1,6,30,1,1,1,16:25,7,2,9
2023201349653,2023,201349653,1,1,1,2,26,6,3,0,0,0,0,0,9,8,E01025791,3,1,0.0,1.0,-1,6,30,1,1,1,17:45,4,2,9
2023440347470,2023,440347470,1,1,1,1,32,6,3,0,0,0,0,0,9,6,E01015392,-1,0,0.04324,0.95676,-1,6,60,1,4,1,20:17,1,2,9
2023531283411,2023,531283411,3,1,1,1,43,7,3,0,0,0,0,0,9,10,E01022135,3,1,0.0,1.0,-1,3,40,1,1,1,12:25,4,3,9
2023542547723,2023,542547723,2,1,1,2,39,7,3,0,0,0,0,0,9,4,E01015494,-1,0,0.00502,0.99498,-1,6,30,1,1,2,16:14,1,2,9
2023010467960,2023,010467960,1,2,2,1,2,1,3,0,0,2,0,0,9,-1,-1,-1,0,0.0,1.0,-1,9,20,1,1,1,10:49,7,2,9
2023071230320,2023,071230320,2,3,2,1,17,4,3,0,0,1,0,0,9,8,E01018721,-1,0,0.04634,0.95366,-1,3,40,1,1,1,15:32,3,2,9
2023122301444,2023,122301444,1,1,1,1,29,6,3,0,0,0,0,0,9,5,E01027594,-1,0,0.07746,0.92254,-1,6,60,1,1,4,08:00,4,1,9
2023141283283,2023,141283283,1,1,2,2,24,5,2,0,0,1,0,0,9,5,E01007469,7,1,1.0,0.0,-1,6,60,1,1,1,18:42,1,3,9
2023991303986,2023,991303986,1,1,1,2,58,9,2,0,0,0,0,0,9,-1,-1,7,1,1.0,0.0,-1,3,30,1,4,2,19:15,6,2,9
2023440188332,2023,440188332,1,1,1,1,24,5,2,0,0,0,0,0,3,4,E01017235,-1,0,1.0,0.0,-1,6,60,1,1,1,16:03,7,2,3
2023451327907,2023,451327907,1,2,2,1,-1,-1,3,0,0,0,0,0,19,-1,-1,3,1,0.0,1.0,-1,7,50,1,1,1,13:00,2,2,19
2023052301274,2023,052301274,2,1,1,1,68,10,3,0,0,0,0,0,2,2,E01012384,-1,0,0.10102,0.89898,-1,6,20,1,1,1,12:45,4,2,2
2023371353286,2023,371353286,2,1,1,1,54,8,3,0,0,0,0,0,5,9,E01030072,3,1,0.0,1.0,-1,6,30,1,1,1,13:35,1,2,5
2023061362474,2023,061362474,2,3,2,2,11,3,3,0,0,2,0,0,9,1,E01005639,3,1,0.0,1.0,-1,1,40,1,1,2,13:30,4,2,9
2023131281881,2023,131281881,1,1,3,2,21,5,2,1,3,0,0,2,0,4,E01010834,6,1,1.0,0.0,-1,6,20,1,1,2,12:27,4,1,9
2023010457540,2023,010457540,1,1,1,1,-1,-1,3,0,0,0,0,0,1,6,E01004518,-1,0,0.0,1.0,-1,6,30,2,1,2,11:15,3,1,1
2023131350450,2023,131350450,1,1,1,1,64,9,3,0,0,0,0,0,9,5,E01010668,3,1,0.0,1.0,-1,6,30,1,1,1,06:57,5,5,9
2023161356483,2023,161356483,2,2,1,1,14,3,3,0,0,0,0,0,1,3,E01013133,3,1,0.0,1.0,-1,6,30,8,1,1,08:04,3,2,1
2023010461780,2023,010461780,2,1,1,1,39,7,3,0,0,0,0,0,9,5,E01032741,-1,0,0.0,1.0,-1,3,30,1,4,1,23:30,2,2,9
2023052300232,2023,052300232,2,1,1,1,55,8,3,0,0,0,0,0,9,10,E01007172,-1,0,0.04112,0.95888,-1,6,30,1,4,1,18:32,3,2,9
2023201296536,2023,201296536,1,1,3,1,10,2,2,1,4,0,0,0,0,1,E01009310,7,1,1.0,0.0,-1,3,30,1,1,1,10:59,7,1,9
2023010470322,2023,010470322,1,1,1,1,44,7,3,0,0,0,0,0,1,1,E01004222,-1,0,0.0,1.0,-1,7,20,8,4,2,20:25,2,1,1
2023010431932,2023,010431932,2,5,1,2,32,6,3,0,0,0,0,0,9,2,E01003729,-1,0,0.0,1.0,-1,6,30,1,1,1,12:59,2,2,9
2023411304221,2023,411304221,2,2,1,2,30,6,3,0,0,0,0,0,9,7,E01023795,3,1,0.0,1.0,-1,6,30,1,1,1,15:22,1,2,9
2023010458260,2023,010458260,1,1,1,1,32,6,3,0,0,0,0,0,9,3,E01003154,-1,0,0.0,1.0,-1,1,40,1,4,1,21:30,2,2,9
2023101361780,2023,101361780,2,1,1,1,22,5,3,0,0,0,0,0,9,7,E01008728,3,1,0.0,1.0,-1,6,30,1,1,-1,12:15,1,2,9
2023221330663,2023,221330663,2,2,1,1,26,6,3,0,0,0,0,0,9,2,E01033247,3,1,0.0,1.0,-1,6,60,2,1,2,16:00,6,3,9
2023302300341,2023,302300341,1,2,2,2,12,3,3,0,0,1,0,0,9,4,E01028133,-1,0,0.02647,0.97353,-1,1,60,1,1,1,12:20,1,2,9
2023320615894,2023,320615894,2,2,1,1,54,8,3,0,0,0,0,0,9,8,E01015690,-1,0,0.04465,0.95535,-1,6,60,1,1,1,11:11,4,4,9
2023430360603,2023,430360603,1,1,1,1,20,4,2,0,0,0,0,0,9,9,E01017716,-1,0,1.0,0.0,-1,6,40,1,6,1,03:07,1,1,9
2023201415573,2023,201415573,1,3,2,1,19,4,3,0,0,1,0,0,9,7,E01009652,3,1,0.0,1.0,-1,6,30,1,1,1,09:53,6,4,9
2023440117605,2023,440117605,1,2,2,2,35,6,2,0,0,1,0,0,9,8,E01017302,-1,0,1.0,0.0,-1,6,60,4,1,1,15:27,6,1,9
2023101383114,2023,101383114,1,3,1,2,24,5,3,0,0,0,0,0,19,4,E01020644,3,1,0.0,1.0,-1,6,60,2,6,2,16:10,2,4,19
2023451355794,2023,451355794,1,1,3,2,86,11,3,6,9,0,0,0,0,8,E01030885,3,1,0.0,1.0,-1,6,30,1,1,1,15:25,4,1,1
2023010462514,2023,010462514,2,1,1,1,31,6,2,0,0,0,0,0,1,6,E01003157,-1,0,1.0,0.0,-1,3,30,2,1,2,13:27,7,2,1
2023430096171,2023,430096171,2,1,1,2,30,6,2,0,0,0,0,0,1,-1,-1,-1,0,1.0,0.0,-1,6,20,1,1,1,08:31,6,2,1
2023041337657,2023,041337657,2,1,1,1,24,5,3,0,0,0,0,0,3,2,E01025072,3,1,0.0,1.0,-1,6,30,2,1,2,16:30,4,2,3
2023122300753,2023,122300753,1,1,1,1,70,10,2,0,0,0,0,0,5,10,E01013043,-1,0,1.0,0.0,-1,6,60,1,1,1,12:50,7,1,5
2023302301746,2023,302301746,1,2,2,1,19,4,3,0,0,1,0,0,9,1,E01013481,-1,0,0.11698,0.88302,-1,6,40,1,4,1,01:45,3,1,9
2023070113138,2023,070113138,2,1,1,1,35,6,3,0,0,0,0,0,19,5,E01025030,-1,0,0.00894,0.99106,-1,6,30,1,1,1,08:00,4,2,19
2023520301182,2023,520301182,1,1,3,2,39,7,3,6,9,0,0,0,0,10,E01029104,-1,0,0.0366,0.9634,-1,6,30,1,1,1,15:20,6,1,9
2023010441871,2023,010441871,1,1,1,1,23,5,3,0,0,0,0,0,9,5,E01002913,-1,0,0.0,1.0,-1,6,20,2,4,2,01:01,3,3,9
2023440262709,2023,440262709,1,1,1,1,30,6,3,0,0,0,0,0,9,4,E01017083,-1,0,0.00477,0.99523,-1,6,30,1,1,1,14:39,6,2,9
2023101381610,2023,101381610,1,1,3,1,24,5,3,1,1,0,0,0,0,1,E01008166,3,1,0.0,1.0,-1,3,30,3,4,4,18:45,5,1,9
2023351353588,2023,351353588,1,1,1,1,48,8,2,0,0,0,0,0,1,9,E01033173,7,1,1.0,0.0,-1,7,30,1,1,1,08:25,1,2,1
2023141355472,2023,141355472,1,1,1,2,38,7,3,0,0,0,0,0,9,2,E01007336,3,1,0.0,1.0,-1,6,20,1,1,1,16:35,6,2,9
2023552300750,2023,552300750,1,1,1,2,45,7,3,0,0,0,0,0,9,9,E01015356,-1,0,0.05976,0.94024,-1,6,30,1,1,1,20:51,7,3,9
2023122300331,2023,122300331,1,1,1,2,23,5,3,0,0,0,0,0,19,9,E01020612,-1,0,0.08323,0.91677,-1,6,60,2,6,2,20:55,4,1,19
2023010434747,2023,010434747,1,1,1,1,26,6,3,0,0,0,0,0,1,4,E01002065,-1,0,0.0,1.0,-1,9,20,1,5,1,20:00,3,2,1
2023451304745,2023,451304745,3,1,1,1,37,7,3,0,0,0,0,0,5,10,E01022888,3,1,0.0,1.0,-1,3,70,2,1,2,17:37,5,3,5
2023031358532,2023,031358532,1,2,1,1,33,6,3,0,0,0,0,0,9,-1,-1,3,1,0.0,1.0,-1,6,60,1,6,1,01:18,2,1,9
2023440228756,2023,440228756,2,1,2,2,24,5,3,0,0,2,0,0,9,3,E01002612,-1,0,0.08688,0.91312,-1,3,70,1,1,1,16:09,6,2,9
2023501290122,2023,501290122,1,1,1,1,17,4,3,0,0,0,0,0,9,5,E01018779,3,1,0.0,1.0,-1,6,60,1,6,2,22:30,5,2,9
2023070257913,2023,070257913,1,1,3,2,15,3,3,10,1,0,0,0,0,10,E01018652,-1,0,0.04351,0.95649,-1,7,30,1,1,1,08:30,2,1,9
2023401325133,2023,401325133,1,1,3,1,42,7,3,1,9,0,0,0,0,2,E01017519,3,1,0.0,1.0,-1,6,20,1,1,1,12:10,4,1,3
2023543639523,2023,543639523,2,1,1,1,29,6,3,0,0,0,0,0,1,3,E01032094,-1,0,0.03113,0.96887,-1,6,20,2,4,2,12:15,4,2,1
2023041288337,2023,041288337,1,2,1,2,33,6,3,0,0,0,0,0,9,8,E01025550,3,1,0.0,1.0,-1,1,60,1,1,1,11:34,1,2,9
2023041343365,2023,041343365,2,1,1,1,29,6,3,0,0,0,0,0,9,1,E01007005,3,1,0.0,1.0,-1,7,40,1,1,1,09:40,5,2,9
2023101311084,2023,101311084,2,1,2,2,24,5,3,0,0,2,0,0,9,-1,-1,3,1,0.0,1.0,-1,6,20,1,1,1,11:40,2,2,9
2023201438316,2023,201438316,1,1,2,1,12,3,3,0,0,2,0,0,9,3,E01033564,3,1,0.0,1.0,-1,6,30,2,1,2,08:20,4,2,9
2023471280615,2023,471280615,1,2,2,1,17,4,3,0,0,1,0,0,9,8,E01031651,3,1,0.0,1.0,-1,6,30,1,1,1,16:55,6,2,9
2023320283571,2023,320283571,1,1,1,1,53,8,3,0,0,0,0,0,90,1,E01026093,-1,0,0.14788,0.85212,-1,6,30,1,1,2,16:30,4,2,90
2023010439400,2023,010439400,1,1,1,2,33,6,3,0,0,0,0,0,1,4,E01004368,-1,0,0.0,1.0,-1,6,20,9,1,9,08:25,3,2,1
2023421374567,2023,421374567,2,3,2,1,19,4,3,0,0,2,0,0,9,5,E01033577,3,1,0.0,1.0,-1,3,70,1,1,2,15:14,3,2,9
202354C458323,2023,54C458323,2,1,1,1,60,9,3,0,0,0,0,0,9,9,E01031968,-1,0,0.00294,0.99706,-1,6,30,1,1,1,09:25,3,2,9
2023610044223,2023,610044223,2,1,1,1,10,2,3,0,0,0,0,0,1,1,W01001666,-1,0,0.15236,0.84764,-1,6,20,1,1,1,11:00,3,2,1
2023332300485,2023,332300485,2,1,1,1,56,9,2,0,0,0,0,0,3,10,E01025846,-1,0,1.0,0.0,-1,6,30,1,1,1,18:28,2,2,3
2023010454309,2023,010454309,1,1,1,2,42,7,3,0,0,0,0,0,9,4,E01003389,-1,0,0.0,1.0,-1,6,20,1,1,1,09:00,2,2,9
2023161276602,2023,161276602,1,1,1,1,31,6,3,0,0,0,0,0,9,2,E01013143,3,1,0.0,1.0,-1,6,30,1,1,1,14:40,3,2,9
2023211311481,2023,211311481,2,1,1,1,28,6,2,0,0,0,0,0,9,4,E01029783,7,1,1.0,0.0,-1,6,20,1,1,1,16:30,7,2,9
2023501334755,2023,501334755,1,1,2,2,34,6,3,0,0,1,0,0,9,6,E01020179,3,1,0.0,1.0,-1,9,30,1,6,1,21:40,7,2,9
2023010449144,2023,010449144,1,1,1,1,54,8,3,0,0,0,0,0,11,5,E01003359,-1,0,0.0,1.0,-1,6,20,8,1,1,05:52,5,2,11
2023010474906,2023,010474906,1,1,2,1,53,8,3,0,0,0,3,0,11,4,E01003937,-1,0,0.0,1.0,-1,6,20,1,1,1,11:08,2,1,11
2023201450843,2023,201450843,1,1,3,2,14,3,3,5,3,0,0,0,0,6,E01009737,3,1,0.0,1.0,-1,6,30,1,6,1,08:14,2,1,9
2023461286441,2023,461286441,1,1,3,2,53,8,3,5,3,0,0,0,0,6,E01024005,3,1,0.0,1.0,-1,6,30,2,1,2,08:00,5,1,9
2023061401109,2023,061401109,2,1,1,1,43,7,3,0,0,0,0,0,4,1,E01006105,3,1,0.0,1.0,-1,3,40,2,4,2,21:15,1,2,4
2023201409826,2023,201409826,2,1,1,2,37,7,3,0,0,0,0,0,9,10,E01029485,3,1,0.0,1.0,-1,6,30,1,1,1,15:45,2,2,9
2023471332529,2023,471332529,2,5,2,2,16,4,3,0,0,2,0,0,9,5,E01031571,3,1,0.0,1.0,-1,6,40,1,1,1,10:42,5,2,9
2023052302027,2023,052302027,1,2,2,1,22,5,2,0,0,0,0,0,97,1,E01006547,-1,0,1.0,0.0,-1,6,30,2,4,2,22:45,6,2,97
2023622300857,2023,622300857,1,1,3,1,11,3,2,5,3,0,0,0,0,1,W01001811,-1,0,1.0,0.0,-1,6,20,1,1,1,15:20,5,1,8
2023031372618,2023,031372618,2,3,2,2,57,9,3,0,0,-1,0,0,9,7,E01026220,3,1,0.0,1.0,-1,3,70,2,1,5,08:00,5,3,9
2023141318831,2023,141318831,1,1,1,1,61,9,3,0,0,0,0,0,9,-1,-1,3,1,0.0,1.0,-1,1,30,1,1,1,20:55,4,2,9
2023501329782,2023,501329782,2,1,1,1,40,7,3,0,0,0,0,0,9,2,E01018897,3,1,0.0,1.0,-1,6,60,1,1,2,14:30,6,2,9
2023052302680,2023,052302680,2,1,1,1,13,3,1,0,0,0,0,0,90,4,E01006543,-1,0,0.0,0.0,-1,6,30,1,1,1,15:50,4,2,90
2023141292532,2023,141292532,1,1,3,1,20,4,3,5,3,0,0,0,0,-1,-1,3,1,0.0,1.0,-1,6,30,2,1,2,14:21,3,1,9
2023010477466,2023,010477466,1,1,1,1,54,8,3,0,0,0,0,0,1,2,E01003578,-1,0,0.0,1.0,-1,6,30,1,1,1,12:30,7,2,1
2023471305863,2023,471305863,2,1,1,1,31,6,3,0,0,0,0,0,1,6,E01031692,3,1,0.0,1.0,-1,6,30,9,1,1,09:29,1,2,1
2023131343455,2023,131343455,1,1,2,2,6,2,3,0,0,2,0,0,9,9,E01011566,3,1,0.0,1.0,-1,6,30,1,4,2,04:11,7,2,9
2023161373333,2023,161373333,2,2,1,1,51,8,3,0,0,0,0,0,9,10,E01020682,3,1,0.0,1.0,-1,6,30,1,1,1,10:43,7,2,9
2023401308433,2023,401308433,1,1,1,2,54,8,3,0,0,0,0,0,9,4,E01017600,3,1,0.0,1.0,-1,6,60,1,1,1,12:16,4,2,9
2023421292280,2023,421292280,2,1,1,2,28,6,3,0,0,0,0,0,9,7,E01021722,3,1,0.0,1.0,-1,6,30,1,1,1,14:15,1,2,9
2023061341457,2023,061341457,2,1,1,1,24,5,3,0,0,0,0,0,1,1,E01004839,3,1,0.0,1.0,-1,6,30,1,1,1,14:40,6,2,1
2023461318200,2023,461318200,2,1,1,1,63,9,3,0,0,0,0,0,5,-1,-1,3,1,0.0,1.0,-1,6,30,1,1,1,12:24,4,2,5
2023010421152,2023,010421152,1,1,1,1,24,5,3,0,0,0,0,0,19,8,E01000394,-1,0,0.0,1.0,-1,3,40,1,1,1,07:30,6,2,19
2023440493956,2023,440493956,2,2,1,1,34,6,3,0,0,0,0,0,19,7,E01017909,-1,0,0.0389,0.9611,-1,6,60,1,1,2,15:14,1,3,19
2023122300526,2023,122300526,1,1,1,2,26,6,3,0,0,0,0,0,9,9,E01027652,-1,0,0.03636,0.96364,-1,6,30,2,1,2,14:13,3,1,9
2023451389430,2023,451389430,1,1,1,2,42,7,3,0,0,0,0,0,9,4,E01030745,3,1,0.0,1.0,-1,7,60,1,4,1,17:20,1,2,9
2023522301138,2023,522301138,1,1,1,1,38,7,3,0,0,0,0,0,1,10,E01014618,-1,0,0.03614,0.96386,-1,6,20,1,1,1,17:30,4,2,1
2023201392342,2023,201392342,2,3,2,2,31,6,3,0,0,1,0,0,9,2,E01009509,3,1,0.0,1.0,-1,6,30,2,5,2,16:15,2,3,9
2023010461177,2023,010461177,1,3,2,-1,-1,-1,3,0,0,1,0,0,9,1,E01004456,-1,0,0.0,1.0,-1,1,20,8,4,1,00:00,6,1,9
2023411282671,2023,411282671,2,2,2,2,1,1,3,0,0,2,0,0,9,3,E01023954,3,1,0.0,1.0,-1,3,30,1,1,1,12:32,7,2,9
2023471317142,2023,471317142,1,1,2,2,10,2,3,0,0,2,0,0,9,3,E01016881,3,1,0.0,1.0,-1,6,30,1,1,1,14:05,7,2,9
2023101338530,2023,101338530,1,1,3,2,77,11,3,10,9,0,0,0,0,8,E01027406,3,1,0.0,1.0,-1,9,30,2,1,2,10:30,6,1,9
2023201410382,2023,201410382,1,1,1,-1,20,4,3,0,0,0,0,0,1,2,E01010564,3,1,0.0,1.0,-1,1,30,1,4,1,14:30,6,2,1
2023421337417,2023,421337417,2,1,1,1,49,8,2,0,0,0,0,0,1,5,E01021715,6,1,1.0,0.0,-1,6,30,2,1,2,08:30,4,2,1
2023010458158,2023,010458158,1,1,1,2,36,7,3,0,0,0,0,0,3,10,E01004477,-1,0,0.0,1.0,-1,6,20,1,1,2,08:31,2,1,3
2023501275415,2023,501275415,2,1,1,1,64,9,3,0,0,0,0,0,3,3,E01020323,3,1,0.0,1.0,-1,6,60,1,1,1,11:35,4,2,3
2023101317220,2023,101317220,1,1,1,1,20,4,2,0,0,0,0,0,9,5,E01027506,7,1,1.0,0.0,-1,6,60,1,6,1,22:43,7,1,9
2023421329722,2023,421329722,2,3,2,1,8,2,2,0,0,2,0,0,9,10,E01014181,7,1,1.0,0.0,-1,6,60,2,1,5,19:23,6,2,9
2023421330893,2023,421330893,2,1,1,1,43,7,3,0,0,0,0,0,9,-1,-1,3,1,0.0,1.0,-1,6,30,1,1,1,15:15,7,2,9
2023471271620,2023,471271620,1,2,2,2,42,7,3,0,0,1,0,0,9,6,E01020999,3,1,0.0,1.0,-1,6,50,1,1,2,10:23,5,3,9
2023501287683,2023,501287683,2,1,1,2,31,6,3,0,0,0,0,0,9,1,E01015045,3,1,0.0,1.0,-1,6,30,1,4,1,05:50,2,2,9
2023531268375,2023,531268375,2,1,1,2,57,9,3,0,0,0,0,0,9,9,E01032379,3,1,0.0,1.0,-1,6,50,1,1,2,11:55,5,3,9
2023531322336,2023,531322336,2,1,1,2,24,5,3,0,0,0,0,0,9,3,E01022124,3,1,0.0,1.0,-1,7,30,1,1,1,16:20,7,2,9