collision_index,collision_year,collision_ref_no,vehicle_reference,casualty_reference,casualty_class,sex_of_casualty,age_of_casualty,age_band_of_casualty,casualty_severity,pedestrian_location,pedestrian_movement,car_passenger,bus_or_coach_passenger,pedestrian_road_maintenance_worker,casualty_type,casualty_imd_decile,lsoa_of_casualty,enhanced_casualty_severity,casualty_injury_based,casualty_adjusted_severity_serious,casualty_adjusted_severity_slight,casualty_distance_banding,road_type,speed_limit,weather_conditions,light_conditions,road_surface_conditions,time,day_of_week,number_of_vehicles,vehicle_type
2023522301742,2023,522301742,1,1,1,1,37,7,2,0,0,0,0,0,5,3,E01014564,-1,0,1.0,0.0,-1,3,70,1,1,1,16:02,7,1,5
2023552300782,2023,552300782,1,1,2,2,5,1,3,0,0,2,0,0,9,9,E01020419,-1,0,0.02491,0.97509,-1,6,30,1,1,1,18:16,7,2,9
2023332300958,2023,332300958,1,1,1,2,56,9,3,0,0,0,0,0,9,2,E01013676,-1,0,0.03065,0.96935,-1,6,30,1,4,1,04:55,1,2,9
2023411334328,2023,411334328,2,1,1,2,40,7,3,0,0,0,0,0,9,9,E01023318,3,1,0.0,1.0,-1,3,50,1,1,1,10:20,4,2,9
2023461337121,2023,461337121,2,4,2,2,7,2,3,0,0,2,0,0,9,1,E01024611,3,1,0.0,1.0,-1,6,30,1,1,1,14:52,3,3,9
2023411282691,2023,411282691,2,4,2,2,33,6,3,0,0,2,0,0,9,5,E01003697,3,1,0.0,1.0,-1,3,70,1,4,1,23:09,4,2,9
2023430511476,2023,430511476,1,1,1,1,55,8,3,0,0,0,0,0,9,7,E01016584,-1,0,0.13202,0.86798,-1,3,70,1,4,2,05:13,3,1,9
2023010460454,2023,010460454,2,2,1,2,60,9,3,0,0,0,0,0,9,7,E01004508,-1,0,0.0,1.0,-1,3,20,1,1,1,16:15,1,4,9
2023141370564,2023,141370564,1,3,2,1,13,3,3,0,0,2,0,0,9,10,E01007430,3,1,0.0,1.0,-1,6,60,1,1,2,09:06,7,2,9
2023201315859,2023,201315859,2,2,1,2,34,6,3,0,0,0,0,0,9,1,E01009274,3,1,0.0,1.0,-1,1,30,2,4,2,04:48,6,2,9
2023471376219,2023,471376219,1,1,1,1,71,10,3,0,0,0,0,0,9,8,E01031664,3,1,0.0,1.0,-1,6,40,1,4,2,22:43,7,1,9
202360A078590,2023,60A078590,1,1,1,1,58,9,3,0,0,0,0,0,9,-1,-1,-1,0,0.16503,0.83497,-1,6,60,1,1,1,18:36,5,2,9
2023010428019,2023,010428019,1,1,1,1,26,6,3,0,0,0,0,0,9,4,E01000378,-1,0,0.0,1.0,-1,6,30,1,1,1,13:18,1,2,9
2023501357801,2023,501357801,1,1,1,1,37,7,3,0,0,0,0,0,9,5,E01019050,3,1,0.0,1.0,-1,6,60,1,1,1,17:20,6,2,9
2023991386637,2023,991386637,2,1,1,2,69,10,3,0,0,0,0,0,9,6,-1,3,1,0.0,1.0,-1,6,30,1,1,1,10:05,2,2,9
2023131364390,2023,131364390,2,1,1,1,10,2,2,0,0,0,0,0,1,4,E01011908,7,1,1.0,0.0,-1,6,30,1,1,1,16:00,4,2,1
2023010443383,2023,010443383,2,2,1,1,34,6,3,0,0,0,0,0,3,4,E01004526,-1,0,0.0,1.0,-1,6,20,1,1,1,18:50,3,2,3
2023010461441,2023,010461441,1,1,3,2,55,8,3,8,1,0,0,0,0,5,E01000705,-1,0,0.0,1.0,-1,2,20,1,1,1,14:33,7,1,1
2023111284199,2023,111284199,1,1,3,1,26,6,2,5,3,0,0,0,0,1,E01033484,6,1,1.0,0.0,-1,6,30,1,4,1,21:48,2,1,9
2023161335238,2023,161335238,1,2,2,1,22,5,2,0,0,0,0,0,5,4,E01012797,7,1,1.0,0.0,-1,6,30,1,4,1,01:40,1,2,5
2023010428102,2023,010428102,1,1,2,-1,-1,-1,3,0,0,1,0,0,9,2,E01001486,-1,0,0.0,1.0,-1,3,30,1,4,1,22:25,1,1,9
2023991360793,2023,991360793,1,2,1,2,35,6,3,0,0,0,0,0,9,2,-1,3,1,0.0,1.0,-1,3,70,2,1,2,18:00,1,1,9
2023311342879,2023,311342879,1,1,3,2,45,7,2,5,1,0,0,0,0,1,E01028055,7,1,1.0,0.0,-1,6,30,1,1,1,11:28,7,1,9
2023010468658,2023,010468658,1,1,1,1,33,6,3,0,0,0,0,0,8,5,E01004579,-1,0,0.0,1.0,-1,1,20,1,1,1,13:16,4,2,8
2023031302971,2023,031302971,1,1,1,1,85,11,2,0,0,0,0,0,9,4,E01020818,5,1,1.0,0.0,-1,7,60,1,1,1,13:19,3,2,9
2023131376044,2023,131376044,2,1,1,1,39,7,3,0,0,0,0,0,9,1,E01011433,3,1,0.0,1.0,-1,6,30,1,1,2,11:21,7,2,9
2023161379309,2023,161379309,1,2,2,1,16,4,3,0,0,1,0,0,9,8,E01013123,3,1,0.0,1.0,-1,3,70,5,4,2,19:50,7,1,9
2023501283196,2023,501283196,1,1,1,1,19,4,3,0,0,0,0,0,9,3,E01015228,3,1,0.0,1.0,-1,6,60,2,6,2,20:36,5,1,9
2023131308594,2023,131308594,1,1,3,2,23,5,3,4,3,0,0,2,0,10,E01011567,3,1,0.0,1.0,-1,6,30,1,1,1,18:53,4,1,9
2023052302327,2023,052302327,1,1,1,1,19,4,2,0,0,0,0,0,3,1,E01006481,-1,0,1.0,0.0,-1,6,30,1,4,2,20:20,7,2,3
2023111317436,2023,111317436,1,1,2,2,18,4,3,0,0,1,0,0,9,9,E01020664,3,1,0.0,1.0,-1,6,60,1,1,1,21:20,1,1,9
2023131272992,2023,131272992,1,2,2,1,62,9,3,0,0,1,0,0,9,1,E01010817,3,1,0.0,1.0,-1,6,30,1,1,1,13:33,2,3,9
2023302301320,2023,302301320,1,3,2,2,84,11,3,0,0,2,0,0,9,8,E01019735,-1,0,0.15477,0.84523,-1,6,60,1,1,1,12:30,1,2,9
2023320067969,2023,320067969,1,1,2,2,72,10,3,0,0,1,0,0,9,7,E01026319,-1,0,0.06424,0.93576,-1,6,30,1,1,2,09:15,5,3,9
2023440166447,2023,440166447,1,4,2,2,21,5,3,0,0,2,0,0,9,1,E01017120,-1,0,0.05111,0.94889,-1,6,30,1,1,1,13:05,6,2,9
2023471347151,2023,471347151,1,1,1,1,20,4,3,0,0,0,0,0,9,6,E01031392,3,1,0.0,1.0,-1,6,30,1,1,1,05:41,5,2,9
2023531373503,2023,531373503,1,3,2,1,21,5,3,0,0,1,0,0,9,6,E01022460,3,1,0.0,1.0,-1,6,50,1,4,1,20:32,7,2,9
2023461356757,2023,461356757,2,1,1,1,54,8,3,0,0,0,0,0,1,7,E01024719,3,1,0.0,1.0,-1,6,30,1,1,2,16:15,5,2,1
2023421318462,2023,421318462,3,3,1,1,78,11,3,0,0,0,0,0,9,1,E01021990,3,1,0.0,1.0,-1,6,30,1,1,1,19:10,1,3,9
2023430447873,2023,430447873,1,1,1,1,36,7,3,0,0,0,0,0,9,-1,-1,-1,0,0.052,0.948,-1,6,60,1,1,1,18:05,5,2,9
2023010447861,2023,010447861,1,1,1,2,41,7,3,0,0,0,0,0,9,5,E01004461,-1,0,0.0,1.0,-1,6,30,1,1,1,19:10,5,2,9
2023430016374,2023,430016374,1,1,1,2,49,8,3,0,0,0,0,0,9,4,E01016705,-1,0,0.00783,0.99217,-1,6,30,1,4,2,16:30,4,2,9
2023440462301,2023,440462301,2,3,2,1,18,4,3,0,0,1,0,0,9,6,E01022940,-1,0,0.09742,0.90258,-1,6,40,1,4,1,00:50,1,2,9
2023542189923,2023,542189923,1,1,1,1,40,7,3,0,0,0,0,0,9,7,E01029164,-1,0,0.0979,0.9021,-1,6,60,1,1,1,07:15,3,1,9
2023052301734,2023,052301734,2,1,1,1,33,6,3,0,0,0,0,0,23,7,E01006685,-1,0,0.21484,0.78516,-1,6,30,1,1,1,20:10,6,2,23
2023010443519,2023,010443519,1,1,3,1,42,7,3,5,3,0,0,0,0,2,E01003041,-1,0,0.0,1.0,-1,6,30,1,1,1,17:19,4,1,9
2023332301023,2023,332301023,1,1,1,1,27,6,3,0,0,0,0,0,3,1,E01013760,-1,0,0.04542,0.95458,-1,3,30,1,4,1,01:30,2,2,3
2023010462497,2023,010462497,2,1,1,2,48,8,3,0,0,0,0,0,8,7,E01000314,-1,0,0.0,1.0,-1,3,40,1,1,1,07:00,7,2,8
2023320689580,2023,320689580,1,1,1,1,37,7,2,0,0,0,0,0,9,3,E01007345,-1,0,1.0,0.0,-1,6,60,1,1,2,08:20,3,2,9
2023501304598,2023,501304598,2,3,2,1,22,5,3,0,0,1,0,0,9,-1,-1,3,1,0.0,1.0,-1,6,30,1,1,1,08:20,6,4,9
2023543523323,2023,543523323,1,1,1,1,20,4,3,0,0,0,0,0,9,5,E01032103,-1,0,0.05605,0.94395,-1,6,60,1,1,1,08:29,2,2,9
2023552300537,2023,552300537,1,4,2,2,73,10,3,0,0,1,0,0,9,5,E01020389,-1,0,0.13396,0.86604,-1,6,60,1,1,2,10:11,5,3,9
2023010457561,2023,010457561,2,1,1,1,68,10,2,0,0,0,0,0,1,3,E01002550,-1,0,1.0,0.0,-1,6,30,9,1,1,12:30,4,2,1
2023622300913,2023,622300913,2,2,1,1,18,4,3,0,0,0,0,0,3,9,W01001826,-1,0,0.09034,0.90966,-1,3,30,1,1,1,17:22,1,2,3
2023440005700,2023,440005700,1,1,1,1,78,11,3,0,0,0,0,0,4,8,E01022792,-1,0,0.26272,0.73728,-1,6,40,1,1,2,14:15,5,2,4
2023461300466,2023,461300466,1,3,2,1,11,3,3,0,0,2,0,0,9,8,E01024839,3,1,0.0,1.0,-1,6,40,1,1,1,08:40,3,2,9
2023010479733,2023,010479733,1,1,1,1,20,4,3,0,0,0,0,0,3,4,E01000171,-1,0,0.0,1.0,-1,9,30,1,4,1,17:15,4,2,3
2023522400313,2023,522400313,1,1,3,2,18,4,3,1,2,0,0,0,0,2,E01014489,-1,0,0.1003,0.8997,-1,3,30,1,1,1,14:25,3,1,9
2023010448897,2023,010448897,1,2,2,2,23,5,3,0,0,2,0,0,9,3,E01002303,-1,0,0.0,1.0,-1,3,50,1,4,1,21:39,3,2,9
2023010482902,2023,010482902,1,1,1,2,31,6,3,0,0,0,0,0,9,7,E01003199,-1,0,0.0,1.0,-1,6,20,1,4,1,17:25,6,2,9
2023991277718,2023,991277718,2,1,1,2,52,8,2,0,0,0,0,0,16,9,-1,5,1,1.0,0.0,-1,6,60,4,1,1,16:57,6,2,16
2023351353579,2023,351353579,2,2,1,1,35,6,3,0,0,0,0,0,19,2,E01013897,3,1,0.0,1.0,-1,3,70,1,1,1,15:47,5,2,19
2023531351315,2023,531351315,1,1,1,1,26,6,3,0,0,0,0,0,4,7,E01022444,3,1,0.0,1.0,-1,3,30,1,1,1,12:00,2,1,4
2023010442253,2023,010442253,2,1,1,2,28,6,2,0,0,0,0,0,1,8,E01004623,-1,0,1.0,0.0,-1,6,20,1,1,1,08:40,4,2,1
2023361299166,2023,361299166,2,1,1,1,21,5,3,0,0,0,0,0,4,9,E01026587,3,1,0.0,1.0,-1,6,30,1,1,1,16:43,4,2,4
2023340NN1212,2023,340NN1212,1,1,1,1,52,8,2,0,0,0,0,0,5,10,E01027121,-1,0,1.0,0.0,-1,1,70,1,1,1,14:00,1,1,5
2023231300640,2023,231300640,2,2,2,2,11,3,3,0,0,1,0,0,9,3,E01031174,3,1,0.0,1.0,-1,6,30,1,1,1,16:40,5,2,9
2023052301121,2023,052301121,1,1,1,1,21,5,3,0,0,0,0,0,23,1,E01006607,-1,0,0.16855,0.83145,-1,6,30,1,1,1,15:30,3,2,23
2023430465743,2023,430465743,1,1,3,1,15,3,3,5,1,0,0,0,0,3,E01017666,-1,0,0.16446,0.83554,-1,6,30,1,1,1,15:49,2,1,9
2023221296847,2023,221296847,1,5,2,2,17,4,2,0,0,2,0,0,9,7,W01000486,6,1,1.0,0.0,-1,6,60,1,1,2,19:15,6,2,9
2023351371616,2023,351371616,1,1,1,2,50,8,3,0,0,0,0,0,9,8,E01033115,3,1,0.0,1.0,-1,6,60,1,1,1,14:59,5,2,9
2023451322243,2023,451322243,1,1,2,2,4,1,3,0,0,2,0,0,9,10,E01030959,3,1,0.0,1.0,-1,3,40,1,1,1,08:30,7,2,9
202354A664423,2023,54A664423,1,2,2,2,32,6,3,0,0,1,0,0,9,2,E01015540,-1,0,0.07835,0.92165,-1,3,70,1,6,1,05:09,1,1,9
2023631370028,2023,631370028,1,1,1,1,21,5,2,0,0,0,0,0,9,4,W01000605,7,1,1.0,0.0,-1,6,60,1,6,1,20:30,5,1,9
2023010432504,2023,010432504,1,1,2,2,84,11,3,0,0,0,3,0,11,6,E01002984,-1,0,0.0,1.0,-1,6,30,1,1,1,10:45,5,1,11
2023201409126,2023,201409126,1,1,1,1,68,10,3,0,0,0,0,0,19,5,E01029647,3,1,0.0,1.0,-1,6,30,1,1,1,11:52,2,1,19
2023010452470,2023,010452470,1,1,3,2,61,9,3,8,1,0,0,0,0,3,E01003315,-1,0,0.0,1.0,-1,6,20,1,1,1,18:05,6,1,2
2023311352261,2023,311352261,1,1,1,1,62,9,2,0,0,0,0,0,5,6,E01027948,7,1,1.0,0.0,-1,3,60,1,1,1,19:43,4,3,5
2023302300205,2023,302300205,1,2,2,1,17,4,3,0,0,1,0,0,9,1,E01013456,-1,0,0.10292,0.89708,-1,6,60,1,1,1,08:22,6,1,9
2023430517815,2023,430517815,2,2,2,2,21,5,3,0,0,1,0,0,9,6,E01031187,-1,0,0.00488,0.99512,-1,3,50,1,4,1,19:45,5,2,9
2023501284172,2023,501284172,1,2,2,1,57,9,2,0,0,-1,0,0,9,8,E01020051,7,1,1.0,0.0,-1,6,60,1,1,1,12:30,2,2,9
2023010449527,2023,010449527,1,1,3,1,18,4,3,5,3,0,0,0,0,8,E01002914,-1,0,0.0,1.0,-1,2,20,1,1,1,17:40,6,1,9
2023430203149,2023,430203149,1,1,3,1,53,8,3,8,9,0,0,0,0,6,E01001751,-1,0,0.11331,0.88669,-1,1,30,1,1,1,12:00,4,1,9
2023371347239,2023,371347239,2,1,1,1,55,8,3,0,0,0,0,0,1,7,E01029945,3,1,0.0,1.0,-1,6,30,1,1,1,17:05,2,2,1
2023010465765,2023,010465765,1,1,1,1,18,4,3,0,0,0,0,0,3,2,E01002765,-1,0,0.0,1.0,-1,6,20,1,1,1,15:25,4,2,3
2023131329612,2023,131329612,1,1,2,1,18,4,3,0,0,2,0,0,9,9,E01010577,3,1,0.0,1.0,-1,3,40,1,1,1,05:40,7,1,9
2023320010355,2023,320010355,2,1,2,2,7,2,3,0,0,2,0,0,9,3,E01003592,-1,0,0.04228,0.95772,-1,3,70,1,1,1,15:00,6,2,9
2023461394979,2023,461394979,2,5,2,1,18,4,3,0,0,1,0,0,9,4,E01024647,3,1,0.0,1.0,-1,6,60,2,6,2,00:07,7,2,9
2023010465026,2023,010465026,1,1,1,1,30,6,3,0,0,0,0,0,90,-1,-1,-1,0,0.0,1.0,-1,3,30,1,1,1,18:30,7,2,90
2023131375449,2023,131375449,1,1,1,1,41,7,3,0,0,0,0,0,9,1,E01011661,3,1,0.0,1.0,-1,7,30,1,4,2,16:35,5,2,9
2023161271743,2023,161271743,3,1,1,1,75,10,3,0,0,0,0,0,9,10,E01012927,3,1,0.0,1.0,-1,6,60,1,1,1,09:57,5,3,9
2023201426509,2023,201426509,2,1,1,1,44,7,3,0,0,0,0,0,9,-1,-1,3,1,0.0,1.0,-1,6,30,1,4,1,05:51,3,2,9
2023221338756,2023,221338756,1,5,2,1,2,1,3,0,0,2,0,0,9,1,E01014124,3,1,0.0,1.0,-1,6,40,1,6,1,21:22,1,2,9
2023411271405,2023,411271405,2,1,2,2,7,2,3,0,0,1,0,0,9,2,E01018075,3,1,0.0,1.0,-1,6,30,1,4,4,20:08,7,2,9
2023440177134,2023,440177134,1,1,1,1,21,5,3,0,0,0,0,0,9,7,E01022513,-1,0,0.08828,0.91172,-1,6,60,1,1,1,18:26,6,2,9
2023131316896,2023,131316896,2,1,1,1,44,7,3,0,0,0,0,0,9,7,E01010573,3,1,0.0,1.0,-1,6,60,1,1,1,15:53,6,3,9
2023520301162,2023,520301162,3,3,2,1,21,5,3,0,0,2,0,0,9,4,E01015385,-1,0,0.03754,0.96246,-1,6,50,1,1,1,10:07,5,3,9
2023010441425,2023,010441425,1,1,1,2,46,8,3,0,0,0,0,0,9,2,E01002277,-1,0,0.0,1.0,-1,1,30,1,4,1,21:45,6,2,9
2023361263141,2023,361263141,1,4,2,1,9,2,3,0,0,2,0,0,9,3,E01026740,3,1,0.0,1.0,-1,6,30,4,6,1,17:28,6,2,9
2023991288572,2023,991288572,2,1,1,1,77,11,3,0,0,0,0,0,9,-1,-1,3,1,0.0,1.0,-1,1,40,2,1,2,11:30,2,2,9
2023320401133,2023,320401133,2,2,1,1,42,7,3,0,0,0,0,0,9,4,E01026253,-1,0,0.06645,0.93355,-1,6,60,1,1,1,19:36,5,2,9
2023421362952,2023,421362952,3,3,1,1,19,4,3,0,0,0,0,0,9,7,E01021972,3,1,0.0,1.0,-1,3,70,1,6,1,22:45,7,3,9
2023451313766,2023,451313766,1,1,2,2,57,9,3,0,0,2,0,0,9,10,E01030316,3,1,0.0,1.0,-1,6,40,1,1,1,13:45,4,2,9
2023401348845,2023,401348845,1,1,1,1,37,7,2,0,0,0,0,0,5,6,E01017517,7,1,1.0,0.0,-1,6,60,1,1,1,08:25,1,1,5
2023161267620,2023,161267620,1,1,3,2,13,3,2,1,9,0,0,2,0,2,E01013240,7,1,1.0,0.0,-1,6,40,1,4,1,18:30,3,1,9
2023211324577,2023,211324577,1,1,3,1,86,11,3,5,1,0,0,0,0,8,E01029713,3,1,0.0,1.0,-1,6,30,1,1,1,19:50,6,1,9
2023471377839,2023,471377839,1,1,3,1,29,6,3,5,9,0,0,0,0,1,E01020992,3,1,0.0,1.0,-1,6,30,1,4,1,01:30,5,1,9
2023351271802,2023,351271802,1,1,1,1,65,9,2,0,0,0,0,0,19,8,E01033259,7,1,1.0,0.0,-1,3,70,1,1,1,09:43,3,2,19
2023041319613,2023,041319613,1,1,1,1,39,7,1,0,0,0,0,0,5,2,E01006456,1,1,0.0,0.0,-1,6,50,1,1,1,20:08,6,2,5
2023332300370,2023,332300370,1,1,3,1,77,11,2,4,1,0,0,0,0,3,E01013744,-1,0,1.0,0.0,-1,6,30,1,1,1,14:35,7,1,9
2023010432161,2023,010432161,1,1,3,2,-1,-1,3,5,1,0,0,0,0,-1,-1,-1,0,0.0,1.0,-1,6,20,1,1,1,13:56,3,1,9
2023461397037,2023,461397037,1,2,3,2,73,10,3,10,9,0,0,0,0,-1,-1,3,1,0.0,1.0,-1,6,30,2,4,2,20:31,3,3,19
2023201371023,2023,201371023,2,1,1,1,28,6,3,0,0,0,0,0,1,1,E01010441,3,1,0.0,1.0,-1,3,30,9,1,1,18:20,5,2,1
2023231345352,2023,231345352,2,1,1,1,18,4,2,0,0,0,0,0,1,6,E01031146,5,1,1.0,0.0,-1,1,20,1,1,1,13:15,2,2,1
2023520400858,2023,520400858,1,1,1,1,61,9,3,0,0,0,0,0,9,6,E01008386,-1,0,0.04027,0.95973,-1,3,70,5,1,1,09:50,5,1,9
2023461311398,2023,461311398,1,1,1,1,29,6,3,0,0,0,0,0,20,4,E01001090,3,1,0.0,1.0,-1,6,30,1,1,1,16:18,2,2,20
2023302301100,2023,302301100,1,1,3,1,21,5,2,1,1,0,0,0,0,2,E01019507,-1,0,1.0,0.0,-1,6,30,1,1,1,16:45,3,1,9
2023010459618,2023,010459618,2,1,1,1,25,5,3,0,0,0,0,0,9,3,E01004217,-1,0,0.0,1.0,-1,6,20,2,4,2,22:25,3,2,9
2023320266807,2023,320266807,1,1,1,2,77,11,3,0,0,0,0,0,9,10,E01026233,-1,0,0.12843,0.87157,-1,6,60,1,1,1,13:00,4,1,9
2023430020912,2023,430020912,2,2,1,2,26,6,3,0,0,0,0,0,9,7,E01016802,-1,0,0.09457,0.90543,-1,6,60,4,7,1,23:14,7,3,9
2023430280023,2023,430280023,1,1,2,1,12,3,3,0,0,2,0,0,9,10,E01017894,-1,0,0.04658,0.95342,-1,6,30,1,1,1,13:38,1,4,9
2023471334741,2023,471334741,3,2,2,2,-1,-1,3,0,0,1,0,0,9,5,E01004076,3,1,0.0,1.0,-1,6,20,1,1,1,19:42,6,6,9
2023631359100,2023,631359100,1,2,1,1,40,7,3,0,0,0,0,0,9,3,E01028903,3,1,0.0,1.0,-1,6,60,1,6,2,05:15,2,1,9
2023052302878,2023,052302878,2,2,1,2,38,7,3,0,0,0,0,0,1,6,E01025486,-1,0,0.0833,0.9167,-1,6,30,8,1,4,09:20,7,2,1
2023010454082,2023,010454082,1,1,3,2,26,6,2,4,9,0,0,0,0,8,-1,-1,0,1.0,0.0,-1,6,20,1,4,1,04:10,1,1,3
2023010450370,2023,010450370,1,1,1,1,18,4,3,0,0,0,0,0,1,2,E01004306,-1,0,0.0,1.0,-1,9,20,1,4,1,09:55,6,2,1
2023440403576,2023,440403576,1,1,1,1,20,4,3,0,0,0,0,0,3,2,E01017265,-1,0,0.17586,0.82414,-1,6,30,1,1,1,12:55,3,2,3
2023010466849,2023,010466849,2,2,1,1,39,7,3,0,0,0,0,0,9,2,E01002566,-1,0,0.0,1.0,-1,6,20,1,1,1,15:40,2,2,9
2023401300094,2023,401300094,1,1,1,1,28,6,3,0,0,0,0,0,9,3,E01015715,3,1,0.0,1.0,-1,6,30,1,1,1,18:45,1,2,9
2023411307847,2023,411307847,3,1,1,2,57,9,3,0,0,0,0,0,9,-1,-1,3,1,0.0,1.0,-1,6,50,1,1,-1,08:30,3,3,9
2023430343616,2023,430343616,1,1,1,1,35,6,3,0,0,0,0,0,9,3,E01032743,-1,0,0.03194,0.96806,-1,6,30,2,1,2,13:44,4,2,9
2023010468952,2023,010468952,1,1,1,2,45,7,3,0,0,0,0,0,9,1,E01032575,-1,0,0.0,1.0,-1,6,30,1,4,1,22:00,5,2,9
2023201416423,2023,201416423,2,1,1,2,52,8,3,0,0,0,0,0,9,3,E01009883,3,1,0.0,1.0,-1,3,30,1,4,1,16:30,4,2,9
2023211308490,2023,211308490,1,3,2,1,28,6,3,0,0,-1,0,0,9,-1,-1,3,1,0.0,1.0,-1,3,60,1,4,2,05:17,4,2,9
2023540625723,2023,540625723,2,3,2,1,7,2,3,0,0,2,0,0,9,-1,-1,-1,0,0.01847,0.98153,-1,6,60,1,1,2,14:06,4,4,9
2023302301582,2023,302301582,1,1,3,2,40,7,3,6,9,0,0,0,0,1,E01013590,-1,0,0.06518,0.93482,-1,6,30,1,1,1,15:30,2,1,11
2023302301732,2023,302301732,2,2,1,2,21,5,2,0,0,0,0,0,9,2,E01019469,-1,0,1.0,0.0,-1,6,60,1,1,1,07:55,7,2,9
2023421340475,2023,421340475,2,1,1,2,18,4,3,0,0,0,0,0,9,5,E01021720,3,1,0.0,1.0,-1,6,30,1,4,1,23:24,5,3,9
2023421362643,2023,421362643,1,1,1,1,48,8,2,0,0,0,0,0,2,7,E01021827,7,1,1.0,0.0,-1,6,30,1,1,1,13:43,6,2,2
2023201418584,2023,201418584,1,1,3,1,23,5,3,5,1,0,0,2,0,3,E01009120,3,1,0.0,1.0,-1,6,30,1,4,1,18:10,6,1,9
2023070310509,2023,070310509,2,1,1,2,29,6,3,0,0,0,0,0,-1,8,E01018345,-1,0,0.04192,0.95808,-1,6,20,1,1,1,07:40,4,2,-1
2023071239075,2023,071239075,2,1,1,1,21,5,3,0,0,0,0,0,1,2,E01012431,-1,0,0.10355,0.89645,-1,6,30,2,7,2,14:49,5,2,1
2023101320974,2023,101320974,1,1,1,1,20,4,3,0,0,0,0,0,3,8,E01008249,3,1,0.0,1.0,-1,3,50,2,1,2,13:00,3,1,3
2023010424647,2023,010424647,2,2,1,1,18,4,3,0,0,0,0,0,5,4,E01001182,-1,0,0.0,1.0,-1,6,20,1,4,2,23:08,3,3,5
2023461275108,2023,461275108,2,2,1,2,40,7,3,0,0,0,0,0,9,10,E01024745,3,1,0.0,1.0,-1,6,40,1,1,1,13:00,1,2,9
2023552400002,2023,552400002,2,3,2,2,63,9,2,0,0,1,0,0,9,8,E01017377,-1,0,1.0,0.0,-1,6,60,5,6,1,20:17,7,2,9
2023541958323,2023,541958323,2,1,1,1,59,9,3,0,0,0,0,0,3,7,E01015474,-1,0,0.06628,0.93372,-1,6,50,1,1,1,10:30,2,2,3
2023010424724,2023,010424724,2,1,1,1,19,4,3,0,0,0,0,0,4,7,E01003831,-1,0,0.0,1.0,-1,6,30,1,1,1,08:02,4,2,4
2023201291135,2023,201291135,1,1,3,1,58,9,3,9,5,0,0,2,0,3,E01010089,3,1,0.0,1.0,-1,6,30,1,1,1,16:30,3,1,9
2023010474219,2023,010474219,1,2,3,1,56,9,3,4,1,0,0,0,0,2,E01001219,-1,0,0.0,1.0,-1,6,20,1,1,1,16:00,2,1,1
2023041311611,2023,041311611,1,1,3,1,41,7,3,9,5,0,0,0,0,4,E01025276,3,1,0.0,1.0,-1,6,20,1,1,1,16:25,5,1,9
2023451269406,2023,451269406,1,1,1,1,54,8,3,0,0,0,0,0,1,10,E01003866,3,1,0.0,1.0,-1,6,30,1,1,2,10:05,1,1,1
2023231266056,2023,231266056,1,1,3,1,58,9,3,5,3,0,0,0,0,9,E01031136,3,1,0.0,1.0,-1,6,30,1,4,2,21:26,2,1,-1
2023311334160,2023,311334160,1,1,3,1,50,8,2,5,1,0,0,0,0,2,E01013683,7,1,1.0,0.0,-1,6,20,1,4,1,22:05,5,1,8
2023991377884,2023,991377884,1,2,2,2,30,6,3,0,0,1,0,0,19,-1,-1,3,1,0.0,1.0,-1,3,70,2,4,2,18:50,3,1,19
2023010421035,2023,010421035,1,1,1,1,44,7,3,0,0,0,0,0,2,5,E01004370,-1,0,0.0,1.0,-1,6,30,1,4,1,18:53,5,2,2
2023320673925,2023,320673925,2,1,1,1,33,6,2,0,0,0,0,0,5,6,E01026349,-1,0,1.0,0.0,-1,6,60,1,5,1,16:45,2,2,5
2023361265168,2023,361265168,5,4,1,1,37,7,1,0,0,0,0,0,19,3,E01026717,1,1,0.0,0.0,-1,6,60,1,7,2,06:30,4,5,19
2023010433867,2023,010433867,1,1,3,2,53,8,2,1,9,0,0,0,0,3,E01004184,-1,0,1.0,0.0,-1,1,30,2,1,2,18:00,5,1,9
2023010421271,2023,010421271,1,1,1,1,20,4,3,0,0,0,0,0,3,2,E01004308,-1,0,0.0,1.0,-1,6,30,2,4,2,06:50,3,2,3
2023111346849,2023,111346849,1,1,1,1,56,9,2,0,0,0,0,0,9,-1,-1,6,1,1.0,0.0,-1,6,60,1,1,1,13:30,1,1,9
2023131355798,2023,131355798,2,1,2,1,51,8,3,0,0,2,0,0,9,1,E01033692,3,1,0.0,1.0,-1,6,30,1,1,1,16:03,1,3,9
2023161379332,2023,161379332,3,1,1,1,26,6,2,0,0,0,0,0,1,1,E01013196,7,1,1.0,0.0,-1,6,30,1,4,2,02:00,5,3,1
2023991363303,2023,991363303,1,1,1,1,17,4,2,0,0,0,0,0,3,3,-1,7,1,1.0,0.0,-1,3,40,1,4,1,20:29,2,1,3
2023161370475,2023,161370475,2,2,1,2,49,8,2,0,0,0,0,0,9,8,E01010896,6,1,1.0,0.0,-1,6,40,1,4,1,18:40,6,2,9
2023201281671,2023,201281671,2,1,2,2,41,7,3,0,0,1,0,0,9,2,E01009758,3,1,0.0,1.0,-1,6,30,1,4,1,18:28,5,3,9