collision_index,collision_year,collision_ref_no,vehicle_reference,casualty_reference,casualty_class,sex_of_casualty,age_of_casualty,age_band_of_casualty,casualty_severity,pedestrian_location,pedestrian_movement,car_passenger,bus_or_coach_passenger,pedestrian_road_maintenance_worker,casualty_type,casualty_imd_decile,lsoa_of_casualty,enhanced_casualty_severity,casualty_injury_based,casualty_adjusted_severity_serious,casualty_adjusted_severity_slight,casualty_distance_banding,road_type,speed_limit,weather_conditions,light_conditions,road_surface_conditions,time,day_of_week,number_of_vehicles,vehicle_type
2023451338468,2023,451338468,1,1,1,2,41,7,3,0,0,0,0,0,9,10,E01004101,3,1,0.0,1.0,-1,6,30,2,1,2,12:25,7,2,9
2023501319900,2023,501319900,1,1,2,2,62,9,3,0,0,1,0,0,9,4,E01020314,3,1,0.0,1.0,-1,6,30,1,1,1,14:55,7,2,9
2023101310180,2023,101310180,2,1,1,1,52,8,3,0,0,0,0,0,1,6,E01027483,3,1,0.0,1.0,-1,6,30,1,1,1,18:35,6,2,1
2023010482501,2023,010482501,1,1,1,1,22,5,3,0,0,0,0,0,3,5,E01021443,-1,0,0.0,1.0,-1,6,20,1,1,1,21:08,5,2,3
2023211307693,2023,211307693,1,1,3,1,61,9,3,5,4,0,0,0,0,4,E01029386,3,1,0.0,1.0,-1,6,30,1,1,1,20:32,2,1,9
2023302301007,2023,302301007,1,1,3,2,14,3,3,5,1,0,0,0,0,8,E01019781,-1,0,0.13927,0.86073,-1,6,30,1,1,1,13:51,1,1,9
2023991322007,2023,991322007,1,1,3,1,10,2,2,8,4,0,0,2,0,-1,-1,7,1,1.0,0.0,-1,6,30,2,1,2,08:50,6,1,9
2023131365701,2023,131365701,1,1,1,1,18,4,3,0,0,0,0,0,2,1,E01010627,3,1,0.0,1.0,-1,6,20,1,1,1,13:52,1,3,2
2023320532989,2023,320532989,1,2,2,1,14,3,3,0,0,2,0,0,9,8,E01026291,-1,0,0.06886,0.93114,-1,3,70,1,1,1,13:20,1,1,9
2023131345262,2023,131345262,1,1,2,2,65,9,2,0,0,1,0,0,9,1,E01011373,6,1,1.0,0.0,-1,6,30,1,1,1,19:07,5,2,9
2023221265348,2023,221265348,2,2,2,1,35,6,3,0,0,1,0,0,9,4,E01028871,3,1,0.0,1.0,-1,6,60,3,6,3,06:44,4,2,9
2023451351014,2023,451351014,1,1,1,1,59,9,2,0,0,0,0,0,9,10,E01030355,7,1,1.0,0.0,-1,6,30,1,4,1,22:10,1,2,9
2023631319130,2023,631319130,1,1,1,1,32,6,3,0,0,0,0,0,9,8,W01001242,3,1,0.0,1.0,-1,6,60,1,1,1,13:20,5,1,9
2023631362997,2023,631362997,1,2,2,2,18,4,3,0,0,1,0,0,9,4,W01000703,3,1,0.0,1.0,-1,6,20,2,4,2,19:10,5,3,9
2023471353400,2023,471353400,1,1,2,1,48,8,3,0,0,-1,0,0,9,6,E01021087,3,1,0.0,1.0,-1,6,30,2,6,2,21:23,2,1,9
2023543325023,2023,543325023,1,1,1,2,53,8,3,0,0,0,0,0,9,7,E01032067,-1,0,0.04441,0.95559,-1,6,30,1,1,2,07:40,4,3,9
2023201314101,2023,201314101,1,1,3,1,13,3,3,8,1,0,0,0,0,3,E01009950,3,1,0.0,1.0,-1,3,30,1,1,1,18:50,6,1,-1
2023411353495,2023,411353495,1,1,3,1,42,7,2,10,9,0,0,0,0,7,E01023679,5,1,1.0,0.0,-1,6,20,1,4,1,21:00,3,1,-1
2023991301556,2023,991301556,2,1,1,1,43,7,3,0,0,0,0,0,1,10,-1,3,1,0.0,1.0,-1,6,30,2,1,2,08:35,5,2,1
2023101364954,2023,101364954,2,1,1,1,58,9,2,0,0,0,0,0,5,9,E01027405,6,1,1.0,0.0,-1,6,60,1,1,1,13:05,1,3,5
2023451356616,2023,451356616,2,1,1,2,41,7,3,0,0,0,0,0,9,5,W01000542,3,1,0.0,1.0,-1,1,40,1,1,1,13:20,3,3,9
2023101297115,2023,101297115,1,1,3,2,2,1,3,5,1,0,0,0,0,1,E01008817,3,1,0.0,1.0,-1,6,30,1,1,1,12:12,6,1,9
2023131300031,2023,131300031,1,1,3,2,29,6,3,8,1,0,0,2,0,2,E01011686,3,1,0.0,1.0,-1,6,40,1,1,1,20:30,6,1,9
2023451353752,2023,451353752,1,1,1,1,48,8,3,0,0,0,0,0,5,6,E01030631,3,1,0.0,1.0,-1,6,40,1,1,1,11:30,1,2,5
2023010454332,2023,010454332,1,1,1,1,40,7,3,0,0,0,0,0,1,2,E01000544,-1,0,0.0,1.0,-1,6,30,1,1,1,13:00,2,2,1
202360A079920,2023,60A079920,2,1,1,1,12,3,3,0,0,0,0,0,1,-1,-1,-1,0,0.13868,0.86132,-1,6,30,1,1,1,19:10,7,2,1
202360A076224,2023,60A076224,1,1,1,1,17,4,2,0,0,0,0,0,3,-1,-1,-1,0,1.0,0.0,-1,6,30,1,1,1,18:40,1,1,3
2023010467083,2023,010467083,1,1,1,1,33,6,3,0,0,0,0,0,8,4,E01003715,-1,0,0.0,1.0,-1,6,20,1,4,1,02:25,4,2,8
2023430107582,2023,430107582,1,1,1,1,59,9,3,0,0,0,0,0,19,7,E01027434,-1,0,0.05129,0.94871,-1,6,40,6,1,3,09:06,6,1,19
2023141330524,2023,141330524,2,2,1,1,59,9,3,0,0,0,0,0,9,8,E01027896,3,1,0.0,1.0,-1,6,30,1,1,1,10:25,3,2,9
2023211317471,2023,211317471,2,2,1,1,41,7,3,0,0,0,0,0,9,9,E01014349,3,1,0.0,1.0,-1,6,30,8,1,1,19:30,4,3,9
2023010450934,2023,010450934,1,1,1,1,24,5,3,0,0,0,0,0,3,3,E01000164,-1,0,0.0,1.0,-1,6,20,1,1,1,11:10,6,2,3
2023302301919,2023,302301919,2,1,1,2,42,7,3,0,0,0,0,0,1,4,E01013525,-1,0,0.09293,0.90707,-1,6,40,1,1,1,11:45,2,2,1
2023111346093,2023,111346093,1,1,1,1,17,4,2,0,0,0,0,0,9,3,E01020616,5,1,1.0,0.0,-1,6,40,1,4,2,20:50,1,1,9
2023540322023,2023,540322023,3,2,1,1,40,7,3,0,0,0,0,0,21,10,E01031934,-1,0,0.03273,0.96727,-1,6,30,1,1,2,12:09,3,3,21
2023010453090,2023,010453090,2,1,1,1,48,8,3,0,0,0,0,0,1,7,E01000298,-1,0,0.0,1.0,-1,6,20,1,1,1,08:02,3,2,1
2023351286512,2023,351286512,2,1,1,1,19,4,2,0,0,0,0,0,1,-1,-1,7,1,1.0,0.0,-1,6,30,9,1,-1,17:15,3,2,1
2023320623149,2023,320623149,1,1,1,1,44,7,2,0,0,0,0,0,1,7,E01026257,-1,0,1.0,0.0,-1,6,60,1,1,1,09:20,7,1,1
2023010437617,2023,010437617,1,1,3,1,69,10,2,9,9,0,0,0,0,-1,-1,-1,0,1.0,0.0,-1,6,30,1,4,1,21:20,7,1,11
2023991388881,2023,991388881,1,1,3,1,39,7,3,1,1,0,0,0,0,6,-1,3,1,0.0,1.0,-1,6,30,1,4,2,00:30,7,1,9
2023052302247,2023,052302247,1,1,3,1,0,1,3,5,9,0,0,0,0,1,E01006679,-1,0,0.05037,0.94963,-1,6,30,1,1,1,17:00,6,1,9
2023161272098,2023,161272098,1,1,1,1,40,7,3,0,0,0,0,0,1,2,E01012903,3,1,0.0,1.0,-1,6,30,1,4,2,06:40,3,2,1
2023010475075,2023,010475075,1,1,1,1,24,5,3,0,0,0,0,0,3,7,E01023334,-1,0,0.0,1.0,-1,6,30,1,1,1,12:00,3,2,3
2023111347418,2023,111347418,1,2,2,2,24,5,3,0,0,2,0,0,9,3,E01020729,3,1,0.0,1.0,-1,6,30,1,6,2,03:00,2,1,9
2023221321443,2023,221321443,2,1,1,2,61,9,2,0,0,0,0,0,1,1,E01032424,7,1,1.0,0.0,-1,6,30,1,1,1,20:39,5,2,1
2023311376073,2023,311376073,1,1,1,1,21,5,2,0,0,0,0,0,3,2,E01028067,7,1,1.0,0.0,-1,6,30,1,1,2,12:55,7,1,3
2023520301838,2023,520301838,1,1,1,1,54,8,2,0,0,0,0,0,5,8,E01002495,-1,0,1.0,0.0,-1,6,30,1,1,1,08:00,1,1,5
2023010470877,2023,010470877,1,1,1,1,44,7,2,0,0,0,0,0,1,2,E01000221,-1,0,1.0,0.0,-1,9,20,9,7,9,17:30,5,2,1
2023221354911,2023,221354911,2,1,1,1,59,9,3,0,0,0,0,0,1,5,E01014035,3,1,0.0,1.0,-1,6,30,1,1,1,19:55,4,2,1
2023041315664,2023,041315664,2,1,1,1,68,10,3,0,0,0,0,0,4,8,E01025516,3,1,0.0,1.0,-1,6,20,1,1,1,16:03,3,2,4
2023061276764,2023,061276764,2,2,1,1,35,6,2,0,0,0,0,0,9,3,E01006238,7,1,1.0,0.0,-1,6,30,1,1,1,14:30,4,2,9
2023070104172,2023,070104172,1,1,1,1,27,6,3,0,0,0,0,0,9,10,E01012517,-1,0,0.0731,0.9269,-1,6,50,9,1,1,11:45,1,3,9
2023411300277,2023,411300277,2,1,1,1,75,10,3,0,0,0,0,0,9,10,E01023524,3,1,0.0,1.0,-1,6,50,2,6,2,18:10,2,2,9
2023451275020,2023,451275020,2,1,1,1,35,6,2,0,0,0,0,0,3,-1,-1,7,1,1.0,0.0,-1,6,30,1,4,1,18:30,6,2,3
2023041292230,2023,041292230,2,2,2,1,9,2,3,0,0,2,0,0,9,2,E01012625,3,1,0.0,1.0,-1,6,30,2,1,2,15:30,5,2,9
2023131387196,2023,131387196,2,2,2,2,9,2,3,0,0,1,0,0,9,1,E01010745,3,1,0.0,1.0,-1,3,30,1,4,2,19:30,2,2,9
2023302300446,2023,302300446,2,1,1,2,41,7,3,0,0,0,0,0,9,3,E01019768,-1,0,0.01243,0.98757,-1,6,30,1,1,1,16:48,6,2,9
2023451376782,2023,451376782,2,1,1,2,57,9,3,0,0,0,0,0,9,10,E01030498,3,1,0.0,1.0,-1,6,30,1,1,2,15:30,2,2,9
2023471314397,2023,471314397,1,2,2,2,19,4,2,0,0,1,0,0,9,8,E01021209,5,1,1.0,0.0,-1,1,30,1,4,1,03:10,7,1,9
2023041362705,2023,041362705,2,1,1,1,10,2,3,0,0,0,0,0,1,2,E01025381,3,1,0.0,1.0,-1,6,30,1,1,1,17:55,1,2,1
2023361359097,2023,361359097,1,2,1,1,21,5,3,0,0,0,0,0,5,9,E01026544,3,1,0.0,1.0,-1,6,30,1,4,1,19:50,3,2,5
2023052301827,2023,052301827,1,1,3,1,15,3,3,1,1,0,0,0,0,4,E01007169,-1,0,0.18304,0.81696,-1,3,40,1,1,1,17:00,6,1,9
2023061332441,2023,061332441,1,1,3,2,10,2,2,8,5,0,0,0,0,1,E01004857,7,1,1.0,0.0,-1,6,20,2,1,2,12:10,1,1,8
2023501276827,2023,501276827,1,1,3,1,66,10,1,1,1,0,0,0,0,3,E01020096,1,1,0.0,0.0,-1,6,30,5,4,2,23:30,4,1,9
2023010474206,2023,010474206,2,1,1,1,23,5,3,0,0,0,0,0,1,3,E01003686,-1,0,0.0,1.0,-1,9,40,1,1,2,18:00,5,2,1
2023010482249,2023,010482249,1,1,3,1,55,8,3,4,3,0,0,0,0,3,E01000128,-1,0,0.0,1.0,-1,6,30,8,1,1,06:39,4,1,19
2023010476077,2023,010476077,1,1,3,2,44,7,3,4,2,0,0,0,0,3,E01003630,-1,0,0.0,1.0,-1,6,30,2,4,2,16:59,1,2,9
2023061378236,2023,061378236,1,1,1,1,22,5,3,0,0,0,0,0,1,-1,-1,3,1,0.0,1.0,-1,6,30,1,7,2,18:18,5,2,1
2023461352035,2023,461352035,1,1,1,1,34,6,3,0,0,0,0,0,5,3,E01024169,3,1,0.0,1.0,-1,3,40,1,1,1,17:01,6,1,5
2023010478199,2023,010478199,1,1,1,2,24,5,3,0,0,0,0,0,1,3,E01001932,-1,0,0.0,1.0,-1,6,20,1,4,1,17:40,4,2,1
2023522400493,2023,522400493,2,1,1,1,37,7,2,0,0,0,0,0,3,4,E01014991,-1,0,1.0,0.0,-1,6,40,1,4,1,05:42,3,2,3
2023302301998,2023,302301998,1,1,3,1,-1,-1,2,4,1,0,0,0,0,7,E01019765,-1,0,1.0,0.0,-1,6,30,5,1,1,09:45,4,1,9
2023371310009,2023,371310009,1,3,3,2,25,5,3,10,9,0,0,-1,0,1,E01030250,3,1,0.0,1.0,-1,6,30,1,1,1,12:59,5,1,4
2023430339507,2023,430339507,1,1,1,1,59,9,3,0,0,0,0,0,19,-1,-1,-1,0,0.04981,0.95019,-1,1,40,2,1,2,08:12,2,2,19
2023332300233,2023,332300233,1,1,1,1,27,6,2,0,0,0,0,0,9,3,E01013777,-1,0,1.0,0.0,-1,3,30,2,1,2,17:30,6,2,9
2023440497616,2023,440497616,1,1,1,1,31,6,3,0,0,0,0,0,9,10,E01027709,-1,0,0.06663,0.93337,-1,6,40,1,6,2,06:42,4,2,9
2023371317494,2023,371317494,1,1,3,2,13,3,3,6,3,0,0,-1,0,5,E01021414,3,1,0.0,1.0,-1,6,30,1,1,1,08:04,2,1,9
2023052301662,2023,052301662,1,1,1,1,17,4,3,0,0,0,0,0,1,9,E01007166,-1,0,0.14517,0.85483,-1,6,20,1,1,2,11:20,3,2,1
2023010475970,2023,010475970,1,1,1,1,41,7,2,0,0,0,0,0,2,2,E01004679,-1,0,1.0,0.0,-1,6,20,2,4,2,19:10,7,2,2
2023351321902,2023,351321902,2,1,1,1,34,6,2,0,0,0,0,0,5,4,E01018046,7,1,1.0,0.0,-1,1,60,1,4,1,17:46,3,2,5
2023991279421,2023,991279421,1,1,3,2,64,9,2,5,3,0,0,0,0,8,-1,7,1,1.0,0.0,-1,6,30,1,1,1,11:45,4,1,19
2023010467278,2023,010467278,2,2,1,1,31,6,3,0,0,0,0,0,3,4,E01003326,-1,0,0.0,1.0,-1,6,30,2,1,2,16:50,4,2,3
2023122300811,2023,122300811,1,1,1,1,33,6,2,0,0,0,0,0,3,-1,-1,-1,0,1.0,0.0,-1,6,60,1,6,2,23:22,4,1,3
2023531381087,2023,531381087,2,1,1,1,22,5,3,0,0,0,0,0,3,2,E01022160,3,1,0.0,1.0,-1,6,30,1,4,1,19:20,5,2,3
2023440027839,2023,440027839,1,1,1,1,23,5,2,0,0,0,0,0,4,5,E01022842,-1,0,1.0,0.0,-1,3,30,1,1,4,14:53,7,1,4
2023010465407,2023,010465407,2,1,1,1,34,6,3,0,0,0,0,0,3,3,E01002548,-1,0,0.0,1.0,-1,3,20,1,1,1,14:25,2,2,3
2023041362579,2023,041362579,2,1,1,2,37,7,3,0,0,0,0,0,9,1,E01024872,3,1,0.0,1.0,-1,6,30,1,1,2,12:10,6,2,9
2023411273803,2023,411273803,2,1,1,2,71,10,3,0,0,0,0,0,9,3,E01002306,3,1,0.0,1.0,-1,1,60,1,1,1,10:11,4,2,9
2023451282044,2023,451282044,1,1,1,1,20,4,2,0,0,0,0,0,9,2,W01001529,5,1,1.0,0.0,-1,6,40,1,6,1,20:50,4,1,9
2023552301076,2023,552301076,1,1,1,1,68,10,3,0,0,0,0,0,9,-1,-1,-1,0,0.07407,0.92593,-1,6,60,1,1,1,11:13,2,2,9
2023131277744,2023,131277744,2,1,1,1,33,6,3,0,0,0,0,0,9,4,E01011876,3,1,0.0,1.0,-1,3,70,1,4,1,18:45,6,2,9
2023991390811,2023,991390811,1,1,1,2,22,5,3,0,0,0,0,0,9,5,-1,3,1,0.0,1.0,-1,6,60,2,1,2,15:10,4,2,9
2023351388176,2023,351388176,2,1,1,2,23,5,3,0,0,0,0,0,9,8,E01027044,3,1,0.0,1.0,-1,6,30,1,4,2,17:10,3,2,9
2023461374163,2023,461374163,1,1,1,1,51,8,2,0,0,0,0,0,9,-1,-1,7,1,1.0,0.0,-1,3,70,2,6,2,04:40,2,1,9
2023501298917,2023,501298917,2,1,1,1,62,9,2,0,0,0,0,0,-1,1,E01015046,5,1,1.0,0.0,-1,2,30,8,5,1,06:14,5,2,-1
2023101364071,2023,101364071,1,1,1,2,19,4,3,0,0,0,0,0,9,-1,-1,3,1,0.0,1.0,-1,6,30,1,1,1,17:00,1,2,9
2023211317471,2023,211317471,1,1,1,2,62,9,3,0,0,0,0,0,9,2,E01014278,3,1,0.0,1.0,-1,6,30,8,1,1,19:30,4,3,9
2023461320972,2023,461320972,1,1,1,2,21,5,3,0,0,0,0,0,9,4,E01024444,3,1,0.0,1.0,-1,3,70,1,1,1,17:40,2,2,9
2023501369110,2023,501369110,1,1,1,2,36,7,2,0,0,0,0,0,9,7,E01018800,7,1,1.0,0.0,-1,6,60,2,1,2,15:27,3,1,9
2023520300910,2023,520300910,1,1,1,2,59,9,3,0,0,0,0,0,9,4,E01029044,-1,0,0.0589,0.9411,-1,6,60,2,1,2,17:50,5,2,9
2023211324155,2023,211324155,2,1,1,1,57,9,1,0,0,0,0,0,9,1,E01009639,1,1,0.0,0.0,-1,3,70,1,1,2,05:51,5,3,9
2023451355710,2023,451355710,2,1,1,2,43,7,2,0,0,0,0,0,9,9,E01002983,7,1,1.0,0.0,-1,1,60,1,1,1,11:05,1,2,9
202354B420323,2023,54B420323,1,1,1,2,39,7,3,0,0,0,0,0,9,5,E01031916,-1,0,0.06811,0.93189,-1,6,50,2,1,2,15:48,7,1,9
2023041316138,2023,041316138,2,2,1,1,54,8,3,0,0,0,0,0,21,4,E01006002,3,1,0.0,1.0,-1,3,70,1,5,1,02:40,5,2,21
2023311308593,2023,311308593,1,1,3,1,53,8,2,6,9,0,0,0,0,-1,-1,7,1,1.0,0.0,-1,6,30,1,1,1,15:26,4,1,9
2023361304723,2023,361304723,1,1,3,2,44,7,3,9,8,0,0,0,0,4,E01026729,3,1,0.0,1.0,-1,6,20,1,1,1,15:00,6,1,9
2023351353959,2023,351353959,1,1,1,1,19,4,2,0,0,0,0,0,3,2,E01015592,7,1,1.0,0.0,-1,1,40,1,1,1,16:24,3,2,3
2023010439611,2023,010439611,1,1,1,1,19,4,3,0,0,0,0,0,1,1,E01003246,-1,0,0.0,1.0,-1,3,20,1,1,1,09:22,4,2,1
2023221319413,2023,221319413,1,1,2,2,77,11,3,0,0,1,0,0,9,10,E01032337,3,1,0.0,1.0,-1,6,30,1,1,1,14:00,5,2,9
2023361375883,2023,361375883,3,2,1,2,65,9,3,0,0,0,0,0,9,5,E01026727,3,1,0.0,1.0,-1,6,60,1,1,1,13:45,6,3,9
2023211345812,2023,211345812,2,1,1,1,41,7,3,0,0,0,0,0,9,8,E01029430,3,1,0.0,1.0,-1,6,30,1,1,-1,13:03,6,2,9
2023010460737,2023,010460737,1,1,1,2,29,6,3,0,0,0,0,0,9,3,E01000336,-1,0,0.0,1.0,-1,2,20,1,1,1,16:54,3,2,9
2023161339646,2023,161339646,2,1,1,2,41,7,3,0,0,0,0,0,9,6,E01013302,3,1,0.0,1.0,-1,6,40,1,4,1,22:35,3,3,9
2023161353480,2023,161353480,1,1,1,2,54,8,3,0,0,0,0,0,9,9,E01013172,3,1,0.0,1.0,-1,6,30,2,1,2,08:00,3,2,9
2023311272593,2023,311272593,1,2,2,2,75,10,3,0,0,1,0,0,9,5,E01027998,3,1,0.0,1.0,-1,6,30,1,4,1,17:39,5,3,9
2023440258772,2023,440258772,2,1,1,2,25,5,3,0,0,0,0,0,9,3,E01017189,-1,0,0.01476,0.98524,-1,6,30,1,1,1,18:38,4,4,9
2023991324053,2023,991324053,2,1,1,1,50,8,3,0,0,0,0,0,9,8,-1,3,1,0.0,1.0,-1,1,30,1,1,1,19:02,7,2,9
2023010446497,2023,010446497,1,1,1,1,26,6,3,0,0,0,0,0,3,5,E01002591,-1,0,0.0,1.0,-1,9,30,1,1,1,18:29,6,2,3
2023010481323,2023,010481323,1,1,3,1,63,9,2,6,9,0,0,0,0,-1,-1,-1,0,1.0,0.0,-1,6,20,1,1,1,13:20,6,1,8
2023421320632,2023,421320632,1,1,3,1,3,1,2,9,9,0,0,0,0,10,E01021580,7,1,1.0,0.0,-1,6,30,1,1,1,18:00,1,1,1
2023010454446,2023,010454446,1,1,1,1,23,5,3,0,0,0,0,0,3,-1,-1,-1,0,0.0,1.0,-1,6,30,1,1,1,15:20,2,2,3
2023010450813,2023,010450813,1,2,3,2,12,3,3,4,3,0,0,0,0,3,E01003989,-1,0,0.0,1.0,-1,3,30,1,1,1,18:00,5,1,4
2023991361819,2023,991361819,1,1,3,1,13,3,3,5,2,0,0,1,0,-1,-1,3,1,0.0,1.0,-1,6,20,1,1,1,16:35,4,1,9
2023041340421,2023,041340421,2,1,1,1,57,9,2,0,0,0,0,0,1,1,E01033226,7,1,1.0,0.0,-1,6,50,1,1,1,16:22,5,2,1
2023201397968,2023,201397968,2,1,1,1,47,8,3,0,0,0,0,0,4,2,E01010090,3,1,0.0,1.0,-1,3,30,1,1,1,19:08,4,2,4
2023010438969,2023,010438969,1,1,1,1,57,9,3,0,0,0,0,0,5,10,E01033024,-1,0,0.0,1.0,-1,3,40,1,1,1,15:00,5,2,5
2023991326360,2023,991326360,1,1,1,1,30,6,2,0,0,0,0,0,5,8,E01025321,7,1,1.0,0.0,-1,6,60,1,1,1,15:10,4,1,5
2023311327013,2023,311327013,1,1,3,2,55,8,3,4,3,0,0,0,0,9,E01027934,3,1,0.0,1.0,-1,6,30,1,1,1,14:14,6,1,9
2023010466054,2023,010466054,1,1,1,1,32,6,3,0,0,0,0,0,-1,5,E01001682,-1,0,0.0,1.0,-1,1,20,1,4,1,21:05,5,2,-1
2023010438783,2023,010438783,1,1,3,1,48,8,3,1,1,0,0,0,0,9,E01032611,-1,0,0.0,1.0,-1,2,20,1,4,1,21:15,6,1,9
2023131375736,2023,131375736,1,1,3,2,11,3,3,5,1,0,0,2,0,1,E01011103,3,1,0.0,1.0,-1,6,30,1,4,1,16:00,5,2,9
2023451371859,2023,451371859,1,1,3,1,37,7,3,4,1,0,0,0,0,10,E01019727,3,1,0.0,1.0,-1,3,30,1,4,1,20:30,3,1,9
2023010472019,2023,010472019,1,1,3,2,12,3,3,5,3,0,0,0,0,2,E01002799,-1,0,0.0,1.0,-1,6,20,1,7,1,20:05,7,1,9
2023471303675,2023,471303675,1,1,3,2,12,3,3,5,1,0,0,0,0,3,E01020996,3,1,0.0,1.0,-1,6,30,1,1,1,08:55,4,1,9
2023041322349,2023,041322349,1,1,1,1,14,3,3,0,0,0,0,0,1,1,E01025036,3,1,0.0,1.0,-1,6,30,1,1,1,18:35,4,2,1
2023161364158,2023,161364158,1,1,1,1,34,6,2,0,0,0,0,0,1,1,E01012844,7,1,1.0,0.0,-1,6,30,1,1,1,08:00,4,2,1
2023010443256,2023,010443256,1,1,2,1,78,11,2,0,0,1,0,0,9,10,E01025278,-1,0,1.0,0.0,-1,2,20,1,1,1,12:10,3,3,9
2023161360073,2023,161360073,2,1,1,1,56,9,3,0,0,0,0,0,9,6,E01013006,3,1,0.0,1.0,-1,3,30,1,1,1,17:55,6,2,9
2023991258851,2023,991258851,1,1,1,1,78,11,3,0,0,0,0,0,9,-1,-1,3,1,0.0,1.0,-1,6,60,1,6,4,16:35,2,2,9
2023430051959,2023,430051959,3,1,1,1,38,7,3,0,0,0,0,0,19,10,E01028736,-1,0,0.00564,0.99436,-1,6,30,1,4,1,17:50,5,3,19
2023461335388,2023,461335388,1,2,1,1,20,4,2,0,0,0,0,0,9,6,E01032824,5,1,1.0,0.0,-1,1,50,1,4,1,00:10,1,1,9
2023201339691,2023,201339691,2,2,2,1,75,10,3,0,0,0,-1,0,11,1,E01008941,3,1,0.0,1.0,-1,1,30,1,1,1,18:16,7,2,11
2023471319797,2023,471319797,4,3,2,2,41,7,3,0,0,1,0,0,9,5,E01024774,3,1,0.0,1.0,-1,1,60,1,1,1,08:45,7,5,9
202363C028323,2023,63C028323,1,1,1,1,26,6,3,0,0,0,0,0,9,-1,-1,-1,0,0.07466,0.92534,-1,6,60,5,1,2,12:39,4,2,9
2023010474059,2023,010474059,1,1,1,2,40,7,3,0,0,0,0,0,9,4,E01003447,-1,0,0.0,1.0,-1,6,20,1,1,1,14:55,4,2,9
2023141304776,2023,141304776,1,1,2,1,11,3,3,0,0,2,0,0,9,8,E01007599,3,1,0.0,1.0,-1,1,60,2,1,2,18:32,7,2,9
2023052302304,2023,052302304,2,1,2,1,5,1,3,0,0,2,0,0,9,3,E01006969,-1,0,0.04041,0.95959,-1,6,30,1,1,1,15:50,5,3,9
2023552300284,2023,552300284,1,1,1,1,62,9,3,0,0,0,0,0,9,4,E01015321,-1,0,0.07756,0.92244,-1,6,30,1,4,1,18:45,5,5,9
2023070955846,2023,070955846,2,2,2,2,80,11,3,0,0,1,0,0,9,9,E01018628,-1,0,0.03608,0.96392,-1,1,30,1,1,2,15:50,2,2,9
2023052300970,2023,052300970,2,3,2,2,2,1,3,0,0,0,4,0,11,1,E01007127,-1,0,0.05238,0.94762,-1,6,30,2,1,2,07:10,6,4,11
2023440180888,2023,440180888,1,1,1,1,36,7,3,0,0,0,0,0,19,8,E01022997,-1,0,0.15545,0.84455,-1,6,40,1,1,2,18:55,2,1,19
2023052300501,2023,052300501,3,4,2,1,1,1,3,0,0,2,0,0,9,-1,-1,-1,0,0.02771,0.97229,-1,6,30,1,1,1,15:35,3,3,9
2023101332801,2023,101332801,2,1,1,1,46,8,2,0,0,0,0,0,9,1,E01008800,5,1,1.0,0.0,-1,6,60,1,1,1,09:58,2,4,9
2023451279538,2023,451279538,1,3,2,1,31,6,2,0,0,1,0,0,9,-1,-1,5,1,1.0,0.0,-1,3,70,1,4,2,02:55,5,1,9
2023111296340,2023,111296340,2,1,1,2,32,6,3,0,0,0,0,0,9,2,E01020648,3,1,0.0,1.0,-1,3,30,1,1,1,16:50,4,2,9
2023141285436,2023,141285436,1,2,2,2,31,6,2,0,0,1,0,0,9,8,E01028060,7,1,1.0,0.0,-1,6,40,1,1,2,11:22,6,2,9
2023421340789,2023,421340789,1,1,1,1,37,7,3,0,0,0,0,0,9,5,E01024413,3,1,0.0,1.0,-1,3,70,1,1,1,17:42,6,3,9
2023451329347,2023,451329347,1,1,1,1,36,7,3,0,0,0,0,0,9,5,E01031373,3,1,0.0,1.0,-1,3,60,2,1,2,06:30,6,1,9
202354D260723,2023,54D260723,1,1,1,1,47,8,3,0,0,0,0,0,19,9,E01032706,-1,0,0.04323,0.95677,-1,6,30,1,4,1,17:00,5,2,19
2023101384511,2023,101384511,1,1,2,2,-1,-1,3,0,0,0,-1,0,11,-1,-1,3,1,0.0,1.0,-1,6,30,8,1,-1,18:16,5,1,11
2023451374445,2023,451374445,5,1,2,2,50,8,3,0,0,2,0,0,9,10,E01030897,3,1,0.0,1.0,-1,6,40,1,6,1,23:18,2,6,9
2023461280738,2023,461280738,1,1,1,1,18,4,3,0,0,0,0,0,9,6,E01024516,3,1,0.0,1.0,-1,6,30,1,6,1,19:18,5,2,9
2023010482467,2023,010482467,1,1,1,2,19,4,3,0,0,0,0,0,9,2,E01001703,-1,0,0.0,1.0,-1,6,30,1,4,1,19:07,5,2,9
2023052300779,2023,052300779,2,2,1,2,42,7,3,0,0,0,0,0,9,6,E01007286,-1,0,0.01537,0.98463,-1,6,30,1,1,1,15:00,2,4,9
2023131343041,2023,131343041,1,1,1,1,23,5,2,0,0,0,0,0,9,1,E01011368,7,1,1.0,0.0,-1,3,40,4,4,2,01:00,6,1,9
2023991346827,2023,991346827,1,1,1,2,23,5,3,0,0,0,0,0,9,-1,-1,3,1,0.0,1.0,-1,6,20,1,1,1,11:45,4,2,9
2023010443703,2023,010443703,3,6,2,1,69,10,3,0,0,0,4,0,11,5,E01000264,-1,0,0.0,1.0,-1,6,30,1,1,1,12:03,5,3,11
2023010454479,2023,010454479,1,1,1,1,31,6,3,0,0,0,0,0,3,6,E01000726,-1,0,0.0,1.0,-1,9,30,9,1,9,14:00,2,2,3