collision_index,collision_year,collision_ref_no,vehicle_reference,casualty_reference,casualty_class,sex_of_casualty,age_of_casualty,age_band_of_casualty,casualty_severity,pedestrian_location,pedestrian_movement,car_passenger,bus_or_coach_passenger,pedestrian_road_maintenance_worker,casualty_type,casualty_imd_decile,lsoa_of_casualty,enhanced_casualty_severity,casualty_injury_based,casualty_adjusted_severity_serious,casualty_adjusted_severity_slight,casualty_distance_banding,road_type,speed_limit,weather_conditions,light_conditions,road_surface_conditions,time,day_of_week,number_of_vehicles,vehicle_type
2023010420840,2023,010420840,3,1,1,1,17,4,3,0,0,0,0,0,5,8,E01000371,-1,0,0.0,1.0,-1,1,30,9,4,2,17:50,4,3,5
2023522400686,2023,522400686,1,1,3,2,17,4,3,8,3,0,0,0,0,5,E01014592,-1,0,0.01395,0.98605,-1,6,20,2,1,2,08:55,6,1,8
2023440232333,2023,440232333,1,1,1,2,66,10,2,0,0,0,0,0,1,10,E01022745,-1,0,1.0,0.0,-1,6,30,1,1,1,10:26,2,2,1
2023010459679,2023,010459679,2,1,1,1,32,6,3,0,0,0,0,0,1,-1,-1,-1,0,0.0,1.0,-1,6,30,1,1,1,10:55,4,2,1
2023052302375,2023,052302375,1,1,3,2,38,7,3,6,9,0,0,0,0,5,E01006593,-1,0,0.07512,0.92488,-1,6,30,1,1,2,16:37,5,1,9
2023201267214,2023,201267214,1,1,3,1,41,7,2,5,1,0,0,2,0,1,E01009752,7,1,1.0,0.0,-1,6,30,2,1,2,15:30,6,1,9
2023501319641,2023,501319641,2,2,2,1,30,6,3,0,0,2,0,0,8,-1,-1,3,1,0.0,1.0,-1,3,30,2,4,2,03:55,7,2,8
2023010427935,2023,010427935,2,1,1,1,26,6,3,0,0,0,0,0,3,4,E01001296,-1,0,0.0,1.0,-1,1,30,1,4,1,23:40,7,2,3
2023471269957,2023,471269957,2,1,1,2,25,5,3,0,0,0,0,0,2,3,E01021090,3,1,0.0,1.0,-1,6,30,1,4,1,17:25,2,2,2
2023201372932,2023,201372932,1,1,1,1,21,5,3,0,0,0,0,0,9,1,E01009335,3,1,0.0,1.0,-1,6,30,1,4,1,01:53,5,2,9
2023010475252,2023,010475252,1,1,3,1,12,3,3,4,3,0,0,0,0,3,E01003615,-1,0,0.0,1.0,-1,6,20,2,1,2,07:55,4,1,9
2023430309693,2023,430309693,1,1,1,1,38,7,3,0,0,0,0,0,1,6,E01017810,-1,0,0.05677,0.94323,-1,1,50,1,1,1,16:15,3,2,1
2023302301054,2023,302301054,1,2,1,2,64,9,2,0,0,0,0,0,9,7,E01019700,-1,0,1.0,0.0,-1,3,70,2,1,2,17:00,2,1,9
2023461371095,2023,461371095,2,1,1,1,37,7,3,0,0,0,0,0,9,8,E01021926,3,1,0.0,1.0,-1,3,70,2,1,2,14:50,1,2,9
2023991285760,2023,991285760,1,1,3,2,13,3,3,1,1,0,0,0,0,3,-1,3,1,0.0,1.0,-1,6,30,1,4,2,21:04,7,1,9
2023010428821,2023,010428821,2,1,1,2,86,11,2,0,0,0,0,0,9,2,E01001550,-1,0,1.0,0.0,-1,6,30,1,4,1,18:15,5,2,9
2023101363499,2023,101363499,1,2,1,1,21,5,3,0,0,0,0,0,9,-1,-1,3,1,0.0,1.0,-1,3,30,1,1,1,16:12,1,1,9
2023201328486,2023,201328486,2,2,1,1,36,7,3,0,0,0,0,0,9,-1,-1,3,1,0.0,1.0,-1,6,30,1,1,1,18:50,6,2,9
2023041356258,2023,041356258,2,2,2,2,26,6,3,0,0,1,0,0,9,8,E01025411,3,1,0.0,1.0,-1,6,30,2,1,2,18:18,1,2,9
2023061310035,2023,061310035,2,1,1,2,-1,-1,3,0,0,0,0,0,9,2,E01005967,3,1,0.0,1.0,-1,6,30,1,1,1,17:20,3,2,9
2023311332445,2023,311332445,2,3,1,2,47,8,3,0,0,0,0,0,9,6,E01028372,3,1,0.0,1.0,-1,6,30,1,1,1,09:39,1,2,9
2023401378072,2023,401378072,2,1,1,2,37,7,3,0,0,0,0,0,9,2,E01017618,3,1,0.0,1.0,-1,6,30,1,1,-1,08:10,4,2,9
2023010462050,2023,010462050,1,1,3,1,8,2,3,5,9,0,0,0,0,2,E01002669,-1,0,0.0,1.0,-1,6,20,1,1,1,17:10,4,1,9
2023311350988,2023,311350988,2,2,2,1,8,2,3,0,0,2,0,0,9,8,E01033389,3,1,0.0,1.0,-1,6,30,1,1,1,18:14,7,2,9
2023351352496,2023,351352496,2,1,1,2,46,8,3,0,0,0,0,0,9,3,E01018160,3,1,0.0,1.0,-1,6,30,1,1,1,15:29,5,3,9
2023421270039,2023,421270039,2,2,1,1,90,11,1,0,0,0,0,0,9,9,E01021745,1,1,0.0,0.0,-1,6,40,1,1,1,09:45,2,2,9
2023991379706,2023,991379706,2,1,2,2,43,7,3,0,0,1,0,0,9,6,-1,3,1,0.0,1.0,-1,1,30,2,4,2,06:15,7,2,9
2023545558123,2023,545558123,1,4,2,1,13,3,3,0,0,1,0,0,9,8,E01015561,-1,0,0.06269,0.93731,-1,6,60,1,1,1,12:15,7,2,9
2023481356451,2023,481356451,1,1,1,1,36,7,2,0,0,0,0,0,1,-1,-1,7,1,1.0,0.0,-1,6,20,1,1,1,08:55,4,2,1
2023010434257,2023,010434257,1,1,1,1,27,6,3,0,0,0,0,0,3,4,E01001183,-1,0,0.0,1.0,-1,6,20,2,4,2,21:06,5,2,3
2023161358183,2023,161358183,2,1,1,1,12,3,3,0,0,0,0,0,1,8,E01013190,3,1,0.0,1.0,-1,6,40,1,1,1,19:16,6,2,1
2023522300382,2023,522300382,1,1,1,1,35,6,3,0,0,0,0,0,1,7,E01015022,-1,0,0.042,0.958,-1,6,30,1,1,1,07:55,6,2,1
2023101264674,2023,101264674,1,1,3,1,78,11,2,5,3,0,0,0,0,8,E01008452,7,1,1.0,0.0,-1,6,30,1,4,1,14:30,7,1,19
2023211373439,2023,211373439,1,1,3,1,3,1,3,8,7,0,0,0,0,1,E01014307,3,1,0.0,1.0,-1,2,30,1,4,1,16:30,7,1,9
2023010439825,2023,010439825,1,1,1,1,44,7,3,0,0,0,0,0,9,2,E01001555,-1,0,0.0,1.0,-1,7,30,2,1,2,03:37,5,2,9
2023401338264,2023,401338264,1,1,1,1,29,6,3,0,0,0,0,0,9,10,E01017399,3,1,0.0,1.0,-1,6,30,1,1,1,20:22,6,2,9
2023991338741,2023,991338741,1,1,1,1,36,7,3,0,0,0,0,0,9,8,E01000563,3,1,0.0,1.0,-1,6,30,1,4,1,01:50,1,2,9
2023471358585,2023,471358585,1,2,2,2,29,6,3,0,0,0,0,0,19,5,E01017027,3,1,0.0,1.0,-1,6,30,1,1,1,11:50,1,2,19
2023122301113,2023,122301113,1,1,2,1,3,1,3,0,0,1,0,0,9,9,E01027556,-1,0,0.00908,0.99092,-1,6,60,1,1,2,08:45,6,2,9
2023131267086,2023,131267086,2,1,2,1,25,5,2,0,0,2,0,0,9,1,E01010734,7,1,1.0,0.0,-1,6,30,1,4,2,20:13,2,2,9
2023401344368,2023,401344368,2,1,2,2,25,5,3,0,0,-1,0,0,9,4,E01021820,3,1,0.0,1.0,-1,6,40,1,1,-1,14:48,1,2,9
2023041340352,2023,041340352,2,2,2,1,7,2,3,0,0,2,0,0,9,3,E01005761,3,1,0.0,1.0,-1,6,40,1,1,1,12:10,5,3,9
2023211379762,2023,211379762,2,2,2,1,6,2,3,0,0,2,0,0,9,2,E01010312,3,1,0.0,1.0,-1,3,70,1,1,1,08:30,3,2,9
2023471360315,2023,471360315,2,1,2,1,19,4,3,0,0,2,0,0,9,6,E01031468,3,1,0.0,1.0,-1,3,70,1,1,1,16:42,6,2,9
2023622301041,2023,622301041,1,1,1,2,65,9,3,0,0,0,0,0,9,4,W01000724,-1,0,0.06101,0.93899,-1,3,70,1,1,1,15:38,4,2,9
2023430025732,2023,430025732,2,2,1,2,57,9,3,0,0,0,0,0,9,10,E01016548,-1,0,0.035,0.965,-1,6,30,1,1,1,07:16,4,2,9
2023552301452,2023,552301452,2,1,1,2,69,10,3,0,0,0,0,0,9,7,E01032643,-1,0,0.08824,0.91176,-1,6,60,1,6,2,16:17,4,2,9
2023010467907,2023,010467907,1,1,1,2,32,6,3,0,0,0,0,0,9,4,E01003494,-1,0,0.0,1.0,-1,3,30,1,4,1,23:33,7,2,9
2023201413574,2023,201413574,2,1,1,-1,45,7,3,0,0,0,0,0,9,1,E01010084,3,1,0.0,1.0,-1,3,30,1,1,1,11:27,4,2,9
2023401364130,2023,401364130,1,1,1,2,51,8,3,0,0,0,0,0,9,6,E01015775,3,1,0.0,1.0,-1,6,20,1,1,-1,14:30,7,1,9
2023411325846,2023,411325846,2,3,2,1,48,8,3,0,0,1,0,0,9,7,E01023492,3,1,0.0,1.0,-1,3,70,1,1,1,10:30,7,2,9
2023351355886,2023,351355886,1,1,1,2,22,5,2,0,0,0,0,0,9,7,E01018082,7,1,1.0,0.0,-1,3,60,1,1,1,06:20,7,1,9
2023052302682,2023,052302682,2,1,1,1,27,6,3,0,0,0,0,0,9,1,E01007123,-1,0,0.01326,0.98674,-1,3,20,1,1,1,14:49,4,2,9
2023461274176,2023,461274176,1,1,1,1,20,4,2,0,0,0,0,0,9,10,E01030635,7,1,1.0,0.0,-1,3,70,1,1,1,18:11,5,2,9
2023010465143,2023,010465143,1,1,1,1,51,8,3,0,0,0,0,0,1,6,E01004379,-1,0,0.0,1.0,-1,6,20,1,1,1,18:30,4,2,1
2023311305597,2023,311305597,2,1,1,1,13,3,2,0,0,0,0,0,1,-1,-1,7,1,1.0,0.0,-1,6,30,1,1,1,07:30,7,2,1
2023471338622,2023,471338622,1,1,1,2,39,7,2,0,0,0,0,0,9,3,E01024567,7,1,1.0,0.0,-1,6,60,1,1,2,15:55,7,1,9
2023061344141,2023,061344141,1,1,1,1,41,7,3,0,0,0,0,0,9,8,E01006119,3,1,0.0,1.0,-1,6,30,1,1,1,11:35,7,2,9
2023141291078,2023,141291078,1,2,1,2,17,4,3,0,0,0,0,0,9,8,E01007610,3,1,0.0,1.0,-1,6,60,1,1,1,19:12,2,2,9
2023231414101,2023,231414101,1,1,1,2,36,7,3,0,0,0,0,0,9,7,E01009613,3,1,0.0,1.0,-1,6,60,2,1,2,07:40,2,2,9
2023440413605,2023,440413605,1,1,1,2,22,5,3,0,0,0,0,0,9,8,E01031977,-1,0,0.0169,0.9831,-1,6,40,1,1,1,08:25,2,2,9
2023501292284,2023,501292284,1,1,2,2,70,10,3,0,0,1,0,0,9,9,E01015130,3,1,0.0,1.0,-1,6,30,1,1,1,11:20,5,3,9
2023552301015,2023,552301015,1,1,1,1,19,4,3,0,0,0,0,0,9,10,E01020395,-1,0,0.11884,0.88116,-1,6,30,1,4,1,03:43,3,1,9
2023631347971,2023,631347971,1,1,1,1,41,7,3,0,0,0,0,0,9,1,W01000511,3,1,0.0,1.0,-1,6,60,1,1,1,14:00,7,1,9
2023010452243,2023,010452243,1,1,3,1,17,4,3,5,1,0,0,0,0,2,E01003924,-1,0,0.0,1.0,-1,3,20,1,1,1,16:20,5,1,9
2023451314072,2023,451314072,2,1,1,2,56,9,3,0,0,0,0,0,9,9,E01030519,3,1,0.0,1.0,-1,6,40,1,1,1,08:10,6,2,9
2023471367986,2023,471367986,2,1,1,2,33,6,3,0,0,0,0,0,9,3,E01016922,3,1,0.0,1.0,-1,1,60,1,1,1,13:30,6,2,9
2023010458489,2023,010458489,1,1,2,2,22,5,3,0,0,0,0,0,10,1,E01010236,-1,0,0.0,1.0,-1,2,30,1,1,1,13:52,7,2,10
2023010441177,2023,010441177,1,1,1,1,26,6,3,0,0,0,0,0,3,3,E01002048,-1,0,0.0,1.0,-1,2,20,1,1,1,10:20,5,2,3
2023471273727,2023,471273727,1,1,1,1,25,5,3,0,0,0,0,0,9,8,E01031603,3,1,0.0,1.0,-1,7,40,8,1,4,07:55,4,2,9
2023471276945,2023,471276945,2,1,1,1,59,9,3,0,0,0,0,0,5,7,E01016997,3,1,0.0,1.0,-1,3,30,2,1,2,07:40,5,2,5
2023351312745,2023,351312745,1,1,2,2,64,9,1,0,0,0,0,0,90,-1,-1,1,1,0.0,0.0,-1,3,70,1,1,1,10:39,7,1,90
2023461284031,2023,461284031,1,1,3,2,-1,-1,3,1,1,0,0,0,0,-1,-1,3,1,0.0,1.0,-1,6,30,1,1,1,08:30,4,1,9
2023531370366,2023,531370366,1,1,3,2,44,7,3,5,1,0,0,2,0,9,E01022129,3,1,0.0,1.0,-1,6,30,1,1,2,15:25,6,1,19
2023010452503,2023,010452503,1,1,1,2,21,5,3,0,0,0,0,0,9,1,E01002089,-1,0,0.0,1.0,-1,6,20,1,4,1,01:40,7,2,9
2023041304142,2023,041304142,1,1,1,1,47,8,3,0,0,0,0,0,9,6,E01004930,3,1,0.0,1.0,-1,6,60,5,1,2,20:07,5,2,9
2023061260518,2023,061260518,1,1,1,1,27,6,3,0,0,0,0,0,9,2,E01004812,3,1,0.0,1.0,-1,6,30,1,4,1,18:00,6,2,9
2023201378484,2023,201378484,2,1,2,2,13,3,3,0,0,1,0,0,9,2,E01008987,3,1,0.0,1.0,-1,3,40,1,1,1,15:25,2,2,9
2023430021251,2023,430021251,2,1,1,2,55,8,3,0,0,0,0,0,9,10,E01016559,-1,0,0.07813,0.92187,-1,6,60,1,1,2,08:19,1,2,9
2023010471722,2023,010471722,1,1,1,2,27,6,3,0,0,0,0,0,3,4,E01001183,-1,0,0.0,1.0,-1,6,30,2,1,2,02:50,6,2,3
2023010435736,2023,010435736,1,1,3,1,30,6,3,4,9,0,0,0,0,3,E01003571,-1,0,0.0,1.0,-1,2,20,1,1,1,18:25,2,1,19
2023430255171,2023,430255171,1,1,3,1,15,3,2,1,1,0,0,0,0,9,E01028696,-1,0,1.0,0.0,-1,2,30,1,1,1,17:40,6,1,9
2023361368516,2023,361368516,1,1,3,1,27,6,2,4,1,0,0,0,0,4,E01026739,7,1,1.0,0.0,-1,2,30,1,1,1,09:40,2,1,9
2023201371660,2023,201371660,1,1,1,2,50,8,2,0,0,0,0,0,9,3,E01009145,7,1,1.0,0.0,-1,6,30,1,1,1,16:00,5,2,9
2023421373370,2023,421373370,2,1,1,1,61,9,3,0,0,0,0,0,9,7,E01021797,3,1,0.0,1.0,-1,6,60,1,1,1,13:00,7,2,9
2023610052923,2023,610052923,1,1,1,1,49,8,3,0,0,1,0,0,20,2,W01001451,-1,0,0.13798,0.86202,-1,3,50,6,6,3,06:50,1,2,20
2023451287368,2023,451287368,2,2,1,1,29,6,3,0,0,0,0,0,19,9,E01022522,3,1,0.0,1.0,-1,6,40,1,1,2,08:06,5,2,19
2023622300136,2023,622300136,1,1,3,1,13,3,3,5,4,0,0,0,0,4,W01001050,-1,0,0.09688,0.90312,-1,6,30,1,4,2,18:37,6,1,9
2023010466136,2023,010466136,1,1,2,-1,-1,-1,3,0,0,1,0,0,9,-1,-1,-1,0,0.0,1.0,-1,6,30,9,1,1,12:50,4,1,9
2023010459696,2023,010459696,2,1,1,1,34,6,3,0,0,0,0,0,1,9,E01000350,-1,0,0.0,1.0,-1,6,30,1,1,1,07:33,4,2,1
2023549447723,2023,549447723,2,1,1,1,54,8,3,0,0,0,0,0,22,2,E01031981,-1,0,0.0289,0.9711,-1,6,30,1,1,1,12:02,5,2,22
2023481374241,2023,481374241,1,2,3,2,40,7,3,4,1,0,0,0,0,-1,-1,3,1,0.0,1.0,-1,6,20,1,1,1,08:12,6,1,1
2023010428230,2023,010428230,1,1,1,1,29,6,3,0,0,0,0,0,9,3,E01003182,-1,0,0.0,1.0,-1,1,20,9,1,1,14:25,2,2,9
2023010434901,2023,010434901,3,1,1,1,27,6,3,0,0,0,0,0,9,6,E01001496,-1,0,0.0,1.0,-1,6,30,1,1,1,13:00,4,3,9
2023061326402,2023,061326402,1,1,1,1,19,4,3,0,0,0,0,0,9,1,E01010830,3,1,0.0,1.0,-1,6,60,1,6,2,02:36,5,1,9
2023371323255,2023,371323255,2,2,1,1,32,6,2,0,0,0,0,0,9,4,E01029892,6,1,1.0,0.0,-1,6,60,1,1,1,18:39,5,2,9
2023461296467,2023,461296467,4,3,2,2,17,4,3,0,0,1,0,0,9,6,E01000330,3,1,0.0,1.0,-1,3,60,1,4,1,21:02,2,4,9
202360A010944,2023,60A010944,2,2,2,1,14,3,3,0,0,2,0,0,9,-1,-1,-1,0,0.08079,0.91921,-1,6,30,1,4,2,18:50,2,2,9
2023361327784,2023,361327784,1,1,1,1,61,9,2,0,0,0,0,0,21,5,E01032309,5,1,1.0,0.0,-1,3,70,1,1,1,12:23,2,1,21
2023221297287,2023,221297287,2,1,1,2,34,6,3,0,0,0,0,0,1,7,E01028940,3,1,0.0,1.0,-1,6,30,1,1,2,15:00,3,2,1
2023010459369,2023,010459369,1,1,1,2,-1,-1,3,0,0,0,0,0,5,4,E01001724,-1,0,0.0,1.0,-1,6,20,1,1,1,12:00,2,2,5
2023010423667,2023,010423667,1,1,1,2,59,9,3,0,0,0,0,0,9,3,E01000109,-1,0,0.0,1.0,-1,9,30,9,1,9,15:25,5,2,9
2023201408274,2023,201408274,2,1,1,1,34,6,3,0,0,0,0,0,9,1,E01009125,3,1,0.0,1.0,-1,7,30,2,1,2,08:51,4,2,9
2023451329620,2023,451329620,2,3,1,1,32,6,3,0,0,0,0,0,9,5,E01030724,3,1,0.0,1.0,-1,6,30,1,4,1,00:39,7,7,9
2023131390908,2023,131390908,2,1,1,1,28,6,2,0,0,0,0,0,1,7,E01011693,7,1,1.0,0.0,-1,3,30,5,4,2,07:04,5,2,1
2023010429385,2023,010429385,1,1,1,1,65,9,2,0,0,0,0,0,5,-1,-1,-1,0,1.0,0.0,-1,6,20,1,1,1,07:50,2,2,5
2023031341997,2023,031341997,2,1,1,2,18,4,3,0,0,0,0,0,9,3,E01019296,3,1,0.0,1.0,-1,6,20,1,1,1,15:08,3,2,9
2023440084256,2023,440084256,3,4,2,2,7,2,3,0,0,1,0,0,9,10,E01022683,-1,0,0.05338,0.94662,-1,6,30,1,1,1,16:44,4,4,9
2023451306557,2023,451306557,2,2,2,1,20,4,3,0,0,0,0,0,19,4,E01030676,3,1,0.0,1.0,-1,6,40,1,1,1,09:30,6,2,19
2023061284537,2023,061284537,1,1,3,2,74,10,2,10,9,0,0,2,0,2,E01005274,7,1,1.0,0.0,-1,3,30,1,1,1,11:38,1,1,8
2023010441627,2023,010441627,2,1,1,1,15,3,3,0,0,0,0,0,1,6,E01002628,-1,0,0.0,1.0,-1,3,20,1,1,1,13:00,1,2,1
2023461390488,2023,461390488,2,1,1,1,20,4,3,0,0,0,0,0,3,6,E01024276,3,1,0.0,1.0,-1,6,30,1,1,1,16:44,2,2,3
2023010461684,2023,010461684,1,1,1,2,60,9,3,0,0,0,0,0,9,7,E01002161,-1,0,0.0,1.0,-1,6,30,1,1,1,18:40,1,2,9
2023131393495,2023,131393495,1,1,3,1,62,9,3,9,9,0,0,2,0,10,E01011386,3,1,0.0,1.0,-1,6,30,2,4,2,20:49,7,1,9
2023010486641,2023,010486641,1,1,3,2,48,8,3,5,3,0,0,0,0,2,E01001128,-1,0,0.0,1.0,-1,6,20,2,4,2,18:38,7,1,9
2023170M10693,2023,170M10693,1,1,3,2,17,4,3,5,2,0,0,0,0,-1,-1,-1,0,0.15391,0.84609,-1,6,30,1,1,1,10:45,4,1,9
2023131266992,2023,131266992,1,1,1,2,29,6,3,0,0,0,0,0,1,10,E01011570,3,1,0.0,1.0,-1,6,30,8,4,2,06:53,2,2,1
2023440310177,2023,440310177,1,1,1,2,22,5,2,0,0,0,0,0,5,10,E01022862,-1,0,1.0,0.0,-1,6,40,1,1,2,07:53,3,2,5
2023010435633,2023,010435633,2,1,1,1,33,6,3,0,0,0,0,0,1,2,E01003321,-1,0,0.0,1.0,-1,3,20,1,1,1,13:24,2,2,1
2023471387375,2023,471387375,2,1,1,1,20,4,3,0,0,0,0,0,1,6,E01031345,3,1,0.0,1.0,-1,6,20,1,4,1,22:25,1,2,1
2023451302455,2023,451302455,2,3,2,1,9,2,3,0,0,2,0,0,9,8,E01002922,3,1,0.0,1.0,-1,6,40,1,1,1,12:52,7,2,9
2023010452260,2023,010452260,2,1,1,1,24,5,3,0,0,0,0,0,1,3,E01004445,-1,0,0.0,1.0,-1,2,20,1,1,1,18:30,5,2,1
2023010458390,2023,010458390,2,1,1,1,18,4,3,0,0,0,0,0,1,1,E01000528,-1,0,0.0,1.0,-1,6,20,1,1,1,16:50,3,2,1
2023991333342,2023,991333342,1,1,1,1,12,3,2,0,0,0,0,0,1,7,-1,7,1,1.0,0.0,-1,6,30,1,1,1,16:50,3,2,1
2023221309247,2023,221309247,2,2,1,1,65,9,1,0,0,0,0,0,5,5,E01028982,1,1,0.0,0.0,-1,6,60,1,1,1,13:45,5,2,5
2023041373718,2023,041373718,4,2,1,1,55,8,3,0,0,0,0,0,9,-1,-1,3,1,0.0,1.0,-1,3,70,2,6,2,17:20,1,6,9
2023201287766,2023,201287766,2,1,1,1,59,9,3,0,0,0,0,0,9,2,E01010016,3,1,0.0,1.0,-1,7,60,1,7,2,02:00,7,2,9
2023340WN4412,2023,340WN4412,2,1,1,2,36,7,3,0,0,0,0,0,9,-1,-1,-1,0,0.01335,0.98665,-1,1,30,1,1,1,11:20,6,2,9
2023351291410,2023,351291410,1,1,1,1,36,7,1,0,0,0,0,0,5,10,E01023657,1,1,0.0,0.0,-1,6,50,8,1,2,12:35,3,3,5
2023041346995,2023,041346995,1,1,2,2,48,8,3,0,0,1,0,0,9,1,E01024855,3,1,0.0,1.0,-1,6,30,1,1,1,16:22,4,2,9
2023131352238,2023,131352238,1,1,1,2,76,11,3,0,0,0,0,0,9,4,E01010763,3,1,0.0,1.0,-1,6,30,1,1,1,16:50,4,3,9
2023201323201,2023,201323201,1,1,1,1,40,7,3,0,0,0,0,0,9,1,E01009376,3,1,0.0,1.0,-1,1,20,2,4,2,20:19,6,2,9
2023421389365,2023,421389365,1,1,1,1,31,6,3,0,0,0,0,0,9,9,E01021721,3,1,0.0,1.0,-1,6,30,1,4,1,16:29,1,2,9
2023631335904,2023,631335904,1,1,1,1,62,9,3,0,0,0,0,0,20,6,W01000674,3,1,0.0,1.0,-1,6,60,1,1,1,14:48,2,2,20
2023031307687,2023,031307687,1,4,2,2,23,5,3,0,0,2,0,0,9,-1,-1,3,1,0.0,1.0,-1,6,40,1,1,1,19:00,2,1,9
2023131292246,2023,131292246,1,1,3,1,35,6,2,10,9,0,0,1,0,8,E01010758,7,1,1.0,0.0,-1,6,30,1,4,1,22:50,5,1,9
2023101269448,2023,101269448,2,1,1,1,-1,-1,3,0,0,0,0,0,9,-1,-1,3,1,0.0,1.0,-1,6,30,1,1,2,08:55,4,2,9
2023201424160,2023,201424160,1,1,1,2,50,8,3,0,0,0,0,0,9,1,E01009117,3,1,0.0,1.0,-1,6,30,8,1,1,08:50,3,3,9
2023010474326,2023,010474326,1,1,3,2,87,11,3,1,9,0,0,0,0,6,E01000582,-1,0,0.0,1.0,-1,7,20,2,1,2,09:45,6,1,9
2023451342140,2023,451342140,1,1,1,2,34,6,2,0,0,0,0,0,1,10,E01030773,7,1,1.0,0.0,-1,6,30,1,1,1,09:00,3,2,1
2023010442737,2023,010442737,2,1,1,1,38,7,3,0,0,0,0,0,3,2,E01004524,-1,0,0.0,1.0,-1,2,20,1,1,1,11:30,7,2,3
2023361326795,2023,361326795,1,1,1,1,79,11,2,0,0,0,0,0,4,4,E01026732,7,1,1.0,0.0,-1,6,30,1,1,1,16:40,5,2,4
2023141347945,2023,141347945,1,1,3,1,62,9,2,4,9,0,0,0,0,7,E01007999,5,1,1.0,0.0,-1,6,30,1,1,1,14:41,7,1,9
2023010430054,2023,010430054,1,1,1,1,41,7,3,0,0,0,0,0,3,3,E01004333,-1,0,0.0,1.0,-1,6,20,1,1,1,14:00,5,2,3
202360A058478,2023,60A058478,2,3,2,1,54,8,3,0,0,1,0,0,9,-1,-1,-1,0,0.12599,0.87401,-1,6,60,1,1,1,08:27,7,2,9
2023552300101,2023,552300101,1,3,2,2,14,3,3,0,0,2,0,0,9,10,E01020407,-1,0,0.05825,0.94175,-1,6,50,1,6,4,20:48,2,1,9
2023991393212,2023,991393212,1,1,1,1,49,8,3,0,0,0,0,0,9,9,-1,3,1,0.0,1.0,-1,6,30,1,1,1,13:20,6,2,9
2023010452478,2023,010452478,1,1,1,2,51,8,3,0,0,0,0,0,9,2,E01003538,-1,0,0.0,1.0,-1,6,30,1,1,1,16:11,6,2,9
2023010443328,2023,010443328,1,1,1,2,51,8,3,0,0,0,0,0,1,2,E01004394,-1,0,0.0,1.0,-1,6,20,8,1,1,17:15,3,2,1
2023161325250,2023,161325250,2,1,1,1,13,3,3,0,0,0,0,0,1,7,E01013325,3,1,0.0,1.0,-1,6,30,1,1,1,19:00,5,2,1
2023411339089,2023,411339089,1,1,1,1,47,8,3,0,0,0,0,0,19,8,E01021737,3,1,0.0,1.0,-1,6,50,2,1,2,12:40,7,2,19
2023401313291,2023,401313291,2,1,1,2,25,5,3,0,0,0,0,0,9,7,E01017548,3,1,0.0,1.0,-1,7,40,1,1,1,17:40,5,2,9
2023440087746,2023,440087746,1,1,1,2,50,8,3,0,0,0,0,0,9,8,E01022570,-1,0,0.0994,0.9006,-1,7,50,1,4,1,20:20,6,2,9
2023622300730,2023,622300730,1,1,1,1,30,6,3,0,0,0,0,0,9,4,W01001250,-1,0,0.04529,0.95471,-1,7,70,1,1,1,13:25,7,3,9
2023430023609,2023,430023609,1,1,3,1,43,7,1,5,3,0,0,0,0,-1,-1,-1,0,0.0,0.0,-1,3,40,1,7,1,19:45,2,2,9
2023302301175,2023,302301175,2,3,2,2,52,8,2,0,0,2,0,0,9,7,E01019472,-1,0,1.0,0.0,-1,6,30,1,1,1,18:30,7,2,9
2023461308837,2023,461308837,1,2,2,2,21,5,2,0,0,-1,0,0,9,3,E01016146,7,1,1.0,0.0,-1,6,40,1,1,1,06:10,4,2,9
2023471285555,2023,471285555,1,1,2,1,19,4,3,0,0,2,0,0,9,6,E01021188,3,1,0.0,1.0,-1,6,50,8,6,2,00:10,7,1,9
2023991331217,2023,991331217,2,4,2,2,7,2,3,0,0,2,0,0,9,7,-1,3,1,0.0,1.0,-1,6,60,1,1,1,16:45,4,2,9
2023221364203,2023,221364203,2,1,1,1,53,8,3,0,0,0,0,0,1,7,E01032394,3,1,0.0,1.0,-1,6,30,1,1,1,13:06,7,2,1
2023461349891,2023,461349891,1,1,3,1,56,9,3,6,9,0,0,0,0,3,E01003352,3,1,0.0,1.0,-1,6,30,1,1,1,14:20,6,1,19
2023201314027,2023,201314027,1,1,1,2,56,9,3,0,0,0,0,0,9,2,E01010335,3,1,0.0,1.0,-1,6,30,1,1,1,19:04,2,2,9
2023340WN3272,2023,340WN3272,1,1,1,2,19,4,3,0,0,0,0,0,9,7,E01032967,-1,0,0.04799,0.95201,-1,6,50,1,1,1,15:15,5,2,9
2023622300702,2023,622300702,1,3,2,1,19,4,3,0,0,2,0,0,9,7,W01000758,-1,0,0.0499,0.9501,-1,6,30,1,1,1,05:43,5,1,9
2023010471459,2023,010471459,2,3,3,1,32,6,3,4,3,0,0,0,0,2,E01016854,-1,0,0.0,1.0,-1,2,20,2,4,2,22:45,4,4,9
2023421268978,2023,421268978,1,1,3,2,74,10,2,5,3,0,0,0,0,7,E01022020,5,1,1.0,0.0,-1,6,30,1,4,1,17:34,6,1,9
2023991350160,2023,991350160,2,1,1,1,44,7,2,0,0,0,0,0,1,10,-1,7,1,1.0,0.0,-1,6,20,1,1,1,19:00,5,2,1
2023411298484,2023,411298484,2,2,2,2,27,6,3,0,0,1,0,0,9,8,E01011884,3,1,0.0,1.0,-1,3,70,2,6,2,23:38,6,3,9