collision_index,collision_year,collision_ref_no,vehicle_reference,casualty_reference,casualty_class,sex_of_casualty,age_of_casualty,age_band_of_casualty,casualty_severity,pedestrian_location,pedestrian_movement,car_passenger,bus_or_coach_passenger,pedestrian_road_maintenance_worker,casualty_type,casualty_imd_decile,lsoa_of_casualty,enhanced_casualty_severity,casualty_injury_based,casualty_adjusted_severity_serious,casualty_adjusted_severity_slight,casualty_distance_banding,road_type,speed_limit,weather_conditions,light_conditions,road_surface_conditions,time,day_of_week,number_of_vehicles,vehicle_type
2023451359084,2023,451359084,1,2,2,2,8,2,3,0,0,2,0,0,9,10,E01016687,3,1,0.0,1.0,-1,3,70,1,6,1,19:30,3,2,9
2023501337478,2023,501337478,1,1,1,1,41,7,3,0,0,0,0,0,9,-1,-1,3,1,0.0,1.0,-1,3,70,2,1,2,20:00,4,1,9
2023991325936,2023,991325936,2,1,2,1,30,6,3,0,0,1,0,0,9,2,-1,3,1,0.0,1.0,-1,6,30,8,1,2,18:30,6,2,9
2023991283033,2023,991283033,1,1,1,1,30,6,3,0,0,0,0,0,19,4,-1,3,1,0.0,1.0,-1,3,70,1,1,1,16:50,6,2,19
2023201391027,2023,201391027,1,1,3,1,25,5,2,5,3,0,0,2,0,-1,-1,7,1,1.0,0.0,-1,6,30,1,4,1,19:52,7,1,9
2023010470550,2023,010470550,1,1,1,1,51,8,3,0,0,0,0,0,1,4,E01000932,-1,0,0.0,1.0,-1,2,30,1,4,1,19:10,4,2,1
2023522300762,2023,522300762,1,1,1,1,42,7,3,0,0,0,0,0,3,9,E01014863,-1,0,0.03967,0.96033,-1,1,30,1,1,1,07:55,4,2,3
2023340NN0102,2023,340NN0102,2,2,2,1,61,9,3,0,0,1,0,0,9,4,E01027313,-1,0,0.03157,0.96843,-1,6,60,8,6,2,07:39,5,2,9
2023041299472,2023,041299472,1,1,3,2,24,5,2,5,1,0,0,0,0,3,E01012644,5,1,1.0,0.0,-1,6,30,1,1,1,18:00,5,1,9
2023061294167,2023,061294167,1,1,3,1,84,11,1,5,1,0,0,0,0,1,E01005348,1,1,0.0,0.0,-1,6,30,1,1,1,07:57,2,1,9
2023131304020,2023,131304020,1,3,3,2,68,10,2,10,9,0,0,1,0,10,E01011516,7,1,1.0,0.0,-1,6,30,1,1,1,12:18,5,2,11
2023031358712,2023,031358712,2,1,1,2,36,7,3,0,0,0,0,0,9,4,E01013607,3,1,0.0,1.0,-1,3,70,1,1,1,15:19,1,2,9
2023421282827,2023,421282827,2,2,1,2,57,9,3,0,0,0,0,0,9,7,E01021887,3,1,0.0,1.0,-1,6,40,1,1,1,16:19,6,2,9
2023340NN1032,2023,340NN1032,2,1,1,1,29,6,3,0,0,0,0,0,19,8,E01027162,-1,0,0.05492,0.94508,-1,6,30,1,1,1,13:10,6,2,19
2023131283672,2023,131283672,1,1,3,2,11,3,2,5,1,0,0,2,0,1,E01011624,7,1,1.0,0.0,-1,6,30,1,1,1,17:10,2,1,9
2023332301131,2023,332301131,1,1,1,2,41,7,3,0,0,0,0,0,1,3,E01025715,-1,0,0.02142,0.97858,-1,2,30,1,1,1,13:05,6,2,1
2023010420831,2023,010420831,1,1,1,1,27,6,3,0,0,0,0,0,3,4,E01000323,-1,0,0.0,1.0,-1,9,20,1,1,1,11:32,4,2,3
2023041314136,2023,041314136,2,4,2,2,6,2,3,0,0,2,0,0,9,2,E01012534,3,1,0.0,1.0,-1,3,40,9,1,1,13:55,1,2,9
2023101352510,2023,101352510,2,1,1,1,55,8,3,0,0,0,0,0,9,5,E01008384,3,1,0.0,1.0,-1,6,30,1,1,1,08:30,3,2,9
2023170L20563,2023,170L20563,1,1,1,1,24,5,3,0,0,0,0,0,9,4,E01012043,-1,0,0.04312,0.95688,-1,6,30,1,1,1,09:39,2,2,9
2023231362191,2023,231362191,2,3,2,2,17,4,3,0,0,1,0,0,9,7,E01031068,3,1,0.0,1.0,-1,1,30,2,4,2,20:15,6,2,9
2023461348481,2023,461348481,1,1,1,1,19,4,3,0,0,0,0,0,9,10,E01024748,3,1,0.0,1.0,-1,6,40,1,1,1,17:19,3,1,9
2023010431038,2023,010431038,2,1,2,1,25,5,3,0,0,1,0,0,9,4,E01003410,-1,0,0.0,1.0,-1,6,20,2,1,2,14:55,4,3,9
2023141300551,2023,141300551,1,1,1,2,35,6,3,0,0,0,0,0,9,-1,-1,3,1,0.0,1.0,-1,6,20,1,1,1,11:23,2,2,9
2023332301037,2023,332301037,1,2,1,1,22,5,3,0,0,0,0,0,9,7,E01025929,-1,0,0.01896,0.98104,-1,6,40,2,1,2,12:14,3,2,9
2023010429437,2023,010429437,3,1,1,1,37,7,2,0,0,0,0,0,1,4,E01003354,-1,0,1.0,0.0,-1,3,30,1,1,1,08:15,2,3,1
2023111305187,2023,111305187,2,1,1,1,49,8,3,0,0,0,0,0,1,10,E01020719,3,1,0.0,1.0,-1,6,30,1,1,2,12:20,6,2,1
2023520400257,2023,520400257,1,1,1,1,71,10,3,0,0,0,0,0,5,5,E01009721,-1,0,0.22817,0.77183,-1,6,60,1,1,2,15:40,3,1,5
2023401303590,2023,401303590,2,1,1,1,47,8,3,0,0,0,0,0,9,4,E01015804,3,1,0.0,1.0,-1,6,40,1,4,1,23:08,6,2,9
2023991339612,2023,991339612,2,1,1,1,35,6,2,0,0,0,0,0,9,-1,-1,7,1,1.0,0.0,-1,1,30,1,1,1,16:27,3,2,9
2023010422173,2023,010422173,1,1,3,1,32,6,3,1,3,0,0,0,0,8,E01000393,-1,0,0.0,1.0,-1,6,30,1,4,1,19:24,4,1,9
2023061389517,2023,061389517,2,1,1,2,40,7,3,0,0,0,0,0,1,2,E01005236,3,1,0.0,1.0,-1,6,30,5,4,-1,16:12,7,2,1
2023201291781,2023,201291781,1,4,2,1,48,8,3,0,0,1,0,0,9,3,E01010320,3,1,0.0,1.0,-1,3,30,1,4,1,21:30,6,2,9
2023340WN4032,2023,340WN4032,1,1,2,1,25,5,3,0,0,2,0,0,9,2,E01027243,-1,0,0.10551,0.89449,-1,1,30,1,4,1,23:30,5,2,9
2023552300778,2023,552300778,2,2,1,1,65,9,3,0,0,0,0,0,9,4,E01032644,-1,0,0.09444,0.90556,-1,6,60,1,1,1,13:30,5,2,9
2023991383075,2023,991383075,2,1,1,1,36,7,3,0,0,0,0,0,9,-1,-1,3,1,0.0,1.0,-1,6,30,1,1,1,14:35,4,2,9
2023010445463,2023,010445463,2,1,1,1,23,5,3,0,0,0,0,0,1,3,E01004760,-1,0,0.0,1.0,-1,6,20,1,1,1,15:11,7,2,1
2023052301275,2023,052301275,2,1,1,1,31,6,3,0,0,0,0,0,1,5,E01006997,-1,0,0.10806,0.89194,-1,1,20,1,1,1,18:00,5,2,1
2023311280215,2023,311280215,2,1,1,1,66,10,2,0,0,0,0,0,1,2,E01028279,5,1,1.0,0.0,-1,6,60,1,1,1,13:36,5,2,1
2023440478041,2023,440478041,2,1,1,2,23,5,3,0,0,0,0,0,3,5,E01017222,-1,0,0.12079,0.87921,-1,6,30,1,1,1,15:00,4,2,3
2023131363564,2023,131363564,2,1,1,1,44,7,2,0,0,0,0,0,9,1,E01010720,7,1,1.0,0.0,-1,6,30,1,4,2,19:17,2,2,9
2023522300655,2023,522300655,1,1,1,1,36,7,3,0,0,0,0,0,9,2,E01014643,-1,0,0.05328,0.94672,-1,6,30,1,1,2,15:39,6,3,9
2023522401047,2023,522401047,1,1,1,2,65,9,3,0,0,0,0,0,9,3,E01014811,-1,0,0.00739,0.99261,-1,1,30,1,1,1,16:30,5,2,9
2023231261908,2023,231261908,1,1,3,2,77,11,3,5,3,0,0,0,0,7,E01031253,3,1,0.0,1.0,-1,2,30,1,1,2,09:18,6,1,9
2023010425368,2023,010425368,1,1,1,1,41,7,3,0,0,0,0,0,3,6,E01003753,-1,0,0.0,1.0,-1,3,40,1,1,1,14:40,7,2,3
2023052301578,2023,052301578,1,1,1,2,23,5,3,0,0,0,0,0,9,1,E01006412,-1,0,0.04437,0.95563,-1,6,30,2,1,2,12:13,6,2,9
2023070317007,2023,070317007,1,2,2,2,52,8,3,0,0,1,0,0,9,6,W01000395,-1,0,0.04199,0.95801,-1,6,40,8,1,1,19:00,6,2,9
2023122300617,2023,122300617,2,6,2,1,12,3,3,0,0,2,0,0,9,9,E01011935,-1,0,0.01749,0.98251,-1,6,50,2,1,2,18:00,6,4,9
2023201344589,2023,201344589,2,1,2,2,-1,-1,3,0,0,1,0,0,9,2,E01009412,3,1,0.0,1.0,-1,6,30,1,1,1,19:50,5,2,9
2023440315127,2023,440315127,3,3,1,1,58,9,3,0,0,0,0,0,9,2,W01001315,-1,0,0.04602,0.95398,-1,6,60,1,1,2,11:01,7,3,9
2023010461536,2023,010461536,1,1,1,1,67,10,3,0,0,0,0,0,1,10,E01030386,-1,0,0.0,1.0,-1,6,20,1,1,1,12:44,1,1,1
2023211319958,2023,211319958,1,1,1,1,35,6,3,0,0,0,0,0,2,2,E01014345,3,1,0.0,1.0,-1,6,30,1,1,1,17:50,3,2,2
2023131389381,2023,131389381,2,1,2,2,28,6,3,0,0,0,0,0,9,8,E01011929,3,1,0.0,1.0,-1,1,40,1,4,1,16:45,1,2,9
2023546286723,2023,546286723,2,1,1,1,31,6,3,0,0,0,0,0,3,8,E01015536,-1,0,0.04741,0.95259,-1,6,30,1,1,1,17:43,5,2,3
2023991348961,2023,991348961,2,1,1,1,59,9,2,0,0,0,0,0,5,1,-1,7,1,1.0,0.0,-1,6,30,1,1,1,12:10,2,2,5
2023010454084,2023,010454084,1,1,1,1,50,8,3,0,0,0,0,0,8,5,E01033592,-1,0,0.0,1.0,-1,6,30,8,4,1,03:06,1,2,8
2023411295698,2023,411295698,2,2,2,2,81,11,3,0,0,1,0,0,9,6,E01033308,3,1,0.0,1.0,-1,1,30,1,4,-1,22:25,1,2,9
2023421390920,2023,421390920,2,2,2,1,18,4,3,0,0,2,0,0,9,7,E01021628,3,1,0.0,1.0,-1,6,30,1,1,1,16:15,2,2,9
2023440254271,2023,440254271,1,1,1,1,19,4,3,0,0,0,0,0,9,6,E01017142,-1,0,0.07983,0.92017,-1,6,50,1,1,1,09:28,2,1,9
2023991328485,2023,991328485,2,1,1,1,37,7,3,0,0,0,0,0,9,3,-1,3,1,0.0,1.0,-1,6,20,2,1,2,06:55,4,2,9
2023991306370,2023,991306370,1,1,2,2,66,10,3,0,0,0,3,0,11,-1,-1,3,1,0.0,1.0,-1,6,20,2,1,2,14:05,3,1,11
2023991328552,2023,991328552,1,1,1,1,50,8,3,0,0,0,0,0,20,-1,-1,3,1,0.0,1.0,-1,6,20,1,1,1,09:20,4,2,20
2023131266441,2023,131266441,1,2,2,2,35,6,2,0,0,1,0,0,9,9,E01011874,6,1,1.0,0.0,-1,9,20,8,1,2,11:30,4,2,9
2023201342145,2023,201342145,1,1,2,1,20,4,3,0,0,1,0,0,9,2,E01009782,3,1,0.0,1.0,-1,6,30,1,4,2,01:57,1,2,9
2023430518932,2023,430518932,1,1,1,2,83,11,3,0,0,0,0,0,9,9,E01028794,-1,0,0.07963,0.92037,-1,6,40,2,1,2,10:23,7,2,9
2023451278275,2023,451278275,1,1,1,1,37,7,3,0,0,0,0,0,9,5,E01001168,3,1,0.0,1.0,-1,3,50,1,1,1,16:05,6,2,9
2023552300340,2023,552300340,1,1,1,2,41,7,3,0,0,0,0,0,9,6,E01015440,-1,0,0.03268,0.96732,-1,6,30,2,1,2,13:43,2,2,9
2023010466976,2023,010466976,1,1,3,1,40,7,2,9,9,0,0,0,0,3,E01003221,-1,0,1.0,0.0,-1,6,30,1,1,1,12:20,3,1,9
2023052302135,2023,052302135,1,1,3,2,7,2,3,9,8,0,0,0,0,1,E01006556,-1,0,0.08166,0.91834,-1,6,30,1,1,1,17:45,2,1,8
2023320075273,2023,320075273,1,1,3,1,21,5,2,5,3,0,0,0,0,4,E01026132,-1,0,1.0,0.0,-1,6,30,1,4,1,17:45,1,1,9
2023010430201,2023,010430201,1,1,1,2,33,6,3,0,0,0,0,0,3,6,E01001527,-1,0,0.0,1.0,-1,9,20,1,1,1,16:50,5,2,3
2023471313063,2023,471313063,2,1,1,1,63,9,3,0,0,0,0,0,5,10,E01031749,3,1,0.0,1.0,-1,6,30,1,1,1,08:53,5,2,5
2023351358441,2023,351358441,2,7,2,2,15,3,3,0,0,-1,0,0,9,8,E01018021,3,1,0.0,1.0,-1,6,60,1,1,1,12:00,7,3,9
2023411368478,2023,411368478,2,1,1,2,51,8,3,0,0,0,0,0,9,7,E01021657,3,1,0.0,1.0,-1,3,50,1,1,1,14:00,5,2,9
2023421329176,2023,421329176,2,1,1,1,19,4,2,0,0,0,0,0,9,2,E01021322,7,1,1.0,0.0,-1,6,30,1,1,1,18:20,5,2,9
2023430369982,2023,430369982,4,1,1,2,31,6,3,0,0,0,0,0,9,9,E01028688,-1,0,0.01689,0.98311,-1,3,50,1,1,1,13:26,6,5,9
2023531304321,2023,531304321,1,1,1,2,72,10,3,0,0,0,0,0,9,7,E01022230,3,1,0.0,1.0,-1,6,50,1,1,2,17:15,6,2,9
2023010460093,2023,010460093,1,1,3,2,43,7,3,5,9,0,0,0,0,2,E01003689,-1,0,0.0,1.0,-1,6,20,1,1,1,13:00,6,1,9
2023010480185,2023,010480185,1,1,1,1,33,6,3,0,0,0,0,0,1,8,E01004073,-1,0,0.0,1.0,-1,6,20,1,4,1,20:57,7,2,1
2023122400219,2023,122400219,1,3,2,1,40,7,2,0,0,2,0,0,9,-1,-1,-1,0,1.0,0.0,-1,6,60,7,6,2,23:48,2,1,9
2023231311413,2023,231311413,2,1,1,2,18,4,3,0,0,0,0,0,9,10,E01031139,3,1,0.0,1.0,-1,1,30,1,1,1,17:05,2,2,9
2023461358250,2023,461358250,1,3,2,1,18,4,2,0,0,2,0,0,9,10,E01024644,7,1,1.0,0.0,-1,6,30,1,5,1,03:20,1,1,9
2023501293549,2023,501293549,2,1,1,1,20,4,2,0,0,0,0,0,97,3,E01020294,7,1,1.0,0.0,-1,6,60,1,1,1,12:45,3,2,97
2023131381896,2023,131381896,1,2,3,1,19,4,2,8,3,0,0,1,0,1,E01011428,7,1,1.0,0.0,-1,6,20,6,4,4,22:54,7,1,9
2023401390193,2023,401390193,1,1,1,1,68,10,3,0,0,0,0,0,4,3,E01015769,3,1,0.0,1.0,-1,6,30,1,4,1,18:37,6,2,4
2023010482535,2023,010482535,4,1,1,2,31,6,3,0,0,0,0,0,9,10,E01023894,-1,0,0.0,1.0,-1,3,70,1,1,2,07:29,5,5,9
2023161295890,2023,161295890,2,2,2,2,33,6,3,0,0,1,0,0,9,1,E01012779,3,1,0.0,1.0,-1,6,30,1,1,1,11:46,7,3,9
2023302300880,2023,302300880,2,2,1,1,21,5,3,0,0,0,0,0,9,6,E01013491,-1,0,0.03608,0.96392,-1,6,30,2,4,2,21:20,2,2,9
2023501330631,2023,501330631,1,1,1,1,48,8,3,0,0,0,0,0,19,5,E01029073,3,1,0.0,1.0,-1,6,60,1,1,1,12:04,3,2,19
2023010473398,2023,010473398,2,1,1,2,37,7,3,0,0,0,0,0,-1,5,E01000571,-1,0,0.0,1.0,-1,6,30,1,1,1,09:30,1,2,-1
2023122301057,2023,122301057,1,1,3,1,75,10,3,4,1,0,0,0,0,5,E01027729,-1,0,0.10405,0.89595,-1,6,30,1,1,2,10:27,7,1,9
2023010447347,2023,010447347,1,1,1,1,62,9,3,0,0,0,0,0,1,5,E01003292,-1,0,0.0,1.0,-1,6,30,1,1,1,17:30,3,2,1
2023010473065,2023,010473065,1,1,1,1,23,5,3,0,0,0,0,0,1,3,E01000644,-1,0,0.0,1.0,-1,9,20,1,1,1,14:40,5,2,1
2023010426593,2023,010426593,1,1,1,2,30,6,3,0,0,0,0,0,9,2,E01004613,-1,0,0.0,1.0,-1,2,30,9,4,1,21:30,3,1,9
2023010430956,2023,010430956,1,1,3,2,35,6,3,5,4,0,0,0,0,4,E01002369,-1,0,0.0,1.0,-1,3,30,1,1,1,16:05,3,1,19
2023052301088,2023,052301088,1,1,3,1,21,5,2,9,6,0,0,0,0,6,E01006724,-1,0,1.0,0.0,-1,6,30,1,5,1,02:55,7,1,8
2023122301019,2023,122301019,1,1,3,1,9,2,2,10,9,0,0,0,0,6,E01027559,-1,0,1.0,0.0,-1,6,30,1,1,1,20:00,3,1,9
2023320747867,2023,320747867,1,1,3,2,11,3,3,8,1,0,0,0,0,1,E01026176,-1,0,0.12657,0.87343,-1,6,30,2,1,2,07:44,3,1,11
2023010423248,2023,010423248,1,1,1,1,23,5,3,0,0,0,0,0,3,3,E01003081,-1,0,0.0,1.0,-1,9,20,9,1,9,12:01,1,2,3
2023451296819,2023,451296819,2,1,1,1,25,5,3,0,0,0,0,0,3,10,E01030959,3,1,0.0,1.0,-1,6,30,2,4,2,21:07,6,2,3
2023010439482,2023,010439482,1,1,1,1,37,7,3,0,0,0,0,0,1,2,E01033707,-1,0,0.0,1.0,-1,6,20,1,1,1,17:50,3,2,1
2023010462905,2023,010462905,2,1,1,1,-1,-1,3,0,0,0,0,0,1,-1,-1,-1,0,0.0,1.0,-1,2,20,1,1,1,08:55,3,2,1
2023221368780,2023,221368780,1,1,1,1,32,6,2,0,0,0,0,0,1,1,E01014142,5,1,1.0,0.0,-1,6,30,1,1,1,12:22,2,1,1
2023010443137,2023,010443137,2,1,2,1,1,1,3,0,0,2,0,0,9,5,E01000589,-1,0,0.0,1.0,-1,6,30,1,1,1,15:23,2,2,9
2023161327529,2023,161327529,2,1,1,1,58,9,3,0,0,0,0,0,9,9,E01013103,3,1,0.0,1.0,-1,6,50,1,1,1,14:15,1,2,9
2023320673821,2023,320673821,2,2,1,1,34,6,2,0,0,0,0,0,9,10,E01026198,-1,0,1.0,0.0,-1,6,60,2,6,2,17:20,2,2,9
2023371295623,2023,371295623,1,5,2,2,38,7,2,0,0,2,0,0,9,2,E01009999,5,1,1.0,0.0,-1,6,50,1,1,1,16:40,1,2,9
2023010477080,2023,010477080,1,1,3,1,76,11,2,6,9,0,0,0,0,6,E01001865,-1,0,1.0,0.0,-1,6,20,8,4,2,17:48,5,1,11
2023440486292,2023,440486292,2,1,1,1,43,7,2,0,0,0,0,0,5,3,E01017179,-1,0,1.0,0.0,-1,6,30,1,1,1,08:57,3,2,5
2023010433875,2023,010433875,1,1,1,1,41,7,3,0,0,0,0,0,9,9,E01002471,-1,0,0.0,1.0,-1,6,30,1,4,1,18:45,4,2,9
2023201398265,2023,201398265,2,2,1,1,35,6,3,0,0,0,0,0,9,1,E01009396,3,1,0.0,1.0,-1,6,30,1,1,1,14:59,2,2,9
2023430239908,2023,430239908,1,1,1,2,55,8,3,0,0,0,0,0,9,8,E01016557,-1,0,0.00504,0.99496,-1,6,30,1,1,1,16:05,4,2,9
2023451306007,2023,451306007,1,3,2,2,21,5,3,0,0,2,0,0,9,10,E01030590,3,1,0.0,1.0,-1,6,30,1,6,2,01:40,5,1,9
2023461331033,2023,461331033,1,1,1,1,13,3,2,0,0,0,0,0,-1,4,E01016141,7,1,1.0,0.0,-1,6,30,1,1,1,15:30,1,2,-1
2023010454741,2023,010454741,1,1,1,2,34,6,3,0,0,0,0,0,1,2,E01004000,-1,0,0.0,1.0,-1,1,30,1,1,1,08:05,4,2,1
2023041316580,2023,041316580,1,1,1,1,28,6,2,0,0,0,0,0,5,2,E01004922,6,1,1.0,0.0,-1,6,60,1,1,1,20:03,4,1,5
2023531263139,2023,531263139,1,1,1,1,85,11,2,0,0,0,0,0,9,10,E01022368,6,1,1.0,0.0,-1,6,50,1,1,1,15:20,6,2,9
2023131292414,2023,131292414,1,1,1,1,52,8,2,0,0,0,0,0,1,6,E01011645,7,1,1.0,0.0,-1,6,30,2,1,2,10:05,6,2,1
2023061373560,2023,061373560,1,1,1,1,41,7,2,0,0,0,0,0,9,-1,-1,5,1,1.0,0.0,-1,3,70,1,1,2,09:10,1,1,9
2023332300996,2023,332300996,1,1,1,2,27,6,3,0,0,0,0,0,9,3,E01013613,-1,0,0.00506,0.99494,-1,6,30,1,1,1,14:50,1,2,9
2023340WN6802,2023,340WN6802,2,1,2,2,22,5,3,0,0,1,0,0,9,-1,-1,-1,0,0.04911,0.95089,-1,3,70,1,6,2,01:20,7,2,9
2023411387758,2023,411387758,1,1,3,2,73,10,2,1,1,0,0,0,0,9,E01033313,6,1,1.0,0.0,-1,6,50,1,4,2,16:43,5,1,9
2023010451225,2023,010451225,1,1,1,1,40,7,3,0,0,0,0,0,3,1,E01001839,-1,0,0.0,1.0,-1,9,20,8,1,1,18:00,5,2,3
2023010463875,2023,010463875,1,1,1,1,33,6,3,0,0,0,0,0,9,4,E01003529,-1,0,0.0,1.0,-1,6,30,1,1,1,14:56,1,2,9
2023052301559,2023,052301559,1,2,2,2,3,1,3,0,0,2,0,0,9,6,E01007014,-1,0,0.03754,0.96246,-1,6,30,1,1,1,15:50,4,2,9
2023061328434,2023,061328434,2,4,2,2,69,10,3,0,0,2,0,0,9,5,E01005248,3,1,0.0,1.0,-1,3,30,1,1,1,17:15,4,2,9
2023421293739,2023,421293739,2,1,1,2,35,6,3,0,0,0,0,0,9,-1,-1,3,1,0.0,1.0,-1,1,50,1,4,1,20:10,3,2,9
2023440009220,2023,440009220,1,1,1,2,18,4,3,0,0,0,0,0,9,7,E01023039,-1,0,0.07896,0.92104,-1,6,40,2,4,2,05:18,1,2,9
2023440046984,2023,440046984,1,1,1,1,83,11,3,0,0,0,0,0,9,9,E01022971,-1,0,0.10756,0.89244,-1,6,30,1,6,1,19:20,6,2,9
2023501360829,2023,501360829,2,3,1,1,53,8,3,0,0,0,0,0,9,8,E01020061,3,1,0.0,1.0,-1,6,30,1,1,1,14:30,1,2,9
2023010427239,2023,010427239,2,2,2,1,12,3,3,0,0,2,0,0,9,2,E01002722,-1,0,0.0,1.0,-1,6,30,1,1,1,15:26,3,2,9
2023041283228,2023,041283228,2,1,1,1,89,11,3,0,0,0,0,0,9,8,E01025348,3,1,0.0,1.0,-1,7,70,1,1,1,16:18,7,2,9
2023061368143,2023,061368143,2,2,2,2,45,7,3,0,0,1,0,0,9,2,E01005886,3,1,0.0,1.0,-1,7,40,2,4,2,18:00,7,3,9
2023451266385,2023,451266385,1,1,1,2,24,5,3,0,0,0,0,0,9,2,E01001006,3,1,0.0,1.0,-1,3,50,1,1,4,14:59,7,1,9
2023471305930,2023,471305930,2,1,2,2,63,9,3,0,0,1,0,0,9,9,E01022610,3,1,0.0,1.0,-1,6,60,1,1,1,14:50,4,2,9
2023041321546,2023,041321546,2,1,1,2,46,8,3,0,0,0,0,0,9,9,E01012598,3,1,0.0,1.0,-1,6,30,1,1,1,14:45,4,2,9
2023071080788,2023,071080788,2,1,1,2,26,6,3,0,0,0,0,0,9,3,E01018461,-1,0,0.02745,0.97255,-1,6,30,1,6,1,19:36,3,2,9
2023161368917,2023,161368917,2,2,2,1,-1,-1,3,0,0,1,0,0,9,-1,-1,3,1,0.0,1.0,-1,6,30,1,4,1,06:54,6,2,9
2023201295696,2023,201295696,1,1,1,1,54,8,3,0,0,0,0,0,9,1,E01010046,3,1,0.0,1.0,-1,6,30,1,4,1,22:15,7,2,9
2023401328202,2023,401328202,1,2,2,1,16,4,2,0,0,2,0,0,9,2,E01017618,7,1,1.0,0.0,-1,6,30,2,4,2,01:34,4,6,9
2023141274528,2023,141274528,1,1,3,1,9,2,3,5,3,0,0,0,0,-1,-1,3,1,0.0,1.0,-1,6,30,1,4,1,18:05,5,1,9
2023070352618,2023,070352618,2,1,1,1,36,7,3,0,0,0,0,0,1,9,E01005843,-1,0,0.14376,0.85624,-1,6,30,1,1,1,17:55,4,2,1
2023010459321,2023,010459321,1,1,1,2,58,9,3,0,0,0,0,0,9,9,E01000327,-1,0,0.0,1.0,-1,7,30,8,1,1,17:55,7,3,9
2023320796074,2023,320796074,1,2,1,1,33,6,2,0,0,0,0,0,9,10,E01026882,-1,0,1.0,0.0,-1,6,60,1,1,1,09:00,6,3,9
2023351325802,2023,351325802,2,2,1,2,55,8,3,0,0,0,0,0,9,8,E01029957,3,1,0.0,1.0,-1,3,70,1,1,1,19:09,7,2,9
2023451285527,2023,451285527,1,1,1,2,19,4,3,0,0,0,0,0,9,10,E01030468,3,1,0.0,1.0,-1,6,30,1,4,2,00:45,5,1,9
2023010475887,2023,010475887,1,1,3,2,60,9,3,5,1,0,0,0,0,8,E01000910,-1,0,0.0,1.0,-1,6,30,1,1,2,16:08,7,1,9
2023141391647,2023,141391647,1,2,3,2,-1,-1,3,5,3,0,0,0,0,-1,-1,3,1,0.0,1.0,-1,6,30,2,1,2,12:20,6,1,9
2023311365079,2023,311365079,1,1,3,1,84,11,3,5,1,0,0,0,0,-1,-1,3,1,0.0,1.0,-1,6,20,2,1,2,08:14,6,1,9
2023010462088,2023,010462088,2,1,1,-1,-1,-1,3,0,0,0,0,0,1,3,E01001764,-1,0,0.0,1.0,-1,9,20,1,1,1,12:05,4,2,1
2023010473750,2023,010473750,1,1,1,1,24,5,3,0,0,0,0,0,4,10,E01023595,-1,0,0.0,1.0,-1,2,30,1,1,1,14:00,3,2,4
2023201377502,2023,201377502,1,1,2,2,32,6,3,0,0,2,0,0,8,2,E01009809,3,1,0.0,1.0,-1,3,30,1,4,1,03:04,1,1,8
2023351286435,2023,351286435,2,1,1,1,42,7,3,0,0,0,0,0,9,9,E01018221,3,1,0.0,1.0,-1,6,30,1,4,2,18:08,7,2,9
2023430458646,2023,430458646,1,2,2,2,-1,-1,3,0,0,9,0,0,9,7,E01016355,-1,0,0.00966,0.99034,-1,1,30,1,4,2,21:30,4,2,9
2023461368809,2023,461368809,1,2,3,2,15,3,3,5,9,0,0,0,0,2,E01016040,3,1,0.0,1.0,-1,6,30,1,1,1,17:31,4,1,4
2023010457611,2023,010457611,1,1,1,1,33,6,3,0,0,0,0,0,1,4,E01002775,-1,0,0.0,1.0,-1,6,20,1,1,1,09:35,4,2,1
2023061318385,2023,061318385,2,1,1,1,30,6,3,0,0,0,0,0,1,3,E01005282,3,1,0.0,1.0,-1,6,30,1,1,1,16:15,2,2,1
2023010431109,2023,010431109,1,1,1,1,48,8,3,0,0,0,0,0,3,4,E01023756,-1,0,0.0,1.0,-1,6,20,1,1,2,16:30,4,2,3
2023070429537,2023,070429537,2,1,1,2,40,7,3,0,0,0,0,0,9,7,E01018540,-1,0,0.01101,0.98899,-1,6,30,1,1,1,16:40,7,2,9
2023421292902,2023,421292902,1,1,1,2,54,8,3,0,0,0,0,0,9,9,E01021912,3,1,0.0,1.0,-1,6,60,1,1,2,08:58,1,1,9
2023461284829,2023,461284829,2,1,1,1,43,7,3,0,0,0,0,0,9,9,E01016169,3,1,0.0,1.0,-1,3,70,1,1,1,08:15,2,3,9
2023501382102,2023,501382102,1,1,1,2,53,8,3,0,0,0,0,0,9,6,E01018763,3,1,0.0,1.0,-1,6,60,2,6,2,19:58,1,1,9
2023991327857,2023,991327857,2,1,1,2,31,6,3,0,0,0,0,0,9,3,-1,3,1,0.0,1.0,-1,1,20,1,1,1,12:15,2,2,9
2023411269612,2023,411269612,2,1,1,1,26,6,3,0,0,0,0,0,3,-1,-1,3,1,0.0,1.0,-1,1,30,3,1,-1,14:20,4,2,3
2023201416948,2023,201416948,1,1,1,1,76,11,3,0,0,0,0,0,9,8,E01009668,3,1,0.0,1.0,-1,6,30,2,4,2,06:00,5,1,9
2023421344901,2023,421344901,2,1,1,2,19,4,3,0,0,0,0,0,9,7,E01015955,3,1,0.0,1.0,-1,6,30,1,1,1,18:20,4,2,9
2023461358609,2023,461358609,2,4,2,1,-1,-1,3,0,0,2,0,0,9,-1,-1,3,1,0.0,1.0,-1,3,60,1,1,1,07:12,1,3,9