collision_index,collision_year,collision_ref_no,vehicle_reference,casualty_reference,casualty_class,sex_of_casualty,age_of_casualty,age_band_of_casualty,casualty_severity,pedestrian_location,pedestrian_movement,car_passenger,bus_or_coach_passenger,pedestrian_road_maintenance_worker,casualty_type,casualty_imd_decile,lsoa_of_casualty,enhanced_casualty_severity,casualty_injury_based,casualty_adjusted_severity_serious,casualty_adjusted_severity_slight,casualty_distance_banding,road_type,speed_limit,weather_conditions,light_conditions,road_surface_conditions,time,day_of_week,number_of_vehicles,vehicle_type
2023610004723,2023,610004723,1,1,1,2,43,7,3,0,0,1,0,0,9,1,W01001619,-1,0,0.04608,0.95392,-1,2,30,1,1,1,15:00,2,2,9
2023131372743,2023,131372743,1,1,3,2,51,8,2,5,9,0,0,1,0,1,E01011133,7,1,1.0,0.0,-1,6,30,1,4,2,20:08,5,1,9
2023101393131,2023,101393131,2,2,1,1,22,5,3,0,0,0,0,0,9,9,E01008184,3,1,0.0,1.0,-1,6,30,1,4,2,18:42,5,2,9
2023411266816,2023,411266816,3,1,1,2,62,9,3,0,0,0,0,0,9,6,E01023940,3,1,0.0,1.0,-1,6,40,1,1,1,13:30,1,3,9
2023010439320,2023,010439320,1,1,3,2,14,3,3,4,1,0,0,0,0,3,E01003609,-1,0,0.0,1.0,-1,6,30,1,1,1,15:00,2,1,9
2023010451319,2023,010451319,1,2,3,2,8,2,3,8,3,0,0,0,0,-1,-1,-1,0,0.0,1.0,-1,6,30,1,1,1,11:36,1,1,9
2023010479797,2023,010479797,1,3,3,2,6,2,3,5,2,0,0,0,0,3,E01001749,-1,0,0.0,1.0,-1,6,20,1,1,1,15:54,5,1,4
2023471377803,2023,471377803,1,1,3,2,16,4,2,1,1,0,0,0,0,4,E01031469,7,1,1.0,0.0,-1,3,30,1,4,1,18:20,4,1,9
2023161367070,2023,161367070,1,1,1,1,86,11,3,0,0,0,0,0,9,4,E01012802,3,1,0.0,1.0,-1,6,30,1,1,2,09:14,4,4,9
2023411294355,2023,411294355,1,3,2,1,21,5,3,0,0,1,0,0,9,6,E01023414,3,1,0.0,1.0,-1,3,40,8,4,2,19:54,5,2,9
2023461323457,2023,461323457,1,3,2,2,25,5,2,0,0,1,0,0,9,4,E01024561,7,1,1.0,0.0,-1,6,30,1,1,1,18:10,4,2,9
2023501318291,2023,501318291,3,2,1,1,25,5,3,0,0,0,0,0,19,6,E01020231,3,1,0.0,1.0,-1,6,60,1,1,1,18:00,3,3,19
2023351373795,2023,351373795,1,2,2,1,40,7,3,0,0,1,0,0,21,3,E01015677,3,1,0.0,1.0,-1,6,30,1,1,1,15:25,3,2,21
2023201293611,2023,201293611,2,1,1,1,43,7,3,0,0,0,0,0,1,1,E01010485,3,1,0.0,1.0,-1,6,30,1,1,2,07:35,4,2,1
2023520301718,2023,520301718,1,1,1,1,18,4,2,0,0,0,0,0,3,10,E01014410,-1,0,1.0,0.0,-1,6,30,1,1,1,12:11,5,1,3
2023201313370,2023,201313370,1,1,1,2,25,5,3,0,0,0,0,0,9,3,E01009954,3,1,0.0,1.0,-1,3,30,1,1,1,13:30,7,2,9
2023221364932,2023,221364932,1,1,1,1,50,8,3,0,0,0,0,0,9,1,E01009502,3,1,0.0,1.0,-1,3,70,2,1,2,13:40,5,1,9
2023401353806,2023,401353806,1,1,1,1,62,9,2,0,0,0,0,0,9,6,E01017503,6,1,1.0,0.0,-1,6,60,1,1,1,16:44,5,1,9
2023531298074,2023,531298074,1,1,1,2,76,11,3,0,0,0,0,0,9,9,E01022342,3,1,0.0,1.0,-1,6,30,1,1,1,12:25,1,2,9
2023631366221,2023,631366221,1,1,1,2,24,5,2,0,0,0,0,0,9,8,W01000554,7,1,1.0,0.0,-1,6,60,1,6,5,21:25,2,1,9
2023161355819,2023,161355819,2,2,2,2,38,7,3,0,0,1,0,0,9,9,E01013257,3,1,0.0,1.0,-1,6,60,1,1,1,12:50,7,3,9
2023332300558,2023,332300558,1,1,1,1,32,6,3,0,0,0,0,0,9,10,E01025665,-1,0,0.04022,0.95978,-1,6,30,1,4,1,01:30,7,2,9
2023522300501,2023,522300501,1,3,2,2,23,5,3,0,0,1,0,0,9,7,E01014598,-1,0,0.02085,0.97915,-1,3,30,2,4,2,19:07,3,3,9
2023430149010,2023,430149010,1,1,1,1,51,8,3,0,0,0,0,0,19,5,E01017867,-1,0,0.00529,0.99471,-1,6,30,1,1,1,15:30,5,3,19
2023010448950,2023,010448950,1,1,1,1,39,7,3,0,0,0,0,0,1,8,E01004589,-1,0,0.0,1.0,-1,9,20,9,1,9,09:01,3,2,1
2023461345389,2023,461345389,1,1,1,1,20,4,3,0,0,0,0,0,4,3,E01024795,3,1,0.0,1.0,-1,6,30,1,1,1,17:52,4,2,4
2023122301353,2023,122301353,2,1,1,1,69,10,3,0,0,0,0,0,9,10,E01027893,-1,0,0.05019,0.94981,-1,6,30,1,1,1,17:30,5,2,9
2023501294680,2023,501294680,2,3,1,2,56,9,3,0,0,0,0,0,9,4,E01018757,3,1,0.0,1.0,-1,6,50,1,6,1,21:30,5,3,9
2023531302659,2023,531302659,2,4,1,1,73,10,3,0,0,0,0,0,19,9,E01032341,3,1,0.0,1.0,-1,6,60,1,1,1,16:35,2,2,19
2023610035523,2023,610035523,1,1,3,2,56,9,1,8,9,0,0,0,0,6,W01001908,-1,0,0.0,0.0,-1,3,70,2,6,2,02:24,2,3,9
2023010454351,2023,010454351,1,1,1,1,19,4,3,0,0,0,0,0,3,3,E01003521,-1,0,0.0,1.0,-1,9,30,9,1,9,11:58,5,2,3
2023131280532,2023,131280532,1,1,1,1,65,9,3,0,0,0,0,0,9,3,E01010752,3,1,0.0,1.0,-1,6,30,1,4,2,21:40,7,1,9
2023361279564,2023,361279564,2,2,2,2,16,4,3,0,0,1,0,0,9,1,E01026599,3,1,0.0,1.0,-1,6,60,1,1,2,08:29,4,3,9
2023010480123,2023,010480123,1,1,1,1,40,7,3,0,0,0,0,0,1,2,E01002832,-1,0,0.0,1.0,-1,6,20,1,1,1,16:00,6,2,1
2023010484205,2023,010484205,1,1,1,2,46,8,3,0,0,0,0,0,9,3,E01002133,-1,0,0.0,1.0,-1,6,30,8,4,1,16:20,6,2,9
2023010467700,2023,010467700,1,1,3,2,38,7,3,1,1,0,0,0,0,2,E01003336,-1,0,0.0,1.0,-1,9,20,1,1,1,15:45,6,1,9
2023201278655,2023,201278655,1,1,3,2,22,5,3,4,3,0,0,2,0,1,E01009390,3,1,0.0,1.0,-1,3,30,1,4,1,17:30,2,1,9
2023471356174,2023,471356174,2,1,1,1,44,7,3,0,0,0,0,0,1,10,E01031734,3,1,0.0,1.0,-1,6,30,1,4,1,00:15,6,2,1
2023101388418,2023,101388418,2,1,1,2,58,9,3,0,0,0,0,0,9,9,E01027439,3,1,0.0,1.0,-1,3,40,1,4,2,19:20,5,2,9
2023401345125,2023,401345125,2,2,1,2,17,4,3,0,0,0,0,0,9,7,E01017434,3,1,0.0,1.0,-1,6,60,1,6,1,22:28,4,2,9
2023461384202,2023,461384202,2,1,1,1,27,6,3,0,0,0,0,0,9,5,E01024025,3,1,0.0,1.0,-1,6,60,1,1,1,10:40,4,2,9
2023010432001,2023,010432001,2,1,1,1,29,6,3,0,0,0,0,0,20,8,E01002945,-1,0,0.0,1.0,-1,6,20,1,1,1,14:50,2,2,20
2023010448170,2023,010448170,2,3,1,1,75,10,2,0,0,0,0,0,9,9,E01000168,-1,0,1.0,0.0,-1,6,30,1,1,1,15:10,7,2,9
2023131304162,2023,131304162,1,1,1,1,81,11,2,0,0,0,0,0,9,1,E01010631,7,1,1.0,0.0,-1,6,30,2,4,2,23:44,5,2,9
2023430203474,2023,430203474,1,1,1,2,36,7,3,0,0,0,0,0,9,-1,-1,-1,0,0.00508,0.99492,-1,6,30,2,1,2,12:40,4,2,9
2023311364361,2023,311364361,2,1,1,1,15,3,3,0,0,0,0,0,1,1,E01013865,3,1,0.0,1.0,-1,6,30,1,1,2,16:32,4,2,1
2023421324972,2023,421324972,2,2,1,2,27,6,3,0,0,0,0,0,1,8,E01024209,3,1,0.0,1.0,-1,6,60,1,1,1,09:45,1,2,1
2023101276974,2023,101276974,2,1,1,1,42,7,3,0,0,0,0,0,5,3,E01008639,3,1,0.0,1.0,-1,6,30,1,1,2,07:30,5,2,5
2023061285769,2023,061285769,2,1,1,2,45,7,3,0,0,0,0,0,9,-1,-1,3,1,0.0,1.0,-1,6,30,2,4,2,04:03,1,2,9
2023221390411,2023,221390411,1,1,1,1,54,8,2,0,0,0,0,0,9,7,E01032268,5,1,1.0,0.0,-1,3,70,1,6,2,04:35,6,2,9
2023401278267,2023,401278267,2,2,2,2,50,8,3,0,0,1,0,0,9,5,E01017586,3,1,0.0,1.0,-1,3,40,1,1,1,12:51,5,2,9
2023440028961,2023,440028961,2,1,1,1,54,8,3,0,0,0,0,0,9,3,E01017052,-1,0,0.04453,0.95547,-1,6,30,1,1,1,14:00,1,2,9
2023070007239,2023,070007239,1,1,3,1,69,10,3,6,9,0,0,0,0,8,E01018493,-1,0,0.12709,0.87291,-1,9,30,1,1,1,12:30,2,1,9
2023101304960,2023,101304960,1,1,3,1,14,3,3,6,9,0,0,0,0,-1,-1,3,1,0.0,1.0,-1,9,20,2,1,2,20:20,1,1,23
2023440038186,2023,440038186,1,4,3,1,18,4,3,6,9,0,0,0,0,8,E01022813,-1,0,0.22623,0.77377,-1,6,30,1,4,1,21:37,7,1,9
2023501357343,2023,501357343,1,1,3,2,67,10,3,10,9,0,0,0,0,3,E01018873,3,1,0.0,1.0,-1,6,30,1,1,1,12:00,3,1,9
2023010463899,2023,010463899,1,1,1,1,59,9,3,0,0,0,0,0,9,2,E01001982,-1,0,0.0,1.0,-1,6,20,1,4,1,19:50,1,2,9
2023131342674,2023,131342674,1,1,1,1,27,6,3,0,0,0,0,0,9,1,E01011484,3,1,0.0,1.0,-1,6,60,1,6,1,22:39,1,2,9
2023471283211,2023,471283211,2,1,1,1,55,8,3,0,0,0,0,0,9,4,E01031469,3,1,0.0,1.0,-1,3,70,1,1,1,09:59,1,2,9
2023520400661,2023,520400661,3,2,1,2,53,8,3,0,0,0,0,0,9,8,E01020240,-1,0,0.04018,0.95982,-1,6,50,1,6,1,17:07,3,3,9
2023471357997,2023,471357997,1,1,1,1,-1,-1,3,0,0,0,0,0,1,-1,-1,3,1,0.0,1.0,-1,6,30,1,1,1,16:20,6,2,1
2023101334706,2023,101334706,1,5,1,1,26,6,3,0,0,0,0,0,9,-1,-1,3,1,0.0,1.0,-1,3,50,1,1,1,13:50,7,5,9
2023411374795,2023,411374795,2,2,1,1,31,6,3,0,0,0,0,0,9,6,E01023414,3,1,0.0,1.0,-1,6,30,1,1,1,11:20,1,3,9
2023421301843,2023,421301843,2,2,2,1,63,9,3,0,0,1,0,0,9,-1,-1,3,1,0.0,1.0,-1,3,60,1,1,1,16:47,3,2,9
2023501390205,2023,501390205,2,1,1,2,65,9,3,0,0,0,0,0,1,6,E01020237,3,1,0.0,1.0,-1,6,30,1,1,2,12:45,3,2,1
2023052301305,2023,052301305,2,1,1,1,57,9,3,0,0,0,0,0,1,8,E01012495,-1,0,0.11597,0.88403,-1,6,30,1,1,1,13:20,7,2,1
2023041443529,2023,041443529,2,1,1,1,19,4,3,0,0,0,0,0,9,1,E01025296,3,1,0.0,1.0,-1,3,40,1,1,1,18:44,3,2,9
2023070009385,2023,070009385,2,1,1,2,36,7,3,0,0,0,0,0,9,1,E01005828,-1,0,0.00591,0.99409,-1,3,70,1,1,2,13:12,3,2,9
2023440512850,2023,440512850,1,1,1,1,78,11,2,0,0,0,0,0,9,-1,-1,-1,0,1.0,0.0,-1,6,40,1,6,2,07:42,7,2,9
2023461272866,2023,461272866,2,2,1,1,37,7,3,0,0,0,0,0,9,6,E01024094,3,1,0.0,1.0,-1,6,30,1,4,1,04:55,2,2,9
2023622300202,2023,622300202,2,2,1,1,27,6,3,0,0,0,0,0,9,2,W01001952,-1,0,0.0207,0.9793,-1,6,30,1,4,2,19:21,2,2,9
2023501349390,2023,501349390,1,1,1,1,58,9,2,0,0,0,0,0,3,4,E01020036,7,1,1.0,0.0,-1,1,30,1,1,1,06:30,4,1,3
2023010438596,2023,010438596,1,1,3,2,21,5,3,5,3,0,0,0,0,-1,-1,-1,0,0.0,1.0,-1,3,30,2,1,2,08:56,6,1,98
2023010449820,2023,010449820,1,1,3,1,66,10,3,6,9,0,0,0,0,-1,-1,-1,0,0.0,1.0,-1,9,20,1,1,1,08:55,7,1,19
2023041334515,2023,041334515,3,1,2,1,10,2,3,0,0,2,0,0,9,8,-1,3,1,0.0,1.0,-1,6,50,1,1,1,17:04,6,4,9
2023471311895,2023,471311895,1,1,1,2,59,9,3,0,0,0,0,0,9,2,E01000781,3,1,0.0,1.0,-1,6,30,1,1,1,13:42,6,2,9
2023531364914,2023,531364914,2,1,1,1,30,6,3,0,0,0,0,0,9,3,E01012109,3,1,0.0,1.0,-1,3,70,1,1,1,18:15,5,4,9
2023991316731,2023,991316731,1,1,3,1,60,9,2,6,9,0,0,0,0,-1,-1,5,1,1.0,0.0,-1,6,30,1,1,1,14:56,5,1,9
2023461270581,2023,461270581,2,1,1,2,37,7,3,0,0,0,0,0,9,7,E01024746,3,1,0.0,1.0,-1,6,50,1,1,1,12:35,4,2,9
2023552400009,2023,552400009,1,3,1,2,60,9,3,0,0,0,0,0,9,4,E01020438,-1,0,0.05241,0.94759,-1,6,30,2,5,2,17:54,1,2,9
2023010485049,2023,010485049,1,1,2,2,32,6,3,0,0,1,0,0,9,2,E01010028,-1,0,0.0,1.0,-1,3,30,1,4,2,19:33,3,2,9
2023131271689,2023,131271689,1,1,2,1,37,7,1,0,0,1,0,0,9,3,E01011028,1,1,0.0,0.0,-1,6,30,1,4,1,00:01,6,1,9
2023430011171,2023,430011171,1,1,1,2,76,11,3,0,0,0,0,0,9,10,E01017760,-1,0,0.07128,0.92872,-1,6,30,1,6,2,20:15,1,2,9
2023430456074,2023,430456074,2,1,1,2,48,8,3,0,0,0,0,0,9,9,E01028627,-1,0,0.01378,0.98622,-1,6,30,1,1,1,17:40,3,2,9
2023141312503,2023,141312503,1,1,2,1,19,4,3,0,0,2,0,0,9,5,E01013931,3,1,0.0,1.0,-1,3,50,1,1,1,08:03,2,3,9
2023010456013,2023,010456013,2,1,1,1,27,6,3,0,0,0,0,0,-1,1,E01002082,-1,0,0.0,1.0,-1,6,30,1,4,1,22:15,3,2,-1
2023031277677,2023,031277677,3,2,2,1,51,8,3,0,0,1,0,0,9,-1,-1,3,1,0.0,1.0,-1,6,30,2,4,2,17:51,5,3,9
2023201387048,2023,201387048,2,7,2,2,22,5,3,0,0,2,0,0,9,10,E01010185,3,1,0.0,1.0,-1,6,30,1,4,1,01:47,1,2,9
2023991391696,2023,991391696,1,1,3,1,52,8,3,10,1,0,0,2,0,4,-1,3,1,0.0,1.0,-1,6,20,1,1,1,10:30,7,1,9
2023010472065,2023,010472065,1,1,1,1,33,6,3,0,0,0,0,0,8,6,E01004530,-1,0,0.0,1.0,-1,6,20,1,4,1,00:05,1,2,8
2023010464991,2023,010464991,1,1,1,1,25,5,3,0,0,0,0,0,3,2,E01004238,-1,0,0.0,1.0,-1,3,20,1,1,1,13:15,7,2,3
2023461375592,2023,461375592,2,1,1,2,24,5,2,0,0,0,0,0,9,5,E01024654,7,1,1.0,0.0,-1,6,40,1,4,1,19:54,6,2,9
2023421362142,2023,421362142,2,1,1,1,67,10,3,0,0,0,0,0,9,9,E01021615,3,1,0.0,1.0,-1,1,70,1,1,1,14:15,5,2,9
2023430078166,2023,430078166,2,1,1,1,61,9,3,0,0,0,0,0,1,5,E01028542,-1,0,0.16011,0.83989,-1,6,20,1,4,1,17:25,6,2,1
2023440053951,2023,440053951,1,1,3,1,24,5,3,8,3,0,0,0,0,10,E01022625,-1,0,0.11794,0.88206,-1,6,30,1,1,1,15:54,4,1,9
2023031391187,2023,031391187,1,2,2,1,30,6,3,0,0,1,0,0,9,5,E01019278,3,1,0.0,1.0,-1,6,60,1,1,2,16:32,5,2,9
2023302301981,2023,302301981,2,1,1,1,25,5,3,0,0,0,0,0,1,4,E01013460,-1,0,0.14167,0.85833,-1,6,30,2,1,2,15:00,6,2,1
2023991361605,2023,991361605,2,2,1,1,63,9,1,0,0,0,0,0,5,4,-1,1,1,0.0,0.0,-1,6,50,1,1,1,14:40,3,2,5
2023010461471,2023,010461471,1,1,1,2,50,8,3,0,0,0,0,0,9,3,E01000441,-1,0,0.0,1.0,-1,6,30,8,1,1,17:38,6,2,9
2023031324214,2023,031324214,1,1,1,1,22,5,3,0,0,0,0,0,9,3,E01019089,3,1,0.0,1.0,-1,6,60,1,1,1,19:40,5,2,9
2023451287095,2023,451287095,1,1,1,2,18,4,3,0,0,0,0,0,9,10,E01030535,3,1,0.0,1.0,-1,6,30,1,1,1,08:15,4,3,9
2023501291441,2023,501291441,2,2,1,1,28,6,3,0,0,0,0,0,9,4,E01020328,3,1,0.0,1.0,-1,6,60,1,1,1,16:46,1,2,9
2023052302794,2023,052302794,1,1,3,1,66,10,3,8,4,0,0,0,0,1,E01006560,-1,0,0.19356,0.80644,-1,3,20,1,4,1,18:40,3,1,19
2023111384079,2023,111384079,1,1,3,1,44,7,2,5,9,0,0,0,0,-1,-1,7,1,1.0,0.0,-1,6,60,1,6,2,04:35,5,3,9
2023070443175,2023,070443175,2,1,1,2,29,6,3,0,0,0,0,0,1,10,E01018656,-1,0,0.05883,0.94117,-1,6,30,1,1,1,16:25,4,2,1
2023010464810,2023,010464810,1,1,1,-1,31,6,3,0,0,0,0,0,3,1,E01002040,-1,0,0.0,1.0,-1,3,20,9,1,9,14:35,5,2,3
2023211365654,2023,211365654,2,2,1,2,64,9,3,0,0,0,0,0,9,5,E01029638,3,1,0.0,1.0,-1,6,30,1,1,1,11:16,1,2,9
2023440499251,2023,440499251,1,1,1,1,39,7,3,0,0,0,0,0,9,10,E01020358,-1,0,0.05838,0.94162,-1,6,30,2,4,2,07:32,5,2,9
2023131303761,2023,131303761,1,2,2,1,33,6,3,0,0,0,0,0,19,2,E01011281,3,1,0.0,1.0,-1,3,40,1,1,1,13:59,4,1,19
2023010431520,2023,010431520,1,1,2,2,32,6,3,0,0,2,0,0,9,2,E01003514,-1,0,0.0,1.0,-1,6,30,1,4,1,22:57,6,3,9
2023201416942,2023,201416942,1,1,2,2,23,5,3,0,0,1,0,0,9,1,E01009397,3,1,0.0,1.0,-1,6,30,1,4,2,23:18,7,2,9
2023201328882,2023,201328882,1,1,3,2,19,4,3,10,9,0,0,2,0,1,E01010383,3,1,0.0,1.0,-1,6,30,1,1,1,08:24,6,1,19
2023371364805,2023,371364805,1,1,1,1,72,10,3,0,0,0,0,0,9,6,E01030056,3,1,0.0,1.0,-1,6,60,1,1,1,08:04,3,2,9
2023401290024,2023,401290024,2,1,1,1,-1,-1,3,0,0,0,0,0,9,2,E01015749,3,1,0.0,1.0,-1,6,30,1,4,1,21:30,3,2,9
2023010476963,2023,010476963,2,1,1,1,49,8,3,0,0,0,0,0,9,5,E01000142,-1,0,0.0,1.0,-1,6,20,1,1,2,16:06,5,2,9
2023440392107,2023,440392107,1,1,1,2,64,9,3,0,0,0,0,0,9,5,E01022728,-1,0,0.09316,0.90684,-1,6,30,1,4,1,21:20,2,2,9
2023520400467,2023,520400467,1,1,1,1,73,10,3,0,0,0,0,0,9,4,E01029186,-1,0,0.01024,0.98976,-1,3,30,1,1,1,09:25,7,2,9
2023522301266,2023,522301266,2,2,1,1,49,8,3,0,0,0,0,0,9,9,E01014862,-1,0,0.06249,0.93751,-1,3,50,1,1,1,06:29,4,5,9
2023401302756,2023,401302756,1,1,1,2,27,6,3,0,0,0,0,0,9,8,E01033116,3,1,0.0,1.0,-1,1,40,1,1,1,09:09,6,2,9
2023221354809,2023,221354809,2,2,1,1,31,6,3,0,0,0,0,0,19,-1,-1,3,1,0.0,1.0,-1,6,30,1,6,1,22:57,1,2,19
2023131286345,2023,131286345,1,1,3,2,37,7,2,9,7,0,0,2,0,5,E01011215,7,1,1.0,0.0,-1,6,30,2,4,2,23:05,2,1,9
2023010451213,2023,010451213,2,1,1,1,27,6,3,0,0,0,0,0,1,3,E01003585,-1,0,0.0,1.0,-1,6,30,1,1,1,15:09,7,2,1
2023451283221,2023,451283221,1,1,1,1,27,6,3,0,0,0,0,0,5,5,E01030743,3,1,0.0,1.0,-1,3,50,1,1,1,12:51,1,1,5
2023010474569,2023,010474569,1,1,1,1,48,8,3,0,0,0,0,0,8,4,E01002486,-1,0,0.0,1.0,-1,9,30,1,4,1,02:01,7,1,8
2023131370392,2023,131370392,1,1,1,1,12,3,3,0,0,0,0,0,1,7,E01011800,3,1,0.0,1.0,-1,6,30,1,1,2,12:47,6,2,1
2023351317762,2023,351317762,2,1,1,1,60,9,2,0,0,0,0,0,1,7,E01018064,5,1,1.0,0.0,-1,1,60,1,1,1,14:00,5,2,1
2023201387115,2023,201387115,2,2,2,2,74,10,3,0,0,1,0,0,9,7,E01009260,3,1,0.0,1.0,-1,6,30,1,1,1,14:32,4,2,9
2023991391755,2023,991391755,1,1,2,2,8,2,3,0,0,2,0,0,9,8,-1,3,1,0.0,1.0,-1,3,70,2,1,2,13:50,7,2,9
2023311332112,2023,311332112,1,1,2,2,76,11,3,0,0,0,-1,0,11,8,E01033412,3,1,0.0,1.0,-1,6,30,1,1,2,10:45,5,1,11
2023332300627,2023,332300627,1,1,1,2,36,7,2,0,0,0,0,0,19,5,E01025965,-1,0,1.0,0.0,-1,6,60,2,6,2,23:46,7,1,19
2023010453133,2023,010453133,2,1,1,1,44,7,3,0,0,0,0,0,1,1,E01004040,-1,0,0.0,1.0,-1,3,30,8,1,1,08:54,3,2,1
2023010479205,2023,010479205,1,1,1,1,31,6,2,0,0,0,0,0,1,-1,-1,-1,0,1.0,0.0,-1,6,20,1,4,1,23:20,2,1,1
2023440008126,2023,440008126,1,1,1,1,34,6,3,0,0,0,0,0,21,1,E01008123,-1,0,0.12514,0.87486,-1,3,70,2,6,2,06:53,7,2,21
2023010444744,2023,010444744,2,1,1,1,51,8,2,0,0,0,0,0,3,9,E01003467,-1,0,1.0,0.0,-1,6,20,1,1,1,07:45,4,2,3
2023010420743,2023,010420743,1,1,1,1,51,8,3,0,0,0,0,0,5,6,E01030057,-1,0,0.0,1.0,-1,3,70,9,7,9,06:00,4,1,5
2023041332948,2023,041332948,2,1,1,1,85,11,3,0,0,0,0,0,9,9,E01025533,3,1,0.0,1.0,-1,7,40,1,1,1,16:26,2,3,9
2023101306446,2023,101306446,1,1,1,2,80,11,3,0,0,0,0,0,9,9,E01008782,3,1,0.0,1.0,-1,6,30,1,1,1,17:00,5,4,9
2023131345633,2023,131345633,2,1,2,1,28,6,3,0,0,1,0,0,9,1,E01010813,3,1,0.0,1.0,-1,6,30,1,1,1,15:30,6,2,9
2023010421603,2023,010421603,1,1,3,1,29,6,2,8,9,0,0,0,0,-1,-1,-1,0,1.0,0.0,-1,6,20,5,4,2,02:39,2,2,9
2023010455605,2023,010455605,1,1,1,1,34,6,3,0,0,0,0,0,3,10,E01028714,-1,0,0.0,1.0,-1,9,30,1,1,1,19:30,7,2,3
2023161358705,2023,161358705,1,1,2,1,30,6,3,0,0,1,0,0,9,2,E01012884,3,1,0.0,1.0,-1,6,30,2,4,2,22:10,2,1,9
2023501283303,2023,501283303,1,2,2,2,48,8,3,0,0,1,0,0,9,2,E01015096,3,1,0.0,1.0,-1,3,60,1,1,1,11:00,5,3,9
2023221317766,2023,221317766,1,1,3,1,12,3,3,5,1,0,0,0,0,8,E01014123,3,1,0.0,1.0,-1,1,40,1,1,1,08:06,6,1,11
2023552301028,2023,552301028,1,1,3,2,62,9,3,6,5,0,0,0,0,9,E01015463,-1,0,0.06545,0.93455,-1,6,30,1,1,1,11:50,7,1,19
2023061376612,2023,061376612,2,1,1,1,25,5,3,0,0,0,0,0,1,4,E01005804,3,1,0.0,1.0,-1,6,30,1,4,-1,17:55,4,2,1
2023302400010,2023,302400010,1,1,1,1,44,7,2,0,0,0,0,0,3,9,E01018513,-1,0,1.0,0.0,-1,3,70,8,1,2,13:04,1,2,3
2023201298926,2023,201298926,2,2,1,1,18,4,3,0,0,0,0,0,9,8,E01009425,3,1,0.0,1.0,-1,6,30,2,4,2,20:20,3,2,9
2023440061895,2023,440061895,1,1,1,1,49,8,3,0,0,0,0,0,9,1,E01022933,-1,0,0.08337,0.91663,-1,3,70,1,1,1,08:29,3,3,9
2023010456199,2023,010456199,1,1,2,1,60,9,3,0,0,0,4,0,11,2,E01003911,-1,0,0.0,1.0,-1,6,20,1,4,1,01:00,5,1,11
2023131299796,2023,131299796,1,1,2,2,21,5,3,0,0,1,0,0,9,3,E01010835,3,1,0.0,1.0,-1,6,40,1,4,1,21:25,7,2,9
2023141349107,2023,141349107,2,1,1,1,87,11,3,0,0,0,0,0,9,3,E01007591,3,1,0.0,1.0,-1,3,70,1,1,1,10:57,3,2,9
2023501314704,2023,501314704,1,1,2,2,14,3,3,0,0,1,0,0,9,3,E01019005,3,1,0.0,1.0,-1,6,30,1,1,1,11:00,1,2,9
2023501369153,2023,501369153,1,1,2,2,27,6,3,0,0,1,0,0,9,-1,-1,3,1,0.0,1.0,-1,6,30,2,4,2,18:22,3,2,9
2023622300111,2023,622300111,2,2,1,2,57,9,3,0,0,0,0,0,9,4,W01001233,-1,0,0.01033,0.98967,-1,1,40,1,1,2,15:14,2,2,9
2023991329390,2023,991329390,2,1,1,2,36,7,3,0,0,0,0,0,9,-1,-1,3,1,0.0,1.0,-1,3,70,1,1,2,09:40,6,3,9
2023332300768,2023,332300768,2,1,1,1,63,9,3,0,0,0,0,0,9,9,E01025639,-1,0,0.03367,0.96633,-1,6,40,1,1,1,15:10,7,2,9
2023411313698,2023,411313698,1,1,1,1,73,10,2,0,0,0,0,0,9,9,E01023896,7,1,1.0,0.0,-1,6,50,1,1,1,12:10,7,2,9
2023052300304,2023,052300304,2,1,1,1,46,8,3,0,0,0,0,0,9,4,E01006998,-1,0,0.02291,0.97709,-1,3,70,1,5,1,05:00,3,2,9
2023991338413,2023,991338413,2,2,1,2,40,7,3,0,0,0,0,0,9,-1,-1,3,1,0.0,1.0,-1,6,30,1,1,1,08:02,7,2,9
2023010466924,2023,010466924,1,1,1,1,43,7,3,0,0,0,0,0,3,2,E01000603,-1,0,0.0,1.0,-1,6,20,2,1,2,09:36,3,2,3
2023052300936,2023,052300936,1,1,3,2,23,5,2,5,4,0,0,0,0,1,E01033763,-1,0,1.0,0.0,-1,6,30,1,1,1,14:25,7,1,9
2023531279166,2023,531279166,2,1,1,1,28,6,2,0,0,0,0,0,1,3,E01022375,7,1,1.0,0.0,-1,6,30,1,1,2,07:50,4,2,1
2023201376712,2023,201376712,2,1,1,2,26,6,3,0,0,0,0,0,9,4,E01009626,3,1,0.0,1.0,-1,6,30,1,4,1,20:53,3,3,9
2023061356552,2023,061356552,2,1,1,1,30,6,3,0,0,0,0,0,1,-1,-1,3,1,0.0,1.0,-1,6,30,1,1,1,13:00,2,2,1
2023010422899,2023,010422899,1,1,1,1,55,8,3,0,0,0,0,0,9,7,E01000791,-1,0,0.0,1.0,-1,3,30,1,4,4,16:40,1,2,9
2023010437951,2023,010437951,1,1,1,1,23,5,3,0,0,0,0,0,9,6,E01002602,-1,0,0.0,1.0,-1,6,40,1,4,1,01:17,3,1,9
2023552301079,2023,552301079,1,2,2,2,6,2,3,0,0,0,0,0,19,2,E01020499,-1,0,0.03357,0.96643,-1,6,50,1,1,1,17:18,2,2,19