collision_index,collision_year,collision_ref_no,vehicle_reference,casualty_reference,casualty_class,sex_of_casualty,age_of_casualty,age_band_of_casualty,casualty_severity,pedestrian_location,pedestrian_movement,car_passenger,bus_or_coach_passenger,pedestrian_road_maintenance_worker,casualty_type,casualty_imd_decile,lsoa_of_casualty,enhanced_casualty_severity,casualty_injury_based,casualty_adjusted_severity_serious,casualty_adjusted_severity_slight,casualty_distance_banding,road_type,speed_limit,weather_conditions,light_conditions,road_surface_conditions,time,day_of_week,number_of_vehicles,vehicle_type
2023302300296,2023,302300296,1,1,3,1,15,3,3,5,1,0,0,0,0,5,E01019780,-1,0,0.15135,0.84865,-1,6,30,1,1,1,08:32,5,1,9
2023361384644,2023,361384644,2,1,1,1,37,7,2,0,0,0,0,0,4,4,E01026606,7,1,1.0,0.0,-1,6,40,2,1,2,09:17,7,2,4
2023010430583,2023,010430583,1,1,1,1,47,8,3,0,0,0,0,0,9,-1,-1,-1,0,0.0,1.0,-1,6,30,1,4,1,00:55,2,2,9
2023421279109,2023,421279109,2,1,1,1,39,7,3,0,0,0,0,0,9,9,E01021654,3,1,0.0,1.0,-1,3,70,8,4,2,13:40,2,2,9
202363C008523,2023,63C008523,1,1,2,1,19,4,2,0,0,1,0,0,9,5,W01000617,-1,0,1.0,0.0,-1,6,60,2,4,2,02:49,1,1,9
2023010480731,2023,010480731,1,1,1,2,37,7,3,0,0,0,0,0,9,7,E01001120,-1,0,0.0,1.0,-1,9,20,1,4,1,17:02,3,2,9
2023161297240,2023,161297240,1,1,1,1,22,5,3,0,0,0,0,0,9,2,E01013332,3,1,0.0,1.0,-1,6,30,1,4,1,03:04,4,2,9
2023610004423,2023,610004423,2,2,1,2,25,5,3,0,0,0,0,0,9,4,W01001524,-1,0,0.14177,0.85823,-1,6,40,1,4,1,23:30,2,2,9
202363D013223,2023,63D013223,1,1,2,2,28,6,2,0,0,1,0,0,9,8,W01000450,-1,0,1.0,0.0,-1,6,60,1,1,2,09:10,3,1,9
2023520400861,2023,520400861,1,1,3,2,34,6,3,5,9,0,0,0,0,6,E01029057,-1,0,0.12086,0.87914,-1,6,30,1,1,2,13:30,7,1,9
2023131324941,2023,131324941,3,1,1,1,56,9,2,0,0,0,0,0,9,5,E01011855,6,1,1.0,0.0,-1,6,40,1,1,1,09:45,1,4,9
2023010463939,2023,010463939,1,1,1,2,41,7,3,0,0,0,0,0,9,-1,-1,-1,0,0.0,1.0,-1,6,20,1,1,1,07:47,2,1,9
202354D726823,2023,54D726823,3,2,2,2,32,6,3,0,0,1,0,0,9,7,E01003817,-1,0,0.01369,0.98631,-1,6,60,2,6,2,17:25,4,3,9
2023061264857,2023,061264857,1,1,3,2,5,1,3,4,3,0,0,0,0,8,E01005736,3,1,0.0,1.0,-1,6,30,1,1,2,14:40,3,1,19
2023430058904,2023,430058904,1,1,3,1,13,3,3,5,1,0,0,0,0,10,E01017870,-1,0,0.041,0.959,-1,6,30,8,1,4,07:47,5,1,90
2023451276792,2023,451276792,1,1,3,2,26,6,2,8,1,0,0,0,0,10,E01030396,7,1,1.0,0.0,-1,6,40,1,4,1,19:15,3,1,9
2023501382128,2023,501382128,1,1,3,1,12,3,3,5,2,0,0,0,0,1,E01015149,3,1,0.0,1.0,-1,6,30,1,1,1,15:35,5,1,9
2023010431982,2023,010431982,2,1,1,1,23,5,3,0,0,0,0,0,3,4,E01001285,-1,0,0.0,1.0,-1,6,20,1,1,1,13:45,2,2,3
2023520300892,2023,520300892,2,1,1,1,18,4,2,0,0,0,0,0,3,6,E01029181,-1,0,1.0,0.0,-1,6,30,1,4,1,23:10,5,2,3
2023010476237,2023,010476237,1,1,1,1,38,7,3,0,0,0,0,0,9,4,E01002643,-1,0,0.0,1.0,-1,6,20,2,4,2,18:05,3,2,9
2023201312766,2023,201312766,2,3,2,1,19,4,3,0,0,1,0,0,9,-1,-1,3,1,0.0,1.0,-1,3,30,1,4,2,23:52,6,2,9
2023201321990,2023,201321990,1,1,1,1,24,5,3,0,0,0,0,0,9,1,E01009271,3,1,0.0,1.0,-1,6,30,1,4,1,21:59,1,2,9
2023461278648,2023,461278648,2,2,2,2,29,6,3,0,0,1,0,0,9,1,E01024671,3,1,0.0,1.0,-1,6,30,1,1,1,02:45,5,2,9
2023471380929,2023,471380929,2,2,1,1,75,10,3,0,0,0,0,0,9,6,E01031468,3,1,0.0,1.0,-1,6,30,2,1,1,13:10,5,2,9
2023501362316,2023,501362316,1,1,1,2,18,4,3,0,0,0,0,0,9,5,E01020072,3,1,0.0,1.0,-1,6,40,2,6,2,20:42,2,2,9
2023010459681,2023,010459681,1,1,1,2,34,6,3,0,0,0,0,0,9,3,E01001363,-1,0,0.0,1.0,-1,1,30,8,1,1,09:17,4,2,9
2023010462686,2023,010462686,1,1,1,1,30,6,3,0,0,0,0,0,9,3,E01023954,-1,0,0.0,1.0,-1,1,20,1,1,1,17:30,1,2,9
2023311341814,2023,311341814,1,1,1,2,44,7,3,0,0,0,0,0,9,3,E01027931,3,1,0.0,1.0,-1,1,30,1,1,1,12:38,2,2,9
2023311385707,2023,311385707,2,1,2,1,15,3,3,0,0,1,0,0,9,6,E01028413,3,1,0.0,1.0,-1,7,60,1,1,2,14:25,1,2,9
2023461359567,2023,461359567,1,2,2,1,62,9,3,0,0,1,0,0,9,5,E01024304,3,1,0.0,1.0,-1,7,70,1,1,2,18:13,4,2,9
2023552300535,2023,552300535,1,1,1,1,63,9,3,0,0,0,0,0,9,9,E01032105,-1,0,0.07919,0.92081,-1,6,40,2,1,2,16:26,3,3,9
2023991377169,2023,991377169,2,2,2,2,74,10,3,0,0,1,0,0,9,-1,-1,3,1,0.0,1.0,-1,6,60,1,1,1,12:35,3,2,9
2023010479696,2023,010479696,2,1,1,1,28,6,3,0,0,0,0,0,1,9,E01000808,-1,0,0.0,1.0,-1,1,30,1,1,1,07:30,5,2,1
2023041332259,2023,041332259,2,1,1,1,49,8,3,0,0,0,0,0,1,1,E01025297,3,1,0.0,1.0,-1,6,30,1,1,1,13:02,6,2,1
2023010434454,2023,010434454,1,1,1,1,23,5,3,0,0,0,0,0,1,3,E01004747,-1,0,0.0,1.0,-1,6,20,1,4,1,10:00,6,2,1
2023052300124,2023,052300124,4,2,1,2,-1,-1,3,0,0,0,0,0,9,-1,-1,-1,0,0.03398,0.96602,-1,6,20,1,4,2,22:56,7,4,9
2023201308869,2023,201308869,2,1,2,2,11,3,3,0,0,2,0,0,9,5,E01009230,3,1,0.0,1.0,-1,6,30,1,4,1,21:34,7,2,9
2023070448640,2023,070448640,1,1,3,1,18,4,3,5,3,0,0,0,0,-1,-1,-1,0,0.0844,0.9156,-1,6,60,1,1,1,09:00,6,1,9
2023991273413,2023,991273413,1,1,1,1,22,5,2,0,0,0,0,0,3,-1,-1,7,1,1.0,0.0,-1,6,30,1,4,2,20:30,2,1,3
2023010474131,2023,010474131,1,1,2,2,29,6,3,0,0,0,0,0,4,3,E01002803,-1,0,0.0,1.0,-1,6,20,9,1,1,12:10,5,2,4
2023302300285,2023,302300285,2,1,1,1,33,6,2,0,0,0,0,0,4,2,E01019688,-1,0,1.0,0.0,-1,6,30,1,4,4,05:53,4,2,4
2023421323916,2023,421323916,1,1,1,1,25,5,3,0,0,0,0,0,4,2,E01022056,3,1,0.0,1.0,-1,6,30,2,1,2,08:45,5,2,4
2023161311778,2023,161311778,1,1,1,2,40,7,3,0,0,0,0,0,9,-1,-1,3,1,0.0,1.0,-1,1,60,1,1,1,07:24,4,2,9
2023320315182,2023,320315182,1,1,1,1,72,10,3,0,0,0,0,0,9,9,E01026396,-1,0,0.11396,0.88604,-1,6,30,1,4,1,22:30,3,2,9
2023622300668,2023,622300668,1,1,1,2,43,7,3,0,0,0,0,0,9,3,W01001231,-1,0,0.03495,0.96505,-1,3,40,1,1,1,14:28,3,3,9
2023010439442,2023,010439442,1,1,3,2,79,11,3,5,3,0,0,0,0,3,E01001213,-1,0,0.0,1.0,-1,6,20,1,1,1,15:00,3,1,21
2023161328221,2023,161328221,1,1,1,1,64,9,3,0,0,0,0,0,3,8,E01013098,3,1,0.0,1.0,-1,3,40,1,1,1,19:00,2,2,3
2023070477422,2023,070477422,1,1,1,1,52,8,3,0,0,0,0,0,9,2,E01018640,-1,0,0.05312,0.94688,-1,6,40,1,1,1,17:18,7,2,9
2023201328186,2023,201328186,1,1,1,1,-1,-1,3,0,0,0,0,0,1,2,E01010563,3,1,0.0,1.0,-1,6,30,1,1,1,13:30,5,2,1
2023061304154,2023,061304154,1,2,1,1,49,8,2,0,0,0,0,0,9,-1,-1,5,1,1.0,0.0,-1,6,30,1,1,1,20:13,5,2,9
2023122300345,2023,122300345,1,1,1,1,82,11,3,0,0,0,0,0,9,6,E01020794,-1,0,0.11268,0.88732,-1,6,40,1,1,1,16:22,3,2,9
2023991294630,2023,991294630,1,1,1,2,54,8,3,0,0,0,0,0,9,-1,-1,3,1,0.0,1.0,-1,6,30,1,1,1,14:39,5,2,9
2023231329300,2023,231329300,1,1,3,1,9,2,2,5,3,0,0,0,0,4,E01031026,7,1,1.0,0.0,-1,6,30,1,1,1,20:15,3,1,9
2023061344065,2023,061344065,2,1,1,2,75,10,2,0,0,0,0,0,1,8,E01006130,7,1,1.0,0.0,-1,6,30,1,1,1,08:20,6,2,1
2023010463507,2023,010463507,1,1,1,1,62,9,3,0,0,0,0,0,9,4,E01001497,-1,0,0.0,1.0,-1,6,30,1,1,1,11:00,5,2,9
2023332300948,2023,332300948,2,1,1,2,34,6,3,0,0,0,0,0,9,8,E01025663,-1,0,0.02896,0.97104,-1,6,50,1,1,1,16:30,5,2,9
2023531361607,2023,531361607,1,1,1,1,60,9,3,0,0,0,0,0,9,8,E01032050,3,1,0.0,1.0,-1,6,40,1,1,1,07:40,3,2,9
2023010467102,2023,010467102,1,1,1,2,65,9,3,0,0,0,0,0,9,10,W01000302,-1,0,0.0,1.0,-1,3,70,2,1,2,14:15,1,2,9
2023201413907,2023,201413907,2,2,2,2,48,8,3,0,0,1,0,0,9,1,E01009351,3,1,0.0,1.0,-1,3,30,1,4,1,00:01,7,2,9
2023302301883,2023,302301883,1,1,1,2,-1,-1,3,0,0,0,0,0,9,7,E01025926,-1,0,0.03742,0.96258,-1,3,40,8,1,1,08:30,4,2,9
2023991392827,2023,991392827,2,1,1,2,34,6,3,0,0,0,0,0,9,-1,-1,3,1,0.0,1.0,-1,7,30,2,4,2,18:45,7,2,9
2023340WN5762,2023,340WN5762,1,2,2,1,27,6,3,0,0,2,0,0,9,-1,-1,-1,0,0.04891,0.95109,-1,6,30,1,1,1,13:34,1,2,9
2023371272522,2023,371272522,2,1,1,1,59,9,2,0,0,0,0,0,9,8,E01030173,7,1,1.0,0.0,-1,6,30,1,1,1,13:30,1,2,9
202360A178240,2023,60A178240,1,1,3,2,24,5,3,6,5,0,0,0,0,-1,-1,-1,0,0.13422,0.86578,-1,6,60,1,1,2,14:15,4,1,17
2023991298621,2023,991298621,2,1,1,1,20,4,3,0,0,0,0,0,5,2,-1,3,1,0.0,1.0,-1,6,30,1,1,1,18:10,4,2,5
2023010437432,2023,010437432,1,2,2,-1,7,2,3,0,0,2,0,0,9,6,E01002293,-1,0,0.0,1.0,-1,1,30,2,1,2,16:10,6,1,9
2023010446012,2023,010446012,1,1,1,1,45,7,3,0,0,0,0,0,9,9,E01001567,-1,0,0.0,1.0,-1,6,20,8,1,1,11:10,3,2,9
2023041332807,2023,041332807,2,1,1,1,60,9,3,0,0,0,0,0,9,10,E01025103,3,1,0.0,1.0,-1,3,70,2,1,2,10:50,1,2,9
2023141284899,2023,141284899,1,1,1,1,31,6,2,0,0,0,0,0,9,-1,-1,6,1,1.0,0.0,-1,6,30,3,1,3,11:28,5,1,9
2023501367844,2023,501367844,2,1,1,1,40,7,1,0,0,0,0,0,9,2,E01015190,1,1,0.0,0.0,-1,3,50,1,1,1,17:38,6,2,9
2023010446775,2023,010446775,1,1,1,1,37,7,3,0,0,0,0,0,3,5,E01004056,-1,0,0.0,1.0,-1,3,30,1,1,1,17:50,7,2,3
2023332300307,2023,332300307,1,1,1,2,12,3,3,0,0,0,0,0,-1,1,E01013674,-1,0,0.04989,0.95011,-1,6,30,1,1,1,18:06,2,2,-1
2023010459401,2023,010459401,1,1,3,1,45,7,1,6,9,0,0,0,0,3,E01032581,-1,0,0.0,0.0,-1,6,30,1,1,1,16:32,2,1,19
2023131297073,2023,131297073,1,1,3,1,36,7,3,6,9,0,0,2,0,2,E01011166,3,1,0.0,1.0,-1,3,40,1,4,1,22:05,7,1,19
2023361266588,2023,361266588,1,1,3,1,45,7,3,1,1,0,0,-1,0,9,E01026557,3,1,0.0,1.0,-1,6,30,1,1,1,17:21,7,1,9
2023010428835,2023,010428835,1,1,1,1,52,8,3,0,0,0,0,0,3,2,E01003973,-1,0,0.0,1.0,-1,6,20,1,4,1,19:00,5,2,3
2023010454433,2023,010454433,2,1,1,1,60,9,3,0,0,0,0,0,5,1,E01024659,-1,0,0.0,1.0,-1,1,30,1,1,1,15:45,2,2,5
2023031301147,2023,031301147,2,1,2,2,1,1,3,0,0,2,0,0,9,9,E01019326,3,1,0.0,1.0,-1,6,30,1,1,1,09:37,4,2,9
2023201387447,2023,201387447,1,1,1,1,21,5,3,0,0,0,0,0,9,2,E01010071,3,1,0.0,1.0,-1,6,30,8,4,2,21:19,3,1,9
2023201405948,2023,201405948,2,2,2,2,35,6,3,0,0,-1,0,0,9,2,E01009161,3,1,0.0,1.0,-1,7,40,1,1,1,15:30,4,2,9
2023351312949,2023,351312949,1,2,2,1,50,8,3,0,0,1,0,0,9,6,E01018110,3,1,0.0,1.0,-1,6,60,1,1,1,16:09,7,2,9
2023991384660,2023,991384660,2,1,1,2,31,6,3,0,0,0,0,0,9,5,-1,3,1,0.0,1.0,-1,6,30,2,4,2,17:15,2,2,9
2023311397344,2023,311397344,1,1,2,1,40,7,3,0,0,0,4,0,11,7,E01028405,3,1,0.0,1.0,-1,6,20,1,4,1,18:00,5,2,11
2023122300740,2023,122300740,1,1,1,1,24,5,3,0,0,0,0,0,19,1,E01011433,-1,0,0.0299,0.9701,-1,6,40,1,1,1,14:25,7,2,19
2023010447748,2023,010447748,2,1,1,1,15,3,3,0,0,0,0,0,-1,2,E01001447,-1,0,0.0,1.0,-1,6,40,1,1,1,15:00,5,2,-1
2023010470747,2023,010470747,2,1,1,1,-1,-1,3,0,0,0,0,0,1,-1,-1,-1,0,0.0,1.0,-1,9,20,9,1,9,13:30,1,2,1
2023052301891,2023,052301891,1,1,1,1,81,11,3,0,0,0,0,0,9,1,E01007292,-1,0,0.10078,0.89922,-1,6,30,1,1,1,16:00,4,2,9
2023101350742,2023,101350742,2,6,2,2,74,10,2,0,0,1,0,0,9,1,E01027412,5,1,1.0,0.0,-1,3,50,1,1,1,09:19,6,2,9
2023131354550,2023,131354550,1,1,2,2,36,7,3,0,0,2,0,0,9,2,E01011235,3,1,0.0,1.0,-1,6,40,7,7,2,23:50,1,1,9
2023991292791,2023,991292791,2,1,2,2,59,9,2,0,0,1,0,0,9,4,-1,7,1,1.0,0.0,-1,6,60,1,1,1,14:00,7,2,9
2023501381263,2023,501381263,1,2,1,1,51,8,3,0,0,0,0,0,19,3,E01014622,3,1,0.0,1.0,-1,6,60,1,6,2,07:34,6,2,19
2023401280050,2023,401280050,2,1,1,2,47,8,2,0,0,0,0,0,3,10,E01017402,5,1,1.0,0.0,-1,6,30,1,4,1,21:30,3,2,3
2023311277878,2023,311277878,2,1,1,1,49,8,3,0,0,0,0,0,1,10,E01028388,3,1,0.0,1.0,-1,6,60,1,1,1,07:58,6,2,1
2023461331279,2023,461331279,2,1,1,2,29,6,3,0,0,0,0,0,3,2,E01024391,3,1,0.0,1.0,-1,6,30,2,1,2,08:45,7,2,3
2023052301143,2023,052301143,2,2,1,2,41,7,3,0,0,0,0,0,9,3,E01006627,-1,0,0.04764,0.95236,-1,3,40,1,1,1,11:20,6,3,9
2023231316478,2023,231316478,1,1,1,2,66,10,3,0,0,0,0,0,9,5,E01031132,3,1,0.0,1.0,-1,6,30,1,1,1,15:06,3,1,9
2023320196319,2023,320196319,2,1,1,1,65,9,3,0,0,0,0,0,9,4,E01026057,-1,0,0.05107,0.94893,-1,6,60,1,1,1,14:00,2,2,9
2023440483363,2023,440483363,2,2,1,2,59,9,3,0,0,0,0,0,9,9,E01018528,-1,0,0.12557,0.87443,-1,3,70,1,6,1,00:38,1,2,9
2023211331454,2023,211331454,1,1,1,1,21,5,2,0,0,0,0,0,3,3,E01014240,5,1,1.0,0.0,-1,9,30,1,1,1,20:40,4,1,3
2023010443417,2023,010443417,1,1,2,2,72,10,3,0,0,0,3,0,11,6,E01004481,-1,0,0.0,1.0,-1,2,20,1,1,1,12:33,3,2,11
2023161277910,2023,161277910,1,1,1,1,35,6,3,0,0,0,0,0,9,1,E01013204,3,1,0.0,1.0,-1,6,30,1,1,2,15:20,4,2,9
2023161304324,2023,161304324,2,4,1,1,-1,-1,3,0,0,0,0,0,9,-1,-1,3,1,0.0,1.0,-1,6,30,1,1,1,16:37,2,3,9
2023201393238,2023,201393238,2,1,1,1,41,7,3,0,0,0,0,0,9,1,E01010455,3,1,0.0,1.0,-1,1,30,2,4,2,01:49,1,2,9
2023351298803,2023,351298803,2,1,1,2,61,9,3,0,0,0,0,0,9,10,E01018305,3,1,0.0,1.0,-1,6,30,1,1,1,09:30,5,2,9
2023401305352,2023,401305352,1,2,2,1,17,4,3,0,0,-1,0,0,9,3,E01017500,3,1,0.0,1.0,-1,6,30,8,7,1,02:41,7,3,9
2023440271500,2023,440271500,2,1,1,2,21,5,3,0,0,0,0,0,9,9,E01022947,-1,0,0.09767,0.90233,-1,6,60,1,4,1,21:25,5,2,9
2023552300300,2023,552300300,2,2,1,2,39,7,3,0,0,0,0,0,9,4,E01020578,-1,0,0.01483,0.98517,-1,6,30,2,1,2,08:29,5,2,9
202363D027123,2023,63D027123,1,1,1,1,39,7,3,0,0,0,0,0,5,-1,-1,-1,0,0.28774,0.71226,-1,6,60,1,1,2,15:55,5,1,5
2023010419480,2023,010419480,2,1,1,1,36,7,3,0,0,0,0,0,3,4,E01004572,-1,0,0.0,1.0,-1,1,40,2,1,2,09:00,3,2,3
2023221315459,2023,221315459,2,1,1,1,24,5,3,0,0,0,0,0,4,4,E01032342,3,1,0.0,1.0,-1,6,30,1,1,1,14:54,2,2,4
2023170L20143,2023,170L20143,1,1,2,1,26,6,3,0,0,2,0,0,8,1,E01033470,-1,0,0.01263,0.98737,-1,6,30,1,1,1,11:00,4,2,8
2023471327689,2023,471327689,2,1,2,2,-1,-1,3,0,0,0,4,0,11,-1,-1,3,1,0.0,1.0,-1,6,30,1,1,1,13:00,4,2,11
2023421264307,2023,421264307,1,1,1,1,33,6,3,0,0,0,0,0,9,-1,-1,3,1,0.0,1.0,-1,6,50,1,1,4,08:45,3,2,9
2023547036023,2023,547036023,2,1,1,2,48,8,3,0,0,0,0,0,9,8,E01015472,-1,0,0.01157,0.98843,-1,3,40,1,1,1,16:14,4,2,9
2023070924643,2023,070924643,1,1,3,2,35,6,1,10,9,0,0,0,0,10,E01018410,-1,0,0.0,0.0,-1,6,30,1,4,1,02:08,1,1,19
2023501314037,2023,501314037,1,1,3,2,19,4,3,1,9,0,0,0,0,5,E01015135,3,1,0.0,1.0,-1,6,30,1,1,1,05:26,6,1,9
2023440089585,2023,440089585,2,1,1,2,15,3,3,0,0,0,0,0,-1,1,E01017038,-1,0,0.09785,0.90215,-1,6,20,1,1,1,11:08,1,2,-1
2023010454995,2023,010454995,1,1,3,1,31,6,2,6,9,0,0,0,0,3,E01021300,-1,0,1.0,0.0,-1,9,30,1,1,1,03:00,3,1,9
2023411310171,2023,411310171,1,1,1,1,73,10,3,0,0,0,0,0,1,9,E01023509,3,1,0.0,1.0,-1,3,50,1,4,-1,22:20,5,1,1
2023131305883,2023,131305883,2,1,1,1,33,6,3,0,0,0,0,0,5,9,E01027899,3,1,0.0,1.0,-1,6,50,1,1,1,17:48,3,3,5
2023430508259,2023,430508259,2,1,1,2,69,10,3,0,0,0,0,0,1,10,E01028823,-1,0,0.03136,0.96864,-1,6,40,1,1,1,13:01,7,2,1
2023991296698,2023,991296698,1,1,1,1,64,9,2,0,0,0,0,0,1,10,-1,5,1,1.0,0.0,-1,6,60,1,1,1,10:15,6,1,1
2023010456621,2023,010456621,1,1,1,1,26,6,3,0,0,0,0,0,3,5,E01030980,-1,0,0.0,1.0,-1,6,20,9,1,9,09:53,5,2,3
2023010451748,2023,010451748,1,1,1,1,38,7,3,0,0,0,0,0,8,6,E01003693,-1,0,0.0,1.0,-1,3,50,1,1,1,16:50,2,2,8
2023010478349,2023,010478349,1,1,1,-1,30,6,3,0,0,0,0,0,3,2,E01003947,-1,0,0.0,1.0,-1,9,30,9,1,9,16:20,3,2,3
2023010436218,2023,010436218,1,2,3,1,28,6,2,6,9,0,0,0,0,1,E01004248,-1,0,1.0,0.0,-1,7,20,2,1,2,15:26,5,2,9
2023622300221,2023,622300221,1,1,1,1,21,5,2,0,0,0,0,0,19,2,W01000818,-1,0,1.0,0.0,-1,6,30,1,4,1,21:18,3,1,19
2023552301285,2023,552301285,1,1,3,1,66,10,2,6,9,0,0,0,0,5,E01015380,-1,0,1.0,0.0,-1,6,30,1,4,1,10:45,6,1,9
2023010478477,2023,010478477,1,1,1,1,42,7,3,0,0,0,0,0,3,2,E01004284,-1,0,0.0,1.0,-1,6,20,1,1,1,11:15,4,2,3
2023010422390,2023,010422390,2,1,1,1,32,6,3,0,0,0,0,0,9,7,E01000241,-1,0,0.0,1.0,-1,3,50,1,4,1,19:20,5,5,9
2023531293368,2023,531293368,1,5,2,2,4,1,2,0,0,2,0,0,9,3,E01022121,7,1,1.0,0.0,-1,6,60,1,1,2,11:30,1,4,9
202360A100535,2023,60A100535,2,1,1,1,51,8,3,0,0,0,0,0,9,-1,-1,-1,0,0.01712,0.98288,-1,1,30,1,1,1,12:26,3,2,9
2023061335191,2023,061335191,2,1,1,1,56,9,2,0,0,0,0,0,-1,3,E01006272,6,1,1.0,0.0,-1,6,30,1,1,1,07:00,7,2,-1
2023010437491,2023,010437491,1,1,3,1,23,5,3,8,1,0,0,0,0,10,E01030396,-1,0,0.0,1.0,-1,6,20,8,4,2,03:00,7,1,9
2023010455676,2023,010455676,1,1,3,2,34,6,3,10,9,0,0,0,0,2,E01004237,-1,0,0.0,1.0,-1,9,30,9,1,9,15:45,2,1,9
2023361393221,2023,361393221,1,2,3,1,-1,-1,3,10,9,0,0,0,0,-1,-1,3,1,0.0,1.0,-1,6,30,2,1,2,10:00,4,1,9
2023101260085,2023,101260085,1,1,1,1,55,8,3,0,0,0,0,0,-1,-1,-1,3,1,0.0,1.0,-1,1,30,1,4,1,16:50,4,2,-1
2023041380892,2023,041380892,2,3,2,2,21,5,3,0,0,1,0,0,9,1,E01012675,3,1,0.0,1.0,-1,6,30,1,4,1,15:23,1,2,9
2023361361498,2023,361361498,1,1,2,1,16,4,3,0,0,1,0,0,9,6,E01026512,3,1,0.0,1.0,-1,6,60,1,6,1,20:20,3,1,9
2023451280293,2023,451280293,2,1,1,1,63,9,3,0,0,0,0,0,9,10,E01030810,3,1,0.0,1.0,-1,6,50,1,4,1,23:05,6,3,9
2023501338987,2023,501338987,3,2,1,1,68,10,3,0,0,0,0,0,9,4,E01018988,3,1,0.0,1.0,-1,3,70,1,1,1,10:20,6,3,9
2023201318858,2023,201318858,1,1,3,2,46,8,3,4,3,0,0,2,0,5,E01002221,3,1,0.0,1.0,-1,6,30,1,1,1,18:15,7,1,9
2023131345759,2023,131345759,2,1,1,1,12,3,3,0,0,0,0,0,1,4,E01011891,3,1,0.0,1.0,-1,6,30,1,1,1,13:27,7,2,1
2023201413902,2023,201413902,2,1,1,2,32,6,3,0,0,0,0,0,1,8,E01010192,3,1,0.0,1.0,-1,6,30,1,1,1,13:35,7,2,1
2023430225194,2023,430225194,1,1,1,1,13,3,3,0,0,0,0,0,1,8,E01016186,-1,0,0.03974,0.96026,-1,6,30,1,1,1,15:09,2,2,1
2023010465878,2023,010465878,1,1,1,1,28,6,3,0,0,0,0,0,3,6,E01000220,-1,0,0.0,1.0,-1,6,20,1,1,1,08:24,5,2,3
2023161296027,2023,161296027,1,1,3,2,53,8,3,9,7,0,0,2,0,1,E01013138,3,1,0.0,1.0,-1,6,20,5,4,2,20:22,3,1,9
2023201339270,2023,201339270,1,1,3,2,15,3,3,1,4,0,0,0,0,1,E01010060,3,1,0.0,1.0,-1,6,20,1,1,1,18:37,5,1,9
2023211357775,2023,211357775,1,1,2,2,70,10,2,0,0,0,0,0,19,-1,-1,6,1,1.0,0.0,-1,3,70,1,1,1,14:31,6,2,19
2023010430139,2023,010430139,1,1,3,2,33,6,3,4,9,0,0,0,0,5,E01000564,-1,0,0.0,1.0,-1,6,30,1,4,1,19:28,5,1,3
2023552300960,2023,552300960,1,1,3,1,8,2,3,8,1,0,0,0,0,1,E01013653,-1,0,0.12365,0.87635,-1,6,30,1,1,1,17:41,7,1,9
2023010427221,2023,010427221,1,1,1,1,40,7,3,0,0,0,0,0,1,4,E01000621,-1,0,0.0,1.0,-1,9,20,8,4,1,05:13,3,2,1
2023122300295,2023,122300295,1,1,1,2,37,7,3,0,0,0,0,0,9,5,E01027785,-1,0,0.02805,0.97195,-1,6,40,1,1,1,07:28,6,2,9
2023170M10103,2023,170M10103,1,1,1,1,35,6,3,0,0,0,0,0,9,1,E01033469,-1,0,0.04873,0.95127,-1,6,30,1,1,1,09:30,4,2,9
2023302301440,2023,302301440,1,1,1,1,51,8,3,0,0,0,0,0,9,7,E01029471,-1,0,0.08893,0.91107,-1,6,50,1,1,1,12:00,7,2,9
2023340NN0682,2023,340NN0682,1,2,1,1,63,9,3,0,0,0,0,0,9,4,E01027061,-1,0,0.11062,0.88938,-1,6,60,7,1,2,07:30,3,2,9
2023351354675,2023,351354675,1,6,2,1,22,5,3,0,0,2,0,0,9,9,E01018153,3,1,0.0,1.0,-1,6,30,2,6,2,00:51,7,1,9
2023421259764,2023,421259764,1,3,2,1,16,4,2,0,0,1,0,0,9,-1,-1,6,1,1.0,0.0,-1,3,40,1,4,1,00:25,5,1,9
2023421263770,2023,421263770,1,1,1,1,39,7,3,0,0,0,0,0,9,4,E01015874,3,1,0.0,1.0,-1,3,50,6,4,2,07:00,2,3,9
2023991375481,2023,991375481,4,2,1,1,41,7,3,0,0,0,0,0,9,6,-1,3,1,0.0,1.0,-1,6,60,1,1,1,07:14,2,4,9
2023070000398,2023,070000398,1,1,1,1,55,8,2,0,0,0,0,0,9,-1,-1,-1,0,1.0,0.0,-1,6,40,1,1,1,12:44,6,2,9
2023170S21833,2023,170S21833,1,1,1,1,34,6,3,0,0,0,0,0,9,7,E01020830,-1,0,0.07162,0.92838,-1,6,50,1,1,1,17:45,4,2,9
2023201301450,2023,201301450,1,1,1,2,21,5,3,0,0,0,0,0,9,2,E01009257,3,1,0.0,1.0,-1,3,30,1,4,2,00:10,3,2,9
2023440268107,2023,440268107,2,1,1,2,36,7,3,0,0,0,0,0,9,-1,-1,-1,0,0.05126,0.94874,-1,6,40,2,1,2,17:32,3,2,9
2023991394145,2023,991394145,3,1,1,1,25,5,2,0,0,0,0,0,9,-1,-1,7,1,1.0,0.0,-1,3,70,2,1,2,10:19,7,3,9
2023101379675,2023,101379675,1,1,1,1,36,7,3,0,0,0,0,0,9,1,E01033075,3,1,0.0,1.0,-1,6,30,2,4,2,18:00,2,2,9
2023440287372,2023,440287372,2,2,2,2,14,3,3,0,0,2,0,0,9,3,E01017184,-1,0,0.01161,0.98839,-1,6,30,1,1,2,15:04,2,3,9