collision_index,collision_year,collision_ref_no,vehicle_reference,casualty_reference,casualty_class,sex_of_casualty,age_of_casualty,age_band_of_casualty,casualty_severity,pedestrian_location,pedestrian_movement,car_passenger,bus_or_coach_passenger,pedestrian_road_maintenance_worker,casualty_type,casualty_imd_decile,lsoa_of_casualty,enhanced_casualty_severity,casualty_injury_based,casualty_adjusted_severity_serious,casualty_adjusted_severity_slight,casualty_distance_banding,road_type,speed_limit,weather_conditions,light_conditions,road_surface_conditions,time,day_of_week,number_of_vehicles,vehicle_type
2023440223131,2023,440223131,2,1,1,1,36,7,2,0,0,0,0,0,1,3,E01017191,-1,0,1.0,0.0,-1,6,30,1,1,1,16:15,2,2,1
2023545782223,2023,545782223,1,1,1,1,17,4,3,0,0,0,0,0,2,8,E01031940,-1,0,0.05187,0.94813,-1,6,30,1,1,1,15:55,6,2,2
2023141336552,2023,141336552,1,1,2,1,13,3,2,0,0,2,0,0,9,-1,-1,7,1,1.0,0.0,-1,6,30,2,6,2,23:43,1,2,9
2023201289293,2023,201289293,2,1,1,1,76,11,3,0,0,0,0,0,9,3,E01009315,3,1,0.0,1.0,-1,6,30,1,1,1,09:10,3,2,9
2023320002379,2023,320002379,1,1,1,1,17,4,3,0,0,0,0,0,9,7,E01026053,-1,0,0.09164,0.90836,-1,6,60,2,6,2,01:00,1,1,9
2023340NN1782,2023,340NN1782,1,1,1,1,30,6,3,0,0,0,0,0,9,3,E01027312,-1,0,0.06623,0.93377,-1,6,60,1,1,1,08:00,4,2,9
2023461392553,2023,461392553,2,1,1,1,28,6,3,0,0,0,0,0,9,7,E01024726,3,1,0.0,1.0,-1,6,30,1,4,2,20:20,4,2,9
2023610041923,2023,610041923,2,1,1,2,24,5,3,0,0,0,0,0,9,1,W01001857,-1,0,0.03931,0.96069,-1,3,50,1,4,1,20:29,3,2,9
2023161390914,2023,161390914,1,1,2,2,79,11,3,0,0,0,4,0,11,-1,-1,3,1,0.0,1.0,-1,6,40,9,1,1,12:44,2,1,11
2023010463326,2023,010463326,2,1,1,1,81,11,3,0,0,0,0,0,1,2,E01004068,-1,0,0.0,1.0,-1,6,30,1,4,1,20:05,4,2,1
2023221362194,2023,221362194,2,2,1,1,39,7,3,0,0,0,0,0,5,3,E01032478,3,1,0.0,1.0,-1,6,60,1,1,1,13:02,7,2,5
2023461297982,2023,461297982,1,1,1,1,30,6,3,0,0,0,0,0,9,10,E01024353,3,1,0.0,1.0,-1,3,70,1,1,1,18:24,3,1,9
2023461303984,2023,461303984,1,1,1,1,41,7,2,0,0,0,0,0,9,3,E01016016,7,1,1.0,0.0,-1,6,30,1,4,1,03:19,7,1,9
2023161378723,2023,161378723,1,1,1,1,27,6,3,0,0,0,0,0,9,-1,-1,3,1,0.0,1.0,-1,6,60,1,6,1,23:50,6,1,9
2023201339289,2023,201339289,2,1,1,2,28,6,3,0,0,0,0,0,9,6,E01008965,3,1,0.0,1.0,-1,6,30,1,1,1,17:55,5,2,9
2023340WN6342,2023,340WN6342,2,2,1,1,42,7,3,0,0,0,0,0,9,8,E01032975,-1,0,0.04478,0.95522,-1,3,40,2,4,2,07:15,3,2,9
202354A328923,2023,54A328923,1,1,1,2,44,7,3,0,0,0,0,0,9,6,E01032076,-1,0,0.04939,0.95061,-1,6,60,1,1,1,08:54,6,2,9
2023201425557,2023,201425557,1,1,3,2,72,10,3,5,2,0,0,0,0,6,E01009737,3,1,0.0,1.0,-1,6,30,1,1,1,08:32,2,1,9
2023101388877,2023,101388877,2,2,1,1,74,10,3,0,0,0,0,0,9,2,E01027443,3,1,0.0,1.0,-1,6,60,1,6,2,15:50,5,2,9
2023501288003,2023,501288003,1,1,2,2,87,11,3,0,0,1,0,0,9,4,E01020217,3,1,0.0,1.0,-1,6,40,2,4,2,19:40,6,2,9
2023631313079,2023,631313079,1,2,2,2,18,4,3,0,0,1,0,0,9,10,W01000868,3,1,0.0,1.0,-1,6,60,1,1,1,17:48,3,2,9
2023991293751,2023,991293751,1,2,2,1,17,4,3,0,0,2,0,0,9,7,-1,3,1,0.0,1.0,-1,6,60,1,1,1,18:30,3,1,9
2023131277386,2023,131277386,1,1,2,2,43,7,3,0,0,0,4,0,11,1,E01010850,3,1,0.0,1.0,-1,6,30,1,1,1,10:24,5,2,11
2023010419750,2023,010419750,1,1,3,2,71,10,3,6,9,0,0,0,0,9,E01002256,-1,0,0.0,1.0,-1,6,30,1,1,1,10:56,5,1,9
2023401386675,2023,401386675,1,1,3,1,26,6,3,1,9,0,0,0,0,2,E01017601,3,1,0.0,1.0,-1,6,30,9,7,-1,07:00,5,1,9
2023430430455,2023,430430455,2,2,2,2,75,10,3,0,0,1,0,0,9,6,E01015555,-1,0,0.07109,0.92891,-1,3,70,1,1,1,14:15,2,2,9
2023440500279,2023,440500279,1,1,1,1,29,6,3,0,0,0,0,0,9,4,E01017159,-1,0,0.04753,0.95247,-1,6,30,2,4,2,16:55,5,2,9
2023010469205,2023,010469205,1,1,2,-1,-1,-1,3,0,0,1,0,0,9,7,E01027031,-1,0,0.0,1.0,-1,3,20,1,1,1,15:30,7,2,9
2023131391412,2023,131391412,2,1,1,2,24,5,3,0,0,0,0,0,9,-1,-1,3,1,0.0,1.0,-1,1,30,2,4,2,16:44,3,2,9
2023421278994,2023,421278994,2,1,1,2,36,7,3,0,0,0,0,0,9,6,E01022090,3,1,0.0,1.0,-1,6,60,1,6,1,19:27,3,2,9
2023010478839,2023,010478839,2,3,2,2,10,2,3,0,0,2,0,0,9,2,E01033702,-1,0,0.0,1.0,-1,6,20,1,4,2,19:42,7,2,9
2023421351981,2023,421351981,1,1,1,2,35,6,3,0,0,0,0,0,9,3,E01002325,3,1,0.0,1.0,-1,6,40,1,1,1,07:20,3,2,9
2023440000905,2023,440000905,2,1,1,1,22,5,3,0,0,0,0,0,9,7,E01015022,-1,0,0.06538,0.93462,-1,6,40,2,4,2,19:42,1,2,9
2023991387287,2023,991387287,1,2,1,1,23,5,3,0,0,0,0,0,9,-1,-1,3,1,0.0,1.0,-1,6,30,2,1,2,07:50,3,2,9
2023010474623,2023,010474623,1,1,1,1,21,5,3,0,0,0,0,0,4,6,E01002126,-1,0,0.0,1.0,-1,1,30,2,4,2,01:15,1,2,4
2023010439941,2023,010439941,1,2,3,2,6,2,3,1,9,0,0,0,0,-1,-1,-1,0,0.0,1.0,-1,6,20,1,1,2,09:00,6,1,9
2023010462209,2023,010462209,1,1,3,1,25,5,3,5,9,0,0,0,0,5,E01001685,-1,0,0.0,1.0,-1,6,30,8,1,1,17:15,5,1,9
2023311310765,2023,311310765,1,1,2,2,18,4,3,0,0,1,0,0,9,5,E01028022,3,1,0.0,1.0,-1,6,30,1,6,1,23:30,3,1,9
2023311368497,2023,311368497,2,1,1,2,61,9,3,0,0,0,0,0,9,9,E01028061,3,1,0.0,1.0,-1,6,30,1,1,2,09:18,2,2,9
2023411313599,2023,411313599,2,2,1,2,56,9,3,0,0,0,0,0,9,7,E01023663,3,1,0.0,1.0,-1,6,60,1,1,1,08:45,6,2,9
2023440278182,2023,440278182,2,2,2,2,35,6,3,0,0,2,0,0,9,10,E01022595,-1,0,0.02965,0.97035,-1,6,30,1,1,1,13:00,3,2,9
2023161348470,2023,161348470,1,1,2,2,83,11,3,0,0,0,3,0,11,-1,-1,3,1,0.0,1.0,-1,6,30,3,1,2,10:50,6,1,11
2023320534385,2023,320534385,3,1,2,2,52,8,3,0,0,1,0,0,9,6,E01026380,-1,0,0.01923,0.98077,-1,6,30,1,1,1,11:07,2,3,9
2023421353379,2023,421353379,1,4,2,2,21,5,2,0,0,2,0,0,9,7,E01022087,5,1,1.0,0.0,-1,6,60,1,6,1,22:17,1,1,9
2023471281812,2023,471281812,1,1,1,1,24,5,3,0,0,0,0,0,9,10,E01031737,3,1,0.0,1.0,-1,6,30,1,1,2,09:14,4,1,9
2023552300733,2023,552300733,1,1,1,1,58,9,3,0,0,0,0,0,9,7,E01020392,-1,0,0.06502,0.93498,-1,6,40,1,6,1,22:08,3,2,9
2023010454760,2023,010454760,2,2,1,2,30,6,3,0,0,0,0,0,9,7,E01003395,-1,0,0.0,1.0,-1,6,30,1,1,1,11:50,4,2,9
2023041301930,2023,041301930,2,5,2,1,13,3,3,0,0,2,0,0,9,1,E01024895,3,1,0.0,1.0,-1,6,30,1,4,1,23:50,7,2,9
2023211334579,2023,211334579,1,1,1,2,53,8,3,0,0,0,0,0,9,5,E01014018,3,1,0.0,1.0,-1,3,70,1,1,1,13:26,6,1,9
2023991370953,2023,991370953,1,1,1,1,68,10,3,0,0,0,0,0,9,-1,-1,3,1,0.0,1.0,-1,6,60,1,6,1,18:15,1,2,9
2023411394025,2023,411394025,1,1,3,1,17,4,3,5,1,0,0,0,0,8,E01033029,3,1,0.0,1.0,-1,6,60,1,1,1,14:50,2,1,9
2023451319259,2023,451319259,2,1,1,1,18,4,3,0,0,0,0,0,3,5,E01030983,3,1,0.0,1.0,-1,6,50,1,1,1,15:57,3,2,3
2023041327125,2023,041327125,5,6,2,2,49,8,3,0,0,1,0,0,9,5,E01012664,3,1,0.0,1.0,-1,6,20,1,1,1,11:13,6,5,9
2023471289978,2023,471289978,2,1,1,2,61,9,3,0,0,0,0,0,9,8,E01031518,3,1,0.0,1.0,-1,6,60,4,1,1,12:25,5,2,9
2023471326232,2023,471326232,1,1,1,1,17,4,2,0,0,0,0,0,97,5,E01031370,5,1,1.0,0.0,-1,6,30,1,1,1,08:25,4,1,97
2023010465154,2023,010465154,1,1,1,1,28,6,3,0,0,0,0,0,1,3,E01002701,-1,0,0.0,1.0,-1,1,20,1,1,1,18:30,6,2,1
2023440125598,2023,440125598,2,1,1,1,34,6,3,0,0,0,0,0,1,4,E01017211,-1,0,0.14442,0.85558,-1,6,30,1,1,1,08:41,5,2,1
2023440527579,2023,440527579,1,1,1,1,21,5,2,0,0,0,0,0,1,2,E01017140,-1,0,1.0,0.0,-1,6,30,1,4,1,22:42,4,2,1
2023010457873,2023,010457873,1,1,1,2,27,6,3,0,0,0,0,0,9,5,E01000067,-1,0,0.0,1.0,-1,6,20,1,1,1,16:15,7,2,9
2023361375896,2023,361375896,2,1,1,2,21,5,3,0,0,0,0,0,9,4,E01026759,3,1,0.0,1.0,-1,6,30,1,4,1,21:00,6,2,9
2023471337138,2023,471337138,2,1,1,2,59,9,3,0,0,0,0,0,9,8,E01021214,3,1,0.0,1.0,-1,6,30,2,1,2,13:05,2,2,9
2023041347504,2023,041347504,1,3,1,1,53,8,3,0,0,0,0,0,19,1,E01005087,3,1,0.0,1.0,-1,3,70,1,1,1,13:15,5,4,19
2023991360854,2023,991360854,1,1,3,2,24,5,2,1,3,0,0,0,0,5,-1,5,1,1.0,0.0,-1,6,30,8,4,2,00:11,2,1,9
2023545364123,2023,545364123,1,1,2,2,19,4,3,0,0,1,0,0,9,1,E01015545,-1,0,0.09329,0.90671,-1,3,40,1,4,1,03:20,1,1,9
2023211359204,2023,211359204,2,1,1,2,54,8,3,0,0,0,0,0,16,-1,-1,3,1,0.0,1.0,-1,6,60,1,1,-1,13:00,1,2,16
2023070916763,2023,070916763,1,3,2,1,55,8,3,0,0,1,0,0,9,-1,-1,-1,0,0.04974,0.95026,-1,3,60,2,1,2,13:20,6,2,9
2023501295541,2023,501295541,1,1,1,1,18,4,3,0,0,0,0,0,9,8,E01018792,3,1,0.0,1.0,-1,3,70,5,1,2,16:04,3,1,9
2023201341312,2023,201341312,2,2,1,2,62,9,3,0,0,0,0,0,9,3,E01008945,3,1,0.0,1.0,-1,6,30,1,1,1,08:31,2,2,9
2023302300078,2023,302300078,1,1,1,2,44,7,3,0,0,0,0,0,9,8,E01019757,-1,0,0.00588,0.99412,-1,6,30,1,1,2,08:55,5,2,9
2023311309730,2023,311309730,2,1,1,1,49,8,3,0,0,0,0,0,1,9,E01028054,3,1,0.0,1.0,-1,1,70,1,1,1,11:50,7,2,1
2023010447637,2023,010447637,2,1,1,2,34,6,2,0,0,0,0,0,1,6,E01003273,-1,0,1.0,0.0,-1,6,20,1,4,1,20:30,4,2,1
2023010459097,2023,010459097,2,3,2,1,26,6,3,0,0,1,0,0,9,-1,-1,-1,0,0.0,1.0,-1,3,30,2,1,2,13:05,7,2,9
2023141351518,2023,141351518,1,5,2,1,47,8,3,0,0,1,0,0,9,6,E01011228,3,1,0.0,1.0,-1,6,30,1,1,1,19:00,1,2,9
2023131360825,2023,131360825,2,1,1,1,22,5,2,0,0,0,0,0,90,7,E01027677,7,1,1.0,0.0,-1,3,40,1,4,1,22:30,1,2,90
2023010454227,2023,010454227,1,1,1,2,27,6,3,0,0,0,0,0,9,2,E01000028,-1,0,0.0,1.0,-1,2,20,1,1,1,21:05,1,2,9
2023131301251,2023,131301251,2,2,2,1,5,1,3,0,0,2,0,0,9,1,E01010676,3,1,0.0,1.0,-1,6,30,1,1,1,08:55,3,2,9
2023401353534,2023,401353534,2,2,1,2,53,8,3,0,0,0,0,0,9,5,E01015748,3,1,0.0,1.0,-1,6,60,1,1,1,10:37,7,2,9
2023991327405,2023,991327405,2,1,2,1,39,7,3,0,0,1,0,0,9,-1,-1,3,1,0.0,1.0,-1,3,30,1,4,1,03:03,1,2,9
2023010433405,2023,010433405,2,1,1,1,25,5,3,0,0,0,0,0,3,2,E01032562,-1,0,0.0,1.0,-1,3,20,1,1,1,12:45,3,2,3
2023010422640,2023,010422640,1,1,3,2,28,6,3,3,1,0,0,0,0,2,E01002716,-1,0,0.0,1.0,-1,6,20,1,1,1,09:38,7,1,9
2023631350647,2023,631350647,1,1,1,1,52,8,3,0,0,0,0,0,5,5,W01001164,3,1,0.0,1.0,-1,6,60,1,1,1,09:37,3,1,5
2023361330043,2023,361330043,2,3,2,2,68,10,3,0,0,2,0,0,9,3,E01026639,3,1,0.0,1.0,-1,6,60,1,1,1,08:04,2,4,9
2023411283569,2023,411283569,1,2,1,2,40,7,3,0,0,0,0,0,9,-1,-1,3,1,0.0,1.0,-1,3,70,1,1,1,13:00,6,3,9
2023440044492,2023,440044492,1,2,2,1,88,11,3,0,0,1,0,0,9,6,E01031507,-1,0,0.14374,0.85626,-1,3,50,1,1,1,10:55,5,2,9
2023440358338,2023,440358338,1,1,2,2,12,3,3,0,0,1,0,0,9,7,E01022592,-1,0,0.03234,0.96766,-1,6,30,1,1,1,08:13,2,2,9
2023531369162,2023,531369162,2,1,1,2,60,9,3,0,0,0,0,0,9,10,E01022172,3,1,0.0,1.0,-1,6,30,1,4,2,21:40,2,2,9
2023610033823,2023,610033823,2,1,1,2,38,7,3,0,0,0,0,0,9,3,W01001454,-1,0,0.01608,0.98392,-1,1,30,1,1,1,09:12,2,2,9
2023010424917,2023,010424917,1,1,2,1,55,8,3,0,0,0,4,0,11,1,E01002713,-1,0,0.0,1.0,-1,3,20,1,1,1,12:30,5,2,11
2023010443195,2023,010443195,1,1,1,1,40,7,3,0,0,0,0,0,9,3,E01003585,-1,0,0.0,1.0,-1,1,30,1,1,1,09:09,3,2,9
2023311345704,2023,311345704,1,1,1,1,55,8,3,0,0,0,0,0,9,6,E01027970,3,1,0.0,1.0,-1,6,40,1,1,1,09:19,6,2,9
2023471283057,2023,471283057,1,1,1,2,25,5,2,0,0,0,0,0,9,10,E01031702,7,1,1.0,0.0,-1,6,60,1,1,1,15:24,7,1,9
2023440306537,2023,440306537,3,1,1,2,6,2,3,0,0,0,0,0,1,10,E01022581,-1,0,0.12139,0.87861,-1,6,30,1,1,2,14:52,1,3,1
2023010441614,2023,010441614,1,1,1,2,41,7,3,0,0,0,0,0,9,-1,-1,-1,0,0.0,1.0,-1,1,30,1,1,1,11:22,1,2,9
2023451325288,2023,451325288,1,1,1,1,59,9,1,0,0,0,0,0,9,10,E01030463,1,1,0.0,0.0,-1,6,60,1,1,1,05:45,2,1,9
2023501311541,2023,501311541,2,1,2,2,41,7,3,0,0,1,0,0,9,4,E01018894,3,1,0.0,1.0,-1,6,40,1,1,1,18:40,5,2,9
202363A017523,2023,63A017523,2,2,2,2,10,2,3,0,0,1,0,0,9,8,W01000676,-1,0,0.01154,0.98846,-1,6,60,1,1,1,15:55,4,2,9
2023201322711,2023,201322711,1,1,1,1,33,6,3,0,0,0,0,0,9,-1,-1,3,1,0.0,1.0,-1,3,30,1,1,1,19:33,5,1,9
2023302301799,2023,302301799,2,1,1,2,49,8,3,0,0,0,0,0,9,6,E01019882,-1,0,0.02492,0.97508,-1,6,30,1,4,1,19:10,6,2,9
2023351305241,2023,351305241,1,1,1,1,34,6,3,0,0,0,0,0,19,6,E01023943,3,1,0.0,1.0,-1,6,30,1,1,2,10:09,5,2,19
2023031304840,2023,031304840,1,1,3,1,15,3,2,9,9,0,0,0,0,-1,-1,7,1,1.0,0.0,-1,6,60,1,1,1,12:15,1,1,9
2023201414776,2023,201414776,1,1,3,1,56,9,3,6,9,0,0,2,0,1,E01009325,3,1,0.0,1.0,-1,6,30,1,4,1,16:47,4,1,9
2023311351761,2023,311351761,1,1,3,2,30,6,3,6,9,0,0,0,0,1,E01027974,3,1,0.0,1.0,-1,9,20,2,1,2,09:22,3,1,19
2023122400166,2023,122400166,2,1,1,1,33,6,3,0,0,0,0,0,1,7,E01013364,-1,0,0.05812,0.94188,-1,6,30,2,4,2,18:58,5,2,1
2023332300341,2023,332300341,2,1,1,1,40,7,3,0,0,0,0,0,1,5,E01025920,-1,0,0.05486,0.94514,-1,6,30,1,6,1,21:30,5,2,1
2023010428318,2023,010428318,2,5,2,1,21,5,3,0,0,2,0,0,9,1,E01032513,-1,0,0.0,1.0,-1,6,20,1,4,1,21:59,2,2,9
2023201290715,2023,201290715,1,1,1,1,20,4,3,0,0,0,0,0,9,1,E01009339,3,1,0.0,1.0,-1,9,30,2,4,2,19:52,3,3,9
2023501327920,2023,501327920,2,1,2,2,35,6,3,0,0,1,0,0,9,2,E01022906,3,1,0.0,1.0,-1,6,60,2,1,2,15:34,2,2,9
2023631390816,2023,631390816,1,1,1,2,18,4,2,0,0,0,0,0,9,6,W01000701,7,1,1.0,0.0,-1,6,60,2,6,2,20:45,4,1,9
2023440450872,2023,440450872,1,1,3,1,19,4,3,9,8,0,0,0,0,8,E01023049,-1,0,0.22568,0.77432,-1,6,60,2,6,2,05:49,7,1,9
2023201344603,2023,201344603,2,1,1,1,45,7,3,0,0,0,0,0,1,5,E01009023,3,1,0.0,1.0,-1,1,30,1,1,1,07:09,5,2,1
2023041307640,2023,041307640,1,3,2,1,16,4,2,0,0,2,0,0,9,3,E01025269,7,1,1.0,0.0,-1,6,40,1,1,1,17:37,7,6,9
2023520300796,2023,520300796,2,2,2,2,9,2,2,0,0,2,0,0,9,5,E01032113,-1,0,1.0,0.0,-1,6,30,1,4,1,18:03,2,2,9
2023010476172,2023,010476172,1,1,2,1,66,10,3,0,0,0,9,0,11,3,E01001238,-1,0,0.0,1.0,-1,9,30,9,7,9,09:30,3,1,11
2023010458804,2023,010458804,2,1,1,1,42,7,2,0,0,0,0,0,1,6,E01003226,-1,0,1.0,0.0,-1,2,20,1,1,1,07:55,6,2,1
2023131281455,2023,131281455,1,1,1,2,61,9,3,0,0,0,0,0,9,6,E01011182,3,1,0.0,1.0,-1,6,30,1,1,1,12:55,2,2,9
2023461279855,2023,461279855,1,1,1,1,20,4,3,0,0,0,0,0,9,5,E01024788,3,1,0.0,1.0,-1,6,60,1,1,2,16:16,6,1,9
2023010431167,2023,010431167,1,2,2,1,-1,-1,3,0,0,0,3,0,11,6,E01000238,-1,0,0.0,1.0,-1,9,30,1,1,1,05:00,6,1,11
2023471347304,2023,471347304,2,1,1,-1,-1,-1,3,0,0,0,0,0,9,9,E01004094,3,1,0.0,1.0,-1,9,30,9,7,1,16:45,1,2,9
2023010466189,2023,010466189,2,2,2,2,65,9,3,0,0,1,0,0,9,4,E01002665,-1,0,0.0,1.0,-1,6,20,1,1,1,07:20,6,2,9
2023061340113,2023,061340113,2,1,1,1,28,6,2,0,0,0,0,0,9,2,E01005566,7,1,1.0,0.0,-1,6,40,2,1,2,17:50,4,2,9
2023061394136,2023,061394136,1,1,2,2,16,4,3,0,0,1,0,0,9,2,E01005663,3,1,0.0,1.0,-1,6,30,2,4,2,16:50,1,4,9
2023111320292,2023,111320292,2,1,1,1,22,5,3,0,0,0,0,0,9,2,E01020648,3,1,0.0,1.0,-1,6,50,1,1,1,19:55,1,2,9
2023411294441,2023,411294441,2,1,1,2,22,5,2,0,0,0,0,0,9,8,E01023639,7,1,1.0,0.0,-1,3,30,2,1,2,15:06,5,2,9
2023991333918,2023,991333918,2,4,2,1,4,1,2,0,0,2,0,0,9,6,-1,7,1,1.0,0.0,-1,6,60,1,1,1,13:55,7,2,9
2023031266520,2023,031266520,1,1,3,1,14,3,3,5,1,0,0,0,0,-1,-1,3,1,0.0,1.0,-1,6,30,8,1,2,10:27,1,1,9
2023061333390,2023,061333390,2,1,1,1,43,7,3,0,0,0,0,0,5,3,E01004932,3,1,0.0,1.0,-1,6,30,1,1,1,13:40,5,2,5
2023122301345,2023,122301345,2,5,2,1,53,8,3,0,0,1,0,0,9,1,E01010618,-1,0,0.08291,0.91709,-1,6,60,5,6,2,22:50,7,2,9
2023411394160,2023,411394160,1,1,1,1,24,5,3,0,0,0,0,0,9,1,E01023536,3,1,0.0,1.0,-1,6,60,1,1,2,12:50,6,2,9
2023221389248,2023,221389248,2,1,2,2,67,10,3,0,0,2,0,0,10,3,W01001313,3,1,0.0,1.0,-1,3,60,1,1,2,12:25,7,2,10
2023010426190,2023,010426190,2,1,1,2,37,7,2,0,0,0,0,0,1,2,E01001848,-1,0,1.0,0.0,-1,2,20,1,4,1,21:58,4,2,1
2023010456088,2023,010456088,1,1,1,1,24,5,2,0,0,0,0,0,3,2,E01000523,-1,0,1.0,0.0,-1,6,30,1,1,1,11:08,4,1,3
2023471291007,2023,471291007,2,1,1,1,35,6,3,0,0,0,0,0,3,1,E01021136,3,1,0.0,1.0,-1,6,30,1,1,1,12:13,2,2,3
2023991320357,2023,991320357,1,1,3,2,32,6,2,9,5,0,0,0,0,1,-1,5,1,1.0,0.0,-1,6,30,1,4,1,23:46,7,1,9
2023010436642,2023,010436642,1,2,2,-1,-1,-1,3,0,0,1,0,0,9,2,E01003598,-1,0,0.0,1.0,-1,6,30,1,1,1,11:35,1,2,9
2023010457523,2023,010457523,1,1,1,1,22,5,3,0,0,0,0,0,9,5,E01016754,-1,0,0.0,1.0,-1,3,70,2,4,2,20:43,4,2,9
2023131380554,2023,131380554,1,1,1,1,62,9,3,0,0,0,0,0,9,8,E01024939,3,1,0.0,1.0,-1,6,30,1,1,4,09:51,4,1,9
2023170L20253,2023,170L20253,1,1,1,1,17,4,3,0,0,0,0,0,9,1,E01012131,-1,0,0.03786,0.96214,-1,6,30,1,1,1,08:55,2,2,9
2023520300988,2023,520300988,2,1,1,2,36,7,3,0,0,0,0,0,9,2,E01029107,-1,0,0.02042,0.97958,-1,6,30,1,1,2,08:50,5,2,9
2023320320127,2023,320320127,1,1,1,1,13,3,3,0,0,0,0,0,1,7,E01026106,-1,0,0.0604,0.9396,-1,6,30,1,1,1,16:30,4,2,1
2023010485326,2023,010485326,1,1,1,1,26,6,3,0,0,0,0,0,3,1,E01000521,-1,0,0.0,1.0,-1,9,20,9,1,9,11:50,4,2,3
2023201327794,2023,201327794,1,1,1,1,17,4,3,0,0,0,0,0,4,6,E01009968,3,1,0.0,1.0,-1,3,30,2,1,2,07:46,2,2,4
2023430364093,2023,430364093,1,1,1,1,34,6,3,0,0,0,0,0,5,10,E01017841,-1,0,0.17102,0.82898,-1,1,70,1,1,1,08:55,3,1,5
2023052300618,2023,052300618,2,5,1,1,39,7,3,0,0,0,0,0,9,1,E01006791,-1,0,0.02432,0.97568,-1,6,30,1,1,1,12:50,3,3,9
2023332300712,2023,332300712,1,1,2,1,25,5,2,0,0,0,0,0,19,-1,-1,-1,0,1.0,0.0,-1,6,60,1,1,1,11:30,2,2,19
2023010419349,2023,010419349,1,1,1,2,71,10,3,0,0,0,0,0,9,2,E01002086,-1,0,0.0,1.0,-1,6,20,2,4,2,18:20,1,2,9
2023991351217,2023,991351217,2,1,1,1,55,8,2,0,0,0,0,0,9,4,-1,7,1,1.0,0.0,-1,3,30,1,1,1,08:05,2,2,9
2023041289841,2023,041289841,1,1,2,1,17,4,2,0,0,2,0,0,9,1,E01012641,7,1,1.0,0.0,-1,6,30,1,1,2,14:47,5,2,9
2023061290262,2023,061290262,3,2,2,2,38,7,3,0,0,1,0,0,9,1,E01012684,3,1,0.0,1.0,-1,3,70,1,1,1,14:47,5,3,9
2023131391591,2023,131391591,1,1,1,1,26,6,3,0,0,0,0,0,9,3,E01011608,3,1,0.0,1.0,-1,6,30,5,4,2,01:05,7,1,9
2023471260419,2023,471260419,2,2,1,1,37,7,3,0,0,0,0,0,9,6,E01031777,3,1,0.0,1.0,-1,6,40,1,6,2,17:30,5,3,9
2023010466173,2023,010466173,1,1,1,1,51,8,3,0,0,0,0,0,1,4,E01003076,-1,0,0.0,1.0,-1,7,30,9,1,1,10:21,6,2,1
2023101338440,2023,101338440,2,1,1,1,34,6,3,0,0,0,0,0,1,1,E01008215,3,1,0.0,1.0,-1,6,20,1,1,1,17:35,4,2,1
202354C000423,2023,54C000423,2,1,1,1,58,9,3,0,0,0,0,0,1,5,E01031986,-1,0,0.05357,0.94643,-1,6,30,1,4,1,16:50,7,2,1
2023440162533,2023,440162533,2,1,2,2,23,5,3,0,0,1,0,0,9,10,E01023096,-1,0,0.08233,0.91767,-1,6,40,1,4,1,23:27,3,2,9
2023010456308,2023,010456308,2,1,1,1,36,7,3,0,0,0,0,0,1,2,E01003964,-1,0,0.0,1.0,-1,6,20,1,1,1,14:58,5,2,1
2023161361215,2023,161361215,2,1,1,2,17,4,3,0,0,0,0,0,1,-1,-1,3,1,0.0,1.0,-1,6,30,1,1,1,16:15,2,2,1
2023041267632,2023,041267632,2,1,1,1,26,6,2,0,0,0,0,0,9,1,E01033231,7,1,1.0,0.0,-1,6,30,8,4,2,00:23,4,2,9
2023421337922,2023,421337922,1,1,1,1,34,6,3,0,0,0,0,0,9,3,E01022007,3,1,0.0,1.0,-1,6,40,1,1,1,12:07,4,2,9
2023461306483,2023,461306483,2,1,1,2,76,11,3,0,0,0,0,0,9,10,E01032828,3,1,0.0,1.0,-1,6,30,2,1,2,14:50,7,2,9
2023471313368,2023,471313368,1,2,1,2,42,7,3,0,0,0,0,0,9,6,E01001563,3,1,0.0,1.0,-1,6,30,1,1,1,12:40,4,2,9
2023461271697,2023,461271697,1,1,1,2,81,11,3,0,0,0,0,0,9,5,E01024229,3,1,0.0,1.0,-1,6,30,1,1,1,09:57,7,2,9
2023461323739,2023,461323739,1,1,2,1,19,4,3,0,0,1,0,0,9,4,E01024243,3,1,0.0,1.0,-1,6,30,1,1,1,18:24,1,2,9
2023231371599,2023,231371599,1,1,1,1,23,5,3,0,0,0,0,0,3,5,E01031163,3,1,0.0,1.0,-1,1,30,2,1,2,15:15,5,2,3
2023501306376,2023,501306376,1,1,1,1,18,4,2,0,0,0,0,0,3,3,E01019062,7,1,1.0,0.0,-1,6,30,1,1,1,17:00,5,2,3
2023440228971,2023,440228971,1,1,3,2,12,3,3,6,9,0,0,0,0,3,E01017225,-1,0,0.04486,0.95514,-1,6,30,1,1,1,14:45,6,1,19
2023131322353,2023,131322353,1,1,3,2,20,4,3,10,9,0,0,2,0,3,E01011222,3,1,0.0,1.0,-1,6,30,1,1,1,15:41,5,1,9
2023471322699,2023,471322699,1,1,1,1,16,4,3,0,0,0,0,0,2,2,E01031341,3,1,0.0,1.0,-1,6,30,1,1,1,09:00,7,2,2