collision_index,collision_year,collision_ref_no,vehicle_reference,casualty_reference,casualty_class,sex_of_casualty,age_of_casualty,age_band_of_casualty,casualty_severity,pedestrian_location,pedestrian_movement,car_passenger,bus_or_coach_passenger,pedestrian_road_maintenance_worker,casualty_type,casualty_imd_decile,lsoa_of_casualty,enhanced_casualty_severity,casualty_injury_based,casualty_adjusted_severity_serious,casualty_adjusted_severity_slight,casualty_distance_banding,road_type,speed_limit,weather_conditions,light_conditions,road_surface_conditions,time,day_of_week,number_of_vehicles,vehicle_type
2023522301454,2023,522301454,2,1,1,1,42,7,3,0,0,0,0,0,2,1,E01033358,-1,0,0.10682,0.89318,-1,6,20,1,1,1,13:51,6,2,2
2023010478318,2023,010478318,1,1,1,-1,29,6,3,0,0,0,0,0,3,7,E01030583,-1,0,0.0,1.0,-1,3,30,9,4,9,16:30,2,2,3
2023631379698,2023,631379698,1,1,1,1,80,11,3,0,0,0,0,0,9,6,W01001389,3,1,0.0,1.0,-1,3,70,2,6,2,16:50,1,3,9
2023111389247,2023,111389247,2,3,1,1,21,5,3,0,0,0,0,0,9,6,E01020864,3,1,0.0,1.0,-1,6,60,1,1,2,15:28,7,2,9
2023201293979,2023,201293979,1,1,2,1,50,8,3,0,0,2,0,0,9,1,E01010141,3,1,0.0,1.0,-1,7,60,1,4,1,18:40,3,1,9
2023451354028,2023,451354028,1,1,1,1,24,5,3,0,0,0,0,0,9,9,E01002362,3,1,0.0,1.0,-1,6,30,2,1,2,07:05,3,2,9
2023522400901,2023,522400901,1,1,1,2,32,6,3,0,0,0,0,0,9,3,E01014622,-1,0,0.02371,0.97629,-1,6,20,1,1,1,09:02,2,3,9
2023101305039,2023,101305039,2,2,2,2,64,9,3,0,0,1,0,0,9,3,E01008715,3,1,0.0,1.0,-1,6,30,1,1,1,12:30,7,3,9
2023430275190,2023,430275190,2,3,2,1,60,9,3,0,0,1,0,0,9,7,E01017646,-1,0,0.14026,0.85974,-1,6,60,1,1,1,14:49,5,2,9
2023991367080,2023,991367080,1,1,1,2,38,7,3,0,0,0,0,0,9,9,-1,3,1,0.0,1.0,-1,6,60,2,1,2,16:18,4,4,9
2023111263170,2023,111263170,2,1,1,2,50,8,3,0,0,0,0,0,9,5,E01020810,3,1,0.0,1.0,-1,6,60,1,1,2,08:07,2,2,9
2023141309361,2023,141309361,2,1,1,1,33,6,3,0,0,0,0,0,9,2,E01011856,3,1,0.0,1.0,-1,3,60,1,1,1,17:54,6,2,9
2023451340065,2023,451340065,2,1,1,1,59,9,3,0,0,0,0,0,9,8,E01030915,3,1,0.0,1.0,-1,6,30,1,1,2,18:09,3,2,9
2023622400007,2023,622400007,1,1,1,1,23,5,3,0,0,0,0,0,9,9,W01000776,-1,0,0.07743,0.92257,-1,6,40,2,6,2,03:20,7,1,9
2023131361010,2023,131361010,1,1,3,1,20,4,3,5,9,0,0,2,0,1,E01010673,3,1,0.0,1.0,-1,6,30,5,7,2,23:08,6,1,20
2023501340708,2023,501340708,2,1,1,1,22,5,2,0,0,0,0,0,3,6,E01018826,7,1,1.0,0.0,-1,6,30,1,1,1,13:31,6,2,3
2023041321519,2023,041321519,1,1,1,2,69,10,3,0,0,0,0,0,9,8,E01025141,3,1,0.0,1.0,-1,6,30,1,1,1,10:30,5,2,9
2023332300806,2023,332300806,1,1,1,1,72,10,3,0,0,0,0,0,9,10,E01025632,-1,0,0.05695,0.94305,-1,6,40,1,1,1,13:10,4,3,9
202360A017946,2023,60A017946,1,1,1,1,76,11,3,0,0,0,0,0,9,-1,-1,-1,0,0.07906,0.92094,-1,1,30,1,1,1,11:25,2,2,9
2023010446452,2023,010446452,2,1,1,1,34,6,3,0,0,0,0,0,3,3,E01003293,-1,0,0.0,1.0,-1,1,20,1,1,1,19:25,5,2,3
2023010435259,2023,010435259,2,2,1,2,33,6,3,0,0,0,0,0,9,5,E01033577,-1,0,0.0,1.0,-1,3,50,2,1,2,18:22,6,3,9
2023010441626,2023,010441626,2,1,1,1,61,9,3,0,0,0,0,0,9,10,E01001101,-1,0,0.0,1.0,-1,1,20,1,1,1,11:30,1,2,9
2023010459796,2023,010459796,1,1,1,2,48,8,3,0,0,0,0,0,9,2,E01004686,-1,0,0.0,1.0,-1,3,40,8,1,1,14:08,4,2,9
2023451290624,2023,451290624,2,3,2,2,24,5,3,0,0,1,0,0,9,3,E01002554,3,1,0.0,1.0,-1,3,70,1,1,1,12:17,7,3,9
2023451381910,2023,451381910,2,1,2,2,45,7,3,0,0,2,0,0,9,10,E01030489,3,1,0.0,1.0,-1,6,30,1,4,4,23:00,7,2,9
2023991373956,2023,991373956,1,2,1,2,48,8,3,0,0,0,0,0,9,4,-1,3,1,0.0,1.0,-1,6,30,2,1,2,09:13,2,2,9
2023991302335,2023,991302335,2,2,1,1,40,7,3,0,0,0,0,0,19,4,-1,3,1,0.0,1.0,-1,6,60,1,1,2,18:00,6,2,19
2023010475986,2023,010475986,1,1,3,1,43,7,3,10,9,0,0,0,0,8,E01001024,-1,0,0.0,1.0,-1,6,20,1,1,1,10:00,3,1,9
2023201416286,2023,201416286,1,1,3,1,20,4,3,10,9,0,0,2,0,2,E01009641,3,1,0.0,1.0,-1,6,30,1,4,1,20:54,6,2,9
2023161358719,2023,161358719,1,1,1,1,38,7,3,0,0,0,0,0,1,1,E01012854,3,1,0.0,1.0,-1,6,20,1,1,2,15:00,1,2,1
2023471294487,2023,471294487,1,1,1,2,52,8,3,0,0,0,0,0,9,10,E01021210,3,1,0.0,1.0,-1,6,60,1,1,2,16:52,5,2,9
2023991263411,2023,991263411,1,1,2,2,27,6,3,0,0,1,0,0,9,4,-1,3,1,0.0,1.0,-1,6,30,8,4,2,19:55,6,3,9
2023010462368,2023,010462368,1,1,3,2,-1,-1,3,10,9,0,0,0,0,-1,-1,-1,0,0.0,1.0,-1,9,20,1,1,1,16:35,6,1,9
2023430450458,2023,430450458,1,1,1,1,58,9,2,0,0,0,0,0,1,10,E01016658,-1,0,1.0,0.0,-1,6,30,1,1,1,11:30,7,1,1
2023010479365,2023,010479365,2,4,2,1,33,6,3,0,0,2,0,0,9,2,E01001428,-1,0,0.0,1.0,-1,6,40,1,4,1,17:45,3,4,9
2023141270319,2023,141270319,2,2,1,2,27,6,3,0,0,0,0,0,9,2,E01007392,3,1,0.0,1.0,-1,6,40,1,4,4,20:13,2,2,9
2023501264615,2023,501264615,1,3,2,1,10,2,3,0,0,2,0,0,9,4,E01018968,3,1,0.0,1.0,-1,6,60,1,6,2,17:20,3,3,9
2023501285553,2023,501285553,1,1,1,1,18,4,3,0,0,0,0,0,9,4,E01020328,3,1,0.0,1.0,-1,6,60,1,1,2,16:00,6,4,9
2023052300058,2023,052300058,1,1,3,1,40,7,3,9,5,0,0,0,0,1,E01007238,-1,0,0.10884,0.89116,-1,6,30,1,4,1,17:00,6,1,9
2023122400094,2023,122400094,1,1,3,2,54,8,2,6,8,0,0,0,0,9,E01027642,-1,0,1.0,0.0,-1,6,60,4,6,1,16:44,1,1,9
2023311331216,2023,311331216,2,1,1,1,54,8,2,0,0,0,0,0,1,5,E01013973,7,1,1.0,0.0,-1,3,50,1,1,2,17:25,4,2,1
2023101292421,2023,101292421,1,1,2,2,58,9,3,0,0,2,0,0,8,6,E01020608,3,1,0.0,1.0,-1,6,30,1,1,1,18:35,7,1,8
2023340WN6472,2023,340WN6472,2,1,1,2,59,9,2,0,0,0,0,0,1,-1,-1,-1,0,1.0,0.0,-1,6,30,1,4,1,17:25,6,2,1
2023461333592,2023,461333592,2,1,1,1,53,8,3,0,0,0,0,0,1,7,E01024789,3,1,0.0,1.0,-1,6,30,1,1,1,07:06,6,2,1
2023430529243,2023,430529243,1,1,1,1,21,5,3,0,0,0,0,0,3,9,E01017914,-1,0,0.07089,0.92911,-1,6,30,1,4,1,19:01,4,2,3
2023552301551,2023,552301551,2,1,1,2,26,6,3,0,0,0,0,0,9,6,E01023070,-1,0,0.03585,0.96415,-1,3,70,2,6,2,17:17,5,2,9
2023991290286,2023,991290286,1,1,1,1,35,6,2,0,0,0,0,0,9,8,-1,7,1,1.0,0.0,-1,6,60,2,1,2,16:47,6,2,9
2023052302526,2023,052302526,2,2,2,2,81,11,3,0,0,2,0,0,8,1,E01006678,-1,0,0.08269,0.91731,-1,6,30,1,1,1,16:40,1,2,8
202354B655423,2023,54B655423,1,1,3,1,6,2,3,8,5,0,0,0,0,2,E01015542,-1,0,0.12539,0.87461,-1,3,40,1,1,2,15:12,6,1,9
2023010440955,2023,010440955,1,1,1,1,42,7,3,0,0,0,0,0,1,2,E01002797,-1,0,0.0,1.0,-1,6,20,1,1,1,07:30,4,2,1
2023010475308,2023,010475308,1,1,1,1,34,6,3,0,0,0,0,0,3,2,E01001331,-1,0,0.0,1.0,-1,6,20,1,1,2,19:25,1,2,3
2023010455941,2023,010455941,1,1,1,2,46,8,3,0,0,0,0,0,9,8,E01002163,-1,0,0.0,1.0,-1,6,30,1,1,1,18:00,3,2,9
2023451266084,2023,451266084,1,1,1,2,31,6,3,0,0,0,0,0,9,9,E01028502,3,1,0.0,1.0,-1,3,70,1,1,1,14:34,6,3,9
2023070111217,2023,070111217,1,1,1,2,38,7,3,0,0,0,0,0,9,1,E01012436,-1,0,0.11282,0.88718,-1,6,20,1,5,1,18:40,3,1,9
2023071315147,2023,071315147,1,1,3,1,58,9,3,1,1,0,0,0,0,4,E01012523,-1,0,0.1467,0.8533,-1,2,30,2,4,2,19:05,1,1,9
2023461337407,2023,461337407,1,1,3,2,-1,-1,3,6,9,0,0,0,0,2,E01024741,3,1,0.0,1.0,-1,6,30,1,1,1,15:50,6,1,9
2023010443094,2023,010443094,1,1,1,1,22,5,3,0,0,0,0,0,3,2,E01002049,-1,0,0.0,1.0,-1,9,20,1,1,1,16:34,1,2,3
2023131365763,2023,131365763,1,1,1,2,30,6,3,0,0,0,0,0,9,6,E01027622,3,1,0.0,1.0,-1,6,30,2,1,2,09:01,6,2,9
2023431339576,2023,431339576,2,2,2,2,70,10,3,0,0,1,0,0,9,10,E01023673,3,1,0.0,1.0,-1,3,70,1,1,1,16:45,5,3,9
2023451372051,2023,451372051,1,1,1,2,26,6,3,0,0,0,0,0,9,7,E01023135,3,1,0.0,1.0,-1,6,20,1,1,1,15:15,6,2,9
2023471380302,2023,471380302,2,2,2,2,9,2,3,0,0,1,0,0,9,10,E01031695,3,1,0.0,1.0,-1,6,40,1,4,2,17:40,4,2,9
2023622300661,2023,622300661,1,2,2,1,19,4,3,0,0,0,0,0,19,2,W01001768,-1,0,0.02804,0.97196,-1,6,40,2,1,2,10:43,3,1,19
2023421316453,2023,421316453,1,1,3,2,78,11,3,5,1,0,0,0,0,9,E01021512,3,1,0.0,1.0,-1,6,30,1,1,1,13:48,4,1,9
2023041320016,2023,041320016,1,1,1,1,23,5,2,0,0,0,0,0,1,8,E01031310,7,1,1.0,0.0,-1,6,60,1,1,1,18:55,7,2,1
2023010471035,2023,010471035,1,2,2,2,-1,-1,3,0,0,1,0,0,9,1,E01002037,-1,0,0.0,1.0,-1,3,40,1,1,9,17:56,2,1,9
2023552301404,2023,552301404,1,1,1,2,40,7,3,0,0,0,0,0,9,2,E01015367,-1,0,0.03887,0.96113,-1,6,30,1,4,1,21:00,2,2,9
2023461344931,2023,461344931,1,1,2,1,25,5,3,0,0,0,0,0,19,3,E01024534,3,1,0.0,1.0,-1,6,30,1,1,1,17:34,2,2,19
2023010425457,2023,010425457,1,1,1,2,71,10,3,0,0,0,0,0,9,3,E01000108,-1,0,0.0,1.0,-1,3,30,1,1,1,13:30,1,2,9
2023041316960,2023,041316960,2,2,2,2,10,2,3,0,0,1,0,0,9,1,E01012704,3,1,0.0,1.0,-1,3,20,1,1,1,20:07,6,4,9
2023302301067,2023,302301067,2,1,1,1,52,8,3,0,0,0,0,0,9,5,E01028314,-1,0,0.04003,0.95997,-1,6,30,1,1,1,10:25,3,2,9
2023471306851,2023,471306851,1,1,2,1,23,5,3,0,0,1,0,0,9,10,E01031680,3,1,0.0,1.0,-1,3,70,1,6,1,22:00,6,1,9
2023471366214,2023,471366214,1,1,1,2,31,6,3,0,0,0,0,0,9,10,E01021228,3,1,0.0,1.0,-1,6,40,2,6,2,18:00,2,4,9
2023141360665,2023,141360665,1,1,1,1,59,9,3,0,0,0,0,0,9,4,E01007545,3,1,0.0,1.0,-1,3,40,1,1,1,09:35,1,2,9
2023302300908,2023,302300908,1,1,1,1,37,7,3,0,0,0,0,0,9,6,E01007838,-1,0,0.1089,0.8911,-1,6,50,1,1,1,18:05,6,1,9
2023351338842,2023,351338842,1,1,1,1,49,8,2,0,0,0,0,0,9,8,E01017992,5,1,1.0,0.0,-1,6,60,1,6,1,22:31,6,2,9
2023122301318,2023,122301318,1,1,1,2,64,9,3,0,0,0,0,0,9,6,E01027604,-1,0,0.08217,0.91783,-1,6,60,4,1,1,17:45,3,1,9
2023461354216,2023,461354216,3,2,1,2,23,5,3,0,0,0,0,0,9,5,E01024531,3,1,0.0,1.0,-1,6,60,1,1,1,08:35,3,3,9
2023010451245,2023,010451245,1,1,1,1,33,6,3,0,0,0,0,0,9,4,E01001480,-1,0,0.0,1.0,-1,6,30,1,4,1,00:30,7,1,9
2023401319383,2023,401319383,1,1,1,1,17,4,3,0,0,0,0,0,9,5,E01017418,3,1,0.0,1.0,-1,6,60,1,6,1,00:20,1,1,9
2023471327175,2023,471327175,1,1,1,1,53,8,3,0,0,0,0,0,9,3,E01016907,3,1,0.0,1.0,-1,6,30,1,4,1,23:22,6,3,9
2023501323375,2023,501323375,1,2,2,2,27,6,3,0,0,1,0,0,9,5,E01020123,3,1,0.0,1.0,-1,6,60,2,1,2,18:04,1,1,9
2023010470292,2023,010470292,1,1,3,-1,9,2,3,5,9,0,0,0,0,2,E01003238,-1,0,0.0,1.0,-1,3,20,9,1,9,08:52,5,1,9
2023010473302,2023,010473302,1,1,1,2,21,5,3,0,0,0,0,0,1,2,E01001767,-1,0,0.0,1.0,-1,3,20,2,4,2,18:30,7,2,1
2023010453149,2023,010453149,1,1,1,2,53,8,3,0,0,0,0,0,9,3,E01001970,-1,0,0.0,1.0,-1,9,20,1,1,1,13:50,1,1,9
2023010464680,2023,010464680,4,1,1,1,57,9,3,0,0,0,0,0,9,8,E01033029,-1,0,0.0,1.0,-1,3,30,1,4,1,21:10,5,4,9
2023320733490,2023,320733490,1,2,2,1,18,4,3,0,0,1,0,0,9,5,E01026361,-1,0,0.11916,0.88084,-1,6,60,2,6,2,20:10,2,1,9
2023520400476,2023,520400476,2,2,2,2,53,8,3,0,0,1,0,0,9,5,E01029336,-1,0,0.03809,0.96191,-1,6,60,1,1,1,08:05,2,2,9
2023131360677,2023,131360677,2,1,1,1,44,7,3,0,0,0,0,0,3,1,E01011850,3,1,0.0,1.0,-1,3,30,1,1,1,11:15,1,2,3
2023531270592,2023,531270592,2,1,1,1,68,10,2,0,0,0,0,0,3,9,E01022429,5,1,1.0,0.0,-1,6,40,1,1,1,16:00,2,2,3
2023010456327,2023,010456327,1,1,1,1,49,8,3,0,0,0,0,0,5,9,E01001132,-1,0,0.0,1.0,-1,6,30,1,1,1,08:15,4,2,5
202360A169469,2023,60A169469,2,1,1,2,53,8,3,0,0,0,0,0,5,-1,-1,-1,0,0.17379,0.82621,-1,1,30,1,1,1,16:03,1,2,5
2023201431406,2023,201431406,1,1,3,2,67,10,2,1,3,0,0,0,0,1,E01009358,7,1,1.0,0.0,-1,6,30,1,4,2,16:49,4,1,9
2023052302939,2023,052302939,2,1,1,2,35,6,3,0,0,0,0,0,9,3,E01007049,-1,0,0.01405,0.98595,-1,1,30,2,4,2,17:50,5,2,9
2023122300524,2023,122300524,2,3,1,1,58,9,3,0,0,0,0,0,9,6,E01027868,-1,0,0.01866,0.98134,-1,6,30,1,1,1,11:00,3,3,9
2023221277144,2023,221277144,1,2,1,2,77,11,3,0,0,0,0,0,9,8,W01000223,3,1,0.0,1.0,-1,6,60,2,1,2,12:12,1,2,9
2023231295254,2023,231295254,1,2,2,2,17,4,3,0,0,1,0,0,9,8,E01031042,3,1,0.0,1.0,-1,6,50,1,6,1,21:40,2,2,9
2023071327026,2023,071327026,1,2,2,2,17,4,3,0,0,1,0,0,9,4,E01018646,-1,0,0.0575,0.9425,-1,6,30,2,6,5,21:06,4,1,9
2023440505674,2023,440505674,1,4,2,2,19,4,3,0,0,2,0,0,9,9,E01032848,-1,0,0.07126,0.92874,-1,6,60,1,6,2,16:14,2,2,9
2023461343117,2023,461343117,1,1,1,1,57,9,2,0,0,0,0,0,-1,3,E01024599,7,1,1.0,0.0,-1,6,30,1,1,1,07:55,4,1,-1
2023201291578,2023,201291578,1,2,3,1,33,6,2,5,9,0,0,0,0,2,E01009635,5,1,1.0,0.0,-1,6,40,7,4,4,07:12,4,1,9
2023531358693,2023,531358693,1,1,3,1,11,3,3,8,1,0,0,0,0,9,E01022139,3,1,0.0,1.0,-1,6,30,9,1,1,13:50,4,1,9
2023122301345,2023,122301345,1,4,2,2,24,5,2,0,0,2,0,0,8,7,E01027572,-1,0,1.0,0.0,-1,6,60,5,6,2,22:50,7,2,8
2023340WN1232,2023,340WN1232,2,1,1,1,39,7,3,0,0,0,0,0,9,8,E01027160,-1,0,0.01125,0.98875,-1,6,30,1,4,1,17:05,5,2,9
2023311365732,2023,311365732,1,3,2,1,-1,-1,2,0,0,-1,0,0,9,-1,-1,7,1,1.0,0.0,-1,6,30,9,1,1,12:41,1,2,9
2023541486123,2023,541486123,1,2,2,1,17,4,3,0,0,1,0,0,9,2,E01015542,-1,0,0.06794,0.93206,-1,6,60,1,6,1,19:29,5,1,9
2023531392182,2023,531392182,2,1,1,1,51,8,3,0,0,0,0,0,1,4,E01022399,3,1,0.0,1.0,-1,6,60,1,1,1,07:38,1,2,1
2023332300441,2023,332300441,1,1,3,2,28,6,3,5,1,0,0,0,0,5,E01013766,-1,0,0.08396,0.91604,-1,6,30,1,1,1,19:45,5,1,9
2023122300172,2023,122300172,1,1,1,2,33,6,3,0,0,0,0,0,9,9,E01027845,-1,0,0.01554,0.98446,-1,1,30,2,1,2,12:34,4,2,9
202360A019565,2023,60A019565,2,2,1,2,32,6,3,0,0,0,0,0,9,-1,-1,-1,0,0.03226,0.96774,-1,6,60,1,1,1,11:30,5,3,9
2023531295059,2023,531295059,2,1,1,1,32,6,3,0,0,0,0,0,19,8,E01022144,3,1,0.0,1.0,-1,6,50,3,6,4,06:50,3,5,19
2023101302940,2023,101302940,1,1,1,1,64,9,3,0,0,0,0,0,9,3,E01012117,3,1,0.0,1.0,-1,6,60,1,1,1,11:20,3,3,9
2023161282850,2023,161282850,1,1,1,2,81,11,2,0,0,0,0,0,9,9,E01013052,7,1,1.0,0.0,-1,6,30,1,1,1,13:27,7,1,9
2023371430508,2023,371430508,1,1,1,2,20,4,3,0,0,0,0,0,9,8,E01033443,3,1,0.0,1.0,-1,6,60,1,1,1,10:34,7,1,9
2023411302695,2023,411302695,2,1,1,1,34,6,3,0,0,0,0,0,9,9,E01023834,3,1,0.0,1.0,-1,6,20,2,1,2,14:23,3,2,9
2023501332386,2023,501332386,1,1,2,2,29,6,3,0,0,1,0,0,9,6,E01020304,3,1,0.0,1.0,-1,6,60,1,1,2,09:24,1,1,9
2023122300591,2023,122300591,1,1,1,1,39,7,2,0,0,0,0,0,5,2,E01012031,-1,0,1.0,0.0,-1,6,60,1,1,1,18:07,6,2,5
2023010463966,2023,010463966,1,1,3,1,2,1,2,6,9,0,0,0,0,-1,-1,-1,0,1.0,0.0,-1,3,30,1,1,1,10:58,2,1,19
2023430308822,2023,430308822,1,1,3,1,32,6,3,5,1,0,0,0,0,10,E01016701,-1,0,0.04175,0.95825,-1,6,30,1,1,1,08:41,4,1,9
2023371348598,2023,371348598,1,1,1,1,17,4,2,0,0,0,0,0,3,9,E01030216,7,1,1.0,0.0,-1,6,30,1,1,1,12:36,5,2,3
2023201270928,2023,201270928,2,1,1,1,54,8,2,0,0,0,0,0,2,3,E01010381,6,1,1.0,0.0,-1,6,30,1,1,2,13:43,1,2,2
2023471274193,2023,471274193,1,1,3,1,34,6,3,6,9,0,0,0,0,8,E01031655,3,1,0.0,1.0,-1,6,30,1,1,4,08:45,4,1,5
2023622300927,2023,622300927,1,1,3,1,47,8,3,5,2,0,0,0,0,2,W01001952,-1,0,0.10899,0.89101,-1,6,20,2,1,2,17:51,6,1,9
2023371388717,2023,371388717,2,1,1,1,-1,-1,3,0,0,0,0,0,1,-1,-1,3,1,0.0,1.0,-1,6,30,2,7,2,16:15,4,2,1
2023041316889,2023,041316889,1,1,1,1,19,4,3,0,0,0,0,0,9,10,E01025424,3,1,0.0,1.0,-1,1,50,1,1,1,16:00,5,3,9
2023501303728,2023,501303728,1,1,1,1,31,6,3,0,0,0,0,0,19,3,E01018799,3,1,0.0,1.0,-1,6,60,1,6,1,02:15,5,1,19
2023401339020,2023,401339020,1,1,1,2,18,4,3,0,0,0,0,0,3,2,E01015716,3,1,0.0,1.0,-1,6,60,1,1,1,16:00,7,2,3
2023351406863,2023,351406863,1,6,2,2,12,3,3,0,0,0,4,0,11,3,E01018090,3,1,0.0,1.0,-1,6,60,2,7,2,16:36,2,2,11
2023101350742,2023,101350742,2,1,1,1,75,10,2,0,0,0,0,0,9,1,E01027412,6,1,1.0,0.0,-1,3,50,1,1,1,09:19,6,2,9
2023141388871,2023,141388871,2,4,2,2,17,4,3,0,0,1,0,0,9,6,E01007725,3,1,0.0,1.0,-1,6,30,1,4,2,23:47,6,2,9
2023430253650,2023,430253650,2,2,1,2,60,9,3,0,0,0,0,0,9,8,E01028584,-1,0,0.07009,0.92991,-1,6,60,1,1,1,16:28,6,2,9
2023041325942,2023,041325942,1,1,1,2,34,6,2,0,0,0,0,0,3,3,E01012662,7,1,1.0,0.0,-1,6,60,1,1,1,21:15,3,1,3
2023221329218,2023,221329218,2,1,1,1,10,2,2,0,0,0,0,0,1,8,E01032338,6,1,1.0,0.0,-1,6,30,1,1,1,17:02,4,2,1
2023010446020,2023,010446020,1,1,1,1,31,6,3,0,0,0,0,0,3,6,E01001084,-1,0,0.0,1.0,-1,2,20,1,1,1,14:40,3,2,3
2023122400104,2023,122400104,2,1,1,1,19,4,3,0,0,0,0,0,3,5,E01027798,-1,0,0.17474,0.82526,-1,6,60,5,6,2,20:27,5,2,3
2023501348809,2023,501348809,1,1,1,1,20,4,2,0,0,0,0,0,3,4,E01018784,6,1,1.0,0.0,-1,6,60,1,6,1,22:05,2,2,3
2023622300552,2023,622300552,1,1,1,1,48,8,1,0,0,0,0,0,3,2,W01001206,-1,0,0.0,0.0,-1,6,60,1,1,1,16:51,7,2,3
2023052300045,2023,052300045,2,1,1,2,32,6,3,0,0,0,0,0,-1,6,E01033753,-1,0,0.07039,0.92961,-1,6,30,1,1,1,14:30,5,2,-1
2023451284637,2023,451284637,1,1,3,1,16,4,3,8,7,0,0,0,0,5,E01030310,3,1,0.0,1.0,-1,6,30,2,4,3,17:05,4,1,9
2023010452819,2023,010452819,1,1,1,1,31,6,3,0,0,0,0,0,1,3,E01001109,-1,0,0.0,1.0,-1,2,20,1,1,1,19:11,1,2,1
2023141301717,2023,141301717,1,1,1,2,50,8,3,0,0,0,0,0,9,9,E01019631,3,1,0.0,1.0,-1,6,60,1,1,1,16:28,5,2,9
202360A135998,2023,60A135998,2,1,1,1,26,6,3,0,0,0,0,0,9,-1,-1,-1,0,0.0248,0.9752,-1,6,30,1,1,1,19:23,5,2,9
2023332300687,2023,332300687,2,2,1,1,70,10,3,0,0,0,0,0,9,4,E01025742,-1,0,0.05245,0.94755,-1,6,50,1,1,1,06:00,6,2,9
2023461340909,2023,461340909,2,1,1,2,17,4,3,0,0,0,0,0,9,5,E01024601,3,1,0.0,1.0,-1,6,60,1,1,1,20:42,5,2,9
2023991372367,2023,991372367,1,1,3,1,7,2,2,5,2,0,0,0,0,-1,-1,7,1,1.0,0.0,-1,6,30,1,1,1,16:00,1,1,9
2023041373410,2023,041373410,1,1,1,1,29,6,2,0,0,0,0,0,5,4,E01005705,7,1,1.0,0.0,-1,6,60,8,1,1,14:00,7,1,5
2023070685013,2023,070685013,1,1,1,2,79,11,3,0,0,0,0,0,9,-1,-1,-1,0,0.13634,0.86366,-1,3,70,1,1,1,13:56,6,3,9
2023101390185,2023,101390185,2,1,1,2,19,4,3,0,0,0,0,0,9,4,E01008865,3,1,0.0,1.0,-1,3,70,1,1,1,08:00,3,2,9
2023221280909,2023,221280909,2,2,1,1,25,5,3,0,0,0,0,0,9,5,E01028980,3,1,0.0,1.0,-1,6,40,1,4,1,18:27,1,2,9
2023311347439,2023,311347439,2,2,1,1,23,5,3,0,0,0,0,0,9,7,E01007664,3,1,0.0,1.0,-1,6,60,1,1,1,16:55,5,2,9
2023430032159,2023,430032159,1,12,2,2,54,8,3,0,0,2,0,0,9,3,E01009239,-1,0,0.08819,0.91181,-1,3,70,1,1,1,08:13,2,6,9
2023549728023,2023,549728023,1,1,2,2,42,7,3,0,0,1,0,0,9,6,E01015587,-1,0,0.0128,0.9872,-1,6,30,1,1,1,09:30,5,2,9
2023991366633,2023,991366633,1,1,1,1,57,9,3,0,0,0,0,0,9,6,-1,3,1,0.0,1.0,-1,6,30,1,1,1,18:40,3,2,9
2023131320741,2023,131320741,1,1,3,2,19,4,3,5,1,0,0,2,0,2,E01011253,3,1,0.0,1.0,-1,6,20,2,1,2,10:22,3,1,9
2023201265425,2023,201265425,1,1,3,1,57,9,3,1,1,0,0,2,0,2,E01010261,3,1,0.0,1.0,-1,6,30,1,1,2,13:17,5,1,9
2023010474412,2023,010474412,1,1,1,1,22,5,2,0,0,0,0,0,4,1,E01002905,-1,0,1.0,0.0,-1,2,20,1,4,1,20:04,6,2,4
2023332301179,2023,332301179,1,1,1,1,28,6,3,0,0,0,0,0,3,3,E01013765,-1,0,0.01678,0.98322,-1,3,30,1,4,1,18:11,7,2,3
2023101322961,2023,101322961,1,2,3,2,77,11,3,5,3,0,0,0,0,-1,-1,3,1,0.0,1.0,-1,6,30,1,1,1,18:08,7,1,1
2023010474866,2023,010474866,2,1,1,1,13,3,3,0,0,0,0,0,1,2,E01000074,-1,0,0.0,1.0,-1,6,20,1,1,2,08:00,2,2,1
2023211420114,2023,211420114,1,1,3,1,12,3,3,5,3,0,0,0,0,8,E01029650,3,1,0.0,1.0,-1,6,30,1,1,1,08:25,2,1,9
202360A088031,2023,60A088031,2,1,1,1,13,3,3,0,0,0,0,0,1,-1,-1,-1,0,0.13231,0.86769,-1,6,30,1,1,1,18:20,5,2,1
2023010462222,2023,010462222,1,1,1,1,21,5,3,0,0,0,0,0,3,2,E01004711,-1,0,0.0,1.0,-1,6,20,1,1,1,19:10,5,3,3
2023131381279,2023,131381279,2,1,1,1,23,5,3,0,0,0,0,0,9,-1,-1,3,1,0.0,1.0,-1,3,40,1,1,2,15:00,5,2,9
2023401313803,2023,401313803,1,1,1,2,44,7,3,0,0,0,0,0,9,5,E01018138,3,1,0.0,1.0,-1,3,70,1,1,1,07:20,4,2,9
2023451294778,2023,451294778,1,1,1,2,30,6,3,0,0,0,0,0,9,9,E01002967,3,1,0.0,1.0,-1,6,40,1,1,1,15:45,6,2,9
2023451305980,2023,451305980,2,2,1,2,48,8,3,0,0,0,0,0,9,8,E01031587,3,1,0.0,1.0,-1,6,40,2,1,2,17:05,4,2,9
2023461323270,2023,461323270,1,1,3,1,9,2,3,5,1,0,0,0,0,1,E01024676,3,1,0.0,1.0,-1,6,30,1,1,1,13:38,3,1,9
2023471361753,2023,471361753,2,1,1,1,26,6,2,0,0,0,0,0,1,-1,-1,7,1,1.0,0.0,-1,6,30,1,1,1,15:10,2,2,1