collision_index,collision_year,collision_ref_no,vehicle_reference,casualty_reference,casualty_class,sex_of_casualty,age_of_casualty,age_band_of_casualty,casualty_severity,pedestrian_location,pedestrian_movement,car_passenger,bus_or_coach_passenger,pedestrian_road_maintenance_worker,casualty_type,casualty_imd_decile,lsoa_of_casualty,enhanced_casualty_severity,casualty_injury_based,casualty_adjusted_severity_serious,casualty_adjusted_severity_slight,casualty_distance_banding,road_type,speed_limit,weather_conditions,light_conditions,road_surface_conditions,time,day_of_week,number_of_vehicles,vehicle_type
2023371300066,2023,371300066,1,1,3,2,25,5,2,5,3,0,0,0,0,6,E01029952,5,1,1.0,0.0,-1,6,30,1,4,1,20:14,7,1,9
2023010463792,2023,010463792,1,1,1,1,32,6,3,0,0,0,0,0,3,4,E01002762,-1,0,0.0,1.0,-1,2,20,1,4,1,22:25,7,2,3
2023471316971,2023,471316971,1,1,1,2,18,4,3,0,0,0,0,0,3,8,E01032838,3,1,0.0,1.0,-1,3,70,1,1,1,18:33,6,1,3
2023122301404,2023,122301404,1,1,1,1,55,8,3,0,0,0,0,0,5,-1,-1,-1,0,0.18721,0.81279,-1,1,70,4,4,1,17:30,3,1,5
2023622300054,2023,622300054,1,1,1,1,49,8,3,0,0,0,0,0,19,1,W01001807,-1,0,0.03119,0.96881,-1,6,30,2,1,2,15:11,2,2,19
2023401344181,2023,401344181,1,1,1,1,24,5,3,0,0,0,0,0,3,8,E01015799,3,1,0.0,1.0,-1,3,40,1,1,1,11:31,7,2,3
2023991367726,2023,991367726,1,1,1,1,42,7,3,0,0,0,0,0,9,3,-1,3,1,0.0,1.0,-1,3,30,1,1,1,10:40,6,2,9
2023010422936,2023,010422936,2,6,1,2,58,9,3,0,0,0,0,0,9,2,E01002078,-1,0,0.0,1.0,-1,6,20,1,4,1,19:12,1,2,9
2023041335903,2023,041335903,1,1,1,2,42,7,3,0,0,0,0,0,9,4,E01012634,3,1,0.0,1.0,-1,6,30,2,1,2,10:15,2,2,9
2023061375462,2023,061375462,2,1,2,2,8,2,3,0,0,2,0,0,9,2,E01012535,3,1,0.0,1.0,-1,3,70,1,4,2,23:28,4,2,9
2023471323230,2023,471323230,3,2,1,2,37,7,3,0,0,0,0,0,9,10,E01022748,3,1,0.0,1.0,-1,3,70,1,1,1,15:45,1,3,9
2023520301437,2023,520301437,2,1,1,2,51,8,3,0,0,0,0,0,9,4,E01029050,-1,0,0.02824,0.97176,-1,6,30,1,1,1,18:14,4,2,9
2023411364685,2023,411364685,1,1,3,2,86,11,2,10,9,0,0,2,0,-1,-1,7,1,1.0,0.0,-1,6,20,1,1,2,12:30,7,1,9
2023361322261,2023,361322261,1,1,1,1,79,11,2,0,0,0,0,0,9,9,E01026931,6,1,1.0,0.0,-1,6,30,1,1,1,11:15,7,2,9
2023520400135,2023,520400135,1,1,1,1,36,7,3,0,0,0,0,0,1,7,E01020045,-1,0,0.03243,0.96757,-1,6,40,1,1,1,07:40,4,2,1
2023501343234,2023,501343234,2,1,1,1,17,4,3,0,0,0,0,0,3,6,E01020172,3,1,0.0,1.0,-1,6,60,1,1,1,19:00,4,2,3
2023440127785,2023,440127785,1,1,1,1,19,4,3,0,0,0,0,0,-1,4,E01002101,-1,0,0.13239,0.86761,-1,6,30,1,1,1,13:20,6,2,-1
2023401396415,2023,401396415,1,1,3,1,4,1,3,1,4,0,0,0,0,2,E01015774,3,1,0.0,1.0,-1,6,30,1,4,2,19:11,6,1,9
2023991259262,2023,991259262,1,1,3,1,20,4,3,8,6,0,0,2,0,-1,-1,3,1,0.0,1.0,-1,6,30,2,4,2,18:55,3,1,9
2023010465781,2023,010465781,1,1,1,1,38,7,3,0,0,0,0,0,3,2,E01030227,-1,0,0.0,1.0,-1,3,50,1,1,1,17:47,4,1,3
2023401381322,2023,401381322,1,1,3,1,13,3,3,5,1,0,0,0,0,-1,-1,3,1,0.0,1.0,-1,6,30,1,1,2,16:00,5,2,9
2023010467765,2023,010467765,1,1,1,-1,37,7,3,0,0,0,0,0,1,4,E01002425,-1,0,0.0,1.0,-1,6,20,1,1,1,11:15,6,2,1
2023141363517,2023,141363517,1,1,3,2,13,3,3,8,9,0,0,0,0,-1,-1,3,1,0.0,1.0,-1,6,30,1,1,1,14:00,7,1,9
2023421321726,2023,421321726,3,2,1,1,45,7,3,0,0,0,0,0,19,1,E01021970,3,1,0.0,1.0,-1,6,30,1,1,1,17:09,5,11,19
2023161290965,2023,161290965,1,1,1,2,27,6,3,0,0,0,0,0,9,9,E01013243,3,1,0.0,1.0,-1,6,30,1,1,1,10:00,2,3,9
2023201395961,2023,201395961,2,2,1,2,49,8,3,0,0,0,0,0,9,1,E01010282,3,1,0.0,1.0,-1,6,30,1,1,1,14:04,6,3,9
2023221325775,2023,221325775,3,3,1,1,57,9,2,0,0,0,0,0,19,7,W01000295,6,1,1.0,0.0,-1,6,60,1,1,1,10:21,6,4,19
2023010467376,2023,010467376,1,1,1,1,27,6,3,0,0,0,0,0,1,3,E01003615,-1,0,0.0,1.0,-1,3,30,2,1,2,19:15,3,2,1
2023010443602,2023,010443602,1,1,1,1,21,5,3,0,0,0,0,0,3,4,E01001503,-1,0,0.0,1.0,-1,9,20,1,1,1,12:30,6,2,3
2023320542093,2023,320542093,1,1,1,1,21,5,3,0,0,0,0,0,3,6,E01026021,-1,0,0.25479,0.74521,-1,6,60,1,1,1,17:00,5,1,3
2023351266525,2023,351266525,1,1,3,2,29,6,3,5,1,0,0,0,0,3,E01015674,3,1,0.0,1.0,-1,6,30,1,1,1,15:30,7,1,9
2023010486362,2023,010486362,1,1,1,1,17,4,2,0,0,0,0,0,4,1,E01001052,-1,0,1.0,0.0,-1,6,30,4,1,2,11:15,5,2,4
2023061318509,2023,061318509,1,1,3,2,12,3,3,6,9,0,0,0,0,-1,-1,3,1,0.0,1.0,-1,6,30,1,1,1,16:30,3,1,8
2023361280649,2023,361280649,1,1,1,1,22,5,2,0,0,0,0,0,3,8,E01026563,5,1,1.0,0.0,-1,6,30,1,4,1,18:49,1,2,3
2023170S10853,2023,170S10853,1,1,1,1,28,6,3,0,0,0,0,0,1,5,E01012219,-1,0,0.14312,0.85688,-1,6,30,1,1,1,11:50,5,2,1
2023010488214,2023,010488214,1,1,1,1,33,6,3,0,0,0,0,0,9,6,E01000262,-1,0,0.0,1.0,-1,6,30,2,4,2,17:30,1,1,9
2023101313052,2023,101313052,2,6,1,2,63,9,3,0,0,0,0,0,9,10,E01021739,3,1,0.0,1.0,-1,6,60,1,1,1,12:40,1,2,9
2023302301101,2023,302301101,1,1,1,2,70,10,2,0,0,0,0,0,9,9,E01013596,-1,0,1.0,0.0,-1,6,40,2,1,2,09:30,4,2,9
2023471354875,2023,471354875,2,2,2,1,27,6,3,0,0,2,0,0,9,8,E01031617,3,1,0.0,1.0,-1,6,40,1,1,1,09:45,5,2,9
2023501373074,2023,501373074,1,1,1,2,20,4,3,0,0,0,0,0,9,5,E01015191,3,1,0.0,1.0,-1,3,30,1,1,2,11:29,6,2,9
2023010444996,2023,010444996,1,1,1,1,21,5,3,0,0,0,0,0,9,3,E01000553,-1,0,0.0,1.0,-1,6,20,1,1,1,08:10,5,2,9
2023421288816,2023,421288816,2,3,2,2,14,3,3,0,0,2,0,0,9,-1,-1,3,1,0.0,1.0,-1,7,50,1,1,1,15:00,6,2,9
2023610048623,2023,610048623,3,2,1,2,54,8,3,0,0,1,0,0,9,-1,-1,-1,0,0.05424,0.94576,-1,7,70,2,4,2,18:10,3,3,9
2023041308396,2023,041308396,2,1,1,1,61,9,3,0,0,0,0,0,9,5,E01005520,3,1,0.0,1.0,-1,6,30,1,1,1,18:10,1,2,9
2023340WN4922,2023,340WN4922,2,1,1,2,66,10,3,0,0,0,0,0,9,6,E01025801,-1,0,0.108,0.892,-1,6,40,7,1,1,06:45,2,2,9
2023401394340,2023,401394340,2,2,1,2,50,8,3,0,0,0,0,0,9,10,E01017409,3,1,0.0,1.0,-1,6,30,8,6,4,21:15,5,2,9
2023010477569,2023,010477569,2,1,1,1,68,10,3,0,0,0,0,0,22,6,E01002246,-1,0,0.0,1.0,-1,3,50,2,4,2,18:30,1,2,22
2023201416306,2023,201416306,1,1,1,-1,33,6,3,0,0,0,0,0,9,3,E01009106,3,1,0.0,1.0,-1,3,30,1,4,1,16:49,3,2,9
2023440474031,2023,440474031,1,1,1,1,18,4,3,0,0,0,0,0,9,7,E01017175,-1,0,0.01335,0.98665,-1,6,30,1,1,1,09:15,1,2,9
2023451412246,2023,451412246,2,1,1,1,76,11,3,0,0,0,0,0,9,6,E01030714,3,1,0.0,1.0,-1,6,30,1,1,2,12:30,6,2,9
2023141380779,2023,141380779,2,2,1,1,54,8,3,0,0,0,0,0,19,-1,-1,3,1,0.0,1.0,-1,6,40,8,4,2,06:45,5,2,19
2023311346207,2023,311346207,1,1,2,2,39,7,3,0,0,1,0,0,9,-1,-1,3,1,0.0,1.0,-1,6,30,1,1,1,19:04,2,3,9
2023461353904,2023,461353904,2,2,2,2,35,6,3,0,0,1,0,0,9,2,E01000739,3,1,0.0,1.0,-1,1,30,1,1,1,10:37,5,2,9
2023520400122,2023,520400122,1,1,1,2,35,6,3,0,0,0,0,0,9,10,E01029308,-1,0,0.05867,0.94133,-1,6,60,1,1,2,13:10,2,2,9
202360A104788,2023,60A104788,2,1,1,2,23,5,3,0,0,0,0,0,9,-1,-1,-1,0,0.00799,0.99201,-1,6,30,1,1,1,15:42,3,2,9
2023061313586,2023,061313586,1,1,3,1,24,5,2,1,3,0,0,0,0,4,E01005355,5,1,1.0,0.0,-1,6,30,1,4,1,00:17,7,1,9
2023411411879,2023,411411879,1,1,3,1,16,4,3,8,9,0,0,0,0,4,E01023350,3,1,0.0,1.0,-1,6,20,1,1,2,13:08,7,1,9
2023010445245,2023,010445245,2,1,1,1,22,5,3,0,0,0,0,0,3,6,E01001619,-1,0,0.0,1.0,-1,6,20,1,1,1,07:15,5,2,3
2023302300259,2023,302300259,2,1,1,1,20,4,3,0,0,0,0,0,1,4,E01013460,-1,0,0.08207,0.91793,-1,6,30,1,4,1,18:30,4,2,1
2023302300106,2023,302300106,1,1,3,2,49,8,3,5,3,0,0,0,0,1,E01013566,-1,0,0.10102,0.89898,-1,6,30,1,1,4,06:23,3,1,9
2023440447440,2023,440447440,1,1,3,1,51,8,3,6,9,0,0,0,0,10,E01022687,-1,0,0.06704,0.93296,-1,6,30,1,4,2,18:00,4,1,19
2023471381955,2023,471381955,1,1,2,2,77,11,3,0,0,0,1,0,11,6,E01021206,3,1,0.0,1.0,-1,6,30,1,1,1,11:50,3,2,11
2023371320245,2023,371320245,2,3,2,2,77,11,2,0,0,1,0,0,9,10,E01030085,6,1,1.0,0.0,-1,6,40,1,1,1,14:44,3,2,9
2023131276464,2023,131276464,1,1,3,1,81,11,2,8,3,0,0,2,0,5,E01011537,7,1,1.0,0.0,-1,6,30,1,1,1,08:30,4,1,9
2023421313949,2023,421313949,1,1,3,2,36,7,2,6,9,0,0,0,0,6,E01023320,7,1,1.0,0.0,-1,1,40,1,1,1,13:54,5,1,21
2023010432721,2023,010432721,1,1,1,1,22,5,3,0,0,0,0,0,1,2,E01002807,-1,0,0.0,1.0,-1,6,20,2,1,2,07:55,6,2,1
2023010441206,2023,010441206,2,1,1,1,22,5,3,0,0,0,0,0,3,3,E01000099,-1,0,0.0,1.0,-1,6,30,1,1,1,20:30,5,2,3
2023161335461,2023,161335461,1,1,1,1,46,8,2,0,0,0,0,0,9,9,E01012488,7,1,1.0,0.0,-1,6,60,1,1,1,12:00,1,2,9
2023340WN2202,2023,340WN2202,2,1,2,1,6,2,3,0,0,2,0,0,9,-1,-1,-1,0,0.01321,0.98679,-1,1,40,1,1,1,17:20,7,2,9
2023430464559,2023,430464559,1,2,2,1,32,6,2,0,0,1,0,0,9,9,E01017454,-1,0,1.0,0.0,-1,3,70,1,7,1,21:18,1,1,9
2023010433068,2023,010433068,1,1,3,2,37,7,3,5,3,0,0,0,0,5,E01003411,-1,0,0.0,1.0,-1,9,20,1,4,1,23:30,3,1,9
2023401392751,2023,401392751,2,1,1,1,48,8,3,0,0,0,0,0,9,6,E01023413,3,1,0.0,1.0,-1,6,30,1,1,2,13:05,5,5,9
2023411383278,2023,411383278,1,1,1,2,25,5,3,0,0,0,0,0,9,7,E01023598,3,1,0.0,1.0,-1,6,30,7,1,4,08:13,5,2,9
2023622300876,2023,622300876,1,1,3,2,81,11,3,9,5,0,0,0,0,4,W01001220,-1,0,0.18406,0.81594,-1,6,20,1,1,1,13:47,7,4,9
2023111340328,2023,111340328,2,1,1,1,48,8,3,0,0,0,0,0,1,3,E01012328,3,1,0.0,1.0,-1,6,30,1,1,1,07:30,5,2,1
2023231344736,2023,231344736,1,1,1,1,21,5,3,0,0,0,0,0,1,-1,-1,3,1,0.0,1.0,-1,6,30,1,1,1,10:59,5,2,1
2023522400413,2023,522400413,1,1,1,1,34,6,3,0,0,0,0,0,1,7,E01014680,-1,0,0.03125,0.96875,-1,6,30,1,1,1,17:05,4,2,1
2023010435483,2023,010435483,1,1,1,1,30,6,3,0,0,0,0,0,3,5,E01000631,-1,0,0.0,1.0,-1,6,30,4,1,1,13:15,1,2,3
2023010482319,2023,010482319,1,1,1,1,34,6,3,0,0,0,0,0,3,2,E01000064,-1,0,0.0,1.0,-1,6,30,1,4,1,17:15,5,2,3
2023221314769,2023,221314769,1,1,3,2,27,6,2,1,3,0,0,0,0,2,E01032234,7,1,1.0,0.0,-1,6,30,1,1,1,20:30,7,1,9
2023991342057,2023,991342057,2,1,1,1,42,7,3,0,0,0,0,0,1,8,-1,3,1,0.0,1.0,-1,1,70,9,1,1,08:20,6,2,1
2023421278171,2023,421278171,1,1,3,2,37,7,2,6,9,0,0,0,0,2,E01003689,7,1,1.0,0.0,-1,6,30,1,1,1,07:45,3,1,9
2023461373893,2023,461373893,1,1,1,1,35,6,3,0,0,0,0,0,4,5,E01016156,3,1,0.0,1.0,-1,6,30,2,4,2,17:38,5,2,4
2023141372048,2023,141372048,1,2,1,1,22,5,3,0,0,0,0,0,1,9,E01019784,3,1,0.0,1.0,-1,3,40,1,1,1,14:30,3,2,1
2023061273588,2023,061273588,1,1,3,1,26,6,3,10,9,0,0,2,0,-1,-1,3,1,0.0,1.0,-1,6,30,1,1,1,09:03,6,1,9
2023501345213,2023,501345213,1,1,3,2,65,9,3,1,1,0,0,0,0,7,E01020124,3,1,0.0,1.0,-1,6,30,1,1,1,10:50,4,1,-1
2023501379613,2023,501379613,1,1,3,1,13,3,3,1,2,0,0,0,0,4,E01015169,3,1,0.0,1.0,-1,6,30,1,1,1,16:14,2,1,9
2023061382142,2023,061382142,2,1,1,1,46,8,3,0,0,0,0,0,8,2,E01004830,3,1,0.0,1.0,-1,6,30,2,4,2,23:20,5,2,8
2023010421018,2023,010421018,1,1,1,1,34,6,3,0,0,0,0,0,9,9,E01004638,-1,0,0.0,1.0,-1,1,70,2,1,2,08:27,5,2,9
2023361274876,2023,361274876,1,1,1,2,88,11,2,0,0,0,0,0,9,5,E01026894,5,1,1.0,0.0,-1,6,60,1,1,2,11:20,4,1,9
2023430529830,2023,430529830,1,1,1,1,22,5,2,0,0,0,0,0,9,10,E01028816,-1,0,1.0,0.0,-1,6,40,1,4,1,21:50,6,1,9
2023471335422,2023,471335422,2,1,2,1,70,10,3,0,0,1,0,0,9,10,E01021159,3,1,0.0,1.0,-1,6,50,2,1,1,10:30,1,2,9
2023471349777,2023,471349777,2,2,1,1,37,7,3,0,0,0,0,0,9,5,E01015904,3,1,0.0,1.0,-1,6,60,1,1,1,14:50,4,2,9
2023010425215,2023,010425215,2,2,1,1,53,8,3,0,0,0,0,0,19,3,E01000819,-1,0,0.0,1.0,-1,9,20,1,4,1,20:35,6,2,19
2023631383632,2023,631383632,1,2,2,2,17,4,3,0,0,2,0,0,9,6,W01000487,3,1,0.0,1.0,-1,6,60,2,6,2,18:24,4,1,9
2023010440280,2023,010440280,2,1,1,1,38,7,3,0,0,0,0,0,9,3,E01000044,-1,0,0.0,1.0,-1,3,30,1,4,1,21:25,7,2,9
2023461307487,2023,461307487,2,2,1,1,45,7,3,0,0,0,0,0,9,4,E01016055,3,1,0.0,1.0,-1,6,30,1,1,1,08:09,4,2,9
2023522301757,2023,522301757,1,1,1,1,52,8,3,0,0,0,0,0,9,9,E01014816,-1,0,0.00687,0.99313,-1,3,70,1,1,1,11:15,3,2,9
2023161266628,2023,161266628,1,4,2,1,21,5,3,0,0,2,0,0,9,4,W01001001,3,1,0.0,1.0,-1,6,30,8,4,4,02:40,1,1,9
2023141345240,2023,141345240,1,1,1,2,27,6,2,0,0,0,0,0,9,3,E01008027,7,1,1.0,0.0,-1,6,40,1,1,1,12:39,4,2,9
2023421389993,2023,421389993,2,1,1,2,48,8,3,0,0,0,0,0,9,3,E01015927,3,1,0.0,1.0,-1,3,70,1,4,1,22:20,2,2,9
2023471305994,2023,471305994,2,3,1,2,19,4,2,0,0,0,0,0,9,9,E01031612,5,1,1.0,0.0,-1,6,60,1,6,1,21:05,4,3,9
202360A044788,2023,60A044788,1,1,2,2,20,4,3,0,0,1,0,0,9,-1,-1,-1,0,0.14327,0.85673,-1,6,60,1,6,1,20:43,4,1,9
2023991280259,2023,991280259,1,1,1,2,20,4,3,0,0,0,0,0,9,6,-1,3,1,0.0,1.0,-1,6,60,1,1,1,14:10,6,2,9
2023451315376,2023,451315376,2,1,1,2,22,5,3,0,0,0,0,0,9,6,E01030973,3,1,0.0,1.0,-1,3,70,1,1,1,08:39,3,3,9
2023522300483,2023,522300483,1,1,1,2,48,8,3,0,0,0,0,0,9,2,E01032262,-1,0,0.00635,0.99365,-1,3,30,1,1,1,08:30,3,2,9
2023552301375,2023,552301375,1,1,1,1,17,4,3,0,0,0,0,0,9,10,E01020378,-1,0,0.14764,0.85236,-1,6,60,1,6,2,22:27,7,1,9
2023371375397,2023,371375397,1,1,1,1,20,4,3,0,0,0,0,0,9,8,E01029890,3,1,0.0,1.0,-1,6,60,1,6,1,01:06,7,1,9
2023471329797,2023,471329797,1,1,1,1,87,11,3,0,0,0,0,0,9,4,E01031455,3,1,0.0,1.0,-1,6,50,4,1,1,18:37,7,2,9
2023122300978,2023,122300978,1,3,2,-1,31,6,3,0,0,2,0,0,9,4,E01032788,-1,0,0.04798,0.95202,-1,6,60,1,1,1,16:40,7,1,9
2023161335413,2023,161335413,1,2,2,2,28,6,3,0,0,2,0,0,9,1,E01012893,3,1,0.0,1.0,-1,6,60,1,1,1,16:15,7,1,9
2023131289238,2023,131289238,1,1,1,2,35,6,3,0,0,0,0,0,19,6,E01010685,3,1,0.0,1.0,-1,1,30,1,1,2,16:20,2,2,19
2023010442565,2023,010442565,2,3,1,2,46,8,3,0,0,0,0,0,9,9,E01002259,-1,0,0.0,1.0,-1,6,60,1,1,2,12:27,6,2,9
2023201297285,2023,201297285,1,1,1,1,-1,-1,3,0,0,0,0,0,9,1,E01009638,3,1,0.0,1.0,-1,3,50,1,1,1,16:24,6,1,9
2023471346957,2023,471346957,1,1,1,1,58,9,3,0,0,0,0,0,9,6,E01021033,3,1,0.0,1.0,-1,3,30,1,1,1,14:10,4,1,9
2023622300198,2023,622300198,1,1,1,1,31,6,3,0,0,0,0,0,9,1,W01001698,-1,0,0.07499,0.92501,-1,6,60,1,6,1,20:14,5,1,9
2023010431725,2023,010431725,2,2,2,2,18,4,3,0,0,2,0,0,9,5,E01002123,-1,0,0.0,1.0,-1,3,50,1,4,1,05:30,1,2,9
2023010434588,2023,010434588,1,1,1,-1,42,7,3,0,0,0,0,0,9,1,E01004449,-1,0,0.0,1.0,-1,9,30,9,1,9,08:48,3,2,9
2023201278339,2023,201278339,2,1,1,-1,36,7,3,0,0,0,0,0,9,3,E01009831,3,1,0.0,1.0,-1,6,30,1,1,1,11:05,1,2,9
2023010474392,2023,010474392,1,1,3,2,49,8,3,5,3,0,0,0,0,10,E01030387,-1,0,0.0,1.0,-1,6,20,1,1,2,14:35,6,1,19
2023302300391,2023,302300391,1,1,3,1,11,3,3,5,4,0,0,0,0,6,E01019876,-1,0,0.15182,0.84818,-1,6,30,1,1,1,17:00,3,2,8
2023010444198,2023,010444198,1,2,2,2,60,9,3,0,0,2,0,0,8,2,E01002969,-1,0,0.0,1.0,-1,1,20,1,1,1,08:45,1,1,8
2023531416715,2023,531416715,2,1,1,1,10,2,3,0,0,0,0,0,1,4,E01022251,3,1,0.0,1.0,-1,6,30,2,1,2,18:50,6,2,1
2023610010823,2023,610010823,1,1,1,1,68,10,3,0,0,0,0,0,3,7,W01001146,-1,0,0.2389,0.7611,-1,3,70,2,6,2,21:20,5,2,3
2023010466020,2023,010466020,1,1,3,1,11,3,2,4,4,0,0,0,0,4,E01000155,-1,0,1.0,0.0,-1,6,30,1,1,1,15:50,5,1,9
2023471384500,2023,471384500,2,1,1,1,50,8,2,0,0,0,0,0,1,2,E01031450,5,1,1.0,0.0,-1,6,30,1,4,2,16:05,6,2,1
2023101395644,2023,101395644,1,1,3,2,27,6,3,1,3,0,0,0,0,-1,-1,3,1,0.0,1.0,-1,1,30,2,4,2,22:22,1,1,9
2023131294886,2023,131294886,1,1,3,2,10,2,3,1,3,0,0,2,0,3,E01011868,3,1,0.0,1.0,-1,6,30,1,1,1,15:48,7,1,97
2023361383418,2023,361383418,2,1,1,2,19,4,2,0,0,0,0,0,-1,4,E01026807,7,1,1.0,0.0,-1,6,30,1,1,2,14:40,6,2,-1
2023010429657,2023,010429657,2,1,1,2,48,8,3,0,0,0,0,0,9,-1,-1,-1,0,0.0,1.0,-1,2,30,9,7,9,18:49,1,2,9
2023122300594,2023,122300594,1,1,1,2,18,4,3,0,0,0,0,0,9,6,E01027736,-1,0,0.00511,0.99489,-1,6,30,1,1,1,09:50,7,3,9
2023311352264,2023,311352264,1,1,1,2,70,10,3,0,0,0,0,0,9,9,E01032351,3,1,0.0,1.0,-1,6,30,1,1,1,16:35,4,2,9
2023401314224,2023,401314224,3,1,1,2,27,6,3,0,0,0,0,0,9,2,E01004004,3,1,0.0,1.0,-1,6,30,1,4,1,20:52,5,4,9
2023531351802,2023,531351802,1,3,2,2,77,11,2,0,0,2,0,0,9,10,E01022197,5,1,1.0,0.0,-1,6,40,1,1,2,16:26,3,1,9
2023991309545,2023,991309545,1,1,1,2,55,8,3,0,0,0,0,0,9,9,-1,3,1,0.0,1.0,-1,6,60,1,1,1,14:17,7,2,9
2023070853462,2023,070853462,1,1,1,1,20,4,3,0,0,0,0,0,3,8,E01007110,-1,0,0.19647,0.80353,-1,6,30,1,6,1,21:20,5,1,3
2023131319610,2023,131319610,1,3,2,1,27,6,3,0,0,1,0,0,9,8,E01011694,3,1,0.0,1.0,-1,3,70,1,1,1,19:50,6,2,9
2023320041172,2023,320041172,1,1,2,2,20,4,3,0,0,1,0,0,9,-1,-1,-1,0,0.07783,0.92217,-1,6,60,8,6,4,22:19,6,1,9
2023401339111,2023,401339111,2,2,1,1,49,8,3,0,0,0,0,0,9,1,E01015795,3,1,0.0,1.0,-1,7,30,1,1,1,11:42,2,2,9
2023631391890,2023,631391890,1,2,2,2,18,4,3,0,0,1,0,0,9,7,W01000572,3,1,0.0,1.0,-1,6,40,2,6,2,02:05,1,2,9
2023010476837,2023,010476837,2,2,1,1,42,7,3,0,0,0,0,0,9,6,E01004146,-1,0,0.0,1.0,-1,3,20,1,1,2,08:11,5,2,9
2023622300082,2023,622300082,1,1,1,2,66,10,3,0,0,0,0,0,9,2,W01001271,-1,0,0.00796,0.99204,-1,6,30,3,1,3,08:23,4,2,9
2023430501594,2023,430501594,1,1,1,1,63,9,2,0,0,0,0,0,19,9,E01017558,-1,0,1.0,0.0,-1,6,60,1,7,1,19:51,3,2,19
2023010486732,2023,010486732,2,1,1,1,33,6,3,0,0,0,0,0,23,3,E01004661,-1,0,0.0,1.0,-1,3,20,1,1,1,13:45,1,2,23
2023161368140,2023,161368140,1,1,1,1,43,7,3,0,0,0,0,0,9,5,E01033414,3,1,0.0,1.0,-1,3,70,1,1,2,06:42,1,1,9
2023320376095,2023,320376095,1,3,1,2,31,6,3,0,0,0,0,0,9,1,E01026312,-1,0,0.04443,0.95557,-1,6,30,1,1,1,11:50,2,3,9
2023461356975,2023,461356975,1,1,1,1,-1,-1,3,0,0,0,0,0,9,-1,-1,3,1,0.0,1.0,-1,6,60,2,1,2,13:13,1,1,9
202363C013923,2023,63C013923,1,1,1,1,18,4,3,0,0,0,0,0,9,3,E01006722,-1,0,0.12955,0.87045,-1,6,30,2,6,2,21:55,4,1,9
2023161319563,2023,161319563,1,1,3,1,5,1,2,5,3,0,0,2,0,1,E01012951,7,1,1.0,0.0,-1,6,30,1,1,1,18:30,7,1,9
2023311378850,2023,311378850,1,1,3,1,5,1,2,5,2,0,0,0,0,1,E01028055,7,1,1.0,0.0,-1,6,30,1,1,1,15:25,5,2,9
2023522300223,2023,522300223,2,1,1,2,-1,-1,3,0,0,0,0,0,1,-1,-1,-1,0,0.02666,0.97334,-1,6,20,1,1,1,14:20,3,2,1
2023421344844,2023,421344844,2,1,1,1,65,9,3,0,0,0,0,0,5,7,E01021832,3,1,0.0,1.0,-1,6,30,1,1,1,15:15,4,2,5
2023421263537,2023,421263537,1,1,1,2,83,11,1,0,0,0,0,0,9,4,E01021707,1,1,0.0,0.0,-1,6,40,1,1,1,13:56,1,2,9
2023471358148,2023,471358148,1,1,1,1,20,4,3,0,0,0,0,0,9,7,E01022795,3,1,0.0,1.0,-1,3,70,1,6,1,05:20,1,1,9
2023440004040,2023,440004040,2,1,1,2,48,8,3,0,0,0,0,0,9,6,E01017173,-1,0,0.01789,0.98211,-1,6,30,2,1,2,11:00,3,2,9
2023351303347,2023,351303347,1,1,1,2,51,8,3,0,0,0,0,0,9,4,E01015623,3,1,0.0,1.0,-1,3,70,1,1,1,13:45,4,2,9
2023520300610,2023,520300610,2,26,2,1,64,9,3,0,0,0,4,0,11,8,-1,-1,0,0.0839,0.9161,-1,6,40,1,6,4,06:00,3,3,11
2023471270980,2023,471270980,1,1,3,1,65,9,2,8,3,0,0,0,0,5,E01031731,5,1,1.0,0.0,-1,6,40,1,4,1,06:33,4,1,9
2023201284535,2023,201284535,2,1,1,1,37,7,2,0,0,0,0,0,1,3,E01009178,7,1,1.0,0.0,-1,6,30,1,1,1,17:40,6,2,1
2023010471028,2023,010471028,2,1,3,1,25,5,3,6,9,0,0,0,0,2,E01001110,-1,0,0.0,1.0,-1,6,20,1,4,1,18:55,2,2,9
2023332301244,2023,332301244,1,1,3,1,27,6,1,9,7,0,0,0,0,-1,-1,-1,0,0.0,0.0,-1,6,60,1,1,1,08:33,2,1,9
2023991337520,2023,991337520,2,1,1,1,11,3,3,0,0,0,0,0,1,-1,-1,3,1,0.0,1.0,-1,6,30,2,1,2,07:55,4,2,1
2023010438220,2023,010438220,1,1,1,1,21,5,3,0,0,0,0,0,3,5,E01003085,-1,0,0.0,1.0,-1,9,20,1,1,1,11:15,4,2,3
2023052301002,2023,052301002,1,1,3,2,29,6,3,9,5,0,0,0,0,8,E01007032,-1,0,0.16187,0.83813,-1,6,30,1,1,1,18:07,2,1,8
2023440053919,2023,440053919,1,1,3,2,39,7,2,1,3,0,0,0,0,3,E01017189,-1,0,1.0,0.0,-1,6,30,1,1,1,15:24,4,1,-1
2023461372373,2023,461372373,1,1,3,2,-1,-1,3,6,7,0,0,0,0,6,E01024363,3,1,0.0,1.0,-1,6,20,1,1,1,15:35,4,1,9
2023340WN2362,2023,340WN2362,2,2,1,1,64,9,3,0,0,0,0,0,9,6,E01029753,-1,0,0.06025,0.93975,-1,6,30,1,1,1,17:15,5,2,9