collision_index,collision_year,collision_ref_no,vehicle_reference,casualty_reference,casualty_class,sex_of_casualty,age_of_casualty,age_band_of_casualty,casualty_severity,pedestrian_location,pedestrian_movement,car_passenger,bus_or_coach_passenger,pedestrian_road_maintenance_worker,casualty_type,casualty_imd_decile,lsoa_of_casualty,enhanced_casualty_severity,casualty_injury_based,casualty_adjusted_severity_serious,casualty_adjusted_severity_slight,casualty_distance_banding,road_type,speed_limit,weather_conditions,light_conditions,road_surface_conditions,time,day_of_week,number_of_vehicles,vehicle_type
2023610002423,2023,610002423,1,2,2,2,41,7,3,0,0,1,0,0,9,4,W01001429,-1,0,0.21659,0.78341,-1,6,50,1,4,2,23:30,7,1,9
2023421344006,2023,421344006,1,1,1,2,85,11,2,0,0,0,0,0,9,2,E01021977,6,1,1.0,0.0,-1,6,30,1,1,1,13:47,2,2,9
2023430516316,2023,430516316,1,1,1,2,38,7,1,0,0,0,0,0,9,4,E01016829,-1,0,0.0,0.0,-1,3,70,1,7,2,22:04,5,3,9
2023501391053,2023,501391053,3,3,2,1,6,2,3,0,0,-1,0,0,9,5,E01029173,3,1,0.0,1.0,-1,6,40,1,1,1,09:48,6,4,9
2023401320333,2023,401320333,1,1,1,1,30,6,3,0,0,0,0,0,9,7,E01017584,3,1,0.0,1.0,-1,6,30,1,1,1,17:52,3,2,9
2023070250102,2023,070250102,2,1,1,2,32,6,3,0,0,0,0,0,9,-1,-1,-1,0,0.06634,0.93366,-1,6,60,1,1,1,14:40,6,2,9
2023552300445,2023,552300445,1,1,2,1,28,6,3,0,0,1,0,0,9,5,E01020536,-1,0,0.03992,0.96008,-1,1,30,1,4,4,20:49,2,1,9
2023311263530,2023,311263530,2,1,2,1,6,2,3,0,0,1,0,0,9,4,E01028305,3,1,0.0,1.0,-1,6,30,1,1,2,12:45,7,2,9
2023421356685,2023,421356685,1,1,1,1,18,4,2,0,0,0,0,0,9,-1,-1,5,1,1.0,0.0,-1,6,30,1,4,1,00:39,4,1,9
2023101352130,2023,101352130,2,1,2,1,35,6,3,0,0,1,0,0,9,-1,-1,3,1,0.0,1.0,-1,3,50,1,1,2,13:20,2,2,9
2023440195132,2023,440195132,2,2,1,1,71,10,3,0,0,0,0,0,9,10,E01022590,-1,0,0.13452,0.86548,-1,3,70,1,6,1,22:00,4,3,9
2023311350163,2023,311350163,1,1,1,1,46,8,3,0,0,0,0,0,9,3,E01021862,3,1,0.0,1.0,-1,1,60,1,1,1,19:15,5,1,9
2023451278108,2023,451278108,1,1,1,2,27,6,3,0,0,0,0,0,9,2,E01004570,3,1,0.0,1.0,-1,6,30,1,1,1,15:36,1,2,9
2023501315983,2023,501315983,1,1,1,1,57,9,2,0,0,0,0,0,1,5,E01020149,5,1,1.0,0.0,-1,6,60,1,6,1,01:00,7,1,1
2023991317801,2023,991317801,1,1,3,1,8,2,3,5,1,0,0,0,0,9,-1,3,1,0.0,1.0,-1,6,30,1,1,1,16:30,2,1,11
2023131370361,2023,131370361,1,1,1,1,29,6,3,0,0,0,0,0,9,1,E01033691,3,1,0.0,1.0,-1,6,30,1,1,2,14:58,5,2,9
2023201444076,2023,201444076,2,1,1,2,46,8,3,0,0,0,0,0,9,1,E01009360,3,1,0.0,1.0,-1,6,30,8,1,1,08:40,7,2,9
2023332300812,2023,332300812,1,1,2,1,23,5,3,0,0,1,0,0,9,2,E01013739,-1,0,0.00341,0.99659,-1,6,30,1,1,1,09:30,2,2,9
2023010445864,2023,010445864,1,1,3,1,11,3,3,5,3,0,0,0,0,3,E01002559,-1,0,0.0,1.0,-1,6,20,1,1,1,18:00,2,1,9
2023440479468,2023,440479468,1,1,3,2,35,6,3,1,2,0,0,0,0,8,E01023049,-1,0,0.16998,0.83002,-1,6,30,1,1,1,12:17,5,1,9
2023101375142,2023,101375142,1,1,1,1,29,6,3,0,0,0,0,0,9,8,E01012225,3,1,0.0,1.0,-1,3,70,1,1,2,10:20,4,2,9
2023131307161,2023,131307161,1,1,1,1,42,7,3,0,0,0,0,0,9,1,E01011348,3,1,0.0,1.0,-1,7,40,1,1,1,08:13,1,3,9
2023201452231,2023,201452231,1,2,2,1,10,2,2,0,0,1,0,0,9,1,E01009929,7,1,1.0,0.0,-1,6,30,2,1,2,14:51,5,1,9
2023010467222,2023,010467222,1,1,2,2,52,8,3,0,0,0,3,0,11,1,E01001356,-1,0,0.0,1.0,-1,6,20,2,1,2,15:06,4,1,11
2023311347863,2023,311347863,1,1,1,1,18,4,2,0,0,0,0,0,-1,7,E01028086,5,1,1.0,0.0,-1,6,30,1,4,1,02:10,7,2,-1
2023501286559,2023,501286559,2,1,1,2,24,5,2,0,0,0,0,0,3,6,E01020083,6,1,1.0,0.0,-1,6,30,1,4,2,20:13,3,2,3
2023311333444,2023,311333444,1,1,3,2,50,8,2,9,9,0,0,0,0,7,E01028293,7,1,1.0,0.0,-1,6,30,1,1,1,10:40,7,2,19
2023451317125,2023,451317125,1,1,3,1,57,9,3,4,9,0,0,0,0,9,E01030669,3,1,0.0,1.0,-1,1,40,1,1,2,09:30,7,2,1
2023010470490,2023,010470490,2,1,1,2,24,5,3,0,0,0,0,0,1,9,E01031769,-1,0,0.0,1.0,-1,3,20,1,4,1,20:46,6,2,1
2023610008923,2023,610008923,2,1,1,1,11,3,2,0,0,0,0,0,1,4,W01001622,-1,0,1.0,0.0,-1,6,20,1,1,1,15:00,7,2,1
2023371346803,2023,371346803,1,1,1,1,21,5,3,0,0,0,0,0,9,6,E01029983,3,1,0.0,1.0,-1,6,30,1,4,1,01:29,7,1,9
2023991331226,2023,991331226,1,1,1,1,19,4,2,0,0,0,0,0,23,1,-1,7,1,1.0,0.0,-1,3,30,1,1,1,16:14,4,1,23
2023361322991,2023,361322991,1,1,1,1,19,4,2,0,0,0,0,0,5,5,E01026645,7,1,1.0,0.0,-1,6,60,1,6,1,00:01,3,1,5
2023010457487,2023,010457487,1,1,3,2,68,10,2,6,9,0,0,0,0,6,-1,-1,0,1.0,0.0,-1,6,20,1,1,1,10:27,5,2,9
2023141391647,2023,141391647,1,1,3,2,-1,-1,3,5,3,0,0,0,0,-1,-1,3,1,0.0,1.0,-1,6,30,2,1,2,12:20,6,1,9
2023010455200,2023,010455200,2,1,1,1,61,9,2,0,0,0,0,0,1,1,E01004244,-1,0,1.0,0.0,-1,6,20,2,1,2,17:51,6,2,1
2023320549670,2023,320549670,5,3,1,2,63,9,3,0,0,0,0,0,9,4,E01007625,-1,0,0.05506,0.94494,-1,6,60,1,1,1,13:19,2,6,9
2023041302062,2023,041302062,2,1,1,2,42,7,2,0,0,0,0,0,1,2,E01012709,7,1,1.0,0.0,-1,6,30,1,1,1,08:36,6,2,1
2023461348767,2023,461348767,2,2,2,2,58,9,3,0,0,1,0,0,9,7,E01032811,3,1,0.0,1.0,-1,6,60,1,1,1,10:30,6,2,9
2023501315927,2023,501315927,3,5,2,2,-1,-1,3,0,0,2,0,0,9,3,E01020104,3,1,0.0,1.0,-1,6,30,1,1,1,08:40,4,3,9
2023543469823,2023,543469823,2,2,1,2,51,8,3,0,0,0,0,0,9,10,E01023371,-1,0,0.06944,0.93056,-1,6,60,1,1,2,15:23,7,3,9
2023631381876,2023,631381876,1,1,1,2,18,4,3,0,0,0,0,0,9,6,W01000509,3,1,0.0,1.0,-1,6,60,1,6,2,01:00,1,1,9
2023430396765,2023,430396765,1,1,1,1,22,5,2,0,0,0,0,0,5,10,E01016386,-1,0,1.0,0.0,-1,6,40,1,1,1,19:04,2,2,5
2023221297275,2023,221297275,1,1,3,2,49,8,3,1,3,0,0,0,0,3,E01014005,3,1,0.0,1.0,-1,6,30,1,1,1,11:30,4,1,9
2023010425564,2023,010425564,1,1,2,2,26,6,3,0,0,2,0,0,9,5,E01000975,-1,0,0.0,1.0,-1,6,60,1,6,1,03:10,2,1,9
2023122400142,2023,122400142,1,1,1,2,92,11,2,0,0,0,0,0,9,6,E01027764,-1,0,1.0,0.0,-1,6,30,2,4,2,15:40,5,2,9
2023471426022,2023,471426022,1,1,1,1,36,7,2,0,0,0,0,0,9,7,E01020970,7,1,1.0,0.0,-1,6,40,1,4,1,00:56,7,4,9
2023501319771,2023,501319771,2,1,1,2,45,7,3,0,0,0,0,0,9,8,E01020190,3,1,0.0,1.0,-1,6,50,1,1,1,13:11,7,3,9
2023531324987,2023,531324987,1,2,1,1,75,10,3,0,0,0,0,0,9,4,E01031895,3,1,0.0,1.0,-1,6,60,1,1,1,13:20,1,3,9
2023547387523,2023,547387523,2,4,2,1,9,2,3,0,0,2,0,0,9,-1,-1,-1,0,0.04865,0.95135,-1,6,60,2,1,2,18:28,6,2,9
2023010475432,2023,010475432,1,1,1,1,47,8,3,0,0,0,0,0,1,5,E01000251,-1,0,0.0,1.0,-1,6,30,2,4,2,06:33,5,2,1
2023401332721,2023,401332721,1,1,1,1,28,6,3,0,0,0,0,0,9,4,E01015810,3,1,0.0,1.0,-1,3,30,1,1,1,17:07,1,4,9
2023440104596,2023,440104596,2,2,1,1,54,8,3,0,0,0,0,0,9,10,E01023265,-1,0,0.04232,0.95768,-1,6,30,2,4,2,18:25,4,2,9
2023052300073,2023,052300073,1,1,3,2,34,6,3,5,9,0,0,0,0,3,E01007216,-1,0,0.08001,0.91999,-1,6,30,2,1,2,08:55,3,1,9
2023201290780,2023,201290780,1,1,3,1,15,3,3,4,1,0,0,0,0,6,E01009778,3,1,0.0,1.0,-1,6,30,1,1,1,15:03,2,1,9
2023522300160,2023,522300160,1,1,3,2,35,6,3,9,5,0,0,0,0,6,E01014769,-1,0,0.01903,0.98097,-1,6,30,9,1,1,14:15,6,2,9
2023010427367,2023,010427367,1,1,1,1,39,7,3,0,0,0,0,0,2,7,E01002427,-1,0,0.0,1.0,-1,6,30,9,1,1,16:20,4,2,2
2023010431599,2023,010431599,1,1,1,1,35,6,2,0,0,0,0,0,3,3,E01004437,-1,0,1.0,0.0,-1,6,20,1,1,1,09:24,7,2,3
2023471323351,2023,471323351,1,2,2,2,60,9,3,0,0,1,0,0,9,5,E01031385,3,1,0.0,1.0,-1,3,50,1,1,1,14:45,2,2,9
2023332301262,2023,332301262,2,1,1,1,67,10,2,0,0,0,0,0,21,3,E01010980,-1,0,1.0,0.0,-1,3,70,1,1,2,12:00,2,2,21
2023010463289,2023,010463289,1,1,1,1,32,6,3,0,0,0,0,0,1,3,E01024280,-1,0,0.0,1.0,-1,6,30,1,1,1,18:50,4,2,1
2023531300865,2023,531300865,1,1,1,1,53,8,2,0,0,0,0,0,1,4,E01022250,5,1,1.0,0.0,-1,6,60,1,1,1,15:30,3,2,1
2023010471017,2023,010471017,1,1,1,2,22,5,3,0,0,0,0,0,3,2,E01004014,-1,0,0.0,1.0,-1,6,20,1,1,1,16:30,2,2,3
2023141370200,2023,141370200,1,1,1,2,26,6,3,0,0,0,0,0,9,2,E01033278,3,1,0.0,1.0,-1,6,30,1,4,2,19:26,5,2,9
2023311294456,2023,311294456,1,1,1,2,37,7,3,0,0,0,0,0,9,8,E01027944,3,1,0.0,1.0,-1,6,30,2,4,2,23:35,7,2,9
2023010438289,2023,010438289,1,1,3,2,41,7,3,5,2,0,0,0,0,3,E01000545,-1,0,0.0,1.0,-1,6,20,1,1,1,17:39,4,1,5
2023201367198,2023,201367198,1,1,3,1,10,2,3,8,5,0,0,0,0,1,E01033628,3,1,0.0,1.0,-1,6,30,1,1,1,09:40,6,1,9
2023010428375,2023,010428375,2,1,1,1,27,6,2,0,0,0,0,0,1,3,E01000961,-1,0,1.0,0.0,-1,6,20,1,1,1,12:20,3,2,1
2023411325355,2023,411325355,2,1,1,1,21,5,3,0,0,0,0,0,3,5,E01023773,3,1,0.0,1.0,-1,1,40,1,1,1,13:10,1,2,3
2023041317174,2023,041317174,1,1,1,2,22,5,3,0,0,0,0,0,9,6,E01032928,3,1,0.0,1.0,-1,3,40,1,1,1,17:53,7,2,9
2023131339559,2023,131339559,2,1,1,2,21,5,3,0,0,0,0,0,9,6,E01011440,3,1,0.0,1.0,-1,6,30,1,1,1,14:52,3,2,9
2023141360556,2023,141360556,2,1,1,2,54,8,3,0,0,0,0,0,9,-1,-1,3,1,0.0,1.0,-1,6,30,1,1,1,15:48,7,2,9
2023320579524,2023,320579524,1,1,1,1,69,10,3,0,0,0,0,0,9,4,E01026180,-1,0,0.12171,0.87829,-1,6,50,9,1,1,12:08,4,1,9
2023451266755,2023,451266755,2,1,1,1,79,11,2,0,0,0,0,0,9,3,E01030588,6,1,1.0,0.0,-1,6,30,1,1,2,07:40,2,2,9
2023010474380,2023,010474380,1,1,1,1,30,6,3,0,0,0,0,0,3,2,E01002076,-1,0,0.0,1.0,-1,9,20,9,7,9,17:15,5,2,3
2023332300238,2023,332300238,1,1,3,1,19,4,3,5,3,0,0,0,0,2,E01013688,-1,0,0.0482,0.9518,-1,6,30,1,1,1,13:00,2,1,98
2023010451423,2023,010451423,1,1,3,2,33,6,3,5,2,0,0,0,0,-1,-1,-1,0,0.0,1.0,-1,6,20,1,1,1,15:35,1,1,9
2023161342196,2023,161342196,1,1,1,1,41,7,3,0,0,0,0,0,1,2,E01012763,3,1,0.0,1.0,-1,6,30,1,1,1,07:32,2,2,1
2023010424157,2023,010424157,2,2,2,1,-1,-1,2,0,0,0,0,0,4,-1,-1,-1,0,1.0,0.0,-1,3,20,1,1,1,11:40,1,2,4
2023522301755,2023,522301755,1,1,1,1,55,8,3,0,0,0,0,0,3,3,W01001362,-1,0,0.1535,0.8465,-1,3,70,1,6,1,00:10,6,2,3
2023231371511,2023,231371511,2,5,2,2,75,10,1,0,0,1,0,0,9,9,E01028213,1,1,0.0,0.0,-1,6,60,1,6,1,20:01,7,2,9
2023461289944,2023,461289944,1,1,1,2,75,10,3,0,0,0,0,0,9,6,E01024094,3,1,0.0,1.0,-1,6,30,1,1,2,12:27,4,2,9
2023552300994,2023,552300994,2,1,1,1,28,6,3,0,0,0,0,0,9,6,E01020441,-1,0,0.04255,0.95745,-1,6,60,1,1,1,11:28,4,2,9
2023302300603,2023,302300603,1,2,1,1,22,5,3,0,0,0,0,0,9,2,E01019510,-1,0,0.02564,0.97436,-1,6,30,1,1,1,17:41,4,2,9
2023302301389,2023,302301389,1,1,1,2,18,4,3,0,0,0,0,0,9,2,E01026957,-1,0,0.05346,0.94654,-1,6,50,1,6,1,20:00,5,2,9
2023320029146,2023,320029146,1,1,2,2,84,11,2,0,0,1,0,0,9,7,E01026299,-1,0,1.0,0.0,-1,6,30,9,1,2,15:10,6,2,9
2023631319562,2023,631319562,2,4,2,1,16,4,3,0,0,0,0,0,19,7,W01000679,3,1,0.0,1.0,-1,6,60,1,1,1,07:55,5,2,19
2023010450365,2023,010450365,1,1,1,1,17,4,3,0,0,0,0,0,1,7,E01001534,-1,0,0.0,1.0,-1,6,20,1,1,1,16:00,6,2,1
2023052301700,2023,052301700,2,1,1,2,34,6,3,0,0,0,0,0,9,1,E01007016,-1,0,0.03316,0.96684,-1,6,30,1,1,1,10:20,2,2,9
2023430124511,2023,430124511,2,1,1,1,35,6,3,0,0,0,0,0,9,10,E01016736,-1,0,0.00973,0.99027,-1,6,30,8,1,2,07:55,2,2,9
2023131281986,2023,131281986,2,1,1,1,50,8,3,0,0,0,0,0,9,1,E01011673,3,1,0.0,1.0,-1,3,30,2,1,2,15:55,4,2,9
2023201416094,2023,201416094,3,4,2,2,8,2,3,0,0,2,0,0,9,4,E01010325,3,1,0.0,1.0,-1,6,30,1,1,1,11:57,1,4,9
2023401377616,2023,401377616,1,1,1,1,31,6,3,0,0,0,0,0,9,4,E01002607,3,1,0.0,1.0,-1,6,60,2,4,2,20:19,5,1,9
2023311339074,2023,311339074,1,1,1,1,21,5,2,0,0,0,0,0,5,1,E01027951,7,1,1.0,0.0,-1,6,30,1,1,1,09:30,2,3,5
2023361299762,2023,361299762,1,1,1,2,25,5,3,0,0,0,0,0,9,4,E01030230,3,1,0.0,1.0,-1,3,70,1,1,1,17:30,7,1,9
2023440169904,2023,440169904,2,2,2,1,26,6,3,0,0,1,0,0,9,2,E01017156,-1,0,0.08803,0.91197,-1,6,30,1,4,1,02:18,2,2,9
2023991384414,2023,991384414,2,1,1,1,67,10,3,0,0,0,0,0,9,9,-1,3,1,0.0,1.0,-1,3,50,8,1,2,08:45,6,5,9
2023010444099,2023,010444099,1,1,1,1,45,7,3,0,0,0,0,0,8,6,E01002662,-1,0,0.0,1.0,-1,3,40,1,1,2,15:00,7,2,8
2023010455790,2023,010455790,2,1,2,1,32,6,3,0,0,1,0,0,9,5,E01002395,-1,0,0.0,1.0,-1,6,40,1,4,1,23:41,2,2,9
2023041387331,2023,041387331,2,2,1,2,64,9,3,0,0,0,0,0,9,10,E01025350,3,1,0.0,1.0,-1,6,30,9,1,2,13:15,6,2,9
2023131261710,2023,131261710,1,1,2,1,87,11,3,0,0,1,0,0,9,6,E01010578,3,1,0.0,1.0,-1,1,30,5,4,2,16:28,3,2,9
2023131358000,2023,131358000,2,1,1,2,42,7,3,0,0,0,0,0,9,8,E01011934,3,1,0.0,1.0,-1,6,30,2,1,2,13:51,7,2,9
2023520301823,2023,520301823,1,2,2,1,23,5,3,0,0,1,0,0,9,4,E01029334,-1,0,0.00969,0.99031,-1,6,50,1,1,1,11:10,7,2,9
2023622300961,2023,622300961,2,1,1,2,64,9,3,0,0,0,0,0,9,2,W01001212,-1,0,0.02964,0.97036,-1,6,20,1,4,1,20:30,6,2,9
202363A028223,2023,63A028223,2,3,2,2,2,1,3,0,0,2,0,0,9,-1,-1,-1,0,0.09009,0.90991,-1,6,60,1,1,1,15:22,2,2,9
2023991389924,2023,991389924,1,1,2,2,58,9,3,0,0,1,0,0,9,-1,-1,3,1,0.0,1.0,-1,6,60,1,6,2,16:37,1,2,9
2023201382032,2023,201382032,2,1,1,1,49,8,3,0,0,0,0,0,19,6,E01031153,3,1,0.0,1.0,-1,1,30,1,1,2,10:35,4,2,19
2023010466898,2023,010466898,1,1,1,2,58,9,3,0,0,0,0,0,9,10,E01002437,-1,0,0.0,1.0,-1,6,30,9,1,9,14:33,1,2,9
2023531327296,2023,531327296,1,2,2,2,20,4,3,0,0,1,0,0,9,4,E01022173,3,1,0.0,1.0,-1,6,60,1,6,4,01:30,7,1,9
2023991395670,2023,991395670,3,1,1,1,41,7,3,0,0,0,0,0,9,4,-1,3,1,0.0,1.0,-1,1,30,1,1,1,11:20,1,2,9
2023320363215,2023,320363215,1,1,1,1,33,6,3,0,0,0,0,0,5,5,E01026290,-1,0,0.13153,0.86847,-1,6,30,1,1,1,17:40,3,1,5
2023351303473,2023,351303473,2,1,1,1,78,11,2,0,0,0,0,0,9,9,E01018120,6,1,1.0,0.0,-1,6,40,1,1,1,09:45,3,2,9
2023461326280,2023,461326280,2,2,1,2,30,6,3,0,0,0,0,0,9,2,E01016068,3,1,0.0,1.0,-1,6,30,1,1,1,12:23,2,2,9
2023520301669,2023,520301669,2,2,1,1,32,6,3,0,0,0,0,0,9,-1,-1,-1,0,0.04685,0.95315,-1,6,60,1,1,1,10:45,5,2,9
2023010423267,2023,010423267,1,2,3,2,5,1,3,5,4,0,0,0,0,2,E01001130,-1,0,0.0,1.0,-1,6,20,1,1,1,15:18,3,1,9
2023451389163,2023,451389163,1,1,3,1,75,10,3,6,9,0,0,0,0,10,E01030926,3,1,0.0,1.0,-1,6,30,1,1,2,09:51,3,1,19
2023522301628,2023,522301628,1,1,3,1,50,8,2,1,1,0,0,0,0,2,E01014608,-1,0,1.0,0.0,-1,6,30,1,1,1,17:02,1,1,9
2023221269348,2023,221269348,1,1,2,2,69,10,3,0,0,0,0,0,19,7,E01029671,3,1,0.0,1.0,-1,3,70,1,1,1,15:40,7,1,19
2023010480128,2023,010480128,1,1,1,1,58,9,3,0,0,0,0,0,9,3,E01002806,-1,0,0.0,1.0,-1,6,20,1,1,1,15:48,7,2,9
2023070183364,2023,070183364,2,1,1,1,27,6,3,0,0,0,0,0,9,-1,-1,-1,0,0.03294,0.96706,-1,6,30,1,1,1,15:29,6,2,9
2023201291918,2023,201291918,2,2,2,2,18,4,3,0,0,1,0,0,9,2,E01009043,3,1,0.0,1.0,-1,6,30,3,1,2,16:00,5,2,9
2023061261768,2023,061261768,2,2,2,1,16,4,2,0,0,0,0,0,4,3,E01005528,5,1,1.0,0.0,-1,6,30,2,4,2,16:30,5,2,4
2023461277408,2023,461277408,1,1,1,1,18,4,2,0,0,0,0,0,4,4,E01024284,7,1,1.0,0.0,-1,6,30,1,1,1,16:21,6,2,4
2023440204686,2023,440204686,1,1,1,1,49,8,2,0,0,0,0,0,5,7,E01023177,-1,0,1.0,0.0,-1,6,60,1,1,1,07:08,4,1,5
2023411299542,2023,411299542,1,1,3,2,77,11,2,5,1,0,0,0,0,10,E01023520,5,1,1.0,0.0,-1,6,30,1,1,1,12:23,5,1,9
2023041304458,2023,041304458,1,1,1,2,36,7,3,0,0,0,0,0,9,9,E01025127,3,1,0.0,1.0,-1,6,30,1,1,1,18:03,4,2,9
2023361332599,2023,361332599,1,1,1,1,46,8,2,0,0,0,0,0,9,3,E01026455,5,1,1.0,0.0,-1,6,40,8,1,2,07:16,2,2,9
2023622400011,2023,622400011,1,3,2,1,18,4,3,0,0,1,0,0,9,8,W01001252,-1,0,0.05543,0.94457,-1,6,20,2,4,2,19:01,2,2,9
2023010459609,2023,010459609,2,1,1,1,24,5,3,0,0,0,0,0,3,1,E01003577,-1,0,0.0,1.0,-1,3,30,2,4,2,21:58,3,2,3
2023430045104,2023,430045104,2,1,1,1,35,6,3,0,0,0,0,0,4,5,E01016754,-1,0,0.14614,0.85386,-1,3,40,1,7,1,18:22,2,2,4
2023401307965,2023,401307965,1,2,2,2,27,6,3,0,0,1,0,0,9,9,E01033194,3,1,0.0,1.0,-1,3,70,1,1,1,15:04,1,6,9
2023501324048,2023,501324048,1,2,2,2,18,4,3,0,0,2,0,0,9,7,E01018899,3,1,0.0,1.0,-1,6,60,1,1,1,09:40,5,2,9
2023010460794,2023,010460794,2,1,1,1,31,6,3,0,0,0,0,0,3,2,E01033726,-1,0,0.0,1.0,-1,6,20,1,1,1,15:50,3,2,3
2023351266790,2023,351266790,1,1,1,1,67,10,3,0,0,0,0,0,98,5,E01026703,3,1,0.0,1.0,-1,6,60,1,1,2,14:50,3,1,98
2023552300568,2023,552300568,1,2,1,1,16,4,2,0,0,0,0,0,2,6,E01020493,-1,0,1.0,0.0,-1,6,40,1,1,1,14:06,5,2,2
2023061302746,2023,061302746,3,1,1,2,31,6,3,0,0,0,0,0,9,1,E01005091,3,1,0.0,1.0,-1,6,30,1,1,1,10:00,1,5,9
2023061377648,2023,061377648,2,1,1,2,44,7,3,0,0,0,0,0,9,2,E01005438,3,1,0.0,1.0,-1,6,30,2,4,2,17:05,3,2,9
2023061388598,2023,061388598,2,1,1,-1,38,7,3,0,0,0,0,0,9,4,E01006280,3,1,0.0,1.0,-1,6,20,1,1,1,07:30,7,2,9
2023520301156,2023,520301156,1,1,1,1,39,7,2,0,0,0,0,0,9,4,E01032516,-1,0,1.0,0.0,-1,3,70,1,1,1,21:00,4,1,9
2023991369177,2023,991369177,1,1,1,1,18,4,2,0,0,0,0,0,9,7,-1,7,1,1.0,0.0,-1,6,60,1,6,2,22:13,3,1,9
2023991375819,2023,991375819,1,1,1,2,74,10,3,0,0,0,0,0,9,8,-1,3,1,0.0,1.0,-1,6,40,2,6,2,05:26,2,1,9
2023501281516,2023,501281516,3,3,1,1,16,4,3,0,0,0,0,0,2,3,E01015248,3,1,0.0,1.0,-1,6,30,1,4,1,19:40,3,3,2
2023320388733,2023,320388733,2,1,2,1,18,4,3,0,0,1,0,0,9,4,E01026207,-1,0,0.09636,0.90364,-1,6,60,1,1,1,21:30,7,2,9
2023440230653,2023,440230653,1,1,1,1,42,7,3,0,0,0,0,0,9,4,E01017137,-1,0,0.1057,0.8943,-1,6,30,1,4,1,00:17,1,4,9
2023141341012,2023,141341012,1,1,1,2,55,8,3,0,0,0,0,0,9,7,E01011176,3,1,0.0,1.0,-1,6,30,1,1,1,15:19,7,2,9
2023471302155,2023,471302155,1,3,2,1,26,6,3,0,0,1,0,0,9,6,E01024807,3,1,0.0,1.0,-1,6,30,1,4,1,01:35,7,2,9
2023371358466,2023,371358466,2,1,1,1,59,9,2,0,0,0,0,0,1,6,E01030081,7,1,1.0,0.0,-1,6,40,1,1,1,09:20,7,2,1
2023010484714,2023,010484714,1,1,1,1,35,6,3,0,0,0,0,0,3,3,E01015854,-1,0,0.0,1.0,-1,9,20,9,7,9,16:30,6,2,3
2023401326600,2023,401326600,1,1,1,1,55,8,3,0,0,0,0,0,3,8,E01015706,3,1,0.0,1.0,-1,3,30,1,1,1,07:47,6,1,3
2023010457175,2023,010457175,1,1,1,2,40,7,3,0,0,0,0,0,9,1,E01001559,-1,0,0.0,1.0,-1,6,20,1,1,1,14:12,3,2,9
2023430198247,2023,430198247,2,3,1,2,66,10,2,0,0,0,0,0,9,4,E01028525,-1,0,1.0,0.0,-1,6,50,1,6,1,00:55,1,2,9
2023430436019,2023,430436019,1,1,3,2,20,4,3,4,1,0,0,0,0,2,E01016443,-1,0,0.0369,0.9631,-1,6,30,1,1,1,15:10,5,1,9
2023631345193,2023,631345193,1,1,3,2,39,7,3,9,9,0,0,2,0,5,E01014961,3,1,0.0,1.0,-1,2,30,2,1,2,08:30,3,1,9
2023010429816,2023,010429816,2,1,1,1,53,8,3,0,0,0,0,0,1,3,E01001175,-1,0,0.0,1.0,-1,6,30,1,1,1,06:55,4,2,1
2023440444302,2023,440444302,1,1,1,1,50,8,3,0,0,0,0,0,1,1,E01032755,-1,0,0.14173,0.85827,-1,6,40,1,1,2,14:25,2,2,1
2023010481491,2023,010481491,2,1,1,1,31,6,3,0,0,0,0,0,3,3,E01002841,-1,0,0.0,1.0,-1,6,20,1,1,4,09:14,7,2,3
2023501376353,2023,501376353,3,2,1,1,21,5,3,0,0,0,0,0,19,3,E01015235,3,1,0.0,1.0,-1,3,70,1,1,1,09:55,6,3,19
2023991392261,2023,991392261,1,1,3,2,16,4,3,4,3,0,0,0,0,3,-1,3,1,0.0,1.0,-1,6,30,9,1,2,17:00,4,1,-1
202360A107281,2023,60A107281,1,1,1,1,33,6,2,0,0,0,0,0,9,-1,-1,-1,0,1.0,0.0,-1,6,50,2,1,2,16:50,7,1,9
2023421318452,2023,421318452,2,1,1,1,16,4,3,0,0,0,0,0,-1,3,E01021490,3,1,0.0,1.0,-1,6,30,1,1,1,10:50,1,2,-1
2023101383239,2023,101383239,1,3,3,2,26,6,3,10,9,0,0,0,0,-1,-1,3,1,0.0,1.0,-1,6,30,3,4,3,00:15,1,1,8
2023131329091,2023,131329091,2,1,1,1,21,5,3,0,0,0,0,0,1,1,E01011491,3,1,0.0,1.0,-1,6,30,1,7,1,22:27,6,2,1
2023440266098,2023,440266098,2,1,1,1,26,6,3,0,0,0,0,0,1,3,E01017191,-1,0,0.11956,0.88044,-1,6,30,2,1,2,14:27,2,2,1
2023201290868,2023,201290868,2,3,2,2,13,3,3,0,0,-1,0,0,9,-1,-1,3,1,0.0,1.0,-1,6,40,1,1,-1,17:30,7,2,9
2023201337359,2023,201337359,2,1,1,1,47,8,2,0,0,0,0,0,9,1,E01010316,7,1,1.0,0.0,-1,6,30,1,1,1,15:50,4,2,9
2023201379182,2023,201379182,1,1,2,2,60,9,2,0,0,-1,0,0,9,-1,-1,6,1,1.0,0.0,-1,3,60,1,1,1,14:21,7,5,9
2023010463001,2023,010463001,1,1,1,2,32,6,2,0,0,0,0,0,1,7,E01002687,-1,0,1.0,0.0,-1,9,20,8,1,1,17:50,2,2,1