collision_index,collision_year,collision_ref_no,vehicle_reference,casualty_reference,casualty_class,sex_of_casualty,age_of_casualty,age_band_of_casualty,casualty_severity,pedestrian_location,pedestrian_movement,car_passenger,bus_or_coach_passenger,pedestrian_road_maintenance_worker,casualty_type,casualty_imd_decile,lsoa_of_casualty,enhanced_casualty_severity,casualty_injury_based,casualty_adjusted_severity_serious,casualty_adjusted_severity_slight,casualty_distance_banding,road_type,speed_limit,weather_conditions,light_conditions,road_surface_conditions,time,day_of_week,number_of_vehicles,vehicle_type
2023061280113,2023,061280113,2,1,1,-1,57,9,3,0,0,0,0,0,23,2,E01005732,3,1,0.0,1.0,-1,6,20,1,4,1,19:05,4,2,23
2023010442241,2023,010442241,1,1,3,2,40,7,2,5,1,0,0,0,0,4,E01032778,-1,0,1.0,0.0,-1,6,20,2,1,2,17:50,4,1,9
2023010474640,2023,010474640,1,2,3,2,37,7,2,6,9,0,0,0,0,5,E01001149,-1,0,1.0,0.0,-1,6,20,1,4,2,03:35,1,1,9
2023471309341,2023,471309341,2,1,1,1,14,3,3,0,0,0,0,0,1,6,E01031712,3,1,0.0,1.0,-1,6,30,1,1,1,14:45,6,2,1
2023010481876,2023,010481876,1,1,1,1,39,7,3,0,0,0,0,0,8,2,E01002033,-1,0,0.0,1.0,-1,6,30,2,1,2,08:15,2,2,8
2023010439293,2023,010439293,1,1,1,1,22,5,3,0,0,0,0,0,9,2,E01002277,-1,0,0.0,1.0,-1,7,30,8,1,2,07:21,3,1,9
2023440255194,2023,440255194,1,1,1,2,78,11,3,0,0,0,0,0,9,10,E01022647,-1,0,0.11358,0.88642,-1,6,30,1,1,1,16:44,2,2,9
2023471390679,2023,471390679,1,1,1,1,79,11,3,0,0,0,0,0,9,5,E01016886,3,1,0.0,1.0,-1,3,70,1,1,2,13:15,4,1,9
2023501281953,2023,501281953,1,1,1,2,70,10,3,0,0,0,0,0,9,3,E01015189,3,1,0.0,1.0,-1,3,70,1,1,1,11:32,4,2,9
2023481398921,2023,481398921,1,1,2,1,42,7,3,0,0,0,3,0,11,-1,-1,3,1,0.0,1.0,-1,6,20,1,4,1,23:15,6,1,11
2023010478357,2023,010478357,1,2,2,-1,-1,-1,3,0,0,0,0,0,19,4,E01000616,-1,0,0.0,1.0,-1,3,30,1,1,1,09:50,7,1,19
2023010469245,2023,010469245,1,1,1,1,19,4,3,0,0,0,0,0,4,3,E01000641,-1,0,0.0,1.0,-1,6,20,1,5,9,06:39,7,2,4
2023542900323,2023,542900323,2,1,1,1,54,8,2,0,0,0,0,0,9,7,E01031942,-1,0,1.0,0.0,-1,6,40,1,1,1,14:15,6,2,9
2023311393590,2023,311393590,2,1,1,1,61,9,3,0,0,0,0,0,90,2,E01013908,3,1,0.0,1.0,-1,6,30,2,4,2,21:20,1,2,90
2023170M11153,2023,170M11153,1,1,3,1,29,6,3,5,4,0,0,0,0,5,E01012052,-1,0,0.09993,0.90007,-1,6,30,1,1,1,17:15,3,1,19
2023522301461,2023,522301461,1,1,1,1,27,6,3,0,0,0,0,0,3,4,E01014523,-1,0,0.03833,0.96167,-1,6,20,1,1,1,17:36,5,2,3
2023070766158,2023,070766158,1,1,1,1,54,8,3,0,0,0,0,0,4,9,E01018688,-1,0,0.14974,0.85026,-1,6,30,1,1,1,19:33,5,2,4
2023031302971,2023,031302971,1,4,2,1,81,11,1,0,0,2,0,0,9,-1,-1,1,1,0.0,0.0,-1,7,60,1,1,1,13:19,3,2,9
2023031392299,2023,031392299,1,1,1,2,21,5,2,0,0,0,0,0,9,9,E01019326,7,1,1.0,0.0,-1,6,60,1,6,1,23:40,3,1,9
2023131382084,2023,131382084,2,3,1,1,28,6,3,0,0,0,0,0,9,3,E01011212,3,1,0.0,1.0,-1,6,30,1,4,2,21:35,3,2,9
2023361358460,2023,361358460,2,2,2,2,24,5,2,0,0,1,0,0,9,1,E01026867,7,1,1.0,0.0,-1,6,60,1,6,1,20:00,1,2,9
2023361317357,2023,361317357,1,1,3,1,47,8,3,5,1,0,0,0,0,8,E01026530,3,1,0.0,1.0,-1,6,30,1,1,1,17:11,1,1,9
2023421387651,2023,421387651,1,1,3,2,23,5,3,5,1,0,0,0,0,9,E01021789,3,1,0.0,1.0,-1,6,30,2,1,2,11:35,1,1,9
2023622300833,2023,622300833,1,1,3,2,15,3,2,5,4,0,0,0,0,6,W01001184,-1,0,1.0,0.0,-1,6,30,1,1,1,16:47,5,1,9
2023010454732,2023,010454732,1,1,1,1,29,6,3,0,0,0,0,0,3,1,E01002040,-1,0,0.0,1.0,-1,6,20,1,1,1,16:00,3,2,3
2023010467687,2023,010467687,1,1,1,1,40,7,3,0,0,0,0,0,3,1,E01002715,-1,0,0.0,1.0,-1,6,20,1,1,2,15:18,6,1,3
2023041296826,2023,041296826,2,1,1,1,66,10,3,0,0,0,0,0,9,5,E01012635,3,1,0.0,1.0,-1,6,30,1,1,1,18:24,6,3,9
2023991302005,2023,991302005,1,1,2,2,16,4,2,0,0,1,0,0,9,8,-1,6,1,1.0,0.0,-1,6,60,2,1,2,14:15,5,2,9
2023991325233,2023,991325233,1,2,2,2,85,11,2,0,0,1,0,0,9,4,-1,6,1,1.0,0.0,-1,6,30,1,1,1,11:25,1,1,9
2023461354526,2023,461354526,2,1,1,1,17,4,3,0,0,0,0,0,1,7,E01024388,3,1,0.0,1.0,-1,3,40,1,1,1,15:20,3,2,1
2023201312704,2023,201312704,2,1,1,1,77,11,3,0,0,0,0,0,22,3,E01009049,3,1,0.0,1.0,-1,6,30,1,1,1,15:09,7,2,22
2023421389211,2023,421389211,1,1,3,1,53,8,2,1,3,0,0,0,0,2,E01021279,5,1,1.0,0.0,-1,6,40,1,5,2,23:00,7,1,9
2023302300549,2023,302300549,2,2,1,1,54,8,3,0,0,0,0,0,9,6,E01024783,-1,0,0.03913,0.96087,-1,3,70,1,1,1,11:42,6,3,9
2023340WN2862,2023,340WN2862,2,1,1,1,44,7,3,0,0,0,0,0,9,8,E01016759,-1,0,0.02648,0.97352,-1,6,60,1,1,1,13:15,7,2,9
2023430510116,2023,430510116,1,1,1,1,33,6,2,0,0,0,0,0,9,6,E01032037,-1,0,1.0,0.0,-1,3,70,1,1,1,11:22,2,2,9
2023471340840,2023,471340840,1,1,1,2,57,9,3,0,0,0,0,0,9,5,E01031571,3,1,0.0,1.0,-1,6,60,1,6,1,22:05,6,2,9
2023501392250,2023,501392250,2,2,1,1,33,6,3,0,0,0,0,0,9,8,E01018811,3,1,0.0,1.0,-1,3,70,2,1,2,13:07,2,2,9
2023411277401,2023,411277401,2,2,1,1,33,6,3,0,0,0,0,0,9,10,E01023567,3,1,0.0,1.0,-1,6,60,1,1,4,16:00,4,2,9
2023991297606,2023,991297606,2,3,2,1,88,11,2,0,0,2,0,0,9,10,-1,7,1,1.0,0.0,-1,6,60,1,1,2,10:25,3,2,9
2023141344906,2023,141344906,2,2,1,2,27,6,3,0,0,0,0,0,19,2,E01007491,3,1,0.0,1.0,-1,6,30,1,1,1,17:59,4,3,19
2023161351745,2023,161351745,1,1,1,1,30,6,3,0,0,0,0,0,3,5,E01012796,3,1,0.0,1.0,-1,3,30,9,4,1,14:00,1,2,3
2023401378485,2023,401378485,1,1,1,1,26,6,3,0,0,0,0,0,9,3,E01017514,3,1,0.0,1.0,-1,1,60,1,4,2,01:53,5,2,9
2023461268625,2023,461268625,1,1,1,2,49,8,3,0,0,0,0,0,9,2,E01024646,3,1,0.0,1.0,-1,6,30,2,4,2,21:01,3,2,9
2023010433686,2023,010433686,1,1,1,1,45,7,2,0,0,0,0,0,4,2,E01003174,-1,0,1.0,0.0,-1,6,20,1,4,1,21:38,4,2,4
2023141280380,2023,141280380,1,1,3,1,31,6,3,1,1,0,0,0,0,-1,-1,3,1,0.0,1.0,-1,6,20,1,1,1,13:40,6,1,9
2023501389916,2023,501389916,1,1,3,1,40,7,3,9,1,0,0,-1,0,2,E01015157,3,1,0.0,1.0,-1,6,30,1,1,1,16:30,2,1,9
2023010467711,2023,010467711,1,1,1,1,66,10,3,0,0,0,0,0,9,7,E01001314,-1,0,0.0,1.0,-1,9,30,1,1,1,05:40,6,2,9
2023141302869,2023,141302869,1,1,1,1,63,9,3,0,0,0,0,0,9,3,E01007966,3,1,0.0,1.0,-1,3,30,1,1,1,11:30,3,2,9
2023201331762,2023,201331762,2,1,1,1,50,8,3,0,0,0,0,0,9,2,E01009304,3,1,0.0,1.0,-1,1,30,1,1,1,11:00,7,2,9
2023010440016,2023,010440016,1,1,2,-1,-1,-1,3,0,0,0,3,0,11,10,E01004190,-1,0,0.0,1.0,-1,6,30,2,1,2,17:05,2,1,11
2023101337244,2023,101337244,1,1,1,1,46,8,2,0,0,0,0,0,19,8,E01008562,5,1,1.0,0.0,-1,3,70,1,6,2,00:50,6,2,19
2023010437872,2023,010437872,2,1,1,1,47,8,3,0,0,0,0,0,22,3,E01001801,-1,0,0.0,1.0,-1,6,20,1,1,1,12:05,2,2,22
2023320745930,2023,320745930,1,2,2,2,56,9,3,0,0,1,0,0,9,8,E01026321,-1,0,0.08582,0.91418,-1,3,70,5,1,5,09:16,2,2,9
2023430283084,2023,430283084,2,1,1,1,34,6,2,0,0,0,0,0,-1,9,E01028535,-1,0,1.0,0.0,-1,6,20,1,1,1,07:50,2,2,-1
2023131311833,2023,131311833,2,2,2,1,0,1,3,0,0,0,0,0,9,1,E01011432,3,1,0.0,1.0,-1,9,30,1,1,1,13:05,6,2,9
2023311362418,2023,311362418,2,1,1,2,38,7,3,0,0,0,0,0,9,-1,-1,3,1,0.0,1.0,-1,6,60,2,1,2,08:00,6,2,9
2023340NN2962,2023,340NN2962,1,1,2,2,84,11,3,0,0,1,0,0,9,-1,-1,-1,0,0.19899,0.80101,-1,6,30,1,4,1,21:30,2,2,9
2023461293859,2023,461293859,1,1,2,2,68,10,3,0,0,1,0,0,9,10,E01032655,3,1,0.0,1.0,-1,6,30,1,1,1,17:00,4,2,9
2023010447564,2023,010447564,1,1,1,2,24,5,2,0,0,0,0,0,1,2,E01001795,-1,0,1.0,0.0,-1,6,20,1,4,1,23:30,4,1,1
2023010459585,2023,010459585,1,1,2,2,30,6,3,0,0,0,4,0,11,5,E01003195,-1,0,0.0,1.0,-1,6,20,2,1,2,11:50,3,2,11
2023010446862,2023,010446862,1,1,1,1,40,7,3,0,0,0,0,0,9,9,E01023731,-1,0,0.0,1.0,-1,3,30,1,4,1,23:20,7,2,9
2023101307626,2023,101307626,4,2,1,2,25,5,3,0,0,0,0,0,9,5,E01008514,3,1,0.0,1.0,-1,6,40,1,1,1,08:45,2,4,9
2023101366926,2023,101366926,2,1,1,2,33,6,3,0,0,0,0,0,9,-1,-1,3,1,0.0,1.0,-1,6,20,1,1,1,11:49,1,2,9
2023501363102,2023,501363102,1,1,2,2,39,7,2,0,0,1,0,0,9,4,E01018812,6,1,1.0,0.0,-1,6,20,1,1,1,13:19,7,3,9
2023010466326,2023,010466326,2,3,2,1,30,6,3,0,0,2,0,0,9,1,E01004198,-1,0,0.0,1.0,-1,3,20,1,4,1,00:10,7,2,9
2023430013772,2023,430013772,1,3,2,1,17,4,3,0,0,2,0,0,9,5,E01028533,-1,0,0.01544,0.98456,-1,6,20,8,4,2,20:00,2,2,9
2023440460662,2023,440460662,1,1,1,2,30,6,3,0,0,0,0,0,9,7,E01032003,-1,0,0.09245,0.90755,-1,6,60,1,6,2,18:05,6,2,9
2023461349863,2023,461349863,2,1,1,2,63,9,3,0,0,0,0,0,9,4,E01016163,3,1,0.0,1.0,-1,6,30,1,1,1,07:30,6,2,9
2023010462552,2023,010462552,1,1,1,1,24,5,3,0,0,0,0,0,3,3,E01000130,-1,0,0.0,1.0,-1,3,50,1,4,1,19:50,7,2,3
2023010484448,2023,010484448,1,1,3,1,63,9,3,5,1,0,0,0,0,1,E01033207,-1,0,0.0,1.0,-1,2,20,1,1,1,15:10,7,1,9
2023361379640,2023,361379640,1,1,3,1,78,11,3,10,1,0,0,0,0,5,E01026770,3,1,0.0,1.0,-1,6,30,1,5,1,17:15,4,1,9
2023010461380,2023,010461380,1,1,1,1,30,6,3,0,0,0,0,0,3,1,E01003048,-1,0,0.0,1.0,-1,3,30,1,1,1,11:50,7,2,3
2023010477396,2023,010477396,2,1,1,1,43,7,3,0,0,0,0,0,3,6,E01002614,-1,0,0.0,1.0,-1,6,40,1,1,1,16:45,7,2,3
2023161316955,2023,161316955,1,1,1,2,58,9,2,0,0,0,0,0,9,1,E01013159,7,1,1.0,0.0,-1,6,30,1,1,1,13:10,3,3,9
2023201415144,2023,201415144,2,1,1,2,38,7,3,0,0,0,0,0,9,5,E01010165,3,1,0.0,1.0,-1,6,20,1,1,1,09:30,4,2,9
2023231359007,2023,231359007,1,1,3,2,29,6,2,4,2,0,0,0,0,4,E01031045,7,1,1.0,0.0,-1,6,30,1,1,1,17:46,6,1,19
2023411427833,2023,411427833,1,1,3,2,60,9,2,10,9,0,0,0,0,9,E01023653,6,1,1.0,0.0,-1,6,20,1,1,1,11:15,6,1,19
2023010427325,2023,010427325,1,1,1,1,20,4,3,0,0,0,0,0,3,4,E01001183,-1,0,0.0,1.0,-1,3,20,1,1,1,03:54,3,2,3
2023041272539,2023,041272539,3,3,1,2,35,6,3,0,0,0,0,0,9,2,E01025059,3,1,0.0,1.0,-1,3,70,1,1,2,07:45,3,3,9
2023131350219,2023,131350219,2,1,1,1,38,7,3,0,0,0,0,0,9,1,E01011422,3,1,0.0,1.0,-1,6,30,1,1,1,06:25,6,2,9
2023311302653,2023,311302653,1,1,1,2,59,9,3,0,0,0,0,0,9,8,E01028371,3,1,0.0,1.0,-1,6,30,1,1,1,18:43,2,2,9
2023421334719,2023,421334719,1,2,2,1,10,2,3,0,0,2,0,0,9,5,E01021422,3,1,0.0,1.0,-1,6,60,1,1,1,16:47,7,2,9
2023991265846,2023,991265846,1,2,1,1,19,4,3,0,0,0,0,0,9,9,-1,3,1,0.0,1.0,-1,6,60,1,6,4,07:30,6,2,9
2023501281201,2023,501281201,1,1,3,1,9,2,3,5,1,0,0,0,0,4,E01020036,3,1,0.0,1.0,-1,6,30,1,1,1,16:30,2,1,9
202360A141136,2023,60A141136,1,1,3,1,6,2,2,5,3,0,0,0,0,-1,-1,-1,0,1.0,0.0,-1,6,60,1,1,1,14:32,7,1,10
2023010485358,2023,010485358,2,1,1,1,26,6,3,0,0,0,0,0,1,5,E01003022,-1,0,0.0,1.0,-1,6,20,1,4,1,07:25,5,2,1
2023451327049,2023,451327049,1,1,1,1,55,8,3,0,0,0,0,0,1,5,E01030457,3,1,0.0,1.0,-1,6,30,1,1,1,18:30,5,2,1
2023141367703,2023,141367703,1,1,1,2,60,9,3,0,0,0,0,0,9,-1,-1,3,1,0.0,1.0,-1,6,30,1,1,1,12:50,6,2,9
2023161305048,2023,161305048,1,1,1,2,21,5,3,0,0,0,0,0,9,1,E01012761,3,1,0.0,1.0,-1,3,30,1,1,2,15:49,2,1,9
2023221274576,2023,221274576,1,3,1,2,34,6,3,0,0,0,0,0,9,5,E01032238,3,1,0.0,1.0,-1,3,70,1,1,2,08:15,5,1,9
2023411314199,2023,411314199,2,1,1,2,33,6,3,0,0,0,0,0,9,5,E01017390,3,1,0.0,1.0,-1,6,40,1,1,1,18:05,3,2,9
2023411376731,2023,411376731,2,1,1,2,50,8,3,0,0,0,0,0,9,10,E01023567,3,1,0.0,1.0,-1,6,40,1,1,2,15:30,6,2,9
2023540709423,2023,540709423,1,1,2,1,21,5,3,0,0,1,0,0,9,1,E01015545,-1,0,0.10587,0.89413,-1,3,40,8,4,4,00:30,7,1,9
2023340NN1802,2023,340NN1802,1,1,3,1,13,3,3,6,9,0,0,0,0,-1,-1,-1,0,0.04836,0.95164,-1,6,30,1,1,1,16:05,3,1,9
2023122300749,2023,122300749,1,1,1,1,21,5,3,0,0,0,0,0,4,5,E01027630,-1,0,0.17892,0.82108,-1,6,60,1,1,1,15:16,6,2,4
2023201317647,2023,201317647,2,2,1,1,29,6,3,0,0,0,0,0,9,4,E01010510,3,1,0.0,1.0,-1,6,30,1,1,1,18:15,1,2,9
2023311305848,2023,311305848,2,2,2,1,20,4,3,0,0,1,0,0,9,4,E01019431,3,1,0.0,1.0,-1,3,50,2,1,2,13:19,4,2,9
2023421383489,2023,421383489,1,1,1,1,57,9,3,0,0,0,0,0,9,9,E01026497,3,1,0.0,1.0,-1,6,60,1,6,2,17:45,3,2,9
2023371343292,2023,371343292,1,1,1,1,31,6,3,0,0,0,0,0,19,8,E01026347,3,1,0.0,1.0,-1,6,60,1,1,1,15:04,6,3,19
2023041372296,2023,041372296,1,1,3,2,49,8,3,1,3,0,0,0,0,1,E01025139,3,1,0.0,1.0,-1,6,30,4,4,2,18:14,4,1,9
2023461394250,2023,461394250,2,1,1,1,51,8,3,0,0,0,0,0,1,10,E01024453,3,1,0.0,1.0,-1,1,30,1,1,2,11:00,1,2,1
2023991334018,2023,991334018,2,1,1,1,10,2,3,0,0,0,0,0,1,1,-1,3,1,0.0,1.0,-1,6,30,2,1,2,16:47,3,2,1
2023010427658,2023,010427658,1,1,1,1,29,6,3,0,0,0,0,0,3,5,E01002221,-1,0,0.0,1.0,-1,3,20,1,1,1,12:30,4,2,3
2023010479133,2023,010479133,1,3,1,1,55,8,3,0,0,0,0,0,9,1,E01001885,-1,0,0.0,1.0,-1,6,20,1,4,1,17:00,2,2,9
2023041284062,2023,041284062,1,1,1,1,25,5,3,0,0,0,0,0,9,1,E01004877,3,1,0.0,1.0,-1,3,70,1,1,1,07:35,3,2,9
2023221368151,2023,221368151,1,1,1,1,19,4,2,0,0,0,0,0,9,10,E01028963,7,1,1.0,0.0,-1,6,50,1,6,2,20:00,1,2,9
2023622400011,2023,622400011,1,7,2,1,18,4,2,0,0,2,0,0,9,2,W01001253,-1,0,1.0,0.0,-1,6,20,2,4,2,19:01,2,2,9
2023131319004,2023,131319004,2,1,1,1,42,7,3,0,0,0,0,0,21,2,E01007548,3,1,0.0,1.0,-1,9,70,1,1,1,06:45,5,2,21
2023411274882,2023,411274882,1,1,1,2,56,9,2,0,0,0,0,0,9,9,E01033609,5,1,1.0,0.0,-1,6,40,1,6,2,18:13,2,1,9
2023522400131,2023,522400131,1,1,1,1,26,6,3,0,0,0,0,0,9,10,E01014476,-1,0,0.00385,0.99615,-1,6,40,1,1,1,07:30,3,2,9
2023201286471,2023,201286471,1,1,3,2,7,2,3,5,3,0,0,0,0,1,E01010107,3,1,0.0,1.0,-1,6,30,1,1,1,08:50,4,1,9
2023131287754,2023,131287754,2,1,1,2,21,5,3,0,0,0,0,0,3,4,E01011165,3,1,0.0,1.0,-1,6,30,1,1,2,06:41,6,2,3
2023201381711,2023,201381711,1,1,1,2,24,5,3,0,0,0,0,0,9,7,E01031224,3,1,0.0,1.0,-1,3,30,2,1,2,07:02,6,2,9
2023461296688,2023,461296688,2,9,2,1,-1,-1,3,0,0,-1,0,0,9,-1,-1,3,1,0.0,1.0,-1,6,60,1,1,1,20:04,1,3,9
2023531327603,2023,531327603,1,1,1,1,44,7,2,0,0,0,0,0,1,4,E01022365,5,1,1.0,0.0,-1,6,30,2,1,2,19:50,1,1,1
2023311351120,2023,311351120,1,1,1,2,29,6,3,0,0,0,0,0,9,3,E01007591,3,1,0.0,1.0,-1,6,30,1,1,1,07:30,2,2,9
2023131303761,2023,131303761,1,1,1,1,40,7,3,0,0,0,0,0,19,1,E01011366,3,1,0.0,1.0,-1,3,40,1,1,1,13:59,4,1,19
2023010420068,2023,010420068,1,1,1,1,77,11,3,0,0,0,0,0,9,3,E01003315,-1,0,0.0,1.0,-1,6,30,5,1,2,10:05,7,4,9
2023010464773,2023,010464773,2,1,1,2,59,9,3,0,0,0,0,0,9,8,E01004075,-1,0,0.0,1.0,-1,6,30,1,1,1,12:15,6,3,9
2023122400167,2023,122400167,2,1,1,1,33,6,3,0,0,0,0,0,9,8,E01027754,-1,0,0.06295,0.93705,-1,6,60,2,1,2,13:29,1,2,9
2023501373274,2023,501373274,1,1,1,1,20,4,3,0,0,0,0,0,9,7,E01018934,3,1,0.0,1.0,-1,6,60,1,1,2,00:59,7,1,9
2023531296823,2023,531296823,2,1,1,2,53,8,3,0,0,0,0,0,9,3,E01022254,3,1,0.0,1.0,-1,6,60,2,1,2,17:30,4,2,9
2023991346555,2023,991346555,2,1,1,1,10,2,3,0,0,0,0,0,1,-1,-1,3,1,0.0,1.0,-1,6,30,1,1,1,15:15,3,2,1
2023010475820,2023,010475820,1,2,2,1,31,6,3,0,0,2,0,0,9,-1,-1,-1,0,0.0,1.0,-1,7,30,1,4,2,03:00,7,1,9
2023031302971,2023,031302971,1,2,2,2,83,11,2,0,0,1,0,0,9,4,E01020818,6,1,1.0,0.0,-1,7,60,1,1,1,13:19,3,2,9
2023052301761,2023,052301761,1,1,1,2,43,7,3,0,0,0,0,0,9,7,E01007198,-1,0,0.05791,0.94209,-1,6,30,1,1,1,12:50,3,1,9
2023141277014,2023,141277014,1,2,2,2,4,1,3,0,0,2,0,0,9,3,E01007843,3,1,0.0,1.0,-1,1,40,1,1,1,11:25,4,2,9
2023401337245,2023,401337245,2,1,1,2,52,8,3,0,0,0,0,0,9,10,E01017393,3,1,0.0,1.0,-1,3,70,2,1,2,16:39,6,3,9
2023010455860,2023,010455860,1,1,1,1,40,7,3,0,0,0,0,0,3,3,E01003113,-1,0,0.0,1.0,-1,9,30,9,1,9,12:30,1,2,3
2023440129366,2023,440129366,1,1,1,1,19,4,3,0,0,0,0,0,5,6,E01017214,-1,0,0.26305,0.73695,-1,3,50,1,1,1,16:34,7,1,5
2023010453520,2023,010453520,1,1,2,2,74,10,2,0,0,0,4,0,11,4,E01002409,-1,0,1.0,0.0,-1,6,40,1,1,1,12:30,5,1,11
2023010438442,2023,010438442,1,1,1,1,46,8,2,0,0,0,0,0,1,6,E01004497,-1,0,1.0,0.0,-1,9,20,1,1,1,18:33,4,2,1
2023371302979,2023,371302979,2,1,1,1,54,8,3,0,0,0,0,0,1,-1,-1,3,1,0.0,1.0,-1,6,60,1,1,1,11:28,7,2,1
2023010445700,2023,010445700,1,1,1,1,38,7,3,0,0,0,0,0,3,1,E01000521,-1,0,0.0,1.0,-1,6,20,1,1,1,19:10,1,4,3
2023302301618,2023,302301618,1,1,1,1,64,9,3,0,0,0,0,0,5,5,E01007106,-1,0,0.20046,0.79954,-1,6,30,2,1,2,16:27,6,2,5
2023401361078,2023,401361078,2,1,1,2,43,7,3,0,0,0,0,0,9,7,E01033432,3,1,0.0,1.0,-1,6,30,1,1,-1,13:35,2,2,9
2023131272306,2023,131272306,1,1,3,1,13,3,3,1,1,0,0,2,0,5,E01010729,3,1,0.0,1.0,-1,6,30,1,1,1,15:30,6,1,11
2023070673077,2023,070673077,2,1,1,1,29,6,3,0,0,0,0,0,3,1,E01012396,-1,0,0.1284,0.8716,-1,6,30,1,1,2,08:07,3,2,3
2023522300866,2023,522300866,1,1,1,2,35,6,3,0,0,0,0,0,9,2,E01014629,-1,0,0.02692,0.97308,-1,6,30,9,1,1,18:28,5,2,9
2023552300999,2023,552300999,1,1,2,1,39,7,3,0,0,0,3,0,11,3,E01015289,-1,0,0.07057,0.92943,-1,6,30,1,1,1,19:00,3,1,11
2023010434624,2023,010434624,1,1,3,1,38,7,3,5,1,0,0,0,0,4,E01003927,-1,0,0.0,1.0,-1,6,20,2,1,2,07:32,3,1,9
2023131347449,2023,131347449,2,2,2,2,7,2,3,0,0,2,0,0,9,2,E01010958,3,1,0.0,1.0,-1,6,30,1,1,1,13:45,5,2,9
2023471392462,2023,471392462,2,2,2,2,27,6,3,0,0,1,0,0,9,6,E01031362,3,1,0.0,1.0,-1,6,30,4,1,2,13:25,4,2,9
2023010429173,2023,010429173,1,1,1,1,19,4,3,0,0,0,0,0,23,-1,-1,-1,0,0.0,1.0,-1,3,20,1,1,1,17:00,7,2,23
2023170H10703,2023,170H10703,1,1,3,2,6,2,3,5,1,0,0,0,0,-1,-1,-1,0,0.16414,0.83586,-1,6,30,1,1,1,18:00,3,1,9
2023501322750,2023,501322750,2,1,1,1,15,3,2,0,0,0,0,0,1,4,E01018759,7,1,1.0,0.0,-1,6,30,1,1,1,16:00,2,2,1
2023201413924,2023,201413924,2,1,1,1,27,6,3,0,0,0,0,0,9,1,E01027249,3,1,0.0,1.0,-1,3,50,1,1,1,08:36,4,6,9
2023010456320,2023,010456320,1,1,3,1,52,8,3,5,1,0,0,0,0,3,E01001359,-1,0,0.0,1.0,-1,6,20,1,1,1,12:15,5,1,9
202354A450923,2023,54A450923,2,1,1,2,70,10,2,0,0,0,0,0,1,8,E01031892,-1,0,1.0,0.0,-1,6,60,1,1,2,13:05,2,2,1
2023501269924,2023,501269924,2,1,2,2,51,8,3,0,0,1,0,0,9,6,E01019888,3,1,0.0,1.0,-1,6,60,1,1,1,13:34,2,2,9
2023520301270,2023,520301270,1,4,2,1,25,5,3,0,0,1,0,0,9,6,E01029331,-1,0,0.05503,0.94497,-1,6,60,1,1,1,14:00,7,2,9
2023471324003,2023,471324003,1,1,2,1,76,11,3,0,0,0,3,0,11,5,E01016853,3,1,0.0,1.0,-1,6,30,1,1,1,15:01,2,1,11
2023101286865,2023,101286865,1,1,3,1,59,9,3,10,9,0,0,0,0,3,E01008163,3,1,0.0,1.0,-1,6,30,1,1,3,08:40,5,2,9
2023061361282,2023,061361282,2,1,1,1,52,8,3,0,0,0,0,0,1,4,E01005299,3,1,0.0,1.0,-1,6,30,2,4,2,18:00,7,2,1
2023552300375,2023,552300375,2,1,1,1,51,8,2,0,0,0,0,0,4,1,E01020555,-1,0,1.0,0.0,-1,6,30,1,1,1,14:06,5,2,4
2023041369265,2023,041369265,1,1,1,1,60,9,2,0,0,0,0,0,5,7,E01004786,5,1,1.0,0.0,-1,1,40,8,4,2,05:50,7,1,5
2023161327529,2023,161327529,1,2,1,2,70,10,3,0,0,0,0,0,9,8,E01013055,3,1,0.0,1.0,-1,6,50,1,1,1,14:15,1,2,9
2023231313603,2023,231313603,2,2,2,2,39,7,3,0,0,1,0,0,9,-1,-1,3,1,0.0,1.0,-1,6,30,1,1,1,19:59,5,2,9
2023552301491,2023,552301491,1,1,1,1,26,6,3,0,0,0,0,0,9,6,E01032027,-1,0,0.10895,0.89105,-1,6,30,1,6,2,23:12,5,1,9
2023991347376,2023,991347376,1,2,3,2,12,3,2,5,1,0,0,0,0,2,-1,7,1,1.0,0.0,-1,6,20,1,1,1,15:51,5,1,9
2023522400423,2023,522400423,1,1,1,1,19,4,3,0,0,0,0,0,1,9,E01014978,-1,0,0.0346,0.9654,-1,6,20,1,1,1,17:35,3,2,1
2023311271653,2023,311271653,1,1,1,1,35,6,3,0,0,0,0,0,5,7,E01028005,3,1,0.0,1.0,-1,6,50,1,4,1,18:55,5,1,5
2023311283726,2023,311283726,2,2,1,1,53,8,3,0,0,0,0,0,9,9,E01028241,3,1,0.0,1.0,-1,6,30,9,1,1,15:20,2,2,9
2023520301573,2023,520301573,2,1,1,2,51,8,3,0,0,0,0,0,9,4,E01032633,-1,0,0.01327,0.98673,-1,1,60,1,1,1,06:56,5,2,9
2023010479163,2023,010479163,1,1,2,2,32,6,3,0,0,0,3,0,11,10,E01001121,-1,0,0.0,1.0,-1,6,30,1,1,2,15:30,2,1,11
2023010430260,2023,010430260,1,1,3,1,31,6,2,5,3,0,0,0,0,2,E01015839,-1,0,1.0,0.0,-1,6,30,1,1,1,12:40,5,1,3
2023111392788,2023,111392788,1,1,3,2,20,4,2,5,9,0,0,2,0,-1,-1,7,1,1.0,0.0,-1,6,30,9,1,-1,08:52,6,1,9