collision_index,collision_year,collision_ref_no,vehicle_reference,casualty_reference,casualty_class,sex_of_casualty,age_of_casualty,age_band_of_casualty,casualty_severity,pedestrian_location,pedestrian_movement,car_passenger,bus_or_coach_passenger,pedestrian_road_maintenance_worker,casualty_type,casualty_imd_decile,lsoa_of_casualty,enhanced_casualty_severity,casualty_injury_based,casualty_adjusted_severity_serious,casualty_adjusted_severity_slight,casualty_distance_banding,road_type,speed_limit,weather_conditions,light_conditions,road_surface_conditions,time,day_of_week,number_of_vehicles,vehicle_type
2023461377406,2023,461377406,1,3,2,2,9,2,2,0,0,2,0,0,9,6,E01024245,7,1,1.0,0.0,-1,6,30,2,1,2,11:05,4,2,9
2023161311487,2023,161311487,1,1,1,2,29,6,3,0,0,0,0,0,1,8,E01013037,3,1,0.0,1.0,-1,1,30,1,1,1,19:40,2,2,1
2023622300228,2023,622300228,2,2,1,1,59,9,3,0,0,0,0,0,1,2,W01001097,-1,0,0.07857,0.92143,-1,6,30,1,1,1,08:28,6,2,1
2023371296451,2023,371296451,1,1,3,2,47,8,2,1,1,0,0,0,0,9,E01032711,5,1,1.0,0.0,-1,3,70,8,1,2,16:59,5,1,19
2023010446572,2023,010446572,1,1,1,1,58,9,3,0,0,0,0,0,1,9,E01003880,-1,0,0.0,1.0,-1,6,30,1,1,1,19:10,5,2,1
2023161285140,2023,161285140,1,1,1,1,25,5,3,0,0,0,0,0,1,9,E01013266,3,1,0.0,1.0,-1,1,30,2,5,2,21:40,5,2,1
2023010454230,2023,010454230,2,1,1,1,32,6,2,0,0,0,0,0,4,4,E01001150,-1,0,1.0,0.0,-1,6,30,1,4,1,23:47,1,2,4
2023010440218,2023,010440218,1,1,3,1,5,1,2,8,1,0,0,0,0,3,E01000035,-1,0,1.0,0.0,-1,6,30,1,1,1,15:10,7,1,4
2023010450918,2023,010450918,1,1,1,1,27,6,3,0,0,0,0,0,3,6,E01000584,-1,0,0.0,1.0,-1,9,20,1,1,1,10:35,6,2,3
2023010453797,2023,010453797,1,1,1,1,24,5,3,0,0,0,0,0,3,3,E01000637,-1,0,0.0,1.0,-1,9,30,1,1,1,16:00,6,2,3
2023041368740,2023,041368740,1,1,1,1,20,4,3,0,0,0,0,0,9,8,E01024862,3,1,0.0,1.0,-1,6,30,2,4,2,21:30,1,1,9
2023052302800,2023,052302800,1,1,1,2,77,11,3,0,0,0,0,0,9,5,E01007157,-1,0,0.09277,0.90723,-1,6,30,1,1,1,15:17,4,2,9
2023061321258,2023,061321258,2,1,1,2,50,8,3,0,0,0,0,0,9,4,E01005934,3,1,0.0,1.0,-1,6,30,1,1,1,15:20,2,2,9
2023440263159,2023,440263159,2,3,2,2,63,9,3,0,0,1,0,0,9,10,E01010586,-1,0,0.06886,0.93114,-1,6,30,1,1,1,14:37,7,2,9
2023440306340,2023,440306340,2,2,1,2,30,6,3,0,0,0,0,0,9,7,E01023125,-1,0,0.0202,0.9798,-1,6,60,1,1,1,11:15,1,2,9
2023501324681,2023,501324681,1,2,2,2,36,7,3,0,0,1,0,0,9,4,E01015077,3,1,0.0,1.0,-1,6,30,1,1,1,09:21,7,2,9
2023471317082,2023,471317082,1,1,3,1,66,10,2,10,9,0,0,2,0,4,E01031344,7,1,1.0,0.0,-1,6,30,1,1,1,12:00,5,1,1
2023421358732,2023,421358732,2,1,1,1,21,5,3,0,0,0,0,0,9,9,E01021654,3,1,0.0,1.0,-1,3,50,1,1,1,16:50,4,2,9
2023010479246,2023,010479246,1,1,1,-1,45,7,3,0,0,0,0,0,3,1,E01001425,-1,0,0.0,1.0,-1,9,30,2,4,2,17:00,4,2,3
2023010477219,2023,010477219,1,1,1,1,25,5,3,0,0,0,0,0,5,-1,-1,-1,0,0.0,1.0,-1,2,40,1,4,1,18:05,6,2,5
2023302300862,2023,302300862,1,1,3,2,31,6,3,9,9,0,0,0,0,10,E01033533,-1,0,0.08228,0.91772,-1,6,30,1,1,1,07:55,4,1,9
2023440251189,2023,440251189,1,1,2,1,18,4,3,0,0,2,0,0,9,10,E01023000,-1,0,0.18066,0.81934,-1,6,60,1,6,1,01:00,7,1,9
2023461361075,2023,461361075,2,1,1,2,27,6,3,0,0,0,0,0,9,4,E01016129,3,1,0.0,1.0,-1,6,40,1,1,1,23:06,6,2,9
2023201392481,2023,201392481,1,1,1,2,27,6,3,0,0,0,0,0,9,1,E01009124,3,1,0.0,1.0,-1,3,30,4,4,1,21:00,7,2,9
2023101345692,2023,101345692,2,2,2,2,83,11,3,0,0,0,0,0,10,9,E01008564,3,1,0.0,1.0,-1,6,30,8,1,1,15:37,6,2,10
2023041383626,2023,041383626,1,2,3,2,73,10,3,5,1,0,0,2,0,10,E01024950,3,1,0.0,1.0,-1,6,40,1,4,1,16:45,4,1,9
2023010433698,2023,010433698,2,1,1,1,35,6,3,0,0,0,0,0,1,6,E01021730,-1,0,0.0,1.0,-1,2,20,1,1,1,06:48,5,2,1
2023052300337,2023,052300337,2,1,1,2,34,6,2,0,0,0,0,0,1,5,E01006557,-1,0,1.0,0.0,-1,1,30,1,1,1,15:00,7,2,1
2023552300656,2023,552300656,2,1,1,1,33,6,3,0,0,0,0,0,1,9,E01015405,-1,0,0.07043,0.92957,-1,6,30,1,1,1,07:40,3,2,1
2023010450708,2023,010450708,1,1,1,1,34,6,3,0,0,0,0,0,3,5,E01000505,-1,0,0.0,1.0,-1,9,30,9,1,9,14:30,4,2,3
2023010459246,2023,010459246,1,1,3,1,12,3,3,5,2,0,0,0,0,5,E01004657,-1,0,0.0,1.0,-1,6,20,1,4,1,19:45,1,1,9
202360A123957,2023,60A123957,1,1,3,1,75,10,3,4,1,0,0,0,0,-1,-1,-1,0,0.2044,0.7956,-1,6,30,2,1,2,10:00,7,1,9
2023201357320,2023,201357320,2,1,1,1,48,8,3,0,0,0,0,0,1,1,E01010292,3,1,0.0,1.0,-1,6,30,1,1,1,18:29,4,3,1
2023451296298,2023,451296298,1,1,1,1,55,8,2,0,0,0,0,0,5,9,E01030559,5,1,1.0,0.0,-1,6,30,1,1,2,09:55,5,2,5
2023041315155,2023,041315155,1,1,3,1,14,3,3,6,9,0,0,0,0,9,E01025534,3,1,0.0,1.0,-1,6,20,1,1,1,15:23,2,1,9
2023411276935,2023,411276935,2,1,1,1,27,6,3,0,0,0,0,0,3,4,E01023555,3,1,0.0,1.0,-1,6,30,1,1,1,13:05,5,2,3
2023131289350,2023,131289350,2,1,1,1,35,6,2,0,0,0,0,0,5,3,E01007351,7,1,1.0,0.0,-1,6,30,1,1,2,08:23,4,2,5
2023010429796,2023,010429796,1,1,3,2,47,8,2,4,9,0,0,0,0,5,E01024282,-1,0,1.0,0.0,-1,6,20,1,1,1,09:33,4,2,1
2023122301159,2023,122301159,1,1,3,1,15,3,3,6,9,0,0,0,0,4,E01027910,-1,0,0.04694,0.95306,-1,6,30,1,1,1,15:25,2,1,9
2023010443641,2023,010443641,2,1,1,1,28,6,2,0,0,0,0,0,1,3,E01004006,-1,0,1.0,0.0,-1,2,20,1,1,1,19:10,4,2,1
2023010443559,2023,010443559,2,1,1,1,27,6,3,0,0,0,0,0,3,-1,-1,-1,0,0.0,1.0,-1,6,30,1,1,1,19:38,4,2,3
2023991317424,2023,991317424,1,1,1,1,41,7,1,0,0,0,0,0,5,2,E01008296,1,1,0.0,0.0,-1,6,60,1,1,1,14:28,1,1,5
2023052300735,2023,052300735,1,1,3,1,6,2,2,5,2,0,0,0,0,1,E01006721,-1,0,1.0,0.0,-1,6,30,1,1,1,15:25,4,1,9
2023451352281,2023,451352281,1,1,3,2,6,2,2,10,8,0,0,0,0,8,E01030611,7,1,1.0,0.0,-1,6,30,1,1,1,08:47,6,1,9
2023421344917,2023,421344917,1,1,1,1,31,6,2,0,0,0,0,0,3,4,E01000976,6,1,1.0,0.0,-1,7,70,1,1,1,01:46,5,1,3
2023201380230,2023,201380230,2,1,1,1,22,5,2,0,0,0,0,0,4,7,E01009805,6,1,1.0,0.0,-1,6,30,1,4,1,16:52,2,2,4
2023531343549,2023,531343549,1,1,1,1,40,7,3,0,0,0,0,0,5,7,E01015490,3,1,0.0,1.0,-1,6,60,1,1,1,13:40,7,3,5
2023221379103,2023,221379103,1,2,1,1,22,5,2,0,0,0,0,0,9,8,W01000457,7,1,1.0,0.0,-1,6,60,1,1,2,09:26,1,3,9
2023302300659,2023,302300659,1,1,2,1,40,7,3,0,0,1,0,0,9,4,E01007995,-1,0,0.07102,0.92898,-1,6,50,1,1,1,17:05,7,2,9
2023311374119,2023,311374119,1,1,3,2,34,6,2,7,1,0,0,2,0,1,E01013884,7,1,1.0,0.0,-1,6,30,1,4,1,16:45,2,1,9
2023440407164,2023,440407164,1,1,1,2,64,9,3,0,0,0,0,0,2,4,E01017341,-1,0,0.14519,0.85481,-1,2,30,1,1,1,13:48,5,1,2
2023430228191,2023,430228191,2,1,1,1,18,4,3,0,0,0,0,0,4,4,E01016724,-1,0,0.05009,0.94991,-1,3,70,1,1,1,16:20,4,2,4
2023430015806,2023,430015806,1,1,3,1,34,6,2,1,1,0,0,0,0,3,E01016465,-1,0,1.0,0.0,-1,6,30,1,5,1,17:43,4,1,8
2023010432134,2023,010432134,1,1,1,1,35,6,3,0,0,0,0,0,3,-1,-1,-1,0,0.0,1.0,-1,1,20,2,4,9,21:07,1,2,3
2023430273857,2023,430273857,2,1,1,1,60,9,3,0,0,0,0,0,8,-1,-1,-1,0,0.05116,0.94884,-1,6,30,1,1,1,19:43,4,2,8
2023070793313,2023,070793313,1,1,1,1,25,5,2,0,0,0,0,0,3,6,E01019748,-1,0,1.0,0.0,-1,6,30,1,1,1,08:09,5,1,3
2023201390066,2023,201390066,1,1,1,1,18,4,3,0,0,0,0,0,3,1,E01009152,3,1,0.0,1.0,-1,3,30,1,4,1,23:52,4,2,3
2023070940604,2023,070940604,1,1,1,1,41,7,2,0,0,0,0,0,5,6,E01018722,-1,0,1.0,0.0,-1,6,30,1,1,1,11:15,5,1,5
2023430303019,2023,430303019,1,6,3,1,28,6,3,9,5,0,0,0,0,8,E01028731,-1,0,0.24758,0.75242,-1,6,60,1,6,2,00:11,1,2,8
2023552301456,2023,552301456,1,2,3,1,42,7,3,4,3,0,0,0,0,4,E01015382,-1,0,0.1587,0.8413,-1,3,30,1,4,2,20:52,5,1,9
2023201349179,2023,201349179,2,1,1,2,-1,-1,3,0,0,0,0,0,9,-1,-1,3,1,0.0,1.0,-1,3,40,1,1,1,07:10,4,2,9
2023361309194,2023,361309194,2,4,2,1,85,11,2,0,0,1,0,0,9,2,E01003987,6,1,1.0,0.0,-1,6,60,1,1,1,19:03,2,2,9
202360A140462,2023,60A140462,1,1,3,1,67,10,2,5,3,0,0,0,0,-1,-1,-1,0,1.0,0.0,-1,6,30,1,1,1,14:47,6,1,9
2023622300689,2023,622300689,1,1,1,2,44,7,3,0,0,0,0,0,2,2,W01001402,-1,0,0.13297,0.86703,-1,6,30,1,1,1,13:02,3,1,2
2023131269326,2023,131269326,1,1,3,1,24,5,3,8,3,0,0,2,0,1,E01032497,3,1,0.0,1.0,-1,6,40,8,4,2,00:25,1,1,9
2023141321069,2023,141321069,1,1,3,1,27,6,2,9,9,0,0,2,0,4,E01007572,6,1,1.0,0.0,-1,6,30,2,4,2,23:50,1,1,9
2023421341095,2023,421341095,1,1,3,1,40,7,3,9,8,0,0,0,0,6,E01033462,3,1,0.0,1.0,-1,6,60,1,6,1,00:39,1,1,9
2023131353923,2023,131353923,1,1,2,1,10,2,3,0,0,1,0,0,9,2,E01011656,3,1,0.0,1.0,-1,6,20,2,1,2,08:45,3,2,9
2023361325998,2023,361325998,2,2,1,1,59,9,3,0,0,0,0,0,9,4,E01026739,3,1,0.0,1.0,-1,6,60,4,1,2,07:46,4,2,9
2023371290028,2023,371290028,1,1,1,1,23,5,3,0,0,0,0,0,9,10,E01030233,3,1,0.0,1.0,-1,1,30,1,4,1,18:21,4,2,9
2023430189328,2023,430189328,1,1,1,2,30,6,3,0,0,0,0,0,9,-1,-1,-1,0,0.05435,0.94565,-1,3,70,1,1,1,12:50,2,3,9
2023501358160,2023,501358160,1,1,1,1,16,4,3,0,0,0,0,0,2,4,E01018965,3,1,0.0,1.0,-1,1,60,2,1,2,09:32,1,1,2
202354D487323,2023,54D487323,1,1,3,1,14,3,3,1,1,0,0,0,0,3,E01015503,-1,0,0.12556,0.87444,-1,3,30,1,4,1,15:58,4,1,9
2023430035730,2023,430035730,2,1,1,1,14,3,3,0,0,0,0,0,1,1,E01028568,-1,0,0.11106,0.88894,-1,6,20,1,1,1,15:45,3,2,1
2023201343825,2023,201343825,1,1,1,1,56,9,2,0,0,0,0,0,5,5,E01009907,7,1,1.0,0.0,-1,6,40,1,1,1,16:57,4,2,5
2023010455427,2023,010455427,1,1,3,1,41,7,2,5,1,0,0,0,0,5,E01000268,-1,0,1.0,0.0,-1,6,30,1,4,1,00:32,1,1,9
2023010438621,2023,010438621,1,1,1,1,26,6,3,0,0,0,0,0,3,4,E01000565,-1,0,0.0,1.0,-1,6,20,2,7,2,19:58,5,2,3
2023471391013,2023,471391013,2,1,1,1,19,4,3,0,0,0,0,0,3,9,E01016983,3,1,0.0,1.0,-1,6,30,1,4,1,18:02,4,2,3
2023131284425,2023,131284425,2,1,1,1,11,3,3,0,0,0,0,0,90,4,E01011871,3,1,0.0,1.0,-1,6,30,1,1,1,08:50,3,2,90
2023052302349,2023,052302349,1,1,1,1,79,11,3,0,0,0,0,0,19,4,E01018672,-1,0,0.10857,0.89143,-1,6,30,1,1,2,12:15,3,2,19
2023440138893,2023,440138893,2,1,1,1,28,6,3,0,0,0,0,0,1,3,E01017082,-1,0,0.15647,0.84353,-1,6,30,1,1,1,18:50,7,2,1
2023543034323,2023,543034323,1,2,1,1,40,7,3,0,0,0,0,0,1,6,E01031845,-1,0,0.12259,0.87741,-1,6,30,1,1,1,12:06,3,2,1
2023371378758,2023,371378758,1,1,3,2,64,9,2,5,9,0,0,0,0,8,E01030145,6,1,1.0,0.0,-1,6,30,1,4,2,16:03,2,1,9
2023361322578,2023,361322578,1,1,3,1,10,2,2,6,9,0,0,0,0,5,E01026902,7,1,1.0,0.0,-1,6,20,1,1,1,15:30,2,1,9
2023201417426,2023,201417426,2,2,2,2,49,8,3,0,0,2,0,0,9,6,E01010075,3,1,0.0,1.0,-1,6,30,1,4,2,18:10,4,2,9
2023010472028,2023,010472028,1,1,3,1,18,4,3,5,3,0,0,0,0,6,E01001565,-1,0,0.0,1.0,-1,6,30,1,4,1,23:30,7,1,9
2023010432327,2023,010432327,2,1,1,1,22,5,3,0,0,0,0,0,3,-1,-1,-1,0,0.0,1.0,-1,6,30,1,1,1,12:35,4,2,3
2023411369423,2023,411369423,1,1,1,1,22,5,2,0,0,0,0,0,3,8,E01017376,6,1,1.0,0.0,-1,6,30,1,1,1,18:50,2,2,3
2023010453229,2023,010453229,1,1,1,1,48,8,2,0,0,0,0,0,1,9,E01001379,-1,0,1.0,0.0,-1,6,20,2,1,2,15:50,3,2,1
2023141363741,2023,141363741,1,1,1,1,44,7,2,0,0,0,0,0,3,-1,-1,7,1,1.0,0.0,-1,6,30,1,4,1,18:06,2,2,3
2023141366612,2023,141366612,1,1,2,2,18,4,3,0,0,0,0,0,5,3,E01007525,3,1,0.0,1.0,-1,3,30,2,1,2,17:00,3,1,5
2023071252750,2023,071252750,1,1,2,2,39,7,3,0,0,2,0,0,8,5,E01018319,-1,0,0.01912,0.98088,-1,6,30,1,4,1,17:22,1,2,8
2023010443313,2023,010443313,1,1,1,1,25,5,3,0,0,0,0,0,3,5,E01003414,-1,0,0.0,1.0,-1,9,20,1,1,1,15:33,3,2,3
2023010462607,2023,010462607,3,4,2,2,23,5,3,0,0,2,0,0,8,5,E01024485,-1,0,0.0,1.0,-1,3,30,1,4,1,03:09,1,3,8
2023440175814,2023,440175814,1,2,2,2,85,11,3,0,0,2,0,0,9,5,E01017088,-1,0,0.11321,0.88679,-1,3,50,1,4,2,22:50,5,2,9
2023461305607,2023,461305607,1,1,1,1,26,6,3,0,0,0,0,0,9,4,E01024176,3,1,0.0,1.0,-1,6,30,1,1,1,15:30,3,2,9
2023052302464,2023,052302464,2,1,1,2,23,5,3,0,0,0,0,0,9,2,E01006725,-1,0,0.04728,0.95272,-1,3,70,1,1,2,17:19,7,2,9
2023131296840,2023,131296840,1,1,1,1,79,11,2,0,0,0,0,0,9,1,E01011493,5,1,1.0,0.0,-1,6,30,2,4,2,22:20,6,3,9
2023010419379,2023,010419379,2,2,2,-1,-1,-1,3,0,0,1,0,0,9,-1,-1,-1,0,0.0,1.0,-1,6,20,2,4,2,18:50,1,2,9
2023320655273,2023,320655273,1,1,1,2,19,4,3,0,0,0,0,0,9,5,E01026327,-1,0,0.08056,0.91944,-1,7,60,1,6,2,22:11,7,1,9
2023421316932,2023,421316932,3,4,1,2,37,7,3,0,0,0,0,0,9,5,E01021715,3,1,0.0,1.0,-1,6,30,1,1,1,14:49,6,3,9
2023991304852,2023,991304852,1,1,2,1,47,8,3,0,0,1,0,0,9,3,-1,3,1,0.0,1.0,-1,6,40,1,4,1,21:13,7,1,9
2023010458197,2023,010458197,1,1,1,2,30,6,3,0,0,0,0,0,9,4,E01015952,-1,0,0.0,1.0,-1,3,50,1,1,1,04:24,2,2,9
2023052301067,2023,052301067,1,1,2,2,76,11,2,0,0,1,0,0,9,5,E01025515,-1,0,1.0,0.0,-1,3,40,1,1,1,15:21,7,3,9
2023010425345,2023,010425345,1,1,3,2,11,3,3,5,3,0,0,0,0,6,E01004491,-1,0,0.0,1.0,-1,6,30,1,1,1,14:55,7,1,9
2023010443916,2023,010443916,1,1,3,1,15,3,3,5,1,0,0,0,0,5,E01000606,-1,0,0.0,1.0,-1,6,30,1,1,1,15:00,4,1,9
2023991380871,2023,991380871,1,1,3,1,72,10,3,1,3,0,0,0,0,2,-1,3,1,0.0,1.0,-1,6,30,1,1,2,11:45,5,1,9
2023461333924,2023,461333924,1,1,2,1,12,3,3,0,0,0,0,0,97,5,E01016116,3,1,0.0,1.0,-1,3,30,1,1,1,20:27,5,3,97
2023070000976,2023,070000976,2,1,1,1,56,9,3,0,0,0,0,0,5,9,W01000264,-1,0,0.17418,0.82582,-1,6,40,1,1,1,14:00,6,2,5
2023421389946,2023,421389946,1,1,3,1,21,5,2,9,9,0,0,0,0,9,E01021564,5,1,1.0,0.0,-1,2,20,1,6,2,21:35,2,1,9
2023122300170,2023,122300170,1,1,1,1,31,6,2,0,0,0,0,0,9,-1,-1,-1,0,1.0,0.0,-1,6,30,1,4,2,05:40,5,1,9
2023340WN5132,2023,340WN5132,2,1,1,2,38,7,3,0,0,0,0,0,9,2,E01027248,-1,0,0.00369,0.99631,-1,6,30,2,1,2,18:30,3,2,9
2023430473601,2023,430473601,1,1,1,1,38,7,3,0,0,0,0,0,9,3,E01017712,-1,0,0.02486,0.97514,-1,1,60,1,4,2,06:50,2,3,9
2023010459441,2023,010459441,1,1,3,1,57,9,3,5,3,0,0,0,0,2,E01033486,-1,0,0.0,1.0,-1,6,20,9,1,1,13:05,6,1,9
2023991345254,2023,991345254,1,1,1,1,62,9,2,0,0,0,0,0,5,10,-1,6,1,1.0,0.0,-1,3,60,1,1,1,13:40,5,1,5
2023161392338,2023,161392338,1,3,2,2,11,3,2,0,0,2,0,0,9,1,E01010611,5,1,1.0,0.0,-1,6,60,1,6,1,16:50,3,2,9
2023302301005,2023,302301005,1,4,2,2,20,4,2,0,0,2,0,0,9,4,E01005507,-1,0,1.0,0.0,-1,6,50,1,6,1,00:20,1,1,9
2023010467929,2023,010467929,1,1,1,1,31,6,3,0,0,0,0,0,3,2,E01033085,-1,0,0.0,1.0,-1,9,30,1,4,2,21:12,5,2,3
2023010455001,2023,010455001,1,1,3,2,62,9,3,6,9,0,0,0,0,10,E01023852,-1,0,0.0,1.0,-1,6,20,1,1,1,14:10,5,1,3
2023010427256,2023,010427256,1,1,2,2,37,7,3,0,0,1,0,0,9,3,E01000148,-1,0,0.0,1.0,-1,6,30,1,4,1,02:38,7,2,9
2023141379992,2023,141379992,2,1,1,2,77,11,2,0,0,0,0,0,9,7,E01008134,6,1,1.0,0.0,-1,6,30,1,1,1,11:31,3,3,9
2023010445531,2023,010445531,2,2,1,2,38,7,2,0,0,0,0,0,1,7,E01033728,-1,0,1.0,0.0,-1,3,30,1,1,1,19:05,7,2,1
2023340WN2062,2023,340WN2062,2,1,1,1,26,6,3,0,0,0,0,0,3,8,E01027329,-1,0,0.18069,0.81931,-1,6,40,1,1,1,17:50,4,2,3
2023010471007,2023,010471007,1,1,3,2,34,6,3,5,9,0,0,0,0,5,E01003650,-1,0,0.0,1.0,-1,6,30,1,1,1,15:45,2,1,19
2023131321575,2023,131321575,1,1,3,1,52,8,3,10,5,0,0,2,0,5,E01007438,3,1,0.0,1.0,-1,6,30,1,1,1,15:00,4,1,9
2023531289866,2023,531289866,1,2,1,1,68,10,2,0,0,0,0,0,1,8,E01022413,6,1,1.0,0.0,-1,6,60,1,1,2,17:00,4,2,1
2023010450293,2023,010450293,1,1,3,2,22,5,3,5,3,0,0,0,0,6,E01004706,-1,0,0.0,1.0,-1,6,20,1,1,1,10:40,3,1,9
2023010460646,2023,010460646,1,2,3,1,28,6,3,10,9,0,0,0,0,1,E01004273,-1,0,0.0,1.0,-1,6,20,1,4,1,00:05,3,1,9
2023141295515,2023,141295515,1,1,3,2,19,4,3,10,1,0,0,2,0,1,E01007416,3,1,0.0,1.0,-1,6,30,2,1,2,16:12,3,1,19
2023141327144,2023,141327144,1,1,3,2,35,6,3,10,9,0,0,0,0,-1,-1,3,1,0.0,1.0,-1,6,20,1,1,1,08:39,5,1,9
2023461285956,2023,461285956,1,2,2,1,-1,-1,2,0,0,0,0,0,3,-1,-1,7,1,1.0,0.0,-1,6,30,1,1,1,15:00,7,2,3
2023552301436,2023,552301436,1,1,3,2,38,7,3,9,9,0,0,0,0,2,E01003712,-1,0,0.13758,0.86242,-1,6,30,1,1,1,09:03,7,1,9
2023010440258,2023,010440258,2,1,1,1,31,6,3,0,0,0,0,0,1,1,E01001790,-1,0,0.0,1.0,-1,6,20,1,1,1,17:20,7,2,1
2023052302521,2023,052302521,1,1,1,1,44,7,2,0,0,0,0,0,9,9,E01025545,-1,0,1.0,0.0,-1,3,40,2,4,2,19:15,7,2,9
2023131342435,2023,131342435,2,1,2,2,72,10,3,0,0,-1,0,0,9,2,E01011149,3,1,0.0,1.0,-1,6,40,1,1,1,11:20,3,3,9
2023221301079,2023,221301079,2,1,1,2,48,8,2,0,0,0,0,0,9,5,E01014014,7,1,1.0,0.0,-1,6,60,1,1,1,07:10,4,2,9
2023440078424,2023,440078424,1,1,1,1,46,8,3,0,0,0,0,0,9,8,E01017148,-1,0,0.00974,0.99026,-1,6,30,1,1,1,13:10,7,2,9
2023440310134,2023,440310134,1,2,2,1,19,4,3,0,0,2,0,0,9,6,E01017212,-1,0,0.22236,0.77764,-1,6,60,2,6,2,04:30,4,1,9
2023461362346,2023,461362346,1,1,1,2,71,10,2,0,0,0,0,0,9,4,E01024587,7,1,1.0,0.0,-1,6,30,1,1,1,11:42,3,2,9
2023471358132,2023,471358132,1,1,2,2,7,2,3,0,0,2,0,0,9,4,E01031608,3,1,0.0,1.0,-1,6,30,1,4,1,04:15,1,2,9
2023010467149,2023,010467149,1,1,2,2,55,8,3,0,0,0,4,0,11,6,E01033571,-1,0,0.0,1.0,-1,6,20,1,1,1,12:55,4,1,11
2023010457003,2023,010457003,1,1,1,1,53,8,3,0,0,0,0,0,9,9,E01004133,-1,0,0.0,1.0,-1,6,30,1,1,1,12:40,2,2,9
2023141367821,2023,141367821,2,1,1,2,29,6,3,0,0,0,0,0,9,1,E01007779,3,1,0.0,1.0,-1,6,60,1,1,1,16:50,6,2,9
2023231392463,2023,231392463,1,1,1,1,50,8,3,0,0,0,0,0,9,8,E01031285,3,1,0.0,1.0,-1,6,60,1,1,4,09:44,4,1,9
2023311304899,2023,311304899,1,1,1,2,34,6,3,0,0,0,0,0,9,6,E01028191,3,1,0.0,1.0,-1,3,30,1,1,1,15:00,1,2,9
2023430380708,2023,430380708,2,1,1,1,50,8,3,0,0,0,0,0,9,-1,-1,-1,0,0.02527,0.97473,-1,6,40,1,1,1,08:40,6,2,9
202360A137656,2023,60A137656,2,2,2,2,18,4,3,0,0,1,0,0,9,-1,-1,-1,0,0.08431,0.91569,-1,3,70,8,1,1,14:26,1,2,9
202363C006823,2023,63C006823,1,5,1,2,66,10,3,0,0,0,0,0,9,7,W01000585,-1,0,0.12963,0.87037,-1,6,60,1,1,2,09:00,4,3,9
2023631323805,2023,631323805,2,1,1,1,18,4,3,0,0,0,0,0,9,5,W01001186,3,1,0.0,1.0,-1,6,60,2,6,2,22:45,3,2,9
2023461320303,2023,461320303,1,1,2,2,23,5,3,0,0,1,0,0,9,3,E01024529,3,1,0.0,1.0,-1,6,30,1,4,2,23:15,5,2,9
2023061391867,2023,061391867,2,1,1,2,42,7,1,0,0,0,0,0,9,8,E01024937,1,1,0.0,0.0,-1,6,60,4,6,2,16:06,7,2,9
2023451369965,2023,451369965,1,1,1,1,27,6,3,0,0,0,0,0,9,7,E01023125,3,1,0.0,1.0,-1,3,70,8,6,2,11:32,5,3,9
2023501345569,2023,501345569,3,2,1,2,12,3,3,0,0,0,0,0,16,6,E01018845,3,1,0.0,1.0,-1,6,60,1,1,1,14:00,2,3,16
2023010428977,2023,010428977,2,3,2,1,35,6,3,0,0,2,0,0,9,2,E01000012,-1,0,0.0,1.0,-1,3,30,1,1,1,14:10,4,2,9
2023010440423,2023,010440423,1,1,1,1,20,4,3,0,0,0,0,0,9,2,E01001151,-1,0,0.0,1.0,-1,6,20,1,1,1,19:45,1,4,9
2023131280267,2023,131280267,1,1,1,1,46,8,3,0,0,0,0,0,9,9,E01011713,3,1,0.0,1.0,-1,6,30,8,1,1,16:10,6,2,9
2023221387817,2023,221387817,2,2,1,2,46,8,1,0,0,0,0,0,9,4,E01014187,1,1,0.0,0.0,-1,6,40,1,1,2,08:00,5,2,9
2023501371061,2023,501371061,2,1,1,2,45,7,3,0,0,0,0,0,9,2,E01018857,3,1,0.0,1.0,-1,1,40,2,4,2,07:15,2,2,9
202354A778823,2023,54A778823,2,1,1,1,36,7,3,0,0,0,0,0,9,7,E01015010,-1,0,0.0646,0.9354,-1,6,60,1,6,1,07:08,4,2,9
2023041372569,2023,041372569,1,1,1,1,55,8,3,0,0,0,0,0,19,7,E01025384,3,1,0.0,1.0,-1,6,30,1,1,1,08:40,2,2,19
2023061347458,2023,061347458,1,1,1,1,21,5,2,0,0,0,0,0,23,1,E01004793,5,1,1.0,0.0,-1,6,20,1,1,1,12:07,5,2,23
2023010450113,2023,010450113,1,2,2,2,-1,-1,3,0,0,9,0,0,9,3,E01001324,-1,0,0.0,1.0,-1,3,40,1,4,1,23:20,1,1,9
2023302300960,2023,302300960,1,1,1,2,-1,-1,3,0,0,0,0,0,9,5,E01019456,-1,0,0.10705,0.89295,-1,6,60,1,6,2,23:29,7,1,9
2023430002404,2023,430002404,1,1,2,2,24,5,2,0,0,1,0,0,9,7,E01002420,-1,0,1.0,0.0,-1,6,60,2,6,2,01:00,3,1,9
2023430297389,2023,430297389,1,1,1,1,30,6,3,0,0,0,0,0,9,2,E01028450,-1,0,0.07019,0.92981,-1,6,50,1,1,1,15:09,4,2,9
2023501279885,2023,501279885,1,1,1,2,31,6,3,0,0,0,0,0,9,6,E01018794,3,1,0.0,1.0,-1,6,30,1,4,1,19:00,5,2,9