collision_index,collision_year,collision_ref_no,vehicle_reference,casualty_reference,casualty_class,sex_of_casualty,age_of_casualty,age_band_of_casualty,casualty_severity,pedestrian_location,pedestrian_movement,car_passenger,bus_or_coach_passenger,pedestrian_road_maintenance_worker,casualty_type,casualty_imd_decile,lsoa_of_casualty,enhanced_casualty_severity,casualty_injury_based,casualty_adjusted_severity_serious,casualty_adjusted_severity_slight,casualty_distance_banding,road_type,speed_limit,weather_conditions,light_conditions,road_surface_conditions,time,day_of_week,number_of_vehicles,vehicle_type
2023501317276,2023,501317276,2,1,1,1,33,6,3,0,0,0,0,0,9,4,E01020130,3,1,0.0,1.0,-1,6,60,1,1,1,12:00,7,2,9
2023010458932,2023,010458932,1,1,2,2,83,11,3,0,0,0,3,0,11,2,E01003490,-1,0,0.0,1.0,-1,6,30,1,1,1,15:05,6,1,11
2023010478609,2023,010478609,2,1,1,2,38,7,2,0,0,0,0,0,1,1,E01003963,-1,0,1.0,0.0,-1,3,20,1,4,1,16:33,6,2,1
2023131304304,2023,131304304,1,1,3,2,4,1,3,5,3,0,0,2,0,1,E01010677,3,1,0.0,1.0,-1,6,30,1,1,1,18:00,4,1,9
202360A023940,2023,60A023940,2,1,1,1,44,7,3,0,0,0,0,0,3,-1,-1,-1,0,0.07887,0.92113,-1,1,30,1,1,2,07:08,6,2,3
2023320576123,2023,320576123,2,1,1,1,22,5,3,0,0,0,0,0,4,3,E01026124,-1,0,0.15005,0.84995,-1,6,30,1,4,1,20:46,6,2,4
2023231387274,2023,231387274,1,1,3,2,19,4,3,5,1,0,0,-1,0,1,E01031057,3,1,0.0,1.0,-1,6,20,1,1,-1,14:50,4,1,9
2023131295078,2023,131295078,1,1,1,1,36,7,2,0,0,0,0,0,9,3,E01011141,7,1,1.0,0.0,-1,6,30,1,4,1,23:12,1,2,9
2023522400247,2023,522400247,1,1,1,1,36,7,3,0,0,0,0,0,9,1,E01014729,-1,0,0.05305,0.94695,-1,3,70,1,1,1,17:37,7,1,9
2023201358406,2023,201358406,1,1,3,2,2,1,3,9,6,0,0,0,0,1,E01010443,3,1,0.0,1.0,-1,6,30,1,1,1,10:22,3,1,9
2023421311269,2023,421311269,1,1,3,1,56,9,3,9,9,0,0,0,0,5,E01033141,3,1,0.0,1.0,-1,6,30,1,1,1,08:00,5,2,9
2023610027023,2023,610027023,1,1,3,2,88,11,2,5,1,0,0,0,0,6,W01001564,-1,0,1.0,0.0,-1,6,20,1,1,1,10:05,3,1,9
2023061280497,2023,061280497,2,1,1,2,33,6,3,0,0,0,0,0,1,3,E01005179,3,1,0.0,1.0,-1,6,30,1,4,1,19:25,7,2,1
2023122300863,2023,122300863,2,2,2,2,4,1,3,0,0,0,0,0,1,9,E01027845,-1,0,0.06285,0.93715,-1,6,30,1,1,1,16:50,5,2,1
2023201337728,2023,201337728,2,1,1,2,50,8,3,0,0,0,0,0,9,3,E01032536,3,1,0.0,1.0,-1,3,40,1,1,1,15:30,2,4,9
2023221387605,2023,221387605,2,1,2,2,17,4,2,0,0,1,0,0,9,4,E01032359,7,1,1.0,0.0,-1,1,40,2,4,2,16:56,3,2,9
2023401337081,2023,401337081,2,1,2,2,45,7,3,0,0,1,0,0,9,4,E01017487,3,1,0.0,1.0,-1,6,30,1,1,2,17:58,2,2,9
2023430210062,2023,430210062,1,1,1,1,34,6,3,0,0,0,0,0,9,4,E01016346,-1,0,0.01381,0.98619,-1,6,30,1,1,1,19:30,7,2,9
2023501354691,2023,501354691,1,1,1,1,19,4,3,0,0,0,0,0,9,5,E01015123,3,1,0.0,1.0,-1,3,40,1,1,2,00:02,3,2,9
202360A104811,2023,60A104811,2,2,1,1,71,10,3,0,0,0,0,0,9,-1,-1,-1,0,0.06632,0.93368,-1,6,60,1,1,1,16:16,3,3,9
2023622300692,2023,622300692,2,4,2,2,12,3,3,0,0,2,0,0,9,1,W01001689,-1,0,0.00547,0.99453,-1,6,30,1,1,1,15:15,7,3,9
2023201373804,2023,201373804,1,1,1,1,-1,-1,3,0,0,0,0,0,9,5,E01009738,3,1,0.0,1.0,-1,6,30,1,1,1,16:09,1,2,9
2023461301392,2023,461301392,1,1,2,1,44,7,3,0,0,1,0,0,9,6,E01024806,3,1,0.0,1.0,-1,6,60,1,6,1,20:32,7,1,9
2023471277291,2023,471277291,1,1,1,1,33,6,3,0,0,0,0,0,19,2,E01021270,3,1,0.0,1.0,-1,3,70,1,1,2,16:10,5,2,19
2023010465551,2023,010465551,1,1,1,1,44,7,3,0,0,0,0,0,1,8,E01002837,-1,0,0.0,1.0,-1,9,20,1,1,1,15:21,3,2,1
2023010481188,2023,010481188,1,1,1,1,80,11,2,0,0,0,0,0,1,7,E01000849,-1,0,1.0,0.0,-1,6,30,9,1,1,12:00,2,2,1
2023461301412,2023,461301412,2,1,1,1,34,6,3,0,0,0,0,0,3,4,E01016143,3,1,0.0,1.0,-1,6,30,9,1,-1,14:25,4,2,3
2023411344320,2023,411344320,2,1,1,1,53,8,3,0,0,0,0,0,9,7,E01023913,3,1,0.0,1.0,-1,9,20,1,1,1,18:00,7,2,9
2023461356277,2023,461356277,1,2,2,1,19,4,3,0,0,-1,0,0,9,6,E01016125,3,1,0.0,1.0,-1,6,30,1,4,1,23:05,3,3,9
2023610047323,2023,610047323,1,1,1,2,34,6,3,0,0,1,0,0,9,2,W01001681,-1,0,0.08014,0.91986,-1,3,50,1,4,1,16:38,4,2,9
2023991383060,2023,991383060,1,1,1,1,54,8,3,0,0,0,0,0,9,5,-1,3,1,0.0,1.0,-1,6,60,1,6,2,17:15,3,2,9
2023311294989,2023,311294989,2,1,1,1,19,4,3,0,0,0,0,0,-1,2,E01013870,3,1,0.0,1.0,-1,3,40,1,4,2,21:30,3,2,-1
2023010472127,2023,010472127,1,1,3,1,15,3,3,5,1,0,0,0,0,-1,-1,-1,0,0.0,1.0,-1,6,30,1,1,1,17:30,1,1,9
2023531268965,2023,531268965,1,1,1,1,26,6,3,0,0,0,0,0,3,-1,-1,3,1,0.0,1.0,-1,1,30,8,1,2,14:30,4,1,3
2023101297898,2023,101297898,1,1,2,2,37,7,3,0,0,2,0,0,9,-1,-1,3,1,0.0,1.0,-1,6,40,1,1,1,10:55,3,2,9
2023311290225,2023,311290225,3,1,1,2,37,7,3,0,0,0,0,0,9,2,E01013916,3,1,0.0,1.0,-1,6,30,2,1,2,15:55,6,3,9
2023320488488,2023,320488488,2,6,1,2,44,7,3,0,0,0,0,0,9,6,E01026404,-1,0,0.07138,0.92862,-1,6,60,1,1,1,13:16,2,2,9
2023010432053,2023,010432053,1,1,1,2,44,7,3,0,0,0,0,0,9,2,E01003594,-1,0,0.0,1.0,-1,6,30,4,4,1,20:54,2,2,9
2023221368949,2023,221368949,1,1,1,2,40,7,3,0,0,0,0,0,9,9,E01014134,3,1,0.0,1.0,-1,3,60,1,1,1,18:45,5,2,9
2023311298088,2023,311298088,2,4,2,2,66,10,2,0,0,1,0,0,9,5,E01027946,6,1,1.0,0.0,-1,6,60,1,1,1,17:12,3,2,9
2023010441950,2023,010441950,1,1,1,1,29,6,3,0,0,0,0,0,3,1,E01033456,-1,0,0.0,1.0,-1,9,20,1,4,1,20:52,6,2,3
2023010482101,2023,010482101,1,1,1,1,18,4,3,0,0,0,0,0,3,2,E01000079,-1,0,0.0,1.0,-1,9,30,2,1,2,13:30,3,2,3
2023421322084,2023,421322084,2,1,1,1,17,4,3,0,0,0,0,0,1,7,E01021381,3,1,0.0,1.0,-1,6,30,9,1,-1,11:30,3,2,1
2023421323831,2023,421323831,2,1,1,1,53,8,2,0,0,0,0,0,1,4,E01000112,6,1,1.0,0.0,-1,6,30,1,1,1,18:00,2,2,1
2023552300797,2023,552300797,1,1,1,1,52,8,3,0,0,0,0,0,3,9,E01015453,-1,0,0.17346,0.82654,-1,6,30,1,1,1,17:24,7,1,3
2023041391284,2023,041391284,1,1,3,2,30,6,2,5,1,0,0,0,0,2,E01012745,7,1,1.0,0.0,-1,6,30,9,1,1,10:35,6,1,-1
2023101263581,2023,101263581,1,1,3,2,22,5,3,10,1,0,0,0,0,-1,-1,3,1,0.0,1.0,-1,6,20,1,4,1,18:05,1,1,8
2023141260409,2023,141260409,1,1,3,1,27,6,3,1,1,0,0,0,0,-1,-1,3,1,0.0,1.0,-1,6,30,1,4,1,15:40,3,1,9
2023170S12003,2023,170S12003,1,1,3,2,17,4,2,10,9,0,0,0,0,1,E01012266,-1,0,1.0,0.0,-1,6,30,1,1,1,16:45,2,2,9
2023010471245,2023,010471245,2,1,1,1,49,8,3,0,0,0,0,0,9,8,E01017758,-1,0,0.0,1.0,-1,3,70,1,1,1,16:10,3,2,9
2023010481740,2023,010481740,1,1,1,1,78,11,3,0,0,0,0,0,9,2,E01001464,-1,0,0.0,1.0,-1,6,40,2,5,2,17:05,1,1,9
2023052300389,2023,052300389,2,1,1,1,64,9,3,0,0,0,0,0,9,1,E01006694,-1,0,0.04709,0.95291,-1,6,30,1,1,1,15:10,7,2,9
2023201277440,2023,201277440,1,2,2,2,30,6,3,0,0,1,0,0,9,1,E01010483,3,1,0.0,1.0,-1,6,30,1,4,1,21:19,2,2,9
2023471297209,2023,471297209,3,1,2,2,93,11,3,0,0,1,0,0,9,5,E01016851,3,1,0.0,1.0,-1,3,70,1,6,1,18:15,1,3,9
2023461383139,2023,461383139,2,1,1,1,16,4,3,0,0,0,0,0,97,1,E01024613,3,1,0.0,1.0,-1,3,30,2,1,2,17:54,5,2,97
2023111286016,2023,111286016,1,1,2,2,18,4,3,0,0,1,0,0,9,-1,-1,3,1,0.0,1.0,-1,6,30,2,4,2,20:00,4,2,9
2023201398923,2023,201398923,2,2,1,1,45,7,3,0,0,0,0,0,9,1,E01010383,3,1,0.0,1.0,-1,6,30,2,4,2,23:40,1,2,9
2023211332255,2023,211332255,2,1,2,1,6,2,3,0,0,1,0,0,9,7,E01029743,3,1,0.0,1.0,-1,3,60,2,1,2,14:10,7,2,9
2023622300163,2023,622300163,2,1,1,2,19,4,3,0,0,0,0,0,9,5,W01001164,-1,0,0.0144,0.9856,-1,6,30,1,4,2,19:06,1,2,9
2023122400052,2023,122400052,1,1,1,2,23,5,2,0,0,0,0,0,9,10,E01007955,-1,0,1.0,0.0,-1,6,30,1,1,1,17:00,5,2,9
2023141318739,2023,141318739,1,4,2,2,36,7,3,0,0,2,0,0,9,5,E01020803,3,1,0.0,1.0,-1,6,60,1,1,1,18:45,4,2,9
2023161380587,2023,161380587,1,1,1,2,41,7,3,0,0,0,0,0,9,9,E01013241,3,1,0.0,1.0,-1,6,50,1,5,4,17:35,4,1,9
2023320661088,2023,320661088,1,1,1,1,18,4,3,0,0,0,0,0,9,5,E01026034,-1,0,0.0536,0.9464,-1,6,30,2,6,2,16:00,3,1,9
2023411289344,2023,411289344,2,1,1,2,26,6,3,0,0,0,0,0,9,-1,-1,3,1,0.0,1.0,-1,6,60,1,6,-1,21:30,1,2,9
2023471343710,2023,471343710,2,1,1,2,67,10,3,0,0,0,0,0,9,7,E01021063,3,1,0.0,1.0,-1,6,30,1,4,1,21:42,1,2,9
2023501290661,2023,501290661,1,2,2,2,84,11,3,0,0,-1,0,0,9,5,E01018842,3,1,0.0,1.0,-1,6,30,1,1,1,15:45,1,1,9
2023541905023,2023,541905023,1,1,1,1,63,9,3,0,0,0,0,0,9,5,E01031867,-1,0,0.07798,0.92202,-1,6,60,1,6,1,19:36,2,2,9
2023031324538,2023,031324538,1,3,2,2,75,10,3,0,0,1,0,0,9,10,E01031275,3,1,0.0,1.0,-1,6,30,2,1,2,14:17,6,2,9
2023141366958,2023,141366958,2,5,2,2,79,11,2,0,0,0,4,0,11,8,E01007868,6,1,1.0,0.0,-1,6,30,1,1,1,12:55,4,2,11
2023071069158,2023,071069158,1,1,1,1,19,4,3,0,0,0,0,0,9,1,E01009073,-1,0,0.10923,0.89077,-1,6,30,2,4,2,03:19,1,1,9
2023010439432,2023,010439432,1,1,2,2,66,10,3,0,0,0,3,0,11,3,E01001394,-1,0,0.0,1.0,-1,6,20,1,1,1,17:25,3,1,11
2023552300984,2023,552300984,2,1,1,1,17,4,3,0,0,0,0,0,3,6,E01020586,-1,0,0.10556,0.89444,-1,6,30,1,7,1,23:51,6,2,3
2023471265652,2023,471265652,1,1,1,1,37,7,3,0,0,0,0,0,5,10,E01031645,3,1,0.0,1.0,-1,6,60,1,1,4,08:35,5,1,5
2023141329849,2023,141329849,4,2,2,2,39,7,3,0,0,1,0,0,9,5,E01013329,3,1,0.0,1.0,-1,3,70,2,1,2,12:05,7,5,9
2023631339125,2023,631339125,2,3,2,2,10,2,2,0,0,2,0,0,9,10,E01024327,6,1,1.0,0.0,-1,6,30,2,1,2,17:00,2,2,9
2023071069445,2023,071069445,2,1,1,2,29,6,3,0,0,0,0,0,9,-1,-1,-1,0,0.03745,0.96255,-1,6,60,1,1,1,07:45,1,2,9
2023361346934,2023,361346934,1,1,1,2,82,11,3,0,0,0,0,0,9,9,E01021721,3,1,0.0,1.0,-1,6,40,1,1,1,15:45,1,2,9
2023111320138,2023,111320138,1,1,3,1,16,4,2,9,7,0,0,0,0,9,E01020698,5,1,1.0,0.0,-1,6,60,1,1,1,17:20,6,1,9
2023411261522,2023,411261522,1,1,3,2,49,8,3,10,1,0,0,0,0,6,E01001519,3,1,0.0,1.0,-1,6,30,1,1,-1,07:15,3,1,9
2023010485145,2023,010485145,1,1,1,1,31,6,3,0,0,0,0,0,3,5,E01003433,-1,0,0.0,1.0,-1,9,20,1,1,2,11:10,3,2,3
2023440401487,2023,440401487,1,1,1,1,29,6,3,0,0,0,0,0,3,1,E01017077,-1,0,0.13372,0.86628,-1,3,30,7,4,2,06:23,2,1,3
2023361358731,2023,361358731,1,1,1,1,25,5,3,0,0,0,0,0,4,4,E01026736,3,1,0.0,1.0,-1,6,60,1,1,2,06:14,3,1,4
2023111380087,2023,111380087,2,1,2,2,71,10,3,0,0,1,0,0,9,10,E01008322,3,1,0.0,1.0,-1,3,70,1,1,2,08:40,3,3,9
2023201281597,2023,201281597,1,1,1,1,24,5,3,0,0,0,0,0,9,7,E01010317,3,1,0.0,1.0,-1,6,30,1,4,1,20:55,6,3,9
2023131351730,2023,131351730,2,1,1,1,40,7,3,0,0,0,0,0,1,9,E01011381,3,1,0.0,1.0,-1,3,30,1,1,1,11:16,6,2,1
2023122300986,2023,122300986,1,1,1,2,26,6,1,0,0,0,0,0,3,3,E01005603,-1,0,0.0,0.0,-1,6,60,1,1,1,07:00,5,1,3
2023010445749,2023,010445749,1,1,1,1,52,8,3,0,0,0,0,0,9,6,E01004173,-1,0,0.0,1.0,-1,6,30,9,4,1,22:30,1,2,9
2023170S11763,2023,170S11763,5,4,1,1,70,10,3,0,0,0,0,0,9,3,E01012197,-1,0,0.10247,0.89753,-1,3,70,9,1,1,09:55,7,5,9
2023361348008,2023,361348008,1,1,1,1,19,4,3,0,0,0,0,0,9,3,E01018109,3,1,0.0,1.0,-1,6,60,1,6,1,21:49,7,1,9
2023070563582,2023,070563582,1,1,1,1,22,5,3,0,0,0,0,0,3,1,E01010441,-1,0,0.14654,0.85346,-1,1,60,2,1,2,16:50,1,1,3
2023501332116,2023,501332116,1,1,3,1,76,11,2,9,5,0,0,0,0,7,E01019955,7,1,1.0,0.0,-1,6,30,1,1,1,11:00,7,1,9
2023131307654,2023,131307654,2,1,1,2,24,5,3,0,0,0,0,0,9,2,E01010837,3,1,0.0,1.0,-1,6,30,1,1,1,15:04,2,4,9
2023501370009,2023,501370009,1,1,2,2,53,8,3,0,0,2,0,0,9,5,E01018847,3,1,0.0,1.0,-1,6,40,2,1,2,16:39,5,2,9
2023052302543,2023,052302543,2,1,1,2,47,8,3,0,0,0,0,0,1,1,E01006769,-1,0,0.1108,0.8892,-1,6,30,1,1,1,17:00,2,2,1
2023411268151,2023,411268151,2,1,1,1,48,8,3,0,0,0,0,0,1,10,E01023363,3,1,0.0,1.0,-1,6,30,1,1,2,07:45,5,2,1
2023461265258,2023,461265258,2,1,1,1,52,8,3,0,0,0,0,0,5,7,E01024187,3,1,0.0,1.0,-1,6,20,1,1,1,19:02,6,2,5
2023371433532,2023,371433532,2,1,1,2,58,9,3,0,0,0,0,0,9,5,E01030290,3,1,0.0,1.0,-1,6,30,1,4,1,17:17,7,2,9
2023421322359,2023,421322359,2,2,1,1,55,8,3,0,0,0,0,0,9,-1,-1,3,1,0.0,1.0,-1,6,30,1,1,1,17:49,7,2,9
2023471372045,2023,471372045,1,1,2,1,-1,-1,3,0,0,0,1,0,11,-1,-1,3,1,0.0,1.0,-1,6,30,1,1,2,09:35,3,1,11
2023501345999,2023,501345999,2,1,1,1,62,9,2,0,0,0,0,0,1,7,E01015122,5,1,1.0,0.0,-1,6,30,1,1,1,14:51,1,2,1
2023131375084,2023,131375084,1,1,3,1,18,4,3,5,3,0,0,2,0,2,E01011043,3,1,0.0,1.0,-1,6,30,1,4,2,17:35,4,1,9
2023161364324,2023,161364324,1,1,3,1,44,7,3,9,7,0,0,0,0,6,E01013122,3,1,0.0,1.0,-1,6,30,1,1,1,11:40,1,1,19
2023010430689,2023,010430689,2,1,1,1,35,6,3,0,0,0,0,0,3,2,E01002716,-1,0,0.0,1.0,-1,6,20,1,1,2,17:00,2,2,3
2023122301411,2023,122301411,1,1,1,1,81,11,3,0,0,0,0,0,9,7,E01027677,-1,0,0.04389,0.95611,-1,6,30,1,1,1,15:02,5,1,9
2023302300108,2023,302300108,2,1,1,1,-1,-1,3,0,0,0,0,0,9,5,E01019456,-1,0,0.01961,0.98039,-1,6,30,1,1,1,15:03,4,2,9
2023430492264,2023,430492264,1,1,1,1,24,5,2,0,0,0,0,0,9,7,E01017919,-1,0,1.0,0.0,-1,6,50,1,6,2,20:17,4,2,9
2023991370469,2023,991370469,2,1,1,1,51,8,3,0,0,0,0,0,9,2,-1,3,1,0.0,1.0,-1,6,40,1,1,1,14:30,4,3,9
2023010423137,2023,010423137,1,1,3,1,62,9,3,1,1,0,0,0,0,5,E01000854,-1,0,0.0,1.0,-1,9,20,8,1,1,13:45,2,1,9
2023010466195,2023,010466195,1,1,3,1,20,4,3,5,2,0,0,0,0,2,E01001812,-1,0,0.0,1.0,-1,6,20,1,1,1,13:50,6,1,19
2023071155549,2023,071155549,2,2,1,2,54,8,3,0,0,0,0,0,5,-1,-1,-1,0,0.15695,0.84305,-1,6,60,1,1,2,12:34,7,2,5
2023361370460,2023,361370460,2,1,1,1,28,6,3,0,0,0,0,0,9,5,E01026862,3,1,0.0,1.0,-1,6,50,1,6,2,21:10,6,2,9
2023311366238,2023,311366238,2,1,1,1,44,7,3,0,0,0,0,0,19,4,E01028143,3,1,0.0,1.0,-1,3,30,2,4,2,05:33,3,2,19
2023041364796,2023,041364796,1,2,2,2,40,7,3,0,0,1,0,0,9,1,E01025042,3,1,0.0,1.0,-1,6,30,2,1,2,15:26,4,3,9
2023430563112,2023,430563112,1,2,1,1,54,8,3,0,0,0,0,0,9,1,E01016843,-1,0,0.08997,0.91003,-1,3,70,1,7,1,18:06,7,3,9
2023471293556,2023,471293556,2,1,1,2,41,7,3,0,0,0,0,0,9,9,E01020945,3,1,0.0,1.0,-1,1,60,1,1,1,08:45,1,2,9
2023211369142,2023,211369142,1,1,3,2,60,9,2,4,1,0,0,0,0,9,E01029862,7,1,1.0,0.0,-1,6,30,2,4,2,07:27,5,1,9
2023010448527,2023,010448527,2,2,1,2,30,6,3,0,0,0,0,0,9,7,E01000675,-1,0,0.0,1.0,-1,6,30,1,1,1,08:28,2,2,9
2023141388112,2023,141388112,1,1,2,2,79,11,2,0,0,1,0,0,9,10,E01007920,6,1,1.0,0.0,-1,6,50,1,1,2,08:28,3,3,9
2023371299467,2023,371299467,2,1,1,2,68,10,3,0,0,0,0,0,9,4,E01030251,3,1,0.0,1.0,-1,6,40,1,1,1,12:16,6,2,9
2023622301059,2023,622301059,1,1,1,1,65,9,3,0,0,0,0,0,9,8,W01001864,-1,0,0.0206,0.9794,-1,3,60,2,1,2,08:10,5,2,9
2023440486181,2023,440486181,1,2,2,1,19,4,3,0,0,0,0,0,3,1,E01017130,-1,0,0.18812,0.81188,-1,6,20,1,4,1,23:10,4,1,3
2023101380066,2023,101380066,1,1,2,2,29,6,3,0,0,2,0,0,8,8,E01008412,3,1,0.0,1.0,-1,6,20,2,1,2,11:20,2,1,8
2023010475417,2023,010475417,1,1,1,1,49,8,3,0,0,0,0,0,9,1,E01003070,-1,0,0.0,1.0,-1,3,20,2,4,2,00:50,5,2,9
2023332300416,2023,332300416,1,1,1,1,38,7,3,0,0,0,0,0,9,6,E01032863,-1,0,0.0035,0.9965,-1,6,40,1,1,1,12:30,5,2,9
2023552400014,2023,552400014,1,1,1,2,26,6,3,0,0,0,0,0,9,6,E01020493,-1,0,0.07776,0.92224,-1,6,60,1,6,2,21:24,5,1,9
2023311388947,2023,311388947,1,1,2,1,35,6,3,0,0,0,4,0,11,-1,-1,3,1,0.0,1.0,-1,6,30,1,1,2,11:35,3,1,11
2023010476132,2023,010476132,1,3,3,2,63,9,3,10,9,0,0,0,0,2,E01004434,-1,0,0.0,1.0,-1,6,30,1,4,2,18:58,1,1,9
2023991334764,2023,991334764,2,6,2,2,76,11,2,0,0,2,0,0,8,9,-1,6,1,1.0,0.0,-1,6,30,1,4,2,21:55,7,2,8
2023421373621,2023,421373621,2,5,2,1,35,6,2,0,0,1,0,0,9,10,E01023451,7,1,1.0,0.0,-1,6,60,1,1,1,15:04,7,2,9
2023991393137,2023,991393137,1,1,1,2,43,7,3,0,0,0,0,0,9,4,-1,3,1,0.0,1.0,-1,6,60,8,1,4,09:00,3,1,9
2023010425470,2023,010425470,1,2,2,-1,-1,-1,3,0,0,1,0,0,9,2,E01022965,-1,0,0.0,1.0,-1,3,50,1,1,1,13:20,1,2,9
2023031390023,2023,031390023,2,1,1,1,61,9,3,0,0,0,0,0,9,-1,-1,3,1,0.0,1.0,-1,6,30,2,1,2,14:45,2,2,9
2023070376925,2023,070376925,1,1,1,2,26,6,3,0,0,0,0,0,9,8,E01005361,-1,0,0.02604,0.97396,-1,6,50,1,1,1,15:31,5,2,9
2023231341338,2023,231341338,1,1,1,1,77,11,3,0,0,0,0,0,9,9,E01031301,3,1,0.0,1.0,-1,6,60,1,1,1,19:27,4,4,9
2023371293216,2023,371293216,2,1,1,2,58,9,2,0,0,0,0,0,9,6,E01029930,6,1,1.0,0.0,-1,6,60,1,1,1,07:14,5,5,9
2023231369683,2023,231369683,2,4,1,2,32,6,3,0,0,0,0,0,19,10,E01033252,3,1,0.0,1.0,-1,3,50,1,1,1,11:09,4,3,19
2023461272690,2023,461272690,1,1,3,2,37,7,3,5,2,0,0,0,0,1,E01024676,3,1,0.0,1.0,-1,6,30,1,1,1,14:15,4,1,9
2023010424393,2023,010424393,1,1,1,1,20,4,3,0,0,0,0,0,3,4,E01001047,-1,0,0.0,1.0,-1,6,20,1,4,1,17:25,7,2,3
2023010434521,2023,010434521,1,1,1,1,33,6,3,0,0,0,0,0,3,5,E01003414,-1,0,0.0,1.0,-1,6,20,1,1,1,18:34,2,2,3
2023010475375,2023,010475375,1,1,3,2,30,6,3,4,3,0,0,0,0,8,E01002174,-1,0,0.0,1.0,-1,6,30,1,4,1,16:59,4,1,11
2023320006785,2023,320006785,1,1,3,1,66,10,2,5,3,0,0,0,0,4,W01001487,-1,0,1.0,0.0,-1,6,30,9,4,1,17:00,2,1,9
2023991357049,2023,991357049,1,1,3,1,15,3,2,5,2,0,0,0,0,5,-1,6,1,1.0,0.0,-1,6,60,5,1,2,17:20,4,1,9
2023010447397,2023,010447397,1,1,1,1,29,6,3,0,0,0,0,0,1,2,E01002765,-1,0,0.0,1.0,-1,6,20,1,1,1,09:40,3,2,1
2023421323079,2023,421323079,2,1,1,1,28,6,3,0,0,0,0,0,3,3,E01001449,3,1,0.0,1.0,-1,6,40,1,1,1,16:03,5,2,3
2023101289496,2023,101289496,2,1,1,1,35,6,3,0,0,0,0,0,9,1,E01008439,3,1,0.0,1.0,-1,3,40,1,1,1,16:15,3,2,9
2023451373456,2023,451373456,2,2,2,2,18,4,2,0,0,1,0,0,9,4,E01030710,7,1,1.0,0.0,-1,7,40,1,4,1,18:15,7,2,9
2023991378675,2023,991378675,2,4,2,2,15,3,3,0,0,1,0,0,9,-1,-1,3,1,0.0,1.0,-1,3,70,1,1,1,15:17,6,5,9
2023451303633,2023,451303633,2,1,1,2,54,8,3,0,0,0,0,0,1,7,E01030651,3,1,0.0,1.0,-1,6,20,1,1,1,12:56,4,2,1
2023461320676,2023,461320676,2,1,1,1,71,10,2,0,0,0,0,0,5,4,E01000780,5,1,1.0,0.0,-1,6,40,1,1,1,14:22,4,2,5
2023501329223,2023,501329223,1,2,2,2,21,5,3,0,0,1,0,0,9,4,E01020052,3,1,0.0,1.0,-1,6,30,1,4,1,01:16,6,1,9
2023061377036,2023,061377036,2,1,1,-1,-1,-1,3,0,0,0,0,0,22,-1,-1,3,1,0.0,1.0,-1,6,30,1,1,1,15:20,7,2,22
2023231311030,2023,231311030,1,1,1,1,58,9,2,0,0,0,0,0,2,3,E01031006,7,1,1.0,0.0,-1,6,30,1,1,1,11:50,6,2,2
2023340WN6492,2023,340WN6492,2,1,1,1,31,6,3,0,0,0,0,0,9,9,E01026998,-1,0,0.01605,0.98395,-1,3,30,1,4,1,20:00,3,2,9
2023010484480,2023,010484480,2,1,2,2,65,9,3,0,0,0,4,0,11,1,E01002093,-1,0,0.0,1.0,-1,3,20,1,4,1,00:50,1,2,11
2023041327125,2023,041327125,3,4,2,2,9,2,2,0,0,2,0,0,9,1,E01025582,7,1,1.0,0.0,-1,6,20,1,1,1,11:13,6,5,9
2023361282067,2023,361282067,1,1,1,1,17,4,1,0,0,0,0,0,9,10,E01026506,1,1,0.0,0.0,-1,6,60,1,6,2,01:55,4,1,9
2023440466423,2023,440466423,1,2,1,1,19,4,2,0,0,0,0,0,9,10,E01022581,-1,0,1.0,0.0,-1,6,60,1,6,2,21:26,3,1,9
2023543752123,2023,543752123,1,1,1,1,23,5,2,0,0,0,0,0,19,3,E01022899,-1,0,1.0,0.0,-1,1,60,1,6,1,19:35,1,3,19
2023141299955,2023,141299955,1,1,3,1,16,4,3,5,9,0,0,0,0,2,E01007796,3,1,0.0,1.0,-1,6,30,1,1,1,17:29,1,1,9
2023411357221,2023,411357221,2,1,1,2,36,7,3,0,0,0,0,0,9,-1,-1,3,1,0.0,1.0,-1,3,50,1,4,1,01:15,1,2,9
2023421355667,2023,421355667,2,2,1,2,33,6,3,0,0,0,0,0,9,7,E01023492,3,1,0.0,1.0,-1,3,40,1,4,1,00:10,1,3,9
2023991276693,2023,991276693,1,1,1,1,41,7,3,0,0,0,0,0,9,6,-1,3,1,0.0,1.0,-1,6,30,1,4,2,19:15,3,5,9
2023991381178,2023,991381178,2,1,1,1,24,5,2,0,0,0,0,0,9,10,-1,7,1,1.0,0.0,-1,3,70,2,4,2,16:50,2,2,9
2023451332024,2023,451332024,1,1,1,2,56,9,2,0,0,0,0,0,1,3,E01030483,7,1,1.0,0.0,-1,6,30,1,1,1,20:30,6,1,1
2023302300623,2023,302300623,2,1,1,1,81,11,2,0,0,0,0,0,2,9,E01013543,-1,0,1.0,0.0,-1,6,30,1,1,1,18:29,7,2,2
2023401392870,2023,401392870,1,2,3,2,90,11,1,9,9,0,0,0,0,4,E01017570,1,1,0.0,0.0,-1,6,30,1,4,2,16:45,5,3,9
2023010436960,2023,010436960,1,1,3,2,63,9,2,8,3,0,0,0,0,3,E01002397,-1,0,1.0,0.0,-1,2,30,2,6,1,10:10,3,1,9
2023061399295,2023,061399295,1,1,3,2,77,11,2,10,1,0,0,-1,0,-1,-1,7,1,1.0,0.0,-1,6,30,2,4,2,16:30,2,1,9