collision_index,collision_year,collision_ref_no,vehicle_reference,casualty_reference,casualty_class,sex_of_casualty,age_of_casualty,age_band_of_casualty,casualty_severity,pedestrian_location,pedestrian_movement,car_passenger,bus_or_coach_passenger,pedestrian_road_maintenance_worker,casualty_type,casualty_imd_decile,lsoa_of_casualty,enhanced_casualty_severity,casualty_injury_based,casualty_adjusted_severity_serious,casualty_adjusted_severity_slight,casualty_distance_banding,road_type,speed_limit,weather_conditions,light_conditions,road_surface_conditions,time,day_of_week,number_of_vehicles,vehicle_type
2023471367283,2023,471367283,2,2,1,1,59,9,3,0,0,0,0,0,9,7,E01021165,3,1,0.0,1.0,-1,3,60,1,1,1,06:50,4,3,9
2023111317650,2023,111317650,1,1,3,2,44,7,3,8,1,0,0,0,0,-1,-1,3,1,0.0,1.0,-1,3,50,1,4,2,18:35,5,1,9
2023010484481,2023,010484481,2,1,1,-1,-1,-1,3,0,0,0,0,0,1,-1,-1,-1,0,0.0,1.0,-1,6,20,1,4,1,23:30,7,2,1
2023122301297,2023,122301297,2,1,1,1,64,9,3,0,0,0,0,0,1,5,E01027775,-1,0,0.05203,0.94797,-1,6,30,2,4,2,19:10,5,2,1
2023211268935,2023,211268935,2,1,1,1,-1,-1,3,0,0,0,0,0,1,-1,-1,3,1,0.0,1.0,-1,3,30,1,1,2,16:22,4,2,1
2023201316842,2023,201316842,2,2,2,1,11,3,3,0,0,1,0,0,9,1,E01008938,3,1,0.0,1.0,-1,6,30,1,1,1,16:13,7,2,9
2023552300534,2023,552300534,1,2,1,2,20,4,3,0,0,0,0,0,9,-1,-1,-1,0,0.05929,0.94071,-1,6,30,1,4,1,20:14,7,2,9
2023010427377,2023,010427377,1,1,3,1,87,11,3,9,8,0,0,0,0,8,E01003909,-1,0,0.0,1.0,-1,6,20,1,1,1,16:00,4,1,11
2023010446488,2023,010446488,1,1,3,1,23,5,3,1,1,0,0,0,0,2,E01003324,-1,0,0.0,1.0,-1,2,20,1,1,1,16:30,3,1,9
2023101314499,2023,101314499,2,1,1,1,66,10,3,0,0,0,0,0,9,2,E01008632,3,1,0.0,1.0,-1,1,30,1,1,1,15:50,6,2,9
202363A033323,2023,63A033323,2,1,1,1,49,8,3,0,0,0,0,0,9,-1,-1,-1,0,0.00772,0.99228,-1,2,30,1,1,1,15:20,2,2,9
2023070884781,2023,070884781,1,1,1,1,55,8,3,0,0,0,0,0,19,1,E01014242,-1,0,0.0469,0.9531,-1,6,50,1,1,1,15:50,6,3,19
2023201385474,2023,201385474,1,2,3,2,17,4,3,5,3,0,0,0,0,2,E01009266,3,1,0.0,1.0,-1,6,30,2,4,2,21:39,4,1,9
2023401376675,2023,401376675,1,1,3,2,78,11,2,10,9,0,0,-1,0,6,E01017623,6,1,1.0,0.0,-1,6,20,4,1,1,13:03,2,1,9
2023421303754,2023,421303754,1,1,3,1,5,1,2,5,4,0,0,0,0,-1,-1,6,1,1.0,0.0,-1,6,30,1,1,1,16:07,4,1,19
2023010462606,2023,010462606,1,1,1,1,26,6,3,0,0,0,0,0,9,8,E01002106,-1,0,0.0,1.0,-1,1,30,2,1,2,16:55,7,2,9
2023161264612,2023,161264612,1,1,1,2,29,6,3,0,0,0,0,0,9,3,E01012817,3,1,0.0,1.0,-1,6,30,1,4,2,18:32,3,2,9
2023631368665,2023,631368665,1,1,2,1,47,8,2,0,0,0,0,0,19,7,W01000492,5,1,1.0,0.0,-1,6,60,1,1,2,09:38,2,1,19
2023131321164,2023,131321164,2,1,1,1,56,9,3,0,0,0,0,0,1,6,E01011299,3,1,0.0,1.0,-1,6,20,1,1,1,11:25,4,2,1
2023010455604,2023,010455604,1,1,1,1,42,7,3,0,0,0,0,0,3,3,E01001578,-1,0,0.0,1.0,-1,6,20,1,1,1,07:25,2,2,3
2023061445144,2023,061445144,1,1,1,1,74,10,3,0,0,0,0,0,9,8,E01005452,3,1,0.0,1.0,-1,6,30,2,4,2,21:27,6,3,9
2023141282966,2023,141282966,1,1,1,2,29,6,3,0,0,0,0,0,9,-1,-1,3,1,0.0,1.0,-1,6,30,1,1,1,10:30,6,2,9
2023421382802,2023,421382802,2,2,2,2,57,9,3,0,0,1,0,0,9,7,E01021635,3,1,0.0,1.0,-1,3,60,2,1,2,08:49,3,2,9
2023610009123,2023,610009123,1,1,1,2,25,5,3,0,0,1,0,0,9,3,W01001430,-1,0,0.08264,0.91736,-1,6,60,8,1,4,09:00,3,2,9
2023401326172,2023,401326172,1,1,1,1,25,5,3,0,0,0,0,0,19,6,E01017550,3,1,0.0,1.0,-1,6,40,1,1,1,16:45,4,1,19
2023061276889,2023,061276889,1,1,3,2,93,11,2,5,3,0,0,0,0,2,E01005082,5,1,1.0,0.0,-1,6,30,1,1,1,12:19,3,1,18
2023302300978,2023,302300978,2,1,1,1,16,4,2,0,0,0,0,0,2,4,E01019491,-1,0,1.0,0.0,-1,1,30,1,1,1,17:45,3,2,2
2023010479411,2023,010479411,1,2,2,2,32,6,3,0,0,1,0,0,9,6,E01001160,-1,0,0.0,1.0,-1,6,30,9,7,1,21:05,3,2,9
2023201312919,2023,201312919,2,1,1,1,49,8,2,0,0,0,0,0,9,5,E01033256,7,1,1.0,0.0,-1,3,50,1,1,1,12:30,1,2,9
2023471275371,2023,471275371,3,1,1,1,38,7,3,0,0,0,0,0,9,3,E01001000,3,1,0.0,1.0,-1,6,30,1,1,2,14:15,1,3,9
2023010476879,2023,010476879,1,1,3,1,82,11,2,1,1,0,0,0,0,7,E01000292,-1,0,1.0,0.0,-1,6,30,1,1,1,13:12,5,1,3
2023451372934,2023,451372934,2,1,1,1,45,7,3,0,0,0,0,0,1,-1,-1,3,1,0.0,1.0,-1,6,30,1,7,1,16:45,5,2,1
2023010483598,2023,010483598,2,1,2,2,39,7,3,0,0,1,0,0,9,3,E01003145,-1,0,0.0,1.0,-1,6,30,1,4,2,17:00,3,2,9
2023401375239,2023,401375239,2,1,1,2,44,7,3,0,0,0,0,0,9,2,E01015802,3,1,0.0,1.0,-1,3,60,1,4,1,20:15,2,2,9
2023451331595,2023,451331595,2,1,2,2,9,2,2,0,0,2,0,0,9,-1,-1,7,1,1.0,0.0,-1,3,70,1,1,1,17:12,5,3,9
2023552400137,2023,552400137,2,1,1,1,44,7,2,0,0,0,0,0,9,10,E01020463,-1,0,1.0,0.0,-1,6,60,1,6,1,22:24,1,2,9
2023010419783,2023,010419783,1,1,1,2,26,6,3,0,0,0,0,0,3,2,E01000603,-1,0,0.0,1.0,-1,9,20,9,4,9,22:30,4,2,3
2023421393596,2023,421393596,1,1,1,1,27,6,1,0,0,0,0,0,3,4,E01016011,1,1,0.0,0.0,-1,6,30,1,4,2,18:20,1,2,3
2023302301216,2023,302301216,1,1,1,2,27,6,2,0,0,0,0,0,5,4,E01028041,-1,0,1.0,0.0,-1,6,50,1,1,2,07:45,1,1,5
2023010443385,2023,010443385,1,1,1,1,48,8,3,0,0,0,0,0,8,6,E01001040,-1,0,0.0,1.0,-1,9,30,9,4,9,21:15,3,2,8
2023101322508,2023,101322508,2,1,1,2,67,10,3,0,0,0,0,0,9,9,E01027526,3,1,0.0,1.0,-1,6,30,1,1,1,08:00,4,2,9
2023201390252,2023,201390252,2,2,1,2,23,5,3,0,0,0,0,0,9,-1,-1,3,1,0.0,1.0,-1,6,30,1,1,2,09:37,4,2,9
2023221310404,2023,221310404,2,1,1,1,20,4,3,0,0,0,0,0,9,4,E01032473,3,1,0.0,1.0,-1,6,40,1,1,1,18:30,7,2,9
2023320650237,2023,320650237,1,2,2,1,20,4,3,0,0,1,0,0,9,1,E01026374,-1,0,0.08791,0.91209,-1,6,60,1,1,2,07:50,5,1,9
2023401368899,2023,401368899,2,2,1,1,42,7,3,0,0,0,0,0,9,3,E01015765,3,1,0.0,1.0,-1,6,30,8,1,1,17:00,4,3,9
2023421317178,2023,421317178,1,2,1,2,44,7,2,0,0,0,0,0,9,9,E01021259,7,1,1.0,0.0,-1,6,30,1,1,1,18:30,7,2,9
2023430123119,2023,430123119,1,1,1,2,18,4,3,0,0,0,0,0,9,10,E01017942,-1,0,0.00188,0.99812,-1,1,30,1,1,1,17:45,7,2,9
2023010426073,2023,010426073,1,1,3,2,49,8,2,5,2,0,0,0,0,8,E01023708,-1,0,1.0,0.0,-1,2,30,1,1,1,13:08,4,1,9
2023010463804,2023,010463804,2,1,1,1,25,5,3,0,0,0,0,0,1,2,E01003032,-1,0,0.0,1.0,-1,6,20,1,1,1,07:30,1,2,1
2023131312207,2023,131312207,2,1,1,1,47,8,2,0,0,0,0,0,1,1,E01011912,6,1,1.0,0.0,-1,6,30,1,1,1,17:23,7,2,1
2023430420714,2023,430420714,1,1,2,2,50,8,3,0,0,1,0,0,9,-1,-1,-1,0,0.00787,0.99213,-1,3,30,1,1,1,13:40,3,2,9
2023430574397,2023,430574397,1,1,1,2,31,6,3,0,0,0,0,0,9,7,E01023960,-1,0,0.00393,0.99607,-1,3,70,1,1,1,10:30,7,2,9
2023440334916,2023,440334916,2,2,2,2,19,4,3,0,0,1,0,0,9,7,E01022962,-1,0,0.02866,0.97134,-1,6,30,2,4,2,22:02,6,2,9
2023501323760,2023,501323760,1,1,2,2,9,2,3,0,0,2,0,0,9,8,E01015227,3,1,0.0,1.0,-1,6,30,1,1,1,15:35,4,1,9
2023501337660,2023,501337660,1,2,2,2,12,3,3,0,0,2,0,0,9,5,E01018923,3,1,0.0,1.0,-1,6,60,2,1,2,18:05,3,1,9
2023461337092,2023,461337092,1,1,1,1,21,5,3,0,0,0,0,0,3,1,E01024295,3,1,0.0,1.0,-1,6,30,1,1,1,14:28,3,3,3
2023010451312,2023,010451312,1,2,2,-1,-1,-1,3,0,0,2,0,0,9,4,E01021636,-1,0,0.0,1.0,-1,6,20,8,1,1,12:20,7,2,9
2023401337253,2023,401337253,1,1,3,1,57,9,3,10,9,0,0,0,0,2,E01015760,3,1,0.0,1.0,-1,6,30,1,1,1,15:33,6,1,9
2023101359986,2023,101359986,1,1,1,1,21,5,3,0,0,0,0,0,9,5,E01027361,3,1,0.0,1.0,-1,6,50,1,6,2,21:50,5,1,9
2023122300555,2023,122300555,1,3,2,1,3,1,2,0,0,2,0,0,9,2,E01025006,-1,0,1.0,0.0,-1,6,60,1,1,1,16:20,6,2,9
2023411358535,2023,411358535,4,1,1,2,51,8,3,0,0,0,0,0,9,10,E01023716,3,1,0.0,1.0,-1,6,60,1,1,1,17:22,4,4,9
2023010445763,2023,010445763,3,2,2,2,18,4,3,0,0,0,0,0,3,4,E01003213,-1,0,0.0,1.0,-1,6,20,1,4,1,01:03,2,3,3
2023531339983,2023,531339983,2,6,2,2,20,4,3,0,0,2,0,0,8,1,E01032932,3,1,0.0,1.0,-1,6,40,2,1,2,17:00,2,2,8
2023201378449,2023,201378449,2,3,2,1,50,8,3,0,0,1,0,0,9,-1,-1,3,1,0.0,1.0,-1,6,30,1,1,1,14:30,1,2,9
2023311343456,2023,311343456,1,2,1,2,22,5,3,0,0,0,0,0,9,4,E01027935,3,1,0.0,1.0,-1,6,30,1,1,1,19:15,4,2,9
2023170L11333,2023,170L11333,2,2,1,1,56,9,3,0,0,0,0,0,9,9,E01013462,-1,0,0.09282,0.90718,-1,6,60,1,7,1,17:20,2,2,9
2023311324404,2023,311324404,2,2,1,1,76,11,3,0,0,0,0,0,9,4,E01028305,3,1,0.0,1.0,-1,6,60,1,1,1,09:51,6,2,9
2023520400177,2023,520400177,2,2,1,2,45,7,3,0,0,0,0,0,9,7,E01029151,-1,0,0.04594,0.95406,-1,6,50,2,1,2,07:43,7,2,9
2023010425192,2023,010425192,1,1,1,1,67,10,3,0,0,0,0,0,9,4,E01003740,-1,0,0.0,1.0,-1,6,30,1,1,1,15:42,6,2,9
2023991387779,2023,991387779,2,1,1,1,67,10,3,0,0,0,0,0,1,9,-1,3,1,0.0,1.0,-1,6,30,1,1,1,12:15,4,2,1
2023320330000,2023,320330000,2,4,2,2,20,4,2,0,0,1,0,0,9,4,E01026071,-1,0,1.0,0.0,-1,6,60,1,1,2,14:41,3,2,9
2023351308926,2023,351308926,2,1,1,1,34,6,3,0,0,0,0,0,9,9,E01026355,3,1,0.0,1.0,-1,3,30,8,1,-1,17:10,2,2,9
2023430260243,2023,430260243,1,3,2,2,47,8,3,0,0,9,0,0,9,4,E01016360,-1,0,0.00844,0.99156,-1,2,30,1,4,1,03:12,2,2,9
2023332300055,2023,332300055,2,1,3,1,38,7,1,9,9,0,0,0,0,-1,-1,-1,0,0.0,0.0,-1,6,60,1,1,2,10:00,6,3,9
2023201410743,2023,201410743,1,1,3,1,34,6,2,4,1,0,0,2,0,1,E01009141,7,1,1.0,0.0,-1,3,30,1,4,2,20:20,4,1,9
2023421330290,2023,421330290,1,1,3,1,18,4,3,1,1,0,0,0,0,2,E01022023,3,1,0.0,1.0,-1,6,30,1,1,1,17:00,2,1,9
2023991355408,2023,991355408,1,1,1,1,23,5,3,0,0,0,0,0,3,4,-1,3,1,0.0,1.0,-1,6,20,1,5,2,18:15,6,2,3
2023320317625,2023,320317625,2,1,1,1,60,9,2,0,0,0,0,0,4,1,E01026073,-1,0,1.0,0.0,-1,6,30,1,1,1,18:36,4,2,4
2023061265415,2023,061265415,2,1,1,2,35,6,3,0,0,0,0,0,9,6,E01004833,3,1,0.0,1.0,-1,6,30,2,4,2,17:50,2,2,9
2023401393069,2023,401393069,2,1,1,1,47,8,3,0,0,0,0,0,9,1,E01017471,3,1,0.0,1.0,-1,6,60,1,4,1,16:50,4,2,9
2023471324844,2023,471324844,1,2,2,2,19,4,3,0,0,1,0,0,9,7,E01021164,3,1,0.0,1.0,-1,6,20,1,1,1,16:20,7,3,9
2023041353338,2023,041353338,2,1,1,1,17,4,3,0,0,0,0,0,1,-1,-1,3,1,0.0,1.0,-1,3,40,1,1,1,16:52,1,2,1
2023041329710,2023,041329710,1,2,1,1,48,8,3,0,0,0,0,0,9,1,E01025188,3,1,0.0,1.0,-1,6,30,1,1,2,12:14,7,2,9
2023430270542,2023,430270542,1,3,2,1,17,4,1,0,0,2,0,0,9,10,E01028736,-1,0,0.0,0.0,-1,6,30,1,6,1,00:13,3,1,9
2023340WN0472,2023,340WN0472,1,1,1,1,22,5,2,0,0,0,0,0,9,10,E01017959,-1,0,1.0,0.0,-1,3,70,1,6,2,03:31,3,2,9
2023411341445,2023,411341445,2,1,1,1,18,4,3,0,0,0,0,0,9,4,E01023333,3,1,0.0,1.0,-1,6,30,1,4,2,21:58,4,2,9
2023501313999,2023,501313999,1,1,1,2,80,11,3,0,0,0,0,0,9,4,E01019007,3,1,0.0,1.0,-1,6,60,1,1,1,12:12,2,2,9
2023010435000,2023,010435000,1,1,3,2,24,5,3,5,1,0,0,0,0,1,E01001562,-1,0,0.0,1.0,-1,6,20,1,1,1,15:08,3,1,9
2023302301614,2023,302301614,2,1,1,1,23,5,3,0,0,0,0,0,1,10,E01013577,-1,0,0.09749,0.90251,-1,6,30,1,1,2,16:30,4,2,1
2023010466511,2023,010466511,1,1,1,1,48,8,3,0,0,0,0,0,5,3,E01000900,-1,0,0.0,1.0,-1,6,20,1,1,1,13:06,7,2,5
2023061372967,2023,061372967,2,1,1,1,43,7,3,0,0,0,0,0,5,4,E01018637,3,1,0.0,1.0,-1,6,30,1,1,2,09:25,6,3,5
2023010426726,2023,010426726,2,2,1,1,29,6,3,0,0,0,0,0,9,4,E01001484,-1,0,0.0,1.0,-1,6,30,1,1,1,17:08,7,2,9
2023061340509,2023,061340509,1,1,1,1,22,5,3,0,0,0,0,0,9,2,E01006218,3,1,0.0,1.0,-1,6,30,1,1,1,11:56,5,2,9
2023131349769,2023,131349769,1,1,2,1,21,5,3,0,0,2,0,0,9,4,E01011908,3,1,0.0,1.0,-1,6,30,1,1,1,18:20,4,1,9
2023041293394,2023,041293394,1,1,1,1,52,8,3,0,0,0,0,0,9,4,E01025300,3,1,0.0,1.0,-1,6,30,1,1,1,15:14,1,2,9
2023131266441,2023,131266441,2,4,2,2,18,4,2,0,0,2,0,0,9,1,E01011476,6,1,1.0,0.0,-1,9,20,8,1,2,11:30,4,2,9
2023010439409,2023,010439409,1,1,3,2,50,8,3,5,3,0,0,0,0,3,E01001661,-1,0,0.0,1.0,-1,6,30,1,1,1,06:20,3,1,9
2023211312627,2023,211312627,2,1,1,1,49,8,2,0,0,0,0,0,1,-1,-1,7,1,1.0,0.0,-1,6,30,1,1,1,20:04,2,2,1
2023010457928,2023,010457928,1,1,1,1,23,5,3,0,0,0,0,0,9,3,E01000499,-1,0,0.0,1.0,-1,1,20,1,1,1,19:45,7,2,9
2023131384512,2023,131384512,2,2,1,2,41,7,2,0,0,0,0,0,9,8,E01011769,6,1,1.0,0.0,-1,6,30,1,4,1,17:30,6,2,9
2023531347301,2023,531347301,2,1,1,1,53,8,3,0,0,0,0,0,9,5,E01022327,3,1,0.0,1.0,-1,3,30,1,1,1,14:05,1,2,9
2023991389889,2023,991389889,2,1,2,2,67,10,2,0,0,1,0,0,9,2,-1,6,1,1.0,0.0,-1,3,50,1,6,2,17:55,2,2,9
2023131379150,2023,131379150,1,1,3,2,13,3,2,5,2,0,0,2,0,1,E01011342,7,1,1.0,0.0,-1,3,40,1,4,1,18:20,1,2,19
2023231279753,2023,231279753,2,2,1,1,49,8,2,0,0,0,0,0,9,1,E01027199,5,1,1.0,0.0,-1,6,60,1,6,2,06:50,1,2,9
2023302301448,2023,302301448,1,1,1,1,22,5,2,0,0,0,0,0,9,10,E01013520,-1,0,1.0,0.0,-1,6,60,1,6,1,23:45,6,1,9
2023401321100,2023,401321100,2,1,1,1,41,7,2,0,0,0,0,0,4,2,E01015703,6,1,1.0,0.0,-1,6,30,2,4,2,21:58,1,2,4
2023430122191,2023,430122191,2,1,1,1,67,10,2,0,0,0,0,0,5,4,E01028554,-1,0,1.0,0.0,-1,6,60,1,1,1,12:45,1,2,5
2023071328021,2023,071328021,1,1,1,2,48,8,2,0,0,0,0,0,9,1,E01007290,-1,0,1.0,0.0,-1,3,70,1,1,2,08:25,5,1,9
2023311352590,2023,311352590,1,1,1,2,59,9,3,0,0,0,0,0,9,3,E01026353,3,1,0.0,1.0,-1,3,70,1,1,1,16:31,5,1,9
2023332300954,2023,332300954,1,1,2,1,13,3,2,0,0,2,0,0,9,3,E01015615,-1,0,1.0,0.0,-1,6,60,1,1,1,10:40,7,2,9
2023421297169,2023,421297169,1,1,1,2,67,10,3,0,0,0,0,0,9,9,E01015995,3,1,0.0,1.0,-1,7,50,1,1,1,15:07,1,2,9
2023010471155,2023,010471155,1,1,3,2,16,4,3,5,1,0,0,0,0,10,E01002462,-1,0,0.0,1.0,-1,2,30,1,1,1,12:20,3,1,9
2023430058885,2023,430058885,2,1,1,1,17,4,3,0,0,0,0,0,3,10,E01028820,-1,0,0.03342,0.96658,-1,6,30,1,1,4,07:48,4,2,3
2023161274061,2023,161274061,1,2,2,1,25,5,1,0,0,0,0,0,5,10,E01013042,1,1,0.0,0.0,-1,6,30,1,1,1,16:35,4,1,5
2023131368688,2023,131368688,1,1,1,2,46,8,3,0,0,0,0,0,9,1,E01011910,3,1,0.0,1.0,-1,3,50,1,4,1,18:00,2,1,9
2023451318706,2023,451318706,1,1,1,2,20,4,3,0,0,0,0,0,9,6,E01004108,3,1,0.0,1.0,-1,7,30,1,1,1,11:15,4,2,9
2023501332422,2023,501332422,1,1,1,2,56,9,2,0,0,0,0,0,9,4,E01018969,7,1,1.0,0.0,-1,6,50,2,1,2,11:39,1,2,9
2023302301487,2023,302301487,1,1,3,1,64,9,3,5,1,0,0,0,0,2,E01028230,-1,0,0.14465,0.85535,-1,6,30,9,1,1,17:40,3,2,9
2023430420413,2023,430420413,1,1,3,2,29,6,3,4,2,0,0,0,0,-1,-1,-1,0,0.07059,0.92941,-1,6,40,1,1,1,16:45,2,1,8
2023471279534,2023,471279534,2,1,1,1,58,9,2,0,0,0,0,0,1,10,E01031654,7,1,1.0,0.0,-1,6,30,1,1,1,11:55,7,2,1
2023201300708,2023,201300708,2,1,1,2,51,8,3,0,0,0,0,0,9,-1,-1,3,1,0.0,1.0,-1,6,30,9,4,1,20:57,1,2,9
2023440248851,2023,440248851,3,6,2,1,59,9,3,0,0,1,0,0,9,9,E01022943,-1,0,0.07912,0.92088,-1,6,30,1,1,1,16:43,5,3,9
2023471354351,2023,471354351,1,1,3,2,64,9,3,6,8,0,0,0,0,8,E01031545,3,1,0.0,1.0,-1,6,30,1,6,1,19:35,3,1,9
2023361340387,2023,361340387,1,1,1,2,20,4,3,0,0,0,0,0,9,4,E01026925,3,1,0.0,1.0,-1,6,30,1,1,1,10:15,3,2,9
2023010427954,2023,010427954,2,2,2,2,44,7,3,0,0,2,0,0,9,-1,-1,-1,0,0.0,1.0,-1,3,30,1,4,1,00:33,1,2,9
2023351267219,2023,351267219,1,1,1,2,18,4,3,0,0,0,0,0,9,9,E01018209,3,1,0.0,1.0,-1,6,60,8,1,-1,08:23,2,1,9
2023461372406,2023,461372406,1,1,1,2,32,6,3,0,0,0,0,0,9,9,E01016107,3,1,0.0,1.0,-1,6,60,1,6,1,17:11,2,2,9
2023061350239,2023,061350239,2,1,1,1,32,6,3,0,0,0,0,0,1,-1,-1,3,1,0.0,1.0,-1,6,30,1,1,1,14:00,7,2,1
2023201280923,2023,201280923,1,1,3,2,51,8,2,5,3,0,0,2,0,2,E01009018,7,1,1.0,0.0,-1,6,30,1,1,1,09:10,4,1,9
2023010422566,2023,010422566,1,1,1,1,22,5,3,0,0,0,0,0,3,8,E01023576,-1,0,0.0,1.0,-1,6,20,1,1,2,11:42,4,2,3
2023201385441,2023,201385441,2,2,2,2,15,3,3,0,0,-1,0,0,9,5,E01009926,3,1,0.0,1.0,-1,6,30,2,4,2,23:29,3,2,9
2023411429624,2023,411429624,1,2,2,2,15,3,3,0,0,1,0,0,9,4,E01023336,3,1,0.0,1.0,-1,1,40,1,1,1,16:36,3,2,9
2023471352636,2023,471352636,2,2,1,2,38,7,3,0,0,0,0,0,90,10,E01031773,3,1,0.0,1.0,-1,1,60,1,1,1,18:15,5,2,90
2023010429436,2023,010429436,1,1,1,1,26,6,3,0,0,0,0,0,1,10,E01003402,-1,0,0.0,1.0,-1,6,30,1,4,1,18:45,5,2,1
2023010476717,2023,010476717,1,1,1,1,44,7,3,0,0,0,0,0,1,6,E01004534,-1,0,0.0,1.0,-1,6,20,2,4,2,06:20,4,2,1
2023991293418,2023,991293418,1,1,1,1,33,6,2,0,0,0,0,0,5,8,-1,5,1,1.0,0.0,-1,6,60,1,1,1,10:05,1,1,5
2023010437478,2023,010437478,1,3,2,-1,-1,-1,3,0,0,2,0,0,9,6,E01003693,-1,0,0.0,1.0,-1,1,30,1,1,2,13:00,6,2,9
2023031279378,2023,031279378,2,1,1,2,34,6,3,0,0,0,0,0,9,5,E01019380,3,1,0.0,1.0,-1,6,30,2,1,2,13:25,3,2,9
2023201389901,2023,201389901,2,1,1,1,39,7,3,0,0,0,0,0,9,-1,-1,3,1,0.0,1.0,-1,3,30,1,1,1,09:00,2,2,9
2023061352438,2023,061352438,2,2,1,1,51,8,3,0,0,0,0,0,19,4,E01005895,3,1,0.0,1.0,-1,6,30,1,1,1,10:32,4,2,19
2023520301620,2023,520301620,2,1,1,1,19,4,3,0,0,0,0,0,97,-1,-1,-1,0,0.08397,0.91603,-1,6,30,1,1,1,12:28,3,2,97
2023302301532,2023,302301532,2,1,1,1,55,8,3,0,0,0,0,0,4,6,E01019411,-1,0,0.13525,0.86475,-1,1,30,1,1,1,15:45,3,2,4
2023501393078,2023,501393078,1,2,2,1,64,9,2,0,0,1,0,0,9,8,E01015119,6,1,1.0,0.0,-1,6,40,1,1,1,12:00,6,2,9
2023010457056,2023,010457056,2,1,1,1,53,8,3,0,0,0,0,0,1,2,E01000743,-1,0,0.0,1.0,-1,6,30,2,1,2,18:30,2,2,1
2023131344974,2023,131344974,2,1,1,1,44,7,2,0,0,0,0,0,1,2,E01011079,6,1,1.0,0.0,-1,6,30,1,1,1,07:51,5,2,1
2023302300592,2023,302300592,1,1,2,2,64,9,3,0,0,0,4,0,11,8,E01019707,-1,0,0.04626,0.95374,-1,6,30,1,1,1,16:24,3,3,11
2023010421518,2023,010421518,1,1,1,2,19,4,3,0,0,0,0,0,9,3,E01002552,-1,0,0.0,1.0,-1,6,20,1,1,1,14:23,1,1,9
2023052300197,2023,052300197,1,1,2,2,88,11,2,0,0,1,0,0,9,10,E01007191,-1,0,1.0,0.0,-1,6,50,1,6,1,17:40,6,2,9
2023311391375,2023,311391375,2,1,1,2,69,10,3,0,0,0,0,0,9,9,E01028117,3,1,0.0,1.0,-1,6,30,1,1,1,15:30,7,3,9
2023361343608,2023,361343608,2,1,1,2,27,6,3,0,0,0,0,0,9,9,E01026936,3,1,0.0,1.0,-1,6,30,1,1,1,12:40,7,2,9
2023501303032,2023,501303032,2,1,2,2,70,10,3,0,0,1,0,0,9,9,E01019958,3,1,0.0,1.0,-1,6,30,1,1,1,17:00,3,2,9
2023531366254,2023,531366254,1,1,3,1,35,6,2,8,1,0,0,0,0,3,E01022256,6,1,1.0,0.0,-1,6,20,2,4,2,00:05,7,1,9
2023201410815,2023,201410815,2,1,1,2,25,5,3,0,0,0,0,0,9,-1,-1,3,1,0.0,1.0,-1,1,30,1,4,1,19:00,1,2,9
2023211389385,2023,211389385,3,2,2,2,29,6,3,0,0,1,0,0,9,8,E01010352,3,1,0.0,1.0,-1,6,50,1,1,2,14:52,7,3,9
2023991295347,2023,991295347,2,1,1,1,53,8,3,0,0,0,0,0,9,2,-1,3,1,0.0,1.0,-1,6,30,1,1,1,17:40,2,2,9
2023041371806,2023,041371806,1,1,1,1,58,9,3,0,0,0,0,0,19,8,E01011244,3,1,0.0,1.0,-1,3,70,2,1,2,11:55,2,2,19
2023131350378,2023,131350378,2,1,1,2,28,6,3,0,0,0,0,0,9,1,E01010622,3,1,0.0,1.0,-1,1,30,1,4,1,20:57,5,2,9
2023552300046,2023,552300046,2,2,1,1,35,6,3,0,0,0,0,0,9,-1,-1,-1,0,0.01629,0.98371,-1,6,40,1,6,2,18:29,1,2,9
2023041316606,2023,041316606,1,4,2,1,35,6,3,0,0,1,0,0,9,1,E01024877,3,1,0.0,1.0,-1,6,60,1,1,1,14:35,2,2,9
2023070340301,2023,070340301,1,2,2,1,22,5,3,0,0,1,0,0,9,4,E01014219,-1,0,0.1488,0.8512,-1,6,60,1,7,1,22:30,7,1,9
2023141361271,2023,141361271,1,1,2,2,18,4,2,0,0,2,0,0,9,-1,-1,7,1,1.0,0.0,-1,6,60,1,6,1,04:00,3,1,9
2023211315234,2023,211315234,2,2,2,2,70,10,2,0,0,1,0,0,9,8,E01010329,7,1,1.0,0.0,-1,6,50,8,1,1,09:37,2,3,9
2023332300283,2023,332300283,1,1,1,1,49,8,2,0,0,0,0,0,9,3,E01013697,-1,0,1.0,0.0,-1,1,30,1,1,1,15:39,6,1,9
2023361367167,2023,361367167,1,1,1,1,34,6,3,0,0,0,0,0,9,10,E01026527,3,1,0.0,1.0,-1,6,20,1,1,1,12:40,6,2,9
2023461297899,2023,461297899,1,1,1,1,54,8,3,0,0,0,0,0,9,2,E01032799,3,1,0.0,1.0,-1,3,40,1,1,1,18:40,1,6,9
2023101300902,2023,101300902,1,1,1,1,34,6,3,0,0,0,0,0,9,1,E01008439,3,1,0.0,1.0,-1,6,30,1,1,1,18:54,6,2,9
2023461320979,2023,461320979,1,1,1,1,18,4,3,0,0,0,0,0,9,8,E01024158,3,1,0.0,1.0,-1,6,50,1,5,1,23:56,3,1,9
2023221330625,2023,221330625,2,1,1,1,55,8,3,0,0,0,0,0,9,7,E01029250,3,1,0.0,1.0,-1,6,60,2,1,2,17:17,6,3,9
2023311304411,2023,311304411,1,1,1,2,75,10,3,0,0,0,0,0,9,6,E01028308,3,1,0.0,1.0,-1,6,30,1,1,1,13:20,4,2,9