collision_index,collision_year,collision_ref_no,vehicle_reference,casualty_reference,casualty_class,sex_of_casualty,age_of_casualty,age_band_of_casualty,casualty_severity,pedestrian_location,pedestrian_movement,car_passenger,bus_or_coach_passenger,pedestrian_road_maintenance_worker,casualty_type,casualty_imd_decile,lsoa_of_casualty,enhanced_casualty_severity,casualty_injury_based,casualty_adjusted_severity_serious,casualty_adjusted_severity_slight,casualty_distance_banding,road_type,speed_limit,weather_conditions,light_conditions,road_surface_conditions,time,day_of_week,number_of_vehicles,vehicle_type
2023311364249,2023,311364249,2,1,1,2,54,8,2,0,0,0,0,0,9,5,E01028002,6,1,1.0,0.0,-1,6,30,1,1,1,09:12,4,2,9
2023332300417,2023,332300417,1,3,2,1,13,3,3,0,0,2,0,0,9,7,E01025937,-1,0,0.00195,0.99805,-1,6,30,2,1,2,19:20,5,2,9
2023340NN3522,2023,340NN3522,2,1,1,1,57,9,3,0,0,0,0,0,9,1,E01013601,-1,0,0.16119,0.83881,-1,6,60,1,1,2,14:15,5,2,9
2023421264418,2023,421264418,2,1,1,2,43,7,3,0,0,0,0,0,9,10,E01002254,3,1,0.0,1.0,-1,6,30,8,1,4,09:30,3,2,9
2023991348814,2023,991348814,2,1,2,2,5,1,2,0,0,1,0,0,9,7,-1,6,1,1.0,0.0,-1,6,30,1,1,1,15:41,5,2,9
2023552300412,2023,552300412,2,1,1,2,22,5,3,0,0,0,0,0,1,-1,-1,-1,0,0.08533,0.91467,-1,6,30,1,1,1,23:28,6,2,1
2023052301083,2023,052301083,1,1,3,2,71,10,3,6,7,0,0,0,0,9,E01006597,-1,0,0.17762,0.82238,-1,3,30,2,1,2,17:15,5,1,9
2023430055454,2023,430055454,2,1,1,1,41,7,3,0,0,0,0,0,19,9,E01017637,-1,0,0.00622,0.99378,-1,6,50,1,1,1,08:50,2,3,19
2023451309613,2023,451309613,1,1,3,1,75,10,3,9,5,0,0,0,0,-1,-1,3,1,0.0,1.0,-1,6,20,1,1,1,18:52,7,2,9
2023122301035,2023,122301035,1,1,1,1,19,4,2,0,0,0,0,0,3,10,E01013054,-1,0,1.0,0.0,-1,6,60,1,1,1,17:00,7,1,3
2023122300813,2023,122300813,1,4,2,2,28,6,2,0,0,1,0,0,9,9,E01011641,-1,0,1.0,0.0,-1,6,40,1,1,1,17:00,5,2,9
2023311378868,2023,311378868,1,1,1,1,34,6,2,0,0,0,0,0,9,6,E01028316,6,1,1.0,0.0,-1,6,40,1,1,1,11:24,6,2,9
2023430344544,2023,430344544,2,1,1,1,49,8,3,0,0,0,0,0,9,7,E01028708,-1,0,0.01357,0.98643,-1,1,70,1,1,2,19:03,4,2,9
2023141328356,2023,141328356,1,1,1,2,28,6,3,0,0,0,0,0,1,-1,-1,3,1,0.0,1.0,-1,1,30,1,1,2,07:20,3,2,1
2023471287333,2023,471287333,1,1,1,1,23,5,3,0,0,0,0,0,3,2,E01020911,3,1,0.0,1.0,-1,6,30,1,1,2,07:39,5,2,3
2023071090690,2023,071090690,1,1,1,1,23,5,2,0,0,0,0,0,9,10,E01018518,-1,0,1.0,0.0,-1,6,50,2,1,2,07:00,6,2,9
2023201311719,2023,201311719,1,1,1,1,35,6,3,0,0,0,0,0,9,1,E01009310,3,1,0.0,1.0,-1,3,30,1,4,2,17:55,6,2,9
2023131353106,2023,131353106,2,1,1,1,35,6,3,0,0,0,0,0,1,1,E01011360,3,1,0.0,1.0,-1,6,30,1,1,1,13:33,6,2,1
2023010481378,2023,010481378,1,1,1,1,28,6,3,0,0,0,0,0,9,2,E01001361,-1,0,0.0,1.0,-1,6,20,9,4,1,19:45,3,2,9
2023041275005,2023,041275005,3,4,2,2,10,2,3,0,0,2,0,0,9,1,E01025293,3,1,0.0,1.0,-1,3,30,1,4,1,20:10,6,3,9
2023161393820,2023,161393820,1,1,2,2,36,7,3,0,0,1,0,0,9,2,E01013147,3,1,0.0,1.0,-1,6,30,1,4,1,18:38,1,2,9
2023451333764,2023,451333764,1,1,1,1,37,7,2,0,0,0,0,0,23,10,E01030374,6,1,1.0,0.0,-1,6,40,1,1,1,13:50,4,1,23
2023451265696,2023,451265696,1,1,3,2,84,11,2,6,9,0,0,0,0,7,E01030850,6,1,1.0,0.0,-1,6,30,1,4,1,17:00,3,1,9
2023010435649,2023,010435649,1,1,1,1,42,7,3,0,0,0,0,0,9,1,E01001772,-1,0,0.0,1.0,-1,6,30,1,1,1,13:40,2,2,9
2023122300156,2023,122300156,2,1,2,2,87,11,3,0,0,1,0,0,9,8,E01027836,-1,0,0.05549,0.94451,-1,6,30,1,1,1,14:10,1,2,9
2023131315253,2023,131315253,1,1,2,1,43,7,3,0,0,1,0,0,9,1,E01011084,3,1,0.0,1.0,-1,6,30,1,1,1,05:52,2,2,9
2023320354642,2023,320354642,1,1,1,2,76,11,3,0,0,0,0,0,9,-1,-1,-1,0,0.13275,0.86725,-1,6,60,1,1,1,10:00,7,1,9
2023052300280,2023,052300280,1,1,3,1,64,9,2,5,1,0,0,0,0,3,E01006915,-1,0,1.0,0.0,-1,1,30,2,4,2,21:10,1,1,9
2023320110971,2023,320110971,1,1,3,1,42,7,3,10,9,0,0,0,0,10,E01032990,-1,0,0.09502,0.90498,-1,6,30,1,5,1,17:25,3,2,19
2023320243734,2023,320243734,1,1,1,1,21,5,3,0,0,0,0,0,3,7,E01026066,-1,0,0.1508,0.8492,-1,6,30,2,1,2,10:15,1,1,3
2023010442317,2023,010442317,1,1,1,1,50,8,3,0,0,0,0,0,5,3,E01001326,-1,0,0.0,1.0,-1,6,20,1,1,1,18:15,4,2,5
2023052302726,2023,052302726,2,1,1,2,60,9,2,0,0,0,0,0,9,3,E01007020,-1,0,1.0,0.0,-1,3,40,1,1,2,09:15,3,2,9
2023131287219,2023,131287219,2,1,1,1,28,6,3,0,0,0,0,0,9,8,E01011244,3,1,0.0,1.0,-1,6,30,2,4,2,18:32,4,2,9
2023461330654,2023,461330654,2,1,1,1,-1,-1,3,0,0,0,0,0,1,6,E01024079,3,1,0.0,1.0,-1,6,60,1,1,1,12:05,3,2,1
2023471382605,2023,471382605,1,1,1,1,21,5,3,0,0,0,0,0,1,9,E01031816,3,1,0.0,1.0,-1,6,30,2,4,2,18:20,2,2,1
2023991327117,2023,991327117,1,1,1,1,26,6,2,0,0,0,0,0,5,6,-1,5,1,1.0,0.0,-1,6,60,1,1,1,18:18,6,1,5
2023010420595,2023,010420595,1,1,1,1,37,7,3,0,0,0,0,0,9,3,E01003788,-1,0,0.0,1.0,-1,9,30,8,7,1,06:00,5,2,9
2023201382715,2023,201382715,1,2,2,2,82,11,3,0,0,1,0,0,9,1,E01009096,3,1,0.0,1.0,-1,6,30,2,4,2,16:02,2,1,9
2023141341057,2023,141341057,1,1,3,1,36,7,3,5,1,0,0,0,0,3,E01007632,3,1,0.0,1.0,-1,6,30,1,1,1,19:31,7,1,9
2023010455858,2023,010455858,1,1,1,1,27,6,3,0,0,0,0,0,3,3,E01001449,-1,0,0.0,1.0,-1,6,20,1,1,1,16:00,2,2,3
2023010447613,2023,010447613,1,1,1,2,18,4,3,0,0,0,0,0,9,8,E01000878,-1,0,0.0,1.0,-1,6,20,1,1,1,21:17,4,2,9
2023211280159,2023,211280159,1,1,1,1,18,4,3,0,0,0,0,0,9,5,E01019613,3,1,0.0,1.0,-1,6,60,1,1,2,10:05,6,1,9
2023340WN5242,2023,340WN5242,1,4,1,2,26,6,3,0,0,0,0,0,9,10,E01027280,-1,0,0.0848,0.9152,-1,3,70,1,1,1,17:00,3,2,9
2023501327973,2023,501327973,2,2,2,1,21,5,3,0,0,2,0,0,9,7,E01015138,3,1,0.0,1.0,-1,6,60,1,1,1,14:45,1,2,9
2023546010823,2023,546010823,1,1,1,2,14,3,3,0,0,0,0,0,1,6,E01031842,-1,0,0.09635,0.90365,-1,6,60,1,1,1,17:55,5,2,1
2023010483383,2023,010483383,2,1,1,2,33,6,3,0,0,0,0,0,3,-1,-1,-1,0,0.0,1.0,-1,3,30,1,1,1,12:46,2,2,3
2023122300110,2023,122300110,1,1,3,2,77,11,2,5,1,0,0,0,0,7,E01027782,-1,0,1.0,0.0,-1,6,30,1,1,1,11:53,6,1,9
2023421324988,2023,421324988,2,1,1,1,58,9,2,0,0,0,0,0,5,10,E01021960,6,1,1.0,0.0,-1,6,60,1,1,1,12:20,1,2,5
2023010456850,2023,010456850,1,3,2,2,3,1,3,0,0,2,0,0,9,6,E01025655,-1,0,0.0,1.0,-1,6,20,1,1,1,17:34,1,2,9
2023061317487,2023,061317487,2,1,1,1,46,8,3,0,0,0,0,0,9,9,E01005776,3,1,0.0,1.0,-1,3,50,1,1,1,07:18,2,2,9
2023201279052,2023,201279052,2,1,1,1,57,9,3,0,0,0,0,0,9,2,E01010521,3,1,0.0,1.0,-1,6,30,1,1,1,12:20,3,2,9
2023421314311,2023,421314311,2,1,1,1,33,6,3,0,0,0,0,0,9,8,E01021750,3,1,0.0,1.0,-1,6,30,1,1,1,17:46,6,2,9
2023430303019,2023,430303019,2,8,2,2,74,10,3,0,0,1,0,0,9,9,E01028785,-1,0,0.15781,0.84219,-1,6,60,1,6,2,00:11,1,2,9
2023041398629,2023,041398629,1,1,3,1,17,4,3,8,3,0,0,0,0,1,E01025293,3,1,0.0,1.0,-1,6,30,1,4,2,16:14,7,1,9
2023201316368,2023,201316368,1,1,3,1,-1,-1,3,10,9,0,0,0,0,-1,-1,3,1,0.0,1.0,-1,6,30,1,1,1,17:00,7,1,9
2023070060896,2023,070060896,2,1,1,1,60,9,2,0,0,0,0,0,1,5,E01012544,-1,0,1.0,0.0,-1,1,30,1,1,1,11:54,7,2,1
2023010431488,2023,010431488,1,1,1,1,46,8,3,0,0,0,0,0,3,5,E01000854,-1,0,0.0,1.0,-1,6,20,1,4,1,18:45,6,2,3
2023501264615,2023,501264615,3,1,1,1,46,8,3,0,0,0,0,0,9,3,E01018974,3,1,0.0,1.0,-1,6,60,1,6,2,17:20,3,3,9
2023451347014,2023,451347014,1,1,1,1,45,7,2,0,0,0,0,0,-1,5,E01030664,6,1,1.0,0.0,-1,6,30,1,4,1,21:10,4,1,-1
2023052302926,2023,052302926,2,1,1,1,27,6,3,0,0,0,0,0,9,1,E01007292,-1,0,0.00961,0.99039,-1,6,30,2,1,2,15:35,5,2,9
2023101305534,2023,101305534,1,1,1,1,18,4,3,0,0,0,0,0,9,-1,-1,3,1,0.0,1.0,-1,6,30,2,1,2,17:30,6,1,9
2023371353498,2023,371353498,1,1,1,1,54,8,3,0,0,0,0,0,9,6,E01030064,3,1,0.0,1.0,-1,6,60,1,1,1,18:00,4,1,9
2023421387816,2023,421387816,1,1,1,1,60,9,2,0,0,0,0,0,9,7,E01021679,6,1,1.0,0.0,-1,3,40,1,1,2,14:47,4,2,9
2023471266076,2023,471266076,2,1,1,2,45,7,3,0,0,0,0,0,9,4,E01031835,3,1,0.0,1.0,-1,6,30,5,4,2,17:20,5,2,9
2023471333821,2023,471333821,2,1,2,2,61,9,3,0,0,1,0,0,9,7,E01031447,3,1,0.0,1.0,-1,1,70,1,1,1,15:00,1,2,9
2023131305082,2023,131305082,1,1,3,2,56,9,3,6,9,0,0,2,0,1,E01010824,3,1,0.0,1.0,-1,6,30,1,1,1,11:46,4,1,9
2023010431471,2023,010431471,1,1,1,1,37,7,3,0,0,0,0,0,1,5,E01000140,-1,0,0.0,1.0,-1,6,20,1,1,1,16:45,4,2,1
2023010431498,2023,010431498,1,1,1,1,30,6,3,0,0,0,0,0,1,5,E01033098,-1,0,0.0,1.0,-1,3,20,1,4,2,20:51,6,2,1
2023522400583,2023,522400583,1,1,1,1,15,3,3,0,0,0,0,0,1,10,E01014879,-1,0,0.14451,0.85549,-1,6,20,1,1,1,16:00,1,1,1
2023010457692,2023,010457692,2,1,1,1,58,9,3,0,0,0,0,0,5,3,E01004571,-1,0,0.0,1.0,-1,3,70,1,1,1,13:15,6,2,5
2023320240529,2023,320240529,1,1,2,2,82,11,3,0,0,1,0,0,9,2,E01026170,-1,0,0.13272,0.86728,-1,6,40,1,1,1,17:00,6,1,9
2023421369988,2023,421369988,2,2,1,1,44,7,3,0,0,0,0,0,9,8,E01021341,3,1,0.0,1.0,-1,3,40,2,4,2,17:52,5,2,9
2023501305425,2023,501305425,1,1,1,2,34,6,3,0,0,0,0,0,9,4,E01020279,3,1,0.0,1.0,-1,6,60,1,1,1,13:43,3,2,9
2023101346442,2023,101346442,1,1,3,2,10,2,3,5,3,0,0,0,0,2,E01008477,3,1,0.0,1.0,-1,6,20,1,1,1,19:00,1,1,9
2023052300574,2023,052300574,2,1,1,1,14,3,3,0,0,0,0,0,1,1,E01007270,-1,0,0.08188,0.91812,-1,6,30,3,1,2,16:30,5,2,1
2023201278182,2023,201278182,2,1,1,1,24,5,3,0,0,0,0,0,1,3,E01033562,3,1,0.0,1.0,-1,2,30,1,4,1,18:10,3,2,1
2023421359658,2023,421359658,2,1,1,1,19,4,2,0,0,0,0,0,3,7,E01021857,7,1,1.0,0.0,-1,6,40,2,1,2,07:40,2,2,3
2023311391885,2023,311391885,1,1,1,1,34,6,3,0,0,0,0,0,9,6,E01028191,3,1,0.0,1.0,-1,6,30,2,4,2,00:49,1,3,9
2023361269230,2023,361269230,1,1,1,1,23,5,3,0,0,0,0,0,9,3,E01026756,3,1,0.0,1.0,-1,6,60,1,6,2,16:35,7,1,9
2023610004023,2023,610004023,2,1,1,1,70,10,3,0,0,1,0,0,9,8,W01001565,-1,0,0.03319,0.96681,-1,6,40,1,1,1,10:00,6,2,9
2023461376038,2023,461376038,2,1,2,2,17,4,3,0,0,2,0,0,9,9,E01000775,3,1,0.0,1.0,-1,3,70,1,1,2,09:40,6,2,9
2023451380541,2023,451380541,1,1,1,1,49,8,2,0,0,0,0,0,1,9,E01030301,7,1,1.0,0.0,-1,1,30,2,1,1,15:10,7,2,1
2023201292067,2023,201292067,2,2,1,1,38,7,3,0,0,0,0,0,9,4,E01009766,3,1,0.0,1.0,-1,3,30,1,1,1,16:07,2,2,9
2023371322038,2023,371322038,1,1,1,2,37,7,3,0,0,0,0,0,9,1,E01029980,3,1,0.0,1.0,-1,6,30,1,1,1,14:30,6,1,9
2023430362326,2023,430362326,2,2,2,2,58,9,3,0,0,1,0,0,9,-1,-1,-1,0,0.07041,0.92959,-1,6,40,1,1,2,11:07,2,2,9
2023461374203,2023,461374203,2,1,1,2,40,7,3,0,0,0,0,0,9,-1,-1,3,1,0.0,1.0,-1,6,30,2,1,2,08:10,4,2,9
2023991285539,2023,991285539,1,1,2,2,17,4,3,0,0,1,0,0,9,2,-1,3,1,0.0,1.0,-1,6,60,1,6,2,22:15,7,1,9
2023991358975,2023,991358975,1,1,1,1,11,3,2,0,0,0,0,0,1,2,-1,7,1,1.0,0.0,-1,6,30,1,1,1,13:40,7,2,1
2023141317376,2023,141317376,2,4,2,1,11,3,3,0,0,2,0,0,9,2,E01007651,3,1,0.0,1.0,-1,3,40,1,1,1,15:45,1,2,9
2023991307081,2023,991307081,1,1,1,1,19,4,1,0,0,0,0,0,9,5,-1,1,1,0.0,0.0,-1,6,60,1,6,1,00:41,1,1,9
2023991384899,2023,991384899,1,1,2,2,17,4,3,0,0,2,0,0,9,5,-1,3,1,0.0,1.0,-1,6,60,1,6,1,23:00,7,1,9
2023010437193,2023,010437193,1,1,1,1,27,6,3,0,0,0,0,0,3,5,E01001348,-1,0,0.0,1.0,-1,6,20,1,1,1,17:49,4,2,3
2023061287446,2023,061287446,1,1,2,1,18,4,2,0,0,1,0,0,9,3,E01006126,7,1,1.0,0.0,-1,6,30,2,4,2,22:45,6,1,9
2023201413734,2023,201413734,2,1,1,-1,54,8,3,0,0,0,0,0,9,8,E01010514,3,1,0.0,1.0,-1,3,70,2,1,2,10:20,6,2,9
2023440431848,2023,440431848,1,1,1,1,49,8,3,0,0,0,0,0,9,4,E01017339,-1,0,0.19423,0.80577,-1,6,60,1,6,2,18:04,7,1,9
2023991304571,2023,991304571,1,1,2,2,16,4,3,0,0,1,0,0,9,-1,-1,3,1,0.0,1.0,-1,6,30,2,1,2,17:57,5,2,9
2023010433829,2023,010433829,1,1,3,1,60,9,3,5,1,0,0,0,0,2,E01001460,-1,0,0.0,1.0,-1,1,30,2,4,2,19:17,5,1,9
2023010428330,2023,010428330,1,1,1,1,75,10,3,0,0,0,0,0,19,-1,-1,-1,0,0.0,1.0,-1,6,20,1,4,1,06:20,5,2,19
2023161263106,2023,161263106,1,1,1,1,35,6,3,0,0,0,0,0,19,-1,-1,3,1,0.0,1.0,-1,6,50,4,1,1,14:36,6,1,19
2023101392391,2023,101392391,2,1,1,2,46,8,3,0,0,0,0,0,9,1,E01020759,3,1,0.0,1.0,-1,6,30,1,1,1,11:57,2,2,9
2023231291631,2023,231291631,2,2,1,1,21,5,3,0,0,0,0,0,9,8,E01031223,3,1,0.0,1.0,-1,6,60,3,1,2,08:30,4,4,9
2023332300070,2023,332300070,3,4,1,1,40,7,3,0,0,0,0,0,9,3,E01031264,-1,0,0.00955,0.99045,-1,3,70,1,1,1,08:25,2,3,9
2023131309629,2023,131309629,1,2,2,2,24,5,2,0,0,1,0,0,9,2,E01002281,7,1,1.0,0.0,-1,6,30,1,4,1,23:21,7,6,9
2023221379364,2023,221379364,2,2,2,1,26,6,3,0,0,2,0,0,9,-1,-1,3,1,0.0,1.0,-1,6,30,1,4,2,17:40,1,2,9
2023340NN0572,2023,340NN0572,1,2,1,1,30,6,2,0,0,0,0,0,9,7,E01027033,-1,0,1.0,0.0,-1,6,60,1,1,2,07:30,3,2,9
2023010450246,2023,010450246,1,1,1,-1,26,6,3,0,0,0,0,0,3,4,E01000634,-1,0,0.0,1.0,-1,6,20,1,1,1,15:30,7,2,3
2023332300460,2023,332300460,1,1,3,1,17,4,3,5,1,0,0,0,0,3,E01013713,-1,0,0.05958,0.94042,-1,6,30,1,1,1,13:38,2,1,9
2023010474489,2023,010474489,1,1,1,2,62,9,3,0,0,0,0,0,1,6,E01001393,-1,0,0.0,1.0,-1,7,30,1,1,2,11:35,7,1,1
2023451340038,2023,451340038,1,1,1,1,22,5,3,0,0,0,0,0,3,8,E01030335,3,1,0.0,1.0,-1,6,30,1,1,1,14:15,4,2,3
2023010419228,2023,010419228,1,1,1,1,40,7,3,0,0,0,0,0,9,2,E01003265,-1,0,0.0,1.0,-1,6,20,2,4,2,04:48,1,2,9
2023131269368,2023,131269368,2,1,1,1,29,6,3,0,0,0,0,0,9,2,E01032494,3,1,0.0,1.0,-1,6,20,1,4,1,00:30,1,2,9
2023141286333,2023,141286333,1,2,2,2,28,6,3,0,0,1,0,0,9,1,E01007714,3,1,0.0,1.0,-1,6,30,2,6,2,23:47,2,2,9
2023201279220,2023,201279220,2,3,2,1,20,4,3,0,0,2,0,0,9,4,E01010510,3,1,0.0,1.0,-1,6,20,1,1,1,15:25,5,2,9
2023520400070,2023,520400070,2,3,2,2,20,4,3,0,0,1,0,0,9,8,E01020066,-1,0,0.03525,0.96475,-1,6,60,5,1,2,14:25,6,2,9
2023531319838,2023,531319838,2,2,1,1,66,10,3,0,0,0,0,0,9,10,E01015518,3,1,0.0,1.0,-1,3,40,1,4,1,22:50,6,2,9
2023991312597,2023,991312597,1,1,2,1,75,10,2,0,0,1,0,0,9,-1,-1,7,1,1.0,0.0,-1,6,40,1,1,1,18:01,2,2,9
2023522400849,2023,522400849,1,1,1,1,54,8,3,0,0,0,0,0,-1,3,E01014622,-1,0,0.04804,0.95196,-1,2,30,1,4,1,00:55,4,2,-1
2023122300514,2023,122300514,1,1,1,2,70,10,3,0,0,0,0,0,9,1,E01027740,-1,0,0.0385,0.9615,-1,6,30,1,1,1,12:30,2,2,9
2023221370595,2023,221370595,2,1,1,2,34,6,3,0,0,0,0,0,9,5,E01028994,3,1,0.0,1.0,-1,6,60,1,6,2,21:36,4,2,9
2023411294413,2023,411294413,2,1,1,2,34,6,3,0,0,0,0,0,1,8,E01023709,3,1,0.0,1.0,-1,6,30,1,1,1,13:00,2,2,1
2023421379588,2023,421379588,2,1,1,1,32,6,3,0,0,0,0,0,1,9,E01021346,3,1,0.0,1.0,-1,3,50,9,1,1,07:50,5,2,1
2023131348924,2023,131348924,1,1,1,1,22,5,2,0,0,0,0,0,3,3,E01010657,7,1,1.0,0.0,-1,6,30,2,4,2,21:30,4,2,3
2023461271215,2023,461271215,1,1,3,2,25,5,3,1,1,0,0,0,0,2,E01016041,3,1,0.0,1.0,-1,3,40,1,1,1,07:45,2,1,3
2023231316181,2023,231316181,2,2,1,1,57,9,3,0,0,0,0,0,9,2,E01008883,3,1,0.0,1.0,-1,6,50,1,1,1,11:05,1,2,9
2023401307981,2023,401307981,1,1,1,2,87,11,3,0,0,0,0,0,9,7,E01017420,3,1,0.0,1.0,-1,6,30,1,1,1,09:33,3,2,9
2023010469358,2023,010469358,1,2,2,-1,-1,-1,3,0,0,2,0,0,8,-1,-1,-1,0,0.0,1.0,-1,6,20,1,4,1,02:40,1,2,8
2023131316081,2023,131316081,1,2,3,2,3,1,3,10,9,0,0,2,0,1,E01011361,3,1,0.0,1.0,-1,6,30,1,1,1,15:56,4,2,9
2023201377391,2023,201377391,2,1,2,2,37,7,3,0,0,-1,0,0,9,4,E01009085,3,1,0.0,1.0,-1,6,30,1,1,2,19:56,3,2,9
2023440436612,2023,440436612,2,1,1,1,59,9,3,0,0,0,0,0,4,4,E01022484,-1,0,0.23165,0.76835,-1,3,40,2,1,2,07:16,4,2,4
2023201279280,2023,201279280,1,1,3,1,51,8,3,5,3,0,0,0,0,5,E01009447,3,1,0.0,1.0,-1,6,30,1,4,2,19:46,6,1,9
2023161384085,2023,161384085,1,1,3,1,69,10,3,1,3,0,0,1,0,-1,-1,3,1,0.0,1.0,-1,6,30,1,1,2,15:47,4,1,9
2023411302739,2023,411302739,2,1,1,2,27,6,3,0,0,0,0,0,3,7,E01023901,3,1,0.0,1.0,-1,6,30,2,1,-1,16:25,2,2,3
2023522400730,2023,522400730,1,1,1,1,21,5,3,0,0,0,0,0,3,4,E01033364,-1,0,0.13615,0.86385,-1,6,30,1,4,1,21:47,7,2,3
2023430374487,2023,430374487,1,1,1,1,20,4,2,0,0,0,0,0,5,-1,-1,-1,0,1.0,0.0,-1,6,30,9,1,1,15:47,2,2,5
2023991324374,2023,991324374,1,1,3,1,58,9,2,1,1,0,0,0,0,7,-1,5,1,1.0,0.0,-1,6,30,1,1,1,09:33,6,1,9
2023471282409,2023,471282409,1,1,1,2,32,6,3,0,0,0,0,0,3,3,E01020937,3,1,0.0,1.0,-1,6,30,1,1,1,09:58,5,1,3
2023211380387,2023,211380387,1,1,3,2,13,3,3,10,1,0,0,0,0,6,E01029832,3,1,0.0,1.0,-1,6,20,1,1,1,16:00,2,1,8
2023141290989,2023,141290989,1,1,1,2,59,9,3,0,0,0,0,0,9,2,E01007522,3,1,0.0,1.0,-1,6,30,1,1,1,14:13,2,2,9
2023201378626,2023,201378626,2,2,1,1,34,6,3,0,0,0,0,0,9,1,E01010530,3,1,0.0,1.0,-1,6,30,1,1,1,20:30,2,2,9
2023311340997,2023,311340997,1,1,1,1,59,9,3,0,0,0,0,0,9,8,E01028182,3,1,0.0,1.0,-1,6,40,1,1,1,12:05,7,2,9
2023451366298,2023,451366298,2,1,2,2,32,6,3,0,0,1,0,0,9,5,E01000239,3,1,0.0,1.0,-1,3,70,2,1,2,07:21,3,3,9
2023501302151,2023,501302151,1,1,1,1,24,5,2,0,0,0,0,0,9,5,E01018943,5,1,1.0,0.0,-1,6,60,7,6,1,22:20,6,1,9
2023501370069,2023,501370069,1,2,2,1,17,4,2,0,0,-1,0,0,9,4,E01020322,7,1,1.0,0.0,-1,6,60,1,6,2,20:10,4,1,9
2023052301860,2023,052301860,1,2,3,1,39,7,3,9,7,0,0,0,0,1,E01032509,-1,0,0.09565,0.90435,-1,6,30,1,1,1,08:30,4,1,9
2023010452441,2023,010452441,1,1,1,1,36,7,3,0,0,0,0,0,1,7,E01000427,-1,0,0.0,1.0,-1,6,30,8,1,1,18:30,5,2,1
2023440356635,2023,440356635,2,2,1,1,40,7,2,0,0,0,0,0,9,-1,-1,-1,0,1.0,0.0,-1,6,60,1,1,1,10:20,1,2,9
2023010486741,2023,010486741,1,1,3,2,13,3,3,5,1,0,0,0,0,5,E01002490,-1,0,0.0,1.0,-1,6,30,1,1,1,11:37,1,1,9
2023131279492,2023,131279492,1,1,3,1,69,10,3,10,1,0,0,1,0,1,E01010808,3,1,0.0,1.0,-1,2,30,1,4,2,19:05,4,1,9
2023111392205,2023,111392205,2,3,2,1,16,4,3,0,0,2,0,0,4,1,E01020873,3,1,0.0,1.0,-1,6,30,1,1,2,15:28,2,2,4
2023010451606,2023,010451606,1,4,2,-1,-1,-1,3,0,0,2,0,0,8,2,E01000078,-1,0,0.0,1.0,-1,6,20,1,4,2,04:24,1,2,8
2023122400026,2023,122400026,1,1,1,2,50,8,3,0,0,0,0,0,1,9,E01013431,-1,0,0.07468,0.92532,-1,6,30,1,1,1,12:40,4,2,1
2023010461010,2023,010461010,1,1,1,1,35,6,3,0,0,0,0,0,3,4,E01001087,-1,0,0.0,1.0,-1,9,30,9,1,9,16:20,3,2,3
2023201289544,2023,201289544,1,1,3,1,17,4,2,1,3,0,0,0,0,4,E01009231,7,1,1.0,0.0,-1,3,30,1,4,1,19:40,3,1,9
2023010443822,2023,010443822,2,1,1,1,29,6,3,0,0,0,0,0,1,3,E01004735,-1,0,0.0,1.0,-1,6,20,1,4,1,22:39,5,2,1
2023010433399,2023,010433399,1,1,1,1,41,7,3,0,0,0,0,0,3,2,E01002096,-1,0,0.0,1.0,-1,9,20,1,4,1,21:30,4,2,3
2023010463983,2023,010463983,1,1,1,1,58,9,3,0,0,0,0,0,8,7,E01000427,-1,0,0.0,1.0,-1,3,20,1,1,1,11:00,2,1,8
2023311292776,2023,311292776,1,1,1,2,47,8,3,0,0,0,0,0,9,4,E01019499,3,1,0.0,1.0,-1,6,30,1,1,2,09:17,7,2,9
2023320596358,2023,320596358,1,1,1,1,22,5,3,0,0,0,0,0,9,3,E01026246,-1,0,0.11139,0.88861,-1,6,60,1,1,1,07:45,2,1,9
2023501376164,2023,501376164,2,1,1,2,51,8,2,0,0,0,0,0,9,2,E01018868,7,1,1.0,0.0,-1,6,30,1,4,2,17:00,7,2,9
2023211330280,2023,211330280,1,1,1,1,22,5,3,0,0,0,0,0,9,2,E01029350,3,1,0.0,1.0,-1,1,30,1,1,1,04:55,5,1,9
2023231375586,2023,231375586,1,1,1,1,52,8,3,0,0,0,0,0,9,3,E01031047,3,1,0.0,1.0,-1,6,40,1,1,1,08:50,6,2,9
2023471349183,2023,471349183,1,1,1,2,25,5,2,0,0,0,0,0,9,6,E01031468,5,1,1.0,0.0,-1,3,70,1,1,1,09:45,3,2,9
2023010440898,2023,010440898,1,1,1,1,26,6,3,0,0,0,0,0,9,2,E01002604,-1,0,0.0,1.0,-1,2,40,1,1,1,14:30,4,1,9
2023010436601,2023,010436601,1,5,2,2,29,6,3,0,0,0,4,0,11,-1,-1,-1,0,0.0,1.0,-1,6,30,1,1,1,11:10,1,2,11
2023010476876,2023,010476876,1,2,2,2,-1,-1,3,0,0,0,4,0,11,3,E01003127,-1,0,0.0,1.0,-1,6,30,9,1,1,09:10,5,2,11
2023010449956,2023,010449956,2,1,1,1,47,8,3,0,0,0,0,0,1,1,E01001559,-1,0,0.0,1.0,-1,3,30,1,4,1,00:30,2,2,1
2023010484832,2023,010484832,1,1,1,1,69,10,3,0,0,0,0,0,8,-1,-1,-1,0,0.0,1.0,-1,3,20,1,1,1,16:00,2,2,8