collision_index,collision_year,collision_ref_no,vehicle_reference,casualty_reference,casualty_class,sex_of_casualty,age_of_casualty,age_band_of_casualty,casualty_severity,pedestrian_location,pedestrian_movement,car_passenger,bus_or_coach_passenger,pedestrian_road_maintenance_worker,casualty_type,casualty_imd_decile,lsoa_of_casualty,enhanced_casualty_severity,casualty_injury_based,casualty_adjusted_severity_serious,casualty_adjusted_severity_slight,casualty_distance_banding,road_type,speed_limit,weather_conditions,light_conditions,road_surface_conditions,time,day_of_week,number_of_vehicles,vehicle_type
2023320715025,2023,320715025,1,4,2,1,17,4,3,0,0,1,0,0,9,8,E01026394,-1,0,0.11958,0.88042,-1,6,60,2,6,2,20:00,7,1,9
2023351286961,2023,351286961,1,2,2,1,62,9,3,0,0,1,0,0,9,4,E01015711,3,1,0.0,1.0,-1,7,30,1,4,1,16:48,2,2,9
2023547347623,2023,547347623,2,1,1,2,44,7,3,0,0,0,0,0,9,2,E01015573,-1,0,0.02507,0.97493,-1,6,30,9,1,1,20:30,3,2,9
2023010440057,2023,010440057,1,1,1,1,20,4,3,0,0,0,0,0,3,1,E01003048,-1,0,0.0,1.0,-1,6,20,1,1,1,20:02,6,2,3
2023010483020,2023,010483020,1,1,3,1,5,1,3,5,2,0,0,0,0,6,E01002298,-1,0,0.0,1.0,-1,3,30,1,1,2,14:30,7,1,9
2023231268371,2023,231268371,1,1,3,2,75,10,3,7,1,0,0,0,0,5,E01031203,3,1,0.0,1.0,-1,6,30,1,1,1,13:10,6,1,9
2023351315968,2023,351315968,2,3,2,2,61,9,2,0,0,0,0,0,10,9,E01018181,7,1,1.0,0.0,-1,6,60,1,1,1,17:05,5,2,10
2023041393257,2023,041393257,2,2,1,1,39,7,3,0,0,0,0,0,21,2,E01018400,3,1,0.0,1.0,-1,6,40,1,1,2,11:28,6,2,21
2023010436346,2023,010436346,1,1,1,1,17,4,3,0,0,0,0,0,3,1,E01002852,-1,0,0.0,1.0,-1,6,30,1,1,1,15:43,6,2,3
2023010471207,2023,010471207,1,1,1,1,24,5,3,0,0,0,0,0,3,2,E01003159,-1,0,0.0,1.0,-1,9,20,9,1,9,15:30,3,2,3
2023010434164,2023,010434164,1,5,2,1,12,3,3,0,0,2,0,0,9,8,E01021750,-1,0,0.0,1.0,-1,6,30,8,1,1,13:43,7,2,9
2023302301145,2023,302301145,2,2,2,2,2,1,3,0,0,2,0,0,9,2,E01013504,-1,0,0.01844,0.98156,-1,6,30,1,1,1,14:15,3,3,9
2023401383200,2023,401383200,1,1,1,1,61,9,3,0,0,0,0,0,19,10,E01024733,3,1,0.0,1.0,-1,3,70,1,1,1,15:57,2,3,19
2023320023285,2023,320023285,1,1,3,2,83,11,2,8,3,0,0,0,0,7,E01026080,-1,0,1.0,0.0,-1,6,30,2,7,2,08:00,5,1,9
2023531388351,2023,531388351,1,1,3,2,10,2,3,5,3,0,0,0,0,4,E01022309,3,1,0.0,1.0,-1,6,30,1,4,1,16:40,5,1,9
2023552301113,2023,552301113,1,1,1,1,22,5,3,0,0,0,0,0,4,5,E01020489,-1,0,0.14765,0.85235,-1,6,30,1,1,1,07:56,4,2,4
2023010473801,2023,010473801,1,1,1,1,21,5,3,0,0,0,0,0,3,2,E01001112,-1,0,0.0,1.0,-1,9,30,9,1,9,17:10,6,2,3
2023201417386,2023,201417386,1,1,3,2,31,6,3,1,4,0,0,2,0,-1,-1,3,1,0.0,1.0,-1,6,30,1,1,1,13:20,6,1,9
2023401330615,2023,401330615,2,1,1,1,17,4,2,0,0,0,0,0,3,8,E01017376,6,1,1.0,0.0,-1,6,30,1,1,1,10:30,4,2,3
2023430155986,2023,430155986,1,1,1,1,23,5,2,0,0,0,0,0,9,7,E01015568,-1,0,1.0,0.0,-1,3,70,2,1,2,06:38,2,2,9
2023522400734,2023,522400734,1,1,1,2,37,7,3,0,0,0,0,0,9,3,E01014941,-1,0,0.04671,0.95329,-1,6,20,1,4,1,01:45,1,4,9
2023411315865,2023,411315865,1,1,3,2,50,8,2,4,2,0,0,-1,0,10,E01023715,7,1,1.0,0.0,-1,6,30,1,4,1,17:20,5,1,9
2023201311027,2023,201311027,2,1,1,1,11,3,3,0,0,0,0,0,1,1,E01032888,3,1,0.0,1.0,-1,6,30,1,1,1,07:30,4,2,1
2023231308390,2023,231308390,1,1,1,1,13,3,3,0,0,0,0,0,1,7,E01031319,3,1,0.0,1.0,-1,6,30,1,1,1,08:20,4,2,1
2023010435653,2023,010435653,2,1,1,1,39,7,2,0,0,0,0,0,4,6,E01004653,-1,0,1.0,0.0,-1,6,20,1,1,1,14:40,2,2,4
2023010476943,2023,010476943,1,1,1,1,45,7,3,0,0,0,0,0,4,3,E01001468,-1,0,0.0,1.0,-1,6,30,2,4,2,17:35,5,3,4
2023430340510,2023,430340510,2,1,1,1,19,4,3,0,0,0,0,0,9,9,E01016600,-1,0,0.01712,0.98288,-1,6,30,1,1,1,17:34,2,2,9
2023631391500,2023,631391500,1,1,1,1,69,10,3,0,0,0,0,0,9,8,W01000624,3,1,0.0,1.0,-1,6,40,1,6,1,16:45,6,2,9
2023122301288,2023,122301288,2,1,1,1,16,4,2,0,0,0,0,0,2,7,E01027724,-1,0,1.0,0.0,-1,6,60,1,1,2,12:24,6,2,2
2023531369081,2023,531369081,1,1,3,1,67,10,2,6,9,0,0,0,0,8,E01022298,6,1,1.0,0.0,-1,6,30,1,4,1,19:08,2,1,9
2023351289502,2023,351289502,1,1,1,2,12,3,2,0,0,0,0,0,-1,-1,-1,7,1,1.0,0.0,-1,6,30,2,1,2,10:30,7,2,-1
2023010450857,2023,010450857,1,1,1,1,20,4,3,0,0,0,0,0,9,3,E01002052,-1,0,0.0,1.0,-1,6,20,1,4,1,00:05,6,1,9
2023361353372,2023,361353372,1,1,2,2,20,4,3,0,0,1,0,0,9,6,E01026486,3,1,0.0,1.0,-1,6,40,1,6,1,21:24,2,2,9
2023311329310,2023,311329310,1,2,3,2,43,7,2,7,8,0,0,0,0,-1,-1,6,1,1.0,0.0,-1,6,30,1,1,1,05:20,3,1,19
2023052301394,2023,052301394,2,1,1,1,22,5,3,0,0,0,0,0,1,1,E01007275,-1,0,0.09075,0.90925,-1,6,30,1,1,1,12:30,7,2,1
2023131294111,2023,131294111,2,1,1,1,42,7,3,0,0,0,0,0,1,7,E01010908,3,1,0.0,1.0,-1,6,30,2,1,2,11:25,4,2,1
2023010443208,2023,010443208,1,1,1,1,35,6,3,0,0,0,0,0,3,2,E01004723,-1,0,0.0,1.0,-1,6,20,1,4,1,22:00,1,2,3
2023430033315,2023,430033315,1,1,1,1,30,6,3,0,0,0,0,0,3,9,E01016292,-1,0,0.14844,0.85156,-1,6,30,1,1,2,09:01,2,1,3
2023010473568,2023,010473568,1,1,1,1,26,6,3,0,0,0,0,0,3,5,E01000747,-1,0,0.0,1.0,-1,9,20,9,1,9,11:00,6,2,3
2023451378710,2023,451378710,1,1,1,1,28,6,3,0,0,0,0,0,3,6,E01030862,3,1,0.0,1.0,-1,6,60,1,6,1,19:00,6,2,3
2023201294318,2023,201294318,1,1,3,1,45,7,3,9,7,0,0,2,0,6,E01009183,3,1,0.0,1.0,-1,6,30,2,1,2,15:30,4,1,9
2023211324322,2023,211324322,1,1,1,1,43,7,2,0,0,0,0,0,5,6,E01029401,5,1,1.0,0.0,-1,6,60,1,1,1,19:18,5,2,5
2023201399314,2023,201399314,1,2,3,2,46,8,3,9,8,0,0,2,0,5,E01003345,3,1,0.0,1.0,-1,6,30,8,1,2,13:32,7,1,9
2023131315622,2023,131315622,1,1,1,1,18,4,3,0,0,0,0,0,9,6,E01010640,3,1,0.0,1.0,-1,6,60,1,4,1,22:42,3,1,9
2023461291745,2023,461291745,2,1,1,2,49,8,3,0,0,0,0,0,9,9,E01024253,3,1,0.0,1.0,-1,1,60,1,1,2,13:53,2,2,9
2023520001032,2023,520001032,4,2,2,2,51,8,3,0,0,1,0,0,9,9,E01032060,-1,0,0.01594,0.98406,-1,3,40,1,1,1,08:30,4,6,9
2023061326167,2023,061326167,2,1,1,-1,30,6,3,0,0,0,0,0,1,-1,-1,3,1,0.0,1.0,-1,6,30,1,1,1,09:00,7,2,1
2023461319281,2023,461319281,2,1,1,1,36,7,3,0,0,0,0,0,1,2,E01016159,3,1,0.0,1.0,-1,6,20,1,1,1,13:28,2,2,1
2023111330396,2023,111330396,3,1,1,1,81,11,3,0,0,0,0,0,1,7,E01020905,3,1,0.0,1.0,-1,6,60,1,1,1,08:16,2,3,1
2023451304726,2023,451304726,1,1,3,1,20,4,3,5,1,0,0,0,0,-1,-1,3,1,0.0,1.0,-1,6,40,2,1,2,15:45,7,1,9
2023430194020,2023,430194020,2,1,2,1,34,6,3,0,0,2,0,0,8,3,E01017723,-1,0,0.0262,0.9738,-1,6,30,1,1,1,12:06,5,2,8
2023010443875,2023,010443875,1,2,3,1,17,4,2,1,1,0,0,0,0,1,E01002842,-1,0,1.0,0.0,-1,6,20,1,1,1,16:15,5,1,3
2023231356739,2023,231356739,2,1,1,2,29,6,3,0,0,0,0,0,1,5,E01031327,3,1,0.0,1.0,-1,1,30,2,1,2,17:11,6,2,1
2023010466940,2023,010466940,1,1,1,1,36,7,3,0,0,0,0,0,3,6,E01003152,-1,0,0.0,1.0,-1,6,20,1,1,1,17:00,7,2,3
2023361314642,2023,361314642,2,2,1,1,28,6,3,0,0,0,0,0,9,4,E01026618,3,1,0.0,1.0,-1,6,30,1,1,1,19:37,7,2,9
2023440396504,2023,440396504,1,1,1,1,60,9,2,0,0,0,0,0,9,5,E01017152,-1,0,1.0,0.0,-1,6,30,1,1,1,16:09,5,3,9
2023041368186,2023,041368186,2,1,1,2,29,6,3,0,0,0,0,0,9,7,E01012747,3,1,0.0,1.0,-1,6,30,1,1,1,09:11,1,2,9
2023041372144,2023,041372144,1,4,2,1,15,3,3,0,0,1,0,0,9,3,E01025237,3,1,0.0,1.0,-1,3,30,1,4,2,21:19,6,2,9
2023131300437,2023,131300437,2,1,1,1,55,8,3,0,0,0,0,0,9,2,E01010667,3,1,0.0,1.0,-1,6,30,1,4,1,20:28,2,2,9
2023201332578,2023,201332578,2,2,2,1,19,4,3,0,0,1,0,0,9,1,E01008911,3,1,0.0,1.0,-1,6,30,1,1,1,05:16,7,2,9
2023351275586,2023,351275586,1,1,1,2,42,7,3,0,0,0,0,0,9,8,E01033184,3,1,0.0,1.0,-1,3,70,1,6,1,16:21,6,1,9
2023461285192,2023,461285192,2,1,2,2,76,11,3,0,0,1,0,0,9,5,E01024716,3,1,0.0,1.0,-1,6,40,1,1,2,17:55,1,2,9
2023552301171,2023,552301171,1,1,1,2,24,5,3,0,0,0,0,0,9,5,E01015421,-1,0,0.03765,0.96235,-1,6,40,1,1,1,09:49,5,3,9
2023552301455,2023,552301455,2,1,1,2,48,8,3,0,0,0,0,0,9,3,E01015294,-1,0,0.00988,0.99012,-1,1,30,2,1,2,09:59,6,2,9
2023991343462,2023,991343462,1,1,1,2,63,9,3,0,0,0,0,0,9,3,-1,3,1,0.0,1.0,-1,6,40,1,1,1,11:06,2,2,9
2023131355027,2023,131355027,1,1,1,1,58,9,3,0,0,0,0,0,9,1,E01010924,3,1,0.0,1.0,-1,6,60,1,1,1,18:43,5,2,9
2023471319193,2023,471319193,2,1,2,1,23,5,3,0,0,1,0,0,9,7,E01021010,3,1,0.0,1.0,-1,6,30,1,1,1,17:43,5,2,9
2023552400140,2023,552400140,3,2,2,1,11,3,3,0,0,1,0,0,9,9,E01032642,-1,0,0.0847,0.9153,-1,3,60,1,1,1,15:27,4,3,9
2023610022423,2023,610022423,2,2,1,1,39,7,3,0,0,0,0,0,9,1,W01001457,-1,0,0.04396,0.95604,-1,1,30,1,1,1,07:59,6,2,9
2023411309265,2023,411309265,2,2,1,1,31,6,3,0,0,0,0,0,19,6,E01023943,3,1,0.0,1.0,-1,1,30,1,1,1,16:00,5,2,19
2023440162617,2023,440162617,1,2,2,1,30,6,3,0,0,0,0,0,19,2,E01007967,-1,0,0.16643,0.83357,-1,3,70,1,6,1,01:55,4,2,19
2023201370254,2023,201370254,2,1,1,1,19,4,2,0,0,0,0,0,-1,-1,-1,7,1,1.0,0.0,-1,3,30,1,1,1,07:15,5,2,-1
2023010420055,2023,010420055,1,1,1,1,22,5,3,0,0,0,0,0,9,2,E01014624,-1,0,0.0,1.0,-1,6,30,4,4,1,02:15,7,2,9
2023031367775,2023,031367775,1,2,1,1,53,8,3,0,0,0,0,0,9,7,E01019092,3,1,0.0,1.0,-1,6,60,1,1,2,13:20,6,2,9
2023041363180,2023,041363180,1,1,1,1,38,7,2,0,0,0,0,0,9,7,E01012602,7,1,1.0,0.0,-1,6,50,2,1,2,13:00,4,2,9
2023170M11193,2023,170M11193,3,2,1,2,65,9,3,0,0,0,0,0,9,1,E01012021,-1,0,0.04594,0.95406,-1,6,30,2,1,2,13:12,4,4,9
2023501337614,2023,501337614,1,2,1,1,69,10,2,0,0,0,0,0,9,5,E01032371,7,1,1.0,0.0,-1,6,60,1,1,1,13:30,4,3,9
2023161372230,2023,161372230,1,1,1,1,21,5,2,0,0,0,0,0,9,10,E01013060,7,1,1.0,0.0,-1,6,40,1,6,2,01:55,4,1,9
2023351318892,2023,351318892,2,1,1,2,30,6,3,0,0,0,0,0,9,8,E01026434,3,1,0.0,1.0,-1,9,30,1,7,1,10:40,2,2,9
2023461371946,2023,461371946,2,3,2,1,28,6,3,0,0,-1,0,0,9,6,E01016080,3,1,0.0,1.0,-1,3,70,2,1,2,07:30,4,2,9
2023041357684,2023,041357684,2,1,1,1,45,7,2,0,0,0,0,0,1,8,E01025012,6,1,1.0,0.0,-1,6,40,1,1,1,16:00,7,2,1
2023991284226,2023,991284226,1,1,1,1,37,7,2,0,0,0,0,0,4,2,-1,7,1,1.0,0.0,-1,6,60,1,1,1,16:30,4,2,4
2023401329270,2023,401329270,1,2,3,1,5,1,3,9,9,0,0,0,0,3,E01017501,3,1,0.0,1.0,-1,6,20,1,1,1,11:31,4,1,9
2023451280735,2023,451280735,1,1,1,1,37,7,3,0,0,0,0,0,9,4,E01030383,3,1,0.0,1.0,-1,6,30,1,1,1,10:20,3,2,9
2023010423410,2023,010423410,1,1,1,1,30,6,3,0,0,0,0,0,1,5,E01000264,-1,0,0.0,1.0,-1,6,30,2,1,2,08:52,4,2,1
2023070139469,2023,070139469,1,1,1,1,51,8,2,0,0,0,0,0,3,1,E01006574,-1,0,1.0,0.0,-1,3,70,1,1,1,08:30,6,1,3
202354B102423,2023,54B102423,1,1,1,1,45,7,3,0,0,0,0,0,3,4,E01023153,-1,0,0.10997,0.89003,-1,3,40,2,1,1,13:22,5,2,3
2023010460501,2023,010460501,2,1,1,1,51,8,3,0,0,0,0,0,9,5,E01025920,-1,0,0.0,1.0,-1,1,40,8,1,1,07:45,2,2,9
2023302300652,2023,302300652,1,1,1,2,29,6,3,0,0,0,0,0,9,-1,-1,-1,0,0.01091,0.98909,-1,3,40,1,1,1,15:40,6,2,9
2023543355523,2023,543355523,1,1,1,2,19,4,3,0,0,0,0,0,9,7,E01015474,-1,0,0.03918,0.96082,-1,3,70,2,1,2,17:53,4,4,9
2023622300915,2023,622300915,1,1,1,1,26,6,3,0,0,0,0,0,9,8,W01000902,-1,0,0.09534,0.90466,-1,6,20,1,1,2,14:58,3,1,9
2023131268128,2023,131268128,1,1,1,1,54,8,3,0,0,0,0,0,10,2,E01011000,3,1,0.0,1.0,-1,9,30,8,4,4,19:27,4,2,10
2023010470294,2023,010470294,1,1,2,1,-1,-1,3,0,0,0,9,0,11,-1,-1,-1,0,0.0,1.0,-1,6,20,1,4,1,22:16,6,1,11
2023010475673,2023,010475673,1,1,3,2,76,11,3,5,1,0,0,0,0,9,E01000696,-1,0,0.0,1.0,-1,1,30,1,1,1,11:30,6,1,9
2023201316775,2023,201316775,1,1,3,2,13,3,2,5,1,0,0,0,0,4,E01009011,5,1,1.0,0.0,-1,6,30,1,1,1,17:25,7,1,9
2023061343250,2023,061343250,1,1,2,1,30,6,3,0,0,1,0,0,9,-1,-1,3,1,0.0,1.0,-1,6,30,1,1,1,19:03,5,2,9
2023131324195,2023,131324195,1,1,2,1,17,4,3,0,0,2,0,0,9,6,E01011156,3,1,0.0,1.0,-1,6,30,1,1,1,16:40,5,2,9
2023320495802,2023,320495802,3,2,1,2,28,6,3,0,0,0,0,0,9,3,E01026087,-1,0,0.0145,0.9855,-1,6,60,1,1,1,17:00,5,4,9
2023010447797,2023,010447797,1,1,1,1,58,9,3,0,0,0,0,0,1,8,E01000320,-1,0,0.0,1.0,-1,6,30,1,1,1,17:53,3,2,1
2023041340053,2023,041340053,2,1,1,1,8,2,3,0,0,0,0,0,1,9,E01024966,3,1,0.0,1.0,-1,6,20,1,1,1,17:58,4,2,1
2023041339590,2023,041339590,1,1,3,2,84,11,2,10,3,0,0,0,0,4,E01025450,5,1,1.0,0.0,-1,6,20,1,1,1,10:25,3,1,19
2023070434450,2023,070434450,1,1,3,1,59,9,3,9,9,0,0,0,0,2,E01018525,-1,0,0.13183,0.86817,-1,6,30,1,1,1,08:20,2,2,20
2023131275673,2023,131275673,1,1,3,1,41,7,2,5,9,0,0,2,0,1,E01010995,6,1,1.0,0.0,-1,6,30,1,1,1,13:34,2,1,19
2023401386818,2023,401386818,1,3,2,1,-1,-1,2,0,0,0,0,0,19,6,E01017592,7,1,1.0,0.0,-1,6,60,2,6,2,15:40,2,2,19
2023010461331,2023,010461331,1,2,3,1,34,6,3,5,3,0,0,0,0,6,E01004529,-1,0,0.0,1.0,-1,6,20,2,4,1,22:23,6,1,9
2023010470724,2023,010470724,1,1,1,1,46,8,2,0,0,0,0,0,1,3,E01003596,-1,0,1.0,0.0,-1,6,20,1,1,1,09:30,6,2,1
2023101391335,2023,101391335,2,1,1,2,29,6,3,0,0,0,0,0,1,9,E01008376,3,1,0.0,1.0,-1,1,30,1,1,1,09:20,4,2,1
2023010457223,2023,010457223,2,1,1,1,27,6,3,0,0,0,0,0,3,4,E01002179,-1,0,0.0,1.0,-1,6,30,1,1,1,17:50,3,2,3
2023440348668,2023,440348668,1,1,1,1,28,6,3,0,0,0,0,0,3,1,E01033383,-1,0,0.09173,0.90827,-1,6,30,1,4,2,20:23,2,2,3
2023451262718,2023,451262718,1,1,1,1,27,6,3,0,0,0,0,0,3,10,E01016708,3,1,0.0,1.0,-1,6,30,2,4,2,17:45,3,2,3
2023471347142,2023,471347142,2,1,1,1,25,5,3,0,0,0,0,0,3,4,E01031608,3,1,0.0,1.0,-1,1,20,1,1,1,12:40,4,2,3
2023201371042,2023,201371042,1,1,3,1,25,5,3,1,1,0,0,2,0,1,E01009400,3,1,0.0,1.0,-1,6,30,1,1,1,18:46,3,1,9
2023302300959,2023,302300959,1,5,3,-1,22,5,2,6,9,0,0,0,0,4,E01019742,-1,0,1.0,0.0,-1,6,50,1,6,1,22:40,7,1,9
2023052302830,2023,052302830,1,1,3,2,17,4,2,1,1,0,0,0,0,2,E01006586,-1,0,1.0,0.0,-1,6,30,1,4,1,16:05,1,1,9
2023010444930,2023,010444930,1,1,1,1,24,5,3,0,0,0,0,0,3,4,E01002603,-1,0,0.0,1.0,-1,9,20,1,4,1,22:00,4,2,3
2023010460319,2023,010460319,2,1,1,1,30,6,2,0,0,0,0,0,4,5,E01002913,-1,0,1.0,0.0,-1,6,20,1,4,1,22:46,7,2,4
2023451335902,2023,451335902,1,1,1,1,29,6,3,0,0,0,0,0,3,9,E01030685,3,1,0.0,1.0,-1,6,30,2,1,2,18:05,4,2,3
2023122301127,2023,122301127,2,1,1,1,42,7,3,0,0,0,0,0,1,7,E01013400,-1,0,0.11208,0.88792,-1,6,60,1,1,1,18:08,1,2,1
2023010435522,2023,010435522,1,2,3,2,61,9,3,1,1,0,0,0,0,-1,-1,-1,0,0.0,1.0,-1,3,40,1,1,1,15:50,1,1,3
2023010476651,2023,010476651,1,1,3,2,23,5,3,5,1,0,0,0,0,1,E01003488,-1,0,0.0,1.0,-1,6,30,2,1,2,09:00,4,1,90
2023061349638,2023,061349638,1,1,3,1,9,2,2,9,6,0,0,0,0,-1,-1,7,1,1.0,0.0,-1,6,20,1,1,1,18:45,3,2,9
2023052302360,2023,052302360,2,1,1,1,66,10,3,0,0,0,0,0,9,1,E01006610,-1,0,0.0174,0.9826,-1,3,70,1,1,2,08:45,5,2,9
2023211290376,2023,211290376,2,1,1,1,79,11,3,0,0,0,0,0,9,8,E01029392,3,1,0.0,1.0,-1,2,30,1,1,1,08:45,7,2,9
2023401311371,2023,401311371,2,1,1,1,22,5,3,0,0,0,0,0,9,7,E01017511,3,1,0.0,1.0,-1,7,70,1,1,-1,15:30,2,2,9
2023010442338,2023,010442338,1,1,2,2,68,10,3,0,0,0,1,0,11,2,E01002807,-1,0,0.0,1.0,-1,6,20,1,1,1,13:00,4,1,11
2023010424185,2023,010424185,1,1,1,1,38,7,3,0,0,0,0,0,9,5,E01023542,-1,0,0.0,1.0,-1,9,30,8,4,1,08:10,7,2,9
2023122300641,2023,122300641,2,3,2,2,75,10,3,0,0,1,0,0,9,5,E01027529,-1,0,0.03143,0.96857,-1,3,70,1,1,1,13:15,6,3,9
2023451326869,2023,451326869,1,1,1,1,21,5,3,0,0,0,0,0,9,-1,-1,3,1,0.0,1.0,-1,6,30,1,1,1,09:10,2,2,9
2023010473009,2023,010473009,1,1,1,1,46,8,3,0,0,0,0,0,9,2,E01004237,-1,0,0.0,1.0,-1,6,20,2,4,2,19:40,5,1,9
2023111330594,2023,111330594,2,2,2,1,30,6,3,0,0,1,0,0,9,-1,-1,3,1,0.0,1.0,-1,6,40,1,1,1,13:55,2,2,9
2023332300423,2023,332300423,1,1,1,1,37,7,2,0,0,0,0,0,9,6,E01013737,-1,0,1.0,0.0,-1,6,40,1,4,1,01:10,1,1,9
2023421388179,2023,421388179,2,2,1,2,47,8,3,0,0,0,0,0,9,8,E01021282,3,1,0.0,1.0,-1,6,40,1,1,1,14:05,3,2,9
2023461396730,2023,461396730,1,1,2,2,-1,-1,2,0,0,2,0,0,9,-1,-1,7,1,1.0,0.0,-1,3,70,1,5,2,18:09,6,1,9
2023552301317,2023,552301317,2,1,1,2,58,9,3,0,0,0,0,0,9,6,E01031991,-1,0,0.04292,0.95708,-1,6,40,1,1,1,14:10,7,2,9
2023302301352,2023,302301352,1,1,1,2,23,5,3,0,0,0,0,0,9,-1,-1,-1,0,0.09268,0.90732,-1,6,50,1,6,1,20:50,7,1,9
2023320392589,2023,320392589,2,2,2,2,27,6,3,0,0,2,0,0,9,6,E01026239,-1,0,0.06986,0.93014,-1,6,60,1,1,1,08:12,2,2,9
2023461388579,2023,461388579,2,1,1,2,35,6,3,0,0,0,0,0,9,5,E01024767,3,1,0.0,1.0,-1,6,30,1,1,1,10:07,6,2,9
2023471304534,2023,471304534,1,1,1,1,-1,-1,3,0,0,0,0,0,9,-1,-1,3,1,0.0,1.0,-1,6,30,1,4,1,22:40,6,4,9
2023201430169,2023,201430169,2,2,1,2,33,6,3,0,0,0,0,0,9,2,E01010021,3,1,0.0,1.0,-1,3,40,1,4,1,07:56,2,2,9
2023010429399,2023,010429399,2,1,1,2,26,6,3,0,0,0,0,0,9,5,E01032789,-1,0,0.0,1.0,-1,3,30,1,1,1,07:29,2,2,9
2023041343654,2023,041343654,1,3,2,2,26,6,3,0,0,1,0,0,9,-1,-1,3,1,0.0,1.0,-1,6,30,1,1,1,13:30,1,2,9
2023061288199,2023,061288199,1,1,1,1,27,6,2,0,0,0,0,0,9,2,E01005974,7,1,1.0,0.0,-1,7,70,1,4,2,20:20,6,1,9
2023061376662,2023,061376662,2,1,1,2,33,6,3,0,0,0,0,0,9,1,E01004863,3,1,0.0,1.0,-1,3,40,2,1,2,13:40,2,2,9
2023131339169,2023,131339169,1,1,2,2,76,11,3,0,0,1,0,0,9,6,E01011164,3,1,0.0,1.0,-1,6,30,1,1,1,14:20,3,2,9
2023320146064,2023,320146064,1,2,1,1,18,4,3,0,0,0,0,0,9,10,E01026300,-1,0,0.02491,0.97509,-1,6,30,3,1,3,13:31,5,2,9
2023501333996,2023,501333996,2,1,1,2,28,6,3,0,0,0,0,0,9,7,E01015127,3,1,0.0,1.0,-1,6,30,2,1,2,17:15,4,2,9
2023531344462,2023,531344462,1,1,1,1,47,8,3,0,0,0,0,0,9,10,E01032939,3,1,0.0,1.0,-1,6,60,1,1,1,15:35,3,3,9
2023231357719,2023,231357719,2,1,1,2,57,9,3,0,0,0,0,0,9,1,E01031116,3,1,0.0,1.0,-1,1,40,1,1,1,11:00,4,2,9
2023361273781,2023,361273781,1,1,1,1,42,7,2,0,0,0,0,0,9,6,E01026449,5,1,1.0,0.0,-1,6,60,1,1,1,10:20,4,2,9
2023501366660,2023,501366660,2,2,1,2,26,6,3,0,0,0,0,0,9,-1,-1,3,1,0.0,1.0,-1,6,30,2,4,2,23:48,3,2,9
202354B148823,2023,54B148823,2,2,1,1,38,7,2,0,0,0,0,0,9,-1,-1,-1,0,1.0,0.0,-1,1,50,2,1,2,14:52,6,2,9
2023061317521,2023,061317521,2,1,1,1,18,4,3,0,0,0,0,0,9,3,E01005297,3,1,0.0,1.0,-1,6,30,1,1,1,19:10,3,2,9
2023440341825,2023,440341825,2,1,1,1,41,7,3,0,0,0,0,0,-1,2,E01022900,-1,0,0.15903,0.84097,-1,6,30,1,1,1,18:14,4,2,-1
2023320254421,2023,320254421,5,2,2,1,28,6,3,0,0,1,0,0,9,2,E01011121,-1,0,0.02596,0.97404,-1,6,60,1,1,1,12:10,5,5,9
2023501302662,2023,501302662,2,1,1,1,55,8,1,0,0,0,0,0,9,4,E01018820,1,1,0.0,0.0,-1,3,70,1,6,1,23:38,1,2,9
2023010421355,2023,010421355,1,1,1,1,28,6,3,0,0,0,0,0,9,5,E01030663,-1,0,0.0,1.0,-1,6,20,1,1,2,13:07,7,2,9
2023201287766,2023,201287766,2,2,2,2,40,7,3,0,0,2,0,0,9,3,E01010018,3,1,0.0,1.0,-1,7,60,1,7,2,02:00,7,2,9
2023461286880,2023,461286880,2,1,1,2,74,10,3,0,0,0,0,0,9,10,E01024408,3,1,0.0,1.0,-1,6,40,1,1,1,17:08,4,2,9
2023471379218,2023,471379218,1,1,1,1,43,7,3,0,0,0,0,0,9,9,E01031719,3,1,0.0,1.0,-1,6,30,1,6,1,00:31,1,3,9
2023501338987,2023,501338987,1,1,1,2,43,7,3,0,0,0,0,0,9,1,E01001517,3,1,0.0,1.0,-1,3,70,1,1,1,10:20,6,3,9
2023010422094,2023,010422094,1,1,3,1,32,6,2,1,1,0,0,0,0,6,E01002062,-1,0,1.0,0.0,-1,6,30,1,4,1,16:53,4,1,1
2023101320246,2023,101320246,1,1,3,2,3,1,3,5,3,0,0,0,0,-1,-1,3,1,0.0,1.0,-1,6,30,1,1,1,14:50,1,1,8
2023461278664,2023,461278664,1,1,3,2,63,9,3,5,1,0,0,0,0,3,E01024684,3,1,0.0,1.0,-1,6,30,1,1,-1,14:35,5,1,19
2023421293717,2023,421293717,2,1,1,1,44,7,3,0,0,0,0,0,1,8,E01021717,3,1,0.0,1.0,-1,6,30,1,1,1,16:46,3,2,1
2023421344481,2023,421344481,2,1,1,1,47,8,3,0,0,0,0,0,3,-1,-1,3,1,0.0,1.0,-1,3,50,1,1,1,17:10,3,2,3
2023440425876,2023,440425876,1,1,1,1,18,4,3,0,0,0,0,0,3,5,E01017030,-1,0,0.22624,0.77376,-1,6,60,1,6,1,19:07,3,1,3
2023122400156,2023,122400156,1,1,3,1,62,9,3,9,8,0,0,0,0,9,E01033186,-1,0,0.13297,0.86703,-1,6,60,1,1,1,09:04,7,1,9