collision_index,collision_year,collision_ref_no,vehicle_reference,casualty_reference,casualty_class,sex_of_casualty,age_of_casualty,age_band_of_casualty,casualty_severity,pedestrian_location,pedestrian_movement,car_passenger,bus_or_coach_passenger,pedestrian_road_maintenance_worker,casualty_type,casualty_imd_decile,lsoa_of_casualty,enhanced_casualty_severity,casualty_injury_based,casualty_adjusted_severity_serious,casualty_adjusted_severity_slight,casualty_distance_banding,road_type,speed_limit,weather_conditions,light_conditions,road_surface_conditions,time,day_of_week,number_of_vehicles,vehicle_type
2023122301233,2023,122301233,1,1,1,1,55,8,3,0,0,0,0,0,1,7,E01011265,-1,0,0.15118,0.84882,-1,6,30,1,1,1,11:45,6,1,1
2023061365867,2023,061365867,2,1,1,1,53,8,3,0,0,0,0,0,9,-1,-1,3,1,0.0,1.0,-1,6,30,1,1,1,15:15,6,2,9
2023201296549,2023,201296549,1,2,2,2,30,6,3,0,0,1,0,0,9,1,E01009019,3,1,0.0,1.0,-1,3,30,1,1,1,13:05,5,2,9
2023461306004,2023,461306004,2,1,1,2,53,8,3,0,0,0,0,0,9,1,E01016069,3,1,0.0,1.0,-1,6,30,1,1,1,14:44,4,2,9
202354D644323,2023,54D644323,2,2,2,2,24,5,3,0,0,1,0,0,9,7,E01032116,-1,0,0.01639,0.98361,-1,1,30,2,4,2,20:21,2,2,9
2023141263440,2023,141263440,1,2,2,2,37,7,3,0,0,1,0,0,9,6,E01008143,3,1,0.0,1.0,-1,6,30,2,1,2,13:30,6,2,9
202354B552223,2023,54B552223,1,1,1,2,18,4,3,0,0,0,0,0,9,5,E01032063,-1,0,0.04945,0.95055,-1,6,60,2,1,2,07:48,4,1,9
2023991328687,2023,991328687,2,1,1,2,58,9,3,0,0,0,0,0,9,7,-1,3,1,0.0,1.0,-1,6,20,1,1,1,19:00,3,2,9
2023201370162,2023,201370162,1,1,3,2,23,5,2,1,3,0,0,2,0,3,E01010018,7,1,1.0,0.0,-1,3,40,1,1,1,08:28,5,1,-1
2023010466084,2023,010466084,2,1,1,1,24,5,3,0,0,0,0,0,1,8,E01004593,-1,0,0.0,1.0,-1,2,20,1,4,1,23:00,5,2,1
2023010484095,2023,010484095,1,1,1,2,53,8,3,0,0,0,0,0,3,3,E01000961,-1,0,0.0,1.0,-1,6,30,2,1,2,13:50,4,2,3
2023351298019,2023,351298019,2,1,2,1,15,3,3,0,0,1,0,0,9,2,E01015599,3,1,0.0,1.0,-1,3,40,2,1,2,22:35,7,2,9
2023531287092,2023,531287092,2,2,1,2,33,6,3,0,0,0,0,0,9,10,E01022315,3,1,0.0,1.0,-1,6,60,1,1,1,08:48,4,2,9
2023010459077,2023,010459077,2,1,1,1,50,8,3,0,0,0,0,0,9,3,E01001546,-1,0,0.0,1.0,-1,6,30,2,1,2,15:38,7,2,9
2023211340971,2023,211340971,2,1,1,1,29,6,3,0,0,0,0,0,9,7,E01009442,3,1,0.0,1.0,-1,3,60,1,1,1,17:59,3,2,9
2023041273568,2023,041273568,2,1,1,1,33,6,3,0,0,0,0,0,19,10,E01018583,3,1,0.0,1.0,-1,7,70,1,4,1,22:03,3,2,19
2023411356466,2023,411356466,2,1,1,1,37,7,3,0,0,0,0,0,3,9,E01023439,3,1,0.0,1.0,-1,6,30,1,1,-1,10:00,5,2,3
2023221281296,2023,221281296,2,2,1,1,26,6,2,0,0,0,0,0,4,5,E01014046,6,1,1.0,0.0,-1,6,30,1,1,1,17:00,5,2,4
2023371379354,2023,371379354,2,2,1,2,21,5,3,0,0,0,0,0,9,8,E01029883,3,1,0.0,1.0,-1,6,30,1,1,1,13:14,1,2,9
2023430430955,2023,430430955,1,2,2,2,23,5,3,0,0,9,0,0,9,7,E01023424,-1,0,0.00485,0.99515,-1,6,40,1,1,1,15:05,2,2,9
2023221353827,2023,221353827,1,1,1,1,17,4,3,0,0,0,0,0,-1,-1,-1,3,1,0.0,1.0,-1,6,40,1,1,1,14:55,2,2,-1
2023201287770,2023,201287770,1,1,1,2,47,8,3,0,0,0,0,0,9,1,E01009174,3,1,0.0,1.0,-1,3,30,1,4,1,21:01,2,2,9
2023361345689,2023,361345689,2,2,2,1,10,2,3,0,0,2,0,0,9,8,E01026454,3,1,0.0,1.0,-1,6,30,1,1,1,14:50,7,2,9
2023361367095,2023,361367095,2,6,2,2,8,2,3,0,0,-1,0,0,9,7,E01026533,3,1,0.0,1.0,-1,6,60,1,6,2,20:17,4,2,9
2023161272812,2023,161272812,1,2,2,2,-1,-1,3,0,0,0,4,0,11,6,E01012882,3,1,0.0,1.0,-1,3,30,2,1,2,15:31,6,3,11
2023122300484,2023,122300484,1,1,1,1,17,4,2,0,0,0,0,0,9,9,E01027794,-1,0,1.0,0.0,-1,6,40,1,4,1,03:28,1,1,9
2023471308574,2023,471308574,2,1,1,1,53,8,3,0,0,0,0,0,9,9,E01020933,3,1,0.0,1.0,-1,6,30,1,1,1,17:55,4,2,9
2023622300107,2023,622300107,2,2,1,2,31,6,3,0,0,0,0,0,9,5,W01001837,-1,0,0.01862,0.98138,-1,6,20,1,1,1,07:54,6,2,9
2023501341563,2023,501341563,1,1,3,1,54,8,3,6,9,0,0,0,0,2,E01015210,3,1,0.0,1.0,-1,6,30,1,1,1,15:15,1,1,9
2023010476188,2023,010476188,1,1,1,1,25,5,3,0,0,0,0,0,3,3,E01000641,-1,0,0.0,1.0,-1,9,30,1,1,1,11:00,6,2,3
2023010466842,2023,010466842,2,1,1,1,24,5,2,0,0,0,0,0,1,1,E01001813,-1,0,1.0,0.0,-1,2,20,9,1,1,17:00,7,2,1
2023302300726,2023,302300726,2,1,1,1,20,4,3,0,0,0,0,0,3,10,E01013467,-1,0,0.13188,0.86812,-1,6,30,1,1,1,09:03,3,2,3
2023461348761,2023,461348761,1,3,2,2,17,4,3,0,0,1,0,0,9,9,E01026544,3,1,0.0,1.0,-1,6,60,1,1,1,18:00,3,3,9
2023471332202,2023,471332202,2,1,1,1,21,5,3,0,0,0,0,0,9,4,E01020974,3,1,0.0,1.0,-1,6,30,1,1,1,16:45,3,2,9
2023461335384,2023,461335384,2,2,1,1,30,6,3,0,0,0,0,0,19,1,E01016019,3,1,0.0,1.0,-1,6,30,1,1,1,12:40,3,2,19
2023201281137,2023,201281137,2,1,1,1,25,5,3,0,0,0,0,0,9,5,E01009267,3,1,0.0,1.0,-1,6,30,1,4,1,17:15,5,2,9
2023201315334,2023,201315334,1,1,1,2,28,6,3,0,0,0,0,0,9,4,E01009085,3,1,0.0,1.0,-1,6,30,1,1,1,10:30,7,2,9
2023231351189,2023,231351189,2,3,2,2,10,2,3,0,0,2,0,0,9,2,E01031066,3,1,0.0,1.0,-1,3,50,1,1,1,17:45,6,2,9
2023320330000,2023,320330000,2,1,1,2,48,8,2,0,0,0,0,0,9,4,E01026071,-1,0,1.0,0.0,-1,6,60,1,1,2,14:41,3,2,9
2023471303148,2023,471303148,2,1,1,1,47,8,3,0,0,0,0,0,9,6,E01021034,3,1,0.0,1.0,-1,6,50,1,4,1,21:00,3,2,9
2023501276609,2023,501276609,1,1,1,1,43,7,2,0,0,0,0,0,9,4,E01020252,7,1,1.0,0.0,-1,1,40,1,4,1,19:27,5,1,9
2023010446089,2023,010446089,1,1,1,1,45,7,3,0,0,0,0,0,9,1,E01004248,-1,0,0.0,1.0,-1,6,20,1,4,2,21:50,3,2,9
2023101347034,2023,101347034,1,1,1,2,48,8,3,0,0,0,0,0,9,10,E01027460,3,1,0.0,1.0,-1,6,30,1,1,1,08:30,4,2,9
2023141314777,2023,141314777,1,1,1,1,74,10,3,0,0,0,0,0,9,6,E01008040,3,1,0.0,1.0,-1,6,30,1,1,1,15:44,1,2,9
2023161271591,2023,161271591,2,1,1,1,79,11,3,0,0,0,0,0,9,8,E01012977,3,1,0.0,1.0,-1,1,30,4,1,1,10:45,5,2,9
2023421268275,2023,421268275,2,1,1,2,28,6,3,0,0,0,0,0,9,6,E01021875,3,1,0.0,1.0,-1,6,60,1,1,2,00:42,5,2,9
2023461301922,2023,461301922,1,1,1,1,64,9,3,0,0,0,0,0,9,7,E01032619,3,1,0.0,1.0,-1,6,30,1,1,1,17:14,7,2,9
2023461325812,2023,461325812,3,2,1,1,46,8,3,0,0,0,0,0,9,10,E01032828,3,1,0.0,1.0,-1,6,60,1,1,2,15:55,6,3,9
2023010446749,2023,010446749,1,1,1,1,24,5,3,0,0,0,0,0,9,-1,-1,-1,0,0.0,1.0,-1,2,20,1,1,1,16:05,7,1,9
2023061318437,2023,061318437,2,2,1,1,41,7,3,0,0,0,0,0,9,3,E01005760,3,1,0.0,1.0,-1,7,30,1,1,1,18:32,6,2,9
2023201373813,2023,201373813,2,2,1,1,22,5,2,0,0,0,0,0,9,5,E01009108,7,1,1.0,0.0,-1,6,30,1,1,1,11:39,7,2,9
2023340WN1562,2023,340WN1562,2,1,1,1,23,5,3,0,0,0,0,0,9,2,E01027227,-1,0,0.05213,0.94787,-1,6,40,1,4,1,20:30,6,2,9
2023070486965,2023,070486965,1,1,1,1,68,10,3,0,0,0,0,0,9,8,E01012548,-1,0,0.09173,0.90827,-1,3,30,1,1,1,15:00,3,3,9
2023201321990,2023,201321990,2,2,1,1,38,7,3,0,0,0,0,0,9,5,E01009519,3,1,0.0,1.0,-1,6,30,1,4,1,21:59,1,2,9
2023320503795,2023,320503795,2,1,1,2,27,6,3,0,0,0,0,0,9,6,E01026147,-1,0,0.00894,0.99106,-1,6,60,1,1,1,08:15,4,2,9
2023430028032,2023,430028032,2,2,2,2,46,8,3,0,0,1,0,0,9,8,E01032975,-1,0,0.01918,0.98082,-1,3,70,1,1,1,14:09,5,2,9
2023520400397,2023,520400397,3,1,1,1,19,4,3,0,0,0,0,0,9,7,E01029151,-1,0,0.03617,0.96383,-1,6,40,1,4,2,21:35,6,3,9
202360A019565,2023,60A019565,2,4,2,1,4,1,3,0,0,1,0,0,9,-1,-1,-1,0,0.02845,0.97155,-1,6,60,1,1,1,11:30,5,3,9
2023010484251,2023,010484251,1,1,1,1,75,10,2,0,0,0,0,0,9,9,E01003467,-1,0,1.0,0.0,-1,7,50,1,4,1,17:03,6,3,9
2023351388154,2023,351388154,1,1,1,1,41,7,3,0,0,0,0,0,9,4,E01021260,3,1,0.0,1.0,-1,6,60,1,6,2,18:42,3,2,9
2023421319605,2023,421319605,2,2,1,2,27,6,3,0,0,0,0,0,9,10,E01021284,3,1,0.0,1.0,-1,6,50,1,4,1,21:47,6,2,9
2023010421365,2023,010421365,1,1,1,2,33,6,3,0,0,0,0,0,9,4,E01023547,-1,0,0.0,1.0,-1,1,20,1,1,1,13:15,7,2,9
2023010451559,2023,010451559,1,1,1,1,23,5,3,0,0,0,0,0,9,3,E01028448,-1,0,0.0,1.0,-1,1,50,1,1,1,12:11,2,2,9
2023010477027,2023,010477027,2,1,1,1,38,7,3,0,0,0,0,0,9,4,E01003666,-1,0,0.0,1.0,-1,6,20,1,1,1,00:34,6,2,9
2023131360806,2023,131360806,2,3,1,2,59,9,3,0,0,0,0,0,9,9,E01027687,3,1,0.0,1.0,-1,6,30,1,4,1,19:16,1,2,9
2023101360379,2023,101360379,1,1,3,2,19,4,3,1,1,0,0,0,0,8,E01008409,3,1,0.0,1.0,-1,3,30,2,4,2,02:30,7,1,8
2023610049423,2023,610049423,1,1,3,2,34,6,3,5,3,0,0,0,0,4,W01001558,-1,0,0.19723,0.80277,-1,6,20,1,4,1,01:05,1,1,9
2023010448978,2023,010448978,1,1,1,1,70,10,3,0,0,0,0,0,8,5,E01033741,-1,0,0.0,1.0,-1,6,20,1,1,1,09:20,4,2,8
2023010470050,2023,010470050,1,1,1,-1,34,6,3,0,0,0,0,0,9,-1,-1,-1,0,0.0,1.0,-1,9,30,9,1,9,16:45,3,2,9
2023061351005,2023,061351005,1,1,2,2,21,5,3,0,0,1,0,0,9,1,E01005255,3,1,0.0,1.0,-1,6,30,1,4,1,21:34,7,1,9
2023101268820,2023,101268820,2,1,1,2,30,6,3,0,0,0,0,0,9,1,E01008731,3,1,0.0,1.0,-1,6,30,1,1,1,16:10,4,2,9
2023071278559,2023,071278559,2,1,1,1,82,11,3,0,0,0,0,0,22,3,E01012454,-1,0,0.1465,0.8535,-1,6,30,1,1,1,11:22,7,2,22
2023461322766,2023,461322766,1,1,1,2,36,7,3,0,0,0,0,0,9,2,E01024686,3,1,0.0,1.0,-1,6,30,1,1,1,17:00,5,2,9
2023031372710,2023,031372710,1,1,3,1,62,9,3,5,3,0,0,0,0,-1,-1,3,1,0.0,1.0,-1,6,30,2,1,2,16:04,5,1,9
2023061287553,2023,061287553,1,1,3,1,30,6,3,1,1,0,0,0,0,1,E01005061,3,1,0.0,1.0,-1,6,30,5,4,2,18:20,4,1,9
2023101393453,2023,101393453,1,1,2,1,15,3,1,0,0,2,0,0,9,-1,-1,1,1,0.0,0.0,-1,6,60,2,6,2,21:30,6,3,9
2023631391177,2023,631391177,1,1,1,2,83,11,3,0,0,0,0,0,9,6,W01000689,3,1,0.0,1.0,-1,1,30,1,1,1,14:15,5,1,9
2023332300439,2023,332300439,2,1,1,1,47,8,2,0,0,0,0,0,22,2,E01019668,-1,0,1.0,0.0,-1,6,60,1,1,1,10:25,5,3,22
2023041317373,2023,041317373,1,1,1,1,27,6,2,0,0,0,0,0,97,2,E01025579,5,1,1.0,0.0,-1,6,20,1,1,1,16:38,1,1,97
2023010440422,2023,010440422,2,1,1,1,22,5,3,0,0,0,0,0,3,-1,-1,-1,0,0.0,1.0,-1,6,20,1,1,1,14:10,1,2,3
2023131351576,2023,131351576,1,1,1,2,40,7,3,0,0,0,0,0,9,2,E01011002,3,1,0.0,1.0,-1,6,20,2,1,2,10:23,3,2,9
2023041363362,2023,041363362,2,1,1,1,20,4,3,0,0,0,0,0,9,6,E01025261,3,1,0.0,1.0,-1,3,40,1,1,1,08:10,2,2,9
2023071149701,2023,071149701,1,1,1,1,26,6,2,0,0,0,0,0,23,-1,-1,-1,0,1.0,0.0,-1,3,30,8,4,2,00:07,6,1,23
2023010444132,2023,010444132,1,1,3,2,20,4,3,1,1,0,0,0,0,3,E01000945,-1,0,0.0,1.0,-1,6,30,1,1,1,16:05,7,1,9
2023440305561,2023,440305561,1,1,3,1,49,8,3,9,7,0,0,0,0,10,E01023059,-1,0,0.08856,0.91144,-1,6,40,1,1,1,10:00,7,1,9
2023302301339,2023,302301339,1,1,1,1,18,4,3,0,0,0,0,0,4,2,E01019644,-1,0,0.14537,0.85463,-1,6,30,1,1,1,16:45,1,2,4
2023201292352,2023,201292352,2,3,2,1,31,6,3,0,0,2,0,0,9,-1,-1,3,1,0.0,1.0,-1,6,30,2,4,2,21:15,3,2,9
2023522401019,2023,522401019,2,1,1,1,34,6,3,0,0,0,0,0,3,6,E01014952,-1,0,0.11506,0.88494,-1,6,30,1,4,2,19:00,5,2,3
2023991363502,2023,991363502,1,1,3,2,15,3,3,1,1,0,0,0,0,8,-1,3,1,0.0,1.0,-1,3,40,1,1,1,13:20,2,1,11
2023071048919,2023,071048919,2,1,1,1,31,6,3,0,0,0,0,0,9,4,E01018489,-1,0,0.02302,0.97698,-1,6,30,1,1,1,12:00,3,2,9
2023131261741,2023,131261741,2,1,1,1,38,7,3,0,0,0,0,0,9,8,E01011556,3,1,0.0,1.0,-1,3,70,1,4,2,19:43,1,3,9
2023161340764,2023,161340764,1,1,1,2,51,8,3,0,0,0,0,0,9,8,E01013189,3,1,0.0,1.0,-1,1,30,1,1,1,13:06,6,2,9
2023332300613,2023,332300613,1,2,2,2,25,5,3,0,0,1,0,0,9,-1,-1,-1,0,0.0038,0.9962,-1,6,30,2,1,2,16:00,3,2,9
2023061358907,2023,061358907,2,2,2,1,35,6,3,0,0,0,0,0,19,-1,-1,3,1,0.0,1.0,-1,6,30,1,1,1,08:00,6,2,19
2023552300771,2023,552300771,2,1,1,1,57,9,3,0,0,0,0,0,1,5,E01015329,-1,0,0.09967,0.90033,-1,1,30,1,1,1,22:17,3,2,1
2023010429253,2023,010429253,1,1,1,1,19,4,3,0,0,0,0,0,3,2,E01001191,-1,0,0.0,1.0,-1,6,30,1,1,1,13:40,1,2,3
2023991353583,2023,991353583,1,2,2,2,74,10,2,0,0,2,0,0,8,-1,-1,6,1,1.0,0.0,-1,6,60,2,1,2,10:15,2,1,8
2023041391220,2023,041391220,2,1,1,1,49,8,3,0,0,0,0,0,9,3,E01025371,3,1,0.0,1.0,-1,6,30,1,1,2,17:05,3,2,9
2023011338534,2023,011338534,1,1,3,2,6,2,3,8,5,0,0,2,0,10,E01016708,3,1,0.0,1.0,-1,6,30,1,1,1,16:30,5,1,9
2023141389241,2023,141389241,1,1,3,1,18,4,2,6,5,0,0,0,0,-1,-1,5,1,1.0,0.0,-1,3,20,1,4,2,02:36,1,1,9
2023231324319,2023,231324319,1,1,1,1,22,5,3,0,0,0,0,0,-1,5,E01031133,3,1,0.0,1.0,-1,6,30,1,4,1,01:42,7,2,-1
2023010437383,2023,010437383,1,5,2,-1,-1,-1,3,0,0,2,0,0,9,-1,-1,-1,0,0.0,1.0,-1,1,30,4,1,2,16:35,5,2,9
2023131361234,2023,131361234,1,1,1,2,35,6,3,0,0,0,0,0,9,1,E01011617,3,1,0.0,1.0,-1,6,20,1,4,1,21:00,2,2,9
2023010463337,2023,010463337,1,1,1,1,35,6,2,0,0,0,0,0,1,3,E01003101,-1,0,1.0,0.0,-1,6,20,1,1,1,13:35,5,2,1
2023501340547,2023,501340547,2,1,1,1,58,9,3,0,0,0,0,0,5,4,E01018891,3,1,0.0,1.0,-1,6,30,1,1,1,12:00,1,2,5
2023201420149,2023,201420149,2,2,1,1,63,9,3,0,0,0,0,0,8,7,E01010436,3,1,0.0,1.0,-1,3,70,1,1,2,11:50,1,2,8
2023010439905,2023,010439905,1,1,1,1,59,9,3,0,0,0,0,0,9,4,E01002168,-1,0,0.0,1.0,-1,6,30,2,4,2,21:25,5,3,9
2023141311134,2023,141311134,1,3,2,1,0,1,2,0,0,1,0,0,9,-1,-1,7,1,1.0,0.0,-1,6,50,1,1,1,14:48,4,2,9
2023332300750,2023,332300750,2,2,1,1,19,4,3,0,0,0,0,0,9,5,E01013700,-1,0,0.02444,0.97556,-1,6,50,1,1,1,18:11,6,3,9
2023351268830,2023,351268830,2,2,2,1,58,9,3,0,0,1,0,0,9,-1,-1,3,1,0.0,1.0,-1,3,70,1,4,1,17:05,2,2,9
2023351358441,2023,351358441,3,8,2,2,24,5,3,0,0,2,0,0,9,5,E01026726,3,1,0.0,1.0,-1,6,60,1,1,1,12:00,7,3,9
2023471322355,2023,471322355,2,1,1,1,19,4,2,0,0,0,0,0,3,8,E01031397,7,1,1.0,0.0,-1,6,40,1,1,1,11:30,4,2,3
2023481359155,2023,481359155,2,1,1,1,38,7,3,0,0,0,0,0,3,-1,-1,3,1,0.0,1.0,-1,6,20,1,1,1,13:18,5,2,3
2023131348491,2023,131348491,2,1,1,1,48,8,3,0,0,0,0,0,9,3,E01011851,3,1,0.0,1.0,-1,3,50,2,1,2,10:24,2,2,9
2023221381054,2023,221381054,1,1,1,2,57,9,3,0,0,0,0,0,9,9,E01032173,3,1,0.0,1.0,-1,6,30,1,4,1,16:15,4,3,9
2023302301924,2023,302301924,1,1,2,2,61,9,3,0,0,1,0,0,9,3,E01013549,-1,0,0.04631,0.95369,-1,6,30,1,1,2,12:00,2,2,9
2023010484120,2023,010484120,1,1,3,-1,14,3,3,5,1,0,0,0,0,2,E01003729,-1,0,0.0,1.0,-1,6,30,1,1,2,08:15,6,1,9
2023041376178,2023,041376178,3,1,1,2,53,8,3,0,0,0,0,0,9,9,E01025468,3,1,0.0,1.0,-1,3,30,2,1,1,15:45,4,2,9
2023451264080,2023,451264080,1,1,1,1,21,5,3,0,0,0,0,0,9,10,E01030542,3,1,0.0,1.0,-1,6,30,8,4,4,01:25,3,1,9
2023131344584,2023,131344584,3,1,1,1,29,6,3,0,0,0,0,0,9,2,E01010869,3,1,0.0,1.0,-1,7,70,1,1,1,08:05,4,4,9
2023411305253,2023,411305253,2,1,1,1,18,4,3,0,0,0,0,0,9,5,E01015746,3,1,0.0,1.0,-1,7,40,1,4,1,21:30,2,2,9
2023501329804,2023,501329804,2,1,1,1,21,5,2,0,0,0,0,0,9,4,E01018969,5,1,1.0,0.0,-1,6,60,2,1,2,18:36,7,2,9
2023471353477,2023,471353477,1,1,3,2,73,10,2,6,9,0,0,0,0,5,E01032836,7,1,1.0,0.0,-1,6,30,1,1,1,09:45,3,1,1
2023070037210,2023,070037210,2,1,1,1,24,5,3,0,0,0,0,0,1,4,E01012478,-1,0,0.05643,0.94357,-1,6,30,1,1,1,07:40,6,2,1
2023610046423,2023,610046423,1,1,1,1,18,4,2,0,0,1,0,0,9,7,W01000686,-1,0,1.0,0.0,-1,6,60,2,6,2,17:00,4,2,9
2023471349677,2023,471349677,2,1,1,1,53,8,3,0,0,0,0,0,5,9,E01031704,3,1,0.0,1.0,-1,6,40,1,1,1,13:45,4,2,5
2023010443660,2023,010443660,2,3,1,2,58,9,3,0,0,0,0,0,9,3,E01033583,-1,0,0.0,1.0,-1,1,30,1,1,1,10:05,5,2,9
2023071109420,2023,071109420,2,2,2,2,30,6,3,0,0,1,0,0,9,2,E01018522,-1,0,0.01023,0.98977,-1,6,40,1,4,1,17:30,3,2,9
2023411364170,2023,411364170,3,4,2,1,38,7,3,0,0,2,0,0,9,2,E01023338,3,1,0.0,1.0,-1,3,40,1,1,1,14:59,7,3,9
2023131318720,2023,131318720,2,1,1,1,63,9,3,0,0,0,0,0,1,5,E01010788,3,1,0.0,1.0,-1,6,30,1,1,1,20:00,2,2,1
2023010469923,2023,010469923,1,1,1,1,32,6,3,0,0,0,0,0,3,2,E01000075,-1,0,0.0,1.0,-1,3,50,1,4,1,20:43,3,2,3
2023010469661,2023,010469661,3,1,2,2,13,3,3,0,0,2,0,0,9,4,E01016453,-1,0,0.0,1.0,-1,7,40,1,1,1,08:10,3,3,9
2023622300619,2023,622300619,1,3,2,1,16,4,3,0,0,2,0,0,9,2,W01000762,-1,0,0.09716,0.90284,-1,6,30,1,1,1,05:56,6,1,9
2023070278681,2023,070278681,1,1,2,1,6,2,3,0,0,2,0,0,9,-1,-1,-1,0,0.00659,0.99341,-1,1,30,1,1,1,15:00,5,2,9
2023070890842,2023,070890842,1,1,1,1,17,4,3,0,0,0,0,0,9,4,W01000348,-1,0,0.11048,0.88952,-1,3,70,1,1,1,17:00,7,2,9
2023320348168,2023,320348168,1,1,1,2,80,11,3,0,0,0,0,0,9,9,E01026118,-1,0,0.10014,0.89986,-1,6,30,1,1,1,15:10,4,2,9
2023302301790,2023,302301790,2,2,1,1,25,5,3,0,0,0,0,0,9,1,E01012637,-1,0,0.04774,0.95226,-1,6,50,1,6,2,17:10,4,2,9
2023440514218,2023,440514218,1,1,3,2,65,9,2,1,1,0,0,0,0,4,E01017171,-1,0,1.0,0.0,-1,3,30,1,1,1,12:42,1,1,97
2023471314972,2023,471314972,1,1,3,2,4,1,3,10,2,0,0,0,0,4,E01020915,3,1,0.0,1.0,-1,6,30,1,1,1,08:20,2,1,3
2023010450352,2023,010450352,1,1,1,1,23,5,3,0,0,0,0,0,1,5,E01001960,-1,0,0.0,1.0,-1,9,20,9,1,9,17:22,3,2,1
2023052301281,2023,052301281,2,1,1,1,20,4,3,0,0,0,0,0,1,5,E01006268,-1,0,0.07859,0.92141,-1,6,30,1,1,1,07:42,6,2,1
2023161260063,2023,161260063,2,1,1,1,14,3,2,0,0,0,0,0,1,1,E01013181,7,1,1.0,0.0,-1,6,30,1,1,1,08:30,5,2,1
2023010464977,2023,010464977,1,1,1,2,38,7,3,0,0,0,0,0,9,8,E01000563,-1,0,0.0,1.0,-1,3,20,1,1,1,16:42,7,1,9
2023041319850,2023,041319850,1,1,1,1,74,10,3,0,0,0,0,0,9,10,E01025426,3,1,0.0,1.0,-1,6,30,1,1,1,21:35,7,2,9
2023101346812,2023,101346812,1,1,1,1,71,10,1,0,0,0,0,0,9,9,E01027526,1,1,0.0,0.0,-1,6,60,1,1,1,12:37,3,2,9
2023320418055,2023,320418055,2,1,1,2,49,8,3,0,0,0,0,0,9,3,E01026113,-1,0,0.01562,0.98438,-1,6,30,1,1,1,10:00,4,2,9
2023351391032,2023,351391032,2,1,1,2,29,6,3,0,0,0,0,0,9,5,E01017997,3,1,0.0,1.0,-1,6,60,1,1,2,07:56,3,2,9
2023501325976,2023,501325976,2,3,2,2,21,5,3,0,0,1,0,0,9,1,E01018933,3,1,0.0,1.0,-1,6,60,2,1,2,15:43,4,3,9
2023430088938,2023,430088938,2,1,1,1,18,4,3,0,0,0,0,0,-1,4,E01028525,-1,0,0.14524,0.85476,-1,6,20,1,4,1,00:03,2,2,-1
2023401267998,2023,401267998,1,1,1,1,26,6,2,0,0,0,0,0,9,4,E01023738,6,1,1.0,0.0,-1,6,20,7,6,4,05:35,7,1,9
2023421382928,2023,421382928,1,1,1,2,32,6,3,0,0,0,0,0,9,2,E01000085,3,1,0.0,1.0,-1,3,70,1,1,2,12:07,3,1,9
2023531307368,2023,531307368,2,1,1,1,28,6,3,0,0,0,0,0,9,10,E01022197,3,1,0.0,1.0,-1,1,30,1,1,1,15:57,6,2,9
2023501306578,2023,501306578,2,1,1,1,42,7,3,0,0,0,0,0,19,9,E01020090,3,1,0.0,1.0,-1,6,60,1,1,1,08:23,6,2,19
2023991340879,2023,991340879,1,5,2,1,19,4,3,0,0,2,0,0,9,5,-1,3,1,0.0,1.0,-1,6,50,1,1,2,21:25,6,3,9
2023161278987,2023,161278987,2,2,2,2,16,4,3,0,0,0,0,0,19,6,E01007560,3,1,0.0,1.0,-1,6,30,1,1,1,14:30,1,2,19
2023201281177,2023,201281177,2,1,1,1,62,9,2,0,0,0,0,0,19,2,E01009960,7,1,1.0,0.0,-1,6,30,1,1,1,06:55,5,2,19
2023501343436,2023,501343436,1,1,3,1,54,8,2,6,9,0,0,-1,0,1,E01015083,7,1,1.0,0.0,-1,6,30,1,1,1,15:38,7,1,19
2023622300729,2023,622300729,2,2,1,1,5,1,3,0,0,0,0,0,1,1,W01000830,-1,0,0.09473,0.90527,-1,6,30,1,1,1,19:47,2,2,1
2023161332648,2023,161332648,1,1,1,1,11,3,3,0,0,0,0,0,1,5,E01033414,3,1,0.0,1.0,-1,6,30,1,1,2,19:10,6,2,1
2023010442443,2023,010442443,1,1,1,1,42,7,3,0,0,0,0,0,9,3,E01002311,-1,0,0.0,1.0,-1,3,50,1,1,1,16:25,5,3,9
2023131312635,2023,131312635,1,1,2,2,17,4,3,0,0,1,0,0,9,1,E01011695,3,1,0.0,1.0,-1,6,30,1,4,1,00:46,3,1,9
2023320452073,2023,320452073,1,4,1,1,28,6,2,0,0,0,0,0,9,8,E01032998,-1,0,1.0,0.0,-1,6,40,1,1,2,19:15,6,4,9
2023332300325,2023,332300325,1,2,2,1,18,4,3,0,0,2,0,0,9,8,E01025795,-1,0,0.02668,0.97332,-1,6,50,2,1,2,20:00,7,2,9
2023440058141,2023,440058141,1,1,1,1,54,8,3,0,0,0,0,0,9,8,E01023049,-1,0,0.07365,0.92635,-1,6,40,1,1,1,10:51,7,2,9
2023631330292,2023,631330292,2,2,2,2,78,11,3,0,0,2,0,0,9,5,E01026585,3,1,0.0,1.0,-1,6,30,1,1,1,14:46,2,2,9
2023161276751,2023,161276751,2,1,1,1,20,4,3,0,0,0,0,0,22,1,E01012877,3,1,0.0,1.0,-1,3,30,1,1,1,07:50,4,2,22
2023010476446,2023,010476446,1,1,1,2,25,5,3,0,0,0,0,0,3,5,E01002374,-1,0,0.0,1.0,-1,6,20,2,4,2,17:29,3,2,3