collision_index,collision_year,collision_ref_no,vehicle_reference,casualty_reference,casualty_class,sex_of_casualty,age_of_casualty,age_band_of_casualty,casualty_severity,pedestrian_location,pedestrian_movement,car_passenger,bus_or_coach_passenger,pedestrian_road_maintenance_worker,casualty_type,casualty_imd_decile,lsoa_of_casualty,enhanced_casualty_severity,casualty_injury_based,casualty_adjusted_severity_serious,casualty_adjusted_severity_slight,casualty_distance_banding,road_type,speed_limit,weather_conditions,light_conditions,road_surface_conditions,time,day_of_week,number_of_vehicles,vehicle_type
2023440152976,2023,440152976,2,1,1,2,10,2,3,0,0,0,0,0,1,4,E01017160,-1,0,0.04289,0.95711,-1,6,30,1,1,1,07:50,4,2,1
2023340WN2322,2023,340WN2322,1,1,1,1,46,8,2,0,0,0,0,0,3,10,E01027115,-1,0,1.0,0.0,-1,6,50,1,1,1,08:15,4,2,3
2023131347854,2023,131347854,2,1,1,1,41,7,3,0,0,0,0,0,9,2,E01010778,3,1,0.0,1.0,-1,6,30,1,1,1,10:01,7,2,9
2023201338833,2023,201338833,2,3,2,1,17,4,3,0,0,2,0,0,9,-1,-1,3,1,0.0,1.0,-1,3,40,1,4,1,21:30,2,2,9
2023421272328,2023,421272328,3,3,1,1,18,4,3,0,0,0,0,0,9,6,E01021917,3,1,0.0,1.0,-1,6,60,1,1,1,11:28,7,4,9
2023461358569,2023,461358569,1,1,1,1,60,9,3,0,0,0,0,0,9,4,E01024541,3,1,0.0,1.0,-1,6,30,1,1,1,06:10,3,2,9
2023010438691,2023,010438691,1,1,3,1,15,3,3,5,2,0,0,0,0,4,E01002642,-1,0,0.0,1.0,-1,6,30,1,1,2,16:20,6,1,9
2023010445550,2023,010445550,2,1,1,1,49,8,3,0,0,0,0,0,1,7,E01030738,-1,0,0.0,1.0,-1,6,30,1,1,1,19:20,7,2,1
2023471380866,2023,471380866,2,1,1,1,29,6,2,0,0,0,0,0,4,-1,-1,7,1,1.0,0.0,-1,6,30,1,6,1,16:10,5,2,4
2023440123248,2023,440123248,1,3,2,2,21,5,3,0,0,0,4,0,11,5,E01023010,-1,0,0.05705,0.94295,-1,6,30,1,1,1,15:19,3,1,11
2023010428065,2023,010428065,2,1,1,1,20,4,3,0,0,0,0,0,1,4,E01000787,-1,0,0.0,1.0,-1,6,30,1,4,1,18:55,1,3,1
2023010434445,2023,010434445,2,1,1,1,46,8,3,0,0,0,0,0,1,8,E01000233,-1,0,0.0,1.0,-1,6,30,1,1,1,12:19,2,2,1
2023122301289,2023,122301289,3,2,1,1,38,7,2,0,0,0,0,0,9,7,E01013024,-1,0,1.0,0.0,-1,6,60,1,1,1,17:19,1,3,9
2023351298919,2023,351298919,1,1,1,2,62,9,3,0,0,0,0,0,9,8,E01018129,3,1,0.0,1.0,-1,6,40,1,6,1,19:19,7,2,9
2023010464526,2023,010464526,1,1,3,2,11,3,3,4,3,0,0,0,0,2,E01003432,-1,0,0.0,1.0,-1,6,20,1,1,1,08:23,5,1,9
2023221289852,2023,221289852,2,1,1,1,28,6,2,0,0,0,0,0,5,4,E01032157,7,1,1.0,0.0,-1,6,30,1,4,1,19:30,2,2,5
2023461380192,2023,461380192,1,1,1,1,-1,-1,3,0,0,0,0,0,5,9,E01023706,3,1,0.0,1.0,-1,6,30,2,1,2,17:33,7,2,5
2023010482514,2023,010482514,2,1,1,1,39,7,3,0,0,0,0,0,9,-1,-1,-1,0,0.0,1.0,-1,3,30,1,1,1,09:15,5,3,9
2023131281914,2023,131281914,1,1,3,2,7,2,2,5,3,0,0,2,0,10,E01011266,7,1,1.0,0.0,-1,6,40,1,4,2,19:54,3,1,9
2023201339205,2023,201339205,1,1,3,2,16,4,3,5,9,0,0,0,0,1,E01010415,3,1,0.0,1.0,-1,6,30,1,1,1,18:45,3,1,9
2023411382858,2023,411382858,1,1,3,1,11,3,3,1,1,0,0,0,0,6,E01023927,3,1,0.0,1.0,-1,3,30,2,4,2,16:33,2,1,9
2023340NN1422,2023,340NN1422,1,1,1,1,46,8,3,0,0,0,0,0,1,2,E01026961,-1,0,0.19332,0.80668,-1,1,30,1,4,1,21:48,1,3,1
2023141369721,2023,141369721,1,1,1,1,49,8,3,0,0,0,0,0,9,4,E01007576,3,1,0.0,1.0,-1,3,30,1,4,2,06:30,3,2,9
2023430047712,2023,430047712,1,1,2,1,16,4,3,0,0,2,0,0,9,3,E01017790,-1,0,0.04359,0.95641,-1,6,40,1,1,1,09:20,4,3,9
2023610046823,2023,610046823,2,2,1,1,51,8,2,0,0,1,0,0,9,9,W01001349,-1,0,1.0,0.0,-1,3,70,1,4,1,17:45,5,4,9
2023631334450,2023,631334450,1,1,2,2,5,1,2,0,0,2,0,0,9,1,W01000631,5,1,1.0,0.0,-1,6,40,2,1,2,09:38,6,4,9
2023991292589,2023,991292589,2,1,1,1,73,10,3,0,0,0,0,0,9,3,-1,3,1,0.0,1.0,-1,3,40,1,1,2,16:00,6,2,9
2023101320429,2023,101320429,1,1,3,2,17,4,2,1,2,0,0,0,0,7,E01008364,7,1,1.0,0.0,-1,6,30,1,4,1,20:42,6,1,9
2023231316181,2023,231316181,2,3,2,2,49,8,3,0,0,1,0,0,9,2,E01008883,3,1,0.0,1.0,-1,6,50,1,1,1,11:05,1,2,9
2023010456340,2023,010456340,1,1,3,1,36,7,3,1,3,0,0,0,0,6,E01003393,-1,0,0.0,1.0,-1,3,30,1,1,1,16:30,5,1,9
2023010457283,2023,010457283,1,1,1,2,25,5,3,0,0,0,0,0,1,8,E01003138,-1,0,0.0,1.0,-1,6,30,1,1,1,17:35,6,2,1
2023440425383,2023,440425383,2,1,1,1,80,11,2,0,0,0,0,0,4,10,E01022588,-1,0,1.0,0.0,-1,6,40,1,1,1,14:06,3,2,4
2023440058834,2023,440058834,1,1,1,1,29,6,3,0,0,0,0,0,5,-1,-1,-1,0,0.16872,0.83128,-1,6,30,1,4,1,22:38,7,1,5
2023010455540,2023,010455540,1,1,2,2,6,2,3,0,0,2,0,0,9,2,E01001442,-1,0,0.0,1.0,-1,6,20,1,1,1,14:05,1,2,9
2023201364148,2023,201364148,2,3,2,2,34,6,3,0,0,1,0,0,9,8,E01010226,3,1,0.0,1.0,-1,6,30,1,1,1,12:31,1,2,9
2023451384197,2023,451384197,1,1,1,1,36,7,3,0,0,0,0,0,9,9,E01030835,3,1,0.0,1.0,-1,6,40,1,6,4,02:12,6,1,9
2023411401704,2023,411401704,1,1,3,1,15,3,2,5,2,0,0,0,0,7,E01023801,7,1,1.0,0.0,-1,6,40,1,4,1,22:56,6,1,9
2023010457828,2023,010457828,1,1,1,1,20,4,3,0,0,0,0,0,3,-1,-1,-1,0,0.0,1.0,-1,9,30,9,1,9,15:20,6,2,3
2023161377736,2023,161377736,1,1,3,1,12,3,3,5,1,0,0,2,0,1,E01012809,3,1,0.0,1.0,-1,6,30,1,1,1,15:37,3,1,9
2023440036908,2023,440036908,1,1,1,1,48,8,3,0,0,0,0,0,9,7,E01022735,-1,0,0.01934,0.98066,-1,6,30,1,4,1,20:00,6,2,9
2023991266456,2023,991266456,1,1,1,1,51,8,3,0,0,0,0,0,9,9,-1,3,1,0.0,1.0,-1,3,70,1,6,2,23:00,7,1,9
2023531302727,2023,531302727,2,1,1,1,28,6,3,0,0,0,0,0,1,4,E01022173,3,1,0.0,1.0,-1,6,20,1,1,1,15:15,6,2,1
2023010450389,2023,010450389,2,1,1,2,19,4,3,0,0,0,0,0,9,4,E01003661,-1,0,0.0,1.0,-1,6,30,1,4,1,20:40,3,3,9
2023430290755,2023,430290755,2,1,1,1,36,7,3,0,0,0,0,0,9,8,E01028536,-1,0,0.00545,0.99455,-1,1,50,1,1,1,17:00,6,2,9
2023461337121,2023,461337121,1,5,2,2,5,1,3,0,0,2,0,0,9,2,E01024616,3,1,0.0,1.0,-1,6,30,1,1,1,14:52,3,3,9
202360A050333,2023,60A050333,1,2,2,2,27,6,3,0,0,1,0,0,9,-1,-1,-1,0,0.0995,0.9005,-1,6,30,1,1,1,18:18,6,1,9
2023991381375,2023,991381375,1,1,2,2,23,5,2,0,0,1,0,0,9,8,-1,5,1,1.0,0.0,-1,3,70,1,1,2,09:04,6,2,9
2023010436778,2023,010436778,1,2,3,2,12,3,3,4,3,0,0,0,0,2,E01003490,-1,0,0.0,1.0,-1,6,30,1,1,1,18:00,2,1,9
2023070860004,2023,070860004,1,1,1,1,19,4,3,0,0,0,0,0,9,2,E01025059,-1,0,0.05837,0.94163,-1,1,60,1,1,1,09:10,7,1,9
2023141284852,2023,141284852,2,1,2,2,4,1,3,0,0,2,0,0,9,3,E01007777,3,1,0.0,1.0,-1,6,60,3,1,2,09:36,5,2,9
2023610007423,2023,610007423,1,1,1,1,62,9,3,0,0,1,0,0,9,9,W01001514,-1,0,0.1596,0.8404,-1,6,30,1,1,1,15:45,2,1,9
2023991390210,2023,991390210,2,1,2,2,50,8,3,0,0,1,0,0,9,-1,-1,3,1,0.0,1.0,-1,6,30,1,1,2,13:27,1,2,9
2023070373096,2023,070373096,1,1,1,1,28,6,2,0,0,0,0,0,1,1,E01012483,-1,0,1.0,0.0,-1,6,20,1,1,1,12:40,4,2,1
2023010430884,2023,010430884,1,1,1,2,37,7,3,0,0,0,0,0,9,3,E01021806,-1,0,0.0,1.0,-1,6,20,1,4,1,19:04,7,2,9
2023411383390,2023,411383390,1,2,2,2,63,9,3,0,0,2,0,0,9,7,E01018279,3,1,0.0,1.0,-1,3,70,1,1,1,10:45,2,2,9
2023421276934,2023,421276934,2,1,1,2,31,6,3,0,0,0,0,0,9,6,E01022090,3,1,0.0,1.0,-1,1,30,1,4,1,17:55,2,2,9
2023401383723,2023,401383723,3,3,1,1,28,6,3,0,0,0,0,0,19,9,-1,3,1,0.0,1.0,-1,3,70,1,1,2,12:35,7,3,19
2023451387388,2023,451387388,1,1,1,1,12,3,3,0,0,0,0,0,1,10,E01030617,3,1,0.0,1.0,-1,6,30,8,1,2,08:35,3,2,1
2023010482819,2023,010482819,2,1,1,1,43,7,3,0,0,0,0,0,3,3,E01002808,-1,0,0.0,1.0,-1,6,20,1,1,2,12:28,6,2,3
2023461383705,2023,461383705,2,1,1,2,54,8,3,0,0,0,0,0,9,9,E01016073,3,1,0.0,1.0,-1,1,40,9,7,1,18:40,6,2,9
2023610003723,2023,610003723,1,1,1,2,26,6,2,0,0,0,0,0,9,6,W01001511,-1,0,1.0,0.0,-1,3,70,1,1,1,08:00,4,1,9
2023131266040,2023,131266040,1,1,1,2,46,8,3,0,0,0,0,0,9,3,E01011100,3,1,0.0,1.0,-1,3,40,1,1,2,13:35,6,2,9
2023010485464,2023,010485464,2,3,2,2,29,6,2,0,0,2,0,0,9,5,E01001095,-1,0,1.0,0.0,-1,6,30,1,4,1,01:35,6,2,9
2023041296373,2023,041296373,2,1,1,2,19,4,3,0,0,0,0,0,9,1,E01012637,3,1,0.0,1.0,-1,6,30,2,1,2,12:25,4,2,9
2023010443297,2023,010443297,2,1,1,1,56,9,3,0,0,0,0,0,1,1,E01001781,-1,0,0.0,1.0,-1,6,20,1,1,1,13:35,3,2,1
2023411397098,2023,411397098,2,1,1,1,76,11,2,0,0,0,0,0,1,6,E01023494,5,1,1.0,0.0,-1,6,60,1,1,1,15:00,3,2,1
2023201382799,2023,201382799,1,2,2,2,26,6,3,0,0,-1,0,0,9,5,E01008888,3,1,0.0,1.0,-1,3,40,1,4,2,22:04,3,2,9
2023451343205,2023,451343205,2,2,2,2,58,9,3,0,0,1,0,0,9,8,E01030853,3,1,0.0,1.0,-1,6,40,1,1,1,16:00,6,2,9
2023501276135,2023,501276135,1,1,1,2,38,7,1,0,0,0,0,0,9,7,E01020327,1,1,0.0,0.0,-1,6,60,1,1,1,09:21,2,2,9
2023302300805,2023,302300805,2,1,2,2,36,7,3,0,0,1,0,0,9,-1,-1,-1,0,0.0419,0.9581,-1,6,30,1,1,1,20:06,1,2,9
2023411322000,2023,411322000,1,1,1,1,50,8,3,0,0,0,0,0,9,6,E01002844,3,1,0.0,1.0,-1,6,30,1,4,1,20:12,5,2,9
2023461333578,2023,461333578,1,2,2,1,27,6,3,0,0,1,0,0,9,8,E01024407,3,1,0.0,1.0,-1,6,60,2,1,2,09:58,1,1,9
2023631387471,2023,631387471,2,1,2,2,51,8,3,0,0,2,0,0,9,5,W01000599,3,1,0.0,1.0,-1,6,60,5,6,2,17:45,1,2,9
2023991283712,2023,991283712,1,1,3,1,36,7,3,10,9,0,0,0,0,6,-1,3,1,0.0,1.0,-1,6,30,1,4,1,19:47,1,1,9
2023440341541,2023,440341541,2,2,1,1,28,6,3,0,0,0,0,0,5,7,E01023224,-1,0,0.21605,0.78395,-1,6,50,1,1,1,15:23,4,2,5
2023122301061,2023,122301061,2,3,2,1,3,1,3,0,0,2,0,0,9,9,E01027577,-1,0,0.01719,0.98281,-1,3,70,2,1,2,12:32,1,3,9
202354A099523,2023,54A099523,2,3,2,2,61,9,2,0,0,1,0,0,9,9,E01031958,-1,0,1.0,0.0,-1,6,60,1,1,1,11:24,7,3,9
2023610007723,2023,610007723,1,1,1,1,30,6,3,0,0,0,0,0,9,2,W01001476,-1,0,0.06126,0.93874,-1,6,30,1,1,1,14:15,6,1,9
2023041338308,2023,041338308,1,1,3,1,4,1,3,9,5,0,0,0,0,1,E01033231,3,1,0.0,1.0,-1,6,20,1,1,1,16:10,6,1,9
2023311292478,2023,311292478,2,1,1,1,-1,-1,3,0,0,0,0,0,-1,-1,-1,3,1,0.0,1.0,-1,6,30,9,1,2,18:50,4,2,-1
2023101343796,2023,101343796,2,1,1,1,15,3,3,0,0,0,0,0,1,1,E01008730,3,1,0.0,1.0,-1,6,30,1,1,1,13:00,6,2,1
2023411344630,2023,411344630,1,1,1,1,15,3,2,0,0,0,0,0,1,5,E01023761,7,1,1.0,0.0,-1,1,30,1,1,1,14:28,4,2,1
2023010441980,2023,010441980,1,1,1,1,34,6,3,0,0,0,0,0,5,4,E01000503,-1,0,0.0,1.0,-1,6,30,1,4,1,11:05,1,2,5
2023041347426,2023,041347426,1,1,1,2,18,4,2,0,0,0,0,0,9,5,E01024888,7,1,1.0,0.0,-1,3,70,1,1,1,13:20,5,3,9
2023211350726,2023,211350726,1,1,1,2,38,7,2,0,0,0,0,0,9,3,E01014322,7,1,1.0,0.0,-1,7,50,1,1,1,15:30,5,2,9
2023421303896,2023,421303896,1,1,1,1,71,10,2,0,0,0,0,0,9,3,E01003171,5,1,1.0,0.0,-1,6,40,1,1,1,09:00,5,2,9
2023991298563,2023,991298563,2,2,1,1,54,8,2,0,0,0,0,0,9,6,-1,5,1,1.0,0.0,-1,6,60,1,1,1,10:25,2,2,9
2023010433937,2023,010433937,2,1,2,1,27,6,2,0,0,0,0,0,9,4,E01003666,-1,0,1.0,0.0,-1,7,50,1,1,1,11:00,6,2,9
2023411377525,2023,411377525,2,2,1,1,56,9,3,0,0,0,0,0,9,6,E01023789,3,1,0.0,1.0,-1,1,40,1,1,1,07:24,2,3,9
2023451323700,2023,451323700,2,2,1,1,53,8,3,0,0,0,0,0,9,10,E01030811,3,1,0.0,1.0,-1,6,20,1,1,1,13:30,4,2,9
202354C605323,2023,54C605323,1,1,3,2,40,7,3,5,1,0,0,0,0,9,E01032099,-1,0,0.036,0.964,-1,1,30,1,4,1,19:30,1,1,9
2023340NN4362,2023,340NN4362,1,1,1,2,54,8,3,0,0,0,0,0,9,7,E01026978,-1,0,0.14573,0.85427,-1,6,60,8,6,4,19:00,5,1,9
2023991383523,2023,991383523,1,1,1,1,28,6,3,0,0,0,0,0,9,9,-1,3,1,0.0,1.0,-1,6,60,1,6,4,17:47,3,1,9
2023161383226,2023,161383226,1,1,1,1,25,5,3,0,0,0,0,0,9,7,E01012064,3,1,0.0,1.0,-1,3,70,1,1,4,07:25,4,1,9
2023531287226,2023,531287226,1,1,1,1,28,6,3,0,0,0,0,0,9,7,E01022216,3,1,0.0,1.0,-1,6,60,1,1,1,14:20,1,2,9
2023131383910,2023,131383910,1,1,3,2,15,3,3,1,1,0,0,2,0,3,E01011463,3,1,0.0,1.0,-1,6,30,2,4,2,07:25,5,1,9
2023201291911,2023,201291911,1,1,3,2,23,5,3,6,9,0,0,2,0,1,E01033650,3,1,0.0,1.0,-1,6,30,1,1,1,16:53,7,1,9
2023311339366,2023,311339366,1,2,1,2,34,6,3,0,0,0,0,0,9,2,E01028231,3,1,0.0,1.0,-1,6,40,1,1,1,08:59,3,2,9
2023471270005,2023,471270005,2,1,1,2,22,5,3,0,0,0,0,0,9,9,E01021023,3,1,0.0,1.0,-1,6,50,1,1,1,20:35,2,2,9
2023320138652,2023,320138652,2,2,1,1,52,8,3,0,0,0,0,0,21,5,E01021139,-1,0,0.03937,0.96063,-1,3,70,1,1,1,11:30,2,2,21
2023010454886,2023,010454886,2,1,1,1,20,4,3,0,0,0,0,0,3,1,E01033598,-1,0,0.0,1.0,-1,6,20,1,4,1,21:27,4,2,3
2023010476549,2023,010476549,2,1,1,1,45,7,3,0,0,0,0,0,3,4,E01003326,-1,0,0.0,1.0,-1,6,20,1,4,1,20:25,3,2,3
2023010429298,2023,010429298,1,1,1,1,65,9,3,0,0,0,0,0,5,7,E01000118,-1,0,0.0,1.0,-1,3,50,1,4,1,19:04,1,1,5
2023991261726,2023,991261726,1,1,3,1,87,11,2,4,3,0,0,2,0,-1,-1,5,1,1.0,0.0,-1,6,20,2,4,2,17:29,3,1,9
2023461303588,2023,461303588,1,1,1,1,51,8,3,0,0,0,0,0,19,4,E01024204,3,1,0.0,1.0,-1,6,60,1,1,1,15:15,4,2,19
2023201296654,2023,201296654,1,1,3,2,4,1,3,5,2,0,0,0,0,-1,-1,3,1,0.0,1.0,-1,6,20,1,1,1,15:52,1,1,9
2023471392658,2023,471392658,1,1,3,2,68,10,3,10,4,0,0,0,0,7,E01031462,3,1,0.0,1.0,-1,6,30,9,1,1,10:00,6,1,9
2023520300624,2023,520300624,1,1,1,1,46,8,3,0,0,0,0,0,1,3,E01029291,-1,0,0.0424,0.9576,-1,6,30,1,1,1,20:00,7,2,1
2023041316615,2023,041316615,2,2,1,2,28,6,3,0,0,0,0,0,9,9,E01012583,3,1,0.0,1.0,-1,3,70,1,1,1,07:48,5,2,9
2023421348065,2023,421348065,1,1,2,2,24,5,2,0,0,1,0,0,9,1,E01021302,6,1,1.0,0.0,-1,6,30,1,7,1,05:15,1,1,9
2023461394624,2023,461394624,1,1,1,2,39,7,3,0,0,0,0,0,9,2,E01024775,3,1,0.0,1.0,-1,3,30,1,1,2,15:00,4,2,9
2023451345560,2023,451345560,1,1,1,1,25,5,3,0,0,0,0,0,2,9,E01030687,3,1,0.0,1.0,-1,6,30,1,1,1,13:50,6,2,2
2023991280150,2023,991280150,1,1,3,2,89,11,3,4,2,0,0,0,0,10,-1,3,1,0.0,1.0,-1,6,30,1,1,1,14:23,6,1,9
2023371302309,2023,371302309,1,1,3,1,4,1,3,1,3,0,0,0,0,3,E01029968,3,1,0.0,1.0,-1,6,30,1,1,1,18:29,7,1,9
2023411331835,2023,411331835,2,1,1,2,35,6,3,0,0,0,0,0,3,3,E01033464,3,1,0.0,1.0,-1,3,30,1,1,-1,13:00,5,2,3
2023010423387,2023,010423387,1,1,3,1,43,7,3,5,9,0,0,0,0,-1,-1,-1,0,0.0,1.0,-1,6,30,9,7,9,23:00,1,1,9
2023101269312,2023,101269312,1,1,3,2,24,5,3,6,9,0,0,0,0,3,E01008576,3,1,0.0,1.0,-1,7,70,1,4,2,21:45,7,1,9
2023211300870,2023,211300870,1,1,3,1,93,11,2,10,9,0,0,0,0,7,E01029772,6,1,1.0,0.0,-1,6,30,2,1,2,09:18,6,1,9
2023061309769,2023,061309769,1,1,3,2,4,1,3,5,4,0,0,0,0,-1,-1,3,1,0.0,1.0,-1,6,20,1,1,1,16:50,1,1,9
2023101284970,2023,101284970,1,1,3,1,14,3,3,5,1,0,0,0,0,-1,-1,3,1,0.0,1.0,-1,6,30,1,1,1,16:15,3,1,9
2023430338115,2023,430338115,1,1,1,1,19,4,3,0,0,0,0,0,1,8,E01017818,-1,0,0.04718,0.95282,-1,6,30,1,1,1,14:55,5,2,1
2023010471792,2023,010471792,1,1,1,1,36,7,3,0,0,0,0,0,5,10,E01021192,-1,0,0.0,1.0,-1,6,20,1,1,1,15:36,6,2,5
2023061271559,2023,061271559,1,1,3,1,36,7,2,7,1,0,0,-1,0,-1,-1,7,1,1.0,0.0,-1,6,30,1,4,1,06:30,5,1,9
2023351311479,2023,351311479,2,1,1,2,59,9,3,0,0,0,0,0,1,8,E01018000,3,1,0.0,1.0,-1,6,30,1,1,1,17:00,6,2,1
2023131311985,2023,131311985,3,1,1,1,35,6,3,0,0,0,0,0,9,2,E01004068,3,1,0.0,1.0,-1,3,40,1,4,1,23:25,6,6,9
2023421332061,2023,421332061,1,1,2,1,18,4,3,0,0,1,0,0,9,7,E01021538,3,1,0.0,1.0,-1,6,40,1,6,1,23:30,6,1,9
2023991363941,2023,991363941,1,1,2,2,97,11,2,0,0,0,4,0,11,5,-1,6,1,1.0,0.0,-1,1,30,1,1,1,15:52,5,1,11
2023451303180,2023,451303180,1,1,1,1,59,9,3,0,0,0,0,0,19,8,E01002452,3,1,0.0,1.0,-1,6,30,1,4,1,01:00,4,2,19
2023010431529,2023,010431529,1,1,3,1,18,4,3,1,1,0,0,0,0,2,E01000429,-1,0,0.0,1.0,-1,6,20,1,1,1,17:11,6,1,9
2023010432472,2023,010432472,5,3,1,1,69,10,3,0,0,0,0,0,9,-1,-1,-1,0,0.0,1.0,-1,3,30,1,1,2,08:49,5,5,9
2023201396947,2023,201396947,1,3,2,1,59,9,3,0,0,1,0,0,9,1,E01009299,3,1,0.0,1.0,-1,6,30,1,4,1,22:33,7,2,9
2023501290693,2023,501290693,1,2,2,2,68,10,3,0,0,-1,0,0,9,-1,-1,3,1,0.0,1.0,-1,6,20,2,4,2,19:13,7,1,9
2023010419329,2023,010419329,1,1,3,1,39,7,3,5,1,0,0,0,0,2,E01000626,-1,0,0.0,1.0,-1,3,30,1,1,1,14:20,2,1,9
2023131324188,2023,131324188,1,1,3,2,39,7,3,5,9,0,0,2,0,1,E01011312,3,1,0.0,1.0,-1,6,20,1,1,1,12:15,5,1,9
2023302300963,2023,302300963,1,1,1,1,26,6,3,0,0,0,0,0,5,4,E01019649,-1,0,0.20234,0.79766,-1,6,50,1,1,1,13:30,1,1,5
2023461306088,2023,461306088,2,1,1,2,38,7,3,0,0,0,0,0,3,4,E01024339,3,1,0.0,1.0,-1,6,30,2,1,2,17:30,7,2,3
2023041371423,2023,041371423,2,2,2,1,16,4,3,0,0,1,0,0,9,7,E01018971,3,1,0.0,1.0,-1,3,70,2,4,2,02:46,3,4,9
2023201291173,2023,201291173,1,1,1,1,26,6,3,0,0,0,0,0,9,2,E01009650,3,1,0.0,1.0,-1,6,30,1,1,1,07:35,5,3,9
2023461285307,2023,461285307,1,1,2,2,76,11,3,0,0,1,0,0,9,6,E01024034,3,1,0.0,1.0,-1,7,70,2,1,2,14:00,3,2,9
2023461354682,2023,461354682,1,1,1,2,93,11,2,0,0,0,0,0,9,8,E01030847,7,1,1.0,0.0,-1,1,30,1,1,1,12:15,2,1,9
2023201313620,2023,201313620,1,3,2,2,35,6,1,0,0,2,0,0,9,2,E01010448,1,1,0.0,0.0,-1,6,30,1,1,1,08:44,1,3,9
2023421343126,2023,421343126,2,1,1,2,64,9,1,0,0,0,0,0,9,8,E01021533,1,1,0.0,0.0,-1,6,60,1,1,1,11:16,6,2,9
2023471362876,2023,471362876,2,1,1,2,21,5,3,0,0,0,0,0,9,4,E01031434,3,1,0.0,1.0,-1,1,60,1,1,1,14:35,7,2,9
2023061349738,2023,061349738,1,1,1,1,51,8,3,0,0,0,0,0,9,8,E01006888,3,1,0.0,1.0,-1,6,30,1,1,1,14:20,4,2,9
2023070662291,2023,070662291,1,1,2,1,30,6,3,0,0,1,0,0,9,6,E01001519,-1,0,0.0342,0.9658,-1,6,30,1,1,1,16:31,6,2,9
2023351393006,2023,351393006,1,1,1,1,78,11,2,0,0,0,0,0,9,8,E01018129,5,1,1.0,0.0,-1,6,60,1,6,1,21:03,6,3,9
2023622300452,2023,622300452,1,1,1,2,32,6,3,0,0,0,0,0,9,-1,-1,-1,0,0.03442,0.96558,-1,6,30,1,1,1,16:46,7,1,9
2023991359801,2023,991359801,2,2,1,2,54,8,3,0,0,0,0,0,9,5,-1,3,1,0.0,1.0,-1,1,40,2,1,2,13:35,5,2,9
2023371354496,2023,371354496,1,1,3,2,38,7,3,5,3,0,0,0,0,5,E01029960,3,1,0.0,1.0,-1,6,30,1,1,1,07:48,6,1,9
2023010423883,2023,010423883,1,1,3,2,79,11,2,1,1,0,0,0,0,6,E01000587,-1,0,1.0,0.0,-1,2,30,1,1,1,13:00,6,1,9
2023440279833,2023,440279833,1,1,1,1,21,5,2,0,0,0,0,0,4,-1,-1,-1,0,1.0,0.0,-1,6,30,1,1,1,12:10,4,2,4
2023131339620,2023,131339620,1,2,2,1,48,8,2,0,0,1,0,0,9,1,E01010840,5,1,1.0,0.0,-1,6,30,8,4,1,21:30,3,3,9
2023231414101,2023,231414101,2,2,1,2,57,9,3,0,0,0,0,0,9,6,E01026986,3,1,0.0,1.0,-1,6,60,2,1,2,07:40,2,2,9
2023332301093,2023,332301093,3,1,1,2,60,9,3,0,0,0,0,0,9,10,E01025847,-1,0,0.0159,0.9841,-1,6,30,2,1,2,15:00,7,3,9
2023471365338,2023,471365338,1,1,3,1,18,4,3,9,5,0,0,0,0,7,E01031525,3,1,0.0,1.0,-1,6,30,1,1,1,14:10,6,1,9
2023010420038,2023,010420038,1,1,1,1,20,4,3,0,0,0,0,0,4,2,E01002506,-1,0,0.0,1.0,-1,6,30,8,4,2,21:19,6,2,4
2023552300094,2023,552300094,1,2,3,1,23,5,3,6,9,0,0,0,0,7,E01020349,-1,0,0.10069,0.89931,-1,6,30,1,1,2,15:56,1,1,9
2023010433439,2023,010433439,1,1,1,1,37,7,3,0,0,0,0,0,1,2,E01003187,-1,0,0.0,1.0,-1,3,30,1,4,2,18:50,2,2,1
2023451366055,2023,451366055,1,1,1,1,52,8,2,0,0,0,0,0,1,4,E01004551,7,1,1.0,0.0,-1,6,40,1,1,1,09:40,1,2,1
2023552300778,2023,552300778,1,1,1,1,66,10,3,0,0,0,0,0,8,7,E01020509,-1,0,0.13031,0.86969,-1,6,60,1,1,1,13:30,5,2,8
2023440026934,2023,440026934,1,1,3,1,14,3,3,5,2,0,0,0,0,7,E01017197,-1,0,0.16775,0.83225,-1,6,30,1,4,4,18:40,6,1,9
2023131348504,2023,131348504,2,1,1,1,25,5,3,0,0,0,0,0,9,1,E01011756,3,1,0.0,1.0,-1,6,30,1,1,1,14:08,5,2,9
2023371349501,2023,371349501,2,2,1,1,58,9,3,0,0,0,0,0,21,4,E01030244,3,1,0.0,1.0,-1,6,60,1,1,1,13:56,2,2,21
2023061310094,2023,061310094,2,1,1,1,15,3,3,0,0,0,0,0,1,1,E01005113,3,1,0.0,1.0,-1,6,30,1,4,1,20:30,3,2,1
2023430274313,2023,430274313,1,1,1,1,-1,-1,3,0,0,0,0,0,1,-1,-1,-1,0,0.05784,0.94216,-1,6,30,1,1,1,19:29,4,2,1
2023010422952,2023,010422952,1,1,3,2,72,10,2,9,5,0,0,0,0,6,E01003754,-1,0,1.0,0.0,-1,6,30,1,4,4,20:15,1,1,9
2023010464839,2023,010464839,1,1,1,1,33,6,3,0,0,0,0,0,3,2,E01002056,-1,0,0.0,1.0,-1,6,20,1,1,1,17:45,4,2,3
2023031345071,2023,031345071,1,1,1,2,36,7,3,0,0,0,0,0,3,-1,-1,3,1,0.0,1.0,-1,6,40,1,1,1,11:50,5,2,3
2023430573813,2023,430573813,1,1,1,1,62,9,2,0,0,0,0,0,5,3,E01016555,-1,0,1.0,0.0,-1,6,30,1,1,2,11:40,6,1,5