collision_index,collision_year,collision_ref_no,vehicle_reference,casualty_reference,casualty_class,sex_of_casualty,age_of_casualty,age_band_of_casualty,casualty_severity,pedestrian_location,pedestrian_movement,car_passenger,bus_or_coach_passenger,pedestrian_road_maintenance_worker,casualty_type,casualty_imd_decile,lsoa_of_casualty,enhanced_casualty_severity,casualty_injury_based,casualty_adjusted_severity_serious,casualty_adjusted_severity_slight,casualty_distance_banding,road_type,speed_limit,weather_conditions,light_conditions,road_surface_conditions,time,day_of_week,number_of_vehicles,vehicle_type
2023471317207,2023,471317207,1,1,2,1,21,5,2,0,0,1,0,0,9,3,E01020975,7,1,1.0,0.0,-1,3,70,1,1,1,19:50,7,1,9
2023541152823,2023,541152823,1,1,1,1,74,10,2,0,0,0,0,0,9,10,E01031864,-1,0,1.0,0.0,-1,6,60,1,1,1,14:15,4,2,9
2023421300855,2023,421300855,2,1,1,1,32,6,3,0,0,0,0,0,19,5,E01016157,3,1,0.0,1.0,-1,3,50,1,1,1,18:28,3,2,19
2023440274115,2023,440274115,1,1,1,1,63,9,3,0,0,0,0,0,19,5,E01017126,-1,0,0.01479,0.98521,-1,6,30,1,1,1,14:36,7,2,19
2023430491388,2023,430491388,1,1,3,1,27,6,3,6,9,0,0,0,0,3,E01032730,-1,0,0.05414,0.94586,-1,6,30,1,4,1,06:02,2,1,9
2023461318194,2023,461318194,1,1,3,1,11,3,2,1,1,0,0,0,0,3,E01023984,7,1,1.0,0.0,-1,3,30,1,1,1,16:10,6,1,9
202360A144247,2023,60A144247,1,1,2,1,31,6,3,0,0,0,0,0,3,-1,-1,-1,0,0.25873,0.74127,-1,6,60,1,1,2,12:12,5,2,3
2023061368038,2023,061368038,2,3,2,1,24,5,3,0,0,2,0,0,9,-1,-1,3,1,0.0,1.0,-1,3,30,2,4,2,03:50,7,2,9
2023141310578,2023,141310578,2,1,1,1,51,8,3,0,0,0,0,0,9,7,E01007381,3,1,0.0,1.0,-1,6,30,1,1,1,07:50,3,4,9
2023421362690,2023,421362690,1,1,1,2,23,5,3,0,0,0,0,0,9,5,E01021922,3,1,0.0,1.0,-1,1,30,1,1,2,17:38,6,2,9
2023631319769,2023,631319769,1,1,1,2,30,6,3,0,0,0,0,0,9,5,W01000071,3,1,0.0,1.0,-1,6,60,1,1,1,18:50,6,1,9
2023041356653,2023,041356653,1,1,2,1,51,8,2,0,0,1,0,0,9,1,E01025112,7,1,1.0,0.0,-1,6,30,1,4,1,23:45,7,2,9
2023421271168,2023,421271168,1,1,1,1,21,5,3,0,0,0,0,0,9,5,E01021996,3,1,0.0,1.0,-1,6,60,1,1,1,16:20,2,2,9
2023351320318,2023,351320318,2,1,1,1,27,6,3,0,0,0,0,0,1,1,E01015616,3,1,0.0,1.0,-1,6,30,1,1,-1,07:20,6,2,1
2023010467324,2023,010467324,1,1,3,1,-1,-1,3,10,9,0,0,0,0,-1,-1,-1,0,0.0,1.0,-1,6,30,5,1,2,14:20,4,1,8
2023471376496,2023,471376496,1,1,3,1,45,7,3,6,9,0,0,0,0,1,E01020992,3,1,0.0,1.0,-1,6,30,1,1,1,15:35,4,1,19
2023170L40673,2023,170L40673,2,1,1,2,47,8,3,0,0,0,0,0,9,5,E01012140,-1,0,0.0235,0.9765,-1,6,60,1,1,1,16:56,6,2,9
2023221397614,2023,221397614,1,1,1,1,52,8,3,0,0,0,0,0,9,5,E01014178,3,1,0.0,1.0,-1,6,60,1,1,2,07:43,3,3,9
2023311342004,2023,311342004,2,1,1,1,29,6,3,0,0,0,0,0,9,2,E01019682,3,1,0.0,1.0,-1,6,30,1,1,1,14:10,3,2,9
2023371311159,2023,371311159,1,1,1,1,32,6,3,0,0,0,0,0,9,7,E01030095,3,1,0.0,1.0,-1,6,30,1,1,1,04:26,4,1,9
2023401333979,2023,401333979,1,1,1,2,32,6,3,0,0,0,0,0,9,1,E01033638,3,1,0.0,1.0,-1,6,50,1,1,1,15:49,6,2,9
2023411394160,2023,411394160,2,2,1,1,56,9,2,0,0,0,0,0,9,7,E01002349,7,1,1.0,0.0,-1,6,60,1,1,2,12:50,6,2,9
2023451376450,2023,451376450,1,1,1,1,37,7,3,0,0,0,0,0,3,5,E01002635,3,1,0.0,1.0,-1,3,30,8,4,1,21:00,1,2,3
2023451296887,2023,451296887,1,1,2,1,36,7,3,0,0,2,0,0,9,10,E01022587,3,1,0.0,1.0,-1,3,70,1,6,1,02:45,3,1,9
2023111317643,2023,111317643,1,1,3,1,14,3,3,5,1,0,0,0,0,7,E01020857,3,1,0.0,1.0,-1,6,60,1,1,1,13:30,7,1,9
2023010483732,2023,010483732,1,1,1,-1,33,6,3,0,0,0,0,0,3,5,E01003083,-1,0,0.0,1.0,-1,9,20,9,1,9,13:20,1,2,3
2023010429083,2023,010429083,1,1,1,2,44,7,3,0,0,0,0,0,9,5,E01001029,-1,0,0.0,1.0,-1,1,30,1,1,1,11:05,7,2,9
2023161353702,2023,161353702,2,1,1,1,71,10,3,0,0,0,0,0,9,6,E01012882,3,1,0.0,1.0,-1,6,60,1,1,1,10:29,2,2,9
2023401366834,2023,401366834,1,1,1,2,31,6,3,0,0,0,0,0,9,-1,-1,3,1,0.0,1.0,-1,3,30,1,1,1,15:17,5,2,9
2023010470638,2023,010470638,1,1,2,2,4,1,2,0,0,0,3,0,11,3,E01016452,-1,0,1.0,0.0,-1,6,20,1,1,1,14:10,7,1,11
2023101259216,2023,101259216,1,2,2,1,37,7,3,0,0,0,4,0,11,-1,-1,3,1,0.0,1.0,-1,6,20,1,1,2,15:00,3,1,11
2023010458930,2023,010458930,1,1,1,1,28,6,3,0,0,0,0,0,1,3,E01004562,-1,0,0.0,1.0,-1,6,20,1,1,1,12:45,5,2,1
2023010438881,2023,010438881,2,1,1,1,18,4,3,0,0,0,0,0,3,4,E01003448,-1,0,0.0,1.0,-1,3,30,1,4,1,21:40,7,2,3
2023101390262,2023,101390262,2,1,2,2,2,1,3,0,0,2,0,0,9,2,E01008428,3,1,0.0,1.0,-1,6,30,1,1,1,13:55,2,2,9
2023461301540,2023,461301540,1,3,2,2,17,4,2,0,0,1,0,0,9,9,E01024754,7,1,1.0,0.0,-1,6,50,1,6,1,19:44,5,2,9
2023010452194,2023,010452194,2,1,1,1,32,6,2,0,0,0,0,0,1,4,E01002884,-1,0,1.0,0.0,-1,6,20,1,1,1,13:11,5,2,1
2023010468142,2023,010468142,1,1,1,1,34,6,3,0,0,0,0,0,3,2,E01033485,-1,0,0.0,1.0,-1,9,30,1,1,1,17:20,6,2,3
2023211309672,2023,211309672,2,2,1,1,35,6,1,0,0,0,0,0,5,2,E01010400,1,1,0.0,0.0,-1,6,50,1,1,1,18:41,7,4,5
2023061270921,2023,061270921,2,1,1,2,32,6,3,0,0,0,0,0,9,5,E01032495,3,1,0.0,1.0,-1,3,70,1,4,1,18:30,2,2,9
2023451337281,2023,451337281,1,1,1,2,31,6,3,0,0,0,0,0,9,-1,-1,3,1,0.0,1.0,-1,6,40,1,1,1,15:45,3,2,9
2023440236199,2023,440236199,3,3,2,2,56,9,2,0,0,1,0,0,9,10,E01015295,-1,0,1.0,0.0,-1,6,60,1,1,1,16:45,4,3,9
2023501350814,2023,501350814,1,3,2,2,19,4,3,0,0,1,0,0,9,-1,-1,3,1,0.0,1.0,-1,6,20,1,4,1,00:47,1,2,9
202354A097523,2023,54A097523,1,1,1,1,85,11,3,0,0,0,0,0,9,9,E01031847,-1,0,0.10343,0.89657,-1,6,40,1,1,1,11:50,7,2,9
2023631339125,2023,631339125,2,5,2,1,17,4,2,0,0,2,0,0,9,8,E01024328,6,1,1.0,0.0,-1,6,30,2,1,2,17:00,2,2,9
2023052400045,2023,052400045,1,1,1,1,31,6,2,0,0,0,0,0,9,5,E01006486,-1,0,1.0,0.0,-1,6,30,1,1,1,14:00,5,2,9
2023501332102,2023,501332102,2,1,1,2,23,5,3,0,0,0,0,0,9,1,E01018870,3,1,0.0,1.0,-1,6,60,1,1,1,15:14,6,2,9
2023520301435,2023,520301435,2,2,1,1,48,8,3,0,0,0,0,0,9,6,E01028703,-1,0,0.03174,0.96826,-1,3,70,1,1,1,13:30,5,5,9
2023201358378,2023,201358378,1,1,3,1,64,9,2,5,1,0,0,0,0,7,E01032130,7,1,1.0,0.0,-1,6,30,1,1,1,15:20,5,1,9
2023010454110,2023,010454110,4,2,1,1,49,8,3,0,0,0,0,0,9,5,E01001921,-1,0,0.0,1.0,-1,3,40,1,1,1,13:25,7,4,9
2023332301158,2023,332301158,2,1,1,1,35,6,2,0,0,0,0,0,9,1,E01013921,-1,0,1.0,0.0,-1,6,60,2,6,2,16:47,3,2,9
2023631353724,2023,631353724,1,1,1,1,67,10,3,0,0,0,0,0,9,3,W01001045,3,1,0.0,1.0,-1,6,60,2,1,2,16:30,2,1,9
2023010452032,2023,010452032,2,1,1,1,36,7,3,0,0,0,0,0,1,6,E01026260,-1,0,0.0,1.0,-1,2,20,1,1,1,08:45,4,2,1
2023141352862,2023,141352862,2,1,1,1,28,6,2,0,0,0,0,0,1,-1,-1,7,1,1.0,0.0,-1,6,20,1,1,1,11:00,6,2,1
2023010454339,2023,010454339,1,1,1,1,28,6,3,0,0,0,0,0,3,5,E01002184,-1,0,0.0,1.0,-1,6,30,1,1,1,08:40,7,2,3
2023131326719,2023,131326719,1,2,2,2,50,8,3,0,0,1,0,0,9,10,E01010947,3,1,0.0,1.0,-1,3,40,1,1,1,18:32,5,2,9
2023201373852,2023,201373852,1,1,1,1,22,5,3,0,0,0,0,0,9,10,E01031300,3,1,0.0,1.0,-1,6,30,1,1,1,06:46,3,3,9
2023320634060,2023,320634060,1,1,1,1,30,6,3,0,0,0,0,0,9,-1,-1,-1,0,0.1616,0.8384,-1,6,60,1,6,2,21:20,4,1,9
2023991297591,2023,991297591,2,2,1,1,33,6,2,0,0,0,0,0,9,-1,-1,7,1,1.0,0.0,-1,6,60,1,1,1,16:32,2,2,9
2023010479888,2023,010479888,1,2,2,2,61,9,3,0,0,0,4,0,11,3,E01001479,-1,0,0.0,1.0,-1,6,20,1,1,1,08:30,6,1,11
2023052302171,2023,052302171,1,1,3,2,23,5,2,10,9,0,0,0,0,1,E01006863,-1,0,1.0,0.0,-1,3,60,9,4,9,00:01,5,1,9
2023010459387,2023,010459387,1,1,1,1,44,7,3,0,0,0,0,0,3,8,E01000878,-1,0,0.0,1.0,-1,9,20,8,4,2,23:02,4,2,3
2023451421202,2023,451421202,2,1,2,1,7,2,2,0,0,2,0,0,9,-1,-1,7,1,1.0,0.0,-1,6,30,1,1,2,15:53,2,3,9
2023010461671,2023,010461671,1,1,2,1,58,9,3,0,0,0,4,0,11,2,E01003924,-1,0,0.0,1.0,-1,6,30,9,1,1,18:01,1,1,11
2023221286434,2023,221286434,2,1,1,1,57,9,3,0,0,0,0,0,1,5,E01032280,3,1,0.0,1.0,-1,6,30,8,1,2,17:45,5,2,1
2023201416445,2023,201416445,1,5,2,1,28,6,3,0,0,-1,0,0,9,-1,-1,3,1,0.0,1.0,-1,3,30,1,4,2,00:40,1,2,9
2023302300683,2023,302300683,1,1,1,1,24,5,2,0,0,0,0,0,9,3,E01019541,-1,0,1.0,0.0,-1,6,30,1,1,1,18:00,1,2,9
2023461346301,2023,461346301,1,3,2,1,10,2,3,0,0,2,0,0,9,9,E01024175,3,1,0.0,1.0,-1,6,30,1,1,1,20:39,7,3,9
2023991304578,2023,991304578,1,1,1,1,19,4,3,0,0,0,0,0,9,8,-1,3,1,0.0,1.0,-1,6,60,1,1,1,16:45,6,2,9
2023010467002,2023,010467002,2,1,1,1,31,6,3,0,0,0,0,0,2,4,E01003118,-1,0,0.0,1.0,-1,6,20,1,1,1,14:27,3,2,2
2023010477870,2023,010477870,1,1,1,-1,21,5,3,0,0,0,0,0,3,3,E01000473,-1,0,0.0,1.0,-1,6,20,9,1,9,15:41,6,2,3
2023351278791,2023,351278791,2,1,1,1,31,6,3,0,0,0,0,0,5,2,E01015654,3,1,0.0,1.0,-1,6,60,1,6,1,19:32,2,2,5
2023101409825,2023,101409825,1,1,1,1,34,6,3,0,0,0,0,0,9,2,E01008828,3,1,0.0,1.0,-1,3,30,1,4,1,23:10,1,1,9
2023161293615,2023,161293615,1,3,2,2,40,7,3,0,0,2,0,0,9,4,E01013271,3,1,0.0,1.0,-1,6,60,1,1,1,12:45,7,2,9
2023351333613,2023,351333613,1,1,1,2,46,8,3,0,0,0,0,0,9,6,E01017961,3,1,0.0,1.0,-1,3,70,1,1,1,08:08,2,2,9
2023401300227,2023,401300227,1,1,1,2,30,6,3,0,0,0,0,0,9,6,E01017554,3,1,0.0,1.0,-1,6,60,1,4,1,23:33,6,2,9
2023451302254,2023,451302254,1,1,1,2,85,11,3,0,0,0,0,0,9,10,E01030758,3,1,0.0,1.0,-1,3,50,1,1,1,12:20,7,4,9
2023501372084,2023,501372084,2,1,1,1,31,6,3,0,0,0,0,0,9,1,E01018767,3,1,0.0,1.0,-1,6,40,2,1,2,07:40,4,4,9
2023041341491,2023,041341491,2,1,1,1,36,7,3,0,0,0,0,0,9,2,E01025274,3,1,0.0,1.0,-1,6,30,1,1,2,13:06,2,2,9
2023421371663,2023,421371663,2,1,1,1,31,6,3,0,0,0,0,0,9,1,E01021576,3,1,0.0,1.0,-1,1,30,1,1,2,16:24,6,2,9
2023461285967,2023,461285967,2,1,1,2,77,11,3,0,0,0,0,0,9,10,E01024336,3,1,0.0,1.0,-1,6,30,1,4,1,21:39,2,3,9
2023471359065,2023,471359065,1,1,1,2,86,11,1,0,0,0,0,0,9,8,E01031664,1,1,0.0,0.0,-1,6,60,1,1,1,14:24,3,1,9
2023991365352,2023,991365352,1,1,1,1,46,8,3,0,0,0,0,0,9,-1,-1,3,1,0.0,1.0,-1,6,40,4,1,1,13:40,6,2,9
2023010460783,2023,010460783,1,1,3,1,42,7,3,1,3,0,0,0,0,1,E01004248,-1,0,0.0,1.0,-1,3,20,1,1,1,14:22,3,1,1
2023031317658,2023,031317658,1,1,3,2,9,2,3,5,1,0,0,0,0,-1,-1,3,1,0.0,1.0,-1,6,30,1,1,1,08:30,2,1,9
2023302300961,2023,302300961,1,1,3,2,49,8,3,9,9,0,0,0,0,7,E01019843,-1,0,0.10818,0.89182,-1,6,30,1,1,1,10:35,1,1,9
2023201432726,2023,201432726,2,1,1,1,-1,-1,3,0,0,0,0,0,9,-1,-1,3,1,0.0,1.0,-1,6,30,1,5,1,18:45,2,2,9
2023010481803,2023,010481803,1,1,1,1,26,6,2,0,0,0,0,0,3,7,E01002127,-1,0,1.0,0.0,-1,6,30,2,4,2,19:11,1,2,3
2023131376179,2023,131376179,1,2,2,1,18,4,3,0,0,2,0,0,9,1,E01010941,3,1,0.0,1.0,-1,6,30,2,4,2,01:25,7,4,9
2023430355732,2023,430355732,1,1,1,2,48,8,3,0,0,0,0,0,9,3,E01017790,-1,0,0.00337,0.99663,-1,6,30,2,1,2,11:30,2,2,9
2023010454681,2023,010454681,2,2,2,1,13,3,3,0,0,0,0,0,-1,3,E01002397,-1,0,0.0,1.0,-1,6,30,1,1,1,18:25,3,2,-1
2023440092562,2023,440092562,1,1,3,1,35,6,2,8,9,0,0,0,0,2,E01017219,-1,0,1.0,0.0,-1,6,30,1,1,2,13:25,3,1,9
2023010432615,2023,010432615,2,1,1,1,34,6,3,0,0,0,0,0,3,9,E01000987,-1,0,0.0,1.0,-1,6,30,1,4,1,21:07,5,2,3
2023010472816,2023,010472816,2,1,1,1,32,6,3,0,0,0,0,0,3,2,E01002087,-1,0,0.0,1.0,-1,3,20,1,1,2,08:52,5,2,3
2023501313028,2023,501313028,2,1,1,1,43,7,2,0,0,0,0,0,5,6,E01020223,7,1,1.0,0.0,-1,6,30,1,1,1,16:30,3,2,5
2023010460469,2023,010460469,1,3,2,-1,-1,-1,3,0,0,2,0,0,9,2,E01016004,-1,0,0.0,1.0,-1,9,30,1,1,1,15:48,1,2,9
2023101286647,2023,101286647,2,2,2,2,58,9,3,0,0,1,0,0,9,1,E01008837,3,1,0.0,1.0,-1,1,40,1,1,1,13:57,3,2,9
2023141355826,2023,141355826,1,1,1,2,43,7,3,0,0,0,0,0,9,4,E01024945,3,1,0.0,1.0,-1,6,30,1,1,1,16:00,1,2,9
2023451371304,2023,451371304,2,2,1,1,66,10,3,0,0,0,0,0,9,9,E01030690,3,1,0.0,1.0,-1,1,40,1,1,1,12:34,2,4,9
2023461349584,2023,461349584,1,1,1,1,20,4,3,0,0,0,0,0,9,5,E01033089,3,1,0.0,1.0,-1,6,40,1,1,1,11:56,2,2,9
2023010420123,2023,010420123,1,1,3,1,25,5,3,6,9,0,0,0,0,3,E01009294,-1,0,0.0,1.0,-1,6,20,1,1,2,15:35,7,1,10
2023302300953,2023,302300953,1,1,3,1,33,6,3,6,9,0,0,0,0,9,E01019467,-1,0,0.05675,0.94325,-1,6,30,1,1,1,16:15,3,1,9
2023161293688,2023,161293688,2,1,1,1,35,6,3,0,0,0,0,0,1,1,E01012845,3,1,0.0,1.0,-1,3,30,9,4,1,20:30,4,2,1
2023201402903,2023,201402903,2,1,1,1,33,6,3,0,0,0,0,0,3,1,E01010031,3,1,0.0,1.0,-1,6,40,1,1,1,08:05,5,2,3
2023010433205,2023,010433205,1,1,2,2,31,6,3,0,0,1,0,0,9,1,E01002036,-1,0,0.0,1.0,-1,3,50,1,1,1,13:10,1,4,9
2023010436558,2023,010436558,1,1,1,2,48,8,3,0,0,0,0,0,9,4,E01003661,-1,0,0.0,1.0,-1,6,20,1,1,1,06:59,1,2,9
2023061290537,2023,061290537,1,1,1,1,43,7,3,0,0,0,0,0,9,2,E01005487,3,1,0.0,1.0,-1,6,30,1,4,1,03:27,1,2,9
2023201321087,2023,201321087,1,1,3,1,10,2,2,5,1,0,0,0,0,4,E01009139,7,1,1.0,0.0,-1,6,30,1,1,1,14:43,7,1,9
2023010436443,2023,010436443,1,1,1,1,38,7,3,0,0,0,0,0,3,5,E01002183,-1,0,0.0,1.0,-1,1,20,1,4,1,23:00,7,2,3
2023101290161,2023,101290161,2,1,1,2,55,8,3,0,0,0,0,0,9,1,E01008671,3,1,0.0,1.0,-1,1,30,1,1,1,07:30,5,2,9
2023430259738,2023,430259738,1,1,1,1,61,9,2,0,0,0,0,0,9,9,E01032701,-1,0,1.0,0.0,-1,6,50,1,1,1,14:54,3,2,9
2023461323432,2023,461323432,1,1,1,1,47,8,2,0,0,0,0,0,9,1,E01024148,6,1,1.0,0.0,-1,6,30,1,1,1,21:41,7,2,9
2023531378902,2023,531378902,2,1,1,1,34,6,2,0,0,0,0,0,9,7,E01022175,6,1,1.0,0.0,-1,6,30,1,4,1,17:05,6,2,9
2023302300605,2023,302300605,2,3,2,2,66,10,3,0,0,0,4,0,11,1,E01013567,-1,0,0.04066,0.95934,-1,6,30,1,1,1,07:15,5,2,11
2023131320085,2023,131320085,2,1,1,1,52,8,3,0,0,0,0,0,9,5,E01011648,3,1,0.0,1.0,-1,6,20,2,4,2,22:01,1,2,9
2023440293739,2023,440293739,2,1,1,1,54,8,3,0,0,0,0,0,9,10,E01023213,-1,0,0.05665,0.94335,-1,6,30,1,1,1,16:44,6,2,9
2023061270890,2023,061270890,1,1,3,1,12,3,3,5,3,0,0,0,0,-1,-1,3,1,0.0,1.0,-1,6,30,1,1,4,15:29,6,1,9
202354C193723,2023,54C193723,1,1,3,1,76,11,3,4,1,0,0,0,0,8,E01015514,-1,0,0.16399,0.83601,-1,1,30,1,1,1,13:00,6,1,9
2023991331575,2023,991331575,1,1,3,2,22,5,3,5,1,0,0,2,0,1,-1,3,1,0.0,1.0,-1,6,30,2,1,2,19:47,6,1,8
2023010441060,2023,010441060,2,2,2,2,11,3,3,0,0,2,0,0,9,4,E01001418,-1,0,0.0,1.0,-1,3,50,1,1,1,09:20,5,2,9
2023201418214,2023,201418214,1,1,1,2,52,8,3,0,0,0,0,0,9,1,E01009097,3,1,0.0,1.0,-1,6,30,1,1,1,15:18,4,1,9
2023461296467,2023,461296467,3,1,1,1,23,5,3,0,0,0,0,0,9,8,E01024133,3,1,0.0,1.0,-1,3,60,1,4,1,21:02,2,4,9
2023552300130,2023,552300130,1,1,1,1,71,10,3,0,0,0,0,0,9,3,E01015426,-1,0,0.0643,0.9357,-1,3,40,1,1,1,08:09,7,2,9
2023041330356,2023,041330356,1,1,2,2,42,7,3,0,0,0,3,0,11,3,E01025223,3,1,0.0,1.0,-1,6,30,9,1,1,15:50,3,1,11
2023010465616,2023,010465616,1,2,2,-1,32,6,3,0,0,2,0,0,9,3,E01002403,-1,0,0.0,1.0,-1,9,30,8,1,1,13:40,1,2,9
202360A129504,2023,60A129504,3,6,2,2,-1,-1,3,0,0,2,0,0,9,-1,-1,-1,0,0.03126,0.96874,-1,6,60,2,1,2,11:28,2,3,9
2023421370750,2023,421370750,1,1,3,2,46,8,3,4,3,0,0,0,0,9,E01001132,3,1,0.0,1.0,-1,7,20,8,4,2,23:30,7,1,9
2023131296736,2023,131296736,2,1,1,1,46,8,2,0,0,0,0,0,1,2,E01011220,6,1,1.0,0.0,-1,6,30,2,1,2,15:20,6,2,1
2023351281906,2023,351281906,1,1,1,1,73,10,3,0,0,0,0,0,9,9,E01033433,3,1,0.0,1.0,-1,6,30,8,1,1,14:40,6,2,9
2023501344506,2023,501344506,1,1,1,2,40,7,3,0,0,0,0,0,9,3,E01018974,3,1,0.0,1.0,-1,6,60,1,6,1,00:05,4,1,9
2023543626223,2023,543626223,2,2,2,1,28,6,3,0,0,1,0,0,9,-1,-1,-1,0,0.01237,0.98763,-1,6,40,2,1,2,18:06,4,3,9
2023991355807,2023,991355807,2,1,1,1,72,10,2,0,0,0,0,0,9,4,-1,5,1,1.0,0.0,-1,6,60,1,1,1,16:20,7,2,9
2023461275927,2023,461275927,1,1,1,1,-1,-1,3,0,0,0,0,0,-1,-1,-1,3,1,0.0,1.0,-1,1,30,1,1,1,08:12,4,2,-1
2023041370191,2023,041370191,2,1,2,1,9,2,3,0,0,1,0,0,9,3,E01012677,3,1,0.0,1.0,-1,6,30,1,1,2,20:06,5,2,9
2023302300171,2023,302300171,1,2,1,2,74,10,3,0,0,0,0,0,9,8,E01019764,-1,0,0.04231,0.95769,-1,6,40,1,1,1,10:30,7,2,9
2023430335897,2023,430335897,2,1,2,1,25,5,3,0,0,1,0,0,9,6,E01016287,-1,0,0.01366,0.98634,-1,3,70,1,1,1,15:31,6,2,9
2023010433300,2023,010433300,1,1,3,1,-1,-1,3,5,1,0,0,0,0,3,E01004006,-1,0,0.0,1.0,-1,3,30,9,1,1,14:51,2,1,9
2023071145796,2023,071145796,1,1,1,2,26,6,3,0,0,0,0,0,9,7,E01007148,-1,0,0.02063,0.97937,-1,2,30,1,1,1,07:45,5,2,9
2023201284725,2023,201284725,1,1,1,1,27,6,3,0,0,0,0,0,9,3,E01009220,3,1,0.0,1.0,-1,6,30,1,1,3,06:48,4,3,9
2023311328389,2023,311328389,3,1,1,2,56,9,3,0,0,0,0,0,9,-1,-1,3,1,0.0,1.0,-1,6,30,1,1,2,18:11,3,2,9
2023401394651,2023,401394651,1,2,2,2,-1,-1,3,0,0,1,0,0,9,-1,-1,3,1,0.0,1.0,-1,1,20,2,4,2,16:13,7,1,9
2023461326822,2023,461326822,2,1,1,1,40,7,3,0,0,0,0,0,9,8,E01032819,3,1,0.0,1.0,-1,6,30,1,1,1,13:20,7,2,9
2023010479905,2023,010479905,1,1,3,2,38,7,3,6,9,0,0,0,0,5,E01002202,-1,0,0.0,1.0,-1,6,30,1,4,1,13:05,6,1,9
2023010445116,2023,010445116,1,1,1,2,32,6,3,0,0,0,0,0,1,2,E01002716,-1,0,0.0,1.0,-1,2,20,1,1,1,12:50,3,2,1
2023122300378,2023,122300378,1,1,1,2,29,6,3,0,0,0,0,0,9,7,E01013336,-1,0,0.02345,0.97655,-1,6,30,1,1,1,12:00,1,2,9
2023361295475,2023,361295475,2,2,2,2,19,4,3,0,0,1,0,0,9,4,E01029927,3,1,0.0,1.0,-1,6,60,1,1,1,15:20,1,2,9
2023010459791,2023,010459791,1,1,1,1,37,7,3,0,0,0,0,0,9,2,E01003582,-1,0,0.0,1.0,-1,3,30,1,1,1,15:30,4,2,9
2023010466079,2023,010466079,1,1,2,2,21,5,3,0,0,1,0,0,9,2,E01003321,-1,0,0.0,1.0,-1,6,20,1,1,1,18:10,5,1,9
2023501311872,2023,501311872,1,2,1,1,56,9,2,0,0,0,0,0,9,4,E01019057,5,1,1.0,0.0,-1,6,60,1,1,1,15:21,6,2,9
2023141366937,2023,141366937,2,1,1,1,13,3,2,0,0,0,0,0,97,2,E01007593,7,1,1.0,0.0,-1,6,30,8,1,1,14:30,1,2,97
2023332300326,2023,332300326,1,1,3,1,28,6,2,9,9,0,0,0,0,5,E01025865,-1,0,1.0,0.0,-1,6,30,1,4,2,00:01,1,1,9
2023501286260,2023,501286260,1,1,1,1,30,6,2,0,0,0,0,0,5,1,E01018767,7,1,1.0,0.0,-1,6,30,2,1,2,15:00,7,3,5
2023451357295,2023,451357295,1,2,1,1,64,9,2,0,0,0,0,0,98,9,E01023053,7,1,1.0,0.0,-1,3,50,1,1,1,06:57,5,2,98
2023010475114,2023,010475114,1,1,1,1,26,6,3,0,0,0,0,0,3,3,E01002589,-1,0,0.0,1.0,-1,9,30,9,1,9,13:05,1,2,3
2023141325518,2023,141325518,2,1,1,1,17,4,3,0,0,0,0,0,3,3,E01008148,3,1,0.0,1.0,-1,6,20,1,1,1,17:20,2,2,3
2023471324828,2023,471324828,1,1,1,2,26,6,3,0,0,0,0,0,3,9,E01021042,3,1,0.0,1.0,-1,3,60,1,1,1,20:11,7,2,3
2023052302071,2023,052302071,1,1,1,1,28,6,3,0,0,0,0,0,9,1,E01006979,-1,0,0.05247,0.94753,-1,3,30,1,4,1,22:41,7,1,9
2023141273507,2023,141273507,2,2,1,2,76,11,3,0,0,0,0,0,9,-1,-1,3,1,0.0,1.0,-1,3,30,1,1,1,11:00,7,2,9
2023421276327,2023,421276327,1,1,3,1,40,7,3,10,9,0,0,0,0,4,E01021651,3,1,0.0,1.0,-1,6,30,1,1,1,07:30,6,1,9
2023440292430,2023,440292430,2,1,1,1,13,3,2,0,0,0,0,0,1,3,E01017078,-1,0,1.0,0.0,-1,6,30,1,4,2,21:05,5,2,1
2023010476582,2023,010476582,1,1,2,2,13,3,3,0,0,2,0,0,9,4,E01000733,-1,0,0.0,1.0,-1,6,30,1,4,1,21:35,3,2,9
2023201448507,2023,201448507,2,2,2,1,20,4,3,0,0,-1,0,0,9,2,E01033248,3,1,0.0,1.0,-1,3,30,1,1,1,13:10,5,2,9
2023520400421,2023,520400421,1,3,2,1,39,7,2,0,0,2,0,0,9,7,E01029214,-1,0,1.0,0.0,-1,6,30,1,1,1,13:40,4,2,9
2023010449217,2023,010449217,1,1,1,1,28,6,3,0,0,0,0,0,97,3,E01000578,-1,0,0.0,1.0,-1,6,30,1,1,1,14:55,5,2,97
2023440040429,2023,440040429,1,1,3,1,9,2,3,1,1,0,0,0,0,1,E01017102,-1,0,0.11511,0.88489,-1,6,30,1,1,1,15:50,2,1,9
2023471383646,2023,471383646,1,1,3,1,57,9,2,4,1,0,0,2,0,6,E01031770,6,1,1.0,0.0,-1,6,20,1,4,2,21:44,4,1,11
2023211327143,2023,211327143,2,2,2,2,24,5,3,0,0,0,0,0,4,3,E01002251,3,1,0.0,1.0,-1,6,60,1,1,1,16:00,6,2,4
2023010420599,2023,010420599,1,2,2,2,30,6,3,0,0,1,0,0,9,2,E01002049,-1,0,0.0,1.0,-1,2,20,2,1,2,09:40,3,2,9
2023340WN5152,2023,340WN5152,1,1,1,2,25,5,3,0,0,0,0,0,9,10,E01027266,-1,0,0.09082,0.90918,-1,6,30,1,1,1,07:43,4,2,9