collision_index,collision_year,collision_ref_no,vehicle_reference,casualty_reference,casualty_class,sex_of_casualty,age_of_casualty,age_band_of_casualty,casualty_severity,pedestrian_location,pedestrian_movement,car_passenger,bus_or_coach_passenger,pedestrian_road_maintenance_worker,casualty_type,casualty_imd_decile,lsoa_of_casualty,enhanced_casualty_severity,casualty_injury_based,casualty_adjusted_severity_serious,casualty_adjusted_severity_slight,casualty_distance_banding,road_type,speed_limit,weather_conditions,light_conditions,road_surface_conditions,time,day_of_week,number_of_vehicles,vehicle_type
2023131387915,2023,131387915,1,1,3,2,31,6,3,8,7,0,0,2,0,1,E01010842,3,1,0.0,1.0,-1,6,30,8,4,2,16:00,4,1,9
2023010419961,2023,010419961,1,1,3,2,46,8,3,6,9,0,0,0,0,2,E01004615,-1,0,0.0,1.0,-1,6,20,1,1,1,13:00,6,1,11
2023010476631,2023,010476631,1,1,1,1,19,4,3,0,0,0,0,0,3,3,E01001938,-1,0,0.0,1.0,-1,9,30,2,5,9,17:39,1,2,3
2023122300604,2023,122300604,1,1,1,1,19,4,2,0,0,0,0,0,3,1,E01010720,-1,0,1.0,0.0,-1,6,60,1,1,1,14:23,3,3,3
2023010434877,2023,010434877,1,1,3,2,14,3,3,1,1,0,0,0,0,2,E01004403,-1,0,0.0,1.0,-1,3,20,1,1,1,15:27,4,1,9
2023010421846,2023,010421846,2,1,1,2,26,6,3,0,0,0,0,0,9,1,E01001410,-1,0,0.0,1.0,-1,3,50,1,1,2,08:54,3,3,9
2023332300894,2023,332300894,1,1,1,1,47,8,3,0,0,0,0,0,9,9,E01025779,-1,0,0.03684,0.96316,-1,6,30,1,1,1,18:40,2,4,9
2023440402554,2023,440402554,5,3,2,2,71,10,2,0,0,1,0,0,9,3,E01015362,-1,0,1.0,0.0,-1,3,70,2,1,2,17:26,2,6,9
2023520301115,2023,520301115,2,2,2,2,23,5,3,0,0,1,0,0,9,7,E01029169,-1,0,0.01592,0.98408,-1,6,30,1,1,1,16:01,3,2,9
2023010456482,2023,010456482,1,1,3,2,36,7,3,1,9,0,0,0,0,1,E01001732,-1,0,0.0,1.0,-1,6,20,1,1,1,10:40,4,1,9
2023440248762,2023,440248762,2,1,1,1,11,3,3,0,0,0,0,0,1,7,E01022526,-1,0,0.15107,0.84893,-1,6,20,1,1,1,15:45,5,2,1
2023552301354,2023,552301354,2,1,1,1,20,4,2,0,0,0,0,0,5,9,E01020399,-1,0,1.0,0.0,-1,6,40,1,6,1,18:32,6,2,5
2023010421716,2023,010421716,1,1,3,1,44,7,2,9,5,0,0,0,0,7,E01002226,-1,0,1.0,0.0,-1,6,30,1,4,1,17:05,2,2,9
2023430118811,2023,430118811,1,1,1,1,53,8,3,0,0,0,0,0,1,10,E01016629,-1,0,0.07529,0.92471,-1,6,30,1,1,1,15:15,5,2,1
2023010462007,2023,010462007,1,1,3,1,85,11,2,4,9,0,0,0,0,2,E01004010,-1,0,1.0,0.0,-1,3,50,1,1,1,16:55,4,1,-1
2023161335588,2023,161335588,1,1,3,1,75,10,3,6,8,0,0,0,0,2,E01013129,3,1,0.0,1.0,-1,9,20,1,1,1,09:08,3,1,-1
2023461375731,2023,461375731,1,1,3,2,11,3,2,5,1,0,0,0,0,2,E01024398,7,1,1.0,0.0,-1,6,20,1,1,1,08:35,2,1,11
2023010444769,2023,010444769,1,1,1,1,49,8,3,0,0,0,0,0,1,6,E01000487,-1,0,0.0,1.0,-1,6,30,1,1,1,08:40,4,6,1
2023141387851,2023,141387851,2,1,1,1,31,6,2,0,0,0,0,0,3,-1,-1,7,1,1.0,0.0,-1,6,30,2,4,2,20:00,3,2,3
2023031392796,2023,031392796,1,1,2,2,47,8,3,0,0,1,0,0,9,3,E01019236,3,1,0.0,1.0,-1,3,70,5,1,5,12:40,5,2,9
2023520400743,2023,520400743,2,2,1,1,18,4,3,0,0,0,0,0,9,2,E01029311,-1,0,0.01688,0.98312,-1,6,30,2,4,2,21:55,4,2,9
2023161386940,2023,161386940,1,1,1,2,85,11,3,0,0,0,0,0,9,3,E01013245,3,1,0.0,1.0,-1,6,30,1,1,2,09:42,2,3,9
2023471302373,2023,471302373,1,1,1,1,21,5,3,0,0,0,0,0,9,4,E01021002,3,1,0.0,1.0,-1,6,60,8,6,2,00:40,1,2,9
2023201320115,2023,201320115,2,2,1,2,21,5,3,0,0,0,0,0,9,4,E01009085,3,1,0.0,1.0,-1,6,30,1,1,1,11:03,4,2,9
2023311448134,2023,311448134,1,1,1,1,29,6,2,0,0,0,0,0,9,-1,-1,6,1,1.0,0.0,-1,3,40,8,4,1,19:26,1,2,9
2023122301110,2023,122301110,1,1,2,2,86,11,3,0,0,1,0,0,9,3,E01012194,-1,0,0.10345,0.89655,-1,6,60,1,1,1,16:02,7,2,9
2023221271953,2023,221271953,1,1,1,1,56,9,3,0,0,0,0,0,9,10,E01029511,3,1,0.0,1.0,-1,6,60,1,6,2,17:48,4,1,9
2023461280714,2023,461280714,2,2,1,2,35,6,3,0,0,0,0,0,9,5,E01016034,3,1,0.0,1.0,-1,7,70,1,6,1,17:57,5,3,9
2023471322478,2023,471322478,2,1,2,2,16,4,3,0,0,2,0,0,9,8,E01021174,3,1,0.0,1.0,-1,6,30,1,1,1,12:07,1,2,9
2023010462712,2023,010462712,2,1,1,1,35,6,2,0,0,0,0,0,1,2,E01004242,-1,0,1.0,0.0,-1,3,20,1,4,1,21:24,1,2,1
2023010460724,2023,010460724,2,1,1,2,20,4,3,0,0,0,0,0,3,5,E01003144,-1,0,0.0,1.0,-1,6,30,1,1,1,15:05,3,2,3
2023052300928,2023,052300928,1,1,3,1,31,6,2,5,2,0,0,0,0,10,W01000344,-1,0,1.0,0.0,-1,6,30,1,1,1,12:30,6,1,9
2023610053023,2023,610053023,1,1,3,1,41,7,2,8,4,0,0,0,0,4,W01001523,-1,0,1.0,0.0,-1,6,20,1,6,2,22:19,7,1,9
2023010471765,2023,010471765,1,1,2,2,74,10,3,0,0,0,4,0,11,2,E01000483,-1,0,0.0,1.0,-1,6,30,1,1,1,14:30,6,1,11
2023010427209,2023,010427209,1,1,1,1,22,5,3,0,0,0,0,0,9,7,E01001027,-1,0,0.0,1.0,-1,6,20,1,1,1,16:10,3,2,9
2023010451603,2023,010451603,1,1,2,-1,-1,-1,3,0,0,9,0,0,9,7,E01002860,-1,0,0.0,1.0,-1,6,30,1,1,1,18:00,6,1,9
2023041344383,2023,041344383,1,2,2,1,53,8,2,0,0,1,0,0,9,9,E01025439,6,1,1.0,0.0,-1,6,40,1,1,1,12:59,3,2,9
2023131268740,2023,131268740,2,1,1,1,29,6,3,0,0,0,0,0,9,2,E01032492,3,1,0.0,1.0,-1,6,20,1,4,1,19:20,5,2,9
2023440442881,2023,440442881,1,1,1,2,21,5,3,0,0,0,0,0,9,7,E01023125,-1,0,0.0332,0.9668,-1,6,30,2,1,2,17:29,1,2,9
2023052300583,2023,052300583,1,1,3,2,74,10,3,1,1,0,0,0,0,1,E01006880,-1,0,0.22447,0.77553,-1,6,30,1,1,1,16:12,4,1,9
2023041259179,2023,041259179,1,1,1,1,55,8,2,0,0,0,0,0,1,-1,-1,5,1,1.0,0.0,-1,6,30,8,1,2,12:46,2,1,1
2023340WN4982,2023,340WN4982,2,1,1,1,41,7,3,0,0,0,0,0,1,3,E01027154,-1,0,0.19064,0.80936,-1,6,30,1,4,1,05:40,5,2,1
2023010423325,2023,010423325,2,1,1,1,20,4,2,0,0,0,0,0,3,2,E01001706,-1,0,1.0,0.0,-1,6,30,1,4,1,19:27,3,2,3
2023631367452,2023,631367452,1,1,1,1,32,6,2,0,0,0,0,0,5,5,W01000542,7,1,1.0,0.0,-1,6,60,1,1,2,13:30,5,3,5
2023010438489,2023,010438489,1,1,3,1,15,3,3,5,3,0,0,0,0,4,E01000960,-1,0,0.0,1.0,-1,3,20,2,1,2,18:38,5,1,9
2023031343202,2023,031343202,1,1,1,1,79,11,3,0,0,0,0,0,9,7,E01019387,3,1,0.0,1.0,-1,6,60,1,1,1,16:49,6,2,9
2023170S11973,2023,170S11973,1,2,2,1,45,7,3,0,0,1,0,0,9,1,E01012258,-1,0,0.00821,0.99179,-1,6,30,1,1,1,15:45,2,2,9
2023010454364,2023,010454364,2,1,1,1,13,3,2,0,0,0,0,0,1,3,E01004030,-1,0,1.0,0.0,-1,1,30,1,1,1,08:26,2,2,1
2023440401792,2023,440401792,1,1,1,1,71,10,2,0,0,0,0,0,1,8,E01022628,-1,0,1.0,0.0,-1,6,60,1,1,1,11:16,2,1,1
2023461390876,2023,461390876,2,1,1,1,15,3,3,0,0,0,0,0,1,9,E01024826,3,1,0.0,1.0,-1,6,30,1,4,1,21:00,6,2,1
2023430017432,2023,430017432,2,1,1,1,30,6,3,0,0,0,0,0,3,5,E01016577,-1,0,0.05777,0.94223,-1,6,30,1,4,1,19:22,5,2,3
2023010429748,2023,010429748,1,1,3,2,12,3,3,4,4,0,0,0,0,4,E01000170,-1,0,0.0,1.0,-1,6,30,1,1,1,15:52,3,1,10
2023010471051,2023,010471051,1,1,3,2,26,6,3,1,3,0,0,0,0,3,E01033583,-1,0,0.0,1.0,-1,2,20,1,1,1,07:40,2,1,9
2023541026623,2023,541026623,1,1,3,1,72,10,3,1,1,0,0,0,0,4,E01032101,-1,0,0.18255,0.81745,-1,6,30,1,4,2,19:49,1,1,9
2023010421197,2023,010421197,1,1,1,2,55,8,3,0,0,0,0,0,1,7,E01001918,-1,0,0.0,1.0,-1,6,20,1,1,1,13:00,5,2,1
2023501262580,2023,501262580,1,1,3,2,37,7,3,8,7,0,0,0,0,8,E01020089,3,1,0.0,1.0,-1,6,30,1,4,2,20:49,4,1,9
2023010420815,2023,010420815,1,1,1,1,48,8,2,0,0,0,0,0,3,10,E01004157,-1,0,1.0,0.0,-1,6,30,1,4,2,17:17,4,2,3
2023010450983,2023,010450983,1,1,1,1,22,5,3,0,0,0,0,0,3,4,E01004495,-1,0,0.0,1.0,-1,6,20,9,1,1,16:57,6,2,3
2023010482778,2023,010482778,2,1,1,1,71,10,2,0,0,0,0,0,1,8,E01000680,-1,0,1.0,0.0,-1,1,30,1,1,1,10:15,6,2,1
2023131317271,2023,131317271,2,1,1,1,23,5,2,0,0,0,0,0,1,1,E01010755,5,1,1.0,0.0,-1,6,50,1,1,1,09:25,1,2,1
2023471356009,2023,471356009,2,1,1,1,24,5,3,0,0,0,0,0,3,-1,-1,3,1,0.0,1.0,-1,6,20,2,4,2,19:10,5,2,3
2023061393467,2023,061393467,2,1,1,1,38,7,3,0,0,0,0,0,9,8,E01004790,3,1,0.0,1.0,-1,6,30,2,1,2,13:50,7,2,9
2023332300359,2023,332300359,2,1,1,2,-1,-1,3,0,0,0,0,0,9,8,E01025775,-1,0,0.01407,0.98593,-1,3,40,1,1,1,11:55,3,2,9
2023351323234,2023,351323234,1,1,1,1,17,4,3,0,0,0,0,0,9,5,E01018163,3,1,0.0,1.0,-1,6,40,1,1,1,17:15,2,2,9
2023401337081,2023,401337081,2,2,1,2,19,4,3,0,0,0,0,0,9,4,E01017487,3,1,0.0,1.0,-1,6,30,1,1,2,17:58,2,2,9
2023991353340,2023,991353340,1,1,2,2,36,7,3,0,0,1,0,0,9,7,-1,3,1,0.0,1.0,-1,3,70,1,1,1,13:52,4,2,9
2023052300457,2023,052300457,2,2,2,2,30,6,3,0,0,0,0,0,19,2,E01007026,-1,0,0.02232,0.97768,-1,3,30,1,1,1,07:54,2,2,19
2023061270123,2023,061270123,2,1,1,2,32,6,3,0,0,0,0,0,9,4,E01005499,3,1,0.0,1.0,-1,6,30,1,1,1,16:10,3,2,9
2023552301095,2023,552301095,1,1,1,2,47,8,2,0,0,0,0,0,9,9,E01033156,-1,0,1.0,0.0,-1,6,60,2,1,2,10:19,7,1,9
2023131364469,2023,131364469,1,1,1,1,23,5,3,0,0,0,0,0,9,1,E01011750,3,1,0.0,1.0,-1,6,30,2,4,2,03:18,5,1,9
2023141376351,2023,141376351,1,1,1,1,49,8,3,0,0,0,0,0,9,-1,-1,3,1,0.0,1.0,-1,6,50,2,1,2,13:53,6,2,9
2023221323127,2023,221323127,2,1,2,1,22,5,3,0,0,2,0,0,9,8,W01000375,3,1,0.0,1.0,-1,3,60,1,1,1,16:43,1,2,9
202360A095730,2023,60A095730,2,1,1,2,55,8,3,0,0,0,0,0,9,-1,-1,-1,0,0.0928,0.9072,-1,6,60,1,1,1,09:53,3,2,9
2023010440012,2023,010440012,1,1,2,2,46,8,3,0,0,0,4,0,11,2,E01001340,-1,0,0.0,1.0,-1,3,20,1,1,1,14:13,6,2,11
2023991298097,2023,991298097,1,1,2,1,11,3,3,0,0,0,0,0,-1,-1,-1,3,1,0.0,1.0,-1,6,30,1,1,1,16:40,3,2,-1
2023131266441,2023,131266441,1,1,1,2,68,10,2,0,0,0,0,0,9,4,E01011469,6,1,1.0,0.0,-1,9,20,8,1,2,11:30,4,2,9
2023501272492,2023,501272492,1,1,1,1,37,7,3,0,0,0,0,0,9,5,E01015062,3,1,0.0,1.0,-1,6,60,1,1,1,09:39,1,2,9
2023010441600,2023,010441600,2,1,2,1,45,7,3,0,0,0,4,0,11,4,E01003721,-1,0,0.0,1.0,-1,6,20,9,1,1,00:25,7,2,11
2023131316079,2023,131316079,1,1,1,1,40,7,3,0,0,0,0,0,9,1,E01010812,3,1,0.0,1.0,-1,6,30,1,1,1,19:30,4,3,9
2023311266051,2023,311266051,2,1,1,2,37,7,3,0,0,0,0,0,9,9,E01028419,3,1,0.0,1.0,-1,3,40,1,1,1,13:40,6,2,9
2023451280537,2023,451280537,1,1,1,1,20,4,3,0,0,0,0,0,9,-1,-1,3,1,0.0,1.0,-1,1,40,1,4,1,03:30,1,1,9
2023522301079,2023,522301079,1,2,2,1,38,7,3,0,0,1,0,0,9,2,E01014458,-1,0,0.04861,0.95139,-1,6,30,1,1,1,13:22,1,1,9
2023552301458,2023,552301458,1,1,1,1,18,4,3,0,0,0,0,0,9,4,E01020585,-1,0,0.03583,0.96417,-1,6,40,2,4,2,20:43,5,2,9
2023010445619,2023,010445619,2,1,2,1,37,7,3,0,0,0,0,0,98,2,E01010025,-1,0,0.0,1.0,-1,6,30,1,1,1,11:34,1,2,98
2023421367801,2023,421367801,1,1,1,2,35,6,3,0,0,0,0,0,9,3,E01022007,3,1,0.0,1.0,-1,6,30,1,1,2,16:06,6,2,9
2023461275455,2023,461275455,2,1,1,1,18,4,3,0,0,0,0,0,9,8,E01023989,3,1,0.0,1.0,-1,6,30,1,1,1,16:45,2,2,9
2023991313496,2023,991313496,2,1,1,2,35,6,3,0,0,0,0,0,9,1,-1,3,1,0.0,1.0,-1,6,20,1,1,1,15:55,4,2,9
2023461359381,2023,461359381,1,2,2,1,23,5,3,0,0,0,0,0,19,2,E01015528,3,1,0.0,1.0,-1,3,60,1,1,1,12:36,6,1,19
2023320686602,2023,320686602,2,2,1,1,54,8,2,0,0,0,0,0,9,5,E01026298,-1,0,1.0,0.0,-1,6,60,1,6,2,17:16,1,2,9
2023010428483,2023,010428483,1,1,1,2,37,7,3,0,0,0,0,0,9,8,E01002499,-1,0,0.0,1.0,-1,6,30,1,1,1,17:05,5,2,9
2023070660936,2023,070660936,2,1,1,1,34,6,3,0,0,0,0,0,9,6,E01018570,-1,0,0.03671,0.96329,-1,6,50,1,1,1,10:15,6,2,9
2023461339839,2023,461339839,1,1,1,1,90,11,3,0,0,0,0,0,9,7,E01024553,3,1,0.0,1.0,-1,6,30,1,1,1,13:48,4,4,9
2023471358909,2023,471358909,1,2,2,1,73,10,3,0,0,1,0,0,9,9,E01003874,3,1,0.0,1.0,-1,6,30,1,1,1,16:19,2,2,9
2023531327064,2023,531327064,2,1,1,1,23,5,3,0,0,0,0,0,9,10,E01022354,3,1,0.0,1.0,-1,6,40,9,1,1,21:00,4,2,9
2023622300462,2023,622300462,1,1,1,1,18,4,3,0,0,0,0,0,9,9,W01000998,-1,0,0.05897,0.94103,-1,6,30,1,6,1,22:30,3,1,9
2023070492982,2023,070492982,2,1,1,2,58,9,3,0,0,0,0,0,9,6,E01007286,-1,0,0.05257,0.94743,-1,6,50,1,1,1,07:40,5,2,9
2023501279028,2023,501279028,1,1,1,1,88,11,3,0,0,0,0,0,9,3,E01015249,3,1,0.0,1.0,-1,6,30,1,1,1,15:50,7,1,9
2023522400489,2023,522400489,2,1,1,1,24,5,3,0,0,0,0,0,19,8,E01014805,-1,0,0.01104,0.98896,-1,6,30,1,1,1,19:16,3,3,19
2023430278418,2023,430278418,2,1,1,1,30,6,3,0,0,0,0,0,3,3,E01016804,-1,0,0.02194,0.97806,-1,3,40,1,1,1,12:40,6,2,3
2023461317563,2023,461317563,3,2,1,1,18,4,3,0,0,0,0,0,3,5,E01024122,3,1,0.0,1.0,-1,6,30,1,1,1,13:15,5,4,3
2023201363253,2023,201363253,2,2,1,1,18,4,3,0,0,0,0,0,2,-1,-1,3,1,0.0,1.0,-1,6,30,2,4,2,22:20,6,2,2
2023010460937,2023,010460937,1,1,3,2,18,4,3,1,1,0,0,0,0,1,E01024278,-1,0,0.0,1.0,-1,2,30,1,4,1,20:33,4,1,9
2023231308873,2023,231308873,1,1,1,1,18,4,3,0,0,0,0,0,3,1,E01009718,3,1,0.0,1.0,-1,6,30,1,1,1,20:25,5,2,3
2023471392569,2023,471392569,2,1,1,1,37,7,3,0,0,0,0,0,5,1,E01020995,3,1,0.0,1.0,-1,6,30,5,4,2,17:50,4,2,5
2023010479976,2023,010479976,1,1,1,1,27,6,3,0,0,0,0,0,1,3,E01000138,-1,0,0.0,1.0,-1,6,30,1,4,1,18:15,6,2,1
2023302300036,2023,302300036,2,1,1,1,26,6,3,0,0,0,0,0,1,1,E01013568,-1,0,0.16452,0.83548,-1,6,30,1,4,1,19:25,6,2,1
2023451326254,2023,451326254,1,1,3,2,3,1,3,5,1,0,0,0,0,7,E01030613,3,1,0.0,1.0,-1,6,30,1,1,1,08:55,6,1,9
2023010461893,2023,010461893,1,1,1,1,42,7,3,0,0,0,0,0,9,3,E01000385,-1,0,0.0,1.0,-1,3,40,1,1,1,16:59,3,2,9
2023052302127,2023,052302127,2,3,2,1,68,10,3,0,0,1,0,0,9,7,E01007256,-1,0,0.09419,0.90581,-1,6,40,1,1,1,19:10,1,3,9
2023471323072,2023,471323072,2,1,1,1,66,10,3,0,0,0,0,0,9,9,E01004111,3,1,0.0,1.0,-1,3,50,1,1,1,17:50,6,2,9
2023991334191,2023,991334191,1,1,2,1,58,9,2,0,0,2,0,0,9,-1,-1,7,1,1.0,0.0,-1,6,30,2,4,2,00:20,5,1,9
2023131325020,2023,131325020,2,1,1,1,18,4,3,0,0,0,0,0,1,1,E01011616,3,1,0.0,1.0,-1,3,30,1,5,1,20:15,6,2,1
2023131305909,2023,131305909,2,5,2,2,5,1,3,0,0,2,0,0,9,5,E01010598,3,1,0.0,1.0,-1,6,30,1,1,1,16:09,3,2,9
2023101350451,2023,101350451,3,1,1,1,37,7,3,0,0,0,0,0,19,2,E01008834,3,1,0.0,1.0,-1,6,30,1,1,1,12:50,6,3,19
2023010472074,2023,010472074,1,1,1,1,65,9,3,0,0,0,0,0,9,9,E01000656,-1,0,0.0,1.0,-1,6,30,1,1,1,13:43,1,3,9
2023041329930,2023,041329930,2,2,1,1,49,8,3,0,0,0,0,0,5,7,E01012717,3,1,0.0,1.0,-1,1,30,1,1,1,14:30,1,2,5
2023501290295,2023,501290295,3,1,1,1,83,11,3,0,0,0,0,0,9,6,E01019058,3,1,0.0,1.0,-1,6,40,5,4,2,19:54,2,3,9
2023010447009,2023,010447009,1,1,1,2,20,4,3,0,0,0,0,0,9,-1,-1,-1,0,0.0,1.0,-1,6,30,1,1,1,20:15,1,1,9
2023201284467,2023,201284467,1,1,1,1,26,6,3,0,0,0,0,0,9,8,E01009437,3,1,0.0,1.0,-1,3,30,1,4,1,23:45,4,2,9
2023440127985,2023,440127985,1,1,1,2,30,6,3,0,0,0,0,0,9,2,E01017165,-1,0,0.00578,0.99422,-1,6,30,2,1,2,12:48,6,2,9
2023010428613,2023,010428613,1,1,3,1,12,3,3,1,3,0,0,0,0,5,E01000564,-1,0,0.0,1.0,-1,6,20,2,1,9,08:20,4,1,19
2023371356783,2023,371356783,1,2,3,1,72,10,2,5,9,0,0,0,0,3,E01029912,7,1,1.0,0.0,-1,6,30,1,1,1,14:42,2,1,9
2023361394029,2023,361394029,2,1,1,-1,23,5,3,0,0,0,0,0,1,1,E01026597,3,1,0.0,1.0,-1,6,30,1,1,4,08:10,5,2,1
2023430234873,2023,430234873,1,1,1,1,34,6,2,0,0,0,0,0,4,4,E01016391,-1,0,1.0,0.0,-1,6,30,1,1,1,19:24,1,1,4
2023991280300,2023,991280300,1,1,1,2,51,8,3,0,0,0,0,0,9,9,-1,3,1,0.0,1.0,-1,6,60,1,6,1,19:50,5,1,9
2023031263974,2023,031263974,1,1,2,2,48,8,3,0,0,1,0,0,9,6,E01019088,3,1,0.0,1.0,-1,6,60,1,1,4,14:00,2,1,9
2023430512386,2023,430512386,1,1,1,2,48,8,3,0,0,0,0,0,9,10,E01016602,-1,0,0.00419,0.99581,-1,6,30,1,1,1,15:25,2,3,9
2023631366620,2023,631366620,2,1,1,2,51,8,2,0,0,0,0,0,9,7,W01000565,7,1,1.0,0.0,-1,6,40,1,1,1,07:53,2,2,9
2023141283188,2023,141283188,1,1,1,1,37,7,1,0,0,0,0,0,9,8,E01007485,1,1,0.0,0.0,-1,6,60,1,1,1,08:48,1,1,9
2023430346185,2023,430346185,2,2,1,1,37,7,3,0,0,0,0,0,9,8,E01017838,-1,0,0.07279,0.92721,-1,6,30,1,4,1,02:25,6,2,9
2023440438935,2023,440438935,2,1,1,2,79,11,3,0,0,0,0,0,9,8,E01022952,-1,0,0.07151,0.92849,-1,6,30,2,1,2,15:52,5,2,9
2023141369390,2023,141369390,2,1,1,1,73,10,2,0,0,0,0,0,1,6,E01007455,7,1,1.0,0.0,-1,3,30,1,1,2,09:55,4,2,1
2023371304341,2023,371304341,1,1,1,1,62,9,2,0,0,0,0,0,22,-1,-1,5,1,1.0,0.0,-1,1,30,1,1,1,10:02,7,1,22
2023010446538,2023,010446538,1,1,1,1,34,6,3,0,0,0,0,0,3,8,E01003455,-1,0,0.0,1.0,-1,9,20,9,1,9,17:35,5,2,3
2023622300085,2023,622300085,2,2,1,1,57,9,3,0,0,0,0,0,1,4,W01000773,-1,0,0.05403,0.94597,-1,6,30,1,1,4,11:13,6,2,1
2023031376868,2023,031376868,1,1,1,1,60,9,3,0,0,0,0,0,5,8,E01019337,3,1,0.0,1.0,-1,6,60,2,1,2,14:15,2,1,5
2023031300856,2023,031300856,1,1,1,1,54,8,2,0,0,0,0,0,5,6,E01019317,6,1,1.0,0.0,-1,6,60,1,1,1,19:15,3,2,5
2023421311165,2023,421311165,2,1,1,1,41,7,3,0,0,0,0,0,5,3,E01022038,3,1,0.0,1.0,-1,6,30,1,1,1,19:58,4,2,5
2023440380666,2023,440380666,1,1,3,2,46,8,3,5,1,0,0,0,0,1,E01022917,-1,0,0.11842,0.88158,-1,6,30,1,1,1,09:10,2,1,19
2023221263459,2023,221263459,1,1,1,1,11,3,3,0,0,0,0,0,-1,1,E01032465,3,1,0.0,1.0,-1,6,30,1,1,1,15:17,7,2,-1
2023010469766,2023,010469766,1,1,1,2,60,9,3,0,0,0,0,0,9,9,E01000349,-1,0,0.0,1.0,-1,6,20,1,1,1,15:45,3,3,9
2023010472277,2023,010472277,1,1,1,1,25,5,3,0,0,0,0,0,9,5,E01003316,-1,0,0.0,1.0,-1,6,20,1,1,1,18:18,4,2,9
2023041274415,2023,041274415,2,4,2,1,13,3,2,0,0,2,0,0,9,7,E01024955,7,1,1.0,0.0,-1,6,30,1,1,1,08:13,5,2,9
2023131348502,2023,131348502,2,1,1,2,27,6,3,0,0,0,0,0,9,1,E01011910,3,1,0.0,1.0,-1,6,30,1,1,1,20:00,5,2,9
2023991321609,2023,991321609,2,1,1,2,31,6,2,0,0,0,0,0,9,8,-1,7,1,1.0,0.0,-1,6,30,1,1,1,07:26,4,2,9
2023302301648,2023,302301648,1,1,1,1,18,4,3,0,0,0,0,0,9,7,E01019477,-1,0,0.10424,0.89576,-1,3,70,1,4,1,23:45,4,1,9
2023340WN0492,2023,340WN0492,1,1,1,2,37,7,3,0,0,0,0,0,9,9,E01027218,-1,0,0.051,0.949,-1,6,30,1,1,1,08:40,3,2,9
2023471295543,2023,471295543,1,2,2,1,12,3,3,0,0,2,0,0,9,7,E01031471,3,1,0.0,1.0,-1,3,40,2,1,2,16:05,3,2,9
2023471323732,2023,471323732,1,2,1,2,74,10,2,0,0,0,0,0,9,6,E01031825,7,1,1.0,0.0,-1,6,50,1,1,1,15:00,4,2,9
2023010446663,2023,010446663,2,2,2,2,33,6,3,0,0,2,0,0,9,3,E01003587,-1,0,0.0,1.0,-1,6,30,1,7,1,22:05,6,2,9
2023052302034,2023,052302034,2,3,2,2,24,5,3,0,0,2,0,0,9,1,E01006919,-1,0,0.03009,0.96991,-1,6,20,1,1,1,17:30,3,2,9
2023141273555,2023,141273555,2,2,1,2,28,6,3,0,0,0,0,0,9,3,E01007679,3,1,0.0,1.0,-1,3,50,1,4,1,17:45,3,4,9
2023461359381,2023,461359381,1,1,1,1,51,8,3,0,0,0,0,0,19,5,E01015516,3,1,0.0,1.0,-1,3,60,1,1,1,12:36,6,1,19
2023340WN6292,2023,340WN6292,2,2,1,2,50,8,3,0,0,0,0,0,9,7,E01026994,-1,0,0.06421,0.93579,-1,6,60,1,1,2,08:30,6,2,9
2023201332578,2023,201332578,2,1,1,1,19,4,3,0,0,0,0,0,9,-1,-1,3,1,0.0,1.0,-1,6,30,1,1,1,05:16,7,2,9
2023201405904,2023,201405904,2,2,1,1,41,7,3,0,0,0,0,0,9,8,E01031655,3,1,0.0,1.0,-1,6,30,1,1,1,11:25,2,2,9
2023461394281,2023,461394281,2,1,1,2,31,6,3,0,0,0,0,0,9,8,E01025602,3,1,0.0,1.0,-1,6,60,2,6,1,17:35,1,2,9
2023622300173,2023,622300173,2,2,1,2,40,7,3,0,0,0,0,0,9,1,W01000864,-1,0,0.05286,0.94714,-1,6,50,1,4,1,20:48,7,2,9
2023991373225,2023,991373225,2,1,1,2,40,7,2,0,0,0,0,0,9,3,-1,7,1,1.0,0.0,-1,6,50,1,6,2,17:08,4,2,9
2023052300278,2023,052300278,1,1,1,1,67,10,3,0,0,0,0,0,19,6,E01007194,-1,0,0.09219,0.90781,-1,6,30,1,1,1,15:50,7,2,19
2023340NN3382,2023,340NN3382,1,1,1,1,37,7,3,0,0,0,0,0,19,2,E01027241,-1,0,0.10819,0.89181,-1,6,60,1,1,1,15:55,6,4,19
2023991388842,2023,991388842,2,3,2,2,52,8,2,0,0,1,0,0,9,9,-1,6,1,1.0,0.0,-1,6,60,1,6,2,16:40,6,3,9
2023421393210,2023,421393210,1,3,1,1,75,10,3,0,0,0,0,0,9,6,E01021435,3,1,0.0,1.0,-1,6,40,1,1,2,14:30,6,2,9
2023461318128,2023,461318128,1,2,1,1,47,8,2,0,0,0,0,0,9,-1,-1,7,1,1.0,0.0,-1,6,60,1,1,1,20:02,2,2,9
2023010485151,2023,010485151,1,1,1,1,30,6,3,0,0,0,0,0,3,3,E01000642,-1,0,0.0,1.0,-1,9,30,1,1,1,17:50,3,2,3
2023010426112,2023,010426112,1,1,3,1,33,6,3,9,9,0,0,0,0,2,E01003335,-1,0,0.0,1.0,-1,6,20,1,1,1,08:16,4,1,9