collision_index,collision_year,collision_ref_no,vehicle_reference,casualty_reference,casualty_class,sex_of_casualty,age_of_casualty,age_band_of_casualty,casualty_severity,pedestrian_location,pedestrian_movement,car_passenger,bus_or_coach_passenger,pedestrian_road_maintenance_worker,casualty_type,casualty_imd_decile,lsoa_of_casualty,enhanced_casualty_severity,casualty_injury_based,casualty_adjusted_severity_serious,casualty_adjusted_severity_slight,casualty_distance_banding,road_type,speed_limit,weather_conditions,light_conditions,road_surface_conditions,time,day_of_week,number_of_vehicles,vehicle_type
2023010444197,2023,010444197,1,1,3,1,39,7,3,8,1,0,0,0,0,3,E01003073,-1,0,0.0,1.0,-1,6,20,1,1,1,07:50,1,1,5
2023522300899,2023,522300899,1,1,3,1,72,10,2,9,9,0,0,0,0,7,E01014712,-1,0,1.0,0.0,-1,6,20,1,4,1,20:08,4,1,9
2023361371325,2023,361371325,2,1,1,1,53,8,3,0,0,0,0,0,19,5,E01026443,3,1,0.0,1.0,-1,6,60,2,6,2,17:00,2,2,19
2023131325026,2023,131325026,1,1,1,1,26,6,3,0,0,0,0,0,9,2,E01011854,3,1,0.0,1.0,-1,6,30,1,1,1,15:40,1,3,9
2023201368174,2023,201368174,2,2,2,1,22,5,3,0,0,1,0,0,9,1,E01033646,3,1,0.0,1.0,-1,6,30,1,4,1,01:25,1,2,9
2023221390242,2023,221390242,1,1,1,2,56,9,3,0,0,0,0,0,9,8,E01013996,3,1,0.0,1.0,-1,3,60,2,4,2,19:31,1,2,9
2023501356755,2023,501356755,1,5,2,1,34,6,2,0,0,2,0,0,9,4,E01018979,7,1,1.0,0.0,-1,6,60,1,1,1,05:50,4,2,9
2023041268495,2023,041268495,2,8,2,2,80,11,3,0,0,0,4,0,11,10,E01025258,3,1,0.0,1.0,-1,6,30,1,1,1,11:20,5,2,11
2023351318878,2023,351318878,2,1,1,1,53,8,3,0,0,0,0,0,9,3,E01017971,3,1,0.0,1.0,-1,3,70,1,6,1,22:40,7,3,9
2023542970223,2023,542970223,2,1,1,2,53,8,3,0,0,0,0,0,9,6,E01032117,-1,0,0.01734,0.98266,-1,6,60,1,1,1,07:36,2,3,9
2023061327575,2023,061327575,1,1,3,1,25,5,3,6,9,0,0,0,0,2,E01005274,3,1,0.0,1.0,-1,6,30,1,4,2,23:15,7,2,9
2023061386027,2023,061386027,1,1,3,1,69,10,2,9,9,0,0,0,0,8,E01006169,6,1,1.0,0.0,-1,1,30,1,1,2,14:55,1,3,9
2023430200947,2023,430200947,2,1,1,1,48,8,2,0,0,0,0,0,1,9,E01028535,-1,0,1.0,0.0,-1,6,20,1,1,1,07:10,3,2,1
2023440213290,2023,440213290,1,2,1,1,64,9,2,0,0,0,0,0,5,6,E01022940,-1,0,1.0,0.0,-1,6,30,1,1,1,06:41,3,1,5
2023010478697,2023,010478697,1,1,1,1,55,8,3,0,0,0,0,0,9,3,E01003235,-1,0,0.0,1.0,-1,6,20,2,7,2,17:50,6,2,9
2023401270951,2023,401270951,1,1,1,1,26,6,3,0,0,0,0,0,9,2,E01015727,3,1,0.0,1.0,-1,6,30,2,6,2,17:20,4,2,9
2023461381130,2023,461381130,2,1,2,2,47,8,3,0,0,1,0,0,9,6,E01002246,3,1,0.0,1.0,-1,3,70,1,4,1,23:25,7,2,9
202360A040695,2023,60A040695,1,1,1,1,21,5,3,0,0,0,0,0,9,-1,-1,-1,0,0.12356,0.87644,-1,6,60,1,1,4,08:57,3,1,9
2023010435111,2023,010435111,1,1,3,2,18,4,3,1,3,0,0,0,0,1,E01004757,-1,0,0.0,1.0,-1,6,20,2,4,2,22:25,5,1,9
2023061313308,2023,061313308,3,1,1,2,25,5,3,0,0,0,0,0,9,-1,-1,3,1,0.0,1.0,-1,3,60,1,1,-1,11:40,1,4,9
2023461358367,2023,461358367,1,4,2,1,18,4,3,0,0,2,0,0,9,5,E01024138,3,1,0.0,1.0,-1,3,60,2,6,2,21:29,3,1,9
2023610014423,2023,610014423,1,2,2,1,17,4,2,0,0,1,0,0,9,-1,-1,-1,0,1.0,0.0,-1,6,60,1,6,1,03:05,7,1,9
2023501399334,2023,501399334,2,1,1,1,-1,-1,3,0,0,0,0,0,20,5,E01020147,3,1,0.0,1.0,-1,6,30,1,1,1,08:32,6,2,20
2023320216307,2023,320216307,1,1,3,1,45,7,1,5,3,0,0,0,0,1,E01026083,-1,0,0.0,0.0,-1,6,60,1,1,1,08:39,3,1,21
2023010486025,2023,010486025,1,2,2,-1,-1,-1,3,0,0,1,0,0,9,2,E01002314,-1,0,0.0,1.0,-1,3,60,1,4,1,18:00,6,2,9
2023201413022,2023,201413022,1,1,1,1,36,7,2,0,0,0,0,0,9,2,E01009610,6,1,1.0,0.0,-1,6,30,1,1,1,14:52,4,2,9
2023440450543,2023,440450543,1,1,1,1,22,5,3,0,0,0,0,0,9,6,E01022907,-1,0,0.11049,0.88951,-1,6,30,1,4,1,21:19,6,4,9
2023552300065,2023,552300065,5,5,2,1,14,3,3,0,0,2,0,0,9,9,E01020399,-1,0,0.00914,0.99086,-1,6,30,4,1,2,15:36,5,6,9
2023522301446,2023,522301446,2,1,1,1,39,7,3,0,0,0,0,0,1,3,E01014569,-1,0,0.0754,0.9246,-1,2,30,1,1,1,08:43,5,2,1
2023010454287,2023,010454287,1,1,3,2,40,7,3,10,9,0,0,0,0,1,E01002854,-1,0,0.0,1.0,-1,2,20,8,1,1,18:30,6,1,1
2023052302723,2023,052302723,1,1,3,1,85,11,3,4,1,0,0,0,0,3,E01006876,-1,0,0.22552,0.77448,-1,2,30,1,1,2,08:45,3,1,9
2023010484004,2023,010484004,1,1,1,1,44,7,3,0,0,0,0,0,3,2,E01001722,-1,0,0.0,1.0,-1,1,20,1,1,1,14:12,5,2,3
2023351346798,2023,351346798,1,1,1,1,23,5,2,0,0,0,0,0,5,10,E01018248,7,1,1.0,0.0,-1,3,70,1,1,1,20:25,5,1,5
2023991354614,2023,991354614,1,1,2,2,90,11,2,0,0,2,0,0,9,-1,-1,6,1,1.0,0.0,-1,6,40,1,1,1,11:29,1,2,9
2023131375348,2023,131375348,2,1,2,2,34,6,3,0,0,0,4,0,11,1,E01011497,3,1,0.0,1.0,-1,6,20,1,1,1,15:00,3,2,11
2023631389995,2023,631389995,2,1,1,2,61,9,2,0,0,0,0,0,1,3,W01000654,7,1,1.0,0.0,-1,6,30,1,7,2,17:56,3,2,1
2023461364488,2023,461364488,2,1,1,1,21,5,3,0,0,0,0,0,5,5,E01024654,3,1,0.0,1.0,-1,3,40,1,1,1,11:00,7,2,5
2023122300252,2023,122300252,1,2,3,2,43,7,3,8,3,0,0,0,0,9,E01027663,-1,0,0.07527,0.92473,-1,6,30,1,6,1,21:50,3,1,9
2023131364866,2023,131364866,1,1,3,1,21,5,3,1,9,0,0,2,0,4,E01010877,3,1,0.0,1.0,-1,6,30,1,4,1,18:50,4,1,90
2023440245655,2023,440245655,1,1,3,2,12,3,2,5,3,0,0,0,0,10,E01022891,-1,0,1.0,0.0,-1,6,30,1,1,1,15:35,3,1,9
2023010419528,2023,010419528,1,1,1,2,35,6,3,0,0,0,0,0,9,4,E01002621,-1,0,0.0,1.0,-1,9,30,5,4,2,20:25,3,2,9
2023052302175,2023,052302175,2,1,1,1,29,6,3,0,0,0,0,0,9,5,E01006491,-1,0,0.01304,0.98696,-1,6,30,2,1,2,09:15,3,2,9
2023471295557,2023,471295557,2,1,1,2,21,5,3,0,0,0,0,0,9,3,E01016879,3,1,0.0,1.0,-1,6,20,2,4,2,19:38,3,2,9
2023061271659,2023,061271659,2,1,1,1,17,4,3,0,0,0,0,0,3,3,E01006014,3,1,0.0,1.0,-1,6,30,1,1,1,15:57,5,2,3
2023440113808,2023,440113808,2,1,1,1,48,8,3,0,0,0,0,0,3,9,E01023115,-1,0,0.1591,0.8409,-1,6,30,2,1,2,10:16,4,2,3
2023430020762,2023,430020762,1,1,1,2,18,4,3,0,0,0,0,0,9,3,E01017663,-1,0,0.03249,0.96751,-1,6,30,1,4,1,21:15,7,2,9
2023451303215,2023,451303215,2,3,2,2,30,6,3,0,0,2,0,0,9,2,E01002664,3,1,0.0,1.0,-1,3,70,1,4,1,01:55,4,2,9
2023461291312,2023,461291312,1,1,3,2,10,2,3,1,1,0,0,0,0,2,E01023973,3,1,0.0,1.0,-1,6,30,2,1,2,08:37,4,1,9
2023010438749,2023,010438749,1,1,1,1,38,7,3,0,0,0,0,0,9,2,E01002765,-1,0,0.0,1.0,-1,3,20,1,4,1,05:40,7,2,9
2023340NN2202,2023,340NN2202,2,1,1,1,20,4,3,0,0,0,0,0,9,5,E01027091,-1,0,0.0548,0.9452,-1,6,60,1,1,1,14:20,3,3,9
2023430240636,2023,430240636,1,1,1,2,72,10,3,0,0,0,0,0,9,-1,-1,-1,0,0.08809,0.91191,-1,6,30,1,1,1,14:32,5,3,9
2023451278064,2023,451278064,1,1,1,1,26,6,3,0,0,0,0,0,9,7,E01001026,3,1,0.0,1.0,-1,6,30,1,6,2,21:07,7,3,9
2023361387621,2023,361387621,1,1,1,1,44,7,3,0,0,0,0,0,1,1,E01026467,3,1,0.0,1.0,-1,6,30,1,1,1,12:00,6,2,1
2023471294072,2023,471294072,2,1,1,2,-1,-1,3,0,0,0,0,0,1,-1,-1,3,1,0.0,1.0,-1,6,20,1,1,1,18:05,3,2,1
2023440246904,2023,440246904,1,1,1,1,28,6,3,0,0,0,0,0,3,5,E01015296,-1,0,0.23614,0.76386,-1,6,60,1,1,1,13:55,4,2,3
2023411306627,2023,411306627,1,1,1,1,19,4,3,0,0,0,0,0,9,4,E01023870,3,1,0.0,1.0,-1,3,50,1,1,2,16:32,6,2,9
2023451375634,2023,451375634,1,1,1,1,29,6,3,0,0,0,0,0,9,8,E01030794,3,1,0.0,1.0,-1,6,40,2,1,2,15:40,5,2,9
2023461270503,2023,461270503,1,2,2,2,74,10,3,0,0,1,0,0,9,7,E01001125,3,1,0.0,1.0,-1,6,60,1,1,1,16:37,6,2,9
2023340WN6632,2023,340WN6632,2,1,1,1,22,5,3,0,0,0,0,0,1,3,E01027154,-1,0,0.05399,0.94601,-1,6,30,1,4,1,16:30,3,2,1
2023041302497,2023,041302497,1,1,1,1,17,4,3,0,0,0,0,0,9,8,E01025354,3,1,0.0,1.0,-1,6,30,1,1,1,18:21,1,1,9
2023131290709,2023,131290709,1,1,1,2,72,10,3,0,0,0,0,0,9,7,E01010911,3,1,0.0,1.0,-1,6,30,1,1,1,10:49,5,2,9
2023311301245,2023,311301245,1,1,1,2,51,8,3,0,0,0,0,0,9,-1,-1,3,1,0.0,1.0,-1,6,40,1,1,1,17:07,2,2,9
202360A113855,2023,60A113855,1,1,1,1,26,6,3,0,0,0,0,0,5,-1,-1,-1,0,0.20495,0.79505,-1,6,30,1,1,1,16:49,4,2,5
2023010449196,2023,010449196,1,1,1,1,40,7,3,0,0,0,0,0,3,8,E01000182,-1,0,0.0,1.0,-1,3,20,9,1,9,12:07,4,2,3
2023111288088,2023,111288088,1,1,3,1,66,10,2,5,3,0,0,0,0,3,E01020868,5,1,1.0,0.0,-1,6,30,1,1,1,12:23,6,1,11
2023010449405,2023,010449405,1,1,1,1,32,6,3,0,0,0,0,0,3,3,E01003296,-1,0,0.0,1.0,-1,6,20,1,1,1,07:50,5,2,3
2023131292773,2023,131292773,2,1,1,1,71,10,3,0,0,0,0,0,9,2,E01010619,3,1,0.0,1.0,-1,6,30,1,5,1,12:36,7,2,9
2023451311535,2023,451311535,1,1,1,2,51,8,3,0,0,0,0,0,9,9,E01030309,3,1,0.0,1.0,-1,6,30,1,1,1,18:43,5,2,9
2023451358275,2023,451358275,1,1,1,1,29,6,3,0,0,0,0,0,9,-1,-1,3,1,0.0,1.0,-1,3,70,1,4,1,17:35,1,3,9
2023610045623,2023,610045623,1,1,1,2,55,8,3,0,0,1,0,0,9,6,W01001472,-1,0,0.14286,0.85714,-1,3,50,1,1,1,16:11,5,1,9
2023010475146,2023,010475146,1,1,1,1,48,8,3,0,0,0,0,0,3,3,E01001446,-1,0,0.0,1.0,-1,6,20,1,1,1,12:15,3,2,3
2023161342151,2023,161342151,1,1,1,1,40,7,3,0,0,0,0,0,5,6,E01013309,3,1,0.0,1.0,-1,6,40,1,4,1,06:29,6,1,5
2023201313115,2023,201313115,2,2,1,1,20,4,3,0,0,0,0,0,9,4,E01010100,3,1,0.0,1.0,-1,6,30,1,1,1,20:53,1,2,9
2023461263662,2023,461263662,2,1,1,2,31,6,3,0,0,0,0,0,9,3,E01016047,3,1,0.0,1.0,-1,6,30,1,1,1,07:52,4,2,9
2023041393344,2023,041393344,1,1,1,2,33,6,2,0,0,0,0,0,9,6,E01025546,6,1,1.0,0.0,-1,6,50,1,1,2,11:07,7,4,9
2023302300749,2023,302300749,2,2,1,1,23,5,3,0,0,0,0,0,9,7,E01025952,-1,0,0.04804,0.95196,-1,6,30,1,1,1,20:45,5,2,9
2023340WN7352,2023,340WN7352,3,2,2,1,36,7,3,0,0,1,0,0,9,2,E01027241,-1,0,0.03334,0.96666,-1,3,70,1,6,2,17:10,4,5,9
2023061384612,2023,061384612,1,1,1,2,52,8,3,0,0,0,0,0,9,1,E01004946,3,1,0.0,1.0,-1,6,30,2,1,2,14:04,6,2,9
2023231273314,2023,231273314,1,1,1,2,26,6,3,0,0,0,0,0,9,1,E01009307,3,1,0.0,1.0,-1,6,50,1,1,2,16:15,5,2,9
2023440466423,2023,440466423,1,1,2,2,17,4,2,0,0,1,0,0,9,10,E01022571,-1,0,1.0,0.0,-1,6,60,1,6,2,21:26,3,1,9
2023541203023,2023,541203023,2,2,2,2,24,5,3,0,0,1,0,0,9,7,E01032699,-1,0,0.0133,0.9867,-1,6,60,1,6,2,18:53,5,2,9
2023010452458,2023,010452458,1,1,1,1,47,8,3,0,0,0,0,0,1,5,E01003307,-1,0,0.0,1.0,-1,2,20,1,1,1,06:40,2,2,1
2023010454653,2023,010454653,2,1,1,1,35,6,3,0,0,0,0,0,1,1,E01004273,-1,0,0.0,1.0,-1,6,20,1,1,1,17:52,3,2,1
2023451282926,2023,451282926,1,3,3,1,31,6,3,10,9,0,0,0,0,-1,-1,3,1,0.0,1.0,-1,6,40,1,4,1,04:00,7,1,9
2023430090425,2023,430090425,1,1,1,1,36,7,2,0,0,0,0,0,4,7,E01023351,-1,0,1.0,0.0,-1,6,40,1,4,1,21:08,2,2,4
2023010431864,2023,010431864,1,1,1,1,26,6,3,0,0,0,0,0,9,3,E01004747,-1,0,0.0,1.0,-1,6,20,2,4,2,22:50,1,1,9
2023520300608,2023,520300608,2,2,2,2,14,3,3,0,0,1,0,0,9,5,E01029259,-1,0,0.01969,0.98031,-1,6,40,1,4,4,21:25,2,2,9
2023010463693,2023,010463693,1,1,1,1,18,4,3,0,0,0,0,0,19,3,E01001504,-1,0,0.0,1.0,-1,6,20,1,4,2,20:40,7,2,19
2023401319433,2023,401319433,2,1,1,1,10,2,3,0,0,0,0,0,1,7,E01017446,3,1,0.0,1.0,-1,6,30,1,1,1,16:49,2,2,1
2023010435053,2023,010435053,1,1,1,2,22,5,3,0,0,0,0,0,9,6,E01004145,-1,0,0.0,1.0,-1,1,30,1,1,1,17:54,5,2,9
2023061380662,2023,061380662,2,3,2,1,24,5,3,0,0,1,0,0,9,-1,-1,3,1,0.0,1.0,-1,6,30,1,1,1,12:42,4,2,9
2023440300620,2023,440300620,2,1,1,2,37,7,2,0,0,0,0,0,9,10,E01022862,-1,0,1.0,0.0,-1,6,30,1,1,1,12:33,4,2,9
2023010470304,2023,010470304,1,1,1,1,39,7,3,0,0,0,0,0,9,3,E01001365,-1,0,0.0,1.0,-1,6,20,1,1,1,10:01,6,1,9
2023010474705,2023,010474705,1,1,1,2,30,6,3,0,0,0,0,0,9,-1,-1,-1,0,0.0,1.0,-1,6,20,8,1,2,15:39,1,2,9
2023010484205,2023,010484205,1,2,2,1,27,6,3,0,0,1,0,0,9,3,E01002133,-1,0,0.0,1.0,-1,6,30,8,4,1,16:20,6,2,9
2023010435770,2023,010435770,1,1,1,1,47,8,3,0,0,0,0,0,1,2,E01003540,-1,0,0.0,1.0,-1,9,30,1,1,1,15:30,2,2,1
2023332300231,2023,332300231,2,1,2,2,47,8,2,0,0,1,0,0,9,7,E01029491,-1,0,1.0,0.0,-1,3,60,1,4,1,20:10,7,2,9
2023440463408,2023,440463408,1,1,1,2,22,5,3,0,0,0,0,0,9,9,E01017061,-1,0,0.14372,0.85628,-1,3,70,2,6,2,04:22,2,1,9
2023221391004,2023,221391004,1,1,1,1,83,11,3,0,0,0,0,0,9,8,E01009736,3,1,0.0,1.0,-1,3,60,1,1,1,15:18,4,2,9
2023622300172,2023,622300172,2,2,1,2,50,8,3,0,0,0,0,0,9,2,W01001885,-1,0,0.0075,0.9925,-1,7,70,2,1,2,15:05,5,3,9
2023622300358,2023,622300358,2,4,2,2,31,6,3,0,0,1,0,0,9,6,W01000701,-1,0,0.02667,0.97333,-1,3,70,1,1,1,17:03,6,3,9
2023161369463,2023,161369463,1,1,3,1,14,3,3,1,9,0,0,2,0,2,E01012886,3,1,0.0,1.0,-1,3,30,1,4,1,21:15,5,1,9
2023010453457,2023,010453457,2,2,1,1,59,9,3,0,0,0,0,0,9,-1,-1,-1,0,0.0,1.0,-1,6,30,1,4,1,22:20,4,3,9
2023131354924,2023,131354924,2,3,2,2,23,5,2,0,0,2,0,0,9,8,E01011884,6,1,1.0,0.0,-1,6,60,1,1,2,17:20,4,2,9
2023010475047,2023,010475047,2,1,1,1,57,9,2,0,0,0,0,0,1,4,E01003332,-1,0,1.0,0.0,-1,1,30,1,1,2,09:30,3,2,1
2023061297156,2023,061297156,1,1,2,2,30,6,3,0,0,0,0,0,5,5,E01012620,3,1,0.0,1.0,-1,6,40,1,1,1,13:28,1,2,5
2023501293538,2023,501293538,1,1,3,2,37,7,2,5,1,0,0,0,0,5,E01020006,7,1,1.0,0.0,-1,1,30,1,4,1,18:05,3,1,9
2023131374841,2023,131374841,1,1,1,1,22,5,3,0,0,0,0,0,9,1,E01005485,3,1,0.0,1.0,-1,3,70,1,1,2,10:50,4,1,9
2023531366191,2023,531366191,1,1,1,2,63,9,3,0,0,0,0,0,9,7,E01022229,3,1,0.0,1.0,-1,6,60,1,1,1,15:20,2,1,9
2023010473321,2023,010473321,1,1,1,1,46,8,2,0,0,0,0,0,19,4,E01003743,-1,0,1.0,0.0,-1,6,50,1,1,2,15:53,6,1,19
2023440054182,2023,440054182,1,1,1,1,49,8,2,0,0,0,0,0,19,3,E01023091,-1,0,1.0,0.0,-1,6,50,1,4,1,17:30,4,3,19
2023010460932,2023,010460932,1,1,1,1,29,6,3,0,0,0,0,0,1,-1,-1,-1,0,0.0,1.0,-1,6,30,1,1,1,18:45,4,2,1
2023351314924,2023,351314924,2,1,1,1,37,7,2,0,0,0,0,0,3,8,E01018194,7,1,1.0,0.0,-1,1,30,1,1,1,08:26,3,2,3
2023052301203,2023,052301203,2,1,1,2,23,5,3,0,0,0,0,0,9,1,E01032508,-1,0,0.01764,0.98236,-1,6,30,1,1,1,20:00,4,2,9
2023052303065,2023,052303065,2,1,2,2,82,11,2,0,0,2,0,0,9,1,E01006604,-1,0,1.0,0.0,-1,6,40,2,1,2,12:23,6,2,9
2023201389131,2023,201389131,2,2,2,1,10,2,3,0,0,2,0,0,9,3,E01009790,3,1,0.0,1.0,-1,3,40,1,1,1,15:05,3,2,9
2023231286043,2023,231286043,3,2,1,1,62,9,3,0,0,0,0,0,9,10,E01025714,3,1,0.0,1.0,-1,3,70,2,6,2,22:05,7,4,9
2023010425110,2023,010425110,1,1,3,2,20,4,2,5,1,0,0,0,0,3,E01000195,-1,0,1.0,0.0,-1,6,20,1,1,1,12:12,6,1,19
2023461262082,2023,461262082,1,1,3,1,76,11,2,5,3,0,0,0,0,7,E01024637,7,1,1.0,0.0,-1,6,30,1,1,2,14:50,3,1,9
2023610016923,2023,610016923,1,1,1,1,35,6,3,0,0,0,0,0,19,9,W01001773,-1,0,0.1758,0.8242,-1,6,60,1,1,1,18:40,4,1,19
2023010461707,2023,010461707,1,2,3,2,28,6,3,7,9,0,0,0,0,-1,-1,-1,0,0.0,1.0,-1,6,30,1,1,1,13:19,2,1,9
2023461310457,2023,461310457,2,1,1,1,31,6,3,0,0,0,0,0,1,9,E01024853,3,1,0.0,1.0,-1,6,30,1,1,1,19:31,5,2,1
2023451322496,2023,451322496,2,2,2,2,56,9,3,0,0,1,0,0,9,10,E01030923,3,1,0.0,1.0,-1,6,60,1,1,1,11:10,1,2,9
2023061311138,2023,061311138,2,1,1,1,11,3,3,0,0,0,0,0,-1,2,E01005369,3,1,0.0,1.0,-1,6,30,1,1,1,17:02,4,2,-1
2023544330423,2023,544330423,1,1,3,2,60,9,3,5,1,0,0,0,0,6,E01032083,-1,0,0.13234,0.86766,-1,6,30,9,1,1,12:31,3,1,9
2023010476182,2023,010476182,1,1,1,1,29,6,3,0,0,0,0,0,3,9,E01002156,-1,0,0.0,1.0,-1,6,30,1,1,1,16:10,6,2,3
2023010486455,2023,010486455,1,1,1,1,58,9,3,0,0,0,0,0,4,3,E01002044,-1,0,0.0,1.0,-1,3,20,1,1,1,11:11,6,2,4
2023041332949,2023,041332949,2,2,1,1,42,7,3,0,0,0,0,0,9,10,E01007190,3,1,0.0,1.0,-1,1,50,1,1,1,19:30,2,2,9
2023041355566,2023,041355566,2,1,1,1,57,9,3,0,0,0,0,0,9,2,E01025285,3,1,0.0,1.0,-1,6,30,2,1,2,13:30,6,2,9
2023101323430,2023,101323430,2,1,1,2,28,6,2,0,0,0,0,0,9,1,E01008299,6,1,1.0,0.0,-1,1,30,1,1,1,14:30,1,2,9
2023122301038,2023,122301038,2,2,2,2,16,4,3,0,0,2,0,0,9,8,E01027750,-1,0,0.0232,0.9768,-1,6,30,8,1,2,14:16,7,2,9
2023421331315,2023,421331315,2,3,2,2,11,3,2,0,0,1,0,0,9,5,E01021518,7,1,1.0,0.0,-1,6,30,1,1,1,08:25,5,2,9
2023221355239,2023,221355239,1,1,1,2,21,5,3,0,0,0,0,0,9,5,E01014059,3,1,0.0,1.0,-1,6,60,1,1,1,08:30,6,2,9
2023311260919,2023,311260919,1,1,1,1,50,8,3,0,0,0,0,0,9,3,E01013944,3,1,0.0,1.0,-1,6,30,1,4,1,22:49,1,2,9
2023461289783,2023,461289783,2,2,1,1,50,8,3,0,0,0,0,0,9,9,E01016106,3,1,0.0,1.0,-1,3,70,1,6,1,18:09,7,2,9
2023010429981,2023,010429981,1,1,1,1,31,6,3,0,0,0,0,0,4,9,E01000382,-1,0,0.0,1.0,-1,6,30,1,1,1,07:20,5,2,4
2023010434920,2023,010434920,1,1,1,1,40,7,2,0,0,0,0,0,4,4,E01001150,-1,0,1.0,0.0,-1,6,20,1,1,1,14:50,4,2,4
2023461378052,2023,461378052,1,1,1,2,43,7,2,0,0,0,0,0,9,2,E01003299,7,1,1.0,0.0,-1,3,70,1,1,1,12:34,2,2,9
2023501353281,2023,501353281,1,2,2,1,5,1,3,0,0,2,0,0,9,-1,-1,3,1,0.0,1.0,-1,1,30,1,1,2,09:34,7,2,9
2023552301474,2023,552301474,1,1,1,1,31,6,3,0,0,0,0,0,9,6,E01020493,-1,0,0.09365,0.90635,-1,6,60,5,1,5,14:34,5,1,9
2023010479777,2023,010479777,1,1,3,2,21,5,3,4,4,0,0,0,0,7,E01002223,-1,0,0.0,1.0,-1,7,20,1,4,1,18:27,5,1,3
2023010430770,2023,010430770,2,1,1,1,14,3,3,0,0,0,0,0,1,2,E01001767,-1,0,0.0,1.0,-1,3,20,1,1,2,08:28,3,2,1
2023010458419,2023,010458419,2,1,1,1,29,6,3,0,0,0,0,0,1,5,E01004517,-1,0,0.0,1.0,-1,6,20,1,1,1,19:34,3,2,1
2023010465129,2023,010465129,1,1,1,1,27,6,3,0,0,0,0,0,3,2,E01016415,-1,0,0.0,1.0,-1,9,30,1,1,1,12:20,6,2,3
2023161343149,2023,161343149,1,2,2,1,8,2,3,0,0,1,0,0,9,5,E01013308,3,1,0.0,1.0,-1,3,50,1,1,1,06:30,5,2,9
2023440410297,2023,440410297,1,1,1,1,16,4,3,0,0,0,0,0,9,5,E01017055,-1,0,0.08237,0.91763,-1,6,30,1,1,1,13:44,7,3,9
2023451312315,2023,451312315,2,2,1,1,48,8,3,0,0,0,0,0,9,5,E01002119,3,1,0.0,1.0,-1,3,70,1,1,1,09:30,7,3,9
2023531280686,2023,531280686,1,1,1,2,50,8,2,0,0,0,0,0,9,7,E01022239,7,1,1.0,0.0,-1,6,30,1,6,2,00:35,2,1,9
2023430095211,2023,430095211,1,1,3,1,15,3,3,9,8,0,0,0,0,-1,-1,-1,0,0.10753,0.89247,-1,6,60,1,6,1,02:30,5,1,9
2023161271591,2023,161271591,1,2,1,1,61,9,3,0,0,0,0,0,9,7,E01012985,3,1,0.0,1.0,-1,1,30,4,1,1,10:45,5,2,9
2023471393567,2023,471393567,1,1,1,1,32,6,3,0,0,0,0,0,9,2,E01031361,3,1,0.0,1.0,-1,3,70,4,6,2,15:29,1,1,9
2023520400444,2023,520400444,2,2,2,2,89,11,3,0,0,1,0,0,9,7,E01029140,-1,0,0.11642,0.88358,-1,6,60,1,1,1,20:20,1,3,9
2023231316746,2023,231316746,1,1,3,1,13,3,3,5,1,0,0,0,0,-1,-1,3,1,0.0,1.0,-1,6,30,1,1,1,17:45,3,1,9
2023351323147,2023,351323147,1,1,1,2,18,4,3,0,0,0,0,0,3,10,E01018130,3,1,0.0,1.0,-1,6,40,1,1,1,14:55,1,1,3
2023332301220,2023,332301220,3,1,1,1,48,8,3,0,0,0,0,0,9,7,E01013669,-1,0,0.01284,0.98716,-1,3,50,2,4,2,06:15,7,3,9
2023361269826,2023,361269826,1,1,1,2,36,7,3,0,0,0,0,0,9,5,E01026481,3,1,0.0,1.0,-1,3,30,1,1,1,11:30,2,2,9
2023461328892,2023,461328892,2,1,2,1,57,9,3,0,0,-1,0,0,9,7,E01024709,3,1,0.0,1.0,-1,6,30,1,1,1,12:42,7,2,9
2023501298252,2023,501298252,2,1,1,1,76,11,3,0,0,0,0,0,9,6,E01020226,3,1,0.0,1.0,-1,7,50,2,1,2,08:01,4,2,9
2023421333405,2023,421333405,2,1,1,1,16,4,2,0,0,0,0,0,1,4,E01015853,7,1,1.0,0.0,-1,1,30,1,1,1,18:55,2,2,1
2023430474202,2023,430474202,2,1,1,2,22,5,3,0,0,0,0,0,1,-1,-1,-1,0,0.12549,0.87451,-1,6,20,1,1,1,16:06,7,2,1
2023052301469,2023,052301469,2,1,1,1,50,8,3,0,0,0,0,0,9,5,E01006268,-1,0,0.01706,0.98294,-1,6,30,1,1,1,07:30,3,2,9
2023440211331,2023,440211331,2,1,1,2,31,6,3,0,0,0,0,0,9,7,E01023271,-1,0,0.0238,0.9762,-1,6,40,1,1,1,12:10,1,2,9
2023320616900,2023,320616900,3,4,2,2,19,4,1,0,0,2,0,0,9,2,E01026094,-1,0,0.0,0.0,-1,6,60,1,1,1,15:24,4,3,9
2023501326913,2023,501326913,1,1,1,2,76,11,2,0,0,0,0,0,9,9,E01018796,7,1,1.0,0.0,-1,6,60,1,1,1,15:20,6,2,9
2023520300724,2023,520300724,1,1,1,2,70,10,3,0,0,0,0,0,9,5,E01029167,-1,0,0.00483,0.99517,-1,1,30,1,1,1,14:40,1,2,9
2023010428062,2023,010428062,1,1,1,1,15,3,3,0,0,0,0,0,1,6,E01004529,-1,0,0.0,1.0,-1,2,20,8,1,1,10:22,1,2,1
2023061345258,2023,061345258,1,1,1,1,46,8,3,0,0,0,0,0,9,1,E01004826,3,1,0.0,1.0,-1,3,30,1,1,1,17:19,5,2,9