collision_index,collision_year,collision_ref_no,vehicle_reference,casualty_reference,casualty_class,sex_of_casualty,age_of_casualty,age_band_of_casualty,casualty_severity,pedestrian_location,pedestrian_movement,car_passenger,bus_or_coach_passenger,pedestrian_road_maintenance_worker,casualty_type,casualty_imd_decile,lsoa_of_casualty,enhanced_casualty_severity,casualty_injury_based,casualty_adjusted_severity_serious,casualty_adjusted_severity_slight,casualty_distance_banding,road_type,speed_limit,weather_conditions,light_conditions,road_surface_conditions,time,day_of_week,number_of_vehicles,vehicle_type
2023131389183,2023,131389183,2,1,1,1,31,6,2,0,0,0,0,0,9,1,E01010701,7,1,1.0,0.0,-1,3,70,8,6,2,18:02,7,3,9
2023421341222,2023,421341222,1,1,1,2,43,7,3,0,0,0,0,0,9,3,E01004432,3,1,0.0,1.0,-1,7,50,1,1,1,15:01,1,2,9
2023010451365,2023,010451365,1,1,1,1,25,5,3,0,0,0,0,0,9,3,E01033709,-1,0,0.0,1.0,-1,6,30,1,4,1,03:35,7,2,9
2023101270549,2023,101270549,2,1,1,1,56,9,3,0,0,0,0,0,9,4,E01008659,3,1,0.0,1.0,-1,6,20,1,1,1,14:30,7,2,9
2023401356096,2023,401356096,1,1,1,1,47,8,2,0,0,0,0,0,97,7,E01017437,6,1,1.0,0.0,-1,1,60,1,1,1,16:00,1,3,97
2023010422372,2023,010422372,2,1,1,1,52,8,3,0,0,0,0,0,1,1,E01002094,-1,0,0.0,1.0,-1,6,20,8,4,4,21:45,5,2,1
2023052301885,2023,052301885,1,1,1,1,18,4,3,0,0,0,0,0,1,1,E01006760,-1,0,0.17349,0.82651,-1,2,30,1,1,1,21:00,4,1,1
2023201416404,2023,201416404,1,1,1,1,16,4,3,0,0,0,0,0,1,2,E01010442,3,1,0.0,1.0,-1,6,30,2,4,2,16:36,5,2,1
2023421369500,2023,421369500,1,2,2,1,8,2,2,0,0,2,0,0,9,-1,-1,6,1,1.0,0.0,-1,3,40,1,1,2,15:33,4,3,9
2023451343486,2023,451343486,2,3,2,1,13,3,3,0,0,1,0,0,9,8,E01030908,3,1,0.0,1.0,-1,6,40,1,6,1,17:20,7,2,9
2023131314572,2023,131314572,2,1,1,1,54,8,3,0,0,0,0,0,9,4,E01007344,3,1,0.0,1.0,-1,6,30,1,1,1,15:02,7,2,9
2023201413872,2023,201413872,2,1,1,2,-1,-1,3,0,0,0,0,0,9,1,E01009311,3,1,0.0,1.0,-1,6,30,1,1,1,17:11,7,2,9
2023471283126,2023,471283126,1,1,1,1,27,6,3,0,0,0,0,0,9,5,E01031501,3,1,0.0,1.0,-1,6,30,1,6,1,18:55,7,2,9
2023052300075,2023,052300075,1,1,3,1,51,8,2,10,9,0,0,0,0,8,E01007082,-1,0,1.0,0.0,-1,6,20,1,1,2,10:15,2,2,90
2023010422937,2023,010422937,1,2,2,-1,-1,-1,3,0,0,2,0,0,9,2,E01004237,-1,0,0.0,1.0,-1,7,20,1,1,1,13:50,3,1,9
2023052302815,2023,052302815,1,1,1,1,49,8,2,0,0,0,0,0,-1,7,E01006539,-1,0,1.0,0.0,-1,6,30,1,4,1,20:40,6,1,-1
2023631323361,2023,631323361,1,1,3,2,15,3,2,5,1,0,0,0,0,6,W01000496,7,1,1.0,0.0,-1,6,60,1,1,1,17:40,3,1,9
2023361370724,2023,361370724,2,1,1,2,46,8,3,0,0,0,0,0,1,2,E01026791,3,1,0.0,1.0,-1,6,30,1,4,2,19:45,7,2,1
2023421311587,2023,421311587,1,1,1,1,56,9,2,0,0,0,0,0,9,3,E01021490,7,1,1.0,0.0,-1,6,30,1,1,1,20:55,5,1,9
2023461323190,2023,461323190,2,1,1,1,33,6,3,0,0,0,0,0,9,7,E01024141,3,1,0.0,1.0,-1,6,60,1,1,1,17:08,5,2,9
2023010440517,2023,010440517,1,1,3,2,49,8,3,5,3,0,0,0,0,7,E01001890,-1,0,0.0,1.0,-1,6,20,1,1,1,13:34,2,1,9
2023522301767,2023,522301767,1,1,1,2,27,6,3,0,0,0,0,0,9,6,E01032078,-1,0,0.00422,0.99578,-1,1,30,2,1,2,19:10,1,2,9
2023061375144,2023,061375144,1,2,2,2,18,4,3,0,0,2,0,0,9,1,E01006336,3,1,0.0,1.0,-1,6,30,1,4,1,05:50,7,3,9
2023201292067,2023,201292067,1,3,2,2,52,8,3,0,0,1,0,0,9,1,E01010292,3,1,0.0,1.0,-1,3,30,1,1,1,16:07,2,2,9
2023461294726,2023,461294726,2,1,2,2,46,8,3,0,0,1,0,0,9,7,E01024689,3,1,0.0,1.0,-1,6,50,2,1,2,15:01,6,2,9
2023440113675,2023,440113675,2,1,1,1,53,8,2,0,0,0,0,0,1,4,E01017074,-1,0,1.0,0.0,-1,6,20,2,1,2,08:33,4,2,1
2023041263623,2023,041263623,1,1,1,1,18,4,2,0,0,0,0,0,9,2,E01024881,7,1,1.0,0.0,-1,6,60,1,6,1,23:00,1,1,9
2023061273074,2023,061273074,2,1,1,1,69,10,3,0,0,0,0,0,9,4,E01005853,3,1,0.0,1.0,-1,3,30,9,1,-1,16:15,5,2,9
2023421306861,2023,421306861,1,1,1,2,27,6,3,0,0,0,0,0,9,10,E01021452,3,1,0.0,1.0,-1,3,70,1,1,1,07:33,6,2,9
2023440361795,2023,440361795,1,2,2,1,78,11,3,0,0,1,0,0,9,8,E01016956,-1,0,0.13329,0.86671,-1,6,60,1,6,1,06:20,4,2,9
2023991339598,2023,991339598,2,1,1,1,49,8,3,0,0,0,0,0,9,2,-1,3,1,0.0,1.0,-1,6,30,1,1,1,18:40,1,2,9
2023411379454,2023,411379454,2,1,1,1,18,4,3,0,0,0,0,0,19,10,E01022553,3,1,0.0,1.0,-1,3,70,1,1,1,07:00,6,3,19
2023421384847,2023,421384847,1,1,1,1,71,10,3,0,0,0,0,0,19,4,E01021849,3,1,0.0,1.0,-1,6,40,1,4,1,17:52,7,2,19
2023371291374,2023,371291374,2,2,1,2,21,5,3,0,0,0,0,0,9,9,E01021740,3,1,0.0,1.0,-1,3,70,2,1,2,12:00,3,3,9
2023122301307,2023,122301307,1,1,1,1,47,8,3,0,0,0,0,0,19,7,E01013406,-1,0,0.01428,0.98572,-1,6,30,1,1,1,07:45,4,2,19
2023010448598,2023,010448598,1,1,1,2,41,7,3,0,0,0,0,0,1,4,E01001355,-1,0,0.0,1.0,-1,9,20,8,1,1,17:00,5,2,1
2023201295705,2023,201295705,2,1,1,1,36,7,3,0,0,0,0,0,3,-1,-1,3,1,0.0,1.0,-1,6,30,1,4,1,20:36,1,2,3
2023471301505,2023,471301505,2,1,1,1,44,7,3,0,0,0,0,0,5,5,E01021064,3,1,0.0,1.0,-1,6,40,1,1,1,17:10,3,2,5
2023131344700,2023,131344700,1,1,2,1,7,2,3,0,0,2,0,0,9,8,E01010672,3,1,0.0,1.0,-1,6,30,2,1,2,19:12,7,2,9
2023411291617,2023,411291617,2,2,1,2,23,5,3,0,0,0,0,0,9,3,E01015728,3,1,0.0,1.0,-1,1,30,1,4,1,17:50,2,2,9
2023991288740,2023,991288740,1,2,2,1,44,7,2,0,0,0,0,0,19,6,-1,5,1,1.0,0.0,-1,6,60,8,1,2,15:40,2,3,19
2023411283563,2023,411283563,2,1,1,1,50,8,3,0,0,0,0,0,1,10,E01023691,3,1,0.0,1.0,-1,6,30,1,4,1,23:58,7,2,1
2023440042815,2023,440042815,1,1,1,1,22,5,3,0,0,0,0,0,3,10,E01023238,-1,0,0.18463,0.81537,-1,6,60,1,6,1,20:58,3,2,3
2023131270392,2023,131270392,2,1,1,2,52,8,3,0,0,0,0,0,9,8,E01011244,3,1,0.0,1.0,-1,6,30,1,4,1,17:15,1,2,9
2023401394705,2023,401394705,2,2,1,1,73,10,3,0,0,0,0,0,9,9,E01017422,3,1,0.0,1.0,-1,6,30,1,4,2,20:09,5,2,9
2023010469431,2023,010469431,1,1,2,2,57,9,3,0,0,0,3,0,11,2,E01003983,-1,0,0.0,1.0,-1,2,30,1,1,1,07:55,2,2,11
2023061298203,2023,061298203,2,2,2,1,30,6,3,0,0,1,0,0,9,-1,-1,3,1,0.0,1.0,-1,3,30,8,1,1,13:40,5,2,9
2023231358764,2023,231358764,2,1,1,1,43,7,3,0,0,0,0,0,9,10,E01017885,3,1,0.0,1.0,-1,6,30,1,1,1,14:32,4,2,9
2023440389211,2023,440389211,1,1,1,1,18,4,3,0,0,0,0,0,9,7,E01023179,-1,0,0.13915,0.86085,-1,6,60,1,6,1,22:05,7,1,9
2023461282373,2023,461282373,2,2,1,1,30,6,3,0,0,0,0,0,9,4,E01024377,3,1,0.0,1.0,-1,6,50,1,6,1,20:45,1,2,9
2023531381859,2023,531381859,2,1,1,1,63,9,3,0,0,0,0,0,9,10,E01022197,3,1,0.0,1.0,-1,3,70,1,6,2,17:40,5,2,9
2023170S30033,2023,170S30033,2,1,1,1,45,7,3,0,0,0,0,0,9,4,E01012240,-1,0,0.01767,0.98233,-1,6,30,1,1,1,10:40,5,3,9
2023451296681,2023,451296681,1,1,1,1,54,8,3,0,0,0,0,0,9,5,E01030814,3,1,0.0,1.0,-1,6,40,2,1,2,10:09,6,2,9
2023070673615,2023,070673615,2,1,2,2,67,10,3,0,0,2,0,0,9,1,E01006432,-1,0,0.01269,0.98731,-1,1,30,1,1,2,11:29,3,2,9
2023471344724,2023,471344724,2,1,1,1,36,7,3,0,0,0,0,0,3,5,E01000747,3,1,0.0,1.0,-1,6,30,9,1,1,13:21,1,2,3
2023010472532,2023,010472532,1,1,1,1,54,8,3,0,0,0,0,0,9,1,E01004288,-1,0,0.0,1.0,-1,1,30,8,4,1,03:45,3,2,9
2023122300071,2023,122300071,2,2,1,1,41,7,3,0,0,0,0,0,19,7,E01013020,-1,0,0.03309,0.96691,-1,6,40,1,1,1,09:00,4,2,19
2023461341319,2023,461341319,2,2,1,1,45,7,3,0,0,0,0,0,19,3,E01001668,3,1,0.0,1.0,-1,3,70,1,1,1,07:40,4,2,19
2023010441135,2023,010441135,1,1,3,2,4,1,2,10,9,0,0,0,0,2,E01003175,-1,0,1.0,0.0,-1,6,30,8,1,1,15:17,5,1,9
2023010453504,2023,010453504,1,1,1,2,46,8,3,0,0,0,0,0,9,8,E01003404,-1,0,0.0,1.0,-1,6,20,1,1,1,09:54,5,1,9
2023141294130,2023,141294130,2,2,1,2,41,7,3,0,0,0,0,0,9,2,E01007340,3,1,0.0,1.0,-1,6,60,2,6,2,17:50,4,4,9
2023221369868,2023,221369868,1,1,1,1,34,6,3,0,0,0,0,0,9,8,E01028833,3,1,0.0,1.0,-1,6,60,1,1,2,07:19,3,2,9
2023421394978,2023,421394978,1,2,1,1,18,4,3,0,0,0,0,0,9,8,E01021482,3,1,0.0,1.0,-1,6,30,1,1,1,09:48,7,2,9
2023501367296,2023,501367296,2,2,2,1,13,3,3,0,0,1,0,0,9,5,E01018847,3,1,0.0,1.0,-1,3,70,5,1,2,16:15,6,2,9
2023401363758,2023,401363758,2,1,1,1,43,7,2,0,0,0,0,0,3,-1,-1,6,1,1.0,0.0,-1,6,30,1,1,1,16:37,1,3,3
2023131393095,2023,131393095,2,1,1,2,39,7,3,0,0,0,0,0,9,1,E01011735,3,1,0.0,1.0,-1,6,30,1,1,1,12:35,6,2,9
2023201298947,2023,201298947,2,2,1,1,79,11,3,0,0,0,0,0,9,7,E01009208,3,1,0.0,1.0,-1,6,30,1,1,2,15:08,5,2,9
2023201317647,2023,201317647,1,1,1,1,41,7,3,0,0,0,0,0,9,2,E01010562,3,1,0.0,1.0,-1,6,30,1,1,1,18:15,1,2,9
2023010440113,2023,010440113,1,2,2,1,43,7,3,0,0,0,3,0,11,2,E01003993,-1,0,0.0,1.0,-1,3,20,1,1,1,04:15,7,2,11
2023041275741,2023,041275741,1,1,1,1,80,11,2,0,0,0,0,0,1,5,E01025483,6,1,1.0,0.0,-1,3,50,1,1,1,12:00,2,1,1
2023010473039,2023,010473039,1,1,1,2,24,5,3,0,0,0,0,0,3,3,E01032581,-1,0,0.0,1.0,-1,9,30,9,1,9,15:00,4,2,3
2023010432633,2023,010432633,1,1,2,2,48,8,3,0,0,2,0,0,8,3,E01003520,-1,0,0.0,1.0,-1,6,30,1,1,1,07:10,2,1,8
2023010468438,2023,010468438,1,1,1,2,44,7,3,0,0,0,0,0,9,1,E01000643,-1,0,0.0,1.0,-1,6,20,8,1,1,17:00,3,2,9
2023122300582,2023,122300582,1,2,2,2,72,10,3,0,0,1,0,0,9,9,E01028751,-1,0,0.08242,0.91758,-1,6,60,1,1,1,13:15,1,2,9
2023131298095,2023,131298095,2,2,2,1,1,1,3,0,0,2,0,0,9,3,E01011936,3,1,0.0,1.0,-1,3,70,1,1,1,13:27,2,3,9
2023430292425,2023,430292425,2,2,2,1,30,6,3,0,0,1,0,0,9,3,E01015738,-1,0,0.06059,0.93941,-1,6,60,1,1,1,19:26,1,2,9
2023332300308,2023,332300308,1,2,2,2,52,8,3,0,0,1,0,0,9,-1,-1,-1,0,0.05356,0.94644,-1,6,40,1,1,1,09:47,3,1,9
2023440526722,2023,440526722,1,1,1,2,56,9,3,0,0,0,0,0,9,10,E01032850,-1,0,0.13024,0.86976,-1,6,60,4,1,2,11:45,4,2,9
2023010457614,2023,010457614,1,1,1,2,44,7,3,0,0,0,0,0,9,3,E01000638,-1,0,0.0,1.0,-1,9,20,8,1,2,20:45,5,2,9
2023461267509,2023,461267509,2,4,1,2,28,6,3,0,0,0,0,0,9,9,E01024006,3,1,0.0,1.0,-1,6,40,1,1,2,09:59,5,2,9
2023461396730,2023,461396730,1,2,2,2,66,10,3,0,0,2,0,0,9,2,E01024028,3,1,0.0,1.0,-1,3,70,1,5,2,18:09,6,1,9
2023471370020,2023,471370020,2,1,1,2,36,7,3,0,0,0,0,0,9,10,E01021194,3,1,0.0,1.0,-1,6,30,1,5,2,17:42,5,2,9
2023010450289,2023,010450289,2,2,1,1,56,9,3,0,0,0,0,0,90,5,E01001646,-1,0,0.0,1.0,-1,6,20,1,1,1,13:46,3,2,90
2023010427878,2023,010427878,1,1,3,2,18,4,3,1,1,0,0,0,0,1,E01000596,-1,0,0.0,1.0,-1,6,30,1,1,1,14:25,7,1,9
202360A120481,2023,60A120481,1,1,3,2,14,3,3,9,8,0,0,0,0,-1,-1,-1,0,0.10403,0.89597,-1,6,30,1,1,1,14:23,1,2,9
2023010459686,2023,010459686,1,1,1,2,69,10,3,0,0,0,0,0,9,7,E01003675,-1,0,0.0,1.0,-1,6,30,1,1,1,13:10,4,1,9
2023041271999,2023,041271999,2,1,1,2,50,8,3,0,0,0,0,0,9,6,E01025608,3,1,0.0,1.0,-1,6,30,1,1,1,11:30,3,3,9
2023010431137,2023,010431137,1,1,3,2,24,5,2,4,1,0,0,0,0,2,E01004240,-1,0,1.0,0.0,-1,3,20,2,4,2,04:30,5,1,9
2023131365589,2023,131365589,2,1,1,1,45,7,3,0,0,0,0,0,1,1,E01011429,3,1,0.0,1.0,-1,6,30,1,4,1,21:05,7,2,1
2023211314270,2023,211314270,1,1,1,1,-1,-1,2,0,0,0,0,0,9,8,E01029713,7,1,1.0,0.0,-1,6,60,1,1,1,17:32,3,2,9
2023471287590,2023,471287590,1,2,1,1,45,7,3,0,0,0,0,0,9,6,E01024847,3,1,0.0,1.0,-1,6,30,2,1,2,15:40,4,2,9
2023211278194,2023,211278194,1,1,3,2,39,7,3,6,9,0,0,0,0,4,E01029552,3,1,0.0,1.0,-1,6,30,1,1,1,14:45,4,1,9
2023010459712,2023,010459712,1,1,1,-1,35,6,3,0,0,0,0,0,3,3,E01002048,-1,0,0.0,1.0,-1,6,20,9,7,9,19:50,3,2,3
2023430220022,2023,430220022,2,1,1,1,30,6,3,0,0,0,0,0,5,-1,-1,-1,0,0.05044,0.94956,-1,1,30,1,1,1,19:00,6,2,5
2023010486108,2023,010486108,2,1,2,1,75,10,3,0,0,2,0,0,9,2,E01003197,-1,0,0.0,1.0,-1,6,20,1,4,2,07:40,4,2,9
2023320282863,2023,320282863,1,1,1,2,24,5,3,0,0,0,0,0,9,7,E01026188,-1,0,0.09225,0.90775,-1,6,60,1,1,1,13:17,4,1,9
2023451303699,2023,451303699,1,1,1,2,25,5,3,0,0,0,0,0,9,4,E01030551,3,1,0.0,1.0,-1,6,30,1,1,1,15:00,3,2,9
2023440351595,2023,440351595,1,1,1,1,26,6,2,0,0,0,0,0,-1,6,E01016332,-1,0,1.0,0.0,-1,6,20,1,1,1,17:37,4,1,-1
2023010431893,2023,010431893,1,1,3,-1,60,9,2,10,9,0,0,0,0,6,E01003378,-1,0,1.0,0.0,-1,6,30,1,1,1,07:35,2,1,9
2023221326409,2023,221326409,1,1,1,2,28,6,2,0,0,0,0,0,9,7,E01014070,6,1,1.0,0.0,-1,6,60,1,6,1,02:30,5,1,9
2023302301910,2023,302301910,2,1,1,2,40,7,3,0,0,0,0,0,9,7,E01029463,-1,0,0.04598,0.95402,-1,6,40,2,4,2,18:50,7,2,9
2023430222395,2023,430222395,2,2,1,2,57,9,3,0,0,0,0,0,9,10,E01016335,-1,0,0.01897,0.98103,-1,6,30,1,1,1,13:00,1,3,9
2023461317461,2023,461317461,2,2,1,2,35,6,3,0,0,0,0,0,9,3,E01024222,3,1,0.0,1.0,-1,3,50,1,1,1,17:00,2,3,9
2023471334734,2023,471334734,3,2,1,1,76,11,3,0,0,0,0,0,9,4,E01016130,3,1,0.0,1.0,-1,3,50,1,1,1,17:30,7,3,9
2023122300172,2023,122300172,2,2,1,1,42,7,3,0,0,0,0,0,19,6,E01013398,-1,0,0.01566,0.98434,-1,1,30,2,1,2,12:34,4,2,19
2023991298783,2023,991298783,1,1,3,2,81,11,2,10,1,0,0,2,0,-1,-1,7,1,1.0,0.0,-1,6,30,1,1,1,10:25,4,1,9
2023440258133,2023,440258133,2,1,1,1,59,9,2,0,0,0,0,0,1,4,E01017028,-1,0,1.0,0.0,-1,6,30,1,1,1,12:34,4,2,1
2023501284704,2023,501284704,2,1,1,1,20,4,3,0,0,0,0,0,2,3,E01015061,3,1,0.0,1.0,-1,6,30,1,4,2,00:10,5,2,2
2023221259928,2023,221259928,2,1,1,2,59,9,2,0,0,0,0,0,9,8,E01029680,5,1,1.0,0.0,-1,6,60,1,6,2,16:40,3,2,9
2023361338644,2023,361338644,1,1,1,1,31,6,3,0,0,0,0,0,9,3,E01026455,3,1,0.0,1.0,-1,6,60,1,1,2,13:13,1,1,9
2023471345657,2023,471345657,1,1,1,1,20,4,3,0,0,0,0,0,9,-1,-1,3,1,0.0,1.0,-1,6,60,2,6,2,22:39,6,2,9
2023010456109,2023,010456109,1,2,2,1,31,6,3,0,0,1,0,0,9,2,E01004295,-1,0,0.0,1.0,-1,3,30,1,1,1,13:33,4,2,9
2023071301026,2023,071301026,2,2,1,1,31,6,3,0,0,0,0,0,9,9,E01018691,-1,0,0.02882,0.97118,-1,3,70,4,1,2,13:51,5,2,9
2023991282509,2023,991282509,2,2,1,2,27,6,2,0,0,0,0,0,9,7,-1,6,1,1.0,0.0,-1,6,30,1,1,1,08:31,5,2,9
2023461275646,2023,461275646,1,1,1,1,18,4,3,0,0,0,0,0,9,7,E01024793,3,1,0.0,1.0,-1,3,70,1,1,1,13:28,4,2,9
2023549369123,2023,549369123,2,3,2,2,19,4,3,0,0,1,0,0,9,7,E01031961,-1,0,0.02866,0.97134,-1,1,40,1,1,1,19:01,3,2,9
2023991382990,2023,991382990,1,2,2,2,29,6,2,0,0,1,0,0,9,10,-1,7,1,1.0,0.0,-1,3,30,1,1,2,14:40,3,2,9
2023122300457,2023,122300457,1,1,1,1,39,7,2,0,0,0,0,0,19,6,E01003429,-1,0,1.0,0.0,-1,6,60,1,1,1,08:23,2,2,19
2023361351693,2023,361351693,2,2,1,1,25,5,2,0,0,0,0,0,19,3,E01018066,7,1,1.0,0.0,-1,1,60,1,1,1,06:35,5,4,19
2023031389695,2023,031389695,1,1,3,1,81,11,2,1,3,0,0,0,0,5,E01019286,5,1,1.0,0.0,-1,6,40,2,4,2,07:59,2,1,5
2023141373697,2023,141373697,1,1,3,1,18,4,3,5,1,0,0,0,0,7,E01029574,3,1,0.0,1.0,-1,6,30,2,4,2,18:37,1,1,9
2023201291653,2023,201291653,1,1,3,1,21,5,3,4,1,0,0,2,0,2,E01009635,3,1,0.0,1.0,-1,6,30,2,4,2,18:49,2,1,9
2023471270542,2023,471270542,2,1,1,1,37,7,3,0,0,0,0,0,1,9,E01031489,3,1,0.0,1.0,-1,1,30,1,1,1,14:15,1,2,1
2023401275913,2023,401275913,1,1,2,2,41,7,3,0,0,2,0,0,9,2,E01013202,3,1,0.0,1.0,-1,6,30,1,4,1,03:44,4,3,9
2023041350917,2023,041350917,4,1,2,2,77,11,3,0,0,0,4,0,11,9,E01025491,3,1,0.0,1.0,-1,6,30,1,1,1,13:39,1,4,11
2023520300610,2023,520300610,2,65,2,1,24,5,3,0,0,0,4,0,11,7,W01000556,-1,0,0.05398,0.94602,-1,6,40,1,6,4,06:00,3,3,11
2023201373618,2023,201373618,1,1,2,2,22,5,3,0,0,1,0,0,9,1,E01009274,3,1,0.0,1.0,-1,6,30,1,1,1,20:01,1,1,9
2023010425456,2023,010425456,1,3,2,-1,-1,-1,3,0,0,1,0,0,9,6,E01033463,-1,0,0.0,1.0,-1,6,20,1,1,1,11:33,1,2,9
2023161310720,2023,161310720,1,2,2,1,46,8,3,0,0,1,0,0,9,1,E01013296,3,1,0.0,1.0,-1,1,40,1,1,1,17:05,3,2,9
2023401352796,2023,401352796,2,1,1,2,42,7,3,0,0,0,0,0,9,4,E01017570,3,1,0.0,1.0,-1,3,70,1,1,-1,06:37,5,2,9
2023552300558,2023,552300558,2,1,1,1,50,8,3,0,0,0,0,0,9,7,E01020511,-1,0,0.06947,0.93053,-1,6,60,1,1,1,17:50,3,2,9
2023061279083,2023,061279083,2,1,1,1,49,8,3,0,0,0,0,0,1,5,E01005728,3,1,0.0,1.0,-1,6,30,1,1,1,17:10,2,2,1
2023131297056,2023,131297056,1,1,1,1,33,6,2,0,0,0,0,0,1,2,E01011284,7,1,1.0,0.0,-1,6,20,1,1,1,16:00,7,2,1
202354D309523,2023,54D309523,2,1,1,1,14,3,3,0,0,0,0,0,1,4,E01031925,-1,0,0.10897,0.89103,-1,6,30,1,4,5,17:20,6,2,1
2023622300807,2023,622300807,2,2,1,1,29,6,3,0,0,0,0,0,19,8,W01000892,-1,0,0.02535,0.97465,-1,6,30,1,1,1,09:35,5,2,19
2023010436470,2023,010436470,1,1,1,1,32,6,3,0,0,0,0,0,3,5,E01003140,-1,0,0.0,1.0,-1,6,20,1,1,1,11:35,7,2,3
2023052301811,2023,052301811,1,1,3,2,13,3,3,5,2,0,0,0,0,9,E01006841,-1,0,0.17129,0.82871,-1,6,30,1,1,1,16:45,3,1,9
2023320028750,2023,320028750,1,1,3,2,17,4,3,10,5,0,0,0,0,1,E01026010,-1,0,0.07608,0.92392,-1,6,30,1,1,1,11:33,1,1,9
2023010459355,2023,010459355,1,1,1,1,37,7,2,0,0,0,0,0,1,7,E01002474,-1,0,1.0,0.0,-1,9,20,8,1,1,09:30,2,2,1
2023440414301,2023,440414301,1,1,1,2,29,6,2,0,0,0,0,0,3,2,E01017169,-1,0,1.0,0.0,-1,6,30,1,1,1,07:50,3,2,3
2023010478817,2023,010478817,1,1,1,2,58,9,3,0,0,0,0,0,9,9,E01032043,-1,0,0.0,1.0,-1,3,40,8,4,2,17:00,7,2,9
2023361340778,2023,361340778,1,1,1,2,73,10,3,0,0,0,0,0,9,6,E01026863,3,1,0.0,1.0,-1,6,30,1,1,1,16:50,6,2,9
2023991343146,2023,991343146,1,1,1,1,58,9,3,0,0,0,0,0,19,-1,-1,3,1,0.0,1.0,-1,6,60,1,1,1,08:30,6,2,19
2023430499815,2023,430499815,1,1,3,1,30,6,2,5,3,0,0,0,0,5,E01032726,-1,0,1.0,0.0,-1,6,30,1,4,1,19:27,2,1,9
2023010446782,2023,010446782,2,1,1,1,53,8,3,0,0,0,0,0,9,5,E01024478,-1,0,0.0,1.0,-1,6,30,1,1,1,18:40,7,3,9
2023071021849,2023,071021849,1,1,1,2,47,8,3,0,0,0,0,0,9,8,E01012557,-1,0,0.13913,0.86087,-1,6,40,4,4,1,21:40,3,1,9
2023501322962,2023,501322962,1,1,1,1,53,8,3,0,0,0,0,0,9,4,E01018758,3,1,0.0,1.0,-1,6,40,1,1,1,16:47,2,2,9
2023631313482,2023,631313482,1,1,1,2,17,4,3,0,0,0,0,0,9,7,W01000507,3,1,0.0,1.0,-1,6,60,1,6,1,16:50,4,3,9
2023131348228,2023,131348228,1,1,1,2,19,4,3,0,0,0,0,0,9,8,E01011185,3,1,0.0,1.0,-1,6,30,1,4,1,03:13,2,1,9
2023361362914,2023,361362914,2,1,1,1,21,5,2,0,0,0,0,0,9,6,E01026722,7,1,1.0,0.0,-1,6,40,1,4,2,17:32,7,2,9
2023041366186,2023,041366186,2,1,1,1,41,7,3,0,0,0,0,0,9,1,E01012641,3,1,0.0,1.0,-1,6,30,1,4,1,19:55,7,2,9
2023201279054,2023,201279054,2,1,1,1,37,7,3,0,0,0,0,0,9,-1,-1,3,1,0.0,1.0,-1,6,30,1,1,1,15:30,1,2,9
2023411363265,2023,411363265,1,1,1,2,46,8,3,0,0,0,0,0,9,3,E01023640,3,1,0.0,1.0,-1,9,20,8,1,1,13:50,1,1,9
2023311299965,2023,311299965,1,1,1,1,54,8,3,0,0,0,0,0,3,8,E01028348,3,1,0.0,1.0,-1,6,30,1,1,1,10:56,7,2,3
2023546427023,2023,546427023,1,1,1,1,23,5,2,0,0,0,0,0,3,4,E01015492,-1,0,1.0,0.0,-1,1,30,1,1,1,15:42,2,2,3
2023010429179,2023,010429179,1,1,3,1,-1,-1,3,10,9,0,0,0,0,3,E01033100,-1,0,0.0,1.0,-1,9,20,9,7,9,00:10,1,1,9
2023451364828,2023,451364828,2,1,1,1,37,7,3,0,0,0,0,0,1,2,E01001021,3,1,0.0,1.0,-1,3,40,2,4,2,03:35,5,3,1
2023010459442,2023,010459442,1,1,2,2,18,4,3,0,0,1,0,0,9,5,E01002632,-1,0,0.0,1.0,-1,6,40,1,4,1,00:35,3,1,9
2023332300243,2023,332300243,2,2,2,2,67,10,3,0,0,1,0,0,9,7,E01025623,-1,0,0.03388,0.96612,-1,3,50,1,1,1,13:25,3,2,9
2023461320560,2023,461320560,2,2,1,1,65,9,3,0,0,0,0,0,9,8,E01024106,3,1,0.0,1.0,-1,7,70,1,1,1,06:20,1,2,9
2023311268648,2023,311268648,1,2,1,1,55,8,3,0,0,0,0,0,21,6,E01028152,3,1,0.0,1.0,-1,6,60,1,1,1,07:06,6,2,21
2023161352148,2023,161352148,2,1,1,1,17,4,3,0,0,0,0,0,23,8,E01013166,3,1,0.0,1.0,-1,6,30,9,4,1,01:58,7,2,23
2023332301098,2023,332301098,1,1,3,2,10,2,2,5,1,0,0,0,0,8,E01025908,-1,0,1.0,0.0,-1,6,30,8,1,2,08:00,3,1,19
2023361392337,2023,361392337,2,1,1,2,54,8,2,0,0,0,0,0,1,1,E01026869,6,1,1.0,0.0,-1,6,30,2,4,2,07:38,4,2,1
2023401308326,2023,401308326,2,1,1,2,38,7,3,0,0,0,0,0,9,4,E01015711,3,1,0.0,1.0,-1,9,20,1,1,1,14:00,2,2,9
2023052300264,2023,052300264,1,1,3,1,63,9,3,8,1,0,0,0,0,2,E01006464,-1,0,0.1565,0.8435,-1,9,30,1,4,2,18:45,5,1,9
2023010474934,2023,010474934,1,1,1,1,33,6,3,0,0,0,0,0,3,3,E01004708,-1,0,0.0,1.0,-1,9,30,2,1,2,17:00,1,2,3