collision_index,collision_year,collision_ref_no,vehicle_reference,casualty_reference,casualty_class,sex_of_casualty,age_of_casualty,age_band_of_casualty,casualty_severity,pedestrian_location,pedestrian_movement,car_passenger,bus_or_coach_passenger,pedestrian_road_maintenance_worker,casualty_type,casualty_imd_decile,lsoa_of_casualty,enhanced_casualty_severity,casualty_injury_based,casualty_adjusted_severity_serious,casualty_adjusted_severity_slight,casualty_distance_banding,road_type,speed_limit,weather_conditions,light_conditions,road_surface_conditions,time,day_of_week,number_of_vehicles,vehicle_type
2023471303074,2023,471303074,2,1,1,1,28,6,3,0,0,0,0,0,4,7,E01031368,3,1,0.0,1.0,-1,7,20,1,1,1,18:42,3,2,4
2023061391277,2023,061391277,2,2,2,1,26,6,3,0,0,2,0,0,9,-1,-1,3,1,0.0,1.0,-1,3,70,2,4,2,19:30,4,2,9
2023131272583,2023,131272583,2,2,1,1,35,6,3,0,0,0,0,0,9,2,E01011167,3,1,0.0,1.0,-1,3,70,1,4,1,20:05,1,2,9
2023302300226,2023,302300226,1,1,3,-1,-1,-1,3,5,1,0,0,0,0,5,E01019456,-1,0,0.05464,0.94536,-1,6,30,1,1,1,15:30,3,1,9
2023340WN5212,2023,340WN5212,2,1,1,1,41,7,3,0,0,0,0,0,1,2,E01027155,-1,0,0.11104,0.88896,-1,6,30,1,1,1,14:30,6,2,1
2023421304900,2023,421304900,2,1,1,1,55,8,2,0,0,0,0,0,5,10,E01023502,5,1,1.0,0.0,-1,6,50,1,1,1,14:52,1,2,5
2023361391194,2023,361391194,2,1,1,2,19,4,2,0,0,0,0,0,9,3,E01026861,5,1,1.0,0.0,-1,1,30,4,4,1,16:55,5,2,9
2023430405219,2023,430405219,2,1,1,2,32,6,3,0,0,0,0,0,9,-1,-1,-1,0,0.02027,0.97973,-1,6,60,1,1,1,09:20,3,2,9
2023451362768,2023,451362768,2,2,1,1,87,11,3,0,0,0,0,0,9,8,E01030654,3,1,0.0,1.0,-1,3,50,1,6,1,05:00,7,2,9
2023991351657,2023,991351657,1,1,2,1,23,5,3,0,0,1,0,0,9,-1,-1,3,1,0.0,1.0,-1,3,50,2,1,2,18:41,1,4,9
2023991321265,2023,991321265,1,1,1,1,27,6,2,0,0,0,0,0,17,7,-1,7,1,1.0,0.0,-1,6,30,1,4,1,02:23,4,1,17
2023610032223,2023,610032223,2,1,1,1,25,5,2,0,0,0,0,0,97,5,W01001328,-1,0,1.0,0.0,-1,6,30,1,1,1,16:43,7,2,97
2023311362744,2023,311362744,2,1,1,1,24,5,3,0,0,0,0,0,1,1,E01028055,3,1,0.0,1.0,-1,6,30,2,4,2,05:54,6,2,1
2023311360422,2023,311360422,1,1,1,1,67,10,2,0,0,0,0,0,9,1,E01013909,6,1,1.0,0.0,-1,1,60,1,1,1,14:06,6,2,9
2023351391257,2023,351391257,2,1,1,1,60,9,3,0,0,0,0,0,9,4,E01015622,3,1,0.0,1.0,-1,6,30,1,6,1,18:53,2,2,9
2023451268072,2023,451268072,1,1,1,1,21,5,3,0,0,0,0,0,9,-1,-1,3,1,0.0,1.0,-1,6,30,2,4,2,20:20,4,2,9
2023201410763,2023,201410763,1,1,2,1,40,7,3,0,0,0,0,0,8,1,E01009413,3,1,0.0,1.0,-1,6,30,1,4,1,20:00,3,2,8
2023531359464,2023,531359464,1,2,2,2,57,9,3,0,0,1,0,0,9,-1,-1,3,1,0.0,1.0,-1,6,30,1,1,1,12:49,4,2,9
2023010428635,2023,010428635,2,1,2,2,22,5,3,0,0,1,0,0,9,5,E01000194,-1,0,0.0,1.0,-1,3,20,1,1,2,16:30,4,2,9
2023122300813,2023,122300813,1,3,2,1,29,6,3,0,0,2,0,0,9,9,E01011641,-1,0,0.05869,0.94131,-1,6,40,1,1,1,17:00,5,2,9
2023351314147,2023,351314147,2,3,2,2,28,6,3,0,0,2,0,0,9,9,E01033173,3,1,0.0,1.0,-1,1,40,1,1,1,18:30,2,2,9
2023421326742,2023,421326742,2,2,1,2,46,8,3,0,0,0,0,0,9,2,E01003726,3,1,0.0,1.0,-1,6,30,1,1,1,19:55,5,2,9
2023501266175,2023,501266175,1,3,2,2,48,8,3,0,0,2,0,0,9,3,E01018978,3,1,0.0,1.0,-1,6,30,1,4,2,16:57,6,1,9
2023552300627,2023,552300627,1,1,1,2,50,8,3,0,0,0,0,0,9,10,E01020402,-1,0,0.05345,0.94655,-1,6,40,1,1,1,14:07,5,2,9
2023631345960,2023,631345960,1,1,1,2,74,10,3,0,0,0,0,0,9,1,W01001376,3,1,0.0,1.0,-1,6,60,1,1,2,12:27,1,1,9
2023332300110,2023,332300110,1,1,3,1,8,2,3,5,3,0,0,0,0,2,E01013695,-1,0,0.06248,0.93752,-1,6,30,1,4,1,19:45,1,1,19
2023010460561,2023,010460561,2,1,1,1,33,6,3,0,0,0,0,0,1,7,E01003396,-1,0,0.0,1.0,-1,6,20,2,1,2,12:06,2,2,1
2023471338411,2023,471338411,2,2,2,1,43,7,3,0,0,1,0,0,9,8,E01032837,3,1,0.0,1.0,-1,6,30,5,1,2,10:15,7,2,9
2023430066624,2023,430066624,1,1,1,1,44,7,3,0,0,0,0,0,-1,10,E01033508,-1,0,0.19465,0.80535,-1,6,30,1,7,1,23:30,1,1,-1
2023052300605,2023,052300605,2,1,1,1,25,5,3,0,0,0,0,0,1,1,E01007238,-1,0,0.11522,0.88478,-1,6,30,1,4,2,20:00,3,2,1
2023221323898,2023,221323898,2,1,1,1,40,7,3,0,0,0,0,0,1,6,E01009206,3,1,0.0,1.0,-1,6,60,1,1,1,17:13,5,2,1
2023361358402,2023,361358402,2,1,1,1,33,6,3,0,0,0,0,0,1,-1,-1,3,1,0.0,1.0,-1,1,30,1,1,1,07:30,2,2,1
2023031324573,2023,031324573,1,1,1,1,38,7,3,0,0,0,0,0,9,10,E01021545,3,1,0.0,1.0,-1,6,60,1,1,1,12:40,5,2,9
2023010451196,2023,010451196,1,2,2,2,67,10,3,0,0,0,4,0,11,3,E01002048,-1,0,0.0,1.0,-1,2,20,1,1,1,12:29,7,1,11
2023061317485,2023,061317485,1,2,1,1,15,3,3,0,0,0,0,0,23,1,E01006275,3,1,0.0,1.0,-1,6,30,1,1,1,14:28,7,2,23
2023471328792,2023,471328792,2,1,1,1,21,5,2,0,0,0,0,0,-1,2,E01016955,7,1,1.0,0.0,-1,6,20,1,1,1,18:30,4,2,-1
2023201388593,2023,201388593,1,2,3,2,11,3,3,5,4,0,0,0,0,-1,-1,3,1,0.0,1.0,-1,6,30,1,1,1,15:40,5,1,9
2023010469573,2023,010469573,1,1,1,1,23,5,3,0,0,0,0,0,1,5,E01003247,-1,0,0.0,1.0,-1,2,30,8,1,2,17:37,2,1,1
2023471355296,2023,471355296,2,1,1,2,65,9,3,0,0,0,0,0,1,3,E01031482,3,1,0.0,1.0,-1,6,30,1,1,1,13:00,6,2,1
2023010486609,2023,010486609,2,1,1,1,33,6,3,0,0,0,0,0,3,8,E01002157,-1,0,0.0,1.0,-1,6,20,1,1,2,13:28,7,2,3
2023031355648,2023,031355648,1,1,1,1,34,6,3,0,0,0,0,0,9,4,E01019150,3,1,0.0,1.0,-1,6,30,2,6,2,01:38,1,3,9
2023070997248,2023,070997248,1,1,1,2,83,11,3,0,0,0,0,0,9,4,E01012521,-1,0,0.08572,0.91428,-1,6,20,8,4,2,05:05,5,2,9
2023211327683,2023,211327683,1,1,1,1,31,6,3,0,0,0,0,0,9,2,E01014278,3,1,0.0,1.0,-1,6,30,1,4,1,18:15,1,1,9
2023211381470,2023,211381470,1,1,1,1,34,6,3,0,0,0,0,0,9,2,E01014285,3,1,0.0,1.0,-1,6,30,1,4,2,15:45,6,2,9
2023332301100,2023,332301100,1,1,1,1,72,10,3,0,0,0,0,0,9,1,E01009577,-1,0,0.05059,0.94941,-1,6,50,1,1,2,11:43,3,2,9
2023351341690,2023,351341690,2,2,1,2,34,6,2,0,0,0,0,0,9,3,E01015668,7,1,1.0,0.0,-1,6,30,1,1,1,12:36,1,2,9
2023070194956,2023,070194956,2,1,1,2,52,8,3,0,0,0,0,0,1,8,E01012555,-1,0,0.04077,0.95923,-1,6,30,1,1,1,07:40,3,2,1
2023340NN2222,2023,340NN2222,2,1,1,1,62,9,2,0,0,0,0,0,5,1,E01027131,-1,0,1.0,0.0,-1,6,30,1,1,1,13:00,4,3,5
2023522400440,2023,522400440,1,1,1,1,18,4,3,0,0,0,0,0,9,10,E01014901,-1,0,0.03094,0.96906,-1,1,30,2,4,2,21:15,1,2,9
2023542378923,2023,542378923,2,1,2,2,37,7,3,0,0,1,0,0,9,8,E01032121,-1,0,0.01122,0.98878,-1,6,50,1,1,1,12:56,7,2,9
2023010439581,2023,010439581,1,1,1,-1,48,8,3,0,0,0,0,0,1,8,E01004074,-1,0,0.0,1.0,-1,9,20,9,1,9,14:00,3,2,1
2023010476762,2023,010476762,2,1,1,1,33,6,3,0,0,0,0,0,1,5,E01004644,-1,0,0.0,1.0,-1,6,20,1,4,2,20:10,4,2,1
2023010483767,2023,010483767,1,1,1,-1,26,6,3,0,0,0,0,0,3,1,E01002071,-1,0,0.0,1.0,-1,6,20,9,1,9,15:20,2,2,3
2023052302331,2023,052302331,2,1,2,2,27,6,3,0,0,2,0,0,9,6,E01006499,-1,0,0.03722,0.96278,-1,3,30,2,1,2,10:30,1,2,9
2023522301325,2023,522301325,2,2,1,1,37,7,3,0,0,0,0,0,9,7,E01028486,-1,0,0.04274,0.95726,-1,6,60,1,6,1,20:53,7,2,9
2023010458135,2023,010458135,1,1,2,2,54,8,3,0,0,0,3,0,11,3,E01003339,-1,0,0.0,1.0,-1,2,30,1,1,1,11:55,2,1,11
2023010423310,2023,010423310,1,1,3,1,80,11,2,1,3,0,0,0,0,1,E01033456,-1,0,1.0,0.0,-1,1,30,1,1,1,14:10,3,1,9
2023010485492,2023,010485492,1,1,1,1,56,9,3,0,0,0,0,0,3,3,E01001147,-1,0,0.0,1.0,-1,6,30,1,1,1,11:38,5,2,3
2023010423156,2023,010423156,1,1,1,1,29,6,3,0,0,0,0,0,9,-1,-1,-1,0,0.0,1.0,-1,6,20,1,4,1,18:20,2,2,9
2023421274544,2023,421274544,1,1,1,2,22,5,3,0,0,0,0,0,9,8,E01021793,3,1,0.0,1.0,-1,6,60,1,6,2,21:01,5,1,9
2023010425457,2023,010425457,2,2,1,2,42,7,3,0,0,0,0,0,9,6,E01003107,-1,0,0.0,1.0,-1,3,30,1,1,1,13:30,1,2,9
2023061306289,2023,061306289,2,2,2,2,25,5,3,0,0,1,0,0,9,6,E01005154,3,1,0.0,1.0,-1,6,30,1,4,1,22:15,3,2,9
2023361365465,2023,361365465,1,1,2,1,33,6,3,0,0,2,0,0,9,-1,-1,3,1,0.0,1.0,-1,6,30,2,4,2,03:30,7,2,9
2023430407852,2023,430407852,2,1,1,1,62,9,3,0,0,0,0,0,9,7,E01028713,-1,0,0.01453,0.98547,-1,6,60,1,1,1,19:30,2,2,9
2023440342603,2023,440342603,1,1,1,1,36,7,3,0,0,0,0,0,9,9,E01023087,-1,0,0.07831,0.92169,-1,3,70,1,1,2,10:49,5,2,9
2023461330278,2023,461330278,2,1,1,2,49,8,3,0,0,0,0,0,9,10,E01032826,3,1,0.0,1.0,-1,6,60,1,1,1,17:21,4,2,9
2023522300621,2023,522300621,1,1,1,2,28,6,3,0,0,0,0,0,1,4,E01014567,-1,0,0.0192,0.9808,-1,6,30,2,4,2,21:20,5,2,1
2023361276527,2023,361276527,1,1,1,1,37,7,2,0,0,0,0,0,9,5,E01026487,5,1,1.0,0.0,-1,6,60,1,6,2,17:14,3,2,9
2023451266100,2023,451266100,1,1,1,2,85,11,3,0,0,0,0,0,9,5,E01030981,3,1,0.0,1.0,-1,6,30,1,1,1,14:51,5,2,9
2023371290310,2023,371290310,1,1,1,1,20,4,3,0,0,0,0,0,9,6,E01029919,3,1,0.0,1.0,-1,6,30,1,6,1,21:30,6,1,9
2023302301464,2023,302301464,1,1,1,1,28,6,1,0,0,0,0,0,5,4,E01019693,-1,0,0.0,0.0,-1,1,40,1,4,1,02:10,6,1,5
2023141320485,2023,141320485,1,1,3,1,15,3,2,1,3,0,0,2,0,2,E01007654,7,1,1.0,0.0,-1,6,20,1,1,1,15:25,2,1,9
2023471382995,2023,471382995,1,1,3,1,22,5,2,5,2,0,0,0,0,6,E01017009,7,1,1.0,0.0,-1,6,30,1,4,2,17:30,4,1,9
2023170S21613,2023,170S21613,2,1,1,1,45,7,2,0,0,0,0,0,3,6,E01012242,-1,0,1.0,0.0,-1,1,30,1,1,1,18:36,3,2,3
2023041318415,2023,041318415,2,2,1,2,25,5,3,0,0,0,0,0,9,9,E01019377,3,1,0.0,1.0,-1,6,30,1,1,1,21:50,1,2,9
2023461336979,2023,461336979,2,1,1,1,67,10,3,0,0,0,0,0,9,8,E01028531,3,1,0.0,1.0,-1,7,30,1,1,1,10:45,5,2,9
2023010433210,2023,010433210,1,1,1,2,35,6,3,0,0,0,0,0,9,9,E01003892,-1,0,0.0,1.0,-1,6,20,1,1,1,13:27,4,2,9
2023430020762,2023,430020762,1,2,2,2,17,4,3,0,0,1,0,0,9,-1,-1,-1,0,0.02962,0.97038,-1,6,30,1,4,1,21:15,7,2,9
2023430035150,2023,430035150,1,1,1,2,27,6,3,0,0,0,0,0,9,8,E01032725,-1,0,0.0027,0.9973,-1,1,40,1,1,1,09:25,3,2,9
2023501362250,2023,501362250,2,1,1,1,42,7,2,0,0,0,0,0,19,8,E01020061,7,1,1.0,0.0,-1,6,30,1,1,2,14:30,5,2,19
2023622300769,2023,622300769,2,2,1,1,65,9,3,0,0,0,0,0,97,1,W01001188,-1,0,0.16879,0.83121,-1,6,60,1,1,1,12:05,5,2,97
2023041342495,2023,041342495,1,2,1,2,27,6,3,0,0,0,0,0,9,2,E01011954,3,1,0.0,1.0,-1,6,30,1,1,1,20:12,4,2,9
2023461313690,2023,461313690,1,1,1,1,27,6,3,0,0,0,0,0,9,7,W01000875,3,1,0.0,1.0,-1,6,40,1,6,1,22:57,3,2,9
2023010435639,2023,010435639,1,1,2,1,9,2,3,0,0,0,4,0,11,-1,-1,-1,0,0.0,1.0,-1,3,30,1,1,1,11:49,2,1,11
2023461302901,2023,461302901,3,2,1,1,35,6,3,0,0,0,0,0,19,1,E01024278,3,1,0.0,1.0,-1,3,40,1,1,1,16:30,4,3,19
2023451310986,2023,451310986,2,1,1,1,42,7,2,0,0,0,0,0,-1,-1,-1,7,1,1.0,0.0,-1,6,30,1,1,1,07:24,4,2,-1
2023052300407,2023,052300407,2,1,1,1,40,7,3,0,0,0,0,0,1,1,E01006549,-1,0,0.10662,0.89338,-1,6,30,1,1,1,07:50,6,2,1
2023401341341,2023,401341341,1,1,2,2,19,4,3,0,0,-1,0,0,8,8,E01017461,3,1,0.0,1.0,-1,6,40,1,1,-1,06:44,1,1,8
2023320073747,2023,320073747,1,1,1,1,40,7,2,0,0,0,0,0,9,5,E01026367,-1,0,1.0,0.0,-1,6,60,1,6,1,19:45,7,1,9
2023430452214,2023,430452214,1,1,1,1,71,10,3,0,0,0,0,0,9,8,E01028742,-1,0,0.16719,0.83281,-1,6,60,1,1,1,15:34,1,1,9
2023552301155,2023,552301155,1,1,1,1,50,8,3,0,0,0,0,0,9,5,E01020412,-1,0,0.08958,0.91042,-1,6,60,2,1,2,08:50,1,1,9
2023010459073,2023,010459073,1,1,3,1,80,11,2,1,1,0,0,0,0,7,E01000339,-1,0,1.0,0.0,-1,6,30,2,1,2,13:04,7,1,9
2023991373176,2023,991373176,1,1,3,1,45,7,3,5,3,0,0,2,0,-1,-1,3,1,0.0,1.0,-1,1,20,1,4,1,17:35,6,2,9
2023010440506,2023,010440506,2,1,1,1,48,8,2,0,0,0,0,0,1,2,E01002634,-1,0,1.0,0.0,-1,6,30,1,1,1,10:45,2,2,1
2023041372246,2023,041372246,2,1,1,2,26,6,2,0,0,0,0,0,9,1,E01033231,7,1,1.0,0.0,-1,6,30,1,1,1,09:30,5,3,9
2023141316582,2023,141316582,1,6,1,2,59,9,3,0,0,0,0,0,9,5,E01007438,3,1,0.0,1.0,-1,7,70,1,1,1,19:05,5,2,9
2023302301935,2023,302301935,1,1,2,1,18,4,3,0,0,1,0,0,9,3,E01027964,-1,0,0.12687,0.87313,-1,6,60,1,6,2,23:00,4,1,9
2023351400301,2023,351400301,1,2,2,2,51,8,3,0,0,1,0,0,9,10,E01033114,3,1,0.0,1.0,-1,3,40,1,1,1,10:45,5,2,9
2023451320622,2023,451320622,2,1,1,1,32,6,3,0,0,0,0,0,9,8,E01015745,3,1,0.0,1.0,-1,3,70,2,1,2,07:00,3,2,9
2023631312008,2023,631312008,2,2,2,1,14,3,3,0,0,1,0,0,9,8,W01000467,3,1,0.0,1.0,-1,6,60,1,1,1,16:30,5,2,9
2023461383817,2023,461383817,2,4,2,2,5,1,3,0,0,0,4,0,11,4,E01024533,3,1,0.0,1.0,-1,6,30,1,1,1,11:37,7,2,11
2023061310539,2023,061310539,2,1,1,1,48,8,3,0,0,0,0,0,9,2,E01004871,3,1,0.0,1.0,-1,3,30,1,1,1,17:12,6,2,9
2023201415209,2023,201415209,1,1,3,1,22,5,3,5,3,0,0,0,0,1,E01008887,3,1,0.0,1.0,-1,6,30,1,4,2,16:30,1,1,9
2023451384168,2023,451384168,1,1,3,2,19,4,2,9,7,0,0,0,0,9,E01030672,7,1,1.0,0.0,-1,6,30,1,4,1,04:50,6,1,9
2023010469400,2023,010469400,1,1,1,1,38,7,2,0,0,0,0,0,3,3,E01004228,-1,0,1.0,0.0,-1,6,30,1,1,1,14:20,7,2,3
2023010451874,2023,010451874,1,2,2,2,43,7,2,0,0,1,0,0,9,6,E01002204,-1,0,1.0,0.0,-1,6,20,1,1,1,19:39,3,2,9
2023071301026,2023,071301026,1,1,1,2,42,7,3,0,0,0,0,0,9,1,E01006411,-1,0,0.04709,0.95291,-1,3,70,4,1,2,13:51,5,2,9
2023221332611,2023,221332611,1,1,3,1,19,4,3,9,8,0,0,0,0,4,E01032479,3,1,0.0,1.0,-1,6,60,1,1,1,14:25,4,1,11
2023401310090,2023,401310090,1,2,3,1,-1,-1,3,5,9,0,0,0,0,4,E01017487,3,1,0.0,1.0,-1,6,30,1,4,1,17:26,1,1,8
2023141369082,2023,141369082,1,1,1,1,19,4,3,0,0,0,0,0,3,-1,-1,3,1,0.0,1.0,-1,6,60,2,1,2,07:50,3,1,3
2023221372358,2023,221372358,1,1,1,1,34,6,2,0,0,0,0,0,9,3,E01009831,7,1,1.0,0.0,-1,1,60,1,4,2,04:00,5,1,9
2023010450192,2023,010450192,1,1,3,2,65,9,3,6,9,0,0,0,0,6,E01000187,-1,0,0.0,1.0,-1,6,30,1,1,1,12:39,3,1,9
2023520300519,2023,520300519,1,1,3,1,20,4,3,9,8,0,0,0,0,6,E01030198,-1,0,0.11884,0.88116,-1,6,60,1,1,4,16:42,1,1,9
2023531366880,2023,531366880,1,1,3,1,13,3,3,8,1,0,0,0,0,4,E01032936,3,1,0.0,1.0,-1,6,20,1,1,2,08:35,4,1,9
2023041396045,2023,041396045,1,1,3,1,89,11,3,5,1,0,0,0,0,-1,-1,3,1,0.0,1.0,-1,6,30,7,1,1,15:45,2,1,9
2023131310714,2023,131310714,2,1,1,1,11,3,3,0,0,0,0,0,1,7,E01010897,3,1,0.0,1.0,-1,6,20,1,1,1,16:18,2,2,1
2023061332671,2023,061332671,3,2,1,1,-1,-1,3,0,0,0,0,0,9,-1,-1,3,1,0.0,1.0,-1,3,30,1,1,-1,07:35,2,3,9
2023361341270,2023,361341270,2,5,2,1,63,9,3,0,0,1,0,0,9,6,E01026430,3,1,0.0,1.0,-1,3,30,1,1,1,20:25,1,2,9
2023411440785,2023,411440785,3,2,1,1,-1,-1,3,0,0,0,0,0,9,6,E01023494,3,1,0.0,1.0,-1,6,60,1,1,1,15:29,3,3,9
2023522300997,2023,522300997,1,1,1,1,18,4,3,0,0,0,0,0,-1,5,E01015005,-1,0,0.01979,0.98021,-1,2,20,9,1,9,22:45,3,2,-1
2023221291281,2023,221291281,1,1,1,1,65,9,2,0,0,0,0,0,5,1,E01006426,7,1,1.0,0.0,-1,6,60,1,1,1,12:20,7,2,5
2023622300440,2023,622300440,2,2,1,1,28,6,3,0,0,0,0,0,5,3,W01001830,-1,0,0.06731,0.93269,-1,7,30,1,1,1,16:50,7,2,5
2023141377546,2023,141377546,1,1,1,2,44,7,3,0,0,0,0,0,9,4,E01028028,3,1,0.0,1.0,-1,6,30,9,4,2,18:15,3,2,9
2023471325258,2023,471325258,3,6,2,2,12,3,3,0,0,2,0,0,9,4,-1,3,1,0.0,1.0,-1,6,30,1,1,1,09:00,2,3,9
2023501331962,2023,501331962,1,1,3,2,16,4,3,10,2,0,0,0,0,2,E01015052,3,1,0.0,1.0,-1,6,30,1,1,1,17:20,5,1,9
2023010446302,2023,010446302,1,1,1,1,31,6,3,0,0,0,0,0,5,3,E01000872,-1,0,0.0,1.0,-1,6,20,1,1,1,09:45,5,2,5
2023131284847,2023,131284847,1,1,1,1,46,8,3,0,0,0,0,0,9,10,E01013171,3,1,0.0,1.0,-1,6,30,3,1,2,09:15,5,2,9
2023440221101,2023,440221101,1,2,2,2,22,5,3,0,0,2,0,0,9,3,E01023145,-1,0,0.0663,0.9337,-1,6,30,1,1,1,18:16,1,2,9
2023501339124,2023,501339124,1,1,1,1,55,8,3,0,0,0,0,0,9,1,E01015149,3,1,0.0,1.0,-1,6,30,1,1,1,07:18,1,2,9
2023531363040,2023,531363040,1,1,1,1,78,11,3,0,0,0,0,0,9,10,E01022172,3,1,0.0,1.0,-1,6,30,1,1,1,09:43,1,2,9
2023991292919,2023,991292919,2,2,2,2,29,6,3,0,0,1,0,0,9,1,-1,3,1,0.0,1.0,-1,3,30,1,4,1,21:00,4,2,9
2023010448218,2023,010448218,1,1,3,2,23,5,3,10,9,0,0,0,0,3,E01003785,-1,0,0.0,1.0,-1,6,20,1,1,1,17:00,7,1,9
2023010468320,2023,010468320,2,1,1,2,32,6,3,0,0,0,0,0,1,5,E01000516,-1,0,0.0,1.0,-1,9,20,9,1,9,18:59,1,2,1
2023371335696,2023,371335696,2,1,1,2,54,8,2,0,0,0,0,0,1,10,E01024977,5,1,1.0,0.0,-1,6,30,1,1,1,13:00,5,2,1
2023552300584,2023,552300584,2,1,1,1,59,9,3,0,0,0,0,0,3,1,E01015290,-1,0,0.102,0.898,-1,6,60,1,1,1,14:12,6,2,3
2023010462393,2023,010462393,2,2,1,1,27,6,3,0,0,0,0,0,9,3,E01004453,-1,0,0.0,1.0,-1,6,20,1,1,1,17:45,6,2,9
2023041382716,2023,041382716,2,1,1,1,69,10,3,0,0,0,0,0,9,-1,-1,3,1,0.0,1.0,-1,6,30,1,1,1,10:50,7,2,9
2023052300062,2023,052300062,3,2,2,2,18,4,3,0,0,1,0,0,9,1,E01006981,-1,0,0.01125,0.98875,-1,3,40,1,1,1,10:30,2,3,9
2023440194257,2023,440194257,1,1,1,1,67,10,3,0,0,0,0,0,9,6,E01023023,-1,0,0.15021,0.84979,-1,3,50,1,1,1,12:23,4,2,9
2023501317287,2023,501317287,1,1,1,2,26,6,3,0,0,0,0,0,9,5,E01018780,3,1,0.0,1.0,-1,3,70,1,1,1,08:27,1,2,9
2023531371414,2023,531371414,1,1,1,2,26,6,3,0,0,0,0,0,9,4,E01022240,3,1,0.0,1.0,-1,6,50,1,1,2,07:25,6,3,9
2023010472337,2023,010472337,1,1,3,2,26,6,3,5,1,0,0,0,0,2,E01004323,-1,0,0.0,1.0,-1,6,30,1,1,1,14:20,2,1,9
2023221373908,2023,221373908,2,4,2,2,13,3,3,0,0,2,0,0,9,1,E01032332,3,1,0.0,1.0,-1,6,50,2,4,2,15:40,1,2,9
2023311354483,2023,311354483,1,1,1,1,55,8,3,0,0,0,0,0,9,2,E01028275,3,1,0.0,1.0,-1,6,30,2,1,2,13:42,3,2,9
2023401325252,2023,401325252,2,2,1,1,48,8,3,0,0,0,0,0,9,4,E01026444,3,1,0.0,1.0,-1,6,40,1,1,1,07:00,2,2,9
2023401345125,2023,401345125,1,1,1,1,39,7,2,0,0,0,0,0,9,9,E01016060,7,1,1.0,0.0,-1,6,60,1,6,1,22:28,4,2,9
2023201396806,2023,201396806,1,1,1,1,24,5,3,0,0,0,0,0,19,5,E01032133,3,1,0.0,1.0,-1,6,30,1,4,2,04:16,4,1,19
2023531422241,2023,531422241,1,1,3,1,26,6,3,9,8,0,0,0,0,4,E01022326,3,1,0.0,1.0,-1,6,30,9,1,1,16:20,7,1,9
2023141265508,2023,141265508,2,3,1,1,27,6,3,0,0,0,0,0,9,-1,-1,3,1,0.0,1.0,-1,7,50,1,4,2,21:32,2,3,9
2023221323868,2023,221323868,2,1,2,2,63,9,3,0,0,1,0,0,9,5,E01009721,3,1,0.0,1.0,-1,3,60,1,1,1,18:05,4,2,9
2023991283975,2023,991283975,1,1,1,1,65,9,2,0,0,0,0,0,9,-1,-1,7,1,1.0,0.0,-1,6,60,3,1,3,07:43,3,1,9
2023351287873,2023,351287873,1,1,1,2,66,10,3,0,0,0,0,0,9,5,E01026210,3,1,0.0,1.0,-1,3,70,1,1,1,10:43,7,2,9
2023010436009,2023,010436009,1,2,2,1,84,11,3,0,0,0,3,0,11,5,E01003949,-1,0,0.0,1.0,-1,6,20,1,1,1,14:20,4,2,11
2023010455728,2023,010455728,1,1,1,2,23,5,3,0,0,0,0,0,1,-1,-1,-1,0,0.0,1.0,-1,6,20,1,1,1,18:11,2,2,1
2023010435524,2023,010435524,2,1,1,2,29,6,3,0,0,0,0,0,9,2,E01001395,-1,0,0.0,1.0,-1,1,30,1,1,1,16:36,1,2,9
2023010451585,2023,010451585,2,1,2,2,0,1,3,0,0,1,0,0,9,4,E01001503,-1,0,0.0,1.0,-1,6,30,1,1,1,15:10,2,2,9
2023201377045,2023,201377045,1,1,1,1,61,9,3,0,0,0,0,0,9,4,E01010499,3,1,0.0,1.0,-1,6,30,1,1,1,23:31,7,2,9
2023991350690,2023,991350690,2,1,1,1,65,9,3,0,0,0,0,0,9,-1,-1,3,1,0.0,1.0,-1,6,50,1,1,1,12:05,7,2,9
2023101340441,2023,101340441,2,1,1,1,10,2,3,0,0,0,0,0,1,2,E01008477,3,1,0.0,1.0,-1,6,20,1,1,1,18:15,5,2,1
2023440456927,2023,440456927,2,1,1,1,52,8,3,0,0,0,0,0,1,10,E01022704,-1,0,0.05128,0.94872,-1,6,30,1,1,1,09:55,3,2,1
2023421381712,2023,421381712,1,1,1,1,27,6,3,0,0,0,0,0,9,7,E01021722,3,1,0.0,1.0,-1,6,40,2,6,2,02:40,1,1,9
2023440139815,2023,440139815,1,1,1,1,86,11,3,0,0,0,0,0,9,10,E01023269,-1,0,0.12422,0.87578,-1,6,50,1,1,1,16:40,1,2,9
2023501363315,2023,501363315,1,1,1,1,49,8,3,0,0,0,0,0,9,4,E01018766,3,1,0.0,1.0,-1,3,30,1,1,1,12:00,1,2,9
2023010451781,2023,010451781,2,1,1,1,32,6,3,0,0,0,0,0,-1,4,E01004419,-1,0,0.0,1.0,-1,6,20,1,1,1,14:41,3,2,-1
2023547508823,2023,547508823,1,1,1,1,19,4,3,0,0,0,0,0,4,4,E01015492,-1,0,0.10533,0.89467,-1,6,20,2,4,2,19:17,2,1,4
2023610035223,2023,610035223,2,1,1,1,57,9,2,0,0,0,0,0,5,10,E01023200,-1,0,1.0,0.0,-1,3,50,1,1,1,17:10,6,2,5
2023991391784,2023,991391784,2,1,1,1,29,6,2,0,0,0,0,0,5,2,-1,7,1,1.0,0.0,-1,6,40,8,1,1,12:45,7,2,5