collision_index,collision_year,collision_ref_no,vehicle_reference,casualty_reference,casualty_class,sex_of_casualty,age_of_casualty,age_band_of_casualty,casualty_severity,pedestrian_location,pedestrian_movement,car_passenger,bus_or_coach_passenger,pedestrian_road_maintenance_worker,casualty_type,casualty_imd_decile,lsoa_of_casualty,enhanced_casualty_severity,casualty_injury_based,casualty_adjusted_severity_serious,casualty_adjusted_severity_slight,casualty_distance_banding,road_type,speed_limit,weather_conditions,light_conditions,road_surface_conditions,time,day_of_week,number_of_vehicles,vehicle_type
2023201371885,2023,201371885,1,1,3,2,45,7,3,5,3,0,0,0,0,1,E01010107,3,1,0.0,1.0,-1,6,30,2,1,2,18:37,4,1,9
2023010447987,2023,010447987,1,1,1,2,32,6,3,0,0,0,0,0,3,4,E01000980,-1,0,0.0,1.0,-1,9,20,1,1,1,15:35,6,2,3
2023170S11103,2023,170S11103,1,1,3,2,34,6,3,6,9,0,0,0,0,2,E01012217,-1,0,0.05916,0.94084,-1,6,30,1,1,1,09:30,3,1,9
2023552301320,2023,552301320,1,1,3,1,36,7,3,5,3,0,0,0,0,2,E01015312,-1,0,0.08968,0.91032,-1,6,30,2,1,2,21:37,1,1,9
2023461356802,2023,461356802,2,1,1,1,37,7,3,0,0,0,0,0,1,5,E01024842,3,1,0.0,1.0,-1,6,30,1,1,1,07:39,4,2,1
2023010443738,2023,010443738,2,1,1,1,37,7,3,0,0,0,0,0,9,9,E01023680,-1,0,0.0,1.0,-1,6,20,1,4,1,16:35,5,2,9
2023061357822,2023,061357822,1,1,2,2,29,6,3,0,0,1,0,0,9,-1,-1,3,1,0.0,1.0,-1,6,30,1,1,1,17:15,6,2,9
2023332300205,2023,332300205,2,1,1,2,26,6,3,0,0,0,0,0,9,3,E01013719,-1,0,0.00794,0.99206,-1,3,30,1,4,2,19:15,3,3,9
2023520300922,2023,520300922,1,1,1,2,18,4,3,0,0,0,0,0,9,5,E01029173,-1,0,0.10084,0.89916,-1,6,60,2,6,2,22:13,4,1,9
2023552301509,2023,552301509,2,1,1,2,34,6,3,0,0,0,0,0,9,6,E01015331,-1,0,0.00442,0.99558,-1,6,30,1,1,1,11:50,5,2,9
2023010428190,2023,010428190,1,1,2,1,30,6,3,0,0,0,4,0,11,5,E01002410,-1,0,0.0,1.0,-1,1,30,1,1,1,10:55,2,1,11
2023311379951,2023,311379951,1,1,3,1,83,11,2,1,3,0,0,0,0,7,E01013977,6,1,1.0,0.0,-1,6,30,1,1,2,11:07,3,1,8
2023201339757,2023,201339757,2,1,1,1,26,6,3,0,0,0,0,0,1,-1,-1,3,1,0.0,1.0,-1,6,30,1,1,1,19:55,3,2,1
2023052301181,2023,052301181,2,1,1,1,30,6,3,0,0,0,0,0,3,1,E01006648,-1,0,0.14843,0.85157,-1,6,30,1,1,1,10:10,5,2,3
2023361356467,2023,361356467,1,2,2,1,32,6,3,0,0,1,0,0,9,5,E01026438,3,1,0.0,1.0,-1,3,70,1,1,1,05:50,1,1,9
2023531379287,2023,531379287,1,1,1,2,20,4,3,0,0,0,0,0,9,8,E01022277,3,1,0.0,1.0,-1,6,60,1,6,2,06:20,2,1,9
2023545019523,2023,545019523,1,1,1,1,24,5,2,0,0,0,0,0,4,8,E01031900,-1,0,1.0,0.0,-1,6,30,1,1,1,16:24,7,2,4
2023201388593,2023,201388593,1,1,3,2,-1,-1,3,5,4,0,0,0,0,-1,-1,3,1,0.0,1.0,-1,6,30,1,1,1,15:40,5,1,9
2023522400936,2023,522400936,1,1,3,1,20,4,3,5,1,0,0,0,0,8,E01014637,-1,0,0.01918,0.98082,-1,2,30,2,4,2,19:50,2,1,19
2023221374790,2023,221374790,2,1,1,1,19,4,2,0,0,0,0,0,3,1,E01033633,7,1,1.0,0.0,-1,6,30,1,1,1,15:28,2,2,3
2023451332013,2023,451332013,1,1,1,1,17,4,3,0,0,0,0,0,3,10,E01030447,3,1,0.0,1.0,-1,6,40,1,1,1,16:00,6,2,3
2023122301082,2023,122301082,1,2,2,1,26,6,3,0,0,0,0,0,5,6,E01011861,-1,0,0.18573,0.81427,-1,6,60,2,1,2,17:40,7,1,5
2023061362922,2023,061362922,1,1,1,1,27,6,3,0,0,0,0,0,9,1,E01005197,3,1,0.0,1.0,-1,3,30,1,4,2,02:30,7,2,9
2023471365334,2023,471365334,1,1,1,2,36,7,3,0,0,0,0,0,9,6,E01016887,3,1,0.0,1.0,-1,3,20,1,1,1,14:05,6,2,9
2023552301472,2023,552301472,2,3,1,2,43,7,3,0,0,0,0,0,9,7,E01020345,-1,0,0.04491,0.95509,-1,6,30,1,4,2,18:07,2,2,9
202360A154756,2023,60A154756,1,1,1,1,46,8,1,0,0,0,0,0,9,-1,-1,-1,0,0.0,0.0,-1,3,70,1,7,1,06:24,2,1,9
2023440360975,2023,440360975,2,2,1,2,52,8,3,0,0,0,0,0,9,9,E01016678,-1,0,0.066,0.934,-1,6,30,1,1,1,14:45,3,2,9
202363A010823,2023,63A010823,1,2,2,1,17,4,3,0,0,1,0,0,9,1,W01000935,-1,0,0.20995,0.79005,-1,6,60,1,6,1,04:18,1,1,9
2023010486202,2023,010486202,2,1,1,1,71,10,2,0,0,0,0,0,1,2,E01001698,-1,0,1.0,0.0,-1,6,30,2,4,2,16:25,4,2,1
2023010425687,2023,010425687,1,1,1,2,21,5,3,0,0,0,0,0,3,2,E01004024,-1,0,0.0,1.0,-1,7,20,1,1,1,11:23,7,2,3
2023010482259,2023,010482259,1,1,1,1,24,5,3,0,0,0,0,0,3,2,E01004729,-1,0,0.0,1.0,-1,9,20,2,1,2,14:30,3,2,3
2023141273767,2023,141273767,1,1,1,2,26,6,3,0,0,0,0,0,9,7,E01007358,3,1,0.0,1.0,-1,6,20,1,1,1,12:10,3,2,9
2023991275810,2023,991275810,1,4,1,1,17,4,3,0,0,0,0,0,9,7,-1,3,1,0.0,1.0,-1,6,60,1,1,1,15:53,2,2,9
2023471352398,2023,471352398,1,1,3,2,43,7,3,6,9,0,0,0,0,8,E01021129,3,1,0.0,1.0,-1,6,30,1,1,1,09:05,4,1,9
2023010466523,2023,010466523,2,1,1,1,33,6,3,0,0,0,0,0,1,1,E01004309,-1,0,0.0,1.0,-1,6,20,1,1,1,19:12,7,2,1
2023520400195,2023,520400195,2,1,1,-1,-1,-1,3,0,0,0,0,0,1,-1,-1,-1,0,0.012,0.988,-1,6,20,1,1,1,16:50,6,2,1
2023010470987,2023,010470987,1,1,1,1,53,8,2,0,0,0,0,0,3,2,E01004696,-1,0,1.0,0.0,-1,6,20,2,1,2,18:30,7,3,3
2023010480453,2023,010480453,1,1,1,1,44,7,3,0,0,0,0,0,3,2,E01003636,-1,0,0.0,1.0,-1,9,20,2,1,2,12:40,2,2,3
2023010476876,2023,010476876,1,1,2,1,1,1,3,0,0,0,4,0,11,3,E01003127,-1,0,0.0,1.0,-1,6,30,9,1,1,09:10,5,2,11
2023332300752,2023,332300752,1,1,1,1,60,9,3,0,0,0,0,0,21,7,E01012501,-1,0,0.09368,0.90632,-1,3,70,1,4,1,03:00,7,1,21
2023010479704,2023,010479704,1,1,1,2,21,5,3,0,0,0,0,0,3,8,E01002941,-1,0,0.0,1.0,-1,6,30,1,4,1,18:15,4,2,3
2023101278507,2023,101278507,1,1,3,2,21,5,3,9,5,0,0,0,0,3,E01008242,3,1,0.0,1.0,-1,6,30,1,4,2,00:10,1,1,8
2023010436101,2023,010436101,1,1,3,1,44,7,2,6,9,0,0,0,0,1,E01004249,-1,0,1.0,0.0,-1,3,20,2,4,2,21:25,4,1,11
2023010475099,2023,010475099,1,1,3,2,38,7,3,6,9,0,0,0,0,2,E01001333,-1,0,0.0,1.0,-1,6,20,1,1,1,11:55,3,1,9
2023311298716,2023,311298716,3,1,1,1,13,3,2,0,0,0,0,0,1,10,E01028292,7,1,1.0,0.0,-1,6,40,1,1,1,07:55,5,3,1
2023010465211,2023,010465211,1,1,3,1,50,8,3,5,1,0,0,0,0,3,E01004425,-1,0,0.0,1.0,-1,6,20,1,1,1,08:37,5,1,9
2023221276504,2023,221276504,1,1,3,2,17,4,3,6,9,0,0,0,0,2,E01029007,3,1,0.0,1.0,-1,6,30,1,1,1,13:00,3,1,19
2023061277351,2023,061277351,1,1,3,2,12,3,2,5,1,0,0,0,0,3,E01005506,7,1,1.0,0.0,-1,6,30,1,4,2,20:00,5,1,9
2023170M12013,2023,170M12013,1,1,3,1,16,4,3,1,3,0,0,0,0,8,E01012048,-1,0,0.15846,0.84154,-1,6,20,1,4,1,15:55,2,1,9
2023122300547,2023,122300547,1,1,1,2,54,8,2,0,0,0,0,0,3,10,E01027901,-1,0,1.0,0.0,-1,6,60,1,1,1,10:42,4,1,3
2023052301132,2023,052301132,1,1,3,1,21,5,3,5,1,0,0,0,0,6,E01025500,-1,0,0.13953,0.86047,-1,3,30,1,1,1,16:00,4,1,9
2023548495923,2023,548495923,1,1,3,1,58,9,3,9,5,0,0,0,0,5,E01032056,-1,0,0.08546,0.91454,-1,6,20,1,1,1,15:30,6,1,9
2023991347738,2023,991347738,1,1,3,1,5,1,2,5,4,0,0,0,0,2,-1,6,1,1.0,0.0,-1,6,20,1,1,1,19:00,6,1,9
2023320006046,2023,320006046,1,1,3,2,53,8,3,6,9,0,0,0,0,7,E01026089,-1,0,0.12354,0.87646,-1,6,30,1,1,1,10:45,4,1,11
2023031288791,2023,031288791,1,1,2,1,-1,-1,3,0,0,1,0,0,9,-1,-1,3,1,0.0,1.0,-1,6,30,2,4,2,21:00,2,2,9
2023201306959,2023,201306959,1,1,1,1,49,8,3,0,0,0,0,0,9,1,E01009401,3,1,0.0,1.0,-1,3,50,1,1,1,14:35,7,2,9
2023221391004,2023,221391004,1,2,2,2,81,11,3,0,0,1,0,0,9,8,E01009736,3,1,0.0,1.0,-1,3,60,1,1,1,15:18,4,2,9
2023461371420,2023,461371420,1,1,1,1,68,10,3,0,0,0,0,0,9,-1,-1,3,1,0.0,1.0,-1,6,30,1,1,1,16:44,5,2,9
2023010463073,2023,010463073,1,1,3,2,57,9,2,1,1,0,0,0,0,7,E01004291,-1,0,1.0,0.0,-1,6,20,1,1,1,18:11,3,1,9
2023201372797,2023,201372797,1,2,3,1,33,6,3,6,9,0,0,2,0,1,E01009360,3,1,0.0,1.0,-1,6,30,1,1,1,12:25,2,2,9
2023471295014,2023,471295014,2,1,2,2,-1,-1,3,0,0,0,3,0,11,-1,-1,3,1,0.0,1.0,-1,6,20,1,1,1,13:34,1,2,11
2023461323869,2023,461323869,1,1,1,2,62,9,3,0,0,0,0,0,9,2,E01016018,3,1,0.0,1.0,-1,6,30,1,1,1,11:09,7,2,9
2023501302662,2023,501302662,1,2,1,1,73,10,3,0,0,0,0,0,9,4,E01018952,3,1,0.0,1.0,-1,3,70,1,6,1,23:38,1,2,9
2023501322414,2023,501322414,1,5,2,1,19,4,3,0,0,2,0,0,9,-1,-1,3,1,0.0,1.0,-1,6,60,1,6,1,01:10,1,1,9
2023531328363,2023,531328363,3,2,2,2,69,10,3,0,0,1,0,0,9,10,E01022197,3,1,0.0,1.0,-1,3,70,2,1,2,15:12,3,5,9
2023010457562,2023,010457562,1,1,3,1,13,3,2,5,1,0,0,0,0,-1,-1,-1,0,1.0,0.0,-1,6,30,1,1,1,17:10,5,1,9
2023010453991,2023,010453991,1,1,1,1,31,6,2,0,0,0,0,0,3,6,E01002670,-1,0,1.0,0.0,-1,6,20,1,1,1,16:40,7,1,3
2023231316448,2023,231316448,1,1,3,2,52,8,1,10,9,0,0,0,0,7,E01009707,1,1,0.0,0.0,-1,3,70,1,1,1,13:08,2,2,21
2023451358119,2023,451358119,1,1,1,1,23,5,1,0,0,0,0,0,5,7,E01030872,1,1,0.0,0.0,-1,6,40,1,6,1,19:29,7,3,5
2023430549432,2023,430549432,1,1,1,1,40,7,3,0,0,0,0,0,9,-1,-1,-1,0,0.07179,0.92821,-1,6,40,1,6,2,17:13,5,1,9
2023010475236,2023,010475236,1,1,2,2,21,5,3,0,0,2,0,0,9,-1,-1,-1,0,0.0,1.0,-1,6,30,2,4,2,23:30,3,1,9
2023141345172,2023,141345172,2,2,2,2,38,7,3,0,0,2,0,0,9,3,E01032550,3,1,0.0,1.0,-1,6,30,1,1,1,13:40,5,2,9
2023161262364,2023,161262364,1,1,1,1,72,10,1,0,0,0,0,0,9,4,E01013303,1,1,0.0,0.0,-1,6,60,4,6,2,16:45,4,2,9
2023320029778,2023,320029778,2,2,1,1,53,8,3,0,0,0,0,0,9,8,E01026363,-1,0,0.06974,0.93026,-1,6,60,1,6,2,18:30,1,2,9
2023411314178,2023,411314178,2,2,1,2,39,7,2,0,0,0,0,0,9,9,E01023747,7,1,1.0,0.0,-1,6,60,1,1,1,07:33,3,4,9
2023461331669,2023,461331669,2,3,2,2,6,2,3,0,0,2,0,0,9,4,E01024586,3,1,0.0,1.0,-1,6,40,1,1,1,15:40,6,2,9
2023520301441,2023,520301441,2,3,1,1,18,4,3,0,0,0,0,0,9,4,E01029186,-1,0,0.03027,0.96973,-1,6,20,1,1,1,09:30,5,3,9
2023131276779,2023,131276779,1,1,3,1,27,6,2,5,1,0,0,2,0,10,E01010580,7,1,1.0,0.0,-1,6,30,1,4,2,18:07,4,1,9
2023201350214,2023,201350214,2,1,1,2,35,6,2,0,0,0,0,0,1,7,E01009726,7,1,1.0,0.0,-1,6,30,1,1,1,18:00,5,2,1
2023010431210,2023,010431210,1,1,1,2,26,6,3,0,0,0,0,0,9,4,E01003541,-1,0,0.0,1.0,-1,6,30,2,1,2,08:20,5,2,9
2023421314591,2023,421314591,2,2,2,2,49,8,3,0,0,1,0,0,9,5,E01022008,3,1,0.0,1.0,-1,6,30,1,1,1,17:20,7,2,9
2023201314894,2023,201314894,2,1,1,-1,-1,-1,3,0,0,0,0,0,-1,-1,-1,3,1,0.0,1.0,-1,6,30,1,1,1,07:36,5,2,-1
2023991389244,2023,991389244,1,1,3,1,39,7,2,10,9,0,0,2,0,-1,-1,5,1,1.0,0.0,-1,6,20,1,4,1,02:04,7,1,9
2023421371968,2023,421371968,2,1,1,1,22,5,3,0,0,0,0,0,3,7,E01021981,3,1,0.0,1.0,-1,6,30,1,4,1,17:45,3,2,3
2023471288503,2023,471288503,2,1,1,1,39,7,3,0,0,0,0,0,3,5,E01031595,3,1,0.0,1.0,-1,6,30,2,1,2,07:25,2,2,3
2023010441574,2023,010441574,1,1,2,1,28,6,2,0,0,1,0,0,9,5,E01000583,-1,0,1.0,0.0,-1,6,30,1,4,2,01:20,1,2,9
2023010466591,2023,010466591,1,1,1,1,29,6,3,0,0,0,0,0,9,6,E01003711,-1,0,0.0,1.0,-1,3,20,1,1,1,18:25,7,2,9
2023320337381,2023,320337381,2,1,2,2,27,6,3,0,0,1,0,0,9,7,E01026015,-1,0,0.01338,0.98662,-1,6,30,1,1,1,17:30,6,2,9
2023471349308,2023,471349308,1,1,1,2,27,6,3,0,0,0,0,0,9,7,E01031616,3,1,0.0,1.0,-1,3,70,1,1,1,08:45,7,1,9
2023010437192,2023,010437192,1,3,2,2,38,7,3,0,0,0,4,0,11,3,E01001747,-1,0,0.0,1.0,-1,2,20,1,1,1,13:28,5,1,11
2023010442962,2023,010442962,2,1,1,1,23,5,3,0,0,0,0,0,3,2,E01003918,-1,0,0.0,1.0,-1,3,30,1,1,1,18:27,1,2,3
2023010486695,2023,010486695,1,1,3,2,38,7,2,4,3,0,0,0,0,6,E01024915,-1,0,1.0,0.0,-1,6,20,1,1,1,15:33,6,1,5
2023010420556,2023,010420556,1,1,1,-1,34,6,3,0,0,0,0,0,1,3,E01033709,-1,0,0.0,1.0,-1,6,20,2,4,2,07:20,2,2,1
2023440466147,2023,440466147,1,1,1,1,17,4,3,0,0,0,0,0,3,10,E01022848,-1,0,0.17229,0.82771,-1,6,30,2,1,2,15:43,3,2,3
2023610035723,2023,610035723,2,1,2,1,-1,-1,3,0,0,1,0,0,9,-1,-1,-1,0,0.02586,0.97414,-1,6,60,1,1,1,15:38,7,2,9
2023991284568,2023,991284568,1,2,1,1,53,8,3,0,0,0,0,0,9,7,-1,3,1,0.0,1.0,-1,6,30,1,1,1,12:20,4,2,9
2023010431448,2023,010431448,1,1,3,2,30,6,3,10,9,0,0,0,0,2,E01003108,-1,0,0.0,1.0,-1,7,30,1,1,1,16:30,6,1,19
2023201357499,2023,201357499,1,1,3,1,24,5,2,5,2,0,0,2,0,1,E01033645,7,1,1.0,0.0,-1,6,20,2,1,2,12:30,7,1,-1
2023549745823,2023,549745823,2,1,1,2,12,3,3,0,0,0,0,0,1,9,E01032106,-1,0,0.04171,0.95829,-1,6,30,1,1,1,17:12,5,2,1
2023991351006,2023,991351006,1,1,3,2,22,5,2,5,2,0,0,2,0,-1,-1,7,1,1.0,0.0,-1,6,30,1,4,1,01:15,1,1,9
2023122301279,2023,122301279,2,3,2,1,26,6,2,0,0,1,0,0,8,1,E01033468,-1,0,1.0,0.0,-1,6,40,1,1,1,08:33,3,2,8
2023501351940,2023,501351940,1,1,1,1,47,8,3,0,0,0,0,0,5,-1,-1,3,1,0.0,1.0,-1,6,30,1,4,1,20:29,5,2,5
2023010424202,2023,010424202,1,1,1,1,9,2,2,0,0,0,0,0,1,6,E01002141,-1,0,1.0,0.0,-1,3,30,1,4,1,17:30,1,2,1
2023545357323,2023,545357323,1,1,3,1,8,2,3,10,9,0,0,0,0,7,E01032116,-1,0,0.10369,0.89631,-1,6,30,1,1,1,19:24,2,1,9
2023131326219,2023,131326219,2,1,1,1,23,5,3,0,0,0,0,0,1,1,E01011363,3,1,0.0,1.0,-1,3,30,1,1,1,07:30,4,2,1
2023010434157,2023,010434157,1,1,1,1,23,5,3,0,0,0,0,0,3,3,E01002070,-1,0,0.0,1.0,-1,9,20,1,1,1,16:00,6,2,3
2023430315355,2023,430315355,2,1,1,1,51,8,2,0,0,0,0,0,5,5,E01022556,-1,0,1.0,0.0,-1,6,60,1,1,2,17:57,1,3,5
2023101268975,2023,101268975,2,1,1,2,28,6,3,0,0,0,0,0,9,9,E01008723,3,1,0.0,1.0,-1,6,30,1,4,2,07:30,5,2,9
2023201404538,2023,201404538,1,1,1,1,39,7,3,0,0,0,0,0,9,-1,-1,3,1,0.0,1.0,-1,1,30,2,1,2,12:52,7,2,9
2023440328659,2023,440328659,1,2,2,1,60,9,3,0,0,1,0,0,9,3,E01023091,-1,0,0.08722,0.91278,-1,3,70,1,1,1,20:15,2,1,9
2023052302350,2023,052302350,2,1,1,1,23,5,3,0,0,0,0,0,1,7,E01006577,-1,0,0.04506,0.95494,-1,3,30,1,1,1,10:30,6,2,1
2023451358573,2023,451358573,2,1,1,1,38,7,2,0,0,0,0,0,1,10,E01030917,7,1,1.0,0.0,-1,6,30,1,1,1,10:50,7,2,1
2023131279570,2023,131279570,1,1,2,2,18,4,2,0,0,0,0,0,97,9,E01011054,7,1,1.0,0.0,-1,6,30,1,1,1,14:51,4,1,97
2023061315897,2023,061315897,1,1,3,1,69,10,2,1,1,0,0,-1,0,5,E01025431,7,1,1.0,0.0,-1,6,30,2,4,2,17:20,2,1,9
2023010444805,2023,010444805,1,2,2,2,0,1,3,0,0,1,0,0,9,10,E01030378,-1,0,0.0,1.0,-1,3,30,1,1,1,07:20,4,2,9
2023052300299,2023,052300299,1,1,1,2,35,6,3,0,0,0,0,0,9,3,E01007156,-1,0,0.07192,0.92808,-1,6,30,1,4,1,19:45,2,2,9
2023201405027,2023,201405027,2,1,1,1,29,6,3,0,0,0,0,0,9,2,E01009942,3,1,0.0,1.0,-1,6,30,1,1,1,14:16,5,2,9
2023302301959,2023,302301959,2,1,1,2,21,5,3,0,0,0,0,0,9,3,E01026311,-1,0,0.02201,0.97799,-1,6,50,1,1,1,12:00,3,2,9
2023010462327,2023,010462327,1,1,3,2,63,9,3,5,1,0,0,0,0,3,E01002130,-1,0,0.0,1.0,-1,3,30,1,1,1,11:41,6,1,9
2023302301009,2023,302301009,1,1,1,1,70,10,3,0,0,0,0,0,1,-1,-1,-1,0,0.23172,0.76828,-1,6,30,1,1,1,09:42,1,3,1
2023991377148,2023,991377148,1,1,1,1,26,6,3,0,0,0,0,0,1,2,-1,3,1,0.0,1.0,-1,3,30,1,4,1,21:15,2,2,1
2023101320826,2023,101320826,1,1,1,1,17,4,2,0,0,0,0,0,3,2,E01020615,7,1,1.0,0.0,-1,1,50,1,1,1,08:30,2,2,3
2023141285706,2023,141285706,1,1,3,1,35,6,2,6,9,0,0,0,0,-1,-1,7,1,1.0,0.0,-1,6,30,3,1,3,14:47,7,1,9
2023430120887,2023,430120887,1,1,3,1,79,11,2,5,3,0,0,0,0,10,E01017566,-1,0,1.0,0.0,-1,6,30,2,1,2,12:09,7,1,9
2023471343407,2023,471343407,1,1,3,1,48,8,3,4,1,0,0,0,0,10,E01031735,3,1,0.0,1.0,-1,6,30,1,4,1,20:40,5,1,3
2023010430868,2023,010430868,1,1,3,1,9,2,3,5,1,0,0,0,0,2,E01000429,-1,0,0.0,1.0,-1,6,20,1,1,1,16:30,3,1,9
2023070629867,2023,070629867,2,1,1,1,18,4,3,0,0,0,0,0,1,8,E01005791,-1,0,0.06664,0.93336,-1,6,30,1,1,1,13:30,5,2,1
2023991308503,2023,991308503,1,1,1,2,8,2,3,0,0,0,0,0,1,-1,-1,3,1,0.0,1.0,-1,6,20,1,1,1,15:25,4,2,1
2023430580245,2023,430580245,1,1,1,1,28,6,3,0,0,0,0,0,3,3,E01016377,-1,0,0.03415,0.96585,-1,1,30,2,1,2,15:30,4,2,3
2023201337528,2023,201337528,1,1,1,1,11,3,3,0,0,0,0,0,1,1,E01010295,3,1,0.0,1.0,-1,2,30,1,1,1,08:45,4,2,1
2023430567045,2023,430567045,1,1,1,1,47,8,3,0,0,0,0,0,1,10,E01016692,-1,0,0.06949,0.93051,-1,6,30,2,7,2,07:30,3,2,1
2023311280556,2023,311280556,2,2,2,2,52,8,3,0,0,0,4,0,11,8,E01028176,3,1,0.0,1.0,-1,3,30,1,1,1,17:30,6,2,11
2023991394519,2023,991394519,1,1,3,2,80,11,2,6,5,0,0,2,0,-1,-1,6,1,1.0,0.0,-1,2,20,1,1,1,12:47,5,1,9
2023010458829,2023,010458829,1,1,1,2,-1,-1,3,0,0,0,0,0,3,-1,-1,-1,0,0.0,1.0,-1,6,30,2,1,2,18:15,1,2,3
2023010466623,2023,010466623,1,1,1,1,30,6,3,0,0,0,0,0,4,6,E01001597,-1,0,0.0,1.0,-1,3,40,1,1,2,15:40,1,3,4
2023471284383,2023,471284383,1,1,3,2,26,6,3,6,9,0,0,0,0,10,E01031737,3,1,0.0,1.0,-1,6,30,1,1,2,16:30,5,1,9
2023071046082,2023,071046082,1,1,1,2,25,5,3,0,0,0,0,0,2,4,E01006501,-1,0,0.13604,0.86396,-1,6,30,1,4,1,18:00,2,1,2
2023010436229,2023,010436229,2,1,1,1,31,6,3,0,0,0,0,0,1,6,E01003013,-1,0,0.0,1.0,-1,6,30,1,1,1,15:04,5,2,1
2023010437604,2023,010437604,2,1,1,-1,-1,-1,3,0,0,0,0,0,1,-1,-1,-1,0,0.0,1.0,-1,6,20,1,1,1,19:10,7,2,1
2023552400221,2023,552400221,2,1,1,1,24,5,3,0,0,0,0,0,1,4,E01015465,-1,0,0.06206,0.93794,-1,6,30,2,4,2,07:00,6,2,1
2023052301802,2023,052301802,1,3,2,2,20,4,3,0,0,2,0,0,8,7,E01007116,-1,0,0.04869,0.95131,-1,6,30,1,4,1,22:50,6,2,8
2023010439560,2023,010439560,1,1,2,2,50,8,3,0,0,0,3,0,11,2,E01003768,-1,0,0.0,1.0,-1,3,50,1,1,1,10:10,4,1,11
2023131310884,2023,131310884,2,1,2,1,11,3,3,0,0,1,0,0,9,8,E01011716,3,1,0.0,1.0,-1,6,40,1,1,1,09:21,4,2,9
2023141340790,2023,141340790,1,1,2,2,55,8,3,0,0,1,0,0,9,3,E01008148,3,1,0.0,1.0,-1,6,60,1,1,1,13:43,5,1,9
2023430204262,2023,430204262,2,2,1,2,39,7,3,0,0,0,0,0,9,9,E01016682,-1,0,0.03604,0.96396,-1,1,40,1,7,1,00:17,5,2,9
2023461316459,2023,461316459,1,1,1,2,38,7,3,0,0,0,0,0,9,9,E01024056,3,1,0.0,1.0,-1,1,50,1,1,1,16:30,2,2,9
2023991341569,2023,991341569,1,1,1,1,18,4,3,0,0,0,0,0,9,8,-1,3,1,0.0,1.0,-1,6,60,1,1,2,19:15,1,1,9
2023430297576,2023,430297576,2,1,1,2,42,7,3,0,0,0,0,0,9,5,E01016494,-1,0,0.02374,0.97626,-1,6,30,1,1,1,16:30,4,2,9
2023411305253,2023,411305253,2,2,2,1,30,6,3,0,0,1,0,0,9,2,E01015725,3,1,0.0,1.0,-1,7,40,1,4,1,21:30,2,2,9
2023451347249,2023,451347249,1,2,1,2,77,11,3,0,0,0,0,0,9,7,E01030651,3,1,0.0,1.0,-1,6,30,1,1,1,11:01,3,4,9
2023461342793,2023,461342793,2,1,1,1,58,9,3,0,0,0,0,0,9,9,E01024112,3,1,0.0,1.0,-1,6,40,1,1,1,14:20,6,3,9
2023010461909,2023,010461909,1,1,2,1,12,3,3,0,0,0,4,0,11,1,E01003184,-1,0,0.0,1.0,-1,6,30,1,1,1,18:22,3,1,11
2023531261031,2023,531261031,2,1,1,1,30,6,3,0,0,0,0,0,-1,9,E01022340,3,1,0.0,1.0,-1,6,30,1,1,2,08:30,2,2,-1
2023122300763,2023,122300763,2,4,2,2,30,6,3,0,0,1,0,0,9,8,E01013392,-1,0,0.04441,0.95559,-1,6,40,1,1,1,16:12,1,2,9
2023631354617,2023,631354617,2,1,1,2,34,6,3,0,0,0,0,0,9,-1,-1,3,1,0.0,1.0,-1,6,30,2,1,2,13:20,4,2,9
2023010450257,2023,010450257,1,1,1,1,43,7,3,0,0,0,0,0,1,6,E01003219,-1,0,0.0,1.0,-1,6,30,1,1,1,16:36,2,2,1
2023010478334,2023,010478334,2,1,1,1,45,7,3,0,0,0,0,0,3,2,E01032564,-1,0,0.0,1.0,-1,2,20,2,1,2,09:00,5,2,3
2023041391618,2023,041391618,1,1,3,1,-1,-1,2,5,1,0,0,0,0,3,E01025571,5,1,1.0,0.0,-1,6,30,4,4,1,01:15,7,1,9
2023440285222,2023,440285222,1,1,3,1,65,9,2,4,3,0,0,0,0,10,E01015455,-1,0,1.0,0.0,-1,6,30,1,4,2,23:42,7,1,9
2023351354115,2023,351354115,2,1,1,2,25,5,3,0,0,0,0,0,9,5,E01018102,3,1,0.0,1.0,-1,6,30,1,1,1,08:17,4,2,9
2023101297672,2023,101297672,2,1,1,1,49,8,2,0,0,0,0,0,1,6,E01008685,7,1,1.0,0.0,-1,6,20,1,1,1,13:30,1,2,1
2023122300589,2023,122300589,1,1,1,1,32,6,2,0,0,0,0,0,1,8,E01013392,-1,0,1.0,0.0,-1,6,30,1,1,1,11:00,1,2,1
2023010471271,2023,010471271,1,1,1,1,35,6,2,0,0,0,0,0,3,1,E01001979,-1,0,1.0,0.0,-1,6,20,1,4,1,00:00,4,2,3
2023471294749,2023,471294749,1,1,1,1,52,8,3,0,0,0,0,0,5,4,E01020997,3,1,0.0,1.0,-1,6,50,1,1,1,09:30,7,2,5
2023010462502,2023,010462502,1,1,2,-1,-1,-1,3,0,0,1,0,0,9,-1,-1,-1,0,0.0,1.0,-1,6,30,1,1,1,13:20,7,1,9
2023351344171,2023,351344171,3,3,2,1,22,5,3,0,0,1,0,0,9,7,E01030103,3,1,0.0,1.0,-1,3,70,1,6,1,21:41,1,3,9
2023430258152,2023,430258152,1,1,1,2,44,7,3,0,0,0,0,0,9,8,E01016269,-1,0,0.00817,0.99183,-1,6,30,1,1,1,08:56,2,2,9