collision_index,collision_year,collision_ref_no,vehicle_reference,casualty_reference,casualty_class,sex_of_casualty,age_of_casualty,age_band_of_casualty,casualty_severity,pedestrian_location,pedestrian_movement,car_passenger,bus_or_coach_passenger,pedestrian_road_maintenance_worker,casualty_type,casualty_imd_decile,lsoa_of_casualty,enhanced_casualty_severity,casualty_injury_based,casualty_adjusted_severity_serious,casualty_adjusted_severity_slight,casualty_distance_banding,road_type,speed_limit,weather_conditions,light_conditions,road_surface_conditions,time,day_of_week,number_of_vehicles,vehicle_type
2023122300373,2023,122300373,1,1,1,2,51,8,3,0,0,0,0,0,1,8,E01027680,-1,0,0.0601,0.9399,-1,3,30,1,1,1,19:15,3,2,1
2023471342523,2023,471342523,2,1,1,1,18,4,3,0,0,0,0,0,1,8,E01031814,3,1,0.0,1.0,-1,6,30,1,4,1,21:00,4,2,1
2023061341053,2023,061341053,3,5,2,2,19,4,3,0,0,1,0,0,9,3,E01006066,3,1,0.0,1.0,-1,6,30,1,1,1,18:18,7,4,9
2023201276886,2023,201276886,1,1,1,2,52,8,3,0,0,0,0,0,9,2,E01010448,3,1,0.0,1.0,-1,6,30,1,4,2,02:30,1,1,9
2023010420597,2023,010420597,1,1,3,1,63,9,2,1,3,0,0,0,0,1,E01003048,-1,0,1.0,0.0,-1,6,30,2,4,2,15:52,3,1,9
2023010466175,2023,010466175,1,1,1,1,24,5,3,0,0,0,0,0,1,6,E01004501,-1,0,0.0,1.0,-1,9,20,9,1,9,12:10,6,2,1
2023631375927,2023,631375927,3,3,2,2,15,3,3,0,0,2,0,0,9,5,W01000536,3,1,0.0,1.0,-1,6,60,2,6,2,21:50,6,3,9
2023991332059,2023,991332059,2,1,1,1,48,8,3,0,0,0,0,0,5,2,-1,3,1,0.0,1.0,-1,3,30,1,1,1,20:40,6,2,5
2023221347433,2023,221347433,1,1,3,2,80,11,3,5,1,0,0,0,0,6,E01032436,3,1,0.0,1.0,-1,6,20,1,1,1,16:00,2,1,19
202360A075663,2023,60A075663,1,1,1,1,36,7,2,0,0,0,0,0,5,-1,-1,-1,0,1.0,0.0,-1,6,60,1,6,1,21:45,7,1,5
2023010478565,2023,010478565,1,1,3,2,72,10,2,4,1,0,0,0,0,2,E01001971,-1,0,1.0,0.0,-1,6,20,1,1,2,13:50,6,1,1
2023440500387,2023,440500387,2,1,1,1,26,6,3,0,0,0,0,0,3,1,E01017274,-1,0,0.15009,0.84991,-1,6,30,2,4,2,18:18,5,2,3
2023010447319,2023,010447319,1,1,1,2,74,10,3,0,0,0,0,0,9,7,E01000364,-1,0,0.0,1.0,-1,3,50,1,1,1,05:59,3,2,9
2023010459928,2023,010459928,2,1,1,1,38,7,3,0,0,0,0,0,9,-1,-1,-1,0,0.0,1.0,-1,6,30,1,1,1,19:40,5,2,9
2023122301131,2023,122301131,1,1,1,1,35,6,3,0,0,0,0,0,9,2,E01009635,-1,0,0.04232,0.95768,-1,6,30,5,1,2,07:58,6,1,9
2023201290753,2023,201290753,1,1,2,1,36,7,3,0,0,1,0,0,9,-1,-1,3,1,0.0,1.0,-1,6,30,1,4,1,18:50,2,2,9
2023501287556,2023,501287556,1,1,1,1,46,8,3,0,0,0,0,0,9,9,E01033234,3,1,0.0,1.0,-1,3,60,1,1,2,09:15,5,1,9
2023010469375,2023,010469375,1,2,2,2,2,1,3,0,0,0,4,0,11,1,E01003515,-1,0,0.0,1.0,-1,6,30,1,1,1,12:07,1,1,11
2023101361897,2023,101361897,1,1,3,1,11,3,3,5,3,0,0,0,0,10,E01027494,3,1,0.0,1.0,-1,6,30,1,1,1,15:30,2,1,9
2023332300907,2023,332300907,1,1,3,2,10,2,2,5,3,0,0,0,0,6,E01025646,-1,0,1.0,0.0,-1,6,40,1,1,1,18:13,5,2,9
2023010429884,2023,010429884,1,1,1,-1,28,6,3,0,0,0,0,0,1,2,E01000867,-1,0,0.0,1.0,-1,6,20,9,1,9,10:00,3,2,1
2023440127339,2023,440127339,2,1,1,1,33,6,3,0,0,0,0,0,1,4,E01017122,-1,0,0.15046,0.84954,-1,6,30,4,1,2,08:59,6,2,1
2023010484305,2023,010484305,1,2,2,2,18,4,3,0,0,2,0,0,9,2,E01000072,-1,0,0.0,1.0,-1,3,50,9,1,1,17:11,6,2,9
2023061286456,2023,061286456,2,3,2,2,-1,-1,3,0,0,-1,0,0,9,-1,-1,3,1,0.0,1.0,-1,6,20,1,1,1,12:40,6,2,9
2023501341993,2023,501341993,1,1,2,2,53,8,2,0,0,1,0,0,9,2,E01014340,6,1,1.0,0.0,-1,6,30,1,1,1,18:41,2,2,9
2023461357549,2023,461357549,1,1,1,1,14,3,3,0,0,0,0,0,-1,2,E01016025,3,1,0.0,1.0,-1,6,30,1,1,1,16:33,7,2,-1
2023430512395,2023,430512395,1,1,3,1,19,4,2,6,9,0,0,0,0,6,E01028526,-1,0,1.0,0.0,-1,6,20,1,1,2,08:15,2,1,11
2023440061593,2023,440061593,1,2,2,2,11,3,3,0,0,0,0,0,3,9,E01022767,-1,0,0.15092,0.84908,-1,6,30,9,4,2,21:21,2,1,3
2023052301007,2023,052301007,3,3,1,2,52,8,3,0,0,0,0,0,9,4,E01025509,-1,0,0.01687,0.98313,-1,6,30,1,1,1,15:00,4,3,9
2023320594743,2023,320594743,1,2,2,1,79,11,3,0,0,2,0,0,9,4,E01026102,-1,0,0.19005,0.80995,-1,6,60,1,1,1,18:45,1,1,9
2023201424679,2023,201424679,1,1,1,1,19,4,3,0,0,0,0,0,9,8,E01009812,3,1,0.0,1.0,-1,6,30,1,4,1,23:11,7,3,9
2023031382932,2023,031382932,1,1,3,2,12,3,2,1,3,0,0,0,0,-1,-1,7,1,1.0,0.0,-1,6,30,2,4,2,15:25,2,1,9
2023440448752,2023,440448752,2,1,1,1,21,5,2,0,0,0,0,0,5,6,E01022824,-1,0,1.0,0.0,-1,6,30,4,4,1,17:25,5,2,5
2023201376301,2023,201376301,2,2,2,1,50,8,3,0,0,2,0,0,9,3,E01010055,3,1,0.0,1.0,-1,7,30,1,4,1,22:57,1,3,9
2023401358858,2023,401358858,2,1,1,1,42,7,3,0,0,0,0,0,9,5,E01017486,3,1,0.0,1.0,-1,6,60,1,1,-1,13:00,1,3,9
2023440225239,2023,440225239,2,1,1,1,79,11,1,0,0,0,0,0,9,7,E01030423,-1,0,0.0,0.0,-1,6,60,1,1,1,12:27,4,2,9
2023010421994,2023,010421994,2,1,1,1,22,5,2,0,0,0,0,0,2,3,E01002542,-1,0,1.0,0.0,-1,6,30,1,1,1,08:51,4,2,2
2023122300099,2023,122300099,1,1,1,2,57,9,2,0,0,0,0,0,4,5,E01013446,-1,0,1.0,0.0,-1,6,30,9,1,9,13:15,2,1,4
2023231323479,2023,231323479,2,1,1,1,56,9,3,0,0,0,0,0,5,8,E01031310,3,1,0.0,1.0,-1,6,50,1,1,1,13:44,7,2,5
2023101311527,2023,101311527,2,1,1,2,52,8,3,0,0,0,0,0,9,4,E01008230,3,1,0.0,1.0,-1,6,30,1,1,1,14:35,7,2,9
2023201427759,2023,201427759,2,1,1,2,66,10,3,0,0,0,0,0,9,7,E01010034,3,1,0.0,1.0,-1,6,30,1,1,1,12:03,2,2,9
2023010483152,2023,010483152,2,1,2,2,55,8,3,0,0,2,0,0,9,1,E01001798,-1,0,0.0,1.0,-1,6,20,2,1,2,14:54,7,2,9
2023041279633,2023,041279633,1,1,1,2,65,9,3,0,0,0,0,0,9,7,E01025347,3,1,0.0,1.0,-1,6,50,5,4,2,04:51,6,1,9
2023161392338,2023,161392338,2,8,2,1,38,7,2,0,0,2,0,0,9,-1,-1,5,1,1.0,0.0,-1,6,60,1,6,1,16:50,3,2,9
2023061351200,2023,061351200,2,1,1,1,27,6,3,0,0,0,0,0,9,2,E01005487,3,1,0.0,1.0,-1,6,20,1,1,1,07:00,2,2,9
2023131324726,2023,131324726,1,1,2,1,28,6,3,0,0,2,0,0,9,1,E01011430,3,1,0.0,1.0,-1,6,20,1,1,1,15:41,6,2,9
2023201288575,2023,201288575,2,1,1,1,37,7,3,0,0,0,0,0,9,7,E01009974,3,1,0.0,1.0,-1,6,30,1,4,1,18:28,1,2,9
2023201412591,2023,201412591,2,1,1,2,46,8,3,0,0,0,0,0,9,1,E01009513,3,1,0.0,1.0,-1,6,30,2,1,2,15:17,5,4,9
2023010454123,2023,010454123,1,1,2,1,65,9,3,0,0,0,4,0,11,1,E01001740,-1,0,0.0,1.0,-1,6,20,9,1,1,18:10,4,1,11
2023061348299,2023,061348299,2,1,1,1,36,7,3,0,0,0,0,0,1,8,E01006174,3,1,0.0,1.0,-1,6,30,1,1,1,17:45,6,2,1
2023991364373,2023,991364373,1,2,1,1,55,8,3,0,0,0,0,0,9,3,-1,3,1,0.0,1.0,-1,6,60,1,1,1,16:00,4,2,9
2023131343268,2023,131343268,2,1,1,1,29,6,3,0,0,0,0,0,9,1,E01033258,3,1,0.0,1.0,-1,6,30,2,4,2,23:30,6,2,9
2023501299199,2023,501299199,2,2,1,1,31,6,3,0,0,0,0,0,19,2,E01019046,3,1,0.0,1.0,-1,6,60,1,1,1,08:50,5,2,19
2023546987723,2023,546987723,1,1,3,1,73,10,2,1,3,0,0,0,0,9,E01031897,-1,0,1.0,0.0,-1,6,30,2,1,2,13:52,3,1,9
2023010466232,2023,010466232,1,1,1,1,33,6,3,0,0,0,0,0,9,5,E01002262,-1,0,0.0,1.0,-1,7,20,1,1,1,10:11,6,2,9
2023101282582,2023,101282582,2,3,2,1,12,3,3,0,0,2,0,0,9,5,E01008410,3,1,0.0,1.0,-1,6,30,2,1,2,15:30,3,2,9
2023991362052,2023,991362052,1,2,1,1,41,7,3,0,0,0,0,0,9,-1,-1,3,1,0.0,1.0,-1,6,20,1,1,1,08:15,5,2,9
2023622300424,2023,622300424,1,1,3,1,5,1,3,5,4,0,0,0,0,1,W01001070,-1,0,0.10693,0.89307,-1,6,30,1,1,1,18:46,7,1,8
2023010444325,2023,010444325,2,1,1,1,24,5,2,0,0,0,0,0,1,6,E01001990,-1,0,1.0,0.0,-1,6,20,1,1,1,20:40,1,2,1
2023221284218,2023,221284218,1,1,2,2,21,5,3,0,0,1,0,0,9,7,E01031212,3,1,0.0,1.0,-1,6,30,1,1,1,17:31,2,2,9
2023421331616,2023,421331616,1,2,2,2,75,10,2,0,0,0,4,0,11,-1,-1,7,1,1.0,0.0,-1,6,30,1,1,1,19:00,5,2,11
2023041321672,2023,041321672,1,1,3,2,19,4,3,10,9,0,0,0,0,1,E01012680,3,1,0.0,1.0,-1,6,30,1,1,1,11:30,6,1,11
2023061280486,2023,061280486,3,2,2,2,63,9,3,0,0,2,0,0,9,4,E01025011,3,1,0.0,1.0,-1,3,70,1,4,1,18:17,7,4,9
2023401393855,2023,401393855,2,1,1,1,29,6,3,0,0,0,0,0,9,9,E01030718,3,1,0.0,1.0,-1,3,70,2,4,2,19:21,4,2,9
2023340WN4282,2023,340WN4282,2,1,1,1,42,7,2,0,0,0,0,0,9,-1,-1,-1,0,1.0,0.0,-1,6,60,1,1,1,15:07,4,2,9
2023340WN7022,2023,340WN7022,2,2,1,2,40,7,3,0,0,0,0,0,9,9,E01027144,-1,0,0.04156,0.95844,-1,6,30,1,1,2,14:55,6,2,9
2023501322962,2023,501322962,1,2,2,1,19,4,3,0,0,1,0,0,9,4,E01018758,3,1,0.0,1.0,-1,6,40,1,1,1,16:47,2,2,9
2023010461533,2023,010461533,1,1,2,1,66,10,3,0,0,0,3,0,11,5,E01001933,-1,0,0.0,1.0,-1,6,30,1,1,1,10:58,1,2,11
2023311277853,2023,311277853,1,1,2,1,-1,-1,3,0,0,0,1,0,11,-1,-1,3,1,0.0,1.0,-1,6,30,1,1,1,10:50,6,1,11
2023010470361,2023,010470361,1,1,3,1,35,6,3,4,9,0,0,0,0,6,E01002422,-1,0,0.0,1.0,-1,6,20,4,1,1,11:00,6,1,9
2023041293934,2023,041293934,2,1,3,1,32,6,3,8,5,0,0,0,0,2,E01012711,3,1,0.0,1.0,-1,6,20,9,1,2,13:45,5,2,1
2023061280002,2023,061280002,1,1,3,2,77,11,3,10,9,0,0,0,0,9,E01005406,3,1,0.0,1.0,-1,6,20,1,1,1,14:32,4,1,19
2023461285306,2023,461285306,1,1,3,1,43,7,3,5,7,0,0,0,0,6,E01024728,3,1,0.0,1.0,-1,6,20,1,1,1,09:13,2,1,9
2023320471817,2023,320471817,2,1,2,1,45,7,3,0,0,1,0,0,9,6,E01026251,-1,0,0.05088,0.94912,-1,6,60,1,1,1,11:30,1,2,9
2023401308637,2023,401308637,1,1,1,1,21,5,3,0,0,0,0,0,9,9,E01017614,3,1,0.0,1.0,-1,6,30,1,1,1,18:38,6,4,9
2023461291753,2023,461291753,1,1,1,1,34,6,3,0,0,0,0,0,9,6,E01001572,3,1,0.0,1.0,-1,6,30,1,1,1,17:19,2,2,9
2023631391701,2023,631391701,3,1,1,1,61,9,2,0,0,0,0,0,9,7,W01000548,6,1,1.0,0.0,-1,6,60,2,6,2,07:25,7,4,9
2023991277950,2023,991277950,1,2,2,2,16,4,2,0,0,1,0,0,9,10,-1,7,1,1.0,0.0,-1,3,70,2,6,2,17:58,7,1,9
2023122300600,2023,122300600,2,1,1,1,47,8,3,0,0,0,0,0,21,2,E01012342,-1,0,0.03708,0.96292,-1,6,60,1,1,1,07:45,3,2,21
2023070197870,2023,070197870,2,1,1,1,63,9,3,0,0,0,0,0,4,9,E01018362,-1,0,0.07298,0.92702,-1,1,30,1,1,1,11:45,3,2,4
2023010452532,2023,010452532,2,2,1,1,39,7,3,0,0,0,0,0,5,-1,-1,-1,0,0.0,1.0,-1,6,30,1,1,1,08:11,7,2,5
2023010476339,2023,010476339,1,1,1,1,56,9,3,0,0,0,0,0,5,3,E01000127,-1,0,0.0,1.0,-1,6,30,1,4,1,18:42,2,2,5
2023131344493,2023,131344493,1,3,2,1,32,6,3,0,0,2,0,0,9,1,E01010608,3,1,0.0,1.0,-1,3,30,1,4,1,00:10,4,1,9
2023131370533,2023,131370533,2,1,1,2,49,8,3,0,0,0,0,0,9,8,E01011930,3,1,0.0,1.0,-1,2,30,1,1,1,09:34,6,3,9
2023201409392,2023,201409392,2,2,2,2,16,4,3,0,0,1,0,0,9,4,E01009268,3,1,0.0,1.0,-1,3,40,1,1,1,17:30,7,2,9
2023430521867,2023,430521867,2,1,2,2,94,11,3,0,0,1,0,0,9,-1,-1,-1,0,0.05095,0.94905,-1,6,40,1,1,2,11:02,2,3,9
2023451391716,2023,451391716,5,2,2,2,66,10,3,0,0,1,0,0,9,8,E01032831,3,1,0.0,1.0,-1,3,70,1,1,1,10:30,7,5,9
2023520301025,2023,520301025,1,1,1,2,21,5,3,0,0,0,0,0,9,9,E01014441,-1,0,0.04268,0.95732,-1,6,60,1,1,1,18:48,3,2,9
2023052302827,2023,052302827,2,1,1,1,37,7,3,0,0,0,0,0,1,1,E01006967,-1,0,0.09656,0.90344,-1,6,30,1,1,1,14:20,6,2,1
2023010484502,2023,010484502,1,1,3,1,60,9,3,10,9,0,0,0,0,4,E01001165,-1,0,0.0,1.0,-1,6,30,1,4,1,01:00,1,1,9
2023991314498,2023,991314498,2,1,1,1,38,7,3,0,0,0,0,0,1,10,-1,3,1,0.0,1.0,-1,1,30,1,1,1,13:15,6,2,1
2023010465016,2023,010465016,1,1,1,1,33,6,3,0,0,0,0,0,9,3,E01003532,-1,0,0.0,1.0,-1,9,30,1,5,9,19:37,7,2,9
2023122301424,2023,122301424,2,1,1,2,19,4,2,0,0,0,0,0,9,9,E01027921,-1,0,1.0,0.0,-1,6,30,1,1,1,14:30,4,2,9
2023131373761,2023,131373761,1,1,2,1,21,5,2,0,0,1,0,0,9,1,E01010830,7,1,1.0,0.0,-1,6,30,1,4,2,22:15,1,2,9
2023332301173,2023,332301173,2,1,2,2,66,10,3,0,0,1,0,0,9,9,E01019850,-1,0,0.07383,0.92617,-1,6,60,1,1,1,13:33,6,2,9
2023451320747,2023,451320747,2,1,1,1,44,7,3,0,0,0,0,0,9,4,E01031549,3,1,0.0,1.0,-1,6,60,5,1,2,09:07,3,2,9
2023101321688,2023,101321688,1,1,2,2,72,10,3,0,0,0,3,0,11,3,E01033548,3,1,0.0,1.0,-1,6,30,1,1,1,10:05,3,1,11
2023201378330,2023,201378330,1,1,3,2,83,11,2,8,5,0,0,0,0,1,E01009019,7,1,1.0,0.0,-1,1,30,1,1,1,10:43,5,1,9
2023332300884,2023,332300884,1,1,1,1,17,4,3,0,0,0,0,0,4,7,E01025751,-1,0,0.06576,0.93424,-1,6,30,1,1,2,16:00,6,2,4
2023131348956,2023,131348956,1,1,2,2,56,9,3,0,0,1,0,0,9,1,E01011510,3,1,0.0,1.0,-1,1,40,2,1,2,09:00,7,1,9
2023461387032,2023,461387032,1,1,3,1,34,6,3,9,5,0,0,0,0,2,E01024049,3,1,0.0,1.0,-1,6,60,1,6,2,17:24,4,1,9
2023010459008,2023,010459008,1,2,2,2,22,5,3,0,0,2,0,0,9,2,E01000935,-1,0,0.0,1.0,-1,6,30,8,4,1,03:37,7,4,9
2023131374483,2023,131374483,1,1,1,2,37,7,3,0,0,0,0,0,9,1,E01005483,3,1,0.0,1.0,-1,6,40,2,1,2,12:40,3,3,9
2023201398166,2023,201398166,1,1,1,2,81,11,3,0,0,0,0,0,9,-1,-1,3,1,0.0,1.0,-1,7,50,1,1,1,15:29,5,2,9
2023201453223,2023,201453223,2,1,1,1,46,8,3,0,0,0,0,0,9,1,E01013958,3,1,0.0,1.0,-1,6,30,1,4,2,17:35,5,2,9
2023461310421,2023,461310421,2,1,2,2,16,4,3,0,0,1,0,0,9,5,E01024191,3,1,0.0,1.0,-1,3,30,1,4,1,22:29,7,2,9
2023061261713,2023,061261713,1,1,3,2,37,7,3,1,9,0,0,0,0,4,E01005295,3,1,0.0,1.0,-1,6,30,2,4,2,17:40,3,1,9
2023131287181,2023,131287181,1,1,1,2,29,6,3,0,0,0,0,0,9,5,E01011896,3,1,0.0,1.0,-1,3,30,2,1,2,16:10,4,2,9
2023311357565,2023,311357565,2,1,1,2,27,6,2,0,0,0,0,0,9,2,E01028313,7,1,1.0,0.0,-1,6,40,1,1,1,13:00,5,2,9
2023991315731,2023,991315731,1,1,3,1,30,6,3,1,3,0,0,0,0,1,-1,3,1,0.0,1.0,-1,6,30,1,1,1,14:15,1,1,9
2023010452731,2023,010452731,1,1,1,1,26,6,3,0,0,0,0,0,1,3,E01004743,-1,0,0.0,1.0,-1,6,30,1,1,1,10:00,1,2,1
2023501322498,2023,501322498,1,1,1,1,48,8,2,0,0,0,0,0,1,5,E01019050,6,1,1.0,0.0,-1,6,50,1,1,1,13:10,1,2,1
2023010429881,2023,010429881,1,1,1,2,27,6,3,0,0,0,0,0,9,2,E01001081,-1,0,0.0,1.0,-1,6,30,1,4,1,18:54,7,1,9
2023122301447,2023,122301447,1,1,1,2,88,11,3,0,0,0,0,0,9,10,E01027574,-1,0,0.13986,0.86014,-1,3,60,1,1,1,16:00,6,1,9
2023221343350,2023,221343350,1,1,1,2,68,10,3,0,0,0,0,0,9,5,E01014049,3,1,0.0,1.0,-1,6,40,1,1,1,09:25,7,2,9
2023302300413,2023,302300413,2,2,2,1,21,5,3,0,0,1,0,0,9,2,E01013918,-1,0,0.11759,0.88241,-1,3,70,1,1,1,17:37,6,4,9
2023311330383,2023,311330383,1,1,1,1,31,6,2,0,0,0,0,0,9,3,E01033397,7,1,1.0,0.0,-1,6,20,1,4,1,02:52,3,4,9
2023471299670,2023,471299670,2,1,1,1,21,5,3,0,0,0,0,0,9,1,E01024687,3,1,0.0,1.0,-1,3,30,1,1,1,14:00,6,2,9
2023471307158,2023,471307158,2,1,1,2,62,9,3,0,0,0,0,0,9,7,E01031782,3,1,0.0,1.0,-1,6,40,1,1,1,13:50,1,3,9
202363A029523,2023,63A029523,1,1,1,1,44,7,3,0,0,0,0,0,9,-1,-1,-1,0,0.17084,0.82916,-1,3,70,1,4,1,02:00,1,1,9
2023041365780,2023,041365780,1,1,2,2,20,4,2,0,0,1,0,0,9,9,E01025490,7,1,1.0,0.0,-1,6,40,7,4,1,02:35,2,1,9
2023122300595,2023,122300595,1,1,1,1,62,9,3,0,0,0,0,0,9,6,E01027923,-1,0,0.19926,0.80074,-1,6,60,1,6,1,00:30,1,1,9
2023421356618,2023,421356618,1,3,1,2,69,10,3,0,0,0,0,0,9,6,E01023499,3,1,0.0,1.0,-1,6,60,1,1,1,16:27,3,2,9
2023010451411,2023,010451411,1,1,3,2,24,5,3,1,9,0,0,0,0,2,E01000027,-1,0,0.0,1.0,-1,6,30,1,1,1,19:10,1,1,9
2023231313424,2023,231313424,3,2,1,1,27,6,2,0,0,0,0,0,1,8,E01031323,7,1,1.0,0.0,-1,6,30,1,1,1,08:10,6,3,1
2023401344024,2023,401344024,2,1,1,2,55,8,2,0,0,0,0,0,1,9,E01027037,7,1,1.0,0.0,-1,6,60,1,1,1,10:14,4,2,1
2023411338102,2023,411338102,2,1,1,1,60,9,3,0,0,0,0,0,1,6,E01023320,3,1,0.0,1.0,-1,6,30,1,1,1,09:05,4,2,1
2023010450324,2023,010450324,1,1,1,1,22,5,3,0,0,0,0,0,3,3,E01000637,-1,0,0.0,1.0,-1,9,20,1,1,1,15:26,3,2,3
2023302301449,2023,302301449,1,1,2,2,83,11,3,0,0,1,0,0,9,-1,-1,-1,0,0.16475,0.83525,-1,6,30,1,1,1,15:59,7,2,9
2023351355157,2023,351355157,2,2,2,2,16,4,3,0,0,1,0,0,9,5,E01018080,3,1,0.0,1.0,-1,6,30,1,1,1,18:20,4,2,9
2023421269503,2023,421269503,2,2,2,1,23,5,3,0,0,1,0,0,9,-1,-1,3,1,0.0,1.0,-1,1,30,1,4,2,02:18,2,2,9
2023991333918,2023,991333918,1,1,1,1,54,8,3,0,0,0,0,0,9,9,-1,3,1,0.0,1.0,-1,6,60,1,1,1,13:55,7,2,9
2023311333085,2023,311333085,2,1,1,2,82,11,3,0,0,0,0,0,9,3,E01013828,3,1,0.0,1.0,-1,6,60,1,1,1,09:36,3,2,9
202360A136838,2023,60A136838,1,1,1,1,30,6,3,0,0,0,0,0,9,-1,-1,-1,0,0.1522,0.8478,-1,6,60,2,1,2,06:15,7,2,9
2023122301140,2023,122301140,3,1,1,1,20,4,3,0,0,0,0,0,19,7,E01013442,-1,0,0.03739,0.96261,-1,6,60,1,1,2,08:44,6,3,19
2023311384145,2023,311384145,2,1,1,1,22,5,3,0,0,0,0,0,23,4,E01013912,3,1,0.0,1.0,-1,6,30,2,4,2,16:30,4,2,23
2023471353046,2023,471353046,1,1,3,1,36,7,3,6,9,0,0,0,0,7,E01021098,3,1,0.0,1.0,-1,6,30,1,1,1,08:43,4,1,19
2023141265508,2023,141265508,3,2,1,2,30,6,3,0,0,0,0,0,9,-1,-1,3,1,0.0,1.0,-1,7,50,1,4,2,21:32,2,3,9
2023461341485,2023,461341485,1,1,1,2,23,5,3,0,0,0,0,0,9,9,E01024808,3,1,0.0,1.0,-1,6,50,1,6,1,23:00,4,1,9
2023411273753,2023,411273753,1,1,1,1,20,4,3,0,0,0,0,0,97,6,E01023942,3,1,0.0,1.0,-1,6,30,1,1,1,13:44,5,2,97
2023170H10313,2023,170H10313,2,2,1,1,65,9,2,0,0,0,0,0,9,2,E01011993,-1,0,1.0,0.0,-1,6,30,1,1,1,18:07,3,2,9
2023010454161,2023,010454161,1,1,1,1,36,7,3,0,0,0,0,0,19,4,E01000728,-1,0,0.0,1.0,-1,6,30,1,1,1,15:30,4,2,19
2023031374042,2023,031374042,2,2,1,1,55,8,3,0,0,0,0,0,19,8,E01019391,3,1,0.0,1.0,-1,6,60,2,1,2,08:15,2,2,19
2023041320016,2023,041320016,2,2,1,1,22,5,3,0,0,0,0,0,1,4,E01006554,3,1,0.0,1.0,-1,6,60,1,1,1,18:55,7,2,1
2023052302767,2023,052302767,1,2,2,2,35,6,3,0,0,1,0,0,9,3,E01006876,-1,0,0.07582,0.92418,-1,3,40,1,1,2,11:50,6,3,9
2023421352708,2023,421352708,2,3,2,2,18,4,2,0,0,2,0,0,9,5,E01010418,7,1,1.0,0.0,-1,6,30,1,6,1,00:45,2,2,9
2023461320583,2023,461320583,2,1,1,1,20,4,3,0,0,0,0,0,9,9,E01032816,3,1,0.0,1.0,-1,6,60,1,1,1,19:25,6,2,9
2023010448549,2023,010448549,1,1,1,1,36,7,3,0,0,0,0,0,1,4,E01001247,-1,0,0.0,1.0,-1,1,20,8,1,1,05:58,1,2,1
2023451359964,2023,451359964,2,1,1,1,57,9,2,0,0,0,0,0,5,7,E01023109,7,1,1.0,0.0,-1,6,30,1,1,1,17:15,5,2,5
2023010433886,2023,010433886,1,1,1,2,23,5,3,0,0,0,0,0,9,7,E01002269,-1,0,0.0,1.0,-1,6,20,1,1,1,13:00,1,2,9
2023010462106,2023,010462106,2,1,1,1,46,8,3,0,0,0,0,0,9,4,E01004048,-1,0,0.0,1.0,-1,6,20,8,1,2,06:00,5,2,9
2023101305076,2023,101305076,1,1,1,1,24,5,3,0,0,0,0,0,9,4,E01012026,3,1,0.0,1.0,-1,6,50,2,1,2,18:35,2,1,9
2023311327616,2023,311327616,1,6,2,2,8,2,3,0,0,2,0,0,9,8,E01028000,3,1,0.0,1.0,-1,6,60,1,1,1,18:04,6,2,9
2023052302775,2023,052302775,1,1,3,1,69,10,3,4,3,0,0,0,0,1,E01007016,-1,0,0.22388,0.77612,-1,6,20,1,5,1,21:41,7,1,9
2023311336208,2023,311336208,1,1,1,1,36,7,2,0,0,0,0,0,4,-1,-1,7,1,1.0,0.0,-1,6,30,1,1,1,17:15,2,1,4
2023010455589,2023,010455589,1,1,1,1,30,6,3,0,0,0,0,0,3,2,E01033581,-1,0,0.0,1.0,-1,9,20,9,1,9,20:31,6,2,3
2023141265508,2023,141265508,4,1,1,1,21,5,1,0,0,0,0,0,5,8,E01019449,1,1,0.0,0.0,-1,7,50,1,4,2,21:32,2,3,5
2023451355687,2023,451355687,1,1,1,1,19,4,2,0,0,0,0,0,5,6,E01023121,5,1,1.0,0.0,-1,3,50,1,6,1,01:52,1,1,5
2023061348389,2023,061348389,2,1,1,1,31,6,3,0,0,0,0,0,8,1,E01004870,3,1,0.0,1.0,-1,3,30,1,4,1,00:38,1,2,8
2023211376777,2023,211376777,1,1,1,2,76,11,1,0,0,0,0,0,9,-1,-1,1,1,0.0,0.0,-1,6,30,1,1,1,14:00,2,1,9
2023361302070,2023,361302070,2,1,1,2,35,6,2,0,0,0,0,0,9,9,E01026938,6,1,1.0,0.0,-1,6,60,2,1,2,07:08,6,2,9
2023010476947,2023,010476947,1,1,1,1,18,4,3,0,0,0,0,0,1,2,E01000867,-1,0,0.0,1.0,-1,9,20,1,1,1,15:24,5,2,1
2023430028917,2023,430028917,1,3,2,1,23,5,2,0,0,2,0,0,9,4,E01016447,-1,0,1.0,0.0,-1,6,40,1,6,2,22:30,5,1,9
2023471275481,2023,471275481,1,2,1,2,52,8,3,0,0,0,0,0,9,4,E01031835,3,1,0.0,1.0,-1,3,70,1,1,1,16:57,6,2,9
2023501313103,2023,501313103,1,1,1,1,19,4,2,0,0,0,0,0,3,6,E01018986,7,1,1.0,0.0,-1,6,60,1,1,1,19:00,2,1,3
2023131332425,2023,131332425,1,1,1,1,32,6,3,0,0,0,0,0,9,7,E01027891,3,1,0.0,1.0,-1,6,30,2,1,2,09:12,1,4,9
2023520400903,2023,520400903,1,3,2,2,16,4,3,0,0,2,0,0,9,3,E01029072,-1,0,0.08053,0.91947,-1,6,60,1,6,2,19:30,7,1,9
2023010465448,2023,010465448,1,1,1,1,42,7,3,0,0,0,0,0,1,6,E01003792,-1,0,0.0,1.0,-1,6,20,1,1,1,08:25,3,2,1