collision_index,collision_year,collision_ref_no,vehicle_reference,casualty_reference,casualty_class,sex_of_casualty,age_of_casualty,age_band_of_casualty,casualty_severity,pedestrian_location,pedestrian_movement,car_passenger,bus_or_coach_passenger,pedestrian_road_maintenance_worker,casualty_type,casualty_imd_decile,lsoa_of_casualty,enhanced_casualty_severity,casualty_injury_based,casualty_adjusted_severity_serious,casualty_adjusted_severity_slight,casualty_distance_banding,road_type,speed_limit,weather_conditions,light_conditions,road_surface_conditions,time,day_of_week,number_of_vehicles,vehicle_type
2023131342219,2023,131342219,2,1,1,1,51,8,3,0,0,0,0,0,1,7,E01011511,3,1,0.0,1.0,-1,6,30,5,1,2,18:00,2,2,1
2023311265671,2023,311265671,2,1,1,1,13,3,3,0,0,0,0,0,-1,1,E01013921,3,1,0.0,1.0,-1,6,30,1,4,2,17:16,5,2,-1
2023122300203,2023,122300203,1,1,3,2,64,9,3,6,7,0,0,0,0,5,E01027729,-1,0,0.06415,0.93585,-1,9,30,1,1,1,14:00,7,1,22
2023010474850,2023,010474850,1,1,1,1,20,4,3,0,0,0,0,0,3,2,E01001911,-1,0,0.0,1.0,-1,6,20,1,4,2,21:30,5,2,3
2023991302598,2023,991302598,2,1,2,2,66,10,3,0,0,1,0,0,9,-1,-1,3,1,0.0,1.0,-1,6,40,2,1,2,15:25,1,2,9
2023371317367,2023,371317367,2,1,1,2,50,8,3,0,0,0,0,0,9,6,E01030220,3,1,0.0,1.0,-1,3,70,1,1,1,14:19,1,2,9
2023010447287,2023,010447287,1,1,3,2,48,8,3,1,3,0,0,0,0,-1,-1,-1,0,0.0,1.0,-1,6,30,1,1,1,09:50,3,1,19
2023131320077,2023,131320077,2,1,1,2,25,5,3,0,0,0,0,0,1,2,E01011691,3,1,0.0,1.0,-1,6,30,1,1,1,11:34,5,2,1
2023302301280,2023,302301280,2,1,1,1,43,7,3,0,0,0,0,0,1,9,E01033531,-1,0,0.09188,0.90812,-1,6,30,1,1,1,07:15,3,2,1
2023161310164,2023,161310164,1,1,1,2,24,5,3,0,0,0,0,0,9,1,E01012878,3,1,0.0,1.0,-1,9,30,1,1,1,18:26,6,2,9
2023461270730,2023,461270730,2,1,1,2,36,7,3,0,0,0,0,0,9,6,E01024530,3,1,0.0,1.0,-1,6,30,1,1,1,15:45,6,2,9
2023052301134,2023,052301134,2,2,1,1,58,9,3,0,0,0,0,0,9,10,E01007200,-1,0,0.05216,0.94784,-1,3,40,1,1,1,11:56,5,2,9
2023061308114,2023,061308114,1,1,3,1,9,2,2,5,1,0,0,0,0,1,E01005117,7,1,1.0,0.0,-1,3,30,1,1,1,20:00,2,1,9
2023061328657,2023,061328657,1,1,3,1,45,7,3,10,1,0,0,0,0,-1,-1,3,1,0.0,1.0,-1,6,20,2,1,2,09:42,3,1,9
2023010469095,2023,010469095,1,1,1,1,32,6,3,0,0,0,0,0,1,4,E01002507,-1,0,0.0,1.0,-1,6,20,1,1,1,19:30,6,1,1
2023161365747,2023,161365747,1,2,1,1,81,11,3,0,0,0,0,0,9,6,E01027814,3,1,0.0,1.0,-1,6,30,1,1,1,16:30,1,2,9
2023440173590,2023,440173590,1,1,1,2,17,4,3,0,0,0,0,0,9,9,E01022718,-1,0,0.0039,0.9961,-1,6,30,1,1,1,12:10,4,2,9
2023311295183,2023,311295183,1,3,1,1,26,6,3,0,0,0,0,0,11,3,E01019468,3,1,0.0,1.0,-1,1,30,2,1,2,17:52,2,2,11
2023131392101,2023,131392101,2,1,2,2,18,4,3,0,0,2,0,0,9,1,E01011144,3,1,0.0,1.0,-1,6,30,1,1,2,13:28,1,2,9
2023501347981,2023,501347981,1,1,1,2,67,10,3,0,0,0,0,0,9,2,E01004253,3,1,0.0,1.0,-1,6,60,1,1,2,18:11,6,2,9
2023520301825,2023,520301825,1,1,1,1,56,9,3,0,0,0,0,0,4,9,E01029076,-1,0,0.15939,0.84061,-1,6,30,1,4,1,06:10,6,2,4
2023010424122,2023,010424122,1,1,1,1,53,8,3,0,0,0,0,0,8,-1,-1,-1,0,0.0,1.0,-1,6,20,1,4,1,02:30,1,2,8
2023440021098,2023,440021098,1,1,1,1,61,9,3,0,0,0,0,0,21,4,E01019455,-1,0,0.11517,0.88483,-1,6,40,1,6,4,20:58,2,1,21
2023010456487,2023,010456487,1,1,3,1,8,2,2,5,1,0,0,0,0,2,E01003334,-1,0,1.0,0.0,-1,6,20,1,1,1,13:00,6,1,9
2023201392979,2023,201392979,1,1,3,1,7,2,3,1,3,0,0,0,0,2,E01010096,3,1,0.0,1.0,-1,6,30,1,4,2,17:11,6,1,9
2023440396948,2023,440396948,1,1,3,2,81,11,1,5,1,0,0,0,0,-1,-1,-1,0,0.0,0.0,-1,3,30,2,4,2,21:33,5,1,8
2023010458695,2023,010458695,1,1,1,1,24,5,3,0,0,0,0,0,1,3,E01002057,-1,0,0.0,1.0,-1,6,20,1,1,1,08:50,5,2,1
2023010455942,2023,010455942,2,1,1,1,58,9,2,0,0,0,0,0,4,2,E01003299,-1,0,1.0,0.0,-1,3,30,1,1,1,17:35,3,2,4
2023211290802,2023,211290802,2,2,1,2,38,7,3,0,0,0,0,0,9,3,E01029643,3,1,0.0,1.0,-1,7,40,1,1,1,10:17,2,2,9
2023430536384,2023,430536384,1,1,2,2,23,5,3,0,0,1,0,0,9,7,E01016613,-1,0,0.00179,0.99821,-1,2,30,1,1,1,08:59,3,2,9
2023451318008,2023,451318008,1,1,1,2,22,5,3,0,0,0,0,0,9,10,E01004114,3,1,0.0,1.0,-1,6,30,1,1,1,13:58,1,2,9
2023010441311,2023,010441311,1,1,1,1,30,6,3,0,0,0,0,0,97,9,E01023706,-1,0,0.0,1.0,-1,9,20,1,1,1,16:00,5,2,97
2023131342002,2023,131342002,1,1,3,2,20,4,3,5,3,0,0,2,0,5,E01011902,3,1,0.0,1.0,-1,6,30,1,1,1,11:30,7,1,3
2023451327871,2023,451327871,1,1,1,1,57,9,3,0,0,0,0,0,5,7,E01030864,3,1,0.0,1.0,-1,6,30,1,1,1,10:56,2,2,5
2023010471246,2023,010471246,1,1,1,2,30,6,3,0,0,0,0,0,9,3,E01003609,-1,0,0.0,1.0,-1,3,40,1,1,1,17:30,2,2,9
2023052301430,2023,052301430,1,1,1,2,57,9,3,0,0,0,0,0,9,3,E01007137,-1,0,0.07892,0.92108,-1,6,40,1,1,1,15:45,6,2,9
2023052303091,2023,052303091,2,2,1,1,69,10,3,0,0,0,0,0,9,4,E01007169,-1,0,0.04239,0.95761,-1,3,40,1,1,2,11:10,5,2,9
2023131350066,2023,131350066,5,1,2,2,2,1,3,0,0,1,0,0,9,-1,-1,3,1,0.0,1.0,-1,7,70,1,1,1,13:02,5,5,9
2023201409883,2023,201409883,1,3,2,2,15,3,3,0,0,2,0,0,9,2,E01029734,3,1,0.0,1.0,-1,6,30,1,1,2,14:45,6,2,9
2023361260526,2023,361260526,1,1,1,2,25,5,3,0,0,0,0,0,9,4,E01026656,3,1,0.0,1.0,-1,6,60,1,6,2,18:32,6,1,9
2023440094589,2023,440094589,1,1,1,2,30,6,3,0,0,0,0,0,9,5,E01023079,-1,0,0.03158,0.96842,-1,6,40,1,7,1,18:00,4,2,9
2023340WN3382,2023,340WN3382,1,1,3,2,10,2,3,5,1,0,0,0,0,-1,-1,-1,0,0.12314,0.87686,-1,6,30,1,1,1,08:55,4,1,9
2023501294995,2023,501294995,1,1,3,2,19,4,3,1,1,0,0,0,0,1,E01018997,3,1,0.0,1.0,-1,6,30,1,1,1,15:35,7,1,9
2023010467194,2023,010467194,1,1,1,1,30,6,3,0,0,0,0,0,1,-1,-1,-1,0,0.0,1.0,-1,2,20,1,1,1,18:15,3,2,1
2023010484800,2023,010484800,1,1,1,1,28,6,3,0,0,0,0,0,3,4,E01002406,-1,0,0.0,1.0,-1,3,40,1,4,1,19:16,2,2,3
2023031297920,2023,031297920,1,1,1,2,74,10,3,0,0,0,0,0,9,7,E01016812,3,1,0.0,1.0,-1,6,60,1,1,1,12:00,2,1,9
2023041393726,2023,041393726,2,1,1,1,49,8,3,0,0,0,0,0,9,4,E01012607,3,1,0.0,1.0,-1,1,30,1,1,1,14:02,5,2,9
2023311320977,2023,311320977,2,1,1,1,13,3,3,0,0,0,0,0,1,-1,-1,3,1,0.0,1.0,-1,6,30,1,1,1,15:49,6,2,1
2023010472661,2023,010472661,1,1,1,-1,35,6,3,0,0,0,0,0,3,8,E01004623,-1,0,0.0,1.0,-1,6,20,9,1,9,11:15,3,2,3
2023461356966,2023,461356966,1,1,2,2,70,10,3,0,0,2,0,0,9,-1,-1,3,1,0.0,1.0,-1,6,50,1,1,1,17:33,1,1,9
2023440068067,2023,440068067,1,1,1,1,55,8,2,0,0,0,0,0,1,9,E01022730,-1,0,1.0,0.0,-1,6,30,1,1,2,16:49,6,1,1
2023361311886,2023,361311886,1,1,1,1,54,8,2,0,0,0,0,0,5,9,E01026936,7,1,1.0,0.0,-1,6,60,1,1,1,16:00,6,1,5
2023041407033,2023,041407033,1,1,3,1,54,8,3,8,5,0,0,0,0,7,E01025079,3,1,0.0,1.0,-1,6,20,1,1,1,20:10,7,1,9
2023010461962,2023,010461962,1,1,1,1,34,6,3,0,0,0,0,0,1,6,E01003153,-1,0,0.0,1.0,-1,6,20,1,1,1,15:50,6,2,1
2023010430614,2023,010430614,1,1,1,1,34,6,3,0,0,0,0,0,3,2,E01033485,-1,0,0.0,1.0,-1,9,30,9,7,9,21:15,5,2,3
2023201276849,2023,201276849,2,1,2,2,5,1,3,0,0,2,0,0,9,5,E01010552,3,1,0.0,1.0,-1,6,30,1,1,2,11:46,1,2,9
2023302301177,2023,302301177,1,2,2,1,18,4,3,0,0,2,0,0,9,3,E01029408,-1,0,0.08986,0.91014,-1,3,40,2,1,2,20:00,1,2,9
2023401373942,2023,401373942,2,1,1,1,46,8,3,0,0,0,0,0,9,4,E01015792,3,1,0.0,1.0,-1,6,30,1,4,2,17:13,4,2,9
2023041383953,2023,041383953,1,1,3,1,50,8,3,5,2,0,0,0,0,1,E01005380,3,1,0.0,1.0,-1,6,30,1,1,2,08:35,5,1,9
2023010465033,2023,010465033,2,1,1,1,41,7,3,0,0,0,0,0,1,3,E01003960,-1,0,0.0,1.0,-1,6,20,1,4,1,20:05,7,2,1
2023010471391,2023,010471391,1,1,1,1,29,6,3,0,0,0,0,0,1,2,E01004290,-1,0,0.0,1.0,-1,6,30,1,1,1,15:10,4,2,1
2023430054986,2023,430054986,1,1,1,2,21,5,3,0,0,0,0,0,9,5,E01016518,-1,0,0.10423,0.89577,-1,6,40,1,4,2,21:57,1,1,9
2023141358319,2023,141358319,1,3,2,2,7,2,2,0,0,0,4,0,11,-1,-1,7,1,1.0,0.0,-1,3,20,1,1,1,15:54,3,1,11
2023991284489,2023,991284489,1,1,3,1,12,3,2,5,3,0,0,0,0,2,-1,7,1,1.0,0.0,-1,6,20,8,1,1,13:14,3,1,19
2023471357820,2023,471357820,2,1,1,1,21,5,3,0,0,0,0,0,3,1,E01031454,3,1,0.0,1.0,-1,3,40,1,1,1,06:35,3,2,3
2023221301221,2023,221301221,1,1,1,2,53,8,3,0,0,0,0,0,9,4,E01014098,3,1,0.0,1.0,-1,6,60,3,1,3,07:19,5,1,9
2023461271695,2023,461271695,1,1,1,1,62,9,3,0,0,0,0,0,9,6,E01024071,3,1,0.0,1.0,-1,6,30,1,4,1,22:37,6,1,9
2023010467505,2023,010467505,1,1,1,1,49,8,1,0,0,0,0,0,19,-1,-1,-1,0,0.0,0.0,-1,1,20,2,4,2,19:12,5,1,19
2023201315942,2023,201315942,1,3,2,1,52,8,3,0,0,1,0,0,9,1,E01009053,3,1,0.0,1.0,-1,6,30,8,4,2,17:52,3,2,9
2023471355854,2023,471355854,2,1,1,1,63,9,3,0,0,0,0,0,9,7,E01030423,3,1,0.0,1.0,-1,6,60,1,6,1,18:25,7,2,9
2023430132994,2023,430132994,1,1,3,1,27,6,3,9,9,0,0,0,0,3,E01028553,-1,0,0.15732,0.84268,-1,6,20,1,4,1,20:33,7,2,9
2023451373223,2023,451373223,1,1,3,2,17,4,2,4,1,0,0,0,0,8,E01030549,7,1,1.0,0.0,-1,6,30,1,4,2,16:49,4,1,3
2023010460701,2023,010460701,2,1,1,1,43,7,2,0,0,0,0,0,1,2,E01033726,-1,0,1.0,0.0,-1,6,30,1,1,1,07:40,3,2,1
2023401318841,2023,401318841,1,1,1,1,59,9,3,0,0,0,0,0,9,5,E01023611,3,1,0.0,1.0,-1,6,30,1,1,1,18:23,1,2,9
2023501382632,2023,501382632,1,1,1,2,25,5,3,0,0,0,0,0,9,4,E01018784,3,1,0.0,1.0,-1,3,70,2,6,2,20:50,1,2,9
2023131354939,2023,131354939,2,2,2,2,34,6,3,0,0,1,0,0,9,1,E01010926,3,1,0.0,1.0,-1,6,30,1,1,1,15:00,5,2,9
2023552300246,2023,552300246,2,2,2,2,42,7,3,0,0,2,0,0,9,1,E01015282,-1,0,0.03564,0.96436,-1,6,30,1,1,1,16:31,3,2,9
2023552400080,2023,552400080,1,1,2,2,58,9,2,0,0,1,0,0,9,9,E01020421,-1,0,1.0,0.0,-1,6,30,1,1,1,13:43,1,2,9
2023991310258,2023,991310258,1,2,1,2,41,7,3,0,0,0,0,0,9,6,-1,3,1,0.0,1.0,-1,6,30,1,1,1,18:00,2,2,9
2023401369851,2023,401369851,2,1,1,2,23,5,3,0,0,0,0,0,9,2,E01015759,3,1,0.0,1.0,-1,6,30,2,1,2,14:00,4,3,9
2023311317320,2023,311317320,1,1,1,1,23,5,3,0,0,0,0,0,4,5,E01018179,3,1,0.0,1.0,-1,6,30,1,1,1,16:25,7,2,4
2023010481623,2023,010481623,1,2,2,2,14,3,3,0,0,1,0,0,9,9,E01000831,-1,0,0.0,1.0,-1,6,30,1,4,4,20:26,7,3,9
2023411275403,2023,411275403,2,2,2,1,-1,-1,2,0,0,1,0,0,9,2,E01023758,7,1,1.0,0.0,-1,3,30,1,4,1,19:46,1,2,9
2023440509418,2023,440509418,1,1,1,1,52,8,3,0,0,0,0,0,19,6,E01017018,-1,0,0.01611,0.98389,-1,6,40,1,4,2,17:00,3,2,19
2023061364867,2023,061364867,1,1,3,1,55,8,3,5,3,0,0,0,0,4,E01005286,3,1,0.0,1.0,-1,6,30,2,4,2,19:25,5,1,8
2023221367056,2023,221367056,1,1,1,1,66,10,3,0,0,0,0,0,5,3,E01014005,3,1,0.0,1.0,-1,6,60,1,1,2,09:30,7,1,5
2023320372982,2023,320372982,2,1,2,1,6,2,3,0,0,1,0,0,9,5,E01018214,-1,0,0.06396,0.93604,-1,6,60,1,1,1,08:50,1,2,9
2023544274823,2023,544274823,1,1,1,1,39,7,3,0,0,0,0,0,9,5,E01020454,-1,0,0.07332,0.92668,-1,6,50,1,1,1,07:26,2,2,9
2023411352067,2023,411352067,1,1,1,1,21,5,2,0,0,0,0,0,3,7,E01023960,7,1,1.0,0.0,-1,6,40,1,1,1,17:30,5,2,3
2023461367327,2023,461367327,2,2,1,1,73,10,3,0,0,0,0,0,9,7,E01024576,3,1,0.0,1.0,-1,6,30,1,1,1,17:25,4,2,9
2023991393192,2023,991393192,1,1,1,2,33,6,3,0,0,0,0,0,9,6,-1,3,1,0.0,1.0,-1,6,40,8,6,4,01:00,7,1,9
2023010441125,2023,010441125,1,1,1,1,22,5,3,0,0,0,0,0,20,5,E01001035,-1,0,0.0,1.0,-1,9,20,1,1,1,13:40,4,2,20
2023010436428,2023,010436428,1,1,1,1,34,6,3,0,0,0,0,0,9,2,E01001447,-1,0,0.0,1.0,-1,6,30,1,4,1,03:58,7,2,9
2023161335888,2023,161335888,1,1,1,2,27,6,3,0,0,0,0,0,9,6,E01013041,3,1,0.0,1.0,-1,6,30,1,1,1,09:45,5,2,9
2023201426466,2023,201426466,2,1,1,1,61,9,3,0,0,0,0,0,9,1,E01033621,3,1,0.0,1.0,-1,6,30,1,4,2,04:50,1,2,9
2023361333343,2023,361333343,2,1,1,2,50,8,3,0,0,0,0,0,9,7,E01026536,3,1,0.0,1.0,-1,1,30,1,1,1,14:40,3,2,9
2023031368674,2023,031368674,3,3,1,1,50,8,3,0,0,0,0,0,9,7,E01019329,3,1,0.0,1.0,-1,6,60,1,6,1,17:25,2,3,9
2023201462057,2023,201462057,1,1,2,1,52,8,2,0,0,2,0,0,9,5,E01010000,5,1,1.0,0.0,-1,1,40,1,4,2,21:19,1,1,9
2023421260160,2023,421260160,2,2,2,2,38,7,3,0,0,1,0,0,9,3,E01021065,3,1,0.0,1.0,-1,6,50,1,4,2,16:53,4,2,9
2023471358115,2023,471358115,1,1,1,1,49,8,1,0,0,0,0,0,9,4,E01031657,1,1,0.0,0.0,-1,3,50,1,4,1,19:19,7,2,9
2023520400117,2023,520400117,2,2,1,1,80,11,3,0,0,0,0,0,9,5,E01029102,-1,0,0.06628,0.93372,-1,6,30,1,4,2,23:00,1,2,9
2023991320949,2023,991320949,2,1,1,2,37,7,3,0,0,0,0,0,9,3,E01024182,3,1,0.0,1.0,-1,6,30,1,1,1,15:27,5,3,9
2023010428416,2023,010428416,1,1,1,1,31,6,3,0,0,0,0,0,3,3,E01003548,-1,0,0.0,1.0,-1,9,20,1,1,1,12:05,2,2,3
2023101435190,2023,101435190,2,1,1,1,52,8,3,0,0,0,0,0,3,4,E01020681,3,1,0.0,1.0,-1,6,30,2,4,2,22:20,4,2,3
2023041377009,2023,041377009,2,1,1,1,23,5,3,0,0,0,0,0,9,8,E01012611,3,1,0.0,1.0,-1,1,40,2,4,2,19:10,5,2,9
2023231276914,2023,231276914,2,1,1,1,45,7,3,0,0,0,0,0,19,1,E01009564,3,1,0.0,1.0,-1,3,60,1,1,1,15:41,3,2,19
2023461316744,2023,461316744,1,1,1,1,15,3,2,0,0,0,0,0,23,6,E01024152,7,1,1.0,0.0,-1,6,30,1,1,1,19:12,1,3,23
2023161382851,2023,161382851,1,1,1,2,47,8,3,0,0,0,0,0,9,9,E01013154,3,1,0.0,1.0,-1,3,40,2,1,2,11:50,2,2,9
2023221375366,2023,221375366,1,1,1,1,52,8,3,0,0,0,0,0,9,5,E01032371,3,1,0.0,1.0,-1,6,60,1,6,2,19:30,4,2,9
2023461305910,2023,461305910,1,2,1,1,61,9,3,0,0,0,0,0,9,5,E01024033,3,1,0.0,1.0,-1,6,50,1,1,1,14:00,4,2,9
2023531372284,2023,531372284,1,1,1,2,48,8,3,0,0,0,0,0,9,7,E01015017,3,1,0.0,1.0,-1,6,60,1,6,2,16:35,4,2,9
2023311321849,2023,311321849,1,1,1,1,26,6,2,0,0,0,0,0,1,-1,-1,7,1,1.0,0.0,-1,6,30,1,1,1,19:00,4,2,1
2023211332800,2023,211332800,2,1,1,1,23,5,3,0,0,0,0,0,3,-1,-1,3,1,0.0,1.0,-1,6,60,1,1,2,12:52,2,2,3
2023141291081,2023,141291081,1,1,3,1,3,1,2,5,1,0,0,0,0,-1,-1,7,1,1.0,0.0,-1,6,30,1,1,2,15:27,2,1,9
2023622300659,2023,622300659,1,1,3,2,19,4,3,9,9,0,0,0,0,1,W01001095,-1,0,0.06255,0.93745,-1,6,30,1,7,1,00:19,2,1,9
2023421325104,2023,421325104,2,1,1,1,14,3,3,0,0,0,0,0,1,-1,-1,3,1,0.0,1.0,-1,6,30,8,1,1,08:10,4,2,1
2023522300862,2023,522300862,2,1,1,1,42,7,3,0,0,0,0,0,1,9,E01014557,-1,0,0.10526,0.89474,-1,6,20,1,1,1,16:10,3,2,1
2023010432451,2023,010432451,2,3,1,2,42,7,3,0,0,0,0,0,9,8,E01033724,-1,0,0.0,1.0,-1,6,30,1,1,2,08:03,5,2,9
2023351361535,2023,351361535,2,1,1,1,70,10,3,0,0,0,0,0,9,9,E01026335,3,1,0.0,1.0,-1,6,60,2,1,2,10:57,3,2,9
202363D013823,2023,63D013823,1,3,1,1,51,8,3,0,0,0,0,0,9,7,W01000442,-1,0,0.0262,0.9738,-1,6,30,1,1,1,11:30,2,2,9
2023991292906,2023,991292906,1,1,2,2,82,11,3,0,0,0,4,0,11,2,-1,3,1,0.0,1.0,-1,6,30,9,1,2,15:45,6,2,11
2023010421235,2023,010421235,1,1,1,1,54,8,3,0,0,0,0,0,9,4,E01001582,-1,0,0.0,1.0,-1,6,30,1,4,1,16:01,6,2,9
2023440484042,2023,440484042,1,1,1,2,24,5,3,0,0,0,0,0,9,7,E01031534,-1,0,0.09984,0.90016,-1,6,60,2,1,2,15:50,1,2,9
2023471311908,2023,471311908,1,1,1,1,56,9,3,0,0,0,0,0,9,10,E01021162,3,1,0.0,1.0,-1,6,50,1,1,1,16:00,6,3,9
2023010482289,2023,010482289,1,1,1,1,34,6,3,0,0,0,0,0,9,3,E01001117,-1,0,0.0,1.0,-1,6,20,2,4,2,17:57,2,2,9
2023122301385,2023,122301385,1,4,2,2,41,7,3,0,0,1,0,0,9,9,E01013431,-1,0,0.06699,0.93301,-1,3,70,1,1,2,11:40,5,3,9
2023332301082,2023,332301082,1,1,1,2,21,5,3,0,0,0,0,0,9,8,E01025812,-1,0,0.00922,0.99078,-1,3,50,1,4,1,21:30,1,2,9
2023221338885,2023,221338885,1,1,3,1,33,6,2,6,9,0,0,0,0,2,E01032470,6,1,1.0,0.0,-1,1,30,1,4,1,03:10,7,1,9
2023010463254,2023,010463254,1,1,1,1,41,7,3,0,0,0,0,0,3,1,E01003511,-1,0,0.0,1.0,-1,6,20,9,1,1,19:45,6,3,3
2023070360102,2023,070360102,1,2,2,2,27,6,3,0,0,1,0,0,9,9,E01005848,-1,0,0.08385,0.91615,-1,1,50,1,4,1,02:06,7,1,9
2023361299143,2023,361299143,1,2,1,2,20,4,2,0,0,0,0,0,9,4,E01026646,7,1,1.0,0.0,-1,6,60,1,6,1,22:50,5,2,9
2023991325436,2023,991325436,2,1,1,2,50,8,3,0,0,0,0,0,9,8,-1,3,1,0.0,1.0,-1,6,60,1,1,1,16:15,2,2,9
2023131334684,2023,131334684,1,1,1,1,28,6,2,0,0,0,0,0,97,6,E01011248,7,1,1.0,0.0,-1,6,30,1,1,1,14:27,7,1,97
2023440348411,2023,440348411,1,1,1,1,56,9,3,0,0,0,0,0,1,7,E01023074,-1,0,0.17393,0.82607,-1,6,40,1,1,1,16:30,2,2,1
2023161318673,2023,161318673,1,1,1,1,63,9,3,0,0,0,0,0,9,7,E01027890,3,1,0.0,1.0,-1,6,60,1,1,1,09:09,4,1,9
2023201379270,2023,201379270,2,1,1,1,31,6,3,0,0,0,0,0,9,8,E01009814,3,1,0.0,1.0,-1,6,30,1,1,2,08:25,5,4,9
2023141325862,2023,141325862,2,1,1,1,16,4,2,0,0,0,0,0,97,2,E01007497,7,1,1.0,0.0,-1,6,20,1,1,1,20:55,2,2,97
2023141317215,2023,141317215,1,1,3,1,74,10,3,5,3,0,0,0,0,5,E01007650,3,1,0.0,1.0,-1,6,30,1,4,1,23:30,7,1,9
2023302300061,2023,302300061,1,1,3,1,16,4,3,1,9,0,0,0,0,6,E01019798,-1,0,0.08109,0.91891,-1,6,30,1,4,2,07:39,3,1,9
2023451347994,2023,451347994,2,1,1,1,33,6,2,0,0,0,0,0,3,2,E01001113,7,1,1.0,0.0,-1,6,60,1,1,2,16:25,5,2,3
2023031350542,2023,031350542,1,1,1,1,53,8,3,0,0,0,0,0,5,-1,-1,3,1,0.0,1.0,-1,6,30,1,1,1,15:40,1,2,5
2023461330824,2023,461330824,1,1,1,1,23,5,3,0,0,0,0,0,9,7,E01024234,3,1,0.0,1.0,-1,6,50,1,1,1,12:12,6,2,9
2023430384380,2023,430384380,2,2,1,1,63,9,2,0,0,0,0,0,10,5,E01013767,-1,0,1.0,0.0,-1,6,60,1,1,1,18:28,1,2,10
2023061299997,2023,061299997,1,1,1,1,30,6,2,0,0,0,0,0,21,3,E01006179,7,1,1.0,0.0,-1,3,40,1,1,1,11:36,1,1,21
2023131362147,2023,131362147,1,1,3,2,57,9,3,6,7,0,0,2,0,3,E01010670,3,1,0.0,1.0,-1,2,30,1,1,1,13:27,5,1,9
2023052301382,2023,052301382,2,1,1,1,11,3,3,0,0,0,0,0,1,1,E01006764,-1,0,0.04848,0.95152,-1,6,20,1,1,1,15:58,5,2,1
2023371374993,2023,371374993,1,1,1,1,31,6,3,0,0,0,0,0,1,-1,-1,3,1,0.0,1.0,-1,6,30,1,1,1,17:52,6,2,1
2023221366253,2023,221366253,2,2,2,1,24,5,2,0,0,1,0,0,9,2,E01014185,7,1,1.0,0.0,-1,6,30,1,1,1,17:55,2,2,9
2023501398315,2023,501398315,2,2,1,2,53,8,3,0,0,0,0,0,9,2,E01015192,3,1,0.0,1.0,-1,6,40,1,1,1,17:00,4,2,9
2023052301861,2023,052301861,2,1,1,2,81,11,2,0,0,0,0,0,9,2,E01006508,-1,0,1.0,0.0,-1,3,70,1,1,1,13:56,4,2,9
2023311377780,2023,311377780,1,1,2,1,72,10,3,0,0,1,0,0,9,-1,-1,3,1,0.0,1.0,-1,1,30,1,1,1,13:46,5,2,9
2023991296795,2023,991296795,10,1,2,2,35,6,2,0,0,1,0,0,9,-1,-1,6,1,1.0,0.0,-1,3,70,1,1,1,15:30,6,11,9
2023440457816,2023,440457816,1,1,3,2,13,3,3,5,3,0,0,0,0,7,E01023057,-1,0,0.04678,0.95322,-1,6,30,1,4,1,17:00,3,1,9
2023430278983,2023,430278983,2,1,1,1,20,4,2,0,0,0,0,0,1,6,E01028548,-1,0,1.0,0.0,-1,6,20,1,1,1,19:40,7,2,1
2023161262702,2023,161262702,1,2,1,2,57,9,3,0,0,0,0,0,9,6,E01012982,3,1,0.0,1.0,-1,6,60,2,1,2,12:00,5,2,9
2023170M30823,2023,170M30823,1,1,1,2,57,9,3,0,0,0,0,0,9,2,E01012081,-1,0,0.01388,0.98612,-1,6,30,1,1,1,17:25,2,2,9
2023440361795,2023,440361795,1,1,1,2,77,11,2,0,0,0,0,0,9,8,E01016956,-1,0,1.0,0.0,-1,6,60,1,6,1,06:20,4,2,9
202360A131716,2023,60A131716,1,1,1,1,19,4,3,0,0,0,0,0,9,-1,-1,-1,0,0.09518,0.90482,-1,6,30,1,6,1,21:00,5,1,9
2023010458417,2023,010458417,1,1,3,1,40,7,3,6,9,0,0,0,0,4,E01003722,-1,0,0.0,1.0,-1,6,30,1,4,1,20:34,3,1,9
2023010465185,2023,010465185,2,1,1,1,40,7,3,0,0,0,0,0,2,4,E01002867,-1,0,0.0,1.0,-1,3,20,1,1,1,18:00,1,2,2
2023041350521,2023,041350521,2,1,1,2,34,6,3,0,0,0,0,0,9,6,E01012667,3,1,0.0,1.0,-1,1,30,1,1,1,19:43,6,2,9
2023201362890,2023,201362890,2,1,2,1,62,9,3,0,0,2,0,0,9,-1,-1,3,1,0.0,1.0,-1,6,30,1,1,1,13:25,1,2,9
2023201382528,2023,201382528,2,2,2,2,27,6,3,0,0,1,0,0,9,2,E01010038,3,1,0.0,1.0,-1,3,30,1,4,1,22:20,2,2,9
2023371282810,2023,371282810,1,1,1,1,51,8,3,0,0,0,0,0,9,4,E01029910,3,1,0.0,1.0,-1,6,30,1,1,4,09:35,5,2,9
2023991347352,2023,991347352,1,1,1,2,67,10,3,0,0,0,0,0,9,6,-1,3,1,0.0,1.0,-1,3,70,1,1,1,17:40,5,2,9
2023991366190,2023,991366190,1,1,1,1,71,10,2,0,0,0,0,0,9,-1,-1,6,1,1.0,0.0,-1,1,70,1,1,1,10:24,1,2,9
2023501374397,2023,501374397,2,1,1,1,45,7,3,0,0,0,0,0,1,6,E01018915,3,1,0.0,1.0,-1,6,30,1,1,1,09:45,7,2,1