collision_index,collision_year,collision_ref_no,vehicle_reference,casualty_reference,casualty_class,sex_of_casualty,age_of_casualty,age_band_of_casualty,casualty_severity,pedestrian_location,pedestrian_movement,car_passenger,bus_or_coach_passenger,pedestrian_road_maintenance_worker,casualty_type,casualty_imd_decile,lsoa_of_casualty,enhanced_casualty_severity,casualty_injury_based,casualty_adjusted_severity_serious,casualty_adjusted_severity_slight,casualty_distance_banding,road_type,speed_limit,weather_conditions,light_conditions,road_surface_conditions,time,day_of_week,number_of_vehicles,vehicle_type
2023421351294,2023,421351294,1,1,3,1,33,6,3,6,9,0,0,0,0,10,E01015890,3,1,0.0,1.0,-1,9,20,1,1,1,12:33,7,1,-1
2023221365986,2023,221365986,2,2,1,1,18,4,3,0,0,0,0,0,19,6,E01009878,3,1,0.0,1.0,-1,6,60,1,1,1,14:26,4,2,19
2023131357004,2023,131357004,1,1,3,1,44,7,3,7,3,0,0,2,0,1,E01010824,3,1,0.0,1.0,-1,6,30,1,4,1,23:45,1,1,9
2023411313461,2023,411313461,1,1,3,2,92,11,2,4,1,0,0,0,0,6,E01023606,5,1,1.0,0.0,-1,6,30,1,1,2,10:25,4,1,9
2023411285284,2023,411285284,1,1,3,1,-1,-1,3,10,9,0,0,0,0,-1,-1,3,1,0.0,1.0,-1,9,20,1,1,1,12:20,4,1,9
2023010453456,2023,010453456,1,2,3,2,55,8,2,6,9,0,0,0,0,7,E01002514,-1,0,1.0,0.0,-1,1,20,1,4,1,22:20,4,4,9
2023010422968,2023,010422968,1,1,1,1,32,6,3,0,0,0,0,0,3,2,E01001118,-1,0,0.0,1.0,-1,2,30,1,4,1,22:55,5,2,3
2023010458616,2023,010458616,1,1,1,1,27,6,3,0,0,0,0,0,3,5,E01000505,-1,0,0.0,1.0,-1,9,20,9,1,9,19:50,4,2,3
2023302300701,2023,302300701,2,2,1,1,36,7,3,0,0,0,0,0,3,9,E01019845,-1,0,0.18622,0.81378,-1,6,40,1,1,1,19:17,3,3,3
2023131357881,2023,131357881,1,2,2,1,17,4,3,0,0,2,0,0,9,1,E01010616,3,1,0.0,1.0,-1,6,30,1,4,1,23:14,6,3,9
2023451324754,2023,451324754,1,1,1,2,61,9,2,0,0,0,0,0,9,10,E01030416,6,1,1.0,0.0,-1,6,30,1,1,1,13:19,7,2,9
2023010466610,2023,010466610,1,1,3,1,26,6,2,1,1,0,0,0,0,3,E01000736,-1,0,1.0,0.0,-1,6,30,1,4,1,05:45,1,1,11
2023010461181,2023,010461181,1,1,1,1,26,6,3,0,0,0,0,0,5,2,E01003239,-1,0,0.0,1.0,-1,6,20,1,1,1,17:15,5,2,5
2023010454411,2023,010454411,1,1,1,2,27,6,3,0,0,0,0,0,9,4,E01003278,-1,0,0.0,1.0,-1,6,20,1,1,1,15:35,2,2,9
2023010481510,2023,010481510,1,1,1,2,20,4,2,0,0,0,0,0,9,1,E01004459,-1,0,1.0,0.0,-1,6,30,1,1,1,14:20,6,2,9
2023991266148,2023,991266148,1,1,2,2,37,7,3,0,0,2,0,0,9,2,-1,3,1,0.0,1.0,-1,6,30,1,1,2,16:25,6,2,9
2023531286889,2023,531286889,1,1,1,1,70,10,2,0,0,0,0,0,21,3,E01031483,6,1,1.0,0.0,-1,6,60,1,1,2,06:05,4,1,21
2023471332847,2023,471332847,2,1,1,1,42,7,3,0,0,0,0,0,5,3,E01021044,3,1,0.0,1.0,-1,6,60,1,1,1,10:50,7,2,5
2023122301201,2023,122301201,1,1,1,2,11,3,3,0,0,0,0,0,1,8,E01027621,-1,0,0.03927,0.96073,-1,6,30,1,1,1,15:15,7,2,1
2023461381893,2023,461381893,3,4,2,2,21,5,3,0,0,-1,0,0,9,6,E01024034,3,1,0.0,1.0,-1,3,70,8,6,4,00:19,1,4,9
2023161354542,2023,161354542,1,1,2,1,18,4,3,0,0,2,0,0,9,9,E01012956,3,1,0.0,1.0,-1,6,30,9,1,1,17:35,4,2,9
2023332301034,2023,332301034,1,1,1,1,20,4,3,0,0,0,0,0,9,8,E01025810,-1,0,0.01652,0.98348,-1,6,30,2,1,2,13:30,6,2,9
202363C011723,2023,63C011723,2,2,1,2,70,10,3,0,0,0,0,0,9,7,W01000553,-1,0,0.11058,0.88942,-1,6,30,1,4,1,18:49,3,3,9
2023010457630,2023,010457630,1,1,1,1,49,8,3,0,0,0,0,0,9,6,E01000196,-1,0,0.0,1.0,-1,3,40,8,4,1,02:42,6,2,9
2023131330354,2023,131330354,2,1,1,1,31,6,3,0,0,0,0,0,9,3,E01010825,3,1,0.0,1.0,-1,9,30,1,1,1,18:24,2,3,9
2023361338703,2023,361338703,1,1,1,1,21,5,3,0,0,0,0,0,3,2,E01026680,3,1,0.0,1.0,-1,6,50,1,1,1,17:10,1,4,3
2023211387467,2023,211387467,2,1,1,1,67,10,3,0,0,0,0,0,9,2,E01029350,3,1,0.0,1.0,-1,6,50,1,6,2,06:50,5,3,9
2023461326072,2023,461326072,1,1,3,1,17,4,2,5,1,0,0,0,0,6,E01016113,7,1,1.0,0.0,-1,6,30,1,1,1,15:44,6,1,9
2023371393196,2023,371393196,1,1,1,1,19,4,3,0,0,0,0,0,1,-1,-1,3,1,0.0,1.0,-1,6,30,1,4,1,21:35,7,2,1
2023221357603,2023,221357603,2,1,1,1,33,6,3,0,0,0,0,0,1,7,E01028951,3,1,0.0,1.0,-1,6,30,1,1,1,07:50,3,2,1
2023010470567,2023,010470567,1,1,1,1,45,7,3,0,0,0,0,0,3,2,E01003578,-1,0,0.0,1.0,-1,6,20,1,4,1,19:00,6,2,3
2023061293823,2023,061293823,1,1,3,1,74,10,3,1,1,0,0,-1,0,9,E01005906,3,1,0.0,1.0,-1,6,20,2,1,2,11:40,2,1,9
2023401283761,2023,401283761,1,1,1,1,51,8,3,0,0,0,0,0,9,6,E01017513,3,1,0.0,1.0,-1,3,40,2,1,2,08:10,2,2,9
2023010449491,2023,010449491,1,1,3,2,32,6,3,1,3,0,0,0,0,7,E01004505,-1,0,0.0,1.0,-1,2,20,8,1,1,08:55,5,1,9
2023522300723,2023,522300723,1,1,3,2,53,8,3,6,9,0,0,0,0,3,E01014644,-1,0,0.03662,0.96338,-1,6,20,1,1,1,17:30,5,1,1
2023320493493,2023,320493493,1,2,1,2,12,3,3,0,0,0,0,0,1,9,E01028196,-1,0,0.13918,0.86082,-1,6,30,1,1,1,15:00,4,1,1
2023010455710,2023,010455710,1,1,1,1,22,5,3,0,0,0,0,0,2,4,E01000846,-1,0,0.0,1.0,-1,6,20,1,1,1,14:08,2,2,2
2023320522241,2023,320522241,1,3,1,2,76,11,2,0,0,0,0,0,9,8,E01026313,-1,0,1.0,0.0,-1,6,50,1,1,1,12:30,3,2,9
2023351402897,2023,351402897,3,1,1,2,23,5,3,0,0,0,0,0,9,8,E01028131,3,1,0.0,1.0,-1,6,60,4,6,1,20:44,7,3,9
2023351402135,2023,351402135,1,1,3,2,27,6,3,6,9,0,0,0,0,2,E01018063,3,1,0.0,1.0,-1,6,30,1,1,1,08:19,2,1,1
2023302300712,2023,302300712,2,1,1,1,16,4,3,0,0,0,0,0,1,9,E01013543,-1,0,0.1224,0.8776,-1,6,30,1,1,1,20:30,5,2,1
2023501332147,2023,501332147,2,1,1,1,51,8,3,0,0,0,0,0,1,6,E01020329,3,1,0.0,1.0,-1,6,60,1,1,1,12:45,1,2,1
2023010448454,2023,010448454,1,1,3,1,23,5,3,9,5,0,0,0,0,-1,-1,-1,0,0.0,1.0,-1,3,30,1,1,1,09:05,2,1,9
2023501367379,2023,501367379,1,1,3,2,42,7,3,4,1,0,0,0,0,6,E01019971,3,1,0.0,1.0,-1,6,30,1,1,1,17:15,3,1,5
2023430136063,2023,430136063,1,1,1,1,20,4,2,0,0,0,0,0,3,6,E01017852,-1,0,1.0,0.0,-1,6,30,1,4,1,00:16,3,1,3
2023991337050,2023,991337050,1,1,3,1,11,3,3,8,1,0,0,2,0,-1,-1,3,1,0.0,1.0,-1,6,30,1,1,1,14:50,2,1,9
2023010460635,2023,010460635,2,1,1,1,55,8,3,0,0,0,0,0,8,5,E01004346,-1,0,0.0,1.0,-1,6,20,1,1,1,17:51,2,3,8
2023170S21733,2023,170S21733,2,1,1,1,15,3,2,0,0,0,0,0,1,4,E01012277,-1,0,1.0,0.0,-1,6,30,2,4,2,20:50,2,2,1
2023451368108,2023,451368108,2,1,1,1,46,8,3,0,0,0,0,0,5,9,E01030978,3,1,0.0,1.0,-1,6,30,2,4,2,01:15,1,2,5
2023501304085,2023,501304085,3,1,1,1,54,8,3,0,0,0,0,0,5,4,E01018924,3,1,0.0,1.0,-1,6,60,1,1,1,13:30,2,3,5
2023010439192,2023,010439192,1,1,2,-1,-1,-1,3,0,0,1,0,0,9,2,E01003351,-1,0,0.0,1.0,-1,6,30,1,1,1,15:30,2,2,9
2023451358604,2023,451358604,1,1,1,1,57,9,3,0,0,0,0,0,9,5,E01030812,3,1,0.0,1.0,-1,6,30,1,1,1,15:00,5,2,9
2023010471800,2023,010471800,1,1,1,1,28,6,3,0,0,0,0,0,4,3,E01000630,-1,0,0.0,1.0,-1,6,20,2,4,2,20:25,6,2,4
2023141379084,2023,141379084,1,1,1,1,18,4,3,0,0,0,0,0,3,7,E01033296,3,1,0.0,1.0,-1,6,40,1,1,1,16:25,5,2,3
2023131375918,2023,131375918,2,7,2,1,38,7,3,0,0,1,0,0,9,1,E01010710,3,1,0.0,1.0,-1,6,20,1,4,2,22:19,6,3,9
2023311351140,2023,311351140,2,1,1,1,25,5,3,0,0,0,0,0,9,4,E01013912,3,1,0.0,1.0,-1,1,30,1,4,1,22:57,4,2,9
2023340NN0322,2023,340NN0322,1,1,1,1,38,7,3,0,0,0,0,0,9,8,E01027101,-1,0,0.07425,0.92575,-1,6,30,1,1,2,09:40,3,5,9
2023421363437,2023,421363437,2,1,2,2,46,8,3,0,0,-1,0,0,9,1,E01022026,3,1,0.0,1.0,-1,6,30,1,1,1,14:48,6,2,9
2023531327147,2023,531327147,1,1,1,2,52,8,3,0,0,0,0,0,9,9,E01022443,3,1,0.0,1.0,-1,6,40,1,1,1,17:17,6,1,9
2023010433683,2023,010433683,2,1,1,1,31,6,3,0,0,0,0,0,-1,3,E01004329,-1,0,0.0,1.0,-1,6,30,2,1,2,06:25,4,2,-1
2023010443403,2023,010443403,1,1,1,1,39,7,3,0,0,0,0,0,3,2,E01003082,-1,0,0.0,1.0,-1,6,20,1,1,1,06:45,2,2,3
2023010486062,2023,010486062,1,1,3,1,64,9,2,5,1,0,0,0,0,10,E01000652,-1,0,1.0,0.0,-1,6,30,1,4,1,19:30,3,1,3
2023122300486,2023,122300486,1,1,3,2,12,3,3,5,1,0,0,0,0,5,E01027789,-1,0,0.09691,0.90309,-1,6,30,1,1,1,08:33,6,1,9
2023010455016,2023,010455016,2,1,2,2,35,6,3,0,0,2,0,0,9,5,E01004370,-1,0,0.0,1.0,-1,3,50,2,1,2,16:20,5,2,9
2023201293994,2023,201293994,1,1,1,1,18,4,3,0,0,0,0,0,9,-1,-1,3,1,0.0,1.0,-1,6,30,1,1,1,15:44,2,3,9
2023201390261,2023,201390261,1,2,2,2,8,2,3,0,0,-1,0,0,9,2,E01010021,3,1,0.0,1.0,-1,3,40,2,6,2,08:41,6,2,9
2023302301143,2023,302301143,2,2,2,2,2,1,3,0,0,2,0,0,9,8,E01019630,-1,0,0.00631,0.99369,-1,6,30,1,1,1,17:30,1,2,9
2023451377925,2023,451377925,1,1,1,1,58,9,3,0,0,0,0,0,9,4,E01030383,3,1,0.0,1.0,-1,6,30,1,4,2,05:45,5,1,9
2023471317206,2023,471317206,1,7,1,2,30,6,3,0,0,0,0,0,9,6,E01021097,3,1,0.0,1.0,-1,6,40,1,1,1,15:40,7,2,9
2023622300950,2023,622300950,2,2,1,2,37,7,3,0,0,0,0,0,9,2,W01001697,-1,0,0.05016,0.94984,-1,3,70,1,1,1,12:35,4,2,9
2023070172062,2023,070172062,1,1,3,1,18,4,2,1,3,0,0,0,0,10,E01018588,-1,0,1.0,0.0,-1,6,30,1,4,2,19:45,2,1,9
2023010472727,2023,010472727,2,1,1,1,19,4,3,0,0,0,0,0,1,5,E01004523,-1,0,0.0,1.0,-1,6,30,2,1,2,14:15,4,2,1
2023010478842,2023,010478842,1,1,3,2,44,7,3,4,3,0,0,0,0,8,E01016217,-1,0,0.0,1.0,-1,6,20,1,4,2,21:19,7,1,-1
2023101345577,2023,101345577,1,1,1,1,58,9,3,0,0,0,0,0,19,-1,-1,3,1,0.0,1.0,-1,7,70,1,1,1,14:50,3,2,19
2023141371395,2023,141371395,1,1,3,2,75,10,2,5,9,0,0,0,0,2,E01007770,5,1,1.0,0.0,-1,6,20,1,1,1,13:16,5,2,-1
2023010480942,2023,010480942,3,2,1,2,48,8,3,0,0,0,0,0,1,1,E01002066,-1,0,0.0,1.0,-1,6,20,1,1,1,13:30,4,3,1
2023461349210,2023,461349210,1,1,1,1,36,7,3,0,0,0,0,0,5,1,E01024670,3,1,0.0,1.0,-1,1,50,1,4,1,00:41,1,1,5
2023010471248,2023,010471248,1,1,3,2,38,7,3,1,1,0,0,0,0,3,E01002284,-1,0,0.0,1.0,-1,6,20,1,1,1,13:27,3,1,9
2023170L10593,2023,170L10593,2,1,1,1,53,8,3,0,0,0,0,0,1,4,E01012162,-1,0,0.15343,0.84657,-1,1,60,1,1,1,18:40,4,2,1
2023332301303,2023,332301303,1,1,1,1,59,9,3,0,0,0,0,0,1,4,E01013747,-1,0,0.03532,0.96468,-1,6,30,1,4,1,17:15,5,2,1
2023010457784,2023,010457784,2,1,1,1,20,4,3,0,0,0,0,0,1,2,E01001700,-1,0,0.0,1.0,-1,6,30,1,1,1,21:12,6,2,1
2023302300344,2023,302300344,2,1,1,2,75,10,2,0,0,0,0,0,22,1,E01013472,-1,0,1.0,0.0,-1,6,30,1,4,2,13:53,5,2,22
2023421324963,2023,421324963,1,1,1,1,74,10,2,0,0,0,0,0,5,7,E01021476,6,1,1.0,0.0,-1,3,70,1,1,1,13:22,1,1,5
2023622301051,2023,622301051,1,2,2,1,63,9,3,0,0,0,0,0,19,1,W01001308,-1,0,0.07834,0.92166,-1,3,70,8,6,2,06:42,1,1,19
2023340NN2372,2023,340NN2372,2,1,1,2,47,8,3,0,0,0,0,0,9,7,E01027309,-1,0,0.00368,0.99632,-1,6,30,1,1,1,17:30,6,2,9
2023440108564,2023,440108564,1,1,1,1,29,6,2,0,0,0,0,0,9,6,E01023199,-1,0,1.0,0.0,-1,3,70,2,1,2,14:04,7,1,9
2023161276720,2023,161276720,1,1,1,2,25,5,2,0,0,0,0,0,19,9,E01013316,7,1,1.0,0.0,-1,6,60,1,1,2,15:55,3,2,19
2023010423048,2023,010423048,1,1,1,1,30,6,3,0,0,0,0,0,3,8,E01000679,-1,0,0.0,1.0,-1,6,30,1,4,2,17:38,5,2,3
2023010458837,2023,010458837,1,1,1,1,32,6,3,0,0,0,0,0,3,8,E01001544,-1,0,0.0,1.0,-1,9,30,1,4,1,21:40,4,2,3
2023481361949,2023,481361949,1,1,1,1,48,8,3,0,0,0,0,0,5,-1,-1,3,1,0.0,1.0,-1,6,20,1,4,1,22:15,5,2,5
2023010479823,2023,010479823,1,1,3,1,21,5,3,6,9,0,0,0,0,5,E01003697,-1,0,0.0,1.0,-1,7,40,1,4,1,20:42,6,1,9
2023031378644,2023,031378644,1,1,3,1,53,8,3,5,3,0,0,0,0,1,E01019111,3,1,0.0,1.0,-1,6,30,1,4,1,16:55,6,1,9
2023311298632,2023,311298632,2,2,1,1,39,7,2,0,0,0,0,0,5,2,E01013904,6,1,1.0,0.0,-1,6,30,1,4,1,22:00,4,2,5
2023991324723,2023,991324723,1,2,2,1,29,6,2,0,0,2,0,0,9,1,-1,7,1,1.0,0.0,-1,1,30,1,1,2,06:59,7,2,9
2023010433674,2023,010433674,1,2,2,1,24,5,3,0,0,1,0,0,9,7,E01004130,-1,0,0.0,1.0,-1,6,20,1,4,1,21:05,4,5,9
2023041370637,2023,041370637,2,2,1,2,47,8,3,0,0,0,0,0,9,4,E01025460,3,1,0.0,1.0,-1,6,60,1,4,2,17:20,6,2,9
2023440430343,2023,440430343,1,1,2,2,87,11,2,0,0,1,0,0,9,8,E01023277,-1,0,1.0,0.0,-1,6,30,1,1,2,16:00,6,4,9
202354C095623,2023,54C095623,2,1,1,1,44,7,3,0,0,0,0,0,9,5,E01032089,-1,0,0.00565,0.99435,-1,1,30,1,1,2,10:50,4,2,9
2023411275590,2023,411275590,2,1,1,2,54,8,3,0,0,0,0,0,9,10,E01023615,3,1,0.0,1.0,-1,6,30,1,4,1,19:20,1,2,9
2023010476132,2023,010476132,1,1,1,1,28,6,3,0,0,0,0,0,9,-1,-1,-1,0,0.0,1.0,-1,6,30,1,4,2,18:58,1,1,9
2023052301252,2023,052301252,2,1,1,1,47,8,3,0,0,0,0,0,1,1,E01006981,-1,0,0.09824,0.90176,-1,6,20,1,1,1,11:55,3,2,1
2023471326741,2023,471326741,1,1,1,1,27,6,2,0,0,0,0,0,3,5,E01031515,7,1,1.0,0.0,-1,6,60,1,1,1,16:35,4,2,3
2023552301128,2023,552301128,2,1,1,1,75,10,3,0,0,0,0,0,5,9,E01028759,-1,0,0.22828,0.77172,-1,1,60,1,1,1,16:33,6,2,5
202360A171221,2023,60A171221,2,1,3,2,36,7,2,9,9,0,0,0,0,-1,-1,-1,0,1.0,0.0,-1,6,40,1,4,2,00:11,5,2,19
2023010440247,2023,010440247,1,4,2,1,18,4,3,0,0,0,4,0,11,3,E01000510,-1,0,0.0,1.0,-1,6,30,8,1,1,15:28,7,2,11
2023371316980,2023,371316980,1,1,1,1,48,8,3,0,0,0,0,0,9,-1,-1,3,1,0.0,1.0,-1,3,30,1,1,1,15:46,6,2,9
2023010485418,2023,010485418,1,1,3,2,35,6,2,4,9,0,0,0,0,-1,-1,-1,0,1.0,0.0,-1,6,20,1,4,1,17:20,5,1,1
2023010470445,2023,010470445,2,1,1,2,22,5,3,0,0,0,0,0,1,2,E01004711,-1,0,0.0,1.0,-1,6,20,1,1,1,15:43,6,3,1
2023061298296,2023,061298296,2,1,1,1,30,6,3,0,0,0,0,0,1,1,E01005189,3,1,0.0,1.0,-1,6,30,1,1,1,19:45,4,2,1
2023010456957,2023,010456957,1,1,1,1,23,5,3,0,0,0,0,0,3,8,E01021436,-1,0,0.0,1.0,-1,1,30,1,1,1,10:50,7,2,3
2023122301418,2023,122301418,1,2,2,2,13,3,3,0,0,1,0,0,9,10,E01027718,-1,0,0.0274,0.9726,-1,6,60,1,1,1,10:21,3,2,9
2023201297336,2023,201297336,1,1,1,1,34,6,3,0,0,0,0,0,9,9,E01009420,3,1,0.0,1.0,-1,6,30,1,1,1,15:08,1,2,9
2023201373969,2023,201373969,2,3,2,1,9,2,3,0,0,2,0,0,9,1,E01009503,3,1,0.0,1.0,-1,1,30,1,1,1,15:59,6,2,9
2023430157721,2023,430157721,4,1,1,1,56,9,3,0,0,0,0,0,9,3,E01028519,-1,0,0.01528,0.98472,-1,7,30,1,1,1,14:05,3,4,9
2023010465992,2023,010465992,1,5,2,1,68,10,3,0,0,0,4,0,11,2,E01004404,-1,0,0.0,1.0,-1,6,30,1,1,1,17:25,5,2,11
2023440350065,2023,440350065,1,1,1,1,30,6,3,0,0,0,0,0,3,4,E01017137,-1,0,0.18098,0.81902,-1,6,30,2,1,2,18:55,3,2,3
2023041387896,2023,041387896,2,2,1,2,51,8,3,0,0,0,0,0,9,7,E01012717,3,1,0.0,1.0,-1,6,30,1,1,1,13:37,4,3,9
2023141383121,2023,141383121,1,1,1,2,50,8,2,0,0,0,0,0,9,2,E01007414,5,1,1.0,0.0,-1,6,30,1,4,4,23:45,3,2,9
2023221328531,2023,221328531,3,2,1,2,62,9,3,0,0,0,0,0,9,2,E01014196,3,1,0.0,1.0,-1,6,40,1,1,1,08:11,6,3,9
2023010438673,2023,010438673,2,2,1,1,30,6,3,0,0,0,0,0,3,-1,-1,-1,0,0.0,1.0,-1,6,30,2,1,2,17:04,2,2,3
2023411316773,2023,411316773,2,1,1,1,29,6,3,0,0,0,0,0,3,-1,-1,3,1,0.0,1.0,-1,6,30,1,1,1,12:56,3,2,3
2023411359792,2023,411359792,2,1,1,1,64,9,3,0,0,0,0,0,5,8,E01023639,3,1,0.0,1.0,-1,3,40,1,1,1,16:25,3,2,5
2023501312527,2023,501312527,1,1,3,1,13,3,3,5,1,0,0,0,0,7,E01019045,3,1,0.0,1.0,-1,6,30,1,1,1,12:10,2,1,9
2023010470328,2023,010470328,2,1,1,1,26,6,2,0,0,0,0,0,1,3,E01004743,-1,0,1.0,0.0,-1,6,20,1,1,1,09:20,6,2,1
2023010425965,2023,010425965,2,1,1,1,44,7,2,0,0,0,0,0,1,3,E01002568,-1,0,1.0,0.0,-1,6,20,1,4,1,20:19,3,2,1
2023010458847,2023,010458847,1,1,3,2,73,10,3,1,1,0,0,0,0,3,E01001825,-1,0,0.0,1.0,-1,9,20,9,7,1,19:20,7,1,1
2023101331466,2023,101331466,1,1,3,1,42,7,2,9,9,0,0,0,0,1,E01008345,7,1,1.0,0.0,-1,6,30,2,1,2,10:57,1,1,8
2023201364495,2023,201364495,1,2,3,2,-1,-1,2,5,3,0,0,0,0,2,E01010311,6,1,1.0,0.0,-1,6,20,1,1,1,15:30,6,1,9
2023522301132,2023,522301132,1,1,3,1,28,6,2,5,1,0,0,0,0,4,E01014542,-1,0,1.0,0.0,-1,6,20,1,1,1,17:30,4,1,9
2023991266079,2023,991266079,1,1,3,1,77,11,3,1,3,0,0,0,0,8,-1,3,1,0.0,1.0,-1,6,30,1,1,1,12:45,6,1,19
2023010442941,2023,010442941,1,1,1,1,22,5,2,0,0,0,0,0,1,4,E01004715,-1,0,1.0,0.0,-1,2,20,1,1,1,16:55,1,2,1
2023231419777,2023,231419777,2,1,1,1,29,6,3,0,0,0,0,0,1,6,E01031263,3,1,0.0,1.0,-1,6,30,1,4,1,19:04,6,2,1
2023430345883,2023,430345883,1,1,1,1,50,8,3,0,0,0,0,0,3,9,E01028747,-1,0,0.22838,0.77162,-1,6,30,1,1,1,20:22,4,1,3
2023440133537,2023,440133537,1,1,1,1,19,4,3,0,0,0,0,0,3,7,E01022724,-1,0,0.11733,0.88267,-1,6,30,1,1,1,18:55,3,3,3
2023461358621,2023,461358621,2,1,1,1,19,4,2,0,0,0,0,0,3,6,E01032824,7,1,1.0,0.0,-1,6,30,1,1,1,19:58,3,2,3
2023411342802,2023,411342802,1,1,1,1,37,7,3,0,0,0,0,0,5,5,E01002143,3,1,0.0,1.0,-1,6,60,1,1,1,11:29,1,2,5
2023010436090,2023,010436090,1,1,3,1,42,7,3,4,3,0,0,0,0,3,E01000043,-1,0,0.0,1.0,-1,6,30,2,4,2,21:56,4,1,9
2023131342171,2023,131342171,1,1,3,1,30,6,3,9,5,0,0,2,0,8,E01011929,3,1,0.0,1.0,-1,6,30,2,1,2,15:41,2,1,9
2023461394363,2023,461394363,1,1,3,1,29,6,3,5,1,0,0,0,0,1,E01024498,3,1,0.0,1.0,-1,6,30,1,4,2,16:48,6,1,9
2023010462142,2023,010462142,2,1,1,2,26,6,3,0,0,0,0,0,-1,3,E01002027,-1,0,0.0,1.0,-1,6,20,1,1,1,11:45,5,2,-1
2023471300881,2023,471300881,1,1,1,1,18,4,2,0,0,0,0,0,-1,8,E01031491,7,1,1.0,0.0,-1,6,20,1,1,1,17:10,2,2,-1
2023461375092,2023,461375092,1,1,3,2,55,8,2,9,9,0,0,0,0,3,E01024668,7,1,1.0,0.0,-1,6,30,1,1,1,15:55,4,1,9
2023451335536,2023,451335536,2,1,1,1,26,6,3,0,0,0,0,0,3,8,E01002941,3,1,0.0,1.0,-1,6,50,2,1,2,17:35,1,2,3
2023311368273,2023,311368273,2,1,1,1,42,7,2,0,0,0,0,0,5,1,E01013876,7,1,1.0,0.0,-1,6,30,1,4,1,20:19,1,2,5
2023170M21943,2023,170M21943,1,1,1,2,31,6,3,0,0,0,0,0,9,1,E01012090,-1,0,0.01792,0.98208,-1,6,20,1,1,1,08:40,3,2,9
2023461291753,2023,461291753,2,2,1,2,20,4,3,0,0,0,0,0,9,9,E01024297,3,1,0.0,1.0,-1,6,30,1,1,1,17:19,2,2,9
2023471297581,2023,471297581,3,2,1,2,56,9,3,0,0,0,0,0,9,3,E01020922,3,1,0.0,1.0,-1,6,50,1,1,1,16:36,2,3,9
2023340WN4062,2023,340WN4062,2,1,2,2,40,7,3,0,0,1,0,0,9,-1,-1,-1,0,0.02365,0.97635,-1,6,30,8,4,2,02:36,7,2,9
2023520400871,2023,520400871,3,2,1,2,58,9,3,0,0,0,0,0,9,5,E01029073,-1,0,0.02189,0.97811,-1,6,50,1,1,2,09:05,3,3,9
2023211332103,2023,211332103,1,1,1,2,31,6,3,0,0,0,0,0,9,6,E01014288,3,1,0.0,1.0,-1,6,30,1,1,1,17:50,6,2,9
2023430244134,2023,430244134,1,1,1,1,61,9,3,0,0,0,0,0,9,10,E01016587,-1,0,0.07886,0.92114,-1,6,30,1,1,1,20:20,7,2,9
2023501377797,2023,501377797,2,2,1,2,31,6,3,0,0,0,0,0,9,6,E01019058,3,1,0.0,1.0,-1,6,30,2,4,2,19:20,4,3,9
2023010428458,2023,010428458,1,1,2,2,33,6,3,0,0,0,4,0,11,5,E01002791,-1,0,0.0,1.0,-1,3,20,1,4,1,18:25,3,2,11
2023061346551,2023,061346551,3,3,2,2,48,8,3,0,0,1,0,0,9,-1,-1,3,1,0.0,1.0,-1,6,30,1,1,1,15:30,1,3,9
2023131295188,2023,131295188,1,1,1,1,18,4,3,0,0,0,0,0,9,3,E01011779,3,1,0.0,1.0,-1,6,60,2,1,2,20:00,2,1,9
2023991379176,2023,991379176,1,1,1,1,45,7,3,0,0,0,0,0,9,3,-1,3,1,0.0,1.0,-1,3,70,2,4,2,16:05,1,5,9
2023320406907,2023,320406907,2,1,1,1,42,7,2,0,0,0,0,0,19,4,E01026972,-1,0,1.0,0.0,-1,6,40,1,1,1,14:15,1,2,19
2023421315945,2023,421315945,1,1,1,2,63,9,3,0,0,0,0,0,9,4,E01022018,3,1,0.0,1.0,-1,6,40,1,1,1,06:59,3,1,9
2023501310651,2023,501310651,2,2,1,2,18,4,3,0,0,0,0,0,9,5,E01018946,3,1,0.0,1.0,-1,6,60,1,1,1,11:00,3,3,9
2023552301163,2023,552301163,2,1,1,2,37,7,3,0,0,0,0,0,9,7,E01015428,-1,0,0.0096,0.9904,-1,6,30,1,1,1,09:18,6,3,9
2023340WN0692,2023,340WN0692,2,1,1,2,80,11,3,0,0,0,0,0,9,9,E01026360,-1,0,0.07854,0.92146,-1,3,70,2,1,2,09:00,7,2,9
2023522400065,2023,522400065,1,1,1,2,61,9,3,0,0,0,0,0,9,2,E01014629,-1,0,0.00296,0.99704,-1,6,30,1,1,1,15:32,2,2,9
2023010455070,2023,010455070,2,1,1,1,14,3,3,0,0,0,0,0,-1,6,E01002639,-1,0,0.0,1.0,-1,3,40,1,4,1,22:45,5,2,-1
2023010462366,2023,010462366,1,1,1,2,42,7,3,0,0,0,0,0,9,5,E01000243,-1,0,0.0,1.0,-1,3,50,1,1,1,16:20,6,2,9
2023041317268,2023,041317268,1,1,2,1,6,2,3,0,0,2,0,0,9,10,E01006993,3,1,0.0,1.0,-1,6,20,1,1,1,18:45,6,3,9
2023071090119,2023,071090119,1,5,2,1,15,3,3,0,0,2,0,0,9,1,E01005758,-1,0,0.12795,0.87205,-1,6,60,5,6,2,22:20,5,1,9
2023361349781,2023,361349781,2,2,2,1,14,3,3,0,0,2,0,0,9,2,E01026803,3,1,0.0,1.0,-1,6,60,1,1,1,18:51,4,2,9