collision_index,collision_year,collision_ref_no,vehicle_reference,casualty_reference,casualty_class,sex_of_casualty,age_of_casualty,age_band_of_casualty,casualty_severity,pedestrian_location,pedestrian_movement,car_passenger,bus_or_coach_passenger,pedestrian_road_maintenance_worker,casualty_type,casualty_imd_decile,lsoa_of_casualty,enhanced_casualty_severity,casualty_injury_based,casualty_adjusted_severity_serious,casualty_adjusted_severity_slight,casualty_distance_banding,road_type,speed_limit,weather_conditions,light_conditions,road_surface_conditions,time,day_of_week,number_of_vehicles,vehicle_type
2023010452339,2023,010452339,1,1,1,1,28,6,3,0,0,0,0,0,3,3,E01001154,-1,0,0.0,1.0,-1,3,30,1,1,1,18:30,5,2,3
2023010485444,2023,010485444,1,1,1,1,19,4,3,0,0,0,0,0,3,4,E01001015,-1,0,0.0,1.0,-1,6,30,1,4,1,17:30,5,1,3
2023010491698,2023,010491698,1,1,1,2,45,7,3,0,0,0,0,0,9,5,E01004056,-1,0,0.0,1.0,-1,6,20,9,1,1,13:45,2,2,9
2023031368746,2023,031368746,1,1,2,2,23,5,3,0,0,1,0,0,9,5,E01019278,3,1,0.0,1.0,-1,6,60,2,1,2,08:13,2,2,9
2023041451568,2023,041451568,2,1,1,2,25,5,3,0,0,0,0,0,9,1,E01012622,3,1,0.0,1.0,-1,6,20,1,1,1,17:20,6,3,9
2023221294902,2023,221294902,1,1,1,2,18,4,2,0,0,0,0,0,9,4,E01005850,7,1,1.0,0.0,-1,6,30,1,1,1,07:20,3,1,9
2023540591523,2023,540591523,2,1,1,1,58,9,3,0,0,0,0,0,9,9,E01015501,-1,0,0.02812,0.97188,-1,6,50,3,7,4,07:26,4,2,9
2023041346380,2023,041346380,2,3,1,1,65,9,3,0,0,0,0,0,9,1,E01025583,3,1,0.0,1.0,-1,6,30,1,1,1,09:40,2,3,9
2023471290397,2023,471290397,1,1,2,1,-1,-1,3,0,0,0,4,0,11,5,E01016957,3,1,0.0,1.0,-1,3,20,1,4,1,18:42,3,1,11
2023131260539,2023,131260539,2,1,1,2,35,6,3,0,0,0,0,0,9,1,E01010872,3,1,0.0,1.0,-1,6,30,1,4,2,02:55,7,2,9
2023361329702,2023,361329702,2,2,1,1,63,9,3,0,0,0,0,0,9,4,E01026426,3,1,0.0,1.0,-1,6,30,1,1,1,14:22,7,2,9
2023430313977,2023,430313977,1,1,1,1,47,8,3,0,0,0,0,0,9,10,E01033517,-1,0,0.10284,0.89716,-1,3,70,1,1,1,15:59,7,2,9
2023010445128,2023,010445128,2,2,2,1,21,5,3,0,0,1,0,0,9,2,E01003506,-1,0,0.0,1.0,-1,3,40,1,4,1,00:35,6,2,9
2023010459632,2023,010459632,1,1,2,1,20,4,3,0,0,1,0,0,9,2,E01003237,-1,0,0.0,1.0,-1,6,40,1,4,2,02:10,4,1,9
2023041275005,2023,041275005,2,1,2,2,41,7,3,0,0,1,0,0,9,9,E01025277,3,1,0.0,1.0,-1,3,30,1,4,1,20:10,6,3,9
2023430529687,2023,430529687,1,1,1,1,49,8,3,0,0,0,0,0,9,7,E01016582,-1,0,0.01831,0.98169,-1,3,70,1,4,1,18:10,4,2,9
2023440248405,2023,440248405,1,1,1,2,32,6,3,0,0,0,0,0,9,5,E01015427,-1,0,0.03046,0.96954,-1,3,50,1,1,1,17:15,4,2,9
2023010473871,2023,010473871,1,4,2,1,17,4,3,0,0,1,0,0,9,5,E01033740,-1,0,0.0,1.0,-1,3,30,1,4,2,03:29,4,1,9
2023401305352,2023,401305352,1,4,2,1,18,4,3,0,0,-1,0,0,9,4,E01017469,3,1,0.0,1.0,-1,6,30,8,7,1,02:41,7,3,9
2023401308819,2023,401308819,2,1,2,1,-1,-1,3,0,0,2,0,0,9,3,E01015701,3,1,0.0,1.0,-1,6,30,1,4,1,10:50,1,2,9
2023411380897,2023,411380897,2,2,1,1,36,7,3,0,0,0,0,0,5,7,E01023832,3,1,0.0,1.0,-1,6,40,1,4,1,18:25,3,2,5
2023451290624,2023,451290624,1,1,1,1,22,5,3,0,0,0,0,0,19,3,E01002526,3,1,0.0,1.0,-1,3,70,1,1,1,12:17,7,3,19
2023131382068,2023,131382068,1,1,2,2,27,6,3,0,0,1,0,0,9,3,E01017977,3,1,0.0,1.0,-1,6,30,3,4,3,17:10,1,1,9
2023552301084,2023,552301084,2,1,1,1,57,9,3,0,0,0,0,0,1,6,E01029153,-1,0,0.14783,0.85217,-1,6,40,1,1,1,14:57,1,2,1
2023010482678,2023,010482678,1,1,3,2,37,7,3,1,3,0,0,0,0,4,E01004388,-1,0,0.0,1.0,-1,6,20,2,4,2,18:30,5,1,9
2023311294003,2023,311294003,2,1,1,1,32,6,3,0,0,0,0,0,3,5,E01013840,3,1,0.0,1.0,-1,6,30,8,1,2,12:32,4,2,3
2023451312216,2023,451312216,2,1,2,2,64,9,3,0,0,1,0,0,9,10,E01001129,3,1,0.0,1.0,-1,6,40,1,1,1,18:30,7,2,9
2023461295821,2023,461295821,2,1,1,2,26,6,3,0,0,0,0,0,9,8,E01016131,3,1,0.0,1.0,-1,6,30,1,1,1,15:55,1,2,9
2023471379217,2023,471379217,2,2,2,1,15,3,2,0,0,1,0,0,9,5,E01017044,7,1,1.0,0.0,-1,3,70,2,6,2,18:29,1,2,9
2023010431860,2023,010431860,1,1,1,1,35,6,2,0,0,0,0,0,5,3,E01002104,-1,0,1.0,0.0,-1,6,20,5,4,2,00:20,2,1,5
2023622300154,2023,622300154,2,3,2,1,27,6,3,0,0,0,0,0,5,10,W01000781,-1,0,0.10964,0.89036,-1,6,40,1,1,1,13:26,5,2,5
2023041408690,2023,041408690,1,1,1,1,18,4,3,0,0,0,0,0,9,6,E01025330,3,1,0.0,1.0,-1,3,70,1,6,2,17:15,2,3,9
2023461289733,2023,461289733,1,1,3,2,-1,-1,2,10,9,0,0,0,0,4,E01024535,7,1,1.0,0.0,-1,6,30,1,1,1,10:25,7,1,9
2023141362835,2023,141362835,1,1,1,2,42,7,3,0,0,0,0,0,1,10,E01007933,3,1,0.0,1.0,-1,6,30,1,1,2,15:00,6,2,1
2023201291912,2023,201291912,2,1,1,1,56,9,3,0,0,0,0,0,1,5,E01032169,3,1,0.0,1.0,-1,3,40,1,4,1,17:50,3,2,1
2023520300562,2023,520300562,1,1,1,1,61,9,1,0,0,0,0,0,5,4,E01029337,-1,0,0.0,0.0,-1,6,60,1,1,1,14:15,4,1,5
2023070405396,2023,070405396,2,1,2,1,13,3,3,0,0,2,0,0,9,7,E01018409,-1,0,0.01302,0.98698,-1,6,40,1,1,1,15:15,7,3,9
2023221346800,2023,221346800,1,1,2,2,37,7,3,0,0,1,0,0,9,-1,-1,3,1,0.0,1.0,-1,6,60,1,1,1,09:35,3,2,9
2023440287416,2023,440287416,2,3,1,2,70,10,3,0,0,0,0,0,9,6,E01023028,-1,0,0.09207,0.90793,-1,6,40,1,1,1,15:00,2,2,9
2023531332060,2023,531332060,2,1,2,2,52,8,3,0,0,1,0,0,9,6,E01022380,3,1,0.0,1.0,-1,7,60,1,6,1,23:09,6,2,9
2023991282445,2023,991282445,2,2,1,1,50,8,3,0,0,0,0,0,9,4,-1,3,1,0.0,1.0,-1,6,60,2,1,2,06:34,5,2,9
2023991344984,2023,991344984,1,1,3,2,50,8,2,5,3,0,0,2,0,-1,-1,7,1,1.0,0.0,-1,6,20,1,4,1,22:14,7,1,9
2023430121526,2023,430121526,2,1,1,1,25,5,3,0,0,0,0,0,1,3,E01016353,-1,0,0.14316,0.85684,-1,2,30,1,7,1,21:00,7,2,1
2023201392402,2023,201392402,2,2,1,1,18,4,2,0,0,0,0,0,9,10,E01010173,7,1,1.0,0.0,-1,6,30,1,4,1,00:09,7,2,9
2023401396293,2023,401396293,2,2,1,2,59,9,3,0,0,0,0,0,9,5,E01015767,3,1,0.0,1.0,-1,6,30,8,1,1,15:33,5,2,9
2023610038623,2023,610038623,2,1,1,2,7,2,3,0,0,0,0,0,90,8,W01001677,-1,0,0.10458,0.89542,-1,6,30,2,1,2,17:57,7,2,90
2023411286072,2023,411286072,2,1,1,2,51,8,3,0,0,0,0,0,9,5,E01023755,3,1,0.0,1.0,-1,3,30,1,1,1,15:00,3,2,9
2023440290482,2023,440290482,1,1,1,1,44,7,2,0,0,0,0,0,1,7,E01017175,-1,0,1.0,0.0,-1,6,30,1,1,1,16:37,4,1,1
2023221317952,2023,221317952,1,1,1,2,10,2,3,0,0,0,0,0,1,3,E01032242,3,1,0.0,1.0,-1,6,30,1,1,1,15:40,2,2,1
2023041360335,2023,041360335,1,2,1,2,66,10,3,0,0,0,0,0,9,-1,-1,3,1,0.0,1.0,-1,6,30,2,4,2,19:23,6,2,9
2023221330503,2023,221330503,1,1,1,2,35,6,3,0,0,0,0,0,9,2,E01032450,3,1,0.0,1.0,-1,6,30,1,1,1,09:06,2,2,9
2023041358687,2023,041358687,1,1,1,1,11,3,2,0,0,0,0,0,1,1,E01012720,7,1,1.0,0.0,-1,6,20,2,1,2,16:43,2,2,1
2023031342961,2023,031342961,1,2,2,2,19,4,2,0,0,1,0,0,9,-1,-1,5,1,1.0,0.0,-1,6,60,1,6,1,01:56,6,1,9
2023052302857,2023,052302857,2,1,1,2,36,7,3,0,0,0,0,0,9,2,E01032510,-1,0,0.02134,0.97866,-1,3,40,1,4,1,17:40,3,2,9
2023161328082,2023,161328082,1,2,1,2,40,7,3,0,0,0,0,0,9,5,E01013211,3,1,0.0,1.0,-1,6,30,2,1,2,12:47,7,2,9
2023531274538,2023,531274538,1,1,1,1,25,5,2,0,0,0,0,0,9,1,E01022333,7,1,1.0,0.0,-1,6,30,1,6,4,20:20,5,1,9
202360A153365,2023,60A153365,2,3,1,2,50,8,3,0,0,0,0,0,9,-1,-1,-1,0,0.1056,0.8944,-1,6,60,8,1,2,15:33,6,2,9
2023041287564,2023,041287564,2,1,2,2,14,3,2,0,0,1,0,0,9,-1,-1,7,1,1.0,0.0,-1,6,50,2,1,2,15:00,4,5,9
2023430036445,2023,430036445,2,1,1,1,21,5,3,0,0,0,0,0,9,9,E01016800,-1,0,0.05292,0.94708,-1,6,60,1,7,4,17:39,3,2,9
2023052301584,2023,052301584,1,1,1,1,21,5,3,0,0,0,0,0,9,6,E01007194,-1,0,0.12808,0.87192,-1,6,40,1,4,1,01:50,1,1,9
2023141317394,2023,141317394,1,1,2,2,12,3,3,0,0,1,0,0,9,-1,-1,3,1,0.0,1.0,-1,6,30,1,1,1,15:11,1,2,9
2023061374618,2023,061374618,2,1,1,1,33,6,2,0,0,0,0,0,9,1,E01005252,7,1,1.0,0.0,-1,3,30,2,1,2,14:19,3,2,9
2023311369971,2023,311369971,1,4,2,2,84,11,3,0,0,2,0,0,9,6,E01028183,3,1,0.0,1.0,-1,6,60,2,1,2,14:45,5,2,9
2023471312615,2023,471312615,1,1,1,1,40,7,3,0,0,0,0,0,9,2,E01031456,3,1,0.0,1.0,-1,6,30,1,1,1,15:50,2,2,9
2023041353378,2023,041353378,1,1,1,1,21,5,2,0,0,0,0,0,19,7,E01025465,5,1,1.0,0.0,-1,6,40,2,4,2,21:35,1,2,19
2023440295622,2023,440295622,1,1,1,1,40,7,2,0,0,0,0,0,-1,4,E01023088,-1,0,1.0,0.0,-1,6,30,2,4,2,00:07,1,1,-1
2023061314633,2023,061314633,2,1,1,1,27,6,3,0,0,0,0,0,9,-1,-1,3,1,0.0,1.0,-1,6,20,1,4,1,21:28,7,3,9
2023061395159,2023,061395159,1,3,1,2,33,6,3,0,0,0,0,0,9,8,E01005852,3,1,0.0,1.0,-1,6,30,8,4,2,22:55,7,1,9
2023421289538,2023,421289538,1,1,1,1,70,10,2,0,0,0,0,0,9,5,E01021694,5,1,1.0,0.0,-1,6,50,1,1,1,12:08,4,2,9
2023440282916,2023,440282916,2,3,1,2,25,5,3,0,0,0,0,0,9,6,E01022812,-1,0,0.06255,0.93745,-1,3,70,2,1,2,11:38,6,3,9
2023501290295,2023,501290295,3,2,2,2,83,11,3,0,0,2,0,0,9,6,E01019058,3,1,0.0,1.0,-1,6,40,5,4,2,19:54,2,3,9
2023501322468,2023,501322468,2,4,2,2,32,6,3,0,0,1,0,0,9,7,E01029974,3,1,0.0,1.0,-1,3,70,1,1,1,12:00,7,3,9
2023471262233,2023,471262233,1,1,3,1,25,5,3,1,1,0,0,0,0,2,E01016978,3,1,0.0,1.0,-1,6,30,5,4,2,22:55,4,1,9
2023631347959,2023,631347959,1,1,1,1,23,5,2,0,0,0,0,0,4,1,W01001924,7,1,1.0,0.0,-1,6,30,1,1,1,14:30,7,2,4
2023010464272,2023,010464272,2,2,1,1,31,6,3,0,0,0,0,0,9,1,E01003207,-1,0,0.0,1.0,-1,6,30,1,4,1,00:45,4,2,9
2023231377183,2023,231377183,2,1,1,2,49,8,3,0,0,0,0,0,9,8,E01025626,3,1,0.0,1.0,-1,6,30,1,1,1,14:04,6,2,9
2023340WN6902,2023,340WN6902,1,1,3,2,16,4,3,8,1,0,0,0,0,-1,-1,-1,0,0.04748,0.95252,-1,6,30,1,4,1,18:10,7,1,8
2023010460254,2023,010460254,1,1,1,1,47,8,3,0,0,0,0,0,3,4,E01000316,-1,0,0.0,1.0,-1,3,20,1,1,1,15:45,7,2,3
2023010442083,2023,010442083,2,1,1,1,45,7,3,0,0,0,0,0,5,6,E01004485,-1,0,0.0,1.0,-1,6,20,1,1,1,08:56,4,2,5
2023211357933,2023,211357933,1,1,1,1,21,5,3,0,0,0,0,0,5,6,E01019871,3,1,0.0,1.0,-1,6,60,1,1,1,09:03,7,1,5
2023211315234,2023,211315234,2,1,1,1,72,10,2,0,0,0,0,0,9,2,E01010279,7,1,1.0,0.0,-1,6,50,8,1,1,09:37,2,3,9
2023421353325,2023,421353325,2,2,1,1,76,11,2,0,0,0,0,0,9,6,E01004634,7,1,1.0,0.0,-1,6,40,1,1,1,17:59,7,3,9
2023010474492,2023,010474492,1,1,3,2,47,8,3,6,9,0,0,0,0,4,E01003666,-1,0,0.0,1.0,-1,6,20,8,7,1,07:00,1,1,9
2023071049938,2023,071049938,2,1,1,1,48,8,3,0,0,0,0,0,1,6,E01005078,-1,0,0.0926,0.9074,-1,1,30,8,1,2,14:44,3,2,1
2023622300175,2023,622300175,2,2,1,1,54,8,3,0,0,0,0,0,1,3,W01001336,-1,0,0.11247,0.88753,-1,6,30,1,1,1,13:14,1,2,1
2023010431850,2023,010431850,2,2,1,1,48,8,3,0,0,0,0,0,9,4,E01004357,-1,0,0.0,1.0,-1,3,30,2,4,2,22:59,1,2,9
2023010463015,2023,010463015,1,1,2,2,9,2,3,0,0,1,0,0,9,9,E01000882,-1,0,0.0,1.0,-1,6,30,1,1,1,16:45,3,2,9
2023141371271,2023,141371271,1,1,2,2,23,5,3,0,0,1,0,0,9,4,E01007445,3,1,0.0,1.0,-1,6,60,1,7,2,19:35,1,1,9
2023010485247,2023,010485247,1,1,3,2,57,9,2,4,9,0,0,0,0,1,E01004250,-1,0,1.0,0.0,-1,3,30,1,4,1,17:03,4,1,9
2023531260726,2023,531260726,1,1,3,2,86,11,1,5,3,0,0,0,0,8,E01022213,1,1,0.0,0.0,-1,6,30,1,1,1,15:40,6,1,9
2023010464850,2023,010464850,1,1,1,2,26,6,3,0,0,0,0,0,9,6,E01000180,-1,0,0.0,1.0,-1,3,50,1,1,1,15:30,2,2,9
2023201406175,2023,201406175,1,1,1,2,59,9,3,0,0,0,0,0,9,5,E01009023,3,1,0.0,1.0,-1,6,30,1,1,1,12:45,2,2,9
2023111299640,2023,111299640,1,3,2,2,18,4,3,0,0,0,4,0,11,5,E01020678,3,1,0.0,1.0,-1,6,60,1,1,1,12:28,6,1,11
2023311313753,2023,311313753,1,1,3,2,52,8,3,6,9,0,0,0,0,6,E01028295,3,1,0.0,1.0,-1,6,30,1,1,1,17:05,4,1,9
2023010483577,2023,010483577,2,2,1,2,43,7,3,0,0,0,0,0,9,9,E01003380,-1,0,0.0,1.0,-1,7,20,8,1,2,15:05,3,3,9
2023070847402,2023,070847402,1,2,2,2,6,2,3,0,0,2,0,0,9,1,E01018459,-1,0,0.06045,0.93955,-1,6,60,1,1,1,08:40,4,1,9
2023361358505,2023,361358505,3,2,1,2,40,7,3,0,0,0,0,0,9,2,E01026865,3,1,0.0,1.0,-1,6,60,1,1,1,12:37,2,3,9
2023411345209,2023,411345209,1,1,1,2,18,4,3,0,0,0,0,0,9,5,E01023324,3,1,0.0,1.0,-1,3,30,1,1,1,17:41,6,5,9
2023631362942,2023,631362942,1,2,2,2,40,7,3,0,0,1,0,0,9,3,E01012997,3,1,0.0,1.0,-1,6,30,2,1,2,14:41,7,2,9
2023071200091,2023,071200091,1,1,1,1,16,4,3,0,0,0,0,0,1,2,E01012535,-1,0,0.12377,0.87623,-1,6,30,1,1,2,14:15,3,2,1
2023411405587,2023,411405587,2,1,1,1,38,7,3,0,0,0,0,0,1,4,E01023652,3,1,0.0,1.0,-1,6,60,1,6,1,18:30,7,2,1
2023052301788,2023,052301788,1,1,1,1,21,5,3,0,0,0,0,0,9,10,E01006990,-1,0,0.11125,0.88875,-1,6,60,1,1,1,14:29,7,2,9
2023440260394,2023,440260394,1,1,1,2,55,8,2,0,0,0,0,0,9,5,E01017324,-1,0,1.0,0.0,-1,6,60,1,1,1,17:33,5,2,9
2023531266497,2023,531266497,2,2,1,1,44,7,3,0,0,0,0,0,9,10,E01022171,3,1,0.0,1.0,-1,6,50,1,1,2,15:08,7,2,9
2023430569584,2023,430569584,2,1,1,1,75,10,3,0,0,0,0,0,19,4,E01014645,-1,0,0.09775,0.90225,-1,6,60,1,6,1,17:27,4,2,19
2023010436162,2023,010436162,1,1,3,1,61,9,3,10,9,0,0,0,0,5,E01024156,-1,0,0.0,1.0,-1,9,30,9,4,9,22:00,4,1,11
2023201304231,2023,201304231,1,1,3,1,24,5,2,5,3,0,0,2,0,4,E01010149,7,1,1.0,0.0,-1,6,30,2,4,2,03:43,1,1,9
2023311317642,2023,311317642,1,1,3,1,13,3,2,5,3,0,0,0,0,-1,-1,6,1,1.0,0.0,-1,3,30,1,1,1,08:00,6,1,19
2023010477090,2023,010477090,1,1,1,-1,50,8,3,0,0,0,0,0,3,3,E01000945,-1,0,0.0,1.0,-1,9,30,9,1,9,15:00,2,2,3
2023010477295,2023,010477295,2,1,1,2,34,6,3,0,0,0,0,0,9,6,E01023320,-1,0,0.0,1.0,-1,3,20,1,1,1,10:00,7,3,9
2023111295299,2023,111295299,2,2,2,1,16,4,2,0,0,2,0,0,9,9,E01020635,7,1,1.0,0.0,-1,6,30,3,1,3,15:59,3,3,9
2023302301147,2023,302301147,2,2,1,2,25,5,3,0,0,0,0,0,9,-1,-1,-1,0,0.02567,0.97433,-1,6,30,1,1,1,07:40,4,2,9
2023302301852,2023,302301852,2,2,1,1,29,6,3,0,0,0,0,0,9,2,E01013477,-1,0,0.06113,0.93887,-1,6,30,7,4,4,22:50,6,2,9
2023340NN3662,2023,340NN3662,2,2,1,2,45,7,3,0,0,0,0,0,9,10,E01032973,-1,0,0.05894,0.94106,-1,6,40,1,1,1,12:30,6,2,9
2023421331359,2023,421331359,2,1,1,2,21,5,3,0,0,0,0,0,9,1,E01015917,3,1,0.0,1.0,-1,6,30,1,1,1,16:30,6,2,9
2023531272408,2023,531272408,2,2,1,1,45,7,3,0,0,0,0,0,9,10,E01022367,3,1,0.0,1.0,-1,6,60,1,6,1,19:50,7,2,9
2023631376426,2023,631376426,1,1,1,2,89,11,2,0,0,0,0,0,9,6,W01000666,5,1,1.0,0.0,-1,3,70,1,1,1,14:02,1,2,9
2023311342078,2023,311342078,1,1,1,1,59,9,3,0,0,0,0,0,21,4,E01028291,3,1,0.0,1.0,-1,3,70,1,1,1,18:52,3,2,21
2023201303744,2023,201303744,1,1,3,2,16,4,3,5,3,0,0,0,0,1,E01010316,3,1,0.0,1.0,-1,6,30,1,1,1,15:41,3,1,9
2023991302323,2023,991302323,1,1,1,2,54,8,2,0,0,0,0,0,9,8,-1,6,1,1.0,0.0,-1,6,60,1,1,1,16:28,7,2,9
2023010430022,2023,010430022,1,1,1,1,31,6,3,0,0,0,0,0,3,3,E01015289,-1,0,0.0,1.0,-1,9,20,9,1,9,12:02,5,2,3
2023031465041,2023,031465041,2,1,1,2,25,5,2,0,0,0,0,0,9,-1,-1,7,1,1.0,0.0,-1,6,60,1,1,1,16:00,5,2,9
2023361367407,2023,361367407,2,1,1,1,21,5,3,0,0,0,0,0,9,2,E01033040,3,1,0.0,1.0,-1,6,30,1,1,1,16:00,5,2,9
2023461362350,2023,461362350,2,2,1,2,20,4,2,0,0,0,0,0,9,7,E01016162,7,1,1.0,0.0,-1,3,70,1,1,1,17:00,5,2,9
2023520301586,2023,520301586,1,1,1,2,24,5,3,0,0,0,0,0,9,5,E01029200,-1,0,0.01901,0.98099,-1,3,70,1,1,1,15:08,3,2,9
2023010451987,2023,010451987,1,2,2,2,79,11,3,0,0,0,3,0,11,2,E01003924,-1,0,0.0,1.0,-1,6,30,1,1,1,10:59,4,2,11
2023320194817,2023,320194817,1,1,3,2,75,10,3,6,9,0,0,0,0,7,E01013419,-1,0,0.10751,0.89249,-1,6,30,9,1,1,12:00,3,1,22
2023421345371,2023,421345371,2,1,1,1,40,7,3,0,0,0,0,0,9,5,E01021962,3,1,0.0,1.0,-1,1,40,1,1,1,19:10,3,2,9
2023440360975,2023,440360975,1,1,1,2,44,7,3,0,0,0,0,0,9,9,E01022894,-1,0,0.06184,0.93816,-1,6,30,1,1,1,14:45,3,2,9
2023010479456,2023,010479456,1,1,1,2,31,6,3,0,0,0,0,0,1,4,E01004750,-1,0,0.0,1.0,-1,2,20,1,4,1,09:26,5,2,1
2023311353813,2023,311353813,2,1,1,1,61,9,2,0,0,0,0,0,1,-1,-1,7,1,1.0,0.0,-1,3,50,1,1,1,13:50,4,2,1
2023622300737,2023,622300737,1,1,1,1,19,4,3,0,0,0,0,0,4,2,W01000801,-1,0,0.12321,0.87679,-1,6,30,2,1,2,13:28,5,1,4
2023141381422,2023,141381422,1,1,1,1,38,7,2,0,0,0,0,0,9,-1,-1,5,1,1.0,0.0,-1,6,60,1,1,1,11:53,6,2,9
2023411269879,2023,411269879,1,1,1,2,26,6,3,0,0,0,0,0,9,2,E01013676,3,1,0.0,1.0,-1,3,70,7,1,4,08:21,2,2,9
2023411326079,2023,411326079,2,2,1,2,58,9,3,0,0,0,0,0,9,6,E01023431,3,1,0.0,1.0,-1,6,20,1,4,1,22:31,5,2,9
2023430163111,2023,430163111,1,1,1,1,19,4,3,0,0,0,0,0,9,7,E01017878,-1,0,0.14096,0.85904,-1,6,60,2,6,5,22:06,6,1,9
2023471290557,2023,471290557,1,1,1,1,80,11,3,0,0,0,0,0,9,2,E01031341,3,1,0.0,1.0,-1,6,30,1,4,1,20:35,7,2,9
2023201379967,2023,201379967,1,1,1,1,54,8,3,0,0,0,0,0,20,2,E01009877,3,1,0.0,1.0,-1,3,40,1,1,1,08:52,1,2,20
2023141317665,2023,141317665,1,1,1,1,39,7,3,0,0,0,0,0,1,-1,-1,3,1,0.0,1.0,-1,6,40,1,1,1,08:40,2,2,1
2023361353381,2023,361353381,1,1,1,2,34,6,2,0,0,0,0,0,9,-1,-1,5,1,1.0,0.0,-1,1,60,1,7,1,00:25,2,1,9
2023430290714,2023,430290714,2,1,2,1,23,5,3,0,0,2,0,0,9,3,E01016377,-1,0,0.03277,0.96723,-1,3,70,1,1,1,15:05,7,2,9
2023440124218,2023,440124218,1,1,2,2,18,4,3,0,0,1,0,0,9,6,E01022640,-1,0,0.04875,0.95125,-1,6,40,1,1,1,09:53,4,2,9
2023461396496,2023,461396496,1,1,1,1,37,7,3,0,0,0,0,0,9,5,E01000662,3,1,0.0,1.0,-1,6,30,5,4,2,17:07,5,2,9
2023052302788,2023,052302788,2,1,1,2,46,8,3,0,0,0,0,0,9,1,E01007155,-1,0,0.03661,0.96339,-1,6,30,1,4,2,17:43,2,2,9
2023061368343,2023,061368343,2,1,1,1,38,7,3,0,0,0,0,0,9,1,E01004942,3,1,0.0,1.0,-1,3,30,1,1,-1,16:46,2,2,9
2023201281936,2023,201281936,1,3,2,2,21,5,3,0,0,2,0,0,9,4,E01010361,3,1,0.0,1.0,-1,6,30,1,4,1,23:04,7,2,9
2023430089373,2023,430089373,1,1,1,1,35,6,3,0,0,0,0,0,9,3,E01032729,-1,0,0.00513,0.99487,-1,2,20,1,1,1,14:50,6,2,9
2023991389947,2023,991389947,1,1,1,1,72,10,2,0,0,0,0,0,9,6,-1,5,1,1.0,0.0,-1,3,70,1,6,2,21:45,2,1,9
2023471390082,2023,471390082,1,1,3,2,26,6,3,9,9,0,0,0,0,8,E01030979,3,1,0.0,1.0,-1,6,30,1,1,1,15:50,7,1,9
2023052302151,2023,052302151,2,3,2,2,31,6,3,0,0,1,0,0,9,2,E01006910,-1,0,0.04828,0.95172,-1,6,30,1,1,1,19:10,3,2,9
2023122300554,2023,122300554,1,1,1,2,50,8,3,0,0,0,0,0,9,10,E01027722,-1,0,0.03902,0.96098,-1,6,30,1,1,1,07:17,3,2,9
2023122400126,2023,122400126,1,1,1,2,19,4,3,0,0,0,0,0,9,7,E01027705,-1,0,0.10821,0.89179,-1,6,60,1,6,2,21:00,2,1,9
2023201328553,2023,201328553,1,3,1,1,39,7,3,0,0,0,0,0,9,1,E01009756,3,1,0.0,1.0,-1,6,30,1,1,1,07:20,3,2,9
2023201341468,2023,201341468,2,2,1,2,68,10,2,0,0,0,0,0,9,10,E01010108,7,1,1.0,0.0,-1,6,40,2,1,2,17:05,2,2,9
2023201402987,2023,201402987,2,1,1,2,40,7,3,0,0,0,0,0,9,7,E01010551,3,1,0.0,1.0,-1,6,30,1,1,1,10:03,7,3,9
2023471316872,2023,471316872,1,3,1,2,32,6,3,0,0,0,0,0,9,4,E01021076,3,1,0.0,1.0,-1,6,50,4,1,1,13:15,6,2,9
2023141273514,2023,141273514,1,1,2,2,58,9,3,0,0,1,0,0,9,9,E01007380,3,1,0.0,1.0,-1,6,30,1,4,1,17:40,2,2,9
2023170M31423,2023,170M31423,1,1,1,2,53,8,3,0,0,0,0,0,9,9,E01012230,-1,0,0.02044,0.97956,-1,6,40,1,1,1,08:40,2,2,9
2023302301264,2023,302301264,2,1,1,2,24,5,3,0,0,0,0,0,9,4,E01019822,-1,0,0.00557,0.99443,-1,6,30,1,1,1,17:35,3,2,9
2023440295037,2023,440295037,1,1,1,1,75,10,3,0,0,0,0,0,9,5,E01017088,-1,0,0.07402,0.92598,-1,6,20,2,1,2,15:17,7,1,9
2023991389309,2023,991389309,1,1,3,1,54,8,3,6,9,0,0,2,0,-1,-1,3,1,0.0,1.0,-1,6,30,5,1,2,10:01,1,2,9
2023010460389,2023,010460389,2,1,1,1,27,6,3,0,0,0,0,0,1,2,E01010869,-1,0,0.0,1.0,-1,6,30,9,1,1,13:30,1,2,1
2023411308843,2023,411308843,2,1,1,1,36,7,3,0,0,0,0,0,3,10,E01017664,3,1,0.0,1.0,-1,7,30,1,1,1,14:50,5,2,3
2023430208214,2023,430208214,3,3,1,1,25,5,3,0,0,0,0,0,9,7,E01017925,-1,0,0.0762,0.9238,-1,6,30,1,4,1,22:38,6,3,9
2023501365805,2023,501365805,1,4,2,1,17,4,3,0,0,1,0,0,9,7,E01020132,3,1,0.0,1.0,-1,6,60,2,6,2,00:25,7,1,9
2023302301779,2023,302301779,2,3,1,1,30,6,3,0,0,0,0,0,9,9,E01013462,-1,0,0.04507,0.95493,-1,6,30,1,1,1,09:50,2,3,9
202360A087394,2023,60A087394,2,1,1,1,67,10,3,0,0,0,0,0,9,-1,-1,-1,0,0.11784,0.88216,-1,6,40,1,1,1,21:49,4,2,9