collision_index,collision_year,collision_ref_no,vehicle_reference,casualty_reference,casualty_class,sex_of_casualty,age_of_casualty,age_band_of_casualty,casualty_severity,pedestrian_location,pedestrian_movement,car_passenger,bus_or_coach_passenger,pedestrian_road_maintenance_worker,casualty_type,casualty_imd_decile,lsoa_of_casualty,enhanced_casualty_severity,casualty_injury_based,casualty_adjusted_severity_serious,casualty_adjusted_severity_slight,casualty_distance_banding,road_type,speed_limit,weather_conditions,light_conditions,road_surface_conditions,time,day_of_week,number_of_vehicles,vehicle_type
2023451294573,2023,451294573,101,1,1,2,34,6,3,0,0,0,0,0,9,7,E01030613,3,1,0.0,1.0,-1,6,30,1,1,1,17:30,5,2,9
2023471291669,2023,471291669,2,1,1,2,23,5,3,0,0,0,0,0,9,3,E01031548,3,1,0.0,1.0,-1,6,30,9,7,1,20:12,7,2,9
2023501295077,2023,501295077,1,2,2,2,16,4,3,0,0,1,0,0,9,5,E01018853,3,1,0.0,1.0,-1,6,40,2,6,2,01:25,2,1,9
2023010451345,2023,010451345,2,1,1,1,37,7,3,0,0,0,0,0,1,3,E01002057,-1,0,0.0,1.0,-1,3,30,1,1,1,13:00,1,2,1
2023451261719,2023,451261719,1,1,1,2,25,5,3,0,0,0,0,0,1,10,E01030728,3,1,0.0,1.0,-1,3,30,2,4,2,07:20,3,2,1
2023531276123,2023,531276123,2,1,1,1,75,10,2,0,0,0,0,0,1,9,E01022357,7,1,1.0,0.0,-1,1,30,1,1,1,11:25,3,2,1
2023610021623,2023,610021623,1,1,1,1,46,8,3,0,0,0,0,0,1,4,W01001411,-1,0,0.24781,0.75219,-1,6,30,1,1,1,20:30,1,2,1
2023211312820,2023,211312820,2,1,1,1,24,5,3,0,0,0,0,0,3,2,E01014359,3,1,0.0,1.0,-1,6,30,1,1,1,17:55,3,2,3
2023421378566,2023,421378566,1,1,1,1,57,9,3,0,0,0,0,0,3,7,E01021900,3,1,0.0,1.0,-1,6,30,1,1,1,12:11,6,2,3
2023332300672,2023,332300672,1,2,1,1,70,10,3,0,0,0,0,0,9,5,E01027091,-1,0,0.05944,0.94056,-1,3,70,2,1,2,16:05,7,2,9
2023501327336,2023,501327336,1,1,1,1,21,5,3,0,0,0,0,0,9,4,E01015247,3,1,0.0,1.0,-1,6,60,2,1,2,13:20,7,2,9
2023010453073,2023,010453073,2,2,1,1,74,10,3,0,0,0,0,0,19,5,E01023327,-1,0,0.0,1.0,-1,3,40,1,1,1,08:20,2,2,19
2023010460810,2023,010460810,1,1,1,1,27,6,3,0,0,0,0,0,1,3,E01002057,-1,0,0.0,1.0,-1,6,20,1,4,1,23:51,3,2,1
2023421278554,2023,421278554,1,1,1,1,33,6,3,0,0,0,0,0,5,-1,-1,3,1,0.0,1.0,-1,6,60,1,1,1,16:09,1,1,5
2023101391906,2023,101391906,2,2,2,2,51,8,3,0,0,1,0,0,9,-1,-1,3,1,0.0,1.0,-1,6,60,1,1,2,10:03,7,2,9
2023131289452,2023,131289452,2,6,2,1,18,4,3,0,0,2,0,0,9,1,E01010625,3,1,0.0,1.0,-1,3,30,1,1,1,08:07,4,2,9
2023351283880,2023,351283880,1,1,1,2,79,11,2,0,0,0,0,0,9,5,E01015688,6,1,1.0,0.0,-1,3,70,2,1,2,17:25,3,2,9
2023531384505,2023,531384505,2,2,1,2,61,9,3,0,0,0,0,0,9,6,E01022253,3,1,0.0,1.0,-1,6,60,2,1,2,15:35,6,2,9
2023010446825,2023,010446825,1,1,2,1,10,2,3,0,0,2,0,0,9,2,E01001577,-1,0,0.0,1.0,-1,1,30,1,1,1,12:00,7,2,9
2023010450949,2023,010450949,1,3,2,-1,-1,-1,3,0,0,2,0,0,9,10,E01016671,-1,0,0.0,1.0,-1,6,20,1,1,1,16:45,3,2,9
2023070524987,2023,070524987,2,2,2,2,76,11,3,0,0,1,0,0,9,-1,-1,-1,0,0.02884,0.97116,-1,6,60,1,1,1,15:00,6,2,9
2023131324762,2023,131324762,3,3,1,1,49,8,2,0,0,0,0,0,9,2,E01011030,6,1,1.0,0.0,-1,6,40,1,1,1,11:10,7,3,9
2023340WN0502,2023,340WN0502,2,2,2,1,19,4,3,0,0,1,0,0,9,-1,-1,-1,0,0.01365,0.98635,-1,3,40,2,4,2,17:45,4,2,9
2023411379383,2023,411379383,1,2,2,2,-1,-1,3,0,0,-1,0,0,9,-1,-1,3,1,0.0,1.0,-1,6,30,1,1,1,17:22,1,3,9
2023010432992,2023,010432992,1,1,1,2,23,5,3,0,0,0,0,0,9,4,E01004417,-1,0,0.0,1.0,-1,6,30,1,4,1,22:10,7,1,9
2023052300500,2023,052300500,1,1,1,1,45,7,2,0,0,0,0,0,9,1,E01006659,-1,0,1.0,0.0,-1,6,30,1,4,1,21:20,2,2,9
2023131362948,2023,131362948,1,1,1,2,41,7,3,0,0,0,0,0,9,2,E01011080,3,1,0.0,1.0,-1,3,40,1,1,1,15:02,6,2,9
2023201418538,2023,201418538,1,1,1,2,23,5,3,0,0,0,0,0,9,2,E01010448,3,1,0.0,1.0,-1,6,30,1,4,1,21:51,6,3,9
2023451263541,2023,451263541,1,1,1,1,58,9,3,0,0,0,0,0,9,10,E01030810,3,1,0.0,1.0,-1,6,50,1,1,1,13:30,1,2,9
2023010467500,2023,010467500,2,1,1,1,39,7,3,0,0,0,0,0,1,-1,-1,-1,0,0.0,1.0,-1,3,30,1,1,1,16:35,5,2,1
2023122300736,2023,122300736,1,1,1,2,43,7,3,0,0,0,0,0,9,7,E01027605,-1,0,0.04658,0.95342,-1,6,30,1,1,1,13:50,1,2,9
2023221366560,2023,221366560,2,2,2,2,60,9,3,0,0,1,0,0,9,8,E01032182,3,1,0.0,1.0,-1,6,30,1,1,1,13:38,7,2,9
2023451307913,2023,451307913,1,1,1,2,37,7,3,0,0,0,0,0,9,2,E01017119,3,1,0.0,1.0,-1,3,70,1,1,1,09:50,2,2,9
2023552300260,2023,552300260,2,2,2,1,23,5,3,0,0,1,0,0,9,4,E01020394,-1,0,0.03273,0.96727,-1,6,30,1,4,2,20:11,5,2,9
2023041392189,2023,041392189,1,1,2,2,35,6,3,0,0,1,0,0,9,4,E01033072,3,1,0.0,1.0,-1,7,70,1,1,2,08:45,3,2,9
2023540553923,2023,540553923,1,1,1,1,70,10,3,0,0,0,0,0,9,4,E01015621,-1,0,0.02757,0.97243,-1,6,30,8,1,4,08:57,3,2,9
2023010435059,2023,010435059,2,1,1,1,26,6,2,0,0,0,0,0,1,1,E01000782,-1,0,1.0,0.0,-1,6,30,1,1,1,16:40,5,2,1
2023101276785,2023,101276785,1,1,1,1,23,5,2,0,0,0,0,0,1,2,E01008752,7,1,1.0,0.0,-1,6,30,1,4,1,18:05,4,2,1
2023361347562,2023,361347562,2,1,1,1,28,6,3,0,0,0,0,0,1,3,E01026753,3,1,0.0,1.0,-1,6,20,1,1,1,14:15,7,2,1
2023991324935,2023,991324935,2,1,1,1,58,9,2,0,0,0,0,0,1,6,E01019967,7,1,1.0,0.0,-1,6,60,1,1,1,12:55,4,2,1
2023010452418,2023,010452418,1,1,1,1,34,6,3,0,0,0,0,0,3,2,E01000603,-1,0,0.0,1.0,-1,9,20,1,1,1,13:15,6,2,3
2023231366333,2023,231366333,1,1,3,1,56,9,2,6,5,0,0,0,0,5,E01031171,7,1,1.0,0.0,-1,6,30,1,6,1,02:26,1,1,9
2023440448843,2023,440448843,1,1,1,1,16,4,3,0,0,0,0,0,1,2,E01017116,-1,0,0.14063,0.85937,-1,6,30,1,4,2,18:47,5,2,1
2023041261733,2023,041261733,2,1,1,1,65,9,3,0,0,0,0,0,9,9,E01025472,3,1,0.0,1.0,-1,6,30,5,4,2,17:20,3,2,9
2023371323069,2023,371323069,1,1,2,2,71,10,3,0,0,-1,0,0,9,5,E01029884,3,1,0.0,1.0,-1,6,30,1,1,1,07:30,3,2,9
2023010454604,2023,010454604,2,1,2,2,68,10,3,0,0,0,4,0,11,2,E01004239,-1,0,0.0,1.0,-1,6,30,1,1,1,16:51,3,2,11
2023501353660,2023,501353660,1,1,1,2,76,11,2,0,0,0,0,0,9,6,E01018852,6,1,1.0,0.0,-1,6,60,1,1,1,11:01,2,2,9
2023010457939,2023,010457939,1,1,2,1,26,6,3,0,0,0,3,0,11,-1,-1,-1,0,0.0,1.0,-1,3,30,1,4,1,21:03,7,1,11
2023041287135,2023,041287135,2,1,1,2,50,8,3,0,0,0,0,0,9,6,E01025315,3,1,0.0,1.0,-1,6,60,1,7,1,22:31,7,2,9
2023141338559,2023,141338559,1,1,1,1,44,7,3,0,0,0,0,0,9,8,E01011171,3,1,0.0,1.0,-1,6,60,1,4,1,23:42,7,2,9
2023332300920,2023,332300920,1,1,2,2,22,5,3,0,0,2,0,0,9,10,E01025680,-1,0,0.00895,0.99105,-1,3,30,1,4,2,02:15,1,2,9
2023440366320,2023,440366320,2,1,2,2,18,4,3,0,0,1,0,0,9,10,E01032852,-1,0,0.07223,0.92777,-1,6,50,1,6,1,19:47,6,2,9
2023311278447,2023,311278447,2,2,2,1,44,7,2,0,0,0,0,0,90,3,E01028306,6,1,1.0,0.0,-1,6,60,1,1,1,13:43,2,2,90
2023201410658,2023,201410658,1,1,1,1,28,6,3,0,0,0,0,0,1,3,E01010113,3,1,0.0,1.0,-1,3,30,8,1,1,11:00,3,2,1
2023031348071,2023,031348071,2,4,1,1,53,8,3,0,0,0,0,0,9,2,E01020689,3,1,0.0,1.0,-1,6,60,1,6,1,01:28,2,2,9
2023211389133,2023,211389133,2,2,1,2,25,5,3,0,0,0,0,0,9,-1,-1,3,1,0.0,1.0,-1,3,70,1,4,1,16:30,7,3,9
2023471285365,2023,471285365,2,2,1,2,38,7,3,0,0,0,0,0,9,5,E01031571,3,1,0.0,1.0,-1,6,30,5,1,2,09:25,6,3,9
2023221390194,2023,221390194,2,1,2,2,6,2,3,0,0,1,0,0,19,-1,-1,3,1,0.0,1.0,-1,1,60,1,1,1,08:48,5,2,19
2023170L21423,2023,170L21423,2,1,1,1,58,9,3,0,0,0,0,0,1,-1,-1,-1,0,0.18872,0.81128,-1,1,50,2,4,2,18:40,1,2,1
2023451390364,2023,451390364,1,1,1,1,48,8,2,0,0,0,0,0,1,10,E01030480,7,1,1.0,0.0,-1,6,30,1,4,2,00:34,4,1,1
2023010449799,2023,010449799,1,1,1,2,28,6,3,0,0,0,0,0,9,3,E01001794,-1,0,0.0,1.0,-1,6,20,1,4,1,00:25,1,2,9
2023010475298,2023,010475298,1,1,1,2,18,4,3,0,0,0,0,0,9,8,E01030384,-1,0,0.0,1.0,-1,1,20,2,4,2,18:00,3,2,9
2023430379667,2023,430379667,1,2,1,2,20,4,3,0,0,0,0,0,9,9,E01032950,-1,0,0.05146,0.94854,-1,6,50,1,4,1,03:00,5,1,9
2023520301580,2023,520301580,2,1,1,1,37,7,3,0,0,0,0,0,9,-1,-1,-1,0,0.03298,0.96702,-1,7,60,1,1,1,12:50,7,2,9
2023461359181,2023,461359181,1,1,2,2,78,11,2,0,0,2,0,0,9,9,E01003457,7,1,1.0,0.0,-1,3,70,1,1,1,12:05,1,3,9
2023631308020,2023,631308020,2,1,1,2,67,10,3,0,0,0,0,0,9,3,W01001021,3,1,0.0,1.0,-1,6,60,1,1,1,10:55,2,2,9
2023332300179,2023,332300179,2,1,1,1,23,5,3,0,0,0,0,0,97,5,E01025966,-1,0,0.07919,0.92081,-1,6,30,1,4,2,18:13,6,2,97
2023041316488,2023,041316488,1,1,3,1,91,11,2,10,5,0,0,0,0,8,E01024924,7,1,1.0,0.0,-1,6,40,1,1,1,14:30,5,1,9
2023421325234,2023,421325234,1,1,3,2,44,7,3,5,9,0,0,0,0,1,E01022026,3,1,0.0,1.0,-1,6,30,1,1,1,13:50,3,1,9
2023461340915,2023,461340915,1,1,1,1,57,9,3,0,0,0,0,0,5,-1,-1,3,1,0.0,1.0,-1,6,60,1,1,1,09:00,3,1,5
2023010451051,2023,010451051,1,1,1,2,31,6,3,0,0,0,0,0,9,8,E01030505,-1,0,0.0,1.0,-1,3,20,1,1,1,18:53,6,2,9
2023231347302,2023,231347302,2,1,1,2,30,6,3,0,0,0,0,0,9,8,E01031070,3,1,0.0,1.0,-1,6,30,1,1,1,08:39,4,2,9
2023471394318,2023,471394318,2,1,1,2,-1,-1,3,0,0,0,0,0,9,7,E01015920,3,1,0.0,1.0,-1,6,30,9,7,1,18:30,4,2,9
2023991282322,2023,991282322,2,1,1,1,79,11,3,0,0,0,0,0,9,6,-1,3,1,0.0,1.0,-1,6,30,1,1,2,11:30,5,3,9
2023311302046,2023,311302046,1,1,3,2,59,9,3,5,9,0,0,0,0,1,E01013825,3,1,0.0,1.0,-1,6,30,1,1,1,18:00,5,1,9
2023461348068,2023,461348068,1,3,3,1,3,1,3,5,1,0,0,0,0,6,E01023988,3,1,0.0,1.0,-1,6,30,1,6,2,21:24,7,1,9
2023010479805,2023,010479805,2,1,1,1,26,6,3,0,0,0,0,0,1,-1,-1,-1,0,0.0,1.0,-1,6,20,1,4,1,21:49,5,2,1
2023070616002,2023,070616002,2,1,1,1,11,3,3,0,0,0,0,0,1,-1,-1,-1,0,0.07923,0.92077,-1,6,30,1,1,1,15:30,7,2,1
2023041361751,2023,041361751,1,1,1,2,39,7,2,0,0,0,0,0,3,6,E01025176,7,1,1.0,0.0,-1,6,50,2,1,2,14:50,4,1,3
2023101374832,2023,101374832,1,1,1,1,19,4,3,0,0,0,0,0,9,3,E01027385,3,1,0.0,1.0,-1,3,60,2,1,2,08:25,3,2,9
2023161333814,2023,161333814,1,1,1,2,21,5,3,0,0,0,0,0,9,1,E01012894,3,1,0.0,1.0,-1,6,30,2,4,2,21:55,4,2,9
2023311342390,2023,311342390,2,1,1,2,18,4,2,0,0,0,0,0,-1,-1,-1,7,1,1.0,0.0,-1,3,30,1,1,1,12:37,4,2,-1
2023451314267,2023,451314267,1,1,3,2,38,7,3,5,1,0,0,0,0,9,E01022615,3,1,0.0,1.0,-1,6,30,1,1,1,13:41,6,1,9
2023531391459,2023,531391459,1,1,3,1,11,3,3,9,9,0,0,0,0,9,E01022279,3,1,0.0,1.0,-1,6,30,1,1,1,08:30,4,1,9
2023430018857,2023,430018857,1,1,1,2,37,7,3,0,0,0,0,0,9,3,E01023107,-1,0,0.00896,0.99104,-1,6,30,1,1,1,14:45,6,2,9
2023451302455,2023,451302455,1,5,1,1,47,8,3,0,0,0,0,0,9,5,E01003359,3,1,0.0,1.0,-1,6,40,1,1,1,12:52,7,2,9
2023522301150,2023,522301150,1,3,2,2,27,6,3,0,0,1,0,0,9,1,E01014486,-1,0,0.06091,0.93909,-1,6,20,1,4,1,04:35,7,2,9
2023320768347,2023,320768347,2,2,1,2,36,7,3,0,0,0,0,0,19,2,E01007590,-1,0,0.05091,0.94909,-1,6,60,1,6,2,19:07,5,2,19
2023041263003,2023,041263003,1,1,3,1,29,6,2,8,8,0,0,0,0,5,E01024888,5,1,1.0,0.0,-1,6,40,5,1,2,08:35,6,1,9
2023991321453,2023,991321453,1,1,1,1,50,8,2,0,0,0,0,0,1,10,-1,5,1,1.0,0.0,-1,6,30,1,1,1,08:30,5,2,1
2023010476829,2023,010476829,3,2,2,1,31,6,3,0,0,1,0,0,9,7,E01000983,-1,0,0.0,1.0,-1,6,30,1,1,1,09:40,5,3,9
2023211366875,2023,211366875,1,2,2,2,66,10,2,0,0,-1,0,0,9,-1,-1,6,1,1.0,0.0,-1,6,30,1,1,1,12:34,3,2,9
2023311291486,2023,311291486,1,1,3,2,27,6,2,5,1,0,0,0,0,-1,-1,7,1,1.0,0.0,-1,6,30,1,1,1,03:30,3,1,9
2023520000613,2023,520000613,1,1,1,1,47,8,3,0,0,0,0,0,1,8,E01014400,-1,0,0.03378,0.96622,-1,6,40,1,1,1,10:00,7,2,1
2023131290294,2023,131290294,1,1,2,1,47,8,3,0,0,1,0,0,9,8,E01011109,3,1,0.0,1.0,-1,6,30,5,6,2,19:30,6,2,9
2023170S10513,2023,170S10513,1,1,1,1,34,6,3,0,0,0,0,0,9,9,E01033474,-1,0,0.01455,0.98545,-1,6,30,1,1,1,13:10,7,2,9
2023231330049,2023,231330049,2,1,1,1,25,5,1,0,0,0,0,0,9,10,E01028740,1,1,0.0,0.0,-1,3,70,1,1,2,18:09,7,2,9
2023351354298,2023,351354298,1,1,1,1,55,8,2,0,0,0,0,0,9,8,E01015685,6,1,1.0,0.0,-1,6,60,1,1,1,17:20,7,1,9
2023371343959,2023,371343959,1,1,1,1,48,8,1,0,0,0,0,0,9,4,E01026864,1,1,0.0,0.0,-1,6,60,1,1,1,19:05,5,2,9
2023010483949,2023,010483949,2,1,1,1,31,6,3,0,0,0,0,0,1,3,E01004427,-1,0,0.0,1.0,-1,6,30,1,1,1,09:30,5,2,1
2023010467416,2023,010467416,1,1,1,1,29,6,3,0,0,0,0,0,3,1,E01003986,-1,0,0.0,1.0,-1,9,20,9,1,9,18:00,4,2,3
2023131317227,2023,131317227,1,1,1,1,27,6,2,0,0,0,0,0,5,8,E01011185,7,1,1.0,0.0,-1,6,30,1,4,1,02:42,1,1,5
2023041329507,2023,041329507,2,1,2,2,21,5,3,0,0,1,0,0,9,2,E01012705,3,1,0.0,1.0,-1,6,30,1,1,1,07:33,5,2,9
2023351325802,2023,351325802,1,3,2,1,8,2,3,0,0,-1,0,0,9,6,E01032612,3,1,0.0,1.0,-1,3,70,1,1,1,19:09,7,2,9
2023010476767,2023,010476767,1,1,1,1,26,6,3,0,0,0,0,0,9,4,E01003230,-1,0,0.0,1.0,-1,6,20,2,1,2,15:15,4,2,9
2023041304360,2023,041304360,1,1,2,2,23,5,3,0,0,1,0,0,9,5,E01025395,3,1,0.0,1.0,-1,6,60,1,1,1,09:42,6,1,9
2023520300645,2023,520300645,2,3,2,2,29,6,2,0,0,0,0,0,5,5,E01029067,-1,0,1.0,0.0,-1,6,60,1,1,1,11:56,1,2,5
2023461363833,2023,461363833,2,2,1,1,26,6,2,0,0,0,0,0,9,6,E01024371,7,1,1.0,0.0,-1,6,30,5,6,2,20:22,6,2,9
2023991327522,2023,991327522,2,2,1,1,63,9,3,0,0,0,0,0,9,2,-1,3,1,0.0,1.0,-1,3,50,2,1,2,17:20,7,3,9
2023141341444,2023,141341444,2,2,1,1,41,7,3,0,0,0,0,0,19,4,E01006399,3,1,0.0,1.0,-1,6,60,2,1,2,09:16,2,2,19
2023421326399,2023,421326399,1,1,1,1,30,6,2,0,0,0,0,0,-1,2,E01021485,5,1,1.0,0.0,-1,6,30,1,1,1,19:17,4,2,-1
2023320124200,2023,320124200,1,1,1,2,17,4,3,0,0,0,0,0,9,3,E01026227,-1,0,0.10514,0.89486,-1,6,60,1,6,1,17:00,2,1,9
2023401304010,2023,401304010,2,1,1,2,35,6,3,0,0,0,0,0,9,8,E01016823,3,1,0.0,1.0,-1,7,20,1,1,1,07:30,4,2,9
2023430015941,2023,430015941,2,2,1,2,75,10,3,0,0,0,0,0,9,9,E01028735,-1,0,0.08344,0.91656,-1,6,50,2,6,2,19:50,4,2,9
2023461286850,2023,461286850,2,2,1,1,39,7,3,0,0,0,0,0,9,6,E01001064,3,1,0.0,1.0,-1,6,40,1,1,1,16:38,7,3,9
2023552300980,2023,552300980,2,1,2,2,18,4,3,0,0,1,0,0,9,1,E01015290,-1,0,0.04458,0.95542,-1,6,30,1,4,1,01:03,1,2,9
2023221329361,2023,221329361,1,1,2,2,75,10,3,0,0,2,0,0,9,6,E01032188,3,1,0.0,1.0,-1,6,50,2,1,2,10:53,6,1,9
2023320038348,2023,320038348,1,1,2,2,69,10,3,0,0,1,0,0,9,4,E01026028,-1,0,0.17041,0.82959,-1,6,60,1,1,4,07:50,5,1,9
2023430185919,2023,430185919,2,2,2,1,22,5,3,0,0,1,0,0,9,3,E01016804,-1,0,0.00349,0.99651,-1,6,30,1,1,1,20:28,6,2,9
2023122301099,2023,122301099,2,1,1,2,46,8,3,0,0,0,0,0,1,8,E01027650,-1,0,0.05101,0.94899,-1,6,30,1,4,2,19:00,7,2,1
2023010469303,2023,010469303,1,1,1,1,28,6,3,0,0,0,0,0,9,9,E01000213,-1,0,0.0,1.0,-1,6,30,1,1,1,11:08,1,2,9
2023161322622,2023,161322622,2,1,1,2,38,7,2,0,0,0,0,0,9,7,E01013032,5,1,1.0,0.0,-1,6,50,1,1,2,07:30,1,2,9
2023440347408,2023,440347408,2,1,1,2,19,4,3,0,0,0,0,0,9,10,E01022537,-1,0,0.02505,0.97495,-1,1,30,1,1,1,19:49,1,3,9
2023501380043,2023,501380043,1,1,1,1,60,9,3,0,0,0,0,0,9,3,E01020104,3,1,0.0,1.0,-1,6,30,1,1,1,14:30,3,2,9
2023061373525,2023,061373525,1,3,2,2,18,4,3,0,0,2,0,0,9,8,E01018432,3,1,0.0,1.0,-1,3,50,1,1,1,11:10,7,4,9
2023131342500,2023,131342500,1,2,1,1,58,9,3,0,0,0,0,0,9,2,E01011246,3,1,0.0,1.0,-1,1,30,1,1,1,05:28,4,2,9
2023991280145,2023,991280145,1,1,1,1,24,5,3,0,0,0,0,0,9,3,-1,3,1,0.0,1.0,-1,6,20,1,1,1,12:30,6,2,9
2023991280279,2023,991280279,1,1,1,1,68,10,2,0,0,0,0,0,9,7,-1,7,1,1.0,0.0,-1,6,60,1,1,1,16:15,6,2,9
2023522301221,2023,522301221,1,1,1,1,17,4,3,0,0,0,0,0,3,1,E01014638,-1,0,0.11782,0.88218,-1,6,30,1,1,1,15:10,2,2,3
2023010439451,2023,010439451,1,1,3,1,13,3,3,4,3,0,0,0,0,3,E01001117,-1,0,0.0,1.0,-1,6,30,4,1,1,18:15,3,1,9
2023552400238,2023,552400238,1,1,3,2,25,5,2,6,9,0,0,0,0,-1,-1,-1,0,1.0,0.0,-1,6,20,1,4,1,21:22,2,1,-1
2023161325048,2023,161325048,1,1,1,1,24,5,2,0,0,0,0,0,5,9,E01013015,7,1,1.0,0.0,-1,6,60,1,1,1,12:45,7,2,5
2023552300971,2023,552300971,1,1,1,1,37,7,2,0,0,0,0,0,5,6,E01020462,-1,0,1.0,0.0,-1,6,40,1,6,1,05:52,4,2,5
2023201444619,2023,201444619,2,1,1,2,30,6,3,0,0,0,0,0,9,3,E01009256,3,1,0.0,1.0,-1,1,40,1,1,1,13:00,1,2,9
2023221308828,2023,221308828,1,1,1,1,48,8,2,0,0,0,0,0,9,10,E01009720,7,1,1.0,0.0,-1,6,60,1,1,1,20:10,1,1,9
2023311352936,2023,311352936,1,1,1,2,81,11,1,0,0,0,0,0,9,7,E01028193,1,1,0.0,0.0,-1,6,30,1,1,1,14:56,6,2,9
2023520301261,2023,520301261,1,1,1,1,47,8,3,0,0,0,0,0,9,6,E01032117,-1,0,0.01891,0.98109,-1,6,60,5,1,2,15:43,6,2,9
2023211325944,2023,211325944,2,1,1,1,62,9,3,0,0,0,0,0,19,4,E01029501,3,1,0.0,1.0,-1,6,40,1,1,1,16:25,3,2,19
2023201387744,2023,201387744,2,5,2,2,5,1,3,0,0,-1,0,0,9,-1,-1,3,1,0.0,1.0,-1,3,40,1,1,1,13:12,1,2,9
2023231291668,2023,231291668,1,1,1,2,82,11,3,0,0,0,0,0,9,8,E01031217,3,1,0.0,1.0,-1,6,50,1,1,1,09:34,2,2,9
2023201311765,2023,201311765,2,1,1,1,47,8,3,0,0,0,0,0,1,4,E01009894,3,1,0.0,1.0,-1,1,30,1,1,1,08:31,5,2,1
2023061294919,2023,061294919,1,1,3,1,6,2,2,6,9,0,0,0,0,5,E01006304,6,1,1.0,0.0,-1,6,20,1,1,1,13:09,7,1,19
2023201391069,2023,201391069,1,2,3,2,25,5,3,6,9,0,0,0,0,3,E01008895,3,1,0.0,1.0,-1,6,30,1,4,1,16:11,7,1,9
2023471366474,2023,471366474,1,1,3,1,27,6,3,10,8,0,0,0,0,6,E01031477,3,1,0.0,1.0,-1,6,30,1,1,1,08:45,3,1,9
2023501321869,2023,501321869,1,1,3,1,3,1,3,7,3,0,0,0,0,2,E01015170,3,1,0.0,1.0,-1,6,30,1,1,1,08:39,6,1,19
2023010445731,2023,010445731,2,1,1,1,24,5,3,0,0,0,0,0,1,7,E01003407,-1,0,0.0,1.0,-1,6,20,1,1,1,16:45,1,2,1
2023371289532,2023,371289532,2,1,1,2,58,9,3,0,0,0,0,0,1,2,E01030289,3,1,0.0,1.0,-1,6,30,8,1,1,13:15,6,2,1
2023031262674,2023,031262674,1,1,1,2,56,9,2,0,0,0,0,0,9,-1,-1,6,1,1.0,0.0,-1,6,30,4,1,1,15:36,5,2,9
2023221329260,2023,221329260,2,3,2,2,60,9,2,0,0,1,0,0,9,8,E01016252,7,1,1.0,0.0,-1,6,60,1,1,1,11:50,2,3,9
2023440434436,2023,440434436,1,2,2,1,40,7,3,0,0,1,0,0,9,10,E01022687,-1,0,0.02165,0.97835,-1,1,50,1,1,1,15:45,2,2,9
2023622300049,2023,622300049,2,1,1,2,34,6,3,0,0,0,0,0,9,7,W01001815,-1,0,0.01814,0.98186,-1,3,40,1,4,2,18:39,2,2,9
2023010425572,2023,010425572,1,1,1,2,29,6,3,0,0,0,0,0,9,-1,-1,-1,0,0.0,1.0,-1,6,30,1,1,1,07:37,5,2,9
2023221319427,2023,221319427,1,2,2,2,19,4,3,0,0,2,0,0,9,4,E01028999,3,1,0.0,1.0,-1,6,60,1,1,1,15:25,2,3,9
2023552301190,2023,552301190,1,1,3,1,12,3,2,8,4,0,0,0,0,2,E01020553,-1,0,1.0,0.0,-1,6,30,1,1,1,17:09,3,1,9
2023010466933,2023,010466933,2,4,2,2,18,4,3,0,0,0,0,0,19,7,E01024187,-1,0,0.0,1.0,-1,3,40,1,1,1,09:35,3,3,19
2023991382695,2023,991382695,2,3,2,1,34,6,3,0,0,0,0,0,19,7,E01011053,3,1,0.0,1.0,-1,3,70,1,1,4,07:55,3,2,19
2023010438422,2023,010438422,2,1,1,2,32,6,3,0,0,0,0,0,9,3,E01004437,-1,0,0.0,1.0,-1,1,20,1,1,1,11:10,5,2,9
2023211305641,2023,211305641,1,1,1,1,41,7,2,0,0,0,0,0,9,3,E01029448,5,1,1.0,0.0,-1,3,70,1,1,1,06:00,4,1,9
2023430479954,2023,430479954,1,2,2,2,85,11,2,0,0,1,0,0,9,-1,-1,-1,0,1.0,0.0,-1,6,60,1,1,1,13:01,4,2,9
2023991299223,2023,991299223,1,1,1,2,47,8,3,0,0,0,0,0,9,4,-1,3,1,0.0,1.0,-1,3,70,1,1,1,07:10,3,1,9
2023991345906,2023,991345906,1,1,1,1,20,4,3,0,0,0,0,0,5,4,-1,3,1,0.0,1.0,-1,6,40,1,5,2,19:15,4,1,5
2023201318353,2023,201318353,1,1,3,1,31,6,3,9,5,0,0,2,0,2,E01009650,3,1,0.0,1.0,-1,6,40,1,4,1,20:40,5,2,9
2023340WN6932,2023,340WN6932,1,1,2,2,22,5,3,0,0,0,0,0,-1,-1,-1,-1,0,0.09793,0.90207,-1,6,30,2,4,2,16:55,5,2,-1
2023401333654,2023,401333654,2,2,1,1,18,4,2,0,0,0,0,0,1,10,E01017483,7,1,1.0,0.0,-1,6,30,1,1,1,11:39,4,2,1
2023010445128,2023,010445128,2,3,2,1,20,4,3,0,0,2,0,0,9,-1,-1,-1,0,0.0,1.0,-1,3,40,1,4,1,00:35,6,2,9
2023041268268,2023,041268268,3,3,1,2,42,7,3,0,0,0,0,0,9,7,E01025347,3,1,0.0,1.0,-1,6,60,2,1,2,07:40,4,4,9
2023531330913,2023,531330913,1,1,1,2,62,9,3,0,0,0,0,0,9,4,E01022296,3,1,0.0,1.0,-1,6,30,1,1,1,09:40,4,2,9
2023991380618,2023,991380618,1,1,1,1,77,11,3,0,0,0,0,0,9,1,-1,3,1,0.0,1.0,-1,7,60,1,4,2,16:00,4,1,9