collision_index,collision_year,collision_ref_no,vehicle_reference,casualty_reference,casualty_class,sex_of_casualty,age_of_casualty,age_band_of_casualty,casualty_severity,pedestrian_location,pedestrian_movement,car_passenger,bus_or_coach_passenger,pedestrian_road_maintenance_worker,casualty_type,casualty_imd_decile,lsoa_of_casualty,enhanced_casualty_severity,casualty_injury_based,casualty_adjusted_severity_serious,casualty_adjusted_severity_slight,casualty_distance_banding,road_type,speed_limit,weather_conditions,light_conditions,road_surface_conditions,time,day_of_week,number_of_vehicles,vehicle_type
202360A072934,2023,60A072934,1,1,3,1,4,1,3,5,3,0,0,0,0,-1,-1,-1,0,0.15567,0.84433,-1,6,30,1,1,1,15:12,3,1,9
2023010434998,2023,010434998,2,1,1,1,41,7,2,0,0,0,0,0,1,9,E01003382,-1,0,1.0,0.0,-1,6,20,8,1,2,08:05,5,2,1
2023221374266,2023,221374266,2,1,1,1,45,7,3,0,0,0,0,0,1,5,E01014088,3,1,0.0,1.0,-1,6,30,2,4,2,19:50,2,2,1
2023052303031,2023,052303031,1,1,2,2,17,4,3,0,0,2,0,0,8,1,E01006607,-1,0,0.05828,0.94172,-1,3,40,4,4,1,23:55,3,2,8
2023991365174,2023,991365174,1,1,3,2,78,11,2,6,9,0,0,0,0,3,-1,7,1,1.0,0.0,-1,6,20,1,1,1,10:32,5,1,9
2023131293948,2023,131293948,2,1,2,2,24,5,3,0,0,2,0,0,8,2,E01011259,3,1,0.0,1.0,-1,3,30,1,1,1,18:37,3,2,8
2023430468607,2023,430468607,1,1,3,1,20,4,3,5,1,0,0,0,0,10,E01017937,-1,0,0.0454,0.9546,-1,6,30,1,1,1,15:20,3,1,19
2023010459281,2023,010459281,2,1,1,2,42,7,3,0,0,0,0,0,9,6,E01004173,-1,0,0.0,1.0,-1,6,30,1,1,1,08:00,2,2,9
202354B061023,2023,54B061023,2,2,1,1,41,7,3,0,0,0,0,0,9,7,E01015574,-1,0,0.00831,0.99169,-1,6,30,2,1,2,15:33,4,3,9
2023991299555,2023,991299555,2,1,1,1,90,11,3,0,0,0,0,0,9,8,-1,3,1,0.0,1.0,-1,6,60,1,6,1,17:00,6,2,9
2023010429998,2023,010429998,1,1,2,1,1,1,3,0,0,0,4,0,11,6,E01002828,-1,0,0.0,1.0,-1,3,30,1,1,1,11:55,5,1,11
2023070373270,2023,070373270,2,3,1,1,32,6,3,0,0,0,0,0,90,2,E01033302,-1,0,0.16048,0.83952,-1,6,50,1,1,1,13:30,4,2,90
2023440498851,2023,440498851,2,1,1,1,30,6,3,0,0,0,0,0,90,5,E01023010,-1,0,0.15076,0.84924,-1,6,30,1,4,2,20:23,4,2,90
2023010470306,2023,010470306,1,1,1,1,39,7,3,0,0,0,0,0,3,7,E01004159,-1,0,0.0,1.0,-1,6,20,1,1,1,17:30,6,2,3
2023411337480,2023,411337480,2,1,1,2,26,6,3,0,0,0,0,0,9,9,E01023500,3,1,0.0,1.0,-1,1,40,2,1,-1,18:45,4,2,9
2023546363323,2023,546363323,1,2,2,1,47,8,1,0,0,1,0,0,9,3,E01015543,-1,0,0.0,0.0,-1,6,40,1,6,1,21:46,7,1,9
2023010481462,2023,010481462,1,1,3,1,45,7,3,9,5,0,0,0,0,7,E01003408,-1,0,0.0,1.0,-1,1,20,1,4,1,01:00,7,1,8
2023440376289,2023,440376289,1,1,1,1,65,9,2,0,0,0,0,0,1,5,E01017097,-1,0,1.0,0.0,-1,1,30,1,1,1,08:44,5,2,1
2023552301071,2023,552301071,2,1,1,1,47,8,3,0,0,0,0,0,2,8,E01015403,-1,0,0.14393,0.85607,-1,6,30,1,1,1,11:59,1,2,2
2023461318812,2023,461318812,2,1,1,2,38,7,3,0,0,0,0,0,16,8,E01024419,3,1,0.0,1.0,-1,6,30,1,1,1,13:00,2,2,16
2023010465423,2023,010465423,1,1,3,2,12,3,3,1,3,0,0,0,0,1,E01004205,-1,0,0.0,1.0,-1,3,20,1,1,1,15:43,2,1,9
2023061333147,2023,061333147,1,1,3,1,54,8,2,6,9,0,0,-1,0,9,E01005574,7,1,1.0,0.0,-1,6,20,1,1,-1,07:40,3,1,9
2023061335473,2023,061335473,1,1,3,1,18,4,2,1,1,0,0,0,0,7,E01006279,5,1,1.0,0.0,-1,6,30,1,1,1,12:58,7,1,9
2023111394240,2023,111394240,1,1,3,2,50,8,2,1,3,0,0,0,0,5,E01020706,7,1,1.0,0.0,-1,3,30,2,4,2,18:07,7,1,9
2023122301290,2023,122301290,2,1,1,2,57,9,2,0,0,0,0,0,1,8,E01027888,-1,0,1.0,0.0,-1,6,60,1,1,1,17:12,4,2,1
2023070897490,2023,070897490,2,1,1,2,47,8,3,0,0,0,0,0,9,7,E01018336,-1,0,0.04453,0.95547,-1,6,60,1,1,1,10:50,2,2,9
2023421368744,2023,421368744,2,2,2,2,72,10,3,0,0,-1,0,0,9,-1,-1,3,1,0.0,1.0,-1,7,40,2,1,2,17:30,7,2,9
2023622300730,2023,622300730,2,2,1,1,18,4,3,0,0,0,0,0,9,3,W01001231,-1,0,0.01158,0.98842,-1,7,70,1,1,1,13:25,7,3,9
2023010480310,2023,010480310,2,1,2,2,25,5,3,0,0,2,0,0,9,-1,-1,-1,0,0.0,1.0,-1,1,20,2,4,2,18:38,1,2,9
2023010481584,2023,010481584,1,2,2,-1,-1,-1,3,0,0,1,0,0,9,6,E01002680,-1,0,0.0,1.0,-1,6,30,1,4,1,17:10,6,2,9
2023991351349,2023,991351349,1,1,1,1,55,8,3,0,0,0,0,0,9,5,-1,3,1,0.0,1.0,-1,6,60,1,1,1,15:50,6,1,9
2023041276224,2023,041276224,2,1,1,1,27,6,3,0,0,0,0,0,1,5,E01025483,3,1,0.0,1.0,-1,6,30,1,1,1,09:30,6,2,1
2023010457771,2023,010457771,1,1,3,1,11,3,3,5,9,0,0,0,0,4,E01000787,-1,0,0.0,1.0,-1,6,30,1,1,1,19:48,6,1,2
2023141290364,2023,141290364,1,1,1,1,31,6,3,0,0,0,0,0,1,1,E01007317,3,1,0.0,1.0,-1,1,30,1,1,1,06:15,6,2,1
2023520400487,2023,520400487,2,1,1,1,44,7,3,0,0,0,0,0,1,6,E01031991,-1,0,0.10064,0.89936,-1,6,30,1,1,1,09:11,2,2,1
2023131310270,2023,131310270,2,1,1,2,65,9,2,0,0,0,0,0,9,7,E01005983,5,1,1.0,0.0,-1,3,70,1,1,1,06:03,2,2,9
2023471283714,2023,471283714,1,1,2,1,53,8,2,0,0,2,0,0,9,-1,-1,6,1,1.0,0.0,-1,3,50,1,4,2,23:45,2,3,9
2023221305796,2023,221305796,1,1,1,1,58,9,2,0,0,0,0,0,1,2,E01032260,7,1,1.0,0.0,-1,6,30,1,1,1,13:55,1,2,1
2023111325468,2023,111325468,2,1,1,1,59,9,2,0,0,0,0,0,5,9,E01020600,5,1,1.0,0.0,-1,3,70,1,1,1,09:55,1,2,5
2023111356829,2023,111356829,1,1,3,2,33,6,3,5,9,0,0,0,0,1,E01020841,3,1,0.0,1.0,-1,6,30,1,1,1,08:55,3,1,19
2023421306431,2023,421306431,2,1,1,1,24,5,2,0,0,0,0,0,4,10,E01021244,7,1,1.0,0.0,-1,6,30,1,4,1,00:20,1,2,4
2023010421586,2023,010421586,1,1,3,1,45,7,1,5,1,0,0,0,0,-1,-1,-1,0,0.0,0.0,-1,6,30,1,7,1,19:51,1,1,9
2023201375257,2023,201375257,1,1,3,2,44,7,3,9,5,0,0,2,0,1,E01009881,3,1,0.0,1.0,-1,2,30,1,1,1,12:33,2,1,8
2023501264697,2023,501264697,1,1,3,2,19,4,3,8,3,0,0,0,0,6,E01021066,3,1,0.0,1.0,-1,3,30,2,4,2,01:30,5,1,9
2023041374752,2023,041374752,3,2,2,2,66,10,2,0,0,2,0,0,9,8,E01025513,7,1,1.0,0.0,-1,7,30,2,1,2,13:00,2,4,9
2023061326950,2023,061326950,1,2,1,1,51,8,3,0,0,0,0,0,9,4,E01005540,3,1,0.0,1.0,-1,6,30,1,1,1,16:10,4,2,9
2023320554716,2023,320554716,1,1,1,1,61,9,3,0,0,0,0,0,9,-1,-1,-1,0,0.08366,0.91634,-1,6,30,1,1,1,16:15,4,1,9
2023302300017,2023,302300017,1,1,3,2,40,7,3,5,3,0,0,0,0,1,E01013567,-1,0,0.13319,0.86681,-1,6,30,2,4,2,17:55,3,1,9
2023451341394,2023,451341394,1,1,1,1,20,4,3,0,0,0,0,0,3,8,E01032571,3,1,0.0,1.0,-1,6,60,1,1,1,10:38,5,2,3
2023061389478,2023,061389478,2,1,1,1,55,8,3,0,0,0,0,0,8,2,E01005238,3,1,0.0,1.0,-1,6,30,1,1,1,10:45,1,2,8
2023440498379,2023,440498379,1,1,1,2,77,11,2,0,0,0,0,0,9,10,E01022663,-1,0,1.0,0.0,-1,6,30,1,1,2,14:34,4,2,9
2023010462937,2023,010462937,1,1,1,2,28,6,3,0,0,0,0,0,1,1,E01001781,-1,0,0.0,1.0,-1,1,20,1,1,1,07:25,3,2,1
2023010425082,2023,010425082,2,1,1,1,33,6,3,0,0,0,0,0,3,3,E01000245,-1,0,0.0,1.0,-1,6,20,1,1,1,09:51,6,2,3
2023010434065,2023,010434065,1,1,1,1,22,5,3,0,0,0,0,0,3,7,E01017705,-1,0,0.0,1.0,-1,6,20,1,4,2,21:09,6,2,3
2023041294831,2023,041294831,1,1,1,1,41,7,2,0,0,0,0,0,4,5,E01006008,6,1,1.0,0.0,-1,6,60,1,1,1,14:30,7,2,4
2023622300096,2023,622300096,4,4,1,1,66,10,3,0,0,0,0,0,19,2,W01001885,-1,0,0.03635,0.96365,-1,6,30,1,1,1,08:57,3,4,19
2023471370468,2023,471370468,2,1,1,1,36,7,3,0,0,0,0,0,2,5,E01020947,3,1,0.0,1.0,-1,6,30,5,4,2,17:18,6,2,2
2023501343553,2023,501343553,1,1,1,1,11,3,3,0,0,0,0,0,1,4,E01015247,3,1,0.0,1.0,-1,6,30,1,1,1,15:15,7,2,1
2023546440123,2023,546440123,2,1,1,2,60,9,3,0,0,0,0,0,1,2,E01015506,-1,0,0.09923,0.90077,-1,1,40,2,4,2,05:32,3,2,1
2023041275693,2023,041275693,2,1,1,1,64,9,2,0,0,0,0,0,4,6,E01025591,6,1,1.0,0.0,-1,6,30,1,4,1,18:05,1,2,4
2023221288941,2023,221288941,1,1,1,1,25,5,3,0,0,0,0,0,1,9,E01032451,3,1,0.0,1.0,-1,1,60,1,1,1,08:50,7,2,1
2023451354610,2023,451354610,1,2,2,1,18,4,3,0,0,1,0,0,9,9,E01001017,3,1,0.0,1.0,-1,6,30,2,6,2,01:04,5,1,9
2023471379193,2023,471379193,2,2,2,2,38,7,3,0,0,1,0,0,9,4,E01021076,3,1,0.0,1.0,-1,6,30,5,4,2,19:08,1,2,9
202354C078923,2023,54C078923,1,1,2,1,9,2,3,0,0,2,0,0,9,-1,-1,-1,0,0.03799,0.96201,-1,6,30,1,4,2,19:24,3,2,9
2023332300587,2023,332300587,1,1,3,2,52,8,3,6,9,0,0,0,0,7,E01033102,-1,0,0.0889,0.9111,-1,2,30,1,4,2,23:30,7,1,19
2023471315119,2023,471315119,2,1,1,1,27,6,2,0,0,0,0,0,1,8,E01017000,7,1,1.0,0.0,-1,6,30,1,1,1,07:50,2,2,1
2023451381650,2023,451381650,1,1,1,1,32,6,3,0,0,0,0,0,9,9,E01024754,3,1,0.0,1.0,-1,3,70,1,1,2,16:15,6,2,9
202363C027223,2023,63C027223,1,1,1,2,50,8,3,0,0,0,0,0,9,-1,-1,-1,0,0.03825,0.96175,-1,6,60,1,1,1,13:30,6,2,9
2023201440157,2023,201440157,2,1,2,2,63,9,3,0,0,0,0,0,19,3,E01010458,3,1,0.0,1.0,-1,6,30,1,4,2,01:30,1,2,19
2023010477332,2023,010477332,1,1,1,1,22,5,3,0,0,0,0,0,9,4,E01024290,-1,0,0.0,1.0,-1,6,20,1,1,2,09:27,7,1,9
2023161356143,2023,161356143,1,1,1,1,18,4,3,0,0,0,0,0,9,3,E01013087,3,1,0.0,1.0,-1,6,60,1,1,1,12:30,2,1,9
2023552300848,2023,552300848,1,1,1,2,21,5,3,0,0,0,0,0,9,1,E01020555,-1,0,0.03324,0.96676,-1,6,50,1,1,1,09:35,2,2,9
2023631393461,2023,631393461,1,2,2,1,40,7,3,0,0,1,0,0,9,1,W01000817,3,1,0.0,1.0,-1,6,20,8,1,2,12:50,2,3,9
2023411278423,2023,411278423,1,1,3,1,6,2,3,5,2,0,0,0,0,9,E01023910,3,1,0.0,1.0,-1,6,30,1,1,2,08:10,5,1,9
2023522400893,2023,522400893,1,1,3,2,51,8,3,6,9,0,0,0,0,1,E01014729,-1,0,0.03181,0.96819,-1,6,30,1,1,2,15:40,2,1,-1
2023010423232,2023,010423232,1,1,3,2,59,9,3,5,1,0,0,0,0,4,E01000805,-1,0,0.0,1.0,-1,6,30,9,4,1,21:45,6,1,3
2023451342033,2023,451342033,1,1,3,2,74,10,3,5,3,0,0,0,0,7,E01030694,3,1,0.0,1.0,-1,6,30,1,1,1,01:15,3,1,9
2023101359078,2023,101359078,1,1,1,1,15,3,3,0,0,0,0,0,1,8,E01008363,3,1,0.0,1.0,-1,6,30,1,1,1,16:12,2,2,1
2023302300753,2023,302300753,1,1,1,1,30,6,1,0,0,0,0,0,5,3,E01019743,-1,0,0.0,0.0,-1,6,50,1,1,1,17:45,7,2,5
2023471327788,2023,471327788,2,1,1,1,33,6,3,0,0,0,0,0,5,4,E01031377,3,1,0.0,1.0,-1,6,30,1,1,1,17:10,6,2,5
2023010446979,2023,010446979,2,1,1,1,23,5,3,0,0,0,0,0,1,2,E01004239,-1,0,0.0,1.0,-1,3,20,1,1,1,18:39,1,2,1
2023010431911,2023,010431911,1,1,1,1,31,6,3,0,0,0,0,0,3,2,E01004539,-1,0,0.0,1.0,-1,9,30,9,1,9,16:20,6,2,3
2023201442215,2023,201442215,1,1,1,2,32,6,2,0,0,0,0,0,9,1,E01009359,6,1,1.0,0.0,-1,6,30,1,1,1,15:45,5,2,9
2023451353366,2023,451353366,1,3,2,1,28,6,3,0,0,2,0,0,9,4,E01004628,3,1,0.0,1.0,-1,6,30,1,4,1,23:42,7,2,9
2023501260315,2023,501260315,2,1,1,2,39,7,3,0,0,0,0,0,9,3,E01020228,3,1,0.0,1.0,-1,6,30,1,4,1,18:10,5,2,9
2023546866723,2023,546866723,1,1,1,1,68,10,3,0,0,0,0,0,9,7,E01032007,-1,0,0.03944,0.96056,-1,6,30,1,1,1,17:46,6,2,9
2023440038186,2023,440038186,1,1,3,2,17,4,2,6,9,0,0,0,0,8,E01022813,-1,0,1.0,0.0,-1,6,30,1,4,1,21:37,7,1,9
2023010449122,2023,010449122,2,1,1,2,27,6,3,0,0,0,0,0,1,-1,-1,-1,0,0.0,1.0,-1,6,30,1,4,1,22:40,4,2,1
2023010470280,2023,010470280,1,1,1,1,19,4,3,0,0,0,0,0,1,3,E01001048,-1,0,0.0,1.0,-1,9,20,8,4,2,21:00,2,2,1
2023552300113,2023,552300113,2,1,1,1,17,4,3,0,0,0,0,0,3,6,E01020516,-1,0,0.07166,0.92834,-1,6,30,1,4,4,19:55,2,2,3
2023061388216,2023,061388216,1,1,3,2,17,4,3,10,9,0,0,0,0,3,E01007058,3,1,0.0,1.0,-1,6,30,1,1,1,16:40,6,1,9
2023201351485,2023,201351485,1,1,3,1,91,11,2,1,3,0,0,0,0,2,E01010102,5,1,1.0,0.0,-1,6,30,1,1,1,12:05,3,1,19
2023231372898,2023,231372898,1,1,3,1,11,3,3,6,9,0,0,0,0,6,E01031153,3,1,0.0,1.0,-1,6,30,1,1,1,15:40,5,1,9
2023991389181,2023,991389181,1,1,3,2,40,7,2,5,1,0,0,0,0,-1,-1,7,1,1.0,0.0,-1,6,30,1,1,1,17:54,7,1,9
2023010449060,2023,010449060,1,1,1,1,22,5,3,0,0,0,0,0,3,2,E01000523,-1,0,0.0,1.0,-1,2,20,1,1,1,21:14,3,2,3
2023481406852,2023,481406852,1,1,1,1,33,6,3,0,0,0,0,0,5,-1,-1,3,1,0.0,1.0,-1,6,20,1,4,2,07:30,6,2,5
2023991366054,2023,991366054,2,1,2,2,13,3,3,0,0,0,4,0,11,-1,-1,3,1,0.0,1.0,-1,6,30,1,1,1,08:35,2,2,11
2023010444893,2023,010444893,1,1,1,1,41,7,3,0,0,0,0,0,9,3,E01000740,-1,0,0.0,1.0,-1,6,30,1,1,1,15:35,4,4,9
2023010457488,2023,010457488,1,1,1,1,28,6,3,0,0,0,0,0,9,6,E01002381,-1,0,0.0,1.0,-1,6,30,9,1,9,08:30,3,2,9
2023421277286,2023,421277286,2,1,1,2,80,11,2,0,0,0,0,0,9,9,E01021564,7,1,1.0,0.0,-1,6,60,1,1,1,12:23,5,2,9
2023440453229,2023,440453229,1,1,1,1,25,5,3,0,0,0,0,0,9,9,E01016611,-1,0,0.09488,0.90512,-1,6,60,1,1,1,08:36,2,2,9
2023451307913,2023,451307913,1,4,2,1,31,6,3,0,0,2,0,0,9,-1,-1,3,1,0.0,1.0,-1,3,70,1,1,1,09:50,2,2,9
2023131273130,2023,131273130,2,1,1,2,27,6,3,0,0,0,0,0,9,2,E01007443,3,1,0.0,1.0,-1,3,70,1,6,1,06:12,3,3,9
2023201389994,2023,201389994,2,2,1,1,56,9,2,0,0,0,0,0,9,-1,-1,5,1,1.0,0.0,-1,3,40,2,4,2,18:39,2,3,9
2023302300549,2023,302300549,2,3,2,2,82,11,3,0,0,1,0,0,9,2,E01020897,-1,0,0.06453,0.93547,-1,3,70,1,1,1,11:42,6,3,9
2023340WN6192,2023,340WN6192,2,1,1,2,27,6,3,0,0,0,0,0,9,5,E01027134,-1,0,0.07642,0.92358,-1,6,60,1,6,1,19:45,7,2,9
2023361285129,2023,361285129,2,1,1,2,27,6,3,0,0,0,0,0,9,-1,-1,3,1,0.0,1.0,-1,6,20,2,4,2,22:09,5,2,9
2023471297581,2023,471297581,2,1,1,2,45,7,3,0,0,0,0,0,9,9,E01020954,3,1,0.0,1.0,-1,6,50,1,1,1,16:36,2,3,9
2023010422706,2023,010422706,2,3,1,1,24,5,3,0,0,0,0,0,9,3,E01001449,-1,0,0.0,1.0,-1,6,40,1,1,1,13:42,7,3,9
2023991355346,2023,991355346,1,2,1,1,51,8,3,0,0,0,0,0,9,8,-1,3,1,0.0,1.0,-1,3,50,1,1,1,16:17,6,1,9
2023411323981,2023,411323981,1,1,1,1,38,7,3,0,0,0,0,0,9,6,E01023927,3,1,0.0,1.0,-1,3,70,5,1,2,13:33,2,2,9
2023430368449,2023,430368449,1,1,2,1,23,5,2,0,0,1,0,0,9,6,E01017852,-1,0,1.0,0.0,-1,6,60,1,6,1,01:00,6,1,9
2023010470097,2023,010470097,1,1,1,1,41,7,3,0,0,0,0,0,3,-1,-1,-1,0,0.0,1.0,-1,3,50,1,1,1,07:43,5,2,3
2023361366725,2023,361366725,1,1,1,2,26,6,3,0,0,0,0,0,3,6,E01026451,3,1,0.0,1.0,-1,6,30,1,1,1,07:25,6,1,3
2023311377672,2023,311377672,1,2,3,2,53,8,3,1,3,0,0,0,0,9,E01029009,3,1,0.0,1.0,-1,6,30,9,4,-1,22:00,6,1,9
2023221331387,2023,221331387,1,1,1,2,62,9,3,0,0,0,0,0,9,4,E01032359,3,1,0.0,1.0,-1,6,40,2,1,2,16:26,6,2,9
2023010476132,2023,010476132,1,2,3,2,57,9,2,10,9,0,0,0,0,1,E01004309,-1,0,1.0,0.0,-1,6,30,1,4,2,18:58,1,1,9
2023991277526,2023,991277526,1,1,3,1,73,10,2,8,1,0,0,2,0,-1,-1,6,1,1.0,0.0,-1,6,30,4,1,2,10:40,6,1,19
2023141271948,2023,141271948,2,1,1,2,39,7,3,0,0,0,0,0,9,2,E01007464,3,1,0.0,1.0,-1,3,30,1,1,1,10:10,6,2,9
2023401352553,2023,401352553,2,1,1,1,29,6,3,0,0,0,0,0,9,8,E01016757,3,1,0.0,1.0,-1,6,60,1,1,1,18:50,4,2,9
2023461345539,2023,461345539,1,1,1,1,63,9,3,0,0,0,0,0,9,4,E01032810,3,1,0.0,1.0,-1,1,60,1,1,1,07:34,5,2,9
2023010429353,2023,010429353,2,1,1,1,46,8,2,0,0,0,0,0,3,9,E01030720,-1,0,1.0,0.0,-1,3,30,1,1,1,07:55,2,2,3
2023010463036,2023,010463036,2,2,2,2,14,3,3,0,0,1,0,0,9,9,E01015995,-1,0,0.0,1.0,-1,6,30,1,1,1,13:05,3,2,9
2023131312563,2023,131312563,2,2,2,2,8,2,3,0,0,1,0,0,9,4,E01011823,3,1,0.0,1.0,-1,6,30,1,1,1,12:00,2,2,9
2023170S12253,2023,170S12253,1,1,2,2,68,10,3,0,0,1,0,0,9,7,E01012209,-1,0,0.03493,0.96507,-1,1,30,1,4,2,17:10,6,2,9
2023361345689,2023,361345689,2,3,2,2,9,2,3,0,0,2,0,0,9,8,E01026454,3,1,0.0,1.0,-1,6,30,1,1,1,14:50,7,2,9
2023361380080,2023,361380080,1,1,1,2,53,8,2,0,0,0,0,0,9,3,E01026455,6,1,1.0,0.0,-1,3,50,8,1,2,15:00,3,2,9
2023440420879,2023,440420879,1,1,2,2,67,10,3,0,0,2,0,0,9,2,E01031010,-1,0,0.11574,0.88426,-1,6,30,1,1,1,08:41,7,2,9
2023461332436,2023,461332436,2,2,2,1,16,4,3,0,0,1,0,0,9,6,E01021118,3,1,0.0,1.0,-1,3,70,1,1,1,15:27,6,2,9
2023471364604,2023,471364604,1,1,1,1,38,7,3,0,0,0,0,0,-1,4,E01016890,3,1,0.0,1.0,-1,6,20,1,7,1,19:00,3,2,-1
2023010441284,2023,010441284,1,1,1,1,46,8,3,0,0,0,0,0,1,-1,-1,-1,0,0.0,1.0,-1,6,20,1,1,1,15:33,5,2,1
2023010423019,2023,010423019,1,1,3,1,18,4,3,4,3,0,0,0,0,1,E01001461,-1,0,0.0,1.0,-1,6,20,1,1,1,10:40,2,1,9
2023010447096,2023,010447096,2,2,1,1,34,6,3,0,0,0,0,0,8,6,E01004680,-1,0,0.0,1.0,-1,6,20,1,1,1,12:13,2,2,8
2023010448079,2023,010448079,2,1,1,1,14,3,2,0,0,0,0,0,1,5,E01002629,-1,0,1.0,0.0,-1,6,30,1,1,1,21:20,6,2,1
2023311319598,2023,311319598,2,1,1,2,17,4,3,0,0,0,0,0,2,1,E01013818,3,1,0.0,1.0,-1,6,30,1,1,1,16:46,6,2,2
2023010483540,2023,010483540,1,1,1,1,45,7,3,0,0,0,0,0,1,8,E01004195,-1,0,0.0,1.0,-1,6,20,1,1,1,08:55,3,1,1
2023461355880,2023,461355880,1,2,3,1,18,4,3,4,3,0,0,2,0,5,E01024711,3,1,0.0,1.0,-1,6,30,1,1,1,08:56,5,1,9
2023010433620,2023,010433620,1,1,1,2,26,6,3,0,0,0,0,0,9,3,E01001856,-1,0,0.0,1.0,-1,2,20,1,1,1,15:20,4,1,9
2023010438856,2023,010438856,3,1,1,2,60,9,3,0,0,0,0,0,9,-1,-1,-1,0,0.0,1.0,-1,3,50,1,1,1,17:24,7,4,9
2023211346410,2023,211346410,1,1,1,1,52,8,3,0,0,0,0,0,9,9,E01029506,3,1,0.0,1.0,-1,6,30,9,4,1,21:10,1,2,9
2023332300015,2023,332300015,2,2,1,2,67,10,3,0,0,0,0,0,9,10,E01025774,-1,0,0.03848,0.96152,-1,6,40,8,4,1,17:10,1,4,9
2023061344855,2023,061344855,2,1,1,1,31,6,3,0,0,0,0,0,19,9,E01005339,3,1,0.0,1.0,-1,6,30,1,1,1,15:29,4,3,19
2023201278252,2023,201278252,1,1,1,2,38,7,3,0,0,0,0,0,9,1,E01009351,3,1,0.0,1.0,-1,3,30,1,4,1,17:55,7,2,9
2023311388838,2023,311388838,2,1,1,1,32,6,3,0,0,0,0,0,9,-1,-1,3,1,0.0,1.0,-1,6,30,1,4,1,18:41,6,2,9
2023430377638,2023,430377638,2,3,1,1,45,7,2,0,0,0,0,0,9,5,E01016754,-1,0,1.0,0.0,-1,6,60,1,1,1,13:52,4,2,9
2023471370695,2023,471370695,2,1,2,2,14,3,3,0,0,1,0,0,9,9,E01021151,3,1,0.0,1.0,-1,6,30,2,4,2,18:00,7,2,9
2023010453223,2023,010453223,2,2,1,2,59,9,3,0,0,0,0,0,9,2,E01033485,-1,0,0.0,1.0,-1,1,30,2,1,2,20:10,3,2,9
2023622300394,2023,622300394,3,3,1,1,55,8,3,0,0,0,0,0,9,3,W01000987,-1,0,0.01261,0.98739,-1,3,70,2,6,2,20:38,6,4,9
2023991392127,2023,991392127,1,1,1,1,18,4,3,0,0,0,0,0,9,4,-1,3,1,0.0,1.0,-1,6,60,5,6,2,19:10,2,1,9
2023010436330,2023,010436330,1,2,2,1,32,6,3,0,0,1,0,0,9,6,E01000330,-1,0,0.0,1.0,-1,6,30,1,1,1,08:30,6,2,9
2023010452639,2023,010452639,1,1,1,2,78,11,3,0,0,0,0,0,9,6,E01001065,-1,0,0.0,1.0,-1,6,40,1,1,1,15:00,7,2,9
2023161371105,2023,161371105,1,1,1,1,28,6,3,0,0,0,0,0,9,8,E01013269,3,1,0.0,1.0,-1,7,60,2,6,2,18:40,6,2,9
2023401366520,2023,401366520,1,1,1,1,48,8,3,0,0,0,0,0,9,3,E01015751,3,1,0.0,1.0,-1,6,20,1,1,1,15:08,5,2,9
2023041282063,2023,041282063,1,1,1,1,79,11,3,0,0,0,0,0,9,8,E01025166,3,1,0.0,1.0,-1,3,50,1,4,2,02:50,5,1,9
2023371337243,2023,371337243,1,1,1,1,39,7,2,0,0,0,0,0,9,5,E01030188,6,1,1.0,0.0,-1,6,60,1,1,2,07:10,2,1,9
2023440083798,2023,440083798,1,1,1,2,32,6,3,0,0,0,0,0,9,8,E01023136,-1,0,0.00818,0.99182,-1,6,30,1,1,1,09:00,2,2,9
2023010482172,2023,010482172,2,1,1,1,33,6,2,0,0,0,0,0,-1,1,E01004722,-1,0,1.0,0.0,-1,1,20,2,4,2,17:35,3,2,-1
2023201298330,2023,201298330,2,2,2,2,31,6,3,0,0,1,0,0,9,1,E01009399,3,1,0.0,1.0,-1,6,20,1,1,1,16:10,7,3,9
2023351363628,2023,351363628,2,2,1,1,58,9,3,0,0,0,0,0,9,7,E01018185,3,1,0.0,1.0,-1,6,60,1,1,1,08:24,3,2,9
2023010468530,2023,010468530,1,1,1,1,33,6,3,0,0,0,0,0,9,6,E01016254,-1,0,0.0,1.0,-1,7,70,8,1,1,08:45,4,2,9
2023041368268,2023,041368268,2,1,1,2,37,7,3,0,0,0,0,0,9,6,E01025412,3,1,0.0,1.0,-1,3,40,2,4,2,16:58,1,2,9
2023221351174,2023,221351174,1,1,1,1,19,4,3,0,0,0,0,0,9,5,E01014055,3,1,0.0,1.0,-1,6,30,1,1,1,18:13,5,2,9
2023010425261,2023,010425261,1,2,2,-1,26,6,3,0,0,2,0,0,9,1,E01002094,-1,0,0.0,1.0,-1,1,20,1,4,1,21:45,6,2,9
2023052301421,2023,052301421,2,1,1,2,43,7,3,0,0,0,0,0,9,6,E01007112,-1,0,0.04383,0.95617,-1,6,30,1,1,1,21:20,5,2,9
2023340WN3302,2023,340WN3302,1,1,2,2,17,4,3,0,0,1,0,0,9,1,E01027200,-1,0,0.08404,0.91596,-1,3,30,1,1,1,19:28,2,4,9
2023371376434,2023,371376434,1,2,2,1,22,5,3,0,0,1,0,0,9,1,E01030277,3,1,0.0,1.0,-1,6,60,1,6,2,05:40,2,1,9
2023010432028,2023,010432028,1,1,3,2,56,9,3,10,9,0,0,0,0,6,E01001393,-1,0,0.0,1.0,-1,9,20,2,1,2,07:35,5,1,9