collision_index,collision_year,collision_ref_no,vehicle_reference,casualty_reference,casualty_class,sex_of_casualty,age_of_casualty,age_band_of_casualty,casualty_severity,pedestrian_location,pedestrian_movement,car_passenger,bus_or_coach_passenger,pedestrian_road_maintenance_worker,casualty_type,casualty_imd_decile,lsoa_of_casualty,enhanced_casualty_severity,casualty_injury_based,casualty_adjusted_severity_serious,casualty_adjusted_severity_slight,casualty_distance_banding,road_type,speed_limit,weather_conditions,light_conditions,road_surface_conditions,time,day_of_week,number_of_vehicles,vehicle_type
2023010425025,2023,010425025,1,1,1,1,39,7,3,0,0,0,0,0,4,4,E01000408,-1,0,0.0,1.0,-1,6,30,1,1,1,14:43,5,2,4
2023522400084,2023,522400084,1,1,1,1,33,6,3,0,0,0,0,0,5,6,E01014952,-1,0,0.04675,0.95325,-1,6,30,1,1,1,18:00,6,2,5
2023131311976,2023,131311976,1,2,2,1,20,4,3,0,0,1,0,0,9,4,E01011613,3,1,0.0,1.0,-1,6,40,1,4,1,00:20,7,2,9
2023401293903,2023,401293903,2,1,2,1,26,6,3,0,0,1,0,0,9,4,E01017476,3,1,0.0,1.0,-1,1,30,2,4,2,22:25,7,2,9
2023461330148,2023,461330148,1,2,2,1,-1,-1,3,0,0,1,0,0,9,5,E01024226,3,1,0.0,1.0,-1,6,30,1,1,1,19:22,7,2,9
2023421354729,2023,421354729,1,13,2,2,11,3,3,0,0,0,4,0,11,7,E01023462,3,1,0.0,1.0,-1,6,60,1,1,1,08:16,5,2,11
2023010462491,2023,010462491,1,1,1,1,36,7,3,0,0,0,0,0,9,6,E01002335,-1,0,0.0,1.0,-1,1,30,1,1,1,13:30,6,2,9
2023421393587,2023,421393587,1,1,1,1,27,6,3,0,0,0,0,0,9,9,E01021727,3,1,0.0,1.0,-1,6,60,2,1,5,14:59,1,2,9
2023471346589,2023,471346589,1,1,1,1,31,6,3,0,0,0,0,0,9,3,W01001816,3,1,0.0,1.0,-1,6,20,1,4,2,03:10,4,1,9
2023131392174,2023,131392174,1,1,1,1,22,5,3,0,0,0,0,0,9,2,E01005383,3,1,0.0,1.0,-1,6,50,4,6,2,03:32,3,1,9
2023332300243,2023,332300243,2,1,1,2,62,9,3,0,0,0,0,0,9,7,E01025623,-1,0,0.03139,0.96861,-1,3,50,1,1,1,13:25,3,2,9
2023430095679,2023,430095679,1,1,1,1,21,5,2,0,0,0,0,0,9,-1,-1,-1,0,1.0,0.0,-1,6,30,1,4,1,20:38,5,1,9
2023371316429,2023,371316429,1,1,1,1,-1,-1,3,0,0,0,0,0,9,-1,-1,3,1,0.0,1.0,-1,3,30,1,1,1,12:35,2,1,9
2023430542159,2023,430542159,2,2,2,1,33,6,3,0,0,1,0,0,9,5,E01032726,-1,0,0.07273,0.92727,-1,6,30,1,7,1,23:38,7,4,9
2023131379653,2023,131379653,1,2,1,1,62,9,3,0,0,0,0,0,9,1,E01010928,3,1,0.0,1.0,-1,6,30,1,4,1,20:23,1,2,9
2023541775923,2023,541775923,1,1,1,1,33,6,3,0,0,0,0,0,9,4,E01015494,-1,0,0.02695,0.97305,-1,6,30,1,1,2,10:57,6,2,9
2023211322094,2023,211322094,1,1,1,1,-1,-1,3,0,0,0,0,0,1,-1,-1,3,1,0.0,1.0,-1,6,30,1,1,1,11:20,6,2,1
2023201296249,2023,201296249,1,1,3,1,36,7,3,5,3,0,0,2,0,2,E01009610,3,1,0.0,1.0,-1,6,30,1,4,2,04:27,1,1,9
2023302301273,2023,302301273,1,2,3,1,30,6,3,5,1,0,0,0,0,10,E01028139,-1,0,0.06666,0.93334,-1,6,30,1,1,1,15:51,3,1,9
2023351377394,2023,351377394,1,1,3,1,40,7,3,2,6,0,0,0,0,-1,-1,3,1,0.0,1.0,-1,6,30,5,4,5,19:55,4,1,9
2023461301418,2023,461301418,1,1,3,1,15,3,3,1,1,0,0,0,0,5,E01024356,3,1,0.0,1.0,-1,2,30,1,1,1,14:30,3,1,9
2023440512195,2023,440512195,1,1,1,1,28,6,2,0,0,0,0,0,3,2,E01017155,-1,0,1.0,0.0,-1,6,40,1,4,1,18:11,6,2,3
2023131314373,2023,131314373,1,1,1,1,23,5,2,0,0,0,0,0,9,6,E01010765,7,1,1.0,0.0,-1,6,40,1,1,1,19:27,6,2,9
2023461340275,2023,461340275,1,1,1,2,35,6,3,0,0,0,0,0,9,7,E01024813,3,1,0.0,1.0,-1,6,60,1,6,1,22:05,1,2,9
2023461348865,2023,461348865,2,1,1,2,36,7,2,0,0,0,0,0,9,6,E01024432,7,1,1.0,0.0,-1,6,30,9,6,1,18:53,6,2,9
2023451367479,2023,451367479,1,3,1,1,33,6,2,0,0,0,0,0,10,5,E01032840,5,1,1.0,0.0,-1,6,40,1,1,1,11:30,1,2,10
2023010464819,2023,010464819,1,1,1,1,23,5,3,0,0,0,0,0,3,2,E01003338,-1,0,0.0,1.0,-1,6,30,1,1,1,14:17,6,2,3
2023221393388,2023,221393388,2,1,1,1,18,4,3,0,0,0,0,0,3,7,E01014092,3,1,0.0,1.0,-1,6,30,1,4,2,23:00,3,2,3
2023201333478,2023,201333478,1,1,1,2,55,8,3,0,0,0,0,0,9,2,E01010071,3,1,0.0,1.0,-1,6,30,1,1,1,17:06,2,2,9
2023411367677,2023,411367677,1,1,1,1,24,5,3,0,0,0,0,0,19,-1,-1,3,1,0.0,1.0,-1,3,70,1,1,1,11:43,6,3,19
2023010433423,2023,010433423,1,1,3,2,11,3,3,5,2,0,0,0,0,3,E01003105,-1,0,0.0,1.0,-1,6,20,1,1,1,16:04,3,1,11
2023070524979,2023,070524979,1,1,1,2,23,5,3,0,0,0,0,0,3,8,E01018424,-1,0,0.16496,0.83504,-1,6,50,1,1,1,15:24,6,1,3
2023010421396,2023,010421396,1,1,1,1,19,4,3,0,0,0,0,0,9,6,E01016304,-1,0,0.0,1.0,-1,9,70,9,7,9,17:00,7,1,9
2023141326369,2023,141326369,1,1,1,2,27,6,3,0,0,0,0,0,9,4,E01007821,3,1,0.0,1.0,-1,1,30,1,1,1,16:55,4,2,9
2023201314185,2023,201314185,1,3,2,2,10,2,3,0,0,2,0,0,9,2,E01010419,3,1,0.0,1.0,-1,6,30,2,1,2,12:39,1,2,9
2023201363214,2023,201363214,1,1,1,1,31,6,3,0,0,0,0,0,9,5,E01010554,3,1,0.0,1.0,-1,6,30,1,1,1,08:12,4,1,9
2023201393126,2023,201393126,1,2,2,2,53,8,3,0,0,1,0,0,9,1,E01009074,3,1,0.0,1.0,-1,6,30,1,1,2,15:12,7,1,9
2023311320339,2023,311320339,1,1,2,2,13,3,3,0,0,1,0,0,9,4,E01028305,3,1,0.0,1.0,-1,6,30,1,1,1,08:35,2,1,9
2023430057207,2023,430057207,1,1,1,2,22,5,3,0,0,0,0,0,9,10,E01016684,-1,0,0.05148,0.94852,-1,6,60,5,1,2,16:10,4,2,9
2023031261163,2023,031261163,1,2,2,1,25,5,2,0,0,1,0,0,9,6,E01025129,7,1,1.0,0.0,-1,3,70,2,6,4,19:10,1,1,9
2023141363982,2023,141363982,2,2,1,2,60,9,2,0,0,0,0,0,9,7,E01007999,6,1,1.0,0.0,-1,6,30,1,1,1,16:23,3,3,9
2023340WN5102,2023,340WN5102,1,2,2,2,96,11,3,0,0,1,0,0,9,-1,-1,-1,0,0.22023,0.77977,-1,6,60,1,1,1,18:05,2,1,9
2023440025019,2023,440025019,1,1,1,2,63,9,2,0,0,0,0,0,2,2,E01022934,-1,0,1.0,0.0,-1,6,30,1,1,1,14:15,5,2,2
2023052300383,2023,052300383,1,1,1,1,62,9,3,0,0,0,0,0,5,7,E01006423,-1,0,0.171,0.829,-1,1,30,1,1,1,15:00,6,1,5
2023010443902,2023,010443902,1,1,1,1,42,7,3,0,0,0,0,0,9,6,E01014952,-1,0,0.0,1.0,-1,3,30,1,1,1,14:00,5,2,9
2023041324167,2023,041324167,2,1,1,1,35,6,3,0,0,0,0,0,9,9,E01025281,3,1,0.0,1.0,-1,6,20,1,1,1,03:16,3,2,9
2023052301785,2023,052301785,2,1,1,1,33,6,3,0,0,0,0,0,9,6,E01033752,-1,0,0.059,0.941,-1,6,30,1,4,1,01:41,7,2,9
2023221339262,2023,221339262,2,1,1,1,22,5,3,0,0,0,0,0,9,2,E01032239,3,1,0.0,1.0,-1,1,40,1,1,1,14:40,2,2,9
2023451269239,2023,451269239,1,1,1,2,32,6,2,0,0,0,0,0,9,8,E01031667,5,1,1.0,0.0,-1,3,70,1,4,1,18:00,5,2,9
2023471264636,2023,471264636,1,1,1,1,59,9,3,0,0,0,0,0,9,9,E01031727,3,1,0.0,1.0,-1,6,60,1,6,4,22:30,3,1,9
2023010484090,2023,010484090,1,1,3,1,29,6,1,6,9,0,0,0,0,1,E01004245,-1,0,0.0,0.0,-1,7,40,1,4,2,02:53,6,1,9
2023361350495,2023,361350495,1,1,3,1,11,3,2,8,2,0,0,0,0,6,E01026877,7,1,1.0,0.0,-1,6,30,1,1,1,16:05,6,1,9
2023061281668,2023,061281668,2,1,1,1,30,6,3,0,0,0,0,0,1,6,E01005176,3,1,0.0,1.0,-1,6,30,1,1,1,09:00,5,2,1
2023010453619,2023,010453619,1,1,1,1,31,6,2,0,0,0,0,0,3,1,E01002040,-1,0,1.0,0.0,-1,9,20,1,4,1,23:24,4,2,3
2023052302739,2023,052302739,1,1,2,1,11,3,3,0,0,2,0,0,9,1,E01006820,-1,0,0.04866,0.95134,-1,6,30,2,4,2,19:00,3,3,9
2023131267591,2023,131267591,1,1,2,1,30,6,3,0,0,1,0,0,9,8,E01010575,3,1,0.0,1.0,-1,6,30,1,6,1,16:58,3,1,9
2023471299141,2023,471299141,1,1,1,1,24,5,3,0,0,0,0,0,9,4,E01002448,3,1,0.0,1.0,-1,6,30,1,1,1,17:05,5,2,9
202363A007723,2023,63A007723,2,1,1,1,56,9,3,0,0,0,0,0,9,6,W01000541,-1,0,0.03917,0.96083,-1,6,50,9,6,1,18:15,3,2,9
2023010441530,2023,010441530,1,1,1,1,56,9,3,0,0,0,0,0,9,3,E01000984,-1,0,0.0,1.0,-1,6,20,1,1,1,08:40,7,3,9
2023031391568,2023,031391568,1,4,2,1,21,5,3,0,0,2,0,0,9,3,E01019266,3,1,0.0,1.0,-1,6,60,5,6,2,18:45,6,2,9
2023161319162,2023,161319162,1,1,2,1,16,4,3,0,0,2,0,0,9,7,E01013020,3,1,0.0,1.0,-1,6,60,1,1,1,18:15,4,1,9
2023201315928,2023,201315928,1,1,1,2,48,8,3,0,0,0,0,0,9,4,E01009231,3,1,0.0,1.0,-1,3,30,1,4,1,20:19,2,1,9
2023631313482,2023,631313482,2,3,2,2,49,8,3,0,0,1,0,0,9,4,W01001688,3,1,0.0,1.0,-1,6,60,1,6,1,16:50,4,3,9
2023010435605,2023,010435605,1,1,3,1,73,10,2,10,9,0,0,0,0,-1,-1,-1,0,1.0,0.0,-1,9,20,9,1,9,09:45,3,1,19
2023041383052,2023,041383052,1,2,2,2,12,3,3,0,0,1,0,0,9,1,E01012687,3,1,0.0,1.0,-1,6,30,1,4,1,19:31,3,2,9
2023060985258,2023,060985258,1,2,2,2,80,11,3,0,0,1,0,0,9,7,E01005847,-1,0,0.25477,0.74523,-1,3,50,7,4,2,21:00,2,1,9
2023101321830,2023,101321830,1,2,2,2,76,11,3,0,0,1,0,0,9,2,E01008210,3,1,0.0,1.0,-1,6,30,1,1,1,14:08,5,2,9
2023131264430,2023,131264430,1,1,1,2,38,7,3,0,0,0,0,0,9,3,E01011028,3,1,0.0,1.0,-1,6,30,1,1,4,10:20,3,2,9
2023211299726,2023,211299726,2,1,2,2,50,8,3,0,0,1,0,0,9,4,E01022156,3,1,0.0,1.0,-1,3,70,1,1,1,11:46,7,2,9
2023461383581,2023,461383581,1,2,2,2,35,6,3,0,0,2,0,0,17,8,E01024221,3,1,0.0,1.0,-1,6,60,5,1,2,11:39,3,1,17
2023070289089,2023,070289089,1,1,3,1,11,3,3,4,9,0,0,0,0,-1,-1,-1,0,0.08077,0.91923,-1,6,30,1,1,1,16:29,4,1,20
2023141334144,2023,141334144,1,1,3,1,24,5,2,9,9,0,0,0,0,1,E01007768,7,1,1.0,0.0,-1,6,30,1,1,1,16:30,5,2,9
2023010442090,2023,010442090,1,1,1,1,27,6,3,0,0,0,0,0,1,2,E01002075,-1,0,0.0,1.0,-1,6,30,1,4,1,00:30,6,2,1
2023061298424,2023,061298424,2,1,1,1,45,7,3,0,0,0,0,0,1,5,E01005153,3,1,0.0,1.0,-1,6,30,1,1,1,16:45,1,2,1
2023141288742,2023,141288742,1,1,1,1,31,6,2,0,0,0,0,0,19,1,E01007377,6,1,1.0,0.0,-1,6,30,1,1,2,11:18,2,2,19
2023302301600,2023,302301600,1,1,3,1,65,9,3,6,9,0,0,0,0,1,E01013484,-1,0,0.14187,0.85813,-1,6,30,1,1,2,16:40,5,1,19
2023010486530,2023,010486530,2,1,1,1,38,7,3,0,0,0,0,0,1,2,E01000931,-1,0,0.0,1.0,-1,3,20,1,4,1,16:05,6,2,1
2023010481584,2023,010481584,1,1,1,1,27,6,3,0,0,0,0,0,9,6,E01002680,-1,0,0.0,1.0,-1,6,30,1,4,1,17:10,6,2,9
2023070274965,2023,070274965,4,1,2,1,73,10,3,0,0,1,0,0,19,-1,-1,-1,0,0.06693,0.93307,-1,3,70,1,1,1,10:05,7,5,19
2023411382351,2023,411382351,2,1,1,1,34,6,3,0,0,0,0,0,1,2,E01000931,3,1,0.0,1.0,-1,1,40,1,1,1,08:58,7,2,1
2023221267152,2023,221267152,1,1,1,1,40,7,2,0,0,0,0,0,5,5,E01009905,7,1,1.0,0.0,-1,6,40,1,6,4,16:43,2,1,5
2023461351505,2023,461351505,2,2,1,2,24,5,3,0,0,0,0,0,9,8,E01024076,3,1,0.0,1.0,-1,1,30,1,1,1,08:34,4,2,9
2023451381491,2023,451381491,1,1,3,2,58,9,3,5,9,0,0,0,0,6,E01030818,3,1,0.0,1.0,-1,6,30,1,1,1,15:08,5,1,9
2023041354884,2023,041354884,1,1,1,1,64,9,2,0,0,0,0,0,1,6,E01025334,7,1,1.0,0.0,-1,6,30,1,1,1,10:30,5,2,1
2023122300713,2023,122300713,1,1,1,1,13,3,3,0,0,0,0,0,1,3,E01013335,-1,0,0.05548,0.94452,-1,6,30,1,1,1,08:30,5,2,1
2023010481109,2023,010481109,1,1,1,2,42,7,3,0,0,0,0,0,9,3,E01004633,-1,0,0.0,1.0,-1,6,20,1,1,1,08:10,5,2,9
2023471314397,2023,471314397,1,1,1,2,26,6,2,0,0,0,0,0,9,7,E01021212,5,1,1.0,0.0,-1,1,30,1,4,1,03:10,7,1,9
2023471365762,2023,471365762,4,1,1,1,54,8,2,0,0,0,0,0,9,7,E01031665,5,1,1.0,0.0,-1,6,40,2,1,2,07:30,5,4,9
2023540543923,2023,540543923,1,1,1,1,54,8,3,0,0,0,0,0,19,6,E01032004,-1,0,0.08371,0.91629,-1,6,60,9,7,4,17:47,2,3,19
2023010432098,2023,010432098,1,2,3,2,14,3,3,1,1,0,0,0,0,4,E01002624,-1,0,0.0,1.0,-1,6,30,1,1,1,08:17,3,1,9
2023201405338,2023,201405338,1,2,3,2,33,6,3,5,9,0,0,0,0,1,E01009951,3,1,0.0,1.0,-1,6,30,1,1,1,12:30,5,1,9
2023421377805,2023,421377805,1,2,3,2,39,7,3,1,1,0,0,0,0,5,E01021492,3,1,0.0,1.0,-1,6,30,1,4,1,17:10,4,1,9
2023010472471,2023,010472471,2,1,1,1,65,9,2,0,0,0,0,0,1,3,E01004698,-1,0,1.0,0.0,-1,6,20,1,1,1,08:22,3,2,1
2023010426435,2023,010426435,1,1,1,1,38,7,3,0,0,0,0,0,3,4,E01001934,-1,0,0.0,1.0,-1,9,20,1,4,1,19:00,1,2,3
2023411405120,2023,411405120,1,1,2,2,54,8,3,0,0,2,0,0,9,5,E01023905,3,1,0.0,1.0,-1,1,30,1,1,1,09:08,4,2,9
2023421376136,2023,421376136,2,3,2,2,51,8,3,0,0,2,0,0,9,8,E01033144,3,1,0.0,1.0,-1,6,40,1,6,2,15:48,7,2,9
2023361392005,2023,361392005,1,1,3,2,78,11,2,1,3,0,0,0,0,6,E01026535,5,1,1.0,0.0,-1,6,30,1,4,1,16:58,1,1,9
2023361381595,2023,361381595,1,1,1,1,-1,-1,3,0,0,0,0,0,1,-1,-1,3,1,0.0,1.0,-1,6,30,9,7,-1,19:05,6,2,1
2023411313610,2023,411313610,1,1,1,1,44,7,3,0,0,0,0,0,5,2,E01001653,3,1,0.0,1.0,-1,3,30,1,1,1,16:05,6,2,5
2023451302274,2023,451302274,2,1,1,1,53,8,2,0,0,0,0,0,5,8,E01022652,7,1,1.0,0.0,-1,6,40,2,1,2,07:55,6,2,5
2023340NN4222,2023,340NN4222,2,2,2,2,38,7,3,0,0,1,0,0,9,-1,-1,-1,0,0.03713,0.96287,-1,3,40,1,1,1,13:43,7,2,9
2023440029644,2023,440029644,1,1,1,2,47,8,3,0,0,0,0,0,9,10,E01022571,-1,0,0.01313,0.98687,-1,6,60,1,4,1,07:50,2,2,9
2023471328547,2023,471328547,1,1,1,1,15,3,3,0,0,0,0,0,-1,8,E01017010,3,1,0.0,1.0,-1,6,30,1,1,1,08:15,4,2,-1
2023031311019,2023,031311019,1,1,1,1,68,10,2,0,0,0,0,0,9,1,E01019112,6,1,1.0,0.0,-1,6,40,1,1,1,11:10,4,5,9
2023070620792,2023,070620792,2,1,1,1,33,6,3,0,0,0,0,0,9,-1,-1,-1,0,0.01475,0.98525,-1,6,40,2,6,2,22:00,7,2,9
2023201276868,2023,201276868,2,1,2,2,64,9,3,0,0,1,0,0,9,3,E01010051,3,1,0.0,1.0,-1,6,30,4,4,2,01:06,1,2,9
2023440053136,2023,440053136,2,1,2,2,53,8,2,0,0,1,0,0,9,5,E01027822,-1,0,1.0,0.0,-1,3,70,1,1,2,09:30,4,3,9
2023461315340,2023,461315340,2,1,1,1,44,7,3,0,0,0,0,0,9,3,E01016043,3,1,0.0,1.0,-1,3,70,1,1,1,05:24,6,2,9
2023461377354,2023,461377354,1,3,2,2,26,6,3,0,0,-1,0,0,9,-1,-1,3,1,0.0,1.0,-1,6,30,1,1,1,17:20,5,2,9
2023471327365,2023,471327365,1,3,2,2,26,6,2,0,0,2,0,0,9,9,E01031721,5,1,1.0,0.0,-1,6,30,1,1,1,20:28,6,1,9
2023531298648,2023,531298648,1,2,2,1,19,4,2,0,0,2,0,0,9,4,E01022440,7,1,1.0,0.0,-1,3,70,1,4,1,21:25,4,1,9
2023411330820,2023,411330820,2,2,2,2,15,3,3,0,0,1,0,0,9,7,E01023658,3,1,0.0,1.0,-1,3,70,1,1,1,11:45,2,2,9
2023471276638,2023,471276638,2,2,1,1,44,7,3,0,0,0,0,0,9,5,E01021109,3,1,0.0,1.0,-1,6,40,7,1,2,09:30,4,2,9
202363A015023,2023,63A015023,2,2,2,1,34,6,3,0,0,1,0,0,9,2,W01001141,-1,0,0.04011,0.95989,-1,3,70,2,1,2,10:28,2,3,9
2023201416311,2023,201416311,1,1,3,2,70,10,3,5,1,0,0,0,0,10,E01009720,3,1,0.0,1.0,-1,2,30,1,1,1,13:05,3,1,9
2023010479549,2023,010479549,2,1,1,1,60,9,3,0,0,0,0,0,1,3,E01003172,-1,0,0.0,1.0,-1,3,20,1,1,1,14:45,4,2,1
2023451333874,2023,451333874,1,1,1,1,28,6,3,0,0,0,0,0,9,8,E01030485,3,1,0.0,1.0,-1,6,40,1,1,2,07:20,5,1,9
2023501330377,2023,501330377,1,2,2,2,18,4,3,0,0,2,0,0,9,6,E01018983,3,1,0.0,1.0,-1,6,60,1,6,1,23:05,2,1,9
202363D025823,2023,63D025823,1,1,1,1,39,7,3,0,0,0,0,0,21,-1,-1,-1,0,0.15158,0.84842,-1,6,60,1,1,1,16:15,2,1,21
2023522324428,2023,522324428,1,1,1,1,17,4,2,0,0,0,0,0,3,1,E01014597,-1,0,1.0,0.0,-1,6,30,1,4,1,19:12,1,1,3
2023061368304,2023,061368304,1,1,3,2,25,5,3,9,5,0,0,0,0,6,E01005083,3,1,0.0,1.0,-1,3,20,1,4,2,21:29,1,5,9
2023421318229,2023,421318229,2,1,1,1,28,6,3,0,0,0,0,0,1,8,E01021444,3,1,0.0,1.0,-1,6,30,1,1,1,16:47,3,2,1
2023361304122,2023,361304122,1,1,2,2,86,11,3,0,0,1,0,0,9,7,E01021094,3,1,0.0,1.0,-1,3,70,1,1,1,19:30,5,1,9
2023540434123,2023,540434123,2,1,1,1,47,8,3,0,0,0,0,0,9,9,E01032069,-1,0,0.01381,0.98619,-1,6,30,1,1,1,12:30,6,2,9
2023361333057,2023,361333057,1,1,1,2,36,7,3,0,0,0,0,0,3,8,E01026849,3,1,0.0,1.0,-1,3,30,1,1,1,14:32,1,2,3
2023101340128,2023,101340128,1,1,1,2,51,8,2,0,0,0,0,0,5,-1,-1,7,1,1.0,0.0,-1,6,30,1,1,1,13:53,4,1,5
2023010449590,2023,010449590,1,1,1,2,22,5,3,0,0,0,0,0,9,6,E01001966,-1,0,0.0,1.0,-1,6,20,1,4,1,23:15,6,3,9
2023131356175,2023,131356175,1,1,2,1,65,9,2,0,0,1,0,0,9,4,E01010877,7,1,1.0,0.0,-1,6,30,1,1,1,11:05,2,2,9
2023520300895,2023,520300895,2,1,2,2,60,9,3,0,0,1,0,0,9,10,E01029310,-1,0,0.02537,0.97463,-1,6,50,1,6,1,23:10,3,2,9
2023010464706,2023,010464706,1,1,1,1,33,6,3,0,0,0,0,0,3,3,E01003143,-1,0,0.0,1.0,-1,6,30,1,1,1,18:20,5,2,3
2023010431804,2023,010431804,1,1,3,2,12,3,3,5,1,0,0,0,0,4,E01003683,-1,0,0.0,1.0,-1,6,30,1,1,1,15:40,1,1,9
2023010484498,2023,010484498,2,1,1,1,31,6,3,0,0,0,0,0,1,8,E01000393,-1,0,0.0,1.0,-1,6,30,1,4,1,03:00,1,2,1
2023070988974,2023,070988974,2,1,1,1,21,5,3,0,0,0,0,0,9,7,E01018369,-1,0,0.0172,0.9828,-1,6,40,1,1,1,13:00,3,2,9
2023131361660,2023,131361660,1,1,1,2,40,7,2,0,0,0,0,0,9,5,E01011648,7,1,1.0,0.0,-1,6,30,1,4,1,23:11,3,2,9
2023211376058,2023,211376058,2,1,1,2,44,7,3,0,0,0,0,0,9,5,E01014243,3,1,0.0,1.0,-1,6,30,9,1,-1,15:30,7,2,9
2023201411012,2023,201411012,2,1,2,2,24,5,3,0,0,1,0,0,9,1,E01009638,3,1,0.0,1.0,-1,6,30,2,1,2,14:07,3,2,9
2023371334090,2023,371334090,1,1,1,1,63,9,3,0,0,0,0,0,9,1,E01029982,3,1,0.0,1.0,-1,3,70,1,1,1,07:50,4,3,9
2023461382422,2023,461382422,2,1,2,2,32,6,3,0,0,2,0,0,9,6,E01024410,3,1,0.0,1.0,-1,6,60,1,6,1,16:30,6,2,9
2023991304431,2023,991304431,2,1,1,2,57,9,3,0,0,0,0,0,9,8,-1,3,1,0.0,1.0,-1,6,30,1,1,1,08:30,6,2,9
2023401296259,2023,401296259,2,1,1,1,22,5,2,0,0,0,0,0,3,2,E01027228,7,1,1.0,0.0,-1,6,40,1,1,1,15:40,3,2,3
2023991311061,2023,991311061,1,1,1,1,18,4,3,0,0,0,0,0,3,7,-1,3,1,0.0,1.0,-1,6,30,1,1,1,10:43,4,1,3
2023421299907,2023,421299907,1,1,3,2,4,1,3,6,9,0,0,0,0,-1,-1,3,1,0.0,1.0,-1,6,30,1,1,1,11:53,1,1,9
2023332300922,2023,332300922,1,1,1,1,36,7,3,0,0,0,0,0,9,5,E01013329,-1,0,0.04149,0.95851,-1,6,60,1,1,2,17:30,1,2,9
2023421334715,2023,421334715,1,3,2,2,14,3,3,0,0,2,0,0,9,-1,-1,3,1,0.0,1.0,-1,6,40,1,1,1,13:30,7,2,9
2023451363121,2023,451363121,2,3,1,1,65,9,3,0,0,0,0,0,9,7,E01030858,3,1,0.0,1.0,-1,6,30,1,1,1,15:42,5,3,9
2023052300600,2023,052300600,2,4,2,1,8,2,3,0,0,2,0,0,8,2,E01006783,-1,0,0.01059,0.98941,-1,3,40,3,1,3,14:40,5,2,8
2023991338702,2023,991338702,1,1,3,2,4,1,2,1,3,0,0,0,0,-1,-1,7,1,1.0,0.0,-1,6,30,1,1,2,17:15,1,1,9
2023010432960,2023,010432960,2,1,1,1,24,5,3,0,0,0,0,0,3,3,E01002044,-1,0,0.0,1.0,-1,6,20,1,4,1,21:30,7,2,3
2023041392484,2023,041392484,1,2,2,2,24,5,3,0,0,1,0,0,9,2,E01025445,3,1,0.0,1.0,-1,6,30,1,1,1,14:00,3,2,9
2023101366644,2023,101366644,2,2,2,2,46,8,3,0,0,1,0,0,9,-1,-1,3,1,0.0,1.0,-1,6,40,1,4,1,18:55,3,5,9
2023411348463,2023,411348463,2,3,2,2,11,3,3,0,0,2,0,0,9,5,E01023638,3,1,0.0,1.0,-1,7,70,1,1,1,20:03,7,2,9
2023421309170,2023,421309170,2,1,1,1,33,6,3,0,0,0,0,0,9,10,W01001509,3,1,0.0,1.0,-1,6,30,1,1,2,11:26,7,2,9
2023010448816,2023,010448816,1,1,3,1,17,4,2,8,1,0,0,0,0,10,E01002459,-1,0,1.0,0.0,-1,6,30,1,1,1,17:25,3,1,9
2023451262335,2023,451262335,1,1,3,1,43,7,3,6,9,0,0,0,0,8,E01030384,3,1,0.0,1.0,-1,6,30,1,1,2,08:37,4,1,1
2023501295037,2023,501295037,1,1,3,1,4,1,3,1,9,0,0,-1,0,1,E01015058,3,1,0.0,1.0,-1,6,30,1,1,1,16:42,1,1,9
2023522300488,2023,522300488,1,1,1,1,20,4,3,0,0,0,0,0,-1,3,E01014665,-1,0,0.02367,0.97633,-1,6,20,9,1,2,15:40,6,2,-1
2023010465502,2023,010465502,1,1,1,-1,35,6,3,0,0,0,0,0,3,4,E01000559,-1,0,0.0,1.0,-1,6,30,9,1,9,21:05,2,2,3
2023540657123,2023,540657123,2,1,1,1,22,5,3,0,0,0,0,0,3,5,E01032716,-1,0,0.05986,0.94014,-1,6,30,9,1,1,14:00,5,2,3
2023010433860,2023,010433860,1,1,1,1,46,8,3,0,0,0,0,0,5,4,E01024579,-1,0,0.0,1.0,-1,6,30,2,4,2,21:05,5,2,5
2023010441775,2023,010441775,1,1,3,1,55,8,3,5,4,0,0,0,0,-1,-1,-1,0,0.0,1.0,-1,6,30,1,1,1,12:56,2,1,9
2023010485461,2023,010485461,1,1,3,2,51,8,2,6,9,0,0,0,0,5,E01002667,-1,0,1.0,0.0,-1,6,20,1,4,1,22:03,5,1,-1
2023451338445,2023,451338445,1,1,1,1,17,4,3,0,0,0,0,0,3,8,E01030611,3,1,0.0,1.0,-1,6,30,1,1,1,16:45,6,2,3
2023461350002,2023,461350002,1,1,1,1,35,6,2,0,0,0,0,0,19,7,E01024706,6,1,1.0,0.0,-1,6,30,1,4,1,00:34,1,1,19
2023010424749,2023,010424749,1,1,1,1,21,5,3,0,0,0,0,0,3,5,E01002004,-1,0,0.0,1.0,-1,9,20,1,1,1,14:59,4,2,3
2023991259678,2023,991259678,2,1,1,2,39,7,3,0,0,0,0,0,9,8,-1,3,1,0.0,1.0,-1,6,40,1,1,2,14:45,4,2,9
2023010430631,2023,010430631,1,1,3,2,55,8,3,4,1,0,0,0,0,6,E01003375,-1,0,0.0,1.0,-1,6,30,1,1,1,08:30,2,1,19
2023101369190,2023,101369190,1,1,3,1,22,5,3,4,1,0,0,0,0,3,E01008462,3,1,0.0,1.0,-1,6,20,2,4,2,01:10,1,1,9
2023211340844,2023,211340844,1,1,1,1,64,9,2,0,0,0,0,0,3,5,E01029348,6,1,1.0,0.0,-1,6,30,1,1,1,15:00,5,1,3