collision_index,collision_year,collision_ref_no,vehicle_reference,casualty_reference,casualty_class,sex_of_casualty,age_of_casualty,age_band_of_casualty,casualty_severity,pedestrian_location,pedestrian_movement,car_passenger,bus_or_coach_passenger,pedestrian_road_maintenance_worker,casualty_type,casualty_imd_decile,lsoa_of_casualty,enhanced_casualty_severity,casualty_injury_based,casualty_adjusted_severity_serious,casualty_adjusted_severity_slight,casualty_distance_banding,road_type,speed_limit,weather_conditions,light_conditions,road_surface_conditions,time,day_of_week,number_of_vehicles,vehicle_type
2023461367519,2023,461367519,1,1,3,1,45,7,3,10,9,0,0,0,0,6,E01024220,3,1,0.0,1.0,-1,6,20,1,1,1,07:07,2,1,9
2023010422966,2023,010422966,1,1,1,1,42,7,3,0,0,0,0,0,1,5,E01001895,-1,0,0.0,1.0,-1,9,30,9,4,2,16:57,5,2,1
2023041301310,2023,041301310,1,1,3,1,8,2,2,5,1,0,0,0,0,1,E01012603,7,1,1.0,0.0,-1,6,30,1,1,1,15:45,4,1,9
2023010435883,2023,010435883,1,1,1,1,42,7,3,0,0,0,0,0,9,2,E01003507,-1,0,0.0,1.0,-1,6,30,1,1,1,15:30,3,2,9
2023141284667,2023,141284667,1,1,1,2,55,8,3,0,0,0,0,0,9,5,E01033260,3,1,0.0,1.0,-1,6,30,1,1,1,13:00,1,2,9
2023522400108,2023,522400108,2,4,2,2,28,6,3,0,0,1,0,0,9,7,E01014402,-1,0,0.01284,0.98716,-1,3,70,2,6,2,17:47,3,3,9
2023010436381,2023,010436381,1,2,3,2,50,8,2,1,1,0,0,0,0,2,E01003601,-1,0,1.0,0.0,-1,3,30,1,4,1,20:15,6,1,3
2023010480173,2023,010480173,1,1,3,1,29,6,3,8,3,0,0,0,0,5,E01004225,-1,0,0.0,1.0,-1,6,20,1,4,1,17:28,7,1,9
2023430042520,2023,430042520,1,1,3,2,80,11,2,4,1,0,0,0,0,9,E01017842,-1,0,1.0,0.0,-1,3,30,1,1,1,12:02,3,1,9
2023430194802,2023,430194802,1,1,3,1,63,9,3,6,5,0,0,0,0,10,E01017942,-1,0,0.04357,0.95643,-1,6,30,1,1,1,14:20,5,2,97
2023052302110,2023,052302110,2,1,1,1,12,3,3,0,0,0,0,0,1,5,E01006853,-1,0,0.09285,0.90715,-1,6,30,1,1,1,07:40,4,2,1
2023010468010,2023,010468010,1,1,1,1,21,5,3,0,0,0,0,0,3,6,E01003152,-1,0,0.0,1.0,-1,6,30,1,1,1,18:27,1,1,3
2023010466682,2023,010466682,2,1,1,1,52,8,2,0,0,0,0,0,4,4,E01021790,-1,0,1.0,0.0,-1,6,20,1,1,2,07:30,2,2,4
2023141353581,2023,141353581,1,2,2,2,17,4,3,0,0,1,0,0,9,2,W01001768,3,1,0.0,1.0,-1,3,30,2,4,2,21:38,1,2,9
2023201382455,2023,201382455,1,1,1,2,17,4,3,0,0,0,0,0,9,2,E01010021,3,1,0.0,1.0,-1,6,30,1,1,2,20:25,4,3,9
2023010444178,2023,010444178,1,1,1,1,38,7,3,0,0,0,0,0,9,3,E01000195,-1,0,0.0,1.0,-1,6,30,1,1,1,02:43,1,1,9
2023010461973,2023,010461973,1,1,1,2,20,4,3,0,0,0,0,0,9,2,E01002608,-1,0,0.0,1.0,-1,1,40,1,1,1,15:22,1,2,9
2023522400011,2023,522400011,1,2,2,2,20,4,3,0,0,1,0,0,9,2,E01014636,-1,0,0.00566,0.99434,-1,6,20,1,1,1,13:35,1,2,9
2023371276072,2023,371276072,1,3,1,1,71,10,2,0,0,0,0,0,19,4,E01029929,6,1,1.0,0.0,-1,6,60,1,1,1,07:55,3,4,19
2023552300859,2023,552300859,1,1,1,1,28,6,3,0,0,0,0,0,3,9,E01032035,-1,0,0.17029,0.82971,-1,6,60,1,1,1,06:35,2,2,3
2023070043882,2023,070043882,1,1,1,2,51,8,3,0,0,0,0,0,9,8,E01012435,-1,0,0.02914,0.97086,-1,6,30,1,1,1,14:56,1,2,9
2023461312774,2023,461312774,1,1,2,1,16,4,2,0,0,1,0,0,9,7,E01024332,7,1,1.0,0.0,-1,6,60,1,6,1,21:22,5,1,9
2023041296429,2023,041296429,2,1,1,2,26,6,3,0,0,0,0,0,9,9,E01024979,3,1,0.0,1.0,-1,6,40,1,1,1,18:30,5,2,9
2023631362979,2023,631362979,1,1,1,1,24,5,3,0,0,0,0,0,9,5,W01000535,3,1,0.0,1.0,-1,6,60,2,6,2,02:04,1,1,9
2023332300853,2023,332300853,1,1,1,1,46,8,3,0,0,0,0,0,1,3,E01025989,-1,0,0.02476,0.97524,-1,1,30,1,1,1,18:50,6,2,1
2023010476423,2023,010476423,2,2,2,-1,-1,-1,3,0,0,9,0,0,9,-1,-1,-1,0,0.0,1.0,-1,6,30,1,1,1,10:23,3,2,9
2023071321308,2023,071321308,2,1,1,1,54,8,2,0,0,0,0,0,9,10,E01006082,-1,0,1.0,0.0,-1,1,30,1,7,2,15:50,3,2,9
2023361322062,2023,361322062,3,2,1,2,24,5,3,0,0,0,0,0,9,7,E01026539,3,1,0.0,1.0,-1,6,60,1,1,1,15:00,6,3,9
2023501314734,2023,501314734,1,1,1,2,59,9,3,0,0,0,0,0,9,6,E01029078,3,1,0.0,1.0,-1,6,60,1,1,1,14:45,1,1,9
2023211277806,2023,211277806,2,2,2,1,28,6,3,0,0,1,0,0,9,-1,-1,3,1,0.0,1.0,-1,1,30,1,1,-1,13:15,1,2,9
2023332300418,2023,332300418,1,2,2,1,23,5,2,0,0,2,0,0,9,-1,-1,-1,0,1.0,0.0,-1,6,60,1,1,1,12:00,6,2,9
2023421348055,2023,421348055,3,1,1,1,44,7,3,0,0,0,0,0,9,5,E01021297,3,1,0.0,1.0,-1,3,70,1,1,1,09:50,7,3,9
2023430388530,2023,430388530,2,2,1,2,53,8,3,0,0,0,0,0,9,6,E01017832,-1,0,0.03553,0.96447,-1,6,30,1,1,1,14:20,4,2,9
2023520300741,2023,520300741,2,1,1,2,28,6,3,0,0,0,0,0,9,4,E01029090,-1,0,0.02422,0.97578,-1,6,30,1,4,1,19:20,5,2,9
2023041300791,2023,041300791,2,2,1,2,52,8,3,0,0,0,0,0,9,4,E01012607,3,1,0.0,1.0,-1,3,30,1,1,1,14:15,1,2,9
2023201395624,2023,201395624,1,1,1,1,59,9,3,0,0,0,0,0,9,3,E01010139,3,1,0.0,1.0,-1,6,30,1,4,2,00:55,1,2,9
2023010467468,2023,010467468,2,1,1,1,28,6,3,0,0,0,0,0,1,3,E01004303,-1,0,0.0,1.0,-1,6,20,2,4,2,19:10,5,2,1
2023522400418,2023,522400418,1,1,1,1,32,6,3,0,0,0,0,0,1,3,E01014687,-1,0,0.0316,0.9684,-1,6,30,1,1,1,10:45,2,2,1
2023010422858,2023,010422858,1,1,1,1,26,6,3,0,0,0,0,0,1,3,E01002028,-1,0,0.0,1.0,-1,1,20,1,4,4,03:00,1,2,1
2023131284165,2023,131284165,2,1,1,1,14,3,3,0,0,0,0,0,1,7,E01011591,3,1,0.0,1.0,-1,3,20,1,1,1,15:11,3,2,1
2023421296364,2023,421296364,1,1,1,1,17,4,3,0,0,0,0,0,3,3,E01021391,3,1,0.0,1.0,-1,3,60,1,1,1,11:10,1,2,3
2023351372609,2023,351372609,2,1,1,2,23,5,3,0,0,0,0,0,90,5,E01017945,3,1,0.0,1.0,-1,3,30,1,1,2,17:26,4,2,90
2023161332251,2023,161332251,2,3,2,2,10,2,3,0,0,2,0,0,9,-1,-1,3,1,0.0,1.0,-1,3,70,2,5,2,14:03,7,2,9
2023201379375,2023,201379375,2,2,2,2,24,5,3,0,0,1,0,0,9,2,E01010025,3,1,0.0,1.0,-1,6,30,1,1,1,08:40,5,2,9
2023320470558,2023,320470558,2,1,2,1,6,2,3,0,0,2,0,0,9,5,E01012280,-1,0,0.03859,0.96141,-1,6,50,1,1,1,12:00,1,2,9
2023522300118,2023,522300118,1,1,1,1,81,11,3,0,0,0,0,0,9,1,E01014654,-1,0,0.02234,0.97766,-1,6,20,1,4,1,18:40,6,2,9
2023010426497,2023,010426497,2,1,1,1,24,5,2,0,0,0,0,0,23,6,E01002957,-1,0,1.0,0.0,-1,2,20,1,1,1,15:44,6,2,23
2023471314640,2023,471314640,2,6,2,2,41,7,3,0,0,1,0,0,9,5,E01022616,3,1,0.0,1.0,-1,6,60,1,1,1,18:27,7,4,9
2023131314536,2023,131314536,2,2,2,2,59,9,3,0,0,1,0,0,9,1,E01033471,3,1,0.0,1.0,-1,6,30,1,1,1,11:21,7,3,9
2023170L11333,2023,170L11333,1,1,1,2,64,9,3,0,0,0,0,0,9,1,E01012131,-1,0,0.08371,0.91629,-1,6,60,1,7,1,17:20,2,2,9
2023211440435,2023,211440435,1,1,1,2,55,8,3,0,0,0,0,0,9,-1,-1,3,1,0.0,1.0,-1,1,40,1,1,1,12:36,6,2,9
2023430009992,2023,430009992,1,3,2,1,10,2,3,0,0,2,0,0,9,3,E01032729,-1,0,0.11545,0.88455,-1,3,30,1,6,1,21:13,7,3,9
2023101293355,2023,101293355,1,1,1,2,71,10,3,0,0,0,0,0,9,1,E01008426,3,1,0.0,1.0,-1,6,20,1,1,1,19:07,1,2,9
2023430497013,2023,430497013,1,1,1,1,19,4,2,0,0,0,0,0,-1,2,E01021091,-1,0,1.0,0.0,-1,6,20,1,4,2,22:20,7,2,-1
2023411354749,2023,411354749,1,1,1,1,63,9,3,0,0,0,0,0,9,7,E01000573,3,1,0.0,1.0,-1,6,60,1,4,1,20:40,4,2,9
2023461279122,2023,461279122,1,1,1,1,18,4,3,0,0,0,0,0,9,9,E01024244,3,1,0.0,1.0,-1,6,30,1,4,1,00:10,7,1,9
2023520301053,2023,520301053,2,2,1,1,67,10,3,0,0,0,0,0,9,6,E01029321,-1,0,0.04878,0.95122,-1,6,60,2,1,2,17:21,2,2,9
2023010464172,2023,010464172,1,1,1,1,39,7,3,0,0,0,0,0,9,3,E01004453,-1,0,0.0,1.0,-1,2,20,4,6,1,17:50,7,2,9
2023221325734,2023,221325734,2,2,1,1,23,5,3,0,0,0,0,0,9,3,E01032292,3,1,0.0,1.0,-1,1,60,1,4,1,23:18,5,2,9
2023552301326,2023,552301326,1,1,1,2,77,11,3,0,0,0,0,0,9,4,E01015303,-1,0,0.07133,0.92867,-1,6,30,1,1,1,10:06,2,2,9
2023471367114,2023,471367114,2,2,1,1,31,6,2,0,0,0,0,0,19,3,E01031430,5,1,1.0,0.0,-1,1,30,1,4,2,18:30,4,2,19
2023546698823,2023,546698823,1,1,1,2,51,8,3,0,0,0,0,0,22,7,E01015474,-1,0,0.08229,0.91771,-1,2,30,1,1,1,17:26,2,2,22
2023531288200,2023,531288200,2,2,1,1,42,7,3,0,0,0,0,0,19,7,W01001584,3,1,0.0,1.0,-1,6,50,1,1,1,11:30,7,2,19
2023411324344,2023,411324344,2,2,1,1,35,6,3,0,0,0,0,0,9,9,E01017389,3,1,0.0,1.0,-1,3,70,2,1,2,06:45,3,3,9
2023211309526,2023,211309526,3,1,1,2,54,8,3,0,0,0,0,0,9,3,E01010085,3,1,0.0,1.0,-1,6,30,1,1,1,12:23,7,3,9
2023471358001,2023,471358001,2,2,1,1,82,11,2,0,0,0,0,0,9,7,E01031722,5,1,1.0,0.0,-1,6,60,1,1,1,11:15,6,2,9
2023991312291,2023,991312291,3,2,1,2,54,8,3,0,0,0,0,0,9,8,-1,3,1,0.0,1.0,-1,3,50,1,1,1,13:15,6,3,9
2023991356652,2023,991356652,2,1,2,2,46,8,3,0,0,1,0,0,9,8,-1,3,1,0.0,1.0,-1,6,20,1,1,2,18:45,3,2,9
2023010426082,2023,010426082,1,1,2,2,79,11,3,0,0,0,3,0,11,2,E01002530,-1,0,0.0,1.0,-1,6,20,1,1,1,14:25,4,1,11
2023531388666,2023,531388666,1,1,1,1,-1,-1,3,0,0,0,0,0,-1,-1,-1,3,1,0.0,1.0,-1,6,20,2,4,2,20:55,2,2,-1
2023332301208,2023,332301208,1,1,3,2,70,10,2,1,9,0,0,0,0,5,E01013764,-1,0,1.0,0.0,-1,6,30,1,1,1,12:45,1,1,9
2023010422384,2023,010422384,1,1,1,2,34,6,3,0,0,0,0,0,9,6,E01004029,-1,0,0.0,1.0,-1,3,20,1,1,1,15:55,5,3,9
2023010431932,2023,010431932,1,2,2,2,19,4,3,0,0,2,0,0,9,3,E01003629,-1,0,0.0,1.0,-1,6,30,1,1,1,12:59,2,2,9
2023010444213,2023,010444213,1,1,1,1,22,5,3,0,0,0,0,0,9,1,E01002067,-1,0,0.0,1.0,-1,6,40,2,1,2,15:00,7,2,9
2023010469032,2023,010469032,1,1,1,2,28,6,3,0,0,0,0,0,9,8,E01033724,-1,0,0.0,1.0,-1,1,30,1,1,1,16:30,6,2,9
2023161317828,2023,161317828,1,1,1,1,39,7,3,0,0,0,0,0,9,3,E01013238,3,1,0.0,1.0,-1,7,70,1,1,1,12:50,1,2,9
2023201284499,2023,201284499,2,1,1,1,69,10,3,0,0,0,0,0,9,6,E01031234,3,1,0.0,1.0,-1,3,50,1,4,1,18:07,5,2,9
2023421320205,2023,421320205,1,3,2,2,13,3,3,0,0,0,4,0,11,6,E01021907,3,1,0.0,1.0,-1,6,30,1,1,1,07:27,2,7,11
2023361360019,2023,361360019,1,1,1,1,51,8,2,0,0,0,0,0,21,3,E01026747,6,1,1.0,0.0,-1,6,60,1,6,2,06:20,6,1,21
2023320500910,2023,320500910,1,1,1,1,23,5,3,0,0,0,0,0,2,5,E01026285,-1,0,0.17553,0.82447,-1,6,30,1,1,2,05:50,1,2,2
2023041373529,2023,041373529,1,1,3,2,72,10,3,5,1,0,0,0,0,2,E01012600,3,1,0.0,1.0,-1,6,30,5,6,2,17:58,7,1,9
2023131358220,2023,131358220,1,1,3,1,55,8,3,8,1,0,0,2,0,6,E01010990,3,1,0.0,1.0,-1,6,20,2,4,2,18:36,7,1,9
2023201405835,2023,201405835,2,1,1,1,-1,-1,3,0,0,0,0,0,9,3,E01009928,3,1,0.0,1.0,-1,6,30,1,4,1,21:45,1,2,9
2023991281346,2023,991281346,2,2,1,1,63,9,2,0,0,0,0,0,9,3,E01028310,7,1,1.0,0.0,-1,6,30,1,1,1,07:01,3,2,9
2023461322598,2023,461322598,1,1,2,2,50,8,3,0,0,0,0,0,19,5,E01024595,3,1,0.0,1.0,-1,6,20,1,1,1,05:11,5,3,19
2023631330063,2023,631330063,1,1,1,1,79,11,3,0,0,0,0,0,9,6,W01000709,3,1,0.0,1.0,-1,6,60,3,1,2,15:00,6,3,9
2023031283369,2023,031283369,1,1,3,2,12,3,3,4,9,0,0,0,0,-1,-1,3,1,0.0,1.0,-1,6,30,8,1,2,08:40,2,1,9
2023010450101,2023,010450101,1,1,1,2,38,7,3,0,0,0,0,0,9,3,E01003263,-1,0,0.0,1.0,-1,6,30,1,1,1,17:06,6,2,9
2023451321920,2023,451321920,1,1,1,1,34,6,3,0,0,0,0,0,19,6,E01009778,3,1,0.0,1.0,-1,6,30,1,1,1,09:11,6,2,19
2023371365312,2023,371365312,2,1,1,1,15,3,3,0,0,0,0,0,1,1,E01029986,3,1,0.0,1.0,-1,6,30,1,1,2,16:30,5,2,1
2023010460011,2023,010460011,1,1,1,1,33,6,3,0,0,0,0,0,21,3,E01013971,-1,0,0.0,1.0,-1,6,30,1,1,1,09:05,6,1,21
2023131299923,2023,131299923,2,1,1,2,17,4,3,0,0,0,0,0,2,1,E01011899,3,1,0.0,1.0,-1,6,20,1,1,1,15:40,6,2,2
2023101333396,2023,101333396,1,1,3,2,45,7,2,1,1,0,0,2,0,-1,-1,7,1,1.0,0.0,-1,6,30,1,1,1,11:56,7,1,11
2023201409013,2023,201409013,2,2,3,1,21,5,3,10,9,0,0,2,0,2,E01010074,3,1,0.0,1.0,-1,6,30,1,1,1,18:57,6,2,9
2023461348448,2023,461348448,1,5,2,1,18,4,3,0,0,2,0,0,9,-1,-1,3,1,0.0,1.0,-1,7,70,1,4,1,05:15,1,1,9
2023622300642,2023,622300642,2,2,1,1,62,9,3,0,0,0,0,0,9,5,W01000802,-1,0,0.01838,0.98162,-1,6,30,2,1,2,14:11,2,2,9
2023041343441,2023,041343441,3,2,1,2,36,7,3,0,0,0,0,0,9,8,E01006299,3,1,0.0,1.0,-1,3,70,1,1,1,18:34,7,3,9
2023201310547,2023,201310547,2,2,1,1,40,7,3,0,0,0,0,0,9,2,E01009840,3,1,0.0,1.0,-1,6,30,1,4,2,01:20,3,3,9
2023231329358,2023,231329358,2,1,1,1,23,5,3,0,0,0,0,0,9,4,E01031073,3,1,0.0,1.0,-1,1,50,1,1,1,19:09,3,2,9
2023461328190,2023,461328190,3,1,1,1,41,7,3,0,0,0,0,0,9,4,E01024665,3,1,0.0,1.0,-1,3,70,1,1,1,12:37,5,4,9
2023461392290,2023,461392290,1,5,2,2,38,7,3,0,0,1,0,0,9,-1,-1,3,1,0.0,1.0,-1,6,30,1,6,1,17:18,3,2,9
2023451335957,2023,451335957,1,1,1,1,64,9,3,0,0,0,0,0,19,10,E01030903,3,1,0.0,1.0,-1,6,30,1,1,1,12:23,2,2,19
2023141367784,2023,141367784,1,1,1,1,51,8,3,0,0,0,0,0,9,6,E01007630,3,1,0.0,1.0,-1,6,40,1,1,1,16:22,6,2,9
2023340NN0972,2023,340NN0972,1,2,2,2,3,1,3,0,0,2,0,0,9,-1,-1,-1,0,0.05714,0.94286,-1,6,60,1,1,1,13:54,6,2,9
2023461394992,2023,461394992,2,2,1,2,74,10,3,0,0,0,0,0,9,7,E01016058,3,1,0.0,1.0,-1,6,40,1,1,2,13:23,3,2,9
2023041374752,2023,041374752,1,1,2,2,67,10,2,0,0,1,0,0,9,8,E01025513,7,1,1.0,0.0,-1,7,30,2,1,2,13:00,2,4,9
2023351376703,2023,351376703,1,1,1,2,22,5,3,0,0,0,0,0,9,7,E01018192,3,1,0.0,1.0,-1,6,30,1,4,1,18:32,4,2,9
2023010440168,2023,010440168,1,1,3,2,50,8,3,8,5,0,0,0,0,3,E01001000,-1,0,0.0,1.0,-1,7,20,1,1,2,12:44,7,1,9
2023401360985,2023,401360985,1,1,3,2,29,6,3,5,3,0,0,0,0,4,E01017473,3,1,0.0,1.0,-1,6,30,1,4,1,21:40,3,1,9
2023010469173,2023,010469173,1,1,1,2,40,7,3,0,0,0,0,0,1,10,E01003871,-1,0,0.0,1.0,-1,9,20,1,1,1,17:15,5,1,1
2023201391091,2023,201391091,2,1,1,1,51,8,3,0,0,0,0,0,1,3,E01009256,3,1,0.0,1.0,-1,6,30,1,4,1,17:20,3,2,1
2023041318585,2023,041318585,1,1,1,1,69,10,2,0,0,0,0,0,9,-1,-1,6,1,1.0,0.0,-1,6,30,1,1,1,13:50,4,2,9
2023371317308,2023,371317308,1,1,2,1,59,9,3,0,0,1,0,0,9,6,E01029876,3,1,0.0,1.0,-1,6,30,9,1,-1,11:45,6,3,9
2023430526207,2023,430526207,1,1,1,1,37,7,3,0,0,0,0,0,9,8,E01016760,-1,0,0.10388,0.89612,-1,6,60,1,7,2,21:22,4,1,9
2023010447631,2023,010447631,1,1,1,1,29,6,2,0,0,0,0,0,1,3,E01003214,-1,0,1.0,0.0,-1,6,20,1,7,1,00:45,5,2,1
2023010420718,2023,010420718,1,1,1,1,18,4,2,0,0,0,0,0,3,6,E01003958,-1,0,1.0,0.0,-1,2,20,2,1,2,08:25,3,2,3
2023010473499,2023,010473499,1,1,2,1,22,5,3,0,0,2,0,0,9,3,E01009633,-1,0,0.0,1.0,-1,6,30,1,4,1,21:39,1,3,9
2023320562774,2023,320562774,1,1,1,2,43,7,3,0,0,0,0,0,9,5,E01026287,-1,0,0.09831,0.90169,-1,6,60,1,1,1,07:20,1,1,9
2023461354711,2023,461354711,2,1,1,2,20,4,3,0,0,0,0,0,9,5,E01024156,3,1,0.0,1.0,-1,6,40,1,1,1,19:04,1,2,9
2023302301716,2023,302301716,1,1,1,1,33,6,2,0,0,0,0,0,5,6,E01019846,-1,0,1.0,0.0,-1,3,70,1,4,2,17:06,5,1,5
2023201291640,2023,201291640,1,1,1,1,48,8,3,0,0,0,0,0,9,1,E01009270,3,1,0.0,1.0,-1,6,30,2,4,2,17:52,4,2,9
2023430069684,2023,430069684,1,3,2,2,28,6,3,0,0,2,0,0,9,10,E01028710,-1,0,0.13301,0.86699,-1,6,50,1,6,1,19:53,3,1,9
2023471334440,2023,471334440,2,2,2,2,11,3,3,0,0,2,0,0,9,-1,-1,3,1,0.0,1.0,-1,6,40,1,1,1,14:36,6,2,9
2023622300405,2023,622300405,1,1,1,1,67,10,3,0,0,0,0,0,9,9,W01001434,-1,0,0.0827,0.9173,-1,6,30,1,1,1,15:22,7,2,9
2023440455564,2023,440455564,2,1,1,2,28,6,2,0,0,0,0,0,-1,8,E01017069,-1,0,1.0,0.0,-1,6,30,1,1,1,15:30,3,2,-1
2023471320643,2023,471320643,2,1,1,1,52,8,2,0,0,0,0,0,5,4,E01021013,7,1,1.0,0.0,-1,6,40,1,1,1,16:40,4,3,5
2023161346783,2023,161346783,1,1,3,2,67,10,2,5,3,0,0,2,0,-1,-1,7,1,1.0,0.0,-1,6,20,1,1,1,10:15,4,1,9
2023010486856,2023,010486856,1,1,1,1,35,6,3,0,0,0,0,0,1,2,E01003983,-1,0,0.0,1.0,-1,6,20,1,1,1,11:37,6,2,1
2023170S30423,2023,170S30423,1,1,3,1,21,5,3,4,4,0,0,0,0,-1,-1,-1,0,0.16844,0.83156,-1,6,30,1,1,1,16:25,1,1,9
2023332300212,2023,332300212,2,1,1,2,32,6,3,0,0,0,0,0,9,10,E01025896,-1,0,0.01441,0.98559,-1,6,40,1,4,1,23:10,7,2,9
2023361342711,2023,361342711,1,2,2,2,67,10,3,0,0,1,0,0,9,4,E01026776,3,1,0.0,1.0,-1,6,20,1,1,1,15:12,7,2,9
2023451352111,2023,451352111,3,2,1,2,55,8,3,0,0,0,0,0,9,10,E01030368,3,1,0.0,1.0,-1,6,30,1,1,1,08:30,4,3,9
2023461380486,2023,461380486,1,3,2,2,17,4,3,0,0,1,0,0,9,-1,-1,3,1,0.0,1.0,-1,6,60,1,1,1,14:45,1,1,9
2023010445260,2023,010445260,3,2,1,2,44,7,3,0,0,0,0,0,9,2,E01003512,-1,0,0.0,1.0,-1,7,30,1,1,1,15:40,6,3,9
2023141354671,2023,141354671,1,1,2,2,29,6,3,0,0,1,0,0,9,-1,-1,3,1,0.0,1.0,-1,6,30,1,1,1,16:00,3,2,9
2023461360108,2023,461360108,1,2,2,2,70,10,3,0,0,1,0,0,9,10,E01024046,3,1,0.0,1.0,-1,3,70,1,1,1,13:12,6,2,9
2023991316596,2023,991316596,2,1,1,1,50,8,3,0,0,0,0,0,9,1,-1,3,1,0.0,1.0,-1,3,30,1,4,1,22:34,5,2,9
2023991373994,2023,991373994,1,1,1,2,53,8,3,0,0,0,0,0,9,7,-1,3,1,0.0,1.0,-1,6,60,2,1,2,08:15,2,2,9
2023010446520,2023,010446520,1,1,1,1,26,6,3,0,0,0,0,0,1,3,E01003122,-1,0,0.0,1.0,-1,6,20,1,1,1,18:52,5,2,1
2023461321848,2023,461321848,2,3,2,2,19,4,3,0,0,-1,0,0,8,8,E01024653,3,1,0.0,1.0,-1,1,40,1,4,1,03:11,1,2,8
2023052302153,2023,052302153,2,1,2,2,33,6,3,0,0,2,0,0,9,1,E01006495,-1,0,0.04452,0.95548,-1,6,30,1,4,1,23:35,7,2,9
2023531352661,2023,531352661,1,1,1,2,69,10,3,0,0,0,0,0,9,7,E01022401,3,1,0.0,1.0,-1,3,40,1,1,1,13:53,4,1,9
2023010460309,2023,010460309,1,1,1,1,22,5,3,0,0,0,0,0,9,7,E01029875,-1,0,0.0,1.0,-1,3,50,1,4,1,00:01,1,1,9
2023041280251,2023,041280251,1,1,2,2,47,8,3,0,0,1,0,0,9,1,E01012743,3,1,0.0,1.0,-1,6,30,1,4,1,21:12,5,2,9
2023522300470,2023,522300470,1,1,1,1,52,8,3,0,0,0,0,0,3,9,E01014943,-1,0,0.04737,0.95263,-1,1,30,1,7,1,21:29,6,2,3
2023052300918,2023,052300918,1,2,1,2,46,8,3,0,0,0,0,0,9,6,E01007158,-1,0,0.05781,0.94219,-1,6,30,1,1,1,08:15,7,1,9
2023991387343,2023,991387343,2,1,1,2,45,7,3,0,0,0,0,0,9,10,-1,3,1,0.0,1.0,-1,6,30,2,1,2,14:50,3,2,9
2023440107570,2023,440107570,1,1,3,1,26,6,3,5,1,0,0,0,0,3,E01023085,-1,0,0.08837,0.91163,-1,6,30,1,1,1,17:30,6,1,9
2023552301126,2023,552301126,2,1,1,1,32,6,3,0,0,0,0,0,1,6,E01013418,-1,0,0.16449,0.83551,-1,6,60,1,1,1,11:51,6,2,1
2023010424076,2023,010424076,1,1,2,2,-1,-1,3,0,0,1,0,0,9,4,E01001187,-1,0,0.0,1.0,-1,6,30,1,1,1,16:21,7,2,9
2023070405396,2023,070405396,2,4,2,2,4,1,3,0,0,2,0,0,9,7,E01018409,-1,0,0.01006,0.98994,-1,6,40,1,1,1,15:15,7,3,9
2023101320421,2023,101320421,2,1,1,2,22,5,3,0,0,0,0,0,9,7,E01011193,3,1,0.0,1.0,-1,7,40,1,1,1,13:50,7,2,9
2023122300317,2023,122300317,2,1,1,2,35,6,3,0,0,0,0,0,9,9,E01027794,-1,0,0.01283,0.98717,-1,6,30,1,1,1,13:09,4,2,9
2023421309391,2023,421309391,1,1,1,1,28,6,3,0,0,0,0,0,9,6,E01018271,3,1,0.0,1.0,-1,3,70,1,1,1,19:29,6,2,9
2023622300509,2023,622300509,1,1,1,2,45,7,3,0,0,0,0,0,9,6,W01001236,-1,0,0.03291,0.96709,-1,6,30,1,1,1,08:53,4,3,9
2023070341408,2023,070341408,1,1,3,1,11,3,3,6,8,0,0,0,0,3,E01012454,-1,0,0.0987,0.9013,-1,6,30,1,1,1,10:39,1,1,9
2023520300153,2023,520300153,1,1,1,1,43,7,3,0,0,0,0,0,1,8,E01029212,-1,0,0.05215,0.94785,-1,1,60,9,7,2,17:35,3,2,1
2023122300663,2023,122300663,1,1,1,1,52,8,3,0,0,0,0,0,5,2,E01007343,-1,0,0.18403,0.81597,-1,6,60,1,1,1,10:52,1,2,5
2023320405606,2023,320405606,1,1,1,1,49,8,2,0,0,0,0,0,5,9,E01032993,-1,0,1.0,0.0,-1,1,60,1,4,1,22:02,7,2,5
2023041329297,2023,041329297,2,1,1,1,38,7,3,0,0,0,0,0,9,4,E01033281,3,1,0.0,1.0,-1,6,30,1,1,1,08:00,3,2,9
2023401270946,2023,401270946,2,1,1,1,35,6,3,0,0,0,0,0,9,10,E01027205,3,1,0.0,1.0,-1,3,70,1,4,1,20:12,1,7,9
2023031354840,2023,031354840,1,1,2,1,79,11,3,0,0,0,4,0,11,-1,-1,3,1,0.0,1.0,-1,6,40,1,1,1,09:15,5,2,11
2023340WN6832,2023,340WN6832,1,2,2,2,7,2,3,0,0,2,0,0,9,10,E01010172,-1,0,0.08347,0.91653,-1,3,70,2,6,2,03:30,1,2,9
2023471259252,2023,471259252,1,1,1,1,29,6,3,0,0,0,0,0,9,10,E01030468,3,1,0.0,1.0,-1,6,30,1,1,1,11:42,2,1,9
2023471283714,2023,471283714,2,4,2,1,19,4,3,0,0,1,0,0,9,6,E01004108,3,1,0.0,1.0,-1,3,50,1,4,2,23:45,2,3,9
2023471351842,2023,471351842,1,1,1,2,65,9,3,0,0,0,0,0,9,4,E01021045,3,1,0.0,1.0,-1,6,30,1,1,1,16:43,3,2,9