collision_index,collision_year,collision_ref_no,vehicle_reference,casualty_reference,casualty_class,sex_of_casualty,age_of_casualty,age_band_of_casualty,casualty_severity,pedestrian_location,pedestrian_movement,car_passenger,bus_or_coach_passenger,pedestrian_road_maintenance_worker,casualty_type,casualty_imd_decile,lsoa_of_casualty,enhanced_casualty_severity,casualty_injury_based,casualty_adjusted_severity_serious,casualty_adjusted_severity_slight,casualty_distance_banding,road_type,speed_limit,weather_conditions,light_conditions,road_surface_conditions,time,day_of_week,number_of_vehicles,vehicle_type
2023010467165,2023,010467165,1,1,1,-1,23,5,3,0,0,0,0,0,3,3,E01003819,-1,0,0.0,1.0,-1,6,20,9,1,9,09:45,3,2,3
2023041301347,2023,041301347,1,1,1,2,36,7,3,0,0,0,0,0,9,4,E01012713,3,1,0.0,1.0,-1,6,40,1,1,1,16:52,4,2,9
2023131309632,2023,131309632,2,1,2,1,29,6,2,0,0,1,0,0,9,6,E01011885,7,1,1.0,0.0,-1,6,30,1,4,1,22:52,7,2,9
2023991350432,2023,991350432,2,1,1,1,39,7,3,0,0,0,0,0,9,10,-1,3,1,0.0,1.0,-1,3,70,1,1,1,13:40,6,2,9
2023041342900,2023,041342900,2,1,1,1,55,8,2,0,0,0,0,0,1,9,E01004803,6,1,1.0,0.0,-1,6,30,1,1,1,08:00,7,2,1
202354B421823,2023,54B421823,1,1,1,1,21,5,3,0,0,0,0,0,9,8,E01014391,-1,0,0.02653,0.97347,-1,6,60,2,1,2,15:10,7,1,9
2023991353270,2023,991353270,2,1,1,2,47,8,3,0,0,0,0,0,9,8,-1,3,1,0.0,1.0,-1,6,40,2,1,2,12:30,1,2,9
2023131288228,2023,131288228,2,4,2,1,22,5,3,0,0,1,0,0,9,4,E01010671,3,1,0.0,1.0,-1,3,30,1,1,2,17:10,7,2,9
2023131290370,2023,131290370,2,2,2,2,9,2,3,0,0,2,0,0,9,6,E01032499,3,1,0.0,1.0,-1,6,30,1,1,1,08:45,6,2,9
2023201315254,2023,201315254,1,1,1,2,34,6,3,0,0,0,0,0,9,1,E01010383,3,1,0.0,1.0,-1,6,30,1,1,1,08:30,4,2,9
2023201388656,2023,201388656,1,1,1,1,25,5,2,0,0,0,0,0,9,2,E01010240,6,1,1.0,0.0,-1,1,30,2,4,2,00:19,5,2,9
2023411387545,2023,411387545,2,1,1,1,59,9,3,0,0,0,0,0,9,7,E01023719,3,1,0.0,1.0,-1,3,30,2,4,2,18:55,3,2,9
2023302300705,2023,302300705,2,1,1,1,7,2,3,0,0,0,0,0,1,8,E01019535,-1,0,0.08313,0.91687,-1,6,30,9,1,1,16:00,1,2,1
2023010448149,2023,010448149,1,1,3,1,21,5,3,6,9,0,0,0,0,7,E01024430,-1,0,0.0,1.0,-1,3,20,1,1,1,13:16,7,2,19
2023010433163,2023,010433163,1,1,1,1,36,7,3,0,0,0,0,0,3,3,E01003141,-1,0,0.0,1.0,-1,3,20,9,1,9,15:19,1,2,3
2023211271399,2023,211271399,2,1,1,1,-1,-1,3,0,0,0,0,0,3,-1,-1,3,1,0.0,1.0,-1,1,30,1,4,1,18:55,2,2,3
2023201316271,2023,201316271,2,1,1,1,34,6,3,0,0,0,0,0,9,2,E01009018,3,1,0.0,1.0,-1,6,30,2,1,2,09:25,7,2,9
2023401265937,2023,401265937,10,9,1,2,36,7,3,0,0,0,0,0,9,4,E01023620,3,1,0.0,1.0,-1,3,70,1,4,1,17:34,2,12,9
2023371364128,2023,371364128,2,1,1,2,50,8,2,0,0,0,0,0,1,3,E01029985,7,1,1.0,0.0,-1,6,30,9,1,1,14:05,3,2,1
2023332300376,2023,332300376,1,1,1,1,21,5,3,0,0,0,0,0,4,10,E01025785,-1,0,0.11461,0.88539,-1,6,30,1,4,1,23:10,2,1,4
2023010475648,2023,010475648,1,1,1,2,30,6,3,0,0,0,0,0,9,5,E01002219,-1,0,0.0,1.0,-1,6,20,1,1,1,08:10,6,1,9
2023440412437,2023,440412437,2,1,1,1,53,8,3,0,0,0,0,0,9,4,E01022671,-1,0,0.10334,0.89666,-1,6,60,1,6,1,06:59,2,2,9
202360A006825,2023,60A006825,1,1,1,1,29,6,3,0,0,0,0,0,9,-1,-1,-1,0,0.04974,0.95026,-1,6,30,2,1,2,12:06,1,2,9
2023010454703,2023,010454703,1,1,2,2,72,10,3,0,0,0,2,0,11,2,E01000956,-1,0,0.0,1.0,-1,2,20,1,1,1,05:12,4,2,11
2023010462003,2023,010462003,1,1,3,2,40,7,3,6,9,0,0,0,0,3,E01004123,-1,0,0.0,1.0,-1,9,20,1,1,1,10:10,4,1,19
2023010476668,2023,010476668,2,1,1,1,60,9,3,0,0,0,0,0,3,7,E01001204,-1,0,0.0,1.0,-1,6,30,2,1,2,08:35,4,2,3
2023991380534,2023,991380534,2,3,2,2,32,6,3,0,0,1,0,0,9,1,-1,3,1,0.0,1.0,-1,6,30,1,1,2,14:20,4,2,9
2023211427821,2023,211427821,1,1,3,1,17,4,2,3,1,0,0,-1,0,2,E01014276,7,1,1.0,0.0,-1,6,30,1,1,2,08:25,7,1,9
2023361386445,2023,361386445,1,1,1,1,14,3,3,0,0,0,0,0,1,2,E01026865,3,1,0.0,1.0,-1,6,20,1,1,2,08:09,2,2,1
2023461372025,2023,461372025,2,1,1,1,64,9,3,0,0,0,0,0,1,8,E01024803,3,1,0.0,1.0,-1,6,50,1,1,1,12:10,3,2,1
2023010480956,2023,010480956,2,2,1,1,21,5,3,0,0,0,0,0,9,9,E01021615,-1,0,0.0,1.0,-1,3,50,1,1,1,12:40,4,3,9
2023231375794,2023,231375794,2,2,1,1,32,6,3,0,0,0,0,0,9,1,E01032890,3,1,0.0,1.0,-1,6,30,1,1,1,08:36,5,3,9
2023991319154,2023,991319154,2,2,2,1,91,11,3,0,0,1,0,0,9,-1,-1,3,1,0.0,1.0,-1,6,20,1,1,1,14:20,4,3,9
2023430158140,2023,430158140,2,17,2,2,16,4,3,0,0,0,4,0,11,-1,-1,-1,0,0.03424,0.96576,-1,3,70,2,4,2,19:52,3,4,11
2023010476433,2023,010476433,1,1,1,1,19,4,3,0,0,0,0,0,1,2,E01004394,-1,0,0.0,1.0,-1,6,30,1,1,9,11:08,3,2,1
2023340WN1892,2023,340WN1892,1,1,1,2,24,5,3,0,0,0,0,0,3,8,E01027028,-1,0,0.12994,0.87006,-1,6,40,2,4,2,20:01,3,1,3
2023041319959,2023,041319959,2,1,1,1,54,8,3,0,0,0,0,0,9,2,E01012580,3,1,0.0,1.0,-1,6,30,1,1,1,12:10,6,2,9
2023101292687,2023,101292687,2,1,1,2,49,8,3,0,0,0,0,0,9,10,E01008548,3,1,0.0,1.0,-1,3,40,1,4,1,19:18,4,2,9
2023451353801,2023,451353801,2,1,1,2,33,6,3,0,0,0,0,0,9,7,E01030577,3,1,0.0,1.0,-1,6,40,2,1,2,13:15,2,2,9
2023371366879,2023,371366879,2,1,1,1,20,4,3,0,0,0,0,0,9,1,E01029994,3,1,0.0,1.0,-1,6,30,9,4,-1,21:10,2,2,9
2023111310771,2023,111310771,1,1,3,1,73,10,2,6,9,0,0,0,0,-1,-1,5,1,1.0,0.0,-1,6,30,1,1,1,15:15,3,1,1
2023440200286,2023,440200286,1,1,3,1,66,10,3,9,5,0,0,0,0,10,E01017062,-1,0,0.13412,0.86588,-1,6,30,1,1,1,09:00,1,1,19
2023201338110,2023,201338110,2,1,1,1,59,9,2,0,0,0,0,0,1,3,E01009584,6,1,1.0,0.0,-1,6,30,1,1,1,14:12,5,2,1
2023010475824,2023,010475824,1,1,1,1,27,6,3,0,0,0,0,0,3,3,E01001154,-1,0,0.0,1.0,-1,6,20,9,1,9,14:40,6,2,3
2023421348020,2023,421348020,1,1,2,2,77,11,2,0,0,1,0,0,9,5,E01024692,7,1,1.0,0.0,-1,3,70,1,1,2,12:00,6,2,9
2023471292960,2023,471292960,1,5,1,1,67,10,3,0,0,0,0,0,9,6,E01021152,3,1,0.0,1.0,-1,6,40,1,1,2,14:45,1,2,9
2023543504623,2023,543504623,1,1,1,1,68,10,3,0,0,0,0,0,19,9,E01031886,-1,0,0.10655,0.89345,-1,6,60,1,6,2,20:32,1,1,19
2023201384471,2023,201384471,1,1,3,2,11,3,3,5,1,0,0,0,0,4,E01009711,3,1,0.0,1.0,-1,2,30,1,1,1,15:37,4,1,9
2023010451408,2023,010451408,2,4,2,2,22,5,3,0,0,2,0,0,9,7,E01000572,-1,0,0.0,1.0,-1,6,20,1,1,1,18:43,1,2,9
2023411310631,2023,411310631,1,2,2,2,40,7,2,0,0,2,0,0,9,9,E01033022,7,1,1.0,0.0,-1,6,30,1,1,1,15:33,3,3,9
2023461290714,2023,461290714,1,1,1,2,49,8,2,0,0,0,0,0,9,10,E01024751,7,1,1.0,0.0,-1,6,30,3,1,2,10:51,4,1,9
2023501345600,2023,501345600,2,3,2,2,38,7,3,0,0,1,0,0,9,5,E01009774,3,1,0.0,1.0,-1,3,70,2,1,2,16:55,6,4,9
2023522300971,2023,522300971,3,3,1,1,39,7,3,0,0,0,0,0,9,2,E01014575,-1,0,0.02422,0.97578,-1,6,20,1,1,1,14:35,3,4,9
2023991348803,2023,991348803,2,3,2,2,42,7,3,0,0,1,0,0,9,-1,-1,3,1,0.0,1.0,-1,6,60,1,1,1,19:25,2,2,9
2023231285441,2023,231285441,1,1,3,1,41,7,3,5,1,0,0,0,0,2,E01031046,3,1,0.0,1.0,-1,6,30,1,4,1,19:00,2,1,9
2023010465053,2023,010465053,1,1,1,1,31,6,2,0,0,0,0,0,1,7,E01001587,-1,0,1.0,0.0,-1,6,30,1,7,1,03:56,1,1,1
2023371327928,2023,371327928,1,1,1,1,84,11,2,0,0,0,0,0,1,5,E01030138,7,1,1.0,0.0,-1,9,60,1,1,1,09:33,2,2,1
2023010485308,2023,010485308,1,1,1,1,48,8,3,0,0,0,0,0,8,9,E01032576,-1,0,0.0,1.0,-1,2,20,1,1,1,12:22,4,2,8
2023010438803,2023,010438803,1,2,2,-1,-1,-1,3,0,0,2,0,0,9,2,E01000075,-1,0,0.0,1.0,-1,6,20,1,4,1,21:50,6,2,9
2023311280904,2023,311280904,1,2,2,1,14,3,2,0,0,2,0,0,9,-1,-1,7,1,1.0,0.0,-1,6,30,1,1,1,08:30,2,2,9
2023461320641,2023,461320641,1,1,1,1,28,6,3,0,0,0,0,0,9,8,E01024053,3,1,0.0,1.0,-1,6,30,1,1,1,15:44,2,2,9
2023631354169,2023,631354169,2,3,2,2,13,3,3,0,0,1,0,0,9,5,W01000518,3,1,0.0,1.0,-1,6,60,2,6,2,20:30,3,2,9
2023461356819,2023,461356819,1,2,2,1,14,3,3,0,0,0,0,0,19,5,E01024110,3,1,0.0,1.0,-1,6,60,1,1,1,13:40,7,2,19
2023010463228,2023,010463228,1,2,2,2,67,10,3,0,0,2,0,0,9,3,E01033699,-1,0,0.0,1.0,-1,3,40,1,1,1,15:53,1,1,9
2023461303218,2023,461303218,3,3,2,2,10,2,3,0,0,2,0,0,9,8,E01003674,3,1,0.0,1.0,-1,6,30,2,1,2,15:54,1,5,9
2023610001023,2023,610001023,1,1,1,2,52,8,3,0,0,0,0,0,9,9,W01001631,-1,0,0.05565,0.94435,-1,1,30,2,4,2,18:15,1,2,9
2023201390385,2023,201390385,1,1,3,2,37,7,3,1,3,0,0,2,0,1,E01032887,3,1,0.0,1.0,-1,3,30,1,1,1,12:40,4,1,9
2023531306300,2023,531306300,1,1,3,1,11,3,3,5,1,0,0,0,0,2,E01022457,3,1,0.0,1.0,-1,6,20,9,1,1,15:30,3,1,9
2023440110030,2023,440110030,1,1,1,2,55,8,3,0,0,0,0,0,9,7,E01017048,-1,0,0.07311,0.92689,-1,6,30,1,4,1,18:50,1,2,9
2023461372393,2023,461372393,2,1,1,1,26,6,2,0,0,0,0,0,9,2,E01033090,7,1,1.0,0.0,-1,6,30,1,1,1,12:30,7,2,9
2023010471946,2023,010471946,1,1,3,2,39,7,3,1,1,0,0,0,0,6,E01000165,-1,0,0.0,1.0,-1,2,20,1,1,1,13:15,7,1,8
2023522401007,2023,522401007,2,1,1,1,36,7,2,0,0,0,0,0,1,6,E01014532,-1,0,1.0,0.0,-1,1,20,2,4,2,19:14,5,2,1
2023010421511,2023,010421511,1,1,1,1,30,6,3,0,0,0,0,0,2,2,E01003498,-1,0,0.0,1.0,-1,6,30,1,1,1,11:08,1,1,2
2023010481010,2023,010481010,3,2,2,1,45,7,3,0,0,1,0,0,9,6,E01032767,-1,0,0.0,1.0,-1,2,20,1,6,1,23:29,4,17,9
2023302301677,2023,302301677,1,1,1,1,19,4,3,0,0,0,0,0,9,-1,-1,-1,0,0.13945,0.86055,-1,6,60,2,6,2,18:32,5,1,9
2023201372705,2023,201372705,2,1,1,1,30,6,3,0,0,0,0,0,1,4,E01009289,3,1,0.0,1.0,-1,3,30,1,1,1,11:00,2,2,1
2023101314499,2023,101314499,2,2,2,2,66,10,3,0,0,1,0,0,9,2,E01008632,3,1,0.0,1.0,-1,1,30,1,1,1,15:50,6,2,9
2023991278115,2023,991278115,2,1,1,1,55,8,3,0,0,0,0,0,9,6,-1,3,1,0.0,1.0,-1,3,70,4,1,1,16:40,1,2,9
2023141277282,2023,141277282,2,1,1,1,7,2,3,0,0,0,0,0,1,2,E01007394,3,1,0.0,1.0,-1,6,30,1,7,1,16:50,3,2,1
2023401299364,2023,401299364,2,6,2,1,-1,-1,3,0,0,2,0,0,9,5,E01028580,3,1,0.0,1.0,-1,7,70,1,4,1,20:30,1,3,9
2023421356618,2023,421356618,2,1,1,1,38,7,3,0,0,0,0,0,9,9,E01023500,3,1,0.0,1.0,-1,6,60,1,1,1,16:27,3,2,9
2023471312981,2023,471312981,4,4,1,2,25,5,3,0,0,0,0,0,9,8,E01004587,3,1,0.0,1.0,-1,6,60,1,1,1,11:00,7,5,9
2023622300712,2023,622300712,1,3,2,2,63,9,3,0,0,1,0,0,9,6,W01001241,-1,0,0.05427,0.94573,-1,6,50,1,1,1,14:04,7,2,9
2023010440083,2023,010440083,1,1,3,2,17,4,3,5,3,0,0,0,0,2,E01001687,-1,0,0.0,1.0,-1,6,20,1,1,1,20:00,6,1,11
2023471384112,2023,471384112,1,1,1,1,26,6,3,0,0,0,0,0,3,10,E01031735,3,1,0.0,1.0,-1,6,40,2,4,2,18:00,5,2,3
2023070524016,2023,070524016,1,2,2,2,88,11,3,0,0,1,0,0,9,10,E01018584,-1,0,0.12184,0.87816,-1,6,30,1,1,1,12:12,6,1,9
2023131294998,2023,131294998,1,1,2,2,86,11,3,0,0,1,0,0,9,6,E01011802,3,1,0.0,1.0,-1,6,40,1,1,1,13:45,1,2,9
2023440276502,2023,440276502,1,3,2,2,18,4,3,0,0,2,0,0,9,7,E01017247,-1,0,0.07284,0.92716,-1,3,70,1,1,1,11:43,2,2,9
2023610022123,2023,610022123,1,1,3,2,58,9,3,5,3,0,0,0,0,6,W01001675,-1,0,0.10611,0.89389,-1,6,30,1,1,1,17:50,4,1,9
2023010434219,2023,010434219,1,1,1,1,35,6,2,0,0,0,0,0,1,6,E01001989,-1,0,1.0,0.0,-1,6,20,1,1,1,11:10,7,2,1
2023361331473,2023,361331473,1,1,1,1,28,6,2,0,0,0,0,0,2,6,E01026575,7,1,1.0,0.0,-1,6,40,1,1,1,11:44,5,2,2
2023221321641,2023,221321641,2,1,1,1,55,8,2,0,0,0,0,0,5,2,E01032470,6,1,1.0,0.0,-1,3,60,1,1,1,16:30,4,3,5
2023461270389,2023,461270389,1,1,1,1,82,11,3,0,0,0,0,0,9,7,E01024380,3,1,0.0,1.0,-1,6,40,1,1,2,13:20,5,1,9
2023501394525,2023,501394525,3,1,1,2,39,7,3,0,0,0,0,0,9,-1,-1,3,1,0.0,1.0,-1,6,60,8,1,2,09:34,3,3,9
2023991386807,2023,991386807,2,1,1,1,55,8,3,0,0,0,0,0,9,10,-1,3,1,0.0,1.0,-1,3,40,1,1,2,12:15,2,2,9
2023311390257,2023,311390257,1,1,1,1,23,5,2,0,0,0,0,0,90,4,E01033404,7,1,1.0,0.0,-1,6,30,1,4,1,01:14,3,1,90
2023010422328,2023,010422328,1,1,3,2,14,3,3,5,3,0,0,0,0,5,E01000996,-1,0,0.0,1.0,-1,6,30,1,4,1,16:33,5,1,9
2023031259258,2023,031259258,1,1,1,1,70,10,2,0,0,0,0,0,9,7,E01019311,5,1,1.0,0.0,-1,6,60,2,6,2,16:26,3,1,9
2023520301595,2023,520301595,2,3,2,2,16,4,3,0,0,1,0,0,9,3,E01029093,-1,0,0.02092,0.97908,-1,6,30,1,1,1,12:00,4,2,9
2023302300364,2023,302300364,1,1,2,2,41,7,3,0,0,1,0,0,9,6,E01019862,-1,0,0.05241,0.94759,-1,6,40,1,4,1,19:15,5,2,9
2023991305544,2023,991305544,2,2,2,1,12,3,3,0,0,2,0,0,9,8,-1,3,1,0.0,1.0,-1,6,60,1,1,1,15:47,5,2,9
2023430332636,2023,430332636,2,1,1,1,-1,-1,3,0,0,0,0,0,1,-1,-1,-1,0,0.04631,0.95369,-1,6,30,2,1,2,17:10,4,2,1
2023351273729,2023,351273729,1,1,1,1,18,4,3,0,0,0,0,0,2,8,E01018117,3,1,0.0,1.0,-1,3,70,1,1,1,09:02,5,1,2
2023010483360,2023,010483360,2,1,1,1,66,10,3,0,0,0,0,0,5,4,E01016100,-1,0,0.0,1.0,-1,1,30,1,1,1,07:00,2,2,5
2023041373718,2023,041373718,5,4,1,2,49,8,3,0,0,0,0,0,9,4,E01008230,3,1,0.0,1.0,-1,3,70,2,6,2,17:20,1,6,9
2023101329527,2023,101329527,2,2,1,1,49,8,3,0,0,0,0,0,9,5,E01027453,3,1,0.0,1.0,-1,3,70,1,1,1,06:25,5,2,9
2023302301300,2023,302301300,1,1,1,1,31,6,2,0,0,0,0,0,9,5,E01019456,-1,0,1.0,0.0,-1,6,30,1,4,1,22:45,4,1,9
2023522300726,2023,522300726,1,1,1,1,29,6,3,0,0,0,0,0,9,-1,-1,-1,0,0.00232,0.99768,-1,6,20,1,1,1,08:59,3,2,9
2023010425493,2023,010425493,1,2,2,2,14,3,3,0,0,0,3,0,11,2,E01002765,-1,0,0.0,1.0,-1,2,20,1,4,1,16:58,1,2,11
2023041322076,2023,041322076,1,1,1,1,25,5,3,0,0,0,0,0,9,1,E01012721,3,1,0.0,1.0,-1,6,30,1,1,1,21:35,5,2,9
2023501274038,2023,501274038,1,1,3,1,34,6,3,9,9,0,0,0,0,2,E01018928,3,1,0.0,1.0,-1,6,60,1,6,1,19:50,4,1,9
2023230151324,2023,230151324,1,1,1,1,56,9,3,0,0,0,0,0,9,6,E01032807,-1,0,0.0699,0.9301,-1,6,60,2,1,2,12:00,7,2,9
2023231286458,2023,231286458,2,2,2,2,37,7,2,0,0,1,0,0,9,6,E01019876,6,1,1.0,0.0,-1,6,50,1,1,1,12:43,5,2,9
2023411380493,2023,411380493,2,2,1,2,25,5,3,0,0,0,0,0,9,4,E01015711,3,1,0.0,1.0,-1,3,60,1,1,1,07:26,4,2,9
2023461283758,2023,461283758,2,1,1,1,65,9,3,0,0,0,0,0,9,4,E01000787,3,1,0.0,1.0,-1,6,60,1,1,1,16:00,3,2,9
2023122300529,2023,122300529,1,1,1,1,19,4,3,0,0,0,0,0,9,6,E01027622,-1,0,0.07654,0.92346,-1,6,60,1,1,1,20:55,1,1,9
2023141380779,2023,141380779,1,1,1,2,23,5,3,0,0,0,0,0,9,7,E01007743,3,1,0.0,1.0,-1,6,40,8,4,2,06:45,5,2,9
2023471298421,2023,471298421,3,2,1,2,75,10,3,0,0,0,0,0,9,9,E01021208,3,1,0.0,1.0,-1,6,30,1,1,1,10:05,4,3,9
2023531319899,2023,531319899,1,1,2,1,18,4,1,0,0,2,0,0,9,7,E01022230,1,1,0.0,0.0,-1,6,60,1,1,1,21:25,7,1,9
2023061278896,2023,061278896,2,1,1,1,31,6,3,0,0,0,0,0,1,1,E01005132,3,1,0.0,1.0,-1,6,30,1,1,1,08:41,1,2,1
2023070860440,2023,070860440,1,1,1,1,59,9,2,0,0,0,0,0,3,3,E01005872,-1,0,1.0,0.0,-1,6,30,1,1,1,11:30,7,1,3
2023101338138,2023,101338138,2,1,1,1,18,4,3,0,0,0,0,0,9,3,E01008288,3,1,0.0,1.0,-1,6,20,1,4,1,00:10,4,2,9
2023401366092,2023,401366092,2,1,1,2,37,7,3,0,0,0,0,0,9,7,E01017437,3,1,0.0,1.0,-1,3,70,1,1,2,21:15,6,2,9
2023010465621,2023,010465621,1,1,3,1,50,8,1,9,9,0,0,0,0,-1,-1,-1,0,0.0,0.0,-1,3,50,1,4,1,21:38,3,1,9
2023401364308,2023,401364308,1,1,1,1,25,5,3,0,0,0,0,0,3,9,E01017422,3,1,0.0,1.0,-1,6,40,8,1,1,10:17,5,1,3
2023371356862,2023,371356862,1,1,1,1,50,8,3,0,0,0,0,0,21,8,E01026013,3,1,0.0,1.0,-1,6,60,1,1,1,13:37,3,1,21
2023522301816,2023,522301816,1,1,1,1,33,6,3,0,0,0,0,0,2,3,E01014673,-1,0,0.02409,0.97591,-1,6,20,1,1,1,13:10,5,2,2
2023010484798,2023,010484798,2,1,1,2,51,8,3,0,0,0,0,0,3,3,E01000819,-1,0,0.0,1.0,-1,6,30,1,4,1,18:00,2,2,3
2023010457603,2023,010457603,1,1,1,1,30,6,2,0,0,0,0,0,5,8,E01030784,-1,0,1.0,0.0,-1,3,70,1,1,1,19:24,5,2,5
2023522300795,2023,522300795,2,1,1,2,41,7,3,0,0,0,0,0,9,-1,-1,-1,0,0.02369,0.97631,-1,6,40,2,1,2,14:56,5,2,9
2023340NN2852,2023,340NN2852,2,1,1,2,14,3,3,0,0,0,0,0,16,7,E01026979,-1,0,0.02406,0.97594,-1,6,30,1,1,1,17:30,1,2,16
2023440266331,2023,440266331,2,1,1,1,28,6,3,0,0,0,0,0,20,5,E01023079,-1,0,0.02588,0.97412,-1,6,50,1,1,1,16:21,2,2,20
2023010430772,2023,010430772,1,1,3,2,24,5,2,5,9,0,0,0,0,2,E01001250,-1,0,1.0,0.0,-1,6,20,1,4,2,05:45,3,1,97
2023440218865,2023,440218865,1,1,3,1,13,3,2,5,2,0,0,0,0,8,E01017056,-1,0,1.0,0.0,-1,6,30,1,4,1,21:44,6,1,9
2023340WN2802,2023,340WN2802,2,1,1,1,35,6,3,0,0,0,0,0,1,6,E01032977,-1,0,0.08359,0.91641,-1,6,60,1,1,1,08:41,2,2,1
2023161325992,2023,161325992,1,1,2,1,22,5,3,0,0,2,0,0,8,1,E01012852,3,1,0.0,1.0,-1,6,40,1,1,1,08:00,3,2,8
2023010438945,2023,010438945,1,2,2,2,34,6,3,0,0,1,0,0,9,5,E01000430,-1,0,0.0,1.0,-1,6,30,2,1,2,13:11,1,2,9
2023010486534,2023,010486534,1,2,2,2,3,1,3,0,0,2,0,0,9,4,E01021809,-1,0,0.0,1.0,-1,1,40,2,1,2,14:55,6,2,9
2023430142974,2023,430142974,1,2,2,1,-1,-1,3,0,0,1,0,0,9,-1,-1,-1,0,0.00251,0.99749,-1,6,30,2,1,2,12:10,6,2,9
2023461286868,2023,461286868,1,1,1,1,42,7,3,0,0,0,0,0,9,6,E01024207,3,1,0.0,1.0,-1,6,60,8,5,2,17:11,3,2,9
2023201311719,2023,201311719,2,4,2,2,40,7,3,0,0,2,0,0,9,9,E01033433,3,1,0.0,1.0,-1,3,30,1,4,2,17:55,6,2,9
2023320646515,2023,320646515,2,1,1,1,48,8,3,0,0,0,0,0,9,3,E01015677,-1,0,0.09065,0.90935,-1,6,60,1,1,1,17:11,3,2,9
2023201291593,2023,201291593,1,1,1,1,52,8,3,0,0,0,0,0,10,2,E01010446,3,1,0.0,1.0,-1,3,70,1,1,1,13:50,5,2,10
2023141445871,2023,141445871,1,1,3,1,27,6,3,5,1,0,0,0,0,-1,-1,3,1,0.0,1.0,-1,6,30,1,4,1,00:15,1,1,9
2023430192756,2023,430192756,2,1,1,1,-1,-1,3,0,0,0,0,0,1,5,E01016405,-1,0,0.03965,0.96035,-1,6,30,1,1,1,16:50,4,2,1
2023010447642,2023,010447642,1,1,1,2,30,6,3,0,0,0,0,0,9,7,E01003370,-1,0,0.0,1.0,-1,3,30,1,1,1,13:10,4,2,9
2023010486802,2023,010486802,1,1,1,2,26,6,3,0,0,0,0,0,9,8,E01002216,-1,0,0.0,1.0,-1,3,30,1,4,1,23:43,1,2,9
2023122301384,2023,122301384,1,1,1,1,30,6,3,0,0,0,0,0,9,7,E01027645,-1,0,0.03276,0.96724,-1,6,40,1,4,2,20:08,7,2,9
2023131343376,2023,131343376,5,1,1,1,32,6,3,0,0,0,0,0,9,-1,-1,3,1,0.0,1.0,-1,6,30,1,1,1,11:42,7,5,9
2023131357314,2023,131357314,2,1,1,1,67,10,3,0,0,0,0,0,9,6,E01010957,3,1,0.0,1.0,-1,6,30,1,1,1,14:50,4,2,9
2023141273570,2023,141273570,2,2,1,1,74,10,3,0,0,0,0,0,9,6,E01008143,3,1,0.0,1.0,-1,6,30,1,4,1,21:44,3,2,9
2023170H10333,2023,170H10333,1,1,1,2,20,4,3,0,0,0,0,0,9,1,E01011999,-1,0,0.03293,0.96707,-1,3,30,5,4,2,20:27,3,2,9
2023610052123,2023,610052123,1,1,2,1,35,6,3,0,0,2,0,0,9,1,W01001857,-1,0,0.07663,0.92337,-1,3,50,1,4,1,16:50,7,2,9
2023122301049,2023,122301049,3,3,1,1,35,6,3,0,0,0,0,0,19,2,E01008655,-1,0,0.02398,0.97602,-1,3,70,4,1,1,14:38,6,3,19
2023351345037,2023,351345037,2,1,1,1,45,7,3,0,0,0,0,0,19,10,E01018259,3,1,0.0,1.0,-1,6,40,1,1,1,16:00,2,2,19
2023041330754,2023,041330754,2,1,1,1,52,8,2,0,0,0,0,0,5,8,E01025547,6,1,1.0,0.0,-1,3,70,1,1,1,18:06,2,2,5
2023041343654,2023,041343654,2,1,1,1,39,7,2,0,0,0,0,0,5,9,E01025472,7,1,1.0,0.0,-1,6,30,1,1,1,13:30,1,2,5
2023131354529,2023,131354529,2,1,1,2,32,6,3,0,0,0,0,0,9,1,E01010607,3,1,0.0,1.0,-1,6,40,2,1,2,07:00,4,2,9
2023531332277,2023,531332277,1,1,1,2,49,8,2,0,0,0,0,0,9,5,E01022448,7,1,1.0,0.0,-1,6,30,2,1,2,18:55,7,2,9
2023141266187,2023,141266187,2,2,1,1,16,4,1,0,0,0,0,0,1,-1,-1,1,1,0.0,0.0,-1,6,30,1,4,2,21:07,6,3,1
2023131330777,2023,131330777,2,2,2,2,85,11,2,0,0,2,0,0,9,5,E01010853,6,1,1.0,0.0,-1,6,30,1,1,2,15:55,3,2,9
2023141369912,2023,141369912,1,1,1,2,39,7,3,0,0,0,0,0,9,6,E01008040,3,1,0.0,1.0,-1,6,30,1,1,2,10:45,5,2,9
2023141384534,2023,141384534,1,1,1,2,45,7,3,0,0,0,0,0,9,8,E01007427,3,1,0.0,1.0,-1,6,60,2,4,2,18:56,6,2,9
2023471293375,2023,471293375,1,1,1,1,20,4,3,0,0,0,0,0,9,6,E01031827,3,1,0.0,1.0,-1,6,30,1,1,1,17:20,2,3,9
2023071139337,2023,071139337,1,1,3,2,18,4,3,6,9,0,0,0,0,3,E01012391,-1,0,0.08628,0.91372,-1,6,30,2,7,2,18:25,3,2,19
2023010478289,2023,010478289,1,1,1,2,28,6,2,0,0,0,0,0,3,3,E01001369,-1,0,1.0,0.0,-1,1,20,8,1,1,08:45,4,2,3