collision_index,collision_year,collision_ref_no,vehicle_reference,casualty_reference,casualty_class,sex_of_casualty,age_of_casualty,age_band_of_casualty,casualty_severity,pedestrian_location,pedestrian_movement,car_passenger,bus_or_coach_passenger,pedestrian_road_maintenance_worker,casualty_type,casualty_imd_decile,lsoa_of_casualty,enhanced_casualty_severity,casualty_injury_based,casualty_adjusted_severity_serious,casualty_adjusted_severity_slight,casualty_distance_banding,road_type,speed_limit,weather_conditions,light_conditions,road_surface_conditions,time,day_of_week,number_of_vehicles,vehicle_type
2023010437186,2023,010437186,1,1,1,1,29,6,3,0,0,0,0,0,4,6,E01001195,-1,0,0.0,1.0,-1,9,20,9,1,9,16:20,3,2,4
2023421262242,2023,421262242,5,3,1,2,72,10,3,0,0,0,0,0,9,9,E01021756,3,1,0.0,1.0,-1,6,60,1,1,1,12:52,4,5,9
2023430343907,2023,430343907,1,1,1,1,23,5,3,0,0,0,0,0,9,-1,-1,-1,0,0.06095,0.93905,-1,3,70,1,1,1,17:00,4,2,9
2023622300511,2023,622300511,1,2,2,2,21,5,2,0,0,1,0,0,9,9,W01001136,-1,0,1.0,0.0,-1,1,30,1,4,1,03:00,1,1,9
2023991309832,2023,991309832,1,1,1,1,30,6,1,0,0,0,0,0,9,1,-1,1,1,0.0,0.0,-1,3,70,1,7,1,01:50,2,1,9
2023170H10713,2023,170H10713,1,1,3,2,86,11,3,5,3,0,0,0,0,4,E01011988,-1,0,0.25119,0.74881,-1,6,30,1,1,1,10:41,5,1,9
2023340NN1002,2023,340NN1002,2,1,1,1,23,5,3,0,0,0,0,0,3,3,E01027104,-1,0,0.19315,0.80685,-1,6,30,1,1,1,14:35,3,2,3
2023111302081,2023,111302081,2,1,1,1,53,8,3,0,0,0,0,0,9,4,E01012285,3,1,0.0,1.0,-1,6,60,1,1,1,16:35,3,2,9
2023451385396,2023,451385396,2,5,2,2,73,10,3,0,0,0,4,0,11,4,E01030749,3,1,0.0,1.0,-1,3,40,2,1,2,11:05,7,2,11
2023010442966,2023,010442966,2,1,3,1,50,8,2,6,9,0,0,0,0,6,E01002332,-1,0,1.0,0.0,-1,6,30,1,1,1,18:27,1,2,9
2023231278728,2023,231278728,1,1,1,2,48,8,3,0,0,0,0,0,9,8,E01022390,3,1,0.0,1.0,-1,6,50,1,1,1,17:30,6,2,9
2023421362331,2023,421362331,2,1,1,2,31,6,3,0,0,0,0,0,9,4,E01021774,3,1,0.0,1.0,-1,6,30,1,1,1,17:19,2,2,9
2023540543923,2023,540543923,1,3,2,2,58,9,2,0,0,0,0,0,19,6,E01032004,-1,0,1.0,0.0,-1,6,60,9,7,4,17:47,2,3,19
2023122301321,2023,122301321,2,2,1,2,42,7,3,0,0,0,0,0,9,7,E01027753,-1,0,0.05996,0.94004,-1,6,60,2,6,2,16:26,1,2,9
2023340WN5852,2023,340WN5852,2,1,1,2,18,4,3,0,0,0,0,0,9,5,W01001099,-1,0,0.02481,0.97519,-1,3,70,1,1,1,15:00,2,3,9
2023451340245,2023,451340245,1,1,3,2,7,2,2,9,5,0,0,0,0,9,E01031504,7,1,1.0,0.0,-1,6,30,1,1,1,13:30,4,1,11
2023010420192,2023,010420192,2,1,1,1,30,6,2,0,0,0,0,0,3,2,E01002765,-1,0,1.0,0.0,-1,6,20,2,4,2,00:48,1,2,3
2023451360561,2023,451360561,4,2,1,1,21,5,3,0,0,0,0,0,5,5,E01031631,3,1,0.0,1.0,-1,6,40,1,1,1,12:00,7,7,5
2023302301543,2023,302301543,2,1,1,1,31,6,3,0,0,0,0,0,9,10,E01007915,-1,0,0.0841,0.9159,-1,6,50,4,6,2,00:58,1,2,9
2023061329732,2023,061329732,1,1,3,2,59,9,2,5,3,0,0,0,0,-1,-1,7,1,1.0,0.0,-1,6,20,1,1,1,17:36,6,1,9
2023461356815,2023,461356815,2,1,1,2,43,7,3,0,0,0,0,0,1,9,E01024473,3,1,0.0,1.0,-1,6,30,1,1,2,08:07,5,2,1
2023552300769,2023,552300769,2,1,1,1,17,4,3,0,0,0,0,0,3,3,E01015308,-1,0,0.09028,0.90972,-1,6,30,1,1,2,14:40,2,2,3
2023401271943,2023,401271943,1,1,1,1,27,6,3,0,0,0,0,0,9,4,E01017473,3,1,0.0,1.0,-1,6,30,7,4,4,21:23,1,2,9
2023451275882,2023,451275882,2,2,1,1,54,8,3,0,0,0,0,0,9,7,E01030905,3,1,0.0,1.0,-1,6,40,1,1,2,12:53,1,2,9
202354A100723,2023,54A100723,1,3,2,1,12,3,3,0,0,1,0,0,9,6,E01031893,-1,0,0.0642,0.9358,-1,6,60,1,1,1,14:43,7,2,9
2023010431188,2023,010431188,1,1,1,1,30,6,3,0,0,0,0,0,9,3,E01002251,-1,0,0.0,1.0,-1,7,30,2,1,2,08:35,5,2,9
2023010475489,2023,010475489,1,2,2,2,24,5,2,0,0,1,0,0,9,4,E01003722,-1,0,1.0,0.0,-1,3,50,2,7,5,04:47,5,1,9
2023991330339,2023,991330339,1,1,1,1,57,9,3,0,0,0,0,0,1,7,-1,3,1,0.0,1.0,-1,6,60,1,1,1,13:34,2,2,1
2023122300943,2023,122300943,2,3,2,1,28,6,3,0,0,1,0,0,9,10,E01013433,-1,0,0.03063,0.96937,-1,6,40,1,1,1,12:36,7,2,9
2023451374554,2023,451374554,1,2,2,2,31,6,3,0,0,1,0,0,9,3,E01002559,3,1,0.0,1.0,-1,3,70,2,1,2,13:42,3,2,9
2023471338000,2023,471338000,1,1,1,1,30,6,3,0,0,0,0,0,9,10,E01016998,3,1,0.0,1.0,-1,3,70,1,1,2,20:00,4,1,9
2023010473875,2023,010473875,1,1,1,1,41,7,3,0,0,0,0,0,2,4,E01001336,-1,0,0.0,1.0,-1,9,20,2,1,9,18:05,7,2,2
2023461325547,2023,461325547,1,2,2,2,20,4,3,0,0,0,0,0,4,3,E01016044,3,1,0.0,1.0,-1,1,40,1,4,1,02:54,7,1,4
2023010433924,2023,010433924,1,2,2,-1,-1,-1,3,0,0,1,0,0,9,4,E01001484,-1,0,0.0,1.0,-1,7,20,1,1,1,08:03,6,2,9
2023141369094,2023,141369094,1,1,1,2,28,6,3,0,0,0,0,0,9,-1,-1,3,1,0.0,1.0,-1,3,30,2,1,2,09:45,3,2,9
2023411325825,2023,411325825,3,3,1,1,66,10,2,0,0,0,0,0,9,9,E01023407,7,1,1.0,0.0,-1,6,30,1,1,1,18:43,6,3,9
2023991365646,2023,991365646,1,2,2,2,77,11,3,0,0,1,0,0,9,8,-1,3,1,0.0,1.0,-1,6,60,1,1,1,14:41,7,2,9
2023340WN2572,2023,340WN2572,1,1,1,1,27,6,2,0,0,0,0,0,23,6,E01032977,-1,0,1.0,0.0,-1,6,30,1,1,1,19:12,7,1,23
2023141263427,2023,141263427,1,3,3,2,19,4,3,6,9,0,0,0,0,-1,-1,3,1,0.0,1.0,-1,6,30,1,4,1,20:30,7,2,9
2023010462575,2023,010462575,1,1,1,1,17,4,3,0,0,0,0,0,1,3,E01002796,-1,0,0.0,1.0,-1,2,20,1,1,2,18:45,7,2,1
2023010482069,2023,010482069,1,1,1,1,30,6,3,0,0,0,0,0,9,3,E01004540,-1,0,0.0,1.0,-1,3,20,2,1,2,10:10,3,2,9
2023101355845,2023,101355845,1,1,1,2,65,9,2,0,0,0,0,0,9,5,E01011741,5,1,1.0,0.0,-1,6,60,1,1,1,11:51,7,2,9
2023430470862,2023,430470862,2,2,1,1,58,9,3,0,0,0,0,0,9,9,E01016833,-1,0,0.07427,0.92573,-1,3,70,1,1,1,16:04,5,2,9
2023221357716,2023,221357716,2,1,1,1,29,6,3,0,0,0,0,0,9,9,E01027014,3,1,0.0,1.0,-1,3,40,1,1,1,12:50,5,2,9
2023430039679,2023,430039679,1,1,2,2,16,4,3,0,0,1,0,0,9,6,E01017698,-1,0,0.00286,0.99714,-1,6,30,8,4,1,17:05,3,2,9
2023549891723,2023,549891723,1,1,1,2,45,7,3,0,0,0,0,0,9,6,E01031842,-1,0,0.0516,0.9484,-1,6,60,2,1,2,11:41,2,1,9
2023201276661,2023,201276661,2,1,2,2,4,1,3,0,0,2,0,0,9,2,E01010403,3,1,0.0,1.0,-1,9,20,1,1,2,15:45,5,2,9
2023010474138,2023,010474138,2,1,1,1,24,5,3,0,0,0,0,0,1,6,E01030135,-1,0,0.0,1.0,-1,3,30,1,1,1,13:10,5,2,1
2023340WN4432,2023,340WN4432,1,3,3,2,51,8,2,5,9,0,0,0,0,-1,-1,-1,0,1.0,0.0,-1,6,30,1,4,1,23:55,7,1,3
2023010425570,2023,010425570,1,1,1,2,31,6,3,0,0,0,0,0,9,9,E01030519,-1,0,0.0,1.0,-1,6,20,1,4,1,07:00,2,2,9
2023041321360,2023,041321360,2,2,2,2,40,7,3,0,0,1,0,0,9,4,E01025460,3,1,0.0,1.0,-1,6,30,1,1,1,14:19,3,2,9
2023211374354,2023,211374354,2,2,1,1,56,9,3,0,0,0,0,0,9,4,E01019710,3,1,0.0,1.0,-1,6,60,8,1,2,08:50,3,2,9
2023471365396,2023,471365396,2,3,2,2,74,10,3,0,0,1,0,0,9,9,E01031446,3,1,0.0,1.0,-1,3,70,9,1,1,12:45,7,2,9
2023991377705,2023,991377705,2,1,1,2,20,4,3,0,0,0,0,0,9,5,-1,3,1,0.0,1.0,-1,6,60,1,1,1,09:06,3,3,9
2023010462821,2023,010462821,2,1,1,1,25,5,3,0,0,0,0,0,9,1,E01003535,-1,0,0.0,1.0,-1,6,30,1,1,1,17:40,2,2,9
2023052301636,2023,052301636,1,3,2,2,18,4,3,0,0,2,0,0,9,9,E01007081,-1,0,0.17981,0.82019,-1,6,60,2,6,2,23:55,7,1,9
2023131267576,2023,131267576,1,2,1,1,37,7,2,0,0,0,0,0,9,7,E01032490,7,1,1.0,0.0,-1,3,70,1,4,2,17:07,3,2,9
2023221371106,2023,221371106,1,1,1,1,21,5,3,0,0,0,0,0,9,2,E01032224,3,1,0.0,1.0,-1,6,30,2,4,2,08:30,6,1,9
2023361283355,2023,361283355,2,2,1,2,35,6,3,0,0,0,0,0,9,9,E01026906,3,1,0.0,1.0,-1,6,40,2,1,2,09:14,2,2,9
2023430197472,2023,430197472,2,1,1,1,38,7,3,0,0,0,0,0,9,10,E01023287,-1,0,0.00757,0.99243,-1,1,40,2,1,2,12:32,7,2,9
2023461377231,2023,461377231,3,1,2,2,37,7,3,0,0,1,0,0,9,2,E01022039,3,1,0.0,1.0,-1,3,70,1,4,1,16:47,6,3,9
2023501339976,2023,501339976,1,1,1,1,22,5,3,0,0,0,0,0,3,5,E01031512,3,1,0.0,1.0,-1,3,70,1,1,1,15:44,2,2,3
2023471366196,2023,471366196,2,1,1,1,60,9,3,0,0,0,0,0,19,5,E01020956,3,1,0.0,1.0,-1,6,40,2,1,2,16:53,2,2,19
2023010460090,2023,010460090,1,1,3,1,44,7,3,5,1,0,0,0,0,3,E01000740,-1,0,0.0,1.0,-1,3,30,1,1,1,15:15,6,1,9
2023552300192,2023,552300192,2,1,1,2,23,5,3,0,0,0,0,0,9,8,E01020504,-1,0,0.0271,0.9729,-1,6,30,1,1,2,08:34,7,2,9
2023991332359,2023,991332359,2,1,1,2,24,5,2,0,0,0,0,0,9,8,-1,6,1,1.0,0.0,-1,6,30,1,4,1,23:45,7,2,9
2023411380395,2023,411380395,2,1,1,2,52,8,3,0,0,0,0,0,9,8,E01023656,3,1,0.0,1.0,-1,3,70,1,4,1,18:19,3,4,9
2023520300628,2023,520300628,1,1,3,1,57,9,3,9,8,0,0,0,0,4,E01029337,-1,0,0.06781,0.93219,-1,6,60,1,1,2,14:30,2,1,9
2023991319389,2023,991319389,2,1,1,1,37,7,3,0,0,0,0,0,1,8,-1,3,1,0.0,1.0,-1,1,30,1,1,1,08:30,6,2,1
2023101326350,2023,101326350,2,1,1,2,21,5,3,0,0,0,0,0,9,2,E01008590,3,1,0.0,1.0,-1,6,20,1,1,1,07:15,2,2,9
2023991294132,2023,991294132,1,1,2,1,22,5,2,0,0,2,0,0,9,2,-1,5,1,1.0,0.0,-1,6,60,1,6,1,21:00,3,1,9
2023061390326,2023,061390326,1,1,3,2,82,11,2,5,1,0,0,0,0,3,E01006253,5,1,1.0,0.0,-1,6,30,1,4,1,16:25,3,1,9
2023010443390,2023,010443390,1,1,1,1,36,7,3,0,0,0,0,0,9,7,E01002930,-1,0,0.0,1.0,-1,3,20,1,4,1,10:15,3,2,9
2023122300359,2023,122300359,1,1,1,1,20,4,3,0,0,0,0,0,9,1,E01012945,-1,0,0.04843,0.95157,-1,6,60,1,6,1,19:15,6,1,9
2023430113644,2023,430113644,2,1,1,2,43,7,3,0,0,0,0,0,9,-1,-1,-1,0,0.01102,0.98898,-1,6,30,2,1,2,17:40,2,2,9
2023991383143,2023,991383143,1,1,1,1,37,7,2,0,0,0,0,0,9,4,-1,5,1,1.0,0.0,-1,6,40,1,4,4,06:45,3,1,9
2023201360026,2023,201360026,2,1,1,1,48,8,3,0,0,0,0,0,9,1,E01010366,3,1,0.0,1.0,-1,2,30,1,1,1,17:15,3,2,9
202360A062993,2023,60A062993,1,1,1,1,41,7,2,0,0,0,0,0,9,-1,-1,-1,0,1.0,0.0,-1,6,30,1,4,1,00:11,1,2,9
2023010450301,2023,010450301,2,3,2,1,25,5,3,0,0,0,4,0,11,3,E01001043,-1,0,0.0,1.0,-1,6,30,1,1,1,14:50,3,2,11
2023361372441,2023,361372441,1,1,3,1,4,1,3,5,9,0,0,0,0,4,E01026807,3,1,0.0,1.0,-1,6,30,1,4,1,18:30,5,1,9
2023041286755,2023,041286755,1,1,1,2,35,6,2,0,0,0,0,0,9,-1,-1,7,1,1.0,0.0,-1,3,70,3,1,3,13:30,3,1,9
2023471317202,2023,471317202,1,2,2,2,27,6,1,0,0,2,0,0,9,-1,-1,1,1,0.0,0.0,-1,6,60,1,1,1,19:37,7,2,9
2023501373927,2023,501373927,1,1,1,2,20,4,3,0,0,0,0,0,9,8,E01018792,3,1,0.0,1.0,-1,6,30,1,4,1,06:30,5,2,9
2023451351389,2023,451351389,1,2,1,2,24,5,3,0,0,0,0,0,9,6,E01016231,3,1,0.0,1.0,-1,6,40,1,1,1,17:29,2,2,9
2023991260655,2023,991260655,1,3,2,2,10,2,2,0,0,2,0,0,9,4,-1,7,1,1.0,0.0,-1,6,50,1,1,2,12:00,7,2,9
2023411348998,2023,411348998,2,1,2,2,29,6,3,0,0,1,0,0,9,6,E01023784,3,1,0.0,1.0,-1,6,30,1,1,1,11:30,3,2,9
2023991317670,2023,991317670,2,1,1,1,22,5,3,0,0,0,0,0,9,7,-1,3,1,0.0,1.0,-1,6,30,1,1,1,12:55,1,3,9
2023131296805,2023,131296805,1,1,3,2,19,4,3,4,1,0,0,2,0,5,E01011063,3,1,0.0,1.0,-1,6,30,2,4,2,20:52,6,1,9
2023010476652,2023,010476652,1,1,1,1,29,6,3,0,0,0,0,0,3,2,E01004570,-1,0,0.0,1.0,-1,6,20,1,1,1,15:40,3,2,3
2023141306468,2023,141306468,1,1,1,2,28,6,2,0,0,0,0,0,3,4,E01007699,7,1,1.0,0.0,-1,1,40,1,1,1,10:39,7,2,3
2023421262242,2023,421262242,4,2,1,2,62,9,3,0,0,0,0,0,9,4,E01021802,3,1,0.0,1.0,-1,6,60,1,1,1,12:52,4,5,9
2023052302275,2023,052302275,2,1,1,1,11,3,2,0,0,0,0,0,1,1,E01006739,-1,0,1.0,0.0,-1,6,20,1,1,1,17:05,2,2,1
2023061341558,2023,061341558,2,1,1,1,24,5,3,0,0,0,0,0,1,3,E01024864,3,1,0.0,1.0,-1,6,30,2,4,2,22:00,7,2,1
2023122300598,2023,122300598,2,1,1,2,22,5,3,0,0,0,0,0,8,8,E01013348,-1,0,0.01425,0.98575,-1,6,30,1,1,1,07:59,4,2,8
2023010470947,2023,010470947,1,1,1,1,45,7,3,0,0,0,0,0,9,1,E01003487,-1,0,0.0,1.0,-1,6,30,1,1,1,12:15,7,2,9
2023170S20193,2023,170S20193,1,1,1,1,36,7,3,0,0,0,0,0,9,8,E01032594,-1,0,0.00933,0.99067,-1,3,40,1,1,1,12:40,4,2,9
2023440287416,2023,440287416,1,1,1,1,75,10,2,0,0,0,0,0,9,10,E01023038,-1,0,1.0,0.0,-1,6,40,1,1,1,15:00,2,2,9
2023461318383,2023,461318383,1,2,2,2,25,5,3,0,0,1,0,0,9,6,E01024674,3,1,0.0,1.0,-1,6,30,1,1,1,19:53,7,3,9
2023552301330,2023,552301330,1,1,1,1,19,4,3,0,0,0,0,0,-1,5,E01015302,-1,0,0.17719,0.82281,-1,6,40,1,4,1,22:24,7,1,-1
2023101383864,2023,101383864,1,2,1,1,36,7,3,0,0,0,0,0,9,2,E01008377,3,1,0.0,1.0,-1,6,30,1,1,4,12:25,1,2,9
2023361340925,2023,361340925,1,3,2,2,53,8,3,0,0,1,0,0,9,3,E01026786,3,1,0.0,1.0,-1,6,30,1,1,1,09:30,7,2,9
2023430243080,2023,430243080,1,1,2,2,20,4,3,0,0,1,0,0,9,4,E01016484,-1,0,0.01466,0.98534,-1,6,30,1,4,1,00:20,7,2,9
2023531393158,2023,531393158,2,1,1,2,23,5,3,0,0,0,0,0,9,8,E01022257,3,1,0.0,1.0,-1,6,30,1,4,1,17:50,6,2,9
2023211368142,2023,211368142,2,1,1,2,87,11,2,0,0,0,0,0,22,9,E01029641,5,1,1.0,0.0,-1,6,30,1,1,1,14:31,1,2,22
2023520400900,2023,520400900,2,1,1,1,74,10,3,0,0,0,0,0,5,9,E01014816,-1,0,0.16907,0.83093,-1,1,60,1,1,2,10:29,7,2,5
2023010443686,2023,010443686,1,1,3,2,31,6,2,8,3,0,0,0,0,8,E01002922,-1,0,1.0,0.0,-1,6,30,1,1,1,08:14,3,1,9
2023041338072,2023,041338072,2,1,1,2,50,8,3,0,0,0,0,0,1,1,E01025226,3,1,0.0,1.0,-1,6,20,1,1,1,10:00,4,2,1
2023041285136,2023,041285136,1,1,1,2,26,6,3,0,0,0,0,0,9,3,E01025397,3,1,0.0,1.0,-1,6,30,6,1,2,16:45,5,2,9
2023131343281,2023,131343281,1,2,2,2,19,4,3,0,0,2,0,0,9,5,E01011766,3,1,0.0,1.0,-1,6,40,2,4,2,01:42,7,1,9
2023101383751,2023,101383751,1,1,3,2,36,7,3,1,1,0,0,0,0,1,E01008762,3,1,0.0,1.0,-1,6,30,1,1,2,12:00,4,1,9
2023461377086,2023,461377086,2,1,1,1,48,8,3,0,0,0,0,0,3,3,E01016154,3,1,0.0,1.0,-1,2,30,1,4,2,05:05,2,2,3
2023302400008,2023,302400008,3,3,1,1,78,11,3,0,0,0,0,0,9,10,E01007955,-1,0,0.08181,0.91819,-1,6,30,8,1,2,12:14,1,4,9
2023311382198,2023,311382198,2,4,2,1,7,2,3,0,0,2,0,0,9,10,E01028328,3,1,0.0,1.0,-1,6,30,1,7,1,16:50,6,2,9
202360A065454,2023,60A065454,2,2,1,2,32,6,3,0,0,0,0,0,9,-1,-1,-1,0,0.05489,0.94511,-1,6,30,8,1,1,08:01,5,2,9
202363A009223,2023,63A009223,1,1,1,2,26,6,3,0,0,0,0,0,9,5,W01000717,-1,0,0.09175,0.90825,-1,6,60,1,1,2,10:45,2,2,9
2023340NN2192,2023,340NN2192,1,1,2,1,18,4,3,0,0,1,0,0,9,-1,-1,-1,0,0.04687,0.95313,-1,6,30,1,4,1,22:30,2,1,9
2023461270484,2023,461270484,1,1,1,1,56,9,3,0,0,0,0,0,9,2,E01003191,3,1,0.0,1.0,-1,6,60,1,1,2,07:17,7,2,9
2023543987023,2023,543987023,2,1,1,2,33,6,3,0,0,0,0,0,9,10,E01014434,-1,0,0.0188,0.9812,-1,6,30,1,1,1,11:40,1,2,9
2023010450152,2023,010450152,1,1,1,2,27,6,3,0,0,0,0,0,1,4,E01002779,-1,0,0.0,1.0,-1,6,20,1,1,1,17:50,2,2,1
2023302301124,2023,302301124,2,1,2,1,0,1,3,0,0,2,0,0,9,-1,-1,-1,0,0.081,0.919,-1,6,60,1,1,1,13:30,1,2,9
2023451359461,2023,451359461,2,1,1,2,33,6,3,0,0,0,0,0,9,10,E01023093,3,1,0.0,1.0,-1,6,30,1,1,1,12:50,4,2,9
2023440133554,2023,440133554,2,1,1,2,36,7,3,0,0,0,0,0,9,10,E01023117,-1,0,0.05489,0.94511,-1,6,40,1,1,1,17:49,3,2,9
2023201440740,2023,201440740,2,1,1,2,51,8,3,0,0,0,0,0,1,1,E01009182,3,1,0.0,1.0,-1,6,20,8,1,1,09:43,4,2,1
2023610001723,2023,610001723,1,1,1,2,25,5,3,0,0,0,0,0,9,-1,-1,-1,0,0.05521,0.94479,-1,1,30,1,4,2,17:48,2,2,9
2023070138043,2023,070138043,1,1,3,2,61,9,2,1,3,0,0,0,0,6,E01018352,-1,0,1.0,0.0,-1,1,30,1,4,1,18:30,5,1,9
2023522301554,2023,522301554,3,2,1,1,-1,-1,3,0,0,0,0,0,1,-1,-1,-1,0,0.01013,0.98987,-1,1,30,1,1,1,14:18,7,3,1
2023010444626,2023,010444626,1,1,1,2,32,6,3,0,0,0,0,0,9,4,E01021818,-1,0,0.0,1.0,-1,6,30,1,1,1,13:00,3,3,9
2023010450168,2023,010450168,1,1,3,1,14,3,2,5,1,0,0,0,0,1,E01003921,-1,0,1.0,0.0,-1,6,20,1,1,1,20:40,2,1,9
2023010436591,2023,010436591,2,1,1,1,24,5,3,0,0,0,0,0,3,9,E01002107,-1,0,0.0,1.0,-1,6,30,1,1,1,14:24,1,2,3
2023430215651,2023,430215651,1,1,1,1,73,10,2,0,0,0,0,0,4,7,E01017846,-1,0,1.0,0.0,-1,6,60,1,1,1,11:10,4,2,4
2023041277533,2023,041277533,2,1,2,2,23,5,3,0,0,1,0,0,9,-1,-1,3,1,0.0,1.0,-1,6,30,1,1,1,12:45,1,2,9
2023430188603,2023,430188603,2,1,1,2,27,6,3,0,0,0,0,0,9,4,E01007288,-1,0,0.00628,0.99372,-1,6,60,1,1,1,14:45,1,2,9
2023430404368,2023,430404368,2,1,1,1,32,6,3,0,0,0,0,0,97,9,E01017660,-1,0,0.14949,0.85051,-1,6,30,1,1,1,14:27,7,2,97
2023131320052,2023,131320052,1,4,3,1,49,8,3,6,9,0,0,2,0,10,E01011709,3,1,0.0,1.0,-1,6,30,2,1,2,19:25,1,3,9
2023122300149,2023,122300149,2,1,1,2,55,8,3,0,0,0,0,0,1,10,E01013420,-1,0,0.0533,0.9467,-1,6,30,7,4,4,17:40,6,2,1
2023221343793,2023,221343793,3,1,1,1,45,7,3,0,0,0,0,0,1,1,E01008962,3,1,0.0,1.0,-1,6,60,1,1,1,10:00,3,3,1
2023010475504,2023,010475504,1,1,2,2,34,6,3,0,0,1,0,0,9,8,E01000394,-1,0,0.0,1.0,-1,6,30,2,1,2,15:00,5,2,9
2023010476581,2023,010476581,1,1,1,1,28,6,3,0,0,0,0,0,9,8,E01030698,-1,0,0.0,1.0,-1,6,30,1,4,1,20:48,3,1,9
2023141312252,2023,141312252,1,1,1,1,43,7,2,0,0,0,0,0,9,1,E01007413,7,1,1.0,0.0,-1,6,30,1,1,1,14:15,7,2,9
2023430238584,2023,430238584,1,1,1,1,73,10,3,0,0,0,0,0,11,7,E01028640,-1,0,0.0256,0.9744,-1,6,20,1,1,1,10:49,4,2,11
2023010424212,2023,010424212,1,1,1,1,31,6,3,0,0,0,0,0,4,4,E01001005,-1,0,0.0,1.0,-1,6,30,1,4,2,18:42,1,1,4
2023052300197,2023,052300197,2,2,1,1,80,11,3,0,0,0,0,0,9,4,E01007288,-1,0,0.1464,0.8536,-1,6,50,1,6,1,17:40,6,2,9
2023451269294,2023,451269294,2,2,2,2,38,7,3,0,0,1,0,0,9,10,E01030930,3,1,0.0,1.0,-1,3,70,1,4,2,17:04,2,3,9
2023622300983,2023,622300983,1,1,3,1,16,4,3,5,3,0,0,0,0,1,W01001207,-1,0,0.10926,0.89074,-1,6,40,1,1,1,08:18,2,1,11
2023041266412,2023,041266412,2,1,1,2,88,11,3,0,0,0,0,0,9,10,E01025454,3,1,0.0,1.0,-1,3,40,1,1,2,12:42,7,2,9
2023340WN1212,2023,340WN1212,1,1,1,1,22,5,3,0,0,0,0,0,9,7,E01027143,-1,0,0.08133,0.91867,-1,3,40,1,4,1,21:00,4,2,9
2023010462409,2023,010462409,1,1,3,2,35,6,3,1,3,0,0,0,0,3,E01003081,-1,0,0.0,1.0,-1,6,30,1,1,1,17:55,6,1,9
2023201315411,2023,201315411,1,1,3,1,20,4,3,5,1,0,0,0,0,1,E01009273,3,1,0.0,1.0,-1,6,30,1,1,1,17:00,4,1,9
2023010432100,2023,010432100,1,1,1,1,33,6,3,0,0,0,0,0,1,6,E01001948,-1,0,0.0,1.0,-1,9,30,2,1,2,09:20,3,2,1
2023221326465,2023,221326465,2,1,1,1,52,8,2,0,0,0,0,0,1,2,E01009158,7,1,1.0,0.0,-1,6,60,1,1,1,20:00,3,2,1
2023302301258,2023,302301258,2,1,2,2,54,8,3,0,0,1,0,0,9,2,E01012949,-1,0,0.01541,0.98459,-1,6,30,1,1,1,11:00,3,3,9
2023340WN1292,2023,340WN1292,2,1,1,2,46,8,3,0,0,0,0,0,9,8,E01027026,-1,0,0.08719,0.91281,-1,6,60,1,1,1,13:45,3,2,9
2023421375849,2023,421375849,1,1,2,1,35,6,3,0,0,1,0,0,9,3,E01021312,3,1,0.0,1.0,-1,6,30,1,1,1,15:15,6,4,9
2023010482461,2023,010482461,2,1,1,1,19,4,3,0,0,0,0,0,1,3,E01004698,-1,0,0.0,1.0,-1,6,20,1,4,1,23:18,4,2,1
2023010422494,2023,010422494,2,1,3,-1,-1,-1,3,10,9,0,0,0,0,-1,-1,-1,0,0.0,1.0,-1,6,20,1,1,1,13:00,6,2,9
2023041295548,2023,041295548,1,1,1,1,9,2,3,0,0,0,0,0,1,1,E01012724,3,1,0.0,1.0,-1,6,30,1,1,1,15:45,2,2,1
2023010462195,2023,010462195,1,1,1,1,62,9,2,0,0,0,0,0,3,6,E01000487,-1,0,1.0,0.0,-1,6,20,1,1,1,15:50,5,2,3
2023440195464,2023,440195464,1,1,1,1,18,4,3,0,0,0,0,0,3,8,E01023001,-1,0,0.24174,0.75826,-1,6,40,1,1,1,07:54,5,1,3
2023471282866,2023,471282866,1,1,3,2,37,7,3,5,1,0,0,0,0,1,E01016900,3,1,0.0,1.0,-1,6,30,1,4,1,19:04,6,1,9
2023340WN1982,2023,340WN1982,1,1,1,2,17,4,3,0,0,0,0,0,2,8,E01027024,-1,0,0.21925,0.78075,-1,6,60,1,1,2,06:45,7,1,2
2023010423531,2023,010423531,1,1,3,2,35,6,2,1,3,0,0,0,0,7,E01002136,-1,0,1.0,0.0,-1,1,30,2,4,2,19:35,4,1,9
2023041327125,2023,041327125,3,3,1,1,32,6,3,0,0,0,0,0,9,1,E01025582,3,1,0.0,1.0,-1,6,20,1,1,1,11:13,6,5,9
2023231378327,2023,231378327,1,1,1,1,35,6,2,0,0,0,0,0,9,1,E01006412,5,1,1.0,0.0,-1,6,50,2,6,2,22:58,5,1,9
2023320246845,2023,320246845,1,1,1,1,50,8,3,0,0,0,0,0,9,4,E01026280,-1,0,0.03885,0.96115,-1,6,30,1,1,1,13:16,2,2,9
2023010426198,2023,010426198,1,1,3,1,12,3,3,4,9,0,0,0,0,2,E01000870,-1,0,0.0,1.0,-1,6,20,1,1,1,07:45,5,1,9
2023061287648,2023,061287648,1,1,3,2,24,5,2,5,1,0,0,0,0,7,E01028950,5,1,1.0,0.0,-1,6,20,1,4,2,22:20,5,1,8
2023461376995,2023,461376995,1,1,3,2,44,7,3,6,9,0,0,0,0,5,E01024701,3,1,0.0,1.0,-1,6,30,1,1,2,08:03,5,1,22