collision_index,collision_year,collision_ref_no,vehicle_reference,casualty_reference,casualty_class,sex_of_casualty,age_of_casualty,age_band_of_casualty,casualty_severity,pedestrian_location,pedestrian_movement,car_passenger,bus_or_coach_passenger,pedestrian_road_maintenance_worker,casualty_type,casualty_imd_decile,lsoa_of_casualty,enhanced_casualty_severity,casualty_injury_based,casualty_adjusted_severity_serious,casualty_adjusted_severity_slight,casualty_distance_banding,road_type,speed_limit,weather_conditions,light_conditions,road_surface_conditions,time,day_of_week,number_of_vehicles,vehicle_type
2023010445157,2023,010445157,1,1,3,2,40,7,3,4,3,0,0,0,0,5,E01000240,-1,0,0.0,1.0,-1,6,30,9,1,9,12:00,4,1,9
2023010478723,2023,010478723,1,1,3,2,29,6,3,1,3,0,0,0,0,4,E01002648,-1,0,0.0,1.0,-1,6,20,1,1,1,12:30,6,1,9
2023451333987,2023,451333987,1,1,1,1,54,8,3,0,0,0,0,0,1,10,E01030374,3,1,0.0,1.0,-1,6,30,1,1,2,07:57,5,2,1
2023010479254,2023,010479254,1,3,2,2,-1,-1,3,0,0,2,0,0,9,7,E01002569,-1,0,0.0,1.0,-1,9,20,4,4,1,00:55,7,1,9
2023041370910,2023,041370910,2,1,1,1,65,9,3,0,0,0,0,0,9,8,E01006403,3,1,0.0,1.0,-1,6,50,1,1,2,13:18,6,2,9
2023170L10953,2023,170L10953,2,2,1,1,72,10,3,0,0,0,0,0,9,10,E01020683,-1,0,0.1023,0.8977,-1,6,50,1,1,1,15:46,3,2,9
2023430221510,2023,430221510,2,1,2,1,18,4,3,0,0,2,0,0,9,6,E01031209,-1,0,0.05088,0.94912,-1,6,60,1,1,1,15:34,7,2,9
2023451342639,2023,451342639,1,1,1,2,21,5,3,0,0,0,0,0,9,8,E01030347,3,1,0.0,1.0,-1,6,20,1,1,1,18:10,4,3,9
2023461357098,2023,461357098,2,1,1,1,35,6,3,0,0,0,0,0,9,7,E01024802,3,1,0.0,1.0,-1,6,30,1,1,1,17:05,1,2,9
2023991390707,2023,991390707,1,1,2,1,18,4,3,0,0,1,0,0,9,6,-1,3,1,0.0,1.0,-1,6,60,2,1,2,11:34,4,2,9
2023522301097,2023,522301097,2,1,1,1,27,6,3,0,0,0,0,0,9,5,E01014555,-1,0,0.02566,0.97434,-1,6,40,1,1,1,16:45,5,2,9
202360A019034,2023,60A019034,1,1,1,2,48,8,3,0,0,0,0,0,9,-1,-1,-1,0,0.0412,0.9588,-1,6,20,1,1,1,10:46,4,2,9
2023320744095,2023,320744095,1,1,1,1,50,8,3,0,0,0,0,0,22,7,E01026340,-1,0,0.16515,0.83485,-1,6,30,3,4,3,04:30,1,2,22
2023401369456,2023,401369456,2,1,1,1,13,3,3,0,0,0,0,0,-1,-1,-1,3,1,0.0,1.0,-1,6,30,1,1,1,15:45,2,2,-1
2023311354388,2023,311354388,1,1,1,1,56,9,3,0,0,0,0,0,19,10,E01026356,3,1,0.0,1.0,-1,6,30,5,1,2,08:35,4,2,19
2023061305666,2023,061305666,2,1,1,1,49,8,3,0,0,0,0,0,2,6,E01005956,3,1,0.0,1.0,-1,6,30,1,1,1,14:00,6,2,2
2023122300257,2023,122300257,1,1,1,1,36,7,2,0,0,0,0,0,9,8,E01027668,-1,0,1.0,0.0,-1,6,60,1,1,1,15:10,3,2,9
2023131290351,2023,131290351,2,1,1,1,25,5,3,0,0,0,0,0,9,9,E01011195,3,1,0.0,1.0,-1,6,30,1,1,2,15:08,6,2,9
2023411359307,2023,411359307,3,3,1,1,46,8,3,0,0,0,0,0,9,9,E01023493,3,1,0.0,1.0,-1,6,60,1,1,1,08:34,2,3,9
2023101325371,2023,101325371,2,1,1,1,26,6,3,0,0,0,0,0,1,10,E01008579,3,1,0.0,1.0,-1,6,30,1,1,1,08:43,5,2,1
2023052301437,2023,052301437,1,1,1,1,25,5,3,0,0,0,0,0,9,5,E01007235,-1,0,0.09692,0.90308,-1,6,20,1,1,1,16:44,7,3,9
2023631365259,2023,631365259,1,1,1,1,20,4,3,0,0,0,0,0,9,5,W01000551,3,1,0.0,1.0,-1,6,60,2,6,2,20:15,6,1,9
2023010438138,2023,010438138,1,1,3,2,21,5,3,6,9,0,0,0,0,4,E01001736,-1,0,0.0,1.0,-1,6,20,1,4,1,00:41,4,2,9
2023141298183,2023,141298183,2,1,1,1,21,5,2,0,0,0,0,0,3,2,E01007414,6,1,1.0,0.0,-1,6,30,1,1,1,15:30,3,2,3
2023161341302,2023,161341302,1,1,1,1,64,9,3,0,0,0,0,0,5,5,E01011749,3,1,0.0,1.0,-1,6,60,1,1,1,10:01,1,2,5
2023122300124,2023,122300124,1,1,1,2,72,10,3,0,0,0,0,0,9,8,E01027859,-1,0,0.08341,0.91659,-1,6,30,1,1,2,11:00,4,4,9
2023411280916,2023,411280916,2,2,2,2,34,6,3,0,0,1,0,0,9,10,E01023568,3,1,0.0,1.0,-1,6,30,1,1,1,08:37,6,2,9
2023421377788,2023,421377788,2,1,2,1,70,10,3,0,0,1,0,0,9,3,E01021427,3,1,0.0,1.0,-1,6,50,1,6,1,16:13,4,2,9
202360A033074,2023,60A033074,2,2,1,2,30,6,3,0,0,0,0,0,9,-1,-1,-1,0,0.06795,0.93205,-1,6,30,2,1,2,16:58,2,2,9
2023421354729,2023,421354729,1,3,2,1,12,3,3,0,0,0,4,0,11,9,E01022061,3,1,0.0,1.0,-1,6,60,1,1,1,08:16,5,2,11
2023010479797,2023,010479797,1,2,3,2,20,4,3,5,2,0,0,0,0,3,E01001749,-1,0,0.0,1.0,-1,6,20,1,1,1,15:54,5,1,4
2023131388381,2023,131388381,1,1,3,1,35,6,3,4,3,0,0,2,0,1,E01010967,3,1,0.0,1.0,-1,1,30,1,4,1,17:22,5,1,90
2023471357750,2023,471357750,1,1,3,1,10,2,3,8,3,0,0,0,0,2,E01020925,3,1,0.0,1.0,-1,6,30,1,1,1,08:30,6,1,9
2023201413534,2023,201413534,2,1,1,2,29,6,3,0,0,0,0,0,9,7,E01029484,3,1,0.0,1.0,-1,3,40,1,1,1,11:50,5,2,9
2023991360630,2023,991360630,1,1,1,2,66,10,3,0,0,0,0,0,9,7,-1,3,1,0.0,1.0,-1,1,60,5,4,2,23:51,7,1,9
2023461394739,2023,461394739,1,1,3,1,29,6,3,5,1,0,0,0,0,-1,-1,3,1,0.0,1.0,-1,6,30,1,4,2,17:11,6,1,9
2023170M10803,2023,170M10803,1,2,2,1,17,4,3,0,0,1,0,0,9,-1,-1,-1,0,0.08019,0.91981,-1,1,50,1,4,1,22:35,2,2,9
2023141380045,2023,141380045,2,2,2,2,-1,-1,3,0,0,0,-1,0,11,-1,-1,3,1,0.0,1.0,-1,3,30,1,1,2,11:38,3,2,11
2023010454601,2023,010454601,1,1,3,2,-1,-1,3,5,3,0,0,0,0,1,E01003511,-1,0,0.0,1.0,-1,6,20,1,1,1,16:51,3,1,9
2023010461175,2023,010461175,1,1,1,1,40,7,3,0,0,0,0,0,1,5,E01003084,-1,0,0.0,1.0,-1,9,30,1,4,1,20:30,5,2,1
2023131321142,2023,131321142,1,1,1,1,41,7,2,0,0,0,0,0,1,1,E01011739,7,1,1.0,0.0,-1,6,30,1,1,1,14:56,2,2,1
2023201379072,2023,201379072,2,1,1,2,47,8,3,0,0,0,0,0,1,10,E01010176,3,1,0.0,1.0,-1,1,30,1,1,1,13:35,4,2,1
2023430371329,2023,430371329,2,1,1,1,40,7,2,0,0,0,0,0,1,6,E01017858,-1,0,1.0,0.0,-1,6,30,1,1,1,14:04,7,2,1
2023122300942,2023,122300942,1,1,1,2,53,8,2,0,0,0,0,0,9,6,E01027736,-1,0,1.0,0.0,-1,6,60,1,1,1,11:08,3,2,9
2023302300481,2023,302300481,2,2,1,2,56,9,3,0,0,0,0,0,9,3,E01013517,-1,0,0.07558,0.92442,-1,6,30,1,4,2,21:40,5,3,9
2023430229031,2023,430229031,1,1,1,2,26,6,3,0,0,0,0,0,9,10,E01016208,-1,0,0.0034,0.9966,-1,6,30,1,1,1,19:35,4,2,9
2023531374634,2023,531374634,1,1,3,1,32,6,3,6,9,0,0,2,0,8,E01022413,3,1,0.0,1.0,-1,6,60,1,6,1,19:20,3,1,9
2023421333430,2023,421333430,1,1,1,1,12,3,2,0,0,0,0,0,1,2,E01021592,7,1,1.0,0.0,-1,6,30,1,1,1,17:00,7,2,1
2023101383324,2023,101383324,2,2,2,2,68,10,1,0,0,1,0,0,9,6,E01027487,1,1,0.0,0.0,-1,6,60,8,6,2,17:47,5,3,9
2023122300470,2023,122300470,2,1,1,2,34,6,3,0,0,0,0,0,9,7,E01027739,-1,0,0.04106,0.95894,-1,6,60,1,1,1,13:18,7,2,9
2023010428652,2023,010428652,1,1,1,2,45,7,2,0,0,0,0,0,1,2,E01000121,-1,0,1.0,0.0,-1,6,30,1,1,1,15:00,4,2,1
2023440376947,2023,440376947,1,1,1,1,59,9,2,0,0,0,0,0,1,5,E01017088,-1,0,1.0,0.0,-1,6,30,1,1,1,14:30,6,2,1
2023010473810,2023,010473810,1,1,1,2,33,6,3,0,0,0,0,0,9,6,E01001917,-1,0,0.0,1.0,-1,6,20,1,1,1,14:53,3,2,9
2023211283699,2023,211283699,1,1,2,2,19,4,3,0,0,1,0,0,9,2,E01029362,3,1,0.0,1.0,-1,6,60,1,6,2,20:34,1,1,9
2023302301754,2023,302301754,1,1,2,1,5,1,3,0,0,1,0,0,9,5,E01019428,-1,0,0.05986,0.94014,-1,6,30,1,4,1,16:40,4,1,9
2023451285978,2023,451285978,1,1,1,2,23,5,3,0,0,0,0,0,9,10,E01030584,3,1,0.0,1.0,-1,6,30,4,1,2,06:30,2,2,9
2023501301204,2023,501301204,1,2,1,1,41,7,3,0,0,0,0,0,9,6,E01019893,3,1,0.0,1.0,-1,6,60,1,1,1,15:00,2,2,9
2023991329200,2023,991329200,1,1,1,2,43,7,3,0,0,0,0,0,9,5,E01028134,3,1,0.0,1.0,-1,6,60,1,1,1,17:30,5,2,9
2023991331234,2023,991331234,2,1,1,1,71,10,3,0,0,0,0,0,9,-1,-1,3,1,0.0,1.0,-1,6,30,1,1,1,15:32,4,2,9
2023351367679,2023,351367679,1,3,2,2,51,8,2,0,0,1,0,0,9,10,E01018283,7,1,1.0,0.0,-1,6,50,1,1,2,15:00,6,4,9
2023522300551,2023,522300551,1,1,1,1,28,6,3,0,0,0,0,0,1,4,E01014485,-1,0,0.05543,0.94457,-1,6,20,1,4,2,01:00,5,2,1
2023161369598,2023,161369598,1,2,1,1,56,9,2,0,0,0,0,0,9,9,E01013365,5,1,1.0,0.0,-1,6,60,1,1,1,16:00,6,2,9
2023161376284,2023,161376284,2,2,2,2,27,6,3,0,0,1,0,0,9,-1,-1,3,1,0.0,1.0,-1,6,60,1,1,1,15:15,6,2,9
2023451339611,2023,451339611,3,3,1,1,41,7,3,0,0,0,0,0,9,1,E01022311,3,1,0.0,1.0,-1,6,60,2,1,2,15:10,3,3,9
2023501326939,2023,501326939,1,1,1,1,33,6,3,0,0,0,0,0,9,6,E01020326,3,1,0.0,1.0,-1,6,60,1,1,1,14:00,5,2,9
2023101384148,2023,101384148,1,1,3,1,12,3,2,1,3,0,0,0,0,1,E01008824,5,1,1.0,0.0,-1,6,30,1,1,2,14:55,3,1,9
2023010445509,2023,010445509,1,2,2,1,31,6,3,0,0,0,0,0,5,2,E01004264,-1,0,0.0,1.0,-1,3,40,1,1,1,18:15,7,1,5
2023332300683,2023,332300683,1,1,1,1,32,6,3,0,0,0,0,0,5,10,E01025616,-1,0,0.01589,0.98411,-1,1,30,1,1,1,09:20,2,2,5
2023010423203,2023,010423203,1,1,1,2,23,5,3,0,0,0,0,0,9,9,E01001422,-1,0,0.0,1.0,-1,1,30,9,4,4,03:05,1,1,9
2023161357437,2023,161357437,1,1,1,1,41,7,3,0,0,0,0,0,9,1,E01012888,3,1,0.0,1.0,-1,7,30,1,1,1,18:23,5,2,9
2023010441948,2023,010441948,2,1,1,2,24,5,2,0,0,0,0,0,1,2,E01003990,-1,0,1.0,0.0,-1,6,30,1,1,1,14:03,3,2,1
2023131381045,2023,131381045,1,1,1,1,26,6,3,0,0,0,0,0,4,4,E01011546,3,1,0.0,1.0,-1,6,30,2,4,2,16:38,5,2,4
2023501301649,2023,501301649,1,1,3,2,48,8,2,10,9,0,0,0,0,5,E01019021,7,1,1.0,0.0,-1,1,30,1,1,1,15:19,1,1,19
2023010480711,2023,010480711,1,1,3,1,-1,-1,3,10,9,0,0,0,0,7,E01003839,-1,0,0.0,1.0,-1,6,20,1,4,2,17:15,2,1,9
2023141281996,2023,141281996,1,1,3,2,13,3,3,9,7,0,0,0,0,1,E01007737,3,1,0.0,1.0,-1,6,40,2,1,2,18:55,4,1,9
2023201274840,2023,201274840,1,1,3,2,6,2,3,1,9,0,0,0,0,2,E01009508,3,1,0.0,1.0,-1,3,30,1,1,1,14:34,6,1,9
2023332301290,2023,332301290,1,1,1,2,30,6,3,0,0,0,0,0,1,1,E01013726,-1,0,0.02267,0.97733,-1,6,30,2,1,2,09:02,6,2,1
2023430243663,2023,430243663,2,1,1,1,63,9,2,0,0,0,0,0,1,9,E01028724,-1,0,1.0,0.0,-1,6,30,1,1,1,13:35,7,2,1
2023010444504,2023,010444504,1,1,1,1,45,7,3,0,0,0,0,0,9,2,E01004327,-1,0,0.0,1.0,-1,1,30,1,1,1,18:22,2,2,9
2023010470647,2023,010470647,1,1,1,1,35,6,3,0,0,0,0,0,9,3,E01000107,-1,0,0.0,1.0,-1,2,30,1,1,1,20:30,1,2,9
2023340WN2932,2023,340WN2932,2,1,1,2,49,8,3,0,0,0,0,0,9,6,E01027220,-1,0,0.05676,0.94324,-1,6,40,1,1,1,16:08,5,2,9
2023302300253,2023,302300253,2,2,1,2,34,6,3,0,0,0,0,0,9,5,E01032586,-1,0,0.00545,0.99455,-1,6,30,8,1,2,08:35,4,2,9
2023340WN7122,2023,340WN7122,2,1,1,2,35,6,3,0,0,0,0,0,9,6,E01032977,-1,0,0.00919,0.99081,-1,1,30,1,4,1,19:15,1,2,9
2023031334451,2023,031334451,2,1,2,2,47,8,3,0,0,0,4,0,11,3,E01019211,3,1,0.0,1.0,-1,6,30,1,1,1,13:45,6,2,11
2023531278687,2023,531278687,2,2,1,1,80,11,3,0,0,0,0,0,19,4,E01022149,3,1,0.0,1.0,-1,3,50,1,1,2,06:50,3,2,19
2023071199641,2023,071199641,2,1,1,2,30,6,3,0,0,0,0,0,9,1,E01018745,-1,0,0.01022,0.98978,-1,6,30,1,1,1,11:30,3,2,9
2023131321199,2023,131321199,2,1,1,1,45,7,3,0,0,0,0,0,9,1,E01010821,3,1,0.0,1.0,-1,3,40,1,1,1,06:55,4,2,9
2023552300672,2023,552300672,2,1,1,2,35,6,3,0,0,0,0,0,9,1,E01015279,-1,0,0.01716,0.98284,-1,6,30,1,1,1,18:05,4,2,9
2023010441765,2023,010441765,2,2,1,1,37,7,3,0,0,0,0,0,19,3,E01003193,-1,0,0.0,1.0,-1,6,30,1,1,1,10:50,2,3,19
2023991352880,2023,991352880,2,1,1,1,21,5,3,0,0,0,0,0,1,10,-1,3,1,0.0,1.0,-1,1,30,1,1,1,09:12,6,2,1
2023010456521,2023,010456521,2,1,1,2,29,6,3,0,0,0,0,0,3,7,E01023892,-1,0,0.0,1.0,-1,6,30,1,1,1,16:56,6,2,3
2023010458045,2023,010458045,1,1,1,1,49,8,3,0,0,0,0,0,8,3,E01021328,-1,0,0.0,1.0,-1,3,30,1,1,1,16:55,6,2,8
2023231286404,2023,231286404,1,1,1,1,30,6,3,0,0,0,0,0,9,3,E01014357,3,1,0.0,1.0,-1,3,70,1,1,1,15:27,1,2,9
2023430271936,2023,430271936,1,1,1,2,80,11,3,0,0,0,0,0,9,7,E01017705,-1,0,0.1232,0.8768,-1,6,60,1,1,1,18:09,3,2,9
2023501303743,2023,501303743,1,1,1,1,62,9,3,0,0,0,0,0,9,-1,-1,3,1,0.0,1.0,-1,6,30,5,1,2,15:30,3,2,9
202360A109273,2023,60A109273,2,2,1,2,78,11,3,0,0,0,0,0,9,-1,-1,-1,0,0.12869,0.87131,-1,6,30,1,1,1,20:38,3,2,9
2023201288501,2023,201288501,2,1,2,1,75,10,3,0,0,1,0,0,9,4,E01029729,3,1,0.0,1.0,-1,3,40,1,4,1,17:23,6,3,9
2023451315237,2023,451315237,1,1,1,1,23,5,3,0,0,0,0,0,9,5,E01030982,3,1,0.0,1.0,-1,6,60,1,6,1,02:00,3,1,9
2023991362767,2023,991362767,2,2,1,1,58,9,3,0,0,0,0,0,19,9,-1,3,1,0.0,1.0,-1,6,60,1,1,2,18:10,6,2,19
2023010452007,2023,010452007,1,1,1,2,29,6,3,0,0,0,0,0,3,3,E01001552,-1,0,0.0,1.0,-1,6,30,1,1,1,15:11,4,3,3
2023131290464,2023,131290464,2,1,1,1,18,4,2,0,0,0,0,0,3,1,E01010635,7,1,1.0,0.0,-1,6,30,1,1,1,14:12,7,2,3
2023010469396,2023,010469396,1,1,3,1,25,5,2,5,3,0,0,0,0,3,E01004536,-1,0,1.0,0.0,-1,6,20,1,4,1,20:30,1,1,9
2023041300898,2023,041300898,1,3,2,2,16,4,3,0,0,1,0,0,9,8,E01025420,3,1,0.0,1.0,-1,6,60,1,6,1,22:40,3,1,9
2023041335520,2023,041335520,2,2,1,1,35,6,3,0,0,0,0,0,9,1,E01012670,3,1,0.0,1.0,-1,3,30,2,4,2,20:45,4,3,9
2023052301601,2023,052301601,2,3,2,1,7,2,3,0,0,1,0,0,9,1,E01033228,-1,0,0.0162,0.9838,-1,6,30,1,1,1,16:00,3,4,9
2023201289070,2023,201289070,2,1,1,1,31,6,3,0,0,0,0,0,9,10,E01009854,3,1,0.0,1.0,-1,6,30,2,4,2,23:56,4,2,9
2023201293145,2023,201293145,1,1,1,2,31,6,3,0,0,0,0,0,9,1,E01010483,3,1,0.0,1.0,-1,6,30,6,1,3,09:11,5,1,9
2023131377762,2023,131377762,2,1,1,2,45,7,3,0,0,0,0,0,1,3,E01011234,3,1,0.0,1.0,-1,6,30,1,4,1,07:15,4,2,1
2023430464788,2023,430464788,1,1,1,1,25,5,3,0,0,0,0,0,1,3,E01016464,-1,0,0.05189,0.94811,-1,6,30,1,1,1,15:57,1,2,1
2023131345556,2023,131345556,2,1,1,1,17,4,3,0,0,0,0,0,3,6,E01010945,3,1,0.0,1.0,-1,3,40,1,1,1,15:20,6,2,3
2023461343741,2023,461343741,2,1,1,2,34,6,3,0,0,0,0,0,1,10,E01024782,3,1,0.0,1.0,-1,6,40,1,1,1,19:30,4,2,1
2023141289570,2023,141289570,2,1,1,1,45,7,3,0,0,0,0,0,9,-1,-1,3,1,0.0,1.0,-1,6,30,1,1,1,10:35,4,2,9
2023141291298,2023,141291298,1,3,1,1,77,11,2,0,0,0,0,0,9,7,E01007689,6,1,1.0,0.0,-1,3,40,2,1,2,10:31,3,2,9
2023440375574,2023,440375574,1,1,1,1,79,11,2,0,0,0,0,0,9,9,E01022536,-1,0,1.0,0.0,-1,6,60,1,1,1,11:36,5,2,9
2023451309001,2023,451309001,1,1,1,1,32,6,3,0,0,0,0,0,9,10,E01030773,3,1,0.0,1.0,-1,7,20,1,1,1,15:40,4,2,9
2023440167588,2023,440167588,1,1,3,1,36,7,2,9,8,0,0,0,0,2,E01017133,-1,0,1.0,0.0,-1,6,30,1,4,1,03:08,7,1,9
2023010436327,2023,010436327,2,2,1,1,30,6,3,0,0,0,0,0,3,3,E01033464,-1,0,0.0,1.0,-1,3,20,1,1,1,13:38,6,2,3
2023010480000,2023,010480000,1,1,1,1,44,7,3,0,0,0,0,0,9,-1,-1,-1,0,0.0,1.0,-1,1,30,1,1,1,14:41,6,2,9
2023031363053,2023,031363053,1,1,1,2,69,10,3,0,0,0,0,0,9,-1,-1,3,1,0.0,1.0,-1,1,60,1,1,1,14:24,1,2,9
2023141340965,2023,141340965,3,3,1,1,25,5,3,0,0,0,0,0,9,10,E01012302,3,1,0.0,1.0,-1,3,70,1,1,1,12:45,6,4,9
2023221379914,2023,221379914,1,1,3,2,64,9,2,5,1,0,0,0,0,4,E01014158,6,1,1.0,0.0,-1,6,30,1,4,1,17:20,4,1,9
2023302300334,2023,302300334,2,1,1,1,29,6,3,0,0,0,0,0,1,6,E01025925,-1,0,0.15207,0.84793,-1,6,30,1,4,1,19:08,6,2,1
2023010452413,2023,010452413,1,1,1,1,22,5,2,0,0,0,0,0,3,4,E01002088,-1,0,1.0,0.0,-1,6,20,1,1,1,16:05,6,2,3
2023131316148,2023,131316148,1,1,1,1,19,4,2,0,0,0,0,0,9,3,E01011670,7,1,1.0,0.0,-1,3,30,1,4,1,02:26,5,1,9
2023522400623,2023,522400623,1,1,3,1,33,6,2,9,5,0,0,0,0,9,E01022418,-1,0,1.0,0.0,-1,6,20,1,4,4,18:15,7,5,9
2023010458753,2023,010458753,1,1,1,1,17,4,3,0,0,0,0,0,3,4,E01001087,-1,0,0.0,1.0,-1,6,20,1,1,1,19:09,5,2,3
2023031386949,2023,031386949,1,1,2,2,79,11,2,0,0,1,0,0,9,8,E01018434,7,1,1.0,0.0,-1,6,60,1,6,2,18:00,2,2,9
2023101342594,2023,101342594,4,7,2,2,62,9,3,0,0,1,0,0,9,3,E01008537,3,1,0.0,1.0,-1,6,40,1,1,1,15:10,4,4,9
2023461305145,2023,461305145,2,1,1,1,34,6,3,0,0,0,0,0,1,6,E01023979,3,1,0.0,1.0,-1,6,60,1,7,1,22:40,5,2,1
2023501296984,2023,501296984,1,1,1,1,18,4,2,0,0,0,0,0,3,4,E01015169,6,1,1.0,0.0,-1,6,40,1,1,1,13:31,7,2,3
2023041373476,2023,041373476,2,2,1,1,26,6,3,0,0,0,0,0,9,3,E01025578,3,1,0.0,1.0,-1,6,30,1,4,1,21:56,7,2,9
2023070260055,2023,070260055,1,2,2,2,17,4,3,0,0,1,0,0,9,9,E01018381,-1,0,0.01299,0.98701,-1,6,30,1,1,1,18:05,2,1,9
2023340NN2552,2023,340NN2552,1,1,1,1,18,4,3,0,0,0,0,0,9,4,E01033178,-1,0,0.0764,0.9236,-1,6,60,1,1,1,07:20,4,2,9
2023010440513,2023,010440513,1,2,2,2,-1,-1,3,0,0,9,0,0,9,1,E01002091,-1,0,0.0,1.0,-1,6,30,1,1,1,12:11,2,2,9
2023061338090,2023,061338090,1,1,1,1,35,6,3,0,0,0,0,0,9,-1,-1,3,1,0.0,1.0,-1,6,30,2,1,2,05:45,1,2,9
2023131384072,2023,131384072,1,2,1,2,34,6,3,0,0,0,0,0,9,3,E01010747,3,1,0.0,1.0,-1,6,30,2,5,2,15:27,5,2,9
2023201266872,2023,201266872,1,2,2,1,22,5,2,0,0,1,0,0,9,1,E01010060,7,1,1.0,0.0,-1,3,60,2,1,2,15:26,4,1,9
2023622400011,2023,622400011,1,4,2,1,19,4,1,0,0,2,0,0,9,7,W01001230,-1,0,0.0,0.0,-1,6,20,2,4,2,19:01,2,2,9
2023371343763,2023,371343763,1,1,1,1,10,2,3,0,0,0,0,0,1,2,E01029996,3,1,0.0,1.0,-1,6,30,1,1,1,15:30,2,2,1
2023320172293,2023,320172293,1,1,3,2,81,11,2,6,9,0,0,0,0,8,E01026065,-1,0,1.0,0.0,-1,6,30,9,1,1,08:30,7,1,9
2023010466167,2023,010466167,1,1,1,2,34,6,3,0,0,0,0,0,9,9,E01000656,-1,0,0.0,1.0,-1,6,30,1,1,1,11:40,6,2,9
2023161294089,2023,161294089,2,1,1,1,66,10,3,0,0,0,0,0,9,6,E01013267,3,1,0.0,1.0,-1,6,50,2,5,2,16:17,4,2,9
2023522300893,2023,522300893,1,1,1,2,49,8,3,0,0,0,0,0,9,6,E01014914,-1,0,0.0358,0.9642,-1,6,40,9,1,1,13:22,2,2,9
2023991335109,2023,991335109,1,1,2,1,7,2,3,0,0,1,0,0,9,5,-1,3,1,0.0,1.0,-1,6,60,2,6,2,23:43,7,2,9
2023010424984,2023,010424984,1,1,1,1,36,7,3,0,0,0,0,0,1,2,E01004384,-1,0,0.0,1.0,-1,1,30,1,1,1,17:05,5,3,1
2023010461093,2023,010461093,1,1,1,1,23,5,3,0,0,0,0,0,3,4,E01015327,-1,0,0.0,1.0,-1,6,20,1,1,1,17:00,5,2,3
2023010474124,2023,010474124,2,1,1,1,48,8,3,0,0,0,0,0,5,3,E01003976,-1,0,0.0,1.0,-1,3,20,1,1,2,10:30,5,2,5
2023010447620,2023,010447620,1,1,1,2,82,11,3,0,0,0,0,0,9,10,E01002390,-1,0,0.0,1.0,-1,7,60,1,1,1,15:14,4,2,9
2023010453431,2023,010453431,1,1,1,2,55,8,3,0,0,0,0,0,9,2,E01004010,-1,0,0.0,1.0,-1,6,20,1,1,1,19:43,2,1,9
2023010466898,2023,010466898,1,4,2,1,18,4,3,0,0,1,0,0,9,-1,-1,-1,0,0.0,1.0,-1,6,30,9,1,9,14:33,1,2,9
2023010442349,2023,010442349,2,1,1,1,29,6,3,0,0,0,0,0,1,5,E01004701,-1,0,0.0,1.0,-1,6,20,1,1,1,11:24,5,2,1
2023010483858,2023,010483858,1,1,1,1,50,8,3,0,0,0,0,0,1,1,E01002066,-1,0,0.0,1.0,-1,9,20,9,1,1,19:00,7,2,1
2023231285016,2023,231285016,2,1,1,1,36,7,3,0,0,0,0,0,1,5,E01031163,3,1,0.0,1.0,-1,6,30,1,1,1,15:45,3,2,1
2023501312489,2023,501312489,1,1,1,1,45,7,2,0,0,0,0,0,1,4,E01020017,6,1,1.0,0.0,-1,6,30,1,1,1,14:55,1,2,1
2023201303295,2023,201303295,2,1,1,1,40,7,3,0,0,0,0,0,9,1,E01010526,3,1,0.0,1.0,-1,3,40,1,1,2,16:21,5,2,9
2023411287053,2023,411287053,2,1,1,1,57,9,3,0,0,0,0,0,9,8,E01023884,3,1,0.0,1.0,-1,6,30,1,1,1,17:12,2,2,9
2023010450922,2023,010450922,1,1,1,1,58,9,2,0,0,0,0,0,5,7,E01032829,-1,0,1.0,0.0,-1,6,20,1,1,1,07:30,6,2,5
2023041347815,2023,041347815,2,1,1,2,49,8,3,0,0,0,0,0,9,9,E01025553,3,1,0.0,1.0,-1,6,30,1,1,1,16:50,7,2,9
2023351349467,2023,351349467,2,1,1,2,67,10,3,0,0,0,0,0,9,9,E01007898,3,1,0.0,1.0,-1,3,70,1,1,1,13:30,2,2,9
2023411352118,2023,411352118,1,1,1,1,31,6,2,0,0,0,0,0,9,6,E01023784,7,1,1.0,0.0,-1,3,60,1,1,1,13:40,4,2,9
2023552301338,2023,552301338,1,1,1,2,26,6,2,0,0,0,0,0,9,5,E01020536,-1,0,1.0,0.0,-1,6,30,2,4,2,01:21,7,1,9
2023991361539,2023,991361539,1,2,2,1,14,3,3,0,0,1,0,0,9,9,-1,3,1,0.0,1.0,-1,6,40,1,6,1,21:40,2,1,9
2023471346775,2023,471346775,1,1,3,1,52,8,3,1,1,0,0,0,0,1,E01020980,3,1,0.0,1.0,-1,6,30,1,1,1,16:40,4,1,9
2023361297241,2023,361297241,2,1,1,1,49,8,3,0,0,0,0,0,1,3,E01026696,3,1,0.0,1.0,-1,6,40,1,1,1,15:50,4,2,1
2023131380175,2023,131380175,1,2,2,2,84,11,3,0,0,1,0,0,9,8,E01011826,3,1,0.0,1.0,-1,3,70,1,4,1,01:50,4,2,9
2023501331584,2023,501331584,2,4,2,2,51,8,3,0,0,2,0,0,9,-1,-1,3,1,0.0,1.0,-1,6,60,1,1,1,15:05,5,2,9
2023061278732,2023,061278732,2,1,1,1,23,5,3,0,0,0,0,0,9,5,E01032914,3,1,0.0,1.0,-1,3,30,1,4,1,19:00,3,2,9
2023141306924,2023,141306924,1,1,1,1,61,9,3,0,0,0,0,0,9,-1,-1,3,1,0.0,1.0,-1,6,30,1,1,1,16:50,6,2,9