collision_index,collision_year,collision_ref_no,vehicle_reference,casualty_reference,casualty_class,sex_of_casualty,age_of_casualty,age_band_of_casualty,casualty_severity,pedestrian_location,pedestrian_movement,car_passenger,bus_or_coach_passenger,pedestrian_road_maintenance_worker,casualty_type,casualty_imd_decile,lsoa_of_casualty,enhanced_casualty_severity,casualty_injury_based,casualty_adjusted_severity_serious,casualty_adjusted_severity_slight,casualty_distance_banding,road_type,speed_limit,weather_conditions,light_conditions,road_surface_conditions,time,day_of_week,number_of_vehicles,vehicle_type
2023052302016,2023,052302016,1,1,1,1,40,7,2,0,0,0,0,0,3,1,E01033759,-1,0,1.0,0.0,-1,3,40,1,1,2,10:20,1,2,3
2023161276313,2023,161276313,2,1,1,1,39,7,3,0,0,0,0,0,9,1,E01007634,3,1,0.0,1.0,-1,6,60,7,6,1,19:00,3,2,9
2023340WN0642,2023,340WN0642,1,1,1,1,79,11,3,0,0,0,0,0,9,9,E01020417,-1,0,0.16261,0.83739,-1,3,70,1,1,1,13:52,5,1,9
2023451300314,2023,451300314,3,2,1,2,54,8,3,0,0,0,0,0,9,10,E01030811,3,1,0.0,1.0,-1,6,50,1,1,1,15:35,1,3,9
2023052301580,2023,052301580,1,1,3,2,8,2,3,5,1,0,0,0,0,1,E01006880,-1,0,0.15883,0.84117,-1,6,30,1,1,1,19:50,7,1,9
2023451285853,2023,451285853,1,1,1,1,25,5,3,0,0,0,0,0,5,7,E01031539,3,1,0.0,1.0,-1,3,50,1,1,1,12:30,1,1,5
2023201310461,2023,201310461,2,1,2,2,4,1,2,0,0,2,0,0,9,1,E01009298,7,1,1.0,0.0,-1,6,30,2,1,2,10:29,6,3,9
2023421366851,2023,421366851,2,1,1,1,56,9,3,0,0,0,0,0,23,7,E01022088,3,1,0.0,1.0,-1,6,40,1,4,2,00:30,3,2,23
2023361290822,2023,361290822,1,1,3,1,7,2,3,5,3,0,0,0,0,1,E01026625,3,1,0.0,1.0,-1,6,30,1,1,2,18:00,2,1,9
2023010434955,2023,010434955,1,1,1,1,25,5,3,0,0,0,0,0,9,3,E01003587,-1,0,0.0,1.0,-1,6,30,1,4,1,22:43,3,2,9
2023010462451,2023,010462451,1,1,1,1,40,7,3,0,0,0,0,0,9,2,E01003950,-1,0,0.0,1.0,-1,6,30,1,4,1,00:20,7,2,9
2023041359114,2023,041359114,1,1,1,1,69,10,3,0,0,0,0,0,9,7,E01024923,3,1,0.0,1.0,-1,6,30,1,6,1,19:30,3,2,9
2023440170480,2023,440170480,2,2,1,1,19,4,3,0,0,0,0,0,9,3,E01022959,-1,0,0.04164,0.95836,-1,6,30,1,1,1,17:09,2,2,9
2023471392395,2023,471392395,1,1,1,1,17,4,3,0,0,0,0,0,9,7,E01021093,3,1,0.0,1.0,-1,6,60,1,1,2,14:13,4,1,9
2023411383345,2023,411383345,1,1,3,2,26,6,3,9,9,0,0,0,0,7,E01024347,3,1,0.0,1.0,-1,6,30,1,1,1,10:17,1,2,9
2023071191610,2023,071191610,4,1,1,1,36,7,3,0,0,0,0,0,9,8,E01018465,-1,0,0.01392,0.98608,-1,3,70,1,1,1,15:24,1,5,9
202360A196802,2023,60A196802,2,1,1,2,26,6,3,0,0,0,0,0,9,-1,-1,-1,0,0.0246,0.9754,-1,6,40,1,4,2,18:25,6,2,9
2023010456891,2023,010456891,1,1,2,2,-1,-1,3,0,0,2,0,0,9,4,E01000559,-1,0,0.0,1.0,-1,1,40,1,4,1,23:55,1,2,9
2023201377769,2023,201377769,1,1,1,2,31,6,3,0,0,0,0,0,9,-1,-1,3,1,0.0,1.0,-1,6,30,1,1,1,21:19,7,2,9
2023522300620,2023,522300620,1,1,1,1,29,6,3,0,0,0,0,0,1,4,E01014527,-1,0,0.03964,0.96036,-1,6,30,1,4,1,19:45,6,2,1
2023552301009,2023,552301009,1,1,1,1,27,6,3,0,0,0,0,0,3,4,E01032645,-1,0,0.20089,0.79911,-1,6,60,1,1,1,12:20,5,2,3
2023071290940,2023,071290940,1,1,1,1,19,4,3,0,0,0,0,0,19,7,E01018673,-1,0,0.05653,0.94347,-1,6,40,5,6,2,07:40,3,1,19
2023461363662,2023,461363662,1,1,1,1,49,8,3,0,0,0,0,0,1,7,E01024554,3,1,0.0,1.0,-1,6,20,1,1,1,10:00,4,2,1
2023010460529,2023,010460529,1,1,1,1,87,11,3,0,0,0,0,0,9,8,E01002290,-1,0,0.0,1.0,-1,6,30,2,1,2,12:10,2,1,9
2023041316048,2023,041316048,6,5,1,1,46,8,2,0,0,0,0,0,9,-1,-1,7,1,1.0,0.0,-1,7,70,1,1,1,17:35,3,7,9
2023101355702,2023,101355702,1,2,2,2,5,1,3,0,0,2,0,0,9,4,E01008445,3,1,0.0,1.0,-1,3,30,1,1,1,14:50,7,2,9
2023201387349,2023,201387349,2,1,1,1,27,6,3,0,0,0,0,0,9,-1,-1,3,1,0.0,1.0,-1,6,30,1,5,1,09:00,1,2,9
2023501306016,2023,501306016,2,1,1,1,38,7,3,0,0,0,0,0,9,9,E01015064,3,1,0.0,1.0,-1,3,70,1,1,1,06:18,5,3,9
2023991312170,2023,991312170,2,3,2,2,19,4,3,0,0,1,0,0,9,-1,-1,3,1,0.0,1.0,-1,3,70,1,1,1,15:00,7,2,9
2023010448333,2023,010448333,1,1,3,1,12,3,2,5,4,0,0,0,0,2,E01003523,-1,0,1.0,0.0,-1,6,30,1,1,1,13:25,1,1,9
2023041347130,2023,041347130,1,1,3,2,19,4,2,1,3,0,0,0,0,3,E01012615,7,1,1.0,0.0,-1,6,30,1,1,1,07:30,5,1,9
2023131347670,2023,131347670,3,1,1,1,29,6,3,0,0,0,0,0,9,2,E01011104,3,1,0.0,1.0,-1,6,40,1,1,1,11:11,6,3,9
2023211313512,2023,211313512,2,1,1,1,76,11,3,0,0,0,0,0,9,7,E01028899,3,1,0.0,1.0,-1,7,30,1,1,1,15:31,5,3,9
2023010475589,2023,010475589,1,1,3,2,32,6,3,5,3,0,0,1,0,4,E01003447,-1,0,0.0,1.0,-1,6,30,2,4,2,18:40,4,1,3
2023231369282,2023,231369282,1,1,3,2,12,3,3,5,2,0,0,0,0,-1,-1,3,1,0.0,1.0,-1,6,30,1,1,1,16:12,2,1,9
2023170H10473,2023,170H10473,1,1,1,1,65,9,3,0,0,0,0,0,9,1,E01008345,-1,0,0.12616,0.87384,-1,3,50,1,1,1,15:15,3,2,9
2023010468066,2023,010468066,1,2,2,1,17,4,2,0,0,0,0,0,3,5,E01002801,-1,0,1.0,0.0,-1,6,20,1,1,1,06:46,2,3,3
2023351387692,2023,351387692,1,1,1,1,67,10,3,0,0,0,0,0,21,5,E01018187,3,1,0.0,1.0,-1,3,70,1,1,1,11:45,6,3,21
2023041299797,2023,041299797,2,1,2,2,7,2,3,0,0,2,0,0,9,2,E01025268,3,1,0.0,1.0,-1,6,20,1,1,1,13:20,7,2,9
2023401313447,2023,401313447,2,2,1,1,83,11,3,0,0,0,0,0,9,9,E01026360,3,1,0.0,1.0,-1,3,40,1,4,1,21:35,3,2,9
2023461307617,2023,461307617,4,2,1,1,42,7,3,0,0,0,0,0,9,6,E01021502,3,1,0.0,1.0,-1,3,70,2,1,2,19:25,3,6,9
2023991271042,2023,991271042,2,1,1,1,28,6,3,0,0,0,0,0,1,-1,-1,3,1,0.0,1.0,-1,1,20,1,1,1,14:00,4,2,1
2023010447606,2023,010447606,1,2,2,2,17,4,3,0,0,9,0,0,9,6,E01003786,-1,0,0.0,1.0,-1,6,30,1,1,1,14:00,4,1,9
2023141361251,2023,141361251,1,1,2,2,19,4,3,0,0,1,0,0,9,10,E01019830,3,1,0.0,1.0,-1,6,30,1,4,1,21:58,2,1,9
2023231285457,2023,231285457,2,2,1,1,63,9,3,0,0,0,0,0,9,4,E01031008,3,1,0.0,1.0,-1,3,30,1,1,1,16:59,7,2,9
2023302300185,2023,302300185,1,3,1,1,48,8,3,0,0,0,0,0,9,3,E01033273,-1,0,0.10009,0.89991,-1,6,50,1,1,2,08:30,4,2,9
2023010439965,2023,010439965,2,1,1,2,36,7,3,0,0,0,0,0,9,7,E01002514,-1,0,0.0,1.0,-1,3,40,1,1,1,10:44,6,2,9
2023161331218,2023,161331218,2,2,1,2,39,7,3,0,0,0,0,0,9,10,E01013091,3,1,0.0,1.0,-1,6,60,2,1,2,18:45,4,2,9
2023221305585,2023,221305585,1,1,1,1,46,8,3,0,0,0,0,0,9,1,E01010364,3,1,0.0,1.0,-1,3,70,1,4,1,22:11,2,1,9
2023440178168,2023,440178168,2,3,2,1,19,4,3,0,0,1,0,0,9,5,E01017136,-1,0,0.04931,0.95069,-1,6,30,1,1,2,13:50,7,2,9
2023061363288,2023,061363288,2,1,2,2,12,3,3,0,0,-1,0,0,9,2,E01005553,3,1,0.0,1.0,-1,6,20,1,1,-1,15:13,6,2,9
2023631331934,2023,631331934,1,1,1,2,53,8,3,0,0,0,0,0,9,1,W01001301,3,1,0.0,1.0,-1,6,40,1,1,1,13:30,6,1,9
2023010425801,2023,010425801,1,1,3,1,12,3,3,5,3,0,0,0,0,7,E01001036,-1,0,0.0,1.0,-1,2,30,1,1,1,07:36,3,1,11
2023052302891,2023,052302891,1,1,3,2,92,11,1,1,1,0,0,0,0,2,E01012377,-1,0,0.0,0.0,-1,6,20,2,4,2,17:54,1,1,9
2023421324943,2023,421324943,1,1,3,2,24,5,1,5,1,0,0,0,0,-1,-1,1,1,0.0,0.0,-1,6,40,1,1,1,10:30,1,1,9
2023332300800,2023,332300800,2,1,1,1,51,8,3,0,0,0,0,0,1,9,E01013703,-1,0,0.05096,0.94904,-1,6,30,1,1,1,14:30,6,2,1
2023041284638,2023,041284638,1,2,2,2,22,5,3,0,0,2,0,0,9,7,E01025559,3,1,0.0,1.0,-1,6,50,1,1,1,17:08,4,1,9
2023991285676,2023,991285676,1,2,2,1,64,9,3,0,0,1,0,0,9,7,-1,3,1,0.0,1.0,-1,6,60,1,1,1,10:52,5,2,9
2023041313543,2023,041313543,2,1,1,1,31,6,3,0,0,0,0,0,5,1,E01012739,3,1,0.0,1.0,-1,6,30,1,1,1,18:50,4,2,5
2023010481800,2023,010481800,2,3,1,1,21,5,3,0,0,0,0,0,9,5,E01003706,-1,0,0.0,1.0,-1,2,30,2,4,2,20:50,1,2,9
2023991333327,2023,991333327,2,2,1,1,65,9,3,0,0,0,0,0,9,5,E01033715,3,1,0.0,1.0,-1,6,60,1,1,2,14:00,3,2,9
2023991351641,2023,991351641,2,1,1,2,41,7,3,0,0,0,0,0,9,5,-1,3,1,0.0,1.0,-1,7,30,1,1,1,19:50,2,3,9
2023010485619,2023,010485619,1,1,2,1,79,11,2,0,0,0,1,0,11,2,E01003984,-1,0,1.0,0.0,-1,3,20,9,1,9,14:30,6,1,11
2023631361779,2023,631361779,1,1,2,1,37,7,3,0,0,0,0,0,19,8,W01000447,3,1,0.0,1.0,-1,6,60,1,1,2,16:00,4,2,19
2023010468330,2023,010468330,2,1,1,1,44,7,3,0,0,0,0,0,1,4,E01032639,-1,0,0.0,1.0,-1,6,20,1,1,1,07:04,3,2,1
2023131320500,2023,131320500,1,1,3,1,6,2,2,8,3,0,0,1,0,-1,-1,7,1,1.0,0.0,-1,6,20,1,1,1,18:35,2,1,9
2023161342519,2023,161342519,2,1,3,1,12,3,3,8,7,0,0,2,0,4,E01013146,3,1,0.0,1.0,-1,6,30,1,6,1,20:45,4,2,1
2023501349165,2023,501349165,1,1,1,1,19,4,3,0,0,0,0,0,3,8,E01020003,3,1,0.0,1.0,-1,6,60,1,1,1,12:52,6,1,3
2023552300459,2023,552300459,1,1,1,2,31,6,3,0,0,0,0,0,9,7,E01020361,-1,0,0.05836,0.94164,-1,6,40,1,1,2,08:55,6,3,9
2023610014023,2023,610014023,3,2,1,1,61,9,3,0,0,0,0,0,9,1,W01001381,-1,0,0.08411,0.91589,-1,6,40,1,1,1,10:18,6,3,9
2023320614702,2023,320614702,2,1,1,1,51,8,3,0,0,0,0,0,19,4,E01026060,-1,0,0.10099,0.89901,-1,6,60,1,1,1,17:22,3,2,19
2023010455823,2023,010455823,1,1,1,1,42,7,3,0,0,0,0,0,9,4,E01004232,-1,0,0.0,1.0,-1,6,20,1,1,1,08:40,3,2,9
2023101389252,2023,101389252,2,2,2,2,9,2,3,0,0,2,0,0,9,-1,-1,3,1,0.0,1.0,-1,6,30,1,4,1,17:30,7,2,9
2023440428940,2023,440428940,2,1,1,2,31,6,3,0,0,0,0,0,9,5,E01016218,-1,0,0.02038,0.97962,-1,3,40,1,1,1,17:44,5,2,9
2023451296809,2023,451296809,2,2,1,2,52,8,2,0,0,0,0,0,9,10,E01030319,7,1,1.0,0.0,-1,6,30,1,1,2,17:29,6,3,9
2023991319547,2023,991319547,1,1,1,1,44,7,3,0,0,0,0,0,9,4,-1,3,1,0.0,1.0,-1,1,30,1,1,1,15:15,6,1,9
2023520301162,2023,520301162,2,2,1,1,24,5,3,0,0,0,0,0,20,3,E01029280,-1,0,0.06207,0.93793,-1,6,50,1,1,1,10:07,5,3,20
2023141331235,2023,141331235,1,1,1,2,13,3,2,0,0,0,0,0,-1,4,E01008142,7,1,1.0,0.0,-1,6,20,1,1,1,19:37,4,2,-1
2023041353575,2023,041353575,1,1,3,2,8,2,3,8,3,0,0,2,0,1,E01025250,3,1,0.0,1.0,-1,6,30,1,1,1,19:07,7,1,9
2023361263150,2023,361263150,2,1,1,1,36,7,2,0,0,0,0,0,5,7,E01030288,6,1,1.0,0.0,-1,6,60,1,6,1,18:10,6,2,5
2023010421560,2023,010421560,1,1,1,1,23,5,3,0,0,0,0,0,9,1,E01002857,-1,0,0.0,1.0,-1,6,20,1,4,1,19:03,7,2,9
2023061393642,2023,061393642,2,1,2,2,25,5,3,0,0,1,0,0,9,8,E01014553,3,1,0.0,1.0,-1,6,40,2,1,2,11:33,7,2,9
2023361282686,2023,361282686,1,2,1,1,87,11,3,0,0,0,0,0,9,4,E01026765,3,1,0.0,1.0,-1,6,60,1,1,1,12:05,5,2,9
2023371275208,2023,371275208,2,1,1,1,65,9,3,0,0,0,0,0,9,4,E01026468,3,1,0.0,1.0,-1,3,70,1,6,1,17:50,7,5,9
2023411370170,2023,411370170,2,2,1,1,24,5,3,0,0,0,0,0,9,9,E01032957,3,1,0.0,1.0,-1,6,60,1,6,2,17:33,2,2,9
2023451368475,2023,451368475,1,2,2,1,8,2,3,0,0,2,0,0,9,8,E01030552,3,1,0.0,1.0,-1,6,30,9,1,1,09:30,5,2,9
2023041258740,2023,041258740,1,1,3,1,15,3,3,5,1,0,0,0,0,1,E01025297,3,1,0.0,1.0,-1,6,30,1,4,2,19:58,1,1,9
2023141387972,2023,141387972,1,1,3,1,39,7,3,6,9,0,0,0,0,-1,-1,3,1,0.0,1.0,-1,3,40,2,4,2,21:25,3,1,9
2023421394725,2023,421394725,1,1,3,1,42,7,2,1,9,0,0,0,0,9,E01015850,7,1,1.0,0.0,-1,6,30,1,4,1,20:30,5,1,9
2023010425406,2023,010425406,2,1,1,1,26,6,2,0,0,0,0,0,1,2,E01000509,-1,0,1.0,0.0,-1,2,20,1,4,1,23:19,7,2,1
2023010452079,2023,010452079,1,1,1,1,33,6,3,0,0,0,0,0,1,3,E01003099,-1,0,0.0,1.0,-1,1,20,1,1,1,19:00,4,2,1
2023421360450,2023,421360450,2,1,1,1,34,6,2,0,0,0,0,0,1,5,E01021680,7,1,1.0,0.0,-1,1,30,1,4,1,21:13,6,2,1
2023141280667,2023,141280667,2,2,2,1,40,7,3,0,0,1,0,0,9,2,E01007451,3,1,0.0,1.0,-1,6,30,1,4,1,21:25,1,2,9
2023522324641,2023,522324641,1,1,1,2,40,7,3,0,0,0,0,0,9,7,E01014698,-1,0,0.00342,0.99658,-1,6,30,1,1,1,18:47,2,2,9
2023991348482,2023,991348482,1,1,3,2,71,10,2,5,4,0,0,0,0,1,-1,7,1,1.0,0.0,-1,6,30,1,1,1,10:05,2,1,9
2023041281051,2023,041281051,2,1,1,1,37,7,3,0,0,0,0,0,1,5,E01025580,3,1,0.0,1.0,-1,1,40,1,4,1,06:05,2,2,1
2023461271307,2023,461271307,2,1,1,1,54,8,3,0,0,0,0,0,1,8,E01024043,3,1,0.0,1.0,-1,6,50,1,1,1,10:15,2,2,1
2023010419404,2023,010419404,1,1,2,1,15,3,3,0,0,1,0,0,9,1,E01000061,-1,0,0.0,1.0,-1,6,30,1,4,2,03:57,3,1,9
2023010428397,2023,010428397,1,1,1,1,21,5,3,0,0,0,0,0,9,3,E01000011,-1,0,0.0,1.0,-1,9,40,1,4,1,10:30,2,2,9
2023302300128,2023,302300128,2,1,1,2,23,5,3,0,0,0,0,0,9,3,E01019400,-1,0,0.01628,0.98372,-1,3,70,1,6,4,18:25,7,2,9
2023010466263,2023,010466263,1,1,1,1,16,4,3,0,0,0,0,0,3,-1,-1,-1,0,0.0,1.0,-1,6,30,1,1,1,18:56,6,2,3
2023440280250,2023,440280250,1,1,3,1,13,3,2,5,1,0,0,0,0,9,E01022692,-1,0,1.0,0.0,-1,6,30,2,1,2,15:30,4,1,9
2023991308515,2023,991308515,1,1,3,1,42,7,3,6,9,0,0,1,0,10,-1,3,1,0.0,1.0,-1,6,30,9,1,1,14:57,3,1,9
2023340WN2762,2023,340WN2762,2,1,1,1,74,10,2,0,0,0,0,0,1,2,E01027226,-1,0,1.0,0.0,-1,2,30,1,1,1,11:50,3,2,1
2023041368290,2023,041368290,2,1,1,1,31,6,3,0,0,0,0,0,3,1,E01012673,3,1,0.0,1.0,-1,6,30,2,4,2,20:09,1,2,3
2023010439825,2023,010439825,1,2,2,-1,-1,-1,3,0,0,1,0,0,9,2,E01001555,-1,0,0.0,1.0,-1,7,30,2,1,2,03:37,5,2,9
2023061264409,2023,061264409,2,1,1,1,47,8,3,0,0,0,0,0,9,1,E01005321,3,1,0.0,1.0,-1,6,30,1,1,-1,15:30,2,2,9
2023201406317,2023,201406317,1,1,1,1,68,10,2,0,0,0,0,0,9,5,E01009745,7,1,1.0,0.0,-1,6,30,1,4,1,16:50,7,2,9
2023411271363,2023,411271363,1,3,2,2,5,1,3,0,0,-1,0,0,9,6,E01023787,3,1,0.0,1.0,-1,3,40,2,4,2,18:37,4,2,9
2023461332643,2023,461332643,2,1,1,1,59,9,3,0,0,0,0,0,1,4,E01016129,3,1,0.0,1.0,-1,6,30,1,1,1,17:15,3,2,1
2023451263666,2023,451263666,1,1,1,1,42,7,3,0,0,0,0,0,4,8,E01030450,3,1,0.0,1.0,-1,6,30,1,1,1,08:04,6,2,4
2023320446256,2023,320446256,3,1,2,2,56,9,3,0,0,1,0,0,9,3,E01026017,-1,0,0.02375,0.97625,-1,1,30,2,1,2,13:31,4,3,9
2023501315304,2023,501315304,2,2,2,2,41,7,3,0,0,-1,0,0,9,2,E01018797,3,1,0.0,1.0,-1,3,70,1,1,1,16:00,2,2,9
2023531290570,2023,531290570,2,1,1,1,23,5,3,0,0,0,0,0,1,9,E01022129,3,1,0.0,1.0,-1,6,30,2,4,2,16:15,4,2,1
2023201430147,2023,201430147,2,1,1,1,42,7,3,0,0,0,0,0,9,2,E01033641,3,1,0.0,1.0,-1,6,30,1,1,1,10:45,2,2,9
2023461292402,2023,461292402,1,1,1,2,61,9,3,0,0,0,0,0,9,3,E01024600,3,1,0.0,1.0,-1,3,70,1,1,2,08:35,5,2,9
2023122300697,2023,122300697,1,1,3,1,6,2,3,5,3,0,0,0,0,8,E01013343,-1,0,0.09447,0.90553,-1,6,30,2,1,2,14:48,6,1,9
2023440229884,2023,440229884,1,1,3,1,5,1,3,5,1,0,0,0,0,2,E01017169,-1,0,0.18284,0.81716,-1,6,40,1,1,1,12:40,7,1,9
2023010421950,2023,010421950,2,1,1,1,29,6,3,0,0,0,0,0,9,5,E01003703,-1,0,0.0,1.0,-1,3,40,1,4,4,21:38,3,2,9
2023122301338,2023,122301338,1,1,1,2,25,5,3,0,0,0,0,0,9,8,E01027765,-1,0,0.01176,0.98824,-1,6,40,1,1,1,11:53,5,2,9
2023320408995,2023,320408995,2,4,1,1,75,10,3,0,0,0,0,0,9,10,E01028415,-1,0,0.06137,0.93863,-1,6,60,1,1,1,11:47,2,2,9
2023991322200,2023,991322200,1,1,1,1,25,5,2,0,0,0,0,0,9,6,-1,6,1,1.0,0.0,-1,6,60,1,1,1,10:30,2,2,9
2023461331284,2023,461331284,2,1,1,2,54,8,3,0,0,0,0,0,1,7,E01024635,3,1,0.0,1.0,-1,6,30,9,1,1,13:37,2,2,1
2023461349186,2023,461349186,1,1,1,1,22,5,3,0,0,0,0,0,9,7,E01021608,3,1,0.0,1.0,-1,6,60,1,7,1,21:41,7,1,9
2023430567928,2023,430567928,1,1,1,1,15,3,3,0,0,0,0,0,1,5,E01016483,-1,0,0.03484,0.96516,-1,6,30,2,1,2,08:15,5,2,1
2023231325556,2023,231325556,1,1,1,2,43,7,3,0,0,0,0,0,9,3,E01025822,3,1,0.0,1.0,-1,3,40,1,1,1,13:47,6,2,9
2023461339707,2023,461339707,2,3,2,2,11,3,3,0,0,2,0,0,9,6,E01016075,3,1,0.0,1.0,-1,6,40,2,1,2,13:45,4,2,9
2023501351844,2023,501351844,1,1,1,2,21,5,3,0,0,0,0,0,9,6,E01029077,3,1,0.0,1.0,-1,6,60,1,1,1,16:45,3,2,9
2023010472917,2023,010472917,1,1,1,2,39,7,3,0,0,0,0,0,9,9,E01001375,-1,0,0.0,1.0,-1,3,70,2,1,2,12:15,5,2,9
2023052303059,2023,052303059,1,1,1,1,23,5,2,0,0,0,0,0,9,1,E01007138,-1,0,1.0,0.0,-1,6,30,2,4,2,01:08,7,1,9
2023010473054,2023,010473054,1,1,1,1,34,6,3,0,0,0,0,0,1,4,E01033424,-1,0,0.0,1.0,-1,6,20,2,1,2,07:10,5,2,1
2023070129904,2023,070129904,2,1,1,1,17,4,3,0,0,0,0,0,1,2,E01018463,-1,0,0.07805,0.92195,-1,6,30,1,4,1,22:10,2,2,1
2023430565517,2023,430565517,2,1,1,2,28,6,2,0,0,0,0,0,9,7,E01016821,-1,0,1.0,0.0,-1,3,70,1,1,1,13:27,2,2,9
2023461301684,2023,461301684,1,1,1,1,18,4,3,0,0,0,0,0,9,4,E01032823,3,1,0.0,1.0,-1,6,60,1,1,1,17:17,3,1,9
2023010438171,2023,010438171,1,1,1,1,38,7,3,0,0,0,0,0,1,3,E01003496,-1,0,0.0,1.0,-1,2,20,2,1,1,10:30,4,1,1
2023131303809,2023,131303809,2,2,2,1,24,5,3,0,0,1,0,0,9,2,E01011691,3,1,0.0,1.0,-1,3,30,1,1,1,19:06,4,2,9
2023201409695,2023,201409695,2,1,1,1,48,8,3,0,0,0,0,0,9,1,E01010455,3,1,0.0,1.0,-1,3,30,1,1,1,13:34,7,2,9
202360A034693,2023,60A034693,1,1,1,2,34,6,3,0,0,0,0,0,9,-1,-1,-1,0,0.10232,0.89768,-1,6,60,3,6,4,18:37,5,1,9
2023991351763,2023,991351763,1,1,1,2,37,7,3,0,0,0,0,0,8,2,-1,3,1,0.0,1.0,-1,3,70,1,1,1,15:15,3,1,8
2023070065483,2023,070065483,2,3,2,1,18,4,3,0,0,2,0,0,9,2,E01012536,-1,0,0.03546,0.96454,-1,6,30,1,1,1,08:54,2,3,9
2023546051323,2023,546051323,2,1,1,1,49,8,2,0,0,0,0,0,3,10,E01016349,-1,0,1.0,0.0,-1,6,50,1,1,1,16:54,6,2,3
2023201320751,2023,201320751,1,1,3,1,3,1,2,6,9,0,0,0,0,1,E01009117,7,1,1.0,0.0,-1,6,30,1,1,1,08:45,6,1,9
2023501284257,2023,501284257,2,5,1,1,39,7,3,0,0,0,0,0,19,5,E01020331,3,1,0.0,1.0,-1,6,60,2,6,2,21:42,4,2,19
2023622300249,2023,622300249,1,2,2,1,21,5,3,0,0,0,0,0,1,1,W01001698,-1,0,0.13324,0.86676,-1,6,20,8,4,1,22:13,5,1,1
2023451317776,2023,451317776,1,1,1,1,63,9,2,0,0,0,0,0,4,9,E01030431,7,1,1.0,0.0,-1,6,30,1,1,2,07:00,2,1,4
2023010444529,2023,010444529,1,1,1,1,50,8,3,0,0,0,0,0,9,4,E01004765,-1,0,0.0,1.0,-1,6,20,1,1,1,07:05,3,2,9
2023070755289,2023,070755289,2,2,1,1,52,8,3,0,0,0,0,0,9,6,E01012426,-1,0,0.03775,0.96225,-1,6,30,1,1,1,09:10,3,2,9
2023131388869,2023,131388869,1,4,1,1,76,11,3,0,0,0,0,0,9,2,E01007417,3,1,0.0,1.0,-1,3,70,5,4,2,20:35,6,2,9
2023010447109,2023,010447109,1,1,3,1,25,5,2,5,3,0,0,0,0,5,E01000620,-1,0,1.0,0.0,-1,6,30,1,1,1,14:28,2,1,9
2023010433611,2023,010433611,1,1,1,2,46,8,3,0,0,0,0,0,9,1,E01002039,-1,0,0.0,1.0,-1,6,20,1,1,1,09:10,2,2,9
2023311320352,2023,311320352,1,1,1,2,41,7,3,0,0,0,0,0,9,1,E01013638,3,1,0.0,1.0,-1,6,50,1,1,1,12:52,2,2,9
2023332300499,2023,332300499,2,2,1,1,45,7,3,0,0,0,0,0,9,5,E01025875,-1,0,0.0105,0.9895,-1,6,40,1,1,1,12:11,5,4,9
2023440428936,2023,440428936,1,1,1,1,18,4,2,0,0,0,0,0,9,10,E01032859,-1,0,1.0,0.0,-1,6,60,5,1,2,17:42,5,1,9
2023622301062,2023,622301062,1,1,1,1,31,6,2,0,0,0,0,0,9,1,W01001811,-1,0,1.0,0.0,-1,3,70,5,1,2,14:41,2,1,9
2023991366885,2023,991366885,2,1,2,2,63,9,3,0,0,1,0,0,9,2,-1,3,1,0.0,1.0,-1,6,30,1,1,1,10:30,4,2,9
2023010472466,2023,010472466,1,1,2,2,59,9,3,0,0,0,3,0,11,3,E01002605,-1,0,0.0,1.0,-1,3,30,1,1,1,12:22,3,1,11
2023141306820,2023,141306820,1,1,1,1,61,9,3,0,0,0,0,0,19,6,E01007706,3,1,0.0,1.0,-1,1,30,1,1,1,17:00,6,2,19
2023320762992,2023,320762992,1,1,1,1,48,8,3,0,0,0,0,0,21,7,E01026257,-1,0,0.11741,0.88259,-1,6,60,1,1,2,09:35,2,1,21
2023061288874,2023,061288874,1,1,3,1,19,4,3,1,3,0,0,-1,0,1,E01006305,3,1,0.0,1.0,-1,6,30,2,4,2,20:01,4,1,9
2023501371463,2023,501371463,1,1,3,1,56,9,3,5,1,0,0,0,0,5,E01020339,3,1,0.0,1.0,-1,6,30,1,1,1,08:45,6,1,9
2023131322495,2023,131322495,1,1,2,2,63,9,3,0,0,2,0,0,8,1,E01010800,3,1,0.0,1.0,-1,6,30,1,1,1,11:10,6,2,8
2023031354587,2023,031354587,1,1,3,2,67,10,3,6,9,0,0,0,0,2,E01019210,3,1,0.0,1.0,-1,6,30,1,1,1,13:59,3,1,9
2023351415865,2023,351415865,2,1,1,1,64,9,3,0,0,0,0,0,1,7,E01018085,3,1,0.0,1.0,-1,6,30,8,1,1,09:40,6,2,1
2023010445830,2023,010445830,1,1,1,1,21,5,3,0,0,0,0,0,3,2,E01003160,-1,0,0.0,1.0,-1,9,20,9,1,9,17:05,6,2,3
2023361356153,2023,361356153,1,1,1,1,73,10,2,0,0,0,0,0,5,6,E01026686,5,1,1.0,0.0,-1,6,60,1,1,1,12:09,2,2,5
2023201398668,2023,201398668,1,1,2,2,72,10,3,0,0,1,0,0,9,10,E01010202,3,1,0.0,1.0,-1,6,30,1,1,1,17:25,5,2,9
2023411414574,2023,411414574,3,2,1,1,88,11,3,0,0,0,0,0,9,4,E01021817,3,1,0.0,1.0,-1,6,40,1,1,1,14:33,7,3,9
2023552300348,2023,552300348,2,3,2,2,18,4,3,0,0,1,0,0,9,4,E01015327,-1,0,0.04554,0.95446,-1,6,30,2,4,2,19:23,5,2,9