collision_index,collision_year,collision_ref_no,vehicle_reference,casualty_reference,casualty_class,sex_of_casualty,age_of_casualty,age_band_of_casualty,casualty_severity,pedestrian_location,pedestrian_movement,car_passenger,bus_or_coach_passenger,pedestrian_road_maintenance_worker,casualty_type,casualty_imd_decile,lsoa_of_casualty,enhanced_casualty_severity,casualty_injury_based,casualty_adjusted_severity_serious,casualty_adjusted_severity_slight,casualty_distance_banding,road_type,speed_limit,weather_conditions,light_conditions,road_surface_conditions,time,day_of_week,number_of_vehicles,vehicle_type
2023170L10363,2023,170L10363,1,1,1,2,46,8,3,0,0,0,0,0,9,2,E01012165,-1,0,0.11363,0.88637,-1,6,60,1,1,2,08:45,2,2,9
2023332301257,2023,332301257,3,2,1,2,41,7,3,0,0,0,0,0,9,1,E01013725,-1,0,0.00625,0.99375,-1,6,30,1,4,2,19:35,7,4,9
2023501326428,2023,501326428,2,1,2,2,28,6,3,0,0,1,0,0,9,6,E01020204,3,1,0.0,1.0,-1,6,30,1,1,1,15:20,5,2,9
2023991306997,2023,991306997,2,1,1,1,27,6,3,0,0,0,0,0,9,-1,-1,3,1,0.0,1.0,-1,6,30,1,1,1,16:08,7,2,9
2023991348032,2023,991348032,1,1,1,1,17,4,2,0,0,0,0,0,9,8,-1,7,1,1.0,0.0,-1,6,60,1,6,1,21:26,7,1,9
2023010445571,2023,010445571,2,1,1,1,37,7,2,0,0,0,0,0,1,1,E01003051,-1,0,1.0,0.0,-1,6,20,1,1,1,18:05,7,2,1
2023991355370,2023,991355370,1,1,3,1,32,6,3,8,3,0,0,0,0,7,-1,3,1,0.0,1.0,-1,1,30,1,4,2,21:10,5,1,9
2023010421304,2023,010421304,2,1,1,1,43,7,3,0,0,0,0,0,9,1,E01000602,-1,0,0.0,1.0,-1,1,30,1,4,1,00:30,7,2,9
2023211363024,2023,211363024,1,1,1,2,75,10,3,0,0,0,0,0,9,8,E01029813,3,1,0.0,1.0,-1,6,60,1,1,1,11:00,1,2,9
2023440390166,2023,440390166,1,2,2,1,16,4,3,0,0,1,0,0,9,3,E01022670,-1,0,0.15472,0.84528,-1,6,40,1,1,1,17:06,1,1,9
2023010442432,2023,010442432,2,1,1,1,19,4,2,0,0,0,0,0,4,6,E01002327,-1,0,1.0,0.0,-1,6,30,1,1,1,16:55,5,2,4
2023430258434,2023,430258434,1,1,1,1,40,7,2,0,0,0,0,0,5,7,E01028424,-1,0,1.0,0.0,-1,3,20,1,1,2,19:18,2,1,5
2023361374257,2023,361374257,1,1,3,1,23,5,3,10,9,0,0,0,0,6,E01026505,3,1,0.0,1.0,-1,6,60,1,1,1,09:20,1,1,19
2023010431001,2023,010431001,1,1,3,1,32,6,3,6,9,0,0,0,0,2,E01003964,-1,0,0.0,1.0,-1,6,20,2,1,2,11:50,4,1,11
2023041294454,2023,041294454,1,1,3,1,81,11,2,4,1,0,0,0,0,8,E01012597,5,1,1.0,0.0,-1,6,30,1,1,1,09:25,5,1,9
2023061287660,2023,061287660,1,1,3,1,52,8,1,10,9,0,0,0,0,3,E01005181,1,1,0.0,0.0,-1,6,30,1,4,2,00:36,6,1,9
2023101322263,2023,101322263,1,1,2,2,65,9,2,0,0,0,1,0,11,5,E01008648,5,1,1.0,0.0,-1,6,30,1,1,1,12:28,5,1,11
2023471350523,2023,471350523,2,3,2,2,36,7,2,0,0,0,4,0,11,6,E01021198,7,1,1.0,0.0,-1,6,30,1,1,1,07:45,5,2,11
2023131312384,2023,131312384,2,2,2,2,46,8,3,0,0,1,0,0,9,1,E01010960,3,1,0.0,1.0,-1,6,30,1,1,1,17:30,7,2,9
2023461359159,2023,461359159,2,1,1,1,63,9,2,0,0,0,0,0,9,1,E01024667,7,1,1.0,0.0,-1,1,50,7,1,1,07:29,5,2,9
2023010458515,2023,010458515,1,1,1,1,41,7,3,0,0,0,0,0,3,2,E01001555,-1,0,0.0,1.0,-1,6,20,1,1,1,19:46,3,2,3
2023320480247,2023,320480247,2,1,1,1,18,4,3,0,0,0,0,0,3,1,E01008054,-1,0,0.12354,0.87646,-1,6,30,1,1,1,13:58,5,2,3
2023010475562,2023,010475562,1,1,1,1,38,7,3,0,0,0,0,0,5,4,E01001009,-1,0,0.0,1.0,-1,6,20,2,4,2,16:47,5,2,5
2023201410824,2023,201410824,1,1,3,1,18,4,3,1,1,0,0,2,0,2,E01009405,3,1,0.0,1.0,-1,3,30,1,1,1,13:15,1,1,9
2023211376131,2023,211376131,1,1,3,2,44,7,3,9,6,0,0,0,0,9,E01029773,3,1,0.0,1.0,-1,6,30,1,1,1,15:25,4,1,9
2023320046184,2023,320046184,2,1,1,1,42,7,3,0,0,0,0,0,1,-1,-1,-1,0,0.18489,0.81511,-1,6,60,1,1,1,16:00,2,2,1
2023070549816,2023,070549816,2,1,1,1,51,8,2,0,0,0,0,0,5,8,E01012538,-1,0,1.0,0.0,-1,6,30,1,1,1,15:27,5,2,5
2023061337818,2023,061337818,1,1,1,2,14,3,2,0,0,0,0,0,3,3,E01006376,7,1,1.0,0.0,-1,6,20,1,1,1,18:30,5,1,3
2023131302479,2023,131302479,2,1,2,2,27,6,2,0,0,2,0,0,8,5,E01010934,7,1,1.0,0.0,-1,7,30,1,1,1,07:23,1,2,8
2023320271469,2023,320271469,2,1,1,2,14,3,2,0,0,0,0,0,1,3,E01026318,-1,0,1.0,0.0,-1,6,30,1,1,1,08:20,3,2,1
2023440268697,2023,440268697,2,1,1,2,20,4,3,0,0,0,0,0,1,4,E01022671,-1,0,0.12255,0.87745,-1,6,30,1,1,1,08:50,4,2,1
2023010457947,2023,010457947,1,1,1,1,45,7,3,0,0,0,0,0,9,1,E01001429,-1,0,0.0,1.0,-1,3,20,8,4,1,03:58,1,3,9
2023071023692,2023,071023692,2,1,1,2,22,5,3,0,0,0,0,0,9,9,E01018516,-1,0,0.0057,0.9943,-1,6,40,1,1,1,16:30,3,2,9
2023461368608,2023,461368608,1,1,3,2,13,3,3,5,9,0,0,0,0,2,E01016041,3,1,0.0,1.0,-1,6,30,1,1,1,12:34,6,1,19
2023332301236,2023,332301236,1,1,3,1,54,8,3,1,1,0,0,0,0,-1,-1,-1,0,0.06726,0.93274,-1,3,30,1,1,1,16:00,3,1,11
2023461320447,2023,461320447,1,1,3,2,6,2,3,8,1,0,0,2,0,4,E01024705,3,1,0.0,1.0,-1,6,30,1,1,1,15:33,4,1,9
2023471365716,2023,471365716,2,1,1,1,62,9,3,0,0,0,0,0,5,5,E01021074,3,1,0.0,1.0,-1,1,30,1,1,1,15:30,1,2,5
2023010437587,2023,010437587,1,1,1,1,47,8,2,0,0,0,0,0,5,-1,-1,-1,0,1.0,0.0,-1,6,30,2,1,2,15:30,7,2,5
2023211405817,2023,211405817,1,1,3,2,12,3,3,9,8,0,0,0,0,-1,-1,3,1,0.0,1.0,-1,6,30,1,1,1,13:40,7,1,9
2023471311171,2023,471311171,1,1,3,2,31,6,3,4,1,0,0,0,0,6,E01013006,3,1,0.0,1.0,-1,6,30,1,1,1,17:40,4,1,3
2023052300551,2023,052300551,1,1,2,2,39,7,3,0,0,2,0,0,8,1,E01006968,-1,0,0.01716,0.98284,-1,6,30,1,4,1,18:25,2,2,8
2023440049938,2023,440049938,3,1,1,2,37,7,2,0,0,0,0,0,9,5,E01023201,-1,0,1.0,0.0,-1,6,60,1,1,1,08:15,2,3,9
2023010475770,2023,010475770,1,1,1,2,20,4,3,0,0,0,0,0,9,-1,-1,-1,0,0.0,1.0,-1,3,50,2,4,2,20:00,6,2,9
2023522301538,2023,522301538,2,2,1,2,55,8,3,0,0,0,0,0,9,7,E01014959,-1,0,0.03929,0.96071,-1,6,30,1,1,1,07:15,1,2,9
2023440117410,2023,440117410,2,1,1,2,60,9,2,0,0,0,0,0,9,3,E01017099,-1,0,1.0,0.0,-1,6,40,1,1,1,13:56,6,2,9
2023471282041,2023,471282041,1,1,1,2,62,9,3,0,0,0,0,0,9,2,E01001633,3,1,0.0,1.0,-1,6,40,1,6,2,20:00,4,1,9
2023052302532,2023,052302532,2,1,1,1,29,6,3,0,0,0,0,0,3,3,E01006671,-1,0,0.0663,0.9337,-1,6,30,2,1,2,17:44,6,2,3
2023010476667,2023,010476667,1,1,3,2,48,8,3,5,2,0,0,0,0,4,E01003518,-1,0,0.0,1.0,-1,6,20,5,1,2,12:42,4,1,9
2023302301687,2023,302301687,2,1,1,1,28,6,2,0,0,0,0,0,3,-1,-1,-1,0,1.0,0.0,-1,6,40,1,1,2,07:15,7,2,3
2023010462696,2023,010462696,1,1,1,1,23,5,3,0,0,0,0,0,3,-1,-1,-1,0,0.0,1.0,-1,6,30,1,1,1,18:00,1,2,3
2023302300287,2023,302300287,2,1,1,1,49,8,3,0,0,0,0,0,5,5,E01019520,-1,0,0.11547,0.88453,-1,6,30,1,1,1,12:00,5,2,5
2023010460742,2023,010460742,1,1,3,1,43,7,3,5,9,0,0,0,0,2,E01033085,-1,0,0.0,1.0,-1,6,20,1,1,1,14:17,3,2,9
2023010464603,2023,010464603,1,1,3,1,20,4,3,8,3,0,0,0,0,4,E01000475,-1,0,0.0,1.0,-1,6,30,1,1,1,15:32,5,1,9
2023010466311,2023,010466311,2,1,3,1,-1,-1,3,9,5,0,0,0,0,3,E01001446,-1,0,0.0,1.0,-1,6,20,1,7,1,20:27,6,2,9
2023991289624,2023,991289624,1,1,1,1,48,8,1,0,0,0,0,0,19,3,-1,1,1,0.0,0.0,-1,6,30,1,1,1,15:10,4,2,19
2023471284938,2023,471284938,1,2,2,1,12,3,2,0,0,1,0,0,9,10,E01031621,7,1,1.0,0.0,-1,6,60,8,5,4,20:00,4,1,9
2023010467701,2023,010467701,1,3,2,2,28,6,3,0,0,0,4,0,11,7,E01004516,-1,0,0.0,1.0,-1,6,30,2,1,2,14:56,6,1,11
2023131355353,2023,131355353,1,1,1,1,12,3,3,0,0,0,0,0,-1,2,E01010852,3,1,0.0,1.0,-1,6,30,2,1,2,16:43,6,2,-1
2023531280521,2023,531280521,1,1,3,2,20,4,2,4,1,0,0,0,0,3,E01022320,7,1,1.0,0.0,-1,6,30,1,4,1,19:15,7,1,9
2023451345636,2023,451345636,1,1,3,1,16,4,2,10,7,0,0,0,0,10,E01016596,5,1,1.0,0.0,-1,6,40,1,4,2,21:15,6,1,9
2023101378840,2023,101378840,2,1,1,1,20,4,2,0,0,0,0,0,1,4,E01008732,7,1,1.0,0.0,-1,6,30,1,4,1,22:30,5,2,1
2023471390051,2023,471390051,1,1,1,1,18,4,2,0,0,0,0,0,3,7,E01021184,6,1,1.0,0.0,-1,6,20,2,5,2,07:10,3,2,3
2023010450760,2023,010450760,1,1,1,1,26,6,3,0,0,0,0,0,9,2,E01002312,-1,0,0.0,1.0,-1,6,30,1,1,1,16:20,5,2,9
2023052300642,2023,052300642,1,1,1,1,25,5,1,0,0,0,0,0,9,1,E01006573,-1,0,0.0,0.0,-1,3,60,2,4,2,23:40,1,2,9
2023070376992,2023,070376992,2,1,1,1,64,9,3,0,0,0,0,0,9,-1,-1,-1,0,0.02044,0.97956,-1,6,50,1,1,1,11:15,5,2,9
2023461375789,2023,461375789,1,1,1,2,38,7,3,0,0,0,0,0,9,3,E01016098,3,1,0.0,1.0,-1,6,30,2,1,2,11:26,4,2,9
2023991287599,2023,991287599,1,1,1,1,22,5,3,0,0,0,0,0,9,10,-1,3,1,0.0,1.0,-1,6,60,1,1,2,17:45,5,1,9
2023122300695,2023,122300695,2,1,1,1,77,11,3,0,0,0,0,0,1,5,E01027610,-1,0,0.11763,0.88237,-1,6,30,1,1,1,13:20,2,2,1
2023440330517,2023,440330517,1,1,1,1,28,6,3,0,0,0,0,0,1,-1,-1,-1,0,0.07336,0.92664,-1,2,30,1,1,1,07:50,4,2,1
2023010476592,2023,010476592,1,1,1,1,21,5,3,0,0,0,0,0,3,1,E01001729,-1,0,0.0,1.0,-1,6,20,1,4,1,00:32,4,2,3
2023010471220,2023,010471220,2,1,1,1,66,10,3,0,0,0,0,0,1,7,E01002222,-1,0,0.0,1.0,-1,6,20,1,5,1,18:30,3,2,1
2023430462231,2023,430462231,2,1,1,1,31,6,3,0,0,0,0,0,1,4,E01016356,-1,0,0.0812,0.9188,-1,6,30,2,1,2,15:36,6,2,1
2023430303019,2023,430303019,2,1,3,1,31,6,2,9,9,0,0,0,0,10,E01028457,-1,0,1.0,0.0,-1,6,60,1,6,2,00:11,1,2,9
2023440271304,2023,440271304,2,1,1,1,49,8,3,0,0,0,0,0,1,10,E01022977,-1,0,0.18874,0.81126,-1,6,40,1,1,1,18:45,5,2,1
2023552301133,2023,552301133,1,1,1,1,27,6,3,0,0,0,0,0,3,9,E01015406,-1,0,0.1596,0.8404,-1,6,30,1,4,1,20:41,2,2,3
2023332300306,2023,332300306,2,1,1,1,53,8,3,0,0,0,0,0,-1,1,E01013679,-1,0,0.06181,0.93819,-1,6,30,1,1,1,16:25,2,2,-1
2023131352945,2023,131352945,1,2,2,2,8,2,3,0,0,2,0,0,9,3,E01011304,3,1,0.0,1.0,-1,3,40,1,1,1,16:51,6,3,9
2023631330283,2023,631330283,1,3,2,1,62,9,3,0,0,1,0,0,9,3,E01015884,3,1,0.0,1.0,-1,6,30,1,1,1,14:00,2,1,9
2023501402350,2023,501402350,1,2,3,2,22,5,3,1,3,0,0,0,0,5,E01015062,3,1,0.0,1.0,-1,3,30,2,4,2,06:45,3,1,3
2023411296109,2023,411296109,2,1,1,2,22,5,3,0,0,0,0,0,3,3,E01001547,3,1,0.0,1.0,-1,6,20,1,1,-1,19:30,6,2,3
2023440056678,2023,440056678,2,1,1,2,51,8,2,0,0,0,0,0,1,8,E01022754,-1,0,1.0,0.0,-1,6,30,1,1,1,12:25,6,2,1
2023010423775,2023,010423775,2,3,1,1,41,7,3,0,0,0,0,0,9,3,E01004415,-1,0,0.0,1.0,-1,3,30,1,1,1,09:10,6,2,9
2023052300144,2023,052300144,2,2,2,2,43,7,3,0,0,1,0,0,9,10,E01006937,-1,0,0.02597,0.97403,-1,6,30,1,1,2,12:57,7,2,9
2023401356401,2023,401356401,1,1,1,2,18,4,3,0,0,0,0,0,9,8,E01023415,3,1,0.0,1.0,-1,3,30,1,1,1,09:45,6,2,9
2023010436676,2023,010436676,1,1,1,1,53,8,3,0,0,0,0,0,19,3,E01002554,-1,0,0.0,1.0,-1,3,30,2,1,2,07:58,2,2,19
2023552300737,2023,552300737,2,1,1,1,48,8,2,0,0,0,0,0,5,1,E01015309,-1,0,1.0,0.0,-1,6,30,1,1,2,06:47,5,2,5
2023351282728,2023,351282728,1,2,2,1,32,6,3,0,0,1,0,0,9,-1,-1,3,1,0.0,1.0,-1,3,70,1,4,1,18:34,6,1,9
2023471356234,2023,471356234,1,1,1,1,47,8,3,0,0,0,0,0,9,5,E01021109,3,1,0.0,1.0,-1,6,30,1,1,1,18:00,2,2,9
2023061302332,2023,061302332,1,1,3,2,15,3,3,9,5,0,0,0,0,-1,-1,3,1,0.0,1.0,-1,6,20,1,1,2,19:15,7,1,19
2023991341064,2023,991341064,1,1,1,1,21,5,3,0,0,0,0,0,3,1,-1,3,1,0.0,1.0,-1,6,20,1,1,1,18:22,7,1,3
2023111310281,2023,111310281,3,5,1,1,62,9,3,0,0,0,0,0,20,1,E01020765,3,1,0.0,1.0,-1,6,60,1,1,1,15:05,2,4,20
2023401393784,2023,401393784,2,2,1,1,34,6,3,0,0,0,0,0,8,4,E01016727,3,1,0.0,1.0,-1,6,60,1,6,2,18:55,7,2,8
2023471356234,2023,471356234,2,2,2,1,43,7,3,0,0,0,0,0,19,3,E01021102,3,1,0.0,1.0,-1,6,30,1,1,1,18:00,2,2,19
2023131323687,2023,131323687,2,1,1,1,50,8,2,0,0,0,0,0,1,4,E01010784,7,1,1.0,0.0,-1,6,20,1,1,1,13:02,4,2,1
2023461340143,2023,461340143,2,1,1,1,67,10,3,0,0,0,0,0,1,4,E01032808,3,1,0.0,1.0,-1,6,30,1,4,1,23:11,4,2,1
2023131272112,2023,131272112,2,1,1,1,18,4,2,0,0,0,0,0,1,5,E01011465,7,1,1.0,0.0,-1,6,30,1,4,1,19:15,5,2,1
2023010428516,2023,010428516,1,1,1,1,20,4,3,0,0,0,0,0,3,1,E01001958,-1,0,0.0,1.0,-1,6,20,2,1,2,08:57,4,2,3
2023031280627,2023,031280627,2,2,1,2,72,10,2,0,0,0,0,0,9,-1,-1,6,1,1.0,0.0,-1,3,30,1,1,1,13:51,1,2,9
2023311377192,2023,311377192,2,1,1,1,37,7,3,0,0,0,0,0,9,1,E01013823,3,1,0.0,1.0,-1,6,30,1,1,1,23:30,2,2,9
2023991302335,2023,991302335,1,5,1,2,20,4,3,0,0,0,0,0,9,1,-1,3,1,0.0,1.0,-1,6,60,1,1,2,18:00,6,2,9
2023501371619,2023,501371619,2,1,1,1,32,6,3,0,0,0,0,0,5,7,E01029155,3,1,0.0,1.0,-1,6,60,1,1,1,16:00,6,2,5
2023010436487,2023,010436487,1,1,3,1,35,6,3,9,5,0,0,0,0,1,E01002036,-1,0,0.0,1.0,-1,9,30,9,1,9,13:27,7,1,9
2023010458212,2023,010458212,3,3,3,1,39,7,3,6,9,0,0,0,0,1,E01003516,-1,0,0.0,1.0,-1,6,20,1,1,1,16:34,2,3,9
2023302300242,2023,302300242,1,1,3,2,12,3,2,5,9,0,0,0,0,9,E01013544,-1,0,1.0,0.0,-1,6,30,1,1,1,16:10,3,2,9
2023531357875,2023,531357875,1,1,3,1,11,3,3,5,1,0,0,0,0,9,E01022396,3,1,0.0,1.0,-1,6,40,1,1,1,07:55,5,1,9
2023101290422,2023,101290422,1,1,1,1,15,3,3,0,0,0,0,0,1,-1,-1,3,1,0.0,1.0,-1,6,30,1,1,1,15:20,6,2,1
2023071075341,2023,071075341,1,1,1,1,49,8,3,0,0,0,0,0,3,2,E01018477,-1,0,0.16153,0.83847,-1,6,30,2,4,2,17:59,2,1,3
2023061275510,2023,061275510,2,1,1,1,24,5,3,0,0,0,0,0,9,7,E01005537,3,1,0.0,1.0,-1,6,30,1,1,2,12:30,6,2,9
2023141272194,2023,141272194,1,1,1,1,32,6,2,0,0,0,0,0,9,1,E01007509,7,1,1.0,0.0,-1,6,40,1,4,1,21:18,6,1,9
2023440206420,2023,440206420,1,1,1,2,28,6,3,0,0,0,0,0,9,10,E01023240,-1,0,0.02533,0.97467,-1,6,30,1,1,1,08:47,5,2,9
2023031357458,2023,031357458,2,2,1,1,55,8,3,0,0,0,0,0,9,8,E01023480,3,1,0.0,1.0,-1,3,70,4,6,2,05:46,5,2,9
2023041393421,2023,041393421,1,2,1,2,68,10,3,0,0,0,0,0,9,9,E01025533,3,1,0.0,1.0,-1,6,30,1,4,1,17:00,2,3,9
2023070376172,2023,070376172,2,2,1,2,76,11,3,0,0,0,0,0,9,4,E01012521,-1,0,0.04605,0.95395,-1,6,30,1,1,1,12:10,5,2,9
2023991294605,2023,991294605,1,1,1,1,64,9,2,0,0,0,0,0,9,6,-1,6,1,1.0,0.0,-1,6,40,1,1,1,16:14,5,3,9
2023501368515,2023,501368515,2,1,1,2,40,7,3,0,0,0,0,0,9,6,E01020338,3,1,0.0,1.0,-1,6,30,1,1,2,08:55,5,2,9
2023522301538,2023,522301538,1,1,1,1,35,6,2,0,0,0,0,0,9,7,E01014907,-1,0,1.0,0.0,-1,6,30,1,1,1,07:15,1,2,9
2023010463697,2023,010463697,1,1,1,2,85,11,3,0,0,0,0,0,9,5,E01000285,-1,0,0.0,1.0,-1,6,30,1,1,1,14:50,7,3,9
2023041371854,2023,041371854,1,2,2,2,13,3,3,0,0,1,0,0,9,2,E01024951,3,1,0.0,1.0,-1,6,30,1,4,2,17:50,3,2,9
2023070661133,2023,070661133,2,2,2,2,-1,-1,3,0,0,1,0,0,9,1,E01006350,-1,0,0.00802,0.99198,-1,6,30,1,1,1,16:01,5,2,9
2023401321498,2023,401321498,2,1,1,1,53,8,3,0,0,0,0,0,9,3,E01015752,3,1,0.0,1.0,-1,6,30,1,1,1,10:30,2,2,9
2023010481891,2023,010481891,1,1,2,2,83,11,3,0,0,0,4,0,11,1,E01004300,-1,0,0.0,1.0,-1,3,20,1,1,2,12:08,2,1,11
2023010478341,2023,010478341,1,1,1,1,22,5,3,0,0,0,0,0,3,1,E01001178,-1,0,0.0,1.0,-1,9,20,9,7,9,21:10,1,2,3
2023430347157,2023,430347157,1,1,1,1,57,9,3,0,0,0,0,0,1,10,E01017727,-1,0,0.14565,0.85435,-1,1,40,1,1,1,19:42,5,2,1
2023440191241,2023,440191241,2,1,1,2,12,3,3,0,0,0,0,0,1,-1,-1,-1,0,0.12442,0.87558,-1,6,30,1,1,1,16:15,2,2,1
2023451274918,2023,451274918,1,1,1,1,68,10,2,0,0,0,0,0,5,1,E01004088,7,1,1.0,0.0,-1,6,40,1,1,1,11:00,6,1,5
2023131272099,2023,131272099,1,1,3,2,69,10,2,8,9,0,0,2,0,9,E01011583,5,1,1.0,0.0,-1,2,20,1,1,2,12:13,6,2,9
2023481371509,2023,481371509,1,1,2,2,89,11,3,0,0,0,4,0,11,-1,-1,3,1,0.0,1.0,-1,3,20,1,1,1,13:18,5,1,11
2023010467486,2023,010467486,2,2,2,2,52,8,3,0,0,1,0,0,9,2,E01000600,-1,0,0.0,1.0,-1,2,20,2,1,2,18:11,5,2,9
2023041376848,2023,041376848,2,2,2,1,10,2,2,0,0,2,0,0,9,6,E01025444,7,1,1.0,0.0,-1,6,30,1,6,2,19:29,2,2,9
2023131300844,2023,131300844,2,2,1,1,78,11,3,0,0,0,0,0,9,10,E01011382,3,1,0.0,1.0,-1,6,30,1,1,1,12:16,3,2,9
2023501268955,2023,501268955,2,1,1,1,27,6,3,0,0,0,0,0,9,5,E01018912,3,1,0.0,1.0,-1,6,60,1,1,1,15:53,6,3,9
2023311350614,2023,311350614,1,1,3,2,73,10,3,6,9,0,0,0,0,6,E01028326,3,1,0.0,1.0,-1,3,30,8,1,1,15:30,6,1,-1
2023548227023,2023,548227023,2,1,1,1,20,4,3,0,0,0,0,0,4,3,E01031963,-1,0,0.16264,0.83736,-1,6,60,2,1,2,11:21,7,2,4
2023010459161,2023,010459161,3,1,1,1,40,7,3,0,0,0,0,0,9,6,E01000778,-1,0,0.0,1.0,-1,6,20,1,1,2,09:25,1,5,9
2023010469216,2023,010469216,1,1,1,2,20,4,3,0,0,0,0,0,9,5,E01003741,-1,0,0.0,1.0,-1,1,40,8,1,1,13:09,6,2,9
2023141283235,2023,141283235,2,1,2,2,54,8,3,0,0,1,0,0,9,1,E01012881,3,1,0.0,1.0,-1,7,70,1,1,1,13:50,1,2,9
2023010425290,2023,010425290,1,1,1,1,29,6,3,0,0,0,0,0,3,9,E01000765,-1,0,0.0,1.0,-1,1,20,1,4,1,20:32,6,2,3
2023451383607,2023,451383607,1,1,3,1,81,11,2,10,9,0,0,0,0,8,E01030979,5,1,1.0,0.0,-1,6,30,1,4,2,17:50,4,1,9
2023010424902,2023,010424902,1,1,1,1,37,7,3,0,0,0,0,0,9,3,E01003609,-1,0,0.0,1.0,-1,1,30,2,4,9,04:30,5,1,9
2023010468011,2023,010468011,1,1,1,1,65,9,3,0,0,0,0,0,9,1,E01004273,-1,0,0.0,1.0,-1,3,40,1,1,1,14:18,1,4,9
2023052302519,2023,052302519,2,1,1,2,39,7,3,0,0,0,0,0,9,2,E01012379,-1,0,0.045,0.955,-1,6,30,1,1,1,16:15,7,2,9
2023221284319,2023,221284319,2,1,1,2,53,8,3,0,0,0,0,0,9,4,E01029000,3,1,0.0,1.0,-1,6,60,1,6,1,19:02,6,2,9
2023471337612,2023,471337612,1,1,1,2,58,9,3,0,0,0,0,0,9,7,E01030943,3,1,0.0,1.0,-1,1,70,2,1,2,10:45,4,2,9
2023522301079,2023,522301079,1,1,1,1,66,10,3,0,0,0,0,0,9,2,E01014458,-1,0,0.08187,0.91813,-1,6,30,1,1,1,13:22,1,1,9
2023471391470,2023,471391470,2,1,1,1,65,9,2,0,0,0,0,0,1,7,E01021094,7,1,1.0,0.0,-1,6,30,1,1,1,11:45,6,2,1
2023010452672,2023,010452672,1,1,3,1,7,2,3,5,1,0,0,0,0,1,E01002036,-1,0,0.0,1.0,-1,6,20,1,1,1,21:15,7,1,9
2023010440148,2023,010440148,1,1,1,1,26,6,3,0,0,0,0,0,3,5,E01001946,-1,0,0.0,1.0,-1,6,30,1,1,1,12:25,7,1,3
2023010477138,2023,010477138,1,1,1,1,33,6,3,0,0,0,0,0,3,3,E01001154,-1,0,0.0,1.0,-1,6,20,9,1,9,15:06,5,2,3
2023461267278,2023,461267278,2,1,1,1,35,6,3,0,0,0,0,0,5,7,E01024727,3,1,0.0,1.0,-1,1,30,1,4,1,18:25,4,2,5
2023622300483,2023,622300483,1,1,1,1,60,9,3,0,0,0,0,0,5,6,W01001076,-1,0,0.25498,0.74502,-1,6,40,1,4,1,00:37,3,2,5
2023340WN6382,2023,340WN6382,1,1,2,1,35,6,3,0,0,0,0,0,19,-1,-1,-1,0,0.08029,0.91971,-1,3,70,1,6,1,06:45,5,2,19
2023010422938,2023,010422938,1,1,1,1,47,8,3,0,0,0,0,0,1,7,E01003419,-1,0,0.0,1.0,-1,9,30,9,1,9,11:00,5,2,1
2023541730023,2023,541730023,2,1,1,1,18,4,3,0,0,0,0,0,1,7,E01032694,-1,0,0.02274,0.97726,-1,1,30,1,4,1,05:35,4,2,1
2023010430424,2023,010430424,2,1,1,1,18,4,3,0,0,0,0,0,1,3,E01003379,-1,0,0.0,1.0,-1,6,20,1,4,1,20:20,7,2,1
2023320159096,2023,320159096,2,1,1,1,66,10,3,0,0,0,0,0,1,1,E01026383,-1,0,0.11147,0.88853,-1,6,30,1,1,1,13:45,4,2,1
2023371320009,2023,371320009,2,1,1,1,39,7,2,0,0,0,0,0,3,5,E01030066,6,1,1.0,0.0,-1,6,30,1,1,1,17:36,1,2,3
2023161304206,2023,161304206,1,1,1,1,25,5,3,0,0,0,0,0,1,6,E01012766,3,1,0.0,1.0,-1,3,30,1,1,1,08:40,4,2,1
2023221326488,2023,221326488,2,1,1,2,67,10,3,0,0,0,0,0,1,6,E01032174,3,1,0.0,1.0,-1,6,30,2,1,2,12:04,2,2,1
2023010421333,2023,010421333,1,1,1,1,44,7,3,0,0,0,0,0,4,4,E01000557,-1,0,0.0,1.0,-1,9,20,1,1,1,16:47,6,2,4
2023041331220,2023,041331220,1,1,3,1,17,4,3,8,1,0,0,0,0,2,E01005580,3,1,0.0,1.0,-1,6,30,1,1,1,15:45,3,1,9
2023131351029,2023,131351029,1,1,1,1,31,6,1,0,0,0,0,0,9,6,E01010909,1,1,0.0,0.0,-1,6,40,1,4,1,00:30,2,1,9
2023311302476,2023,311302476,1,2,2,1,20,4,2,0,0,1,0,0,9,-1,-1,5,1,1.0,0.0,-1,6,60,1,1,1,17:14,5,1,9
2023451358075,2023,451358075,1,1,1,1,41,7,3,0,0,0,0,0,9,9,E01030679,3,1,0.0,1.0,-1,6,30,1,1,1,11:35,7,2,9
2023061316725,2023,061316725,2,1,1,2,58,9,3,0,0,0,0,0,9,9,E01018692,3,1,0.0,1.0,-1,7,70,1,1,1,10:00,6,3,9
2023161349893,2023,161349893,2,1,1,1,82,11,2,0,0,0,0,0,9,3,E01013238,6,1,1.0,0.0,-1,6,30,1,1,1,10:50,4,2,9
2023010477472,2023,010477472,1,1,1,2,25,5,3,0,0,0,0,0,9,2,E01000050,-1,0,0.0,1.0,-1,6,30,2,1,2,10:00,1,2,9
2023531305514,2023,531305514,1,1,1,1,45,7,2,0,0,0,0,0,9,6,E01022187,7,1,1.0,0.0,-1,6,60,1,1,1,19:20,3,1,9