collision_index,collision_year,collision_ref_no,vehicle_reference,casualty_reference,casualty_class,sex_of_casualty,age_of_casualty,age_band_of_casualty,casualty_severity,pedestrian_location,pedestrian_movement,car_passenger,bus_or_coach_passenger,pedestrian_road_maintenance_worker,casualty_type,casualty_imd_decile,lsoa_of_casualty,enhanced_casualty_severity,casualty_injury_based,casualty_adjusted_severity_serious,casualty_adjusted_severity_slight,casualty_distance_banding,road_type,speed_limit,weather_conditions,light_conditions,road_surface_conditions,time,day_of_week,number_of_vehicles,vehicle_type
2023211374954,2023,211374954,2,1,1,1,52,8,3,0,0,0,0,0,9,1,E01014366,3,1,0.0,1.0,-1,3,30,1,1,1,13:00,7,2,9
2023361311728,2023,361311728,1,1,2,2,56,9,3,0,0,2,0,0,9,-1,-1,3,1,0.0,1.0,-1,6,60,1,1,1,06:28,6,1,9
2023451348006,2023,451348006,2,1,1,2,43,7,3,0,0,0,0,0,9,9,E01030929,3,1,0.0,1.0,-1,6,30,1,1,2,17:22,5,2,9
2023010436626,2023,010436626,1,1,3,2,54,8,3,5,1,0,0,0,0,10,E01003858,-1,0,0.0,1.0,-1,2,20,1,1,1,09:20,1,1,9
2023010477793,2023,010477793,1,2,3,1,85,11,2,5,3,0,0,0,0,10,E01002195,-1,0,1.0,0.0,-1,6,30,4,5,1,16:35,2,1,3
2023010460012,2023,010460012,1,1,1,1,45,7,3,0,0,0,0,0,3,4,E01001756,-1,0,0.0,1.0,-1,3,20,1,1,1,19:00,4,2,3
2023061301751,2023,061301751,1,1,1,1,26,6,2,0,0,0,0,0,23,2,E01005376,7,1,1.0,0.0,-1,6,30,1,1,1,17:15,5,2,23
2023311299899,2023,311299899,2,1,1,1,42,7,3,0,0,0,0,0,3,3,E01028011,3,1,0.0,1.0,-1,1,40,2,1,2,11:14,1,2,3
2023211323778,2023,211323778,1,1,3,2,65,9,3,6,1,0,0,-1,0,8,E01029819,3,1,0.0,1.0,-1,2,30,9,1,-1,14:45,4,1,8
2023141296977,2023,141296977,1,1,1,1,23,5,3,0,0,0,0,0,9,7,E01008140,3,1,0.0,1.0,-1,6,60,1,1,1,13:30,7,1,9
2023421290098,2023,421290098,2,2,2,2,23,5,3,0,0,1,0,0,9,4,E01021868,3,1,0.0,1.0,-1,6,30,2,4,2,19:20,5,2,9
2023421314618,2023,421314618,2,1,1,1,63,9,3,0,0,0,0,0,9,4,E01021848,3,1,0.0,1.0,-1,3,40,1,1,1,19:30,7,2,9
2023547899023,2023,547899023,2,1,1,1,82,11,3,0,0,0,0,0,22,5,E01032103,-1,0,0.13731,0.86269,-1,6,30,2,1,2,12:00,5,2,22
2023401283935,2023,401283935,1,1,3,1,-1,-1,3,4,9,0,0,0,0,1,E01015771,3,1,0.0,1.0,-1,6,30,1,1,1,15:02,3,1,9
2023552300687,2023,552300687,2,1,1,2,58,9,2,0,0,0,0,0,1,10,E01020387,-1,0,1.0,0.0,-1,6,30,1,1,1,17:36,2,2,1
2023201337426,2023,201337426,1,1,1,1,25,5,2,0,0,0,0,0,5,1,E01009841,5,1,1.0,0.0,-1,3,40,1,4,1,23:45,5,2,5
2023101358977,2023,101358977,2,3,1,1,26,6,3,0,0,0,0,0,9,2,E01020618,3,1,0.0,1.0,-1,6,30,2,1,2,16:57,1,2,9
2023991275810,2023,991275810,1,1,2,2,15,3,3,0,0,1,0,0,9,-1,-1,3,1,0.0,1.0,-1,6,60,1,1,1,15:53,2,2,9
2023451303967,2023,451303967,1,1,1,1,18,4,2,0,0,0,0,0,3,6,E01030426,7,1,1.0,0.0,-1,6,30,1,1,1,05:25,5,2,3
2023501347213,2023,501347213,1,3,2,2,54,8,3,0,0,2,0,0,8,5,E01020148,3,1,0.0,1.0,-1,3,70,2,1,2,11:31,5,2,8
2023231380386,2023,231380386,1,1,2,1,22,5,2,0,0,1,0,0,9,1,E01009700,6,1,1.0,0.0,-1,3,70,1,4,2,21:39,6,1,9
2023461268022,2023,461268022,1,1,1,1,36,7,3,0,0,0,0,0,9,7,E01033728,3,1,0.0,1.0,-1,3,70,1,1,1,15:51,7,3,9
2023101366089,2023,101366089,1,1,1,1,73,10,3,0,0,0,0,0,19,-1,-1,3,1,0.0,1.0,-1,6,20,8,1,2,08:10,3,2,19
2023371338568,2023,371338568,1,2,1,1,37,7,2,0,0,0,0,0,9,1,E01029982,7,1,1.0,0.0,-1,6,30,2,4,2,21:55,7,3,9
2023041262570,2023,041262570,1,1,1,1,81,11,3,0,0,0,0,0,9,3,E01025391,3,1,0.0,1.0,-1,3,70,2,1,2,11:30,5,2,9
2023201335640,2023,201335640,1,4,2,1,11,3,2,0,0,2,0,0,9,2,E01009872,6,1,1.0,0.0,-1,1,40,1,4,1,21:46,1,1,9
2023411344359,2023,411344359,2,1,1,1,36,7,2,0,0,0,0,0,-1,5,E01023331,7,1,1.0,0.0,-1,6,30,1,1,1,14:30,7,2,-1
2023170S30543,2023,170S30543,1,1,3,1,20,4,2,6,9,0,0,0,0,-1,-1,-1,0,1.0,0.0,-1,6,30,1,4,1,19:45,4,1,9
2023461297624,2023,461297624,1,1,3,2,67,10,2,5,1,0,0,0,0,3,E01016036,7,1,1.0,0.0,-1,6,30,1,1,1,13:40,2,1,1
2023010476727,2023,010476727,1,1,1,2,27,6,2,0,0,0,0,0,1,2,E01003984,-1,0,1.0,0.0,-1,1,20,2,4,2,06:30,4,2,1
2023131302470,2023,131302470,2,2,1,1,30,6,3,0,0,0,0,0,9,6,E01032159,3,1,0.0,1.0,-1,7,50,1,1,1,14:05,1,2,9
2023141357050,2023,141357050,1,2,2,2,55,8,3,0,0,1,0,0,9,-1,-1,3,1,0.0,1.0,-1,6,30,1,1,1,15:10,4,3,9
2023101264610,2023,101264610,1,1,1,1,33,6,2,0,0,0,0,0,97,2,E01027519,7,1,1.0,0.0,-1,6,20,1,1,1,15:55,1,1,97
2023471365497,2023,471365497,1,1,1,1,18,4,2,0,0,0,0,0,3,1,E01016895,7,1,1.0,0.0,-1,6,20,2,4,2,18:57,7,3,3
2023141312169,2023,141312169,1,1,1,1,17,4,3,0,0,0,0,0,2,-1,-1,3,1,0.0,1.0,-1,6,30,1,1,1,17:25,7,2,2
2023141398864,2023,141398864,1,1,3,2,5,1,3,8,9,0,0,0,0,-1,-1,3,1,0.0,1.0,-1,6,20,1,1,1,08:00,6,1,9
2023320057606,2023,320057606,2,1,1,2,17,4,2,0,0,0,0,0,3,4,E01026280,-1,0,1.0,0.0,-1,6,30,1,1,1,16:25,7,2,3
2023201317686,2023,201317686,2,3,2,1,51,8,3,0,0,1,0,0,8,2,E01009630,3,1,0.0,1.0,-1,6,20,1,4,1,01:42,1,2,8
2023552300141,2023,552300141,1,1,1,2,18,4,3,0,0,0,0,0,9,7,E01020491,-1,0,0.07695,0.92305,-1,6,60,1,6,4,22:04,2,1,9
2023991328097,2023,991328097,1,3,2,2,59,9,2,0,0,0,2,0,11,7,-1,7,1,1.0,0.0,-1,6,30,1,1,1,14:59,3,1,11
2023061306108,2023,061306108,2,1,1,1,50,8,3,0,0,0,0,0,19,8,E01006232,3,1,0.0,1.0,-1,7,30,1,1,1,07:40,3,2,19
2023122300571,2023,122300571,2,4,2,2,81,11,3,0,0,1,0,0,9,7,E01027693,-1,0,0.07378,0.92622,-1,6,60,1,1,2,10:30,4,2,9
2023430239303,2023,430239303,1,3,2,2,25,5,3,0,0,2,0,0,9,3,E01001505,-1,0,0.05434,0.94566,-1,6,30,1,1,1,17:11,4,3,9
2023332300398,2023,332300398,1,1,1,1,51,8,2,0,0,0,0,0,17,8,E01025810,-1,0,1.0,0.0,-1,6,60,1,1,1,20:00,6,1,17
2023122301194,2023,122301194,1,2,2,2,63,9,3,0,0,1,0,0,9,5,E01027777,-1,0,0.10482,0.89518,-1,6,60,5,1,2,10:55,5,1,9
2023451297123,2023,451297123,2,2,2,1,11,3,3,0,0,1,0,0,9,9,E01030696,3,1,0.0,1.0,-1,6,30,1,1,1,08:45,7,2,9
2023070158151,2023,070158151,4,2,1,1,29,6,3,0,0,0,0,0,19,7,E01018064,-1,0,0.00993,0.99007,-1,9,70,1,1,1,15:20,5,5,19
2023101278158,2023,101278158,1,1,3,1,62,9,3,4,3,0,0,0,0,5,E01008588,3,1,0.0,1.0,-1,6,20,1,4,1,00:20,2,1,9
2023401377505,2023,401377505,2,1,1,1,39,7,3,0,0,0,0,0,3,-1,-1,3,1,0.0,1.0,-1,3,30,1,1,1,19:53,6,2,3
2023141324047,2023,141324047,1,1,1,1,31,6,3,0,0,0,0,0,9,2,E01007417,3,1,0.0,1.0,-1,6,50,1,1,1,11:00,5,2,9
2023421393210,2023,421393210,2,1,1,2,65,9,2,0,0,0,0,0,9,6,E01021449,7,1,1.0,0.0,-1,6,40,1,1,2,14:30,6,2,9
2023041338727,2023,041338727,2,1,1,1,36,7,3,0,0,0,0,0,5,5,E01006853,3,1,0.0,1.0,-1,6,30,1,1,1,18:33,1,2,5
2023041391218,2023,041391218,1,1,3,1,14,3,3,5,1,0,0,0,0,1,E01025181,3,1,0.0,1.0,-1,6,30,1,1,2,16:14,3,1,9
2023010428596,2023,010428596,1,1,1,1,31,6,3,0,0,0,0,0,9,9,E01021481,-1,0,0.0,1.0,-1,3,70,1,1,1,13:00,3,2,9
2023010466646,2023,010466646,1,1,1,1,21,5,3,0,0,0,0,0,1,2,E01000992,-1,0,0.0,1.0,-1,6,30,1,4,1,20:00,1,2,1
2023430303738,2023,430303738,2,1,1,2,38,7,3,0,0,0,0,0,1,9,E01028748,-1,0,0.02459,0.97541,-1,6,30,1,1,1,09:15,6,2,1
2023010444167,2023,010444167,1,1,1,1,28,6,3,0,0,0,0,0,2,5,E01004370,-1,0,0.0,1.0,-1,6,20,1,1,1,15:45,7,2,2
2023010459966,2023,010459966,1,1,1,1,23,5,3,0,0,0,0,0,4,-1,-1,-1,0,0.0,1.0,-1,6,20,1,4,1,22:10,5,2,4
2023401270137,2023,401270137,1,1,3,2,65,9,3,1,3,0,0,0,0,5,E01017617,3,1,0.0,1.0,-1,6,30,1,1,1,06:45,4,1,9
2023421362482,2023,421362482,1,1,3,1,67,10,3,5,9,0,0,0,0,4,E01021367,3,1,0.0,1.0,-1,6,20,1,1,1,14:35,3,1,9
2023141286873,2023,141286873,1,1,1,1,17,4,3,0,0,0,0,0,1,-1,-1,3,1,0.0,1.0,-1,6,30,1,4,1,19:16,7,2,1
2023170H10473,2023,170H10473,2,2,1,1,47,8,3,0,0,0,0,0,19,1,E01011953,-1,0,0.09441,0.90559,-1,3,50,1,1,1,15:15,3,2,19
2023010475194,2023,010475194,1,1,1,1,31,6,3,0,0,0,0,0,3,9,E01030412,-1,0,0.0,1.0,-1,6,30,1,1,1,16:10,3,2,3
2023010423719,2023,010423719,1,1,1,1,58,9,3,0,0,0,0,0,9,1,E01002026,-1,0,0.0,1.0,-1,3,50,1,4,4,05:29,4,1,9
2023141326329,2023,141326329,1,2,3,2,67,10,2,6,9,0,0,0,0,2,E01007340,7,1,1.0,0.0,-1,3,30,1,1,1,15:47,4,1,9
2023010469145,2023,010469145,1,1,1,1,21,5,3,0,0,0,0,0,3,8,E01000672,-1,0,0.0,1.0,-1,6,20,1,4,1,19:00,6,2,3
2023302300121,2023,302300121,4,2,1,1,74,10,3,0,0,0,0,0,9,2,E01019799,-1,0,0.06152,0.93848,-1,3,50,1,1,1,12:45,6,4,9
2023340NN0482,2023,340NN0482,2,2,2,2,20,4,3,0,0,1,0,0,9,-1,-1,-1,0,0.00921,0.99079,-1,6,30,1,4,1,16:50,4,2,9
2023991380854,2023,991380854,2,2,2,1,42,7,3,0,0,1,0,0,9,2,-1,3,1,0.0,1.0,-1,6,60,1,1,2,11:14,5,2,9
2023411356804,2023,411356804,1,1,3,1,15,3,2,10,9,0,0,0,0,-1,-1,7,1,1.0,0.0,-1,6,20,1,1,1,16:38,7,1,11
2023302300223,2023,302300223,2,1,1,1,55,8,3,0,0,0,0,0,1,1,E01013496,-1,0,0.09481,0.90519,-1,6,30,1,1,1,07:50,6,2,1
2023332300223,2023,332300223,2,1,1,1,30,6,3,0,0,0,0,0,1,3,E01032868,-1,0,0.05069,0.94931,-1,3,30,2,1,2,09:56,5,2,1
2023201400891,2023,201400891,2,2,2,1,75,10,3,0,0,1,0,0,9,-1,-1,3,1,0.0,1.0,-1,3,30,1,1,1,17:00,5,2,9
2023201293106,2023,201293106,2,1,1,2,28,6,3,0,0,0,0,0,9,3,E01032534,3,1,0.0,1.0,-1,3,40,1,1,1,14:20,4,2,9
2023411335895,2023,411335895,2,2,1,2,68,10,2,0,0,0,0,0,9,5,E01023331,6,1,1.0,0.0,-1,6,60,1,1,1,15:33,6,2,9
2023010439448,2023,010439448,2,1,1,1,27,6,3,0,0,0,0,0,1,8,E01030622,-1,0,0.0,1.0,-1,6,20,1,1,1,15:45,3,2,1
2023201410691,2023,201410691,1,1,1,1,34,6,3,0,0,0,0,0,9,6,E01009183,3,1,0.0,1.0,-1,3,30,1,4,1,19:30,5,2,9
2023221339502,2023,221339502,2,2,1,1,19,4,3,0,0,0,0,0,9,5,E01032212,3,1,0.0,1.0,-1,6,30,1,1,1,16:40,5,2,9
2023548976123,2023,548976123,2,1,1,2,17,4,3,0,0,0,0,0,9,7,E01031891,-1,0,0.00454,0.99546,-1,6,60,1,1,1,10:20,3,2,9
2023101389431,2023,101389431,1,1,3,1,27,6,3,9,7,0,0,0,0,2,E01027431,3,1,0.0,1.0,-1,6,30,2,4,2,21:25,1,3,90
2023351333946,2023,351333946,1,1,1,1,55,8,3,0,0,0,0,0,9,4,E01033174,3,1,0.0,1.0,-1,1,50,1,4,1,22:30,5,2,9
2023401303999,2023,401303999,2,1,2,1,6,2,3,0,0,1,0,0,9,9,E01015747,3,1,0.0,1.0,-1,6,40,1,1,1,15:57,5,2,9
2023411310643,2023,411310643,1,3,2,1,55,8,3,0,0,2,0,0,9,4,E01015810,3,1,0.0,1.0,-1,6,60,1,1,1,13:20,1,1,9
2023421275025,2023,421275025,1,3,2,1,20,4,3,0,0,2,0,0,9,-1,-1,3,1,0.0,1.0,-1,6,30,8,4,1,23:20,6,2,9
2023991290380,2023,991290380,2,1,1,2,28,6,2,0,0,0,0,0,9,7,-1,6,1,1.0,0.0,-1,6,60,2,6,2,18:57,6,2,9
2023991338631,2023,991338631,1,1,1,2,21,5,3,0,0,0,0,0,9,1,-1,3,1,0.0,1.0,-1,6,30,1,1,1,17:50,5,2,9
2023991411774,2023,991411774,1,1,3,1,13,3,3,10,1,0,0,2,0,-1,-1,3,1,0.0,1.0,-1,6,30,1,1,1,08:45,5,1,9
2023010431199,2023,010431199,1,1,1,1,43,7,3,0,0,0,0,0,9,-1,-1,-1,0,0.0,1.0,-1,6,20,8,1,1,12:06,5,4,9
2023201381273,2023,201381273,1,1,3,2,14,3,3,5,3,0,0,0,0,1,E01009375,3,1,0.0,1.0,-1,6,30,1,7,1,19:00,4,1,-1
2023501338270,2023,501338270,1,1,3,2,17,4,3,1,1,0,0,-1,0,1,E01015196,3,1,0.0,1.0,-1,6,30,1,1,1,15:30,6,1,11
2023010430471,2023,010430471,2,1,1,1,23,5,3,0,0,0,0,0,3,4,E01003210,-1,0,0.0,1.0,-1,6,20,1,1,1,08:35,1,2,3
2023320550626,2023,320550626,2,1,1,1,27,6,3,0,0,0,0,0,3,5,E01026224,-1,0,0.17892,0.82108,-1,6,50,7,1,1,06:58,3,2,3
2023070877591,2023,070877591,2,1,2,2,60,9,2,0,0,1,0,0,9,7,E01031297,-1,0,1.0,0.0,-1,3,70,1,4,2,23:00,4,3,9
2023401394713,2023,401394713,2,1,1,2,23,5,3,0,0,0,0,0,9,4,E01015717,3,1,0.0,1.0,-1,7,70,2,4,2,18:07,3,2,9
2023010455899,2023,010455899,1,1,1,-1,24,5,3,0,0,0,0,0,1,2,E01003964,-1,0,0.0,1.0,-1,6,30,1,1,1,13:40,3,2,1
2023201413432,2023,201413432,2,1,1,1,48,8,3,0,0,0,0,0,1,5,E01009556,3,1,0.0,1.0,-1,6,40,1,1,2,11:30,1,2,1
2023411430025,2023,411430025,1,1,1,1,32,6,3,0,0,0,0,0,3,5,E01023560,3,1,0.0,1.0,-1,1,30,1,1,2,12:40,2,2,3
2023010445994,2023,010445994,1,1,1,1,59,9,3,0,0,0,0,0,8,2,E01002686,-1,0,0.0,1.0,-1,9,20,1,1,1,04:00,1,2,8
2023471264062,2023,471264062,1,1,1,2,61,9,3,0,0,0,0,0,9,8,E01021140,3,1,0.0,1.0,-1,6,30,8,6,4,22:00,2,1,9
2023471339997,2023,471339997,1,1,1,1,42,7,3,0,0,0,0,0,11,2,E01020929,3,1,0.0,1.0,-1,6,30,1,1,1,07:54,4,3,11
2023041342377,2023,041342377,1,1,2,1,16,4,3,0,0,1,0,0,9,1,E01004841,3,1,0.0,1.0,-1,6,60,1,6,1,21:00,3,1,9
2023101287179,2023,101287179,3,1,1,1,57,9,3,0,0,0,0,0,9,2,E01008633,3,1,0.0,1.0,-1,3,40,1,1,1,09:05,3,4,9
2023131357003,2023,131357003,1,1,2,1,22,5,2,0,0,1,0,0,9,2,E01010852,7,1,1.0,0.0,-1,6,30,8,1,2,15:00,4,2,9
2023501370816,2023,501370816,2,1,1,2,36,7,3,0,0,0,0,0,9,6,E01024236,3,1,0.0,1.0,-1,6,30,1,1,1,18:40,7,2,9
2023201385524,2023,201385524,1,1,3,1,5,1,3,5,2,0,0,0,0,8,E01009559,3,1,0.0,1.0,-1,6,30,1,1,1,17:41,1,1,9
2023010460206,2023,010460206,1,2,2,2,11,3,3,0,0,2,0,0,9,5,E01023661,-1,0,0.0,1.0,-1,3,30,1,1,1,09:00,7,2,9
2023052300387,2023,052300387,3,5,2,2,49,8,3,0,0,2,0,0,9,5,E01007102,-1,0,0.05192,0.94808,-1,3,30,1,4,1,23:55,6,3,9
2023501381801,2023,501381801,1,1,2,1,9,2,3,0,0,-1,0,0,9,5,E01018817,3,1,0.0,1.0,-1,6,50,2,1,2,15:45,7,1,9
2023544266123,2023,544266123,2,1,1,2,24,5,3,0,0,0,0,0,9,8,E01031873,-1,0,0.01993,0.98007,-1,1,30,1,4,1,22:37,1,2,9
2023440029955,2023,440029955,1,2,3,2,53,8,3,5,1,0,0,0,0,-1,-1,-1,0,0.15795,0.84205,-1,3,30,1,1,1,11:24,2,1,9
2023111358647,2023,111358647,2,1,1,2,55,8,3,0,0,0,0,0,1,8,E01008761,3,1,0.0,1.0,-1,6,30,1,1,1,10:15,7,2,1
2023201291008,2023,201291008,2,2,1,2,57,9,3,0,0,0,0,0,9,5,E01009135,3,1,0.0,1.0,-1,6,30,1,1,1,13:15,2,2,9
2023201403003,2023,201403003,2,2,2,2,63,9,3,0,0,2,0,0,9,3,E01009777,3,1,0.0,1.0,-1,3,40,1,1,1,11:05,5,2,9
2023221281453,2023,221281453,1,1,1,2,25,5,3,0,0,0,0,0,9,4,E01029003,3,1,0.0,1.0,-1,6,60,1,6,1,00:50,6,1,9
2023451282079,2023,451282079,1,2,1,1,34,6,3,0,0,0,0,0,9,6,E01030801,3,1,0.0,1.0,-1,6,40,1,4,2,02:15,7,1,9
2023201426415,2023,201426415,2,2,1,2,23,5,3,0,0,0,0,0,9,8,E01017215,3,1,0.0,1.0,-1,6,30,1,4,2,22:39,5,2,9
2023451316694,2023,451316694,1,1,2,2,84,11,3,0,0,1,0,0,9,-1,-1,3,1,0.0,1.0,-1,3,70,1,1,1,11:39,5,2,9
2023548827723,2023,548827723,1,1,1,1,22,5,2,0,0,0,0,0,9,7,E01032007,-1,0,1.0,0.0,-1,3,40,1,1,1,13:07,2,2,9
2023501304725,2023,501304725,2,1,2,2,60,9,3,0,0,0,4,0,11,7,E01022924,3,1,0.0,1.0,-1,6,30,1,1,1,14:18,4,2,11
2023351287026,2023,351287026,2,1,1,2,26,6,2,0,0,0,0,0,1,8,E01018000,7,1,1.0,0.0,-1,6,30,1,4,1,18:35,4,2,1
2023010422390,2023,010422390,3,3,2,1,12,3,3,0,0,2,0,0,9,7,E01000198,-1,0,0.0,1.0,-1,3,50,1,4,1,19:20,5,5,9
2023052300751,2023,052300751,1,1,1,2,32,6,3,0,0,0,0,0,9,7,E01007077,-1,0,0.05916,0.94084,-1,6,30,1,1,1,12:15,6,2,9
2023161341282,2023,161341282,1,2,2,2,17,4,3,0,0,1,0,0,9,5,E01013317,3,1,0.0,1.0,-1,6,60,1,6,1,21:28,1,2,9
2023351324114,2023,351324114,1,1,1,2,48,8,3,0,0,0,0,0,9,8,E01033119,3,1,0.0,1.0,-1,6,60,1,1,1,13:58,6,2,9
2023361368603,2023,361368603,2,1,1,2,17,4,3,0,0,0,0,0,9,6,E01026761,3,1,0.0,1.0,-1,6,30,1,4,1,22:08,3,2,9
2023411399068,2023,411399068,1,3,2,2,56,9,3,0,0,1,0,0,9,4,E01023652,3,1,0.0,1.0,-1,6,30,1,4,1,17:30,1,2,9
2023311265656,2023,311265656,1,1,3,2,12,3,3,9,7,0,0,0,0,3,E01028258,3,1,0.0,1.0,-1,6,30,8,1,1,08:45,2,1,9
2023010441838,2023,010441838,1,1,1,2,28,6,3,0,0,0,0,0,1,1,E01004675,-1,0,0.0,1.0,-1,6,30,8,1,1,12:40,7,2,1
2023131294911,2023,131294911,1,1,1,1,39,7,3,0,0,0,0,0,3,8,E01011930,3,1,0.0,1.0,-1,6,30,1,4,1,22:37,7,2,3
2023440028666,2023,440028666,1,1,2,2,82,11,1,0,0,1,0,0,9,10,E01016622,-1,0,0.0,0.0,-1,3,70,1,1,1,08:47,1,2,9
2023101383535,2023,101383535,1,2,3,2,13,3,3,5,3,0,0,0,0,-1,-1,3,1,0.0,1.0,-1,6,30,1,1,1,15:35,4,1,9
2023101263531,2023,101263531,2,1,1,1,13,3,2,0,0,0,0,0,1,1,E01027542,7,1,1.0,0.0,-1,6,20,1,4,1,20:00,6,2,1
2023010436307,2023,010436307,1,1,1,1,31,6,3,0,0,0,0,0,3,4,E01002088,-1,0,0.0,1.0,-1,6,20,1,4,1,21:00,5,2,3
2023320689155,2023,320689155,1,1,1,2,37,7,3,0,0,0,0,0,9,7,E01026029,-1,0,0.06599,0.93401,-1,6,30,1,4,1,22:10,2,2,9
2023351357694,2023,351357694,1,1,1,2,48,8,2,0,0,0,0,0,9,9,E01018123,5,1,1.0,0.0,-1,6,40,1,4,1,19:25,6,1,9
2023401289091,2023,401289091,2,2,2,2,5,1,3,0,0,2,0,0,9,7,E01033192,3,1,0.0,1.0,-1,6,30,1,4,1,19:15,5,2,9
2023401345125,2023,401345125,2,3,2,1,17,4,2,0,0,2,0,0,9,4,E01017487,7,1,1.0,0.0,-1,6,60,1,6,1,22:28,4,2,9
2023401386369,2023,401386369,1,1,1,1,24,5,3,0,0,0,0,0,9,9,E01015797,3,1,0.0,1.0,-1,6,50,1,1,1,14:14,6,2,9
2023010438473,2023,010438473,1,1,3,1,42,7,3,1,1,0,0,0,0,5,E01001200,-1,0,0.0,1.0,-1,6,20,2,1,2,15:30,5,1,9
2023522300599,2023,522300599,1,1,3,1,11,3,3,4,9,0,0,0,0,2,E01014526,-1,0,0.1124,0.8876,-1,6,30,1,1,1,15:27,2,1,9
2023061399302,2023,061399302,1,1,3,2,37,7,2,6,9,0,0,-1,0,4,E01005358,6,1,1.0,0.0,-1,6,20,2,1,2,12:50,4,1,9
2023052300414,2023,052300414,1,1,2,1,43,7,3,0,0,1,0,0,9,1,E01006699,-1,0,0.04209,0.95791,-1,6,30,1,4,1,19:36,5,2,9
2023401388629,2023,401388629,2,1,1,1,32,6,3,0,0,0,0,0,9,7,E01010498,3,1,0.0,1.0,-1,3,70,1,1,2,09:00,4,2,9
2023991339171,2023,991339171,2,2,2,2,24,5,2,0,0,1,0,0,9,9,-1,7,1,1.0,0.0,-1,6,30,1,1,1,14:12,6,2,9
2023440115394,2023,440115394,1,1,3,1,66,10,2,5,1,0,0,0,0,10,E01023239,-1,0,1.0,0.0,-1,6,30,1,1,2,10:16,5,1,9
2023010446664,2023,010446664,1,1,1,1,41,7,3,0,0,0,0,0,3,5,E01003067,-1,0,0.0,1.0,-1,6,20,1,1,1,11:20,7,2,3
2023520301793,2023,520301793,1,1,1,2,22,5,3,0,0,0,0,0,3,3,E01029284,-1,0,0.10099,0.89901,-1,1,30,1,1,1,21:10,4,2,3
2023010449408,2023,010449408,2,1,1,1,39,7,3,0,0,0,0,0,4,5,E01003411,-1,0,0.0,1.0,-1,6,20,1,1,1,08:30,6,2,4
2023010429745,2023,010429745,2,2,1,2,57,9,3,0,0,0,0,0,9,10,E01030930,-1,0,0.0,1.0,-1,6,30,1,1,1,16:00,3,3,9
2023010459087,2023,010459087,1,1,2,1,73,10,3,0,0,0,3,0,11,7,E01000764,-1,0,0.0,1.0,-1,6,20,2,1,2,17:45,7,1,11
2023991302428,2023,991302428,1,1,1,1,38,7,3,0,0,0,0,0,19,6,-1,3,1,0.0,1.0,-1,3,70,2,1,2,12:00,1,2,19
2023201416474,2023,201416474,2,1,1,-1,-1,-1,3,0,0,0,0,0,-1,1,E01009384,3,1,0.0,1.0,-1,6,30,1,1,2,15:30,5,2,-1
2023010472989,2023,010472989,1,1,3,2,23,5,3,1,3,0,0,0,0,9,E01004053,-1,0,0.0,1.0,-1,6,20,2,4,2,18:00,4,1,9
2023320299630,2023,320299630,2,1,1,1,73,10,2,0,0,0,0,0,5,8,E01026136,-1,0,1.0,0.0,-1,6,60,1,1,1,12:47,4,2,5
2023520400903,2023,520400903,1,2,2,2,16,4,3,0,0,1,0,0,9,3,E01029072,-1,0,0.08413,0.91587,-1,6,60,1,6,2,19:30,7,1,9
2023430527050,2023,430527050,1,1,2,2,77,11,3,0,0,1,0,0,9,-1,-1,-1,0,0.01256,0.98744,-1,1,30,1,1,1,13:00,6,2,9
2023131295010,2023,131295010,1,1,1,1,47,8,3,0,0,0,0,0,19,1,E01011045,3,1,0.0,1.0,-1,6,30,1,1,1,12:09,1,2,19
2023340NN0182,2023,340NN0182,2,1,1,1,31,6,3,0,0,0,0,0,-1,2,E01027349,-1,0,0.07293,0.92707,-1,6,30,1,4,2,17:00,2,2,-1
2023991329741,2023,991329741,1,1,1,2,31,6,3,0,0,0,0,0,1,5,-1,3,1,0.0,1.0,-1,6,30,1,1,2,13:20,7,2,1
2023010482074,2023,010482074,1,1,1,1,49,8,3,0,0,0,0,0,3,2,E01003502,-1,0,0.0,1.0,-1,9,20,1,1,9,16:40,5,2,3
2023221354805,2023,221354805,1,1,1,1,76,11,3,0,0,0,0,0,4,5,E01010418,3,1,0.0,1.0,-1,6,40,1,1,2,11:26,1,2,4
2023451342505,2023,451342505,1,1,1,1,20,4,2,0,0,0,0,0,9,8,E01030732,7,1,1.0,0.0,-1,6,60,1,6,1,20:02,4,1,9
2023461352222,2023,461352222,2,3,2,2,62,9,3,0,0,0,-1,0,11,5,E01024122,3,1,0.0,1.0,-1,6,30,1,1,1,14:40,6,3,11
2023161285160,2023,161285160,1,1,1,1,62,9,3,0,0,0,0,0,9,3,E01012827,3,1,0.0,1.0,-1,3,40,2,4,2,02:38,6,2,9
2023131351094,2023,131351094,3,1,1,1,39,7,2,0,0,0,0,0,5,8,E01011092,7,1,1.0,0.0,-1,6,30,1,1,2,15:52,1,3,5
2023161263129,2023,161263129,1,1,1,2,26,6,2,0,0,0,0,0,9,1,E01013219,5,1,1.0,0.0,-1,6,30,1,1,1,13:31,5,2,9
2023371307897,2023,371307897,2,1,1,2,48,8,3,0,0,0,0,0,9,2,E01030170,3,1,0.0,1.0,-1,6,30,1,1,1,12:30,7,2,9
2023010465346,2023,010465346,1,1,2,2,54,8,3,0,0,0,4,0,11,2,E01000012,-1,0,0.0,1.0,-1,1,30,1,1,1,16:00,2,1,11