collision_index,collision_year,collision_ref_no,vehicle_reference,casualty_reference,casualty_class,sex_of_casualty,age_of_casualty,age_band_of_casualty,casualty_severity,pedestrian_location,pedestrian_movement,car_passenger,bus_or_coach_passenger,pedestrian_road_maintenance_worker,casualty_type,casualty_imd_decile,lsoa_of_casualty,enhanced_casualty_severity,casualty_injury_based,casualty_adjusted_severity_serious,casualty_adjusted_severity_slight,casualty_distance_banding,road_type,speed_limit,weather_conditions,light_conditions,road_surface_conditions,time,day_of_week,number_of_vehicles,vehicle_type
2023010419183,2023,010419183,2,1,1,1,25,5,3,0,0,0,0,0,9,3,E01001546,-1,0,0.0,1.0,-1,6,30,1,4,1,02:25,1,3,9
2023131363391,2023,131363391,2,1,2,2,31,6,3,0,0,1,0,0,9,5,E01011356,3,1,0.0,1.0,-1,3,40,1,1,1,17:32,1,2,9
2023440200023,2023,440200023,1,1,1,1,22,5,3,0,0,0,0,0,9,3,E01022739,-1,0,0.18197,0.81803,-1,6,40,1,4,1,01:24,1,1,9
2023440361934,2023,440361934,1,1,2,2,68,10,2,0,0,1,0,0,9,5,E01033229,-1,0,1.0,0.0,-1,6,40,1,1,1,09:03,4,2,9
2023451316096,2023,451316096,2,1,1,2,58,9,3,0,0,0,0,0,9,10,E01022856,3,1,0.0,1.0,-1,3,70,1,1,1,16:30,4,2,9
2023461306582,2023,461306582,1,1,2,2,53,8,3,0,0,2,0,0,9,3,E01000373,3,1,0.0,1.0,-1,6,50,1,6,2,21:13,5,1,9
2023421281447,2023,421281447,1,1,3,1,23,5,2,5,2,0,0,0,0,7,E01022067,7,1,1.0,0.0,-1,6,30,1,1,1,10:20,5,1,9
2023010457354,2023,010457354,1,1,1,1,45,7,3,0,0,0,0,0,3,3,E01002048,-1,0,0.0,1.0,-1,9,30,1,1,1,21:15,3,2,3
2023111321046,2023,111321046,2,2,2,2,30,6,3,0,0,2,0,0,8,-1,-1,3,1,0.0,1.0,-1,6,30,1,1,1,15:30,2,2,8
2023411301978,2023,411301978,2,1,1,2,64,9,3,0,0,0,0,0,9,8,E01023875,3,1,0.0,1.0,-1,6,30,1,1,1,10:17,2,2,9
2023991358023,2023,991358023,2,1,1,1,49,8,2,0,0,0,0,0,5,4,-1,7,1,1.0,0.0,-1,6,60,1,1,1,10:00,7,2,5
2023010474660,2023,010474660,1,1,1,1,81,11,3,0,0,0,0,0,9,8,E01002922,-1,0,0.0,1.0,-1,6,20,1,1,2,08:12,1,2,9
2023141362576,2023,141362576,1,2,2,1,24,5,2,0,0,1,0,0,9,1,E01007530,7,1,1.0,0.0,-1,6,40,1,7,1,23:50,4,1,9
2023201432811,2023,201432811,3,1,1,1,22,5,3,0,0,0,0,0,9,1,E01009092,3,1,0.0,1.0,-1,2,30,1,1,1,10:38,5,5,9
2023302301235,2023,302301235,1,1,2,2,57,9,3,0,0,1,0,0,9,9,E01019703,-1,0,0.01916,0.98084,-1,6,30,1,1,1,14:03,5,2,9
2023351402986,2023,351402986,2,1,1,1,49,8,3,0,0,0,0,0,9,9,E01018120,3,1,0.0,1.0,-1,2,30,1,4,1,23:50,6,2,9
2023411354966,2023,411354966,1,1,1,2,45,7,3,0,0,0,0,0,9,8,E01004944,3,1,0.0,1.0,-1,3,70,1,1,1,09:00,5,4,9
2023010478717,2023,010478717,1,1,1,2,23,5,3,0,0,0,0,0,9,-1,-1,-1,0,0.0,1.0,-1,3,70,1,1,2,09:44,4,2,9
2023332300900,2023,332300900,1,1,1,2,49,8,3,0,0,0,0,0,9,2,E01013768,-1,0,0.00383,0.99617,-1,6,30,1,1,1,11:15,7,2,9
202360A175389,2023,60A175389,2,1,1,2,61,9,3,0,0,0,0,0,9,-1,-1,-1,0,0.06598,0.93402,-1,6,20,8,4,2,22:18,6,2,9
2023991271156,2023,991271156,1,1,3,1,10,2,3,1,3,0,0,2,0,7,-1,3,1,0.0,1.0,-1,6,30,1,1,1,16:45,4,1,9
2023010436239,2023,010436239,1,1,1,1,27,6,3,0,0,0,0,0,1,2,E01002056,-1,0,0.0,1.0,-1,6,20,2,1,2,18:45,5,2,1
2023010446356,2023,010446356,1,1,1,1,50,8,3,0,0,0,0,0,1,7,E01027657,-1,0,0.0,1.0,-1,6,30,1,1,1,12:00,5,2,1
2023041319105,2023,041319105,1,1,1,1,55,8,1,0,0,0,0,0,3,7,E01025609,1,1,0.0,0.0,-1,6,50,1,1,1,08:35,5,2,3
2023340NN3832,2023,340NN3832,2,1,1,1,38,7,3,0,0,0,0,0,8,5,E01027100,-1,0,0.03527,0.96473,-1,6,30,2,1,2,15:10,6,2,8
2023131317311,2023,131317311,2,1,2,1,41,7,3,0,0,1,0,0,9,2,E01011235,3,1,0.0,1.0,-1,3,30,1,1,1,17:00,7,2,9
2023371304234,2023,371304234,2,1,1,2,73,10,3,0,0,0,0,0,9,7,E01026932,3,1,0.0,1.0,-1,6,30,1,1,1,15:37,5,2,9
2023421356036,2023,421356036,1,1,1,1,17,4,2,0,0,0,0,0,2,6,E01021401,7,1,1.0,0.0,-1,6,30,1,1,1,10:17,2,2,2
2023061294204,2023,061294204,2,1,1,1,37,7,3,0,0,0,0,0,9,1,E01006027,3,1,0.0,1.0,-1,6,30,1,1,1,19:35,5,2,9
2023340WN4772,2023,340WN4772,1,4,2,1,6,2,3,0,0,1,0,0,9,-1,-1,-1,0,0.0809,0.9191,-1,6,60,1,1,1,15:54,4,2,9
2023520400902,2023,520400902,1,1,1,2,75,10,2,0,0,0,0,0,9,5,E01029137,-1,0,1.0,0.0,-1,6,50,1,6,1,19:25,3,2,9
2023531283184,2023,531283184,2,2,2,1,6,2,2,0,0,2,0,0,9,4,E01032936,7,1,1.0,0.0,-1,6,30,1,1,1,10:30,1,2,9
2023361389379,2023,361389379,2,1,1,1,69,10,2,0,0,0,0,0,1,8,E01026946,7,1,1.0,0.0,-1,6,20,1,1,1,12:00,7,2,1
2023010443996,2023,010443996,1,1,1,1,33,6,3,0,0,0,0,0,3,1,E01002040,-1,0,0.0,1.0,-1,1,20,1,1,1,15:38,5,1,3
2023122301402,2023,122301402,1,1,1,2,59,9,3,0,0,0,0,0,9,6,E01027622,-1,0,0.04284,0.95716,-1,6,30,1,1,1,17:15,4,2,9
2023320372400,2023,320372400,2,1,1,1,38,7,3,0,0,0,0,0,8,5,E01015651,-1,0,0.04988,0.95012,-1,6,30,1,5,1,02:15,1,2,8
2023201417431,2023,201417431,1,2,2,1,36,7,3,0,0,1,0,0,9,5,E01033619,3,1,0.0,1.0,-1,3,30,1,4,1,21:28,4,1,9
2023421320205,2023,421320205,1,6,2,2,15,3,3,0,0,0,4,0,11,7,E01021913,3,1,0.0,1.0,-1,6,30,1,1,1,07:27,2,7,11
2023052300344,2023,052300344,2,1,1,2,76,11,3,0,0,0,0,0,9,5,E01007243,-1,0,0.02763,0.97237,-1,6,30,1,1,1,16:59,2,2,9
2023461309068,2023,461309068,2,1,1,2,45,7,2,0,0,0,0,0,9,5,E01021195,7,1,1.0,0.0,-1,3,30,1,1,1,17:46,7,2,9
2023421331652,2023,421331652,2,1,1,1,17,4,3,0,0,0,0,0,1,10,E01015908,3,1,0.0,1.0,-1,6,30,1,1,1,15:20,2,2,1
2023471309308,2023,471309308,2,1,1,1,49,8,3,0,0,0,0,0,1,7,E01030629,3,1,0.0,1.0,-1,7,40,1,1,1,08:45,6,2,1
2023122300508,2023,122300508,1,1,1,1,67,10,2,0,0,0,0,0,5,6,E01020815,-1,0,1.0,0.0,-1,6,60,1,1,1,16:19,1,1,5
2023131317433,2023,131317433,1,1,1,1,20,4,3,0,0,0,0,0,9,5,E01011500,3,1,0.0,1.0,-1,6,60,1,1,1,21:41,1,3,9
2023361263160,2023,361263160,2,5,2,1,69,10,3,0,0,2,0,0,9,-1,-1,3,1,0.0,1.0,-1,6,60,1,6,1,20:39,6,2,9
2023461333882,2023,461333882,2,2,1,1,33,6,2,0,0,0,0,0,19,9,E01024773,5,1,1.0,0.0,-1,7,40,1,1,1,19:37,5,3,19
2023010420140,2023,010420140,1,1,3,1,84,11,2,5,3,0,0,0,0,1,E01003052,-1,0,1.0,0.0,-1,3,30,2,4,2,16:41,7,1,9
2023010472044,2023,010472044,2,2,1,1,25,5,3,0,0,0,0,0,1,1,E01002720,-1,0,0.0,1.0,-1,3,20,1,1,1,08:55,1,2,1
2023311301845,2023,311301845,2,1,1,1,30,6,3,0,0,0,0,0,3,1,E01013821,3,1,0.0,1.0,-1,6,30,2,1,2,19:00,5,2,3
2023332300836,2023,332300836,1,1,1,1,19,4,3,0,0,0,0,0,9,4,E01013733,-1,0,0.00534,0.99466,-1,6,30,1,1,1,12:20,1,2,9
2023010461119,2023,010461119,1,1,1,1,50,8,3,0,0,0,0,0,19,-1,-1,-1,0,0.0,1.0,-1,6,20,1,1,1,18:34,5,1,19
2023010486982,2023,010486982,2,3,1,1,38,7,3,0,0,0,0,0,9,4,E01030601,-1,0,0.0,1.0,-1,6,30,8,4,2,17:30,6,2,9
2023501268450,2023,501268450,1,3,2,2,74,10,3,0,0,2,0,0,9,4,E01020309,3,1,0.0,1.0,-1,6,60,1,1,4,10:00,5,1,9
2023010437228,2023,010437228,1,1,3,1,40,7,3,1,3,0,0,0,0,2,E01003933,-1,0,0.0,1.0,-1,6,20,1,1,2,16:29,5,1,9
2023010485301,2023,010485301,2,1,1,1,27,6,3,0,0,0,0,0,3,4,E01002884,-1,0,0.0,1.0,-1,3,20,2,1,2,08:20,5,2,3
2023010424829,2023,010424829,1,1,1,1,42,7,3,0,0,0,0,0,5,4,E01001623,-1,0,0.0,1.0,-1,6,30,1,1,1,06:47,5,2,5
2023061346481,2023,061346481,1,1,1,2,22,5,3,0,0,0,0,0,9,2,E01005449,3,1,0.0,1.0,-1,6,30,1,1,1,15:24,7,2,9
2023351305553,2023,351305553,2,2,1,2,56,9,2,0,0,0,0,0,9,6,E01021406,7,1,1.0,0.0,-1,3,60,1,1,1,17:09,1,2,9
2023411287305,2023,411287305,1,1,1,2,44,7,3,0,0,0,0,0,9,5,E01023930,3,1,0.0,1.0,-1,1,60,1,1,1,15:30,4,2,9
2023010481598,2023,010481598,1,3,2,-1,-1,-1,3,0,0,2,0,0,9,2,E01000096,-1,0,0.0,1.0,-1,6,20,1,4,1,03:05,7,2,9
2023201409131,2023,201409131,2,3,2,2,8,2,3,0,0,-1,0,0,9,2,E01009839,3,1,0.0,1.0,-1,6,20,1,1,2,15:30,3,2,9
2023201419519,2023,201419519,2,2,1,1,41,7,3,0,0,0,0,0,9,3,E01009606,3,1,0.0,1.0,-1,3,50,1,1,2,11:20,1,2,9
2023010450943,2023,010450943,1,1,3,1,18,4,3,1,4,0,0,0,0,-1,-1,-1,0,0.0,1.0,-1,6,20,1,1,1,08:10,4,1,3
2023010480432,2023,010480432,1,1,1,1,27,6,3,0,0,0,0,0,3,2,E01004024,-1,0,0.0,1.0,-1,6,30,1,4,1,17:30,6,2,3
2023141309496,2023,141309496,1,1,1,1,36,7,3,0,0,0,0,0,9,10,E01007932,3,1,0.0,1.0,-1,6,30,1,1,1,10:30,7,2,9
2023010434182,2023,010434182,1,1,1,1,42,7,3,0,0,0,0,0,1,8,E01004593,-1,0,0.0,1.0,-1,6,30,1,1,2,07:15,6,2,1
2023122300211,2023,122300211,2,1,1,1,23,5,3,0,0,0,0,0,1,7,E01013336,-1,0,0.06708,0.93292,-1,6,30,1,4,1,18:10,5,2,1
2023201284830,2023,201284830,2,1,2,2,37,7,3,0,0,1,0,0,9,-1,-1,3,1,0.0,1.0,-1,3,30,1,1,1,16:39,2,2,9
2023221387085,2023,221387085,2,1,1,2,26,6,3,0,0,0,0,0,9,10,E01014177,3,1,0.0,1.0,-1,6,30,1,1,2,08:00,2,2,9
2023320159575,2023,320159575,2,2,1,1,32,6,3,0,0,0,0,0,9,5,E01026034,-1,0,0.05567,0.94433,-1,6,60,2,6,2,18:00,4,2,9
2023340NN1112,2023,340NN1112,1,1,1,1,64,9,3,0,0,0,0,0,9,7,E01026978,-1,0,0.04978,0.95022,-1,6,30,1,1,1,12:00,7,2,9
2023340WN1052,2023,340WN1052,1,1,1,2,19,4,3,0,0,0,0,0,9,10,E01027298,-1,0,0.04148,0.95852,-1,6,30,1,1,1,12:35,4,2,9
2023401383455,2023,401383455,2,2,2,2,11,3,3,0,0,2,0,0,9,7,E01016740,3,1,0.0,1.0,-1,3,70,7,4,2,05:09,1,4,9
2023471337899,2023,471337899,2,2,1,2,54,8,3,0,0,0,0,0,9,6,E01030827,3,1,0.0,1.0,-1,6,50,1,1,1,12:17,5,2,9
2023061392546,2023,061392546,1,1,1,1,42,7,3,0,0,0,0,0,9,2,E01004906,3,1,0.0,1.0,-1,6,30,1,1,2,16:09,1,3,9
2023411364170,2023,411364170,3,3,2,2,69,10,3,0,0,1,0,0,9,-1,-1,3,1,0.0,1.0,-1,3,40,1,1,1,14:59,7,3,9
2023010425079,2023,010425079,1,1,1,1,32,6,3,0,0,0,0,0,9,5,E01030725,-1,0,0.0,1.0,-1,7,40,1,4,1,20:02,5,2,9
2023010431932,2023,010431932,1,4,2,2,15,3,3,0,0,2,0,0,9,2,E01004471,-1,0,0.0,1.0,-1,6,30,1,1,1,12:59,2,2,9
2023010461293,2023,010461293,1,1,1,2,34,6,3,0,0,0,0,0,9,5,E01002083,-1,0,0.0,1.0,-1,3,20,1,5,1,20:17,6,2,9
2023041311521,2023,041311521,1,1,1,2,42,7,2,0,0,0,0,0,9,7,E01024999,5,1,1.0,0.0,-1,6,40,1,1,1,08:54,5,3,9
2023311354191,2023,311354191,2,2,1,2,44,7,3,0,0,0,0,0,9,2,E01028112,3,1,0.0,1.0,-1,6,30,2,4,2,06:15,3,2,9
2023351321267,2023,351321267,2,2,2,2,19,4,3,0,0,2,0,0,9,7,E01026240,3,1,0.0,1.0,-1,6,30,1,4,1,18:28,6,2,9
2023440220612,2023,440220612,1,1,1,1,67,10,3,0,0,0,0,0,9,5,E01017067,-1,0,0.08555,0.91445,-1,6,30,1,1,1,09:45,1,2,9
2023010421133,2023,010421133,1,1,3,2,32,6,3,4,1,0,0,0,0,3,E01003563,-1,0,0.0,1.0,-1,6,30,2,1,1,12:49,6,1,9
2023201360209,2023,201360209,1,1,3,1,43,7,3,4,1,0,0,2,0,6,E01010174,3,1,0.0,1.0,-1,6,30,1,1,1,15:30,1,1,9
2023052302334,2023,052302334,2,1,1,1,29,6,3,0,0,0,0,0,1,1,E01007292,-1,0,0.11138,0.88862,-1,1,30,2,1,2,17:45,2,2,1
2023010483420,2023,010483420,1,1,1,1,43,7,3,0,0,0,0,0,9,6,E01003219,-1,0,0.0,1.0,-1,9,30,8,5,1,20:30,7,2,9
2023451329591,2023,451329591,1,1,2,1,21,5,2,0,0,2,0,0,9,5,E01030982,7,1,1.0,0.0,-1,6,40,1,6,1,00:30,7,1,9
2023461274530,2023,461274530,1,1,1,2,-1,-1,3,0,0,0,0,0,9,4,E01024243,3,1,0.0,1.0,-1,6,40,1,6,1,18:55,4,2,9
2023461382775,2023,461382775,2,1,1,2,35,6,3,0,0,0,0,0,9,6,E01024556,3,1,0.0,1.0,-1,6,50,2,1,2,08:32,5,2,9
2023122301083,2023,122301083,1,1,1,1,40,7,2,0,0,0,0,0,5,5,E01033202,-1,0,1.0,0.0,-1,6,60,1,1,1,13:10,1,1,5
2023610040723,2023,610040723,1,1,3,1,14,3,3,1,1,0,0,0,0,4,W01001438,-1,0,0.08685,0.91315,-1,6,20,1,1,1,15:10,6,1,9
2023451276223,2023,451276223,2,1,1,1,58,9,2,0,0,0,0,0,19,5,E01017908,7,1,1.0,0.0,-1,3,70,1,1,1,14:14,3,2,19
2023231375347,2023,231375347,2,1,1,2,28,6,3,0,0,0,0,0,1,4,E01031276,3,1,0.0,1.0,-1,6,30,1,1,1,13:00,6,2,1
2023211277969,2023,211277969,1,1,3,1,49,8,3,6,9,0,0,0,0,8,E01029799,3,1,0.0,1.0,-1,6,30,1,4,1,21:15,7,1,9
2023052302263,2023,052302263,1,1,1,1,51,8,3,0,0,0,0,0,1,-1,-1,-1,0,0.19936,0.80064,-1,6,30,1,1,1,17:28,7,1,1
2023010428944,2023,010428944,1,1,1,2,47,8,3,0,0,0,0,0,9,3,E01000082,-1,0,0.0,1.0,-1,6,30,1,1,1,13:01,6,2,9
2023451345838,2023,451345838,1,1,1,2,27,6,3,0,0,0,0,0,9,10,E01030614,3,1,0.0,1.0,-1,6,30,2,1,2,16:50,7,1,9
2023440036281,2023,440036281,1,1,2,2,69,10,3,0,0,0,4,0,11,4,E01017087,-1,0,0.08189,0.91811,-1,6,30,1,1,1,13:46,6,2,11
2023131258655,2023,131258655,1,1,1,2,57,9,3,0,0,0,0,0,9,2,E01010799,3,1,0.0,1.0,-1,6,30,8,6,2,03:10,1,2,9
2023052302831,2023,052302831,2,1,1,2,27,6,3,0,0,0,0,0,9,7,E01006810,-1,0,0.00587,0.99413,-1,3,30,1,1,2,08:05,5,2,9
2023461261332,2023,461261332,1,1,1,1,72,10,2,0,0,0,0,0,1,10,E01024837,5,1,1.0,0.0,-1,6,30,1,4,2,20:07,2,1,1
2023010462851,2023,010462851,1,1,3,2,34,6,3,5,1,0,0,0,0,3,E01003567,-1,0,0.0,1.0,-1,6,30,1,1,1,16:30,2,1,9
2023131272519,2023,131272519,1,1,3,1,85,11,2,5,3,0,0,-1,0,1,E01010744,7,1,1.0,0.0,-1,6,20,1,1,1,12:28,1,1,9
2023311310882,2023,311310882,1,1,3,2,46,8,3,6,8,0,0,0,0,3,E01028297,3,1,0.0,1.0,-1,6,30,1,1,1,15:30,3,1,9
2023421371796,2023,421371796,1,1,3,1,10,2,2,5,3,0,0,0,0,6,E01033056,7,1,1.0,0.0,-1,6,30,1,1,1,15:31,3,1,9
2023501402387,2023,501402387,2,1,1,1,42,7,2,0,0,0,0,0,1,4,E01018781,7,1,1.0,0.0,-1,6,30,1,1,1,08:15,4,2,1
2023440258549,2023,440258549,2,1,1,1,32,6,2,0,0,0,0,0,5,2,E01017326,-1,0,1.0,0.0,-1,6,40,1,1,1,16:38,4,2,5
2023111313317,2023,111313317,2,1,1,1,43,7,2,0,0,0,0,0,9,9,E01020702,7,1,1.0,0.0,-1,6,30,1,1,1,17:30,3,2,9
2023331331108,2023,331331108,2,2,2,1,7,2,3,0,0,2,0,0,9,7,E01011402,3,1,0.0,1.0,-1,3,70,1,1,1,19:20,7,2,9
2023451374658,2023,451374658,1,1,1,1,49,8,2,0,0,0,0,0,9,4,E01000611,7,1,1.0,0.0,-1,3,70,1,4,2,01:15,4,2,9
2023520300383,2023,520300383,1,1,1,1,68,10,3,0,0,0,0,0,9,4,E01029335,-1,0,0.08144,0.91856,-1,6,60,5,6,2,12:20,3,2,9
2023991342067,2023,991342067,1,1,2,1,33,6,3,0,0,1,0,0,9,-1,-1,3,1,0.0,1.0,-1,3,70,2,1,2,20:25,3,1,9
2023010432530,2023,010432530,1,1,1,2,35,6,3,0,0,0,0,0,9,4,E01001704,-1,0,0.0,1.0,-1,9,30,8,1,1,01:15,5,2,9
2023010479424,2023,010479424,1,1,1,2,24,5,3,0,0,0,0,0,9,5,E01004463,-1,0,0.0,1.0,-1,6,20,1,4,1,07:02,4,2,9
2023411382489,2023,411382489,1,1,1,1,46,8,3,0,0,0,0,0,9,-1,-1,3,1,0.0,1.0,-1,3,70,1,1,1,17:50,2,2,9
2023471299800,2023,471299800,1,1,1,2,47,8,3,0,0,0,0,0,9,3,E01000742,3,1,0.0,1.0,-1,6,30,1,1,1,17:03,7,2,9
2023440321201,2023,440321201,2,1,1,1,17,4,2,0,0,0,0,0,3,2,E01022820,-1,0,1.0,0.0,-1,6,30,1,1,1,17:10,4,2,3
2023451377039,2023,451377039,1,1,3,2,18,4,3,1,9,0,0,0,0,10,E01030623,3,1,0.0,1.0,-1,6,30,1,7,2,18:00,4,1,-1
2023211332934,2023,211332934,2,1,1,1,66,10,3,0,0,0,0,0,9,3,E01029355,3,1,0.0,1.0,-1,6,50,2,1,2,15:25,6,3,9
2023471392263,2023,471392263,2,4,1,1,53,8,3,0,0,0,0,0,9,9,E01021023,3,1,0.0,1.0,-1,3,70,2,4,2,17:33,2,2,9
2023421318462,2023,421318462,2,2,1,2,28,6,2,0,0,0,0,0,9,4,E01022050,7,1,1.0,0.0,-1,6,30,1,1,1,19:10,1,3,9
2023071015579,2023,071015579,1,1,3,2,25,5,3,8,5,0,0,0,0,1,E01018745,-1,0,0.08848,0.91152,-1,6,30,1,1,1,14:20,2,2,9
2023371312729,2023,371312729,1,1,3,2,26,6,3,6,8,0,0,0,0,6,E01030006,3,1,0.0,1.0,-1,6,30,1,1,1,15:30,2,1,98
2023010479945,2023,010479945,1,1,1,1,34,6,3,0,0,0,0,0,9,4,E01021277,-1,0,0.0,1.0,-1,6,30,1,1,1,15:00,6,2,9
2023101345972,2023,101345972,2,1,1,1,65,9,3,0,0,0,0,0,9,9,E01020786,3,1,0.0,1.0,-1,6,30,1,1,1,13:00,1,2,9
2023471389941,2023,471389941,1,1,1,1,28,6,3,0,0,0,0,0,9,6,E01031656,3,1,0.0,1.0,-1,6,60,1,1,2,08:15,6,4,9
2023461356105,2023,461356105,1,1,1,1,7,2,3,0,0,0,0,0,97,1,E01024389,3,1,0.0,1.0,-1,6,30,1,1,1,17:59,2,2,97
2023332300828,2023,332300828,2,1,1,1,67,10,3,0,0,0,0,0,1,10,E01025695,-1,0,0.11694,0.88306,-1,6,40,1,1,1,20:00,4,2,1
2023010441551,2023,010441551,1,1,1,1,29,6,3,0,0,0,0,0,3,6,E01002204,-1,0,0.0,1.0,-1,6,30,9,1,9,12:50,6,2,3
2023141280667,2023,141280667,2,1,1,2,50,8,3,0,0,0,0,0,9,2,E01007451,3,1,0.0,1.0,-1,6,30,1,4,1,21:25,1,2,9
2023141302182,2023,141302182,2,2,1,1,32,6,2,0,0,0,0,0,19,10,E01008146,7,1,1.0,0.0,-1,6,30,1,4,1,21:55,6,2,19
2023401296556,2023,401296556,1,1,3,2,13,3,2,5,3,0,0,0,0,7,E01033432,7,1,1.0,0.0,-1,6,30,1,4,1,19:20,6,1,9
2023320145873,2023,320145873,2,1,1,1,45,7,3,0,0,0,0,0,1,1,E01026126,-1,0,0.05102,0.94898,-1,2,30,9,4,1,16:45,6,2,1
2023471295954,2023,471295954,1,1,1,1,20,4,2,0,0,0,0,0,1,3,E01031559,6,1,1.0,0.0,-1,6,30,1,1,1,15:45,3,2,1
2023041314455,2023,041314455,1,1,2,1,36,7,3,0,0,2,0,0,9,2,E01012579,3,1,0.0,1.0,-1,3,50,1,1,1,11:19,7,2,9
2023401293967,2023,401293967,2,1,1,1,22,5,3,0,0,0,0,0,9,10,E01017397,3,1,0.0,1.0,-1,7,30,1,1,2,11:40,1,2,9
2023411417590,2023,411417590,1,2,1,1,21,5,2,0,0,0,0,0,9,3,E01023343,7,1,1.0,0.0,-1,1,30,1,1,1,17:19,3,2,9
2023061301319,2023,061301319,2,2,2,1,55,8,3,0,0,1,0,0,9,3,E01006020,3,1,0.0,1.0,-1,6,30,1,1,1,17:03,4,2,9
2023631323795,2023,631323795,2,1,2,2,64,9,3,0,0,1,0,0,9,6,E01028868,3,1,0.0,1.0,-1,6,60,1,1,2,20:30,4,2,9
2023320405199,2023,320405199,1,1,1,1,82,11,2,0,0,0,0,0,22,2,E01026108,-1,0,1.0,0.0,-1,6,30,1,1,1,15:50,7,1,22
2023141354615,2023,141354615,2,1,1,2,35,6,3,0,0,0,0,0,9,2,E01007578,3,1,0.0,1.0,-1,3,40,1,4,2,22:15,4,2,9
2023461382222,2023,461382222,2,1,1,1,54,8,2,0,0,0,0,0,9,8,E01024419,6,1,1.0,0.0,-1,6,40,2,1,2,10:45,2,2,9
2023622300978,2023,622300978,1,1,1,1,35,6,3,0,0,0,0,0,9,6,W01000979,-1,0,0.02213,0.97787,-1,6,40,1,1,1,07:13,2,3,9
2023332300130,2023,332300130,2,1,1,2,27,6,3,0,0,0,0,0,1,7,E01033386,-1,0,0.07871,0.92129,-1,6,30,1,1,1,17:00,2,2,1
2023010480158,2023,010480158,1,5,2,2,-1,-1,3,0,0,0,3,0,11,5,E01002613,-1,0,0.0,1.0,-1,6,20,1,4,1,17:45,7,1,11
2023991370197,2023,991370197,1,3,3,1,11,3,3,6,9,0,0,0,0,-1,-1,3,1,0.0,1.0,-1,6,20,1,4,2,18:55,5,2,9
2023010464688,2023,010464688,1,1,1,1,25,5,2,0,0,0,0,0,1,4,E01001756,-1,0,1.0,0.0,-1,1,20,1,1,1,18:20,5,2,1
2023010467250,2023,010467250,2,1,1,1,35,6,3,0,0,0,0,0,1,5,E01001248,-1,0,0.0,1.0,-1,2,20,2,1,2,15:35,4,2,1
2023010468079,2023,010468079,2,2,1,1,35,6,3,0,0,0,0,0,1,4,E01004049,-1,0,0.0,1.0,-1,6,30,1,1,1,08:43,7,3,1
2023010471081,2023,010471081,3,1,1,1,43,7,2,0,0,0,0,0,1,4,E01003900,-1,0,1.0,0.0,-1,3,40,1,1,1,08:44,3,3,1
2023131258738,2023,131258738,1,1,1,1,18,4,3,0,0,0,0,0,9,3,E01010825,3,1,0.0,1.0,-1,3,30,1,4,2,21:05,1,1,9
2023451262043,2023,451262043,2,1,1,1,58,9,3,0,0,0,0,0,9,10,E01030871,3,1,0.0,1.0,-1,6,20,1,1,1,12:50,4,2,9
2023061271959,2023,061271959,1,2,3,2,45,7,3,1,3,0,0,2,0,-1,-1,3,1,0.0,1.0,-1,6,20,2,1,2,15:10,7,1,9
2023041322510,2023,041322510,1,1,1,1,12,3,3,0,0,0,0,0,1,1,E01025112,3,1,0.0,1.0,-1,6,30,1,1,1,19:31,7,2,1
2023371331512,2023,371331512,2,1,1,2,57,9,3,0,0,0,0,0,1,9,E01033450,3,1,0.0,1.0,-1,6,40,1,1,1,08:23,3,2,1
2023552301141,2023,552301141,2,1,1,1,49,8,3,0,0,0,0,0,1,10,E01022994,-1,0,0.07785,0.92215,-1,6,30,1,1,1,17:03,3,2,1
2023052302776,2023,052302776,2,2,1,1,67,10,3,0,0,0,0,0,9,3,E01007253,-1,0,0.06374,0.93626,-1,6,20,1,1,2,13:30,7,2,9
2023101261304,2023,101261304,2,2,1,1,64,9,3,0,0,0,0,0,9,4,E01008536,3,1,0.0,1.0,-1,3,70,1,6,1,22:10,2,2,9
2023211434709,2023,211434709,1,1,1,1,29,6,3,0,0,0,0,0,9,2,E01010057,3,1,0.0,1.0,-1,6,40,1,4,1,19:36,4,2,9
2023221342395,2023,221342395,1,1,1,2,63,9,3,0,0,0,0,0,9,9,E01028839,3,1,0.0,1.0,-1,6,60,2,1,2,12:34,2,1,9
2023302300141,2023,302300141,1,2,2,2,19,4,3,0,0,1,0,0,9,1,E01005754,-1,0,0.07087,0.92913,-1,6,60,1,6,4,22:21,2,1,9
2023451266077,2023,451266077,2,2,1,2,51,8,2,0,0,0,0,0,9,10,E01030585,5,1,1.0,0.0,-1,6,30,1,6,1,18:30,5,2,9
2023461273950,2023,461273950,1,1,1,1,57,9,3,0,0,0,0,0,9,4,E01016074,3,1,0.0,1.0,-1,6,30,1,1,1,19:25,5,2,9
2023461344105,2023,461344105,2,2,1,1,46,8,3,0,0,0,0,0,9,10,E01024523,3,1,0.0,1.0,-1,6,30,1,1,1,16:25,4,3,9
2023041298757,2023,041298757,2,1,1,1,18,4,3,0,0,0,0,0,3,7,E01025123,3,1,0.0,1.0,-1,6,30,1,1,1,16:29,3,2,3
2023122400144,2023,122400144,1,1,1,1,32,6,3,0,0,0,0,0,19,-1,-1,-1,0,0.03747,0.96253,-1,6,40,1,1,2,09:26,4,2,19