collision_index,collision_year,collision_ref_no,vehicle_reference,casualty_reference,casualty_class,sex_of_casualty,age_of_casualty,age_band_of_casualty,casualty_severity,pedestrian_location,pedestrian_movement,car_passenger,bus_or_coach_passenger,pedestrian_road_maintenance_worker,casualty_type,casualty_imd_decile,lsoa_of_casualty,enhanced_casualty_severity,casualty_injury_based,casualty_adjusted_severity_serious,casualty_adjusted_severity_slight,casualty_distance_banding,road_type,speed_limit,weather_conditions,light_conditions,road_surface_conditions,time,day_of_week,number_of_vehicles,vehicle_type
2023471260789,2023,471260789,2,1,1,1,33,6,3,0,0,0,0,0,5,6,E01016878,3,1,0.0,1.0,-1,6,20,2,1,2,07:20,1,2,5
2023471301228,2023,471301228,2,1,1,1,89,11,2,0,0,0,0,0,5,9,E01021124,7,1,1.0,0.0,-1,6,30,1,1,1,13:35,4,2,5
2023052300457,2023,052300457,2,1,1,1,51,8,3,0,0,0,0,0,19,2,E01006723,-1,0,0.03194,0.96806,-1,3,30,1,1,1,07:54,2,2,19
2023201383171,2023,201383171,1,1,3,2,12,3,3,1,3,0,0,0,0,7,E01009562,3,1,0.0,1.0,-1,3,40,1,1,1,17:12,5,1,9
2023061325790,2023,061325790,2,1,1,1,-1,-1,3,0,0,0,0,0,1,1,E01005219,3,1,0.0,1.0,-1,6,30,1,1,1,08:25,2,2,1
2023010481184,2023,010481184,1,1,3,2,39,7,3,1,3,0,0,0,0,2,E01001861,-1,0,0.0,1.0,-1,6,30,1,4,1,18:45,4,1,9
2023401308797,2023,401308797,1,1,3,1,45,7,3,6,9,0,0,0,0,3,E01015788,3,1,0.0,1.0,-1,6,30,1,1,1,16:00,5,1,98
2023522300705,2023,522300705,1,1,1,1,21,5,3,0,0,0,0,0,3,2,E01033361,-1,0,0.09514,0.90486,-1,1,30,1,4,2,20:55,1,2,3
2023010431795,2023,010431795,1,2,2,2,16,4,3,0,0,1,0,0,9,10,E01001416,-1,0,0.0,1.0,-1,3,30,1,1,1,14:41,1,2,9
2023041295215,2023,041295215,1,1,2,1,9,2,3,0,0,1,0,0,9,2,E01004871,3,1,0.0,1.0,-1,6,30,1,1,1,17:05,6,2,9
2023061292753,2023,061292753,1,1,2,2,20,4,2,0,0,2,0,0,9,2,E01005337,5,1,1.0,0.0,-1,3,30,1,4,1,05:19,7,2,9
2023440402674,2023,440402674,1,1,1,1,40,7,2,0,0,0,0,0,9,7,E01022489,-1,0,1.0,0.0,-1,6,50,1,6,2,19:40,2,2,9
2023221328974,2023,221328974,2,3,2,2,35,6,3,0,0,2,0,0,9,8,E01032286,3,1,0.0,1.0,-1,6,40,1,1,1,18:05,2,2,9
2023340WN4512,2023,340WN4512,4,1,1,2,30,6,3,0,0,0,0,0,9,2,E01027248,-1,0,0.05947,0.94053,-1,3,70,1,1,1,16:30,4,4,9
2023361325998,2023,361325998,1,3,2,1,8,2,3,0,0,2,0,0,9,5,E01026760,3,1,0.0,1.0,-1,6,60,4,1,2,07:46,4,2,9
2023430118379,2023,430118379,2,3,2,2,49,8,3,0,0,1,0,0,9,10,E01017798,-1,0,0.10109,0.89891,-1,6,60,8,6,2,20:15,5,2,9
2023461307256,2023,461307256,2,1,1,1,36,7,3,0,0,0,0,0,9,6,E01015968,3,1,0.0,1.0,-1,3,50,1,1,1,17:20,6,2,9
2023520400439,2023,520400439,1,1,1,2,84,11,3,0,0,0,0,0,9,5,E01029058,-1,0,0.08503,0.91497,-1,6,60,1,1,1,12:18,7,2,9
2023411289320,2023,411289320,2,1,1,-1,32,6,3,0,0,0,0,0,3,4,E01000286,3,1,0.0,1.0,-1,1,30,1,1,1,13:00,7,2,3
2023010474231,2023,010474231,1,1,1,1,17,4,3,0,0,0,0,0,3,5,E01032803,-1,0,0.0,1.0,-1,9,20,1,4,2,06:45,4,2,3
2023010445347,2023,010445347,1,1,1,1,25,5,3,0,0,0,0,0,2,6,E01001312,-1,0,0.0,1.0,-1,2,20,1,1,1,20:30,6,2,2
2023201393318,2023,201393318,1,1,3,1,16,4,3,6,8,0,0,0,0,1,E01009510,3,1,0.0,1.0,-1,6,20,1,1,1,14:00,2,1,9
2023351369095,2023,351369095,1,1,1,1,43,7,3,0,0,0,0,0,19,4,E01026695,3,1,0.0,1.0,-1,3,70,1,6,1,23:17,2,2,19
2023101264671,2023,101264671,1,1,3,1,20,4,3,5,1,0,0,0,0,-1,-1,3,1,0.0,1.0,-1,6,20,1,4,2,03:05,7,1,9
2023010465948,2023,010465948,1,1,1,1,33,6,3,0,0,0,0,0,3,5,E01001652,-1,0,0.0,1.0,-1,9,20,1,1,1,11:17,5,2,3
2023501338651,2023,501338651,1,1,1,1,53,8,2,0,0,0,0,0,4,8,E01019930,6,1,1.0,0.0,-1,6,40,1,1,1,08:20,1,2,4
2023631319584,2023,631319584,2,1,1,1,67,10,3,0,0,0,0,0,17,6,W01000519,3,1,0.0,1.0,-1,6,50,8,6,-1,17:25,3,2,17
2023010434909,2023,010434909,1,1,1,2,21,5,3,0,0,0,0,0,9,2,E01023338,-1,0,0.0,1.0,-1,3,40,1,1,1,17:58,4,2,9
2023010469514,2023,010469514,1,1,1,1,54,8,3,0,0,0,0,0,9,2,E01004023,-1,0,0.0,1.0,-1,3,20,1,1,1,14:20,2,3,9
2023231272700,2023,231272700,2,1,1,2,23,5,2,0,0,0,0,0,9,1,E01009659,6,1,1.0,0.0,-1,3,70,1,6,1,20:00,6,2,9
2023991375445,2023,991375445,2,2,1,1,59,9,3,0,0,0,0,0,9,-1,-1,3,1,0.0,1.0,-1,3,50,1,4,1,19:05,5,3,9
2023141337630,2023,141337630,1,2,2,1,76,11,3,0,0,2,0,0,9,-1,-1,3,1,0.0,1.0,-1,6,30,2,1,2,16:53,4,2,9
2023170L20343,2023,170L20343,2,2,2,2,64,9,3,0,0,1,0,0,9,-1,-1,-1,0,0.05838,0.94162,-1,6,30,1,1,1,08:55,3,2,9
2023451294592,2023,451294592,1,2,2,1,20,4,2,0,0,1,0,0,9,10,E01030542,7,1,1.0,0.0,-1,6,30,8,1,2,17:45,5,2,9
2023461275930,2023,461275930,1,1,2,1,73,10,3,0,0,1,0,0,9,8,E01024514,3,1,0.0,1.0,-1,6,20,1,1,2,07:36,3,2,9
2023131390259,2023,131390259,2,1,1,1,77,11,3,0,0,0,0,0,9,1,E01011122,3,1,0.0,1.0,-1,6,30,1,4,2,20:41,1,2,9
2023411390124,2023,411390124,2,1,1,1,36,7,3,0,0,0,0,0,9,9,E01021781,3,1,0.0,1.0,-1,6,50,8,4,1,17:40,2,2,9
2023451329649,2023,451329649,1,3,2,1,7,2,2,0,0,2,0,0,9,7,E01017789,7,1,1.0,0.0,-1,3,40,1,1,2,08:50,7,2,9
2023471391087,2023,471391087,2,1,1,2,40,7,3,0,0,0,0,0,9,3,E01021044,3,1,0.0,1.0,-1,6,30,4,1,1,10:20,5,2,9
2023461380368,2023,461380368,1,2,1,1,41,7,2,0,0,0,0,0,98,-1,-1,7,1,1.0,0.0,-1,3,70,1,4,1,20:40,6,2,98
2023031273128,2023,031273128,1,1,3,1,47,8,3,8,3,0,0,0,0,-1,-1,3,1,0.0,1.0,-1,1,30,1,1,1,07:20,3,1,9
202363B031723,2023,63B031723,2,1,1,1,59,9,3,0,0,0,0,0,1,-1,-1,-1,0,0.18414,0.81586,-1,6,60,1,1,1,14:00,3,2,1
2023010453413,2023,010453413,1,2,3,1,63,9,3,1,3,0,0,0,0,9,E01000829,-1,0,0.0,1.0,-1,6,30,1,1,1,20:20,4,1,3
2023010435615,2023,010435615,1,1,1,1,34,6,3,0,0,0,0,0,3,2,E01000523,-1,0,0.0,1.0,-1,6,20,1,4,1,20:56,7,2,3
2023010446783,2023,010446783,2,3,2,1,57,9,3,0,0,1,0,0,9,4,E01032742,-1,0,0.0,1.0,-1,6,30,1,1,1,16:27,7,2,9
2023052300619,2023,052300619,2,1,1,2,29,6,3,0,0,0,0,0,9,6,E01006900,-1,0,0.06553,0.93447,-1,6,30,1,1,1,11:38,5,2,9
2023131383421,2023,131383421,2,2,1,1,58,9,3,0,0,0,0,0,9,10,E01010691,3,1,0.0,1.0,-1,6,50,8,1,4,08:25,4,2,9
2023161292598,2023,161292598,2,3,1,1,27,6,3,0,0,0,0,0,9,3,E01013158,3,1,0.0,1.0,-1,6,30,1,1,1,16:35,6,3,9
2023221274187,2023,221274187,2,1,1,1,36,7,3,0,0,0,0,0,9,1,E01009214,3,1,0.0,1.0,-1,6,40,1,5,2,05:24,7,3,9
2023351315794,2023,351315794,1,1,1,2,40,7,3,0,0,0,0,0,9,7,E01017516,3,1,0.0,1.0,-1,6,60,1,1,1,09:35,6,4,9
2023421353369,2023,421353369,2,1,1,2,33,6,3,0,0,0,0,0,9,10,E01021609,3,1,0.0,1.0,-1,9,30,1,4,2,23:59,1,2,9
2023052301976,2023,052301976,1,1,3,1,67,10,3,10,9,0,0,0,0,1,W01000304,-1,0,0.14955,0.85045,-1,6,30,1,1,1,16:40,5,1,-1
2023010427584,2023,010427584,2,1,1,1,30,6,3,0,0,0,0,0,1,4,E01001928,-1,0,0.0,1.0,-1,6,20,1,1,1,16:10,5,2,1
2023101296347,2023,101296347,2,1,1,1,52,8,3,0,0,0,0,0,1,-1,-1,3,1,0.0,1.0,-1,6,30,1,4,2,06:30,5,2,1
2023122400017,2023,122400017,1,2,3,2,12,3,3,5,1,0,0,0,0,1,E01027907,-1,0,0.02835,0.97165,-1,6,30,1,1,1,08:20,3,1,9
2023430413945,2023,430413945,1,1,1,2,34,6,2,0,0,0,0,0,3,5,E01017837,-1,0,1.0,0.0,-1,6,40,1,1,1,08:03,6,1,3
2023430436902,2023,430436902,2,1,1,1,32,6,3,0,0,0,0,0,4,3,E01016721,-1,0,0.01797,0.98203,-1,6,30,1,1,1,17:33,5,2,4
2023060948832,2023,060948832,1,1,1,2,30,6,3,0,0,0,0,0,9,4,W01000293,-1,0,0.08542,0.91458,-1,3,70,5,1,2,15:02,7,2,9
2023531376835,2023,531376835,2,1,2,2,28,6,3,0,0,1,0,0,9,9,E01022378,3,1,0.0,1.0,-1,6,30,1,4,1,17:00,2,3,9
2023991375815,2023,991375815,1,1,3,2,32,6,3,8,3,0,0,0,0,6,-1,3,1,0.0,1.0,-1,6,30,1,4,1,19:00,2,1,9
2023531394070,2023,531394070,2,1,1,1,14,3,3,0,0,0,0,0,1,6,E01022454,3,1,0.0,1.0,-1,6,30,1,4,1,17:45,2,2,1
2023010433461,2023,010433461,2,1,1,1,49,8,3,0,0,0,0,0,9,7,E01001226,-1,0,0.0,1.0,-1,6,20,1,4,1,19:50,3,2,9
2023010449510,2023,010449510,1,1,1,2,53,8,3,0,0,0,0,0,9,4,E01001595,-1,0,0.0,1.0,-1,6,20,1,1,1,14:05,6,3,9
2023010472363,2023,010472363,1,1,1,2,44,7,3,0,0,0,0,0,9,10,E01030324,-1,0,0.0,1.0,-1,6,20,1,1,1,17:37,2,1,9
2023622300342,2023,622300342,2,2,1,1,39,7,3,0,0,0,0,0,19,2,W01001237,-1,0,0.02812,0.97188,-1,6,30,1,1,1,17:37,2,2,19
2023010423627,2023,010423627,2,1,1,1,19,4,3,0,0,0,0,0,-1,7,E01004605,-1,0,0.0,1.0,-1,6,20,1,1,1,08:48,5,2,-1
2023010453363,2023,010453363,1,1,3,2,65,9,2,6,9,0,0,0,0,7,E01000334,-1,0,1.0,0.0,-1,6,30,1,1,1,10:30,3,1,22
2023010470544,2023,010470544,1,1,1,1,42,7,3,0,0,0,0,0,4,3,E01001440,-1,0,0.0,1.0,-1,9,20,1,1,1,12:05,5,2,4
2023010471008,2023,010471008,1,1,3,2,40,7,3,5,3,0,0,0,0,5,E01001232,-1,0,0.0,1.0,-1,6,20,1,1,1,16:38,2,1,9
2023201393285,2023,201393285,1,1,3,1,52,8,3,9,9,0,0,2,0,-1,-1,3,1,0.0,1.0,-1,6,30,1,1,1,20:30,6,1,8
2023411404722,2023,411404722,1,1,3,1,93,11,2,5,3,0,0,0,0,10,E01023443,6,1,1.0,0.0,-1,6,30,1,1,1,09:12,6,1,19
2023461308293,2023,461308293,1,1,1,2,-1,-1,3,0,0,0,0,0,90,-1,-1,3,1,0.0,1.0,-1,6,30,1,1,-1,14:24,1,2,90
2023010442592,2023,010442592,1,1,3,1,17,4,2,9,7,0,0,0,0,-1,-1,-1,0,1.0,0.0,-1,3,30,8,1,1,16:18,6,1,11
2023401371675,2023,401371675,1,1,3,1,8,2,3,5,4,0,0,0,0,3,E01015765,3,1,0.0,1.0,-1,6,20,2,1,2,16:37,5,1,19
2023440110000,2023,440110000,1,1,3,2,25,5,3,6,9,0,0,0,0,8,E01000246,-1,0,0.05476,0.94524,-1,6,30,1,1,2,11:50,1,1,9
2023010467966,2023,010467966,1,1,1,1,29,6,3,0,0,0,0,0,1,3,E01004437,-1,0,0.0,1.0,-1,6,30,1,1,1,13:30,5,2,1
2023451384007,2023,451384007,1,1,1,1,40,7,3,0,0,0,0,0,1,10,E01030495,3,1,0.0,1.0,-1,6,30,2,7,2,17:10,4,2,1
2023010478821,2023,010478821,2,1,1,1,19,4,3,0,0,0,0,0,4,2,E01004014,-1,0,0.0,1.0,-1,3,40,1,4,2,19:57,7,2,4
2023451279912,2023,451279912,1,1,2,1,17,4,3,0,0,2,0,0,9,9,E01030916,3,1,0.0,1.0,-1,6,40,1,6,4,22:30,5,1,9
2023351284046,2023,351284046,2,1,1,1,-1,-1,3,0,0,0,0,0,1,10,E01018267,3,1,0.0,1.0,-1,6,50,1,1,-1,07:05,2,2,1
2023401266868,2023,401266868,2,1,1,1,35,6,3,0,0,0,0,0,1,6,E01017540,3,1,0.0,1.0,-1,6,30,1,4,1,07:03,3,2,1
2023411387576,2023,411387576,2,1,1,1,61,9,2,0,0,0,0,0,4,4,E01023543,6,1,1.0,0.0,-1,6,30,8,1,2,14:10,7,2,4
2023061281562,2023,061281562,1,1,3,2,59,9,3,5,1,0,0,0,0,6,E01006221,3,1,0.0,1.0,-1,6,30,1,1,1,11:00,7,1,19
2023201459057,2023,201459057,1,1,3,1,44,7,3,1,3,0,0,2,0,-1,-1,3,1,0.0,1.0,-1,6,30,4,4,1,17:19,5,1,9
2023211354949,2023,211354949,1,1,3,2,78,11,3,5,3,0,0,0,0,4,E01014219,3,1,0.0,1.0,-1,6,30,2,1,2,09:00,3,1,9
2023010462746,2023,010462746,1,1,1,1,20,4,2,0,0,0,0,0,1,10,E01003007,-1,0,1.0,0.0,-1,6,20,1,4,1,23:45,1,1,1
2023061369152,2023,061369152,2,1,1,2,19,4,3,0,0,0,0,0,9,7,E01025506,3,1,0.0,1.0,-1,6,30,2,4,2,17:50,3,2,9
2023101273532,2023,101273532,1,1,2,1,22,5,3,0,0,1,0,0,9,-1,-1,3,1,0.0,1.0,-1,6,50,1,6,1,18:45,2,1,9
2023531375153,2023,531375153,1,1,1,1,13,3,3,0,0,0,0,0,1,10,E01022106,3,1,0.0,1.0,-1,6,30,1,1,1,14:11,7,2,1
2023461350564,2023,461350564,2,1,1,1,38,7,1,0,0,0,0,0,5,8,E01024255,1,1,0.0,0.0,-1,6,60,1,1,1,17:35,6,2,5
2023131319855,2023,131319855,1,1,3,1,8,2,3,8,1,0,0,1,0,1,E01010782,3,1,0.0,1.0,-1,6,30,1,1,1,18:52,7,1,9
2023430557492,2023,430557492,1,1,3,2,43,7,3,5,1,0,0,0,0,10,E01017871,-1,0,0.09508,0.90492,-1,6,30,1,1,1,08:02,4,1,9
2023471372761,2023,471372761,2,1,1,1,59,9,3,0,0,0,0,0,9,8,E01016875,3,1,0.0,1.0,-1,3,30,1,4,1,20:28,5,2,9
2023501300034,2023,501300034,1,1,1,1,18,4,3,0,0,0,0,0,9,3,E01018974,3,1,0.0,1.0,-1,6,60,1,1,1,18:03,2,2,9
2023401337239,2023,401337239,1,1,1,1,40,7,2,0,0,0,0,0,5,9,E01023644,7,1,1.0,0.0,-1,6,60,1,1,1,09:45,1,2,5
2023010465384,2023,010465384,1,1,3,1,8,2,3,9,9,0,0,0,0,2,E01003601,-1,0,0.0,1.0,-1,2,20,1,1,1,17:15,2,1,9
2023421390475,2023,421390475,1,1,3,1,16,4,3,6,6,0,0,0,0,10,E01021625,3,1,0.0,1.0,-1,6,30,1,1,1,08:12,4,1,9
2023010461665,2023,010461665,2,1,1,1,31,6,2,0,0,0,0,0,4,4,E01003249,-1,0,1.0,0.0,-1,6,20,1,1,1,12:05,2,2,4
2023010478960,2023,010478960,1,1,1,1,29,6,3,0,0,0,0,0,1,-1,-1,-1,0,0.0,1.0,-1,6,20,1,1,1,10:15,1,2,1
2023481366784,2023,481366784,2,1,1,1,41,7,3,0,0,0,0,0,1,-1,-1,3,1,0.0,1.0,-1,3,20,1,1,1,13:50,2,2,1
2023471300057,2023,471300057,1,1,3,1,50,8,2,10,9,0,0,0,0,4,E01031433,6,1,1.0,0.0,-1,6,30,1,1,1,14:45,7,1,9
2023471302283,2023,471302283,1,1,3,2,12,3,2,5,3,0,0,0,0,8,E01016958,5,1,1.0,0.0,-1,6,20,1,1,1,14:40,7,1,9
2023061312674,2023,061312674,2,1,1,2,39,7,3,0,0,0,0,0,1,7,E01006127,3,1,0.0,1.0,-1,1,30,1,1,1,00:01,5,2,1
2023010423517,2023,010423517,1,1,3,1,13,3,2,5,1,0,0,0,0,8,E01004502,-1,0,1.0,0.0,-1,6,20,2,4,2,16:35,4,2,9
2023010435262,2023,010435262,1,1,3,1,60,9,3,8,3,0,0,0,0,7,E01023809,-1,0,0.0,1.0,-1,7,20,2,4,2,21:08,6,1,8
2023311350369,2023,311350369,2,1,1,1,31,6,3,0,0,0,0,0,1,3,E01033398,3,1,0.0,1.0,-1,6,30,1,1,1,16:30,5,2,1
2023440165477,2023,440165477,2,1,1,1,47,8,3,0,0,0,0,0,1,4,E01017193,-1,0,0.10777,0.89223,-1,6,30,2,1,2,18:59,5,2,1
2023010481454,2023,010481454,1,1,1,1,21,5,2,0,0,0,0,0,2,2,E01002634,-1,0,1.0,0.0,-1,6,20,1,4,1,20:55,6,2,2
2023010419438,2023,010419438,1,1,1,1,43,7,3,0,0,0,0,0,3,6,E01003386,-1,0,0.0,1.0,-1,9,20,2,1,1,11:17,3,2,3
2023010419949,2023,010419949,1,1,1,1,46,8,3,0,0,0,0,0,3,5,E01003435,-1,0,0.0,1.0,-1,9,20,1,1,1,11:15,4,2,3
2023461358562,2023,461358562,1,1,1,1,21,5,3,0,0,0,0,0,3,2,E01024699,3,1,0.0,1.0,-1,3,60,1,1,1,16:27,5,2,3
2023010449094,2023,010449094,1,1,1,1,37,7,3,0,0,0,0,0,2,5,E01000530,-1,0,0.0,1.0,-1,6,20,1,4,1,21:28,4,2,2
2023461349730,2023,461349730,1,1,3,2,55,8,3,6,9,0,0,0,0,8,E01023136,3,1,0.0,1.0,-1,6,20,1,1,1,13:30,2,1,9
2023010434412,2023,010434412,1,1,1,2,44,7,3,0,0,0,0,0,9,7,E01003419,-1,0,0.0,1.0,-1,3,40,1,4,1,06:00,2,2,9
2023010463443,2023,010463443,1,1,1,1,51,8,3,0,0,0,0,0,9,-1,-1,-1,0,0.0,1.0,-1,6,30,8,4,1,00:17,6,2,9
2023041352297,2023,041352297,1,3,2,2,18,4,2,0,0,2,0,0,9,10,E01025016,7,1,1.0,0.0,-1,6,30,2,4,2,00:02,5,1,9
2023211381200,2023,211381200,2,1,1,1,29,6,3,0,0,0,0,0,1,2,E01029842,3,1,0.0,1.0,-1,1,30,1,1,1,08:00,6,2,1
2023451267911,2023,451267911,1,1,3,1,33,6,3,5,3,0,0,0,0,-1,-1,3,1,0.0,1.0,-1,6,30,1,1,1,07:45,2,1,9
2023010443176,2023,010443176,2,1,1,1,54,8,3,0,0,0,0,0,1,5,E01003495,-1,0,0.0,1.0,-1,3,30,1,4,1,00:13,3,2,1
2023411321038,2023,411321038,2,1,1,1,44,7,3,0,0,0,0,0,1,7,E01022088,3,1,0.0,1.0,-1,6,30,1,1,1,19:32,3,2,1
2023010422252,2023,010422252,2,1,2,1,21,5,3,0,0,2,0,0,8,-1,-1,-1,0,0.0,1.0,-1,3,40,1,1,2,12:51,5,3,8
2023010426973,2023,010426973,1,1,1,1,45,7,3,0,0,0,0,0,1,10,E01024272,-1,0,0.0,1.0,-1,1,20,1,1,1,08:45,2,2,1
2023361357656,2023,361357656,1,1,1,1,38,7,2,0,0,0,0,0,4,7,E01026910,6,1,1.0,0.0,-1,6,30,1,1,2,20:12,7,1,4
2023320498241,2023,320498241,2,2,1,1,52,8,3,0,0,0,0,0,9,3,E01026085,-1,0,0.03554,0.96446,-1,6,50,1,1,1,11:20,6,4,9
2023451280276,2023,451280276,2,2,1,2,31,6,3,0,0,0,0,0,9,8,E01030735,3,1,0.0,1.0,-1,6,30,1,4,1,17:22,6,2,9
2023111299246,2023,111299246,1,1,1,2,20,4,3,0,0,0,0,0,9,5,E01020693,3,1,0.0,1.0,-1,6,30,8,1,1,19:30,4,1,9
2023170L20803,2023,170L20803,1,2,2,2,52,8,3,0,0,1,0,0,9,4,E01012145,-1,0,0.0295,0.9705,-1,3,50,2,1,2,15:34,1,2,9
2023302300091,2023,302300091,1,1,1,1,48,8,3,0,0,0,0,0,9,8,E01019840,-1,0,0.02148,0.97852,-1,3,60,3,1,3,13:29,2,3,9
2023451280697,2023,451280697,1,2,2,1,7,2,3,0,0,2,0,0,9,3,E01002595,3,1,0.0,1.0,-1,3,70,1,1,1,11:20,1,3,9
2023010449870,2023,010449870,1,1,1,2,56,9,3,0,0,0,0,0,9,8,E01004110,-1,0,0.0,1.0,-1,6,30,1,1,1,15:36,1,1,9
2023361390766,2023,361390766,2,1,1,2,65,9,3,0,0,0,0,0,9,4,E01026752,3,1,0.0,1.0,-1,3,70,1,6,1,17:21,4,2,9
2023221372883,2023,221372883,2,2,1,1,28,6,2,0,0,0,0,0,19,7,W01000434,7,1,1.0,0.0,-1,6,40,2,6,2,17:30,3,2,19
2023440426586,2023,440426586,1,1,1,1,86,11,3,0,0,0,0,0,9,3,E01022487,-1,0,0.16503,0.83497,-1,6,30,2,1,2,10:33,4,1,9
2023552300825,2023,552300825,2,2,1,1,33,6,3,0,0,0,0,0,9,5,E01032054,-1,0,0.04539,0.95461,-1,6,40,1,1,1,13:36,7,2,9
2023340NN4102,2023,340NN4102,2,3,2,1,11,3,3,0,0,2,0,0,9,-1,-1,-1,0,0.0384,0.9616,-1,6,30,1,1,1,15:45,6,2,9
2023430093836,2023,430093836,2,1,1,2,30,6,3,0,0,0,0,0,9,7,E01017548,-1,0,0.01022,0.98978,-1,3,40,2,1,2,07:30,4,2,9
2023461325163,2023,461325163,1,1,1,2,31,6,3,0,0,0,0,0,9,1,E01024581,3,1,0.0,1.0,-1,6,60,1,6,1,01:00,5,1,9
2023471314612,2023,471314612,1,2,2,2,51,8,3,0,0,1,0,0,9,8,E01016981,3,1,0.0,1.0,-1,6,20,1,1,1,18:23,7,2,9
2023622300830,2023,622300830,1,1,1,1,39,7,2,0,0,0,0,0,9,1,W01000992,-1,0,1.0,0.0,-1,6,20,1,4,1,00:51,4,4,9
2023991308475,2023,991308475,2,1,1,1,20,4,3,0,0,0,0,0,9,2,-1,3,1,0.0,1.0,-1,6,30,1,1,1,14:50,4,2,9
2023010475021,2023,010475021,1,1,1,1,32,6,3,0,0,0,0,0,19,4,E01001675,-1,0,0.0,1.0,-1,6,20,1,4,2,05:20,3,2,19
2023991333200,2023,991333200,1,1,1,1,52,8,3,0,0,0,0,0,19,-1,-1,3,1,0.0,1.0,-1,6,60,1,1,2,08:50,3,3,19
2023010436092,2023,010436092,1,1,3,-1,28,6,3,10,9,0,0,0,0,4,E01032778,-1,0,0.0,1.0,-1,9,20,9,5,9,19:29,4,1,8
2023010446244,2023,010446244,1,1,3,1,48,8,3,1,1,0,0,0,0,4,E01002224,-1,0,0.0,1.0,-1,6,20,1,1,1,19:50,4,1,9
2023010484223,2023,010484223,1,1,1,1,24,5,3,0,0,0,0,0,3,3,E01000522,-1,0,0.0,1.0,-1,1,20,1,1,1,12:50,6,2,3
2023061321167,2023,061321167,2,1,1,-1,36,7,3,0,0,0,0,0,1,10,E01004967,3,1,0.0,1.0,-1,6,30,1,1,1,12:42,1,2,1
2023552300479,2023,552300479,2,1,1,1,49,8,3,0,0,0,0,0,20,9,E01020464,-1,0,0.0357,0.9643,-1,6,40,1,1,1,12:14,3,2,20
2023131311622,2023,131311622,3,3,1,1,61,9,3,0,0,0,0,0,9,9,E01010953,3,1,0.0,1.0,-1,3,30,1,1,1,04:25,6,3,9
2023010477666,2023,010477666,1,1,3,2,15,3,3,5,1,0,0,0,0,-1,-1,-1,0,0.0,1.0,-1,3,20,2,1,2,16:05,6,1,8
2023320516804,2023,320516804,1,1,1,1,40,7,3,0,0,0,0,0,1,-1,-1,-1,0,0.18503,0.81497,-1,6,30,1,4,1,23:30,4,2,1
2023010442515,2023,010442515,1,1,1,1,29,6,3,0,0,0,0,0,3,5,E01003083,-1,0,0.0,1.0,-1,9,20,1,1,1,09:32,6,2,3
2023320181946,2023,320181946,2,3,1,2,57,9,3,0,0,0,0,0,9,7,E01025659,-1,0,0.07325,0.92675,-1,6,60,1,4,2,20:30,7,2,9
2023421321778,2023,421321778,2,1,1,2,33,6,3,0,0,0,0,0,9,3,E01016036,3,1,0.0,1.0,-1,1,30,8,1,1,18:39,5,2,9
2023041278442,2023,041278442,1,1,1,2,31,6,3,0,0,0,0,0,9,2,E01012685,3,1,0.0,1.0,-1,6,60,1,1,1,11:51,7,1,9
2023070441338,2023,070441338,2,2,1,1,38,7,3,0,0,0,0,0,9,4,E01012469,-1,0,0.00889,0.99111,-1,6,30,1,1,1,07:50,4,2,9
2023302300560,2023,302300560,2,1,1,2,22,5,3,0,0,0,0,0,9,7,E01019521,-1,0,0.01173,0.98827,-1,6,30,2,1,2,07:45,5,2,9
2023411341445,2023,411341445,2,3,2,1,15,3,3,0,0,2,0,0,9,4,E01023333,3,1,0.0,1.0,-1,6,30,1,4,2,21:58,4,2,9
2023461380263,2023,461380263,3,3,1,2,26,6,3,0,0,0,0,0,9,-1,-1,3,1,0.0,1.0,-1,6,60,1,1,1,11:48,4,3,9
2023522301367,2023,522301367,2,1,1,1,17,4,3,0,0,0,0,0,4,8,E01033338,-1,0,0.13857,0.86143,-1,6,30,1,4,1,23:54,3,2,4
2023010425093,2023,010425093,1,1,3,1,-1,-1,3,5,3,0,0,0,0,2,E01003507,-1,0,0.0,1.0,-1,6,30,1,1,1,11:50,6,3,11
2023501304862,2023,501304862,1,1,3,1,18,4,2,5,1,0,0,0,0,6,E01018852,7,1,1.0,0.0,-1,6,20,1,4,1,22:24,7,1,3
2023010478057,2023,010478057,1,1,1,1,47,8,3,0,0,0,0,0,1,3,E01003627,-1,0,0.0,1.0,-1,6,20,8,4,1,23:10,3,2,1
2023010469807,2023,010469807,1,1,1,1,32,6,3,0,0,0,0,0,3,2,E01000526,-1,0,0.0,1.0,-1,6,30,1,1,1,16:10,3,2,3
2023052300806,2023,052300806,1,1,1,1,23,5,3,0,0,0,0,0,23,2,E01006718,-1,0,0.1929,0.8071,-1,6,30,1,4,1,22:00,5,2,23
2023010456998,2023,010456998,1,1,1,1,28,6,3,0,0,0,0,0,2,3,E01001043,-1,0,0.0,1.0,-1,6,20,1,1,1,12:30,2,2,2
2023010477660,2023,010477660,1,1,1,1,65,9,3,0,0,0,0,0,1,5,E01004377,-1,0,0.0,1.0,-1,6,30,1,1,1,09:45,2,2,1
2023471341546,2023,471341546,2,1,1,2,27,6,3,0,0,0,0,0,1,-1,-1,3,1,0.0,1.0,-1,6,30,1,1,1,13:00,1,3,1
2023052301871,2023,052301871,1,1,3,1,24,5,1,6,9,0,0,0,0,-1,-1,-1,0,0.0,0.0,-1,3,20,1,1,1,08:25,5,1,21