collision_index,collision_year,collision_ref_no,vehicle_reference,casualty_reference,casualty_class,sex_of_casualty,age_of_casualty,age_band_of_casualty,casualty_severity,pedestrian_location,pedestrian_movement,car_passenger,bus_or_coach_passenger,pedestrian_road_maintenance_worker,casualty_type,casualty_imd_decile,lsoa_of_casualty,enhanced_casualty_severity,casualty_injury_based,casualty_adjusted_severity_serious,casualty_adjusted_severity_slight,casualty_distance_banding,road_type,speed_limit,weather_conditions,light_conditions,road_surface_conditions,time,day_of_week,number_of_vehicles,vehicle_type
2023531354687,2023,531354687,2,1,1,1,62,9,3,0,0,0,0,0,4,7,E01022287,3,1,0.0,1.0,-1,1,30,1,1,1,08:15,5,2,4
2023010424342,2023,010424342,1,1,1,2,35,6,3,0,0,0,0,0,9,10,E01004101,-1,0,0.0,1.0,-1,2,30,1,1,1,10:33,2,2,9
2023320372982,2023,320372982,1,3,1,1,25,5,3,0,0,0,0,0,9,2,E01009121,-1,0,0.09932,0.90068,-1,6,60,1,1,1,08:50,1,2,9
2023451371399,2023,451371399,1,1,1,1,20,4,3,0,0,0,0,0,3,7,E01003839,3,1,0.0,1.0,-1,3,40,1,4,1,23:30,1,2,3
2023031315672,2023,031315672,1,2,1,2,46,8,3,0,0,0,0,0,9,-1,-1,3,1,0.0,1.0,-1,6,60,1,1,1,15:55,3,2,9
2023371363343,2023,371363343,1,1,1,1,62,9,2,0,0,0,0,0,9,6,E01015244,6,1,1.0,0.0,-1,3,70,1,1,1,11:05,2,2,9
2023552301429,2023,552301429,2,3,1,2,33,6,3,0,0,0,0,0,9,6,E01015368,-1,0,0.03218,0.96782,-1,6,30,1,1,1,09:52,4,2,9
2023010432048,2023,010432048,1,1,2,1,50,8,3,0,0,0,3,0,11,3,E01001981,-1,0,0.0,1.0,-1,6,20,1,1,1,14:35,2,1,11
2023461283523,2023,461283523,1,1,1,2,20,4,3,0,0,0,0,0,3,4,E01024284,3,1,0.0,1.0,-1,3,50,2,1,2,07:35,4,2,3
2023010449429,2023,010449429,1,1,1,1,75,10,3,0,0,0,0,0,9,9,E01000686,-1,0,0.0,1.0,-1,6,20,1,1,1,10:20,6,1,9
2023211316173,2023,211316173,1,2,2,1,25,5,2,0,0,1,0,0,9,3,E01029599,6,1,1.0,0.0,-1,6,30,1,4,1,23:50,1,1,9
2023501363047,2023,501363047,1,2,2,1,45,7,3,0,0,1,0,0,9,-1,-1,3,1,0.0,1.0,-1,6,30,1,1,1,10:05,1,5,9
2023010454647,2023,010454647,1,1,3,2,60,9,3,5,1,0,0,0,0,4,E01004628,-1,0,0.0,1.0,-1,3,40,1,1,1,16:55,3,1,1
2023421264056,2023,421264056,1,1,3,1,62,9,2,10,9,0,0,0,0,7,E01033143,7,1,1.0,0.0,-1,6,40,1,4,4,20:57,2,1,9
2023010468176,2023,010468176,1,1,1,1,29,6,3,0,0,0,0,0,3,9,E01017821,-1,0,0.0,1.0,-1,9,20,9,1,9,14:35,6,2,3
2023010453960,2023,010453960,2,1,1,1,60,9,3,0,0,0,0,0,4,4,E01001645,-1,0,0.0,1.0,-1,3,30,2,1,2,13:30,7,2,4
2023131386947,2023,131386947,2,1,1,1,35,6,3,0,0,0,0,0,9,1,E01010614,3,1,0.0,1.0,-1,3,70,2,4,2,17:44,2,2,9
2023461388557,2023,461388557,3,2,1,1,20,4,3,0,0,0,0,0,9,6,E01032798,3,1,0.0,1.0,-1,3,70,1,6,2,00:48,7,3,9
2023101315713,2023,101315713,2,1,2,1,19,4,3,0,0,1,0,0,9,-1,-1,3,1,0.0,1.0,-1,7,30,1,4,1,22:12,2,2,9
2023161309435,2023,161309435,1,1,1,2,30,6,3,0,0,0,0,0,9,5,E01012804,3,1,0.0,1.0,-1,6,30,1,1,1,17:55,5,2,9
2023540168623,2023,540168623,1,2,2,1,20,4,3,0,0,1,0,0,9,6,E01032051,-1,0,0.06165,0.93835,-1,6,50,2,6,2,22:54,5,1,9
2023991306727,2023,991306727,2,1,1,1,46,8,3,0,0,0,0,0,9,4,-1,3,1,0.0,1.0,-1,6,40,1,1,1,09:50,3,2,9
2023440497071,2023,440497071,2,1,1,1,59,9,3,0,0,0,0,0,1,8,E01017086,-1,0,0.18323,0.81677,-1,6,30,1,4,2,17:33,3,2,1
2023411387795,2023,411387795,2,1,1,1,48,8,3,0,0,0,0,0,3,7,E01023561,3,1,0.0,1.0,-1,6,30,1,1,1,07:40,3,2,3
2023411339526,2023,411339526,2,1,1,1,61,9,2,0,0,0,0,0,5,5,E01023791,5,1,1.0,0.0,-1,6,60,1,1,1,15:02,1,2,5
2023311334177,2023,311334177,2,2,2,2,30,6,3,0,0,1,0,0,9,2,E01028269,3,1,0.0,1.0,-1,6,30,1,4,1,22:57,5,2,9
2023010459618,2023,010459618,2,4,2,2,47,8,3,0,0,2,0,0,9,3,E01004217,-1,0,0.0,1.0,-1,6,20,2,4,2,22:25,3,2,9
2023141328649,2023,141328649,2,1,1,1,43,7,3,0,0,0,0,0,9,3,E01011125,3,1,0.0,1.0,-1,6,30,1,1,1,09:00,4,2,9
2023340NN3222,2023,340NN3222,1,1,3,2,30,6,3,1,9,0,0,0,0,-1,-1,-1,0,0.18398,0.81602,-1,6,30,8,1,1,18:15,2,1,9
2023471293438,2023,471293438,2,1,1,1,53,8,2,0,0,0,0,0,1,9,E01020702,5,1,1.0,0.0,-1,6,30,1,1,1,19:07,2,2,1
2023371305596,2023,371305596,1,1,1,1,28,6,3,0,0,0,0,0,9,2,E01030227,3,1,0.0,1.0,-1,6,50,1,1,1,12:55,3,2,9
2023501280753,2023,501280753,1,1,1,1,30,6,3,0,0,0,0,0,9,5,E01020115,3,1,0.0,1.0,-1,6,60,5,1,2,14:40,7,2,9
202354C584723,2023,54C584723,1,1,1,2,32,6,3,0,0,0,0,0,9,9,E01015525,-1,0,0.10405,0.89595,-1,3,40,1,1,2,11:21,2,4,9
2023061388610,2023,061388610,1,1,3,1,11,3,3,5,9,0,0,-1,0,7,E01005537,3,1,0.0,1.0,-1,6,30,1,1,-1,14:50,4,1,9
2023041295150,2023,041295150,1,1,1,1,51,8,3,0,0,0,0,0,3,1,E01004863,3,1,0.0,1.0,-1,6,40,1,1,1,15:10,1,2,3
2023061284063,2023,061284063,2,1,1,1,38,7,2,0,0,0,0,0,5,1,E01004857,6,1,1.0,0.0,-1,6,20,1,1,1,11:49,3,2,5
2023351315380,2023,351315380,3,2,1,2,26,6,3,0,0,0,0,0,9,9,E01018154,3,1,0.0,1.0,-1,6,50,2,1,2,17:52,3,3,9
2023552300614,2023,552300614,2,3,2,2,8,2,3,0,0,0,4,0,11,5,E01015345,-1,0,0.03016,0.96984,-1,6,30,1,1,1,15:56,4,2,11
2023320398775,2023,320398775,1,2,1,1,29,6,3,0,0,0,0,0,20,6,E01013175,-1,0,0.1419,0.8581,-1,6,60,8,6,2,22:43,4,1,20
2023201389888,2023,201389888,2,1,1,1,66,10,3,0,0,0,0,0,1,4,E01009205,3,1,0.0,1.0,-1,6,30,1,1,1,15:39,1,2,1
2023010461170,2023,010461170,1,1,1,-1,24,5,3,0,0,0,0,0,3,5,E01000615,-1,0,0.0,1.0,-1,6,20,9,1,9,16:55,5,2,3
2023141326674,2023,141326674,1,1,3,1,45,7,2,5,9,0,0,0,0,-1,-1,5,1,1.0,0.0,-1,6,30,1,5,1,12:24,1,1,9
2023302400007,2023,302400007,1,1,2,2,65,9,3,0,0,2,0,0,8,6,E01019557,-1,0,0.05926,0.94074,-1,1,30,2,4,2,22:25,7,2,8
202354B092823,2023,54B092823,3,2,1,1,56,9,3,0,0,0,0,0,9,2,E01032093,-1,0,0.05714,0.94286,-1,6,60,2,1,2,10:05,5,3,9
2023052301917,2023,052301917,2,2,2,2,61,9,3,0,0,0,4,0,11,6,E01025507,-1,0,0.04234,0.95766,-1,6,30,1,1,1,11:55,2,2,11
2023010424126,2023,010424126,2,2,1,1,37,7,3,0,0,0,0,0,9,4,E01024142,-1,0,0.0,1.0,-1,6,30,1,4,1,23:15,7,3,9
2023201384309,2023,201384309,2,2,2,1,70,10,3,0,0,-1,0,0,9,1,E01014250,3,1,0.0,1.0,-1,3,50,2,1,2,11:43,5,3,9
2023141268145,2023,141268145,1,1,1,2,27,6,3,0,0,0,0,0,9,-1,-1,3,1,0.0,1.0,-1,1,20,1,4,1,17:30,4,2,9
2023141367827,2023,141367827,1,1,1,1,29,6,3,0,0,0,0,0,9,4,E01007742,3,1,0.0,1.0,-1,6,60,1,6,2,19:00,6,2,9
2023161324895,2023,161324895,4,1,1,2,80,11,3,0,0,0,0,0,9,-1,-1,3,1,0.0,1.0,-1,6,20,1,1,1,19:59,7,4,9
2023361349111,2023,361349111,2,1,1,2,65,9,3,0,0,0,0,0,9,4,E01026752,3,1,0.0,1.0,-1,6,30,1,1,1,14:16,2,2,9
2023421386180,2023,421386180,1,3,2,2,20,4,3,0,0,1,0,0,9,2,E01021686,3,1,0.0,1.0,-1,6,30,1,4,1,21:22,1,3,9
2023501349710,2023,501349710,1,1,1,1,18,4,2,0,0,0,0,0,9,4,E01018925,7,1,1.0,0.0,-1,6,60,1,6,1,23:55,3,1,9
2023010440262,2023,010440262,2,1,1,1,27,6,3,0,0,0,0,0,-1,2,E01003288,-1,0,0.0,1.0,-1,3,20,1,1,1,14:10,7,2,-1
2023101344997,2023,101344997,1,1,3,2,36,7,2,6,9,0,0,0,0,8,E01002210,6,1,1.0,0.0,-1,6,30,1,1,1,13:45,4,1,9
2023461354910,2023,461354910,1,1,1,1,17,4,3,0,0,0,0,0,1,4,E01024694,3,1,0.0,1.0,-1,6,30,1,1,1,18:53,7,2,1
2023101312640,2023,101312640,2,1,1,1,44,7,3,0,0,0,0,0,9,10,E01008309,3,1,0.0,1.0,-1,1,30,1,1,1,15:15,2,2,9
2023320251995,2023,320251995,2,1,1,1,64,9,3,0,0,0,0,0,9,9,E01012230,-1,0,0.08643,0.91357,-1,6,50,1,1,1,15:20,4,3,9
2023430053927,2023,430053927,1,1,1,1,33,6,3,0,0,0,0,0,9,9,E01016308,-1,0,0.00683,0.99317,-1,6,30,1,4,1,17:30,7,2,9
2023544760123,2023,544760123,1,1,1,2,42,7,3,0,0,0,0,0,9,1,E01009173,-1,0,0.07287,0.92713,-1,6,60,2,1,2,12:34,7,1,9
2023170L10873,2023,170L10873,2,2,1,1,39,7,3,0,0,0,0,0,19,5,E01011031,-1,0,0.08778,0.91222,-1,6,60,1,1,1,10:12,4,2,19
2023302301292,2023,302301292,1,1,1,1,67,10,3,0,0,0,0,0,5,1,E01013825,-1,0,0.09506,0.90494,-1,6,30,1,1,1,12:55,2,2,5
2023471305478,2023,471305478,1,1,3,2,12,3,3,10,9,0,0,0,0,3,E01020917,3,1,0.0,1.0,-1,6,30,1,1,1,16:55,3,1,9
2023401275577,2023,401275577,2,1,1,1,44,7,3,0,0,0,0,0,19,10,E01017572,3,1,0.0,1.0,-1,1,30,1,4,1,06:50,4,2,19
2023471329499,2023,471329499,3,1,1,1,28,6,3,0,0,0,0,0,9,7,E01021018,3,1,0.0,1.0,-1,6,30,1,1,1,16:10,5,3,9
2023991367080,2023,991367080,2,3,2,1,41,7,3,0,0,1,0,0,9,7,E01024097,3,1,0.0,1.0,-1,6,60,2,1,2,16:18,4,4,9
2023461316618,2023,461316618,2,1,1,1,21,5,2,0,0,0,0,0,3,1,E01024687,6,1,1.0,0.0,-1,6,30,1,1,1,15:30,7,3,3
2023991309824,2023,991309824,1,1,3,1,24,5,3,5,3,0,0,0,0,-1,-1,3,1,0.0,1.0,-1,3,30,1,4,1,00:10,2,1,8
2023141290148,2023,141290148,2,1,1,1,62,9,3,0,0,0,0,0,9,1,E01007509,3,1,0.0,1.0,-1,6,30,1,1,1,08:39,6,3,9
2023061290268,2023,061290268,1,1,3,1,2,1,2,5,3,0,0,0,0,-1,-1,7,1,1.0,0.0,-1,6,20,1,1,1,16:22,6,1,9
2023010453190,2023,010453190,1,1,1,2,42,7,3,0,0,0,0,0,1,2,E01002096,-1,0,0.0,1.0,-1,6,30,2,1,2,15:15,3,2,1
2023010441763,2023,010441763,1,2,3,2,-1,-1,3,5,1,0,0,0,0,-1,-1,-1,0,0.0,1.0,-1,6,30,1,1,1,19:35,1,1,9
2023122301220,2023,122301220,2,1,1,1,58,9,3,0,0,0,0,0,1,10,E01013337,-1,0,0.14136,0.85864,-1,6,30,1,1,1,12:25,6,2,1
2023010426300,2023,010426300,1,1,1,2,39,7,3,0,0,0,0,0,3,3,E01001177,-1,0,0.0,1.0,-1,6,20,1,1,2,12:10,5,2,3
2023401359312,2023,401359312,2,2,1,2,26,6,3,0,0,0,0,0,9,-1,-1,3,1,0.0,1.0,-1,3,70,1,1,1,14:40,7,2,9
2023430276749,2023,430276749,2,1,1,2,39,7,3,0,0,0,0,0,9,4,E01032942,-1,0,0.02358,0.97642,-1,6,30,1,1,1,10:14,6,2,9
2023531335442,2023,531335442,2,1,1,2,28,6,3,0,0,0,0,0,9,-1,-1,3,1,0.0,1.0,-1,1,30,2,1,2,13:50,1,2,9
2023010479286,2023,010479286,1,1,2,2,59,9,3,0,0,0,3,0,11,-1,-1,-1,0,0.0,1.0,-1,6,30,1,1,2,13:21,3,1,11
2023610054023,2023,610054023,1,1,3,1,79,11,3,5,1,0,0,0,0,-1,-1,-1,0,0.2519,0.7481,-1,6,20,1,6,2,18:54,7,1,9
2023041272423,2023,041272423,2,1,2,2,66,10,2,0,0,2,0,0,9,7,E01025557,7,1,1.0,0.0,-1,6,30,1,4,2,18:46,7,2,9
2023141328114,2023,141328114,2,2,1,2,74,10,2,0,0,0,0,0,9,10,E01007934,7,1,1.0,0.0,-1,3,70,1,1,1,14:47,6,2,9
2023421288321,2023,421288321,1,1,1,1,59,9,3,0,0,0,0,0,9,2,E01021699,3,1,0.0,1.0,-1,6,40,1,1,1,12:11,1,2,9
2023545273323,2023,545273323,1,1,1,1,49,8,3,0,0,0,0,0,9,2,E01023156,-1,0,0.1053,0.8947,-1,6,60,1,1,1,06:29,7,2,9
2023041281028,2023,041281028,1,1,3,1,59,9,2,8,1,0,0,0,0,6,E01025383,7,1,1.0,0.0,-1,6,30,8,1,2,17:42,2,1,9
2023401332697,2023,401332697,1,1,1,1,43,7,2,0,0,0,0,0,1,2,E01017601,7,1,1.0,0.0,-1,6,30,1,1,1,18:01,5,3,1
2023010447415,2023,010447415,1,1,1,1,29,6,3,0,0,0,0,0,3,4,E01003119,-1,0,0.0,1.0,-1,2,20,1,1,1,20:13,3,2,3
2023061347814,2023,061347814,2,2,1,1,26,6,3,0,0,0,0,0,9,2,E01005337,3,1,0.0,1.0,-1,3,70,1,5,1,20:35,3,3,9
2023170L20493,2023,170L20493,2,1,2,1,6,2,3,0,0,0,4,0,11,6,E01012130,-1,0,0.02822,0.97178,-1,6,30,1,1,1,14:20,4,2,11
2023010429255,2023,010429255,1,1,1,1,47,8,3,0,0,0,0,0,9,9,E01030554,-1,0,0.0,1.0,-1,9,30,9,7,9,19:10,7,2,9
2023070352677,2023,070352677,2,1,1,1,38,7,3,0,0,0,0,0,9,3,E01018534,-1,0,0.06529,0.93471,-1,3,60,1,1,1,18:19,4,2,9
2023221344322,2023,221344322,1,1,1,2,59,9,3,0,0,0,0,0,9,8,E01032171,3,1,0.0,1.0,-1,6,40,1,1,1,11:00,6,2,9
202360A155294,2023,60A155294,1,1,1,1,36,7,3,0,0,0,0,0,1,-1,-1,-1,0,0.19767,0.80233,-1,6,30,1,1,1,08:00,3,2,1
2023320046501,2023,320046501,2,1,1,1,35,6,3,0,0,0,0,0,5,1,E01026688,-1,0,0.15031,0.84969,-1,6,30,1,1,2,17:20,2,3,5
2023010465475,2023,010465475,1,2,2,1,33,6,3,0,0,1,0,0,9,3,E01003221,-1,0,0.0,1.0,-1,6,20,1,1,1,11:30,3,2,9
2023501363213,2023,501363213,1,3,2,2,62,9,3,0,0,1,0,0,9,10,E01028622,3,1,0.0,1.0,-1,6,60,1,1,2,14:24,6,2,9
2023311311999,2023,311311999,1,1,3,2,58,9,3,6,9,0,0,0,0,4,E01028158,3,1,0.0,1.0,-1,6,30,1,1,1,13:10,4,5,9
2023440184893,2023,440184893,2,1,1,1,72,10,2,0,0,0,0,0,5,9,E01022909,-1,0,1.0,0.0,-1,6,60,1,1,1,12:03,5,2,5
2023010450916,2023,010450916,1,1,3,2,26,6,3,5,3,0,0,0,0,3,E01001412,-1,0,0.0,1.0,-1,6,30,1,1,1,07:53,6,1,9
2023010485582,2023,010485582,2,1,1,1,33,6,3,0,0,0,0,0,1,3,E01003609,-1,0,0.0,1.0,-1,6,20,4,1,1,15:15,6,2,1
2023430453414,2023,430453414,1,1,1,1,23,5,3,0,0,0,0,0,1,5,E01016419,-1,0,0.06053,0.93947,-1,6,30,1,1,1,07:20,2,2,1
2023131348575,2023,131348575,2,1,1,1,17,4,2,0,0,0,0,0,3,1,E01011730,5,1,1.0,0.0,-1,6,30,1,1,1,17:12,6,2,3
2023101318931,2023,101318931,2,1,1,2,61,9,2,0,0,0,0,0,9,10,E01008563,6,1,1.0,0.0,-1,3,70,1,1,1,06:12,5,3,9
2023544347023,2023,544347023,2,1,1,2,66,10,3,0,0,0,0,0,9,6,E01020447,-1,0,0.02007,0.97993,-1,6,50,1,1,1,15:35,3,2,9
202360A186418,2023,60A186418,1,1,1,1,35,6,3,0,0,0,0,0,9,-1,-1,-1,0,0.08355,0.91645,-1,6,20,1,4,1,19:18,6,3,9
2023010476991,2023,010476991,1,1,3,2,62,9,3,5,3,0,0,0,0,10,E01002208,-1,0,0.0,1.0,-1,7,30,2,4,2,19:23,5,1,9
2023201265853,2023,201265853,1,1,3,2,12,3,2,5,3,0,0,0,0,2,E01010400,7,1,1.0,0.0,-1,6,30,8,1,2,08:20,5,1,9
2023010472850,2023,010472850,1,1,1,1,27,6,3,0,0,0,0,0,3,2,E01003338,-1,0,0.0,1.0,-1,9,20,9,1,9,15:52,1,2,3
2023471318959,2023,471318959,2,1,1,1,38,7,3,0,0,0,0,0,3,2,E01016945,3,1,0.0,1.0,-1,6,20,1,1,1,15:35,2,2,3
2023052302527,2023,052302527,1,1,1,2,-1,-1,3,0,0,0,0,0,9,-1,-1,-1,0,0.04855,0.95145,-1,3,40,1,4,1,23:55,1,2,9
2023361310233,2023,361310233,1,3,2,2,51,8,2,0,0,2,0,0,9,5,E01026255,6,1,1.0,0.0,-1,6,40,1,1,1,15:45,1,1,9
2023401303853,2023,401303853,1,1,1,1,31,6,3,0,0,0,0,0,9,2,E01015791,3,1,0.0,1.0,-1,6,30,1,1,1,16:44,4,4,9
2023471312981,2023,471312981,2,2,1,1,18,4,3,0,0,0,0,0,9,5,E01030424,3,1,0.0,1.0,-1,6,60,1,1,1,11:00,7,5,9
2023991307035,2023,991307035,1,1,2,1,0,1,2,0,0,1,0,0,9,-1,-1,7,1,1.0,0.0,-1,6,20,1,1,1,14:10,7,2,9
2023010479391,2023,010479391,2,1,1,1,46,8,3,0,0,0,0,0,19,4,E01021501,-1,0,0.0,1.0,-1,3,70,1,4,1,16:34,3,3,19
2023451278518,2023,451278518,2,2,1,2,29,6,3,0,0,0,0,0,9,7,E01030647,3,1,0.0,1.0,-1,3,70,1,4,1,18:10,2,2,9
2023430065561,2023,430065561,2,2,1,1,40,7,3,0,0,0,0,0,21,2,E01027342,-1,0,0.09928,0.90072,-1,6,60,1,6,2,06:08,1,2,21
2023542129023,2023,542129023,2,3,1,1,44,7,3,0,0,0,0,0,9,6,E01030677,-1,0,0.06813,0.93187,-1,6,60,1,1,1,15:41,1,3,9
2023552400239,2023,552400239,1,1,1,2,30,6,3,0,0,0,0,0,9,9,E01015453,-1,0,0.06302,0.93698,-1,6,60,1,1,1,14:51,7,2,9
2023471271034,2023,471271034,1,1,3,2,74,10,3,9,7,0,0,0,0,-1,-1,3,1,0.0,1.0,-1,6,30,1,1,1,13:34,4,1,9
2023991391467,2023,991391467,1,2,3,1,9,2,3,8,3,0,0,2,0,4,-1,3,1,0.0,1.0,-1,6,20,1,1,1,11:22,6,1,9
2023041318755,2023,041318755,1,1,2,2,19,4,3,0,0,2,0,0,9,5,E01025193,3,1,0.0,1.0,-1,6,30,1,1,1,20:42,4,3,9
2023411314127,2023,411314127,1,2,2,2,67,10,3,0,0,1,0,0,9,4,E01023336,3,1,0.0,1.0,-1,6,30,1,4,1,23:09,7,3,9
2023991375430,2023,991375430,1,1,3,2,12,3,3,5,1,0,0,0,0,-1,-1,3,1,0.0,1.0,-1,6,30,1,4,1,16:18,5,1,9
2023471331604,2023,471331604,2,2,1,1,14,3,2,0,0,0,0,0,3,1,E01021015,7,1,1.0,0.0,-1,6,30,1,1,1,14:35,5,2,3
2023010430730,2023,010430730,1,1,2,1,-1,-1,3,0,0,9,0,0,8,6,E01001342,-1,0,0.0,1.0,-1,9,20,9,7,9,05:30,2,1,8
2023311327150,2023,311327150,1,2,2,2,29,6,3,0,0,1,0,0,9,-1,-1,3,1,0.0,1.0,-1,6,60,1,6,1,00:45,7,1,9
2023461296158,2023,461296158,2,1,2,2,18,4,3,0,0,1,0,0,9,4,E01016074,3,1,0.0,1.0,-1,1,30,1,1,1,10:07,5,2,9
2023010439477,2023,010439477,1,1,3,2,76,11,3,6,9,0,0,0,0,3,E01003209,-1,0,0.0,1.0,-1,6,20,1,1,1,15:23,3,1,11
2023421354965,2023,421354965,1,1,3,2,17,4,3,5,3,0,0,0,0,9,E01021692,3,1,0.0,1.0,-1,6,30,1,1,1,16:21,5,1,9
2023010426735,2023,010426735,1,1,1,2,52,8,3,0,0,0,0,0,9,10,E01000834,-1,0,0.0,1.0,-1,6,30,1,1,1,09:55,1,2,9
2023451338542,2023,451338542,2,4,2,2,2,1,3,0,0,2,0,0,9,10,E01030945,3,1,0.0,1.0,-1,6,30,2,1,2,17:00,7,2,9
2023440165460,2023,440165460,1,1,1,1,48,8,3,0,0,0,0,0,1,7,E01022823,-1,0,0.11437,0.88563,-1,6,30,1,1,1,18:15,5,2,1
2023041296992,2023,041296992,2,3,2,2,16,4,3,0,0,2,0,0,9,2,E01025238,3,1,0.0,1.0,-1,6,30,1,1,1,13:00,7,2,9
2023141287791,2023,141287791,2,1,1,1,33,6,3,0,0,0,0,0,9,2,E01007717,3,1,0.0,1.0,-1,6,40,1,1,1,08:30,6,2,9
2023311314960,2023,311314960,6,1,1,1,33,6,3,0,0,0,0,0,9,5,E01024774,3,1,0.0,1.0,-1,3,70,1,1,1,13:55,7,7,9
2023061338736,2023,061338736,2,1,1,1,37,7,3,0,0,0,0,0,19,8,E01006078,3,1,0.0,1.0,-1,6,40,1,1,1,14:50,6,4,19
2023302301552,2023,302301552,2,1,1,1,39,7,3,0,0,0,0,0,1,1,E01013568,-1,0,0.15596,0.84404,-1,6,30,1,1,1,16:45,3,2,1
2023991316157,2023,991316157,1,1,1,1,32,6,3,0,0,0,0,0,3,4,-1,3,1,0.0,1.0,-1,6,60,1,1,1,05:30,5,1,3
2023010457911,2023,010457911,2,3,1,1,42,7,3,0,0,0,0,0,8,4,E01003621,-1,0,0.0,1.0,-1,3,50,1,4,1,04:20,7,2,8
2023141263275,2023,141263275,2,2,2,2,14,3,3,0,0,2,0,0,9,7,E01019770,3,1,0.0,1.0,-1,6,30,1,4,1,19:00,6,2,9
2023161260569,2023,161260569,1,1,1,2,56,9,2,0,0,0,0,0,9,-1,-1,5,1,1.0,0.0,-1,7,60,1,5,2,16:32,6,2,9
2023201383221,2023,201383221,2,2,1,2,66,10,3,0,0,0,0,0,9,9,E01010346,3,1,0.0,1.0,-1,1,30,1,1,1,09:11,7,3,9
2023522400975,2023,522400975,1,1,1,1,19,4,3,0,0,0,0,0,-1,6,E01014648,-1,0,0.01971,0.98029,-1,6,20,2,1,2,08:20,3,2,-1
2023010421423,2023,010421423,1,1,3,2,18,4,3,1,9,0,0,0,0,4,E01000478,-1,0,0.0,1.0,-1,6,30,1,1,1,15:39,6,1,9
2023421320060,2023,421320060,2,2,2,1,2,1,3,0,0,2,0,0,9,-1,-1,3,1,0.0,1.0,-1,6,60,2,1,2,17:55,1,2,9
2023010485114,2023,010485114,1,1,3,2,31,6,3,1,9,0,0,0,0,2,E01001181,-1,0,0.0,1.0,-1,9,20,8,4,1,17:25,2,1,9
2023010485259,2023,010485259,1,1,3,2,43,7,3,6,9,0,0,0,0,-1,-1,-1,0,0.0,1.0,-1,2,20,1,4,1,22:01,4,1,9
2023201285460,2023,201285460,1,1,1,1,47,8,3,0,0,0,0,0,1,2,E01009018,3,1,0.0,1.0,-1,2,30,1,1,1,16:45,7,2,1
2023052300102,2023,052300102,2,1,1,1,17,4,3,0,0,0,0,0,9,10,E01007186,-1,0,0.04426,0.95574,-1,6,30,1,1,2,13:00,1,2,9
2023631375047,2023,631375047,1,1,1,2,81,11,3,0,0,0,0,0,9,5,W01000696,3,1,0.0,1.0,-1,6,20,1,4,2,17:40,4,1,9
2023041384335,2023,041384335,1,1,3,2,60,9,3,4,3,0,0,0,0,1,E01012681,3,1,0.0,1.0,-1,6,30,2,4,2,15:45,5,1,9
2023430409110,2023,430409110,1,1,3,1,17,4,3,4,3,0,0,0,0,5,E01016436,-1,0,0.11598,0.88402,-1,2,30,1,1,1,13:34,3,1,11
2023052300070,2023,052300070,2,1,1,2,-1,-1,3,0,0,0,0,0,9,7,E01007201,-1,0,0.01841,0.98159,-1,6,30,1,4,1,17:00,2,2,9
2023131332894,2023,131332894,1,1,1,2,21,5,2,0,0,0,0,0,9,7,E01010918,7,1,1.0,0.0,-1,6,20,1,1,1,15:23,2,2,9
2023471358910,2023,471358910,2,2,2,1,27,6,3,0,0,2,0,0,9,8,E01031418,3,1,0.0,1.0,-1,6,30,1,1,1,16:35,2,3,9
2023141370962,2023,141370962,1,1,1,1,25,5,3,0,0,0,0,0,1,7,E01008049,3,1,0.0,1.0,-1,1,30,2,1,2,15:00,7,2,1
2023421305434,2023,421305434,2,1,1,1,66,10,3,0,0,0,0,0,1,10,E01022084,3,1,0.0,1.0,-1,6,30,9,1,1,12:45,3,2,1
2023031336225,2023,031336225,2,1,1,1,41,7,3,0,0,0,0,0,9,5,E01027795,3,1,0.0,1.0,-1,6,60,2,1,2,14:40,2,2,9
2023302301751,2023,302301751,1,2,2,2,39,7,3,0,0,2,0,0,9,4,E01013555,-1,0,0.05388,0.94612,-1,6,30,1,4,1,18:20,1,2,9
2023101350560,2023,101350560,1,1,1,1,17,4,2,0,0,0,0,0,9,-1,-1,7,1,1.0,0.0,-1,6,60,1,6,1,22:20,6,1,9
2023141359874,2023,141359874,2,2,2,2,22,5,3,0,0,2,0,0,9,9,E01008137,3,1,0.0,1.0,-1,6,40,1,1,1,09:00,5,2,9
2023440089247,2023,440089247,1,3,2,1,17,4,2,0,0,2,0,0,9,6,E01017261,-1,0,1.0,0.0,-1,6,30,1,4,1,00:48,1,1,9
2023440257741,2023,440257741,1,1,2,2,19,4,3,0,0,1,0,0,9,5,E01017221,-1,0,0.03567,0.96433,-1,6,40,1,1,1,09:55,4,2,9
2023451285060,2023,451285060,1,1,1,2,47,8,3,0,0,0,0,0,9,10,E01030770,3,1,0.0,1.0,-1,6,30,9,1,1,08:31,2,2,9
2023061371741,2023,061371741,1,1,3,2,20,4,2,4,1,0,0,0,0,3,E01005271,7,1,1.0,0.0,-1,6,30,1,4,2,00:30,5,1,8
2023430518932,2023,430518932,2,2,1,1,77,11,3,0,0,0,0,0,9,10,E01022208,-1,0,0.11686,0.88314,-1,6,40,2,1,2,10:23,7,2,9
2023461385687,2023,461385687,2,1,1,2,44,7,3,0,0,0,0,0,9,3,E01000435,3,1,0.0,1.0,-1,3,30,1,4,2,17:45,3,3,9