collision_index,collision_year,collision_ref_no,vehicle_reference,casualty_reference,casualty_class,sex_of_casualty,age_of_casualty,age_band_of_casualty,casualty_severity,pedestrian_location,pedestrian_movement,car_passenger,bus_or_coach_passenger,pedestrian_road_maintenance_worker,casualty_type,casualty_imd_decile,lsoa_of_casualty,enhanced_casualty_severity,casualty_injury_based,casualty_adjusted_severity_serious,casualty_adjusted_severity_slight,casualty_distance_banding,road_type,speed_limit,weather_conditions,light_conditions,road_surface_conditions,time,day_of_week,number_of_vehicles,vehicle_type
2023010438649,2023,010438649,1,1,3,2,75,10,2,6,9,0,0,0,0,5,E01004057,-1,0,1.0,0.0,-1,9,30,1,1,1,14:40,1,1,1
202360A084578,2023,60A084578,1,1,3,1,6,2,3,5,1,0,0,0,0,-1,-1,-1,0,0.18646,0.81354,-1,6,30,1,1,1,18:55,6,1,9
2023101319897,2023,101319897,2,1,1,1,67,10,3,0,0,0,0,0,1,1,E01008325,3,1,0.0,1.0,-1,1,40,1,4,1,21:00,5,2,1
2023010449513,2023,010449513,1,1,1,1,37,7,3,0,0,0,0,0,3,3,E01033464,-1,0,0.0,1.0,-1,6,30,1,1,1,17:45,4,2,3
2023421319295,2023,421319295,3,1,1,1,29,6,3,0,0,0,0,0,5,9,E01021568,3,1,0.0,1.0,-1,1,40,1,1,1,14:45,3,3,5
2023461320147,2023,461320147,2,1,1,1,39,7,2,0,0,0,0,0,5,8,E01016418,5,1,1.0,0.0,-1,6,50,1,1,1,16:51,4,2,5
2023531316483,2023,531316483,1,3,1,1,33,6,3,0,0,0,0,0,9,1,E01022147,3,1,0.0,1.0,-1,6,30,1,1,1,08:45,5,2,9
2023141279183,2023,141279183,2,1,1,1,18,4,2,0,0,0,0,0,97,2,E01033279,7,1,1.0,0.0,-1,6,30,1,4,4,17:58,6,2,97
2023131381981,2023,131381981,2,1,1,1,30,6,3,0,0,0,0,0,3,3,E01011776,3,1,0.0,1.0,-1,6,30,1,4,1,16:20,7,2,3
2023010479060,2023,010479060,1,1,3,2,42,7,3,1,9,0,0,0,0,3,E01003035,-1,0,0.0,1.0,-1,2,30,1,1,1,11:15,2,1,-1
2023340WN3202,2023,340WN3202,1,1,3,1,25,5,2,5,3,0,0,0,0,9,E01027167,-1,0,1.0,0.0,-1,6,30,1,1,1,10:59,6,1,9
2023991309295,2023,991309295,1,1,1,1,29,6,2,0,0,0,0,0,2,8,-1,5,1,1.0,0.0,-1,6,60,1,1,1,14:05,7,1,2
2023991382448,2023,991382448,1,1,3,2,32,6,3,1,3,0,0,0,0,-1,-1,3,1,0.0,1.0,-1,3,30,2,1,4,13:38,2,1,19
2023111377677,2023,111377677,2,1,1,1,66,10,3,0,0,0,0,0,1,8,E01020851,3,1,0.0,1.0,-1,6,30,2,1,2,15:15,4,2,1
2023421294443,2023,421294443,1,1,3,1,43,7,3,6,8,0,0,0,0,8,E01021959,3,1,0.0,1.0,-1,6,30,1,1,1,08:45,4,1,19
2023101381353,2023,101381353,2,1,1,1,39,7,3,0,0,0,0,0,1,9,E01020611,3,1,0.0,1.0,-1,6,20,2,1,2,08:50,2,2,1
2023471361743,2023,471361743,2,1,1,1,53,8,2,0,0,0,0,0,5,9,E01031727,7,1,1.0,0.0,-1,6,60,1,1,1,11:10,4,2,5
2023052301220,2023,052301220,1,2,1,1,22,5,2,0,0,0,0,0,9,1,E01006442,-1,0,1.0,0.0,-1,3,70,1,6,1,02:02,7,2,9
2023161381205,2023,161381205,1,1,1,2,32,6,3,0,0,0,0,0,9,4,E01012802,3,1,0.0,1.0,-1,6,60,1,1,4,08:44,6,1,9
2023401315116,2023,401315116,2,1,1,2,54,8,3,0,0,0,0,0,9,4,E01015792,3,1,0.0,1.0,-1,6,30,1,1,1,16:15,3,2,9
2023122300252,2023,122300252,1,1,3,2,45,7,3,8,3,0,0,0,0,9,E01027663,-1,0,0.08265,0.91735,-1,6,30,1,6,1,21:50,3,1,9
2023101386691,2023,101386691,1,1,3,2,71,10,3,4,3,0,0,0,0,3,E01008533,3,1,0.0,1.0,-1,6,30,1,1,2,10:22,2,1,9
2023351394730,2023,351394730,1,1,3,1,75,10,3,4,3,0,0,0,0,4,E01018077,3,1,0.0,1.0,-1,6,30,4,1,1,14:01,1,1,9
2023302300916,2023,302300916,2,1,1,1,34,6,3,0,0,0,0,0,5,2,E01019581,-1,0,0.20238,0.79762,-1,6,60,1,1,1,18:30,7,2,5
2023461323854,2023,461323854,1,1,1,1,62,9,2,0,0,0,0,0,5,6,E01024491,6,1,1.0,0.0,-1,1,70,1,1,1,14:16,1,1,5
2023010454964,2023,010454964,1,1,1,2,26,6,3,0,0,0,0,0,9,3,E01001445,-1,0,0.0,1.0,-1,6,30,1,1,1,12:50,5,2,9
2023070205970,2023,070205970,1,3,2,1,32,6,2,0,0,2,0,0,9,-1,-1,-1,0,1.0,0.0,-1,3,70,1,6,1,21:47,6,2,9
2023401368499,2023,401368499,2,1,1,1,52,8,3,0,0,0,0,0,9,9,E01017398,3,1,0.0,1.0,-1,6,30,1,4,-1,17:45,1,2,9
2023010474716,2023,010474716,2,2,2,2,52,8,3,0,0,1,0,0,9,3,E01002572,-1,0,0.0,1.0,-1,6,20,1,1,2,14:47,1,2,9
2023111349622,2023,111349622,1,1,1,1,26,6,3,0,0,0,0,0,9,5,E01012363,3,1,0.0,1.0,-1,1,50,1,1,1,15:00,3,2,9
2023201278288,2023,201278288,1,1,1,1,52,8,2,0,0,0,0,0,9,1,E01009301,7,1,1.0,0.0,-1,6,30,8,1,1,13:00,1,1,9
2023501278377,2023,501278377,2,1,2,2,57,9,3,0,0,1,0,0,9,5,E01020076,3,1,0.0,1.0,-1,6,60,1,1,1,11:00,2,2,9
2023622300632,2023,622300632,1,3,2,2,60,9,3,0,0,1,0,0,9,7,E01002436,-1,0,0.04261,0.95739,-1,6,50,1,1,1,12:16,7,2,9
2023991280183,2023,991280183,1,3,1,1,63,9,2,0,0,0,0,0,9,4,-1,6,1,1.0,0.0,-1,6,60,1,1,2,14:45,6,2,9
2023991377609,2023,991377609,1,1,1,1,20,4,3,0,0,0,0,0,9,4,-1,3,1,0.0,1.0,-1,6,60,5,1,2,09:27,4,2,9
2023070794409,2023,070794409,2,1,1,2,40,7,3,0,0,0,0,0,9,9,E01006172,-1,0,0.01606,0.98394,-1,3,70,1,1,1,13:45,5,4,9
2023211303870,2023,211303870,2,1,1,2,-1,-1,3,0,0,0,0,0,9,-1,-1,3,1,0.0,1.0,-1,6,60,1,1,-1,18:20,7,2,9
2023122300675,2023,122300675,1,2,2,1,33,6,3,0,0,0,0,0,19,9,E01012998,-1,0,0.03402,0.96598,-1,6,60,1,1,1,14:05,6,2,19
2023440410123,2023,440410123,1,1,2,2,65,9,3,0,0,0,0,0,19,3,E01022976,-1,0,0.04596,0.95404,-1,6,30,1,1,1,11:00,7,1,19
2023010477128,2023,010477128,1,1,1,-1,32,6,3,0,0,0,0,0,3,3,E01033464,-1,0,0.0,1.0,-1,9,30,1,4,1,17:30,4,2,3
2023141314750,2023,141314750,1,1,1,2,56,9,3,0,0,0,0,0,9,2,E01007517,3,1,0.0,1.0,-1,3,40,1,1,1,17:00,1,2,9
2023201410774,2023,201410774,1,1,1,1,51,8,3,0,0,0,0,0,9,1,E01009957,3,1,0.0,1.0,-1,7,40,1,1,1,15:45,5,1,9
2023461331721,2023,461331721,2,1,1,1,60,9,2,0,0,0,0,0,5,8,E01024730,5,1,1.0,0.0,-1,7,40,1,1,1,17:30,1,2,5
2023010440915,2023,010440915,1,1,3,2,38,7,3,5,3,0,0,0,0,2,E01002637,-1,0,0.0,1.0,-1,1,20,8,1,1,13:25,4,1,9
2023141347349,2023,141347349,1,1,3,2,8,2,2,5,9,0,0,0,0,1,E01008075,7,1,1.0,0.0,-1,6,30,1,1,2,16:30,5,1,9
2023041344082,2023,041344082,2,1,1,1,38,7,3,0,0,0,0,0,1,4,E01025567,3,1,0.0,1.0,-1,6,20,1,1,1,08:40,3,2,1
2023351380022,2023,351380022,2,1,1,1,39,7,2,0,0,0,0,0,1,6,E01033120,7,1,1.0,0.0,-1,3,20,2,1,2,10:58,7,2,1
2023451368649,2023,451368649,1,1,1,2,37,7,3,0,0,0,0,0,1,6,E01030455,3,1,0.0,1.0,-1,6,30,1,1,2,15:38,2,2,1
2023101360344,2023,101360344,1,1,3,1,67,10,2,5,3,0,0,0,0,1,E01008170,7,1,1.0,0.0,-1,6,30,1,4,1,20:20,6,1,8
2023221315876,2023,221315876,1,1,1,1,65,9,3,0,0,0,0,0,19,8,W01000453,3,1,0.0,1.0,-1,6,60,1,1,1,07:40,2,2,19
2023471360055,2023,471360055,1,1,1,1,18,4,3,0,0,0,0,0,9,2,E01021135,3,1,0.0,1.0,-1,6,60,2,6,2,20:45,3,1,9
2023991391550,2023,991391550,1,2,2,2,64,9,3,0,0,1,0,0,9,7,-1,3,1,0.0,1.0,-1,3,70,1,1,1,14:30,6,2,9
2023361336238,2023,361336238,1,1,1,1,18,4,3,0,0,0,0,0,1,6,E01026797,3,1,0.0,1.0,-1,6,30,1,1,1,17:00,2,2,1
2023031280636,2023,031280636,1,1,1,1,46,8,2,0,0,0,0,0,3,-1,-1,7,1,1.0,0.0,-1,3,30,1,1,1,17:15,1,2,3
2023552300630,2023,552300630,1,1,1,2,19,4,3,0,0,0,0,0,4,-1,-1,-1,0,0.15437,0.84563,-1,6,60,1,1,1,14:02,3,1,4
2023010454371,2023,010454371,1,4,2,-1,-1,-1,3,0,0,2,0,0,9,2,E01033591,-1,0,0.0,1.0,-1,6,30,1,4,1,21:45,1,1,9
2023231311308,2023,231311308,2,4,1,1,34,6,3,0,0,0,0,0,9,1,E01027013,3,1,0.0,1.0,-1,3,40,1,1,1,13:08,1,2,9
2023332300297,2023,332300297,1,1,3,1,35,6,3,4,1,0,0,0,0,-1,-1,-1,0,0.07655,0.92345,-1,6,30,2,1,2,18:30,5,1,9
2023471270894,2023,471270894,2,1,1,1,53,8,2,0,0,0,0,0,3,1,E01020989,6,1,1.0,0.0,-1,6,30,1,1,1,10:10,4,2,3
2023041265120,2023,041265120,2,1,1,1,16,4,3,0,0,0,0,0,1,9,E01025501,3,1,0.0,1.0,-1,6,20,2,7,2,22:55,2,2,1
2023010455065,2023,010455065,1,1,1,1,32,6,3,0,0,0,0,0,3,5,E01002660,-1,0,0.0,1.0,-1,6,20,1,1,1,14:45,5,2,3
2023010466277,2023,010466277,2,1,1,1,26,6,3,0,0,0,0,0,3,2,E01000014,-1,0,0.0,1.0,-1,6,30,1,1,1,17:25,6,2,3
2023131277667,2023,131277667,1,1,1,1,17,4,2,0,0,0,0,0,4,1,E01011431,7,1,1.0,0.0,-1,3,50,4,1,1,14:27,6,1,4
2023041298596,2023,041298596,2,1,1,1,60,9,3,0,0,0,0,0,5,8,E01027713,3,1,0.0,1.0,-1,6,50,1,1,1,17:34,4,2,5
2023061393571,2023,061393571,1,1,3,1,65,9,3,5,1,0,0,0,0,4,E01005632,3,1,0.0,1.0,-1,6,30,2,4,2,18:04,1,1,9
2023141272062,2023,141272062,2,1,1,1,66,10,3,0,0,0,0,0,1,10,E01007600,3,1,0.0,1.0,-1,6,30,1,1,1,14:42,6,2,1
2023552300805,2023,552300805,1,1,1,1,16,4,3,0,0,0,0,0,1,9,E01015360,-1,0,0.06921,0.93079,-1,6,30,1,1,1,12:57,6,2,1
2023461288823,2023,461288823,1,1,1,1,20,4,3,0,0,0,0,0,3,2,E01024505,3,1,0.0,1.0,-1,6,30,1,4,1,19:15,1,1,3
2023010428975,2023,010428975,1,1,3,2,17,4,3,5,1,0,0,0,0,5,E01000375,-1,0,0.0,1.0,-1,6,20,1,4,1,17:49,6,1,3
2023070533755,2023,070533755,2,1,1,1,9,2,3,0,0,0,0,0,1,1,E01018462,-1,0,0.045,0.955,-1,6,30,1,1,1,20:15,1,2,1
2023552300073,2023,552300073,1,1,1,1,15,3,3,0,0,0,0,0,1,10,E01015445,-1,0,0.08894,0.91106,-1,6,30,1,7,1,18:46,5,2,1
2023010453750,2023,010453750,1,1,2,1,95,11,3,0,0,2,0,0,9,-1,-1,-1,0,0.0,1.0,-1,3,70,1,1,1,13:20,6,3,9
2023122300876,2023,122300876,2,2,2,2,48,8,3,0,0,1,0,0,9,2,E01027864,-1,0,0.03752,0.96248,-1,6,60,1,1,1,19:22,2,3,9
2023531309384,2023,531309384,2,1,1,2,67,10,3,0,0,0,0,0,9,4,E01022440,3,1,0.0,1.0,-1,6,30,1,1,1,14:20,5,2,9
2023010421931,2023,010421931,1,1,3,2,42,7,2,5,1,0,0,0,0,4,E01003213,-1,0,1.0,0.0,-1,7,20,1,4,1,17:05,3,1,9
2023010429742,2023,010429742,1,1,1,-1,30,6,3,0,0,0,0,0,1,2,E01001761,-1,0,0.0,1.0,-1,9,30,9,4,9,21:20,3,2,1
2023311278638,2023,311278638,1,2,1,1,56,9,2,0,0,0,0,0,1,8,E01028058,6,1,1.0,0.0,-1,1,30,1,1,2,08:09,3,1,1
2023201340191,2023,201340191,2,1,1,1,28,6,3,0,0,0,0,0,3,6,E01010079,3,1,0.0,1.0,-1,6,30,1,1,1,13:24,7,2,3
2023010474821,2023,010474821,1,1,3,1,21,5,3,5,3,0,0,0,0,4,E01004419,-1,0,0.0,1.0,-1,6,30,2,4,2,01:00,1,1,9
2023522300411,2023,522300411,1,1,3,1,33,6,3,9,5,0,0,0,0,7,E01014680,-1,0,0.02945,0.97055,-1,6,20,1,4,1,17:45,2,1,2
2023332300721,2023,332300721,2,3,2,2,5,1,3,0,0,1,0,0,9,3,E01013731,-1,0,0.01926,0.98074,-1,6,30,1,1,1,16:45,4,3,9
2023411344248,2023,411344248,1,1,1,1,38,7,3,0,0,0,0,0,9,5,E01023780,3,1,0.0,1.0,-1,6,30,1,1,1,15:40,3,2,9
2023471279312,2023,471279312,2,1,1,2,30,6,3,0,0,0,0,0,9,10,E01028656,3,1,0.0,1.0,-1,6,30,1,4,1,18:35,3,2,9
2023531301664,2023,531301664,1,1,1,1,26,6,3,0,0,0,0,0,9,7,E01014858,3,1,0.0,1.0,-1,6,50,2,1,2,13:20,5,2,9
2023010450301,2023,010450301,1,1,1,1,51,8,3,0,0,0,0,0,9,4,E01003115,-1,0,0.0,1.0,-1,6,30,1,1,1,14:50,3,2,9
2023101285823,2023,101285823,2,1,1,1,80,11,3,0,0,0,0,0,9,4,E01008286,3,1,0.0,1.0,-1,1,20,1,1,1,11:11,6,2,9
2023101302472,2023,101302472,2,2,2,2,10,2,3,0,0,1,0,0,9,4,E01008202,3,1,0.0,1.0,-1,6,30,2,1,2,10:42,1,2,9
2023131277470,2023,131277470,1,1,1,2,25,5,2,0,0,0,0,0,9,9,E01010577,7,1,1.0,0.0,-1,6,30,4,1,2,09:25,6,2,9
2023520400370,2023,520400370,1,3,2,2,19,4,3,0,0,1,0,0,9,-1,-1,-1,0,0.02651,0.97349,-1,6,40,1,1,1,13:53,3,2,9
2023622300808,2023,622300808,2,1,1,2,38,7,3,0,0,0,0,0,9,1,W01001738,-1,0,0.01528,0.98472,-1,6,20,1,1,1,15:30,3,6,9
2023471371816,2023,471371816,2,1,1,1,39,7,2,0,0,0,0,0,1,7,E01016929,7,1,1.0,0.0,-1,6,30,1,4,1,17:47,3,2,1
2023471367231,2023,471367231,2,1,1,1,15,3,3,0,0,0,0,0,1,6,E01031796,3,1,0.0,1.0,-1,6,30,5,4,2,07:30,3,2,1
2023302301636,2023,302301636,2,1,1,1,29,6,3,0,0,0,0,0,4,6,E01019608,-1,0,0.15249,0.84751,-1,6,60,1,1,1,16:15,1,2,4
2023361366609,2023,361366609,2,1,1,1,50,8,3,0,0,0,0,0,1,5,E01026440,3,1,0.0,1.0,-1,6,60,1,1,1,07:50,3,2,1
2023401325268,2023,401325268,2,1,1,1,56,9,2,0,0,0,0,0,5,3,E01017568,7,1,1.0,0.0,-1,6,40,1,1,1,19:40,4,2,5
2023010480712,2023,010480712,1,1,3,1,69,10,3,8,7,0,0,0,0,2,E01003509,-1,0,0.0,1.0,-1,6,30,1,4,1,16:45,3,1,9
2023201454323,2023,201454323,1,1,3,2,5,1,3,1,3,0,0,0,0,3,E01008977,3,1,0.0,1.0,-1,6,30,1,4,2,17:50,7,1,9
2023221289167,2023,221289167,2,2,1,1,26,6,3,0,0,0,0,0,19,7,W01001484,3,1,0.0,1.0,-1,6,60,1,1,1,13:35,3,2,19
2023010428711,2023,010428711,1,1,3,2,84,11,3,8,1,0,0,0,0,5,E01000274,-1,0,0.0,1.0,-1,6,30,1,1,1,10:15,3,1,9
2023991267888,2023,991267888,1,1,3,2,14,3,3,1,3,0,0,0,0,1,-1,3,1,0.0,1.0,-1,6,30,2,1,2,08:05,4,1,9
2023010440316,2023,010440316,1,1,1,1,45,7,3,0,0,0,0,0,4,4,E01015327,-1,0,0.0,1.0,-1,6,20,1,1,1,14:10,7,2,4
2023052302115,2023,052302115,1,1,3,2,11,3,3,5,1,0,0,0,0,10,E01006943,-1,0,0.14068,0.85932,-1,6,20,1,1,1,15:33,6,1,19
2023361260502,2023,361260502,1,1,3,1,15,3,2,9,8,0,0,-1,0,5,E01026511,7,1,1.0,0.0,-1,6,60,1,6,1,16:53,6,1,21
2023010423931,2023,010423931,1,1,1,1,42,7,3,0,0,0,0,0,3,4,E01002014,-1,0,0.0,1.0,-1,6,30,1,4,1,19:41,6,2,3
2023622300125,2023,622300125,1,1,3,1,15,3,3,5,1,0,0,0,0,3,W01001216,-1,0,0.12534,0.87466,-1,6,30,1,4,2,20:04,7,1,9
2023141320540,2023,141320540,1,1,1,1,21,5,3,0,0,0,0,0,9,9,E01008038,3,1,0.0,1.0,-1,6,30,1,4,1,21:56,2,2,9
2023461330025,2023,461330025,1,1,3,2,-1,-1,3,5,3,0,0,0,0,-1,-1,3,1,0.0,1.0,-1,6,30,1,1,1,17:40,2,1,9
2023471330909,2023,471330909,1,1,3,2,44,7,3,5,7,0,0,0,0,4,E01016925,3,1,0.0,1.0,-1,6,20,1,1,1,09:45,4,1,9
2023010454382,2023,010454382,2,1,1,2,32,6,2,0,0,0,0,0,1,4,E01002987,-1,0,1.0,0.0,-1,7,20,1,1,1,08:19,2,2,1
2023061289688,2023,061289688,2,1,1,1,22,5,3,0,0,0,0,0,1,-1,-1,3,1,0.0,1.0,-1,6,30,1,4,2,20:15,6,2,1
2023351328969,2023,351328969,2,1,1,1,22,5,3,0,0,0,0,0,1,8,E01018001,3,1,0.0,1.0,-1,1,30,1,1,-1,09:45,6,2,1
2023201307499,2023,201307499,2,1,1,1,31,6,3,0,0,0,0,0,3,3,E01010055,3,1,0.0,1.0,-1,1,30,1,1,1,13:58,6,2,3
2023430311645,2023,430311645,1,1,1,1,34,6,3,0,0,0,0,0,8,3,E01016445,-1,0,0.01343,0.98657,-1,6,30,1,1,1,20:00,5,2,8
2023010483691,2023,010483691,1,1,3,2,73,10,2,9,9,0,0,0,0,2,E01001528,-1,0,1.0,0.0,-1,2,30,2,1,2,09:25,4,1,9
2023501384508,2023,501384508,2,1,1,1,57,9,2,0,0,0,0,0,1,7,E01018883,5,1,1.0,0.0,-1,6,60,1,1,1,11:14,6,2,1
2023010474213,2023,010474213,1,1,1,1,45,7,3,0,0,0,0,0,3,8,E01002148,-1,0,0.0,1.0,-1,3,40,1,4,1,19:10,5,2,3
2023991289205,2023,991289205,1,1,1,1,35,6,2,0,0,0,0,0,3,6,-1,7,1,1.0,0.0,-1,6,30,2,4,2,20:10,3,2,3
2023631307390,2023,631307390,2,1,1,1,61,9,3,0,0,0,0,0,5,5,E01006688,3,1,0.0,1.0,-1,6,40,1,1,1,16:40,6,2,5
2023052301330,2023,052301330,2,1,1,2,37,7,3,0,0,0,0,0,9,8,E01006524,-1,0,0.05733,0.94267,-1,3,40,1,1,1,16:15,4,2,9
2023161360518,2023,161360518,2,2,1,2,62,9,3,0,0,0,0,0,9,10,E01012972,3,1,0.0,1.0,-1,6,60,1,1,1,11:00,7,2,9
2023461310463,2023,461310463,2,1,1,1,54,8,3,0,0,0,0,0,9,9,E01024708,3,1,0.0,1.0,-1,6,30,1,1,1,11:50,5,2,9
2023231359787,2023,231359787,2,1,1,2,31,6,3,0,0,0,0,0,9,7,E01025882,3,1,0.0,1.0,-1,6,50,1,1,1,08:54,2,2,9
2023010424050,2023,010424050,2,2,1,1,36,7,3,0,0,0,0,0,9,-1,-1,-1,0,0.0,1.0,-1,6,30,1,4,1,17:20,7,2,9
2023440502899,2023,440502899,1,1,2,2,83,11,2,0,0,1,0,0,9,7,E01017367,-1,0,1.0,0.0,-1,6,30,1,1,2,12:22,7,3,9
2023461295685,2023,461295685,2,1,1,2,52,8,3,0,0,0,0,0,9,1,E01024390,3,1,0.0,1.0,-1,6,30,1,1,1,16:02,6,3,9
2023131296967,2023,131296967,2,1,1,1,54,8,3,0,0,0,0,0,19,8,E01011115,3,1,0.0,1.0,-1,6,30,1,1,1,08:30,6,2,19
2023010437661,2023,010437661,1,1,1,2,26,6,3,0,0,0,0,0,9,4,E01016517,-1,0,0.0,1.0,-1,7,40,8,1,1,17:45,7,2,9
2023061309120,2023,061309120,2,4,2,1,9,2,3,0,0,2,0,0,9,-1,-1,3,1,0.0,1.0,-1,6,30,1,1,1,16:55,7,2,9
2023451311941,2023,451311941,1,1,1,1,37,7,3,0,0,0,0,0,9,6,E01023140,3,1,0.0,1.0,-1,1,70,1,1,1,19:00,6,2,9
2023161335477,2023,161335477,2,1,1,1,22,5,2,0,0,0,0,0,97,1,E01013218,7,1,1.0,0.0,-1,3,30,2,1,1,13:17,1,2,97
2023991316088,2023,991316088,1,1,3,1,29,6,3,9,9,0,0,0,0,5,-1,3,1,0.0,1.0,-1,6,60,1,1,1,17:35,4,1,9
2023010452645,2023,010452645,1,1,1,2,66,10,3,0,0,0,0,0,1,5,E01003071,-1,0,0.0,1.0,-1,6,20,1,1,1,14:22,7,1,1
2023010452693,2023,010452693,2,1,1,1,24,5,3,0,0,0,0,0,3,4,W01001189,-1,0,0.0,1.0,-1,6,30,1,1,1,14:18,7,2,3
2023501351785,2023,501351785,1,1,1,1,49,8,2,0,0,0,0,0,5,7,E01007503,5,1,1.0,0.0,-1,6,60,1,1,2,13:00,1,1,5
2023010430225,2023,010430225,1,1,3,1,10,2,2,5,3,0,0,0,0,3,E01004562,-1,0,1.0,0.0,-1,6,20,9,1,1,09:00,6,1,9
2023211296398,2023,211296398,1,1,1,1,41,7,3,0,0,0,0,0,9,8,E01029742,3,1,0.0,1.0,-1,6,40,1,1,1,08:45,4,7,9
2023461302949,2023,461302949,2,1,1,1,50,8,3,0,0,0,0,0,9,2,E01024374,3,1,0.0,1.0,-1,6,50,1,1,2,14:47,5,2,9
2023010435752,2023,010435752,1,1,1,1,48,8,3,0,0,0,0,0,1,5,E01003198,-1,0,0.0,1.0,-1,6,20,1,1,1,07:55,2,2,1
2023421340955,2023,421340955,1,1,1,1,65,9,2,0,0,0,0,0,5,9,E01021376,7,1,1.0,0.0,-1,6,60,1,1,1,12:11,7,1,5
2023461277496,2023,461277496,1,1,1,1,28,6,3,0,0,0,0,0,9,1,E01016049,3,1,0.0,1.0,-1,6,60,1,6,1,04:08,1,2,9
2023471384257,2023,471384257,2,3,2,1,11,3,3,0,0,1,0,0,9,9,E01031683,3,1,0.0,1.0,-1,6,60,1,6,2,19:15,5,2,9
2023622301030,2023,622301030,1,3,2,1,37,7,3,0,0,1,0,0,9,4,W01001065,-1,0,0.02689,0.97311,-1,6,20,1,1,2,09:26,2,2,9
2023531389075,2023,531389075,1,1,1,1,29,6,3,0,0,0,0,0,21,2,E01001442,3,1,0.0,1.0,-1,6,60,1,1,1,14:15,6,1,21
2023430572015,2023,430572015,1,1,1,2,39,7,3,0,0,0,0,0,19,8,E01027297,-1,0,0.0088,0.9912,-1,6,60,1,1,2,09:14,5,2,19
2023010440161,2023,010440161,2,1,1,1,33,6,3,0,0,0,0,0,9,-1,-1,-1,0,0.0,1.0,-1,6,40,1,1,1,07:00,7,2,9
2023122300374,2023,122300374,1,1,1,2,18,4,3,0,0,0,0,0,9,10,E01027698,-1,0,0.01394,0.98606,-1,6,30,2,1,2,15:03,6,2,9
2023161363096,2023,161363096,2,1,1,2,35,6,3,0,0,0,0,0,9,1,E01012915,3,1,0.0,1.0,-1,6,30,1,1,1,13:27,1,2,9
2023421376564,2023,421376564,2,2,2,2,23,5,3,0,0,2,0,0,9,5,E01002344,3,1,0.0,1.0,-1,1,30,1,1,1,09:35,5,2,9
2023991285787,2023,991285787,1,1,1,1,74,10,2,0,0,0,0,0,9,9,-1,5,1,1.0,0.0,-1,6,60,1,1,1,16:00,4,2,9
2023010465703,2023,010465703,1,1,1,1,33,6,3,0,0,0,0,0,1,6,E01004476,-1,0,0.0,1.0,-1,6,20,1,1,1,11:25,4,2,1
2023320032517,2023,320032517,1,3,1,1,27,6,3,0,0,0,0,0,19,7,E01018058,-1,0,0.04709,0.95291,-1,6,60,7,1,4,08:20,3,3,19
2023141364896,2023,141364896,1,1,3,1,62,9,3,10,9,0,0,0,0,1,E01007809,3,1,0.0,1.0,-1,6,30,1,4,2,21:15,5,1,9
2023211298545,2023,211298545,1,1,3,1,46,8,3,9,5,0,0,1,0,3,W01000355,3,1,0.0,1.0,-1,6,30,1,1,1,11:30,4,1,9
2023010452276,2023,010452276,2,1,1,1,43,7,2,0,0,0,0,0,1,5,E01003547,-1,0,1.0,0.0,-1,2,20,1,1,1,20:02,5,2,1
2023131295065,2023,131295065,1,1,1,1,24,5,2,0,0,0,0,0,3,8,E01011929,7,1,1.0,0.0,-1,6,30,1,4,1,23:05,1,2,3
2023141328074,2023,141328074,1,1,1,1,34,6,3,0,0,0,0,0,1,-1,-1,3,1,0.0,1.0,-1,6,30,1,1,1,09:45,5,2,1
2023131392758,2023,131392758,1,1,3,2,72,10,2,5,1,0,0,2,0,10,E01011948,7,1,1.0,0.0,-1,6,30,9,1,1,12:40,6,1,9
2023991270606,2023,991270606,1,1,3,2,70,10,2,5,1,0,0,0,0,1,-1,5,1,1.0,0.0,-1,6,30,2,4,2,18:46,3,1,9
2023052302875,2023,052302875,1,2,2,2,25,5,3,0,0,2,0,0,8,1,E01006638,-1,0,0.05443,0.94557,-1,6,30,1,4,4,03:10,7,2,8
2023522400379,2023,522400379,1,1,1,1,60,9,2,0,0,0,0,0,1,3,E01029029,-1,0,1.0,0.0,-1,6,30,2,1,2,16:20,7,2,1
2023411387728,2023,411387728,1,1,3,1,14,3,3,5,9,0,0,0,0,7,E01023382,3,1,0.0,1.0,-1,6,30,1,1,1,15:25,2,1,9
2023010432662,2023,010432662,2,1,1,1,28,6,3,0,0,0,0,0,1,1,E01001574,-1,0,0.0,1.0,-1,6,20,1,1,1,06:40,6,2,1
2023010473663,2023,010473663,1,1,1,1,44,7,2,0,0,0,0,0,1,2,E01003966,-1,0,1.0,0.0,-1,6,20,1,4,2,18:53,2,2,1
2023010455655,2023,010455655,1,1,1,1,42,7,3,0,0,0,0,0,3,2,E01001448,-1,0,0.0,1.0,-1,6,20,1,1,1,18:55,7,2,3
2023311350543,2023,311350543,1,1,3,2,73,10,2,5,3,0,0,0,0,-1,-1,6,1,1.0,0.0,-1,6,30,1,1,1,18:13,5,1,9
2023010425772,2023,010425772,2,1,1,1,57,9,3,0,0,0,0,0,1,3,E01002932,-1,0,0.0,1.0,-1,3,30,1,4,1,21:25,2,2,1
2023340NN4132,2023,340NN4132,2,1,1,1,25,5,3,0,0,0,0,0,1,4,E01027315,-1,0,0.13196,0.86804,-1,1,60,2,7,2,06:30,2,2,1
2023122301306,2023,122301306,2,1,1,1,59,9,2,0,0,0,0,0,4,6,E01021678,-1,0,1.0,0.0,-1,1,30,1,1,1,13:10,4,2,4