collision_index,collision_year,collision_ref_no,vehicle_reference,casualty_reference,casualty_class,sex_of_casualty,age_of_casualty,age_band_of_casualty,casualty_severity,pedestrian_location,pedestrian_movement,car_passenger,bus_or_coach_passenger,pedestrian_road_maintenance_worker,casualty_type,casualty_imd_decile,lsoa_of_casualty,enhanced_casualty_severity,casualty_injury_based,casualty_adjusted_severity_serious,casualty_adjusted_severity_slight,casualty_distance_banding,road_type,speed_limit,weather_conditions,light_conditions,road_surface_conditions,time,day_of_week,number_of_vehicles,vehicle_type
2023010473778,2023,010473778,1,1,2,2,84,11,3,0,0,0,3,0,11,4,E01002267,-1,0,0.0,1.0,-1,6,30,9,1,2,12:25,3,1,11
202354C402623,2023,54C402623,1,1,3,2,13,3,2,5,3,0,0,0,0,6,E01015579,-1,0,1.0,0.0,-1,6,30,1,4,1,16:56,4,1,19
2023010430313,2023,010430313,1,1,1,1,26,6,3,0,0,0,0,0,3,2,E01003288,-1,0,0.0,1.0,-1,6,20,8,5,1,17:35,6,2,3
2023501390041,2023,501390041,2,1,1,1,36,7,2,0,0,0,0,0,3,2,E01015073,7,1,1.0,0.0,-1,6,30,2,4,2,06:45,3,2,3
2023231368458,2023,231368458,2,1,1,1,36,7,2,0,0,0,0,0,9,6,E01031018,7,1,1.0,0.0,-1,6,30,1,4,1,23:34,6,2,9
2023552300430,2023,552300430,1,1,2,2,14,3,2,0,0,2,0,0,9,6,E01020533,-1,0,1.0,0.0,-1,6,50,1,6,2,21:48,6,3,9
2023122300593,2023,122300593,2,1,1,2,41,7,3,0,0,0,0,0,9,1,E01027847,-1,0,0.02822,0.97178,-1,2,30,1,1,1,17:20,4,2,9
2023131291865,2023,131291865,2,2,2,1,20,4,2,0,0,1,0,0,9,1,E01010995,5,1,1.0,0.0,-1,6,30,1,1,1,15:45,4,2,9
2023430306646,2023,430306646,2,1,1,2,37,7,3,0,0,0,0,0,9,10,E01028475,-1,0,0.00285,0.99715,-1,6,30,2,1,2,16:28,2,2,9
2023311356170,2023,311356170,1,1,3,2,32,6,3,1,3,0,0,0,0,-1,-1,3,1,0.0,1.0,-1,6,30,9,1,1,17:30,2,1,9
2023411344598,2023,411344598,2,2,1,1,42,7,2,0,0,0,0,0,5,10,E01023702,6,1,1.0,0.0,-1,1,40,1,1,1,09:11,7,2,5
2023522400882,2023,522400882,1,1,1,1,32,6,3,0,0,0,0,0,8,2,E01014685,-1,0,0.00693,0.99307,-1,6,30,1,4,2,05:52,3,2,8
2023320063544,2023,320063544,1,1,1,1,73,10,2,0,0,0,0,0,9,4,E01011644,-1,0,1.0,0.0,-1,6,60,1,1,1,13:00,3,1,9
2023201337403,2023,201337403,1,1,3,2,79,11,3,5,1,0,0,0,0,7,E01010027,3,1,0.0,1.0,-1,6,30,1,1,1,11:10,6,1,9
2023052302293,2023,052302293,2,1,1,1,41,7,2,0,0,0,0,0,1,1,E01006676,-1,0,1.0,0.0,-1,6,20,5,1,2,18:20,4,2,1
2023440392373,2023,440392373,1,1,1,2,35,6,3,0,0,0,0,0,9,7,E01022823,-1,0,0.0255,0.9745,-1,6,30,1,1,1,07:30,2,2,9
2023501280190,2023,501280190,2,1,2,2,19,4,2,0,0,1,0,0,9,5,E01015139,6,1,1.0,0.0,-1,6,30,1,1,1,13:10,5,2,9
202354D183723,2023,54D183723,1,1,1,2,59,9,3,0,0,0,0,0,9,10,E01023073,-1,0,0.0432,0.9568,-1,6,50,1,1,2,08:16,4,2,9
2023311391904,2023,311391904,2,1,1,1,40,7,2,0,0,0,0,0,3,6,E01028108,5,1,1.0,0.0,-1,6,30,1,4,1,06:21,5,2,3
2023010463220,2023,010463220,1,1,3,1,48,8,3,6,9,0,0,0,0,2,E01001588,-1,0,0.0,1.0,-1,6,30,1,1,1,16:50,4,1,11
2023332300556,2023,332300556,1,1,3,1,47,8,3,4,3,0,0,0,0,-1,-1,-1,0,0.07812,0.92188,-1,6,30,1,1,1,18:00,6,1,11
2023332300368,2023,332300368,2,1,1,1,14,3,3,0,0,0,0,0,-1,1,E01013640,-1,0,0.05321,0.94679,-1,3,30,1,1,1,17:22,6,2,-1
2023010445320,2023,010445320,1,1,3,2,17,4,3,8,4,0,0,0,0,2,E01000014,-1,0,0.0,1.0,-1,6,30,1,1,1,15:30,6,1,3
2023010440313,2023,010440313,1,2,2,2,28,6,3,0,0,1,0,0,9,2,E01000429,-1,0,0.0,1.0,-1,6,30,1,1,1,09:15,1,2,9
2023061322585,2023,061322585,2,1,1,2,30,6,2,0,0,0,0,0,9,3,E01025356,7,1,1.0,0.0,-1,6,20,1,4,1,23:00,1,4,9
2023010483345,2023,010483345,1,1,2,1,38,7,3,0,0,0,4,0,11,4,E01002406,-1,0,0.0,1.0,-1,6,30,1,1,1,06:25,2,1,11
2023070349242,2023,070349242,1,3,2,2,27,6,3,0,0,0,4,0,11,-1,-1,-1,0,0.05847,0.94153,-1,6,50,1,1,1,17:45,3,2,11
2023041420361,2023,041420361,2,1,1,1,45,7,3,0,0,0,0,0,9,7,E01025576,3,1,0.0,1.0,-1,6,60,1,6,1,22:25,4,2,9
2023061280076,2023,061280076,2,2,2,1,45,7,3,0,0,1,0,0,9,-1,-1,3,1,0.0,1.0,-1,6,30,1,1,1,02:30,4,2,9
2023221335881,2023,221335881,1,3,1,1,22,5,3,0,0,0,0,0,9,5,E01032444,3,1,0.0,1.0,-1,6,50,1,6,1,01:49,7,1,9
2023351368602,2023,351368602,2,2,2,2,30,6,3,0,0,2,0,0,9,4,E01018046,3,1,0.0,1.0,-1,6,30,1,1,1,15:35,7,2,9
2023451278125,2023,451278125,1,1,1,1,19,4,2,0,0,0,0,0,9,4,E01003826,7,1,1.0,0.0,-1,6,30,1,1,1,16:06,1,2,9
2023552300638,2023,552300638,1,3,2,2,25,5,3,0,0,0,0,0,19,5,E01020577,-1,0,0.14258,0.85742,-1,6,30,1,4,1,03:39,7,1,19
2023041343671,2023,041343671,1,2,1,1,50,8,3,0,0,0,0,0,98,4,E01004796,3,1,0.0,1.0,-1,3,70,1,1,1,15:25,1,3,98
2023052302428,2023,052302428,1,2,3,2,21,5,3,6,5,0,0,0,0,10,E01014793,-1,0,0.10686,0.89314,-1,6,30,2,1,2,14:10,6,1,23
2023060032562,2023,060032562,1,1,2,2,80,11,3,0,0,1,0,0,9,-1,-1,-1,0,0.10852,0.89148,-1,1,30,1,1,2,14:13,4,2,9
2023201383549,2023,201383549,1,1,1,1,35,6,1,0,0,0,0,0,9,1,E01010274,1,1,0.0,0.0,-1,3,40,1,1,2,14:22,4,1,9
2023351388183,2023,351388183,2,2,1,1,33,6,3,0,0,0,0,0,9,10,E01013215,3,1,0.0,1.0,-1,6,60,2,6,2,16:47,1,2,9
2023991436271,2023,991436271,2,1,1,1,31,6,3,0,0,0,0,0,9,-1,-1,3,1,0.0,1.0,-1,1,30,1,1,1,13:30,6,2,9
2023131348492,2023,131348492,2,1,1,1,44,7,3,0,0,0,0,0,1,1,E01011430,3,1,0.0,1.0,-1,6,20,1,4,1,21:06,1,2,1
2023131260489,2023,131260489,2,2,1,2,32,6,2,0,0,0,0,0,9,5,E01011648,5,1,1.0,0.0,-1,6,40,1,4,1,18:30,6,2,9
2023501363566,2023,501363566,1,1,1,1,52,8,3,0,0,0,0,0,9,3,E01018942,3,1,0.0,1.0,-1,6,20,1,4,1,21:23,1,1,9
2023201344549,2023,201344549,1,2,2,2,36,7,3,0,0,1,0,0,9,-1,-1,3,1,0.0,1.0,-1,6,30,1,4,1,23:35,3,2,9
2023461378503,2023,461378503,2,4,2,2,42,7,3,0,0,2,0,0,9,5,E01024181,3,1,0.0,1.0,-1,6,40,1,1,2,12:40,6,2,9
2023401342991,2023,401342991,2,2,1,1,23,5,3,0,0,0,0,0,3,8,E01017529,3,1,0.0,1.0,-1,6,30,1,1,1,15:43,3,3,3
2023302302003,2023,302302003,1,1,3,1,60,9,3,5,2,0,0,0,0,9,E01019590,-1,0,0.19462,0.80538,-1,6,30,1,4,1,19:31,6,1,9
2023401379415,2023,401379415,1,1,3,2,32,6,2,1,3,0,0,0,0,4,E01015782,7,1,1.0,0.0,-1,6,30,1,1,1,14:30,2,1,9
2023201411287,2023,201411287,1,1,1,1,-1,-1,3,0,0,0,0,0,2,7,E01029618,3,1,0.0,1.0,-1,6,30,2,1,2,09:52,3,2,2
2023122300367,2023,122300367,1,1,1,2,88,11,3,0,0,0,0,0,9,8,E01027593,-1,0,0.11497,0.88503,-1,6,60,1,1,1,00:01,7,2,9
2023351311478,2023,351311478,1,2,2,1,54,8,3,0,0,1,0,0,9,-1,-1,3,1,0.0,1.0,-1,3,70,1,1,1,15:18,6,1,9
2023461317768,2023,461317768,1,1,1,2,22,5,3,0,0,0,0,0,9,2,E01024020,3,1,0.0,1.0,-1,6,60,1,1,1,09:01,5,1,9
2023471277260,2023,471277260,1,1,1,1,53,8,3,0,0,0,0,0,9,7,E01031349,3,1,0.0,1.0,-1,3,50,2,1,2,13:10,5,2,9
2023052302161,2023,052302161,2,1,1,1,82,11,3,0,0,0,0,0,1,7,E01007148,-1,0,0.14779,0.85221,-1,6,20,1,1,1,13:45,6,2,1
2023052302259,2023,052302259,2,2,1,1,26,6,3,0,0,0,0,0,9,3,E01007253,-1,0,0.0374,0.9626,-1,6,30,1,1,1,10:30,7,2,9
2023052302932,2023,052302932,2,2,1,1,48,8,2,0,0,0,0,0,9,5,E01007102,-1,0,1.0,0.0,-1,6,30,1,4,1,23:33,6,2,9
2023991296461,2023,991296461,1,1,1,1,41,7,2,0,0,0,0,0,9,8,-1,7,1,1.0,0.0,-1,6,30,1,4,2,22:05,5,1,9
2023991389399,2023,991389399,2,1,1,1,29,6,2,0,0,0,0,0,9,-1,-1,6,1,1.0,0.0,-1,3,40,2,4,2,16:27,1,3,9
2023010448743,2023,010448743,1,2,3,2,68,10,2,6,9,0,0,0,0,6,E01001289,-1,0,1.0,0.0,-1,6,20,1,1,1,13:16,3,4,9
2023010471042,2023,010471042,1,1,1,1,32,6,2,0,0,0,0,0,5,2,E01000008,-1,0,1.0,0.0,-1,6,20,1,4,1,20:49,2,2,5
2023461389966,2023,461389966,1,1,1,1,74,10,2,0,0,0,0,0,9,10,E01024825,6,1,1.0,0.0,-1,6,50,2,1,2,09:25,2,2,9
2023221292169,2023,221292169,2,2,1,1,34,6,3,0,0,0,0,0,5,1,E01031090,3,1,0.0,1.0,-1,6,30,1,1,1,12:49,5,2,5
2023101358977,2023,101358977,2,1,2,1,1,1,3,0,0,2,0,0,9,-1,-1,3,1,0.0,1.0,-1,6,30,2,1,2,16:57,1,2,9
2023170S31993,2023,170S31993,1,2,2,2,52,8,3,0,0,2,0,0,9,1,E01012284,-1,0,0.06477,0.93523,-1,1,30,1,4,2,23:45,5,1,9
2023440196281,2023,440196281,1,1,1,1,23,5,2,0,0,0,0,0,9,10,E01030499,-1,0,1.0,0.0,-1,3,50,1,1,1,16:30,5,2,9
2023451275034,2023,451275034,1,1,1,2,35,6,3,0,0,0,0,0,9,8,E01032835,3,1,0.0,1.0,-1,3,70,1,1,1,08:00,2,2,9
2023031268575,2023,031268575,1,1,3,1,53,8,3,9,9,0,0,0,0,3,E01019266,3,1,0.0,1.0,-1,6,40,1,4,2,06:14,5,1,9
2023010479920,2023,010479920,1,1,1,2,28,6,3,0,0,0,0,0,9,-1,-1,-1,0,0.0,1.0,-1,3,20,9,1,1,12:25,6,2,9
2023041360536,2023,041360536,2,2,2,2,15,3,3,0,0,1,0,0,9,8,E01025012,3,1,0.0,1.0,-1,3,70,1,4,1,20:45,6,2,9
2023332301143,2023,332301143,1,2,1,1,27,6,3,0,0,0,0,0,9,5,E01025920,-1,0,0.01474,0.98526,-1,6,40,8,1,2,13:57,6,2,9
2023451262699,2023,451262699,1,1,1,1,19,4,3,0,0,0,0,0,9,5,E01030946,3,1,0.0,1.0,-1,7,50,2,1,2,03:35,4,3,9
2023991263408,2023,991263408,1,1,1,1,32,6,1,0,0,0,0,0,9,4,-1,1,1,0.0,0.0,-1,3,70,5,6,2,18:37,7,1,9
2023351268733,2023,351268733,2,1,1,1,69,10,3,0,0,0,0,0,1,6,E01015691,3,1,0.0,1.0,-1,6,30,1,1,1,13:00,7,2,1
2023401316808,2023,401316808,1,1,1,1,27,6,2,0,0,0,0,0,5,5,E01015739,7,1,1.0,0.0,-1,1,40,1,1,1,15:48,7,1,5
2023201339293,2023,201339293,1,3,2,2,21,5,3,0,0,2,0,0,9,8,E01009722,3,1,0.0,1.0,-1,6,30,1,4,1,22:46,6,2,9
2023552300864,2023,552300864,1,1,1,2,85,11,3,0,0,0,0,0,9,10,E01020395,-1,0,0.06875,0.93125,-1,1,40,1,1,2,10:19,2,2,9
2023610044023,2023,610044023,2,2,1,2,54,8,2,0,0,1,0,0,9,3,W01000999,-1,0,1.0,0.0,-1,3,70,2,1,5,13:30,5,2,9
2023131391252,2023,131391252,1,1,1,1,20,4,2,0,0,0,0,0,97,8,E01010905,5,1,1.0,0.0,-1,6,30,5,1,2,10:39,5,1,97
2023440310353,2023,440310353,1,1,1,1,61,9,3,0,0,0,0,0,1,2,E01017140,-1,0,0.144,0.856,-1,6,30,1,1,2,09:56,4,2,1
2023031345163,2023,031345163,1,1,1,1,73,10,2,0,0,0,0,0,9,6,E01019335,6,1,1.0,0.0,-1,6,60,1,1,1,15:19,4,2,9
2023131375123,2023,131375123,2,2,2,2,28,6,3,0,0,1,0,0,9,1,E01033035,3,1,0.0,1.0,-1,3,30,2,4,2,18:35,4,2,9
2023221330922,2023,221330922,1,1,1,1,41,7,2,0,0,0,0,0,9,1,E01008927,6,1,1.0,0.0,-1,3,70,1,1,2,15:43,7,1,9
2023302301420,2023,302301420,1,1,2,2,20,4,3,0,0,1,0,0,9,4,E01019813,-1,0,0.10662,0.89338,-1,6,60,2,1,2,16:45,3,1,9
2023421261704,2023,421261704,1,2,1,2,39,7,3,0,0,0,0,0,9,1,E01021968,3,1,0.0,1.0,-1,6,40,1,4,1,17:47,3,2,9
202354D502923,2023,54D502923,2,1,1,2,52,8,3,0,0,0,0,0,9,3,E01015477,-1,0,0.04179,0.95821,-1,6,30,1,4,2,05:20,5,2,9
2023552301328,2023,552301328,1,3,2,1,17,4,3,0,0,2,0,0,9,7,E01020354,-1,0,0.08219,0.91781,-1,6,60,1,6,2,20:11,3,1,9
2023010453392,2023,010453392,1,1,3,1,74,10,3,5,1,0,0,0,0,1,E01002041,-1,0,0.0,1.0,-1,6,20,1,1,1,16:29,4,1,5
2023061323970,2023,061323970,1,1,3,1,9,2,2,5,1,0,0,-1,0,1,E01004848,7,1,1.0,0.0,-1,6,30,1,1,1,17:12,2,1,9
2023471353591,2023,471353591,2,1,1,2,69,10,2,0,0,0,0,0,1,10,E01031367,7,1,1.0,0.0,-1,6,30,1,1,1,17:00,5,2,1
2023010484433,2023,010484433,1,1,1,1,20,4,3,0,0,0,0,0,3,1,E01002093,-1,0,0.0,1.0,-1,6,20,1,4,1,20:25,6,2,3
2023161277987,2023,161277987,1,2,1,2,41,7,3,0,0,0,0,0,9,1,E01013279,3,1,0.0,1.0,-1,6,30,4,4,1,22:25,7,3,9
202354C763123,2023,54C763123,2,1,1,2,53,8,3,0,0,0,0,0,9,6,E01015532,-1,0,0.03214,0.96786,-1,6,30,1,1,1,15:08,6,3,9
2023010448124,2023,010448124,1,1,2,2,53,8,2,0,0,0,4,0,11,4,E01002792,-1,0,1.0,0.0,-1,3,30,1,1,1,12:15,6,1,11
2023221283480,2023,221283480,2,1,1,1,71,10,2,0,0,0,0,0,1,2,E01014048,7,1,1.0,0.0,-1,6,30,1,1,1,12:00,7,2,1
2023371337569,2023,371337569,2,1,1,1,34,6,3,0,0,0,0,0,5,3,E01030139,3,1,0.0,1.0,-1,6,30,1,1,1,16:00,6,2,5
2023201365619,2023,201365619,2,1,1,2,68,10,3,0,0,0,0,0,9,4,E01009236,3,1,0.0,1.0,-1,6,30,1,1,1,07:33,2,2,9
2023401338272,2023,401338272,1,1,1,2,50,8,3,0,0,0,0,0,9,3,E01017518,3,1,0.0,1.0,-1,6,30,1,1,1,17:30,6,5,9
2023451283692,2023,451283692,1,2,1,1,54,8,3,0,0,0,0,0,9,9,E01016230,3,1,0.0,1.0,-1,3,70,1,6,2,19:45,1,2,9
202354B690023,2023,54B690023,1,4,2,1,22,5,3,0,0,1,0,0,9,8,E01032704,-1,0,0.04288,0.95712,-1,3,40,1,4,2,18:35,7,2,9
2023010461415,2023,010461415,2,1,1,1,22,5,3,0,0,0,0,0,-1,2,E01000743,-1,0,0.0,1.0,-1,6,30,1,1,1,14:05,7,2,-1
2023320242470,2023,320242470,1,1,3,1,25,5,3,8,1,0,0,0,0,2,E01026156,-1,0,0.13041,0.86959,-1,2,30,1,4,1,00:10,1,1,8
2023010440114,2023,010440114,1,1,1,1,41,7,3,0,0,0,0,0,9,2,E01004332,-1,0,0.0,1.0,-1,6,20,1,1,1,05:48,7,2,9
2023010474379,2023,010474379,1,1,1,2,35,6,3,0,0,0,0,0,9,7,E01032570,-1,0,0.0,1.0,-1,1,30,1,1,1,17:20,6,2,9
2023141336260,2023,141336260,2,1,1,1,64,9,3,0,0,0,0,0,9,5,E01007489,3,1,0.0,1.0,-1,6,40,1,1,2,16:20,2,2,9
2023440408226,2023,440408226,2,1,1,2,30,6,3,0,0,0,0,0,9,8,E01022758,-1,0,0.01689,0.98311,-1,6,30,1,1,1,07:54,6,3,9
2023471307018,2023,471307018,1,1,1,2,18,4,3,0,0,0,0,0,9,6,E01031472,3,1,0.0,1.0,-1,1,30,1,1,1,19:30,7,2,9
2023421314374,2023,421314374,1,3,2,1,17,4,3,0,0,2,0,0,9,4,E01015947,3,1,0.0,1.0,-1,6,50,1,6,1,00:20,7,1,9
2023010436022,2023,010436022,1,1,1,1,31,6,2,0,0,0,0,0,3,4,E01001139,-1,0,1.0,0.0,-1,6,20,8,1,1,16:40,4,2,3
2023010422785,2023,010422785,1,2,2,2,24,5,3,0,0,1,0,0,9,3,E01002303,-1,0,0.0,1.0,-1,6,30,8,4,2,21:40,7,1,9
2023010440807,2023,010440807,1,1,1,2,38,7,3,0,0,0,0,0,9,7,E01030410,-1,0,0.0,1.0,-1,9,40,8,1,1,07:10,4,1,9
2023031345971,2023,031345971,1,3,2,2,16,4,3,0,0,2,0,0,9,-1,-1,3,1,0.0,1.0,-1,6,60,1,6,1,21:13,7,2,9
2023031354166,2023,031354166,1,1,1,2,19,4,3,0,0,0,0,0,9,10,E01019368,3,1,0.0,1.0,-1,6,30,4,4,2,20:35,3,2,9
2023052301815,2023,052301815,1,1,3,1,4,1,2,1,1,0,0,0,0,-1,-1,-1,0,1.0,0.0,-1,6,30,1,1,1,14:40,4,1,19
2023430180081,2023,430180081,2,1,1,1,26,6,3,0,0,0,0,0,3,4,E01032961,-1,0,0.14123,0.85877,-1,6,30,1,1,1,16:58,3,2,3
2023041319646,2023,041319646,1,3,1,1,29,6,3,0,0,0,0,0,9,1,E01012619,3,1,0.0,1.0,-1,6,30,1,1,1,15:49,5,2,9
2023122300467,2023,122300467,2,1,1,2,42,7,3,0,0,0,0,0,9,10,E01011376,-1,0,0.07501,0.92499,-1,6,60,1,1,1,17:50,1,2,9
2023311351825,2023,311351825,2,2,1,2,33,6,1,0,0,0,0,0,9,4,E01027928,1,1,0.0,0.0,-1,6,50,2,1,2,19:44,3,2,9
2023361341782,2023,361341782,1,3,2,1,26,6,3,0,0,0,0,0,9,6,E01032612,3,1,0.0,1.0,-1,6,60,1,1,1,16:30,1,2,9
2023531378140,2023,531378140,1,2,1,1,23,5,3,0,0,0,0,0,98,2,E01022328,3,1,0.0,1.0,-1,3,60,4,4,1,16:50,6,3,98
2023041311133,2023,041311133,1,1,3,2,14,3,3,1,3,0,0,2,0,7,E01025485,3,1,0.0,1.0,-1,6,30,1,1,1,13:50,7,1,9
2023010466082,2023,010466082,2,1,1,1,23,5,2,0,0,0,0,0,1,10,E01030489,-1,0,1.0,0.0,-1,3,30,1,4,1,00:22,6,2,1
2023451274929,2023,451274929,1,2,2,2,33,6,3,0,0,1,0,0,9,9,E01030830,3,1,0.0,1.0,-1,6,40,8,1,1,11:10,6,2,9
2023052301077,2023,052301077,2,2,2,2,45,7,3,0,0,1,0,0,9,1,E01006728,-1,0,0.03453,0.96547,-1,3,50,1,1,1,17:30,6,3,9
2023101361231,2023,101361231,2,2,2,1,48,8,3,0,0,1,0,0,9,10,E01027464,3,1,0.0,1.0,-1,6,60,2,1,2,11:04,7,2,9
2023201339255,2023,201339255,1,2,2,1,41,7,3,0,0,1,0,0,9,-1,-1,3,1,0.0,1.0,-1,6,30,1,7,1,18:15,1,4,9
2023430470652,2023,430470652,2,1,2,2,76,11,2,0,0,1,0,0,9,5,E01029152,-1,0,1.0,0.0,-1,6,30,1,1,1,14:36,5,2,9
2023501376732,2023,501376732,1,1,1,2,77,11,3,0,0,0,0,0,9,5,E01019982,3,1,0.0,1.0,-1,6,20,1,1,1,13:52,2,3,9
2023522300581,2023,522300581,2,1,1,2,44,7,3,0,0,0,0,0,9,5,E01014804,-1,0,0.01353,0.98647,-1,6,30,1,1,1,14:00,7,3,9
2023351391265,2023,351391265,1,1,3,2,77,11,2,5,3,0,0,-1,0,5,E01018135,7,1,1.0,0.0,-1,6,30,2,6,2,17:03,5,1,9
2023461354622,2023,461354622,1,1,1,1,47,8,3,0,0,0,0,0,5,4,E01016129,3,1,0.0,1.0,-1,6,30,1,1,1,13:39,7,2,5
2023421330931,2023,421330931,2,2,1,1,43,7,3,0,0,0,0,0,9,9,E01021736,3,1,0.0,1.0,-1,6,30,2,1,2,08:20,4,2,9
2023547570523,2023,547570523,2,1,1,1,56,9,3,0,0,0,0,0,1,10,E01031984,-1,0,0.05661,0.94339,-1,6,30,1,1,1,16:00,2,2,1
2023010431101,2023,010431101,1,1,1,1,31,6,3,0,0,0,0,0,9,4,E01001296,-1,0,0.0,1.0,-1,3,40,2,4,2,20:00,4,2,9
2023430575746,2023,430575746,2,2,1,2,61,9,1,0,0,0,0,0,9,8,E01028726,-1,0,0.0,0.0,-1,6,50,1,1,2,11:17,2,2,9
2023010451875,2023,010451875,1,1,3,2,33,6,2,1,1,0,0,0,0,7,E01002896,-1,0,1.0,0.0,-1,6,20,1,1,1,19:00,3,1,9
2023010471143,2023,010471143,2,1,1,1,32,6,3,0,0,0,0,0,4,1,E01028247,-1,0,0.0,1.0,-1,3,20,1,1,1,13:00,3,2,4
2023501279476,2023,501279476,1,1,1,2,38,7,3,0,0,0,0,0,9,4,E01019064,3,1,0.0,1.0,-1,6,60,2,1,2,16:16,4,1,9
2023522400057,2023,522400057,2,1,1,1,29,6,3,0,0,0,0,0,3,4,E01014576,-1,0,0.09011,0.90989,-1,6,20,4,1,1,14:15,4,2,3
2023131311142,2023,131311142,2,2,2,1,7,2,3,0,0,2,0,0,9,10,E01011196,3,1,0.0,1.0,-1,6,30,1,1,1,17:55,4,2,9
2023141341108,2023,141341108,1,2,2,1,20,4,2,0,0,1,0,0,9,7,E01007664,5,1,1.0,0.0,-1,6,30,1,4,1,23:52,7,5,9
2023361412368,2023,361412368,1,1,2,1,33,6,3,0,0,1,0,0,9,4,E01026638,3,1,0.0,1.0,-1,6,60,1,6,2,15:30,4,1,9
2023471346549,2023,471346549,1,1,1,1,29,6,3,0,0,0,0,0,9,6,E01016889,3,1,0.0,1.0,-1,6,60,2,6,2,20:17,3,3,9
2023991317825,2023,991317825,2,3,2,1,9,2,3,0,0,1,0,0,9,8,-1,3,1,0.0,1.0,-1,6,60,1,1,1,18:23,2,2,9
2023501328189,2023,501328189,2,2,1,1,34,6,3,0,0,0,0,0,21,4,E01020057,3,1,0.0,1.0,-1,3,70,1,6,1,00:27,6,2,21
2023010449927,2023,010449927,2,1,1,1,24,5,3,0,0,0,0,0,3,2,E01000952,-1,0,0.0,1.0,-1,6,30,2,1,2,17:15,1,2,3
2023010465055,2023,010465055,1,1,1,2,28,6,3,0,0,0,0,0,9,1,E01000524,-1,0,0.0,1.0,-1,2,30,9,4,1,01:48,1,1,9
2023421285134,2023,421285134,1,1,1,2,18,4,2,0,0,0,0,0,9,-1,-1,7,1,1.0,0.0,-1,6,60,2,4,2,21:24,5,1,9
2023461375090,2023,461375090,1,2,2,1,43,7,3,0,0,-1,0,0,9,9,E01016107,3,1,0.0,1.0,-1,9,70,4,1,2,15:43,2,2,9
2023041272539,2023,041272539,2,2,1,1,67,10,3,0,0,0,0,0,98,4,E01025225,3,1,0.0,1.0,-1,3,70,1,1,2,07:45,3,3,98
2023041348786,2023,041348786,1,1,1,2,72,10,3,0,0,0,0,0,98,3,E01020264,3,1,0.0,1.0,-1,3,70,1,1,1,14:43,2,2,98
2023371404660,2023,371404660,1,3,1,2,76,11,3,0,0,0,0,0,9,7,E01030153,3,1,0.0,1.0,-1,3,70,1,6,2,17:56,5,3,9
2023421332475,2023,421332475,1,2,2,1,39,7,2,0,0,1,0,0,9,9,E01021899,5,1,1.0,0.0,-1,6,60,1,1,1,16:32,1,1,9
2023622300306,2023,622300306,1,2,2,2,21,5,3,0,0,1,0,0,9,3,W01000965,-1,0,0.03957,0.96043,-1,2,30,1,4,1,00:47,1,7,9
2023131322238,2023,131322238,2,1,1,1,42,7,3,0,0,0,0,0,1,4,E01033006,3,1,0.0,1.0,-1,6,30,1,1,1,10:00,7,2,1
2023401316409,2023,401316409,2,1,1,1,41,7,1,0,0,0,0,0,5,-1,-1,1,1,0.0,0.0,-1,3,40,1,1,1,09:09,5,2,5
2023010445935,2023,010445935,1,1,1,2,45,7,3,0,0,0,0,0,9,-1,-1,-1,0,0.0,1.0,-1,1,30,1,1,1,13:45,6,2,9
2023031370821,2023,031370821,2,2,1,1,57,9,3,0,0,0,0,0,9,6,E01019237,3,1,0.0,1.0,-1,6,60,8,4,1,17:45,7,2,9
2023131339926,2023,131339926,2,1,1,1,69,10,3,0,0,0,0,0,9,7,E01011890,3,1,0.0,1.0,-1,6,30,1,1,1,17:05,2,2,9
2023522400748,2023,522400748,1,1,2,2,32,6,3,0,0,2,0,0,9,9,E01014739,-1,0,0.02394,0.97606,-1,3,50,2,1,1,11:34,4,2,9
2023031296018,2023,031296018,1,2,1,2,51,8,3,0,0,0,0,0,9,1,E01019164,3,1,0.0,1.0,-1,6,30,2,7,2,20:45,4,2,9
2023501263102,2023,501263102,1,1,1,1,63,9,2,0,0,0,0,0,9,5,E01020088,7,1,1.0,0.0,-1,6,60,1,6,2,21:32,5,1,9
2023991349682,2023,991349682,1,1,1,2,39,7,3,0,0,0,0,0,9,-1,-1,3,1,0.0,1.0,-1,3,70,1,1,1,15:00,4,2,9
2023031270605,2023,031270605,1,1,1,2,26,6,2,0,0,0,0,0,9,3,E01019215,7,1,1.0,0.0,-1,6,60,5,6,2,18:20,3,1,9
2023131272381,2023,131272381,2,1,2,2,16,4,2,0,0,1,0,0,9,2,E01011915,7,1,1.0,0.0,-1,6,20,1,1,1,18:00,6,2,9
2023411284506,2023,411284506,2,1,1,1,27,6,3,0,0,0,0,0,9,7,E01023435,3,1,0.0,1.0,-1,9,70,1,6,-1,21:15,1,2,9
2023440203061,2023,440203061,1,1,1,2,42,7,3,0,0,0,0,0,9,5,E01023201,-1,0,0.0404,0.9596,-1,6,30,1,1,1,08:32,3,2,9
2023010457024,2023,010457024,1,1,1,2,41,7,3,0,0,0,0,0,9,3,E01000092,-1,0,0.0,1.0,-1,9,30,8,1,1,12:55,4,2,9
2023131328721,2023,131328721,2,1,1,2,68,10,3,0,0,0,0,0,9,6,E01011586,3,1,0.0,1.0,-1,6,30,2,1,2,12:00,4,4,9