collision_index,collision_year,collision_ref_no,vehicle_reference,casualty_reference,casualty_class,sex_of_casualty,age_of_casualty,age_band_of_casualty,casualty_severity,pedestrian_location,pedestrian_movement,car_passenger,bus_or_coach_passenger,pedestrian_road_maintenance_worker,casualty_type,casualty_imd_decile,lsoa_of_casualty,enhanced_casualty_severity,casualty_injury_based,casualty_adjusted_severity_serious,casualty_adjusted_severity_slight,casualty_distance_banding,road_type,speed_limit,weather_conditions,light_conditions,road_surface_conditions,time,day_of_week,number_of_vehicles,vehicle_type
2023461309127,2023,461309127,1,1,1,1,47,8,3,0,0,0,0,0,9,7,E01024732,3,1,0.0,1.0,-1,6,30,1,4,1,20:00,6,2,9
2023471358910,2023,471358910,2,3,2,2,52,8,3,0,0,1,0,0,9,4,E01031785,3,1,0.0,1.0,-1,6,30,1,1,1,16:35,2,3,9
202354D236223,2023,54D236223,1,1,1,2,30,6,3,0,0,0,0,0,9,6,E01020449,-1,0,0.04898,0.95102,-1,6,60,2,6,2,06:50,5,2,9
2023010460272,2023,010460272,1,1,2,1,62,9,3,0,0,1,0,0,9,7,E01003677,-1,0,0.0,1.0,-1,6,30,1,1,1,16:00,7,2,9
2023041355920,2023,041355920,1,2,2,2,83,11,2,0,0,1,0,0,9,5,E01012690,6,1,1.0,0.0,-1,6,30,1,1,1,18:10,5,1,9
2023421277247,2023,421277247,1,1,1,2,62,9,3,0,0,0,0,0,9,9,E01021523,3,1,0.0,1.0,-1,6,30,1,1,1,13:40,5,2,9
2023131301264,2023,131301264,1,1,1,2,22,5,2,0,0,0,0,0,9,10,E01011401,6,1,1.0,0.0,-1,9,20,1,1,1,14:17,4,2,9
2023161349581,2023,161349581,1,1,1,1,46,8,3,0,0,0,0,0,9,1,E01012850,3,1,0.0,1.0,-1,6,20,1,1,1,15:15,3,2,9
2023201378042,2023,201378042,2,2,2,1,16,4,3,0,0,1,0,0,9,7,E01009643,3,1,0.0,1.0,-1,1,30,1,1,1,16:20,2,2,9
2023471285087,2023,471285087,2,2,1,2,65,9,2,0,0,0,0,0,9,3,E01031609,7,1,1.0,0.0,-1,6,30,2,1,2,16:40,5,2,9
2023031356965,2023,031356965,1,1,1,1,28,6,3,0,0,0,0,0,9,-1,-1,3,1,0.0,1.0,-1,6,60,1,1,2,09:00,4,1,9
2023101303678,2023,101303678,2,1,1,1,40,7,3,0,0,0,0,0,9,3,E01008476,3,1,0.0,1.0,-1,3,40,1,4,1,18:43,1,2,9
2023122301328,2023,122301328,1,3,2,2,71,10,3,0,0,1,0,0,9,10,E01029657,-1,0,0.07075,0.92925,-1,6,40,1,1,1,09:34,6,3,9
2023201378767,2023,201378767,2,1,1,2,37,7,3,0,0,0,0,0,9,2,E01009158,3,1,0.0,1.0,-1,3,30,1,1,1,08:20,5,2,9
2023991319154,2023,991319154,2,1,2,2,66,10,3,0,0,2,0,0,9,4,-1,3,1,0.0,1.0,-1,6,20,1,1,1,14:20,4,3,9
2023010423698,2023,010423698,1,1,1,1,37,7,2,0,0,0,0,0,5,8,E01004058,-1,0,1.0,0.0,-1,3,20,2,4,2,17:20,5,2,5
2023161351331,2023,161351331,1,1,1,1,13,3,3,0,0,0,0,0,90,1,E01012790,3,1,0.0,1.0,-1,6,30,9,1,1,10:00,7,2,90
2023461320106,2023,461320106,1,4,2,1,51,8,3,0,0,0,0,0,19,5,E01000979,3,1,0.0,1.0,-1,6,40,1,1,1,15:09,5,5,19
2023010498948,2023,010498948,1,1,1,1,43,7,3,0,0,0,0,0,1,8,E01003404,-1,0,0.0,1.0,-1,1,30,1,4,2,04:30,5,2,1
2023010486720,2023,010486720,1,1,1,1,32,6,2,0,0,0,0,0,9,4,E01003919,-1,0,1.0,0.0,-1,6,20,1,1,1,08:34,1,4,9
2023061276848,2023,061276848,1,1,1,2,76,11,3,0,0,0,0,0,9,10,E01004788,3,1,0.0,1.0,-1,6,40,1,4,1,18:08,3,3,9
2023061294490,2023,061294490,2,2,1,2,32,6,2,0,0,0,0,0,9,3,E01005605,6,1,1.0,0.0,-1,6,40,1,1,1,15:59,5,2,9
2023361269352,2023,361269352,1,1,1,2,41,7,3,0,0,0,0,0,9,7,E01033434,3,1,0.0,1.0,-1,6,30,1,1,2,07:34,1,2,9
2023010467388,2023,010467388,1,1,1,2,23,5,3,0,0,0,0,0,1,-1,-1,-1,0,0.0,1.0,-1,6,20,1,1,1,11:45,5,1,1
2023351354754,2023,351354754,1,1,1,1,18,4,3,0,0,0,0,0,3,1,E01015637,3,1,0.0,1.0,-1,6,30,1,4,1,21:55,5,1,3
2023340WN4652,2023,340WN4652,2,2,1,1,40,7,3,0,0,0,0,0,9,6,E01032977,-1,0,0.07975,0.92025,-1,6,60,1,1,1,10:00,4,2,9
2023620029923,2023,620029923,3,1,2,1,22,5,3,0,0,2,0,0,9,1,W01001835,-1,0,0.02558,0.97442,-1,7,70,1,4,1,22:45,6,3,9
2023991341093,2023,991341093,1,1,1,2,79,11,2,0,0,0,0,0,9,2,-1,7,1,1.0,0.0,-1,3,70,1,1,1,20:35,7,1,9
2023010452427,2023,010452427,1,1,2,1,19,4,3,0,0,2,0,0,9,2,E01001218,-1,0,0.0,1.0,-1,6,20,1,1,1,16:05,6,2,9
2023131324762,2023,131324762,2,1,2,1,24,5,3,0,0,1,0,0,9,4,E01011908,3,1,0.0,1.0,-1,6,40,1,1,1,11:10,7,3,9
2023141378703,2023,141378703,2,4,2,1,23,5,3,0,0,2,0,0,9,2,E01011002,3,1,0.0,1.0,-1,3,70,1,6,1,18:09,5,3,9
2023451357934,2023,451357934,1,1,1,2,47,8,3,0,0,0,0,0,9,8,E01030313,3,1,0.0,1.0,-1,3,50,1,1,1,16:15,6,2,9
2023461336204,2023,461336204,1,2,2,1,20,4,1,0,0,1,0,0,9,5,E01024767,1,1,0.0,0.0,-1,6,40,2,1,2,16:00,2,2,9
2023501382549,2023,501382549,2,4,2,1,62,9,3,0,0,-1,0,0,9,5,E01019065,3,1,0.0,1.0,-1,6,60,2,4,2,16:40,2,2,9
2023991290509,2023,991290509,1,2,2,1,43,7,3,0,0,1,0,0,9,4,-1,3,1,0.0,1.0,-1,6,60,1,1,1,17:45,7,1,9
2023010427067,2023,010427067,1,2,2,2,35,6,3,0,0,9,0,0,9,8,E01003649,-1,0,0.0,1.0,-1,6,30,9,7,9,16:20,6,2,9
2023421313035,2023,421313035,2,2,2,2,12,3,3,0,0,1,0,0,9,-1,-1,3,1,0.0,1.0,-1,6,60,1,1,1,17:14,3,3,9
202354D036723,2023,54D036723,2,2,1,2,50,8,3,0,0,0,0,0,9,3,E01016459,-1,0,0.01193,0.98807,-1,3,70,1,6,1,18:06,6,2,9
202360A104811,2023,60A104811,1,1,1,1,42,7,3,0,0,0,0,0,9,-1,-1,-1,0,0.10658,0.89342,-1,6,60,1,1,1,16:16,3,3,9
2023141308493,2023,141308493,1,1,3,1,21,5,3,8,9,0,0,0,0,1,E01007474,3,1,0.0,1.0,-1,6,30,1,1,1,18:00,3,1,11
2023010432920,2023,010432920,1,1,1,1,32,6,3,0,0,0,0,0,9,2,E01001491,-1,0,0.0,1.0,-1,6,30,1,1,1,17:10,6,2,9
2023201364491,2023,201364491,2,1,1,1,57,9,2,0,0,0,0,0,9,2,E01009568,7,1,1.0,0.0,-1,6,30,2,4,2,21:50,1,2,9
2023501380868,2023,501380868,2,2,1,1,24,5,3,0,0,0,0,0,9,4,E01019054,3,1,0.0,1.0,-1,6,60,3,1,3,08:03,5,3,9
2023522400262,2023,522400262,1,1,1,2,41,7,3,0,0,0,0,0,9,7,E01014916,-1,0,0.02703,0.97297,-1,6,20,1,1,1,19:22,7,2,9
2023411412723,2023,411412723,1,1,3,1,46,8,2,6,9,0,0,0,0,5,E01023537,6,1,1.0,0.0,-1,6,30,1,4,4,23:17,4,1,9
2023010449312,2023,010449312,2,1,1,1,57,9,3,0,0,0,0,0,5,7,E01004516,-1,0,0.0,1.0,-1,6,20,1,1,1,16:00,5,2,5
2023430119290,2023,430119290,1,1,3,1,40,7,3,1,3,0,0,0,0,-1,-1,-1,0,0.10702,0.89298,-1,6,30,1,1,1,11:54,6,1,9
2023430370669,2023,430370669,1,1,1,1,79,11,2,0,0,0,0,0,5,9,E01033282,-1,0,1.0,0.0,-1,6,20,1,4,1,23:24,6,1,5
2023010454023,2023,010454023,1,1,1,1,62,9,3,0,0,0,0,0,8,4,E01003718,-1,0,0.0,1.0,-1,1,30,1,4,1,03:40,7,2,8
2023010422390,2023,010422390,4,5,2,2,32,6,3,0,0,1,0,0,9,6,E01023720,-1,0,0.0,1.0,-1,3,50,1,4,1,19:20,5,5,9
2023231299242,2023,231299242,2,2,1,1,47,8,3,0,0,0,0,0,9,-1,-1,3,1,0.0,1.0,-1,6,50,1,1,1,11:40,1,2,9
2023991386807,2023,991386807,2,2,2,1,32,6,3,0,0,1,0,0,9,10,-1,3,1,0.0,1.0,-1,3,40,1,1,2,12:15,2,2,9
2023010433852,2023,010433852,1,1,3,2,29,6,3,8,4,0,0,0,0,4,E01001329,-1,0,0.0,1.0,-1,3,40,2,1,2,16:35,5,1,5
2023101302026,2023,101302026,1,1,3,2,12,3,2,5,3,0,0,0,0,-1,-1,7,1,1.0,0.0,-1,6,20,1,1,1,08:30,6,1,9
2023440409489,2023,440409489,1,1,1,1,40,7,2,0,0,0,0,0,1,2,E01017331,-1,0,1.0,0.0,-1,6,30,1,4,1,21:11,6,2,1
2023010442193,2023,010442193,1,1,1,1,53,8,3,0,0,0,0,0,5,4,E01002743,-1,0,0.0,1.0,-1,9,20,9,1,9,18:00,3,1,5
2023522400132,2023,522400132,1,1,1,1,37,7,3,0,0,0,0,0,-1,7,E01014907,-1,0,0.01843,0.98157,-1,6,20,1,1,1,11:20,4,2,-1
2023010461482,2023,010461482,1,2,3,1,26,6,3,6,9,0,0,0,0,-1,-1,-1,0,0.0,1.0,-1,6,30,1,4,1,21:50,1,1,9
2023440329847,2023,440329847,2,1,1,1,35,6,3,0,0,0,0,0,3,-1,-1,-1,0,0.11311,0.88689,-1,6,30,1,1,1,16:00,3,3,3
2023010431396,2023,010431396,1,1,1,1,38,7,3,0,0,0,0,0,3,5,E01003142,-1,0,0.0,1.0,-1,2,20,1,1,2,11:40,6,2,3
2023411314178,2023,411314178,1,1,1,1,26,6,3,0,0,0,0,0,19,-1,-1,3,1,0.0,1.0,-1,6,60,1,1,1,07:33,3,4,19
2023010425432,2023,010425432,1,1,3,2,32,6,3,1,1,0,0,0,0,5,E01033098,-1,0,0.0,1.0,-1,9,20,1,1,1,16:13,6,1,9
2023010481429,2023,010481429,1,1,3,1,41,7,3,1,1,0,0,0,0,2,E01000084,-1,0,0.0,1.0,-1,6,30,1,1,1,15:28,6,1,9
2023501346092,2023,501346092,1,5,3,1,26,6,2,6,9,0,0,0,0,4,E01018926,7,1,1.0,0.0,-1,6,20,1,4,1,03:23,1,1,9
2023440126741,2023,440126741,1,1,1,1,16,4,3,0,0,0,0,0,2,9,E01023064,-1,0,0.14338,0.85662,-1,6,60,1,1,1,18:00,5,2,2
2023010452226,2023,010452226,1,1,1,1,32,6,3,0,0,0,0,0,3,4,E01015326,-1,0,0.0,1.0,-1,6,20,1,1,1,14:50,5,2,3
2023421290306,2023,421290306,1,1,3,1,70,10,2,5,3,0,0,0,0,2,E01015899,7,1,1.0,0.0,-1,3,40,1,4,1,22:29,6,1,8
2023622300835,2023,622300835,1,1,3,1,25,5,3,5,1,0,0,0,0,4,W01001433,-1,0,0.06106,0.93894,-1,6,30,1,1,1,12:37,4,1,9
2023131307231,2023,131307231,1,2,2,1,17,4,3,0,0,0,0,0,9,1,E01011922,3,1,0.0,1.0,-1,9,20,1,1,1,16:45,1,2,9
2023161334427,2023,161334427,1,1,1,2,61,9,3,0,0,0,0,0,9,7,E01012815,3,1,0.0,1.0,-1,6,30,1,4,1,21:27,1,2,9
2023991269345,2023,991269345,1,1,1,2,32,6,2,0,0,0,0,0,9,6,-1,7,1,1.0,0.0,-1,6,40,1,1,4,08:50,6,2,9
2023131291011,2023,131291011,2,1,1,1,63,9,3,0,0,0,0,0,5,10,E01011301,3,1,0.0,1.0,-1,6,40,1,1,1,15:30,2,2,5
2023141378824,2023,141378824,1,1,1,2,25,5,2,0,0,0,0,0,9,5,E01007588,7,1,1.0,0.0,-1,3,70,1,1,1,10:19,7,2,9
2023231297709,2023,231297709,2,3,2,2,14,3,3,0,0,1,0,0,9,3,E01031080,3,1,0.0,1.0,-1,6,50,1,1,1,13:03,1,2,9
2023522300529,2023,522300529,1,1,1,2,39,7,3,0,0,0,0,0,9,7,E01014847,-1,0,0.00647,0.99353,-1,6,30,1,1,1,09:27,3,2,9
2023131319524,2023,131319524,1,1,1,2,44,7,3,0,0,0,0,0,9,6,E01011071,3,1,0.0,1.0,-1,6,30,1,1,1,15:10,6,2,9
2023520301193,2023,520301193,2,1,1,1,41,7,3,0,0,0,0,0,9,6,E01032631,-1,0,0.02495,0.97505,-1,6,30,1,1,1,14:56,5,2,9
2023302301590,2023,302301590,1,1,3,2,15,3,3,5,3,0,0,0,0,3,E01013471,-1,0,0.0528,0.9472,-1,6,30,1,1,1,17:00,3,1,8
2023010426582,2023,010426582,1,1,1,2,52,8,3,0,0,0,0,0,9,5,E01004482,-1,0,0.0,1.0,-1,6,30,8,7,1,18:20,5,1,9
2023311330416,2023,311330416,1,1,1,1,41,7,3,0,0,0,0,0,9,4,E01026192,3,1,0.0,1.0,-1,6,60,1,1,1,05:42,3,1,9
2023010477558,2023,010477558,1,1,3,2,63,9,3,8,9,0,0,0,0,7,E01000748,-1,0,0.0,1.0,-1,6,30,9,1,2,16:41,1,1,9
2023010470822,2023,010470822,1,1,1,1,50,8,3,0,0,0,0,0,1,6,E01000585,-1,0,0.0,1.0,-1,6,20,1,4,1,21:45,5,2,1
2023010482008,2023,010482008,1,1,1,1,59,9,3,0,0,0,0,0,8,9,E01004504,-1,0,0.0,1.0,-1,3,60,1,4,2,22:35,2,2,8
2023010472215,2023,010472215,1,1,1,1,56,9,3,0,0,0,0,0,9,1,E01032575,-1,0,0.0,1.0,-1,6,20,1,1,1,08:45,2,2,9
2023131280436,2023,131280436,2,1,2,2,27,6,3,0,0,1,0,0,9,5,E01011147,3,1,0.0,1.0,-1,6,30,9,7,1,19:00,6,2,9
2023351286650,2023,351286650,2,1,1,1,21,5,3,0,0,0,0,0,1,5,E01017997,3,1,0.0,1.0,-1,6,30,3,4,-1,18:24,4,2,1
2023461343582,2023,461343582,2,1,1,1,46,8,3,0,0,0,0,0,1,-1,-1,3,1,0.0,1.0,-1,6,30,1,4,1,21:00,1,2,1
2023461356297,2023,461356297,1,2,2,2,18,4,3,0,0,-1,0,0,9,4,E01024535,3,1,0.0,1.0,-1,6,40,5,4,2,23:07,1,1,9
2023471371199,2023,471371199,2,2,1,1,83,11,3,0,0,0,0,0,9,6,E01020950,3,1,0.0,1.0,-1,6,60,1,1,1,10:40,2,3,9
2023010479888,2023,010479888,1,3,2,2,44,7,3,0,0,0,4,0,11,1,E01002036,-1,0,0.0,1.0,-1,6,20,1,1,1,08:30,6,1,11
2023010481140,2023,010481140,1,2,2,2,32,6,3,0,0,2,0,0,9,4,E01003212,-1,0,0.0,1.0,-1,3,20,1,1,1,13:30,5,2,9
2023540162723,2023,540162723,2,1,1,2,42,7,3,0,0,0,0,0,9,6,E01015532,-1,0,0.00763,0.99237,-1,6,30,2,4,2,19:48,5,2,9
2023361388008,2023,361388008,1,1,3,2,43,7,2,1,9,0,0,0,0,1,E01026626,7,1,1.0,0.0,-1,6,30,2,4,2,19:45,6,1,9
2023052302248,2023,052302248,2,1,1,2,18,4,3,0,0,0,0,0,9,-1,-1,-1,0,0.00629,0.99371,-1,6,30,2,4,2,20:15,5,2,9
2023141280535,2023,141280535,1,2,2,1,24,5,2,0,0,2,0,0,9,5,E01007909,7,1,1.0,0.0,-1,3,50,1,4,2,01:24,1,2,9
2023311294938,2023,311294938,1,1,1,1,20,4,3,0,0,0,0,0,9,5,E01028189,3,1,0.0,1.0,-1,6,30,8,4,2,02:49,7,1,9
2023520300436,2023,520300436,1,1,1,2,39,7,3,0,0,0,0,0,9,-1,-1,-1,0,0.01974,0.98026,-1,7,70,2,1,2,08:55,5,2,9
2023201326557,2023,201326557,1,1,3,2,15,3,2,1,3,0,0,0,0,2,E01009508,7,1,1.0,0.0,-1,3,30,1,1,1,08:45,5,1,9
2023501292400,2023,501292400,1,2,3,2,22,5,3,5,1,0,0,0,0,8,E01018855,3,1,0.0,1.0,-1,6,30,1,1,1,10:30,6,1,8
2023991297578,2023,991297578,1,1,3,1,15,3,3,5,1,0,0,0,0,1,-1,3,1,0.0,1.0,-1,6,20,1,1,1,16:25,2,1,9
2023201293256,2023,201293256,2,1,1,1,50,8,3,0,0,0,0,0,9,1,E01009881,3,1,0.0,1.0,-1,3,40,1,4,1,22:03,4,2,9
2023201418466,2023,201418466,2,3,2,2,15,3,3,0,0,2,0,0,9,-1,-1,3,1,0.0,1.0,-1,6,30,1,1,1,11:10,7,2,9
2023221295058,2023,221295058,2,2,2,2,4,1,3,0,0,2,0,0,9,7,-1,3,1,0.0,1.0,-1,6,30,1,1,1,14:35,6,2,9
2023320726007,2023,320726007,1,1,1,2,19,4,3,0,0,0,0,0,9,9,E01026320,-1,0,0.05577,0.94423,-1,6,30,1,4,1,00:20,6,2,9
2023010460851,2023,010460851,1,1,3,2,56,9,2,1,1,0,0,0,0,-1,-1,-1,0,1.0,0.0,-1,6,20,1,1,1,11:27,4,1,8
2023332301285,2023,332301285,1,1,3,2,39,7,2,5,1,0,0,0,0,4,E01025918,-1,0,1.0,0.0,-1,2,30,2,4,2,06:50,4,1,8
2023401297488,2023,401297488,1,1,3,2,54,8,3,5,1,0,0,0,0,5,E01015753,3,1,0.0,1.0,-1,6,30,2,1,2,13:14,3,1,9
2023401323551,2023,401323551,3,1,2,2,47,8,3,0,0,1,0,0,9,2,E01027223,3,1,0.0,1.0,-1,3,70,1,4,1,02:25,6,4,9
2023010465586,2023,010465586,1,1,1,1,34,6,3,0,0,0,0,0,3,6,E01002887,-1,0,0.0,1.0,-1,6,20,1,1,1,16:37,3,1,3
2023211258701,2023,211258701,1,1,3,1,18,4,1,9,8,0,0,0,0,-1,-1,1,1,0.0,0.0,-1,6,60,1,6,2,03:25,1,1,9
2023010435785,2023,010435785,1,1,1,2,72,10,3,0,0,0,0,0,1,3,E01003250,-1,0,0.0,1.0,-1,7,30,1,1,1,12:00,3,2,1
2023231346660,2023,231346660,3,1,1,1,71,10,3,0,0,0,0,0,5,9,E01027308,3,1,0.0,1.0,-1,6,60,1,1,1,11:30,3,2,5
2023361282436,2023,361282436,2,3,2,2,11,3,3,0,0,1,0,0,9,1,E01026826,3,1,0.0,1.0,-1,6,30,1,1,1,15:40,5,4,9
2023052300413,2023,052300413,2,1,1,1,43,7,3,0,0,0,0,0,90,1,E01006679,-1,0,0.09337,0.90663,-1,6,30,1,1,1,16:30,5,2,90
2023061373471,2023,061373471,2,1,1,2,25,5,3,0,0,0,0,0,9,8,E01006102,3,1,0.0,1.0,-1,6,30,1,4,1,19:40,7,2,9
2023501359059,2023,501359059,2,2,1,2,47,8,3,0,0,0,0,0,9,7,E01019960,3,1,0.0,1.0,-1,6,30,1,1,1,15:18,3,2,9
2023041311277,2023,041311277,2,1,1,2,41,7,3,0,0,0,0,0,1,2,E01025247,3,1,0.0,1.0,-1,6,30,1,1,1,06:50,5,2,1
2023351321996,2023,351321996,2,1,1,2,59,9,3,0,0,0,0,0,1,2,E01015633,3,1,0.0,1.0,-1,6,30,2,1,2,15:28,5,2,1
2023461260545,2023,461260545,2,2,2,1,5,1,3,0,0,-1,0,0,9,8,E01016093,3,1,0.0,1.0,-1,6,40,2,4,2,07:23,4,2,9
2023070658267,2023,070658267,1,1,1,1,28,6,2,0,0,0,0,0,90,9,E01018474,-1,0,1.0,0.0,-1,6,30,1,1,1,17:50,5,2,90
2023421262633,2023,421262633,1,1,3,1,4,1,3,9,9,0,0,0,0,3,E01021858,3,1,0.0,1.0,-1,6,30,2,4,2,15:26,4,1,9
2023010450518,2023,010450518,1,1,1,2,32,6,3,0,0,0,0,0,1,6,E01004059,-1,0,0.0,1.0,-1,1,40,1,1,1,16:00,4,2,1
2023520400009,2023,520400009,1,1,1,1,25,5,1,0,0,0,0,0,4,-1,-1,-1,0,0.0,0.0,-1,6,30,1,6,2,02:10,5,1,4
2023201277373,2023,201277373,3,1,2,2,50,8,3,0,0,1,0,0,9,1,E01009132,3,1,0.0,1.0,-1,3,30,1,1,1,14:04,6,3,9
2023161366512,2023,161366512,2,1,1,1,48,8,2,0,0,0,0,0,5,8,E01013101,7,1,1.0,0.0,-1,6,40,1,1,1,13:02,1,2,5
2023311359219,2023,311359219,1,1,3,2,72,10,3,5,3,0,0,0,0,2,E01028279,3,1,0.0,1.0,-1,6,30,9,1,1,09:20,3,1,9
2023061286611,2023,061286611,2,1,1,1,32,6,3,0,0,0,0,0,1,-1,-1,3,1,0.0,1.0,-1,6,30,2,4,2,00:01,6,2,1
2023201315310,2023,201315310,1,1,1,1,39,7,3,0,0,0,0,0,1,3,E01033562,3,1,0.0,1.0,-1,3,30,1,1,1,07:58,3,2,1
2023010443104,2023,010443104,1,1,1,1,29,6,3,0,0,0,0,0,3,4,E01004525,-1,0,0.0,1.0,-1,6,20,1,1,1,14:07,7,2,3
2023010478509,2023,010478509,1,1,3,1,72,10,3,5,3,0,0,0,0,8,E01001544,-1,0,0.0,1.0,-1,6,20,1,1,2,09:01,6,1,10
2023131348511,2023,131348511,1,1,3,1,28,6,3,8,1,0,0,2,0,1,E01010842,3,1,0.0,1.0,-1,6,30,1,4,1,02:37,4,1,9
2023031278128,2023,031278128,2,2,1,2,37,7,2,0,0,0,0,0,1,2,E01019207,5,1,1.0,0.0,-1,6,30,2,4,2,19:54,1,2,1
2023302301326,2023,302301326,2,1,1,1,21,5,2,0,0,0,0,0,3,4,E01019679,-1,0,1.0,0.0,-1,6,40,1,1,1,08:29,4,2,3
2023131269675,2023,131269675,1,1,1,1,59,9,2,0,0,0,0,0,5,7,E01013242,7,1,1.0,0.0,-1,3,70,1,1,1,08:34,2,2,5
2023161317365,2023,161317365,1,1,3,1,7,2,3,5,1,0,0,0,0,1,E01012842,3,1,0.0,1.0,-1,6,30,1,1,1,15:29,6,1,9
2023552300629,2023,552300629,1,1,3,1,54,8,3,5,2,0,0,0,0,7,E01015348,-1,0,0.16865,0.83135,-1,6,30,1,1,1,07:54,5,1,9
2023010441309,2023,010441309,1,1,1,2,51,8,3,0,0,0,0,0,9,10,E01031966,-1,0,0.0,1.0,-1,6,20,1,1,1,07:49,6,2,9
2023031267063,2023,031267063,1,1,1,1,44,7,1,0,0,0,0,0,9,3,E01019081,1,1,0.0,0.0,-1,6,60,2,1,2,17:21,2,2,9
2023041274039,2023,041274039,1,1,1,1,26,6,3,0,0,0,0,0,9,1,E01012578,3,1,0.0,1.0,-1,6,30,1,4,1,16:55,4,2,9
2023302300421,2023,302300421,1,4,1,1,27,6,3,0,0,0,0,0,19,5,E01024495,-1,0,0.02462,0.97538,-1,3,70,2,1,2,15:10,2,7,19
2023052300469,2023,052300469,1,1,1,1,55,8,2,0,0,0,0,0,1,1,E01033768,-1,0,1.0,0.0,-1,6,30,1,4,1,20:00,5,1,1
2023421316218,2023,421316218,2,1,1,1,21,5,3,0,0,0,0,0,3,3,E01024291,3,1,0.0,1.0,-1,3,50,1,1,1,16:40,6,3,3
2023430407689,2023,430407689,2,1,1,1,32,6,3,0,0,0,0,0,8,2,E01015704,-1,0,0.00499,0.99501,-1,6,60,1,1,1,19:00,6,2,8
2023411340624,2023,411340624,1,1,1,1,36,7,2,0,0,0,0,0,3,2,E01029426,5,1,1.0,0.0,-1,3,70,1,1,1,17:04,6,2,3
2023131266612,2023,131266612,2,1,1,2,69,10,2,0,0,0,0,0,9,2,E01010792,6,1,1.0,0.0,-1,6,30,1,4,1,19:00,1,2,9
2023170M10033,2023,170M10033,1,1,1,1,57,9,3,0,0,0,0,0,9,3,E01012017,-1,0,0.0467,0.9533,-1,6,40,2,4,2,17:35,7,2,9
2023201311480,2023,201311480,1,1,1,1,34,6,3,0,0,0,0,0,9,1,E01010369,3,1,0.0,1.0,-1,6,30,2,1,2,09:20,7,2,9
2023320354170,2023,320354170,1,1,1,1,50,8,3,0,0,0,0,0,9,10,E01026198,-1,0,0.14678,0.85322,-1,6,60,1,5,1,01:29,7,1,9
2023141362514,2023,141362514,1,1,2,1,51,8,3,0,0,1,0,0,9,2,E01007326,3,1,0.0,1.0,-1,6,30,1,1,2,10:28,6,2,9
2023461282373,2023,461282373,1,1,1,1,57,9,3,0,0,0,0,0,9,7,E01024378,3,1,0.0,1.0,-1,6,50,1,6,1,20:45,1,2,9
2023471375828,2023,471375828,2,2,1,2,50,8,3,0,0,0,0,0,9,-1,-1,3,1,0.0,1.0,-1,6,30,1,1,1,12:28,6,2,9
2023201414981,2023,201414981,2,1,1,2,38,7,3,0,0,0,0,0,9,2,E01033624,3,1,0.0,1.0,-1,6,30,1,1,1,08:14,4,4,9
2023361278979,2023,361278979,1,1,1,1,21,5,3,0,0,0,0,0,9,6,E01026590,3,1,0.0,1.0,-1,6,50,1,4,1,19:06,3,1,9
2023552300065,2023,552300065,5,6,2,2,11,3,3,0,0,2,0,0,9,9,E01020399,-1,0,0.00886,0.99114,-1,6,30,4,1,2,15:36,5,6,9
2023221359774,2023,221359774,1,1,1,1,65,9,2,0,0,0,0,0,4,3,W01000480,7,1,1.0,0.0,-1,6,30,1,1,1,11:20,6,2,4
2023421338940,2023,421338940,1,2,2,2,10,2,2,0,0,1,0,0,9,6,E01030068,6,1,1.0,0.0,-1,3,70,1,1,1,09:28,2,3,9
2023546316523,2023,546316523,1,1,3,1,49,8,3,10,9,0,0,0,0,8,E01015487,-1,0,0.14408,0.85592,-1,6,40,1,1,1,09:42,6,1,9
2023547103223,2023,547103223,2,2,3,2,30,6,3,10,9,0,0,0,0,1,E01015508,-1,0,0.08127,0.91873,-1,6,30,1,1,1,10:35,6,2,19
2023170H10413,2023,170H10413,1,1,3,2,35,6,3,4,3,0,0,0,0,-1,-1,-1,0,0.20482,0.79518,-1,3,30,2,4,2,04:20,7,1,9
2023361381371,2023,361381371,1,1,3,1,63,9,3,6,9,0,0,-1,0,-1,-1,3,1,0.0,1.0,-1,2,20,1,1,1,11:00,3,1,9
2023061346220,2023,061346220,1,1,1,1,40,7,2,0,0,0,0,0,3,9,E01027555,7,1,1.0,0.0,-1,3,70,2,1,2,15:30,6,2,3
2023010468158,2023,010468158,2,1,1,1,36,7,3,0,0,0,0,0,19,8,E01016808,-1,0,0.0,1.0,-1,3,40,1,1,1,11:02,2,2,19
2023451321994,2023,451321994,1,1,1,2,64,9,3,0,0,0,0,0,9,10,E01030456,3,1,0.0,1.0,-1,3,30,1,1,1,12:05,6,1,9
2023451352997,2023,451352997,1,1,1,1,33,6,2,0,0,0,0,0,9,5,E01013689,7,1,1.0,0.0,-1,6,40,1,1,1,17:36,6,1,9
2023061366617,2023,061366617,2,1,1,1,32,6,3,0,0,0,0,0,1,-1,-1,3,1,0.0,1.0,-1,6,20,1,1,2,15:25,3,2,1
2023991322959,2023,991322959,1,1,1,1,24,5,2,0,0,0,0,0,1,-1,-1,5,1,1.0,0.0,-1,3,30,1,4,2,21:00,1,2,1
2023131358563,2023,131358563,2,1,1,1,37,7,3,0,0,0,0,0,3,2,E01007417,3,1,0.0,1.0,-1,6,30,1,1,1,14:25,6,2,3
2023122301012,2023,122301012,1,1,1,1,69,10,2,0,0,0,0,0,5,6,E01025179,-1,0,1.0,0.0,-1,6,60,1,4,1,14:23,6,1,5