collision_index,collision_year,collision_ref_no,vehicle_reference,casualty_reference,casualty_class,sex_of_casualty,age_of_casualty,age_band_of_casualty,casualty_severity,pedestrian_location,pedestrian_movement,car_passenger,bus_or_coach_passenger,pedestrian_road_maintenance_worker,casualty_type,casualty_imd_decile,lsoa_of_casualty,enhanced_casualty_severity,casualty_injury_based,casualty_adjusted_severity_serious,casualty_adjusted_severity_slight,casualty_distance_banding,road_type,speed_limit,weather_conditions,light_conditions,road_surface_conditions,time,day_of_week,number_of_vehicles,vehicle_type
2023010437024,2023,010437024,1,1,1,1,27,6,3,0,0,0,0,0,3,1,E01001145,-1,0,0.0,1.0,-1,6,20,9,7,9,01:00,5,2,3
2023201373859,2023,201373859,2,1,1,1,23,5,3,0,0,0,0,0,9,2,E01010096,3,1,0.0,1.0,-1,6,30,1,1,1,07:28,4,3,9
2023311326178,2023,311326178,1,1,2,2,-1,-1,3,0,0,0,3,0,11,4,E01013937,3,1,0.0,1.0,-1,6,30,1,1,1,14:30,6,1,11
2023471326946,2023,471326946,2,1,1,1,52,8,2,0,0,0,0,0,1,7,E01031782,5,1,1.0,0.0,-1,6,60,1,1,1,17:13,5,2,1
2023401378380,2023,401378380,2,1,1,1,31,6,3,0,0,0,0,0,3,4,E01015793,3,1,0.0,1.0,-1,6,30,1,4,1,20:55,4,2,3
2023010423629,2023,010423629,2,1,1,1,51,8,3,0,0,0,0,0,1,5,E01001685,-1,0,0.0,1.0,-1,6,20,1,1,1,08:05,5,2,1
2023371433583,2023,371433583,2,1,1,1,23,5,2,0,0,0,0,0,3,2,E01033125,7,1,1.0,0.0,-1,6,30,1,1,1,09:10,6,2,3
2023010474385,2023,010474385,1,1,3,2,19,4,2,4,2,0,0,0,0,7,E01002838,-1,0,1.0,0.0,-1,6,20,1,4,2,19:30,5,1,5
2023141290725,2023,141290725,2,1,1,2,60,9,2,0,0,0,0,0,1,3,E01007569,7,1,1.0,0.0,-1,6,30,1,1,1,07:00,2,2,1
2023451309660,2023,451309660,1,1,1,1,58,9,1,0,0,0,0,0,5,8,E01030869,1,1,0.0,0.0,-1,6,60,1,6,1,00:40,1,1,5
2023340WN7322,2023,340WN7322,1,1,3,2,34,6,3,6,9,0,0,0,0,4,E01027189,-1,0,0.03725,0.96275,-1,6,30,2,1,2,14:40,7,1,-1
2023302301191,2023,302301191,1,1,1,1,-1,-1,3,0,0,0,0,0,1,2,E01019647,-1,0,0.13754,0.86246,-1,6,30,8,1,1,06:33,3,2,1
2023201298343,2023,201298343,2,1,1,1,39,7,3,0,0,0,0,0,9,1,E01009326,3,1,0.0,1.0,-1,6,40,8,4,2,22:47,3,2,9
2023520301763,2023,520301763,1,1,2,2,6,2,3,0,0,2,0,0,9,6,E01033054,-1,0,0.02062,0.97938,-1,6,30,1,1,1,11:52,2,2,9
2023531319544,2023,531319544,1,1,3,2,32,6,3,9,9,0,0,0,0,1,E01022147,3,1,0.0,1.0,-1,6,30,1,1,1,15:00,4,2,9
2023201417702,2023,201417702,1,1,3,2,13,3,3,8,3,0,0,0,0,1,E01009124,3,1,0.0,1.0,-1,6,30,1,1,1,08:21,3,1,9
2023520400235,2023,520400235,1,1,1,1,40,7,3,0,0,0,0,0,1,5,E01029257,-1,0,0.09911,0.90089,-1,6,30,2,1,2,18:21,4,2,1
2023501299011,2023,501299011,1,3,1,1,23,5,3,0,0,0,0,0,9,-1,-1,3,1,0.0,1.0,-1,6,30,1,1,1,14:02,3,2,9
2023211288681,2023,211288681,1,1,1,1,36,7,2,0,0,0,0,0,1,-1,-1,7,1,1.0,0.0,-1,6,30,9,4,-1,19:50,6,2,1
2023371344876,2023,371344876,2,1,1,1,41,7,3,0,0,0,0,0,1,5,E01030210,3,1,0.0,1.0,-1,6,60,1,1,1,16:15,4,2,1
2023440210526,2023,440210526,2,1,1,1,14,3,3,0,0,0,0,0,1,9,E01022955,-1,0,0.10419,0.89581,-1,6,30,1,1,1,18:50,7,2,1
2023421326286,2023,421326286,2,1,1,1,19,4,3,0,0,0,0,0,3,-1,-1,3,1,0.0,1.0,-1,6,30,1,1,1,15:00,4,2,3
2023201343742,2023,201343742,2,1,1,2,21,5,3,0,0,0,0,0,9,4,E01010009,3,1,0.0,1.0,-1,6,30,1,1,1,18:40,3,2,9
2023320722290,2023,320722290,2,1,1,1,67,10,3,0,0,0,0,0,9,9,E01026186,-1,0,0.05655,0.94345,-1,6,30,1,1,1,11:18,4,2,9
2023010425270,2023,010425270,1,1,1,1,31,6,3,0,0,0,0,0,1,8,E01004192,-1,0,0.0,1.0,-1,6,30,1,4,1,17:15,6,2,1
2023211331686,2023,211331686,1,1,3,1,29,6,3,9,8,0,0,0,0,2,E01014276,3,1,0.0,1.0,-1,6,30,1,1,1,20:07,4,1,9
2023041373208,2023,041373208,1,1,1,1,17,4,2,0,0,0,0,0,3,1,E01012736,7,1,1.0,0.0,-1,6,20,1,1,1,16:17,6,2,3
2023010449184,2023,010449184,1,1,1,-1,42,7,3,0,0,0,0,0,5,2,E01033485,-1,0,0.0,1.0,-1,6,20,9,1,9,19:02,3,2,5
2023111348484,2023,111348484,2,1,1,1,46,8,2,0,0,0,0,0,5,4,E01008747,6,1,1.0,0.0,-1,6,60,1,1,1,13:00,2,2,5
2023071170395,2023,071170395,2,1,1,1,42,7,3,0,0,0,0,0,3,2,E01012482,-1,0,0.04248,0.95752,-1,1,30,1,4,1,17:35,3,2,3
2023471390703,2023,471390703,2,1,1,1,57,9,2,0,0,0,0,0,5,1,E01020992,5,1,1.0,0.0,-1,6,60,1,1,1,10:20,4,2,5
2023302300050,2023,302300050,1,1,3,2,12,3,3,5,1,0,0,0,0,4,E01019492,-1,0,0.099,0.901,-1,6,30,1,1,2,16:51,7,1,9
2023010463499,2023,010463499,1,1,1,2,24,5,3,0,0,0,0,0,9,9,E01021376,-1,0,0.0,1.0,-1,6,20,2,1,2,12:15,6,2,9
2023430469195,2023,430469195,1,1,1,2,48,8,3,0,0,0,0,0,9,10,E01016528,-1,0,0.00849,0.99151,-1,6,30,1,1,1,13:45,3,2,9
2023451323796,2023,451323796,1,1,1,2,53,8,3,0,0,0,0,0,9,10,E01030368,3,1,0.0,1.0,-1,3,40,1,1,1,18:47,4,1,9
2023041346508,2023,041346508,1,1,1,1,13,3,3,0,0,0,0,0,1,4,E01025407,3,1,0.0,1.0,-1,6,30,1,1,1,16:25,7,2,1
2023332300034,2023,332300034,2,1,1,1,42,7,2,0,0,0,0,0,1,4,E01013607,-1,0,1.0,0.0,-1,3,30,1,4,1,16:44,6,2,1
2023161351674,2023,161351674,1,1,1,1,23,5,3,0,0,0,0,0,2,5,E01013078,3,1,0.0,1.0,-1,6,30,1,1,1,10:00,1,2,2
2023461305127,2023,461305127,1,1,1,1,18,4,2,0,0,0,0,0,3,5,E01024031,6,1,1.0,0.0,-1,6,60,2,6,2,22:05,1,1,3
2023471319862,2023,471319862,1,1,3,1,23,5,2,6,9,0,0,2,0,4,E01003559,7,1,1.0,0.0,-1,6,20,1,1,1,19:40,7,2,9
2023010456409,2023,010456409,2,1,1,1,30,6,3,0,0,0,0,0,1,2,E01003302,-1,0,0.0,1.0,-1,6,20,9,4,1,00:10,6,2,1
2023421316358,2023,421316358,2,1,1,1,31,6,3,0,0,0,0,0,1,5,E01015832,3,1,0.0,1.0,-1,1,30,1,1,1,07:28,5,2,1
2023471352550,2023,471352550,1,1,1,2,-1,-1,3,0,0,0,0,0,1,-1,-1,3,1,0.0,1.0,-1,6,30,1,1,1,11:04,3,2,1
2023131279761,2023,131279761,1,1,1,1,33,6,3,0,0,0,0,0,3,1,E01010800,3,1,0.0,1.0,-1,6,30,1,1,1,12:50,5,1,3
2023411288547,2023,411288547,1,1,3,1,12,3,3,7,9,0,0,0,0,4,E01023861,3,1,0.0,1.0,-1,7,30,1,1,-1,15:08,5,1,19
2023122300050,2023,122300050,1,1,1,2,51,8,3,0,0,0,0,0,2,6,E01027842,-1,0,0.16478,0.83522,-1,6,30,1,1,1,07:50,6,1,2
2023010448519,2023,010448519,1,1,1,1,22,5,3,0,0,0,0,0,3,8,E01004623,-1,0,0.0,1.0,-1,1,20,1,1,1,18:31,6,2,3
2023010482950,2023,010482950,1,1,1,1,36,7,3,0,0,0,0,0,3,2,E01033726,-1,0,0.0,1.0,-1,6,20,1,4,1,01:32,7,1,3
2023170S22333,2023,170S22333,2,2,1,2,39,7,3,0,0,0,0,0,9,3,E01012278,-1,0,0.02815,0.97185,-1,3,60,1,4,1,17:34,3,4,9
2023122300076,2023,122300076,1,1,2,1,69,10,2,0,0,0,4,0,11,4,E01027706,-1,0,1.0,0.0,-1,6,40,1,6,2,18:06,6,2,11
2023471376364,2023,471376364,1,2,1,2,29,6,3,0,0,0,0,0,9,4,E01031596,3,1,0.0,1.0,-1,6,30,1,4,2,17:40,1,2,9
2023041331821,2023,041331821,2,2,2,2,26,6,3,0,0,1,0,0,9,1,E01025151,3,1,0.0,1.0,-1,6,40,1,1,2,08:26,6,2,9
2023411383402,2023,411383402,2,1,2,1,20,4,3,0,0,1,0,0,9,8,E01000230,3,1,0.0,1.0,-1,3,40,2,6,2,17:45,2,2,9
2023231345341,2023,231345341,1,1,1,1,38,7,3,0,0,0,0,0,9,5,E01021866,3,1,0.0,1.0,-1,3,70,1,1,1,11:20,3,3,9
2023461360056,2023,461360056,1,1,1,2,38,7,3,0,0,0,0,0,9,4,E01032800,3,1,0.0,1.0,-1,6,30,1,1,1,14:17,4,2,9
2023010456802,2023,010456802,2,1,1,1,16,4,3,0,0,0,0,0,-1,2,E01004011,-1,0,0.0,1.0,-1,6,20,1,1,1,12:57,1,2,-1
2023131370859,2023,131370859,2,1,2,2,22,5,2,0,0,2,0,0,9,2,E01010796,7,1,1.0,0.0,-1,6,30,2,4,2,19:40,7,2,9
2023545931923,2023,545931923,2,1,1,2,40,7,3,0,0,0,0,0,9,-1,-1,-1,0,0.03322,0.96678,-1,6,30,1,6,1,21:32,3,2,9
2023010465832,2023,010465832,1,1,1,1,21,5,3,0,0,0,0,0,23,3,E01002862,-1,0,0.0,1.0,-1,6,20,1,4,1,19:28,4,2,23
2023010445321,2023,010445321,2,1,1,2,62,9,2,0,0,0,0,0,1,1,E01001772,-1,0,1.0,0.0,-1,6,20,1,1,1,14:38,6,2,1
2023010449857,2023,010449857,1,1,1,2,25,5,3,0,0,0,0,0,1,4,E01004525,-1,0,0.0,1.0,-1,7,30,1,1,1,17:20,1,2,1
2023430208769,2023,430208769,2,1,1,2,49,8,2,0,0,0,0,0,1,10,E01016318,-1,0,1.0,0.0,-1,1,60,1,1,1,10:16,7,2,1
2023010457739,2023,010457739,1,1,1,1,24,5,2,0,0,0,0,0,4,9,E01030567,-1,0,1.0,0.0,-1,3,30,1,1,1,17:20,6,3,4
2023010462969,2023,010462969,1,1,2,2,27,6,3,0,0,0,4,0,11,3,E01002725,-1,0,0.0,1.0,-1,6,20,1,1,1,11:40,3,1,11
2023010462459,2023,010462459,1,1,1,2,30,6,2,0,0,0,0,0,9,3,E01000392,-1,0,1.0,0.0,-1,6,30,1,1,1,07:29,7,2,9
2023361287999,2023,361287999,1,1,3,2,70,10,3,9,7,0,0,0,0,6,E01026769,3,1,0.0,1.0,-1,6,30,1,6,2,18:52,6,1,1
2023451338405,2023,451338405,1,1,3,1,21,5,2,10,9,0,0,1,0,2,E01030497,6,1,1.0,0.0,-1,6,30,1,1,1,12:13,2,1,9
2023430247095,2023,430247095,1,1,1,1,41,7,3,0,0,0,0,0,3,10,E01016335,-1,0,0.06633,0.93367,-1,6,30,1,1,1,18:45,7,2,3
2023361263160,2023,361263160,1,1,1,1,49,8,1,0,0,0,0,0,9,6,E01026451,1,1,0.0,0.0,-1,6,60,1,6,1,20:39,6,2,9
2023421275547,2023,421275547,2,2,2,1,18,4,3,0,0,2,0,0,9,6,E01021401,3,1,0.0,1.0,-1,6,60,1,5,2,14:05,7,2,9
2023471291101,2023,471291101,1,2,2,1,21,5,3,0,0,1,0,0,9,1,E01016867,3,1,0.0,1.0,-1,6,30,1,4,1,23:30,2,3,9
2023440245742,2023,440245742,1,2,2,2,47,8,3,0,0,0,0,0,90,4,E01017319,-1,0,0.26017,0.73983,-1,6,60,1,1,1,16:28,3,1,90
2023141295489,2023,141295489,1,1,1,1,71,10,3,0,0,0,0,0,22,1,E01007327,3,1,0.0,1.0,-1,6,30,1,1,1,14:12,3,2,22
2023052301294,2023,052301294,2,1,1,1,63,9,3,0,0,0,0,0,9,7,E01007211,-1,0,0.05297,0.94703,-1,1,30,1,1,1,19:05,6,2,9
2023430176869,2023,430176869,2,6,2,2,17,4,3,0,0,1,0,0,9,7,E01022489,-1,0,0.06639,0.93361,-1,6,50,1,6,2,23:04,1,2,9
2023471392833,2023,471392833,1,1,1,2,87,11,2,0,0,0,0,0,9,5,E01021089,6,1,1.0,0.0,-1,6,30,4,1,1,14:50,5,2,9
2023991263552,2023,991263552,2,3,2,1,20,4,3,0,0,2,0,0,9,9,-1,3,1,0.0,1.0,-1,6,20,1,1,1,16:00,6,2,9
2023991333498,2023,991333498,1,2,2,1,8,2,3,0,0,2,0,0,9,-1,-1,3,1,0.0,1.0,-1,3,40,1,1,2,04:55,4,1,9
2023010455487,2023,010455487,1,1,1,1,38,7,3,0,0,0,0,0,1,3,E01004208,-1,0,0.0,1.0,-1,6,30,1,1,1,10:33,7,1,1
2023340NN4012,2023,340NN4012,1,1,1,1,47,8,2,0,0,0,0,0,5,10,E01027116,-1,0,1.0,0.0,-1,6,30,1,4,1,22:10,1,2,5
2023010471054,2023,010471054,1,1,1,1,20,4,3,0,0,0,0,0,3,7,E01000190,-1,0,0.0,1.0,-1,6,30,1,4,1,19:24,2,2,3
2023451321499,2023,451321499,1,1,3,1,14,3,2,1,1,0,0,0,0,7,E01030889,7,1,1.0,0.0,-1,6,30,1,1,1,11:15,3,1,9
2023540572623,2023,540572623,1,1,3,2,23,5,3,10,9,0,0,0,0,7,E01031976,-1,0,0.04935,0.95065,-1,2,30,1,1,1,13:40,3,1,9
2023010429694,2023,010429694,1,2,2,2,27,6,3,0,0,0,0,0,19,2,E01003350,-1,0,0.0,1.0,-1,6,20,1,1,1,13:00,6,2,19
2023010473765,2023,010473765,1,1,1,2,52,8,3,0,0,0,0,0,1,7,E01000877,-1,0,0.0,1.0,-1,6,20,1,1,1,14:00,3,2,1
2023440021463,2023,440021463,1,1,1,1,39,7,3,0,0,0,0,0,3,2,E01017149,-1,0,0.17031,0.82969,-1,6,30,1,7,4,07:27,3,2,3
2023010455593,2023,010455593,1,1,1,1,35,6,3,0,0,0,0,0,3,8,E01000784,-1,0,0.0,1.0,-1,6,30,1,4,1,22:30,6,2,3
2023421354734,2023,421354734,1,1,1,1,34,6,3,0,0,0,0,0,3,9,E01021240,3,1,0.0,1.0,-1,6,30,1,1,1,07:50,5,2,3
2023520000554,2023,520000554,1,1,1,1,40,7,3,0,0,0,0,0,1,6,E01014379,-1,0,0.06522,0.93478,-1,6,20,1,1,1,17:21,5,2,1
2023201264549,2023,201264549,1,1,1,1,22,5,2,0,0,0,0,0,5,3,E01029487,5,1,1.0,0.0,-1,3,50,8,4,1,22:59,7,1,5
2023471371798,2023,471371798,2,2,2,2,75,10,3,0,0,0,0,0,90,10,E01030461,3,1,0.0,1.0,-1,6,60,1,1,1,12:40,3,2,90
2023201276950,2023,201276950,1,1,3,1,44,7,3,1,1,0,0,2,0,-1,-1,3,1,0.0,1.0,-1,3,30,1,4,1,01:52,1,1,8
2023161328063,2023,161328063,1,3,2,2,19,4,3,0,0,1,0,0,9,7,E01013325,3,1,0.0,1.0,-1,6,30,1,1,1,17:15,6,3,9
2023501365805,2023,501365805,1,2,2,2,16,4,3,0,0,2,0,0,9,8,E01020306,3,1,0.0,1.0,-1,6,60,2,6,2,00:25,7,1,9
2023522300459,2023,522300459,1,1,1,1,26,6,3,0,0,0,0,0,9,1,E01014663,-1,0,0.00475,0.99525,-1,2,20,1,4,1,20:19,4,2,9
2023320369456,2023,320369456,1,1,1,2,36,7,3,0,0,0,0,0,22,2,E01026030,-1,0,0.09192,0.90808,-1,6,30,1,1,1,16:50,6,2,22
2023131373470,2023,131373470,1,1,1,1,38,7,2,0,0,0,0,0,23,1,E01011659,7,1,1.0,0.0,-1,2,30,1,4,2,19:01,7,3,23
2023522400896,2023,522400896,2,1,1,2,16,4,3,0,0,0,0,0,-1,7,E01014599,-1,0,0.04186,0.95814,-1,2,30,1,4,1,19:26,7,2,-1
2023501324238,2023,501324238,1,1,1,1,17,4,3,0,0,0,0,0,9,8,E01015068,3,1,0.0,1.0,-1,6,60,2,1,2,17:39,4,2,9
2023411354685,2023,411354685,3,1,1,1,57,9,3,0,0,0,0,0,21,8,E01002453,3,1,0.0,1.0,-1,3,70,1,1,1,10:11,2,6,21
2023201419034,2023,201419034,2,1,1,1,44,7,3,0,0,0,0,0,9,3,E01009315,3,1,0.0,1.0,-1,6,30,1,1,1,15:00,3,2,9
2023430488138,2023,430488138,2,2,1,2,38,7,3,0,0,0,0,0,9,4,E01016356,-1,0,0.00522,0.99478,-1,6,30,1,1,1,16:00,2,2,9
2023211381703,2023,211381703,2,2,2,2,4,1,3,0,0,2,0,0,9,-1,-1,3,1,0.0,1.0,-1,6,30,1,1,1,15:00,6,2,9
2023430276342,2023,430276342,2,1,1,1,31,6,3,0,0,0,0,0,9,9,E01000768,-1,0,0.01465,0.98535,-1,6,30,1,1,1,07:30,6,2,9
2023101346812,2023,101346812,2,2,1,1,37,7,3,0,0,0,0,0,9,8,E01008279,3,1,0.0,1.0,-1,6,60,1,1,1,12:37,3,2,9
2023010486547,2023,010486547,1,1,1,1,36,7,3,0,0,0,0,0,9,2,E01004319,-1,0,0.0,1.0,-1,1,20,1,4,1,20:18,6,2,9
2023061327803,2023,061327803,1,1,1,2,27,6,3,0,0,0,0,0,9,8,E01006315,3,1,0.0,1.0,-1,6,20,1,1,-1,10:10,3,2,9
2023101357988,2023,101357988,2,1,1,1,53,8,3,0,0,0,0,0,9,3,E01008576,3,1,0.0,1.0,-1,6,30,1,1,1,13:06,6,2,9
2023131306960,2023,131306960,1,1,1,1,58,9,2,0,0,0,0,0,9,1,E01011725,6,1,1.0,0.0,-1,6,30,1,1,1,14:23,7,3,9
2023522400753,2023,522400753,1,1,1,1,80,11,3,0,0,0,0,0,9,6,E01015002,-1,0,0.06447,0.93553,-1,6,30,1,1,1,11:58,5,4,9
2023610044323,2023,610044323,1,1,1,1,29,6,3,0,0,1,0,0,9,2,W01001210,-1,0,0.08483,0.91517,-1,6,20,5,4,5,18:19,3,1,9
2023302301480,2023,302301480,1,1,1,2,18,4,3,0,0,0,0,0,9,9,E01019614,-1,0,0.05992,0.94008,-1,6,60,1,6,1,21:52,2,2,9
2023010436207,2023,010436207,2,2,2,1,63,9,3,0,0,0,4,0,11,5,E01004057,-1,0,0.0,1.0,-1,2,20,1,1,2,13:05,5,2,11
2023991331274,2023,991331274,1,3,2,1,47,8,3,0,0,0,0,0,19,-1,-1,3,1,0.0,1.0,-1,6,40,1,1,1,09:15,4,2,19
2023010427908,2023,010427908,1,1,1,2,21,5,3,0,0,0,0,0,9,4,E01015948,-1,0,0.0,1.0,-1,1,30,1,1,1,08:15,6,1,9
2023201281608,2023,201281608,1,1,1,1,20,4,3,0,0,0,0,0,9,1,E01009124,3,1,0.0,1.0,-1,6,30,1,1,1,15:45,7,2,9
2023201391290,2023,201391290,1,1,1,2,43,7,3,0,0,0,0,0,9,1,E01009311,3,1,0.0,1.0,-1,6,30,1,4,2,03:35,5,2,9
2023221261170,2023,221261170,2,1,1,1,34,6,2,0,0,0,0,0,9,5,E01032454,7,1,1.0,0.0,-1,6,40,1,1,2,11:26,2,2,9
2023531394166,2023,531394166,2,1,1,1,33,6,3,0,0,0,0,0,9,7,E01014907,3,1,0.0,1.0,-1,6,40,1,4,1,18:10,1,2,9
2023991362199,2023,991362199,2,11,2,2,15,3,2,0,0,0,4,0,11,-1,-1,7,1,1.0,0.0,-1,6,30,1,1,1,09:15,5,2,11
2023010451396,2023,010451396,1,1,2,2,20,4,3,0,0,2,0,0,9,1,E01004244,-1,0,0.0,1.0,-1,3,40,1,1,1,14:40,1,2,9
2023010451408,2023,010451408,2,2,1,1,46,8,3,0,0,0,0,0,9,4,E01002233,-1,0,0.0,1.0,-1,6,20,1,1,1,18:43,1,2,9
2023302301874,2023,302301874,2,2,1,1,47,8,3,0,0,0,0,0,9,4,E01019813,-1,0,0.02228,0.97772,-1,3,70,1,6,2,16:27,3,2,9
2023311338570,2023,311338570,1,1,1,2,36,7,3,0,0,0,0,0,9,-1,-1,3,1,0.0,1.0,-1,1,30,8,4,2,23:45,7,1,9
2023340NN1972,2023,340NN1972,1,1,1,1,41,7,3,0,0,0,0,0,9,2,E01027330,-1,0,0.04184,0.95816,-1,1,30,1,1,1,17:52,2,2,9
2023141329849,2023,141329849,1,1,2,2,5,1,3,0,0,1,0,0,9,4,E01007479,3,1,0.0,1.0,-1,3,70,2,1,2,12:05,7,5,9
2023340WN2472,2023,340WN2472,2,1,1,1,28,6,3,0,0,0,0,0,9,3,E01027240,-1,0,0.05298,0.94702,-1,3,60,1,1,1,16:54,3,6,9
2023471384726,2023,471384726,2,2,1,2,26,6,3,0,0,0,0,0,9,-1,-1,3,1,0.0,1.0,-1,6,60,2,1,2,13:10,7,2,9
2023010431100,2023,010431100,1,1,1,2,33,6,3,0,0,0,0,0,9,1,E01002092,-1,0,0.0,1.0,-1,3,70,2,4,2,20:28,4,2,9
2023631334450,2023,631334450,1,2,1,2,28,6,2,0,0,0,0,0,9,1,W01000631,5,1,1.0,0.0,-1,6,40,2,1,2,09:38,6,4,9
2023421352351,2023,421352351,2,2,1,1,58,9,3,0,0,0,0,0,19,2,E01021872,3,1,0.0,1.0,-1,6,30,1,1,1,07:33,5,2,19
2023010461259,2023,010461259,1,1,1,1,50,8,2,0,0,0,0,0,23,2,E01002702,-1,0,1.0,0.0,-1,6,20,1,1,1,15:00,6,1,23
2023351357339,2023,351357339,2,2,1,1,32,6,3,0,0,0,0,0,19,7,E01007551,3,1,0.0,1.0,-1,6,60,1,1,1,18:45,2,2,19
2023401342217,2023,401342217,2,1,1,1,73,10,3,0,0,0,0,0,1,9,E01018172,3,1,0.0,1.0,-1,6,40,1,1,1,16:50,5,2,1
2023311392517,2023,311392517,1,1,3,1,18,4,3,5,3,0,0,0,0,-1,-1,3,1,0.0,1.0,-1,6,30,2,6,2,18:05,4,1,9
2023320497115,2023,320497115,1,1,3,2,15,3,3,4,1,0,0,0,0,-1,-1,-1,0,0.11034,0.88966,-1,6,30,1,1,1,20:22,5,1,9
2023351391298,2023,351391298,1,1,3,2,6,2,3,5,3,0,0,0,0,1,E01015604,3,1,0.0,1.0,-1,6,30,1,1,1,15:30,2,1,9
2023430205744,2023,430205744,2,2,2,2,78,11,2,0,0,1,0,0,9,-1,-1,-1,0,1.0,0.0,-1,6,60,1,1,1,17:04,5,2,9
2023991350690,2023,991350690,1,2,1,1,28,6,3,0,0,0,0,0,9,-1,-1,3,1,0.0,1.0,-1,6,50,1,1,1,12:05,7,2,9
2023991353351,2023,991353351,1,1,1,1,33,6,2,0,0,0,0,0,9,9,-1,7,1,1.0,0.0,-1,6,60,2,1,2,12:30,1,1,9
2023141378824,2023,141378824,2,3,2,2,16,4,3,0,0,1,0,0,9,1,E01007472,3,1,0.0,1.0,-1,3,70,1,1,1,10:19,7,2,9
2023070038601,2023,070038601,2,1,1,2,56,9,2,0,0,0,0,0,9,1,E01012533,-1,0,1.0,0.0,-1,6,30,1,4,1,16:15,6,2,9
2023401379845,2023,401379845,2,1,1,2,23,5,3,0,0,0,0,0,9,2,E01015705,3,1,0.0,1.0,-1,6,40,1,4,1,19:30,6,2,9
2023440046089,2023,440046089,1,1,1,1,29,6,3,0,0,0,0,0,9,1,E01017077,-1,0,0.03732,0.96268,-1,6,30,1,1,1,10:40,6,2,9
2023010469603,2023,010469603,1,1,1,1,25,5,3,0,0,0,0,0,1,3,E01003609,-1,0,0.0,1.0,-1,9,30,2,1,9,19:30,2,2,1
2023311311904,2023,311311904,1,1,1,1,23,5,3,0,0,0,0,0,3,5,E01028003,3,1,0.0,1.0,-1,6,30,1,1,1,14:15,2,2,3
2023010442749,2023,010442749,1,1,1,1,41,7,3,0,0,0,0,0,5,5,E01002083,-1,0,0.0,1.0,-1,1,40,1,1,1,14:00,7,2,5
2023101306980,2023,101306980,2,3,2,2,3,1,3,0,0,2,0,0,9,-1,-1,3,1,0.0,1.0,-1,6,30,1,1,1,14:25,7,2,9
2023221330152,2023,221330152,1,1,1,1,25,5,3,0,0,0,0,0,9,1,E01009371,3,1,0.0,1.0,-1,1,70,2,1,2,06:30,7,2,9
2023440044492,2023,440044492,2,3,1,1,70,10,3,0,0,0,0,0,9,6,E01023042,-1,0,0.11639,0.88361,-1,3,50,1,1,1,10:55,5,2,9
2023010446794,2023,010446794,1,1,2,2,38,7,3,0,0,0,4,0,11,3,E01000132,-1,0,0.0,1.0,-1,3,40,1,1,1,19:10,7,1,11
2023201301233,2023,201301233,1,1,1,2,29,6,2,0,0,0,0,0,9,9,E01010116,5,1,1.0,0.0,-1,6,40,1,1,1,12:42,4,1,9
2023302301330,2023,302301330,2,2,2,1,68,10,2,0,0,1,0,0,9,9,E01019624,-1,0,1.0,0.0,-1,6,60,1,1,1,10:00,3,2,9
2023332301090,2023,332301090,2,1,2,2,64,9,3,0,0,1,0,0,9,6,E01025939,-1,0,0.05908,0.94092,-1,6,60,2,4,2,06:42,6,2,9
2023421296401,2023,421296401,1,1,1,2,49,8,3,0,0,0,0,0,9,8,E01021433,3,1,0.0,1.0,-1,6,20,1,1,1,14:25,5,1,9
2023430483842,2023,430483842,2,2,1,1,-1,-1,3,0,0,0,0,0,9,-1,-1,-1,0,0.02535,0.97465,-1,3,70,1,1,1,16:45,6,2,9
2023471381857,2023,471381857,2,1,1,1,45,7,2,0,0,0,0,0,9,7,E01021164,6,1,1.0,0.0,-1,6,30,8,4,2,21:55,7,2,9
2023440316282,2023,440316282,2,1,1,1,35,6,2,0,0,0,0,0,97,-1,-1,-1,0,1.0,0.0,-1,6,30,1,1,1,10:10,1,3,97
2023010420550,2023,010420550,1,1,1,1,21,5,3,0,0,0,0,0,3,3,E01003081,-1,0,0.0,1.0,-1,2,30,8,1,1,14:47,7,2,3
2023010444984,2023,010444984,2,1,1,1,36,7,3,0,0,0,0,0,3,-1,-1,-1,0,0.0,1.0,-1,1,30,1,1,1,10:18,5,2,3
2023201285220,2023,201285220,2,1,1,2,40,7,3,0,0,0,0,0,9,-1,-1,3,1,0.0,1.0,-1,3,30,1,1,1,09:08,6,2,9
2023531266497,2023,531266497,2,3,2,1,5,1,3,0,0,2,0,0,9,10,E01022171,3,1,0.0,1.0,-1,6,50,1,1,2,15:08,7,2,9
2023010478815,2023,010478815,1,1,2,1,83,11,3,0,0,0,3,0,11,7,E01000241,-1,0,0.0,1.0,-1,6,30,1,4,2,19:16,7,1,11
2023031324944,2023,031324944,1,1,2,2,26,6,3,0,0,1,0,0,9,-1,-1,3,1,0.0,1.0,-1,6,30,1,1,1,14:57,3,3,9
2023221300574,2023,221300574,3,1,1,2,32,6,3,0,0,0,0,0,9,2,E01014152,3,1,0.0,1.0,-1,6,30,1,1,1,16:40,5,4,9
2023361317817,2023,361317817,1,3,1,1,51,8,2,0,0,0,0,0,9,8,E01022569,7,1,1.0,0.0,-1,6,60,1,1,1,17:48,2,2,9
2023544479023,2023,544479023,3,2,1,1,27,6,3,0,0,0,0,0,9,6,E01015587,-1,0,0.02679,0.97321,-1,6,40,1,1,1,18:05,6,3,9