collision_index,collision_year,collision_ref_no,vehicle_reference,casualty_reference,casualty_class,sex_of_casualty,age_of_casualty,age_band_of_casualty,casualty_severity,pedestrian_location,pedestrian_movement,car_passenger,bus_or_coach_passenger,pedestrian_road_maintenance_worker,casualty_type,casualty_imd_decile,lsoa_of_casualty,enhanced_casualty_severity,casualty_injury_based,casualty_adjusted_severity_serious,casualty_adjusted_severity_slight,casualty_distance_banding,road_type,speed_limit,weather_conditions,light_conditions,road_surface_conditions,time,day_of_week,number_of_vehicles,vehicle_type
2023010464215,2023,010464215,1,1,1,1,30,6,3,0,0,0,0,0,9,7,E01000234,-1,0,0.0,1.0,-1,9,30,8,1,1,07:47,3,2,9
2023131384773,2023,131384773,2,1,1,2,41,7,2,0,0,0,0,0,9,5,E01011391,7,1,1.0,0.0,-1,1,30,5,1,2,14:45,7,2,9
2023231396115,2023,231396115,1,1,1,2,33,6,2,0,0,0,0,0,9,9,E01031210,6,1,1.0,0.0,-1,6,60,1,6,2,05:24,1,1,9
2023201283392,2023,201283392,2,3,2,1,-1,-1,3,0,0,0,4,0,11,4,E01009856,3,1,0.0,1.0,-1,6,30,1,1,1,07:21,7,2,11
2023522400361,2023,522400361,1,1,1,1,47,8,3,0,0,0,0,0,5,7,E01022248,-1,0,0.05984,0.94016,-1,6,20,1,1,1,17:45,3,2,5
2023451328811,2023,451328811,1,1,1,1,45,7,3,0,0,0,0,0,1,7,E01030332,3,1,0.0,1.0,-1,6,30,1,4,1,23:12,4,1,1
2023421279661,2023,421279661,2,1,1,1,45,7,3,0,0,0,0,0,3,2,E01021851,3,1,0.0,1.0,-1,6,60,9,1,1,06:50,3,2,3
2023010453674,2023,010453674,1,1,1,1,42,7,3,0,0,0,0,0,9,2,E01003580,-1,0,0.0,1.0,-1,9,20,9,1,9,16:20,4,2,9
2023131374558,2023,131374558,1,1,2,1,49,8,3,0,0,1,0,0,9,7,E01011775,3,1,0.0,1.0,-1,3,30,1,1,2,15:15,3,2,9
2023320425186,2023,320425186,2,1,2,1,34,6,3,0,0,1,0,0,9,5,E01026151,-1,0,0.0419,0.9581,-1,6,50,1,1,1,12:38,2,2,9
2023401394323,2023,401394323,1,1,1,2,75,10,3,0,0,0,0,0,9,10,E01023420,3,1,0.0,1.0,-1,3,30,1,4,2,17:42,6,2,9
2023111362215,2023,111362215,2,2,1,1,76,11,3,0,0,0,0,0,9,4,E01020667,3,1,0.0,1.0,-1,6,30,1,1,2,12:07,2,2,9
2023421276756,2023,421276756,2,3,2,2,28,6,3,0,0,1,0,0,9,8,E01021544,3,1,0.0,1.0,-1,1,30,1,1,1,14:13,4,2,9
2023991334536,2023,991334536,1,1,1,1,46,8,2,0,0,0,0,0,9,3,-1,6,1,1.0,0.0,-1,6,60,2,6,2,05:40,2,1,9
2023161285483,2023,161285483,1,3,2,1,9,2,3,0,0,2,0,0,9,-1,-1,3,1,0.0,1.0,-1,6,60,3,1,3,08:25,6,3,9
2023461274149,2023,461274149,2,4,2,2,21,5,3,0,0,1,0,0,9,5,E01024304,3,1,0.0,1.0,-1,6,30,1,4,1,20:00,6,2,9
2023061277122,2023,061277122,2,2,1,1,31,6,3,0,0,0,0,0,19,3,E01006338,3,1,0.0,1.0,-1,6,50,1,1,1,17:00,4,4,19
2023520301763,2023,520301763,1,2,2,1,10,2,3,0,0,2,0,0,9,6,E01033054,-1,0,0.01903,0.98097,-1,6,30,1,1,1,11:52,2,2,9
2023010456263,2023,010456263,1,2,2,-1,-1,-1,3,0,0,1,0,0,9,8,E01002230,-1,0,0.0,1.0,-1,2,30,2,1,2,19:30,7,1,9
2023231356298,2023,231356298,1,1,1,1,27,6,3,0,0,0,0,0,9,6,E01021046,3,1,0.0,1.0,-1,1,30,1,4,1,22:00,5,2,9
2023221276013,2023,221276013,2,1,2,2,58,9,3,0,0,2,0,0,9,5,E01016877,3,1,0.0,1.0,-1,3,70,1,1,1,15:30,4,2,9
2023501287310,2023,501287310,1,1,1,1,34,6,3,0,0,0,0,0,9,6,E01029219,3,1,0.0,1.0,-1,6,60,2,7,2,18:35,7,1,9
2023401394791,2023,401394791,2,1,1,1,17,4,2,0,0,0,0,0,90,2,E01017472,5,1,1.0,0.0,-1,6,30,1,1,2,11:44,6,2,90
2023010481641,2023,010481641,1,1,3,1,18,4,3,6,9,0,0,0,0,9,E01004147,-1,0,0.0,1.0,-1,3,20,1,4,1,00:28,1,1,19
2023201291711,2023,201291711,1,1,3,1,16,4,3,5,2,0,0,0,0,1,E01009372,3,1,0.0,1.0,-1,6,20,1,1,1,14:45,4,1,9
2023332300872,2023,332300872,1,2,2,2,21,5,3,0,0,1,0,0,9,5,E01013689,-1,0,0.00157,0.99843,-1,6,30,1,1,1,19:00,1,2,9
2023421317172,2023,421317172,1,1,1,1,55,8,1,0,0,0,0,0,9,6,E01019585,1,1,0.0,0.0,-1,6,60,1,1,1,16:03,7,2,9
2023061359546,2023,061359546,1,1,1,2,30,6,3,0,0,0,0,0,19,-1,-1,3,1,0.0,1.0,-1,6,30,1,6,1,19:30,4,1,19
2023991389629,2023,991389629,1,1,1,1,29,6,3,0,0,0,0,0,19,8,-1,3,1,0.0,1.0,-1,3,70,1,6,2,07:23,2,2,19
2023070909238,2023,070909238,1,2,2,2,55,8,3,0,0,1,0,0,9,1,W01000409,-1,0,0.05283,0.94717,-1,1,30,1,1,1,18:30,4,2,9
2023131329807,2023,131329807,3,1,1,1,31,6,3,0,0,0,0,0,9,6,E01011774,3,1,0.0,1.0,-1,6,40,2,1,2,17:00,6,3,9
2023302300745,2023,302300745,1,3,1,1,32,6,3,0,0,0,0,0,9,8,E01013575,-1,0,0.0814,0.9186,-1,7,30,1,4,1,22:00,1,1,9
2023161351241,2023,161351241,1,1,3,2,16,4,3,8,3,0,0,2,0,-1,-1,3,1,0.0,1.0,-1,6,30,9,1,1,18:30,4,1,9
2023010449627,2023,010449627,1,1,1,1,56,9,2,0,0,0,0,0,1,3,E01033464,-1,0,1.0,0.0,-1,6,20,1,1,1,17:20,6,2,1
2023631389191,2023,631389191,1,1,1,1,25,5,2,0,0,0,0,0,3,3,W01000658,7,1,1.0,0.0,-1,6,30,2,4,2,19:35,7,2,3
2023010482236,2023,010482236,1,1,1,1,24,5,3,0,0,0,0,0,9,2,E01004669,-1,0,0.0,1.0,-1,6,20,1,4,1,22:45,3,2,9
2023461318653,2023,461318653,1,1,1,1,21,5,2,0,0,0,0,0,9,10,E01024824,6,1,1.0,0.0,-1,6,40,1,1,1,14:33,5,2,9
2023471362819,2023,471362819,2,1,1,1,39,7,3,0,0,0,0,0,9,7,E01031381,3,1,0.0,1.0,-1,6,20,1,1,1,14:45,5,2,9
2023010445814,2023,010445814,2,1,1,1,30,6,3,0,0,0,0,0,4,1,E01001429,-1,0,0.0,1.0,-1,6,20,1,1,1,13:15,2,2,4
2023041319854,2023,041319854,1,1,1,1,55,8,3,0,0,0,0,0,9,5,E01025228,3,1,0.0,1.0,-1,6,30,1,1,1,21:25,6,1,9
2023421384933,2023,421384933,1,1,1,2,25,5,3,0,0,0,0,0,9,7,E01021967,3,1,0.0,1.0,-1,6,30,4,4,1,19:41,7,2,9
2023101260347,2023,101260347,2,1,1,1,61,9,1,0,0,0,0,0,22,3,E01008395,1,1,0.0,0.0,-1,6,30,1,1,2,11:53,6,2,22
2023010450029,2023,010450029,1,1,1,1,20,4,3,0,0,0,0,0,5,2,E01000627,-1,0,0.0,1.0,-1,6,30,1,1,1,11:57,2,2,5
2023010458785,2023,010458785,1,1,3,2,43,7,3,10,9,0,0,0,0,9,E01003889,-1,0,0.0,1.0,-1,6,20,1,4,1,23:25,5,2,1
2023111266609,2023,111266609,1,1,3,1,37,7,1,9,8,0,0,0,0,-1,-1,1,1,0.0,0.0,-1,6,60,1,6,2,19:39,7,1,9
2023131392404,2023,131392404,1,1,1,1,36,7,2,0,0,0,0,0,9,6,E01011164,7,1,1.0,0.0,-1,3,70,2,1,2,11:05,4,1,9
2023520301212,2023,520301212,2,1,1,2,48,8,3,0,0,0,0,0,9,6,E01019888,-1,0,0.03792,0.96208,-1,6,40,1,1,1,19:58,3,2,9
2023010423828,2023,010423828,3,1,1,1,40,7,3,0,0,0,0,0,9,4,E01004358,-1,0,0.0,1.0,-1,3,20,1,1,1,12:21,6,6,9
2023201277449,2023,201277449,2,1,1,-1,29,6,3,0,0,0,0,0,9,1,E01009359,3,1,0.0,1.0,-1,6,30,1,1,4,08:35,5,2,9
2023421300867,2023,421300867,1,2,2,1,78,11,2,0,0,1,0,0,9,10,E01021559,6,1,1.0,0.0,-1,6,30,1,1,1,16:48,3,2,9
2023332300265,2023,332300265,2,1,1,1,79,11,3,0,0,0,0,0,1,9,E01025675,-1,0,0.10661,0.89339,-1,6,30,1,1,1,13:10,6,2,1
2023010459689,2023,010459689,1,1,1,1,25,5,3,0,0,0,0,0,3,3,E01003431,-1,0,0.0,1.0,-1,9,30,9,1,9,10:50,4,2,3
2023010433425,2023,010433425,1,1,3,1,9,2,2,5,1,0,0,0,0,5,E01002666,-1,0,1.0,0.0,-1,7,20,1,1,1,15:35,3,1,9
2023302300274,2023,302300274,2,1,1,1,64,9,3,0,0,0,0,0,8,4,E01019492,-1,0,0.04275,0.95725,-1,6,30,1,1,1,15:52,2,2,8
2023501379020,2023,501379020,2,1,1,2,55,8,2,0,0,0,0,0,1,7,E01020245,7,1,1.0,0.0,-1,6,30,1,1,1,17:10,3,2,1
2023010474125,2023,010474125,1,1,1,1,40,7,3,0,0,0,0,0,3,7,E01003396,-1,0,0.0,1.0,-1,6,20,1,4,1,18:14,4,2,3
2023471311574,2023,471311574,2,1,1,1,17,4,3,0,0,0,0,0,3,9,E01016924,3,1,0.0,1.0,-1,1,60,1,1,1,17:18,5,2,3
2023141367989,2023,141367989,1,1,1,1,28,6,3,0,0,0,0,0,9,1,E01007760,3,1,0.0,1.0,-1,6,60,8,1,2,14:38,7,2,9
2023991337688,2023,991337688,1,1,1,2,38,7,3,0,0,0,0,0,9,7,-1,3,1,0.0,1.0,-1,6,30,1,4,2,22:15,1,3,9
2023440272861,2023,440272861,1,1,3,2,51,8,3,8,9,0,0,0,0,4,E01022523,-1,0,0.18583,0.81417,-1,6,30,1,1,1,17:04,6,1,9
2023471266562,2023,471266562,1,1,3,1,16,4,3,5,1,0,0,0,0,9,E01031648,3,1,0.0,1.0,-1,6,30,1,1,2,08:35,6,1,9
2023201277224,2023,201277224,2,1,1,1,-1,-1,3,0,0,0,0,0,1,-1,-1,3,1,0.0,1.0,-1,3,30,1,1,1,08:30,6,2,1
2023421377847,2023,421377847,1,1,1,1,24,5,3,0,0,0,0,0,3,5,E01002145,3,1,0.0,1.0,-1,3,70,4,1,1,13:09,4,1,3
2023522301510,2023,522301510,1,1,1,1,33,6,3,0,0,0,0,0,3,3,E01014569,-1,0,0.02781,0.97219,-1,6,20,9,1,-1,15:00,4,2,3
2023010463992,2023,010463992,2,2,1,1,36,7,3,0,0,0,0,0,9,9,E01002539,-1,0,0.0,1.0,-1,6,20,1,1,1,13:24,2,2,9
2023052300278,2023,052300278,2,2,1,1,36,7,3,0,0,0,0,0,9,9,E01007195,-1,0,0.04922,0.95078,-1,6,30,1,1,1,15:50,7,2,9
2023101369270,2023,101369270,2,2,1,1,31,6,3,0,0,0,0,0,9,1,E01008542,3,1,0.0,1.0,-1,7,40,1,1,2,15:30,7,2,9
2023201395108,2023,201395108,2,1,1,1,65,9,3,0,0,0,0,0,9,1,E01010415,3,1,0.0,1.0,-1,6,30,1,1,1,15:00,2,2,9
2023061360761,2023,061360761,2,1,1,2,24,5,3,0,0,0,0,0,9,2,E01011251,3,1,0.0,1.0,-1,3,70,1,1,1,14:45,1,2,9
2023501341365,2023,501341365,1,1,1,1,28,6,3,0,0,0,0,0,9,7,E01018827,3,1,0.0,1.0,-1,6,60,2,1,2,18:55,1,2,9
2023070528143,2023,070528143,1,1,1,1,43,7,3,0,0,0,0,0,19,1,E01004850,-1,0,0.10865,0.89135,-1,3,70,1,1,1,11:05,7,3,19
2023010446041,2023,010446041,1,1,3,2,16,4,3,4,1,0,0,0,0,6,E01001312,-1,0,0.0,1.0,-1,6,30,1,1,1,18:28,3,1,9
2023131360771,2023,131360771,2,1,1,1,29,6,2,0,0,0,0,0,1,1,E01011368,7,1,1.0,0.0,-1,6,30,1,4,1,21:25,7,2,1
2023010479414,2023,010479414,1,1,1,1,54,8,3,0,0,0,0,0,9,3,E01032568,-1,0,0.0,1.0,-1,6,30,1,4,1,20:38,3,3,9
202360A077858,2023,60A077858,1,1,1,2,47,8,3,0,0,0,0,0,9,-1,-1,-1,0,0.02853,0.97147,-1,6,30,1,1,1,15:20,4,2,9
2023141383666,2023,141383666,2,2,1,1,25,5,3,0,0,0,0,0,19,-1,-1,3,1,0.0,1.0,-1,6,30,1,4,2,00:32,5,2,19
202360A161936,2023,60A161936,1,1,3,1,24,5,2,5,9,0,0,0,0,-1,-1,-1,0,1.0,0.0,-1,6,20,1,4,1,22:11,7,1,9
2023070654127,2023,070654127,2,1,1,1,8,2,3,0,0,0,0,0,1,1,E01012424,-1,0,0.10819,0.89181,-1,6,20,1,1,1,16:55,4,2,1
2023010464961,2023,010464961,1,1,1,1,31,6,3,0,0,0,0,0,9,2,E01000103,-1,0,0.0,1.0,-1,3,30,1,1,1,15:00,7,3,9
2023131355332,2023,131355332,1,1,3,1,14,3,3,8,3,0,0,2,0,8,E01011254,3,1,0.0,1.0,-1,6,30,1,1,1,15:13,6,1,9
2023501313324,2023,501313324,1,1,3,1,27,6,3,9,5,0,0,0,0,4,E01015169,3,1,0.0,1.0,-1,6,30,1,1,1,13:15,3,1,9
2023010443194,2023,010443194,1,1,1,1,38,7,3,0,0,0,0,0,1,2,E01001980,-1,0,0.0,1.0,-1,6,20,1,1,1,08:50,3,2,1
2023302301812,2023,302301812,1,1,1,1,56,9,1,0,0,0,0,0,5,2,E01033279,-1,0,0.0,0.0,-1,3,60,1,1,1,11:53,7,1,5
2023141326670,2023,141326670,1,1,1,2,34,6,3,0,0,0,0,0,9,4,E01007353,3,1,0.0,1.0,-1,6,30,1,1,1,14:10,5,2,9
2023340WN1922,2023,340WN1922,2,1,1,2,47,8,3,0,0,0,0,0,9,8,E01027290,-1,0,0.06541,0.93459,-1,6,60,1,1,2,17:28,4,2,9
2023061285940,2023,061285940,1,1,3,1,27,6,2,5,3,0,0,0,0,1,E01005456,5,1,1.0,0.0,-1,3,30,2,4,2,22:48,1,1,-1
2023451378017,2023,451378017,1,1,3,2,42,7,3,6,9,0,0,0,0,10,E01030566,3,1,0.0,1.0,-1,6,30,1,1,1,14:53,4,1,98
2023010437127,2023,010437127,2,1,1,1,17,4,3,0,0,0,0,0,1,2,E01002784,-1,0,0.0,1.0,-1,3,20,8,4,2,23:35,4,2,1
2023131348073,2023,131348073,2,1,1,1,31,6,3,0,0,0,0,0,5,1,E01024893,3,1,0.0,1.0,-1,6,60,1,1,1,14:30,7,2,5
2023010451407,2023,010451407,1,1,1,2,22,5,3,0,0,0,0,0,9,1,E01004250,-1,0,0.0,1.0,-1,3,20,1,1,1,17:21,1,3,9
2023221303294,2023,221303294,1,1,1,1,24,5,3,0,0,0,0,0,9,4,E01032132,3,1,0.0,1.0,-1,6,30,1,1,1,15:31,3,2,9
2023302301005,2023,302301005,1,2,2,1,20,4,3,0,0,1,0,0,9,1,E01005592,-1,0,0.15782,0.84218,-1,6,50,1,6,1,00:20,1,1,9
2023010442471,2023,010442471,1,1,1,1,24,5,3,0,0,0,0,0,19,3,E01001516,-1,0,0.0,1.0,-1,3,50,1,1,1,17:23,5,2,19
2023311363321,2023,311363321,2,1,1,1,46,8,3,0,0,0,0,0,1,9,E01028197,3,1,0.0,1.0,-1,6,30,1,1,1,08:30,2,2,1
2023010480290,2023,010480290,1,1,3,2,0,1,3,5,1,0,0,0,0,-1,-1,-1,0,0.0,1.0,-1,6,20,2,1,2,16:09,1,1,3
2023991385052,2023,991385052,1,1,3,1,55,8,2,8,9,0,0,2,0,-1,-1,5,1,1.0,0.0,-1,6,30,2,4,2,20:00,7,1,9
2023010468217,2023,010468217,1,1,1,1,63,9,2,0,0,0,0,0,1,7,E01028639,-1,0,1.0,0.0,-1,2,20,1,1,1,17:15,2,2,1
2023031288149,2023,031288149,1,1,2,2,79,11,3,0,0,1,0,0,9,2,E01019206,3,1,0.0,1.0,-1,1,60,1,1,2,13:08,7,2,9
2023440010532,2023,440010532,1,1,1,2,58,9,3,0,0,0,0,0,9,4,E01017306,-1,0,0.05751,0.94249,-1,6,40,1,1,1,11:33,2,2,9
2023451352460,2023,451352460,1,1,1,2,44,7,3,0,0,0,0,0,9,9,E01030683,3,1,0.0,1.0,-1,6,30,1,1,1,08:00,4,2,9
202360A190001,2023,60A190001,1,1,1,1,33,6,3,0,0,0,0,0,9,-1,-1,-1,0,0.11423,0.88577,-1,6,40,1,1,4,11:31,7,3,9
2023010459110,2023,010459110,1,1,1,2,32,6,3,0,0,0,0,0,1,4,E01003343,-1,0,0.0,1.0,-1,6,20,1,4,1,22:16,6,2,1
2023201402263,2023,201402263,1,1,1,1,21,5,2,0,0,0,0,0,2,2,E01010038,7,1,1.0,0.0,-1,1,30,1,1,1,18:59,4,1,2
2023991279746,2023,991279746,2,2,1,1,41,7,3,0,0,0,0,0,9,8,-1,3,1,0.0,1.0,-1,3,70,1,1,1,09:55,5,2,9
2023622300848,2023,622300848,2,2,1,2,11,3,2,0,0,0,0,0,-1,1,W01000866,-1,0,1.0,0.0,-1,6,20,1,1,1,15:49,6,3,-1
2023010449332,2023,010449332,1,2,3,2,20,4,3,9,8,0,0,0,0,-1,-1,-1,0,0.0,1.0,-1,6,20,1,4,1,23:50,5,1,1
2023010429777,2023,010429777,1,3,2,2,20,4,3,0,0,1,0,0,9,3,E01002932,-1,0,0.0,1.0,-1,1,30,1,4,1,06:05,4,1,9
2023071152356,2023,071152356,3,2,1,1,40,7,3,0,0,0,0,0,9,7,W01000070,-1,0,0.04409,0.95591,-1,3,70,1,6,2,16:47,6,4,9
2023320319109,2023,320319109,2,2,1,1,81,11,3,0,0,0,0,0,9,6,E01011303,-1,0,0.04772,0.95228,-1,6,60,1,1,1,12:00,5,3,9
2023501308735,2023,501308735,1,1,2,1,16,4,2,0,0,-1,0,0,9,9,E01019949,7,1,1.0,0.0,-1,6,60,2,6,2,23:00,1,1,9
2023010455887,2023,010455887,1,1,2,2,24,5,3,0,0,0,4,0,11,4,E01002425,-1,0,0.0,1.0,-1,6,30,1,1,1,08:16,3,2,11
2023201276034,2023,201276034,1,1,1,1,67,10,3,0,0,0,0,0,90,-1,-1,3,1,0.0,1.0,-1,3,50,1,1,1,12:41,5,1,90
2023061350023,2023,061350023,2,1,1,2,28,6,3,0,0,0,0,0,9,9,E01011887,3,1,0.0,1.0,-1,3,30,1,1,1,16:45,6,2,9
2023461306025,2023,461306025,1,1,1,2,18,4,3,0,0,0,0,0,9,6,E01021193,3,1,0.0,1.0,-1,6,30,1,4,2,21:00,7,2,9
2023461341961,2023,461341961,2,2,1,1,45,7,3,0,0,0,0,0,9,7,E01024252,3,1,0.0,1.0,-1,6,60,1,1,1,11:32,5,2,9
2023451382145,2023,451382145,1,1,3,2,79,11,2,10,9,0,0,0,0,4,E01001097,5,1,1.0,0.0,-1,6,30,1,1,2,14:00,1,1,9
2023471355216,2023,471355216,2,1,1,1,71,10,2,0,0,0,0,0,1,9,E01020945,7,1,1.0,0.0,-1,6,60,1,4,1,10:55,6,2,1
2023991370181,2023,991370181,1,1,1,2,51,8,2,0,0,0,0,0,1,-1,-1,7,1,1.0,0.0,-1,1,30,1,1,1,07:07,5,2,1
2023010467912,2023,010467912,1,2,2,2,43,7,2,0,0,1,0,0,8,5,E01000375,-1,0,1.0,0.0,-1,6,20,9,4,1,04:05,1,3,8
2023010474686,2023,010474686,1,1,1,1,36,7,3,0,0,0,0,0,9,3,E01000800,-1,0,0.0,1.0,-1,6,20,2,1,2,13:14,1,2,9
2023332301099,2023,332301099,2,1,1,1,46,8,3,0,0,0,0,0,9,4,E01025918,-1,0,0.0629,0.9371,-1,3,60,1,1,1,09:12,3,2,9
2023101330708,2023,101330708,1,1,1,1,51,8,3,0,0,0,0,0,19,7,-1,3,1,0.0,1.0,-1,6,30,2,1,2,12:30,2,1,19
2023010461382,2023,010461382,2,1,1,1,44,7,3,0,0,0,0,0,1,2,E01003432,-1,0,0.0,1.0,-1,3,30,1,1,1,08:54,7,2,1
2023010446428,2023,010446428,1,1,1,1,23,5,3,0,0,0,0,0,3,4,E01004580,-1,0,0.0,1.0,-1,6,20,1,1,1,18:45,5,2,3
2023111323329,2023,111323329,1,1,1,1,18,4,2,0,0,0,0,0,4,-1,-1,5,1,1.0,0.0,-1,6,30,1,1,1,16:30,2,2,4
2023010461015,2023,010461015,1,2,2,2,-1,-1,3,0,0,1,0,0,9,7,E01002161,-1,0,0.0,1.0,-1,6,30,8,1,1,14:08,4,2,9
2023141376462,2023,141376462,1,1,1,2,31,6,3,0,0,0,0,0,9,-1,-1,3,1,0.0,1.0,-1,6,30,2,4,2,17:50,1,2,9
2023201413583,2023,201413583,2,1,1,-1,62,9,3,0,0,0,0,0,1,1,E01009122,3,1,0.0,1.0,-1,6,30,1,4,2,21:35,4,2,1
2023371332682,2023,371332682,1,1,1,1,-1,-1,3,0,0,0,0,0,21,5,E01022034,3,1,0.0,1.0,-1,6,40,1,1,1,08:00,3,1,21
2023141318232,2023,141318232,2,1,1,1,24,5,2,0,0,0,0,0,3,1,E01007463,7,1,1.0,0.0,-1,6,30,1,1,1,17:03,3,2,3
2023122300822,2023,122300822,2,1,1,2,41,7,3,0,0,0,0,0,9,10,E01013436,-1,0,0.01533,0.98467,-1,6,60,1,1,1,12:50,7,2,9
2023430085678,2023,430085678,2,1,1,2,38,7,3,0,0,0,0,0,9,5,E01016756,-1,0,0.00278,0.99722,-1,6,30,2,1,2,11:30,6,2,9
2023052301014,2023,052301014,1,2,1,2,24,5,3,0,0,0,0,0,9,10,E01006926,-1,0,0.08468,0.91532,-1,6,50,1,1,2,19:04,6,2,9
2023131302470,2023,131302470,2,4,2,2,2,1,3,0,0,0,0,0,9,6,E01032159,3,1,0.0,1.0,-1,7,50,1,1,1,14:05,1,2,9
2023111287176,2023,111287176,1,1,1,1,46,8,3,0,0,0,0,0,9,1,E01020816,3,1,0.0,1.0,-1,3,60,1,1,2,08:02,1,1,9
2023311290284,2023,311290284,1,1,1,2,70,10,3,0,0,0,0,0,9,9,E01028419,3,1,0.0,1.0,-1,3,50,2,6,2,18:56,2,2,9
2023010441207,2023,010441207,1,1,1,1,41,7,3,0,0,0,0,0,1,3,E01002102,-1,0,0.0,1.0,-1,6,20,1,1,1,16:38,5,2,1
2023010454004,2023,010454004,1,1,1,2,35,6,3,0,0,0,0,0,3,8,E01004135,-1,0,0.0,1.0,-1,2,30,1,1,1,17:30,7,2,3
2023070250651,2023,070250651,1,1,1,2,51,8,3,0,0,0,0,0,9,1,E01018476,-1,0,0.03525,0.96475,-1,6,30,1,1,1,17:10,6,2,9
2023010440620,2023,010440620,1,1,2,1,18,4,3,0,0,1,0,0,9,3,E01003586,-1,0,0.0,1.0,-1,6,30,1,4,1,01:53,3,1,9
2023461322613,2023,461322613,1,4,2,1,37,7,3,0,0,1,0,0,9,2,E01016035,3,1,0.0,1.0,-1,6,30,1,1,1,11:36,6,2,9
2023201284345,2023,201284345,1,1,3,2,72,10,3,5,3,0,0,0,0,8,E01010357,3,1,0.0,1.0,-1,6,30,2,1,2,14:04,4,1,9
2023991347179,2023,991347179,1,1,3,1,10,2,3,9,7,0,0,2,0,-1,-1,3,1,0.0,1.0,-1,6,30,1,1,1,17:38,7,1,9
2023361273958,2023,361273958,1,1,1,2,81,11,3,0,0,0,0,0,9,-1,-1,3,1,0.0,1.0,-1,6,60,1,1,1,15:45,4,1,9
2023461270047,2023,461270047,2,1,1,1,76,11,2,0,0,0,0,0,9,6,E01021187,7,1,1.0,0.0,-1,7,70,1,4,1,15:15,3,2,9
2023131351633,2023,131351633,1,1,3,2,11,3,3,5,1,0,0,2,0,6,E01011156,3,1,0.0,1.0,-1,6,30,2,1,2,07:39,3,1,9
2023041356598,2023,041356598,1,1,3,2,61,9,1,10,5,0,0,0,0,7,E01024923,1,1,0.0,0.0,-1,6,20,1,1,1,12:40,3,1,9
2023201313709,2023,201313709,2,1,1,1,21,5,2,0,0,0,0,0,9,3,E01009838,7,1,1.0,0.0,-1,1,30,1,1,2,15:01,7,2,9
2023471258933,2023,471258933,1,1,1,1,21,5,3,0,0,0,0,0,9,7,E01021212,3,1,0.0,1.0,-1,6,30,1,1,2,08:44,3,2,9
2023501367141,2023,501367141,2,1,1,1,70,10,3,0,0,0,0,0,9,10,E01019943,3,1,0.0,1.0,-1,6,60,1,1,1,09:25,6,2,9
2023481355145,2023,481355145,1,1,3,1,35,6,3,5,3,0,0,0,0,-1,-1,3,1,0.0,1.0,-1,6,20,1,4,1,19:20,5,1,19
2023411342250,2023,411342250,1,4,2,1,49,8,3,0,0,-1,0,0,9,4,E01023301,3,1,0.0,1.0,-1,6,30,1,7,1,05:25,1,2,9
2023471306991,2023,471306991,2,3,2,1,43,7,3,0,0,2,0,0,9,3,E01000806,3,1,0.0,1.0,-1,6,60,1,1,1,15:25,7,3,9
2023522324603,2023,522324603,1,1,1,2,34,6,3,0,0,0,0,0,9,6,E01014531,-1,0,0.00333,0.99667,-1,3,40,1,4,1,21:19,7,2,9
202363C010023,2023,63C010023,2,4,2,1,35,6,3,0,0,2,0,0,9,9,W01000611,-1,0,0.03898,0.96102,-1,6,60,1,1,1,13:25,5,3,9
2023201339213,2023,201339213,1,1,3,1,13,3,3,5,9,0,0,0,0,3,E01009120,3,1,0.0,1.0,-1,6,30,1,1,1,18:30,3,1,9
2023201400674,2023,201400674,1,1,3,1,26,6,3,1,3,0,0,2,0,-1,-1,3,1,0.0,1.0,-1,7,30,1,4,1,23:30,6,1,9
2023131294404,2023,131294404,1,1,1,2,56,9,2,0,0,0,0,0,9,5,E01013935,6,1,1.0,0.0,-1,6,60,1,1,1,13:33,5,2,9
2023361338499,2023,361338499,1,1,1,1,37,7,3,0,0,0,0,0,9,3,E01026596,3,1,0.0,1.0,-1,6,60,2,1,2,13:21,7,3,9
2023411339018,2023,411339018,2,1,1,1,44,7,3,0,0,0,0,0,9,1,E01009585,3,1,0.0,1.0,-1,6,30,1,1,1,13:25,3,2,9
2023440391247,2023,440391247,1,2,1,1,41,7,3,0,0,0,0,0,9,7,E01017316,-1,0,0.0457,0.9543,-1,6,30,1,1,1,10:30,2,2,9
2023546361423,2023,546361423,1,1,1,1,40,7,3,0,0,0,0,0,9,4,E01032014,-1,0,0.04562,0.95438,-1,6,30,1,1,1,18:58,7,3,9
2023371272013,2023,371272013,1,1,3,1,44,7,3,10,3,0,0,0,0,3,E01030025,3,1,0.0,1.0,-1,2,30,1,1,1,12:25,6,1,11
2023010451880,2023,010451880,2,1,1,2,24,5,3,0,0,0,0,0,1,3,E01002580,-1,0,0.0,1.0,-1,6,20,1,1,1,21:01,3,2,1
2023991320574,2023,991320574,2,1,1,1,53,8,3,0,0,0,0,0,1,10,-1,3,1,0.0,1.0,-1,9,20,1,1,1,17:00,4,2,1
2023010424436,2023,010424436,1,1,1,1,37,7,3,0,0,0,0,0,3,9,E01016688,-1,0,0.0,1.0,-1,6,20,1,1,1,17:15,1,2,3
2023320262361,2023,320262361,1,1,1,1,34,6,2,0,0,0,0,0,3,9,E01013260,-1,0,1.0,0.0,-1,6,60,1,1,1,14:45,2,1,3
2023471314508,2023,471314508,2,1,2,2,44,7,3,0,0,1,0,0,9,2,E01031779,3,1,0.0,1.0,-1,1,30,1,1,1,12:00,7,2,9