collision_index,collision_year,collision_ref_no,vehicle_reference,casualty_reference,casualty_class,sex_of_casualty,age_of_casualty,age_band_of_casualty,casualty_severity,pedestrian_location,pedestrian_movement,car_passenger,bus_or_coach_passenger,pedestrian_road_maintenance_worker,casualty_type,casualty_imd_decile,lsoa_of_casualty,enhanced_casualty_severity,casualty_injury_based,casualty_adjusted_severity_serious,casualty_adjusted_severity_slight,casualty_distance_banding,road_type,speed_limit,weather_conditions,light_conditions,road_surface_conditions,time,day_of_week,number_of_vehicles,vehicle_type
2023010480675,2023,010480675,2,1,1,1,36,7,3,0,0,0,0,0,-1,4,E01000869,-1,0,0.0,1.0,-1,6,20,1,1,1,12:26,3,2,-1
2023101337349,2023,101337349,1,1,3,1,50,8,3,5,1,0,0,0,0,3,E01008706,3,1,0.0,1.0,-1,6,30,1,1,1,18:40,4,1,11
2023531327774,2023,531327774,1,1,3,1,3,1,3,8,7,0,0,0,0,1,E01022329,3,1,0.0,1.0,-1,6,20,1,1,1,08:50,2,1,9
2023201408329,2023,201408329,2,1,1,1,36,7,3,0,0,0,0,0,9,1,E01009640,3,1,0.0,1.0,-1,6,30,1,4,1,20:30,6,2,9
2023451309432,2023,451309432,1,1,1,2,40,7,3,0,0,0,0,0,9,8,E01030979,3,1,0.0,1.0,-1,6,50,1,6,2,23:00,6,2,9
2023991315951,2023,991315951,1,1,1,2,65,9,3,0,0,0,0,0,9,10,-1,3,1,0.0,1.0,-1,6,30,1,1,1,20:00,3,2,9
2023010428729,2023,010428729,1,1,3,1,9,2,3,5,2,0,0,0,0,3,E01003575,-1,0,0.0,1.0,-1,2,30,1,1,1,08:30,5,1,9
2023430490126,2023,430490126,1,1,3,1,8,2,3,5,1,0,0,0,0,10,E01028699,-1,0,0.15186,0.84814,-1,6,20,1,4,2,18:40,3,1,9
2023522400285,2023,522400285,1,1,3,2,27,6,3,6,9,0,0,0,0,2,E01014626,-1,0,0.02881,0.97119,-1,6,20,2,4,2,21:33,6,1,9
2023070774786,2023,070774786,1,1,1,1,35,6,3,0,0,0,0,0,1,1,E01033300,-1,0,0.13064,0.86936,-1,6,30,1,4,1,20:30,7,2,1
2023311265228,2023,311265228,2,1,1,1,12,3,3,0,0,0,0,0,1,3,E01028306,3,1,0.0,1.0,-1,6,20,1,1,4,08:20,5,2,1
2023421317847,2023,421317847,2,1,1,1,27,6,3,0,0,0,0,0,1,3,E01015959,3,1,0.0,1.0,-1,6,30,1,1,1,20:06,2,2,1
2023161328272,2023,161328272,1,3,2,2,19,4,3,0,0,2,0,0,9,4,E01012938,3,1,0.0,1.0,-1,6,30,1,1,1,15:16,1,2,9
2023231394650,2023,231394650,2,1,1,1,30,6,3,0,0,0,0,0,9,1,E01031118,3,1,0.0,1.0,-1,1,30,1,1,1,14:09,7,2,9
2023531283304,2023,531283304,1,1,1,1,23,5,3,0,0,0,0,0,9,3,E01019221,3,1,0.0,1.0,-1,3,70,1,6,1,23:45,1,2,9
2023991292993,2023,991292993,1,2,2,1,18,4,2,0,0,1,0,0,9,8,-1,5,1,1.0,0.0,-1,6,60,1,1,1,10:15,1,1,9
2023461376424,2023,461376424,1,1,3,1,8,2,3,6,9,0,0,2,0,5,E01000375,3,1,0.0,1.0,-1,6,30,2,1,2,08:38,5,1,9
2023361283560,2023,361283560,2,1,1,1,32,6,3,0,0,0,0,0,3,1,E01026634,3,1,0.0,1.0,-1,6,30,2,1,2,12:10,7,2,3
2023421323415,2023,421323415,2,1,2,1,16,4,3,0,0,0,0,0,3,-1,-1,3,1,0.0,1.0,-1,6,30,1,5,1,01:28,4,4,3
2023041316967,2023,041316967,2,1,1,1,30,6,3,0,0,0,0,0,9,3,E01000335,3,1,0.0,1.0,-1,6,40,1,4,1,22:17,6,2,9
2023010469378,2023,010469378,1,1,3,2,38,7,3,9,5,0,0,0,0,9,E01003158,-1,0,0.0,1.0,-1,6,20,1,1,1,13:58,1,1,98
2023010426653,2023,010426653,1,1,1,1,49,8,3,0,0,0,0,0,1,2,E01002730,-1,0,0.0,1.0,-1,3,20,8,1,1,07:00,6,2,1
2023010454657,2023,010454657,1,3,2,1,16,4,3,0,0,2,0,0,9,1,E01004304,-1,0,0.0,1.0,-1,3,40,1,1,1,19:22,3,2,9
2023052301834,2023,052301834,2,1,1,2,24,5,2,0,0,0,0,0,9,9,E01007023,-1,0,1.0,0.0,-1,3,40,2,4,2,21:45,7,2,9
2023545828323,2023,545828323,2,1,1,1,61,9,3,0,0,0,0,0,9,5,E01028718,-1,0,0.01298,0.98702,-1,1,40,1,1,1,12:06,1,2,9
2023991392118,2023,991392118,2,1,1,2,39,7,2,0,0,0,0,0,9,7,-1,7,1,1.0,0.0,-1,6,60,8,6,4,16:10,2,2,9
2023430076926,2023,430076926,1,1,1,1,46,8,2,0,0,0,0,0,5,6,E01028523,-1,0,1.0,0.0,-1,6,60,1,1,1,13:04,1,2,5
2023501377366,2023,501377366,1,2,1,1,48,8,3,0,0,0,0,0,9,6,E01020226,3,1,0.0,1.0,-1,7,70,1,1,1,07:50,3,2,9
2023170L30293,2023,170L30293,1,1,1,1,18,4,3,0,0,0,0,0,9,2,E01012031,-1,0,0.06291,0.93709,-1,6,30,1,1,1,13:20,7,2,9
2023421312419,2023,421312419,2,1,1,2,25,5,3,0,0,0,0,0,9,7,E01015837,3,1,0.0,1.0,-1,3,30,1,1,1,18:13,1,2,9
2023421377894,2023,421377894,2,1,2,2,32,6,3,0,0,1,0,0,9,9,E01021561,3,1,0.0,1.0,-1,3,40,1,1,2,10:00,1,2,9
2023451278151,2023,451278151,1,1,1,1,67,10,2,0,0,0,0,0,9,-1,-1,5,1,1.0,0.0,-1,6,60,1,6,2,20:58,1,1,9
2023461325812,2023,461325812,1,1,1,1,92,11,2,0,0,0,0,0,9,7,E01024812,7,1,1.0,0.0,-1,6,60,1,1,2,15:55,6,3,9
2023201323081,2023,201323081,1,1,3,1,42,7,3,5,3,0,0,2,0,1,E01010103,3,1,0.0,1.0,-1,6,30,1,4,1,00:55,7,1,9
2023351325243,2023,351325243,2,1,2,2,23,5,3,0,0,0,0,0,3,2,E01026277,3,1,0.0,1.0,-1,6,30,1,1,-1,16:50,7,2,3
2023311389958,2023,311389958,1,1,1,1,32,6,3,0,0,0,0,0,9,4,E01019693,3,1,0.0,1.0,-1,3,50,2,4,2,05:45,3,4,9
2023010444835,2023,010444835,1,1,1,1,33,6,3,0,0,0,0,0,3,1,E01002082,-1,0,0.0,1.0,-1,9,20,1,1,1,12:20,4,2,3
2023201389253,2023,201389253,2,1,2,2,27,6,3,0,0,1,0,0,9,3,E01009220,3,1,0.0,1.0,-1,6,30,1,4,1,22:30,6,2,9
2023471280603,2023,471280603,1,1,1,1,28,6,2,0,0,0,0,0,9,4,E01016967,7,1,1.0,0.0,-1,7,60,1,1,1,12:35,7,2,9
2023471316528,2023,471316528,2,1,2,2,18,4,3,0,0,1,0,0,9,7,E01016917,3,1,0.0,1.0,-1,6,30,1,1,1,17:28,5,2,9
2023010429897,2023,010429897,1,1,2,2,82,11,2,0,0,0,4,0,11,3,E01004573,-1,0,1.0,0.0,-1,6,20,1,4,1,17:40,4,1,11
2023041326967,2023,041326967,1,1,1,1,45,7,2,0,0,0,0,0,3,1,E01006950,7,1,1.0,0.0,-1,6,40,1,1,1,13:34,6,1,3
2023101261266,2023,101261266,3,3,1,1,63,9,3,0,0,0,0,0,9,-1,-1,3,1,0.0,1.0,-1,3,70,1,1,1,10:57,1,3,9
2023101383824,2023,101383824,3,2,2,1,25,5,3,0,0,1,0,0,9,1,E01008839,3,1,0.0,1.0,-1,3,40,1,1,2,11:50,2,3,9
2023311373550,2023,311373550,1,1,1,1,49,8,2,0,0,0,0,0,19,2,E01013843,7,1,1.0,0.0,-1,6,30,1,1,1,19:05,5,6,19
2023332300729,2023,332300729,3,2,1,1,53,8,3,0,0,0,0,0,9,7,E01013666,-1,0,0.01945,0.98055,-1,6,30,1,1,1,12:33,1,3,9
2023421296400,2023,421296400,1,1,2,2,19,4,3,0,0,-1,0,0,9,2,E01021488,3,1,0.0,1.0,-1,6,30,1,5,2,02:40,7,2,9
2023461265786,2023,461265786,1,2,2,1,16,4,3,0,0,1,0,0,9,8,E01024761,3,1,0.0,1.0,-1,6,40,8,6,4,01:38,3,1,9
2023010432265,2023,010432265,1,1,1,1,61,9,3,0,0,0,0,0,19,10,E01021442,-1,0,0.0,1.0,-1,3,40,2,1,1,07:50,4,2,19
2023440450574,2023,440450574,1,1,1,1,77,11,3,0,0,0,0,0,19,9,E01031973,-1,0,0.12733,0.87267,-1,6,30,1,4,2,20:16,6,2,19
2023052301566,2023,052301566,3,1,3,1,59,9,3,9,6,0,0,0,0,1,E01025171,-1,0,0.15808,0.84192,-1,6,30,1,1,1,10:30,2,3,19
2023131290489,2023,131290489,1,1,3,1,33,6,2,8,9,0,0,2,0,7,E01011511,6,1,1.0,0.0,-1,6,30,1,1,1,16:44,7,3,9
2023401394618,2023,401394618,1,1,3,1,50,8,3,10,9,0,0,0,0,2,E01015741,3,1,0.0,1.0,-1,6,30,1,4,2,15:45,5,1,9
2023010452147,2023,010452147,2,1,1,1,50,8,3,0,0,0,0,0,5,6,E01002353,-1,0,0.0,1.0,-1,3,50,1,1,2,07:30,5,2,5
2023010426698,2023,010426698,1,1,2,1,37,7,3,0,0,1,0,0,8,2,E01004402,-1,0,0.0,1.0,-1,6,20,2,4,1,01:40,1,2,8
2023201325677,2023,201325677,1,1,1,2,43,7,3,0,0,0,0,0,9,1,E01008995,3,1,0.0,1.0,-1,3,40,1,4,1,20:55,6,2,9
2023411356080,2023,411356080,2,2,2,1,22,5,3,0,0,2,0,0,9,7,E01023356,3,1,0.0,1.0,-1,6,30,8,4,-1,20:05,7,2,9
2023351381230,2023,351381230,2,2,1,2,32,6,3,0,0,0,0,0,90,9,E01018010,3,1,0.0,1.0,-1,6,30,2,4,2,19:20,2,2,90
2023340WN3172,2023,340WN3172,1,1,1,1,17,4,3,0,0,0,0,0,1,5,E01027134,-1,0,0.15024,0.84976,-1,6,30,1,4,1,21:41,5,2,1
2023501324542,2023,501324542,2,1,1,1,48,8,3,0,0,0,0,0,1,4,E01020017,3,1,0.0,1.0,-1,1,30,1,1,1,07:30,6,2,1
2023221397311,2023,221397311,1,2,2,1,17,4,3,0,0,1,0,0,9,6,E01028850,3,1,0.0,1.0,-1,6,60,2,6,2,01:49,5,1,9
2023320775689,2023,320775689,2,1,1,1,54,8,3,0,0,0,0,0,9,9,E01026370,-1,0,0.01428,0.98572,-1,6,30,1,1,2,13:07,2,2,9
2023332301205,2023,332301205,1,1,1,1,55,8,3,0,0,0,0,0,9,1,E01013725,-1,0,0.05162,0.94838,-1,6,40,1,4,2,16:00,3,1,9
2023320318396,2023,320318396,2,1,1,1,57,9,2,0,0,0,0,0,19,-1,-1,-1,0,1.0,0.0,-1,6,50,1,1,1,07:20,5,2,19
2023401340609,2023,401340609,1,1,3,2,7,2,3,6,5,0,0,0,0,5,E01015700,3,1,0.0,1.0,-1,9,20,1,1,1,10:57,5,1,1
2023520400646,2023,520400646,2,2,1,1,40,7,3,0,0,0,0,0,3,7,E01029250,-1,0,0.18879,0.81121,-1,6,60,2,1,2,17:48,5,2,3
2023471261249,2023,471261249,1,1,1,1,45,7,3,0,0,0,0,0,5,9,E01031593,3,1,0.0,1.0,-1,7,70,1,6,1,18:10,2,1,5
2023010460431,2023,010460431,1,1,1,2,44,7,3,0,0,0,0,0,9,-1,-1,-1,0,0.0,1.0,-1,6,20,1,1,1,15:20,1,2,9
2023122300980,2023,122300980,1,3,2,1,28,6,2,0,0,1,0,0,9,6,E01012012,-1,0,1.0,0.0,-1,6,60,4,6,1,19:00,1,2,9
2023231287001,2023,231287001,1,1,1,2,44,7,2,0,0,0,0,0,9,1,E01033642,5,1,1.0,0.0,-1,6,60,1,6,1,20:45,7,1,9
2023440340998,2023,440340998,1,2,2,2,50,8,3,0,0,1,0,0,9,7,E01032881,-1,0,0.06351,0.93649,-1,6,20,1,1,1,10:15,4,2,9
2023461292695,2023,461292695,2,1,1,2,42,7,3,0,0,0,0,0,9,7,E01024037,3,1,0.0,1.0,-1,6,30,1,1,1,15:03,6,2,9
2023010456376,2023,010456376,1,1,3,1,86,11,2,6,9,0,0,0,0,4,E01003257,-1,0,1.0,0.0,-1,6,30,9,1,1,15:58,5,1,-1
2023010467943,2023,010467943,1,1,1,1,32,6,3,0,0,0,0,0,3,4,E01033579,-1,0,0.0,1.0,-1,6,30,1,1,1,09:34,7,2,3
2023010468212,2023,010468212,1,1,1,1,42,7,3,0,0,0,0,0,9,2,E01001448,-1,0,0.0,1.0,-1,6,30,1,4,1,23:30,6,2,9
2023552300759,2023,552300759,2,1,1,1,68,10,3,0,0,0,0,0,9,4,E01020394,-1,0,0.06365,0.93635,-1,6,40,1,1,1,11:45,4,2,9
2023041322224,2023,041322224,1,1,3,1,14,3,3,5,2,0,0,0,0,3,E01025069,3,1,0.0,1.0,-1,6,30,1,1,1,15:10,6,1,19
2023351357594,2023,351357594,2,1,1,1,73,10,3,0,0,0,0,0,1,7,E01018058,3,1,0.0,1.0,-1,6,40,1,1,1,14:52,2,2,1
2023101337309,2023,101337309,1,1,1,1,27,6,2,0,0,0,0,0,9,10,E01027494,6,1,1.0,0.0,-1,6,60,2,1,2,08:14,2,1,9
2023122300887,2023,122300887,1,2,2,2,79,11,3,0,0,1,0,0,9,4,E01012938,-1,0,0.03533,0.96467,-1,6,30,2,1,2,07:17,2,2,9
2023501347962,2023,501347962,2,1,1,2,42,7,3,0,0,0,0,0,9,5,E01033682,3,1,0.0,1.0,-1,6,60,1,1,2,18:00,6,2,9
2023991309403,2023,991309403,1,1,1,2,55,8,1,0,0,0,0,0,9,7,-1,1,1,0.0,0.0,-1,6,60,1,1,1,15:22,6,1,9
2023522300654,2023,522300654,1,2,2,2,24,5,3,0,0,0,4,0,11,2,E01014842,-1,0,0.02361,0.97639,-1,6,30,1,1,1,14:02,4,2,11
2023542022723,2023,542022723,6,2,1,1,62,9,3,0,0,0,0,0,19,10,E01015533,-1,0,0.04804,0.95196,-1,6,60,1,1,1,17:08,5,6,19
2023201283449,2023,201283449,2,1,1,1,25,5,2,0,0,0,0,0,97,5,E01009745,7,1,1.0,0.0,-1,6,30,2,1,2,06:50,6,2,97
2023101368410,2023,101368410,2,1,2,1,41,7,3,0,0,-1,0,0,9,3,E01008704,3,1,0.0,1.0,-1,6,40,2,4,2,20:13,1,2,9
2023340WN3322,2023,340WN3322,2,1,1,1,84,11,3,0,0,0,0,0,9,4,E01027142,-1,0,0.03405,0.96595,-1,7,70,1,1,1,11:15,7,2,9
2023991284586,2023,991284586,1,1,1,1,32,6,3,0,0,0,0,0,9,1,-1,3,1,0.0,1.0,-1,6,30,1,1,1,10:35,4,2,9
2023991295553,2023,991295553,1,1,1,2,84,11,3,0,0,0,0,0,9,4,-1,3,1,0.0,1.0,-1,6,60,1,1,1,09:31,6,1,9
2023010448718,2023,010448718,1,1,3,1,56,9,3,10,9,0,0,0,0,2,E01001826,-1,0,0.0,1.0,-1,9,30,9,1,9,12:45,2,1,9
2023010464436,2023,010464436,2,1,1,2,34,6,3,0,0,0,0,0,1,7,E01000169,-1,0,0.0,1.0,-1,3,20,1,1,1,17:54,4,2,1
2023131290577,2023,131290577,1,1,1,1,28,6,2,0,0,0,0,0,9,6,E01011074,5,1,1.0,0.0,-1,6,60,1,1,1,08:13,1,1,9
2023548440323,2023,548440323,1,1,1,1,21,5,3,0,0,0,0,0,9,6,E01031996,-1,0,0.04175,0.95825,-1,6,60,1,1,1,18:02,5,2,9
2023411281419,2023,411281419,1,1,3,2,40,7,2,1,1,0,0,0,0,-1,-1,7,1,1.0,0.0,-1,3,40,1,4,1,07:33,2,1,9
2023010434010,2023,010434010,2,2,1,1,38,7,3,0,0,0,0,0,9,5,E01033573,-1,0,0.0,1.0,-1,3,30,2,1,2,10:27,6,2,9
2023061318408,2023,061318408,2,1,1,-1,41,7,3,0,0,0,0,0,9,3,E01006073,3,1,0.0,1.0,-1,6,30,1,1,1,18:45,3,2,9
2023221303654,2023,221303654,1,1,1,1,36,7,3,0,0,0,0,0,9,9,E01025877,3,1,0.0,1.0,-1,6,60,1,1,1,13:53,6,1,9
2023320355913,2023,320355913,1,1,1,1,29,6,3,0,0,0,0,0,9,2,E01013284,-1,0,0.13027,0.86973,-1,6,60,1,1,1,21:15,7,1,9
2023351364593,2023,351364593,1,1,1,1,72,10,3,0,0,0,0,0,9,3,E01015613,3,1,0.0,1.0,-1,6,30,1,1,1,16:00,6,1,9
2023340NN2642,2023,340NN2642,2,2,1,2,29,6,3,0,0,0,0,0,9,1,E01027310,-1,0,0.0374,0.9626,-1,6,30,2,1,2,07:30,6,2,9
2023520400026,2023,520400026,2,1,1,1,83,11,3,0,0,0,0,0,9,7,E01020511,-1,0,0.05866,0.94134,-1,3,30,1,1,1,15:47,1,2,9
2023991316915,2023,991316915,2,1,1,1,49,8,2,0,0,0,0,0,1,9,-1,7,1,1.0,0.0,-1,6,20,8,1,1,14:57,6,2,1
2023070000399,2023,070000399,1,1,1,2,37,7,3,0,0,0,0,0,9,-1,-1,-1,0,0.05624,0.94376,-1,6,40,1,1,2,12:44,6,2,9
2023332300123,2023,332300123,1,1,1,1,39,7,3,0,0,0,0,0,9,10,E01025914,-1,0,0.05819,0.94181,-1,6,60,1,1,1,14:50,6,1,9
2023401298522,2023,401298522,2,1,1,2,33,6,3,0,0,0,0,0,9,5,E01015739,3,1,0.0,1.0,-1,6,20,8,1,1,15:00,1,2,9
2023631359100,2023,631359100,1,1,2,2,18,4,2,0,0,1,0,0,9,8,W01000444,7,1,1.0,0.0,-1,6,60,1,6,2,05:15,2,1,9
2023991296017,2023,991296017,2,2,2,2,57,9,3,0,0,1,0,0,9,7,-1,3,1,0.0,1.0,-1,3,70,1,1,1,15:20,4,3,9
2023131279554,2023,131279554,1,1,1,2,24,5,2,0,0,0,0,0,9,3,E01010761,7,1,1.0,0.0,-1,6,30,1,1,1,15:03,4,2,9
2023401339097,2023,401339097,2,2,1,1,38,7,3,0,0,0,0,0,9,4,E01003913,3,1,0.0,1.0,-1,7,70,1,1,1,09:38,6,5,9
2023991324889,2023,991324889,3,5,2,1,19,4,3,0,0,2,0,0,9,1,-1,3,1,0.0,1.0,-1,3,60,1,4,2,02:05,1,6,9
2023471354443,2023,471354443,1,1,3,2,73,10,2,10,9,0,0,0,0,9,E01031685,7,1,1.0,0.0,-1,2,20,2,1,2,12:10,3,1,9
2023320570532,2023,320570532,1,1,1,1,65,9,3,0,0,0,0,0,5,1,E01007367,-1,0,0.18243,0.81757,-1,6,30,1,1,1,15:00,4,1,5
2023010452683,2023,010452683,2,2,2,2,53,8,3,0,0,1,0,0,9,9,E01021946,-1,0,0.0,1.0,-1,6,30,1,1,1,19:26,7,2,9
2023061326402,2023,061326402,1,2,2,1,19,4,3,0,0,2,0,0,9,1,E01010830,3,1,0.0,1.0,-1,6,60,1,6,2,02:36,5,1,9
2023471340103,2023,471340103,2,1,1,2,22,5,3,0,0,0,0,0,9,8,E01031535,3,1,0.0,1.0,-1,6,50,1,1,1,17:00,6,3,9
2023010432885,2023,010432885,1,1,2,2,65,9,3,0,0,0,3,0,11,3,E01001111,-1,0,0.0,1.0,-1,6,30,2,1,2,13:50,7,1,11
2023401369027,2023,401369027,1,2,2,1,11,3,3,0,0,2,0,0,9,7,E01015695,3,1,0.0,1.0,-1,1,30,1,4,1,18:24,5,2,9
2023010431689,2023,010431689,1,1,3,1,51,8,3,5,3,0,0,0,0,3,E01003575,-1,0,0.0,1.0,-1,6,30,8,4,2,21:07,7,1,9
2023131339147,2023,131339147,1,1,3,1,34,6,2,1,1,0,0,2,0,1,E01011349,7,1,1.0,0.0,-1,3,40,1,1,1,20:12,2,1,11
2023451300803,2023,451300803,2,1,1,1,19,4,3,0,0,0,0,0,1,-1,-1,3,1,0.0,1.0,-1,3,40,1,1,1,13:10,3,2,1
2023430315976,2023,430315976,2,1,1,1,42,7,3,0,0,0,0,0,5,10,E01028801,-1,0,0.13879,0.86121,-1,6,30,1,1,1,07:30,2,2,5
2023991363349,2023,991363349,2,1,1,1,28,6,3,0,0,0,0,0,3,4,-1,3,1,0.0,1.0,-1,6,30,1,5,2,07:50,2,2,3
2023010471467,2023,010471467,1,1,1,2,24,5,3,0,0,0,0,0,9,8,E01023470,-1,0,0.0,1.0,-1,6,20,2,4,2,00:15,5,1,9
2023041290606,2023,041290606,1,1,2,2,78,11,3,0,0,1,0,0,9,4,E01007513,3,1,0.0,1.0,-1,6,30,1,1,1,10:20,1,2,9
2023201320780,2023,201320780,2,5,2,2,64,9,2,0,0,1,0,0,9,-1,-1,7,1,1.0,0.0,-1,6,30,1,7,2,18:07,2,3,9
2023201330112,2023,201330112,1,1,1,1,26,6,3,0,0,0,0,0,9,1,E01009325,3,1,0.0,1.0,-1,6,30,1,4,2,02:10,1,2,9
2023302301640,2023,302301640,2,1,1,2,32,6,3,0,0,0,0,0,9,4,E01019824,-1,0,0.00891,0.99109,-1,6,30,1,1,1,08:30,4,2,9
2023320638881,2023,320638881,1,1,1,1,24,5,3,0,0,0,0,0,9,1,E01015604,-1,0,0.1209,0.8791,-1,6,60,8,6,2,23:46,6,1,9
2023461376876,2023,461376876,1,1,1,1,19,4,3,0,0,0,0,0,9,6,E01024436,3,1,0.0,1.0,-1,6,30,2,4,2,04:00,1,1,9
2023411454255,2023,411454255,2,3,2,1,44,7,3,0,0,1,0,0,9,10,E01023966,3,1,0.0,1.0,-1,6,60,1,6,2,01:01,1,2,9
2023421276186,2023,421276186,2,1,1,2,28,6,3,0,0,0,0,0,9,3,E01021594,3,1,0.0,1.0,-1,6,40,1,1,4,10:05,1,2,9
2023631341623,2023,631341623,2,1,1,2,54,8,3,0,0,0,0,0,9,5,W01000617,3,1,0.0,1.0,-1,1,60,1,1,1,17:45,2,3,9
2023332301266,2023,332301266,1,1,3,1,18,4,2,5,1,0,0,0,0,4,E01025918,-1,0,1.0,0.0,-1,6,30,1,1,1,08:41,6,1,9
2023552300736,2023,552300736,1,1,1,1,21,5,3,0,0,0,0,0,3,1,E01020555,-1,0,0.07381,0.92619,-1,1,30,1,1,1,09:19,1,1,3
2023070772801,2023,070772801,2,1,1,2,19,4,3,0,0,0,0,0,5,8,E01018341,-1,0,0.10493,0.89507,-1,6,30,1,1,1,09:55,7,2,5
2023361353454,2023,361353454,2,1,1,1,11,3,3,0,0,0,0,0,1,1,E01026690,3,1,0.0,1.0,-1,6,30,1,1,1,08:25,4,2,1
2023122300886,2023,122300886,1,2,2,1,75,10,3,0,0,1,0,0,9,7,E01027571,-1,0,0.14475,0.85525,-1,6,60,1,1,1,14:45,6,1,9
2023141365463,2023,141365463,2,3,1,1,20,4,2,0,0,0,0,0,9,-1,-1,7,1,1.0,0.0,-1,6,30,2,1,2,15:33,6,3,9
2023411303419,2023,411303419,1,1,1,2,25,5,3,0,0,0,0,0,9,10,E01023363,3,1,0.0,1.0,-1,6,30,1,4,1,19:16,5,3,9
2023631390831,2023,631390831,1,1,1,2,40,7,3,0,0,0,0,0,9,9,W01000611,3,1,0.0,1.0,-1,6,20,1,4,2,17:00,4,1,9
2023991293387,2023,991293387,2,1,2,1,20,4,3,0,0,1,0,0,9,-1,-1,3,1,0.0,1.0,-1,6,60,8,1,1,18:30,2,2,9
2023440098998,2023,440098998,1,1,2,1,20,4,3,0,0,0,0,0,3,2,E01022655,-1,0,0.18847,0.81153,-1,6,30,1,4,2,23:30,7,1,3
2023340NN3042,2023,340NN3042,1,1,1,1,19,4,3,0,0,0,0,0,4,8,E01027087,-1,0,0.13551,0.86449,-1,6,30,1,1,1,13:30,7,2,4
2023070497851,2023,070497851,2,2,2,1,70,10,2,0,0,1,0,0,9,4,E01005116,-1,0,1.0,0.0,-1,6,60,1,1,1,13:30,6,2,9
2023141347968,2023,141347968,1,2,2,2,58,9,3,0,0,1,0,0,9,1,E01007317,3,1,0.0,1.0,-1,6,30,1,1,1,14:00,7,2,9
2023501283244,2023,501283244,1,1,1,2,44,7,3,0,0,0,0,0,9,4,E01018941,3,1,0.0,1.0,-1,6,60,5,1,2,07:36,7,1,9
2023010452773,2023,010452773,2,1,1,2,37,7,3,0,0,0,0,0,9,2,E01003932,-1,0,0.0,1.0,-1,6,20,1,1,1,14:50,1,2,9
2023201403100,2023,201403100,1,2,2,2,10,2,3,0,0,2,0,0,9,3,E01029397,3,1,0.0,1.0,-1,6,30,1,1,1,19:37,3,2,9
2023451297885,2023,451297885,1,1,1,1,43,7,2,0,0,0,0,0,98,5,E01022957,7,1,1.0,0.0,-1,6,40,1,1,1,09:15,3,1,98
2023481398763,2023,481398763,1,1,3,2,35,6,3,1,1,0,0,0,0,-1,-1,3,1,0.0,1.0,-1,6,20,1,4,1,07:05,4,1,1
2023161283741,2023,161283741,1,1,1,2,41,7,3,0,0,0,0,0,1,5,E01012773,3,1,0.0,1.0,-1,6,30,1,1,1,09:15,3,2,1
2023201392502,2023,201392502,2,1,1,1,29,6,3,0,0,0,0,0,4,1,E01009074,3,1,0.0,1.0,-1,6,20,1,4,2,19:09,2,2,4
2023141357756,2023,141357756,1,1,3,1,74,10,2,8,1,0,0,0,0,-1,-1,7,1,1.0,0.0,-1,6,30,1,1,1,12:16,6,1,1
2023101391914,2023,101391914,2,1,2,1,81,11,3,0,0,1,0,0,9,-1,-1,3,1,0.0,1.0,-1,3,30,1,4,1,20:45,4,2,9
2023061283897,2023,061283897,2,2,2,1,18,4,3,0,0,0,0,0,19,-1,-1,3,1,0.0,1.0,-1,3,30,1,4,-1,23:10,1,2,19
2023201448008,2023,201448008,2,2,1,1,53,8,3,0,0,0,0,0,9,10,E01029678,3,1,0.0,1.0,-1,3,30,1,4,1,23:08,7,2,9
2023201461712,2023,201461712,1,2,2,1,-1,-1,3,0,0,0,0,0,9,-1,-1,3,1,0.0,1.0,-1,6,30,1,4,1,01:01,3,2,9
2023371367410,2023,371367410,1,1,1,2,55,8,3,0,0,0,0,0,9,8,E01030089,3,1,0.0,1.0,-1,6,60,1,1,1,08:39,6,2,9
2023451372664,2023,451372664,1,1,1,1,57,9,3,0,0,0,0,0,9,8,E01031411,3,1,0.0,1.0,-1,6,50,1,1,2,14:52,5,2,9
2023461268445,2023,461268445,1,1,1,1,37,7,3,0,0,0,0,0,9,8,E01024255,3,1,0.0,1.0,-1,3,70,1,1,2,07:47,2,2,9
2023061337829,2023,061337829,1,1,3,2,25,5,2,1,3,0,0,0,0,6,E01005010,7,1,1.0,0.0,-1,7,30,2,4,2,01:26,1,1,9
2023471380511,2023,471380511,2,1,1,1,50,8,2,0,0,0,0,0,1,9,E01031769,5,1,1.0,0.0,-1,6,30,1,1,2,06:45,4,2,1
2023131374138,2023,131374138,1,1,1,1,54,8,3,0,0,0,0,0,9,1,E01011133,3,1,0.0,1.0,-1,3,70,5,4,2,18:00,2,4,9
2023141382031,2023,141382031,3,3,1,1,24,5,2,0,0,0,0,0,9,7,E01007664,7,1,1.0,0.0,-1,6,60,2,1,2,13:36,1,3,9
2023201303531,2023,201303531,2,1,2,2,24,5,3,0,0,1,0,0,9,2,E01008881,3,1,0.0,1.0,-1,1,30,1,1,1,17:20,6,2,9
2023991327400,2023,991327400,1,1,1,1,78,11,3,0,0,0,0,0,9,-1,-1,3,1,0.0,1.0,-1,6,40,1,1,1,20:40,6,2,9
2023141280217,2023,141280217,1,3,3,2,12,3,3,9,9,0,0,0,0,1,E01007500,3,1,0.0,1.0,-1,6,30,1,1,1,15:17,6,2,97