collision_index,collision_year,collision_ref_no,vehicle_reference,casualty_reference,casualty_class,sex_of_casualty,age_of_casualty,age_band_of_casualty,casualty_severity,pedestrian_location,pedestrian_movement,car_passenger,bus_or_coach_passenger,pedestrian_road_maintenance_worker,casualty_type,casualty_imd_decile,lsoa_of_casualty,enhanced_casualty_severity,casualty_injury_based,casualty_adjusted_severity_serious,casualty_adjusted_severity_slight,casualty_distance_banding,road_type,speed_limit,weather_conditions,light_conditions,road_surface_conditions,time,day_of_week,number_of_vehicles,vehicle_type
2023131312623,2023,131312623,1,1,1,1,38,7,3,0,0,0,0,0,9,2,E01011914,3,1,0.0,1.0,-1,6,30,1,4,1,23:08,2,3,9
2023201324515,2023,201324515,2,2,1,1,53,8,3,0,0,0,0,0,9,1,E01033187,3,1,0.0,1.0,-1,6,30,1,1,1,07:50,4,2,9
2023201384004,2023,201384004,2,1,1,1,59,9,3,0,0,0,0,0,9,1,E01009893,3,1,0.0,1.0,-1,6,30,1,1,1,11:45,1,2,9
2023440147628,2023,440147628,2,1,1,1,28,6,3,0,0,0,0,0,9,6,E01030973,-1,0,0.08556,0.91444,-1,3,60,1,1,1,17:11,7,2,9
2023131330713,2023,131330713,2,2,1,2,56,9,3,0,0,0,0,0,9,7,E01010933,3,1,0.0,1.0,-1,6,30,2,1,2,14:45,3,3,9
2023201309196,2023,201309196,2,1,1,2,49,8,3,0,0,0,0,0,9,9,E01010255,3,1,0.0,1.0,-1,3,30,1,1,1,17:00,1,2,9
2023231329403,2023,231329403,2,1,2,1,29,6,3,0,0,1,0,0,9,10,E01031313,3,1,0.0,1.0,-1,3,50,1,1,1,15:35,5,2,9
2023070142889,2023,070142889,1,1,1,1,64,9,3,0,0,0,0,0,1,4,E01018647,-1,0,0.21475,0.78525,-1,6,60,1,1,2,10:15,7,2,1
2023340WN5622,2023,340WN5622,2,1,1,1,23,5,2,0,0,0,0,0,1,1,E01027153,-1,0,1.0,0.0,-1,6,20,1,4,1,00:09,3,2,1
2023430404710,2023,430404710,2,1,1,1,42,7,3,0,0,0,0,0,9,9,E01028660,-1,0,0.04087,0.95913,-1,6,30,1,6,2,19:20,7,2,9
2023522301434,2023,522301434,1,1,1,2,29,6,3,0,0,0,0,0,9,-1,-1,-1,0,0.02184,0.97816,-1,6,30,1,1,1,18:47,7,2,9
2023122300090,2023,122300090,1,1,1,1,56,9,3,0,0,0,0,0,5,4,E01008814,-1,0,0.15198,0.84802,-1,6,30,1,1,2,12:12,1,1,5
2023122300681,2023,122300681,1,1,1,1,54,8,3,0,0,0,0,0,5,7,E01025130,-1,0,0.21546,0.78454,-1,6,60,1,1,1,14:00,1,1,5
2023041304681,2023,041304681,2,1,1,1,30,6,3,0,0,0,0,0,9,1,E01025151,3,1,0.0,1.0,-1,6,30,1,1,1,11:15,7,2,9
2023010458858,2023,010458858,1,1,1,1,54,8,3,0,0,0,0,0,19,8,E01000653,-1,0,0.0,1.0,-1,3,20,1,1,1,10:28,6,2,19
2023471391214,2023,471391214,2,1,1,1,25,5,2,0,0,0,0,0,-1,3,E01021062,7,1,1.0,0.0,-1,6,30,1,4,1,16:20,5,2,-1
2023122400220,2023,122400220,1,2,2,2,0,1,3,0,0,2,0,0,9,9,E01027783,-1,0,0.07769,0.92231,-1,6,60,1,1,1,08:50,2,1,9
2023131308083,2023,131308083,2,3,1,2,53,8,3,0,0,0,0,0,9,1,E01010631,3,1,0.0,1.0,-1,6,30,1,1,1,11:55,3,2,9
2023622300915,2023,622300915,1,2,2,2,25,5,3,0,0,1,0,0,9,4,W01000893,-1,0,0.07976,0.92024,-1,6,20,1,1,2,14:58,3,1,9
202363A037723,2023,63A037723,2,1,2,2,45,7,3,0,0,1,0,0,9,-1,-1,-1,0,0.01291,0.98709,-1,1,30,1,1,1,14:54,5,2,9
2023991283648,2023,991283648,2,1,2,1,5,1,1,0,0,2,0,0,9,4,-1,1,1,0.0,0.0,-1,6,60,1,1,2,09:05,2,3,9
2023311346230,2023,311346230,2,1,1,1,17,4,3,0,0,0,0,0,1,10,E01028397,3,1,0.0,1.0,-1,6,30,1,5,1,22:30,2,2,1
2023332300792,2023,332300792,1,3,2,1,10,2,3,0,0,2,0,0,9,1,E01013640,-1,0,0.00217,0.99783,-1,3,30,1,1,1,17:10,2,2,9
2023161333278,2023,161333278,2,1,1,2,36,7,3,0,0,0,0,0,1,5,E01012910,3,1,0.0,1.0,-1,6,30,1,1,1,17:53,4,3,1
2023622300770,2023,622300770,2,2,1,1,38,7,3,0,0,0,0,0,1,6,W01000959,-1,0,0.05241,0.94759,-1,6,30,9,1,1,13:30,1,2,1
2023351333052,2023,351333052,1,1,3,1,11,3,3,5,9,0,0,0,0,9,E01033173,3,1,0.0,1.0,-1,6,30,1,1,-1,12:50,1,1,9
2023010445031,2023,010445031,2,1,1,1,31,6,3,0,0,0,0,0,1,-1,-1,-1,0,0.0,1.0,-1,6,20,1,1,1,09:20,5,2,1
2023010428004,2023,010428004,1,4,2,2,21,5,3,0,0,2,0,0,9,4,E01002549,-1,0,0.0,1.0,-1,2,20,8,4,1,00:00,6,2,9
2023010430166,2023,010430166,1,1,2,2,29,6,3,0,0,1,0,0,9,4,E01030749,-1,0,0.0,1.0,-1,1,30,1,4,1,21:53,5,2,9
2023231305810,2023,231305810,1,1,1,1,23,5,2,0,0,0,0,0,9,4,E01009590,7,1,1.0,0.0,-1,6,50,1,1,1,19:29,3,2,9
2023552301474,2023,552301474,1,2,2,2,36,7,3,0,0,2,0,0,9,6,E01020493,-1,0,0.08734,0.91266,-1,6,60,5,1,5,14:34,5,1,9
2023991290648,2023,991290648,1,1,1,1,46,8,2,0,0,0,0,0,3,3,-1,5,1,1.0,0.0,-1,6,60,1,1,1,15:30,1,1,3
202363D030123,2023,63D030123,1,1,1,1,71,10,3,0,0,0,0,0,4,-1,-1,-1,0,0.30941,0.69059,-1,6,60,1,1,1,14:55,2,1,4
2023320625459,2023,320625459,2,1,1,1,13,3,3,0,0,0,0,0,1,4,E01026248,-1,0,0.13511,0.86489,-1,6,30,1,1,1,14:00,1,2,1
2023101288428,2023,101288428,4,4,1,1,64,9,3,0,0,0,0,0,9,8,E01008560,3,1,0.0,1.0,-1,6,60,1,1,1,14:47,7,4,9
2023201372458,2023,201372458,2,2,1,2,33,6,3,0,0,0,0,0,9,9,E01029523,3,1,0.0,1.0,-1,6,30,8,1,1,09:20,3,2,9
2023201393219,2023,201393219,1,1,1,1,25,5,3,0,0,0,0,0,9,2,E01009090,3,1,0.0,1.0,-1,6,30,2,1,2,13:07,7,2,9
2023340WN5722,2023,340WN5722,1,1,1,1,19,4,2,0,0,0,0,0,9,-1,-1,-1,0,1.0,0.0,-1,6,60,1,4,1,05:25,7,1,9
2023451341372,2023,451341372,1,1,1,1,86,11,3,0,0,0,0,0,9,9,E01004133,3,1,0.0,1.0,-1,6,30,1,1,1,17:55,1,2,9
202360A030708,2023,60A030708,1,1,1,2,20,4,3,0,0,0,0,0,9,-1,-1,-1,0,0.05763,0.94237,-1,6,40,2,4,2,21:55,4,2,9
2023061383203,2023,061383203,1,1,3,2,46,8,3,1,9,0,0,0,0,3,E01006325,3,1,0.0,1.0,-1,6,20,1,4,1,13:55,5,1,1
2023131280529,2023,131280529,1,1,3,1,34,6,2,5,3,0,0,2,0,6,E01010581,5,1,1.0,0.0,-1,6,30,1,4,1,20:20,7,1,9
2023010482001,2023,010482001,2,1,1,1,22,5,3,0,0,0,0,0,1,2,E01003994,-1,0,0.0,1.0,-1,6,20,2,4,2,18:00,2,2,1
2023440061455,2023,440061455,1,2,2,2,16,4,3,0,0,1,0,0,9,7,E01023159,-1,0,0.09162,0.90838,-1,6,60,1,6,1,18:53,2,1,9
2023461323457,2023,461323457,2,2,1,2,37,7,3,0,0,0,0,0,9,6,E01024071,3,1,0.0,1.0,-1,6,30,1,1,1,18:10,4,2,9
2023221293177,2023,221293177,1,1,1,1,32,6,3,0,0,0,0,0,9,3,E01009883,3,1,0.0,1.0,-1,6,30,1,4,1,22:02,1,2,9
2023430133042,2023,430133042,1,1,1,1,31,6,3,0,0,0,0,0,9,3,E01017712,-1,0,0.10273,0.89727,-1,6,60,1,6,1,21:56,7,2,9
2023531393252,2023,531393252,2,1,1,1,42,7,2,0,0,0,0,0,9,9,E01032341,5,1,1.0,0.0,-1,6,60,1,1,1,14:05,6,2,9
2023010425758,2023,010425758,1,1,1,1,28,6,3,0,0,0,0,0,9,2,E01003390,-1,0,0.0,1.0,-1,6,20,1,4,1,21:20,2,1,9
2023201401807,2023,201401807,1,1,1,1,28,6,3,0,0,0,0,0,9,1,E01009376,3,1,0.0,1.0,-1,6,20,1,1,1,16:38,7,2,9
2023302300221,2023,302300221,2,2,1,2,51,8,3,0,0,0,0,0,9,3,E01019777,-1,0,0.0267,0.9733,-1,6,30,1,4,1,20:40,2,2,9
2023610024423,2023,610024423,1,1,1,2,33,6,3,0,0,0,0,0,9,7,W01001515,-1,0,0.02807,0.97193,-1,1,50,1,1,1,10:15,5,2,9
2023052301689,2023,052301689,1,1,3,2,5,1,3,9,6,0,0,0,0,1,E01006981,-1,0,0.17411,0.82589,-1,6,20,1,1,1,21:10,1,1,9
2023201416039,2023,201416039,1,2,3,2,-1,-1,3,9,5,0,0,2,0,-1,-1,3,1,0.0,1.0,-1,1,30,1,1,2,15:02,6,3,9
2023451282303,2023,451282303,1,1,3,1,52,8,2,6,9,0,0,0,0,6,E01030557,7,1,1.0,0.0,-1,9,30,9,4,1,20:09,4,1,19
2023141272548,2023,141272548,2,1,2,1,12,3,3,0,0,1,0,0,9,6,E01007706,3,1,0.0,1.0,-1,6,40,1,1,1,12:00,1,2,9
2023010446081,2023,010446081,1,2,2,2,29,6,3,0,0,1,0,0,9,2,E01001550,-1,0,0.0,1.0,-1,6,40,1,4,1,22:07,3,2,9
2023991321027,2023,991321027,1,3,1,1,57,9,2,0,0,0,0,0,9,3,-1,7,1,1.0,0.0,-1,6,20,8,1,1,20:20,7,2,9
2023010459213,2023,010459213,1,1,1,2,27,6,3,0,0,0,0,0,1,7,E01002653,-1,0,0.0,1.0,-1,9,40,2,4,2,22:45,7,1,1
2023010429571,2023,010429571,1,1,3,2,26,6,3,6,9,0,0,0,0,3,E01001360,-1,0,0.0,1.0,-1,6,20,1,4,1,20:00,2,1,-1
2023552400141,2023,552400141,1,1,3,2,50,8,3,5,3,0,0,0,0,5,E01020364,-1,0,0.14761,0.85239,-1,6,30,1,4,2,22:27,3,1,9
2023010480018,2023,010480018,1,1,2,1,24,5,2,0,0,0,0,0,19,3,E01003221,-1,0,1.0,0.0,-1,6,20,1,4,1,23:35,6,1,19
2023052301387,2023,052301387,1,1,3,1,6,2,3,6,9,0,0,0,0,1,E01007120,-1,0,0.03357,0.96643,-1,6,30,1,1,1,08:40,5,1,9
2023531366616,2023,531366616,1,1,3,2,65,9,3,8,8,0,0,0,0,7,E01022287,3,1,0.0,1.0,-1,6,30,1,1,1,12:50,2,1,9
2023401351642,2023,401351642,2,1,1,1,41,7,3,0,0,0,0,0,1,-1,-1,3,1,0.0,1.0,-1,3,30,1,4,1,01:05,2,2,1
2023520400956,2023,520400956,1,1,1,1,57,9,2,0,0,0,0,0,5,6,E01029125,-1,0,1.0,0.0,-1,6,40,1,1,4,11:30,7,1,5
2023221356812,2023,221356812,1,1,2,2,49,8,2,0,0,2,0,0,8,1,E01014165,5,1,1.0,0.0,-1,6,30,1,1,2,12:31,4,1,8
2023211384472,2023,211384472,2,1,1,2,63,9,3,0,0,0,0,0,9,6,E01020207,3,1,0.0,1.0,-1,6,60,1,4,1,16:20,6,2,9
2023371284430,2023,371284430,1,1,2,2,36,7,2,0,0,1,0,0,9,2,E01021699,5,1,1.0,0.0,-1,6,60,3,1,2,08:16,4,2,9
2023430555775,2023,430555775,1,1,1,2,23,5,3,0,0,0,0,0,9,8,E01033501,-1,0,0.01451,0.98549,-1,6,60,2,1,2,08:25,5,2,9
2023522300657,2023,522300657,1,1,1,2,41,7,3,0,0,0,0,0,9,3,E01014566,-1,0,0.01596,0.98404,-1,3,40,1,4,1,02:42,1,2,9
2023010424141,2023,010424141,1,1,1,1,35,6,3,0,0,0,0,0,1,4,E01033730,-1,0,0.0,1.0,-1,6,30,1,1,1,10:21,1,2,1
2023010444821,2023,010444821,3,1,1,2,39,7,2,0,0,0,0,0,1,6,E01002113,-1,0,1.0,0.0,-1,6,30,1,1,1,08:10,4,3,1
2023041332532,2023,041332532,2,1,1,1,19,4,3,0,0,0,0,0,1,4,E01024933,3,1,0.0,1.0,-1,3,30,1,1,1,06:32,2,2,1
2023161325327,2023,161325327,1,1,1,1,55,8,3,0,0,0,0,0,1,1,E01012873,3,1,0.0,1.0,-1,6,30,1,1,1,18:33,5,2,1
2023320721188,2023,320721188,1,1,2,2,75,10,3,0,0,1,0,0,9,1,E01026112,-1,0,0.05609,0.94391,-1,6,30,1,1,1,09:50,3,2,9
2023451318311,2023,451318311,2,2,2,2,15,3,3,0,0,2,0,0,9,7,E01030515,3,1,0.0,1.0,-1,3,70,1,4,1,21:21,3,2,9
2023010434023,2023,010434023,2,2,1,1,23,5,3,0,0,0,0,0,19,2,E01001181,-1,0,0.0,1.0,-1,6,30,1,4,2,18:50,6,2,19
2023351315105,2023,351315105,1,1,1,1,57,9,3,0,0,0,0,0,1,7,E01018125,3,1,0.0,1.0,-1,3,70,1,1,1,15:35,6,2,1
2023421312285,2023,421312285,2,1,1,1,65,9,3,0,0,0,0,0,4,-1,-1,3,1,0.0,1.0,-1,1,30,1,1,1,08:04,4,2,4
2023141311169,2023,141311169,1,2,2,1,-1,-1,3,0,0,1,0,0,9,8,E01007713,3,1,0.0,1.0,-1,6,40,1,1,1,19:51,4,3,9
2023201320132,2023,201320132,2,1,1,2,33,6,3,0,0,0,0,0,9,2,E01009495,3,1,0.0,1.0,-1,6,30,1,1,1,11:15,4,2,9
2023332300528,2023,332300528,1,1,1,2,27,6,3,0,0,0,0,0,9,3,E01025949,-1,0,0.02905,0.97095,-1,6,50,1,1,1,08:20,5,2,9
2023351293670,2023,351293670,2,2,1,2,41,7,3,0,0,0,0,0,9,10,E01018134,3,1,0.0,1.0,-1,6,60,2,1,2,11:23,4,2,9
2023541945023,2023,541945023,1,1,1,1,42,7,3,0,0,0,0,0,9,8,E01032044,-1,0,0.05917,0.94083,-1,6,60,1,1,1,17:06,3,2,9
2023552301363,2023,552301363,1,1,1,1,36,7,3,0,0,0,0,0,19,6,E01015363,-1,0,0.0781,0.9219,-1,6,30,1,7,1,00:35,7,1,19
2023311287954,2023,311287954,1,3,2,2,46,8,3,0,0,1,0,0,9,2,E01013908,3,1,0.0,1.0,-1,6,30,1,1,1,15:51,6,2,9
2023471318180,2023,471318180,2,2,2,1,7,2,3,0,0,2,0,0,9,2,E01000030,3,1,0.0,1.0,-1,3,30,1,1,1,12:18,2,2,9
2023010465182,2023,010465182,2,1,1,1,49,8,2,0,0,0,0,0,1,6,E01001347,-1,0,1.0,0.0,-1,6,20,1,1,1,17:44,1,2,1
2023010446376,2023,010446376,1,1,1,1,20,4,3,0,0,0,0,0,3,5,E01000996,-1,0,0.0,1.0,-1,9,20,9,1,9,16:17,4,2,3
2023411293304,2023,411293304,2,1,1,1,45,7,2,0,0,0,0,0,5,4,E01023861,7,1,1.0,0.0,-1,6,30,2,1,2,08:10,3,2,5
2023311381738,2023,311381738,2,1,2,1,24,5,3,0,0,1,0,0,9,9,E01028264,3,1,0.0,1.0,-1,6,30,1,1,4,11:28,7,2,9
2023991391954,2023,991391954,1,1,3,2,82,11,2,5,1,0,0,0,0,10,-1,6,1,1.0,0.0,-1,6,20,1,1,2,11:32,1,1,9
2023010472929,2023,010472929,1,1,1,1,33,6,3,0,0,0,0,0,3,2,E01003196,-1,0,0.0,1.0,-1,9,30,9,1,9,16:30,3,2,3
2023010484170,2023,010484170,1,1,1,-1,33,6,3,0,0,0,0,0,3,1,E01001559,-1,0,0.0,1.0,-1,9,20,9,1,9,13:10,5,2,3
2023122300328,2023,122300328,2,2,1,1,32,6,2,0,0,0,0,0,9,3,E01027625,-1,0,1.0,0.0,-1,6,60,1,6,2,22:46,5,2,9
2023141305841,2023,141305841,1,1,1,2,22,5,3,0,0,0,0,0,9,4,E01008000,3,1,0.0,1.0,-1,6,30,1,1,1,16:30,7,3,9
2023340NN1942,2023,340NN1942,2,1,1,1,31,6,3,0,0,0,0,0,9,4,E01027126,-1,0,0.01049,0.98951,-1,6,30,1,4,1,04:30,4,2,9
2023351287532,2023,351287532,2,2,1,2,34,6,3,0,0,0,0,0,9,1,E01018103,3,1,0.0,1.0,-1,6,30,1,1,-1,16:25,1,2,9
2023440367302,2023,440367302,1,2,2,1,42,7,3,0,0,1,0,0,9,7,E01002154,-1,0,0.10253,0.89747,-1,3,70,1,1,1,11:20,7,2,9
2023451284878,2023,451284878,3,1,1,1,24,5,3,0,0,0,0,0,9,10,E01030998,3,1,0.0,1.0,-1,6,40,2,1,2,08:24,5,4,9
202360A008172,2023,60A008172,1,1,1,1,43,7,2,0,0,0,0,0,21,-1,-1,-1,0,1.0,0.0,-1,6,60,6,6,4,05:30,4,1,21
2023411355909,2023,411355909,1,1,1,1,28,6,1,0,0,0,0,0,9,9,E01023728,1,1,0.0,0.0,-1,6,60,1,6,1,19:50,1,1,9
2023421297138,2023,421297138,1,1,1,1,34,6,3,0,0,0,0,0,9,2,E01021316,3,1,0.0,1.0,-1,6,30,8,4,2,23:47,7,2,9
2023430275163,2023,430275163,2,2,1,1,34,6,3,0,0,0,0,0,9,7,E01016402,-1,0,0.02673,0.97327,-1,6,30,1,1,1,14:35,5,3,9
2023302301290,2023,302301290,2,1,1,1,23,5,3,0,0,0,0,0,9,4,E01028133,-1,0,0.02662,0.97338,-1,6,40,1,1,1,15:10,1,2,9
2023320729508,2023,320729508,1,1,1,1,25,5,3,0,0,0,0,0,9,3,E01019807,-1,0,0.08468,0.91532,-1,6,60,1,6,2,16:50,7,2,9
2023440397405,2023,440397405,2,1,1,1,55,8,3,0,0,0,0,0,9,6,E01032010,-1,0,0.10469,0.89531,-1,6,60,1,1,1,09:03,6,3,9
2023332301097,2023,332301097,1,2,2,1,51,8,3,0,0,0,0,0,21,6,E01025863,-1,0,0.07527,0.92473,-1,6,60,8,1,2,08:59,3,1,21
2023010458724,2023,010458724,1,1,1,1,37,7,3,0,0,0,0,0,1,5,E01000277,-1,0,0.0,1.0,-1,6,30,1,1,1,09:28,5,2,1
2023010465009,2023,010465009,1,1,1,1,37,7,3,0,0,0,0,0,3,1,E01000508,-1,0,0.0,1.0,-1,6,20,1,1,1,15:53,7,3,3
2023131304879,2023,131304879,1,1,2,1,8,2,3,0,0,1,0,0,9,1,E01033693,3,1,0.0,1.0,-1,6,20,1,1,1,14:25,1,2,9
2023131355522,2023,131355522,1,1,1,1,31,6,3,0,0,0,0,0,9,7,E01010932,3,1,0.0,1.0,-1,3,70,1,4,1,21:36,6,2,9
2023552301435,2023,552301435,2,1,1,2,80,11,3,0,0,0,0,0,9,9,E01015432,-1,0,0.09289,0.90711,-1,6,30,1,1,1,13:00,3,3,9
2023010475581,2023,010475581,1,1,2,2,-1,-1,3,0,0,0,9,0,11,5,E01002636,-1,0,0.0,1.0,-1,1,20,2,1,9,16:03,5,1,11
2023401305338,2023,401305338,1,1,3,2,17,4,3,4,1,0,0,0,0,3,E01017400,3,1,0.0,1.0,-1,6,30,1,1,1,08:57,3,1,-1
2023061277579,2023,061277579,2,1,1,1,28,6,3,0,0,0,0,0,1,1,E01005766,3,1,0.0,1.0,-1,6,30,1,1,1,09:00,2,2,1
2023201367633,2023,201367633,2,1,1,1,55,8,2,0,0,0,0,0,1,5,E01010558,7,1,1.0,0.0,-1,1,30,1,1,1,11:45,6,2,1
2023520000946,2023,520000946,2,1,1,1,18,4,2,0,0,0,0,0,3,10,E01014395,-1,0,1.0,0.0,-1,6,30,1,1,1,17:03,3,2,3
2023052303089,2023,052303089,1,1,1,1,25,5,3,0,0,0,0,0,9,7,E01006800,-1,0,0.14589,0.85411,-1,6,20,1,4,1,00:00,5,5,9
2023131342833,2023,131342833,2,1,1,1,17,4,2,0,0,0,0,0,1,1,E01011739,7,1,1.0,0.0,-1,6,30,1,1,1,19:00,2,2,1
2023010455760,2023,010455760,1,1,1,2,27,6,3,0,0,0,0,0,3,2,E01001509,-1,0,0.0,1.0,-1,3,20,1,1,1,19:30,1,2,3
2023471291247,2023,471291247,2,1,1,1,22,5,3,0,0,0,0,0,3,4,E01016925,3,1,0.0,1.0,-1,6,20,1,1,1,18:00,4,2,3
2023522401031,2023,522401031,1,1,3,2,77,11,2,5,1,0,0,0,0,2,E01014601,-1,0,1.0,0.0,-1,6,30,1,1,1,13:58,2,1,23
2023320446142,2023,320446142,2,2,1,1,60,9,2,0,0,0,0,0,9,3,E01026140,-1,0,1.0,0.0,-1,6,60,1,1,2,08:08,4,3,9
2023461295685,2023,461295685,2,2,2,2,14,3,3,0,0,1,0,0,9,1,E01024390,3,1,0.0,1.0,-1,6,30,1,1,1,16:02,6,3,9
2023991322828,2023,991322828,1,1,1,2,25,5,3,0,0,0,0,0,9,1,-1,3,1,0.0,1.0,-1,3,30,1,1,1,18:30,7,2,9
202360A113533,2023,60A113533,1,1,1,1,18,4,2,0,0,0,0,0,3,-1,-1,-1,0,1.0,0.0,-1,6,30,2,1,2,06:09,4,1,3
2023052301296,2023,052301296,2,1,1,1,40,7,2,0,0,0,0,0,5,-1,-1,-1,0,1.0,0.0,-1,6,60,1,1,1,13:15,1,2,5
2023401325681,2023,401325681,2,1,1,1,23,5,3,0,0,0,0,0,9,2,E01015794,3,1,0.0,1.0,-1,6,60,1,1,1,18:36,6,3,9
2023610037623,2023,610037623,1,1,1,2,30,6,3,0,0,0,0,0,9,1,W01001386,-1,0,0.04256,0.95744,-1,1,30,1,1,1,16:12,5,2,9
2023411318634,2023,411318634,3,4,2,1,21,5,3,0,0,0,0,0,19,4,E01028343,3,1,0.0,1.0,-1,3,70,1,1,1,14:10,5,3,19
2023010465758,2023,010465758,1,2,3,1,58,9,3,5,1,0,0,0,0,4,E01001216,-1,0,0.0,1.0,-1,3,30,1,1,1,15:10,4,2,3
2023421356417,2023,421356417,1,1,1,1,28,6,3,0,0,0,0,0,3,8,E01021405,3,1,0.0,1.0,-1,3,70,1,1,1,07:26,3,2,3
2023340NN1702,2023,340NN1702,1,2,2,2,66,10,3,0,0,2,0,0,9,-1,-1,-1,0,0.17852,0.82148,-1,6,40,1,1,1,08:24,7,1,9
2023010451670,2023,010451670,1,1,1,1,63,9,3,0,0,0,0,0,9,1,E01001052,-1,0,0.0,1.0,-1,6,20,1,1,1,15:39,2,3,9
2023302300387,2023,302300387,1,1,1,1,86,11,2,0,0,0,0,0,9,9,E01019610,-1,0,1.0,0.0,-1,6,40,2,1,2,13:57,2,2,9
2023991333647,2023,991333647,1,1,1,2,75,10,2,0,0,0,0,0,9,6,-1,6,1,1.0,0.0,-1,6,60,1,1,1,09:40,2,2,9
2023010423379,2023,010423379,1,1,1,1,37,7,3,0,0,0,0,0,1,2,E01004455,-1,0,0.0,1.0,-1,6,20,1,4,1,07:00,3,2,1
2023201339652,2023,201339652,1,1,1,1,51,8,2,0,0,0,0,0,9,2,E01009254,6,1,1.0,0.0,-1,3,30,1,1,1,14:45,6,1,9
2023461351678,2023,461351678,2,1,1,2,43,7,3,0,0,0,0,0,9,4,E01024510,3,1,0.0,1.0,-1,6,30,1,1,1,16:00,1,3,9
2023991260655,2023,991260655,1,2,2,2,10,2,2,0,0,2,0,0,9,8,-1,7,1,1.0,0.0,-1,6,50,1,1,2,12:00,7,2,9
2023991296531,2023,991296531,2,6,2,2,32,6,3,0,0,1,0,0,9,7,-1,3,1,0.0,1.0,-1,6,60,1,1,1,15:26,1,2,9
2023122400082,2023,122400082,1,1,1,1,61,9,3,0,0,0,0,0,9,9,E01011712,-1,0,0.07199,0.92801,-1,6,40,4,1,2,10:48,2,2,9
2023010450632,2023,010450632,1,1,1,1,23,5,3,0,0,0,0,0,9,1,E01004222,-1,0,0.0,1.0,-1,6,20,1,4,1,03:00,5,1,9
2023430063272,2023,430063272,2,1,1,1,53,8,3,0,0,0,0,0,1,10,E01028681,-1,0,0.01775,0.98225,-1,6,30,1,1,2,08:30,6,2,1
2023411321584,2023,411321584,1,1,1,2,41,7,3,0,0,0,0,0,9,10,E01022647,3,1,0.0,1.0,-1,6,40,1,1,1,07:53,5,2,9
2023010456749,2023,010456749,1,1,3,1,35,6,2,5,3,0,0,0,0,4,E01001158,-1,0,1.0,0.0,-1,3,30,2,4,2,03:15,1,1,9
2023010436077,2023,010436077,1,1,1,1,31,6,3,0,0,0,0,0,3,4,E01004002,-1,0,0.0,1.0,-1,6,30,2,4,2,21:26,4,2,3
2023311398350,2023,311398350,1,1,1,1,39,7,2,0,0,0,0,0,9,3,E01013932,7,1,1.0,0.0,-1,6,30,1,1,1,11:42,3,2,9
2023440127473,2023,440127473,1,1,1,1,23,5,3,0,0,0,0,0,9,9,E01031880,-1,0,0.05788,0.94212,-1,6,60,2,1,2,10:24,6,2,9
2023440320387,2023,440320387,2,1,1,2,43,7,3,0,0,0,0,0,9,6,E01023023,-1,0,0.05722,0.94278,-1,3,70,1,1,1,09:48,4,2,9
2023430340020,2023,430340020,1,1,1,2,24,5,3,0,0,0,0,0,1,3,E01016555,-1,0,0.1153,0.8847,-1,1,40,1,1,2,12:30,2,2,1
2023170S10953,2023,170S10953,2,1,1,1,58,9,1,0,0,0,0,0,3,7,E01012207,-1,0,0.0,0.0,-1,6,30,1,4,1,21:58,5,2,3
2023991312440,2023,991312440,1,1,1,1,48,8,1,0,0,0,0,0,5,5,-1,1,1,0.0,0.0,-1,6,60,1,1,1,15:19,1,1,5
2023131301288,2023,131301288,2,1,2,1,44,7,3,0,0,1,0,0,9,4,E01011757,3,1,0.0,1.0,-1,6,50,8,1,1,13:15,4,2,9
2023010455678,2023,010455678,2,3,2,1,16,4,3,0,0,1,0,0,9,3,E01004355,-1,0,0.0,1.0,-1,6,20,1,1,1,13:57,2,3,9
2023361347053,2023,361347053,3,2,1,1,51,8,3,0,0,0,0,0,9,-1,-1,3,1,0.0,1.0,-1,6,40,1,1,1,07:20,5,4,9
2023052300120,2023,052300120,1,1,3,1,64,9,2,8,3,0,0,0,0,2,E01006744,-1,0,1.0,0.0,-1,6,20,9,7,2,18:20,6,1,9
2023141372691,2023,141372691,1,1,1,1,39,7,2,0,0,0,0,0,9,8,E01007527,5,1,1.0,0.0,-1,3,70,1,1,1,13:18,5,2,9
2023320650508,2023,320650508,2,1,1,2,29,6,3,0,0,0,0,0,9,8,E01026321,-1,0,0.00824,0.99176,-1,6,30,8,1,2,09:01,5,2,9
2023461282633,2023,461282633,1,1,1,1,25,5,3,0,0,0,0,0,9,3,E01024103,3,1,0.0,1.0,-1,6,30,1,1,1,15:21,7,1,9
2023471345998,2023,471345998,1,2,1,1,47,8,3,0,0,0,0,0,9,8,E01000659,3,1,0.0,1.0,-1,6,40,1,1,1,13:50,1,2,9
2023010450831,2023,010450831,1,1,3,2,60,9,3,5,3,0,0,0,0,7,E01001231,-1,0,0.0,1.0,-1,6,30,1,1,1,18:02,5,1,9
2023061263736,2023,061263736,1,1,3,1,-1,-1,2,1,1,0,0,-1,0,4,E01005712,7,1,1.0,0.0,-1,6,30,1,1,1,08:10,3,1,9
2023010474532,2023,010474532,1,1,1,2,25,5,3,0,0,0,0,0,3,-1,-1,-1,0,0.0,1.0,-1,6,20,1,1,1,14:53,7,2,3