collision_index,collision_year,collision_ref_no,vehicle_reference,casualty_reference,casualty_class,sex_of_casualty,age_of_casualty,age_band_of_casualty,casualty_severity,pedestrian_location,pedestrian_movement,car_passenger,bus_or_coach_passenger,pedestrian_road_maintenance_worker,casualty_type,casualty_imd_decile,lsoa_of_casualty,enhanced_casualty_severity,casualty_injury_based,casualty_adjusted_severity_serious,casualty_adjusted_severity_slight,casualty_distance_banding,road_type,speed_limit,weather_conditions,light_conditions,road_surface_conditions,time,day_of_week,number_of_vehicles,vehicle_type
2023461353891,2023,461353891,2,1,1,1,66,10,2,0,0,0,0,0,3,10,E01024632,7,1,1.0,0.0,-1,6,30,1,1,1,09:04,5,2,3
2023111295303,2023,111295303,1,1,1,1,20,4,3,0,0,0,0,0,9,4,E01012340,3,1,0.0,1.0,-1,6,60,1,1,2,19:18,5,2,9
2023131350321,2023,131350321,1,1,3,1,52,8,3,9,7,0,0,2,0,8,E01010937,3,1,0.0,1.0,-1,6,60,1,1,1,10:20,6,1,9
2023991351467,2023,991351467,1,1,3,2,84,11,3,5,2,0,0,0,0,4,-1,3,1,0.0,1.0,-1,6,30,1,1,1,13:40,5,1,9
2023041308588,2023,041308588,2,1,1,1,29,6,3,0,0,0,0,0,1,1,E01012595,3,1,0.0,1.0,-1,6,20,1,1,2,14:37,5,2,1
2023131365376,2023,131365376,2,1,1,2,17,4,3,0,0,0,0,0,2,5,E01011733,3,1,0.0,1.0,-1,6,30,2,1,2,13:22,6,2,2
2023010429186,2023,010429186,2,1,1,2,42,7,3,0,0,0,0,0,9,6,E01017898,-1,0,0.0,1.0,-1,3,40,1,4,1,00:43,1,3,9
2023201354375,2023,201354375,1,3,2,2,13,3,2,0,0,2,0,0,9,1,E01009073,6,1,1.0,0.0,-1,6,30,1,1,1,15:28,5,3,9
2023311270122,2023,311270122,1,1,2,1,81,11,3,0,0,0,2,0,11,-1,-1,3,1,0.0,1.0,-1,6,30,1,1,1,09:24,2,1,11
2023141392071,2023,141392071,1,1,3,2,9,2,3,5,1,0,0,0,0,3,E01032550,3,1,0.0,1.0,-1,6,30,4,1,1,14:20,1,1,9
2023201289360,2023,201289360,1,1,3,1,33,6,3,6,9,0,0,2,0,6,E01009531,3,1,0.0,1.0,-1,3,30,3,1,3,08:30,5,1,-1
2023471368942,2023,471368942,1,1,3,1,78,11,3,8,3,0,0,0,0,1,E01016947,3,1,0.0,1.0,-1,6,30,1,1,2,09:31,3,1,9
2023991343082,2023,991343082,2,1,1,1,28,6,3,0,0,0,0,0,3,2,-1,3,1,0.0,1.0,-1,6,30,1,1,1,15:00,1,2,3
202360A194232,2023,60A194232,2,1,1,2,50,8,3,0,0,0,0,0,9,-1,-1,-1,0,0.04234,0.95766,-1,6,20,1,4,1,17:20,1,2,9
2023471373361,2023,471373361,1,1,2,2,93,11,3,0,0,0,4,0,11,9,E01020945,3,1,0.0,1.0,-1,6,30,1,1,1,13:00,7,1,11
2023041321364,2023,041321364,1,1,3,2,43,7,3,10,5,0,0,0,0,3,E01025310,3,1,0.0,1.0,-1,6,20,1,1,1,20:40,4,1,9
2023052301395,2023,052301395,2,1,1,1,13,3,3,0,0,0,0,0,1,1,E01006863,-1,0,0.06257,0.93743,-1,6,20,1,1,1,17:10,6,2,1
2023010441894,2023,010441894,2,1,1,2,38,7,3,0,0,0,0,0,9,6,E01002601,-1,0,0.0,1.0,-1,6,20,1,1,1,10:20,3,2,9
2023302301277,2023,302301277,2,1,1,1,29,6,3,0,0,0,0,0,9,1,E01013570,-1,0,0.04948,0.95052,-1,6,30,1,4,1,23:10,5,2,9
2023401402454,2023,401402454,1,1,2,1,2,1,3,0,0,2,0,0,9,4,E01032343,3,1,0.0,1.0,-1,3,30,1,1,1,16:16,3,1,9
2023041265092,2023,041265092,1,1,3,1,20,4,3,5,1,0,0,0,0,2,E01012573,3,1,0.0,1.0,-1,6,30,1,4,2,17:10,4,1,11
2023461305179,2023,461305179,1,1,3,1,6,2,3,6,9,0,0,2,0,8,E01024053,3,1,0.0,1.0,-1,6,30,1,1,1,16:00,3,1,9
2023010458703,2023,010458703,1,1,1,1,34,6,3,0,0,0,0,0,3,2,E01003082,-1,0,0.0,1.0,-1,6,20,9,1,9,11:30,4,2,3
2023031342862,2023,031342862,2,2,1,1,81,11,3,0,0,0,0,0,9,6,E01019346,3,1,0.0,1.0,-1,6,50,1,1,1,14:54,5,2,9
2023061371185,2023,061371185,1,3,2,2,18,4,3,0,0,2,0,0,9,3,E01004872,3,1,0.0,1.0,-1,6,30,2,4,2,17:15,6,2,9
2023401354520,2023,401354520,1,1,2,1,43,7,3,0,0,2,0,0,9,9,E01015710,3,1,0.0,1.0,-1,6,60,2,1,1,06:30,4,3,9
2023461337168,2023,461337168,1,1,1,1,60,9,2,0,0,0,0,0,9,7,E01024140,7,1,1.0,0.0,-1,3,50,1,1,1,11:14,3,3,9
2023622300199,2023,622300199,1,1,3,1,28,6,3,1,1,0,0,0,0,10,W01000870,-1,0,0.12477,0.87523,-1,6,30,1,1,1,13:29,7,1,9
2023461345302,2023,461345302,2,2,2,2,32,6,3,0,0,1,0,0,9,-1,-1,3,1,0.0,1.0,-1,6,30,1,1,1,20:20,1,2,9
2023520400142,2023,520400142,2,2,1,1,40,7,3,0,0,0,0,0,21,6,W01001593,-1,0,0.05092,0.94908,-1,6,60,2,6,2,19:15,3,2,21
2023141264040,2023,141264040,1,1,3,1,90,11,2,1,1,0,0,0,0,7,E01008033,7,1,1.0,0.0,-1,6,30,1,1,1,15:15,2,1,9
2023101276221,2023,101276221,2,1,2,2,61,9,2,0,0,2,0,0,8,2,E01008633,7,1,1.0,0.0,-1,6,30,1,4,1,00:10,7,2,8
2023501301716,2023,501301716,1,1,1,2,29,6,2,0,0,0,0,0,9,4,E01020321,7,1,1.0,0.0,-1,6,40,2,1,2,12:40,5,2,9
2023340WN0452,2023,340WN0452,1,4,2,2,76,11,3,0,0,0,4,0,11,-1,-1,-1,0,0.08746,0.91254,-1,6,40,1,1,1,08:42,2,2,11
2023501266619,2023,501266619,1,2,2,1,26,6,3,0,0,0,0,0,19,4,E01020307,3,1,0.0,1.0,-1,6,60,8,6,4,23:12,7,1,19
2023451278039,2023,451278039,2,1,1,1,35,6,2,0,0,0,0,0,1,10,E01030998,7,1,1.0,0.0,-1,1,30,9,1,1,12:20,7,2,1
2023622300693,2023,622300693,2,1,1,1,51,8,2,0,0,0,0,0,1,2,W01000752,-1,0,1.0,0.0,-1,6,30,9,7,1,11:31,6,2,1
2023161327651,2023,161327651,2,1,1,1,34,6,2,0,0,0,0,0,3,8,E01013065,7,1,1.0,0.0,-1,6,30,1,1,1,09:30,1,2,3
2023991317381,2023,991317381,1,1,1,1,64,9,2,0,0,0,0,0,5,10,-1,7,1,1.0,0.0,-1,6,50,1,1,1,13:55,1,1,5
2023531274333,2023,531274333,1,1,1,1,37,7,3,0,0,0,0,0,9,7,E01022205,3,1,0.0,1.0,-1,6,60,1,1,2,08:50,5,2,9
2023531317370,2023,531317370,1,3,2,2,39,7,3,0,0,1,0,0,9,5,E01022448,3,1,0.0,1.0,-1,1,40,1,1,1,16:10,1,2,9
2023991372123,2023,991372123,1,1,1,1,26,6,2,0,0,0,0,0,9,10,-1,7,1,1.0,0.0,-1,6,30,8,1,1,11:15,3,2,9
2023010443703,2023,010443703,3,2,1,1,43,7,3,0,0,0,0,0,11,6,E01002169,-1,0,0.0,1.0,-1,6,30,1,1,1,12:03,5,3,11
2023451389068,2023,451389068,1,1,1,1,60,9,2,0,0,0,0,0,1,10,E01030969,6,1,1.0,0.0,-1,6,30,1,1,2,12:25,7,2,1
2023131306992,2023,131306992,2,3,2,2,35,6,3,0,0,2,0,0,9,4,E01010675,3,1,0.0,1.0,-1,6,30,1,1,1,16:32,7,2,9
2023430066165,2023,430066165,1,1,2,2,30,6,2,0,0,1,0,0,9,5,E01016233,-1,0,1.0,0.0,-1,3,70,1,4,1,17:28,1,2,9
2023451319116,2023,451319116,2,3,2,1,19,4,3,0,0,0,0,0,19,7,E01021222,3,1,0.0,1.0,-1,3,70,1,1,1,07:20,3,3,19
2023461328876,2023,461328876,2,2,2,1,4,1,3,0,0,0,0,0,19,6,E01021087,3,1,0.0,1.0,-1,1,30,1,1,1,16:15,1,2,19
2023430002127,2023,430002127,1,1,1,2,43,7,3,0,0,0,0,0,9,2,E01024672,-1,0,0.01345,0.98655,-1,3,70,2,7,2,17:30,1,2,9
2023052300471,2023,052300471,1,1,2,2,30,6,3,0,0,0,4,0,11,1,E01007011,-1,0,0.0596,0.9404,-1,6,30,1,1,1,15:02,6,1,11
2023041282854,2023,041282854,2,1,2,1,32,6,3,0,0,1,0,0,9,1,E01012673,3,1,0.0,1.0,-1,6,30,1,4,1,20:00,5,3,9
2023141379240,2023,141379240,1,3,2,2,78,11,3,0,0,2,0,0,9,3,E01019807,3,1,0.0,1.0,-1,7,70,1,6,1,15:20,1,2,9
2023421296798,2023,421296798,1,3,2,2,38,7,2,0,0,1,0,0,9,6,E01021714,7,1,1.0,0.0,-1,6,60,2,4,2,19:30,6,3,9
2023546047923,2023,546047923,1,1,1,1,77,11,3,0,0,0,0,0,9,6,E01032010,-1,0,0.06846,0.93154,-1,3,70,1,1,1,16:04,6,2,9
202360A139017,2023,60A139017,2,2,1,1,50,8,3,0,0,0,0,0,9,-1,-1,-1,0,0.11053,0.88947,-1,6,30,1,4,1,21:21,3,2,9
2023201400897,2023,201400897,2,1,1,2,24,5,3,0,0,0,0,0,9,3,E01009140,3,1,0.0,1.0,-1,6,30,2,4,2,23:10,4,2,9
2023401299344,2023,401299344,2,1,1,2,40,7,3,0,0,0,0,0,9,9,E01017389,3,1,0.0,1.0,-1,6,30,1,1,2,07:29,5,2,9
2023451371322,2023,451371322,1,1,2,2,89,11,3,0,0,1,0,0,9,8,E01030592,3,1,0.0,1.0,-1,6,40,1,1,1,17:00,5,2,9
2023471269419,2023,471269419,1,2,2,2,43,7,2,0,0,1,0,0,9,3,E01021137,6,1,1.0,0.0,-1,6,60,1,1,2,13:45,1,2,9
2023010457704,2023,010457704,1,1,3,1,66,10,3,5,1,0,0,0,0,7,E01001380,-1,0,0.0,1.0,-1,6,20,1,1,1,09:20,2,1,9
2023610038023,2023,610038023,1,1,3,1,28,6,1,6,9,0,0,0,0,5,W01001102,-1,0,0.0,0.0,-1,6,60,1,6,1,01:00,4,1,8
2023010427683,2023,010427683,2,1,1,2,-1,-1,3,0,0,0,0,0,1,6,E01003398,-1,0,0.0,1.0,-1,9,20,1,4,1,18:16,5,2,1
2023302301089,2023,302301089,2,1,1,2,26,6,3,0,0,0,0,0,9,1,E01007734,-1,0,0.01029,0.98971,-1,6,50,1,1,1,16:30,1,3,9
2023411324344,2023,411324344,1,1,1,1,25,5,2,0,0,0,0,0,9,5,E01023772,5,1,1.0,0.0,-1,3,70,2,1,2,06:45,3,3,9
2023440456142,2023,440456142,1,1,1,1,55,8,3,0,0,0,0,0,9,10,E01023175,-1,0,0.22457,0.77543,-1,6,60,1,6,2,23:58,3,1,9
2023501334574,2023,501334574,1,1,1,1,21,5,3,0,0,0,0,0,9,6,E01019016,3,1,0.0,1.0,-1,6,20,1,4,2,05:41,7,3,9
2023520301766,2023,520301766,3,2,1,2,44,7,3,0,0,0,0,0,9,7,E01029063,-1,0,0.00914,0.99086,-1,6,30,2,1,2,17:08,7,3,9
2023440287208,2023,440287208,3,3,1,1,54,8,3,0,0,0,0,0,19,4,E01023122,-1,0,0.06528,0.93472,-1,6,30,1,1,1,13:45,2,3,19
2023010450661,2023,010450661,1,1,1,1,31,6,3,0,0,0,0,0,3,2,E01003338,-1,0,0.0,1.0,-1,9,30,9,1,9,20:08,1,2,3
2023052300065,2023,052300065,1,1,1,1,39,7,2,0,0,0,0,0,3,1,E01006847,-1,0,1.0,0.0,-1,6,30,1,1,2,12:59,7,2,3
2023061374254,2023,061374254,1,1,3,2,57,9,3,5,1,0,0,0,0,10,E01006082,3,1,0.0,1.0,-1,6,30,2,1,2,16:15,6,1,9
2023211380363,2023,211380363,1,1,3,2,16,4,3,1,2,0,0,0,0,2,E01014359,3,1,0.0,1.0,-1,1,30,1,1,2,07:45,4,1,9
2023141263099,2023,141263099,2,2,1,1,72,10,3,0,0,0,0,0,9,6,E01007518,3,1,0.0,1.0,-1,6,30,2,1,2,14:50,6,2,9
2023010428381,2023,010428381,1,1,2,2,79,11,2,0,0,0,4,0,11,2,E01003933,-1,0,1.0,0.0,-1,6,20,1,1,1,11:29,3,1,11
2023010447026,2023,010447026,1,1,3,2,59,9,3,6,9,0,0,0,0,1,E01012823,-1,0,0.0,1.0,-1,6,20,1,4,1,00:20,2,1,9
2023201364538,2023,201364538,1,1,3,1,56,9,2,10,9,0,0,0,0,2,E01009098,7,1,1.0,0.0,-1,6,30,1,1,1,11:07,4,1,9
2023010430093,2023,010430093,2,1,1,1,23,5,3,0,0,0,0,0,3,3,E01001244,-1,0,0.0,1.0,-1,3,30,1,1,1,17:02,5,2,3
2023041275406,2023,041275406,1,1,1,1,45,7,2,0,0,0,0,0,1,1,E01024895,6,1,1.0,0.0,-1,6,20,1,4,1,20:20,1,2,1
2023161294009,2023,161294009,1,1,1,1,19,4,2,0,0,0,0,0,2,-1,-1,7,1,1.0,0.0,-1,6,30,1,4,1,20:30,6,2,2
2023061382554,2023,061382554,1,1,3,2,26,6,3,5,3,0,0,0,0,1,E01005191,3,1,0.0,1.0,-1,6,20,2,1,2,15:35,2,1,9
2023471321351,2023,471321351,1,2,3,2,10,2,3,5,1,0,0,0,0,7,E01031782,3,1,0.0,1.0,-1,6,30,1,1,1,15:27,4,1,9
2023010482144,2023,010482144,1,1,1,1,33,6,3,0,0,0,0,0,1,4,E01003098,-1,0,0.0,1.0,-1,6,20,2,1,2,09:30,6,2,1
2023421284715,2023,421284715,2,1,1,1,34,6,3,0,0,0,0,0,9,5,E01022017,3,1,0.0,1.0,-1,6,30,1,1,1,08:05,2,2,9
2023201298924,2023,201298924,1,1,1,1,15,3,2,0,0,0,0,0,9,1,E01010053,7,1,1.0,0.0,-1,6,30,1,1,1,19:23,2,2,9
202363C021323,2023,63C021323,2,2,2,2,60,9,3,0,0,1,0,0,9,7,W01000562,-1,0,0.01802,0.98198,-1,6,30,2,1,2,14:02,6,2,9
2023010451878,2023,010451878,1,1,1,1,39,7,2,0,0,0,0,0,5,-1,-1,-1,0,1.0,0.0,-1,3,50,1,1,1,14:10,3,2,5
2023201377432,2023,201377432,2,1,1,2,48,8,3,0,0,0,0,0,19,8,E01031208,3,1,0.0,1.0,-1,3,40,1,1,1,16:45,3,2,19
2023311374236,2023,311374236,2,4,2,2,1,1,3,0,0,2,0,0,9,-1,-1,3,1,0.0,1.0,-1,6,60,1,1,1,12:15,4,2,9
2023311374216,2023,311374216,1,1,1,1,53,8,2,0,0,0,0,0,90,6,E01028074,7,1,1.0,0.0,-1,3,30,2,4,2,01:18,5,1,90
202360A054464,2023,60A054464,1,1,3,2,83,11,3,4,1,0,0,0,0,-1,-1,-1,0,0.25239,0.74761,-1,2,30,1,1,2,14:19,7,1,9
2023522300464,2023,522300464,1,1,3,1,34,6,3,1,3,0,0,0,0,7,E01014514,-1,0,0.04587,0.95413,-1,6,20,1,4,1,20:00,5,1,9
2023522400905,2023,522400905,1,1,3,2,9,2,3,5,1,0,0,0,0,7,E01014856,-1,0,0.07054,0.92946,-1,6,20,5,1,2,08:37,3,1,9
2023010450966,2023,010450966,1,1,1,1,25,5,3,0,0,0,0,0,1,7,E01002182,-1,0,0.0,1.0,-1,2,20,1,1,1,12:02,6,2,1
2023421380564,2023,421380564,1,1,1,1,25,5,2,0,0,0,0,0,5,10,E01021935,7,1,1.0,0.0,-1,6,20,1,4,2,15:59,4,2,5
2023010437476,2023,010437476,1,1,1,2,59,9,3,0,0,0,0,0,9,2,E01002793,-1,0,0.0,1.0,-1,9,30,9,1,9,14:52,6,2,9
2023201380891,2023,201380891,2,1,1,2,25,5,2,0,0,0,0,0,9,1,E01009360,7,1,1.0,0.0,-1,6,30,1,4,1,16:30,7,2,9
2023231291907,2023,231291907,2,3,2,2,59,9,3,0,0,1,0,0,9,4,E01032384,3,1,0.0,1.0,-1,1,50,1,1,1,14:45,5,2,9
2023010457906,2023,010457906,1,1,3,2,34,6,3,5,3,0,0,0,0,5,E01000560,-1,0,0.0,1.0,-1,6,20,1,1,1,00:19,7,2,9
2023070687842,2023,070687842,1,1,3,2,25,5,3,5,3,0,0,0,0,9,E01018374,-1,0,0.11473,0.88527,-1,3,30,1,1,1,09:59,7,1,9
2023440416921,2023,440416921,2,1,1,1,21,5,3,0,0,0,0,0,-1,1,E01017035,-1,0,0.11264,0.88736,-1,6,30,1,4,2,18:14,4,2,-1
2023010449568,2023,010449568,1,1,1,2,19,4,2,0,0,0,0,0,1,5,E01002632,-1,0,1.0,0.0,-1,6,20,8,1,1,21:05,6,2,1
2023010420663,2023,010420663,2,2,2,2,26,6,2,0,0,0,0,0,3,-1,-1,-1,0,1.0,0.0,-1,3,30,5,5,2,20:30,3,2,3
2023101378024,2023,101378024,2,2,2,1,42,7,3,0,0,2,0,0,8,2,E01008254,3,1,0.0,1.0,-1,6,20,1,1,1,08:30,2,2,8
2023170M11273,2023,170M11273,1,1,3,1,55,8,3,4,3,0,0,0,0,-1,-1,-1,0,0.21812,0.78188,-1,6,30,2,4,2,01:19,7,1,9
2023311370136,2023,311370136,1,1,3,2,57,9,3,6,9,0,0,0,0,6,E01028349,3,1,0.0,1.0,-1,6,30,1,1,2,14:00,3,1,-1
2023430232787,2023,430232787,1,1,1,1,29,6,3,0,0,0,0,0,1,1,E01016441,-1,0,0.06662,0.93338,-1,6,30,1,4,1,22:30,6,2,1
2023031389914,2023,031389914,1,1,2,2,25,5,3,0,0,1,0,0,19,-1,-1,3,1,0.0,1.0,-1,7,50,9,1,2,14:30,2,2,19
2023221379103,2023,221379103,3,1,1,1,59,9,2,0,0,0,0,0,1,5,E01028910,7,1,1.0,0.0,-1,6,60,1,1,2,09:26,1,3,1
2023501373830,2023,501373830,2,1,1,1,58,9,3,0,0,0,0,0,1,3,E01020114,3,1,0.0,1.0,-1,6,30,1,1,1,10:36,1,2,1
2023221326655,2023,221326655,1,1,1,1,69,10,1,0,0,0,0,0,5,8,E01009920,1,1,0.0,0.0,-1,6,60,1,1,1,14:20,7,1,5
2023531309800,2023,531309800,2,1,1,1,47,8,2,0,0,0,0,0,5,2,E01022324,7,1,1.0,0.0,-1,6,30,1,1,1,20:15,1,2,5
2023211337095,2023,211337095,1,2,1,1,19,4,3,0,0,0,0,0,9,-1,-1,3,1,0.0,1.0,-1,6,60,1,1,1,19:00,6,1,9
2023010441404,2023,010441404,2,1,1,2,25,5,3,0,0,0,0,0,1,6,E01016306,-1,0,0.0,1.0,-1,6,20,1,1,1,19:00,6,2,1
2023061297732,2023,061297732,2,1,1,1,24,5,3,0,0,0,0,0,1,-1,-1,3,1,0.0,1.0,-1,6,30,1,1,1,18:50,4,2,1
2023430387992,2023,430387992,2,1,1,1,58,9,3,0,0,0,0,0,1,10,E01023422,-1,0,0.16663,0.83337,-1,6,30,1,1,1,09:00,4,2,1
2023010439925,2023,010439925,1,1,1,1,31,6,3,0,0,0,0,0,8,3,E01004430,-1,0,0.0,1.0,-1,6,20,2,4,2,00:59,6,2,8
2023052302291,2023,052302291,1,1,1,1,25,5,3,0,0,0,0,0,9,1,E01006446,-1,0,0.04466,0.95534,-1,1,30,1,1,1,14:13,1,2,9
2023320407150,2023,320407150,1,2,2,2,45,7,3,0,0,1,0,0,9,1,E01026092,-1,0,0.09275,0.90725,-1,6,60,1,1,1,13:45,1,2,9
2023411352458,2023,411352458,2,1,1,1,27,6,3,0,0,0,0,0,9,10,E01023505,3,1,0.0,1.0,-1,6,50,1,6,1,00:06,4,2,9
2023461349875,2023,461349875,1,1,2,2,42,7,3,0,0,1,0,0,9,6,E01002912,3,1,0.0,1.0,-1,7,30,1,4,1,21:17,6,2,9
2023010421137,2023,010421137,1,1,3,1,32,6,3,9,5,0,0,0,0,2,E01004460,-1,0,0.0,1.0,-1,6,20,1,1,1,12:10,6,1,9
2023010466622,2023,010466622,1,1,3,2,42,7,2,6,9,0,0,0,0,2,E01004392,-1,0,1.0,0.0,-1,3,30,1,1,1,16:45,1,1,9
2023440339355,2023,440339355,1,1,3,2,11,3,3,5,4,0,0,0,0,2,E01017108,-1,0,0.17031,0.82969,-1,6,30,1,1,1,10:16,3,1,9
2023522301134,2023,522301134,1,1,1,2,35,6,3,0,0,0,0,0,1,3,E01014566,-1,0,0.02527,0.97473,-1,1,30,1,1,1,08:55,4,2,1
2023041336727,2023,041336727,2,1,1,1,27,6,3,0,0,0,0,0,3,9,E01025551,3,1,0.0,1.0,-1,3,30,1,1,1,08:57,2,2,3
2023010456207,2023,010456207,1,1,1,1,56,9,3,0,0,0,0,0,1,4,E01001896,-1,0,0.0,1.0,-1,6,20,1,1,1,08:45,4,2,1
2023332301095,2023,332301095,1,1,3,1,82,11,1,4,3,0,0,0,0,6,E01025978,-1,0,0.0,0.0,-1,6,30,1,1,2,08:09,2,1,9
2023010421350,2023,010421350,1,1,3,1,12,3,3,5,3,0,0,0,0,2,E01001055,-1,0,0.0,1.0,-1,6,20,1,1,2,13:01,7,1,9
2023201403214,2023,201403214,2,1,1,1,31,6,3,0,0,0,0,0,9,3,E01009242,3,1,0.0,1.0,-1,6,30,1,1,1,19:31,2,2,9
2023010463651,2023,010463651,1,1,1,2,51,8,3,0,0,0,0,0,9,2,E01003248,-1,0,0.0,1.0,-1,3,30,1,1,1,10:20,7,2,9
2023010464630,2023,010464630,1,1,1,2,34,6,3,0,0,0,0,0,9,-1,-1,-1,0,0.0,1.0,-1,9,20,8,1,1,15:55,5,2,9
2023041348033,2023,041348033,1,1,1,1,59,9,3,0,0,0,0,0,9,7,E01012614,3,1,0.0,1.0,-1,6,30,1,1,1,17:38,5,1,9
2023201315469,2023,201315469,1,1,1,2,35,6,3,0,0,0,0,0,9,3,E01008924,3,1,0.0,1.0,-1,6,30,1,1,1,19:50,4,2,9
2023471338315,2023,471338315,1,2,2,1,32,6,3,0,0,1,0,0,9,4,E01016890,3,1,0.0,1.0,-1,6,30,1,1,1,18:25,6,1,9
2023471373362,2023,471373362,1,1,1,1,82,11,2,0,0,0,0,0,1,6,E01020949,6,1,1.0,0.0,-1,6,50,1,1,1,11:22,7,2,1
2023010437784,2023,010437784,1,1,3,2,18,4,3,5,1,0,0,0,0,3,E01003263,-1,0,0.0,1.0,-1,6,20,1,1,1,19:35,1,1,9
2023070991463,2023,070991463,1,1,3,2,45,7,3,1,1,0,0,0,0,9,E01018581,-1,0,0.07728,0.92272,-1,6,30,2,1,2,07:20,4,1,9
2023430132173,2023,430132173,2,1,1,1,29,6,3,0,0,0,0,0,3,8,E01016830,-1,0,0.07304,0.92696,-1,3,70,1,1,1,16:55,5,2,3
2023440360247,2023,440360247,1,1,1,1,27,6,3,0,0,0,0,0,9,6,E01023199,-1,0,0.17282,0.82718,-1,6,60,1,6,1,06:00,3,1,9
2023122301153,2023,122301153,1,1,3,2,79,11,3,5,3,0,0,0,0,2,E01011249,-1,0,0.17232,0.82768,-1,6,30,1,1,1,11:34,1,1,9
2023461347696,2023,461347696,2,1,1,1,31,6,2,0,0,0,0,0,5,7,E01024766,7,1,1.0,0.0,-1,6,50,1,1,1,21:20,7,2,5
2023552301448,2023,552301448,1,1,1,1,73,10,2,0,0,0,0,0,5,9,E01020362,-1,0,1.0,0.0,-1,6,30,1,4,1,19:36,3,1,5
2023052400011,2023,052400011,1,1,3,2,89,11,3,5,3,0,0,0,0,8,E01006476,-1,0,0.243,0.757,-1,6,20,2,1,2,12:00,7,1,9
2023010445348,2023,010445348,1,1,1,1,39,7,3,0,0,0,0,0,3,7,E01002171,-1,0,0.0,1.0,-1,6,30,1,1,1,20:14,6,2,3
2023430229019,2023,430229019,1,2,2,2,-1,-1,3,0,0,2,0,0,8,-1,-1,-1,0,0.01567,0.98433,-1,6,30,1,7,1,23:30,4,2,8
2023131327098,2023,131327098,2,1,1,1,37,7,3,0,0,0,0,0,3,1,E01011917,3,1,0.0,1.0,-1,6,30,1,1,1,19:30,6,2,3
2023010474003,2023,010474003,2,1,1,1,48,8,3,0,0,0,0,0,5,1,E01002853,-1,0,0.0,1.0,-1,3,30,1,1,1,17:05,4,2,5
2023522301636,2023,522301636,1,1,1,1,20,4,3,0,0,0,0,0,19,8,W01001124,-1,0,0.04817,0.95183,-1,6,50,1,1,1,11:41,6,3,19
2023010434175,2023,010434175,1,1,1,1,40,7,2,0,0,0,0,0,9,-1,-1,-1,0,1.0,0.0,-1,6,20,1,1,1,10:20,7,2,9
2023010458387,2023,010458387,1,1,1,2,33,6,3,0,0,0,0,0,9,4,E01032766,-1,0,0.0,1.0,-1,3,30,1,4,1,20:00,3,2,9
2023010477176,2023,010477176,1,1,1,1,38,7,3,0,0,0,0,0,9,5,E01023537,-1,0,0.0,1.0,-1,6,20,1,1,1,07:30,5,2,9
2023311273336,2023,311273336,2,2,1,2,32,6,3,0,0,0,0,0,9,-1,-1,3,1,0.0,1.0,-1,6,50,1,1,2,09:51,3,2,9
2023451342483,2023,451342483,2,4,2,2,25,5,3,0,0,1,0,0,9,4,E01002406,3,1,0.0,1.0,-1,6,30,1,1,1,18:28,4,2,9
2023010430233,2023,010430233,1,1,3,2,36,7,3,10,9,0,0,0,0,4,E01001353,-1,0,0.0,1.0,-1,1,30,1,1,1,14:08,6,1,8
2023010458566,2023,010458566,2,2,2,2,15,3,3,0,0,1,0,0,9,7,E01000369,-1,0,0.0,1.0,-1,6,30,8,1,5,18:10,4,2,9
2023201338817,2023,201338817,2,2,1,1,34,6,3,0,0,0,0,0,9,5,E01009279,3,1,0.0,1.0,-1,3,30,2,1,2,15:15,1,3,9
2023501380129,2023,501380129,1,2,1,1,24,5,3,0,0,0,0,0,9,8,E01029118,3,1,0.0,1.0,-1,6,30,9,4,2,18:26,3,2,9
2023544224723,2023,544224723,1,2,2,2,69,10,3,0,0,1,0,0,9,7,E01031865,-1,0,0.14023,0.85977,-1,6,60,1,1,1,11:14,7,1,9
2023991369384,2023,991369384,1,1,1,1,87,11,3,0,0,0,0,0,9,-1,-1,3,1,0.0,1.0,-1,6,20,2,1,2,11:55,4,1,9
2023010482590,2023,010482590,1,1,1,2,31,6,3,0,0,0,0,0,-1,3,E01001864,-1,0,0.0,1.0,-1,9,20,1,4,2,07:00,5,2,-1
2023010478788,2023,010478788,1,1,3,2,24,5,3,5,1,0,0,0,0,6,E01003033,-1,0,0.0,1.0,-1,6,20,9,1,9,10:30,5,1,9
2023622300801,2023,622300801,2,2,1,1,42,7,3,0,0,0,0,0,5,4,W01000754,-1,0,0.10396,0.89604,-1,1,50,1,1,1,08:16,6,2,5
2023010419385,2023,010419385,1,1,1,1,25,5,3,0,0,0,0,0,3,3,E01004437,-1,0,0.0,1.0,-1,6,30,1,4,1,20:15,2,1,3
2023010448368,2023,010448368,1,1,1,1,37,7,3,0,0,0,0,0,-1,5,E01003414,-1,0,0.0,1.0,-1,3,20,1,1,1,13:47,1,2,-1
2023351291181,2023,351291181,2,1,1,2,7,2,2,0,0,0,0,0,-1,1,E01015593,7,1,1.0,0.0,-1,6,30,1,1,1,16:10,6,2,-1
2023010450835,2023,010450835,1,1,1,2,16,4,3,0,0,0,0,0,1,6,E01000582,-1,0,0.0,1.0,-1,6,20,1,1,1,11:55,5,2,1
2023010469163,2023,010469163,2,1,1,1,23,5,3,0,0,0,0,0,3,5,E01003664,-1,0,0.0,1.0,-1,6,30,1,1,1,12:33,7,2,3