collision_index,collision_year,collision_ref_no,vehicle_reference,casualty_reference,casualty_class,sex_of_casualty,age_of_casualty,age_band_of_casualty,casualty_severity,pedestrian_location,pedestrian_movement,car_passenger,bus_or_coach_passenger,pedestrian_road_maintenance_worker,casualty_type,casualty_imd_decile,lsoa_of_casualty,enhanced_casualty_severity,casualty_injury_based,casualty_adjusted_severity_serious,casualty_adjusted_severity_slight,casualty_distance_banding,road_type,speed_limit,weather_conditions,light_conditions,road_surface_conditions,time,day_of_week,number_of_vehicles,vehicle_type
2023170M11203,2023,170M11203,1,1,3,1,78,11,3,4,3,0,0,0,0,7,E01012007,-1,0,0.21468,0.78532,-1,6,30,1,1,1,11:02,7,1,9
2023332300938,2023,332300938,2,1,1,1,22,5,3,0,0,0,0,0,1,1,E01013761,-1,0,0.02493,0.97507,-1,6,20,1,4,1,19:30,1,2,1
2023991342207,2023,991342207,2,1,1,1,72,10,3,0,0,0,0,0,5,4,E01019094,3,1,0.0,1.0,-1,6,60,1,1,2,12:30,3,2,5
2023991316795,2023,991316795,2,1,1,1,28,6,3,0,0,0,0,0,9,5,-1,3,1,0.0,1.0,-1,6,60,1,1,1,11:50,6,2,9
2023991340175,2023,991340175,2,1,1,1,50,8,3,0,0,0,0,0,9,1,-1,3,1,0.0,1.0,-1,3,70,1,1,1,09:10,7,2,9
2023010435228,2023,010435228,1,1,3,2,2,1,2,5,3,0,0,0,0,4,E01004369,-1,0,1.0,0.0,-1,2,20,2,1,2,17:14,6,1,9
2023552300485,2023,552300485,1,1,3,2,66,10,2,6,9,0,0,0,0,10,E01020358,-1,0,1.0,0.0,-1,6,20,1,1,1,12:03,4,1,19
2023010437364,2023,010437364,1,1,1,1,23,5,3,0,0,0,0,0,3,2,E01000021,-1,0,0.0,1.0,-1,3,20,1,1,1,16:55,5,2,3
2023010446758,2023,010446758,1,1,1,1,31,6,3,0,0,0,0,0,3,2,E01003338,-1,0,0.0,1.0,-1,6,20,1,1,1,19:35,5,2,3
2023461274145,2023,461274145,2,1,1,1,31,6,3,0,0,0,0,0,3,5,E01024598,3,1,0.0,1.0,-1,6,30,1,4,1,19:10,2,2,3
2023010476939,2023,010476939,1,1,3,2,18,4,3,5,3,0,0,0,0,10,E01001129,-1,0,0.0,1.0,-1,6,30,2,7,2,16:30,6,1,9
2023101293400,2023,101293400,2,1,1,2,34,6,3,0,0,0,0,0,9,3,E01020856,3,1,0.0,1.0,-1,6,60,8,6,2,22:18,2,2,9
2023440344496,2023,440344496,1,1,1,1,70,10,3,0,0,0,0,0,22,2,E01017186,-1,0,0.12527,0.87473,-1,6,30,1,1,1,14:48,6,2,22
2023522400416,2023,522400416,1,1,3,9,-1,-1,3,5,4,0,0,0,0,-1,-1,-1,0,0.01711,0.98289,-1,2,20,1,4,1,20:30,4,1,9
2023991295358,2023,991295358,1,1,2,2,15,3,3,0,0,1,0,0,9,5,-1,3,1,0.0,1.0,-1,6,60,1,1,1,16:30,1,2,9
2023010429056,2023,010429056,1,1,3,1,56,9,3,6,9,0,0,0,0,3,E01000495,-1,0,0.0,1.0,-1,6,20,1,1,1,16:00,5,1,19
2023231361094,2023,231361094,2,1,1,1,50,8,3,0,0,0,0,0,1,2,E01032389,3,1,0.0,1.0,-1,6,30,1,1,1,09:45,4,2,1
2023010445985,2023,010445985,2,1,1,1,18,4,3,0,0,0,0,0,1,4,E01000869,-1,0,0.0,1.0,-1,2,20,1,1,1,12:45,3,2,1
2023201364179,2023,201364179,1,1,1,1,19,4,2,0,0,0,0,0,5,2,E01010036,7,1,1.0,0.0,-1,6,30,1,1,1,16:20,7,2,5
2023501393087,2023,501393087,1,1,3,2,29,6,3,9,9,0,0,0,0,-1,-1,3,1,0.0,1.0,-1,6,20,1,4,1,20:20,4,2,19
2023061359990,2023,061359990,2,2,2,1,-1,-1,2,0,0,0,0,0,1,-1,-1,7,1,1.0,0.0,-1,3,30,1,5,2,00:50,6,2,1
2023461377761,2023,461377761,2,1,1,1,-1,-1,3,0,0,0,0,0,4,4,E01024444,3,1,0.0,1.0,-1,1,40,1,4,1,17:01,6,2,4
2023411326421,2023,411326421,3,2,2,1,49,8,3,0,0,2,0,0,8,-1,-1,3,1,0.0,1.0,-1,3,70,1,1,1,12:19,6,3,8
2023010466284,2023,010466284,2,1,1,1,42,7,2,0,0,0,0,0,1,3,E01000510,-1,0,1.0,0.0,-1,6,20,1,4,1,20:16,6,2,1
202360A130125,2023,60A130125,2,1,1,2,14,3,3,0,0,0,0,0,1,-1,-1,-1,0,0.07552,0.92448,-1,6,30,1,1,1,12:00,3,2,1
2023010444531,2023,010444531,1,1,1,1,22,5,3,0,0,0,0,0,3,5,E01003130,-1,0,0.0,1.0,-1,6,20,1,1,1,11:47,6,2,3
2023131344142,2023,131344142,2,1,2,2,46,8,3,0,0,1,0,0,9,9,E01023170,3,1,0.0,1.0,-1,6,30,1,1,1,14:20,2,3,9
2023141311245,2023,141311245,1,2,1,1,46,8,3,0,0,0,0,0,9,-1,-1,3,1,0.0,1.0,-1,1,30,1,1,1,18:14,3,2,9
2023522400077,2023,522400077,2,2,2,2,12,3,3,0,0,1,0,0,9,6,E01014917,-1,0,0.02211,0.97789,-1,6,30,2,4,2,20:10,5,2,9
2023531338429,2023,531338429,1,1,1,2,30,6,3,0,0,0,0,0,9,1,E01032932,3,1,0.0,1.0,-1,6,30,1,1,1,15:10,6,2,9
202363C035923,2023,63C035923,1,1,2,1,70,10,3,0,0,1,0,0,9,-1,-1,-1,0,0.10979,0.89021,-1,6,60,1,1,2,11:37,3,2,9
2023010437936,2023,010437936,1,1,3,1,19,4,3,1,2,0,0,0,0,4,E01003704,-1,0,0.0,1.0,-1,2,30,1,1,1,16:50,2,1,9
2023010473753,2023,010473753,1,1,3,2,87,11,3,5,2,0,0,0,0,5,E01003019,-1,0,0.0,1.0,-1,2,20,2,4,2,07:12,3,1,3
2023991364418,2023,991364418,1,1,3,1,18,4,3,4,1,0,0,0,0,10,-1,3,1,0.0,1.0,-1,6,30,1,4,1,21:45,3,1,9
2023430099292,2023,430099292,2,1,1,1,54,8,2,0,0,0,0,0,1,2,E01028450,-1,0,1.0,0.0,-1,6,30,1,1,1,16:15,6,2,1
2023041333637,2023,041333637,2,1,1,1,32,6,3,0,0,0,0,0,1,7,E01025279,3,1,0.0,1.0,-1,6,40,1,6,1,17:40,5,2,1
2023010463640,2023,010463640,1,1,1,1,38,7,3,0,0,0,0,0,3,1,E01001178,-1,0,0.0,1.0,-1,6,20,2,1,2,10:15,6,2,3
2023461283270,2023,461283270,1,1,1,1,34,6,2,0,0,0,0,0,5,3,E01024684,6,1,1.0,0.0,-1,6,30,1,1,1,15:28,1,3,5
2023231283717,2023,231283717,1,1,3,2,27,6,3,6,9,0,0,0,0,-1,-1,3,1,0.0,1.0,-1,6,30,1,1,2,08:30,4,1,9
2023311321670,2023,311321670,1,1,3,2,52,8,2,8,3,0,0,0,0,2,E01013945,7,1,1.0,0.0,-1,6,30,1,1,1,19:20,3,1,9
2023501331881,2023,501331881,2,1,1,1,24,5,2,0,0,0,0,0,1,7,E01018806,7,1,1.0,0.0,-1,6,40,1,1,1,17:05,2,2,1
2023471316901,2023,471316901,2,2,1,1,29,6,2,0,0,0,0,0,9,10,E01031644,6,1,1.0,0.0,-1,6,50,1,1,1,17:05,6,2,9
2023440204701,2023,440204701,1,1,1,2,60,9,3,0,0,0,0,0,9,2,E01017363,-1,0,0.05271,0.94729,-1,6,30,1,1,1,07:39,4,2,9
2023332300150,2023,332300150,2,2,1,2,37,7,3,0,0,0,0,0,9,-1,-1,-1,0,0.0503,0.9497,-1,6,50,1,1,1,16:49,3,3,9
2023440139749,2023,440139749,1,1,1,1,30,6,3,0,0,0,0,0,9,7,E01023124,-1,0,0.0569,0.9431,-1,6,30,1,1,1,15:37,1,2,9
2023501376018,2023,501376018,1,1,2,2,24,5,3,0,0,-1,0,0,9,8,E01015125,3,1,0.0,1.0,-1,3,70,2,1,2,11:52,7,1,9
2023411300343,2023,411300343,1,1,1,1,43,7,3,0,0,0,0,0,9,6,E01023830,3,1,0.0,1.0,-1,6,30,1,1,1,11:20,2,3,9
2023302301304,2023,302301304,2,2,1,2,85,11,3,0,0,0,0,0,9,8,E01019609,-1,0,0.0711,0.9289,-1,6,40,1,1,1,13:00,3,2,9
2023461353814,2023,461353814,2,1,2,2,23,5,3,0,0,1,0,0,9,2,E01024246,3,1,0.0,1.0,-1,6,30,1,1,1,17:00,5,2,9
2023522300936,2023,522300936,3,2,1,1,43,7,3,0,0,0,0,0,9,10,W01001585,-1,0,0.02539,0.97461,-1,3,70,1,1,2,07:26,5,5,9
2023531294811,2023,531294811,2,3,2,1,20,4,3,0,0,2,0,0,9,6,E01022270,3,1,0.0,1.0,-1,6,50,1,1,1,12:49,7,2,9
2023031355383,2023,031355383,2,1,1,2,52,8,3,0,0,0,0,0,9,2,E01019172,3,1,0.0,1.0,-1,6,30,1,1,1,17:00,4,2,9
2023141295936,2023,141295936,1,1,1,1,47,8,3,0,0,0,0,0,9,3,E01010835,3,1,0.0,1.0,-1,6,30,1,1,1,14:17,3,2,9
2023501346171,2023,501346171,1,1,1,2,37,7,3,0,0,0,0,0,9,-1,-1,3,1,0.0,1.0,-1,6,50,1,1,1,15:50,2,2,9
2023010482694,2023,010482694,1,1,3,2,28,6,2,5,4,0,0,0,0,8,E01000311,-1,0,1.0,0.0,-1,6,30,2,4,2,18:07,5,1,9
2023471264645,2023,471264645,1,1,2,1,57,9,3,0,0,1,0,0,9,1,E01020985,3,1,0.0,1.0,-1,6,60,8,6,4,22:19,3,1,9
2023471382122,2023,471382122,4,3,2,2,32,6,3,0,0,1,0,0,9,3,E01021065,3,1,0.0,1.0,-1,3,70,2,4,2,21:39,7,9,9
2023631326463,2023,631326463,1,1,1,2,24,5,3,0,0,0,0,0,9,7,W01000548,3,1,0.0,1.0,-1,6,60,2,1,2,20:20,7,1,9
2023041262555,2023,041262555,2,1,1,1,65,9,3,0,0,0,0,0,11,4,E01025394,3,1,0.0,1.0,-1,6,30,1,1,1,15:34,4,2,11
2023320090497,2023,320090497,2,1,1,2,49,8,3,0,0,0,0,0,19,6,E01026332,-1,0,0.01688,0.98312,-1,6,30,9,1,2,14:42,7,2,19
2023010485675,2023,010485675,1,1,3,1,12,3,3,1,3,0,0,0,0,2,E01000526,-1,0,0.0,1.0,-1,9,30,1,1,1,14:57,4,1,9
2023421364877,2023,421364877,2,1,2,2,24,5,2,0,0,1,0,0,9,7,E01021650,6,1,1.0,0.0,-1,6,30,5,4,2,21:15,5,2,9
2023631330292,2023,631330292,2,1,1,2,82,11,3,0,0,0,0,0,9,6,W01000673,3,1,0.0,1.0,-1,6,30,1,1,1,14:46,2,2,9
2023010424018,2023,010424018,1,1,1,1,41,7,3,0,0,0,0,0,4,1,E01004675,-1,0,0.0,1.0,-1,6,20,1,1,1,12:10,7,1,4
2023111263215,2023,111263215,1,2,1,1,40,7,2,0,0,0,0,0,8,3,E01020884,7,1,1.0,0.0,-1,6,60,1,6,2,17:45,6,2,8
2023010424651,2023,010424651,1,1,3,1,23,5,2,1,2,0,0,0,0,2,E01002068,-1,0,1.0,0.0,-1,3,20,1,4,1,23:30,3,1,9
2023440345803,2023,440345803,1,1,1,1,29,6,3,0,0,0,0,0,3,1,E01017039,-1,0,0.12332,0.87668,-1,6,30,1,1,1,13:53,7,1,3
2023010463311,2023,010463311,2,1,1,1,41,7,3,0,0,0,0,0,4,5,E01023727,-1,0,0.0,1.0,-1,3,20,1,1,1,09:26,5,2,4
2023010484641,2023,010484641,1,1,1,1,34,6,3,0,0,0,0,0,19,7,E01004134,-1,0,0.0,1.0,-1,3,50,1,4,1,20:36,1,2,19
2023211320590,2023,211320590,1,1,1,1,45,7,1,0,0,0,0,0,3,-1,-1,1,1,0.0,0.0,-1,6,30,1,4,1,22:41,2,2,3
2023010423645,2023,010423645,1,1,3,2,19,4,3,1,1,0,0,0,0,7,E01000963,-1,0,0.0,1.0,-1,6,20,2,4,2,18:40,4,1,9
2023201277774,2023,201277774,1,1,3,1,59,9,2,6,9,0,0,0,0,1,E01033646,6,1,1.0,0.0,-1,6,30,1,1,1,13:38,6,1,-1
2023401329302,2023,401329302,1,1,1,1,29,6,3,0,0,0,0,0,3,5,E01017597,3,1,0.0,1.0,-1,6,30,4,1,1,14:40,6,2,3
2023451275243,2023,451275243,1,1,1,1,29,6,3,0,0,0,0,0,3,8,E01003355,3,1,0.0,1.0,-1,6,30,1,4,1,21:19,7,2,3
2023361369147,2023,361369147,1,1,3,2,91,11,3,10,9,0,0,0,0,4,E01026909,3,1,0.0,1.0,-1,6,20,2,1,2,10:15,3,1,9
2023991285949,2023,991285949,1,1,3,2,60,9,2,9,5,0,0,0,0,6,-1,5,1,1.0,0.0,-1,6,50,2,4,2,21:55,1,1,-1
2023131282011,2023,131282011,2,1,1,1,23,5,3,0,0,0,0,0,1,2,E01011814,3,1,0.0,1.0,-1,6,30,2,4,2,18:32,4,2,1
2023010446505,2023,010446505,2,1,1,1,32,6,2,0,0,0,0,0,3,2,E01004140,-1,0,1.0,0.0,-1,6,30,1,1,1,07:19,6,2,3
2023070844482,2023,070844482,1,1,3,1,51,8,2,9,9,0,0,0,0,2,E01012379,-1,0,1.0,0.0,-1,6,30,1,1,1,15:05,3,2,11
2023421278138,2023,421278138,1,1,2,1,28,6,3,0,0,0,0,0,19,9,E01021479,3,1,0.0,1.0,-1,6,20,1,1,1,15:20,1,3,19
2023201278629,2023,201278629,1,1,3,2,47,8,3,5,3,0,0,0,0,1,E01010111,3,1,0.0,1.0,-1,6,30,1,1,1,08:10,4,1,9
2023161384536,2023,161384536,2,2,1,2,19,4,3,0,0,0,0,0,9,-1,-1,3,1,0.0,1.0,-1,6,60,1,6,2,18:40,6,3,9
2023411364275,2023,411364275,1,1,1,1,44,7,3,0,0,0,0,0,9,8,E01023678,3,1,0.0,1.0,-1,1,70,1,1,1,08:21,3,2,9
2023547998023,2023,547998023,2,2,1,1,59,9,3,0,0,0,0,0,9,7,W01001230,-1,0,0.10494,0.89506,-1,3,60,2,1,2,14:12,1,4,9
2023101305441,2023,101305441,1,1,2,2,49,8,3,0,0,2,0,0,9,2,E01008601,3,1,0.0,1.0,-1,6,30,1,4,1,01:00,1,1,9
2023131353385,2023,131353385,1,1,1,2,37,7,3,0,0,0,0,0,9,2,E01010929,3,1,0.0,1.0,-1,6,30,1,4,1,01:51,2,1,9
2023231349575,2023,231349575,1,1,1,1,34,6,3,0,0,0,0,0,9,9,E01031222,3,1,0.0,1.0,-1,6,30,1,1,1,08:41,6,2,9
2023010419710,2023,010419710,1,1,1,1,27,6,3,0,0,0,0,0,9,4,E01002101,-1,0,0.0,1.0,-1,3,40,4,4,1,00:45,5,2,9
2023520301115,2023,520301115,2,1,1,2,33,6,3,0,0,0,0,0,9,3,E01029175,-1,0,0.01929,0.98071,-1,6,30,1,1,1,16:01,3,2,9
2023531283425,2023,531283425,1,1,1,1,25,5,2,0,0,0,0,0,9,2,E01014565,6,1,1.0,0.0,-1,6,60,1,1,1,09:30,5,2,9
2023010460052,2023,010460052,1,1,1,1,48,8,3,0,0,0,0,0,9,5,E01000639,-1,0,0.0,1.0,-1,9,30,9,1,9,09:50,5,2,9
2023430454961,2023,430454961,2,2,1,1,52,8,2,0,0,0,0,0,9,6,E01017810,-1,0,1.0,0.0,-1,6,30,1,1,1,07:55,3,2,9
2023522301868,2023,522301868,1,1,1,1,45,7,3,0,0,0,0,0,9,10,E01022106,-1,0,0.0033,0.9967,-1,1,40,1,1,1,08:05,5,2,9
2023101295618,2023,101295618,1,1,1,1,78,11,3,0,0,0,0,0,9,1,E01020762,3,1,0.0,1.0,-1,3,60,1,1,1,12:00,3,1,9
2023201310324,2023,201310324,2,1,1,1,52,8,3,0,0,0,0,0,9,6,E01032591,3,1,0.0,1.0,-1,3,30,1,1,1,08:15,5,2,9
2023010435711,2023,010435711,2,3,2,2,45,7,3,0,0,1,0,0,9,6,E01000513,-1,0,0.0,1.0,-1,6,20,1,1,1,14:45,2,2,9
2023231328093,2023,231328093,2,1,2,2,71,10,3,0,0,1,0,0,9,4,E01009218,3,1,0.0,1.0,-1,6,60,1,1,1,15:42,1,3,9
2023411300286,2023,411300286,1,2,2,1,25,5,2,0,0,1,0,0,9,8,E01023297,6,1,1.0,0.0,-1,6,60,2,6,2,21:20,2,1,9
2023501303026,2023,501303026,2,1,1,1,58,9,3,0,0,0,0,0,21,2,E01029311,3,1,0.0,1.0,-1,6,50,1,1,1,17:06,3,3,21
2023010425334,2023,010425334,1,1,1,1,26,6,3,0,0,0,0,0,9,2,E01001971,-1,0,0.0,1.0,-1,7,30,1,4,1,05:10,7,2,9
2023201298191,2023,201298191,1,1,1,1,49,8,3,0,0,0,0,0,9,8,E01029649,3,1,0.0,1.0,-1,6,30,1,1,1,15:42,7,3,9
2023231268818,2023,231268818,1,1,2,1,18,4,3,0,0,2,0,0,9,-1,-1,3,1,0.0,1.0,-1,6,50,1,1,2,13:09,5,2,9
2023461270506,2023,461270506,1,2,2,2,19,4,3,0,0,1,0,0,9,2,E01000374,3,1,0.0,1.0,-1,6,60,1,6,1,17:25,7,2,9
2023201344549,2023,201344549,1,1,1,1,30,6,3,0,0,0,0,0,9,-1,-1,3,1,0.0,1.0,-1,6,30,1,4,1,23:35,3,2,9
2023302301777,2023,302301777,2,2,1,1,39,7,2,0,0,0,0,0,9,3,E01019818,-1,0,1.0,0.0,-1,1,30,2,1,2,11:34,1,2,9
2023401371770,2023,401371770,2,2,1,2,28,6,3,0,0,0,0,0,9,8,E01016794,3,1,0.0,1.0,-1,6,60,1,1,1,14:09,4,3,9
2023461380745,2023,461380745,1,1,1,1,23,5,3,0,0,0,0,0,9,6,E01024054,3,1,0.0,1.0,-1,6,30,1,1,1,09:30,1,2,9
2023131296758,2023,131296758,2,1,1,2,56,9,3,0,0,0,0,0,9,8,E01011527,3,1,0.0,1.0,-1,6,30,2,1,2,16:50,6,2,9
2023141313059,2023,141313059,3,3,1,2,32,6,3,0,0,0,0,0,9,5,E01007366,3,1,0.0,1.0,-1,6,40,1,1,1,19:09,3,3,9
2023201298861,2023,201298861,1,1,1,1,38,7,2,0,0,0,0,0,9,9,E01031841,7,1,1.0,0.0,-1,3,70,1,1,1,12:30,7,2,9
2023320676445,2023,320676445,1,1,1,1,92,11,3,0,0,0,0,0,9,1,E01026072,-1,0,0.14263,0.85737,-1,6,40,7,4,2,20:55,3,2,9
2023361390049,2023,361390049,2,2,1,2,70,10,3,0,0,0,0,0,9,3,E01026735,3,1,0.0,1.0,-1,6,60,2,1,2,10:05,2,2,9
2023461303608,2023,461303608,1,1,1,1,64,9,3,0,0,0,0,0,9,6,E01019920,3,1,0.0,1.0,-1,6,50,1,6,1,04:32,7,1,9
2023461325145,2023,461325145,2,1,2,1,19,4,3,0,0,1,0,0,9,8,E01024650,3,1,0.0,1.0,-1,6,30,2,6,2,22:14,1,2,9
2023010466885,2023,010466885,1,2,2,-1,-1,-1,3,0,0,1,0,0,9,-1,-1,-1,0,0.0,1.0,-1,6,20,4,5,1,23:30,2,1,9
2023010444460,2023,010444460,1,1,3,1,12,3,2,5,1,0,0,0,0,6,E01002565,-1,0,1.0,0.0,-1,6,30,1,1,1,17:59,2,1,9
2023010449477,2023,010449477,1,1,3,2,16,4,3,10,9,0,0,0,0,5,E01004521,-1,0,0.0,1.0,-1,6,30,1,1,1,17:00,4,1,97
2023320779963,2023,320779963,1,1,1,1,63,9,2,0,0,0,0,0,1,1,E01026114,-1,0,1.0,0.0,-1,1,30,1,1,1,09:15,4,2,1
2023320725473,2023,320725473,1,1,1,2,35,6,3,0,0,0,0,0,1,1,E01026149,-1,0,0.11783,0.88217,-1,6,30,1,4,1,18:00,5,2,1
202360A009774,2023,60A009774,2,1,1,1,18,4,2,0,0,0,0,0,1,-1,-1,-1,0,1.0,0.0,-1,6,30,1,1,2,09:30,7,2,1
2023122300977,2023,122300977,1,1,1,2,62,9,3,0,0,0,0,0,1,10,E01013358,-1,0,0.06123,0.93877,-1,6,30,1,1,1,19:10,7,2,1
2023010468432,2023,010468432,1,1,1,1,25,5,3,0,0,0,0,0,20,4,E01001137,-1,0,0.0,1.0,-1,3,40,1,5,1,21:40,2,4,20
2023010441892,2023,010441892,1,1,1,1,27,6,3,0,0,0,0,0,3,2,E01003334,-1,0,0.0,1.0,-1,9,30,1,1,1,15:19,6,2,3
2023332300397,2023,332300397,1,1,1,2,60,9,3,0,0,0,0,0,4,6,E01025850,-1,0,0.10519,0.89481,-1,6,30,1,1,1,19:04,6,1,4
2023351342548,2023,351342548,2,1,1,1,38,7,2,0,0,0,0,0,5,8,E01015590,7,1,1.0,0.0,-1,6,60,1,1,1,16:55,5,2,5
2023010448516,2023,010448516,1,1,3,1,16,4,3,4,3,0,0,0,0,4,E01000769,-1,0,0.0,1.0,-1,6,30,1,1,1,13:30,2,1,9
2023411333467,2023,411333467,1,1,3,2,53,8,3,1,3,0,0,0,0,10,E01023667,3,1,0.0,1.0,-1,6,30,1,1,1,19:50,1,1,8
2023052300387,2023,052300387,2,1,1,1,46,8,3,0,0,0,0,0,8,1,E01006964,-1,0,0.09334,0.90666,-1,3,30,1,4,1,23:55,6,3,8
2023141265444,2023,141265444,1,2,2,1,36,7,3,0,0,1,0,0,9,6,E01027479,3,1,0.0,1.0,-1,1,30,1,4,1,17:50,4,2,9
2023531316483,2023,531316483,1,2,2,2,64,9,2,0,0,1,0,0,9,10,E01022167,6,1,1.0,0.0,-1,6,30,1,1,1,08:45,5,2,9
2023131301299,2023,131301299,1,1,1,1,15,3,3,0,0,0,0,0,1,2,E01011740,3,1,0.0,1.0,-1,6,30,1,1,1,08:42,4,2,1
2023440116335,2023,440116335,1,1,1,1,29,6,3,0,0,0,0,0,3,2,E01017149,-1,0,0.08759,0.91241,-1,1,30,1,1,1,17:30,5,2,3
2023401320377,2023,401320377,1,1,1,1,79,11,3,0,0,0,0,0,5,6,E01030040,3,1,0.0,1.0,-1,3,60,1,1,1,09:51,1,1,5
2023201453511,2023,201453511,2,3,2,1,31,6,3,0,0,1,0,0,9,3,E01009887,3,1,0.0,1.0,-1,3,40,1,4,2,20:24,7,2,9
2023311377337,2023,311377337,2,4,1,1,30,6,3,0,0,0,0,0,9,1,E01013533,3,1,0.0,1.0,-1,6,30,1,4,1,22:47,3,2,9
2023221265386,2023,221265386,3,4,2,1,84,11,3,0,0,1,0,0,9,9,E01028936,3,1,0.0,1.0,-1,6,60,1,6,2,21:21,3,3,9
2023010425775,2023,010425775,1,1,1,1,30,6,3,0,0,0,0,0,9,8,E01002379,-1,0,0.0,1.0,-1,3,50,1,6,1,03:00,1,1,9
202360A129504,2023,60A129504,3,1,2,2,12,3,3,0,0,2,0,0,9,-1,-1,-1,0,0.03562,0.96438,-1,6,60,2,1,2,11:28,2,3,9
2023010432804,2023,010432804,1,1,3,2,26,6,3,5,3,0,0,0,0,4,E01003129,-1,0,0.0,1.0,-1,3,20,1,4,2,00:05,7,2,9
2023061310034,2023,061310034,1,1,1,1,70,10,3,0,0,0,0,0,9,8,E01006045,3,1,0.0,1.0,-1,7,70,1,1,1,19:00,1,3,9
2023520400907,2023,520400907,1,1,1,1,77,11,3,0,0,0,0,0,9,9,E01019952,-1,0,0.05999,0.94001,-1,3,30,1,1,2,07:54,4,2,9
2023010472537,2023,010472537,2,1,1,1,28,6,3,0,0,0,0,0,9,3,E01003978,-1,0,0.0,1.0,-1,3,30,1,1,1,16:29,3,2,9
2023161368917,2023,161368917,2,1,1,2,60,9,3,0,0,0,0,0,9,2,E01013281,3,1,0.0,1.0,-1,6,30,1,4,1,06:54,6,2,9
2023552301058,2023,552301058,1,1,1,1,21,5,3,0,0,0,0,0,9,10,E01015455,-1,0,0.06271,0.93729,-1,6,30,2,6,2,23:15,5,1,9
2023991338192,2023,991338192,2,1,1,1,74,10,3,0,0,0,0,0,9,5,-1,3,1,0.0,1.0,-1,6,40,1,1,1,10:00,5,2,9
2023010428458,2023,010428458,1,2,2,1,0,1,3,0,0,0,4,0,11,5,E01002791,-1,0,0.0,1.0,-1,3,20,1,4,1,18:25,3,2,11
2023411325824,2023,411325824,2,1,1,1,41,7,3,0,0,0,0,0,20,4,E01023774,3,1,0.0,1.0,-1,6,30,1,1,1,14:05,5,2,20
2023141305406,2023,141305406,2,1,1,2,41,7,2,0,0,0,0,0,22,1,E01007574,7,1,1.0,0.0,-1,6,30,8,1,1,13:54,3,2,22
2023010471286,2023,010471286,2,1,1,2,32,6,2,0,0,0,0,0,1,2,E01002068,-1,0,1.0,0.0,-1,6,20,1,4,1,22:35,3,2,1
2023010419972,2023,010419972,1,1,1,1,44,7,2,0,0,0,0,0,3,1,E01024148,-1,0,1.0,0.0,-1,6,30,4,7,2,06:10,6,1,3
2023010436151,2023,010436151,2,1,1,2,31,6,3,0,0,0,0,0,1,3,E01003979,-1,0,0.0,1.0,-1,2,20,2,1,2,10:00,5,2,1
2023101374694,2023,101374694,3,1,1,1,18,4,3,0,0,0,0,0,1,-1,-1,3,1,0.0,1.0,-1,6,30,1,4,2,18:06,3,3,1
2023131343416,2023,131343416,1,1,1,1,62,9,2,0,0,0,0,0,1,6,E01011076,7,1,1.0,0.0,-1,6,40,1,1,1,13:58,7,2,1
2023010427276,2023,010427276,1,1,1,1,49,8,2,0,0,0,0,0,1,5,E01001278,-1,0,1.0,0.0,-1,3,30,1,4,1,18:30,6,2,1
2023991307019,2023,991307019,1,1,3,2,9,2,2,5,1,0,0,0,0,3,-1,5,1,1.0,0.0,-1,6,30,1,1,1,18:35,7,1,9
2023061363632,2023,061363632,2,1,1,2,42,7,3,0,0,0,0,0,9,1,E01004793,3,1,0.0,1.0,-1,6,30,1,4,1,19:30,4,2,9
2023141345240,2023,141345240,2,2,1,1,88,11,3,0,0,0,0,0,9,2,E01008037,3,1,0.0,1.0,-1,6,40,1,1,1,12:39,4,2,9
2023201315429,2023,201315429,2,1,1,1,38,7,3,0,0,0,0,0,9,1,E01009574,3,1,0.0,1.0,-1,6,30,1,1,1,17:30,1,2,9
2023010454121,2023,010454121,2,2,1,2,67,10,3,0,0,0,0,0,9,5,E01004381,-1,0,0.0,1.0,-1,3,20,1,1,1,10:00,1,2,9
2023141306819,2023,141306819,1,2,2,2,33,6,2,0,0,1,0,0,9,3,E01007504,7,1,1.0,0.0,-1,6,30,1,1,1,17:45,6,2,9
2023471258878,2023,471258878,2,2,2,1,75,10,3,0,0,1,0,0,9,3,E01031400,3,1,0.0,1.0,-1,6,60,1,1,2,15:13,2,3,9
2023340WN1902,2023,340WN1902,2,1,1,2,20,4,3,0,0,0,0,0,9,10,E01027291,-1,0,0.0169,0.9831,-1,1,40,2,4,2,20:40,3,2,9
2023302300480,2023,302300480,1,1,1,1,19,4,3,0,0,0,0,0,9,4,E01019570,-1,0,0.05604,0.94396,-1,6,30,2,4,2,22:22,5,2,9
2023501326999,2023,501326999,2,1,1,1,47,8,3,0,0,0,0,0,9,6,E01018858,3,1,0.0,1.0,-1,6,60,1,1,1,08:21,6,3,9
2023501365805,2023,501365805,1,1,1,1,17,4,3,0,0,0,0,0,9,7,E01020300,3,1,0.0,1.0,-1,6,60,2,6,2,00:25,7,1,9
202354B493123,2023,54B493123,2,1,1,1,49,8,3,0,0,0,0,0,9,3,E01032094,-1,0,0.0535,0.9465,-1,6,60,1,1,2,16:38,2,2,9
2023010463613,2023,010463613,1,1,1,1,33,6,3,0,0,0,0,0,9,2,E01000509,-1,0,0.0,1.0,-1,9,30,9,1,9,12:03,7,2,9
2023411348463,2023,411348463,1,1,1,1,73,10,3,0,0,0,0,0,9,7,E01023651,3,1,0.0,1.0,-1,7,70,1,1,1,20:03,7,2,9