collision_index,collision_year,collision_ref_no,vehicle_reference,casualty_reference,casualty_class,sex_of_casualty,age_of_casualty,age_band_of_casualty,casualty_severity,pedestrian_location,pedestrian_movement,car_passenger,bus_or_coach_passenger,pedestrian_road_maintenance_worker,casualty_type,casualty_imd_decile,lsoa_of_casualty,enhanced_casualty_severity,casualty_injury_based,casualty_adjusted_severity_serious,casualty_adjusted_severity_slight,casualty_distance_banding,road_type,speed_limit,weather_conditions,light_conditions,road_surface_conditions,time,day_of_week,number_of_vehicles,vehicle_type
2023440146158,2023,440146158,2,3,1,1,61,9,3,0,0,0,0,0,9,5,E01017151,-1,0,0.10041,0.89959,-1,3,70,2,1,2,14:40,6,2,9
2023440480647,2023,440480647,1,1,1,1,36,7,3,0,0,0,0,0,9,10,E01016634,-1,0,0.00595,0.99405,-1,6,40,1,4,1,18:30,5,2,9
2023351369324,2023,351369324,1,1,3,2,54,8,2,9,5,0,0,0,0,2,E01015654,7,1,1.0,0.0,-1,6,30,2,4,2,21:30,7,1,8
2023010427823,2023,010427823,1,1,1,1,36,7,2,0,0,0,0,0,1,5,E01003028,-1,0,1.0,0.0,-1,2,20,2,4,1,19:05,6,1,1
2023421333783,2023,421333783,2,1,1,1,12,3,2,0,0,0,0,0,1,6,E01015863,7,1,1.0,0.0,-1,6,30,1,1,1,15:26,3,2,1
2023501378385,2023,501378385,2,1,1,2,48,8,3,0,0,0,0,0,1,4,E01018988,3,1,0.0,1.0,-1,1,30,1,1,1,07:15,2,2,1
2023351361018,2023,351361018,1,1,1,1,27,6,3,0,0,0,0,0,2,7,E01018279,3,1,0.0,1.0,-1,3,70,1,1,1,16:28,2,1,2
2023010421396,2023,010421396,1,2,2,-1,-1,-1,3,0,0,1,0,0,9,2,E01004284,-1,0,0.0,1.0,-1,9,70,9,7,9,17:00,7,1,9
2023010438113,2023,010438113,1,1,1,2,32,6,3,0,0,0,0,0,9,10,E01030299,-1,0,0.0,1.0,-1,3,40,1,1,1,18:16,3,2,9
2023201376430,2023,201376430,2,1,2,1,23,5,3,0,0,2,0,0,9,1,E01013484,3,1,0.0,1.0,-1,6,30,2,4,2,19:48,5,2,9
2023311297655,2023,311297655,1,1,3,1,31,6,3,6,9,0,0,0,0,-1,-1,3,1,0.0,1.0,-1,6,30,9,4,1,02:00,7,1,9
2023010427344,2023,010427344,1,1,1,1,21,5,3,0,0,0,0,0,1,2,E01002530,-1,0,0.0,1.0,-1,6,20,1,1,1,16:15,4,2,1
2023421387510,2023,421387510,2,1,1,1,43,7,3,0,0,0,0,0,5,4,E01021843,3,1,0.0,1.0,-1,1,40,2,7,2,19:00,5,2,5
2023010429073,2023,010429073,2,1,1,1,69,10,3,0,0,0,0,0,9,5,E01001500,-1,0,0.0,1.0,-1,6,30,1,1,1,12:31,7,2,9
2023061382078,2023,061382078,3,1,1,1,54,8,3,0,0,0,0,0,9,-1,-1,3,1,0.0,1.0,-1,3,70,2,4,2,16:57,1,3,9
2023201340573,2023,201340573,1,1,1,1,31,6,2,0,0,0,0,0,9,2,E01009151,6,1,1.0,0.0,-1,6,30,1,1,1,08:58,6,2,9
2023340NN2812,2023,340NN2812,1,1,1,2,56,9,3,0,0,0,0,0,9,1,E01026968,-1,0,0.08741,0.91259,-1,6,30,1,1,1,18:30,3,2,9
2023440316513,2023,440316513,2,2,2,2,20,4,3,0,0,1,0,0,9,8,E01022829,-1,0,0.03787,0.96213,-1,6,30,1,1,1,14:54,1,2,9
2023471356349,2023,471356349,1,1,3,2,77,11,2,9,5,0,0,0,0,5,E01031807,7,1,1.0,0.0,-1,6,30,1,1,1,12:00,7,1,9
2023411340693,2023,411340693,1,1,1,2,61,9,3,0,0,0,0,0,9,8,E01023312,3,1,0.0,1.0,-1,6,30,1,1,1,11:39,1,2,9
2023421283691,2023,421283691,2,1,1,1,35,6,2,0,0,0,0,0,9,6,E01021855,6,1,1.0,0.0,-1,6,40,1,4,2,18:58,2,2,9
2023421359383,2023,421359383,2,1,1,1,59,9,3,0,0,0,0,0,9,10,E01023502,3,1,0.0,1.0,-1,6,60,2,1,2,17:00,6,2,9
2023991367966,2023,991367966,2,2,1,2,57,9,3,0,0,0,0,0,9,-1,-1,3,1,0.0,1.0,-1,3,50,1,1,1,14:30,6,2,9
2023522400529,2023,522400529,1,1,1,2,25,5,3,0,0,0,0,0,-1,8,E01014552,-1,0,0.02101,0.97899,-1,6,20,1,4,1,07:20,6,2,-1
2023421316566,2023,421316566,1,1,3,1,45,7,2,9,8,0,0,0,0,5,E01033141,7,1,1.0,0.0,-1,6,20,1,1,1,19:05,5,1,9
2023122300984,2023,122300984,1,1,1,2,24,5,3,0,0,0,0,0,9,5,E01027630,-1,0,0.01312,0.98688,-1,6,60,1,1,1,08:07,4,2,9
2023430560048,2023,430560048,2,1,1,2,56,9,3,0,0,0,0,0,9,-1,-1,-1,0,0.12256,0.87744,-1,6,60,8,6,2,22:43,5,3,9
202360A012616,2023,60A012616,2,2,1,1,47,8,3,0,0,0,0,0,9,-1,-1,-1,0,0.06688,0.93312,-1,6,30,8,4,1,06:35,6,2,9
2023010449329,2023,010449329,1,1,1,2,29,6,3,0,0,0,0,0,9,5,E01004492,-1,0,0.0,1.0,-1,6,20,1,1,1,20:30,5,3,9
2023070623240,2023,070623240,1,1,1,2,53,8,3,0,0,0,0,0,9,-1,-1,-1,0,0.05139,0.94861,-1,6,20,2,1,2,17:30,3,2,9
2023340NN0612,2023,340NN0612,2,1,1,2,68,10,3,0,0,0,0,0,9,7,E01027050,-1,0,0.04908,0.95092,-1,6,30,1,1,2,15:15,7,2,9
2023010436027,2023,010436027,1,1,3,2,24,5,3,5,3,0,0,0,0,2,E01004251,-1,0,0.0,1.0,-1,9,30,9,1,9,18:06,4,1,9
2023161350187,2023,161350187,2,1,3,1,54,8,3,5,9,0,0,2,0,2,E01012863,3,1,0.0,1.0,-1,6,30,1,1,1,17:20,5,2,1
2023141292648,2023,141292648,2,1,1,2,52,8,3,0,0,0,0,0,9,6,E01027923,3,1,0.0,1.0,-1,6,30,2,4,2,23:04,6,2,9
2023201403335,2023,201403335,1,1,1,2,45,7,2,0,0,0,0,0,9,6,E01032134,7,1,1.0,0.0,-1,6,30,1,1,1,16:06,5,2,9
2023070495669,2023,070495669,2,2,1,2,52,8,3,0,0,0,0,0,9,10,E01018506,-1,0,0.02189,0.97811,-1,3,40,1,1,1,19:46,5,2,9
2023201296136,2023,201296136,1,2,2,2,36,7,3,0,0,2,0,0,9,1,E01010543,3,1,0.0,1.0,-1,3,30,2,1,2,17:12,2,2,9
2023361356402,2023,361356402,1,1,2,2,67,10,1,0,0,1,0,0,9,7,E01026421,1,1,0.0,0.0,-1,6,60,1,1,1,11:35,2,1,9
2023440228532,2023,440228532,1,2,2,2,65,9,3,0,0,1,0,0,9,7,E01017329,-1,0,0.10888,0.89112,-1,6,60,1,1,1,14:27,6,2,9
2023010454637,2023,010454637,1,3,2,2,45,7,3,0,0,0,4,0,11,1,E01002093,-1,0,0.0,1.0,-1,6,20,1,1,1,16:30,3,1,11
2023010483106,2023,010483106,1,2,3,1,24,5,2,5,9,0,0,0,0,3,E01000441,-1,0,1.0,0.0,-1,6,30,1,4,1,19:48,7,2,9
2023041317916,2023,041317916,1,1,3,1,14,3,3,10,2,0,0,0,0,9,E01025596,3,1,0.0,1.0,-1,6,20,1,1,1,19:00,4,1,9
2023010468636,2023,010468636,1,1,1,1,27,6,3,0,0,0,0,0,9,7,E01002172,-1,0,0.0,1.0,-1,6,30,1,4,1,00:22,2,2,9
2023332300821,2023,332300821,1,1,1,2,32,6,3,0,0,0,0,0,9,6,E01025878,-1,0,0.05549,0.94451,-1,6,40,1,4,1,00:06,1,1,9
2023351381265,2023,351381265,2,1,1,2,49,8,3,0,0,0,0,0,9,2,E01018071,3,1,0.0,1.0,-1,6,30,1,1,1,09:34,7,2,9
2023461304614,2023,461304614,1,1,1,1,83,11,3,0,0,0,0,0,22,3,E01024656,3,1,0.0,1.0,-1,6,30,1,1,1,14:02,7,2,22
2023161295857,2023,161295857,1,1,3,2,15,3,3,1,3,0,0,0,0,2,E01013331,3,1,0.0,1.0,-1,6,30,1,1,2,08:00,6,1,19
2023201416436,2023,201416436,1,1,3,2,19,4,3,5,3,0,0,2,0,-1,-1,3,1,0.0,1.0,-1,6,30,2,1,1,11:01,4,1,9
2023302301574,2023,302301574,1,3,3,2,45,7,3,6,9,0,0,0,0,8,E01019586,-1,0,0.20347,0.79653,-1,6,30,1,4,1,23:22,7,1,9
2023430060625,2023,430060625,1,1,3,2,42,7,3,5,4,0,0,0,0,3,E01016465,-1,0,0.14419,0.85581,-1,6,30,1,1,1,09:20,5,1,9
2023061305323,2023,061305323,2,1,1,2,43,7,3,0,0,0,0,0,1,3,E01005506,3,1,0.0,1.0,-1,6,30,1,1,1,10:55,2,2,1
2023010431774,2023,010431774,1,1,1,1,52,8,3,0,0,0,0,0,9,6,E01001342,-1,0,0.0,1.0,-1,6,20,1,1,1,12:10,1,2,9
2023101330486,2023,101330486,1,1,2,2,80,11,2,0,0,1,0,0,9,2,E01008383,6,1,1.0,0.0,-1,6,60,1,6,1,02:00,6,2,9
2023451341943,2023,451341943,2,3,2,2,10,2,3,0,0,2,0,0,9,6,E01030587,3,1,0.0,1.0,-1,6,60,1,1,1,09:30,1,2,9
2023010466051,2023,010466051,1,1,3,2,64,9,3,1,1,0,0,0,0,4,E01002833,-1,0,0.0,1.0,-1,6,20,1,1,1,17:51,5,1,9
2023311304211,2023,311304211,1,1,3,1,40,7,3,8,3,0,0,0,0,1,E01013839,3,1,0.0,1.0,-1,6,20,1,1,1,13:20,4,1,9
2023031320627,2023,031320627,2,1,1,1,22,5,3,0,0,0,0,0,3,-1,-1,3,1,0.0,1.0,-1,6,30,2,1,2,08:19,3,2,3
2023061310868,2023,061310868,1,1,2,1,30,6,3,0,0,1,0,0,9,-1,-1,3,1,0.0,1.0,-1,3,30,1,1,1,12:00,5,2,9
2023201289039,2023,201289039,2,3,2,2,73,10,3,0,0,-1,0,0,9,8,E01010333,3,1,0.0,1.0,-1,6,30,1,1,2,11:38,2,4,9
2023440504580,2023,440504580,1,1,2,2,19,4,3,0,0,1,0,0,9,10,E01030998,-1,0,0.18798,0.81202,-1,6,60,1,4,2,23:46,1,1,9
2023201299373,2023,201299373,1,1,1,1,33,6,3,0,0,0,0,0,9,1,E01010308,3,1,0.0,1.0,-1,6,30,2,1,2,19:30,6,2,9
2023302301597,2023,302301597,1,3,2,-1,13,3,3,0,0,2,0,0,9,-1,-1,-1,0,0.1103,0.8897,-1,6,60,1,1,2,16:22,5,1,9
2023010474594,2023,010474594,1,1,3,2,56,9,3,6,9,0,0,0,0,2,E01001696,-1,0,0.0,1.0,-1,9,20,2,4,2,18:51,7,1,11
2023161312925,2023,161312925,2,1,1,1,54,8,3,0,0,0,0,0,1,10,E01013042,3,1,0.0,1.0,-1,6,30,1,1,1,14:00,7,2,1
2023010428607,2023,010428607,1,1,1,1,40,7,3,0,0,0,0,0,3,2,E01001250,-1,0,0.0,1.0,-1,9,20,1,1,1,14:30,3,2,3
2023211391606,2023,211391606,1,1,1,1,55,8,3,0,0,0,0,0,9,2,E01014302,3,1,0.0,1.0,-1,6,40,8,1,2,07:28,3,2,9
2023440077842,2023,440077842,1,1,2,2,21,5,3,0,0,2,0,0,9,8,E01032841,-1,0,0.11804,0.88196,-1,6,30,1,4,1,04:59,7,1,9
2023440507228,2023,440507228,1,1,1,2,44,7,3,0,0,0,0,0,9,6,E01022486,-1,0,0.04844,0.95156,-1,6,30,1,4,1,16:49,3,2,9
2023201370135,2023,201370135,2,1,1,1,46,8,3,0,0,0,0,0,19,3,E01010427,3,1,0.0,1.0,-1,6,30,1,1,1,06:05,5,2,19
2023481367227,2023,481367227,1,1,3,2,23,5,3,4,3,0,0,0,0,-1,-1,3,1,0.0,1.0,-1,6,20,1,1,1,17:00,6,1,8
2023010453860,2023,010453860,2,1,1,1,18,4,2,0,0,0,0,0,1,6,E01004749,-1,0,1.0,0.0,-1,2,30,1,4,1,21:30,6,2,1
2023041373112,2023,041373112,2,1,1,2,45,7,3,0,0,0,0,0,9,-1,-1,3,1,0.0,1.0,-1,6,30,1,1,1,16:45,3,2,9
2023421386575,2023,421386575,1,3,2,2,77,11,3,0,0,1,0,0,9,7,E01021920,3,1,0.0,1.0,-1,6,30,1,1,2,07:30,2,1,9
2023991327259,2023,991327259,2,2,2,2,13,3,3,0,0,2,0,0,9,-1,-1,3,1,0.0,1.0,-1,6,60,1,1,1,11:00,7,2,9
2023311376605,2023,311376605,2,1,1,1,54,8,3,0,0,0,0,0,19,4,E01012995,3,1,0.0,1.0,-1,6,40,1,1,1,08:54,2,2,19
2023052300833,2023,052300833,2,1,1,2,32,6,3,0,0,0,0,0,9,1,E01006720,-1,0,0.01267,0.98733,-1,6,30,1,1,1,16:36,3,2,9
2023061388601,2023,061388601,2,1,1,2,21,5,3,0,0,0,0,0,9,3,E01006126,3,1,0.0,1.0,-1,1,30,1,1,-1,11:00,6,3,9
2023371343182,2023,371343182,1,3,2,1,10,2,3,0,0,2,0,0,9,7,E01033540,3,1,0.0,1.0,-1,6,60,1,1,2,14:58,3,3,9
2023451369582,2023,451369582,1,1,1,2,60,9,3,0,0,0,0,0,9,6,E01030765,3,1,0.0,1.0,-1,6,30,2,4,2,22:50,4,2,9
2023461271729,2023,461271729,2,1,1,1,36,7,3,0,0,0,0,0,9,1,E01024177,3,1,0.0,1.0,-1,6,30,1,1,1,16:30,7,2,9
2023421337836,2023,421337836,2,1,1,2,13,3,3,0,0,0,0,0,1,5,E01021647,3,1,0.0,1.0,-1,1,40,1,1,1,18:15,3,2,1
2023440373917,2023,440373917,2,1,1,1,32,6,3,0,0,0,0,0,1,7,E01017049,-1,0,0.17255,0.82745,-1,6,30,1,1,1,18:21,4,3,1
2023440385254,2023,440385254,2,1,1,1,20,4,2,0,0,0,0,0,2,10,E01032870,-1,0,1.0,0.0,-1,6,30,1,1,1,08:24,5,2,2
2023361261692,2023,361261692,2,1,1,1,49,8,2,0,0,0,0,0,5,6,E01026547,7,1,1.0,0.0,-1,6,30,1,4,2,17:48,3,2,5
2023010469103,2023,010469103,1,2,2,2,40,7,3,0,0,2,0,0,9,2,E01000076,-1,0,0.0,1.0,-1,3,20,1,4,1,23:53,6,3,9
2023041349262,2023,041349262,1,2,2,1,21,5,3,0,0,1,0,0,9,3,E01025289,3,1,0.0,1.0,-1,3,30,1,1,1,17:19,3,3,9
2023101328772,2023,101328772,2,1,1,1,50,8,3,0,0,0,0,0,9,-1,-1,3,1,0.0,1.0,-1,3,70,1,1,1,11:43,5,2,9
2023201376016,2023,201376016,2,3,2,2,-1,-1,3,0,0,2,0,0,9,3,E01008977,3,1,0.0,1.0,-1,6,30,1,1,1,12:20,2,2,9
2023421279682,2023,421279682,2,1,1,1,31,6,2,0,0,0,0,0,9,2,E01030013,7,1,1.0,0.0,-1,6,30,1,4,1,18:11,3,2,9
2023041283058,2023,041283058,1,1,3,2,19,4,3,8,7,0,0,0,0,3,E01025246,3,1,0.0,1.0,-1,6,20,8,1,1,11:37,4,1,9
2023430006773,2023,430006773,1,1,3,2,32,6,3,9,8,0,0,0,0,8,E01016327,-1,0,0.05341,0.94659,-1,6,30,1,1,2,16:30,5,1,1
2023522300463,2023,522300463,1,2,3,1,78,11,1,6,9,0,0,0,0,5,E01014642,-1,0,0.0,0.0,-1,6,30,1,1,1,14:45,2,1,9
2023010447323,2023,010447323,1,1,1,1,31,6,3,0,0,0,0,0,3,6,E01001084,-1,0,0.0,1.0,-1,2,30,1,1,1,14:30,3,2,3
2023010453657,2023,010453657,2,1,1,1,44,7,3,0,0,0,0,0,9,1,E01003515,-1,0,0.0,1.0,-1,1,30,1,4,1,00:07,6,2,9
2023041302872,2023,041302872,2,1,1,2,18,4,3,0,0,0,0,0,9,3,E01012726,3,1,0.0,1.0,-1,6,20,1,1,1,11:53,3,2,9
2023070232095,2023,070232095,1,3,2,1,14,3,2,0,0,2,0,0,9,2,E01033657,-1,0,1.0,0.0,-1,6,30,2,4,2,03:15,1,2,9
2023610045923,2023,610045923,1,2,2,2,32,6,3,0,0,1,0,0,9,7,W01000997,-1,0,0.01184,0.98816,-1,3,50,2,4,2,17:00,4,2,9
2023010442354,2023,010442354,2,1,1,1,48,8,3,0,0,0,0,0,1,4,E01003114,-1,0,0.0,1.0,-1,6,20,1,1,1,07:50,5,2,1
2023010476266,2023,010476266,2,1,1,1,-1,-1,3,0,0,0,0,0,1,6,E01001565,-1,0,0.0,1.0,-1,6,30,1,1,1,08:20,2,3,1
2023311319437,2023,311319437,2,2,2,2,8,2,3,0,0,1,0,0,9,6,E01013250,3,1,0.0,1.0,-1,6,60,1,1,1,17:11,3,2,9
2023501444190,2023,501444190,1,2,2,2,85,11,3,0,0,1,0,0,9,3,E01018958,3,1,0.0,1.0,-1,6,30,8,1,2,15:40,6,1,9
2023552301474,2023,552301474,1,3,2,1,12,3,3,0,0,2,0,0,9,1,E01020569,-1,0,0.07893,0.92107,-1,6,60,5,1,5,14:34,5,1,9
2023070065414,2023,070065414,1,2,1,1,59,9,3,0,0,0,0,0,19,3,E01005954,-1,0,0.04485,0.95515,-1,6,40,1,1,1,08:00,2,2,19
2023201314152,2023,201314152,2,2,2,1,19,4,3,0,0,-1,0,0,9,-1,-1,3,1,0.0,1.0,-1,2,30,1,4,1,23:16,6,2,9
2023361316139,2023,361316139,1,1,1,1,20,4,3,0,0,0,0,0,9,4,E01026458,3,1,0.0,1.0,-1,6,60,1,6,1,22:16,4,2,9
2023010455744,2023,010455744,1,3,3,2,46,8,2,3,1,0,0,0,0,9,E01000207,-1,0,1.0,0.0,-1,6,30,1,1,1,15:10,2,3,9
2023052300259,2023,052300259,1,1,3,2,11,3,3,5,1,0,0,0,0,8,E01006684,-1,0,0.13528,0.86472,-1,9,30,1,1,1,16:15,5,1,9
2023052300348,2023,052300348,2,2,2,1,36,7,3,0,0,1,0,0,9,5,E01007243,-1,0,0.00902,0.99098,-1,3,70,1,5,1,18:15,7,2,9
2023332300609,2023,332300609,2,1,1,1,52,8,2,0,0,0,0,0,9,8,E01025948,-1,0,1.0,0.0,-1,6,60,1,1,2,16:50,3,2,9
2023461267581,2023,461267581,1,1,1,2,80,11,3,0,0,0,0,0,9,6,E01024568,3,1,0.0,1.0,-1,6,30,1,1,1,11:31,2,1,9
2023201285438,2023,201285438,3,2,1,1,13,3,3,0,0,0,0,0,1,3,E01009294,3,1,0.0,1.0,-1,6,30,1,1,2,09:00,3,3,1
2023010464736,2023,010464736,1,1,1,1,54,8,2,0,0,0,0,0,5,5,E01024075,-1,0,1.0,0.0,-1,3,50,1,1,1,06:28,6,2,5
2023211358271,2023,211358271,2,1,2,2,46,8,3,0,0,1,0,0,9,8,E01029435,3,1,0.0,1.0,-1,6,30,2,1,2,15:30,1,2,9
2023440470935,2023,440470935,1,1,1,2,24,5,3,0,0,0,0,0,9,7,E01023206,-1,0,0.0675,0.9325,-1,3,60,2,6,2,16:38,6,2,9
2023340WN5302,2023,340WN5302,1,1,1,1,50,8,3,0,0,0,0,0,9,9,E01027254,-1,0,0.13985,0.86015,-1,6,60,7,1,2,07:37,6,1,9
2023141404104,2023,141404104,1,1,2,1,43,7,3,0,0,2,0,0,90,-1,-1,3,1,0.0,1.0,-1,6,30,1,7,1,00:45,1,1,90
2023010421477,2023,010421477,1,1,1,1,57,9,3,0,0,0,0,0,9,4,E01003220,-1,0,0.0,1.0,-1,6,20,1,4,1,05:58,1,2,9
2023622300997,2023,622300997,4,6,2,2,70,10,3,0,0,1,0,0,9,10,W01001841,-1,0,0.01612,0.98388,-1,3,50,2,1,2,10:51,5,4,9
2023010464596,2023,010464596,1,1,1,2,42,7,3,0,0,0,0,0,1,3,E01004747,-1,0,0.0,1.0,-1,9,20,1,1,1,08:45,4,2,1
2023332300932,2023,332300932,1,1,1,2,13,3,3,0,0,0,0,0,1,1,E01013679,-1,0,0.02056,0.97944,-1,6,30,1,4,1,19:15,4,2,1
2023052302255,2023,052302255,1,1,1,1,75,10,3,0,0,0,0,0,9,3,E01007297,-1,0,0.16542,0.83458,-1,6,50,1,1,1,17:46,6,2,9
2023052302372,2023,052302372,1,1,1,2,48,8,3,0,0,0,0,0,9,8,E01007110,-1,0,0.05401,0.94599,-1,6,20,1,1,1,15:40,7,2,9
2023101294362,2023,101294362,2,1,1,2,49,8,3,0,0,0,0,0,9,2,E01008482,3,1,0.0,1.0,-1,6,30,1,1,1,10:45,1,2,9
2023430209172,2023,430209172,2,1,1,2,53,8,2,0,0,0,0,0,9,2,E01013502,-1,0,1.0,0.0,-1,3,70,1,1,1,15:27,7,2,9
2023440352811,2023,440352811,2,1,2,2,78,11,3,0,0,1,0,0,9,9,E01032617,-1,0,0.10805,0.89195,-1,3,50,1,1,1,14:19,5,2,9
2023101371939,2023,101371939,1,1,3,1,33,6,2,6,5,0,0,0,0,5,E01008359,7,1,1.0,0.0,-1,6,20,1,1,1,09:40,2,1,9
2023351317574,2023,351317574,2,1,1,1,31,6,3,0,0,0,0,0,1,2,E01017946,3,1,0.0,1.0,-1,3,30,1,1,1,19:07,4,2,1
2023440046969,2023,440046969,1,2,2,1,27,6,3,0,0,1,0,0,9,6,E01022875,-1,0,0.06019,0.93981,-1,6,30,1,4,1,19:21,6,2,9
2023010450677,2023,010450677,1,1,3,2,75,10,2,1,3,0,0,0,0,6,E01004481,-1,0,1.0,0.0,-1,6,30,1,1,1,10:22,5,1,3
2023010433864,2023,010433864,1,1,1,1,46,8,3,0,0,0,0,0,3,3,E01001547,-1,0,0.0,1.0,-1,6,30,2,4,1,21:00,5,2,3
2023371368668,2023,371368668,2,1,1,1,50,8,3,0,0,0,0,0,3,4,E01030236,3,1,0.0,1.0,-1,6,30,1,4,1,18:31,2,2,3
2023610002823,2023,610002823,1,1,1,1,23,5,3,0,0,0,0,0,3,1,W01001687,-1,0,0.19196,0.80804,-1,1,50,1,1,1,14:28,4,2,3
2023311342489,2023,311342489,2,2,1,2,25,5,3,0,0,0,0,0,9,10,E01026184,3,1,0.0,1.0,-1,6,30,1,1,1,12:44,2,3,9
2023201289066,2023,201289066,1,1,3,2,47,8,3,1,1,0,0,2,0,5,E01009946,3,1,0.0,1.0,-1,3,40,1,1,2,12:30,2,1,9
2023010448694,2023,010448694,1,1,1,1,17,4,2,0,0,0,0,0,3,7,E01000748,-1,0,1.0,0.0,-1,6,30,1,4,1,22:07,4,2,3
2023010484809,2023,010484809,2,1,1,1,35,6,3,0,0,0,0,0,3,2,E01001878,-1,0,0.0,1.0,-1,6,20,1,4,1,17:14,2,5,3
2023010421459,2023,010421459,3,1,1,1,40,7,3,0,0,0,0,0,8,2,E01000007,-1,0,0.0,1.0,-1,6,20,1,4,1,02:20,1,3,8
2023010445222,2023,010445222,1,1,1,2,52,8,3,0,0,0,0,0,9,9,E01002432,-1,0,0.0,1.0,-1,6,30,1,1,1,08:10,5,2,9
2023122301230,2023,122301230,2,1,1,2,28,6,3,0,0,0,0,0,9,4,E01012990,-1,0,0.01009,0.98991,-1,6,30,1,1,1,10:00,4,2,9
2023451325065,2023,451325065,2,3,2,2,30,6,3,0,0,1,0,0,9,8,E01001924,3,1,0.0,1.0,-1,6,40,1,1,1,13:04,7,2,9
2023610002323,2023,610002323,1,1,3,1,57,9,3,4,1,0,0,0,0,3,W01001527,-1,0,0.21079,0.78921,-1,6,30,2,4,2,17:44,1,1,9
2023430025236,2023,430025236,1,1,1,1,26,6,3,0,0,0,0,0,5,-1,-1,-1,0,0.15509,0.84491,-1,6,30,1,4,4,19:18,3,2,5
2023010420870,2023,010420870,1,1,1,1,38,7,3,0,0,0,0,0,9,6,E01002601,-1,0,0.0,1.0,-1,6,20,1,4,1,19:02,2,2,9
2023010466612,2023,010466612,1,4,2,2,28,6,3,0,0,2,0,0,9,3,E01003686,-1,0,0.0,1.0,-1,6,30,1,1,2,15:00,1,2,9
2023311314000,2023,311314000,2,2,1,1,40,7,2,0,0,0,0,0,9,1,E01013846,7,1,1.0,0.0,-1,6,40,8,4,1,01:46,6,2,9
2023332300538,2023,332300538,1,1,1,2,36,7,3,0,0,0,0,0,9,-1,-1,-1,0,0.00485,0.99515,-1,6,30,1,1,1,13:14,1,2,9
2023501285308,2023,501285308,2,1,1,1,42,7,3,0,0,0,0,0,9,1,E01015145,3,1,0.0,1.0,-1,6,20,2,1,2,11:05,7,2,9
2023991279179,2023,991279179,1,1,1,2,93,11,2,0,0,0,0,0,9,10,-1,6,1,1.0,0.0,-1,3,40,1,1,1,13:00,3,2,9
2023122301435,2023,122301435,1,1,3,1,48,8,3,5,1,0,0,0,0,7,E01027646,-1,0,0.14283,0.85717,-1,6,30,1,1,1,16:00,4,1,9
2023010423636,2023,010423636,1,1,1,1,34,6,3,0,0,0,0,0,3,1,E01001559,-1,0,0.0,1.0,-1,9,20,9,1,9,17:00,3,2,3
2023010475297,2023,010475297,1,1,1,1,35,6,3,0,0,0,0,0,3,4,E01004150,-1,0,0.0,1.0,-1,9,30,1,1,1,18:07,3,2,3
2023201364054,2023,201364054,2,2,1,2,38,7,3,0,0,0,0,0,9,1,E01006050,3,1,0.0,1.0,-1,3,60,1,1,1,18:15,7,2,9
2023411308761,2023,411308761,1,2,2,1,12,3,3,0,0,1,0,0,9,7,E01023679,3,1,0.0,1.0,-1,6,30,1,1,1,15:30,2,2,9
2023010424492,2023,010424492,1,1,1,1,36,7,3,0,0,0,0,0,3,3,E01001446,-1,0,0.0,1.0,-1,6,20,1,1,1,14:20,2,2,3
2023010426193,2023,010426193,1,1,1,1,29,6,3,0,0,0,0,0,3,4,E01004642,-1,0,0.0,1.0,-1,6,20,1,4,1,01:50,5,2,3
2023221303947,2023,221303947,992,1,1,2,23,5,3,0,0,0,0,0,3,6,E01032401,3,1,0.0,1.0,-1,1,30,1,4,2,19:45,2,2,3
2023552301201,2023,552301201,1,2,2,1,35,6,3,0,0,0,0,0,4,9,E01015323,-1,0,0.20461,0.79539,-1,6,40,8,6,1,20:25,1,1,4
2023302300958,2023,302300958,1,1,2,2,34,6,3,0,0,2,0,0,9,-1,-1,-1,0,0.06092,0.93908,-1,6,30,2,1,2,11:50,7,1,9
2023010477145,2023,010477145,1,1,1,1,20,4,3,0,0,0,0,0,1,2,E01003304,-1,0,0.0,1.0,-1,6,20,5,1,2,14:25,4,2,1
2023041340273,2023,041340273,2,2,2,2,19,4,3,0,0,1,0,0,9,4,E01012715,3,1,0.0,1.0,-1,6,30,1,1,1,14:15,4,2,9
2023061304154,2023,061304154,2,3,2,2,5,1,2,0,0,2,0,0,9,-1,-1,7,1,1.0,0.0,-1,6,30,1,1,1,20:13,5,2,9
2023101392460,2023,101392460,2,1,1,1,33,6,3,0,0,0,0,0,9,-1,-1,3,1,0.0,1.0,-1,1,60,2,1,2,08:54,4,2,9
2023161321508,2023,161321508,2,4,2,2,35,6,2,0,0,1,0,0,9,-1,-1,5,1,1.0,0.0,-1,6,30,1,4,1,21:30,7,2,9
2023320683447,2023,320683447,2,1,1,1,35,6,3,0,0,0,0,0,1,3,E01026124,-1,0,0.13969,0.86031,-1,6,30,1,4,1,18:11,6,2,1
2023361351662,2023,361351662,1,1,3,2,15,3,2,5,2,0,0,0,0,5,E01026435,5,1,1.0,0.0,-1,6,40,1,1,1,15:30,6,2,9
2023010423963,2023,010423963,1,1,2,2,36,7,3,0,0,1,0,0,9,3,E01003331,-1,0,0.0,1.0,-1,3,30,1,4,1,00:51,7,1,9