collision_index,collision_year,collision_ref_no,vehicle_reference,casualty_reference,casualty_class,sex_of_casualty,age_of_casualty,age_band_of_casualty,casualty_severity,pedestrian_location,pedestrian_movement,car_passenger,bus_or_coach_passenger,pedestrian_road_maintenance_worker,casualty_type,casualty_imd_decile,lsoa_of_casualty,enhanced_casualty_severity,casualty_injury_based,casualty_adjusted_severity_serious,casualty_adjusted_severity_slight,casualty_distance_banding,road_type,speed_limit,weather_conditions,light_conditions,road_surface_conditions,time,day_of_week,number_of_vehicles,vehicle_type
202363C019823,2023,63C019823,2,1,1,1,21,5,3,0,0,0,0,0,9,3,W01000568,-1,0,0.06414,0.93586,-1,6,50,2,1,2,14:30,7,2,9
2023302300025,2023,302300025,1,1,1,1,40,7,3,0,0,0,0,0,19,9,E01019624,-1,0,0.06808,0.93192,-1,6,40,4,1,2,10:45,5,1,19
2023501337626,2023,501337626,2,1,2,2,42,7,3,0,0,1,0,0,9,5,E01020122,3,1,0.0,1.0,-1,6,60,1,1,1,13:07,3,3,9
2023542823623,2023,542823623,2,2,1,2,43,7,3,0,0,0,0,0,9,7,E01031866,-1,0,0.03349,0.96651,-1,6,50,5,1,2,16:18,4,2,9
2023170S12343,2023,170S12343,1,1,1,1,22,5,2,0,0,0,0,0,23,2,E01012193,-1,0,1.0,0.0,-1,6,30,1,4,1,18:39,7,2,23
2023320643316,2023,320643316,1,1,3,2,17,4,3,5,1,0,0,0,0,9,E01026186,-1,0,0.08894,0.91106,-1,6,30,1,1,1,11:00,2,1,9
2023041353782,2023,041353782,2,1,1,1,15,3,3,0,0,0,0,0,1,1,E01025527,3,1,0.0,1.0,-1,3,40,2,4,2,20:30,2,2,1
2023052300891,2023,052300891,1,1,1,2,19,4,3,0,0,0,0,0,9,-1,-1,-1,0,0.01955,0.98045,-1,6,30,1,1,1,17:35,4,1,9
2023070952513,2023,070952513,1,2,2,1,45,7,3,0,0,1,0,0,9,4,E01006278,-1,0,0.10601,0.89399,-1,6,50,1,1,2,14:30,1,1,9
2023161353433,2023,161353433,1,1,2,2,64,9,3,0,0,1,0,0,9,-1,-1,3,1,0.0,1.0,-1,6,30,1,1,1,08:00,2,2,9
2023461280855,2023,461280855,2,2,1,1,82,11,3,0,0,0,0,0,9,8,E01023989,3,1,0.0,1.0,-1,6,30,1,1,1,18:39,5,2,9
2023211268014,2023,211268014,1,1,1,1,22,5,3,0,0,0,0,0,2,9,E01019841,3,1,0.0,1.0,-1,6,40,1,1,4,13:30,6,2,2
2023010463210,2023,010463210,1,1,1,1,33,6,3,0,0,0,0,0,3,2,E01001761,-1,0,0.0,1.0,-1,9,20,1,1,1,16:04,3,2,3
2023302300732,2023,302300732,2,2,1,1,24,5,3,0,0,0,0,0,4,5,E01028081,-1,0,0.17896,0.82104,-1,6,40,1,1,1,18:53,4,2,4
2023131383669,2023,131383669,2,1,1,1,30,6,3,0,0,0,0,0,9,1,E01010622,3,1,0.0,1.0,-1,6,30,2,4,2,00:50,5,2,9
2023421262231,2023,421262231,1,2,2,2,20,4,3,0,0,2,0,0,9,2,E01000533,3,1,0.0,1.0,-1,3,70,2,4,2,00:20,5,2,9
2023481377557,2023,481377557,1,2,2,1,22,5,2,0,0,1,0,0,9,-1,-1,7,1,1.0,0.0,-1,6,20,1,1,1,02:36,7,1,9
2023141265988,2023,141265988,2,1,1,1,60,9,3,0,0,0,0,0,9,5,E01007687,3,1,0.0,1.0,-1,3,70,1,6,2,16:45,5,2,9
2023501315224,2023,501315224,1,1,3,1,50,8,3,1,1,0,0,0,0,3,E01020114,3,1,0.0,1.0,-1,6,20,1,1,1,12:25,3,1,9
2023010433825,2023,010433825,1,1,3,2,30,6,3,1,1,0,0,0,0,-1,-1,-1,0,0.0,1.0,-1,6,20,2,4,2,19:35,5,1,9
2023501367033,2023,501367033,2,1,1,2,63,9,3,0,0,0,0,0,9,4,E01009139,3,1,0.0,1.0,-1,6,40,1,1,1,14:30,4,3,9
2023010455309,2023,010455309,1,1,1,1,51,8,3,0,0,0,0,0,9,7,E01004635,-1,0,0.0,1.0,-1,6,20,1,1,1,05:20,7,2,9
2023101386793,2023,101386793,2,2,1,2,49,8,3,0,0,0,0,0,9,7,E01008315,3,1,0.0,1.0,-1,7,30,2,1,2,07:15,7,2,9
2023522300398,2023,522300398,1,1,1,1,60,9,3,0,0,0,0,0,9,-1,-1,-1,0,0.02548,0.97452,-1,6,30,1,1,2,11:03,4,3,9
2023141366783,2023,141366783,1,1,3,1,41,7,3,1,1,0,0,0,0,-1,-1,3,1,0.0,1.0,-1,6,30,1,1,1,08:45,3,1,9
2023010473510,2023,010473510,1,1,3,1,46,8,3,6,9,0,0,0,0,4,E01024293,-1,0,0.0,1.0,-1,6,20,1,4,2,23:55,1,1,9
2023141311846,2023,141311846,1,1,3,1,51,8,3,6,9,0,0,0,0,1,E01007534,3,1,0.0,1.0,-1,6,20,1,1,1,15:30,3,1,90
2023010456650,2023,010456650,2,1,1,1,-1,-1,3,0,0,0,0,0,1,1,E01004198,-1,0,0.0,1.0,-1,6,20,2,1,2,13:25,7,3,1
2023122300265,2023,122300265,2,1,1,1,22,5,3,0,0,0,0,0,3,1,E01027847,-1,0,0.12849,0.87151,-1,6,30,1,1,1,15:57,1,2,3
2023440195549,2023,440195549,2,1,1,1,42,7,3,0,0,0,0,0,5,3,E01017105,-1,0,0.1811,0.8189,-1,6,30,1,1,1,07:00,5,2,5
2023010436251,2023,010436251,1,2,2,2,72,10,3,0,0,1,0,0,9,4,E01003690,-1,0,0.0,1.0,-1,3,50,1,1,1,14:35,5,2,9
2023061350842,2023,061350842,2,1,1,2,29,6,2,0,0,0,0,0,9,7,E01005856,7,1,1.0,0.0,-1,3,50,1,1,1,14:31,7,3,9
2023430492165,2023,430492165,1,1,3,1,13,3,3,5,4,0,0,0,0,7,E01028678,-1,0,0.12312,0.87688,-1,6,30,2,1,2,15:40,4,2,9
2023471334461,2023,471334461,2,1,1,2,37,7,3,0,0,0,0,0,3,4,E01016977,3,1,0.0,1.0,-1,6,30,1,1,2,20:15,2,2,3
2023302301551,2023,302301551,1,1,1,1,69,10,1,0,0,0,0,0,5,4,E01019492,-1,0,0.0,0.0,-1,6,40,1,1,1,14:50,3,1,5
2023221352374,2023,221352374,1,1,3,2,26,6,2,1,1,0,0,0,0,1,E01014142,5,1,1.0,0.0,-1,6,30,1,1,1,13:35,4,1,11
2023101290451,2023,101290451,1,3,1,1,45,7,3,0,0,0,0,0,9,9,E01020611,3,1,0.0,1.0,-1,6,30,1,1,1,15:30,6,2,9
2023211368720,2023,211368720,2,2,1,1,37,7,3,0,0,0,0,0,9,7,E01029498,3,1,0.0,1.0,-1,6,60,2,6,2,18:15,7,2,9
2023461380681,2023,461380681,1,1,1,2,52,8,3,0,0,0,0,0,9,6,E01023978,3,1,0.0,1.0,-1,6,40,1,1,1,15:03,6,2,9
2023522301183,2023,522301183,1,1,1,1,46,8,3,0,0,0,0,0,9,4,E01018880,-1,0,0.00289,0.99711,-1,6,30,1,1,1,07:42,6,2,9
2023311294934,2023,311294934,1,1,2,1,72,10,3,0,0,0,3,0,11,-1,-1,3,1,0.0,1.0,-1,3,20,1,1,1,11:58,3,1,11
2023201303385,2023,201303385,2,1,1,2,28,6,3,0,0,0,0,0,9,5,E01009267,3,1,0.0,1.0,-1,6,30,1,1,1,08:20,4,2,9
2023201393064,2023,201393064,2,3,2,2,60,9,3,0,0,1,0,0,9,2,E01010056,3,1,0.0,1.0,-1,6,30,2,1,2,12:10,6,2,9
2023451372300,2023,451372300,1,1,1,2,59,9,2,0,0,0,0,0,9,8,E01030602,7,1,1.0,0.0,-1,6,30,2,1,2,15:02,4,2,9
2023010484842,2023,010484842,1,1,1,2,28,6,3,0,0,0,0,0,9,5,E01002492,-1,0,0.0,1.0,-1,1,20,1,4,1,19:04,2,2,9
2023031276687,2023,031276687,1,1,1,1,62,9,3,0,0,0,0,0,9,-1,-1,3,1,0.0,1.0,-1,6,60,1,6,1,06:30,4,2,9
2023061281192,2023,061281192,2,2,2,2,30,6,3,0,0,-1,0,0,9,-1,-1,3,1,0.0,1.0,-1,6,30,1,4,1,20:34,6,2,9
2023421390878,2023,421390878,2,1,1,1,29,6,3,0,0,0,0,0,9,4,E01021425,3,1,0.0,1.0,-1,3,70,1,4,1,16:30,2,2,9
2023622300098,2023,622300098,2,2,1,1,22,5,3,0,0,0,0,0,9,7,W01000766,-1,0,0.01175,0.98825,-1,6,60,1,1,4,08:09,4,4,9
2023010463478,2023,010463478,1,2,3,1,36,7,3,10,9,0,0,0,0,8,E01002450,-1,0,0.0,1.0,-1,6,20,1,1,1,15:30,5,1,9
2023201290744,2023,201290744,1,1,3,1,87,11,3,5,1,0,0,0,0,-1,-1,3,1,0.0,1.0,-1,6,30,1,1,1,09:41,7,1,9
2023010450899,2023,010450899,1,1,1,1,28,6,3,0,0,0,0,0,1,2,E01003049,-1,0,0.0,1.0,-1,6,20,1,4,1,22:36,5,2,1
2023052302099,2023,052302099,2,1,1,1,54,8,3,0,0,0,0,0,1,1,E01007295,-1,0,0.1178,0.8822,-1,6,30,1,1,1,11:30,4,2,1
2023311391105,2023,311391105,2,1,1,2,30,6,3,0,0,0,0,0,1,4,E01019503,3,1,0.0,1.0,-1,6,30,1,4,1,16:50,3,2,1
2023010447677,2023,010447677,1,1,1,2,55,8,3,0,0,0,0,0,9,4,E01003441,-1,0,0.0,1.0,-1,6,20,1,1,1,09:50,5,2,9
2023501354894,2023,501354894,2,2,2,2,84,11,3,0,0,1,0,0,9,3,E01018990,3,1,0.0,1.0,-1,6,40,1,1,2,11:10,5,2,9
2023520300610,2023,520300610,2,47,2,1,39,7,3,0,0,0,4,0,11,9,W01001059,-1,0,0.06207,0.93793,-1,6,40,1,6,4,06:00,3,3,11
2023991319066,2023,991319066,2,2,1,1,35,6,3,0,0,0,0,0,9,7,-1,3,1,0.0,1.0,-1,6,60,1,1,1,12:30,5,3,9
2023010456791,2023,010456791,2,1,1,1,17,4,3,0,0,0,0,0,1,2,E01033737,-1,0,0.0,1.0,-1,7,30,1,1,2,11:35,1,2,1
2023471291025,2023,471291025,2,1,1,1,36,7,2,0,0,0,0,0,3,3,E01020991,7,1,1.0,0.0,-1,3,30,2,1,2,14:40,1,2,3
2023221272875,2023,221272875,1,1,1,1,19,4,3,0,0,0,0,0,9,5,E01028870,3,1,0.0,1.0,-1,6,60,1,6,2,07:04,3,2,9
2023010468696,2023,010468696,1,1,1,1,57,9,3,0,0,0,0,0,1,1,E01000508,-1,0,0.0,1.0,-1,6,20,1,1,1,10:32,2,2,1
2023010451877,2023,010451877,6,3,3,1,46,8,3,5,9,0,0,0,0,3,E01002402,-1,0,0.0,1.0,-1,6,20,1,1,1,19:33,3,6,9
2023101319438,2023,101319438,1,1,3,1,52,8,3,10,9,0,0,-1,0,-1,-1,3,1,0.0,1.0,-1,6,30,1,4,1,01:10,4,1,9
2023010479803,2023,010479803,1,1,1,2,37,7,3,0,0,0,0,0,1,3,E01001733,-1,0,0.0,1.0,-1,6,20,8,4,1,17:00,4,2,1
2023041283167,2023,041283167,2,1,1,2,77,11,2,0,0,0,0,0,1,7,E01025109,7,1,1.0,0.0,-1,6,30,1,1,1,14:15,3,2,1
2023430440562,2023,430440562,2,1,1,1,36,7,3,0,0,0,0,0,3,4,E01017905,-1,0,0.18159,0.81841,-1,6,50,1,1,1,14:36,1,2,3
2023010469261,2023,010469261,1,1,1,1,23,5,3,0,0,0,0,0,9,6,E01002630,-1,0,0.0,1.0,-1,3,20,1,4,1,23:08,7,2,9
2023991384522,2023,991384522,1,1,3,1,28,6,2,8,8,0,0,2,0,9,-1,7,1,1.0,0.0,-1,6,60,1,6,2,19:46,6,1,9
2023201448008,2023,201448008,1,1,1,-1,28,6,3,0,0,0,0,0,9,-1,-1,3,1,0.0,1.0,-1,3,30,1,4,1,23:08,7,2,9
2023320533446,2023,320533446,1,1,1,2,19,4,3,0,0,0,0,0,9,7,E01012792,-1,0,0.05221,0.94779,-1,6,60,1,1,1,19:30,1,2,9
2023552300579,2023,552300579,1,2,1,1,39,7,3,0,0,0,0,0,9,4,E01020974,-1,0,0.07605,0.92395,-1,6,50,1,1,1,15:10,5,3,9
2023010455436,2023,010455436,1,1,1,1,56,9,3,0,0,0,0,0,9,3,E01000638,-1,0,0.0,1.0,-1,6,30,1,1,1,18:01,5,2,9
2023302301684,2023,302301684,1,2,2,2,-1,-1,3,0,0,1,0,0,9,2,E01033172,-1,0,0.04549,0.95451,-1,3,40,2,1,2,14:45,7,2,9
2023991368550,2023,991368550,2,1,1,2,19,4,3,0,0,0,0,0,9,8,-1,3,1,0.0,1.0,-1,6,30,1,4,1,21:05,2,2,9
2023552300906,2023,552300906,1,1,1,2,21,5,3,0,0,0,0,0,9,5,E01020469,-1,0,0.05032,0.94968,-1,6,30,4,4,2,23:51,7,2,9
2023430386888,2023,430386888,2,1,1,1,50,8,3,0,0,0,0,0,1,-1,-1,-1,0,0.15604,0.84396,-1,6,30,1,1,1,14:47,6,2,1
2023991362286,2023,991362286,1,1,2,2,74,10,2,0,0,0,3,0,11,-1,-1,7,1,1.0,0.0,-1,6,30,1,1,1,16:26,5,1,11
2023201283973,2023,201283973,1,1,1,2,63,9,3,0,0,0,0,0,9,7,E01010436,3,1,0.0,1.0,-1,6,30,1,1,1,14:00,4,2,9
2023421327564,2023,421327564,2,2,2,2,29,6,3,0,0,1,0,0,9,4,E01021265,3,1,0.0,1.0,-1,6,30,1,1,1,17:35,1,2,9
2023070813362,2023,070813362,2,2,2,1,29,6,3,0,0,1,0,0,9,4,E01027963,-1,0,0.03129,0.96871,-1,9,70,1,1,1,18:00,2,2,9
2023101367322,2023,101367322,2,1,1,1,47,8,3,0,0,0,0,0,1,1,E01008666,3,1,0.0,1.0,-1,3,40,1,1,1,16:40,2,2,1
2023522301413,2023,522301413,2,1,1,1,50,8,3,0,0,0,0,0,1,10,E01014477,-1,0,0.10492,0.89508,-1,6,30,1,1,1,09:04,4,2,1
2023010479378,2023,010479378,2,1,1,2,54,8,3,0,0,0,0,0,3,9,E01030394,-1,0,0.0,1.0,-1,6,30,1,5,1,20:05,3,2,3
2023131360336,2023,131360336,1,1,1,1,16,4,2,0,0,0,0,0,2,10,E01011461,6,1,1.0,0.0,-1,6,60,1,6,2,21:34,6,2,2
2023440010311,2023,440010311,1,1,3,2,16,4,2,5,3,0,0,0,0,7,E01022724,-1,0,1.0,0.0,-1,6,30,1,1,2,08:55,2,1,9
2023361358711,2023,361358711,1,1,3,2,11,3,3,1,1,0,0,0,0,6,E01033042,3,1,0.0,1.0,-1,6,20,1,1,1,16:00,6,1,9
2023430344406,2023,430344406,1,1,3,1,40,7,2,4,9,0,0,0,0,-1,-1,-1,0,1.0,0.0,-1,6,30,2,4,2,00:01,5,1,9
2023010455419,2023,010455419,1,1,2,2,49,8,3,0,0,2,0,0,9,10,E01023846,-1,0,0.0,1.0,-1,6,20,1,4,2,00:15,1,2,9
2023311346520,2023,311346520,1,1,1,1,77,11,2,0,0,0,0,0,9,9,E01028419,6,1,1.0,0.0,-1,6,30,3,1,2,16:00,3,2,9
2023320782877,2023,320782877,4,1,1,2,28,6,3,0,0,0,0,0,9,7,E01026240,-1,0,0.05006,0.94994,-1,6,60,1,1,1,12:45,5,4,9
2023451383478,2023,451383478,1,1,1,1,42,7,3,0,0,0,0,0,9,3,E01003235,3,1,0.0,1.0,-1,3,70,2,4,2,07:00,4,2,9
2023520000875,2023,520000875,2,1,1,1,21,5,2,0,0,0,0,0,19,8,E01029517,-1,0,1.0,0.0,-1,6,30,2,1,2,11:44,5,2,19
2023201284874,2023,201284874,2,1,1,1,51,8,3,0,0,0,0,0,5,1,E01009160,3,1,0.0,1.0,-1,6,30,1,1,2,09:45,3,2,5
2023010426985,2023,010426985,1,1,1,1,41,7,3,0,0,0,0,0,9,5,E01001677,-1,0,0.0,1.0,-1,6,30,1,1,1,16:35,2,2,9
2023141377902,2023,141377902,1,1,2,2,40,7,3,0,0,1,0,0,9,9,E01007624,3,1,0.0,1.0,-1,3,40,1,1,1,11:57,4,2,9
2023201289937,2023,201289937,1,1,1,2,34,6,3,0,0,0,0,0,9,9,E01029523,3,1,0.0,1.0,-1,6,50,1,1,1,11:23,1,2,9
2023340NN0972,2023,340NN0972,1,1,1,2,21,5,3,0,0,0,0,0,9,4,E01027320,-1,0,0.06374,0.93626,-1,6,60,1,1,1,13:54,6,2,9
2023421322851,2023,421322851,2,2,2,2,19,4,3,0,0,1,0,0,9,9,E01030190,3,1,0.0,1.0,-1,3,70,1,1,1,14:15,1,2,9
2023010443878,2023,010443878,1,1,1,2,26,6,3,0,0,0,0,0,3,2,E01000523,-1,0,0.0,1.0,-1,9,20,9,1,9,15:01,5,2,3
2023531368251,2023,531368251,2,1,1,1,46,8,2,0,0,0,0,0,5,4,E01032627,7,1,1.0,0.0,-1,1,40,1,1,1,11:03,1,2,5
2023101366058,2023,101366058,1,3,1,1,46,8,3,0,0,0,0,0,9,8,E01027554,3,1,0.0,1.0,-1,3,50,1,1,1,10:57,2,2,9
202360A172548,2023,60A172548,2,1,1,2,46,8,3,0,0,0,0,0,16,-1,-1,-1,0,0.1022,0.8978,-1,6,30,1,1,2,12:00,7,2,16
2023041272365,2023,041272365,1,1,3,1,10,2,3,5,3,0,0,0,0,1,E01025297,3,1,0.0,1.0,-1,6,30,1,1,1,12:55,7,1,9
2023141307721,2023,141307721,1,1,3,1,84,11,3,5,1,0,0,0,0,-1,-1,3,1,0.0,1.0,-1,3,30,1,4,1,11:00,6,1,9
2023421294714,2023,421294714,1,1,3,1,65,9,3,6,7,0,0,0,0,-1,-1,3,1,0.0,1.0,-1,6,30,1,1,1,09:50,4,1,9
2023010449522,2023,010449522,2,1,1,2,36,7,3,0,0,0,0,0,1,5,E01001935,-1,0,0.0,1.0,-1,6,30,1,1,1,16:45,6,2,1
2023010437626,2023,010437626,1,1,1,2,50,8,3,0,0,0,0,0,9,3,E01001089,-1,0,0.0,1.0,-1,6,30,1,1,1,19:00,7,2,9
2023061382933,2023,061382933,1,2,1,1,64,9,2,0,0,0,0,0,9,5,E01006208,6,1,1.0,0.0,-1,3,70,1,1,1,08:00,3,5,9
2023361332279,2023,361332279,1,1,1,1,20,4,3,0,0,0,0,0,23,3,E01026684,3,1,0.0,1.0,-1,6,40,2,1,2,18:45,7,2,23
2023101290210,2023,101290210,1,1,1,2,10,2,3,0,0,0,0,0,-1,1,E01008658,3,1,0.0,1.0,-1,6,30,2,1,2,16:30,4,2,-1
2023522324480,2023,522324480,1,1,1,1,27,6,3,0,0,0,0,0,1,1,E01033367,-1,0,0.0609,0.9391,-1,6,20,1,4,1,23:36,4,2,1
2023010473289,2023,010473289,1,1,1,1,17,4,2,0,0,0,0,0,3,2,E01001959,-1,0,1.0,0.0,-1,9,20,1,1,1,17:00,3,2,3
2023201378777,2023,201378777,2,1,2,2,8,2,3,0,0,2,0,0,9,1,E01010274,3,1,0.0,1.0,-1,6,30,1,1,1,16:29,6,2,9
2023201412365,2023,201412365,1,1,1,1,18,4,3,0,0,0,0,0,9,3,E01009587,3,1,0.0,1.0,-1,6,30,1,1,1,08:44,2,1,9
2023430470652,2023,430470652,2,2,1,1,76,11,3,0,0,0,0,0,9,5,E01029152,-1,0,0.09052,0.90948,-1,6,30,1,1,1,14:36,5,2,9
2023451378955,2023,451378955,3,1,2,1,55,8,3,0,0,2,0,0,9,8,E01030950,3,1,0.0,1.0,-1,3,70,1,6,1,19:15,7,5,9
2023041274905,2023,041274905,1,1,1,1,34,6,3,0,0,0,0,0,9,9,E01012518,3,1,0.0,1.0,-1,6,30,2,1,2,11:40,6,2,9
2023101353220,2023,101353220,1,1,2,1,7,2,2,0,0,2,0,0,9,-1,-1,7,1,1.0,0.0,-1,6,60,1,1,1,14:52,7,2,9
2023451371265,2023,451371265,2,3,1,1,25,5,3,0,0,0,0,0,9,8,E01030648,3,1,0.0,1.0,-1,6,30,1,5,2,22:48,1,3,9
2023231378543,2023,231378543,1,1,1,1,47,8,3,0,0,0,0,0,5,9,E01031019,3,1,0.0,1.0,-1,6,30,1,1,2,13:04,5,1,5
2023131375746,2023,131375746,1,1,3,1,58,9,3,6,7,0,0,1,0,9,E01011117,3,1,0.0,1.0,-1,6,30,2,1,2,16:45,5,1,9
2023440036139,2023,440036139,1,1,1,2,37,7,3,0,0,0,0,0,1,9,E01032877,-1,0,0.03059,0.96941,-1,1,30,1,4,1,07:45,5,2,1
2023010450822,2023,010450822,2,2,1,1,46,8,3,0,0,0,0,0,9,6,E01002204,-1,0,0.0,1.0,-1,6,30,1,1,1,15:19,5,2,9
2023501352930,2023,501352930,1,2,1,1,67,10,2,0,0,0,0,0,9,1,E01015153,7,1,1.0,0.0,-1,6,40,1,1,1,14:30,6,2,9
2023501337294,2023,501337294,2,1,2,2,56,9,3,0,0,0,4,0,11,2,E01015082,3,1,0.0,1.0,-1,6,30,1,1,1,18:06,3,2,11
2023201339269,2023,201339269,1,1,1,1,18,4,3,0,0,0,0,0,-1,3,E01032536,3,1,0.0,1.0,-1,6,30,1,4,1,00:04,7,2,-1
2023052300080,2023,052300080,1,1,3,1,18,4,3,1,2,0,0,0,0,6,E01007252,-1,0,0.15118,0.84882,-1,6,30,2,4,2,16:13,3,1,19
2023010447696,2023,010447696,1,1,1,1,26,6,3,0,0,0,0,0,3,3,E01001192,-1,0,0.0,1.0,-1,3,20,8,1,1,06:15,3,2,3
2023131351015,2023,131351015,1,1,1,1,25,5,3,0,0,0,0,0,9,3,E01010805,3,1,0.0,1.0,-1,3,30,1,4,1,23:30,1,1,9
2023622300591,2023,622300591,1,3,2,2,23,5,3,0,0,2,0,0,9,10,E01014944,-1,0,0.13422,0.86578,-1,6,40,1,4,2,01:48,5,1,9
2023231364758,2023,231364758,1,1,3,2,12,3,3,5,1,0,0,0,0,9,E01031306,3,1,0.0,1.0,-1,6,20,2,1,2,15:40,4,1,9
2023221371523,2023,221371523,1,1,1,1,56,9,2,0,0,0,0,0,5,5,W01001589,6,1,1.0,0.0,-1,6,60,1,1,1,13:15,1,2,5
2023371351659,2023,371351659,3,1,1,2,50,8,3,0,0,0,0,0,9,10,E01030179,3,1,0.0,1.0,-1,6,60,1,1,1,10:33,7,4,9
2023351394814,2023,351394814,2,1,1,1,31,6,3,0,0,0,0,0,19,-1,-1,3,1,0.0,1.0,-1,3,30,1,1,1,13:30,5,2,19
2023201438151,2023,201438151,1,1,3,2,20,4,3,6,9,0,0,2,0,2,E01010525,3,1,0.0,1.0,-1,6,30,1,1,1,13:35,6,1,9
2023531277233,2023,531277233,1,1,3,2,42,7,3,10,1,0,0,0,0,6,E01022343,3,1,0.0,1.0,-1,1,40,1,1,1,17:28,3,1,9
2023010462617,2023,010462617,2,1,1,1,74,10,3,0,0,0,0,0,1,-1,-1,-1,0,0.0,1.0,-1,6,20,1,1,1,07:41,1,2,1
2023231309117,2023,231309117,1,1,1,1,71,10,2,0,0,0,0,0,5,4,E01031008,7,1,1.0,0.0,-1,6,50,1,1,1,13:55,1,2,5
2023351328489,2023,351328489,2,3,2,2,71,10,2,0,0,1,0,0,9,4,E01018024,7,1,1.0,0.0,-1,6,60,2,1,2,15:20,6,2,9
2023440159363,2023,440159363,2,3,2,2,17,4,3,0,0,1,0,0,9,6,E01017300,-1,0,0.128,0.872,-1,6,60,1,6,1,20:49,1,2,9
2023320522208,2023,320522208,1,1,3,1,6,2,3,5,1,0,0,0,0,3,E01027111,-1,0,0.1036,0.8964,-1,6,30,1,1,1,14:10,3,1,19
2023991380925,2023,991380925,1,1,3,1,82,11,3,10,9,0,0,2,0,3,-1,3,1,0.0,1.0,-1,6,30,1,4,2,16:30,7,1,90
2023010439483,2023,010439483,1,1,1,2,22,5,3,0,0,0,0,0,9,5,E01003703,-1,0,0.0,1.0,-1,6,30,1,5,1,19:50,3,3,9
2023161365048,2023,161365048,1,1,1,1,64,9,3,0,0,0,0,0,9,7,E01013075,3,1,0.0,1.0,-1,6,40,5,1,2,08:30,6,2,9
2023211353330,2023,211353330,3,3,2,2,60,9,2,0,0,1,0,0,9,8,E01018586,7,1,1.0,0.0,-1,6,60,1,1,1,16:40,1,4,9
2023371316429,2023,371316429,1,2,2,1,-1,-1,3,0,0,1,0,0,9,-1,-1,3,1,0.0,1.0,-1,3,30,1,1,1,12:35,2,1,9
2023411292048,2023,411292048,2,1,1,1,64,9,3,0,0,0,0,0,9,10,E01023714,3,1,0.0,1.0,-1,1,70,1,1,1,12:20,2,2,9
2023421273695,2023,421273695,1,2,2,2,35,6,3,0,0,1,0,0,9,-1,-1,3,1,0.0,1.0,-1,3,70,1,1,2,07:45,4,4,9
2023201368839,2023,201368839,1,1,3,2,58,9,2,1,1,0,0,2,0,1,E01010430,7,1,1.0,0.0,-1,6,30,2,4,2,07:20,4,1,19
2023052300247,2023,052300247,2,1,1,1,37,7,3,0,0,0,0,0,9,1,E01006676,-1,0,0.01917,0.98083,-1,6,30,1,1,2,08:40,4,2,9
2023221268147,2023,221268147,2,1,1,1,23,5,3,0,0,0,0,0,9,4,E01028849,3,1,0.0,1.0,-1,6,40,1,6,1,22:25,5,2,9
2023501310651,2023,501310651,1,1,1,2,48,8,3,0,0,0,0,0,9,3,E01015059,3,1,0.0,1.0,-1,6,60,1,1,1,11:00,3,3,9
2023991384117,2023,991384117,1,1,3,1,12,3,3,5,3,0,0,2,0,2,-1,3,1,0.0,1.0,-1,6,30,2,4,2,15:56,5,1,9
2023010486587,2023,010486587,1,3,2,2,22,5,3,0,0,2,0,0,9,2,E01002969,-1,0,0.0,1.0,-1,3,20,1,1,2,08:51,7,2,9
2023461279452,2023,461279452,1,1,1,2,33,6,3,0,0,0,0,0,9,2,E01000012,3,1,0.0,1.0,-1,3,70,1,1,1,16:56,6,4,9
2023471361587,2023,471361587,2,2,2,1,-1,-1,3,0,0,1,0,0,9,-1,-1,3,1,0.0,1.0,-1,6,30,1,1,1,16:30,2,2,9
2023131375943,2023,131375943,2,2,2,1,27,6,3,0,0,0,0,0,9,6,E01002022,3,1,0.0,1.0,-1,6,30,2,4,2,01:00,7,2,9
2023461364172,2023,461364172,2,1,1,1,44,7,3,0,0,0,0,0,9,-1,-1,3,1,0.0,1.0,-1,6,60,1,1,1,09:00,3,2,9
202354D808023,2023,54D808023,1,1,1,1,18,4,3,0,0,0,0,0,9,9,E01032707,-1,0,0.03594,0.96406,-1,6,20,4,4,2,21:40,1,1,9
2023351364984,2023,351364984,2,1,1,2,41,7,3,0,0,0,0,0,1,9,E01032792,3,1,0.0,1.0,-1,3,30,1,1,1,08:30,3,2,1
2023991294047,2023,991294047,1,2,1,1,69,10,3,0,0,0,0,0,9,2,-1,3,1,0.0,1.0,-1,3,40,2,1,2,11:30,4,2,9
2023010428176,2023,010428176,1,1,1,2,31,6,3,0,0,0,0,0,9,9,E01001096,-1,0,0.0,1.0,-1,1,30,1,1,1,08:15,2,3,9
2023531322595,2023,531322595,1,1,1,1,24,5,2,0,0,0,0,0,9,5,E01025517,7,1,1.0,0.0,-1,3,70,1,1,1,05:18,2,2,9
202360A048100,2023,60A048100,3,5,2,1,25,5,2,0,0,2,0,0,9,-1,-1,-1,0,1.0,0.0,-1,6,60,1,1,1,18:47,2,4,9
2023622300471,2023,622300471,1,4,2,2,14,3,3,0,0,2,0,0,9,4,W01001395,-1,0,0.02495,0.97505,-1,6,30,1,1,1,11:38,2,2,9
2023010472792,2023,010472792,1,1,3,2,23,5,2,1,1,0,0,0,0,2,E01001702,-1,0,1.0,0.0,-1,3,30,2,4,2,22:00,4,2,5