collision_index,collision_year,collision_ref_no,vehicle_reference,casualty_reference,casualty_class,sex_of_casualty,age_of_casualty,age_band_of_casualty,casualty_severity,pedestrian_location,pedestrian_movement,car_passenger,bus_or_coach_passenger,pedestrian_road_maintenance_worker,casualty_type,casualty_imd_decile,lsoa_of_casualty,enhanced_casualty_severity,casualty_injury_based,casualty_adjusted_severity_serious,casualty_adjusted_severity_slight,casualty_distance_banding,road_type,speed_limit,weather_conditions,light_conditions,road_surface_conditions,time,day_of_week,number_of_vehicles,vehicle_type
2023052302518,2023,052302518,1,1,3,2,14,3,3,1,1,0,0,0,0,5,E01033096,-1,0,0.20678,0.79322,-1,3,40,5,4,2,21:00,6,1,9
2023340WN5462,2023,340WN5462,1,1,1,2,15,3,3,0,0,0,0,0,1,-1,-1,-1,0,0.02879,0.97121,-1,6,30,1,1,1,07:45,2,2,1
2023401396288,2023,401396288,1,1,1,1,39,7,2,0,0,0,0,0,3,9,E01017470,7,1,1.0,0.0,-1,6,60,1,1,1,07:33,4,2,3
2023451331687,2023,451331687,1,1,1,1,44,7,3,0,0,0,0,0,3,6,E01031557,3,1,0.0,1.0,-1,6,30,1,1,1,06:50,6,2,3
2023430129665,2023,430129665,2,1,1,1,57,9,3,0,0,0,0,0,4,7,E01003816,-1,0,0.15224,0.84776,-1,6,30,2,4,2,18:13,5,2,4
2023451333072,2023,451333072,1,1,1,2,35,6,3,0,0,0,0,0,9,5,E01030719,3,1,0.0,1.0,-1,6,30,1,1,1,07:00,2,1,9
2023461294729,2023,461294729,1,1,1,1,35,6,3,0,0,0,0,0,9,8,E01024085,3,1,0.0,1.0,-1,6,60,2,1,2,09:40,6,2,9
2023010466085,2023,010466085,1,1,2,1,28,6,3,0,0,0,1,0,11,2,E01003580,-1,0,0.0,1.0,-1,6,30,1,4,1,01:24,6,1,11
2023440287080,2023,440287080,1,1,1,1,24,5,3,0,0,0,0,0,19,4,E01022478,-1,0,0.0586,0.9414,-1,3,70,1,1,1,12:37,2,2,19
2023231312770,2023,231312770,2,1,1,1,24,5,3,0,0,0,0,0,5,3,E01031173,3,1,0.0,1.0,-1,6,30,1,5,1,17:30,6,2,5
2023010464046,2023,010464046,1,1,3,-1,30,6,3,9,5,0,0,0,0,5,E01003134,-1,0,0.0,1.0,-1,9,30,9,1,9,11:30,3,1,9
2023010466615,2023,010466615,1,1,3,2,61,9,3,6,9,0,0,0,0,1,E01004300,-1,0,0.0,1.0,-1,6,20,1,1,2,16:24,1,1,5
2023101260485,2023,101260485,1,1,3,1,28,6,3,9,9,0,0,0,0,2,E01008653,3,1,0.0,1.0,-1,6,30,1,4,2,16:40,6,1,9
2023440457941,2023,440457941,2,1,1,2,17,4,3,0,0,0,0,0,1,9,E01017252,-1,0,0.15622,0.84378,-1,6,30,1,1,1,08:43,5,2,1
2023401345125,2023,401345125,2,4,2,2,17,4,3,0,0,1,0,0,9,5,E01017430,3,1,0.0,1.0,-1,6,60,1,6,1,22:28,4,2,9
2023430470794,2023,430470794,2,2,1,2,51,8,3,0,0,0,0,0,9,7,E01028501,-1,0,0.08851,0.91149,-1,6,60,1,1,1,15:37,5,2,9
2023471265072,2023,471265072,1,1,1,1,60,9,2,0,0,0,0,0,9,5,E01021074,6,1,1.0,0.0,-1,6,60,8,6,4,18:15,3,2,9
202363D001023,2023,63D001023,3,1,1,2,42,7,3,0,0,0,0,0,19,7,W01000497,-1,0,0.0808,0.9192,-1,6,60,4,1,2,12:25,4,3,19
2023070829540,2023,070829540,1,1,1,1,-1,-1,3,0,0,0,0,0,1,6,E01018743,-1,0,0.1173,0.8827,-1,6,30,1,4,1,22:13,6,2,1
2023440072806,2023,440072806,2,1,1,1,30,6,3,0,0,0,0,0,4,2,E01032879,-1,0,0.18241,0.81759,-1,6,30,1,4,1,19:00,3,2,4
2023161323313,2023,161323313,1,1,1,1,32,6,3,0,0,0,0,0,9,3,E01013135,3,1,0.0,1.0,-1,6,30,1,1,1,07:45,3,2,9
2023461376475,2023,461376475,2,1,1,2,50,8,3,0,0,0,0,0,9,3,E01016036,3,1,0.0,1.0,-1,6,30,1,1,2,16:13,5,2,9
202360A139017,2023,60A139017,1,1,1,2,67,10,3,0,0,0,0,0,9,-1,-1,-1,0,0.12733,0.87267,-1,6,30,1,4,1,21:21,3,2,9
2023010470725,2023,010470725,1,1,1,1,30,6,3,0,0,0,0,0,3,3,E01000806,-1,0,0.0,1.0,-1,6,30,9,4,9,20:30,5,2,3
2023221341778,2023,221341778,1,1,1,1,38,7,1,0,0,0,0,0,5,6,E01022211,1,1,0.0,0.0,-1,6,40,1,6,1,05:25,6,2,5
2023540072123,2023,540072123,2,1,3,2,24,5,3,9,9,0,0,0,0,4,E01031895,-1,0,0.027,0.973,-1,6,30,1,1,1,13:30,2,2,9
2023010429729,2023,010429729,1,1,3,2,20,4,2,5,3,0,0,0,0,6,E01002125,-1,0,1.0,0.0,-1,6,20,1,1,1,20:42,2,1,9
2023481388184,2023,481388184,1,1,3,1,36,7,3,1,1,0,0,0,0,-1,-1,3,1,0.0,1.0,-1,2,20,1,4,1,18:30,6,1,9
2023161342580,2023,161342580,2,1,1,1,48,8,3,0,0,0,0,0,3,1,E01013220,3,1,0.0,1.0,-1,6,30,1,1,1,15:45,6,2,3
2023302300388,2023,302300388,3,2,1,1,39,7,3,0,0,0,0,0,9,2,E01009891,-1,0,0.08528,0.91472,-1,6,50,1,1,1,06:28,3,3,9
2023520301252,2023,520301252,1,1,1,1,22,5,3,0,0,0,0,0,9,6,E01029180,-1,0,0.03971,0.96029,-1,6,60,1,1,1,16:45,2,2,9
2023010455532,2023,010455532,2,2,1,2,54,8,3,0,0,0,0,0,9,3,E01001505,-1,0,0.0,1.0,-1,6,30,1,1,1,15:25,1,2,9
2023302301702,2023,302301702,2,2,1,2,26,6,3,0,0,0,0,0,9,-1,-1,-1,0,0.01328,0.98672,-1,6,30,2,1,2,14:55,3,2,9
2023340WN2312,2023,340WN2312,1,1,1,1,49,8,3,0,0,0,0,0,19,1,E01004236,-1,0,0.07104,0.92896,-1,3,70,1,1,1,12:10,5,2,19
2023010460411,2023,010460411,1,1,1,1,52,8,3,0,0,0,0,0,9,-1,-1,-1,0,0.0,1.0,-1,6,20,1,1,1,15:42,1,2,9
2023010473150,2023,010473150,2,1,2,2,84,11,1,0,0,1,0,0,9,9,E01002225,-1,0,0.0,0.0,-1,6,30,1,4,1,17:20,6,2,9
2023010423204,2023,010423204,1,1,1,1,34,6,3,0,0,0,0,0,3,4,E01001995,-1,0,0.0,1.0,-1,6,30,1,4,1,19:00,1,2,3
2023010448768,2023,010448768,1,1,1,1,22,5,3,0,0,0,0,0,3,3,E01001479,-1,0,0.0,1.0,-1,9,20,1,1,1,13:50,5,2,3
2023010468670,2023,010468670,1,1,3,1,10,2,3,5,1,0,0,0,0,5,E01004354,-1,0,0.0,1.0,-1,2,30,1,1,1,16:00,4,1,9
2023991345845,2023,991345845,1,1,3,2,70,10,1,6,9,0,0,0,0,3,-1,1,1,0.0,0.0,-1,6,30,1,1,1,15:28,7,1,9
2023010461243,2023,010461243,1,2,3,1,52,8,2,5,2,0,0,0,0,7,E01002986,-1,0,1.0,0.0,-1,6,30,1,1,1,17:19,6,1,3
2023421329494,2023,421329494,2,1,1,1,25,5,3,0,0,0,0,0,1,8,E01021513,3,1,0.0,1.0,-1,6,30,2,1,2,10:36,6,2,1
2023461344765,2023,461344765,4,4,1,1,62,9,3,0,0,0,0,0,9,7,E01024252,3,1,0.0,1.0,-1,6,30,1,1,1,13:14,6,6,9
202360A177008,2023,60A177008,2,1,1,2,-1,-1,3,0,0,0,0,0,9,-1,-1,-1,0,0.05218,0.94782,-1,6,30,1,4,2,02:30,2,4,9
2023010437117,2023,010437117,1,2,3,1,30,6,3,1,1,0,0,0,0,1,E01031043,-1,0,0.0,1.0,-1,6,20,2,4,2,22:55,4,1,9
2023520300775,2023,520300775,1,1,1,1,24,5,3,0,0,0,0,0,19,10,E01032634,-1,0,0.03447,0.96553,-1,6,40,8,4,2,16:58,7,2,19
2023461264115,2023,461264115,1,2,3,2,47,8,3,5,9,0,0,0,0,10,E01024341,3,1,0.0,1.0,-1,6,30,1,1,2,15:30,5,1,9
2023991305977,2023,991305977,2,4,2,1,27,6,3,0,0,2,0,0,8,4,-1,3,1,0.0,1.0,-1,6,30,1,1,2,20:39,4,2,8
2023010438238,2023,010438238,1,1,1,1,34,6,3,0,0,0,0,0,20,7,E01023328,-1,0,0.0,1.0,-1,3,50,1,1,1,15:20,1,2,20
2023010430612,2023,010430612,1,1,1,1,33,6,3,0,0,0,0,0,3,7,E01033133,-1,0,0.0,1.0,-1,6,30,1,4,1,18:10,5,2,3
2023201283423,2023,201283423,1,1,1,1,58,9,3,0,0,0,0,0,4,8,E01009785,3,1,0.0,1.0,-1,1,30,1,4,1,05:35,2,2,4
2023332300316,2023,332300316,2,1,1,1,33,6,3,0,0,0,0,0,4,3,E01025976,-1,0,0.06956,0.93044,-1,6,30,1,1,1,07:03,5,2,4
2023522400112,2023,522400112,1,1,3,2,63,9,2,6,9,0,0,0,0,10,E01014778,-1,0,1.0,0.0,-1,6,30,1,1,2,12:15,4,1,1
2023451315655,2023,451315655,1,1,3,1,47,8,3,6,7,0,0,0,0,10,E01030535,3,1,0.0,1.0,-1,6,30,1,1,1,15:42,3,1,9
2023010484076,2023,010484076,1,1,1,1,42,7,3,0,0,0,0,0,3,8,E01003897,-1,0,0.0,1.0,-1,1,30,1,4,1,19:37,5,2,3
2023010432397,2023,010432397,1,1,3,1,50,8,3,6,9,0,0,0,0,6,E01000196,-1,0,0.0,1.0,-1,6,30,2,4,2,18:50,4,1,9
2023010423193,2023,010423193,1,1,3,2,62,9,3,5,1,0,0,0,0,6,E01001184,-1,0,0.0,1.0,-1,6,20,1,4,1,07:00,3,1,19
2023201410861,2023,201410861,1,1,3,1,85,11,2,6,9,0,0,0,0,10,E01009670,7,1,1.0,0.0,-1,6,30,1,1,1,13:15,7,1,9
2023552300464,2023,552300464,2,1,1,1,17,4,3,0,0,0,0,0,1,3,E01015359,-1,0,0.05663,0.94337,-1,6,30,1,1,1,14:24,7,2,1
2023201278219,2023,201278219,1,1,1,1,28,6,3,0,0,0,0,0,9,1,E01008972,3,1,0.0,1.0,-1,2,30,1,1,1,16:15,5,2,9
202363C021323,2023,63C021323,1,1,1,1,22,5,3,0,0,0,0,0,9,6,W01000613,-1,0,0.04687,0.95313,-1,6,30,2,1,2,14:02,6,2,9
2023542087123,2023,542087123,1,1,3,2,30,6,3,10,9,0,0,0,0,8,E01031977,-1,0,0.05683,0.94317,-1,6,30,1,1,1,14:40,6,1,9
2023010441712,2023,010441712,1,1,1,1,39,7,2,0,0,0,0,0,9,5,E01001677,-1,0,1.0,0.0,-1,6,30,1,4,1,22:18,2,2,9
2023440132745,2023,440132745,1,1,1,2,18,4,3,0,0,0,0,0,9,2,E01023006,-1,0,0.05662,0.94338,-1,6,40,1,1,1,10:17,3,2,9
2023041299559,2023,041299559,1,1,3,2,12,3,2,5,1,0,0,0,0,1,E01012639,7,1,1.0,0.0,-1,6,30,1,1,1,17:30,5,1,9
2023471260400,2023,471260400,1,1,3,2,14,3,3,5,1,0,0,0,0,10,E01031699,3,1,0.0,1.0,-1,6,30,5,7,2,18:00,4,1,9
2023451297041,2023,451297041,2,1,1,1,22,5,3,0,0,0,0,0,4,10,E01030514,3,1,0.0,1.0,-1,6,30,1,1,1,19:45,7,2,4
2023010485082,2023,010485082,1,1,1,1,29,6,3,0,0,0,0,0,3,5,E01023705,-1,0,0.0,1.0,-1,6,20,2,1,2,14:49,3,2,3
2023010424777,2023,010424777,2,2,2,2,25,5,3,0,0,0,0,0,4,4,E01001724,-1,0,0.0,1.0,-1,6,30,1,4,1,16:53,4,2,4
2023010484059,2023,010484059,2,3,1,1,61,9,3,0,0,0,0,0,8,4,E01003740,-1,0,0.0,1.0,-1,3,40,1,4,2,21:10,5,3,8
2023131389202,2023,131389202,1,1,1,1,19,4,2,0,0,0,0,0,9,10,E01011452,7,1,1.0,0.0,-1,6,30,1,4,2,23:46,7,2,9
2023361310233,2023,361310233,1,5,2,1,17,4,2,0,0,2,0,0,9,5,E01026255,7,1,1.0,0.0,-1,6,40,1,1,1,15:45,1,1,9
2023440369091,2023,440369091,2,1,1,1,41,7,3,0,0,0,0,0,9,4,E01017172,-1,0,0.04918,0.95082,-1,6,30,1,1,1,17:48,1,2,9
2023471266366,2023,471266366,2,1,1,2,45,7,3,0,0,0,0,0,9,7,E01021007,3,1,0.0,1.0,-1,6,40,1,1,1,12:55,6,3,9
2023991296790,2023,991296790,1,1,1,1,36,7,3,0,0,0,0,0,9,7,-1,3,1,0.0,1.0,-1,6,60,1,1,1,06:35,4,2,9
2023231351639,2023,231351639,1,2,2,1,3,1,3,0,0,1,0,0,9,9,E01027148,3,1,0.0,1.0,-1,6,50,1,1,1,16:04,4,1,9
2023461367509,2023,461367509,2,2,2,2,5,1,3,0,0,2,0,0,9,7,E01024375,3,1,0.0,1.0,-1,6,60,2,1,2,09:20,6,3,9
2023340NN0822,2023,340NN0822,1,2,2,2,12,3,3,0,0,0,4,0,11,-1,-1,-1,0,0.01265,0.98735,-1,6,40,1,1,1,16:00,5,2,11
202363B027023,2023,63B027023,1,1,1,1,69,10,2,0,0,0,0,0,19,-1,-1,-1,0,1.0,0.0,-1,6,60,1,1,1,14:27,5,2,19
2023451326788,2023,451326788,2,1,1,1,42,7,2,0,0,0,0,0,3,2,E01030985,7,1,1.0,0.0,-1,6,30,1,4,1,23:00,5,2,3
2023010424780,2023,010424780,1,1,1,1,29,6,2,0,0,0,0,0,5,-1,-1,-1,0,1.0,0.0,-1,6,20,1,4,1,17:08,4,1,5
2023010464217,2023,010464217,2,2,1,2,77,11,2,0,0,0,0,0,9,10,E01024471,-1,0,1.0,0.0,-1,6,30,1,1,1,14:50,3,2,9
2023430028917,2023,430028917,1,1,1,1,22,5,3,0,0,0,0,0,9,4,E01016448,-1,0,0.18111,0.81889,-1,6,40,1,6,2,22:30,5,1,9
2023461377286,2023,461377286,2,2,1,2,-1,-1,3,0,0,0,0,0,9,6,E01021118,3,1,0.0,1.0,-1,6,60,1,5,1,17:15,3,2,9
2023991259136,2023,991259136,1,3,2,1,8,2,3,0,0,2,0,0,9,-1,-1,3,1,0.0,1.0,-1,3,60,8,1,4,09:27,3,1,9
2023010429758,2023,010429758,1,1,3,2,18,4,1,5,1,0,0,0,0,5,E01023542,-1,0,0.0,0.0,-1,3,70,1,6,1,18:48,3,4,9
2023010454245,2023,010454245,1,1,3,1,-1,-1,3,8,1,0,0,0,0,1,E01001850,-1,0,0.0,1.0,-1,2,20,1,1,1,08:30,2,1,19
2023332301195,2023,332301195,1,1,3,2,71,10,3,6,9,0,0,0,0,9,E01025980,-1,0,0.05193,0.94807,-1,6,30,9,4,1,17:00,6,1,1
2023010471587,2023,010471587,2,1,1,1,26,6,1,0,0,0,0,0,3,1,E01001558,-1,0,0.0,0.0,-1,6,30,2,1,2,15:02,5,2,3
2023010446849,2023,010446849,2,1,1,1,18,4,3,0,0,0,0,0,3,2,E01004539,-1,0,0.0,1.0,-1,6,20,1,1,1,22:00,7,2,3
2023071135095,2023,071135095,1,1,3,2,17,4,2,1,1,0,0,0,0,1,E01012441,-1,0,1.0,0.0,-1,6,30,5,4,2,19:46,2,1,9
2023141330698,2023,141330698,1,1,1,1,44,7,3,0,0,0,0,0,9,5,E01007687,3,1,0.0,1.0,-1,6,60,2,1,2,14:43,3,2,9
2023440023099,2023,440023099,1,1,1,1,22,5,3,0,0,0,0,0,9,2,E01017076,-1,0,0.05794,0.94206,-1,6,30,1,1,1,09:01,4,3,9
2023161387958,2023,161387958,1,2,3,1,62,9,3,6,9,0,0,2,0,4,E01012934,3,1,0.0,1.0,-1,6,30,2,4,2,18:36,4,1,9
2023552300301,2023,552300301,2,1,1,2,13,3,3,0,0,0,0,0,1,6,E01020547,-1,0,0.04004,0.95996,-1,6,30,1,1,1,08:15,3,2,1
2023340WN1392,2023,340WN1392,1,1,1,1,22,5,2,0,0,0,0,0,3,5,E01027192,-1,0,1.0,0.0,-1,6,60,2,1,2,17:40,6,1,3
202363C019423,2023,63C019423,1,1,3,1,31,6,3,9,5,0,0,0,0,7,W01000562,-1,0,0.09685,0.90315,-1,2,30,1,1,1,12:40,6,1,9
2023161301597,2023,161301597,1,1,1,1,18,4,3,0,0,0,0,0,1,7,E01013011,3,1,0.0,1.0,-1,6,30,1,1,2,18:30,6,2,1
2023010467226,2023,010467226,2,1,1,1,34,6,3,0,0,0,0,0,3,4,E01000799,-1,0,0.0,1.0,-1,6,30,2,1,2,17:20,4,2,3
2023010472770,2023,010472770,2,1,1,1,27,6,3,0,0,0,0,0,3,4,E01003255,-1,0,0.0,1.0,-1,6,20,2,4,2,20:52,4,2,3
2023522301349,2023,522301349,2,1,1,1,56,9,3,0,0,0,0,0,4,1,E01014799,-1,0,0.15601,0.84399,-1,3,70,1,1,1,16:49,3,2,4
2023010427948,2023,010427948,1,1,1,1,34,6,3,0,0,0,0,0,9,4,E01002179,-1,0,0.0,1.0,-1,3,30,2,4,2,23:50,6,2,9
2023221348712,2023,221348712,1,1,1,1,68,10,3,0,0,0,0,0,9,6,E01028924,3,1,0.0,1.0,-1,6,60,1,1,1,19:35,1,1,9
2023371330693,2023,371330693,1,1,1,1,37,7,2,0,0,0,0,0,19,4,E01029922,5,1,1.0,0.0,-1,6,60,1,1,1,07:15,2,2,19
2023201391084,2023,201391084,1,1,1,1,25,5,3,0,0,0,0,0,-1,3,E01010566,3,1,0.0,1.0,-1,6,30,8,1,1,09:40,4,2,-1
2023622300489,2023,622300489,2,1,1,1,15,3,3,0,0,0,0,0,1,5,W01001818,-1,0,0.05798,0.94202,-1,6,30,1,1,1,18:13,4,2,1
2023461377219,2023,461377219,1,1,3,2,47,8,3,9,7,0,0,0,0,4,E01024493,3,1,0.0,1.0,-1,6,30,1,1,1,20:45,6,1,19
2023061270285,2023,061270285,2,1,1,1,41,7,3,0,0,0,0,0,1,2,E01006175,3,1,0.0,1.0,-1,6,30,2,4,2,07:45,3,2,1
2023411286982,2023,411286982,2,1,1,1,47,8,3,0,0,0,0,0,1,7,E01023398,3,1,0.0,1.0,-1,6,40,2,4,2,06:15,3,2,1
2023010475287,2023,010475287,1,1,1,1,33,6,3,0,0,0,0,0,3,2,E01001976,-1,0,0.0,1.0,-1,6,20,1,4,2,17:00,3,2,3
2023320097558,2023,320097558,1,1,3,2,65,9,2,8,1,0,0,0,0,5,E01026266,-1,0,1.0,0.0,-1,6,30,1,1,1,12:40,4,1,9
2023440083386,2023,440083386,1,1,1,1,17,4,3,0,0,0,0,0,-1,1,E01022968,-1,0,0.10066,0.89934,-1,6,30,1,1,1,09:19,4,2,-1
2023430506204,2023,430506204,2,1,1,1,63,9,2,0,0,0,0,0,1,6,E01028771,-1,0,1.0,0.0,-1,6,30,1,1,1,13:23,6,2,1
2023991266484,2023,991266484,1,1,1,1,61,9,2,0,0,0,0,0,9,2,-1,5,1,1.0,0.0,-1,1,70,1,4,2,00:10,1,1,9
2023161309893,2023,161309893,1,1,3,2,13,3,3,5,3,0,0,0,0,-1,-1,3,1,0.0,1.0,-1,6,30,1,1,1,15:28,4,1,9
2023411269694,2023,411269694,2,1,1,2,36,7,2,0,0,0,0,0,3,3,E01001504,7,1,1.0,0.0,-1,6,30,1,1,1,11:01,2,2,3
2023501375253,2023,501375253,1,3,3,2,50,8,3,6,7,0,0,0,0,3,E01015168,3,1,0.0,1.0,-1,6,30,1,1,1,08:45,5,2,9
2023010456720,2023,010456720,2,1,1,1,13,3,3,0,0,0,0,0,1,3,E01003976,-1,0,0.0,1.0,-1,9,20,1,1,1,12:20,6,2,1
2023010456964,2023,010456964,1,1,1,2,63,9,3,0,0,0,0,0,9,3,E01000099,-1,0,0.0,1.0,-1,3,30,1,1,1,16:45,5,2,9
2023131323781,2023,131323781,2,1,1,1,23,5,2,0,0,0,0,0,1,6,E01011440,7,1,1.0,0.0,-1,6,30,1,1,1,16:35,2,2,1
2023361346709,2023,361346709,2,1,1,2,-1,-1,3,0,0,0,0,0,22,8,E01026517,3,1,0.0,1.0,-1,6,40,1,1,1,08:51,3,2,22
2023070217361,2023,070217361,1,1,3,2,11,3,3,5,2,0,0,0,0,9,E01018494,-1,0,0.10358,0.89642,-1,6,30,2,1,2,17:02,3,1,9
2023141287963,2023,141287963,1,1,3,1,22,5,3,5,9,0,0,0,0,3,E01007571,3,1,0.0,1.0,-1,6,30,2,4,2,18:50,5,1,19
2023320530452,2023,320530452,1,1,3,2,18,4,3,8,5,0,0,0,0,4,E01026090,-1,0,0.1288,0.8712,-1,2,30,9,7,1,22:26,7,1,9
2023010424294,2023,010424294,1,1,1,2,37,7,3,0,0,0,0,0,9,2,E01000739,-1,0,0.0,1.0,-1,6,30,1,4,1,07:50,2,2,9
2023201320650,2023,201320650,1,1,1,1,30,6,3,0,0,0,0,0,9,1,E01008998,3,1,0.0,1.0,-1,6,30,1,1,1,18:59,4,2,9
2023440182661,2023,440182661,2,2,2,2,59,9,3,0,0,1,0,0,9,8,E01022620,-1,0,0.0662,0.9338,-1,6,30,1,6,1,23:12,3,2,9
2023501384571,2023,501384571,2,5,2,2,17,4,3,0,0,-1,0,0,9,1,E01018767,3,1,0.0,1.0,-1,6,60,1,6,2,17:00,6,3,9
2023231361477,2023,231361477,2,1,1,2,53,8,3,0,0,0,0,0,4,2,E01031075,3,1,0.0,1.0,-1,6,30,1,1,1,17:00,7,2,4
2023471262012,2023,471262012,1,1,3,2,15,3,2,1,9,0,0,2,0,4,E01021127,7,1,1.0,0.0,-1,6,30,2,1,2,08:45,3,1,9
2023332300371,2023,332300371,1,1,3,2,3,1,3,6,9,0,0,0,0,-1,-1,-1,0,0.07424,0.92576,-1,6,30,1,1,1,19:50,7,1,9
2023010424584,2023,010424584,2,1,1,1,71,10,3,0,0,0,0,0,8,4,E01001418,-1,0,0.0,1.0,-1,6,20,1,1,1,15:00,3,2,8
2023070860964,2023,070860964,2,1,1,1,21,5,3,0,0,0,0,0,1,-1,-1,-1,0,0.06015,0.93985,-1,6,30,1,1,1,09:25,7,2,1
2023131328604,2023,131328604,1,1,1,1,17,4,2,0,0,0,0,0,2,1,E01011901,7,1,1.0,0.0,-1,3,50,1,1,1,16:05,3,3,2
2023010482136,2023,010482136,1,1,3,1,14,3,3,5,1,0,0,0,0,-1,-1,-1,0,0.0,1.0,-1,1,20,1,4,2,16:20,3,1,9
2023201301135,2023,201301135,1,2,3,1,21,5,2,1,3,0,0,2,0,-1,-1,7,1,1.0,0.0,-1,6,30,1,1,1,13:55,3,1,9
2023430282270,2023,430282270,2,1,1,1,63,9,2,0,0,0,0,0,1,8,E01016403,-1,0,1.0,0.0,-1,6,30,1,1,1,19:45,2,2,1
2023451324446,2023,451324446,1,1,1,1,24,5,3,0,0,0,0,0,3,8,E01030988,3,1,0.0,1.0,-1,6,30,1,1,1,18:00,2,2,3
2023552301039,2023,552301039,1,1,1,1,72,10,2,0,0,0,0,0,5,6,E01029153,-1,0,1.0,0.0,-1,6,50,1,1,1,14:50,4,2,5
2023010448933,2023,010448933,2,1,1,2,43,7,2,0,0,0,0,0,1,4,E01001854,-1,0,1.0,0.0,-1,6,20,1,1,1,08:57,4,2,1
2023131324586,2023,131324586,1,1,2,2,44,7,2,0,0,0,0,0,2,1,E01011466,7,1,1.0,0.0,-1,6,60,1,1,1,19:08,5,1,2
2023010476126,2023,010476126,2,1,1,1,20,4,3,0,0,0,0,0,1,2,E01032805,-1,0,0.0,1.0,-1,6,20,1,4,1,18:55,1,2,1
2023622400061,2023,622400061,1,1,3,1,-1,-1,3,9,6,0,0,0,0,9,W01001820,-1,0,0.15997,0.84003,-1,6,20,1,4,1,03:39,7,1,9
2023141388444,2023,141388444,1,1,1,1,38,7,3,0,0,0,0,0,19,8,E01007801,3,1,0.0,1.0,-1,6,30,1,4,1,23:04,5,2,19
2023170M11753,2023,170M11753,2,2,2,2,13,3,3,0,0,2,0,0,9,-1,-1,-1,0,0.0335,0.9665,-1,6,30,1,1,2,08:08,2,2,9
2023211301892,2023,211301892,2,1,1,1,20,4,2,0,0,0,0,0,9,3,E01029804,7,1,1.0,0.0,-1,6,30,2,4,2,21:46,7,2,9
2023320069100,2023,320069100,2,1,1,2,30,6,3,0,0,0,0,0,9,9,E01028355,-1,0,0.04119,0.95881,-1,3,60,8,1,1,11:20,5,2,9
2023451334529,2023,451334529,1,1,1,1,70,10,3,0,0,0,0,0,9,8,E01030628,3,1,0.0,1.0,-1,3,40,1,1,1,10:25,6,1,9
2023041261696,2023,041261696,2,1,1,1,36,7,3,0,0,0,0,0,1,2,E01025070,3,1,0.0,1.0,-1,6,30,5,4,2,16:46,3,2,1
2023052302679,2023,052302679,1,1,1,1,11,3,3,0,0,0,0,0,1,1,E01007055,-1,0,0.15753,0.84247,-1,6,20,2,1,2,15:20,2,2,1
2023041342878,2023,041342878,1,1,3,2,9,2,3,8,6,0,0,0,0,1,E01025067,3,1,0.0,1.0,-1,6,20,1,1,1,15:30,4,1,9
2023010426319,2023,010426319,1,1,3,2,57,9,3,1,1,0,0,0,0,9,E01030539,-1,0,0.0,1.0,-1,6,20,1,4,1,21:47,7,1,11
2023371323008,2023,371323008,1,1,3,1,56,9,3,6,1,0,0,-1,0,3,E01030026,3,1,0.0,1.0,-1,6,30,1,1,1,16:10,6,1,9
2023061365186,2023,061365186,2,1,1,1,26,6,3,0,0,0,0,0,1,1,E01005130,3,1,0.0,1.0,-1,3,20,1,4,1,19:15,5,2,1
2023320432164,2023,320432164,1,1,3,2,54,8,3,9,8,0,0,0,0,-1,-1,-1,0,0.12682,0.87318,-1,6,60,1,1,1,10:33,2,1,9
2023440178046,2023,440178046,1,1,3,2,90,11,2,1,3,0,0,0,0,10,E01022773,-1,0,1.0,0.0,-1,6,30,2,1,2,12:10,7,1,9
2023461350245,2023,461350245,2,4,2,2,22,5,3,0,0,0,4,0,11,2,E01016068,3,1,0.0,1.0,-1,3,30,1,1,1,17:23,1,2,11
2023231371438,2023,231371438,1,2,2,2,11,3,3,0,0,2,0,0,9,8,E01019872,3,1,0.0,1.0,-1,3,70,2,6,2,21:40,7,1,9
2023401394659,2023,401394659,1,5,2,1,13,3,3,0,0,2,0,0,9,3,E01017400,3,1,0.0,1.0,-1,6,30,1,6,1,21:16,7,2,9
2023991362199,2023,991362199,1,1,1,2,38,7,2,0,0,0,0,0,9,1,-1,7,1,1.0,0.0,-1,6,30,1,1,1,09:15,5,2,9
2023010420872,2023,010420872,1,1,2,1,20,4,3,0,0,0,4,0,11,6,E01001245,-1,0,0.0,1.0,-1,6,20,1,1,1,16:32,4,1,11
2023052301481,2023,052301481,2,3,2,2,29,6,3,0,0,1,0,0,9,1,E01006505,-1,0,0.06341,0.93659,-1,6,30,1,1,1,17:20,2,3,9
2023101286184,2023,101286184,1,1,1,2,53,8,3,0,0,0,0,0,9,2,E01008480,3,1,0.0,1.0,-1,6,30,1,1,2,13:16,7,2,9
2023131342435,2023,131342435,2,2,1,2,66,10,3,0,0,0,0,0,9,2,E01011237,3,1,0.0,1.0,-1,6,40,1,1,1,11:20,3,3,9
2023340WN4392,2023,340WN4392,2,1,1,2,57,9,3,0,0,0,0,0,9,4,E01027252,-1,0,0.07604,0.92396,-1,6,40,1,1,1,15:50,5,2,9
2023122301239,2023,122301239,3,1,1,1,22,5,2,0,0,0,0,0,9,8,E01027875,-1,0,1.0,0.0,-1,6,60,2,6,2,07:17,5,3,9
2023141265031,2023,141265031,1,1,1,2,30,6,3,0,0,0,0,0,9,7,E01007381,3,1,0.0,1.0,-1,3,30,1,4,1,19:15,3,2,9