collision_index,collision_year,collision_ref_no,vehicle_reference,casualty_reference,casualty_class,sex_of_casualty,age_of_casualty,age_band_of_casualty,casualty_severity,pedestrian_location,pedestrian_movement,car_passenger,bus_or_coach_passenger,pedestrian_road_maintenance_worker,casualty_type,casualty_imd_decile,lsoa_of_casualty,enhanced_casualty_severity,casualty_injury_based,casualty_adjusted_severity_serious,casualty_adjusted_severity_slight,casualty_distance_banding,road_type,speed_limit,weather_conditions,light_conditions,road_surface_conditions,time,day_of_week,number_of_vehicles,vehicle_type
2023531351802,2023,531351802,1,1,1,1,34,6,3,0,0,0,0,0,9,10,E01022197,3,1,0.0,1.0,-1,6,40,1,1,2,16:26,3,1,9
2023991309597,2023,991309597,1,1,2,1,15,3,3,0,0,1,0,0,9,-1,-1,3,1,0.0,1.0,-1,6,60,1,1,1,18:45,6,2,9
2023161362658,2023,161362658,1,2,1,1,45,7,3,0,0,0,0,0,9,2,E01013240,3,1,0.0,1.0,-1,6,40,1,1,1,16:43,5,2,9
2023411375217,2023,411375217,2,2,1,2,37,7,3,0,0,0,0,0,9,2,E01001447,3,1,0.0,1.0,-1,3,40,1,1,1,13:20,7,2,9
2023471348049,2023,471348049,1,1,2,2,18,4,2,0,0,2,0,0,9,9,E01021144,7,1,1.0,0.0,-1,6,50,1,6,1,01:28,1,1,9
2023010437653,2023,010437653,1,1,1,1,72,10,3,0,0,0,0,0,9,7,E01002329,-1,0,0.0,1.0,-1,6,30,1,1,1,07:15,1,2,9
2023131393538,2023,131393538,2,1,2,2,18,4,2,0,0,2,0,0,9,4,E01007434,7,1,1.0,0.0,-1,3,30,1,1,1,13:50,1,2,9
2023221323929,2023,221323929,2,2,1,2,66,10,2,0,0,0,0,0,9,6,E01032222,7,1,1.0,0.0,-1,6,30,1,1,1,17:20,4,2,9
2023401292040,2023,401292040,1,1,1,2,54,8,3,0,0,0,0,0,9,7,E01017437,3,1,0.0,1.0,-1,7,40,2,1,2,12:30,6,2,9
2023471365228,2023,471365228,2,1,1,1,26,6,3,0,0,0,0,0,9,7,E01021009,3,1,0.0,1.0,-1,6,60,1,6,2,18:00,6,2,9
2023471388872,2023,471388872,2,1,1,2,38,7,3,0,0,0,0,0,9,4,E01031610,3,1,0.0,1.0,-1,6,40,1,6,2,16:50,6,2,9
2023320534385,2023,320534385,2,2,1,1,57,9,2,0,0,0,0,0,90,2,E01028029,-1,0,1.0,0.0,-1,6,30,1,1,1,11:07,2,3,90
2023010453758,2023,010453758,1,1,1,1,63,9,3,0,0,0,0,0,1,6,E01004550,-1,0,0.0,1.0,-1,6,20,1,1,1,11:22,6,2,1
2023421302328,2023,421302328,1,1,1,1,47,8,2,0,0,0,0,0,5,6,E01021879,5,1,1.0,0.0,-1,6,60,1,1,1,18:19,7,1,5
2023061368445,2023,061368445,1,1,3,2,10,2,3,6,9,0,0,0,0,8,E01006130,3,1,0.0,1.0,-1,6,30,1,1,1,13:45,5,1,9
2023131276112,2023,131276112,1,1,3,2,27,6,3,10,1,0,0,2,0,-1,-1,3,1,0.0,1.0,-1,6,30,1,1,1,08:55,3,1,9
2023332300165,2023,332300165,1,2,2,1,12,3,3,0,0,0,0,0,-1,4,E01013618,-1,0,0.05142,0.94858,-1,6,30,1,1,1,15:10,1,2,-1
2023471296807,2023,471296807,2,1,2,1,21,5,3,0,0,0,0,0,19,7,E01022724,3,1,0.0,1.0,-1,6,30,2,6,2,15:59,6,2,19
2023010477378,2023,010477378,1,1,1,1,44,7,3,0,0,0,0,0,9,4,E01003343,-1,0,0.0,1.0,-1,3,40,1,4,1,20:30,6,2,9
2023461315829,2023,461315829,1,2,2,1,28,6,2,0,0,2,0,0,9,8,E01024057,5,1,1.0,0.0,-1,6,60,1,6,1,23:40,6,1,9
2023522301601,2023,522301601,1,1,1,1,37,7,3,0,0,0,0,0,1,8,E01014507,-1,0,0.0162,0.9838,-1,6,30,1,4,1,20:15,2,2,1
2023411303924,2023,411303924,1,1,2,2,34,6,3,0,0,1,0,0,9,9,E01017767,3,1,0.0,1.0,-1,6,30,2,1,2,18:39,7,2,9
2023522300935,2023,522300935,2,1,1,2,32,6,3,0,0,0,0,0,9,7,E01014649,-1,0,0.00758,0.99242,-1,6,30,1,1,2,09:30,5,3,9
2023991275078,2023,991275078,2,1,1,2,32,6,3,0,0,0,0,0,9,3,-1,3,1,0.0,1.0,-1,3,70,1,1,1,12:30,3,2,9
2023201285437,2023,201285437,1,1,1,1,43,7,3,0,0,0,0,0,97,10,E01009854,3,1,0.0,1.0,-1,6,30,1,1,1,15:20,5,2,97
2023052302951,2023,052302951,1,1,3,1,31,6,3,1,9,0,0,0,0,7,E01033750,-1,0,0.09877,0.90123,-1,6,30,2,4,2,17:20,7,1,9
2023552300888,2023,552300888,1,1,3,1,23,5,2,5,3,0,0,0,0,9,E01022692,-1,0,1.0,0.0,-1,6,30,2,4,2,01:41,1,1,9
2023320454879,2023,320454879,1,1,1,2,31,6,3,0,0,0,0,0,9,4,E01026268,-1,0,0.0576,0.9424,-1,6,60,9,1,2,17:20,6,1,9
2023010463521,2023,010463521,1,1,3,1,55,8,3,5,9,0,0,0,0,3,E01002850,-1,0,0.0,1.0,-1,9,30,1,1,9,16:15,4,1,8
2023010478608,2023,010478608,1,1,3,1,73,10,3,5,9,0,0,0,0,4,E01001097,-1,0,0.0,1.0,-1,3,30,1,4,2,16:35,6,1,9
2023340NN1542,2023,340NN1542,1,1,3,1,74,10,3,10,7,0,0,0,0,-1,-1,-1,0,0.28014,0.71986,-1,3,40,1,4,1,04:40,5,1,9
2023440401824,2023,440401824,2,1,1,1,13,3,3,0,0,0,0,0,1,3,E01033381,-1,0,0.13434,0.86566,-1,6,30,1,1,1,11:30,2,2,1
2023430409322,2023,430409322,2,1,1,1,13,3,3,0,0,0,0,0,1,3,E01017654,-1,0,0.07248,0.92752,-1,1,30,2,1,2,15:15,5,2,1
2023221268276,2023,221268276,1,1,3,2,33,6,3,5,3,0,0,0,0,-1,-1,3,1,0.0,1.0,-1,6,30,1,4,2,19:50,5,1,9
2023010473924,2023,010473924,1,1,1,1,25,5,3,0,0,0,0,0,1,10,E01000763,-1,0,0.0,1.0,-1,6,30,1,4,1,06:30,2,2,1
2023201353855,2023,201353855,1,1,1,1,27,6,2,0,0,0,0,0,3,5,E01009447,5,1,1.0,0.0,-1,3,40,1,1,1,14:01,1,1,3
2023010465745,2023,010465745,1,1,3,2,22,5,3,1,3,0,0,0,0,2,E01000075,-1,0,0.0,1.0,-1,9,30,2,4,2,19:39,3,1,9
2023201462848,2023,201462848,1,1,3,1,38,7,3,1,4,0,0,2,0,-1,-1,3,1,0.0,1.0,-1,6,30,8,4,2,18:22,3,1,9
2023320476113,2023,320476113,1,1,1,1,14,3,3,0,0,0,0,0,1,8,E01026141,-1,0,0.16765,0.83235,-1,6,40,1,1,1,17:58,3,2,1
2023430337077,2023,430337077,1,1,1,1,34,6,3,0,0,0,0,0,1,3,E01033422,-1,0,0.05143,0.94857,-1,6,30,1,1,1,13:45,6,2,1
2023101292887,2023,101292887,1,1,1,1,43,7,3,0,0,0,0,0,3,3,E01008449,3,1,0.0,1.0,-1,6,40,1,1,2,17:02,7,2,3
2023010422431,2023,010422431,1,1,1,1,19,4,3,0,0,0,0,0,1,5,E01021491,-1,0,0.0,1.0,-1,7,20,1,1,1,15:10,5,2,1
2023010430079,2023,010430079,2,1,1,1,17,4,3,0,0,0,0,0,3,-1,-1,-1,0,0.0,1.0,-1,6,20,1,4,1,18:00,5,2,3
2023010420560,2023,010420560,1,1,1,1,24,5,3,0,0,0,0,0,4,2,E01000013,-1,0,0.0,1.0,-1,6,20,1,1,1,16:20,6,2,4
2023461329079,2023,461329079,1,1,1,1,60,9,2,0,0,0,0,0,5,9,E01000759,7,1,1.0,0.0,-1,6,30,1,1,1,16:05,7,2,5
2023501360324,2023,501360324,1,1,1,1,38,7,3,0,0,0,0,0,1,1,E01015152,3,1,0.0,1.0,-1,3,30,1,4,1,20:44,6,1,1
2023010477495,2023,010477495,1,1,1,1,37,7,3,0,0,0,0,0,3,6,E01002555,-1,0,0.0,1.0,-1,9,30,9,7,9,22:00,6,2,3
2023471368613,2023,471368613,2,1,1,1,55,8,3,0,0,0,0,0,3,2,E01021049,3,1,0.0,1.0,-1,6,30,1,1,1,11:09,2,2,3
2023991368692,2023,991368692,1,1,3,1,62,9,2,5,9,0,0,0,0,1,-1,6,1,1.0,0.0,-1,6,30,1,4,1,17:10,2,1,9
2023010440058,2023,010440058,1,1,1,1,27,6,3,0,0,0,0,0,9,5,E01003312,-1,0,0.0,1.0,-1,6,30,1,4,1,20:08,6,2,9
2023430316797,2023,430316797,1,1,1,1,63,9,3,0,0,0,0,0,9,6,E01017852,-1,0,0.01847,0.98153,-1,6,30,1,1,2,17:33,6,2,9
2023991321159,2023,991321159,1,4,2,2,5,1,3,0,0,2,0,0,9,-1,-1,3,1,0.0,1.0,-1,3,70,1,1,1,17:22,3,2,9
2023010448882,2023,010448882,1,1,1,1,22,5,2,0,0,0,0,0,-1,5,E01001933,-1,0,1.0,0.0,-1,6,20,8,1,1,18:21,3,1,-1
2023052302647,2023,052302647,2,1,1,1,50,8,3,0,0,0,0,0,9,1,E01007127,-1,0,0.04834,0.95166,-1,6,30,1,1,1,18:00,7,2,9
2023061331386,2023,061331386,1,1,1,2,36,7,3,0,0,0,0,0,9,5,E01006268,3,1,0.0,1.0,-1,6,30,1,4,-1,23:10,2,2,9
2023440221950,2023,440221950,1,1,1,1,71,10,3,0,0,0,0,0,9,6,E01022672,-1,0,0.10489,0.89511,-1,3,70,1,1,1,08:15,7,2,9
2023451337823,2023,451337823,2,1,1,1,25,5,3,0,0,0,0,0,90,3,E01003372,3,1,0.0,1.0,-1,6,30,1,1,2,07:37,5,2,90
2023461265185,2023,461265185,2,2,1,1,64,9,3,0,0,0,0,0,9,7,E01024388,3,1,0.0,1.0,-1,7,70,1,1,2,11:55,5,4,9
2023451353764,2023,451353764,1,1,1,1,20,4,3,0,0,0,0,0,9,8,E01030538,3,1,0.0,1.0,-1,6,40,1,6,1,21:05,2,1,9
2023161326507,2023,161326507,1,1,2,1,74,10,3,0,0,0,3,0,11,2,E01012821,3,1,0.0,1.0,-1,3,30,1,1,1,12:45,6,2,11
2023552300955,2023,552300955,1,1,1,1,91,11,3,0,0,0,0,0,22,4,E01020578,-1,0,0.19819,0.80181,-1,6,30,1,1,1,12:06,4,2,22
2023061339543,2023,061339543,1,2,1,1,15,3,3,0,0,0,0,0,9,-1,-1,3,1,0.0,1.0,-1,6,30,1,1,1,11:50,3,3,9
2023131361150,2023,131361150,2,1,1,1,53,8,3,0,0,0,0,0,9,1,E01010622,3,1,0.0,1.0,-1,6,30,1,1,1,15:27,1,2,9
2023201304410,2023,201304410,1,1,1,1,30,6,3,0,0,0,0,0,9,5,E01010399,3,1,0.0,1.0,-1,6,30,1,1,1,15:20,4,2,9
2023211328296,2023,211328296,2,1,1,2,40,7,3,0,0,0,0,0,9,9,E01029479,3,1,0.0,1.0,-1,3,70,1,1,1,09:42,3,2,9
2023201284368,2023,201284368,2,1,1,1,28,6,3,0,0,0,0,0,9,2,E01010059,3,1,0.0,1.0,-1,6,30,1,1,1,11:12,5,2,9
2023991392556,2023,991392556,1,2,1,2,19,4,2,0,0,0,0,0,9,2,-1,5,1,1.0,0.0,-1,3,70,2,6,2,21:20,3,3,9
2023440526153,2023,440526153,1,1,1,1,27,6,3,0,0,0,0,0,19,6,E01023071,-1,0,0.09766,0.90234,-1,6,40,2,6,2,22:25,3,1,19
2023101338875,2023,101338875,2,1,1,1,82,11,3,0,0,0,0,0,8,1,E01008348,3,1,0.0,1.0,-1,6,30,1,1,1,12:30,5,2,8
2023201426520,2023,201426520,2,1,2,2,45,7,3,0,0,2,0,0,8,1,E01009212,3,1,0.0,1.0,-1,6,30,1,1,1,10:19,3,3,8
2023332300917,2023,332300917,2,2,2,1,39,7,3,0,0,2,0,0,8,10,E01025783,-1,0,0.02301,0.97699,-1,6,60,1,1,1,11:00,7,3,8
2023061324154,2023,061324154,2,1,1,1,49,8,3,0,0,0,0,0,1,4,E01005534,3,1,0.0,1.0,-1,6,30,1,1,1,20:20,2,2,1
2023010448061,2023,010448061,1,1,3,2,33,6,2,1,1,0,0,0,0,3,E01004066,-1,0,1.0,0.0,-1,6,20,1,1,1,15:55,6,1,1
2023010420665,2023,010420665,1,1,1,1,54,8,3,0,0,0,0,0,1,4,E01004380,-1,0,0.0,1.0,-1,6,30,2,1,2,08:10,3,2,1
2023122300338,2023,122300338,2,4,2,2,54,8,3,0,0,1,0,0,9,7,E01027735,-1,0,0.06713,0.93287,-1,6,60,1,1,1,14:21,4,2,9
2023371387739,2023,371387739,2,1,1,2,20,4,2,0,0,0,0,0,9,4,E01030161,7,1,1.0,0.0,-1,6,30,9,1,-1,12:01,4,2,9
2023101259216,2023,101259216,1,1,2,1,7,2,3,0,0,0,3,0,11,-1,-1,3,1,0.0,1.0,-1,6,20,1,1,2,15:00,3,1,11
2023010420643,2023,010420643,1,1,3,1,41,7,3,1,3,0,0,0,0,4,E01003166,-1,0,0.0,1.0,-1,6,30,2,1,2,16:52,1,1,9
2023010468720,2023,010468720,1,1,1,1,33,6,3,0,0,0,0,0,3,5,E01003140,-1,0,0.0,1.0,-1,1,20,1,1,1,12:02,4,2,3
2023170S30243,2023,170S30243,1,1,1,1,42,7,3,0,0,0,0,0,9,6,E01012290,-1,0,0.01131,0.98869,-1,6,30,1,1,1,16:00,6,2,9
2023201342173,2023,201342173,2,1,1,1,45,7,3,0,0,0,0,0,9,3,E01010249,3,1,0.0,1.0,-1,6,30,1,4,1,22:41,5,2,9
2023010467240,2023,010467240,1,1,1,1,71,10,3,0,0,0,0,0,9,5,E01003724,-1,0,0.0,1.0,-1,6,20,2,1,2,16:05,4,1,9
2023031391187,2023,031391187,1,1,1,1,32,6,2,0,0,0,0,0,9,4,E01019274,6,1,1.0,0.0,-1,6,60,1,1,2,16:32,5,2,9
2023041286761,2023,041286761,2,1,1,2,64,9,2,0,0,0,0,0,9,1,E01012637,7,1,1.0,0.0,-1,1,30,1,1,2,15:02,3,2,9
2023061325616,2023,061325616,2,2,2,2,23,5,3,0,0,-1,0,0,9,1,E01012408,3,1,0.0,1.0,-1,3,50,9,1,-1,08:00,6,2,9
2023131344863,2023,131344863,1,1,1,1,56,9,3,0,0,0,0,0,9,4,E01011049,3,1,0.0,1.0,-1,6,30,8,1,1,18:27,4,2,9
2023201410781,2023,201410781,3,1,1,2,48,8,3,0,0,0,0,0,9,-1,-1,3,1,0.0,1.0,-1,6,30,1,1,1,11:55,5,3,9
2023421307483,2023,421307483,2,1,1,1,26,6,3,0,0,0,0,0,19,5,E01015818,3,1,0.0,1.0,-1,1,50,1,1,1,10:45,2,2,19
2023052302563,2023,052302563,2,1,1,1,44,7,2,0,0,0,0,0,1,1,E01033300,-1,0,1.0,0.0,-1,6,40,1,5,1,06:20,1,2,1
2023351343161,2023,351343161,1,1,1,1,18,4,3,0,0,0,0,0,3,9,E01018148,3,1,0.0,1.0,-1,6,60,4,6,1,23:20,7,1,3
2023010444514,2023,010444514,1,2,2,1,33,6,3,0,0,1,0,0,9,3,E01004259,-1,0,0.0,1.0,-1,3,40,1,4,1,00:35,3,2,9
2023221297224,2023,221297224,1,1,1,1,39,7,3,0,0,0,0,0,19,3,E01008945,3,1,0.0,1.0,-1,1,40,2,1,2,20:00,1,1,19
2023131360247,2023,131360247,1,1,1,1,22,5,3,0,0,0,0,0,9,9,E01011195,3,1,0.0,1.0,-1,6,40,1,1,1,14:35,6,1,9
2023141340756,2023,141340756,1,1,1,1,42,7,3,0,0,0,0,0,1,-1,-1,3,1,0.0,1.0,-1,3,40,1,1,1,15:38,6,2,1
2023010426787,2023,010426787,1,1,1,1,21,5,3,0,0,0,0,0,3,5,E01003161,-1,0,0.0,1.0,-1,6,20,1,4,1,19:50,7,2,3
2023041297092,2023,041297092,2,5,1,2,20,4,3,0,0,0,0,0,9,6,E01025608,3,1,0.0,1.0,-1,6,30,2,4,2,01:56,1,3,9
2023501375435,2023,501375435,2,4,2,2,30,6,3,0,0,-1,0,0,9,5,E01018768,3,1,0.0,1.0,-1,6,30,1,4,2,17:53,5,3,9
2023010433840,2023,010433840,2,1,1,2,52,8,3,0,0,0,0,0,9,5,E01000239,-1,0,0.0,1.0,-1,6,20,1,4,2,19:42,5,2,9
2023010478986,2023,010478986,1,1,1,1,30,6,3,0,0,0,0,0,9,2,E01001001,-1,0,0.0,1.0,-1,6,30,1,4,2,02:10,2,1,9
2023471381216,2023,471381216,1,1,1,2,53,8,3,0,0,0,0,0,9,6,E01021182,3,1,0.0,1.0,-1,6,50,1,6,4,07:25,6,1,9
2023401266809,2023,401266809,2,1,1,1,24,5,2,0,0,0,0,0,1,4,E01015786,7,1,1.0,0.0,-1,6,30,1,4,1,10:27,6,2,1
2023302300199,2023,302300199,1,1,3,2,72,10,2,5,1,0,0,0,0,-1,-1,-1,0,1.0,0.0,-1,6,30,1,5,1,16:44,5,1,9
2023010456185,2023,010456185,1,1,1,2,20,4,3,0,0,0,0,0,3,1,E01001155,-1,0,0.0,1.0,-1,6,20,1,1,1,16:00,2,2,3
2023401393784,2023,401393784,2,5,2,2,32,6,3,0,0,2,0,0,8,10,E01017397,3,1,0.0,1.0,-1,6,60,1,6,2,18:55,7,2,8
2023411353883,2023,411353883,1,1,1,1,62,9,2,0,0,0,0,0,5,5,E01023792,7,1,1.0,0.0,-1,1,70,1,1,1,09:49,7,2,5
2023010455756,2023,010455756,2,1,1,1,31,6,2,0,0,0,0,0,8,6,E01004474,-1,0,1.0,0.0,-1,6,20,1,1,1,20:12,2,2,8
2023070575454,2023,070575454,2,1,1,2,79,11,3,0,0,0,0,0,9,10,E01018587,-1,0,0.02159,0.97841,-1,6,30,1,1,1,14:30,2,2,9
2023010450501,2023,010450501,1,1,1,1,69,10,2,0,0,0,0,0,9,10,E01000793,-1,0,1.0,0.0,-1,6,40,1,1,1,12:40,4,1,9
2023101347417,2023,101347417,2,2,1,1,26,6,3,0,0,0,0,0,9,3,E01008720,3,1,0.0,1.0,-1,3,70,1,1,1,17:20,4,2,9
2023201380676,2023,201380676,2,1,1,2,32,6,3,0,0,0,0,0,9,9,E01031113,3,1,0.0,1.0,-1,3,30,2,1,2,16:00,2,2,9
2023543794423,2023,543794423,2,2,1,1,52,8,3,0,0,0,0,0,9,3,E01031956,-1,0,0.08152,0.91848,-1,1,60,1,1,1,10:07,3,2,9
2023991326903,2023,991326903,2,1,1,1,54,8,2,0,0,0,0,0,9,-1,-1,7,1,1.0,0.0,-1,6,30,1,1,1,09:35,4,2,9
2023052301454,2023,052301454,1,7,1,1,64,9,3,0,0,0,0,0,11,1,E01006606,-1,0,0.12816,0.87184,-1,6,20,1,1,1,22:31,2,1,11
2023351303971,2023,351303971,2,1,1,2,44,7,2,0,0,0,0,0,-1,1,E01018108,7,1,1.0,0.0,-1,6,30,1,4,-1,02:10,1,2,-1
2023141288254,2023,141288254,1,1,1,1,44,7,2,0,0,0,0,0,9,-1,-1,7,1,1.0,0.0,-1,6,20,8,4,2,22:50,6,2,9
2023141332963,2023,141332963,2,1,1,2,25,5,3,0,0,0,0,0,9,1,E01007736,3,1,0.0,1.0,-1,6,30,1,4,1,23:40,2,2,9
2023361324882,2023,361324882,1,1,1,1,53,8,2,0,0,0,0,0,9,-1,-1,6,1,1.0,0.0,-1,6,30,1,4,1,23:26,7,1,9
2023371347925,2023,371347925,1,1,1,1,51,8,3,0,0,0,0,0,9,10,E01030203,3,1,0.0,1.0,-1,6,40,1,1,1,10:50,7,3,9
2023501408751,2023,501408751,2,1,1,1,73,10,3,0,0,0,0,0,9,6,E01015200,3,1,0.0,1.0,-1,3,70,1,1,1,15:27,5,2,9
2023010463435,2023,010463435,1,2,2,-1,-1,-1,3,0,0,1,0,0,9,2,E01003601,-1,0,0.0,1.0,-1,6,20,1,1,1,18:35,5,1,9
2023201298763,2023,201298763,1,2,2,2,21,5,3,0,0,2,0,0,9,2,E01009742,3,1,0.0,1.0,-1,6,30,1,4,1,23:35,1,1,9
2023010443813,2023,010443813,1,1,2,2,57,9,3,0,0,0,3,0,11,1,E01002069,-1,0,0.0,1.0,-1,3,20,1,4,1,22:10,5,2,11
2023010430649,2023,010430649,1,1,1,2,32,6,3,0,0,0,0,0,9,-1,-1,-1,0,0.0,1.0,-1,6,30,1,1,1,12:41,2,2,9
2023201408372,2023,201408372,1,1,1,1,72,10,3,0,0,0,0,0,9,8,E01010357,3,1,0.0,1.0,-1,6,40,1,1,1,13:04,2,1,9
2023440350532,2023,440350532,1,1,1,1,24,5,3,0,0,0,0,0,9,10,E01022512,-1,0,0.08767,0.91233,-1,3,70,1,1,1,07:02,4,1,9
2023461358321,2023,461358321,1,1,1,1,31,6,3,0,0,0,0,0,9,1,E01016031,3,1,0.0,1.0,-1,3,40,1,1,1,16:18,5,2,9
2023471385998,2023,471385998,1,4,1,1,19,4,2,0,0,0,0,0,9,2,E01016906,7,1,1.0,0.0,-1,6,30,1,4,2,04:59,1,3,9
2023311307906,2023,311307906,2,1,1,1,41,7,3,0,0,0,0,0,-1,9,E01028197,3,1,0.0,1.0,-1,3,30,1,1,1,10:08,3,2,-1
2023141327185,2023,141327185,1,2,2,1,17,4,2,0,0,0,0,0,19,2,E01007328,7,1,1.0,0.0,-1,6,30,1,1,1,21:30,7,1,19
2023440324774,2023,440324774,1,1,1,1,30,6,3,0,0,0,0,0,23,1,E01017166,-1,0,0.20832,0.79168,-1,6,30,1,4,1,23:20,6,1,23
2023131311142,2023,131311142,2,3,1,2,43,7,3,0,0,0,0,0,9,10,E01011196,3,1,0.0,1.0,-1,6,30,1,1,1,17:55,4,2,9
2023461305857,2023,461305857,1,3,2,2,48,8,2,0,0,1,0,0,9,6,E01000946,6,1,1.0,0.0,-1,7,70,1,1,1,17:04,2,3,9
2023061319009,2023,061319009,2,1,1,1,58,9,2,0,0,0,0,0,1,3,E01005937,7,1,1.0,0.0,-1,6,30,1,1,1,15:50,6,2,1
2023430404848,2023,430404848,2,1,1,1,46,8,3,0,0,0,0,0,3,8,E01016568,-1,0,0.16529,0.83471,-1,3,30,1,4,1,21:32,4,2,3
2023010456835,2023,010456835,1,1,1,1,22,5,3,0,0,0,0,0,9,6,E01002422,-1,0,0.0,1.0,-1,6,30,1,1,1,17:05,1,2,9
2023010475109,2023,010475109,1,6,2,-1,-1,-1,3,0,0,2,0,0,9,7,E01002424,-1,0,0.0,1.0,-1,3,30,1,4,1,19:50,2,1,9
2023461359378,2023,461359378,1,1,1,1,37,7,3,0,0,0,0,0,9,-1,-1,3,1,0.0,1.0,-1,3,70,1,1,1,13:50,6,2,9
2023622300212,2023,622300212,1,1,1,1,31,6,3,0,0,0,0,0,19,1,W01001173,-1,0,0.03862,0.96138,-1,6,30,1,6,1,06:08,7,2,19
2023010481919,2023,010481919,1,1,1,2,56,9,3,0,0,0,0,0,9,6,E01002957,-1,0,0.0,1.0,-1,6,20,1,4,2,16:20,2,2,9
2023302301317,2023,302301317,2,1,1,2,34,6,3,0,0,0,0,0,9,8,E01019685,-1,0,0.05638,0.94362,-1,6,30,1,1,1,17:50,6,2,9
2023421347480,2023,421347480,2,2,2,2,23,5,3,0,0,1,0,0,9,3,E01030114,3,1,0.0,1.0,-1,3,70,1,1,1,14:05,7,3,9
2023411331102,2023,411331102,2,2,1,1,29,6,3,0,0,0,0,0,19,2,E01021354,3,1,0.0,1.0,-1,6,60,1,1,1,16:45,6,2,19
2023531286463,2023,531286463,2,2,1,1,52,8,3,0,0,0,0,0,19,9,E01032713,3,1,0.0,1.0,-1,6,60,4,1,1,11:25,6,2,19
2023122301360,2023,122301360,2,1,1,-1,37,7,3,0,0,0,0,0,1,8,E01027668,-1,0,0.0585,0.9415,-1,6,50,1,1,1,13:45,7,2,1
2023131352987,2023,131352987,1,1,3,1,27,6,3,5,1,0,0,2,0,6,E01032946,3,1,0.0,1.0,-1,6,30,1,1,1,16:20,6,1,11
2023010471004,2023,010471004,2,1,1,1,17,4,3,0,0,0,0,0,-1,1,E01000508,-1,0,0.0,1.0,-1,6,30,1,4,1,18:30,2,2,-1
2023010444734,2023,010444734,1,1,1,1,30,6,3,0,0,0,0,0,8,6,E01001245,-1,0,0.0,1.0,-1,3,20,1,4,1,23:25,3,2,8
2023421343126,2023,421343126,2,3,2,1,62,9,2,0,0,1,0,0,9,8,E01021533,6,1,1.0,0.0,-1,6,60,1,1,1,11:16,6,2,9
2023440490736,2023,440490736,1,2,2,1,20,4,2,0,0,1,0,0,9,9,E01022787,-1,0,1.0,0.0,-1,6,30,1,4,2,23:30,5,2,9
2023421350949,2023,421350949,2,1,1,1,26,6,2,0,0,0,0,0,3,7,E01021679,7,1,1.0,0.0,-1,6,60,1,1,1,12:54,1,2,3
2023201320734,2023,201320734,1,1,3,1,49,8,2,1,1,0,0,2,0,1,E01009345,7,1,1.0,0.0,-1,6,30,1,1,1,13:13,3,1,11
2023010474776,2023,010474776,1,1,1,1,35,6,3,0,0,0,0,0,8,4,E01001041,-1,0,0.0,1.0,-1,6,20,9,7,9,23:58,7,2,8
2023201339028,2023,201339028,1,1,1,1,51,8,2,0,0,0,0,0,9,2,E01009091,6,1,1.0,0.0,-1,1,40,1,1,1,11:25,3,1,9
2023401371214,2023,401371214,2,1,1,1,31,6,3,0,0,0,0,0,9,5,E01015740,3,1,0.0,1.0,-1,3,30,1,1,1,13:13,1,2,9
2023010434483,2023,010434483,2,1,1,1,35,6,3,0,0,0,0,0,1,2,E01001785,-1,0,0.0,1.0,-1,6,20,1,1,1,13:00,2,2,1
2023010465654,2023,010465654,1,1,1,1,48,8,3,0,0,0,0,0,1,9,E01000410,-1,0,0.0,1.0,-1,6,30,5,1,2,17:50,3,2,1
2023320574142,2023,320574142,1,1,3,2,28,6,3,9,9,0,0,0,0,6,E01026213,-1,0,0.13954,0.86046,-1,6,30,1,1,1,20:21,4,1,9
2023430249790,2023,430249790,2,1,1,1,21,5,3,0,0,0,0,0,3,10,E01028667,-1,0,0.10967,0.89033,-1,6,30,1,1,1,12:49,4,2,3
2023302300870,2023,302300870,2,1,1,1,-1,-1,3,0,0,0,0,0,9,5,E01019456,-1,0,0.02059,0.97941,-1,6,30,1,1,1,20:53,6,2,9
2023340WN1302,2023,340WN1302,2,2,2,2,9,2,3,0,0,1,0,0,9,9,E01027022,-1,0,0.05423,0.94577,-1,6,30,3,4,2,18:25,4,3,9
2023471328813,2023,471328813,1,1,1,1,20,4,3,0,0,0,0,0,9,1,E01013893,3,1,0.0,1.0,-1,6,60,1,6,1,00:20,5,2,9
2023010454392,2023,010454392,1,3,2,2,23,5,3,0,0,0,4,0,11,4,E01003929,-1,0,0.0,1.0,-1,6,20,1,1,1,15:45,2,2,11
2023010442389,2023,010442389,1,1,3,1,4,1,3,5,2,0,0,0,0,3,E01001048,-1,0,0.0,1.0,-1,6,20,1,1,1,15:45,5,1,9
2023544402823,2023,544402823,1,1,1,1,43,7,2,0,0,0,0,0,-1,6,E01032708,-1,0,1.0,0.0,-1,6,30,9,7,1,17:43,4,2,-1
2023041357078,2023,041357078,1,3,2,1,21,5,3,0,0,2,0,0,9,1,E01025182,3,1,0.0,1.0,-1,6,60,5,6,2,20:00,4,1,9
2023471364345,2023,471364345,1,1,1,2,74,10,3,0,0,0,0,0,9,9,E01031504,3,1,0.0,1.0,-1,6,40,1,1,2,09:17,4,2,9
2023991291664,2023,991291664,2,2,1,2,33,6,3,0,0,0,0,0,9,7,-1,3,1,0.0,1.0,-1,6,60,1,5,2,08:00,4,2,9