collision_index,collision_year,collision_ref_no,vehicle_reference,casualty_reference,casualty_class,sex_of_casualty,age_of_casualty,age_band_of_casualty,casualty_severity,pedestrian_location,pedestrian_movement,car_passenger,bus_or_coach_passenger,pedestrian_road_maintenance_worker,casualty_type,casualty_imd_decile,lsoa_of_casualty,enhanced_casualty_severity,casualty_injury_based,casualty_adjusted_severity_serious,casualty_adjusted_severity_slight,casualty_distance_banding,road_type,speed_limit,weather_conditions,light_conditions,road_surface_conditions,time,day_of_week,number_of_vehicles,vehicle_type
2023221265348,2023,221265348,2,1,1,1,30,6,3,0,0,0,0,0,9,8,E01028877,3,1,0.0,1.0,-1,6,60,3,6,3,06:44,4,2,9
2023351333528,2023,351333528,2,1,1,2,25,5,3,0,0,0,0,0,9,7,E01029937,3,1,0.0,1.0,-1,3,60,1,1,-1,08:10,4,2,9
2023421370435,2023,421370435,2,1,1,1,32,6,3,0,0,0,0,0,9,9,E01021923,3,1,0.0,1.0,-1,6,30,2,4,2,17:16,6,3,9
2023440368810,2023,440368810,2,1,1,1,80,11,3,0,0,0,0,0,9,8,E01015448,-1,0,0.14283,0.85717,-1,6,40,1,1,1,14:32,1,2,9
2023461349144,2023,461349144,1,1,1,1,91,11,3,0,0,0,0,0,9,4,E01024539,3,1,0.0,1.0,-1,6,30,1,1,1,07:38,1,1,9
2023520301353,2023,520301353,2,1,1,2,54,8,3,0,0,0,0,0,9,3,E01029235,-1,0,0.03094,0.96906,-1,6,40,1,1,1,17:50,4,2,9
2023010422759,2023,010422759,1,5,2,1,52,8,3,0,0,0,4,0,11,3,E01002521,-1,0,0.0,1.0,-1,6,30,1,4,1,17:49,7,1,11
2023010459374,2023,010459374,1,1,1,1,38,7,2,0,0,0,0,0,3,7,E01002009,-1,0,1.0,0.0,-1,6,30,1,1,1,15:30,2,2,3
2023440264403,2023,440264403,1,1,1,1,56,9,2,0,0,0,0,0,5,8,E01017060,-1,0,1.0,0.0,-1,6,60,1,1,1,12:10,1,2,5
2023010441202,2023,010441202,2,2,1,2,58,9,3,0,0,0,0,0,9,10,E01021447,-1,0,0.0,1.0,-1,6,30,1,1,1,18:03,5,2,9
2023010455034,2023,010455034,2,2,1,2,59,9,3,0,0,0,0,0,9,3,E01002721,-1,0,0.0,1.0,-1,6,20,1,1,1,18:42,5,2,9
2023461266561,2023,461266561,1,1,1,1,58,9,3,0,0,0,0,0,9,8,E01021230,3,1,0.0,1.0,-1,6,50,6,7,4,05:52,3,1,9
2023471329015,2023,471329015,2,2,2,1,41,7,3,0,0,0,0,0,19,4,E01020916,3,1,0.0,1.0,-1,6,60,1,1,1,12:50,5,3,19
2023451380133,2023,451380133,1,1,1,2,60,9,3,0,0,0,0,0,23,10,E01030351,3,1,0.0,1.0,-1,6,30,1,1,1,09:20,3,2,23
2023522300415,2023,522300415,1,1,3,1,37,7,3,9,5,0,0,0,0,3,E01014841,-1,0,0.0649,0.9351,-1,6,30,1,1,1,14:45,2,1,9
2023010430847,2023,010430847,1,1,1,1,31,6,3,0,0,0,0,0,3,3,E01001190,-1,0,0.0,1.0,-1,6,30,1,1,1,16:30,2,2,3
2023010451415,2023,010451415,1,1,1,1,78,11,3,0,0,0,0,0,9,2,E01003124,-1,0,0.0,1.0,-1,6,30,1,1,1,11:00,1,1,9
2023101341135,2023,101341135,1,1,1,1,33,6,2,0,0,0,0,0,5,2,E01020615,7,1,1.0,0.0,-1,6,30,1,1,2,07:50,1,1,5
2023440183841,2023,440183841,2,1,1,1,55,8,2,0,0,0,0,0,5,8,E01022651,-1,0,1.0,0.0,-1,6,40,1,1,1,16:37,4,2,5
2023201318548,2023,201318548,1,1,1,1,14,3,2,0,0,0,0,0,-1,-1,-1,7,1,1.0,0.0,-1,6,30,1,1,1,18:00,2,2,-1
2023010443318,2023,010443318,1,1,1,1,77,11,3,0,0,0,0,0,9,7,E01004505,-1,0,0.0,1.0,-1,3,30,1,1,1,17:20,3,3,9
2023332301032,2023,332301032,1,1,1,2,58,9,2,0,0,0,0,0,9,5,E01025884,-1,0,1.0,0.0,-1,6,60,2,1,2,08:03,2,2,9
2023131297226,2023,131297226,1,1,3,1,34,6,2,5,1,0,0,2,0,-1,-1,5,1,1.0,0.0,-1,3,30,2,4,2,05:29,5,1,9
2023010458324,2023,010458324,2,1,1,1,54,8,3,0,0,0,0,0,3,4,E01032778,-1,0,0.0,1.0,-1,6,20,1,1,1,09:25,3,2,3
2023061326202,2023,061326202,2,1,1,2,41,7,3,0,0,0,0,0,9,4,E01005507,3,1,0.0,1.0,-1,3,70,1,1,1,17:34,3,4,9
2023061360318,2023,061360318,1,1,1,1,43,7,3,0,0,0,0,0,9,-1,-1,3,1,0.0,1.0,-1,6,30,1,1,2,17:14,6,5,9
2023070378708,2023,070378708,1,1,1,1,59,9,3,0,0,0,0,0,9,6,E01006202,-1,0,0.06376,0.93624,-1,6,30,1,1,1,06:46,6,2,9
202360A195164,2023,60A195164,2,2,1,1,33,6,3,0,0,0,0,0,9,-1,-1,-1,0,0.14222,0.85778,-1,3,70,1,1,2,14:47,3,3,9
2023010433499,2023,010433499,2,1,2,1,36,7,3,0,0,2,0,0,9,-1,-1,-1,0,0.0,1.0,-1,6,30,1,4,1,20:02,3,4,9
2023111268089,2023,111268089,1,2,2,1,17,4,1,0,0,1,0,0,9,7,E01020857,1,1,0.0,0.0,-1,6,60,1,6,1,17:20,4,1,9
2023320598991,2023,320598991,1,1,1,2,69,10,3,0,0,0,0,0,9,-1,-1,-1,0,0.08379,0.91621,-1,6,60,1,1,1,16:45,3,3,9
2023421305467,2023,421305467,2,2,1,1,36,7,3,0,0,0,0,0,9,5,E01021922,3,1,0.0,1.0,-1,6,30,1,1,1,16:14,3,2,9
2023010440894,2023,010440894,2,1,1,1,38,7,3,0,0,0,0,0,1,8,E01021468,-1,0,0.0,1.0,-1,6,30,1,1,1,07:00,4,2,1
2023010472525,2023,010472525,1,1,1,2,30,6,2,0,0,0,0,0,1,2,E01001815,-1,0,1.0,0.0,-1,9,50,1,1,1,10:00,2,2,1
2023421277658,2023,421277658,1,1,1,1,77,11,2,0,0,0,0,0,9,4,E01015971,7,1,1.0,0.0,-1,6,30,1,1,1,14:25,6,3,9
2023052301430,2023,052301430,2,3,2,2,60,9,3,0,0,1,0,0,9,2,E01007168,-1,0,0.06955,0.93045,-1,6,40,1,1,1,15:45,6,2,9
2023122301032,2023,122301032,1,1,1,1,39,7,2,0,0,0,0,0,9,1,E01025295,-1,0,1.0,0.0,-1,6,60,1,1,1,09:50,1,4,9
2023461396502,2023,461396502,2,2,1,2,50,8,3,0,0,0,0,0,9,7,E01024422,3,1,0.0,1.0,-1,6,60,1,6,2,16:10,7,2,9
2023471308093,2023,471308093,2,3,2,2,38,7,3,0,0,1,0,0,9,5,E01031515,3,1,0.0,1.0,-1,6,60,1,1,1,18:44,3,2,9
2023991295910,2023,991295910,1,1,1,2,79,11,2,0,0,0,0,0,9,6,-1,5,1,1.0,0.0,-1,6,60,1,1,1,09:40,3,2,9
2023122300424,2023,122300424,1,1,3,1,81,11,2,5,3,0,0,0,0,9,E01027898,-1,0,1.0,0.0,-1,6,30,1,1,1,08:58,2,1,9
2023010469593,2023,010469593,2,1,1,1,27,6,3,0,0,0,0,0,3,4,E01000608,-1,0,0.0,1.0,-1,6,20,1,1,1,15:15,2,2,3
2023430041376,2023,430041376,2,1,1,1,39,7,3,0,0,0,0,0,8,3,E01017605,-1,0,0.03813,0.96187,-1,6,30,1,7,1,17:55,6,2,8
2023010444954,2023,010444954,1,1,2,2,15,3,3,0,0,2,0,0,9,9,E01002994,-1,0,0.0,1.0,-1,3,50,1,1,1,08:58,5,3,9
2023320716098,2023,320716098,2,1,1,2,49,8,2,0,0,0,0,0,9,4,E01026377,-1,0,1.0,0.0,-1,6,40,2,1,2,13:00,1,2,9
2023501345600,2023,501345600,2,4,2,1,17,4,3,0,0,2,0,0,9,5,E01009774,3,1,0.0,1.0,-1,3,70,2,1,2,16:55,6,4,9
202360A103745,2023,60A103745,2,1,1,1,63,9,2,0,0,0,0,0,9,-1,-1,-1,0,1.0,0.0,-1,6,60,1,1,1,16:03,1,2,9
2023991260405,2023,991260405,1,1,3,2,38,7,3,5,1,0,0,0,0,4,-1,3,1,0.0,1.0,-1,6,20,2,4,2,18:18,5,1,9
2023052302236,2023,052302236,2,1,1,1,20,4,3,0,0,0,0,0,1,1,E01006790,-1,0,0.16257,0.83743,-1,6,30,1,6,1,22:00,4,2,1
2023351378431,2023,351378431,2,1,1,1,18,4,2,0,0,0,0,0,1,1,E01015602,5,1,1.0,0.0,-1,6,30,2,4,2,20:17,6,2,1
2023421292380,2023,421292380,2,1,1,1,20,4,2,0,0,0,0,0,1,9,E01030116,7,1,1.0,0.0,-1,6,30,1,1,2,16:00,4,2,1
2023471285680,2023,471285680,2,1,1,1,41,7,3,0,0,0,0,0,1,10,E01031578,3,1,0.0,1.0,-1,1,50,1,1,1,11:35,7,2,1
2023101355845,2023,101355845,2,3,2,1,58,9,2,0,0,1,0,0,9,9,E01008799,5,1,1.0,0.0,-1,6,60,1,1,1,11:51,7,2,9
2023332300477,2023,332300477,2,1,2,2,-1,-1,3,0,0,1,0,0,9,9,E01013800,-1,0,0.02297,0.97703,-1,6,30,1,4,1,00:05,7,2,9
2023401360252,2023,401360252,1,1,1,1,17,4,3,0,0,0,0,0,9,5,E01017430,3,1,0.0,1.0,-1,6,60,8,6,2,21:18,2,1,9
2023421370439,2023,421370439,2,1,2,1,34,6,3,0,0,1,0,0,9,9,E01029872,3,1,0.0,1.0,-1,6,60,1,6,2,18:50,6,2,9
2023501348036,2023,501348036,1,1,1,1,37,7,3,0,0,0,0,0,9,5,E01018946,3,1,0.0,1.0,-1,6,60,1,6,1,23:13,7,1,9
202363D022523,2023,63D022523,2,1,1,2,54,8,3,0,0,0,0,0,9,6,W01000455,-1,0,0.10613,0.89387,-1,6,60,1,1,1,10:54,6,2,9
2023991388416,2023,991388416,2,2,1,1,39,7,3,0,0,0,0,0,9,2,-1,3,1,0.0,1.0,-1,6,30,1,4,2,17:24,5,2,9
2023471269842,2023,471269842,1,1,2,1,81,11,3,0,0,0,3,0,11,4,E01020936,3,1,0.0,1.0,-1,6,30,1,1,1,11:42,2,1,11
202354A039923,2023,54A039923,2,1,1,1,66,10,3,0,0,0,0,0,1,7,E01032003,-1,0,0.09927,0.90073,-1,6,30,1,4,2,19:15,5,2,1
2023010477372,2023,010477372,2,2,2,1,55,8,3,0,0,2,0,0,9,2,E01004252,-1,0,0.0,1.0,-1,6,20,1,4,1,15:30,7,2,9
2023231380716,2023,231380716,1,1,2,2,18,4,3,0,0,1,0,0,9,9,E01031210,3,1,0.0,1.0,-1,6,60,2,1,2,11:26,1,2,9
2023340WN3782,2023,340WN3782,1,1,1,1,22,5,3,0,0,0,0,0,9,8,E01026977,-1,0,0.10531,0.89469,-1,6,60,1,1,1,08:50,6,3,9
2023411331036,2023,411331036,1,1,1,1,66,10,2,0,0,0,0,0,-1,-1,-1,5,1,1.0,0.0,-1,3,30,1,7,1,20:14,1,1,-1
2023161392478,2023,161392478,1,1,3,1,27,6,3,8,1,0,0,2,0,3,E01012860,3,1,0.0,1.0,-1,6,30,1,4,2,17:26,2,1,9
2023010481391,2023,010481391,1,1,1,1,27,6,2,0,0,0,0,0,3,3,E01004645,-1,0,1.0,0.0,-1,6,30,1,1,1,09:00,5,2,3
2023440056458,2023,440056458,1,1,1,1,70,10,3,0,0,0,0,0,5,10,E01022683,-1,0,0.239,0.761,-1,6,30,1,1,1,09:58,6,2,5
2023461354395,2023,461354395,2,2,2,2,45,7,3,0,0,1,0,0,9,8,E01000695,3,1,0.0,1.0,-1,1,30,2,1,2,13:20,1,2,9
2023101368177,2023,101368177,2,1,1,2,32,6,2,0,0,0,0,0,1,2,E01008813,7,1,1.0,0.0,-1,6,20,1,7,2,19:00,4,2,1
2023070352387,2023,070352387,2,1,1,1,19,4,3,0,0,0,0,0,9,10,E01018690,-1,0,0.0411,0.9589,-1,6,50,1,1,1,16:30,4,2,9
2023131261738,2023,131261738,1,1,2,1,21,5,3,0,0,1,0,0,9,2,E01011324,3,1,0.0,1.0,-1,6,40,2,4,2,18:43,3,2,9
2023302301316,2023,302301316,1,1,3,2,15,3,3,1,3,0,0,0,0,6,E01019760,-1,0,0.09639,0.90361,-1,6,30,1,1,1,16:45,3,1,9
2023010446138,2023,010446138,1,1,1,1,33,6,3,0,0,0,0,0,3,3,E01000082,-1,0,0.0,1.0,-1,1,20,1,1,1,16:19,3,2,3
2023010443971,2023,010443971,1,1,1,1,30,6,3,0,0,0,0,0,8,3,E01001836,-1,0,0.0,1.0,-1,9,20,1,1,1,12:57,6,2,8
2023201277565,2023,201277565,2,2,2,2,7,2,2,0,0,1,0,0,9,3,E01010083,6,1,1.0,0.0,-1,3,40,1,1,1,08:45,5,2,9
2023421311884,2023,421311884,3,3,2,2,51,8,3,0,0,1,0,0,9,-1,-1,3,1,0.0,1.0,-1,3,70,1,1,1,16:17,6,3,9
2023531289130,2023,531289130,1,1,1,2,64,9,3,0,0,0,0,0,9,8,E01022409,3,1,0.0,1.0,-1,6,60,1,1,1,14:08,3,2,9
2023061299566,2023,061299566,1,1,3,1,2,1,3,6,9,0,0,0,0,2,E01005678,3,1,0.0,1.0,-1,6,20,1,1,1,17:24,6,1,2
2023361371776,2023,361371776,1,1,3,1,30,6,2,9,9,0,0,0,0,-1,-1,7,1,1.0,0.0,-1,6,30,1,1,1,14:33,3,2,9
2023010425450,2023,010425450,2,5,1,2,30,6,3,0,0,0,0,0,9,2,E01032569,-1,0,0.0,1.0,-1,6,30,1,1,1,09:33,1,2,9
2023070497967,2023,070497967,1,4,2,1,13,3,3,0,0,2,0,0,9,4,E01018747,-1,0,0.05123,0.94877,-1,3,60,1,1,1,13:50,6,2,9
2023351324125,2023,351324125,1,1,1,1,37,7,3,0,0,0,0,0,9,-1,-1,3,1,0.0,1.0,-1,6,40,1,1,2,15:40,2,3,9
2023421357466,2023,421357466,1,1,2,2,40,7,3,0,0,1,0,0,9,3,E01004125,3,1,0.0,1.0,-1,3,70,2,4,5,04:20,6,1,9
2023471274901,2023,471274901,3,3,1,2,27,6,3,0,0,0,0,0,9,9,E01031741,3,1,0.0,1.0,-1,6,30,1,1,2,11:10,5,3,9
2023010483960,2023,010483960,1,1,1,2,28,6,3,0,0,0,0,0,3,2,E01000021,-1,0,0.0,1.0,-1,9,20,9,7,9,18:30,3,2,3
2023201364041,2023,201364041,1,1,1,1,19,4,2,0,0,0,0,0,3,1,E01010383,7,1,1.0,0.0,-1,6,30,1,4,1,04:03,2,3,3
2023351331063,2023,351331063,1,1,1,2,65,9,3,0,0,0,0,0,9,5,E01018233,3,1,0.0,1.0,-1,6,40,1,1,1,16:40,3,1,9
2023440025213,2023,440025213,1,1,1,1,39,7,3,0,0,0,0,0,9,2,E01031558,-1,0,0.07037,0.92963,-1,3,30,1,1,2,15:38,5,2,9
202363A005023,2023,63A005023,1,1,1,1,72,10,3,0,0,0,0,0,9,6,W01000674,-1,0,0.14293,0.85707,-1,6,60,1,1,2,13:17,6,2,9
2023440412486,2023,440412486,2,2,1,2,64,9,3,0,0,0,0,0,9,-1,-1,-1,0,0.07052,0.92948,-1,6,50,1,1,1,08:10,2,2,9
2023471392462,2023,471392462,2,1,1,1,30,6,3,0,0,0,0,0,9,6,E01031362,3,1,0.0,1.0,-1,6,30,4,1,2,13:25,4,2,9
2023520301365,2023,520301365,2,1,1,2,63,9,3,0,0,0,0,0,9,5,E01029137,-1,0,0.02113,0.97887,-1,6,30,1,1,1,13:00,2,2,9
2023010429588,2023,010429588,1,1,3,2,15,3,2,5,1,0,0,0,0,2,E01000060,-1,0,1.0,0.0,-1,6,30,4,1,1,06:59,3,1,9
2023010449903,2023,010449903,1,1,1,2,29,6,3,0,0,0,0,0,1,3,E01003915,-1,0,0.0,1.0,-1,2,40,1,1,1,18:00,7,2,1
2023430439252,2023,430439252,2,1,1,1,22,5,3,0,0,0,0,0,1,5,E01016404,-1,0,0.07292,0.92708,-1,6,30,1,1,1,15:08,7,2,1
2023543428823,2023,543428823,1,1,1,1,10,2,3,0,0,0,0,0,1,2,E01015558,-1,0,0.06224,0.93776,-1,6,30,1,1,1,15:10,5,2,1
2023010483566,2023,010483566,1,1,1,-1,37,7,3,0,0,0,0,0,3,5,E01003131,-1,0,0.0,1.0,-1,9,20,9,1,9,14:50,6,2,3
2023111303013,2023,111303013,2,1,1,1,39,7,2,0,0,0,0,0,5,1,E01020907,6,1,1.0,0.0,-1,6,60,1,1,1,16:06,3,2,5
2023010449721,2023,010449721,1,1,1,2,39,7,3,0,0,0,0,0,9,10,E01023853,-1,0,0.0,1.0,-1,3,60,1,1,1,14:15,7,2,9
2023010432351,2023,010432351,3,1,1,1,16,4,2,0,0,0,0,0,1,3,E01001819,-1,0,1.0,0.0,-1,2,30,8,1,1,15:11,4,3,1
2023531299138,2023,531299138,1,1,1,1,20,4,3,0,0,0,0,0,3,7,E01022252,3,1,0.0,1.0,-1,6,60,1,6,1,20:45,5,2,3
2023010453936,2023,010453936,1,1,1,1,35,6,3,0,0,0,0,0,4,3,E01015289,-1,0,0.0,1.0,-1,6,20,1,1,1,16:00,6,2,4
2023471287653,2023,471287653,4,1,1,1,80,11,2,0,0,0,0,0,9,7,E01029896,5,1,1.0,0.0,-1,6,50,1,1,1,14:23,5,5,9
2023991303670,2023,991303670,2,2,1,2,44,7,3,0,0,0,0,0,9,1,-1,3,1,0.0,1.0,-1,6,50,1,1,1,14:39,4,2,9
2023351365980,2023,351365980,2,1,1,2,57,9,3,0,0,0,0,0,1,9,E01017988,3,1,0.0,1.0,-1,6,20,2,1,-1,16:44,4,2,1
2023543771623,2023,543771623,1,1,1,2,24,5,3,0,0,0,0,0,9,1,E01015546,-1,0,0.03141,0.96859,-1,6,30,1,1,1,19:55,2,2,9
2023430158140,2023,430158140,2,15,2,2,15,3,3,0,0,0,4,0,11,-1,-1,-1,0,0.03756,0.96244,-1,3,70,2,4,2,19:52,3,4,11
2023421376916,2023,421376916,1,1,1,1,17,4,3,0,0,0,0,0,1,7,E01021972,3,1,0.0,1.0,-1,6,30,1,7,1,17:45,6,2,1
2023131288684,2023,131288684,1,1,1,1,23,5,3,0,0,0,0,0,3,1,E01010655,3,1,0.0,1.0,-1,6,30,1,1,1,15:20,6,2,3
2023010448271,2023,010448271,1,1,1,1,19,4,3,0,0,0,0,0,9,6,E01030736,-1,0,0.0,1.0,-1,2,30,1,4,1,01:43,1,2,9
2023332300631,2023,332300631,3,3,2,1,20,4,3,0,0,1,0,0,9,2,E01013625,-1,0,0.00522,0.99478,-1,3,30,1,1,1,15:10,2,3,9
2023401309138,2023,401309138,2,2,1,1,20,4,3,0,0,0,0,0,9,8,E01017541,3,1,0.0,1.0,-1,7,70,1,4,2,22:16,3,2,9
2023131357860,2023,131357860,1,1,2,1,17,4,2,0,0,0,0,0,2,3,E01010998,7,1,1.0,0.0,-1,6,30,1,4,1,22:48,6,2,2
2023201407945,2023,201407945,1,3,2,1,-1,-1,3,0,0,0,0,0,2,-1,-1,3,1,0.0,1.0,-1,6,30,1,1,1,14:55,5,2,2
2023010480422,2023,010480422,1,1,1,1,29,6,3,0,0,0,0,0,3,7,E01002122,-1,0,0.0,1.0,-1,6,30,1,4,1,20:20,5,2,3
2023010422390,2023,010422390,3,2,1,2,50,8,3,0,0,0,0,0,9,7,E01000198,-1,0,0.0,1.0,-1,3,50,1,4,1,19:20,5,5,9
2023101280469,2023,101280469,2,1,1,1,77,11,3,0,0,0,0,0,9,9,E01008504,3,1,0.0,1.0,-1,6,30,1,1,1,16:11,7,2,9
2023461361485,2023,461361485,1,1,1,1,91,11,3,0,0,0,0,0,9,8,E01033213,3,1,0.0,1.0,-1,1,60,1,4,1,19:55,1,1,9
2023451388010,2023,451388010,1,2,3,2,40,7,3,4,9,0,0,0,0,-1,-1,3,1,0.0,1.0,-1,6,30,1,1,1,15:30,3,1,9
2023101316995,2023,101316995,1,2,2,2,17,4,2,0,0,1,0,0,9,3,E01008649,6,1,1.0,0.0,-1,6,60,1,6,1,01:14,7,1,9
2023991359119,2023,991359119,1,1,1,1,55,8,3,0,0,0,0,0,9,2,-1,3,1,0.0,1.0,-1,6,50,1,1,1,17:05,1,3,9
2023070342691,2023,070342691,1,1,1,2,74,10,2,0,0,0,0,0,9,4,E01018535,-1,0,1.0,0.0,-1,6,20,1,1,1,19:00,1,1,9
2023070860667,2023,070860667,4,4,1,1,34,6,3,0,0,0,0,0,9,9,E01018405,-1,0,0.03224,0.96776,-1,3,60,1,1,1,13:27,7,4,9
2023440091688,2023,440091688,2,2,1,2,23,5,3,0,0,0,0,0,9,6,E01023002,-1,0,0.05067,0.94933,-1,6,30,1,4,2,21:02,2,2,9
2023010435751,2023,010435751,1,1,1,1,36,7,3,0,0,0,0,0,1,2,E01001755,-1,0,0.0,1.0,-1,3,20,1,1,1,14:48,1,2,1
2023010420144,2023,010420144,1,1,1,1,52,8,3,0,0,0,0,0,9,4,E01014645,-1,0,0.0,1.0,-1,9,20,1,1,2,15:15,6,2,9
2023010479365,2023,010479365,1,2,2,2,57,9,3,0,0,1,0,0,9,2,E01002077,-1,0,0.0,1.0,-1,6,40,1,4,1,17:45,3,4,9
2023061351586,2023,061351586,1,1,2,2,93,11,3,0,0,2,0,0,9,2,E01006039,3,1,0.0,1.0,-1,6,30,1,1,1,13:50,2,1,9
2023111397470,2023,111397470,1,1,1,1,46,8,3,0,0,0,0,0,9,3,E01012358,3,1,0.0,1.0,-1,6,30,2,1,2,10:30,1,2,9
2023340NN0122,2023,340NN0122,1,2,2,1,17,4,2,0,0,2,0,0,9,5,E01026970,-1,0,1.0,0.0,-1,6,60,1,1,2,13:00,7,1,9
2023440230311,2023,440230311,2,1,1,1,44,7,3,0,0,0,0,0,1,2,E01017337,-1,0,0.14529,0.85471,-1,2,30,1,1,1,18:24,7,2,1
2023451322189,2023,451322189,1,1,3,1,17,4,3,8,3,0,0,0,0,8,E01030452,3,1,0.0,1.0,-1,3,30,1,1,1,17:15,7,1,9
2023552300204,2023,552300204,1,1,3,2,38,7,3,1,1,0,0,0,0,3,E01020393,-1,0,0.12128,0.87872,-1,3,40,1,4,1,19:17,5,1,9
2023010436910,2023,010436910,1,1,1,2,28,6,3,0,0,0,0,0,9,3,E01000054,-1,0,0.0,1.0,-1,6,30,1,1,1,18:15,3,2,9
2023161308204,2023,161308204,1,1,1,1,19,4,3,0,0,0,0,0,9,1,E01012931,3,1,0.0,1.0,-1,6,40,8,6,4,23:46,1,1,9
2023201290735,2023,201290735,2,1,1,1,68,10,3,0,0,0,0,0,9,3,E01010244,3,1,0.0,1.0,-1,6,30,1,1,-1,09:49,2,2,9
2023101331043,2023,101331043,1,1,2,1,50,8,3,0,0,0,1,0,11,-1,-1,3,1,0.0,1.0,-1,6,30,2,1,2,12:20,7,1,11
2023010434765,2023,010434765,1,1,3,2,20,4,3,10,9,0,0,0,0,1,E01000528,-1,0,0.0,1.0,-1,6,30,1,4,1,22:10,3,1,11
2023141392301,2023,141392301,1,3,2,1,26,6,3,0,0,2,0,0,9,1,E01008009,3,1,0.0,1.0,-1,3,40,1,4,1,22:39,3,2,9
2023201454214,2023,201454214,1,1,1,2,37,7,3,0,0,0,0,0,9,1,E01009335,3,1,0.0,1.0,-1,3,30,8,4,2,17:58,2,1,9
2023461380672,2023,461380672,1,1,1,1,20,4,2,0,0,0,0,0,9,10,E01024629,6,1,1.0,0.0,-1,9,60,2,6,2,21:45,1,1,9
2023501374077,2023,501374077,2,2,1,2,51,8,2,0,0,0,0,0,9,4,E01020138,5,1,1.0,0.0,-1,6,30,1,1,1,12:48,2,2,9
2023552300511,2023,552300511,1,1,1,1,31,6,3,0,0,0,0,0,9,6,E01015366,-1,0,0.12726,0.87274,-1,6,30,1,4,1,01:50,2,2,9
2023010485179,2023,010485179,1,1,3,1,10,2,3,5,3,0,0,0,0,4,E01002698,-1,0,0.0,1.0,-1,6,20,1,7,1,15:51,4,1,8
2023430479815,2023,430479815,1,2,3,2,75,10,2,1,1,0,0,0,0,8,E01016281,-1,0,1.0,0.0,-1,3,40,1,1,2,11:00,4,1,9
2023031350104,2023,031350104,1,1,1,1,52,8,3,0,0,0,0,0,9,1,E01005497,3,1,0.0,1.0,-1,9,70,1,1,1,15:19,5,1,9
2023052302513,2023,052302513,1,1,2,1,19,4,3,0,0,1,0,0,9,7,E01018673,-1,0,0.02872,0.97128,-1,3,30,5,4,2,18:41,6,2,9
2023071314236,2023,071314236,2,1,1,2,29,6,3,0,0,0,0,0,9,1,E01012422,-1,0,0.00347,0.99653,-1,6,30,1,1,2,10:50,1,2,9
2023351394286,2023,351394286,2,1,1,2,51,8,2,0,0,0,0,0,9,9,E01018307,5,1,1.0,0.0,-1,6,30,8,1,4,11:05,6,2,9
2023010451331,2023,010451331,2,1,1,1,25,5,3,0,0,0,0,0,11,2,E01000724,-1,0,0.0,1.0,-1,6,30,1,1,1,13:11,1,2,11
2023161339130,2023,161339130,2,1,1,2,67,10,3,0,0,0,0,0,9,1,E01012900,3,1,0.0,1.0,-1,6,30,1,1,1,13:08,1,2,9
2023201286960,2023,201286960,2,2,1,1,34,6,3,0,0,0,0,0,9,4,E01010254,3,1,0.0,1.0,-1,6,30,1,4,1,18:18,7,2,9
2023351360232,2023,351360232,3,4,2,2,-1,-1,3,0,0,2,0,0,9,6,E01030087,3,1,0.0,1.0,-1,3,70,1,1,1,17:44,6,3,9
2023010453721,2023,010453721,1,1,1,1,35,6,3,0,0,0,0,0,3,2,E01002076,-1,0,0.0,1.0,-1,9,20,1,1,1,16:50,4,2,3
2023430218017,2023,430218017,2,1,1,1,34,6,3,0,0,0,0,0,3,3,E01016465,-1,0,0.16225,0.83775,-1,6,30,1,1,1,17:15,5,2,3
2023010478480,2023,010478480,1,1,1,1,27,6,3,0,0,0,0,0,9,3,E01001546,-1,0,0.0,1.0,-1,6,30,1,1,1,08:20,6,2,9
2023010451206,2023,010451206,1,2,2,2,73,10,3,0,0,0,4,0,11,8,E01004143,-1,0,0.0,1.0,-1,7,20,1,1,1,18:45,7,1,11
2023201392342,2023,201392342,2,1,1,2,51,8,2,0,0,0,0,0,9,2,E01009509,7,1,1.0,0.0,-1,6,30,2,5,2,16:15,2,3,9
2023010426187,2023,010426187,1,1,3,2,34,6,3,1,1,0,0,0,0,6,E01004726,-1,0,0.0,1.0,-1,3,20,1,4,1,19:00,4,1,8
2023131344701,2023,131344701,1,1,3,1,10,2,3,5,1,0,0,2,0,3,E01011328,3,1,0.0,1.0,-1,6,30,1,1,1,17:55,7,1,9
2023010482930,2023,010482930,1,1,1,1,21,5,3,0,0,0,0,0,9,3,E01001318,-1,0,0.0,1.0,-1,6,20,1,4,2,20:42,6,1,9
2023070774380,2023,070774380,2,1,1,1,21,5,3,0,0,0,0,0,9,7,E01012434,-1,0,0.03272,0.96728,-1,1,60,1,4,1,18:39,7,2,9
2023311386093,2023,311386093,1,1,1,1,29,6,2,0,0,0,0,0,9,3,E01027977,6,1,1.0,0.0,-1,3,30,2,4,2,02:53,1,3,9
202363B037423,2023,63B037423,1,1,1,2,88,11,3,0,0,0,0,0,9,-1,-1,-1,0,0.20045,0.79955,-1,6,60,1,1,1,12:15,5,1,9
2023351372908,2023,351372908,2,1,1,1,40,7,3,0,0,0,0,0,19,1,E01015600,3,1,0.0,1.0,-1,3,70,1,6,1,19:00,3,2,19
2023201322016,2023,201322016,2,1,1,2,40,7,2,0,0,0,0,0,9,1,E01009025,6,1,1.0,0.0,-1,6,30,1,4,1,21:09,2,2,9