collision_index,collision_year,collision_ref_no,vehicle_reference,casualty_reference,casualty_class,sex_of_casualty,age_of_casualty,age_band_of_casualty,casualty_severity,pedestrian_location,pedestrian_movement,car_passenger,bus_or_coach_passenger,pedestrian_road_maintenance_worker,casualty_type,casualty_imd_decile,lsoa_of_casualty,enhanced_casualty_severity,casualty_injury_based,casualty_adjusted_severity_serious,casualty_adjusted_severity_slight,casualty_distance_banding,road_type,speed_limit,weather_conditions,light_conditions,road_surface_conditions,time,day_of_week,number_of_vehicles,vehicle_type
2023371320245,2023,371320245,2,2,1,1,84,11,3,0,0,0,0,0,9,10,E01030085,3,1,0.0,1.0,-1,6,40,1,1,1,14:44,3,2,9
2023451341258,2023,451341258,2,1,2,2,77,11,3,0,0,1,0,0,9,6,E01031709,3,1,0.0,1.0,-1,6,40,1,1,1,16:10,1,2,9
2023461376710,2023,461376710,1,1,1,2,34,6,3,0,0,0,0,0,9,2,E01023975,3,1,0.0,1.0,-1,3,40,1,1,2,11:42,2,1,9
2023052302667,2023,052302667,1,1,1,1,31,6,3,0,0,0,0,0,9,9,E01006936,-1,0,0.11159,0.88841,-1,3,70,5,6,2,22:10,1,2,9
202360A079598,2023,60A079598,1,1,2,1,29,6,3,0,0,1,0,0,9,-1,-1,-1,0,0.12031,0.87969,-1,6,60,1,1,1,11:07,7,1,9
2023991366885,2023,991366885,1,2,2,1,13,3,3,0,0,1,0,0,9,5,E01019128,3,1,0.0,1.0,-1,6,30,1,1,1,10:30,4,2,9
2023052301643,2023,052301643,2,1,1,1,19,4,3,0,0,0,0,0,9,5,E01007223,-1,0,0.01946,0.98054,-1,6,30,1,1,1,17:46,6,2,9
2023052302352,2023,052302352,1,1,2,2,0,1,3,0,0,1,0,0,9,-1,-1,-1,0,0.03693,0.96307,-1,3,30,1,1,1,09:30,4,2,9
2023221349541,2023,221349541,2,1,2,1,20,4,3,0,0,1,0,0,9,2,E01007218,3,1,0.0,1.0,-1,3,70,1,1,1,13:30,7,3,9
2023340WN6322,2023,340WN6322,1,2,2,1,41,7,3,0,0,1,0,0,9,2,E01027178,-1,0,0.11415,0.88585,-1,6,50,2,1,2,12:18,1,1,9
2023471269928,2023,471269928,2,2,2,2,63,9,3,0,0,1,0,0,9,3,E01031350,3,1,0.0,1.0,-1,6,30,1,4,1,18:22,6,2,9
2023471392799,2023,471392799,1,1,1,1,24,5,3,0,0,0,0,0,9,2,E01031436,3,1,0.0,1.0,-1,6,30,1,1,2,11:50,5,2,9
2023501312554,2023,501312554,2,5,2,1,89,11,3,0,0,-1,0,0,9,6,E01023518,3,1,0.0,1.0,-1,3,70,1,1,1,14:08,2,2,9
2023311332029,2023,311332029,2,2,2,2,20,4,3,0,0,0,4,0,11,-1,-1,3,1,0.0,1.0,-1,6,30,1,1,1,20:40,7,2,11
2023010437827,2023,010437827,1,1,1,1,32,6,3,0,0,0,0,0,9,4,E01001686,-1,0,0.0,1.0,-1,6,30,1,1,1,09:37,2,3,9
2023010442487,2023,010442487,1,1,1,1,40,7,3,0,0,0,0,0,9,4,E01002681,-1,0,0.0,1.0,-1,6,20,1,4,1,23:37,5,3,9
2023041355553,2023,041355553,2,2,1,2,28,6,3,0,0,0,0,0,9,1,E01024865,3,1,0.0,1.0,-1,6,30,1,1,1,12:15,7,3,9
2023411342988,2023,411342988,2,3,2,1,26,6,2,0,0,2,0,0,9,5,E01023930,7,1,1.0,0.0,-1,6,60,2,4,2,21:20,7,2,9
2023991264517,2023,991264517,2,1,1,1,66,10,3,0,0,0,0,0,9,7,-1,3,1,0.0,1.0,-1,6,60,1,1,4,13:58,3,2,9
2023371260498,2023,371260498,2,1,1,1,30,6,3,0,0,0,0,0,9,6,E01021406,3,1,0.0,1.0,-1,6,30,8,6,2,19:42,6,2,9
2023411349650,2023,411349650,2,2,1,2,66,10,3,0,0,0,0,0,9,10,E01023412,3,1,0.0,1.0,-1,3,70,1,1,1,09:25,5,2,9
202363C004523,2023,63C004523,1,1,2,1,58,9,3,0,0,2,0,0,9,8,W01000580,-1,0,0.04087,0.95913,-1,6,60,1,1,1,12:30,4,2,9
2023010442445,2023,010442445,1,1,1,1,33,6,3,0,0,0,0,0,9,3,E01004336,-1,0,0.0,1.0,-1,7,20,1,1,1,16:20,5,2,9
2023070945609,2023,070945609,1,1,1,1,50,8,3,0,0,0,0,0,9,-1,-1,-1,0,0.07796,0.92204,-1,6,60,1,1,1,13:55,6,2,9
2023221399889,2023,221399889,1,2,2,2,63,9,3,0,0,1,0,0,9,6,E01032213,3,1,0.0,1.0,-1,6,60,2,1,2,09:30,2,2,9
2023340NN0952,2023,340NN0952,1,2,1,1,39,7,3,0,0,0,0,0,9,5,E01027113,-1,0,0.13122,0.86878,-1,6,60,1,1,1,13:50,4,3,9
2023461275867,2023,461275867,2,1,1,2,29,6,3,0,0,0,0,0,9,3,E01000403,3,1,0.0,1.0,-1,3,70,1,1,1,17:14,3,2,9
2023302300210,2023,302300210,1,1,2,2,22,5,3,0,0,1,0,0,9,-1,-1,-1,0,0.02481,0.97519,-1,1,40,1,4,1,17:34,7,2,9
2023421268821,2023,421268821,1,1,2,2,25,5,3,0,0,2,0,0,9,-1,-1,3,1,0.0,1.0,-1,3,70,1,1,1,12:19,6,2,9
2023991345543,2023,991345543,2,1,1,2,81,11,3,0,0,0,0,0,9,7,-1,3,1,0.0,1.0,-1,6,60,1,1,1,11:50,4,2,9
2023332300307,2023,332300307,1,2,2,2,13,3,3,0,0,0,0,0,-1,3,E01025989,-1,0,0.04602,0.95398,-1,6,30,1,1,1,18:06,2,2,-1
2023461291687,2023,461291687,1,1,3,2,49,8,3,1,9,0,0,0,0,3,E01016022,3,1,0.0,1.0,-1,6,30,1,1,1,18:05,5,1,9
2023461366449,2023,461366449,1,1,1,1,38,7,3,0,0,0,0,0,8,4,E01024027,3,1,0.0,1.0,-1,6,40,1,1,1,16:36,3,2,8
2023340NN0982,2023,340NN0982,1,1,1,1,15,3,2,0,0,0,0,0,4,8,E01032969,-1,0,1.0,0.0,-1,6,30,1,4,1,22:00,1,1,4
2023311300071,2023,311300071,2,1,1,1,15,3,3,0,0,0,0,0,1,6,E01027948,3,1,0.0,1.0,-1,6,30,1,1,1,08:54,2,2,1
2023201298369,2023,201298369,1,1,1,1,22,5,3,0,0,0,0,0,97,2,E01009043,3,1,0.0,1.0,-1,6,30,1,1,1,12:25,3,2,97
2023010467031,2023,010467031,1,1,3,2,16,4,3,1,1,0,0,0,0,3,E01003716,-1,0,0.0,1.0,-1,3,20,1,1,1,12:25,3,1,9
2023461354400,2023,461354400,1,1,3,1,12,3,3,1,1,0,0,0,0,10,E01023996,3,1,0.0,1.0,-1,6,40,1,4,1,19:50,6,1,9
2023052302486,2023,052302486,2,1,2,2,41,7,3,0,0,1,0,0,8,3,E01006587,-1,0,0.08015,0.91985,-1,6,30,1,4,1,18:50,4,2,8
2023070419000,2023,070419000,2,1,1,1,35,6,3,0,0,0,0,0,1,10,E01033376,-1,0,0.15821,0.84179,-1,6,60,1,1,1,16:00,4,2,1
2023010438915,2023,010438915,3,1,1,1,25,5,2,0,0,0,0,0,9,2,E01003057,-1,0,1.0,0.0,-1,7,40,1,1,2,07:55,1,3,9
2023010480066,2023,010480066,1,1,1,2,37,7,3,0,0,0,0,0,9,1,E01000605,-1,0,0.0,1.0,-1,7,20,1,1,1,14:45,6,2,9
2023122300888,2023,122300888,1,1,1,2,55,8,1,0,0,0,0,0,9,1,E01013000,-1,0,0.0,0.0,-1,6,60,1,1,2,14:40,4,2,9
2023131357485,2023,131357485,1,2,2,2,19,4,1,0,0,1,0,0,9,2,E01011726,1,1,0.0,0.0,-1,3,70,2,4,2,03:15,6,1,9
2023371290267,2023,371290267,3,1,2,2,-1,-1,3,0,0,-1,0,0,9,4,E01030278,3,1,0.0,1.0,-1,6,30,1,1,1,09:05,3,3,9
2023531276702,2023,531276702,1,2,2,1,32,6,2,0,0,1,0,0,9,-1,-1,6,1,1.0,0.0,-1,6,40,7,6,2,22:02,3,2,9
2023541275823,2023,541275823,1,1,1,2,28,6,3,0,0,0,0,0,9,4,E01015509,-1,0,0.0213,0.9787,-1,1,30,1,4,1,19:25,7,2,9
2023610027123,2023,610027123,2,1,1,1,49,8,2,0,0,0,0,0,1,-1,-1,-1,0,1.0,0.0,-1,6,30,1,1,1,17:45,5,2,1
2023351287826,2023,351287826,2,1,1,2,26,6,3,0,0,0,0,0,3,6,E01018101,3,1,0.0,1.0,-1,6,60,3,1,2,15:40,4,2,3
2023302301095,2023,302301095,2,2,1,1,79,11,3,0,0,0,0,0,9,5,E01019512,-1,0,0.11314,0.88686,-1,6,40,1,1,1,15:30,2,2,9
2023010480156,2023,010480156,1,1,3,2,41,7,3,8,4,0,0,0,0,4,E01001173,-1,0,0.0,1.0,-1,9,20,8,1,1,13:00,7,1,9
2023361340378,2023,361340378,1,1,1,1,22,5,3,0,0,0,0,0,9,5,E01026845,3,1,0.0,1.0,-1,6,20,1,1,1,17:05,2,2,9
2023461348867,2023,461348867,2,1,1,2,50,8,3,0,0,0,0,0,9,2,E01024028,3,1,0.0,1.0,-1,3,60,1,1,1,15:26,6,2,9
2023991282341,2023,991282341,2,2,1,2,40,7,3,0,0,0,0,0,9,5,-1,3,1,0.0,1.0,-1,6,30,1,1,1,10:45,4,2,9
2023010470902,2023,010470902,1,4,2,1,71,10,3,0,0,0,4,0,11,8,E01013392,-1,0,0.0,1.0,-1,3,70,1,1,1,10:20,2,2,11
2023131322947,2023,131322947,2,1,2,1,5,1,2,0,0,2,0,0,9,-1,-1,7,1,1.0,0.0,-1,6,30,1,1,1,15:44,2,3,9
2023141381422,2023,141381422,2,2,1,2,36,7,2,0,0,0,0,0,9,-1,-1,5,1,1.0,0.0,-1,6,60,1,1,1,11:53,6,2,9
2023010451706,2023,010451706,1,1,1,-1,26,6,3,0,0,0,0,0,1,3,E01003989,-1,0,0.0,1.0,-1,6,30,9,1,9,09:00,2,2,1
2023010447182,2023,010447182,1,1,1,1,43,7,3,0,0,0,0,0,5,7,E01001888,-1,0,0.0,1.0,-1,3,20,1,1,1,19:10,2,2,5
2023411342685,2023,411342685,2,1,1,1,62,9,2,0,0,0,0,0,5,3,E01023640,7,1,1.0,0.0,-1,6,30,1,1,-1,18:30,2,2,5
2023351367679,2023,351367679,1,1,1,2,21,5,3,0,0,0,0,0,9,10,E01018283,3,1,0.0,1.0,-1,6,50,1,1,2,15:00,6,4,9
2023520400965,2023,520400965,1,1,1,1,67,10,3,0,0,0,0,0,9,4,E01029050,-1,0,0.02889,0.97111,-1,6,60,1,1,1,15:10,7,2,9
2023052302929,2023,052302929,2,1,1,2,26,6,3,0,0,0,0,0,9,4,E01006501,-1,0,0.00616,0.99384,-1,6,30,2,4,2,17:00,5,2,9
2023161296353,2023,161296353,1,3,2,2,15,3,3,0,0,2,0,0,9,9,E01013103,3,1,0.0,1.0,-1,6,30,3,1,3,08:30,6,2,9
2023371293428,2023,371293428,2,2,1,2,21,5,3,0,0,0,0,0,9,6,E01030120,3,1,0.0,1.0,-1,6,30,1,1,1,14:30,1,2,9
2023991353841,2023,991353841,2,1,1,2,31,6,3,0,0,0,0,0,9,-1,-1,3,1,0.0,1.0,-1,7,70,1,1,1,08:20,2,2,9
2023031390415,2023,031390415,2,1,1,1,25,5,2,0,0,0,0,0,19,8,E01019223,7,1,1.0,0.0,-1,6,60,2,6,2,07:04,4,3,19
2023430526617,2023,430526617,1,2,2,1,20,4,3,0,0,0,0,0,90,-1,-1,-1,0,0.17632,0.82368,-1,6,20,1,4,1,23:12,1,2,90
2023041361582,2023,041361582,1,1,1,1,80,11,3,0,0,0,0,0,9,4,E01025556,3,1,0.0,1.0,-1,6,20,1,1,1,12:58,3,1,9
2023122400047,2023,122400047,2,2,1,2,56,9,3,0,0,0,0,0,9,6,E01027831,-1,0,0.04513,0.95487,-1,6,60,2,6,2,16:54,5,2,9
2023311337455,2023,311337455,2,1,1,1,73,10,3,0,0,0,0,0,9,8,E01028351,3,1,0.0,1.0,-1,6,30,1,1,1,09:15,2,2,9
2023451313078,2023,451313078,2,1,1,2,47,8,3,0,0,0,0,0,9,9,E01016539,3,1,0.0,1.0,-1,7,40,1,1,1,18:08,3,2,9
2023041376349,2023,041376349,1,1,1,1,19,4,2,0,0,0,0,0,3,8,E01025348,7,1,1.0,0.0,-1,6,50,2,1,2,15:28,6,1,3
2023421384082,2023,421384082,1,1,3,1,29,6,3,1,3,0,0,0,0,4,E01021674,3,1,0.0,1.0,-1,6,30,2,4,2,19:00,5,1,9
2023070671431,2023,070671431,1,1,1,1,14,3,3,0,0,0,0,0,1,1,E01018310,-1,0,0.13358,0.86642,-1,6,30,1,1,1,17:00,2,2,1
2023010445515,2023,010445515,2,1,1,1,32,6,3,0,0,0,0,0,3,1,E01002099,-1,0,0.0,1.0,-1,2,20,1,1,1,17:30,7,2,3
2023041379132,2023,041379132,1,1,3,2,41,7,3,6,7,0,0,0,0,8,E01012613,3,1,0.0,1.0,-1,6,30,1,1,1,07:45,4,1,9
2023010445786,2023,010445786,1,1,1,1,34,6,2,0,0,0,0,0,1,3,E01002058,-1,0,1.0,0.0,-1,6,20,1,1,1,05:37,5,2,1
2023991369617,2023,991369617,1,1,1,1,17,4,2,0,0,0,0,0,3,8,-1,7,1,1.0,0.0,-1,6,30,1,4,1,23:31,6,1,3
2023010420016,2023,010420016,2,1,3,2,80,11,3,7,9,0,0,0,0,8,E01000200,-1,0,0.0,1.0,-1,6,30,1,1,1,15:06,6,3,9
2023070319666,2023,070319666,1,1,3,1,14,3,2,5,2,0,0,0,0,2,E01012383,-1,0,1.0,0.0,-1,6,30,4,4,1,21:17,7,2,11
2023071088555,2023,071088555,2,1,1,2,63,9,3,0,0,0,0,0,9,8,E01012372,-1,0,0.03729,0.96271,-1,6,30,2,1,2,15:24,5,2,9
2023351394738,2023,351394738,2,1,1,2,49,8,3,0,0,0,0,0,9,6,E01018142,3,1,0.0,1.0,-1,1,40,2,1,2,12:25,4,2,9
2023610004523,2023,610004523,1,4,2,2,19,4,3,0,0,2,0,0,9,3,W01001444,-1,0,0.02041,0.97959,-1,6,30,2,4,2,17:20,6,2,9
2023421393779,2023,421393779,2,1,2,2,22,5,3,0,0,1,0,0,9,2,E01021592,3,1,0.0,1.0,-1,6,30,2,1,2,13:36,3,2,9
2023440261817,2023,440261817,1,1,1,1,34,6,2,0,0,0,0,0,9,7,E01032663,-1,0,1.0,0.0,-1,6,50,2,1,2,16:28,6,2,9
2023622300490,2023,622300490,1,1,1,1,58,9,3,0,0,0,0,0,9,3,W01001025,-1,0,0.05577,0.94423,-1,6,30,1,1,1,10:42,6,2,9
2023010457225,2023,010457225,2,1,1,1,22,5,3,0,0,0,0,0,-1,4,E01001183,-1,0,0.0,1.0,-1,6,20,1,1,1,19:20,3,2,-1
2023052300393,2023,052300393,1,1,1,1,26,6,3,0,0,0,0,0,9,5,E01018532,-1,0,0.14892,0.85108,-1,6,30,1,4,1,02:30,7,1,9
2023340NN0532,2023,340NN0532,2,1,1,1,63,9,3,0,0,0,0,0,9,7,E01026974,-1,0,0.09704,0.90296,-1,3,40,1,4,1,06:40,3,2,9
2023421279030,2023,421279030,2,1,2,1,17,4,3,0,0,2,0,0,9,10,E01003671,3,1,0.0,1.0,-1,6,40,1,4,1,23:20,7,2,9
2023430484698,2023,430484698,2,1,1,1,60,9,3,0,0,0,0,0,9,4,E01028604,-1,0,0.01112,0.98888,-1,1,30,8,4,2,06:57,7,2,9
2023471346505,2023,471346505,1,1,1,2,32,6,3,0,0,0,0,0,9,5,E01021064,3,1,0.0,1.0,-1,6,30,1,1,1,14:05,3,3,9
2023010426507,2023,010426507,1,1,2,2,-1,-1,3,0,0,0,3,0,11,2,E01001842,-1,0,0.0,1.0,-1,6,20,1,1,1,14:15,6,1,11
2023421274536,2023,421274536,2,1,1,1,34,6,3,0,0,0,0,0,19,7,E01021971,3,1,0.0,1.0,-1,3,70,1,6,2,18:15,5,3,19
2023311349646,2023,311349646,1,2,2,2,30,6,3,0,0,1,0,0,9,6,E01028307,3,1,0.0,1.0,-1,6,30,1,1,1,13:34,4,2,9
2023371358997,2023,371358997,2,2,1,1,40,7,2,0,0,0,0,0,9,1,E01027244,5,1,1.0,0.0,-1,3,70,2,6,2,20:16,2,4,9
2023430366926,2023,430366926,2,2,1,1,29,6,2,0,0,0,0,0,9,3,E01033497,-1,0,1.0,0.0,-1,6,60,1,1,1,18:47,4,3,9
2023471274558,2023,471274558,1,1,1,1,29,6,3,0,0,0,0,0,9,10,E01031823,3,1,0.0,1.0,-1,1,30,1,4,2,21:39,5,1,9
2023520301819,2023,520301819,1,1,1,2,63,9,3,0,0,0,0,0,9,4,E01029337,-1,0,0.03161,0.96839,-1,6,40,1,4,1,17:32,1,3,9
2023131377772,2023,131377772,1,1,1,1,27,6,3,0,0,0,0,0,9,7,E01011588,3,1,0.0,1.0,-1,6,50,1,6,1,17:20,4,1,9
2023161306773,2023,161306773,1,1,1,1,18,4,3,0,0,0,0,0,9,-1,-1,3,1,0.0,1.0,-1,6,30,1,1,1,15:53,6,3,9
2023440262369,2023,440262369,1,1,1,2,31,6,2,0,0,0,0,0,9,9,E01022494,-1,0,1.0,0.0,-1,6,60,2,6,2,23:22,6,1,9
2023440266995,2023,440266995,2,1,1,1,46,8,2,0,0,0,0,0,-1,7,E01022634,-1,0,1.0,0.0,-1,6,30,1,1,1,05:33,3,2,-1
2023311393352,2023,311393352,1,1,1,2,28,6,2,0,0,0,0,0,9,7,E01028405,7,1,1.0,0.0,-1,6,60,1,4,2,18:06,6,2,9
2023411387676,2023,411387676,1,1,1,1,53,8,3,0,0,0,0,0,9,6,E01000250,3,1,0.0,1.0,-1,3,30,1,1,1,12:50,6,2,9
2023501266700,2023,501266700,1,1,1,2,26,6,3,0,0,0,0,0,9,7,E01020075,3,1,0.0,1.0,-1,3,70,5,1,2,14:40,4,1,9
2023010449268,2023,010449268,1,1,2,1,3,1,3,0,0,0,4,0,11,2,E01001012,-1,0,0.0,1.0,-1,6,20,8,1,1,17:00,5,2,11
2023520301518,2023,520301518,2,2,1,2,34,6,3,0,0,0,0,0,9,5,E01014534,-1,0,0.03346,0.96654,-1,6,60,1,1,1,18:50,6,2,9
2023161310644,2023,161310644,1,1,1,1,56,9,3,0,0,0,0,0,21,1,E01012873,3,1,0.0,1.0,-1,3,70,1,1,1,10:20,3,5,21
2023543459423,2023,543459423,1,1,1,2,28,6,3,0,0,0,0,0,9,5,E01031869,-1,0,0.06387,0.93613,-1,6,50,2,1,2,12:45,7,1,9
2023131294599,2023,131294599,1,1,3,2,17,4,2,5,9,0,0,2,0,1,E01005242,5,1,1.0,0.0,-1,6,30,1,4,1,03:00,6,1,8
2023501327445,2023,501327445,2,1,1,1,37,7,3,0,0,0,0,0,1,-1,-1,3,1,0.0,1.0,-1,6,30,1,1,2,06:00,4,2,1
2023010462589,2023,010462589,1,1,1,1,32,6,3,0,0,0,0,0,9,3,E01003989,-1,0,0.0,1.0,-1,7,30,1,4,1,21:20,7,2,9
2023351285018,2023,351285018,1,6,2,1,45,7,3,0,0,1,0,0,9,6,E01018098,3,1,0.0,1.0,-1,6,60,1,6,1,20:00,7,2,9
2023010477197,2023,010477197,1,1,1,1,34,6,3,0,0,0,0,0,1,5,E01004610,-1,0,0.0,1.0,-1,9,20,2,5,2,17:29,3,2,1
2023430438256,2023,430438256,2,1,1,1,27,6,3,0,0,0,0,0,1,5,E01028542,-1,0,0.05333,0.94667,-1,6,20,1,1,1,16:00,6,2,1
2023010429896,2023,010429896,1,1,1,1,35,6,3,0,0,0,0,0,3,1,E01000524,-1,0,0.0,1.0,-1,3,20,1,1,1,15:00,4,2,3
2023010441446,2023,010441446,1,1,1,1,36,7,3,0,0,0,0,0,3,4,E01000477,-1,0,0.0,1.0,-1,2,20,1,4,1,02:05,7,2,3
2023481356514,2023,481356514,1,1,3,2,30,6,2,1,3,0,0,0,0,-1,-1,7,1,1.0,0.0,-1,6,20,1,4,1,22:07,6,1,11
2023061315281,2023,061315281,2,1,1,1,56,9,3,0,0,0,0,0,9,4,E01005185,3,1,0.0,1.0,-1,6,30,1,4,-1,21:30,5,2,9
2023421362273,2023,421362273,1,1,2,2,80,11,3,0,0,2,0,0,9,4,E01021642,3,1,0.0,1.0,-1,6,20,1,4,1,18:37,5,1,9
2023421362952,2023,421362952,1,2,2,2,19,4,3,0,0,1,0,0,9,5,E01021410,3,1,0.0,1.0,-1,3,70,1,6,1,22:45,7,3,9
2023451345970,2023,451345970,3,3,1,2,59,9,3,0,0,0,0,0,9,10,E01024386,3,1,0.0,1.0,-1,3,70,1,1,1,10:59,7,3,9
2023631321300,2023,631321300,2,1,1,2,73,10,3,0,0,0,0,0,9,10,W01000432,3,1,0.0,1.0,-1,6,60,1,1,1,14:00,4,2,9
2023461394637,2023,461394637,1,1,1,1,17,4,3,0,0,0,0,0,90,6,E01024276,3,1,0.0,1.0,-1,6,30,4,1,1,14:50,5,2,90
2023522400797,2023,522400797,1,1,1,1,30,6,3,0,0,0,0,0,19,1,E01015538,-1,0,0.05587,0.94413,-1,6,50,1,1,1,16:49,2,3,19
2023010422241,2023,010422241,2,1,1,1,42,7,3,0,0,0,0,0,9,2,E01015976,-1,0,0.0,1.0,-1,6,40,8,1,4,09:32,5,2,9
2023351394193,2023,351394193,2,1,2,2,37,7,3,0,0,1,0,0,9,3,E01029912,3,1,0.0,1.0,-1,6,60,1,6,2,17:47,6,2,9
2023622300434,2023,622300434,2,2,1,2,37,7,3,0,0,0,0,0,9,5,W01001096,-1,0,0.01628,0.98372,-1,1,30,1,1,1,08:05,2,2,9
2023061406920,2023,061406920,1,1,3,1,86,11,1,2,3,0,0,0,0,10,E01004885,1,1,0.0,0.0,-1,6,40,4,1,1,09:50,1,1,1
2023440520594,2023,440520594,2,1,1,2,20,4,3,0,0,0,0,0,1,8,E01023004,-1,0,0.04366,0.95634,-1,6,30,1,7,1,16:03,4,2,1
2023010443217,2023,010443217,1,1,1,1,23,5,3,0,0,0,0,0,3,2,E01003151,-1,0,0.0,1.0,-1,2,20,1,1,1,19:45,2,2,3
2023031365278,2023,031365278,1,2,2,1,17,4,3,0,0,1,0,0,9,-1,-1,3,1,0.0,1.0,-1,6,60,4,1,1,16:30,6,1,9
2023361329445,2023,361329445,2,1,1,2,28,6,3,0,0,0,0,0,9,4,E01026602,3,1,0.0,1.0,-1,6,30,1,1,1,17:58,2,2,9
2023522301773,2023,522301773,1,1,1,1,79,11,3,0,0,0,0,0,9,6,E01015414,-1,0,0.02184,0.97816,-1,3,70,1,6,1,01:10,1,2,9
2023471274003,2023,471274003,2,1,1,1,78,11,2,0,0,0,0,0,1,6,E01031692,7,1,1.0,0.0,-1,6,30,1,1,1,15:33,4,2,1
2023451372686,2023,451372686,1,1,1,1,15,3,3,0,0,0,0,0,1,6,E01030699,3,1,0.0,1.0,-1,1,30,2,4,2,18:20,3,2,1
2023461395006,2023,461395006,1,1,1,-1,-1,-1,3,0,0,0,0,0,5,-1,-1,3,1,0.0,1.0,-1,6,30,2,4,2,17:37,7,3,5
2023010426610,2023,010426610,1,1,1,1,46,8,2,0,0,0,0,0,9,2,E01001868,-1,0,1.0,0.0,-1,6,20,1,1,1,12:24,7,2,9
2023131311977,2023,131311977,1,2,2,2,18,4,3,0,0,1,0,0,9,1,E01010676,3,1,0.0,1.0,-1,6,30,1,4,1,01:14,7,2,9
2023010486256,2023,010486256,1,1,3,1,24,5,3,3,1,0,0,0,0,3,E01001999,-1,0,0.0,1.0,-1,3,20,2,4,2,17:10,4,1,19
2023340WN4502,2023,340WN4502,2,1,1,2,14,3,3,0,0,0,0,0,1,9,E01027166,-1,0,0.0521,0.9479,-1,6,30,1,1,1,14:30,4,2,1
2023131289658,2023,131289658,2,2,1,2,17,4,2,0,0,0,0,0,3,6,E01011574,7,1,1.0,0.0,-1,3,40,1,4,2,22:02,4,2,3
2023461347648,2023,461347648,1,1,1,2,43,7,3,0,0,0,0,0,9,3,E01024696,3,1,0.0,1.0,-1,6,30,1,1,1,16:40,7,2,9
2023411360097,2023,411360097,3,3,1,1,43,7,2,0,0,0,0,0,19,4,E01021843,7,1,1.0,0.0,-1,3,70,2,1,2,15:52,5,3,19
2023161273283,2023,161273283,1,1,1,2,47,8,3,0,0,0,0,0,1,1,E01012761,3,1,0.0,1.0,-1,3,30,1,1,1,08:16,3,2,1
2023010468628,2023,010468628,1,1,1,1,24,5,3,0,0,0,0,0,98,3,E01004536,-1,0,0.0,1.0,-1,6,30,1,4,1,19:30,2,2,98
2023041388781,2023,041388781,2,3,2,2,15,3,3,0,0,1,0,0,9,3,E01012588,3,1,0.0,1.0,-1,3,30,1,1,1,09:45,3,2,9
2023201277411,2023,201277411,2,2,2,2,36,7,3,0,0,1,0,0,9,1,E01010450,3,1,0.0,1.0,-1,6,30,1,4,4,18:30,5,2,9
2023201298859,2023,201298859,2,1,1,1,54,8,3,0,0,0,0,0,9,2,E01010048,3,1,0.0,1.0,-1,6,40,1,5,1,03:33,5,2,9
2023201376299,2023,201376299,1,1,1,1,54,8,2,0,0,0,0,0,9,1,E01008962,5,1,1.0,0.0,-1,1,40,2,4,2,06:29,1,1,9
202354B148823,2023,54B148823,1,1,1,1,22,5,3,0,0,0,0,0,9,4,E01017158,-1,0,0.04497,0.95503,-1,1,50,2,1,2,14:52,6,2,9
2023010450402,2023,010450402,1,1,1,1,20,4,2,0,0,0,0,0,3,5,E01001646,-1,0,1.0,0.0,-1,6,20,1,4,1,22:40,3,1,3
2023010435196,2023,010435196,1,1,1,1,50,8,2,0,0,0,0,0,4,3,E01024717,-1,0,1.0,0.0,-1,6,30,1,1,1,07:00,4,2,4
2023010475785,2023,010475785,1,1,1,2,41,7,3,0,0,0,0,0,9,6,E01016000,-1,0,0.0,1.0,-1,6,40,2,4,2,18:07,6,2,9
2023371399500,2023,371399500,1,1,1,1,39,7,3,0,0,0,0,0,9,7,E01030288,3,1,0.0,1.0,-1,6,40,1,6,2,05:29,7,1,9
2023201320621,2023,201320621,1,1,1,1,34,6,3,0,0,0,0,0,5,5,E01009447,3,1,0.0,1.0,-1,6,30,1,1,1,11:22,4,2,5
2023010472251,2023,010472251,1,1,1,1,29,6,3,0,0,0,0,0,9,7,E01016812,-1,0,0.0,1.0,-1,6,30,1,1,1,13:07,2,2,9
2023052302898,2023,052302898,2,2,2,2,69,10,3,0,0,1,0,0,9,3,E01025469,-1,0,0.05485,0.94515,-1,3,40,1,1,2,09:30,2,5,9
2023351268830,2023,351268830,2,1,1,1,54,8,3,0,0,0,0,0,9,4,E01032639,3,1,0.0,1.0,-1,3,70,1,4,1,17:05,2,2,9
2023401316265,2023,401316265,2,1,1,2,57,9,3,0,0,0,0,0,9,4,E01017521,3,1,0.0,1.0,-1,1,20,1,1,1,16:45,6,4,9
2023421350825,2023,421350825,1,1,2,1,23,5,3,0,0,2,0,0,9,2,E01015851,3,1,0.0,1.0,-1,1,70,1,4,1,00:35,1,2,9
2023421388435,2023,421388435,1,1,1,1,20,4,3,0,0,0,0,0,9,3,E01015819,3,1,0.0,1.0,-1,6,60,1,6,1,23:26,5,2,9
2023471303659,2023,471303659,1,2,2,2,63,9,3,0,0,2,0,0,9,4,E01002833,3,1,0.0,1.0,-1,6,30,1,1,1,13:35,4,2,9
2023501351909,2023,501351909,1,1,2,1,43,7,3,0,0,1,0,0,9,5,E01015179,3,1,0.0,1.0,-1,6,60,1,6,1,01:44,4,1,9
2023440193007,2023,440193007,1,1,3,2,10,2,3,5,3,0,0,0,0,1,E01032755,-1,0,0.12994,0.87006,-1,6,30,1,1,1,15:55,3,1,9