collision_index,collision_year,collision_ref_no,vehicle_reference,casualty_reference,casualty_class,sex_of_casualty,age_of_casualty,age_band_of_casualty,casualty_severity,pedestrian_location,pedestrian_movement,car_passenger,bus_or_coach_passenger,pedestrian_road_maintenance_worker,casualty_type,casualty_imd_decile,lsoa_of_casualty,enhanced_casualty_severity,casualty_injury_based,casualty_adjusted_severity_serious,casualty_adjusted_severity_slight,casualty_distance_banding,road_type,speed_limit,weather_conditions,light_conditions,road_surface_conditions,time,day_of_week,number_of_vehicles,vehicle_type
2023302301192,2023,302301192,1,1,1,2,12,3,3,0,0,0,0,0,1,9,E01019703,-1,0,0.09556,0.90444,-1,6,40,1,1,1,17:05,3,2,1
2023061349087,2023,061349087,1,1,3,1,57,9,2,5,9,0,0,0,0,1,E01005107,5,1,1.0,0.0,-1,6,30,1,7,1,05:30,5,1,9
2023461333532,2023,461333532,1,1,1,1,27,6,3,0,0,0,0,0,3,4,E01024395,3,1,0.0,1.0,-1,3,70,1,1,1,07:20,6,2,3
2023010470578,2023,010470578,1,2,1,2,44,7,2,0,0,0,0,0,9,-1,-1,-1,0,1.0,0.0,-1,6,20,1,1,1,11:45,7,1,9
2023071273314,2023,071273314,2,1,1,2,30,6,3,0,0,0,0,0,9,9,E01018508,-1,0,0.04209,0.95791,-1,6,30,1,1,1,08:00,6,2,9
2023131275241,2023,131275241,1,1,1,1,24,5,3,0,0,0,0,0,9,6,E01033696,3,1,0.0,1.0,-1,6,50,1,4,1,22:44,7,2,9
2023302300931,2023,302300931,2,1,1,2,35,6,3,0,0,0,0,0,9,8,E01019868,-1,0,0.00842,0.99158,-1,6,30,1,1,2,08:40,3,2,9
2023320653525,2023,320653525,1,2,2,1,32,6,3,0,0,2,0,0,9,1,E01013628,-1,0,0.1213,0.8787,-1,6,60,2,6,2,19:25,6,1,9
2023010459733,2023,010459733,1,1,2,2,83,11,3,0,0,0,4,0,11,1,E01004311,-1,0,0.0,1.0,-1,6,20,1,1,1,11:50,4,1,11
2023122400051,2023,122400051,2,1,1,1,18,4,3,0,0,0,0,0,1,4,E01027905,-1,0,0.10663,0.89337,-1,6,30,1,1,1,14:40,7,2,1
2023430518239,2023,430518239,1,1,1,1,17,4,2,0,0,0,0,0,2,10,E01016619,-1,0,1.0,0.0,-1,6,30,2,4,2,20:10,6,2,2
2023332300748,2023,332300748,1,1,2,2,66,10,2,0,0,0,0,0,5,10,E01025729,-1,0,1.0,0.0,-1,6,50,1,1,1,15:00,6,2,5
2023131271432,2023,131271432,2,2,2,2,60,9,3,0,0,1,0,0,9,5,E01011772,3,1,0.0,1.0,-1,6,30,4,1,2,10:22,5,2,9
2023471345584,2023,471345584,2,1,1,1,28,6,3,0,0,0,0,0,9,10,E01031703,3,1,0.0,1.0,-1,6,50,1,1,1,16:20,6,2,9
2023520300876,2023,520300876,1,4,2,2,17,4,3,0,0,2,0,0,9,9,E01029074,-1,0,0.10114,0.89886,-1,6,50,1,6,1,00:09,6,1,9
2023351325631,2023,351325631,1,1,1,1,38,7,3,0,0,0,0,0,21,-1,-1,3,1,0.0,1.0,-1,3,70,1,1,1,17:00,5,2,21
2023430231717,2023,430231717,2,1,1,2,21,5,3,0,0,0,0,0,1,4,E01028587,-1,0,0.11036,0.88964,-1,6,20,1,1,1,15:00,6,2,1
2023010443455,2023,010443455,1,1,1,1,40,7,2,0,0,0,0,0,9,2,E01004390,-1,0,1.0,0.0,-1,6,30,1,1,1,11:06,4,3,9
2023311268917,2023,311268917,1,2,2,2,25,5,3,0,0,1,0,0,9,1,E01013884,3,1,0.0,1.0,-1,6,30,1,1,2,16:15,5,2,9
2023440239456,2023,440239456,2,1,1,1,29,6,3,0,0,0,0,0,9,7,E01023255,-1,0,0.04537,0.95463,-1,3,70,1,1,1,17:30,6,2,9
2023991284139,2023,991284139,1,2,2,1,32,6,2,0,0,0,0,0,19,-1,-1,5,1,1.0,0.0,-1,6,60,1,1,1,17:50,1,4,19
2023122400105,2023,122400105,1,1,1,2,72,10,3,0,0,0,0,0,9,3,E01026113,-1,0,0.06708,0.93292,-1,6,30,1,1,1,13:15,1,1,9
2023131305475,2023,131305475,1,1,1,2,51,8,3,0,0,0,0,0,9,8,E01011055,3,1,0.0,1.0,-1,3,70,1,1,1,17:21,3,2,9
2023141313857,2023,141313857,1,1,1,2,55,8,3,0,0,0,0,0,9,4,E01008142,3,1,0.0,1.0,-1,6,60,1,1,1,13:40,5,2,9
2023547136123,2023,547136123,2,1,1,2,52,8,3,0,0,0,0,0,9,7,E01031882,-1,0,0.03688,0.96312,-1,6,30,1,1,1,06:21,7,2,9
202360A120670,2023,60A120670,1,3,2,1,17,4,3,0,0,2,0,0,9,-1,-1,-1,0,0.19796,0.80204,-1,6,60,2,6,2,01:49,2,1,9
2023131294812,2023,131294812,2,1,1,1,13,3,3,0,0,0,0,0,1,1,E01011671,3,1,0.0,1.0,-1,6,20,1,1,1,14:57,7,2,1
2023010480139,2023,010480139,2,3,1,1,35,6,3,0,0,0,0,0,3,2,E01004010,-1,0,0.0,1.0,-1,6,20,1,1,1,15:42,7,2,3
2023061299403,2023,061299403,2,1,1,1,27,6,2,0,0,0,0,0,3,1,E01005068,5,1,1.0,0.0,-1,6,30,1,1,1,11:19,5,2,3
2023332301251,2023,332301251,1,1,1,2,53,8,3,0,0,0,0,0,9,10,E01025817,-1,0,0.03328,0.96672,-1,6,60,2,6,2,18:30,5,2,9
2023430473611,2023,430473611,1,1,1,1,35,6,3,0,0,0,0,0,9,-1,-1,-1,0,0.00839,0.99161,-1,6,30,1,1,1,15:50,6,2,9
2023461269521,2023,461269521,2,2,2,1,12,3,3,0,0,2,0,0,9,9,E01024450,3,1,0.0,1.0,-1,6,30,1,1,1,18:00,3,2,9
2023010483922,2023,010483922,1,1,3,1,78,11,3,1,1,0,0,0,0,7,E01001314,-1,0,0.0,1.0,-1,6,20,2,1,2,11:09,5,1,9
2023010475561,2023,010475561,2,1,1,1,30,6,3,0,0,0,0,0,5,4,E01001174,-1,0,0.0,1.0,-1,6,30,8,4,2,18:26,5,2,5
2023010424640,2023,010424640,1,3,2,-1,-1,-1,3,0,0,2,0,0,9,6,E01002544,-1,0,0.0,1.0,-1,3,40,1,4,1,21:45,3,1,9
2023010469317,2023,010469317,1,1,1,2,43,7,3,0,0,0,0,0,9,7,E01000837,-1,0,0.0,1.0,-1,6,30,1,1,1,12:26,1,2,9
2023131382011,2023,131382011,1,1,1,2,25,5,3,0,0,0,0,0,9,6,E01010640,3,1,0.0,1.0,-1,6,30,2,1,2,14:25,1,2,9
2023201406141,2023,201406141,1,1,1,1,25,5,3,0,0,0,0,0,9,1,E01009352,3,1,0.0,1.0,-1,3,30,1,1,1,12:52,7,2,9
2023320371852,2023,320371852,2,1,1,2,19,4,2,0,0,0,0,0,9,7,E01026397,-1,0,1.0,0.0,-1,6,50,1,1,1,16:28,7,6,9
2023531417878,2023,531417878,2,1,2,2,6,2,3,0,0,2,0,0,9,9,E01022295,3,1,0.0,1.0,-1,3,40,1,1,1,06:45,1,2,9
2023061335553,2023,061335553,2,3,2,1,10,2,3,0,0,1,0,0,9,5,E01005520,3,1,0.0,1.0,-1,6,30,1,1,1,12:37,4,2,9
2023471362923,2023,471362923,1,3,1,1,47,8,2,0,0,0,0,0,9,4,E01016856,7,1,1.0,0.0,-1,6,30,1,1,2,06:28,7,2,9
2023320777571,2023,320777571,2,1,1,1,15,3,3,0,0,0,0,0,1,4,E01026230,-1,0,0.12406,0.87594,-1,6,30,2,1,2,08:39,3,2,1
2023361264793,2023,361264793,2,1,1,-1,31,6,2,0,0,0,0,0,1,1,E01026826,7,1,1.0,0.0,-1,6,30,1,4,2,05:25,2,2,1
2023411287552,2023,411287552,4,1,1,1,31,6,3,0,0,0,0,0,9,7,E01002154,3,1,0.0,1.0,-1,3,70,1,1,1,15:42,6,5,9
2023131267584,2023,131267584,1,1,1,1,38,7,3,0,0,0,0,0,1,1,E01011673,3,1,0.0,1.0,-1,6,30,1,4,1,16:20,3,2,1
2023010447502,2023,010447502,1,1,1,2,49,8,3,0,0,0,0,0,9,5,E01003260,-1,0,0.0,1.0,-1,1,20,1,1,1,09:25,4,3,9
2023111327824,2023,111327824,2,1,1,2,24,5,3,0,0,0,0,0,9,3,E01020831,3,1,0.0,1.0,-1,3,60,1,1,1,09:22,2,2,9
2023141285162,2023,141285162,2,1,1,2,37,7,3,0,0,0,0,0,9,3,E01028259,3,1,0.0,1.0,-1,3,70,3,6,3,22:08,5,2,9
2023302301348,2023,302301348,1,1,2,1,17,4,3,0,0,1,0,0,9,4,E01019813,-1,0,0.13905,0.86095,-1,6,60,1,6,1,21:50,5,1,9
2023531313843,2023,531313843,1,2,2,2,20,4,2,0,0,1,0,0,9,4,E01022240,6,1,1.0,0.0,-1,6,30,1,4,1,21:40,4,1,9
2023340WN5762,2023,340WN5762,2,3,1,1,20,4,3,0,0,0,0,0,9,7,E01027221,-1,0,0.04904,0.95096,-1,6,30,1,1,1,13:34,1,2,9
2023461294216,2023,461294216,3,1,1,2,52,8,3,0,0,0,0,0,9,6,E01024079,3,1,0.0,1.0,-1,6,30,1,1,1,10:10,6,3,9
2023461345315,2023,461345315,2,2,2,2,25,5,3,0,0,1,0,0,9,-1,-1,3,1,0.0,1.0,-1,6,30,9,1,-1,15:30,2,2,9
2023440105941,2023,440105941,1,1,1,1,50,8,3,0,0,0,0,0,1,7,E01022733,-1,0,0.23078,0.76922,-1,6,40,1,1,1,16:26,5,2,1
2023061262256,2023,061262256,1,1,2,2,-1,-1,2,0,0,0,0,0,19,-1,-1,7,1,1.0,0.0,-1,6,30,2,4,2,05:50,1,2,19
2023320739513,2023,320739513,1,1,3,1,72,10,3,10,9,0,0,0,0,3,E01026311,-1,0,0.1321,0.8679,-1,6,30,8,1,4,09:50,2,1,21
2023170M11123,2023,170M11123,1,1,1,1,64,9,2,0,0,0,0,0,1,-1,-1,-1,0,1.0,0.0,-1,6,30,1,1,1,13:52,2,2,1
2023221259714,2023,221259714,1,1,1,1,36,7,3,0,0,0,0,0,3,9,E01032388,3,1,0.0,1.0,-1,6,60,8,6,2,16:55,4,2,3
2023430051947,2023,430051947,2,1,1,1,35,6,3,0,0,0,0,0,4,6,E01016385,-1,0,0.03588,0.96412,-1,1,30,1,1,1,11:30,6,2,4
2023010419993,2023,010419993,2,3,1,1,74,10,3,0,0,0,0,0,9,6,E01030736,-1,0,0.0,1.0,-1,3,30,1,4,1,16:38,6,2,9
2023991375273,2023,991375273,1,2,2,1,16,4,2,0,0,1,0,0,9,6,-1,6,1,1.0,0.0,-1,6,50,1,4,1,18:54,3,2,9
2023141366958,2023,141366958,2,1,2,2,76,11,2,0,0,0,4,0,11,-1,-1,7,1,1.0,0.0,-1,6,30,1,1,1,12:55,4,2,11
2023010449358,2023,010449358,1,1,3,1,-1,-1,3,10,9,0,0,0,0,-1,-1,-1,0,0.0,1.0,-1,1,20,8,1,1,19:32,5,1,9
2023010454029,2023,010454029,1,1,3,1,51,8,3,4,2,0,0,0,0,-1,-1,-1,0,0.0,1.0,-1,6,20,1,1,1,16:20,7,1,9
2023101376958,2023,101376958,1,1,3,2,12,3,2,8,3,0,0,0,0,2,E01008838,6,1,1.0,0.0,-1,6,30,1,4,1,19:47,2,1,9
2023010452030,2023,010452030,1,1,1,2,41,7,3,0,0,0,0,0,1,-1,-1,-1,0,0.0,1.0,-1,6,20,1,1,1,14:48,4,2,1
2023052300496,2023,052300496,1,1,1,1,30,6,3,0,0,0,0,0,1,1,E01018445,-1,0,0.10665,0.89335,-1,6,30,1,4,1,17:10,6,2,1
2023161292985,2023,161292985,1,1,1,1,44,7,1,0,0,0,0,0,5,6,E01011248,1,1,0.0,0.0,-1,6,60,1,1,1,11:49,1,1,5
2023141368297,2023,141368297,2,2,2,2,33,6,2,0,0,2,0,0,9,1,E01007729,7,1,1.0,0.0,-1,3,50,1,4,1,20:50,1,2,9
2023201284000,2023,201284000,1,1,1,1,25,5,3,0,0,0,0,0,9,6,E01009749,3,1,0.0,1.0,-1,3,40,1,4,1,17:34,5,3,9
2023622300396,2023,622300396,2,2,1,2,46,8,3,0,0,0,0,0,9,1,W01001708,-1,0,0.0141,0.9859,-1,3,70,2,1,2,18:03,5,3,9
2023471342851,2023,471342851,1,1,2,2,-1,-1,3,0,0,0,4,0,11,-1,-1,3,1,0.0,1.0,-1,6,20,1,1,1,11:10,5,1,11
2023010421511,2023,010421511,1,2,3,2,52,8,3,5,1,0,0,0,0,3,E01001668,-1,0,0.0,1.0,-1,6,30,1,1,1,11:08,1,1,2
2023010480505,2023,010480505,1,1,3,1,25,5,3,4,1,0,0,0,0,2,E01004669,-1,0,0.0,1.0,-1,6,20,2,4,2,17:38,2,1,5
2023501332081,2023,501332081,1,1,3,1,4,1,3,5,1,0,0,0,0,8,E01020066,3,1,0.0,1.0,-1,3,30,1,1,1,16:00,4,1,9
2023131292066,2023,131292066,2,1,1,1,51,8,3,0,0,0,0,0,1,5,E01011798,3,1,0.0,1.0,-1,6,30,1,1,1,15:30,4,2,1
2023421352631,2023,421352631,2,1,1,2,29,6,2,0,0,0,0,0,3,2,E01015879,7,1,1.0,0.0,-1,6,30,1,4,1,20:00,5,2,3
2023320263448,2023,320263448,2,1,1,1,24,5,2,0,0,0,0,0,4,3,E01026024,-1,0,1.0,0.0,-1,6,30,1,1,1,08:15,3,2,4
2023401363774,2023,401363774,1,1,1,2,68,10,3,0,0,0,0,0,9,6,E01023722,3,1,0.0,1.0,-1,1,70,1,1,1,08:04,1,1,9
2023631359064,2023,631359064,1,1,3,1,4,1,3,1,3,0,0,2,0,7,W01000620,3,1,0.0,1.0,-1,6,20,1,5,1,15:20,3,1,9
2023471354229,2023,471354229,1,1,1,2,45,7,3,0,0,0,0,0,9,6,E01031342,3,1,0.0,1.0,-1,6,30,1,1,1,11:40,6,2,9
2023552301075,2023,552301075,2,1,1,2,66,10,3,0,0,0,0,0,9,2,E01020582,-1,0,0.06315,0.93685,-1,6,30,1,4,1,22:17,2,4,9
2023010474080,2023,010474080,1,1,1,1,31,6,3,0,0,0,0,0,3,3,E01001445,-1,0,0.0,1.0,-1,6,30,9,1,9,15:50,3,2,3
2023131359829,2023,131359829,2,1,1,2,20,4,3,0,0,0,0,0,9,5,E01011818,3,1,0.0,1.0,-1,6,30,1,1,1,13:26,5,2,9
2023332301206,2023,332301206,1,3,2,2,3,1,3,0,0,2,0,0,9,8,E01025959,-1,0,0.03545,0.96455,-1,6,50,2,6,2,16:15,3,2,9
2023471337190,2023,471337190,1,1,2,1,49,8,3,0,0,1,0,0,9,2,E01002277,3,1,0.0,1.0,-1,6,60,1,1,1,12:16,3,2,9
2023141303031,2023,141303031,1,1,2,1,-1,-1,2,0,0,0,-1,0,11,-1,-1,7,1,1.0,0.0,-1,6,30,1,1,1,16:50,3,2,11
2023041299578,2023,041299578,1,1,1,2,40,7,3,0,0,0,0,0,9,8,E01025166,3,1,0.0,1.0,-1,6,60,1,1,1,10:12,5,2,9
2023161341282,2023,161341282,1,1,1,2,17,4,3,0,0,0,0,0,9,4,E01013271,3,1,0.0,1.0,-1,6,60,1,6,1,21:28,1,2,9
2023421274958,2023,421274958,1,2,2,2,30,6,3,0,0,-1,0,0,9,6,E01021473,3,1,0.0,1.0,-1,6,30,1,4,2,21:07,7,1,9
2023430411234,2023,430411234,1,1,3,1,3,1,2,5,1,0,0,0,0,10,E01016612,-1,0,1.0,0.0,-1,6,30,1,1,1,15:44,4,1,9
2023351271005,2023,351271005,1,1,1,1,31,6,2,0,0,0,0,0,3,10,E01017959,7,1,1.0,0.0,-1,6,20,1,4,2,02:20,7,1,3
2023421267033,2023,421267033,1,1,1,1,28,6,2,0,0,0,0,0,3,10,E01024147,6,1,1.0,0.0,-1,3,40,1,1,2,16:00,2,2,3
2023010422943,2023,010422943,1,1,1,1,40,7,3,0,0,0,0,0,9,-1,-1,-1,0,0.0,1.0,-1,7,30,1,1,1,16:40,1,1,9
2023430454961,2023,430454961,1,1,1,1,41,7,3,0,0,0,0,0,9,6,E01017795,-1,0,0.04651,0.95349,-1,6,30,1,1,1,07:55,3,2,9
2023061268444,2023,061268444,1,1,1,1,51,8,3,0,0,0,0,0,21,-1,-1,3,1,0.0,1.0,-1,7,70,1,1,1,14:53,5,1,21
2023451298878,2023,451298878,1,1,3,1,20,4,3,1,1,0,0,0,0,10,E01030523,3,1,0.0,1.0,-1,6,30,1,1,1,08:20,5,1,9
2023430443462,2023,430443462,2,1,1,2,54,8,3,0,0,0,0,0,1,10,E01016665,-1,0,0.17371,0.82629,-1,6,40,1,1,1,08:01,3,2,1
2023010444368,2023,010444368,1,1,1,1,35,6,3,0,0,0,0,0,3,5,E01003110,-1,0,0.0,1.0,-1,6,30,9,1,9,14:18,6,2,3
2023501317183,2023,501317183,2,4,1,2,37,7,3,0,0,0,0,0,9,6,E01029135,3,1,0.0,1.0,-1,6,60,1,1,1,18:53,7,2,9
2023430459631,2023,430459631,2,1,1,1,20,4,3,0,0,0,0,0,3,-1,-1,-1,0,0.02263,0.97737,-1,3,70,2,7,2,19:05,4,2,3
2023501343649,2023,501343649,2,2,2,2,56,9,2,0,0,0,0,0,5,7,E01020298,7,1,1.0,0.0,-1,6,60,1,1,1,14:34,1,2,5
2023141382972,2023,141382972,1,1,3,1,30,6,3,10,1,0,0,0,0,1,E01007768,3,1,0.0,1.0,-1,6,30,1,1,1,15:30,6,1,9
2023231388494,2023,231388494,2,1,1,1,34,6,3,0,0,0,0,0,9,6,E01031018,3,1,0.0,1.0,-1,6,50,1,6,4,19:11,6,2,9
2023461295308,2023,461295308,1,1,1,1,19,4,3,0,0,0,0,0,9,6,E01000727,3,1,0.0,1.0,-1,1,60,1,1,1,18:34,1,1,9
2023552301353,2023,552301353,1,1,1,1,48,8,3,0,0,0,0,0,9,5,E01020518,-1,0,0.01898,0.98102,-1,6,30,1,1,1,15:31,3,2,9
2023622300348,2023,622300348,1,2,2,1,30,6,2,0,0,2,0,0,9,2,W01001768,-1,0,1.0,0.0,-1,6,30,1,4,2,01:53,1,1,9
2023991326830,2023,991326830,2,1,1,1,60,9,3,0,0,0,0,0,9,8,-1,3,1,0.0,1.0,-1,1,60,1,1,1,12:00,2,2,9
2023461295401,2023,461295401,2,1,2,1,20,4,3,0,0,0,0,0,19,5,E01024227,3,1,0.0,1.0,-1,6,60,2,6,2,21:10,6,2,19
2023131301348,2023,131301348,2,1,1,1,28,6,3,0,0,0,0,0,1,2,E01011618,3,1,0.0,1.0,-1,6,30,1,1,1,17:30,4,2,1
2023010450933,2023,010450933,1,1,1,1,39,7,3,0,0,0,0,0,3,4,E01001512,-1,0,0.0,1.0,-1,6,30,1,1,1,11:20,5,2,3
2023031286795,2023,031286795,1,2,1,1,32,6,3,0,0,0,0,0,9,2,E01019246,3,1,0.0,1.0,-1,3,30,1,1,2,16:30,3,2,9
2023340NN4302,2023,340NN4302,1,2,2,2,14,3,3,0,0,2,0,0,9,-1,-1,-1,0,0.08061,0.91939,-1,6,40,1,6,2,17:25,5,2,9
2023401342157,2023,401342157,2,2,1,2,44,7,3,0,0,0,0,0,9,9,E01017445,3,1,0.0,1.0,-1,3,40,1,1,1,18:36,3,2,9
2023041333728,2023,041333728,1,1,3,2,35,6,2,4,1,0,0,0,0,9,E01025126,5,1,1.0,0.0,-1,6,30,1,1,1,12:52,4,1,98
2023010477755,2023,010477755,1,1,1,1,25,5,3,0,0,0,0,0,3,2,E01003132,-1,0,0.0,1.0,-1,6,30,1,4,1,17:00,6,2,3
2023052300758,2023,052300758,2,1,2,1,64,9,3,0,0,1,0,0,9,9,E01007197,-1,0,0.1014,0.8986,-1,3,50,1,6,2,18:30,7,2,9
2023631348807,2023,631348807,1,1,1,2,31,6,3,0,0,0,0,0,9,6,W01000716,3,1,0.0,1.0,-1,6,30,1,1,1,11:00,3,2,9
2023481356437,2023,481356437,2,1,1,1,32,6,3,0,0,0,0,0,1,-1,-1,3,1,0.0,1.0,-1,3,20,1,1,1,08:40,3,2,1
2023302301791,2023,302301791,2,1,1,2,30,6,3,0,0,0,0,0,9,8,E01019583,-1,0,0.00513,0.99487,-1,6,30,1,4,1,18:00,4,2,9
2023411284844,2023,411284844,1,1,1,1,18,4,3,0,0,0,0,0,9,4,E01023349,3,1,0.0,1.0,-1,6,30,1,1,1,12:29,3,1,9
2023131312355,2023,131312355,2,1,1,2,47,8,2,0,0,0,0,0,1,8,E01010896,7,1,1.0,0.0,-1,3,60,1,6,1,13:15,7,2,1
2023471394318,2023,471394318,2,2,2,1,31,6,3,0,0,1,0,0,9,5,E01031571,3,1,0.0,1.0,-1,6,30,9,7,1,18:30,4,2,9
2023520300362,2023,520300362,1,1,1,1,36,7,1,0,0,0,0,0,9,5,E01029173,-1,0,0.0,0.0,-1,6,60,1,1,2,15:50,6,2,9
2023547762023,2023,547762023,1,1,1,2,71,10,3,0,0,0,0,0,9,9,E01032061,-1,0,0.07454,0.92546,-1,6,60,1,1,1,08:00,2,2,9
202363A002623,2023,63A002623,2,1,1,2,57,9,2,0,0,0,0,0,9,3,W01000670,-1,0,1.0,0.0,-1,6,60,5,1,2,09:01,3,2,9
2023070154836,2023,070154836,1,1,1,1,13,3,3,0,0,0,0,0,1,-1,-1,-1,0,0.12814,0.87186,-1,6,30,1,1,1,13:20,4,2,1
2023061377250,2023,061377250,2,1,1,2,50,8,3,0,0,0,0,0,9,4,E01006390,3,1,0.0,1.0,-1,6,30,1,4,2,17:50,4,2,9
2023061385057,2023,061385057,1,1,1,1,18,4,3,0,0,0,0,0,23,8,E01011200,3,1,0.0,1.0,-1,6,30,2,4,2,22:25,7,2,23
2023461374296,2023,461374296,1,1,1,1,23,5,2,0,0,0,0,0,9,5,E01024010,7,1,1.0,0.0,-1,6,60,2,1,2,11:37,2,1,9
2023471366183,2023,471366183,2,1,1,2,79,11,3,0,0,0,0,0,9,5,E01020947,3,1,0.0,1.0,-1,6,30,1,1,2,16:45,2,2,9
2023991392132,2023,991392132,1,1,2,2,50,8,2,0,0,2,0,0,9,10,-1,6,1,1.0,0.0,-1,3,70,2,4,2,16:12,2,1,9
2023010421439,2023,010421439,1,1,1,1,25,5,3,0,0,0,0,0,1,5,E01001921,-1,0,0.0,1.0,-1,6,30,1,4,1,16:45,7,2,1
2023010436948,2023,010436948,1,1,1,1,24,5,3,0,0,0,0,0,1,5,E01003116,-1,0,0.0,1.0,-1,6,20,2,4,2,21:50,3,2,1
2023440039614,2023,440039614,2,1,1,1,35,6,3,0,0,0,0,0,1,6,E01022875,-1,0,0.15341,0.84659,-1,1,40,1,7,2,07:07,2,2,1
2023332300769,2023,332300769,1,1,2,2,76,11,2,0,0,2,0,0,9,4,E01019649,-1,0,1.0,0.0,-1,6,30,1,1,1,16:11,7,1,9
2023461280011,2023,461280011,2,3,2,2,2,1,3,0,0,-1,0,0,9,-1,-1,3,1,0.0,1.0,-1,6,30,1,1,1,09:05,3,2,9
2023101290582,2023,101290582,1,1,2,2,18,4,3,0,0,1,0,0,9,9,E01027535,3,1,0.0,1.0,-1,6,30,2,4,2,19:00,7,2,9
2023332300512,2023,332300512,1,2,2,2,49,8,3,0,0,1,0,0,9,5,E01013606,-1,0,0.00211,0.99789,-1,6,30,1,1,1,15:35,1,2,9
2023061338066,2023,061338066,1,1,3,2,21,5,3,1,9,0,0,0,0,1,E01004869,3,1,0.0,1.0,-1,6,30,1,1,1,11:25,3,1,9
2023070954042,2023,070954042,2,1,1,1,55,8,3,0,0,0,0,0,1,3,E01018464,-1,0,0.15765,0.84235,-1,6,30,1,1,1,07:13,2,2,1
2023320115312,2023,320115312,2,1,1,2,48,8,3,0,0,0,0,0,1,2,E01026006,-1,0,0.14809,0.85191,-1,6,30,1,1,1,14:00,5,2,1
2023010446078,2023,010446078,1,1,1,1,28,6,3,0,0,0,0,0,9,5,E01003751,-1,0,0.0,1.0,-1,9,20,1,1,1,20:16,3,2,9
2023010446939,2023,010446939,1,1,1,-1,28,6,3,0,0,0,0,0,9,8,E01032966,-1,0,0.0,1.0,-1,9,20,9,1,9,15:40,1,2,9
2023101380749,2023,101380749,1,1,1,2,46,8,3,0,0,0,0,0,9,9,E01008516,3,1,0.0,1.0,-1,3,40,1,1,2,12:40,3,2,9
2023201411529,2023,201411529,1,3,2,2,36,7,3,0,0,-1,0,0,9,3,E01033562,3,1,0.0,1.0,-1,6,30,2,1,2,14:52,6,3,9
2023361322062,2023,361322062,1,1,1,1,25,5,3,0,0,0,0,0,9,2,E01033436,3,1,0.0,1.0,-1,6,60,1,1,1,15:00,6,3,9
2023371379430,2023,371379430,2,1,1,1,47,8,3,0,0,0,0,0,9,3,E01030162,3,1,0.0,1.0,-1,6,60,1,1,1,10:09,7,2,9
2023061327581,2023,061327581,1,1,3,2,10,2,2,5,1,0,0,0,0,3,E01004872,7,1,1.0,0.0,-1,6,20,1,1,1,18:55,1,1,9
2023131352249,2023,131352249,1,1,3,1,14,3,2,5,1,0,0,-1,0,3,E01011783,7,1,1.0,0.0,-1,6,30,1,1,1,16:27,2,1,90
2023451293644,2023,451293644,1,1,3,2,30,6,3,1,3,0,0,0,0,10,E01030682,3,1,0.0,1.0,-1,6,30,1,1,1,11:18,3,1,9
2023101367537,2023,101367537,2,1,1,1,48,8,3,0,0,0,0,0,1,10,E01008423,3,1,0.0,1.0,-1,6,20,1,1,1,08:35,3,2,1
2023401324416,2023,401324416,2,1,1,1,44,7,3,0,0,0,0,0,1,10,E01017607,3,1,0.0,1.0,-1,6,40,1,1,-1,13:19,4,2,1
2023041361677,2023,041361677,2,1,1,1,64,9,3,0,0,0,0,0,9,9,E01025364,3,1,0.0,1.0,-1,3,70,1,1,1,14:09,3,2,9
2023440037230,2023,440037230,1,1,2,1,41,7,2,0,0,1,0,0,9,6,E01016332,-1,0,1.0,0.0,-1,3,60,1,6,1,03:55,7,1,9
2023161371177,2023,161371177,1,1,3,2,33,6,3,5,3,0,0,0,0,-1,-1,3,1,0.0,1.0,-1,6,30,1,4,1,17:18,7,1,9
2023411337483,2023,411337483,1,1,3,1,61,9,3,10,9,0,0,0,0,8,E01023627,3,1,0.0,1.0,-1,6,30,1,1,-1,11:00,4,2,9
2023421316921,2023,421316921,1,1,1,1,35,6,2,0,0,0,0,0,5,8,E01022079,5,1,1.0,0.0,-1,6,60,1,1,1,14:00,6,2,5
202360A146424,2023,60A146424,2,1,1,1,46,8,2,0,0,0,0,0,5,-1,-1,-1,0,1.0,0.0,-1,6,60,1,1,1,11:56,1,2,5
2023411325644,2023,411325644,1,1,3,2,29,6,3,6,9,0,0,0,0,7,E01023398,3,1,0.0,1.0,-1,6,40,1,1,1,14:20,7,1,9
2023231291536,2023,231291536,2,2,1,2,59,9,3,0,0,0,0,0,9,5,E01031098,3,1,0.0,1.0,-1,1,50,1,1,1,11:36,6,2,9
2023421340231,2023,421340231,1,1,1,1,57,9,3,0,0,0,0,0,9,6,E01021656,3,1,0.0,1.0,-1,6,60,1,1,1,05:50,5,1,9
202354B392923,2023,54B392923,1,1,1,1,31,6,3,0,0,0,0,0,9,6,E01015579,-1,0,0.07365,0.92635,-1,6,50,1,1,1,17:23,6,1,9
2023010439765,2023,010439765,1,1,2,2,73,10,3,0,0,0,4,0,11,3,E01001701,-1,0,0.0,1.0,-1,6,20,1,1,1,07:37,5,1,11
2023031282554,2023,031282554,2,1,1,2,61,9,2,0,0,0,0,0,16,-1,-1,5,1,1.0,0.0,-1,6,60,1,1,1,10:15,5,2,16
2023991357866,2023,991357866,2,1,1,1,23,5,3,0,0,0,0,0,9,-1,-1,3,1,0.0,1.0,-1,6,30,1,1,1,17:15,3,2,9