collision_index,collision_year,collision_ref_no,vehicle_reference,casualty_reference,casualty_class,sex_of_casualty,age_of_casualty,age_band_of_casualty,casualty_severity,pedestrian_location,pedestrian_movement,car_passenger,bus_or_coach_passenger,pedestrian_road_maintenance_worker,casualty_type,casualty_imd_decile,lsoa_of_casualty,enhanced_casualty_severity,casualty_injury_based,casualty_adjusted_severity_serious,casualty_adjusted_severity_slight,casualty_distance_banding,road_type,speed_limit,weather_conditions,light_conditions,road_surface_conditions,time,day_of_week,number_of_vehicles,vehicle_type
2023010424255,2023,010424255,1,1,1,1,41,7,3,0,0,0,0,0,9,9,E01021789,-1,0,0.0,1.0,-1,6,30,1,1,1,15:45,1,1,9
2023041290659,2023,041290659,1,2,2,2,34,6,3,0,0,1,0,0,9,6,E01025066,3,1,0.0,1.0,-1,9,30,8,1,1,10:00,6,2,9
2023351305226,2023,351305226,2,5,2,1,6,2,3,0,0,-1,0,0,9,8,E01015589,3,1,0.0,1.0,-1,6,60,1,1,1,17:10,3,2,9
2023430165840,2023,430165840,1,2,2,2,15,3,3,0,0,9,0,0,9,-1,-1,-1,0,0.01097,0.98903,-1,6,30,1,1,1,15:15,1,2,9
2023522301647,2023,522301647,1,1,1,2,52,8,3,0,0,0,0,0,9,10,W01001639,-1,0,0.05806,0.94194,-1,6,40,1,7,1,22:43,7,2,9
2023010483690,2023,010483690,1,1,2,2,26,6,3,0,0,0,4,0,11,3,E01002568,-1,0,0.0,1.0,-1,6,30,9,4,2,06:50,4,1,11
2023451287109,2023,451287109,1,1,1,2,32,6,3,0,0,0,0,0,3,9,E01030696,3,1,0.0,1.0,-1,6,30,1,1,1,11:36,4,2,3
2023131348508,2023,131348508,1,1,3,2,32,6,3,6,9,0,0,2,0,3,E01011936,3,1,0.0,1.0,-1,6,30,1,1,1,12:30,3,1,17
2023401310645,2023,401310645,2,1,1,1,15,3,3,0,0,0,0,0,1,2,E01015698,3,1,0.0,1.0,-1,6,30,1,1,1,13:50,7,2,1
2023101392460,2023,101392460,1,2,1,2,24,5,3,0,0,0,0,0,9,3,E01012282,3,1,0.0,1.0,-1,1,60,2,1,2,08:54,4,2,9
2023451311445,2023,451311445,1,1,1,1,37,7,3,0,0,0,0,0,9,7,E01016495,3,1,0.0,1.0,-1,6,30,4,4,2,00:13,5,3,9
2023471338771,2023,471338771,2,1,1,1,23,5,3,0,0,0,0,0,9,6,E01002186,3,1,0.0,1.0,-1,6,60,1,1,1,06:35,7,2,9
2023340WN0232,2023,340WN0232,2,1,1,1,47,8,3,1,0,0,0,0,9,1,E01033166,-1,0,0.01175,0.98825,-1,6,50,2,1,2,11:00,3,2,9
2023340WN6352,2023,340WN6352,1,1,1,1,29,6,3,0,0,0,0,0,9,4,E01028453,-1,0,0.07457,0.92543,-1,6,50,2,1,2,08:21,3,2,9
2023320235786,2023,320235786,1,2,2,1,29,6,3,0,0,1,0,0,19,6,E01019654,-1,0,0.1005,0.8995,-1,6,60,1,1,1,17:00,4,3,19
2023311372286,2023,311372286,1,1,2,1,65,9,3,0,0,2,0,0,9,-1,-1,3,1,0.0,1.0,-1,3,70,1,4,1,18:09,4,2,9
2023010441716,2023,010441716,1,1,2,2,61,9,3,0,0,0,3,0,11,-1,-1,-1,0,0.0,1.0,-1,3,40,1,1,1,14:40,1,1,11
2023041355407,2023,041355407,1,1,3,1,44,7,3,8,7,0,0,0,0,-1,-1,3,1,0.0,1.0,-1,6,50,1,4,1,20:03,5,1,9
2023010474620,2023,010474620,1,1,1,1,37,7,3,0,0,0,0,0,3,7,E01001346,-1,0,0.0,1.0,-1,6,20,2,4,2,23:35,7,1,3
2023131258758,2023,131258758,1,1,1,2,22,5,3,0,0,0,0,0,9,3,E01010827,3,1,0.0,1.0,-1,6,30,1,4,2,00:22,2,2,9
2023201284902,2023,201284902,2,2,1,1,39,7,2,0,0,0,0,0,9,4,E01032440,7,1,1.0,0.0,-1,6,30,2,1,2,19:55,3,2,9
2023201404692,2023,201404692,1,1,1,2,63,9,3,0,0,0,0,0,9,3,E01009411,3,1,0.0,1.0,-1,3,30,2,4,2,18:18,1,2,9
2023501327054,2023,501327054,1,1,1,2,34,6,3,0,0,0,0,0,9,3,E01018937,3,1,0.0,1.0,-1,6,60,4,4,1,11:50,6,1,9
2023421292531,2023,421292531,2,1,1,1,52,8,2,0,0,0,0,0,5,-1,-1,7,1,1.0,0.0,-1,6,30,1,1,1,17:15,5,2,5
2023622300376,2023,622300376,1,1,1,2,22,5,3,0,0,0,0,0,9,3,W01001247,-1,0,0.04273,0.95727,-1,6,30,2,4,2,23:42,2,1,9
2023520000414,2023,520000414,1,1,3,2,51,8,3,6,9,0,0,0,0,9,E01014465,-1,0,0.02754,0.97246,-1,6,30,1,1,1,15:10,2,1,9
2023170L20913,2023,170L20913,2,1,1,2,11,3,3,0,0,0,0,0,1,1,E01012114,-1,0,0.05491,0.94509,-1,6,30,1,1,1,15:04,2,2,1
2023430264329,2023,430264329,1,1,1,2,30,6,3,0,0,0,0,0,1,4,E01002583,-1,0,0.02768,0.97232,-1,1,30,1,1,1,17:10,4,2,1
2023411275640,2023,411275640,2,1,1,1,39,7,3,0,0,0,0,0,3,8,E01023576,3,1,0.0,1.0,-1,6,20,1,1,2,12:35,4,2,3
2023141329963,2023,141329963,2,1,2,1,53,8,2,0,0,1,0,0,9,9,E01007442,7,1,1.0,0.0,-1,7,30,2,1,2,16:33,1,2,9
2023311265108,2023,311265108,1,1,1,1,54,8,3,0,0,0,0,0,9,-1,-1,3,1,0.0,1.0,-1,6,20,8,4,4,18:10,4,2,9
2023991339861,2023,991339861,1,1,1,1,73,10,3,0,0,0,0,0,9,6,-1,3,1,0.0,1.0,-1,6,60,1,1,2,10:10,4,2,9
2023061333939,2023,061333939,1,1,1,1,33,6,3,0,0,0,0,0,9,1,E01033679,3,1,0.0,1.0,-1,7,30,1,4,2,15:18,3,2,9
2023131287537,2023,131287537,2,1,3,2,76,11,3,6,9,0,0,2,0,2,E01010852,3,1,0.0,1.0,-1,6,30,1,1,2,14:55,4,2,9
2023010463782,2023,010463782,2,2,1,1,37,7,3,0,0,0,0,0,9,3,E01002528,-1,0,0.0,1.0,-1,6,30,1,4,1,00:50,1,2,9
2023010479800,2023,010479800,1,1,1,2,38,7,3,0,0,0,0,0,9,8,E01002287,-1,0,0.0,1.0,-1,6,30,1,4,1,17:45,5,3,9
2023991309398,2023,991309398,1,1,1,2,40,7,2,0,0,0,0,0,9,3,-1,6,1,1.0,0.0,-1,6,30,1,1,1,19:30,1,2,9
2023311326932,2023,311326932,1,1,2,2,42,7,2,0,0,1,0,0,9,4,E01028302,5,1,1.0,0.0,-1,6,30,1,1,1,08:50,6,3,9
2023351355981,2023,351355981,1,2,1,2,22,5,3,0,0,0,0,0,9,9,E01018123,3,1,0.0,1.0,-1,6,60,1,1,1,10:20,5,2,9
2023440298251,2023,440298251,1,1,1,1,18,4,3,0,0,0,0,0,9,-1,-1,-1,0,0.08957,0.91043,-1,6,30,2,1,2,19:53,2,1,9
2023501373211,2023,501373211,2,1,1,1,20,4,3,0,0,0,0,0,9,5,E01018973,3,1,0.0,1.0,-1,6,60,2,6,2,20:11,6,2,9
2023201367225,2023,201367225,2,1,2,2,75,10,3,0,0,-1,0,0,9,3,E01009587,3,1,0.0,1.0,-1,6,30,1,1,1,10:59,4,2,9
2023351283604,2023,351283604,1,2,2,2,19,4,3,0,0,-1,0,0,9,10,E01018237,3,1,0.0,1.0,-1,6,60,1,6,2,19:24,7,1,9
2023501332525,2023,501332525,1,1,2,1,30,6,2,0,0,1,0,0,9,4,E01015265,5,1,1.0,0.0,-1,3,70,2,1,2,18:24,7,1,9
2023451291816,2023,451291816,1,1,1,1,26,6,3,0,0,0,0,0,1,10,E01030617,3,1,0.0,1.0,-1,6,30,2,1,2,19:00,3,2,1
2023010472895,2023,010472895,1,1,3,1,32,6,3,9,5,0,0,0,0,9,E01003874,-1,0,0.0,1.0,-1,6,20,1,1,1,13:00,5,1,19
2023010445652,2023,010445652,2,2,1,-1,-1,-1,3,0,0,0,0,0,1,-1,-1,-1,0,0.0,1.0,-1,2,40,1,4,1,12:15,7,2,1
2023010465216,2023,010465216,2,1,1,1,27,6,1,0,0,0,0,0,1,9,W01001903,-1,0,0.0,0.0,-1,6,20,1,1,1,19:35,1,3,1
2023461366740,2023,461366740,2,1,1,1,68,10,3,0,0,0,0,0,2,7,E01024554,3,1,0.0,1.0,-1,6,30,1,1,1,17:15,6,2,2
2023010462993,2023,010462993,1,1,1,1,40,7,3,0,0,0,0,0,3,8,E01000784,-1,0,0.0,1.0,-1,9,20,9,1,9,09:10,1,2,3
2023371264388,2023,371264388,1,1,1,1,26,6,2,0,0,0,0,0,3,3,E01029888,7,1,1.0,0.0,-1,6,60,1,1,4,10:42,3,1,3
2023061271059,2023,061271059,2,1,1,2,33,6,3,0,0,0,0,0,9,6,E01019763,3,1,0.0,1.0,-1,6,30,2,1,2,13:14,2,2,9
2023061328434,2023,061328434,2,2,2,2,22,5,3,0,0,1,0,0,9,5,E01005248,3,1,0.0,1.0,-1,3,30,1,1,1,17:15,4,2,9
2023131347506,2023,131347506,1,1,1,1,20,4,3,0,0,0,0,0,9,7,E01010999,3,1,0.0,1.0,-1,6,40,8,1,2,07:55,6,1,9
2023201413525,2023,201413525,2,2,1,1,33,6,3,0,0,0,0,0,9,2,E01010106,3,1,0.0,1.0,-1,3,30,1,1,1,16:55,4,2,9
2023320096146,2023,320096146,2,2,1,2,62,9,3,0,0,0,0,0,9,10,E01018554,-1,0,0.03699,0.96301,-1,6,30,1,1,1,13:45,3,2,9
2023522301215,2023,522301215,2,1,1,1,96,11,3,0,0,0,0,0,22,9,E01014725,-1,0,0.16458,0.83542,-1,6,20,1,1,2,10:45,6,2,22
2023010432325,2023,010432325,1,1,3,2,23,5,2,1,1,0,0,0,0,3,E01001972,-1,0,1.0,0.0,-1,6,20,1,1,1,12:41,4,1,19
2023061341313,2023,061341313,2,2,2,2,27,6,2,0,0,1,0,0,9,2,E01006218,7,1,1.0,0.0,-1,6,30,2,1,2,13:00,1,2,9
2023401301661,2023,401301661,2,1,1,1,18,4,3,0,0,0,0,0,9,9,E01017558,3,1,0.0,1.0,-1,6,50,1,6,1,21:05,7,3,9
2023631333160,2023,631333160,1,2,2,2,21,5,3,0,0,1,0,0,9,5,E01032404,3,1,0.0,1.0,-1,6,60,1,1,2,18:15,7,1,9
2023421340411,2023,421340411,1,1,1,1,57,9,3,0,0,0,0,0,19,9,E01015999,3,1,0.0,1.0,-1,3,40,1,1,1,09:34,3,1,19
2023371324713,2023,371324713,1,1,1,1,62,9,2,0,0,0,0,0,21,10,E01030045,5,1,1.0,0.0,-1,6,60,1,1,1,15:30,6,1,21
2023501328189,2023,501328189,1,1,1,1,49,8,3,0,0,0,0,0,21,7,E01032892,3,1,0.0,1.0,-1,3,70,1,6,1,00:27,6,2,21
2023010462541,2023,010462541,2,1,1,1,22,5,3,0,0,0,0,0,3,4,E01001376,-1,0,0.0,1.0,-1,6,20,2,1,2,15:18,7,2,3
2023010466416,2023,010466416,1,3,2,2,5,1,3,0,0,2,0,0,9,9,E01003868,-1,0,0.0,1.0,-1,6,20,1,1,1,14:00,7,2,9
2023041287564,2023,041287564,5,4,2,1,9,2,3,0,0,2,0,0,9,-1,-1,3,1,0.0,1.0,-1,6,50,2,1,2,15:00,4,5,9
2023061336752,2023,061336752,1,1,1,1,50,8,3,0,0,0,0,0,9,4,E01004943,3,1,0.0,1.0,-1,3,30,2,4,-1,00:03,1,2,9
2023302301374,2023,302301374,1,1,1,2,79,11,3,0,0,0,0,0,9,10,E01013465,-1,0,0.11592,0.88408,-1,6,30,1,1,1,15:10,3,2,9
2023540118023,2023,540118023,1,1,1,1,84,11,3,0,0,0,0,0,9,3,E01031854,-1,0,0.05811,0.94189,-1,6,30,1,4,2,17:35,4,2,9
2023010420739,2023,010420739,2,1,2,2,56,9,2,0,0,0,3,0,11,2,E01003943,-1,0,1.0,0.0,-1,3,20,1,1,1,08:30,4,2,11
2023522300850,2023,522300850,1,1,1,1,-1,-1,3,0,0,0,0,0,21,-1,-1,-1,0,0.02815,0.97185,-1,6,60,1,7,1,03:49,3,2,21
2023061363515,2023,061363515,1,1,3,2,30,6,2,6,9,0,0,0,0,-1,-1,6,1,1.0,0.0,-1,6,30,1,5,1,13:12,2,1,11
2023311357459,2023,311357459,1,1,3,1,46,8,2,5,9,0,0,0,0,-1,-1,7,1,1.0,0.0,-1,6,20,2,4,2,00:20,6,1,9
2023010458381,2023,010458381,1,1,1,1,27,6,3,0,0,0,0,0,1,2,E01003089,-1,0,0.0,1.0,-1,6,30,1,1,1,12:05,3,2,1
2023461301222,2023,461301222,2,1,1,1,57,9,2,0,0,0,0,0,1,4,E01024493,7,1,1.0,0.0,-1,1,30,1,1,1,15:00,5,2,1
2023052301622,2023,052301622,2,1,1,1,44,7,3,0,0,0,0,0,9,7,E01006539,-1,0,0.00857,0.99143,-1,3,30,1,1,1,19:30,5,2,9
2023161279425,2023,161279425,1,1,1,2,46,8,3,0,0,0,0,0,9,7,E01033106,3,1,0.0,1.0,-1,6,60,1,6,1,17:15,3,2,9
2023201277472,2023,201277472,1,1,1,1,66,10,3,0,0,0,0,0,9,2,E01009090,3,1,0.0,1.0,-1,3,30,1,4,1,18:20,6,2,9
2023461269526,2023,461269526,1,2,2,2,8,2,3,0,0,2,0,0,9,6,E01024512,3,1,0.0,1.0,-1,6,60,8,6,4,16:59,6,1,9
2023520300565,2023,520300565,2,2,1,2,52,8,2,0,0,0,0,0,9,10,E01029168,-1,0,1.0,0.0,-1,6,60,1,6,1,19:54,1,2,9
2023430254725,2023,430254725,1,1,1,2,49,8,3,0,0,0,0,0,9,10,E01016621,-1,0,0.04808,0.95192,-1,1,30,1,1,1,08:50,7,1,9
2023061319985,2023,061319985,1,1,1,1,35,6,3,0,0,0,0,0,3,-1,-1,3,1,0.0,1.0,-1,6,20,1,1,1,14:16,1,3,3
2023010423746,2023,010423746,1,1,1,1,20,4,3,0,0,0,0,0,9,9,E01002518,-1,0,0.0,1.0,-1,6,30,1,4,2,01:04,6,2,9
2023631334450,2023,631334450,4,6,1,1,39,7,3,0,0,0,0,0,9,6,W01000645,3,1,0.0,1.0,-1,6,40,2,1,2,09:38,6,4,9
2023010481758,2023,010481758,1,1,3,1,56,9,3,8,1,0,0,0,0,7,E01032577,-1,0,0.0,1.0,-1,6,30,2,4,2,17:25,1,1,9
2023010458856,2023,010458856,2,1,1,1,37,7,3,0,0,0,0,0,3,2,E01003553,-1,0,0.0,1.0,-1,6,30,1,4,1,23:30,3,2,3
2023440422502,2023,440422502,1,1,2,1,82,11,3,0,0,2,0,0,9,10,W01000525,-1,0,0.15263,0.84737,-1,6,30,1,1,1,15:15,1,1,9
2023991290248,2023,991290248,6,5,2,1,40,7,3,0,0,0,0,0,19,5,-1,3,1,0.0,1.0,-1,3,70,2,1,2,12:41,6,17,19
2023170M10943,2023,170M10943,1,1,3,1,2,1,2,5,1,0,0,0,0,4,E01012240,-1,0,1.0,0.0,-1,6,30,1,1,1,13:42,6,1,21
2023201461576,2023,201461576,1,1,3,2,42,7,2,6,9,0,0,2,0,1,E01033633,7,1,1.0,0.0,-1,6,30,1,7,1,16:38,3,1,19
2023131356225,2023,131356225,1,1,2,1,22,5,3,0,0,1,0,0,9,2,E01010781,3,1,0.0,1.0,-1,6,30,1,4,2,05:32,2,1,9
2023552400158,2023,552400158,1,1,3,2,12,3,2,5,1,0,0,0,0,8,E01020475,-1,0,1.0,0.0,-1,6,30,1,1,1,15:54,3,1,9
2023041310021,2023,041310021,2,1,1,1,47,8,3,0,0,0,0,0,9,4,E01025276,3,1,0.0,1.0,-1,6,30,1,1,1,08:15,2,2,9
2023461299637,2023,461299637,2,1,1,2,-1,-1,3,0,0,0,0,0,9,5,E01024281,3,1,0.0,1.0,-1,3,60,1,1,1,14:26,7,2,9
2023041367453,2023,041367453,2,1,1,2,45,7,3,0,0,0,0,0,9,10,E01025475,3,1,0.0,1.0,-1,6,20,1,4,2,17:55,4,2,9
2023131292239,2023,131292239,1,3,2,1,13,3,3,0,0,2,0,0,9,5,E01011801,3,1,0.0,1.0,-1,6,30,1,1,1,16:50,5,2,9
2023991302599,2023,991302599,2,3,2,1,16,4,3,0,0,0,4,0,11,5,-1,3,1,0.0,1.0,-1,6,30,1,1,2,19:40,1,2,11
2023010480919,2023,010480919,2,2,1,1,30,6,3,0,0,0,0,0,19,-1,-1,-1,0,0.0,1.0,-1,3,40,1,1,1,10:32,4,3,19
2023451300629,2023,451300629,2,1,2,2,39,7,2,0,0,2,0,0,9,-1,-1,7,1,1.0,0.0,-1,6,40,1,1,2,08:00,3,4,9
2023631320690,2023,631320690,1,1,1,1,19,4,3,0,0,0,0,0,9,1,W01000606,3,1,0.0,1.0,-1,6,30,1,1,1,07:45,3,3,9
2023041359965,2023,041359965,2,1,1,1,34,6,2,0,0,0,0,0,1,1,E01025286,5,1,1.0,0.0,-1,1,30,2,4,2,20:35,5,2,1
2023201411316,2023,201411316,2,1,1,1,-1,-1,3,0,0,0,0,0,1,-1,-1,3,1,0.0,1.0,-1,6,30,1,1,1,13:25,6,2,1
2023131327480,2023,131327480,1,1,2,2,10,2,3,0,0,2,0,0,9,1,E01011625,3,1,0.0,1.0,-1,3,30,2,1,2,13:25,7,2,9
2023141304074,2023,141304074,3,2,1,1,48,8,3,0,0,0,0,0,9,2,E01007784,3,1,0.0,1.0,-1,6,40,1,1,1,14:20,5,3,9
2023430011858,2023,430011858,1,1,1,2,39,7,3,0,0,0,0,0,9,4,E01016481,-1,0,0.00825,0.99175,-1,3,30,1,1,1,07:53,2,2,9
2023141356982,2023,141356982,1,1,3,1,19,4,2,1,1,0,0,0,0,-1,-1,7,1,1.0,0.0,-1,6,30,1,1,1,12:54,4,1,11
2023991378659,2023,991378659,2,1,1,1,55,8,2,0,0,0,0,0,1,4,-1,7,1,1.0,0.0,-1,3,30,1,4,2,17:10,6,2,1
2023010474719,2023,010474719,1,3,2,1,22,5,2,0,0,2,0,0,9,-1,-1,-1,0,1.0,0.0,-1,3,70,2,1,2,11:35,1,1,9
2023320685272,2023,320685272,1,1,1,2,34,6,3,0,0,0,0,0,9,6,E01026380,-1,0,0.15243,0.84757,-1,6,60,2,6,2,21:20,7,1,9
2023411340578,2023,411340578,2,1,1,1,34,6,3,0,0,0,0,0,9,2,E01015791,3,1,0.0,1.0,-1,6,20,1,1,-1,12:10,3,2,9
2023461391368,2023,461391368,1,3,2,2,38,7,3,0,0,-1,0,0,9,4,E01024296,3,1,0.0,1.0,-1,3,70,2,1,2,08:45,4,2,9
2023520400432,2023,520400432,1,1,1,1,30,6,3,0,0,0,0,0,19,1,E01029046,-1,0,0.0497,0.9503,-1,6,30,1,1,2,09:00,6,1,19
2023522300558,2023,522300558,1,1,1,1,57,9,3,0,0,0,0,0,19,5,W01001187,-1,0,0.0061,0.9939,-1,2,20,8,1,-1,09:10,6,2,19
2023991370403,2023,991370403,1,1,3,2,85,11,2,8,1,0,0,2,0,7,-1,7,1,1.0,0.0,-1,6,30,1,4,1,18:00,5,1,9
2023010436907,2023,010436907,1,1,1,1,33,6,3,0,0,0,0,0,3,5,E01004086,-1,0,0.0,1.0,-1,6,30,1,4,1,21:00,7,2,3
2023440196595,2023,440196595,2,1,1,1,50,8,2,0,0,0,0,0,5,4,E01017085,-1,0,1.0,0.0,-1,6,30,1,1,1,20:22,5,2,5
2023201301184,2023,201301184,1,2,2,1,-1,-1,3,0,0,1,0,0,9,-1,-1,3,1,0.0,1.0,-1,6,30,1,1,1,15:15,2,2,9
2023201377753,2023,201377753,2,1,1,2,20,4,3,0,0,0,0,0,9,2,E01009395,3,1,0.0,1.0,-1,6,30,1,4,1,17:51,4,3,9
2023351381283,2023,351381283,1,1,1,1,21,5,3,0,0,0,0,0,9,3,E01017977,3,1,0.0,1.0,-1,3,40,1,1,1,19:14,6,2,9
2023501330468,2023,501330468,2,1,1,1,37,7,3,0,0,0,0,0,9,3,E01019053,3,1,0.0,1.0,-1,6,30,1,1,1,13:15,2,2,9
2023631367976,2023,631367976,1,2,2,2,18,4,3,0,0,1,0,0,9,4,E01007001,3,1,0.0,1.0,-1,6,60,1,6,1,14:00,7,1,9
2023010420770,2023,010420770,1,1,1,1,35,6,3,0,0,0,0,0,3,4,E01001247,-1,0,0.0,1.0,-1,6,20,1,1,2,15:40,3,2,3
2023010475660,2023,010475660,1,1,1,1,24,5,3,0,0,0,0,0,3,4,E01023204,-1,0,0.0,1.0,-1,9,20,9,4,9,21:53,3,2,3
2023430307361,2023,430307361,2,1,1,1,36,7,3,0,0,0,0,0,3,9,E01016424,-1,0,0.16599,0.83401,-1,6,30,1,1,1,19:58,3,2,3
2023501362648,2023,501362648,1,1,1,1,40,7,3,0,0,0,0,0,5,5,E01018791,3,1,0.0,1.0,-1,6,50,2,1,2,15:30,6,3,5
2023401287892,2023,401287892,2,1,1,1,23,5,3,0,0,0,0,0,9,10,E01017572,3,1,0.0,1.0,-1,3,60,1,1,2,11:20,3,2,9
2023522400343,2023,522400343,2,1,1,1,58,9,3,0,0,0,0,0,9,3,E01014493,-1,0,0.02739,0.97261,-1,6,30,1,4,2,16:50,6,2,9
2023440045232,2023,440045232,2,1,1,1,18,4,3,0,0,0,0,0,3,8,E01023197,-1,0,0.16272,0.83728,-1,6,40,1,6,2,17:53,5,2,3
2023471272189,2023,471272189,1,1,2,1,18,4,3,0,0,0,0,0,5,8,E01031642,3,1,0.0,1.0,-1,6,60,1,6,1,22:50,6,1,5
2023010434626,2023,010434626,1,1,2,1,20,4,3,0,0,2,0,0,9,3,E01003182,-1,0,0.0,1.0,-1,6,20,2,1,2,11:30,3,2,9
2023101271711,2023,101271711,1,1,1,1,68,10,3,0,0,0,0,0,9,9,E01027399,3,1,0.0,1.0,-1,6,30,1,1,1,15:32,5,3,9
2023461356347,2023,461356347,2,3,2,1,14,3,2,0,0,1,0,0,9,3,E01024696,7,1,1.0,0.0,-1,6,60,1,1,1,13:07,1,2,9
2023010453217,2023,010453217,2,1,1,1,16,4,2,0,0,0,0,0,1,10,E01032623,-1,0,1.0,0.0,-1,6,40,1,1,1,16:25,3,2,1
2023371292471,2023,371292471,1,1,1,1,17,4,3,0,0,0,0,0,3,3,E01030253,3,1,0.0,1.0,-1,6,30,2,1,2,11:50,6,2,3
2023010476293,2023,010476293,1,1,1,1,53,8,3,0,0,0,0,0,9,3,E01003727,-1,0,0.0,1.0,-1,6,30,1,1,1,14:35,2,2,9
2023471326086,2023,471326086,1,1,1,1,25,5,3,0,0,0,0,0,9,3,E01031400,3,1,0.0,1.0,-1,6,30,1,1,1,11:02,3,3,9
2023010444932,2023,010444932,2,1,1,1,43,7,3,0,0,0,0,0,90,8,E01003777,-1,0,0.0,1.0,-1,6,30,1,1,1,13:30,5,2,90
2023061329588,2023,061329588,1,1,1,1,32,6,2,0,0,0,0,0,9,-1,-1,7,1,1.0,0.0,-1,6,50,1,1,1,21:20,6,1,9
2023131392375,2023,131392375,1,1,1,1,53,8,3,0,0,0,0,0,9,8,E01007527,3,1,0.0,1.0,-1,3,70,2,1,2,09:10,4,1,9
2023010459410,2023,010459410,1,1,3,1,5,1,2,1,3,0,0,0,0,-1,-1,-1,0,1.0,0.0,-1,6,30,1,1,1,16:22,2,1,1
2023552300433,2023,552300433,1,1,1,1,50,8,3,0,0,0,0,0,1,6,E01015336,-1,0,0.15754,0.84246,-1,6,30,1,1,1,18:16,5,1,1
2023311286781,2023,311286781,1,1,1,1,38,7,3,0,0,0,0,0,9,4,E01002624,3,1,0.0,1.0,-1,3,70,1,1,2,17:00,3,1,9
2023340NN1842,2023,340NN1842,1,1,1,2,22,5,3,0,0,0,0,0,9,8,E01025786,-1,0,0.07992,0.92008,-1,6,30,1,1,1,08:45,4,3,9
2023411356524,2023,411356524,3,1,1,2,31,6,3,0,0,0,0,0,9,9,E01023580,3,1,0.0,1.0,-1,3,70,1,1,-1,19:10,1,3,9
2023131277971,2023,131277971,1,1,1,2,27,6,3,0,0,0,0,0,9,1,E01011667,3,1,0.0,1.0,-1,3,70,2,4,2,23:23,7,1,9
2023141337990,2023,141337990,1,1,1,2,51,8,3,0,0,0,0,0,9,5,E01007361,3,1,0.0,1.0,-1,6,30,1,1,1,19:27,5,2,9
2023461281032,2023,461281032,1,1,1,2,28,6,3,0,0,0,0,0,9,2,E01024108,3,1,0.0,1.0,-1,3,70,1,1,1,10:08,2,1,9
2023991319787,2023,991319787,2,6,2,2,4,1,2,0,0,2,0,0,9,2,-1,5,1,1.0,0.0,-1,3,70,1,1,1,13:23,7,3,9
2023111314863,2023,111314863,2,1,1,1,31,6,2,0,0,0,0,0,9,3,E01020649,7,1,1.0,0.0,-1,6,30,1,1,1,18:05,3,2,9
2023131358928,2023,131358928,3,1,1,2,33,6,2,0,0,0,0,0,9,8,E01011055,6,1,1.0,0.0,-1,6,30,1,1,1,15:22,2,3,9
2023141349219,2023,141349219,1,1,2,1,16,4,3,0,0,2,0,0,9,1,E01007372,3,1,0.0,1.0,-1,6,60,1,6,1,23:40,2,1,9
2023340NN1472,2023,340NN1472,1,3,2,2,3,1,3,0,0,2,0,0,9,-1,-1,-1,0,0.04729,0.95271,-1,6,30,1,1,1,16:45,6,2,9
2023471292733,2023,471292733,1,1,1,1,87,11,2,0,0,0,0,0,9,3,E01016907,5,1,1.0,0.0,-1,6,20,2,1,2,09:00,7,3,9
2023471327332,2023,471327332,1,1,1,1,18,4,3,0,0,0,0,0,9,7,E01021080,3,1,0.0,1.0,-1,6,60,1,1,1,19:45,5,1,9
2023991314841,2023,991314841,1,2,2,2,44,7,2,0,0,1,0,0,9,-1,-1,7,1,1.0,0.0,-1,6,60,1,1,1,12:30,1,1,9
2023991340376,2023,991340376,2,1,2,1,22,5,2,0,0,1,0,0,9,-1,-1,7,1,1.0,0.0,-1,6,60,1,1,1,12:00,5,2,9
2023010445330,2023,010445330,2,1,2,1,24,5,3,0,0,2,0,0,9,7,E01002115,-1,0,0.0,1.0,-1,6,30,1,1,1,17:00,6,2,9
2023101423251,2023,101423251,2,2,1,2,42,7,3,0,0,0,0,0,9,8,E01020595,3,1,0.0,1.0,-1,6,60,2,4,5,18:45,5,2,9
2023471361361,2023,471361361,2,1,1,2,72,10,3,0,0,0,0,0,9,7,E01031525,3,1,0.0,1.0,-1,6,30,1,1,1,16:30,4,2,9
2023010439858,2023,010439858,1,1,1,1,23,5,3,0,0,0,0,0,3,6,E01001393,-1,0,0.0,1.0,-1,2,20,1,1,1,15:30,5,2,3
2023320538224,2023,320538224,2,1,1,1,36,7,3,0,0,0,0,0,9,9,E01026274,-1,0,0.00742,0.99258,-1,6,30,1,1,1,12:00,2,2,9
2023991264163,2023,991264163,2,1,3,1,33,6,3,1,9,0,0,0,0,2,-1,3,1,0.0,1.0,-1,6,30,1,1,1,14:59,6,3,9
2023061325212,2023,061325212,2,2,2,1,71,10,3,0,0,1,0,0,9,-1,-1,3,1,0.0,1.0,-1,6,30,1,1,1,13:20,3,2,9
2023461361977,2023,461361977,1,1,1,1,46,8,3,0,0,0,0,0,9,5,E01024014,3,1,0.0,1.0,-1,6,60,1,6,1,21:00,3,1,9
2023991323372,2023,991323372,1,1,1,2,50,8,3,0,0,0,0,0,1,8,-1,3,1,0.0,1.0,-1,6,20,1,1,1,08:55,4,2,1
2023041379928,2023,041379928,1,1,1,1,36,7,2,0,0,0,0,0,3,3,E01025069,5,1,1.0,0.0,-1,6,50,1,1,1,08:44,3,2,3
2023451306818,2023,451306818,2,1,1,1,19,4,3,0,0,0,0,0,9,3,E01016922,3,1,0.0,1.0,-1,3,60,1,1,2,17:10,6,3,9
2023531294543,2023,531294543,2,3,2,2,55,8,3,0,0,2,0,0,9,9,E01022139,3,1,0.0,1.0,-1,6,50,1,6,1,20:50,5,2,9