collision_index,collision_year,collision_ref_no,vehicle_reference,casualty_reference,casualty_class,sex_of_casualty,age_of_casualty,age_band_of_casualty,casualty_severity,pedestrian_location,pedestrian_movement,car_passenger,bus_or_coach_passenger,pedestrian_road_maintenance_worker,casualty_type,casualty_imd_decile,lsoa_of_casualty,enhanced_casualty_severity,casualty_injury_based,casualty_adjusted_severity_serious,casualty_adjusted_severity_slight,casualty_distance_banding,road_type,speed_limit,weather_conditions,light_conditions,road_surface_conditions,time,day_of_week,number_of_vehicles,vehicle_type
2023991284568,2023,991284568,2,3,1,2,70,10,2,0,0,0,0,0,9,10,-1,6,1,1.0,0.0,-1,6,30,1,1,1,12:20,4,2,9
2023991376758,2023,991376758,2,2,2,2,46,8,3,0,0,1,0,0,9,8,-1,3,1,0.0,1.0,-1,6,60,2,1,2,09:55,7,2,9
2023010462631,2023,010462631,1,1,1,1,29,6,3,0,0,0,0,0,1,5,E01000142,-1,0,0.0,1.0,-1,1,20,9,1,1,15:31,6,2,1
2023010455517,2023,010455517,1,1,1,1,29,6,3,0,0,0,0,0,3,6,E01002984,-1,0,0.0,1.0,-1,6,20,1,1,1,17:45,1,2,3
2023440210832,2023,440210832,1,1,1,1,19,4,2,0,0,0,0,0,3,5,E01017282,-1,0,1.0,0.0,-1,6,30,1,6,1,23:30,7,1,3
2023221353666,2023,221353666,2,2,3,1,11,3,3,5,2,0,0,0,0,6,E01014146,3,1,0.0,1.0,-1,6,30,1,1,1,15:50,3,2,9
2023041338327,2023,041338327,2,3,2,1,9,2,3,0,0,2,0,0,9,-1,-1,3,1,0.0,1.0,-1,3,30,2,1,2,13:45,7,2,9
2023101348706,2023,101348706,1,2,2,2,8,2,3,0,0,1,0,0,9,4,E01008732,3,1,0.0,1.0,-1,6,30,1,1,1,17:15,7,1,9
2023471282455,2023,471282455,1,1,1,2,44,7,3,0,0,0,0,0,9,1,E01020993,3,1,0.0,1.0,-1,6,30,1,1,1,16:02,5,2,9
2023010449343,2023,010449343,1,2,2,1,36,7,3,0,0,1,0,0,9,3,E01002808,-1,0,0.0,1.0,-1,3,40,1,4,1,00:18,6,2,9
2023361343673,2023,361343673,2,1,1,1,19,4,3,0,0,0,0,0,9,3,E01026747,3,1,0.0,1.0,-1,6,30,1,1,1,17:40,1,2,9
2023440383192,2023,440383192,1,1,1,2,18,4,3,0,0,0,0,0,9,9,E01022618,-1,0,0.07822,0.92178,-1,6,60,2,1,2,16:59,3,2,9
2023471320241,2023,471320241,1,1,2,2,81,11,3,0,0,1,0,0,9,8,E01031778,3,1,0.0,1.0,-1,3,50,1,1,1,09:55,2,2,9
2023170S12383,2023,170S12383,1,2,2,2,68,10,3,0,0,1,0,0,9,6,E01012279,-1,0,0.02933,0.97067,-1,3,40,1,1,1,17:05,2,2,9
2023552300881,2023,552300881,1,1,2,2,34,6,2,0,0,0,3,0,11,5,E01015423,-1,0,1.0,0.0,-1,6,30,1,1,1,17:04,5,1,11
2023201375233,2023,201375233,1,1,3,1,17,4,3,1,1,0,0,2,0,5,E01008888,3,1,0.0,1.0,-1,6,40,1,4,2,22:04,4,1,9
2023111392205,2023,111392205,2,2,1,1,35,6,1,0,0,0,0,0,4,4,E01020818,1,1,0.0,0.0,-1,6,30,1,1,2,15:28,2,2,4
2023421342628,2023,421342628,1,1,1,1,27,6,2,0,0,0,0,0,3,-1,-1,7,1,1.0,0.0,-1,6,30,1,1,1,07:40,5,2,3
202360A117176,2023,60A117176,1,2,2,1,22,5,2,0,0,2,0,0,5,-1,-1,-1,0,1.0,0.0,-1,6,30,1,1,1,12:58,3,2,5
2023010427068,2023,010427068,1,1,1,1,47,8,3,0,0,0,0,0,9,2,E01003046,-1,0,0.0,1.0,-1,6,20,1,4,1,00:25,3,2,9
2023061323052,2023,061323052,2,1,1,1,21,5,3,0,0,0,0,0,9,10,W01000180,3,1,0.0,1.0,-1,6,20,1,1,1,14:20,7,2,9
2023141342388,2023,141342388,3,1,2,2,24,5,2,0,0,1,0,0,9,2,E01007694,7,1,1.0,0.0,-1,6,30,1,1,1,14:55,4,3,9
2023631319798,2023,631319798,1,4,2,2,28,6,3,0,0,2,0,0,9,9,W01000861,3,1,0.0,1.0,-1,3,50,1,1,1,15:15,7,2,9
2023332300889,2023,332300889,2,1,1,1,48,8,3,0,0,0,0,0,1,8,E01025990,-1,0,0.10493,0.89507,-1,6,40,8,4,2,05:15,2,2,1
2023991375521,2023,991375521,1,1,3,1,33,6,2,9,7,0,0,2,0,7,-1,6,1,1.0,0.0,-1,6,30,1,4,1,00:44,1,1,9
2023010466306,2023,010466306,2,1,1,1,25,5,3,0,0,0,0,0,3,1,E01001558,-1,0,0.0,1.0,-1,6,30,3,4,1,20:25,6,2,3
2023451353137,2023,451353137,1,1,1,2,26,6,3,0,0,0,0,0,3,10,E01030917,3,1,0.0,1.0,-1,6,30,1,1,1,19:25,3,2,3
2023131273650,2023,131273650,2,1,1,1,49,8,3,0,0,0,0,0,5,6,E01013072,3,1,0.0,1.0,-1,6,30,1,1,1,13:15,3,2,5
2023041363164,2023,041363164,2,4,2,1,14,3,3,0,0,0,0,0,19,9,E01025553,3,1,0.0,1.0,-1,6,60,1,6,2,19:07,1,4,19
2023631317210,2023,631317210,3,2,1,2,15,3,3,0,0,0,0,0,1,8,W01000547,3,1,0.0,1.0,-1,6,60,1,1,1,17:55,7,3,1
2023010433330,2023,010433330,1,1,1,1,21,5,3,0,0,0,0,0,3,3,E01001117,-1,0,0.0,1.0,-1,6,20,2,4,2,18:10,2,2,3
2023010475291,2023,010475291,1,1,1,2,28,6,3,0,0,0,0,0,3,7,E01030410,-1,0,0.0,1.0,-1,6,30,1,1,2,12:10,3,2,3
2023371277237,2023,371277237,2,2,2,2,4,1,3,0,0,2,0,0,9,2,E01029987,3,1,0.0,1.0,-1,1,40,1,4,4,18:00,7,2,9
2023041289241,2023,041289241,2,1,1,1,33,6,2,0,0,0,0,0,1,1,E01024987,5,1,1.0,0.0,-1,6,40,8,4,2,04:06,4,2,1
2023131261929,2023,131261929,2,1,1,1,24,5,3,0,0,0,0,0,3,1,E01010874,3,1,0.0,1.0,-1,6,30,5,4,2,07:15,4,2,3
2023430265135,2023,430265135,1,1,1,1,22,5,2,0,0,0,0,0,4,3,E01006784,-1,0,1.0,0.0,-1,6,30,1,1,1,15:25,6,2,4
2023061339129,2023,061339129,1,1,3,1,10,2,3,5,1,0,0,0,0,-1,-1,3,1,0.0,1.0,-1,6,30,1,1,1,15:00,2,1,9
2023991388345,2023,991388345,1,1,3,1,13,3,3,5,2,0,0,0,0,-1,-1,3,1,0.0,1.0,-1,6,30,1,4,1,16:50,4,1,9
2023061314528,2023,061314528,1,1,3,1,28,6,3,5,4,0,0,0,0,10,E01018589,3,1,0.0,1.0,-1,6,30,1,4,1,03:20,1,1,9
2023201339758,2023,201339758,2,1,1,1,20,4,3,0,0,0,0,0,3,6,E01010133,3,1,0.0,1.0,-1,6,30,1,1,1,13:00,1,2,3
2023311304618,2023,311304618,1,1,1,1,23,5,3,0,0,0,0,0,3,3,E01019692,3,1,0.0,1.0,-1,1,30,1,1,1,15:05,5,2,3
2023991325963,2023,991325963,1,1,1,1,22,5,3,0,0,0,0,0,21,1,E01019231,3,1,0.0,1.0,-1,6,60,2,1,2,12:25,6,1,21
2023471367743,2023,471367743,2,1,1,2,70,10,3,0,0,0,0,0,16,10,E01031531,3,1,0.0,1.0,-1,6,40,1,1,2,08:45,5,2,16
2023131399746,2023,131399746,1,1,3,2,46,8,3,10,3,0,0,1,0,3,E01010983,3,1,0.0,1.0,-1,6,20,2,4,2,16:00,6,1,9
2023131365270,2023,131365270,2,1,2,2,9,2,2,0,0,2,0,0,9,6,E01011728,7,1,1.0,0.0,-1,6,50,2,1,2,16:55,6,2,9
2023421347442,2023,421347442,3,1,1,2,25,5,3,0,0,0,0,0,9,10,E01023020,3,1,0.0,1.0,-1,3,70,2,1,2,06:02,6,2,9
2023332300489,2023,332300489,1,1,3,1,2,1,3,5,1,0,0,0,0,8,E01025612,-1,0,0.06261,0.93739,-1,6,30,1,1,2,10:57,3,1,9
2023010456839,2023,010456839,1,1,1,1,41,7,3,0,0,0,0,0,9,4,E01001704,-1,0,0.0,1.0,-1,6,30,2,4,2,21:20,7,2,9
2023461351098,2023,461351098,1,1,1,2,28,6,3,0,0,0,0,0,9,5,E01024503,3,1,0.0,1.0,-1,6,30,1,1,1,18:38,2,2,9
2023211347858,2023,211347858,2,1,1,1,66,10,2,0,0,0,0,0,1,7,E01029491,7,1,1.0,0.0,-1,3,60,1,1,1,08:00,5,2,1
2023041349955,2023,041349955,2,2,1,2,43,7,3,0,0,0,0,0,9,10,E01025278,3,1,0.0,1.0,-1,6,60,1,1,1,09:20,5,2,9
2023401327822,2023,401327822,2,1,1,2,32,6,3,0,0,0,0,0,9,7,E01017548,3,1,0.0,1.0,-1,6,20,1,1,-1,13:15,2,2,9
2023010422993,2023,010422993,1,1,1,1,36,7,3,0,0,0,0,0,3,3,E01000510,-1,0,0.0,1.0,-1,9,20,1,1,1,15:40,6,2,3
2023041373768,2023,041373768,1,1,3,1,14,3,3,10,9,0,0,0,0,4,E01025187,3,1,0.0,1.0,-1,6,30,1,4,1,19:30,1,1,9
2023010422116,2023,010422116,1,1,1,2,59,9,3,0,0,0,0,0,1,7,E01003371,-1,0,0.0,1.0,-1,1,20,1,1,1,07:30,6,2,1
2023361371287,2023,361371287,2,1,1,1,41,7,3,0,0,0,0,0,1,9,E01026519,3,1,0.0,1.0,-1,6,50,1,1,1,08:10,2,2,1
2023201283745,2023,201283745,2,1,1,2,74,10,2,0,0,0,0,0,1,9,E01010208,7,1,1.0,0.0,-1,6,30,1,1,1,14:55,3,2,1
2023010451385,2023,010451385,1,1,1,1,31,6,2,0,0,0,0,0,5,2,E01001130,-1,0,1.0,0.0,-1,1,30,1,1,1,16:15,1,2,5
2023010443261,2023,010443261,2,1,1,1,40,7,3,0,0,0,0,0,1,2,E01003300,-1,0,0.0,1.0,-1,2,20,1,1,1,11:25,3,2,1
2023010482441,2023,010482441,1,1,1,1,29,6,3,0,0,0,0,0,3,8,E01001044,-1,0,0.0,1.0,-1,6,30,1,4,1,16:06,4,2,3
2023010433511,2023,010433511,1,2,2,2,18,4,3,0,0,1,0,0,9,10,E01000448,-1,0,0.0,1.0,-1,6,30,1,4,1,01:19,4,1,9
2023041391625,2023,041391625,1,2,2,1,23,5,2,0,0,1,0,0,9,10,E01025022,7,1,1.0,0.0,-1,6,30,4,4,1,02:30,7,1,9
2023201281872,2023,201281872,1,1,1,2,32,6,3,0,0,0,0,0,9,2,E01010074,3,1,0.0,1.0,-1,6,30,1,1,1,14:26,6,2,9
2023520300963,2023,520300963,1,1,1,2,78,11,3,0,0,0,0,0,9,9,E01029210,-1,0,0.10279,0.89721,-1,6,60,1,1,1,11:15,3,1,9
2023991335837,2023,991335837,2,2,2,1,36,7,3,0,0,1,0,0,9,4,-1,3,1,0.0,1.0,-1,3,60,2,1,2,10:05,2,2,9
2023010451178,2023,010451178,1,1,1,1,21,5,3,0,0,0,0,0,3,3,E01016016,-1,0,0.0,1.0,-1,6,20,1,1,1,15:28,7,2,3
2023010472730,2023,010472730,1,1,1,1,38,7,3,0,0,0,0,0,4,2,E01001447,-1,0,0.0,1.0,-1,9,20,9,1,9,17:00,3,2,4
202360A108235,2023,60A108235,2,1,1,1,18,4,3,0,0,0,0,0,1,-1,-1,-1,0,0.07473,0.92527,-1,6,30,2,1,2,09:00,2,2,1
2023411382316,2023,411382316,2,1,1,1,71,10,3,0,0,0,0,0,1,7,E01023589,3,1,0.0,1.0,-1,6,20,1,1,1,15:25,6,2,1
2023201311719,2023,201311719,2,2,1,1,44,7,3,0,0,0,0,0,9,9,E01033433,3,1,0.0,1.0,-1,3,30,1,4,2,17:55,6,2,9
2023421366323,2023,421366323,2,2,1,1,43,7,3,0,0,0,0,0,9,4,E01015948,3,1,0.0,1.0,-1,7,30,2,6,2,04:30,6,4,9
2023451281527,2023,451281527,2,1,1,1,57,9,3,0,0,0,0,0,9,5,E01030852,3,1,0.0,1.0,-1,6,60,8,6,1,18:54,3,2,9
2023991293760,2023,991293760,1,1,1,1,84,11,2,0,0,0,0,0,9,-1,-1,6,1,1.0,0.0,-1,9,60,1,1,1,09:00,2,1,9
2023052301820,2023,052301820,1,1,1,2,64,9,3,0,0,0,0,0,9,5,E01007041,-1,0,0.09944,0.90056,-1,3,30,1,1,1,06:45,5,2,9
2023451384527,2023,451384527,2,2,1,2,28,6,3,0,0,0,0,0,9,-1,-1,3,1,0.0,1.0,-1,3,70,1,6,2,18:35,6,2,9
2023520400629,2023,520400629,1,1,1,1,21,5,3,0,0,0,0,0,9,9,E01029210,-1,0,0.11782,0.88218,-1,6,30,1,4,1,23:00,3,3,9
2023991393334,2023,991393334,1,2,1,2,48,8,3,0,0,0,0,0,9,5,-1,3,1,0.0,1.0,-1,6,60,1,1,2,14:00,7,2,9
2023010466253,2023,010466253,1,1,2,1,0,1,3,0,0,0,4,0,11,6,E01003367,-1,0,0.0,1.0,-1,6,30,1,1,1,14:20,6,1,11
2023430070166,2023,430070166,1,1,1,1,45,7,2,0,0,0,0,0,9,8,E01032947,-1,0,1.0,0.0,-1,6,50,1,6,1,06:11,4,2,9
2023041318655,2023,041318655,1,1,3,1,49,8,3,5,1,0,0,0,0,1,E01012684,3,1,0.0,1.0,-1,6,30,1,1,1,12:15,4,1,9
2023461263772,2023,461263772,1,1,1,1,44,7,2,0,0,0,0,0,4,1,E01016063,7,1,1.0,0.0,-1,6,30,1,1,1,11:20,4,1,4
2023010439147,2023,010439147,1,1,1,1,21,5,3,0,0,0,0,0,3,6,E01003152,-1,0,0.0,1.0,-1,6,20,1,1,1,13:25,7,2,3
2023010481077,2023,010481077,1,1,1,-1,25,5,3,0,0,0,0,0,3,1,E01002082,-1,0,0.0,1.0,-1,9,20,1,1,1,15:40,4,2,3
2023161311733,2023,161311733,1,1,1,2,42,7,3,0,0,0,0,0,9,1,E01012809,3,1,0.0,1.0,-1,6,30,2,1,2,09:00,2,2,9
2023231344788,2023,231344788,2,1,1,2,51,8,3,0,0,0,0,0,9,-1,-1,3,1,0.0,1.0,-1,7,40,1,1,1,09:21,6,2,9
2023440494374,2023,440494374,1,1,1,1,50,8,3,0,0,0,0,0,9,2,E01017165,-1,0,0.13291,0.86709,-1,3,30,2,4,2,23:07,1,1,9
2023991389150,2023,991389150,1,3,2,1,37,7,3,0,0,2,0,0,9,1,-1,3,1,0.0,1.0,-1,3,70,2,6,2,06:36,6,1,9
2023471376740,2023,471376740,2,1,1,1,18,4,2,0,0,0,0,0,3,7,E01031534,7,1,1.0,0.0,-1,6,30,4,4,2,18:15,1,2,3
2023471314815,2023,471314815,2,1,1,1,32,6,3,0,0,0,0,0,5,6,E01031770,3,1,0.0,1.0,-1,7,60,1,1,1,18:00,1,2,5
2023201287707,2023,201287707,2,1,1,1,54,8,3,0,0,0,0,0,9,1,E01010484,3,1,0.0,1.0,-1,6,30,1,1,1,12:08,1,2,9
2023461386611,2023,461386611,2,3,2,2,13,3,3,0,0,2,0,0,9,4,E01024132,3,1,0.0,1.0,-1,6,60,1,1,2,13:42,6,3,9
2023101379798,2023,101379798,2,1,2,2,21,5,3,0,0,0,4,0,11,-1,-1,3,1,0.0,1.0,-1,6,30,1,4,1,21:47,7,2,11
2023371289471,2023,371289471,1,1,1,2,64,9,2,0,0,0,0,0,16,8,E01021405,7,1,1.0,0.0,-1,6,30,1,1,1,13:55,4,2,16
2023010429624,2023,010429624,1,1,1,1,35,6,3,0,0,0,0,0,3,3,E01001360,-1,0,0.0,1.0,-1,6,40,1,4,1,06:30,6,2,3
2023010458136,2023,010458136,1,1,1,1,34,6,3,0,0,0,0,0,3,2,E01003324,-1,0,0.0,1.0,-1,6,20,1,1,1,19:30,6,2,3
2023101367526,2023,101367526,4,3,1,2,37,7,3,0,0,0,0,0,9,8,E01008409,3,1,0.0,1.0,-1,3,70,2,1,2,17:00,5,4,9
2023471311987,2023,471311987,1,1,2,1,28,6,3,0,0,2,0,0,9,8,E01021176,3,1,0.0,1.0,-1,6,30,1,4,1,23:54,6,2,9
2023101388205,2023,101388205,2,1,1,1,18,4,3,0,0,0,0,0,1,4,E01008536,3,1,0.0,1.0,-1,1,30,1,4,2,21:40,7,2,1
2023010433733,2023,010433733,2,1,1,1,55,8,2,0,0,0,0,0,5,9,E01001299,-1,0,1.0,0.0,-1,6,20,1,1,1,08:00,5,2,5
2023010485552,2023,010485552,1,1,3,2,78,11,2,5,3,0,0,0,0,1,E01000308,-1,0,1.0,0.0,-1,3,30,1,1,1,12:20,6,1,19
2023010454158,2023,010454158,1,1,3,1,24,5,3,10,9,0,0,0,0,2,E01032765,-1,0,0.0,1.0,-1,3,20,1,4,1,23:50,7,1,9
2023320369687,2023,320369687,2,1,1,1,35,6,2,0,0,0,0,0,1,1,E01026173,-1,0,1.0,0.0,-1,6,30,1,1,1,15:45,6,2,1
2023302301780,2023,302301780,2,1,1,1,57,9,3,0,0,0,0,0,5,5,E01033413,-1,0,0.11225,0.88775,-1,7,70,1,4,1,17:00,2,2,5
2023302301796,2023,302301796,1,1,1,1,61,9,3,0,0,0,0,0,5,2,E01005980,-1,0,0.20961,0.79039,-1,6,50,8,1,4,12:05,7,1,5
2023231330128,2023,231330128,2,1,1,-1,34,6,3,0,0,0,0,0,1,7,E01031335,3,1,0.0,1.0,-1,6,30,1,1,1,17:20,2,2,1
2023430232920,2023,430232920,2,1,1,1,29,6,3,0,0,0,0,0,1,9,E01028561,-1,0,0.12096,0.87904,-1,6,20,1,1,1,12:38,4,2,1
2023471311920,2023,471311920,2,1,1,2,12,3,3,0,0,0,0,0,1,5,E01031818,3,1,0.0,1.0,-1,6,30,8,1,1,16:55,6,2,1
2023622300375,2023,622300375,1,1,3,1,6,2,3,5,1,0,0,0,0,4,W01001050,-1,0,0.09401,0.90599,-1,6,30,1,1,1,13:05,1,1,9
2023440264346,2023,440264346,1,1,1,1,43,7,3,0,0,0,0,0,19,9,E01022767,-1,0,0.04947,0.95053,-1,6,30,1,1,1,11:25,1,2,19
202360A056402,2023,60A056402,1,1,3,1,73,10,3,5,1,0,0,0,0,-1,-1,-1,0,0.16992,0.83008,-1,7,30,1,1,1,17:30,3,1,9
2023010454989,2023,010454989,1,1,1,-1,29,6,3,0,0,0,0,0,3,4,E01000621,-1,0,0.0,1.0,-1,6,20,9,1,9,14:30,5,2,3
2023010485566,2023,010485566,1,1,1,2,32,6,3,0,0,0,0,0,3,5,E01002234,-1,0,0.0,1.0,-1,6,30,1,1,1,10:55,6,2,3
2023131285924,2023,131285924,1,2,3,2,23,5,2,10,9,0,0,2,0,7,E01011512,7,1,1.0,0.0,-1,9,20,1,4,1,19:56,1,1,1
2023010430383,2023,010430383,1,1,1,1,41,7,2,0,0,0,0,0,1,2,E01002872,-1,0,1.0,0.0,-1,9,30,1,1,1,13:22,6,2,1
2023311317725,2023,311317725,2,1,1,1,65,9,2,0,0,0,0,0,1,2,E01013834,7,1,1.0,0.0,-1,6,30,8,1,1,14:00,2,2,1
2023340NN4652,2023,340NN4652,1,1,3,1,58,9,3,8,7,0,0,0,0,-1,-1,-1,0,0.20593,0.79407,-1,6,30,2,4,3,01:05,4,1,9
2023010441362,2023,010441362,1,1,3,2,17,4,3,5,9,0,0,0,0,3,E01000373,-1,0,0.0,1.0,-1,6,40,1,1,1,07:36,6,1,2
2023010453504,2023,010453504,1,4,3,2,7,2,1,10,9,0,0,0,0,10,E01003385,-1,0,0.0,0.0,-1,6,20,1,1,1,09:54,5,1,9
2023531343211,2023,531343211,1,1,3,1,55,8,3,5,3,0,0,0,0,4,E01022251,3,1,0.0,1.0,-1,6,30,1,1,2,12:50,6,1,9
2023070197223,2023,070197223,1,1,1,1,20,4,3,0,0,0,0,0,9,2,E01029547,-1,0,0.09323,0.90677,-1,3,70,1,6,1,02:04,4,2,9
2023361394750,2023,361394750,2,1,1,1,36,7,3,0,0,0,0,0,9,6,E01026722,3,1,0.0,1.0,-1,6,60,1,1,1,15:14,2,2,9
2023471356646,2023,471356646,2,1,1,2,59,9,3,0,0,0,0,0,9,5,E01031442,3,1,0.0,1.0,-1,6,30,1,1,1,08:15,2,3,9
2023531282482,2023,531282482,1,3,2,1,20,4,3,0,0,1,0,0,9,5,E01022459,3,1,0.0,1.0,-1,6,50,1,1,2,14:50,4,2,9
2023610044823,2023,610044823,1,1,1,2,44,7,3,0,0,1,0,0,19,1,W01000958,-1,0,0.04328,0.95672,-1,3,50,2,1,2,11:55,5,2,19
2023361338186,2023,361338186,1,1,1,2,57,9,2,0,0,0,0,0,9,1,E01026595,7,1,1.0,0.0,-1,3,70,2,1,2,07:23,5,1,9
2023010429162,2023,010429162,1,1,2,1,26,6,3,0,0,2,0,0,9,4,E01002549,-1,0,0.0,1.0,-1,1,30,1,4,1,03:20,7,2,9
2023070321148,2023,070321148,2,4,2,2,7,2,3,0,0,2,0,0,9,2,E01018551,-1,0,0.01119,0.98881,-1,6,60,1,1,1,15:40,6,3,9
2023461366492,2023,461366492,1,1,1,1,80,11,3,0,0,0,0,0,9,10,E01024781,3,1,0.0,1.0,-1,6,60,1,1,1,11:59,2,1,9
2023531367493,2023,531367493,2,1,1,1,30,6,3,0,0,0,0,0,9,3,E01015084,3,1,0.0,1.0,-1,3,40,4,4,1,18:40,4,3,9
2023141266453,2023,141266453,1,2,2,1,24,5,3,0,0,1,0,0,9,-1,-1,3,1,0.0,1.0,-1,6,30,8,4,4,22:26,7,1,9
2023010454217,2023,010454217,1,1,1,1,41,7,3,0,0,0,0,0,9,-1,-1,-1,0,0.0,1.0,-1,6,30,9,4,1,01:48,2,2,9
2023141332551,2023,141332551,2,1,1,2,36,7,3,0,0,0,0,0,9,5,E01007909,3,1,0.0,1.0,-1,3,40,1,1,1,04:48,7,2,9
2023141365359,2023,141365359,2,1,2,1,58,9,2,0,0,1,0,0,9,-1,-1,6,1,1.0,0.0,-1,6,40,2,1,2,08:50,7,2,9
2023201380203,2023,201380203,2,2,2,2,26,6,2,0,0,-1,0,0,9,-1,-1,7,1,1.0,0.0,-1,7,30,1,1,1,10:07,7,2,9
2023201413716,2023,201413716,1,1,1,1,43,7,3,0,0,0,0,0,9,1,E01009335,3,1,0.0,1.0,-1,3,30,1,4,2,02:16,5,2,9
2023010459785,2023,010459785,1,2,2,-1,-1,-1,3,0,0,1,0,0,9,1,E01002036,-1,0,0.0,1.0,-1,1,30,1,1,1,17:18,2,2,9
2023991391551,2023,991391551,1,1,1,2,68,10,1,0,0,0,0,0,9,-1,-1,1,1,0.0,0.0,-1,3,70,4,1,1,12:40,5,3,9
2023010450232,2023,010450232,1,1,1,1,24,5,3,0,0,0,0,0,9,8,E01000989,-1,0,0.0,1.0,-1,6,20,1,1,1,14:30,2,2,9
2023311293947,2023,311293947,2,1,1,2,19,4,3,0,0,0,0,0,9,-1,-1,3,1,0.0,1.0,-1,3,70,2,1,2,14:20,6,2,9
2023501285623,2023,501285623,5,2,1,1,23,5,3,0,0,0,0,0,9,3,E01018793,3,1,0.0,1.0,-1,3,70,1,6,2,19:24,3,5,9
2023421374149,2023,421374149,1,1,1,1,19,4,3,0,0,0,0,0,9,9,E01021479,3,1,0.0,1.0,-1,6,60,4,6,1,19:49,2,1,9
2023010442652,2023,010442652,1,1,1,2,74,10,3,0,0,0,0,0,9,8,E01000749,-1,0,0.0,1.0,-1,6,40,9,1,1,14:42,6,2,9
2023010461303,2023,010461303,1,1,1,2,37,7,3,0,0,0,0,0,9,-1,-1,-1,0,0.0,1.0,-1,3,30,2,4,2,01:00,7,2,9
2023451322935,2023,451322935,2,2,2,2,58,9,3,0,0,1,0,0,9,10,E01030344,3,1,0.0,1.0,-1,3,60,1,1,1,12:52,2,3,9
2023010433651,2023,010433651,1,1,1,2,33,6,3,0,0,0,0,0,9,5,E01003790,-1,0,0.0,1.0,-1,9,20,1,1,1,14:40,4,2,9
2023320614882,2023,320614882,1,2,1,1,45,7,3,0,0,0,0,0,9,-1,-1,-1,0,0.07971,0.92029,-1,6,30,1,4,1,21:18,3,1,9
202360A005502,2023,60A005502,2,1,1,1,28,6,3,0,0,0,0,0,9,-1,-1,-1,0,0.01749,0.98251,-1,6,30,2,1,2,13:30,5,2,9
2023010458408,2023,010458408,1,1,1,1,35,6,3,0,0,0,0,0,5,5,E01004169,-1,0,0.0,1.0,-1,6,20,1,1,2,18:48,3,2,5
2023430337911,2023,430337911,1,1,3,2,19,4,2,6,9,0,0,0,0,3,E01016474,-1,0,1.0,0.0,-1,6,30,1,4,1,23:46,7,1,9
2023010486352,2023,010486352,1,1,3,2,76,11,3,5,3,0,0,0,0,4,E01002884,-1,0,0.0,1.0,-1,1,20,2,1,2,12:00,5,1,9
2023531359112,2023,531359112,2,1,1,1,55,8,1,0,0,0,0,0,5,8,E01022140,1,1,0.0,0.0,-1,3,40,1,7,1,19:42,3,2,5
2023010436796,2023,010436796,1,1,1,1,42,7,3,0,0,0,0,0,3,8,E01000261,-1,0,0.0,1.0,-1,9,30,9,1,9,06:50,4,2,3
2023522300791,2023,522300791,1,1,3,2,43,7,3,6,9,0,0,0,0,8,E01014556,-1,0,0.09485,0.90515,-1,6,20,1,1,1,15:00,4,1,-1
2023070383503,2023,070383503,2,1,1,2,56,9,3,0,0,0,0,0,9,-1,-1,-1,0,0.04439,0.95561,-1,6,60,2,1,2,16:32,7,2,9
2023361368826,2023,361368826,1,1,1,1,18,4,3,0,0,0,0,0,9,4,E01026445,3,1,0.0,1.0,-1,6,60,1,1,1,14:49,2,3,9
2023010484308,2023,010484308,1,1,3,2,51,8,2,1,9,0,0,0,0,-1,-1,-1,0,1.0,0.0,-1,9,20,2,1,2,16:00,4,1,1
2023052302552,2023,052302552,2,1,1,1,59,9,3,0,0,0,0,0,1,1,E01007204,-1,0,0.17919,0.82081,-1,6,30,1,1,1,11:50,4,2,1
2023070623245,2023,070623245,1,1,1,1,59,9,2,0,0,0,0,0,5,8,E01012435,-1,0,1.0,0.0,-1,6,40,1,1,1,17:30,3,1,5
2023131329217,2023,131329217,1,2,2,2,19,4,3,0,0,1,0,0,9,1,E01010654,3,1,0.0,1.0,-1,6,30,1,5,1,22:10,5,2,9
2023501358066,2023,501358066,1,3,2,2,56,9,3,0,0,1,0,0,9,4,E01021076,3,1,0.0,1.0,-1,6,40,4,1,1,10:35,5,2,9
2023991333226,2023,991333226,2,2,1,2,63,9,3,0,0,0,0,0,9,4,-1,3,1,0.0,1.0,-1,3,50,1,1,1,13:05,3,2,9
2023520301501,2023,520301501,1,1,1,2,19,4,3,0,0,0,0,0,9,5,E01029230,-1,0,0.00355,0.99645,-1,6,30,1,1,1,08:15,7,2,9
2023531321690,2023,531321690,2,2,1,1,31,6,3,0,0,0,0,0,9,7,E01022216,3,1,0.0,1.0,-1,3,40,1,1,1,14:35,4,2,9
2023544553523,2023,544553523,1,1,1,2,52,8,3,0,0,0,0,0,9,4,E01031936,-1,0,0.03334,0.96666,-1,6,30,1,1,1,11:16,2,2,9
2023010456855,2023,010456855,2,1,1,1,16,4,3,0,0,0,0,0,1,3,E01001602,-1,0,0.0,1.0,-1,6,30,1,1,1,20:05,1,2,1
2023221402504,2023,221402504,2,1,1,1,49,8,2,0,0,0,0,0,1,7,E01028951,6,1,1.0,0.0,-1,6,60,1,1,1,18:45,6,2,1
2023461351928,2023,461351928,2,1,1,1,59,9,3,0,0,0,0,0,1,6,E01024084,3,1,0.0,1.0,-1,6,30,1,1,1,12:45,1,2,1
2023041427289,2023,041427289,2,1,1,1,31,6,3,0,0,0,0,0,9,3,E01012617,3,1,0.0,1.0,-1,6,60,5,1,2,15:15,6,2,9