collision_index,collision_year,collision_ref_no,vehicle_reference,casualty_reference,casualty_class,sex_of_casualty,age_of_casualty,age_band_of_casualty,casualty_severity,pedestrian_location,pedestrian_movement,car_passenger,bus_or_coach_passenger,pedestrian_road_maintenance_worker,casualty_type,casualty_imd_decile,lsoa_of_casualty,enhanced_casualty_severity,casualty_injury_based,casualty_adjusted_severity_serious,casualty_adjusted_severity_slight,casualty_distance_banding,road_type,speed_limit,weather_conditions,light_conditions,road_surface_conditions,time,day_of_week,number_of_vehicles,vehicle_type
2023170M21833,2023,170M21833,1,1,2,2,63,9,2,0,0,0,3,0,11,1,E01012074,-1,0,1.0,0.0,-1,6,30,1,4,1,17:30,7,2,11
2023161323730,2023,161323730,2,2,1,2,26,6,3,0,0,0,0,0,9,8,E01012975,3,1,0.0,1.0,-1,6,30,1,1,1,12:02,4,3,9
2023411390702,2023,411390702,2,2,1,2,85,11,3,0,0,0,0,0,9,5,E01023342,3,1,0.0,1.0,-1,6,50,1,1,2,15:44,3,3,9
2023471282856,2023,471282856,2,2,1,1,34,6,3,0,0,0,0,0,9,1,E01014594,3,1,0.0,1.0,-1,6,40,1,1,1,14:40,6,2,9
2023631343189,2023,631343189,2,2,2,2,51,8,3,0,0,1,0,0,9,4,W01001401,3,1,0.0,1.0,-1,6,60,1,1,1,12:55,6,2,9
2023991316831,2023,991316831,2,2,1,2,23,5,3,0,0,0,0,0,9,7,-1,3,1,0.0,1.0,-1,6,60,1,1,1,20:30,5,2,9
2023371369779,2023,371369779,1,1,3,1,12,3,3,10,9,0,0,0,0,4,E01030231,3,1,0.0,1.0,-1,6,30,9,1,-1,15:52,2,1,9
2023031381659,2023,031381659,2,1,2,2,51,8,3,0,0,1,0,0,9,-1,-1,3,1,0.0,1.0,-1,6,40,3,1,3,09:37,7,2,9
2023221326559,2023,221326559,2,1,1,2,66,10,3,0,0,0,0,0,9,8,E01014040,3,1,0.0,1.0,-1,6,60,1,1,1,16:30,4,2,9
2023371346772,2023,371346772,2,2,2,2,20,4,3,0,0,-1,0,0,9,4,E01026618,3,1,0.0,1.0,-1,6,30,1,1,1,16:30,6,2,9
2023010440934,2023,010440934,1,1,1,1,23,5,3,0,0,0,0,0,3,3,E01001391,-1,0,0.0,1.0,-1,9,20,1,1,1,16:35,4,2,3
2023101383114,2023,101383114,2,1,1,2,32,6,3,0,0,0,0,0,9,7,E01027489,3,1,0.0,1.0,-1,6,60,2,6,2,16:10,2,4,9
2023122400151,2023,122400151,2,1,2,2,37,7,3,0,0,1,0,0,9,9,E01027919,-1,0,0.02381,0.97619,-1,3,60,1,4,2,16:59,4,2,9
2023170S21193,2023,170S21193,1,1,1,1,46,8,2,0,0,0,0,0,9,2,E01008813,-1,0,1.0,0.0,-1,6,60,1,1,1,09:20,4,2,9
2023302301434,2023,302301434,2,1,1,1,42,7,3,0,0,0,0,0,9,8,E01019874,-1,0,0.01119,0.98881,-1,6,30,2,4,2,19:45,5,2,9
2023070288542,2023,070288542,1,1,3,2,55,8,3,10,3,0,0,0,0,6,E01018399,-1,0,0.11376,0.88624,-1,9,30,2,1,2,14:30,4,1,9
2023161372716,2023,161372716,2,1,1,1,18,4,3,0,0,0,0,0,1,2,E01012871,3,1,0.0,1.0,-1,6,30,2,4,2,18:30,5,2,1
2023010435662,2023,010435662,2,1,1,2,50,8,3,0,0,0,0,0,4,10,E01024474,-1,0,0.0,1.0,-1,6,30,1,1,1,14:20,2,2,4
2023430098190,2023,430098190,2,1,1,2,23,5,3,0,0,0,0,0,9,2,E01016847,-1,0,0.0076,0.9924,-1,6,60,1,7,1,20:30,6,2,9
2023041406875,2023,041406875,1,1,3,1,65,9,2,5,3,0,0,2,0,8,E01012597,7,1,1.0,0.0,-1,3,30,1,4,2,17:30,4,1,9
2023010474135,2023,010474135,1,1,1,2,53,8,3,0,0,0,0,0,9,6,E01002496,-1,0,0.0,1.0,-1,6,20,1,1,1,12:05,5,2,9
2023161338338,2023,161338338,1,1,1,1,18,4,3,0,0,0,0,0,9,9,E01012920,3,1,0.0,1.0,-1,6,60,2,6,2,21:28,6,1,9
2023101361228,2023,101361228,4,1,2,1,32,6,3,0,0,1,0,0,9,5,E01008646,3,1,0.0,1.0,-1,3,30,1,4,1,21:25,1,4,9
2023546894123,2023,546894123,1,1,1,1,13,3,3,0,0,0,0,0,1,3,E01015488,-1,0,0.11985,0.88015,-1,6,30,1,1,1,17:47,7,2,1
2023122300063,2023,122300063,2,1,1,1,40,7,3,0,0,0,0,0,3,4,E01027866,-1,0,0.13491,0.86509,-1,6,30,1,4,1,18:21,6,2,3
2023041310021,2023,041310021,2,2,2,2,14,3,3,0,0,1,0,0,9,4,E01025276,3,1,0.0,1.0,-1,6,30,1,1,1,08:15,2,2,9
2023052302417,2023,052302417,1,1,3,1,12,3,3,5,3,0,0,0,0,1,E01006572,-1,0,0.14248,0.85752,-1,6,30,1,1,1,16:10,6,1,9
2023201287271,2023,201287271,2,1,1,1,-1,-1,3,0,0,0,0,0,9,-1,-1,3,1,0.0,1.0,-1,6,30,1,4,2,17:00,5,2,9
2023991380159,2023,991380159,1,2,2,2,6,2,3,0,0,1,0,0,9,8,-1,3,1,0.0,1.0,-1,6,60,1,6,2,18:08,1,2,9
2023991385828,2023,991385828,1,1,1,2,46,8,3,0,0,0,0,0,9,9,-1,3,1,0.0,1.0,-1,3,70,2,1,5,14:24,7,1,9
2023010445219,2023,010445219,2,2,2,1,32,6,3,0,0,0,0,0,19,2,E01024477,-1,0,0.0,1.0,-1,3,50,1,1,1,06:30,6,3,19
2023101339168,2023,101339168,1,4,2,1,17,4,2,0,0,2,0,0,9,7,E01027496,5,1,1.0,0.0,-1,6,60,1,6,1,23:21,2,1,9
2023231294302,2023,231294302,2,1,1,2,32,6,3,0,0,0,0,0,9,5,E01031168,3,1,0.0,1.0,-1,6,30,1,1,2,16:20,6,2,9
2023440014149,2023,440014149,1,1,3,1,50,8,3,6,8,0,0,0,0,2,E01017140,-1,0,0.09232,0.90768,-1,6,30,1,1,1,14:53,4,1,9
2023131315854,2023,131315854,2,1,1,2,37,7,3,0,0,0,0,0,9,1,E01010830,3,1,0.0,1.0,-1,6,20,1,1,1,18:10,3,2,9
2023351280928,2023,351280928,2,2,2,2,61,9,3,0,0,1,0,0,9,7,E01018085,3,1,0.0,1.0,-1,6,50,1,1,1,09:25,3,2,9
2023461268613,2023,461268613,1,2,2,2,8,2,3,0,0,2,0,0,9,5,E01024014,3,1,0.0,1.0,-1,6,60,8,1,4,07:26,6,1,9
2023622300104,2023,622300104,2,2,1,1,18,4,3,0,0,0,0,0,10,6,W01001839,-1,0,0.02099,0.97901,-1,6,20,2,4,2,20:30,2,2,10
2023201323967,2023,201323967,2,1,1,1,15,3,3,0,0,0,0,0,1,2,E01009098,3,1,0.0,1.0,-1,3,30,1,1,1,17:53,4,2,1
2023010458252,2023,010458252,1,1,1,1,19,4,3,0,0,0,0,0,9,-1,-1,-1,0,0.0,1.0,-1,6,30,1,4,1,21:37,2,2,9
2023131378941,2023,131378941,1,2,2,2,17,4,2,0,0,2,0,0,9,10,E01011947,7,1,1.0,0.0,-1,6,60,1,6,1,21:30,6,1,9
2023411333510,2023,411333510,1,1,1,2,22,5,3,0,0,0,0,0,9,10,E01023452,3,1,0.0,1.0,-1,6,30,1,1,1,08:51,4,2,9
202360A115079,2023,60A115079,1,1,2,2,66,10,3,0,0,1,0,0,9,-1,-1,-1,0,0.08233,0.91767,-1,6,30,1,1,1,17:30,6,2,9
2023010456828,2023,010456828,1,1,2,2,55,8,3,0,0,0,2,0,11,2,E01004060,-1,0,0.0,1.0,-1,2,20,1,1,1,16:36,1,1,11
2023311386876,2023,311386876,1,1,3,1,53,8,3,6,9,0,0,0,0,9,E01028196,3,1,0.0,1.0,-1,6,20,3,1,2,16:30,2,1,8
2023010444107,2023,010444107,1,1,1,1,27,6,3,0,0,0,0,0,3,2,E01002368,-1,0,0.0,1.0,-1,9,30,1,1,1,09:30,7,2,3
2023010465462,2023,010465462,2,6,2,2,7,2,3,0,0,0,4,0,11,2,E01003545,-1,0,0.0,1.0,-1,6,20,1,1,1,08:57,3,2,11
2023201410980,2023,201410980,2,1,1,-1,60,9,2,0,0,0,0,0,1,-1,-1,7,1,1.0,0.0,-1,1,30,1,4,1,22:12,1,2,1
2023440486181,2023,440486181,1,1,1,1,20,4,2,0,0,0,0,0,3,4,E01017081,-1,0,1.0,0.0,-1,6,20,1,4,1,23:10,4,1,3
2023061332672,2023,061332672,1,1,1,1,77,11,3,0,0,0,0,0,9,3,E01004916,3,1,0.0,1.0,-1,6,20,1,1,2,11:52,6,2,9
2023440113254,2023,440113254,1,1,1,1,52,8,3,0,0,0,0,0,11,1,E01017280,-1,0,0.03899,0.96101,-1,6,30,1,1,1,16:00,3,2,11
2023552300299,2023,552300299,2,2,1,1,24,5,3,0,0,0,0,0,21,6,E01020586,-1,0,0.12281,0.87719,-1,6,60,3,6,2,03:14,4,2,21
2023010455645,2023,010455645,1,1,1,1,39,7,3,0,0,0,0,0,3,3,E01001762,-1,0,0.0,1.0,-1,9,20,9,1,9,19:15,1,2,3
2023111288845,2023,111288845,2,1,1,2,26,6,3,0,0,0,0,0,9,3,E01020744,3,1,0.0,1.0,-1,1,30,1,1,1,09:30,7,2,9
2023991375514,2023,991375514,2,2,1,2,32,6,3,0,0,0,0,0,9,4,-1,3,1,0.0,1.0,-1,6,30,2,4,2,22:42,5,2,9
2023622300230,2023,622300230,1,1,3,2,36,7,3,1,9,0,0,0,0,8,W01001836,-1,0,0.04718,0.95282,-1,6,20,9,1,2,10:24,6,1,-1
2023010445706,2023,010445706,1,1,1,1,59,9,3,0,0,0,0,0,1,10,E01002480,-1,0,0.0,1.0,-1,1,30,1,1,1,11:23,1,2,1
2023111273841,2023,111273841,2,1,1,2,31,6,3,0,0,0,0,0,9,4,E01008866,3,1,0.0,1.0,-1,6,30,1,1,1,15:35,3,2,9
2023141333944,2023,141333944,1,1,1,2,18,4,3,0,0,0,0,0,9,3,E01007465,3,1,0.0,1.0,-1,6,20,9,1,1,18:50,4,2,9
2023411320226,2023,411320226,1,1,1,1,20,4,2,0,0,0,0,0,9,6,E01023874,7,1,1.0,0.0,-1,1,30,1,1,1,15:57,1,2,9
2023451390834,2023,451390834,1,1,1,1,19,4,3,0,0,0,0,0,9,7,E01030466,3,1,0.0,1.0,-1,6,40,1,6,2,22:31,4,2,9
2023471367178,2023,471367178,2,1,2,2,26,6,2,0,0,2,0,0,9,4,E01020919,5,1,1.0,0.0,-1,3,70,1,1,2,12:37,4,2,9
2023991363528,2023,991363528,1,2,2,1,24,5,3,0,0,1,0,0,9,6,-1,3,1,0.0,1.0,-1,6,60,1,1,1,14:20,1,1,9
2023010433075,2023,010433075,1,1,1,1,51,8,3,0,0,0,0,0,19,5,E01000593,-1,0,0.0,1.0,-1,6,30,2,1,2,11:45,6,2,19
2023201315278,2023,201315278,2,1,1,1,46,8,2,0,0,0,0,0,5,9,E01010255,7,1,1.0,0.0,-1,6,30,1,1,1,19:10,3,2,5
2023351333686,2023,351333686,1,3,1,1,19,4,3,0,0,0,0,0,9,4,E01018095,3,1,0.0,1.0,-1,6,60,1,1,1,18:02,2,2,9
2023010481001,2023,010481001,1,1,3,1,38,7,3,10,9,0,0,0,0,5,E01001099,-1,0,0.0,1.0,-1,7,20,1,4,1,18:10,4,1,19
2023471293877,2023,471293877,2,1,1,1,41,7,2,0,0,0,0,0,1,5,E01031385,7,1,1.0,0.0,-1,6,50,1,7,1,06:50,4,2,1
2023141310999,2023,141310999,2,1,2,2,21,5,3,0,0,1,0,0,9,5,E01007751,3,1,0.0,1.0,-1,3,70,1,1,1,11:30,4,2,9
2023141373793,2023,141373793,1,1,1,2,37,7,3,0,0,0,0,0,9,6,E01008040,3,1,0.0,1.0,-1,6,30,2,7,2,17:10,1,2,9
2023471290435,2023,471290435,2,1,1,1,28,6,3,0,0,0,0,0,9,-1,-1,3,1,0.0,1.0,-1,3,50,1,1,1,13:20,7,2,9
2023010477297,2023,010477297,1,1,1,1,22,5,3,0,0,0,0,0,1,3,E01004303,-1,0,0.0,1.0,-1,6,20,1,1,1,10:55,7,2,1
2023201389012,2023,201389012,2,1,1,2,24,5,3,0,0,0,0,0,1,5,E01009293,3,1,0.0,1.0,-1,6,30,1,4,1,08:20,6,2,1
2023010429040,2023,010429040,1,1,1,1,52,8,3,0,0,0,0,0,9,8,E01030701,-1,0,0.0,1.0,-1,9,30,9,1,9,13:00,6,3,9
2023231380249,2023,231380249,2,2,1,2,25,5,2,0,0,0,0,0,9,7,E01025882,6,1,1.0,0.0,-1,6,60,1,1,1,14:07,6,2,9
2023340WN5262,2023,340WN5262,1,3,2,2,56,9,3,0,0,2,0,0,9,-1,-1,-1,0,0.15934,0.84066,-1,6,60,1,1,2,08:43,5,3,9
2023041386886,2023,041386886,1,1,1,1,25,5,3,0,0,0,0,0,19,5,E01012690,3,1,0.0,1.0,-1,6,30,1,1,3,13:48,1,4,19
2023010485682,2023,010485682,1,2,2,1,7,2,3,0,0,0,0,0,-1,1,E01004459,-1,0,0.0,1.0,-1,6,20,1,1,1,10:34,7,1,-1
2023010482156,2023,010482156,1,1,3,2,25,5,3,8,1,0,0,0,0,2,E01003528,-1,0,0.0,1.0,-1,6,30,1,4,2,16:35,3,1,9
2023010482498,2023,010482498,1,1,3,2,33,6,3,5,3,0,0,0,0,-1,-1,-1,0,0.0,1.0,-1,6,20,2,4,2,17:40,2,1,8
2023430481084,2023,430481084,1,1,1,1,19,4,3,0,0,0,0,0,2,6,E01016268,-1,0,0.19385,0.80615,-1,6,30,1,6,2,00:40,5,1,2
2023421284612,2023,421284612,1,1,1,1,28,6,3,0,0,0,0,0,9,3,E01001465,3,1,0.0,1.0,-1,3,70,3,1,2,14:20,4,2,9
2023501335620,2023,501335620,1,1,1,1,34,6,2,0,0,0,0,0,9,4,E01019006,7,1,1.0,0.0,-1,6,30,1,1,1,18:25,4,1,9
2023010480324,2023,010480324,1,1,1,1,19,4,3,0,0,0,0,0,3,3,E01000872,-1,0,0.0,1.0,-1,6,20,9,4,9,19:50,3,2,3
2023311294847,2023,311294847,1,1,1,2,18,4,2,0,0,0,0,0,9,8,E01025892,5,1,1.0,0.0,-1,6,60,1,1,1,12:23,6,2,9
2023131361797,2023,131361797,1,1,1,1,78,11,1,0,0,0,0,0,9,1,E01010721,1,1,0.0,0.0,-1,6,20,1,1,1,16:28,4,2,9
2023201278269,2023,201278269,2,1,1,2,42,7,3,0,0,0,0,0,9,2,E01010028,3,1,0.0,1.0,-1,6,30,1,1,1,08:03,2,2,9
2023340NN2252,2023,340NN2252,2,1,1,1,18,4,3,0,0,0,0,0,9,6,E01027085,-1,0,0.00846,0.99154,-1,6,30,1,1,1,12:25,4,2,9
2023430338303,2023,430338303,2,1,1,1,26,6,3,0,0,0,0,0,9,6,E01017858,-1,0,0.06569,0.93431,-1,6,60,1,1,1,09:56,1,3,9
2023451275882,2023,451275882,1,1,1,1,51,8,3,0,0,0,0,0,9,-1,-1,3,1,0.0,1.0,-1,6,40,1,1,2,12:53,1,2,9
2023461347840,2023,461347840,1,1,1,2,61,9,3,0,0,0,0,0,9,6,E01024136,3,1,0.0,1.0,-1,3,70,1,1,1,16:35,1,2,9
2023161378452,2023,161378452,1,1,3,1,50,8,2,5,1,0,0,0,0,1,E01012887,6,1,1.0,0.0,-1,6,30,1,4,1,18:45,7,1,9
2023421315222,2023,421315222,1,1,1,1,26,6,2,0,0,0,0,0,5,-1,-1,7,1,1.0,0.0,-1,6,30,1,4,1,00:57,2,2,5
2023052300576,2023,052300576,2,1,1,2,48,8,3,0,0,0,0,0,9,6,E01006438,-1,0,0.04829,0.95171,-1,6,30,1,1,2,14:27,6,2,9
2023141317376,2023,141317376,1,1,2,2,19,4,3,0,0,1,0,0,9,-1,-1,3,1,0.0,1.0,-1,3,40,1,1,1,15:45,1,2,9
2023141324180,2023,141324180,1,1,2,2,61,9,3,0,0,1,0,0,9,10,E01007710,3,1,0.0,1.0,-1,6,30,1,1,1,15:00,5,2,9
2023010475325,2023,010475325,1,1,3,1,37,7,2,1,1,0,0,0,0,9,E01023292,-1,0,1.0,0.0,-1,6,20,2,1,2,12:50,4,1,3
2023010422028,2023,010422028,1,1,1,2,26,6,3,0,0,0,0,0,3,3,E01003296,-1,0,0.0,1.0,-1,9,20,1,1,2,15:00,3,2,3
2023010457537,2023,010457537,1,1,1,1,21,5,3,0,0,0,0,0,5,8,E01024414,-1,0,0.0,1.0,-1,3,30,4,1,1,15:30,5,2,5
2023141272529,2023,141272529,1,1,1,1,20,4,3,0,0,0,0,0,9,1,E01007790,3,1,0.0,1.0,-1,6,60,1,4,1,07:07,1,1,9
2023201390261,2023,201390261,1,3,2,2,6,2,3,0,0,-1,0,0,9,2,E01010021,3,1,0.0,1.0,-1,3,40,2,6,2,08:41,6,2,9
2023461374676,2023,461374676,2,1,1,1,20,4,3,0,0,0,0,0,9,6,E01024340,3,1,0.0,1.0,-1,6,30,1,4,1,19:16,1,2,9
2023211313896,2023,211313896,2,1,1,1,85,11,3,0,0,0,0,0,9,7,E01031035,3,1,0.0,1.0,-1,6,30,1,1,1,12:05,5,2,9
2023471351102,2023,471351102,2,2,2,2,39,7,3,0,0,1,0,0,9,1,E01003986,3,1,0.0,1.0,-1,6,60,1,1,1,17:09,1,2,9
2023531279563,2023,531279563,2,1,1,2,35,6,3,0,0,0,0,0,9,6,E01032216,3,1,0.0,1.0,-1,6,50,2,6,2,17:35,4,2,9
2023622301038,2023,622301038,1,1,1,2,44,7,3,0,0,0,0,0,9,6,W01001241,-1,0,0.028,0.972,-1,6,20,1,1,1,14:32,2,2,9
2023010434073,2023,010434073,1,1,1,1,37,7,3,0,0,0,0,0,1,1,E01000508,-1,0,0.0,1.0,-1,6,20,5,1,2,17:25,6,2,1
2023451288404,2023,451288404,1,1,1,2,42,7,3,0,0,0,0,0,9,8,E01031587,3,1,0.0,1.0,-1,3,70,2,1,2,12:35,6,1,9
202360A196072,2023,60A196072,1,1,3,2,67,10,2,5,1,0,0,0,0,-1,-1,-1,0,1.0,0.0,-1,2,20,1,1,1,12:38,5,1,9
2023221316894,2023,221316894,1,1,1,1,23,5,3,0,0,0,0,0,9,2,E01032224,3,1,0.0,1.0,-1,3,70,1,1,1,14:24,6,2,9
2023421275793,2023,421275793,1,1,2,1,20,4,2,0,0,1,0,0,9,7,E01021657,7,1,1.0,0.0,-1,6,40,1,1,1,18:45,2,1,9
2023520400089,2023,520400089,1,1,1,2,43,7,3,0,0,0,0,0,9,3,E01029096,-1,0,0.03662,0.96338,-1,6,20,2,1,1,16:41,6,1,9
2023461303292,2023,461303292,2,1,1,1,65,9,3,0,0,0,0,0,1,10,E01024800,3,1,0.0,1.0,-1,6,30,1,1,1,17:50,7,2,1
2023041381912,2023,041381912,1,1,1,2,18,4,3,0,0,0,0,0,9,1,E01024900,3,1,0.0,1.0,-1,3,30,3,4,2,23:18,7,2,9
2023161262164,2023,161262164,2,2,1,2,29,6,3,0,0,0,0,0,9,3,E01012817,3,1,0.0,1.0,-1,6,30,1,1,2,15:54,4,3,9
2023211340971,2023,211340971,2,2,2,2,50,8,3,0,0,1,0,0,9,6,E01029488,3,1,0.0,1.0,-1,3,60,1,1,1,17:59,3,2,9
2023340NN2802,2023,340NN2802,2,1,1,1,36,7,3,0,0,0,0,0,9,6,E01027119,-1,0,0.07023,0.92977,-1,6,40,1,1,1,08:40,5,2,9
2023440165991,2023,440165991,2,1,1,2,21,5,3,0,0,0,0,0,9,2,E01022819,-1,0,0.04793,0.95207,-1,6,30,1,1,1,08:09,6,3,9
2023010422890,2023,010422890,1,1,3,2,21,5,3,5,2,0,0,0,0,4,E01032742,-1,0,0.0,1.0,-1,6,30,1,1,1,14:38,1,1,9
2023010424707,2023,010424707,1,1,3,2,-1,-1,3,10,9,0,0,0,0,9,E01000899,-1,0,0.0,1.0,-1,9,20,1,1,1,13:30,2,1,1
2023052300043,2023,052300043,2,1,1,1,11,3,3,0,0,0,0,0,1,4,E01006641,-1,0,0.0559,0.9441,-1,6,30,1,1,2,15:50,4,2,1
2023101352075,2023,101352075,2,1,1,1,44,7,3,0,0,0,0,0,5,2,E01008377,3,1,0.0,1.0,-1,7,40,1,1,1,17:17,3,2,5
2023010441433,2023,010441433,1,1,2,1,23,5,3,0,0,2,0,0,9,5,E01024138,-1,0,0.0,1.0,-1,6,30,1,4,1,00:14,7,3,9
2023010477369,2023,010477369,2,2,2,2,27,6,3,0,0,2,0,0,9,3,E01003430,-1,0,0.0,1.0,-1,6,20,1,1,1,15:25,7,3,9
2023101311098,2023,101311098,2,1,1,2,76,11,3,0,0,0,0,0,9,-1,-1,3,1,0.0,1.0,-1,6,30,1,1,1,16:05,4,2,9
2023401308289,2023,401308289,1,1,1,1,19,4,3,0,0,0,0,0,9,-1,-1,3,1,0.0,1.0,-1,1,60,1,6,1,22:03,1,1,9
2023471295457,2023,471295457,2,1,1,2,62,9,3,0,0,0,0,0,9,3,E01021102,3,1,0.0,1.0,-1,6,30,1,1,1,12:13,5,2,9
2023010434738,2023,010434738,1,1,2,2,51,8,3,0,0,0,3,0,11,1,E01002720,-1,0,0.0,1.0,-1,6,20,2,1,2,18:15,3,1,11
2023010448850,2023,010448850,1,1,1,1,15,3,3,0,0,0,0,0,1,6,E01002113,-1,0,0.0,1.0,-1,6,30,1,1,1,18:30,3,2,1
2023010465533,2023,010465533,1,1,1,1,18,4,3,0,0,0,0,0,4,-1,-1,-1,0,0.0,1.0,-1,3,20,1,1,1,16:12,3,4,4
2023031357415,2023,031357415,1,1,1,1,39,7,3,0,0,0,0,0,9,6,E01019239,3,1,0.0,1.0,-1,6,60,1,1,1,16:11,5,2,9
2023161358298,2023,161358298,2,1,1,2,45,7,3,0,0,0,0,0,9,6,E01012912,3,1,0.0,1.0,-1,6,30,8,4,2,18:22,1,2,9
2023451364836,2023,451364836,2,2,1,1,47,8,3,0,0,0,0,0,9,10,E01016607,3,1,0.0,1.0,-1,3,40,2,1,2,15:00,5,2,9
2023461364696,2023,461364696,2,2,1,2,38,7,3,0,0,0,0,0,9,1,E01024621,3,1,0.0,1.0,-1,6,30,4,1,2,16:16,6,2,9
2023552301439,2023,552301439,2,1,1,2,24,5,3,0,0,0,0,0,9,9,E01030890,-1,0,0.01769,0.98231,-1,6,60,1,4,2,17:51,1,3,9
2023440383674,2023,440383674,1,1,1,1,25,5,3,0,0,0,0,0,21,3,E01023055,-1,0,0.22394,0.77606,-1,3,70,4,6,1,03:45,4,1,21
2023991316328,2023,991316328,1,1,1,1,62,9,2,0,0,0,0,0,5,-1,-1,7,1,1.0,0.0,-1,6,60,1,1,1,10:50,5,1,5
2023111316441,2023,111316441,2,1,1,2,41,7,3,0,0,0,0,0,9,2,E01020842,3,1,0.0,1.0,-1,6,30,1,1,1,14:55,4,3,9
2023411362415,2023,411362415,2,1,1,2,50,8,3,0,0,0,0,0,9,4,E01017473,3,1,0.0,1.0,-1,3,70,1,1,-1,17:30,5,2,9
2023010432915,2023,010432915,1,1,3,2,10,2,3,9,5,0,0,0,0,2,E01004219,-1,0,0.0,1.0,-1,9,20,9,1,9,16:25,2,1,9
2023340WN0982,2023,340WN0982,2,2,2,2,56,9,3,0,0,0,0,0,5,6,E01027323,-1,0,0.05463,0.94537,-1,1,30,1,1,1,11:10,7,2,5
2023041368289,2023,041368289,2,2,1,1,49,8,3,0,0,0,0,0,9,1,E01004979,3,1,0.0,1.0,-1,3,50,2,4,2,18:46,1,2,9
2023320433118,2023,320433118,1,1,3,2,15,3,3,7,8,0,0,0,0,9,E01026234,-1,0,0.10382,0.89618,-1,6,30,1,1,1,16:00,5,1,11
2023010460318,2023,010460318,1,2,2,2,17,4,3,0,0,1,0,0,9,9,E01030687,-1,0,0.0,1.0,-1,1,30,1,4,1,02:41,1,1,9
2023430053884,2023,430053884,2,1,2,2,75,10,3,0,0,1,0,0,9,-1,-1,-1,0,0.05267,0.94733,-1,6,30,1,4,2,02:29,1,2,9
2023451350792,2023,451350792,2,1,1,2,58,9,3,0,0,0,0,0,9,10,E01016605,3,1,0.0,1.0,-1,3,40,1,1,1,19:10,7,2,9
2023421283162,2023,421283162,1,2,3,1,80,11,3,5,3,0,0,0,0,8,E01021801,3,1,0.0,1.0,-1,6,30,1,1,1,15:35,5,1,9
2023041362867,2023,041362867,1,1,1,1,46,8,3,0,0,0,0,0,9,1,E01012624,3,1,0.0,1.0,-1,6,30,1,1,2,09:30,7,2,9
2023201292409,2023,201292409,1,1,1,1,27,6,3,0,0,0,0,0,9,6,E01033618,3,1,0.0,1.0,-1,6,30,1,4,1,18:19,3,2,9
2023221339177,2023,221339177,1,1,2,1,22,5,3,0,0,1,0,0,9,6,E01014082,3,1,0.0,1.0,-1,6,50,1,6,1,05:02,3,2,9
2023302300352,2023,302300352,1,1,1,2,33,6,3,0,0,0,0,0,9,5,E01019494,-1,0,0.04825,0.95175,-1,6,60,1,4,2,19:45,4,2,9
2023991329537,2023,991329537,1,1,1,2,23,5,2,0,0,0,0,0,9,-1,-1,7,1,1.0,0.0,-1,3,70,2,1,2,18:50,6,1,9
2023552300166,2023,552300166,1,1,3,2,61,9,2,5,3,0,0,0,0,3,E01015293,-1,0,1.0,0.0,-1,6,30,1,4,2,21:50,3,1,9
202360A177876,2023,60A177876,2,1,1,1,15,3,3,0,0,0,0,0,1,-1,-1,-1,0,0.11197,0.88803,-1,6,20,1,1,1,15:08,3,2,1
2023010465023,2023,010465023,2,1,1,1,35,6,3,0,0,0,0,0,4,2,E01003995,-1,0,0.0,1.0,-1,6,20,1,4,1,20:37,7,2,4
2023320419549,2023,320419549,3,2,2,2,49,8,3,0,0,2,0,0,9,1,E01009964,-1,0,0.08043,0.91957,-1,6,60,1,1,1,17:20,6,3,9
2023430051259,2023,430051259,1,1,2,1,62,9,3,0,0,1,0,0,9,8,E01016252,-1,0,0.01934,0.98066,-1,6,40,1,1,1,08:56,6,2,9
2023430274972,2023,430274972,1,1,1,1,56,9,1,0,0,0,0,0,9,-1,-1,-1,0,0.0,0.0,-1,6,60,1,1,1,12:49,6,2,9
2023430334360,2023,430334360,1,1,1,2,31,6,3,0,0,0,0,0,9,9,E01017813,-1,0,0.04067,0.95933,-1,6,40,1,1,1,19:39,5,2,9
2023440526374,2023,440526374,1,1,1,1,27,6,2,0,0,0,0,0,3,6,E01023250,-1,0,1.0,0.0,-1,6,60,1,4,2,07:35,4,1,3
2023061266391,2023,061266391,2,1,1,1,23,5,2,0,0,0,0,0,9,9,E01006091,7,1,1.0,0.0,-1,6,30,1,4,1,15:00,7,4,9
2023320686334,2023,320686334,2,1,1,2,25,5,3,0,0,0,0,0,9,3,E01026386,-1,0,0.01469,0.98531,-1,6,30,1,1,2,14:38,5,2,9
2023332301000,2023,332301000,1,1,1,2,31,6,3,0,0,0,0,0,9,5,E01013767,-1,0,0.00277,0.99723,-1,6,30,1,1,1,08:00,6,2,9
2023545319523,2023,545319523,2,2,1,1,48,8,3,0,0,0,0,0,9,10,W01001846,-1,0,0.03409,0.96591,-1,6,30,1,1,1,18:02,1,3,9
2023552301484,2023,552301484,2,2,1,2,51,8,3,0,0,0,0,0,9,5,E01015456,-1,0,0.01625,0.98375,-1,6,30,1,1,2,13:16,5,2,9
2023010459216,2023,010459216,1,1,3,2,26,6,3,6,9,0,0,0,0,7,E01000364,-1,0,0.0,1.0,-1,6,20,1,1,1,13:17,1,1,11
2023052400055,2023,052400055,1,1,3,2,61,9,3,1,9,0,0,0,0,1,E01006695,-1,0,0.11627,0.88373,-1,6,30,1,1,1,15:00,5,1,8