collision_index,collision_year,collision_ref_no,vehicle_reference,casualty_reference,casualty_class,sex_of_casualty,age_of_casualty,age_band_of_casualty,casualty_severity,pedestrian_location,pedestrian_movement,car_passenger,bus_or_coach_passenger,pedestrian_road_maintenance_worker,casualty_type,casualty_imd_decile,lsoa_of_casualty,enhanced_casualty_severity,casualty_injury_based,casualty_adjusted_severity_serious,casualty_adjusted_severity_slight,casualty_distance_banding,road_type,speed_limit,weather_conditions,light_conditions,road_surface_conditions,time,day_of_week,number_of_vehicles,vehicle_type
2023440170438,2023,440170438,1,1,3,1,24,5,2,4,2,0,0,0,0,10,E01023247,-1,0,1.0,0.0,-1,6,30,1,1,1,16:32,2,1,9
2023471316238,2023,471316238,1,1,3,2,48,8,3,9,5,0,0,2,0,5,E01020968,3,1,0.0,1.0,-1,6,30,8,1,1,15:25,4,1,9
2023440384646,2023,440384646,1,1,3,2,40,7,2,8,1,0,0,0,0,5,E01023110,-1,0,1.0,0.0,-1,6,30,2,1,2,16:38,4,1,9
2023311306505,2023,311306505,2,1,1,2,38,7,3,0,0,0,0,0,9,8,E01028168,3,1,0.0,1.0,-1,6,30,1,1,1,19:00,5,2,9
2023320388319,2023,320388319,2,1,1,1,60,9,3,0,0,0,0,0,9,9,E01026357,-1,0,0.0788,0.9212,-1,6,60,1,1,1,16:00,7,2,9
2023421312591,2023,421312591,2,2,1,2,67,10,3,0,0,0,0,0,9,8,E01022059,3,1,0.0,1.0,-1,6,40,1,1,1,17:30,2,2,9
2023440472561,2023,440472561,2,1,2,2,25,5,3,0,0,1,0,0,9,-1,-1,-1,0,0.05205,0.94795,-1,6,30,4,4,1,21:23,7,2,9
2023010421014,2023,010421014,1,1,3,2,41,7,3,5,3,0,0,0,0,2,E01000729,-1,0,0.0,1.0,-1,6,30,8,1,1,14:30,4,1,9
2023031295185,2023,031295185,1,1,1,1,17,4,3,0,0,0,0,0,3,8,E01019366,3,1,0.0,1.0,-1,6,40,1,1,1,16:55,2,1,3
2023141362779,2023,141362779,1,1,2,2,29,6,3,0,0,2,0,0,9,-1,-1,3,1,0.0,1.0,-1,3,30,1,5,1,03:30,1,2,9
2023221265333,2023,221265333,1,1,1,2,61,9,3,0,0,0,0,0,9,10,E01032151,3,1,0.0,1.0,-1,3,70,1,4,1,18:56,6,3,9
2023311348248,2023,311348248,1,1,1,1,65,9,3,0,0,0,0,0,9,1,E01027956,3,1,0.0,1.0,-1,6,30,1,1,1,07:40,2,3,9
2023501382093,2023,501382093,2,3,1,2,49,8,3,0,0,0,0,0,9,3,E01015061,3,1,0.0,1.0,-1,6,30,2,4,2,18:00,1,2,9
2023421320632,2023,421320632,1,2,1,1,71,10,3,0,0,0,0,0,1,8,E01021583,3,1,0.0,1.0,-1,6,30,1,1,1,18:00,1,1,1
2023131355567,2023,131355567,1,1,1,1,44,7,2,0,0,0,0,0,5,5,E01007887,7,1,1.0,0.0,-1,3,50,1,1,1,16:22,7,1,5
2023461328245,2023,461328245,1,1,1,1,62,9,3,0,0,0,0,0,5,3,E01024239,3,1,0.0,1.0,-1,6,60,1,1,1,10:27,5,1,5
2023070544839,2023,070544839,1,1,3,2,30,6,2,6,8,0,0,0,0,2,E01018484,-1,0,1.0,0.0,-1,6,30,1,1,1,12:59,4,1,9
2023991370334,2023,991370334,1,1,3,1,37,7,3,5,9,0,0,2,0,8,-1,3,1,0.0,1.0,-1,6,20,1,1,1,13:35,6,1,9
2023070682922,2023,070682922,2,1,1,1,17,4,3,0,0,0,0,0,1,1,E01018748,-1,0,0.06373,0.93627,-1,6,30,1,1,1,18:30,2,2,1
2023070946467,2023,070946467,1,1,1,1,18,4,3,0,0,0,0,0,1,10,E01012513,-1,0,0.14754,0.85246,-1,6,30,1,1,1,17:45,6,2,1
2023302301611,2023,302301611,2,1,1,2,37,7,3,0,0,0,0,0,1,9,E01019670,-1,0,0.07938,0.92062,-1,6,30,9,1,2,07:46,3,2,1
2023010462179,2023,010462179,1,1,1,1,22,5,3,0,0,0,0,0,3,2,E01004003,-1,0,0.0,1.0,-1,6,20,1,1,1,15:30,3,2,3
2023111307675,2023,111307675,1,1,1,1,20,4,2,0,0,0,0,0,3,6,E01020778,7,1,1.0,0.0,-1,6,60,1,1,1,18:00,2,3,3
2023430375412,2023,430375412,1,1,1,1,51,8,3,0,0,0,0,0,90,-1,-1,-1,0,0.09762,0.90238,-1,1,30,1,1,1,09:17,3,2,90
2023010480023,2023,010480023,1,1,3,2,44,7,2,5,9,0,0,0,0,6,E01002968,-1,0,1.0,0.0,-1,1,30,1,4,1,19:44,6,1,9
2023351356816,2023,351356816,2,1,1,2,14,3,3,0,0,0,0,0,1,5,E01017991,3,1,0.0,1.0,-1,6,20,1,1,-1,18:52,1,2,1
2023010490204,2023,010490204,1,1,1,1,40,7,3,0,0,0,0,0,8,2,E01000126,-1,0,0.0,1.0,-1,6,20,1,1,1,16:00,7,1,8
2023070308748,2023,070308748,2,1,1,1,65,9,2,0,0,0,0,0,1,9,E01018408,-1,0,1.0,0.0,-1,1,30,1,1,1,09:00,4,2,1
2023201339925,2023,201339925,1,1,1,1,-1,-1,3,0,0,0,0,0,1,-1,-1,3,1,0.0,1.0,-1,6,30,1,1,1,15:45,3,2,1
2023421279660,2023,421279660,1,1,1,1,39,7,2,0,0,0,0,0,5,-1,-1,7,1,1.0,0.0,-1,6,30,1,1,1,08:31,5,2,5
2023311313224,2023,311313224,2,1,1,1,62,9,2,0,0,0,0,0,3,1,E01013821,7,1,1.0,0.0,-1,6,30,1,1,1,07:06,4,2,3
2023101384636,2023,101384636,3,4,2,2,59,9,3,0,0,1,0,0,9,3,E01008637,3,1,0.0,1.0,-1,6,40,1,4,2,18:15,6,3,9
2023122300044,2023,122300044,1,2,2,2,16,4,2,0,0,1,0,0,9,1,E01012148,-1,0,1.0,0.0,-1,6,60,5,6,2,20:18,1,1,9
2023340WN0412,2023,340WN0412,2,1,2,2,64,9,3,0,0,2,0,0,9,-1,-1,-1,0,0.03661,0.96339,-1,3,70,1,4,1,17:54,6,2,9
2023061295465,2023,061295465,1,1,1,1,55,8,3,0,0,0,0,0,21,3,E01005212,3,1,0.0,1.0,-1,3,70,5,1,2,10:15,3,2,21
2023430552536,2023,430552536,2,1,1,1,36,7,2,0,0,0,0,0,3,5,E01017923,-1,0,1.0,0.0,-1,6,30,1,6,1,18:42,7,2,3
2023411270935,2023,411270935,1,1,3,1,55,8,3,10,3,0,0,0,0,10,E01023695,3,1,0.0,1.0,-1,6,30,1,1,1,07:22,2,1,9
2023010435632,2023,010435632,1,1,1,1,53,8,3,0,0,0,0,0,1,4,E01001898,-1,0,0.0,1.0,-1,6,30,1,1,1,13:30,6,2,1
2023010448241,2023,010448241,1,1,3,1,5,1,2,5,4,0,0,0,0,6,E01002555,-1,0,1.0,0.0,-1,7,20,1,1,1,20:54,7,1,8
2023010439665,2023,010439665,1,1,1,2,41,7,3,0,0,0,0,0,3,1,E01002039,-1,0,0.0,1.0,-1,9,20,1,1,1,14:10,2,2,3
2023548659223,2023,548659223,1,1,1,1,34,6,3,0,0,0,0,0,5,6,E01031876,-1,0,0.18301,0.81699,-1,6,60,1,1,1,17:20,4,2,5
2023010451076,2023,010451076,2,2,2,1,-1,-1,3,0,0,1,0,0,9,4,E01003666,-1,0,0.0,1.0,-1,6,30,1,4,1,01:16,7,2,9
2023070768392,2023,070768392,2,3,2,2,13,3,3,0,0,1,0,0,9,5,E01010873,-1,0,0.02224,0.97776,-1,3,60,1,1,1,10:08,6,3,9
2023071313787,2023,071313787,2,2,2,2,28,6,3,0,0,2,0,0,9,1,E01012738,-1,0,0.02356,0.97644,-1,3,70,1,1,1,13:07,1,3,9
2023302300147,2023,302300147,1,1,1,2,24,5,3,0,0,0,0,0,9,1,E01013481,-1,0,0.05556,0.94444,-1,6,30,1,1,2,08:09,4,1,9
2023542058423,2023,542058423,1,2,1,1,67,10,3,0,0,0,0,0,9,7,E01031891,-1,0,0.06147,0.93853,-1,6,60,1,1,1,12:23,6,2,9
2023401297446,2023,401297446,1,2,2,2,6,2,3,0,0,2,0,0,9,8,E01017526,3,1,0.0,1.0,-1,6,30,1,1,1,19:02,3,1,9
2023471330614,2023,471330614,2,1,1,2,20,4,3,0,0,0,0,0,9,7,E01031398,3,1,0.0,1.0,-1,6,30,1,1,1,12:36,6,2,9
2023351265414,2023,351265414,1,1,1,1,18,4,3,0,0,0,0,0,9,4,E01018046,3,1,0.0,1.0,-1,7,40,2,4,2,02:40,7,2,9
2023552301287,2023,552301287,2,1,1,2,76,11,3,0,0,0,0,0,9,9,E01020464,-1,0,0.08025,0.91975,-1,6,60,2,1,2,11:05,6,2,9
2023010438190,2023,010438190,1,1,1,1,40,7,3,0,0,0,0,0,9,7,E01004683,-1,0,0.0,1.0,-1,6,20,2,1,2,14:20,6,2,9
2023411276091,2023,411276091,2,1,1,2,21,5,3,0,0,0,0,0,9,7,E01033314,3,1,0.0,1.0,-1,1,30,1,4,1,20:15,6,2,9
2023411278627,2023,411278627,2,2,1,1,52,8,3,0,0,0,0,0,9,8,E01023709,3,1,0.0,1.0,-1,6,30,7,1,2,08:47,3,2,9
2023421314755,2023,421314755,2,2,2,1,79,11,3,0,0,1,0,0,9,9,E01021390,3,1,0.0,1.0,-1,6,60,1,1,1,14:17,1,2,9
2023430483827,2023,430483827,2,1,1,1,19,4,3,0,0,0,0,0,1,7,E01030921,-1,0,0.03906,0.96094,-1,6,20,1,1,1,16:50,5,2,1
2023201410975,2023,201410975,2,1,1,1,21,5,2,0,0,0,0,0,2,1,E01010482,7,1,1.0,0.0,-1,3,30,1,1,1,14:27,7,2,2
2023010470229,2023,010470229,1,1,1,1,53,8,3,0,0,0,0,0,5,7,E01000334,-1,0,0.0,1.0,-1,6,20,1,1,1,19:32,5,2,5
2023111363890,2023,111363890,1,1,3,2,65,9,3,6,9,0,0,0,0,5,E01008879,3,1,0.0,1.0,-1,6,20,1,1,1,16:00,7,1,9
2023361370460,2023,361370460,2,2,2,2,25,5,2,0,0,1,0,0,9,3,E01026721,7,1,1.0,0.0,-1,6,50,1,6,2,21:10,6,2,9
2023052301907,2023,052301907,2,1,1,2,73,10,3,0,0,0,0,0,9,8,E01007154,-1,0,0.03058,0.96942,-1,6,30,1,1,1,10:00,2,2,9
2023061315728,2023,061315728,2,1,1,2,31,6,3,0,0,0,0,0,9,9,E01006348,3,1,0.0,1.0,-1,6,30,1,1,1,14:45,3,2,9
2023371374819,2023,371374819,1,3,2,2,80,11,3,0,0,1,0,0,9,6,E01021356,3,1,0.0,1.0,-1,6,30,1,1,1,10:38,7,2,9
2023430310155,2023,430310155,1,1,1,2,35,6,3,0,0,0,0,0,9,5,E01016503,-1,0,0.01033,0.98967,-1,3,40,1,1,1,08:57,5,2,9
2023010443856,2023,010443856,2,1,1,2,67,10,3,0,0,0,0,0,22,2,E01004004,-1,0,0.0,1.0,-1,9,30,9,1,1,12:05,4,2,22
2023471381501,2023,471381501,1,1,3,1,22,5,2,5,2,0,0,0,0,7,E01031782,7,1,1.0,0.0,-1,3,30,1,4,1,18:30,6,1,9
2023010441309,2023,010441309,2,2,1,1,30,6,3,0,0,0,0,0,9,2,E01003256,-1,0,0.0,1.0,-1,6,20,1,1,1,07:49,6,2,9
2023201409104,2023,201409104,1,2,2,2,27,6,3,0,0,2,0,0,9,-1,-1,3,1,0.0,1.0,-1,3,50,1,1,1,14:31,1,2,9
2023622300407,2023,622300407,1,1,1,1,50,8,3,0,0,0,0,0,9,3,W01000941,-1,0,0.11629,0.88371,-1,3,70,5,1,2,06:24,2,1,9
2023991296241,2023,991296241,1,1,1,2,55,8,3,0,0,0,0,0,9,2,-1,3,1,0.0,1.0,-1,6,60,1,1,1,13:50,3,2,9
2023010479203,2023,010479203,1,1,1,1,19,4,1,0,0,0,0,0,3,4,E01021818,-1,0,0.0,0.0,-1,6,30,1,4,1,20:50,2,2,3
2023201292351,2023,201292351,1,1,3,1,54,8,3,9,8,0,0,0,0,2,E01010476,3,1,0.0,1.0,-1,6,30,1,1,1,16:56,7,1,9
2023052302579,2023,052302579,2,1,1,1,18,4,2,0,0,0,0,0,1,7,E01007265,-1,0,1.0,0.0,-1,6,30,1,1,2,15:09,6,2,1
2023010449831,2023,010449831,1,1,1,1,24,5,3,0,0,0,0,0,1,2,E01033578,-1,0,0.0,1.0,-1,7,20,1,1,1,18:20,7,3,1
2023031283189,2023,031283189,1,1,1,1,54,8,2,0,0,0,0,0,21,-1,-1,7,1,1.0,0.0,-1,6,50,1,1,1,08:00,1,2,21
2023302300366,2023,302300366,1,1,3,1,10,2,3,9,7,0,0,0,0,3,E01019692,-1,0,0.06768,0.93232,-1,6,30,1,1,2,15:15,5,1,9
2023311274155,2023,311274155,2,1,1,2,34,6,3,0,0,0,0,0,1,-1,-1,3,1,0.0,1.0,-1,6,20,1,1,1,07:54,5,2,1
2023501350844,2023,501350844,1,4,2,2,25,5,3,0,0,0,0,0,5,4,E01018994,3,1,0.0,1.0,-1,6,60,1,1,1,10:15,7,2,5
2023101349181,2023,101349181,2,1,1,1,56,9,3,0,0,0,0,0,1,-1,-1,3,1,0.0,1.0,-1,6,20,1,1,1,10:00,2,2,1
2023141347074,2023,141347074,1,1,1,1,39,7,3,0,0,0,0,0,9,6,E01007565,3,1,0.0,1.0,-1,6,40,1,1,1,07:50,5,2,9
2023311352949,2023,311352949,2,2,2,2,9,2,3,0,0,1,0,0,9,-1,-1,3,1,0.0,1.0,-1,6,30,1,1,1,17:12,6,2,9
2023371359366,2023,371359366,2,1,1,1,25,5,3,0,0,0,0,0,9,1,E01030250,3,1,0.0,1.0,-1,6,30,1,1,2,18:21,2,2,9
2023131362548,2023,131362548,2,2,1,1,74,10,2,0,0,0,0,0,9,6,E01011548,5,1,1.0,0.0,-1,3,40,1,1,1,14:30,5,2,9
2023170S10943,2023,170S10943,1,2,2,1,16,4,2,0,0,2,0,0,9,2,E01012193,-1,0,1.0,0.0,-1,6,30,1,4,1,02:31,5,2,9
2023421341222,2023,421341222,1,2,2,2,13,3,3,0,0,2,0,0,9,3,E01004432,3,1,0.0,1.0,-1,7,50,1,1,1,15:01,1,2,9
2023520400403,2023,520400403,2,2,2,1,45,7,3,0,0,1,0,0,9,8,E01029246,-1,0,0.02922,0.97078,-1,6,30,1,1,1,18:15,1,2,9
2023231314849,2023,231314849,2,1,1,1,88,11,3,0,0,0,0,0,22,4,E01008997,3,1,0.0,1.0,-1,6,30,1,1,1,10:00,6,2,22
2023221392583,2023,221392583,1,1,1,1,39,7,3,0,0,0,0,0,9,5,E01022420,3,1,0.0,1.0,-1,6,50,5,6,2,22:19,4,1,9
2023610028823,2023,610028823,1,2,2,2,9,2,3,0,0,1,0,0,9,10,W01001669,-1,0,0.04236,0.95764,-1,1,30,1,1,1,18:25,6,2,9
2023340NN0842,2023,340NN0842,1,1,1,2,27,6,3,0,0,0,0,0,-1,2,E01027106,-1,0,0.09917,0.90083,-1,2,30,2,1,2,17:00,2,2,-1
2023401394018,2023,401394018,1,1,1,1,26,6,2,0,0,0,0,0,90,6,E01017507,7,1,1.0,0.0,-1,6,30,2,7,2,22:32,3,1,90
2023411289514,2023,411289514,1,1,1,1,44,7,3,0,0,0,0,0,9,2,E01015735,3,1,0.0,1.0,-1,7,40,1,4,1,22:51,7,2,9
2023520300934,2023,520300934,1,1,1,2,32,6,3,0,0,0,0,0,9,4,E01029335,-1,0,0.02268,0.97732,-1,6,60,1,1,1,11:48,5,3,9
2023101291005,2023,101291005,1,1,2,2,6,2,3,0,0,0,4,0,11,-1,-1,3,1,0.0,1.0,-1,6,20,1,1,1,12:32,7,1,11
2023070034095,2023,070034095,4,2,1,1,51,8,3,0,0,0,0,0,19,3,E01018557,-1,0,0.04769,0.95231,-1,3,70,1,1,2,07:44,5,4,19
2023131289452,2023,131289452,2,8,2,2,22,5,3,0,0,2,0,0,9,3,E01010825,3,1,0.0,1.0,-1,3,30,1,1,1,08:07,4,2,9
2023451384437,2023,451384437,1,1,1,2,46,8,3,0,0,0,0,0,9,10,E01030626,3,1,0.0,1.0,-1,6,30,1,1,2,11:30,5,2,9
2023131329555,2023,131329555,1,1,1,1,37,7,3,0,0,0,0,0,9,2,E01011481,3,1,0.0,1.0,-1,3,40,2,1,2,18:00,6,2,9
2023471263392,2023,471263392,2,2,2,1,37,7,3,0,0,1,0,0,9,2,E01031371,3,1,0.0,1.0,-1,3,70,4,6,2,18:30,7,3,9
2023440277199,2023,440277199,2,1,1,2,46,8,3,0,0,0,0,0,9,6,E01023219,-1,0,0.07404,0.92596,-1,6,40,1,1,2,19:36,2,2,9
2023010454836,2023,010454836,1,1,3,1,20,4,3,1,9,0,0,0,0,-1,-1,-1,0,0.0,1.0,-1,1,20,1,1,1,21:20,2,1,9
2023461294356,2023,461294356,1,1,3,2,40,7,3,9,1,0,0,0,0,8,E01016179,3,1,0.0,1.0,-1,2,30,1,1,1,10:17,5,1,9
2023522300456,2023,522300456,1,1,1,2,37,7,2,0,0,0,0,0,1,7,E01014525,-1,0,1.0,0.0,-1,2,30,1,1,1,14:55,3,2,1
2023061289924,2023,061289924,2,1,1,1,30,6,3,0,0,0,0,0,23,5,E01006200,3,1,0.0,1.0,-1,3,30,1,1,1,19:15,4,2,23
2023010476752,2023,010476752,1,2,3,1,8,2,3,1,1,0,0,0,0,7,E01002891,-1,0,0.0,1.0,-1,6,30,1,4,1,18:16,4,1,1
2023501347002,2023,501347002,1,1,3,1,34,6,3,6,9,0,0,-1,0,2,E01018984,3,1,0.0,1.0,-1,6,30,1,1,1,13:40,4,1,9
2023421394003,2023,421394003,2,1,2,2,36,7,3,0,0,2,0,0,8,-1,-1,3,1,0.0,1.0,-1,6,30,9,1,1,17:17,7,2,8
2023311337902,2023,311337902,1,1,3,1,47,8,2,5,1,0,0,0,0,4,E01027982,7,1,1.0,0.0,-1,6,30,1,1,1,18:30,1,1,97
2023421307042,2023,421307042,1,2,2,2,26,6,3,0,0,1,0,0,9,5,E01021753,3,1,0.0,1.0,-1,7,50,1,1,1,16:20,7,2,9
2023440206833,2023,440206833,2,1,1,2,64,9,3,0,0,0,0,0,9,2,E01030032,-1,0,0.11457,0.88543,-1,6,20,1,1,1,12:59,5,3,9
2023440339910,2023,440339910,1,1,2,2,22,5,3,0,0,1,0,0,9,9,E01022653,-1,0,0.04502,0.95498,-1,3,40,1,1,1,06:30,7,2,9
2023010454425,2023,010454425,1,1,3,1,6,2,3,5,1,0,0,0,0,2,E01002604,-1,0,0.0,1.0,-1,6,20,1,1,1,15:20,2,1,9
2023421293827,2023,421293827,1,1,3,1,29,6,3,1,1,0,0,0,0,8,E01021337,3,1,0.0,1.0,-1,6,30,1,4,1,18:40,7,1,9
2023010444944,2023,010444944,2,1,1,1,30,6,2,0,0,0,0,0,3,6,E01000193,-1,0,1.0,0.0,-1,6,30,1,1,1,07:36,5,2,3
2023010485364,2023,010485364,1,1,1,2,19,4,3,0,0,0,0,0,3,5,E01003140,-1,0,0.0,1.0,-1,9,30,1,1,1,14:30,4,2,3
2023461282658,2023,461282658,2,1,1,2,64,9,3,0,0,0,0,0,9,4,E01024231,3,1,0.0,1.0,-1,6,30,1,1,1,09:25,2,2,9
2023010457656,2023,010457656,1,1,1,1,53,8,3,0,0,0,0,0,11,4,E01000439,-1,0,0.0,1.0,-1,6,30,1,1,1,09:23,6,2,11
2023031391956,2023,031391956,2,1,1,1,25,5,3,0,0,0,0,0,9,9,E01019190,3,1,0.0,1.0,-1,6,30,2,1,2,10:11,6,2,9
2023440240850,2023,440240850,2,4,2,1,26,6,3,0,0,1,0,0,9,9,E01022653,-1,0,0.06015,0.93985,-1,6,30,1,1,1,14:46,7,2,9
2023991273235,2023,991273235,2,1,1,2,18,4,3,0,0,0,0,0,9,7,-1,3,1,0.0,1.0,-1,6,60,1,1,1,09:30,3,2,9
2023070261245,2023,070261245,2,1,2,1,19,4,3,0,0,1,0,0,21,4,E01018512,-1,0,0.02329,0.97671,-1,6,30,1,1,1,08:30,3,2,21
2023401307927,2023,401307927,2,1,2,2,-1,-1,3,0,0,0,0,0,-1,2,E01015727,3,1,0.0,1.0,-1,6,30,2,4,2,20:11,1,2,-1
2023520400103,2023,520400103,1,1,1,1,52,8,3,0,0,0,0,0,90,5,E01032048,-1,0,0.079,0.921,-1,6,30,2,1,2,08:59,5,2,90
2023052301264,2023,052301264,1,1,1,1,59,9,2,0,0,0,0,0,5,1,E01006952,-1,0,1.0,0.0,-1,6,60,1,1,1,18:19,4,1,5
2023141358169,2023,141358169,1,1,2,2,21,5,2,0,0,1,0,0,9,1,E01005515,7,1,1.0,0.0,-1,6,30,2,1,2,18:30,7,2,9
2023451381018,2023,451381018,1,3,2,2,75,10,3,0,0,2,0,0,9,5,E01002948,3,1,0.0,1.0,-1,3,70,1,4,1,21:50,6,2,9
2023302300747,2023,302300747,2,2,1,1,52,8,3,0,0,0,0,0,19,3,E01032896,-1,0,0.04056,0.95944,-1,6,30,1,1,1,14:10,6,2,19
2023421282425,2023,421282425,2,2,1,2,46,8,2,0,0,0,0,0,9,6,E01021353,6,1,1.0,0.0,-1,6,30,1,1,1,14:59,5,2,9
2023440350131,2023,440350131,2,2,2,2,31,6,3,0,0,1,0,0,9,10,E01022770,-1,0,0.01711,0.98289,-1,6,30,1,1,2,20:00,3,2,9
2023451368250,2023,451368250,1,1,1,2,49,8,3,0,0,0,0,0,9,9,E01004080,3,1,0.0,1.0,-1,6,30,2,4,2,16:31,1,2,9
2023461284163,2023,461284163,1,2,2,1,92,11,3,0,0,1,0,0,9,5,E01024788,3,1,0.0,1.0,-1,6,50,1,1,1,15:25,5,2,9
2023010463998,2023,010463998,1,1,2,1,87,11,3,0,0,0,3,0,11,2,E01002029,-1,0,0.0,1.0,-1,6,20,1,1,1,11:59,2,1,11
2023052300565,2023,052300565,1,1,1,1,10,2,3,0,0,0,0,0,-1,1,E01006677,-1,0,0.10218,0.89782,-1,6,30,3,1,2,08:02,5,2,-1
2023211368699,2023,211368699,1,1,2,2,0,1,3,0,0,0,0,0,9,-1,-1,3,1,0.0,1.0,-1,6,30,2,4,2,20:10,2,2,9
2023421366935,2023,421366935,1,1,1,1,21,5,3,0,0,0,0,0,9,1,E01002852,3,1,0.0,1.0,-1,3,70,8,1,2,11:05,4,2,9
2023430416061,2023,430416061,2,2,2,1,85,11,3,0,0,1,0,0,9,9,E01017744,-1,0,0.12395,0.87605,-1,6,60,1,1,1,12:37,7,2,9
2023311387321,2023,311387321,1,2,2,1,7,2,3,0,0,0,4,0,11,-1,-1,3,1,0.0,1.0,-1,6,60,2,1,2,13:30,3,1,11
2023010486018,2023,010486018,1,1,2,2,66,10,3,0,0,1,0,0,9,8,E01000563,-1,0,0.0,1.0,-1,6,30,1,1,1,11:35,3,2,9
2023061287352,2023,061287352,2,1,1,2,44,7,2,0,0,0,0,0,9,1,E01005698,7,1,1.0,0.0,-1,6,30,5,4,2,19:05,2,2,9
2023170S11483,2023,170S11483,3,4,2,2,6,2,2,0,0,2,0,0,9,5,E01012295,-1,0,1.0,0.0,-1,6,60,1,1,1,14:16,4,3,9
2023201292056,2023,201292056,2,1,1,1,18,4,3,0,0,0,0,0,9,3,E01009587,3,1,0.0,1.0,-1,3,20,1,1,2,07:56,3,2,9
2023610000623,2023,610000623,1,1,1,2,19,4,3,0,0,0,0,0,9,-1,-1,-1,0,0.00708,0.99292,-1,6,30,1,1,1,09:00,2,2,9
2023161384344,2023,161384344,2,3,2,1,19,4,3,0,0,0,0,0,19,-1,-1,3,1,0.0,1.0,-1,6,40,8,6,2,06:45,6,3,19
2023201338838,2023,201338838,1,2,2,2,-1,-1,3,0,0,1,0,0,9,4,E01009856,3,1,0.0,1.0,-1,6,30,1,1,1,19:25,7,2,9
2023371260153,2023,371260153,2,1,1,2,74,10,3,0,0,0,0,0,9,10,E01018040,3,1,0.0,1.0,-1,6,60,1,6,1,20:00,5,2,9
2023991375912,2023,991375912,2,1,1,2,44,7,3,0,0,0,0,0,9,6,-1,3,1,0.0,1.0,-1,3,70,2,1,2,13:10,3,2,9
2023010445274,2023,010445274,2,3,3,1,13,3,3,6,9,0,0,0,0,7,E01000668,-1,0,0.0,1.0,-1,6,30,1,1,1,15:05,6,2,2
2023010460637,2023,010460637,1,1,3,1,-1,-1,3,10,9,0,0,0,0,3,E01003999,-1,0,0.0,1.0,-1,6,20,1,1,1,18:20,2,1,20
2023010460854,2023,010460854,1,1,1,1,36,7,3,0,0,0,0,0,3,2,E01033726,-1,0,0.0,1.0,-1,9,30,9,1,9,17:05,2,2,3
2023451370933,2023,451370933,2,1,1,1,43,7,2,0,0,0,0,0,3,9,E01030978,7,1,1.0,0.0,-1,6,30,1,1,1,12:29,1,2,3
2023201339314,2023,201339314,1,1,1,1,27,6,3,0,0,0,0,0,9,6,E01009041,3,1,0.0,1.0,-1,6,30,1,4,1,23:13,2,1,9
2023351390629,2023,351390629,1,3,2,2,88,11,3,0,0,2,0,0,9,10,E01018267,3,1,0.0,1.0,-1,6,60,2,4,2,19:15,5,2,9
2023552300353,2023,552300353,2,1,1,2,27,6,3,0,0,0,0,0,9,5,E01015456,-1,0,0.01989,0.98011,-1,6,30,1,4,1,06:00,3,2,9
2023461292708,2023,461292708,2,1,1,1,53,8,3,0,0,0,0,0,1,4,E01024339,3,1,0.0,1.0,-1,1,40,1,1,1,09:25,5,2,1
2023010425834,2023,010425834,2,1,2,2,7,2,3,0,0,1,0,0,9,3,E01003430,-1,0,0.0,1.0,-1,3,30,1,1,1,08:30,3,2,9
2023201291008,2023,201291008,1,3,1,1,19,4,3,0,0,0,0,0,9,2,E01032333,3,1,0.0,1.0,-1,6,30,1,1,1,13:15,2,2,9
2023552301148,2023,552301148,1,1,1,2,37,7,3,0,0,0,0,0,9,5,E01020472,-1,0,0.077,0.923,-1,6,30,1,4,2,00:44,7,1,9
2023201411400,2023,201411400,2,2,2,2,42,7,3,0,0,-1,0,0,9,1,E01009007,3,1,0.0,1.0,-1,3,30,1,1,1,15:51,5,3,9
2023544434823,2023,544434823,2,2,2,2,27,6,3,0,0,1,0,0,9,-1,-1,-1,0,0.00605,0.99395,-1,6,30,2,1,2,18:41,1,2,9
2023552400187,2023,552400187,1,1,1,1,19,4,3,0,0,0,0,0,9,7,E01015416,-1,0,0.05337,0.94663,-1,6,30,1,4,1,18:28,1,2,9
2023010470412,2023,010470412,1,1,1,1,33,6,3,0,0,0,0,0,9,2,E01003179,-1,0,0.0,1.0,-1,6,20,1,1,1,16:42,5,2,9
2023141313059,2023,141313059,1,1,1,1,84,11,2,0,0,0,0,0,9,1,E01007543,7,1,1.0,0.0,-1,6,40,1,1,1,19:09,3,3,9
2023201305250,2023,201305250,2,2,1,1,23,5,3,0,0,0,0,0,9,5,E01009185,3,1,0.0,1.0,-1,6,30,1,1,1,07:20,4,2,9
2023211372643,2023,211372643,2,1,1,1,36,7,3,0,0,0,0,0,9,-1,-1,3,1,0.0,1.0,-1,6,60,1,1,1,12:00,4,2,9
2023311301889,2023,311301889,1,1,2,1,30,6,3,0,0,0,2,0,11,-1,-1,3,1,0.0,1.0,-1,6,30,1,1,1,13:50,5,1,11
2023501336186,2023,501336186,2,2,1,1,29,6,3,0,0,0,0,0,19,4,E01018969,3,1,0.0,1.0,-1,6,60,1,1,1,16:07,2,2,19
2023421312484,2023,421312484,2,1,1,1,23,5,3,0,0,0,0,0,9,10,E01021614,3,1,0.0,1.0,-1,6,60,1,1,1,04:55,2,2,9