collision_index,collision_year,collision_ref_no,vehicle_reference,casualty_reference,casualty_class,sex_of_casualty,age_of_casualty,age_band_of_casualty,casualty_severity,pedestrian_location,pedestrian_movement,car_passenger,bus_or_coach_passenger,pedestrian_road_maintenance_worker,casualty_type,casualty_imd_decile,lsoa_of_casualty,enhanced_casualty_severity,casualty_injury_based,casualty_adjusted_severity_serious,casualty_adjusted_severity_slight,casualty_distance_banding,road_type,speed_limit,weather_conditions,light_conditions,road_surface_conditions,time,day_of_week,number_of_vehicles,vehicle_type
2023122300623,2023,122300623,1,1,2,2,64,9,3,0,0,1,0,0,9,5,E01027789,-1,0,0.06393,0.93607,-1,6,40,1,1,1,17:35,4,2,9
2023501413332,2023,501413332,2,1,1,2,66,10,3,0,0,0,0,0,9,4,E01018861,3,1,0.0,1.0,-1,6,30,2,4,2,17:30,3,2,9
2023471268992,2023,471268992,1,1,1,1,17,4,3,0,0,0,0,0,9,3,E01016922,3,1,0.0,1.0,-1,6,60,1,6,4,21:12,6,1,9
2023501309967,2023,501309967,1,1,1,1,68,10,3,0,0,0,0,0,9,4,E01020057,3,1,0.0,1.0,-1,6,30,1,1,1,23:17,3,2,9
2023340NN3652,2023,340NN3652,1,1,1,2,20,4,3,0,0,0,0,0,9,6,E01032970,-1,0,0.04227,0.95773,-1,6,30,1,1,1,13:30,5,2,9
2023010460617,2023,010460617,1,1,1,1,-1,-1,3,0,0,0,0,0,2,4,E01004401,-1,0,0.0,1.0,-1,6,20,1,1,1,19:19,2,2,2
2023211300402,2023,211300402,1,1,1,1,18,4,2,0,0,0,0,0,3,1,E01014249,7,1,1.0,0.0,-1,6,30,1,1,1,17:00,2,1,3
2023991358244,2023,991358244,1,1,1,1,20,4,3,0,0,0,0,0,5,1,-1,3,1,0.0,1.0,-1,3,50,1,5,2,17:50,7,1,5
2023052300030,2023,052300030,2,3,2,1,25,5,3,0,0,2,0,0,9,5,E01006896,-1,0,0.01848,0.98152,-1,6,30,2,1,2,13:00,3,2,9
2023061287670,2023,061287670,2,1,2,1,4,1,3,0,0,2,0,0,9,1,E01006275,3,1,0.0,1.0,-1,6,30,1,4,2,18:48,7,2,9
2023320411672,2023,320411672,2,1,1,2,31,6,3,0,0,0,0,0,9,8,E01026365,-1,0,0.0144,0.9856,-1,1,60,1,1,1,14:59,3,3,9
2023501332422,2023,501332422,2,2,2,2,51,8,3,0,0,2,0,0,9,7,E01000714,3,1,0.0,1.0,-1,6,50,2,1,2,11:39,1,2,9
2023010423671,2023,010423671,1,1,1,1,41,7,3,0,0,0,0,0,3,2,E01003126,-1,0,0.0,1.0,-1,9,30,2,4,2,21:40,4,2,3
2023010473805,2023,010473805,1,1,1,1,30,6,3,0,0,0,0,0,2,3,E01004342,-1,0,0.0,1.0,-1,7,30,8,4,2,17:06,3,2,2
2023070926248,2023,070926248,1,1,1,1,20,4,2,0,0,0,0,0,3,2,E01018739,-1,0,1.0,0.0,-1,6,50,4,1,1,16:40,1,3,3
2023052300498,2023,052300498,1,1,3,1,66,10,2,5,3,0,0,0,0,2,E01032511,-1,0,1.0,0.0,-1,3,30,1,1,1,08:30,3,1,19
2023010468708,2023,010468708,2,1,1,2,62,9,2,0,0,0,0,0,1,5,E01004647,-1,0,1.0,0.0,-1,6,20,1,1,1,06:29,5,2,1
2023440098103,2023,440098103,1,1,1,1,30,6,2,0,0,0,0,0,5,5,E01022656,-1,0,1.0,0.0,-1,6,30,2,1,2,09:47,7,1,5
2023070170351,2023,070170351,2,1,1,2,35,6,3,0,0,0,0,0,9,7,E01018372,-1,0,0.00537,0.99463,-1,6,40,1,1,1,12:50,2,2,9
2023411291795,2023,411291795,2,2,2,2,35,6,3,0,0,1,0,0,9,7,E01023513,3,1,0.0,1.0,-1,6,30,1,1,1,14:15,7,2,9
2023421359903,2023,421359903,2,1,1,2,34,6,3,0,0,0,0,0,9,7,E01002329,3,1,0.0,1.0,-1,3,70,1,1,1,15:43,5,2,9
2023440169692,2023,440169692,1,1,1,1,35,6,3,0,0,0,0,0,9,2,E01017219,-1,0,0.12413,0.87587,-1,6,30,1,4,1,21:18,1,3,9
2023010474179,2023,010474179,1,1,1,-1,32,6,3,0,0,0,0,0,1,2,E01003092,-1,0,0.0,1.0,-1,9,20,9,1,9,15:00,1,2,1
2023061325103,2023,061325103,2,1,1,1,47,8,2,0,0,0,0,0,1,9,E01005865,6,1,1.0,0.0,-1,6,20,1,1,1,14:55,7,2,1
2023430430639,2023,430430639,1,1,1,1,36,7,3,0,0,0,0,0,1,4,E01016462,-1,0,0.04637,0.95363,-1,1,30,1,1,1,19:00,7,2,1
2023010444198,2023,010444198,1,1,1,1,66,10,2,0,0,0,0,0,8,2,E01002969,-1,0,1.0,0.0,-1,1,20,1,1,1,08:45,1,1,8
2023451372342,2023,451372342,1,1,1,1,19,4,3,0,0,0,0,0,19,8,E01030659,3,1,0.0,1.0,-1,6,30,1,6,2,22:25,4,1,19
2023010453948,2023,010453948,1,2,3,2,17,4,3,5,1,0,0,0,0,2,E01001078,-1,0,0.0,1.0,-1,6,30,1,1,1,12:16,7,1,2
2023991373732,2023,991373732,1,2,3,2,47,8,2,1,3,0,0,2,0,10,-1,7,1,1.0,0.0,-1,6,30,2,4,2,17:40,1,1,3
2023531351000,2023,531351000,2,1,1,1,39,7,3,0,0,0,0,0,1,1,E01022347,3,1,0.0,1.0,-1,1,50,1,1,1,07:14,5,2,1
2023052302740,2023,052302740,1,1,1,1,45,7,3,0,0,0,0,0,5,8,E01007095,-1,0,0.14721,0.85279,-1,6,30,2,4,2,17:20,3,2,5
2023201368146,2023,201368146,2,1,1,1,22,5,3,0,0,0,0,0,9,5,E01009432,3,1,0.0,1.0,-1,6,30,1,1,1,17:32,6,2,9
2023451341148,2023,451341148,1,1,1,2,35,6,3,0,0,0,0,0,1,9,E01002994,3,1,0.0,1.0,-1,6,30,1,1,1,17:45,4,1,1
2023421347013,2023,421347013,1,1,3,2,18,4,3,4,1,0,0,0,0,4,E01021707,3,1,0.0,1.0,-1,6,40,1,4,1,22:11,4,1,9
2023010445124,2023,010445124,2,1,1,1,26,6,3,0,0,0,0,0,9,7,E01003903,-1,0,0.0,1.0,-1,6,30,1,4,1,02:15,6,2,9
2023332301189,2023,332301189,1,1,1,2,65,9,3,0,0,0,0,0,9,3,E01025697,-1,0,0.00524,0.99476,-1,1,40,1,1,1,15:33,3,2,9
2023411297943,2023,411297943,2,1,1,1,41,7,3,0,0,0,0,0,9,8,E01001543,3,1,0.0,1.0,-1,1,30,1,4,1,17:10,5,2,9
2023991364297,2023,991364297,1,1,1,1,77,11,3,0,0,0,0,0,9,7,-1,3,1,0.0,1.0,-1,6,60,1,1,1,14:00,3,2,9
2023141327411,2023,141327411,1,1,1,1,45,7,2,0,0,0,0,0,3,2,E01007349,7,1,1.0,0.0,-1,6,30,1,1,1,12:15,6,2,3
2023332301012,2023,332301012,1,1,3,2,23,5,3,1,1,0,0,0,0,5,E01013689,-1,0,0.04564,0.95436,-1,2,30,2,1,2,17:45,5,1,9
2023101360690,2023,101360690,1,1,2,2,81,11,2,0,0,0,3,0,11,5,E01008362,5,1,1.0,0.0,-1,6,30,2,1,2,09:30,5,1,11
2023010448104,2023,010448104,2,1,1,1,24,5,3,0,0,0,0,0,5,3,E01000872,-1,0,0.0,1.0,-1,6,20,1,4,1,03:30,7,2,5
2023010478860,2023,010478860,1,1,3,2,19,4,2,4,3,0,0,0,0,2,E01001773,-1,0,1.0,0.0,-1,6,20,1,4,2,23:50,7,1,9
2023122301443,2023,122301443,1,1,3,1,44,7,3,1,3,0,0,0,0,3,E01027865,-1,0,0.1354,0.8646,-1,3,30,1,4,2,16:50,3,1,9
2023010438023,2023,010438023,2,1,1,2,-1,-1,3,0,0,0,0,0,90,2,E01001395,-1,0,0.0,1.0,-1,6,20,8,1,1,13:00,7,2,90
2023010443391,2023,010443391,1,1,3,1,23,5,2,10,9,0,0,0,0,4,E01000919,-1,0,1.0,0.0,-1,6,20,1,4,1,00:39,4,1,8
2023991349744,2023,991349744,1,1,1,1,55,8,3,0,0,0,0,0,19,2,-1,3,1,0.0,1.0,-1,6,60,1,1,1,17:30,4,2,19
2023122300535,2023,122300535,1,1,1,1,55,8,2,0,0,0,0,0,5,2,E01007497,-1,0,1.0,0.0,-1,6,60,1,1,1,15:24,7,2,5
202360A172201,2023,60A172201,1,1,1,1,27,6,2,0,0,0,0,0,5,-1,-1,-1,0,1.0,0.0,-1,6,60,1,6,2,20:50,6,2,5
2023010479302,2023,010479302,1,1,1,1,38,7,3,0,0,0,0,0,8,2,E01002669,-1,0,0.0,1.0,-1,3,20,2,4,2,22:00,6,2,8
2023010470644,2023,010470644,2,1,2,1,2,1,3,0,0,2,0,0,9,9,E01002535,-1,0,0.0,1.0,-1,6,30,1,1,1,16:12,7,2,9
2023061301201,2023,061301201,2,1,1,1,-1,-1,3,0,0,0,0,0,9,7,E01005275,3,1,0.0,1.0,-1,9,30,9,1,-1,17:50,2,2,9
2023351297919,2023,351297919,1,1,1,2,24,5,3,0,0,0,0,0,9,6,E01018304,3,1,0.0,1.0,-1,6,30,1,1,4,06:30,6,1,9
2023471343811,2023,471343811,2,1,1,1,65,9,3,0,0,0,0,0,9,7,E01031421,3,1,0.0,1.0,-1,6,20,1,1,1,18:50,6,2,9
2023401323271,2023,401323271,2,1,2,2,46,8,3,0,0,0,0,0,19,3,E01001983,3,1,0.0,1.0,-1,1,50,1,4,1,01:24,5,2,19
2023010461318,2023,010461318,2,1,1,1,33,6,2,0,0,0,0,0,-1,3,E01003295,-1,0,1.0,0.0,-1,3,30,9,4,1,22:19,6,2,-1
2023332300599,2023,332300599,1,1,3,1,14,3,3,5,3,0,0,0,0,1,E01013653,-1,0,0.04864,0.95136,-1,6,30,3,1,3,13:15,5,1,9
2023421317283,2023,421317283,1,1,3,1,36,7,3,9,5,0,0,2,0,3,E01021631,3,1,0.0,1.0,-1,6,30,1,1,1,09:45,1,1,9
2023401313294,2023,401313294,2,1,1,1,32,6,2,0,0,0,0,0,1,6,E01015718,7,1,1.0,0.0,-1,6,30,1,1,1,10:30,4,2,1
2023010444613,2023,010444613,1,1,1,1,37,7,3,0,0,0,0,0,3,6,E01016492,-1,0,0.0,1.0,-1,6,20,1,1,1,13:10,2,2,3
2023440257915,2023,440257915,1,1,1,2,89,11,3,0,0,0,0,0,9,10,E01022926,-1,0,0.1327,0.8673,-1,6,30,1,1,1,11:34,4,3,9
2023552301416,2023,552301416,2,1,1,1,63,9,3,0,0,0,0,0,9,8,E01015378,-1,0,0.00721,0.99279,-1,6,30,1,1,1,18:40,4,2,9
2023101310630,2023,101310630,1,1,3,2,24,5,3,1,1,0,0,0,0,3,E01008503,3,1,0.0,1.0,-1,3,30,1,1,1,14:35,6,1,9
2023161346973,2023,161346973,1,1,3,1,29,6,3,10,3,0,0,2,0,2,E01012763,3,1,0.0,1.0,-1,6,30,1,1,1,14:18,4,1,9
2023430419297,2023,430419297,1,1,1,1,41,7,3,0,0,0,0,0,8,5,E01016369,-1,0,0.00612,0.99388,-1,1,30,1,1,1,09:50,2,2,8
2023122300652,2023,122300652,1,1,1,1,56,9,3,0,0,0,0,0,1,9,E01013405,-1,0,0.07092,0.92908,-1,1,30,1,1,2,14:54,5,2,1
2023010472546,2023,010472546,1,1,1,1,36,7,3,0,0,0,0,0,5,4,E01003784,-1,0,0.0,1.0,-1,6,30,1,6,1,17:05,3,2,5
2023122300183,2023,122300183,1,1,1,2,20,4,3,0,0,0,0,0,9,5,E01027841,-1,0,0.00927,0.99073,-1,6,30,1,1,2,20:00,4,2,9
2023401383723,2023,401383723,2,5,2,2,31,6,3,0,0,-1,0,0,9,5,E01015790,3,1,0.0,1.0,-1,3,70,1,1,2,12:35,7,3,9
2023991340820,2023,991340820,1,1,1,1,19,4,3,0,0,0,0,0,9,10,-1,3,1,0.0,1.0,-1,6,60,1,1,1,23:26,5,1,9
2023010441604,2023,010441604,1,1,1,2,24,5,3,0,0,0,0,0,9,5,E01000664,-1,0,0.0,1.0,-1,6,30,1,1,2,07:01,1,3,9
2023211352619,2023,211352619,1,2,2,2,7,2,3,0,0,2,0,0,9,5,E01029638,3,1,0.0,1.0,-1,6,30,2,1,2,17:46,5,3,9
2023461351698,2023,461351698,1,1,1,1,23,5,3,0,0,0,0,0,9,8,E01000679,3,1,0.0,1.0,-1,3,70,1,1,1,18:16,2,2,9
2023010434599,2023,010434599,1,2,2,-1,-1,-1,3,0,0,1,0,0,9,2,E01004201,-1,0,0.0,1.0,-1,9,20,9,7,9,01:00,3,2,9
2023401386847,2023,401386847,2,2,2,2,35,6,3,0,0,2,0,0,9,7,E01017548,3,1,0.0,1.0,-1,6,30,2,7,-1,19:40,6,2,9
2023501312467,2023,501312467,1,1,2,1,32,6,3,0,0,1,0,0,9,-1,-1,3,1,0.0,1.0,-1,6,60,1,6,1,02:40,2,1,9
2023631349254,2023,631349254,1,1,1,1,25,5,3,0,0,0,0,0,9,6,W01000689,3,1,0.0,1.0,-1,6,30,1,1,1,14:00,3,2,9
2023010438705,2023,010438705,1,1,3,1,4,1,3,5,1,0,0,0,0,-1,-1,-1,0,0.0,1.0,-1,3,30,1,1,1,14:45,6,1,9
2023010478733,2023,010478733,2,1,1,2,28,6,2,0,0,0,0,0,1,5,E01002740,-1,0,1.0,0.0,-1,6,20,2,1,2,09:30,7,2,1
2023471342248,2023,471342248,2,1,1,2,58,9,3,0,0,0,0,0,1,5,E01031600,3,1,0.0,1.0,-1,6,30,9,1,1,06:45,4,2,1
2023332300837,2023,332300837,2,1,1,1,64,9,3,0,0,0,0,0,4,8,E01032598,-1,0,0.0639,0.9361,-1,6,30,8,1,2,16:09,2,2,4
2023421368789,2023,421368789,1,1,1,1,19,4,3,0,0,0,0,0,3,4,E01015972,3,1,0.0,1.0,-1,6,20,1,1,1,13:40,4,2,3
2023052302609,2023,052302609,1,1,1,2,78,11,2,0,0,0,0,0,9,3,E01006722,-1,0,1.0,0.0,-1,6,30,1,1,1,17:20,4,2,9
2023201400501,2023,201400501,1,1,2,2,64,9,3,0,0,1,0,0,9,4,E01009236,3,1,0.0,1.0,-1,6,30,1,1,1,10:58,7,2,9
2023351314083,2023,351314083,1,1,1,1,17,4,3,0,0,0,0,0,9,6,E01018156,3,1,0.0,1.0,-1,6,60,1,1,1,09:22,4,2,9
2023010420430,2023,010420430,1,1,3,1,11,3,3,10,9,0,0,0,0,9,E01001584,-1,0,0.0,1.0,-1,6,30,1,1,1,08:03,2,1,9
2023131306131,2023,131306131,1,1,3,1,12,3,2,8,5,0,0,2,0,1,E01010626,7,1,1.0,0.0,-1,9,20,1,1,1,18:00,4,1,23
2023340WN3372,2023,340WN3372,1,2,3,1,33,6,2,1,3,0,0,0,0,9,E01026998,-1,0,1.0,0.0,-1,3,30,1,1,1,14:30,5,1,9
2023531327503,2023,531327503,2,1,1,1,55,8,2,0,0,0,0,0,1,10,E01028476,5,1,1.0,0.0,-1,6,30,1,1,1,11:20,1,2,1
2023010433031,2023,010433031,1,1,1,1,53,8,3,0,0,0,0,0,4,1,E01002857,-1,0,0.0,1.0,-1,2,20,1,1,1,07:45,1,2,4
2023052302835,2023,052302835,2,2,2,2,55,8,3,0,0,1,0,0,9,3,E01006452,-1,0,0.01555,0.98445,-1,6,30,1,4,1,17:30,7,2,9
2023201394704,2023,201394704,2,4,2,1,36,7,3,0,0,2,0,0,9,2,E01009512,3,1,0.0,1.0,-1,6,30,1,1,1,15:00,7,2,9
2023371347445,2023,371347445,2,1,1,2,56,9,3,0,0,0,0,0,9,10,E01021467,3,1,0.0,1.0,-1,6,30,2,1,2,06:16,4,2,9
2023061358971,2023,061358971,1,1,3,1,32,6,2,6,8,0,0,2,0,5,E01006364,7,1,1.0,0.0,-1,6,30,1,1,1,09:04,2,1,11
2023401389643,2023,401389643,1,1,3,1,36,7,3,4,1,0,0,0,0,2,E01017519,3,1,0.0,1.0,-1,6,20,1,1,2,09:04,4,1,9
2023010434973,2023,010434973,1,1,1,1,29,6,3,0,0,0,0,0,1,3,E01002057,-1,0,0.0,1.0,-1,9,20,9,4,9,20:00,3,2,1
2023332300112,2023,332300112,2,1,1,1,10,2,3,0,0,0,0,0,1,3,E01013665,-1,0,0.03338,0.96662,-1,6,30,1,1,1,08:00,6,2,1
2023122301090,2023,122301090,2,1,1,1,39,7,3,0,0,0,0,0,9,-1,-1,-1,0,0.01597,0.98403,-1,3,70,1,1,1,12:55,2,2,9
2023340WN2882,2023,340WN2882,2,1,1,2,48,8,3,0,0,0,0,0,9,9,E01027264,-1,0,0.04356,0.95644,-1,6,30,1,1,1,17:30,1,2,9
2023991392295,2023,991392295,1,1,1,1,53,8,2,0,0,0,0,0,9,7,-1,7,1,1.0,0.0,-1,6,60,1,5,4,18:37,3,1,9
2023111286428,2023,111286428,1,1,3,2,55,8,3,5,3,0,0,0,0,5,E01012338,3,1,0.0,1.0,-1,1,30,1,1,1,11:10,1,1,19
2023430475136,2023,430475136,1,1,3,2,83,11,2,5,1,0,0,0,0,7,E01017642,-1,0,1.0,0.0,-1,6,60,1,1,1,11:14,1,1,1
2023131293006,2023,131293006,2,1,1,1,7,2,3,0,0,0,0,0,1,1,E01011626,3,1,0.0,1.0,-1,6,30,1,1,1,18:54,1,2,1
2023311292805,2023,311292805,1,1,1,1,31,6,3,0,0,0,0,0,1,1,E01013883,3,1,0.0,1.0,-1,6,30,2,4,2,20:00,4,2,1
2023371373660,2023,371373660,2,1,1,1,66,10,3,0,0,0,0,0,1,10,E01029894,3,1,0.0,1.0,-1,6,30,1,1,1,08:35,3,2,1
2023622300249,2023,622300249,1,1,1,1,20,4,3,0,0,0,0,0,1,2,W01001872,-1,0,0.13315,0.86685,-1,6,20,8,4,1,22:13,5,1,1
2023010467646,2023,010467646,1,1,3,2,9,2,3,5,1,0,0,0,0,3,E01000108,-1,0,0.0,1.0,-1,9,40,1,1,1,08:30,6,1,9
2023622301017,2023,622301017,1,2,3,2,36,7,3,5,9,0,0,0,0,9,W01000943,-1,0,0.09092,0.90908,-1,6,20,1,7,1,20:10,5,1,9
2023411322801,2023,411322801,1,1,3,1,52,8,3,8,1,0,0,0,0,9,E01023665,3,1,0.0,1.0,-1,6,60,1,1,1,13:00,1,1,9
2023501259664,2023,501259664,1,2,3,1,34,6,3,9,5,0,0,0,0,5,E01018935,3,1,0.0,1.0,-1,2,30,1,1,2,11:35,3,1,9
2023010475512,2023,010475512,1,1,3,2,62,9,3,1,9,0,0,0,0,4,E01000980,-1,0,0.0,1.0,-1,6,30,2,1,2,15:01,5,1,23
2023552300659,2023,552300659,1,1,3,1,54,8,3,6,9,0,0,0,0,8,E01020504,-1,0,0.06692,0.93308,-1,6,30,1,1,1,11:52,5,1,90
2023010430366,2023,010430366,1,1,1,1,45,7,3,0,0,0,0,0,3,2,E01001982,-1,0,0.0,1.0,-1,9,20,1,1,1,13:00,5,2,3
2023471303713,2023,471303713,1,1,1,1,36,7,2,0,0,0,0,0,5,5,E01031467,7,1,1.0,0.0,-1,6,50,1,1,1,16:40,4,1,5
2023010455624,2023,010455624,1,1,3,1,38,7,3,6,9,0,0,0,0,2,E01000223,-1,0,0.0,1.0,-1,6,30,1,1,1,11:09,2,1,19
2023340WN3372,2023,340WN3372,1,1,3,2,68,10,2,1,3,0,0,0,0,5,E01027192,-1,0,1.0,0.0,-1,3,30,1,1,1,14:30,5,1,9
2023141319189,2023,141319189,2,1,1,1,52,8,2,0,0,0,0,0,1,9,E01019795,5,1,1.0,0.0,-1,6,30,1,1,1,08:30,4,2,1
2023351378464,2023,351378464,1,1,1,1,18,4,3,0,0,0,0,0,3,8,E01033118,3,1,0.0,1.0,-1,6,30,1,1,1,15:44,3,2,3
2023010434555,2023,010434555,2,1,1,1,59,9,2,0,0,0,0,0,4,4,E01003410,-1,0,1.0,0.0,-1,6,20,1,1,1,15:49,2,2,4
2023332300185,2023,332300185,2,1,1,2,47,8,3,0,0,0,0,0,4,6,E01025767,-1,0,0.06712,0.93288,-1,6,30,1,1,1,14:00,2,2,4
2023010476902,2023,010476902,1,1,1,1,23,5,3,0,0,0,0,0,3,2,E01002087,-1,0,0.0,1.0,-1,6,20,1,4,1,20:45,2,2,3
2023401268194,2023,401268194,2,2,1,2,49,8,3,0,0,0,0,0,9,5,E01018135,3,1,0.0,1.0,-1,3,70,1,1,2,15:32,2,2,9
2023411292364,2023,411292364,2,1,1,2,49,8,3,0,0,0,0,0,9,8,E01001544,3,1,0.0,1.0,-1,1,40,1,1,1,15:45,2,2,9
2023010467603,2023,010467603,2,1,1,1,32,6,3,0,0,0,0,0,1,7,E01032781,-1,0,0.0,1.0,-1,6,20,1,1,1,08:10,6,2,1
2023041361630,2023,041361630,2,1,1,1,61,9,3,0,0,0,0,0,1,4,E01025119,3,1,0.0,1.0,-1,6,30,1,4,1,06:00,2,2,1
2023211370448,2023,211370448,2,1,1,1,51,8,2,0,0,0,0,0,1,7,E01029612,6,1,1.0,0.0,-1,1,30,2,4,2,19:21,6,2,1
2023010447579,2023,010447579,1,1,3,1,74,10,2,4,1,0,0,0,0,8,E01003361,-1,0,1.0,0.0,-1,3,20,1,1,1,18:00,4,1,9
2023041335463,2023,041335463,1,1,3,2,11,3,2,5,1,0,0,0,0,4,E01025170,7,1,1.0,0.0,-1,6,30,1,1,1,14:19,1,1,9
2023201378449,2023,201378449,2,2,1,1,51,8,3,0,0,0,0,0,9,1,E01009400,3,1,0.0,1.0,-1,6,30,1,1,1,14:30,1,2,9
2023351432973,2023,351432973,2,1,1,1,34,6,2,0,0,0,0,0,9,4,E01017521,7,1,1.0,0.0,-1,6,60,1,1,1,15:25,7,3,9
2023371276180,2023,371276180,4,3,1,1,76,11,3,0,0,0,0,0,9,5,E01030267,3,1,0.0,1.0,-1,6,30,7,4,2,20:15,2,4,9
2023430555304,2023,430555304,3,5,2,2,6,2,3,0,0,2,0,0,9,3,E01016373,-1,0,0.03056,0.96944,-1,3,70,1,1,1,18:10,2,3,9
2023351383686,2023,351383686,2,1,1,1,35,6,3,0,0,0,0,0,1,-1,-1,3,1,0.0,1.0,-1,6,30,2,4,2,04:27,3,2,1
2023201265325,2023,201265325,1,1,3,1,11,3,3,5,1,0,0,0,0,-1,-1,3,1,0.0,1.0,-1,6,30,1,1,1,07:45,5,1,9
2023440017095,2023,440017095,2,1,1,1,24,5,3,0,0,0,0,0,3,4,E01017137,-1,0,0.05352,0.94648,-1,1,30,1,4,1,18:26,6,2,3
2023351282374,2023,351282374,2,1,1,1,27,6,3,0,0,0,0,0,1,10,E01017986,3,1,0.0,1.0,-1,6,30,1,1,2,11:00,5,2,1
2023141360292,2023,141360292,2,1,1,1,16,4,3,0,0,0,0,0,97,4,E01007460,3,1,0.0,1.0,-1,1,30,1,1,1,09:27,2,2,97
2023170S21603,2023,170S21603,1,1,1,1,56,9,3,0,0,0,0,0,5,-1,-1,-1,0,0.2429,0.7571,-1,6,40,1,1,1,06:52,3,2,5
2023351369881,2023,351369881,1,1,3,1,38,7,3,6,9,0,0,0,0,-1,-1,3,1,0.0,1.0,-1,6,40,2,1,2,08:49,4,1,-1
2023161288457,2023,161288457,2,1,1,2,-1,-1,3,0,0,0,0,0,1,-1,-1,3,1,0.0,1.0,-1,6,30,1,1,1,17:30,6,2,1
2023201331783,2023,201331783,2,1,1,1,55,8,3,0,0,0,0,0,1,7,E01009652,3,1,0.0,1.0,-1,6,30,1,1,1,14:07,3,2,1
2023010424803,2023,010424803,1,1,1,1,25,5,3,0,0,0,0,0,3,4,E01000477,-1,0,0.0,1.0,-1,6,30,1,1,1,16:30,7,2,3
2023161391874,2023,161391874,1,1,1,1,18,4,2,0,0,0,0,0,3,1,E01012789,6,1,1.0,0.0,-1,6,30,1,4,1,18:44,7,2,3
2023471341407,2023,471341407,2,1,1,1,34,6,3,0,0,0,0,0,5,6,E01030818,3,1,0.0,1.0,-1,6,40,1,1,1,16:55,6,2,5
2023201342283,2023,201342283,1,1,3,2,62,9,1,5,1,0,0,0,0,3,E01009834,1,1,0.0,0.0,-1,6,30,1,1,1,10:08,2,1,98
2023340WN2442,2023,340WN2442,1,1,3,2,12,3,3,4,3,0,0,0,0,-1,-1,-1,0,0.17305,0.82695,-1,3,30,1,1,1,14:45,2,1,9
2023401323997,2023,401323997,1,1,3,1,24,5,3,1,9,0,0,0,0,2,E01015791,3,1,0.0,1.0,-1,6,20,1,1,1,19:15,7,1,9
2023351279333,2023,351279333,1,1,1,2,24,5,3,0,0,0,0,0,9,8,E01021196,3,1,0.0,1.0,-1,3,60,1,1,1,16:00,6,2,9
2023622300973,2023,622300973,2,2,1,1,60,9,3,0,0,0,0,0,19,9,W01001072,-1,0,0.03027,0.96973,-1,6,30,1,1,1,07:54,4,3,19
2023010457332,2023,010457332,1,1,1,1,47,8,2,0,0,0,0,0,1,5,E01002733,-1,0,1.0,0.0,-1,9,20,9,1,9,09:30,5,2,1
2023010474268,2023,010474268,1,1,1,1,38,7,3,0,0,0,0,0,1,3,E01000094,-1,0,0.0,1.0,-1,9,30,2,4,2,17:20,4,2,1
2023161324111,2023,161324111,1,1,1,1,42,7,3,0,0,0,0,0,1,1,E01012846,3,1,0.0,1.0,-1,1,30,1,1,1,14:20,2,2,1
2023332300810,2023,332300810,1,1,1,1,29,6,2,0,0,0,0,0,1,3,E01013773,-1,0,1.0,0.0,-1,6,30,1,1,1,07:50,5,2,1
2023522300711,2023,522300711,1,1,1,1,54,8,3,0,0,0,0,0,1,3,E01015543,-1,0,0.03641,0.96359,-1,1,20,2,1,2,16:30,5,2,1
2023991320743,2023,991320743,1,1,1,1,11,3,3,0,0,0,0,0,1,1,-1,3,1,0.0,1.0,-1,6,40,1,1,1,17:03,6,2,1
2023010435803,2023,010435803,2,1,1,2,66,10,3,0,0,0,0,0,9,5,E01032741,-1,0,0.0,1.0,-1,1,30,1,1,1,12:29,3,2,9
2023010473085,2023,010473085,1,1,1,1,33,6,3,0,0,0,0,0,9,2,E01001491,-1,0,0.0,1.0,-1,6,30,1,1,1,13:00,6,2,9
2023201370114,2023,201370114,2,1,1,2,48,8,3,0,0,0,0,0,9,2,E01009565,3,1,0.0,1.0,-1,6,30,1,1,1,15:15,4,3,9
2023311361773,2023,311361773,1,2,1,1,47,8,2,0,0,0,0,0,9,2,E01025700,7,1,1.0,0.0,-1,6,50,2,1,2,16:56,4,2,9
2023421375817,2023,421375817,1,1,1,1,45,7,3,0,0,0,0,0,9,5,E01021680,3,1,0.0,1.0,-1,3,40,1,1,1,14:14,6,2,9
2023010422937,2023,010422937,1,1,1,1,47,8,3,0,0,0,0,0,9,2,E01004237,-1,0,0.0,1.0,-1,7,20,1,1,1,13:50,3,1,9
2023201321458,2023,201321458,1,1,1,2,36,7,3,0,0,0,0,0,9,1,E01009331,3,1,0.0,1.0,-1,6,30,1,1,1,08:54,5,2,9
2023991389889,2023,991389889,2,3,1,1,61,9,3,0,0,0,0,0,9,2,-1,3,1,0.0,1.0,-1,3,50,1,6,2,17:55,2,2,9
2023371374121,2023,371374121,2,1,1,2,24,5,3,0,0,0,0,0,9,-1,-1,3,1,0.0,1.0,-1,6,60,4,6,1,17:30,2,2,9
2023411308927,2023,411308927,1,1,1,1,33,6,3,0,0,0,0,0,9,8,E01023629,3,1,0.0,1.0,-1,6,60,1,1,1,17:56,5,2,9
2023430382636,2023,430382636,1,2,2,1,10,2,3,0,0,1,0,0,9,8,E01004919,-1,0,0.06294,0.93706,-1,3,70,1,1,1,12:56,7,2,9
2023991364384,2023,991364384,1,1,1,1,34,6,3,0,0,0,0,0,9,4,-1,3,1,0.0,1.0,-1,6,60,1,1,1,11:21,3,2,9