collision_index,collision_year,collision_ref_no,vehicle_reference,casualty_reference,casualty_class,sex_of_casualty,age_of_casualty,age_band_of_casualty,casualty_severity,pedestrian_location,pedestrian_movement,car_passenger,bus_or_coach_passenger,pedestrian_road_maintenance_worker,casualty_type,casualty_imd_decile,lsoa_of_casualty,enhanced_casualty_severity,casualty_injury_based,casualty_adjusted_severity_serious,casualty_adjusted_severity_slight,casualty_distance_banding,road_type,speed_limit,weather_conditions,light_conditions,road_surface_conditions,time,day_of_week,number_of_vehicles,vehicle_type
2023501332460,2023,501332460,1,1,2,1,63,9,3,0,0,1,0,0,9,-1,-1,3,1,0.0,1.0,-1,6,30,1,4,2,22:15,7,2,9
2023522300816,2023,522300816,2,1,1,2,44,7,3,0,0,0,0,0,-1,5,E01015006,-1,0,0.02039,0.97961,-1,6,20,1,1,1,08:40,5,2,-1
2023061281278,2023,061281278,1,1,3,1,33,6,2,7,3,0,0,0,0,1,E01005822,7,1,1.0,0.0,-1,1,30,2,1,2,17:28,2,1,9
2023610026223,2023,610026223,2,1,1,1,39,7,3,0,0,0,0,0,1,1,W01001666,-1,0,0.20211,0.79789,-1,6,20,1,1,1,19:55,6,2,1
2023320544591,2023,320544591,1,3,1,1,41,7,3,0,0,0,0,0,9,3,E01026042,-1,0,0.11132,0.88868,-1,6,60,1,1,1,17:45,6,2,9
2023401289766,2023,401289766,2,1,1,1,53,8,3,0,0,0,0,0,9,4,E01017535,3,1,0.0,1.0,-1,6,30,1,4,1,17:30,6,3,9
2023471325948,2023,471325948,2,3,2,2,63,9,2,0,0,1,0,0,9,8,E01031778,5,1,1.0,0.0,-1,6,60,4,1,1,15:30,2,3,9
202363D031523,2023,63D031523,1,2,2,1,17,4,3,0,0,1,0,0,9,-1,-1,-1,0,0.0782,0.9218,-1,6,60,1,1,2,13:47,2,2,9
2023461298160,2023,461298160,1,1,3,1,24,5,3,9,5,0,0,0,0,4,E01024539,3,1,0.0,1.0,-1,6,30,1,1,1,10:30,7,1,9
2023471321665,2023,471321665,2,1,1,1,33,6,3,0,0,0,0,0,1,8,E01031778,3,1,0.0,1.0,-1,6,30,1,1,1,08:35,5,2,1
2023546544823,2023,546544823,2,1,1,1,19,4,2,0,0,0,0,0,3,5,E01020454,-1,0,1.0,0.0,-1,6,40,1,1,1,11:41,5,2,3
2023231342137,2023,231342137,1,1,1,1,22,5,3,0,0,0,0,0,5,10,-1,3,1,0.0,1.0,-1,6,60,1,1,1,18:20,3,2,5
2023531307188,2023,531307188,1,1,1,1,53,8,1,0,0,0,0,0,5,8,E01028641,1,1,0.0,0.0,-1,6,60,1,1,1,13:10,1,3,5
2023371284015,2023,371284015,2,1,1,1,23,5,3,0,0,0,0,0,9,3,E01030234,3,1,0.0,1.0,-1,6,40,1,4,2,17:30,5,2,9
2023041323355,2023,041323355,2,1,1,1,40,7,3,0,0,0,0,0,1,6,E01025351,3,1,0.0,1.0,-1,6,30,1,1,1,16:15,6,2,1
2023052301239,2023,052301239,1,1,1,1,39,7,2,0,0,0,0,0,1,5,E01006920,-1,0,1.0,0.0,-1,6,20,1,1,1,14:21,2,1,1
2023010426611,2023,010426611,2,1,1,2,60,9,3,0,0,0,0,0,9,-1,-1,-1,0,0.0,1.0,-1,6,30,9,1,9,16:00,6,2,9
2023522300412,2023,522300412,1,1,1,2,41,7,3,0,0,0,0,0,9,2,E01014568,-1,0,0.0015,0.9985,-1,7,30,2,1,2,16:15,5,2,9
2023991317053,2023,991317053,2,1,2,2,43,7,3,0,0,1,0,0,9,-1,-1,3,1,0.0,1.0,-1,6,20,1,1,1,11:15,7,2,9
2023010449844,2023,010449844,2,1,1,1,8,2,3,0,0,0,0,0,1,6,E01004070,-1,0,0.0,1.0,-1,6,20,1,1,1,11:47,1,2,1
2023351262974,2023,351262974,2,1,1,2,29,6,3,0,0,0,0,0,1,3,E01017952,3,1,0.0,1.0,-1,6,20,1,1,1,12:52,5,2,1
2023101342594,2023,101342594,2,4,2,1,55,8,3,0,0,1,0,0,8,1,E01008388,3,1,0.0,1.0,-1,6,40,1,1,1,15:10,4,4,8
2023010462532,2023,010462532,2,1,1,2,35,6,3,0,0,0,0,0,9,6,E01001662,-1,0,0.0,1.0,-1,3,50,1,1,1,15:55,7,2,9
2023010464590,2023,010464590,1,1,1,2,68,10,3,0,0,0,0,0,9,8,E01001094,-1,0,0.0,1.0,-1,6,30,1,1,1,14:46,5,2,9
2023401387619,2023,401387619,2,1,1,1,31,6,3,0,0,0,0,0,9,4,E01017535,3,1,0.0,1.0,-1,6,30,1,4,2,16:14,3,2,9
2023411384276,2023,411384276,3,2,1,1,35,6,3,0,0,0,0,0,9,-1,-1,3,1,0.0,1.0,-1,3,70,1,7,1,19:25,1,3,9
2023451268413,2023,451268413,1,1,1,2,66,10,2,0,0,0,0,0,9,5,E01030852,7,1,1.0,0.0,-1,6,30,1,1,2,08:00,5,1,9
2023545806723,2023,545806723,2,1,1,1,63,9,3,0,0,0,0,0,9,1,E01009354,-1,0,0.02624,0.97376,-1,6,60,1,1,1,14:44,7,2,9
202360A078437,2023,60A078437,1,1,1,1,16,4,3,0,0,0,0,0,1,-1,-1,-1,0,0.1836,0.8164,-1,6,30,1,1,2,15:01,5,2,1
2023440356162,2023,440356162,2,1,1,1,35,6,3,0,0,0,0,0,3,3,E01022738,-1,0,0.19046,0.80954,-1,6,30,1,4,1,23:03,7,2,3
2023991299197,2023,991299197,2,1,1,1,59,9,2,0,0,0,0,0,5,10,-1,7,1,1.0,0.0,-1,1,60,1,1,1,07:35,6,2,5
2023401389748,2023,401389748,2,1,1,1,30,6,3,0,0,0,0,0,9,3,E01017605,3,1,0.0,1.0,-1,6,30,1,4,2,22:45,6,2,9
2023340NN3332,2023,340NN3332,1,1,3,2,11,3,3,5,3,0,0,0,0,-1,-1,-1,0,0.14871,0.85129,-1,6,30,1,1,1,15:25,6,1,9
2023010472720,2023,010472720,2,1,1,1,52,8,3,0,0,0,0,0,1,2,E01000853,-1,0,0.0,1.0,-1,3,20,2,7,2,16:25,4,2,1
2023201364264,2023,201364264,2,1,1,1,68,10,2,0,0,0,0,0,1,6,E01010230,5,1,1.0,0.0,-1,1,30,1,1,1,09:30,5,2,1
2023201356280,2023,201356280,2,1,1,1,28,6,2,0,0,0,0,0,9,5,E01031028,7,1,1.0,0.0,-1,6,30,1,1,1,16:20,1,3,9
2023320663569,2023,320663569,2,1,1,2,29,6,3,0,0,0,0,0,9,8,E01026229,-1,0,0.01877,0.98123,-1,3,70,2,1,2,20:45,6,2,9
2023440127186,2023,440127186,1,1,1,1,42,7,3,0,0,0,0,0,9,9,E01023182,-1,0,0.02191,0.97809,-1,6,20,1,1,1,15:05,2,2,9
2023991319180,2023,991319180,2,1,1,1,38,7,3,0,0,0,0,0,9,7,-1,3,1,0.0,1.0,-1,6,20,1,1,1,17:00,5,2,9
2023131260280,2023,131260280,1,1,1,1,13,3,3,0,0,0,0,0,90,5,E01011129,3,1,0.0,1.0,-1,6,40,1,1,1,15:50,5,2,90
202360A085818,2023,60A085818,1,3,2,1,16,4,2,0,0,2,0,0,97,-1,-1,-1,0,1.0,0.0,-1,6,30,1,1,1,14:02,2,2,97
2023010466600,2023,010466600,1,1,1,2,41,7,3,0,0,0,0,0,1,2,E01001830,-1,0,0.0,1.0,-1,6,30,1,1,1,14:00,2,2,1
2023070280312,2023,070280312,2,1,1,1,50,8,3,0,0,0,0,0,1,3,E01012497,-1,0,0.12096,0.87904,-1,1,30,1,4,1,05:35,2,2,1
2023421378944,2023,421378944,1,1,1,1,34,6,2,0,0,0,0,0,3,8,E01021750,7,1,1.0,0.0,-1,6,40,1,6,1,22:25,7,1,3
2023471337843,2023,471337843,1,1,1,1,-1,-1,3,0,0,0,0,0,3,-1,-1,3,1,0.0,1.0,-1,6,20,5,1,2,16:05,4,2,3
2023302300102,2023,302300102,1,1,1,2,52,8,3,0,0,0,0,0,9,2,E01019796,-1,0,0.03761,0.96239,-1,6,30,1,4,2,17:00,3,2,9
2023320488488,2023,320488488,1,5,1,2,35,6,3,0,0,0,0,0,9,2,E01026382,-1,0,0.1146,0.8854,-1,6,60,1,1,1,13:16,2,2,9
2023411332728,2023,411332728,1,3,2,2,3,1,3,0,0,2,0,0,9,10,E01023524,3,1,0.0,1.0,-1,6,40,1,1,2,13:50,3,1,9
2023430155172,2023,430155172,2,1,1,1,23,5,3,0,0,0,0,0,9,10,E01028736,-1,0,0.03053,0.96947,-1,6,30,1,1,1,17:38,6,2,9
2023411349974,2023,411349974,1,1,1,1,37,7,3,0,0,0,0,0,19,5,E01002245,3,1,0.0,1.0,-1,6,30,1,1,1,10:36,1,2,19
2023131322152,2023,131322152,1,1,3,1,20,4,2,8,9,0,0,2,0,7,E01011183,7,1,1.0,0.0,-1,6,30,1,4,1,02:32,7,1,9
2023122301247,2023,122301247,2,2,1,1,25,5,3,0,0,0,0,0,1,8,E01013344,-1,0,0.06324,0.93676,-1,2,40,2,1,2,07:00,4,2,1
2023101327193,2023,101327193,2,1,1,1,29,6,3,0,0,0,0,0,9,6,E01008196,3,1,0.0,1.0,-1,6,60,9,1,-1,12:29,6,2,9
2023471351822,2023,471351822,2,2,1,1,72,10,3,0,0,0,0,0,9,4,E01031657,3,1,0.0,1.0,-1,6,30,1,4,2,19:30,3,2,9
2023061352935,2023,061352935,1,1,1,1,71,10,3,0,0,0,0,0,9,8,E01004896,3,1,0.0,1.0,-1,3,70,1,1,1,17:40,6,4,9
2023201328571,2023,201328571,2,2,1,1,58,9,3,0,0,0,0,0,9,7,E01010123,3,1,0.0,1.0,-1,6,30,2,4,2,23:03,7,2,9
2023010461316,2023,010461316,1,1,3,2,23,5,2,5,9,0,0,0,0,4,E01001090,-1,0,1.0,0.0,-1,6,30,2,4,2,01:09,7,1,9
2023421258754,2023,421258754,1,1,3,2,24,5,2,6,8,0,0,0,0,9,E01021948,5,1,1.0,0.0,-1,6,30,2,4,2,20:21,1,1,9
2023201339714,2023,201339714,2,1,2,1,23,5,3,0,0,1,0,0,9,3,E01009138,3,1,0.0,1.0,-1,3,40,1,1,1,08:40,3,2,9
2023461273232,2023,461273232,2,1,1,2,55,8,3,0,0,0,0,0,9,8,E01024158,3,1,0.0,1.0,-1,6,30,1,4,4,17:31,5,2,9
2023461316815,2023,461316815,2,2,1,1,23,5,2,0,0,0,0,0,9,3,E01016146,7,1,1.0,0.0,-1,6,30,1,1,1,15:16,1,3,9
2023010434019,2023,010434019,2,1,1,1,18,4,3,0,0,0,0,0,23,-1,-1,-1,0,0.0,1.0,-1,6,30,1,4,2,18:45,6,2,23
2023070273295,2023,070273295,1,1,1,1,20,4,3,0,0,0,0,0,9,3,E01012507,-1,0,0.03923,0.96077,-1,3,40,1,1,1,19:01,6,2,9
2023131388308,2023,131388308,1,1,1,1,23,5,3,0,0,0,0,0,9,7,E01011578,3,1,0.0,1.0,-1,6,30,1,1,2,11:09,5,2,9
2023531364218,2023,531364218,1,1,1,1,27,6,3,0,0,0,0,0,9,-1,-1,3,1,0.0,1.0,-1,6,60,2,6,1,00:05,1,1,9
2023991343014,2023,991343014,1,1,1,1,85,11,3,0,0,0,0,0,9,9,-1,3,1,0.0,1.0,-1,6,40,1,1,1,16:05,5,2,9
2023010435038,2023,010435038,1,1,3,2,30,6,3,5,4,0,0,0,0,2,E01001136,-1,0,0.0,1.0,-1,6,30,1,1,1,15:09,5,1,9
2023010460297,2023,010460297,1,1,3,1,79,11,2,4,2,0,0,0,0,3,E01004698,-1,0,1.0,0.0,-1,6,20,1,1,1,16:00,7,1,9
2023311318445,2023,311318445,2,1,1,1,31,6,3,0,0,0,0,0,1,-1,-1,3,1,0.0,1.0,-1,1,40,1,1,1,18:14,3,2,1
2023052301422,2023,052301422,1,1,1,2,27,6,3,0,0,0,0,0,9,5,E01018547,-1,0,0.0564,0.9436,-1,3,40,1,1,1,12:32,7,4,9
2023311382951,2023,311382951,1,1,1,2,57,9,3,0,0,0,0,0,9,-1,-1,3,1,0.0,1.0,-1,6,50,2,1,2,10:15,2,2,9
2023451367953,2023,451367953,1,1,1,2,20,4,3,0,0,0,0,0,9,9,E01030772,3,1,0.0,1.0,-1,3,70,1,1,2,11:40,7,1,9
2023361384605,2023,361384605,2,1,1,2,42,7,3,0,0,0,0,0,9,6,E01026549,3,1,0.0,1.0,-1,6,30,1,1,1,08:54,6,2,9
2023131274927,2023,131274927,1,1,3,1,65,9,2,8,9,0,0,2,0,7,E01011646,5,1,1.0,0.0,-1,6,20,1,1,1,12:40,6,1,90
2023010442582,2023,010442582,1,1,1,1,34,6,3,0,0,0,0,0,3,7,E01001455,-1,0,0.0,1.0,-1,1,20,1,1,1,19:50,5,2,3
2023421387568,2023,421387568,2,1,1,1,21,5,2,0,0,0,0,0,3,1,E01021304,7,1,1.0,0.0,-1,1,30,2,1,2,12:45,2,2,3
2023161327827,2023,161327827,2,1,1,1,13,3,3,0,0,0,0,0,1,4,E01012797,3,1,0.0,1.0,-1,3,40,1,1,1,19:30,5,2,1
2023010481598,2023,010481598,1,1,1,1,45,7,3,0,0,0,0,0,9,2,E01001010,-1,0,0.0,1.0,-1,6,20,1,4,1,03:05,7,2,9
2023010485778,2023,010485778,1,1,3,2,21,5,3,8,4,0,0,0,0,2,E01001631,-1,0,0.0,1.0,-1,6,30,1,4,1,20:20,7,1,9
2023010459091,2023,010459091,1,1,1,1,29,6,2,0,0,0,0,0,3,3,E01001327,-1,0,1.0,0.0,-1,2,30,1,1,2,15:26,7,3,3
2023041274905,2023,041274905,2,2,2,2,74,10,3,0,0,1,0,0,9,9,E01025560,3,1,0.0,1.0,-1,6,30,2,1,2,11:40,6,2,9
2023471353275,2023,471353275,2,3,2,2,15,3,2,0,0,1,0,0,9,2,E01021103,7,1,1.0,0.0,-1,6,60,2,1,2,13:00,1,2,9
2023610039423,2023,610039423,2,2,1,2,36,7,3,0,0,0,0,0,9,4,W01001337,-1,0,0.03653,0.96347,-1,6,30,1,1,1,08:30,3,2,9
202363C018323,2023,63C018323,2,1,1,2,23,5,3,0,0,0,0,0,19,8,W01000577,-1,0,0.01377,0.98623,-1,6,30,1,6,1,18:48,3,2,19
2023440043774,2023,440043774,1,1,3,1,14,3,3,9,7,0,0,0,0,7,E01017047,-1,0,0.14011,0.85989,-1,6,30,1,4,2,19:18,4,1,9
2023010423817,2023,010423817,2,1,1,1,37,7,3,0,0,0,0,0,1,10,E01000838,-1,0,0.0,1.0,-1,1,30,1,4,1,06:30,6,2,1
2023010469856,2023,010469856,1,1,1,2,37,7,3,0,0,0,0,0,9,6,E01002609,-1,0,0.0,1.0,-1,6,30,1,1,1,07:13,4,2,9
2023332300939,2023,332300939,1,1,2,1,29,6,1,0,0,2,0,0,9,6,E01025735,-1,0,0.0,0.0,-1,6,30,1,4,1,18:20,3,2,9
2023340NN4102,2023,340NN4102,2,2,1,2,60,9,3,0,0,0,0,0,9,9,E01027346,-1,0,0.0572,0.9428,-1,6,30,1,1,1,15:45,6,2,9
2023361347217,2023,361347217,2,1,1,2,32,6,3,0,0,0,0,0,9,8,E01026508,3,1,0.0,1.0,-1,6,40,1,1,1,07:50,2,4,9
2023430100622,2023,430100622,2,1,1,2,34,6,3,0,0,0,0,0,9,-1,-1,-1,0,0.03786,0.96214,-1,6,50,1,1,1,08:33,2,2,9
2023111362578,2023,111362578,1,1,1,1,12,3,3,0,0,0,0,0,-1,-1,-1,3,1,0.0,1.0,-1,6,30,1,4,5,17:30,4,2,-1
2023221380063,2023,221380063,1,1,3,2,74,10,2,5,1,0,0,0,0,6,E01032327,7,1,1.0,0.0,-1,6,30,1,1,1,15:43,3,1,19
2023010429848,2023,010429848,1,1,1,1,46,8,3,0,0,0,0,0,1,9,E01002929,-1,0,0.0,1.0,-1,2,30,1,1,1,08:55,5,2,1
2023351321654,2023,351321654,1,1,1,1,20,4,3,0,0,0,0,0,3,6,E01018005,3,1,0.0,1.0,-1,6,30,1,1,1,12:52,3,2,3
2023010464809,2023,010464809,1,1,1,1,43,7,3,0,0,0,0,0,9,5,E01001473,-1,0,0.0,1.0,-1,6,30,1,1,1,11:37,6,2,9
2023471259748,2023,471259748,2,2,2,2,18,4,3,0,0,1,0,0,9,3,E01021185,3,1,0.0,1.0,-1,6,30,1,4,1,19:05,4,3,9
2023522301310,2023,522301310,1,4,2,1,35,6,3,0,0,1,0,0,9,8,E01032672,-1,0,0.04661,0.95339,-1,6,60,2,1,2,18:38,3,2,9
2023522301779,2023,522301779,1,1,2,2,85,11,3,0,0,1,0,0,9,10,E01014855,-1,0,0.03795,0.96205,-1,6,30,1,1,1,10:38,3,2,9
2023041296226,2023,041296226,1,1,3,1,73,10,3,4,1,0,0,0,0,6,E01025421,3,1,0.0,1.0,-1,6,30,9,4,1,18:10,7,1,9
2023201325602,2023,201325602,1,2,1,1,-1,-1,3,0,0,0,0,0,9,-1,-1,3,1,0.0,1.0,-1,6,30,1,1,1,10:40,4,2,9
2023430325527,2023,430325527,1,1,1,1,46,8,3,0,0,0,0,0,9,7,E01016613,-1,0,0.14274,0.85726,-1,1,40,1,6,1,04:06,7,1,9
2023461382125,2023,461382125,1,1,1,2,40,7,3,0,0,0,0,0,9,1,E01024597,3,1,0.0,1.0,-1,6,20,2,4,2,22:22,1,1,9
2023221382790,2023,221382790,2,1,1,1,16,4,3,0,0,0,0,0,-1,5,E01032475,3,1,0.0,1.0,-1,6,30,2,1,2,12:10,1,2,-1
2023440272617,2023,440272617,1,1,3,1,26,6,3,9,5,0,0,0,0,9,E01022879,-1,0,0.05162,0.94838,-1,6,30,1,1,1,15:51,5,1,19
2023010420397,2023,010420397,2,1,1,1,29,6,2,0,0,0,0,0,3,5,E01033577,-1,0,1.0,0.0,-1,3,20,1,1,1,09:26,2,2,3
2023430018839,2023,430018839,2,1,1,1,20,4,3,0,0,0,0,0,3,3,E01028519,-1,0,0.14185,0.85815,-1,6,20,1,1,1,14:35,6,2,3
2023010486242,2023,010486242,2,1,1,1,37,7,3,0,0,0,0,0,9,4,E01021799,-1,0,0.0,1.0,-1,6,30,1,4,2,20:49,4,2,9
2023131306992,2023,131306992,2,2,1,1,45,7,3,0,0,0,0,0,9,4,E01010675,3,1,0.0,1.0,-1,6,30,1,1,1,16:32,7,2,9
2023131382349,2023,131382349,2,1,1,2,18,4,3,0,0,0,0,0,9,8,E01011930,3,1,0.0,1.0,-1,3,30,2,1,2,08:15,2,2,9
2023221297554,2023,221297554,2,1,1,2,47,8,3,0,0,0,0,0,9,6,E01014058,3,1,0.0,1.0,-1,6,60,1,1,2,11:30,3,2,9
2023991299108,2023,991299108,2,1,1,2,31,6,3,0,0,0,0,0,9,3,-1,3,1,0.0,1.0,-1,6,60,1,1,1,17:00,5,2,9
2023010481993,2023,010481993,2,2,3,-1,-1,-1,3,10,9,0,0,0,0,-1,-1,-1,0,0.0,1.0,-1,2,20,2,4,2,20:20,2,2,8
2023010485987,2023,010485987,2,1,1,1,35,6,3,0,0,0,0,0,1,2,E01003622,-1,0,0.0,1.0,-1,6,20,1,4,2,22:10,2,2,1
2023161377452,2023,161377452,2,1,1,1,27,6,2,0,0,0,0,0,4,9,E01013031,7,1,1.0,0.0,-1,6,30,2,1,2,07:15,4,2,4
202363A022823,2023,63A022823,1,1,1,1,35,6,2,0,0,0,0,0,5,4,W01000672,-1,0,1.0,0.0,-1,6,30,4,1,1,11:55,6,1,5
2023010430943,2023,010430943,1,1,1,1,21,5,3,0,0,0,0,0,9,2,E01000955,-1,0,0.0,1.0,-1,6,30,1,4,1,01:20,4,1,9
2023052302594,2023,052302594,1,1,1,2,75,10,3,0,0,0,0,0,9,1,E01006765,-1,0,0.0732,0.9268,-1,6,30,1,1,1,12:52,7,2,9
2023411288521,2023,411288521,2,1,1,1,63,9,3,0,0,0,0,0,9,-1,-1,3,1,0.0,1.0,-1,3,50,1,1,-1,16:13,5,2,9
2023401283546,2023,401283546,2,1,1,1,58,9,3,0,0,0,0,0,17,5,E01017615,3,1,0.0,1.0,-1,6,30,1,1,2,08:40,4,2,17
2023401378127,2023,401378127,1,1,3,2,40,7,3,7,9,0,0,-1,0,10,E01017528,3,1,0.0,1.0,-1,6,30,1,1,1,06:45,2,1,9
2023010436535,2023,010436535,1,1,1,2,22,5,3,0,0,0,0,0,3,7,E01021759,-1,0,0.0,1.0,-1,2,20,1,4,1,23:07,7,2,3
2023302300038,2023,302300038,1,1,1,2,62,9,3,0,0,0,0,0,9,8,E01019872,-1,0,0.15151,0.84849,-1,6,40,1,4,1,06:05,7,1,9
2023440020537,2023,440020537,1,1,1,2,29,6,3,0,0,0,0,0,9,2,E01017328,-1,0,0.03337,0.96663,-1,2,30,1,1,2,14:31,2,2,9
2023991341106,2023,991341106,2,1,1,1,24,5,3,0,0,0,0,0,9,5,-1,3,1,0.0,1.0,-1,6,30,1,4,2,03:00,1,2,9
2023501285111,2023,501285111,1,1,1,1,39,7,2,0,0,0,0,0,1,3,E01015063,7,1,1.0,0.0,-1,6,30,1,6,1,19:45,2,3,1
2023430540448,2023,430540448,2,2,1,1,34,6,3,0,0,0,0,0,9,3,E01016381,-1,0,0.07209,0.92791,-1,6,40,1,4,2,16:00,6,2,9
2023531276274,2023,531276274,1,1,1,1,57,9,2,0,0,0,0,0,5,10,E01022113,7,1,1.0,0.0,-1,6,30,1,1,1,13:55,1,1,5
2023351308332,2023,351308332,2,3,2,1,41,7,3,0,0,2,0,0,9,7,E01033177,3,1,0.0,1.0,-1,6,40,2,1,2,17:55,3,2,9
2023520300922,2023,520300922,1,2,2,2,17,4,3,0,0,1,0,0,9,5,E01020535,-1,0,0.09373,0.90627,-1,6,60,2,6,2,22:13,4,1,9
2023010457120,2023,010457120,1,1,2,2,69,10,3,0,0,0,3,0,11,4,E01000477,-1,0,0.0,1.0,-1,6,20,1,1,1,14:10,2,2,11
2023131303910,2023,131303910,2,1,1,1,21,5,3,0,0,0,0,0,9,3,E01010846,3,1,0.0,1.0,-1,6,30,1,1,2,16:15,1,2,9
2023302301130,2023,302301130,1,1,3,1,82,11,3,5,3,0,0,0,0,2,E01013585,-1,0,0.22994,0.77006,-1,6,30,1,1,1,15:00,2,1,9
2023501321612,2023,501321612,2,1,1,1,67,10,3,0,0,0,0,0,1,6,E01020304,3,1,0.0,1.0,-1,6,60,1,1,1,09:15,5,2,1
2023201328545,2023,201328545,1,1,1,1,65,9,3,0,0,0,0,0,9,1,E01009881,3,1,0.0,1.0,-1,6,30,1,1,1,15:38,4,1,9
2023201389029,2023,201389029,2,3,1,2,45,7,3,0,0,0,0,0,9,4,E01008955,3,1,0.0,1.0,-1,6,30,1,1,1,16:00,3,2,9
2023010469762,2023,010469762,1,1,1,1,43,7,3,0,0,0,0,0,11,9,E01000208,-1,0,0.0,1.0,-1,2,20,1,1,1,17:15,3,2,11
2023440289376,2023,440289376,1,1,3,2,19,4,3,5,1,0,0,0,0,7,E01022592,-1,0,0.17671,0.82329,-1,6,30,1,1,2,20:47,3,1,90
2023010482890,2023,010482890,1,1,1,2,39,7,3,0,0,0,0,0,9,3,E01002560,-1,0,0.0,1.0,-1,6,30,8,1,1,15:03,6,2,9
2023302301787,2023,302301787,2,1,1,2,49,8,3,0,0,0,0,0,9,7,E01028402,-1,0,0.01206,0.98794,-1,6,50,1,6,1,16:30,6,2,9
2023332300358,2023,332300358,2,1,1,1,80,11,3,0,0,0,0,0,9,7,E01025985,-1,0,0.02713,0.97287,-1,1,30,1,1,1,12:50,3,3,9
2023461358363,2023,461358363,2,1,1,2,34,6,3,0,0,0,0,0,9,5,E01024226,3,1,0.0,1.0,-1,6,50,1,6,1,21:59,1,3,9
2023991392248,2023,991392248,2,2,1,1,62,9,2,0,0,0,0,0,9,7,W01000398,6,1,1.0,0.0,-1,6,60,3,1,3,10:50,7,2,9
2023340NN0692,2023,340NN0692,2,1,1,1,59,9,3,0,0,0,0,0,19,8,E01027337,-1,0,0.03453,0.96547,-1,6,30,1,1,1,16:15,3,2,19
2023052302902,2023,052302902,2,1,1,1,46,8,2,0,0,0,0,0,22,6,E01027741,-1,0,1.0,0.0,-1,6,30,2,4,2,20:52,2,2,22
2023041335520,2023,041335520,3,1,1,2,20,4,3,0,0,0,0,0,9,1,E01012735,3,1,0.0,1.0,-1,3,30,2,4,2,20:45,4,3,9
2023231377970,2023,231377970,2,2,2,2,33,6,3,0,0,1,0,0,9,6,E01031018,3,1,0.0,1.0,-1,1,70,1,1,1,10:14,3,2,9
2023421394978,2023,421394978,2,1,1,2,59,9,3,0,0,0,0,0,9,2,E01015840,3,1,0.0,1.0,-1,6,30,1,1,1,09:48,7,2,9
2023131270607,2023,131270607,1,1,2,2,78,11,2,0,0,1,0,0,9,5,E01011788,6,1,1.0,0.0,-1,6,30,1,4,1,17:30,2,3,9
2023991295163,2023,991295163,2,2,1,1,46,8,3,0,0,0,0,0,9,5,-1,3,1,0.0,1.0,-1,6,30,1,1,1,20:00,7,2,9
2023101318153,2023,101318153,1,1,3,2,31,6,3,10,3,0,0,-1,0,1,E01007530,3,1,0.0,1.0,-1,6,30,1,4,1,01:15,1,1,9
2023010477354,2023,010477354,1,1,1,1,30,6,3,0,0,0,0,0,3,6,E01003152,-1,0,0.0,1.0,-1,9,20,9,1,9,15:38,6,2,3
2023010458337,2023,010458337,2,1,1,2,27,6,3,0,0,0,0,0,3,3,E01000638,-1,0,0.0,1.0,-1,3,30,1,1,1,12:38,3,2,3
2023010436219,2023,010436219,1,1,1,1,35,6,3,0,0,0,0,0,8,3,E01002620,-1,0,0.0,1.0,-1,7,30,2,4,2,05:37,5,2,8
2023332300968,2023,332300968,1,1,3,1,23,5,3,10,9,0,0,0,0,6,E01014351,-1,0,0.02295,0.97705,-1,6,30,1,1,1,14:00,7,1,9
2023010438852,2023,010438852,1,1,1,1,21,5,3,0,0,0,0,0,1,3,E01002408,-1,0,0.0,1.0,-1,6,30,1,1,1,16:30,7,1,1
2023010428435,2023,010428435,1,1,1,1,22,5,3,0,0,0,0,0,3,2,E01001812,-1,0,0.0,1.0,-1,9,20,1,4,1,21:10,2,2,3
2023122301136,2023,122301136,2,1,1,1,33,6,3,0,0,0,0,0,9,-1,-1,-1,0,0.05538,0.94462,-1,3,70,1,1,1,10:17,6,3,9
2023201323066,2023,201323066,1,1,1,1,24,5,3,0,0,0,0,0,9,2,E01009210,3,1,0.0,1.0,-1,3,30,1,1,1,19:08,5,2,9
2023622300251,2023,622300251,1,1,1,1,88,11,3,0,0,0,0,0,9,3,W01001211,-1,0,0.09918,0.90082,-1,6,40,2,1,2,11:47,4,3,9
2023311366260,2023,311366260,1,1,2,2,83,11,3,0,0,0,3,0,11,5,E01027932,3,1,0.0,1.0,-1,6,30,1,1,1,09:25,2,1,11
2023201433915,2023,201433915,1,1,3,1,11,3,3,5,3,0,0,0,0,3,E01009232,3,1,0.0,1.0,-1,3,30,1,1,1,15:32,3,1,9
2023041315658,2023,041315658,1,1,1,2,21,5,3,0,0,0,0,0,9,4,E01025054,3,1,0.0,1.0,-1,6,30,1,1,1,18:45,3,4,9
2023332300865,2023,332300865,1,1,2,2,37,7,2,0,0,0,0,0,19,1,E01025932,-1,0,1.0,0.0,-1,6,60,1,1,1,18:20,7,1,19
2023131308002,2023,131308002,2,1,1,1,35,6,3,0,0,0,0,0,9,1,E01011729,3,1,0.0,1.0,-1,3,50,1,1,1,18:47,2,2,9
2023161360337,2023,161360337,2,1,1,1,33,6,2,0,0,0,0,0,9,1,E01013296,6,1,1.0,0.0,-1,6,20,1,1,1,17:08,6,3,9
202354A777723,2023,54A777723,2,1,1,2,44,7,3,0,0,0,0,0,9,5,E01032698,-1,0,0.00199,0.99801,-1,6,30,1,1,1,08:10,6,2,9