collision_index,collision_year,collision_ref_no,vehicle_reference,casualty_reference,casualty_class,sex_of_casualty,age_of_casualty,age_band_of_casualty,casualty_severity,pedestrian_location,pedestrian_movement,car_passenger,bus_or_coach_passenger,pedestrian_road_maintenance_worker,casualty_type,casualty_imd_decile,lsoa_of_casualty,enhanced_casualty_severity,casualty_injury_based,casualty_adjusted_severity_serious,casualty_adjusted_severity_slight,casualty_distance_banding,road_type,speed_limit,weather_conditions,light_conditions,road_surface_conditions,time,day_of_week,number_of_vehicles,vehicle_type
2023122300809,2023,122300809,2,1,1,1,67,10,2,0,0,0,0,0,4,9,E01027921,-1,0,1.0,0.0,-1,6,30,1,1,1,10:40,7,2,4
2023010451446,2023,010451446,1,1,1,1,50,8,2,0,0,0,0,0,2,8,E01001891,-1,0,1.0,0.0,-1,3,40,1,1,1,16:30,1,2,2
2023041318734,2023,041318734,2,1,1,2,39,7,2,0,0,0,0,0,9,1,E01025045,7,1,1.0,0.0,-1,6,30,1,1,1,20:15,2,4,9
2023131301881,2023,131301881,2,2,1,1,30,6,3,0,0,0,0,0,9,8,E01011406,3,1,0.0,1.0,-1,6,40,1,5,2,09:07,6,3,9
2023311293409,2023,311293409,1,2,2,1,17,4,3,0,0,1,0,0,9,-1,-1,3,1,0.0,1.0,-1,7,60,1,4,2,23:11,2,1,9
2023440264454,2023,440264454,1,2,2,1,44,7,3,0,0,1,0,0,9,1,E01017037,-1,0,0.08652,0.91348,-1,6,60,1,1,1,12:49,1,2,9
2023549718423,2023,549718423,2,1,2,1,11,3,3,0,0,2,0,0,9,3,E01031851,-1,0,0.00235,0.99765,-1,1,30,1,1,1,16:40,4,2,9
2023010447903,2023,010447903,1,1,1,1,55,8,3,0,0,0,0,0,19,3,E01003550,-1,0,0.0,1.0,-1,1,40,1,1,1,10:14,6,2,19
2023101276820,2023,101276820,2,1,1,1,18,4,2,0,0,0,0,0,3,1,E01008212,6,1,1.0,0.0,-1,6,30,1,4,1,20:44,4,2,3
2023991335499,2023,991335499,1,1,1,1,62,9,2,0,0,0,0,0,5,6,-1,7,1,1.0,0.0,-1,6,30,1,1,1,19:36,1,1,5
2023010478465,2023,010478465,2,1,1,2,40,7,3,0,0,0,0,0,9,7,E01024737,-1,0,0.0,1.0,-1,6,30,1,1,2,07:21,6,2,9
2023421357100,2023,421357100,1,1,1,2,76,11,3,0,0,0,0,0,9,5,E01021432,3,1,0.0,1.0,-1,6,30,1,1,1,12:23,3,2,9
2023461324398,2023,461324398,1,1,1,2,59,9,3,0,0,0,0,0,9,7,E01024637,3,1,0.0,1.0,-1,6,40,1,1,1,09:25,7,1,9
2023052302214,2023,052302214,1,1,3,2,43,7,2,5,9,0,0,0,0,7,E01006666,-1,0,1.0,0.0,-1,6,30,1,1,1,15:20,6,2,1
2023131312156,2023,131312156,1,1,3,1,17,4,3,10,7,0,0,2,0,3,E01010835,3,1,0.0,1.0,-1,6,30,1,1,1,16:00,6,1,9
2023320337399,2023,320337399,1,2,1,1,33,6,3,0,0,0,0,0,9,7,E01026091,-1,0,0.04894,0.95106,-1,6,30,1,1,1,18:00,6,2,9
2023101310374,2023,101310374,1,1,3,1,33,6,2,9,8,0,0,0,0,2,E01008700,7,1,1.0,0.0,-1,3,30,1,1,1,04:30,1,1,9
2023201308163,2023,201308163,1,1,3,2,30,6,3,1,9,0,0,2,0,1,E01008882,3,1,0.0,1.0,-1,6,30,1,1,1,11:20,7,1,9
2023010428811,2023,010428811,2,1,1,1,18,4,2,0,0,0,0,0,3,1,E01002094,-1,0,1.0,0.0,-1,6,20,1,1,1,16:14,5,2,3
2023501372333,2023,501372333,1,1,1,1,19,4,2,0,0,0,0,0,4,5,E01020076,6,1,1.0,0.0,-1,6,60,1,6,1,17:40,4,3,4
2023231270550,2023,231270550,1,1,1,2,37,7,3,0,0,0,0,0,9,10,E01031318,3,1,0.0,1.0,-1,3,30,1,1,1,13:45,4,2,9
2023461283805,2023,461283805,1,1,2,2,88,11,3,0,0,1,0,0,9,8,E01024004,3,1,0.0,1.0,-1,6,30,1,4,1,18:15,2,2,9
2023461351505,2023,461351505,1,1,1,1,25,5,3,0,0,0,0,0,9,1,E01024678,3,1,0.0,1.0,-1,1,30,1,1,1,08:34,4,2,9
2023161279448,2023,161279448,1,1,1,2,18,4,3,0,0,0,0,0,9,4,E01012883,3,1,0.0,1.0,-1,6,30,1,4,1,20:15,3,2,9
2023501323677,2023,501323677,2,1,1,2,29,6,2,0,0,0,0,0,9,2,E01020297,7,1,1.0,0.0,-1,6,30,1,1,1,10:20,4,3,9
2023010420058,2023,010420058,1,1,1,1,47,8,3,0,0,0,0,0,9,2,E01002054,-1,0,0.0,1.0,-1,6,30,1,4,1,04:19,7,2,9
2023131308734,2023,131308734,1,1,2,2,17,4,3,0,0,0,0,0,9,3,E01011817,3,1,0.0,1.0,-1,6,60,1,1,1,17:30,3,1,9
2023201297315,2023,201297315,1,1,1,2,54,8,3,0,0,0,0,0,9,6,E01010043,3,1,0.0,1.0,-1,6,30,1,1,1,16:14,2,2,9
2023371318491,2023,371318491,2,1,1,2,34,6,3,0,0,0,0,0,9,7,E01030049,3,1,0.0,1.0,-1,6,40,1,1,1,14:20,1,2,9
2023010484210,2023,010484210,1,1,1,2,24,5,3,0,0,0,0,0,1,3,E01002757,-1,0,0.0,1.0,-1,6,20,1,1,2,09:00,5,2,1
2023111293580,2023,111293580,2,2,2,2,29,6,3,0,0,-1,0,0,9,7,E01020830,3,1,0.0,1.0,-1,1,40,1,1,1,16:50,2,2,9
2023451340962,2023,451340962,1,1,1,2,59,9,3,0,0,0,0,0,9,9,E01030406,3,1,0.0,1.0,-1,3,40,1,1,1,08:15,2,1,9
2023010458568,2023,010458568,1,1,3,1,57,9,2,4,1,0,0,0,0,6,E01032959,-1,0,1.0,0.0,-1,3,20,1,4,2,20:55,4,1,9
202360A095426,2023,60A095426,2,1,3,2,58,9,2,1,1,0,0,0,0,-1,-1,-1,0,1.0,0.0,-1,6,30,1,1,1,18:50,2,2,9
2023991318026,2023,991318026,2,1,1,1,91,11,3,0,0,0,0,0,1,10,-1,3,1,0.0,1.0,-1,6,30,1,1,1,16:43,3,2,1
2023010469208,2023,010469208,1,1,1,1,20,4,2,0,0,0,0,0,4,-1,-1,-1,0,1.0,0.0,-1,6,30,1,1,1,17:15,7,2,4
2023421335927,2023,421335927,1,2,2,2,9,2,3,0,0,-1,0,0,9,-1,-1,3,1,0.0,1.0,-1,6,30,2,1,2,14:50,2,2,9
2023471376395,2023,471376395,2,4,2,1,11,3,3,0,0,1,0,0,9,5,E01031401,3,1,0.0,1.0,-1,1,30,2,4,2,21:29,6,3,9
2023546861223,2023,546861223,2,2,1,1,48,8,3,0,0,0,0,0,9,4,E01015623,-1,0,0.04502,0.95498,-1,6,50,1,1,1,14:03,6,2,9
2023610021923,2023,610021923,1,3,2,1,22,5,3,0,0,2,0,0,9,1,E01007369,-1,0,0.14395,0.85605,-1,6,30,1,4,1,02:22,7,1,9
2023991279309,2023,991279309,1,2,1,1,83,11,2,0,0,0,0,0,9,5,-1,6,1,1.0,0.0,-1,6,40,1,1,1,12:45,4,2,9
2023131311837,2023,131311837,2,2,1,1,16,4,3,0,0,0,0,0,2,8,E01011021,3,1,0.0,1.0,-1,6,40,1,1,1,08:10,6,2,2
2023010465599,2023,010465599,1,1,3,2,6,2,2,5,1,0,0,0,0,-1,-1,-1,0,1.0,0.0,-1,6,20,1,1,2,15:25,3,1,9
2023430299595,2023,430299595,1,1,1,1,14,3,3,0,0,0,0,0,-1,6,E01028559,-1,0,0.13175,0.86825,-1,6,20,1,4,1,21:47,5,2,-1
2023010442944,2023,010442944,3,2,2,2,19,4,2,0,0,2,0,0,9,5,E01003760,-1,0,1.0,0.0,-1,3,50,1,4,1,21:35,7,3,9
2023141383109,2023,141383109,1,1,1,2,18,4,3,0,0,0,0,0,9,10,E01007430,3,1,0.0,1.0,-1,6,60,8,6,4,20:48,3,1,9
202360A129504,2023,60A129504,2,4,2,2,12,3,3,0,0,2,0,0,9,-1,-1,-1,0,0.04807,0.95193,-1,6,60,2,1,2,11:28,2,3,9
2023371376218,2023,371376218,1,1,3,2,2,1,3,5,1,0,0,0,0,1,E01030261,3,1,0.0,1.0,-1,6,30,2,1,2,08:40,5,1,9
2023101304112,2023,101304112,2,1,1,1,26,6,3,0,0,0,0,0,5,2,E01020624,3,1,0.0,1.0,-1,6,30,1,4,2,21:15,2,2,5
2023010430759,2023,010430759,2,1,1,1,58,9,3,0,0,0,0,0,9,-1,-1,-1,0,0.0,1.0,-1,3,50,8,4,2,04:50,3,2,9
2023031296270,2023,031296270,1,1,2,2,49,8,3,0,0,1,0,0,9,-1,-1,3,1,0.0,1.0,-1,6,30,1,1,1,12:17,5,2,9
2023401363722,2023,401363722,2,1,1,1,50,8,2,0,0,0,0,0,9,10,E01023815,5,1,1.0,0.0,-1,3,70,1,1,1,16:55,5,2,9
2023991262676,2023,991262676,1,1,1,1,40,7,1,0,0,0,0,0,5,2,-1,1,1,0.0,0.0,-1,6,60,2,1,2,13:27,5,2,5
2023122300626,2023,122300626,2,2,1,1,20,4,3,0,0,0,0,0,9,7,E01013442,-1,0,0.05146,0.94854,-1,2,20,1,4,2,20:40,3,2,9
2023010452301,2023,010452301,1,2,2,2,18,4,3,0,0,1,0,0,9,1,E01001427,-1,0,0.0,1.0,-1,3,40,1,4,1,22:30,5,2,9
2023221333940,2023,221333940,2,4,2,2,17,4,3,0,0,2,0,0,9,8,E01029001,3,1,0.0,1.0,-1,6,30,2,4,2,00:08,2,2,9
2023501312669,2023,501312669,1,2,2,2,14,3,3,0,0,-1,0,0,9,-1,-1,3,1,0.0,1.0,-1,3,40,1,4,1,22:04,7,2,9
2023545204123,2023,545204123,2,1,1,2,55,8,2,0,0,0,0,0,9,8,E01031940,-1,0,1.0,0.0,-1,6,50,1,1,1,08:12,5,2,9
2023010430880,2023,010430880,2,1,1,1,31,6,2,0,0,0,0,0,1,4,E01004652,-1,0,1.0,0.0,-1,6,20,1,1,2,14:49,3,2,1
2023010483610,2023,010483610,1,1,1,1,31,6,3,0,0,0,0,0,1,2,E01003490,-1,0,0.0,1.0,-1,6,30,1,4,1,19:40,6,2,1
2023622300774,2023,622300774,1,1,1,1,50,8,3,0,0,0,0,0,19,2,W01001642,-1,0,0.11277,0.88723,-1,3,70,1,6,1,01:42,1,1,19
2023302301161,2023,302301161,2,2,2,2,73,10,3,0,0,1,0,0,9,10,E01033533,-1,0,0.06484,0.93516,-1,1,60,1,1,1,11:13,5,2,9
2023631367403,2023,631367403,1,1,2,1,16,4,3,0,0,2,0,0,9,-1,-1,3,1,0.0,1.0,-1,6,60,1,1,2,10:21,5,1,9
2023471299036,2023,471299036,2,1,3,2,30,6,3,9,9,0,0,0,0,4,E01023357,3,1,0.0,1.0,-1,6,30,9,1,1,11:08,1,2,9
2023131365356,2023,131365356,2,1,1,1,28,6,2,0,0,0,0,0,1,8,E01011556,7,1,1.0,0.0,-1,3,30,9,1,1,12:50,5,2,1
2023201330112,2023,201330112,1,3,2,1,22,5,3,0,0,2,0,0,9,1,E01009328,3,1,0.0,1.0,-1,6,30,1,4,2,02:10,1,2,9
2023371259552,2023,371259552,1,1,1,1,36,7,3,0,0,0,0,0,9,5,E01029946,3,1,0.0,1.0,-1,6,30,1,1,2,11:20,2,2,9
2023440438814,2023,440438814,1,1,1,1,34,6,3,0,0,0,0,0,9,1,E01017210,-1,0,0.09116,0.90884,-1,3,50,1,1,2,15:00,5,3,9
2023451312075,2023,451312075,4,1,1,2,60,9,3,0,0,0,0,0,9,8,E01024519,3,1,0.0,1.0,-1,3,70,1,1,1,11:25,7,4,9
2023471358572,2023,471358572,1,1,1,1,83,11,3,0,0,0,0,0,9,7,E01021166,3,1,0.0,1.0,-1,6,60,1,1,1,11:10,2,1,9
2023520400114,2023,520400114,1,1,1,2,78,11,3,0,0,0,0,0,9,6,E01029222,-1,0,0.09263,0.90737,-1,6,60,1,1,1,14:31,6,3,9
2023010471471,2023,010471471,1,1,3,1,63,9,3,1,1,0,0,0,0,7,E01000442,-1,0,0.0,1.0,-1,6,30,2,4,2,05:19,5,1,9
2023320717736,2023,320717736,1,1,1,1,19,4,3,0,0,0,0,0,3,1,E01026383,-1,0,0.2286,0.7714,-1,6,60,1,1,2,13:34,2,1,3
2023320547815,2023,320547815,1,1,1,1,55,8,3,0,0,0,0,0,10,4,E01026019,-1,0,0.0446,0.9554,-1,1,30,1,1,1,19:40,1,2,10
2023010449842,2023,010449842,1,1,1,1,33,6,3,0,0,0,0,0,1,1,E01002091,-1,0,0.0,1.0,-1,9,30,8,1,1,15:45,7,1,1
2023430030064,2023,430030064,3,1,1,1,63,9,2,0,0,0,0,0,4,4,E01015511,-1,0,1.0,0.0,-1,6,60,1,1,1,07:45,5,3,4
2023351430048,2023,351430048,1,1,1,2,16,4,3,0,0,0,0,0,97,8,E01018236,3,1,0.0,1.0,-1,6,30,7,1,2,08:30,5,2,97
2023010447040,2023,010447040,1,1,1,1,40,7,3,0,0,0,0,0,3,3,E01003548,-1,0,0.0,1.0,-1,6,20,1,1,1,19:46,5,2,3
2023451290257,2023,451290257,1,3,3,2,7,2,3,10,9,0,0,2,0,8,E01030825,3,1,0.0,1.0,-1,6,30,2,7,2,18:30,6,1,9
2023010465896,2023,010465896,2,1,1,2,29,6,2,0,0,0,0,0,1,9,E01004595,-1,0,1.0,0.0,-1,3,20,1,1,1,08:35,5,2,1
2023031351435,2023,031351435,2,1,1,1,64,9,3,0,0,0,0,0,5,5,E01019264,3,1,0.0,1.0,-1,6,30,1,5,1,05:48,3,2,5
2023430070236,2023,430070236,2,1,1,2,50,8,3,0,0,0,0,0,1,3,E01028552,-1,0,0.141,0.859,-1,6,30,1,1,2,07:54,4,2,1
2023501309039,2023,501309039,1,1,2,1,20,4,3,0,0,1,0,0,9,3,E01015168,3,1,0.0,1.0,-1,6,30,1,1,1,06:57,1,1,9
2023201412275,2023,201412275,2,1,1,1,24,5,3,0,0,0,0,0,-1,-1,-1,3,1,0.0,1.0,-1,6,30,1,1,1,11:30,7,2,-1
2023522400555,2023,522400555,1,1,3,1,41,7,2,1,1,0,0,0,0,6,E01014929,-1,0,1.0,0.0,-1,6,50,1,1,1,16:30,6,1,19
2023041350721,2023,041350721,2,1,1,1,64,9,3,0,0,0,0,0,1,2,E01025185,3,1,0.0,1.0,-1,6,30,1,1,1,17:15,5,2,1
2023101373056,2023,101373056,1,1,3,1,39,7,3,5,3,0,0,0,0,1,E01008544,3,1,0.0,1.0,-1,6,30,1,1,1,14:04,4,1,9
2023131327397,2023,131327397,1,1,3,1,23,5,2,5,1,0,0,2,0,3,E01010776,7,1,1.0,0.0,-1,3,30,2,4,2,01:52,1,1,9
2023991292542,2023,991292542,1,1,3,1,26,6,3,5,1,0,0,0,0,2,-1,3,1,0.0,1.0,-1,6,30,1,1,1,08:30,6,1,9
2023311288787,2023,311288787,2,1,1,1,27,6,3,0,0,0,0,0,3,1,E01013810,3,1,0.0,1.0,-1,6,30,2,4,2,22:13,2,2,3
2023041309430,2023,041309430,2,1,1,1,19,4,3,0,0,0,0,0,9,3,E01012615,3,1,0.0,1.0,-1,6,60,1,6,1,02:44,7,2,9
2023122301385,2023,122301385,2,2,1,1,54,8,3,0,0,0,0,0,9,5,E01027636,-1,0,0.04313,0.95687,-1,3,70,1,1,2,11:40,5,3,9
2023302300418,2023,302300418,2,1,1,2,38,7,3,0,0,0,0,0,9,6,E01013491,-1,0,0.04041,0.95959,-1,6,30,1,1,2,15:50,5,3,9
2023351361100,2023,351361100,2,1,1,2,50,8,3,0,0,0,0,0,9,3,E01018083,3,1,0.0,1.0,-1,6,30,1,1,1,16:42,5,2,9
2023451308126,2023,451308126,1,2,1,2,18,4,3,0,0,0,0,0,9,3,E01001368,3,1,0.0,1.0,-1,7,60,1,6,1,20:35,3,1,9
2023631339125,2023,631339125,2,1,1,2,42,7,2,0,0,0,0,0,9,10,E01024322,6,1,1.0,0.0,-1,6,30,2,1,2,17:00,2,2,9
2023131348942,2023,131348942,2,1,1,2,28,6,3,0,0,0,0,0,9,6,E01011446,3,1,0.0,1.0,-1,3,40,1,1,1,08:20,3,2,9
2023061350338,2023,061350338,2,1,1,1,50,8,3,0,0,0,0,0,9,6,E01005305,3,1,0.0,1.0,-1,3,30,1,1,1,10:00,7,2,9
2023170M11773,2023,170M11773,1,2,2,1,18,4,3,0,0,2,0,0,9,1,E01012092,-1,0,0.02066,0.97934,-1,6,30,1,4,2,17:00,5,2,9
2023231383772,2023,231383772,1,1,2,1,37,7,3,0,0,1,0,0,9,1,E01031043,3,1,0.0,1.0,-1,1,70,1,4,2,03:02,7,1,9
2023302301320,2023,302301320,1,4,2,1,83,11,3,0,0,2,0,0,9,8,E01019735,-1,0,0.1568,0.8432,-1,6,60,1,1,1,12:30,1,2,9
2023501365615,2023,501365615,3,1,1,1,37,7,3,0,0,0,0,0,9,4,E01018955,3,1,0.0,1.0,-1,6,50,1,1,1,12:40,7,4,9
2023010480672,2023,010480672,1,1,3,2,10,2,3,10,9,0,0,0,0,7,E01002171,-1,0,0.0,1.0,-1,6,20,1,1,1,15:40,2,1,9
2023010463346,2023,010463346,1,1,3,2,81,11,2,1,3,0,0,0,0,10,E01000115,-1,0,1.0,0.0,-1,6,30,1,1,1,14:25,5,1,19
2023052301234,2023,052301234,1,3,2,2,26,6,3,0,0,2,0,0,9,1,E01007228,-1,0,0.07552,0.92448,-1,6,30,1,4,1,21:51,1,2,9
2023141288631,2023,141288631,2,2,1,2,21,5,2,0,0,0,0,0,9,4,E01007329,6,1,1.0,0.0,-1,6,60,1,1,1,09:19,2,2,9
2023440197555,2023,440197555,1,1,2,2,83,11,2,0,0,1,0,0,9,10,E01032012,-1,0,1.0,0.0,-1,3,70,1,1,1,12:30,6,3,9
2023552300342,2023,552300342,2,1,1,2,62,9,3,0,0,0,0,0,9,9,E01015316,-1,0,0.02056,0.97944,-1,3,40,2,7,2,22:23,5,2,9
2023010477811,2023,010477811,1,1,3,1,79,11,2,5,9,0,0,0,0,7,E01001058,-1,0,1.0,0.0,-1,6,20,1,1,1,12:47,2,1,19
2023122400039,2023,122400039,1,1,3,1,58,9,3,10,9,0,0,0,0,10,E01027716,-1,0,0.19489,0.80511,-1,6,40,1,1,1,14:20,2,1,9
2023320721570,2023,320721570,1,1,3,1,16,4,3,5,9,0,0,0,0,7,E01026098,-1,0,0.11157,0.88843,-1,6,30,1,7,1,17:20,6,1,9
2023010432369,2023,010432369,2,1,1,1,23,5,3,0,0,0,0,0,3,2,E01002056,-1,0,0.0,1.0,-1,6,20,2,4,2,18:28,4,2,3
2023501344183,2023,501344183,1,1,1,2,47,8,3,0,0,0,0,0,9,4,E01020288,3,1,0.0,1.0,-1,6,60,2,1,2,17:21,6,2,9
2023010441153,2023,010441153,1,1,2,2,54,8,3,0,0,0,3,0,11,8,E01002914,-1,0,0.0,1.0,-1,2,20,1,1,1,14:40,5,1,11
2023061383612,2023,061383612,2,1,1,1,20,4,3,0,0,0,0,0,5,3,E01006014,3,1,0.0,1.0,-1,6,30,1,4,2,20:15,4,2,5
2023201337327,2023,201337327,1,1,1,1,39,7,2,0,0,0,0,0,1,3,E01009777,7,1,1.0,0.0,-1,3,30,1,1,1,18:18,2,2,1
2023340NN3152,2023,340NN3152,2,1,1,2,74,10,3,0,0,0,0,0,9,1,E01027127,-1,0,0.04529,0.95471,-1,3,70,1,1,1,10:45,5,2,9
2023010459852,2023,010459852,1,1,1,1,32,6,3,0,0,0,0,0,3,3,E01003146,-1,0,0.0,1.0,-1,6,20,9,1,9,13:45,4,2,3
2023991314627,2023,991314627,1,1,3,2,75,10,1,6,9,0,0,0,0,7,-1,1,1,0.0,0.0,-1,6,30,1,1,1,18:51,7,1,9
2023010481735,2023,010481735,1,1,3,1,68,10,3,10,9,0,0,0,0,1,E01004198,-1,0,0.0,1.0,-1,6,20,2,1,9,11:45,1,1,9
2023311323036,2023,311323036,1,1,1,1,18,4,2,0,0,0,0,0,4,-1,-1,7,1,1.0,0.0,-1,6,30,1,1,1,16:45,2,2,4
2023122300344,2023,122300344,1,1,3,1,43,7,2,9,8,0,0,0,0,1,E01027847,-1,0,1.0,0.0,-1,6,40,1,6,2,23:40,7,1,9
2023010469368,2023,010469368,1,1,1,2,34,6,3,0,0,0,0,0,1,4,E01000869,-1,0,0.0,1.0,-1,9,20,1,1,1,11:00,1,2,1
2023010477385,2023,010477385,1,2,2,2,65,9,3,0,0,0,4,0,11,2,E01003305,-1,0,0.0,1.0,-1,2,20,1,1,1,14:25,7,1,11
2023161299636,2023,161299636,1,1,1,1,27,6,3,0,0,0,0,0,9,8,E01012812,3,1,0.0,1.0,-1,6,60,2,1,2,17:50,6,1,9
2023161350960,2023,161350960,1,2,2,1,55,8,2,0,0,1,0,0,9,9,E01013194,5,1,1.0,0.0,-1,1,30,1,1,1,12:45,1,1,9
2023351405125,2023,351405125,1,2,2,1,13,3,3,0,0,1,0,0,9,3,E01002521,3,1,0.0,1.0,-1,6,60,4,1,1,14:50,4,1,9
2023440160890,2023,440160890,1,1,1,2,26,6,3,0,0,0,0,0,9,6,E01022551,-1,0,0.05851,0.94149,-1,1,30,8,4,2,20:56,2,2,9
2023440407615,2023,440407615,2,1,1,2,40,7,3,0,0,0,0,0,9,9,E01022930,-1,0,0.01602,0.98398,-1,3,40,1,1,1,17:40,5,2,9
2023302301030,2023,302301030,1,1,3,2,53,8,3,6,9,0,0,0,0,9,E01019412,-1,0,0.06126,0.93874,-1,6,30,1,1,1,10:40,3,1,9
2023440178606,2023,440178606,1,2,3,1,42,7,2,9,5,0,0,0,0,6,E01022939,-1,0,1.0,0.0,-1,6,30,1,4,1,21:00,7,1,3
2023101293820,2023,101293820,1,1,3,1,9,2,3,10,4,0,0,0,0,5,E01008431,3,1,0.0,1.0,-1,6,20,1,1,1,18:15,3,1,9
2023010470228,2023,010470228,1,1,1,1,34,6,3,0,0,0,0,0,1,1,E01002095,-1,0,0.0,1.0,-1,6,20,1,4,1,19:45,5,2,1
2023010420826,2023,010420826,2,1,1,1,28,6,2,0,0,0,0,0,3,4,E01002455,-1,0,1.0,0.0,-1,6,30,2,4,2,16:05,4,3,3
2023010482536,2023,010482536,1,1,1,2,21,5,3,0,0,0,0,0,9,5,E01000520,-1,0,0.0,1.0,-1,7,20,1,4,1,06:50,4,2,9
2023221339922,2023,221339922,1,1,2,2,23,5,3,0,0,1,0,0,9,4,E01014033,3,1,0.0,1.0,-1,6,60,1,1,1,14:20,4,2,9
2023122300640,2023,122300640,2,1,1,1,18,4,3,0,0,0,0,0,1,7,E01013346,-1,0,0.04717,0.95283,-1,6,30,1,1,1,08:40,6,2,1
2023010469681,2023,010469681,2,1,1,1,26,6,2,0,0,0,0,0,4,3,E01000490,-1,0,1.0,0.0,-1,2,20,1,1,1,10:55,3,2,4
2023010454370,2023,010454370,1,3,2,2,-1,-1,3,0,0,2,0,0,9,5,E01000620,-1,0,0.0,1.0,-1,6,30,1,1,1,15:33,2,2,9
2023471299429,2023,471299429,2,5,2,1,15,3,3,0,0,2,0,0,9,7,E01031508,3,1,0.0,1.0,-1,6,60,1,6,2,00:10,6,2,9
2023991270125,2023,991270125,1,1,1,1,29,6,3,0,0,0,0,0,9,2,-1,3,1,0.0,1.0,-1,6,30,1,1,1,12:05,2,2,9
2023052302340,2023,052302340,1,1,3,1,41,7,3,9,9,0,0,0,0,5,E01006420,-1,0,0.06268,0.93732,-1,6,30,1,1,1,19:25,7,1,8
2023131358175,2023,131358175,2,1,1,1,28,6,3,0,0,0,0,0,19,3,E01011018,3,1,0.0,1.0,-1,6,30,1,1,1,08:00,6,2,19
2023161295970,2023,161295970,1,1,1,1,39,7,3,0,0,0,0,0,1,1,E01012877,3,1,0.0,1.0,-1,6,30,1,1,1,13:25,3,2,1
2023430303019,2023,430303019,1,3,2,1,47,8,3,0,0,2,0,0,8,9,E01028601,-1,0,0.12528,0.87472,-1,6,60,1,6,2,00:11,1,2,8
2023070017387,2023,070017387,2,2,1,1,25,5,3,0,0,0,0,0,19,-1,-1,-1,0,0.04419,0.95581,-1,6,60,1,1,1,10:30,6,2,19
2023471373387,2023,471373387,2,1,1,1,70,10,3,0,0,0,0,0,1,8,E01016893,3,1,0.0,1.0,-1,6,20,1,1,1,07:55,7,2,1
2023501375766,2023,501375766,1,1,1,1,17,4,3,0,0,0,0,0,3,7,E01018971,3,1,0.0,1.0,-1,6,30,1,1,1,11:34,6,2,3
2023071035475,2023,071035475,1,1,1,1,17,4,2,0,0,0,0,0,1,3,E01018746,-1,0,1.0,0.0,-1,6,30,2,4,2,01:26,7,2,1
2023991334672,2023,991334672,1,1,1,1,35,6,2,0,0,0,0,0,19,6,-1,5,1,1.0,0.0,-1,6,60,1,6,1,23:00,6,1,19
2023991368238,2023,991368238,1,1,1,2,24,5,3,0,0,0,0,0,19,10,-1,3,1,0.0,1.0,-1,3,70,2,1,2,15:40,1,1,19
2023061276511,2023,061276511,1,1,1,1,18,4,2,0,0,0,0,0,9,3,E01006235,7,1,1.0,0.0,-1,6,30,8,1,4,08:13,2,2,9
2023131263629,2023,131263629,2,1,1,1,40,7,3,0,0,0,0,0,1,4,E01011545,3,1,0.0,1.0,-1,6,30,1,1,2,14:07,1,2,1
2023221384032,2023,221384032,1,1,1,1,53,8,2,0,0,0,0,0,4,4,E01032397,6,1,1.0,0.0,-1,6,60,1,6,2,17:15,1,1,4
2023061386456,2023,061386456,1,1,3,2,40,7,3,5,9,0,0,-1,0,7,E01005152,3,1,0.0,1.0,-1,6,30,8,1,-1,10:30,6,1,9
2023010437482,2023,010437482,1,1,1,1,33,6,3,0,0,0,0,0,2,-1,-1,-1,0,0.0,1.0,-1,6,20,2,4,2,00:55,7,2,2
2023010423096,2023,010423096,1,1,3,2,61,9,2,8,1,0,0,0,0,9,E01000894,-1,0,1.0,0.0,-1,6,30,1,4,1,17:46,2,1,9
2023201313231,2023,201313231,1,1,3,1,12,3,2,5,3,0,0,0,0,1,E01033632,6,1,1.0,0.0,-1,6,30,1,1,1,20:10,1,1,9
2023421305950,2023,421305950,1,1,1,1,23,5,2,0,0,0,0,0,4,8,E01022052,7,1,1.0,0.0,-1,6,40,1,1,2,17:20,4,2,4
2023010430334,2023,010430334,2,4,2,1,28,6,3,0,0,2,0,0,9,8,E01003897,-1,0,0.0,1.0,-1,3,30,1,7,1,02:45,7,2,9
2023010470519,2023,010470519,1,1,1,1,47,8,3,0,0,0,0,0,9,2,E01000025,-1,0,0.0,1.0,-1,6,30,1,4,1,05:08,7,2,9
2023122300761,2023,122300761,2,1,1,1,48,8,3,0,0,0,0,0,9,7,E01027689,-1,0,0.01477,0.98523,-1,3,50,2,1,2,06:30,6,2,9
2023122301250,2023,122301250,2,1,1,2,46,8,3,0,0,0,0,0,9,-1,-1,-1,0,0.07977,0.92023,-1,6,60,1,6,2,00:01,3,2,9
2023332300567,2023,332300567,2,1,1,1,59,9,3,0,0,0,0,0,9,8,E01025853,-1,0,0.03335,0.96665,-1,6,30,1,1,2,08:56,3,2,9
2023501265584,2023,501265584,2,1,1,2,47,8,3,0,0,0,0,0,9,2,E01015055,3,1,0.0,1.0,-1,3,30,1,4,2,17:45,4,2,9
2023520301008,2023,520301008,2,2,1,1,55,8,3,0,0,0,0,0,9,7,E01029166,-1,0,0.05087,0.94913,-1,6,60,1,6,4,18:19,2,6,9
2023131304068,2023,131304068,1,1,1,1,37,7,3,0,0,0,0,0,9,3,E01007337,3,1,0.0,1.0,-1,6,30,1,1,1,09:19,2,2,9