collision_index,collision_year,collision_ref_no,vehicle_reference,casualty_reference,casualty_class,sex_of_casualty,age_of_casualty,age_band_of_casualty,casualty_severity,pedestrian_location,pedestrian_movement,car_passenger,bus_or_coach_passenger,pedestrian_road_maintenance_worker,casualty_type,casualty_imd_decile,lsoa_of_casualty,enhanced_casualty_severity,casualty_injury_based,casualty_adjusted_severity_serious,casualty_adjusted_severity_slight,casualty_distance_banding,road_type,speed_limit,weather_conditions,light_conditions,road_surface_conditions,time,day_of_week,number_of_vehicles,vehicle_type
2023010447099,2023,010447099,1,2,2,-1,-1,-1,3,0,0,2,0,0,9,8,E01002291,-1,0,0.0,1.0,-1,6,40,8,1,1,11:18,4,1,9
2023201297397,2023,201297397,2,3,2,2,13,3,3,0,0,2,0,0,9,2,E01010411,3,1,0.0,1.0,-1,6,30,1,1,1,16:29,1,2,9
2023320210260,2023,320210260,3,1,2,2,85,11,3,0,0,1,0,0,9,8,E01026200,-1,0,0.05119,0.94881,-1,6,50,1,1,1,16:20,6,3,9
2023401313385,2023,401313385,1,1,1,2,26,6,3,0,0,0,0,0,9,-1,-1,3,1,0.0,1.0,-1,6,60,1,1,1,16:30,3,2,9
2023411357263,2023,411357263,2,1,1,2,57,9,3,0,0,0,0,0,9,5,E01023780,3,1,0.0,1.0,-1,3,50,1,1,1,07:50,2,2,9
2023631359102,2023,631359102,1,1,1,1,64,9,3,0,0,0,0,0,9,6,W01001906,3,1,0.0,1.0,-1,6,60,1,1,2,13:40,3,2,9
2023501309501,2023,501309501,1,1,2,1,19,4,3,0,0,0,0,0,19,3,E01020155,3,1,0.0,1.0,-1,6,60,4,1,1,18:30,4,2,19
2023010422863,2023,010422863,1,1,3,2,85,11,2,4,1,0,0,0,0,5,E01000239,-1,0,1.0,0.0,-1,3,50,1,1,1,13:48,1,1,9
2023440448745,2023,440448745,1,1,3,1,12,3,2,5,1,0,0,0,0,10,E01022531,-1,0,1.0,0.0,-1,6,30,2,1,2,15:49,5,1,9
2023471335486,2023,471335486,1,2,3,1,42,7,2,5,9,0,0,0,0,5,E01020951,6,1,1.0,0.0,-1,6,30,2,1,2,16:24,1,2,97
2023440172706,2023,440172706,2,1,1,2,27,6,3,0,0,0,0,0,1,10,E01022863,-1,0,0.05291,0.94709,-1,6,30,1,1,1,17:15,3,2,1
2023101348118,2023,101348118,2,1,1,2,32,6,3,0,0,0,0,0,9,7,E01027510,3,1,0.0,1.0,-1,3,70,1,1,1,19:30,2,2,9
2023131389411,2023,131389411,1,1,1,1,63,9,2,0,0,0,0,0,9,6,E01010870,7,1,1.0,0.0,-1,6,30,1,4,1,19:39,1,3,9
2023161261188,2023,161261188,2,2,1,1,57,9,3,0,0,0,0,0,9,8,E01013037,3,1,0.0,1.0,-1,6,30,1,1,2,11:55,2,2,9
2023991295073,2023,991295073,2,1,3,1,-1,-1,3,6,6,0,0,0,0,-1,-1,3,1,0.0,1.0,-1,3,70,2,6,2,23:13,1,2,9
2023371286045,2023,371286045,2,1,1,2,69,10,3,0,0,0,0,0,1,5,E01030093,3,1,0.0,1.0,-1,6,30,2,1,2,13:49,4,2,1
2023010438066,2023,010438066,1,1,1,1,33,6,3,0,0,0,0,0,3,2,E01002068,-1,0,0.0,1.0,-1,6,20,1,1,1,13:54,3,2,3
2023991320505,2023,991320505,1,2,1,2,60,9,3,0,0,0,0,0,9,5,-1,3,1,0.0,1.0,-1,6,20,1,1,1,08:10,6,2,9
2023451285848,2023,451285848,1,1,3,2,71,10,3,10,9,0,0,0,0,-1,-1,3,1,0.0,1.0,-1,6,30,1,1,1,15:00,5,1,9
2023010473288,2023,010473288,1,1,1,1,35,6,2,0,0,0,0,0,1,8,E01004511,-1,0,1.0,0.0,-1,9,30,1,4,1,18:30,6,2,1
2023371346471,2023,371346471,2,1,1,1,59,9,3,0,0,0,0,0,1,5,E01030210,3,1,0.0,1.0,-1,6,30,1,1,1,18:15,4,3,1
2023141307651,2023,141307651,1,2,1,1,27,6,3,0,0,0,0,0,9,-1,-1,3,1,0.0,1.0,-1,6,30,9,6,1,17:00,7,3,9
2023302301429,2023,302301429,2,1,1,1,27,6,3,0,0,0,0,0,9,1,E01013479,-1,0,0.01748,0.98252,-1,6,30,2,4,2,20:00,4,2,9
2023451370937,2023,451370937,1,3,2,1,9,2,3,0,0,2,0,0,9,10,E01030500,3,1,0.0,1.0,-1,6,40,1,1,1,13:51,1,2,9
2023471358910,2023,471358910,2,1,1,2,23,5,3,0,0,0,0,0,9,4,E01031785,3,1,0.0,1.0,-1,6,30,1,1,1,16:35,2,3,9
2023010448726,2023,010448726,2,1,1,1,45,7,2,0,0,0,0,0,1,5,E01004523,-1,0,1.0,0.0,-1,6,30,1,1,1,12:48,3,2,1
2023471353396,2023,471353396,1,1,1,1,71,10,2,0,0,0,0,0,5,5,E01000375,5,1,1.0,0.0,-1,6,60,1,1,1,14:10,7,1,5
2023201322709,2023,201322709,1,1,1,1,22,5,3,0,0,0,0,0,9,2,E01007328,3,1,0.0,1.0,-1,6,30,1,4,1,04:50,2,2,9
2023991364423,2023,991364423,1,1,1,1,22,5,1,0,0,0,0,0,5,-1,-1,1,1,0.0,0.0,-1,3,70,1,1,1,15:00,6,2,5
2023122300810,2023,122300810,1,1,3,1,19,4,3,5,1,0,0,0,0,10,E01011120,-1,0,0.15443,0.84557,-1,3,30,1,4,1,01:35,7,1,9
2023221372088,2023,221372088,1,1,3,1,72,10,2,6,9,0,0,0,0,9,W01000346,7,1,1.0,0.0,-1,6,30,2,1,2,10:45,5,1,9
2023451267557,2023,451267557,1,1,3,2,31,6,3,9,5,0,0,0,0,9,E01024484,3,1,0.0,1.0,-1,6,30,1,1,1,16:14,3,1,9
2023010428004,2023,010428004,1,2,2,2,17,4,3,0,0,2,0,0,9,3,E01002554,-1,0,0.0,1.0,-1,2,20,8,4,1,00:00,6,2,9
2023231325556,2023,231325556,2,2,1,1,42,7,3,0,0,0,0,0,9,7,E01015387,3,1,0.0,1.0,-1,3,40,1,1,1,13:47,6,2,9
2023440053730,2023,440053730,1,1,1,1,59,9,3,0,0,0,0,0,9,8,E01023232,-1,0,0.05135,0.94865,-1,6,60,1,1,1,08:45,3,2,9
2023501373209,2023,501373209,1,1,3,1,38,7,2,5,1,0,0,-1,0,-1,-1,7,1,1.0,0.0,-1,3,40,2,4,2,21:10,5,1,9
2023041329234,2023,041329234,2,1,1,2,24,5,3,0,0,0,0,0,9,1,E01024942,3,1,0.0,1.0,-1,6,20,1,1,1,19:31,2,2,9
2023131310828,2023,131310828,2,2,1,2,36,7,2,0,0,0,0,0,9,2,E01011121,5,1,1.0,0.0,-1,6,30,1,5,1,07:27,4,2,9
2023311428821,2023,311428821,1,1,2,2,54,8,3,0,0,1,0,0,9,6,E01026408,3,1,0.0,1.0,-1,6,60,1,1,1,14:14,1,4,9
2023471376596,2023,471376596,2,1,1,1,55,8,3,0,0,0,0,0,9,3,E01031787,3,1,0.0,1.0,-1,6,30,1,1,1,15:02,3,2,9
2023010439145,2023,010439145,2,2,1,1,57,9,3,0,0,0,0,0,11,5,E01026255,-1,0,0.0,1.0,-1,3,20,1,1,1,13:20,2,2,11
2023041392348,2023,041392348,1,1,1,1,29,6,2,0,0,0,0,0,9,1,E01025068,7,1,1.0,0.0,-1,3,70,5,4,2,06:15,4,1,9
202363D033923,2023,63D033923,2,1,1,2,22,5,3,0,0,0,0,0,9,-1,-1,-1,0,0.04498,0.95502,-1,6,20,1,1,1,13:00,2,2,9
2023401372951,2023,401372951,1,2,2,1,10,2,3,0,0,2,0,0,9,5,E01017384,3,1,0.0,1.0,-1,6,30,2,4,2,19:47,3,1,9
2023501371031,2023,501371031,2,1,1,1,63,9,3,0,0,0,0,0,9,4,E01018892,3,1,0.0,1.0,-1,6,30,1,1,1,12:55,4,2,9
2023231325556,2023,231325556,1,3,2,2,73,10,3,0,0,1,0,0,9,9,E01025661,3,1,0.0,1.0,-1,3,40,1,1,1,13:47,6,2,9
2023430292410,2023,430292410,1,4,1,1,40,7,3,0,0,0,0,0,9,5,E01016379,-1,0,0.1079,0.8921,-1,6,60,1,1,1,19:13,1,2,9
2023471350553,2023,471350553,1,1,1,1,54,8,2,0,0,0,0,0,9,5,E01021195,5,1,1.0,0.0,-1,6,60,1,1,1,11:35,5,2,9
2023461276940,2023,461276940,1,2,2,1,83,11,3,0,0,1,0,0,9,9,E01024369,3,1,0.0,1.0,-1,6,30,1,1,1,13:25,6,2,9
2023461380724,2023,461380724,2,2,1,2,23,5,3,0,0,0,0,0,9,7,E01024798,3,1,0.0,1.0,-1,6,60,1,1,1,08:37,2,3,9
2023131348594,2023,131348594,1,1,1,1,38,7,2,0,0,0,0,0,9,1,E01010811,6,1,1.0,0.0,-1,6,30,2,4,2,21:45,5,2,9
2023161338801,2023,161338801,1,2,2,2,22,5,3,0,0,1,0,0,9,1,E01012897,3,1,0.0,1.0,-1,6,20,2,1,2,17:15,4,2,9
2023351375170,2023,351375170,1,1,1,1,77,11,1,0,0,0,0,0,9,9,E01018015,1,1,0.0,0.0,-1,6,60,1,1,1,10:23,2,2,9
2023351345219,2023,351345219,2,1,1,1,21,5,3,0,0,0,0,0,1,7,E01032797,3,1,0.0,1.0,-1,6,30,1,1,1,18:20,4,2,1
2023451347932,2023,451347932,1,1,1,1,22,5,2,0,0,0,0,0,4,9,E01022586,7,1,1.0,0.0,-1,6,40,1,1,1,14:00,7,1,4
2023041290617,2023,041290617,2,1,1,1,28,6,3,0,0,0,0,0,9,9,E01006374,3,1,0.0,1.0,-1,1,40,8,1,2,18:00,7,2,9
2023320276524,2023,320276524,1,1,1,2,26,6,3,0,0,0,0,0,9,4,E01026366,-1,0,0.06317,0.93683,-1,6,60,1,1,1,18:15,1,1,9
2023501327557,2023,501327557,1,1,1,1,66,10,2,0,0,0,0,0,9,4,E01015236,5,1,1.0,0.0,-1,6,30,2,1,2,11:47,7,2,9
2023991320487,2023,991320487,1,1,2,1,17,4,2,0,0,1,0,0,9,5,-1,6,1,1.0,0.0,-1,6,60,1,1,1,17:30,2,1,9
2023501329670,2023,501329670,1,1,3,1,26,6,1,9,8,0,0,0,0,5,E01019886,1,1,0.0,0.0,-1,3,70,8,6,2,05:20,7,1,9
2023522400146,2023,522400146,2,1,1,1,55,8,3,0,0,0,0,0,8,6,E01014975,-1,0,0.03162,0.96838,-1,6,30,1,1,1,10:19,4,3,8
2023061394993,2023,061394993,2,1,1,2,32,6,3,0,0,0,0,0,9,4,E01006349,3,1,0.0,1.0,-1,6,30,2,1,2,09:24,5,2,9
2023520400068,2023,520400068,2,2,1,1,69,10,3,0,0,0,0,0,9,8,E01029113,-1,0,0.08361,0.91639,-1,6,60,1,1,1,17:55,2,2,9
2023041266419,2023,041266419,1,1,2,1,22,5,3,0,0,1,0,0,9,1,E01012687,3,1,0.0,1.0,-1,3,30,1,4,1,16:35,7,2,9
2023332300315,2023,332300315,1,1,3,2,65,9,3,6,9,0,0,0,0,-1,-1,-1,0,0.05201,0.94799,-1,2,30,1,4,1,21:31,5,1,1
2023010481231,2023,010481231,2,3,2,2,37,7,3,0,0,2,0,0,8,10,E01030316,-1,0,0.0,1.0,-1,1,20,8,4,4,00:40,6,2,8
2023401342170,2023,401342170,1,1,1,2,77,11,3,0,0,0,0,0,9,10,E01023364,3,1,0.0,1.0,-1,9,20,1,1,1,06:30,6,1,9
2023411339971,2023,411339971,1,4,2,1,16,4,3,0,0,2,0,0,9,10,E01023381,3,1,0.0,1.0,-1,6,60,1,6,1,00:53,1,2,9
2023461308205,2023,461308205,2,1,1,2,36,7,3,0,0,0,0,0,9,6,E01023979,3,1,0.0,1.0,-1,6,20,1,1,2,14:35,6,2,9
2023411367244,2023,411367244,2,2,1,1,63,9,3,0,0,0,0,0,19,10,E01027298,3,1,0.0,1.0,-1,6,30,1,1,1,15:54,5,2,19
2023340WN0972,2023,340WN0972,2,1,2,2,57,9,3,0,0,2,0,0,9,2,E01001792,-1,0,0.05987,0.94013,-1,3,70,1,1,2,11:00,5,2,9
2023351321619,2023,351321619,1,1,1,1,28,6,3,0,0,0,0,0,9,3,E01015692,3,1,0.0,1.0,-1,6,40,1,1,1,15:25,5,4,9
2023411310663,2023,411310663,1,1,2,2,17,4,3,0,0,1,0,0,9,7,E01023472,3,1,0.0,1.0,-1,1,40,2,4,2,20:27,2,1,9
2023010482231,2023,010482231,1,1,3,1,60,9,3,1,1,0,0,0,0,3,E01003981,-1,0,0.0,1.0,-1,3,20,2,4,2,21:09,3,1,8
2023421345944,2023,421345944,1,1,3,1,5,1,3,8,1,0,0,0,0,2,E01021596,3,1,0.0,1.0,-1,6,30,1,1,1,10:50,1,1,9
202360A061109,2023,60A061109,1,1,3,2,33,6,3,10,9,0,0,0,0,-1,-1,-1,0,0.15531,0.84469,-1,1,40,1,1,1,06:40,4,2,19
2023201427637,2023,201427637,1,1,1,1,27,6,3,0,0,0,0,0,9,-1,-1,3,1,0.0,1.0,-1,3,40,2,4,2,20:56,2,3,9
2023010448503,2023,010448503,2,2,3,1,32,6,1,9,9,0,0,0,0,8,E01021755,-1,0,0.0,0.0,-1,3,50,1,1,1,09:00,2,2,19
2023430539844,2023,430539844,1,1,3,1,33,6,3,9,7,0,0,0,0,9,E01028502,-1,0,0.05406,0.94594,-1,6,20,1,1,1,07:19,4,1,9
2023991340469,2023,991340469,1,1,3,1,32,6,3,5,1,0,0,0,0,-1,-1,3,1,0.0,1.0,-1,6,30,1,4,1,23:35,6,1,9
2023052302720,2023,052302720,2,1,1,2,21,5,3,0,0,0,0,0,1,5,E01006553,-1,0,0.05175,0.94825,-1,6,30,1,4,1,07:05,2,2,1
2023231341159,2023,231341159,1,1,1,1,18,4,3,0,0,0,0,0,9,8,E01031011,3,1,0.0,1.0,-1,6,50,1,1,2,13:00,1,1,9
2023471349794,2023,471349794,1,2,1,2,42,7,3,0,0,0,0,0,9,10,E01030620,3,1,0.0,1.0,-1,3,20,1,4,1,23:55,4,2,9
2023101364319,2023,101364319,21,1,2,2,93,11,3,0,0,0,4,0,11,9,E01008234,3,1,0.0,1.0,-1,6,30,1,1,1,14:45,6,1,11
2023201338824,2023,201338824,2,1,1,1,11,3,3,0,0,0,0,0,1,1,E01010524,3,1,0.0,1.0,-1,6,30,1,1,1,17:20,1,2,1
2023010469571,2023,010469571,1,1,1,2,36,7,3,0,0,0,0,0,2,7,E01001226,-1,0,0.0,1.0,-1,6,30,1,1,1,07:00,2,2,2
2023031303748,2023,031303748,2,1,1,1,49,8,3,0,0,0,0,0,9,2,E01019177,3,1,0.0,1.0,-1,6,50,1,1,1,17:00,4,2,9
2023320676127,2023,320676127,3,1,1,2,89,11,3,0,0,0,0,0,9,10,E01026393,-1,0,0.07845,0.92155,-1,6,60,1,6,1,17:34,3,3,9
2023471282187,2023,471282187,2,4,2,1,57,9,3,0,0,1,0,0,9,9,E01028213,3,1,0.0,1.0,-1,6,30,1,1,2,07:27,5,2,9
2023501392567,2023,501392567,1,1,1,2,20,4,3,0,0,0,0,0,9,-1,-1,3,1,0.0,1.0,-1,6,60,5,6,2,04:59,4,1,9
2023520301616,2023,520301616,1,1,1,2,79,11,2,0,0,0,0,0,9,8,E01029296,-1,0,1.0,0.0,-1,6,30,1,1,1,12:30,4,1,9
2023031392576,2023,031392576,1,3,3,1,59,9,2,7,5,0,0,0,0,6,-1,5,1,1.0,0.0,-1,3,70,6,6,2,20:40,4,2,9
2023320671334,2023,320671334,2,1,1,1,36,7,3,0,0,0,0,0,1,8,E01026291,-1,0,0.12929,0.87071,-1,6,60,1,1,1,15:50,7,2,1
2023371328926,2023,371328926,2,1,1,2,56,9,2,0,0,0,0,0,1,1,E01029982,7,1,1.0,0.0,-1,6,30,1,1,1,11:31,6,2,1
2023010479550,2023,010479550,1,1,1,1,44,7,3,0,0,0,0,0,3,8,E01000539,-1,0,0.0,1.0,-1,6,20,1,1,9,11:30,3,2,3
2023111357111,2023,111357111,2,2,2,1,62,9,2,0,0,1,0,0,9,2,E01020895,6,1,1.0,0.0,-1,6,60,4,7,2,05:29,5,2,9
2023371391743,2023,371391743,2,1,1,1,56,9,2,0,0,0,0,0,9,5,E01029958,5,1,1.0,0.0,-1,6,60,4,6,1,15:58,6,2,9
2023451373557,2023,451373557,1,3,2,2,20,4,3,0,0,2,0,0,9,10,E01030585,3,1,0.0,1.0,-1,6,40,1,1,1,11:25,7,2,9
2023461343771,2023,461343771,1,1,1,1,60,9,3,0,0,0,0,0,9,1,E01024621,3,1,0.0,1.0,-1,6,30,1,1,1,13:10,4,1,9
2023520300559,2023,520300559,2,1,1,2,20,4,3,0,0,0,0,0,9,8,E01029019,-1,0,0.01609,0.98391,-1,6,30,2,1,2,12:58,5,2,9
2023461333414,2023,461333414,1,1,3,1,32,6,3,5,1,0,0,2,0,5,E01002143,3,1,0.0,1.0,-1,6,30,1,7,1,23:30,5,1,8
2023070151374,2023,070151374,1,1,1,2,41,7,3,0,0,0,0,0,9,9,E01018723,-1,0,0.02961,0.97039,-1,6,40,1,1,1,11:40,3,2,9
2023122400070,2023,122400070,2,2,1,1,58,9,3,0,0,0,0,0,9,8,E01027635,-1,0,0.09158,0.90842,-1,6,60,1,4,1,19:03,5,2,9
2023302301038,2023,302301038,2,2,1,1,64,9,3,0,0,0,0,0,9,6,E01019617,-1,0,0.09748,0.90252,-1,6,50,1,1,1,10:55,6,4,9
2023440186284,2023,440186284,2,2,1,1,23,5,3,0,0,0,0,0,9,10,E01023193,-1,0,0.0267,0.9733,-1,6,40,1,1,1,09:20,6,3,9
2023522400876,2023,522400876,1,1,1,2,31,6,3,0,0,0,0,0,9,2,E01014578,-1,0,0.0227,0.9773,-1,6,20,1,4,1,16:03,3,2,9
2023531310869,2023,531310869,2,1,1,1,74,10,3,0,0,0,0,0,19,2,E01022133,3,1,0.0,1.0,-1,3,40,1,1,1,07:49,4,2,19
2023401304027,2023,401304027,2,1,1,1,46,8,3,0,0,0,0,0,23,2,E01015791,3,1,0.0,1.0,-1,6,20,1,1,1,17:05,3,2,23
2023061289865,2023,061289865,1,2,3,1,46,8,2,1,1,0,0,2,0,1,E01005569,6,1,1.0,0.0,-1,6,30,1,1,1,19:10,6,1,2
2023131355784,2023,131355784,1,1,1,-1,35,6,3,0,0,0,0,0,9,8,E01011279,3,1,0.0,1.0,-1,3,70,2,1,2,14:55,1,2,9
2023430436411,2023,430436411,1,1,3,1,36,7,3,9,9,0,0,0,0,-1,-1,-1,0,0.04216,0.95784,-1,6,30,1,1,1,15:45,5,2,9
2023131339631,2023,131339631,2,1,1,1,27,6,2,0,0,0,0,0,5,8,E01005442,6,1,1.0,0.0,-1,3,60,1,1,1,21:45,3,2,5
2023052300328,2023,052300328,1,2,2,1,24,5,1,0,0,1,0,0,9,1,E01006509,-1,0,0.0,0.0,-1,3,70,1,6,1,21:10,6,2,9
2023411297992,2023,411297992,2,2,1,1,34,6,3,0,0,0,0,0,9,9,E01023444,3,1,0.0,1.0,-1,6,30,1,1,1,13:25,5,2,9
2023461320191,2023,461320191,1,1,1,2,31,6,2,0,0,0,0,0,9,2,E01024374,7,1,1.0,0.0,-1,6,40,1,1,1,15:07,5,2,9
2023991391975,2023,991391975,4,4,2,2,42,7,3,0,0,2,0,0,9,2,-1,3,1,0.0,1.0,-1,3,70,1,6,2,21:10,7,4,9
2023430394858,2023,430394858,1,1,3,2,5,1,3,1,1,0,0,0,0,9,E01017813,-1,0,0.10237,0.89763,-1,6,30,1,1,1,16:55,1,1,9
2023010457554,2023,010457554,1,1,1,-1,29,6,3,0,0,0,0,0,3,4,E01001085,-1,0,0.0,1.0,-1,2,20,9,1,9,15:33,4,2,3
2023421368618,2023,421368618,2,2,1,2,32,6,3,0,0,0,0,0,9,10,E01021622,3,1,0.0,1.0,-1,6,60,1,1,1,13:13,2,2,9
2023501309856,2023,501309856,2,1,1,1,43,7,3,0,0,0,0,0,9,9,E01020086,3,1,0.0,1.0,-1,3,30,1,1,1,19:05,7,2,9
202360A117176,2023,60A117176,1,1,1,1,22,5,2,0,0,0,0,0,5,-1,-1,-1,0,1.0,0.0,-1,6,30,1,1,1,12:58,3,2,5
2023471382122,2023,471382122,9,4,1,2,-1,-1,3,0,0,0,0,0,9,6,E01031712,3,1,0.0,1.0,-1,3,70,2,4,2,21:39,7,9,9
2023371268853,2023,371268853,1,1,2,2,24,5,2,0,0,-1,0,0,9,4,E01021999,7,1,1.0,0.0,-1,3,70,1,7,2,01:20,7,1,9
2023430388864,2023,430388864,1,2,2,2,4,1,3,0,0,2,0,0,9,7,E01016293,-1,0,0.06223,0.93777,-1,6,40,1,1,1,17:50,4,2,9
2023451266067,2023,451266067,5,6,2,1,44,7,2,0,0,1,0,0,9,6,E01000324,6,1,1.0,0.0,-1,3,70,1,1,4,08:17,4,10,9
2023010486114,2023,010486114,1,2,2,1,-1,-1,3,0,0,9,0,0,9,1,E01000798,-1,0,0.0,1.0,-1,3,30,2,4,2,18:50,2,1,9
2023031380171,2023,031380171,1,1,2,1,23,5,3,0,0,1,0,0,9,8,E01019375,3,1,0.0,1.0,-1,6,40,1,6,1,00:05,4,1,9
2023041322070,2023,041322070,1,1,2,1,5,1,3,0,0,2,0,0,9,6,E01019351,3,1,0.0,1.0,-1,3,70,1,1,1,16:10,6,2,9
2023070673568,2023,070673568,2,1,1,1,73,10,3,0,0,0,0,0,9,1,E01018317,-1,0,0.0247,0.9753,-1,6,20,1,1,1,11:13,3,2,9
2023131276281,2023,131276281,2,1,1,2,21,5,3,0,0,0,0,0,9,1,E01011316,3,1,0.0,1.0,-1,6,30,1,1,1,15:30,3,2,9
2023430519957,2023,430519957,2,1,1,2,76,11,3,0,0,0,0,0,9,7,E01016680,-1,0,0.10638,0.89362,-1,6,50,1,6,1,21:34,7,2,9
2023991382973,2023,991382973,2,2,1,1,32,6,3,0,0,0,0,0,9,3,-1,3,1,0.0,1.0,-1,6,30,1,1,2,14:40,3,2,9
2023101343719,2023,101343719,1,1,1,2,67,10,2,0,0,0,0,0,9,-1,-1,7,1,1.0,0.0,-1,1,70,1,1,1,09:30,5,3,9
2023471314640,2023,471314640,1,3,2,2,8,2,3,0,0,2,0,0,9,6,E01031468,3,1,0.0,1.0,-1,6,60,1,1,1,18:27,7,4,9
2023010468584,2023,010468584,1,1,1,1,29,6,3,0,0,0,0,0,1,5,E01004648,-1,0,0.0,1.0,-1,6,20,1,1,1,12:20,3,2,1
2023141356190,2023,141356190,1,1,1,1,18,4,3,0,0,0,0,0,1,1,E01007339,3,1,0.0,1.0,-1,6,30,1,1,1,14:20,6,2,1
2023361310934,2023,361310934,2,1,1,1,50,8,3,0,0,0,0,0,1,6,E01026748,3,1,0.0,1.0,-1,6,50,1,4,2,23:00,7,2,1
2023461344121,2023,461344121,2,1,1,1,35,6,3,0,0,0,0,0,9,8,E01033610,3,1,0.0,1.0,-1,3,70,1,1,1,11:51,2,3,9
2023544257423,2023,544257423,1,1,1,2,77,11,3,0,0,0,0,0,9,9,E01032057,-1,0,0.17423,0.82577,-1,6,60,1,6,1,21:01,3,1,9
2023991324983,2023,991324983,2,1,1,2,37,7,3,0,0,0,0,0,9,10,E01031737,3,1,0.0,1.0,-1,6,60,1,1,2,10:10,1,2,9
2023501314226,2023,501314226,2,2,1,1,27,6,3,0,0,0,0,0,19,3,E01019038,3,1,0.0,1.0,-1,6,60,1,1,1,11:20,2,2,19
2023041392189,2023,041392189,2,3,2,1,26,6,3,0,0,0,0,0,19,7,E01019352,3,1,0.0,1.0,-1,7,70,1,1,2,08:45,3,2,19
202363A035823,2023,63A035823,1,1,1,1,56,9,2,0,0,0,0,0,2,-1,-1,-1,0,1.0,0.0,-1,6,60,1,1,1,15:00,3,2,2
2023010439829,2023,010439829,1,1,1,1,69,10,2,0,0,0,0,0,5,6,E01002609,-1,0,1.0,0.0,-1,6,20,2,1,2,15:36,5,2,5
2023070180266,2023,070180266,1,1,1,1,21,5,3,0,0,0,0,0,5,1,E01018351,-1,0,0.16719,0.83281,-1,6,30,1,1,1,15:35,5,2,5
2023010461177,2023,010461177,1,1,1,2,27,6,3,0,0,0,0,0,9,1,E01004456,-1,0,0.0,1.0,-1,1,20,8,4,1,00:00,6,1,9
2023221333542,2023,221333542,2,3,2,1,17,4,3,0,0,1,0,0,9,10,E01032135,3,1,0.0,1.0,-1,6,40,1,1,1,07:47,4,2,9
2023430125035,2023,430125035,2,1,1,2,54,8,3,0,0,0,0,0,9,7,E01017643,-1,0,0.04144,0.95856,-1,6,30,1,1,1,08:03,3,2,9
2023461300575,2023,461300575,2,1,1,1,62,9,3,0,0,0,0,0,9,8,E01016144,3,1,0.0,1.0,-1,6,30,1,1,1,11:57,2,2,9
2023552301169,2023,552301169,2,1,1,2,72,10,3,0,0,0,0,0,9,6,E01020447,-1,0,0.06523,0.93477,-1,6,30,1,4,1,22:02,6,2,9
2023991333718,2023,991333718,2,1,1,1,60,9,2,0,0,0,0,0,9,7,-1,5,1,1.0,0.0,-1,6,60,1,1,1,14:20,6,3,9
2023010473457,2023,010473457,1,1,1,1,23,5,3,0,0,0,0,0,9,5,E01000224,-1,0,0.0,1.0,-1,9,20,8,4,1,22:00,7,2,9
2023340NN0542,2023,340NN0542,1,1,2,1,20,4,3,0,0,2,0,0,9,-1,-1,-1,0,0.1723,0.8277,-1,3,60,1,4,2,03:59,1,2,9
2023440426640,2023,440426640,2,1,1,2,18,4,3,0,0,0,0,0,9,7,E01023057,-1,0,0.01728,0.98272,-1,6,40,1,1,1,11:11,4,2,9
2023351279242,2023,351279242,2,1,2,1,55,8,3,0,0,0,0,0,19,10,E01018266,3,1,0.0,1.0,-1,6,30,1,1,2,09:10,4,2,19
2023340WN0472,2023,340WN0472,2,2,1,1,48,8,3,0,0,0,0,0,21,4,E01032537,-1,0,0.16487,0.83513,-1,3,70,1,6,2,03:31,3,2,21
2023010420972,2023,010420972,1,1,3,1,25,5,3,8,9,0,0,0,0,2,E01003190,-1,0,0.0,1.0,-1,6,20,1,1,2,13:39,5,1,9
2023131326918,2023,131326918,2,1,2,2,54,8,3,0,0,2,0,0,9,6,E01010816,3,1,0.0,1.0,-1,6,30,1,1,1,10:04,6,3,9
2023141317160,2023,141317160,2,1,1,2,28,6,3,0,0,0,0,0,9,6,E01007924,3,1,0.0,1.0,-1,6,30,1,1,1,16:57,7,4,9
2023351392977,2023,351392977,2,2,1,1,58,9,3,0,0,0,0,0,9,8,E01013450,3,1,0.0,1.0,-1,3,30,1,1,2,10:10,6,2,9
2023411374003,2023,411374003,1,1,1,2,56,9,3,0,0,0,0,0,9,4,E01023805,3,1,0.0,1.0,-1,6,30,1,1,1,19:37,4,2,9
2023201278437,2023,201278437,1,1,2,1,79,11,2,0,0,0,2,0,11,1,E01009329,7,1,1.0,0.0,-1,6,30,1,1,1,12:27,7,1,11
2023522400830,2023,522400830,1,1,1,2,34,6,3,0,0,0,0,0,9,4,E01014786,-1,0,0.00207,0.99793,-1,6,30,2,1,2,14:45,5,2,9
2023111320272,2023,111320272,2,1,1,1,26,6,2,0,0,0,0,0,5,5,E01020660,7,1,1.0,0.0,-1,6,30,1,1,1,16:45,1,2,5
2023010437068,2023,010437068,1,1,3,2,16,4,3,1,9,0,0,0,0,5,E01003664,-1,0,0.0,1.0,-1,6,20,1,1,2,17:45,4,1,9
2023549973523,2023,549973523,1,1,3,2,46,8,3,5,3,0,0,0,0,7,E01031882,-1,0,0.11004,0.88996,-1,6,30,2,1,2,10:30,4,1,9