collision_index,collision_year,collision_ref_no,vehicle_reference,casualty_reference,casualty_class,sex_of_casualty,age_of_casualty,age_band_of_casualty,casualty_severity,pedestrian_location,pedestrian_movement,car_passenger,bus_or_coach_passenger,pedestrian_road_maintenance_worker,casualty_type,casualty_imd_decile,lsoa_of_casualty,enhanced_casualty_severity,casualty_injury_based,casualty_adjusted_severity_serious,casualty_adjusted_severity_slight,casualty_distance_banding,road_type,speed_limit,weather_conditions,light_conditions,road_surface_conditions,time,day_of_week,number_of_vehicles,vehicle_type
2023302300935,2023,302300935,1,1,1,-1,56,9,3,0,0,0,0,0,9,1,E01027198,-1,0,0.00502,0.99498,-1,6,40,1,1,1,14:25,6,2,9
2023010425857,2023,010425857,2,1,1,1,46,8,2,0,0,0,0,0,2,6,E01001312,-1,0,1.0,0.0,-1,6,20,1,1,1,09:00,3,2,2
2023010472148,2023,010472148,1,1,3,1,32,6,3,10,9,0,0,0,0,2,E01004308,-1,0,0.0,1.0,-1,2,20,1,1,1,13:30,1,1,9
2023010433661,2023,010433661,1,1,1,1,52,8,3,0,0,0,0,0,8,3,E01024166,-1,0,0.0,1.0,-1,3,30,1,1,1,14:50,4,1,8
2023010440725,2023,010440725,1,1,1,2,36,7,3,0,0,0,0,0,9,5,E01030664,-1,0,0.0,1.0,-1,3,70,1,1,1,17:15,3,4,9
2023131292932,2023,131292932,2,1,1,2,26,6,3,0,0,0,0,0,9,5,E01011731,3,1,0.0,1.0,-1,3,30,1,1,1,11:52,1,2,9
2023161392311,2023,161392311,1,1,1,1,29,6,2,0,0,0,0,0,9,-1,-1,5,1,1.0,0.0,-1,6,60,1,6,1,23:30,3,1,9
2023411375217,2023,411375217,1,1,1,2,27,6,3,0,0,0,0,0,9,8,E01023307,3,1,0.0,1.0,-1,3,40,1,1,1,13:20,7,2,9
2023332301139,2023,332301139,1,1,3,1,13,3,3,5,1,0,0,0,0,6,E01013759,-1,0,0.06452,0.93548,-1,6,30,1,1,1,15:05,4,1,9
2023440150142,2023,440150142,1,1,1,1,33,6,3,0,0,0,0,0,3,-1,-1,-1,0,0.20523,0.79477,-1,6,60,1,1,1,16:30,2,2,3
2023401279671,2023,401279671,2,1,1,1,53,8,2,0,0,0,0,0,1,5,E01017486,7,1,1.0,0.0,-1,6,40,1,6,-1,17:10,6,2,1
2023041287592,2023,041287592,1,1,1,1,17,4,3,0,0,0,0,0,3,4,E01025065,3,1,0.0,1.0,-1,6,60,1,6,2,12:30,7,2,3
2023461340324,2023,461340324,2,1,3,1,61,9,3,6,9,0,0,0,0,6,E01024071,3,1,0.0,1.0,-1,6,30,1,1,1,15:40,4,2,9
2023111317436,2023,111317436,1,4,1,1,23,5,3,0,0,0,0,0,9,10,E01020717,3,1,0.0,1.0,-1,6,60,1,1,1,21:20,1,1,9
2023201385441,2023,201385441,2,3,2,1,16,4,3,0,0,-1,0,0,9,5,E01009926,3,1,0.0,1.0,-1,6,30,2,4,2,23:29,3,2,9
2023371322497,2023,371322497,1,1,3,2,23,5,3,8,9,0,0,0,0,-1,-1,3,1,0.0,1.0,-1,2,30,1,1,2,14:31,3,1,9
2023461396484,2023,461396484,1,1,3,1,72,10,2,5,3,0,0,0,0,10,E01024326,7,1,1.0,0.0,-1,6,30,1,1,2,12:54,3,1,19
2023010474763,2023,010474763,1,1,2,2,12,3,3,0,0,0,4,0,11,1,E01002038,-1,0,0.0,1.0,-1,3,20,2,4,2,20:20,1,1,11
2023430010295,2023,430010295,1,1,2,2,27,6,3,0,0,1,0,0,9,4,E01016448,-1,0,0.11212,0.88788,-1,6,30,2,4,2,01:59,1,1,9
202354B373023,2023,54B373023,2,1,1,1,64,9,3,0,0,0,0,0,9,5,E01032054,-1,0,0.05242,0.94758,-1,6,30,1,6,2,06:40,6,2,9
2023371370814,2023,371370814,2,1,1,1,60,9,3,0,0,0,0,0,1,7,E01030038,3,1,0.0,1.0,-1,6,60,1,1,2,16:10,4,2,1
2023320781495,2023,320781495,2,1,1,1,29,6,3,0,0,0,0,0,2,6,E01026247,-1,0,0.20881,0.79119,-1,6,60,5,4,2,05:10,5,2,2
2023061273473,2023,061273473,2,1,1,1,64,9,3,0,0,0,0,0,1,9,E01006236,3,1,0.0,1.0,-1,6,30,9,1,1,14:50,5,2,1
2023991319067,2023,991319067,2,1,1,1,29,6,2,0,0,0,0,0,3,1,-1,7,1,1.0,0.0,-1,6,30,1,1,1,12:25,5,2,3
2023401306279,2023,401306279,2,1,1,1,46,8,1,0,0,0,0,0,5,10,E01017392,1,1,0.0,0.0,-1,6,60,1,1,1,09:00,5,2,5
2023052302577,2023,052302577,1,1,3,2,77,11,2,5,3,0,0,0,0,8,E01007170,-1,0,1.0,0.0,-1,6,20,1,1,2,10:10,6,1,9
2023131332178,2023,131332178,1,1,3,1,14,3,3,8,5,0,0,2,0,1,E01010817,3,1,0.0,1.0,-1,6,30,1,1,1,20:00,3,1,9
2023471378975,2023,471378975,1,1,3,1,67,10,2,10,8,0,0,0,0,5,E01016892,6,1,1.0,0.0,-1,6,20,1,4,1,00:15,1,1,9
2023501363903,2023,501363903,1,1,1,1,-1,-1,3,0,0,0,0,0,3,-1,-1,3,1,0.0,1.0,-1,6,30,4,1,1,12:30,3,2,3
2023010455719,2023,010455719,2,2,1,1,20,4,3,0,0,0,0,0,9,9,E01033614,-1,0,0.0,1.0,-1,6,30,1,1,1,17:05,2,2,9
2023041307612,2023,041307612,2,3,1,1,60,9,3,0,0,0,0,0,9,6,E01012730,3,1,0.0,1.0,-1,3,30,1,1,1,13:43,2,2,9
2023041364016,2023,041364016,2,1,2,2,-1,-1,3,0,0,1,0,0,9,2,E01024902,3,1,0.0,1.0,-1,6,30,1,1,1,08:29,4,2,9
2023552300945,2023,552300945,1,1,1,1,79,11,3,0,0,0,0,0,9,9,E01015451,-1,0,0.10152,0.89848,-1,6,30,1,1,1,13:54,6,1,9
2023161302937,2023,161302937,1,1,1,2,50,8,3,0,0,0,0,0,9,1,E01012858,3,1,0.0,1.0,-1,6,30,1,4,1,22:03,6,2,9
2023320621184,2023,320621184,1,1,1,2,51,8,3,0,0,0,0,0,9,4,-1,-1,0,0.05546,0.94454,-1,6,60,1,1,1,11:20,6,2,9
2023401340249,2023,401340249,1,2,2,1,42,7,3,0,0,1,0,0,9,-1,-1,3,1,0.0,1.0,-1,7,60,1,1,1,15:14,7,2,9
2023501283520,2023,501283520,1,1,2,2,12,3,3,0,0,1,0,0,9,5,E01018779,3,1,0.0,1.0,-1,6,30,1,1,2,16:25,7,3,9
2023991369614,2023,991369614,2,1,2,2,49,8,2,0,0,2,0,0,9,8,-1,7,1,1.0,0.0,-1,6,60,1,1,1,10:00,5,2,9
2023010452530,2023,010452530,1,1,3,1,42,7,2,1,9,0,0,0,0,5,E01001086,-1,0,1.0,0.0,-1,6,30,1,7,1,05:00,7,1,9
2023302300720,2023,302300720,1,1,3,1,72,10,2,6,9,0,0,0,0,3,E01019511,-1,0,1.0,0.0,-1,6,30,1,1,1,12:00,4,1,19
2023522301189,2023,522301189,1,1,1,1,18,4,3,0,0,0,0,0,3,4,E01014488,-1,0,0.13782,0.86218,-1,6,30,1,4,1,22:58,1,2,3
2023041326354,2023,041326354,1,1,3,1,11,3,3,5,1,0,0,0,0,2,E01024863,3,1,0.0,1.0,-1,6,20,1,1,1,19:46,4,1,9
2023010439518,2023,010439518,2,1,1,1,29,6,2,0,0,0,0,0,1,3,E01001240,-1,0,1.0,0.0,-1,2,20,2,1,2,16:03,2,2,1
2023010480382,2023,010480382,1,1,1,1,19,4,3,0,0,0,0,0,1,7,E01000963,-1,0,0.0,1.0,-1,6,20,2,4,2,20:15,1,2,1
2023440413447,2023,440413447,2,1,1,2,38,7,3,0,0,0,0,0,1,4,E01022723,-1,0,0.13052,0.86948,-1,6,30,1,1,1,16:27,2,2,1
2023010423988,2023,010423988,1,1,1,1,32,6,2,0,0,0,0,0,9,3,E01003942,-1,0,1.0,0.0,-1,6,20,1,1,1,08:18,7,1,9
2023411273803,2023,411273803,2,2,2,2,40,7,2,0,0,1,0,0,9,10,E01023568,7,1,1.0,0.0,-1,1,60,1,1,1,10:11,4,2,9
2023421327121,2023,421327121,1,2,2,2,20,4,3,0,0,1,0,0,9,3,E01004043,3,1,0.0,1.0,-1,1,30,1,1,1,17:20,6,2,9
2023501282488,2023,501282488,1,1,1,1,36,7,3,0,0,0,0,0,9,7,E01020169,3,1,0.0,1.0,-1,6,60,1,5,1,20:30,5,1,9
2023991316390,2023,991316390,1,1,1,2,40,7,3,0,0,0,0,0,9,6,-1,3,1,0.0,1.0,-1,3,70,1,1,1,10:02,3,1,9
2023991331580,2023,991331580,1,1,1,1,86,11,2,0,0,0,0,0,9,-1,-1,7,1,1.0,0.0,-1,6,60,2,1,2,18:00,1,2,9
2023010463766,2023,010463766,1,1,3,1,43,7,3,5,1,0,0,0,0,4,E01004148,-1,0,0.0,1.0,-1,6,30,1,4,1,20:35,7,1,9
2023531392715,2023,531392715,2,1,1,1,17,4,2,0,0,0,0,0,3,8,E01022209,7,1,1.0,0.0,-1,6,40,4,6,1,20:55,6,2,3
2023371362925,2023,371362925,1,6,1,1,76,11,3,0,0,0,0,0,9,5,E01018051,3,1,0.0,1.0,-1,6,60,1,6,1,19:17,7,2,9
2023101338141,2023,101338141,1,1,3,2,80,11,3,9,9,0,0,0,0,-1,-1,3,1,0.0,1.0,-1,6,20,1,1,1,10:45,4,1,9
2023522301496,2023,522301496,1,1,1,1,58,9,3,0,0,0,0,0,5,9,E01014713,-1,0,0.13095,0.86905,-1,1,40,1,1,1,16:34,7,2,5
2023201439351,2023,201439351,2,1,1,1,51,8,3,0,0,0,0,0,9,1,E01009079,3,1,0.0,1.0,-1,6,30,2,4,2,23:48,5,2,9
2023430311036,2023,430311036,2,1,1,1,37,7,3,0,0,0,0,0,9,4,E01016273,-1,0,0.00924,0.99076,-1,6,30,1,1,1,18:35,5,2,9
2023522400504,2023,522400504,2,1,1,2,56,9,3,0,0,0,0,0,9,9,E01015015,-1,0,0.02883,0.97117,-1,6,30,1,1,1,07:39,5,2,9
2023010457127,2023,010457127,1,1,2,1,69,10,3,0,0,0,3,0,11,2,E01001423,-1,0,0.0,1.0,-1,6,20,1,1,1,10:33,3,1,11
2023031299547,2023,031299547,1,1,3,2,13,3,3,5,4,0,0,0,0,-1,-1,3,1,0.0,1.0,-1,6,30,1,1,1,16:10,5,1,9
2023010458543,2023,010458543,1,1,1,1,21,5,3,0,0,0,0,0,1,2,E01032562,-1,0,0.0,1.0,-1,9,30,1,1,2,16:00,5,2,1
2023010475731,2023,010475731,1,1,1,1,35,6,3,0,0,0,0,0,8,2,E01003500,-1,0,0.0,1.0,-1,6,30,1,4,2,12:25,2,2,8
2023201412171,2023,201412171,1,1,3,2,11,3,3,5,1,0,0,0,0,1,E01033639,3,1,0.0,1.0,-1,6,20,1,1,1,15:35,4,1,9
2023522301387,2023,522301387,1,1,3,1,-1,-1,3,10,9,0,0,0,0,-1,-1,-1,0,0.03398,0.96602,-1,6,30,1,1,1,14:45,5,1,8
2023991270280,2023,991270280,1,1,3,1,38,7,3,5,1,0,0,0,0,1,-1,3,1,0.0,1.0,-1,6,30,1,1,1,10:00,2,1,9
2023141273998,2023,141273998,1,1,1,1,39,7,2,0,0,0,0,0,19,8,E01007431,7,1,1.0,0.0,-1,6,60,1,6,4,05:30,3,1,19
2023010487583,2023,010487583,1,1,1,1,39,7,3,0,0,0,0,0,3,6,E01004474,-1,0,0.0,1.0,-1,3,20,1,1,1,13:33,6,2,3
2023170M10993,2023,170M10993,2,1,1,1,16,4,3,0,0,0,0,0,1,6,E01012012,-1,0,0.16682,0.83318,-1,6,30,1,4,1,21:50,3,2,1
2023471376866,2023,471376866,2,1,1,1,62,9,2,0,0,0,0,0,1,1,E01020985,7,1,1.0,0.0,-1,1,30,1,4,1,18:20,2,2,1
2023549312923,2023,549312923,1,1,1,1,47,8,3,0,0,0,0,0,1,4,E01032019,-1,0,0.12271,0.87729,-1,6,30,1,1,1,08:50,7,2,1
2023010425041,2023,010425041,2,1,1,1,22,5,3,0,0,0,0,0,3,2,E01003066,-1,0,0.0,1.0,-1,6,30,1,4,2,23:50,5,2,3
2023311321877,2023,311321877,2,1,1,1,40,7,3,0,0,0,0,0,3,10,E01028292,3,1,0.0,1.0,-1,1,60,1,1,1,08:00,4,2,3
2023170S10753,2023,170S10753,1,1,1,1,65,9,2,0,0,0,0,0,5,4,E01012192,-1,0,1.0,0.0,-1,6,30,1,1,1,11:10,5,1,5
2023201320993,2023,201320993,1,1,3,1,12,3,3,5,4,0,0,0,0,7,E01009870,3,1,0.0,1.0,-1,6,30,1,1,1,16:03,4,1,9
2023361375729,2023,361375729,1,1,3,2,17,4,3,9,8,0,0,0,0,10,E01026907,3,1,0.0,1.0,-1,6,30,1,1,2,09:23,3,1,9
2023401384271,2023,401384271,1,1,3,2,36,7,3,1,1,0,0,0,0,3,E01017562,3,1,0.0,1.0,-1,6,30,1,1,1,15:31,3,1,9
2023440490319,2023,440490319,1,1,3,1,13,3,3,5,4,0,0,0,0,3,E01017244,-1,0,0.15399,0.84601,-1,6,30,2,6,2,16:43,5,1,9
2023010422816,2023,010422816,2,1,1,1,26,6,3,0,0,0,0,0,1,1,E01004285,-1,0,0.0,1.0,-1,6,30,1,4,1,21:40,7,2,1
2023010471144,2023,010471144,1,1,1,1,49,8,3,0,0,0,0,0,1,9,E01004638,-1,0,0.0,1.0,-1,6,20,1,1,1,07:30,3,2,1
2023041298142,2023,041298142,1,2,2,1,17,4,2,0,0,2,0,0,9,6,E01006276,7,1,1.0,0.0,-1,6,60,1,6,1,22:40,3,1,9
2023131367978,2023,131367978,3,1,1,1,55,8,3,0,0,0,0,0,9,6,E01011599,3,1,0.0,1.0,-1,6,30,1,1,1,11:25,7,3,9
2023522301445,2023,522301445,1,1,3,1,48,8,2,8,3,0,0,0,0,3,E01014926,-1,0,1.0,0.0,-1,6,30,2,4,2,22:10,5,1,9
2023320751316,2023,320751316,1,1,1,2,22,5,3,0,0,0,0,0,9,7,E01026392,-1,0,0.03388,0.96612,-1,6,50,8,1,4,08:40,4,1,9
2023522400292,2023,522400292,1,1,1,2,41,7,3,0,0,0,0,0,9,8,E01033338,-1,0,0.00227,0.99773,-1,6,30,1,1,1,10:30,5,2,9
2023010427573,2023,010427573,2,1,1,1,21,5,3,0,0,0,0,0,3,6,E01001235,-1,0,0.0,1.0,-1,6,20,1,4,1,20:01,5,2,3
2023010431593,2023,010431593,1,1,1,1,28,6,3,0,0,0,0,0,3,6,E01002614,-1,0,0.0,1.0,-1,6,20,1,1,1,13:25,7,2,3
2023361272534,2023,361272534,2,2,1,1,31,6,3,0,0,0,0,0,5,5,E01026712,3,1,0.0,1.0,-1,6,60,1,1,1,14:52,1,2,5
2023010438724,2023,010438724,1,1,1,1,22,5,3,0,0,0,0,0,9,2,E01000065,-1,0,0.0,1.0,-1,6,30,1,4,1,00:17,7,2,9
2023451363125,2023,451363125,1,2,2,2,38,7,3,0,0,2,0,0,9,3,E01002610,3,1,0.0,1.0,-1,3,70,1,4,1,19:50,7,2,9
2023421371070,2023,421371070,1,1,3,1,-1,-1,3,10,9,0,0,2,0,5,E01021680,3,1,0.0,1.0,-1,3,70,9,4,-1,23:00,7,1,9
2023991387491,2023,991387491,1,1,3,1,49,8,3,6,8,0,0,0,0,7,-1,3,1,0.0,1.0,-1,6,30,1,1,1,13:20,7,1,9
2023430069662,2023,430069662,1,1,1,1,10,2,3,0,0,0,0,0,-1,-1,-1,-1,0,0.03453,0.96547,-1,6,30,1,7,1,17:55,3,2,-1
2023010461040,2023,010461040,1,1,3,2,68,10,2,5,3,0,0,0,0,3,E01003531,-1,0,1.0,0.0,-1,6,30,1,1,1,11:30,5,1,9
2023031290105,2023,031290105,1,1,3,2,82,11,2,9,9,0,0,0,0,-1,-1,7,1,1.0,0.0,-1,6,30,1,1,1,15:20,5,1,9
2023201390224,2023,201390224,1,1,3,2,16,4,3,6,9,0,0,0,0,4,E01010254,3,1,0.0,1.0,-1,6,30,1,1,1,19:20,6,1,9
2023010475149,2023,010475149,1,1,1,1,37,7,3,0,0,0,0,0,3,3,E01004533,-1,0,0.0,1.0,-1,6,20,1,1,2,07:34,1,2,3
2023101374763,2023,101374763,1,1,1,1,17,4,3,0,0,0,0,0,3,1,E01008201,3,1,0.0,1.0,-1,6,30,1,1,2,08:05,4,2,3
2023041325525,2023,041325525,1,1,3,2,5,1,3,8,2,0,0,0,0,1,E01024909,3,1,0.0,1.0,-1,6,30,1,1,1,19:15,2,1,9
2023010447580,2023,010447580,2,1,1,2,33,6,3,0,0,0,0,0,1,3,E01003025,-1,0,0.0,1.0,-1,6,20,1,1,1,18:18,4,3,1
2023320546401,2023,320546401,1,1,1,1,25,5,3,0,0,0,0,0,3,1,E01028320,-1,0,0.24688,0.75312,-1,6,60,8,6,1,22:30,7,1,3
2023010446987,2023,010446987,1,1,1,1,24,5,3,0,0,0,0,0,1,4,E01003784,-1,0,0.0,1.0,-1,6,30,8,1,1,10:10,1,2,1
2023010456082,2023,010456082,2,1,1,1,44,7,3,0,0,0,0,0,1,2,E01004067,-1,0,0.0,1.0,-1,6,20,1,1,1,12:50,4,2,1
2023440179342,2023,440179342,1,1,1,1,19,4,2,0,0,0,0,0,1,5,E01022656,-1,0,1.0,0.0,-1,6,20,1,1,1,09:30,1,2,1
2023471358116,2023,471358116,2,2,1,1,51,8,3,0,0,0,0,0,5,6,E01021034,3,1,0.0,1.0,-1,3,70,1,4,1,22:46,7,3,5
2023421349013,2023,421349013,2,1,1,1,57,9,3,0,0,0,0,0,1,-1,-1,3,1,0.0,1.0,-1,6,30,1,1,1,07:22,3,2,1
2023010440250,2023,010440250,1,4,2,-1,33,6,3,0,0,2,0,0,9,3,E01000107,-1,0,0.0,1.0,-1,2,30,1,4,1,22:55,6,2,9
2023461386910,2023,461386910,2,1,1,1,46,8,3,0,0,0,0,0,9,4,E01024587,3,1,0.0,1.0,-1,6,30,1,1,1,12:53,2,2,9
2023501326731,2023,501326731,1,1,1,2,68,10,3,0,0,0,0,0,9,9,E01019946,3,1,0.0,1.0,-1,6,30,1,1,1,17:00,5,2,9
2023311317340,2023,311317340,1,1,3,1,9,2,2,9,9,0,0,0,0,-1,-1,7,1,1.0,0.0,-1,6,30,1,1,1,15:30,4,1,9
2023010473086,2023,010473086,1,1,1,1,46,8,3,0,0,0,0,0,1,7,E01001593,-1,0,0.0,1.0,-1,2,30,1,1,2,12:52,6,2,1
2023552301003,2023,552301003,2,1,1,1,58,9,3,0,0,0,0,0,1,7,E01016495,-1,0,0.03268,0.96732,-1,6,30,4,1,1,10:30,6,2,1
2023351301533,2023,351301533,1,1,1,1,19,4,3,0,0,0,0,0,3,8,E01018003,3,1,0.0,1.0,-1,6,30,1,1,1,16:00,5,1,3
2023010451394,2023,010451394,2,1,1,1,21,5,3,0,0,0,0,0,4,3,E01003101,-1,0,0.0,1.0,-1,6,30,1,1,1,18:05,1,2,4
2023010476090,2023,010476090,2,1,1,1,16,4,3,0,0,0,0,0,1,-1,-1,-1,0,0.0,1.0,-1,6,30,1,4,1,18:12,1,2,1
2023010483563,2023,010483563,1,1,1,-1,49,8,3,0,0,0,0,0,3,1,E01002041,-1,0,0.0,1.0,-1,6,20,9,7,9,22:20,7,2,3
2023010468949,2023,010468949,1,1,1,2,32,6,3,0,0,0,0,0,1,4,E01003076,-1,0,0.0,1.0,-1,6,20,1,1,2,08:35,6,2,1
2023401390661,2023,401390661,2,1,1,1,27,6,3,0,0,0,0,0,1,6,E01017550,3,1,0.0,1.0,-1,6,30,1,4,1,17:54,7,2,1
2023031324629,2023,031324629,3,4,1,2,17,4,3,0,0,0,0,0,9,8,E01019223,3,1,0.0,1.0,-1,1,30,2,4,2,21:52,6,4,9
2023351338157,2023,351338157,1,1,1,1,54,8,3,0,0,0,0,0,9,6,E01026686,3,1,0.0,1.0,-1,6,50,1,1,1,12:54,4,3,9
2023522324835,2023,522324835,1,1,1,1,19,4,3,0,0,0,0,0,9,9,E01014796,-1,0,0.00241,0.99759,-1,6,30,9,4,-1,22:00,7,2,9
2023631381866,2023,631381866,1,2,2,2,77,11,3,0,0,1,0,0,9,7,W01000445,3,1,0.0,1.0,-1,6,40,8,6,2,17:00,7,1,9
2023440354603,2023,440354603,1,1,1,1,29,6,3,0,0,0,0,0,9,10,E01022883,-1,0,0.10503,0.89497,-1,6,40,1,1,1,17:47,6,2,9
2023031337672,2023,031337672,1,1,1,1,23,5,3,0,0,0,0,0,9,1,E01010732,3,1,0.0,1.0,-1,3,70,2,1,2,05:00,4,1,9
2023332300669,2023,332300669,1,2,2,1,21,5,3,0,0,2,0,0,9,2,E01013654,-1,0,0.03381,0.96619,-1,3,30,1,4,1,22:52,6,2,9
2023122300617,2023,122300617,2,7,2,2,8,2,3,0,0,2,0,0,9,9,E01011935,-1,0,0.0149,0.9851,-1,6,50,2,1,2,18:00,6,4,9
2023031345971,2023,031345971,1,2,2,1,11,3,3,0,0,2,0,0,9,9,E01011508,3,1,0.0,1.0,-1,6,60,1,6,1,21:13,7,2,9
2023221339502,2023,221339502,1,1,1,2,60,9,3,0,0,0,0,0,9,2,E01033249,3,1,0.0,1.0,-1,6,30,1,1,1,16:40,5,2,9
2023440170480,2023,440170480,1,1,1,2,60,9,3,0,0,0,0,0,9,2,E01022949,-1,0,0.06484,0.93516,-1,6,30,1,1,1,17:09,2,2,9
2023461374427,2023,461374427,1,1,1,2,28,6,3,0,0,0,0,0,9,2,E01021119,3,1,0.0,1.0,-1,3,70,5,1,5,08:52,7,1,9
2023010449128,2023,010449128,1,1,3,2,46,8,3,6,9,0,0,0,0,4,E01001711,-1,0,0.0,1.0,-1,6,30,1,4,1,21:45,7,1,9
2023131309031,2023,131309031,1,1,3,1,11,3,3,1,1,0,0,2,0,1,E01011140,3,1,0.0,1.0,-1,6,30,1,1,1,18:20,3,1,9
2023421371314,2023,421371314,1,1,1,1,19,4,2,0,0,0,0,0,1,10,E01021939,7,1,1.0,0.0,-1,6,30,1,1,1,12:30,2,2,1
2023461332616,2023,461332616,2,1,1,1,12,3,2,0,0,0,0,0,1,2,E01016042,7,1,1.0,0.0,-1,6,30,1,1,1,08:20,4,2,1
2023302301902,2023,302301902,1,1,3,1,83,11,3,6,9,0,0,0,0,6,E01019648,-1,0,0.1413,0.8587,-1,6,20,1,1,2,12:40,6,1,9
202360A147798,2023,60A147798,1,1,1,1,54,8,2,0,0,0,0,0,9,-1,-1,-1,0,1.0,0.0,-1,6,40,2,1,2,17:15,3,1,9
2023991376571,2023,991376571,1,1,3,1,80,11,3,4,1,0,0,2,0,-1,-1,3,1,0.0,1.0,-1,6,30,1,1,1,09:30,2,1,9
2023311285421,2023,311285421,2,1,1,2,25,5,3,0,0,0,0,0,1,10,E01028396,3,1,0.0,1.0,-1,6,30,3,1,3,16:15,5,2,1
2023010453255,2023,010453255,1,1,1,1,31,6,2,0,0,0,0,0,3,2,E01003191,-1,0,1.0,0.0,-1,6,20,2,4,2,22:28,3,1,3
2023471389158,2023,471389158,2,1,1,1,34,6,2,0,0,0,0,0,3,4,E01016857,7,1,1.0,0.0,-1,6,30,1,4,2,18:50,7,2,3
2023131355585,2023,131355585,2,2,2,1,79,11,2,0,0,2,0,0,9,4,E01011841,7,1,1.0,0.0,-1,6,40,1,1,1,13:50,5,2,9
2023211315234,2023,211315234,3,3,1,1,66,10,3,0,0,0,0,0,9,4,E01014128,3,1,0.0,1.0,-1,6,50,8,1,1,09:37,2,3,9
2023430362414,2023,430362414,1,1,1,1,39,7,3,0,0,0,0,0,21,4,E01023738,-1,0,0.04949,0.95051,-1,6,40,1,1,1,11:23,2,3,21
2023471361201,2023,471361201,1,1,1,1,42,7,2,0,0,0,0,0,5,6,E01031557,6,1,1.0,0.0,-1,1,50,1,1,1,16:58,2,1,5
2023411266762,2023,411266762,1,1,3,2,12,3,3,4,1,0,0,0,0,9,E01023375,3,1,0.0,1.0,-1,6,30,1,1,1,07:55,5,1,9
2023221396455,2023,221396455,2,2,1,1,34,6,3,0,0,0,0,0,8,2,E01014105,3,1,0.0,1.0,-1,6,30,1,4,1,21:30,6,2,8
2023221297286,2023,221297286,2,2,1,2,38,7,3,0,0,0,0,0,9,2,E01032377,3,1,0.0,1.0,-1,6,60,2,1,2,17:07,6,2,9
2023501392523,2023,501392523,1,1,1,1,32,6,3,0,0,0,0,0,5,-1,-1,3,1,0.0,1.0,-1,6,30,1,1,1,20:00,3,2,5
2023010453531,2023,010453531,1,1,3,2,43,7,2,5,1,0,0,0,0,7,E01002888,-1,0,1.0,0.0,-1,6,20,1,1,1,20:20,4,1,9
2023010433550,2023,010433550,1,1,3,1,4,1,3,5,9,0,0,0,0,3,E01000032,-1,0,0.0,1.0,-1,9,20,9,1,9,12:15,3,1,9
2023010434285,2023,010434285,1,1,1,1,33,6,3,0,0,0,0,0,1,8,E01004514,-1,0,0.0,1.0,-1,9,30,1,1,1,13:20,7,2,1
2023010463375,2023,010463375,1,1,1,1,23,5,3,0,0,0,0,0,3,7,E01003709,-1,0,0.0,1.0,-1,9,30,9,4,9,22:35,3,2,3
2023010425053,2023,010425053,1,1,1,1,21,5,3,0,0,0,0,0,4,1,E01001330,-1,0,0.0,1.0,-1,6,20,1,1,1,06:55,6,2,4
2023461387489,2023,461387489,1,1,1,1,17,4,3,0,0,0,0,0,3,5,E01023998,3,1,0.0,1.0,-1,6,60,2,6,2,16:53,5,1,3
2023440102658,2023,440102658,1,1,3,1,55,8,2,5,1,0,0,0,0,3,E01032745,-1,0,1.0,0.0,-1,6,30,1,1,1,14:41,3,1,11
2023052300044,2023,052300044,1,1,3,1,61,9,3,5,3,0,0,0,0,1,E01006460,-1,0,0.1864,0.8136,-1,6,30,1,4,2,19:25,4,1,9
2023052302452,2023,052302452,1,1,3,2,24,5,3,9,9,0,0,0,0,-1,-1,-1,0,0.0956,0.9044,-1,6,30,1,4,1,05:50,2,1,8
2023991350602,2023,991350602,2,1,1,2,56,9,2,0,0,0,0,0,1,10,E01007934,7,1,1.0,0.0,-1,6,20,1,1,1,19:40,3,2,1
2023991364392,2023,991364392,2,1,1,1,19,4,3,0,0,0,0,0,1,1,-1,3,1,0.0,1.0,-1,6,30,1,1,1,15:00,4,2,1
2023010484359,2023,010484359,2,1,1,1,85,11,3,0,0,0,0,0,5,7,E01016221,-1,0,0.0,1.0,-1,3,30,1,1,1,12:25,4,2,5
2023471326980,2023,471326980,1,1,3,2,-1,-1,3,6,8,0,0,0,0,9,E01031489,3,1,0.0,1.0,-1,6,60,1,1,1,15:15,5,1,9
2023101302798,2023,101302798,2,1,2,2,14,3,3,0,0,2,0,0,9,3,E01019271,3,1,0.0,1.0,-1,3,70,2,1,2,14:50,1,2,9
2023430064126,2023,430064126,1,1,2,2,18,4,3,0,0,2,0,0,9,4,E01016517,-1,0,0.11703,0.88297,-1,6,40,1,4,1,04:41,7,1,9
2023471312536,2023,471312536,1,1,1,2,52,8,3,0,0,0,0,0,90,10,E01021052,3,1,0.0,1.0,-1,6,30,1,1,1,11:24,2,3,90
2023010433924,2023,010433924,1,1,1,2,34,6,3,0,0,0,0,0,9,4,E01001484,-1,0,0.0,1.0,-1,7,20,1,1,1,08:03,6,2,9
2023122301235,2023,122301235,2,1,1,1,19,4,3,0,0,0,0,0,9,9,E01027687,-1,0,0.0431,0.9569,-1,6,60,1,6,1,20:20,1,2,9
2023351303473,2023,351303473,1,2,2,2,67,10,3,0,0,1,0,0,9,8,E01018206,3,1,0.0,1.0,-1,6,40,1,1,1,09:45,3,2,9
2023010427017,2023,010427017,2,1,2,1,40,7,3,0,0,9,0,0,9,3,E01003917,-1,0,0.0,1.0,-1,9,30,9,1,9,05:00,7,2,9