collision_index,collision_year,collision_ref_no,vehicle_reference,casualty_reference,casualty_class,sex_of_casualty,age_of_casualty,age_band_of_casualty,casualty_severity,pedestrian_location,pedestrian_movement,car_passenger,bus_or_coach_passenger,pedestrian_road_maintenance_worker,casualty_type,casualty_imd_decile,lsoa_of_casualty,enhanced_casualty_severity,casualty_injury_based,casualty_adjusted_severity_serious,casualty_adjusted_severity_slight,casualty_distance_banding,road_type,speed_limit,weather_conditions,light_conditions,road_surface_conditions,time,day_of_week,number_of_vehicles,vehicle_type
2023010477541,2023,010477541,1,2,2,2,69,10,2,0,0,1,0,0,9,8,E01000653,-1,0,1.0,0.0,-1,6,30,2,4,2,16:55,1,2,9
2023401349024,2023,401349024,1,2,2,2,41,7,3,0,0,2,0,0,9,2,E01015749,3,1,0.0,1.0,-1,6,30,1,4,2,22:35,7,2,9
2023451390375,2023,451390375,1,1,1,2,23,5,3,0,0,0,0,0,9,2,E01015802,3,1,0.0,1.0,-1,3,70,2,1,2,12:13,3,1,9
2023461356523,2023,461356523,1,1,1,2,28,6,3,0,0,0,0,0,9,2,E01024315,3,1,0.0,1.0,-1,9,30,1,7,1,01:00,6,4,9
202354A533523,2023,54A533523,1,1,1,1,51,8,3,0,0,0,0,0,19,5,E01032103,-1,0,0.10503,0.89497,-1,6,50,1,1,1,15:20,4,1,19
2023311392914,2023,311392914,1,1,1,1,29,6,3,0,0,0,0,0,9,-1,-1,3,1,0.0,1.0,-1,6,60,1,1,1,16:00,1,2,9
2023411344409,2023,411344409,1,1,2,2,18,4,2,0,0,-1,0,0,9,9,E01023430,7,1,1.0,0.0,-1,3,70,1,6,1,21:50,4,2,9
2023421300867,2023,421300867,1,1,1,2,76,11,2,0,0,0,0,0,9,10,E01021559,6,1,1.0,0.0,-1,6,30,1,1,1,16:48,3,2,9
2023461369512,2023,461369512,2,1,1,2,31,6,3,0,0,0,0,0,9,7,E01024347,3,1,0.0,1.0,-1,3,60,1,4,1,23:32,6,2,9
2023501367803,2023,501367803,2,2,1,2,58,9,3,0,0,0,0,0,9,8,E01019962,3,1,0.0,1.0,-1,3,40,1,1,2,16:09,6,2,9
2023631352638,2023,631352638,1,1,1,1,66,10,2,0,0,0,0,0,9,5,E01009519,6,1,1.0,0.0,-1,6,30,8,4,1,21:56,5,1,9
2023061374061,2023,061374061,2,1,1,1,36,7,3,0,0,0,0,0,19,1,E01018520,3,1,0.0,1.0,-1,6,30,1,1,1,12:00,4,2,19
2023010427677,2023,010427677,1,1,1,2,32,6,3,0,0,0,0,0,9,2,E01000876,-1,0,0.0,1.0,-1,3,30,2,1,2,11:10,7,1,9
2023061271773,2023,061271773,3,2,1,1,38,7,3,0,0,0,0,0,9,-1,-1,3,1,0.0,1.0,-1,3,70,2,1,2,11:35,4,4,9
2023501380531,2023,501380531,1,1,1,1,37,7,3,0,0,0,0,0,9,4,E01015269,3,1,0.0,1.0,-1,6,30,1,1,1,09:20,4,1,9
2023010473182,2023,010473182,1,1,1,1,28,6,3,0,0,0,0,0,9,6,E01016536,-1,0,0.0,1.0,-1,3,40,1,4,1,20:55,6,3,9
2023010437402,2023,010437402,1,1,1,2,22,5,3,0,0,0,0,0,9,1,E01015639,-1,0,0.0,1.0,-1,6,30,2,1,1,16:18,3,2,9
2023332301021,2023,332301021,1,1,2,2,63,9,3,0,0,1,0,0,9,7,E01025627,-1,0,0.05065,0.94935,-1,3,50,1,1,1,10:18,2,2,9
2023991353735,2023,991353735,1,2,2,2,29,6,3,0,0,1,0,0,9,-1,-1,3,1,0.0,1.0,-1,6,30,2,1,2,15:50,6,2,9
2023302300293,2023,302300293,2,2,2,-1,-1,-1,3,0,0,1,0,0,19,5,E01019456,-1,0,0.00322,0.99678,-1,6,30,1,1,2,07:48,5,2,19
2023131389429,2023,131389429,1,1,1,2,89,11,2,0,0,0,0,0,9,8,E01032945,7,1,1.0,0.0,-1,7,40,1,4,1,16:56,1,1,9
2023201416047,2023,201416047,2,3,2,1,15,3,3,0,0,2,0,0,9,3,E01009777,3,1,0.0,1.0,-1,6,30,1,1,1,16:36,5,10,9
2023311294676,2023,311294676,2,5,1,2,58,9,2,0,0,0,0,0,9,-1,-1,5,1,1.0,0.0,-1,6,50,1,1,1,14:55,6,3,9
2023371284432,2023,371284432,2,1,1,1,47,8,3,0,0,0,0,0,9,3,E01029914,3,1,0.0,1.0,-1,6,30,1,1,1,15:30,6,2,9
2023544507223,2023,544507223,2,2,1,2,32,6,3,0,0,0,0,0,9,6,E01032117,-1,0,0.03816,0.96184,-1,6,60,1,1,1,16:23,7,2,9
2023991369554,2023,991369554,2,1,1,1,18,4,2,0,0,0,0,0,9,7,-1,6,1,1.0,0.0,-1,7,40,5,5,2,16:40,4,2,9
2023622400011,2023,622400011,2,8,2,2,40,7,3,0,0,0,4,0,11,1,W01001251,-1,0,0.02992,0.97008,-1,6,20,2,4,2,19:01,2,2,11
2023371343292,2023,371343292,3,3,1,1,28,6,3,0,0,0,0,0,9,6,E01030059,3,1,0.0,1.0,-1,6,60,1,1,1,15:04,6,3,9
2023451296004,2023,451296004,1,1,1,1,57,9,3,0,0,0,0,0,9,8,E01004170,3,1,0.0,1.0,-1,3,70,1,1,1,07:38,4,2,9
2023991392444,2023,991392444,1,1,1,2,24,5,3,0,0,0,0,0,9,7,-1,3,1,0.0,1.0,-1,6,40,2,4,2,17:00,6,2,9
2023201400891,2023,201400891,2,1,1,1,47,8,3,0,0,0,0,0,9,-1,-1,3,1,0.0,1.0,-1,3,30,1,1,1,17:00,5,2,9
2023221274027,2023,221274027,2,3,2,2,9,2,3,0,0,2,0,0,9,1,E01032318,3,1,0.0,1.0,-1,6,30,1,1,1,08:57,2,2,9
2023111329892,2023,111329892,2,2,1,1,19,4,3,0,0,0,0,0,19,7,E01020637,3,1,0.0,1.0,-1,6,60,4,1,1,08:35,1,2,19
2023501399627,2023,501399627,1,1,3,2,50,8,3,5,1,0,0,0,0,4,E01018784,3,1,0.0,1.0,-1,6,30,8,7,1,17:15,7,1,9
2023552400051,2023,552400051,1,1,3,2,22,5,2,6,9,0,0,0,0,1,W01001704,-1,0,1.0,0.0,-1,6,30,1,4,1,20:20,6,1,9
2023302300889,2023,302300889,1,1,1,1,46,8,3,0,0,0,0,0,3,2,E01033172,-1,0,0.20573,0.79427,-1,3,40,1,1,1,17:00,4,2,3
2023010474917,2023,010474917,2,1,1,1,54,8,3,0,0,0,0,0,9,6,E01003786,-1,0,0.0,1.0,-1,6,20,2,1,2,13:20,2,2,9
2023131305102,2023,131305102,2,3,2,1,19,4,3,0,0,2,0,0,9,1,E01007714,3,1,0.0,1.0,-1,3,30,2,4,2,23:00,2,2,9
2023320652539,2023,320652539,2,1,1,2,58,9,3,0,0,0,0,0,9,6,E01026282,-1,0,0.01801,0.98199,-1,6,50,2,1,2,09:07,6,2,9
2023052301520,2023,052301520,1,2,3,2,10,2,3,8,1,0,0,0,0,1,E01006764,-1,0,0.08322,0.91678,-1,3,30,1,1,1,08:20,4,1,9
2023010463085,2023,010463085,1,1,2,2,25,5,3,0,0,2,0,0,9,6,E01000555,-1,0,0.0,1.0,-1,6,30,1,4,1,01:30,4,3,9
2023061325984,2023,061325984,2,1,1,1,39,7,3,0,0,0,0,0,9,8,E01006243,3,1,0.0,1.0,-1,1,30,1,1,1,13:15,7,2,9
2023201277186,2023,201277186,1,1,1,1,-1,-1,3,0,0,0,0,0,9,1,E01033650,3,1,0.0,1.0,-1,6,30,2,4,2,23:08,7,5,9
2023411377901,2023,411377901,2,1,1,1,48,8,3,0,0,0,0,0,9,3,E01017580,3,1,0.0,1.0,-1,3,70,2,4,2,06:25,3,2,9
2023421266828,2023,421266828,1,1,1,1,77,11,3,0,0,0,0,0,9,9,E01022099,3,1,0.0,1.0,-1,6,60,1,1,4,06:27,2,2,9
2023351340341,2023,351340341,1,1,1,1,47,8,3,0,0,0,0,0,90,3,E01026325,3,1,0.0,1.0,-1,6,50,1,1,1,12:15,3,2,90
2023411324466,2023,411324466,1,1,1,2,40,7,3,0,0,0,0,0,9,4,E01023488,3,1,0.0,1.0,-1,6,30,1,1,1,13:30,2,2,9
2023520400168,2023,520400168,1,1,1,2,39,7,3,0,0,0,0,0,9,9,E01029065,-1,0,0.00241,0.99759,-1,1,50,1,1,1,10:00,4,2,9
2023351381388,2023,351381388,1,2,3,2,12,3,3,10,9,0,0,0,0,2,E01015612,3,1,0.0,1.0,-1,6,30,1,1,1,15:40,2,2,9
2023131258672,2023,131258672,1,1,1,2,80,11,3,0,0,0,0,0,9,8,E01011207,3,1,0.0,1.0,-1,6,30,2,1,2,08:52,1,2,9
2023221379912,2023,221379912,1,1,1,1,19,4,3,0,0,0,0,0,9,8,E01032184,3,1,0.0,1.0,-1,6,60,1,6,1,04:11,1,1,9
2023421262473,2023,421262473,1,1,1,1,80,11,3,0,0,0,0,0,9,8,E01021737,3,1,0.0,1.0,-1,3,70,1,1,1,11:25,5,2,9
2023451341529,2023,451341529,1,2,2,2,30,6,3,0,0,1,0,0,9,2,E01017665,3,1,0.0,1.0,-1,3,50,1,1,1,15:15,7,2,9
2023991265098,2023,991265098,2,3,2,1,9,2,3,0,0,2,0,0,9,10,-1,3,1,0.0,1.0,-1,3,70,1,6,1,17:10,4,2,9
2023141284212,2023,141284212,1,1,1,1,31,6,3,0,0,0,0,0,19,-1,-1,3,1,0.0,1.0,-1,6,40,1,1,1,17:05,3,3,19
2023041264665,2023,041264665,1,1,1,1,61,9,3,0,0,0,0,0,21,2,E01008037,3,1,0.0,1.0,-1,3,30,3,4,2,00:44,4,1,21
2023170L31223,2023,170L31223,1,1,1,1,24,5,3,0,0,0,0,0,3,4,E01012105,-1,0,0.17446,0.82554,-1,6,30,1,1,2,12:06,4,2,3
2023201285269,2023,201285269,1,1,1,1,36,7,2,0,0,0,0,0,3,2,E01009291,7,1,1.0,0.0,-1,6,30,1,4,1,18:03,2,1,3
2023131293277,2023,131293277,1,1,2,2,18,4,3,0,0,2,0,0,9,2,E01011872,3,1,0.0,1.0,-1,6,30,1,1,1,12:52,2,1,9
2023332300703,2023,332300703,4,3,1,1,35,6,3,0,0,0,0,0,9,4,E01010499,-1,0,0.00909,0.99091,-1,3,70,1,1,1,14:25,6,4,9
2023371294652,2023,371294652,2,4,2,1,49,8,3,0,0,1,0,0,9,8,E01021795,3,1,0.0,1.0,-1,3,60,1,1,1,15:59,5,4,9
2023501280312,2023,501280312,1,1,2,1,18,4,3,0,0,2,0,0,9,-1,-1,3,1,0.0,1.0,-1,6,30,1,4,1,04:17,7,1,9
2023991366916,2023,991366916,1,1,1,1,37,7,2,0,0,0,0,0,9,2,E01008474,7,1,1.0,0.0,-1,6,60,1,6,2,18:40,3,3,9
2023131269453,2023,131269453,2,2,1,1,58,9,3,0,0,0,0,0,19,2,E01011814,3,1,0.0,1.0,-1,6,30,1,4,1,18:37,1,2,19
2023131267085,2023,131267085,1,1,1,1,26,6,3,0,0,0,0,0,9,2,E01011370,3,1,0.0,1.0,-1,3,40,1,4,1,17:44,2,2,9
2023302300985,2023,302300985,1,1,2,2,14,3,2,0,0,1,0,0,9,6,E01013589,-1,0,1.0,0.0,-1,6,40,2,1,2,18:30,4,2,9
202354C948023,2023,54C948023,1,1,1,2,80,11,3,0,0,0,0,0,9,2,E01015506,-1,0,0.10795,0.89205,-1,6,30,1,4,1,16:43,4,2,9
2023071265175,2023,071265175,3,1,1,2,43,7,3,0,0,0,0,0,9,1,E01006863,-1,0,0.04027,0.95973,-1,6,40,1,1,2,12:49,3,3,9
2023141268949,2023,141268949,1,1,1,2,78,11,3,0,0,0,0,0,9,9,E01008023,3,1,0.0,1.0,-1,6,30,1,1,2,15:30,6,2,9
2023340WN1202,2023,340WN1202,2,1,1,1,53,8,3,0,0,0,0,0,1,1,E01027244,-1,0,0.10722,0.89278,-1,6,20,1,1,1,11:20,7,2,1
2023430087095,2023,430087095,2,1,1,1,27,6,3,0,0,0,0,0,1,-1,-1,-1,0,0.12716,0.87284,-1,2,30,1,1,1,15:50,7,2,1
2023010460226,2023,010460226,2,1,1,1,21,5,3,0,0,0,0,0,3,6,E01030714,-1,0,0.0,1.0,-1,6,20,1,1,1,13:38,7,2,3
2023991380711,2023,991380711,1,1,3,1,50,8,3,6,9,0,0,2,0,-1,-1,3,1,0.0,1.0,-1,6,20,1,1,1,13:25,4,1,9
2023131345630,2023,131345630,1,1,1,1,30,6,3,0,0,0,0,0,3,1,E01010819,3,1,0.0,1.0,-1,3,30,1,4,1,00:42,5,2,3
2023010474009,2023,010474009,1,1,3,1,11,3,3,5,3,0,0,0,0,3,E01002403,-1,0,0.0,1.0,-1,6,30,1,4,1,17:52,4,1,9
2023052301324,2023,052301324,1,1,3,1,15,3,3,5,1,0,0,0,0,1,E01006662,-1,0,0.15898,0.84102,-1,6,30,1,1,1,14:29,5,1,19
2023610038923,2023,610038923,1,1,1,1,50,8,3,0,0,1,0,0,9,1,W01001619,-1,0,0.06053,0.93947,-1,6,30,2,1,2,11:42,7,2,9
2023010427829,2023,010427829,1,1,1,1,38,7,3,0,0,0,0,0,8,6,E01000513,-1,0,0.0,1.0,-1,3,50,2,4,2,02:10,7,2,8
2023010449833,2023,010449833,2,2,1,1,44,7,3,0,0,0,0,0,9,1,E01004721,-1,0,0.0,1.0,-1,6,20,1,1,1,08:40,1,4,9
2023010484922,2023,010484922,1,1,1,2,35,6,3,0,0,0,0,0,9,7,E01000361,-1,0,0.0,1.0,-1,6,20,2,5,2,09:00,3,2,9
2023461317077,2023,461317077,1,1,1,1,79,11,3,0,0,0,0,0,9,1,E01024697,3,1,0.0,1.0,-1,3,50,1,1,1,16:58,6,2,9
2023461388102,2023,461388102,1,1,1,1,22,5,2,0,0,0,0,0,9,9,E01021124,7,1,1.0,0.0,-1,6,60,1,1,2,15:00,7,1,9
2023010458187,2023,010458187,1,1,1,1,29,6,3,0,0,0,0,0,9,1,E01003291,-1,0,0.0,1.0,-1,6,20,1,1,2,16:00,2,1,9
2023201293074,2023,201293074,1,1,1,2,66,10,3,0,0,0,0,0,9,1,E01009272,3,1,0.0,1.0,-1,6,30,1,1,1,17:45,2,2,9
2023430094346,2023,430094346,1,1,1,2,47,8,3,0,0,0,0,0,9,10,E01028476,-1,0,0.06481,0.93519,-1,3,70,1,1,1,08:07,5,4,9
2023411325828,2023,411325828,2,1,2,2,86,11,3,0,0,0,0,0,10,7,E01023777,3,1,0.0,1.0,-1,3,40,1,1,1,13:00,2,2,10
2023010419343,2023,010419343,1,1,1,1,51,8,3,0,0,0,0,0,9,2,E01000104,-1,0,0.0,1.0,-1,6,30,1,1,1,11:40,2,2,9
2023201323601,2023,201323601,4,1,1,2,22,5,3,0,0,0,0,0,9,-1,-1,3,1,0.0,1.0,-1,7,30,1,1,1,22:37,1,5,9
2023371342746,2023,371342746,2,1,1,2,42,7,3,0,0,0,0,0,9,1,E01030018,3,1,0.0,1.0,-1,6,30,1,4,1,21:40,2,3,9
2023440172855,2023,440172855,2,1,2,2,52,8,3,0,0,1,0,0,9,4,E01017234,-1,0,0.05583,0.94417,-1,6,30,1,1,1,08:50,4,2,9
2023991308592,2023,991308592,2,1,1,2,36,7,3,0,0,0,0,0,9,9,-1,3,1,0.0,1.0,-1,6,30,1,1,1,16:35,4,3,9
2023340WN7042,2023,340WN7042,2,1,1,2,43,7,3,0,0,0,0,0,9,-1,-1,-1,0,0.02724,0.97276,-1,3,70,9,6,2,22:00,6,5,9
2023440482854,2023,440482854,1,1,1,1,46,8,3,0,0,0,0,0,9,8,E01022758,-1,0,0.03822,0.96178,-1,6,40,1,1,1,12:55,7,2,9
2023461402785,2023,461402785,1,1,1,2,24,5,3,0,0,0,0,0,9,5,E01016174,3,1,0.0,1.0,-1,6,30,1,4,1,21:33,6,2,9
2023201380330,2023,201380330,1,1,2,2,15,3,2,0,0,-1,0,0,9,3,E01008945,6,1,1.0,0.0,-1,6,30,1,7,1,22:11,1,2,9
2023340NN1352,2023,340NN1352,2,1,1,2,70,10,3,0,0,0,0,0,9,6,E01026953,-1,0,0.03372,0.96628,-1,6,30,2,1,2,15:30,4,2,9
2023411275672,2023,411275672,1,1,1,1,26,6,3,0,0,0,0,0,9,6,E01023554,3,1,0.0,1.0,-1,3,50,5,1,2,09:10,3,2,9
2023451270002,2023,451270002,2,2,2,1,19,4,3,0,0,1,0,0,9,7,E01016197,3,1,0.0,1.0,-1,6,40,1,4,1,16:21,2,2,9
2023991308624,2023,991308624,1,1,1,1,76,11,3,0,0,0,0,0,9,7,-1,3,1,0.0,1.0,-1,6,60,1,1,2,09:45,4,2,9
2023010428791,2023,010428791,1,1,2,1,38,7,3,0,0,0,3,0,11,5,E01000468,-1,0,0.0,1.0,-1,3,30,1,1,1,16:08,5,1,11
2023161373150,2023,161373150,2,2,2,2,29,6,3,0,0,1,0,0,9,1,E01012790,3,1,0.0,1.0,-1,3,70,1,1,1,12:42,6,2,9
2023340NN0292,2023,340NN0292,1,1,1,1,56,9,2,0,0,0,0,0,9,9,E01027003,-1,0,1.0,0.0,-1,6,40,8,1,2,15:50,6,2,9
2023622300213,2023,622300213,1,1,1,1,18,4,2,0,0,0,0,0,9,6,W01001000,-1,0,1.0,0.0,-1,6,50,1,6,1,03:53,1,1,9
2023451325298,2023,451325298,1,1,3,2,67,10,3,8,5,0,0,0,0,8,E01030538,3,1,0.0,1.0,-1,1,30,1,1,1,10:05,2,2,21
2023430442461,2023,430442461,2,1,1,1,28,6,3,0,0,0,0,0,1,10,E01033508,-1,0,0.0417,0.9583,-1,6,30,1,1,1,11:08,1,2,1
2023010452429,2023,010452429,1,1,1,1,20,4,3,0,0,0,0,0,9,2,E01032562,-1,0,0.0,1.0,-1,6,20,1,1,1,15:53,5,2,9
2023041312262,2023,041312262,2,1,1,1,53,8,3,0,0,0,0,0,9,2,E01010716,3,1,0.0,1.0,-1,6,30,1,1,1,11:28,7,2,9
2023201323861,2023,201323861,1,4,2,2,24,5,3,0,0,1,0,0,9,2,E01009630,3,1,0.0,1.0,-1,3,30,1,1,1,19:44,6,2,9
2023421292638,2023,421292638,1,1,1,1,64,9,3,0,0,0,0,0,9,-1,-1,3,1,0.0,1.0,-1,3,70,2,4,5,21:19,6,2,9
2023440481354,2023,440481354,2,2,1,1,72,10,3,0,0,0,0,0,9,5,E01017283,-1,0,0.0665,0.9335,-1,2,30,1,1,1,14:40,6,3,9
2023451305953,2023,451305953,2,1,1,2,42,7,3,0,0,0,0,0,9,3,E01030547,3,1,0.0,1.0,-1,3,50,1,4,1,20:53,3,2,9
2023430552687,2023,430552687,1,1,1,1,29,6,2,0,0,0,0,0,9,7,E01028756,-1,0,1.0,0.0,-1,6,50,1,6,2,21:02,7,1,9
2023461289593,2023,461289593,1,1,1,2,50,8,2,0,0,0,0,0,9,6,E01024420,6,1,1.0,0.0,-1,6,60,1,6,2,04:43,1,1,9
2023991319188,2023,991319188,2,1,2,1,10,2,2,0,0,1,0,0,9,7,-1,7,1,1.0,0.0,-1,6,40,1,1,1,16:07,5,2,9
2023481363627,2023,481363627,2,1,1,1,42,7,3,0,0,0,0,0,1,-1,-1,3,1,0.0,1.0,-1,6,20,1,1,1,17:15,6,2,1
2023010435692,2023,010435692,1,1,1,1,42,7,3,0,0,0,0,0,3,2,E01001448,-1,0,0.0,1.0,-1,3,20,1,1,1,15:30,2,2,3
2023302300113,2023,302300113,2,1,1,1,35,6,3,0,0,0,0,0,4,7,E01019429,-1,0,0.11094,0.88906,-1,6,30,1,1,4,10:00,6,2,4
2023411301633,2023,411301633,1,3,2,2,50,8,2,0,0,2,0,0,9,5,E01023584,5,1,1.0,0.0,-1,3,60,1,5,2,21:50,7,1,9
2023501313083,2023,501313083,2,1,1,2,41,7,3,0,0,0,0,0,9,-1,-1,3,1,0.0,1.0,-1,6,40,1,1,1,20:20,3,2,9
2023131345526,2023,131345526,2,1,1,1,42,7,3,0,0,0,0,0,1,1,E01010826,3,1,0.0,1.0,-1,6,30,1,1,1,16:40,4,2,1
2023622300686,2023,622300686,1,1,1,1,26,6,3,0,0,0,0,0,-1,3,W01001764,-1,0,0.10914,0.89086,-1,6,30,1,4,1,23:03,4,2,-1
2023061315236,2023,061315236,1,1,3,1,56,9,3,1,3,0,0,0,0,4,E01006399,3,1,0.0,1.0,-1,6,30,1,5,1,00:03,3,1,8
2023501306444,2023,501306444,1,1,3,2,68,10,2,5,3,0,0,0,0,4,E01013050,5,1,1.0,0.0,-1,6,30,1,1,1,14:46,7,1,9
2023170M10403,2023,170M10403,2,2,1,1,56,9,3,0,0,0,0,0,8,1,E01012050,-1,0,0.06086,0.93914,-1,6,30,1,4,1,19:45,6,2,8
2023052301259,2023,052301259,2,3,2,2,2,1,3,0,0,2,0,0,9,-1,-1,-1,0,0.04153,0.95847,-1,3,40,1,1,1,13:40,4,2,9
2023351383413,2023,351383413,2,1,1,1,59,9,3,0,0,0,0,0,9,10,E01018266,3,1,0.0,1.0,-1,7,70,1,1,1,11:45,6,3,9
2023421341085,2023,421341085,1,1,1,1,24,5,3,0,0,0,0,0,9,-1,-1,3,1,0.0,1.0,-1,3,70,1,6,1,21:51,7,3,9
2023991273032,2023,991273032,1,1,2,2,18,4,2,0,0,1,0,0,9,5,-1,5,1,1.0,0.0,-1,3,70,1,6,2,02:30,7,1,9
2023471367755,2023,471367755,1,1,1,1,69,10,3,0,0,0,0,0,19,5,E01023998,3,1,0.0,1.0,-1,6,60,1,1,1,15:10,6,2,19
2023010462647,2023,010462647,1,1,1,1,45,7,3,0,0,0,0,0,3,9,E01001273,-1,0,0.0,1.0,-1,2,30,1,7,1,20:30,5,2,3
2023440188776,2023,440188776,1,1,1,1,30,6,3,0,0,0,0,0,5,7,E01022733,-1,0,0.23499,0.76501,-1,6,30,1,4,1,22:53,7,2,5
2023201394159,2023,201394159,1,1,2,1,51,8,3,0,0,-1,0,0,9,1,E01010466,3,1,0.0,1.0,-1,6,30,1,1,1,16:25,5,1,9
2023421315545,2023,421315545,3,2,1,2,24,5,2,0,0,0,0,0,9,-1,-1,7,1,1.0,0.0,-1,3,40,1,1,1,12:42,3,3,9
2023461306729,2023,461306729,2,1,1,2,48,8,3,0,0,0,0,0,9,1,E01024196,3,1,0.0,1.0,-1,6,60,1,1,1,19:05,3,2,9
2023471315112,2023,471315112,1,1,2,2,93,11,2,0,0,0,4,0,11,1,E01021019,6,1,1.0,0.0,-1,6,30,9,1,1,15:58,7,1,11
2023131357996,2023,131357996,2,1,1,1,20,4,2,0,0,0,0,0,1,1,E01010874,7,1,1.0,0.0,-1,6,30,1,1,1,18:15,6,2,1
2023010427945,2023,010427945,1,1,1,1,21,5,2,0,0,0,0,0,4,1,E01004399,-1,0,1.0,0.0,-1,1,30,1,4,1,20:20,7,2,4
2023320328045,2023,320328045,2,1,1,1,32,6,3,0,0,0,0,0,19,-1,-1,-1,0,0.04727,0.95273,-1,6,40,1,1,1,17:00,2,2,19
2023451268700,2023,451268700,1,1,1,2,25,5,3,0,0,0,0,0,9,9,E01030421,3,1,0.0,1.0,-1,6,30,8,4,4,19:14,3,2,9
2023610020723,2023,610020723,1,2,2,1,30,6,3,0,0,1,0,0,19,7,W01001397,-1,0,0.09722,0.90278,-1,6,30,1,1,1,14:10,3,4,19
2023440061263,2023,440061263,1,1,1,2,53,8,3,0,0,0,0,0,9,10,E01022740,-1,0,0.07427,0.92573,-1,6,40,1,1,1,16:29,2,2,9
2023010469295,2023,010469295,2,1,1,1,41,7,3,0,0,0,0,0,1,3,E01003629,-1,0,0.0,1.0,-1,7,20,1,1,1,10:00,1,2,1
2023010473224,2023,010473224,1,1,1,1,53,8,2,0,0,0,0,0,3,2,E01003619,-1,0,1.0,0.0,-1,6,20,2,4,2,22:35,5,2,3
2023211350726,2023,211350726,2,2,1,1,30,6,3,0,0,0,0,0,19,3,E01016012,3,1,0.0,1.0,-1,7,50,1,1,1,15:30,5,2,19
2023041348272,2023,041348272,1,1,3,2,10,2,3,1,3,0,0,0,0,6,E01025132,3,1,0.0,1.0,-1,6,20,1,1,1,12:41,1,1,9
2023052300041,2023,052300041,1,1,3,1,65,9,3,5,1,0,0,0,0,1,E01006760,-1,0,0.20572,0.79428,-1,3,30,1,4,1,19:20,4,1,23
2023522300603,2023,522300603,1,1,3,2,22,5,3,5,9,0,0,0,0,3,E01014622,-1,0,0.07399,0.92601,-1,6,20,1,1,1,09:04,2,1,9
2023430385416,2023,430385416,1,1,1,1,16,4,3,0,0,0,0,0,2,10,E01016621,-1,0,0.16051,0.83949,-1,6,30,1,1,1,15:12,2,2,2
2023231270929,2023,231270929,2,1,2,2,50,8,3,0,0,1,0,0,9,5,E01031168,3,1,0.0,1.0,-1,6,30,1,1,1,10:00,3,2,9
2023430218005,2023,430218005,4,2,1,1,58,9,3,0,0,0,0,0,9,6,E01028559,-1,0,0.09036,0.90964,-1,6,60,1,1,1,18:15,5,4,9
2023421270468,2023,421270468,2,1,1,1,56,9,2,0,0,0,0,0,21,6,E01018264,6,1,1.0,0.0,-1,6,30,1,1,1,12:30,3,2,21
2023010450630,2023,010450630,1,1,1,1,31,6,3,0,0,0,0,0,1,4,E01002788,-1,0,0.0,1.0,-1,6,20,9,7,1,02:45,5,2,1
2023991373415,2023,991373415,1,2,1,1,53,8,3,0,0,0,0,0,1,5,-1,3,1,0.0,1.0,-1,6,60,1,1,1,14:20,7,2,1
2023010452776,2023,010452776,2,2,1,1,51,8,3,0,0,0,0,0,8,4,E01002973,-1,0,0.0,1.0,-1,6,20,1,1,1,16:30,1,2,8
2023340WN3952,2023,340WN3952,1,1,1,1,40,7,3,0,0,0,0,0,8,1,E01027310,-1,0,0.05982,0.94018,-1,6,30,1,1,2,13:30,7,1,8
2023010444898,2023,010444898,2,1,1,1,59,9,3,0,0,0,0,0,9,7,E01000215,-1,0,0.0,1.0,-1,3,50,1,1,1,16:25,4,3,9
2023440220695,2023,440220695,1,1,1,2,18,4,3,0,0,0,0,0,9,6,E01017200,-1,0,0.00913,0.99087,-1,3,30,1,1,1,11:42,1,2,9
2023231259559,2023,231259559,2,1,1,2,59,9,2,0,0,0,0,0,16,7,E01031247,6,1,1.0,0.0,-1,6,60,1,1,2,11:27,2,2,16
2023010454640,2023,010454640,1,1,1,1,29,6,3,0,0,0,0,0,4,3,E01004167,-1,0,0.0,1.0,-1,3,20,1,1,1,19:28,3,2,4
2023052302909,2023,052302909,1,1,3,2,29,6,3,5,1,0,0,0,0,1,E01006731,-1,0,0.08994,0.91006,-1,6,30,1,4,4,16:45,2,1,9
2023302301616,2023,302301616,1,1,3,2,21,5,3,1,1,0,0,0,0,1,E01013486,-1,0,0.06596,0.93404,-1,6,30,1,1,1,13:05,6,1,9
2023311327334,2023,311327334,1,1,3,2,6,2,3,5,2,0,0,0,0,3,E01028257,3,1,0.0,1.0,-1,6,30,1,1,2,19:16,7,1,9
2023010476025,2023,010476025,2,1,1,1,50,8,2,0,0,0,0,0,1,9,E01030352,-1,0,1.0,0.0,-1,6,30,1,1,2,10:15,1,2,1
2023421304929,2023,421304929,1,1,1,1,23,5,3,0,0,0,0,0,4,6,E01021917,3,1,0.0,1.0,-1,6,30,1,1,1,17:59,1,2,4
2023221349314,2023,221349314,2,2,1,2,38,7,2,0,0,0,0,0,9,1,E01014729,7,1,1.0,0.0,-1,3,70,1,4,1,21:20,3,2,9
2023010439156,2023,010439156,1,1,3,2,85,11,2,1,1,0,0,0,0,2,E01003265,-1,0,1.0,0.0,-1,6,20,1,1,1,15:00,2,1,19
2023010424620,2023,010424620,2,1,1,1,27,6,2,0,0,0,0,0,3,5,E01002292,-1,0,1.0,0.0,-1,6,30,1,4,1,17:30,3,2,3