collision_index,collision_year,collision_ref_no,vehicle_reference,casualty_reference,casualty_class,sex_of_casualty,age_of_casualty,age_band_of_casualty,casualty_severity,pedestrian_location,pedestrian_movement,car_passenger,bus_or_coach_passenger,pedestrian_road_maintenance_worker,casualty_type,casualty_imd_decile,lsoa_of_casualty,enhanced_casualty_severity,casualty_injury_based,casualty_adjusted_severity_serious,casualty_adjusted_severity_slight,casualty_distance_banding,road_type,speed_limit,weather_conditions,light_conditions,road_surface_conditions,time,day_of_week,number_of_vehicles,vehicle_type
2023302300620,2023,302300620,2,2,1,1,41,7,3,0,0,0,0,0,9,7,E01007700,-1,0,0.05948,0.94052,-1,6,60,2,1,2,08:45,7,2,9
2023371425836,2023,371425836,2,1,1,2,37,7,3,0,0,0,0,0,9,6,E01030005,3,1,0.0,1.0,-1,3,40,1,4,1,20:43,3,2,9
2023411271249,2023,411271249,1,1,1,1,20,4,3,0,0,0,0,0,9,7,E01023569,3,1,0.0,1.0,-1,6,60,1,4,1,06:40,1,1,9
2023461351937,2023,461351937,1,1,1,2,21,5,3,0,0,0,0,0,9,8,E01024113,3,1,0.0,1.0,-1,6,30,1,1,1,15:07,3,2,9
2023501319846,2023,501319846,2,1,1,1,29,6,3,0,0,0,0,0,9,6,E01020178,3,1,0.0,1.0,-1,6,20,1,1,1,17:30,5,2,9
2023522400110,2023,522400110,1,1,1,2,33,6,3,0,0,0,0,0,9,2,E01014977,-1,0,0.00548,0.99452,-1,6,20,2,1,2,13:45,7,2,9
2023070817037,2023,070817037,2,4,2,1,35,6,3,0,0,1,0,0,19,-1,-1,-1,0,0.05768,0.94232,-1,3,70,1,1,1,15:55,3,3,19
2023101344785,2023,101344785,2,1,1,2,57,9,3,0,0,0,0,0,9,8,E01008452,3,1,0.0,1.0,-1,6,30,1,1,1,16:34,6,2,9
2023101350934,2023,101350934,2,1,1,1,36,7,3,0,0,0,0,0,9,3,E01020694,3,1,0.0,1.0,-1,7,50,1,1,1,11:45,4,2,9
2023201310983,2023,201310983,1,3,2,1,19,4,2,0,0,1,0,0,9,5,E01010109,7,1,1.0,0.0,-1,6,50,1,4,1,04:17,1,1,9
2023351328489,2023,351328489,1,1,1,1,32,6,3,0,0,0,0,0,9,5,E01018035,3,1,0.0,1.0,-1,6,60,2,1,2,15:20,6,2,9
2023471316739,2023,471316739,1,1,3,2,20,4,3,1,9,0,0,0,0,9,E01021156,3,1,0.0,1.0,-1,6,30,9,1,1,19:00,2,1,9
2023010479874,2023,010479874,1,1,1,1,14,3,3,0,0,0,0,0,1,2,E01003323,-1,0,0.0,1.0,-1,9,20,9,7,9,15:19,2,2,1
2023141290817,2023,141290817,2,1,1,1,39,7,2,0,0,0,0,0,1,-1,-1,7,1,1.0,0.0,-1,6,30,1,1,1,08:18,2,2,1
2023320713625,2023,320713625,2,1,1,1,59,9,3,0,0,0,0,0,1,1,E01026114,-1,0,0.11396,0.88604,-1,6,30,1,1,1,14:30,6,2,1
2023231313603,2023,231313603,2,1,1,2,33,6,3,0,0,0,0,0,9,2,E01031142,3,1,0.0,1.0,-1,6,30,1,1,1,19:59,5,2,9
2023351272858,2023,351272858,2,2,1,1,29,6,3,0,0,0,0,0,9,6,E01033453,3,1,0.0,1.0,-1,6,60,1,1,1,21:25,5,2,9
2023010462238,2023,010462238,1,1,1,2,71,10,3,0,0,0,0,0,9,4,E01001355,-1,0,0.0,1.0,-1,6,20,1,1,1,14:06,5,2,9
2023061370894,2023,061370894,2,1,1,2,58,9,3,0,0,0,0,0,9,4,E01006219,3,1,0.0,1.0,-1,3,70,1,1,2,13:00,1,2,9
2023131291910,2023,131291910,1,1,1,1,32,6,3,0,0,0,0,0,9,8,E01011418,3,1,0.0,1.0,-1,3,70,2,1,2,05:48,5,2,9
2023461290775,2023,461290775,1,1,1,1,38,7,3,0,0,0,0,0,9,3,E01024291,3,1,0.0,1.0,-1,6,30,1,4,1,23:05,1,1,9
2023501319682,2023,501319682,1,1,1,1,24,5,2,0,0,0,0,0,9,3,E01018974,7,1,1.0,0.0,-1,6,60,1,1,1,06:25,7,1,9
2023522400844,2023,522400844,1,1,1,1,29,6,3,0,0,0,0,0,9,1,E01014582,-1,0,0.00161,0.99839,-1,1,30,1,1,1,09:05,1,2,9
2023141349717,2023,141349717,1,2,2,2,18,4,3,0,0,1,0,0,9,10,E01008043,3,1,0.0,1.0,-1,6,20,1,1,1,21:22,3,2,9
2023141365275,2023,141365275,2,1,1,1,23,5,3,0,0,0,0,0,9,3,E01007680,3,1,0.0,1.0,-1,6,40,1,1,1,14:30,2,3,9
2023421321314,2023,421321314,3,3,1,1,27,6,3,0,0,0,0,0,19,8,E01021729,3,1,0.0,1.0,-1,6,30,1,1,1,15:24,4,3,19
2023320522241,2023,320522241,2,2,1,1,47,8,3,0,0,0,0,0,9,3,E01026317,-1,0,0.02647,0.97353,-1,6,50,1,1,1,12:30,3,2,9
2023411318097,2023,411318097,2,1,2,2,25,5,3,0,0,1,0,0,9,9,E01023676,3,1,0.0,1.0,-1,6,30,1,4,1,23:33,3,2,9
2023010482654,2023,010482654,1,1,3,2,31,6,3,1,9,0,0,0,0,10,E01000757,-1,0,0.0,1.0,-1,1,30,2,4,2,17:30,5,1,9
2023010458507,2023,010458507,1,1,1,1,57,9,3,0,0,0,0,0,9,10,E01024322,-1,0,0.0,1.0,-1,3,70,1,1,1,11:22,4,1,9
2023340WN3842,2023,340WN3842,2,1,1,1,30,6,3,0,0,0,0,0,9,10,E01027271,-1,0,0.07232,0.92768,-1,6,40,8,1,2,06:10,1,2,9
2023401308923,2023,401308923,2,2,1,2,49,8,3,0,0,0,0,0,9,3,E01017515,3,1,0.0,1.0,-1,6,30,1,1,1,10:33,6,2,9
2023430231989,2023,430231989,6,1,1,2,67,10,3,0,0,0,0,0,9,5,E01033080,-1,0,0.07118,0.92882,-1,3,70,1,1,1,17:41,6,8,9
2023501370995,2023,501370995,1,1,1,1,21,5,3,0,0,0,0,0,9,4,E01015236,3,1,0.0,1.0,-1,6,60,1,6,2,23:46,7,1,9
2023531312155,2023,531312155,1,3,2,2,47,8,2,0,0,1,0,0,9,6,E01022176,6,1,1.0,0.0,-1,6,60,1,1,1,16:56,7,2,9
2023991374165,2023,991374165,2,1,1,1,40,7,3,0,0,0,0,0,9,9,-1,3,1,0.0,1.0,-1,6,30,2,4,2,17:07,2,2,9
2023361276869,2023,361276869,1,1,3,1,77,11,1,10,9,0,0,0,0,6,E01026707,1,1,0.0,0.0,-1,6,60,1,1,2,11:37,4,1,19
2023010481639,2023,010481639,2,1,1,1,43,7,2,0,0,0,0,0,3,3,E01004325,-1,0,1.0,0.0,-1,3,20,1,4,1,01:12,1,2,3
2023010438892,2023,010438892,4,2,1,1,50,8,3,0,0,0,0,0,9,3,E01001981,-1,0,0.0,1.0,-1,3,40,2,4,2,21:27,7,4,9
2023010462699,2023,010462699,1,2,2,-1,-1,-1,3,0,0,1,0,0,9,1,E01004205,-1,0,0.0,1.0,-1,9,30,9,7,9,18:25,1,1,9
2023010474719,2023,010474719,1,4,2,1,22,5,2,0,0,1,0,0,9,-1,-1,-1,0,1.0,0.0,-1,3,70,2,1,2,11:35,1,1,9
2023041300352,2023,041300352,2,2,2,2,20,4,3,0,0,1,0,0,9,3,E01025492,3,1,0.0,1.0,-1,3,40,1,1,1,07:35,6,2,9
2023101384316,2023,101384316,2,2,2,1,18,4,3,0,0,1,0,0,9,2,E01008590,3,1,0.0,1.0,-1,6,40,1,4,2,02:40,6,2,9
2023161368206,2023,161368206,2,1,1,1,47,8,3,0,0,0,0,0,9,10,E01012925,3,1,0.0,1.0,-1,6,30,1,1,2,11:30,1,3,9
2023361284600,2023,361284600,2,1,2,2,35,6,3,0,0,1,0,0,9,4,E01026636,3,1,0.0,1.0,-1,3,50,1,4,2,16:28,5,2,9
2023991289654,2023,991289654,1,4,2,1,18,4,2,0,0,2,0,0,9,2,-1,7,1,1.0,0.0,-1,7,50,2,4,2,21:55,3,2,9
2023010484218,2023,010484218,2,1,1,1,14,3,3,0,0,0,0,0,1,3,E01003017,-1,0,0.0,1.0,-1,6,20,1,1,1,15:00,6,2,1
2023010450721,2023,010450721,1,1,1,1,30,6,2,0,0,0,0,0,3,4,E01000477,-1,0,1.0,0.0,-1,9,30,8,1,1,18:30,3,2,3
2023201418526,2023,201418526,2,1,2,2,3,1,3,0,0,2,0,0,9,5,E01009244,3,1,0.0,1.0,-1,3,40,1,1,2,12:10,7,3,9
2023421358239,2023,421358239,3,2,1,1,48,8,3,0,0,0,0,0,9,3,E01021847,3,1,0.0,1.0,-1,3,70,1,1,1,15:00,1,4,9
2023471372619,2023,471372619,2,1,2,2,59,9,3,0,0,1,0,0,9,-1,-1,3,1,0.0,1.0,-1,7,70,1,1,1,08:20,2,2,9
2023440363789,2023,440363789,1,1,1,2,21,5,3,0,0,0,0,0,9,9,E01022617,-1,0,0.0085,0.9915,-1,6,30,1,4,1,21:57,4,2,9
2023991333236,2023,991333236,2,1,1,2,27,6,3,0,0,0,0,0,9,6,-1,3,1,0.0,1.0,-1,6,30,1,6,1,12:34,3,2,9
2023201405363,2023,201405363,1,1,3,1,37,7,3,6,9,0,0,0,0,1,E01009375,3,1,0.0,1.0,-1,6,30,1,4,1,21:15,3,1,-1
2023610041823,2023,610041823,1,1,3,1,42,7,2,6,9,0,0,0,0,2,W01001681,-1,0,1.0,0.0,-1,6,20,1,1,1,18:55,3,1,97
2023010473569,2023,010473569,2,1,1,2,28,6,3,0,0,0,0,0,1,7,E01004605,-1,0,0.0,1.0,-1,6,20,1,1,1,07:49,2,2,1
2023991312626,2023,991312626,2,1,1,1,55,8,3,0,0,0,0,0,1,7,-1,3,1,0.0,1.0,-1,6,30,1,4,1,21:45,2,2,1
2023010431617,2023,010431617,1,1,1,1,36,7,3,0,0,0,0,0,3,3,E01002847,-1,0,0.0,1.0,-1,6,20,1,1,1,12:50,7,2,3
2023010464057,2023,010464057,2,1,1,1,66,10,3,0,0,0,0,0,5,3,E01001547,-1,0,0.0,1.0,-1,3,20,1,1,1,17:00,2,2,5
2023010456177,2023,010456177,1,1,1,1,30,6,3,0,0,0,0,0,9,5,E01001095,-1,0,0.0,1.0,-1,1,30,1,1,1,07:55,4,2,9
2023041278144,2023,041278144,1,1,1,1,25,5,2,0,0,0,0,0,9,4,E01025308,7,1,1.0,0.0,-1,3,30,9,7,1,19:15,5,2,9
2023161383002,2023,161383002,2,3,2,2,44,7,3,0,0,2,0,0,9,1,E01013222,3,1,0.0,1.0,-1,3,70,2,6,2,09:07,3,2,9
2023471292121,2023,471292121,1,4,2,2,31,6,3,0,0,1,0,0,9,8,E01031542,3,1,0.0,1.0,-1,6,30,2,1,2,07:15,4,2,9
2023501394248,2023,501394248,2,2,2,1,3,1,3,0,0,2,0,0,9,3,E01020229,3,1,0.0,1.0,-1,6,30,8,1,2,13:12,6,2,9
2023010448464,2023,010448464,1,1,2,2,53,8,3,0,0,0,3,0,11,1,E01003045,-1,0,0.0,1.0,-1,6,30,1,1,1,10:03,2,1,11
2023010486735,2023,010486735,1,1,2,2,-1,-1,3,0,0,2,0,0,9,3,W01001286,-1,0,0.0,1.0,-1,6,20,1,1,2,12:55,1,2,9
2023170H10313,2023,170H10313,1,1,1,2,49,8,3,0,0,0,0,0,9,-1,-1,-1,0,0.01984,0.98016,-1,6,30,1,1,1,18:07,3,2,9
2023201341534,2023,201341534,1,1,1,1,28,6,3,0,0,0,0,0,9,3,E01000641,3,1,0.0,1.0,-1,3,30,1,4,1,00:05,6,2,9
2023221365008,2023,221365008,3,2,2,1,2,1,3,0,0,2,0,0,9,2,E01032461,3,1,0.0,1.0,-1,6,50,1,1,1,13:32,3,3,9
2023371390043,2023,371390043,1,1,1,2,44,7,3,0,0,0,0,0,9,7,E01030019,3,1,0.0,1.0,-1,6,30,2,7,2,07:44,3,2,9
2023430469504,2023,430469504,1,1,1,2,57,9,3,0,0,0,0,0,9,9,E01016380,-1,0,0.00363,0.99637,-1,6,30,1,1,1,11:55,2,2,9
2023501298152,2023,501298152,1,6,2,1,16,4,1,0,0,2,0,0,9,7,E01018772,1,1,0.0,0.0,-1,6,50,1,6,1,23:30,3,2,9
2023481355255,2023,481355255,1,1,3,1,56,9,2,4,1,0,0,0,0,-1,-1,7,1,1.0,0.0,-1,6,20,1,1,1,17:53,6,1,5
2023131357993,2023,131357993,2,1,1,2,2,1,3,0,0,0,0,0,1,-1,-1,3,1,0.0,1.0,-1,9,30,1,1,2,13:12,7,2,1
2023010420178,2023,010420178,1,1,1,1,23,5,3,0,0,0,0,0,3,2,E01002054,-1,0,0.0,1.0,-1,3,20,2,1,2,14:35,7,2,3
2023101378768,2023,101378768,1,2,2,1,15,3,3,0,0,2,0,0,3,3,E01008163,3,1,0.0,1.0,-1,7,60,1,4,1,05:27,7,1,3
2023520000440,2023,520000440,3,4,2,1,19,4,3,0,0,1,0,0,9,6,E01032114,-1,0,0.05735,0.94265,-1,6,60,1,6,1,21:17,7,4,9
2023421390148,2023,421390148,2,1,1,1,22,5,3,0,0,0,0,0,1,3,E01021850,3,1,0.0,1.0,-1,6,30,2,1,2,08:20,3,2,1
2023010442183,2023,010442183,1,1,1,2,54,8,3,0,0,0,0,0,9,4,E01000722,-1,0,0.0,1.0,-1,6,30,1,1,1,19:05,6,2,9
2023201419896,2023,201419896,1,1,2,1,44,7,3,0,0,2,0,0,9,4,E01010009,3,1,0.0,1.0,-1,3,30,1,1,2,01:22,2,1,9
2023161316590,2023,161316590,1,1,1,1,20,4,2,0,0,0,0,0,3,10,E01013223,7,1,1.0,0.0,-1,6,30,1,1,1,15:56,4,2,3
2023332300721,2023,332300721,2,2,1,2,39,7,2,0,0,0,0,0,9,3,E01013731,-1,0,1.0,0.0,-1,6,30,1,1,1,16:45,4,3,9
2023010440878,2023,010440878,1,1,2,2,59,9,3,0,0,0,3,0,11,2,E01000907,-1,0,0.0,1.0,-1,2,20,1,1,1,08:55,4,1,11
2023302301260,2023,302301260,1,1,3,1,69,10,3,5,1,0,0,0,0,10,E01019427,-1,0,0.14714,0.85286,-1,6,30,1,1,1,17:04,3,1,9
2023201392279,2023,201392279,1,1,1,1,28,6,3,0,0,0,0,0,9,4,E01009835,3,1,0.0,1.0,-1,6,30,1,4,1,21:18,3,1,9
2023311377869,2023,311377869,1,1,2,2,17,4,3,0,0,1,0,0,9,-1,-1,3,1,0.0,1.0,-1,6,30,1,1,1,20:13,6,2,9
2023010430483,2023,010430483,3,1,1,2,64,9,3,0,0,0,0,0,9,6,E01002531,-1,0,0.0,1.0,-1,6,30,1,1,1,06:40,1,3,9
2023131281957,2023,131281957,1,1,1,1,22,5,3,0,0,0,0,0,9,1,E01010626,3,1,0.0,1.0,-1,6,60,2,1,2,15:10,4,1,9
2023351305830,2023,351305830,1,1,1,2,19,4,3,0,0,0,0,0,9,8,E01030015,3,1,0.0,1.0,-1,6,60,1,1,1,11:35,5,2,9
2023401279739,2023,401279739,1,1,1,2,28,6,3,0,0,0,0,0,9,4,E01017595,3,1,0.0,1.0,-1,6,40,1,6,2,17:13,3,2,9
2023421286898,2023,421286898,2,1,1,2,30,6,3,0,0,0,0,0,9,8,E01021340,3,1,0.0,1.0,-1,1,30,1,1,1,07:18,6,2,9
2023501366733,2023,501366733,2,1,1,2,29,6,3,0,0,0,0,0,9,5,E01018921,3,1,0.0,1.0,-1,6,40,1,1,1,16:40,2,2,9
2023041327374,2023,041327374,1,1,1,1,35,6,2,0,0,0,0,0,1,7,E01025559,6,1,1.0,0.0,-1,3,30,2,4,2,21:31,7,2,1
2023471348135,2023,471348135,2,1,1,2,22,5,3,0,0,0,0,0,3,2,E01031341,3,1,0.0,1.0,-1,6,20,1,4,1,21:15,7,2,3
2023041360507,2023,041360507,1,1,1,1,56,9,2,0,0,0,0,0,5,4,E01033281,5,1,1.0,0.0,-1,6,60,8,1,2,09:55,7,2,5
2023451325129,2023,451325129,1,1,1,1,19,4,3,0,0,0,0,0,97,9,E01030358,3,1,0.0,1.0,-1,6,30,1,1,1,08:04,2,2,97
2023041301266,2023,041301266,1,1,3,1,59,9,2,8,7,0,0,0,0,9,E01025254,7,1,1.0,0.0,-1,6,30,1,1,1,18:55,5,1,9
2023010422310,2023,010422310,2,1,1,1,36,7,3,0,0,0,0,0,3,2,E01000078,-1,0,0.0,1.0,-1,6,30,1,1,1,14:10,5,2,3
2023201405842,2023,201405842,1,1,1,1,18,4,3,0,0,0,0,0,9,6,E01010011,3,1,0.0,1.0,-1,3,30,1,4,1,04:30,7,2,9
2023421325778,2023,421325778,2,1,1,2,38,7,3,0,0,0,0,0,9,9,E01015815,3,1,0.0,1.0,-1,6,30,1,1,1,19:45,5,2,9
2023522300970,2023,522300970,1,1,1,1,32,6,3,0,0,0,0,0,9,3,E01014566,-1,0,0.00714,0.99286,-1,6,40,1,1,1,16:35,5,2,9
2023010465904,2023,010465904,1,1,1,2,32,6,3,0,0,0,0,0,9,8,E01002174,-1,0,0.0,1.0,-1,6,30,1,1,1,13:00,5,3,9
2023201309133,2023,201309133,2,2,2,2,49,8,3,0,0,1,0,0,9,2,E01010020,3,1,0.0,1.0,-1,6,30,1,1,1,16:39,7,3,9
2023471352286,2023,471352286,2,1,1,1,57,9,3,0,0,0,0,0,9,10,E01031713,3,1,0.0,1.0,-1,6,30,1,1,1,16:58,4,2,9
2023031337996,2023,031337996,1,1,2,2,44,7,2,0,0,1,0,0,9,10,E01007958,5,1,1.0,0.0,-1,6,60,2,6,2,21:01,5,1,9
2023052301234,2023,052301234,2,7,2,2,18,4,2,0,0,1,0,0,9,4,E01007231,-1,0,1.0,0.0,-1,6,30,1,4,1,21:51,1,2,9
2023201296675,2023,201296675,1,1,2,2,37,7,3,0,0,1,0,0,9,2,E01010311,3,1,0.0,1.0,-1,6,30,2,7,2,22:00,2,1,9
2023201413497,2023,201413497,1,2,2,2,15,3,3,0,0,1,0,0,9,8,E01025861,3,1,0.0,1.0,-1,6,30,8,1,1,15:54,7,2,9
2023221289059,2023,221289059,2,3,2,1,6,2,3,0,0,2,0,0,9,5,E01014032,3,1,0.0,1.0,-1,6,30,1,1,1,08:40,5,2,9
2023122301396,2023,122301396,1,1,3,2,11,3,3,10,9,0,0,0,0,3,E01027846,-1,0,0.10295,0.89705,-1,6,30,8,1,4,15:16,6,1,9
2023211348422,2023,211348422,2,2,3,1,27,6,3,4,1,0,0,-1,0,-1,-1,3,1,0.0,1.0,-1,2,30,1,1,1,11:02,2,2,9
2023010419304,2023,010419304,2,1,1,1,25,5,3,0,0,0,0,0,3,3,E01003596,-1,0,0.0,1.0,-1,6,30,1,4,1,06:46,2,2,3
2023471322760,2023,471322760,2,1,1,1,25,5,3,0,0,0,0,0,5,7,E01021164,3,1,0.0,1.0,-1,6,40,1,1,1,17:10,5,2,5
2023201267303,2023,201267303,1,1,3,2,11,3,3,10,9,0,0,0,0,1,E01008909,3,1,0.0,1.0,-1,6,30,1,1,1,15:10,5,1,9
2023522300921,2023,522300921,2,1,1,1,19,4,2,0,0,0,0,0,-1,4,E01023204,-1,0,1.0,0.0,-1,2,20,1,4,1,23:43,7,2,-1
2023351351532,2023,351351532,1,1,3,2,35,6,3,6,9,0,0,0,0,10,E01027565,3,1,0.0,1.0,-1,6,20,1,1,1,13:50,7,1,9
2023421284947,2023,421284947,2,1,1,1,19,4,3,0,0,0,0,0,3,8,E01021537,3,1,0.0,1.0,-1,6,30,1,4,4,16:25,3,2,3
2023552300553,2023,552300553,2,2,1,1,55,8,3,0,0,0,0,0,9,7,E01020509,-1,0,0.05289,0.94711,-1,6,60,1,1,1,15:40,4,2,9
2023552301328,2023,552301328,1,2,2,2,17,4,3,0,0,1,0,0,9,5,E01022996,-1,0,0.08274,0.91726,-1,6,60,1,6,2,20:11,3,1,9
2023421346341,2023,421346341,2,2,1,1,23,5,3,0,0,0,0,0,19,1,E01021271,3,1,0.0,1.0,-1,3,70,1,1,1,10:11,3,2,19
2023061323836,2023,061323836,2,1,1,1,41,7,3,0,0,0,0,0,98,1,E01005665,3,1,0.0,1.0,-1,6,30,1,1,-1,11:00,6,2,98
2023010427947,2023,010427947,1,1,1,1,22,5,3,0,0,0,0,0,3,4,E01003129,-1,0,0.0,1.0,-1,6,20,1,4,1,01:45,1,2,3
2023010468055,2023,010468055,1,1,1,2,30,6,3,0,0,0,0,0,9,6,E01004530,-1,0,0.0,1.0,-1,6,20,1,4,1,21:30,1,2,9
2023061274659,2023,061274659,2,2,2,2,5,1,3,0,0,2,0,0,9,1,E01005061,3,1,0.0,1.0,-1,6,20,1,1,1,15:00,7,2,9
2023211327404,2023,211327404,1,1,2,2,24,5,2,0,0,2,0,0,9,3,E01029691,7,1,1.0,0.0,-1,3,30,1,4,1,05:25,1,1,9
2023311266325,2023,311266325,1,1,1,2,38,7,2,0,0,0,0,0,19,8,E01027973,7,1,1.0,0.0,-1,6,40,8,1,4,12:16,7,2,19
2023141352587,2023,141352587,2,2,2,2,57,9,3,0,0,1,0,0,9,-1,-1,3,1,0.0,1.0,-1,6,30,1,4,1,18:04,5,2,9
2023371296845,2023,371296845,2,1,1,2,28,6,3,0,0,0,0,0,9,9,E01033045,3,1,0.0,1.0,-1,6,60,1,1,1,07:14,5,3,9
2023421340592,2023,421340592,2,3,2,1,3,1,3,0,0,2,0,0,9,-1,-1,3,1,0.0,1.0,-1,9,20,1,1,1,15:35,2,2,9
2023131268703,2023,131268703,2,1,1,2,31,6,2,0,0,0,0,0,9,8,E01010905,6,1,1.0,0.0,-1,6,30,8,1,2,08:50,6,2,9
2023411282671,2023,411282671,2,1,2,2,36,7,3,0,0,1,0,0,9,3,E01023954,3,1,0.0,1.0,-1,3,30,1,1,1,12:32,7,2,9
2023411325319,2023,411325319,2,1,1,2,75,10,3,0,0,0,0,0,9,9,E01023299,3,1,0.0,1.0,-1,6,30,1,1,1,08:24,3,1,9
2023461373843,2023,461373843,1,2,2,2,23,5,3,0,0,1,0,0,9,1,E01024667,3,1,0.0,1.0,-1,6,30,1,1,2,08:51,2,2,9
2023522400199,2023,522400199,1,1,1,2,53,8,3,0,0,0,0,0,1,2,E01014565,-1,0,0.05334,0.94666,-1,6,20,1,4,1,23:50,6,2,1
2023101272528,2023,101272528,2,1,1,1,25,5,3,0,0,0,0,0,1,-1,-1,3,1,0.0,1.0,-1,6,20,1,4,1,18:10,5,2,1
2023371308598,2023,371308598,2,1,1,1,47,8,1,0,0,0,0,0,1,7,E01030207,1,1,0.0,0.0,-1,6,60,1,1,1,19:05,4,3,1
2023311324865,2023,311324865,1,1,1,2,80,11,3,0,0,0,0,0,9,7,E01019435,3,1,0.0,1.0,-1,6,20,1,4,1,00:22,1,2,9
2023531317370,2023,531317370,1,4,2,1,16,4,3,0,0,2,0,0,9,5,E01022448,3,1,0.0,1.0,-1,1,40,1,1,1,16:10,1,2,9
2023320168940,2023,320168940,1,1,1,1,43,7,3,0,0,0,0,0,21,7,E01026267,-1,0,0.07296,0.92704,-1,6,60,2,1,2,08:00,2,2,21
2023141315694,2023,141315694,1,1,1,1,16,4,2,0,0,0,0,0,23,2,E01007541,7,1,1.0,0.0,-1,6,30,1,1,1,15:35,3,3,23
2023010466212,2023,010466212,1,1,1,1,31,6,3,0,0,0,0,0,3,5,E01001038,-1,0,0.0,1.0,-1,9,30,1,1,1,16:40,4,2,3
2023631346141,2023,631346141,2,4,2,1,18,4,3,0,0,0,0,0,19,9,W01000203,3,1,0.0,1.0,-1,6,60,1,1,1,07:08,2,2,19
2023010474363,2023,010474363,1,1,1,1,58,9,3,0,0,0,0,0,1,9,E01000775,-1,0,0.0,1.0,-1,6,30,1,1,1,08:15,2,2,1
2023010481390,2023,010481390,1,1,1,1,35,6,3,0,0,0,0,0,1,9,E01000894,-1,0,0.0,1.0,-1,6,20,1,4,1,18:45,5,2,1
2023221357976,2023,221357976,1,1,1,1,17,4,3,0,0,0,0,0,1,9,E01028932,3,1,0.0,1.0,-1,6,30,1,1,1,11:20,3,2,1
2023610005923,2023,610005923,1,4,2,1,14,3,3,0,0,2,0,0,8,1,W01001661,-1,0,0.10962,0.89038,-1,3,50,1,4,1,21:35,1,2,8
2023411318156,2023,411318156,1,1,2,2,49,8,3,0,0,1,0,0,9,7,E01023886,3,1,0.0,1.0,-1,1,40,1,1,1,15:30,2,2,9
2023371329593,2023,371329593,2,2,1,1,21,5,3,0,0,0,0,0,9,7,E01029875,3,1,0.0,1.0,-1,6,40,2,1,2,17:07,6,2,9
2023161309529,2023,161309529,2,1,1,1,12,3,2,0,0,0,0,0,1,9,E01013015,7,1,1.0,0.0,-1,6,30,1,1,1,12:12,7,2,1
2023031261711,2023,031261711,1,1,3,1,73,10,3,5,1,0,0,0,0,-1,-1,3,1,0.0,1.0,-1,6,30,2,5,2,17:30,3,1,19
2023041309392,2023,041309392,1,1,3,1,7,2,3,10,9,0,0,0,0,2,E01012580,3,1,0.0,1.0,-1,6,30,1,1,1,17:27,6,1,9
2023552300376,2023,552300376,1,1,3,2,15,3,3,5,3,0,0,0,0,5,E01015374,-1,0,0.08943,0.91057,-1,6,40,1,1,1,16:57,3,1,9
2023070274041,2023,070274041,2,1,1,1,29,6,1,0,0,0,0,0,2,1,E01018445,-1,0,0.0,0.0,-1,6,60,1,6,2,23:15,6,2,2
2023101366170,2023,101366170,1,1,1,2,56,9,2,0,0,0,0,0,5,5,E01008686,6,1,1.0,0.0,-1,6,60,1,1,1,15:28,2,2,5
2023041280282,2023,041280282,2,2,2,1,43,7,3,0,0,1,0,0,9,2,E01025285,3,1,0.0,1.0,-1,6,30,1,1,1,16:15,6,2,9
2023052301429,2023,052301429,2,1,1,2,56,9,3,0,0,0,0,0,9,6,E01007194,-1,0,0.04415,0.95585,-1,6,30,1,1,1,18:35,5,2,9
2023061298203,2023,061298203,2,1,1,2,29,6,3,0,0,0,0,0,9,4,E01005073,3,1,0.0,1.0,-1,3,30,8,1,1,13:40,5,2,9
2023070330983,2023,070330983,1,1,1,2,59,9,3,0,0,0,0,0,9,9,E01012490,-1,0,0.04274,0.95726,-1,6,30,8,1,1,19:55,4,2,9
2023131392428,2023,131392428,1,1,1,1,50,8,3,0,0,0,0,0,9,5,E01031309,3,1,0.0,1.0,-1,3,70,2,1,2,09:25,4,1,9
2023201339726,2023,201339726,1,1,1,1,46,8,3,0,0,0,0,0,9,5,E01016580,3,1,0.0,1.0,-1,6,30,1,1,1,09:48,4,2,9
2023471368274,2023,471368274,1,1,1,2,40,7,3,0,0,0,0,0,9,2,E01016978,3,1,0.0,1.0,-1,6,30,5,4,2,17:50,1,2,9
2023421352351,2023,421352351,2,4,2,1,25,5,3,0,0,0,0,0,19,4,E01021822,3,1,0.0,1.0,-1,6,30,1,1,1,07:33,5,2,19
2023531351453,2023,531351453,1,1,2,1,32,6,3,0,0,0,0,0,19,9,E01022212,3,1,0.0,1.0,-1,6,30,1,4,1,20:34,2,2,19
2023411342694,2023,411342694,1,1,3,1,22,5,2,10,9,0,0,0,0,7,E01023527,7,1,1.0,0.0,-1,9,20,1,1,1,14:00,5,2,9
2023141311866,2023,141311866,1,1,2,2,-1,-1,2,0,0,1,0,0,9,2,E01007593,7,1,1.0,0.0,-1,3,40,1,1,1,14:20,6,2,9
2023991369177,2023,991369177,1,2,2,1,19,4,2,0,0,1,0,0,9,5,-1,7,1,1.0,0.0,-1,6,60,1,6,2,22:13,3,1,9
2023122300452,2023,122300452,1,1,1,1,49,8,3,0,0,0,0,0,90,6,E01027573,-1,0,0.1662,0.8338,-1,6,30,1,4,1,20:31,5,1,90
2023421371912,2023,421371912,2,1,1,1,28,6,2,0,0,0,0,0,4,7,E01021344,7,1,1.0,0.0,-1,1,50,1,1,1,08:30,6,2,4