collision_index,collision_year,collision_ref_no,vehicle_reference,casualty_reference,casualty_class,sex_of_casualty,age_of_casualty,age_band_of_casualty,casualty_severity,pedestrian_location,pedestrian_movement,car_passenger,bus_or_coach_passenger,pedestrian_road_maintenance_worker,casualty_type,casualty_imd_decile,lsoa_of_casualty,enhanced_casualty_severity,casualty_injury_based,casualty_adjusted_severity_serious,casualty_adjusted_severity_slight,casualty_distance_banding,road_type,speed_limit,weather_conditions,light_conditions,road_surface_conditions,time,day_of_week,number_of_vehicles,vehicle_type
2023201332482,2023,201332482,2,4,2,2,43,7,3,0,0,1,0,0,9,-1,-1,3,1,0.0,1.0,-1,6,30,2,1,2,18:10,7,2,9
2023991335404,2023,991335404,2,2,2,2,23,5,3,0,0,1,0,0,9,7,-1,3,1,0.0,1.0,-1,6,60,2,4,2,22:20,7,3,9
2023461322783,2023,461322783,2,2,2,1,40,7,3,0,0,0,0,0,19,3,E01016173,3,1,0.0,1.0,-1,6,30,1,1,1,10:49,5,2,19
2023401274725,2023,401274725,2,1,1,1,13,3,3,0,0,0,0,0,-1,3,E01015757,3,1,0.0,1.0,-1,3,30,1,4,1,19:27,6,2,-1
2023991373798,2023,991373798,2,1,1,2,38,7,3,0,0,0,0,0,1,-1,-1,3,1,0.0,1.0,-1,6,20,8,1,1,08:30,6,2,1
2023010428008,2023,010428008,1,1,1,1,66,10,2,0,0,0,0,0,9,2,E01004537,-1,0,1.0,0.0,-1,7,20,1,1,1,10:30,7,2,9
2023010446106,2023,010446106,1,1,1,2,29,6,3,0,0,0,0,0,9,9,E01004053,-1,0,0.0,1.0,-1,6,20,1,1,1,17:20,3,2,9
2023311322110,2023,311322110,1,1,1,1,45,7,3,0,0,0,0,0,9,4,E01027960,3,1,0.0,1.0,-1,6,30,1,1,1,19:18,6,2,9
2023430293981,2023,430293981,1,1,1,2,33,6,3,0,0,0,0,0,9,6,E01016473,-1,0,0.00416,0.99584,-1,6,30,1,1,1,08:15,2,2,9
2023440410200,2023,440410200,2,3,1,2,32,6,3,0,0,0,0,0,19,9,E01022565,-1,0,0.03721,0.96279,-1,3,60,1,1,1,11:20,7,4,19
2023320065945,2023,320065945,1,1,3,2,69,10,3,10,9,0,0,0,0,5,E01026264,-1,0,0.23242,0.76758,-1,6,30,1,1,1,11:03,4,1,9
2023010425188,2023,010425188,2,1,1,1,28,6,2,0,0,0,0,0,3,10,E01003859,-1,0,1.0,0.0,-1,6,20,1,1,1,15:40,6,2,3
2023010465141,2023,010465141,1,1,1,1,23,5,3,0,0,0,0,0,3,3,E01003485,-1,0,0.0,1.0,-1,6,30,1,1,1,14:35,1,3,3
2023010424050,2023,010424050,1,1,1,1,36,7,3,0,0,0,0,0,9,6,E01023539,-1,0,0.0,1.0,-1,6,30,1,4,1,17:20,7,2,9
2023070382973,2023,070382973,1,2,2,2,48,8,2,0,0,1,0,0,9,7,E01029612,-1,0,1.0,0.0,-1,3,30,1,1,1,13:04,7,3,9
2023131302448,2023,131302448,1,4,2,2,51,8,3,0,0,1,0,0,9,2,E01033689,3,1,0.0,1.0,-1,3,60,1,1,1,12:59,1,2,9
2023461289685,2023,461289685,2,1,1,1,63,9,3,0,0,0,0,0,9,7,E01021007,3,1,0.0,1.0,-1,6,60,1,1,1,12:52,3,3,9
2023101318582,2023,101318582,2,1,1,2,61,9,3,0,0,0,0,0,22,3,E01027396,3,1,0.0,1.0,-1,6,30,1,1,1,11:35,2,2,22
2023010433023,2023,010433023,1,1,2,1,-1,-1,3,0,0,2,0,0,9,2,E01001486,-1,0,0.0,1.0,-1,3,30,1,4,1,19:00,7,2,9
2023031288222,2023,031288222,1,2,2,2,7,2,3,0,0,1,0,0,9,-1,-1,3,1,0.0,1.0,-1,6,30,1,1,2,16:40,7,3,9
2023991391431,2023,991391431,1,1,1,2,32,6,3,0,0,0,0,0,1,3,-1,3,1,0.0,1.0,-1,6,20,1,1,1,10:26,6,2,1
2023430079195,2023,430079195,2,2,2,1,30,6,3,0,0,2,0,0,8,-1,-1,-1,0,0.00823,0.99177,-1,6,50,1,1,1,10:30,1,2,8
2023101277660,2023,101277660,2,1,1,2,32,6,3,0,0,0,0,0,9,4,E01008880,3,1,0.0,1.0,-1,1,70,1,1,1,08:00,4,2,9
2023122300419,2023,122300419,2,2,1,1,81,11,2,0,0,0,0,0,9,8,E01027631,-1,0,1.0,0.0,-1,6,60,4,1,1,15:06,5,2,9
2023010464940,2023,010464940,1,1,3,1,2,1,3,5,2,0,0,0,0,7,E01009550,-1,0,0.0,1.0,-1,2,20,1,1,1,12:19,7,1,9
2023010481317,2023,010481317,2,2,2,2,39,7,3,0,0,1,0,0,9,1,E01002074,-1,0,0.0,1.0,-1,6,30,1,1,1,13:36,6,3,9
2023041279401,2023,041279401,2,2,2,1,18,4,2,0,0,1,0,0,9,2,E01025471,7,1,1.0,0.0,-1,6,30,1,4,2,01:45,7,2,9
2023421293323,2023,421293323,2,3,1,1,39,7,3,0,0,0,0,0,9,7,E01002366,3,1,0.0,1.0,-1,3,70,1,1,1,15:18,2,2,9
2023501307169,2023,501307169,1,1,1,1,39,7,3,0,0,0,0,0,9,4,E01018863,3,1,0.0,1.0,-1,6,60,1,6,1,00:30,1,1,9
2023549957223,2023,549957223,1,1,2,1,17,4,3,0,0,1,0,0,9,5,E01032698,-1,0,0.06803,0.93197,-1,6,60,1,6,1,22:05,3,1,9
2023161305262,2023,161305262,2,1,1,1,12,3,3,0,0,0,0,0,1,-1,-1,3,1,0.0,1.0,-1,6,20,1,1,1,18:00,5,2,1
2023010420170,2023,010420170,2,1,1,1,29,6,3,0,0,0,0,0,5,2,E01002080,-1,0,0.0,1.0,-1,3,30,1,4,2,19:35,7,2,5
2023501355028,2023,501355028,1,1,1,1,58,9,3,0,0,0,0,0,19,-1,-1,3,1,0.0,1.0,-1,3,70,1,1,1,15:44,2,2,19
2023010462508,2023,010462508,1,1,1,1,32,6,3,0,0,0,0,0,9,2,E01003046,-1,0,0.0,1.0,-1,2,20,1,1,1,12:21,7,6,9
2023010473074,2023,010473074,1,2,2,2,13,3,3,0,0,1,0,0,9,2,E01001339,-1,0,0.0,1.0,-1,6,20,2,1,2,08:02,6,2,9
2023141331507,2023,141331507,1,1,1,2,17,4,3,0,0,0,0,0,9,1,E01007466,3,1,0.0,1.0,-1,6,30,1,4,1,19:15,6,2,9
2023471337805,2023,471337805,1,1,3,1,41,7,2,6,9,0,0,0,0,8,E01017002,5,1,1.0,0.0,-1,6,20,1,1,1,17:30,1,1,1
2023552400086,2023,552400086,1,1,3,1,28,6,2,6,9,0,0,0,0,9,E01020558,-1,0,1.0,0.0,-1,6,60,2,6,2,06:28,1,1,9
2023010448418,2023,010448418,2,1,1,1,27,6,3,0,0,0,0,0,9,1,E01001562,-1,0,0.0,1.0,-1,3,20,1,1,1,18:12,1,2,9
2023041380482,2023,041380482,1,1,2,2,14,3,3,0,0,1,0,0,9,9,E01012583,3,1,0.0,1.0,-1,6,60,1,1,4,08:57,4,4,9
2023351308332,2023,351308332,1,1,1,1,36,7,3,0,0,0,0,0,9,4,E01015622,3,1,0.0,1.0,-1,6,40,2,1,2,17:55,3,2,9
2023440021410,2023,440021410,1,1,1,1,69,10,3,0,0,0,0,0,9,9,W01000777,-1,0,0.14161,0.85839,-1,3,70,1,6,1,05:52,3,2,9
2023061343499,2023,061343499,1,1,3,1,20,4,1,9,9,0,0,0,0,-1,-1,1,1,0.0,0.0,-1,6,30,2,4,2,22:10,6,2,9
2023141342465,2023,141342465,2,1,1,1,21,5,3,0,0,0,0,0,1,-1,-1,3,1,0.0,1.0,-1,6,30,1,1,1,18:10,4,2,1
2023010449688,2023,010449688,1,1,1,1,19,4,3,0,0,0,0,0,3,2,E01000901,-1,0,0.0,1.0,-1,2,20,1,1,1,15:15,7,2,3
2023010471238,2023,010471238,1,1,2,2,63,9,3,0,0,0,3,0,11,7,E01019765,-1,0,0.0,1.0,-1,6,20,1,1,1,17:07,3,1,11
2023141360805,2023,141360805,5,3,1,1,78,11,3,0,0,0,0,0,9,2,E01007405,3,1,0.0,1.0,-1,3,70,1,1,1,14:30,5,5,9
2023201402160,2023,201402160,2,1,1,1,59,9,3,0,0,0,0,0,9,9,E01009692,3,1,0.0,1.0,-1,6,30,1,1,2,07:19,2,2,9
2023371291587,2023,371291587,2,1,1,2,26,6,2,0,0,0,0,0,9,4,E01030028,7,1,1.0,0.0,-1,7,70,1,1,1,07:24,4,2,9
2023401325797,2023,401325797,2,1,1,1,34,6,3,0,0,0,0,0,9,2,E01003599,3,1,0.0,1.0,-1,7,70,1,1,1,14:40,1,2,9
2023010419270,2023,010419270,1,1,1,1,58,9,3,0,0,0,0,0,9,2,E01001703,-1,0,0.0,1.0,-1,3,20,2,4,2,18:50,1,2,9
2023351388133,2023,351388133,1,1,1,2,43,7,3,0,0,0,0,0,9,6,E01030150,3,1,0.0,1.0,-1,6,30,8,1,2,07:43,5,2,9
2023401362423,2023,401362423,2,2,1,1,24,5,3,0,0,0,0,0,9,4,E01015782,3,1,0.0,1.0,-1,6,30,7,1,2,07:45,3,2,9
2023440295301,2023,440295301,1,1,2,1,7,2,3,0,0,2,0,0,9,6,E01017214,-1,0,0.04855,0.95145,-1,6,30,2,1,2,16:30,7,2,9
2023991346147,2023,991346147,2,2,2,2,19,4,3,0,0,1,0,0,9,-1,-1,3,1,0.0,1.0,-1,6,30,2,1,2,15:35,6,4,9
2023131375906,2023,131375906,2,2,1,1,37,7,3,0,0,0,0,0,9,3,E01010986,3,1,0.0,1.0,-1,6,30,1,4,1,19:57,6,2,9
2023440244338,2023,440244338,2,1,2,2,25,5,3,0,0,1,0,0,9,-1,-1,-1,0,0.07476,0.92524,-1,6,50,1,1,1,19:26,2,2,9
2023440305357,2023,440305357,2,3,2,2,59,9,3,0,0,1,0,0,9,10,E01023565,-1,0,0.08731,0.91269,-1,6,50,1,1,1,14:35,7,2,9
2023430365808,2023,430365808,1,1,2,1,9,2,3,0,0,2,0,0,9,-1,-1,-1,0,0.05446,0.94554,-1,6,60,1,1,1,08:11,4,2,9
2023440319992,2023,440319992,1,1,1,1,30,6,3,0,0,0,0,0,9,9,E01022610,-1,0,0.03344,0.96656,-1,3,70,4,6,1,22:46,3,6,9
2023471266483,2023,471266483,1,1,1,1,39,7,3,0,0,0,0,0,4,4,E01016986,3,1,0.0,1.0,-1,6,40,1,4,1,17:25,7,1,4
2023131266162,2023,131266162,1,1,3,1,15,3,3,5,1,0,0,-1,0,1,E01010739,3,1,0.0,1.0,-1,6,30,1,1,2,16:27,6,1,9
2023161337071,2023,161337071,1,1,1,1,46,8,3,0,0,0,0,0,19,6,E01012822,3,1,0.0,1.0,-1,6,30,2,4,2,23:45,1,1,19
2023440267372,2023,440267372,1,1,1,1,25,5,2,0,0,0,0,0,1,4,E01022988,-1,0,1.0,0.0,-1,6,30,1,1,1,20:15,7,1,1
2023471313442,2023,471313442,2,1,1,1,22,5,2,0,0,0,0,0,4,10,E01031645,6,1,1.0,0.0,-1,6,30,1,1,1,09:42,3,2,4
2023461305124,2023,461305124,2,2,2,2,52,8,3,0,0,1,0,0,9,9,E01024112,3,1,0.0,1.0,-1,1,30,1,1,1,14:15,5,2,9
2023010465462,2023,010465462,1,1,2,2,9,2,3,0,0,0,4,0,11,1,E01004222,-1,0,0.0,1.0,-1,6,20,1,1,1,08:57,3,2,11
2023101332076,2023,101332076,1,1,3,2,20,4,2,4,9,0,0,0,0,7,E01008877,6,1,1.0,0.0,-1,6,30,2,4,2,02:25,7,1,8
2023201408580,2023,201408580,1,1,3,2,25,5,2,5,1,0,0,2,0,1,E01010103,7,1,1.0,0.0,-1,6,30,1,1,1,06:57,2,1,9
2023361391627,2023,361391627,1,1,3,2,39,7,3,10,9,0,0,0,0,9,E01026422,3,1,0.0,1.0,-1,6,30,1,1,2,10:15,2,2,9
2023430069817,2023,430069817,1,1,3,2,36,7,3,1,1,0,0,0,0,5,E01017699,-1,0,0.17311,0.82689,-1,1,30,1,4,1,22:01,3,1,9
2023991338952,2023,991338952,1,1,3,1,20,4,3,6,9,0,0,2,0,8,-1,3,1,0.0,1.0,-1,6,20,1,1,1,15:15,5,1,9
2023052300991,2023,052300991,1,2,2,2,12,3,3,0,0,0,0,0,9,2,E01006948,-1,0,0.03679,0.96321,-1,6,30,1,1,1,14:40,2,2,9
2023201302774,2023,201302774,1,4,2,2,28,6,3,0,0,2,0,0,9,1,E01009081,3,1,0.0,1.0,-1,3,30,2,4,2,21:10,4,2,9
2023302300421,2023,302300421,5,1,1,1,32,6,3,0,0,0,0,0,19,1,E01007634,-1,0,0.05883,0.94117,-1,3,70,2,1,2,15:10,2,7,19
2023411388621,2023,411388621,1,1,3,1,35,6,2,5,3,0,0,0,0,10,E01023824,7,1,1.0,0.0,-1,6,30,1,4,2,01:15,7,1,9
2023471291101,2023,471291101,1,1,1,1,21,5,3,0,0,0,0,0,9,7,E01016929,3,1,0.0,1.0,-1,6,30,1,4,1,23:30,2,3,9
2023991379216,2023,991379216,1,2,1,1,42,7,3,0,0,0,0,0,9,2,-1,3,1,0.0,1.0,-1,6,60,2,6,2,18:05,1,1,9
202363C017823,2023,63C017823,1,3,3,2,29,6,3,9,7,0,0,0,0,4,W01000646,-1,0,0.15324,0.84676,-1,6,60,1,1,1,17:30,7,2,9
2023522400879,2023,522400879,1,1,1,1,31,6,3,0,0,0,0,0,1,5,E01014524,-1,0,0.12278,0.87722,-1,6,20,9,4,1,20:55,6,2,1
2023201298684,2023,201298684,1,1,1,1,32,6,3,0,0,0,0,0,9,4,E01009313,3,1,0.0,1.0,-1,6,30,1,1,1,12:24,1,4,9
2023371378459,2023,371378459,3,1,1,2,34,6,3,0,0,0,0,0,9,1,E01030018,3,1,0.0,1.0,-1,6,30,1,4,1,19:48,3,3,9
2023991309739,2023,991309739,1,5,2,1,65,9,2,0,0,0,4,0,11,-1,-1,7,1,1.0,0.0,-1,6,30,1,1,1,11:37,1,1,11
2023201367656,2023,201367656,2,1,1,1,42,7,2,0,0,0,0,0,1,-1,-1,6,1,1.0,0.0,-1,1,30,1,4,1,19:00,7,2,1
2023141354155,2023,141354155,2,1,1,2,49,8,2,0,0,0,0,0,9,7,E01019802,5,1,1.0,0.0,-1,1,30,1,4,1,19:40,3,2,9
2023361312530,2023,361312530,2,2,1,2,26,6,3,0,0,0,0,0,9,4,E01026458,3,1,0.0,1.0,-1,6,60,1,1,1,11:59,2,3,9
2023991303617,2023,991303617,2,8,2,2,44,7,3,0,0,0,4,0,11,8,-1,3,1,0.0,1.0,-1,3,70,1,1,1,13:50,2,2,11
2023451323332,2023,451323332,1,1,3,1,26,6,2,8,3,0,0,0,0,8,E01030659,7,1,1.0,0.0,-1,6,30,1,1,1,15:15,3,1,19
2023010450387,2023,010450387,2,1,1,1,50,8,2,0,0,0,0,0,1,7,E01021742,-1,0,1.0,0.0,-1,6,30,1,1,1,16:51,3,2,1
2023340NN1992,2023,340NN1992,1,1,1,1,56,9,2,0,0,0,0,0,3,3,E01026959,-1,0,1.0,0.0,-1,6,60,1,1,1,17:03,5,2,3
2023401351213,2023,401351213,2,1,1,1,62,9,3,0,0,0,0,0,3,6,E01023396,3,1,0.0,1.0,-1,1,60,1,4,1,23:34,5,2,3
2023201277810,2023,201277810,1,1,2,1,22,5,3,0,0,1,0,0,9,3,E01010055,3,1,0.0,1.0,-1,6,30,1,1,1,13:31,7,1,9
2023332300270,2023,332300270,1,3,2,1,21,5,2,0,0,2,0,0,9,5,E01032495,-1,0,1.0,0.0,-1,6,60,1,1,1,12:00,7,1,9
2023471301336,2023,471301336,1,1,1,2,63,9,3,0,0,0,0,0,9,6,E01021110,3,1,0.0,1.0,-1,6,40,1,1,1,14:45,4,3,9
2023531302406,2023,531302406,1,1,2,1,19,4,3,0,0,1,0,0,9,7,E01030458,3,1,0.0,1.0,-1,6,50,1,4,1,01:15,3,1,9
2023501327333,2023,501327333,1,2,3,1,30,6,2,6,9,0,0,-1,0,6,E01020244,5,1,1.0,0.0,-1,6,30,1,1,1,14:26,7,1,19
2023161362434,2023,161362434,2,1,1,1,28,6,3,0,0,0,0,0,1,3,E01013164,3,1,0.0,1.0,-1,6,30,1,1,1,15:47,3,2,1
2023430024147,2023,430024147,1,1,1,1,17,4,3,0,0,0,0,0,4,3,E01002589,-1,0,0.16547,0.83453,-1,6,50,1,1,4,08:32,3,1,4
2023332301280,2023,332301280,1,1,1,1,44,7,3,0,0,0,0,0,8,1,E01013723,-1,0,0.02645,0.97355,-1,6,30,1,4,1,22:21,1,2,8
2023201372371,2023,201372371,2,1,1,2,36,7,3,0,0,0,0,0,9,2,E01010411,3,1,0.0,1.0,-1,3,30,1,1,1,18:00,3,2,9
2023421339384,2023,421339384,2,1,1,2,34,6,3,0,0,0,0,0,9,6,E01021353,3,1,0.0,1.0,-1,6,60,1,1,1,08:10,3,2,9
2023010452320,2023,010452320,1,1,1,1,58,9,3,0,0,0,0,0,8,1,E01003963,-1,0,0.0,1.0,-1,6,30,1,4,1,01:43,6,2,8
2023440034593,2023,440034593,1,1,1,1,31,6,3,0,0,0,0,0,9,6,E01032748,-1,0,0.02391,0.97609,-1,6,20,1,1,1,09:37,5,2,9
2023451390832,2023,451390832,2,2,1,1,19,4,3,0,0,0,0,0,9,10,E01030442,3,1,0.0,1.0,-1,6,20,1,1,1,15:30,4,2,9
2023471380112,2023,471380112,1,1,1,1,65,9,3,0,0,0,0,0,9,2,E01020990,3,1,0.0,1.0,-1,6,30,1,1,1,14:15,3,2,9
2023501338721,2023,501338721,2,1,2,2,23,5,3,0,0,1,0,0,9,10,E01019894,3,1,0.0,1.0,-1,6,60,1,1,1,17:20,1,2,9
2023371388433,2023,371388433,1,1,3,1,18,4,3,5,1,0,0,0,0,8,E01029997,3,1,0.0,1.0,-1,6,30,2,4,2,17:35,4,1,9
2023010421913,2023,010421913,1,1,3,1,9,2,2,5,3,0,0,0,0,2,E01002638,-1,0,1.0,0.0,-1,6,30,1,1,1,15:44,3,1,9
2023010435739,2023,010435739,1,2,3,1,20,4,3,5,2,0,0,0,0,5,E01002613,-1,0,0.0,1.0,-1,6,20,1,1,1,17:00,2,1,3
2023010456860,2023,010456860,1,1,1,1,47,8,3,0,0,0,0,0,9,9,E01002107,-1,0,0.0,1.0,-1,6,30,1,1,1,18:30,1,2,9
2023340NN4462,2023,340NN4462,1,1,1,1,34,6,2,0,0,0,0,0,9,7,E01032967,-1,0,1.0,0.0,-1,6,40,1,6,1,16:30,7,2,9
2023471349134,2023,471349134,2,1,1,1,44,7,3,0,0,0,0,0,9,4,E01020916,3,1,0.0,1.0,-1,6,30,1,1,1,13:30,2,2,9
2023010450086,2023,010450086,2,1,1,1,30,6,3,0,0,0,0,0,1,4,E01003231,-1,0,0.0,1.0,-1,6,30,1,1,1,08:45,2,2,1
2023461367315,2023,461367315,1,1,1,1,-1,-1,3,0,0,0,0,0,5,-1,-1,3,1,0.0,1.0,-1,6,60,1,1,1,17:50,1,2,5
2023421323232,2023,421323232,1,1,3,2,49,8,2,4,1,0,0,0,0,7,E01022020,7,1,1.0,0.0,-1,2,20,1,1,1,12:59,3,1,21
2023161278109,2023,161278109,1,1,2,2,80,11,2,0,0,1,0,0,9,9,E01013172,6,1,1.0,0.0,-1,6,30,1,1,1,11:33,1,2,9
2023991343120,2023,991343120,1,1,1,1,56,9,3,0,0,0,0,0,9,1,-1,3,1,0.0,1.0,-1,6,30,1,1,1,09:30,6,2,9
2023461374669,2023,461374669,1,1,1,1,61,9,3,0,0,0,0,0,19,5,E01024588,3,1,0.0,1.0,-1,6,60,2,1,2,11:43,7,2,19
2023421348286,2023,421348286,1,1,3,2,16,4,3,4,4,0,0,2,0,2,E01021327,3,1,0.0,1.0,-1,6,30,1,1,1,07:55,2,2,9
2023531389184,2023,531389184,1,1,1,1,26,6,3,0,0,0,0,0,3,7,E01022355,3,1,0.0,1.0,-1,6,30,1,1,1,15:55,5,2,3
2023351334377,2023,351334377,1,2,2,1,15,3,2,0,0,2,0,0,9,3,E01024372,7,1,1.0,0.0,-1,6,60,1,6,1,01:17,3,1,9
202360A085919,2023,60A085919,2,1,1,1,39,7,3,0,0,0,0,0,1,-1,-1,-1,0,0.22574,0.77426,-1,6,60,1,1,1,13:45,2,2,1
2023010480615,2023,010480615,1,1,1,1,28,6,3,0,0,0,0,0,3,2,E01003093,-1,0,0.0,1.0,-1,6,30,1,1,1,10:20,1,2,3
2023041340533,2023,041340533,1,1,1,1,51,8,3,0,0,0,0,0,9,9,E01025436,3,1,0.0,1.0,-1,3,50,1,1,1,07:50,5,1,9
2023041301225,2023,041301225,1,1,1,1,46,8,3,0,0,0,0,0,90,8,E01025542,3,1,0.0,1.0,-1,1,30,1,1,1,07:12,4,2,90
2023131394386,2023,131394386,2,2,2,2,14,3,3,0,0,2,0,0,9,1,E01011622,3,1,0.0,1.0,-1,6,30,2,4,2,19:00,1,2,9
2023161282769,2023,161282769,3,1,1,1,86,11,3,0,0,0,0,0,9,7,E01013289,3,1,0.0,1.0,-1,3,40,1,1,1,13:20,4,3,9
2023351291993,2023,351291993,2,1,1,2,69,10,3,0,0,0,0,0,9,8,E01018219,3,1,0.0,1.0,-1,6,60,1,1,1,14:27,7,2,9
2023471310272,2023,471310272,1,1,1,2,80,11,3,0,0,0,0,0,9,7,E01021007,3,1,0.0,1.0,-1,6,30,1,1,1,17:25,2,5,9
2023010428985,2023,010428985,1,1,1,1,30,6,3,0,0,0,0,0,19,10,E01023563,-1,0,0.0,1.0,-1,6,30,1,1,2,13:55,6,2,19
2023071078212,2023,071078212,1,1,3,2,15,3,3,6,9,0,0,0,0,8,E01018558,-1,0,0.02508,0.97492,-1,6,20,2,1,2,07:55,3,1,9
2023170L30733,2023,170L30733,1,1,1,1,16,4,3,0,0,0,0,0,1,9,E01012179,-1,0,0.10218,0.89782,-1,6,30,1,1,1,17:00,7,2,1
202363B020623,2023,63B020623,1,1,1,1,15,3,3,0,0,0,0,0,1,7,W01000507,-1,0,0.05428,0.94572,-1,6,30,1,1,1,11:45,1,2,1
2023430079978,2023,430079978,1,1,1,1,51,8,3,0,0,0,0,0,3,9,E01016345,-1,0,0.05108,0.94892,-1,6,30,2,1,2,08:35,3,2,3
2023010490671,2023,010490671,1,1,1,1,27,6,3,0,0,0,0,0,4,3,E01021300,-1,0,0.0,1.0,-1,7,40,1,1,1,07:45,4,2,4
2023052301072,2023,052301072,1,2,2,1,40,7,3,0,0,1,0,0,9,3,E01007216,-1,0,0.03456,0.96544,-1,6,30,2,1,2,16:30,5,2,9
2023231286655,2023,231286655,1,1,1,1,42,7,3,0,0,0,0,0,9,3,E01030793,3,1,0.0,1.0,-1,6,30,1,1,1,17:21,7,1,9
2023311302468,2023,311302468,1,1,2,1,10,2,3,0,0,2,0,0,9,1,E01013883,3,1,0.0,1.0,-1,6,30,1,1,1,16:00,4,2,9
2023440022279,2023,440022279,1,1,1,2,18,4,3,0,0,0,0,0,9,7,E01023177,-1,0,0.03777,0.96223,-1,6,50,8,1,4,15:24,3,1,9
2023451344896,2023,451344896,2,1,2,1,4,1,2,0,0,2,0,0,9,5,E01002556,7,1,1.0,0.0,-1,3,70,1,1,1,14:40,5,6,9
2023010452928,2023,010452928,1,1,1,-1,50,8,3,0,0,0,0,0,9,10,E01004599,-1,0,0.0,1.0,-1,9,20,9,1,9,06:30,6,2,9
2023411352864,2023,411352864,2,1,1,1,44,7,3,0,0,0,0,0,9,10,E01023815,3,1,0.0,1.0,-1,6,30,1,1,2,05:52,4,2,9
2023421388946,2023,421388946,1,2,1,2,36,7,3,0,0,0,0,0,9,10,E01021379,3,1,0.0,1.0,-1,6,50,1,1,2,07:26,7,2,9
2023451393048,2023,451393048,1,1,1,1,25,5,3,0,0,0,0,0,9,4,E01001420,3,1,0.0,1.0,-1,2,30,1,1,2,13:20,5,2,9
2023010423751,2023,010423751,1,1,1,2,33,6,3,0,0,0,0,0,9,8,E01002418,-1,0,0.0,1.0,-1,6,30,1,4,1,04:18,6,2,9
2023501329471,2023,501329471,1,2,2,2,2,1,3,0,0,2,0,0,9,6,E01020223,3,1,0.0,1.0,-1,3,70,5,1,2,11:40,6,1,9
2023522400264,2023,522400264,1,1,1,2,40,7,3,0,0,0,0,0,9,6,E01014952,-1,0,0.0063,0.9937,-1,6,30,1,7,1,23:15,6,2,9
2023411301633,2023,411301633,1,1,1,1,36,7,3,0,0,0,0,0,9,5,E01023584,3,1,0.0,1.0,-1,3,60,1,5,2,21:50,7,1,9
2023430540427,2023,430540427,2,2,1,1,27,6,3,0,0,0,0,0,9,7,E01030652,-1,0,0.04596,0.95404,-1,6,30,1,6,1,16:00,6,3,9
2023461324324,2023,461324324,1,1,1,1,39,7,3,0,0,0,0,0,9,-1,-1,3,1,0.0,1.0,-1,6,60,1,6,1,20:26,4,1,9
2023991376758,2023,991376758,2,1,1,1,43,7,1,0,0,0,0,0,9,8,-1,1,1,0.0,0.0,-1,6,60,2,1,2,09:55,7,2,9
2023041319512,2023,041319512,1,1,1,1,13,3,2,0,0,0,0,0,1,3,E01024996,7,1,1.0,0.0,-1,6,30,1,1,1,15:05,6,2,1
2023131308890,2023,131308890,2,1,1,1,16,4,2,0,0,0,0,0,2,3,E01011853,7,1,1.0,0.0,-1,6,30,1,1,1,12:03,5,2,2
2023122301032,2023,122301032,4,3,1,2,76,11,3,0,0,0,0,0,9,-1,-1,-1,0,0.09145,0.90855,-1,6,60,1,1,1,09:50,1,4,9
2023131277832,2023,131277832,2,1,1,1,30,6,2,0,0,0,0,0,9,3,E01010657,7,1,1.0,0.0,-1,6,30,4,1,1,10:23,7,2,9
2023548637223,2023,548637223,2,1,2,1,11,3,3,0,0,1,0,0,9,6,E01032011,-1,0,0.01269,0.98731,-1,1,30,1,1,1,10:39,4,2,9
2023631329328,2023,631329328,1,1,1,1,31,6,2,0,0,0,0,0,21,4,W01000968,7,1,1.0,0.0,-1,6,60,5,1,2,10:10,6,1,21
2023549102323,2023,549102323,1,1,3,1,91,11,3,5,1,0,0,0,0,-1,-1,-1,0,0.08591,0.91409,-1,6,30,1,1,1,14:55,1,1,9
2023421269977,2023,421269977,1,1,1,1,16,4,2,0,0,0,0,0,-1,4,E01015930,5,1,1.0,0.0,-1,6,30,1,4,1,19:30,2,2,-1
2023201418704,2023,201418704,1,1,3,1,29,6,3,6,8,0,0,0,0,3,E01013549,3,1,0.0,1.0,-1,6,30,1,4,1,17:30,3,1,98
2023371360693,2023,371360693,2,1,1,1,52,8,3,0,0,0,0,0,1,5,E01030061,3,1,0.0,1.0,-1,6,30,1,1,1,11:08,1,2,1
2023440253829,2023,440253829,1,1,1,1,17,4,3,0,0,0,0,0,1,5,E01017113,-1,0,0.09746,0.90254,-1,6,20,1,1,1,19:45,1,2,1
2023010475101,2023,010475101,1,1,1,1,50,8,3,0,0,0,0,0,3,1,E01004042,-1,0,0.0,1.0,-1,9,30,9,7,9,20:15,2,2,3
2023010449179,2023,010449179,2,1,1,1,42,7,3,0,0,0,0,0,9,3,E01002413,-1,0,0.0,1.0,-1,9,20,9,1,9,08:40,2,2,9
2023552301059,2023,552301059,3,1,2,2,23,5,3,0,0,2,0,0,9,6,E01020527,-1,0,0.04258,0.95742,-1,6,60,1,1,1,17:34,5,3,9
2023430217199,2023,430217199,2,1,1,2,58,9,3,0,0,0,0,0,22,9,E01017920,-1,0,0.07291,0.92709,-1,6,30,1,1,1,11:30,2,2,22
2023010471773,2023,010471773,1,1,3,2,81,11,3,6,9,0,0,0,0,8,E01002658,-1,0,0.0,1.0,-1,6,20,1,1,1,17:30,1,1,23