collision_index,collision_year,collision_ref_no,vehicle_reference,casualty_reference,casualty_class,sex_of_casualty,age_of_casualty,age_band_of_casualty,casualty_severity,pedestrian_location,pedestrian_movement,car_passenger,bus_or_coach_passenger,pedestrian_road_maintenance_worker,casualty_type,casualty_imd_decile,lsoa_of_casualty,enhanced_casualty_severity,casualty_injury_based,casualty_adjusted_severity_serious,casualty_adjusted_severity_slight,casualty_distance_banding,road_type,speed_limit,weather_conditions,light_conditions,road_surface_conditions,time,day_of_week,number_of_vehicles,vehicle_type
2023010438554,2023,010438554,2,1,1,2,36,7,3,0,0,0,0,0,-1,6,E01000219,-1,0,0.0,1.0,-1,3,40,1,1,1,08:25,6,2,-1
2023131388802,2023,131388802,2,1,2,1,78,11,3,0,0,2,0,0,8,5,E01011150,3,1,0.0,1.0,-1,6,30,1,4,1,16:14,6,2,8
2023070051543,2023,070051543,1,1,1,1,29,6,3,0,0,0,0,0,1,4,E01012481,-1,0,0.09748,0.90252,-1,6,30,3,1,3,08:06,4,2,1
2023010466515,2023,010466515,1,1,1,1,39,7,3,0,0,0,0,0,9,4,E01003702,-1,0,0.0,1.0,-1,6,30,1,4,1,21:10,7,2,9
2023131348893,2023,131348893,1,2,1,1,53,8,3,0,0,0,0,0,9,4,E01010801,3,1,0.0,1.0,-1,1,30,5,1,2,19:50,1,2,9
2023461321184,2023,461321184,3,4,2,1,35,6,3,0,0,2,0,0,9,5,E01002632,3,1,0.0,1.0,-1,3,70,1,1,1,19:00,7,3,9
2023461368390,2023,461368390,2,1,1,2,30,6,3,0,0,0,0,0,9,4,E01024358,3,1,0.0,1.0,-1,6,30,1,1,1,09:30,7,2,9
2023061327697,2023,061327697,1,1,1,1,29,6,3,0,0,0,0,0,9,-1,-1,3,1,0.0,1.0,-1,6,40,1,1,1,16:05,1,2,9
2023131387954,2023,131387954,2,1,2,2,54,8,3,0,0,1,0,0,9,9,E01028010,3,1,0.0,1.0,-1,3,70,1,1,2,12:15,1,2,9
2023421319157,2023,421319157,1,1,1,1,30,6,3,0,0,0,0,0,9,-1,-1,3,1,0.0,1.0,-1,3,30,1,1,1,14:25,2,1,9
2023461381277,2023,461381277,2,1,1,1,42,7,3,0,0,0,0,0,9,10,E01024820,3,1,0.0,1.0,-1,6,60,1,6,2,16:30,1,2,9
2023547122023,2023,547122023,2,2,2,2,55,8,3,0,0,2,0,0,9,7,W01000573,-1,0,0.02286,0.97714,-1,6,30,1,1,1,16:33,6,2,9
2023991327400,2023,991327400,2,3,1,2,76,11,3,0,0,0,0,0,9,4,-1,3,1,0.0,1.0,-1,6,40,1,1,1,20:40,6,2,9
2023991340412,2023,991340412,2,2,2,1,11,3,3,0,0,1,0,0,9,-1,-1,3,1,0.0,1.0,-1,6,60,1,1,1,14:00,5,3,9
2023131311836,2023,131311836,2,1,1,1,76,11,3,0,0,0,0,0,9,2,E01010749,3,1,0.0,1.0,-1,6,30,1,1,1,13:32,6,2,9
2023031303741,2023,031303741,1,1,1,1,22,5,3,0,0,0,0,0,9,-1,-1,3,1,0.0,1.0,-1,6,60,1,1,1,08:56,4,3,9
2023221290541,2023,221290541,1,1,2,1,13,3,3,0,0,1,0,0,9,2,E01014074,3,1,0.0,1.0,-1,6,30,1,4,1,19:47,7,2,9
2023320794160,2023,320794160,1,1,1,2,28,6,3,0,0,0,0,0,9,4,E01024622,-1,0,0.01833,0.98167,-1,3,70,2,1,2,12:45,5,3,9
2023421317098,2023,421317098,3,5,1,1,47,8,3,0,0,0,0,0,9,2,E01021327,3,1,0.0,1.0,-1,3,70,1,1,1,14:16,7,3,9
2023010447387,2023,010447387,2,1,1,1,34,6,3,0,0,0,0,0,-1,-1,-1,-1,0,0.0,1.0,-1,3,20,1,4,1,20:35,3,2,-1
2023201411044,2023,201411044,1,1,1,2,45,7,3,0,0,0,0,0,9,6,E01010075,3,1,0.0,1.0,-1,6,30,1,1,1,17:10,2,2,9
2023430485768,2023,430485768,1,1,2,2,34,6,2,0,0,1,0,0,9,8,E01017747,-1,0,1.0,0.0,-1,6,30,2,4,2,00:11,1,2,9
2023991316135,2023,991316135,1,1,1,1,35,6,3,0,0,0,0,0,9,9,-1,3,1,0.0,1.0,-1,6,60,2,1,2,14:00,1,1,9
2023131341015,2023,131341015,1,1,1,1,19,4,3,0,0,0,0,0,9,2,E01011281,3,1,0.0,1.0,-1,6,20,1,1,1,15:05,7,2,9
2023421341231,2023,421341231,1,1,1,2,22,5,3,0,0,0,0,0,9,4,E01015923,3,1,0.0,1.0,-1,6,40,1,1,1,16:31,1,1,9
2023461302212,2023,461302212,1,1,1,2,33,6,3,0,0,0,0,0,9,6,E01024034,3,1,0.0,1.0,-1,6,40,1,1,1,14:47,4,2,9
2023061368981,2023,061368981,2,4,2,1,17,4,3,0,0,2,0,0,9,-1,-1,3,1,0.0,1.0,-1,3,30,1,4,1,21:40,4,2,9
2023440379745,2023,440379745,1,1,1,2,20,4,3,0,0,0,0,0,9,10,E01023220,-1,0,0.05572,0.94428,-1,6,60,1,1,2,14:45,1,2,9
2023010428061,2023,010428061,1,1,1,2,83,11,2,0,0,0,0,0,9,8,E01000752,-1,0,1.0,0.0,-1,3,70,1,1,1,11:44,4,2,9
2023010458839,2023,010458839,1,1,2,-1,-1,-1,3,0,0,2,0,0,9,2,E01000990,-1,0,0.0,1.0,-1,6,30,8,1,1,10:30,6,2,9
2023221298314,2023,221298314,2,1,1,1,26,6,3,0,0,0,0,0,9,10,E01032243,3,1,0.0,1.0,-1,6,30,1,1,1,17:28,5,2,9
2023461362354,2023,461362354,2,2,1,1,39,7,3,0,0,0,0,0,9,8,E01024575,3,1,0.0,1.0,-1,6,30,1,1,1,17:20,3,2,9
2023010454688,2023,010454688,1,1,1,1,31,6,3,0,0,0,0,0,9,2,E01001367,-1,0,0.0,1.0,-1,2,30,1,4,1,23:40,3,4,9
2023010471867,2023,010471867,1,1,1,2,36,7,3,0,0,0,0,0,9,4,E01031549,-1,0,0.0,1.0,-1,3,50,1,1,1,08:20,7,3,9
2023461296304,2023,461296304,2,2,1,1,42,7,3,0,0,0,0,0,9,7,E01024013,3,1,0.0,1.0,-1,6,30,1,1,1,18:59,3,2,9
2023332300332,2023,332300332,1,2,2,2,42,7,3,0,0,2,0,0,9,1,E01013634,-1,0,0.03369,0.96631,-1,6,30,2,1,2,16:39,3,3,9
2023332300568,2023,332300568,1,1,2,2,74,10,3,0,0,2,0,0,8,1,E01013628,-1,0,0.01028,0.98972,-1,6,30,1,1,1,14:45,3,2,8
2023401301674,2023,401301674,2,2,1,1,8,2,3,0,0,0,0,0,1,9,E01033193,3,1,0.0,1.0,-1,6,30,1,1,1,16:10,1,2,1
2023131387703,2023,131387703,1,1,3,1,12,3,3,8,3,0,0,2,0,5,E01010934,3,1,0.0,1.0,-1,6,30,1,4,1,16:30,3,1,9
2023522400550,2023,522400550,2,1,1,1,54,8,3,0,0,0,0,0,5,1,E01014638,-1,0,0.17832,0.82168,-1,6,40,1,1,1,16:27,5,3,5
2023361415433,2023,361415433,1,1,3,2,56,9,3,5,1,0,0,0,0,6,E01023390,3,1,0.0,1.0,-1,6,30,1,1,2,11:40,7,1,9
2023411353987,2023,411353987,2,1,1,2,18,4,3,0,0,0,0,0,9,6,E01023874,3,1,0.0,1.0,-1,3,30,1,1,-1,12:30,5,2,9
2023440348059,2023,440348059,3,5,2,2,32,6,3,0,0,1,0,0,9,2,E01030599,-1,0,0.03463,0.96537,-1,3,70,1,1,1,11:26,2,3,9
2023302301885,2023,302301885,1,1,1,1,59,9,2,0,0,0,0,0,4,2,E01013588,-1,0,1.0,0.0,-1,6,30,8,1,4,13:00,4,1,4
2023451389936,2023,451389936,2,1,2,2,17,4,3,0,0,1,0,0,9,7,E01017828,3,1,0.0,1.0,-1,6,40,1,4,1,19:38,2,2,9
2023351344171,2023,351344171,3,2,1,2,52,8,3,0,0,0,0,0,9,7,E01030103,3,1,0.0,1.0,-1,3,70,1,6,1,21:41,1,3,9
202354B110323,2023,54B110323,1,1,1,2,45,7,3,0,0,0,0,0,9,4,E01031862,-1,0,0.05614,0.94386,-1,6,60,1,1,2,14:26,5,2,9
2023610008423,2023,610008423,1,1,1,2,64,9,3,0,0,0,0,0,9,10,W01001585,-1,0,0.16542,0.83458,-1,6,60,2,6,2,00:02,5,1,9
2023010435229,2023,010435229,1,1,3,1,52,8,2,5,1,0,0,0,0,3,E01002548,-1,0,1.0,0.0,-1,6,30,2,1,2,17:55,6,1,21
2023010474750,2023,010474750,1,1,3,2,30,6,3,5,1,0,0,0,0,3,E01003629,-1,0,0.0,1.0,-1,2,20,1,1,1,14:13,1,1,9
2023351327910,2023,351327910,1,1,1,2,23,5,3,0,0,0,0,0,9,1,E01015611,3,1,0.0,1.0,-1,6,30,1,1,1,19:23,3,2,9
2023320406907,2023,320406907,1,2,1,1,23,5,2,0,0,0,0,0,9,3,E01026087,-1,0,1.0,0.0,-1,6,40,1,1,1,14:15,1,2,9
2023991292039,2023,991292039,2,1,1,1,29,6,3,0,0,0,0,0,1,9,-1,3,1,0.0,1.0,-1,6,20,1,1,1,08:30,5,2,1
2023211303197,2023,211303197,1,1,1,1,23,5,2,0,0,0,0,0,4,9,E01018389,7,1,1.0,0.0,-1,3,70,1,1,1,19:05,3,1,4
2023122300114,2023,122300114,2,1,1,1,45,7,3,0,0,0,0,0,9,7,E01027667,-1,0,0.04743,0.95257,-1,6,60,1,1,2,11:52,4,2,9
2023501369473,2023,501369473,2,1,1,1,37,7,3,0,0,0,0,0,9,3,E01018998,3,1,0.0,1.0,-1,6,30,1,1,1,10:45,6,2,9
2023622300336,2023,622300336,1,1,1,1,32,6,3,0,0,0,0,0,9,1,W01001300,-1,0,0.04515,0.95485,-1,6,30,1,1,1,06:54,5,3,9
2023991285124,2023,991285124,2,2,2,2,22,5,3,0,0,1,0,0,9,7,-1,3,1,0.0,1.0,-1,6,30,1,1,1,08:15,2,2,9
2023461315200,2023,461315200,2,2,1,1,50,8,3,0,0,0,0,0,20,-1,-1,3,1,0.0,1.0,-1,6,60,1,1,1,17:00,2,2,20
2023010483761,2023,010483761,1,1,1,1,42,7,3,0,0,0,0,0,9,3,E01001673,-1,0,0.0,1.0,-1,3,30,2,1,2,09:32,4,2,9
2023440427319,2023,440427319,1,1,3,1,20,4,3,1,3,0,0,0,0,2,E01017032,-1,0,0.13352,0.86648,-1,2,30,2,1,2,17:05,4,1,9
2023522301546,2023,522301546,2,1,1,1,50,8,2,0,0,0,0,0,1,4,E01014603,-1,0,1.0,0.0,-1,6,30,1,5,1,04:15,3,2,1
2023122300612,2023,122300612,1,1,1,1,56,9,2,0,0,0,0,0,5,10,E01027697,-1,0,1.0,0.0,-1,6,60,1,1,1,11:14,1,2,5
2023041266309,2023,041266309,2,1,2,2,56,9,3,0,0,1,0,0,9,2,E01012709,3,1,0.0,1.0,-1,6,30,1,1,2,10:50,6,3,9
2023201298331,2023,201298331,3,4,2,1,28,6,3,0,0,1,0,0,9,8,E01010395,3,1,0.0,1.0,-1,3,70,1,4,1,20:07,4,3,9
2023411330100,2023,411330100,2,1,1,1,53,8,3,0,0,0,0,0,9,5,E01023936,3,1,0.0,1.0,-1,1,30,1,1,-1,17:06,3,2,9
2023471262875,2023,471262875,2,1,1,1,27,6,2,0,0,0,0,0,1,5,E01031731,5,1,1.0,0.0,-1,6,30,5,4,2,17:19,3,2,1
2023010419373,2023,010419373,1,1,1,2,27,6,3,0,0,0,0,0,9,5,E01023867,-1,0,0.0,1.0,-1,1,30,1,1,1,12:25,2,2,9
2023061341204,2023,061341204,1,1,1,1,20,4,3,0,0,0,0,0,9,-1,-1,3,1,0.0,1.0,-1,6,30,1,1,1,13:40,1,2,9
2023131380175,2023,131380175,1,1,1,1,90,11,3,0,0,0,0,0,9,8,E01011826,3,1,0.0,1.0,-1,3,70,1,4,1,01:50,4,2,9
2023351343154,2023,351343154,2,2,1,1,59,9,3,0,0,0,0,0,9,7,E01018057,3,1,0.0,1.0,-1,6,30,1,1,1,12:10,4,2,9
2023010469829,2023,010469829,1,1,1,1,55,8,3,0,0,0,0,0,9,4,E01002594,-1,0,0.0,1.0,-1,6,30,1,5,1,05:10,4,1,9
2023052301660,2023,052301660,1,2,1,2,27,6,3,0,0,0,0,0,9,5,E01006833,-1,0,0.02739,0.97261,-1,6,30,1,1,1,15:05,2,2,9
2023340NN3682,2023,340NN3682,1,1,1,1,36,7,3,0,0,0,0,0,9,10,E01027077,-1,0,0.12795,0.87205,-1,6,60,1,6,1,18:20,7,1,9
202354D638123,2023,54D638123,1,1,1,1,22,5,3,0,0,0,0,0,9,6,E01032691,-1,0,0.0968,0.9032,-1,6,50,9,1,1,12:56,2,2,9
2023421356259,2023,421356259,1,1,2,1,15,3,3,0,0,2,0,0,9,5,E01021901,3,1,0.0,1.0,-1,1,30,1,4,1,00:47,3,1,9
2023451279989,2023,451279989,1,1,1,1,43,7,3,0,0,0,0,0,9,9,E01030733,3,1,0.0,1.0,-1,6,40,1,1,1,07:35,3,2,9
2023052302134,2023,052302134,1,4,2,1,6,2,3,0,0,0,3,0,11,1,E01033228,-1,0,0.10792,0.89208,-1,3,30,1,1,1,16:25,2,1,11
2023131262176,2023,131262176,2,1,1,1,59,9,3,0,0,0,0,0,19,8,E01006859,3,1,0.0,1.0,-1,9,70,1,4,2,07:20,4,2,19
2023052302952,2023,052302952,2,1,1,2,26,6,3,0,0,0,0,0,9,4,E01006349,-1,0,0.01404,0.98596,-1,3,40,2,4,2,16:14,6,2,9
2023070790427,2023,070790427,2,3,1,2,39,7,3,0,0,0,0,0,9,9,W01000367,-1,0,0.01791,0.98209,-1,3,50,1,1,1,12:55,4,2,9
2023071191425,2023,071191425,2,1,1,1,31,6,3,0,0,0,0,0,9,1,E01018520,-1,0,0.00384,0.99616,-1,1,30,1,1,1,13:45,1,2,9
2023201316820,2023,201316820,2,1,1,1,40,7,3,0,0,0,0,0,9,1,E01009334,3,1,0.0,1.0,-1,6,30,1,1,1,14:00,1,2,9
2023010449504,2023,010449504,1,2,2,1,42,7,3,0,0,0,3,0,11,8,E01000989,-1,0,0.0,1.0,-1,6,30,1,1,1,16:17,6,2,11
2023122400159,2023,122400159,1,2,2,1,18,4,3,0,0,1,0,0,9,9,E01013411,-1,0,0.10407,0.89593,-1,6,60,1,6,2,18:40,3,1,9
2023461317875,2023,461317875,2,2,1,1,35,6,3,0,0,0,0,0,9,5,E01009556,3,1,0.0,1.0,-1,3,70,1,1,1,16:24,7,2,9
2023201461564,2023,201461564,2,1,1,2,41,7,3,0,0,0,0,0,9,1,E01009585,3,1,0.0,1.0,-1,6,30,1,4,1,17:09,6,2,9
2023302301481,2023,302301481,1,1,2,2,73,10,3,0,0,1,0,0,9,6,E01019421,-1,0,0.12277,0.87723,-1,3,60,1,1,1,15:14,6,2,9
2023991338543,2023,991338543,1,1,1,1,58,9,3,0,0,0,0,0,9,-1,-1,3,1,0.0,1.0,-1,6,60,1,1,2,13:58,7,2,9
2023522301624,2023,522301624,2,1,1,1,16,4,3,0,0,0,0,0,1,6,E01014813,-1,0,0.08214,0.91786,-1,6,20,1,1,1,08:30,4,2,1
2023010438644,2023,010438644,1,1,1,1,37,7,3,0,0,0,0,0,3,2,E01001712,-1,0,0.0,1.0,-1,3,20,1,1,1,19:15,5,2,3
2023070289967,2023,070289967,1,1,3,1,46,8,3,9,6,0,0,0,0,1,E01018445,-1,0,0.13676,0.86324,-1,6,30,2,4,2,21:27,4,1,9
2023302300339,2023,302300339,1,1,3,2,50,8,2,1,1,0,0,0,0,6,E01019545,-1,0,1.0,0.0,-1,6,30,1,4,1,23:44,7,1,9
2023010455163,2023,010455163,2,1,1,1,35,6,3,0,0,0,0,0,8,9,E01030326,-1,0,0.0,1.0,-1,6,20,2,1,2,14:02,6,2,8
2023010456970,2023,010456970,1,1,1,1,52,8,3,0,0,0,0,0,19,2,E01000019,-1,0,0.0,1.0,-1,6,30,2,1,2,11:17,2,2,19
2023421288159,2023,421288159,2,1,1,2,33,6,3,0,0,0,0,0,9,7,E01021950,3,1,0.0,1.0,-1,6,40,1,1,1,09:10,2,2,9
2023501292937,2023,501292937,1,4,2,2,10,2,3,0,0,0,4,0,11,-1,-1,3,1,0.0,1.0,-1,3,30,1,1,1,17:45,2,2,11
2023221289167,2023,221289167,1,1,1,1,45,7,3,0,0,0,0,0,19,4,E01028945,3,1,0.0,1.0,-1,6,60,1,1,1,13:35,3,2,19
2023010449862,2023,010449862,1,1,1,1,56,9,3,0,0,0,0,0,9,2,E01001976,-1,0,0.0,1.0,-1,6,20,1,1,1,13:00,1,2,9
2023010459161,2023,010459161,5,4,1,1,40,7,2,0,0,0,0,0,9,3,E01030385,-1,0,1.0,0.0,-1,6,20,1,1,2,09:25,1,5,9
2023101309825,2023,101309825,2,1,1,1,27,6,2,0,0,0,0,0,9,6,E01008196,6,1,1.0,0.0,-1,6,60,1,1,1,16:46,7,2,9
2023231334207,2023,231334207,2,2,1,1,37,7,3,0,0,0,0,0,9,7,E01031166,3,1,0.0,1.0,-1,6,50,1,1,1,14:37,3,3,9
2023552301359,2023,552301359,1,2,2,1,21,5,3,0,0,0,0,0,19,2,E01015304,-1,0,0.08794,0.91206,-1,6,30,1,4,1,03:27,6,1,19
2023320738817,2023,320738817,2,1,1,2,39,7,3,0,0,0,0,0,9,7,E01026267,-1,0,0.02469,0.97531,-1,6,30,1,1,2,10:00,5,2,9
2023411315086,2023,411315086,1,1,1,2,45,7,3,0,0,0,0,0,9,3,E01000130,3,1,0.0,1.0,-1,6,60,1,1,1,11:45,7,2,9
2023440245564,2023,440245564,1,1,1,1,55,8,3,0,0,0,0,0,9,6,E01022614,-1,0,0.06845,0.93155,-1,6,40,1,1,1,14:55,3,2,9
2023201383725,2023,201383725,2,1,1,1,56,9,3,0,0,0,0,0,1,5,E01009905,3,1,0.0,1.0,-1,1,30,2,4,2,05:40,1,2,1
2023501319727,2023,501319727,1,1,2,2,23,5,3,0,0,1,0,0,9,4,E01015029,3,1,0.0,1.0,-1,6,60,1,1,2,08:49,7,2,9
2023340WN6182,2023,340WN6182,1,1,1,1,24,5,3,0,0,0,0,0,21,2,E01001442,-1,0,0.14419,0.85581,-1,3,70,1,6,2,04:55,7,3,21
2023070327790,2023,070327790,2,1,1,2,-1,-1,3,0,0,0,0,0,16,-1,-1,-1,0,0.03896,0.96104,-1,6,40,1,1,1,18:43,3,2,16
2023010467706,2023,010467706,1,1,1,2,26,6,3,0,0,0,0,0,5,3,E01021821,-1,0,0.0,1.0,-1,3,30,2,1,1,15:30,6,2,5
2023471261748,2023,471261748,1,1,3,2,16,4,2,10,9,0,0,0,0,8,E01031655,5,1,1.0,0.0,-1,6,30,2,1,2,15:33,3,1,9
2023201296516,2023,201296516,1,1,1,2,38,7,3,0,0,0,0,0,9,2,E01009445,3,1,0.0,1.0,-1,6,30,1,1,2,08:55,3,2,9
2023430225222,2023,430225222,2,1,1,1,38,7,2,0,0,0,0,0,1,10,E01016188,-1,0,1.0,0.0,-1,1,40,2,4,2,04:20,7,2,1
2023141353754,2023,141353754,1,1,1,1,18,4,3,0,0,0,0,0,9,1,E01007730,3,1,0.0,1.0,-1,6,60,1,1,2,18:45,2,1,9
2023201393508,2023,201393508,1,1,3,1,51,8,2,5,1,0,0,2,0,1,E01010291,7,1,1.0,0.0,-1,6,30,1,4,1,16:30,4,1,9
2023411278363,2023,411278363,1,1,3,1,74,10,2,10,9,0,0,0,0,10,E01023711,5,1,1.0,0.0,-1,6,20,1,1,1,14:15,3,1,9
2023221301625,2023,221301625,1,1,3,2,8,2,2,5,2,0,0,0,0,2,E01028983,7,1,1.0,0.0,-1,6,30,1,1,2,15:38,3,1,9
2023320250747,2023,320250747,1,1,1,1,51,8,3,0,0,0,0,0,5,1,E01026048,-1,0,0.25006,0.74994,-1,6,60,1,1,1,08:05,4,1,5
2023010441841,2023,010441841,1,1,1,2,56,9,3,0,0,0,0,0,9,5,E01003415,-1,0,0.0,1.0,-1,6,20,8,1,1,10:40,2,2,9
2023041377607,2023,041377607,1,1,1,1,62,9,3,0,0,0,0,0,9,5,E01025515,3,1,0.0,1.0,-1,6,60,1,1,1,14:55,5,2,9
2023161323313,2023,161323313,2,2,1,1,21,5,3,0,0,0,0,0,9,1,E01013229,3,1,0.0,1.0,-1,6,30,1,1,1,07:45,3,2,9
2023311359885,2023,311359885,1,1,1,2,40,7,3,0,0,0,0,0,9,2,E01028223,3,1,0.0,1.0,-1,6,30,9,1,1,11:25,1,2,9
2023622301049,2023,622301049,1,1,1,1,26,6,3,0,0,0,0,0,9,2,W01000964,-1,0,0.04568,0.95432,-1,3,40,1,1,1,12:41,6,2,9
2023010433943,2023,010433943,1,1,1,2,55,8,3,0,0,0,0,0,9,3,E01001412,-1,0,0.0,1.0,-1,6,30,1,1,1,12:42,6,2,9
2023070790427,2023,070790427,2,4,2,1,10,2,3,0,0,2,0,0,9,9,W01000367,-1,0,0.01445,0.98555,-1,3,50,1,1,1,12:55,4,2,9
2023131317322,2023,131317322,2,1,1,1,75,10,3,0,0,0,0,0,9,10,E01010646,3,1,0.0,1.0,-1,6,40,1,1,1,18:45,6,2,9
2023131351780,2023,131351780,2,2,2,1,2,1,3,0,0,2,0,0,9,3,E01011330,3,1,0.0,1.0,-1,6,30,1,1,1,14:41,3,2,9
2023430526567,2023,430526567,2,1,2,1,52,8,2,0,0,2,0,0,9,-1,-1,-1,0,1.0,0.0,-1,6,30,1,1,1,06:44,5,2,9
2023052302024,2023,052302024,1,1,1,1,20,4,3,0,0,0,0,0,4,1,E01006659,-1,0,0.17904,0.82096,-1,3,30,1,4,1,22:56,2,2,4
2023010455715,2023,010455715,1,1,2,2,39,7,3,0,0,2,0,0,9,7,E01000665,-1,0,0.0,1.0,-1,1,30,1,1,1,09:57,1,1,9
2023101330003,2023,101330003,1,1,1,1,56,9,3,0,0,0,0,0,9,1,E01012027,3,1,0.0,1.0,-1,1,70,1,4,1,02:00,1,1,9
2023122301385,2023,122301385,1,5,2,1,50,8,3,0,0,2,0,0,9,5,E01027636,-1,0,0.07739,0.92261,-1,3,70,1,1,2,11:40,5,3,9
2023161288826,2023,161288826,1,1,1,2,48,8,3,0,0,0,0,0,9,7,E01013307,3,1,0.0,1.0,-1,6,60,5,1,2,07:55,2,2,9
2023201400697,2023,201400697,2,2,2,1,22,5,3,0,0,-1,0,0,9,1,E01010288,3,1,0.0,1.0,-1,6,30,1,4,1,22:30,7,2,9
2023041384621,2023,041384621,1,1,1,1,58,9,3,0,0,0,0,0,21,2,-1,3,1,0.0,1.0,-1,3,70,1,6,2,02:12,5,1,21
2023010484865,2023,010484865,1,1,3,2,11,3,3,1,3,0,0,0,0,2,E01004460,-1,0,0.0,1.0,-1,6,20,2,1,2,07:48,3,1,9
2023311320730,2023,311320730,1,1,3,2,12,3,3,5,4,0,0,0,0,-1,-1,3,1,0.0,1.0,-1,6,30,1,1,1,15:13,2,1,9
2023440340200,2023,440340200,1,1,3,1,48,8,3,6,9,0,0,0,0,3,E01017360,-1,0,0.15132,0.84868,-1,6,30,1,1,1,18:01,3,1,9
2023010447647,2023,010447647,1,1,1,1,48,8,2,0,0,0,0,0,1,9,E01017767,-1,0,1.0,0.0,-1,6,20,1,1,1,08:10,5,2,1
2023131294860,2023,131294860,2,1,1,1,40,7,3,0,0,0,0,0,9,4,E01011023,3,1,0.0,1.0,-1,6,30,1,1,1,17:27,7,2,9
2023461273033,2023,461273033,1,2,2,2,-1,-1,2,0,0,1,0,0,9,-1,-1,5,1,1.0,0.0,-1,6,30,1,4,1,20:12,2,2,9
2023501310188,2023,501310188,1,2,2,1,11,3,3,0,0,2,0,0,9,-1,-1,3,1,0.0,1.0,-1,6,50,1,1,1,15:10,2,3,9
2023101287614,2023,101287614,1,1,2,2,58,9,3,0,0,0,3,0,11,1,E01033547,3,1,0.0,1.0,-1,9,30,8,1,1,10:58,4,1,11
2023010421406,2023,010421406,2,1,1,1,25,5,3,0,0,0,0,0,3,4,E01002233,-1,0,0.0,1.0,-1,6,30,1,4,1,19:15,7,2,3
2023010481233,2023,010481233,2,2,1,1,21,5,3,0,0,0,0,0,3,4,E01002487,-1,0,0.0,1.0,-1,6,20,1,4,4,00:15,6,2,3
2023131295692,2023,131295692,2,1,1,1,46,8,3,0,0,0,0,0,9,9,E01010769,3,1,0.0,1.0,-1,6,30,1,1,1,15:15,6,2,9
2023201417670,2023,201417670,1,2,1,1,33,6,3,0,0,0,0,0,9,3,E01009795,3,1,0.0,1.0,-1,6,20,1,4,1,22:39,3,3,9
2023221262416,2023,221262416,2,1,1,2,44,7,3,0,0,0,0,0,9,4,E01014052,3,1,0.0,1.0,-1,6,60,1,1,2,08:00,5,2,9
2023320546540,2023,320546540,1,1,1,1,23,5,3,0,0,0,0,0,9,9,E01026335,-1,0,0.13841,0.86159,-1,6,60,1,6,1,01:15,1,1,9
2023010422233,2023,010422233,1,1,1,-1,30,6,3,0,0,0,0,0,3,3,E01003164,-1,0,0.0,1.0,-1,6,20,9,1,9,15:30,4,2,3
2023201392971,2023,201392971,1,1,3,1,81,11,3,4,1,0,0,0,0,2,E01010090,3,1,0.0,1.0,-1,6,30,1,4,1,06:18,6,1,9
2023461375744,2023,461375744,1,1,3,1,-1,-1,3,4,4,0,0,0,0,5,E01024492,3,1,0.0,1.0,-1,6,30,1,4,1,18:15,2,1,9
2023131391174,2023,131391174,2,1,1,1,50,8,2,0,0,0,0,0,1,3,E01011016,5,1,1.0,0.0,-1,6,30,4,1,2,15:11,5,2,1
2023451387917,2023,451387917,1,1,1,1,60,9,3,0,0,0,0,0,1,10,E01030799,3,1,0.0,1.0,-1,1,30,1,1,2,11:30,4,2,1
2023552300334,2023,552300334,1,1,1,1,33,6,3,0,0,0,0,0,5,8,E01020344,-1,0,0.21604,0.78396,-1,3,70,1,1,2,07:45,2,2,5
2023361316670,2023,361316670,2,1,1,1,26,6,3,0,0,0,0,0,3,8,E01026530,3,1,0.0,1.0,-1,3,20,1,1,1,09:30,5,2,3
2023991366668,2023,991366668,1,1,1,2,18,4,2,0,0,0,0,0,9,9,-1,5,1,1.0,0.0,-1,6,50,1,6,1,00:12,4,1,9
2023311295039,2023,311295039,2,1,1,1,51,8,3,0,0,0,0,0,1,2,E01028234,3,1,0.0,1.0,-1,6,30,1,1,1,11:59,6,2,1
2023471318318,2023,471318318,1,1,1,1,59,9,3,0,0,0,0,0,19,5,E01020969,3,1,0.0,1.0,-1,6,50,1,1,1,16:37,3,2,19
2023461283747,2023,461283747,1,1,3,2,69,10,2,9,8,0,0,0,0,4,E01024217,7,1,1.0,0.0,-1,6,30,1,1,1,10:40,7,1,10
2023471325509,2023,471325509,2,1,1,1,59,9,2,0,0,0,0,0,9,10,E01021067,7,1,1.0,0.0,-1,6,30,1,1,1,16:20,2,2,9
2023610013723,2023,610013723,2,1,1,1,54,8,3,0,0,0,0,0,9,1,W01001519,-1,0,0.05313,0.94687,-1,3,30,1,1,1,13:37,1,3,9
2023991387858,2023,991387858,1,1,1,2,27,6,2,0,0,0,0,0,9,8,-1,7,1,1.0,0.0,-1,6,60,1,6,4,06:45,2,1,9
2023010456863,2023,010456863,1,1,2,2,87,11,3,0,0,0,4,0,11,8,E01003830,-1,0,0.0,1.0,-1,2,20,1,1,1,19:55,1,1,11
2023061302828,2023,061302828,2,1,1,2,34,6,3,0,0,0,0,0,9,2,E01005450,3,1,0.0,1.0,-1,3,30,1,1,1,08:30,4,2,9
2023010442819,2023,010442819,1,1,3,1,6,2,3,1,3,0,0,0,0,2,E01000599,-1,0,0.0,1.0,-1,3,30,1,1,1,15:09,7,1,9