collision_index,collision_year,collision_ref_no,vehicle_reference,casualty_reference,casualty_class,sex_of_casualty,age_of_casualty,age_band_of_casualty,casualty_severity,pedestrian_location,pedestrian_movement,car_passenger,bus_or_coach_passenger,pedestrian_road_maintenance_worker,casualty_type,casualty_imd_decile,lsoa_of_casualty,enhanced_casualty_severity,casualty_injury_based,casualty_adjusted_severity_serious,casualty_adjusted_severity_slight,casualty_distance_banding,road_type,speed_limit,weather_conditions,light_conditions,road_surface_conditions,time,day_of_week,number_of_vehicles,vehicle_type
2023010454353,2023,010454353,1,1,3,2,11,3,3,5,2,0,0,0,0,-1,-1,-1,0,0.0,1.0,-1,6,20,1,1,1,15:20,2,1,9
2023451262149,2023,451262149,1,2,3,1,17,4,3,1,3,0,0,0,0,6,E01030995,3,1,0.0,1.0,-1,6,30,1,1,1,14:56,4,1,9
2023010465912,2023,010465912,2,1,1,2,34,6,3,0,0,0,0,0,9,2,E01021816,-1,0,0.0,1.0,-1,3,50,1,4,1,21:20,3,2,9
2023311274484,2023,311274484,1,1,1,1,37,7,3,0,0,0,0,0,9,5,E01026315,3,1,0.0,1.0,-1,6,60,1,1,1,08:09,5,2,9
2023411284549,2023,411284549,1,2,2,2,-1,-1,3,0,0,1,0,0,9,5,E01023796,3,1,0.0,1.0,-1,6,30,1,4,1,01:51,1,1,9
2023552301288,2023,552301288,2,1,2,2,25,5,3,0,0,1,0,0,9,3,E01014687,-1,0,0.02264,0.97736,-1,6,60,1,1,2,11:00,7,2,9
2023201328629,2023,201328629,1,1,3,1,40,7,2,4,3,0,0,2,0,1,E01009345,6,1,1.0,0.0,-1,3,30,1,4,1,01:08,4,1,9
2023340WN6572,2023,340WN6572,1,1,3,1,63,9,3,8,1,0,0,0,0,-1,-1,-1,0,0.20263,0.79737,-1,3,30,1,4,2,19:00,4,1,9
2023170S20613,2023,170S20613,1,2,2,2,43,7,2,0,0,0,0,0,2,2,E01012275,-1,0,1.0,0.0,-1,3,40,1,1,2,13:20,2,1,2
2023320471777,2023,320471777,1,1,1,1,59,9,3,0,0,0,0,0,5,1,E01026073,-1,0,0.20786,0.79214,-1,6,30,8,1,2,05:50,2,1,5
2023031370428,2023,031370428,2,2,1,1,28,6,3,0,0,0,0,0,9,-1,-1,3,1,0.0,1.0,-1,6,60,1,6,2,17:30,6,2,9
2023461358897,2023,461358897,1,1,1,2,61,9,3,0,0,0,0,0,9,6,E01024314,3,1,0.0,1.0,-1,3,50,1,1,1,10:48,7,2,9
2023440286654,2023,440286654,1,1,1,1,54,8,3,0,0,0,0,0,9,10,E01022683,-1,0,0.1131,0.8869,-1,6,60,1,1,2,07:19,2,2,9
2023340NN9042,2023,340NN9042,1,1,1,2,79,11,3,0,0,0,0,0,9,9,E01027067,-1,0,0.12043,0.87957,-1,6,60,1,1,1,14:00,1,2,9
2023531311042,2023,531311042,1,1,1,2,31,6,3,0,0,0,0,0,9,6,E01022227,3,1,0.0,1.0,-1,3,60,1,1,1,08:28,4,2,9
2023610037623,2023,610037623,2,2,1,1,32,6,2,0,0,0,0,0,9,6,W01001344,-1,0,1.0,0.0,-1,1,30,1,1,1,16:12,5,2,9
2023631373486,2023,631373486,1,1,1,1,18,4,3,0,0,0,0,0,9,8,W01000680,3,1,0.0,1.0,-1,6,60,1,4,2,21:40,7,1,9
2023122301017,2023,122301017,1,1,1,1,52,8,2,0,0,0,0,0,19,3,E01020884,-1,0,1.0,0.0,-1,3,70,1,1,1,07:11,4,1,19
2023522400834,2023,522400834,2,1,1,1,26,6,3,0,0,0,0,0,4,9,E01014779,-1,0,0.13766,0.86234,-1,6,50,1,1,2,08:42,3,2,4
2023610051323,2023,610051323,1,1,1,1,28,6,2,0,0,0,0,0,5,7,W01001613,-1,0,1.0,0.0,-1,6,20,2,4,2,21:00,1,2,5
2023010425006,2023,010425006,1,1,1,1,65,9,3,0,0,0,0,0,1,8,E01023884,-1,0,0.0,1.0,-1,2,30,1,4,1,19:10,5,2,1
2023010455144,2023,010455144,2,1,1,1,21,5,3,0,0,0,0,0,1,4,E01003129,-1,0,0.0,1.0,-1,6,30,1,1,1,08:50,6,2,1
2023010468822,2023,010468822,1,2,2,-1,16,4,3,0,0,1,0,0,9,-1,-1,-1,0,0.0,1.0,-1,2,20,1,1,1,17:25,5,2,9
2023351306320,2023,351306320,2,1,1,1,29,6,3,0,0,0,0,0,9,8,E01018003,3,1,0.0,1.0,-1,3,70,1,1,2,14:27,6,2,9
2023361347273,2023,361347273,1,1,1,1,73,10,3,0,0,0,0,0,9,5,E01026442,3,1,0.0,1.0,-1,6,30,1,1,1,13:42,5,2,9
2023440420520,2023,440420520,2,1,1,1,26,6,3,0,0,0,0,0,9,6,E01020456,-1,0,0.11306,0.88694,-1,6,50,1,6,2,23:18,6,2,9
2023461307752,2023,461307752,2,3,2,2,58,9,3,0,0,-1,0,0,9,6,E01024036,3,1,0.0,1.0,-1,6,30,1,1,1,08:40,7,2,9
2023221364927,2023,221364927,2,2,2,1,70,10,2,0,0,0,4,0,11,1,E01032424,7,1,1.0,0.0,-1,6,40,2,1,2,15:00,5,2,11
2023231293227,2023,231293227,2,1,2,2,37,7,3,0,0,0,0,0,19,3,E01031074,3,1,0.0,1.0,-1,6,30,2,4,2,01:10,7,2,19
2023461313155,2023,461313155,2,1,1,1,45,7,3,0,0,0,0,0,5,4,E01023349,3,1,0.0,1.0,-1,6,30,1,1,1,13:37,1,2,5
2023010428113,2023,010428113,1,1,1,1,58,9,3,0,0,0,0,0,9,3,E01004756,-1,0,0.0,1.0,-1,6,20,8,4,1,22:30,5,1,9
2023010481406,2023,010481406,1,1,1,1,57,9,3,0,0,0,0,0,9,-1,-1,-1,0,0.0,1.0,-1,6,20,1,6,1,18:50,6,1,9
2023411310915,2023,411310915,2,2,1,1,59,9,3,0,0,0,0,0,9,6,E01023386,3,1,0.0,1.0,-1,6,40,1,1,1,15:10,2,2,9
2023461276143,2023,461276143,2,1,1,2,63,9,3,0,0,0,0,0,9,4,E01024284,3,1,0.0,1.0,-1,6,30,1,1,1,15:47,5,3,9
2023131362073,2023,131362073,2,1,1,1,73,10,3,0,0,0,0,0,22,2,E01011862,3,1,0.0,1.0,-1,6,30,8,1,1,10:17,5,2,22
2023010456163,2023,010456163,1,1,1,1,20,4,3,0,0,0,0,0,3,1,E01000602,-1,0,0.0,1.0,-1,6,20,1,1,1,18:30,4,2,3
2023211381699,2023,211381699,1,1,1,1,21,5,3,0,0,0,0,0,9,-1,-1,3,1,0.0,1.0,-1,3,70,1,1,2,12:22,7,2,9
202363A009123,2023,63A009123,2,1,1,1,45,7,2,0,0,0,0,0,1,3,W01000633,-1,0,1.0,0.0,-1,6,30,1,4,1,21:10,1,2,1
2023522300890,2023,522300890,1,1,1,2,41,7,3,0,0,0,0,0,9,3,E01014579,-1,0,0.00481,0.99519,-1,6,20,2,1,2,10:15,6,2,9
2023991337374,2023,991337374,1,1,1,1,75,10,2,0,0,0,0,0,9,8,-1,5,1,1.0,0.0,-1,6,20,2,1,2,11:10,3,2,9
2023141322351,2023,141322351,1,1,3,1,36,7,2,9,9,0,0,0,0,-1,-1,7,1,1.0,0.0,-1,6,30,1,1,1,17:15,7,1,9
2023631348313,2023,631348313,1,1,3,1,56,9,2,9,5,0,0,2,0,6,W01000645,7,1,1.0,0.0,-1,6,30,1,1,1,07:50,2,1,19
2023010460691,2023,010460691,1,1,1,1,64,9,3,0,0,0,0,0,1,6,E01001519,-1,0,0.0,1.0,-1,6,30,1,1,1,09:35,3,2,1
2023010472935,2023,010472935,1,1,1,1,24,5,3,0,0,0,0,0,3,3,E01001445,-1,0,0.0,1.0,-1,9,30,9,1,9,15:15,4,2,3
2023421367857,2023,421367857,1,3,2,1,36,7,3,0,0,1,0,0,9,-1,-1,3,1,0.0,1.0,-1,6,30,1,4,1,21:36,6,3,9
2023461366358,2023,461366358,2,1,1,1,53,8,3,0,0,0,0,0,9,8,E01016148,3,1,0.0,1.0,-1,6,30,1,1,1,15:55,2,2,9
2023010475778,2023,010475778,2,1,1,1,42,7,3,0,0,0,0,0,1,-1,-1,-1,0,0.0,1.0,-1,2,20,4,4,2,20:00,6,2,1
2023010430169,2023,010430169,1,2,2,1,35,6,2,0,0,1,0,0,9,-1,-1,-1,0,1.0,0.0,-1,1,30,1,4,1,01:45,6,1,9
2023010453139,2023,010453139,1,1,1,1,57,9,3,0,0,0,0,0,9,2,E01001328,-1,0,0.0,1.0,-1,6,20,1,1,1,03:50,5,1,9
2023311330838,2023,311330838,1,1,1,1,28,6,2,0,0,0,0,0,19,-1,-1,7,1,1.0,0.0,-1,7,60,2,1,2,07:37,4,1,19
2023052302734,2023,052302734,1,1,2,2,26,6,3,0,0,2,0,0,8,1,E01006734,-1,0,0.04009,0.95991,-1,6,30,5,4,2,17:10,3,2,8
2023010481109,2023,010481109,2,2,1,2,57,9,3,0,0,0,0,0,9,7,E01004597,-1,0,0.0,1.0,-1,6,20,1,1,1,08:10,5,2,9
2023540770123,2023,540770123,1,1,1,1,-1,-1,3,0,0,0,0,0,1,-1,-1,-1,0,0.02429,0.97571,-1,6,20,7,4,4,18:00,7,2,1
2023122301427,2023,122301427,2,1,2,1,34,6,3,0,0,2,0,0,8,8,E01003897,-1,0,0.01707,0.98293,-1,6,30,1,4,2,22:07,4,2,8
2023401349024,2023,401349024,1,1,2,1,18,4,3,0,0,1,0,0,9,2,E01015749,3,1,0.0,1.0,-1,6,30,1,4,2,22:35,7,2,9
2023421352276,2023,421352276,2,1,1,1,72,10,3,0,0,0,0,0,9,4,E01022022,3,1,0.0,1.0,-1,3,40,1,4,1,21:59,4,2,9
2023041380602,2023,041380602,1,1,1,1,21,5,2,0,0,0,0,0,9,9,E01025126,7,1,1.0,0.0,-1,6,60,1,6,4,20:05,4,1,9
2023141277548,2023,141277548,1,1,1,2,21,5,3,0,0,0,0,0,9,3,E01007747,3,1,0.0,1.0,-1,6,30,1,1,1,11:15,6,2,9
2023010430904,2023,010430904,1,1,1,1,32,6,2,0,0,0,0,0,1,9,E01002025,-1,0,1.0,0.0,-1,6,20,1,1,2,10:27,3,2,1
2023401375781,2023,401375781,2,2,2,2,79,11,3,0,0,1,0,0,9,10,E01017399,3,1,0.0,1.0,-1,6,30,1,7,2,05:21,7,2,9
2023052302101,2023,052302101,1,1,1,1,18,4,2,0,0,0,0,0,97,1,E01006741,-1,0,1.0,0.0,-1,6,20,1,1,1,13:30,1,1,97
2023031317176,2023,031317176,1,1,3,2,13,3,3,5,1,0,0,0,0,-1,-1,3,1,0.0,1.0,-1,6,40,1,1,1,18:55,7,1,9
2023010459933,2023,010459933,1,1,1,1,52,8,3,0,0,0,0,0,9,6,E01003665,-1,0,0.0,1.0,-1,6,30,1,1,1,18:53,5,2,9
2023411329167,2023,411329167,1,1,1,1,25,5,1,0,0,0,0,0,9,-1,-1,1,1,0.0,0.0,-1,6,30,1,1,1,13:54,5,1,9
2023421286833,2023,421286833,1,1,1,1,21,5,3,0,0,0,0,0,9,4,E01021839,3,1,0.0,1.0,-1,6,20,1,5,2,21:43,3,2,9
2023201290768,2023,201290768,1,1,1,1,44,7,3,0,0,0,0,0,-1,5,E01009798,3,1,0.0,1.0,-1,3,30,1,1,1,14:36,1,2,-1
2023010432653,2023,010432653,1,1,1,1,23,5,3,0,0,0,0,0,4,2,E01001432,-1,0,0.0,1.0,-1,3,30,1,1,1,14:48,1,2,4
2023010454401,2023,010454401,1,1,1,2,48,8,3,0,0,0,0,0,9,8,E01000659,-1,0,0.0,1.0,-1,6,30,8,1,1,07:55,5,2,9
202360A129504,2023,60A129504,2,5,2,2,29,6,3,0,0,1,0,0,9,-1,-1,-1,0,0.05065,0.94935,-1,6,60,2,1,2,11:28,2,3,9
2023010455192,2023,010455192,1,1,1,2,28,6,3,0,0,0,0,0,9,8,E01001614,-1,0,0.0,1.0,-1,6,20,2,1,2,12:25,6,2,9
2023010456560,2023,010456560,1,1,1,2,37,7,3,0,0,0,0,0,9,2,E01004264,-1,0,0.0,1.0,-1,6,20,8,1,1,07:50,6,2,9
2023041355557,2023,041355557,1,1,1,1,48,8,3,0,0,0,0,0,9,2,E01012579,3,1,0.0,1.0,-1,6,50,1,1,2,09:50,7,1,9
2023061353476,2023,061353476,2,1,2,2,40,7,3,0,0,1,0,0,9,3,E01005437,3,1,0.0,1.0,-1,3,30,1,4,1,20:30,3,2,9
2023010471334,2023,010471334,1,1,1,1,32,6,3,0,0,0,0,0,3,4,E01003053,-1,0,0.0,1.0,-1,9,20,9,1,9,15:20,3,2,3
2023131327260,2023,131327260,2,1,1,1,69,10,3,0,0,0,0,0,5,1,E01011750,3,1,0.0,1.0,-1,3,30,1,1,1,17:00,5,2,5
2023122300459,2023,122300459,2,2,1,2,20,4,3,0,0,0,0,0,9,5,E01027776,-1,0,0.02589,0.97411,-1,6,60,1,1,2,11:00,7,3,9
2023161330878,2023,161330878,2,2,1,2,29,6,3,0,0,0,0,0,9,6,E01012979,3,1,0.0,1.0,-1,6,60,1,1,1,11:00,4,2,9
2023311379792,2023,311379792,1,1,1,2,57,9,2,0,0,0,0,0,9,7,E01028154,5,1,1.0,0.0,-1,6,50,1,6,4,06:15,3,1,9
2023041347504,2023,041347504,3,1,1,2,18,4,3,0,0,0,0,0,9,7,E01019379,3,1,0.0,1.0,-1,3,70,1,1,1,13:15,5,4,9
2023201456181,2023,201456181,2,1,1,1,70,10,3,0,0,0,0,0,9,-1,-1,3,1,0.0,1.0,-1,6,30,1,1,1,13:27,5,2,9
2023221349760,2023,221349760,3,1,1,2,53,8,3,0,0,0,0,0,9,6,E01032200,3,1,0.0,1.0,-1,6,50,1,1,1,18:00,4,4,9
2023451298672,2023,451298672,4,1,1,1,58,9,3,0,0,0,0,0,9,2,E01023990,3,1,0.0,1.0,-1,6,40,1,1,1,07:00,4,5,9
2023461313114,2023,461313114,2,1,1,1,26,6,3,0,0,0,0,0,9,5,E01016034,3,1,0.0,1.0,-1,6,30,1,4,1,01:23,6,2,9
2023552300767,2023,552300767,2,1,1,2,33,6,3,0,0,0,0,0,-1,2,E01015430,-1,0,0.10386,0.89614,-1,6,30,1,1,1,19:36,6,2,-1
2023010480915,2023,010480915,1,1,3,1,13,3,3,4,2,0,0,0,0,4,E01003722,-1,0,0.0,1.0,-1,6,30,1,1,1,15:11,4,1,9
2023522300197,2023,522300197,1,1,1,2,28,6,3,0,0,0,0,0,1,3,E01014572,-1,0,0.02785,0.97215,-1,2,20,1,1,1,13:55,1,2,1
2023131371615,2023,131371615,1,1,1,1,17,4,2,0,0,0,0,0,9,10,E01010771,7,1,1.0,0.0,-1,6,20,2,4,2,00:05,1,2,9
2023201296061,2023,201296061,2,1,1,1,37,7,3,0,0,0,0,0,9,1,E01010466,3,1,0.0,1.0,-1,6,30,2,4,2,19:28,7,2,9
2023221357332,2023,221357332,2,1,1,1,26,6,2,0,0,0,0,0,9,2,E01010525,6,1,1.0,0.0,-1,6,60,1,1,2,13:41,3,2,9
2023340WN4082,2023,340WN4082,2,1,1,1,45,7,3,0,0,0,0,0,9,3,E01027240,-1,0,0.01579,0.98421,-1,6,30,1,1,1,19:00,4,2,9
2023041268269,2023,041268269,1,1,1,1,18,4,3,0,0,0,0,0,3,1,E01025287,3,1,0.0,1.0,-1,6,20,1,5,2,07:10,5,1,3
2023302300493,2023,302300493,2,2,1,1,29,6,3,0,0,0,0,0,-1,-1,-1,-1,0,0.14363,0.85637,-1,6,30,1,4,1,21:50,7,2,-1
2023010481201,2023,010481201,1,1,1,1,36,7,3,0,0,0,0,0,1,5,E01003946,-1,0,0.0,1.0,-1,6,20,1,1,1,09:41,5,2,1
2023332300314,2023,332300314,1,1,1,1,67,10,3,0,0,0,0,0,9,6,E01032603,-1,0,0.0508,0.9492,-1,1,50,1,1,1,15:30,4,2,9
2023440091661,2023,440091661,2,2,1,2,45,7,3,0,0,0,0,0,9,9,E01022778,-1,0,0.05173,0.94827,-1,6,40,2,4,2,19:43,2,2,9
2023451339628,2023,451339628,3,2,2,2,19,4,3,0,0,1,0,0,9,7,E01030956,3,1,0.0,1.0,-1,6,50,2,4,2,21:44,3,3,9
2023501370067,2023,501370067,2,1,1,1,32,6,3,0,0,0,0,0,9,1,E01015233,3,1,0.0,1.0,-1,6,60,1,1,2,05:35,6,2,9
2023010434040,2023,010434040,1,1,3,2,-1,-1,3,10,9,0,0,0,0,6,E01032567,-1,0,0.0,1.0,-1,6,30,1,1,1,16:35,6,1,11
2023010478234,2023,010478234,1,1,1,1,32,6,2,0,0,0,0,0,3,5,E01000994,-1,0,1.0,0.0,-1,6,30,5,7,2,17:05,1,2,3
202360A135173,2023,60A135173,3,1,1,1,54,8,2,0,0,0,0,0,5,-1,-1,-1,0,1.0,0.0,-1,6,30,1,1,1,14:45,3,3,5
2023070690461,2023,070690461,1,1,1,1,30,6,3,0,0,0,0,0,9,6,E01012465,-1,0,0.0971,0.9029,-1,1,30,1,4,1,01:41,1,1,9
2023141347712,2023,141347712,1,1,1,2,42,7,3,0,0,0,0,0,9,2,E01007556,3,1,0.0,1.0,-1,6,20,1,1,1,16:05,4,2,9
2023231265343,2023,231265343,3,3,2,2,61,9,3,0,0,1,0,0,9,5,W01000765,3,1,0.0,1.0,-1,6,40,2,1,2,11:57,7,3,9
2023302301204,2023,302301204,1,1,1,2,29,6,3,0,0,0,0,0,9,4,E01019573,-1,0,0.04149,0.95851,-1,3,30,1,1,2,17:09,5,2,9
2023351359234,2023,351359234,2,2,2,2,12,3,3,0,0,2,0,0,9,3,E01003926,3,1,0.0,1.0,-1,3,70,1,6,1,19:29,7,2,9
2023440194855,2023,440194855,2,1,1,1,26,6,3,0,0,0,0,0,1,2,E01017238,-1,0,0.06775,0.93225,-1,6,30,1,1,1,16:40,4,2,1
2023010480015,2023,010480015,2,2,1,1,52,8,3,0,0,0,0,0,9,6,E01000727,-1,0,0.0,1.0,-1,6,30,1,4,1,23:15,6,2,9
2023131305043,2023,131305043,1,1,2,2,83,11,2,0,0,1,0,0,9,9,E01011568,7,1,1.0,0.0,-1,6,20,2,1,2,13:50,2,1,9
2023231277622,2023,231277622,1,2,2,1,53,8,2,0,0,0,0,0,19,3,E01028232,5,1,1.0,0.0,-1,6,60,1,6,2,04:13,4,2,19
2023201362901,2023,201362901,1,1,3,2,37,7,3,9,5,0,0,2,0,-1,-1,3,1,0.0,1.0,-1,6,30,1,1,1,17:40,1,1,9
2023010480333,2023,010480333,2,1,1,1,24,5,3,0,0,0,0,0,1,3,E01003570,-1,0,0.0,1.0,-1,3,20,2,4,2,21:05,1,2,1
2023061358875,2023,061358875,1,1,2,1,18,4,3,0,0,-1,0,0,8,-1,-1,3,1,0.0,1.0,-1,7,30,8,1,-1,12:12,5,1,8
2023010422397,2023,010422397,1,1,1,1,37,7,3,0,0,0,0,0,9,-1,-1,-1,0,0.0,1.0,-1,6,40,8,5,1,12:20,6,3,9
2023141313014,2023,141313014,1,1,2,2,59,9,3,0,0,1,0,0,9,-1,-1,3,1,0.0,1.0,-1,6,20,1,1,1,18:10,2,2,9
2023421319870,2023,421319870,1,4,2,1,17,4,3,0,0,1,0,0,9,8,E01022093,3,1,0.0,1.0,-1,6,40,1,4,1,23:03,7,2,9
2023471285534,2023,471285534,2,1,1,2,52,8,3,0,0,0,0,0,9,7,E01031396,3,1,0.0,1.0,-1,6,40,2,6,2,19:42,3,2,9
2023221266406,2023,221266406,2,2,1,1,41,7,2,0,0,0,0,0,19,8,E01032186,7,1,1.0,0.0,-1,6,60,1,1,2,09:20,5,2,19
2023501339556,2023,501339556,2,1,1,1,55,8,3,0,0,0,0,0,21,3,E01018974,3,1,0.0,1.0,-1,6,60,8,1,2,13:37,3,2,21
2023141259939,2023,141259939,1,1,1,1,54,8,3,0,0,0,0,0,9,7,E01008135,3,1,0.0,1.0,-1,6,20,1,4,2,17:10,4,2,9
2023141334686,2023,141334686,1,1,3,1,10,2,2,7,9,0,0,0,0,7,E01007552,5,1,1.0,0.0,-1,3,40,4,1,1,13:05,7,1,9
2023161354596,2023,161354596,2,1,1,2,59,9,2,0,0,0,0,0,1,3,E01012759,7,1,1.0,0.0,-1,6,30,1,4,1,20:48,4,2,1
2023520000547,2023,520000547,2,1,1,2,20,4,3,0,0,0,0,0,1,8,E01014475,-1,0,0.10624,0.89376,-1,6,30,1,4,1,23:37,5,2,1
2023440318770,2023,440318770,1,1,1,1,33,6,3,0,0,0,0,0,3,8,E01032841,-1,0,0.19572,0.80428,-1,6,50,2,1,2,08:08,3,1,3
2023311310843,2023,311310843,2,1,1,1,24,5,3,0,0,0,0,0,5,4,E01013903,3,1,0.0,1.0,-1,6,30,1,1,1,07:54,4,2,5
2023010437580,2023,010437580,1,1,1,1,58,9,3,0,0,0,0,0,9,3,E01003293,-1,0,0.0,1.0,-1,6,20,2,4,2,23:48,3,2,9
2023070663111,2023,070663111,2,3,2,2,19,4,3,0,0,1,0,0,9,9,E01018585,-1,0,0.06459,0.93541,-1,6,30,2,4,2,22:15,6,3,9
2023231315337,2023,231315337,1,1,1,1,75,10,1,0,0,0,0,0,9,6,E01031282,1,1,0.0,0.0,-1,6,40,1,1,1,16:30,2,1,9
2023531387399,2023,531387399,2,1,1,1,44,7,3,0,0,0,0,0,9,8,E01022413,3,1,0.0,1.0,-1,6,50,1,1,1,08:00,3,2,9
2023411319029,2023,411319029,2,1,1,1,29,6,3,0,0,0,0,0,19,7,E01023334,3,1,0.0,1.0,-1,6,30,1,1,-1,16:21,3,2,19
2023501315214,2023,501315214,2,2,1,1,53,8,3,0,0,0,0,0,20,4,E01018887,3,1,0.0,1.0,-1,6,60,1,1,1,08:06,5,2,20
2023411358611,2023,411358611,1,1,1,2,-1,-1,3,0,0,0,0,0,1,6,E01023942,3,1,0.0,1.0,-1,6,20,1,1,1,17:40,4,2,1
2023461384211,2023,461384211,2,1,1,1,66,10,2,0,0,0,0,0,5,6,E01032798,7,1,1.0,0.0,-1,3,50,1,1,2,17:43,3,2,5
2023552301440,2023,552301440,1,1,1,1,41,7,3,0,0,0,0,0,5,8,E01015314,-1,0,0.12476,0.87524,-1,6,30,1,1,1,14:51,7,1,5
2023371347587,2023,371347587,1,2,2,1,17,4,2,0,0,2,0,0,9,8,E01030065,7,1,1.0,0.0,-1,6,60,1,1,2,18:00,1,1,9
2023991332884,2023,991332884,1,3,1,1,24,5,3,0,0,0,0,0,9,3,-1,3,1,0.0,1.0,-1,6,60,1,1,1,19:13,1,1,9
2023991369482,2023,991369482,2,2,1,2,79,11,2,0,0,0,0,0,9,1,-1,7,1,1.0,0.0,-1,3,50,1,1,2,13:50,4,2,9
2023430114726,2023,430114726,2,1,1,1,40,7,3,0,0,0,0,0,19,-1,-1,-1,0,0.04439,0.95561,-1,6,40,1,1,1,16:35,3,3,19
2023430453620,2023,430453620,2,2,1,1,43,7,3,0,0,0,0,0,21,8,E01019854,-1,0,0.04109,0.95891,-1,3,70,1,1,1,12:37,2,2,21
2023351315892,2023,351315892,2,1,1,2,37,7,3,0,0,0,0,0,9,9,E01018211,3,1,0.0,1.0,-1,6,60,1,1,-1,17:15,7,2,9
2023010427808,2023,010427808,1,1,1,1,42,7,3,0,0,0,0,0,9,2,E01000905,-1,0,0.0,1.0,-1,3,40,1,4,2,03:52,7,2,9
2023461396674,2023,461396674,1,1,3,2,51,8,3,10,7,0,0,0,0,4,E01024771,3,1,0.0,1.0,-1,6,30,1,1,2,14:01,1,2,9
2023010452996,2023,010452996,1,1,1,1,26,6,3,0,0,0,0,0,1,1,E01004721,-1,0,0.0,1.0,-1,2,20,9,1,9,14:15,2,2,1
2023010448064,2023,010448064,1,1,1,1,52,8,3,0,0,0,0,0,9,3,E01003372,-1,0,0.0,1.0,-1,6,30,1,1,1,15:36,6,2,9
2023101372849,2023,101372849,1,1,1,1,61,9,2,0,0,0,0,0,9,8,E01027554,6,1,1.0,0.0,-1,6,30,8,4,2,18:50,4,1,9
2023302301058,2023,302301058,2,1,1,1,41,7,3,0,0,0,0,0,9,4,E01019481,-1,0,0.02248,0.97752,-1,6,30,4,1,2,16:12,1,2,9
2023111389247,2023,111389247,1,1,1,1,80,11,1,0,0,0,0,0,9,6,E01020864,1,1,0.0,0.0,-1,6,60,1,1,2,15:28,7,2,9
2023461284724,2023,461284724,2,1,1,1,27,6,3,0,0,0,0,0,1,10,E01024825,3,1,0.0,1.0,-1,6,30,1,1,1,15:00,2,2,1
2023440050755,2023,440050755,1,1,1,1,21,5,3,0,0,0,0,0,4,9,E01022699,-1,0,0.19398,0.80602,-1,6,30,1,1,1,15:59,2,3,4
2023451371388,2023,451371388,1,1,1,2,71,10,3,0,0,0,0,0,9,10,E01030907,3,1,0.0,1.0,-1,1,50,1,4,1,20:10,2,2,9
2023052301901,2023,052301901,2,1,1,2,34,6,3,0,0,0,0,0,9,6,E01031557,-1,0,0.03366,0.96634,-1,3,30,1,4,1,21:15,2,2,9
2023991388842,2023,991388842,2,1,2,2,74,10,2,0,0,2,0,0,9,8,-1,5,1,1.0,0.0,-1,6,60,1,6,2,16:40,6,3,9
2023131305961,2023,131305961,1,1,3,1,30,6,2,10,9,0,0,2,0,1,E01011347,7,1,1.0,0.0,-1,3,40,1,1,1,18:30,4,1,-1
2023201282976,2023,201282976,1,2,3,2,21,5,2,1,3,0,0,2,0,2,E01010528,7,1,1.0,0.0,-1,3,30,1,4,1,18:31,6,1,9
2023991347589,2023,991347589,1,1,3,2,2,1,3,6,9,0,0,0,0,10,-1,3,1,0.0,1.0,-1,6,20,1,1,1,09:02,6,1,9
2023010434398,2023,010434398,1,2,1,-1,-1,-1,3,0,0,0,0,0,9,9,E01024440,-1,0,0.0,1.0,-1,6,20,2,1,2,09:00,1,2,9
2023552301355,2023,552301355,1,1,1,1,57,9,3,0,0,0,0,0,9,7,E01020550,-1,0,0.05161,0.94839,-1,6,30,1,6,2,17:36,4,2,9
2023610016223,2023,610016223,1,1,1,1,49,8,3,0,0,0,0,0,9,3,W01001546,-1,0,0.17961,0.82039,-1,3,50,1,1,1,18:20,1,2,9
2023010436327,2023,010436327,1,1,1,1,50,8,3,0,0,0,0,0,19,2,E01001982,-1,0,0.0,1.0,-1,3,20,1,1,1,13:38,6,2,19
2023201393044,2023,201393044,3,1,1,1,31,6,3,0,0,0,0,0,9,-1,-1,3,1,0.0,1.0,-1,6,30,4,4,2,01:45,2,3,9
2023401378099,2023,401378099,1,1,1,1,46,8,3,0,0,0,0,0,9,2,E01015787,3,1,0.0,1.0,-1,6,30,8,1,2,13:10,7,2,9
2023631356244,2023,631356244,2,1,1,2,56,9,3,0,0,0,0,0,9,5,E01027017,3,1,0.0,1.0,-1,6,60,1,6,1,20:33,2,2,9
2023010450923,2023,010450923,2,1,1,1,30,6,3,0,0,0,0,0,-1,1,E01004236,-1,0,0.0,1.0,-1,6,30,1,1,1,05:57,6,2,-1
2023111343653,2023,111343653,1,2,3,2,12,3,3,5,1,0,0,0,0,4,E01020825,3,1,0.0,1.0,-1,6,30,1,1,1,16:40,1,1,9
2023010444937,2023,010444937,1,1,1,2,69,10,3,0,0,0,0,0,9,1,E01020759,-1,0,0.0,1.0,-1,6,20,1,1,1,16:34,3,2,9
2023302300045,2023,302300045,1,1,2,2,21,5,3,0,0,1,0,0,9,2,E01019863,-1,0,0.02922,0.97078,-1,1,30,2,4,2,19:07,1,2,9
2023361341270,2023,361341270,1,2,1,2,43,7,3,0,0,0,0,0,9,-1,-1,3,1,0.0,1.0,-1,3,30,1,1,1,20:25,1,2,9
2023421345880,2023,421345880,1,1,1,2,70,10,3,0,0,0,0,0,9,6,E01033054,3,1,0.0,1.0,-1,6,60,1,6,1,22:06,7,1,9