collision_index,collision_year,collision_ref_no,vehicle_reference,casualty_reference,casualty_class,sex_of_casualty,age_of_casualty,age_band_of_casualty,casualty_severity,pedestrian_location,pedestrian_movement,car_passenger,bus_or_coach_passenger,pedestrian_road_maintenance_worker,casualty_type,casualty_imd_decile,lsoa_of_casualty,enhanced_casualty_severity,casualty_injury_based,casualty_adjusted_severity_serious,casualty_adjusted_severity_slight,casualty_distance_banding,road_type,speed_limit,weather_conditions,light_conditions,road_surface_conditions,time,day_of_week,number_of_vehicles,vehicle_type
2023552301164,2023,552301164,1,2,2,1,17,4,3,0,0,1,0,0,9,6,E01020398,-1,0,0.05658,0.94342,-1,6,40,1,6,1,22:34,6,1,9
2023010459390,2023,010459390,1,1,3,2,35,6,2,8,1,0,0,0,0,4,E01001317,-1,0,1.0,0.0,-1,6,30,1,1,1,14:30,2,1,19
2023070673205,2023,070673205,1,1,3,1,24,5,3,8,5,0,0,1,0,2,E01012439,-1,0,0.08497,0.91503,-1,6,30,1,1,1,09:10,3,1,21
2023071234158,2023,071234158,1,1,1,1,49,8,3,0,0,0,0,0,1,3,E01018482,-1,0,0.13572,0.86428,-1,6,30,1,1,1,12:34,4,2,1
2023351313283,2023,351313283,2,1,1,2,45,7,3,0,0,0,0,0,9,4,E01015623,3,1,0.0,1.0,-1,9,20,1,1,1,18:00,5,2,9
2023522301582,2023,522301582,2,2,1,1,80,11,3,0,0,0,0,0,9,10,E01014749,-1,0,0.06655,0.93345,-1,6,40,1,1,1,13:05,1,2,9
2023302301507,2023,302301507,1,2,2,-1,-1,-1,3,0,0,0,-1,0,11,5,E01019456,-1,0,0.00605,0.99395,-1,6,30,1,1,1,14:00,5,2,11
2023451265104,2023,451265104,1,1,3,1,13,3,3,5,3,0,0,0,0,-1,-1,3,1,0.0,1.0,-1,6,40,1,4,2,16:45,4,1,5
2023201341335,2023,201341335,2,1,1,1,32,6,2,0,0,0,0,0,5,3,E01009448,6,1,1.0,0.0,-1,3,30,1,1,1,16:00,4,2,5
2023010453883,2023,010453883,1,2,2,2,11,3,3,0,0,1,0,0,9,8,E01001604,-1,0,0.0,1.0,-1,6,30,1,1,1,16:53,6,2,9
2023010482114,2023,010482114,2,2,2,2,34,6,3,0,0,1,0,0,9,2,E01000073,-1,0,0.0,1.0,-1,6,30,1,1,2,09:12,3,2,9
2023061303653,2023,061303653,3,2,2,1,23,5,3,0,0,1,0,0,9,-1,-1,3,1,0.0,1.0,-1,6,30,1,1,1,17:45,3,3,9
2023071049996,2023,071049996,2,1,1,1,31,6,3,0,0,0,0,0,9,-1,-1,-1,0,0.01106,0.98894,-1,6,30,1,7,1,19:25,1,2,9
2023411353948,2023,411353948,2,2,1,1,57,9,3,0,0,0,0,0,9,5,E01023643,3,1,0.0,1.0,-1,3,70,1,1,1,17:22,2,2,9
2023451296634,2023,451296634,1,1,1,1,32,6,3,0,0,0,0,0,9,3,E01030901,3,1,0.0,1.0,-1,6,30,1,4,1,23:05,6,2,9
2023991387967,2023,991387967,1,2,1,1,17,4,2,0,0,0,0,0,9,6,-1,7,1,1.0,0.0,-1,6,40,1,4,1,20:44,2,1,9
2023070131836,2023,070131836,1,1,3,1,10,2,3,1,3,0,0,0,0,3,E01018731,-1,0,0.12285,0.87715,-1,6,30,1,1,1,15:27,3,1,9
2023010433228,2023,010433228,1,2,2,2,61,9,3,0,0,1,0,0,9,2,E01000781,-1,0,0.0,1.0,-1,6,30,8,1,2,14:35,2,1,9
2023461374332,2023,461374332,2,1,1,1,28,6,3,0,0,0,0,0,9,4,E01001182,3,1,0.0,1.0,-1,3,70,2,6,2,01:32,1,2,9
2023421393587,2023,421393587,2,2,1,1,63,9,2,0,0,0,0,0,19,4,E01015990,5,1,1.0,0.0,-1,6,60,2,1,5,14:59,1,2,19
2023231379771,2023,231379771,1,1,1,1,18,4,3,0,0,0,0,0,9,10,E01031134,3,1,0.0,1.0,-1,6,50,1,1,2,07:53,6,2,9
2023401352486,2023,401352486,2,1,1,2,27,6,3,0,0,0,0,0,9,7,E01003815,3,1,0.0,1.0,-1,3,60,1,1,-1,05:40,5,2,9
2023991324587,2023,991324587,1,1,1,1,33,6,2,0,0,0,0,0,9,5,-1,7,1,1.0,0.0,-1,6,60,2,1,2,21:00,6,1,9
2023991377303,2023,991377303,2,1,1,1,33,6,3,0,0,0,0,0,9,1,-1,3,1,0.0,1.0,-1,3,30,1,4,1,16:50,3,2,9
2023320134060,2023,320134060,1,1,1,1,36,7,2,0,0,0,0,0,20,5,E01026361,-1,0,1.0,0.0,-1,6,60,1,6,1,01:42,7,1,20
2023461375609,2023,461375609,2,1,1,1,35,6,3,0,0,0,0,0,1,5,E01024577,3,1,0.0,1.0,-1,6,30,1,1,1,07:00,2,2,1
2023451327020,2023,451327020,1,1,1,2,86,11,2,0,0,0,0,0,9,10,E01030327,6,1,1.0,0.0,-1,6,30,8,1,1,13:20,6,1,9
2023631366828,2023,631366828,2,1,1,1,31,6,3,0,0,0,0,0,9,3,W01000607,3,1,0.0,1.0,-1,6,20,1,1,2,09:50,4,2,9
2023201293083,2023,201293083,1,1,3,2,44,7,3,4,3,0,0,2,0,6,E01009968,3,1,0.0,1.0,-1,3,30,1,4,1,19:20,2,1,9
2023201400895,2023,201400895,1,1,3,1,9,2,3,5,1,0,0,0,0,1,E01009080,3,1,0.0,1.0,-1,6,30,1,1,1,14:34,2,1,9
2023010481098,2023,010481098,1,1,1,1,23,5,2,0,0,0,0,0,1,4,E01001854,-1,0,1.0,0.0,-1,6,20,1,1,1,07:45,5,2,1
2023351271914,2023,351271914,2,1,1,1,16,4,3,0,0,0,0,0,1,6,E01017962,3,1,0.0,1.0,-1,1,40,1,4,-1,21:14,2,2,1
2023070314534,2023,070314534,1,1,1,1,45,7,3,0,0,0,0,0,9,5,E01029774,-1,0,0.14449,0.85551,-1,3,70,1,4,1,23:14,5,1,9
2023161371063,2023,161371063,1,1,1,1,31,6,3,0,0,0,0,0,9,1,E01012842,3,1,0.0,1.0,-1,6,30,2,4,2,17:15,5,2,9
2023421366711,2023,421366711,3,1,1,1,39,7,3,0,0,0,0,0,9,2,E01013625,3,1,0.0,1.0,-1,3,70,1,1,2,13:59,7,3,9
2023461348472,2023,461348472,1,1,1,2,61,9,3,0,0,0,0,0,9,6,E01016075,3,1,0.0,1.0,-1,1,30,1,1,1,11:55,6,2,9
2023622300843,2023,622300843,1,1,1,2,28,6,3,0,0,0,0,0,9,8,W01000797,-1,0,0.05789,0.94211,-1,6,60,1,4,2,21:28,3,1,9
2023991312433,2023,991312433,2,4,1,2,35,6,3,0,0,0,0,0,9,6,-1,3,1,0.0,1.0,-1,6,30,1,1,1,19:00,1,2,9
2023991313497,2023,991313497,1,1,1,1,18,4,3,0,0,0,0,0,9,6,-1,3,1,0.0,1.0,-1,3,70,1,1,1,18:34,3,2,9
2023311373912,2023,311373912,2,1,1,1,24,5,3,0,0,0,0,0,19,5,E01019439,3,1,0.0,1.0,-1,6,30,1,1,1,09:56,2,2,19
2023010454322,2023,010454322,2,1,1,1,38,7,3,0,0,0,0,0,1,4,E01002672,-1,0,0.0,1.0,-1,6,20,1,1,1,09:33,2,2,1
2023010430480,2023,010430480,1,1,1,1,31,6,3,0,0,0,0,0,8,4,E01001150,-1,0,0.0,1.0,-1,3,20,1,4,1,20:46,7,2,8
2023010446091,2023,010446091,1,1,1,1,36,7,3,0,0,0,0,0,9,10,E01023563,-1,0,0.0,1.0,-1,1,30,1,4,1,22:00,1,2,9
2023010446783,2023,010446783,2,2,1,1,55,8,3,0,0,0,0,0,9,8,E01002334,-1,0,0.0,1.0,-1,6,30,1,1,1,16:27,7,2,9
2023332301255,2023,332301255,1,1,1,2,42,7,3,0,0,0,0,0,9,8,E01032598,-1,0,0.01582,0.98418,-1,1,30,1,4,1,18:36,7,3,9
2023440315825,2023,440315825,1,1,1,1,40,7,3,0,0,0,0,0,9,3,E01023120,-1,0,0.19835,0.80165,-1,7,60,2,6,2,22:05,7,1,9
2023010461022,2023,010461022,1,1,3,2,46,8,3,6,9,0,0,0,0,3,E01003104,-1,0,0.0,1.0,-1,6,20,1,1,1,11:20,5,1,9
2023010445016,2023,010445016,2,1,1,1,47,8,3,0,0,0,0,0,1,9,E01004625,-1,0,0.0,1.0,-1,6,30,1,1,1,10:10,1,2,1
2023332300850,2023,332300850,2,1,1,1,20,4,2,0,0,0,0,0,1,1,E01013628,-1,0,1.0,0.0,-1,2,30,1,1,1,14:30,4,2,1
2023010442727,2023,010442727,1,1,1,1,46,8,3,0,0,0,0,0,9,2,E01009573,-1,0,0.0,1.0,-1,6,20,1,1,1,09:30,7,2,9
2023440531763,2023,440531763,1,1,1,1,19,4,3,0,0,0,0,0,9,2,E01017322,-1,0,0.11052,0.88948,-1,6,60,1,1,2,10:43,1,1,9
2023622300986,2023,622300986,2,4,2,1,30,6,3,0,0,1,0,0,9,2,W01001212,-1,0,0.01045,0.98955,-1,6,30,1,4,1,17:04,4,3,9
2023061276200,2023,061276200,1,4,1,1,24,5,3,0,0,0,0,0,19,8,E01005571,3,1,0.0,1.0,-1,6,30,1,1,1,08:45,3,1,19
2023311300435,2023,311300435,1,1,1,1,41,7,3,0,0,0,0,0,1,4,E01028305,3,1,0.0,1.0,-1,6,30,1,4,2,00:17,6,1,1
2023131403194,2023,131403194,1,1,1,2,17,4,3,0,0,0,0,0,9,7,E01007356,3,1,0.0,1.0,-1,6,30,1,1,1,14:07,6,2,9
2023421290939,2023,421290939,2,3,1,1,33,6,3,0,0,0,0,0,9,6,E01015821,3,1,0.0,1.0,-1,6,30,1,1,1,12:08,2,2,9
2023522400182,2023,522400182,1,1,1,2,42,7,3,0,0,0,0,0,9,3,E01014807,-1,0,0.02133,0.97867,-1,6,30,4,4,2,17:08,1,2,9
2023501360544,2023,501360544,2,1,1,1,33,6,3,0,0,0,0,0,3,5,E01018921,3,1,0.0,1.0,-1,6,30,1,1,1,13:28,6,2,3
2023501341789,2023,501341789,1,2,2,2,17,4,2,0,0,-1,0,0,9,7,E01020526,5,1,1.0,0.0,-1,6,60,2,6,2,04:23,2,1,9
2023471320074,2023,471320074,2,1,1,1,-1,-1,3,0,0,0,0,0,3,9,E01031623,3,1,0.0,1.0,-1,6,30,1,4,1,15:29,7,2,3
202354B441923,2023,54B441923,1,2,2,1,20,4,3,0,0,2,0,0,9,5,E01032113,-1,0,0.07444,0.92556,-1,6,30,1,1,2,09:05,1,1,9
2023041301309,2023,041301309,6,4,1,1,51,8,3,0,0,0,0,0,19,1,E01006360,3,1,0.0,1.0,-1,3,70,1,1,1,07:33,2,6,19
2023070360265,2023,070360265,2,1,1,1,61,9,1,0,0,0,0,0,9,9,E01007195,-1,0,0.0,0.0,-1,3,70,1,4,1,03:45,7,2,9
2023201347470,2023,201347470,1,1,1,1,31,6,3,0,0,0,0,0,9,-1,-1,3,1,0.0,1.0,-1,6,20,1,1,1,08:19,4,2,9
2023340NN4402,2023,340NN4402,2,2,1,2,20,4,3,0,0,0,0,0,9,10,E01027077,-1,0,0.03963,0.96037,-1,3,70,1,1,2,14:55,6,3,9
2023440512827,2023,440512827,1,1,1,2,35,6,2,0,0,0,0,0,9,9,E01031879,-1,0,1.0,0.0,-1,3,70,1,6,2,06:34,7,1,9
2023451344754,2023,451344754,1,1,1,1,82,11,3,0,0,0,0,0,9,10,E01001124,3,1,0.0,1.0,-1,6,40,1,1,1,10:10,4,2,9
2023010464589,2023,010464589,2,1,1,2,59,9,3,0,0,0,0,0,1,8,E01000179,-1,0,0.0,1.0,-1,2,30,1,1,1,15:14,5,2,1
2023451362008,2023,451362008,2,1,1,1,28,6,3,0,0,0,0,0,1,6,E01030363,3,1,0.0,1.0,-1,6,40,2,6,2,20:45,4,2,1
2023371357780,2023,371357780,2,2,1,1,36,7,3,0,0,0,0,0,9,7,E01018026,3,1,0.0,1.0,-1,6,30,1,1,1,16:15,6,2,9
2023501310142,2023,501310142,2,2,1,1,54,8,3,0,0,0,0,0,9,4,E01020322,3,1,0.0,1.0,-1,6,60,1,1,1,17:16,3,3,9
2023991267966,2023,991267966,2,1,1,1,20,4,2,0,0,0,0,0,9,5,-1,7,1,1.0,0.0,-1,6,60,2,1,2,07:52,4,2,9
2023991390166,2023,991390166,1,2,2,2,56,9,2,0,0,1,0,0,9,5,-1,5,1,1.0,0.0,-1,6,60,1,1,2,10:25,3,2,9
2023302300362,2023,302300362,1,1,3,2,54,8,3,5,4,0,0,0,0,5,E01013545,-1,0,0.08854,0.91146,-1,6,30,2,1,2,12:00,4,1,9
2023430359506,2023,430359506,1,1,1,1,25,5,2,0,0,0,0,0,3,7,E01028480,-1,0,1.0,0.0,-1,6,60,1,1,1,10:23,7,1,3
2023041327484,2023,041327484,2,1,1,1,38,7,2,0,0,0,0,0,9,1,E01012656,7,1,1.0,0.0,-1,6,30,1,1,1,10:03,1,2,9
2023141308012,2023,141308012,1,1,1,1,29,6,3,0,0,0,0,0,9,9,E01007808,3,1,0.0,1.0,-1,3,40,1,1,1,17:17,1,2,9
2023070445151,2023,070445151,1,1,3,2,42,7,3,1,1,0,0,0,0,10,E01018387,-1,0,0.0653,0.9347,-1,1,30,1,1,1,10:00,5,1,9
2023161368984,2023,161368984,1,1,3,2,65,9,3,10,7,0,0,2,0,2,E01032595,3,1,0.0,1.0,-1,6,30,1,1,2,11:30,2,1,9
2023991321077,2023,991321077,1,1,3,2,39,7,3,9,8,0,0,0,0,10,-1,3,1,0.0,1.0,-1,6,30,1,1,1,11:40,3,1,9
2023401317740,2023,401317740,2,1,1,1,15,3,3,0,0,0,0,0,1,2,E01015787,3,1,0.0,1.0,-1,6,30,1,1,1,18:40,4,2,1
2023010456034,2023,010456034,1,1,1,1,34,6,3,0,0,0,0,0,3,4,E01002231,-1,0,0.0,1.0,-1,6,30,1,1,2,08:00,4,2,3
2023201315039,2023,201315039,1,1,1,-1,42,7,3,0,0,0,0,0,9,2,E01033641,3,1,0.0,1.0,-1,6,20,1,4,1,21:28,6,2,9
2023221390242,2023,221390242,2,2,1,2,78,11,3,0,0,0,0,0,9,6,W01001129,3,1,0.0,1.0,-1,3,60,2,4,2,19:31,1,2,9
2023461355272,2023,461355272,3,3,2,2,19,4,3,0,0,2,0,0,9,8,E01000655,3,1,0.0,1.0,-1,6,30,1,1,1,07:40,5,3,9
2023010424119,2023,010424119,1,1,1,1,42,7,3,0,0,0,0,0,9,2,E01002741,-1,0,0.0,1.0,-1,3,20,1,4,1,02:45,1,3,9
2023340NN0882,2023,340NN0882,2,1,1,1,60,9,2,0,0,0,0,0,9,9,E01027284,-1,0,1.0,0.0,-1,3,70,1,1,1,07:28,2,2,9
2023461351661,2023,461351661,2,1,2,2,5,1,3,0,0,2,0,0,9,9,E01016104,3,1,0.0,1.0,-1,3,70,1,1,1,12:20,7,2,9
2023552300255,2023,552300255,2,1,1,1,74,10,2,0,0,0,0,0,9,-1,-1,-1,0,1.0,0.0,-1,6,60,1,1,1,17:14,1,2,9
2023201416968,2023,201416968,1,2,2,1,64,9,3,0,0,-1,0,0,9,6,E01028842,3,1,0.0,1.0,-1,6,30,1,4,1,22:06,7,1,9
2023351282340,2023,351282340,2,2,1,1,40,7,3,0,0,0,0,0,9,5,E01018041,3,1,0.0,1.0,-1,6,60,1,1,2,07:10,2,2,9
2023131307616,2023,131307616,1,1,2,2,65,9,2,0,0,0,0,0,11,1,E01011426,7,1,1.0,0.0,-1,6,30,1,1,2,12:10,2,1,11
2023122300315,2023,122300315,2,2,1,1,45,7,2,0,0,0,0,0,9,7,E01027633,-1,0,1.0,0.0,-1,6,60,1,1,1,12:45,7,2,9
2023201304917,2023,201304917,2,1,1,1,58,9,3,0,0,0,0,0,9,8,W01001752,3,1,0.0,1.0,-1,3,70,1,1,1,14:33,5,2,9
2023201393568,2023,201393568,2,1,1,1,20,4,3,0,0,0,0,0,9,1,E01010052,3,1,0.0,1.0,-1,3,40,1,1,1,18:52,5,3,9
2023311267851,2023,311267851,2,1,1,2,33,6,3,0,0,0,0,0,9,5,E01028243,3,1,0.0,1.0,-1,6,50,1,1,1,12:10,1,2,9
2023461322874,2023,461322874,2,1,2,1,48,8,3,0,0,1,0,0,9,3,E01024047,3,1,0.0,1.0,-1,6,60,1,1,1,16:55,5,2,9
2023522400768,2023,522400768,1,1,1,1,56,9,3,0,0,0,0,0,9,10,E01014874,-1,0,0.01012,0.98988,-1,1,30,1,1,1,10:24,4,2,9
2023131301294,2023,131301294,2,1,1,1,35,6,3,0,0,0,0,0,1,5,E01011749,3,1,0.0,1.0,-1,1,30,1,1,1,18:22,3,2,1
2023401288515,2023,401288515,2,1,1,1,15,3,3,0,0,0,0,0,1,2,E01017594,3,1,0.0,1.0,-1,6,60,1,6,-1,19:15,7,2,1
2023010426824,2023,010426824,1,1,1,1,36,7,3,0,0,0,0,0,4,6,E01003152,-1,0,0.0,1.0,-1,6,20,7,1,1,07:38,6,2,4
2023430219802,2023,430219802,2,2,2,1,0,1,3,0,0,2,0,0,9,8,E01027288,-1,0,0.02333,0.97667,-1,6,60,1,1,1,16:48,6,2,9
2023451260702,2023,451260702,1,1,1,1,74,10,3,0,0,0,0,0,9,9,E01030718,3,1,0.0,1.0,-1,6,30,2,1,2,11:45,7,2,9
2023010422759,2023,010422759,1,2,2,2,44,7,3,0,0,0,4,0,11,4,E01002507,-1,0,0.0,1.0,-1,6,30,1,4,1,17:49,7,1,11
2023332300474,2023,332300474,1,1,1,2,35,6,3,0,0,0,0,0,9,2,E01032872,-1,0,0.01776,0.98224,-1,6,30,1,1,1,16:30,6,2,9
2023461276940,2023,461276940,1,1,1,2,85,11,3,0,0,0,0,0,9,9,E01024369,3,1,0.0,1.0,-1,6,30,1,1,1,13:25,6,2,9
2023541587323,2023,541587323,1,1,1,1,18,4,3,0,0,0,0,0,9,9,E01032026,-1,0,0.03721,0.96279,-1,6,30,1,6,1,17:52,1,1,9
2023622300170,2023,622300170,2,3,2,2,68,10,3,0,0,1,0,0,9,5,W01001291,-1,0,0.02899,0.97101,-1,6,40,2,1,2,14:18,5,2,9
2023991260146,2023,991260146,1,1,1,1,78,11,3,0,0,0,0,0,9,8,-1,3,1,0.0,1.0,-1,6,30,2,4,2,16:33,5,1,9
2023201311021,2023,201311021,1,1,3,1,7,2,3,5,2,0,0,0,0,2,E01009393,3,1,0.0,1.0,-1,2,20,1,1,1,19:18,6,1,9
2023332300026,2023,332300026,2,1,1,1,22,5,3,0,0,0,0,0,1,8,E01030879,-1,0,0.06749,0.93251,-1,1,50,1,1,1,09:30,4,2,1
2023070373244,2023,070373244,1,1,1,1,60,9,3,0,0,0,0,0,5,8,W01000418,-1,0,0.24847,0.75153,-1,6,50,1,1,1,13:25,4,2,5
2023010451234,2023,010451234,3,2,1,2,24,5,3,0,0,0,0,0,9,8,E01002452,-1,0,0.0,1.0,-1,3,70,1,1,1,15:44,7,4,9
2023131329612,2023,131329612,1,3,2,2,18,4,2,0,0,2,0,0,9,1,E01010777,6,1,1.0,0.0,-1,3,40,1,1,1,05:40,7,1,9
2023471337503,2023,471337503,2,1,1,1,38,7,3,0,0,0,0,0,9,4,E01020928,3,1,0.0,1.0,-1,6,20,1,1,1,16:45,2,2,9
2023471368749,2023,471368749,2,2,1,2,36,7,3,0,0,0,0,0,9,4,E01020971,3,1,0.0,1.0,-1,3,70,1,1,2,08:40,5,2,9
2023991323776,2023,991323776,1,2,2,1,69,10,3,0,0,1,0,0,9,8,-1,3,1,0.0,1.0,-1,6,40,1,1,1,15:10,4,2,9
2023010466117,2023,010466117,1,1,1,1,34,6,3,0,0,0,0,0,19,7,E01003369,-1,0,0.0,1.0,-1,6,30,1,1,1,16:00,4,2,19
2023430446000,2023,430446000,2,1,1,1,31,6,3,0,0,0,0,0,9,-1,-1,-1,0,0.04678,0.95322,-1,6,40,1,1,1,14:20,3,2,9
2023010484215,2023,010484215,1,1,1,1,40,7,3,0,0,0,0,0,3,7,E01015493,-1,0,0.0,1.0,-1,6,20,1,1,1,13:05,6,2,3
2023122301192,2023,122301192,1,2,2,2,17,4,3,0,0,1,0,0,9,6,E01027849,-1,0,0.08939,0.91061,-1,6,60,1,6,1,00:01,5,1,9
2023522300518,2023,522300518,2,1,1,2,30,6,3,0,0,0,0,0,1,7,E01014561,-1,0,0.02914,0.97086,-1,6,20,8,4,1,07:39,5,2,1
2023101379245,2023,101379245,2,2,1,2,46,8,3,0,0,0,0,0,9,2,E01008753,3,1,0.0,1.0,-1,6,30,1,1,1,08:20,3,2,9
2023131322402,2023,131322402,1,1,1,1,38,7,2,0,0,0,0,0,9,-1,-1,6,1,1.0,0.0,-1,6,40,1,1,1,05:36,1,2,9
2023161374182,2023,161374182,1,1,1,2,44,7,3,0,0,0,0,0,9,1,E01012833,3,1,0.0,1.0,-1,6,30,4,4,1,21:00,2,3,9
2023991347620,2023,991347620,2,2,2,1,18,4,3,0,0,2,0,0,9,2,E01001448,3,1,0.0,1.0,-1,6,20,1,1,1,18:50,5,2,9
2023552301334,2023,552301334,1,1,1,2,85,11,3,0,0,0,0,0,22,4,E01015343,-1,0,0.15159,0.84841,-1,6,30,1,1,1,14:15,2,2,22
2023010481021,2023,010481021,1,1,3,2,46,8,3,5,1,0,0,0,0,10,E01023839,-1,0,0.0,1.0,-1,6,30,1,4,4,07:00,5,1,9
2023201343057,2023,201343057,1,1,3,1,4,1,3,1,1,0,0,0,0,1,E01009345,3,1,0.0,1.0,-1,6,30,1,1,1,19:15,7,1,9
2023311298632,2023,311298632,1,1,1,2,26,6,3,0,0,0,0,0,9,2,E01013872,3,1,0.0,1.0,-1,6,30,1,4,1,22:00,4,2,9
2023340WN4492,2023,340WN4492,3,1,1,1,21,5,3,0,0,0,0,0,9,8,E01027211,-1,0,0.0053,0.9947,-1,6,40,1,1,1,17:37,3,3,9
2023411271236,2023,411271236,2,1,1,1,33,6,3,0,0,0,0,0,9,3,E01003575,3,1,0.0,1.0,-1,1,30,2,4,2,04:50,3,3,9
2023991331965,2023,991331965,1,1,1,1,67,10,2,0,0,0,0,0,9,1,-1,5,1,1.0,0.0,-1,3,70,1,1,2,20:00,5,1,9
2023501356243,2023,501356243,1,2,1,1,22,5,3,0,0,0,0,0,19,6,E01020202,3,1,0.0,1.0,-1,6,60,2,1,2,08:33,4,2,19
2023010506574,2023,010506574,1,1,3,1,35,6,3,5,1,0,0,0,0,3,E01001762,-1,0,0.0,1.0,-1,2,20,1,4,1,17:43,3,1,8
2023421267554,2023,421267554,1,1,3,1,16,4,3,5,2,0,0,0,0,10,E01021625,3,1,0.0,1.0,-1,6,30,1,4,1,16:33,3,1,9
2023622300315,2023,622300315,1,1,3,1,62,9,3,5,3,0,0,0,0,2,W01001138,-1,0,0.07261,0.92739,-1,2,30,1,1,1,09:41,5,1,9
2023111278522,2023,111278522,1,2,2,1,18,4,3,0,0,1,0,0,9,4,E01020887,3,1,0.0,1.0,-1,6,60,1,6,2,20:30,4,1,9
2023221308223,2023,221308223,1,3,2,2,28,6,1,0,0,1,0,0,9,2,E01032461,1,1,0.0,0.0,-1,6,50,1,6,1,22:15,4,2,9
2023061323073,2023,061323073,2,1,1,2,31,6,3,0,0,0,0,0,1,2,E01006167,3,1,0.0,1.0,-1,6,30,1,1,1,16:30,3,2,1
2023101280972,2023,101280972,2,1,1,2,70,10,3,0,0,0,0,0,9,9,E01027481,3,1,0.0,1.0,-1,3,30,1,1,1,13:40,2,2,9
2023131269658,2023,131269658,2,1,1,1,39,7,3,0,0,0,0,0,9,2,E01011913,3,1,0.0,1.0,-1,6,30,1,7,1,00:30,1,2,9
2023141342945,2023,141342945,2,2,1,1,64,9,3,0,0,0,0,0,9,3,E01007504,3,1,0.0,1.0,-1,6,30,1,7,1,19:58,5,2,9
2023131322114,2023,131322114,2,1,2,2,10,2,2,0,0,2,0,0,9,1,E01010803,7,1,1.0,0.0,-1,6,30,1,1,1,19:50,6,3,9
2023201413571,2023,201413571,2,2,1,1,59,9,3,0,0,0,0,0,9,7,E01010551,3,1,0.0,1.0,-1,3,30,1,1,4,08:29,5,2,9
2023411393998,2023,411393998,3,4,2,2,13,3,3,0,0,1,0,0,9,5,E01023630,3,1,0.0,1.0,-1,3,70,1,6,1,16:15,2,3,9
2023161300184,2023,161300184,1,1,1,1,22,5,3,0,0,0,0,0,1,1,E01012779,3,1,0.0,1.0,-1,1,30,1,4,1,05:15,6,2,1
2023522301366,2023,522301366,1,1,3,2,18,4,1,5,3,0,0,0,0,9,E01014738,-1,0,0.0,0.0,-1,6,30,2,4,2,19:25,5,1,9
2023501390020,2023,501390020,2,1,1,1,42,7,3,0,0,0,0,0,5,8,E01015068,3,1,0.0,1.0,-1,6,30,2,1,2,07:54,3,2,5
2023010441335,2023,010441335,1,1,1,2,41,7,3,0,0,0,0,0,9,1,E01001714,-1,0,0.0,1.0,-1,6,20,1,1,1,08:48,6,1,9
2023411348249,2023,411348249,2,1,1,1,36,7,2,0,0,0,0,0,9,7,E01023888,6,1,1.0,0.0,-1,9,30,1,4,1,20:50,5,2,9
2023101265106,2023,101265106,1,1,3,1,7,2,3,5,1,0,0,0,0,-1,-1,3,1,0.0,1.0,-1,1,30,1,4,1,18:10,4,1,9
2023141378278,2023,141378278,1,1,3,2,75,10,2,10,7,0,0,0,0,2,E01007593,6,1,1.0,0.0,-1,6,30,4,4,2,20:05,5,1,9
2023010427660,2023,010427660,1,1,1,1,75,10,2,0,0,0,0,0,1,3,E01002726,-1,0,1.0,0.0,-1,6,20,1,1,1,11:23,6,2,1
2023010454482,2023,010454482,2,1,1,-1,-1,-1,3,0,0,0,0,0,1,2,E01000051,-1,0,0.0,1.0,-1,6,30,8,1,1,09:35,2,2,1
2023010431821,2023,010431821,1,2,3,1,10,2,3,6,9,0,0,0,0,-1,-1,-1,0,0.0,1.0,-1,3,20,2,4,2,18:27,1,1,9
2023221267105,2023,221267105,1,1,1,2,23,5,2,0,0,0,0,0,9,5,E01014001,7,1,1.0,0.0,-1,6,60,1,6,4,22:10,2,1,9
2023471274699,2023,471274699,1,1,2,2,40,7,3,0,0,1,0,0,9,6,E01016987,3,1,0.0,1.0,-1,6,20,1,4,1,16:30,5,2,9
2023070129170,2023,070129170,1,1,1,2,12,3,3,0,0,0,0,0,23,2,E01018564,-1,0,0.13141,0.86859,-1,6,30,1,4,1,17:50,2,2,23
2023010465478,2023,010465478,1,1,1,1,22,5,3,0,0,0,0,0,3,6,E01003375,-1,0,0.0,1.0,-1,9,20,9,7,9,23:00,7,2,3
2023481387674,2023,481387674,1,1,3,2,23,5,3,5,3,0,0,0,0,-1,-1,3,1,0.0,1.0,-1,6,20,1,1,1,11:30,4,1,11
2023122300060,2023,122300060,2,1,1,2,40,7,3,0,0,0,0,0,9,8,E01027750,-1,0,0.0094,0.9906,-1,6,60,2,6,2,08:20,5,3,9
2023501315214,2023,501315214,1,1,1,1,90,11,1,0,0,0,0,0,9,4,E01018965,1,1,0.0,0.0,-1,6,60,1,1,1,08:06,5,2,9
2023552300096,2023,552300096,1,1,1,2,37,7,3,0,0,0,0,0,9,6,E01020531,-1,0,0.01826,0.98174,-1,6,30,3,1,4,10:34,4,1,9
2023552300531,2023,552300531,3,1,1,2,40,7,3,0,0,0,0,0,9,7,E01020365,-1,0,0.0111,0.9889,-1,6,30,1,1,1,08:37,4,4,9
2023430556614,2023,430556614,1,1,3,1,16,4,3,7,1,0,0,0,0,-1,-1,-1,0,0.12335,0.87665,-1,6,30,8,1,2,15:17,3,1,9
2023461359493,2023,461359493,1,1,3,2,11,3,3,6,2,0,0,0,0,3,E01024567,3,1,0.0,1.0,-1,6,30,1,1,1,08:20,1,1,9