collision_index,collision_year,collision_ref_no,vehicle_reference,casualty_reference,casualty_class,sex_of_casualty,age_of_casualty,age_band_of_casualty,casualty_severity,pedestrian_location,pedestrian_movement,car_passenger,bus_or_coach_passenger,pedestrian_road_maintenance_worker,casualty_type,casualty_imd_decile,lsoa_of_casualty,enhanced_casualty_severity,casualty_injury_based,casualty_adjusted_severity_serious,casualty_adjusted_severity_slight,casualty_distance_banding,road_type,speed_limit,weather_conditions,light_conditions,road_surface_conditions,time,day_of_week,number_of_vehicles,vehicle_type
2023522300135,2023,522300135,1,1,1,2,40,7,3,0,0,0,0,0,1,1,E01033356,-1,0,0.02697,0.97303,-1,6,30,9,1,-1,09:45,4,2,1
2023010432625,2023,010432625,1,1,1,2,61,9,3,0,0,0,0,0,9,3,E01003989,-1,0,0.0,1.0,-1,3,50,1,4,1,22:13,5,2,9
2023211343011,2023,211343011,1,1,1,2,44,7,3,0,0,0,0,0,9,-1,-1,3,1,0.0,1.0,-1,3,30,1,4,1,00:13,7,2,9
2023501359871,2023,501359871,1,1,1,1,36,7,3,0,0,0,0,0,9,8,E01021510,3,1,0.0,1.0,-1,6,30,8,1,2,19:45,2,2,9
2023501360829,2023,501360829,1,1,1,1,85,11,3,0,0,0,0,0,9,4,E01004777,3,1,0.0,1.0,-1,6,30,1,1,1,14:30,1,2,9
2023010458384,2023,010458384,1,1,3,2,30,6,3,5,1,0,0,0,0,2,E01000931,-1,0,0.0,1.0,-1,2,20,1,1,1,17:41,3,1,9
2023401342214,2023,401342214,2,2,3,2,56,9,2,6,9,0,0,0,0,8,E01017583,5,1,1.0,0.0,-1,6,30,1,1,1,18:20,1,4,9
2023061371174,2023,061371174,2,1,1,1,54,8,3,0,0,0,0,0,1,6,E01006375,3,1,0.0,1.0,-1,6,30,1,1,1,09:25,1,2,1
2023471293103,2023,471293103,2,1,1,1,19,4,3,0,0,0,0,0,3,4,E01031344,3,1,0.0,1.0,-1,6,30,1,7,2,06:25,5,2,3
2023501315038,2023,501315038,2,1,1,1,38,7,2,0,0,0,0,0,5,3,E01020272,6,1,1.0,0.0,-1,6,60,1,1,1,14:00,1,2,5
2023451350826,2023,451350826,1,1,1,1,28,6,3,0,0,0,0,0,9,2,E01003489,3,1,0.0,1.0,-1,3,30,1,5,1,00:30,1,2,9
2023010484489,2023,010484489,1,2,2,2,30,6,3,0,0,1,0,0,9,5,E01002213,-1,0,0.0,1.0,-1,3,30,1,4,1,01:20,1,2,9
2023141297600,2023,141297600,2,4,2,2,88,11,2,0,0,2,0,0,9,4,E01007810,7,1,1.0,0.0,-1,6,60,1,1,1,18:40,2,2,9
2023101322215,2023,101322215,2,1,1,2,46,8,3,0,0,0,0,0,9,10,E01027458,3,1,0.0,1.0,-1,6,30,1,1,1,18:00,5,2,9
2023141324231,2023,141324231,1,1,1,1,52,8,2,0,0,0,0,0,9,1,E01007721,6,1,1.0,0.0,-1,6,60,1,1,1,19:24,5,2,9
2023351337412,2023,351337412,2,1,1,2,50,8,3,0,0,0,0,0,9,8,E01018050,3,1,0.0,1.0,-1,6,30,1,1,1,12:43,2,2,9
2023411309180,2023,411309180,1,1,2,2,14,3,3,0,0,1,0,0,9,2,E01023339,3,1,0.0,1.0,-1,6,20,1,1,1,18:50,1,1,9
2023131294628,2023,131294628,2,2,2,1,11,3,3,0,0,0,0,0,9,1,E01010830,3,1,0.0,1.0,-1,6,20,1,1,1,18:00,5,2,9
2023231328452,2023,231328452,1,1,1,1,43,7,3,0,0,0,0,0,9,6,E01029832,3,1,0.0,1.0,-1,1,40,2,1,2,12:23,7,2,9
2023010437087,2023,010437087,2,1,1,1,30,6,3,0,0,0,0,0,3,6,E01001997,-1,0,0.0,1.0,-1,6,20,8,4,2,19:55,4,2,3
2023211270481,2023,211270481,1,1,3,2,14,3,3,5,1,0,0,0,0,6,E01014333,3,1,0.0,1.0,-1,6,30,1,4,1,17:20,5,1,9
2023631377938,2023,631377938,1,2,3,1,12,3,3,10,1,0,0,0,0,4,W01000730,3,1,0.0,1.0,-1,6,30,2,1,2,11:30,6,1,1
2023320404267,2023,320404267,1,1,3,1,61,9,3,10,3,0,0,0,0,3,E01026984,-1,0,0.17681,0.82319,-1,6,30,1,1,1,20:50,6,1,9
2023010428188,2023,010428188,1,1,1,2,34,6,3,0,0,0,0,0,9,4,E01033725,-1,0,0.0,1.0,-1,6,20,1,1,1,12:00,2,2,9
2023031304876,2023,031304876,1,1,1,2,58,9,3,0,0,0,0,0,9,5,E01019305,3,1,0.0,1.0,-1,6,30,1,1,1,09:50,7,1,9
2023631321469,2023,631321469,2,1,2,2,59,9,3,0,0,1,0,0,9,10,E01029418,3,1,0.0,1.0,-1,6,40,1,1,1,15:00,5,2,9
2023361329541,2023,361329541,1,1,1,1,47,8,3,0,0,0,0,0,90,5,E01026487,3,1,0.0,1.0,-1,6,60,2,6,2,21:00,6,1,90
2023201313304,2023,201313304,1,1,3,1,39,7,3,6,9,0,0,2,0,9,E01032901,3,1,0.0,1.0,-1,6,30,1,1,1,08:47,3,1,9
2023031290048,2023,031290048,2,1,1,1,13,3,3,0,0,0,0,0,1,-1,-1,3,1,0.0,1.0,-1,6,30,1,1,1,16:00,5,2,1
2023340WN2252,2023,340WN2252,2,1,1,1,44,7,3,0,0,0,0,0,1,7,E01027182,-1,0,0.09936,0.90064,-1,6,20,1,4,1,02:45,3,2,1
2023421344162,2023,421344162,2,1,1,2,35,6,3,0,0,0,0,0,4,6,E01015968,3,1,0.0,1.0,-1,6,20,1,1,1,09:20,7,2,4
2023440434438,2023,440434438,1,2,1,1,23,5,2,0,0,0,0,0,4,8,E01016408,-1,0,1.0,0.0,-1,6,50,1,1,1,16:11,2,2,4
2023010446857,2023,010446857,1,1,1,1,50,8,3,0,0,0,0,0,8,3,E01003571,-1,0,0.0,1.0,-1,3,40,1,4,1,23:32,7,2,8
2023122300836,2023,122300836,2,4,2,2,69,10,3,0,0,1,0,0,9,1,E01012948,-1,0,0.11015,0.88985,-1,6,40,1,1,1,11:30,6,3,9
2023440484106,2023,440484106,2,2,1,2,18,4,2,0,0,0,0,0,9,10,E01026358,-1,0,1.0,0.0,-1,3,70,2,6,2,17:13,1,2,9
2023522300699,2023,522300699,2,2,1,2,32,6,3,0,0,0,0,0,9,2,E01014828,-1,0,0.01223,0.98777,-1,6,30,1,4,1,20:10,3,3,9
2023101288611,2023,101288611,1,1,3,1,40,7,3,5,1,0,0,0,0,4,E01008502,3,1,0.0,1.0,-1,6,30,1,1,1,14:00,7,1,9
2023501374478,2023,501374478,2,1,1,1,57,9,3,0,0,0,0,0,1,4,E01018994,3,1,0.0,1.0,-1,6,30,1,1,2,02:55,3,2,1
2023052301589,2023,052301589,2,3,2,2,17,4,3,0,0,2,0,0,9,1,E01033228,-1,0,0.03676,0.96324,-1,6,30,1,1,2,20:55,1,2,9
2023201284412,2023,201284412,2,2,2,1,-1,-1,3,0,0,1,0,0,9,2,E01009986,3,1,0.0,1.0,-1,3,70,5,4,2,18:38,3,2,9
2023302301508,2023,302301508,2,2,1,1,27,6,3,0,0,0,0,0,9,5,E01019529,-1,0,0.04636,0.95364,-1,6,30,2,4,2,18:30,7,2,9
2023451370937,2023,451370937,1,1,1,1,43,7,3,0,0,0,0,0,9,10,E01030500,3,1,0.0,1.0,-1,6,40,1,1,1,13:51,1,2,9
2023461289708,2023,461289708,2,1,1,1,58,9,3,0,0,0,0,0,9,1,E01024389,3,1,0.0,1.0,-1,3,40,1,4,1,19:45,5,2,9
2023461296708,2023,461296708,1,2,2,2,19,4,2,0,0,-1,0,0,9,4,E01024358,7,1,1.0,0.0,-1,6,60,2,6,2,20:18,5,2,9
2023332300269,2023,332300269,1,1,3,2,87,11,2,6,9,0,0,0,0,8,E01025862,-1,0,1.0,0.0,-1,6,30,1,1,1,12:57,7,1,9
2023421371081,2023,421371081,1,1,3,1,38,7,3,10,9,0,0,0,0,6,E01021372,3,1,0.0,1.0,-1,9,20,9,1,-1,13:55,1,1,9
2023531306999,2023,531306999,1,1,1,1,20,4,2,0,0,0,0,0,3,6,E01022341,7,1,1.0,0.0,-1,6,30,1,1,1,11:25,7,1,3
2023041276148,2023,041276148,1,1,1,2,37,7,3,0,0,0,0,0,9,7,E01025033,3,1,0.0,1.0,-1,6,40,1,1,1,10:35,3,2,9
2023201330059,2023,201330059,2,2,1,2,27,6,3,0,0,0,0,0,9,9,E01031306,3,1,0.0,1.0,-1,6,50,1,1,1,16:12,4,2,9
2023010442986,2023,010442986,1,2,2,1,33,6,3,0,0,1,0,0,9,2,E01000098,-1,0,0.0,1.0,-1,6,30,1,4,1,03:50,2,2,9
2023010466877,2023,010466877,1,1,1,1,36,7,3,0,0,0,0,0,9,2,E01001716,-1,0,0.0,1.0,-1,9,20,1,4,9,21:30,2,2,9
2023421317178,2023,421317178,2,3,1,2,54,8,3,0,0,0,0,0,9,6,E01021343,3,1,0.0,1.0,-1,6,30,1,1,1,18:30,7,2,9
2023501261462,2023,501261462,2,1,1,1,39,7,3,0,0,0,0,0,9,2,E01020016,3,1,0.0,1.0,-1,6,20,1,1,2,09:30,3,2,9
2023552301123,2023,552301123,2,1,1,2,78,11,3,0,0,0,0,0,9,7,E01015428,-1,0,0.01944,0.98056,-1,6,30,1,1,1,11:47,6,2,9
2023010482912,2023,010482912,1,1,3,2,45,7,3,9,5,0,0,0,0,3,E01001177,-1,0,0.0,1.0,-1,6,30,2,4,2,07:30,2,1,19
2023052302616,2023,052302616,1,1,1,2,23,5,3,0,0,0,0,0,9,1,E01007009,-1,0,0.02787,0.97213,-1,6,30,1,1,2,15:46,3,2,9
2023471297928,2023,471297928,2,2,2,2,-1,-1,3,0,0,1,0,0,9,3,E01016926,3,1,0.0,1.0,-1,3,70,1,1,1,17:00,2,2,9
2023131273053,2023,131273053,1,1,3,2,30,6,3,5,1,0,0,2,0,1,E01010713,3,1,0.0,1.0,-1,9,30,1,4,1,17:07,7,2,9
2023010443024,2023,010443024,1,1,1,1,28,6,2,0,0,0,0,0,1,2,E01003546,-1,0,1.0,0.0,-1,3,30,1,1,1,13:30,4,1,1
2023041426563,2023,041426563,1,1,1,1,73,10,3,0,0,0,0,0,5,5,E01006180,3,1,0.0,1.0,-1,6,60,1,1,1,17:08,6,3,5
2023351362125,2023,351362125,1,1,1,2,56,9,3,0,0,0,0,0,9,8,E01017983,3,1,0.0,1.0,-1,7,70,1,1,1,12:22,3,2,9
2023451307036,2023,451307036,2,2,1,1,56,9,3,0,0,0,0,0,9,5,E01030484,3,1,0.0,1.0,-1,6,40,1,1,1,17:00,7,2,9
2023531304871,2023,531304871,2,1,2,2,86,11,3,0,0,1,0,0,9,9,E01022278,3,1,0.0,1.0,-1,3,30,1,1,1,13:55,1,2,9
2023010463506,2023,010463506,1,1,1,1,26,6,3,0,0,0,0,0,3,3,E01001832,-1,0,0.0,1.0,-1,6,20,1,1,1,11:42,5,2,3
2023332300461,2023,332300461,2,1,1,1,17,4,2,0,0,0,0,0,3,10,E01025780,-1,0,1.0,0.0,-1,6,40,1,1,1,16:20,5,2,3
2023421286594,2023,421286594,2,1,1,2,44,7,3,0,0,0,0,0,4,5,E01002302,3,1,0.0,1.0,-1,6,40,2,1,2,09:28,3,2,4
2023010425777,2023,010425777,2,1,2,1,17,4,3,0,0,0,0,0,3,-1,-1,-1,0,0.0,1.0,-1,6,20,1,4,1,22:30,2,2,3
2023010428243,2023,010428243,1,1,1,1,21,5,3,0,0,0,0,0,3,7,E01023506,-1,0,0.0,1.0,-1,6,20,1,1,1,15:07,6,2,3
2023451337150,2023,451337150,1,1,1,1,45,7,3,0,0,0,0,0,3,9,E01030991,3,1,0.0,1.0,-1,6,30,1,1,1,11:00,1,2,3
2023010458786,2023,010458786,1,1,1,1,20,4,3,0,0,0,0,0,5,9,E01001531,-1,0,0.0,1.0,-1,6,20,1,1,1,16:11,5,3,5
2023131262180,2023,131262180,2,1,2,1,11,3,3,0,0,1,0,0,9,1,E01010618,3,1,0.0,1.0,-1,2,30,2,1,2,15:12,3,2,9
2023461300360,2023,461300360,1,3,2,2,6,2,3,0,0,-1,0,0,9,6,E01024568,3,1,0.0,1.0,-1,3,30,1,1,1,08:44,4,2,9
2023010471923,2023,010471923,1,1,1,2,27,6,3,0,0,0,0,0,3,6,E01003149,-1,0,0.0,1.0,-1,9,20,9,1,9,10:45,7,2,3
2023061334171,2023,061334171,1,1,1,1,18,4,3,0,0,0,0,0,3,-1,-1,3,1,0.0,1.0,-1,6,30,1,4,1,22:40,5,2,3
2023010426424,2023,010426424,1,1,1,1,40,7,3,0,0,0,0,0,9,2,E01033491,-1,0,0.0,1.0,-1,3,40,1,1,1,08:47,6,2,9
2023371317009,2023,371317009,1,1,1,2,42,7,3,0,0,0,0,0,9,4,E01030295,3,1,0.0,1.0,-1,6,60,1,1,1,10:20,3,2,9
2023461347062,2023,461347062,3,1,1,1,18,4,2,0,0,0,0,0,9,8,E01024053,7,1,1.0,0.0,-1,6,60,1,1,1,16:07,6,3,9
2023320265895,2023,320265895,1,1,1,2,44,7,2,0,0,0,0,0,19,9,E01026194,-1,0,1.0,0.0,-1,6,50,1,1,1,07:29,4,1,19
2023340WN2342,2023,340WN2342,1,1,1,2,30,6,3,0,0,0,0,0,9,6,E01027030,-1,0,0.11571,0.88429,-1,1,30,1,4,1,23:00,4,1,9
2023010439599,2023,010439599,1,1,3,1,75,10,3,5,1,0,0,0,0,4,E01000746,-1,0,0.0,1.0,-1,2,20,1,1,1,11:05,3,1,9
2023211313512,2023,211313512,1,3,2,2,58,9,3,0,0,1,0,0,9,6,E01018472,3,1,0.0,1.0,-1,7,30,1,1,1,15:31,5,3,9
2023211375046,2023,211375046,2,4,1,1,55,8,3,0,0,0,0,0,9,3,E01029408,3,1,0.0,1.0,-1,6,30,1,1,1,14:46,4,3,9
2023340WN6692,2023,340WN6692,1,1,1,1,30,6,3,0,0,0,0,0,9,3,E01027152,-1,0,0.06552,0.93448,-1,3,70,2,1,2,17:30,6,2,9
2023371387573,2023,371387573,1,1,1,1,41,7,3,0,0,0,0,0,9,6,E01030090,3,1,0.0,1.0,-1,6,60,8,1,2,08:00,4,2,9
2023520300833,2023,520300833,2,2,1,1,54,8,3,0,0,0,0,0,9,2,E01029097,-1,0,0.01586,0.98414,-1,6,40,1,1,1,13:25,7,3,9
2023010429706,2023,010429706,2,1,1,1,33,6,3,0,0,0,0,0,2,4,E01000799,-1,0,0.0,1.0,-1,6,30,2,4,2,17:28,3,2,2
2023010467133,2023,010467133,1,1,1,1,22,5,3,0,0,0,0,0,4,6,E01002656,-1,0,0.0,1.0,-1,1,30,1,1,1,12:14,4,2,4
2023411268193,2023,411268193,2,3,2,2,46,8,3,0,0,1,0,0,9,7,E01023902,3,1,0.0,1.0,-1,3,30,1,4,2,22:58,5,4,9
2023430555304,2023,430555304,3,6,2,2,13,3,3,0,0,2,0,0,9,3,E01016373,-1,0,0.03343,0.96657,-1,3,70,1,1,1,18:10,2,3,9
2023440225298,2023,440225298,1,1,1,1,39,7,3,0,0,0,0,0,9,6,E01022673,-1,0,0.00449,0.99551,-1,6,30,1,1,1,08:55,4,2,9
2023631313079,2023,631313079,1,1,1,1,18,4,2,0,0,0,0,0,9,6,W01000857,7,1,1.0,0.0,-1,6,60,1,1,1,17:48,3,2,9
2023991279016,2023,991279016,2,1,1,1,43,7,3,0,0,0,0,0,9,1,-1,3,1,0.0,1.0,-1,6,30,1,1,1,17:43,3,2,9
2023411356156,2023,411356156,2,2,1,1,34,6,3,0,0,0,0,0,19,3,E01019657,3,1,0.0,1.0,-1,3,70,1,4,1,22:36,6,2,19
2023131330293,2023,131330293,2,1,1,1,32,6,3,0,0,0,0,0,9,7,E01011142,3,1,0.0,1.0,-1,6,30,1,1,1,16:35,2,3,9
2023201448227,2023,201448227,2,2,1,1,23,5,3,0,0,0,0,0,9,8,E01029509,3,1,0.0,1.0,-1,6,30,2,1,2,08:59,2,3,9
2023221389537,2023,221389537,2,1,1,2,31,6,3,0,0,0,0,0,9,7,E01032366,3,1,0.0,1.0,-1,6,30,1,4,1,19:21,2,2,9
2023461274149,2023,461274149,1,5,2,1,17,4,3,0,0,2,0,0,9,9,E01024298,3,1,0.0,1.0,-1,6,30,1,4,1,20:00,6,2,9
2023361271379,2023,361271379,1,1,3,1,41,7,3,5,9,0,0,-1,0,4,E01026806,3,1,0.0,1.0,-1,6,20,8,5,4,18:26,1,1,9
2023010443759,2023,010443759,2,1,1,1,-1,-1,3,0,0,0,0,0,1,-1,-1,-1,0,0.0,1.0,-1,9,20,1,1,1,17:39,5,2,1
2023010455719,2023,010455719,2,4,2,1,17,4,3,0,0,2,0,0,9,-1,-1,-1,0,0.0,1.0,-1,6,30,1,1,1,17:05,2,2,9
2023010460275,2023,010460275,1,1,1,2,42,7,3,0,0,0,0,0,9,8,E01023541,-1,0,0.0,1.0,-1,7,70,8,1,1,14:00,7,2,9
2023061399408,2023,061399408,2,1,2,2,17,4,3,0,0,2,0,0,9,-1,-1,3,1,0.0,1.0,-1,6,30,8,1,1,15:45,2,2,9
2023201338778,2023,201338778,1,1,1,2,32,6,3,0,0,0,0,0,9,4,E01029666,3,1,0.0,1.0,-1,6,40,1,4,1,00:30,7,1,9
2023471351027,2023,471351027,1,1,1,2,22,5,3,0,0,0,0,0,9,10,E01031666,3,1,0.0,1.0,-1,9,30,8,4,1,22:25,1,2,9
2023201409956,2023,201409956,1,1,3,2,70,10,3,1,4,0,0,0,0,1,E01009396,3,1,0.0,1.0,-1,6,30,1,1,1,13:20,4,1,9
2023451311873,2023,451311873,2,1,1,1,21,5,3,0,0,0,0,0,3,4,E01001261,3,1,0.0,1.0,-1,6,30,1,1,1,14:55,6,2,3
2023501322406,2023,501322406,1,1,1,1,56,9,2,0,0,0,0,0,5,-1,-1,6,1,1.0,0.0,-1,6,60,1,1,1,21:10,5,1,5
2023101314386,2023,101314386,1,1,3,1,30,6,3,1,3,0,0,0,0,1,E01008380,3,1,0.0,1.0,-1,6,30,1,1,1,12:01,3,1,9
2023101347417,2023,101347417,1,1,1,2,71,10,2,0,0,0,0,0,9,1,E01008849,6,1,1.0,0.0,-1,3,70,1,1,1,17:20,4,2,9
2023440335983,2023,440335983,2,2,1,1,44,7,2,0,0,0,0,0,9,8,E01022468,-1,0,1.0,0.0,-1,6,60,1,1,1,19:26,7,2,9
2023010466445,2023,010466445,1,4,2,2,11,3,3,0,0,0,4,0,11,4,E01000609,-1,0,0.0,1.0,-1,6,30,1,1,1,16:15,7,2,11
2023041347789,2023,041347789,1,1,3,1,10,2,3,5,3,0,0,0,0,5,E01025212,3,1,0.0,1.0,-1,6,30,1,1,1,17:08,5,1,9
2023010452658,2023,010452658,1,1,1,1,42,7,3,0,0,0,0,0,1,4,E01000559,-1,0,0.0,1.0,-1,6,20,1,1,1,10:44,1,2,1
2023061318417,2023,061318417,1,1,1,2,45,7,2,0,0,0,0,0,9,7,E01004900,6,1,1.0,0.0,-1,6,30,1,1,1,08:40,6,2,9
2023461380389,2023,461380389,1,1,1,1,55,8,3,0,0,0,0,0,9,6,E01024236,3,1,0.0,1.0,-1,6,60,1,1,4,10:00,4,1,9
2023501337082,2023,501337082,1,1,1,1,76,11,3,0,0,0,0,0,9,6,E01015252,3,1,0.0,1.0,-1,6,30,2,1,2,09:47,2,3,9
2023141282919,2023,141282919,2,1,1,2,37,7,2,0,0,0,0,0,98,1,E01007508,7,1,1.0,0.0,-1,6,30,1,4,1,04:36,7,3,98
2023010442315,2023,010442315,1,1,3,1,12,3,3,4,2,0,0,0,0,2,E01001010,-1,0,0.0,1.0,-1,6,20,1,1,1,08:05,5,1,5
2023201404675,2023,201404675,1,2,3,1,68,10,3,6,9,0,0,0,0,1,E01009047,3,1,0.0,1.0,-1,6,30,7,4,4,17:50,6,1,9
2023421380104,2023,421380104,1,1,3,2,13,3,2,4,3,0,0,0,0,4,E01021295,7,1,1.0,0.0,-1,6,30,1,4,1,17:08,3,1,9
2023531380024,2023,531380024,1,1,3,2,79,11,3,10,1,0,0,0,0,6,E01022460,3,1,0.0,1.0,-1,6,30,8,1,1,14:50,1,1,9
2023131267481,2023,131267481,1,1,3,2,48,8,3,4,1,0,0,2,0,-1,-1,3,1,0.0,1.0,-1,6,30,1,1,2,13:25,3,1,9
2023010473201,2023,010473201,2,1,1,1,34,6,2,0,0,0,0,0,9,6,E01017812,-1,0,1.0,0.0,-1,6,20,1,1,2,07:21,7,3,9
2023010441705,2023,010441705,1,1,1,-1,22,5,3,0,0,0,0,0,3,3,E01003819,-1,0,0.0,1.0,-1,9,20,1,1,1,16:50,7,2,3
2023101327555,2023,101327555,2,1,2,2,70,10,3,0,0,0,0,0,4,-1,-1,3,1,0.0,1.0,-1,6,60,1,1,1,11:50,6,2,4
2023340NN0542,2023,340NN0542,1,2,1,1,25,5,3,0,0,0,0,0,9,-1,-1,-1,0,0.1721,0.8279,-1,3,60,1,4,2,03:59,1,2,9
2023430174060,2023,430174060,1,2,2,2,17,4,3,0,0,1,0,0,9,3,E01028516,-1,0,0.08602,0.91398,-1,6,60,1,6,1,20:16,6,2,9
2023010458361,2023,010458361,1,1,3,2,79,11,2,6,9,0,0,0,0,2,E01003137,-1,0,1.0,0.0,-1,3,30,1,1,1,15:25,3,1,9
2023010485715,2023,010485715,1,1,3,1,31,6,3,6,9,0,0,0,0,3,E01004313,-1,0,0.0,1.0,-1,9,20,1,1,1,11:50,7,1,9
2023221335738,2023,221335738,1,1,3,1,34,6,2,5,1,0,0,0,0,4,E01014121,7,1,1.0,0.0,-1,6,30,1,1,1,08:05,4,1,19
2023010483287,2023,010483287,1,1,1,1,29,6,2,0,0,0,0,0,4,9,E01004133,-1,0,1.0,0.0,-1,6,20,1,4,2,20:05,1,4,4
2023421310250,2023,421310250,1,1,2,1,36,7,3,0,0,1,0,0,9,2,E01003726,3,1,0.0,1.0,-1,6,40,1,1,1,20:05,2,2,9
2023531365496,2023,531365496,1,1,1,1,20,4,3,0,0,0,0,0,9,-1,-1,3,1,0.0,1.0,-1,6,40,1,6,2,20:30,7,1,9
2023010425361,2023,010425361,2,1,1,1,32,6,3,0,0,0,0,0,3,2,E01002003,-1,0,0.0,1.0,-1,6,20,1,1,1,15:55,7,2,3
2023010450814,2023,010450814,1,1,3,2,67,10,3,5,1,0,0,0,0,5,E01002184,-1,0,0.0,1.0,-1,7,30,2,1,2,18:30,1,1,19
2023170M10013,2023,170M10013,1,1,3,1,30,6,1,9,5,0,0,0,0,-1,-1,-1,0,0.0,0.0,-1,6,30,1,4,2,16:57,2,1,9
2023010439457,2023,010439457,1,1,3,2,54,8,3,8,3,0,0,0,0,-1,-1,-1,0,0.0,1.0,-1,6,20,1,1,1,16:00,3,1,9
2023010451628,2023,010451628,2,1,1,1,25,5,3,0,0,0,0,0,2,2,E01001712,-1,0,0.0,1.0,-1,6,20,1,1,1,17:22,2,2,2
2023061295735,2023,061295735,2,1,1,1,19,4,3,0,0,0,0,0,3,-1,-1,3,1,0.0,1.0,-1,6,30,1,1,1,17:30,3,2,3
2023302301040,2023,302301040,1,1,2,2,38,7,3,0,0,2,0,0,8,1,E01013570,-1,0,0.0134,0.9866,-1,6,30,2,1,2,13:18,7,1,8
2023201301095,2023,201301095,3,3,1,1,58,9,3,0,0,0,0,0,20,2,E01018498,3,1,0.0,1.0,-1,3,70,1,1,1,14:10,3,3,20
2023201361051,2023,201361051,1,1,3,1,12,3,3,5,1,0,0,0,0,1,E01009097,3,1,0.0,1.0,-1,6,20,2,1,2,17:17,1,1,9
2023010438006,2023,010438006,1,1,1,1,26,6,3,0,0,0,0,0,1,2,E01001815,-1,0,0.0,1.0,-1,6,20,2,4,2,22:30,6,2,1
2023061355029,2023,061355029,1,1,1,1,20,4,2,0,0,0,0,0,3,-1,-1,7,1,1.0,0.0,-1,3,30,1,1,2,09:25,5,2,3
2023991342277,2023,991342277,2,1,2,2,60,9,2,0,0,2,0,0,8,6,-1,7,1,1.0,0.0,-1,3,30,2,1,2,18:00,7,2,8
2023010451448,2023,010451448,1,1,2,1,20,4,3,0,0,1,0,0,9,2,E01000955,-1,0,0.0,1.0,-1,6,30,1,4,1,23:40,1,1,9
2023211343845,2023,211343845,2,2,2,1,-1,-1,3,0,0,1,0,0,9,-1,-1,3,1,0.0,1.0,-1,3,70,1,4,1,22:45,5,2,9
2023440215868,2023,440215868,2,1,1,1,31,6,3,0,0,0,0,0,9,8,E01023049,-1,0,0.0441,0.9559,-1,6,30,1,1,1,18:30,4,2,9
2023461362013,2023,461362013,2,1,2,2,26,6,3,0,0,2,0,0,9,5,E01024383,3,1,0.0,1.0,-1,3,40,1,1,1,08:26,5,2,9
2023520301157,2023,520301157,2,3,2,2,51,8,3,0,0,1,0,0,9,6,E01029054,-1,0,0.03937,0.96063,-1,6,30,1,1,1,18:05,4,2,9
2023451356207,2023,451356207,1,1,3,2,76,11,2,5,1,0,0,0,0,6,E01030618,7,1,1.0,0.0,-1,3,30,1,1,1,09:30,6,1,9
2023332301273,2023,332301273,1,1,1,1,40,7,3,0,0,0,0,0,9,8,E01032865,-1,0,0.00211,0.99789,-1,3,30,1,4,-1,18:00,5,2,9
2023421376366,2023,421376366,2,2,1,2,32,6,3,0,0,0,0,0,9,1,E01015886,3,1,0.0,1.0,-1,3,50,1,1,1,14:26,1,2,9
2023991355394,2023,991355394,1,1,3,1,35,6,3,6,5,0,0,0,0,-1,-1,3,1,0.0,1.0,-1,6,20,1,1,1,16:57,6,1,9
2023201416156,2023,201416156,2,1,1,1,54,8,3,0,0,0,0,0,1,2,E01010525,3,1,0.0,1.0,-1,6,20,1,1,1,07:49,6,2,1
2023430403431,2023,430403431,2,1,1,1,15,3,3,0,0,0,0,0,1,10,E01028705,-1,0,0.0346,0.9654,-1,6,30,1,1,1,16:00,6,2,1
2023010483046,2023,010483046,1,1,1,1,40,7,2,0,0,0,0,0,3,3,E01000974,-1,0,1.0,0.0,-1,6,30,1,4,1,16:32,7,2,3
2023311334610,2023,311334610,1,1,1,1,21,5,1,0,0,0,0,0,97,5,E01028078,1,1,0.0,0.0,-1,6,40,1,1,1,14:36,5,3,97
2023010425160,2023,010425160,1,1,1,2,20,4,3,0,0,0,0,0,9,10,E01002195,-1,0,0.0,1.0,-1,6,30,1,1,1,09:20,5,2,9
2023371333376,2023,371333376,2,2,2,2,5,1,3,0,0,-1,0,0,9,7,E01030098,3,1,0.0,1.0,-1,6,40,2,1,2,17:53,7,2,9
2023501347982,2023,501347982,1,3,2,2,4,1,3,0,0,2,0,0,9,4,E01020140,3,1,0.0,1.0,-1,6,60,1,1,1,15:42,1,2,9
2023211405377,2023,211405377,1,1,1,2,41,7,2,0,0,0,0,0,9,1,E01014328,6,1,1.0,0.0,-1,3,30,5,1,2,09:15,5,2,9
2023461358323,2023,461358323,1,1,1,2,60,9,3,0,0,0,0,0,9,6,E01024069,3,1,0.0,1.0,-1,6,30,1,1,1,13:10,2,2,9
2023010479969,2023,010479969,2,1,1,1,28,6,3,0,0,0,0,0,1,3,E01001238,-1,0,0.0,1.0,-1,6,20,1,4,1,18:35,6,2,1
2023010420437,2023,010420437,2,1,1,1,-1,-1,2,0,0,0,0,0,1,8,E01000784,-1,0,1.0,0.0,-1,7,30,1,1,1,13:30,2,2,1
2023061369120,2023,061369120,2,1,1,1,57,9,2,0,0,0,0,0,1,8,E01006131,5,1,1.0,0.0,-1,1,30,8,4,2,17:15,3,2,1
2023010468735,2023,010468735,2,1,1,1,44,7,2,0,0,0,0,0,5,10,E01000666,-1,0,1.0,0.0,-1,6,30,1,1,1,07:30,5,2,5
2023302300189,2023,302300189,1,1,1,2,24,5,3,0,0,0,0,0,9,2,E01019543,-1,0,0.01435,0.98565,-1,6,30,1,1,1,08:38,3,2,9