collision_index,collision_year,collision_ref_no,vehicle_reference,casualty_reference,casualty_class,sex_of_casualty,age_of_casualty,age_band_of_casualty,casualty_severity,pedestrian_location,pedestrian_movement,car_passenger,bus_or_coach_passenger,pedestrian_road_maintenance_worker,casualty_type,casualty_imd_decile,lsoa_of_casualty,enhanced_casualty_severity,casualty_injury_based,casualty_adjusted_severity_serious,casualty_adjusted_severity_slight,casualty_distance_banding,road_type,speed_limit,weather_conditions,light_conditions,road_surface_conditions,time,day_of_week,number_of_vehicles,vehicle_type
2023071271588,2023,071271588,2,1,1,1,47,8,3,0,0,0,0,0,9,-1,-1,-1,0,0.05416,0.94584,-1,6,30,2,4,2,20:23,5,3,9
2023201346300,2023,201346300,2,2,1,2,81,11,2,0,0,0,0,0,9,5,E01009798,6,1,1.0,0.0,-1,6,30,2,1,2,11:55,7,3,9
2023010445593,2023,010445593,2,1,2,2,63,9,3,0,0,1,0,0,9,2,E01003994,-1,0,0.0,1.0,-1,1,30,1,1,1,07:19,1,2,9
2023122300561,2023,122300561,1,2,2,1,7,2,3,0,0,2,0,0,9,2,E01020700,-1,0,0.05809,0.94191,-1,3,70,1,1,1,18:00,1,2,9
2023320483921,2023,320483921,1,1,1,1,60,9,1,0,0,0,0,0,9,8,E01026223,-1,0,0.0,0.0,-1,6,60,2,1,2,05:40,7,1,9
2023471264198,2023,471264198,2,1,1,1,61,9,3,0,0,0,0,0,1,8,E01031840,3,1,0.0,1.0,-1,6,30,1,4,4,06:50,3,2,1
2023131355711,2023,131355711,1,1,1,2,43,7,3,0,0,0,0,0,9,1,E01011624,3,1,0.0,1.0,-1,3,40,1,1,1,11:39,1,2,9
2023522300680,2023,522300680,2,1,1,1,21,5,3,0,0,0,0,0,-1,4,E01014627,-1,0,0.09277,0.90723,-1,6,20,1,4,1,20:30,5,2,-1
2023010466192,2023,010466192,1,1,1,1,34,6,3,0,0,0,0,0,3,3,E01001747,-1,0,0.0,1.0,-1,6,20,1,4,1,21:00,4,2,3
2023991388416,2023,991388416,1,1,1,1,23,5,2,0,0,0,0,0,3,3,-1,7,1,1.0,0.0,-1,6,30,1,4,2,17:24,5,2,3
2023221390522,2023,221390522,1,1,1,1,72,10,3,0,0,0,0,0,5,1,E01033633,3,1,0.0,1.0,-1,6,60,1,1,2,09:40,1,1,5
2023061366667,2023,061366667,2,1,2,1,40,7,3,0,0,1,0,0,9,-1,-1,3,1,0.0,1.0,-1,6,30,1,4,2,02:15,4,2,9
2023141274853,2023,141274853,1,1,1,1,44,7,3,0,0,0,0,0,9,2,E01011781,3,1,0.0,1.0,-1,6,30,1,1,1,17:55,2,2,9
2023440520976,2023,440520976,1,1,1,1,43,7,3,0,0,0,0,0,9,2,E01017155,-1,0,0.08266,0.91734,-1,6,30,1,4,1,20:05,5,3,9
2023610050923,2023,610050923,1,1,2,2,11,3,3,5,1,0,0,0,9,7,W01001407,-1,0,0.06359,0.93641,-1,6,20,1,1,1,08:57,6,1,9
2023302301993,2023,302301993,1,2,1,1,14,3,2,0,0,0,0,0,3,3,E01013553,-1,0,1.0,0.0,-1,6,30,9,1,1,16:20,2,2,3
2023201454263,2023,201454263,2,1,1,1,34,6,2,0,0,0,0,0,2,6,E01009281,6,1,1.0,0.0,-1,6,30,2,4,2,06:30,2,2,2
2023010471546,2023,010471546,1,1,3,2,77,11,2,8,3,0,0,0,0,9,E01003889,-1,0,1.0,0.0,-1,6,20,2,1,2,11:07,5,2,9
2023131293693,2023,131293693,2,1,1,1,24,5,3,0,0,0,0,0,1,1,E01011434,3,1,0.0,1.0,-1,6,30,1,7,1,05:30,3,2,1
2023010427616,2023,010427616,1,1,1,1,33,6,3,0,0,0,0,0,9,3,E01003567,-1,0,0.0,1.0,-1,6,30,1,4,2,04:00,6,4,9
2023501337299,2023,501337299,2,2,1,1,31,6,3,0,0,0,0,0,9,3,E01018869,3,1,0.0,1.0,-1,6,60,1,1,2,08:30,1,2,9
2023061293624,2023,061293624,1,1,3,2,83,11,2,5,3,0,0,0,0,8,E01005401,7,1,1.0,0.0,-1,6,30,1,1,1,10:08,3,1,9
2023131325472,2023,131325472,2,1,1,1,7,2,3,0,0,0,0,0,1,2,E01010815,3,1,0.0,1.0,-1,6,30,1,1,1,16:55,2,2,1
2023131279901,2023,131279901,1,2,2,2,21,5,3,0,0,1,0,0,9,1,E01005429,3,1,0.0,1.0,-1,3,30,1,4,1,22:48,5,1,9
2023141260880,2023,141260880,2,3,1,2,47,8,3,0,0,0,0,0,9,3,E01007465,3,1,0.0,1.0,-1,3,70,1,1,1,15:47,1,5,9
2023332300220,2023,332300220,1,1,1,1,42,7,3,0,0,0,0,0,9,2,E01032873,-1,0,0.01448,0.98552,-1,6,30,2,1,2,12:48,3,2,9
2023351308744,2023,351308744,1,1,3,2,26,6,3,9,8,0,0,0,0,4,E01018086,3,1,0.0,1.0,-1,6,40,1,1,1,11:25,4,1,9
2023991314833,2023,991314833,1,1,3,1,39,7,1,5,1,0,0,2,0,1,-1,1,1,0.0,0.0,-1,6,30,1,4,1,00:02,2,1,11
2023010478245,2023,010478245,1,1,1,1,37,7,3,0,0,0,0,0,3,3,E01000577,-1,0,0.0,1.0,-1,9,20,1,4,1,19:14,3,2,3
2023070061660,2023,070061660,1,1,1,1,47,8,1,0,0,0,0,0,9,7,E01018499,-1,0,0.0,0.0,-1,6,30,8,4,4,17:10,7,1,9
2023131278021,2023,131278021,2,2,2,2,51,8,3,0,0,2,0,0,9,2,E01011450,3,1,0.0,1.0,-1,6,20,1,4,1,17:45,7,2,9
2023131325462,2023,131325462,1,2,2,2,3,1,3,0,0,1,0,0,9,10,E01010954,3,1,0.0,1.0,-1,6,30,1,1,1,17:05,2,2,9
2023332301178,2023,332301178,1,1,2,1,23,5,3,0,0,2,0,0,9,4,E01013696,-1,0,0.07315,0.92685,-1,6,60,7,6,2,23:30,1,1,9
2023361337598,2023,361337598,2,4,2,2,17,4,2,0,0,2,0,0,9,6,E01026701,7,1,1.0,0.0,-1,3,70,2,6,2,22:24,2,2,9
2023461267765,2023,461267765,1,1,1,1,41,7,3,0,0,0,0,0,9,2,E01016062,3,1,0.0,1.0,-1,6,30,1,1,4,12:41,5,1,9
2023052301732,2023,052301732,2,1,1,1,-1,-1,3,0,0,0,0,0,5,5,E01025517,-1,0,0.02935,0.97065,-1,6,30,1,1,1,14:10,5,2,5
2023010479411,2023,010479411,1,1,1,1,30,6,3,0,0,0,0,0,9,8,E01001402,-1,0,0.0,1.0,-1,6,30,9,7,1,21:05,3,2,9
2023071141449,2023,071141449,1,1,1,2,27,6,3,0,0,0,0,0,9,6,E01012440,-1,0,0.05682,0.94318,-1,3,60,4,1,2,08:47,4,2,9
2023122300068,2023,122300068,1,1,2,1,19,4,3,0,0,2,0,0,9,8,E01027643,-1,0,0.11365,0.88635,-1,6,30,1,6,2,04:20,1,1,9
2023451366247,2023,451366247,1,2,2,1,54,8,3,0,0,1,0,0,9,3,E01001468,3,1,0.0,1.0,-1,3,70,2,6,2,22:15,5,1,9
2023161372060,2023,161372060,1,1,2,2,16,4,3,0,0,2,0,0,97,5,E01027798,3,1,0.0,1.0,-1,6,60,1,6,1,21:40,2,1,97
2023041260139,2023,041260139,1,2,1,1,63,9,3,0,0,0,0,0,9,3,E01026976,3,1,0.0,1.0,-1,3,70,2,6,2,19:30,5,2,9
2023302301588,2023,302301588,1,1,1,1,17,4,3,0,0,0,0,0,9,9,E01019624,-1,0,0.09416,0.90584,-1,6,40,9,7,2,22:20,3,1,9
2023411278782,2023,411278782,1,1,1,1,26,6,3,0,0,0,0,0,9,10,E01023588,3,1,0.0,1.0,-1,7,70,1,1,1,12:55,6,2,9
2023421326323,2023,421326323,3,1,1,2,47,8,3,0,0,0,0,0,9,6,E01015925,3,1,0.0,1.0,-1,6,40,1,1,1,14:28,4,3,9
2023111278854,2023,111278854,1,1,1,-1,30,6,3,0,0,0,0,0,1,-1,-1,3,1,0.0,1.0,-1,6,30,1,1,1,11:07,7,2,1
2023501332525,2023,501332525,1,2,2,2,5,1,3,0,0,2,0,0,9,4,E01015265,3,1,0.0,1.0,-1,3,70,2,1,2,18:24,7,1,9
2023010451975,2023,010451975,1,1,3,2,58,9,3,5,2,0,0,0,0,5,E01016118,-1,0,0.0,1.0,-1,6,20,1,1,1,13:30,4,1,23
2023302300263,2023,302300263,1,1,3,2,74,10,3,5,9,0,0,0,0,1,E01013570,-1,0,0.13394,0.86606,-1,6,30,9,1,2,12:00,3,1,9
2023161314001,2023,161314001,2,1,1,1,40,7,2,0,0,0,0,0,5,4,E01013314,5,1,1.0,0.0,-1,6,30,1,1,1,18:00,4,2,5
2023010476147,2023,010476147,1,3,2,1,28,6,3,0,0,2,0,0,8,-1,-1,-1,0,0.0,1.0,-1,6,30,9,7,9,21:42,1,2,8
2023010453316,2023,010453316,1,1,3,1,84,11,2,5,9,0,0,0,0,9,E01003864,-1,0,1.0,0.0,-1,6,20,1,1,1,09:34,4,1,19
2023201281121,2023,201281121,1,1,3,1,19,4,3,1,3,0,0,0,0,2,E01009955,3,1,0.0,1.0,-1,6,30,1,1,1,13:10,2,1,9
2023411321585,2023,411321585,1,1,3,2,16,4,3,6,9,0,0,0,0,8,E01021795,3,1,0.0,1.0,-1,6,40,1,1,1,13:05,7,1,19
2023010477929,2023,010477929,1,1,1,1,72,10,3,0,0,0,0,0,9,9,E01000687,-1,0,0.0,1.0,-1,6,40,2,1,2,13:40,3,2,9
2023141370716,2023,141370716,2,1,2,2,24,5,3,0,0,1,0,0,9,5,E01019803,3,1,0.0,1.0,-1,6,30,2,4,2,21:10,7,2,9
2023010482711,2023,010482711,2,1,1,2,43,7,3,0,0,0,0,0,9,3,E01001371,-1,0,0.0,1.0,-1,6,30,1,1,2,08:35,5,2,9
2023010437949,2023,010437949,5,1,1,1,40,7,3,0,0,0,0,0,9,4,E01001085,-1,0,0.0,1.0,-1,6,30,1,4,1,21:05,2,8,9
2023471392364,2023,471392364,1,1,1,1,38,7,3,0,0,0,0,0,9,4,E01021131,3,1,0.0,1.0,-1,6,60,1,1,2,17:15,6,3,9
2023201437116,2023,201437116,2,1,1,1,42,7,3,0,0,0,0,0,9,1,E01009988,3,1,0.0,1.0,-1,6,30,1,4,1,21:26,3,2,9
2023541266823,2023,541266823,1,1,3,2,26,6,3,9,5,0,0,0,0,9,E01032701,-1,0,0.07978,0.92022,-1,2,30,1,4,1,00:03,7,1,9
2023010431029,2023,010431029,1,1,1,1,41,7,3,0,0,0,0,0,3,3,E01032574,-1,0,0.0,1.0,-1,9,20,9,4,9,18:40,2,2,3
2023010479005,2023,010479005,1,1,1,1,22,5,3,0,0,0,0,0,3,5,E01003368,-1,0,0.0,1.0,-1,9,20,5,4,2,17:10,6,2,3
2023010444172,2023,010444172,2,1,1,1,37,7,2,0,0,0,0,0,9,-1,-1,-1,0,1.0,0.0,-1,6,30,1,4,1,22:18,7,2,9
2023010475898,2023,010475898,1,1,1,1,58,9,3,0,0,0,0,0,9,4,E01000068,-1,0,0.0,1.0,-1,9,30,1,4,2,00:01,7,2,9
2023061308950,2023,061308950,1,1,1,2,20,4,3,0,0,0,0,0,9,8,E01005277,3,1,0.0,1.0,-1,3,70,1,1,1,09:00,5,3,9
2023411356586,2023,411356586,2,1,1,1,31,6,3,0,0,0,0,0,9,2,E01000045,3,1,0.0,1.0,-1,3,70,1,7,1,01:00,7,2,9
2023421299583,2023,421299583,2,1,1,2,-1,-1,3,0,0,0,0,0,9,-1,-1,3,1,0.0,1.0,-1,6,30,1,1,1,12:30,1,2,9
2023430057465,2023,430057465,2,1,1,2,51,8,3,0,0,0,0,0,9,8,E01033519,-1,0,0.00312,0.99688,-1,6,30,1,1,4,08:38,3,2,9
202360A137923,2023,60A137923,1,1,1,1,26,6,3,0,0,0,0,0,9,-1,-1,-1,0,0.11985,0.88015,-1,6,30,1,7,2,21:43,1,1,9
2023991323797,2023,991323797,1,1,1,1,77,11,1,0,0,0,0,0,9,-1,-1,1,1,0.0,0.0,-1,6,60,2,1,2,15:15,4,2,9
2023010469565,2023,010469565,1,1,2,2,55,8,3,0,0,0,4,0,11,2,E01001528,-1,0,0.0,1.0,-1,6,30,1,1,1,17:56,2,1,11
2023010438305,2023,010438305,1,1,3,1,47,8,3,9,5,0,0,0,0,3,E01003564,-1,0,0.0,1.0,-1,6,30,1,1,1,18:55,4,1,9
2023052302754,2023,052302754,1,1,3,2,62,9,2,1,3,0,0,0,0,5,E01007106,-1,0,1.0,0.0,-1,3,40,1,4,2,18:10,5,1,9
2023061271465,2023,061271465,2,1,1,1,20,4,3,0,0,0,0,0,1,-1,-1,3,1,0.0,1.0,-1,6,30,1,1,2,15:30,4,2,1
2023111267950,2023,111267950,1,1,1,1,13,3,3,0,0,0,0,0,1,1,E01033484,3,1,0.0,1.0,-1,3,30,2,4,2,20:00,1,2,1
2023010475118,2023,010475118,1,1,1,1,21,5,3,0,0,0,0,0,9,9,E01030612,-1,0,0.0,1.0,-1,6,20,1,1,1,14:51,3,2,9
2023320739609,2023,320739609,1,1,1,2,60,9,3,0,0,0,0,0,9,9,E01026301,-1,0,0.09877,0.90123,-1,6,60,1,1,2,14:50,5,2,9
2023461358363,2023,461358363,1,2,2,1,47,8,3,0,0,1,0,0,9,-1,-1,3,1,0.0,1.0,-1,6,50,1,6,1,21:59,1,3,9
2023540512723,2023,540512723,3,2,1,1,30,6,3,0,0,0,0,0,9,-1,-1,-1,0,0.01631,0.98369,-1,3,70,1,1,2,07:22,2,4,9
2023010465927,2023,010465927,1,4,2,1,89,11,3,0,0,0,4,0,11,3,E01000372,-1,0,0.0,1.0,-1,6,20,1,1,1,14:00,5,1,11
2023101281918,2023,101281918,1,1,3,2,73,10,3,6,9,0,0,0,0,7,E01008500,3,1,0.0,1.0,-1,9,30,1,1,1,14:30,1,2,97
2023361290584,2023,361290584,1,1,3,2,60,9,3,6,9,0,0,0,0,-1,-1,3,1,0.0,1.0,-1,6,30,9,1,1,13:45,5,1,9
2023061333382,2023,061333382,1,1,1,1,16,4,3,0,0,0,0,0,1,-1,-1,3,1,0.0,1.0,-1,6,20,1,1,1,19:50,5,2,1
2023010461252,2023,010461252,2,1,1,1,27,6,3,0,0,0,0,0,4,4,E01001199,-1,0,0.0,1.0,-1,6,30,1,1,1,13:50,6,2,4
2023041364892,2023,041364892,2,1,1,2,19,4,3,0,0,0,0,0,9,6,E01024870,3,1,0.0,1.0,-1,6,30,1,1,1,20:40,7,2,9
2023461264675,2023,461264675,1,1,1,1,73,10,3,0,0,0,0,0,9,4,E01024665,3,1,0.0,1.0,-1,3,70,5,1,2,16:35,3,3,9
2023141391852,2023,141391852,1,1,3,2,63,9,2,5,9,0,0,0,0,2,E01007633,7,1,1.0,0.0,-1,3,40,8,4,1,08:00,2,1,9
2023991339554,2023,991339554,1,1,1,1,19,4,2,0,0,0,0,0,5,7,-1,5,1,1.0,0.0,-1,6,60,1,1,1,13:17,3,2,5
2023131360456,2023,131360456,2,1,1,1,47,8,3,0,0,0,0,0,9,10,E01011376,3,1,0.0,1.0,-1,6,20,9,7,1,17:12,5,2,9
2023201403284,2023,201403284,1,1,1,1,49,8,3,0,0,0,0,0,9,2,E01010521,3,1,0.0,1.0,-1,3,30,1,1,1,13:30,1,2,9
2023430129805,2023,430129805,1,4,2,1,5,1,3,0,0,2,0,0,9,10,E01017841,-1,0,0.00502,0.99498,-1,1,30,2,1,2,17:08,5,2,9
2023411350350,2023,411350350,2,1,1,1,82,11,2,0,0,0,0,0,22,10,E01023657,7,1,1.0,0.0,-1,6,30,1,1,1,14:17,4,2,22
2023131259492,2023,131259492,1,1,3,2,34,6,2,5,1,0,0,2,0,1,E01011433,6,1,1.0,0.0,-1,6,30,1,1,1,13:00,3,1,9
2023461337844,2023,461337844,1,1,3,2,40,7,3,6,9,0,0,0,0,4,E01024118,3,1,0.0,1.0,-1,6,30,1,1,1,07:00,4,1,9
2023131318671,2023,131318671,2,2,2,2,65,9,2,0,0,1,0,0,9,2,E01011163,6,1,1.0,0.0,-1,6,30,1,1,1,18:45,1,2,9
2023221295058,2023,221295058,1,1,1,1,23,5,3,0,0,0,0,0,9,5,E01032203,3,1,0.0,1.0,-1,6,30,1,1,1,14:35,6,2,9
2023991292633,2023,991292633,1,1,3,1,47,8,2,8,1,0,0,2,0,-1,-1,7,1,1.0,0.0,-1,6,30,1,1,1,17:00,6,1,19
2023010433819,2023,010433819,1,1,1,1,28,6,3,0,0,0,0,0,3,4,E01002704,-1,0,0.0,1.0,-1,9,30,1,4,1,18:30,5,2,3
2023010456020,2023,010456020,1,1,1,1,20,4,3,0,0,0,0,0,9,5,E01002632,-1,0,0.0,1.0,-1,3,30,1,4,1,00:44,4,1,9
2023111277980,2023,111277980,1,2,2,2,34,6,2,0,0,1,0,0,9,8,E01020731,7,1,1.0,0.0,-1,6,60,2,6,2,23:10,7,1,9
2023201379742,2023,201379742,1,1,1,2,36,7,3,0,0,0,0,0,9,2,E01010400,3,1,0.0,1.0,-1,6,30,1,1,1,15:46,5,2,9
2023451282402,2023,451282402,1,1,1,1,24,5,3,0,0,0,0,0,9,1,E01012093,3,1,0.0,1.0,-1,6,30,1,1,1,07:30,2,2,9
2023501309317,2023,501309317,1,1,1,1,78,11,2,0,0,0,0,0,9,5,E01020301,7,1,1.0,0.0,-1,6,60,1,1,1,12:00,6,2,9
2023991320387,2023,991320387,2,1,1,1,32,6,3,0,0,0,0,0,9,2,-1,3,1,0.0,1.0,-1,6,30,1,4,1,01:37,3,2,9
2023201367208,2023,201367208,1,1,3,2,51,8,2,5,3,0,0,2,0,-1,-1,6,1,1.0,0.0,-1,1,30,1,1,1,09:57,6,1,90
2023010482481,2023,010482481,2,1,1,1,35,6,3,0,0,0,0,0,1,2,E01003191,-1,0,0.0,1.0,-1,3,20,2,4,2,06:37,5,2,1
2023161259609,2023,161259609,2,1,1,1,56,9,2,0,0,0,0,0,1,9,E01013217,6,1,1.0,0.0,-1,1,30,1,4,2,06:45,4,2,1
2023010444272,2023,010444272,1,1,1,1,30,6,3,0,0,0,0,0,9,5,E01003955,-1,0,0.0,1.0,-1,6,20,1,5,1,01:00,1,1,9
2023401346859,2023,401346859,2,1,1,1,41,7,3,0,0,0,0,0,9,3,E01027038,3,1,0.0,1.0,-1,6,30,1,4,-1,04:56,4,2,9
2023451350102,2023,451350102,2,2,1,1,58,9,3,0,0,0,0,0,9,7,E01000258,3,1,0.0,1.0,-1,6,40,8,1,1,09:15,5,2,9
2023501363506,2023,501363506,2,3,1,2,19,4,3,0,0,0,0,0,9,9,E01015160,3,1,0.0,1.0,-1,1,30,1,1,1,16:10,1,2,9
2023361372676,2023,361372676,3,1,1,2,11,3,3,0,0,0,0,0,1,-1,-1,3,1,0.0,1.0,-1,6,30,1,1,2,07:49,4,2,1
2023401384308,2023,401384308,1,3,2,1,18,4,3,0,0,1,0,0,9,7,E01017382,3,1,0.0,1.0,-1,6,60,2,6,2,22:17,1,1,9
2023546155423,2023,546155423,1,1,1,2,21,5,3,0,0,0,0,0,9,10,E01020386,-1,0,0.07522,0.92478,-1,6,50,1,1,1,19:58,2,1,9
2023610000623,2023,610000623,1,2,2,2,18,4,3,0,0,1,0,0,9,-1,-1,-1,0,0.0064,0.9936,-1,6,30,1,1,1,09:00,2,2,9
2023141378755,2023,141378755,1,1,1,1,58,9,3,0,0,0,0,0,19,2,E01007733,3,1,0.0,1.0,-1,6,30,1,1,1,09:05,7,2,19
2023010424606,2023,010424606,1,1,1,1,27,6,3,0,0,0,0,0,9,3,E01000506,-1,0,0.0,1.0,-1,7,20,1,4,1,18:00,3,1,9
2023631336295,2023,631336295,1,1,3,2,54,8,3,1,3,0,0,0,0,9,W01000534,3,1,0.0,1.0,-1,6,30,1,1,1,16:30,2,1,9
2023052300064,2023,052300064,4,2,1,1,31,6,3,0,0,0,0,0,9,1,E01006507,-1,0,0.0283,0.9717,-1,3,70,1,6,2,16:30,2,6,9
2023141382955,2023,141382955,2,2,1,1,35,6,3,0,0,0,0,0,9,1,E01007716,3,1,0.0,1.0,-1,6,50,2,1,2,10:33,3,2,9
2023430078045,2023,430078045,1,1,3,1,32,6,3,5,3,0,0,0,0,5,E01016371,-1,0,0.05049,0.94951,-1,6,30,1,1,1,15:50,6,1,8
2023010484996,2023,010484996,2,1,1,1,26,6,3,0,0,0,0,0,9,1,E01003065,-1,0,0.0,1.0,-1,3,20,2,1,2,14:35,3,3,9
2023201400152,2023,201400152,2,2,2,1,-1,-1,3,0,0,-1,0,0,9,1,E01009362,3,1,0.0,1.0,-1,6,30,1,4,1,01:20,3,2,9
2023501311659,2023,501311659,3,1,1,2,38,7,3,0,0,0,0,0,9,10,E01015131,3,1,0.0,1.0,-1,6,60,1,1,1,08:32,6,3,9
2023101263104,2023,101263104,2,1,1,2,50,8,3,0,0,0,0,0,9,5,E01008588,3,1,0.0,1.0,-1,6,30,1,4,1,19:15,4,2,9
2023141268017,2023,141268017,1,1,1,2,25,5,3,0,0,0,0,0,9,4,E01007460,3,1,0.0,1.0,-1,3,70,1,1,2,15:44,4,2,9
2023161383002,2023,161383002,2,2,2,2,55,8,3,0,0,1,0,0,9,5,E01013132,3,1,0.0,1.0,-1,3,70,2,6,2,09:07,3,2,9
2023440215799,2023,440215799,1,1,1,2,18,4,3,0,0,0,0,0,9,2,E01001550,-1,0,0.06621,0.93379,-1,3,70,1,1,1,17:49,4,1,9
2023440251620,2023,440251620,2,1,1,1,49,8,3,0,0,0,0,0,9,3,E01022801,-1,0,0.02427,0.97573,-1,6,30,1,1,1,12:02,7,3,9
2023440419157,2023,440419157,1,1,1,2,43,7,3,0,0,0,0,0,9,6,E01022672,-1,0,0.03326,0.96674,-1,6,30,1,1,2,08:05,6,2,9
2023501264358,2023,501264358,2,1,1,2,37,7,3,0,0,0,0,0,9,2,E01019076,3,1,0.0,1.0,-1,1,30,9,1,-1,08:30,3,2,9
2023010475388,2023,010475388,1,1,3,2,24,5,3,1,3,0,0,0,0,2,E01001181,-1,0,0.0,1.0,-1,3,30,2,4,2,20:30,4,1,9
2023010466571,2023,010466571,3,2,1,-1,-1,-1,3,0,0,0,0,0,1,10,E01032638,-1,0,0.0,1.0,-1,6,30,1,1,1,14:45,7,4,1
2023421317505,2023,421317505,2,1,1,1,46,8,2,0,0,0,0,0,1,7,E01021628,7,1,1.0,0.0,-1,3,50,1,1,1,07:50,2,2,1
2023010448665,2023,010448665,1,1,1,2,25,5,3,0,0,0,0,0,9,8,E01001568,-1,0,0.0,1.0,-1,6,30,1,1,1,07:45,3,3,9
2023010440381,2023,010440381,2,1,1,1,21,5,3,0,0,0,0,0,9,6,E01000187,-1,0,0.0,1.0,-1,3,50,1,1,1,17:01,3,2,9
2023010456274,2023,010456274,2,1,1,1,62,9,3,0,0,0,0,0,9,8,E01003897,-1,0,0.0,1.0,-1,6,30,1,1,1,11:20,5,2,9
2023061384526,2023,061384526,1,3,2,2,7,2,3,0,0,2,0,0,9,-1,-1,3,1,0.0,1.0,-1,6,30,2,4,2,18:50,6,2,9
2023131261279,2023,131261279,1,2,1,2,21,5,3,0,0,0,0,0,9,10,E01011461,3,1,0.0,1.0,-1,6,30,2,4,2,18:27,2,3,9
2023552400100,2023,552400100,1,1,1,1,20,4,3,0,0,0,0,0,3,5,E01015375,-1,0,0.12936,0.87064,-1,6,30,1,1,1,12:39,7,2,3
2023320501927,2023,320501927,1,1,2,2,50,8,3,0,0,0,0,0,4,5,E01019494,-1,0,0.19701,0.80299,-1,6,40,1,1,1,14:55,1,2,4
2023522300821,2023,522300821,2,1,1,1,57,9,2,0,0,0,0,0,5,2,E01014810,-1,0,1.0,0.0,-1,1,40,2,6,2,05:55,3,2,5
2023010430327,2023,010430327,1,1,2,1,23,5,3,0,0,2,0,0,9,2,E01001357,-1,0,0.0,1.0,-1,3,40,1,4,1,01:20,7,2,9
2023430396590,2023,430396590,2,1,1,1,49,8,3,0,0,0,0,0,9,8,E01017931,-1,0,0.07399,0.92601,-1,6,60,1,1,1,16:21,2,2,9
2023131307714,2023,131307714,1,1,1,2,33,6,3,0,0,0,0,0,9,5,E01011770,3,1,0.0,1.0,-1,6,30,1,1,1,07:37,6,2,9
2023010483251,2023,010483251,2,1,1,2,57,9,2,0,0,0,0,0,1,9,E01003849,-1,0,1.0,0.0,-1,1,20,1,1,2,12:45,1,3,1
2023010438912,2023,010438912,2,1,1,1,22,5,2,0,0,0,0,0,3,4,E01032788,-1,0,1.0,0.0,-1,3,30,1,1,1,05:44,1,2,3
2023010419389,2023,010419389,1,1,1,2,43,7,3,0,0,0,0,0,9,8,E01002252,-1,0,0.0,1.0,-1,6,20,8,6,1,19:57,2,2,9
2023311331229,2023,311331229,1,1,1,2,87,11,2,0,0,0,0,0,9,6,E01028043,6,1,1.0,0.0,-1,6,30,1,1,1,17:22,4,1,9
2023332300727,2023,332300727,1,2,1,1,48,8,3,0,0,0,0,0,9,6,E01031025,-1,0,0.0426,0.9574,-1,6,50,1,1,1,11:04,7,2,9
2023340NN1952,2023,340NN1952,1,1,1,1,48,8,3,0,0,0,0,0,9,9,E01027071,-1,0,0.12551,0.87449,-1,6,60,1,1,1,09:32,2,2,9
2023440109053,2023,440109053,1,1,1,2,23,5,3,0,0,0,0,0,-1,7,E01017041,-1,0,0.08555,0.91445,-1,6,30,1,4,1,21:19,7,2,-1
2023010469628,2023,010469628,1,1,3,1,40,7,3,1,9,0,0,0,0,4,E01000113,-1,0,0.0,1.0,-1,6,30,1,4,1,23:00,7,1,9
2023010475436,2023,010475436,1,1,3,1,53,8,3,5,3,0,0,0,0,3,E01004350,-1,0,0.0,1.0,-1,6,20,8,4,2,19:30,5,1,9
2023061285677,2023,061285677,1,2,2,1,67,10,3,0,0,1,0,0,9,-1,-1,3,1,0.0,1.0,-1,3,70,1,1,4,08:35,7,2,9
2023201453239,2023,201453239,1,1,1,1,38,7,3,0,0,0,0,0,9,1,E01009048,3,1,0.0,1.0,-1,1,30,2,4,2,03:05,4,1,9
2023461319343,2023,461319343,1,1,1,1,17,4,3,0,0,0,0,0,9,3,E01024529,3,1,0.0,1.0,-1,6,60,8,6,1,22:59,1,1,9
2023543195123,2023,543195123,2,3,2,1,33,6,2,0,0,2,0,0,9,6,E01012818,-1,0,1.0,0.0,-1,6,40,4,4,1,03:00,7,2,9
2023010469972,2023,010469972,1,2,2,1,53,8,3,0,0,1,0,0,9,2,E01001651,-1,0,0.0,1.0,-1,6,30,1,1,1,17:43,4,2,9
2023041342149,2023,041342149,2,1,2,1,32,6,3,0,0,1,0,0,9,2,E01012742,3,1,0.0,1.0,-1,6,20,1,1,1,12:24,3,2,9
2023311356337,2023,311356337,1,1,2,2,34,6,3,0,0,1,0,0,9,-1,-1,3,1,0.0,1.0,-1,6,30,9,1,1,12:44,7,2,9
2023471269338,2023,471269338,1,3,2,2,-1,-1,3,0,0,2,0,0,9,-1,-1,3,1,0.0,1.0,-1,3,50,2,4,1,01:56,1,2,9
2023501284257,2023,501284257,1,6,2,1,16,4,3,0,0,2,0,0,9,5,E01020340,3,1,0.0,1.0,-1,6,60,2,6,2,21:42,4,2,9
2023010445581,2023,010445581,2,1,1,1,23,5,3,0,0,0,0,0,3,1,E01001634,-1,0,0.0,1.0,-1,6,30,1,4,1,22:35,7,2,3
2023010478269,2023,010478269,1,1,1,1,39,7,3,0,0,0,0,0,3,-1,-1,-1,0,0.0,1.0,-1,6,30,1,1,1,13:15,4,2,3
2023010428328,2023,010428328,1,1,1,2,37,7,3,0,0,0,0,0,9,3,E01016150,-1,0,0.0,1.0,-1,6,30,1,1,1,16:45,2,2,9
2023041313495,2023,041313495,2,2,1,2,36,7,3,0,0,0,0,0,9,4,E01025544,3,1,0.0,1.0,-1,6,20,1,1,1,18:11,4,3,9