collision_index,collision_year,collision_ref_no,vehicle_reference,casualty_reference,casualty_class,sex_of_casualty,age_of_casualty,age_band_of_casualty,casualty_severity,pedestrian_location,pedestrian_movement,car_passenger,bus_or_coach_passenger,pedestrian_road_maintenance_worker,casualty_type,casualty_imd_decile,lsoa_of_casualty,enhanced_casualty_severity,casualty_injury_based,casualty_adjusted_severity_serious,casualty_adjusted_severity_slight,casualty_distance_banding,road_type,speed_limit,weather_conditions,light_conditions,road_surface_conditions,time,day_of_week,number_of_vehicles,vehicle_type
2023061388790,2023,061388790,1,3,2,2,71,10,1,0,0,1,0,0,9,4,E01004776,1,1,0.0,0.0,-1,6,40,1,1,1,16:10,6,3,9
2023430221128,2023,430221128,2,1,2,1,22,5,3,0,0,2,0,0,9,9,E01032958,-1,0,0.05566,0.94434,-1,6,60,1,1,1,13:36,7,2,9
2023541320623,2023,541320623,1,1,1,1,24,5,3,0,0,0,0,0,9,4,E01022192,-1,0,0.0428,0.9572,-1,3,70,1,1,1,08:07,2,2,9
2023552301481,2023,552301481,1,1,3,2,88,11,2,5,1,0,0,0,0,10,E01015452,-1,0,1.0,0.0,-1,6,30,2,4,2,17:05,3,1,9
2023010449236,2023,010449236,1,1,1,1,25,5,3,0,0,0,0,0,1,7,E01003003,-1,0,0.0,1.0,-1,9,20,1,1,1,16:25,4,2,1
2023010435576,2023,010435576,2,1,1,2,19,4,3,0,0,0,0,0,9,-1,-1,-1,0,0.0,1.0,-1,3,30,1,4,1,00:00,2,2,9
2023010477368,2023,010477368,1,1,2,2,33,6,3,0,0,0,4,0,11,-1,-1,-1,0,0.0,1.0,-1,3,40,1,1,1,14:23,7,1,11
2023061322751,2023,061322751,1,1,1,1,35,6,3,0,0,0,0,0,1,1,E01033678,3,1,0.0,1.0,-1,3,30,1,1,-1,13:00,4,2,1
2023010463948,2023,010463948,1,1,1,-1,27,6,3,0,0,0,0,0,3,5,E01000639,-1,0,0.0,1.0,-1,9,30,9,7,9,21:50,5,2,3
2023010476545,2023,010476545,1,1,1,1,36,7,3,0,0,0,0,0,9,3,E01004568,-1,0,0.0,1.0,-1,9,20,1,1,1,09:00,3,2,9
2023451342472,2023,451342472,2,2,1,2,49,8,3,0,0,0,0,0,9,10,E01030776,3,1,0.0,1.0,-1,6,30,1,1,1,16:57,4,2,9
2023501355679,2023,501355679,1,2,2,1,9,2,3,0,0,2,0,0,9,7,E01019955,3,1,0.0,1.0,-1,6,40,1,1,1,16:22,7,2,9
2023131320068,2023,131320068,1,1,3,1,36,7,2,5,2,0,0,2,0,8,E01011829,5,1,1.0,0.0,-1,6,30,2,1,2,18:57,1,1,9
2023461294004,2023,461294004,1,1,3,2,80,11,3,5,3,0,0,2,0,2,E01016140,3,1,0.0,1.0,-1,6,30,1,1,1,13:05,5,1,9
2023010434420,2023,010434420,1,1,1,1,32,6,3,0,0,0,0,0,3,2,E01000628,-1,0,0.0,1.0,-1,9,20,9,7,9,20:20,6,2,3
2023010437948,2023,010437948,1,1,1,2,25,5,3,0,0,0,0,0,3,2,E01003432,-1,0,0.0,1.0,-1,6,20,1,1,1,18:59,2,2,3
2023361329864,2023,361329864,1,1,1,1,33,6,3,0,0,0,0,0,9,2,E01026477,3,1,0.0,1.0,-1,6,60,2,1,2,06:30,7,1,9
2023991335835,2023,991335835,1,1,1,2,52,8,2,0,0,0,0,0,9,5,-1,7,1,1.0,0.0,-1,6,60,1,6,2,11:00,2,2,9
2023501309422,2023,501309422,4,1,1,1,63,9,2,0,0,0,0,0,19,8,E01015165,7,1,1.0,0.0,-1,6,60,1,1,1,10:32,5,5,19
2023010439200,2023,010439200,1,1,1,1,45,7,3,0,0,0,0,0,1,3,E01003552,-1,0,0.0,1.0,-1,6,20,8,1,1,16:10,2,2,1
2023131267089,2023,131267089,1,1,1,1,21,5,3,0,0,0,0,0,9,1,E01011144,3,1,0.0,1.0,-1,6,30,1,4,2,20:20,1,2,9
2023461314022,2023,461314022,3,3,1,1,61,9,3,0,0,0,0,0,19,3,E01002279,3,1,0.0,1.0,-1,3,70,1,6,1,22:40,4,3,19
2023302300467,2023,302300467,1,1,3,1,17,4,3,5,1,0,0,0,0,1,E01013584,-1,0,0.07802,0.92198,-1,6,30,1,1,1,08:45,4,1,9
2023546959423,2023,546959423,1,1,1,1,27,6,3,0,0,0,0,0,3,2,E01015573,-1,0,0.18539,0.81461,-1,2,30,9,1,1,19:49,2,1,3
2023451360653,2023,451360653,1,1,1,1,18,4,3,0,0,0,0,0,9,7,E01023116,3,1,0.0,1.0,-1,6,40,1,4,1,04:25,1,1,9
2023552300434,2023,552300434,1,1,1,2,37,7,3,0,0,0,0,0,9,5,E01015380,-1,0,0.02759,0.97241,-1,6,30,1,1,1,09:09,4,2,9
2023991370663,2023,991370663,1,1,1,2,23,5,3,0,0,0,0,0,9,-1,-1,3,1,0.0,1.0,-1,6,20,1,4,2,18:00,5,2,9
2023131292947,2023,131292947,2,2,1,2,53,8,3,0,0,0,0,0,9,3,E01010670,3,1,0.0,1.0,-1,3,30,1,1,1,14:55,1,2,9
2023311341047,2023,311341047,1,1,1,1,30,6,3,0,0,0,0,0,9,-1,-1,3,1,0.0,1.0,-1,6,30,1,1,1,17:25,6,2,9
2023320653525,2023,320653525,1,3,2,1,39,7,3,0,0,1,0,0,9,1,E01013628,-1,0,0.12248,0.87752,-1,6,60,2,6,2,19:25,6,1,9
2023302301158,2023,302301158,1,1,2,2,65,9,3,0,0,2,0,0,8,2,E01013522,-1,0,0.01749,0.98251,-1,6,30,1,1,1,16:35,3,1,8
2023010460910,2023,010460910,1,1,1,1,31,6,3,0,0,0,0,0,9,4,E01004215,-1,0,0.0,1.0,-1,6,30,1,1,1,16:57,4,2,9
2023122300545,2023,122300545,2,2,2,2,30,6,3,0,0,2,0,0,9,10,E01027402,-1,0,0.04937,0.95063,-1,6,60,2,6,1,18:09,4,2,9
2023131332861,2023,131332861,2,1,1,1,32,6,2,0,0,0,0,0,9,7,E01011775,7,1,1.0,0.0,-1,6,40,1,1,1,14:30,2,2,9
2023421283294,2023,421283294,1,1,1,1,20,4,3,0,0,0,0,0,9,3,E01021639,3,1,0.0,1.0,-1,6,40,2,4,1,23:09,1,1,9
2023430533947,2023,430533947,1,1,1,1,34,6,2,0,0,0,0,0,9,7,E01027305,-1,0,1.0,0.0,-1,6,60,1,6,1,19:00,2,2,9
2023430021760,2023,430021760,1,1,1,2,48,8,3,0,0,0,0,0,-1,7,E01028545,-1,0,0.09673,0.90327,-1,1,20,1,4,1,17:42,1,2,-1
2023211377897,2023,211377897,2,1,1,1,41,7,3,0,0,0,0,0,9,5,E01014369,3,1,0.0,1.0,-1,3,70,1,6,1,05:00,6,2,9
2023010433007,2023,010433007,1,1,1,1,39,7,2,0,0,0,0,0,1,3,E01003606,-1,0,1.0,0.0,-1,1,20,2,1,2,10:30,7,2,1
2023122301117,2023,122301117,1,1,1,1,17,4,3,0,0,0,0,0,9,4,E01027866,-1,0,0.03672,0.96328,-1,6,30,2,4,2,20:44,5,2,9
2023440146953,2023,440146953,1,1,1,1,24,5,1,0,0,0,0,0,9,-1,-1,-1,0,0.0,0.0,-1,3,70,1,6,1,04:17,7,1,9
2023451301936,2023,451301936,2,1,1,2,45,7,3,0,0,0,0,0,9,-1,-1,3,1,0.0,1.0,-1,6,40,1,1,2,08:00,6,2,9
2023010422211,2023,010422211,1,1,3,2,53,8,2,5,1,0,0,0,0,5,E01000560,-1,0,1.0,0.0,-1,6,30,1,1,4,08:40,5,1,9
2023010474219,2023,010474219,1,1,1,1,31,6,3,0,0,0,0,0,1,5,E01002202,-1,0,0.0,1.0,-1,6,20,1,1,1,16:00,2,1,1
2023010471171,2023,010471171,2,1,1,2,43,7,2,0,0,0,0,0,4,2,E01004615,-1,0,1.0,0.0,-1,3,20,1,1,1,14:37,3,2,4
2023302300691,2023,302300691,1,1,1,1,24,5,2,0,0,0,0,0,5,5,E01019883,-1,0,1.0,0.0,-1,6,50,1,1,1,13:00,1,2,5
2023430074642,2023,430074642,2,1,2,2,42,7,3,0,0,1,0,0,9,-1,-1,-1,0,0.01827,0.98173,-1,6,40,1,4,1,18:14,6,2,9
2023991353354,2023,991353354,2,1,1,2,71,10,2,0,0,0,0,0,9,9,-1,6,1,1.0,0.0,-1,6,60,8,1,1,14:30,5,3,9
2023122300710,2023,122300710,1,1,1,2,54,8,3,0,0,0,0,0,9,10,E01008422,-1,0,0.04026,0.95974,-1,6,30,1,1,1,15:51,4,2,9
2023302301515,2023,302301515,2,1,1,1,42,7,3,0,0,0,0,0,9,1,E01013590,-1,0,0.00701,0.99299,-1,6,30,1,1,2,08:45,3,2,9
2023320483001,2023,320483001,2,3,2,2,29,6,1,0,0,2,0,0,9,9,E01027632,-1,0,0.0,0.0,-1,6,60,2,1,2,17:30,6,2,9
2023520301805,2023,520301805,1,4,2,2,15,3,3,0,0,1,0,0,9,3,E01029096,-1,0,0.03207,0.96793,-1,6,30,1,1,1,14:00,1,3,9
2023101368220,2023,101368220,2,1,1,2,62,9,3,0,0,0,0,0,1,6,E01008358,3,1,0.0,1.0,-1,6,30,2,4,2,17:45,4,2,1
2023131348945,2023,131348945,1,1,1,1,38,7,3,0,0,0,0,0,1,10,E01010696,3,1,0.0,1.0,-1,6,30,1,1,1,17:50,2,2,1
2023131310679,2023,131310679,2,1,1,2,25,5,3,0,0,0,0,0,9,5,E01010783,3,1,0.0,1.0,-1,6,30,1,1,1,14:01,2,2,9
2023421388435,2023,421388435,1,2,2,1,20,4,3,0,0,1,0,0,9,5,E01015859,3,1,0.0,1.0,-1,6,60,1,6,1,23:26,5,2,9
2023544202323,2023,544202323,1,1,1,1,39,7,3,0,0,0,0,0,9,7,E01031857,-1,0,0.04288,0.95712,-1,6,30,1,1,1,19:40,6,2,9
2023991292837,2023,991292837,1,1,1,1,17,4,3,0,0,0,0,0,1,1,-1,3,1,0.0,1.0,-1,6,20,1,4,1,20:15,7,2,1
2023010455696,2023,010455696,1,1,3,2,3,1,3,1,1,0,0,0,0,3,E01002726,-1,0,0.0,1.0,-1,6,20,1,1,1,16:14,2,1,9
2023430071110,2023,430071110,2,2,1,2,19,4,3,0,0,0,0,0,9,10,E01028755,-1,0,0.04416,0.95584,-1,6,60,1,1,2,16:32,4,2,9
2023010467448,2023,010467448,1,1,3,1,5,1,2,5,9,0,0,0,0,3,E01002532,-1,0,1.0,0.0,-1,6,20,9,1,1,16:00,3,1,9
2023451316741,2023,451316741,1,1,1,1,31,6,2,0,0,0,0,0,19,3,E01002646,7,1,1.0,0.0,-1,6,30,1,1,1,17:20,4,2,19
2023471327302,2023,471327302,2,1,1,2,25,5,3,0,0,0,0,0,1,5,E01016971,3,1,0.0,1.0,-1,6,20,4,1,2,16:10,7,2,1
2023070976962,2023,070976962,2,1,1,1,84,11,2,0,0,0,0,0,3,3,E01012497,-1,0,1.0,0.0,-1,6,30,1,1,1,16:29,7,2,3
2023052302593,2023,052302593,2,3,1,2,17,4,3,0,0,0,0,0,9,7,E01006498,-1,0,0.0396,0.9604,-1,3,70,2,6,2,20:30,7,3,9
2023440325514,2023,440325514,1,1,2,1,42,7,3,0,0,1,0,0,9,1,E01031429,-1,0,0.03104,0.96896,-1,6,40,1,1,1,13:44,7,2,9
2023010458559,2023,010458559,1,1,3,2,6,2,3,5,4,0,0,0,0,2,E01000952,-1,0,0.0,1.0,-1,2,20,1,1,2,18:15,4,1,1
2023010457833,2023,010457833,2,1,1,1,33,6,2,0,0,0,0,0,1,5,E01002305,-1,0,1.0,0.0,-1,1,30,2,1,2,09:03,7,2,1
2023131355796,2023,131355796,1,1,1,1,17,4,3,0,0,0,0,0,1,2,E01011424,3,1,0.0,1.0,-1,6,30,1,1,1,14:24,1,2,1
2023010441827,2023,010441827,1,2,2,-1,-1,-1,3,0,0,1,0,0,9,2,E01003237,-1,0,0.0,1.0,-1,6,30,1,1,1,13:31,2,2,9
2023031329988,2023,031329988,1,1,1,1,47,8,3,0,0,0,0,0,9,-1,-1,3,1,0.0,1.0,-1,6,40,1,6,2,22:38,7,2,9
2023201375376,2023,201375376,2,1,1,2,50,8,3,0,0,0,0,0,9,3,E01010083,3,1,0.0,1.0,-1,6,30,1,1,1,20:12,4,2,9
2023141342440,2023,141342440,1,1,1,2,53,8,3,0,0,0,0,0,9,-1,-1,3,1,0.0,1.0,-1,6,30,1,1,1,17:20,2,2,9
2023201379328,2023,201379328,2,1,1,2,47,8,3,0,0,0,0,0,9,3,E01032242,3,1,0.0,1.0,-1,6,30,1,7,2,00:42,1,2,9
2023221392470,2023,221392470,1,1,2,2,10,2,3,0,0,1,0,0,9,5,E01028959,3,1,0.0,1.0,-1,3,70,1,1,2,11:47,7,2,9
2023361276799,2023,361276799,1,1,1,2,42,7,3,0,0,0,0,0,9,6,E01030064,3,1,0.0,1.0,-1,1,30,1,4,1,21:05,4,2,9
2023411377595,2023,411377595,2,1,1,1,18,4,3,0,0,0,0,0,9,5,E01023324,3,1,0.0,1.0,-1,7,50,1,1,1,10:00,3,2,9
2023461343945,2023,461343945,2,1,1,1,76,11,3,0,0,0,0,0,9,2,E01024277,3,1,0.0,1.0,-1,1,30,1,1,1,16:13,6,2,9
2023122300610,2023,122300610,1,1,1,2,27,6,3,0,0,0,0,0,9,7,E01011393,-1,0,0.0099,0.9901,-1,3,70,1,1,1,13:01,7,2,9
2023161388595,2023,161388595,1,1,1,1,26,6,3,0,0,0,0,0,9,-1,-1,3,1,0.0,1.0,-1,6,60,1,1,4,07:10,6,1,9
2023501332460,2023,501332460,2,2,1,1,46,8,3,0,0,0,0,0,9,4,E01015029,3,1,0.0,1.0,-1,6,30,1,4,2,22:15,7,2,9
2023201372867,2023,201372867,2,1,3,2,48,8,2,6,9,0,0,2,0,2,E01010299,7,1,1.0,0.0,-1,6,30,1,1,1,12:08,7,2,9
2023010447980,2023,010447980,1,1,1,1,-1,-1,3,0,0,0,0,0,3,2,E01033151,-1,0,0.0,1.0,-1,6,30,1,1,1,17:10,6,2,3
2023010427159,2023,010427159,1,1,1,1,38,7,3,0,0,0,0,0,5,-1,-1,-1,0,0.0,1.0,-1,6,20,1,1,1,13:30,3,2,5
2023430031108,2023,430031108,3,3,2,2,42,7,3,0,0,1,0,0,9,5,E01018947,-1,0,0.04114,0.95886,-1,3,70,1,1,4,11:21,7,4,9
2023451279538,2023,451279538,1,2,2,1,29,6,1,0,0,2,0,0,9,2,E01014685,1,1,0.0,0.0,-1,3,70,1,4,2,02:55,5,1,9
2023010473391,2023,010473391,1,3,2,2,61,9,3,0,0,0,4,0,11,-1,-1,-1,0,0.0,1.0,-1,2,20,1,1,1,12:06,1,2,11
2023010461552,2023,010461552,1,1,2,2,49,8,3,0,0,1,0,0,9,8,E01002163,-1,0,0.0,1.0,-1,6,30,1,1,1,15:27,1,2,9
2023052302271,2023,052302271,1,1,1,2,25,5,3,0,0,0,0,0,9,-1,-1,-1,0,0.04768,0.95232,-1,6,30,1,1,1,13:30,6,2,9
2023471343811,2023,471343811,2,2,2,2,55,8,3,0,0,1,0,0,9,7,E01031421,3,1,0.0,1.0,-1,6,20,1,1,1,18:50,6,2,9
2023522400565,2023,522400565,1,1,1,2,67,10,3,0,0,0,0,0,9,8,E01022409,-1,0,0.00367,0.99633,-1,1,60,2,1,2,09:00,3,2,9
2023061315153,2023,061315153,2,1,1,1,31,6,2,0,0,0,0,0,1,1,E01005071,7,1,1.0,0.0,-1,6,30,1,1,1,15:38,2,2,1
2023522301012,2023,522301012,1,1,1,1,36,7,3,0,0,0,0,0,1,1,E01014574,-1,0,0.04098,0.95902,-1,6,30,9,1,2,16:45,5,2,1
2023010447634,2023,010447634,1,1,1,1,45,7,3,0,0,0,0,0,3,3,E01004020,-1,0,0.0,1.0,-1,6,20,1,1,1,17:28,4,2,3
2023631339812,2023,631339812,1,1,1,1,74,10,3,0,0,0,0,0,2,4,W01000586,3,1,0.0,1.0,-1,1,30,1,1,1,14:15,2,2,2
2023131380085,2023,131380085,1,1,3,1,37,7,3,9,5,0,0,2,0,3,E01010662,3,1,0.0,1.0,-1,6,30,1,7,1,15:43,3,1,9
2023170H10183,2023,170H10183,1,1,1,2,20,4,3,0,0,0,0,0,9,1,E01012021,-1,0,0.12198,0.87802,-1,1,40,1,4,2,23:06,7,1,9
2023501395044,2023,501395044,1,2,1,2,18,4,3,0,0,0,0,0,9,4,E01019049,3,1,0.0,1.0,-1,6,60,1,6,1,19:00,5,2,9
2023520300081,2023,520300081,1,1,1,2,27,6,3,0,0,0,0,0,9,9,E01029318,-1,0,0.00174,0.99826,-1,1,60,9,1,2,16:18,2,2,9
2023302301212,2023,302301212,2,2,1,1,16,4,3,0,0,0,0,0,-1,3,E01013508,-1,0,0.05366,0.94634,-1,6,30,2,1,2,17:49,7,2,-1
2023161268544,2023,161268544,1,1,1,2,43,7,3,0,0,0,0,0,9,5,E01027807,3,1,0.0,1.0,-1,6,60,1,1,2,15:15,5,2,9
2023411292017,2023,411292017,1,1,2,2,17,4,3,0,0,1,0,0,9,6,E01023952,3,1,0.0,1.0,-1,6,30,1,1,1,13:36,7,2,9
2023471278984,2023,471278984,1,3,2,2,83,11,2,0,0,1,0,0,9,8,E01021134,5,1,1.0,0.0,-1,6,60,1,6,1,18:20,3,2,9
2023430242123,2023,430242123,3,2,1,2,49,8,3,0,0,0,0,0,1,8,E01016656,-1,0,0.13376,0.86624,-1,1,50,1,1,1,13:15,6,3,1
2023552301255,2023,552301255,2,1,1,1,14,3,3,0,0,0,0,0,1,6,E01015402,-1,0,0.11667,0.88333,-1,6,30,1,1,1,09:49,6,2,1
2023031392224,2023,031392224,1,1,1,2,48,8,3,0,0,0,0,0,9,4,E01019120,3,1,0.0,1.0,-1,6,60,1,1,2,13:22,3,1,9
2023610007623,2023,610007623,1,1,1,2,72,10,3,0,0,0,0,0,9,9,W01001560,-1,0,0.17123,0.82877,-1,6,60,1,1,1,10:50,3,1,9
2023311372065,2023,311372065,1,2,3,2,37,7,3,9,9,0,0,2,0,-1,-1,3,1,0.0,1.0,-1,2,20,1,4,1,04:05,6,1,9
2023991278863,2023,991278863,1,1,3,2,76,11,3,5,3,0,0,0,0,8,-1,3,1,0.0,1.0,-1,6,30,1,4,1,21:30,6,1,9
2023052301000,2023,052301000,1,1,1,1,14,3,3,0,0,0,0,0,1,2,E01007210,-1,0,0.10879,0.89121,-1,6,30,1,1,1,11:23,4,2,1
2023211367698,2023,211367698,2,1,1,2,26,6,3,0,0,0,0,0,1,6,E01029446,3,1,0.0,1.0,-1,6,30,1,1,1,17:10,6,2,1
2023332300462,2023,332300462,3,3,1,1,38,7,3,0,0,0,0,0,9,7,E01011067,-1,0,0.01337,0.98663,-1,3,70,1,1,1,08:15,4,6,9
2023430405973,2023,430405973,2,1,1,2,40,7,2,0,0,0,0,0,9,8,E01017735,-1,0,1.0,0.0,-1,6,60,1,1,2,18:19,1,2,9
2023461296138,2023,461296138,1,1,1,2,26,6,3,0,0,0,0,0,9,4,E01024387,3,1,0.0,1.0,-1,3,70,2,1,2,16:08,6,2,9
2023501365494,2023,501365494,1,1,2,2,80,11,1,0,0,1,0,0,9,6,E01019068,1,1,0.0,0.0,-1,1,30,1,1,2,15:55,7,1,9
2023991365572,2023,991365572,2,2,1,2,38,7,3,0,0,0,0,0,9,2,-1,3,1,0.0,1.0,-1,6,30,1,1,1,17:20,2,2,9
2023010467919,2023,010467919,1,1,1,1,17,4,2,0,0,0,0,0,-1,3,E01002564,-1,0,1.0,0.0,-1,3,40,9,1,1,10:00,6,2,-1
2023052301010,2023,052301010,1,1,3,1,17,4,3,6,9,0,0,0,0,1,E01006609,-1,0,0.16941,0.83059,-1,6,30,1,4,1,03:20,1,1,9
2023010469326,2023,010469326,1,1,1,1,6,2,3,0,0,0,0,0,1,6,E01002680,-1,0,0.0,1.0,-1,6,20,1,1,1,13:40,1,1,1
2023122300414,2023,122300414,2,4,2,2,44,7,3,0,0,2,0,0,9,1,E01008596,-1,0,0.0582,0.9418,-1,3,70,1,6,2,22:22,2,2,9
2023131299790,2023,131299790,2,2,1,1,34,6,3,0,0,0,0,0,9,1,E01010635,3,1,0.0,1.0,-1,3,30,1,4,1,20:18,7,2,9
2023141325304,2023,141325304,1,1,1,2,49,8,3,0,0,0,0,0,9,5,E01011178,3,1,0.0,1.0,-1,3,30,1,1,1,15:30,6,2,9
2023471368715,2023,471368715,3,4,2,2,17,4,3,0,0,1,0,0,9,8,E01016082,3,1,0.0,1.0,-1,6,60,2,6,2,19:20,2,4,9
2023061335242,2023,061335242,1,1,1,1,20,4,2,0,0,0,0,0,5,5,E01006201,7,1,1.0,0.0,-1,6,30,1,1,1,13:50,7,2,5
2023031352585,2023,031352585,2,1,1,2,39,7,3,0,0,0,0,0,9,5,E01019394,3,1,0.0,1.0,-1,6,60,1,1,1,15:54,5,2,9
2023991383091,2023,991383091,1,1,1,1,85,11,2,0,0,0,0,0,9,4,-1,5,1,1.0,0.0,-1,3,70,1,6,2,19:55,3,2,9
2023061371916,2023,061371916,1,1,3,2,52,8,3,5,1,0,0,-1,0,10,E01005808,3,1,0.0,1.0,-1,6,30,1,4,-1,06:50,2,1,8
2023170S12323,2023,170S12323,1,1,3,1,2,1,3,5,1,0,0,0,0,1,E01012254,-1,0,0.13742,0.86258,-1,6,30,1,1,1,15:30,2,1,9
2023411381363,2023,411381363,1,1,1,1,50,8,2,0,0,0,0,0,1,10,E01023815,5,1,1.0,0.0,-1,6,40,1,1,1,19:40,7,2,1
2023501282965,2023,501282965,2,1,1,2,38,7,3,0,0,0,0,0,1,3,E01019991,3,1,0.0,1.0,-1,1,30,1,1,1,15:06,1,2,1
2023991341063,2023,991341063,1,1,1,1,49,8,3,0,0,0,0,0,8,6,-1,3,1,0.0,1.0,-1,3,50,1,1,1,14:30,7,2,8
2023010435445,2023,010435445,1,1,1,1,21,5,3,0,0,0,0,0,9,7,E01002222,-1,0,0.0,1.0,-1,6,20,1,4,1,04:50,1,1,9
2023071217817,2023,071217817,1,2,2,1,36,7,2,0,0,1,0,0,9,6,E01018713,-1,0,1.0,0.0,-1,6,60,3,1,3,15:06,7,1,9
2023520400915,2023,520400915,1,1,1,2,25,5,3,0,0,0,0,0,9,3,E01029093,-1,0,0.0196,0.9804,-1,6,30,1,1,2,12:55,5,2,9
2023141342647,2023,141342647,2,1,1,1,69,10,2,0,0,0,0,0,1,4,E01008000,6,1,1.0,0.0,-1,6,30,1,1,1,14:30,4,2,1
2023421395005,2023,421395005,2,1,1,1,12,3,2,0,0,0,0,0,1,9,E01015883,7,1,1.0,0.0,-1,6,30,1,1,1,13:10,3,2,1
2023461275479,2023,461275479,2,1,1,1,52,8,3,0,0,0,0,0,1,6,E01000365,3,1,0.0,1.0,-1,6,30,1,1,1,09:19,1,2,1
2023031272480,2023,031272480,1,1,3,1,46,8,3,9,9,0,0,0,0,8,E01019378,3,1,0.0,1.0,-1,6,60,1,6,1,00:01,1,1,-1
2023061323528,2023,061323528,2,1,1,1,32,6,3,0,0,0,0,0,9,-1,-1,3,1,0.0,1.0,-1,6,30,1,4,1,23:21,1,3,9
2023131293757,2023,131293757,1,2,2,1,24,5,3,0,0,1,0,0,9,-1,-1,3,1,0.0,1.0,-1,6,40,1,6,1,21:17,3,2,9
202354B061023,2023,54B061023,1,1,1,2,40,7,3,0,0,0,0,0,9,2,E01015539,-1,0,0.02507,0.97493,-1,6,30,2,1,2,15:33,4,3,9
2023361309347,2023,361309347,1,1,3,1,31,6,2,6,9,0,0,1,0,4,E01026445,7,1,1.0,0.0,-1,6,30,1,1,1,08:01,6,1,9
2023010480905,2023,010480905,1,1,1,1,-1,-1,3,0,0,0,0,0,3,3,E01002552,-1,0,0.0,1.0,-1,2,30,1,4,9,18:15,7,2,3
2023221378415,2023,221378415,1,1,1,2,51,8,3,0,0,0,0,0,8,7,E01028950,3,1,0.0,1.0,-1,6,60,1,1,1,13:00,2,2,8
2023201309166,2023,201309166,1,1,1,2,41,7,3,0,0,0,0,0,9,1,E01009309,3,1,0.0,1.0,-1,6,30,1,1,1,18:23,5,2,9
2023461297290,2023,461297290,1,1,1,2,76,11,2,0,0,0,0,0,9,6,E01032824,6,1,1.0,0.0,-1,3,40,1,1,1,14:27,4,2,9
2023101339413,2023,101339413,2,2,1,1,35,6,2,0,0,0,0,0,9,9,E01027410,7,1,1.0,0.0,-1,6,60,1,1,1,13:14,2,2,9
2023320577133,2023,320577133,2,1,1,2,21,5,3,0,0,0,0,0,9,9,E01026196,-1,0,0.04728,0.95272,-1,6,60,1,1,1,12:00,7,2,9
2023361365465,2023,361365465,1,2,2,1,23,5,3,0,0,2,0,0,9,-1,-1,3,1,0.0,1.0,-1,6,30,2,4,2,03:30,7,2,9
2023401297900,2023,401297900,2,2,2,2,8,2,3,0,0,2,0,0,9,3,E01015751,3,1,0.0,1.0,-1,6,40,1,1,1,17:06,6,2,9
2023430336996,2023,430336996,1,1,1,2,64,9,2,0,0,0,0,0,9,4,E01017555,-1,0,1.0,0.0,-1,6,60,1,1,1,10:40,7,3,9
2023991266423,2023,991266423,2,1,1,1,75,10,3,0,0,0,0,0,1,10,-1,3,1,0.0,1.0,-1,6,20,1,4,1,19:20,7,2,1
2023010482279,2023,010482279,2,1,1,1,22,5,3,0,0,0,0,0,4,3,E01002028,-1,0,0.0,1.0,-1,6,20,1,1,4,07:30,4,2,4
2023161283887,2023,161283887,1,1,1,1,31,6,3,0,0,0,0,0,19,3,E01012899,3,1,0.0,1.0,-1,6,30,1,1,1,07:10,5,2,19
2023010456868,2023,010456868,2,3,1,1,57,9,3,0,0,0,0,0,9,3,E01003280,-1,0,0.0,1.0,-1,6,30,1,4,1,21:30,1,2,9
2023041388933,2023,041388933,1,1,1,2,32,6,3,0,0,0,0,0,9,1,E01004802,3,1,0.0,1.0,-1,3,70,1,6,2,05:00,7,1,9
2023520300649,2023,520300649,1,1,1,2,30,6,3,0,0,0,0,0,9,6,E01029084,-1,0,0.04716,0.95284,-1,6,40,1,7,1,23:22,2,2,9
2023991301342,2023,991301342,2,1,2,1,32,6,3,0,0,1,0,0,9,1,-1,3,1,0.0,1.0,-1,6,60,1,1,1,19:08,4,2,9
2023991316561,2023,991316561,1,1,2,2,87,11,3,0,0,2,0,0,9,-1,-1,3,1,0.0,1.0,-1,6,20,1,1,1,17:15,5,2,9
2023010472923,2023,010472923,1,1,3,1,33,6,3,10,9,0,0,0,0,-1,-1,-1,0,0.0,1.0,-1,9,20,1,1,1,16:50,5,1,9
2023052301138,2023,052301138,2,1,1,1,29,6,3,0,0,0,0,0,1,2,E01006924,-1,0,0.14352,0.85648,-1,6,30,1,1,1,18:30,5,2,1
2023010443272,2023,010443272,2,1,1,2,34,6,3,0,0,0,0,0,5,8,E01023708,-1,0,0.0,1.0,-1,6,30,1,1,1,15:14,3,2,5
2023010469870,2023,010469870,1,1,1,1,24,5,3,0,0,0,0,0,9,1,E01002067,-1,0,0.0,1.0,-1,9,30,1,1,1,07:35,3,2,9
2023351370225,2023,351370225,1,1,1,1,46,8,2,0,0,0,0,0,9,5,E01018102,5,1,1.0,0.0,-1,6,30,1,1,1,08:09,5,2,9
2023010470622,2023,010470622,2,1,1,1,61,9,3,0,0,0,0,0,3,8,E01001568,-1,0,0.0,1.0,-1,6,20,1,1,1,14:54,7,2,3
2023401341549,2023,401341549,2,2,1,2,34,6,3,0,0,0,0,0,9,5,E01017388,3,1,0.0,1.0,-1,6,30,2,1,2,07:30,4,2,9
2023430474497,2023,430474497,2,1,1,2,35,6,3,0,0,0,0,0,9,2,E01001316,-1,0,0.04518,0.95482,-1,6,40,2,4,2,20:32,7,2,9