collision_index,collision_year,collision_ref_no,vehicle_reference,casualty_reference,casualty_class,sex_of_casualty,age_of_casualty,age_band_of_casualty,casualty_severity,pedestrian_location,pedestrian_movement,car_passenger,bus_or_coach_passenger,pedestrian_road_maintenance_worker,casualty_type,casualty_imd_decile,lsoa_of_casualty,enhanced_casualty_severity,casualty_injury_based,casualty_adjusted_severity_serious,casualty_adjusted_severity_slight,casualty_distance_banding,road_type,speed_limit,weather_conditions,light_conditions,road_surface_conditions,time,day_of_week,number_of_vehicles,vehicle_type
2023471265149,2023,471265149,2,1,1,2,21,5,3,0,0,0,0,0,9,8,E01031778,3,1,0.0,1.0,-1,6,40,1,6,2,18:14,4,2,9
2023991378675,2023,991378675,3,2,1,2,56,9,3,0,0,0,0,0,9,7,-1,3,1,0.0,1.0,-1,3,70,1,1,1,15:17,6,5,9
2023010441023,2023,010441023,1,1,3,2,34,6,3,5,1,0,0,0,0,10,E01002958,-1,0,0.0,1.0,-1,2,30,1,1,1,15:30,4,1,9
2023010450837,2023,010450837,1,1,3,2,25,5,3,1,9,0,0,0,0,4,E01033572,-1,0,0.0,1.0,-1,2,20,8,1,1,20:21,5,1,97
2023061302041,2023,061302041,2,1,3,2,41,7,3,9,9,0,0,0,0,-1,-1,3,1,0.0,1.0,-1,6,30,1,1,1,13:09,6,2,9
2023131349769,2023,131349769,1,2,2,1,44,7,3,0,0,1,0,0,9,2,E01011378,3,1,0.0,1.0,-1,6,30,1,1,1,18:20,4,1,9
2023161289897,2023,161289897,3,2,1,1,32,6,3,0,0,0,0,0,9,8,E01013040,3,1,0.0,1.0,-1,6,30,1,1,1,16:20,4,3,9
2023451370937,2023,451370937,1,2,2,1,8,2,2,0,0,2,0,0,9,10,E01030500,7,1,1.0,0.0,-1,6,40,1,1,1,13:51,1,2,9
2023622300390,2023,622300390,2,1,1,1,23,5,3,0,0,0,0,0,9,4,W01000891,-1,0,0.02346,0.97654,-1,1,50,2,1,2,16:17,2,2,9
2023010473496,2023,010473496,1,1,1,2,33,6,3,0,0,0,0,0,3,5,E01001737,-1,0,0.0,1.0,-1,6,20,1,4,1,20:45,1,2,3
2023131281466,2023,131281466,2,1,1,1,34,6,3,0,0,0,0,0,9,1,E01011337,3,1,0.0,1.0,-1,6,30,1,1,1,13:05,3,2,9
2023440430503,2023,440430503,1,1,1,2,17,4,2,0,0,0,0,0,9,8,E01023245,-1,0,1.0,0.0,-1,6,60,2,1,2,17:44,6,1,9
2023010453981,2023,010453981,1,1,1,1,37,7,3,0,0,0,0,0,3,2,E01003971,-1,0,0.0,1.0,-1,2,20,8,1,1,14:40,4,2,3
2023131264590,2023,131264590,2,1,1,2,33,6,3,0,0,0,0,0,9,1,E01011491,3,1,0.0,1.0,-1,3,40,1,4,1,18:31,2,3,9
2023411333214,2023,411333214,2,1,1,2,50,8,3,0,0,0,0,0,9,10,E01023512,3,1,0.0,1.0,-1,3,50,8,4,-1,22:30,7,2,9
2023430306599,2023,430306599,2,2,2,1,22,5,3,0,0,2,0,0,9,6,E01028728,-1,0,0.01263,0.98737,-1,6,30,2,4,2,23:38,2,2,9
2023061436853,2023,061436853,1,1,3,2,26,6,3,8,1,0,0,0,0,1,E01005224,3,1,0.0,1.0,-1,6,20,1,6,2,20:45,7,1,9
2023552300611,2023,552300611,2,1,1,1,30,6,3,0,0,0,0,0,9,5,E01015380,-1,0,0.01671,0.98329,-1,3,40,1,1,1,13:29,1,3,9
2023552400034,2023,552400034,1,1,1,2,19,4,3,0,0,0,0,0,9,8,E01020504,-1,0,0.04413,0.95587,-1,3,50,1,1,1,11:53,6,2,9
2023221339212,2023,221339212,2,1,1,1,33,6,3,0,0,0,0,0,1,7,E01032192,3,1,0.0,1.0,-1,1,40,1,1,1,08:30,1,2,1
2023471356580,2023,471356580,1,1,1,1,38,7,2,0,0,0,0,0,1,6,E01020949,7,1,1.0,0.0,-1,6,30,1,1,1,13:12,2,2,1
2023031348071,2023,031348071,1,2,2,2,15,3,3,0,0,2,0,0,9,7,-1,3,1,0.0,1.0,-1,6,60,1,6,1,01:28,2,2,9
2023101365373,2023,101365373,3,1,1,2,26,6,3,0,0,0,0,0,9,4,E01033077,3,1,0.0,1.0,-1,3,70,1,1,1,17:30,2,3,9
2023131269913,2023,131269913,1,1,1,1,25,5,2,0,0,0,0,0,9,1,E01011138,6,1,1.0,0.0,-1,3,40,1,1,1,09:20,2,2,9
2023440521606,2023,440521606,1,1,2,1,11,3,3,0,0,1,0,0,9,9,E01022565,-1,0,0.03709,0.96291,-1,6,30,1,1,1,10:37,6,2,9
2023991325233,2023,991325233,1,1,1,1,67,10,3,0,0,0,0,0,9,4,-1,3,1,0.0,1.0,-1,6,30,1,1,1,11:25,1,1,9
2023340WN7312,2023,340WN7312,1,3,2,2,56,9,3,0,0,0,0,0,10,-1,-1,-1,0,0.10303,0.89697,-1,3,70,1,6,2,20:40,4,2,10
2023052302500,2023,052302500,2,1,1,1,27,6,3,0,0,0,0,0,1,3,E01006722,-1,0,0.14724,0.85276,-1,6,20,2,4,2,21:39,5,2,1
2023010426269,2023,010426269,3,2,1,1,44,7,3,0,0,0,0,0,9,4,E01001247,-1,0,0.0,1.0,-1,6,20,1,1,1,09:14,5,6,9
2023010485320,2023,010485320,1,4,2,-1,-1,-1,3,0,0,2,0,0,9,-1,-1,-1,0,0.0,1.0,-1,6,30,1,4,1,19:03,7,2,9
2023411299401,2023,411299401,1,1,1,1,19,4,2,0,0,0,0,0,9,10,E01023551,7,1,1.0,0.0,-1,9,30,8,4,2,22:05,2,1,9
2023461333497,2023,461333497,2,1,1,2,33,6,3,0,0,0,0,0,9,5,E01016088,3,1,0.0,1.0,-1,6,30,1,1,1,07:00,6,2,9
2023371394279,2023,371394279,3,1,2,2,7,2,3,0,0,2,0,0,9,2,E01029938,3,1,0.0,1.0,-1,6,30,1,1,1,16:23,6,3,9
2023461368539,2023,461368539,2,1,1,2,19,4,3,0,0,0,0,0,9,6,E01016076,3,1,0.0,1.0,-1,3,50,1,1,1,12:04,5,2,9
2023010484353,2023,010484353,1,1,3,1,35,6,3,5,3,0,0,0,0,8,E01004649,-1,0,0.0,1.0,-1,6,20,1,4,1,07:00,3,1,9
2023101294013,2023,101294013,1,1,3,2,58,9,2,5,3,0,0,0,0,5,E01027366,5,1,1.0,0.0,-1,6,30,2,1,2,10:24,4,1,19
2023430002180,2023,430002180,2,1,3,2,19,4,3,1,1,0,0,0,0,4,E01016356,-1,0,0.02436,0.97564,-1,6,30,2,4,2,04:05,1,2,3
2023552301199,2023,552301199,1,1,1,1,33,6,2,0,0,0,0,0,5,7,E01015297,-1,0,1.0,0.0,-1,3,50,1,1,1,09:49,3,2,5
2023501288249,2023,501288249,1,1,1,1,39,7,3,0,0,0,0,0,9,4,E01014573,3,1,0.0,1.0,-1,6,60,1,6,1,18:50,7,1,9
2023351383404,2023,351383404,1,1,1,1,69,10,3,0,0,0,0,0,9,4,E01015618,3,1,0.0,1.0,-1,6,20,1,1,2,14:28,4,2,9
2023421269023,2023,421269023,2,1,1,1,64,9,2,0,0,0,0,0,9,6,E01021875,5,1,1.0,0.0,-1,6,30,1,1,2,18:08,6,3,9
2023010456394,2023,010456394,1,1,3,2,37,7,2,1,1,0,0,0,0,2,E01001860,-1,0,1.0,0.0,-1,6,20,1,1,1,15:50,5,1,3
2023411335932,2023,411335932,2,1,1,1,21,5,3,0,0,0,0,0,3,7,E01023923,3,1,0.0,1.0,-1,6,30,1,1,-1,16:25,6,2,3
2023122301050,2023,122301050,1,5,2,1,41,7,3,0,0,2,0,0,9,3,E01012358,-1,0,0.05726,0.94274,-1,6,60,1,1,1,16:55,2,2,9
2023161338190,2023,161338190,1,1,2,2,-1,-1,3,0,0,1,0,0,9,-1,-1,3,1,0.0,1.0,-1,3,40,1,1,1,10:27,3,2,9
2023401268411,2023,401268411,2,3,1,1,32,6,3,0,0,0,0,0,19,8,E01013391,3,1,0.0,1.0,-1,3,70,1,1,1,11:57,1,2,19
2023471334055,2023,471334055,1,1,3,2,18,4,3,5,1,0,0,0,0,2,E01031819,3,1,0.0,1.0,-1,6,20,4,1,2,13:20,5,1,9
2023010420504,2023,010420504,1,1,1,1,35,6,3,0,0,0,0,0,3,1,E01002026,-1,0,0.0,1.0,-1,9,30,9,4,9,18:00,7,2,3
2023010447380,2023,010447380,1,1,1,2,32,6,3,0,0,0,0,0,3,6,E01004636,-1,0,0.0,1.0,-1,3,20,1,1,1,16:18,3,2,3
2023351337080,2023,351337080,1,1,1,1,36,7,3,0,0,0,0,0,5,3,E01015674,3,1,0.0,1.0,-1,3,40,1,1,1,15:21,6,2,5
2023101260235,2023,101260235,2,2,2,2,13,3,3,0,0,2,0,0,8,4,E01008866,3,1,0.0,1.0,-1,3,70,1,1,1,08:15,6,2,8
2023101376320,2023,101376320,2,1,1,2,21,5,3,0,0,0,0,0,9,2,E01008341,3,1,0.0,1.0,-1,1,40,1,4,1,19:53,6,2,9
2023201424688,2023,201424688,2,1,1,1,43,7,3,0,0,0,0,0,9,2,E01010071,3,1,0.0,1.0,-1,3,30,1,1,1,13:27,7,2,9
2023010471036,2023,010471036,1,1,1,1,31,6,3,0,0,0,0,0,9,2,E01004310,-1,0,0.0,1.0,-1,6,30,1,4,1,19:03,2,3,9
2023332301101,2023,332301101,3,2,1,1,38,7,3,0,0,0,0,0,9,2,E01013647,-1,0,0.00426,0.99574,-1,3,30,2,4,2,16:45,3,3,9
202354B984723,2023,54B984723,3,3,2,1,2,1,3,0,0,2,0,0,9,7,E01032693,-1,0,0.02891,0.97109,-1,6,60,1,1,1,15:25,1,3,9
202360A106708,2023,60A106708,2,2,1,1,51,8,3,0,0,0,0,0,9,-1,-1,-1,0,0.0633,0.9367,-1,3,70,1,1,1,18:56,6,4,9
2023201296059,2023,201296059,2,1,1,2,42,7,3,0,0,0,0,0,9,3,E01009781,3,1,0.0,1.0,-1,3,30,1,1,1,14:15,3,2,9
2023430316755,2023,430316755,1,1,3,1,18,4,3,6,7,0,0,0,0,10,E01017729,-1,0,0.0301,0.9699,-1,6,40,2,1,2,13:05,6,1,9
2023401272893,2023,401272893,2,1,1,2,-1,-1,3,0,0,0,0,0,1,-1,-1,3,1,0.0,1.0,-1,6,30,1,1,-1,15:32,2,2,1
2023010474697,2023,010474697,1,1,1,1,28,6,3,0,0,0,0,0,9,8,E01004170,-1,0,0.0,1.0,-1,6,20,8,1,2,14:25,1,2,9
2023471299670,2023,471299670,2,2,2,1,21,5,2,0,0,1,0,0,9,1,E01024658,7,1,1.0,0.0,-1,3,30,1,1,1,14:00,6,2,9
2023631341120,2023,631341120,1,2,2,1,17,4,2,0,0,2,0,0,9,7,W01000556,5,1,1.0,0.0,-1,6,30,4,6,1,22:39,7,1,9
2023010483909,2023,010483909,1,1,1,1,33,6,3,0,0,0,0,0,10,3,E01003585,-1,0,0.0,1.0,-1,3,70,1,6,1,22:24,3,2,10
2023471368715,2023,471368715,1,1,1,1,34,6,3,0,0,0,0,0,11,4,E01020971,3,1,0.0,1.0,-1,6,60,2,6,2,19:20,2,4,11
2023522400159,2023,522400159,1,1,1,1,26,6,3,0,0,0,0,0,1,2,E01014630,-1,0,0.04263,0.95737,-1,3,40,1,1,1,17:05,5,2,1
2023010484133,2023,010484133,2,1,1,1,26,6,3,0,0,0,0,0,3,2,E01003159,-1,0,0.0,1.0,-1,6,30,1,1,1,12:08,6,2,3
2023010446652,2023,010446652,1,1,1,2,51,8,3,0,0,0,0,0,9,-1,-1,-1,0,0.0,1.0,-1,6,30,1,4,1,22:43,7,2,9
2023421351342,2023,421351342,1,2,2,1,9,2,3,0,0,2,0,0,9,2,E01000086,3,1,0.0,1.0,-1,3,70,1,1,1,10:45,7,4,9
2023631390217,2023,631390217,1,2,1,1,30,6,3,0,0,0,0,0,9,8,W01000596,3,1,0.0,1.0,-1,6,60,1,1,2,12:30,3,3,9
2023471358058,2023,471358058,1,1,2,2,-1,-1,3,0,0,0,1,0,11,4,E01016850,3,1,0.0,1.0,-1,6,20,1,1,1,12:40,6,1,11
2023622301022,2023,622301022,1,2,3,2,9,2,3,5,3,0,0,0,0,3,W01001870,-1,0,0.08161,0.91839,-1,6,20,1,4,1,17:30,7,1,9
2023010449203,2023,010449203,2,1,1,1,34,6,3,0,0,0,0,0,1,3,E01003264,-1,0,0.0,1.0,-1,3,30,1,1,1,08:20,5,2,1
2023461370073,2023,461370073,2,1,1,1,-1,-1,3,0,0,0,0,0,1,-1,-1,3,1,0.0,1.0,-1,6,30,2,1,2,09:45,2,2,1
2023461271815,2023,461271815,2,1,1,1,22,5,3,0,0,0,0,0,5,6,E01024340,3,1,0.0,1.0,-1,6,30,1,1,1,10:35,2,2,5
2023201297749,2023,201297749,4,4,1,2,37,7,3,0,0,0,0,0,9,2,E01009592,3,1,0.0,1.0,-1,3,50,1,1,1,14:30,3,4,9
2023302301993,2023,302301993,1,1,2,1,15,3,2,0,0,0,0,0,3,4,E01013501,-1,0,1.0,0.0,-1,6,30,9,1,1,16:20,2,2,3
2023451342472,2023,451342472,1,1,1,1,63,9,3,0,0,0,0,0,5,7,E01030956,3,1,0.0,1.0,-1,6,30,1,1,1,16:57,4,2,5
2023361342854,2023,361342854,1,1,1,1,29,6,3,0,0,0,0,0,9,4,E01026814,3,1,0.0,1.0,-1,6,60,1,1,1,16:36,5,2,9
2023501372084,2023,501372084,1,2,1,1,54,8,3,0,0,0,0,0,9,1,E01018767,3,1,0.0,1.0,-1,6,40,2,1,2,07:40,4,4,9
202354A616323,2023,54A616323,2,1,1,2,35,6,3,0,0,0,0,0,9,4,E01015509,-1,0,0.00865,0.99135,-1,3,40,1,1,1,14:31,6,2,9
2023401303857,2023,401303857,1,1,3,2,19,4,3,1,2,0,0,0,0,5,E01015763,3,1,0.0,1.0,-1,6,30,2,1,2,17:30,2,1,9
2023451287283,2023,451287283,1,1,1,1,46,8,3,0,0,0,0,0,1,5,E01030464,3,1,0.0,1.0,-1,6,30,1,1,2,08:05,2,2,1
2023010432711,2023,010432711,1,1,1,1,20,4,3,0,0,0,0,0,3,1,E01002071,-1,0,0.0,1.0,-1,9,20,1,4,1,18:30,5,2,3
2023061358947,2023,061358947,1,1,1,1,55,8,3,0,0,0,0,0,9,1,E01004826,3,1,0.0,1.0,-1,6,30,5,4,2,14:00,3,2,9
2023101287671,2023,101287671,2,1,1,1,58,9,3,0,0,0,0,0,9,2,E01008338,3,1,0.0,1.0,-1,7,30,1,1,1,14:50,5,3,9
2023320623885,2023,320623885,1,1,1,2,82,11,2,0,0,0,0,0,9,7,E01026029,-1,0,1.0,0.0,-1,6,60,1,1,1,12:40,7,3,9
2023440337038,2023,440337038,2,1,1,1,33,6,3,0,0,0,0,0,9,9,E01023036,-1,0,0.0752,0.9248,-1,6,40,1,1,1,16:42,1,3,9
2023451321774,2023,451321774,1,1,1,1,24,5,3,0,0,0,0,0,9,6,E01002601,3,1,0.0,1.0,-1,6,30,1,4,1,22:15,5,3,9
2023610021323,2023,610021323,1,1,1,2,36,7,2,0,0,0,0,0,9,1,W01001884,-1,0,1.0,0.0,-1,3,70,1,1,1,13:20,5,2,9
2023010454519,2023,010454519,1,1,2,2,82,11,3,0,0,0,3,0,11,6,E01004513,-1,0,0.0,1.0,-1,3,20,1,1,1,11:23,3,1,11
2023320490692,2023,320490692,1,2,1,2,80,11,3,0,0,0,0,0,22,9,E01026263,-1,0,0.18522,0.81478,-1,6,30,1,1,1,12:07,3,1,22
2023361299315,2023,361299315,1,1,3,2,34,6,2,1,1,0,0,0,0,1,E01026626,7,1,1.0,0.0,-1,6,30,2,1,2,17:29,3,1,9
2023010426981,2023,010426981,1,1,1,1,24,5,3,0,0,0,0,0,3,3,E01004453,-1,0,0.0,1.0,-1,9,20,1,1,1,14:00,2,2,3
2023351372529,2023,351372529,2,1,1,1,18,4,2,0,0,0,0,0,3,3,E01017979,7,1,1.0,0.0,-1,6,30,1,1,1,15:30,2,2,3
2023052302797,2023,052302797,1,1,1,2,25,5,3,0,0,0,0,0,9,7,E01006423,-1,0,0.09349,0.90651,-1,3,40,1,4,1,22:03,4,2,9
2023471339647,2023,471339647,1,1,1,2,25,5,3,0,0,0,0,0,9,2,E01020977,3,1,0.0,1.0,-1,6,30,1,4,2,23:15,3,1,9
2023201348632,2023,201348632,1,1,1,1,58,9,3,0,0,0,0,0,9,-1,-1,3,1,0.0,1.0,-1,6,30,2,1,2,19:20,6,2,9
2023421311309,2023,421311309,3,1,1,2,27,6,3,0,0,0,0,0,9,3,E01001338,3,1,0.0,1.0,-1,6,30,1,1,1,09:17,4,3,9
2023501322468,2023,501322468,1,5,2,2,43,7,3,0,0,1,0,0,9,7,E01019010,3,1,0.0,1.0,-1,3,70,1,1,1,12:00,7,3,9
2023101262124,2023,101262124,1,1,2,1,30,6,3,0,0,0,4,0,11,2,E01027398,3,1,0.0,1.0,-1,6,20,2,5,2,08:15,3,1,11
2023421309358,2023,421309358,1,1,1,1,87,11,2,0,0,0,0,0,17,5,E01021550,6,1,1.0,0.0,-1,6,60,1,1,1,15:15,6,1,17
2023221365893,2023,221365893,1,1,1,2,38,7,3,0,0,0,0,0,9,7,E01014007,3,1,0.0,1.0,-1,6,30,1,4,1,21:54,3,2,9
2023440251919,2023,440251919,2,2,1,2,40,7,3,0,0,0,0,0,9,1,E01022967,-1,0,0.01568,0.98432,-1,7,70,1,1,1,15:50,7,3,9
2023610005323,2023,610005323,2,1,1,1,21,5,3,0,0,1,0,0,9,-1,-1,-1,0,0.04597,0.95403,-1,6,30,1,1,1,14:48,6,2,9
2023451392861,2023,451392861,1,1,3,2,33,6,3,7,3,0,0,0,0,7,E01030850,3,1,0.0,1.0,-1,1,30,5,4,2,19:25,5,1,97
2023211353429,2023,211353429,1,1,1,1,22,5,3,0,0,0,0,0,1,1,E01014287,3,1,0.0,1.0,-1,1,30,1,4,1,23:15,4,2,1
2023421355092,2023,421355092,1,1,1,1,20,4,3,0,0,0,0,0,1,4,E01021999,3,1,0.0,1.0,-1,6,30,1,1,1,07:28,6,2,1
2023461306259,2023,461306259,3,1,1,1,27,6,3,0,0,0,0,0,1,7,E01024522,3,1,0.0,1.0,-1,6,30,1,1,1,16:40,7,3,1
2023501334815,2023,501334815,1,1,1,1,76,11,2,0,0,0,0,0,9,5,E01020149,5,1,1.0,0.0,-1,3,70,1,1,1,17:06,7,2,9
2023531332037,2023,531332037,2,1,1,1,30,6,3,0,0,0,0,0,9,4,E01022428,3,1,0.0,1.0,-1,7,50,1,1,1,20:15,6,2,9
2023070195618,2023,070195618,2,1,1,2,60,9,2,0,0,0,0,0,1,10,E01018366,-1,0,1.0,0.0,-1,6,30,1,1,1,14:20,3,2,1
2023161363787,2023,161363787,1,2,2,2,11,3,3,0,0,2,0,0,9,1,E01013162,3,1,0.0,1.0,-1,6,30,1,1,1,09:50,4,2,9
2023411269700,2023,411269700,2,1,1,1,44,7,3,0,0,0,0,0,9,7,E01002154,3,1,0.0,1.0,-1,6,30,1,1,1,14:55,3,2,9
2023451329491,2023,451329491,2,3,2,2,29,6,3,0,0,2,0,0,9,6,E01030751,3,1,0.0,1.0,-1,6,30,2,1,2,13:45,6,2,9
2023010466470,2023,010466470,1,1,3,1,5,1,2,5,9,0,0,0,0,3,E01000099,-1,0,1.0,0.0,-1,6,20,1,1,1,17:40,7,1,9
2023131371144,2023,131371144,1,1,3,1,54,8,3,5,1,0,0,1,0,8,E01011397,3,1,0.0,1.0,-1,6,30,1,1,1,15:25,1,1,9
2023111288527,2023,111288527,2,1,1,2,30,6,3,0,0,0,0,0,9,-1,-1,3,1,0.0,1.0,-1,6,30,1,1,1,08:30,6,2,9
2023031348456,2023,031348456,3,1,2,2,58,9,2,0,0,1,0,0,9,-1,-1,5,1,1.0,0.0,-1,3,70,1,1,1,10:00,2,4,9
2023052300618,2023,052300618,2,4,2,1,3,1,3,0,0,2,0,0,9,1,E01006791,-1,0,0.02031,0.97969,-1,6,30,1,1,1,12:50,3,3,9
2023430220783,2023,430220783,1,1,1,1,21,5,3,0,0,0,0,0,9,4,E01028781,-1,0,0.11873,0.88127,-1,6,60,1,1,1,07:57,7,1,9
2023061294666,2023,061294666,1,1,1,1,38,7,2,0,0,0,0,0,1,6,E01004925,6,1,1.0,0.0,-1,6,30,1,1,1,16:11,6,2,1
2023122400001,2023,122400001,2,1,1,1,63,9,3,0,0,0,0,0,9,9,E01027558,-1,0,0.06123,0.93877,-1,6,60,1,1,1,17:07,4,2,9
2023351366343,2023,351366343,1,1,1,1,40,7,3,0,0,0,0,0,9,-1,-1,3,1,0.0,1.0,-1,6,40,1,1,1,09:55,5,2,9
2023501367203,2023,501367203,2,1,1,1,43,7,3,0,0,0,0,0,9,4,E01019006,3,1,0.0,1.0,-1,6,30,1,1,2,09:40,2,2,9
202360A181787,2023,60A181787,3,1,1,2,52,8,3,0,0,0,0,0,9,-1,-1,-1,0,0.0204,0.9796,-1,6,20,1,4,1,18:24,4,4,9
2023010465946,2023,010465946,1,1,2,1,60,9,3,0,0,0,4,0,11,2,E01002316,-1,0,0.0,1.0,-1,6,30,1,1,1,15:05,5,1,11
2023501280996,2023,501280996,2,1,1,1,57,9,3,0,0,0,0,0,9,8,E01020170,3,1,0.0,1.0,-1,2,30,1,1,1,09:15,1,2,9
2023061278433,2023,061278433,2,1,1,1,49,8,3,0,0,0,0,0,1,10,E01032486,3,1,0.0,1.0,-1,6,40,1,1,1,13:53,1,2,1
2023010478110,2023,010478110,1,1,1,-1,24,5,3,0,0,0,0,0,3,2,E01002068,-1,0,0.0,1.0,-1,6,20,9,7,9,16:50,5,2,3
2023010425315,2023,010425315,1,1,1,1,21,5,3,0,0,0,0,0,9,5,E01003833,-1,0,0.0,1.0,-1,6,30,1,1,1,14:20,7,2,9
2023122300246,2023,122300246,1,1,1,1,21,5,3,0,0,0,0,0,9,7,E01027584,-1,0,0.05339,0.94661,-1,6,60,1,4,1,20:00,6,1,9
2023201378905,2023,201378905,2,1,1,1,47,8,3,0,0,0,0,0,9,1,E01033638,3,1,0.0,1.0,-1,3,40,1,1,1,12:55,7,2,9
2023010476568,2023,010476568,1,2,2,1,-1,-1,3,0,0,0,3,0,11,3,E01001661,-1,0,0.0,1.0,-1,3,30,1,4,1,17:12,3,1,11
2023302301127,2023,302301127,2,2,2,2,58,9,3,0,0,1,0,0,9,8,E01019840,-1,0,0.01591,0.98409,-1,6,40,8,1,2,14:06,7,2,9
2023501360790,2023,501360790,2,3,1,1,42,7,2,0,0,0,0,0,1,2,E01018977,7,1,1.0,0.0,-1,3,60,1,1,1,16:45,1,2,1
2023371349514,2023,371349514,1,1,1,2,73,10,3,0,0,0,0,0,9,6,E01029919,3,1,0.0,1.0,-1,6,30,1,1,1,13:39,3,2,9
2023401321952,2023,401321952,2,2,1,2,38,7,3,0,0,0,0,0,9,6,E01017481,3,1,0.0,1.0,-1,6,30,1,1,1,08:15,4,2,9
2023991392170,2023,991392170,1,1,1,1,36,7,3,0,0,0,0,0,9,5,-1,3,1,0.0,1.0,-1,6,30,1,4,2,23:42,2,1,9
2023351322903,2023,351322903,2,1,1,1,58,9,3,0,0,0,0,0,19,6,E01023786,3,1,0.0,1.0,-1,3,70,1,1,1,04:40,4,2,19
2023131345590,2023,131345590,1,1,3,2,45,7,3,5,3,0,0,2,0,1,E01011426,3,1,0.0,1.0,-1,6,30,1,1,1,14:39,6,2,9
202360A187002,2023,60A187002,1,1,3,1,63,9,1,9,9,0,0,0,0,-1,-1,-1,0,0.0,0.0,-1,6,60,1,6,1,22:23,7,1,9
2023991268988,2023,991268988,1,1,3,2,51,8,2,5,1,0,0,2,0,10,-1,5,1,1.0,0.0,-1,6,30,1,4,2,17:30,6,1,9
2023052400036,2023,052400036,2,1,2,2,21,5,3,0,0,2,0,0,9,6,E01006941,-1,0,0.02628,0.97372,-1,6,30,2,4,2,20:20,1,2,9
2023421308263,2023,421308263,2,1,1,2,28,6,3,0,0,0,0,0,9,8,E01015913,3,1,0.0,1.0,-1,6,30,1,1,1,15:10,6,2,9
2023440431860,2023,440431860,2,1,1,2,37,7,3,0,0,0,0,0,9,3,E01017075,-1,0,0.034,0.966,-1,6,30,1,4,2,18:14,7,2,9
2023520300940,2023,520300940,1,3,2,2,47,8,3,0,0,1,0,0,9,5,E01029185,-1,0,0.05534,0.94466,-1,6,40,1,6,1,20:59,6,2,9
2023361341757,2023,361341757,2,1,1,1,27,6,3,0,0,0,0,0,9,9,E01030268,3,1,0.0,1.0,-1,3,40,1,1,1,07:50,6,2,9
2023421281006,2023,421281006,2,1,2,2,46,8,3,0,0,1,0,0,9,1,E01016007,3,1,0.0,1.0,-1,6,30,1,1,1,14:39,2,2,9
2023421290098,2023,421290098,2,1,1,2,37,7,3,0,0,0,0,0,9,4,E01021868,3,1,0.0,1.0,-1,6,30,2,4,2,19:20,5,2,9
2023141286548,2023,141286548,2,3,1,1,54,8,3,0,0,0,0,0,11,-1,-1,3,1,0.0,1.0,-1,6,30,2,1,2,16:25,2,3,11
2023131320822,2023,131320822,1,1,1,1,27,6,3,0,0,0,0,0,1,2,E01011915,3,1,0.0,1.0,-1,6,30,1,1,1,17:40,2,2,1
2023052301805,2023,052301805,2,1,1,1,58,9,3,0,0,0,0,0,4,3,E01007208,-1,0,0.12222,0.87778,-1,6,30,1,1,1,16:00,2,2,4
2023010462324,2023,010462324,1,1,1,2,46,8,3,0,0,0,0,0,9,2,E01002314,-1,0,0.0,1.0,-1,9,30,1,1,1,20:00,5,3,9
2023050455550,2023,050455550,1,1,1,1,27,6,2,0,0,0,0,0,9,8,E01007250,-1,0,1.0,0.0,-1,3,70,1,1,1,07:50,1,1,9
2023101306980,2023,101306980,1,4,2,1,6,2,3,0,0,2,0,0,9,3,E01020744,3,1,0.0,1.0,-1,6,30,1,1,1,14:25,7,2,9
2023111370958,2023,111370958,1,1,2,1,41,7,3,0,0,1,0,0,9,3,E01008704,3,1,0.0,1.0,-1,6,30,1,4,1,17:46,1,3,9
2023340WN1152,2023,340WN1152,2,1,1,2,35,6,2,0,0,0,0,0,9,2,E01027223,-1,0,1.0,0.0,-1,6,40,1,4,2,18:30,3,2,9
2023401341549,2023,401341549,1,1,1,1,53,8,3,0,0,0,0,0,9,7,E01017382,3,1,0.0,1.0,-1,6,30,2,1,2,07:30,4,2,9
2023471327279,2023,471327279,2,2,2,2,12,3,3,0,0,2,0,0,9,3,E01031444,3,1,0.0,1.0,-1,6,30,1,1,1,18:06,5,2,9
2023122300174,2023,122300174,2,1,1,-1,-1,-1,3,0,0,0,0,0,1,-1,-1,-1,0,0.01102,0.98898,-1,9,30,1,1,2,12:36,7,2,1
2023401389728,2023,401389728,2,1,1,2,59,9,2,0,0,0,0,0,1,3,E01015769,7,1,1.0,0.0,-1,6,20,2,1,2,08:40,4,2,1
2023461307343,2023,461307343,2,1,1,1,32,6,3,0,0,0,0,0,8,8,E01000370,3,1,0.0,1.0,-1,6,30,1,1,1,05:10,1,2,8
2023071090690,2023,071090690,2,2,1,1,56,9,2,0,0,0,0,0,9,10,E01018533,-1,0,1.0,0.0,-1,6,50,2,1,2,07:00,6,2,9
2023201413495,2023,201413495,2,1,1,2,53,8,3,0,0,0,0,0,9,8,E01010117,3,1,0.0,1.0,-1,6,30,2,6,2,16:56,1,3,9
2023010474417,2023,010474417,1,1,3,2,26,6,3,5,2,0,0,0,0,2,E01000141,-1,0,0.0,1.0,-1,6,20,1,4,1,20:18,6,1,2
2023010420472,2023,010420472,1,1,1,1,61,9,3,0,0,0,0,0,3,7,E01002161,-1,0,0.0,1.0,-1,6,30,1,1,1,14:23,2,2,3