collision_index,collision_year,collision_ref_no,vehicle_reference,casualty_reference,casualty_class,sex_of_casualty,age_of_casualty,age_band_of_casualty,casualty_severity,pedestrian_location,pedestrian_movement,car_passenger,bus_or_coach_passenger,pedestrian_road_maintenance_worker,casualty_type,casualty_imd_decile,lsoa_of_casualty,enhanced_casualty_severity,casualty_injury_based,casualty_adjusted_severity_serious,casualty_adjusted_severity_slight,casualty_distance_banding,road_type,speed_limit,weather_conditions,light_conditions,road_surface_conditions,time,day_of_week,number_of_vehicles,vehicle_type
2023221357794,2023,221357794,2,1,1,1,67,10,1,0,0,0,0,0,5,5,E01014101,1,1,0.0,0.0,-1,6,50,1,1,1,14:25,6,2,5
2023031414689,2023,031414689,2,2,1,1,74,10,3,0,0,0,0,0,9,8,-1,3,1,0.0,1.0,-1,6,50,1,1,1,10:10,2,2,9
2023221332727,2023,221332727,4,1,1,2,28,6,3,0,0,0,0,0,9,5,E01028881,3,1,0.0,1.0,-1,6,60,1,1,2,14:08,1,4,9
2023320436227,2023,320436227,2,1,1,1,57,9,3,0,0,0,0,0,9,6,E01026251,-1,0,0.06289,0.93711,-1,6,60,1,1,1,17:40,5,2,9
2023531344912,2023,531344912,2,2,2,2,3,1,3,0,0,2,0,0,9,4,E01022326,3,1,0.0,1.0,-1,6,30,1,4,1,21:30,4,2,9
2023071237539,2023,071237539,1,1,1,2,27,6,3,0,0,0,0,0,19,-1,-1,-1,0,0.01555,0.98445,-1,3,70,2,1,2,07:58,5,4,19
2023201396622,2023,201396622,1,1,3,1,19,4,2,1,9,0,0,0,0,3,E01008890,7,1,1.0,0.0,-1,3,30,1,4,2,17:45,3,1,9
2023211330206,2023,211330206,1,1,3,1,40,7,3,4,2,0,0,-1,0,-1,-1,3,1,0.0,1.0,-1,6,30,1,1,1,06:15,2,1,9
2023070224810,2023,070224810,2,3,2,1,13,3,3,0,0,2,0,0,9,9,E01012569,-1,0,0.0076,0.9924,-1,6,40,2,4,2,20:20,5,2,9
2023320574993,2023,320574993,1,1,1,2,24,5,3,0,0,0,0,0,9,10,E01028383,-1,0,0.03938,0.96062,-1,6,50,1,1,1,13:45,6,2,9
2023371375259,2023,371375259,2,2,1,1,54,8,3,0,0,0,0,0,9,9,E01032611,3,1,0.0,1.0,-1,6,60,1,1,2,09:30,6,2,9
2023471381329,2023,471381329,1,2,1,1,37,7,3,0,0,0,0,0,9,2,E01031432,3,1,0.0,1.0,-1,6,60,2,6,2,16:28,2,2,9
2023131363357,2023,131363357,2,2,1,1,46,8,3,0,0,0,0,0,1,5,E01005520,3,1,0.0,1.0,-1,6,30,1,1,1,08:30,2,2,1
2023131318198,2023,131318198,2,1,1,1,50,8,3,0,0,0,0,0,9,5,E01011836,3,1,0.0,1.0,-1,1,30,1,1,1,15:00,3,2,9
2023211367079,2023,211367079,1,2,2,2,14,3,3,0,0,1,0,0,9,-1,-1,3,1,0.0,1.0,-1,6,30,1,1,1,15:20,3,2,9
2023351383488,2023,351383488,2,2,1,1,51,8,3,0,0,0,0,0,19,10,E01025885,3,1,0.0,1.0,-1,7,70,1,1,2,09:14,3,3,19
2023010481973,2023,010481973,2,1,1,1,33,6,3,0,0,0,0,0,1,-1,-1,-1,0,0.0,1.0,-1,6,20,2,4,2,19:11,2,2,1
2023451331310,2023,451331310,1,1,1,1,34,6,3,0,0,0,0,0,9,4,E01003301,3,1,0.0,1.0,-1,3,50,1,1,1,08:45,4,2,9
2023610025123,2023,610025123,1,1,1,1,45,7,3,0,0,1,0,0,9,7,W01001515,-1,0,0.14016,0.85984,-1,6,30,1,4,1,22:20,6,4,9
2023111367866,2023,111367866,1,1,3,1,14,3,3,1,3,0,0,0,0,4,E01032545,3,1,0.0,1.0,-1,6,20,1,1,1,15:10,6,1,9
2023201321551,2023,201321551,1,1,3,2,13,3,3,1,1,0,0,0,0,1,E01009074,3,1,0.0,1.0,-1,6,30,1,1,1,08:24,3,1,9
2023010471980,2023,010471980,2,1,1,1,26,6,2,0,0,0,0,0,3,4,E01002704,-1,0,1.0,0.0,-1,3,20,1,1,1,17:19,7,2,3
2023122301171,2023,122301171,1,1,1,2,25,5,3,0,0,0,0,0,9,-1,-1,-1,0,0.05581,0.94419,-1,6,60,1,1,1,09:15,6,2,9
2023451385396,2023,451385396,1,1,1,1,17,4,2,0,0,0,0,0,9,5,E01030750,5,1,1.0,0.0,-1,3,40,2,1,2,11:05,7,2,9
2023991363528,2023,991363528,1,1,1,1,37,7,3,0,0,0,0,0,9,6,-1,3,1,0.0,1.0,-1,6,60,1,1,1,14:20,1,1,9
2023010464529,2023,010464529,1,1,3,2,69,10,3,4,3,0,0,0,0,3,E01000373,-1,0,0.0,1.0,-1,6,30,1,1,1,10:50,5,1,9
2023131300821,2023,131300821,2,1,1,1,47,8,3,0,0,0,0,0,1,2,E01007435,3,1,0.0,1.0,-1,6,30,1,1,1,06:50,3,2,1
2023440089509,2023,440089509,1,1,1,1,49,8,2,0,0,0,0,0,5,10,E01023209,-1,0,1.0,0.0,-1,1,40,1,1,1,09:43,1,1,5
2023201412556,2023,201412556,2,1,1,1,27,6,3,0,0,0,0,0,9,3,E01009587,3,1,0.0,1.0,-1,1,50,1,4,1,20:22,6,2,9
2023320687413,2023,320687413,1,1,2,2,8,2,3,0,0,2,0,0,9,6,E01026282,-1,0,0.05697,0.94303,-1,6,60,1,1,2,08:10,2,2,9
2023631374647,2023,631374647,1,1,1,1,61,9,2,0,0,0,0,0,9,5,W01000551,6,1,1.0,0.0,-1,6,60,8,6,2,21:10,3,1,9
2023161361764,2023,161361764,2,1,1,1,63,9,2,0,0,0,0,0,22,5,E01013132,6,1,1.0,0.0,-1,6,30,2,1,2,13:07,4,2,22
2023111381756,2023,111381756,1,1,3,1,18,4,1,6,5,0,0,0,0,-1,-1,1,1,0.0,0.0,-1,6,60,1,1,3,13:10,7,2,9
2023141322922,2023,141322922,1,1,3,2,11,3,3,5,2,0,0,0,0,4,E01007436,3,1,0.0,1.0,-1,6,30,1,1,1,16:35,7,1,9
2023501281516,2023,501281516,1,2,1,1,16,4,3,0,0,0,0,0,2,6,E01015244,3,1,0.0,1.0,-1,6,30,1,4,1,19:40,3,3,2
2023010450089,2023,010450089,1,1,1,1,56,9,3,0,0,0,0,0,9,4,E01003767,-1,0,0.0,1.0,-1,6,20,1,1,1,15:52,2,2,9
2023010501673,2023,010501673,1,3,2,-1,-1,-1,3,0,0,2,0,0,9,-1,-1,-1,0,0.0,1.0,-1,9,20,9,4,1,08:50,5,2,9
2023201292320,2023,201292320,1,1,1,1,26,6,3,0,0,0,0,0,9,2,E01009650,3,1,0.0,1.0,-1,3,30,2,1,2,15:50,4,2,9
2023371266492,2023,371266492,2,1,1,1,25,5,3,0,0,0,0,0,9,1,E01030250,3,1,0.0,1.0,-1,6,40,2,1,2,12:06,3,2,9
2023622300763,2023,622300763,3,3,1,1,36,7,3,0,0,0,0,0,9,2,W01000976,-1,0,0.05198,0.94802,-1,6,60,1,1,1,18:18,4,5,9
2023221264741,2023,221264741,2,1,1,2,37,7,3,0,0,0,0,0,9,6,E01018682,3,1,0.0,1.0,-1,6,60,1,1,4,13:20,3,2,9
2023430045794,2023,430045794,1,1,1,2,31,6,3,0,0,0,0,0,9,9,E01016773,-1,0,0.04913,0.95087,-1,6,60,1,1,1,08:16,3,2,9
2023461353802,2023,461353802,2,1,1,2,38,7,3,0,0,0,0,0,9,3,E01016102,3,1,0.0,1.0,-1,6,30,1,1,1,16:20,2,2,9
2023052301649,2023,052301649,2,2,2,1,5,1,3,0,0,2,0,0,9,1,E01006614,-1,0,0.03828,0.96172,-1,6,30,1,1,1,18:40,2,2,9
2023340WN1652,2023,340WN1652,3,1,1,2,51,8,2,0,0,0,0,0,9,2,E01026992,-1,0,1.0,0.0,-1,6,60,2,1,2,12:08,4,3,9
2023440194054,2023,440194054,2,1,1,2,20,4,3,0,0,0,0,0,9,3,E01017075,-1,0,0.03268,0.96732,-1,6,30,1,1,1,09:07,4,2,9
2023141346969,2023,141346969,1,1,2,1,31,6,3,0,0,1,0,0,9,8,E01007524,3,1,0.0,1.0,-1,6,30,1,1,1,16:22,4,3,9
2023544332623,2023,544332623,1,1,1,1,56,9,2,0,0,0,0,0,9,8,E01032071,-1,0,1.0,0.0,-1,6,60,1,1,1,10:50,3,3,9
2023440495519,2023,440495519,2,1,2,2,80,11,3,0,0,0,0,0,19,4,E01023154,-1,0,0.04101,0.95899,-1,6,30,2,4,2,17:00,2,2,19
2023101338293,2023,101338293,2,1,1,2,80,11,3,0,0,0,0,0,22,1,E01008332,3,1,0.0,1.0,-1,6,30,2,1,2,10:45,4,2,22
2023052301277,2023,052301277,1,1,1,2,58,9,3,0,0,0,0,0,9,2,E01006797,-1,0,0.05849,0.94151,-1,3,20,1,1,1,14:55,4,2,9
2023052301498,2023,052301498,1,1,2,2,51,8,3,0,0,2,0,0,9,1,E01006871,-1,0,0.05725,0.94275,-1,6,30,1,1,1,10:30,7,3,9
2023351313427,2023,351313427,1,1,2,2,16,4,3,0,0,1,0,0,9,4,E01029950,3,1,0.0,1.0,-1,6,60,1,1,1,19:00,3,2,9
2023421293957,2023,421293957,2,1,1,2,28,6,3,0,0,0,0,0,9,-1,-1,3,1,0.0,1.0,-1,3,70,2,1,2,08:48,7,2,9
2023010457081,2023,010457081,1,1,2,2,22,5,3,0,0,2,0,0,9,4,E01004061,-1,0,0.0,1.0,-1,6,30,1,4,1,00:30,3,1,9
2023122301074,2023,122301074,1,1,1,1,76,11,3,0,0,0,0,0,9,10,E01027683,-1,0,0.11091,0.88909,-1,6,60,1,1,1,14:44,6,2,9
2023201453073,2023,201453073,2,1,1,1,22,5,3,0,0,0,0,0,9,2,E01010036,3,1,0.0,1.0,-1,3,30,1,1,1,07:55,3,2,9
2023311342470,2023,311342470,2,2,1,1,37,7,3,0,0,0,0,0,9,10,E01028397,3,1,0.0,1.0,-1,6,40,1,1,1,17:30,4,3,9
2023010447552,2023,010447552,1,1,1,2,59,9,2,0,0,0,0,0,1,6,E01003459,-1,0,1.0,0.0,-1,6,20,1,1,1,09:00,4,2,1
2023540798023,2023,540798023,2,1,1,1,62,9,3,0,0,0,0,0,1,9,E01032703,-1,0,0.09218,0.90782,-1,6,30,1,4,1,17:45,4,2,1
2023131305408,2023,131305408,1,1,3,1,4,1,3,5,4,0,0,2,0,8,E01010860,3,1,0.0,1.0,-1,6,30,1,1,1,12:31,3,1,9
2023522301744,2023,522301744,1,1,3,2,27,6,3,6,9,0,0,0,0,8,E01022385,-1,0,0.02191,0.97809,-1,9,20,1,1,1,18:45,4,1,23
2023010478604,2023,010478604,1,1,1,2,40,7,3,0,0,0,0,0,9,4,E01002448,-1,0,0.0,1.0,-1,6,40,1,4,2,05:40,5,2,9
2023201405818,2023,201405818,2,1,1,1,49,8,3,0,0,0,0,0,9,1,E01010066,3,1,0.0,1.0,-1,6,30,1,1,1,17:57,7,2,9
2023541203923,2023,541203923,2,1,2,1,3,1,3,0,0,2,0,0,9,7,E01032694,-1,0,0.01031,0.98969,-1,6,60,2,6,2,17:51,5,2,9
2023010446943,2023,010446943,1,1,1,1,32,6,3,0,0,0,0,0,23,3,E01032583,-1,0,0.0,1.0,-1,6,30,1,1,1,14:25,7,2,23
2023320132358,2023,320132358,1,1,3,1,63,9,3,8,9,0,0,0,0,8,E01032998,-1,0,0.21557,0.78443,-1,6,60,1,1,1,09:30,6,1,11
2023061327626,2023,061327626,1,1,1,1,30,6,3,0,0,0,0,0,9,1,E01005513,3,1,0.0,1.0,-1,6,30,1,4,1,01:25,2,2,9
2023101326792,2023,101326792,2,2,2,1,19,4,3,0,0,1,0,0,9,1,E01008415,3,1,0.0,1.0,-1,6,30,1,1,1,20:12,7,2,9
2023461303627,2023,461303627,1,2,2,2,53,8,3,0,0,1,0,0,9,5,E01024494,3,1,0.0,1.0,-1,6,30,2,1,2,17:09,2,2,9
2023141265481,2023,141265481,2,1,1,1,68,10,3,0,0,0,0,0,1,10,E01007939,3,1,0.0,1.0,-1,1,30,2,4,2,07:50,2,2,1
2023221389975,2023,221389975,2,1,1,1,47,8,3,0,0,0,0,0,9,8,E01028875,3,1,0.0,1.0,-1,3,60,1,4,2,16:20,6,2,9
2023421393210,2023,421393210,1,2,2,2,71,10,3,0,0,1,0,0,9,6,E01021435,3,1,0.0,1.0,-1,6,40,1,1,2,14:30,6,2,9
2023542438223,2023,542438223,1,1,1,2,53,8,3,0,0,0,0,0,9,3,E01031956,-1,0,0.04711,0.95289,-1,6,60,1,1,1,07:31,2,2,9
2023010445917,2023,010445917,1,2,2,2,29,6,2,0,0,2,0,0,9,2,E01004384,-1,0,1.0,0.0,-1,3,20,1,4,1,03:27,3,2,9
2023351319428,2023,351319428,2,1,1,2,39,7,3,0,0,0,0,0,9,-1,-1,3,1,0.0,1.0,-1,3,60,1,1,1,17:45,4,2,9
2023430198247,2023,430198247,1,1,1,1,27,6,2,0,0,0,0,0,9,-1,-1,-1,0,1.0,0.0,-1,6,50,1,6,1,00:55,1,2,9
2023471315703,2023,471315703,1,1,1,1,60,9,3,0,0,0,0,0,9,4,E01020924,3,1,0.0,1.0,-1,6,60,1,1,1,17:45,2,2,9
2023991376855,2023,991376855,2,3,1,1,33,6,3,0,0,0,0,0,9,-1,-1,3,1,0.0,1.0,-1,6,30,1,4,1,18:51,2,2,9
2023401337838,2023,401337838,2,2,2,1,14,3,3,0,0,2,0,0,9,5,E01023611,3,1,0.0,1.0,-1,6,60,2,1,2,14:20,1,2,9
2023131374992,2023,131374992,2,1,1,1,43,7,3,0,0,0,0,0,1,5,E01011748,3,1,0.0,1.0,-1,6,30,5,1,2,14:15,4,2,1
2023991326379,2023,991326379,1,1,3,1,67,10,2,5,2,0,0,0,0,-1,-1,7,1,1.0,0.0,-1,3,30,1,4,1,22:10,6,1,9
2023111358512,2023,111358512,2,1,1,1,36,7,2,0,0,0,0,0,1,4,E01020638,6,1,1.0,0.0,-1,6,30,1,1,1,11:47,7,2,1
2023430482172,2023,430482172,1,1,1,1,29,6,3,0,0,0,0,0,1,8,E01017824,-1,0,0.03819,0.96181,-1,1,30,1,1,1,16:00,4,2,1
2023411358848,2023,411358848,2,1,1,1,48,8,3,0,0,0,0,0,3,4,E01023861,3,1,0.0,1.0,-1,6,20,1,1,1,11:30,7,2,3
2023231368766,2023,231368766,1,1,1,2,33,6,3,0,0,0,0,0,9,4,E01031109,3,1,0.0,1.0,-1,6,30,1,1,2,09:23,1,1,9
2023320687413,2023,320687413,1,4,1,2,42,7,3,0,0,0,0,0,9,6,E01026282,-1,0,0.0628,0.9372,-1,6,60,1,1,2,08:10,2,2,9
2023451361940,2023,451361940,1,3,2,1,13,3,3,0,0,2,0,0,9,-1,-1,3,1,0.0,1.0,-1,6,30,1,1,1,19:20,2,2,9
2023461369038,2023,461369038,1,1,1,1,48,8,2,0,0,0,0,0,9,3,E01024529,6,1,1.0,0.0,-1,3,70,1,1,1,08:36,5,1,9
2023622300288,2023,622300288,1,1,2,2,79,11,3,0,0,1,0,0,9,9,W01001059,-1,0,0.10625,0.89375,-1,3,70,5,4,2,22:16,5,1,9
2023010479101,2023,010479101,1,1,1,2,23,5,3,0,0,0,0,0,9,5,E01002426,-1,0,0.0,1.0,-1,2,30,1,4,1,19:30,6,2,9
2023340WN6682,2023,340WN6682,1,1,1,2,36,7,3,0,0,0,0,0,9,9,E01027014,-1,0,0.04401,0.95599,-1,6,30,1,1,2,09:11,3,3,9
2023421339384,2023,421339384,2,2,2,1,13,3,3,0,0,2,0,0,9,6,E01021353,3,1,0.0,1.0,-1,6,60,1,1,1,08:10,3,2,9
2023543987223,2023,543987223,3,2,2,2,6,2,3,0,0,1,0,0,9,8,E01031868,-1,0,0.03652,0.96348,-1,6,30,1,1,2,14:30,1,3,9
2023991312314,2023,991312314,2,2,1,2,49,8,3,0,0,0,0,0,9,1,-1,3,1,0.0,1.0,-1,6,30,1,1,1,10:59,1,2,9
2023041372683,2023,041372683,2,1,1,1,47,8,3,0,0,0,0,0,1,5,E01012620,3,1,0.0,1.0,-1,6,30,2,4,2,16:30,5,2,1
2023010438016,2023,010438016,1,1,3,2,47,8,3,9,5,0,0,0,0,2,E01032722,-1,0,0.0,1.0,-1,3,30,2,4,9,05:20,2,1,9
2023031359900,2023,031359900,1,1,3,1,29,6,3,2,1,0,0,0,0,6,E01019336,3,1,0.0,1.0,-1,6,30,1,1,2,15:23,5,1,9
2023421359977,2023,421359977,2,1,1,1,38,7,3,0,0,0,0,0,19,8,E01033063,3,1,0.0,1.0,-1,6,60,1,1,1,17:04,3,3,19
2023201295875,2023,201295875,1,1,3,2,10,2,3,6,9,0,0,0,0,4,E01010510,3,1,0.0,1.0,-1,6,30,1,1,1,08:25,6,1,9
2023010424443,2023,010424443,1,1,1,2,28,6,3,0,0,0,0,0,1,3,E01002400,-1,0,0.0,1.0,-1,6,30,1,4,1,20:44,2,1,1
2023010470500,2023,010470500,2,1,1,1,17,4,3,0,0,0,0,0,1,8,E01004103,-1,0,0.0,1.0,-1,6,20,1,4,1,00:01,7,2,1
2023122300967,2023,122300967,1,1,1,1,35,6,2,0,0,0,0,0,1,8,E01008801,-1,0,1.0,0.0,-1,6,20,1,4,1,23:00,4,1,1
2023440284940,2023,440284940,2,1,1,2,54,8,2,0,0,0,0,0,1,2,E01017140,-1,0,1.0,0.0,-1,6,30,4,1,2,20:30,7,2,1
2023010420433,2023,010420433,1,1,1,2,68,10,3,0,0,0,0,0,9,6,E01002360,-1,0,0.0,1.0,-1,6,30,1,4,1,17:04,2,2,9
2023332300387,2023,332300387,1,1,1,1,50,8,3,0,0,0,0,0,9,6,E01032603,-1,0,0.0106,0.9894,-1,3,40,1,1,1,12:20,5,3,9
2023421274064,2023,421274064,2,2,1,1,21,5,3,0,0,0,0,0,9,6,E01021663,3,1,0.0,1.0,-1,6,60,1,6,2,23:05,4,2,9
2023440441104,2023,440441104,1,1,1,2,22,5,3,0,0,0,0,0,9,10,E01031531,-1,0,0.03172,0.96828,-1,3,70,2,1,2,09:15,6,2,9
2023061337180,2023,061337180,2,2,2,2,31,6,2,0,0,1,0,0,9,1,E01005473,5,1,1.0,0.0,-1,6,30,1,1,1,16:35,2,2,9
2023131262302,2023,131262302,2,1,1,1,38,7,3,0,0,0,0,0,9,4,E01010599,3,1,0.0,1.0,-1,6,40,1,1,1,11:30,2,2,9
2023622300754,2023,622300754,1,1,3,1,4,1,3,5,4,0,0,0,0,1,W01001295,-1,0,0.09671,0.90329,-1,6,30,1,1,1,16:15,5,1,19
2023520301813,2023,520301813,1,1,1,1,10,2,3,0,0,0,0,0,1,6,E01029231,-1,0,0.11646,0.88354,-1,6,30,1,1,1,20:30,7,2,1
2023010460557,2023,010460557,3,1,1,1,47,8,3,0,0,0,0,0,3,2,E01004219,-1,0,0.0,1.0,-1,3,20,1,1,1,12:50,2,3,3
2023041316874,2023,041316874,1,1,1,1,16,4,3,0,0,0,0,0,1,5,E01012706,3,1,0.0,1.0,-1,6,30,1,1,1,15:25,6,2,1
2023361322549,2023,361322549,2,1,2,2,44,7,3,0,0,0,0,0,5,6,E01026707,3,1,0.0,1.0,-1,6,60,1,1,1,16:45,1,2,5
2023010429627,2023,010429627,1,1,1,1,54,8,3,0,0,0,0,0,8,6,E01001341,-1,0,0.0,1.0,-1,6,30,1,1,1,06:50,3,2,8
2023010433023,2023,010433023,1,2,1,-1,-1,-1,3,0,0,0,0,0,9,1,E01001426,-1,0,0.0,1.0,-1,3,30,1,4,1,19:00,7,2,9
2023031283123,2023,031283123,2,2,2,1,18,4,3,0,0,1,0,0,9,2,E01019177,3,1,0.0,1.0,-1,6,30,1,4,1,18:00,7,2,9
2023540512723,2023,540512723,2,1,1,1,30,6,3,0,0,0,0,0,9,-1,-1,-1,0,0.03897,0.96103,-1,3,70,1,1,2,07:22,2,4,9
2023070189110,2023,070189110,2,1,1,1,34,6,3,0,0,0,0,0,1,1,E01012402,-1,0,0.04413,0.95587,-1,6,30,1,1,1,11:00,1,2,1
2023131269453,2023,131269453,1,1,1,1,40,7,3,0,0,0,0,0,9,2,E01011815,3,1,0.0,1.0,-1,6,30,1,4,1,18:37,1,2,9
2023471290041,2023,471290041,1,1,1,2,66,10,3,0,0,0,0,0,9,9,E01018173,3,1,0.0,1.0,-1,6,30,2,1,2,14:25,5,2,9
2023471347169,2023,471347169,2,2,1,2,32,6,2,0,0,0,0,0,9,7,E01031500,7,1,1.0,0.0,-1,6,50,2,1,2,09:00,5,2,9
2023141314362,2023,141314362,1,1,1,2,21,5,3,0,0,0,0,0,-1,3,E01007680,3,1,0.0,1.0,-1,6,30,1,1,1,18:49,6,2,-1
2023010475428,2023,010475428,1,1,1,1,25,5,3,0,0,0,0,0,1,2,E01004231,-1,0,0.0,1.0,-1,6,20,1,4,9,17:20,4,2,1
2023131372816,2023,131372816,2,1,1,1,14,3,3,0,0,0,0,0,1,6,E01010957,3,1,0.0,1.0,-1,6,20,1,1,1,14:25,5,2,1
2023010458577,2023,010458577,1,1,1,1,24,5,2,0,0,0,0,0,3,2,E01000544,-1,0,1.0,0.0,-1,6,20,1,1,2,18:25,4,2,3
2023122301331,2023,122301331,1,1,1,1,17,4,3,0,0,0,0,0,9,4,E01027910,-1,0,0.14728,0.85272,-1,6,60,1,6,1,20:33,2,1,9
2023010451206,2023,010451206,1,3,2,2,75,10,2,0,0,0,4,0,11,6,E01004529,-1,0,1.0,0.0,-1,7,20,1,1,1,18:45,7,1,11
2023070173891,2023,070173891,2,1,1,1,19,4,3,0,0,0,0,0,9,6,E01012465,-1,0,0.03886,0.96114,-1,6,30,1,1,1,13:01,3,2,9
2023430200853,2023,430200853,1,1,2,2,42,7,3,0,0,1,0,0,9,8,E01023089,-1,0,0.01475,0.98525,-1,3,70,1,1,2,17:37,2,2,9
2023991323340,2023,991323340,2,2,1,1,58,9,3,0,0,0,0,0,9,4,-1,3,1,0.0,1.0,-1,3,70,2,1,2,16:42,3,3,9
2023061374864,2023,061374864,2,1,1,2,34,6,2,0,0,0,0,0,9,3,E01005522,7,1,1.0,0.0,-1,6,30,1,1,-1,13:04,7,2,9
2023201298980,2023,201298980,2,1,2,2,55,8,3,0,0,1,0,0,9,2,E01010535,3,1,0.0,1.0,-1,6,30,1,1,1,08:06,4,2,9
2023320195338,2023,320195338,1,1,1,1,19,4,3,0,0,0,0,0,9,7,E01032989,-1,0,0.13033,0.86967,-1,6,60,2,6,2,19:05,6,2,9
2023371360405,2023,371360405,1,2,2,1,18,4,3,0,0,2,0,0,9,2,E01002033,3,1,0.0,1.0,-1,6,60,1,6,2,03:50,7,1,9
2023471393191,2023,471393191,1,1,1,2,18,4,3,0,0,0,0,0,9,10,E01021192,3,1,0.0,1.0,-1,6,60,1,6,2,01:00,7,1,9
2023201281172,2023,201281172,1,1,3,1,40,7,2,9,5,0,0,2,0,1,E01010375,7,1,1.0,0.0,-1,6,30,1,4,1,02:30,3,2,9
2023371360269,2023,371360269,2,1,1,1,40,7,3,0,0,0,0,0,3,6,E01032612,3,1,0.0,1.0,-1,6,30,9,1,1,18:50,3,2,3
2023351390442,2023,351390442,1,2,2,1,18,4,2,0,0,2,0,0,4,6,E01015678,7,1,1.0,0.0,-1,6,40,1,4,2,20:11,2,2,4
2023052303047,2023,052303047,2,1,1,2,22,5,3,0,0,0,0,0,9,1,E01012396,-1,0,0.03517,0.96483,-1,6,30,1,1,1,15:00,6,2,9
2023302301573,2023,302301573,1,1,1,2,25,5,3,0,0,0,0,0,9,1,E01013472,-1,0,0.09667,0.90333,-1,7,70,1,1,2,11:15,7,1,9
2023552301444,2023,552301444,1,1,3,1,70,10,3,1,3,0,0,0,0,10,E01015445,-1,0,0.17578,0.82422,-1,6,30,2,1,2,14:58,5,1,9
2023010422198,2023,010422198,1,3,2,-1,-1,-1,3,0,0,1,0,0,9,3,E01004020,-1,0,0.0,1.0,-1,6,20,1,1,1,14:18,1,2,9
2023211302969,2023,211302969,2,1,1,1,70,10,3,0,0,0,0,0,9,7,E01029385,3,1,0.0,1.0,-1,6,60,1,1,1,15:00,3,2,9
2023371328866,2023,371328866,2,1,1,1,33,6,3,0,0,0,0,0,9,5,E01029976,3,1,0.0,1.0,-1,6,30,1,1,1,17:00,3,2,9
2023421387601,2023,421387601,2,2,2,2,14,3,3,0,0,2,0,0,9,7,E01021538,3,1,0.0,1.0,-1,6,30,1,1,1,08:15,2,2,9
2023440243744,2023,440243744,4,3,1,1,57,9,3,0,0,0,0,0,9,9,E01016641,-1,0,0.06035,0.93965,-1,6,50,1,1,1,13:46,2,5,9
2023461268102,2023,461268102,2,1,1,2,37,7,3,0,0,0,0,0,9,7,E01024361,3,1,0.0,1.0,-1,6,60,8,6,4,17:40,5,3,9
2023010424621,2023,010424621,1,1,3,1,7,2,3,9,9,0,0,0,0,3,E01003544,-1,0,0.0,1.0,-1,6,30,1,1,1,15:30,3,1,9
2023131277768,2023,131277768,1,1,3,1,20,4,2,1,4,0,0,2,0,8,E01032945,5,1,1.0,0.0,-1,6,30,2,4,2,20:55,6,1,9
2023201382341,2023,201382341,2,2,1,1,51,8,2,0,0,0,0,0,9,1,E01009311,6,1,1.0,0.0,-1,6,30,1,1,1,14:20,1,3,9
2023552300949,2023,552300949,2,3,1,1,35,6,3,0,0,0,0,0,9,10,E01020378,-1,0,0.06522,0.93478,-1,6,30,1,4,1,23:14,1,2,9
202363A036623,2023,63A036623,2,1,1,2,-1,-1,2,0,0,0,0,0,1,-1,-1,-1,0,1.0,0.0,-1,6,30,1,1,1,10:00,2,2,1
2023010456774,2023,010456774,2,1,1,1,20,4,3,0,0,0,0,0,3,1,E01002751,-1,0,0.0,1.0,-1,6,20,1,1,1,09:30,1,2,3
2023010470927,2023,010470927,1,1,3,2,64,9,2,1,3,0,0,0,0,1,E01002760,-1,0,1.0,0.0,-1,6,20,1,1,1,10:20,2,1,11
2023610039423,2023,610039423,1,3,2,2,55,8,3,0,0,2,0,0,8,1,W01001339,-1,0,0.07992,0.92008,-1,6,30,1,1,1,08:30,3,2,8
2023231320336,2023,231320336,1,1,3,1,53,8,3,9,6,0,0,0,0,5,E01031171,3,1,0.0,1.0,-1,6,30,1,1,1,06:32,6,1,9
2023302300408,2023,302300408,1,1,1,1,-1,-1,3,0,0,0,0,0,9,5,E01019456,-1,0,0.04853,0.95147,-1,6,30,1,1,2,17:24,7,2,9
2023351285018,2023,351285018,2,4,2,1,34,6,3,0,0,2,0,0,9,2,E01015596,3,1,0.0,1.0,-1,6,60,1,6,1,20:00,7,2,9
2023010457797,2023,010457797,1,1,3,1,63,9,3,1,1,0,0,0,0,1,E01001955,-1,0,0.0,1.0,-1,6,20,1,4,1,02:42,7,1,11
2023010466411,2023,010466411,1,1,3,2,20,4,3,5,1,0,0,0,0,3,E01000933,-1,0,0.0,1.0,-1,6,20,1,1,1,13:35,7,1,9
2023451388657,2023,451388657,1,1,1,1,11,3,3,0,0,0,0,0,1,6,E01030633,3,1,0.0,1.0,-1,6,30,1,1,1,08:47,5,2,1
2023201393307,2023,201393307,1,2,2,2,50,8,3,0,0,2,0,0,9,-1,-1,3,1,0.0,1.0,-1,3,40,1,1,1,21:55,2,2,9
2023201444648,2023,201444648,1,1,1,2,76,11,3,0,0,0,0,0,9,5,E01031028,3,1,0.0,1.0,-1,6,30,1,4,2,13:20,2,1,9
2023440046679,2023,440046679,2,1,2,1,8,2,3,0,0,2,0,0,9,5,E01022543,-1,0,0.04119,0.95881,-1,6,30,1,1,1,15:39,6,2,9
2023501309069,2023,501309069,1,1,1,1,49,8,2,0,0,0,0,0,9,7,E01020540,7,1,1.0,0.0,-1,9,60,1,1,1,14:56,5,2,9