collision_index,collision_year,collision_ref_no,vehicle_reference,casualty_reference,casualty_class,sex_of_casualty,age_of_casualty,age_band_of_casualty,casualty_severity,pedestrian_location,pedestrian_movement,car_passenger,bus_or_coach_passenger,pedestrian_road_maintenance_worker,casualty_type,casualty_imd_decile,lsoa_of_casualty,enhanced_casualty_severity,casualty_injury_based,casualty_adjusted_severity_serious,casualty_adjusted_severity_slight,casualty_distance_banding,road_type,speed_limit,weather_conditions,light_conditions,road_surface_conditions,time,day_of_week,number_of_vehicles,vehicle_type
2023010485647,2023,010485647,1,2,2,1,52,8,3,0,0,2,0,0,9,3,E01002572,-1,0,0.0,1.0,-1,6,20,1,4,1,21:35,6,1,9
2023430344343,2023,430344343,1,1,1,1,68,10,3,0,0,0,0,0,9,-1,-1,-1,0,0.07306,0.92694,-1,1,30,1,4,2,22:37,2,2,9
2023411333561,2023,411333561,2,3,2,2,26,6,3,0,0,0,0,0,19,6,E01023762,3,1,0.0,1.0,-1,3,50,1,1,1,09:15,4,2,19
2023552301294,2023,552301294,1,1,1,1,18,4,3,0,0,0,0,0,3,2,E01015430,-1,0,0.17336,0.82664,-1,6,30,2,4,2,23:39,2,1,3
2023201389329,2023,201389329,2,2,1,1,-1,-1,3,0,0,0,0,0,9,-1,-1,3,1,0.0,1.0,-1,6,30,1,4,4,19:48,5,2,9
2023221265186,2023,221265186,2,3,2,1,2,1,3,0,0,2,0,0,9,9,E01032143,3,1,0.0,1.0,-1,6,30,1,1,4,08:45,3,2,9
2023371347769,2023,371347769,1,1,1,2,25,5,3,0,0,0,0,0,9,6,E01032523,3,1,0.0,1.0,-1,6,60,1,6,5,23:20,6,1,9
2023411282691,2023,411282691,2,3,2,2,62,9,2,0,0,1,0,0,9,5,E01003650,7,1,1.0,0.0,-1,3,70,1,4,1,23:09,4,2,9
2023010432436,2023,010432436,2,1,1,2,13,3,3,0,0,0,0,0,-1,2,E01003236,-1,0,0.0,1.0,-1,7,30,8,4,2,21:40,4,2,-1
2023332300863,2023,332300863,1,1,3,2,63,9,2,1,3,0,0,0,0,3,E01013777,-1,0,1.0,0.0,-1,6,30,1,1,1,18:45,7,1,9
2023010441487,2023,010441487,1,1,1,2,28,6,3,0,0,0,0,0,3,3,E01002048,-1,0,0.0,1.0,-1,9,20,9,1,9,17:00,6,2,3
2023421269490,2023,421269490,1,1,1,2,19,4,2,0,0,0,0,0,3,10,E01024146,5,1,1.0,0.0,-1,3,40,1,4,2,22:51,1,2,3
2023101319086,2023,101319086,1,1,2,2,4,1,3,0,0,2,0,0,8,5,E01008499,3,1,0.0,1.0,-1,6,30,1,1,1,08:30,3,1,8
2023332301051,2023,332301051,2,2,1,1,24,5,2,0,0,0,0,0,9,5,E01025818,-1,0,1.0,0.0,-1,6,60,2,1,2,08:15,5,2,9
2023471350477,2023,471350477,2,1,2,2,75,10,3,0,0,1,0,0,9,6,E01004163,3,1,0.0,1.0,-1,6,50,1,1,1,15:13,6,3,9
2023010424349,2023,010424349,2,2,1,1,25,5,3,0,0,0,0,0,19,8,E01001568,-1,0,0.0,1.0,-1,3,30,1,1,1,10:23,2,2,19
2023101293627,2023,101293627,1,1,1,1,14,3,3,0,0,0,0,0,-1,-1,-1,3,1,0.0,1.0,-1,6,30,1,4,1,20:30,1,2,-1
2023201440611,2023,201440611,1,1,1,1,35,6,3,0,0,0,0,0,9,1,E01010413,3,1,0.0,1.0,-1,6,30,1,1,1,14:15,7,3,9
2023440332192,2023,440332192,2,1,1,1,63,9,3,0,0,0,0,0,9,10,E01022954,-1,0,0.03636,0.96364,-1,6,30,1,1,1,09:30,5,2,9
2023010448066,2023,010448066,1,1,2,2,52,8,2,0,0,0,3,0,11,-1,-1,-1,0,1.0,0.0,-1,6,30,1,1,1,08:30,3,1,11
2023991346991,2023,991346991,2,2,1,1,38,7,3,0,0,0,0,0,19,5,-1,3,1,0.0,1.0,-1,6,60,1,1,1,16:45,4,2,19
2023461355067,2023,461355067,1,1,1,2,30,6,3,0,0,0,0,0,9,-1,-1,3,1,0.0,1.0,-1,3,70,1,4,1,21:57,2,2,9
2023522301517,2023,522301517,1,1,1,1,36,7,3,0,0,0,0,0,9,4,E01014570,-1,0,0.03338,0.96662,-1,6,20,1,1,1,16:34,6,2,9
2023531391790,2023,531391790,2,1,1,2,38,7,3,0,0,0,0,0,9,5,E01022448,3,1,0.0,1.0,-1,6,30,1,1,1,14:20,7,2,9
2023471323203,2023,471323203,2,1,1,1,47,8,3,0,0,0,0,0,1,9,E01020948,3,1,0.0,1.0,-1,9,30,9,1,1,11:30,1,2,1
2023552300734,2023,552300734,2,1,1,1,26,6,3,0,0,0,0,0,1,6,E01015291,-1,0,0.14984,0.85016,-1,6,30,1,1,1,22:37,1,2,1
2023131313492,2023,131313492,1,1,1,1,36,7,2,0,0,0,0,0,3,4,E01011009,7,1,1.0,0.0,-1,6,30,1,1,1,13:45,3,2,3
2023122301291,2023,122301291,1,1,1,1,69,10,2,0,0,0,0,0,5,-1,-1,-1,0,1.0,0.0,-1,6,60,1,1,1,11:35,3,1,5
2023501341792,2023,501341792,1,1,1,1,22,5,3,0,0,0,0,0,5,4,E01019063,3,1,0.0,1.0,-1,6,60,1,1,1,19:00,5,1,5
2023461377936,2023,461377936,1,2,3,1,17,4,2,4,1,0,0,0,0,7,E01024798,5,1,1.0,0.0,-1,6,20,1,1,2,16:04,6,3,3
2023440358596,2023,440358596,2,1,1,2,20,4,3,0,0,0,0,0,3,9,E01022494,-1,0,0.12733,0.87267,-1,6,30,1,1,1,09:38,2,2,3
2023061374668,2023,061374668,2,1,1,1,69,10,3,0,0,0,0,0,9,4,E01006390,3,1,0.0,1.0,-1,6,30,1,1,-1,12:00,5,2,9
2023131261228,2023,131261228,1,1,1,1,59,9,2,0,0,0,0,0,9,10,E01010772,7,1,1.0,0.0,-1,6,20,2,1,2,13:12,2,3,9
2023221388146,2023,221388146,1,1,1,2,30,6,3,0,0,0,0,0,9,1,E01010340,3,1,0.0,1.0,-1,6,40,1,6,1,03:28,7,1,9
2023010479352,2023,010479352,1,1,1,1,38,7,3,0,0,0,0,0,97,5,E01033741,-1,0,0.0,1.0,-1,6,20,1,1,1,04:00,2,2,97
2023111322854,2023,111322854,2,1,1,1,37,7,3,0,0,0,0,0,9,9,E01020698,3,1,0.0,1.0,-1,6,30,1,1,1,19:55,2,3,9
2023201417837,2023,201417837,2,1,1,1,60,9,3,0,0,0,0,0,9,5,E01032428,3,1,0.0,1.0,-1,6,30,2,4,2,21:56,1,2,9
2023451381667,2023,451381667,1,1,1,1,45,7,3,0,0,0,0,0,9,10,E01030518,3,1,0.0,1.0,-1,6,30,1,1,2,09:05,7,3,9
2023501296455,2023,501296455,1,1,1,1,51,8,2,0,0,0,0,0,9,1,E01015045,7,1,1.0,0.0,-1,6,60,1,1,1,20:07,5,1,9
2023061347368,2023,061347368,2,2,2,2,52,8,3,0,0,1,0,0,9,1,E01032497,3,1,0.0,1.0,-1,3,70,1,1,2,09:31,4,3,9
2023201453104,2023,201453104,1,3,2,1,7,2,3,0,0,-1,0,0,9,7,E01009070,3,1,0.0,1.0,-1,6,30,2,4,2,18:49,4,2,9
2023411364320,2023,411364320,2,2,2,2,-1,-1,3,0,0,2,0,0,9,-1,-1,3,1,0.0,1.0,-1,6,40,1,1,2,07:05,6,2,9
2023543274923,2023,543274923,2,2,2,2,25,5,3,0,0,1,0,0,9,7,E01016301,-1,0,0.01252,0.98748,-1,6,60,1,1,1,17:53,2,2,9
2023991297539,2023,991297539,2,2,1,1,49,8,3,0,0,0,0,0,11,1,-1,3,1,0.0,1.0,-1,6,60,1,1,1,13:50,2,2,11
2023311285516,2023,311285516,1,1,1,1,47,8,3,0,0,0,0,0,9,-1,-1,3,1,0.0,1.0,-1,6,30,1,4,1,19:20,6,2,9
2023461364471,2023,461364471,1,1,2,1,20,4,3,0,0,-1,0,0,9,5,E01024531,3,1,0.0,1.0,-1,6,30,1,4,1,04:27,6,1,9
2023471363159,2023,471363159,2,1,1,2,32,6,3,0,0,0,0,0,9,8,E01031698,3,1,0.0,1.0,-1,6,60,1,6,1,21:00,1,2,9
2023520400632,2023,520400632,1,1,1,2,26,6,3,0,0,0,0,0,9,7,E01029278,-1,0,0.03019,0.96981,-1,6,30,1,1,1,17:14,2,2,9
2023302300381,2023,302300381,4,1,2,2,59,9,3,0,0,0,4,0,11,3,E01019856,-1,0,0.06115,0.93885,-1,3,70,1,1,1,10:10,1,4,11
2023131379654,2023,131379654,2,1,1,2,56,9,3,0,0,0,0,0,9,4,E01011157,3,1,0.0,1.0,-1,6,40,1,4,2,18:00,2,2,9
2023471286799,2023,471286799,2,1,1,2,25,5,3,0,0,0,0,0,9,4,E01021177,3,1,0.0,1.0,-1,6,60,1,6,2,17:10,3,2,9
2023631328388,2023,631328388,1,2,1,1,28,6,3,0,0,0,0,0,9,8,E01018328,3,1,0.0,1.0,-1,6,50,1,1,2,17:15,3,3,9
2023401337338,2023,401337338,2,4,2,1,52,8,3,0,0,0,0,0,19,9,E01002288,3,1,0.0,1.0,-1,6,30,1,1,1,16:16,3,2,19
2023010429644,2023,010429644,1,1,1,1,19,4,3,0,0,0,0,0,97,2,E01000533,-1,0,0.0,1.0,-1,3,20,1,4,1,20:12,7,2,97
2023131338990,2023,131338990,1,1,1,2,31,6,3,0,0,0,0,0,9,1,E01011423,3,1,0.0,1.0,-1,3,30,1,1,1,09:08,2,2,9
2023161303720,2023,161303720,1,1,2,1,0,1,3,0,0,2,0,0,9,-1,-1,3,1,0.0,1.0,-1,6,20,1,1,1,19:25,4,2,9
2023302301927,2023,302301927,2,1,1,2,33,6,3,0,0,0,0,0,9,1,E01013833,-1,0,0.01623,0.98377,-1,1,30,1,4,2,06:55,2,2,9
2023361324556,2023,361324556,1,3,2,2,15,3,3,0,0,2,0,0,9,7,E01026484,3,1,0.0,1.0,-1,6,50,1,1,1,15:56,6,2,9
2023411383788,2023,411383788,1,1,1,1,19,4,2,0,0,0,0,0,9,8,E01023616,7,1,1.0,0.0,-1,6,30,1,1,2,11:17,6,1,9
2023440406663,2023,440406663,1,1,1,1,48,8,3,0,0,0,0,0,-1,4,E01017034,-1,0,0.06411,0.93589,-1,6,20,1,1,1,09:03,5,1,-1
2023101392460,2023,101392460,2,3,2,2,32,6,3,0,0,1,0,0,9,-1,-1,3,1,0.0,1.0,-1,1,60,2,1,2,08:54,4,2,9
2023141266213,2023,141266213,1,1,1,2,34,6,3,0,0,0,0,0,9,4,E01007329,3,1,0.0,1.0,-1,6,30,8,4,2,21:15,6,2,9
2023991305055,2023,991305055,2,1,1,2,46,8,3,0,0,0,0,0,9,10,-1,3,1,0.0,1.0,-1,6,30,2,1,2,09:00,5,2,9
2023041388781,2023,041388781,2,4,1,1,57,9,3,0,0,0,0,0,9,3,E01012632,3,1,0.0,1.0,-1,3,30,1,1,1,09:45,3,2,9
2023320128631,2023,320128631,1,3,1,1,57,9,1,0,0,0,0,0,9,7,E01013290,-1,0,0.0,0.0,-1,6,60,1,1,2,15:14,4,2,9
2023549974423,2023,549974423,1,1,1,1,62,9,3,0,0,0,0,0,19,6,E01032117,-1,0,0.05114,0.94886,-1,3,30,2,1,2,08:36,4,3,19
2023991311427,2023,991311427,1,1,3,1,43,7,2,5,1,0,0,2,0,3,-1,7,1,1.0,0.0,-1,6,20,1,1,1,13:10,5,1,9
2023471334311,2023,471334311,1,1,1,1,-1,-1,3,0,0,0,0,0,1,-1,-1,3,1,0.0,1.0,-1,6,30,1,1,1,13:40,7,2,1
2023010453456,2023,010453456,3,5,2,1,54,8,2,0,0,2,0,0,8,-1,-1,-1,0,1.0,0.0,-1,1,20,1,4,1,22:20,4,4,8
2023010478209,2023,010478209,2,2,1,1,21,5,3,0,0,0,0,0,9,6,E01000329,-1,0,0.0,1.0,-1,3,50,1,4,1,19:40,4,2,9
2023471375839,2023,471375839,2,1,1,1,56,9,3,0,0,0,0,0,9,7,E01016916,3,1,0.0,1.0,-1,6,30,2,7,2,17:15,3,2,9
2023201288827,2023,201288827,3,2,1,1,44,7,3,0,0,0,0,0,98,-1,-1,3,1,0.0,1.0,-1,6,30,1,1,4,06:52,2,4,98
2023471282714,2023,471282714,1,1,1,1,55,8,3,0,0,0,0,0,3,5,E01016876,3,1,0.0,1.0,-1,6,20,9,7,1,17:38,5,2,3
2023501389957,2023,501389957,1,1,3,1,22,5,3,5,1,0,0,0,0,-1,-1,3,1,0.0,1.0,-1,3,30,2,4,2,23:43,2,1,9
202354A890523,2023,54A890523,1,1,3,2,11,3,3,5,4,0,0,0,0,7,E01031848,-1,0,0.09147,0.90853,-1,6,30,2,1,2,16:26,6,1,10
2023041326448,2023,041326448,1,1,1,2,31,6,3,0,0,0,0,0,9,8,E01025174,3,1,0.0,1.0,-1,3,40,1,1,1,16:42,5,2,9
2023061337797,2023,061337797,1,1,1,1,24,5,3,0,0,0,0,0,9,2,E01025229,3,1,0.0,1.0,-1,6,30,1,1,1,09:15,6,2,9
2023471321259,2023,471321259,1,1,1,2,47,8,3,0,0,0,0,0,10,6,E01031449,3,1,0.0,1.0,-1,6,40,1,1,1,10:30,4,1,10
2023052302728,2023,052302728,2,1,1,1,26,6,3,0,0,0,0,0,19,7,E01007062,-1,0,0.02232,0.97768,-1,6,30,4,1,2,14:15,2,2,19
2023010455129,2023,010455129,1,1,1,1,24,5,3,0,0,0,0,0,3,3,E01003113,-1,0,0.0,1.0,-1,6,20,1,1,1,16:26,3,2,3
2023031345736,2023,031345736,2,2,1,1,58,9,3,0,0,0,0,0,9,-1,-1,3,1,0.0,1.0,-1,3,70,1,1,1,11:00,7,3,9
2023041363071,2023,041363071,1,1,1,2,24,5,3,0,0,0,0,0,9,9,E01025240,3,1,0.0,1.0,-1,3,30,1,1,1,07:40,5,2,9
2023201301878,2023,201301878,1,2,2,1,4,1,3,0,0,1,0,0,9,1,E01010052,3,1,0.0,1.0,-1,6,30,1,1,1,14:45,3,2,9
2023421291558,2023,421291558,2,1,1,2,44,7,3,0,0,0,0,0,9,8,E01021599,3,1,0.0,1.0,-1,3,40,1,1,1,17:15,6,2,9
2023430139525,2023,430139525,1,3,2,1,34,6,3,0,0,9,0,0,9,5,E01016519,-1,0,0.03694,0.96306,-1,3,60,2,4,2,19:36,4,1,9
2023451380699,2023,451380699,1,1,1,2,42,7,3,0,0,0,0,0,9,8,E01030390,3,1,0.0,1.0,-1,3,40,2,1,2,15:40,2,2,9
2023041323815,2023,041323815,1,1,1,1,65,9,2,0,0,0,0,0,1,8,E01025413,5,1,1.0,0.0,-1,6,30,1,4,1,00:20,5,2,1
2023221331348,2023,221331348,2,1,1,1,68,10,3,0,0,0,0,0,1,8,E01032146,3,1,0.0,1.0,-1,6,30,1,1,1,18:30,5,2,1
2023471381523,2023,471381523,1,1,3,2,49,8,2,4,1,0,0,0,0,8,E01021134,7,1,1.0,0.0,-1,6,30,1,4,2,18:55,6,1,9
2023221325300,2023,221325300,2,1,1,2,59,9,2,0,0,0,0,0,1,5,E01028948,7,1,1.0,0.0,-1,6,30,1,1,1,13:00,7,2,1
2023451309439,2023,451309439,1,1,1,1,50,8,3,0,0,0,0,0,3,7,E01030613,3,1,0.0,1.0,-1,6,30,1,4,1,01:00,7,1,3
2023340WN3652,2023,340WN3652,1,1,1,1,30,6,2,0,0,0,0,0,9,10,E01027287,-1,0,1.0,0.0,-1,6,60,1,1,1,14:30,2,2,9
2023531327179,2023,531327179,1,1,1,2,27,6,3,0,0,0,0,0,9,9,E01022357,3,1,0.0,1.0,-1,6,40,1,6,1,22:40,6,2,9
2023201419482,2023,201419482,2,4,2,2,55,8,2,0,0,1,0,0,9,7,E01032535,7,1,1.0,0.0,-1,6,30,1,1,2,13:45,7,2,9
2023471368697,2023,471368697,1,2,1,1,49,8,3,0,0,0,0,0,19,10,E01021157,3,1,0.0,1.0,-1,6,60,2,6,2,17:55,2,2,19
2023440114774,2023,440114774,1,1,1,1,10,2,3,0,0,0,0,0,1,4,E01017162,-1,0,0.15741,0.84259,-1,6,30,1,4,1,19:29,4,2,1
2023070486882,2023,070486882,1,1,1,1,51,8,2,0,0,0,0,0,5,7,E01005847,-1,0,1.0,0.0,-1,6,40,1,1,1,14:40,3,2,5
2023170H10633,2023,170H10633,1,1,1,1,65,9,3,0,0,0,0,0,5,1,E01011992,-1,0,0.16994,0.83006,-1,1,30,1,1,1,11:55,6,2,5
2023010419622,2023,010419622,1,1,3,1,64,9,2,4,1,0,0,0,0,2,E01002840,-1,0,1.0,0.0,-1,6,30,1,1,1,14:30,4,1,9
2023201422160,2023,201422160,2,1,2,1,0,1,3,0,0,2,0,0,8,1,E01010414,3,1,0.0,1.0,-1,6,30,1,1,1,14:24,5,2,8
2023451265673,2023,451265673,3,5,2,1,20,4,3,0,0,0,0,0,19,3,E01019400,3,1,0.0,1.0,-1,3,70,1,6,1,17:00,5,3,19
2023010467674,2023,010467674,1,1,1,2,27,6,3,0,0,0,0,0,9,2,E01000525,-1,0,0.0,1.0,-1,6,30,1,1,1,16:45,6,2,9
2023211384607,2023,211384607,2,1,2,2,21,5,3,0,0,1,0,0,9,9,E01029690,3,1,0.0,1.0,-1,3,60,2,4,2,22:00,2,2,9
2023320108802,2023,320108802,1,1,1,2,24,5,3,0,0,0,0,0,9,7,E01027452,-1,0,0.07251,0.92749,-1,3,70,1,6,1,20:45,2,1,9
2023421386984,2023,421386984,2,1,1,2,18,4,2,0,0,0,0,0,9,10,E01021939,7,1,1.0,0.0,-1,6,30,2,1,2,10:04,7,2,9
2023471366593,2023,471366593,2,1,1,2,73,10,3,0,0,0,0,0,9,7,E01031616,3,1,0.0,1.0,-1,3,70,1,1,1,15:30,2,2,9
2023010472496,2023,010472496,1,1,3,1,11,3,3,5,1,0,0,0,0,6,E01002525,-1,0,0.0,1.0,-1,6,30,1,1,1,08:17,3,1,9
2023340NN3912,2023,340NN3912,1,1,3,2,54,8,2,8,3,0,0,0,0,5,E01027091,-1,0,1.0,0.0,-1,6,30,1,1,1,17:56,1,1,9
202354C212023,2023,54C212023,1,1,3,2,16,4,2,8,9,0,0,0,0,8,E01032704,-1,0,1.0,0.0,-1,1,30,2,4,2,02:16,7,1,9
2023221330020,2023,221330020,2,1,1,2,54,8,3,0,0,0,0,0,1,4,E01028984,3,1,0.0,1.0,-1,6,40,1,1,1,14:35,6,2,1
2023201278197,2023,201278197,1,1,1,1,37,7,3,0,0,0,0,0,9,1,E01009354,3,1,0.0,1.0,-1,6,30,7,1,2,03:51,3,2,9
2023461301985,2023,461301985,2,1,1,1,44,7,2,0,0,0,0,0,3,4,E01024358,7,1,1.0,0.0,-1,2,30,1,4,2,21:07,7,3,3
2023622300759,2023,622300759,1,1,1,1,41,7,2,0,0,0,0,0,3,3,W01000928,-1,0,1.0,0.0,-1,6,30,2,1,2,11:30,1,1,3
2023010469941,2023,010469941,1,1,3,1,30,6,3,5,3,0,0,0,0,3,E01032581,-1,0,0.0,1.0,-1,6,30,1,1,1,14:35,4,1,9
2023430091001,2023,430091001,1,1,3,1,7,2,3,5,1,0,0,0,0,6,E01016332,-1,0,0.13361,0.86639,-1,6,30,1,1,1,09:50,3,1,9
2023161342010,2023,161342010,2,1,1,1,71,10,2,0,0,0,0,0,1,6,E01012959,6,1,1.0,0.0,-1,6,30,2,1,2,08:55,5,2,1
2023461275111,2023,461275111,1,1,1,1,25,5,3,0,0,0,0,0,3,2,E01033212,3,1,0.0,1.0,-1,6,60,1,1,2,07:25,2,1,3
2023070399619,2023,070399619,2,2,2,2,12,3,3,0,0,1,0,0,9,5,E01012405,-1,0,0.00682,0.99318,-1,1,30,1,1,1,20:30,5,2,9
2023101379245,2023,101379245,1,1,1,2,35,6,2,0,0,0,0,0,9,3,E01008751,7,1,1.0,0.0,-1,6,30,1,1,1,08:20,3,2,9
2023101403986,2023,101403986,1,1,1,2,57,9,3,0,0,0,0,0,9,4,E01008614,3,1,0.0,1.0,-1,6,30,1,1,2,09:27,3,3,9
2023311373379,2023,311373379,1,1,1,2,39,7,3,0,0,0,0,0,9,5,E01028341,3,1,0.0,1.0,-1,7,50,1,1,1,13:27,4,2,9
2023610028923,2023,610028923,2,1,1,2,68,10,3,0,0,1,0,0,9,3,W01001485,-1,0,0.03823,0.96177,-1,6,40,1,1,1,11:54,7,3,9
2023411332685,2023,411332685,2,1,1,1,26,6,3,0,0,0,0,0,19,7,E01023944,3,1,0.0,1.0,-1,6,30,1,1,-1,16:45,5,2,19
2023440102014,2023,440102014,2,2,1,1,31,6,3,0,0,0,0,0,19,6,E01017261,-1,0,0.01463,0.98537,-1,6,30,1,1,1,09:24,3,2,19
2023552301102,2023,552301102,1,1,3,2,83,11,3,1,3,0,0,0,0,5,E01020459,-1,0,0.16033,0.83967,-1,6,30,1,1,1,14:55,4,1,9
2023440442740,2023,440442740,1,1,1,1,37,7,3,0,0,0,0,0,1,9,E01023274,-1,0,0.17279,0.82721,-1,6,60,1,1,2,14:53,1,2,1
2023010482588,2023,010482588,1,1,1,1,38,7,3,0,0,0,0,0,9,9,E01000687,-1,0,0.0,1.0,-1,6,40,1,1,2,14:29,5,1,9
2023211302039,2023,211302039,2,1,1,1,61,9,3,0,0,0,0,0,9,4,E01029567,3,1,0.0,1.0,-1,6,30,1,1,1,12:42,4,2,9
2023311353089,2023,311353089,2,2,1,1,24,5,2,0,0,0,0,0,9,3,E01033392,7,1,1.0,0.0,-1,6,60,1,1,1,09:47,7,2,9
2023531390174,2023,531390174,1,1,1,1,53,8,3,0,0,0,0,0,9,6,E01022187,3,1,0.0,1.0,-1,6,50,1,1,2,10:15,2,1,9
2023332300655,2023,332300655,1,1,1,1,35,6,3,0,0,0,0,0,5,7,E01025855,-1,0,0.03251,0.96749,-1,1,30,2,1,2,17:30,2,2,5
2023471298129,2023,471298129,1,1,3,1,4,1,3,6,9,0,0,0,0,7,E01021063,3,1,0.0,1.0,-1,6,30,1,1,1,18:33,3,1,1
202360A071651,2023,60A071651,1,1,1,1,48,8,3,0,0,0,0,0,3,-1,-1,-1,0,0.26377,0.73623,-1,6,60,1,1,1,10:50,1,1,3
2023010420836,2023,010420836,1,1,3,2,17,4,3,10,9,0,0,0,0,9,E01000687,-1,0,0.0,1.0,-1,6,30,2,4,2,16:45,4,1,9
2023010474461,2023,010474461,1,1,3,1,45,7,3,8,3,0,0,0,0,5,E01002501,-1,0,0.0,1.0,-1,6,30,8,1,2,16:54,4,1,9
2023401284992,2023,401284992,2,1,1,1,18,4,3,0,0,0,0,0,1,1,E01015795,3,1,0.0,1.0,-1,6,30,1,1,1,13:20,7,2,1
2023440323635,2023,440323635,2,1,1,1,42,7,3,0,0,0,0,0,1,10,E01022972,-1,0,0.13302,0.86698,-1,6,30,2,1,2,09:47,6,2,1
2023010427045,2023,010427045,1,1,1,1,55,8,3,0,0,0,0,0,19,4,E01001484,-1,0,0.0,1.0,-1,6,30,7,4,2,05:20,3,4,19
2023991353625,2023,991353625,1,1,1,1,51,8,2,0,0,0,0,0,90,10,-1,7,1,1.0,0.0,-1,6,60,1,1,1,12:05,2,1,90
2023010474008,2023,010474008,1,1,3,2,25,5,2,4,1,0,0,0,0,3,E01003942,-1,0,1.0,0.0,-1,3,20,8,1,1,16:10,4,1,3
2023451274370,2023,451274370,1,1,3,2,47,8,3,6,8,0,0,0,0,6,E01030653,3,1,0.0,1.0,-1,6,30,1,1,1,11:20,4,1,19
2023010419818,2023,010419818,2,1,1,1,26,6,3,0,0,0,0,0,2,3,E01002235,-1,0,0.0,1.0,-1,6,30,1,4,1,18:13,5,2,2
2023131382146,2023,131382146,1,1,1,1,34,6,3,0,0,0,0,0,9,5,E01010656,3,1,0.0,1.0,-1,3,40,2,4,2,05:13,2,2,9
2023221366377,2023,221366377,1,1,1,1,41,7,3,0,0,0,0,0,9,3,E01032242,3,1,0.0,1.0,-1,7,60,1,1,2,18:38,7,2,9
2023010472625,2023,010472625,1,1,1,2,43,7,3,0,0,0,0,0,1,3,E01003014,-1,0,0.0,1.0,-1,6,20,1,1,1,16:30,3,1,1
2023411344806,2023,411344806,2,1,1,1,62,9,3,0,0,0,0,0,1,10,E01023416,3,1,0.0,1.0,-1,6,50,1,1,1,12:18,3,2,1
2023141347455,2023,141347455,2,2,1,1,34,6,3,0,0,0,0,0,9,9,E01012962,3,1,0.0,1.0,-1,1,30,1,1,1,14:51,5,3,9
2023201314159,2023,201314159,1,1,1,1,-1,-1,3,0,0,0,0,0,9,-1,-1,3,1,0.0,1.0,-1,1,40,1,4,1,23:42,1,1,9
2023501268450,2023,501268450,1,2,2,2,67,10,3,0,0,1,0,0,9,4,E01020309,3,1,0.0,1.0,-1,6,60,1,1,4,10:00,5,1,9
2023201278616,2023,201278616,2,4,2,2,26,6,3,0,0,1,0,0,9,2,E01009935,3,1,0.0,1.0,-1,6,30,1,4,2,22:01,1,3,9
2023421338356,2023,421338356,2,1,1,1,62,9,3,0,0,0,0,0,9,5,E01001647,3,1,0.0,1.0,-1,3,70,1,6,1,22:40,6,3,9
2023122300789,2023,122300789,1,1,2,2,28,6,3,0,0,1,0,0,9,-1,-1,-1,0,0.1293,0.8707,-1,6,40,1,1,1,11:05,1,1,9
2023340WN5282,2023,340WN5282,1,1,1,1,44,7,2,0,0,0,0,0,21,3,E01027058,-1,0,1.0,0.0,-1,3,70,1,1,1,14:00,5,3,21
2023201305578,2023,201305578,1,1,3,1,7,2,3,6,9,0,0,0,0,2,E01010341,3,1,0.0,1.0,-1,6,30,1,1,1,19:20,2,1,9
2023201382299,2023,201382299,1,1,3,2,11,3,3,4,1,0,0,0,0,1,E01010235,3,1,0.0,1.0,-1,6,20,1,1,1,15:43,4,1,9
2023440156237,2023,440156237,1,1,3,1,65,9,3,5,1,0,0,0,0,3,E01017107,-1,0,0.14211,0.85789,-1,6,30,1,1,1,14:52,6,1,9
2023010459682,2023,010459682,1,1,1,1,52,8,3,0,0,0,0,0,1,3,E01004022,-1,0,0.0,1.0,-1,6,20,1,1,1,10:00,4,2,1
2023170M31133,2023,170M31133,2,1,1,1,12,3,2,0,0,0,0,0,1,2,E01012031,-1,0,1.0,0.0,-1,6,20,1,1,1,16:37,5,2,1
2023351377393,2023,351377393,1,1,1,1,51,8,2,0,0,0,0,0,1,3,E01017979,7,1,1.0,0.0,-1,6,30,1,4,1,20:53,4,2,1
2023320686602,2023,320686602,1,1,1,1,43,7,2,0,0,0,0,0,9,7,E01026267,-1,0,1.0,0.0,-1,6,60,1,6,2,17:16,1,2,9
2023522300971,2023,522300971,1,1,1,2,74,10,3,0,0,0,0,0,9,8,E01014824,-1,0,0.02359,0.97641,-1,6,20,1,1,1,14:35,3,4,9
2023610040523,2023,610040523,2,2,1,1,34,6,3,0,0,0,0,0,19,8,E01013996,-1,0,0.1191,0.8809,-1,6,60,1,1,2,16:22,2,3,19
2023552300528,2023,552300528,2,1,1,1,29,6,3,0,0,0,0,0,1,8,E01020425,-1,0,0.05787,0.94213,-1,3,40,1,1,1,16:53,4,2,1
202354C025723,2023,54C025723,1,7,2,1,16,4,3,0,0,0,0,0,10,6,E01031876,-1,0,0.03415,0.96585,-1,6,60,1,6,1,17:32,2,2,10
2023041322039,2023,041322039,2,1,1,1,27,6,3,0,0,0,0,0,5,1,E01025068,3,1,0.0,1.0,-1,6,30,1,1,1,08:50,6,2,5
2023010472921,2023,010472921,1,1,3,1,11,3,2,5,3,0,0,0,0,2,E01001433,-1,0,1.0,0.0,-1,6,30,1,1,2,16:25,5,1,9
2023440409170,2023,440409170,1,1,3,2,63,9,2,4,4,0,0,0,0,2,E01022903,-1,0,1.0,0.0,-1,6,20,1,1,1,17:22,6,1,9