collision_index,collision_year,collision_ref_no,vehicle_reference,casualty_reference,casualty_class,sex_of_casualty,age_of_casualty,age_band_of_casualty,casualty_severity,pedestrian_location,pedestrian_movement,car_passenger,bus_or_coach_passenger,pedestrian_road_maintenance_worker,casualty_type,casualty_imd_decile,lsoa_of_casualty,enhanced_casualty_severity,casualty_injury_based,casualty_adjusted_severity_serious,casualty_adjusted_severity_slight,casualty_distance_banding,road_type,speed_limit,weather_conditions,light_conditions,road_surface_conditions,time,day_of_week,number_of_vehicles,vehicle_type
2023101276442,2023,101276442,2,1,1,1,56,9,3,0,0,0,0,0,9,10,E01008319,3,1,0.0,1.0,-1,6,30,1,1,2,12:04,3,2,9
2023131283260,2023,131283260,1,4,1,1,49,8,3,0,0,0,0,0,9,1,E01011663,3,1,0.0,1.0,-1,6,40,1,1,1,09:43,1,3,9
2023461297283,2023,461297283,2,1,1,2,38,7,3,0,0,0,0,0,9,2,E01001082,3,1,0.0,1.0,-1,6,30,1,1,1,13:20,4,2,9
2023991355452,2023,991355452,1,2,2,1,24,5,3,0,0,1,0,0,9,5,-1,3,1,0.0,1.0,-1,6,60,2,1,2,15:59,6,1,9
2023041308939,2023,041308939,1,2,2,1,66,10,2,0,0,1,0,0,9,2,E01007026,5,1,1.0,0.0,-1,6,40,1,1,1,15:16,4,1,9
2023131304817,2023,131304817,2,1,1,2,27,6,3,0,0,0,0,0,9,1,E01011038,3,1,0.0,1.0,-1,6,30,1,1,1,13:10,7,2,9
2023461269526,2023,461269526,1,3,2,1,10,2,3,0,0,1,0,0,9,6,E01024512,3,1,0.0,1.0,-1,6,60,8,6,4,16:59,6,1,9
2023201391704,2023,201391704,1,1,1,1,60,9,3,0,0,0,0,0,1,8,E01032171,3,1,0.0,1.0,-1,6,30,1,1,1,15:33,5,2,1
2023311364848,2023,311364848,1,1,1,2,42,7,3,0,0,0,0,0,9,-1,-1,3,1,0.0,1.0,-1,6,30,5,4,2,21:13,4,2,9
2023622300608,2023,622300608,3,2,1,1,41,7,3,0,0,0,0,0,9,1,E01001714,-1,0,0.02033,0.97967,-1,6,20,1,4,1,23:26,6,3,9
2023010454789,2023,010454789,2,1,1,2,28,6,3,0,0,0,0,0,1,6,E01003219,-1,0,0.0,1.0,-1,6,30,1,1,1,11:35,4,2,1
2023010455939,2023,010455939,1,1,1,2,76,11,3,0,0,0,0,0,9,7,E01002367,-1,0,0.0,1.0,-1,3,50,1,1,9,17:15,4,2,9
2023010466698,2023,010466698,1,1,1,2,25,5,3,0,0,0,0,0,9,2,E01001437,-1,0,0.0,1.0,-1,6,30,1,1,1,08:50,2,2,9
2023052301351,2023,052301351,2,1,1,1,78,11,3,0,0,0,0,0,9,5,E01006892,-1,0,0.09098,0.90902,-1,6,30,1,1,1,20:00,7,2,9
2023522301806,2023,522301806,1,1,1,1,23,5,3,0,0,0,0,0,3,4,E01014523,-1,0,0.04283,0.95717,-1,6,20,1,1,1,16:46,4,2,3
2023010478071,2023,010478071,1,1,3,1,11,3,3,9,5,0,0,0,0,2,E01000781,-1,0,0.0,1.0,-1,6,30,1,1,1,08:15,4,1,11
2023010462476,2023,010462476,1,1,2,2,32,6,3,0,0,1,0,0,9,6,E01030736,-1,0,0.0,1.0,-1,1,50,1,1,1,09:40,7,2,9
2023332300670,2023,332300670,1,3,2,1,6,2,1,0,0,1,0,0,9,6,E01027005,-1,0,0.0,0.0,-1,6,50,2,1,2,12:48,7,2,9
2023361356013,2023,361356013,2,1,1,2,27,6,3,0,0,0,0,0,9,4,E01026780,3,1,0.0,1.0,-1,6,30,1,1,1,16:04,5,2,9
2023010461158,2023,010461158,1,1,1,1,35,6,3,0,0,0,0,0,19,6,E01024276,-1,0,0.0,1.0,-1,2,30,1,1,1,09:30,5,2,19
2023131377043,2023,131377043,2,1,1,1,37,7,3,0,0,0,0,0,5,3,E01011331,3,1,0.0,1.0,-1,3,40,1,1,2,08:28,3,2,5
2023122300493,2023,122300493,2,2,1,1,54,8,3,0,0,0,0,0,19,3,E01011532,-1,0,0.03596,0.96404,-1,3,70,1,1,1,03:23,5,2,19
2023010448916,2023,010448916,2,1,1,1,29,6,3,0,0,0,0,0,1,3,E01000933,-1,0,0.0,1.0,-1,3,20,1,1,1,07:15,4,2,1
2023010423516,2023,010423516,1,2,2,1,-1,-1,3,0,0,2,0,0,9,2,E01004326,-1,0,0.0,1.0,-1,6,20,1,1,1,10:48,4,1,9
2023061341848,2023,061341848,2,1,1,1,46,8,3,0,0,0,0,0,9,9,E01005573,3,1,0.0,1.0,-1,6,30,1,4,1,22:55,4,2,9
2023061393951,2023,061393951,2,1,2,2,29,6,3,0,0,1,0,0,9,6,E01005397,3,1,0.0,1.0,-1,6,30,2,4,2,17:10,1,2,9
2023131324775,2023,131324775,1,1,1,1,23,5,3,0,0,0,0,0,9,8,E01011687,3,1,0.0,1.0,-1,3,70,1,1,1,20:26,6,2,9
2023421391541,2023,421391541,1,1,2,2,30,6,3,0,0,1,0,0,9,6,E01021430,3,1,0.0,1.0,-1,6,30,1,6,2,20:23,6,2,9
2023461305304,2023,461305304,1,1,1,1,33,6,2,0,0,0,0,0,9,8,E01024784,5,1,1.0,0.0,-1,6,30,1,4,1,21:30,4,2,9
2023141273570,2023,141273570,1,1,1,1,34,6,3,0,0,0,0,0,19,8,E01007561,3,1,0.0,1.0,-1,6,30,1,4,1,21:44,3,2,19
2023221346179,2023,221346179,3,2,1,1,56,9,3,0,0,0,0,0,5,5,E01009211,3,1,0.0,1.0,-1,6,60,1,1,1,14:00,2,3,5
2023361282672,2023,361282672,2,1,2,2,27,6,3,0,0,1,0,0,9,4,E01026733,3,1,0.0,1.0,-1,6,60,1,1,2,15:40,5,2,9
2023010472837,2023,010472837,1,1,1,2,46,8,3,0,0,0,0,0,1,8,E01002690,-1,0,0.0,1.0,-1,9,20,2,1,2,08:30,5,1,1
2023010434442,2023,010434442,1,1,1,1,36,7,3,0,0,0,0,0,9,6,E01002331,-1,0,0.0,1.0,-1,6,30,8,4,2,22:00,5,2,9
2023471264066,2023,471264066,2,2,1,2,41,7,2,0,0,0,0,0,9,10,E01021217,5,1,1.0,0.0,-1,6,60,1,1,1,14:50,2,2,9
2023471267919,2023,471267919,1,2,2,1,19,4,3,0,0,1,0,0,9,6,E01016970,3,1,0.0,1.0,-1,6,60,7,6,2,12:00,4,1,9
2023010468736,2023,010468736,1,1,3,1,38,7,2,10,9,0,0,0,0,10,E01002978,-1,0,1.0,0.0,-1,6,20,1,1,1,07:31,5,1,9
2023471352303,2023,471352303,1,1,3,1,52,8,2,8,3,0,0,0,0,4,E01016967,7,1,1.0,0.0,-1,6,20,1,1,1,15:15,1,1,11
2023061392285,2023,061392285,2,1,1,1,46,8,2,0,0,0,0,0,1,2,E01006144,7,1,1.0,0.0,-1,7,40,1,4,2,15:45,3,2,1
2023010460638,2023,010460638,3,2,2,1,26,6,3,0,0,1,0,0,9,4,E01003666,-1,0,0.0,1.0,-1,6,20,1,4,1,22:38,2,3,9
2023010468078,2023,010468078,1,2,2,2,-1,-1,3,0,0,1,0,0,9,-1,-1,-1,0,0.0,1.0,-1,6,20,1,4,1,22:00,1,2,9
2023010474558,2023,010474558,2,4,2,-1,-1,-1,3,0,0,1,0,0,9,3,E01004415,-1,0,0.0,1.0,-1,6,20,1,1,1,04:20,7,2,9
2023161322065,2023,161322065,1,1,1,2,18,4,3,0,0,0,0,0,9,-1,-1,3,1,0.0,1.0,-1,6,30,1,1,1,11:45,6,2,9
2023552301315,2023,552301315,1,1,1,1,19,4,3,0,0,0,0,0,9,6,E01020516,-1,0,0.07378,0.92622,-1,6,60,5,1,2,07:19,7,1,9
2023010439390,2023,010439390,2,1,1,2,49,8,2,0,0,0,0,0,1,2,E01003991,-1,0,1.0,0.0,-1,6,20,1,1,1,11:15,3,2,1
2023010446909,2023,010446909,1,1,1,1,32,6,3,0,0,0,0,0,1,4,E01001355,-1,0,0.0,1.0,-1,6,30,1,1,1,09:55,5,1,1
2023010476694,2023,010476694,1,1,1,2,25,5,3,0,0,0,0,0,2,3,E01001154,-1,0,0.0,1.0,-1,6,30,2,1,2,07:35,4,2,2
2023010424462,2023,010424462,1,1,1,1,22,5,3,0,0,0,0,0,3,6,E01002125,-1,0,0.0,1.0,-1,6,30,1,4,1,20:03,2,2,3
2023010457659,2023,010457659,1,1,1,1,27,6,2,0,0,0,0,0,3,4,E01001037,-1,0,1.0,0.0,-1,6,30,1,1,1,10:08,6,2,3
2023622300997,2023,622300997,1,5,2,2,60,9,3,0,0,1,0,0,9,2,W01001601,-1,0,0.0521,0.9479,-1,3,50,2,1,2,10:51,5,4,9
2023131261288,2023,131261288,1,1,3,2,71,10,3,1,1,0,0,2,0,5,E01011096,3,1,0.0,1.0,-1,6,30,5,4,2,16:36,2,1,9
2023010473951,2023,010473951,2,1,1,1,31,6,3,0,0,0,0,0,3,10,E01016591,-1,0,0.0,1.0,-1,6,20,1,1,2,11:10,4,2,3
2023061346041,2023,061346041,1,2,2,1,1,1,3,0,0,2,0,0,9,9,E01019751,3,1,0.0,1.0,-1,6,30,1,1,1,18:30,1,1,9
2023440135503,2023,440135503,1,1,1,2,35,6,3,0,0,0,0,0,9,3,E01022901,-1,0,0.05736,0.94264,-1,6,30,1,1,1,08:53,5,2,9
2023461383148,2023,461383148,1,1,1,2,27,6,3,0,0,0,0,0,9,7,E01024726,3,1,0.0,1.0,-1,6,40,2,1,2,13:48,6,2,9
2023991384115,2023,991384115,1,1,3,1,62,9,2,5,3,0,0,0,0,1,-1,6,1,1.0,0.0,-1,6,20,2,4,2,15:15,5,1,9
2023522300499,2023,522300499,2,1,1,1,21,5,3,0,0,0,0,0,3,8,E01033338,-1,0,0.13898,0.86102,-1,6,20,1,4,2,23:52,7,2,3
2023552300600,2023,552300600,2,1,1,1,29,6,3,0,0,0,0,0,3,1,E01020555,-1,0,0.12524,0.87476,-1,6,30,1,1,1,15:23,2,2,3
2023122301379,2023,122301379,2,2,1,1,81,11,3,0,0,0,0,0,9,9,E01027844,-1,0,0.08153,0.91847,-1,6,30,1,1,1,14:00,4,2,9
2023430480685,2023,430480685,2,2,1,1,30,6,3,0,0,0,0,0,9,-1,-1,-1,0,0.04074,0.95926,-1,6,30,1,6,1,19:30,4,2,9
2023010427739,2023,010427739,1,1,1,1,40,7,3,0,0,0,0,0,3,10,E01000756,-1,0,0.0,1.0,-1,9,20,1,1,1,15:20,6,2,3
2023101365792,2023,101365792,1,1,1,1,47,8,3,0,0,0,0,0,5,3,E01008288,3,1,0.0,1.0,-1,6,60,1,1,2,13:45,1,1,5
2023070614161,2023,070614161,2,1,1,2,53,8,3,0,0,0,0,0,9,8,E01018403,-1,0,0.03208,0.96792,-1,6,30,1,1,1,16:18,7,2,9
2023361331544,2023,361331544,2,1,1,2,26,6,3,0,0,0,0,0,9,7,E01026526,3,1,0.0,1.0,-1,3,30,1,1,1,09:42,4,2,9
2023010452033,2023,010452033,1,1,3,2,53,8,3,6,9,0,0,0,0,8,E01003460,-1,0,0.0,1.0,-1,9,30,1,1,1,13:50,4,1,9
2023461275944,2023,461275944,1,1,3,1,-1,-1,3,5,1,0,0,0,0,-1,-1,3,1,0.0,1.0,-1,6,30,1,1,1,07:30,5,1,9
2023101392969,2023,101392969,2,2,2,1,40,7,3,0,0,1,0,0,8,2,E01008693,3,1,0.0,1.0,-1,6,30,1,1,1,10:40,4,2,8
2023131333329,2023,131333329,1,1,1,2,18,4,3,0,0,0,0,0,9,5,E01011788,3,1,0.0,1.0,-1,6,60,1,1,1,18:17,3,2,9
2023201330159,2023,201330159,2,1,2,2,50,8,3,0,0,2,0,0,9,1,E01009410,3,1,0.0,1.0,-1,3,30,2,7,2,19:56,6,2,9
2023531262857,2023,531262857,2,1,1,1,76,11,3,0,0,0,0,0,9,9,W01001715,3,1,0.0,1.0,-1,3,40,5,1,2,16:20,5,2,9
2023622300283,2023,622300283,1,1,1,1,72,10,3,0,0,0,0,0,9,10,W01001849,-1,0,0.0554,0.9446,-1,6,20,2,1,2,13:16,6,2,9
2023471386926,2023,471386926,2,1,2,2,85,11,3,0,0,0,4,0,11,7,E01031781,3,1,0.0,1.0,-1,6,30,1,1,1,14:15,2,2,11
2023520300840,2023,520300840,1,1,2,2,81,11,3,0,0,1,0,0,9,7,E01029150,-1,0,0.05162,0.94838,-1,6,30,1,4,1,19:00,7,2,9
2023471374642,2023,471374642,2,1,1,2,12,3,2,0,0,0,0,0,1,4,E01031576,5,1,1.0,0.0,-1,6,30,8,6,2,19:05,3,2,1
2023010460220,2023,010460220,2,1,1,1,53,8,3,0,0,0,0,0,3,1,E01002773,-1,0,0.0,1.0,-1,6,20,1,1,1,12:43,7,2,3
2023010424397,2023,010424397,2,1,1,1,41,7,3,0,0,0,0,0,9,5,E01033573,-1,0,0.0,1.0,-1,3,30,1,1,1,16:15,2,2,9
2023131306750,2023,131306750,2,1,2,2,65,9,3,0,0,0,0,0,9,-1,-1,3,1,0.0,1.0,-1,6,30,1,1,1,15:20,6,2,9
2023302300880,2023,302300880,1,1,1,2,31,6,3,0,0,0,0,0,9,6,E01013491,-1,0,0.03512,0.96488,-1,6,30,2,4,2,21:20,2,2,9
2023010443744,2023,010443744,1,1,1,1,25,5,3,0,0,0,0,0,3,4,E01004612,-1,0,0.0,1.0,-1,6,20,1,1,1,15:24,5,2,3
2023010431983,2023,010431983,2,1,1,1,22,5,3,0,0,0,0,0,4,4,E01003561,-1,0,0.0,1.0,-1,6,20,4,1,1,16:52,2,2,4
2023010461204,2023,010461204,2,1,1,1,34,6,3,0,0,0,0,0,5,2,E01000008,-1,0,0.0,1.0,-1,6,20,1,1,1,07:50,6,2,5
2023351298999,2023,351298999,1,2,2,1,33,6,3,0,0,2,0,0,9,5,E01032802,3,1,0.0,1.0,-1,6,60,5,1,2,08:15,6,2,9
2023052300374,2023,052300374,2,1,1,1,45,7,3,0,0,0,0,0,11,1,E01007051,-1,0,0.05258,0.94742,-1,6,20,1,1,1,09:00,5,2,11
2023010421195,2023,010421195,1,1,3,2,37,7,3,6,9,0,0,0,0,2,E01001551,-1,0,0.0,1.0,-1,9,20,1,1,1,15:40,6,1,10
2023361309169,2023,361309169,1,1,3,2,39,7,3,8,5,0,0,0,0,6,E01026475,3,1,0.0,1.0,-1,6,30,1,1,1,11:47,7,1,19
2023361352906,2023,361352906,1,1,3,2,11,3,2,9,2,0,0,-1,0,4,E01026499,7,1,1.0,0.0,-1,6,30,1,1,1,15:56,6,1,9
2023010421868,2023,010421868,1,1,1,1,26,6,3,0,0,0,0,0,3,4,E01000621,-1,0,0.0,1.0,-1,6,30,1,4,2,20:04,2,2,3
2023552400231,2023,552400231,2,1,1,1,36,7,3,0,0,0,0,0,3,3,E01015283,-1,0,0.0891,0.9109,-1,6,30,1,4,1,08:44,5,2,3
2023430208189,2023,430208189,1,1,1,1,37,7,3,0,0,0,0,0,9,-1,-1,-1,0,0.08121,0.91879,-1,6,30,1,4,2,22:43,6,2,9
2023461389332,2023,461389332,1,2,2,2,43,7,3,0,0,1,0,0,9,9,E01000396,3,1,0.0,1.0,-1,6,60,1,6,2,20:00,7,2,9
2023548179923,2023,548179923,2,2,2,1,21,5,3,0,0,1,0,0,9,2,E01032093,-1,0,0.00197,0.99803,-1,6,30,1,1,1,14:10,6,2,9
2023461269589,2023,461269589,1,1,3,1,47,8,3,9,9,0,0,0,0,4,E01016143,3,1,0.0,1.0,-1,6,30,1,1,1,17:40,4,1,9
2023302300088,2023,302300088,2,2,2,1,5,1,3,0,0,1,0,0,9,2,E01029409,-1,0,0.0221,0.9779,-1,3,70,1,1,2,15:25,1,2,9
2023440249630,2023,440249630,1,2,2,2,26,6,3,0,0,1,0,0,9,6,E01028631,-1,0,0.14538,0.85462,-1,6,60,1,1,1,06:57,6,1,9
2023461293262,2023,461293262,1,1,1,2,28,6,3,0,0,0,0,0,9,1,E01024389,3,1,0.0,1.0,-1,3,70,2,6,2,05:55,1,1,9
2023461297822,2023,461297822,1,1,1,1,56,9,2,0,0,0,0,0,9,5,E01024379,5,1,1.0,0.0,-1,6,60,1,1,1,15:14,7,2,9
2023010473544,2023,010473544,2,1,1,1,34,6,2,0,0,0,0,0,4,3,E01001831,-1,0,1.0,0.0,-1,6,30,1,1,1,07:29,2,2,4
2023361355901,2023,361355901,2,1,1,1,52,8,2,0,0,0,0,0,5,4,E01026638,7,1,1.0,0.0,-1,6,30,1,1,1,12:05,1,2,5
2023141357956,2023,141357956,1,1,1,2,36,7,2,0,0,0,0,0,9,3,E01007971,7,1,1.0,0.0,-1,3,30,1,1,1,19:15,6,2,9
2023320744356,2023,320744356,1,1,1,2,79,11,3,0,0,0,0,0,9,4,E01026079,-1,0,0.1146,0.8854,-1,6,60,8,1,4,10:20,1,1,9
2023451278518,2023,451278518,1,1,1,2,35,6,3,0,0,0,0,0,9,8,E01030648,3,1,0.0,1.0,-1,3,70,1,4,1,18:10,2,2,9
2023461394975,2023,461394975,2,1,1,2,24,5,3,0,0,0,0,0,9,9,E01023993,3,1,0.0,1.0,-1,1,30,1,1,1,10:58,6,2,9
2023070245550,2023,070245550,1,1,1,1,55,8,3,0,0,0,0,0,9,4,E01012504,-1,0,0.08424,0.91576,-1,6,30,1,1,1,09:46,5,1,9
2023131312305,2023,131312305,2,2,2,2,41,7,3,0,0,1,0,0,9,10,E01011516,3,1,0.0,1.0,-1,6,20,1,1,1,12:31,7,2,9
2023131365492,2023,131365492,3,2,2,1,15,3,3,0,0,1,0,0,9,2,E01011421,3,1,0.0,1.0,-1,3,40,1,4,1,18:45,7,3,9
2023221301217,2023,221301217,2,1,1,1,38,7,3,0,0,0,0,0,9,4,E01028894,3,1,0.0,1.0,-1,6,60,1,6,1,04:43,4,2,9
2023430422624,2023,430422624,2,2,1,1,23,5,3,0,0,0,0,0,9,10,E01028736,-1,0,0.08017,0.91983,-1,6,60,2,1,2,15:40,4,2,9
2023522301305,2023,522301305,2,2,2,1,25,5,3,0,0,1,0,0,9,4,E01014542,-1,0,0.00924,0.99076,-1,6,30,1,1,1,18:25,2,2,9
2023552300321,2023,552300321,1,1,2,1,65,9,2,0,0,0,2,0,11,7,E01020429,-1,0,1.0,0.0,-1,6,30,1,1,1,14:43,6,1,11
2023440510772,2023,440510772,2,1,1,1,33,6,3,0,0,0,0,0,3,5,E01017088,-1,0,0.0824,0.9176,-1,6,30,1,4,1,20:40,5,2,3
2023131295175,2023,131295175,1,1,1,2,52,8,3,0,0,0,0,0,9,1,E01010742,3,1,0.0,1.0,-1,6,30,2,1,2,17:44,2,2,9
2023440183109,2023,440183109,1,1,1,1,37,7,3,0,0,0,0,0,9,10,E01023273,-1,0,0.11272,0.88728,-1,6,40,1,1,1,10:00,4,2,9
2023501367176,2023,501367176,1,1,1,2,43,7,3,0,0,0,0,0,9,7,E01019977,3,1,0.0,1.0,-1,6,40,1,1,1,18:03,6,2,9
2023991290514,2023,991290514,1,2,2,2,74,10,3,0,0,2,0,0,9,9,E01029672,3,1,0.0,1.0,-1,3,70,2,6,2,20:40,7,1,9
2023010454083,2023,010454083,1,1,1,1,17,4,3,0,0,0,0,0,-1,1,E01001957,-1,0,0.0,1.0,-1,3,20,2,5,2,00:12,1,2,-1
2023501345321,2023,501345321,2,1,1,1,34,6,3,0,0,0,0,0,1,7,E01020027,3,1,0.0,1.0,-1,6,60,5,1,2,10:57,7,3,1
2023552300649,2023,552300649,1,1,1,1,66,10,2,0,0,0,0,0,5,5,E01029230,-1,0,1.0,0.0,-1,6,50,1,1,1,12:12,1,1,5
2023131295184,2023,131295184,1,1,1,2,40,7,3,0,0,0,0,0,9,1,E01024875,3,1,0.0,1.0,-1,6,60,2,1,2,16:49,2,1,9
2023131312394,2023,131312394,2,2,1,1,24,5,3,0,0,0,0,0,9,5,E01011078,3,1,0.0,1.0,-1,6,30,1,1,1,09:15,1,2,9
2023351341417,2023,351341417,2,1,1,1,40,7,3,0,0,0,0,0,9,9,E01025343,3,1,0.0,1.0,-1,3,70,1,1,-1,18:34,3,2,9
2023552301484,2023,552301484,2,3,2,1,28,6,3,0,0,1,0,0,9,5,E01015456,-1,0,0.01283,0.98717,-1,6,30,1,1,2,13:16,5,2,9
2023010448128,2023,010448128,1,1,3,1,30,6,3,5,1,0,0,0,0,3,E01002768,-1,0,0.0,1.0,-1,3,20,9,1,1,08:00,5,1,2
2023061286618,2023,061286618,2,1,1,2,28,6,3,0,0,0,0,0,1,6,E01005078,3,1,0.0,1.0,-1,6,30,8,1,2,18:57,4,2,1
2023421389291,2023,421389291,1,3,1,2,54,8,2,0,0,0,0,0,3,4,E01016013,6,1,1.0,0.0,-1,3,50,1,1,1,11:56,1,2,3
2023061369794,2023,061369794,2,1,1,2,34,6,3,0,0,0,0,0,9,1,E01005342,3,1,0.0,1.0,-1,1,30,1,1,-1,15:25,2,2,9
2023522300552,2023,522300552,1,1,1,1,31,6,3,0,0,0,0,0,1,9,E01014851,-1,0,0.032,0.968,-1,6,20,1,1,1,08:18,3,2,1
2023320592795,2023,320592795,2,1,1,1,17,4,3,0,0,0,0,0,3,7,E01026188,-1,0,0.14702,0.85298,-1,6,30,1,1,1,18:35,7,2,3
2023061355503,2023,061355503,2,2,1,1,31,6,3,0,0,0,0,0,8,2,E01005460,3,1,0.0,1.0,-1,6,30,1,1,1,12:08,7,2,8
2023031326398,2023,031326398,1,1,1,1,42,7,3,0,0,0,0,0,9,-1,-1,3,1,0.0,1.0,-1,6,60,1,6,1,23:20,4,1,9
2023541431923,2023,541431923,2,1,1,2,17,4,3,0,0,0,0,0,9,4,E01032087,-1,0,0.0107,0.9893,-1,1,30,1,1,1,16:36,4,2,9
2023440137109,2023,440137109,1,1,3,1,35,6,3,9,9,0,0,0,0,9,E01022699,-1,0,0.1595,0.8405,-1,6,30,1,1,1,10:00,6,1,9
2023471318741,2023,471318741,2,1,1,1,42,7,2,0,0,0,0,0,3,1,E01016864,7,1,1.0,0.0,-1,6,20,1,1,1,20:05,4,2,3
2023052300316,2023,052300316,1,1,3,2,31,6,3,6,9,0,0,0,0,2,E01006656,-1,0,0.07683,0.92317,-1,6,30,1,1,1,17:05,4,1,1
2023131290707,2023,131290707,1,1,3,1,60,9,2,5,3,0,0,2,0,-1,-1,7,1,1.0,0.0,-1,6,30,1,4,1,22:08,1,1,9
2023461328476,2023,461328476,1,1,3,1,69,10,3,5,1,0,0,0,0,1,E01024666,3,1,0.0,1.0,-1,6,30,1,1,1,14:17,2,1,9
2023010432341,2023,010432341,1,1,1,1,21,5,3,0,0,0,0,0,3,2,E01000523,-1,0,0.0,1.0,-1,9,20,1,1,1,16:00,2,2,3
2023031360526,2023,031360526,1,1,1,1,56,9,2,0,0,0,0,0,9,5,E01025320,7,1,1.0,0.0,-1,6,30,2,1,2,11:21,7,2,9
2023201393261,2023,201393261,2,1,2,2,24,5,3,0,0,2,0,0,9,7,E01027149,3,1,0.0,1.0,-1,3,30,1,1,2,07:30,2,2,9
2023122300218,2023,122300218,2,2,1,1,45,7,2,0,0,0,0,0,19,1,E01032543,-1,0,1.0,0.0,-1,3,70,4,1,1,10:27,6,3,19
2023161397854,2023,161397854,1,1,1,1,30,6,2,0,0,0,0,0,9,2,E01033104,7,1,1.0,0.0,-1,3,70,4,5,1,19:45,5,2,9
2023311378979,2023,311378979,1,1,1,2,25,5,2,0,0,0,0,0,9,-1,-1,7,1,1.0,0.0,-1,3,40,1,4,2,22:32,7,2,9
2023361345512,2023,361345512,1,1,1,2,34,6,3,0,0,0,0,0,9,2,E01026844,3,1,0.0,1.0,-1,6,40,1,1,1,14:00,6,2,9
2023401337183,2023,401337183,2,1,1,1,49,8,3,0,0,0,0,0,9,4,E01015756,3,1,0.0,1.0,-1,9,30,1,1,-1,04:40,4,2,9
2023461302212,2023,461302212,2,2,1,2,76,11,3,0,0,0,0,0,9,5,E01024014,3,1,0.0,1.0,-1,6,40,1,1,1,14:47,4,2,9
2023622300901,2023,622300901,2,1,1,1,41,7,3,0,0,0,0,0,1,1,W01001694,-1,0,0.0343,0.9657,-1,6,20,1,1,1,16:21,1,2,1
2023631333347,2023,631333347,1,1,1,1,28,6,2,0,0,0,0,0,5,4,W01000750,5,1,1.0,0.0,-1,6,60,1,1,1,18:00,3,2,5
2023052302519,2023,052302519,1,2,1,2,33,6,3,0,0,0,0,0,9,6,E01006595,-1,0,0.0324,0.9676,-1,6,30,1,1,1,16:15,7,2,9
2023061332298,2023,061332298,3,2,2,1,49,8,3,0,0,1,0,0,9,1,E01005202,3,1,0.0,1.0,-1,6,30,2,1,2,18:39,7,6,9
2023201404653,2023,201404653,2,1,2,2,60,9,3,0,0,2,0,0,9,1,E01009400,3,1,0.0,1.0,-1,6,20,8,4,2,16:17,6,2,9
2023351286183,2023,351286183,2,2,2,2,-1,-1,3,0,0,-1,0,0,9,10,E01023657,3,1,0.0,1.0,-1,6,50,2,1,2,15:18,6,2,9
2023351379816,2023,351379816,1,1,1,2,87,11,3,0,0,0,0,0,9,9,E01018013,3,1,0.0,1.0,-1,6,30,1,1,1,15:44,6,2,9
2023041327600,2023,041327600,2,1,1,1,34,6,3,0,0,0,0,0,19,2,E01025285,3,1,0.0,1.0,-1,1,30,2,1,2,19:09,7,2,19
2023170S30243,2023,170S30243,1,2,2,1,33,6,3,0,0,1,0,0,9,4,E01012292,-1,0,0.00937,0.99063,-1,6,30,1,1,1,16:00,6,2,9
2023332300174,2023,332300174,1,1,1,2,28,6,3,0,0,0,0,0,9,8,E01025672,-1,0,0.00845,0.99155,-1,3,30,3,1,2,08:18,5,2,9
2023471319603,2023,471319603,1,5,2,2,23,5,3,0,0,2,0,0,9,9,E01031704,3,1,0.0,1.0,-1,1,50,1,4,1,20:35,6,2,9
2023101364935,2023,101364935,1,1,3,1,38,7,2,5,3,0,0,0,0,-1,-1,6,1,1.0,0.0,-1,3,50,1,5,1,02:03,2,1,9
2023052300400,2023,052300400,2,1,1,1,33,6,3,0,0,0,0,0,1,2,E01006763,-1,0,0.15784,0.84216,-1,6,30,1,1,1,15:30,2,2,1
2023122301415,2023,122301415,2,1,1,1,50,8,3,0,0,0,0,0,1,8,E01027680,-1,0,0.21383,0.78617,-1,6,60,1,1,1,14:27,1,2,1
2023131312206,2023,131312206,2,2,2,2,0,1,3,0,0,2,0,0,9,7,E01032490,3,1,0.0,1.0,-1,3,70,1,1,1,16:20,7,2,9
2023231319099,2023,231319099,1,1,1,1,37,7,1,0,0,0,0,0,9,-1,-1,1,1,0.0,0.0,-1,6,60,1,7,1,01:00,2,1,9
2023351325793,2023,351325793,2,1,1,2,24,5,3,0,0,0,0,0,9,6,E01015671,3,1,0.0,1.0,-1,3,30,1,1,-1,18:05,6,2,9
2023440042407,2023,440042407,2,1,1,1,31,6,3,0,0,0,0,0,9,6,E01023118,-1,0,0.08581,0.91419,-1,6,30,1,4,1,22:02,3,2,9
2023451329491,2023,451329491,2,2,2,2,46,8,2,0,0,2,0,0,9,5,E01030725,6,1,1.0,0.0,-1,6,30,2,1,2,13:45,6,2,9
2023991283136,2023,991283136,1,2,2,1,37,7,2,0,0,1,0,0,9,-1,-1,7,1,1.0,0.0,-1,6,60,1,6,1,00:06,1,1,9
2023221301276,2023,221301276,2,2,2,2,42,7,3,0,0,1,0,0,9,1,E01032434,3,1,0.0,1.0,-1,1,40,1,1,1,12:00,5,2,9
2023010453237,2023,010453237,1,1,3,1,27,6,3,5,3,0,0,0,0,2,E01002096,-1,0,0.0,1.0,-1,3,30,2,4,2,21:41,3,1,9