collision_index,collision_year,collision_ref_no,vehicle_reference,casualty_reference,casualty_class,sex_of_casualty,age_of_casualty,age_band_of_casualty,casualty_severity,pedestrian_location,pedestrian_movement,car_passenger,bus_or_coach_passenger,pedestrian_road_maintenance_worker,casualty_type,casualty_imd_decile,lsoa_of_casualty,enhanced_casualty_severity,casualty_injury_based,casualty_adjusted_severity_serious,casualty_adjusted_severity_slight,casualty_distance_banding,road_type,speed_limit,weather_conditions,light_conditions,road_surface_conditions,time,day_of_week,number_of_vehicles,vehicle_type
2023010447137,2023,010447137,2,1,1,2,29,6,3,0,0,0,0,0,9,2,E01000386,-1,0,0.0,1.0,-1,1,30,1,1,1,13:55,2,3,9
2023421326445,2023,421326445,2,1,1,2,29,6,3,0,0,0,0,0,9,7,E01027186,3,1,0.0,1.0,-1,3,40,1,1,1,19:30,4,2,9
2023461306726,2023,461306726,1,2,2,1,19,4,3,0,0,1,0,0,9,-1,-1,3,1,0.0,1.0,-1,6,30,8,1,2,09:03,6,2,9
2023461351917,2023,461351917,1,1,1,2,29,6,3,0,0,0,0,0,9,10,E01016050,3,1,0.0,1.0,-1,3,30,1,1,1,15:30,1,2,9
202360A170247,2023,60A170247,1,1,1,1,77,11,3,0,0,0,0,0,9,-1,-1,-1,0,0.08516,0.91484,-1,6,20,1,1,1,08:18,3,2,9
2023461383817,2023,461383817,1,1,1,1,21,5,3,0,0,0,0,0,90,8,E01030838,3,1,0.0,1.0,-1,6,30,1,1,1,11:37,7,2,90
2023010419537,2023,010419537,1,1,3,1,34,6,1,1,3,0,0,0,0,4,E01001037,-1,0,0.0,0.0,-1,6,30,2,4,2,19:12,3,1,9
2023501305986,2023,501305986,1,1,3,1,34,6,3,8,3,0,0,-1,0,10,E01019943,3,1,0.0,1.0,-1,1,30,2,1,2,17:17,3,1,9
2023010458597,2023,010458597,1,1,1,2,31,6,3,0,0,0,0,0,3,6,E01002169,-1,0,0.0,1.0,-1,6,30,1,1,1,18:05,3,2,3
2023101278456,2023,101278456,2,1,1,1,37,7,2,0,0,0,0,0,3,2,E01008457,7,1,1.0,0.0,-1,6,30,1,4,1,18:00,5,2,3
2023010428255,2023,010428255,1,1,1,1,31,6,3,0,0,0,0,0,4,3,E01003605,-1,0,0.0,1.0,-1,7,20,9,1,9,13:35,4,2,4
2023070842937,2023,070842937,1,2,1,1,71,10,3,0,0,0,0,0,9,6,E01018382,-1,0,0.1179,0.8821,-1,6,50,1,1,1,09:00,3,2,9
2023221350252,2023,221350252,1,2,2,1,19,4,2,0,0,2,0,0,9,7,E01014112,7,1,1.0,0.0,-1,6,30,1,6,1,21:20,5,2,9
2023430245077,2023,430245077,2,2,2,1,30,6,2,0,0,1,0,0,9,4,E01023859,-1,0,1.0,0.0,-1,6,50,1,1,1,12:49,1,4,9
2023461263900,2023,461263900,1,1,1,2,54,8,3,0,0,0,0,0,9,2,E01016018,3,1,0.0,1.0,-1,6,30,1,1,1,10:30,1,2,9
2023461278188,2023,461278188,2,1,1,2,50,8,3,0,0,0,0,0,9,7,E01024727,3,1,0.0,1.0,-1,6,40,7,1,1,08:00,2,2,9
2023991276802,2023,991276802,2,1,1,1,78,11,3,0,0,0,0,0,9,10,-1,3,1,0.0,1.0,-1,6,20,1,1,1,14:30,3,2,9
2023211342081,2023,211342081,2,1,1,1,64,9,2,0,0,0,0,0,1,7,E01029863,5,1,1.0,0.0,-1,6,40,1,1,1,13:15,3,2,1
2023010428532,2023,010428532,2,1,1,1,30,6,3,0,0,0,0,0,9,4,E01021274,-1,0,0.0,1.0,-1,3,50,9,1,2,09:09,4,2,9
2023041366718,2023,041366718,2,1,1,2,63,9,2,0,0,0,0,0,9,9,E01025254,7,1,1.0,0.0,-1,3,30,1,1,1,07:50,3,2,9
2023041381706,2023,041381706,2,3,2,2,72,10,3,0,0,2,0,0,9,6,E01025568,3,1,0.0,1.0,-1,3,70,2,4,2,17:05,7,2,9
2023052300667,2023,052300667,2,2,2,1,60,9,3,0,0,1,0,0,9,6,E01024949,-1,0,0.06342,0.93658,-1,3,40,1,1,1,08:20,2,2,9
2023361305577,2023,361305577,1,1,1,1,23,5,3,0,0,0,0,0,9,4,E01026725,3,1,0.0,1.0,-1,6,60,1,1,2,06:25,4,1,9
2023461291885,2023,461291885,1,1,3,1,61,9,3,4,9,0,0,0,0,1,E01024710,3,1,0.0,1.0,-1,2,30,1,1,1,12:05,2,1,1
2023351384213,2023,351384213,2,1,1,2,26,6,3,0,0,0,0,0,1,8,E01017984,3,1,0.0,1.0,-1,6,30,1,1,1,08:50,5,2,1
2023041307830,2023,041307830,2,1,1,1,39,7,3,0,0,0,0,0,9,10,E01012567,3,1,0.0,1.0,-1,7,60,1,1,1,17:45,7,2,9
2023421306692,2023,421306692,1,1,1,2,25,5,3,0,0,0,0,0,9,6,E01015925,3,1,0.0,1.0,-1,6,30,2,1,2,11:54,6,2,9
2023201336997,2023,201336997,2,2,1,1,12,3,3,0,0,0,0,0,1,6,E01010233,3,1,0.0,1.0,-1,6,30,1,1,1,08:20,5,2,1
2023302301204,2023,302301204,1,2,2,2,5,1,3,0,0,2,0,0,9,-1,-1,-1,0,0.03363,0.96637,-1,3,30,1,1,2,17:09,5,2,9
2023451372661,2023,451372661,1,1,1,2,44,7,3,0,0,0,0,0,9,10,E01022897,3,1,0.0,1.0,-1,3,50,1,1,2,14:50,4,1,9
2023010463986,2023,010463986,1,1,1,1,21,5,3,0,0,0,0,0,3,3,E01003113,-1,0,0.0,1.0,-1,6,20,1,1,1,12:00,7,2,3
2023161361631,2023,161361631,1,3,2,2,19,4,3,0,0,1,0,0,9,2,E01012884,3,1,0.0,1.0,-1,6,30,1,1,1,18:00,3,2,9
2023332300100,2023,332300100,1,1,1,1,37,7,3,0,0,0,0,0,9,-1,-1,-1,0,0.03987,0.96013,-1,6,60,1,6,1,06:55,5,2,9
2023010485443,2023,010485443,1,1,3,2,27,6,3,1,1,0,0,0,0,3,E01004037,-1,0,0.0,1.0,-1,6,20,9,1,1,06:20,3,1,9
2023622300687,2023,622300687,1,1,3,2,25,5,3,9,5,0,0,0,0,3,W01001140,-1,0,0.10872,0.89128,-1,6,30,1,7,1,00:57,1,1,9
2023161353612,2023,161353612,2,1,1,2,65,9,3,0,0,0,0,0,1,2,E01012763,3,1,0.0,1.0,-1,3,30,1,1,2,08:43,2,2,1
2023501346222,2023,501346222,1,1,1,1,20,4,2,0,0,0,0,0,1,-1,-1,7,1,1.0,0.0,-1,6,60,1,1,1,16:02,2,2,1
2023401280135,2023,401280135,1,1,1,2,47,8,3,0,0,0,0,0,9,7,E01017584,3,1,0.0,1.0,-1,3,30,1,4,1,19:20,2,2,9
2023010441676,2023,010441676,2,1,1,1,52,8,2,0,0,0,0,0,1,1,E01001740,-1,0,1.0,0.0,-1,6,20,1,1,1,19:37,1,2,1
2023201311856,2023,201311856,2,1,1,1,16,4,3,0,0,0,0,0,1,4,E01009524,3,1,0.0,1.0,-1,6,20,1,1,1,16:59,4,2,1
2023010425534,2023,010425534,2,1,1,1,25,5,3,0,0,0,0,0,2,5,E01002119,-1,0,0.0,1.0,-1,3,30,1,4,1,21:08,1,2,2
2023010461662,2023,010461662,1,1,1,2,36,7,3,0,0,0,0,0,3,4,E01001618,-1,0,0.0,1.0,-1,1,30,9,7,9,21:20,6,2,3
2023531305600,2023,531305600,1,1,1,1,29,6,3,0,0,0,0,0,3,8,E01032938,3,1,0.0,1.0,-1,6,30,1,1,2,07:20,4,2,3
2023010453448,2023,010453448,1,1,1,1,72,10,3,0,0,0,0,0,9,4,E01001609,-1,0,0.0,1.0,-1,6,30,2,1,2,15:20,4,3,9
2023622301013,2023,622301013,1,1,1,1,41,7,2,0,0,0,0,0,19,9,W01001679,-1,0,1.0,0.0,-1,6,40,1,1,1,13:17,6,2,19
2023430499163,2023,430499163,1,1,3,2,69,10,3,1,1,0,0,0,0,-1,-1,-1,0,0.21566,0.78434,-1,6,30,1,1,1,13:00,2,1,9
2023052301385,2023,052301385,1,1,1,2,25,5,2,0,0,0,0,0,3,1,E01006905,-1,0,1.0,0.0,-1,6,30,1,1,1,15:36,2,1,3
2023311343847,2023,311343847,3,2,1,1,55,8,3,0,0,0,0,0,9,8,E01028353,3,1,0.0,1.0,-1,6,40,8,1,1,10:12,2,3,9
2023332300867,2023,332300867,1,1,1,2,18,4,3,0,0,0,0,0,9,7,E01025889,-1,0,0.04019,0.95981,-1,6,60,1,6,1,21:30,1,1,9
2023421333119,2023,421333119,2,2,1,1,49,8,3,0,0,0,0,0,9,2,E01021319,3,1,0.0,1.0,-1,6,30,1,1,1,09:27,3,2,9
2023451307913,2023,451307913,1,5,2,2,11,3,3,0,0,2,0,0,9,-1,-1,3,1,0.0,1.0,-1,3,70,1,1,1,09:50,2,2,9
2023552300367,2023,552300367,1,2,2,2,71,10,3,0,0,1,0,0,9,-1,-1,-1,0,0.1069,0.8931,-1,6,60,2,1,2,08:39,4,2,9
2023520300660,2023,520300660,1,1,3,1,18,4,3,10,9,0,0,0,0,5,E01029043,-1,0,0.12753,0.87247,-1,6,20,1,1,4,13:17,5,1,9
2023440336740,2023,440336740,5,4,1,1,38,7,2,0,0,0,0,0,1,10,E01022534,-1,0,1.0,0.0,-1,6,40,1,1,1,12:22,1,5,1
2023221368415,2023,221368415,2,1,1,1,58,9,3,0,0,0,0,0,1,8,E01032400,3,1,0.0,1.0,-1,6,30,1,1,2,08:35,5,2,1
2023231331464,2023,231331464,1,1,1,1,37,7,2,0,0,0,0,0,1,6,E01031271,7,1,1.0,0.0,-1,6,30,1,1,1,17:50,4,2,1
2023430557936,2023,430557936,1,1,1,1,24,5,3,0,0,0,0,0,1,7,E01016680,-1,0,0.03661,0.96339,-1,1,30,2,1,2,15:25,1,2,1
2023010430333,2023,010430333,1,1,1,1,40,7,3,0,0,0,0,0,9,1,E01002099,-1,0,0.0,1.0,-1,3,20,1,4,1,02:45,7,1,9
2023010443485,2023,010443485,1,1,2,1,2,1,3,0,0,2,0,0,9,3,E01000024,-1,0,0.0,1.0,-1,6,30,1,1,1,09:10,4,1,9
2023061374627,2023,061374627,1,1,1,2,72,10,3,0,0,0,0,0,9,-1,-1,3,1,0.0,1.0,-1,6,30,2,4,2,19:20,3,2,9
2023201316300,2023,201316300,1,1,1,1,21,5,3,0,0,0,0,0,9,5,E01009561,3,1,0.0,1.0,-1,6,30,1,1,2,19:30,2,2,9
2023201377080,2023,201377080,2,1,1,2,37,7,3,0,0,0,0,0,9,1,E01010527,3,1,0.0,1.0,-1,6,30,1,1,1,20:28,1,2,9
2023520300570,2023,520300570,1,2,2,1,16,4,3,0,0,2,0,0,9,5,E01029215,-1,0,0.08321,0.91679,-1,6,60,4,1,2,09:53,6,1,9
2023411298315,2023,411298315,1,1,1,1,56,9,3,0,0,0,0,0,8,4,E01023620,3,1,0.0,1.0,-1,1,30,1,4,1,20:38,1,2,8
2023311273829,2023,311273829,1,1,2,1,17,4,3,0,0,1,0,0,9,-1,-1,3,1,0.0,1.0,-1,6,30,1,1,1,12:41,3,2,9
2023461268110,2023,461268110,2,1,1,1,37,7,3,0,0,0,0,0,19,8,E01016099,3,1,0.0,1.0,-1,6,30,1,1,2,10:33,2,2,19
2023131390120,2023,131390120,1,2,2,2,13,3,3,0,0,0,4,0,11,8,E01010931,3,1,0.0,1.0,-1,6,30,1,1,1,15:30,2,1,11
2023461382106,2023,461382106,2,2,1,2,56,9,2,0,0,0,0,0,9,5,E01024198,6,1,1.0,0.0,-1,6,40,2,4,2,17:20,1,2,9
2023991302557,2023,991302557,2,2,2,2,3,1,3,0,0,2,0,0,9,-1,-1,3,1,0.0,1.0,-1,6,60,1,6,2,21:45,1,2,9
2023010453094,2023,010453094,1,1,3,2,41,7,3,1,1,0,0,0,0,10,E01003871,-1,0,0.0,1.0,-1,9,30,1,1,1,15:30,7,1,9
2023131261256,2023,131261256,1,1,3,2,34,6,2,8,1,0,0,2,0,5,E01032495,7,1,1.0,0.0,-1,6,30,2,4,2,17:54,2,1,9
2023010435143,2023,010435143,2,1,1,2,27,6,3,0,0,0,0,0,3,4,E01004465,-1,0,0.0,1.0,-1,6,30,2,1,2,06:52,6,2,3
2023552301130,2023,552301130,1,1,1,1,33,6,3,0,0,0,0,0,9,-1,-1,-1,0,0.15024,0.84976,-1,6,60,2,6,2,22:24,1,1,9
2023231377402,2023,231377402,1,1,3,1,59,9,2,9,7,0,0,0,0,7,E01031213,5,1,1.0,0.0,-1,6,60,1,6,2,19:40,7,1,19
2023501364581,2023,501364581,1,1,3,2,48,8,2,9,9,0,0,0,0,4,E01019972,5,1,1.0,0.0,-1,6,30,1,1,1,11:15,6,1,19
2023141349764,2023,141349764,2,1,1,1,25,5,3,0,0,0,0,0,1,4,E01007445,3,1,0.0,1.0,-1,6,30,1,1,1,18:30,4,2,1
2023010446348,2023,010446348,1,1,1,1,24,5,3,0,0,0,0,0,3,2,E01003243,-1,0,0.0,1.0,-1,9,20,1,1,1,13:44,4,2,3
2023201313629,2023,201313629,2,2,1,2,45,7,3,0,0,0,0,0,9,9,E01031315,3,1,0.0,1.0,-1,3,50,1,4,2,18:02,2,3,9
2023411354749,2023,411354749,2,2,1,1,66,10,3,0,0,0,0,0,9,8,E01002238,3,1,0.0,1.0,-1,6,60,1,4,1,20:40,4,2,9
2023522400034,2023,522400034,4,1,2,1,22,5,2,0,0,0,0,0,10,10,E01014878,-1,0,1.0,0.0,-1,6,60,1,7,1,23:20,6,4,10
2023471308388,2023,471308388,2,1,2,2,66,10,2,0,0,0,3,0,11,-1,-1,7,1,1.0,0.0,-1,6,30,1,1,1,18:36,4,2,11
2023052301908,2023,052301908,2,1,1,1,24,5,3,0,0,0,0,0,9,1,E01006707,-1,0,0.00762,0.99238,-1,3,30,1,1,1,10:50,6,3,9
2023461292262,2023,461292262,2,2,2,2,29,6,3,0,0,1,0,0,9,5,E01016034,3,1,0.0,1.0,-1,1,50,1,1,1,11:25,6,2,9
2023010436457,2023,010436457,1,2,2,-1,-1,-1,3,0,0,1,0,0,9,6,E01002331,-1,0,0.0,1.0,-1,6,30,1,1,1,10:25,7,3,9
2023540538223,2023,540538223,1,1,1,1,67,10,3,0,0,0,0,0,9,6,E01032051,-1,0,0.11282,0.88718,-1,6,60,1,6,4,17:28,2,1,9
2023010461305,2023,010461305,2,1,1,1,32,6,3,0,0,0,0,0,1,1,E01004214,-1,0,0.0,1.0,-1,6,20,2,4,2,20:47,6,2,1
2023351344761,2023,351344761,2,1,1,1,49,8,3,0,0,0,0,0,1,7,E01018065,3,1,0.0,1.0,-1,1,40,1,1,-1,17:30,2,2,1
2023010477240,2023,010477240,2,1,1,1,35,6,2,0,0,0,0,0,4,10,E01030395,-1,0,1.0,0.0,-1,6,30,1,4,1,18:30,6,2,4
2023141362576,2023,141362576,1,1,1,1,24,5,2,0,0,0,0,0,9,1,E01007547,6,1,1.0,0.0,-1,6,40,1,7,1,23:50,4,1,9
2023211340119,2023,211340119,2,4,2,2,48,8,2,0,0,1,0,0,9,-1,-1,5,1,1.0,0.0,-1,6,60,1,1,1,09:03,1,2,9
2023320669005,2023,320669005,2,1,1,2,69,10,3,0,0,0,0,0,9,2,E01026006,-1,0,0.10465,0.89535,-1,6,50,1,1,1,11:30,7,2,9
2023131274489,2023,131274489,1,1,3,1,10,2,3,4,2,0,0,2,0,4,E01011876,3,1,0.0,1.0,-1,6,30,1,1,1,08:00,5,2,9
2023010457639,2023,010457639,1,1,1,2,23,5,3,0,0,0,0,0,9,8,E01002945,-1,0,0.0,1.0,-1,6,20,1,1,1,11:26,5,2,9
2023010482092,2023,010482092,2,1,1,2,56,9,3,0,0,0,0,0,9,10,E01023559,-1,0,0.0,1.0,-1,9,20,1,1,1,12:10,3,2,9
2023440457045,2023,440457045,3,3,2,2,70,10,3,0,0,1,0,0,9,5,E01023027,-1,0,0.16959,0.83041,-1,6,60,1,1,2,14:45,4,3,9
2023010421040,2023,010421040,1,1,3,1,21,5,2,5,1,0,0,0,0,4,E01001233,-1,0,1.0,0.0,-1,6,20,1,1,2,09:00,2,1,9
2023161316893,2023,161316893,1,1,3,1,12,3,2,5,3,0,0,2,0,1,E01013218,7,1,1.0,0.0,-1,6,20,1,1,1,15:25,6,1,9
2023201371312,2023,201371312,1,1,3,2,37,7,3,6,9,0,0,0,0,2,E01010403,3,1,0.0,1.0,-1,6,30,1,4,1,02:34,6,1,11
2023010425805,2023,010425805,1,1,1,1,45,7,3,0,0,0,0,0,3,3,E01015293,-1,0,0.0,1.0,-1,1,20,1,1,1,16:10,3,2,3
2023010479890,2023,010479890,1,1,1,-1,18,4,3,0,0,0,0,0,3,1,E01003087,-1,0,0.0,1.0,-1,9,20,9,1,9,08:30,4,2,3
2023101346292,2023,101346292,2,1,1,1,36,7,3,0,0,0,0,0,9,2,E01008757,3,1,0.0,1.0,-1,6,30,1,1,1,17:35,7,3,9
2023411366050,2023,411366050,2,1,1,1,43,7,3,0,0,0,0,0,9,8,E01002450,3,1,0.0,1.0,-1,6,30,1,1,1,09:30,1,2,9
2023430010777,2023,430010777,2,3,1,1,33,6,3,0,0,0,0,0,9,10,E01032763,-1,0,0.03517,0.96483,-1,6,30,1,1,2,14:57,1,2,9
2023010474642,2023,010474642,2,1,1,1,55,8,3,0,0,0,0,0,9,2,E01003335,-1,0,0.0,1.0,-1,3,20,2,4,2,03:37,1,2,9
2023131288038,2023,131288038,2,1,1,2,54,8,3,0,0,0,0,0,9,4,E01010675,3,1,0.0,1.0,-1,6,30,1,4,2,00:20,7,2,9
2023302301411,2023,302301411,1,3,2,2,5,1,3,0,0,2,0,0,9,2,E01010263,-1,0,0.1378,0.8622,-1,3,70,1,4,1,23:30,7,1,9
2023552300710,2023,552300710,1,2,1,2,24,5,3,0,0,0,0,0,9,6,E01015369,-1,0,0.02369,0.97631,-1,6,30,1,1,1,17:45,4,2,9
2023131347631,2023,131347631,2,1,1,2,29,6,3,0,0,0,0,0,9,1,E01010676,3,1,0.0,1.0,-1,6,30,1,4,1,22:00,4,2,9
2023201286891,2023,201286891,2,2,2,2,11,3,3,0,0,1,0,0,9,-1,-1,3,1,0.0,1.0,-1,6,30,1,1,2,08:15,2,2,9
2023461347048,2023,461347048,1,3,2,2,16,4,3,0,0,1,0,0,9,8,E01032818,3,1,0.0,1.0,-1,6,60,2,6,2,00:56,4,1,9
2023991279937,2023,991279937,2,1,1,1,54,8,3,0,0,0,0,0,9,9,-1,3,1,0.0,1.0,-1,6,60,1,1,1,16:09,6,2,9
2023010465512,2023,010465512,2,1,1,1,36,7,3,0,0,0,0,0,1,-1,-1,-1,0,0.0,1.0,-1,6,20,1,1,1,10:25,3,2,1
2023010473363,2023,010473363,1,1,1,1,36,7,3,0,0,0,0,0,9,10,E01017563,-1,0,0.0,1.0,-1,3,40,1,4,1,05:45,1,2,9
2023061332099,2023,061332099,1,1,2,1,19,4,3,0,0,1,0,0,9,1,E01005223,3,1,0.0,1.0,-1,6,30,1,1,1,17:00,4,3,9
2023361271216,2023,361271216,1,2,1,1,24,5,3,0,0,0,0,0,9,3,E01026455,3,1,0.0,1.0,-1,6,60,1,1,1,14:05,4,2,9
2023401330238,2023,401330238,2,2,2,2,47,8,3,0,0,2,0,0,9,3,E01015788,3,1,0.0,1.0,-1,6,30,1,1,-1,12:05,3,2,9
202360A059289,2023,60A059289,2,2,1,1,53,8,3,0,0,0,0,0,9,-1,-1,-1,0,0.14738,0.85262,-1,6,60,1,1,1,17:30,1,2,9
2023211296446,2023,211296446,1,1,1,1,19,4,3,0,0,0,0,0,19,6,E01014228,3,1,0.0,1.0,-1,7,30,1,1,1,17:48,4,2,19
2023161335613,2023,161335613,1,1,2,1,33,6,3,0,0,1,0,0,9,7,E01033108,3,1,0.0,1.0,-1,3,40,1,1,1,15:35,7,2,9
2023440480998,2023,440480998,1,1,2,1,22,5,3,0,0,2,0,0,9,1,W01001381,-1,0,0.02491,0.97509,-1,6,50,1,1,1,10:54,6,2,9
2023520000472,2023,520000472,1,1,1,2,47,8,3,0,0,0,0,0,9,2,E01014834,-1,0,0.01611,0.98389,-1,6,60,1,1,1,16:00,1,2,9
2023010477953,2023,010477953,1,1,1,2,61,9,3,0,0,0,0,0,1,4,E01000965,-1,0,0.0,1.0,-1,1,20,2,1,2,15:05,3,2,1
2023010425335,2023,010425335,2,1,1,1,34,6,2,0,0,0,0,0,3,5,E01003028,-1,0,1.0,0.0,-1,6,20,1,1,1,14:04,7,2,3
2023010478426,2023,010478426,2,1,1,2,65,9,2,0,0,0,0,0,1,7,E01004512,-1,0,1.0,0.0,-1,6,20,2,4,2,17:00,5,2,1
2023201351110,2023,201351110,1,1,2,1,19,4,2,0,0,1,0,0,9,-1,-1,5,1,1.0,0.0,-1,6,30,1,4,1,01:45,2,1,9
2023221310419,2023,221310419,2,1,1,2,66,10,3,0,0,0,0,0,9,7,E01032344,3,1,0.0,1.0,-1,6,60,1,1,1,17:01,7,2,9
2023991355867,2023,991355867,1,1,1,1,40,7,3,0,0,0,0,0,9,6,-1,3,1,0.0,1.0,-1,6,60,5,6,2,01:46,2,1,9
2023052300021,2023,052300021,2,1,1,1,34,6,3,0,0,0,0,0,9,1,E01006440,-1,0,0.05608,0.94392,-1,3,30,1,1,2,14:10,1,2,9
2023302301676,2023,302301676,2,3,2,1,54,8,2,0,0,1,0,0,9,9,E01019778,-1,0,1.0,0.0,-1,6,60,7,6,2,20:15,3,2,9
2023332300038,2023,332300038,1,1,1,1,77,11,3,0,0,0,0,0,9,10,E01031123,-1,0,0.04125,0.95875,-1,6,30,1,1,1,11:50,1,2,9
2023471295173,2023,471295173,1,1,1,1,67,10,3,0,0,0,0,0,9,6,E01021110,3,1,0.0,1.0,-1,6,30,1,1,1,17:29,2,2,9
2023531316891,2023,531316891,1,1,1,2,62,9,3,0,0,0,0,0,9,7,E01015010,3,1,0.0,1.0,-1,3,70,1,1,1,09:23,6,1,9
2023302301098,2023,302301098,2,1,1,2,41,7,3,0,0,0,0,0,1,6,E01019866,-1,0,0.09076,0.90924,-1,1,60,2,1,2,19:05,3,2,1
2023461321848,2023,461321848,2,2,1,1,36,7,2,0,0,0,0,0,8,3,E01024047,7,1,1.0,0.0,-1,1,40,1,4,1,03:11,1,2,8
2023991316774,2023,991316774,1,1,1,1,31,6,3,0,0,0,0,0,9,3,-1,3,1,0.0,1.0,-1,3,50,1,1,1,10:55,6,3,9
2023471333301,2023,471333301,1,1,1,2,72,10,3,0,0,0,0,0,9,8,E01021197,3,1,0.0,1.0,-1,3,70,1,1,1,15:00,3,2,9
2023991338371,2023,991338371,1,1,1,2,22,5,1,0,0,0,0,0,9,7,-1,1,1,0.0,0.0,-1,6,60,1,6,1,04:10,7,1,9
2023052301440,2023,052301440,1,1,1,2,45,7,3,0,0,0,0,0,-1,3,E01006521,-1,0,0.16973,0.83027,-1,6,30,1,4,2,22:39,7,1,-1
2023351386580,2023,351386580,2,1,1,2,26,6,3,0,0,0,0,0,1,9,E01017988,3,1,0.0,1.0,-1,6,30,2,1,2,13:14,1,2,1
2023522300987,2023,522300987,2,1,1,2,17,4,3,0,0,0,0,0,1,10,E01014897,-1,0,0.06687,0.93313,-1,6,30,1,1,1,16:40,5,2,1
2023411355980,2023,411355980,2,1,1,1,24,5,2,0,0,0,0,0,2,4,E01017581,6,1,1.0,0.0,-1,6,50,2,1,2,16:11,4,2,2
2023371391466,2023,371391466,2,1,1,1,62,9,3,0,0,0,0,0,9,10,E01030181,3,1,0.0,1.0,-1,6,60,1,1,2,14:50,6,2,9
2023440278135,2023,440278135,3,4,2,2,61,9,3,0,0,1,0,0,9,3,E01022732,-1,0,0.07595,0.92405,-1,3,40,1,1,1,12:40,3,3,9
2023451370453,2023,451370453,1,1,2,2,51,8,2,0,0,1,0,0,9,10,E01030855,6,1,1.0,0.0,-1,6,60,2,1,2,14:50,6,2,9
2023010431177,2023,010431177,1,1,3,2,24,5,2,1,3,0,0,0,0,8,E01004143,-1,0,1.0,0.0,-1,3,30,2,5,2,17:45,4,1,1
2023552300902,2023,552300902,1,1,3,2,76,11,2,5,3,0,0,0,0,10,E01020366,-1,0,1.0,0.0,-1,6,30,1,1,1,17:48,3,1,9
2023161274208,2023,161274208,2,1,1,1,26,6,2,0,0,0,0,0,1,7,E01012815,7,1,1.0,0.0,-1,3,40,1,4,1,17:00,4,2,1
2023201416094,2023,201416094,3,3,2,1,77,11,3,0,0,1,0,0,9,4,E01009238,3,1,0.0,1.0,-1,6,30,1,1,1,11:57,1,4,9
2023522400999,2023,522400999,1,1,1,1,29,6,3,0,0,0,0,0,9,3,E01014926,-1,0,0.01732,0.98268,-1,3,30,1,4,2,18:01,4,3,9
2023141376006,2023,141376006,1,1,1,2,23,5,2,0,0,0,0,0,9,1,E01007634,7,1,1.0,0.0,-1,6,60,1,6,1,00:34,1,1,9
2023010452389,2023,010452389,1,1,1,1,31,6,3,0,0,0,0,0,1,4,E01004658,-1,0,0.0,1.0,-1,2,20,1,7,1,04:50,6,2,1
2023411397110,2023,411397110,1,1,1,2,32,6,3,0,0,0,0,0,9,6,E01000924,3,1,0.0,1.0,-1,3,30,1,4,1,16:58,7,2,9
2023461287293,2023,461287293,2,1,1,2,20,4,3,0,0,0,0,0,9,8,E01024354,3,1,0.0,1.0,-1,6,30,1,1,1,09:50,1,2,9
2023991358133,2023,991358133,2,1,1,1,23,5,3,0,0,0,0,0,9,2,-1,3,1,0.0,1.0,-1,3,60,1,6,2,05:17,7,2,9
2023010455358,2023,010455358,1,1,2,2,86,11,3,0,0,0,3,0,11,3,E01000545,-1,0,0.0,1.0,-1,6,30,1,1,1,16:00,7,2,11
2023401297326,2023,401297326,2,2,2,1,31,6,2,0,0,0,0,0,21,6,E01026331,5,1,1.0,0.0,-1,6,30,1,1,1,15:02,3,2,21
2023010464533,2023,010464533,1,1,3,2,69,10,3,6,9,0,0,0,0,5,E01003948,-1,0,0.0,1.0,-1,6,20,1,1,1,13:00,4,1,-1
2023231359194,2023,231359194,2,1,1,2,59,9,2,0,0,0,0,0,1,7,E01031224,7,1,1.0,0.0,-1,6,50,5,1,2,09:34,3,2,1
2023010448526,2023,010448526,1,1,1,1,30,6,3,0,0,0,0,0,3,4,E01004142,-1,0,0.0,1.0,-1,3,30,1,1,1,12:41,2,2,3
2023010465646,2023,010465646,2,2,2,1,25,5,2,0,0,1,0,0,9,2,E01001746,-1,0,1.0,0.0,-1,3,20,1,4,1,02:35,4,2,9
2023131279417,2023,131279417,2,1,1,1,34,6,3,0,0,0,0,0,9,4,E01011153,3,1,0.0,1.0,-1,6,30,1,4,1,00:22,4,2,9
2023320724416,2023,320724416,1,1,1,1,21,5,3,0,0,0,0,0,9,1,E01026109,-1,0,0.06539,0.93461,-1,6,60,1,1,1,08:00,5,1,9
2023340WN4962,2023,340WN4962,3,2,1,1,49,8,3,0,0,0,0,0,9,8,E01027008,-1,0,0.09748,0.90252,-1,6,60,1,6,1,20:20,3,3,9
2023471266958,2023,471266958,1,1,1,1,62,9,3,0,0,0,0,0,19,8,E01021180,3,1,0.0,1.0,-1,6,30,1,1,2,13:20,2,1,19
2023010432845,2023,010432845,1,1,3,2,61,9,3,1,3,0,0,0,0,7,E01001929,-1,0,0.0,1.0,-1,6,20,1,1,2,11:40,7,1,9
2023430471735,2023,430471735,1,1,3,2,25,5,2,4,3,0,0,0,0,6,E01016704,-1,0,1.0,0.0,-1,6,40,1,1,1,07:09,6,1,8
2023430338671,2023,430338671,1,1,1,1,58,9,3,0,0,0,0,0,9,8,E01023907,-1,0,0.00509,0.99491,-1,6,30,2,1,2,15:15,1,2,9