collision_index,collision_year,collision_ref_no,vehicle_reference,casualty_reference,casualty_class,sex_of_casualty,age_of_casualty,age_band_of_casualty,casualty_severity,pedestrian_location,pedestrian_movement,car_passenger,bus_or_coach_passenger,pedestrian_road_maintenance_worker,casualty_type,casualty_imd_decile,lsoa_of_casualty,enhanced_casualty_severity,casualty_injury_based,casualty_adjusted_severity_serious,casualty_adjusted_severity_slight,casualty_distance_banding,road_type,speed_limit,weather_conditions,light_conditions,road_surface_conditions,time,day_of_week,number_of_vehicles,vehicle_type
2023041350828,2023,041350828,2,2,1,1,30,6,3,0,0,0,0,0,11,2,E01012579,3,1,0.0,1.0,-1,6,30,1,1,1,15:05,5,3,11
2023122301089,2023,122301089,1,1,1,2,45,7,3,0,0,0,0,0,9,6,E01027871,-1,0,0.05587,0.94413,-1,6,60,1,1,1,15:09,4,2,9
2023340WN3512,2023,340WN3512,2,1,1,1,24,5,3,0,0,0,0,0,9,7,E01033509,-1,0,0.01226,0.98774,-1,3,70,1,1,1,16:45,6,2,9
2023340WN4762,2023,340WN4762,2,2,2,2,6,2,3,0,0,2,0,0,9,-1,-1,-1,0,0.0761,0.9239,-1,6,60,1,1,1,09:00,4,2,9
2023531276448,2023,531276448,2,1,1,2,21,5,3,0,0,0,0,0,9,4,E01022326,3,1,0.0,1.0,-1,6,30,1,1,2,09:15,4,2,9
2023991358086,2023,991358086,2,2,1,1,60,9,2,0,0,0,0,0,9,9,-1,7,1,1.0,0.0,-1,6,60,1,1,1,09:45,3,3,9
2023430350434,2023,430350434,1,1,3,1,53,8,2,9,8,0,0,0,0,6,E01028813,-1,0,1.0,0.0,-1,6,60,1,6,1,00:30,2,1,9
2023361334509,2023,361334509,1,1,3,1,39,7,3,5,2,0,0,0,0,4,E01021863,3,1,0.0,1.0,-1,2,30,1,1,1,18:29,6,1,9
2023421366372,2023,421366372,2,1,1,1,12,3,2,0,0,0,0,0,1,9,E01021579,7,1,1.0,0.0,-1,6,30,9,1,1,07:55,6,2,1
2023631351076,2023,631351076,1,1,1,1,24,5,3,0,0,0,0,0,5,2,W01000594,3,1,0.0,1.0,-1,6,30,1,1,1,18:00,7,3,5
2023010467549,2023,010467549,1,1,1,1,6,2,3,0,0,0,0,0,1,2,E01002669,-1,0,0.0,1.0,-1,9,20,1,1,2,08:40,5,2,1
2023501341995,2023,501341995,1,2,2,2,69,10,3,0,0,0,0,0,5,7,E01029275,3,1,0.0,1.0,-1,6,60,1,1,1,15:15,3,1,5
2023170H10803,2023,170H10803,1,1,3,2,16,4,3,5,1,0,0,0,0,-1,-1,-1,0,0.04821,0.95179,-1,6,30,1,1,1,08:55,6,1,9
2023122301236,2023,122301236,3,3,2,1,41,7,3,0,0,1,0,0,19,8,E01027728,-1,0,0.03086,0.96914,-1,6,40,1,1,1,16:15,2,4,19
2023122300130,2023,122300130,2,1,1,1,65,9,2,0,0,0,0,0,1,2,E01027854,-1,0,1.0,0.0,-1,9,30,1,1,1,11:48,5,2,1
2023461373841,2023,461373841,1,1,1,1,53,8,3,0,0,0,0,0,9,6,E01001419,3,1,0.0,1.0,-1,3,70,2,6,2,00:30,1,1,9
2023401373794,2023,401373794,1,2,2,2,46,8,3,0,0,1,0,0,9,8,E01017455,3,1,0.0,1.0,-1,6,30,1,4,1,18:13,7,2,9
2023211323511,2023,211323511,1,1,3,2,22,5,3,1,9,0,0,-1,0,-1,-1,3,1,0.0,1.0,-1,6,30,9,1,-1,07:50,5,1,9
2023031276302,2023,031276302,1,2,1,1,-1,-1,3,0,0,0,0,0,1,-1,-1,3,1,0.0,1.0,-1,6,30,9,1,1,09:30,7,1,1
2023131303056,2023,131303056,2,1,1,1,30,6,3,0,0,0,0,0,1,6,E01011248,3,1,0.0,1.0,-1,6,30,1,1,1,17:00,3,2,1
2023010419514,2023,010419514,1,1,2,2,20,4,3,0,0,1,0,0,9,4,E01001187,-1,0,0.0,1.0,-1,6,30,2,4,2,19:58,3,2,9
2023421383885,2023,421383885,2,1,1,2,52,8,2,0,0,0,0,0,9,9,E01021721,6,1,1.0,0.0,-1,6,30,1,1,1,10:54,5,2,9
2023610038723,2023,610038723,1,1,2,1,18,4,3,0,0,1,0,0,9,3,W01001485,-1,0,0.17176,0.82824,-1,6,60,1,6,1,00:24,3,1,9
2023041269315,2023,041269315,2,1,1,1,19,4,3,0,0,0,0,0,9,1,E01012670,3,1,0.0,1.0,-1,6,30,2,4,2,21:50,7,2,9
2023131259296,2023,131259296,1,1,1,1,21,5,2,0,0,0,0,0,9,2,E01010605,5,1,1.0,0.0,-1,6,30,2,4,2,23:45,3,2,9
2023311372129,2023,311372129,1,1,1,2,23,5,3,0,0,0,0,0,9,7,E01013419,3,1,0.0,1.0,-1,3,40,2,1,2,16:30,5,2,9
2023010436166,2023,010436166,1,1,3,1,49,8,3,6,9,0,0,0,0,5,E01003040,-1,0,0.0,1.0,-1,2,20,1,1,1,10:40,5,1,9
2023061357346,2023,061357346,1,1,3,1,4,1,3,1,1,0,0,0,0,-1,-1,3,1,0.0,1.0,-1,6,30,1,1,1,08:20,5,1,9
2023311273614,2023,311273614,1,1,3,1,9,2,2,5,3,0,0,0,0,10,E01028218,6,1,1.0,0.0,-1,6,30,8,1,1,15:30,3,1,9
2023070623614,2023,070623614,1,1,1,1,19,4,2,0,0,0,0,0,3,1,E01018486,-1,0,1.0,0.0,-1,1,30,1,1,2,19:58,3,2,3
2023070623746,2023,070623746,2,1,1,2,35,6,3,0,0,0,0,0,9,3,E01012458,-1,0,0.00354,0.99646,-1,1,30,1,1,1,17:25,3,2,9
2023141374639,2023,141374639,1,2,2,1,4,1,2,0,0,2,0,0,9,1,E01007735,7,1,1.0,0.0,-1,6,30,1,1,2,15:10,7,2,9
2023221294079,2023,221294079,2,1,2,2,45,7,3,0,0,1,0,0,9,6,E01010043,3,1,0.0,1.0,-1,6,50,2,1,2,15:30,4,2,9
2023501347982,2023,501347982,2,5,1,2,70,10,1,0,0,0,0,0,9,5,E01020127,1,1,0.0,0.0,-1,6,60,1,1,1,15:42,1,2,9
2023061381847,2023,061381847,2,2,1,1,31,6,3,0,0,0,0,0,9,4,E01006003,3,1,0.0,1.0,-1,6,20,3,4,2,18:50,7,3,9
2023451292253,2023,451292253,1,1,1,1,45,7,3,0,0,0,0,0,9,9,E01031719,3,1,0.0,1.0,-1,3,70,2,6,2,01:15,6,1,9
2023451297945,2023,451297945,1,1,1,2,19,4,3,0,0,0,0,0,9,10,E01030468,3,1,0.0,1.0,-1,3,40,1,4,1,21:00,1,2,9
2023471365689,2023,471365689,1,2,1,1,47,8,3,0,0,0,0,0,9,3,E01031492,3,1,0.0,1.0,-1,6,20,1,1,1,11:10,1,2,9
2023010452796,2023,010452796,1,1,1,1,25,5,3,0,0,0,0,0,9,3,E01003938,-1,0,0.0,1.0,-1,6,20,1,1,1,18:35,1,2,9
2023221277255,2023,221277255,1,1,1,2,39,7,3,0,0,0,0,0,9,9,E01014039,3,1,0.0,1.0,-1,6,30,1,1,2,08:49,1,2,9
2023451343205,2023,451343205,2,1,1,1,62,9,3,0,0,0,0,0,9,6,E01030842,3,1,0.0,1.0,-1,6,40,1,1,1,16:00,6,2,9
2023010474246,2023,010474246,1,1,1,1,22,5,2,0,0,0,0,0,4,8,E01003445,-1,0,1.0,0.0,-1,6,20,1,1,1,16:20,5,1,4
2023170L10473,2023,170L10473,2,1,1,1,46,8,2,0,0,0,0,0,5,10,E01012199,-1,0,1.0,0.0,-1,6,60,1,1,1,17:10,5,2,5
2023622300519,2023,622300519,1,1,3,2,49,8,3,1,1,0,0,0,0,1,W01001857,-1,0,0.10418,0.89582,-1,6,30,1,4,1,22:30,3,1,11
2023010472950,2023,010472950,2,1,1,1,59,9,3,0,0,0,0,0,1,2,E01000141,-1,0,0.0,1.0,-1,6,30,2,4,2,19:39,5,2,1
2023131293732,2023,131293732,1,1,1,1,28,6,2,0,0,0,0,0,1,1,E01011659,7,1,1.0,0.0,-1,3,40,1,1,1,16:27,3,2,1
2023461390406,2023,461390406,3,1,1,1,50,8,3,0,0,0,0,0,10,9,E01024818,3,1,0.0,1.0,-1,3,70,2,7,2,17:50,6,3,10
2023451283116,2023,451283116,2,1,1,1,62,9,2,0,0,0,0,0,3,6,E01030336,7,1,1.0,0.0,-1,6,30,1,4,1,17:40,7,2,3
2023201415176,2023,201415176,2,2,1,1,29,6,3,0,0,0,0,0,9,-1,-1,3,1,0.0,1.0,-1,6,30,2,1,2,16:54,4,2,9
2023461307752,2023,461307752,2,5,2,1,7,2,3,0,0,-1,0,0,9,6,E01024036,3,1,0.0,1.0,-1,6,30,1,1,1,08:40,7,2,9
2023010429007,2023,010429007,2,4,2,2,16,4,3,0,0,2,0,0,9,9,E01002417,-1,0,0.0,1.0,-1,3,40,1,4,2,22:40,6,2,9
2023010456737,2023,010456737,1,1,1,1,69,10,2,0,0,0,0,0,9,3,E01000305,-1,0,1.0,0.0,-1,6,30,2,4,2,22:16,7,2,9
2023122300268,2023,122300268,1,1,2,2,19,4,3,0,0,1,0,0,9,10,E01027725,-1,0,0.04516,0.95484,-1,6,30,1,6,3,19:05,6,1,9
2023451296874,2023,451296874,1,1,1,1,21,5,1,0,0,0,0,0,9,9,E01030605,1,1,0.0,0.0,-1,6,40,2,4,2,01:40,7,1,9
2023631313509,2023,631313509,1,1,1,2,51,8,2,0,0,0,0,0,9,7,W01000597,7,1,1.0,0.0,-1,6,60,1,1,1,17:20,4,2,9
2023010420495,2023,010420495,2,1,1,1,37,7,3,0,0,0,0,0,9,3,E01004189,-1,0,0.0,1.0,-1,3,20,1,4,1,02:31,3,2,9
2023520300610,2023,520300610,2,13,2,1,57,9,2,0,0,0,4,0,11,-1,-1,-1,0,1.0,0.0,-1,6,40,1,6,4,06:00,3,3,11
2023031273513,2023,031273513,1,1,1,1,59,9,3,0,0,0,0,0,9,7,E01019117,3,1,0.0,1.0,-1,6,30,1,1,1,14:20,3,1,9
2023041308532,2023,041308532,2,2,2,2,8,2,3,0,0,2,0,0,9,6,E01006935,3,1,0.0,1.0,-1,6,30,2,1,2,16:30,5,2,9
2023052301007,2023,052301007,1,1,1,2,84,11,3,0,0,0,0,0,9,6,E01007029,-1,0,0.12876,0.87124,-1,6,30,1,1,1,15:00,4,3,9
2023061297719,2023,061297719,2,1,1,1,43,7,3,0,0,0,0,0,9,1,E01005953,3,1,0.0,1.0,-1,6,30,1,1,1,21:45,1,2,9
2023340NN2702,2023,340NN2702,2,1,1,2,65,9,3,0,0,0,0,0,9,8,E01027335,-1,0,0.05196,0.94804,-1,6,30,1,1,2,08:10,3,2,9
2023371274233,2023,371274233,2,1,1,1,37,7,3,0,0,0,0,0,9,8,E01030101,3,1,0.0,1.0,-1,6,60,8,6,2,19:00,7,2,9
2023161310648,2023,161310648,1,1,1,1,49,8,3,0,0,0,0,0,19,7,E01013173,3,1,0.0,1.0,-1,3,30,1,1,1,15:30,5,2,19
2023501369191,2023,501369191,1,1,1,1,48,8,2,0,0,0,0,0,9,1,E01015257,6,1,1.0,0.0,-1,3,40,1,6,2,22:25,7,1,9
2023471344740,2023,471344740,2,1,1,1,68,10,3,0,0,0,0,0,9,6,E01021148,3,1,0.0,1.0,-1,6,50,1,1,1,10:35,4,2,9
2023201288600,2023,201288600,2,1,2,2,82,11,3,0,0,0,0,0,19,7,E01008968,3,1,0.0,1.0,-1,6,30,1,1,1,12:15,2,2,19
2023010452369,2023,010452369,1,1,1,-1,23,5,3,0,0,0,0,0,3,6,E01033457,-1,0,0.0,1.0,-1,9,30,9,1,9,09:20,6,2,3
2023552300842,2023,552300842,2,1,1,1,47,8,2,0,0,0,0,0,5,5,E01020364,-1,0,1.0,0.0,-1,6,30,1,4,1,21:30,1,2,5
2023311366200,2023,311366200,1,1,3,1,74,10,1,1,3,0,0,0,0,10,E01028365,1,1,0.0,0.0,-1,3,30,1,1,1,16:20,2,1,11
2023010453437,2023,010453437,2,1,1,1,76,11,3,0,0,0,0,0,9,7,E01000674,-1,0,0.0,1.0,-1,6,30,1,1,1,13:50,4,3,9
2023122400006,2023,122400006,2,1,1,2,32,6,3,0,0,0,0,0,9,10,E01027675,-1,0,0.01486,0.98514,-1,6,30,3,4,3,18:25,7,2,9
2023421259761,2023,421259761,1,1,2,2,74,10,3,0,0,1,0,0,9,-1,-1,3,1,0.0,1.0,-1,1,30,8,4,2,21:32,1,2,9
2023552301441,2023,552301441,2,1,1,1,48,8,3,0,0,0,0,0,9,9,E01015316,-1,0,0.01005,0.98995,-1,6,30,1,1,1,11:35,3,2,9
2023501337851,2023,501337851,1,1,1,1,40,7,1,0,0,0,0,0,19,4,E01018938,1,1,0.0,0.0,-1,6,60,1,1,2,06:56,5,1,19
2023161363827,2023,161363827,1,2,2,2,18,4,3,0,0,2,0,0,9,2,E01026095,3,1,0.0,1.0,-1,3,30,1,1,1,13:50,7,3,9
2023201379821,2023,201379821,2,2,2,1,-1,-1,3,0,0,1,0,0,9,-1,-1,3,1,0.0,1.0,-1,6,30,1,1,1,12:32,6,3,9
2023440096376,2023,440096376,1,1,1,2,26,6,3,0,0,0,0,0,9,7,E01031396,-1,0,0.04786,0.95214,-1,6,40,4,1,2,07:57,6,2,9
2023041372232,2023,041372232,2,1,1,1,35,6,3,0,0,0,0,0,21,6,E01006216,3,1,0.0,1.0,-1,6,40,1,1,2,14:01,4,2,21
2023522400833,2023,522400833,1,1,1,2,24,5,3,0,0,0,0,0,1,3,E01014736,-1,0,0.02374,0.97626,-1,1,30,9,4,-1,23:40,6,2,1
2023010463010,2023,010463010,1,1,1,1,26,6,3,0,0,0,0,0,9,7,E01000572,-1,0,0.0,1.0,-1,1,20,1,4,1,00:00,3,2,9
2023411360084,2023,411360084,4,1,1,1,22,5,3,0,0,0,0,0,20,-1,-1,3,1,0.0,1.0,-1,3,70,1,1,1,09:30,7,4,20
2023031378763,2023,031378763,1,1,3,2,88,11,2,1,3,0,0,0,0,-1,-1,5,1,1.0,0.0,-1,1,30,1,1,1,10:24,6,1,9
202360A194726,2023,60A194726,3,3,1,2,31,6,3,0,0,0,0,0,9,-1,-1,-1,0,0.06077,0.93923,-1,1,70,1,4,2,16:15,2,3,9
2023302300697,2023,302300697,1,1,2,-1,-1,-1,3,0,0,0,2,0,11,5,E01019456,-1,0,0.01292,0.98708,-1,6,30,9,1,1,15:00,6,1,11
2023421307277,2023,421307277,1,1,1,2,36,7,2,0,0,0,0,0,3,7,E01021902,7,1,1.0,0.0,-1,6,60,2,1,2,07:00,2,1,3
2023320702719,2023,320702719,1,1,1,2,29,6,2,0,0,0,0,0,9,3,E01026318,-1,0,1.0,0.0,-1,6,60,1,1,1,12:14,2,2,9
2023361318181,2023,361318181,2,2,1,2,59,9,3,0,0,0,0,0,9,4,E01026729,3,1,0.0,1.0,-1,6,60,1,1,1,14:31,3,2,9
2023411394987,2023,411394987,2,1,2,2,74,10,3,0,0,1,0,0,9,6,E01018207,3,1,0.0,1.0,-1,6,30,1,1,1,14:11,7,2,9
2023520300648,2023,520300648,2,2,1,2,38,7,3,0,0,0,0,0,9,9,E01029258,-1,0,0.02727,0.97273,-1,6,40,1,1,2,15:00,4,2,9
2023010449586,2023,010449586,1,1,1,2,34,6,3,0,0,0,0,0,3,6,E01001245,-1,0,0.0,1.0,-1,9,20,8,4,1,23:50,6,2,3
2023340WN0262,2023,340WN0262,2,3,2,2,7,2,3,0,0,2,0,0,9,-1,-1,-1,0,0.07051,0.92949,-1,6,60,8,1,2,15:15,2,2,9
2023361369821,2023,361369821,2,1,1,1,63,9,3,0,0,0,0,0,9,7,E01026924,3,1,0.0,1.0,-1,6,30,2,1,2,11:30,5,2,9
2023471272471,2023,471272471,2,1,1,2,50,8,3,0,0,0,0,0,9,9,E01031728,3,1,0.0,1.0,-1,6,50,1,1,1,09:20,6,3,9
2023010453446,2023,010453446,1,1,1,1,22,5,3,0,0,0,0,0,1,3,E01003923,-1,0,0.0,1.0,-1,6,20,1,1,1,20:50,4,2,1
2023631340467,2023,631340467,1,1,1,1,53,8,2,0,0,0,0,0,98,4,E01014906,5,1,1.0,0.0,-1,6,60,1,1,1,05:30,5,1,98
2023552301283,2023,552301283,1,1,3,1,38,7,3,6,9,0,0,0,0,5,E01015427,-1,0,0.0596,0.9404,-1,6,30,1,1,1,18:13,3,1,11
2023010419685,2023,010419685,1,1,3,1,2,1,2,10,9,0,0,0,0,5,E01001099,-1,0,1.0,0.0,-1,2,20,1,4,1,17:17,4,1,9
2023991262197,2023,991262197,1,1,3,2,63,9,3,1,3,0,0,0,0,1,-1,3,1,0.0,1.0,-1,6,30,2,4,2,19:55,4,1,11
2023302301328,2023,302301328,2,1,1,1,56,9,2,0,0,0,0,0,1,8,E01019840,-1,0,1.0,0.0,-1,6,60,1,1,1,13:52,7,2,1
2023201313797,2023,201313797,2,1,1,1,46,8,2,0,0,0,0,0,3,1,E01009401,6,1,1.0,0.0,-1,3,40,1,1,1,12:35,1,2,3
2023501261302,2023,501261302,1,1,1,1,28,6,2,0,0,0,0,0,3,9,E01019937,7,1,1.0,0.0,-1,6,60,1,6,2,21:57,2,1,3
2023430097952,2023,430097952,1,1,1,1,44,7,3,0,0,0,0,0,9,5,E01016233,-1,0,0.00351,0.99649,-1,1,30,1,4,1,20:40,6,2,9
2023461373580,2023,461373580,2,1,1,2,59,9,3,0,0,0,0,0,9,5,E01016029,3,1,0.0,1.0,-1,6,30,2,1,2,17:18,3,2,9
2023010480352,2023,010480352,1,1,3,1,46,8,2,1,3,0,0,0,0,-1,-1,-1,0,1.0,0.0,-1,6,20,2,4,2,20:00,1,1,9
2023141374147,2023,141374147,1,1,3,1,81,11,2,1,3,0,0,0,0,4,E01007445,6,1,1.0,0.0,-1,6,20,5,4,2,16:40,2,1,9
2023440261201,2023,440261201,1,1,3,1,55,8,3,9,7,0,0,0,0,6,E01033239,-1,0,0.10243,0.89757,-1,6,60,1,1,1,08:50,6,1,9
2023010439771,2023,010439771,1,1,1,1,30,6,3,0,0,0,0,0,3,5,E01000803,-1,0,0.0,1.0,-1,6,20,1,1,1,17:45,3,2,3
2023231294302,2023,231294302,2,2,2,1,25,5,3,0,0,1,0,0,9,5,E01027237,3,1,0.0,1.0,-1,6,30,1,1,2,16:20,6,2,9
2023401328165,2023,401328165,2,3,2,2,23,5,2,0,0,0,0,0,98,6,E01017479,7,1,1.0,0.0,-1,6,50,1,1,1,15:05,2,2,98
2023131308582,2023,131308582,2,1,1,1,75,10,3,0,0,0,0,0,22,4,E01010987,3,1,0.0,1.0,-1,6,30,1,1,1,14:31,4,2,22
2023052302210,2023,052302210,1,1,1,1,24,5,3,0,0,0,0,0,8,1,E01006679,-1,0,0.11956,0.88044,-1,3,70,2,4,2,01:05,2,1,8
2023041363996,2023,041363996,1,2,1,1,55,8,3,0,0,0,0,0,9,4,E01012668,3,1,0.0,1.0,-1,6,40,1,1,1,17:48,2,2,9
2023010459759,2023,010459759,1,1,3,2,60,9,3,8,7,0,0,0,0,-1,-1,-1,0,0.0,1.0,-1,3,20,1,1,1,19:20,4,1,1
2023010462101,2023,010462101,1,2,3,2,39,7,2,6,9,0,0,0,0,-1,-1,-1,0,1.0,0.0,-1,6,20,1,7,1,23:46,4,1,9
2023131326372,2023,131326372,1,1,3,1,14,3,2,9,7,0,0,2,0,1,E01011101,5,1,1.0,0.0,-1,6,30,1,1,1,18:20,4,1,23
2023461273658,2023,461273658,1,1,3,2,15,3,3,5,1,0,0,0,0,10,E01024139,3,1,0.0,1.0,-1,6,30,1,1,1,14:06,6,1,9
2023461364924,2023,461364924,2,1,1,2,-1,-1,3,0,0,0,0,0,9,5,E01024025,3,1,0.0,1.0,-1,6,60,1,1,1,14:30,7,2,9
2023520300561,2023,520300561,1,1,1,1,36,7,3,0,0,0,0,0,9,2,E01006862,-1,0,0.02528,0.97472,-1,6,30,2,4,2,18:12,5,2,9
2023351278236,2023,351278236,2,1,1,1,38,7,3,0,0,0,0,0,1,3,E01015615,3,1,0.0,1.0,-1,6,20,1,4,-1,06:45,5,2,1
2023421341923,2023,421341923,2,1,1,1,72,10,2,0,0,0,0,0,1,8,E01021936,7,1,1.0,0.0,-1,6,30,1,1,1,10:13,3,2,1
2023430349488,2023,430349488,2,1,1,1,64,9,3,0,0,0,0,0,5,10,E01032243,-1,0,0.22411,0.77589,-1,6,60,1,1,2,11:00,1,2,5
2023101327060,2023,101327060,1,1,2,2,32,6,3,0,0,1,0,0,9,2,E01008697,3,1,0.0,1.0,-1,7,50,1,1,1,13:13,6,2,9
2023340WN9062,2023,340WN9062,1,1,1,1,25,5,1,0,0,0,0,0,9,8,E01027024,-1,0,0.0,0.0,-1,6,60,1,6,1,03:00,6,1,9
2023421352729,2023,421352729,2,1,1,1,36,7,3,0,0,0,0,0,9,9,E01021682,3,1,0.0,1.0,-1,7,20,1,1,1,15:25,7,2,9
2023440236506,2023,440236506,2,1,1,1,18,4,3,0,0,0,0,0,9,9,E01023174,-1,0,0.04992,0.95008,-1,6,30,1,1,1,20:37,4,2,9
2023451345656,2023,451345656,1,1,1,2,43,7,3,0,0,0,0,0,9,10,E01030728,3,1,0.0,1.0,-1,6,30,1,1,1,19:00,6,2,9
2023010427426,2023,010427426,2,2,1,1,60,9,3,0,0,0,0,0,19,8,E01000749,-1,0,0.0,1.0,-1,6,20,1,4,2,21:40,4,2,19
2023010461526,2023,010461526,1,1,3,2,56,9,3,1,3,0,0,0,0,2,E01003912,-1,0,0.0,1.0,-1,9,20,9,1,1,11:30,4,1,1
2023201375887,2023,201375887,2,2,2,2,66,10,3,0,0,1,0,0,9,1,E01010033,3,1,0.0,1.0,-1,6,30,1,1,1,07:47,1,2,9
2023311383053,2023,311383053,1,1,3,2,42,7,3,1,3,0,0,0,0,-1,-1,3,1,0.0,1.0,-1,6,30,1,4,2,16:44,3,1,9
2023320794483,2023,320794483,1,1,3,1,33,6,3,5,1,0,0,0,0,6,E01026159,-1,0,0.13918,0.86082,-1,6,30,1,4,2,18:20,5,1,9
2023131323560,2023,131323560,2,1,1,1,31,6,3,0,0,0,0,0,1,1,E01011560,3,1,0.0,1.0,-1,6,20,1,1,1,10:00,4,2,1
2023421355331,2023,421355331,2,1,1,1,70,10,2,0,0,0,0,0,5,5,E01021770,6,1,1.0,0.0,-1,6,30,1,1,1,15:03,6,2,5
2023201292335,2023,201292335,2,2,1,1,-1,-1,3,0,0,0,0,0,9,-1,-1,3,1,0.0,1.0,-1,6,30,1,1,1,14:15,7,2,9
2023302300413,2023,302300413,1,3,1,1,71,10,2,0,0,0,0,0,9,9,E01019684,-1,0,1.0,0.0,-1,3,70,1,1,1,17:37,6,4,9
2023461278588,2023,461278588,2,2,1,1,58,9,3,0,0,0,0,0,9,4,E01024384,3,1,0.0,1.0,-1,3,30,1,1,1,14:47,4,2,9
2023471266483,2023,471266483,1,2,3,1,72,10,2,1,3,0,0,0,0,7,E01031349,7,1,1.0,0.0,-1,6,40,1,4,1,17:25,7,1,4
2023010432942,2023,010432942,2,1,1,1,18,4,3,0,0,0,0,0,3,5,E01001271,-1,0,0.0,1.0,-1,1,20,1,4,2,18:50,7,2,3
2023052400010,2023,052400010,1,1,1,1,-1,-1,3,0,0,0,0,0,9,8,E01007142,-1,0,0.0368,0.9632,-1,6,30,1,1,1,20:43,1,2,9
2023141319643,2023,141319643,1,2,2,1,23,5,3,0,0,1,0,0,9,-1,-1,3,1,0.0,1.0,-1,6,30,1,1,1,04:25,7,1,9
2023201322772,2023,201322772,2,1,1,2,53,8,3,0,0,0,0,0,9,1,E01010374,3,1,0.0,1.0,-1,6,30,1,1,1,20:04,6,2,9
2023332300987,2023,332300987,3,1,1,1,19,4,3,0,0,0,0,0,9,2,E01013897,-1,0,0.03077,0.96923,-1,1,30,1,4,2,01:44,7,3,9
2023991338313,2023,991338313,1,2,2,1,9,2,3,0,0,1,0,0,9,4,-1,3,1,0.0,1.0,-1,6,30,1,1,1,20:30,6,2,9
2023451275347,2023,451275347,1,1,1,1,32,6,3,0,0,0,0,0,1,8,E01030452,3,1,0.0,1.0,-1,6,20,8,1,2,12:00,1,1,1
2023131316073,2023,131316073,2,2,1,1,56,9,3,0,0,0,0,0,5,7,E01010684,3,1,0.0,1.0,-1,6,30,1,1,1,18:44,4,2,5
2023201410576,2023,201410576,1,1,1,1,18,4,3,0,0,0,0,0,9,6,E01010135,3,1,0.0,1.0,-1,6,30,1,1,1,10:45,4,2,9
2023010449504,2023,010449504,1,1,2,2,35,6,3,0,0,0,4,0,11,4,E01004591,-1,0,0.0,1.0,-1,6,30,1,1,1,16:17,6,2,11
2023991361091,2023,991361091,1,2,2,1,23,5,3,0,0,0,4,0,11,1,-1,3,1,0.0,1.0,-1,6,30,2,4,1,23:23,7,1,11
2023131266121,2023,131266121,2,3,2,1,5,1,3,0,0,2,0,0,9,3,E01011907,3,1,0.0,1.0,-1,6,30,1,4,4,16:47,6,2,9
2023161382080,2023,161382080,1,1,3,1,18,4,3,10,9,0,0,2,0,-1,-1,3,1,0.0,1.0,-1,1,30,4,4,4,18:22,7,2,1
2023070370617,2023,070370617,1,1,1,1,44,7,2,0,0,0,0,0,5,8,W01000388,-1,0,1.0,0.0,-1,6,60,1,1,1,17:36,3,2,5
2023451270228,2023,451270228,1,1,1,2,56,9,3,0,0,0,0,0,9,10,E01030447,3,1,0.0,1.0,-1,7,30,1,1,1,16:10,2,2,9
2023461280855,2023,461280855,1,1,1,1,21,5,3,0,0,0,0,0,9,9,E01024006,3,1,0.0,1.0,-1,6,30,1,1,1,18:39,5,2,9
2023549029223,2023,549029223,2,2,1,2,51,8,3,0,0,0,0,0,9,10,E01028745,-1,0,0.07149,0.92851,-1,6,50,1,1,2,18:38,7,2,9
2023010463806,2023,010463806,1,1,1,1,41,7,2,0,0,0,0,0,5,6,E01001319,-1,0,1.0,0.0,-1,6,20,1,1,1,09:25,1,2,5
2023052301791,2023,052301791,1,1,1,2,89,11,2,0,0,0,0,0,9,5,E01006420,-1,0,1.0,0.0,-1,6,30,1,1,1,15:15,1,1,9
2023430245077,2023,430245077,2,1,1,1,37,7,2,0,0,0,0,0,9,4,E01023859,-1,0,1.0,0.0,-1,6,50,1,1,1,12:49,1,4,9
2023430507843,2023,430507843,2,1,2,1,84,11,2,0,0,1,0,0,9,10,E01022109,-1,0,1.0,0.0,-1,6,60,1,1,2,14:30,7,2,9
2023520400345,2023,520400345,1,1,1,2,70,10,2,0,0,0,0,0,9,6,E01032652,-1,0,1.0,0.0,-1,6,30,2,1,2,16:09,1,2,9
2023610051823,2023,610051823,1,1,2,1,20,4,1,0,0,2,0,0,9,2,W01001402,-1,0,0.0,0.0,-1,3,70,1,6,2,18:22,6,1,9
2023010458435,2023,010458435,1,1,1,1,31,6,2,0,0,0,0,0,1,3,E01003525,-1,0,1.0,0.0,-1,6,30,1,4,1,23:28,3,1,1
2023361320426,2023,361320426,1,2,1,1,16,4,3,0,0,0,0,0,1,4,E01033037,3,1,0.0,1.0,-1,6,30,1,1,1,13:51,6,2,1
2023311370401,2023,311370401,1,1,3,2,19,4,3,5,1,0,0,0,0,2,E01013947,3,1,0.0,1.0,-1,6,30,1,4,1,20:00,2,1,9
2023010462965,2023,010462965,1,1,1,2,31,6,3,0,0,0,0,0,1,1,E01003503,-1,0,0.0,1.0,-1,6,20,9,1,9,10:20,5,2,1
2023010463322,2023,010463322,1,1,1,1,30,6,3,0,0,0,0,0,3,6,E01003152,-1,0,0.0,1.0,-1,6,20,1,1,1,18:00,4,2,3
2023131312305,2023,131312305,2,4,2,1,16,4,3,0,0,2,0,0,9,10,E01011516,3,1,0.0,1.0,-1,6,20,1,1,1,12:31,7,2,9