collision_index,collision_year,collision_ref_no,vehicle_reference,casualty_reference,casualty_class,sex_of_casualty,age_of_casualty,age_band_of_casualty,casualty_severity,pedestrian_location,pedestrian_movement,car_passenger,bus_or_coach_passenger,pedestrian_road_maintenance_worker,casualty_type,casualty_imd_decile,lsoa_of_casualty,enhanced_casualty_severity,casualty_injury_based,casualty_adjusted_severity_serious,casualty_adjusted_severity_slight,casualty_distance_banding,road_type,speed_limit,weather_conditions,light_conditions,road_surface_conditions,time,day_of_week,number_of_vehicles,vehicle_type
2023471280876,2023,471280876,1,1,1,1,29,6,3,0,0,0,0,0,5,10,E01016930,3,1,0.0,1.0,-1,6,20,8,1,2,10:00,2,2,5
2023041332294,2023,041332294,1,1,3,2,85,11,3,4,1,0,0,2,0,8,E01025477,3,1,0.0,1.0,-1,6,30,5,5,2,22:00,7,1,9
2023170S30923,2023,170S30923,2,1,1,1,35,6,3,0,0,0,0,0,1,-1,-1,-1,0,0.18726,0.81274,-1,6,30,1,1,1,21:30,7,2,1
2023991384103,2023,991384103,1,1,3,2,37,7,3,6,9,0,0,0,0,8,-1,3,1,0.0,1.0,-1,6,30,1,4,1,19:45,7,1,19
2023411374891,2023,411374891,1,1,1,2,27,6,3,0,0,0,0,0,9,-1,-1,3,1,0.0,1.0,-1,3,70,1,1,1,16:38,5,1,9
2023010463896,2023,010463896,2,1,1,1,29,6,3,0,0,0,0,0,3,3,E01003602,-1,0,0.0,1.0,-1,6,30,1,4,1,18:40,1,2,3
2023010459006,2023,010459006,1,1,2,2,26,6,3,0,0,2,0,0,9,-1,-1,-1,0,0.0,1.0,-1,2,20,1,4,1,03:00,7,1,9
2023320141549,2023,320141549,1,1,3,1,57,9,3,5,1,0,0,0,0,2,E01026378,-1,0,0.17999,0.82001,-1,6,30,1,1,1,17:09,3,1,8
2023522400746,2023,522400746,1,1,3,1,12,3,3,8,9,0,0,0,0,1,E01014726,-1,0,0.11029,0.88971,-1,6,30,2,4,2,18:27,4,1,9
2023991386977,2023,991386977,1,1,3,1,34,6,2,8,8,0,0,2,0,1,-1,7,1,1.0,0.0,-1,3,70,2,6,2,17:30,2,1,9
2023340WN2852,2023,340WN2852,1,1,1,1,27,6,3,0,0,0,0,0,-1,2,E01027214,-1,0,0.12914,0.87086,-1,6,30,1,1,1,17:39,6,2,-1
2023201390781,2023,201390781,1,1,1,2,21,5,3,0,0,0,0,0,9,3,E01009239,3,1,0.0,1.0,-1,3,30,1,1,1,17:50,1,2,9
2023991258861,2023,991258861,1,1,1,2,20,4,3,0,0,0,0,0,9,1,-1,3,1,0.0,1.0,-1,6,30,8,4,2,21:00,2,2,9
2023041327971,2023,041327971,1,1,1,1,30,6,2,0,0,0,0,0,1,-1,-1,7,1,1.0,0.0,-1,6,30,2,1,2,18:00,2,2,1
2023010460709,2023,010460709,1,1,1,1,57,9,3,0,0,0,0,0,3,7,E01003287,-1,0,0.0,1.0,-1,6,30,1,1,1,11:55,3,2,3
2023543699323,2023,543699323,1,1,3,2,87,11,3,10,9,0,0,0,0,9,E01031890,-1,0,0.17719,0.82281,-1,6,50,9,1,1,14:34,6,1,9
2023201337514,2023,201337514,2,1,1,1,11,3,3,0,0,0,0,0,1,1,E01010234,3,1,0.0,1.0,-1,6,30,1,1,1,10:34,7,2,1
2023010468333,2023,010468333,1,1,1,1,24,5,3,0,0,0,0,0,3,3,E01000535,-1,0,0.0,1.0,-1,6,30,1,1,1,13:05,2,2,3
2023440392086,2023,440392086,1,1,1,1,11,3,3,0,0,0,0,0,1,5,E01017023,-1,0,0.07108,0.92892,-1,6,20,1,1,1,11:00,6,2,1
2023340WN6652,2023,340WN6652,1,1,3,1,38,7,3,5,3,0,0,0,0,-1,-1,-1,0,0.19747,0.80253,-1,6,60,1,6,2,19:20,6,1,9
2023041340380,2023,041340380,2,1,1,1,20,4,3,0,0,0,0,0,4,9,E01025455,3,1,0.0,1.0,-1,6,60,1,1,1,20:55,4,2,4
2023010481942,2023,010481942,1,1,3,2,49,8,3,5,1,0,0,0,0,6,E01000582,-1,0,0.0,1.0,-1,6,20,2,4,2,16:38,2,1,19
2023041270545,2023,041270545,1,1,3,2,50,8,3,10,9,0,0,0,0,9,E01025253,3,1,0.0,1.0,-1,6,30,8,4,2,00:01,1,1,9
2023501332953,2023,501332953,1,1,1,1,17,4,2,0,0,0,0,0,3,2,E01018857,6,1,1.0,0.0,-1,6,30,1,4,1,21:45,2,2,3
2023131260772,2023,131260772,1,1,3,1,35,6,2,5,9,0,0,1,0,1,E01011029,7,1,1.0,0.0,-1,6,30,1,4,2,22:14,7,2,9
2023052300770,2023,052300770,2,1,1,1,20,4,2,0,0,0,0,0,-1,2,E01033751,-1,0,1.0,0.0,-1,3,30,1,1,1,07:55,3,2,-1
2023101366657,2023,101366657,2,2,2,1,30,6,3,0,0,0,0,0,19,3,E01008242,3,1,0.0,1.0,-1,3,50,1,1,1,10:09,2,2,19
2023061267112,2023,061267112,1,1,2,2,79,11,2,0,0,1,0,0,9,-1,-1,6,1,1.0,0.0,-1,6,30,1,1,1,12:25,2,2,9
2023610004423,2023,610004423,2,3,2,1,28,6,3,0,0,1,0,0,9,-1,-1,-1,0,0.14836,0.85164,-1,6,40,1,4,1,23:30,2,2,9
2023501364821,2023,501364821,1,1,1,1,19,4,3,0,0,0,0,0,90,4,E01018758,3,1,0.0,1.0,-1,6,60,1,6,2,18:53,4,2,90
2023010455054,2023,010455054,2,1,1,1,33,6,3,0,0,0,0,0,5,3,E01002823,-1,0,0.0,1.0,-1,6,20,1,1,1,15:55,5,2,5
2023201413847,2023,201413847,1,1,3,1,53,8,3,1,3,0,0,0,0,2,E01010463,3,1,0.0,1.0,-1,3,30,1,4,1,05:18,7,1,9
2023461322936,2023,461322936,1,1,3,2,50,8,3,1,3,0,0,2,0,2,E01033090,3,1,0.0,1.0,-1,6,30,1,1,1,09:05,4,1,9
2023201311378,2023,201311378,2,1,1,1,18,4,2,0,0,0,0,0,3,3,E01010097,6,1,1.0,0.0,-1,3,40,1,1,1,19:46,5,2,3
2023471311459,2023,471311459,2,1,1,1,74,10,3,0,0,0,0,0,3,10,E01031380,3,1,0.0,1.0,-1,1,70,1,1,1,10:20,4,2,3
2023041338744,2023,041338744,1,1,1,1,57,9,2,0,0,0,0,0,5,5,E01005254,6,1,1.0,0.0,-1,6,50,1,1,1,14:49,1,2,5
2023461291242,2023,461291242,1,1,3,2,29,6,3,5,3,0,0,0,0,6,E01024674,3,1,0.0,1.0,-1,6,30,1,1,1,15:52,5,1,19
2023547063923,2023,547063923,1,1,3,1,17,4,3,6,9,0,0,0,0,10,E01032005,-1,0,0.0373,0.9627,-1,6,30,1,1,1,07:55,4,1,9
2023010436771,2023,010436771,1,1,1,1,27,6,2,0,0,0,0,0,1,4,E01002802,-1,0,1.0,0.0,-1,6,30,1,4,1,22:10,6,2,1
2023501390526,2023,501390526,2,1,1,1,53,8,3,0,0,0,0,0,1,4,E01019972,3,1,0.0,1.0,-1,6,30,1,1,1,16:00,4,2,1
2023031339149,2023,031339149,1,2,2,2,17,4,3,0,0,1,0,0,9,1,E01019111,3,1,0.0,1.0,-1,6,60,2,1,2,20:39,2,1,9
2023501341667,2023,501341667,1,1,2,2,18,4,3,0,0,1,0,0,9,2,E01033292,3,1,0.0,1.0,-1,6,60,1,1,1,21:09,2,2,9
2023131281023,2023,131281023,2,2,2,2,68,10,3,0,0,0,4,0,11,8,E01010997,3,1,0.0,1.0,-1,6,30,1,1,1,12:10,7,2,11
2023070382973,2023,070382973,1,1,1,1,42,7,2,0,0,0,0,0,9,7,E01029612,-1,0,1.0,0.0,-1,3,30,1,1,1,13:04,7,3,9
2023361299943,2023,361299943,1,3,2,1,3,1,3,0,0,2,0,0,9,3,E01026447,3,1,0.0,1.0,-1,6,60,2,1,2,16:00,1,2,9
2023371379119,2023,371379119,1,1,1,1,25,5,3,0,0,0,0,0,9,5,E01030188,3,1,0.0,1.0,-1,6,60,1,1,1,15:00,1,2,9
2023411340600,2023,411340600,2,1,1,2,21,5,3,0,0,0,0,0,9,3,E01023437,3,1,0.0,1.0,-1,1,50,1,1,1,17:00,7,2,9
2023461383578,2023,461383578,1,1,1,2,30,6,3,0,0,0,0,0,9,6,E01023980,3,1,0.0,1.0,-1,6,50,1,7,1,19:46,5,2,9
2023991339412,2023,991339412,1,1,1,1,39,7,3,0,0,0,0,0,21,5,-1,3,1,0.0,1.0,-1,6,60,1,1,1,11:00,3,1,21
2023471266518,2023,471266518,1,1,1,1,56,9,2,0,0,0,0,0,90,2,E01015840,7,1,1.0,0.0,-1,6,40,1,1,2,08:57,1,2,90
2023231371728,2023,231371728,2,2,2,1,31,6,3,0,0,1,0,0,9,3,E01031117,3,1,0.0,1.0,-1,6,30,1,1,1,08:47,3,2,9
2023421329886,2023,421329886,1,1,1,1,24,5,3,0,0,0,0,0,9,7,E01021887,3,1,0.0,1.0,-1,6,60,1,1,1,10:00,1,1,9
2023440457045,2023,440457045,3,2,1,1,69,10,3,0,0,0,0,0,9,5,E01023027,-1,0,0.17712,0.82288,-1,6,60,1,1,2,14:45,4,3,9
2023461347048,2023,461347048,1,1,2,2,16,4,3,0,0,2,0,0,9,-1,-1,3,1,0.0,1.0,-1,6,60,2,6,2,00:56,4,1,9
2023991295129,2023,991295129,1,1,1,1,27,6,2,0,0,0,0,0,9,2,-1,7,1,1.0,0.0,-1,6,30,1,1,1,09:34,2,4,9
2023010426181,2023,010426181,2,1,1,1,24,5,3,0,0,0,0,0,9,1,E01004273,-1,0,0.0,1.0,-1,7,20,1,4,2,00:55,5,2,9
2023461389461,2023,461389461,1,1,3,1,24,5,2,5,1,0,0,0,0,9,E01000327,5,1,1.0,0.0,-1,6,30,1,4,1,20:40,6,1,9
2023201382410,2023,201382410,2,1,1,2,11,3,3,0,0,0,0,0,1,8,E01010209,3,1,0.0,1.0,-1,6,30,8,1,1,16:16,6,2,1
2023991275565,2023,991275565,2,1,1,1,50,8,2,0,0,0,0,0,1,5,-1,7,1,1.0,0.0,-1,6,20,1,4,1,06:45,2,2,1
2023201301601,2023,201301601,1,1,2,1,22,5,2,0,0,0,0,0,97,3,E01009876,7,1,1.0,0.0,-1,6,30,1,1,1,15:45,6,2,97
2023522300743,2023,522300743,2,1,1,1,60,9,3,0,0,0,0,0,3,4,E01015007,-1,0,0.12146,0.87854,-1,6,30,8,1,4,08:35,4,2,3
2023052300738,2023,052300738,1,1,3,1,14,3,3,8,9,0,0,0,0,4,E01006537,-1,0,0.09079,0.90921,-1,6,30,1,1,1,08:10,3,1,9
2023471280455,2023,471280455,2,1,2,2,72,10,3,0,0,1,0,0,9,5,E01031794,3,1,0.0,1.0,-1,6,30,1,1,1,14:10,7,2,9
2023991369135,2023,991369135,1,1,2,2,6,2,3,0,0,2,0,0,9,-1,-1,3,1,0.0,1.0,-1,6,60,1,6,1,18:10,3,2,9
2023430288457,2023,430288457,1,2,1,1,16,4,3,0,0,0,0,0,1,6,E01016388,-1,0,0.11519,0.88481,-1,6,30,1,1,1,09:02,6,1,1
2023522301862,2023,522301862,1,1,1,1,32,6,2,0,0,0,0,0,3,3,E01014682,-1,0,1.0,0.0,-1,6,30,1,1,1,17:55,3,2,3
2023061393809,2023,061393809,2,2,1,1,46,8,3,0,0,0,0,0,9,5,E01018651,3,1,0.0,1.0,-1,6,30,1,4,1,17:29,5,2,9
2023302300982,2023,302300982,2,2,1,1,38,7,3,0,0,0,0,0,9,7,E01019634,-1,0,0.06235,0.93765,-1,3,70,1,1,1,08:30,4,2,9
2023340WN4672,2023,340WN4672,1,1,1,2,55,8,3,0,0,0,0,0,9,5,E01027232,-1,0,0.05434,0.94566,-1,1,40,1,1,1,14:30,5,2,9
2023351284999,2023,351284999,2,2,2,1,15,3,3,0,0,1,0,0,9,8,E01015690,3,1,0.0,1.0,-1,6,20,1,1,1,15:15,6,2,9
2023340NN0832,2023,340NN0832,1,1,1,2,19,4,3,0,0,0,0,0,-1,-1,-1,-1,0,0.09858,0.90142,-1,1,30,1,1,1,17:15,6,2,-1
2023542219823,2023,542219823,2,1,1,1,37,7,3,0,0,0,0,0,5,8,E01015552,-1,0,0.13949,0.86051,-1,3,70,1,1,1,17:17,3,2,5
2023451324119,2023,451324119,2,2,1,1,27,6,3,0,0,0,0,0,19,3,E01003372,3,1,0.0,1.0,-1,6,40,1,1,1,11:53,5,3,19
2023010477385,2023,010477385,1,3,2,2,61,9,3,0,0,0,4,0,11,2,E01003305,-1,0,0.0,1.0,-1,2,20,1,1,1,14:25,7,1,11
2023161314794,2023,161314794,1,1,1,1,30,6,2,0,0,0,0,0,5,5,E01012902,7,1,1.0,0.0,-1,6,30,1,1,1,13:45,1,1,5
2023991322095,2023,991322095,1,1,3,2,36,7,2,4,3,0,0,0,0,10,-1,7,1,1.0,0.0,-1,6,20,1,1,1,17:30,6,1,3
2023041337740,2023,041337740,2,1,1,1,52,8,2,0,0,0,0,0,1,5,E01025415,7,1,1.0,0.0,-1,6,30,9,1,2,18:00,3,2,1
2023131290114,2023,131290114,2,1,1,1,12,3,3,0,0,0,0,0,1,1,E01011346,3,1,0.0,1.0,-1,6,30,2,4,2,19:30,5,2,1
2023411343815,2023,411343815,2,1,1,1,38,7,3,0,0,0,0,0,1,7,E01023856,3,1,0.0,1.0,-1,6,30,2,1,2,09:55,2,2,1
2023010436882,2023,010436882,2,1,1,2,28,6,3,0,0,0,0,0,1,2,E01004226,-1,0,0.0,1.0,-1,3,30,2,1,2,16:41,3,2,1
2023010473300,2023,010473300,1,1,3,2,19,4,3,5,3,0,0,0,0,3,E01004331,-1,0,0.0,1.0,-1,6,20,2,4,2,18:40,4,1,9
2023311259164,2023,311259164,2,1,1,1,30,6,3,0,0,0,0,0,1,1,E01028261,3,1,0.0,1.0,-1,6,30,2,1,2,14:15,3,2,1
2023351320712,2023,351320712,2,1,2,1,30,6,3,0,0,0,0,0,19,4,E01018060,3,1,0.0,1.0,-1,6,60,1,1,1,07:15,4,3,19
2023010464770,2023,010464770,1,1,1,1,36,7,3,0,0,0,0,0,1,10,E01030403,-1,0,0.0,1.0,-1,1,30,1,1,1,08:40,4,2,1
2023010424106,2023,010424106,2,2,1,1,54,8,2,0,0,0,0,0,5,8,E01001392,-1,0,1.0,0.0,-1,3,20,2,4,1,00:51,1,2,5
2023041305116,2023,041305116,2,1,1,1,75,10,2,0,0,0,0,0,5,3,E01025571,6,1,1.0,0.0,-1,6,40,1,1,1,16:05,2,2,5
2023471312208,2023,471312208,1,1,2,2,43,7,2,0,0,0,0,0,5,4,E01020965,7,1,1.0,0.0,-1,6,60,1,6,1,22:12,7,1,5
2023231308038,2023,231308038,2,1,1,1,54,8,3,0,0,0,0,0,1,10,E01028804,3,1,0.0,1.0,-1,6,60,1,1,1,14:52,1,2,1
2023010422553,2023,010422553,1,1,1,1,23,5,3,0,0,0,0,0,2,4,E01002648,-1,0,0.0,1.0,-1,6,30,1,4,1,17:57,6,1,2
2023430173794,2023,430173794,3,2,1,1,39,7,2,0,0,0,0,0,9,-1,-1,-1,0,1.0,0.0,-1,6,50,1,1,1,17:50,6,3,9
2023471287156,2023,471287156,1,1,1,1,41,7,3,0,0,0,0,0,9,5,E01031470,3,1,0.0,1.0,-1,6,30,1,1,1,07:20,4,4,9
2023440054114,2023,440054114,2,2,1,2,17,4,3,0,0,0,0,0,9,7,E01031508,-1,0,0.03773,0.96227,-1,6,30,1,1,2,16:55,4,2,9
2023010476586,2023,010476586,1,1,2,1,47,8,3,0,0,0,2,0,11,3,E01001262,-1,0,0.0,1.0,-1,6,20,1,4,1,01:40,4,1,11
2023010482133,2023,010482133,1,1,2,1,61,9,3,0,0,0,3,0,11,5,E01003640,-1,0,0.0,1.0,-1,3,40,9,4,9,05:45,4,1,11
2023041329772,2023,041329772,1,5,2,1,16,4,2,0,0,2,0,0,9,2,E01025481,7,1,1.0,0.0,-1,6,60,1,6,1,00:46,7,1,9
2023332300726,2023,332300726,2,2,1,1,43,7,3,0,0,0,0,0,9,5,E01013606,-1,0,0.01815,0.98185,-1,6,30,1,1,1,13:20,6,3,9
2023311378857,2023,311378857,2,1,1,1,48,8,3,0,0,0,0,0,9,7,E01028018,3,1,0.0,1.0,-1,1,30,1,4,1,16:37,1,2,9
2023201370364,2023,201370364,1,1,1,2,34,6,3,0,0,0,0,0,9,5,E01010431,3,1,0.0,1.0,-1,3,50,1,1,1,17:51,5,2,9
2023371295386,2023,371295386,2,3,2,2,40,7,3,0,0,-1,0,0,9,7,E01030096,3,1,0.0,1.0,-1,6,30,1,1,1,18:35,1,2,9
2023332301295,2023,332301295,1,1,1,1,27,6,3,0,0,0,0,0,9,3,E01013765,-1,0,0.01725,0.98275,-1,6,30,1,1,2,13:00,6,2,9
2023201328570,2023,201328570,2,2,2,1,32,6,3,0,0,2,0,0,9,2,E01008892,3,1,0.0,1.0,-1,3,40,1,1,1,17:52,5,2,9
2023991315656,2023,991315656,1,1,1,2,83,11,3,0,0,0,0,0,9,7,-1,3,1,0.0,1.0,-1,6,60,1,1,1,17:55,3,1,9
2023161280526,2023,161280526,2,6,2,1,15,3,3,0,0,1,0,0,9,8,E01013269,3,1,0.0,1.0,-1,3,70,1,4,2,19:57,7,2,9
2023201306561,2023,201306561,1,1,1,1,81,11,3,0,0,0,0,0,9,10,E01010248,3,1,0.0,1.0,-1,6,30,1,1,1,11:50,3,1,9
2023471266633,2023,471266633,2,1,1,2,20,4,3,0,0,0,0,0,9,7,E01021222,3,1,0.0,1.0,-1,6,60,1,6,1,17:20,6,3,9
2023311343847,2023,311343847,2,1,1,1,68,10,3,0,0,0,0,0,9,4,E01028291,3,1,0.0,1.0,-1,6,40,8,1,1,10:12,2,3,9
2023401330379,2023,401330379,1,1,1,1,42,7,3,0,0,0,0,0,9,4,E01003934,3,1,0.0,1.0,-1,3,70,1,6,1,02:10,3,1,9
2023010482462,2023,010482462,2,1,1,2,22,5,3,0,0,0,0,0,9,3,E01001717,-1,0,0.0,1.0,-1,1,20,1,4,1,18:00,4,2,9
2023052300104,2023,052300104,1,1,2,2,60,9,3,0,0,1,0,0,9,-1,-1,-1,0,0.07244,0.92756,-1,3,40,1,1,2,15:00,4,2,9
2023201453244,2023,201453244,2,2,2,2,29,6,3,0,0,1,0,0,9,3,E01010496,3,1,0.0,1.0,-1,6,30,1,1,2,13:16,4,3,9
2023371329850,2023,371329850,1,1,1,1,18,4,2,0,0,0,0,0,9,9,E01026931,7,1,1.0,0.0,-1,6,30,2,1,2,14:47,1,1,9
2023461321555,2023,461321555,2,1,1,2,46,8,3,0,0,0,0,0,9,5,E01024356,3,1,0.0,1.0,-1,1,70,1,1,1,16:50,7,2,9
2023991340292,2023,991340292,1,1,3,1,40,7,1,9,5,0,0,0,0,-1,-1,1,1,0.0,0.0,-1,6,20,1,4,1,22:38,7,1,8
2023631321843,2023,631321843,2,1,1,1,57,9,2,0,0,0,0,0,5,1,E01008972,6,1,1.0,0.0,-1,6,60,1,1,1,20:50,2,2,5
2023440260795,2023,440260795,1,1,1,1,33,6,3,0,0,0,0,0,5,1,E01017281,-1,0,0.24392,0.75608,-1,6,40,1,4,1,22:49,5,1,5
2023471299296,2023,471299296,1,1,3,1,64,9,2,8,7,0,0,0,0,5,E01021109,7,1,1.0,0.0,-1,6,30,2,1,2,07:35,6,1,9
2023552301017,2023,552301017,1,1,3,1,13,3,3,9,9,0,0,0,0,5,E01015444,-1,0,0.10308,0.89692,-1,6,30,1,1,1,20:19,6,1,9
2023421328735,2023,421328735,2,5,2,1,2,1,3,0,0,2,0,0,8,10,E01021480,3,1,0.0,1.0,-1,3,70,1,1,1,18:10,2,2,8
2023131331913,2023,131331913,2,1,1,1,21,5,3,0,0,0,0,0,1,1,E01011504,3,1,0.0,1.0,-1,6,30,1,1,1,09:25,4,2,1
2023061359221,2023,061359221,1,1,3,2,26,6,3,6,9,0,0,2,0,10,E01004084,3,1,0.0,1.0,-1,6,30,1,1,1,16:10,3,1,11
2023440349506,2023,440349506,1,1,1,1,43,7,2,0,0,0,0,0,5,4,E01017122,-1,0,1.0,0.0,-1,6,30,1,1,1,12:45,3,2,5
2023332300458,2023,332300458,1,2,2,2,31,6,2,0,0,2,0,0,9,1,E01013675,-1,0,1.0,0.0,-1,6,30,1,1,1,15:29,7,2,9
2023421384466,2023,421384466,2,2,2,1,48,8,2,0,0,1,0,0,9,6,E01023314,6,1,1.0,0.0,-1,3,70,1,1,1,13:30,6,2,9
2023531344912,2023,531344912,1,4,2,2,43,7,2,0,0,1,0,0,9,-1,-1,7,1,1.0,0.0,-1,6,30,1,4,1,21:30,4,2,9
2023122301161,2023,122301161,1,1,1,1,29,6,3,0,0,0,0,0,9,-1,-1,-1,0,0.04196,0.95804,-1,3,30,8,1,1,18:45,3,2,9
2023131360378,2023,131360378,2,1,1,1,65,9,3,0,0,0,0,0,9,2,E01011656,3,1,0.0,1.0,-1,6,20,2,1,2,12:00,6,2,9
2023141339630,2023,141339630,1,2,2,1,28,6,3,0,0,1,0,0,9,3,E01007789,3,1,0.0,1.0,-1,6,60,1,1,1,19:35,3,1,9
2023411404748,2023,411404748,3,2,1,2,63,9,2,0,0,0,0,0,9,4,E01021841,5,1,1.0,0.0,-1,3,50,2,6,2,18:43,1,3,9
2023552301092,2023,552301092,2,1,1,1,57,9,3,0,0,0,0,0,9,4,E01015328,-1,0,0.0363,0.9637,-1,6,30,1,4,1,21:12,1,3,9
2023041393551,2023,041393551,2,1,1,1,55,8,2,0,0,0,0,0,3,1,E01025036,7,1,1.0,0.0,-1,6,30,2,5,2,15:06,7,3,3
2023411394395,2023,411394395,2,1,1,1,54,8,3,0,0,0,0,0,5,5,E01023761,3,1,0.0,1.0,-1,6,30,8,1,1,15:10,6,2,5
2023211269257,2023,211269257,2,1,1,1,61,9,2,0,0,0,0,0,9,8,E01029624,7,1,1.0,0.0,-1,6,60,1,4,2,18:19,6,3,9
2023461266935,2023,461266935,2,2,1,1,57,9,3,0,0,0,0,0,9,6,E01024220,3,1,0.0,1.0,-1,6,30,1,1,1,12:32,4,2,9
2023501329290,2023,501329290,1,1,1,2,78,11,3,0,0,0,0,0,9,3,E01020073,3,1,0.0,1.0,-1,6,60,1,1,1,14:11,5,2,9
2023991329751,2023,991329751,1,1,1,1,67,10,2,0,0,0,0,0,9,8,-1,6,1,1.0,0.0,-1,6,60,1,1,1,13:50,7,1,9
2023061332507,2023,061332507,2,1,1,2,24,5,3,0,0,0,0,0,9,1,E01033258,3,1,0.0,1.0,-1,6,30,2,1,2,18:26,1,2,9
2023302301843,2023,302301843,1,1,1,2,24,5,3,0,0,0,0,0,9,5,E01019407,-1,0,0.02275,0.97725,-1,6,30,1,4,1,17:00,4,2,9
2023340WN2212,2023,340WN2212,1,1,1,2,21,5,3,0,0,0,0,0,9,5,E01027133,-1,0,0.12505,0.87495,-1,6,60,1,1,1,15:45,7,1,9
2023430243437,2023,430243437,1,1,1,1,19,4,3,0,0,0,0,0,9,-1,-1,-1,0,0.00703,0.99297,-1,3,70,9,1,1,09:17,7,2,9
2023430355330,2023,430355330,2,1,1,2,29,6,3,0,0,0,0,0,9,9,E01016691,-1,0,0.0356,0.9644,-1,6,40,1,1,1,20:19,4,2,9
2023451306901,2023,451306901,1,1,1,2,21,5,3,0,0,0,0,0,9,1,E01016017,3,1,0.0,1.0,-1,7,70,1,1,1,09:45,7,1,9
2023461341301,2023,461341301,2,1,1,1,27,6,3,0,0,0,0,0,9,9,E01024834,3,1,0.0,1.0,-1,6,40,2,1,2,08:13,6,2,9
2023041341618,2023,041341618,4,1,2,2,57,9,2,0,0,1,0,0,9,7,E01025102,6,1,1.0,0.0,-1,3,30,2,1,2,16:05,2,4,9
2023320167823,2023,320167823,2,1,1,2,38,7,3,0,0,0,0,0,9,2,E01027983,-1,0,0.03628,0.96372,-1,3,70,1,6,1,18:45,5,2,9
2023461387240,2023,461387240,1,1,1,1,33,6,3,0,0,0,0,0,9,4,E01016048,3,1,0.0,1.0,-1,3,70,1,1,2,11:25,1,5,9
2023522301761,2023,522301761,1,1,1,1,20,4,3,0,0,0,0,0,9,7,E01029199,-1,0,0.06126,0.93874,-1,3,70,1,6,1,01:51,2,1,9
2023052302999,2023,052302999,1,1,1,1,15,3,2,0,0,0,0,0,1,1,E01006703,-1,0,1.0,0.0,-1,6,30,1,1,1,15:10,6,2,1
2023122301344,2023,122301344,1,1,1,1,57,9,2,0,0,0,0,0,1,10,E01027700,-1,0,1.0,0.0,-1,6,30,1,1,1,12:15,2,1,1
2023010481432,2023,010481432,1,1,1,1,26,6,3,0,0,0,0,0,3,5,E01003411,-1,0,0.0,1.0,-1,6,30,1,4,4,20:15,6,2,3
2023201270069,2023,201270069,1,1,1,1,24,5,3,0,0,0,0,0,23,3,E01009239,3,1,0.0,1.0,-1,3,40,2,4,2,21:06,7,2,23
2023010456228,2023,010456228,2,1,1,1,26,6,3,0,0,0,0,0,2,2,E01033599,-1,0,0.0,1.0,-1,7,20,1,1,1,09:50,5,2,2
2023421318264,2023,421318264,1,1,1,1,42,7,2,0,0,0,0,0,5,7,E01002301,7,1,1.0,0.0,-1,6,30,1,1,1,18:23,3,1,5
2023421260350,2023,421260350,1,1,3,1,66,10,2,6,7,0,0,0,0,8,E01021731,7,1,1.0,0.0,-1,6,30,1,4,1,20:50,5,1,9
2023340NN3702,2023,340NN3702,1,1,2,2,32,6,3,0,0,1,0,0,9,7,E01027102,-1,0,0.0421,0.9579,-1,6,30,1,1,1,16:00,1,2,9
2023991334445,2023,991334445,2,1,1,1,52,8,2,0,0,0,0,0,1,1,-1,7,1,1.0,0.0,-1,6,30,9,1,1,08:55,5,2,1
2023471332295,2023,471332295,2,1,1,2,71,10,3,0,0,0,0,0,9,5,E01031401,3,1,0.0,1.0,-1,6,60,2,1,2,17:50,7,3,9
2023461295957,2023,461295957,2,1,1,1,53,8,3,0,0,0,0,0,19,3,E01016834,3,1,0.0,1.0,-1,3,70,1,1,1,15:38,5,3,19
2023201288519,2023,201288519,1,4,2,2,17,4,3,0,0,2,0,0,9,2,W01001693,3,1,0.0,1.0,-1,6,30,1,1,1,16:49,6,2,9
2023991317905,2023,991317905,1,1,1,1,34,6,3,0,0,0,0,0,9,1,-1,3,1,0.0,1.0,-1,6,30,1,1,1,09:55,6,4,9
2023101307095,2023,101307095,2,1,1,2,43,7,3,0,0,0,0,0,9,2,E01008632,3,1,0.0,1.0,-1,6,20,1,1,1,18:30,5,2,9
2023221297286,2023,221297286,1,1,1,1,77,11,3,0,0,0,0,0,9,6,E01032374,3,1,0.0,1.0,-1,6,60,2,1,2,17:07,6,2,9
2023421342138,2023,421342138,2,1,1,2,55,8,3,0,0,0,0,0,9,10,E01015914,3,1,0.0,1.0,-1,6,30,1,1,1,18:30,4,2,9
2023052301234,2023,052301234,1,4,2,2,23,5,2,0,0,2,0,0,9,3,E01007297,-1,0,1.0,0.0,-1,6,30,1,4,1,21:51,1,2,9
2023351325177,2023,351325177,2,2,2,1,70,10,3,0,0,1,0,0,9,9,E01033433,3,1,0.0,1.0,-1,7,70,2,1,2,09:55,3,2,9
2023461359173,2023,461359173,2,1,1,2,49,8,3,0,0,0,0,0,9,8,E01033088,3,1,0.0,1.0,-1,3,70,1,1,1,07:05,5,2,9
2023161352254,2023,161352254,1,1,2,2,65,9,3,0,0,0,4,0,11,4,E01012934,3,1,0.0,1.0,-1,6,20,9,1,1,11:47,2,1,11
2023131363728,2023,131363728,2,1,1,2,36,7,3,0,0,0,0,0,9,7,E01011013,3,1,0.0,1.0,-1,6,30,1,1,1,08:20,3,2,9
2023401317624,2023,401317624,2,2,1,2,36,7,2,0,0,0,0,0,9,1,E01007472,5,1,1.0,0.0,-1,6,60,1,1,1,16:42,6,2,9