collision_index,collision_year,collision_ref_no,vehicle_reference,casualty_reference,casualty_class,sex_of_casualty,age_of_casualty,age_band_of_casualty,casualty_severity,pedestrian_location,pedestrian_movement,car_passenger,bus_or_coach_passenger,pedestrian_road_maintenance_worker,casualty_type,casualty_imd_decile,lsoa_of_casualty,enhanced_casualty_severity,casualty_injury_based,casualty_adjusted_severity_serious,casualty_adjusted_severity_slight,casualty_distance_banding,road_type,speed_limit,weather_conditions,light_conditions,road_surface_conditions,time,day_of_week,number_of_vehicles,vehicle_type
2023421314875,2023,421314875,2,1,1,2,40,7,3,0,0,0,0,0,9,5,E01033459,3,1,0.0,1.0,-1,6,50,1,1,1,07:00,2,2,9
2023161306453,2023,161306453,1,1,3,1,43,7,3,5,3,0,0,2,0,-1,-1,3,1,0.0,1.0,-1,3,30,1,1,1,10:47,4,1,9
2023101383324,2023,101383324,1,1,2,1,81,11,1,0,0,1,0,0,9,9,E01008448,1,1,0.0,0.0,-1,6,60,8,6,2,17:47,5,3,9
2023131346956,2023,131346956,2,3,2,2,17,4,3,0,0,1,0,0,9,2,E01010722,3,1,0.0,1.0,-1,6,60,1,1,1,16:54,3,2,9
2023991373182,2023,991373182,3,3,2,1,17,4,3,0,0,0,0,0,19,2,-1,3,1,0.0,1.0,-1,6,60,1,1,1,15:50,6,3,19
2023010452878,2023,010452878,2,1,1,1,59,9,3,0,0,0,0,0,9,-1,-1,-1,0,0.0,1.0,-1,7,30,1,1,1,05:09,2,2,9
2023010482698,2023,010482698,1,1,1,1,45,7,3,0,0,0,0,0,9,8,E01003897,-1,0,0.0,1.0,-1,6,20,2,1,2,16:15,5,2,9
2023351373795,2023,351373795,2,1,1,1,89,11,3,0,0,0,0,0,9,5,E01026290,3,1,0.0,1.0,-1,6,30,1,1,1,15:25,3,2,9
2023010456071,2023,010456071,1,2,3,1,38,7,3,6,9,0,0,0,0,5,E01003341,-1,0,0.0,1.0,-1,6,30,1,1,1,11:40,4,2,9
2023141315207,2023,141315207,2,1,1,2,31,6,3,0,0,0,0,0,1,8,E01007864,3,1,0.0,1.0,-1,1,30,1,1,1,19:38,2,2,1
2023010477097,2023,010477097,1,1,1,2,34,6,3,0,0,0,0,0,3,3,E01004228,-1,0,0.0,1.0,-1,9,20,9,1,9,11:45,5,2,3
2023010428287,2023,010428287,2,1,1,1,45,7,2,0,0,0,0,0,5,-1,-1,-1,0,1.0,0.0,-1,6,30,1,1,1,12:45,2,2,5
2023122300991,2023,122300991,2,3,2,2,61,9,2,0,0,2,0,0,8,8,E01027611,-1,0,1.0,0.0,-1,6,60,2,1,2,15:41,6,3,8
2023141269376,2023,141269376,1,1,1,1,47,8,3,0,0,0,0,0,9,7,E01007553,3,1,0.0,1.0,-1,6,40,1,1,1,14:13,7,2,9
2023311271320,2023,311271320,2,1,2,2,31,6,3,0,0,1,0,0,9,3,E01028062,3,1,0.0,1.0,-1,6,30,1,1,2,15:08,5,2,9
2023411317599,2023,411317599,2,2,2,2,31,6,3,0,0,1,0,0,9,6,E01023921,3,1,0.0,1.0,-1,9,20,1,1,-1,11:05,2,2,9
2023010428746,2023,010428746,1,1,3,1,63,9,3,5,1,0,0,0,0,2,E01003967,-1,0,0.0,1.0,-1,6,20,1,1,1,08:10,5,1,1
2023320511798,2023,320511798,2,2,2,2,22,5,3,0,0,1,0,0,9,1,E01009501,-1,0,0.01233,0.98767,-1,6,60,1,1,1,14:14,1,2,9
2023111286538,2023,111286538,2,1,1,2,26,6,3,0,0,0,0,0,9,6,E01020642,3,1,0.0,1.0,-1,6,30,1,1,1,08:10,2,2,9
2023991352073,2023,991352073,1,1,1,2,28,6,3,0,0,0,0,0,9,7,-1,3,1,0.0,1.0,-1,6,30,1,1,1,19:20,3,2,9
2023010424787,2023,010424787,1,1,3,1,64,9,2,5,1,0,0,0,0,4,E01002406,-1,0,1.0,0.0,-1,6,30,1,4,1,19:12,4,1,9
2023141296892,2023,141296892,2,1,3,2,62,9,3,6,9,0,0,0,0,1,E01007901,3,1,0.0,1.0,-1,6,30,1,1,1,17:35,3,2,9
2023010479323,2023,010479323,1,1,1,1,33,6,3,0,0,0,0,0,3,-1,-1,-1,0,0.0,1.0,-1,9,30,9,1,9,12:23,3,2,3
2023101346812,2023,101346812,1,3,2,2,71,10,3,0,0,1,0,0,9,9,E01027526,3,1,0.0,1.0,-1,6,60,1,1,1,12:37,3,2,9
2023231291126,2023,231291126,1,2,2,1,67,10,2,0,0,2,0,0,9,1,E01009572,6,1,1.0,0.0,-1,3,70,1,1,1,08:00,2,3,9
2023461284909,2023,461284909,1,1,1,2,50,8,3,0,0,0,0,0,9,4,E01000731,3,1,0.0,1.0,-1,3,70,1,5,1,17:15,6,2,9
2023471358241,2023,471358241,2,1,1,2,37,7,3,0,0,0,0,0,9,8,E01020953,3,1,0.0,1.0,-1,3,70,1,1,2,07:37,6,2,9
2023501334030,2023,501334030,2,1,1,1,36,7,3,0,0,0,0,0,9,5,E01015213,3,1,0.0,1.0,-1,6,30,1,1,1,19:00,7,2,9
2023991358308,2023,991358308,1,1,1,1,22,5,2,0,0,0,0,0,9,4,-1,6,1,1.0,0.0,-1,6,40,1,6,1,21:41,1,1,9
2023461312802,2023,461312802,1,1,3,1,61,9,3,10,9,0,0,0,0,9,E01024851,3,1,0.0,1.0,-1,6,30,1,1,1,11:27,6,1,9
2023010441330,2023,010441330,1,1,1,1,48,8,3,0,0,0,0,0,1,3,E01000637,-1,0,0.0,1.0,-1,6,20,2,1,2,12:41,6,2,1
2023201283353,2023,201283353,2,1,1,2,12,3,2,0,0,0,0,0,1,-1,-1,7,1,1.0,0.0,-1,6,30,1,4,1,18:20,1,2,1
2023041316927,2023,041316927,1,1,1,2,70,10,3,0,0,0,0,0,9,6,E01025315,3,1,0.0,1.0,-1,6,20,1,1,1,17:38,6,4,9
2023141321961,2023,141321961,1,1,1,1,33,6,3,0,0,0,0,0,19,-1,-1,3,1,0.0,1.0,-1,6,30,1,1,1,16:34,5,2,19
2023070734834,2023,070734834,2,1,3,2,31,6,3,8,5,0,0,0,0,2,E01006862,-1,0,0.05786,0.94214,-1,6,30,1,1,1,13:25,5,2,9
2023430014739,2023,430014739,1,1,1,1,41,7,3,0,0,0,0,0,1,7,E01017705,-1,0,0.03484,0.96516,-1,1,30,1,4,2,16:35,3,2,1
2023371311043,2023,371311043,2,1,1,1,61,9,3,0,0,0,0,0,19,8,E01022057,3,1,0.0,1.0,-1,6,30,1,1,1,11:30,4,2,19
2023501288915,2023,501288915,1,1,1,1,27,6,3,0,0,0,0,0,19,4,E01015169,3,1,0.0,1.0,-1,6,30,1,4,1,02:00,7,1,19
202354A307723,2023,54A307723,1,1,1,1,57,9,3,0,0,0,0,0,19,6,E01029040,-1,0,0.05235,0.94765,-1,6,40,1,1,1,15:30,5,2,19
2023010439824,2023,010439824,1,1,1,1,28,6,3,0,0,0,0,0,3,3,E01003339,-1,0,0.0,1.0,-1,6,20,2,1,2,15:40,5,1,3
2023010437677,2023,010437677,1,1,3,2,23,5,2,6,9,0,0,0,0,-1,-1,-1,0,1.0,0.0,-1,6,20,1,1,1,12:20,1,1,9
2023010465866,2023,010465866,1,1,3,1,78,11,3,5,1,0,0,0,0,7,E01002679,-1,0,0.0,1.0,-1,6,30,1,1,1,08:35,5,1,9
2023471393619,2023,471393619,2,2,2,2,3,1,3,0,0,2,0,0,9,9,E01031800,3,1,0.0,1.0,-1,3,70,1,1,2,15:41,6,2,9
2023031353342,2023,031353342,2,1,1,1,30,6,3,0,0,0,0,0,3,1,E01019197,3,1,0.0,1.0,-1,6,30,1,1,1,15:09,1,2,3
2023411273177,2023,411273177,1,1,1,1,76,11,3,0,0,0,0,0,5,4,E01023447,3,1,0.0,1.0,-1,6,30,2,4,2,19:20,4,2,5
2023231396352,2023,231396352,1,2,2,1,80,11,3,0,0,1,0,0,9,8,E01031180,3,1,0.0,1.0,-1,6,50,1,1,1,10:40,5,2,9
2023311355934,2023,311355934,2,1,2,2,32,6,2,0,0,1,0,0,9,10,E01033390,7,1,1.0,0.0,-1,6,30,1,1,1,09:45,3,2,9
202354A331523,2023,54A331523,1,1,1,2,38,7,3,0,0,0,0,0,9,4,E01032014,-1,0,0.0287,0.9713,-1,6,30,1,1,1,09:20,6,2,9
2023010463304,2023,010463304,1,1,1,1,51,8,3,0,0,0,0,0,1,4,E01002016,-1,0,0.0,1.0,-1,6,20,1,4,1,00:25,5,2,1
2023010455953,2023,010455953,1,1,1,1,60,9,3,0,0,0,0,0,9,9,E01024299,-1,0,0.0,1.0,-1,6,30,1,1,1,10:45,2,2,9
2023161389983,2023,161389983,2,2,1,1,48,8,3,0,0,0,0,0,9,8,E01013170,3,1,0.0,1.0,-1,6,30,2,1,2,14:57,3,3,9
2023531283304,2023,531283304,1,2,2,1,22,5,3,0,0,1,0,0,9,-1,-1,3,1,0.0,1.0,-1,3,70,1,6,1,23:45,1,2,9
2023201283833,2023,201283833,1,1,3,1,36,7,3,5,1,0,0,0,0,8,E01031112,3,1,0.0,1.0,-1,6,20,1,4,1,18:00,7,1,9
2023010443206,2023,010443206,1,1,1,2,39,7,3,0,0,0,0,0,3,4,E01000997,-1,0,0.0,1.0,-1,6,30,1,1,1,14:00,2,2,3
2023440068592,2023,440068592,1,2,2,2,48,8,3,0,0,1,0,0,9,3,E01017366,-1,0,0.19595,0.80405,-1,6,60,1,6,1,19:37,7,1,9
2023520400107,2023,520400107,1,1,1,2,71,10,3,0,0,0,0,0,9,8,E01029023,-1,0,0.00804,0.99196,-1,1,30,2,1,2,13:49,5,2,9
2023401268194,2023,401268194,1,3,2,1,32,6,3,0,0,0,0,0,19,10,E01017650,3,1,0.0,1.0,-1,3,70,1,1,2,15:32,2,2,19
2023010443320,2023,010443320,1,1,3,1,72,10,3,8,9,0,0,0,0,2,E01004023,-1,0,0.0,1.0,-1,6,30,9,1,1,15:35,3,1,9
2023320782945,2023,320782945,1,1,2,2,69,10,3,0,0,1,0,0,9,4,E01012929,-1,0,0.1407,0.8593,-1,6,60,1,1,2,14:15,5,2,9
2023010451296,2023,010451296,1,1,1,1,26,6,3,0,0,0,0,0,3,5,E01003951,-1,0,0.0,1.0,-1,2,30,1,1,1,13:30,7,3,3
2023010456179,2023,010456179,1,1,1,1,35,6,2,0,0,0,0,0,3,2,E01004725,-1,0,1.0,0.0,-1,3,30,1,4,1,19:44,4,2,3
2023101352465,2023,101352465,1,1,3,1,-1,-1,3,6,9,0,0,0,0,-1,-1,3,1,0.0,1.0,-1,6,20,1,1,1,10:30,3,1,19
2023131365226,2023,131365226,1,1,3,1,13,3,3,8,9,0,0,2,0,1,E01011430,3,1,0.0,1.0,-1,6,30,5,1,2,07:38,6,1,9
2023991266457,2023,991266457,1,1,3,1,20,4,3,1,1,0,0,0,0,-1,-1,3,1,0.0,1.0,-1,6,20,1,4,1,16:48,7,1,9
2023010477977,2023,010477977,1,1,3,2,30,6,3,1,1,0,0,0,0,-1,-1,-1,0,0.0,1.0,-1,6,20,1,4,2,17:50,3,1,19
2023421340927,2023,421340927,2,1,1,1,56,9,2,0,0,0,0,0,1,2,E01015900,5,1,1.0,0.0,-1,6,30,8,1,1,08:26,7,2,1
2023401368405,2023,401368405,1,2,2,1,25,5,3,0,0,1,0,0,9,10,E01017436,3,1,0.0,1.0,-1,6,30,1,4,1,03:05,1,1,9
2023471267919,2023,471267919,1,1,1,1,19,4,3,0,0,0,0,0,9,7,E01016896,3,1,0.0,1.0,-1,6,60,7,6,2,12:00,4,1,9
2023070893810,2023,070893810,2,1,1,1,49,8,3,0,0,0,0,0,5,4,E01006399,-1,0,0.18222,0.81778,-1,6,50,1,1,1,12:40,1,2,5
2023461370085,2023,461370085,2,2,1,1,31,6,3,0,0,0,0,0,9,8,E01002322,3,1,0.0,1.0,-1,3,50,1,7,1,17:41,2,2,9
2023010420646,2023,010420646,1,1,2,2,35,6,3,0,0,1,0,0,9,4,E01002455,-1,0,0.0,1.0,-1,3,40,2,4,2,19:20,3,2,9
2023340WN6292,2023,340WN6292,1,1,1,2,40,7,2,0,0,0,0,0,9,3,E01026988,-1,0,1.0,0.0,-1,6,60,1,1,2,08:30,6,2,9
2023552301540,2023,552301540,1,1,2,2,17,4,2,0,0,1,0,0,9,10,E01015459,-1,0,1.0,0.0,-1,6,30,1,4,1,01:03,3,2,9
2023010436170,2023,010436170,2,1,1,2,56,9,3,0,0,0,0,0,9,-1,-1,-1,0,0.0,1.0,-1,3,30,1,1,2,13:51,5,3,9
2023061307898,2023,061307898,2,1,1,2,50,8,3,0,0,0,0,0,9,1,E01004823,3,1,0.0,1.0,-1,6,30,1,1,1,12:15,6,2,9
2023543879223,2023,543879223,1,1,2,1,79,11,3,0,0,1,0,0,9,6,E01020462,-1,0,0.08898,0.91102,-1,6,60,9,1,1,11:41,5,2,9
2023061301787,2023,061301787,1,1,3,1,4,1,3,9,9,0,0,0,0,1,E01004996,3,1,0.0,1.0,-1,3,30,1,1,1,16:27,3,1,19
2023471370702,2023,471370702,1,1,3,1,64,9,3,9,6,0,0,2,0,6,E01022814,3,1,0.0,1.0,-1,6,30,2,4,5,16:12,7,1,5
2023471312807,2023,471312807,2,1,1,1,16,4,3,0,0,0,0,0,2,5,E01021000,3,1,0.0,1.0,-1,6,60,1,1,1,15:40,3,2,2
2023031302393,2023,031302393,1,1,1,2,91,11,3,0,0,0,0,0,9,7,E01019092,3,1,0.0,1.0,-1,6,60,1,1,1,10:30,7,2,9
2023041303615,2023,041303615,1,1,1,2,42,7,3,0,0,0,0,0,9,5,E01025243,3,1,0.0,1.0,-1,6,20,1,1,1,08:59,4,2,9
2023061323366,2023,061323366,2,1,1,1,-1,-1,3,0,0,0,0,0,9,-1,-1,3,1,0.0,1.0,-1,6,30,1,1,1,17:45,3,2,9
2023451377338,2023,451377338,2,1,2,2,81,11,3,0,0,2,0,0,9,5,E01023139,3,1,0.0,1.0,-1,6,30,1,4,1,22:20,3,2,9
2023541285923,2023,541285923,1,2,2,2,17,4,3,0,0,1,0,0,9,9,E01031930,-1,0,0.1196,0.8804,-1,6,60,1,6,1,23:08,7,1,9
2023070078332,2023,070078332,2,1,1,2,19,4,3,0,0,0,0,0,1,-1,-1,-1,0,0.01682,0.98318,-1,6,30,1,1,1,10:00,6,2,1
2023010479706,2023,010479706,1,1,1,1,29,6,3,0,0,0,0,0,3,5,E01000360,-1,0,0.0,1.0,-1,2,20,1,1,1,09:40,5,2,3
2023552301239,2023,552301239,1,1,1,1,17,4,2,0,0,0,0,0,3,4,E01020496,-1,0,1.0,0.0,-1,6,60,1,1,1,17:08,3,2,3
2023461345089,2023,461345089,2,1,1,1,72,10,3,0,0,0,0,0,4,4,E01024587,3,1,0.0,1.0,-1,6,30,1,1,1,13:14,5,2,4
2023041279022,2023,041279022,2,2,2,2,41,7,2,0,0,1,0,0,9,-1,-1,5,1,1.0,0.0,-1,6,30,1,4,1,22:31,2,2,9
2023061314002,2023,061314002,1,1,1,1,25,5,2,0,0,0,0,0,9,1,E01005475,6,1,1.0,0.0,-1,6,30,1,4,1,02:45,6,1,9
2023101298270,2023,101298270,1,1,1,1,26,6,2,0,0,0,0,0,9,3,E01008169,7,1,1.0,0.0,-1,3,40,1,1,1,11:45,3,3,9
2023221261338,2023,221261338,1,1,1,1,31,6,3,0,0,0,0,0,9,5,E01032444,3,1,0.0,1.0,-1,6,30,1,1,1,14:45,2,2,9
2023221342202,2023,221342202,1,1,1,2,33,6,3,0,0,0,0,0,9,6,E01028943,3,1,0.0,1.0,-1,6,30,1,4,1,21:24,6,2,9
2023351326437,2023,351326437,1,1,1,2,33,6,2,0,0,0,0,0,9,6,E01030112,7,1,1.0,0.0,-1,6,60,1,1,1,07:50,3,1,9
2023131318273,2023,131318273,1,1,1,1,18,4,2,0,0,0,0,0,3,3,E01011752,7,1,1.0,0.0,-1,6,30,1,1,1,19:05,3,2,3
2023311269559,2023,311269559,2,1,1,1,15,3,2,0,0,0,0,0,-1,4,E01028291,7,1,1.0,0.0,-1,6,30,1,1,1,12:35,1,2,-1
2023311307208,2023,311307208,1,1,1,1,20,4,3,0,0,0,0,0,-1,-1,-1,3,1,0.0,1.0,-1,6,30,2,4,2,02:20,7,1,-1
2023010424712,2023,010424712,2,1,1,1,40,7,2,0,0,0,0,0,1,2,E01003299,-1,0,1.0,0.0,-1,3,30,1,1,3,10:13,4,3,1
2023471338458,2023,471338458,2,1,1,1,24,5,3,0,0,0,0,0,4,9,E01031772,3,1,0.0,1.0,-1,6,30,1,1,1,19:40,5,2,4
2023401387100,2023,401387100,1,1,1,2,57,9,3,0,0,0,0,0,9,4,E01017570,3,1,0.0,1.0,-1,6,20,2,1,2,08:52,5,2,9
2023471278805,2023,471278805,1,1,1,1,25,5,3,0,0,0,0,0,9,6,E01014648,3,1,0.0,1.0,-1,3,70,1,6,1,21:46,1,1,9
2023221352399,2023,221352399,2,1,1,1,29,6,3,0,0,0,0,0,21,1,E01014164,3,1,0.0,1.0,-1,6,60,1,1,1,08:35,6,2,21
2023131279188,2023,131279188,2,1,1,1,68,10,2,0,0,0,0,0,9,1,E01011344,6,1,1.0,0.0,-1,6,40,1,4,1,01:20,2,2,9
2023320244967,2023,320244967,1,1,1,1,56,9,3,0,0,0,0,0,9,4,E01026009,-1,0,0.07337,0.92663,-1,6,40,1,7,1,05:15,2,2,9
2023430067629,2023,430067629,2,1,1,2,65,9,3,0,0,0,0,0,9,8,E01028766,-1,0,0.04752,0.95248,-1,6,60,1,1,1,15:46,2,2,9
2023440369351,2023,440369351,2,1,1,2,57,9,3,0,0,0,0,0,9,9,E01022879,-1,0,0.0887,0.9113,-1,6,40,1,6,1,21:56,1,2,9
2023522300567,2023,522300567,2,1,1,2,32,6,3,0,0,0,0,0,9,10,E01014417,-1,0,0.01991,0.98009,-1,6,30,1,1,2,15:30,5,3,9
2023161261309,2023,161261309,2,1,1,1,34,6,3,0,0,0,0,0,9,5,E01012796,3,1,0.0,1.0,-1,6,30,2,4,2,17:40,2,2,9
2023501360658,2023,501360658,2,1,1,1,58,9,2,0,0,0,0,0,1,6,E01020033,7,1,1.0,0.0,-1,6,30,1,1,1,09:20,4,2,1
2023010477974,2023,010477974,1,1,1,1,29,6,3,0,0,0,0,0,3,4,E01002042,-1,0,0.0,1.0,-1,9,20,1,4,1,17:00,6,2,3
2023311388803,2023,311388803,1,1,1,1,57,9,2,0,0,0,0,0,4,9,E01028360,6,1,1.0,0.0,-1,6,40,8,4,2,16:42,6,2,4
2023122301038,2023,122301038,2,1,2,2,64,9,3,0,0,1,0,0,9,4,E01011858,-1,0,0.04547,0.95453,-1,6,30,8,1,2,14:16,7,2,9
2023161366698,2023,161366698,4,1,1,2,44,7,3,0,0,0,0,0,9,1,E01012790,3,1,0.0,1.0,-1,6,30,1,5,2,17:00,3,4,9
2023311366552,2023,311366552,2,1,2,2,35,6,3,0,0,1,0,0,9,9,E01013981,3,1,0.0,1.0,-1,1,40,1,1,1,13:08,1,2,9
2023991351412,2023,991351412,1,2,2,2,23,5,3,0,0,1,0,0,9,5,-1,3,1,0.0,1.0,-1,6,40,1,1,1,15:20,5,2,9
2023070620121,2023,070620121,2,1,1,1,40,7,3,0,0,0,0,0,1,2,E01012534,-1,0,0.04631,0.95369,-1,6,30,1,1,1,12:50,5,2,1
2023131345276,2023,131345276,2,1,1,1,27,6,3,0,0,0,0,0,1,-1,-1,3,1,0.0,1.0,-1,6,30,1,4,1,20:25,5,2,1
2023201370367,2023,201370367,2,1,1,2,26,6,3,0,0,0,0,0,9,-1,-1,3,1,0.0,1.0,-1,6,30,1,4,1,22:40,3,2,9
2023361365213,2023,361365213,2,1,1,2,30,6,3,0,0,0,0,0,9,7,E01026539,3,1,0.0,1.0,-1,6,50,5,1,5,13:35,6,2,9
2023622300871,2023,622300871,1,1,3,1,85,11,3,5,2,0,0,0,0,1,W01001876,-1,0,0.18951,0.81049,-1,6,20,1,1,1,15:09,3,1,19
2023061353334,2023,061353334,1,1,2,2,74,10,2,0,0,-1,0,0,9,3,E01007083,7,1,1.0,0.0,-1,3,70,1,1,1,10:50,1,2,9
2023101302987,2023,101302987,2,2,1,1,55,8,3,0,0,0,0,0,9,-1,-1,3,1,0.0,1.0,-1,6,30,1,1,1,12:00,3,3,9
2023201370586,2023,201370586,1,3,2,2,11,3,3,0,0,1,0,0,9,2,E01010270,3,1,0.0,1.0,-1,6,30,1,1,1,16:00,2,2,9
2023010425797,2023,010425797,2,1,1,1,19,4,3,0,0,0,0,0,1,8,E01002294,-1,0,0.0,1.0,-1,3,50,7,1,4,08:30,3,2,1
2023211327143,2023,211327143,2,1,1,1,83,11,2,0,0,0,0,0,4,-1,-1,7,1,1.0,0.0,-1,6,60,1,1,1,16:00,6,2,4
2023061280699,2023,061280699,1,1,1,1,36,7,2,0,0,0,0,0,9,4,E01006280,5,1,1.0,0.0,-1,6,30,1,1,1,06:15,1,1,9
2023201342774,2023,201342774,1,1,1,1,40,7,3,0,0,0,0,0,9,10,E01009827,3,1,0.0,1.0,-1,6,30,1,1,1,17:37,1,3,9
2023122300499,2023,122300499,1,2,2,2,39,7,3,0,0,0,4,0,11,6,E01027784,-1,0,0.04032,0.95968,-1,6,30,1,1,1,16:01,1,1,11
2023411326151,2023,411326151,1,1,3,1,22,5,3,10,9,0,0,0,0,6,E01033311,3,1,0.0,1.0,-1,6,30,1,4,1,22:15,3,1,-1
2023610018223,2023,610018223,1,2,3,1,1,1,3,6,9,0,0,0,0,5,W01001644,-1,0,0.15831,0.84169,-1,6,30,1,1,1,16:11,3,1,1
2023522400614,2023,522400614,1,1,1,2,26,6,2,0,0,0,0,0,1,3,E01014684,-1,0,1.0,0.0,-1,6,20,2,1,2,08:02,4,2,1
2023010435249,2023,010435249,1,1,1,1,28,6,3,0,0,0,0,0,3,3,E01004037,-1,0,0.0,1.0,-1,1,20,1,1,1,14:40,5,2,3
2023201371935,2023,201371935,2,1,1,1,31,6,3,0,0,0,0,0,9,2,E01009314,3,1,0.0,1.0,-1,6,30,1,4,1,00:09,4,3,9
2023311295183,2023,311295183,2,1,2,1,33,6,3,0,0,1,0,0,9,2,E01019644,3,1,0.0,1.0,-1,1,30,2,1,2,17:52,2,2,9
2023340WN3062,2023,340WN3062,1,1,2,2,46,8,3,0,0,1,0,0,9,10,E01017397,-1,0,0.06796,0.93204,-1,1,60,1,1,1,18:30,2,2,9
2023421388402,2023,421388402,1,1,3,1,16,4,3,5,1,0,0,0,0,5,E01021954,3,1,0.0,1.0,-1,3,30,2,4,2,16:11,5,1,9
2023501344063,2023,501344063,1,1,2,1,23,5,3,0,0,1,0,0,9,7,E01019077,3,1,0.0,1.0,-1,6,60,1,6,2,12:00,5,1,9
2023041391109,2023,041391109,1,1,3,2,65,9,3,5,2,0,0,0,0,2,E01025220,3,1,0.0,1.0,-1,2,30,2,1,2,12:30,4,1,9
2023010437370,2023,010437370,1,1,1,1,26,6,2,0,0,0,0,0,3,6,E01004151,-1,0,1.0,0.0,-1,6,30,1,1,2,07:30,4,2,3
2023141346209,2023,141346209,1,1,1,1,31,6,2,0,0,0,0,0,9,-1,-1,5,1,1.0,0.0,-1,6,30,1,1,1,19:45,2,2,9
2023440284186,2023,440284186,2,1,1,1,60,9,2,0,0,0,0,0,9,4,E01022568,-1,0,1.0,0.0,-1,6,50,7,1,2,07:16,7,2,9
2023201296611,2023,201296611,1,1,1,1,84,11,3,0,0,0,0,0,9,1,E01009182,3,1,0.0,1.0,-1,6,30,1,1,1,17:08,7,1,9
2023361358505,2023,361358505,3,3,2,1,39,7,3,0,0,-1,0,0,9,9,E01026938,3,1,0.0,1.0,-1,6,60,1,1,1,12:37,2,3,9
2023440093831,2023,440093831,1,1,1,2,46,8,3,0,0,0,0,0,9,5,E01023011,-1,0,0.03335,0.96665,-1,6,30,1,6,1,20:20,3,2,9
2023440375740,2023,440375740,1,1,1,1,41,7,3,0,0,0,0,0,1,4,E01017071,-1,0,0.1348,0.8652,-1,6,30,1,1,1,19:00,5,2,1
2023430440257,2023,430440257,1,1,1,1,37,7,3,0,0,0,0,0,5,10,E01016618,-1,0,0.19171,0.80829,-1,6,60,1,1,1,10:08,1,1,5
2023991377307,2023,991377307,1,1,1,1,57,9,3,0,0,0,0,0,5,6,-1,3,1,0.0,1.0,-1,6,30,1,4,1,17:21,3,1,5
2023451345980,2023,451345980,1,1,1,2,36,7,3,0,0,0,0,0,9,10,E01030590,3,1,0.0,1.0,-1,3,30,2,1,2,11:40,7,2,9
2023520400143,2023,520400143,1,1,1,2,60,9,3,0,0,0,0,0,9,5,E01029058,-1,0,0.02957,0.97043,-1,6,30,8,1,2,12:48,3,2,9
2023622300169,2023,622300169,1,4,2,1,53,8,3,0,0,2,0,0,9,9,W01001284,-1,0,0.14473,0.85527,-1,6,50,1,6,1,23:56,7,1,9
2023440087098,2023,440087098,1,1,2,2,60,9,3,0,0,0,0,0,10,7,E01028678,-1,0,0.10619,0.89381,-1,3,70,1,1,2,13:38,6,2,10
2023010451078,2023,010451078,1,1,3,2,16,4,3,8,3,0,0,0,0,2,E01003947,-1,0,0.0,1.0,-1,6,30,1,4,1,23:15,6,1,9
2023320451048,2023,320451048,1,1,1,1,26,6,3,0,0,0,0,0,4,3,E01026984,-1,0,0.1625,0.8375,-1,6,60,1,1,1,10:07,6,2,4
2023451304500,2023,451304500,2,1,1,1,39,7,3,0,0,0,0,0,9,8,E01030708,3,1,0.0,1.0,-1,6,30,1,1,1,15:26,6,2,9
2023461364061,2023,461364061,1,1,3,1,13,3,3,8,1,0,0,0,0,2,E01024248,3,1,0.0,1.0,-1,6,30,1,1,1,16:50,1,1,9
2023361311935,2023,361311935,1,1,1,1,24,5,2,0,0,0,0,0,5,4,E01026776,5,1,1.0,0.0,-1,6,30,1,1,1,18:13,6,2,5
2023010438726,2023,010438726,1,1,2,-1,-1,-1,3,0,0,2,0,0,9,4,E01021868,-1,0,0.0,1.0,-1,6,20,1,1,1,19:13,6,2,9
2023010484552,2023,010484552,1,1,2,2,27,6,3,0,0,1,0,0,9,2,E01023338,-1,0,0.0,1.0,-1,6,40,1,1,1,12:40,1,3,9
2023061333897,2023,061333897,2,2,2,2,35,6,3,0,0,1,0,0,9,1,E01005246,3,1,0.0,1.0,-1,2,30,1,4,1,02:00,4,2,9
2023211337610,2023,211337610,1,4,2,1,18,4,2,0,0,-1,0,0,9,6,E01029524,5,1,1.0,0.0,-1,6,60,1,6,1,02:38,7,1,9
2023522300602,2023,522300602,2,2,1,2,32,6,3,0,0,0,0,0,9,4,E01015020,-1,0,0.04107,0.95893,-1,6,60,1,6,4,17:30,2,2,9
2023320663734,2023,320663734,1,1,3,2,11,3,3,1,1,0,0,0,0,-1,-1,-1,0,0.13898,0.86102,-1,6,30,1,1,1,15:40,1,1,9
2023461287661,2023,461287661,1,1,3,1,-1,-1,3,10,9,0,0,0,0,4,E01024179,3,1,0.0,1.0,-1,6,30,1,1,1,15:10,6,1,9
202354A035223,2023,54A035223,1,1,2,2,4,1,2,0,0,2,0,0,9,9,E01031965,-1,0,1.0,0.0,-1,6,60,1,1,1,14:22,5,1,9
2023010450624,2023,010450624,1,1,1,2,37,7,3,0,0,0,0,0,90,3,E01016173,-1,0,0.0,1.0,-1,6,30,1,4,1,23:50,4,2,90
2023010460146,2023,010460146,1,1,3,1,26,6,2,5,1,0,0,0,0,6,E01002135,-1,0,1.0,0.0,-1,3,20,1,1,1,14:05,6,1,9
2023161311858,2023,161311858,1,1,3,2,31,6,3,5,1,0,0,0,0,2,E01013331,3,1,0.0,1.0,-1,6,30,1,1,1,08:45,5,1,9
2023141315507,2023,141315507,1,1,1,1,55,8,3,0,0,0,0,0,9,1,E01007573,3,1,0.0,1.0,-1,6,50,1,1,1,19:14,1,1,9