collision_index,collision_year,collision_ref_no,vehicle_reference,casualty_reference,casualty_class,sex_of_casualty,age_of_casualty,age_band_of_casualty,casualty_severity,pedestrian_location,pedestrian_movement,car_passenger,bus_or_coach_passenger,pedestrian_road_maintenance_worker,casualty_type,casualty_imd_decile,lsoa_of_casualty,enhanced_casualty_severity,casualty_injury_based,casualty_adjusted_severity_serious,casualty_adjusted_severity_slight,casualty_distance_banding,road_type,speed_limit,weather_conditions,light_conditions,road_surface_conditions,time,day_of_week,number_of_vehicles,vehicle_type
2023302300733,2023,302300733,2,1,1,1,26,6,3,0,0,0,0,0,9,4,E01015957,-1,0,0.05973,0.94027,-1,3,70,1,1,1,12:05,5,3,9
2023501326688,2023,501326688,1,1,1,1,79,11,3,0,0,0,0,0,9,5,E01018904,3,1,0.0,1.0,-1,6,60,1,1,1,21:42,4,2,9
2023031386372,2023,031386372,1,1,2,1,60,9,2,0,0,1,0,0,19,6,E01019304,5,1,1.0,0.0,-1,6,60,1,1,2,12:48,1,1,19
2023320376074,2023,320376074,1,1,1,1,15,3,3,0,0,0,0,0,1,-1,-1,-1,0,0.09286,0.90714,-1,6,30,9,1,1,15:50,7,2,1
2023522301346,2023,522301346,1,1,1,1,45,7,3,0,0,0,0,0,1,6,E01014528,-1,0,0.03731,0.96269,-1,6,20,1,1,1,08:00,4,2,1
2023361272259,2023,361272259,1,1,1,2,24,5,3,0,0,0,0,0,9,4,E01026739,3,1,0.0,1.0,-1,6,60,1,1,4,08:28,7,1,9
2023543523723,2023,543523723,2,2,2,2,5,1,3,0,0,2,0,0,9,8,E01015549,-1,0,0.00208,0.99792,-1,1,30,1,1,1,10:56,2,2,9
2023501263245,2023,501263245,1,1,3,1,34,6,3,5,1,0,0,0,0,7,E01015250,3,1,0.0,1.0,-1,6,30,1,4,1,07:10,6,1,9
2023371392900,2023,371392900,2,1,1,1,50,8,3,0,0,0,0,0,1,6,E01029879,3,1,0.0,1.0,-1,6,30,1,4,2,21:50,2,2,1
2023522400072,2023,522400072,1,1,1,1,35,6,3,0,0,0,0,0,3,1,E01033358,-1,0,0.03881,0.96119,-1,6,20,1,1,1,12:26,4,2,3
2023421370174,2023,421370174,1,2,1,1,52,8,2,0,0,0,0,0,5,-1,-1,7,1,1.0,0.0,-1,6,40,1,1,2,07:00,6,2,5
2023622300899,2023,622300899,2,2,2,1,75,10,3,0,0,2,0,0,8,8,W01000892,-1,0,0.0296,0.9704,-1,6,20,1,4,1,23:50,7,2,8
2023461346685,2023,461346685,1,1,1,1,19,4,3,0,0,0,0,0,9,2,E01016040,3,1,0.0,1.0,-1,1,30,1,4,1,23:35,2,1,9
2023010471999,2023,010471999,2,1,1,1,31,6,3,0,0,0,0,0,3,4,E01003326,-1,0,0.0,1.0,-1,6,20,1,1,1,17:30,7,2,3
2023041333762,2023,041333762,2,1,1,1,39,7,3,0,0,0,0,0,9,6,E01024921,3,1,0.0,1.0,-1,6,30,2,1,2,16:25,4,2,9
2023401314956,2023,401314956,2,2,1,1,28,6,3,0,0,0,0,0,9,10,E01017399,3,1,0.0,1.0,-1,6,30,1,1,1,21:09,2,2,9
2023430564347,2023,430564347,1,1,1,1,38,7,3,0,0,0,0,0,9,-1,-1,-1,0,0.09515,0.90485,-1,1,50,2,4,2,17:37,1,1,9
2023411379373,2023,411379373,3,3,2,2,25,5,3,0,0,1,0,0,9,4,E01023779,3,1,0.0,1.0,-1,6,30,1,1,1,14:11,7,3,9
2023440400882,2023,440400882,1,1,1,2,19,4,2,0,0,0,0,0,9,2,E01017356,-1,0,1.0,0.0,-1,6,60,1,1,1,16:13,1,2,9
2023631389563,2023,631389563,2,3,2,2,34,6,3,0,0,1,0,0,9,7,W01000523,3,1,0.0,1.0,-1,6,60,2,6,2,19:32,1,2,9
2023010425177,2023,010425177,1,1,3,2,27,6,3,5,3,0,0,0,0,2,E01003303,-1,0,0.0,1.0,-1,2,20,1,1,1,17:37,6,1,8
2023991389334,2023,991389334,1,1,3,1,24,5,3,5,3,0,0,0,0,5,-1,3,1,0.0,1.0,-1,6,30,2,4,2,18:45,6,1,9
2023010433110,2023,010433110,2,2,1,1,51,8,3,0,0,0,0,0,9,4,E01000611,-1,0,0.0,1.0,-1,6,30,2,1,2,13:41,7,2,9
2023231360241,2023,231360241,1,1,1,1,51,8,1,0,0,0,0,0,9,6,E01001923,1,1,0.0,0.0,-1,6,50,1,1,1,12:49,4,1,9
2023520300857,2023,520300857,2,1,1,1,35,6,3,0,0,0,0,0,9,4,E01029241,-1,0,0.02128,0.97872,-1,6,30,1,4,1,18:33,2,2,9
2023041275404,2023,041275404,1,1,1,1,21,5,2,0,0,0,0,0,97,1,E01025447,7,1,1.0,0.0,-1,6,30,1,4,1,19:00,1,1,97
2023501327556,2023,501327556,1,1,3,1,56,9,2,6,6,0,0,0,0,6,E01019903,7,1,1.0,0.0,-1,6,30,2,1,2,07:00,7,2,9
2023302300171,2023,302300171,2,1,1,1,47,8,3,0,0,0,0,0,1,10,E01019794,-1,0,0.15073,0.84927,-1,6,40,1,1,1,10:30,7,2,1
2023010434927,2023,010434927,2,1,1,2,29,6,3,0,0,0,0,0,3,4,E01003317,-1,0,0.0,1.0,-1,6,30,2,4,2,18:40,4,2,3
2023010454207,2023,010454207,1,1,2,2,11,3,3,0,0,2,0,0,9,1,E01033605,-1,0,0.0,1.0,-1,2,20,1,4,1,22:20,1,2,9
2023122300518,2023,122300518,2,2,1,2,55,8,3,0,0,0,0,0,9,3,E01013399,-1,0,0.0659,0.9341,-1,6,60,1,1,1,15:19,2,2,9
2023371338568,2023,371338568,3,1,1,1,43,7,3,0,0,0,0,0,9,5,E01029961,3,1,0.0,1.0,-1,6,30,2,4,2,21:55,7,3,9
2023371350548,2023,371350548,1,1,2,2,6,2,3,0,0,2,0,0,9,2,E01030170,3,1,0.0,1.0,-1,1,70,1,1,1,18:15,6,1,9
2023991309592,2023,991309592,1,3,2,1,18,4,3,0,0,1,0,0,9,-1,-1,3,1,0.0,1.0,-1,6,60,1,1,1,14:20,7,2,9
2023141314307,2023,141314307,1,1,1,1,54,8,3,0,0,0,0,0,19,2,E01027942,3,1,0.0,1.0,-1,3,70,1,1,1,13:30,6,2,19
2023031283189,2023,031283189,2,2,1,1,45,7,2,0,0,0,0,0,20,-1,-1,6,1,1.0,0.0,-1,6,50,1,1,1,08:00,1,2,20
2023161332689,2023,161332689,1,1,3,1,65,9,3,5,3,0,0,0,0,1,E01012761,3,1,0.0,1.0,-1,6,30,1,1,1,17:09,1,1,8
2023421384493,2023,421384493,1,2,2,1,17,4,3,0,0,2,0,0,3,6,E01021761,3,1,0.0,1.0,-1,6,30,1,4,2,17:38,6,1,3
2023010466449,2023,010466449,2,1,1,1,59,9,2,0,0,0,0,0,5,4,E01004015,-1,0,1.0,0.0,-1,3,30,1,1,1,13:45,7,2,5
2023141322053,2023,141322053,1,1,1,2,23,5,2,0,0,0,0,0,9,-1,-1,5,1,1.0,0.0,-1,6,30,2,1,2,20:47,1,3,9
2023520400752,2023,520400752,1,1,2,2,35,6,3,0,0,1,0,0,9,1,W01001753,-1,0,0.01405,0.98595,-1,6,30,1,4,1,20:22,6,2,9
202360A105691,2023,60A105691,1,1,3,2,23,5,3,1,1,0,0,0,0,-1,-1,-1,0,0.12281,0.87719,-1,6,30,1,1,1,16:00,3,1,9
2023991344864,2023,991344864,1,1,3,2,11,3,2,8,3,0,0,2,0,-1,-1,6,1,1.0,0.0,-1,6,30,1,1,1,15:40,4,1,9
2023161371668,2023,161371668,1,1,1,1,62,9,3,0,0,0,0,0,1,8,E01013037,3,1,0.0,1.0,-1,6,30,2,1,2,07:21,3,2,1
2023041321755,2023,041321755,2,1,1,1,26,6,3,0,0,0,0,0,5,9,E01012660,3,1,0.0,1.0,-1,6,30,1,1,1,07:10,2,2,5
2023010481643,2023,010481643,1,1,1,1,50,8,3,0,0,0,0,0,9,5,E01016472,-1,0,0.0,1.0,-1,3,40,1,4,1,00:19,1,2,9
2023061344918,2023,061344918,1,1,2,2,17,4,3,0,0,2,0,0,9,8,E01006285,3,1,0.0,1.0,-1,1,30,2,4,2,00:40,5,1,9
2023302300348,2023,302300348,1,1,1,1,48,8,3,0,0,0,0,0,9,1,E01033396,-1,0,0.00604,0.99396,-1,1,30,9,1,1,14:10,3,2,9
2023421281038,2023,421281038,1,2,2,2,75,10,3,0,0,1,0,0,9,6,E01031464,3,1,0.0,1.0,-1,3,70,1,6,1,19:30,1,1,9
2023221380801,2023,221380801,1,3,2,2,82,11,2,0,0,1,0,0,9,9,E01028860,5,1,1.0,0.0,-1,6,60,1,1,1,14:14,1,2,9
2023320168632,2023,320168632,1,3,2,2,16,4,3,0,0,2,0,0,9,6,E01026213,-1,0,0.04465,0.95535,-1,6,60,2,1,2,08:34,2,2,9
2023010446957,2023,010446957,2,1,1,1,32,6,2,0,0,0,0,0,1,3,E01000638,-1,0,1.0,0.0,-1,6,20,1,1,1,18:10,1,2,1
2023010436665,2023,010436665,1,1,1,1,43,7,3,0,0,0,0,0,8,-1,-1,-1,0,0.0,1.0,-1,6,30,1,4,1,23:00,1,1,8
2023010433367,2023,010433367,1,1,1,2,20,4,3,0,0,0,0,0,9,8,E01030846,-1,0,0.0,1.0,-1,6,30,1,1,2,11:14,3,2,9
2023131389926,2023,131389926,1,1,1,1,32,6,3,0,0,0,0,0,9,4,E01010985,3,1,0.0,1.0,-1,6,50,2,6,2,19:25,2,1,9
2023201409773,2023,201409773,2,1,1,2,25,5,3,0,0,0,0,0,9,2,E01009608,3,1,0.0,1.0,-1,3,30,1,1,2,08:08,4,2,9
2023221369467,2023,221369467,2,1,1,1,56,9,2,0,0,0,0,0,9,2,E01014694,6,1,1.0,0.0,-1,3,70,1,1,1,12:10,6,2,9
2023991339455,2023,991339455,2,1,1,2,29,6,3,0,0,0,0,0,9,2,-1,3,1,0.0,1.0,-1,6,30,1,1,1,12:01,3,2,9
2023010438265,2023,010438265,1,1,1,1,24,5,3,0,0,0,0,0,3,1,E01000595,-1,0,0.0,1.0,-1,9,30,1,1,1,12:13,4,2,3
2023520401026,2023,520401026,1,1,1,2,54,8,3,0,0,0,0,0,9,2,E01018770,-1,0,0.07693,0.92307,-1,6,60,1,1,2,16:47,6,1,9
2023010464637,2023,010464637,1,3,2,2,66,10,3,0,0,0,4,0,11,2,E01002278,-1,0,0.0,1.0,-1,1,30,1,1,1,12:15,5,2,11
2023361322227,2023,361322227,1,1,2,2,83,11,3,0,0,1,0,0,9,-1,-1,3,1,0.0,1.0,-1,6,50,1,1,1,11:26,7,1,9
2023430551681,2023,430551681,2,2,2,2,61,9,3,0,0,1,0,0,9,8,E01014805,-1,0,0.02515,0.97485,-1,3,70,1,6,2,21:25,6,2,9
2023461293454,2023,461293454,2,1,1,1,20,4,3,0,0,0,0,0,9,1,E01024155,3,1,0.0,1.0,-1,6,30,1,4,1,18:50,7,2,9
2023461315709,2023,461315709,2,1,1,1,16,4,3,0,0,0,0,0,1,-1,-1,3,1,0.0,1.0,-1,6,30,1,1,1,08:03,6,2,1
2023351344831,2023,351344831,1,1,1,1,35,6,3,0,0,0,0,0,9,6,E01033179,3,1,0.0,1.0,-1,6,60,1,1,1,05:50,2,2,9
2023411271363,2023,411271363,2,2,1,1,56,9,3,0,0,0,0,0,9,4,E01023785,3,1,0.0,1.0,-1,3,40,2,4,2,18:37,4,2,9
2023061388545,2023,061388545,2,1,1,2,33,6,3,0,0,0,0,0,9,1,E01005456,3,1,0.0,1.0,-1,3,70,1,1,-1,09:10,3,2,9
2023131286297,2023,131286297,1,2,2,1,17,4,3,0,0,0,0,0,9,3,E01010597,3,1,0.0,1.0,-1,6,30,5,1,2,16:16,2,2,9
2023531380558,2023,531380558,2,2,1,2,65,9,3,0,0,0,0,0,9,7,E01022206,3,1,0.0,1.0,-1,6,40,1,1,1,13:45,4,2,9
2023010477435,2023,010477435,1,1,3,2,24,5,2,9,5,0,0,0,0,5,E01004169,-1,0,1.0,0.0,-1,2,30,1,4,1,02:33,1,1,9
2023471286711,2023,471286711,2,1,1,1,13,3,2,0,0,0,0,0,1,7,E01031388,7,1,1.0,0.0,-1,6,30,2,4,2,19:00,1,2,1
2023320002786,2023,320002786,2,1,2,2,38,7,3,0,0,1,0,0,9,3,E01013231,-1,0,0.07194,0.92806,-1,6,60,1,1,1,15:10,2,2,9
2023471375889,2023,471375889,1,1,1,1,62,9,3,0,0,0,0,0,9,6,E01031499,3,1,0.0,1.0,-1,6,50,1,4,1,17:13,6,2,9
2023552300622,2023,552300622,1,1,3,2,14,3,2,6,9,0,0,0,0,9,E01020580,-1,0,1.0,0.0,-1,6,30,1,1,1,10:18,5,1,11
2023041372318,2023,041372318,2,1,1,1,33,6,3,0,0,0,0,0,1,6,E01025598,3,1,0.0,1.0,-1,6,30,1,1,1,12:59,1,2,1
2023122301112,2023,122301112,2,1,1,2,41,7,3,0,0,0,0,0,1,3,E01013385,-1,0,0.03295,0.96705,-1,1,30,1,1,1,10:40,5,2,1
2023161279439,2023,161279439,1,1,1,1,30,6,2,0,0,0,0,0,1,1,E01012844,7,1,1.0,0.0,-1,6,30,1,7,2,05:47,4,2,1
2023201299240,2023,201299240,1,1,1,1,41,7,2,0,0,0,0,0,3,3,E01008936,7,1,1.0,0.0,-1,6,30,1,1,1,13:37,6,2,3
2023141384129,2023,141384129,1,1,1,2,67,10,3,0,0,0,0,0,9,5,E01007501,3,1,0.0,1.0,-1,6,60,1,1,4,22:55,4,1,9
2023201406126,2023,201406126,1,1,1,2,46,8,3,0,0,0,0,0,9,4,E01009729,3,1,0.0,1.0,-1,6,30,1,1,1,16:49,2,2,9
2023371276180,2023,371276180,3,2,1,2,43,7,3,0,0,0,0,0,9,2,E01030248,3,1,0.0,1.0,-1,6,30,7,4,2,20:15,2,4,9
2023461273605,2023,461273605,2,1,1,1,28,6,3,0,0,0,0,0,9,9,E01024175,3,1,0.0,1.0,-1,6,50,1,6,1,17:19,5,2,9
2023552300227,2023,552300227,1,1,1,2,50,8,3,0,0,0,0,0,9,3,E01015285,-1,0,0.14847,0.85153,-1,6,60,1,6,2,23:33,3,1,9
2023351315606,2023,351315606,2,2,1,1,69,10,3,0,0,0,0,0,19,7,E01018115,3,1,0.0,1.0,-1,6,30,1,1,1,15:07,1,2,19
2023010452273,2023,010452273,2,1,1,2,37,7,3,0,0,0,0,0,1,4,E01003919,-1,0,0.0,1.0,-1,6,20,1,1,1,14:04,5,2,1
2023131358114,2023,131358114,3,3,2,2,22,5,3,0,0,1,0,0,9,2,E01032502,3,1,0.0,1.0,-1,3,60,2,1,2,16:40,7,3,9
2023231281681,2023,231281681,1,3,2,2,57,9,3,0,0,2,0,0,9,-1,-1,3,1,0.0,1.0,-1,6,30,1,4,1,20:40,5,2,9
2023371262510,2023,371262510,2,1,1,2,57,9,3,0,0,0,0,0,9,7,E01030228,3,1,0.0,1.0,-1,6,30,1,1,1,09:00,4,2,9
2023351328998,2023,351328998,1,1,3,1,62,9,3,1,1,0,0,0,0,4,E01016809,3,1,0.0,1.0,-1,2,30,1,1,1,08:30,4,1,9
2023411352081,2023,411352081,1,1,3,2,55,8,3,10,9,0,0,-1,0,7,E01023366,3,1,0.0,1.0,-1,6,20,1,1,1,14:58,3,1,9
2023531375387,2023,531375387,2,1,1,1,26,6,3,0,0,0,0,0,3,2,E01002506,3,1,0.0,1.0,-1,6,30,9,4,1,19:50,6,2,3
2023010427570,2023,010427570,2,3,2,2,37,7,3,0,0,1,0,0,9,2,E01004251,-1,0,0.0,1.0,-1,3,50,1,1,1,16:30,5,3,9
2023010440968,2023,010440968,1,1,1,1,55,8,3,0,0,0,0,0,9,1,E01004245,-1,0,0.0,1.0,-1,1,20,9,4,9,03:50,4,2,9
2023221317017,2023,221317017,1,2,1,2,43,7,2,0,0,0,0,0,9,7,E01032228,7,1,1.0,0.0,-1,6,30,1,1,1,15:19,6,2,9
2023311306817,2023,311306817,1,2,2,2,3,1,3,0,0,2,0,0,9,6,E01013978,3,1,0.0,1.0,-1,6,30,1,1,1,17:33,6,2,9
2023461284340,2023,461284340,2,1,1,2,22,5,3,0,0,0,0,0,9,4,E01016143,3,1,0.0,1.0,-1,3,30,1,4,1,22:52,7,2,9
2023471316427,2023,471316427,2,1,1,2,28,6,3,0,0,0,0,0,9,7,E01024801,3,1,0.0,1.0,-1,6,60,1,1,1,08:15,5,2,9
2023501395910,2023,501395910,1,1,2,2,60,9,3,0,0,1,0,0,9,3,E01020229,3,1,0.0,1.0,-1,6,60,2,1,2,12:17,1,1,9
2023371288109,2023,371288109,1,1,3,1,7,2,3,5,1,0,0,0,0,5,E01030222,3,1,0.0,1.0,-1,6,60,1,1,1,15:30,3,1,9
2023070369647,2023,070369647,2,2,2,1,9,2,3,0,0,2,0,0,9,10,E01018475,-1,0,0.00635,0.99365,-1,2,30,9,1,1,08:50,3,2,9
2023522301589,2023,522301589,2,4,2,2,74,10,3,0,0,1,0,0,9,10,E01023240,-1,0,0.07781,0.92219,-1,6,40,1,1,1,17:54,7,2,9
2023531327109,2023,531327109,2,1,2,2,36,7,2,0,0,0,0,0,19,6,E01022264,5,1,1.0,0.0,-1,6,60,1,1,1,17:02,3,2,19
2023201284412,2023,201284412,2,5,2,1,-1,-1,3,0,0,2,0,0,9,1,E01009964,3,1,0.0,1.0,-1,3,70,5,4,2,18:38,3,2,9
2023221335916,2023,221335916,1,1,1,2,18,4,3,0,0,0,0,0,9,8,E01032223,3,1,0.0,1.0,-1,6,30,1,1,1,09:25,2,2,9
2023302300801,2023,302300801,1,2,1,1,67,10,3,0,0,0,0,0,9,1,E01019527,-1,0,0.00956,0.99044,-1,1,30,9,1,1,12:30,6,3,9
2023461363597,2023,461363597,1,1,3,2,13,3,2,10,9,0,0,2,0,3,E01024059,7,1,1.0,0.0,-1,6,30,1,1,1,15:25,2,1,9
2023010466066,2023,010466066,1,1,1,1,60,9,2,0,0,0,0,0,1,10,E01030351,-1,0,1.0,0.0,-1,3,30,1,1,1,18:40,5,2,1
2023131387195,2023,131387195,2,1,1,1,23,5,3,0,0,0,0,0,1,3,E01011478,3,1,0.0,1.0,-1,6,30,9,4,1,15:45,5,3,1
2023010476332,2023,010476332,1,1,1,1,32,6,3,0,0,0,0,0,5,5,E01004076,-1,0,0.0,1.0,-1,6,20,8,4,1,19:35,2,2,5
2023430279833,2023,430279833,1,1,2,2,40,7,3,0,0,1,0,0,9,9,E01028469,-1,0,0.03094,0.96906,-1,6,30,1,1,1,10:05,1,2,9
2023531354621,2023,531354621,1,1,1,1,20,4,3,0,0,0,0,0,9,9,E01022282,3,1,0.0,1.0,-1,6,40,1,6,1,23:30,4,1,9
2023131367482,2023,131367482,1,1,3,1,13,3,3,8,3,0,0,2,0,1,E01011348,3,1,0.0,1.0,-1,9,30,8,4,2,19:13,5,1,9
2023461394806,2023,461394806,1,1,1,2,58,9,3,0,0,0,0,0,1,6,E01024062,3,1,0.0,1.0,-1,6,30,1,1,1,14:21,4,2,1
2023451302244,2023,451302244,1,1,1,2,42,7,3,0,0,0,0,0,3,9,E01016575,3,1,0.0,1.0,-1,6,30,1,1,1,21:00,6,2,3
2023351310120,2023,351310120,1,1,1,2,57,9,3,0,0,0,0,0,9,9,E01018241,3,1,0.0,1.0,-1,6,30,1,1,1,17:57,2,1,9
2023451294209,2023,451294209,1,1,1,1,24,5,3,0,0,0,0,0,9,9,E01030425,3,1,0.0,1.0,-1,6,50,1,1,1,19:20,4,2,9
2023501350996,2023,501350996,2,1,1,1,57,9,3,0,0,0,0,0,9,3,E01020048,3,1,0.0,1.0,-1,3,70,2,1,2,07:05,5,3,9
2023061332961,2023,061332961,2,1,1,1,45,7,3,0,0,0,0,0,9,-1,-1,3,1,0.0,1.0,-1,6,30,1,4,1,21:45,2,2,9
2023430176869,2023,430176869,1,1,1,2,31,6,3,0,0,0,0,0,9,5,E01022488,-1,0,0.09922,0.90078,-1,6,50,1,6,2,23:04,1,2,9
2023430217234,2023,430217234,1,5,2,1,2,1,3,0,0,2,0,0,9,2,E01009573,-1,0,0.08207,0.91793,-1,3,70,1,1,1,09:08,5,1,9
2023520301687,2023,520301687,1,1,1,1,42,7,3,0,0,0,0,0,9,6,E01029285,-1,0,0.00954,0.99046,-1,6,30,1,1,1,13:50,7,2,9
2023552300036,2023,552300036,1,2,2,1,29,6,3,0,0,1,0,0,9,7,E01020491,-1,0,0.07273,0.92727,-1,6,30,2,1,2,07:51,7,3,9
2023991390958,2023,991390958,2,1,1,1,76,11,3,0,0,0,0,0,9,7,-1,3,1,0.0,1.0,-1,6,60,1,1,1,13:21,4,2,9
2023421350474,2023,421350474,2,1,1,1,16,4,3,0,0,0,0,0,2,5,E01021422,3,1,0.0,1.0,-1,6,40,1,1,1,15:50,6,2,2
2023010433441,2023,010433441,1,1,1,1,34,6,3,0,0,0,0,0,3,5,E01002221,-1,0,0.0,1.0,-1,9,20,8,1,1,18:20,7,2,3
2023041339362,2023,041339362,1,1,1,1,58,9,2,0,0,0,0,0,5,10,E01025532,7,1,1.0,0.0,-1,6,30,1,1,1,06:55,2,2,5
2023010474725,2023,010474725,1,1,1,2,32,6,3,0,0,0,0,0,9,2,E01004003,-1,0,0.0,1.0,-1,6,30,2,4,2,17:09,1,2,9
2023201418941,2023,201418941,1,1,1,2,37,7,3,0,0,0,0,0,9,1,E01010443,3,1,0.0,1.0,-1,6,30,1,1,2,15:04,3,2,9
2023440398932,2023,440398932,1,1,1,1,22,5,3,0,0,0,0,0,9,5,E01017283,-1,0,0.1281,0.8719,-1,6,30,1,4,1,04:39,7,1,9
2023010479083,2023,010479083,1,1,1,2,27,6,3,0,0,0,0,0,90,2,E01003490,-1,0,0.0,1.0,-1,1,30,2,4,2,16:30,1,1,90
2023421294690,2023,421294690,1,1,1,1,23,5,3,0,0,0,0,0,1,10,E01021739,3,1,0.0,1.0,-1,6,30,1,4,1,22:56,6,2,1
2023421309059,2023,421309059,1,1,1,1,23,5,3,0,0,0,0,0,3,-1,-1,3,1,0.0,1.0,-1,3,50,1,7,1,23:00,5,2,3
2023122301050,2023,122301050,1,1,1,1,27,6,3,0,0,0,0,0,9,3,E01012307,-1,0,0.06055,0.93945,-1,6,60,1,1,1,16:55,2,2,9
2023131283700,2023,131283700,1,1,1,1,29,6,3,0,0,0,0,0,9,4,E01011238,3,1,0.0,1.0,-1,6,40,1,4,1,21:46,2,2,9
2023231383187,2023,231383187,1,1,1,2,40,7,3,0,0,0,0,0,9,3,E01031064,3,1,0.0,1.0,-1,6,60,1,1,2,13:21,5,2,9
2023131373437,2023,131373437,1,1,1,1,18,4,3,0,0,0,0,0,9,2,E01011763,3,1,0.0,1.0,-1,6,30,1,4,1,16:55,7,2,9
2023430275445,2023,430275445,2,1,1,2,52,8,3,0,0,0,0,0,9,9,E01028794,-1,0,0.09186,0.90814,-1,6,60,1,1,1,17:15,5,2,9
2023440388777,2023,440388777,2,2,1,1,32,6,3,0,0,0,0,0,9,-1,-1,-1,0,0.0513,0.9487,-1,6,30,1,1,1,14:28,7,2,9
2023010486378,2023,010486378,2,3,1,2,72,10,3,0,0,0,0,0,9,7,E01001569,-1,0,0.0,1.0,-1,6,30,2,7,2,17:30,5,2,9
2023440438814,2023,440438814,2,2,1,1,52,8,3,0,0,0,0,0,9,8,E01023084,-1,0,0.02854,0.97146,-1,3,50,1,1,2,15:00,5,3,9
2023461296386,2023,461296386,1,1,1,1,86,11,3,0,0,0,0,0,9,5,E01024489,3,1,0.0,1.0,-1,6,60,1,6,1,21:35,7,1,9
2023501305471,2023,501305471,2,1,1,1,56,9,3,0,0,0,0,0,9,6,E01020223,3,1,0.0,1.0,-1,6,60,2,1,2,15:05,3,2,9
2023520400786,2023,520400786,2,2,1,1,70,10,3,0,0,0,0,0,9,6,E01029021,-1,0,0.03963,0.96037,-1,6,40,1,1,1,15:35,6,2,9
2023622300526,2023,622300526,1,1,1,1,23,5,2,0,0,0,0,0,9,8,W01001242,-1,0,1.0,0.0,-1,6,60,2,1,1,13:26,1,1,9
2023461299158,2023,461299158,1,1,1,1,36,7,2,0,0,0,0,0,5,8,E01024209,6,1,1.0,0.0,-1,6,50,1,1,1,12:06,1,1,5
2023501368194,2023,501368194,2,1,1,1,56,9,3,0,0,0,0,0,5,8,E01015119,3,1,0.0,1.0,-1,6,30,1,1,1,18:27,4,2,5
2023010465421,2023,010465421,2,1,1,1,30,6,3,0,0,0,0,0,3,9,E01001385,-1,0,0.0,1.0,-1,6,20,1,1,1,15:21,2,2,3
2023141311970,2023,141311970,2,4,2,1,3,1,3,0,0,2,0,0,9,4,E01007820,3,1,0.0,1.0,-1,6,40,1,1,1,18:40,5,2,9
2023211364508,2023,211364508,2,1,1,1,60,9,3,0,0,0,0,0,9,4,E01028836,3,1,0.0,1.0,-1,3,30,1,1,1,06:30,7,2,9
2023221288567,2023,221288567,2,2,1,1,35,6,3,0,0,0,0,0,9,10,E01032419,3,1,0.0,1.0,-1,3,40,1,4,1,21:47,7,2,9
2023471338111,2023,471338111,1,2,1,2,70,10,3,0,0,0,0,0,9,2,E01020929,3,1,0.0,1.0,-1,3,30,1,1,1,09:50,6,2,9
2023501332399,2023,501332399,1,3,2,2,10,2,3,0,0,2,0,0,9,6,E01019959,3,1,0.0,1.0,-1,6,60,2,1,2,13:12,7,2,9
2023552301005,2023,552301005,2,1,1,1,44,7,3,0,0,0,0,0,9,-1,-1,-1,0,0.01487,0.98513,-1,9,30,1,1,1,07:39,7,2,9
2023421320198,2023,421320198,1,1,1,1,17,4,3,0,0,0,0,0,-1,8,E01021931,3,1,0.0,1.0,-1,3,20,1,1,1,19:28,7,2,-1
2023221379190,2023,221379190,2,2,1,1,40,7,2,0,0,0,0,0,9,7,E01028938,7,1,1.0,0.0,-1,6,60,2,6,2,19:22,1,2,9
2023552301476,2023,552301476,2,1,1,1,51,8,2,0,0,0,0,0,1,7,E01020576,-1,0,1.0,0.0,-1,6,30,1,1,2,13:30,2,2,1
2023122400132,2023,122400132,1,1,3,1,39,7,3,9,9,0,0,0,0,3,E01013366,-1,0,0.08259,0.91741,-1,6,30,1,5,2,19:30,1,1,19
2023010444861,2023,010444861,1,1,1,1,23,5,3,0,0,0,0,0,1,1,E01002040,-1,0,0.0,1.0,-1,6,20,1,1,1,17:08,4,2,1
2023311269358,2023,311269358,1,1,1,1,19,4,2,0,0,0,0,0,1,7,E01018591,7,1,1.0,0.0,-1,6,30,1,1,1,08:15,6,2,1
2023010450461,2023,010450461,1,1,1,1,19,4,3,0,0,0,0,0,3,3,E01003549,-1,0,0.0,1.0,-1,9,30,9,1,9,15:40,3,2,3
2023552300437,2023,552300437,1,1,1,1,50,8,3,0,0,0,0,0,4,7,E01020361,-1,0,0.08738,0.91262,-1,6,30,1,1,1,12:22,6,2,4
2023351354747,2023,351354747,1,1,1,1,27,6,3,0,0,0,0,0,9,8,E01027329,3,1,0.0,1.0,-1,6,20,1,1,1,16:30,1,3,9
2023371338480,2023,371338480,2,3,2,1,5,1,3,0,0,2,0,0,9,-1,-1,3,1,0.0,1.0,-1,3,70,1,1,1,16:36,6,2,9
2023451304262,2023,451304262,1,1,1,2,47,8,3,0,0,0,0,0,9,10,E01030680,3,1,0.0,1.0,-1,6,30,1,1,1,15:00,5,2,9
2023471367986,2023,471367986,2,3,2,2,13,3,3,0,0,2,0,0,9,3,E01016922,3,1,0.0,1.0,-1,1,60,1,1,1,13:30,6,2,9
2023501406676,2023,501406676,2,1,1,1,44,7,3,0,0,0,0,0,9,1,E01015043,3,1,0.0,1.0,-1,6,30,1,1,1,15:17,6,2,9