collision_index,collision_year,collision_ref_no,vehicle_reference,casualty_reference,casualty_class,sex_of_casualty,age_of_casualty,age_band_of_casualty,casualty_severity,pedestrian_location,pedestrian_movement,car_passenger,bus_or_coach_passenger,pedestrian_road_maintenance_worker,casualty_type,casualty_imd_decile,lsoa_of_casualty,enhanced_casualty_severity,casualty_injury_based,casualty_adjusted_severity_serious,casualty_adjusted_severity_slight,casualty_distance_banding,road_type,speed_limit,weather_conditions,light_conditions,road_surface_conditions,time,day_of_week,number_of_vehicles,vehicle_type
2023141317143,2023,141317143,1,1,1,1,67,10,3,0,0,0,0,0,9,1,E01007509,3,1,0.0,1.0,-1,3,30,1,1,1,15:00,7,2,9
2023010437251,2023,010437251,1,1,3,1,59,9,2,6,9,0,0,0,0,5,E01004753,-1,0,1.0,0.0,-1,6,20,1,1,1,15:45,5,1,11
2023430356676,2023,430356676,1,2,3,1,4,1,2,5,1,0,0,0,0,5,E01016212,-1,0,1.0,0.0,-1,6,30,1,1,1,15:22,5,1,9
2023101341203,2023,101341203,2,1,1,1,27,6,2,0,0,0,0,0,1,1,E01008215,7,1,1.0,0.0,-1,6,30,1,1,1,18:55,5,2,1
2023311318969,2023,311318969,4,1,1,2,54,8,2,0,0,0,0,0,3,6,E01028322,7,1,1.0,0.0,-1,6,30,1,1,1,09:46,5,4,3
2023010467055,2023,010467055,1,1,1,1,31,6,3,0,0,0,0,0,3,4,E01001182,-1,0,0.0,1.0,-1,6,20,1,4,1,20:50,2,2,3
2023421308055,2023,421308055,1,1,1,1,33,6,2,0,0,0,0,0,3,6,E01021656,7,1,1.0,0.0,-1,6,60,1,1,1,15:05,3,1,3
2023061295097,2023,061295097,1,1,2,2,70,10,2,0,0,0,0,0,5,-1,-1,6,1,1.0,0.0,-1,6,40,2,1,2,10:20,5,3,5
2023010438787,2023,010438787,1,1,3,1,83,11,3,5,3,0,0,0,0,2,E01003920,-1,0,0.0,1.0,-1,3,20,1,1,1,11:30,7,1,9
2023440308802,2023,440308802,2,1,3,2,29,6,3,9,5,0,0,0,0,8,E01030784,-1,0,0.15207,0.84793,-1,3,50,1,1,1,08:15,3,3,9
2023471304902,2023,471304902,1,1,3,1,7,2,3,6,8,0,0,0,0,9,E01031582,3,1,0.0,1.0,-1,6,30,1,1,1,17:30,1,1,9
2023471350433,2023,471350433,1,1,3,2,48,8,3,6,9,0,0,0,0,10,E01031828,3,1,0.0,1.0,-1,6,30,1,1,1,15:50,5,1,19
2023430080850,2023,430080850,1,1,1,1,38,7,3,0,0,0,0,0,5,10,E01028464,-1,0,0.19547,0.80453,-1,1,50,1,4,1,19:20,3,1,5
2023010439052,2023,010439052,2,1,2,2,18,4,3,0,0,1,0,0,9,5,E01000264,-1,0,0.0,1.0,-1,6,30,1,4,2,20:35,1,2,9
2023320063617,2023,320063617,1,1,1,1,88,11,3,0,0,0,0,0,9,9,E01015635,-1,0,0.07405,0.92595,-1,6,30,1,1,1,11:40,3,1,9
2023440175013,2023,440175013,2,1,1,1,27,6,3,0,0,0,0,0,9,7,E01020357,-1,0,0.03605,0.96395,-1,6,30,1,1,1,13:33,5,2,9
2023461346248,2023,461346248,1,1,1,1,22,5,3,0,0,0,0,0,9,6,E01023980,3,1,0.0,1.0,-1,6,60,1,1,1,10:02,6,1,9
2023991389949,2023,991389949,1,1,1,1,51,8,3,0,0,0,0,0,9,-1,-1,3,1,0.0,1.0,-1,6,60,1,6,2,23:15,4,1,9
2023101344756,2023,101344756,2,1,1,2,31,6,3,0,0,0,0,0,9,-1,-1,3,1,0.0,1.0,-1,7,70,1,1,1,06:50,3,2,9
2023440008688,2023,440008688,1,1,1,1,53,8,3,0,0,0,0,0,9,5,E01023011,-1,0,0.11499,0.88501,-1,6,60,1,6,2,17:30,7,3,9
2023211281421,2023,211281421,2,2,1,2,50,8,3,0,0,0,0,0,9,2,E01029727,3,1,0.0,1.0,-1,6,60,1,1,1,10:00,4,2,9
2023340WN5812,2023,340WN5812,1,1,2,2,21,5,3,0,0,1,0,0,9,-1,-1,-1,0,0.07673,0.92327,-1,6,50,2,6,2,06:50,6,2,9
2023010437835,2023,010437835,1,1,2,2,63,9,3,0,0,0,4,0,11,3,E01002645,-1,0,0.0,1.0,-1,6,20,1,1,1,11:15,2,2,11
2023010446250,2023,010446250,2,3,2,2,60,9,2,0,0,0,4,0,11,2,E01002735,-1,0,1.0,0.0,-1,3,30,1,1,1,17:00,4,2,11
2023991382938,2023,991382938,1,8,2,2,17,4,3,0,0,0,4,0,11,9,-1,3,1,0.0,1.0,-1,6,60,1,1,4,10:25,3,2,11
2023041367447,2023,041367447,2,2,1,1,43,7,3,0,0,0,0,0,9,-1,-1,3,1,0.0,1.0,-1,6,50,1,1,2,16:05,5,2,9
2023411337220,2023,411337220,1,1,1,1,58,9,3,0,0,0,0,0,9,4,E01023857,3,1,0.0,1.0,-1,6,30,1,1,1,07:23,7,1,9
2023430520426,2023,430520426,2,1,1,1,41,7,3,0,0,0,0,0,9,5,E01016836,-1,0,0.01092,0.98908,-1,6,30,1,7,1,18:10,7,2,9
2023451370037,2023,451370037,1,1,1,2,32,6,2,0,0,0,0,0,9,9,E01030942,7,1,1.0,0.0,-1,6,40,5,6,2,18:30,5,2,9
2023010473547,2023,010473547,1,1,1,2,52,8,3,0,0,0,0,0,9,10,E01005789,-1,0,0.0,1.0,-1,6,20,8,1,1,14:56,1,2,9
2023320255050,2023,320255050,1,1,1,1,46,8,3,0,0,0,0,0,9,1,E01007406,-1,0,0.11468,0.88532,-1,3,70,5,6,2,23:21,5,1,9
2023421344176,2023,421344176,2,1,1,1,39,7,3,0,0,0,0,0,9,3,E01021687,3,1,0.0,1.0,-1,6,30,2,1,2,20:30,7,2,9
2023421373776,2023,421373776,2,2,2,2,53,8,3,0,0,1,0,0,9,3,E01021300,3,1,0.0,1.0,-1,6,20,1,1,1,10:20,7,2,9
2023451394126,2023,451394126,3,2,1,1,56,9,3,0,0,0,0,0,9,4,E01032756,3,1,0.0,1.0,-1,3,70,1,1,1,14:35,1,4,9
2023531278560,2023,531278560,1,2,2,1,22,5,3,0,0,0,0,0,19,6,E01032934,3,1,0.0,1.0,-1,3,30,1,4,1,19:00,2,2,19
2023631386246,2023,631386246,1,1,2,1,57,9,2,0,0,0,0,0,90,7,W01000445,5,1,1.0,0.0,-1,6,30,1,4,2,23:30,1,1,90
2023010421403,2023,010421403,1,1,3,2,15,3,3,1,1,0,0,0,0,9,E01000293,-1,0,0.0,1.0,-1,6,30,1,4,1,18:10,7,1,9
2023010450187,2023,010450187,1,1,2,2,26,6,3,0,0,1,0,0,9,3,E01003723,-1,0,0.0,1.0,-1,2,30,1,4,1,22:40,2,1,9
2023010457586,2023,010457586,2,1,1,2,39,7,3,0,0,0,0,0,9,6,E01004581,-1,0,0.0,1.0,-1,6,20,1,1,1,18:15,5,2,9
2023201298172,2023,201298172,1,3,2,1,20,4,3,0,0,1,0,0,9,1,E01009026,3,1,0.0,1.0,-1,6,30,2,4,2,20:01,2,3,9
2023010452122,2023,010452122,1,1,1,1,37,7,3,0,0,0,0,0,1,2,E01003984,-1,0,0.0,1.0,-1,6,30,2,1,2,06:35,5,2,1
2023010421968,2023,010421968,1,1,2,2,22,5,3,0,0,2,0,0,9,2,E01000604,-1,0,0.0,1.0,-1,6,30,1,4,4,01:40,4,1,9
2023451309362,2023,451309362,1,1,1,2,58,9,3,0,0,0,0,0,9,6,E01023199,3,1,0.0,1.0,-1,3,70,1,1,1,12:29,6,1,9
2023461364991,2023,461364991,2,1,1,1,39,7,3,0,0,0,0,0,9,1,E01024390,3,1,0.0,1.0,-1,6,30,2,1,2,10:00,6,2,9
2023522400292,2023,522400292,1,2,2,2,1,1,3,0,0,2,0,0,9,8,E01033338,-1,0,0.0017,0.9983,-1,6,30,1,1,1,10:30,5,2,9
2023311353299,2023,311353299,1,3,2,2,65,9,3,0,0,0,-1,0,11,8,E01028138,3,1,0.0,1.0,-1,6,30,1,1,1,16:02,6,1,11
2023161348627,2023,161348627,1,1,1,1,34,6,3,0,0,0,0,0,19,6,E01013383,3,1,0.0,1.0,-1,6,30,1,1,1,13:10,2,2,19
2023351370218,2023,351370218,2,1,2,2,36,7,3,0,0,2,0,0,8,4,E01026279,3,1,0.0,1.0,-1,6,30,2,5,-1,16:20,3,2,8
2023010430619,2023,010430619,1,1,1,2,28,6,3,0,0,0,0,0,1,3,E01004540,-1,0,0.0,1.0,-1,6,20,1,4,1,20:30,1,2,1
2023440149242,2023,440149242,2,1,1,2,47,8,3,0,0,0,0,0,5,4,E01017122,-1,0,0.15375,0.84625,-1,6,30,1,1,1,07:25,2,2,5
2023471290281,2023,471290281,1,1,3,1,14,3,2,1,1,0,0,0,0,4,E01021004,7,1,1.0,0.0,-1,6,30,1,1,1,15:35,6,1,3
2023471275469,2023,471275469,2,1,1,1,66,10,3,0,0,0,0,0,1,6,E01017004,3,1,0.0,1.0,-1,6,30,9,4,2,19:20,5,2,1
2023471297942,2023,471297942,2,1,1,2,31,6,3,0,0,0,0,0,1,8,E01017002,3,1,0.0,1.0,-1,6,30,2,1,2,07:25,2,2,1
2023010450633,2023,010450633,1,2,2,1,35,6,3,0,0,0,0,0,19,2,E01008010,-1,0,0.0,1.0,-1,1,50,1,4,1,02:58,5,1,19
2023010421576,2023,010421576,1,1,3,2,61,9,2,1,3,0,0,0,0,3,E01002079,-1,0,1.0,0.0,-1,6,20,9,1,9,11:29,7,1,9
2023461291194,2023,461291194,2,1,1,1,59,9,3,0,0,0,0,0,1,5,E01024413,3,1,0.0,1.0,-1,1,30,1,1,1,07:20,5,2,1
2023440367323,2023,440367323,1,1,1,1,53,8,2,0,0,0,0,0,2,6,E01023026,-1,0,1.0,0.0,-1,6,60,1,1,1,12:22,7,1,2
2023221388268,2023,221388268,1,1,3,2,65,9,3,5,3,0,0,0,0,7,E01032130,3,1,0.0,1.0,-1,6,30,1,4,1,18:20,2,1,9
2023010475445,2023,010475445,1,1,1,1,35,6,3,0,0,0,0,0,3,2,E01000023,-1,0,0.0,1.0,-1,9,30,9,7,9,19:30,3,2,3
2023010439078,2023,010439078,1,1,1,2,33,6,3,0,0,0,0,0,1,6,E01003228,-1,0,0.0,1.0,-1,6,20,1,1,1,14:05,7,2,1
2023161380421,2023,161380421,1,1,1,1,31,6,3,0,0,0,0,0,1,2,E01013130,3,1,0.0,1.0,-1,6,30,1,4,1,19:45,2,2,1
2023052302178,2023,052302178,2,1,1,1,54,8,3,0,0,0,0,0,4,3,E01018534,-1,0,0.10846,0.89154,-1,3,30,2,1,2,07:38,3,2,4
2023010443401,2023,010443401,1,1,3,1,64,9,3,5,9,0,0,0,0,2,E01003731,-1,0,0.0,1.0,-1,2,30,9,1,1,15:00,3,1,9
2023041263118,2023,041263118,2,1,1,1,20,4,3,0,0,0,0,0,9,10,E01025327,3,1,0.0,1.0,-1,6,30,2,1,2,09:00,5,3,9
2023320441882,2023,320441882,1,1,2,2,76,11,2,0,0,1,0,0,9,-1,-1,-1,0,1.0,0.0,-1,6,60,2,1,2,14:48,1,3,9
2023010448527,2023,010448527,1,1,1,1,59,9,3,0,0,0,0,0,9,8,E01000672,-1,0,0.0,1.0,-1,6,30,1,1,1,08:28,2,2,9
2023041392837,2023,041392837,1,1,1,1,76,11,3,0,0,0,0,0,9,1,E01012673,3,1,0.0,1.0,-1,6,20,8,1,2,14:05,5,4,9
2023311267890,2023,311267890,2,2,1,2,23,5,3,0,0,0,0,0,9,7,E01028298,3,1,0.0,1.0,-1,6,50,4,1,2,07:24,4,2,9
2023531317796,2023,531317796,2,1,1,2,76,11,3,0,0,0,0,0,9,6,E01022348,3,1,0.0,1.0,-1,3,40,1,1,1,18:52,4,2,9
2023201453341,2023,201453341,2,2,1,1,41,7,3,0,0,0,0,0,9,6,E01009034,3,1,0.0,1.0,-1,6,30,1,1,1,13:13,1,2,9
2023320418172,2023,320418172,2,1,1,2,45,7,3,0,0,0,0,0,9,6,E01026020,-1,0,0.01016,0.98984,-1,6,30,1,1,1,17:18,3,2,9
2023520000607,2023,520000607,1,1,1,2,18,4,3,0,0,0,0,0,9,4,E01029196,-1,0,0.01819,0.98181,-1,6,40,2,1,2,13:10,2,2,9
2023520400596,2023,520400596,1,1,1,2,51,8,3,0,0,0,0,0,9,6,E01029227,-1,0,0.07232,0.92768,-1,6,60,1,7,1,23:48,1,2,9
2023991296017,2023,991296017,1,1,1,2,48,8,3,0,0,0,0,0,9,10,-1,3,1,0.0,1.0,-1,3,70,1,1,1,15:20,4,3,9
202360A159481,2023,60A159481,1,3,2,1,22,5,3,0,0,1,0,0,19,-1,-1,-1,0,0.06211,0.93789,-1,6,20,1,1,1,10:22,4,3,19
2023010464569,2023,010464569,1,1,1,1,42,7,3,0,0,0,0,0,9,3,E01000035,-1,0,0.0,1.0,-1,3,20,1,4,1,00:20,7,2,9
2023520400122,2023,520400122,1,3,2,1,4,1,3,0,0,2,0,0,9,10,E01029308,-1,0,0.04733,0.95267,-1,6,60,1,1,2,13:10,2,2,9
2023161345887,2023,161345887,1,1,1,1,23,5,3,0,0,0,0,0,9,9,E01013168,3,1,0.0,1.0,-1,6,60,1,6,1,23:24,7,1,9
2023201372374,2023,201372374,1,1,1,1,31,6,3,0,0,0,0,0,9,3,E01010113,3,1,0.0,1.0,-1,6,30,2,1,1,13:00,2,2,9
2023430175989,2023,430175989,1,3,2,1,32,6,2,0,0,2,0,0,9,-1,-1,-1,0,1.0,0.0,-1,3,70,1,1,2,05:14,1,1,9
2023430483086,2023,430483086,1,1,1,1,55,8,3,0,0,0,0,0,9,8,E01027296,-1,0,0.01445,0.98555,-1,6,30,1,1,1,16:15,4,2,9
2023451265957,2023,451265957,1,1,1,1,27,6,3,0,0,0,0,0,9,5,E01032724,3,1,0.0,1.0,-1,6,30,1,1,2,08:45,6,2,9
2023471293647,2023,471293647,2,1,1,2,53,8,3,0,0,0,0,0,9,3,E01021185,3,1,0.0,1.0,-1,6,30,2,1,2,15:25,6,2,9
2023170M20913,2023,170M20913,1,1,1,1,21,5,3,0,0,0,0,0,23,10,E01012071,-1,0,0.15562,0.84438,-1,6,30,1,1,1,15:21,5,2,23
2023231326841,2023,231326841,1,1,1,1,68,10,3,0,0,0,0,0,90,9,E01027117,3,1,0.0,1.0,-1,1,30,1,1,1,19:45,4,1,90
2023161363096,2023,161363096,2,2,2,1,13,3,3,0,0,1,0,0,9,1,E01012915,3,1,0.0,1.0,-1,6,30,1,1,1,13:27,1,2,9
2023351394038,2023,351394038,1,1,1,1,27,6,3,0,0,0,0,0,9,3,E01013944,3,1,0.0,1.0,-1,7,70,1,6,1,00:40,4,2,9
2023302301348,2023,302301348,1,2,1,1,18,4,3,0,0,0,0,0,9,7,E01019812,-1,0,0.13017,0.86983,-1,6,60,1,6,1,21:50,5,1,9
2023361357921,2023,361357921,2,1,1,2,25,5,3,0,0,0,0,0,9,6,E01026431,3,1,0.0,1.0,-1,3,70,1,1,1,08:43,7,2,9
2023061399387,2023,061399387,1,1,3,1,13,3,3,1,1,0,0,0,0,1,E01033220,3,1,0.0,1.0,-1,3,30,1,4,1,16:15,6,1,9
2023320331824,2023,320331824,1,1,3,1,34,6,3,9,9,0,0,0,0,9,E01026335,-1,0,0.09548,0.90452,-1,6,30,9,1,2,14:48,3,1,9
2023531276103,2023,531276103,1,1,3,1,49,8,3,8,7,0,0,0,0,1,E01022311,3,1,0.0,1.0,-1,6,30,1,1,1,08:40,3,1,19
2023201289500,2023,201289500,1,1,1,1,27,6,2,0,0,0,0,0,3,2,E01010065,7,1,1.0,0.0,-1,6,30,2,4,2,23:00,2,2,3
2023440417434,2023,440417434,1,1,1,1,39,7,3,0,0,0,0,0,1,5,E01017067,-1,0,0.11416,0.88584,-1,3,30,1,1,1,17:40,4,2,1
2023351288643,2023,351288643,1,1,1,1,56,9,3,0,0,0,0,0,3,6,E01017973,3,1,0.0,1.0,-1,6,40,3,1,3,17:14,4,2,3
2023440177031,2023,440177031,1,1,1,1,20,4,2,0,0,0,0,0,-1,2,E01022965,-1,0,1.0,0.0,-1,6,30,1,1,1,17:06,6,1,-1
2023552301475,2023,552301475,2,1,1,1,53,8,3,0,0,0,0,0,1,10,E01015399,-1,0,0.07098,0.92902,-1,6,30,1,4,1,19:40,2,2,1
2023041352297,2023,041352297,1,1,2,1,21,5,1,0,0,2,0,0,9,3,E01024986,1,1,0.0,0.0,-1,6,30,2,4,2,00:02,5,1,9
2023430531367,2023,430531367,1,1,2,2,30,6,2,0,0,0,2,0,11,6,E01028548,-1,0,1.0,0.0,-1,6,30,1,4,2,00:24,1,1,11
2023010457618,2023,010457618,1,1,1,2,44,7,3,0,0,0,0,0,9,2,E01001219,-1,0,0.0,1.0,-1,1,50,1,1,1,15:30,4,1,9
2023302300096,2023,302300096,2,2,2,1,47,8,3,0,0,1,0,0,9,-1,-1,-1,0,0.00686,0.99314,-1,6,30,1,1,1,14:30,2,2,9
2023401313520,2023,401313520,1,1,1,1,81,11,2,0,0,0,0,0,9,10,E01017442,5,1,1.0,0.0,-1,6,60,1,1,1,15:10,4,3,9
2023421342158,2023,421342158,2,1,1,2,36,7,3,0,0,0,0,0,9,5,E01021680,3,1,0.0,1.0,-1,1,40,1,1,2,12:40,5,2,9
2023161269799,2023,161269799,1,1,3,1,36,7,3,9,6,0,0,0,0,2,E01013128,3,1,0.0,1.0,-1,6,30,1,1,1,09:05,2,1,9
2023010479061,2023,010479061,2,1,1,1,23,5,3,0,0,0,0,0,4,1,E01001549,-1,0,0.0,1.0,-1,3,40,1,1,1,08:50,2,2,4
2023332300126,2023,332300126,1,1,1,1,58,9,3,0,0,0,0,0,9,9,E01025693,-1,0,0.06373,0.93627,-1,6,60,1,1,1,14:30,1,1,9
2023440056603,2023,440056603,1,1,2,2,74,10,3,0,0,1,0,0,9,9,E01017146,-1,0,0.0772,0.9228,-1,6,30,1,1,1,11:35,6,2,9
2023122301321,2023,122301321,1,3,2,2,45,7,3,0,0,1,0,0,9,10,E01006136,-1,0,0.07296,0.92704,-1,6,60,2,6,2,16:26,1,2,9
2023170S11093,2023,170S11093,1,1,2,1,31,6,3,0,0,1,0,0,9,3,E01012253,-1,0,0.09526,0.90474,-1,3,70,2,1,2,14:45,3,1,9
2023421330004,2023,421330004,2,1,1,1,58,9,3,0,0,0,0,0,9,3,E01021862,3,1,0.0,1.0,-1,6,60,1,6,2,02:30,2,2,9
2023421369553,2023,421369553,1,1,1,1,20,4,3,0,0,0,0,0,9,5,E01021901,3,1,0.0,1.0,-1,6,60,1,6,1,19:40,4,1,9
2023549314723,2023,549314723,1,1,1,1,62,9,3,0,0,0,0,0,9,8,E01031885,-1,0,0.08402,0.91598,-1,6,60,9,6,1,19:30,1,1,9
2023070088879,2023,070088879,1,1,1,1,53,8,1,0,0,0,0,0,21,-1,-1,-1,0,0.0,0.0,-1,3,70,1,4,2,04:30,3,2,21
2023340WN2462,2023,340WN2462,2,2,1,2,52,8,3,0,0,0,0,0,9,2,E01009537,-1,0,0.05458,0.94542,-1,3,70,1,1,1,08:00,3,3,9
2023411378010,2023,411378010,1,2,2,2,-1,-1,3,0,0,1,0,0,9,5,E01023727,3,1,0.0,1.0,-1,6,30,1,1,1,15:45,6,2,9
2023451294665,2023,451294665,1,1,1,1,36,7,3,0,0,0,0,0,9,8,E01030655,3,1,0.0,1.0,-1,3,70,1,1,1,19:18,6,1,9
2023991298514,2023,991298514,1,1,1,1,20,4,3,0,0,0,0,0,9,-1,-1,3,1,0.0,1.0,-1,6,60,1,1,1,09:10,3,1,9
2023440348059,2023,440348059,1,1,1,1,55,8,3,0,0,0,0,0,9,9,E01030768,-1,0,0.12394,0.87606,-1,3,70,1,1,1,11:26,2,3,9
202360A079656,2023,60A079656,2,3,2,2,12,3,3,0,0,2,0,0,9,-1,-1,-1,0,0.06921,0.93079,-1,6,40,1,1,1,12:45,7,2,9
2023010469217,2023,010469217,1,1,2,1,32,6,3,0,0,0,3,0,11,6,E01001269,-1,0,0.0,1.0,-1,6,20,1,1,1,14:22,7,1,11
2023552300440,2023,552300440,2,1,1,2,36,7,3,0,0,0,0,0,90,5,E01020565,-1,0,0.0181,0.9819,-1,6,30,1,1,1,17:55,6,2,90
2023010473815,2023,010473815,1,1,3,2,4,1,3,5,3,0,0,0,0,3,E01002401,-1,0,0.0,1.0,-1,6,30,1,1,1,17:44,3,1,3
2023052301141,2023,052301141,1,1,3,2,50,8,3,6,9,0,0,0,0,1,E01006737,-1,0,0.06561,0.93439,-1,6,30,1,1,1,10:30,5,1,9
2023010444222,2023,010444222,2,1,1,1,47,8,2,0,0,0,0,0,3,2,E01000100,-1,0,1.0,0.0,-1,6,30,1,1,1,12:15,1,2,3
2023332300537,2023,332300537,1,1,3,2,37,7,3,4,1,0,0,0,0,1,E01013603,-1,0,0.02003,0.97997,-1,3,30,1,1,1,09:31,6,1,9
2023010445553,2023,010445553,2,1,1,1,25,5,3,0,0,0,0,0,1,6,E01002818,-1,0,0.0,1.0,-1,6,20,1,4,1,21:22,7,2,1
2023522301338,2023,522301338,2,1,1,1,22,5,3,0,0,0,0,0,1,7,E01014538,-1,0,0.09873,0.90127,-1,6,20,2,4,2,20:00,4,2,1
2023010468678,2023,010468678,1,1,1,1,22,5,3,0,0,0,0,0,5,6,E01021186,-1,0,0.0,1.0,-1,6,30,1,4,1,00:10,4,2,5
2023161392529,2023,161392529,1,1,3,1,35,6,2,8,4,0,0,2,0,1,E01012854,6,1,1.0,0.0,-1,3,30,1,4,2,15:38,4,1,9
2023371345499,2023,371345499,1,1,3,2,84,11,3,9,8,0,0,2,0,7,E01030019,3,1,0.0,1.0,-1,6,30,1,1,1,13:20,6,1,9
2023461399092,2023,461399092,1,1,3,1,91,11,3,1,1,0,0,0,0,2,E01033090,3,1,0.0,1.0,-1,6,30,1,1,1,14:40,5,1,9
202360A193082,2023,60A193082,2,2,1,1,31,6,3,0,0,0,0,0,9,-1,-1,-1,0,0.10165,0.89835,-1,6,60,1,7,1,17:02,6,2,9
2023622300332,2023,622300332,1,1,1,1,38,7,3,0,0,0,0,0,9,3,W01001145,-1,0,0.1318,0.8682,-1,6,30,1,4,1,23:43,4,1,9
2023131267038,2023,131267038,2,1,1,1,81,11,2,0,0,0,0,0,9,8,E01011171,7,1,1.0,0.0,-1,6,30,8,1,2,14:26,2,2,9
2023141296756,2023,141296756,1,1,1,1,26,6,3,0,0,0,0,0,9,4,E01007646,3,1,0.0,1.0,-1,6,60,2,1,2,14:36,6,2,9
2023411284861,2023,411284861,2,1,1,1,47,8,3,0,0,0,0,0,9,4,E01027910,3,1,0.0,1.0,-1,6,20,1,4,1,19:05,5,2,9
2023440480347,2023,440480347,1,1,1,1,39,7,3,0,0,0,0,0,9,4,E01017193,-1,0,0.05318,0.94682,-1,6,30,1,4,1,20:49,5,2,9
2023501277335,2023,501277335,1,1,1,1,47,8,3,0,0,0,0,0,9,5,E01018849,3,1,0.0,1.0,-1,6,40,1,6,1,22:23,5,2,9
2023991309300,2023,991309300,2,1,1,1,86,11,3,0,0,0,0,0,9,1,-1,3,1,0.0,1.0,-1,6,60,1,1,1,13:20,6,2,9
2023010466014,2023,010466014,1,1,2,2,68,10,3,0,0,0,4,0,11,3,E01004355,-1,0,0.0,1.0,-1,6,20,1,1,1,18:40,5,1,11
2023041357457,2023,041357457,2,3,2,2,9,2,3,0,0,2,0,0,9,8,E01025280,3,1,0.0,1.0,-1,3,30,8,1,1,16:40,3,2,9
2023131361679,2023,131361679,1,1,1,2,28,6,3,0,0,0,0,0,9,1,E01011842,3,1,0.0,1.0,-1,3,70,1,1,1,12:41,3,1,9
2023991285676,2023,991285676,1,1,1,2,63,9,3,0,0,0,0,0,9,7,-1,3,1,0.0,1.0,-1,6,60,1,1,1,10:52,5,2,9
2023332300849,2023,332300849,1,1,1,1,57,9,2,0,0,0,0,0,97,10,E01031318,-1,0,1.0,0.0,-1,6,50,1,5,1,20:15,4,2,97
2023122300101,2023,122300101,1,1,1,2,70,10,3,0,0,0,0,0,9,7,E01027584,-1,0,0.06801,0.93199,-1,9,60,1,1,1,11:45,6,2,9
2023161334487,2023,161334487,2,3,2,1,31,6,3,0,0,1,0,0,9,-1,-1,3,1,0.0,1.0,-1,6,60,8,1,1,14:00,6,3,9
2023201385628,2023,201385628,2,2,1,1,54,8,3,0,0,0,0,0,9,6,E01032591,3,1,0.0,1.0,-1,6,30,2,4,2,22:40,4,2,9
2023041295934,2023,041295934,1,3,2,2,1,1,3,0,0,2,0,0,9,5,E01025095,3,1,0.0,1.0,-1,6,60,5,6,2,11:15,4,1,9
2023141358695,2023,141358695,1,1,1,1,20,4,2,0,0,0,0,0,9,-1,-1,7,1,1.0,0.0,-1,3,30,2,4,2,21:20,2,2,9
2023311349916,2023,311349916,1,1,1,1,24,5,3,0,0,0,0,0,9,5,E01028362,3,1,0.0,1.0,-1,6,60,1,1,1,07:53,5,2,9
2023361315644,2023,361315644,2,1,2,2,17,4,3,0,0,1,0,0,9,2,E01001726,3,1,0.0,1.0,-1,6,60,1,1,1,17:10,3,2,9
2023991359512,2023,991359512,1,1,2,2,9,2,3,0,0,1,0,0,9,6,-1,3,1,0.0,1.0,-1,6,60,2,6,2,16:20,4,2,9
2023552300576,2023,552300576,2,1,1,1,41,7,3,0,0,0,0,0,1,4,E01015328,-1,0,0.05821,0.94179,-1,6,30,1,1,1,07:50,2,2,1
2023161296291,2023,161296291,1,1,1,2,60,9,3,0,0,0,0,0,22,2,E01013202,3,1,0.0,1.0,-1,6,30,1,1,1,14:30,1,2,22
2023010447018,2023,010447018,2,2,1,1,27,6,3,0,0,0,0,0,3,3,E01016012,-1,0,0.0,1.0,-1,6,20,1,1,1,15:00,1,2,3
2023371358984,2023,371358984,1,1,1,1,42,7,2,0,0,0,0,0,19,5,E01030281,7,1,1.0,0.0,-1,6,30,1,1,1,10:35,7,3,19
2023430356833,2023,430356833,2,1,2,1,28,6,3,0,0,0,0,0,19,-1,-1,-1,0,0.03539,0.96461,-1,6,40,1,1,1,16:49,5,2,19
2023041265824,2023,041265824,1,1,1,1,34,6,3,0,0,0,0,0,9,3,E01024879,3,1,0.0,1.0,-1,6,30,3,4,3,04:14,4,2,9
2023131314536,2023,131314536,2,4,2,2,8,2,3,0,0,2,0,0,9,6,E01010922,3,1,0.0,1.0,-1,6,30,1,1,1,11:21,7,3,9
2023201377462,2023,201377462,1,1,1,1,18,4,2,0,0,0,0,0,9,4,E01009518,7,1,1.0,0.0,-1,1,30,1,1,1,16:15,4,2,9
2023351324125,2023,351324125,3,4,2,2,35,6,2,0,0,1,0,0,9,9,E01018136,5,1,1.0,0.0,-1,6,40,1,1,2,15:40,2,3,9
202360A088927,2023,60A088927,1,3,2,1,6,2,3,0,0,1,0,0,9,-1,-1,-1,0,0.08566,0.91434,-1,3,70,1,1,1,09:58,7,3,9
2023201323468,2023,201323468,1,1,1,1,36,7,3,0,0,0,0,0,9,-1,-1,3,1,0.0,1.0,-1,3,30,1,1,1,18:28,3,2,9
2023430142245,2023,430142245,2,1,1,2,26,6,3,0,0,0,0,0,9,9,E01032953,-1,0,0.05133,0.94867,-1,6,60,2,1,2,16:48,6,2,9
2023010473879,2023,010473879,2,1,1,1,35,6,3,0,0,0,0,0,1,3,E01001814,-1,0,0.0,1.0,-1,2,20,8,1,2,07:24,4,2,1
2023461264667,2023,461264667,1,1,1,1,19,4,3,0,0,0,0,0,9,3,E01024119,3,1,0.0,1.0,-1,6,30,1,4,1,22:11,5,2,9