collision_index,collision_year,collision_ref_no,vehicle_reference,casualty_reference,casualty_class,sex_of_casualty,age_of_casualty,age_band_of_casualty,casualty_severity,pedestrian_location,pedestrian_movement,car_passenger,bus_or_coach_passenger,pedestrian_road_maintenance_worker,casualty_type,casualty_imd_decile,lsoa_of_casualty,enhanced_casualty_severity,casualty_injury_based,casualty_adjusted_severity_serious,casualty_adjusted_severity_slight,casualty_distance_banding,road_type,speed_limit,weather_conditions,light_conditions,road_surface_conditions,time,day_of_week,number_of_vehicles,vehicle_type
2023531375775,2023,531375775,1,1,1,1,46,8,2,0,0,0,0,0,9,7,E01022239,6,1,1.0,0.0,-1,6,60,1,1,1,12:15,6,1,9
2023552300820,2023,552300820,2,1,1,2,74,10,3,0,0,0,0,0,1,3,E01015292,-1,0,0.09874,0.90126,-1,6,30,1,1,1,12:52,5,2,1
2023010447096,2023,010447096,1,1,2,2,67,10,3,0,0,2,0,0,9,8,E01001208,-1,0,0.0,1.0,-1,6,20,1,1,1,12:13,2,2,9
2023101314648,2023,101314648,1,2,2,1,17,4,2,0,0,2,0,0,9,2,E01027429,7,1,1.0,0.0,-1,6,60,1,1,1,19:15,7,1,9
2023320013856,2023,320013856,1,1,2,1,26,6,3,0,0,1,0,0,9,-1,-1,-1,0,0.11324,0.88676,-1,1,30,1,4,2,04:45,1,1,9
2023170L10363,2023,170L10363,2,3,2,2,4,1,3,0,0,2,0,0,9,4,E01012164,-1,0,0.0716,0.9284,-1,6,60,1,1,2,08:45,2,2,9
2023401277203,2023,401277203,2,2,2,1,34,6,3,0,0,1,0,0,9,4,E01017476,3,1,0.0,1.0,-1,3,70,1,6,1,02:15,7,2,9
2023461303627,2023,461303627,1,3,2,2,36,7,3,0,0,2,0,0,9,5,E01024494,3,1,0.0,1.0,-1,6,30,2,1,2,17:09,2,2,9
2023461324318,2023,461324318,2,1,1,1,39,7,3,0,0,0,0,0,9,8,E01024351,3,1,0.0,1.0,-1,3,70,1,1,1,14:15,1,2,9
2023471304880,2023,471304880,2,1,1,1,57,9,3,0,0,0,0,0,9,8,E01016962,3,1,0.0,1.0,-1,6,30,1,1,1,13:55,1,2,9
2023010473410,2023,010473410,2,1,1,2,25,5,3,0,0,0,0,0,1,6,E01004748,-1,0,0.0,1.0,-1,6,20,1,1,1,13:00,1,2,1
2023061287786,2023,061287786,2,1,1,1,53,8,3,0,0,0,0,0,1,1,E01005180,3,1,0.0,1.0,-1,6,30,1,1,1,16:29,6,2,1
2023010439799,2023,010439799,1,1,3,1,29,6,3,5,1,0,0,0,0,3,E01003264,-1,0,0.0,1.0,-1,2,20,1,1,1,18:35,4,1,19
2023010447388,2023,010447388,1,2,3,1,28,6,2,5,2,0,0,0,0,4,E01033576,-1,0,1.0,0.0,-1,3,30,1,1,1,17:29,3,1,3
2023010462752,2023,010462752,3,1,1,1,37,7,3,0,0,0,0,0,1,6,E01003375,-1,0,0.0,1.0,-1,6,20,1,4,1,01:17,2,3,1
2023302300159,2023,302300159,1,1,1,1,18,4,2,0,0,0,0,0,1,2,E01013585,-1,0,1.0,0.0,-1,6,30,1,1,1,15:00,5,3,1
2023010458781,2023,010458781,2,1,1,1,17,4,3,0,0,0,0,0,3,3,E01003264,-1,0,0.0,1.0,-1,6,20,1,1,1,16:54,5,2,3
2023431344362,2023,431344362,1,1,1,1,20,4,2,0,0,0,0,0,5,8,E01030734,7,1,1.0,0.0,-1,6,40,1,1,1,18:31,2,2,5
2023201364101,2023,201364101,2,2,1,1,32,6,3,0,0,0,0,0,9,2,E01009935,3,1,0.0,1.0,-1,3,40,1,1,1,19:45,3,2,9
2023501356081,2023,501356081,2,2,2,1,27,6,3,0,0,2,0,0,9,5,E01015174,3,1,0.0,1.0,-1,1,30,1,1,1,15:30,6,2,9
2023610026923,2023,610026923,2,1,1,1,32,6,2,0,0,0,0,0,9,1,W01001334,-1,0,1.0,0.0,-1,6,30,1,1,1,11:19,1,2,9
2023161329544,2023,161329544,2,1,1,1,30,6,3,0,0,0,0,0,1,3,E01012860,3,1,0.0,1.0,-1,3,30,2,1,2,15:50,6,2,1
2023010473877,2023,010473877,1,1,1,1,27,6,3,0,0,0,0,0,3,4,E01003308,-1,0,0.0,1.0,-1,6,20,1,1,1,17:20,1,2,3
2023231337369,2023,231337369,2,1,1,1,33,6,3,0,0,0,0,0,5,4,E01031276,3,1,0.0,1.0,-1,1,30,1,1,1,06:55,2,2,5
2023421390805,2023,421390805,1,1,1,1,18,4,2,0,0,0,0,0,3,3,E01022055,7,1,1.0,0.0,-1,6,30,1,4,1,20:17,4,1,3
2023411369807,2023,411369807,2,1,1,1,34,6,3,0,0,0,0,0,4,3,E01023650,3,1,0.0,1.0,-1,6,30,1,4,1,09:20,3,2,4
2023991318726,2023,991318726,1,1,1,1,53,8,3,0,0,0,0,0,9,1,-1,3,1,0.0,1.0,-1,6,60,1,1,1,16:40,2,2,9
2023010467166,2023,010467166,1,1,3,1,57,9,2,8,1,0,0,0,0,4,E01021815,-1,0,1.0,0.0,-1,2,20,1,1,1,11:07,4,1,9
2023010478403,2023,010478403,2,1,1,1,36,7,3,0,0,0,0,0,1,2,E01002786,-1,0,0.0,1.0,-1,6,20,1,4,2,16:27,5,2,1
2023131333765,2023,131333765,2,1,1,1,53,8,3,0,0,0,0,0,1,7,E01011145,3,1,0.0,1.0,-1,1,30,2,1,2,17:41,4,2,1
2023440024175,2023,440024175,2,1,1,1,18,4,3,0,0,0,0,0,3,7,E01017047,-1,0,0.1678,0.8322,-1,6,30,1,4,4,22:18,4,2,3
2023131329865,2023,131329865,1,4,1,1,35,6,3,0,0,0,0,0,9,2,E01010778,3,1,0.0,1.0,-1,6,30,5,1,2,06:40,1,1,9
2023451273243,2023,451273243,2,2,2,1,44,7,3,0,0,1,0,0,9,5,E01029067,3,1,0.0,1.0,-1,3,70,1,1,1,08:46,3,3,9
2023552300054,2023,552300054,1,2,2,1,19,4,3,0,0,1,0,0,9,6,E01020397,-1,0,0.1115,0.8885,-1,6,60,4,6,2,01:30,1,1,9
2023421321621,2023,421321621,2,1,1,1,21,5,2,0,0,0,0,0,1,2,E01015899,7,1,1.0,0.0,-1,1,30,1,1,1,09:57,5,2,1
2023010422172,2023,010422172,1,1,1,2,47,8,3,0,0,0,0,0,9,3,E01001640,-1,0,0.0,1.0,-1,2,20,1,4,1,17:03,4,2,9
2023071091382,2023,071091382,2,2,1,1,42,7,3,0,0,0,0,0,9,3,E01012369,-1,0,0.0313,0.9687,-1,6,30,1,1,2,11:53,6,2,9
2023320474121,2023,320474121,1,1,1,1,29,6,2,0,0,0,0,0,9,2,E01026175,-1,0,1.0,0.0,-1,6,60,1,6,2,22:58,2,1,9
2023332300149,2023,332300149,2,1,2,2,11,3,3,0,0,2,0,0,9,8,E01032865,-1,0,0.00955,0.99045,-1,1,40,8,1,1,12:50,3,2,9
2023122300814,2023,122300814,2,1,1,1,21,5,1,0,0,0,0,0,3,3,E01011851,-1,0,0.0,0.0,-1,6,60,1,1,1,12:30,6,2,3
2023141314777,2023,141314777,2,3,1,1,43,7,3,0,0,0,0,0,9,1,E01013603,3,1,0.0,1.0,-1,6,30,1,1,1,15:44,1,2,9
2023201390183,2023,201390183,2,2,2,2,74,10,3,0,0,1,0,0,9,9,E01031243,3,1,0.0,1.0,-1,6,30,1,1,1,12:12,6,2,9
2023201456328,2023,201456328,1,1,1,1,39,7,3,0,0,0,0,0,9,2,E01010025,3,1,0.0,1.0,-1,3,30,4,4,1,20:19,7,2,9
2023361383507,2023,361383507,1,1,1,1,22,5,3,0,0,0,0,0,9,5,E01026702,3,1,0.0,1.0,-1,6,30,1,6,4,06:27,4,2,9
2023411309871,2023,411309871,1,1,1,1,17,4,3,0,0,0,0,0,9,9,E01023439,3,1,0.0,1.0,-1,6,30,1,1,1,13:30,5,3,9
2023440021843,2023,440021843,1,1,1,1,19,4,2,0,0,0,0,0,3,9,E01022676,-1,0,1.0,0.0,-1,6,30,1,1,1,11:25,3,2,3
2023010470474,2023,010470474,2,4,2,1,10,2,3,0,0,1,0,0,9,4,E01001176,-1,0,0.0,1.0,-1,3,30,1,1,1,17:52,6,2,9
2023041351974,2023,041351974,1,3,1,2,45,7,3,0,0,0,0,0,9,3,E01012587,3,1,0.0,1.0,-1,6,30,1,1,1,15:30,4,2,9
2023451329608,2023,451329608,1,1,2,1,1,1,3,0,0,2,0,0,9,5,E01030913,3,1,0.0,1.0,-1,6,30,1,1,1,19:52,2,2,9
2023010484808,2023,010484808,2,1,1,1,43,7,3,0,0,0,0,0,1,5,E01033325,-1,0,0.0,1.0,-1,1,20,1,4,1,18:35,2,2,1
2023311269887,2023,311269887,2,1,1,1,35,6,2,0,0,0,0,0,1,10,E01028382,7,1,1.0,0.0,-1,6,40,1,1,1,08:25,2,2,1
2023010476099,2023,010476099,1,1,1,1,31,6,3,0,0,0,0,0,3,1,E01032575,-1,0,0.0,1.0,-1,6,20,1,4,2,18:50,7,2,3
2023361386911,2023,361386911,1,1,1,2,23,5,2,0,0,0,0,0,3,8,E01026840,7,1,1.0,0.0,-1,6,60,1,6,2,15:58,2,2,3
2023010437239,2023,010437239,1,1,1,1,22,5,3,0,0,0,0,0,9,4,E01002642,-1,0,0.0,1.0,-1,6,20,1,1,1,17:09,5,2,9
2023302301178,2023,302301178,2,2,1,2,53,8,3,0,0,0,0,0,9,7,E01013492,-1,0,0.03321,0.96679,-1,6,30,1,1,1,13:42,1,2,9
2023471350146,2023,471350146,1,2,2,1,-1,-1,3,0,0,-1,0,0,9,-1,-1,3,1,0.0,1.0,-1,6,30,8,1,1,16:39,5,2,9
202363C024023,2023,63C024023,1,1,1,1,18,4,3,0,0,0,0,0,9,6,W01000575,-1,0,0.1041,0.8959,-1,6,60,5,1,2,09:00,3,2,9
2023461349903,2023,461349903,1,1,3,1,66,10,2,10,9,0,0,0,0,2,E01016040,7,1,1.0,0.0,-1,6,30,1,1,1,10:00,4,1,19
2023010483259,2023,010483259,2,1,2,2,46,8,3,0,0,1,0,0,9,10,E01004093,-1,0,0.0,1.0,-1,6,30,1,4,1,16:15,1,2,9
2023351341690,2023,351341690,1,1,1,1,45,7,3,0,0,0,0,0,9,8,E01015645,3,1,0.0,1.0,-1,6,30,1,1,1,12:36,1,2,9
2023461300767,2023,461300767,2,1,1,1,27,6,3,0,0,0,0,0,9,6,E01024628,3,1,0.0,1.0,-1,3,70,1,1,2,09:55,5,3,9
2023531339162,2023,531339162,2,1,1,2,52,8,3,0,0,0,0,0,9,5,E01014065,3,1,0.0,1.0,-1,6,40,1,1,1,12:18,1,3,9
2023552301430,2023,552301430,3,1,1,2,37,7,3,0,0,0,0,0,9,4,E01032008,-1,0,0.02013,0.97987,-1,6,60,3,1,2,07:50,5,3,9
2023161292842,2023,161292842,2,1,1,1,30,6,2,0,0,0,0,0,3,3,E01012757,7,1,1.0,0.0,-1,1,30,1,4,1,22:00,7,2,3
2023061371551,2023,061371551,1,1,3,1,17,4,3,10,9,0,0,-1,0,1,E01005123,3,1,0.0,1.0,-1,6,30,2,1,2,09:14,2,1,9
2023531383559,2023,531383559,1,1,3,1,14,3,3,5,3,0,0,0,0,-1,-1,3,1,0.0,1.0,-1,6,30,1,1,2,15:17,4,1,9
2023481366798,2023,481366798,1,1,1,1,37,7,2,0,0,0,0,0,1,-1,-1,7,1,1.0,0.0,-1,7,20,1,4,1,21:50,6,2,1
2023548317223,2023,548317223,2,1,1,1,44,7,3,0,0,0,0,0,1,1,E01015545,-1,0,0.04644,0.95356,-1,1,30,9,1,1,05:00,3,2,1
2023471367629,2023,471367629,1,1,1,1,-1,-1,3,0,0,0,0,0,4,-1,-1,3,1,0.0,1.0,-1,6,30,1,1,1,15:45,2,3,4
2023161298108,2023,161298108,2,1,1,1,76,11,3,0,0,0,0,0,9,6,E01013250,3,1,0.0,1.0,-1,6,30,1,1,1,18:26,3,2,9
2023471306744,2023,471306744,2,1,1,1,-1,-1,3,0,0,0,0,0,97,-1,-1,3,1,0.0,1.0,-1,3,70,1,1,1,08:15,5,2,97
2023041345597,2023,041345597,2,1,1,1,58,9,3,0,0,0,0,0,9,1,E01025590,3,1,0.0,1.0,-1,6,30,1,1,1,16:30,6,3,9
2023361328768,2023,361328768,2,3,1,2,31,6,3,0,0,0,0,0,9,6,E01026534,3,1,0.0,1.0,-1,6,50,1,1,1,17:06,4,2,9
2023440436720,2023,440436720,1,1,1,2,42,7,3,0,0,0,0,0,9,5,E01017368,-1,0,0.00799,0.99201,-1,6,30,2,1,2,07:45,4,2,9
202360A143829,2023,60A143829,1,1,1,2,52,8,3,0,0,0,0,0,9,-1,-1,-1,0,0.12131,0.87869,-1,6,60,1,1,1,16:56,4,1,9
2023520300610,2023,520300610,2,32,2,2,27,6,3,0,0,0,4,0,11,5,E01029094,-1,0,0.05569,0.94431,-1,6,40,1,6,4,06:00,3,3,11
2023010448446,2023,010448446,1,1,1,1,48,8,3,0,0,0,0,0,9,3,E01000622,-1,0,0.0,1.0,-1,3,40,1,1,1,07:53,2,2,9
2023010462072,2023,010462072,1,1,2,1,35,6,2,0,0,1,0,0,9,2,E01013716,-1,0,1.0,0.0,-1,3,50,1,1,1,18:05,4,2,9
2023211336657,2023,211336657,2,3,2,2,23,5,3,0,0,1,0,0,9,9,E01009917,3,1,0.0,1.0,-1,6,50,1,1,1,15:38,7,2,9
2023421335917,2023,421335917,1,1,3,2,6,2,3,1,1,0,0,0,0,1,E01021325,3,1,0.0,1.0,-1,6,20,1,1,1,16:15,4,1,9
2023111314931,2023,111314931,2,2,1,1,39,7,3,0,0,0,0,0,9,3,E01020877,3,1,0.0,1.0,-1,6,30,1,1,1,19:30,6,2,9
2023622300169,2023,622300169,1,1,1,1,18,4,3,0,0,0,0,0,9,2,W01001282,-1,0,0.12155,0.87845,-1,6,50,1,6,1,23:56,7,1,9
2023010485444,2023,010485444,1,2,3,1,53,8,2,8,2,0,0,0,0,6,E01003375,-1,0,1.0,0.0,-1,6,30,1,4,1,17:30,5,1,3
2023302301947,2023,302301947,1,1,2,2,17,4,3,0,0,1,0,0,9,-1,-1,-1,0,0.1392,0.8608,-1,6,60,1,6,1,20:53,6,1,9
2023361324837,2023,361324837,1,1,2,1,51,8,1,0,0,2,0,0,9,6,E01026761,1,1,0.0,0.0,-1,1,70,1,1,1,19:40,7,1,9
2023548186223,2023,548186223,2,2,1,1,79,11,3,0,0,0,0,0,9,7,E01015581,-1,0,0.03778,0.96222,-1,1,30,1,1,1,08:58,5,2,9
2023311359237,2023,311359237,1,1,1,1,31,6,3,0,0,0,0,0,3,3,E01028339,3,1,0.0,1.0,-1,6,30,1,1,1,08:11,4,2,3
2023471334933,2023,471334933,1,1,1,1,23,5,2,0,0,0,0,0,-1,9,E01031563,7,1,1.0,0.0,-1,6,30,1,4,1,01:10,1,1,-1
2023201292049,2023,201292049,2,1,1,1,31,6,3,0,0,0,0,0,1,4,E01010006,3,1,0.0,1.0,-1,1,30,1,1,1,07:05,4,2,1
2023041315620,2023,041315620,2,1,1,1,61,9,3,0,0,0,0,0,9,5,E01025288,3,1,0.0,1.0,-1,6,30,1,1,1,17:20,6,2,9
2023311299918,2023,311299918,2,1,1,2,33,6,3,0,0,0,0,0,9,8,E01027944,3,1,0.0,1.0,-1,6,30,2,1,2,11:30,6,2,9
2023440200744,2023,440200744,1,2,1,1,48,8,3,0,0,0,0,0,9,6,E01022507,-1,0,0.07148,0.92852,-1,6,30,1,1,1,16:55,1,2,9
2023471288207,2023,471288207,1,2,2,2,64,9,3,0,0,1,0,0,9,2,E01031437,3,1,0.0,1.0,-1,6,30,1,1,2,12:46,6,1,9
2023122300408,2023,122300408,1,1,2,2,57,9,3,0,0,1,0,0,9,3,E01020868,-1,0,0.08519,0.91481,-1,6,40,1,1,2,13:13,2,2,9
2023311331523,2023,311331523,1,1,1,2,86,11,3,0,0,0,0,0,9,6,E01028244,3,1,0.0,1.0,-1,6,30,1,1,1,12:55,5,2,9
2023501340454,2023,501340454,1,1,1,1,40,7,3,0,0,0,0,0,9,3,E01015168,3,1,0.0,1.0,-1,6,30,1,4,2,20:30,5,1,9
2023010483512,2023,010483512,1,2,2,-1,41,7,3,0,0,1,0,0,9,-1,-1,-1,0,0.0,1.0,-1,6,30,2,4,2,17:45,7,2,9
2023211365028,2023,211365028,2,1,1,2,66,10,2,0,0,0,0,0,9,6,E01014267,6,1,1.0,0.0,-1,6,30,2,1,5,09:20,6,3,9
2023311319953,2023,311319953,2,1,1,1,13,3,3,0,0,0,0,0,1,-1,-1,3,1,0.0,1.0,-1,6,20,1,1,1,16:17,5,2,1
2023544810723,2023,544810723,2,1,1,1,36,7,3,0,0,0,0,0,5,9,E01017150,-1,0,0.1403,0.8597,-1,6,40,1,1,1,12:21,2,2,5
2023141349604,2023,141349604,1,1,1,2,35,6,3,0,0,0,0,0,9,2,E01007651,3,1,0.0,1.0,-1,6,30,1,1,1,14:40,3,2,9
2023302301045,2023,302301045,1,2,2,2,38,7,3,0,0,2,0,0,9,3,E01019487,-1,0,0.20056,0.79944,-1,6,60,1,6,1,00:10,7,1,9
2023430193177,2023,430193177,1,1,1,2,25,5,3,0,0,0,0,0,9,9,E01016272,-1,0,0.06362,0.93638,-1,3,40,1,4,1,21:52,4,2,9
2023430106944,2023,430106944,2,1,1,1,30,6,3,0,0,0,0,0,1,5,E01016768,-1,0,0.03912,0.96088,-1,6,30,2,1,2,14:50,5,2,1
2023131319967,2023,131319967,2,1,1,2,28,6,3,0,0,0,0,0,9,3,E01011722,3,1,0.0,1.0,-1,9,30,1,1,1,18:55,7,2,9
2023471350667,2023,471350667,1,1,2,2,13,3,3,0,0,2,0,0,9,10,E01031738,3,1,0.0,1.0,-1,6,50,1,1,1,11:08,7,2,9
2023311327241,2023,311327241,1,1,2,2,49,8,2,0,0,0,3,0,11,8,E01028177,5,1,1.0,0.0,-1,6,30,1,1,1,12:30,3,1,11
2023461339827,2023,461339827,1,2,2,1,13,3,3,0,0,0,0,0,19,7,E01024109,3,1,0.0,1.0,-1,6,50,1,1,1,20:37,3,1,19
2023010424742,2023,010424742,1,1,2,2,90,11,3,0,0,1,0,0,9,3,E01003251,-1,0,0.0,1.0,-1,6,20,1,1,1,14:10,4,2,9
2023131272445,2023,131272445,1,1,1,1,38,7,3,0,0,0,0,0,9,6,E01011072,3,1,0.0,1.0,-1,6,60,1,7,2,17:45,7,1,9
2023461268166,2023,461268166,2,1,1,2,65,9,3,0,0,0,0,0,9,3,E01024695,3,1,0.0,1.0,-1,3,40,1,1,1,12:53,6,2,9
2023010477877,2023,010477877,2,1,1,1,17,4,3,0,0,0,0,0,1,3,E01001003,-1,0,0.0,1.0,-1,6,30,2,1,2,10:57,3,2,1
2023201328265,2023,201328265,2,1,1,1,21,5,3,0,0,0,0,0,1,10,E01010181,3,1,0.0,1.0,-1,6,30,1,1,1,16:39,6,2,1
2023440007272,2023,440007272,1,1,1,1,31,6,3,0,0,0,0,0,3,4,E01017270,-1,0,0.13507,0.86493,-1,6,30,2,1,2,15:11,6,2,3
2023010427216,2023,010427216,1,1,3,2,29,6,3,8,1,0,0,0,0,3,E01001162,-1,0,0.0,1.0,-1,6,20,1,4,1,19:20,3,1,8
2023371283619,2023,371283619,2,1,1,1,17,4,3,0,0,0,0,0,1,10,E01033444,3,1,0.0,1.0,-1,6,30,9,4,2,18:45,5,2,1
2023161271865,2023,161271865,1,1,1,1,43,7,3,0,0,0,0,0,3,7,E01013034,3,1,0.0,1.0,-1,6,60,1,1,1,16:30,2,2,3
2023010459131,2023,010459131,1,1,1,1,31,6,3,0,0,0,0,0,9,3,E01033722,-1,0,0.0,1.0,-1,6,40,1,4,2,01:40,1,2,9
2023141320860,2023,141320860,2,1,1,2,29,6,3,0,0,0,0,0,9,7,E01019553,3,1,0.0,1.0,-1,3,30,2,1,2,12:17,3,2,9
2023371262968,2023,371262968,1,1,1,1,21,5,3,0,0,0,0,0,9,4,E01033123,3,1,0.0,1.0,-1,6,30,1,4,2,00:15,2,1,9
2023461269919,2023,461269919,1,5,1,1,33,6,3,0,0,0,0,0,11,-1,-1,3,1,0.0,1.0,-1,3,70,3,6,3,00:13,2,2,11
2023010429811,2023,010429811,1,1,3,1,56,9,3,1,3,0,0,0,0,7,E01014858,-1,0,0.0,1.0,-1,6,30,1,4,1,22:00,5,1,9
2023161391546,2023,161391546,1,1,3,1,7,2,3,5,4,0,0,2,0,3,E01012899,3,1,0.0,1.0,-1,6,30,1,4,2,19:07,6,1,9
2023010455023,2023,010455023,2,1,1,2,44,7,3,0,0,0,0,0,1,3,E01001638,-1,0,0.0,1.0,-1,6,20,1,1,1,18:53,5,2,1
2023471265264,2023,471265264,1,1,1,1,54,8,3,0,0,0,0,0,9,2,E01031819,3,1,0.0,1.0,-1,6,30,1,1,2,13:18,4,2,9
2023991337971,2023,991337971,1,1,2,2,1,1,3,0,0,2,0,0,9,-1,-1,3,1,0.0,1.0,-1,6,60,1,1,1,16:45,5,2,9
2023501284158,2023,501284158,1,1,1,1,41,7,2,0,0,0,0,0,1,6,E01015132,7,1,1.0,0.0,-1,6,30,1,1,1,14:50,3,2,1
2023122300747,2023,122300747,1,1,1,1,17,4,3,0,0,0,0,0,9,8,E01027635,-1,0,0.11645,0.88355,-1,6,60,2,6,2,22:17,7,2,9
2023302301288,2023,302301288,1,3,2,2,17,4,3,0,0,1,0,0,9,9,E01019622,-1,0,0.08265,0.91735,-1,6,40,1,6,1,02:42,1,1,9
2023170M10133,2023,170M10133,1,1,3,2,46,8,3,5,3,0,0,0,0,9,E01012066,-1,0,0.10412,0.89588,-1,6,30,1,4,2,17:00,4,1,9
2023549402023,2023,549402023,1,1,1,2,31,6,2,0,0,0,0,0,5,3,E01031854,-1,0,1.0,0.0,-1,3,70,1,1,1,14:00,4,2,5
2023131265728,2023,131265728,1,1,1,2,60,9,3,0,0,0,0,0,9,1,E01011662,3,1,0.0,1.0,-1,3,70,1,4,1,20:04,3,2,9
2023161396602,2023,161396602,1,1,1,1,75,10,3,0,0,0,0,0,22,1,E01012786,3,1,0.0,1.0,-1,6,30,1,1,1,15:45,2,2,22
2023501297638,2023,501297638,1,1,1,1,18,4,2,0,0,0,0,0,2,5,E01015215,7,1,1.0,0.0,-1,6,30,1,1,1,15:05,1,2,2
2023010422079,2023,010422079,1,1,1,1,25,5,3,0,0,0,0,0,3,2,E01001439,-1,0,0.0,1.0,-1,9,30,1,1,9,11:20,3,2,3
2023501407000,2023,501407000,2,1,1,1,24,5,3,0,0,0,0,0,4,2,E01015074,3,1,0.0,1.0,-1,6,30,2,4,2,16:55,5,2,4
2023010484522,2023,010484522,1,1,1,2,49,8,3,0,0,0,0,0,9,2,E01002804,-1,0,0.0,1.0,-1,3,20,1,1,1,10:12,1,1,9
2023320295085,2023,320295085,1,2,1,1,21,5,3,0,0,0,0,0,9,2,E01013945,-1,0,0.0914,0.9086,-1,6,60,1,1,1,18:10,2,2,9
2023451266084,2023,451266084,3,3,1,1,34,6,3,0,0,0,0,0,9,5,E01004152,3,1,0.0,1.0,-1,3,70,1,1,1,14:34,6,3,9
2023311340219,2023,311340219,1,1,1,1,57,9,3,0,0,0,0,0,9,8,E01028235,3,1,0.0,1.0,-1,6,50,1,1,1,15:44,6,2,9
2023461293117,2023,461293117,2,2,1,1,72,10,2,0,0,0,0,0,9,6,E01024787,7,1,1.0,0.0,-1,6,40,1,1,1,08:00,5,2,9
2023052301874,2023,052301874,2,1,1,2,63,9,3,0,0,0,0,0,1,3,E01007088,-1,0,0.16706,0.83294,-1,6,30,1,1,1,17:15,5,2,1
2023010447908,2023,010447908,1,1,1,1,20,4,3,0,0,0,0,0,3,4,E01003452,-1,0,0.0,1.0,-1,3,20,1,1,1,10:00,6,2,3
2023161356447,2023,161356447,1,2,2,2,51,8,3,0,0,1,0,0,9,5,E01012964,3,1,0.0,1.0,-1,6,30,1,1,2,08:50,1,2,9
2023141333086,2023,141333086,1,1,1,1,54,8,3,0,0,0,0,0,19,5,E01033260,3,1,0.0,1.0,-1,3,70,1,1,1,09:04,3,2,19
2023010428326,2023,010428326,1,1,1,1,58,9,3,0,0,0,0,0,9,5,E01001646,-1,0,0.0,1.0,-1,6,30,1,4,1,23:38,3,2,9
2023010466042,2023,010466042,3,1,1,2,46,8,3,0,0,0,0,0,9,3,E01002100,-1,0,0.0,1.0,-1,2,30,1,1,1,15:45,5,3,9
2023010472555,2023,010472555,1,1,1,1,60,9,3,0,0,0,0,0,9,6,E01000244,-1,0,0.0,1.0,-1,3,40,1,4,1,19:30,7,2,9
2023010483163,2023,010483163,1,2,2,2,6,2,3,0,0,2,0,0,9,5,E01001189,-1,0,0.0,1.0,-1,1,20,1,4,1,00:03,7,2,9
2023421359140,2023,421359140,2,1,1,1,43,7,3,0,0,0,0,0,9,6,E01021772,3,1,0.0,1.0,-1,6,30,1,4,2,20:10,6,2,9
2023161303323,2023,161303323,1,4,1,1,54,8,3,0,0,0,0,0,90,2,E01013131,3,1,0.0,1.0,-1,3,70,1,1,1,12:11,5,3,90
2023052300559,2023,052300559,1,1,3,2,38,7,3,5,1,0,0,0,0,5,E01006688,-1,0,0.06903,0.93097,-1,3,30,1,1,1,13:35,2,1,8
2023061390608,2023,061390608,1,1,3,2,-1,-1,3,10,3,0,0,2,0,-1,-1,3,1,0.0,1.0,-1,6,20,1,1,2,08:30,5,1,9
2023122301102,2023,122301102,1,1,1,1,18,4,3,0,0,0,0,0,9,5,E01011736,-1,0,0.11623,0.88377,-1,6,60,1,1,1,17:15,6,1,9
2023221314191,2023,221314191,1,6,2,1,6,2,3,0,0,2,0,0,9,5,E01032312,3,1,0.0,1.0,-1,6,40,1,1,1,10:50,6,4,9
2023991323621,2023,991323621,1,1,1,2,62,9,3,0,0,0,0,0,9,2,-1,3,1,0.0,1.0,-1,3,70,1,1,1,10:45,3,2,9
2023471324276,2023,471324276,2,3,2,2,34,6,2,0,0,0,0,0,20,-1,-1,7,1,1.0,0.0,-1,6,60,1,6,1,21:50,5,2,20
2023421350507,2023,421350507,1,1,1,2,16,4,3,0,0,0,0,0,-1,6,E01015942,3,1,0.0,1.0,-1,6,30,1,1,1,15:25,6,2,-1
2023991381701,2023,991381701,1,1,3,2,82,11,1,6,9,0,0,2,0,3,-1,1,1,0.0,0.0,-1,6,30,3,1,3,11:13,7,1,9
2023531269465,2023,531269465,2,1,1,1,29,6,2,0,0,0,0,0,5,7,E01022287,5,1,1.0,0.0,-1,6,50,1,1,1,13:35,7,2,5
202360A081226,2023,60A081226,1,1,1,1,52,8,2,0,0,0,0,0,5,-1,-1,-1,0,1.0,0.0,-1,6,60,1,1,1,15:51,2,3,5
2023311375331,2023,311375331,1,1,1,2,40,7,3,0,0,0,0,0,9,9,E01028117,3,1,0.0,1.0,-1,6,30,1,4,1,17:08,2,2,9
2023481369671,2023,481369671,1,1,3,2,62,9,2,1,1,0,0,0,0,-1,-1,6,1,1.0,0.0,-1,3,20,1,1,1,08:15,6,1,1
2023010422356,2023,010422356,2,1,1,1,24,5,3,0,0,0,0,0,1,5,E01000354,-1,0,0.0,1.0,-1,1,30,1,4,1,18:10,5,2,1
2023010478519,2023,010478519,2,1,1,2,39,7,3,0,0,0,0,0,1,3,E01003841,-1,0,0.0,1.0,-1,6,30,1,1,1,11:15,6,2,1
2023131333210,2023,131333210,2,1,1,1,62,9,3,0,0,0,0,0,1,8,E01010937,3,1,0.0,1.0,-1,6,30,1,1,1,17:23,2,2,1
2023991368569,2023,991368569,2,1,1,1,35,6,3,0,0,0,0,0,9,4,-1,3,1,0.0,1.0,-1,6,50,8,1,2,08:24,4,2,9