collision_index,collision_year,collision_ref_no,vehicle_reference,casualty_reference,casualty_class,sex_of_casualty,age_of_casualty,age_band_of_casualty,casualty_severity,pedestrian_location,pedestrian_movement,car_passenger,bus_or_coach_passenger,pedestrian_road_maintenance_worker,casualty_type,casualty_imd_decile,lsoa_of_casualty,enhanced_casualty_severity,casualty_injury_based,casualty_adjusted_severity_serious,casualty_adjusted_severity_slight,casualty_distance_banding,road_type,speed_limit,weather_conditions,light_conditions,road_surface_conditions,time,day_of_week,number_of_vehicles,vehicle_type
2023430450581,2023,430450581,1,1,1,2,49,8,3,0,0,0,0,0,9,4,E01030745,-1,0,0.07113,0.92887,-1,6,30,1,1,1,12:09,7,2,9
2023501331856,2023,501331856,1,2,2,2,78,11,3,0,0,1,0,0,9,3,E01019914,3,1,0.0,1.0,-1,6,60,1,1,1,12:05,5,2,9
2023461368573,2023,461368573,1,1,1,2,35,6,3,0,0,0,0,0,19,7,E01024479,3,1,0.0,1.0,-1,6,30,1,1,1,10:10,1,3,19
2023010462799,2023,010462799,1,3,2,2,4,1,3,0,0,2,0,0,9,-1,-1,-1,0,0.0,1.0,-1,6,20,1,4,1,20:20,1,2,9
2023052301493,2023,052301493,1,1,1,2,47,8,3,0,0,0,0,0,9,10,E01006937,-1,0,0.07183,0.92817,-1,6,30,1,1,1,17:50,6,2,9
2023061307361,2023,061307361,2,1,1,1,38,7,3,0,0,0,0,0,9,5,E01018622,3,1,0.0,1.0,-1,6,30,1,1,1,18:25,4,2,9
2023221390666,2023,221390666,1,1,1,1,20,4,3,0,0,0,0,0,9,8,E01014077,3,1,0.0,1.0,-1,1,40,2,6,2,20:28,4,1,9
2023552301439,2023,552301439,2,2,2,2,84,11,3,0,0,2,0,0,9,6,E01023284,-1,0,0.04412,0.95588,-1,6,60,1,4,2,17:51,1,3,9
2023361330563,2023,361330563,1,1,1,1,57,9,3,0,0,0,0,0,1,4,E01026628,3,1,0.0,1.0,-1,6,30,1,1,1,14:30,6,1,1
2023481355197,2023,481355197,2,1,1,1,41,7,3,0,0,0,0,0,1,-1,-1,3,1,0.0,1.0,-1,3,20,1,4,1,18:10,3,2,1
2023161298639,2023,161298639,1,1,1,1,19,4,2,0,0,0,0,0,5,3,E01013319,7,1,1.0,0.0,-1,6,30,1,1,1,19:45,4,2,5
2023122300531,2023,122300531,1,1,1,1,22,5,3,0,0,0,0,0,9,10,E01011455,-1,0,0.06462,0.93538,-1,6,60,1,1,1,08:39,3,4,9
2023351368385,2023,351368385,2,1,1,2,18,4,3,0,0,0,0,0,9,2,E01017948,3,1,0.0,1.0,-1,6,30,1,1,1,16:32,6,2,9
2023622300658,2023,622300658,1,3,2,2,23,5,3,0,0,1,0,0,9,1,W01001471,-1,0,0.02451,0.97549,-1,6,30,2,4,2,22:23,6,2,9
2023010425089,2023,010425089,1,1,2,2,53,8,2,0,0,0,3,0,11,1,E01000782,-1,0,1.0,0.0,-1,3,30,1,1,1,08:52,6,1,11
2023430266760,2023,430266760,2,1,1,2,70,10,3,0,0,0,0,0,9,7,E01028818,-1,0,0.05041,0.94959,-1,3,70,1,1,1,15:28,7,2,9
2023302300872,2023,302300872,1,1,1,1,17,4,3,0,0,0,0,0,1,4,E01019433,-1,0,0.10819,0.89181,-1,6,30,1,1,1,21:30,7,2,1
2023311369545,2023,311369545,1,1,1,1,-1,-1,3,0,0,0,0,0,1,-1,-1,3,1,0.0,1.0,-1,3,70,1,1,1,14:35,4,1,1
2023010458866,2023,010458866,1,1,1,-1,25,5,3,0,0,0,0,0,3,6,E01002135,-1,0,0.0,1.0,-1,6,20,9,1,9,12:30,6,2,3
2023041350078,2023,041350078,2,1,1,2,31,6,3,0,0,0,0,0,9,6,E01024859,3,1,0.0,1.0,-1,6,30,1,1,1,14:45,1,2,9
2023041398035,2023,041398035,2,1,1,1,51,8,3,0,0,0,0,0,9,3,E01025571,3,1,0.0,1.0,-1,6,30,1,1,2,12:00,7,2,9
2023141389352,2023,141389352,1,1,1,2,60,9,3,0,0,0,0,0,9,2,E01007517,3,1,0.0,1.0,-1,6,30,1,1,1,12:15,7,3,9
2023201370586,2023,201370586,2,2,1,2,31,6,3,0,0,0,0,0,9,7,E01010246,3,1,0.0,1.0,-1,6,30,1,1,1,16:00,2,2,9
2023320654308,2023,320654308,2,1,1,2,46,8,3,0,0,0,0,0,9,-1,-1,-1,0,0.01698,0.98302,-1,6,60,5,1,5,08:00,6,2,9
2023010439688,2023,010439688,1,1,1,-1,25,5,3,0,0,0,0,0,1,2,E01001191,-1,0,0.0,1.0,-1,9,30,9,1,1,12:00,5,1,1
202363A004823,2023,63A004823,2,1,1,2,39,7,3,0,0,0,0,0,9,6,W01000713,-1,0,0.05955,0.94045,-1,3,70,3,1,4,08:47,4,2,9
2023991359586,2023,991359586,2,1,2,1,44,7,3,0,0,1,0,0,9,-1,-1,3,1,0.0,1.0,-1,6,60,2,1,2,11:00,4,2,9
2023440432656,2023,440432656,1,1,1,1,13,3,3,0,0,0,0,0,90,8,E01022786,-1,0,0.20608,0.79392,-1,6,20,1,1,1,12:46,1,1,90
2023010467189,2023,010467189,1,1,1,1,42,7,3,0,0,0,0,0,1,2,E01002686,-1,0,0.0,1.0,-1,6,20,5,1,2,16:27,4,2,1
2023101344919,2023,101344919,2,1,1,1,15,3,3,0,0,0,0,0,1,2,E01033716,3,1,0.0,1.0,-1,6,30,1,1,1,20:15,4,2,1
2023010475449,2023,010475449,1,1,1,1,31,6,3,0,0,0,0,0,3,2,E01002051,-1,0,0.0,1.0,-1,9,20,9,7,9,18:30,3,2,3
2023401363893,2023,401363893,1,3,1,2,58,9,3,0,0,0,0,0,9,-1,-1,3,1,0.0,1.0,-1,6,60,1,1,1,16:48,5,4,9
2023471329236,2023,471329236,2,1,1,1,53,8,3,0,0,0,0,0,9,8,E01016893,3,1,0.0,1.0,-1,6,30,1,1,1,01:45,6,2,9
2023010461356,2023,010461356,1,1,3,1,12,3,2,4,2,0,0,0,0,4,E01000316,-1,0,1.0,0.0,-1,6,30,1,1,1,11:34,7,1,9
2023070226251,2023,070226251,2,1,1,1,18,4,3,0,0,0,0,0,1,-1,-1,-1,0,0.03338,0.96662,-1,6,20,1,1,1,13:00,6,2,1
2023041276763,2023,041276763,1,2,2,2,68,10,2,0,0,2,0,0,9,1,E01025067,5,1,1.0,0.0,-1,3,50,1,1,1,12:28,2,2,9
2023041292822,2023,041292822,1,1,3,2,56,9,3,8,8,0,0,2,0,1,E01012684,3,1,0.0,1.0,-1,6,30,5,4,2,02:15,7,1,9
2023351307993,2023,351307993,2,1,1,1,34,6,3,0,0,0,0,0,1,5,E01017991,3,1,0.0,1.0,-1,6,30,1,1,1,16:50,2,2,1
2023061304154,2023,061304154,1,5,2,1,27,6,2,0,0,1,0,0,9,-1,-1,7,1,1.0,0.0,-1,6,30,1,1,1,20:13,5,2,9
2023221303387,2023,221303387,2,4,2,1,2,1,3,0,0,2,0,0,9,8,E01028917,3,1,0.0,1.0,-1,6,60,1,1,1,18:31,7,2,9
2023440224829,2023,440224829,3,1,1,1,18,4,3,0,0,0,0,0,9,8,E01022491,-1,0,0.03911,0.96089,-1,6,30,1,1,1,07:55,4,3,9
2023531276319,2023,531276319,2,3,1,1,57,9,3,0,0,0,0,0,9,6,E01014058,3,1,0.0,1.0,-1,6,50,1,6,2,19:55,3,2,9
2023991313565,2023,991313565,2,1,2,1,18,4,3,0,0,1,0,0,9,4,-1,3,1,0.0,1.0,-1,7,40,1,4,1,22:30,4,2,9
2023010459161,2023,010459161,3,3,2,1,9,2,3,0,0,2,0,0,9,6,E01000778,-1,0,0.0,1.0,-1,6,20,1,1,2,09:25,1,5,9
2023041287166,2023,041287166,2,1,1,2,30,6,3,0,0,0,0,0,9,5,E01025271,3,1,0.0,1.0,-1,6,30,2,1,2,14:35,4,2,9
2023101361237,2023,101361237,1,1,2,2,91,11,2,0,0,1,0,0,9,4,E01027485,6,1,1.0,0.0,-1,6,30,1,1,2,17:19,2,1,9
2023131346540,2023,131346540,2,1,1,1,48,8,2,0,0,0,0,0,1,2,E01011900,7,1,1.0,0.0,-1,6,30,1,1,1,19:35,3,2,1
2023320689674,2023,320689674,2,1,1,1,27,6,2,0,0,0,0,0,1,-1,-1,-1,0,1.0,0.0,-1,1,60,2,1,2,08:00,3,2,1
2023471293956,2023,471293956,2,1,1,1,43,7,3,0,0,0,0,0,3,3,E01016881,3,1,0.0,1.0,-1,9,30,1,1,1,14:00,7,3,3
2023010484246,2023,010484246,1,2,2,-1,-1,-1,3,0,0,1,0,0,9,2,E01004252,-1,0,0.0,1.0,-1,7,20,1,1,1,13:30,6,1,9
2023201413710,2023,201413710,2,3,2,2,0,1,3,0,0,2,0,0,9,9,E01029375,3,1,0.0,1.0,-1,6,30,1,1,1,15:46,5,3,9
2023631360303,2023,631360303,1,1,1,1,38,7,3,0,0,0,0,0,9,8,W01000547,3,1,0.0,1.0,-1,6,20,1,1,1,17:23,6,2,9
2023010455570,2023,010455570,1,1,3,1,19,4,2,5,2,0,0,0,0,7,E01004619,-1,0,1.0,0.0,-1,6,20,1,4,2,02:02,2,1,9
2023122300798,2023,122300798,1,2,2,1,17,4,2,0,0,2,0,0,9,9,E01033186,-1,0,1.0,0.0,-1,6,60,2,5,2,00:25,7,1,9
2023141263596,2023,141263596,1,2,2,2,19,4,2,0,0,1,0,0,9,5,E01008111,6,1,1.0,0.0,-1,6,30,2,4,2,21:50,1,1,9
2023332300115,2023,332300115,3,1,1,1,27,6,2,0,0,0,0,0,19,2,E01010449,-1,0,1.0,0.0,-1,3,70,1,6,4,06:11,3,7,19
2023401342157,2023,401342157,1,1,1,2,27,6,3,0,0,0,0,0,90,10,E01017553,3,1,0.0,1.0,-1,3,40,1,1,1,18:36,3,2,90
2023421316105,2023,421316105,1,1,1,1,19,4,3,0,0,0,0,0,3,3,E01021713,3,1,0.0,1.0,-1,6,40,1,1,1,15:32,4,2,3
2023031285933,2023,031285933,1,1,1,1,20,4,2,0,0,0,0,0,9,6,E01027570,7,1,1.0,0.0,-1,6,40,2,6,2,21:45,1,2,9
2023440047067,2023,440047067,2,4,2,1,18,4,3,0,0,1,0,0,9,8,E01022566,-1,0,0.05624,0.94376,-1,6,40,1,4,1,20:40,6,2,9
2023201377907,2023,201377907,2,1,1,1,27,6,3,0,0,0,0,0,3,3,E01009411,3,1,0.0,1.0,-1,3,30,1,1,1,16:55,5,2,3
2023161380093,2023,161380093,2,1,1,1,29,6,3,0,0,0,0,0,19,2,E01013331,3,1,0.0,1.0,-1,6,30,1,4,2,17:25,3,2,19
2023311375012,2023,311375012,1,1,2,2,62,9,3,0,0,1,0,0,9,-1,-1,3,1,0.0,1.0,-1,1,40,9,1,1,13:39,6,2,9
2023461284049,2023,461284049,1,1,1,2,28,6,3,0,0,0,0,0,9,5,E01024168,3,1,0.0,1.0,-1,3,40,1,4,1,05:26,5,1,9
2023411351087,2023,411351087,1,2,1,1,52,8,3,0,0,0,0,0,9,7,E01000118,3,1,0.0,1.0,-1,3,50,1,1,1,15:50,3,2,9
2023631351184,2023,631351184,1,1,3,2,70,10,2,5,3,0,0,2,0,2,W01000705,7,1,1.0,0.0,-1,6,30,1,1,1,10:41,7,1,9
2023991338746,2023,991338746,1,1,1,2,31,6,3,0,0,0,0,0,9,1,-1,3,1,0.0,1.0,-1,6,30,1,1,1,21:20,7,2,9
2023141391751,2023,141391751,2,1,1,2,37,7,3,0,0,0,0,0,9,-1,-1,3,1,0.0,1.0,-1,6,30,1,1,2,11:18,7,2,9
2023231320544,2023,231320544,3,2,1,1,41,7,3,0,0,0,0,0,9,7,E01028387,3,1,0.0,1.0,-1,3,70,1,1,1,06:31,5,5,9
2023451318796,2023,451318796,1,1,1,2,34,6,3,0,0,0,0,0,9,1,E01021323,3,1,0.0,1.0,-1,3,70,1,1,1,07:55,4,2,9
2023461262642,2023,461262642,2,2,1,2,36,7,3,0,0,0,0,0,9,2,E01016110,3,1,0.0,1.0,-1,6,40,1,4,2,17:25,6,2,9
2023552300581,2023,552300581,2,1,1,2,54,8,3,0,0,0,0,0,9,6,E01015355,-1,0,0.0142,0.9858,-1,6,30,1,1,1,16:45,3,3,9
2023351368929,2023,351368929,2,1,1,2,19,4,3,0,0,0,0,0,1,9,E01017958,3,1,0.0,1.0,-1,6,30,1,4,1,22:20,6,2,1
2023041272562,2023,041272562,2,1,1,2,24,5,2,0,0,0,0,0,9,6,E01025121,6,1,1.0,0.0,-1,3,30,1,4,1,18:10,6,2,9
2023302301732,2023,302301732,1,1,1,2,70,10,3,0,0,0,0,0,9,7,E01019429,-1,0,0.10009,0.89991,-1,6,60,1,1,1,07:55,7,2,9
2023501339636,2023,501339636,1,2,2,1,48,8,3,0,0,1,0,0,9,4,E01018926,3,1,0.0,1.0,-1,6,60,2,6,2,22:34,3,1,9
2023122300739,2023,122300739,1,1,1,1,54,8,2,0,0,0,0,0,9,5,E01027795,-1,0,1.0,0.0,-1,3,70,2,1,2,07:40,6,2,9
2023221304013,2023,221304013,2,1,1,2,43,7,3,0,0,0,0,0,9,8,E01032338,3,1,0.0,1.0,-1,1,30,1,1,1,16:43,3,2,9
2023351289890,2023,351289890,2,1,2,2,13,3,3,0,0,2,0,0,9,9,E01011209,3,1,0.0,1.0,-1,6,60,1,1,1,11:00,7,2,9
2023401278802,2023,401278802,2,1,1,1,38,7,3,0,0,0,0,0,9,9,E01017454,3,1,0.0,1.0,-1,6,60,1,1,4,09:45,3,2,9
2023010420466,2023,010420466,2,1,1,1,36,7,3,0,0,0,0,0,4,3,E01033464,-1,0,0.0,1.0,-1,6,20,1,4,1,19:25,2,2,4
2023070214337,2023,070214337,1,1,3,2,31,6,3,5,1,0,0,0,0,7,E01012560,-1,0,0.08731,0.91269,-1,6,30,5,4,2,18:48,2,1,9
2023371294026,2023,371294026,1,1,3,2,68,10,3,10,9,0,0,-1,0,5,E01030141,3,1,0.0,1.0,-1,9,30,1,1,1,12:30,4,1,9
2023041359985,2023,041359985,2,2,1,1,45,7,2,0,0,0,0,0,9,1,E01014287,7,1,1.0,0.0,-1,3,70,2,4,2,23:35,5,2,9
2023131261153,2023,131261153,1,1,1,2,76,11,1,0,0,0,0,0,9,1,E01010710,1,1,0.0,0.0,-1,6,50,4,1,2,11:00,2,2,9
2023211367571,2023,211367571,1,1,1,2,63,9,3,0,0,0,0,0,9,9,E01029479,3,1,0.0,1.0,-1,3,60,1,1,1,07:15,6,2,9
2023544479023,2023,544479023,3,4,2,1,5,1,3,0,0,2,0,0,9,-1,-1,-1,0,0.02255,0.97745,-1,6,40,1,1,1,18:05,6,3,9
2023631308497,2023,631308497,1,1,3,2,52,8,3,1,1,0,0,0,0,6,W01000540,3,1,0.0,1.0,-1,6,20,1,1,1,15:27,3,1,9
2023010465424,2023,010465424,1,1,1,1,19,4,3,0,0,0,0,0,3,4,E01002179,-1,0,0.0,1.0,-1,6,20,1,1,1,15:44,2,2,3
2023010471971,2023,010471971,2,1,1,1,30,6,3,0,0,0,0,0,3,3,E01003493,-1,0,0.0,1.0,-1,6,30,1,1,1,14:50,7,2,3
2023010437484,2023,010437484,2,1,1,1,25,5,3,0,0,0,0,0,9,3,E01003617,-1,0,0.0,1.0,-1,6,30,1,4,2,01:10,7,3,9
2023061371913,2023,061371913,2,1,1,-1,51,8,3,0,0,0,0,0,9,7,E01020156,3,1,0.0,1.0,-1,6,30,1,1,1,16:45,4,2,9
2023451272725,2023,451272725,1,1,1,2,45,7,3,0,0,0,0,0,9,9,E01030704,3,1,0.0,1.0,-1,1,30,1,1,2,06:55,6,2,9
2023101387659,2023,101387659,1,4,2,1,29,6,3,0,0,1,0,0,19,3,E01008751,3,1,0.0,1.0,-1,6,50,1,1,1,12:24,4,2,19
2023421306072,2023,421306072,1,1,3,2,82,11,3,6,9,0,0,0,0,8,E01021514,3,1,0.0,1.0,-1,6,30,1,1,1,08:48,5,1,9
2023461386380,2023,461386380,1,1,3,2,52,8,3,5,1,0,0,2,0,9,E01024160,3,1,0.0,1.0,-1,6,20,1,4,1,20:16,3,1,9
2023461268010,2023,461268010,1,1,1,1,66,10,3,0,0,0,0,0,9,3,E01024001,3,1,0.0,1.0,-1,3,40,1,1,1,14:06,5,2,9
2023501287007,2023,501287007,1,1,1,1,23,5,2,0,0,0,0,0,1,-1,-1,7,1,1.0,0.0,-1,6,30,1,4,2,18:08,2,2,1
2023141289604,2023,141289604,1,1,1,1,24,5,3,0,0,0,0,0,9,-1,-1,3,1,0.0,1.0,-1,3,50,1,1,1,16:00,4,2,9
2023440452431,2023,440452431,1,1,2,1,24,5,3,0,0,1,0,0,9,3,E01016505,-1,0,0.01963,0.98037,-1,3,70,1,1,1,14:15,1,2,9
2023531319233,2023,531319233,1,1,2,2,37,7,2,0,0,2,0,0,9,3,E01022320,7,1,1.0,0.0,-1,6,30,1,4,1,23:05,5,2,9
2023131405058,2023,131405058,1,1,3,1,74,10,2,8,3,0,0,0,0,6,E01010690,7,1,1.0,0.0,-1,6,30,5,4,2,22:10,6,1,9
2023991278556,2023,991278556,2,1,2,1,37,7,2,0,0,0,3,0,11,-1,-1,7,1,1.0,0.0,-1,3,30,1,4,1,20:59,2,2,11
2023991366494,2023,991366494,2,1,1,1,37,7,3,0,0,0,0,0,1,-1,-1,3,1,0.0,1.0,-1,6,30,1,1,1,07:25,3,2,1
2023371356327,2023,371356327,1,1,1,1,86,11,2,0,0,0,0,0,9,7,E01030171,7,1,1.0,0.0,-1,6,30,1,1,1,13:00,5,2,9
2023371391743,2023,371391743,2,5,2,2,48,8,3,0,0,2,0,0,9,3,E01030010,3,1,0.0,1.0,-1,6,60,4,6,1,15:58,6,2,9
2023010444790,2023,010444790,1,1,1,1,25,5,3,0,0,0,0,0,3,2,E01003160,-1,0,0.0,1.0,-1,2,30,1,1,1,21:10,3,2,3
2023010421298,2023,010421298,1,1,1,1,52,8,2,0,0,0,0,0,8,6,E01004621,-1,0,1.0,0.0,-1,6,30,1,4,1,02:00,7,2,8
2023010462450,2023,010462450,2,1,1,1,24,5,2,0,0,0,0,0,-1,2,E01003049,-1,0,1.0,0.0,-1,3,20,1,1,1,20:10,6,2,-1
2023131296942,2023,131296942,2,1,1,1,27,6,3,0,0,0,0,0,1,3,E01011229,3,1,0.0,1.0,-1,6,40,9,7,1,21:00,6,2,1
2023111348447,2023,111348447,2,1,2,2,23,5,3,0,0,1,0,0,9,3,E01012305,3,1,0.0,1.0,-1,6,60,1,1,1,11:44,1,2,9
2023131300828,2023,131300828,1,1,1,2,38,7,3,0,0,0,0,0,9,9,E01010647,3,1,0.0,1.0,-1,6,30,1,1,1,15:30,3,2,9
2023201380105,2023,201380105,1,1,2,2,31,6,3,0,0,2,0,0,9,2,E01008884,3,1,0.0,1.0,-1,3,40,1,1,1,09:05,4,3,9
2023211376095,2023,211376095,1,2,1,2,41,7,3,0,0,0,0,0,9,10,E01029770,3,1,0.0,1.0,-1,6,30,9,1,1,15:15,3,2,9
2023320330000,2023,320330000,1,3,2,2,81,11,1,0,0,1,0,0,9,7,E01029694,-1,0,0.0,0.0,-1,6,60,1,1,2,14:41,3,2,9
2023440020601,2023,440020601,4,2,2,2,78,11,3,0,0,1,0,0,9,6,E01014189,-1,0,0.10555,0.89445,-1,7,60,1,1,2,15:02,2,4,9
2023471328887,2023,471328887,1,1,1,1,41,7,3,0,0,0,0,0,9,6,E01031673,3,1,0.0,1.0,-1,6,50,1,1,1,08:03,5,2,9
2023991264397,2023,991264397,2,3,1,1,31,6,3,0,0,0,0,0,19,1,-1,3,1,0.0,1.0,-1,6,60,1,1,4,09:45,2,2,19
2023010474961,2023,010474961,2,1,1,1,48,8,3,0,0,0,0,0,1,4,E01002236,-1,0,0.0,1.0,-1,6,30,1,4,1,17:50,2,2,1
2023401308017,2023,401308017,2,1,1,1,26,6,3,0,0,0,0,0,3,10,E01016736,3,1,0.0,1.0,-1,1,30,2,4,2,22:15,6,2,3
2023010470253,2023,010470253,1,1,1,2,28,6,2,0,0,0,0,0,3,5,E01001644,-1,0,1.0,0.0,-1,6,20,1,4,1,00:12,6,1,3
2023041334531,2023,041334531,1,1,1,1,27,6,3,0,0,0,0,0,9,-1,-1,3,1,0.0,1.0,-1,3,50,1,1,1,20:11,6,2,9
2023052302337,2023,052302337,1,1,1,2,28,6,2,0,0,0,0,0,9,-1,-1,-1,0,1.0,0.0,-1,6,30,1,4,2,01:30,3,1,9
2023231360871,2023,231360871,1,1,1,1,30,6,3,0,0,0,0,0,9,2,E01010146,3,1,0.0,1.0,-1,6,50,1,1,1,14:15,2,3,9
2023010457484,2023,010457484,1,2,3,1,34,6,3,10,9,0,0,0,0,7,E01023335,-1,0,0.0,1.0,-1,3,20,9,1,1,10:44,2,2,9
2023131348621,2023,131348621,2,1,1,1,80,11,2,0,0,0,0,0,1,9,E01011568,5,1,1.0,0.0,-1,6,20,1,1,1,10:00,5,2,1
2023311291159,2023,311291159,1,1,1,2,48,8,3,0,0,0,0,0,1,-1,-1,3,1,0.0,1.0,-1,6,30,9,1,1,16:20,2,2,1
2023522300942,2023,522300942,1,1,1,2,57,9,3,0,0,0,0,0,9,5,E01014886,-1,0,0.02038,0.97962,-1,6,20,1,1,1,11:32,1,2,9
2023141299142,2023,141299142,1,1,1,1,16,4,3,0,0,0,0,0,97,3,E01007546,3,1,0.0,1.0,-1,6,40,2,4,2,21:30,5,1,97
2023440296745,2023,440296745,1,1,1,1,19,4,2,0,0,0,0,0,97,-1,-1,-1,0,1.0,0.0,-1,6,30,1,1,1,19:11,1,2,97
2023471285500,2023,471285500,2,1,1,1,35,6,3,0,0,0,0,0,1,10,E01021210,3,1,0.0,1.0,-1,1,30,1,1,1,16:05,6,2,1
2023311351280,2023,311351280,1,1,1,2,72,10,3,0,0,0,0,0,9,6,E01027926,3,1,0.0,1.0,-1,6,30,1,1,1,10:00,3,1,9
2023471376047,2023,471376047,2,1,1,2,33,6,3,0,0,0,0,0,9,2,E01031819,3,1,0.0,1.0,-1,3,30,2,1,2,11:37,3,3,9
2023520300053,2023,520300053,1,1,1,1,73,10,3,0,0,0,0,0,9,5,E01029102,-1,0,0.06299,0.93701,-1,6,50,1,1,2,12:10,4,2,9
2023520301402,2023,520301402,1,1,1,1,42,7,3,0,0,0,0,0,9,-1,-1,-1,0,0.02972,0.97028,-1,6,40,1,1,1,14:05,4,2,9
2023401287836,2023,401287836,1,1,1,1,44,7,3,0,0,0,0,0,9,3,E01002542,3,1,0.0,1.0,-1,7,70,1,1,1,10:50,5,3,9
2023411355099,2023,411355099,2,1,1,1,20,4,3,0,0,0,0,0,9,-1,-1,3,1,0.0,1.0,-1,1,30,1,1,1,08:17,2,2,9
2023991280610,2023,991280610,1,1,1,1,22,5,3,0,0,0,0,0,90,1,-1,3,1,0.0,1.0,-1,6,30,1,1,1,11:15,1,2,90
2023061279195,2023,061279195,2,2,2,2,24,5,3,0,0,-1,0,0,9,-1,-1,3,1,0.0,1.0,-1,3,30,1,1,1,18:40,1,2,9
2023052302623,2023,052302623,2,2,2,1,4,1,3,0,0,2,0,0,9,1,E01006693,-1,0,0.04744,0.95256,-1,3,30,1,4,1,19:45,3,2,9
2023991291510,2023,991291510,1,1,1,1,74,10,3,0,0,0,0,0,9,1,E01026960,3,1,0.0,1.0,-1,1,30,2,4,2,23:45,3,1,9
2023010475361,2023,010475361,1,1,1,1,18,4,3,0,0,0,0,0,9,6,E01000069,-1,0,0.0,1.0,-1,6,30,1,1,1,13:30,4,1,9
2023052302261,2023,052302261,2,1,1,2,27,6,3,0,0,0,0,0,9,7,E01007201,-1,0,0.02712,0.97288,-1,6,30,1,1,1,14:30,7,2,9
2023471292245,2023,471292245,1,1,1,1,42,7,3,0,0,0,0,0,9,6,E01021046,3,1,0.0,1.0,-1,6,30,5,6,2,22:36,5,5,9
2023010424539,2023,010424539,1,1,1,1,33,6,3,0,0,0,0,0,3,2,E01001515,-1,0,0.0,1.0,-1,1,30,1,1,1,17:15,2,2,3
2023991320907,2023,991320907,1,1,2,1,10,2,3,0,0,1,0,0,9,-1,-1,3,1,0.0,1.0,-1,6,20,1,1,1,15:50,3,4,9
2023141265076,2023,141265076,1,1,3,2,23,5,2,5,1,0,0,0,0,-1,-1,7,1,1.0,0.0,-1,6,30,1,1,2,16:11,4,1,9
2023311275315,2023,311275315,1,1,3,1,85,11,3,8,3,0,0,0,0,10,E01028084,3,1,0.0,1.0,-1,6,30,1,7,1,17:00,7,1,9
2023010483952,2023,010483952,1,1,1,1,23,5,3,0,0,0,0,0,5,2,E01004224,-1,0,0.0,1.0,-1,6,20,2,4,2,18:25,4,2,5
2023361387390,2023,361387390,1,1,3,2,34,6,3,5,1,0,0,0,0,4,E01026667,3,1,0.0,1.0,-1,6,30,1,1,1,15:15,3,1,9
2023340NN1452,2023,340NN1452,1,1,1,2,20,4,3,0,0,0,0,0,9,4,E01026972,-1,0,0.08102,0.91898,-1,6,60,1,1,1,18:25,4,2,9
2023411384408,2023,411384408,1,1,1,2,76,11,3,0,0,0,0,0,9,5,E01023765,3,1,0.0,1.0,-1,3,40,1,4,1,17:05,3,2,9
2023010455798,2023,010455798,2,1,1,1,-1,-1,3,0,0,0,0,0,-1,2,E01004404,-1,0,0.0,1.0,-1,9,30,9,1,9,17:45,6,2,-1
2023122301263,2023,122301263,1,1,1,1,38,7,3,0,0,0,0,0,-1,7,E01013428,-1,0,0.03705,0.96295,-1,6,30,1,1,1,07:25,3,2,-1
2023061342225,2023,061342225,1,1,3,1,88,11,2,5,3,0,0,0,0,8,E01005411,6,1,1.0,0.0,-1,6,30,1,1,1,09:40,4,1,9
2023052302286,2023,052302286,2,1,1,1,11,3,3,0,0,0,0,0,1,1,E01007048,-1,0,0.05982,0.94018,-1,6,20,1,1,1,08:20,3,2,1
2023211287646,2023,211287646,2,1,1,2,34,6,3,0,0,0,0,0,9,7,E01028830,3,1,0.0,1.0,-1,6,50,1,1,1,15:49,3,2,9
2023332300520,2023,332300520,2,1,1,2,27,6,3,0,0,0,0,0,9,3,E01013656,-1,0,0.02267,0.97733,-1,3,70,1,1,1,08:25,2,2,9
202354A224023,2023,54A224023,2,1,1,2,36,7,3,0,0,0,0,0,9,3,E01031851,-1,0,0.03629,0.96371,-1,6,40,1,6,1,20:29,3,2,9
2023052301115,2023,052301115,1,1,3,2,13,3,3,5,9,0,0,0,0,1,E01006599,-1,0,0.08036,0.91964,-1,6,30,1,1,1,15:30,3,1,9
2023991310587,2023,991310587,1,1,3,1,24,5,3,5,1,0,0,2,0,-1,-1,3,1,0.0,1.0,-1,6,30,1,1,1,12:40,3,1,9
2023010471010,2023,010471010,1,1,1,1,36,7,3,0,0,0,0,0,4,4,E01003203,-1,0,0.0,1.0,-1,6,20,1,1,1,18:00,2,2,4
2023031351354,2023,031351354,1,1,1,1,31,6,3,0,0,0,0,0,9,-1,-1,3,1,0.0,1.0,-1,3,70,2,1,2,18:28,1,1,9
2023201395659,2023,201395659,1,1,2,2,62,9,3,0,0,1,0,0,9,9,E01009724,3,1,0.0,1.0,-1,6,30,1,1,1,10:37,7,2,9
2023501317146,2023,501317146,1,1,1,1,31,6,3,0,0,0,0,0,9,9,E01019983,3,1,0.0,1.0,-1,3,70,2,1,2,13:30,7,1,9
2023061348637,2023,061348637,2,1,2,1,25,5,3,0,0,1,0,0,9,4,E01029808,3,1,0.0,1.0,-1,6,30,1,1,1,16:00,7,2,9
2023451345992,2023,451345992,2,2,1,1,17,4,3,0,0,0,0,0,1,-1,-1,3,1,0.0,1.0,-1,6,30,1,1,1,12:10,1,2,1
2023010442681,2023,010442681,1,1,2,2,33,6,3,0,0,2,0,0,8,7,E01003655,-1,0,0.0,1.0,-1,9,30,1,1,1,07:15,1,2,8