collision_index,collision_year,collision_ref_no,vehicle_reference,casualty_reference,casualty_class,sex_of_casualty,age_of_casualty,age_band_of_casualty,casualty_severity,pedestrian_location,pedestrian_movement,car_passenger,bus_or_coach_passenger,pedestrian_road_maintenance_worker,casualty_type,casualty_imd_decile,lsoa_of_casualty,enhanced_casualty_severity,casualty_injury_based,casualty_adjusted_severity_serious,casualty_adjusted_severity_slight,casualty_distance_banding,road_type,speed_limit,weather_conditions,light_conditions,road_surface_conditions,time,day_of_week,number_of_vehicles,vehicle_type
2023031282913,2023,031282913,1,1,2,1,19,4,3,0,0,1,0,0,9,6,E01019178,3,1,0.0,1.0,-1,1,60,1,4,1,22:15,6,1,9
2023052302949,2023,052302949,2,1,1,1,35,6,3,0,0,0,0,0,9,-1,-1,-1,0,0.01456,0.98544,-1,6,30,2,1,2,16:00,5,2,9
2023211304504,2023,211304504,2,4,2,1,17,4,2,0,0,1,0,0,9,6,E01031031,5,1,1.0,0.0,-1,6,50,1,6,1,23:03,5,2,9
2023991383295,2023,991383295,3,1,1,1,51,8,3,0,0,0,0,0,9,7,-1,3,1,0.0,1.0,-1,6,60,8,1,2,09:49,4,3,9
2023061398540,2023,061398540,2,1,1,2,60,9,3,0,0,0,0,0,9,3,E01006217,3,1,0.0,1.0,-1,6,30,1,1,1,14:10,4,2,9
2023421295960,2023,421295960,2,1,1,2,31,6,3,0,0,0,0,0,9,4,E01021506,3,1,0.0,1.0,-1,3,30,1,1,1,08:45,2,2,9
2023221264384,2023,221264384,1,1,3,2,41,7,3,9,5,0,0,0,0,10,E01032337,3,1,0.0,1.0,-1,6,30,1,1,4,09:00,3,3,9
2023543518023,2023,543518023,1,1,1,1,18,4,3,0,0,0,0,0,3,2,E01015540,-1,0,0.096,0.904,-1,1,30,1,1,1,10:06,2,1,3
2023141369516,2023,141369516,1,1,1,1,30,6,2,0,0,0,0,0,4,1,E01007534,5,1,1.0,0.0,-1,3,40,1,1,1,12:46,4,2,4
2023430291227,2023,430291227,2,3,2,2,23,5,3,0,0,2,0,0,8,4,E01001898,-1,0,0.07057,0.92943,-1,6,40,1,6,1,22:54,7,2,8
2023320603789,2023,320603789,2,1,2,2,35,6,3,0,0,1,0,0,9,-1,-1,-1,0,0.0311,0.9689,-1,6,60,1,1,1,11:15,5,4,9
2023440089936,2023,440089936,2,1,1,2,40,7,3,0,0,0,0,0,9,3,E01023157,-1,0,0.09582,0.90418,-1,6,40,1,1,1,17:03,1,4,9
2023451302343,2023,451302343,1,1,1,1,33,6,2,0,0,0,0,0,9,8,E01030877,7,1,1.0,0.0,-1,6,60,1,6,1,23:00,7,1,9
2023461381138,2023,461381138,2,1,2,2,12,3,3,0,0,2,0,0,9,9,E01024369,3,1,0.0,1.0,-1,6,40,1,1,1,13:29,6,2,9
2023531375850,2023,531375850,2,1,1,1,59,9,3,0,0,0,0,0,9,9,E01022304,3,1,0.0,1.0,-1,6,50,1,1,2,07:40,6,2,9
2023010444302,2023,010444302,1,1,3,1,15,3,3,1,3,0,0,0,0,9,E01002537,-1,0,0.0,1.0,-1,3,30,1,1,1,19:40,1,1,9
2023131299056,2023,131299056,2,1,1,1,34,6,3,0,0,0,0,0,9,8,E01011055,3,1,0.0,1.0,-1,6,30,1,1,1,14:10,5,2,9
2023201305772,2023,201305772,1,1,3,2,31,6,3,5,3,0,0,2,0,1,E01009363,3,1,0.0,1.0,-1,6,20,1,1,1,15:10,2,1,9
2023610011123,2023,610011123,2,1,1,1,33,6,3,0,0,0,0,0,1,6,W01001492,-1,0,0.15214,0.84786,-1,6,60,2,1,2,14:30,5,2,1
2023141273983,2023,141273983,1,1,1,1,30,6,3,0,0,0,0,0,9,8,E01007685,3,1,0.0,1.0,-1,6,50,1,1,2,08:50,2,2,9
2023421360583,2023,421360583,1,1,1,1,26,6,3,0,0,0,0,0,9,3,E01001548,3,1,0.0,1.0,-1,6,30,1,1,1,15:59,7,2,9
2023531367504,2023,531367504,2,2,1,1,27,6,3,0,0,0,0,0,9,2,E01014064,3,1,0.0,1.0,-1,6,60,1,6,2,22:40,5,2,9
2023991349032,2023,991349032,1,1,2,1,20,4,2,0,0,1,0,0,9,8,-1,5,1,1.0,0.0,-1,6,60,1,1,1,20:04,6,2,9
2023010446070,2023,010446070,1,1,2,1,46,8,3,0,0,0,2,0,11,4,E01001704,-1,0,0.0,1.0,-1,6,30,1,1,1,19:30,3,1,11
2023010436250,2023,010436250,1,1,1,1,61,9,2,0,0,0,0,0,9,10,E01000836,-1,0,1.0,0.0,-1,6,30,1,1,2,18:37,5,2,9
2023010448898,2023,010448898,2,1,1,2,45,7,3,0,0,0,0,0,9,4,E01000476,-1,0,0.0,1.0,-1,6,20,1,4,1,22:30,3,2,9
2023320658906,2023,320658906,2,2,1,2,32,6,3,0,0,0,0,0,9,9,E01026231,-1,0,0.01875,0.98125,-1,6,60,1,1,1,16:45,2,2,9
2023411333453,2023,411333453,1,1,1,1,17,4,3,0,0,0,0,0,9,10,E01023968,3,1,0.0,1.0,-1,6,30,2,6,2,02:59,4,2,9
2023461310812,2023,461310812,2,2,1,1,48,8,3,0,0,0,0,0,9,3,E01024310,3,1,0.0,1.0,-1,6,30,1,1,1,12:05,1,2,9
2023552300669,2023,552300669,2,1,1,1,34,6,3,0,0,0,0,0,19,5,E01020432,-1,0,0.03926,0.96074,-1,6,60,1,1,1,16:55,4,2,19
2023201339255,2023,201339255,1,1,1,2,39,7,3,0,0,0,0,0,9,6,E01009749,3,1,0.0,1.0,-1,6,30,1,7,1,18:15,1,4,9
2023351399529,2023,351399529,1,1,1,2,51,8,3,0,0,0,0,0,9,9,E01017428,3,1,0.0,1.0,-1,6,60,1,6,1,23:08,1,1,9
2023461322621,2023,461322621,1,1,1,2,73,10,3,0,0,0,0,0,9,6,E01024436,3,1,0.0,1.0,-1,6,30,1,1,1,16:10,6,1,9
2023501336312,2023,501336312,1,2,2,2,29,6,3,0,0,1,0,0,9,10,E01010195,3,1,0.0,1.0,-1,6,40,1,1,1,17:52,2,3,9
2023991338543,2023,991338543,1,3,2,1,22,5,3,0,0,2,0,0,9,-1,-1,3,1,0.0,1.0,-1,6,60,1,1,2,13:58,7,2,9
2023131326150,2023,131326150,1,1,1,1,16,4,2,0,0,0,0,0,2,2,E01011282,7,1,1.0,0.0,-1,6,20,1,1,1,09:50,4,2,2
2023201312649,2023,201312649,2,4,2,2,18,4,3,0,0,1,0,0,9,10,E01010217,3,1,0.0,1.0,-1,6,30,1,1,2,14:10,7,2,9
2023421266138,2023,421266138,2,2,2,2,38,7,3,0,0,1,0,0,9,-1,-1,3,1,0.0,1.0,-1,6,30,1,4,2,17:10,6,2,9
2023461327867,2023,461327867,1,1,1,1,21,5,3,0,0,0,0,0,9,5,E01024156,3,1,0.0,1.0,-1,6,30,1,1,1,12:39,6,1,9
2023010486042,2023,010486042,1,1,3,1,39,7,3,1,3,0,0,0,0,5,E01001524,-1,0,0.0,1.0,-1,3,40,1,1,1,15:11,3,1,9
2023520401050,2023,520401050,1,1,3,1,57,9,3,5,1,0,0,0,0,2,E01029095,-1,0,0.15281,0.84719,-1,6,40,1,1,1,13:45,7,1,9
2023161361766,2023,161361766,1,1,3,1,59,9,3,5,1,0,0,1,0,-1,-1,3,1,0.0,1.0,-1,6,40,2,1,2,15:23,4,2,9
2023010442594,2023,010442594,3,2,1,-1,-1,-1,3,0,0,0,0,0,1,-1,-1,-1,0,0.0,1.0,-1,6,20,2,1,2,12:35,6,3,1
2023070067669,2023,070067669,2,1,1,2,47,8,3,0,0,0,0,0,1,10,E01005924,-1,0,0.04198,0.95802,-1,2,30,1,1,2,15:50,7,2,1
2023440484844,2023,440484844,1,1,1,1,14,3,3,0,0,0,0,0,1,8,E01022815,-1,0,0.09927,0.90073,-1,6,40,1,1,1,08:10,2,2,1
2023052302081,2023,052302081,2,1,2,2,37,7,3,0,0,2,0,0,9,1,E01006779,-1,0,0.03092,0.96908,-1,6,30,1,1,1,15:30,2,2,9
2023201315921,2023,201315921,2,2,1,2,37,7,3,0,0,0,0,0,9,-1,-1,3,1,0.0,1.0,-1,6,20,1,1,1,09:26,3,2,9
2023010477148,2023,010477148,1,1,1,2,33,6,3,0,0,0,0,0,1,5,E01003949,-1,0,0.0,1.0,-1,6,20,2,1,2,07:16,4,2,1
2023320678772,2023,320678772,1,1,1,1,49,8,3,0,0,0,0,0,9,2,E01026006,-1,0,0.18783,0.81217,-1,6,60,2,6,2,23:00,4,1,9
2023501314377,2023,501314377,1,1,1,1,21,5,2,0,0,0,0,0,9,5,E01020049,7,1,1.0,0.0,-1,6,60,1,1,1,21:03,6,1,9
2023991352855,2023,991352855,2,1,1,2,50,8,3,0,0,0,0,0,9,4,-1,3,1,0.0,1.0,-1,6,30,2,1,2,13:58,6,2,9
2023332301254,2023,332301254,1,1,1,1,28,6,2,0,0,0,0,0,9,5,E01011921,-1,0,1.0,0.0,-1,6,60,8,6,2,20:30,6,2,9
2023010480070,2023,010480070,1,1,3,2,24,5,3,10,9,0,0,0,0,2,E01004584,-1,0,0.0,1.0,-1,9,20,1,4,1,06:30,5,1,-1
2023471280406,2023,471280406,1,1,3,1,-1,-1,3,6,9,0,0,0,0,-1,-1,3,1,0.0,1.0,-1,3,30,1,1,1,11:52,6,1,19
2023332300372,2023,332300372,2,1,1,1,30,6,2,0,0,0,0,0,5,2,E01013639,-1,0,1.0,0.0,-1,6,30,1,1,1,19:02,1,2,5
2023131327585,2023,131327585,1,1,1,1,37,7,3,0,0,0,0,0,9,3,E01011137,3,1,0.0,1.0,-1,6,30,1,1,1,12:15,6,3,9
2023221294332,2023,221294332,1,1,1,1,43,7,3,0,0,0,0,0,9,4,E01032254,3,1,0.0,1.0,-1,1,30,1,1,2,09:48,5,2,9
2023320624660,2023,320624660,2,4,1,1,22,5,3,0,0,0,0,0,9,8,E01026258,-1,0,0.10093,0.89907,-1,6,60,1,4,1,19:05,7,3,9
2023520400198,2023,520400198,1,1,1,1,33,6,3,0,0,0,0,0,9,5,E01019886,-1,0,0.05404,0.94596,-1,6,60,1,1,1,08:19,3,2,9
2023122300352,2023,122300352,2,1,1,1,57,9,3,0,0,0,0,0,1,3,E01013366,-1,0,0.0592,0.9408,-1,6,20,9,7,9,20:45,6,2,1
2023991294968,2023,991294968,1,1,1,1,62,9,2,0,0,0,0,0,5,1,-1,6,1,1.0,0.0,-1,6,30,1,1,1,12:10,1,1,5
2023131388414,2023,131388414,1,1,2,2,25,5,3,0,0,0,0,0,9,4,E01011238,3,1,0.0,1.0,-1,6,50,8,5,4,05:20,4,1,9
2023231285441,2023,231285441,1,2,2,2,79,11,3,0,0,1,0,0,9,10,E01031122,3,1,0.0,1.0,-1,6,30,1,4,1,19:00,2,1,9
2023010463478,2023,010463478,1,1,1,1,60,9,3,0,0,0,0,0,9,-1,-1,-1,0,0.0,1.0,-1,6,20,1,1,1,15:30,5,1,9
2023041263062,2023,041263062,2,1,1,2,47,8,3,0,0,0,0,0,9,-1,-1,3,1,0.0,1.0,-1,6,30,2,1,2,16:10,5,2,9
2023231379890,2023,231379890,1,1,2,2,84,11,3,0,0,1,0,0,9,-1,-1,3,1,0.0,1.0,-1,6,60,1,6,2,16:46,3,1,9
2023401286987,2023,401286987,2,1,1,2,28,6,3,0,0,0,0,0,9,2,E01015741,3,1,0.0,1.0,-1,3,30,1,4,2,18:40,6,2,9
2023471338439,2023,471338439,2,1,1,2,21,5,3,0,0,0,0,0,9,4,E01031443,3,1,0.0,1.0,-1,6,30,2,1,2,11:17,7,2,9
2023010453836,2023,010453836,1,1,1,2,22,5,3,0,0,0,0,0,3,7,E01021759,-1,0,0.0,1.0,-1,1,30,1,1,1,17:50,6,2,3
2023061305155,2023,061305155,2,1,1,1,43,7,3,0,0,0,0,0,9,2,E01006011,3,1,0.0,1.0,-1,6,30,7,1,2,18:30,3,2,9
2023201297749,2023,201297749,1,1,1,1,63,9,3,0,0,0,0,0,9,5,E01009690,3,1,0.0,1.0,-1,3,50,1,1,1,14:30,3,4,9
2023440113775,2023,440113775,2,1,1,1,66,10,3,0,0,0,0,0,9,9,E01022922,-1,0,0.0635,0.9365,-1,6,30,2,1,2,09:52,4,2,9
2023461369021,2023,461369021,1,1,3,2,36,7,3,6,9,0,0,0,0,3,E01024481,3,1,0.0,1.0,-1,6,30,1,1,1,13:35,2,2,97
2023141311970,2023,141311970,2,2,2,2,7,2,3,0,0,2,0,0,9,3,E01007458,3,1,0.0,1.0,-1,6,40,1,1,1,18:40,5,2,9
2023201417844,2023,201417844,1,1,1,1,18,4,3,0,0,0,0,0,9,1,E01010466,3,1,0.0,1.0,-1,6,30,1,1,2,11:27,2,1,9
2023361364879,2023,361364879,3,1,1,2,43,7,3,0,0,0,0,0,9,4,E01026602,3,1,0.0,1.0,-1,3,30,1,4,1,20:06,5,3,9
2023430375412,2023,430375412,2,2,1,2,69,10,3,0,0,0,0,0,9,-1,-1,-1,0,0.03219,0.96781,-1,1,30,1,1,1,09:17,3,2,9
2023991375936,2023,991375936,2,1,1,2,64,9,3,0,0,0,0,0,9,4,-1,3,1,0.0,1.0,-1,1,30,1,1,1,12:45,5,2,9
2023440390414,2023,440390414,2,2,1,1,52,8,3,0,0,0,0,0,19,-1,-1,-1,0,0.06535,0.93465,-1,6,30,1,4,1,21:22,1,2,19
2023471380964,2023,471380964,1,1,1,1,40,7,2,0,0,0,0,0,4,3,E01016860,7,1,1.0,0.0,-1,6,20,1,4,1,02:34,6,3,4
2023041306923,2023,041306923,2,1,1,2,21,5,3,0,0,0,0,0,9,1,E01025042,3,1,0.0,1.0,-1,6,20,1,1,1,12:28,5,2,9
2023221314197,2023,221314197,1,1,1,2,74,10,3,0,0,0,0,0,9,6,E01012509,3,1,0.0,1.0,-1,1,40,1,1,1,11:45,7,2,9
2023320384266,2023,320384266,1,3,1,1,79,11,3,0,0,0,0,0,9,8,E01026365,-1,0,0.09989,0.90011,-1,6,30,1,1,1,19:39,5,2,9
2023440097474,2023,440097474,2,1,1,2,30,6,3,0,0,0,0,0,9,8,E01022652,-1,0,0.01772,0.98228,-1,6,30,1,4,1,19:22,6,3,9
2023401316823,2023,401316823,2,1,1,1,76,11,3,0,0,0,0,0,1,5,E01015714,3,1,0.0,1.0,-1,6,30,1,1,-1,13:30,2,2,1
2023010425982,2023,010425982,1,1,1,1,27,6,3,0,0,0,0,0,9,-1,-1,-1,0,0.0,1.0,-1,6,20,7,6,2,00:22,4,2,9
2023421359314,2023,421359314,2,1,1,2,74,10,3,0,0,0,0,0,9,9,E01022094,3,1,0.0,1.0,-1,6,20,2,1,2,15:01,4,2,9
2023622300976,2023,622300976,1,2,2,1,26,6,3,0,0,1,0,0,9,4,W01001189,-1,0,0.11465,0.88535,-1,6,60,1,6,2,21:53,2,1,9
2023010453322,2023,010453322,1,1,3,1,4,1,3,9,6,0,0,0,0,4,E01002050,-1,0,0.0,1.0,-1,2,20,9,1,1,08:45,4,1,9
2023010445388,2023,010445388,2,1,1,1,33,6,3,0,0,0,0,0,1,4,E01000618,-1,0,0.0,1.0,-1,6,30,1,1,1,08:06,7,2,1
2023461356754,2023,461356754,2,6,2,2,9,2,3,0,0,2,0,0,9,2,E01024214,3,1,0.0,1.0,-1,6,50,1,1,1,15:00,7,2,9
2023520301435,2023,520301435,2,7,2,1,17,4,3,0,0,2,0,0,9,6,E01028703,-1,0,0.02102,0.97898,-1,3,70,1,1,1,13:30,5,5,9
2023991342014,2023,991342014,2,2,1,2,17,4,2,0,0,0,0,0,9,10,-1,7,1,1.0,0.0,-1,6,30,1,1,1,19:15,2,2,9
2023122300260,2023,122300260,1,1,1,2,20,4,3,0,0,0,0,0,9,4,E01013359,-1,0,0.0354,0.9646,-1,9,30,1,4,2,00:01,7,2,9
2023320773907,2023,320773907,2,4,2,2,21,5,3,0,0,2,0,0,9,9,E01013797,-1,0,0.0737,0.9263,-1,6,60,1,1,1,13:05,1,2,9
2023451378180,2023,451378180,2,1,1,1,26,6,3,0,0,0,0,0,9,6,E01031676,3,1,0.0,1.0,-1,3,70,1,1,1,06:30,4,2,9
2023010437788,2023,010437788,1,1,2,2,11,3,3,0,0,2,0,0,9,7,E01003451,-1,0,0.0,1.0,-1,6,30,1,4,1,20:49,1,2,9
2023461345315,2023,461345315,2,1,1,2,50,8,3,0,0,0,0,0,9,7,E01024592,3,1,0.0,1.0,-1,6,30,9,1,-1,15:30,2,2,9
2023522301089,2023,522301089,2,2,1,2,57,9,3,0,0,0,0,0,9,2,E01028008,-1,0,0.00945,0.99055,-1,7,70,1,1,1,13:15,7,2,9
2023122301369,2023,122301369,1,1,3,1,25,5,2,5,1,0,0,0,0,1,E01005077,-1,0,1.0,0.0,-1,6,30,1,4,1,23:59,7,1,9
2023070885069,2023,070885069,1,1,1,1,53,8,2,0,0,0,0,0,4,3,E01012417,-1,0,1.0,0.0,-1,6,60,1,1,1,16:45,6,2,4
2023351267826,2023,351267826,1,1,1,2,81,11,2,0,0,0,0,0,9,5,E01017543,6,1,1.0,0.0,-1,6,60,1,1,2,10:28,5,2,9
2023361382290,2023,361382290,1,1,1,1,18,4,3,0,0,0,0,0,9,8,E01026930,3,1,0.0,1.0,-1,6,40,2,1,2,10:19,2,2,9
2023461363329,2023,461363329,1,5,2,2,37,7,3,0,0,1,0,0,9,9,E01031870,3,1,0.0,1.0,-1,6,30,2,4,2,22:09,5,2,9
2023010425040,2023,010425040,2,1,1,1,25,5,3,0,0,0,0,0,1,-1,-1,-1,0,0.0,1.0,-1,3,20,1,4,1,23:20,5,2,1
2023010427437,2023,010427437,1,1,2,1,43,7,3,0,0,2,0,0,9,7,E01002142,-1,0,0.0,1.0,-1,3,40,1,4,1,01:25,5,2,9
2023161342172,2023,161342172,1,1,1,1,17,4,3,0,0,0,0,0,9,2,E01032595,3,1,0.0,1.0,-1,6,20,1,1,1,18:50,1,2,9
2023201372881,2023,201372881,1,1,1,1,19,4,3,0,0,0,0,0,9,2,E01010474,3,1,0.0,1.0,-1,6,30,1,1,2,08:51,4,3,9
2023991308924,2023,991308924,2,1,1,2,41,7,3,0,0,0,0,0,9,10,-1,3,1,0.0,1.0,-1,6,60,1,1,1,08:50,1,3,9
2023041379059,2023,041379059,1,1,3,2,14,3,3,10,1,0,0,0,0,1,E01012601,3,1,0.0,1.0,-1,6,30,1,1,1,15:00,5,1,9
2023052300260,2023,052300260,2,1,1,1,17,4,3,0,0,0,0,0,1,2,E01006708,-1,0,0.08631,0.91369,-1,6,30,1,1,1,13:30,3,2,1
2023010465509,2023,010465509,1,1,1,1,25,5,3,0,0,0,0,0,3,3,E01003979,-1,0,0.0,1.0,-1,6,20,1,1,1,12:48,3,1,3
2023010467578,2023,010467578,1,2,2,1,-1,-1,3,0,0,9,0,0,9,-1,-1,-1,0,0.0,1.0,-1,9,30,9,1,9,22:14,3,2,9
2023052302177,2023,052302177,1,1,2,2,71,10,3,0,0,1,0,0,9,6,E01007033,-1,0,0.08935,0.91065,-1,6,20,1,1,1,09:45,6,1,9
2023440483363,2023,440483363,1,3,1,1,31,6,3,0,0,0,0,0,9,4,E01017137,-1,0,0.14866,0.85134,-1,3,70,1,6,1,00:38,1,2,9
2023991350922,2023,991350922,1,2,2,1,19,4,2,0,0,2,0,0,9,-1,-1,7,1,1.0,0.0,-1,6,30,1,6,1,22:31,7,1,9
2023401313430,2023,401313430,1,1,2,1,6,2,3,0,0,0,0,0,19,-1,-1,3,1,0.0,1.0,-1,1,70,2,1,2,15:22,5,1,19
2023010447820,2023,010447820,2,1,1,1,32,6,3,0,0,0,0,0,1,6,E01000069,-1,0,0.0,1.0,-1,3,30,1,1,1,17:40,5,2,1
2023010447565,2023,010447565,1,1,1,2,37,7,3,0,0,0,0,0,3,2,E01001136,-1,0,0.0,1.0,-1,3,30,1,1,1,14:00,3,2,3
2023631357733,2023,631357733,2,1,1,1,46,8,2,0,0,0,0,0,5,5,W01000566,7,1,1.0,0.0,-1,6,40,8,1,1,12:25,6,2,5
2023131350831,2023,131350831,1,2,2,1,24,5,3,0,0,2,0,0,9,2,E01010910,3,1,0.0,1.0,-1,6,30,1,4,1,05:00,1,2,9
2023302301288,2023,302301288,1,2,2,-1,17,4,3,0,0,2,0,0,9,5,E01019623,-1,0,0.04829,0.95171,-1,6,40,1,6,1,02:42,1,1,9
2023531294543,2023,531294543,2,2,2,2,51,8,3,0,0,1,0,0,9,9,E01022139,3,1,0.0,1.0,-1,6,50,1,6,1,20:50,5,2,9
2023302301710,2023,302301710,1,1,2,1,17,4,3,0,0,0,4,0,11,9,E01019737,-1,0,0.07815,0.92185,-1,6,50,1,1,1,14:32,4,1,11
2023041387478,2023,041387478,1,1,3,1,45,7,1,8,1,0,0,0,0,2,-1,1,1,0.0,0.0,-1,7,70,1,6,2,21:48,3,1,21
2023052301052,2023,052301052,2,1,1,1,37,7,3,0,0,0,0,0,9,1,E01006585,-1,0,0.00959,0.99041,-1,6,30,1,1,1,12:40,4,3,9
2023161295587,2023,161295587,2,3,1,1,40,7,3,0,0,0,0,0,9,3,E01007346,3,1,0.0,1.0,-1,6,40,1,1,2,11:18,2,2,9
2023361271498,2023,361271498,1,1,1,2,88,11,3,0,0,0,0,0,9,8,E01026772,3,1,0.0,1.0,-1,6,30,1,1,1,12:30,5,1,9
2023451261723,2023,451261723,2,1,1,2,48,8,3,0,0,0,0,0,9,10,E01030804,3,1,0.0,1.0,-1,3,60,5,6,2,18:09,3,3,9
2023451360550,2023,451360550,2,2,1,2,44,7,3,0,0,0,0,0,9,5,E01030481,3,1,0.0,1.0,-1,7,30,1,1,1,15:33,7,3,9
2023461389700,2023,461389700,2,1,1,2,29,6,3,0,0,0,0,0,9,4,E01024669,3,1,0.0,1.0,-1,6,30,1,1,1,11:20,2,2,9
2023010435656,2023,010435656,1,1,1,1,34,6,3,0,0,0,0,0,19,6,E01017826,-1,0,0.0,1.0,-1,3,40,1,1,1,14:25,2,3,19
2023311374037,2023,311374037,1,1,3,2,41,7,3,5,1,0,0,0,0,-1,-1,3,1,0.0,1.0,-1,6,30,1,1,1,14:10,7,1,9
2023010477933,2023,010477933,1,1,1,1,32,6,3,0,0,0,0,0,3,3,E01001446,-1,0,0.0,1.0,-1,9,20,9,1,9,15:50,2,2,3
2023201384273,2023,201384273,2,1,2,1,25,5,3,0,0,2,0,0,9,4,E01022301,3,1,0.0,1.0,-1,3,30,1,4,1,23:51,6,2,9
2023522400921,2023,522400921,2,1,1,2,21,5,3,0,0,0,0,0,9,8,E01014921,-1,0,0.02274,0.97726,-1,3,60,2,4,1,18:15,6,2,9
2023542638923,2023,542638923,1,1,1,1,26,6,2,0,0,0,0,0,9,6,E01015555,-1,0,1.0,0.0,-1,1,40,1,4,1,21:25,6,2,9
2023451381426,2023,451381426,2,2,2,1,30,6,3,0,0,0,0,0,19,2,E01023108,3,1,0.0,1.0,-1,3,30,8,1,4,06:55,6,3,19
2023010428575,2023,010428575,1,1,3,2,67,10,3,5,3,0,0,0,0,8,E01000913,-1,0,0.0,1.0,-1,6,20,1,1,2,13:21,4,1,9
2023421307234,2023,421307234,1,1,1,1,27,6,3,0,0,0,0,0,2,3,E01033722,3,1,0.0,1.0,-1,6,30,1,4,2,23:20,1,1,2
2023311378111,2023,311378111,2,1,1,1,26,6,2,0,0,0,0,0,4,4,E01027985,6,1,1.0,0.0,-1,6,30,2,1,2,13:40,5,2,4
2023131320895,2023,131320895,2,1,1,1,31,6,3,0,0,0,0,0,9,2,E01011370,3,1,0.0,1.0,-1,6,60,2,1,2,13:21,3,2,9
2023010426373,2023,010426373,1,2,2,2,8,2,3,0,0,0,4,0,11,2,E01003290,-1,0,0.0,1.0,-1,6,20,1,4,1,19:09,5,2,11
2023332300505,2023,332300505,1,1,3,2,44,7,3,9,5,0,0,0,0,2,E01013681,-1,0,0.05461,0.94539,-1,6,30,1,1,1,15:40,6,2,9
2023421388577,2023,421388577,1,1,3,1,10,2,3,9,5,0,0,0,0,3,E01021888,3,1,0.0,1.0,-1,6,30,2,4,2,18:34,2,1,9
2023461274179,2023,461274179,1,1,3,1,11,3,2,5,2,0,0,0,0,9,E01032816,7,1,1.0,0.0,-1,6,30,1,1,1,07:51,6,1,19
2023010462698,2023,010462698,1,1,1,1,53,8,3,0,0,0,0,0,2,-1,-1,-1,0,0.0,1.0,-1,1,30,1,1,1,15:25,1,2,2
2023011291982,2023,011291982,2,1,1,2,39,7,3,0,0,0,0,0,9,5,E01003701,3,1,0.0,1.0,-1,6,30,2,1,2,15:15,7,3,9
2023052300328,2023,052300328,1,3,2,1,24,5,2,0,0,2,0,0,9,1,E01006509,-1,0,1.0,0.0,-1,3,70,1,6,1,21:10,6,2,9
2023471296952,2023,471296952,2,1,1,1,57,9,3,0,0,0,0,0,9,3,E01031482,3,1,0.0,1.0,-1,6,30,1,1,1,09:42,7,2,9
2023471307223,2023,471307223,2,5,2,1,24,5,3,0,0,2,0,0,9,5,E01024776,3,1,0.0,1.0,-1,6,40,1,1,1,19:58,1,2,9
2023471380623,2023,471380623,2,2,1,1,33,6,3,0,0,0,0,0,9,6,E01031408,3,1,0.0,1.0,-1,3,70,1,4,2,18:00,4,2,9
2023122400219,2023,122400219,1,2,2,1,14,3,2,0,0,1,0,0,9,1,E01011294,-1,0,1.0,0.0,-1,6,60,7,6,2,23:48,2,1,9
2023141304592,2023,141304592,2,1,1,1,57,9,3,0,0,0,0,0,9,5,E01007489,3,1,0.0,1.0,-1,3,50,1,1,1,17:07,4,3,9
2023440083317,2023,440083317,1,1,1,2,26,6,3,0,0,0,0,0,9,5,E01017095,-1,0,0.01415,0.98585,-1,7,40,1,1,2,08:31,4,3,9
2023332300753,2023,332300753,2,1,1,1,16,4,3,0,0,0,0,0,1,1,E01013620,-1,0,0.0283,0.9717,-1,6,30,1,1,1,11:30,7,2,1
2023461334364,2023,461334364,2,1,1,1,34,6,3,0,0,0,0,0,5,9,E01024849,3,1,0.0,1.0,-1,6,30,1,4,1,23:37,2,2,5
2023311347509,2023,311347509,2,1,1,1,29,6,3,0,0,0,0,0,1,6,E01028146,3,1,0.0,1.0,-1,6,30,2,1,2,08:30,6,2,1
2023010453552,2023,010453552,1,1,1,1,53,8,3,0,0,0,0,0,3,3,E01000640,-1,0,0.0,1.0,-1,9,30,9,1,9,12:35,4,2,3
2023010441507,2023,010441507,1,1,1,1,41,7,3,0,0,0,0,0,9,5,E01033592,-1,0,0.0,1.0,-1,1,30,2,1,2,13:52,7,2,9
2023552301066,2023,552301066,2,1,2,2,32,6,3,0,0,1,0,0,9,7,E01015428,-1,0,0.03458,0.96542,-1,1,60,1,1,1,18:09,7,2,9
2023052302539,2023,052302539,2,1,1,2,69,10,3,0,0,0,0,0,9,4,E01006982,-1,0,0.07043,0.92957,-1,6,30,1,1,1,11:35,2,2,9
2023161392338,2023,161392338,1,4,2,2,10,2,1,0,0,2,0,0,9,1,E01010611,1,1,0.0,0.0,-1,6,60,1,6,1,16:50,3,2,9
2023622300678,2023,622300678,1,1,3,1,56,9,3,10,9,0,0,0,0,3,W01001278,-1,0,0.16408,0.83592,-1,6,30,2,4,2,22:42,7,1,9
2023010474897,2023,010474897,1,1,1,1,28,6,3,0,0,0,0,0,3,4,E01001153,-1,0,0.0,1.0,-1,6,30,1,4,2,17:10,1,2,3
2023010419703,2023,010419703,1,1,1,1,35,6,3,0,0,0,0,0,9,4,E01003666,-1,0,0.0,1.0,-1,1,30,1,4,1,23:43,4,2,9
2023131302816,2023,131302816,2,1,1,1,38,7,3,0,0,0,0,0,9,1,E01011429,3,1,0.0,1.0,-1,6,30,1,1,1,15:40,5,2,9