collision_index,collision_year,collision_ref_no,vehicle_reference,casualty_reference,casualty_class,sex_of_casualty,age_of_casualty,age_band_of_casualty,casualty_severity,pedestrian_location,pedestrian_movement,car_passenger,bus_or_coach_passenger,pedestrian_road_maintenance_worker,casualty_type,casualty_imd_decile,lsoa_of_casualty,enhanced_casualty_severity,casualty_injury_based,casualty_adjusted_severity_serious,casualty_adjusted_severity_slight,casualty_distance_banding,road_type,speed_limit,weather_conditions,light_conditions,road_surface_conditions,time,day_of_week,number_of_vehicles,vehicle_type
2023401372090,2023,401372090,2,1,1,2,47,8,3,0,0,0,0,0,9,2,E01017537,3,1,0.0,1.0,-1,1,20,1,4,-1,21:23,5,2,9
2023440193099,2023,440193099,1,1,1,2,32,6,3,0,0,0,0,0,9,3,E01017129,-1,0,0.00561,0.99439,-1,6,30,1,1,1,15:30,3,2,9
2023451340837,2023,451340837,1,1,3,1,8,2,2,5,3,0,0,0,0,10,E01030581,5,1,1.0,0.0,-1,6,30,1,1,1,17:45,6,1,9
2023010441574,2023,010441574,1,4,2,2,28,6,3,0,0,2,0,0,9,7,E01000275,-1,0,0.0,1.0,-1,6,30,1,4,2,01:20,1,2,9
2023411345432,2023,411345432,1,2,2,2,64,9,3,0,0,1,0,0,9,9,E01023706,3,1,0.0,1.0,-1,1,70,1,1,1,14:20,7,2,9
2023421317153,2023,421317153,2,1,1,1,77,11,2,0,0,0,0,0,9,7,E01021950,6,1,1.0,0.0,-1,6,30,1,1,1,11:37,7,2,9
2023991359037,2023,991359037,1,1,1,2,71,10,3,0,0,0,0,0,9,-1,-1,3,1,0.0,1.0,-1,6,30,1,1,2,14:00,3,2,9
2023122300504,2023,122300504,1,1,1,2,30,6,2,0,0,0,0,0,9,8,E01027714,-1,0,1.0,0.0,-1,6,60,1,1,1,14:07,2,2,9
2023131317316,2023,131317316,1,1,1,2,56,9,3,0,0,0,0,0,9,4,E01011323,3,1,0.0,1.0,-1,6,30,1,1,1,14:01,1,2,9
2023430028032,2023,430028032,2,1,1,1,42,7,2,0,0,0,0,0,9,8,E01032975,-1,0,1.0,0.0,-1,3,70,1,1,1,14:09,5,2,9
2023552300795,2023,552300795,2,3,1,1,58,9,3,0,0,0,0,0,9,6,E01020476,-1,0,0.05619,0.94381,-1,6,30,1,1,1,20:58,4,2,9
2023010432399,2023,010432399,1,1,3,2,31,6,3,5,3,0,0,0,0,3,E01001048,-1,0,0.0,1.0,-1,6,30,1,1,1,16:15,4,1,9
2023531354857,2023,531354857,1,1,3,2,13,3,2,6,9,0,0,0,0,9,E01022381,7,1,1.0,0.0,-1,6,30,1,1,1,14:57,3,1,9
2023010460413,2023,010460413,1,1,1,-1,32,6,3,0,0,0,0,0,3,5,E01002118,-1,0,0.0,1.0,-1,6,20,9,1,9,11:08,6,2,3
2023010478197,2023,010478197,1,1,1,1,32,6,3,0,0,0,0,0,3,3,E01000510,-1,0,0.0,1.0,-1,6,30,1,4,2,17:32,4,2,3
2023520300934,2023,520300934,2,2,1,2,24,5,3,0,0,0,0,0,9,3,E01020048,-1,0,0.01703,0.98297,-1,6,60,1,1,1,11:48,5,3,9
2023041305752,2023,041305752,2,1,1,2,29,6,3,0,0,0,0,0,9,3,E01012623,3,1,0.0,1.0,-1,6,50,1,1,1,12:18,4,2,9
2023311296852,2023,311296852,1,1,1,1,30,6,2,0,0,0,0,0,9,-1,-1,6,1,1.0,0.0,-1,3,30,2,4,2,02:45,7,2,9
2023131272128,2023,131272128,1,1,3,1,11,3,3,8,3,0,0,2,0,4,E01010978,3,1,0.0,1.0,-1,6,30,1,1,2,15:32,6,1,9
2023231407891,2023,231407891,2,1,1,2,51,8,3,0,0,0,0,0,9,9,E01031161,3,1,0.0,1.0,-1,6,30,1,4,1,18:00,7,2,9
2023361285659,2023,361285659,5,6,2,1,1,1,3,0,0,-1,0,0,9,4,E01026762,3,1,0.0,1.0,-1,6,50,3,1,3,15:40,6,8,9
2023501295817,2023,501295817,2,2,1,2,36,7,3,0,0,0,0,0,9,6,E01018750,3,1,0.0,1.0,-1,6,60,5,1,2,10:50,4,2,9
2023440464951,2023,440464951,1,1,1,1,25,5,3,0,0,0,0,0,-1,1,E01017103,-1,0,0.1883,0.8117,-1,6,30,5,4,2,02:00,3,1,-1
2023201350097,2023,201350097,1,1,3,2,32,6,3,7,1,0,0,2,0,1,E01010063,3,1,0.0,1.0,-1,3,40,1,1,1,13:43,5,1,9
2023141383381,2023,141383381,1,1,1,1,44,7,3,0,0,0,0,0,1,9,E01008064,3,1,0.0,1.0,-1,6,30,1,4,1,07:30,2,2,1
2023501332880,2023,501332880,2,1,1,1,62,9,2,0,0,0,0,0,1,7,E01019935,6,1,1.0,0.0,-1,6,60,1,1,1,09:00,2,2,1
2023010451118,2023,010451118,1,1,1,2,39,7,3,0,0,0,0,0,3,5,E01003142,-1,0,0.0,1.0,-1,9,20,9,1,9,13:10,5,2,3
2023061361645,2023,061361645,1,1,1,1,36,7,2,0,0,0,0,0,9,-1,-1,7,1,1.0,0.0,-1,6,30,1,1,1,14:37,3,2,9
2023201315297,2023,201315297,2,1,1,1,41,7,3,0,0,0,0,0,9,1,E01009951,3,1,0.0,1.0,-1,6,30,1,1,2,22:41,7,2,9
2023221291802,2023,221291802,1,1,2,1,17,4,3,0,0,2,0,0,9,4,W01001558,3,1,0.0,1.0,-1,6,60,2,1,2,11:00,4,1,9
2023211301912,2023,211301912,2,1,1,1,44,7,3,0,0,0,0,0,1,9,E01029512,3,1,0.0,1.0,-1,1,30,1,7,-1,20:37,5,2,1
2023501368964,2023,501368964,2,1,1,1,10,2,3,0,0,0,0,0,1,4,E01020292,3,1,0.0,1.0,-1,6,30,1,1,1,15:10,7,2,1
2023010456444,2023,010456444,1,1,1,1,19,4,2,0,0,0,0,0,4,4,E01003106,-1,0,1.0,0.0,-1,2,30,1,4,1,22:33,5,3,4
2023531368056,2023,531368056,2,1,1,1,76,11,3,0,0,0,0,0,9,6,E01022176,3,1,0.0,1.0,-1,6,50,2,6,2,19:20,7,3,9
2023545555323,2023,545555323,2,5,2,2,10,2,3,0,0,2,0,0,9,9,E01022202,-1,0,0.01568,0.98432,-1,1,30,1,1,1,12:05,7,2,9
2023311268323,2023,311268323,2,1,1,1,18,4,3,0,0,0,0,0,-1,-1,-1,3,1,0.0,1.0,-1,6,30,1,1,2,11:15,3,2,-1
2023531397389,2023,531397389,1,1,3,1,12,3,2,10,1,0,0,0,0,1,E01032932,7,1,1.0,0.0,-1,6,30,9,1,1,08:30,5,1,9
2023320686727,2023,320686727,2,1,1,1,22,5,3,0,0,0,0,0,3,1,E01026112,-1,0,0.12973,0.87027,-1,6,30,1,4,1,18:00,6,2,3
2023010440079,2023,010440079,1,1,1,2,25,5,3,0,0,0,0,0,9,2,E01001448,-1,0,0.0,1.0,-1,6,20,1,4,1,21:46,6,1,9
2023061310085,2023,061310085,2,1,1,1,41,7,3,0,0,0,0,0,9,6,E01005069,3,1,0.0,1.0,-1,6,30,8,1,1,08:06,5,2,9
2023161292338,2023,161292338,1,1,1,2,34,6,3,0,0,0,0,0,9,7,E01033106,3,1,0.0,1.0,-1,6,30,1,1,1,09:00,3,2,9
2023471323732,2023,471323732,1,1,2,1,75,10,3,0,0,1,0,0,9,6,E01031825,3,1,0.0,1.0,-1,6,50,1,1,1,15:00,4,2,9
2023991260684,2023,991260684,2,1,2,1,46,8,2,0,0,1,0,0,9,7,-1,6,1,1.0,0.0,-1,6,40,2,1,2,11:10,7,2,9
2023991318281,2023,991318281,2,2,1,1,55,8,2,0,0,0,0,0,9,9,-1,6,1,1.0,0.0,-1,6,60,1,1,1,16:34,3,2,9
2023061341692,2023,061341692,1,1,3,2,42,7,3,5,3,0,0,0,0,8,E01006315,3,1,0.0,1.0,-1,6,20,1,1,1,23:05,6,1,8
2023131366195,2023,131366195,1,1,3,2,16,4,3,5,3,0,0,2,0,7,E01011637,3,1,0.0,1.0,-1,6,20,1,1,1,15:17,2,1,9
2023170S11713,2023,170S11713,2,2,1,2,29,6,3,0,0,0,0,0,9,1,E01012215,-1,0,0.06159,0.93841,-1,6,30,1,4,2,01:00,7,2,9
2023541852323,2023,541852323,2,2,1,2,56,9,3,0,0,0,0,0,9,6,E01015555,-1,0,0.0166,0.9834,-1,6,40,1,1,1,12:46,1,2,9
2023010476467,2023,010476467,1,1,3,1,22,5,2,8,3,0,0,0,0,8,E01001413,-1,0,1.0,0.0,-1,6,30,1,1,1,13:27,3,1,9
2023131388586,2023,131388586,1,1,3,2,30,6,3,8,3,0,0,2,0,5,E01011500,3,1,0.0,1.0,-1,6,30,1,4,1,19:17,5,1,1
2023461347067,2023,461347067,1,1,1,1,21,5,2,0,0,0,0,0,3,8,E01024762,7,1,1.0,0.0,-1,6,60,1,1,1,17:12,1,2,3
2023010457199,2023,010457199,1,1,1,1,47,8,2,0,0,0,0,0,5,4,E01000428,-1,0,1.0,0.0,-1,3,50,1,1,1,17:50,3,2,5
2023010465950,2023,010465950,2,1,1,1,46,8,3,0,0,0,0,0,9,5,E01000036,-1,0,0.0,1.0,-1,1,30,1,1,1,14:06,5,3,9
2023141314042,2023,141314042,2,1,1,2,56,9,2,0,0,0,0,0,9,3,E01007351,5,1,1.0,0.0,-1,6,60,1,1,1,13:58,6,3,9
2023520401027,2023,520401027,1,1,1,1,17,4,3,0,0,0,0,0,9,9,E01029315,-1,0,0.06589,0.93411,-1,6,60,1,1,1,15:25,7,1,9
2023221339339,2023,221339339,1,3,2,1,2,1,3,0,0,0,0,0,19,9,E01028837,3,1,0.0,1.0,-1,6,60,2,1,2,19:47,4,1,19
2023041311597,2023,041311597,1,1,3,1,30,6,3,9,5,0,0,0,0,4,E01005996,3,1,0.0,1.0,-1,6,30,1,1,1,14:48,4,1,9
2023201414778,2023,201414778,1,1,3,1,-1,-1,3,1,1,0,0,2,0,-1,-1,3,1,0.0,1.0,-1,6,20,1,1,1,11:36,4,1,9
2023471338792,2023,471338792,1,1,3,1,32,6,2,1,9,0,0,0,0,9,E01021225,7,1,1.0,0.0,-1,6,30,1,1,1,04:30,2,1,9
2023101319197,2023,101319197,1,1,1,1,33,6,2,0,0,0,0,0,9,7,E01027450,7,1,1.0,0.0,-1,6,60,1,1,1,20:00,4,1,9
2023170S11763,2023,170S11763,4,3,1,2,19,4,3,0,0,0,0,0,9,9,E01012234,-1,0,0.04727,0.95273,-1,3,70,9,1,1,09:55,7,5,9
2023501380191,2023,501380191,1,1,1,2,50,8,3,0,0,0,0,0,9,4,E01018926,3,1,0.0,1.0,-1,6,30,1,1,1,12:56,3,2,9
2023531302706,2023,531302706,2,1,1,2,28,6,3,0,0,0,0,0,9,5,E01032415,3,1,0.0,1.0,-1,6,50,1,1,1,07:28,3,2,9
2023622300061,2023,622300061,1,1,1,2,30,6,3,0,0,0,0,0,9,5,W01001187,-1,0,0.08181,0.91819,-1,6,50,2,6,2,17:08,3,1,9
2023991371676,2023,991371676,2,1,1,1,50,8,2,0,0,0,0,0,19,-1,-1,7,1,1.0,0.0,-1,3,50,1,1,1,14:29,2,2,19
2023401309139,2023,401309139,3,1,1,1,52,8,3,0,0,0,0,0,21,3,-1,3,1,0.0,1.0,-1,3,70,1,1,1,14:50,3,3,21
2023010471441,2023,010471441,1,1,3,2,30,6,3,6,9,0,0,0,0,4,E01000478,-1,0,0.0,1.0,-1,6,30,2,4,2,20:40,4,1,8
2023351384262,2023,351384262,2,1,1,2,15,3,3,0,0,0,0,0,1,1,E01015663,3,1,0.0,1.0,-1,6,30,2,7,-1,07:25,5,2,1
2023451353792,2023,451353792,2,1,1,2,57,9,3,0,0,0,0,0,9,10,E01030891,3,1,0.0,1.0,-1,1,50,1,1,1,13:44,2,2,9
2023501364034,2023,501364034,1,1,1,1,25,5,3,0,0,0,0,0,9,-1,-1,3,1,0.0,1.0,-1,6,60,2,1,2,13:45,6,2,9
2023622300452,2023,622300452,1,3,2,1,5,1,3,0,0,2,0,0,9,-1,-1,-1,0,0.02737,0.97263,-1,6,30,1,1,1,16:46,7,1,9
2023991388290,2023,991388290,1,1,2,2,55,8,3,0,0,1,0,0,9,4,-1,3,1,0.0,1.0,-1,6,30,2,1,2,09:13,5,2,9
2023302301983,2023,302301983,1,1,3,1,56,9,3,5,3,0,0,0,0,8,E01019820,-1,0,0.18681,0.81319,-1,6,30,2,4,2,18:45,6,1,9
2023340WN1882,2023,340WN1882,2,1,2,2,55,8,3,0,0,1,0,0,9,2,E01006862,-1,0,0.08841,0.91159,-1,3,70,1,1,1,18:05,2,2,9
2023461358390,2023,461358390,2,1,2,1,49,8,3,0,0,1,0,0,9,6,E01024460,3,1,0.0,1.0,-1,6,30,1,4,1,23:39,7,2,9
2023991389860,2023,991389860,1,2,1,1,71,10,3,0,0,0,0,0,9,4,-1,3,1,0.0,1.0,-1,6,30,1,4,2,15:45,2,3,9
2023991290885,2023,991290885,2,2,2,2,39,7,3,0,0,0,0,0,19,3,-1,3,1,0.0,1.0,-1,6,60,1,1,1,15:30,5,2,19
2023052300032,2023,052300032,1,1,3,2,29,6,2,6,9,0,0,0,0,1,E01006961,-1,0,1.0,0.0,-1,6,30,2,1,2,15:20,3,1,9
2023010430126,2023,010430126,1,1,1,1,45,7,3,0,0,0,0,0,1,4,E01002600,-1,0,0.0,1.0,-1,6,30,1,4,1,18:00,5,2,1
2023010455119,2023,010455119,1,1,1,-1,47,8,3,0,0,0,0,0,1,8,E01000673,-1,0,0.0,1.0,-1,6,30,1,1,1,12:30,4,2,1
2023622300920,2023,622300920,2,2,1,1,76,11,1,0,0,0,0,0,1,3,W01001044,-1,0,0.0,0.0,-1,6,40,1,1,1,11:17,7,2,1
2023361293725,2023,361293725,1,1,1,1,14,3,3,0,0,0,0,0,3,9,E01026422,3,1,0.0,1.0,-1,6,30,1,4,2,19:45,7,2,3
2023041347504,2023,041347504,4,5,2,1,6,2,3,0,0,2,0,0,9,5,E01006892,3,1,0.0,1.0,-1,3,70,1,1,1,13:15,5,4,9
2023161329002,2023,161329002,2,1,1,2,28,6,3,0,0,0,0,0,9,7,E01013256,3,1,0.0,1.0,-1,3,70,1,1,1,08:06,5,3,9
2023440379745,2023,440379745,2,2,1,2,29,6,3,0,0,0,0,0,9,7,E01023168,-1,0,0.05897,0.94103,-1,6,60,1,1,2,14:45,1,2,9
2023991390874,2023,991390874,2,1,1,2,55,8,3,0,0,0,0,0,9,2,-1,3,1,0.0,1.0,-1,6,30,1,1,1,12:40,1,2,9
2023010436337,2023,010436337,1,1,2,2,52,8,3,0,0,0,4,0,11,6,E01030667,-1,0,0.0,1.0,-1,6,20,1,1,1,07:50,6,1,11
2023401320657,2023,401320657,2,2,2,1,4,1,3,0,0,-1,0,0,9,10,E01000186,3,1,0.0,1.0,-1,6,60,1,1,1,16:43,3,2,9
2023430180323,2023,430180323,2,2,1,1,34,6,3,0,0,0,0,0,9,4,E01028500,-1,0,0.01384,0.98616,-1,6,50,1,1,1,09:00,2,2,9
2023522301619,2023,522301619,1,1,1,2,24,5,3,0,0,0,0,0,9,8,E01014867,-1,0,0.0391,0.9609,-1,1,30,1,4,1,07:41,2,1,9
2023302301441,2023,302301441,2,1,1,1,18,4,2,0,0,0,0,0,3,6,E01019617,-1,0,1.0,0.0,-1,6,50,1,1,1,11:00,6,2,3
2023161345003,2023,161345003,2,3,2,2,-1,-1,3,0,0,1,0,0,9,-1,-1,3,1,0.0,1.0,-1,3,40,1,1,1,11:47,6,2,9
2023161373150,2023,161373150,2,1,2,2,56,9,3,0,0,2,0,0,9,-1,-1,3,1,0.0,1.0,-1,3,70,1,1,1,12:42,6,2,9
2023170S11653,2023,170S11653,1,1,1,1,59,9,3,0,0,0,0,0,9,1,E01012131,-1,0,0.01637,0.98363,-1,3,70,1,1,1,08:30,3,2,9
2023201268294,2023,201268294,1,1,3,1,84,11,2,1,1,0,0,0,0,5,E01008960,6,1,1.0,0.0,-1,6,20,1,1,1,10:15,4,1,9
2023421330989,2023,421330989,1,1,1,1,17,4,3,0,0,0,0,0,1,4,E01022050,3,1,0.0,1.0,-1,6,30,2,1,2,09:01,4,2,1
2023010451269,2023,010451269,2,2,1,1,24,5,3,0,0,0,0,0,9,3,E01000222,-1,0,0.0,1.0,-1,6,20,1,4,1,00:30,1,2,9
2023361300050,2023,361300050,1,1,1,1,23,5,3,0,0,0,0,0,9,1,E01026662,3,1,0.0,1.0,-1,3,70,1,1,1,17:54,6,3,9
2023332300651,2023,332300651,1,2,2,1,17,4,2,0,0,1,0,0,9,4,E01015655,-1,0,1.0,0.0,-1,6,60,1,6,1,00:10,7,1,9
2023010475945,2023,010475945,2,1,1,1,23,5,3,0,0,0,0,0,1,3,E01001793,-1,0,0.0,1.0,-1,6,20,2,4,2,21:15,4,2,1
2023421308670,2023,421308670,1,1,1,1,-1,-1,3,0,0,0,0,0,1,4,E01033127,3,1,0.0,1.0,-1,6,30,1,1,1,18:35,5,2,1
2023010448457,2023,010448457,1,1,1,1,31,6,3,0,0,0,0,0,9,2,E01003984,-1,0,0.0,1.0,-1,6,20,1,1,1,10:35,1,2,9
2023052300393,2023,052300393,1,3,2,1,28,6,2,0,0,2,0,0,9,5,E01018532,-1,0,1.0,0.0,-1,6,30,1,4,1,02:30,7,1,9
2023311361210,2023,311361210,1,1,1,2,84,11,2,0,0,0,0,0,9,1,E01013862,7,1,1.0,0.0,-1,1,30,1,1,1,15:20,2,2,9
2023440204838,2023,440204838,1,1,1,2,50,8,3,0,0,0,0,0,9,9,E01022859,-1,0,0.06135,0.93865,-1,6,30,1,1,1,09:08,4,1,9
2023991302113,2023,991302113,2,1,2,1,38,7,3,0,0,1,0,0,9,-1,-1,3,1,0.0,1.0,-1,3,70,1,1,1,17:35,6,2,9
2023430295797,2023,430295797,1,1,1,1,24,5,2,0,0,0,0,0,1,6,E01028458,-1,0,1.0,0.0,-1,6,30,1,1,1,15:15,2,2,1
2023461312802,2023,461312802,1,2,3,2,58,9,3,10,9,0,0,2,0,9,E01024851,3,1,0.0,1.0,-1,6,30,1,1,1,11:27,6,1,9
2023501271910,2023,501271910,1,1,3,2,16,4,2,5,3,0,0,0,0,2,E01019055,7,1,1.0,0.0,-1,6,40,1,1,1,15:29,5,1,9
2023010461293,2023,010461293,1,2,2,-1,-1,-1,3,0,0,1,0,0,9,5,E01002083,-1,0,0.0,1.0,-1,3,20,1,5,1,20:17,6,2,9
2023231273382,2023,231273382,1,1,1,1,63,9,2,0,0,0,0,0,9,6,E01029841,7,1,1.0,0.0,-1,6,60,1,1,1,10:40,5,1,9
2023340WN7022,2023,340WN7022,1,1,1,2,36,7,3,0,0,0,0,0,9,8,E01027193,-1,0,0.0376,0.9624,-1,6,30,1,1,2,14:55,6,2,9
2023430078788,2023,430078788,2,1,1,2,44,7,3,0,0,0,0,0,1,7,E01016831,-1,0,0.03285,0.96715,-1,6,30,1,1,1,10:10,2,2,1
2023010481787,2023,010481787,1,1,1,1,32,6,3,0,0,0,0,0,3,-1,-1,-1,0,0.0,1.0,-1,6,30,2,4,2,20:15,1,2,3
2023221289927,2023,221289927,1,1,1,2,56,9,2,0,0,0,0,0,3,3,E01014005,7,1,1.0,0.0,-1,6,60,3,1,3,17:10,4,1,3
2023421366027,2023,421366027,1,1,1,-1,-1,-1,3,0,0,0,0,0,3,-1,-1,3,1,0.0,1.0,-1,6,30,1,1,1,14:20,2,2,3
2023041288797,2023,041288797,1,1,1,1,38,7,3,0,0,0,0,0,9,4,E01012661,3,1,0.0,1.0,-1,6,20,2,4,2,20:02,7,3,9
2023122400009,2023,122400009,1,1,1,1,25,5,3,0,0,0,0,0,9,4,E01010727,-1,0,0.10723,0.89277,-1,6,60,2,6,2,18:25,7,1,9
202360A191726,2023,60A191726,1,1,1,2,47,8,3,0,0,0,0,0,9,-1,-1,-1,0,0.11155,0.88845,-1,6,60,1,1,2,08:13,4,2,9
2023052301927,2023,052301927,2,2,1,2,35,6,3,0,0,0,0,0,9,3,E01006431,-1,0,0.0242,0.9758,-1,1,30,1,1,1,12:33,4,2,9
2023031350131,2023,031350131,2,1,1,2,19,4,3,0,0,0,0,0,9,7,E01019258,3,1,0.0,1.0,-1,6,40,1,1,1,08:03,4,2,9
2023061391902,2023,061391902,1,3,2,1,18,4,3,0,0,2,0,0,9,8,E01006194,3,1,0.0,1.0,-1,6,30,2,4,2,03:10,1,2,9
2023141287101,2023,141287101,2,2,2,2,54,8,3,0,0,1,0,0,9,3,E01032550,3,1,0.0,1.0,-1,3,30,1,1,1,12:30,3,2,9
2023501286074,2023,501286074,1,1,3,2,10,2,2,5,4,0,0,0,0,5,E01018779,7,1,1.0,0.0,-1,6,30,1,1,1,15:30,6,1,19
2023991332896,2023,991332896,1,1,3,2,42,7,3,5,1,0,0,0,0,8,-1,3,1,0.0,1.0,-1,6,30,1,1,1,10:30,3,1,9
2023010454972,2023,010454972,2,1,1,1,20,4,3,0,0,0,0,0,1,5,E01001278,-1,0,0.0,1.0,-1,6,20,1,1,1,09:55,5,2,1
2023010442187,2023,010442187,1,1,1,2,24,5,3,0,0,0,0,0,9,5,E01001277,-1,0,0.0,1.0,-1,9,40,2,1,2,18:45,3,2,9
2023991396573,2023,991396573,1,1,1,1,32,6,2,0,0,0,0,0,9,7,-1,6,1,1.0,0.0,-1,6,60,8,1,4,12:05,3,2,9
2023010481738,2023,010481738,3,5,2,2,34,6,2,0,0,2,0,0,9,2,E01004060,-1,0,1.0,0.0,-1,7,50,2,6,2,17:00,1,3,9
2023371350548,2023,371350548,1,2,2,2,8,2,3,0,0,2,0,0,9,2,E01030170,3,1,0.0,1.0,-1,1,70,1,1,1,18:15,6,1,9
2023041361730,2023,041361730,1,1,3,1,4,1,2,5,1,0,0,1,0,1,E01024893,7,1,1.0,0.0,-1,6,30,5,1,2,11:40,4,1,9
2023010485281,2023,010485281,2,1,1,1,23,5,3,0,0,0,0,0,1,-1,-1,-1,0,0.0,1.0,-1,3,20,8,1,2,22:20,4,2,1
2023041283045,2023,041283045,2,1,1,2,66,10,3,0,0,0,0,0,1,1,E01012733,3,1,0.0,1.0,-1,6,30,1,1,1,13:08,7,2,1
2023010420813,2023,010420813,1,1,1,1,35,6,3,0,0,0,0,0,3,1,E01033207,-1,0,0.0,1.0,-1,1,20,1,4,1,19:21,3,1,3
2023010485938,2023,010485938,2,1,1,1,23,5,3,0,0,0,0,0,3,-1,-1,-1,0,0.0,1.0,-1,6,20,1,1,1,09:08,2,2,3
2023421276747,2023,421276747,1,1,1,1,63,9,3,0,0,0,0,0,9,10,E01021941,3,1,0.0,1.0,-1,6,40,1,1,2,13:50,4,3,9
2023622300926,2023,622300926,2,2,1,1,49,8,3,0,0,0,0,0,9,7,W01000888,-1,0,0.01902,0.98098,-1,6,40,2,1,2,14:23,5,3,9
2023010470238,2023,010470238,1,1,2,2,12,3,3,0,0,2,0,0,9,5,E01002261,-1,0,0.0,1.0,-1,6,30,1,4,1,19:30,4,2,9
20231700H1822,2023,1700H1822,1,1,1,1,22,5,3,0,0,0,0,0,9,8,E01011963,-1,0,0.07186,0.92814,-1,6,30,1,1,1,13:35,3,3,9
2023430533994,2023,430533994,2,1,2,1,59,9,3,0,0,1,0,0,9,-1,-1,-1,0,0.00455,0.99545,-1,6,30,1,7,2,18:30,1,2,9
2023010423356,2023,010423356,1,1,1,1,56,9,3,0,0,0,0,0,9,2,E01004060,-1,0,0.0,1.0,-1,7,20,1,4,1,00:30,3,2,9
2023421267610,2023,421267610,2,3,1,1,43,7,3,0,0,0,0,0,9,8,E01021544,3,1,0.0,1.0,-1,6,60,1,5,1,19:59,3,2,9
2023041383395,2023,041383395,1,1,3,2,65,9,2,6,7,0,0,2,0,7,E01025400,7,1,1.0,0.0,-1,6,20,1,1,1,11:30,4,1,9
2023101384078,2023,101384078,1,1,3,1,12,3,3,4,3,0,0,0,0,6,E01027488,3,1,0.0,1.0,-1,6,30,2,4,2,15:30,5,1,9
2023010455925,2023,010455925,2,1,1,1,-1,-1,3,0,0,0,0,0,1,-1,-1,-1,0,0.0,1.0,-1,6,20,1,1,1,15:00,2,2,1
2023010463145,2023,010463145,2,1,1,1,29,6,3,0,0,0,0,0,3,4,E01002088,-1,0,0.0,1.0,-1,2,30,1,1,1,12:00,4,2,3
2023231328153,2023,231328153,1,1,1,1,58,9,3,0,0,0,0,0,9,9,E01031154,3,1,0.0,1.0,-1,6,40,1,1,1,16:57,2,2,9
2023340WN2702,2023,340WN2702,1,3,2,1,41,7,3,0,0,2,0,0,9,2,E01010065,-1,0,0.14836,0.85164,-1,3,70,1,6,1,02:50,7,3,9
2023440044191,2023,440044191,1,1,1,2,54,8,3,0,0,0,0,0,9,8,E01023080,-1,0,0.03849,0.96151,-1,6,40,1,1,1,08:25,4,2,9
2023522400899,2023,522400899,1,1,1,2,51,8,3,0,0,0,0,0,22,4,E01014570,-1,0,0.09991,0.90009,-1,6,20,1,4,2,16:45,2,2,22
2023122300271,2023,122300271,1,1,2,-1,72,10,3,0,0,1,0,0,9,9,E01027898,-1,0,0.02146,0.97854,-1,6,30,1,1,1,14:32,6,2,9
2023430039472,2023,430039472,2,1,1,1,36,7,3,0,0,0,0,0,9,2,E01016480,-1,0,0.06494,0.93506,-1,6,40,1,4,2,22:40,5,2,9
2023430313659,2023,430313659,2,1,1,2,35,6,3,0,0,0,0,0,9,5,E01016807,-1,0,0.0024,0.9976,-1,6,30,2,1,2,11:06,6,2,9
2023141384069,2023,141384069,1,1,3,2,-1,-1,3,1,3,0,0,0,0,-1,-1,3,1,0.0,1.0,-1,3,40,8,4,2,16:36,5,1,9
2023201340563,2023,201340563,2,1,1,1,41,7,2,0,0,0,0,0,1,1,E01010029,7,1,1.0,0.0,-1,6,30,1,1,1,16:50,5,2,1
2023371278428,2023,371278428,2,1,1,1,55,8,2,0,0,0,0,0,5,6,E01026547,6,1,1.0,0.0,-1,6,60,1,1,1,13:45,1,2,5
2023052300167,2023,052300167,2,1,1,1,31,6,2,0,0,0,0,0,9,1,E01006598,-1,0,1.0,0.0,-1,6,30,1,4,1,17:00,6,2,9
2023201400493,2023,201400493,1,1,1,2,39,7,3,0,0,0,0,0,9,7,E01010034,3,1,0.0,1.0,-1,3,40,1,4,1,22:23,4,2,9
2023371338480,2023,371338480,2,1,2,1,10,2,3,0,0,2,0,0,9,-1,-1,3,1,0.0,1.0,-1,3,70,1,1,1,16:36,6,2,9
2023991361651,2023,991361651,1,3,2,1,15,3,1,0,0,2,0,0,9,3,-1,1,1,0.0,0.0,-1,6,60,5,1,2,18:00,3,2,9
2023010445660,2023,010445660,1,1,3,1,38,7,3,9,9,0,0,0,0,4,E01029892,-1,0,0.0,1.0,-1,3,50,1,1,1,09:59,1,1,9
2023010484334,2023,010484334,1,1,1,1,31,6,3,0,0,0,0,0,1,3,E01000222,-1,0,0.0,1.0,-1,6,20,1,1,2,15:10,5,2,1
2023010456254,2023,010456254,1,1,1,1,43,7,3,0,0,0,0,0,3,1,E01003515,-1,0,0.0,1.0,-1,6,20,9,1,9,20:00,4,2,3
2023211393410,2023,211393410,1,1,2,2,0,1,2,0,0,2,0,0,9,1,E01014254,5,1,1.0,0.0,-1,7,60,2,4,2,16:47,7,2,9
2023461396059,2023,461396059,1,1,1,1,23,5,3,0,0,0,0,0,9,7,E01024232,3,1,0.0,1.0,-1,3,30,1,4,2,01:55,7,1,9
2023531313033,2023,531313033,2,1,1,2,66,10,3,0,0,0,0,0,9,1,E01022347,3,1,0.0,1.0,-1,3,30,1,1,1,09:25,3,2,9
2023010432871,2023,010432871,1,1,2,2,18,4,3,0,0,0,4,0,11,3,E01001508,-1,0,0.0,1.0,-1,2,30,1,1,1,13:40,7,1,11
2023101326989,2023,101326989,2,4,2,1,30,6,3,0,0,0,4,0,11,2,E01020648,3,1,0.0,1.0,-1,6,20,1,1,1,12:52,6,2,11