collision_index,collision_year,collision_ref_no,vehicle_reference,casualty_reference,casualty_class,sex_of_casualty,age_of_casualty,age_band_of_casualty,casualty_severity,pedestrian_location,pedestrian_movement,car_passenger,bus_or_coach_passenger,pedestrian_road_maintenance_worker,casualty_type,casualty_imd_decile,lsoa_of_casualty,enhanced_casualty_severity,casualty_injury_based,casualty_adjusted_severity_serious,casualty_adjusted_severity_slight,casualty_distance_banding,road_type,speed_limit,weather_conditions,light_conditions,road_surface_conditions,time,day_of_week,number_of_vehicles,vehicle_type
2023101349078,2023,101349078,1,2,2,2,73,10,3,0,0,0,4,0,11,7,E01008802,3,1,0.0,1.0,-1,6,30,1,1,1,14:50,2,2,11
2023010463882,2023,010463882,1,1,2,1,-1,-1,3,0,0,2,0,0,9,3,E01000009,-1,0,0.0,1.0,-1,6,30,1,1,1,14:13,1,2,9
2023061331776,2023,061331776,1,1,3,1,63,9,2,5,3,0,0,0,0,4,E01005637,7,1,1.0,0.0,-1,6,30,2,1,2,07:04,6,1,9
2023201411031,2023,201411031,1,1,3,1,-1,-1,3,10,9,0,0,2,0,-1,-1,3,1,0.0,1.0,-1,6,30,1,1,1,17:00,2,1,9
2023332300840,2023,332300840,1,1,3,2,45,7,3,6,9,0,0,0,0,10,E01025870,-1,0,0.08596,0.91404,-1,6,50,2,1,2,18:00,3,1,19
2023340WN5062,2023,340WN5062,1,1,1,1,33,6,3,0,0,0,0,0,9,7,E01027221,-1,0,0.09325,0.90675,-1,6,60,1,1,2,18:40,1,2,9
2023421312420,2023,421312420,1,1,1,2,25,5,3,0,0,0,0,0,9,-1,-1,3,1,0.0,1.0,-1,3,70,1,1,1,13:20,7,2,9
2023545977923,2023,545977923,2,1,1,2,56,9,3,0,0,0,0,0,9,6,E01015579,-1,0,0.00518,0.99482,-1,1,40,1,1,1,17:00,4,2,9
2023010480900,2023,010480900,1,1,1,1,28,6,3,0,0,0,0,0,19,4,E01002507,-1,0,0.0,1.0,-1,6,30,1,1,1,15:06,4,2,19
2023131260482,2023,131260482,1,1,3,2,10,2,3,1,9,0,0,2,0,1,E01010826,3,1,0.0,1.0,-1,6,30,9,1,1,08:00,6,1,9
2023421372784,2023,421372784,2,1,1,1,62,9,2,0,0,0,0,0,5,9,E01021948,7,1,1.0,0.0,-1,6,30,1,1,1,10:35,7,2,5
2023440445156,2023,440445156,2,2,2,2,76,11,2,0,0,1,0,0,9,7,E01023034,-1,0,1.0,0.0,-1,6,40,1,1,2,12:20,3,2,9
2023522400077,2023,522400077,1,1,1,1,19,4,3,0,0,0,0,0,9,10,E01014822,-1,0,0.02304,0.97696,-1,6,30,2,4,2,20:10,5,2,9
2023622300387,2023,622300387,1,1,1,1,26,6,3,0,0,0,0,0,9,1,W01000631,-1,0,0.07682,0.92318,-1,6,30,1,4,1,21:20,3,1,9
2023101287970,2023,101287970,1,1,3,1,27,6,3,5,1,0,0,0,0,1,E01027527,3,1,0.0,1.0,-1,6,30,1,4,1,19:20,2,1,9
2023061303283,2023,061303283,2,1,1,-1,23,5,3,0,0,0,0,0,1,-1,-1,3,1,0.0,1.0,-1,3,30,1,1,1,12:15,1,2,1
2023451338565,2023,451338565,2,1,1,1,26,6,3,0,0,0,0,0,1,5,E01030983,3,1,0.0,1.0,-1,6,30,1,4,2,00:34,1,2,1
2023010424390,2023,010424390,1,1,1,1,33,6,3,0,0,0,0,0,3,4,E01000591,-1,0,0.0,1.0,-1,9,30,1,4,2,19:30,7,2,3
2023010447781,2023,010447781,1,1,1,1,29,6,3,0,0,0,0,0,3,2,E01002877,-1,0,0.0,1.0,-1,6,40,1,1,1,18:05,5,2,3
2023320044145,2023,320044145,2,1,1,2,52,8,3,0,0,0,0,0,9,4,E01026105,-1,0,0.01411,0.98589,-1,6,60,1,1,4,12:56,1,2,9
2023010433511,2023,010433511,1,1,1,1,25,5,2,0,0,0,0,0,9,7,E01000732,-1,0,1.0,0.0,-1,6,30,1,4,1,01:19,4,1,9
2023052301824,2023,052301824,1,1,2,2,41,7,2,0,0,2,0,0,9,3,E01006969,-1,0,1.0,0.0,-1,6,30,2,4,2,21:55,7,1,9
2023161341334,2023,161341334,3,1,1,1,32,6,3,0,0,0,0,0,9,1,E01012842,3,1,0.0,1.0,-1,3,30,1,1,1,13:22,1,3,9
2023320325280,2023,320325280,1,2,1,1,73,10,3,0,0,0,0,0,9,8,E01026368,-1,0,0.10685,0.89315,-1,6,60,1,1,1,14:50,7,2,9
2023351321629,2023,351321629,2,1,1,1,39,7,3,0,0,0,0,0,1,1,E01015639,3,1,0.0,1.0,-1,6,30,1,1,1,19:40,3,2,1
2023461388459,2023,461388459,2,1,1,1,31,6,3,0,0,0,0,0,1,8,E01024044,3,1,0.0,1.0,-1,1,30,1,7,1,19:15,4,2,1
2023991373401,2023,991373401,2,1,1,1,41,7,3,0,0,0,0,0,1,-1,-1,3,1,0.0,1.0,-1,6,30,1,1,1,15:00,7,2,1
2023401285358,2023,401285358,2,1,1,1,45,7,3,0,0,0,0,0,3,5,E01015739,3,1,0.0,1.0,-1,6,30,2,1,-1,11:45,4,2,3
202363A038323,2023,63A038323,3,1,2,2,9,2,3,0,0,2,0,0,9,-1,-1,-1,0,0.01658,0.98342,-1,1,60,5,1,2,17:25,4,3,9
2023201337751,2023,201337751,1,1,1,1,13,3,3,0,0,0,0,0,-1,10,E01010227,3,1,0.0,1.0,-1,6,30,1,1,1,15:03,6,2,-1
2023010465435,2023,010465435,1,1,3,2,32,6,3,9,9,0,0,0,0,6,E01001948,-1,0,0.0,1.0,-1,6,20,1,4,1,23:30,2,1,9
2023101357062,2023,101357062,1,1,1,1,46,8,3,0,0,0,0,0,9,1,E01008651,3,1,0.0,1.0,-1,6,20,2,4,2,20:30,4,2,9
2023361337598,2023,361337598,1,1,1,1,27,6,3,0,0,0,0,0,9,3,E01026696,3,1,0.0,1.0,-1,3,70,2,6,2,22:24,2,2,9
2023471264071,2023,471264071,1,1,1,2,47,8,3,0,0,0,0,0,9,6,E01021149,3,1,0.0,1.0,-1,6,60,1,6,4,22:30,2,2,9
2023991304502,2023,991304502,1,1,1,2,30,6,3,0,0,0,0,0,9,2,-1,3,1,0.0,1.0,-1,1,70,1,1,1,17:47,6,1,9
2023131359821,2023,131359821,2,1,1,1,10,2,3,0,0,0,0,0,1,2,E01011740,3,1,0.0,1.0,-1,6,20,1,4,1,19:15,4,2,1
2023161351755,2023,161351755,2,1,1,1,8,2,3,0,0,0,0,0,1,-1,-1,3,1,0.0,1.0,-1,6,30,9,1,1,14:30,7,2,1
2023010465560,2023,010465560,1,1,2,2,29,6,3,0,0,0,4,0,11,3,E01003073,-1,0,0.0,1.0,-1,6,20,2,1,2,17:50,3,1,11
2023101341006,2023,101341006,2,1,1,1,37,7,3,0,0,0,0,0,9,3,E01008262,3,1,0.0,1.0,-1,6,30,1,1,1,18:31,3,2,9
2023451372565,2023,451372565,1,1,1,1,51,8,2,0,0,0,0,0,9,10,E01030989,6,1,1.0,0.0,-1,3,50,2,4,2,18:10,4,3,9
2023631375420,2023,631375420,1,2,1,2,21,5,3,0,0,0,0,0,9,6,W01000598,3,1,0.0,1.0,-1,6,60,1,6,2,10:30,5,2,9
2023170H10213,2023,170H10213,1,1,1,2,36,7,3,0,0,0,0,0,9,1,E01011950,-1,0,0.0476,0.9524,-1,1,30,1,4,1,21:09,6,2,9
2023361346427,2023,361346427,2,2,2,2,82,11,3,0,0,-1,0,0,9,2,E01026633,3,1,0.0,1.0,-1,6,30,1,1,1,13:35,3,2,9
2023522301562,2023,522301562,2,2,2,2,45,7,3,0,0,1,0,0,9,9,E01014849,-1,0,0.02406,0.97594,-1,6,30,1,1,1,16:50,7,2,9
2023131301351,2023,131301351,1,1,1,1,22,5,3,0,0,0,0,0,3,2,E01010961,3,1,0.0,1.0,-1,6,50,1,1,1,18:31,4,2,3
2023531305795,2023,531305795,1,1,3,1,28,6,3,9,9,0,0,0,0,6,E01022249,3,1,0.0,1.0,-1,6,30,2,4,2,22:08,1,1,9
2023991379479,2023,991379479,1,1,3,1,15,3,3,4,3,0,0,0,0,1,-1,3,1,0.0,1.0,-1,6,30,1,1,1,08:30,2,1,9
2023311262682,2023,311262682,1,1,3,2,17,4,2,8,9,0,0,0,0,2,E01027986,6,1,1.0,0.0,-1,6,30,2,1,2,15:39,4,1,9
2023991359912,2023,991359912,1,1,3,1,12,3,2,5,3,0,0,0,0,9,-1,7,1,1.0,0.0,-1,6,20,2,1,2,15:10,5,1,9
2023131310627,2023,131310627,2,1,1,1,35,6,3,0,0,0,0,0,9,8,E01011051,3,1,0.0,1.0,-1,3,40,1,1,1,10:30,3,2,9
2023131374630,2023,131374630,2,2,1,2,20,4,3,0,0,0,0,0,9,5,E01011883,3,1,0.0,1.0,-1,6,30,8,4,2,17:20,3,2,9
2023141312543,2023,141312543,2,1,1,2,51,8,2,0,0,0,0,0,9,1,E01007822,6,1,1.0,0.0,-1,6,30,1,1,1,12:30,2,2,9
2023320412811,2023,320412811,1,1,1,1,30,6,3,0,0,0,0,0,9,-1,-1,-1,0,0.11405,0.88595,-1,6,60,1,1,1,07:11,4,1,9
2023411291277,2023,411291277,2,1,1,1,77,11,3,0,0,0,0,0,9,3,E01023310,3,1,0.0,1.0,-1,3,30,1,1,1,10:44,7,2,9
2023547519123,2023,547519123,1,1,1,1,18,4,3,0,0,0,0,0,9,7,E01031951,-1,0,0.08811,0.91189,-1,6,60,1,6,1,23:38,2,1,9
2023622300378,2023,622300378,2,2,1,1,-1,-1,3,0,0,0,0,0,10,6,W01001806,-1,0,0.02374,0.97626,-1,3,30,1,1,1,14:34,7,2,10
2023320740365,2023,320740365,2,1,1,2,63,9,3,0,0,0,0,0,1,6,E01026021,-1,0,0.0805,0.9195,-1,6,30,1,1,1,08:20,4,2,1
2023461286391,2023,461286391,2,1,1,1,21,5,3,0,0,0,0,0,1,4,E01024090,3,1,0.0,1.0,-1,1,30,2,5,2,19:39,4,2,1
2023010474368,2023,010474368,1,1,1,2,29,6,3,0,0,0,0,0,9,3,E01021631,-1,0,0.0,1.0,-1,3,70,2,4,2,21:00,2,3,9
2023010441488,2023,010441488,2,1,1,2,28,6,3,0,0,0,0,0,1,4,E01001396,-1,0,0.0,1.0,-1,2,20,2,1,2,11:20,7,2,1
2023332301059,2023,332301059,2,1,1,1,14,3,3,0,0,0,0,0,1,7,E01025946,-1,0,0.075,0.925,-1,6,40,1,1,1,14:20,7,2,1
2023501328806,2023,501328806,1,1,1,1,24,5,2,0,0,0,0,0,5,5,E01020060,6,1,1.0,0.0,-1,3,70,1,1,1,20:41,4,2,5
2023122400031,2023,122400031,1,1,1,2,49,8,3,0,0,0,0,0,9,6,E01013056,-1,0,0.02195,0.97805,-1,6,30,2,1,2,10:50,2,2,9
2023332301292,2023,332301292,1,1,2,1,34,6,3,0,0,1,0,0,9,9,E01028398,-1,0,0.00528,0.99472,-1,6,30,2,4,2,18:00,2,2,9
2023421381111,2023,421381111,1,1,2,1,40,7,3,0,0,1,0,0,9,5,E01021499,3,1,0.0,1.0,-1,6,30,8,4,4,23:28,5,2,9
2023461356347,2023,461356347,2,2,1,2,35,6,3,0,0,0,0,0,9,3,E01024696,3,1,0.0,1.0,-1,6,60,1,1,1,13:07,1,2,9
2023991376855,2023,991376855,2,5,2,2,36,7,3,0,0,1,0,0,9,-1,-1,3,1,0.0,1.0,-1,6,30,1,4,1,18:51,2,2,9
2023061351068,2023,061351068,1,1,1,1,23,5,2,0,0,0,0,0,19,-1,-1,7,1,1.0,0.0,-1,6,30,1,6,1,00:18,6,2,19
2023010483990,2023,010483990,1,1,1,1,29,6,3,0,0,0,0,0,3,3,E01000545,-1,0,0.0,1.0,-1,6,20,1,4,1,18:57,4,2,3
2023010427605,2023,010427605,1,1,1,2,37,7,3,0,0,0,0,0,9,10,E01016658,-1,0,0.0,1.0,-1,6,30,1,1,1,13:00,5,2,9
2023201375008,2023,201375008,1,1,1,1,34,6,3,0,0,0,0,0,9,1,E01009951,3,1,0.0,1.0,-1,3,70,2,4,2,05:44,7,2,9
202354D132323,2023,54D132323,2,1,1,1,20,4,3,0,0,0,0,0,9,9,E01032052,-1,0,0.04681,0.95319,-1,6,60,2,6,2,21:05,2,2,9
202360A175608,2023,60A175608,1,1,1,2,52,8,3,0,0,0,0,0,9,-1,-1,-1,0,0.09395,0.90605,-1,6,60,2,1,2,12:56,6,2,9
2023421387677,2023,421387677,2,1,1,2,73,10,3,0,0,0,0,0,9,5,E01021410,3,1,0.0,1.0,-1,6,60,1,1,2,10:55,4,3,9
2023041321315,2023,041321315,1,1,3,2,79,11,3,10,5,0,0,0,0,5,E01025395,3,1,0.0,1.0,-1,6,20,1,1,1,15:45,1,1,9
2023101339883,2023,101339883,1,1,3,1,10,2,3,9,6,0,0,0,0,-1,-1,3,1,0.0,1.0,-1,6,20,1,1,1,13:40,2,1,9
2023340WN2452,2023,340WN2452,2,1,1,1,22,5,3,0,0,0,0,0,5,9,E01027201,-1,0,0.13006,0.86994,-1,2,30,2,4,2,22:30,2,2,5
2023421305021,2023,421305021,1,1,1,1,64,9,3,0,0,0,0,0,5,7,E01021407,3,1,0.0,1.0,-1,6,60,1,1,1,11:40,2,1,5
2023131348415,2023,131348415,1,1,1,1,79,11,1,0,0,0,0,0,9,2,E01010796,1,1,0.0,0.0,-1,6,30,1,1,1,09:55,6,3,9
2023501267500,2023,501267500,1,1,1,2,31,6,2,0,0,0,0,0,9,5,E01018940,5,1,1.0,0.0,-1,6,60,1,1,4,09:30,3,1,9
2023010486168,2023,010486168,1,1,3,1,32,6,3,10,9,0,0,0,0,-1,-1,-1,0,0.0,1.0,-1,9,30,9,4,9,06:10,1,1,20
2023041326190,2023,041326190,1,1,3,2,55,8,3,10,9,0,0,0,0,9,E01012660,3,1,0.0,1.0,-1,6,30,1,1,1,16:10,3,1,9
2023520301277,2023,520301277,1,1,3,1,67,10,2,5,9,0,0,0,0,7,E01029164,-1,0,1.0,0.0,-1,6,60,1,1,2,09:20,1,1,19
2023010473192,2023,010473192,3,2,1,1,52,8,3,0,0,0,0,0,9,-1,-1,-1,0,0.0,1.0,-1,6,20,1,4,1,03:07,7,7,9
2023041332842,2023,041332842,2,1,1,1,46,8,3,0,0,0,0,0,9,1,E01025184,3,1,0.0,1.0,-1,6,30,1,1,1,11:05,5,2,9
2023201314027,2023,201314027,2,3,1,1,21,5,3,0,0,0,0,0,9,1,E01032889,3,1,0.0,1.0,-1,6,30,1,1,1,19:04,2,2,9
2023311289597,2023,311289597,1,1,1,1,28,6,3,0,0,0,0,0,9,4,E01019516,3,1,0.0,1.0,-1,6,30,1,1,1,06:35,3,2,9
2023421312420,2023,421312420,2,4,2,2,74,10,3,0,0,1,0,0,9,1,E01009147,3,1,0.0,1.0,-1,3,70,1,1,1,13:20,7,2,9
2023010474615,2023,010474615,1,1,3,1,45,7,3,9,8,0,0,0,0,9,E01030856,-1,0,0.0,1.0,-1,2,20,1,4,2,01:18,1,1,9
2023302301428,2023,302301428,1,1,3,1,13,3,2,5,1,0,0,0,0,2,E01019572,-1,0,1.0,0.0,-1,6,30,1,1,1,15:10,5,1,21
2023411300336,2023,411300336,1,1,3,2,15,3,2,10,9,0,0,0,0,6,E01023787,7,1,1.0,0.0,-1,9,40,3,1,-1,08:15,6,1,-1
2023010450381,2023,010450381,1,1,1,1,37,7,3,0,0,0,0,0,1,4,E01000313,-1,0,0.0,1.0,-1,6,20,1,1,1,18:20,3,2,1
2023101283585,2023,101283585,2,1,1,1,75,10,3,0,0,0,0,0,1,5,E01008246,3,1,0.0,1.0,-1,6,30,1,1,1,14:10,6,2,1
2023430297468,2023,430297468,2,1,1,1,25,5,2,0,0,0,0,0,1,6,E01028579,-1,0,1.0,0.0,-1,6,20,2,1,2,15:45,3,2,1
2023010447012,2023,010447012,2,2,1,2,30,6,3,0,0,0,0,0,9,1,E01002280,-1,0,0.0,1.0,-1,6,30,1,1,1,18:25,1,2,9
2023010486153,2023,010486153,1,1,1,1,29,6,3,0,0,0,0,0,9,5,E01000664,-1,0,0.0,1.0,-1,6,30,2,4,2,03:45,4,5,9
2023131330716,2023,131330716,2,3,2,2,12,3,3,0,0,2,0,0,9,2,E01011220,3,1,0.0,1.0,-1,6,30,1,1,2,15:25,2,2,9
2023622300996,2023,622300996,1,1,1,1,82,11,3,0,0,0,0,0,9,7,W01001062,-1,0,0.08641,0.91359,-1,6,30,2,4,2,17:43,2,3,9
2023302301444,2023,302301444,2,1,1,2,62,9,3,0,0,0,0,0,5,5,E01029795,-1,0,0.13134,0.86866,-1,6,30,1,1,1,14:40,6,2,5
2023101264203,2023,101264203,1,1,1,1,30,6,3,0,0,0,0,0,3,2,E01008859,3,1,0.0,1.0,-1,3,70,1,4,2,08:56,3,2,3
2023141373414,2023,141373414,3,7,2,2,84,11,2,0,0,1,0,0,9,7,E01007616,5,1,1.0,0.0,-1,6,60,1,1,2,12:50,7,3,9
2023545168923,2023,545168923,1,1,1,2,33,6,3,0,0,0,0,0,9,9,E01027163,-1,0,0.03175,0.96825,-1,6,60,1,1,1,13:41,4,2,9
2023052301818,2023,052301818,1,2,2,2,26,6,3,0,0,0,4,0,11,1,E01006764,-1,0,0.02466,0.97534,-1,6,30,1,1,1,16:50,3,2,11
2023461344559,2023,461344559,1,1,1,1,18,4,3,0,0,0,0,0,19,3,E01024310,3,1,0.0,1.0,-1,7,40,2,1,2,20:30,7,1,19
2023010458549,2023,010458549,2,1,1,1,17,4,2,0,0,0,0,0,-1,5,E01023705,-1,0,1.0,0.0,-1,2,20,1,1,2,16:20,4,2,-1
2023122300731,2023,122300731,1,1,3,2,23,5,3,5,3,0,0,0,0,5,E01027582,-1,0,0.07042,0.92958,-1,1,30,1,1,1,00:01,2,1,9
2023010457741,2023,010457741,1,1,1,1,59,9,3,0,0,0,0,0,1,3,E01002079,-1,0,0.0,1.0,-1,6,20,1,1,1,14:34,6,2,1
2023201279100,2023,201279100,2,1,1,1,53,8,3,0,0,0,0,0,1,3,E01009411,3,1,0.0,1.0,-1,3,30,1,4,1,19:15,1,2,1
2023010426109,2023,010426109,1,1,3,1,31,6,2,10,9,0,0,0,0,-1,-1,-1,0,1.0,0.0,-1,6,30,1,1,1,13:40,4,1,9
2023201277812,2023,201277812,1,1,3,1,-1,-1,3,1,3,0,0,2,0,-1,-1,3,1,0.0,1.0,-1,3,30,1,1,1,16:45,3,1,9
2023010453943,2023,010453943,2,1,1,1,64,9,3,0,0,0,0,0,1,4,E01004682,-1,0,0.0,1.0,-1,6,60,2,1,2,11:49,7,2,1
2023010454290,2023,010454290,1,1,2,2,63,9,3,0,0,1,0,0,9,5,E01000619,-1,0,0.0,1.0,-1,6,30,1,1,1,11:02,2,2,9
2023131280512,2023,131280512,2,1,1,1,19,4,2,0,0,0,0,0,23,3,E01010891,7,1,1.0,0.0,-1,6,30,1,4,1,19:39,7,2,23
2023170S10023,2023,170S10023,1,1,3,2,70,10,3,5,1,0,0,0,0,-1,-1,-1,0,0.13698,0.86302,-1,6,30,1,1,1,12:26,2,1,9
2023010438669,2023,010438669,2,2,1,2,36,7,2,0,0,0,0,0,1,8,E01000967,-1,0,1.0,0.0,-1,6,20,1,1,1,17:25,6,2,1
2023061313111,2023,061313111,2,1,1,-1,33,6,2,0,0,0,0,0,1,4,E01005500,7,1,1.0,0.0,-1,6,30,1,1,1,19:07,1,2,1
2023531305600,2023,531305600,2,2,1,2,29,6,3,0,0,0,0,0,1,5,E01022321,3,1,0.0,1.0,-1,6,30,1,1,2,07:20,4,2,1
2023340WN2592,2023,340WN2592,2,1,1,2,60,9,3,0,0,0,0,0,9,10,E01027015,-1,0,0.07978,0.92022,-1,6,60,1,1,1,07:05,2,2,9
2023010445533,2023,010445533,1,1,3,2,14,3,3,9,9,0,0,0,0,3,E01003841,-1,0,0.0,1.0,-1,6,20,1,1,1,19:34,7,1,9
2023010421379,2023,010421379,1,1,1,1,20,4,3,0,0,0,0,0,9,2,E01000600,-1,0,0.0,1.0,-1,6,20,1,4,1,22:21,6,2,9
2023161372914,2023,161372914,1,1,1,2,46,8,3,0,0,0,0,0,9,7,E01012794,3,1,0.0,1.0,-1,6,30,1,1,1,08:50,6,2,9
2023201287805,2023,201287805,1,1,1,2,31,6,3,0,0,0,0,0,9,6,E01010115,3,1,0.0,1.0,-1,3,40,1,1,1,15:25,7,3,9
2023071125455,2023,071125455,1,1,3,1,11,3,2,5,2,0,0,0,0,7,E01012501,-1,0,1.0,0.0,-1,6,30,1,1,1,14:10,7,1,9
2023010462082,2023,010462082,1,1,1,1,32,6,3,0,0,0,0,0,1,5,E01003414,-1,0,0.0,1.0,-1,6,20,1,1,1,16:54,3,2,1
2023471306706,2023,471306706,2,1,1,2,63,9,3,0,0,0,0,0,3,-1,-1,3,1,0.0,1.0,-1,6,50,1,1,1,19:10,6,2,3
2023010432880,2023,010432880,1,1,1,2,47,8,3,0,0,0,0,0,9,6,E01000165,-1,0,0.0,1.0,-1,6,20,1,1,1,16:10,5,2,9
2023010443715,2023,010443715,1,2,2,-1,-1,-1,3,0,0,1,0,0,9,7,E01021759,-1,0,0.0,1.0,-1,6,20,1,1,1,08:48,4,2,9
2023201276476,2023,201276476,1,3,2,1,17,4,2,0,0,2,0,0,9,5,E01009031,5,1,1.0,0.0,-1,6,30,1,4,1,04:58,1,1,9
2023302301730,2023,302301730,3,1,1,2,63,9,3,0,0,0,0,0,9,5,W01000725,-1,0,0.0813,0.9187,-1,3,70,1,6,2,17:15,6,3,9
2023411311466,2023,411311466,2,3,2,1,21,5,3,0,0,1,0,0,9,7,E01023506,3,1,0.0,1.0,-1,6,60,1,1,1,17:07,6,2,9
2023421297560,2023,421297560,1,2,2,1,17,4,3,0,0,1,0,0,9,9,E01021908,3,1,0.0,1.0,-1,6,60,1,1,1,18:21,2,1,9
2023471268581,2023,471268581,2,1,1,2,59,9,3,0,0,0,0,0,9,10,E01031502,3,1,0.0,1.0,-1,6,50,1,1,2,15:55,3,2,9
2023041447729,2023,041447729,1,1,3,2,47,8,3,6,5,0,0,0,0,1,E01033231,3,1,0.0,1.0,-1,6,30,1,1,2,18:35,2,1,9
2023522301095,2023,522301095,1,1,3,2,33,6,3,5,1,0,0,0,0,3,E01014540,-1,0,0.09086,0.90914,-1,6,20,1,1,1,09:21,4,1,9
2023010461876,2023,010461876,1,1,1,1,26,6,3,0,0,0,0,0,1,9,E01001386,-1,0,0.0,1.0,-1,7,20,8,1,1,17:45,3,2,1
2023010468854,2023,010468854,2,2,1,1,32,6,3,0,0,0,0,0,1,8,E01000328,-1,0,0.0,1.0,-1,6,30,1,4,1,19:00,5,2,1
2023361291651,2023,361291651,2,1,1,1,59,9,3,0,0,0,0,0,1,6,E01026469,3,1,0.0,1.0,-1,6,30,2,1,2,12:00,7,2,1
2023010427119,2023,010427119,2,1,1,1,47,8,3,0,0,0,0,0,5,-1,-1,-1,0,0.0,1.0,-1,2,20,1,1,1,09:54,3,2,5
2023991310774,2023,991310774,1,1,1,1,52,8,3,0,0,0,0,0,90,6,-1,3,1,0.0,1.0,-1,6,60,1,1,1,14:30,2,2,90
2023122300197,2023,122300197,1,1,1,1,85,11,3,0,0,0,0,0,9,-1,-1,-1,0,0.06915,0.93085,-1,9,30,1,4,1,17:03,4,2,9
2023440315825,2023,440315825,1,2,2,2,18,4,3,0,0,2,0,0,9,3,E01023142,-1,0,0.16177,0.83823,-1,7,60,2,6,2,22:05,7,1,9
2023545243723,2023,545243723,1,1,1,2,45,7,3,0,0,0,0,0,9,9,E01015481,-1,0,0.01906,0.98094,-1,6,30,2,1,2,10:04,6,2,9
2023461379877,2023,461379877,1,1,1,1,66,10,3,0,0,0,0,0,9,6,E01024038,3,1,0.0,1.0,-1,1,60,1,1,2,11:00,3,2,9
2023991266550,2023,991266550,3,1,1,1,52,8,3,0,0,0,0,0,9,1,-1,3,1,0.0,1.0,-1,3,30,1,1,2,15:40,6,4,9
2023010472904,2023,010472904,1,1,1,1,29,6,3,0,0,0,0,0,9,2,E01000152,-1,0,0.0,1.0,-1,2,20,2,4,2,22:19,4,2,9
2023070629724,2023,070629724,1,1,1,1,74,10,3,0,0,0,0,0,9,6,E01012554,-1,0,0.09277,0.90723,-1,6,30,1,1,1,17:10,5,4,9
2023540501823,2023,540501823,3,3,1,2,33,6,3,0,0,0,0,0,9,6,E01022380,-1,0,0.02597,0.97403,-1,6,40,1,4,1,19:22,1,4,9
2023122300831,2023,122300831,1,1,3,1,19,4,3,6,9,0,0,0,0,1,E01011349,-1,0,0.05649,0.94351,-1,6,30,1,1,1,16:09,7,1,11
2023531370566,2023,531370566,1,1,3,1,50,8,2,6,9,0,0,0,0,10,E01014967,7,1,1.0,0.0,-1,6,20,1,1,1,14:45,7,1,9
2023052300057,2023,052300057,2,1,1,1,25,5,3,0,0,0,0,0,1,1,E01006548,-1,0,0.10603,0.89397,-1,6,30,1,4,1,07:40,4,2,1
2023161313460,2023,161313460,1,1,1,1,72,10,3,0,0,0,0,0,1,2,E01007763,3,1,0.0,1.0,-1,6,60,1,1,1,10:43,1,2,1
2023552301342,2023,552301342,1,1,3,1,14,3,3,6,9,0,0,0,0,4,E01015465,-1,0,0.04644,0.95356,-1,6,30,1,1,2,15:30,5,1,9
2023010419305,2023,010419305,1,1,1,1,50,8,3,0,0,0,0,0,8,8,E01003417,-1,0,0.0,1.0,-1,6,30,1,4,1,06:15,2,2,8
2023010453502,2023,010453502,1,1,1,1,27,6,3,0,0,0,0,0,3,2,E01004023,-1,0,0.0,1.0,-1,2,20,1,4,1,21:41,4,2,3
2023451300398,2023,451300398,2,1,1,1,30,6,3,0,0,0,0,0,3,-1,-1,3,1,0.0,1.0,-1,6,30,1,1,1,12:20,6,2,3
2023010460567,2023,010460567,1,1,3,1,23,5,3,1,1,0,0,0,0,2,E01003971,-1,0,0.0,1.0,-1,6,20,1,1,1,14:15,2,1,9
2023201409806,2023,201409806,1,1,3,1,13,3,3,6,5,0,0,2,0,8,E01009653,3,1,0.0,1.0,-1,6,20,1,1,1,17:52,4,1,9
2023451294586,2023,451294586,1,1,3,2,0,1,3,8,7,0,0,2,0,-1,-1,3,1,0.0,1.0,-1,6,30,9,1,1,15:00,5,1,9
2023061259725,2023,061259725,4,1,1,1,48,8,3,0,0,0,0,0,9,7,E01005468,3,1,0.0,1.0,-1,6,30,2,4,2,18:50,4,4,9
2023010445421,2023,010445421,1,1,1,1,28,6,2,0,0,0,0,0,1,2,E01003297,-1,0,1.0,0.0,-1,6,30,1,4,1,22:00,5,2,1
2023440474354,2023,440474354,1,1,1,1,52,8,3,0,0,0,0,0,1,5,E01017044,-1,0,0.20998,0.79002,-1,6,30,1,1,2,10:45,2,1,1
2023131348631,2023,131348631,1,1,1,2,18,4,3,0,0,0,0,0,9,5,E01010783,3,1,0.0,1.0,-1,6,30,2,1,2,20:07,4,1,9
2023221313658,2023,221313658,1,3,2,1,19,4,3,0,0,1,0,0,9,1,E01014197,3,1,0.0,1.0,-1,6,30,1,4,1,00:20,7,1,9
2023010470303,2023,010470303,1,1,1,1,30,6,3,0,0,0,0,0,3,4,E01001396,-1,0,0.0,1.0,-1,9,20,1,1,1,16:35,4,2,3
2023501314966,2023,501314966,2,1,1,1,17,4,2,0,0,0,0,0,2,5,E01020213,5,1,1.0,0.0,-1,3,40,1,1,1,09:10,4,2,2
2023401293606,2023,401293606,1,1,1,1,57,9,3,0,0,0,0,0,9,2,E01015749,3,1,0.0,1.0,-1,6,60,1,1,1,08:33,5,2,9