collision_index,collision_year,collision_ref_no,vehicle_reference,casualty_reference,casualty_class,sex_of_casualty,age_of_casualty,age_band_of_casualty,casualty_severity,pedestrian_location,pedestrian_movement,car_passenger,bus_or_coach_passenger,pedestrian_road_maintenance_worker,casualty_type,casualty_imd_decile,lsoa_of_casualty,enhanced_casualty_severity,casualty_injury_based,casualty_adjusted_severity_serious,casualty_adjusted_severity_slight,casualty_distance_banding,road_type,speed_limit,weather_conditions,light_conditions,road_surface_conditions,time,day_of_week,number_of_vehicles,vehicle_type
2023010452654,2023,010452654,3,1,2,1,32,6,3,0,0,0,4,0,11,9,E01033714,-1,0,0.0,1.0,-1,6,20,1,1,1,17:00,7,3,11
2023302300892,2023,302300892,2,1,1,-1,86,11,3,0,0,0,0,0,22,5,E01013595,-1,0,0.07084,0.92916,-1,6,30,1,1,1,10:40,5,2,22
2023010445128,2023,010445128,1,1,1,1,19,4,3,0,0,0,0,0,9,-1,-1,-1,0,0.0,1.0,-1,3,40,1,4,1,00:35,6,2,9
2023010450938,2023,010450938,1,1,2,2,43,7,3,0,0,2,0,0,9,1,E01000721,-1,0,0.0,1.0,-1,1,20,1,1,1,15:36,5,2,9
2023440313003,2023,440313003,1,1,1,1,17,4,3,0,0,0,0,0,3,3,E01022901,-1,0,0.11855,0.88145,-1,1,30,1,7,1,00:15,6,1,3
2023052302993,2023,052302993,2,1,3,1,62,9,3,8,9,0,0,0,0,-1,-1,-1,0,0.18559,0.81441,-1,6,20,1,1,1,13:00,6,2,9
2023010428084,2023,010428084,2,2,2,2,54,8,3,0,0,2,0,0,9,7,E01021556,-1,0,0.0,1.0,-1,3,70,1,4,1,18:52,1,6,9
2023111374029,2023,111374029,1,1,2,1,32,6,2,0,0,1,0,0,9,-1,-1,6,1,1.0,0.0,-1,6,60,2,1,5,11:55,2,1,9
2023201404993,2023,201404993,2,1,1,1,18,4,3,0,0,0,0,0,9,9,E01010154,3,1,0.0,1.0,-1,2,30,1,1,1,10:45,5,2,9
2023991269000,2023,991269000,1,1,3,1,14,3,2,5,1,0,0,0,0,-1,-1,7,1,1.0,0.0,-1,6,30,1,1,2,12:50,3,1,19
2023440030680,2023,440030680,1,1,3,1,18,4,3,6,9,0,0,0,0,10,E01023226,-1,0,0.03094,0.96906,-1,6,30,1,1,1,09:55,2,1,11
2023461369508,2023,461369508,2,1,1,2,22,5,2,0,0,0,0,0,1,6,E01024038,6,1,1.0,0.0,-1,6,60,1,6,1,17:56,1,3,1
2023010439145,2023,010439145,1,1,1,2,50,8,3,0,0,0,0,0,9,2,E01004723,-1,0,0.0,1.0,-1,3,20,1,1,1,13:20,2,2,9
2023010444628,2023,010444628,1,1,1,1,40,7,3,0,0,0,0,0,9,9,E01002225,-1,0,0.0,1.0,-1,6,30,1,1,1,10:32,4,2,9
2023170M11583,2023,170M11583,1,1,1,2,39,7,3,0,0,0,0,0,9,8,E01012062,-1,0,0.00717,0.99283,-1,6,30,1,1,1,14:55,1,2,9
2023201259854,2023,201259854,1,1,1,1,31,6,3,0,0,0,0,0,9,5,E01009882,3,1,0.0,1.0,-1,3,70,1,4,1,06:20,5,2,9
2023211332946,2023,211332946,1,1,1,1,46,8,3,0,0,0,0,0,9,1,E01009507,3,1,0.0,1.0,-1,6,30,2,1,2,19:05,7,2,9
2023351328463,2023,351328463,1,1,3,1,50,8,3,5,1,0,0,0,0,3,E01017978,3,1,0.0,1.0,-1,6,30,1,1,1,11:16,3,1,9
202360A050747,2023,60A050747,2,1,1,1,72,10,3,0,0,0,0,0,1,-1,-1,-1,0,0.19121,0.80879,-1,6,30,1,1,2,12:56,7,2,1
2023010444039,2023,010444039,1,1,1,1,62,9,3,0,0,0,0,0,4,6,E01023845,-1,0,0.0,1.0,-1,6,30,1,1,1,09:40,7,2,4
2023111260712,2023,111260712,1,1,1,1,28,6,2,0,0,0,0,0,4,1,E01020745,5,1,1.0,0.0,-1,6,30,1,4,1,16:15,6,2,4
2023010478313,2023,010478313,2,1,1,1,29,6,3,0,0,0,0,0,5,9,E01000351,-1,0,0.0,1.0,-1,7,50,8,1,2,08:30,5,2,5
2023010482525,2023,010482525,1,1,1,2,30,6,3,0,0,0,0,0,3,1,E01003515,-1,0,0.0,1.0,-1,9,20,9,7,9,18:40,3,2,3
2023052302947,2023,052302947,1,1,3,2,6,2,3,5,9,0,0,0,0,6,E01007065,-1,0,0.10222,0.89778,-1,6,30,1,1,1,11:15,7,1,9
2023122300844,2023,122300844,2,1,1,1,19,4,2,0,0,0,0,0,1,3,E01027612,-1,0,1.0,0.0,-1,9,30,1,1,1,09:13,7,2,1
2023471364303,2023,471364303,1,2,1,1,31,6,3,0,0,0,0,0,3,8,E01031617,3,1,0.0,1.0,-1,6,30,4,1,2,10:35,4,1,3
2023531360734,2023,531360734,1,1,1,1,90,11,3,0,0,0,0,0,3,8,E01022412,3,1,0.0,1.0,-1,6,30,1,1,1,14:25,1,3,3
2023010482119,2023,010482119,1,1,3,2,52,8,3,1,3,0,0,0,0,4,E01002583,-1,0,0.0,1.0,-1,3,40,2,7,2,07:18,3,1,19
2023361338291,2023,361338291,2,2,1,2,17,4,3,0,0,0,0,0,9,3,E01018083,3,1,0.0,1.0,-1,6,60,2,1,2,18:27,6,2,9
2023461379048,2023,461379048,1,1,1,2,34,6,3,0,0,0,0,0,9,9,E01024626,3,1,0.0,1.0,-1,6,30,1,1,1,09:54,1,3,9
2023221295231,2023,221295231,1,1,3,2,48,8,3,6,9,0,0,0,0,7,E01005057,3,1,0.0,1.0,-1,6,30,1,1,2,15:55,6,1,9
2023371388122,2023,371388122,1,1,3,1,9,2,3,5,9,0,0,0,0,-1,-1,3,1,0.0,1.0,-1,6,20,9,1,-1,15:20,5,1,9
2023622301067,2023,622301067,2,2,1,1,39,7,3,0,0,0,0,0,1,-1,-1,-1,0,0.10968,0.89032,-1,6,30,1,4,2,19:29,4,2,1
2023010421220,2023,010421220,1,1,2,2,83,11,3,0,0,0,2,0,11,7,E01000818,-1,0,0.0,1.0,-1,6,30,9,1,1,13:30,6,1,11
2023501332079,2023,501332079,1,1,1,2,25,5,3,0,0,0,0,0,9,8,E01018886,3,1,0.0,1.0,-1,6,60,1,6,1,04:06,7,1,9
2023631318684,2023,631318684,1,1,1,1,41,7,2,0,0,0,0,0,4,5,W01000551,5,1,1.0,0.0,-1,6,60,1,1,1,08:00,4,3,4
2023010432838,2023,010432838,1,1,1,1,57,9,3,0,0,0,0,0,1,4,E01002001,-1,0,0.0,1.0,-1,6,20,1,1,2,16:45,6,2,1
2023010473334,2023,010473334,2,1,1,1,46,8,3,0,0,0,0,0,3,7,E01003170,-1,0,0.0,1.0,-1,6,20,1,4,2,20:58,7,2,3
2023631352515,2023,631352515,2,1,1,1,72,10,1,0,0,0,0,0,5,8,E01028887,1,1,0.0,0.0,-1,6,60,1,1,1,13:58,4,2,5
2023010446379,2023,010446379,2,1,1,1,51,8,3,0,0,0,0,0,1,1,E01001765,-1,0,0.0,1.0,-1,6,20,1,1,1,17:28,5,2,1
2023010456699,2023,010456699,1,1,1,2,37,7,3,0,0,0,0,0,3,8,E01002975,-1,0,0.0,1.0,-1,6,20,2,1,2,15:36,7,2,3
2023031318190,2023,031318190,2,1,1,1,46,8,2,0,0,0,0,0,5,6,E01025418,7,1,1.0,0.0,-1,3,70,1,1,1,14:54,1,2,5
2023421347930,2023,421347930,1,1,2,2,81,11,2,0,0,0,0,0,5,7,E01021504,5,1,1.0,0.0,-1,6,60,1,1,1,12:59,7,1,5
2023010441182,2023,010441182,1,1,1,2,54,8,3,0,0,0,0,0,9,7,E01003682,-1,0,0.0,1.0,-1,1,40,1,1,1,18:55,5,2,9
2023141336240,2023,141336240,1,1,1,1,22,5,3,0,0,0,0,0,9,3,E01007632,3,1,0.0,1.0,-1,6,30,1,1,2,17:45,2,2,9
2023461324071,2023,461324071,2,1,1,2,48,8,3,0,0,0,0,0,9,-1,-1,3,1,0.0,1.0,-1,1,40,1,1,1,17:00,3,2,9
2023231356010,2023,231356010,2,1,1,2,26,6,3,0,0,0,0,0,9,4,E01031073,3,1,0.0,1.0,-1,6,30,1,1,1,08:34,5,2,9
2023430018130,2023,430018130,1,1,1,2,38,7,3,0,0,0,0,0,9,3,E01016486,-1,0,0.0318,0.9682,-1,6,30,1,1,1,08:13,6,2,9
2023010433821,2023,010433821,1,1,1,1,31,6,3,0,0,0,0,0,9,2,E01003239,-1,0,0.0,1.0,-1,3,30,2,1,2,16:00,5,2,9
2023131307048,2023,131307048,1,1,1,2,19,4,1,0,0,0,0,0,9,2,E01007636,1,1,0.0,0.0,-1,3,70,1,1,1,18:13,7,2,9
2023471299981,2023,471299981,2,2,1,1,22,5,3,0,0,0,0,0,9,8,E01002945,3,1,0.0,1.0,-1,3,70,2,4,2,21:45,1,2,9
2023010481465,2023,010481465,1,1,1,1,47,8,3,0,0,0,0,0,10,2,E01000603,-1,0,0.0,1.0,-1,3,30,1,4,4,04:25,7,2,10
2023010420673,2023,010420673,1,1,2,1,40,7,3,0,0,0,4,0,11,8,E01004075,-1,0,0.0,1.0,-1,6,20,2,4,2,15:39,3,1,11
2023010479404,2023,010479404,2,1,1,1,40,7,2,0,0,0,0,0,1,2,E01000935,-1,0,1.0,0.0,-1,6,20,4,4,1,22:00,3,2,1
2023010428774,2023,010428774,1,1,1,1,30,6,3,0,0,0,0,0,3,3,E01002100,-1,0,0.0,1.0,-1,9,20,1,1,1,15:30,4,2,3
2023520000205,2023,520000205,2,1,1,1,61,9,3,0,0,0,0,0,4,-1,-1,-1,0,0.19095,0.80905,-1,6,60,1,1,1,19:17,4,2,4
2023451294497,2023,451294497,2,1,1,1,37,7,3,0,0,0,0,0,5,-1,-1,3,1,0.0,1.0,-1,1,50,2,4,2,19:55,5,2,5
2023522301638,2023,522301638,1,1,1,1,30,6,3,0,0,0,0,0,8,3,E01014646,-1,0,0.02369,0.97631,-1,6,30,1,1,2,13:30,7,2,8
2023031322859,2023,031322859,1,1,1,1,28,6,3,0,0,0,0,0,9,-1,-1,3,1,0.0,1.0,-1,6,30,1,1,1,12:25,2,2,9
2023201312784,2023,201312784,1,5,2,2,39,7,3,0,0,1,0,0,9,1,E01009094,3,1,0.0,1.0,-1,6,30,1,1,1,10:21,1,4,9
2023991312431,2023,991312431,1,2,2,1,5,1,3,0,0,1,0,0,9,2,-1,3,1,0.0,1.0,-1,6,30,1,1,1,16:00,7,1,9
2023371361292,2023,371361292,2,1,1,1,37,7,2,0,0,0,0,0,1,8,E01030294,6,1,1.0,0.0,-1,6,50,1,6,1,19:00,2,2,1
2023070443542,2023,070443542,2,1,1,1,20,4,2,0,0,0,0,0,4,9,E01018737,-1,0,1.0,0.0,-1,6,40,1,1,1,18:36,4,2,4
2023320577398,2023,320577398,1,1,3,1,20,4,3,9,9,0,0,0,0,8,E01026269,-1,0,0.07021,0.92979,-1,6,30,1,1,1,09:00,5,1,19
2023461378340,2023,461378340,1,1,3,1,69,10,3,10,9,0,0,2,0,2,E01024584,3,1,0.0,1.0,-1,6,30,1,7,1,18:33,7,1,19
2023061310626,2023,061310626,2,1,1,1,21,5,3,0,0,0,0,0,1,-1,-1,3,1,0.0,1.0,-1,1,30,1,4,1,22:34,4,2,1
2023161370715,2023,161370715,1,1,2,2,24,5,3,0,0,1,0,0,8,5,E01033414,3,1,0.0,1.0,-1,6,30,5,4,2,18:50,7,2,8
2023440207365,2023,440207365,1,1,1,1,24,5,3,0,0,0,0,0,3,8,E01022628,-1,0,0.22821,0.77179,-1,6,60,1,1,1,18:00,5,2,3
2023010439687,2023,010439687,2,2,1,2,49,8,3,0,0,0,0,0,9,5,E01002262,-1,0,0.0,1.0,-1,6,30,8,1,1,14:00,4,2,9
2023061333173,2023,061333173,1,3,2,2,82,11,3,0,0,1,0,0,9,3,E01006035,3,1,0.0,1.0,-1,6,30,1,1,1,11:29,1,2,9
2023440076006,2023,440076006,1,1,3,2,26,6,3,5,2,0,0,0,0,6,E01017026,-1,0,0.16166,0.83834,-1,6,30,1,4,1,20:49,5,1,9
2023010466010,2023,010466010,2,1,1,1,28,6,2,0,0,0,0,0,1,10,E01030322,-1,0,1.0,0.0,-1,3,20,1,4,1,18:55,5,2,1
2023440346008,2023,440346008,1,1,1,1,29,6,2,0,0,0,0,0,5,3,E01017350,-1,0,1.0,0.0,-1,6,30,1,1,1,16:25,7,1,5
2023010439316,2023,010439316,1,1,3,1,27,6,3,5,1,0,0,0,0,3,E01001676,-1,0,0.0,1.0,-1,6,20,1,1,1,09:00,3,1,9
2023010440533,2023,010440533,1,1,3,2,58,9,3,5,4,0,0,0,0,2,E01001257,-1,0,0.0,1.0,-1,6,20,1,1,1,15:27,2,1,3
2023052302361,2023,052302361,2,1,1,1,48,8,2,0,0,0,0,0,3,2,E01007130,-1,0,1.0,0.0,-1,6,30,2,4,2,01:35,1,2,3
2023010457393,2023,010457393,2,2,1,2,60,9,3,0,0,0,0,0,9,1,E01000720,-1,0,0.0,1.0,-1,7,30,1,1,1,13:50,4,2,9
2023340WN0682,2023,340WN0682,1,1,1,2,51,8,3,0,0,0,0,0,9,1,E01013486,-1,0,0.13185,0.86815,-1,3,70,1,1,1,15:05,7,1,9
2023361347129,2023,361347129,1,2,1,1,77,11,3,0,0,0,0,0,9,8,E01026653,3,1,0.0,1.0,-1,6,40,1,1,1,10:06,5,2,9
2023401384308,2023,401384308,1,1,1,1,18,4,3,0,0,0,0,0,9,9,E01017381,3,1,0.0,1.0,-1,6,60,2,6,2,22:17,1,1,9
2023531342136,2023,531342136,1,1,1,1,19,4,3,0,0,0,0,0,9,9,E01022369,3,1,0.0,1.0,-1,6,30,1,1,1,06:30,4,2,9
2023522400783,2023,522400783,1,1,1,1,18,4,2,0,0,0,0,0,-1,6,E01014670,-1,0,1.0,0.0,-1,2,20,2,1,2,15:45,5,2,-1
2023111342084,2023,111342084,1,1,3,2,25,5,2,8,1,0,0,0,0,-1,-1,7,1,1.0,0.0,-1,6,30,2,1,2,17:51,3,1,9
2023302301272,2023,302301272,1,1,3,1,18,4,3,9,8,0,0,0,0,-1,-1,-1,0,0.10966,0.89034,-1,6,30,1,1,1,00:59,4,1,9
2023061342242,2023,061342242,2,1,1,1,-1,-1,3,0,0,0,0,0,1,1,E01005123,3,1,0.0,1.0,-1,9,30,9,1,1,15:00,7,2,1
2023010433714,2023,010433714,1,1,1,1,41,7,3,0,0,0,0,0,1,2,E01001113,-1,0,0.0,1.0,-1,6,30,1,4,2,19:00,4,3,1
2023041324228,2023,041324228,1,1,1,1,36,7,2,0,0,0,0,0,97,3,E01006338,7,1,1.0,0.0,-1,6,40,1,1,1,17:36,5,2,97
2023231341397,2023,231341397,2,1,1,2,34,6,3,0,0,0,0,0,-1,7,E01031140,3,1,0.0,1.0,-1,6,30,2,1,2,14:35,6,2,-1
2023010440190,2023,010440190,2,1,1,1,37,7,2,0,0,0,0,0,1,8,E01032620,-1,0,1.0,0.0,-1,3,20,1,1,1,15:05,7,2,1
2023311452333,2023,311452333,2,1,1,1,41,7,3,0,0,0,0,0,1,1,E01028001,3,1,0.0,1.0,-1,6,30,1,1,1,19:27,2,2,1
2023361363424,2023,361363424,1,1,1,1,20,4,2,0,0,0,0,0,1,9,E01026836,7,1,1.0,0.0,-1,6,30,1,1,1,08:56,5,2,1
2023421291562,2023,421291562,1,1,3,2,16,4,3,6,9,0,0,0,0,1,E01016006,3,1,0.0,1.0,-1,6,30,2,1,2,08:00,4,2,9
2023991302335,2023,991302335,2,4,2,1,14,3,3,0,0,0,0,0,19,4,-1,3,1,0.0,1.0,-1,6,60,1,1,2,18:00,6,2,19
2023440521766,2023,440521766,1,1,3,1,9,2,2,5,4,0,0,0,0,3,E01022732,-1,0,1.0,0.0,-1,6,30,1,1,1,12:23,6,1,9
2023332300695,2023,332300695,2,1,1,2,50,8,3,0,0,0,0,0,9,5,E01013767,-1,0,0.02614,0.97386,-1,6,30,2,1,2,19:41,3,2,9
2023351364145,2023,351364145,2,2,2,1,36,7,3,0,0,1,0,0,9,2,E01021278,3,1,0.0,1.0,-1,3,70,1,1,1,11:59,6,2,9
2023010460062,2023,010460062,1,1,3,1,12,3,2,1,1,0,0,0,0,-1,-1,-1,0,1.0,0.0,-1,6,20,1,1,1,14:00,6,1,11
2023052300133,2023,052300133,1,1,3,1,38,7,3,6,9,0,0,0,0,10,E01007261,-1,0,0.08167,0.91833,-1,6,30,1,1,1,15:38,6,1,9
2023991276706,2023,991276706,1,1,1,1,27,6,2,0,0,0,0,0,5,3,-1,7,1,1.0,0.0,-1,6,30,1,1,1,14:30,2,1,5
2023010482673,2023,010482673,1,1,3,2,25,5,3,5,1,0,0,0,0,4,E01003560,-1,0,0.0,1.0,-1,6,20,1,1,1,10:50,4,1,9
2023010441306,2023,010441306,1,1,1,1,28,6,3,0,0,0,0,0,1,-1,-1,-1,0,0.0,1.0,-1,6,20,1,1,1,12:50,6,2,1
2023211306936,2023,211306936,1,1,1,1,-1,-1,3,0,0,0,0,0,1,-1,-1,3,1,0.0,1.0,-1,6,40,1,1,-1,14:35,4,2,1
2023010441489,2023,010441489,1,1,2,2,33,6,3,0,0,0,0,0,8,5,E01001301,-1,0,0.0,1.0,-1,3,50,1,1,1,19:00,5,2,8
2023221296159,2023,221296159,2,4,2,2,12,3,3,0,0,1,0,0,9,6,E01032283,3,1,0.0,1.0,-1,6,30,1,1,1,13:30,4,2,9
2023531286951,2023,531286951,1,1,1,2,21,5,2,0,0,0,0,0,9,9,E01028648,7,1,1.0,0.0,-1,6,60,1,1,4,06:40,4,1,9
2023041315220,2023,041315220,1,2,1,2,11,3,3,0,0,0,0,0,-1,1,E01025045,3,1,0.0,1.0,-1,6,30,1,1,1,17:45,2,3,-1
2023010444722,2023,010444722,1,1,3,2,60,9,3,10,9,0,0,0,0,6,E01000161,-1,0,0.0,1.0,-1,3,30,1,1,1,19:06,3,1,9
2023010464310,2023,010464310,1,1,1,1,47,8,3,0,0,0,0,0,9,6,E01002353,-1,0,0.0,1.0,-1,1,20,1,4,1,21:10,2,2,9
2023421386180,2023,421386180,1,2,2,2,4,1,3,0,0,2,0,0,9,2,E01021686,3,1,0.0,1.0,-1,6,30,1,4,1,21:22,1,3,9
2023010423079,2023,010423079,1,1,1,1,21,5,3,0,0,0,0,0,3,2,E01002872,-1,0,0.0,1.0,-1,6,20,8,1,4,12:50,2,2,3
2023131366956,2023,131366956,1,1,3,2,0,1,3,8,1,0,0,1,0,8,E01032945,3,1,0.0,1.0,-1,3,30,4,4,1,17:30,3,1,9
2023340WN0292,2023,340WN0292,1,1,3,1,71,10,2,8,7,0,0,0,0,-1,-1,-1,0,1.0,0.0,-1,3,30,1,4,1,18:25,2,1,9
2023010429528,2023,010429528,2,1,1,1,22,5,3,0,0,0,0,0,3,2,E01001246,-1,0,0.0,1.0,-1,6,20,1,1,1,16:30,2,2,3
2023010446598,2023,010446598,2,1,1,1,22,5,2,0,0,0,0,0,2,4,E01003317,-1,0,1.0,0.0,-1,7,30,1,1,1,20:18,6,2,2
2023421329181,2023,421329181,1,1,1,1,23,5,2,0,0,0,0,0,3,1,E01016006,7,1,1.0,0.0,-1,6,30,1,1,1,17:00,5,1,3
2023101401333,2023,101401333,1,1,3,1,25,5,3,8,5,0,0,0,0,4,E01008347,3,1,0.0,1.0,-1,6,30,2,1,2,12:41,6,1,9
2023631372675,2023,631372675,1,1,1,2,38,7,3,0,0,0,0,0,9,5,W01000531,3,1,0.0,1.0,-1,6,50,8,1,2,15:40,5,2,9
2023061278852,2023,061278852,1,1,3,1,35,6,3,6,9,0,0,0,0,9,E01006301,3,1,0.0,1.0,-1,6,30,1,4,1,23:30,1,1,9
2023501277751,2023,501277751,1,1,3,1,75,10,3,1,1,0,0,2,0,5,E01018835,3,1,0.0,1.0,-1,6,20,1,5,2,21:05,6,1,9
2023010470182,2023,010470182,1,1,1,1,24,5,3,0,0,0,0,0,2,2,E01004341,-1,0,0.0,1.0,-1,3,30,1,1,1,17:05,5,2,2
2023010423802,2023,010423802,1,1,1,1,58,9,3,0,0,0,0,0,3,3,E01002772,-1,0,0.0,1.0,-1,9,20,1,4,1,00:02,7,1,3
2023141262816,2023,141262816,2,1,3,2,34,6,3,9,5,0,0,0,0,2,E01007804,3,1,0.0,1.0,-1,6,30,4,1,1,08:45,6,2,9
2023371276937,2023,371276937,1,1,3,2,71,10,3,1,3,0,0,0,0,2,E01022006,3,1,0.0,1.0,-1,6,30,1,1,1,11:30,5,1,9
2023991266172,2023,991266172,1,1,3,1,16,4,2,4,1,0,0,2,0,4,-1,5,1,1.0,0.0,-1,3,30,1,4,2,20:10,6,1,9
2023481371506,2023,481371506,2,1,1,1,38,7,3,0,0,0,0,0,1,-1,-1,3,1,0.0,1.0,-1,6,20,1,1,1,09:00,2,2,1
2023531349707,2023,531349707,2,1,1,1,50,8,2,0,0,0,0,0,1,7,E01022248,5,1,1.0,0.0,-1,6,50,1,1,1,14:30,4,2,1
2023010475522,2023,010475522,1,1,3,1,62,9,2,8,3,0,0,0,0,3,E01002540,-1,0,1.0,0.0,-1,6,20,2,4,2,16:44,5,1,9
2023010453834,2023,010453834,1,1,3,2,54,8,2,1,9,0,0,0,0,10,E01000767,-1,0,1.0,0.0,-1,3,30,1,1,1,16:53,6,1,9
2023122300120,2023,122300120,1,1,3,2,40,7,3,5,1,0,0,0,0,-1,-1,-1,0,0.03767,0.96233,-1,6,30,1,1,1,08:45,3,1,9
2023101278348,2023,101278348,2,1,1,2,35,6,3,0,0,0,0,0,9,2,E01008812,3,1,0.0,1.0,-1,6,30,1,1,1,12:00,7,2,9
2023421308021,2023,421308021,3,2,1,1,25,5,3,0,0,0,0,0,9,7,E01000786,3,1,0.0,1.0,-1,3,70,1,1,1,07:41,3,5,9
2023052300957,2023,052300957,2,2,1,1,37,7,3,0,0,0,0,0,9,4,E01025508,-1,0,0.03458,0.96542,-1,6,20,1,1,1,12:15,4,2,9
2023141359880,2023,141359880,1,1,1,2,38,7,3,0,0,0,0,0,9,1,E01007716,3,1,0.0,1.0,-1,6,30,1,1,2,12:10,5,2,9
2023320384382,2023,320384382,1,3,2,2,30,6,2,0,0,2,0,0,9,3,E01019810,-1,0,1.0,0.0,-1,6,60,1,1,1,20:40,5,1,9
2023451391716,2023,451391716,5,1,1,1,66,10,3,0,0,0,0,0,9,8,E01032831,3,1,0.0,1.0,-1,3,70,1,1,1,10:30,7,5,9
2023471319797,2023,471319797,5,1,1,1,20,4,3,0,0,0,0,0,9,7,E01021205,3,1,0.0,1.0,-1,1,60,1,1,1,08:45,7,5,9
2023520301239,2023,520301239,1,1,2,2,20,4,2,0,0,2,0,0,9,5,E01029143,-1,0,1.0,0.0,-1,6,60,9,6,1,02:00,1,1,9
2023610034623,2023,610034623,2,2,2,2,79,11,3,0,0,2,0,0,9,-1,-1,-1,0,0.17889,0.82111,-1,6,60,1,1,1,16:19,4,2,9
2023501379017,2023,501379017,1,1,1,1,17,4,3,0,0,0,0,0,9,5,E01020177,3,1,0.0,1.0,-1,6,60,2,1,2,08:28,1,1,9
2023531269217,2023,531269217,2,1,1,2,31,6,3,0,0,0,0,0,9,4,E01022161,3,1,0.0,1.0,-1,1,40,1,1,1,08:55,6,2,9
2023371317009,2023,371317009,2,3,2,1,5,1,3,0,0,2,0,0,9,4,E01030251,3,1,0.0,1.0,-1,6,60,1,1,1,10:20,3,2,9
2023421260873,2023,421260873,1,2,2,1,26,6,2,0,0,1,0,0,9,5,E01033459,7,1,1.0,0.0,-1,6,60,1,1,1,12:52,1,3,9
2023461367634,2023,461367634,2,1,1,2,23,5,3,0,0,0,0,0,9,10,E01016092,3,1,0.0,1.0,-1,1,30,2,1,2,12:00,2,2,9
2023010434734,2023,010434734,1,1,1,1,41,7,3,0,0,0,0,0,19,3,E01001764,-1,0,0.0,1.0,-1,6,20,1,1,2,15:56,3,2,19
2023201284339,2023,201284339,1,1,1,1,62,9,2,0,0,0,0,0,19,9,E01010328,7,1,1.0,0.0,-1,6,30,2,1,2,15:13,1,1,19
2023421366052,2023,421366052,1,1,1,1,14,3,3,0,0,0,0,0,-1,9,E01021825,3,1,0.0,1.0,-1,9,20,9,4,1,18:28,3,2,-1
2023131285660,2023,131285660,1,1,3,1,60,9,3,8,8,0,0,2,0,3,E01028111,3,1,0.0,1.0,-1,6,30,1,1,1,12:02,7,1,9
2023610030223,2023,610030223,2,1,1,1,15,3,3,0,0,0,0,0,1,2,W01001393,-1,0,0.16121,0.83879,-1,6,30,1,1,2,18:11,7,2,1
2023010461488,2023,010461488,2,1,1,1,26,6,3,0,0,0,0,0,3,2,E01004365,-1,0,0.0,1.0,-1,3,20,1,4,1,01:25,1,2,3
2023522301697,2023,522301697,1,1,1,1,43,7,2,0,0,0,0,0,4,9,E01014747,-1,0,1.0,0.0,-1,6,40,1,1,1,09:20,5,2,4
202360A200598,2023,60A200598,1,1,3,2,23,5,3,1,3,0,0,0,0,-1,-1,-1,0,0.19883,0.80117,-1,6,20,1,4,1,00:02,7,1,9
2023311338375,2023,311338375,2,1,1,1,23,5,2,0,0,0,0,0,-1,2,E01013853,6,1,1.0,0.0,-1,6,20,1,1,1,18:35,6,2,-1
2023122301321,2023,122301321,2,5,2,2,11,3,3,0,0,2,0,0,9,7,E01027753,-1,0,0.05016,0.94984,-1,6,60,2,6,2,16:26,1,2,9
2023221340468,2023,221340468,3,4,1,1,33,6,3,0,0,0,0,0,9,4,E01032342,3,1,0.0,1.0,-1,6,60,1,1,1,20:30,5,4,9
2023401369027,2023,401369027,1,1,1,1,43,7,3,0,0,0,0,0,9,7,E01015695,3,1,0.0,1.0,-1,1,30,1,4,1,18:24,5,2,9
2023221270261,2023,221270261,1,1,3,1,80,11,3,5,1,0,0,0,0,1,E01032331,3,1,0.0,1.0,-1,2,30,1,1,2,12:35,6,1,9
2023010422016,2023,010422016,1,1,1,2,54,8,3,0,0,0,0,0,9,1,E01000595,-1,0,0.0,1.0,-1,6,30,1,1,4,11:37,4,2,9
2023010433842,2023,010433842,1,1,1,2,39,7,3,0,0,0,0,0,9,4,E01016705,-1,0,0.0,1.0,-1,6,20,5,4,2,17:27,5,3,9
2023101367526,2023,101367526,4,4,2,2,8,2,3,0,0,2,0,0,9,-1,-1,3,1,0.0,1.0,-1,3,70,2,1,2,17:00,5,4,9
2023010445417,2023,010445417,1,1,1,1,30,6,3,0,0,0,0,0,3,5,E01003131,-1,0,0.0,1.0,-1,9,30,9,1,9,18:01,6,2,3
2023010434122,2023,010434122,1,1,1,2,39,7,2,0,0,0,0,0,5,3,E01004123,-1,0,1.0,0.0,-1,1,30,1,1,1,09:27,7,2,5
2023531314325,2023,531314325,2,1,1,1,52,8,2,0,0,0,0,0,5,10,E01022297,7,1,1.0,0.0,-1,1,40,1,1,1,16:19,5,2,5
2023351316213,2023,351316213,1,1,1,1,78,11,3,0,0,0,0,0,9,8,E01015629,3,1,0.0,1.0,-1,6,30,1,1,1,16:26,6,1,9
2023361333660,2023,361333660,1,1,1,2,43,7,2,0,0,0,0,0,9,7,E01026461,7,1,1.0,0.0,-1,6,30,1,1,1,19:41,2,1,9
2023430510692,2023,430510692,2,1,1,2,30,6,3,0,0,0,0,0,9,10,E01016767,-1,0,0.00343,0.99657,-1,3,70,1,1,1,13:25,2,2,9
2023461325800,2023,461325800,2,1,1,2,42,7,3,0,0,0,0,0,9,5,E01016157,3,1,0.0,1.0,-1,6,30,1,1,1,09:30,2,2,9
2023501384173,2023,501384173,1,1,1,2,18,4,3,0,0,0,0,0,9,4,E01018887,3,1,0.0,1.0,-1,6,30,2,6,2,05:24,6,1,9
2023221295657,2023,221295657,2,1,1,1,16,4,2,0,0,0,0,0,4,3,E01008977,7,1,1.0,0.0,-1,1,30,2,4,2,19:55,4,2,4