collision_index,collision_year,collision_ref_no,vehicle_reference,casualty_reference,casualty_class,sex_of_casualty,age_of_casualty,age_band_of_casualty,casualty_severity,pedestrian_location,pedestrian_movement,car_passenger,bus_or_coach_passenger,pedestrian_road_maintenance_worker,casualty_type,casualty_imd_decile,lsoa_of_casualty,enhanced_casualty_severity,casualty_injury_based,casualty_adjusted_severity_serious,casualty_adjusted_severity_slight,casualty_distance_banding,road_type,speed_limit,weather_conditions,light_conditions,road_surface_conditions,time,day_of_week,number_of_vehicles,vehicle_type
2023501298056,2023,501298056,1,1,3,1,48,8,2,5,1,0,0,0,0,-1,-1,7,1,1.0,0.0,-1,6,30,1,4,1,22:50,7,2,9
2023010481715,2023,010481715,1,1,1,1,30,6,3,0,0,0,0,0,2,5,E01003411,-1,0,0.0,1.0,-1,6,20,1,1,2,13:45,1,2,2
2023440291917,2023,440291917,1,1,3,1,10,2,3,6,7,0,0,0,0,6,E01023065,-1,0,0.05778,0.94222,-1,6,30,1,1,1,08:20,4,1,19
2023061388790,2023,061388790,2,2,1,1,27,6,3,0,0,0,0,0,19,8,E01006281,3,1,0.0,1.0,-1,6,40,1,1,1,16:10,6,3,19
2023131323788,2023,131323788,1,1,3,2,13,3,3,5,1,0,0,2,0,5,E01011124,3,1,0.0,1.0,-1,6,30,1,1,1,14:58,3,1,9
2023010426614,2023,010426614,1,1,1,2,53,8,3,0,0,0,0,0,1,9,E01003808,-1,0,0.0,1.0,-1,6,20,8,4,1,17:10,6,2,1
2023421355908,2023,421355908,2,2,1,1,60,9,3,0,0,0,0,0,8,1,E01015867,3,1,0.0,1.0,-1,3,30,9,1,1,06:38,5,2,8
2023201298491,2023,201298491,2,1,1,1,40,7,3,0,0,0,0,0,1,1,E01009301,3,1,0.0,1.0,-1,1,30,1,1,2,05:27,3,2,1
2023041304923,2023,041304923,3,1,1,1,61,9,3,0,0,0,0,0,9,1,E01005581,3,1,0.0,1.0,-1,6,40,1,1,1,18:29,1,3,9
2023041360358,2023,041360358,2,2,2,1,32,6,3,0,0,1,0,0,9,3,E01025397,3,1,0.0,1.0,-1,6,40,2,4,2,20:45,6,2,9
2023440000881,2023,440000881,1,1,1,1,48,8,3,0,0,0,0,0,9,5,E01022781,-1,0,0.12392,0.87608,-1,3,70,2,6,2,19:05,1,1,9
2023461326153,2023,461326153,1,1,1,2,18,4,2,0,0,0,0,0,9,5,E01024788,7,1,1.0,0.0,-1,6,30,1,1,2,07:05,7,1,9
2023010464856,2023,010464856,1,1,2,1,61,9,3,0,0,0,3,0,11,-1,-1,-1,0,0.0,1.0,-1,6,20,1,1,1,16:55,6,1,11
2023010435106,2023,010435106,1,1,1,1,19,4,3,0,0,0,0,0,9,4,E01023260,-1,0,0.0,1.0,-1,6,30,2,4,2,01:30,6,2,9
2023041362241,2023,041362241,1,2,2,2,6,2,3,0,0,2,0,0,9,5,E01025605,3,1,0.0,1.0,-1,6,20,1,1,1,16:00,5,2,9
2023061362359,2023,061362359,1,1,1,2,42,7,3,0,0,0,0,0,9,-1,-1,3,1,0.0,1.0,-1,7,50,2,1,2,06:40,6,2,9
2023440505674,2023,440505674,2,2,2,1,18,4,3,0,0,1,0,0,9,7,E01022561,-1,0,0.085,0.915,-1,6,60,1,6,2,16:14,2,2,9
2023552301427,2023,552301427,2,1,1,1,68,10,3,0,0,0,0,0,9,6,E01020533,-1,0,0.01684,0.98316,-1,6,30,1,1,1,11:50,2,2,9
2023622300454,2023,622300454,1,1,1,1,25,5,3,0,0,0,0,0,9,7,W01000997,-1,0,0.08005,0.91995,-1,3,50,1,1,1,18:01,1,1,9
2023451392091,2023,451392091,2,1,1,1,35,6,3,0,0,0,0,0,9,10,E01001108,3,1,0.0,1.0,-1,6,40,1,1,2,08:41,3,2,9
2023501282472,2023,501282472,1,1,1,2,18,4,3,0,0,0,0,0,9,5,E01020137,3,1,0.0,1.0,-1,6,60,1,6,1,21:00,5,1,9
2023501351406,2023,501351406,2,2,2,2,26,6,3,0,0,2,0,0,9,-1,-1,3,1,0.0,1.0,-1,6,30,1,1,1,16:20,1,3,9
2023461287749,2023,461287749,3,1,1,2,37,7,3,0,0,0,0,0,9,6,E01023988,3,1,0.0,1.0,-1,6,50,2,1,2,15:12,5,3,9
2023471379192,2023,471379192,1,1,1,1,74,10,3,0,0,0,0,0,9,7,E01021130,3,1,0.0,1.0,-1,6,60,2,6,5,20:41,1,1,9
2023122300628,2023,122300628,1,1,1,1,31,6,3,0,0,0,0,0,9,6,E01027744,-1,0,0.1455,0.8545,-1,6,60,1,6,1,03:32,6,1,9
2023351309162,2023,351309162,4,3,2,1,-1,-1,3,0,0,2,0,0,9,6,E01026904,3,1,0.0,1.0,-1,3,70,1,1,1,17:24,5,7,9
2023010446161,2023,010446161,1,1,1,2,32,6,3,0,0,0,0,0,9,3,E01001263,-1,0,0.0,1.0,-1,2,30,8,1,1,11:20,6,2,9
2023201277651,2023,201277651,2,1,2,2,19,4,3,0,0,1,0,0,9,-1,-1,3,1,0.0,1.0,-1,6,30,1,4,1,23:11,7,2,9
2023052302727,2023,052302727,1,1,1,2,84,11,3,0,0,0,0,0,9,6,E01007194,-1,0,0.11869,0.88131,-1,6,40,1,1,1,10:20,3,2,9
2023461310380,2023,461310380,1,1,1,1,60,9,2,0,0,0,0,0,9,1,E01024295,6,1,1.0,0.0,-1,6,40,1,1,1,07:10,3,2,9
2023332301154,2023,332301154,1,1,1,1,18,4,3,0,0,0,0,0,9,5,E01028980,-1,0,0.07838,0.92162,-1,6,60,1,6,2,21:00,7,1,9
2023010469350,2023,010469350,1,1,1,2,54,8,3,0,0,0,0,0,9,2,E01004332,-1,0,0.0,1.0,-1,1,40,8,1,1,18:45,7,2,9
2023552300367,2023,552300367,2,3,1,2,17,4,3,0,0,0,0,0,9,10,E01020525,-1,0,0.05504,0.94496,-1,6,60,2,1,2,08:39,4,2,9
2023201276518,2023,201276518,1,1,3,2,-1,-1,3,5,1,0,0,2,0,2,E01010261,3,1,0.0,1.0,-1,6,30,1,1,1,15:28,4,1,9
2023201323920,2023,201323920,2,1,1,1,12,3,3,0,0,0,0,0,1,1,E01009047,3,1,0.0,1.0,-1,1,30,1,1,1,15:18,3,2,1
2023552300697,2023,552300697,1,1,3,1,57,9,3,5,2,0,0,0,0,7,E01020422,-1,0,0.17549,0.82451,-1,6,30,1,1,1,15:51,4,1,9
2023131384798,2023,131384798,2,1,1,1,33,6,3,0,0,0,0,0,1,4,E01011678,3,1,0.0,1.0,-1,6,30,2,4,2,16:52,7,2,1
2023471380032,2023,471380032,1,1,1,1,38,7,2,0,0,0,0,0,3,4,E01031575,5,1,1.0,0.0,-1,6,30,1,1,2,11:35,3,2,3
2023041374127,2023,041374127,1,1,3,2,71,10,3,8,5,0,0,0,0,8,E01025010,3,1,0.0,1.0,-1,6,30,1,4,2,17:39,2,1,9
202360A033061,2023,60A033061,1,1,3,1,15,3,3,9,5,0,0,0,0,-1,-1,-1,0,0.16351,0.83649,-1,6,30,2,1,2,15:22,2,1,9
2023361376345,2023,361376345,2,1,1,1,36,7,2,0,0,0,0,0,-1,4,E01026846,7,1,1.0,0.0,-1,6,30,2,4,2,17:00,5,2,-1
2023031387914,2023,031387914,1,1,2,2,53,8,3,0,0,1,0,0,9,4,E01019389,3,1,0.0,1.0,-1,6,30,1,6,1,18:28,4,2,9
2023010440996,2023,010440996,1,1,3,1,15,3,3,5,3,0,0,0,0,4,E01023296,-1,0,0.0,1.0,-1,6,20,1,1,1,18:07,4,1,19
2023451309649,2023,451309649,1,1,3,1,44,7,1,10,9,0,0,0,0,10,E01030607,1,1,0.0,0.0,-1,6,30,1,4,1,00:05,1,1,9
2023430381413,2023,430381413,1,1,2,2,24,5,3,0,0,2,0,0,8,9,E01028754,-1,0,0.04659,0.95341,-1,6,40,1,1,1,15:20,6,2,8
2023201398866,2023,201398866,1,1,1,1,39,7,3,0,0,0,0,0,9,1,E01010366,3,1,0.0,1.0,-1,6,30,2,4,2,02:30,1,1,9
2023141391138,2023,141391138,1,1,2,2,78,11,3,0,0,0,4,0,11,9,E01007897,3,1,0.0,1.0,-1,6,30,1,1,1,11:40,3,2,11
2023041353183,2023,041353183,2,2,1,1,53,8,3,0,0,0,0,0,9,5,E01025190,3,1,0.0,1.0,-1,3,30,1,1,1,19:15,4,2,9
2023101313764,2023,101313764,1,1,2,1,50,8,3,0,0,1,0,0,9,-1,-1,3,1,0.0,1.0,-1,9,30,1,1,1,13:28,2,2,9
2023161291832,2023,161291832,1,1,1,2,83,11,3,0,0,0,0,0,9,10,E01013118,3,1,0.0,1.0,-1,6,30,2,1,2,15:03,4,2,9
2023231285457,2023,231285457,2,3,2,2,60,9,3,0,0,1,0,0,9,4,E01031008,3,1,0.0,1.0,-1,3,30,1,1,1,16:59,7,2,9
2023302301135,2023,302301135,2,2,1,2,26,6,3,0,0,0,0,0,9,2,E01013585,-1,0,0.02923,0.97077,-1,1,30,1,4,1,21:00,2,2,9
202354C788923,2023,54C788923,2,1,1,1,27,6,3,0,0,0,0,0,19,9,E01032099,-1,0,0.02769,0.97231,-1,6,60,7,1,4,12:30,7,2,19
2023010426548,2023,010426548,1,1,3,1,35,6,2,9,9,0,0,0,0,1,E01004732,-1,0,1.0,0.0,-1,6,20,1,4,1,22:09,6,1,9
2023231319278,2023,231319278,1,1,3,1,83,11,2,5,1,0,0,0,0,9,E01031237,5,1,1.0,0.0,-1,6,30,1,1,1,10:13,6,1,21
2023411301131,2023,411301131,1,1,1,1,14,3,2,0,0,0,0,0,1,10,E01023742,7,1,1.0,0.0,-1,6,30,1,1,1,08:30,5,2,1
2023010437776,2023,010437776,1,1,1,1,53,8,3,0,0,0,0,0,9,4,E01003278,-1,0,0.0,1.0,-1,6,30,2,4,2,21:45,6,2,9
2023201288921,2023,201288921,1,1,1,1,29,6,3,0,0,0,0,0,9,2,E01009758,3,1,0.0,1.0,-1,6,30,1,4,1,22:30,4,2,9
2023461323864,2023,461323864,1,2,2,2,5,1,3,0,0,0,0,0,9,10,E01024233,3,1,0.0,1.0,-1,3,70,1,1,1,17:53,3,1,9
2023201371630,2023,201371630,2,2,2,1,64,9,3,0,0,0,4,0,11,2,E01009050,3,1,0.0,1.0,-1,6,30,2,4,2,06:24,2,2,11
2023351346872,2023,351346872,1,2,2,2,7,2,3,0,0,2,0,0,9,7,E01023398,3,1,0.0,1.0,-1,3,70,1,1,1,18:05,3,3,9
2023622300831,2023,622300831,1,1,2,1,36,7,2,0,0,0,0,0,97,9,W01001170,-1,0,1.0,0.0,-1,6,20,2,4,2,18:54,7,1,97
2023311283726,2023,311283726,2,3,2,2,11,3,3,0,0,1,0,0,9,9,E01028241,3,1,0.0,1.0,-1,6,30,9,1,1,15:20,2,2,9
2023010449948,2023,010449948,2,3,1,2,25,5,3,0,0,0,0,0,9,-1,-1,-1,0,0.0,1.0,-1,7,30,1,4,2,20:55,1,2,9
2023010452000,2023,010452000,1,1,1,1,49,8,3,0,0,0,0,0,9,3,E01017619,-1,0,0.0,1.0,-1,7,30,1,1,1,14:34,3,2,9
2023201360173,2023,201360173,1,2,2,2,89,11,3,0,0,2,0,0,9,7,E01009318,3,1,0.0,1.0,-1,3,60,2,1,2,19:39,4,2,9
2023471316131,2023,471316131,1,2,1,2,17,4,3,0,0,0,0,0,9,6,E01031817,3,1,0.0,1.0,-1,6,30,8,6,1,01:10,3,1,9
2023501290547,2023,501290547,1,1,1,1,24,5,2,0,0,0,0,0,9,3,E01019991,5,1,1.0,0.0,-1,3,70,2,6,2,22:12,7,1,9
2023010435661,2023,010435661,1,1,1,1,31,6,3,0,0,0,0,0,3,6,E01001573,-1,0,0.0,1.0,-1,6,20,1,1,1,16:40,5,2,3
2023010420403,2023,010420403,1,1,1,2,27,6,3,0,0,0,0,0,3,7,E01003283,-1,0,0.0,1.0,-1,6,30,1,1,1,11:00,2,2,3
2023010451274,2023,010451274,1,1,1,1,17,4,2,0,0,0,0,0,3,1,E01003060,-1,0,1.0,0.0,-1,1,30,1,1,1,23:24,7,2,3
2023501342782,2023,501342782,1,1,3,2,51,8,3,5,1,0,0,-1,0,-1,-1,3,1,0.0,1.0,-1,6,30,1,4,1,23:50,7,1,9
2023131376445,2023,131376445,2,1,1,1,23,5,3,0,0,0,0,0,1,6,E01010920,3,1,0.0,1.0,-1,6,30,2,7,2,15:23,1,2,1
2023010428313,2023,010428313,2,1,1,1,23,5,3,0,0,0,0,0,3,4,E01003919,-1,0,0.0,1.0,-1,6,30,1,4,1,19:35,2,2,3
2023122301259,2023,122301259,1,2,3,1,45,7,3,4,4,0,0,0,0,5,E01027649,-1,0,0.04318,0.95682,-1,6,30,2,7,2,19:48,7,1,9
2023010460138,2023,010460138,2,1,1,2,45,7,3,0,0,0,0,0,9,1,E01002280,-1,0,0.0,1.0,-1,1,50,1,1,1,17:26,6,2,9
2023531339983,2023,531339983,2,3,2,2,19,4,3,0,0,2,0,0,8,4,E01022365,3,1,0.0,1.0,-1,6,40,2,1,2,17:00,2,2,8
2023421363686,2023,421363686,2,1,1,2,48,8,3,0,0,0,0,0,9,10,E01021252,3,1,0.0,1.0,-1,6,30,1,1,1,13:45,7,2,9
2023542533523,2023,542533523,1,1,1,1,18,4,3,0,0,0,0,0,9,10,E01032080,-1,0,0.08977,0.91023,-1,6,60,1,6,1,22:25,1,1,9
2023991378160,2023,991378160,1,2,1,2,39,7,3,0,0,0,0,0,9,-1,-1,3,1,0.0,1.0,-1,6,40,1,1,2,15:00,5,2,9
2023440041196,2023,440041196,1,1,1,1,60,9,3,0,0,0,0,0,9,4,E01015326,-1,0,0.07993,0.92007,-1,6,40,1,4,1,07:41,3,2,9
2023471341721,2023,471341721,2,2,1,1,65,9,3,0,0,0,0,0,9,1,E01020920,3,1,0.0,1.0,-1,1,30,1,4,1,04:15,3,2,9
2023461338395,2023,461338395,2,1,1,1,26,6,3,0,0,0,0,0,19,5,E01024594,3,1,0.0,1.0,-1,6,40,1,1,2,07:25,2,2,19
2023010471046,2023,010471046,1,2,2,-1,-1,-1,3,0,0,1,0,0,9,4,E01001222,-1,0,0.0,1.0,-1,6,20,1,4,1,19:53,6,2,9
2023461293639,2023,461293639,1,1,1,2,48,8,3,0,0,0,0,0,9,10,E01024644,3,1,0.0,1.0,-1,6,30,1,1,2,11:07,4,2,9
2023631389070,2023,631389070,1,1,1,2,27,6,3,0,0,0,0,0,9,5,W01000971,3,1,0.0,1.0,-1,1,40,1,1,1,12:30,7,2,9
2023991379216,2023,991379216,1,1,2,1,34,6,2,0,0,1,0,0,9,2,-1,5,1,1.0,0.0,-1,6,60,2,6,2,18:05,1,1,9
2023061359578,2023,061359578,1,2,2,2,27,6,3,0,0,1,0,0,9,6,E01026348,3,1,0.0,1.0,-1,3,70,2,1,2,17:55,7,1,9
2023141350658,2023,141350658,1,3,2,2,6,2,3,0,0,2,0,0,9,5,E01007608,3,1,0.0,1.0,-1,7,70,1,1,1,16:30,6,2,9
2023461361075,2023,461361075,2,3,2,1,8,2,3,0,0,2,0,0,9,-1,-1,3,1,0.0,1.0,-1,6,40,1,1,1,23:06,6,2,9
2023201295620,2023,201295620,2,1,1,2,33,6,3,0,0,0,0,0,9,-1,-1,3,1,0.0,1.0,-1,6,30,2,1,2,16:30,7,2,9
2023411380493,2023,411380493,1,1,1,2,51,8,3,0,0,0,0,0,9,8,E01017444,3,1,0.0,1.0,-1,3,60,1,1,1,07:26,4,2,9
2023421399917,2023,421399917,2,1,2,2,22,5,3,0,0,1,0,0,9,-1,-1,3,1,0.0,1.0,-1,6,30,1,7,1,00:15,6,2,9
2023501364419,2023,501364419,2,2,1,2,26,6,3,0,0,0,0,0,9,4,E01018754,3,1,0.0,1.0,-1,3,70,1,1,1,17:04,4,2,9
2023221386476,2023,221386476,2,2,1,2,48,8,2,0,0,0,0,0,19,7,E01028941,6,1,1.0,0.0,-1,6,60,2,1,2,10:16,7,2,19
2023131386427,2023,131386427,1,2,1,1,51,8,3,0,0,0,0,0,9,6,E01010816,3,1,0.0,1.0,-1,6,40,1,4,2,05:57,2,2,9
2023201396092,2023,201396092,1,1,1,1,25,5,3,0,0,0,0,0,9,-1,-1,3,1,0.0,1.0,-1,6,30,1,1,2,19:20,1,2,9
2023332300496,2023,332300496,1,1,1,1,24,5,3,0,0,0,0,0,9,3,E01013613,-1,0,0.02203,0.97797,-1,6,30,1,1,1,18:35,4,2,9
2023471335481,2023,471335481,2,1,2,2,55,8,3,0,0,1,0,0,9,6,E01031709,3,1,0.0,1.0,-1,1,30,2,1,2,16:10,1,2,9
2023544251123,2023,544251123,2,2,1,2,44,7,3,0,0,0,0,0,9,9,E01015547,-1,0,0.02351,0.97649,-1,6,40,1,1,2,13:31,1,2,9
2023010439065,2023,010439065,1,1,1,1,60,9,3,0,0,0,0,0,5,5,E01004307,-1,0,0.0,1.0,-1,6,20,9,1,1,14:01,2,1,5
2023071187460,2023,071187460,1,1,3,1,11,3,2,5,1,0,0,0,0,3,E01018730,-1,0,1.0,0.0,-1,3,30,1,1,1,15:18,7,1,9
2023010477161,2023,010477161,3,3,1,2,32,6,3,0,0,0,0,0,9,-1,-1,-1,0,0.0,1.0,-1,3,50,1,4,2,17:13,5,5,9
2023471301284,2023,471301284,1,1,1,1,74,10,3,0,0,0,0,0,9,7,E01031536,3,1,0.0,1.0,-1,6,60,1,1,1,08:44,4,2,9
2023991376180,2023,991376180,1,1,2,1,18,4,2,0,0,1,0,0,9,-1,-1,6,1,1.0,0.0,-1,6,60,2,6,2,21:10,7,1,9
2023610028723,2023,610028723,2,1,1,2,37,7,3,0,0,0,0,0,22,1,W01001643,-1,0,0.06741,0.93259,-1,6,30,1,1,1,13:00,4,2,22
2023061267348,2023,061267348,2,1,1,1,36,7,3,0,0,0,0,0,9,1,E01005472,3,1,0.0,1.0,-1,6,30,2,1,2,13:00,3,2,9
2023041283027,2023,041283027,1,1,3,1,76,11,3,10,9,0,0,0,0,10,E01024974,3,1,0.0,1.0,-1,6,60,1,1,1,10:46,4,1,9
2023010438081,2023,010438081,1,1,1,1,43,7,3,0,0,0,0,0,3,3,E01003520,-1,0,0.0,1.0,-1,2,20,1,4,1,19:47,2,2,3
2023302301610,2023,302301610,1,1,1,1,41,7,2,0,0,0,0,0,5,5,E01019883,-1,0,1.0,0.0,-1,6,60,1,1,1,19:00,5,1,5
2023991313888,2023,991313888,1,1,1,2,58,9,2,0,0,0,0,0,5,2,-1,6,1,1.0,0.0,-1,3,70,1,1,1,11:45,1,2,5
2023041370565,2023,041370565,2,1,1,2,56,9,3,0,0,0,0,0,9,9,E01025126,3,1,0.0,1.0,-1,6,30,1,4,2,16:45,6,2,9
2023451338869,2023,451338869,2,1,1,1,51,8,3,0,0,0,0,0,9,2,E01031450,3,1,0.0,1.0,-1,3,70,1,1,1,08:42,2,2,9
2023052302802,2023,052302802,2,1,1,1,13,3,3,0,0,0,0,0,1,2,E01006842,-1,0,0.04477,0.95523,-1,6,30,1,1,1,08:50,5,2,1
2023101316395,2023,101316395,2,1,1,1,40,7,3,0,0,0,0,0,1,10,E01008317,3,1,0.0,1.0,-1,6,30,1,1,1,18:25,2,2,1
2023010422452,2023,010422452,1,1,1,1,37,7,3,0,0,0,0,0,9,3,E01000578,-1,0,0.0,1.0,-1,1,20,1,4,2,18:15,5,2,9
2023411307971,2023,411307971,2,1,1,2,62,9,3,0,0,0,0,0,9,6,E01023340,3,1,0.0,1.0,-1,6,30,1,1,1,10:11,4,2,9
2023010464695,2023,010464695,1,3,3,2,33,6,2,10,9,0,0,0,0,-1,-1,-1,0,1.0,0.0,-1,6,20,1,5,1,04:26,6,1,8
2023010470958,2023,010470958,1,1,3,2,-1,-1,3,6,9,0,0,0,0,2,E01003046,-1,0,0.0,1.0,-1,9,20,8,1,1,15:15,7,1,2
2023131343947,2023,131343947,1,1,3,2,39,7,3,10,7,0,0,2,0,1,E01010711,3,1,0.0,1.0,-1,6,30,1,1,1,12:44,2,1,19
2023522324563,2023,522324563,2,1,3,2,40,7,3,9,5,0,0,0,0,10,E01014995,-1,0,0.02526,0.97474,-1,6,20,1,1,1,12:10,2,2,9
2023061290262,2023,061290262,1,1,1,1,47,8,3,0,0,0,0,0,9,10,E01004771,3,1,0.0,1.0,-1,3,70,1,1,1,14:47,5,3,9
2023131287543,2023,131287543,1,1,1,2,20,4,3,0,0,0,0,0,9,8,E01011769,3,1,0.0,1.0,-1,6,30,9,1,2,08:15,3,1,9
2023010448882,2023,010448882,1,2,3,2,25,5,3,1,9,0,0,0,0,4,E01002576,-1,0,0.0,1.0,-1,6,20,8,1,1,18:21,3,1,-1
2023622300042,2023,622300042,1,1,3,2,83,11,2,5,3,0,0,0,0,5,W01000820,-1,0,1.0,0.0,-1,6,30,2,1,2,12:52,4,1,19
2023010427958,2023,010427958,1,1,1,1,28,6,3,0,0,0,0,0,3,7,E01004639,-1,0,0.0,1.0,-1,6,30,8,4,2,23:45,7,2,3
2023221335925,2023,221335925,2,1,1,1,42,7,3,0,0,0,0,0,3,-1,-1,3,1,0.0,1.0,-1,6,30,1,1,1,18:54,3,2,3
2023101351152,2023,101351152,3,2,1,1,63,9,3,0,0,0,0,0,9,1,E01008392,3,1,0.0,1.0,-1,6,40,1,1,1,14:05,6,3,9
2023302300115,2023,302300115,1,1,2,2,86,11,3,0,0,1,0,0,9,8,E01019630,-1,0,0.09256,0.90744,-1,6,30,1,1,2,15:20,6,2,9
2023361367095,2023,361367095,2,7,2,1,5,1,3,0,0,-1,0,0,9,7,E01026533,3,1,0.0,1.0,-1,6,60,1,6,2,20:17,4,2,9
2023010420559,2023,010420559,2,1,1,2,43,7,3,0,0,0,0,0,1,5,E01003018,-1,0,0.0,1.0,-1,6,30,2,1,2,09:20,3,2,1
2023010478058,2023,010478058,1,1,3,1,24,5,2,5,3,0,0,0,0,2,E01001827,-1,0,1.0,0.0,-1,6,20,1,4,2,23:37,3,1,9
2023031331484,2023,031331484,1,1,3,1,44,7,3,9,9,0,0,0,0,-1,-1,3,1,0.0,1.0,-1,6,30,8,1,1,14:00,4,1,9
2023421381919,2023,421381919,1,1,3,2,45,7,3,5,3,0,0,0,0,10,E01021447,3,1,0.0,1.0,-1,6,30,1,4,2,22:48,7,1,9
2023552300256,2023,552300256,2,1,1,1,53,8,3,0,0,0,0,0,1,9,E01015422,-1,0,0.06616,0.93384,-1,6,30,1,1,1,11:34,5,2,1
2023010448078,2023,010448078,1,1,1,1,23,5,3,0,0,0,0,0,3,2,E01002608,-1,0,0.0,1.0,-1,1,30,1,1,1,19:10,6,2,3
2023461345229,2023,461345229,2,1,1,1,60,9,3,0,0,0,0,0,5,1,E01024613,3,1,0.0,1.0,-1,6,30,1,1,1,17:28,3,2,5
2023340WN0172,2023,340WN0172,1,2,2,1,8,2,3,0,0,2,0,0,9,9,E01026998,-1,0,0.0771,0.9229,-1,6,60,1,1,2,10:42,2,2,9
2023461388557,2023,461388557,2,1,1,1,59,9,3,0,0,0,0,0,19,7,E01024709,3,1,0.0,1.0,-1,3,70,1,6,2,00:48,7,3,19
2023991270565,2023,991270565,1,1,3,2,12,3,2,5,4,0,0,2,0,-1,-1,7,1,1.0,0.0,-1,6,20,1,1,1,15:50,3,1,11
2023141268533,2023,141268533,1,1,1,2,44,7,3,0,0,0,0,0,9,9,E01008023,3,1,0.0,1.0,-1,3,40,1,1,1,16:30,5,2,9
2023201416110,2023,201416110,2,1,1,2,60,9,3,0,0,0,0,0,9,3,E01009768,3,1,0.0,1.0,-1,6,30,1,1,4,09:00,7,2,9
2023010436503,2023,010436503,1,1,1,1,28,6,3,0,0,0,0,0,3,5,E01003863,-1,0,0.0,1.0,-1,6,20,1,1,1,14:00,6,2,3
2023010446222,2023,010446222,1,1,1,1,25,5,3,0,0,0,0,0,3,3,E01000545,-1,0,0.0,1.0,-1,9,20,1,1,1,17:30,4,2,3
2023010458128,2023,010458128,1,1,1,1,22,5,3,0,0,0,0,0,3,3,E01000506,-1,0,0.0,1.0,-1,9,30,9,1,9,15:30,6,2,3
2023131349458,2023,131349458,2,2,2,1,28,6,3,0,0,1,0,0,9,5,E01014013,3,1,0.0,1.0,-1,6,30,1,7,1,20:30,3,2,9
2023161332018,2023,161332018,2,2,1,2,27,6,3,0,0,0,0,0,9,-1,-1,3,1,0.0,1.0,-1,6,30,2,1,2,15:50,6,2,9
2023552300519,2023,552300519,2,2,2,2,55,8,3,0,0,1,0,0,9,7,E01015330,-1,0,0.01326,0.98674,-1,6,40,1,1,1,16:30,3,3,9
2023010442479,2023,010442479,1,1,3,1,36,7,3,6,9,0,0,0,0,2,E01004260,-1,0,0.0,1.0,-1,6,20,1,1,9,19:10,5,1,1
2023031381317,2023,031381317,1,1,3,2,68,10,3,10,3,0,0,0,0,8,E01025513,3,1,0.0,1.0,-1,6,20,8,1,4,11:20,6,1,9
2023010458194,2023,010458194,1,1,1,1,30,6,3,0,0,0,0,0,9,3,E01000226,-1,0,0.0,1.0,-1,3,30,5,1,2,16:30,1,2,9
2023131383593,2023,131383593,1,2,2,1,44,7,3,0,0,1,0,0,9,2,E01005326,3,1,0.0,1.0,-1,6,60,8,6,4,19:00,4,1,9
2023461372142,2023,461372142,2,2,2,2,77,11,3,0,0,1,0,0,9,6,E01024555,3,1,0.0,1.0,-1,6,40,1,1,1,10:15,5,2,9
2023302300927,2023,302300927,1,1,2,-1,-1,-1,3,0,0,0,1,0,11,5,E01019456,-1,0,0.02358,0.97642,-1,6,30,1,1,1,17:15,6,1,11
2023461344105,2023,461344105,1,1,1,1,22,5,3,0,0,0,0,0,19,-1,-1,3,1,0.0,1.0,-1,6,30,1,1,1,16:25,4,3,19
2023161328016,2023,161328016,1,1,1,1,37,7,3,0,0,0,0,0,9,5,E01012964,3,1,0.0,1.0,-1,6,40,1,6,1,21:30,2,1,9
2023440296557,2023,440296557,2,4,2,2,29,6,3,0,0,1,0,0,9,5,E01017023,-1,0,0.06113,0.93887,-1,3,40,1,1,1,17:24,1,2,9
2023461340216,2023,461340216,1,1,1,1,84,11,3,0,0,0,0,0,9,4,E01024120,3,1,0.0,1.0,-1,6,30,1,1,1,11:16,4,1,9
2023010440470,2023,010440470,1,1,1,1,21,5,3,0,0,0,0,0,3,3,E01002043,-1,0,0.0,1.0,-1,6,20,1,4,1,21:30,6,2,3
2023122300896,2023,122300896,2,1,2,1,16,4,3,0,0,2,0,0,9,8,E01005016,-1,0,0.03919,0.96081,-1,6,60,1,1,1,12:30,1,2,9
2023201296162,2023,201296162,2,1,1,1,39,7,3,0,0,0,0,0,9,8,E01010134,3,1,0.0,1.0,-1,6,30,1,4,1,21:34,7,2,9
2023221395917,2023,221395917,2,1,2,2,34,6,2,0,0,1,0,0,9,-1,-1,7,1,1.0,0.0,-1,6,60,1,1,1,12:54,7,2,9
2023340WN2782,2023,340WN2782,2,1,1,2,58,9,3,0,0,0,0,0,9,6,E01027326,-1,0,0.00577,0.99423,-1,7,70,2,1,2,16:20,6,2,9
2023361368225,2023,361368225,2,1,1,2,55,8,3,0,0,0,0,0,9,8,E01026930,3,1,0.0,1.0,-1,9,30,1,1,2,15:37,1,2,9
2023471378724,2023,471378724,2,2,1,2,67,10,3,0,0,0,0,0,9,6,E01031643,3,1,0.0,1.0,-1,1,40,1,4,1,23:05,6,2,9
2023052300108,2023,052300108,1,1,3,1,79,11,3,5,3,0,0,0,0,9,E01007150,-1,0,0.22221,0.77779,-1,6,30,4,4,2,17:30,5,1,9
2023010429071,2023,010429071,2,1,1,1,37,7,2,0,0,0,0,0,3,6,E01004634,-1,0,1.0,0.0,-1,3,20,1,1,1,09:09,7,2,3
2023010470883,2023,010470883,1,1,1,-1,31,6,3,0,0,0,0,0,3,3,E01000510,-1,0,0.0,1.0,-1,3,30,9,7,9,22:00,6,2,3