collision_index,collision_year,collision_ref_no,vehicle_reference,casualty_reference,casualty_class,sex_of_casualty,age_of_casualty,age_band_of_casualty,casualty_severity,pedestrian_location,pedestrian_movement,car_passenger,bus_or_coach_passenger,pedestrian_road_maintenance_worker,casualty_type,casualty_imd_decile,lsoa_of_casualty,enhanced_casualty_severity,casualty_injury_based,casualty_adjusted_severity_serious,casualty_adjusted_severity_slight,casualty_distance_banding,road_type,speed_limit,weather_conditions,light_conditions,road_surface_conditions,time,day_of_week,number_of_vehicles,vehicle_type
2023461348514,2023,461348514,1,1,1,2,22,5,3,0,0,0,0,0,9,4,E01024029,3,1,0.0,1.0,-1,6,30,1,1,1,13:10,3,2,9
2023991349639,2023,991349639,2,1,1,2,55,8,3,0,0,0,0,0,9,2,-1,3,1,0.0,1.0,-1,6,30,1,1,1,18:05,3,2,9
2023371338284,2023,371338284,1,1,1,1,83,11,2,0,0,0,0,0,19,4,E01026466,7,1,1.0,0.0,-1,6,30,2,1,2,14:05,6,2,19
2023010449980,2023,010449980,1,1,3,1,45,7,3,1,1,0,0,0,0,3,E01004445,-1,0,0.0,1.0,-1,6,20,1,1,1,08:00,2,1,9
2023231353436,2023,231353436,1,1,1,1,17,4,2,0,0,0,0,0,3,6,E01031322,7,1,1.0,0.0,-1,6,50,2,1,2,16:10,3,2,3
2023471294163,2023,471294163,1,1,1,1,39,7,3,0,0,0,0,0,3,6,E01017012,3,1,0.0,1.0,-1,6,40,1,1,1,17:10,4,2,3
2023411394359,2023,411394359,1,1,1,1,-1,-1,2,0,0,0,0,0,9,9,E01033313,5,1,1.0,0.0,-1,6,30,2,1,2,15:18,1,1,9
2023430563443,2023,430563443,1,1,1,1,39,7,3,0,0,0,0,0,9,3,E01016555,-1,0,0.08926,0.91074,-1,1,40,1,4,2,23:22,7,2,9
2023440432534,2023,440432534,1,2,2,2,31,6,3,0,0,1,0,0,9,3,E01022550,-1,0,0.09735,0.90265,-1,3,70,1,1,1,10:34,1,1,9
2023501362300,2023,501362300,1,1,1,1,28,6,3,0,0,0,0,0,9,1,E01015045,3,1,0.0,1.0,-1,6,30,2,1,2,17:41,5,2,9
2023052301034,2023,052301034,2,2,1,1,55,8,3,0,0,0,0,0,1,1,E01006766,-1,0,0.18104,0.81896,-1,3,30,1,4,1,20:55,1,2,1
2023010435268,2023,010435268,2,1,1,1,59,9,2,0,0,0,0,0,3,5,E01003415,-1,0,1.0,0.0,-1,6,20,2,1,2,15:30,6,2,3
2023332301200,2023,332301200,1,1,1,2,48,8,3,0,0,0,0,0,9,9,E01025980,-1,0,0.00324,0.99676,-1,6,30,7,1,2,13:05,6,2,9
2023340WN4802,2023,340WN4802,3,3,2,1,26,6,3,0,0,1,0,0,9,3,E01027147,-1,0,0.04715,0.95285,-1,6,30,2,1,2,18:00,5,3,9
2023421343438,2023,421343438,1,1,1,1,27,6,3,0,0,0,0,0,9,4,E01000588,3,1,0.0,1.0,-1,6,40,1,1,1,14:40,7,2,9
2023061291113,2023,061291113,2,1,1,1,60,9,3,0,0,0,0,0,20,9,E01005058,3,1,0.0,1.0,-1,6,20,1,1,1,11:31,2,2,20
2023131279480,2023,131279480,2,1,1,1,17,4,3,0,0,0,0,0,1,10,E01010947,3,1,0.0,1.0,-1,6,30,2,4,2,18:45,4,2,1
2023552400176,2023,552400176,1,1,1,1,24,5,3,0,0,0,0,0,3,9,E01015388,-1,0,0.2615,0.7385,-1,6,60,1,1,1,19:27,5,1,3
2023010466380,2023,010466380,2,1,2,-1,-1,-1,3,0,0,1,0,0,9,4,E01001686,-1,0,0.0,1.0,-1,7,30,1,1,1,17:37,6,3,9
2023440431848,2023,440431848,1,2,2,2,14,3,3,0,0,2,0,0,9,2,E01017331,-1,0,0.15629,0.84371,-1,6,60,1,6,2,18:04,7,1,9
2023991344073,2023,991344073,2,2,2,2,17,4,3,0,0,1,0,0,9,-1,-1,3,1,0.0,1.0,-1,6,30,1,1,1,12:00,1,2,9
2023010437478,2023,010437478,1,1,1,1,32,6,3,0,0,0,0,0,9,5,E01003741,-1,0,0.0,1.0,-1,1,30,1,1,2,13:00,6,2,9
2023340NN3942,2023,340NN3942,2,2,1,2,21,5,3,0,0,0,0,0,9,3,E01027112,-1,0,0.04041,0.95959,-1,6,30,1,1,2,12:20,5,2,9
2023991362380,2023,991362380,1,1,1,1,21,5,3,0,0,0,0,0,9,-1,-1,3,1,0.0,1.0,-1,6,60,1,6,2,06:05,3,1,9
2023061263889,2023,061263889,2,1,1,1,20,4,3,0,0,0,0,0,1,9,E01005738,3,1,0.0,1.0,-1,6,30,2,1,2,12:30,3,2,1
2023501337240,2023,501337240,1,2,1,1,39,7,1,0,0,0,0,0,5,3,E01019053,1,1,0.0,0.0,-1,6,60,1,1,2,07:44,3,2,5
2023361361665,2023,361361665,1,1,1,1,31,6,3,0,0,0,0,0,9,5,E01001682,3,1,0.0,1.0,-1,6,40,1,6,1,23:38,3,1,9
2023451361240,2023,451361240,3,1,2,2,40,7,3,0,0,1,0,0,9,5,E01030814,3,1,0.0,1.0,-1,6,40,1,1,1,15:34,2,3,9
2023461394135,2023,461394135,2,1,1,2,46,8,3,0,0,0,0,0,9,1,E01016017,3,1,0.0,1.0,-1,3,30,1,1,1,11:20,6,2,9
2023549935323,2023,549935323,2,1,1,2,30,6,3,0,0,0,0,0,9,4,E01032014,-1,0,0.0138,0.9862,-1,6,60,2,1,2,12:30,3,2,9
2023010448072,2023,010448072,1,1,1,1,21,5,2,0,0,0,0,0,1,6,E01004530,-1,0,1.0,0.0,-1,9,20,8,1,1,12:35,6,2,1
2023141314056,2023,141314056,1,1,1,1,53,8,2,0,0,0,0,0,1,10,E01007710,6,1,1.0,0.0,-1,6,40,1,1,1,11:00,2,2,1
2023471347557,2023,471347557,2,1,1,1,13,3,3,0,0,0,0,0,1,1,E01016915,3,1,0.0,1.0,-1,6,30,1,1,1,12:30,4,2,1
2023610026323,2023,610026323,1,1,1,1,50,8,3,0,0,0,0,0,8,8,W01001654,-1,0,0.06682,0.93318,-1,6,30,2,1,2,07:10,7,2,8
2023340NN3742,2023,340NN3742,2,1,1,2,29,6,3,0,0,0,0,0,-1,3,E01027317,-1,0,0.03988,0.96012,-1,6,30,1,1,1,13:30,1,2,-1
2023131344014,2023,131344014,2,1,1,1,30,6,2,0,0,0,0,0,1,4,E01011585,7,1,1.0,0.0,-1,6,30,1,1,1,18:30,5,2,1
2023101304494,2023,101304494,2,1,2,2,39,7,3,0,0,2,0,0,8,2,E01008336,3,1,0.0,1.0,-1,6,20,1,4,1,20:49,4,2,8
2023010482537,2023,010482537,1,1,3,1,28,6,2,5,3,0,0,0,0,4,E01004642,-1,0,1.0,0.0,-1,6,20,8,4,1,01:20,1,1,9
2023991356572,2023,991356572,2,2,1,2,39,7,3,0,0,0,0,0,1,8,-1,3,1,0.0,1.0,-1,6,20,1,1,1,13:40,5,2,1
2023101344726,2023,101344726,1,1,1,1,44,7,3,0,0,0,0,0,9,3,E01008163,3,1,0.0,1.0,-1,3,20,1,1,1,09:55,2,2,9
2023610044723,2023,610044723,2,1,1,1,19,4,3,0,0,1,0,0,9,10,W01001636,-1,0,0.06682,0.93318,-1,6,20,2,4,2,03:05,5,2,9
2023451335506,2023,451335506,1,1,1,-1,45,7,3,0,0,0,0,0,9,-1,-1,3,1,0.0,1.0,-1,6,30,9,1,2,17:26,1,2,9
2023531372312,2023,531372312,2,1,1,2,25,5,3,0,0,0,0,0,9,5,E01022148,3,1,0.0,1.0,-1,3,50,1,4,1,18:24,4,2,9
2023531381865,2023,531381865,1,1,1,1,16,4,3,0,0,0,0,0,9,6,E01032934,3,1,0.0,1.0,-1,6,40,7,4,2,21:15,7,1,9
2023052300276,2023,052300276,1,1,1,1,57,9,3,0,0,0,0,0,19,1,E01007126,-1,0,0.04383,0.95617,-1,6,30,1,1,2,12:15,7,2,19
2023010436407,2023,010436407,1,1,3,2,15,3,2,5,9,0,0,0,0,8,E01004170,-1,0,1.0,0.0,-1,6,30,1,1,1,19:08,6,1,9
2023552300925,2023,552300925,2,1,1,1,55,8,3,0,0,0,0,0,1,10,E01015455,-1,0,0.14977,0.85023,-1,6,30,1,1,1,13:56,3,2,1
2023501279885,2023,501279885,2,2,2,1,10,2,3,0,0,1,0,0,9,6,E01018794,3,1,0.0,1.0,-1,6,30,1,4,1,19:00,5,2,9
2023101357763,2023,101357763,2,1,1,1,44,7,3,0,0,0,0,0,9,7,-1,3,1,0.0,1.0,-1,6,60,1,1,1,14:16,6,3,9
2023170S10453,2023,170S10453,1,1,1,2,32,6,3,0,0,0,0,0,9,1,E01012268,-1,0,0.00667,0.99333,-1,6,30,1,4,1,18:10,5,2,9
2023201291365,2023,201291365,1,2,2,1,43,7,3,0,0,2,0,0,9,-1,-1,3,1,0.0,1.0,-1,1,30,1,1,1,16:56,2,2,9
2023340NN3622,2023,340NN3622,2,2,2,2,20,4,3,0,0,1,0,0,9,-1,-1,-1,0,0.04105,0.95895,-1,6,30,1,4,1,21:45,1,2,9
2023461362391,2023,461362391,2,2,1,1,48,8,3,0,0,0,0,0,9,5,E01024638,3,1,0.0,1.0,-1,6,60,1,1,1,11:48,2,2,9
2023451295080,2023,451295080,1,2,2,2,18,4,3,0,0,0,4,0,11,-1,-1,3,1,0.0,1.0,-1,6,30,1,1,1,19:00,7,1,11
2023440304264,2023,440304264,1,1,3,2,9,2,3,5,1,0,0,0,0,1,E01017166,-1,0,0.09615,0.90385,-1,6,30,1,1,1,19:45,6,1,9
2023451325389,2023,451325389,1,1,1,1,18,4,2,0,0,0,0,0,3,10,E01030617,7,1,1.0,0.0,-1,6,40,1,1,1,12:40,2,3,3
2023010426668,2023,010426668,2,1,1,1,26,6,3,0,0,0,0,0,1,5,E01003085,-1,0,0.0,1.0,-1,7,20,1,1,1,15:58,7,2,1
2023430248426,2023,430248426,1,1,1,1,37,7,3,0,0,0,0,0,3,7,E01017828,-1,0,0.06949,0.93051,-1,6,30,1,1,1,15:50,6,2,3
2023010428318,2023,010428318,1,2,2,2,35,6,2,0,0,1,0,0,9,5,E01004654,-1,0,1.0,0.0,-1,6,20,1,4,1,21:59,2,2,9
2023461307270,2023,461307270,1,1,3,2,18,4,3,5,1,0,0,0,0,1,E01024177,3,1,0.0,1.0,-1,6,30,2,1,1,19:15,7,1,97
2023461280086,2023,461280086,2,1,1,2,74,10,3,0,0,0,0,0,2,9,E01024797,3,1,0.0,1.0,-1,6,30,1,1,1,10:20,1,2,2
2023320163747,2023,320163747,2,1,1,2,25,5,3,0,0,0,0,0,5,2,E01026050,-1,0,0.14133,0.85867,-1,6,30,1,1,1,15:30,6,3,5
2023122300353,2023,122300353,1,1,3,1,5,1,3,5,3,0,0,0,0,3,E01027840,-1,0,0.09805,0.90195,-1,6,30,1,1,1,16:40,1,1,9
2023340WN5472,2023,340WN5472,2,1,1,1,59,9,3,0,0,0,0,0,1,5,E01028440,-1,0,0.09761,0.90239,-1,6,30,1,1,1,15:00,3,3,1
2023010421916,2023,010421916,2,1,1,1,25,5,3,0,0,0,0,0,3,4,E01000846,-1,0,0.0,1.0,-1,3,20,1,4,1,17:50,3,2,3
2023031309386,2023,031309386,2,2,2,2,12,3,3,0,0,2,0,0,9,5,E01019273,3,1,0.0,1.0,-1,6,60,1,1,1,17:38,6,2,9
2023201275619,2023,201275619,1,1,1,1,36,7,3,0,0,0,0,0,9,2,E01009942,3,1,0.0,1.0,-1,3,30,1,4,1,03:00,1,2,9
2023320737858,2023,320737858,1,1,1,1,74,10,3,0,0,0,0,0,9,7,E01026240,-1,0,0.0587,0.9413,-1,6,30,1,4,4,19:50,4,2,9
2023451314490,2023,451314490,1,1,1,2,26,6,3,0,0,0,0,0,9,8,E01030549,3,1,0.0,1.0,-1,6,30,1,1,1,16:20,3,2,9
2023031338034,2023,031338034,1,1,3,2,7,2,3,5,1,0,0,0,0,4,E01027485,3,1,0.0,1.0,-1,6,30,1,1,1,16:15,6,1,11
2023101361314,2023,101361314,1,2,2,1,25,5,3,0,0,1,0,0,9,-1,-1,3,1,0.0,1.0,-1,3,60,1,1,1,14:40,2,1,9
2023351390501,2023,351390501,1,2,2,2,24,5,3,0,0,1,0,0,9,6,E01018169,3,1,0.0,1.0,-1,6,30,1,4,1,16:27,7,3,9
2023471382625,2023,471382625,1,1,1,1,37,7,2,0,0,0,0,0,9,10,E01031644,6,1,1.0,0.0,-1,3,70,2,4,2,15:27,1,1,9
2023141338576,2023,141338576,1,1,1,1,17,4,3,0,0,0,0,0,-1,1,E01007378,3,1,0.0,1.0,-1,6,30,1,4,1,23:20,7,2,-1
2023010469454,2023,010469454,1,1,3,2,54,8,2,8,1,0,0,0,0,1,E01004670,-1,0,1.0,0.0,-1,6,20,1,1,1,08:30,2,1,4
2023070355604,2023,070355604,1,1,3,1,15,3,3,5,3,0,0,0,0,6,E01018617,-1,0,0.02812,0.97188,-1,6,30,2,1,2,16:50,5,1,9
2023401265420,2023,401265420,1,1,3,1,19,4,2,5,9,0,0,-1,0,3,E01017536,7,1,1.0,0.0,-1,6,30,1,4,2,20:14,3,1,9
2023041379116,2023,041379116,2,3,2,2,4,1,3,0,0,2,0,0,9,6,E01010640,3,1,0.0,1.0,-1,9,70,1,6,1,18:00,7,2,9
2023302300784,2023,302300784,1,1,2,2,66,10,3,0,0,1,0,0,9,7,E01025167,-1,0,0.14468,0.85532,-1,6,50,9,1,1,13:00,5,1,9
2023371293168,2023,371293168,2,1,1,1,38,7,2,0,0,0,0,0,9,5,E01033539,5,1,1.0,0.0,-1,6,60,1,6,1,20:33,5,2,9
2023520400308,2023,520400308,2,1,1,2,28,6,3,0,0,0,0,0,9,4,E01029338,-1,0,0.03149,0.96851,-1,6,60,1,1,1,15:58,2,2,9
2023461285958,2023,461285958,2,1,1,2,57,9,2,0,0,0,0,0,9,3,E01023972,5,1,1.0,0.0,-1,6,60,1,6,2,19:18,2,2,9
2023421314145,2023,421314145,1,1,1,1,13,3,3,0,0,0,0,0,1,6,E01021668,3,1,0.0,1.0,-1,6,30,1,1,1,12:10,6,2,1
2023440009812,2023,440009812,2,1,1,1,46,8,2,0,0,0,0,0,1,7,E01023135,-1,0,1.0,0.0,-1,1,30,1,4,2,17:58,1,2,1
2023010479337,2023,010479337,1,1,3,2,32,6,3,1,1,0,0,0,0,2,E01002087,-1,0,0.0,1.0,-1,6,20,1,4,1,16:44,3,1,9
2023201291600,2023,201291600,1,1,1,1,22,5,3,0,0,0,0,0,9,4,E01009894,3,1,0.0,1.0,-1,6,30,2,4,2,20:55,5,2,9
2023131284639,2023,131284639,1,3,3,1,15,3,3,10,9,0,0,2,0,2,E01011665,3,1,0.0,1.0,-1,6,30,1,1,1,08:05,3,1,9
2023111270269,2023,111270269,1,1,1,1,10,2,3,0,0,0,0,0,1,-1,-1,3,1,0.0,1.0,-1,6,40,1,1,1,13:30,1,2,1
2023170S10053,2023,170S10053,1,1,1,1,56,9,3,0,0,0,0,0,1,9,E01012200,-1,0,0.1529,0.8471,-1,6,30,1,4,1,00:05,3,2,1
2023010478818,2023,010478818,2,1,1,1,19,4,3,0,0,0,0,0,3,-1,-1,-1,0,0.0,1.0,-1,6,30,1,1,1,12:55,7,2,3
2023101368909,2023,101368909,2,1,1,2,37,7,3,0,0,0,0,0,9,7,E01020879,3,1,0.0,1.0,-1,7,30,2,4,2,19:00,6,2,9
2023440312655,2023,440312655,1,1,2,1,17,4,3,0,0,1,0,0,9,4,E01017290,-1,0,0.11882,0.88118,-1,6,60,2,1,2,18:49,5,1,9
2023501320040,2023,501320040,1,1,1,1,19,4,3,0,0,0,0,0,9,3,E01014811,3,1,0.0,1.0,-1,6,60,2,1,2,19:00,1,1,9
2023544896523,2023,544896523,2,1,1,2,21,5,3,0,0,0,0,0,9,6,E01032109,-1,0,0.01199,0.98801,-1,6,60,1,1,1,17:50,4,2,9
2023622300753,2023,622300753,2,2,1,2,51,8,3,0,0,0,0,0,9,9,W01000777,-1,0,0.02084,0.97916,-1,6,30,1,1,1,09:17,3,2,9
2023010421907,2023,010421907,1,1,2,2,56,9,3,0,0,0,3,0,11,-1,-1,-1,0,0.0,1.0,-1,6,30,1,1,4,15:10,3,1,11
2023010423168,2023,010423168,1,1,3,1,55,8,2,1,9,0,0,0,0,4,E01003257,-1,0,1.0,0.0,-1,3,30,1,4,1,01:05,3,1,9
2023010438738,2023,010438738,2,1,1,1,27,6,3,0,0,0,0,0,3,2,E01000141,-1,0,0.0,1.0,-1,6,30,1,4,1,21:04,6,2,3
2023101366671,2023,101366671,1,2,2,1,19,4,3,0,0,1,0,0,9,-1,-1,3,1,0.0,1.0,-1,7,30,1,4,1,00:08,4,2,9
2023501273742,2023,501273742,1,1,1,1,21,5,3,0,0,0,0,0,9,-1,-1,3,1,0.0,1.0,-1,9,60,7,1,4,09:57,4,2,9
2023161308092,2023,161308092,2,1,1,1,49,8,2,0,0,0,0,0,1,4,E01013179,6,1,1.0,0.0,-1,3,70,1,6,1,03:35,3,2,1
2023461305566,2023,461305566,1,1,1,1,5,1,3,0,0,0,0,0,1,9,E01032816,3,1,0.0,1.0,-1,6,30,1,1,1,13:30,2,2,1
2023401361552,2023,401361552,1,1,1,1,29,6,2,0,0,0,0,0,5,8,E01017669,5,1,1.0,0.0,-1,6,60,1,1,1,18:15,4,2,5
2023041316267,2023,041316267,2,1,1,2,57,9,3,0,0,0,0,0,9,8,E01025597,3,1,0.0,1.0,-1,6,20,1,1,1,18:37,4,2,9
2023052302822,2023,052302822,1,1,1,1,36,7,3,0,0,0,0,0,9,2,E01005890,-1,0,0.09548,0.90452,-1,3,40,1,4,1,00:40,1,2,9
2023161298138,2023,161298138,2,3,2,2,25,5,3,0,0,1,0,0,9,5,E01012799,3,1,0.0,1.0,-1,6,30,1,1,1,16:15,1,2,9
2023411291968,2023,411291968,1,1,2,2,79,11,3,0,0,1,0,0,9,9,E01017428,3,1,0.0,1.0,-1,6,60,1,1,1,10:25,4,2,9
2023440113709,2023,440113709,1,1,1,1,31,6,2,0,0,0,0,0,9,8,E01032845,-1,0,1.0,0.0,-1,6,60,1,1,2,09:05,4,2,9
2023552300949,2023,552300949,1,2,2,2,19,4,3,0,0,1,0,0,9,4,E01020483,-1,0,0.06591,0.93409,-1,6,30,1,4,1,23:14,1,2,9
2023622300358,2023,622300358,2,5,2,1,28,6,3,0,0,2,0,0,9,6,W01000701,-1,0,0.02774,0.97226,-1,3,70,1,1,1,17:03,6,3,9
2023041327999,2023,041327999,1,1,1,1,20,4,3,0,0,0,0,0,23,2,E01025044,3,1,0.0,1.0,-1,6,30,1,4,1,20:15,2,2,23
2023111383873,2023,111383873,1,1,1,2,60,9,2,0,0,0,0,0,9,8,E01020862,6,1,1.0,0.0,-1,6,40,1,6,4,16:30,4,2,9
2023461300511,2023,461300511,2,2,1,2,44,7,3,0,0,0,0,0,9,6,E01024065,3,1,0.0,1.0,-1,6,60,1,1,2,17:53,5,2,9
2023540685123,2023,540685123,1,1,1,2,38,7,3,0,0,0,0,0,9,2,E01032023,-1,0,0.04805,0.95195,-1,6,60,1,1,4,12:22,6,1,9
2023552301161,2023,552301161,2,1,1,2,38,7,3,0,0,0,0,0,9,6,E01020561,-1,0,0.02444,0.97556,-1,6,30,1,1,1,12:55,6,2,9
2023461387986,2023,461387986,1,1,3,1,16,4,3,9,5,0,0,0,0,8,E01024076,3,1,0.0,1.0,-1,6,30,2,6,2,04:35,7,1,9
2023010484700,2023,010484700,1,1,1,1,45,7,2,0,0,0,0,0,1,2,E01001911,-1,0,1.0,0.0,-1,6,20,1,1,1,14:20,7,2,1
2023471278415,2023,471278415,2,1,1,1,39,7,3,0,0,0,0,0,5,4,E01031344,3,1,0.0,1.0,-1,6,40,1,6,4,16:00,2,2,5
2023122301272,2023,122301272,1,1,1,2,21,5,3,0,0,0,0,0,9,7,E01013400,-1,0,0.0309,0.9691,-1,6,30,2,4,2,17:55,2,2,9
2023471382122,2023,471382122,5,2,1,1,29,6,2,0,0,0,0,0,9,9,E01021028,7,1,1.0,0.0,-1,3,70,2,4,2,21:39,7,9,9
2023531332353,2023,531332353,1,2,2,2,44,7,3,0,0,1,0,0,9,-1,-1,3,1,0.0,1.0,-1,6,60,2,1,1,16:30,7,2,9
2023552300469,2023,552300469,2,2,2,1,15,3,3,0,0,2,0,0,9,6,E01020490,-1,0,0.01599,0.98401,-1,6,40,1,1,1,19:32,4,2,9
2023161351999,2023,161351999,1,1,1,1,40,7,2,0,0,0,0,0,19,7,E01007477,7,1,1.0,0.0,-1,1,40,1,1,1,17:10,5,2,19
2023421387496,2023,421387496,2,1,1,1,34,6,3,0,0,0,0,0,1,4,E01021283,3,1,0.0,1.0,-1,6,30,1,7,1,23:00,7,2,1
2023430404990,2023,430404990,1,1,1,1,20,4,2,0,0,0,0,0,5,6,E01032884,-1,0,1.0,0.0,-1,6,30,1,4,1,23:30,7,2,5
2023131262094,2023,131262094,2,1,1,2,19,4,2,0,0,0,0,0,9,1,E01010824,7,1,1.0,0.0,-1,6,30,2,1,2,12:15,4,2,9
2023332300374,2023,332300374,1,1,1,1,19,4,2,0,0,0,0,0,9,4,E01013747,-1,0,1.0,0.0,-1,6,60,8,1,1,16:09,2,2,9
2023461285955,2023,461285955,3,2,1,1,34,6,3,0,0,0,0,0,9,10,E01016051,3,1,0.0,1.0,-1,6,30,1,1,1,12:40,2,3,9
2023440319855,2023,440319855,1,1,1,2,18,4,3,0,0,0,0,0,2,7,E01023198,-1,0,0.17903,0.82097,-1,6,30,1,6,2,20:25,3,1,2
2023361349652,2023,361349652,1,1,1,1,21,5,3,0,0,0,0,0,9,7,E01026810,3,1,0.0,1.0,-1,6,50,1,1,2,06:45,3,1,9
2023440214228,2023,440214228,2,1,2,2,12,3,3,0,0,2,0,0,9,2,E01017345,-1,0,0.01487,0.98513,-1,6,30,1,1,1,16:31,3,2,9
2023010482759,2023,010482759,1,1,1,1,24,5,3,0,0,0,0,0,1,3,E01003250,-1,0,0.0,1.0,-1,6,20,9,4,9,23:30,5,2,1
2023302301029,2023,302301029,2,1,1,1,56,9,3,0,0,0,0,0,1,2,E01013502,-1,0,0.06525,0.93475,-1,1,30,2,1,2,14:15,2,2,1
2023010447606,2023,010447606,1,1,1,2,46,8,3,0,0,0,0,0,9,6,E01003786,-1,0,0.0,1.0,-1,6,30,1,1,1,14:00,4,1,9
2023031270548,2023,031270548,1,1,1,1,38,7,3,0,0,0,0,0,9,8,E01019365,3,1,0.0,1.0,-1,6,60,1,1,1,16:09,3,1,9
2023131390987,2023,131390987,2,1,1,2,44,7,3,0,0,0,0,0,9,2,E01011034,3,1,0.0,1.0,-1,6,30,1,4,1,15:37,4,2,9
2023041386980,2023,041386980,1,1,1,1,55,8,3,0,0,0,0,0,19,7,E01006368,3,1,0.0,1.0,-1,3,70,2,4,2,14:55,6,1,19
2023010467215,2023,010467215,1,1,3,2,73,10,3,10,9,0,0,0,0,2,E01004725,-1,0,0.0,1.0,-1,2,20,1,1,1,13:45,5,1,9
2023131356682,2023,131356682,1,1,1,1,27,6,2,0,0,0,0,0,4,6,E01011697,5,1,1.0,0.0,-1,6,20,1,1,1,18:40,3,3,4
2023471352223,2023,471352223,2,1,2,2,15,3,3,0,0,1,0,0,9,9,E01031625,3,1,0.0,1.0,-1,1,70,1,5,1,16:40,3,2,9
2023991333798,2023,991333798,2,1,1,1,52,8,2,0,0,0,0,0,9,8,-1,6,1,1.0,0.0,-1,6,60,1,1,1,20:30,4,3,9
2023351270748,2023,351270748,1,1,3,1,29,6,3,1,3,0,0,0,0,2,E01015594,3,1,0.0,1.0,-1,6,20,1,4,4,17:40,5,1,9
2023061373698,2023,061373698,2,1,1,1,51,8,3,0,0,0,0,0,1,5,E01005991,3,1,0.0,1.0,-1,6,30,1,1,2,13:30,1,2,1
2023440143384,2023,440143384,2,1,1,2,27,6,3,0,0,0,0,0,9,6,E01023155,-1,0,0.02056,0.97944,-1,6,50,4,1,2,14:00,4,2,9
2023010443229,2023,010443229,2,1,1,1,31,6,3,0,0,0,0,0,19,-1,-1,-1,0,0.0,1.0,-1,6,30,1,1,1,07:31,3,2,19
2023010442562,2023,010442562,2,1,1,2,24,5,3,0,0,0,0,0,-1,1,E01002720,-1,0,0.0,1.0,-1,6,20,2,1,2,17:17,7,2,-1
2023010446029,2023,010446029,1,1,3,1,63,9,1,6,9,0,0,0,0,1,E01001425,-1,0,0.0,0.0,-1,3,40,1,1,1,14:50,3,1,9
2023332300811,2023,332300811,1,1,3,1,69,10,3,5,9,0,0,0,0,4,E01025666,-1,0,0.05085,0.94915,-1,2,30,1,4,1,21:36,7,1,9
2023070294438,2023,070294438,1,1,1,2,43,7,3,0,0,0,0,0,5,2,E01006879,-1,0,0.20174,0.79826,-1,1,40,1,1,1,10:03,6,1,5
2023010483931,2023,010483931,1,2,2,2,60,9,3,0,0,1,0,0,9,6,E01000795,-1,0,0.0,1.0,-1,3,30,2,1,2,08:03,5,2,9
2023302400006,2023,302400006,1,3,2,2,17,4,3,0,0,2,0,0,9,-1,-1,-1,0,0.13066,0.86934,-1,6,50,2,6,2,23:09,7,1,9
2023501332923,2023,501332923,2,1,1,1,38,7,3,0,0,0,0,0,9,6,E01015132,3,1,0.0,1.0,-1,6,30,1,1,1,16:00,2,2,9
2023351347160,2023,351347160,2,1,1,1,48,8,3,0,0,0,0,0,11,5,E01018158,3,1,0.0,1.0,-1,6,60,1,1,1,15:15,2,2,11
2023061370864,2023,061370864,2,1,1,1,38,7,3,0,0,0,0,0,3,-1,-1,3,1,0.0,1.0,-1,9,30,2,1,1,11:35,1,2,3
2023122300406,2023,122300406,1,1,1,1,70,10,3,0,0,0,0,0,9,9,E01027921,-1,0,0.09022,0.90978,-1,6,30,1,5,2,00:10,2,2,9
2023520301435,2023,520301435,3,3,1,2,25,5,3,0,0,0,0,0,9,9,E01022564,-1,0,0.01644,0.98356,-1,3,70,1,1,1,13:30,5,5,9
2023991335556,2023,991335556,2,3,1,2,45,7,3,0,0,0,0,0,19,7,-1,3,1,0.0,1.0,-1,6,60,1,1,2,15:19,5,2,19
2023201334253,2023,201334253,1,1,3,2,77,11,2,5,1,0,0,0,0,3,E01009857,7,1,1.0,0.0,-1,6,30,2,1,2,11:16,6,1,9
2023010436390,2023,010436390,1,1,1,2,30,6,3,0,0,0,0,0,9,2,E01003729,-1,0,0.0,1.0,-1,9,30,1,1,1,18:50,6,2,9
2023010473697,2023,010473697,2,2,1,1,63,9,3,0,0,0,0,0,9,2,E01032744,-1,0,0.0,1.0,-1,6,30,1,4,1,20:53,2,2,9
2023221316667,2023,221316667,2,1,1,1,46,8,3,0,0,0,0,0,9,3,E01014156,3,1,0.0,1.0,-1,6,50,1,1,1,15:56,5,2,9
2023471337159,2023,471337159,1,1,1,2,53,8,3,0,0,0,0,0,9,10,E01031759,3,1,0.0,1.0,-1,6,40,2,1,2,13:00,1,1,9
2023991322167,2023,991322167,2,1,1,2,18,4,3,0,0,0,0,0,9,5,-1,3,1,0.0,1.0,-1,6,60,1,1,1,18:20,5,2,9
2023221377558,2023,221377558,2,1,1,1,19,4,3,0,0,0,0,0,19,4,E01028984,3,1,0.0,1.0,-1,6,60,1,1,2,10:30,4,2,19
2023041383840,2023,041383840,2,1,3,1,40,7,2,10,5,0,0,0,0,3,E01025094,5,1,1.0,0.0,-1,6,30,1,4,2,06:45,5,4,9
2023461294738,2023,461294738,1,1,1,1,32,6,3,0,0,0,0,0,3,8,E01024044,3,1,0.0,1.0,-1,3,30,1,1,1,12:18,2,2,3