collision_index,collision_year,collision_ref_no,vehicle_reference,casualty_reference,casualty_class,sex_of_casualty,age_of_casualty,age_band_of_casualty,casualty_severity,pedestrian_location,pedestrian_movement,car_passenger,bus_or_coach_passenger,pedestrian_road_maintenance_worker,casualty_type,casualty_imd_decile,lsoa_of_casualty,enhanced_casualty_severity,casualty_injury_based,casualty_adjusted_severity_serious,casualty_adjusted_severity_slight,casualty_distance_banding,road_type,speed_limit,weather_conditions,light_conditions,road_surface_conditions,time,day_of_week,number_of_vehicles,vehicle_type
2023010470081,2023,010470081,2,1,1,1,60,9,2,0,0,0,0,0,1,3,E01003135,-1,0,1.0,0.0,-1,3,30,1,1,1,09:21,5,2,1
2023361309194,2023,361309194,1,2,2,2,27,6,2,0,0,1,0,0,9,1,E01026625,7,1,1.0,0.0,-1,6,60,1,1,1,19:03,2,2,9
2023371384498,2023,371384498,1,1,1,2,48,8,2,0,0,0,0,0,9,10,E01029894,6,1,1.0,0.0,-1,6,60,1,6,2,17:53,6,1,9
2023461376038,2023,461376038,2,2,2,1,26,6,3,0,0,2,0,0,9,9,E01000775,3,1,0.0,1.0,-1,3,70,1,1,2,09:40,6,2,9
2023351374915,2023,351374915,2,1,1,1,31,6,3,0,0,0,0,0,19,1,E01009328,3,1,0.0,1.0,-1,6,50,1,6,1,05:43,5,2,19
2023061329147,2023,061329147,1,1,1,1,29,6,3,0,0,0,0,0,9,2,E01005661,3,1,0.0,1.0,-1,6,50,1,1,1,17:04,5,2,9
2023991294496,2023,991294496,1,1,2,1,8,2,3,0,0,2,0,0,9,1,-1,3,1,0.0,1.0,-1,1,30,1,1,1,16:30,5,1,9
2023052301740,2023,052301740,2,1,1,1,15,3,3,0,0,0,0,0,1,1,E01006729,-1,0,0.08389,0.91611,-1,3,30,1,1,1,16:30,6,2,1
2023101293618,2023,101293618,1,1,2,2,15,3,2,0,0,1,0,0,9,9,E01033714,7,1,1.0,0.0,-1,6,60,1,1,4,19:20,1,1,9
2023430228113,2023,430228113,1,1,1,2,24,5,3,0,0,0,0,0,1,4,E01016400,-1,0,0.03701,0.96299,-1,6,30,1,1,1,13:04,4,2,1
2023061274735,2023,061274735,1,4,2,2,53,8,3,0,0,2,0,0,9,-1,-1,3,1,0.0,1.0,-1,6,30,1,1,1,10:00,7,2,9
2023131348628,2023,131348628,2,1,1,2,47,8,3,0,0,0,0,0,9,2,E01011246,3,1,0.0,1.0,-1,6,30,2,1,2,16:55,3,2,9
2023141331497,2023,141331497,1,2,2,2,64,9,3,0,0,1,0,0,9,5,E01026956,3,1,0.0,1.0,-1,6,30,2,1,2,10:45,5,2,9
2023221399915,2023,221399915,1,2,1,1,18,4,3,0,0,0,0,0,9,9,E01032451,3,1,0.0,1.0,-1,6,30,1,1,1,09:50,2,2,9
2023451365531,2023,451365531,1,1,1,2,74,10,3,0,0,0,0,0,9,7,E01030651,3,1,0.0,1.0,-1,3,70,2,5,2,14:57,7,2,9
2023010442729,2023,010442729,1,1,2,1,3,1,2,0,0,0,2,0,11,7,E01001313,-1,0,1.0,0.0,-1,6,30,1,1,1,12:30,7,1,11
2023131272416,2023,131272416,1,2,2,1,29,6,3,0,0,1,0,0,9,2,E01010837,3,1,0.0,1.0,-1,6,30,1,4,1,21:23,7,2,9
2023451320459,2023,451320459,1,1,1,1,71,10,3,0,0,0,0,0,9,7,E01023225,3,1,0.0,1.0,-1,6,30,1,1,1,15:29,2,4,9
2023010480800,2023,010480800,1,1,1,1,21,5,3,0,0,0,0,0,3,5,E01000211,-1,0,0.0,1.0,-1,9,40,1,1,1,21:45,3,2,3
2023211378815,2023,211378815,2,1,2,2,43,7,2,0,0,2,0,0,8,2,E01014293,7,1,1.0,0.0,-1,6,30,1,1,1,14:00,6,2,8
2023411267944,2023,411267944,1,1,1,1,92,11,3,0,0,0,0,0,9,7,E01023736,3,1,0.0,1.0,-1,6,40,1,1,2,11:30,3,2,9
2023451284388,2023,451284388,1,1,1,2,41,7,3,0,0,0,0,0,9,5,E01030572,3,1,0.0,1.0,-1,7,70,1,1,1,09:02,2,2,9
2023451331628,2023,451331628,2,1,1,2,53,8,3,0,0,0,0,0,9,5,E01030787,3,1,0.0,1.0,-1,3,40,1,4,1,21:14,5,2,9
2023302300417,2023,302300417,1,2,2,2,17,4,3,0,0,2,0,0,9,-1,-1,-1,0,0.18219,0.81781,-1,6,50,7,6,2,03:26,1,1,9
2023411318093,2023,411318093,2,2,1,1,31,6,3,0,0,0,0,0,9,8,E01023470,3,1,0.0,1.0,-1,3,70,1,1,1,16:05,3,4,9
2023101271767,2023,101271767,1,1,3,1,-1,-1,3,5,3,0,0,0,0,-1,-1,3,1,0.0,1.0,-1,6,20,1,1,1,14:30,6,1,11
2023421360575,2023,421360575,2,1,1,1,66,10,1,0,0,0,0,0,5,8,E01030111,1,1,0.0,0.0,-1,6,40,1,1,1,14:55,7,2,5
2023061403723,2023,061403723,1,1,2,1,41,7,3,0,0,2,0,0,9,1,E01005456,3,1,0.0,1.0,-1,6,30,1,1,1,09:55,2,2,9
2023201362841,2023,201362841,1,1,1,1,65,9,3,0,0,0,0,0,9,1,E01009365,3,1,0.0,1.0,-1,1,30,1,1,1,17:15,7,2,9
2023430540448,2023,430540448,2,3,2,2,10,2,3,0,0,2,0,0,9,3,E01016381,-1,0,0.05577,0.94423,-1,6,40,1,4,2,16:00,6,2,9
2023052301695,2023,052301695,1,1,1,1,13,3,3,0,0,0,0,0,1,3,E01007137,-1,0,0.1686,0.8314,-1,6,30,1,1,1,14:20,1,2,1
2023451278067,2023,451278067,2,2,2,2,37,7,2,0,0,0,0,0,5,10,E01030338,7,1,1.0,0.0,-1,6,30,1,1,1,12:10,1,2,5
2023421358131,2023,421358131,1,1,1,1,26,6,3,0,0,0,0,0,9,6,E01002479,3,1,0.0,1.0,-1,6,30,1,6,1,03:42,1,3,9
2023451285930,2023,451285930,2,4,2,2,22,5,3,0,0,2,0,0,9,9,E01018123,3,1,0.0,1.0,-1,3,70,2,6,2,21:00,1,2,9
2023501325664,2023,501325664,2,1,2,2,35,6,3,0,0,1,0,0,9,3,E01019797,3,1,0.0,1.0,-1,6,60,1,1,1,16:30,4,2,9
2023501374142,2023,501374142,1,1,1,2,58,9,3,0,0,0,0,0,9,6,E01020160,3,1,0.0,1.0,-1,3,70,1,6,2,17:17,2,2,9
2023522301433,2023,522301433,2,1,1,2,33,6,3,0,0,0,0,0,3,8,E01033338,-1,0,0.08479,0.91521,-1,6,30,1,1,1,09:43,4,2,3
2023010464122,2023,010464122,1,1,2,2,12,3,3,0,0,1,0,0,9,3,E01002325,-1,0,0.0,1.0,-1,6,30,1,1,1,16:03,2,2,9
2023010483139,2023,010483139,1,2,2,2,0,1,3,0,0,2,0,0,9,5,E01000454,-1,0,0.0,1.0,-1,1,30,4,4,1,06:25,1,1,9
2023546487623,2023,546487623,3,2,1,2,42,7,3,0,0,0,0,0,9,8,E01032100,-1,0,0.00208,0.99792,-1,6,30,1,1,1,16:15,3,3,9
2023631343245,2023,631343245,2,1,1,1,21,5,3,0,0,0,0,0,9,3,W01000480,3,1,0.0,1.0,-1,6,60,2,6,2,20:20,6,2,9
2023010424959,2023,010424959,1,1,1,1,31,6,3,0,0,0,0,0,1,3,E01003127,-1,0,0.0,1.0,-1,6,30,1,1,1,15:20,5,2,1
2023430273136,2023,430273136,1,1,1,1,56,9,3,0,0,0,0,0,1,10,E01016291,-1,0,0.18327,0.81673,-1,6,30,2,1,2,12:50,3,1,1
2023010452325,2023,010452325,1,1,2,1,20,4,3,0,0,2,0,0,9,5,E01003772,-1,0,0.0,1.0,-1,6,30,1,4,1,01:56,6,2,9
2023430026646,2023,430026646,2,1,1,1,50,8,3,0,0,0,0,0,9,7,E01023424,-1,0,0.04055,0.95945,-1,6,30,8,6,4,17:05,4,2,9
2023440334491,2023,440334491,1,1,2,2,32,6,2,0,0,1,0,0,9,7,E01022979,-1,0,1.0,0.0,-1,3,70,1,1,1,15:55,6,2,9
2023610035723,2023,610035723,2,2,2,1,-1,-1,3,0,0,2,0,0,9,-1,-1,-1,0,0.02346,0.97654,-1,6,60,1,1,1,15:38,7,2,9
2023041302290,2023,041302290,1,1,1,1,43,7,2,0,0,0,0,0,5,6,E01025145,5,1,1.0,0.0,-1,6,60,1,1,1,15:20,7,1,5
2023101303785,2023,101303785,2,2,1,2,29,6,3,0,0,0,0,0,9,1,E01008340,3,1,0.0,1.0,-1,1,30,1,1,1,12:20,3,2,9
2023421352708,2023,421352708,2,2,2,1,19,4,2,0,0,1,0,0,9,1,E01008929,7,1,1.0,0.0,-1,6,30,1,6,1,00:45,2,2,9
2023520300667,2023,520300667,1,1,1,1,21,5,3,0,0,0,0,0,9,4,E01029241,-1,0,0.07631,0.92369,-1,6,40,9,6,4,00:08,6,1,9
2023010451673,2023,010451673,2,1,1,2,48,8,2,0,0,0,0,0,1,8,E01003009,-1,0,1.0,0.0,-1,6,20,1,1,1,17:40,2,2,1
2023501273619,2023,501273619,1,1,1,1,35,6,1,0,0,0,0,0,5,6,E01020059,1,1,0.0,0.0,-1,6,60,1,6,1,19:10,7,1,5
2023010485036,2023,010485036,1,1,1,2,32,6,3,0,0,0,0,0,9,5,E01000071,-1,0,0.0,1.0,-1,7,30,8,4,2,21:50,3,2,9
2023131264545,2023,131264545,2,1,1,1,85,11,3,0,0,0,0,0,9,3,E01011806,3,1,0.0,1.0,-1,6,30,8,1,1,14:45,3,2,9
2023221271294,2023,221271294,1,1,1,1,23,5,3,0,0,0,0,0,9,9,E01032433,3,1,0.0,1.0,-1,6,60,1,6,2,19:53,5,2,9
2023131327311,2023,131327311,1,1,3,2,9,2,1,1,1,0,0,2,0,6,E01010970,1,1,0.0,0.0,-1,3,30,1,1,1,11:09,7,1,9
2023351299301,2023,351299301,1,3,3,2,14,3,3,5,3,0,0,0,0,4,E01015667,3,1,0.0,1.0,-1,6,40,1,1,1,14:20,7,1,8
2023451319802,2023,451319802,1,1,3,1,48,8,3,8,1,0,0,0,0,7,E01030850,3,1,0.0,1.0,-1,6,30,1,1,1,16:30,5,1,9
2023010466750,2023,010466750,1,1,1,1,28,6,2,0,0,0,0,0,1,2,E01001594,-1,0,1.0,0.0,-1,6,20,1,1,1,08:40,2,2,1
2023991372326,2023,991372326,2,1,1,1,36,7,3,0,0,0,0,0,1,1,-1,3,1,0.0,1.0,-1,6,30,1,1,1,13:40,4,2,1
2023010446144,2023,010446144,1,1,1,1,25,5,3,0,0,0,0,0,3,2,E01002049,-1,0,0.0,1.0,-1,9,20,1,1,1,14:20,7,2,3
2023411339328,2023,411339328,2,1,1,1,-1,-1,3,0,0,0,0,0,3,4,E01015804,3,1,0.0,1.0,-1,6,30,2,1,2,12:01,4,2,3
2023010477436,2023,010477436,1,2,2,1,65,9,3,0,0,1,0,0,9,6,E01001138,-1,0,0.0,1.0,-1,3,30,1,1,1,23:00,7,2,9
2023461358425,2023,461358425,1,1,1,1,25,5,3,0,0,0,0,0,9,5,E01024562,3,1,0.0,1.0,-1,6,30,1,1,1,14:55,2,2,9
2023471333282,2023,471333282,1,1,1,1,43,7,3,0,0,0,0,0,19,9,E01021026,3,1,0.0,1.0,-1,3,70,1,1,1,09:30,3,2,19
2023131274789,2023,131274789,2,1,1,1,44,7,3,0,0,0,0,0,1,7,E01010968,3,1,0.0,1.0,-1,3,40,1,1,2,11:37,6,2,1
2023010476812,2023,010476812,1,1,1,1,49,8,3,0,0,0,0,0,9,2,E01004255,-1,0,0.0,1.0,-1,6,20,1,1,2,07:45,4,2,9
2023052400003,2023,052400003,1,1,1,1,17,4,3,0,0,0,0,0,1,1,E01012545,-1,0,0.11392,0.88608,-1,6,30,1,1,1,14:31,1,2,1
2023991280145,2023,991280145,2,2,1,2,54,8,3,0,0,0,0,0,9,5,-1,3,1,0.0,1.0,-1,6,20,1,1,1,12:30,6,2,9
2023010449475,2023,010449475,1,1,3,1,52,8,3,5,1,0,0,0,0,7,E01033733,-1,0,0.0,1.0,-1,6,30,1,1,1,11:40,6,1,9
2023201364052,2023,201364052,2,1,1,1,35,6,2,0,0,0,0,0,1,2,E01031119,7,1,1.0,0.0,-1,6,30,1,1,1,15:15,1,2,1
2023010479617,2023,010479617,1,1,1,2,36,7,3,0,0,0,0,0,9,6,E01032767,-1,0,0.0,1.0,-1,6,30,1,4,1,00:03,5,2,9
2023101299536,2023,101299536,2,1,1,1,34,6,3,0,0,0,0,0,9,4,E01008832,3,1,0.0,1.0,-1,6,30,1,1,1,15:00,5,2,9
2023141325763,2023,141325763,1,2,2,2,14,3,3,0,0,1,0,0,9,-1,-1,3,1,0.0,1.0,-1,6,30,1,1,1,17:10,2,2,9
2023421342143,2023,421342143,3,2,1,2,26,6,3,0,0,0,0,0,9,1,E01021665,3,1,0.0,1.0,-1,6,30,1,1,1,06:56,4,3,9
2023451355683,2023,451355683,2,2,2,2,7,2,3,0,0,-1,0,0,9,8,E01032838,3,1,0.0,1.0,-1,7,70,1,1,1,14:00,6,4,9
2023122300924,2023,122300924,1,1,1,1,41,7,3,0,0,0,0,0,9,5,E01027564,-1,0,0.03963,0.96037,-1,6,30,1,1,1,16:15,1,2,9
2023361347217,2023,361347217,3,4,2,2,35,6,3,0,0,2,0,0,9,4,E01026804,3,1,0.0,1.0,-1,6,40,1,1,1,07:50,2,4,9
2023501350119,2023,501350119,1,1,1,1,18,4,3,0,0,0,0,0,9,4,E01020291,3,1,0.0,1.0,-1,6,60,2,1,2,17:03,6,2,9
2023052301942,2023,052301942,2,1,3,1,16,4,3,9,5,0,0,0,0,1,E01006552,-1,0,0.12813,0.87187,-1,6,30,1,1,1,10:15,2,2,1
2023141297453,2023,141297453,1,1,3,1,43,7,2,8,1,0,0,0,0,-1,-1,7,1,1.0,0.0,-1,6,30,1,1,1,18:45,1,1,9
2023991385043,2023,991385043,1,1,3,2,79,11,2,5,4,0,0,0,0,2,-1,6,1,1.0,0.0,-1,6,30,2,4,2,16:59,7,1,9
2023351350316,2023,351350316,1,1,1,1,38,7,2,0,0,0,0,0,5,7,E01033427,6,1,1.0,0.0,-1,1,60,1,1,1,16:40,3,1,5
2023010470033,2023,010470033,1,1,1,1,25,5,3,0,0,0,0,0,9,3,E01003172,-1,0,0.0,1.0,-1,6,30,1,4,1,00:34,5,2,9
2023041315163,2023,041315163,2,4,2,2,43,7,3,0,0,1,0,0,9,6,E01025025,3,1,0.0,1.0,-1,6,30,1,6,1,00:50,4,2,9
2023041379171,2023,041379171,2,1,1,1,59,9,3,0,0,0,0,0,9,1,E01025583,3,1,0.0,1.0,-1,1,50,3,1,2,13:55,1,2,9
2023052301333,2023,052301333,2,1,1,2,53,8,3,0,0,0,0,0,9,5,E01006488,-1,0,0.02478,0.97522,-1,6,30,1,1,1,07:20,4,2,9
2023122300774,2023,122300774,1,1,1,2,60,9,3,0,0,0,0,0,9,8,E01027896,-1,0,0.01749,0.98251,-1,6,30,1,1,1,20:12,5,2,9
2023131317409,2023,131317409,3,2,2,2,0,1,3,0,0,2,0,0,9,1,E01010653,3,1,0.0,1.0,-1,6,30,1,4,1,22:05,7,3,9
2023141354039,2023,141354039,1,1,1,2,49,8,2,0,0,0,0,0,9,4,E01007647,6,1,1.0,0.0,-1,6,30,1,1,1,13:00,3,2,9
2023430085078,2023,430085078,2,1,1,2,47,8,3,0,0,0,0,0,9,7,E01033509,-1,0,0.00339,0.99661,-1,3,70,1,1,1,16:25,5,2,9
2023161329981,2023,161329981,1,1,1,1,16,4,2,0,0,0,0,0,97,7,E01013248,7,1,1.0,0.0,-1,6,60,2,1,2,17:01,1,2,97
2023010484930,2023,010484930,2,2,2,2,43,7,3,0,0,1,0,0,9,6,E01002258,-1,0,0.0,1.0,-1,3,50,2,1,2,11:59,3,2,9
2023320390138,2023,320390138,1,5,2,2,18,4,3,0,0,2,0,0,9,1,E01026308,-1,0,0.1005,0.8995,-1,6,60,1,1,1,14:05,1,3,9
2023041364021,2023,041364021,1,1,3,2,14,3,3,5,3,0,0,0,0,3,E01025571,3,1,0.0,1.0,-1,6,20,1,1,1,16:00,3,1,9
2023361332160,2023,361332160,1,1,3,2,53,8,3,9,9,0,0,0,0,8,E01026895,3,1,0.0,1.0,-1,6,60,1,1,1,09:10,1,1,19
2023010466403,2023,010466403,2,1,1,2,53,8,3,0,0,0,0,0,9,3,E01002564,-1,0,0.0,1.0,-1,2,20,1,1,1,13:43,7,2,9
2023070292245,2023,070292245,3,3,1,2,55,8,3,0,0,0,0,0,9,1,E01005380,-1,0,0.04116,0.95884,-1,3,70,1,1,-1,16:11,5,3,9
2023440263148,2023,440263148,2,3,1,2,73,10,3,0,0,0,0,0,9,10,E01023160,-1,0,0.15506,0.84494,-1,6,60,1,1,1,14:28,7,2,9
2023461320755,2023,461320755,2,4,2,1,19,4,3,0,0,2,0,0,9,9,E01032735,3,1,0.0,1.0,-1,3,70,1,1,1,17:30,5,4,9
2023520301693,2023,520301693,1,2,2,2,21,5,3,0,0,2,0,0,9,-1,-1,-1,0,0.04533,0.95467,-1,6,30,2,6,2,01:52,3,1,9
2023991259685,2023,991259685,2,1,1,1,43,7,3,0,0,0,0,0,9,6,-1,3,1,0.0,1.0,-1,3,70,2,6,2,20:10,3,2,9
2023332300106,2023,332300106,1,1,3,1,11,3,2,5,2,0,0,0,0,4,E01025727,-1,0,1.0,0.0,-1,6,30,1,1,1,15:20,6,1,19
2023411315367,2023,411315367,2,1,1,2,32,6,3,0,0,0,0,0,9,5,E01023546,3,1,0.0,1.0,-1,6,30,2,4,2,21:19,1,4,9
2023411391529,2023,411391529,1,1,1,1,89,11,3,0,0,0,0,0,9,-1,-1,3,1,0.0,1.0,-1,6,30,1,6,2,17:30,6,2,9
2023421281038,2023,421281038,1,1,1,1,74,10,2,0,0,0,0,0,9,6,E01031464,6,1,1.0,0.0,-1,3,70,1,6,1,19:30,1,1,9
2023010444644,2023,010444644,1,1,3,1,13,3,3,4,3,0,0,0,0,6,E01003038,-1,0,0.0,1.0,-1,6,20,1,1,1,16:02,3,1,9
2023311380134,2023,311380134,1,1,3,1,24,5,3,10,9,0,0,2,0,2,E01013945,3,1,0.0,1.0,-1,6,20,1,1,1,14:48,2,1,98
2023501329098,2023,501329098,2,1,1,1,42,7,3,0,0,0,0,0,5,5,E01018849,3,1,0.0,1.0,-1,6,60,1,1,1,13:30,4,2,5
2023010474434,2023,010474434,1,1,1,2,48,8,3,0,0,0,0,0,9,-1,-1,-1,0,0.0,1.0,-1,2,30,2,4,2,20:50,6,2,9
2023302301084,2023,302301084,1,1,1,1,36,7,3,0,0,0,0,0,19,2,E01013477,-1,0,0.09281,0.90719,-1,6,30,1,1,1,15:10,7,1,19
2023201377892,2023,201377892,1,2,2,1,12,3,3,0,0,2,0,0,9,1,E01010064,3,1,0.0,1.0,-1,6,20,1,1,1,16:45,4,2,9
2023201413393,2023,201413393,1,1,1,1,28,6,3,0,0,0,0,0,9,2,E01010045,3,1,0.0,1.0,-1,6,30,1,5,1,22:44,6,2,9
2023401344246,2023,401344246,1,1,1,1,37,7,3,0,0,0,0,0,9,4,E01017473,3,1,0.0,1.0,-1,3,30,1,1,1,15:45,2,2,9
2023471283436,2023,471283436,2,2,2,2,8,2,3,0,0,2,0,0,9,10,E01031680,3,1,0.0,1.0,-1,7,70,1,1,2,08:10,2,2,9
2023520301252,2023,520301252,2,2,1,1,63,9,2,0,0,0,0,0,9,8,E01029190,-1,0,1.0,0.0,-1,6,60,1,1,1,16:45,2,2,9
2023010420378,2023,010420378,1,1,1,2,46,8,3,0,0,0,0,0,9,2,E01003191,-1,0,0.0,1.0,-1,6,30,1,1,1,12:23,2,2,9
2023201338833,2023,201338833,2,4,2,2,22,5,3,0,0,2,0,0,9,-1,-1,3,1,0.0,1.0,-1,3,40,1,4,1,21:30,2,2,9
2023211361876,2023,211361876,1,1,1,1,19,4,3,0,0,0,0,0,9,6,E01019876,3,1,0.0,1.0,-1,7,30,1,1,1,07:38,2,2,9
2023141389663,2023,141389663,1,1,3,2,20,4,3,1,3,0,0,0,0,1,E01007729,3,1,0.0,1.0,-1,6,40,2,4,2,20:24,7,1,9
2023010446756,2023,010446756,2,1,1,1,35,6,3,0,0,0,0,0,5,2,E01001423,-1,0,0.0,1.0,-1,6,20,1,1,1,17:11,7,2,5
2023061339688,2023,061339688,1,1,1,1,48,8,3,0,0,0,0,0,9,2,E01005105,3,1,0.0,1.0,-1,1,30,1,1,-1,13:41,1,2,9
2023311389470,2023,311389470,2,3,2,1,0,1,3,0,0,2,0,0,9,5,E01028314,3,1,0.0,1.0,-1,6,50,1,1,2,14:35,1,2,9
2023010449311,2023,010449311,1,1,1,1,32,6,3,0,0,0,0,0,9,1,E01015932,-1,0,0.0,1.0,-1,6,30,8,1,9,20:21,5,2,9
2023061324158,2023,061324158,2,1,1,1,37,7,3,0,0,0,0,0,9,2,E01004795,3,1,0.0,1.0,-1,3,70,1,1,1,17:50,2,2,9
2023101260691,2023,101260691,2,2,1,1,43,7,2,0,0,0,0,0,9,-1,-1,7,1,1.0,0.0,-1,6,30,1,1,2,14:02,7,2,9
2023302301786,2023,302301786,1,1,1,1,34,6,3,0,0,0,0,0,9,1,E01013487,-1,0,0.02802,0.97198,-1,6,40,1,4,1,22:39,3,2,9
2023522301748,2023,522301748,1,1,1,2,54,8,3,0,0,0,0,0,9,2,E01014660,-1,0,0.00237,0.99763,-1,6,30,1,1,1,09:40,2,2,9
2023010448890,2023,010448890,2,1,1,1,11,3,3,0,0,0,0,0,1,9,E01004604,-1,0,0.0,1.0,-1,6,30,1,1,1,18:15,3,2,1
2023010478535,2023,010478535,2,1,1,1,-1,-1,3,0,0,0,0,0,1,-1,-1,-1,0,0.0,1.0,-1,6,30,1,1,1,11:15,6,2,1
2023201410713,2023,201410713,2,1,1,1,46,8,3,0,0,0,0,0,1,1,E01009379,3,1,0.0,1.0,-1,1,30,2,4,2,21:10,5,2,1
2023991284177,2023,991284177,1,1,3,1,40,7,3,9,5,0,0,0,0,2,-1,3,1,0.0,1.0,-1,6,30,1,1,1,15:15,3,1,9
2023010454500,2023,010454500,1,1,1,1,28,6,3,0,0,0,0,0,5,2,E01003514,-1,0,0.0,1.0,-1,3,30,1,1,1,09:53,3,2,5
2023141307199,2023,141307199,1,1,2,2,30,6,3,0,0,2,0,0,9,3,E01007397,3,1,0.0,1.0,-1,6,60,1,1,1,18:49,1,2,9
2023141384125,2023,141384125,1,1,1,2,83,11,3,0,0,0,0,0,9,5,E01007609,3,1,0.0,1.0,-1,6,30,5,4,2,18:00,5,1,9
2023052300451,2023,052300451,2,2,1,2,25,5,3,0,0,0,0,0,9,1,E01006675,-1,0,0.01738,0.98262,-1,6,30,1,1,1,08:20,5,2,9
2023211269090,2023,211269090,1,1,1,1,64,9,2,0,0,0,0,0,9,4,E01029431,7,1,1.0,0.0,-1,3,70,1,1,2,13:50,6,2,9
2023371371167,2023,371371167,2,1,2,1,42,7,3,0,0,1,0,0,9,5,E01030141,3,1,0.0,1.0,-1,3,60,1,1,2,10:50,2,2,9
2023401313790,2023,401313790,2,1,2,2,29,6,3,0,0,1,0,0,9,6,E01021355,3,1,0.0,1.0,-1,3,70,1,4,1,21:30,1,2,9
2023522301369,2023,522301369,2,1,1,1,37,7,3,0,0,0,0,0,9,1,E01032515,-1,0,0.0289,0.9711,-1,6,30,1,4,2,21:03,3,2,9
2023010456938,2023,010456938,1,1,3,2,60,9,3,1,3,0,0,0,0,5,E01022086,-1,0,0.0,1.0,-1,2,20,1,1,1,18:00,2,1,1
2023010458481,2023,010458481,2,1,1,1,40,7,3,0,0,0,0,0,4,3,E01004031,-1,0,0.0,1.0,-1,6,20,1,1,2,09:30,4,2,4
2023010428909,2023,010428909,1,1,1,2,30,6,3,0,0,0,0,0,9,3,-1,-1,0,0.0,1.0,-1,6,30,1,1,1,08:50,6,3,9
2023501287441,2023,501287441,1,3,2,2,59,9,2,0,0,1,0,0,9,7,E01015099,7,1,1.0,0.0,-1,3,30,1,4,1,17:48,7,3,9
2023201328619,2023,201328619,2,1,1,1,19,4,2,0,0,0,0,0,4,3,E01009783,6,1,1.0,0.0,-1,6,30,1,4,1,18:50,5,2,4
2023201406401,2023,201406401,2,1,1,1,62,9,2,0,0,0,0,0,5,1,E01009889,7,1,1.0,0.0,-1,6,30,1,1,1,09:59,6,2,5
2023471327279,2023,471327279,2,4,2,2,54,8,3,0,0,1,0,0,9,-1,-1,3,1,0.0,1.0,-1,6,30,1,1,1,18:06,5,2,9
2023052302484,2023,052302484,1,1,3,1,11,3,2,5,1,0,0,0,0,1,E01033764,-1,0,1.0,0.0,-1,6,30,1,1,1,15:17,4,1,9
2023041273024,2023,041273024,1,1,1,1,40,7,3,0,0,0,0,0,4,2,E01025385,3,1,0.0,1.0,-1,6,50,1,4,1,18:40,2,1,4
2023371341725,2023,371341725,2,1,1,1,29,6,2,0,0,0,0,0,4,8,E01030847,7,1,1.0,0.0,-1,3,40,1,1,1,13:19,7,2,4
2023010480052,2023,010480052,1,1,1,1,49,8,3,0,0,0,0,0,5,2,E01000729,-1,0,0.0,1.0,-1,3,40,9,1,9,15:30,6,2,5
2023061352615,2023,061352615,1,1,2,1,18,4,2,0,0,2,0,0,9,-1,-1,7,1,1.0,0.0,-1,6,30,1,4,2,21:31,5,2,9
2023070203924,2023,070203924,1,1,1,2,24,5,3,0,0,0,0,0,9,6,E01014289,-1,0,0.03239,0.96761,-1,6,60,1,1,1,10:18,6,2,9
2023131292874,2023,131292874,2,3,1,1,35,6,3,0,0,0,0,0,9,2,E01010796,3,1,0.0,1.0,-1,6,30,1,4,2,21:50,7,2,9
2023371366766,2023,371366766,2,1,1,1,36,7,2,0,0,0,0,0,9,5,E01032783,7,1,1.0,0.0,-1,6,40,1,1,1,13:51,3,2,9
2023542468923,2023,542468923,1,1,1,1,47,8,2,0,0,0,0,0,9,3,E01031911,-1,0,1.0,0.0,-1,6,30,1,1,2,16:29,2,2,9
2023010479042,2023,010479042,1,1,2,1,-1,-1,3,0,0,0,2,0,11,3,E01002706,-1,0,0.0,1.0,-1,6,20,9,7,9,04:17,1,1,11
2023010449468,2023,010449468,1,1,3,1,67,10,3,1,2,0,0,0,0,8,E01000254,-1,0,0.0,1.0,-1,6,30,1,1,1,09:35,6,1,9
2023010460347,2023,010460347,1,1,1,2,25,5,3,0,0,0,0,0,3,3,E01003387,-1,0,0.0,1.0,-1,3,30,1,1,1,12:00,7,3,3
2023501318555,2023,501318555,2,1,1,1,58,9,3,0,0,0,0,0,5,7,E01015117,3,1,0.0,1.0,-1,6,30,1,1,1,18:45,6,2,5
2023991371842,2023,991371842,2,1,1,1,24,5,3,0,0,0,0,0,9,7,-1,3,1,0.0,1.0,-1,6,50,1,6,2,18:20,3,2,9
2023631357407,2023,631357407,1,1,1,1,68,10,2,0,0,0,0,0,17,7,W01000459,5,1,1.0,0.0,-1,6,60,1,1,1,10:40,5,2,17
2023161293167,2023,161293167,1,2,1,2,38,7,3,0,0,0,0,0,9,1,E01013208,3,1,0.0,1.0,-1,6,30,1,1,1,15:50,4,2,9
2023201288715,2023,201288715,2,2,2,2,19,4,3,0,0,1,0,0,9,9,E01009671,3,1,0.0,1.0,-1,3,30,1,4,1,17:30,7,2,9
2023211272852,2023,211272852,2,3,2,2,13,3,3,0,0,2,0,0,9,5,E01029645,3,1,0.0,1.0,-1,6,40,1,1,4,08:50,2,5,9
2023501288541,2023,501288541,2,2,2,2,20,4,3,0,0,1,0,0,9,7,E01020193,3,1,0.0,1.0,-1,6,60,1,1,1,13:27,1,2,9
2023552300760,2023,552300760,2,2,1,2,24,5,3,0,0,0,0,0,9,2,E01015288,-1,0,0.02097,0.97903,-1,6,30,1,1,1,11:44,4,2,9