collision_index,collision_year,collision_ref_no,vehicle_reference,casualty_reference,casualty_class,sex_of_casualty,age_of_casualty,age_band_of_casualty,casualty_severity,pedestrian_location,pedestrian_movement,car_passenger,bus_or_coach_passenger,pedestrian_road_maintenance_worker,casualty_type,casualty_imd_decile,lsoa_of_casualty,enhanced_casualty_severity,casualty_injury_based,casualty_adjusted_severity_serious,casualty_adjusted_severity_slight,casualty_distance_banding,road_type,speed_limit,weather_conditions,light_conditions,road_surface_conditions,time,day_of_week,number_of_vehicles,vehicle_type
2023201283781,2023,201283781,1,1,3,2,21,5,3,6,3,0,0,0,0,3,E01009772,3,1,0.0,1.0,-1,6,30,1,1,1,11:30,6,1,9
2023010461431,2023,010461431,1,3,2,1,14,3,3,0,0,1,0,0,9,4,E01000112,-1,0,0.0,1.0,-1,3,50,1,1,1,19:50,7,8,9
2023061322375,2023,061322375,1,3,2,1,21,5,3,0,0,-1,0,0,9,4,E01006158,3,1,0.0,1.0,-1,6,30,1,4,1,01:45,1,1,9
2023201395961,2023,201395961,1,1,1,1,67,10,3,0,0,0,0,0,9,3,E01010320,3,1,0.0,1.0,-1,6,30,1,1,1,14:04,6,3,9
2023440500244,2023,440500244,2,3,2,2,60,9,3,0,0,1,0,0,9,2,E01022965,-1,0,0.02841,0.97159,-1,6,30,5,4,2,16:33,5,2,9
2023461376221,2023,461376221,2,1,1,1,62,9,3,0,0,0,0,0,9,4,E01016137,3,1,0.0,1.0,-1,6,30,2,4,2,05:19,7,2,9
2023631319798,2023,631319798,1,2,1,1,25,5,3,0,0,0,0,0,9,5,W01000706,3,1,0.0,1.0,-1,3,50,1,1,1,15:15,7,2,9
2023351306563,2023,351306563,1,1,1,1,27,6,3,0,0,0,0,0,19,1,E01002904,3,1,0.0,1.0,-1,6,60,1,1,1,12:50,3,2,19
2023320567570,2023,320567570,2,1,1,2,22,5,3,0,0,0,0,0,1,7,E01026029,-1,0,0.17775,0.82225,-1,6,60,9,1,1,09:30,1,2,1
2023010446765,2023,010446765,3,2,1,2,58,9,3,0,0,0,0,0,9,1,E01001517,-1,0,0.0,1.0,-1,3,30,1,1,1,16:28,7,4,9
2023201393237,2023,201393237,1,1,2,2,48,8,3,0,0,1,0,0,9,-1,-1,3,1,0.0,1.0,-1,3,30,2,1,2,16:00,6,2,9
2023211358590,2023,211358590,2,1,1,2,45,7,3,0,0,0,0,0,9,4,E01029535,3,1,0.0,1.0,-1,6,30,1,1,1,07:45,7,2,9
2023430174765,2023,430174765,1,1,2,9,28,6,3,0,0,0,0,0,19,-1,-1,-1,0,0.06014,0.93986,-1,6,60,1,1,1,08:50,3,1,19
2023041329502,2023,041329502,2,1,1,1,58,9,3,0,0,0,0,0,5,5,E01025017,3,1,0.0,1.0,-1,6,30,2,1,2,14:38,6,2,5
2023010459784,2023,010459784,1,1,2,2,71,10,3,0,0,2,0,0,8,2,E01033085,-1,0,0.0,1.0,-1,6,30,9,1,1,17:00,2,1,8
2023010421836,2023,010421836,1,1,1,1,42,7,3,0,0,0,0,0,9,3,E01003841,-1,0,0.0,1.0,-1,3,40,1,4,1,21:05,2,2,9
2023520301162,2023,520301162,3,1,1,1,22,5,2,0,0,0,0,0,9,1,E01015281,-1,0,1.0,0.0,-1,6,50,1,1,1,10:07,5,3,9
2023010443919,2023,010443919,1,2,2,2,45,7,3,0,0,0,3,0,11,1,E01004241,-1,0,0.0,1.0,-1,3,30,1,1,1,11:40,5,1,11
2023010458882,2023,010458882,1,1,1,1,39,7,3,0,0,0,0,0,19,1,E01001052,-1,0,0.0,1.0,-1,1,20,1,1,1,14:35,6,2,19
2023471307028,2023,471307028,1,1,1,1,35,6,1,0,0,0,0,0,5,8,E01031346,1,1,0.0,0.0,-1,6,40,1,1,1,11:49,7,2,5
2023161308321,2023,161308321,1,1,3,1,17,4,3,1,3,0,0,0,0,1,E01012888,3,1,0.0,1.0,-1,6,30,1,1,1,14:00,6,1,9
2023052301463,2023,052301463,2,1,1,2,44,7,3,0,0,0,0,0,9,8,E01006525,-1,0,0.01834,0.98166,-1,6,40,1,1,1,16:45,2,2,9
2023010446436,2023,010446436,2,1,1,1,61,9,3,0,0,0,0,0,1,1,E01002040,-1,0,0.0,1.0,-1,6,30,1,4,1,20:44,5,2,1
2023430567555,2023,430567555,1,1,3,2,13,3,3,1,1,0,0,0,0,7,E01033509,-1,0,0.04332,0.95668,-1,6,30,2,1,2,08:10,3,1,9
2023522301194,2023,522301194,2,1,1,1,25,5,3,0,0,0,0,0,1,1,E01014658,-1,0,0.10645,0.89355,-1,6,20,1,1,2,20:45,3,2,1
2023440314144,2023,440314144,1,1,1,1,28,6,3,0,0,0,0,0,5,9,E01015406,-1,0,0.22504,0.77496,-1,6,50,1,1,1,17:00,6,1,5
202360A015825,2023,60A015825,1,1,1,1,34,6,2,0,0,0,0,0,5,-1,-1,-1,0,1.0,0.0,-1,6,60,1,1,2,13:10,5,2,5
2023010422390,2023,010422390,5,6,1,1,62,9,3,0,0,0,0,0,9,4,E01000290,-1,0,0.0,1.0,-1,3,50,1,4,1,19:20,5,5,9
2023010445313,2023,010445313,2,2,1,1,50,8,3,0,0,0,0,0,9,-1,-1,-1,0,0.0,1.0,-1,3,50,1,1,1,15:45,6,3,9
2023141265135,2023,141265135,1,1,1,2,40,7,3,0,0,0,0,0,9,1,E01007677,3,1,0.0,1.0,-1,6,20,9,1,1,15:20,2,2,9
2023440026564,2023,440026564,2,1,1,2,34,6,3,0,0,0,0,0,9,9,E01022582,-1,0,0.02459,0.97541,-1,6,30,1,1,1,12:58,6,2,9
2023501278990,2023,501278990,1,1,1,2,36,7,3,0,0,0,0,0,9,5,E01018779,3,1,0.0,1.0,-1,6,50,2,1,2,17:20,2,1,9
2023010437976,2023,010437976,1,1,3,1,37,7,2,5,1,0,0,0,0,-1,-1,-1,0,1.0,0.0,-1,6,30,1,1,1,08:43,3,1,9
2023052301537,2023,052301537,2,1,1,2,31,6,3,0,0,0,0,0,9,5,E01006933,-1,0,0.00659,0.99341,-1,6,30,1,1,1,14:00,3,2,9
2023141312513,2023,141312513,2,1,1,1,70,10,3,0,0,0,0,0,9,-1,-1,3,1,0.0,1.0,-1,3,40,1,1,1,08:12,2,3,9
2023351310681,2023,351310681,1,1,1,1,58,9,2,0,0,0,0,0,9,8,E01018003,7,1,1.0,0.0,-1,6,30,1,1,1,17:28,5,2,9
2023010438834,2023,010438834,1,1,1,2,46,8,3,0,0,0,0,0,9,7,E01001538,-1,0,0.0,1.0,-1,6,20,1,1,1,16:20,7,2,9
2023131288228,2023,131288228,2,2,1,1,23,5,3,0,0,0,0,0,9,1,E01033693,3,1,0.0,1.0,-1,3,30,1,1,2,17:10,7,2,9
2023101379038,2023,101379038,1,1,1,1,11,3,3,0,0,0,0,0,1,-1,-1,3,1,0.0,1.0,-1,6,20,1,4,1,18:00,5,2,1
2023052300144,2023,052300144,2,1,1,1,46,8,3,0,0,0,0,0,9,10,E01006937,-1,0,0.03216,0.96784,-1,6,30,1,1,2,12:57,7,2,9
2023401387511,2023,401387511,1,2,2,1,56,9,3,0,0,1,0,0,9,8,E01017583,3,1,0.0,1.0,-1,3,70,2,6,2,15:10,1,1,9
2023991335454,2023,991335454,1,1,1,2,51,8,3,0,0,0,0,0,9,7,-1,3,1,0.0,1.0,-1,6,60,1,1,1,08:41,1,2,9
2023161361756,2023,161361756,2,1,1,2,17,4,3,0,0,0,0,0,1,6,E01012771,3,1,0.0,1.0,-1,3,40,2,1,2,14:00,4,2,1
2023401382452,2023,401382452,2,1,1,1,38,7,3,0,0,0,0,0,9,3,E01015713,3,1,0.0,1.0,-1,6,30,7,4,2,16:55,7,2,9
2023440093928,2023,440093928,1,1,1,1,73,10,1,0,0,0,0,0,9,6,E01022640,-1,0,0.0,0.0,-1,6,50,2,1,2,11:54,4,2,9
2023061292011,2023,061292011,2,3,2,2,14,3,3,0,0,2,0,0,9,2,E01005590,3,1,0.0,1.0,-1,6,20,1,1,1,15:09,5,3,9
2023451350540,2023,451350540,5,1,2,1,36,7,3,0,0,0,0,0,21,2,E01003290,3,1,0.0,1.0,-1,6,40,1,1,1,16:18,6,5,21
2023010450248,2023,010450248,1,1,1,1,31,6,3,0,0,0,0,0,3,4,E01015326,-1,0,0.0,1.0,-1,6,30,1,1,1,18:40,7,2,3
2023351272923,2023,351272923,1,1,3,1,10,2,3,5,2,0,0,0,0,7,E01018057,3,1,0.0,1.0,-1,6,30,1,1,1,15:40,4,1,3
2023421362277,2023,421362277,2,1,1,1,12,3,2,0,0,0,0,0,-1,7,E01015837,7,1,1.0,0.0,-1,6,30,1,4,1,18:26,5,2,-1
2023010462358,2023,010462358,2,1,1,1,22,5,3,0,0,0,0,0,3,3,E01003730,-1,0,0.0,1.0,-1,6,30,1,1,1,15:45,6,2,3
2023010486111,2023,010486111,1,1,1,1,25,5,3,0,0,0,0,0,3,2,E01003159,-1,0,0.0,1.0,-1,9,20,9,1,9,16:10,2,2,3
2023547176423,2023,547176423,1,1,1,1,62,9,3,0,0,0,0,0,5,9,E01032069,-1,0,0.19576,0.80424,-1,6,60,1,1,1,15:40,1,1,5
2023041353183,2023,041353183,1,1,1,2,27,6,3,0,0,0,0,0,9,3,E01024911,3,1,0.0,1.0,-1,3,30,1,1,1,19:15,4,2,9
2023991266626,2023,991266626,1,1,1,1,40,7,2,0,0,0,0,0,11,4,-1,6,1,1.0,0.0,-1,6,60,1,6,2,19:15,1,1,11
2023061287429,2023,061287429,1,1,3,1,38,7,3,6,9,0,0,2,0,1,E01006336,3,1,0.0,1.0,-1,6,30,1,1,1,13:00,6,1,9
2023131365965,2023,131365965,1,1,3,1,14,3,3,6,9,0,0,2,0,5,E01011233,3,1,0.0,1.0,-1,6,30,2,1,2,15:30,6,1,98
2023991302152,2023,991302152,2,1,1,1,61,9,3,0,0,0,0,0,1,10,-1,3,1,0.0,1.0,-1,6,30,1,1,1,16:40,2,2,1
2023101278836,2023,101278836,2,2,2,2,15,3,3,0,0,1,0,0,9,-1,-1,3,1,0.0,1.0,-1,1,30,1,1,1,15:10,1,2,9
2023201347552,2023,201347552,1,2,1,2,75,10,3,0,0,0,0,0,9,7,E01010355,3,1,0.0,1.0,-1,6,30,1,1,1,15:45,5,1,9
2023371313981,2023,371313981,2,1,1,1,54,8,3,0,0,0,0,0,9,5,E01030222,3,1,0.0,1.0,-1,6,60,1,1,1,17:40,5,3,9
202360A070370,2023,60A070370,1,1,1,1,17,4,2,0,0,0,0,0,3,-1,-1,-1,0,1.0,0.0,-1,6,30,1,1,1,12:28,6,2,3
2023302301689,2023,302301689,2,2,1,2,41,7,3,0,0,0,0,0,9,2,E01013565,-1,0,0.04111,0.95889,-1,6,40,2,4,2,18:00,7,2,9
2023010429299,2023,010429299,1,1,2,2,20,4,3,0,0,1,0,0,9,4,E01001005,-1,0,0.0,1.0,-1,6,30,1,1,1,16:40,1,1,9
2023131351491,2023,131351491,2,1,1,2,28,6,3,0,0,0,0,0,9,10,E01011563,3,1,0.0,1.0,-1,3,40,2,5,2,08:09,3,2,9
2023010483180,2023,010483180,1,1,1,2,28,6,2,0,0,0,0,0,1,10,-1,-1,0,1.0,0.0,-1,6,20,2,4,2,17:40,5,2,1
2023501267232,2023,501267232,2,1,1,1,51,8,3,0,0,0,0,0,8,1,E01015266,3,1,0.0,1.0,-1,6,30,1,1,4,08:29,3,2,8
2023070441338,2023,070441338,2,3,2,2,5,1,3,0,0,2,0,0,9,4,E01012469,-1,0,0.00656,0.99344,-1,6,30,1,1,1,07:50,4,2,9
2023351318436,2023,351318436,2,2,1,2,47,8,3,0,0,0,0,0,9,4,E01018096,3,1,0.0,1.0,-1,6,30,1,1,1,14:30,1,2,9
2023361341270,2023,361341270,2,3,2,1,17,4,3,0,0,2,0,0,9,6,E01026430,3,1,0.0,1.0,-1,3,30,1,1,1,20:25,1,2,9
2023421304572,2023,421304572,2,1,1,1,51,8,3,0,0,0,0,0,9,7,E01004473,3,1,0.0,1.0,-1,6,60,1,1,1,15:06,6,2,9
2023461318629,2023,461318629,1,1,1,1,42,7,3,0,0,0,0,0,9,4,E01000405,3,1,0.0,1.0,-1,3,50,2,1,2,15:47,2,2,9
2023501345844,2023,501345844,2,2,2,1,3,1,3,0,0,2,0,0,9,7,E01013008,3,1,0.0,1.0,-1,6,60,1,1,1,11:06,6,2,9
2023552300349,2023,552300349,1,1,1,1,23,5,2,0,0,0,0,0,9,10,E01020423,-1,0,1.0,0.0,-1,6,40,1,6,1,22:25,6,1,9
2023411390229,2023,411390229,2,2,1,1,54,8,3,0,0,0,0,0,19,3,E01001445,3,1,0.0,1.0,-1,6,60,1,1,2,17:05,3,2,19
2023991359767,2023,991359767,1,1,3,2,13,3,2,1,1,0,0,0,0,10,-1,7,1,1.0,0.0,-1,6,30,1,1,1,17:30,4,1,19
2023320468589,2023,320468589,1,1,1,1,86,11,2,0,0,0,0,0,9,7,E01026051,-1,0,1.0,0.0,-1,6,30,1,1,1,11:00,7,2,9
2023411333687,2023,411333687,2,2,1,1,47,8,3,0,0,0,0,0,9,5,E01023772,3,1,0.0,1.0,-1,3,40,2,1,2,17:50,6,2,9
2023201357680,2023,201357680,1,2,3,2,62,9,3,5,9,0,0,0,0,3,E01009977,3,1,0.0,1.0,-1,6,30,1,1,1,17:10,3,1,9
2023991304103,2023,991304103,1,1,3,2,10,2,3,5,1,0,0,2,0,-1,-1,3,1,0.0,1.0,-1,6,30,1,1,1,17:30,5,1,9
2023430110737,2023,430110737,2,1,1,1,71,10,3,0,0,0,0,0,1,8,E01017818,-1,0,0.17219,0.82781,-1,6,30,1,1,2,10:11,1,2,1
2023031322894,2023,031322894,1,1,1,2,53,8,2,0,0,0,0,0,5,6,E01019338,7,1,1.0,0.0,-1,6,40,1,1,1,14:51,7,2,5
2023361388642,2023,361388642,2,1,1,2,35,6,3,0,0,0,0,0,9,5,E01033539,3,1,0.0,1.0,-1,6,60,1,1,1,10:30,6,2,9
2023371354676,2023,371354676,2,1,1,1,34,6,3,0,0,0,0,0,9,7,E01030007,3,1,0.0,1.0,-1,1,40,1,1,1,18:18,1,2,9
2023471299076,2023,471299076,2,1,1,2,42,7,3,0,0,0,0,0,1,4,E01031344,3,1,0.0,1.0,-1,6,30,1,1,1,19:10,4,2,1
2023430027408,2023,430027408,1,1,1,1,19,4,2,0,0,0,0,0,2,9,E01016800,-1,0,1.0,0.0,-1,6,30,8,1,4,12:00,5,1,2
2023010449944,2023,010449944,2,1,3,1,82,11,2,10,9,0,0,0,0,4,E01003767,-1,0,1.0,0.0,-1,6,30,8,1,2,19:47,1,2,19
2023010471329,2023,010471329,1,1,3,2,25,5,3,1,1,0,0,0,0,2,E01003176,-1,0,0.0,1.0,-1,6,30,1,4,1,22:15,5,1,1
2023440429623,2023,440429623,1,1,3,2,74,10,3,4,1,0,0,0,0,7,E01017047,-1,0,0.21205,0.78795,-1,6,30,1,1,1,08:45,6,1,9
2023371267375,2023,371267375,1,1,3,1,23,5,3,9,9,0,0,0,0,5,E01030199,3,1,0.0,1.0,-1,6,60,2,1,2,12:10,2,1,5
2023320115424,2023,320115424,1,1,1,2,30,6,3,0,0,0,0,0,1,3,E01026317,-1,0,0.08941,0.91059,-1,6,30,1,4,1,18:20,6,2,1
2023010466330,2023,010466330,1,1,1,1,21,5,3,0,0,0,0,0,9,6,E01001989,-1,0,0.0,1.0,-1,3,50,1,4,1,23:04,6,2,9
2023302301440,2023,302301440,2,2,1,2,24,5,3,0,0,0,0,0,9,5,E01019407,-1,0,0.02465,0.97535,-1,6,50,1,1,1,12:00,7,2,9
2023361318205,2023,361318205,1,1,2,1,63,9,2,0,0,1,0,0,9,6,E01026494,6,1,1.0,0.0,-1,6,30,1,1,1,12:36,3,2,9
2023501350527,2023,501350527,1,1,1,1,16,4,3,0,0,0,0,0,2,5,E01018834,3,1,0.0,1.0,-1,6,20,1,4,1,23:30,4,1,2
2023010477229,2023,010477229,2,1,1,1,20,4,3,0,0,0,0,0,3,4,E01003357,-1,0,0.0,1.0,-1,6,20,1,4,1,19:40,6,2,3
2023052301667,2023,052301667,1,1,1,1,38,7,3,0,0,0,0,0,4,1,E01007238,-1,0,0.18306,0.81694,-1,6,30,1,4,1,21:20,6,2,4
2023010460230,2023,010460230,1,1,3,1,12,3,3,5,4,0,0,0,0,2,E01002282,-1,0,0.0,1.0,-1,6,30,1,1,1,13:45,7,1,9
2023010458267,2023,010458267,1,4,2,2,15,3,3,0,0,2,0,0,9,1,E01004324,-1,0,0.0,1.0,-1,6,30,8,1,1,13:15,7,2,9
2023061307806,2023,061307806,2,2,2,2,59,9,3,0,0,-1,0,0,9,2,E01005178,3,1,0.0,1.0,-1,6,30,1,1,-1,17:50,2,2,9
2023201285988,2023,201285988,1,1,1,1,63,9,3,0,0,0,0,0,9,1,E01009952,3,1,0.0,1.0,-1,3,30,8,4,1,04:06,4,2,9
2023311318643,2023,311318643,2,1,1,1,42,7,2,0,0,0,0,0,9,9,E01009666,7,1,1.0,0.0,-1,6,50,1,1,1,07:32,4,2,9
2023010478219,2023,010478219,1,1,3,2,43,7,3,1,1,0,0,0,0,10,E01023563,-1,0,0.0,1.0,-1,6,20,1,4,1,19:55,4,1,-1
2023010428124,2023,010428124,1,2,2,1,13,3,2,0,0,1,0,0,9,-1,-1,-1,0,1.0,0.0,-1,6,30,1,4,1,02:58,2,2,9
2023010483630,2023,010483630,1,1,1,1,41,7,3,0,0,0,0,0,9,6,E01004070,-1,0,0.0,1.0,-1,6,20,2,4,2,17:20,3,2,9
2023052302039,2023,052302039,1,1,1,2,41,7,3,0,0,0,0,0,9,1,E01006739,-1,0,0.09048,0.90952,-1,6,30,1,1,2,13:50,4,3,9
2023471387356,2023,471387356,2,1,1,1,38,7,3,0,0,0,0,0,1,3,E01031830,3,1,0.0,1.0,-1,6,30,1,1,2,15:00,2,2,1
2023211329731,2023,211329731,1,1,1,1,23,5,3,0,0,0,0,0,9,-1,-1,3,1,0.0,1.0,-1,6,50,1,1,1,12:54,7,4,9
2023320118442,2023,320118442,1,1,1,1,32,6,3,0,0,0,0,0,9,5,E01026409,-1,0,0.10796,0.89204,-1,6,30,1,6,1,01:00,7,1,9
2023461289562,2023,461289562,2,1,1,2,26,6,3,0,0,0,0,0,9,3,E01016038,3,1,0.0,1.0,-1,6,30,1,1,1,17:39,2,2,9
2023471355994,2023,471355994,1,1,1,2,83,11,2,0,0,0,0,0,9,10,E01031720,6,1,1.0,0.0,-1,6,30,1,1,2,16:03,5,3,9
2023548601023,2023,548601023,1,1,1,2,68,10,3,0,0,0,0,0,9,8,E01032709,-1,0,0.06472,0.93528,-1,3,40,1,1,1,12:09,3,1,9
2023451277852,2023,451277852,1,1,3,2,28,6,2,5,1,0,0,0,0,7,E01030451,7,1,1.0,0.0,-1,6,30,1,1,1,19:00,4,1,9
2023111278842,2023,111278842,2,1,1,2,30,6,3,0,0,0,0,0,9,2,E01020788,3,1,0.0,1.0,-1,3,60,1,1,1,08:50,6,2,9
2023131306317,2023,131306317,1,1,1,2,30,6,3,0,0,0,0,0,9,6,E01011881,3,1,0.0,1.0,-1,9,70,2,1,2,14:45,5,1,9
2023351275994,2023,351275994,2,3,2,2,27,6,3,0,0,-1,0,0,9,8,E01015626,3,1,0.0,1.0,-1,6,60,1,1,1,13:13,6,2,9
2023421323999,2023,421323999,2,2,2,2,38,7,3,0,0,1,0,0,9,1,E01001220,3,1,0.0,1.0,-1,3,70,1,6,1,02:03,2,2,9
2023622301054,2023,622301054,1,1,2,2,17,4,3,0,0,1,0,0,9,8,W01001858,-1,0,0.03617,0.96383,-1,6,20,1,5,1,03:50,4,1,9
2023131348787,2023,131348787,1,1,3,1,8,2,2,8,7,0,0,2,0,1,E01011430,7,1,1.0,0.0,-1,6,20,1,1,1,18:47,1,1,9
2023440256799,2023,440256799,1,1,3,1,17,4,3,1,1,0,0,0,0,8,E01022780,-1,0,0.12438,0.87562,-1,3,40,1,1,1,17:20,2,1,9
2023010446006,2023,010446006,1,1,1,1,36,7,3,0,0,0,0,0,3,2,E01001491,-1,0,0.0,1.0,-1,6,20,1,1,1,13:10,3,2,3
2023440135387,2023,440135387,1,1,1,1,61,9,2,0,0,0,0,0,5,8,E01022815,-1,0,1.0,0.0,-1,7,50,2,4,2,05:21,5,1,5
2023991280238,2023,991280238,1,1,1,1,52,8,2,0,0,0,0,0,5,5,-1,7,1,1.0,0.0,-1,1,30,1,1,1,14:25,6,2,5
2023070369647,2023,070369647,2,1,1,2,30,6,3,0,0,0,0,0,9,10,E01018475,-1,0,0.00808,0.99192,-1,2,30,9,1,1,08:50,3,2,9
2023122300715,2023,122300715,2,1,1,2,15,3,3,0,0,0,0,0,-1,-1,-1,-1,0,0.04279,0.95721,-1,6,30,1,1,2,17:59,4,2,-1
2023131370649,2023,131370649,3,1,1,2,25,5,3,0,0,0,0,0,9,4,E01011545,3,1,0.0,1.0,-1,9,70,1,7,1,16:45,4,3,9
2023421296433,2023,421296433,2,1,1,1,28,6,3,0,0,0,0,0,9,5,E01033139,3,1,0.0,1.0,-1,6,30,1,1,1,17:48,5,4,9
2023010438922,2023,010438922,1,1,1,1,20,4,3,0,0,0,0,0,1,2,E01001862,-1,0,0.0,1.0,-1,9,20,1,1,1,07:29,5,2,1
2023010458185,2023,010458185,1,1,1,2,88,11,3,0,0,0,0,0,9,2,E01002729,-1,0,0.0,1.0,-1,6,20,1,1,2,15:45,2,2,9
2023031302108,2023,031302108,2,1,1,2,33,6,3,0,0,0,0,0,9,3,E01019211,3,1,0.0,1.0,-1,6,30,1,1,1,16:39,6,2,9
2023041338655,2023,041338655,2,1,1,2,53,8,3,0,0,0,0,0,9,3,E01025264,3,1,0.0,1.0,-1,6,30,1,1,1,06:55,5,2,9
2023071027603,2023,071027603,1,1,2,2,87,11,3,0,0,1,0,0,9,10,W01000180,-1,0,0.13155,0.86845,-1,3,70,1,1,2,11:27,5,2,9
2023401394651,2023,401394651,1,1,2,2,41,7,2,0,0,2,0,0,9,3,E01015751,7,1,1.0,0.0,-1,1,20,2,4,2,16:13,7,1,9
2023471300215,2023,471300215,1,1,2,2,79,11,3,0,0,0,3,0,11,8,E01016958,3,1,0.0,1.0,-1,9,30,9,1,1,12:15,6,1,11
2023201399586,2023,201399586,2,1,1,2,29,6,2,0,0,0,0,0,9,1,E01009409,7,1,1.0,0.0,-1,3,30,1,4,1,20:13,4,2,9
2023221382253,2023,221382253,2,2,2,1,28,6,3,0,0,2,0,0,9,1,E01010843,3,1,0.0,1.0,-1,6,40,1,6,1,16:55,5,2,9
2023311343220,2023,311343220,2,1,1,1,31,6,3,0,0,0,0,0,9,1,E01007729,3,1,0.0,1.0,-1,6,50,1,1,1,17:27,6,2,9
2023421326691,2023,421326691,2,3,2,1,13,3,3,0,0,2,0,0,9,6,E01021678,3,1,0.0,1.0,-1,6,30,1,1,1,08:59,5,2,9
2023461297765,2023,461297765,1,3,2,2,65,9,3,0,0,1,0,0,9,-1,-1,3,1,0.0,1.0,-1,3,40,1,1,1,14:43,3,2,9
2023501332912,2023,501332912,1,1,1,1,20,4,3,0,0,0,0,0,9,6,E01020304,3,1,0.0,1.0,-1,6,30,1,1,1,16:40,2,2,9
2023061303990,2023,061303990,1,1,3,1,33,6,2,9,5,0,0,1,0,1,E01012520,7,1,1.0,0.0,-1,6,30,1,1,1,10:11,5,1,9
2023161327959,2023,161327959,1,1,1,1,65,9,3,0,0,0,0,0,9,8,E01013305,3,1,0.0,1.0,-1,3,30,1,1,1,13:50,2,2,9
2023361317817,2023,361317817,1,1,2,1,27,6,3,0,0,2,0,0,9,4,E01032847,3,1,0.0,1.0,-1,6,60,1,1,1,17:48,2,2,9
2023471347783,2023,471347783,1,2,1,2,59,9,2,0,0,0,0,0,9,8,E01016959,6,1,1.0,0.0,-1,3,20,1,1,1,16:42,6,3,9
2023122300630,2023,122300630,1,1,1,1,35,6,2,0,0,0,0,0,19,7,E01027633,-1,0,1.0,0.0,-1,6,60,1,1,1,10:10,7,3,19
2023010424526,2023,010424526,1,1,1,1,21,5,3,0,0,0,0,0,3,3,E01003073,-1,0,0.0,1.0,-1,2,30,1,4,1,21:45,7,2,3
2023010440183,2023,010440183,1,1,1,2,20,4,3,0,0,0,0,0,5,2,E01002049,-1,0,0.0,1.0,-1,9,20,8,1,2,16:50,5,2,5
2023141384549,2023,141384549,1,1,1,1,29,6,3,0,0,0,0,0,5,1,E01007677,3,1,0.0,1.0,-1,1,40,1,4,2,22:15,6,1,5
2023991395321,2023,991395321,1,1,3,2,48,8,3,5,3,0,0,2,0,1,-1,3,1,0.0,1.0,-1,6,30,1,1,1,15:00,2,1,9
2023010429507,2023,010429507,1,1,1,1,30,6,3,0,0,0,0,0,1,3,E01004266,-1,0,0.0,1.0,-1,1,30,8,4,1,18:00,2,2,1
2023211345211,2023,211345211,1,1,1,1,-1,-1,3,0,0,0,0,0,1,-1,-1,3,1,0.0,1.0,-1,6,30,1,1,-1,08:00,7,2,1
2023522300827,2023,522300827,2,1,1,1,63,9,2,0,0,0,0,0,1,8,E01014637,-1,0,1.0,0.0,-1,6,40,1,1,2,07:17,6,2,1
2023332300675,2023,332300675,1,1,1,1,29,6,3,0,0,0,0,0,5,7,E01027109,-1,0,0.10666,0.89334,-1,6,60,1,1,1,11:24,1,1,5
2023991353125,2023,991353125,2,1,1,1,54,8,2,0,0,0,0,0,9,7,-1,5,1,1.0,0.0,-1,6,60,1,1,1,17:39,5,3,9
2023101386964,2023,101386964,1,1,3,1,70,10,3,5,1,0,0,0,0,-1,-1,3,1,0.0,1.0,-1,6,30,1,1,1,15:15,2,1,9
2023361348148,2023,361348148,1,1,3,2,66,10,3,10,9,0,0,0,0,10,E01026915,3,1,0.0,1.0,-1,9,30,1,1,1,13:35,4,1,9
2023010432318,2023,010432318,2,1,1,2,31,6,3,0,0,0,0,0,1,3,E01004630,-1,0,0.0,1.0,-1,6,20,1,1,1,08:30,4,2,1
2023010451822,2023,010451822,2,1,1,1,49,8,3,0,0,0,0,0,2,4,E01000805,-1,0,0.0,1.0,-1,3,30,1,1,1,16:12,3,2,2
2023543471723,2023,543471723,2,2,2,2,19,4,3,0,0,2,0,0,9,3,E01002528,-1,0,0.00612,0.99388,-1,6,60,9,7,1,18:47,7,2,9
2023991361222,2023,991361222,1,1,1,2,20,4,3,0,0,0,0,0,9,3,-1,3,1,0.0,1.0,-1,6,30,1,1,1,20:00,5,2,9
2023010477742,2023,010477742,2,1,1,1,56,9,3,0,0,0,0,0,1,6,E01003100,-1,0,0.0,1.0,-1,2,20,1,4,1,17:48,2,2,1
2023111279622,2023,111279622,2,1,1,1,13,3,3,0,0,0,0,0,1,7,E01012334,3,1,0.0,1.0,-1,6,30,1,1,1,16:45,3,2,1
2023461344388,2023,461344388,1,1,1,2,22,5,3,0,0,0,0,0,9,9,E01024056,3,1,0.0,1.0,-1,6,30,1,1,1,18:42,6,3,9
2023461354653,2023,461354653,2,1,1,-1,-1,-1,3,0,0,0,0,0,1,-1,-1,3,1,0.0,1.0,-1,1,30,1,1,1,15:00,1,2,1
2023010421636,2023,010421636,1,1,1,1,40,7,3,0,0,0,0,0,3,4,E01001165,-1,0,0.0,1.0,-1,3,20,1,1,9,10:30,1,2,3
2023010439871,2023,010439871,1,1,3,2,44,7,2,1,1,0,0,0,0,3,E01000137,-1,0,1.0,0.0,-1,6,30,2,1,2,15:35,5,1,9
2023440288879,2023,440288879,1,1,3,1,1,1,2,6,9,0,0,0,0,6,E01022911,-1,0,1.0,0.0,-1,6,30,1,1,1,14:29,3,1,9
2023070908246,2023,070908246,2,1,1,2,54,8,3,0,0,0,0,0,9,10,E01018683,-1,0,0.04088,0.95912,-1,3,50,1,1,1,16:40,4,2,9