collision_index,collision_year,collision_ref_no,vehicle_reference,casualty_reference,casualty_class,sex_of_casualty,age_of_casualty,age_band_of_casualty,casualty_severity,pedestrian_location,pedestrian_movement,car_passenger,bus_or_coach_passenger,pedestrian_road_maintenance_worker,casualty_type,casualty_imd_decile,lsoa_of_casualty,enhanced_casualty_severity,casualty_injury_based,casualty_adjusted_severity_serious,casualty_adjusted_severity_slight,casualty_distance_banding,road_type,speed_limit,weather_conditions,light_conditions,road_surface_conditions,time,day_of_week,number_of_vehicles,vehicle_type
2023430172243,2023,430172243,2,1,1,2,78,11,3,0,0,0,0,0,9,9,E01016685,-1,0,0.02173,0.97827,-1,6,20,1,1,1,16:15,5,2,9
2023461294216,2023,461294216,3,2,2,1,57,9,3,0,0,1,0,0,9,6,E01024079,3,1,0.0,1.0,-1,6,30,1,1,1,10:10,6,3,9
2023552300983,2023,552300983,1,1,1,1,64,9,3,0,0,0,0,0,9,10,E01020402,-1,0,0.04734,0.95266,-1,6,30,1,1,1,13:22,7,2,9
2023010426396,2023,010426396,2,2,1,1,26,6,3,0,0,0,0,0,4,8,E01003814,-1,0,0.0,1.0,-1,3,30,8,4,4,20:00,5,2,4
2023231323041,2023,231323041,1,1,3,2,15,3,2,5,1,0,0,0,0,4,E01031096,7,1,1.0,0.0,-1,6,30,1,1,1,08:14,4,1,9
202360A174183,2023,60A174183,1,1,3,1,82,11,3,1,1,0,0,0,0,-1,-1,-1,0,0.24889,0.75111,-1,6,20,1,1,2,10:15,3,1,98
2023010432234,2023,010432234,2,1,1,1,26,6,3,0,0,0,0,0,3,1,E01001558,-1,0,0.0,1.0,-1,6,30,1,4,1,21:35,3,2,3
2023010464169,2023,010464169,1,1,1,-1,45,7,3,0,0,0,0,0,3,2,E01001594,-1,0,0.0,1.0,-1,9,20,9,7,9,20:40,2,2,3
2023010458767,2023,010458767,1,1,1,1,46,8,3,0,0,0,0,0,9,9,E01020954,-1,0,0.0,1.0,-1,6,40,1,1,1,18:30,5,2,9
2023131292853,2023,131292853,2,2,1,1,34,6,3,0,0,0,0,0,9,2,E01011758,3,1,0.0,1.0,-1,3,40,1,1,1,15:47,7,2,9
2023522301529,2023,522301529,1,1,1,2,28,6,3,0,0,0,0,0,9,6,E01014631,-1,0,0.02146,0.97854,-1,6,30,1,1,1,08:30,2,2,9
2023991294553,2023,991294553,2,2,1,1,50,8,3,0,0,0,0,0,9,8,-1,3,1,0.0,1.0,-1,3,70,1,1,1,07:40,5,3,9
2023552300125,2023,552300125,2,1,1,1,68,10,3,0,0,0,0,0,5,7,E01020365,-1,0,0.17758,0.82242,-1,3,30,1,1,1,09:02,3,2,5
2023131258802,2023,131258802,1,1,3,2,93,11,2,5,3,0,0,2,0,6,E01011636,7,1,1.0,0.0,-1,6,30,1,1,2,10:25,2,1,9
2023141324172,2023,141324172,1,1,3,2,21,5,3,1,1,0,0,0,0,-1,-1,3,1,0.0,1.0,-1,6,30,1,1,1,12:52,4,1,9
2023161334034,2023,161334034,1,1,1,1,18,4,2,0,0,0,0,0,3,2,E01013284,7,1,1.0,0.0,-1,6,30,1,1,1,15:30,5,2,3
2023010463549,2023,010463549,1,1,3,2,17,4,3,5,1,0,0,0,0,1,E01001559,-1,0,0.0,1.0,-1,2,30,1,1,1,18:50,4,1,9
2023131327393,2023,131327393,2,1,1,1,11,3,2,0,0,0,0,0,1,7,E01011588,7,1,1.0,0.0,-1,6,30,1,1,1,08:02,4,2,1
2023520301674,2023,520301674,2,1,1,2,15,3,3,0,0,0,0,0,1,9,E01029209,-1,0,0.11621,0.88379,-1,6,30,1,1,1,20:50,6,3,1
2023302301670,2023,302301670,2,2,1,2,18,4,3,0,0,0,0,0,3,9,E01019595,-1,0,0.13373,0.86627,-1,6,30,2,4,2,20:35,5,2,3
2023010442131,2023,010442131,2,1,1,2,53,8,3,0,0,0,0,0,1,5,E01001921,-1,0,0.0,1.0,-1,6,30,1,1,1,09:10,4,2,1
2023010453699,2023,010453699,1,1,1,1,37,7,2,0,0,0,0,0,1,1,E01003060,-1,0,1.0,0.0,-1,6,20,1,1,1,19:30,5,2,1
2023161380262,2023,161380262,1,1,1,1,38,7,3,0,0,0,0,0,9,8,E01013264,3,1,0.0,1.0,-1,6,30,1,4,1,22:40,2,3,9
2023340WN6392,2023,340WN6392,1,1,1,2,57,9,2,0,0,0,0,0,9,9,E01021654,-1,0,1.0,0.0,-1,3,70,1,1,1,14:45,6,1,9
202354B743723,2023,54B743723,1,1,1,2,29,6,3,0,0,0,0,0,9,6,E01015587,-1,0,0.05002,0.94998,-1,6,40,1,1,2,09:05,2,2,9
2023041277501,2023,041277501,1,1,3,1,34,6,3,5,4,0,0,0,0,3,E01012587,3,1,0.0,1.0,-1,6,30,1,1,1,17:15,4,1,9
2023451344018,2023,451344018,2,1,1,1,30,6,3,0,0,0,0,0,2,10,E01030320,3,1,0.0,1.0,-1,6,30,1,1,1,12:47,1,2,2
2023311365128,2023,311365128,1,1,1,2,39,7,3,0,0,0,0,0,9,3,E01013944,3,1,0.0,1.0,-1,6,30,2,1,2,09:20,6,2,9
2023421356922,2023,421356922,1,1,1,1,44,7,3,0,0,0,0,0,9,5,E01021487,3,1,0.0,1.0,-1,6,30,1,4,1,21:10,2,2,9
2023440479027,2023,440479027,2,1,1,1,15,3,3,0,0,0,0,0,1,5,E01023129,-1,0,0.12302,0.87698,-1,6,30,1,1,1,08:34,5,2,1
2023010446992,2023,010446992,2,1,1,1,21,5,3,0,0,0,0,0,2,3,E01001972,-1,0,0.0,1.0,-1,6,20,9,1,1,17:11,1,2,2
2023401271831,2023,401271831,1,2,3,1,23,5,2,4,1,0,0,0,0,4,E01015792,7,1,1.0,0.0,-1,6,30,1,4,2,06:30,6,1,9
2023540033823,2023,540033823,1,1,3,1,23,5,2,5,1,0,0,0,0,2,E01032086,-1,0,1.0,0.0,-1,6,50,1,1,1,14:52,2,1,9
2023131341013,2023,131341013,2,1,1,1,52,8,2,0,0,0,0,0,1,3,E01011601,7,1,1.0,0.0,-1,6,30,1,4,1,22:45,5,2,1
2023543439223,2023,543439223,1,1,1,1,40,7,3,0,0,0,0,0,9,6,E01031889,-1,0,0.03114,0.96886,-1,1,30,1,4,2,20:30,6,2,9
2023061324578,2023,061324578,1,2,2,2,20,4,3,0,0,1,0,0,9,1,E01004802,3,1,0.0,1.0,-1,6,30,2,1,2,18:20,6,2,9
2023461365793,2023,461365793,2,1,1,2,43,7,3,0,0,0,0,0,9,7,E01024035,3,1,0.0,1.0,-1,6,60,1,1,1,16:04,1,2,9
2023471340861,2023,471340861,1,1,1,1,28,6,2,0,0,0,0,0,9,8,E01021147,6,1,1.0,0.0,-1,6,60,8,6,1,01:29,7,1,9
2023010481678,2023,010481678,1,1,2,2,78,11,3,0,0,0,3,0,11,-1,-1,-1,0,0.0,1.0,-1,6,30,9,1,2,09:55,1,1,11
2023010443656,2023,010443656,1,1,3,1,51,8,3,9,5,0,0,0,0,2,E01003024,-1,0,0.0,1.0,-1,6,20,1,1,1,11:40,5,1,11
2023131263126,2023,131263126,1,1,3,1,69,10,3,8,5,0,0,2,0,7,E01011509,3,1,0.0,1.0,-1,6,30,1,4,1,18:30,6,1,9
2023010428036,2023,010428036,1,1,1,1,62,9,3,0,0,0,0,0,1,8,E01003861,-1,0,0.0,1.0,-1,9,30,1,1,1,13:20,1,2,1
2023340NN1812,2023,340NN1812,1,1,1,1,55,8,2,0,0,0,0,0,5,2,E01026957,-1,0,1.0,0.0,-1,6,60,1,1,1,10:50,7,2,5
2023010426382,2023,010426382,1,1,1,1,37,7,3,0,0,0,0,0,8,8,E01000412,-1,0,0.0,1.0,-1,6,20,1,4,1,01:04,5,2,8
2023231277510,2023,231277510,4,1,1,1,32,6,3,0,0,0,0,0,9,10,E01028423,3,1,0.0,1.0,-1,6,50,1,1,1,06:05,6,4,9
2023440425225,2023,440425225,1,1,1,2,31,6,3,0,0,0,0,0,9,8,E01022786,-1,0,0.0153,0.9847,-1,1,30,1,1,1,09:44,3,2,9
2023471352640,2023,471352640,1,3,2,1,18,4,3,0,0,2,0,0,9,1,E01021136,3,1,0.0,1.0,-1,6,60,1,6,1,01:40,6,1,9
2023522301523,2023,522301523,1,1,3,2,4,1,3,5,2,0,0,0,0,-1,-1,-1,0,0.09425,0.90575,-1,6,20,9,1,1,18:30,7,1,9
2023461383790,2023,461383790,1,1,2,2,29,6,3,0,0,2,0,0,8,4,E01016115,3,1,0.0,1.0,-1,6,30,1,1,2,09:06,2,1,8
2023010427266,2023,010427266,1,1,1,2,44,7,3,0,0,0,0,0,3,1,E01032575,-1,0,0.0,1.0,-1,6,20,1,4,1,18:12,3,2,3
2023451345289,2023,451345289,1,1,1,1,18,4,2,0,0,0,0,0,5,6,E01023140,7,1,1.0,0.0,-1,6,40,1,4,1,19:59,5,2,5
2023101329276,2023,101329276,2,1,1,1,30,6,3,0,0,0,0,0,9,1,E01008849,3,1,0.0,1.0,-1,6,30,1,1,1,17:30,2,2,9
2023410195609,2023,410195609,1,1,1,2,49,8,3,0,0,0,0,0,9,-1,-1,-1,0,0.02186,0.97814,-1,6,40,1,1,2,10:00,6,2,9
2023430326512,2023,430326512,2,2,1,1,32,6,3,0,0,0,0,0,9,2,E01015759,-1,0,0.07711,0.92289,-1,6,60,2,7,2,23:10,7,2,9
2023991297021,2023,991297021,2,2,2,2,18,4,2,0,0,1,0,0,9,2,-1,7,1,1.0,0.0,-1,6,30,1,1,1,16:30,6,3,9
2023501358755,2023,501358755,2,1,1,1,-1,-1,3,0,0,0,0,0,19,4,E01007810,3,1,0.0,1.0,-1,6,40,2,1,2,12:02,3,2,19
2023320697026,2023,320697026,1,1,3,2,65,9,2,5,3,0,0,0,0,7,E01026208,-1,0,1.0,0.0,-1,2,30,1,1,1,11:20,6,1,19
2023010431352,2023,010431352,1,1,1,2,39,7,3,0,0,0,0,0,1,2,E01033726,-1,0,0.0,1.0,-1,1,30,2,1,2,09:30,5,2,1
2023332300774,2023,332300774,2,1,1,2,27,6,3,0,0,0,0,0,1,3,E01025989,-1,0,0.0343,0.9657,-1,6,20,1,1,1,09:00,2,2,1
2023522300930,2023,522300930,1,1,1,1,22,5,2,0,0,0,0,0,1,4,E01014627,-1,0,1.0,0.0,-1,6,20,1,1,1,08:30,3,2,1
2023010466571,2023,010466571,1,1,1,1,30,6,3,0,0,0,0,0,1,10,E01032638,-1,0,0.0,1.0,-1,6,30,1,1,1,14:45,7,4,1
2023332301102,2023,332301102,5,3,2,2,53,8,3,0,0,2,0,0,8,1,E01025699,-1,0,0.02857,0.97143,-1,6,60,1,1,2,08:00,4,5,8
2023010483054,2023,010483054,1,1,1,1,23,5,3,0,0,0,0,0,9,3,E01001076,-1,0,0.0,1.0,-1,6,40,2,1,2,12:50,7,1,9
2023501381535,2023,501381535,1,1,1,1,32,6,3,0,0,0,0,0,9,2,E01010038,3,1,0.0,1.0,-1,3,70,1,4,1,20:35,2,2,9
2023531400732,2023,531400732,2,1,2,2,50,8,3,0,0,1,0,0,9,6,E01022260,3,1,0.0,1.0,-1,6,50,1,1,1,16:40,7,2,9
2023010476302,2023,010476302,1,1,3,2,35,6,3,1,1,0,0,0,0,2,E01002282,-1,0,0.0,1.0,-1,6,30,1,4,1,18:20,1,1,9
2023332300242,2023,332300242,1,1,3,2,15,3,2,5,1,0,0,0,0,-1,-1,-1,0,1.0,0.0,-1,6,30,2,1,2,11:47,4,1,19
2023421360976,2023,421360976,1,1,3,1,10,2,3,4,1,0,0,0,0,-1,-1,3,1,0.0,1.0,-1,6,30,1,1,1,08:30,2,1,9
2023211345599,2023,211345599,2,1,1,1,51,8,2,0,0,0,0,0,5,6,E01028852,7,1,1.0,0.0,-1,6,30,1,1,1,16:59,6,2,5
2023440076307,2023,440076307,1,1,1,1,34,6,3,0,0,0,0,0,1,-1,-1,-1,0,0.09953,0.90047,-1,6,30,1,1,1,12:15,5,2,1
2023471387836,2023,471387836,4,1,1,1,37,7,3,0,0,0,0,0,5,3,E01031350,3,1,0.0,1.0,-1,6,60,1,6,2,07:40,4,4,5
2023471360858,2023,471360858,1,1,1,1,11,3,2,0,0,0,0,0,1,3,E01016891,7,1,1.0,0.0,-1,6,30,1,1,1,13:09,1,2,1
2023010443731,2023,010443731,1,1,1,1,42,7,3,0,0,0,0,0,1,4,E01004565,-1,0,0.0,1.0,-1,6,20,1,1,1,16:20,5,2,1
2023041379672,2023,041379672,2,1,1,1,47,8,3,0,0,0,0,0,1,5,E01025153,3,1,0.0,1.0,-1,6,30,1,1,1,12:50,5,2,1
2023440004537,2023,440004537,2,1,1,1,43,7,2,0,0,0,0,0,1,5,E01017088,-1,0,1.0,0.0,-1,6,30,1,4,2,18:01,4,2,1
2023010480636,2023,010480636,1,1,1,1,25,5,3,0,0,0,0,0,3,3,E01000553,-1,0,0.0,1.0,-1,9,30,2,7,2,00:20,2,2,3
2023461366265,2023,461366265,2,1,1,1,49,8,3,0,0,0,0,0,3,4,E01024219,3,1,0.0,1.0,-1,6,30,2,1,2,14:10,4,2,3
2023991363017,2023,991363017,1,1,1,1,35,6,2,0,0,0,0,0,5,8,-1,7,1,1.0,0.0,-1,6,60,1,1,1,10:40,1,2,5
2023010426698,2023,010426698,1,2,2,-1,-1,-1,2,0,0,2,0,0,8,-1,-1,-1,0,1.0,0.0,-1,6,20,2,4,1,01:40,1,2,8
2023052300123,2023,052300123,1,1,2,1,14,3,3,0,0,0,0,0,1,5,E01006670,-1,0,0.14073,0.85927,-1,6,30,1,1,1,16:05,5,2,1
2023041268495,2023,041268495,2,9,2,1,86,11,3,0,0,0,4,0,11,10,E01025258,3,1,0.0,1.0,-1,6,30,1,1,1,11:20,5,2,11
2023052300396,2023,052300396,2,1,1,2,60,9,3,0,0,0,0,0,9,-1,-1,-1,0,0.02625,0.97375,-1,3,30,1,1,1,14:20,6,2,9
2023010431656,2023,010431656,1,1,1,1,43,7,3,0,0,0,0,0,1,1,E01001765,-1,0,0.0,1.0,-1,6,20,1,1,1,13:45,7,2,1
2023991323791,2023,991323791,1,1,1,1,19,4,2,0,0,0,0,0,5,8,E01025942,6,1,1.0,0.0,-1,6,60,2,1,2,15:15,4,1,5
2023010444554,2023,010444554,1,1,1,2,23,5,3,0,0,0,0,0,9,3,E01001547,-1,0,0.0,1.0,-1,6,30,1,1,1,17:32,7,2,9
2023201421641,2023,201421641,1,1,1,1,58,9,3,0,0,0,0,0,9,2,E01010020,3,1,0.0,1.0,-1,6,30,4,4,2,17:11,7,2,9
2023451302624,2023,451302624,1,1,1,2,38,7,3,0,0,0,0,0,9,4,E01030383,3,1,0.0,1.0,-1,6,30,1,1,2,13:46,2,2,9
2023221276412,2023,221276412,1,1,1,1,65,9,3,0,0,0,0,0,19,3,E01032242,3,1,0.0,1.0,-1,6,30,1,1,1,07:24,4,2,19
2023320545840,2023,320545840,1,1,1,1,91,11,3,0,0,0,0,0,22,1,E01026069,-1,0,0.21514,0.78486,-1,6,20,1,1,1,13:15,7,1,22
2023010443257,2023,010443257,2,1,1,1,29,6,2,0,0,0,0,0,5,6,E01023340,-1,0,1.0,0.0,-1,6,30,1,1,1,08:06,3,2,5
2023440098360,2023,440098360,1,1,3,2,12,3,2,5,1,0,0,0,0,8,E01022667,-1,0,1.0,0.0,-1,6,30,1,1,1,14:05,7,1,9
2023010445775,2023,010445775,1,2,2,-1,-1,-1,3,0,0,2,0,0,9,6,E01003699,-1,0,0.0,1.0,-1,2,30,1,1,1,18:00,7,2,9
2023041379004,2023,041379004,1,1,1,1,24,5,3,0,0,0,0,0,9,1,E01025189,3,1,0.0,1.0,-1,3,50,1,1,1,13:30,7,2,9
2023401354335,2023,401354335,1,1,1,2,44,7,3,0,0,0,0,0,9,7,E01017571,3,1,0.0,1.0,-1,6,40,1,1,-1,13:31,2,2,9
2023461358386,2023,461358386,1,1,1,1,42,7,2,0,0,0,0,0,9,3,E01024352,7,1,1.0,0.0,-1,3,70,1,4,1,00:32,1,2,9
2023501363681,2023,501363681,2,1,1,2,36,7,3,0,0,0,0,0,9,6,E01020223,3,1,0.0,1.0,-1,7,40,1,1,1,08:00,3,2,9
2023501379626,2023,501379626,2,1,1,1,29,6,2,0,0,0,0,0,3,5,E01019066,7,1,1.0,0.0,-1,1,30,1,4,2,17:24,2,2,3
2023451369429,2023,451369429,1,1,1,1,57,9,2,0,0,0,0,0,5,7,E01023135,7,1,1.0,0.0,-1,7,70,1,1,2,06:48,4,2,5
2023010457886,2023,010457886,1,1,2,-1,-1,-1,3,0,0,2,0,0,8,4,E01002250,-1,0,0.0,1.0,-1,3,40,8,1,1,12:15,7,2,8
2023041292226,2023,041292226,1,1,3,1,8,2,3,8,4,0,0,0,0,1,E01025084,3,1,0.0,1.0,-1,6,30,1,4,1,19:50,5,1,9
2023010480553,2023,010480553,2,1,1,1,50,8,3,0,0,0,0,0,3,3,E01003141,-1,0,0.0,1.0,-1,6,30,2,4,2,19:00,2,2,3
2023991266183,2023,991266183,1,1,3,2,14,3,3,1,1,0,0,0,0,10,-1,3,1,0.0,1.0,-1,6,30,1,1,2,15:00,6,1,9
2023501316130,2023,501316130,2,1,1,1,15,3,3,0,0,0,0,0,1,2,E01018984,3,1,0.0,1.0,-1,6,60,1,1,1,22:15,3,2,1
2023302301248,2023,302301248,2,1,1,1,29,6,3,0,0,0,0,0,8,4,E01028077,-1,0,0.0053,0.9947,-1,6,30,9,1,1,15:30,1,2,8
2023131352500,2023,131352500,1,3,1,1,53,8,3,0,0,0,0,0,19,3,E01010846,3,1,0.0,1.0,-1,6,30,1,1,2,08:12,5,3,19
2023131310716,2023,131310716,1,1,3,1,15,3,3,5,3,0,0,2,0,6,E01010969,3,1,0.0,1.0,-1,6,40,1,1,1,16:28,3,1,9
2023201400723,2023,201400723,1,1,3,1,44,7,3,4,1,0,0,2,0,-1,-1,3,1,0.0,1.0,-1,6,30,1,4,1,23:56,3,1,9
2023320697843,2023,320697843,1,1,3,2,54,8,2,9,7,0,0,0,0,7,E01026029,-1,0,1.0,0.0,-1,6,30,1,4,1,06:40,6,1,19
2023061382190,2023,061382190,2,1,1,1,22,5,3,0,0,0,0,0,1,2,E01005288,3,1,0.0,1.0,-1,3,30,1,4,-1,16:39,4,2,1
2023010459986,2023,010459986,1,1,3,2,31,6,3,5,9,0,0,0,0,2,E01003063,-1,0,0.0,1.0,-1,3,30,8,1,1,19:56,5,1,11
2023111379280,2023,111379280,1,1,3,2,12,3,3,5,1,0,0,2,0,2,E01020722,3,1,0.0,1.0,-1,6,30,1,1,1,15:45,3,1,9
2023451382037,2023,451382037,1,1,3,2,75,10,2,5,1,0,0,0,0,-1,-1,7,1,1.0,0.0,-1,6,30,1,1,4,16:30,6,1,9
2023430222292,2023,430222292,1,1,3,1,6,2,3,5,2,0,0,0,0,5,E01016280,-1,0,0.1315,0.8685,-1,6,30,1,1,1,11:17,1,1,9
2023421344633,2023,421344633,2,1,1,1,48,8,3,0,0,0,0,0,9,7,E01015955,3,1,0.0,1.0,-1,3,60,1,1,1,12:30,2,2,9
2023461312899,2023,461312899,1,1,1,2,34,6,3,0,0,0,0,0,9,6,E01024512,3,1,0.0,1.0,-1,6,30,1,1,1,15:26,6,2,9
2023101392744,2023,101392744,2,1,1,1,24,5,3,0,0,0,0,0,9,5,E01008554,3,1,0.0,1.0,-1,6,30,1,7,2,00:45,4,2,9
2023302400096,2023,302400096,1,1,2,2,28,6,3,0,0,1,0,0,9,4,E01006049,-1,0,0.09363,0.90637,-1,6,30,1,4,2,23:59,7,4,9
2023440238822,2023,440238822,2,4,2,1,43,7,3,0,0,0,0,0,90,9,E01023076,-1,0,0.15005,0.84995,-1,6,30,1,1,1,11:33,6,2,90
2023101325401,2023,101325401,1,1,1,1,20,4,1,0,0,0,0,0,9,2,E01008478,1,1,0.0,0.0,-1,6,30,1,1,1,15:25,1,2,9
2023421334288,2023,421334288,2,1,1,2,32,6,3,0,0,0,0,0,9,7,E01021457,3,1,0.0,1.0,-1,6,40,1,1,1,15:15,7,2,9
2023610024823,2023,610024823,1,2,2,1,26,6,1,0,0,1,0,0,9,9,W01001514,-1,0,0.0,0.0,-1,6,30,1,4,1,22:50,1,1,9
2023451287512,2023,451287512,1,1,1,1,54,8,3,0,0,0,0,0,19,7,E01017255,3,1,0.0,1.0,-1,3,50,2,1,2,18:00,4,2,19
2023070077231,2023,070077231,1,1,1,1,32,6,3,0,0,0,0,0,21,1,E01005709,-1,0,0.08743,0.91257,-1,3,70,1,6,2,21:26,5,2,21
2023161350514,2023,161350514,1,1,1,1,41,7,3,0,0,0,0,0,90,8,E01012791,3,1,0.0,1.0,-1,3,40,1,1,1,15:52,4,1,90
2023010435074,2023,010435074,1,1,1,2,40,7,2,0,0,0,0,0,9,7,E01001131,-1,0,1.0,0.0,-1,6,30,1,1,1,16:09,5,1,9
2023141354612,2023,141354612,1,1,1,1,19,4,2,0,0,0,0,0,9,-1,-1,7,1,1.0,0.0,-1,6,30,1,4,1,00:35,5,3,9
2023311362655,2023,311362655,1,1,1,1,41,7,3,0,0,0,0,0,9,9,E01028222,3,1,0.0,1.0,-1,3,30,2,4,2,23:11,5,2,9
2023411420291,2023,411420291,1,1,1,2,21,5,3,0,0,0,0,0,9,9,E01023833,3,1,0.0,1.0,-1,7,50,1,4,2,21:39,2,2,9
2023501327557,2023,501327557,2,2,1,1,33,6,3,0,0,0,0,0,9,8,E01015251,3,1,0.0,1.0,-1,6,30,2,1,2,11:47,7,2,9
2023010453769,2023,010453769,1,1,1,1,45,7,3,0,0,0,0,0,1,-1,-1,-1,0,0.0,1.0,-1,6,30,1,1,1,16:34,5,2,1
2023010454629,2023,010454629,2,1,1,2,29,6,2,0,0,0,0,0,1,2,E01001815,-1,0,1.0,0.0,-1,3,30,8,1,1,16:25,3,2,1
2023010451034,2023,010451034,1,1,2,2,44,7,3,0,0,1,0,0,9,7,E01001280,-1,0,0.0,1.0,-1,2,20,1,4,1,00:29,1,1,9
2023010478655,2023,010478655,1,1,1,1,36,7,3,0,0,0,0,0,9,3,E01004709,-1,0,0.0,1.0,-1,6,20,1,1,9,09:55,3,2,9
2023131301732,2023,131301732,1,1,1,1,44,7,3,0,0,0,0,0,9,8,E01011051,3,1,0.0,1.0,-1,6,20,8,1,1,16:30,5,3,9
2023351312949,2023,351312949,1,1,1,1,17,4,3,0,0,0,0,0,9,6,E01018110,3,1,0.0,1.0,-1,6,60,1,1,1,16:09,7,2,9
2023471275824,2023,471275824,1,1,3,2,39,7,3,9,6,0,0,0,0,6,E01021204,3,1,0.0,1.0,-1,3,30,1,4,2,17:45,2,1,9
2023221284842,2023,221284842,2,1,1,2,26,6,3,0,0,0,0,0,9,9,E01013987,3,1,0.0,1.0,-1,6,30,3,1,3,08:00,5,2,9
2023361387782,2023,361387782,1,4,2,2,21,5,2,0,0,1,0,0,9,9,E01026582,7,1,1.0,0.0,-1,3,50,1,1,1,10:27,6,4,9
2023461296359,2023,461296359,1,1,1,1,57,9,3,0,0,0,0,0,9,1,E01024504,3,1,0.0,1.0,-1,6,40,8,4,2,19:49,5,2,9
2023540537923,2023,540537923,2,1,1,1,42,7,3,0,0,0,0,0,19,10,E01032097,-1,0,0.01456,0.98544,-1,6,60,1,6,4,18:39,2,2,19
2023010459806,2023,010459806,2,1,1,1,28,6,3,0,0,0,0,0,3,3,E01003592,-1,0,0.0,1.0,-1,6,20,1,4,1,23:38,4,2,3
2023010480099,2023,010480099,1,1,1,2,44,7,3,0,0,0,0,0,3,6,E01004513,-1,0,0.0,1.0,-1,6,20,1,1,1,13:25,6,2,3
2023170S31343,2023,170S31343,2,1,1,1,43,7,3,0,0,0,0,0,3,-1,-1,-1,0,0.13165,0.86835,-1,1,30,1,1,1,14:38,4,2,3
2023010429021,2023,010429021,1,1,1,1,36,7,3,0,0,0,0,0,9,3,E01000642,-1,0,0.0,1.0,-1,6,20,8,4,1,01:50,7,2,9
2023411365092,2023,411365092,1,2,2,1,31,6,3,0,0,1,0,0,9,5,E01023772,3,1,0.0,1.0,-1,6,30,2,7,2,22:15,4,1,9
2023471310166,2023,471310166,1,1,3,2,-1,-1,3,5,4,0,0,0,0,-1,-1,3,1,0.0,1.0,-1,6,30,1,1,1,15:25,1,1,9
2023552300359,2023,552300359,1,2,3,1,20,4,3,9,7,0,0,0,0,9,E01015316,-1,0,0.13451,0.86549,-1,6,30,1,4,1,05:26,1,1,9
2023401312861,2023,401312861,2,1,1,1,44,7,3,0,0,0,0,0,8,6,E01017550,3,1,0.0,1.0,-1,6,30,1,1,1,14:20,4,2,8
2023010438919,2023,010438919,1,1,3,2,30,6,3,6,9,0,0,0,0,6,E01004651,-1,0,0.0,1.0,-1,2,20,1,1,1,14:40,7,1,9
2023332300584,2023,332300584,2,1,3,1,23,5,3,6,9,0,0,0,0,9,E01003360,-1,0,0.09226,0.90774,-1,3,70,1,1,1,19:00,5,2,9
2023520400990,2023,520400990,1,1,3,2,15,3,3,5,1,0,0,0,0,3,E01029041,-1,0,0.08457,0.91543,-1,6,30,2,1,2,08:18,2,1,9
2023201306687,2023,201306687,1,1,1,1,33,6,3,0,0,0,0,0,19,5,E01009032,3,1,0.0,1.0,-1,6,30,2,4,2,20:57,2,3,19
2023161303657,2023,161303657,1,1,1,2,41,7,2,0,0,0,0,0,1,1,E01012806,7,1,1.0,0.0,-1,1,30,1,1,1,08:25,6,2,1
2023501308524,2023,501308524,1,1,1,1,50,8,3,0,0,0,0,0,4,3,E01015061,3,1,0.0,1.0,-1,6,30,1,1,1,15:35,4,2,4
2023320145503,2023,320145503,1,1,3,1,69,10,3,6,9,0,0,0,0,5,E01026221,-1,0,0.12916,0.87084,-1,6,30,3,1,2,10:30,5,1,9
2023010425373,2023,010425373,1,1,1,-1,51,8,3,0,0,0,0,0,1,6,E01003646,-1,0,0.0,1.0,-1,6,20,1,1,1,07:00,5,2,1
2023501403206,2023,501403206,2,1,1,1,53,8,3,0,0,0,0,0,1,9,E01020086,3,1,0.0,1.0,-1,6,30,2,4,2,07:34,4,2,1
2023101268684,2023,101268684,1,1,1,1,37,7,2,0,0,0,0,0,3,2,E01008834,7,1,1.0,0.0,-1,3,30,1,4,1,17:30,5,3,3
2023010479489,2023,010479489,2,1,1,1,71,10,3,0,0,0,0,0,1,1,E01001210,-1,0,0.0,1.0,-1,2,30,1,4,1,06:47,4,2,1
2023010426968,2023,010426968,1,1,1,1,35,6,3,0,0,0,0,0,3,1,E01002067,-1,0,0.0,1.0,-1,3,20,1,4,1,20:16,4,2,3
2023010477867,2023,010477867,1,1,3,2,32,6,3,5,1,0,0,0,0,4,E01003658,-1,0,0.0,1.0,-1,7,20,1,1,1,07:45,3,1,9
2023041353180,2023,041353180,2,1,1,1,49,8,3,0,0,0,0,0,1,7,E01025400,3,1,0.0,1.0,-1,6,30,1,4,1,21:30,5,2,1
2023430382444,2023,430382444,2,1,1,2,32,6,3,0,0,0,0,0,4,5,E01001200,-1,0,0.10155,0.89845,-1,6,30,1,1,1,09:27,7,2,4
2023131391099,2023,131391099,1,1,2,2,36,7,2,0,0,2,0,0,9,6,E01011607,7,1,1.0,0.0,-1,3,30,5,1,2,11:40,5,2,9
2023141270956,2023,141270956,2,3,2,1,3,1,3,0,0,2,0,0,9,1,E01007402,3,1,0.0,1.0,-1,6,30,4,1,1,12:03,4,2,9
2023351387789,2023,351387789,1,2,2,1,29,6,2,0,0,1,0,0,9,-1,-1,7,1,1.0,0.0,-1,6,30,1,4,1,23:46,1,2,9
2023440468454,2023,440468454,1,1,1,1,48,8,3,0,0,0,0,0,9,6,E01017204,-1,0,0.05062,0.94938,-1,6,30,2,1,2,07:59,5,2,9