collision_index,collision_year,collision_ref_no,vehicle_reference,casualty_reference,casualty_class,sex_of_casualty,age_of_casualty,age_band_of_casualty,casualty_severity,pedestrian_location,pedestrian_movement,car_passenger,bus_or_coach_passenger,pedestrian_road_maintenance_worker,casualty_type,casualty_imd_decile,lsoa_of_casualty,enhanced_casualty_severity,casualty_injury_based,casualty_adjusted_severity_serious,casualty_adjusted_severity_slight,casualty_distance_banding,road_type,speed_limit,weather_conditions,light_conditions,road_surface_conditions,time,day_of_week,number_of_vehicles,vehicle_type
2023440447863,2023,440447863,2,2,1,1,30,6,3,0,0,0,0,0,9,7,E01031539,-1,0,0.05445,0.94555,-1,6,30,1,1,1,07:30,5,2,9
2023351291331,2023,351291331,2,1,1,1,30,6,3,0,0,0,0,0,-1,8,E01018003,3,1,0.0,1.0,-1,3,30,1,4,1,19:52,4,2,-1
2023041403709,2023,041403709,2,1,1,1,22,5,2,0,0,0,0,0,1,1,E01012643,7,1,1.0,0.0,-1,6,30,1,5,1,22:55,4,2,1
2023010451606,2023,010451606,1,2,2,-1,-1,-1,3,0,0,2,0,0,8,2,E01000078,-1,0,0.0,1.0,-1,6,20,1,4,2,04:24,1,2,8
2023010440752,2023,010440752,1,3,2,1,12,3,3,0,0,9,0,0,9,3,E01003723,-1,0,0.0,1.0,-1,2,30,1,1,1,17:20,3,2,9
202360A049273,2023,60A049273,1,2,1,1,36,7,3,0,0,0,0,0,19,-1,-1,-1,0,0.11663,0.88337,-1,6,50,1,1,1,17:28,4,3,19
2023071014775,2023,071014775,1,1,3,1,43,7,2,5,3,0,0,0,0,10,E01018554,-1,0,1.0,0.0,-1,1,50,1,1,1,11:30,2,1,9
2023461352338,2023,461352338,2,1,1,2,33,6,3,0,0,0,0,0,9,7,E01024592,3,1,0.0,1.0,-1,6,30,1,1,1,13:52,7,2,9
2023501380113,2023,501380113,1,1,1,1,34,6,3,0,0,0,0,0,9,2,E01018771,3,1,0.0,1.0,-1,3,60,1,6,2,22:10,2,1,9
2023991389057,2023,991389057,1,1,1,2,80,11,1,0,0,0,0,0,9,8,-1,1,1,0.0,0.0,-1,6,60,1,1,2,08:59,7,2,9
2023201289044,2023,201289044,2,1,1,2,59,9,3,0,0,0,0,0,9,5,E01009710,3,1,0.0,1.0,-1,3,30,1,1,1,11:10,3,2,9
2023010446803,2023,010446803,2,1,1,1,-1,-1,2,0,0,0,0,0,1,-1,-1,-1,0,1.0,0.0,-1,6,20,1,1,1,17:45,7,2,1
2023361361254,2023,361361254,1,1,1,1,32,6,3,0,0,0,0,0,1,3,E01033438,3,1,0.0,1.0,-1,6,20,1,4,1,18:54,2,2,1
2023141315171,2023,141315171,1,2,2,1,29,6,3,0,0,0,0,0,19,-1,-1,3,1,0.0,1.0,-1,3,70,1,1,1,16:35,2,2,19
2023201267757,2023,201267757,1,1,3,1,19,4,3,1,1,0,0,2,0,8,E01009814,3,1,0.0,1.0,-1,6,30,1,1,1,11:30,3,1,9
2023010450469,2023,010450469,2,1,1,1,11,3,3,0,0,0,0,0,1,7,E01001204,-1,0,0.0,1.0,-1,6,20,1,1,1,08:23,4,2,1
2023471348111,2023,471348111,2,1,1,1,29,6,3,0,0,0,0,0,3,3,E01031400,3,1,0.0,1.0,-1,6,30,1,1,1,12:55,1,2,3
2023010456713,2023,010456713,2,1,1,1,21,5,3,0,0,0,0,0,3,4,E01004172,-1,0,0.0,1.0,-1,6,30,2,1,2,18:25,7,2,3
2023010445727,2023,010445727,1,1,3,2,71,10,2,4,1,0,0,0,0,3,E01004337,-1,0,1.0,0.0,-1,9,20,1,1,1,11:05,4,1,9
2023010457811,2023,010457811,2,3,1,1,32,6,3,0,0,0,0,0,9,-1,-1,-1,0,0.0,1.0,-1,3,30,1,4,1,02:04,7,2,9
2023010470536,2023,010470536,1,1,1,1,51,8,3,0,0,0,0,0,9,10,E01004093,-1,0,0.0,1.0,-1,6,20,1,1,1,08:10,7,2,9
2023031377783,2023,031377783,2,2,1,-1,-1,-1,3,0,0,0,0,0,9,-1,-1,3,1,0.0,1.0,-1,6,30,1,4,1,18:30,4,2,9
2023052301021,2023,052301021,1,1,1,1,17,4,3,0,0,0,0,0,9,9,E01006582,-1,0,0.03579,0.96421,-1,6,20,1,1,1,15:20,4,2,9
2023161392274,2023,161392274,1,1,1,1,35,6,3,0,0,0,0,0,9,1,E01013296,3,1,0.0,1.0,-1,6,30,1,1,1,09:20,3,1,9
2023501348727,2023,501348727,1,1,1,2,48,8,3,0,0,0,0,0,9,2,E01015181,3,1,0.0,1.0,-1,6,30,1,1,1,07:10,1,2,9
2023501399485,2023,501399485,2,1,1,1,47,8,3,0,0,0,0,0,9,7,E01015099,3,1,0.0,1.0,-1,3,30,2,4,2,18:10,1,2,9
2023471299224,2023,471299224,2,1,1,1,28,6,3,0,0,0,0,0,19,-1,-1,3,1,0.0,1.0,-1,6,30,1,1,1,16:00,4,2,19
2023141291298,2023,141291298,2,1,1,2,49,8,3,0,0,0,0,0,9,-1,-1,3,1,0.0,1.0,-1,3,40,2,1,2,10:31,3,2,9
2023430001941,2023,430001941,1,4,2,2,32,6,3,0,0,1,0,0,9,-1,-1,-1,0,0.11026,0.88974,-1,6,50,1,4,1,17:06,2,2,9
2023501361427,2023,501361427,1,1,2,2,36,7,3,0,0,1,0,0,9,-1,-1,3,1,0.0,1.0,-1,1,60,1,1,1,15:00,7,2,9
2023991325532,2023,991325532,2,4,2,2,60,9,3,0,0,2,0,0,9,1,-1,3,1,0.0,1.0,-1,6,30,1,1,1,17:55,2,3,9
2023041309726,2023,041309726,2,1,1,2,35,6,3,0,0,0,0,0,9,7,E01025180,3,1,0.0,1.0,-1,6,60,1,1,1,18:05,4,2,9
2023041326758,2023,041326758,1,1,1,2,34,6,3,0,0,0,0,0,9,1,E01025045,3,1,0.0,1.0,-1,6,30,1,1,1,16:44,5,2,9
2023302300924,2023,302300924,3,1,1,2,46,8,3,0,0,0,0,0,9,9,E01027020,-1,0,0.075,0.925,-1,6,60,1,1,1,14:50,7,3,9
2023440210344,2023,440210344,1,1,1,2,53,8,3,0,0,0,0,0,9,7,E01023046,-1,0,0.01853,0.98147,-1,6,30,1,1,1,16:20,7,2,9
2023010424900,2023,010424900,1,1,3,2,32,6,3,5,1,0,0,0,0,4,E01003211,-1,0,0.0,1.0,-1,6,20,1,1,1,08:05,4,1,9
2023052300697,2023,052300697,1,1,3,2,64,9,2,5,3,0,0,0,0,2,E01006708,-1,0,1.0,0.0,-1,6,30,1,1,1,17:05,7,1,9
2023010477165,2023,010477165,1,1,1,1,51,8,2,0,0,0,0,0,1,9,E01004095,-1,0,1.0,0.0,-1,6,20,2,4,2,17:25,5,2,1
2023010461027,2023,010461027,1,1,1,1,20,4,3,0,0,0,0,0,9,3,E01004012,-1,0,0.0,1.0,-1,6,20,1,4,1,00:40,6,2,9
2023201397851,2023,201397851,1,1,1,1,46,8,3,0,0,0,0,0,9,1,E01008941,3,1,0.0,1.0,-1,6,30,1,1,1,17:00,6,2,9
2023451279538,2023,451279538,1,1,2,1,31,6,1,0,0,2,0,0,9,8,E01033331,1,1,0.0,0.0,-1,3,70,1,4,2,02:55,5,1,9
2023010438517,2023,010438517,1,1,1,1,81,11,3,0,0,0,0,0,9,5,E01003359,-1,0,0.0,1.0,-1,6,20,1,1,1,16:02,5,2,9
2023010475785,2023,010475785,1,3,2,-1,33,6,3,0,0,2,0,0,9,6,E01016000,-1,0,0.0,1.0,-1,6,40,2,4,2,18:07,6,2,9
2023010479584,2023,010479584,2,2,1,1,64,9,3,0,0,0,0,0,9,8,E01000120,-1,0,0.0,1.0,-1,6,30,1,1,1,15:19,4,2,9
2023041266511,2023,041266511,1,1,1,2,41,7,2,0,0,0,0,0,9,7,E01012602,7,1,1.0,0.0,-1,3,70,1,6,1,17:40,7,2,9
2023041393163,2023,041393163,1,2,2,2,27,6,3,0,0,1,0,0,9,7,E01025131,3,1,0.0,1.0,-1,6,60,5,6,2,19:13,6,1,9
2023010487151,2023,010487151,1,1,1,1,39,7,3,0,0,0,0,0,3,3,E01032785,-1,0,0.0,1.0,-1,9,20,9,1,9,11:50,1,2,3
2023041323382,2023,041323382,2,1,1,1,40,7,3,0,0,0,0,0,9,2,E01012728,3,1,0.0,1.0,-1,6,30,1,1,1,17:46,3,2,9
2023070721964,2023,070721964,2,1,1,2,39,7,3,0,0,0,0,0,9,3,E01033051,-1,0,0.01499,0.98501,-1,3,70,1,1,1,14:30,2,4,9
2023320545315,2023,320545315,6,1,1,2,70,10,3,0,0,0,0,0,9,8,E01026065,-1,0,0.07884,0.92116,-1,6,60,1,1,1,10:25,7,6,9
2023421367061,2023,421367061,1,1,1,2,75,10,3,0,0,0,0,0,9,9,E01021740,3,1,0.0,1.0,-1,6,30,1,1,1,16:39,4,1,9
2023501356199,2023,501356199,1,1,2,2,14,3,3,0,0,2,0,0,9,-1,-1,3,1,0.0,1.0,-1,6,60,1,1,1,15:06,2,1,9
2023991346147,2023,991346147,2,1,1,1,22,5,3,0,0,0,0,0,9,3,-1,3,1,0.0,1.0,-1,6,30,2,1,2,15:35,6,4,9
2023421309588,2023,421309588,2,1,1,1,44,7,2,0,0,0,0,0,1,7,E01021679,5,1,1.0,0.0,-1,1,30,1,1,1,17:45,7,2,1
2023010450313,2023,010450313,2,1,1,1,53,8,3,0,0,0,0,0,3,7,E01002220,-1,0,0.0,1.0,-1,6,20,1,1,1,16:15,3,2,3
2023421294508,2023,421294508,1,1,3,1,50,8,3,4,1,0,0,0,0,2,E01021592,3,1,0.0,1.0,-1,6,20,2,4,2,20:26,4,1,9
2023071179101,2023,071179101,2,1,1,1,43,7,3,0,0,0,0,0,1,7,E01018429,-1,0,0.15522,0.84478,-1,6,60,2,6,2,17:15,5,2,1
2023010466501,2023,010466501,1,1,1,1,20,4,2,0,0,0,0,0,9,-1,-1,-1,0,1.0,0.0,-1,3,30,1,4,1,21:07,7,1,9
2023451266285,2023,451266285,1,1,1,1,26,6,2,0,0,0,0,0,9,8,E01001126,7,1,1.0,0.0,-1,6,30,1,1,1,07:22,6,2,9
2023531329777,2023,531329777,2,1,1,2,40,7,3,0,0,0,0,0,9,5,E01009283,3,1,0.0,1.0,-1,7,70,5,1,2,16:40,7,2,9
2023991284223,2023,991284223,2,1,1,1,67,10,2,0,0,0,0,0,9,6,-1,6,1,1.0,0.0,-1,3,70,1,1,1,16:30,3,2,9
2023010432416,2023,010432416,1,1,3,1,35,6,2,4,3,0,0,0,0,4,E01030615,-1,0,1.0,0.0,-1,6,20,2,4,2,20:57,4,1,9
2023320593214,2023,320593214,1,1,3,1,11,3,3,8,1,0,0,0,0,4,E01026366,-1,0,0.13853,0.86147,-1,6,30,1,1,1,16:30,5,1,19
2023061271647,2023,061271647,3,2,2,2,11,3,2,0,0,1,0,0,9,8,E01004773,7,1,1.0,0.0,-1,6,30,1,1,2,15:31,5,3,9
2023061395787,2023,061395787,1,2,2,2,19,4,3,0,0,1,0,0,9,5,E01006200,3,1,0.0,1.0,-1,6,30,1,4,1,17:00,5,4,9
2023411354685,2023,411354685,5,3,2,2,62,9,3,0,0,1,0,0,9,9,E01032958,3,1,0.0,1.0,-1,3,70,1,1,1,10:11,2,6,9
2023501292579,2023,501292579,2,1,1,2,58,9,2,0,0,0,0,0,9,7,E01020169,6,1,1.0,0.0,-1,6,60,1,1,1,08:39,5,2,9
2023052302947,2023,052302947,1,2,3,1,0,1,3,5,9,0,0,0,0,-1,-1,-1,0,0.10414,0.89586,-1,6,30,1,1,1,11:15,7,1,9
2023070685493,2023,070685493,1,1,3,1,4,1,2,10,9,0,0,0,0,2,E01012442,-1,0,1.0,0.0,-1,6,30,1,1,1,15:42,6,1,9
2023041294645,2023,041294645,1,1,1,1,70,10,2,0,0,0,0,0,97,8,E01025344,6,1,1.0,0.0,-1,6,40,1,1,1,10:35,6,1,97
2023010438130,2023,010438130,1,1,3,1,26,6,3,9,5,0,0,0,0,2,E01000028,-1,0,0.0,1.0,-1,6,30,1,4,1,21:40,3,1,9
2023430046940,2023,430046940,1,1,3,2,51,8,2,1,1,0,0,0,0,8,E01016797,-1,0,1.0,0.0,-1,6,30,1,7,1,18:05,3,1,9
2023111310235,2023,111310235,2,1,1,2,30,6,3,0,0,0,0,0,9,2,E01012314,3,1,0.0,1.0,-1,6,30,1,1,1,07:46,6,2,9
2023631319798,2023,631319798,1,5,2,2,2,1,3,0,0,2,0,0,9,9,W01000861,3,1,0.0,1.0,-1,3,50,1,1,1,15:15,7,2,9
2023041303017,2023,041303017,1,1,3,2,90,11,1,8,4,0,0,2,0,9,E01025601,1,1,0.0,0.0,-1,6,30,1,1,1,10:02,3,3,9
2023141330011,2023,141330011,2,1,1,1,33,6,3,0,0,0,0,0,9,-1,-1,3,1,0.0,1.0,-1,6,30,1,4,1,01:45,2,3,9
2023231374075,2023,231374075,1,5,2,1,1,1,3,0,0,2,0,0,9,-1,-1,3,1,0.0,1.0,-1,6,30,1,4,1,23:30,4,3,9
2023991277907,2023,991277907,2,1,1,2,62,9,3,0,0,0,0,0,9,10,-1,3,1,0.0,1.0,-1,6,30,1,4,1,19:35,4,2,9
2023010464113,2023,010464113,2,1,1,1,66,10,3,0,0,0,0,0,9,3,E01024392,-1,0,0.0,1.0,-1,6,30,1,1,1,05:52,3,2,9
2023101384147,2023,101384147,1,1,1,1,25,5,3,0,0,0,0,0,9,9,E01008722,3,1,0.0,1.0,-1,6,30,1,4,2,22:50,5,2,9
2023141391993,2023,141391993,1,1,1,1,29,6,3,0,0,0,0,0,9,2,E01007541,3,1,0.0,1.0,-1,6,60,4,1,2,15:13,1,1,9
2023052301060,2023,052301060,2,1,1,1,49,8,2,0,0,0,0,0,1,3,E01007233,-1,0,1.0,0.0,-1,6,30,1,4,1,05:15,4,2,1
2023052302460,2023,052302460,2,1,1,1,35,6,3,0,0,0,0,0,1,1,E01007010,-1,0,0.08812,0.91188,-1,3,30,1,1,1,17:20,2,2,1
2023101361314,2023,101361314,1,1,1,1,27,6,3,0,0,0,0,0,9,3,E01008639,3,1,0.0,1.0,-1,3,60,1,1,1,14:40,2,1,9
2023340WN1672,2023,340WN1672,1,1,1,2,26,6,3,0,0,0,0,0,9,9,E01033514,-1,0,0.05213,0.94787,-1,3,40,8,1,2,15:23,4,2,9
2023501362697,2023,501362697,1,1,1,1,93,11,2,0,0,0,0,0,9,3,E01019005,6,1,1.0,0.0,-1,6,60,1,1,2,15:42,6,1,9
2023501326046,2023,501326046,1,1,3,1,43,7,3,6,7,0,0,0,0,3,E01018815,3,1,0.0,1.0,-1,6,60,1,1,1,12:45,4,1,9
2023010456174,2023,010456174,2,1,1,-1,-1,-1,3,0,0,0,0,0,1,-1,-1,-1,0,0.0,1.0,-1,6,30,1,1,1,08:30,4,2,1
2023522301702,2023,522301702,2,1,1,2,24,5,3,0,0,0,0,0,1,5,E01014548,-1,0,0.02325,0.97675,-1,6,20,1,1,1,12:25,6,2,1
2023010484247,2023,010484247,5,3,2,1,18,4,3,0,0,2,0,0,8,3,E01000062,-1,0,0.0,1.0,-1,7,50,1,4,2,02:50,6,6,8
2023122300544,2023,122300544,1,1,1,2,43,7,3,0,0,0,0,0,9,1,E01012304,-1,0,0.02594,0.97406,-1,6,30,8,1,4,08:51,4,2,9
2023421296334,2023,421296334,1,2,2,2,57,9,3,0,0,1,0,0,9,4,E01021272,3,1,0.0,1.0,-1,6,30,1,1,1,11:22,5,1,9
2023440490445,2023,440490445,2,1,1,1,43,7,3,0,0,0,0,0,9,9,E01023050,-1,0,0.03332,0.96668,-1,3,70,1,6,1,18:10,5,2,9
2023991362254,2023,991362254,2,1,1,1,48,8,3,0,0,0,0,0,9,-1,-1,3,1,0.0,1.0,-1,6,20,1,1,1,12:55,2,2,9
2023411348463,2023,411348463,2,4,2,1,6,2,3,0,0,2,0,0,9,5,E01023638,3,1,0.0,1.0,-1,7,70,1,1,1,20:03,7,2,9
2023010442605,2023,010442605,1,1,1,1,27,6,3,0,0,0,0,0,3,2,E01004389,-1,0,0.0,1.0,-1,6,20,2,1,2,12:10,6,2,3
2023371342427,2023,371342427,1,2,1,2,80,11,2,0,0,0,0,0,9,6,E01030150,6,1,1.0,0.0,-1,3,60,1,1,1,12:25,4,2,9
2023010458111,2023,010458111,1,1,1,1,29,6,3,0,0,0,0,0,1,3,E01001819,-1,0,0.0,1.0,-1,6,20,1,1,1,12:30,7,2,1
2023101350742,2023,101350742,1,4,2,1,15,3,2,0,0,0,0,0,19,1,E01033547,5,1,1.0,0.0,-1,3,50,1,1,1,09:19,6,2,19
2023122300894,2023,122300894,1,1,3,1,78,11,3,9,8,0,0,0,0,8,E01027586,-1,0,0.18082,0.81918,-1,6,60,1,1,1,09:20,6,1,9
2023302300803,2023,302300803,1,1,1,1,-1,-1,3,0,0,0,0,0,1,1,E01013487,-1,0,0.13448,0.86552,-1,6,30,9,4,1,00:14,1,2,1
2023201328152,2023,201328152,1,1,1,2,24,5,3,0,0,0,0,0,9,2,E01010102,3,1,0.0,1.0,-1,6,30,1,1,1,18:12,5,2,9
2023010431114,2023,010431114,1,1,3,-1,29,6,3,1,9,0,0,0,0,7,E01000797,-1,0,0.0,1.0,-1,6,30,2,4,2,20:04,4,2,9
2023421381517,2023,421381517,1,1,3,2,65,9,2,5,3,0,0,0,0,6,E01021573,7,1,1.0,0.0,-1,6,30,1,4,2,17:17,6,1,9
2023471264936,2023,471264936,2,1,1,1,30,6,3,0,0,0,0,0,3,4,E01016850,3,1,0.0,1.0,-1,6,30,1,1,1,16:25,3,2,3
2023010437312,2023,010437312,2,1,2,1,32,6,2,0,0,2,0,0,9,4,E01002779,-1,0,1.0,0.0,-1,3,30,1,4,1,03:28,6,2,9
2023010477774,2023,010477774,1,2,2,2,-1,-1,3,0,0,1,0,0,9,8,E01001614,-1,0,0.0,1.0,-1,6,30,1,4,2,19:04,2,3,9
2023141262733,2023,141262733,1,3,2,1,5,1,3,0,0,2,0,0,9,6,E01008128,3,1,0.0,1.0,-1,6,60,2,1,5,15:50,4,1,9
2023302300408,2023,302300408,2,2,1,2,34,6,3,0,0,0,0,0,9,4,E01019458,-1,0,0.02623,0.97377,-1,6,30,1,1,2,17:24,7,2,9
2023461361875,2023,461361875,2,2,2,1,6,2,3,0,0,2,0,0,9,6,E01024034,3,1,0.0,1.0,-1,7,40,1,1,1,12:45,3,2,9
2023010423527,2023,010423527,1,1,1,2,49,8,3,0,0,0,0,0,9,-1,-1,-1,0,0.0,1.0,-1,6,20,1,4,1,19:43,4,2,9
2023131317903,2023,131317903,3,2,1,1,21,5,3,0,0,0,0,0,9,2,E01011000,3,1,0.0,1.0,-1,6,40,1,1,1,14:25,2,3,9
2023161281805,2023,161281805,2,2,1,1,36,7,3,0,0,0,0,0,9,1,E01012785,3,1,0.0,1.0,-1,6,30,2,1,2,08:30,4,3,9
2023471345637,2023,471345637,1,1,3,1,57,9,3,4,3,0,0,0,0,6,E01031452,3,1,0.0,1.0,-1,6,30,1,1,1,17:44,6,1,11
2023010454616,2023,010454616,1,1,1,1,28,6,3,0,0,0,0,0,1,6,E01004474,-1,0,0.0,1.0,-1,2,20,1,1,2,08:10,3,2,1
2023010430169,2023,010430169,1,4,2,1,27,6,3,0,0,2,0,0,9,2,E01000056,-1,0,0.0,1.0,-1,1,30,1,4,1,01:45,6,1,9
2023440009446,2023,440009446,1,1,2,1,34,6,2,0,0,1,0,0,9,8,E01023136,-1,0,1.0,0.0,-1,6,40,2,1,2,12:17,1,1,9
2023010441171,2023,010441171,1,1,3,2,12,3,3,1,3,0,0,0,0,2,E01003082,-1,0,0.0,1.0,-1,3,30,1,1,1,07:15,4,1,9
2023170H10433,2023,170H10433,1,1,3,2,51,8,3,5,2,0,0,0,0,1,E01033466,-1,0,0.07019,0.92981,-1,6,30,1,1,1,17:30,3,1,19
2023010469564,2023,010469564,2,1,1,1,31,6,3,0,0,0,0,0,1,9,E01033569,-1,0,0.0,1.0,-1,6,30,1,4,2,19:15,2,2,1
2023010468392,2023,010468392,2,1,1,1,46,8,2,0,0,0,0,0,3,3,E01004571,-1,0,1.0,0.0,-1,3,30,1,1,1,08:15,3,2,3
2023141269221,2023,141269221,2,1,1,1,22,5,3,0,0,0,0,0,3,6,E01007456,3,1,0.0,1.0,-1,6,30,1,1,1,11:10,7,2,3
2023302301275,2023,302301275,2,2,2,2,36,7,3,0,0,1,0,0,9,9,E01006017,-1,0,0.0135,0.9865,-1,6,30,1,1,1,15:20,5,3,9
2023311367738,2023,311367738,1,1,1,2,42,7,3,0,0,0,0,0,9,5,E01028132,3,1,0.0,1.0,-1,3,30,2,4,2,05:49,3,1,9
2023631385306,2023,631385306,1,1,1,1,23,5,3,0,0,0,0,0,9,8,W01000467,3,1,0.0,1.0,-1,6,60,1,6,2,05:17,1,1,9
2023010483114,2023,010483114,1,1,3,1,63,9,2,1,9,0,0,0,0,2,E01004435,-1,0,1.0,0.0,-1,2,20,1,4,1,00:54,1,1,9
2023141380140,2023,141380140,1,1,3,2,6,2,2,5,1,0,0,0,0,2,E01007804,7,1,1.0,0.0,-1,6,30,1,4,1,19:04,3,1,9
2023010422907,2023,010422907,2,1,1,1,19,4,3,0,0,0,0,0,1,2,E01004062,-1,0,0.0,1.0,-1,6,20,1,4,1,18:36,1,2,1
2023141381074,2023,141381074,1,1,2,1,5,1,2,0,0,1,0,0,9,2,E01007638,7,1,1.0,0.0,-1,6,60,2,4,2,18:05,5,1,9
202363C036423,2023,63C036423,1,2,1,1,36,7,3,0,0,0,0,0,9,-1,-1,-1,0,0.08522,0.91478,-1,6,60,1,1,1,17:45,3,2,9
2023010481575,2023,010481575,1,1,3,2,38,7,2,5,3,0,0,0,0,2,E01001716,-1,0,1.0,0.0,-1,2,20,1,4,1,17:20,7,1,9
2023010451134,2023,010451134,1,1,1,1,24,5,3,0,0,0,0,0,3,2,E01032744,-1,0,0.0,1.0,-1,9,30,1,1,1,15:30,5,2,3
2023010474839,2023,010474839,2,2,1,2,26,6,3,0,0,0,0,0,9,4,E01033730,-1,0,0.0,1.0,-1,6,20,2,1,2,09:25,2,2,9
2023041318450,2023,041318450,2,1,1,2,38,7,3,0,0,0,0,0,9,1,E01012572,3,1,0.0,1.0,-1,3,30,1,1,1,10:30,1,2,9
2023201392088,2023,201392088,2,5,2,1,13,3,3,0,0,2,0,0,9,3,E01029448,3,1,0.0,1.0,-1,3,30,1,4,1,17:30,7,2,9
2023501390907,2023,501390907,1,1,3,2,80,11,2,5,1,0,0,0,0,5,E01020137,6,1,1.0,0.0,-1,6,30,5,7,2,07:42,5,1,9
2023622300370,2023,622300370,1,1,3,1,12,3,3,1,9,0,0,0,0,7,W01001716,-1,0,0.05641,0.94359,-1,3,30,2,1,2,20:56,5,1,9
2023161343894,2023,161343894,1,1,1,1,-1,-1,3,0,0,0,0,0,5,-1,-1,3,1,0.0,1.0,-1,6,30,1,1,1,17:24,1,2,5
2023010451436,2023,010451436,1,1,1,2,55,8,3,0,0,0,0,0,9,4,E01000618,-1,0,0.0,1.0,-1,3,40,1,1,1,21:00,1,2,9
2023052302087,2023,052302087,2,1,1,2,45,7,2,0,0,0,0,0,9,6,E01007194,-1,0,1.0,0.0,-1,3,30,1,1,1,14:28,6,2,9
2023070637084,2023,070637084,1,1,1,2,82,11,2,0,0,0,0,0,9,7,E01018580,-1,0,1.0,0.0,-1,6,60,1,1,1,17:04,7,1,9
2023122301359,2023,122301359,1,1,1,1,57,9,3,0,0,0,0,0,9,1,E01027806,-1,0,0.05851,0.94149,-1,6,30,1,1,1,14:06,6,3,9
2023544240823,2023,544240823,1,1,1,1,23,5,2,0,0,0,0,0,9,4,E01016356,-1,0,1.0,0.0,-1,3,70,2,6,2,03:34,1,1,9
2023010422948,2023,010422948,2,1,1,1,45,7,3,0,0,0,0,0,1,3,E01004303,-1,0,0.0,1.0,-1,6,30,1,4,2,23:13,1,2,1
2023010442314,2023,010442314,1,1,1,1,20,4,3,0,0,0,0,0,3,1,E01001944,-1,0,0.0,1.0,-1,6,20,1,1,1,07:40,4,2,3
2023552300116,2023,552300116,2,1,1,1,36,7,2,0,0,0,0,0,3,3,E01015439,-1,0,1.0,0.0,-1,6,30,1,1,1,14:25,7,2,3
2023451315762,2023,451315762,1,1,1,2,29,6,3,0,0,0,0,0,9,4,E01030364,3,1,0.0,1.0,-1,6,30,1,1,1,07:20,3,2,9
2023010422319,2023,010422319,1,1,1,1,32,6,3,0,0,0,0,0,1,-1,-1,-1,0,0.0,1.0,-1,6,20,8,1,4,08:55,5,2,1
2023052301055,2023,052301055,2,2,2,2,26,6,3,0,0,1,0,0,9,-1,-1,-1,0,0.00731,0.99269,-1,6,30,1,1,1,15:00,2,2,9
2023520000618,2023,520000618,1,1,1,1,31,6,3,0,0,0,0,0,9,8,E01014745,-1,0,0.02379,0.97621,-1,6,30,1,1,1,17:48,2,2,9
2023010483938,2023,010483938,1,1,3,2,12,3,2,4,3,0,0,0,0,3,E01002526,-1,0,1.0,0.0,-1,3,30,2,1,2,07:45,5,1,9
2023302300918,2023,302300918,2,2,2,2,56,9,3,0,0,2,0,0,9,2,E01019817,-1,0,0.06265,0.93735,-1,6,30,1,1,1,16:20,1,2,9
2023411293872,2023,411293872,2,1,1,2,38,7,3,0,0,0,0,0,9,7,E01000169,3,1,0.0,1.0,-1,1,40,1,1,1,18:29,1,2,9
2023041335824,2023,041335824,2,1,1,2,62,9,3,0,0,0,0,0,90,3,E01025097,3,1,0.0,1.0,-1,6,30,2,5,2,10:44,2,2,90
2023201294291,2023,201294291,2,1,1,2,35,6,2,0,0,0,0,0,9,10,E01029663,7,1,1.0,0.0,-1,6,30,1,1,1,17:52,6,2,9
2023991383600,2023,991383600,1,1,1,2,36,7,3,0,0,0,0,0,9,-1,-1,3,1,0.0,1.0,-1,3,30,1,4,2,16:20,4,2,9
2023010472908,2023,010472908,1,1,3,2,26,6,3,5,3,0,0,0,0,-1,-1,-1,0,0.0,1.0,-1,6,20,1,4,1,19:30,5,3,9
202360A085630,2023,60A085630,1,1,3,1,14,3,3,4,3,0,0,0,0,-1,-1,-1,0,0.16205,0.83795,-1,6,30,1,1,1,08:57,2,1,9
2023041319119,2023,041319119,2,1,1,2,53,8,2,0,0,0,0,0,1,9,E01024980,7,1,1.0,0.0,-1,6,20,1,1,1,12:00,1,2,1
2023131354625,2023,131354625,1,1,2,2,12,3,3,0,0,0,0,0,9,1,E01011426,3,1,0.0,1.0,-1,6,30,1,1,2,18:20,3,3,9
2023430284152,2023,430284152,1,1,1,2,51,8,3,0,0,0,0,0,9,10,E01032761,-1,0,0.0409,0.9591,-1,6,30,1,1,1,20:55,3,2,9
2023451316876,2023,451316876,1,1,1,1,23,5,3,0,0,0,0,0,9,10,E01030769,3,1,0.0,1.0,-1,6,30,1,1,1,17:07,5,2,9
2023111312371,2023,111312371,2,2,1,1,31,6,3,0,0,0,0,0,9,2,E01020805,3,1,0.0,1.0,-1,6,30,1,1,1,11:55,1,2,9
2023631312189,2023,631312189,2,2,2,2,57,9,2,0,0,1,0,0,9,8,W01000547,6,1,1.0,0.0,-1,6,60,1,1,1,17:20,7,2,9
2023991319234,2023,991319234,1,1,1,1,33,6,3,0,0,0,0,0,9,9,-1,3,1,0.0,1.0,-1,6,30,1,1,1,17:15,5,2,9
2023010478261,2023,010478261,1,1,1,2,50,8,3,0,0,0,0,0,9,3,E01002407,-1,0,0.0,1.0,-1,6,30,8,4,1,06:39,5,2,9
2023421303896,2023,421303896,1,2,2,1,45,7,3,0,0,1,0,0,9,3,E01003171,3,1,0.0,1.0,-1,6,40,1,1,1,09:00,5,2,9
2023440242043,2023,440242043,2,1,2,2,70,10,3,0,0,1,0,0,9,8,E01023078,-1,0,0.02841,0.97159,-1,6,30,1,1,1,10:25,1,3,9