collision_index,collision_year,collision_ref_no,vehicle_reference,casualty_reference,casualty_class,sex_of_casualty,age_of_casualty,age_band_of_casualty,casualty_severity,pedestrian_location,pedestrian_movement,car_passenger,bus_or_coach_passenger,pedestrian_road_maintenance_worker,casualty_type,casualty_imd_decile,lsoa_of_casualty,enhanced_casualty_severity,casualty_injury_based,casualty_adjusted_severity_serious,casualty_adjusted_severity_slight,casualty_distance_banding,road_type,speed_limit,weather_conditions,light_conditions,road_surface_conditions,time,day_of_week,number_of_vehicles,vehicle_type
2023052400343,2023,052400343,2,1,1,1,41,7,3,0,0,0,0,0,3,1,E01006549,-1,0,0.18126,0.81874,-1,6,30,1,4,1,20:28,5,2,3
202360A053606,2023,60A053606,1,1,3,2,14,3,2,4,2,0,0,0,0,-1,-1,-1,0,1.0,0.0,-1,6,30,1,1,1,17:15,5,1,9
2023010429494,2023,010429494,1,1,1,1,53,8,3,0,0,0,0,0,9,1,E01024155,-1,0,0.0,1.0,-1,7,30,1,1,1,08:20,2,2,9
2023221333559,2023,221333559,1,1,1,1,36,7,2,0,0,0,0,0,9,6,E01022262,7,1,1.0,0.0,-1,6,60,1,1,1,05:27,1,1,9
2023371384118,2023,371384118,2,2,1,2,41,7,3,0,0,0,0,0,9,9,E01026576,3,1,0.0,1.0,-1,6,60,2,1,2,08:16,3,2,9
2023411330573,2023,411330573,2,1,2,2,10,2,3,0,0,-1,0,0,9,3,E01001311,3,1,0.0,1.0,-1,7,70,1,4,1,22:15,1,2,9
2023451359902,2023,451359902,1,1,1,1,43,7,3,0,0,0,0,0,9,3,E01033209,3,1,0.0,1.0,-1,3,70,1,1,1,11:15,5,1,9
2023010441291,2023,010441291,1,1,3,2,51,8,3,5,1,0,0,0,0,6,E01000555,-1,0,0.0,1.0,-1,6,30,2,1,2,09:55,6,1,19
2023201283376,2023,201283376,2,1,1,1,34,6,2,0,0,0,0,0,9,2,E01029859,7,1,1.0,0.0,-1,6,30,1,1,1,12:17,4,2,9
2023631382015,2023,631382015,1,1,1,2,35,6,2,0,0,0,0,0,9,7,W01000470,6,1,1.0,0.0,-1,6,60,6,1,2,10:10,1,2,9
2023471319106,2023,471319106,2,2,1,1,62,9,3,0,0,0,0,0,19,2,E01024775,3,1,0.0,1.0,-1,6,60,1,1,1,11:55,5,3,19
2023010474093,2023,010474093,1,1,3,1,45,7,3,9,5,0,0,0,0,3,E01002695,-1,0,0.0,1.0,-1,6,20,1,4,1,01:14,1,1,9
2023070387967,2023,070387967,1,1,1,1,35,6,3,0,0,0,0,0,1,1,E01005758,-1,0,0.06799,0.93201,-1,6,30,1,1,1,11:20,1,2,1
2023010444514,2023,010444514,1,1,1,1,28,6,3,0,0,0,0,0,9,3,E01004259,-1,0,0.0,1.0,-1,3,40,1,4,1,00:35,3,2,9
2023201283801,2023,201283801,3,3,1,2,42,7,3,0,0,0,0,0,9,1,E01009129,3,1,0.0,1.0,-1,6,30,1,1,1,10:11,5,3,9
2023401382320,2023,401382320,2,2,1,1,40,7,2,0,0,0,0,0,1,2,E01015794,7,1,1.0,0.0,-1,1,30,1,1,1,15:05,6,2,1
2023520301167,2023,520301167,1,1,1,2,25,5,3,0,0,0,0,0,9,4,E01014699,-1,0,0.0246,0.9754,-1,6,30,1,1,1,13:08,1,2,9
2023161352839,2023,161352839,1,1,1,1,63,9,3,0,0,0,0,0,9,3,E01013259,3,1,0.0,1.0,-1,6,30,1,1,1,13:50,2,2,9
2023471272412,2023,471272412,2,2,2,1,8,2,3,0,0,2,0,0,9,6,E01021097,3,1,0.0,1.0,-1,6,60,1,6,1,18:40,7,2,9
2023471303553,2023,471303553,2,1,1,1,31,6,3,0,0,0,0,0,9,7,E01021010,3,1,0.0,1.0,-1,6,30,1,1,1,07:00,4,2,9
2023010439401,2023,010439401,1,1,1,1,26,6,3,0,0,0,0,0,3,2,E01002003,-1,0,0.0,1.0,-1,6,20,2,1,2,08:03,2,2,3
2023010467800,2023,010467800,1,1,1,1,51,8,3,0,0,0,0,0,3,1,E01002093,-1,0,0.0,1.0,-1,9,30,2,5,2,15:00,6,2,3
2023010429308,2023,010429308,1,1,3,1,3,1,3,5,3,0,0,0,0,8,E01004144,-1,0,0.0,1.0,-1,6,30,1,1,1,17:25,1,1,9
2023131271995,2023,131271995,1,1,3,1,60,9,3,8,1,0,0,2,0,1,E01011473,3,1,0.0,1.0,-1,6,30,1,1,2,12:06,6,1,19
2023010484271,2023,010484271,1,1,1,1,21,5,3,0,0,0,0,0,3,3,E01000137,-1,0,0.0,1.0,-1,6,30,1,1,1,14:00,6,2,3
2023332300535,2023,332300535,2,1,2,2,51,8,2,0,0,0,0,0,4,9,E01033534,-1,0,1.0,0.0,-1,1,30,1,1,1,08:20,1,2,4
2023131405383,2023,131405383,1,1,2,1,28,6,2,0,0,1,0,0,9,1,E01010659,7,1,1.0,0.0,-1,6,40,2,1,2,13:37,7,2,9
2023311389134,2023,311389134,2,2,1,2,17,4,3,0,0,0,0,0,9,8,E01007661,3,1,0.0,1.0,-1,6,60,1,1,1,17:16,7,2,9
2023461333699,2023,461333699,2,2,1,1,24,5,3,0,0,0,0,0,9,4,E01024132,3,1,0.0,1.0,-1,6,30,1,4,1,20:09,5,2,9
2023552301290,2023,552301290,1,1,1,2,19,4,3,0,0,0,0,0,9,6,E01015355,-1,0,0.10406,0.89594,-1,6,60,2,4,2,23:52,3,1,9
2023991309739,2023,991309739,1,11,2,1,36,7,3,0,0,0,4,0,11,-1,-1,3,1,0.0,1.0,-1,6,30,1,1,1,11:37,1,1,11
2023010460777,2023,010460777,2,1,1,1,22,5,3,0,0,0,0,0,4,1,E01000643,-1,0,0.0,1.0,-1,6,30,1,1,1,18:30,3,2,4
2023010443125,2023,010443125,2,1,1,1,63,9,3,0,0,0,0,0,9,3,E01001552,-1,0,0.0,1.0,-1,3,40,1,1,1,18:14,2,3,9
2023131285435,2023,131285435,2,1,1,1,23,5,3,0,0,0,0,0,9,6,E01011239,3,1,0.0,1.0,-1,6,30,3,4,2,19:50,5,2,9
2023332301224,2023,332301224,1,1,2,2,22,5,3,0,0,1,0,0,9,3,E01013732,-1,0,0.0043,0.9957,-1,6,30,1,4,2,16:53,4,2,9
2023421363571,2023,421363571,1,3,2,2,23,5,3,0,0,1,0,0,9,-1,-1,3,1,0.0,1.0,-1,1,30,1,1,1,17:00,2,2,9
202360A041492,2023,60A041492,2,1,1,1,45,7,3,0,0,0,0,0,1,-1,-1,-1,0,0.18185,0.81815,-1,6,30,2,4,2,18:46,4,2,1
2023010428220,2023,010428220,1,1,1,1,34,6,3,0,0,0,0,0,3,3,E01001578,-1,0,0.0,1.0,-1,9,20,9,7,9,20:01,7,2,3
2023201362003,2023,201362003,1,1,1,2,37,7,3,0,0,0,0,0,9,5,E01009948,3,1,0.0,1.0,-1,6,30,1,1,1,15:05,3,4,9
2023161363083,2023,161363083,2,2,1,1,32,6,3,0,0,0,0,0,9,6,E01013250,3,1,0.0,1.0,-1,6,30,1,1,1,12:15,1,2,9
2023201399254,2023,201399254,1,2,2,1,20,4,2,0,0,2,0,0,9,1,E01009137,6,1,1.0,0.0,-1,3,30,1,4,2,02:13,2,2,9
2023320146064,2023,320146064,2,1,1,2,78,11,3,0,0,0,0,0,9,7,E01026299,-1,0,0.04107,0.95893,-1,6,30,3,1,3,13:31,5,2,9
202363C010023,2023,63C010023,2,2,1,1,41,7,3,0,0,0,0,0,9,9,W01000611,-1,0,0.04383,0.95617,-1,6,60,1,1,1,13:25,5,3,9
2023131381443,2023,131381443,2,2,2,2,17,4,3,0,0,1,0,0,19,1,E01010654,3,1,0.0,1.0,-1,3,40,1,1,2,14:18,6,2,19
2023430288041,2023,430288041,2,1,1,1,14,3,3,0,0,0,0,0,-1,6,E01016704,-1,0,0.13008,0.86992,-1,6,40,1,1,1,21:16,5,2,-1
2023061325009,2023,061325009,1,1,3,2,25,5,2,6,9,0,0,0,0,4,E01005311,7,1,1.0,0.0,-1,6,30,1,1,1,19:49,7,1,9
2023430313594,2023,430313594,1,1,3,1,19,4,3,5,1,0,0,0,0,3,E01016358,-1,0,0.11496,0.88504,-1,6,30,1,4,1,02:30,7,1,9
2023010472689,2023,010472689,2,1,1,1,25,5,3,0,0,0,0,0,3,-1,-1,-1,0,0.0,1.0,-1,6,20,1,1,2,13:29,4,2,3
2023631355644,2023,631355644,1,1,1,2,20,4,2,0,0,0,0,0,9,4,W01000508,6,1,1.0,0.0,-1,6,60,2,6,2,23:10,7,2,9
2023061358907,2023,061358907,2,1,1,1,34,6,3,0,0,0,0,0,19,6,E01010594,3,1,0.0,1.0,-1,6,30,1,1,1,08:00,6,2,19
2023010470623,2023,010470623,1,1,1,1,29,6,3,0,0,0,0,0,97,3,E01003602,-1,0,0.0,1.0,-1,3,20,1,4,1,23:30,6,2,97
202360A158385,2023,60A158385,3,1,1,1,57,9,2,0,0,0,0,0,9,-1,-1,-1,0,1.0,0.0,-1,6,60,1,6,2,22:41,1,3,9
2023211371202,2023,211371202,1,1,3,2,13,3,2,1,1,0,0,0,0,5,E01014365,7,1,1.0,0.0,-1,6,30,1,1,1,16:24,4,1,21
2023361279607,2023,361279607,1,1,3,1,67,10,3,6,9,0,0,0,0,9,E01026513,3,1,0.0,1.0,-1,6,30,1,1,-1,15:05,4,1,9
2023471316085,2023,471316085,1,1,3,1,3,1,3,10,1,0,0,0,0,6,E01031676,3,1,0.0,1.0,-1,6,30,1,1,1,15:30,4,1,9
2023041354922,2023,041354922,2,1,1,1,50,8,3,0,0,0,0,0,1,10,E01025380,3,1,0.0,1.0,-1,6,50,1,1,1,16:00,1,2,1
2023451361738,2023,451361738,2,1,1,2,64,9,2,0,0,0,0,0,1,10,E01030374,7,1,1.0,0.0,-1,6,40,1,1,1,13:05,4,2,1
2023010440377,2023,010440377,1,1,1,1,26,6,3,0,0,0,0,0,4,2,E01003350,-1,0,0.0,1.0,-1,2,20,1,1,1,14:15,1,2,4
2023311378266,2023,311378266,1,1,2,1,17,4,2,0,0,1,0,0,9,-1,-1,7,1,1.0,0.0,-1,6,60,2,6,2,21:19,5,1,9
2023371392029,2023,371392029,1,1,1,1,17,4,3,0,0,0,0,0,9,6,E01030120,3,1,0.0,1.0,-1,6,60,1,6,2,17:10,1,2,9
2023631335529,2023,631335529,1,1,1,1,19,4,3,0,0,0,0,0,9,4,W01000724,3,1,0.0,1.0,-1,3,70,2,6,2,23:05,1,1,9
2023991285537,2023,991285537,2,1,1,1,55,8,3,0,0,0,0,0,9,5,-1,3,1,0.0,1.0,-1,3,70,1,1,1,14:35,6,3,9
2023010422941,2023,010422941,2,2,2,1,15,3,3,0,0,0,0,0,19,6,E01002433,-1,0,0.0,1.0,-1,6,30,1,4,1,20:51,1,2,19
2023010419687,2023,010419687,1,1,3,-1,-1,-1,3,10,9,0,0,0,0,-1,-1,-1,0,0.0,1.0,-1,6,20,2,1,2,07:24,3,1,9
2023170S10083,2023,170S10083,1,1,3,2,87,11,2,6,9,0,0,0,0,5,E01020803,-1,0,1.0,0.0,-1,6,30,1,1,1,12:50,5,1,1
2023010473942,2023,010473942,1,1,1,1,28,6,3,0,0,0,0,0,3,4,E01000621,-1,0,0.0,1.0,-1,9,20,9,1,9,17:45,3,2,3
2023141332535,2023,141332535,1,1,1,1,19,4,3,0,0,0,0,0,9,8,E01026530,3,1,0.0,1.0,-1,6,60,2,6,2,23:53,1,1,9
2023161371149,2023,161371149,1,1,1,2,42,7,3,0,0,0,0,0,9,10,E01012973,3,1,0.0,1.0,-1,3,70,2,1,2,15:30,7,1,9
2023501280919,2023,501280919,1,2,2,1,34,6,3,0,0,1,0,0,9,5,E01020224,3,1,0.0,1.0,-1,6,30,1,1,1,15:29,7,3,9
2023501340272,2023,501340272,1,1,1,1,17,4,3,0,0,0,0,0,9,10,E01015133,3,1,0.0,1.0,-1,6,30,1,6,1,23:20,5,1,9
2023201380251,2023,201380251,1,1,3,2,27,6,2,4,2,0,0,2,0,-1,-1,7,1,1.0,0.0,-1,6,30,1,4,1,23:03,3,1,9
2023522301797,2023,522301797,1,1,1,2,34,6,3,0,0,0,0,0,1,2,E01014626,-1,0,0.02205,0.97795,-1,1,30,1,1,1,08:00,6,2,1
2023010440255,2023,010440255,1,1,3,1,6,2,3,1,4,0,0,0,0,2,E01004252,-1,0,0.0,1.0,-1,6,30,1,4,1,21:10,7,1,4
2023041294795,2023,041294795,1,1,3,1,58,9,2,4,1,0,0,0,0,4,E01025405,6,1,1.0,0.0,-1,6,30,1,1,1,12:50,7,1,98
2023531291224,2023,531291224,1,1,3,2,23,5,2,5,9,0,0,0,0,1,E01022147,7,1,1.0,0.0,-1,6,30,8,4,2,21:18,7,1,9
2023471339361,2023,471339361,2,1,1,1,20,4,3,0,0,0,0,0,4,7,E01020964,3,1,0.0,1.0,-1,6,40,1,1,2,09:20,3,2,4
2023010485637,2023,010485637,2,1,1,1,39,7,2,0,0,0,0,0,5,6,E01033736,-1,0,1.0,0.0,-1,6,30,1,4,1,19:04,6,2,5
2023010441681,2023,010441681,1,2,2,-1,-1,-1,3,0,0,1,0,0,9,2,E01001485,-1,0,0.0,1.0,-1,9,20,1,1,1,19:24,1,2,9
2023041323694,2023,041323694,1,1,2,1,19,4,3,0,0,1,0,0,9,10,E01025410,3,1,0.0,1.0,-1,6,30,1,4,2,19:02,6,3,9
2023201397547,2023,201397547,1,1,1,2,57,9,2,0,0,0,0,0,9,10,E01009470,5,1,1.0,0.0,-1,3,30,2,1,2,10:04,2,2,9
2023522300654,2023,522300654,1,1,2,2,24,5,3,0,0,0,4,0,11,2,E01014842,-1,0,0.02602,0.97398,-1,6,30,1,1,1,14:02,4,2,11
2023991319365,2023,991319365,1,1,1,2,23,5,3,0,0,0,0,0,19,8,-1,3,1,0.0,1.0,-1,3,50,1,1,1,08:09,6,2,19
2023461303883,2023,461303883,1,1,3,1,20,4,3,1,7,0,0,0,0,6,E01024276,3,1,0.0,1.0,-1,3,30,1,4,2,02:02,4,1,9
2023351375696,2023,351375696,1,1,1,1,35,6,2,0,0,0,0,0,3,5,E01018212,7,1,1.0,0.0,-1,6,40,1,1,1,12:45,6,3,3
2023622300926,2023,622300926,3,3,1,1,38,7,3,0,0,0,0,0,9,5,W01000426,-1,0,0.02378,0.97622,-1,6,40,2,1,2,14:23,5,3,9
2023201291547,2023,201291547,1,1,3,2,22,5,3,1,3,0,0,2,0,1,E01010039,3,1,0.0,1.0,-1,6,30,1,1,1,12:05,2,1,-1
2023361292738,2023,361292738,2,1,2,1,8,2,3,0,0,2,0,0,9,5,E01018179,3,1,0.0,1.0,-1,6,60,1,1,2,11:20,7,2,9
2023430259111,2023,430259111,1,1,3,2,14,3,3,5,2,0,0,0,0,8,E01016491,-1,0,0.14367,0.85633,-1,6,30,1,1,1,08:17,3,1,9
2023010419691,2023,010419691,1,1,1,1,21,5,3,0,0,0,0,0,3,4,E01002611,-1,0,0.0,1.0,-1,6,30,2,4,2,18:50,4,2,3
2023371265190,2023,371265190,2,2,1,2,50,8,3,0,0,0,0,0,9,6,E01030150,3,1,0.0,1.0,-1,6,60,1,4,2,18:07,4,2,9
2023141357952,2023,141357952,1,1,1,1,38,7,3,0,0,0,0,0,9,5,E01007757,3,1,0.0,1.0,-1,7,50,1,1,1,17:00,6,2,9
2023061341554,2023,061341554,2,1,2,2,24,5,3,0,0,1,0,0,9,4,E01005436,3,1,0.0,1.0,-1,1,30,1,1,2,12:15,2,2,9
2023201276964,2023,201276964,1,1,1,1,-1,-1,3,0,0,0,0,0,9,-1,-1,3,1,0.0,1.0,-1,2,30,2,4,2,23:22,7,2,9
2023451350919,2023,451350919,1,1,1,1,20,4,3,0,0,0,0,0,9,8,E01030591,3,1,0.0,1.0,-1,3,40,1,4,1,21:00,7,3,9
2023010437762,2023,010437762,2,1,1,1,34,6,2,0,0,0,0,0,1,2,E01002810,-1,0,1.0,0.0,-1,2,20,1,4,1,23:00,7,2,1
2023631350604,2023,631350604,1,1,2,2,72,10,2,0,0,1,0,0,9,7,E01005414,6,1,1.0,0.0,-1,6,30,1,1,1,12:35,6,3,9
2023430540463,2023,430540463,1,1,3,2,78,11,3,9,5,0,0,0,0,4,E01017662,-1,0,0.05794,0.94206,-1,6,30,1,1,1,11:30,4,1,8
2023371331123,2023,371331123,2,1,1,2,62,9,3,0,0,0,0,0,1,5,E01029955,3,1,0.0,1.0,-1,6,60,1,1,1,08:10,5,2,1
2023010450276,2023,010450276,1,1,1,1,30,6,3,0,0,0,0,0,3,7,E01001455,-1,0,0.0,1.0,-1,6,20,1,1,1,12:24,3,2,3
2023552400018,2023,552400018,2,1,1,2,57,9,3,0,0,0,0,0,8,5,E01020562,-1,0,0.02669,0.97331,-1,6,30,1,1,1,11:57,2,2,8
2023010453262,2023,010453262,1,1,1,1,19,4,3,0,0,0,0,0,9,2,E01001056,-1,0,0.0,1.0,-1,6,20,2,4,2,02:45,4,1,9
2023161383627,2023,161383627,1,1,1,2,18,4,3,0,0,0,0,0,9,7,E01012993,3,1,0.0,1.0,-1,6,30,1,4,2,20:45,4,1,9
2023231403655,2023,231403655,1,1,1,2,18,4,3,0,0,0,0,0,9,1,E01009700,3,1,0.0,1.0,-1,6,60,1,6,4,03:37,6,1,9
2023520301197,2023,520301197,2,2,1,2,34,6,3,0,0,0,0,0,9,5,E01029167,-1,0,0.01307,0.98693,-1,6,30,1,1,1,08:58,3,2,9
2023010428867,2023,010428867,2,2,3,1,47,8,3,9,5,0,0,0,0,4,E01000588,-1,0,0.0,1.0,-1,6,30,1,4,1,19:54,5,2,9
2023201418703,2023,201418703,1,1,3,1,13,3,3,5,9,0,0,0,0,3,E01009597,3,1,0.0,1.0,-1,6,30,8,1,1,18:30,6,1,9
2023010475867,2023,010475867,1,2,2,2,30,6,3,0,0,2,0,0,8,2,E01003197,-1,0,0.0,1.0,-1,1,20,2,1,2,08:28,7,2,8
2023010421704,2023,010421704,1,1,3,2,57,9,3,1,1,0,0,0,0,2,E01002217,-1,0,0.0,1.0,-1,6,30,1,4,9,07:05,5,1,9
2023411373968,2023,411373968,1,1,3,1,12,3,3,10,9,0,0,0,0,7,E01023335,3,1,0.0,1.0,-1,6,30,1,1,1,16:20,5,1,9
2023010444771,2023,010444771,1,1,1,2,37,7,3,0,0,0,0,0,1,9,E01000879,-1,0,0.0,1.0,-1,6,20,1,1,1,09:35,4,2,1
2023411331051,2023,411331051,2,1,1,2,34,6,3,0,0,0,0,0,1,7,E01023335,3,1,0.0,1.0,-1,6,40,1,1,1,19:07,4,2,1
2023552300257,2023,552300257,2,1,1,2,21,5,3,0,0,0,0,0,3,8,E01020416,-1,0,0.10813,0.89187,-1,6,30,1,1,1,10:51,6,2,3
2023031344847,2023,031344847,2,1,1,1,40,7,3,0,0,0,0,0,9,9,E01019261,3,1,0.0,1.0,-1,6,60,2,1,2,17:00,4,2,9
2023041384727,2023,041384727,1,1,1,1,89,11,3,0,0,0,0,0,9,5,E01025017,3,1,0.0,1.0,-1,6,30,1,1,2,12:33,7,2,9
2023211316868,2023,211316868,1,2,2,2,19,4,2,0,0,1,0,0,9,9,E01009787,5,1,1.0,0.0,-1,6,60,1,6,1,22:30,4,2,9
2023421335612,2023,421335612,2,1,1,2,34,6,3,0,0,0,0,0,9,8,E01022057,3,1,0.0,1.0,-1,6,30,8,1,1,15:55,4,2,9
2023041287569,2023,041287569,2,4,2,2,15,3,3,0,0,0,4,0,11,5,E01025589,3,1,0.0,1.0,-1,6,30,2,1,2,15:50,4,2,11
2023451332273,2023,451332273,2,1,1,1,20,4,3,0,0,0,0,0,23,-1,-1,3,1,0.0,1.0,-1,1,30,2,1,2,13:12,7,2,23
2023010438088,2023,010438088,2,2,1,2,32,6,2,0,0,0,0,0,9,4,E01003186,-1,0,1.0,0.0,-1,6,30,1,1,1,16:06,3,2,9
2023111354750,2023,111354750,1,1,3,2,34,6,2,9,5,0,0,0,0,1,E01020874,7,1,1.0,0.0,-1,6,30,1,1,1,15:33,6,1,9
2023070093284,2023,070093284,1,1,1,1,21,5,3,0,0,0,0,0,1,2,E01018400,-1,0,0.08022,0.91978,-1,3,30,1,1,1,16:29,4,2,1
2023010433902,2023,010433902,2,1,1,1,56,9,3,0,0,0,0,0,5,10,E01030689,-1,0,0.0,1.0,-1,3,60,1,1,1,08:37,6,3,5
2023991343669,2023,991343669,2,2,1,1,58,9,2,0,0,0,0,0,5,5,-1,5,1,1.0,0.0,-1,6,60,1,1,1,15:36,1,2,5
2023421290479,2023,421290479,2,2,2,1,19,4,3,0,0,1,0,0,9,10,E01023503,3,1,0.0,1.0,-1,6,50,1,1,2,14:49,7,5,9
2023401354022,2023,401354022,2,1,1,2,20,4,3,0,0,0,0,0,9,8,E01017583,3,1,0.0,1.0,-1,6,40,1,6,-1,23:12,7,2,9
2023401362601,2023,401362601,1,1,1,1,83,11,3,0,0,0,0,0,9,8,E01017458,3,1,0.0,1.0,-1,6,30,1,1,1,13:52,6,1,9
2023122300862,2023,122300862,1,1,3,2,38,7,3,10,9,0,0,0,0,8,E01025321,-1,0,0.12247,0.87753,-1,6,20,1,1,1,15:50,1,1,9
2023161295568,2023,161295568,1,1,1,2,17,4,3,0,0,0,0,0,9,3,E01013319,3,1,0.0,1.0,-1,6,30,5,4,2,23:47,3,2,9
2023471334517,2023,471334517,1,1,1,1,45,7,3,0,0,0,0,0,9,6,E01031743,3,1,0.0,1.0,-1,6,30,2,1,2,18:22,4,2,9
2023010479579,2023,010479579,1,1,1,1,28,6,3,0,0,0,0,0,3,6,E01033457,-1,0,0.0,1.0,-1,1,30,1,7,1,17:30,4,2,3
2023141262228,2023,141262228,1,1,3,1,27,6,2,5,9,0,0,0,0,-1,-1,7,1,1.0,0.0,-1,6,30,2,4,2,00:13,5,1,9
2023520300383,2023,520300383,2,3,2,2,56,9,3,0,0,1,0,0,9,2,E01015879,-1,0,0.03443,0.96557,-1,6,60,5,6,2,12:20,3,2,9
202363C000223,2023,63C000223,1,1,1,2,68,10,3,0,0,0,0,0,9,7,W01000578,-1,0,0.17533,0.82467,-1,6,60,1,1,2,15:40,1,1,9
2023201321835,2023,201321835,1,1,3,2,11,3,2,6,9,0,0,0,0,2,E01008999,7,1,1.0,0.0,-1,6,30,1,1,1,18:51,4,1,-1
2023461283358,2023,461283358,1,1,3,2,70,10,3,5,4,0,0,0,0,-1,-1,3,1,0.0,1.0,-1,6,30,1,1,1,12:10,3,1,9
2023451391045,2023,451391045,1,1,1,-1,42,7,2,0,0,0,0,0,1,5,E01030640,7,1,1.0,0.0,-1,6,30,1,1,2,08:54,5,2,1
2023471291699,2023,471291699,2,1,1,1,-1,-1,3,0,0,0,0,0,1,-1,-1,3,1,0.0,1.0,-1,3,50,1,1,2,07:30,4,2,1
2023010437566,2023,010437566,1,1,1,1,44,7,3,0,0,0,0,0,3,1,E01004309,-1,0,0.0,1.0,-1,6,20,1,1,1,12:25,7,2,3
2023531271696,2023,531271696,2,1,1,1,63,9,3,0,0,0,0,0,5,8,E01022387,3,1,0.0,1.0,-1,6,40,1,1,1,10:32,5,2,5
2023221267165,2023,221267165,2,1,1,2,77,11,3,0,0,0,0,0,22,9,E01033528,3,1,0.0,1.0,-1,6,30,1,1,2,15:50,2,2,22
2023421314351,2023,421314351,1,1,1,2,16,4,3,0,0,0,0,0,97,4,E01015923,3,1,0.0,1.0,-1,6,30,1,1,1,20:19,6,2,97
2023041356290,2023,041356290,1,1,3,1,20,4,3,9,8,0,0,0,0,-1,-1,3,1,0.0,1.0,-1,6,30,1,1,1,17:20,7,1,9
2023122300074,2023,122300074,1,1,3,2,34,6,3,5,1,0,0,0,0,8,E01027631,-1,0,0.06933,0.93067,-1,7,20,1,1,1,16:20,2,1,9
2023471381442,2023,471381442,1,1,1,1,17,4,3,0,0,0,0,0,3,7,E01031527,3,1,0.0,1.0,-1,6,20,1,1,2,15:30,5,2,3
2023010436529,2023,010436529,1,1,1,1,24,5,3,0,0,0,0,0,4,3,E01004741,-1,0,0.0,1.0,-1,6,20,1,4,1,21:35,7,3,4
2023201371060,2023,201371060,1,2,3,1,34,6,3,9,5,0,0,2,0,3,E01009256,3,1,0.0,1.0,-1,6,30,1,1,1,08:54,2,2,9
2023440223499,2023,440223499,2,1,1,2,60,9,3,0,0,0,0,0,1,9,E01022947,-1,0,0.17596,0.82404,-1,6,30,1,1,1,11:27,3,2,1
2023471349430,2023,471349430,2,1,1,1,57,9,2,0,0,0,0,0,1,6,E01031509,7,1,1.0,0.0,-1,1,20,1,1,1,14:45,7,2,1
2023010466314,2023,010466314,2,1,1,1,32,6,2,0,0,0,0,0,3,2,E01003265,-1,0,1.0,0.0,-1,6,20,1,1,1,18:10,6,2,3
2023010423819,2023,010423819,2,1,1,1,72,10,3,0,0,0,0,0,4,8,E01000659,-1,0,0.0,1.0,-1,6,30,1,1,1,12:25,6,2,4
2023552300847,2023,552300847,2,2,1,1,44,7,3,0,0,0,0,0,9,6,E01020449,-1,0,0.0528,0.9472,-1,6,40,1,1,1,17:07,6,2,9
2023311279859,2023,311279859,2,1,1,2,19,4,3,0,0,0,0,0,9,6,E01028034,3,1,0.0,1.0,-1,6,30,1,1,1,15:15,4,2,9
2023531278817,2023,531278817,1,2,1,2,18,4,3,0,0,0,0,0,9,10,E01022307,3,1,0.0,1.0,-1,3,30,1,1,1,08:35,3,2,9
2023101333306,2023,101333306,1,1,3,1,43,7,3,5,1,0,0,0,0,8,E01008447,3,1,0.0,1.0,-1,6,20,2,1,2,17:51,3,1,8
2023351276003,2023,351276003,1,1,3,1,-1,-1,3,5,2,0,0,0,0,-1,-1,3,1,0.0,1.0,-1,6,40,1,1,2,15:10,6,1,9
2023471340381,2023,471340381,1,1,3,2,52,8,3,5,3,0,0,0,0,-1,-1,3,1,0.0,1.0,-1,6,20,1,1,1,12:30,4,1,9
2023411307834,2023,411307834,1,2,1,1,40,7,3,0,0,0,0,0,21,8,E01020519,3,1,0.0,1.0,-1,3,70,1,1,1,09:41,3,3,21
2023622300951,2023,622300951,1,1,3,1,11,3,3,5,1,0,0,0,0,4,W01000852,-1,0,0.10814,0.89186,-1,6,30,5,4,2,18:21,5,1,19
2023430496562,2023,430496562,2,1,1,1,31,6,3,0,0,0,0,0,1,8,E01028547,-1,0,0.03744,0.96256,-1,6,20,1,1,1,09:20,7,2,1
2023440355843,2023,440355843,2,1,1,1,42,7,2,0,0,0,0,0,1,10,E01022862,-1,0,1.0,0.0,-1,1,40,1,1,1,17:06,7,2,1
202354B759623,2023,54B759623,2,1,1,1,18,4,3,0,0,0,0,0,1,7,E01015560,-1,0,0.11094,0.88906,-1,6,30,1,4,1,18:29,2,2,1
2023010423979,2023,010423979,1,2,2,-1,-1,-1,3,0,0,1,0,0,9,-1,-1,-1,0,0.0,1.0,-1,6,30,1,4,9,21:23,7,2,9
2023010475642,2023,010475642,1,1,1,1,43,7,3,0,0,0,0,0,9,2,E01001491,-1,0,0.0,1.0,-1,9,30,9,1,2,09:00,5,2,9
2023311332601,2023,311332601,1,1,1,2,26,6,3,0,0,0,0,0,9,4,E01028211,3,1,0.0,1.0,-1,6,30,1,1,1,17:25,5,2,9
2023010453788,2023,010453788,2,1,1,1,21,5,3,0,0,0,0,0,9,-1,-1,-1,0,0.0,1.0,-1,6,20,1,1,1,16:50,6,4,9
2023041296818,2023,041296818,1,1,1,1,48,8,3,0,0,0,0,0,9,5,E01025239,3,1,0.0,1.0,-1,7,70,2,1,2,17:26,6,1,9
2023320579240,2023,320579240,2,1,1,2,48,8,3,0,0,0,0,0,9,9,E01026225,-1,0,0.01871,0.98129,-1,6,50,1,1,1,12:00,1,2,9
2023141348035,2023,141348035,1,1,1,2,48,8,3,0,0,0,0,0,9,7,E01007523,3,1,0.0,1.0,-1,6,30,1,1,1,16:30,7,2,9