collision_index,collision_year,collision_ref_no,vehicle_reference,casualty_reference,casualty_class,sex_of_casualty,age_of_casualty,age_band_of_casualty,casualty_severity,pedestrian_location,pedestrian_movement,car_passenger,bus_or_coach_passenger,pedestrian_road_maintenance_worker,casualty_type,casualty_imd_decile,lsoa_of_casualty,enhanced_casualty_severity,casualty_injury_based,casualty_adjusted_severity_serious,casualty_adjusted_severity_slight,casualty_distance_banding,road_type,speed_limit,weather_conditions,light_conditions,road_surface_conditions,time,day_of_week,number_of_vehicles,vehicle_type
202360A124290,2023,60A124290,1,1,3,2,43,7,3,6,8,0,0,0,0,-1,-1,-1,0,0.09723,0.90277,-1,6,30,1,1,2,11:55,7,1,19
2023332300723,2023,332300723,2,1,1,1,38,7,3,0,0,0,0,0,1,7,E01013686,-1,0,0.06934,0.93066,-1,3,30,1,1,1,19:35,4,2,1
2023010434164,2023,010434164,1,3,2,1,40,7,3,0,0,2,0,0,9,1,E01001461,-1,0,0.0,1.0,-1,6,30,8,1,1,13:43,7,2,9
2023052300064,2023,052300064,1,1,1,2,23,5,3,0,0,0,0,0,9,1,E01006463,-1,0,0.0417,0.9583,-1,3,70,1,6,2,16:30,2,6,9
2023101316661,2023,101316661,2,1,1,1,14,3,2,0,0,0,0,0,23,5,E01008225,6,1,1.0,0.0,-1,6,30,1,1,1,15:27,5,2,23
2023010442453,2023,010442453,1,1,3,2,49,8,3,6,9,0,0,0,0,7,E01003283,-1,0,0.0,1.0,-1,6,30,9,4,9,23:00,6,1,1
2023421308553,2023,421308553,1,1,3,1,26,6,3,1,1,0,0,0,0,-1,-1,3,1,0.0,1.0,-1,6,30,1,1,1,17:00,4,1,9
2023622301029,2023,622301029,1,2,3,1,15,3,2,5,3,0,0,0,0,7,W01001151,-1,0,1.0,0.0,-1,6,60,2,4,2,20:04,7,1,9
2023201284556,2023,201284556,2,1,1,1,61,9,3,0,0,0,0,0,1,1,E01009016,3,1,0.0,1.0,-1,6,30,1,1,2,15:51,5,2,1
2023430329242,2023,430329242,2,1,1,1,53,8,3,0,0,0,0,0,9,10,E01028806,-1,0,0.01778,0.98222,-1,6,60,2,4,2,21:45,1,2,9
2023451306007,2023,451306007,1,1,1,1,21,5,3,0,0,0,0,0,9,7,E01030530,3,1,0.0,1.0,-1,6,30,1,6,2,01:40,5,1,9
2023041343837,2023,041343837,2,2,1,1,73,10,3,0,0,0,0,0,9,1,E01025036,3,1,0.0,1.0,-1,6,30,1,1,1,14:25,2,2,9
2023141353810,2023,141353810,1,1,1,1,69,10,2,0,0,0,0,0,9,3,E01007345,6,1,1.0,0.0,-1,6,30,1,1,1,17:00,2,2,9
2023221283475,2023,221283475,2,1,1,2,32,6,3,0,0,0,0,0,9,9,E01032451,3,1,0.0,1.0,-1,6,30,1,1,1,12:40,6,2,9
2023332300270,2023,332300270,1,2,2,1,28,6,2,0,0,1,0,0,9,1,E01013603,-1,0,1.0,0.0,-1,6,60,1,1,1,12:00,7,1,9
2023010426028,2023,010426028,1,1,1,1,23,5,3,0,0,0,0,0,3,3,E01002104,-1,0,0.0,1.0,-1,3,30,1,1,1,15:20,5,2,3
2023221402408,2023,221402408,2,2,1,1,59,9,2,0,0,0,0,0,5,1,E01029554,6,1,1.0,0.0,-1,6,60,1,1,1,11:58,7,2,5
2023010423380,2023,010423380,1,2,2,-1,-1,-1,3,0,0,1,0,0,9,3,E01016102,-1,0,0.0,1.0,-1,6,30,1,4,1,17:55,3,2,9
2023052300054,2023,052300054,1,1,1,1,39,7,3,0,0,0,0,0,9,5,E01007106,-1,0,0.11896,0.88104,-1,6,30,1,4,2,00:27,2,2,9
2023061310314,2023,061310314,2,2,2,2,35,6,3,0,0,1,0,0,9,8,E01033066,3,1,0.0,1.0,-1,6,30,1,1,1,12:22,2,3,9
2023141307723,2023,141307723,2,1,2,2,66,10,2,0,0,1,0,0,9,5,E01019525,6,1,1.0,0.0,-1,1,50,1,1,1,04:53,3,2,9
2023320547821,2023,320547821,2,5,1,2,23,5,3,0,0,0,0,0,9,10,E01013574,-1,0,0.0482,0.9518,-1,6,60,1,1,1,16:30,1,4,9
2023010450624,2023,010450624,1,2,2,2,39,7,3,0,0,0,0,0,90,10,E01016145,-1,0,0.0,1.0,-1,6,30,1,4,1,23:50,4,2,90
2023461304629,2023,461304629,1,1,3,2,90,11,3,5,1,0,0,0,0,4,E01024645,3,1,0.0,1.0,-1,6,30,1,1,1,17:33,7,1,9
2023320322686,2023,320322686,1,1,1,1,15,3,3,0,0,0,0,0,1,7,E01026220,-1,0,0.14782,0.85218,-1,6,30,1,6,1,21:29,6,2,1
2023531323281,2023,531323281,2,1,1,1,48,8,3,0,0,0,0,0,1,4,E01022440,3,1,0.0,1.0,-1,6,30,1,1,1,10:10,7,2,1
2023061321806,2023,061321806,3,2,1,1,33,6,3,0,0,0,0,0,9,6,E01005824,3,1,0.0,1.0,-1,3,70,1,1,1,11:05,5,3,9
2023061358795,2023,061358795,1,1,3,1,19,4,3,5,1,0,0,0,0,4,E01005286,3,1,0.0,1.0,-1,6,30,2,4,2,20:20,7,1,9
2023010440831,2023,010440831,1,1,1,1,73,10,3,0,0,0,0,0,9,4,E01003447,-1,0,0.0,1.0,-1,6,20,1,1,1,09:51,4,4,9
2023041303692,2023,041303692,2,1,1,2,25,5,3,0,0,0,0,0,9,4,E01025508,3,1,0.0,1.0,-1,6,50,1,1,1,19:15,1,2,9
2023421312646,2023,421312646,1,1,3,1,20,4,3,10,9,0,0,0,0,2,E01015855,3,1,0.0,1.0,-1,6,30,1,4,1,02:40,1,1,9
2023010434666,2023,010434666,1,1,1,1,25,5,3,0,0,0,0,0,5,4,E01004628,-1,0,0.0,1.0,-1,6,20,1,4,1,20:45,2,2,5
2023010440156,2023,010440156,1,1,1,2,30,6,3,0,0,0,0,0,9,3,E01003493,-1,0,0.0,1.0,-1,6,30,1,1,1,11:30,7,2,9
2023531311584,2023,531311584,2,2,1,1,49,8,3,0,0,0,0,0,9,10,E01022896,3,1,0.0,1.0,-1,6,60,1,1,1,17:00,3,3,9
2023041373399,2023,041373399,2,1,1,1,16,4,3,0,0,0,0,0,1,4,E01025262,3,1,0.0,1.0,-1,6,30,1,4,2,21:15,4,2,1
2023531341586,2023,531341586,2,1,1,1,11,3,3,0,0,0,0,0,1,-1,-1,3,1,0.0,1.0,-1,6,30,1,7,1,20:20,6,2,1
2023440416860,2023,440416860,2,3,2,2,12,3,3,0,0,1,0,0,9,10,E01031502,-1,0,0.0507,0.9493,-1,6,30,1,1,1,17:36,4,2,9
2023071087136,2023,071087136,2,1,1,1,81,11,2,0,0,0,0,0,9,8,E01012550,-1,0,1.0,0.0,-1,6,60,2,1,2,10:15,5,2,9
2023351344379,2023,351344379,1,1,1,1,24,5,2,0,0,0,0,0,9,4,E01018095,5,1,1.0,0.0,-1,6,50,2,1,2,05:02,7,1,9
2023401278234,2023,401278234,2,2,2,2,23,5,3,0,0,2,0,0,9,4,E01015734,3,1,0.0,1.0,-1,6,30,1,4,1,21:29,7,2,9
2023010451070,2023,010451070,1,1,3,2,23,5,2,5,2,0,0,0,0,3,E01000545,-1,0,1.0,0.0,-1,3,30,8,1,1,17:30,6,1,-1
2023010475682,2023,010475682,1,1,3,1,17,4,3,1,1,0,0,0,0,1,E01004272,-1,0,0.0,1.0,-1,3,20,1,1,1,10:57,6,1,19
2023041387363,2023,041387363,1,1,1,2,19,4,3,0,0,0,0,0,9,9,E01018599,3,1,0.0,1.0,-1,1,40,1,4,2,16:20,7,2,9
2023131298553,2023,131298553,1,1,1,2,71,10,3,0,0,0,0,0,9,6,E01017009,3,1,0.0,1.0,-1,3,70,1,1,1,14:10,4,2,9
2023141370908,2023,141370908,1,1,2,1,28,6,3,0,0,1,0,0,9,6,E01028051,3,1,0.0,1.0,-1,3,60,1,1,1,14:30,1,2,9
2023461356470,2023,461356470,3,6,2,2,8,2,3,0,0,-1,0,0,9,7,E01024109,3,1,0.0,1.0,-1,6,60,1,1,1,17:51,7,3,9
2023411366021,2023,411366021,1,1,3,1,36,7,3,6,9,0,0,0,0,8,E01023446,3,1,0.0,1.0,-1,6,30,2,4,2,22:45,6,1,9
2023991363046,2023,991363046,1,1,3,1,25,5,2,4,3,0,0,0,0,3,-1,6,1,1.0,0.0,-1,3,50,1,4,2,22:00,1,1,9
2023520400347,2023,520400347,1,1,1,1,57,9,3,0,0,0,0,0,9,5,E01020256,-1,0,0.05618,0.94382,-1,6,40,9,1,1,11:12,6,2,9
2023010440368,2023,010440368,1,1,3,1,7,2,3,5,2,0,0,0,0,4,E01000331,-1,0,0.0,1.0,-1,6,30,1,1,1,15:55,1,1,9
2023010421318,2023,010421318,2,1,1,1,37,7,2,0,0,0,0,0,1,5,E01004225,-1,0,1.0,0.0,-1,6,30,2,1,2,08:12,7,2,1
2023421376510,2023,421376510,2,1,1,2,45,7,3,0,0,0,0,0,1,7,E01021439,3,1,0.0,1.0,-1,6,30,1,1,-1,13:33,5,2,1
2023401264309,2023,401264309,2,1,2,1,19,4,3,0,0,1,0,0,9,4,E01015717,3,1,0.0,1.0,-1,6,40,1,1,2,08:30,2,2,9
2023471358230,2023,471358230,1,1,1,1,53,8,3,0,0,0,0,0,9,5,E01031370,3,1,0.0,1.0,-1,6,30,1,1,1,06:29,5,2,9
2023522400793,2023,522400793,2,2,1,1,71,10,3,0,0,0,0,0,9,10,E01014818,-1,0,0.06677,0.93323,-1,6,60,1,1,1,16:36,2,2,9
2023302301737,2023,302301737,2,1,1,2,16,4,3,0,0,0,0,0,97,7,E01019770,-1,0,0.06327,0.93673,-1,1,30,1,4,1,17:15,4,2,97
2023631326526,2023,631326526,1,1,3,2,16,4,2,5,1,0,0,2,0,1,W01000733,7,1,1.0,0.0,-1,6,30,1,1,1,09:38,5,1,8
2023041268036,2023,041268036,2,1,1,1,52,8,3,0,0,0,0,0,9,3,E01012585,3,1,0.0,1.0,-1,3,30,1,4,1,19:45,2,2,9
2023131367761,2023,131367761,1,1,1,2,58,9,2,0,0,0,0,0,9,3,E01010993,6,1,1.0,0.0,-1,6,60,2,1,2,15:00,6,2,9
2023351366902,2023,351366902,1,1,1,1,37,7,3,0,0,0,0,0,9,3,E01017978,3,1,0.0,1.0,-1,6,60,1,4,1,21:01,4,1,9
2023010432469,2023,010432469,1,1,1,1,22,5,3,0,0,0,0,0,1,6,E01002005,-1,0,0.0,1.0,-1,6,30,2,4,1,18:30,4,2,1
2023061347814,2023,061347814,1,5,2,1,18,4,3,0,0,2,0,0,9,1,E01011107,3,1,0.0,1.0,-1,3,70,1,5,1,20:35,3,3,9
2023131296408,2023,131296408,2,1,2,1,36,7,3,0,0,1,0,0,9,1,E01010839,3,1,0.0,1.0,-1,6,30,5,1,2,17:25,5,2,9
2023141274912,2023,141274912,2,1,1,1,27,6,3,0,0,0,0,0,9,1,E01007634,3,1,0.0,1.0,-1,6,60,1,1,1,15:00,5,2,9
2023540584423,2023,540584423,1,2,2,2,17,4,2,0,0,1,0,0,9,8,E01032088,-1,0,1.0,0.0,-1,6,30,1,4,4,22:03,3,1,9
2023201339242,2023,201339242,2,4,2,2,66,10,3,0,0,0,4,0,11,3,E01008895,3,1,0.0,1.0,-1,6,30,1,1,1,13:03,4,2,11
2023311344938,2023,311344938,1,1,1,1,61,9,3,0,0,0,0,0,21,-1,-1,3,1,0.0,1.0,-1,6,60,1,1,1,16:15,3,2,21
2023430411012,2023,430411012,1,1,1,1,76,11,3,0,0,0,0,0,8,10,E01016606,-1,0,0.11617,0.88383,-1,6,30,1,1,1,14:20,4,2,8
2023010430731,2023,010430731,1,1,1,1,43,7,3,0,0,0,0,0,9,5,E01002632,-1,0,0.0,1.0,-1,6,20,1,4,9,18:54,7,2,9
2023010454132,2023,010454132,1,1,1,2,32,6,3,0,0,0,0,0,9,7,E01002579,-1,0,0.0,1.0,-1,6,30,1,1,1,13:30,1,2,9
2023010462150,2023,010462150,1,1,1,2,51,8,3,0,0,0,0,0,9,3,E01000495,-1,0,0.0,1.0,-1,3,40,2,1,2,07:53,5,2,9
2023070568000,2023,070568000,2,1,1,2,23,5,3,0,0,0,0,0,9,1,E01006865,-1,0,0.01355,0.98645,-1,1,40,1,1,1,16:30,2,2,9
2023010451497,2023,010451497,1,1,1,-1,34,6,3,0,0,0,0,0,3,7,E01002172,-1,0,0.0,1.0,-1,6,20,9,1,9,18:45,1,2,3
2023101327593,2023,101327593,1,1,1,1,33,6,3,0,0,0,0,0,9,1,E01008524,3,1,0.0,1.0,-1,6,30,2,4,2,23:55,7,2,9
2023201291123,2023,201291123,2,1,1,1,31,6,3,0,0,0,0,0,9,7,E01007468,3,1,0.0,1.0,-1,3,40,1,4,1,18:43,3,2,9
2023061365845,2023,061365845,1,1,3,1,48,8,2,10,9,0,0,0,0,2,E01005244,7,1,1.0,0.0,-1,6,30,1,1,2,16:40,4,1,9
2023010454844,2023,010454844,1,1,1,1,57,9,2,0,0,0,0,0,1,5,E01004521,-1,0,1.0,0.0,-1,1,20,1,1,1,17:01,4,4,1
2023371358745,2023,371358745,2,1,1,1,56,9,2,0,0,0,0,0,1,4,E01032524,5,1,1.0,0.0,-1,6,30,1,1,1,16:28,7,2,1
2023122301157,2023,122301157,2,1,1,1,66,10,2,0,0,0,0,0,5,6,E01027797,-1,0,1.0,0.0,-1,9,60,1,1,1,15:15,6,2,5
2023141292234,2023,141292234,1,2,2,1,36,7,2,0,0,1,0,0,9,7,E01013333,7,1,1.0,0.0,-1,6,50,1,1,2,16:10,5,2,9
2023371305094,2023,371305094,1,1,1,1,37,7,3,0,0,0,0,0,9,4,E01029950,3,1,0.0,1.0,-1,6,30,2,4,2,21:20,2,2,9
2023546387823,2023,546387823,1,1,1,1,72,10,3,0,0,0,0,0,9,7,E01020481,-1,0,0.14625,0.85375,-1,6,60,5,1,2,18:58,1,1,9
2023421331214,2023,421331214,2,2,2,1,16,4,3,0,0,0,0,0,-1,-1,-1,3,1,0.0,1.0,-1,6,30,1,1,1,17:13,4,2,-1
2023991377323,2023,991377323,1,1,3,2,44,7,3,5,1,0,0,2,0,-1,-1,3,1,0.0,1.0,-1,6,30,1,4,1,20:30,3,1,9
2023010467615,2023,010467615,1,1,1,1,51,8,3,0,0,0,0,0,5,3,E01004429,-1,0,0.0,1.0,-1,6,30,1,1,1,19:15,5,2,5
2023010428114,2023,010428114,1,1,1,1,35,6,3,0,0,0,0,0,9,5,E01000607,-1,0,0.0,1.0,-1,3,40,1,7,1,05:10,1,1,9
2023461320869,2023,461320869,1,1,1,1,76,11,3,0,0,0,0,0,9,4,E01004961,3,1,0.0,1.0,-1,3,70,1,1,1,11:52,7,2,9
2023471334134,2023,471334134,1,1,3,1,75,10,1,1,3,0,0,0,0,5,E01020967,1,1,0.0,0.0,-1,6,30,2,1,2,19:47,4,1,9
2023010481790,2023,010481790,1,1,1,1,52,8,3,0,0,0,0,0,3,-1,-1,-1,0,0.0,1.0,-1,6,20,2,4,2,19:32,1,2,3
2023131370321,2023,131370321,1,1,1,1,21,5,2,0,0,0,0,0,4,10,E01011709,7,1,1.0,0.0,-1,6,60,1,1,2,11:27,6,1,4
2023501389468,2023,501389468,1,1,1,1,41,7,3,0,0,0,0,0,9,1,E01015030,3,1,0.0,1.0,-1,6,30,1,4,1,03:14,1,2,9
2023522300812,2023,522300812,2,2,1,1,19,4,3,0,0,0,0,0,9,7,E01014895,-1,0,0.02109,0.97891,-1,6,30,1,4,1,18:30,4,2,9
2023101355845,2023,101355845,1,4,2,1,77,11,2,0,0,1,0,0,9,5,E01011741,6,1,1.0,0.0,-1,6,60,1,1,1,11:51,7,2,9
2023332301028,2023,332301028,2,1,1,1,73,10,3,0,0,0,0,0,9,5,E01025936,-1,0,0.04533,0.95467,-1,6,30,1,7,1,21:05,7,2,9
2023411339561,2023,411339561,1,1,1,2,29,6,3,0,0,0,0,0,9,9,E01033022,3,1,0.0,1.0,-1,9,20,1,1,1,16:52,6,2,9
2023351268364,2023,351268364,2,2,2,1,37,7,3,0,0,1,0,0,9,-1,-1,3,1,0.0,1.0,-1,6,30,2,1,1,11:00,7,2,9
2023461353871,2023,461353871,1,1,3,1,60,9,3,9,9,0,0,0,0,5,E01000375,3,1,0.0,1.0,-1,6,40,1,1,1,21:55,1,1,9
2023010422430,2023,010422430,1,2,2,-1,-1,-1,3,0,0,1,0,0,9,4,E01023336,-1,0,0.0,1.0,-1,7,20,1,1,1,07:30,6,1,9
2023010452706,2023,010452706,1,1,1,1,59,9,3,0,0,0,0,0,9,5,E01000450,-1,0,0.0,1.0,-1,6,30,1,4,1,02:20,1,2,9
2023101318774,2023,101318774,2,1,1,2,50,8,3,0,0,0,0,0,9,-1,-1,3,1,0.0,1.0,-1,3,50,1,1,1,18:56,4,2,9
2023101353337,2023,101353337,2,4,2,1,17,4,3,0,0,2,0,0,9,-1,-1,3,1,0.0,1.0,-1,6,30,1,1,1,14:20,6,2,9
2023131368553,2023,131368553,2,1,1,1,25,5,3,0,0,0,0,0,9,7,E01011193,3,1,0.0,1.0,-1,6,30,2,4,2,20:50,1,2,9
2023461263756,2023,461263756,1,1,1,2,30,6,3,0,0,0,0,0,9,7,E01021164,3,1,0.0,1.0,-1,6,20,5,4,2,17:30,3,3,9
2023041264381,2023,041264381,1,3,2,2,20,4,2,0,0,0,4,0,11,-1,-1,7,1,1.0,0.0,-1,6,30,3,1,2,08:25,3,1,11
2023071083135,2023,071083135,2,1,1,2,39,7,3,0,0,0,0,0,9,1,E01018351,-1,0,0.02986,0.97014,-1,3,70,1,1,1,11:40,4,2,9
2023461315829,2023,461315829,1,4,2,1,26,6,3,0,0,2,0,0,9,7,E01024037,3,1,0.0,1.0,-1,6,60,1,6,1,23:40,6,1,9
2023332300540,2023,332300540,1,1,3,1,5,1,2,4,3,0,0,0,0,1,E01013653,-1,0,1.0,0.0,-1,6,30,1,1,1,15:00,1,1,9
2023991355621,2023,991355621,2,1,2,2,34,6,2,0,0,1,0,0,9,5,-1,6,1,1.0,0.0,-1,6,30,1,1,1,18:20,6,3,9
2023010438613,2023,010438613,1,2,3,2,60,9,2,1,1,0,0,0,0,5,E01003341,-1,0,1.0,0.0,-1,6,20,2,1,2,11:50,6,2,3
2023052302533,2023,052302533,2,1,1,1,51,8,3,0,0,0,0,0,1,2,E01007244,-1,0,0.1332,0.8668,-1,3,30,2,1,2,10:30,2,2,1
2023522301863,2023,522301863,1,1,1,1,38,7,2,0,0,0,0,0,5,-1,-1,-1,0,1.0,0.0,-1,6,60,1,1,1,17:07,5,1,5
2023010454694,2023,010454694,2,1,1,1,9,2,3,0,0,0,0,0,1,1,E01004245,-1,0,0.0,1.0,-1,6,20,1,1,1,20:00,3,2,1
2023371318660,2023,371318660,1,1,1,1,19,4,2,0,0,0,0,0,1,2,E01030079,7,1,1.0,0.0,-1,6,30,1,1,1,19:05,4,2,1
2023052300302,2023,052300302,2,1,2,2,74,10,3,0,0,1,0,0,9,1,E01033764,-1,0,0.04007,0.95993,-1,6,30,1,1,2,17:13,3,2,9
2023201391827,2023,201391827,1,1,1,1,71,10,3,0,0,0,0,0,9,4,E01010253,3,1,0.0,1.0,-1,6,40,2,1,2,12:16,3,2,9
2023461300911,2023,461300911,2,1,1,2,32,6,3,0,0,0,0,0,9,5,E01024525,3,1,0.0,1.0,-1,6,30,1,1,1,14:45,6,2,9
2023461393017,2023,461393017,1,1,1,1,18,4,3,0,0,0,0,0,9,10,E01000666,3,1,0.0,1.0,-1,1,20,8,4,2,23:35,6,1,9
2023991357672,2023,991357672,1,1,2,2,26,6,2,0,0,1,0,0,9,9,-1,7,1,1.0,0.0,-1,6,20,1,6,1,21:15,2,2,9
2023052302703,2023,052302703,1,1,3,2,39,7,3,5,3,0,0,0,0,3,E01006521,-1,0,0.09527,0.90473,-1,6,30,2,1,2,16:05,5,1,9
2023131344411,2023,131344411,1,1,1,1,12,3,3,0,0,0,0,0,1,5,E01011860,3,1,0.0,1.0,-1,6,30,1,1,1,11:30,3,2,1
2023201380520,2023,201380520,2,1,1,1,39,7,2,0,0,0,0,0,1,-1,-1,7,1,1.0,0.0,-1,6,30,1,1,1,17:20,3,2,1
2023461366287,2023,461366287,1,1,1,1,17,4,3,0,0,0,0,0,3,10,E01024324,3,1,0.0,1.0,-1,6,30,1,1,1,08:05,2,1,3
2023031345736,2023,031345736,2,3,2,2,17,4,3,0,0,-1,0,0,9,-1,-1,3,1,0.0,1.0,-1,3,70,1,1,1,11:00,7,3,9
2023070017843,2023,070017843,2,2,2,2,31,6,3,0,0,1,0,0,9,8,W01000073,-1,0,0.00392,0.99608,-1,6,30,1,1,1,12:24,6,2,9
2023101328714,2023,101328714,2,1,1,1,-1,-1,3,0,0,0,0,0,9,2,E01008820,3,1,0.0,1.0,-1,6,30,1,4,1,19:20,4,2,9
2023201373947,2023,201373947,1,41,1,2,57,9,3,0,0,0,0,0,9,2,E01009505,3,1,0.0,1.0,-1,6,30,1,4,1,22:25,3,1,9
2023332300263,2023,332300263,1,2,1,2,26,6,3,0,0,0,0,0,9,1,E01013603,-1,0,0.04148,0.95852,-1,6,50,1,1,1,15:05,4,2,9
2023421376580,2023,421376580,2,1,1,1,29,6,3,0,0,0,0,0,9,8,E01021468,3,1,0.0,1.0,-1,6,30,2,1,2,08:50,4,2,9
2023010436218,2023,010436218,2,3,3,1,37,7,3,6,9,0,0,0,0,1,E01003207,-1,0,0.0,1.0,-1,7,20,2,1,2,15:26,5,2,9
2023221297199,2023,221297199,1,1,3,1,7,2,2,1,3,0,0,0,0,10,E01033062,7,1,1.0,0.0,-1,6,40,1,1,1,17:35,6,1,9
2023430539781,2023,430539781,2,1,1,1,40,7,3,0,0,0,0,0,5,9,E01028747,-1,0,0.08996,0.91004,-1,6,50,1,1,2,10:08,6,2,5
2023371294652,2023,371294652,3,3,1,2,44,7,3,0,0,0,0,0,9,5,E01026464,3,1,0.0,1.0,-1,3,60,1,1,1,15:59,5,4,9
2023430296200,2023,430296200,1,1,1,1,20,4,3,0,0,0,0,0,-1,5,E01017901,-1,0,0.01833,0.98167,-1,6,30,5,1,2,17:20,3,2,-1
2023430183551,2023,430183551,1,1,3,2,2,1,3,1,3,0,0,0,0,10,E01028755,-1,0,0.15314,0.84686,-1,6,30,1,1,2,16:38,5,1,9
2023010432432,2023,010432432,1,1,1,1,19,4,3,0,0,0,0,0,9,3,E01033324,-1,0,0.0,1.0,-1,6,30,2,4,2,22:50,4,2,9
2023141391807,2023,141391807,2,1,1,2,43,7,3,0,0,0,0,0,9,3,E01007429,3,1,0.0,1.0,-1,6,40,1,1,2,14:45,7,2,9
2023340NN1152,2023,340NN1152,2,1,1,1,43,7,3,0,0,0,0,0,9,7,E01026978,-1,0,0.01675,0.98325,-1,6,40,1,1,1,11:50,7,2,9
2023141271636,2023,141271636,1,1,1,1,52,8,2,0,0,0,0,0,97,9,E01007617,7,1,1.0,0.0,-1,6,30,1,4,1,22:40,4,2,97
2023421367151,2023,421367151,1,1,3,2,34,6,2,4,3,0,0,0,0,1,E01015887,7,1,1.0,0.0,-1,6,30,2,4,2,06:40,5,1,9
2023351367572,2023,351367572,2,1,1,2,20,4,2,0,0,0,0,0,3,9,E01018054,7,1,1.0,0.0,-1,6,60,1,1,-1,16:57,4,2,3
2023440387775,2023,440387775,2,1,1,1,33,6,2,0,0,0,0,0,5,10,E01022759,-1,0,1.0,0.0,-1,3,40,1,1,1,17:45,6,2,5
2023010461564,2023,010461564,1,2,2,-1,-1,-1,3,0,0,1,0,0,9,8,E01022195,-1,0,0.0,1.0,-1,6,20,1,1,1,12:50,1,2,9
2023430141550,2023,430141550,1,1,1,2,30,6,3,0,0,0,0,0,9,6,E01028559,-1,0,0.02532,0.97468,-1,6,30,2,1,2,09:43,6,2,9
2023430342927,2023,430342927,2,1,1,1,28,6,3,0,0,0,0,0,9,9,E01028682,-1,0,0.00407,0.99593,-1,6,30,1,1,1,20:15,3,2,9
2023010459257,2023,010459257,1,2,2,2,-1,-1,3,0,0,1,0,0,9,6,E01002129,-1,0,0.0,1.0,-1,6,30,1,4,1,22:04,1,2,9
2023010469868,2023,010469868,1,1,1,2,74,10,3,0,0,0,0,0,9,3,E01002585,-1,0,0.0,1.0,-1,1,40,1,1,1,07:39,4,1,9
2023122300280,2023,122300280,1,1,1,1,20,4,3,0,0,0,0,0,9,-1,-1,-1,0,0.07789,0.92211,-1,6,60,1,1,2,08:48,5,1,9
2023141291082,2023,141291082,1,3,2,2,21,5,3,0,0,1,0,0,9,-1,-1,3,1,0.0,1.0,-1,6,30,1,4,1,19:45,1,3,9
2023401389748,2023,401389748,2,3,2,1,48,8,3,0,0,2,0,0,9,-1,-1,3,1,0.0,1.0,-1,6,30,1,4,2,22:45,6,2,9
2023991343168,2023,991343168,2,3,2,2,16,4,2,0,0,2,0,0,9,-1,-1,5,1,1.0,0.0,-1,6,50,1,1,1,07:10,6,3,9
2023010437371,2023,010437371,1,1,3,2,60,9,3,4,1,0,0,0,0,1,E01002094,-1,0,0.0,1.0,-1,6,20,2,1,2,15:20,6,1,9
2023201291127,2023,201291127,1,1,3,1,15,3,3,5,1,0,0,0,0,4,E01029666,3,1,0.0,1.0,-1,6,30,1,1,1,16:15,1,1,9
2023361322505,2023,361322505,1,1,1,1,27,6,3,0,0,0,0,0,5,-1,-1,3,1,0.0,1.0,-1,6,60,1,1,1,14:10,1,1,5
2023010444514,2023,010444514,2,3,1,1,27,6,3,0,0,0,0,0,9,4,E01001645,-1,0,0.0,1.0,-1,3,40,1,4,1,00:35,3,2,9
2023070586834,2023,070586834,2,1,1,1,44,7,3,0,0,0,0,0,9,5,E01006896,-1,0,0.02185,0.97815,-1,6,30,2,1,2,18:44,6,2,9
2023131281194,2023,131281194,2,1,1,2,40,7,3,0,0,0,0,0,9,4,E01010784,3,1,0.0,1.0,-1,6,30,1,1,1,15:20,1,2,9
2023361284336,2023,361284336,1,1,2,1,34,6,3,0,0,1,0,0,9,1,E01030261,3,1,0.0,1.0,-1,3,30,2,1,2,16:45,1,2,9
2023010434881,2023,010434881,1,1,3,1,24,5,3,4,1,0,0,0,0,4,E01004682,-1,0,0.0,1.0,-1,3,30,1,1,1,14:43,4,1,9
2023201324002,2023,201324002,1,1,3,2,10,2,3,5,2,0,0,0,0,2,E01010038,3,1,0.0,1.0,-1,6,30,2,1,2,08:20,3,1,19
2023101355080,2023,101355080,2,1,1,1,51,8,3,0,0,0,0,0,1,7,E01008585,3,1,0.0,1.0,-1,6,20,1,1,1,18:15,1,2,1
2023201296613,2023,201296613,3,1,1,1,40,7,2,0,0,0,0,0,1,5,E01010475,6,1,1.0,0.0,-1,6,30,1,4,1,22:18,2,3,1
202360A128948,2023,60A128948,1,1,1,1,54,8,1,0,0,0,0,0,5,-1,-1,-1,0,0.0,0.0,-1,6,60,1,1,1,12:20,1,2,5
2023461350245,2023,461350245,2,2,2,1,-1,-1,3,0,0,0,3,0,11,-1,-1,3,1,0.0,1.0,-1,3,30,1,1,1,17:23,1,2,11
2023461337812,2023,461337812,1,1,3,1,27,6,2,6,9,0,0,0,0,10,E01024404,7,1,1.0,0.0,-1,6,30,1,1,1,11:00,6,1,9
2023010467735,2023,010467735,1,1,1,1,45,7,3,0,0,0,0,0,1,10,E01003866,-1,0,0.0,1.0,-1,6,20,1,1,2,16:25,6,2,1
2023010450036,2023,010450036,1,1,1,1,47,8,2,0,0,0,0,0,3,3,E01004573,-1,0,1.0,0.0,-1,6,20,9,1,2,08:30,2,2,3
2023010449587,2023,010449587,1,1,1,1,28,6,3,0,0,0,0,0,4,2,E01033737,-1,0,0.0,1.0,-1,6,30,1,4,1,22:02,6,2,4
2023010454782,2023,010454782,1,1,2,1,2,1,3,0,0,0,4,0,11,9,E01003804,-1,0,0.0,1.0,-1,6,20,1,1,1,11:45,4,1,11