collision_index,collision_year,collision_ref_no,vehicle_reference,casualty_reference,casualty_class,sex_of_casualty,age_of_casualty,age_band_of_casualty,casualty_severity,pedestrian_location,pedestrian_movement,car_passenger,bus_or_coach_passenger,pedestrian_road_maintenance_worker,casualty_type,casualty_imd_decile,lsoa_of_casualty,enhanced_casualty_severity,casualty_injury_based,casualty_adjusted_severity_serious,casualty_adjusted_severity_slight,casualty_distance_banding,road_type,speed_limit,weather_conditions,light_conditions,road_surface_conditions,time,day_of_week,number_of_vehicles,vehicle_type
2023010458706,2023,010458706,1,1,1,2,48,8,3,0,0,0,0,0,9,2,E01000315,-1,0,0.0,1.0,-1,3,40,1,1,1,10:15,5,2,9
2023440027571,2023,440027571,2,1,2,1,73,10,3,0,0,2,0,0,9,10,E01023238,-1,0,0.11489,0.88511,-1,3,70,1,1,2,09:09,7,2,9
2023471332344,2023,471332344,1,1,1,1,21,5,3,0,0,0,0,0,9,7,E01021220,3,1,0.0,1.0,-1,6,60,2,6,2,02:00,1,1,9
2023549301223,2023,549301223,1,1,1,2,18,4,3,0,0,0,0,0,9,9,E01032032,-1,0,0.07529,0.92471,-1,6,30,1,6,1,04:02,2,1,9
2023622300634,2023,622300634,1,1,3,1,7,2,3,5,3,0,0,0,0,3,W01000897,-1,0,0.06182,0.93818,-1,6,20,1,1,1,13:45,5,1,9
2023471331237,2023,471331237,2,1,1,1,74,10,2,0,0,0,0,0,1,5,E01020951,7,1,1.0,0.0,-1,6,40,1,1,1,16:05,4,2,1
2023520400145,2023,520400145,2,1,1,1,22,5,2,0,0,0,0,0,3,6,E01029320,-1,0,1.0,0.0,-1,6,60,1,1,1,18:21,5,2,3
2023070876168,2023,070876168,1,1,2,1,2,1,3,0,0,2,0,0,9,2,E01018485,-1,0,0.02139,0.97861,-1,1,50,1,1,1,14:52,4,2,9
2023991389418,2023,991389418,2,2,2,2,1,1,3,0,0,2,0,0,9,1,-1,3,1,0.0,1.0,-1,6,30,2,4,2,17:19,1,2,9
2023101317453,2023,101317453,2,1,1,1,27,6,2,0,0,0,0,0,3,1,E01008289,7,1,1.0,0.0,-1,6,30,1,4,1,02:35,2,2,3
2023440158614,2023,440158614,2,2,2,1,3,1,3,0,0,2,0,0,9,4,E01026057,-1,0,0.02994,0.97006,-1,6,30,1,1,1,11:06,1,2,9
2023131314465,2023,131314465,1,1,2,2,73,10,2,0,0,1,0,0,9,2,E01011370,6,1,1.0,0.0,-1,6,30,1,1,1,10:20,7,1,9
2023161274032,2023,161274032,1,1,1,1,76,11,2,0,0,0,0,0,9,1,E01013144,5,1,1.0,0.0,-1,1,30,1,4,1,19:11,4,2,9
2023010483302,2023,010483302,1,1,1,1,59,9,3,0,0,0,0,0,1,5,E01003260,-1,0,0.0,1.0,-1,3,20,1,4,1,07:10,2,2,1
2023010430467,2023,010430467,1,1,2,1,31,6,2,0,0,2,0,0,9,7,E01000711,-1,0,1.0,0.0,-1,6,30,1,4,1,03:40,1,1,9
2023131375525,2023,131375525,1,1,1,1,56,9,3,0,0,0,0,0,9,8,E01011882,3,1,0.0,1.0,-1,6,30,1,4,2,23:05,5,4,9
2023552400166,2023,552400166,2,1,1,1,78,11,3,0,0,0,0,0,1,4,E01015372,-1,0,0.18461,0.81539,-1,7,70,1,1,1,15:35,5,2,1
2023052300022,2023,052300022,1,1,1,1,58,9,3,0,0,0,0,0,8,1,E01006765,-1,0,0.04954,0.95046,-1,3,30,1,1,1,11:17,2,3,8
2023991305368,2023,991305368,1,1,3,2,67,10,3,1,3,0,0,0,0,9,-1,3,1,0.0,1.0,-1,6,30,2,1,2,12:51,3,1,9
2023451280204,2023,451280204,1,2,3,2,70,10,2,5,1,0,0,0,0,10,E01030606,7,1,1.0,0.0,-1,6,30,1,7,1,18:50,5,1,9
2023991383137,2023,991383137,1,1,1,2,77,11,2,0,0,0,0,0,1,4,-1,7,1,1.0,0.0,-1,6,20,8,1,4,10:00,3,1,1
2023010440164,2023,010440164,2,1,1,1,63,9,3,0,0,0,0,0,4,3,E01003785,-1,0,0.0,1.0,-1,6,40,1,1,1,12:23,7,2,4
2023041276585,2023,041276585,2,1,1,2,27,6,3,0,0,0,0,0,9,8,E01012584,3,1,0.0,1.0,-1,3,40,1,1,2,10:40,4,2,9
2023201316678,2023,201316678,2,1,1,1,57,9,3,0,0,0,0,0,9,-1,-1,3,1,0.0,1.0,-1,6,30,1,1,1,11:35,7,2,9
2023371378139,2023,371378139,1,2,2,2,55,8,3,0,0,1,0,0,9,4,E01030230,3,1,0.0,1.0,-1,6,60,1,1,1,15:57,1,2,9
2023520401036,2023,520401036,1,1,2,2,29,6,3,0,0,1,0,0,9,4,E01029187,-1,0,0.02027,0.97973,-1,1,30,1,4,1,17:18,4,2,9
2023622300065,2023,622300065,2,2,1,1,38,7,3,0,0,0,0,0,9,2,W01000744,-1,0,0.01962,0.98038,-1,1,50,1,4,1,18:33,6,2,9
2023991317341,2023,991317341,1,1,1,2,35,6,3,0,0,0,0,0,9,6,-1,3,1,0.0,1.0,-1,6,40,1,1,2,14:43,1,1,9
2023052300053,2023,052300053,2,5,2,2,6,2,3,0,0,2,0,0,9,1,E01006908,-1,0,0.05628,0.94372,-1,6,20,1,1,1,15:08,1,4,9
2023111290123,2023,111290123,1,1,1,1,63,9,1,0,0,0,0,0,9,1,E01008800,1,1,0.0,0.0,-1,6,60,1,6,2,19:29,5,3,9
2023471381096,2023,471381096,1,1,1,1,52,8,3,0,0,0,0,0,9,6,E01022925,3,1,0.0,1.0,-1,6,40,8,6,2,16:52,5,3,9
2023421286277,2023,421286277,2,2,1,1,67,10,2,0,0,0,0,0,90,6,E01021733,6,1,1.0,0.0,-1,6,30,4,1,1,14:10,2,3,90
2023451350890,2023,451350890,1,1,1,2,46,8,3,0,0,0,0,0,9,5,E01003131,3,1,0.0,1.0,-1,6,40,1,1,1,09:41,1,1,9
2023201370365,2023,201370365,2,1,1,1,23,5,3,0,0,0,0,0,9,3,E01009294,3,1,0.0,1.0,-1,2,30,1,1,1,13:00,6,2,9
2023211281500,2023,211281500,1,1,1,1,21,5,2,0,0,0,0,0,9,7,E01029732,5,1,1.0,0.0,-1,6,60,1,1,1,16:06,3,1,9
2023471351292,2023,471351292,2,1,1,2,73,10,3,0,0,0,0,0,1,3,E01016869,3,1,0.0,1.0,-1,6,30,1,1,1,13:38,2,2,1
2023010454537,2023,010454537,1,1,1,2,21,5,3,0,0,0,0,0,3,7,E01003848,-1,0,0.0,1.0,-1,1,20,1,1,9,10:30,3,2,3
2023430229636,2023,430229636,1,1,1,1,60,9,3,0,0,0,0,0,4,-1,-1,-1,0,0.0809,0.9191,-1,3,70,1,1,1,12:35,5,2,4
2023161390985,2023,161390985,1,1,1,2,40,7,3,0,0,0,0,0,9,3,E01013272,3,1,0.0,1.0,-1,6,60,9,1,1,15:30,4,2,9
2023201376254,2023,201376254,1,1,1,1,21,5,3,0,0,0,0,0,9,5,E01010022,3,1,0.0,1.0,-1,3,40,1,1,1,09:43,1,2,9
2023461375606,2023,461375606,2,5,2,2,21,5,3,0,0,1,0,0,9,5,E01016118,3,1,0.0,1.0,-1,3,40,1,4,1,18:11,2,3,9
202360A058478,2023,60A058478,1,1,1,1,33,6,3,0,0,0,0,0,9,-1,-1,-1,0,0.13065,0.86935,-1,6,60,1,1,1,08:27,7,2,9
2023141303031,2023,141303031,1,2,2,1,-1,-1,2,0,0,0,-1,0,11,-1,-1,7,1,1.0,0.0,-1,6,30,1,1,1,16:50,3,2,11
2023010430435,2023,010430435,1,1,1,1,47,8,3,0,0,0,0,0,9,2,E01003607,-1,0,0.0,1.0,-1,6,20,1,4,1,21:30,7,2,9
2023141351298,2023,141351298,1,1,2,2,48,8,2,0,0,1,0,0,9,7,E01007384,6,1,1.0,0.0,-1,3,70,9,1,1,14:32,1,1,9
2023010459122,2023,010459122,2,1,1,1,20,4,3,0,0,0,0,0,1,4,E01000625,-1,0,0.0,1.0,-1,6,30,8,1,2,19:24,7,2,1
2023010477382,2023,010477382,1,1,1,1,33,6,3,0,0,0,0,0,1,-1,-1,-1,0,0.0,1.0,-1,7,20,1,4,1,17:10,7,2,1
2023010483201,2023,010483201,2,1,1,1,31,6,3,0,0,0,0,0,1,3,E01000586,-1,0,0.0,1.0,-1,6,20,8,1,2,14:45,1,2,1
2023052300431,2023,052300431,1,1,3,2,11,3,3,5,9,0,0,0,0,10,E01006943,-1,0,0.06887,0.93113,-1,6,30,1,1,1,15:00,1,1,9
2023061376090,2023,061376090,2,1,1,1,45,7,2,0,0,0,0,0,5,3,E01006811,7,1,1.0,0.0,-1,3,20,2,4,2,20:31,5,3,5
2023010473318,2023,010473318,1,1,1,2,48,8,3,0,0,0,0,0,9,5,E01017837,-1,0,0.0,1.0,-1,3,70,2,4,2,20:15,7,2,9
2023131326918,2023,131326918,2,2,2,1,13,3,3,0,0,1,0,0,9,6,E01010816,3,1,0.0,1.0,-1,6,30,1,1,1,10:04,6,3,9
2023361337131,2023,361337131,1,1,1,2,69,10,3,0,0,0,0,0,9,5,E01026648,3,1,0.0,1.0,-1,6,60,1,1,1,11:45,3,2,9
2023501349852,2023,501349852,1,2,1,1,32,6,1,0,0,0,0,0,9,5,E01019992,1,1,0.0,0.0,-1,6,60,2,1,2,16:24,7,2,9
2023010446768,2023,010446768,1,1,1,2,36,7,3,0,0,0,0,0,3,7,E01001534,-1,0,0.0,1.0,-1,9,30,1,1,1,15:06,7,2,3
2023421281804,2023,421281804,2,1,1,1,18,4,2,0,0,0,0,0,3,2,E01021846,6,1,1.0,0.0,-1,6,50,1,1,1,08:21,4,2,3
2023631319583,2023,631319583,2,1,1,1,39,7,3,0,0,0,0,0,9,5,W01000427,3,1,0.0,1.0,-1,6,30,1,1,1,09:08,2,2,9
2023461280701,2023,461280701,1,1,1,1,31,6,3,0,0,0,0,0,19,9,E01000461,3,1,0.0,1.0,-1,6,60,1,6,1,22:15,7,1,19
2023430245890,2023,430245890,2,1,1,1,42,7,3,0,0,0,0,0,1,5,E01028505,-1,0,0.04615,0.95385,-1,6,30,1,1,1,12:17,7,2,1
2023461311360,2023,461311360,1,1,1,2,29,6,3,0,0,0,0,0,2,5,E01024701,3,1,0.0,1.0,-1,6,30,1,1,1,13:00,6,2,2
2023010471589,2023,010471589,1,1,1,2,22,5,3,0,0,0,0,0,9,2,E01002505,-1,0,0.0,1.0,-1,3,40,1,1,2,14:35,5,2,9
2023461316402,2023,461316402,1,1,1,1,22,5,3,0,0,0,0,0,9,4,E01024771,3,1,0.0,1.0,-1,6,60,1,1,1,20:58,1,2,9
2023501314469,2023,501314469,2,2,2,2,43,7,3,0,0,1,0,0,9,6,E01014591,3,1,0.0,1.0,-1,6,60,1,1,1,20:50,2,2,9
2023010463404,2023,010463404,1,1,2,2,61,9,3,0,0,0,1,0,11,2,E01033703,-1,0,0.0,1.0,-1,6,20,1,1,1,15:02,5,1,11
2023122300348,2023,122300348,1,1,1,1,23,5,3,0,0,0,0,0,9,6,E01027758,-1,0,0.03637,0.96363,-1,6,30,1,1,1,16:20,5,2,9
2023451291518,2023,451291518,1,1,3,1,40,7,3,6,7,0,0,0,0,5,E01030531,3,1,0.0,1.0,-1,6,60,1,1,1,18:00,2,1,9
2023430396481,2023,430396481,1,1,1,2,26,6,3,0,0,0,0,0,9,7,E01000714,-1,0,0.03396,0.96604,-1,3,70,1,1,1,16:07,1,2,9
2023010423718,2023,010423718,1,1,3,1,35,6,3,6,9,0,0,0,0,2,E01001351,-1,0,0.0,1.0,-1,6,30,8,1,2,13:30,5,1,9
2023211348422,2023,211348422,2,1,3,2,41,7,3,10,1,0,0,0,0,-1,-1,3,1,0.0,1.0,-1,2,30,1,1,1,11:02,2,2,9
2023010454051,2023,010454051,1,2,2,2,19,4,3,0,0,1,0,0,8,3,E01003088,-1,0,0.0,1.0,-1,2,20,1,4,1,23:00,7,2,8
2023401296687,2023,401296687,2,1,1,1,40,7,3,0,0,0,0,0,8,2,E01015702,3,1,0.0,1.0,-1,6,30,1,5,1,20:50,1,2,8
2023221325794,2023,221325794,1,1,1,1,28,6,3,0,0,0,0,0,9,6,E01014093,3,1,0.0,1.0,-1,6,60,1,1,1,09:09,4,2,9
2023231351595,2023,231351595,2,2,1,1,57,9,3,0,0,0,0,0,9,3,E01024149,3,1,0.0,1.0,-1,6,30,1,4,1,20:54,1,2,9
2023421279524,2023,421279524,2,1,1,1,39,7,3,0,0,0,0,0,-1,-1,-1,3,1,0.0,1.0,-1,6,30,1,1,1,13:19,1,2,-1
2023010460362,2023,010460362,2,2,1,1,23,5,3,0,0,0,0,0,9,10,E01000767,-1,0,0.0,1.0,-1,6,30,1,1,1,10:26,1,2,9
2023461322887,2023,461322887,1,1,1,1,33,6,3,0,0,0,0,0,9,5,E01024381,3,1,0.0,1.0,-1,6,60,1,1,1,13:00,5,2,9
2023101272040,2023,101272040,1,1,3,1,26,6,2,5,1,0,0,0,0,3,E01027388,7,1,1.0,0.0,-1,6,60,1,1,1,12:55,6,2,9
202354A555823,2023,54A555823,1,1,1,1,13,3,3,0,0,0,0,0,1,4,E01001469,-1,0,0.10666,0.89334,-1,6,30,1,1,1,09:09,5,2,1
2023010432305,2023,010432305,3,2,1,1,53,8,3,0,0,0,0,0,3,5,E01004700,-1,0,0.0,1.0,-1,6,20,1,1,1,12:16,4,5,3
2023061260718,2023,061260718,2,2,1,1,27,6,2,0,0,0,0,0,4,1,E01005466,7,1,1.0,0.0,-1,6,30,1,4,2,17:07,7,2,4
2023201312649,2023,201312649,2,2,1,2,17,4,3,0,0,0,0,0,9,10,E01010180,3,1,0.0,1.0,-1,6,30,1,1,2,14:10,7,2,9
2023211334126,2023,211334126,2,3,2,1,21,5,3,0,0,1,0,0,9,1,E01014300,3,1,0.0,1.0,-1,6,30,1,1,1,15:30,5,2,9
2023501367856,2023,501367856,2,1,1,1,36,7,3,0,0,0,0,0,19,-1,-1,3,1,0.0,1.0,-1,6,50,1,1,1,09:10,4,2,19
2023010463324,2023,010463324,1,1,3,2,89,11,2,5,1,0,0,0,0,3,E01000403,-1,0,1.0,0.0,-1,6,20,1,1,2,11:33,5,1,9
2023411364197,2023,411364197,1,1,3,1,55,8,3,1,4,0,0,0,0,6,E01023390,3,1,0.0,1.0,-1,3,30,1,1,1,18:00,7,1,9
202360A077408,2023,60A077408,1,2,2,2,-1,-1,2,0,0,2,0,0,5,-1,-1,-1,0,1.0,0.0,-1,6,60,1,1,1,18:10,3,2,5
2023371338568,2023,371338568,3,3,2,2,24,5,3,0,0,1,0,0,9,-1,-1,3,1,0.0,1.0,-1,6,30,2,4,2,21:55,7,3,9
2023101287979,2023,101287979,2,1,2,2,28,6,3,0,0,0,4,0,11,-1,-1,3,1,0.0,1.0,-1,6,30,1,1,1,12:00,4,2,11
2023010443487,2023,010443487,1,1,1,1,41,7,3,0,0,0,0,0,3,4,E01017902,-1,0,0.0,1.0,-1,9,20,1,4,1,03:05,3,2,3
2023010481017,2023,010481017,1,1,3,1,28,6,1,10,9,0,0,0,0,7,E01001346,-1,0,0.0,0.0,-1,3,40,1,4,2,00:58,5,1,21
2023461332895,2023,461332895,1,1,3,1,9,2,3,6,7,0,0,0,0,4,E01024048,3,1,0.0,1.0,-1,6,20,1,1,1,08:45,4,1,-1
2023201318522,2023,201318522,2,2,1,1,41,7,2,0,0,0,0,0,9,2,E01010088,7,1,1.0,0.0,-1,6,40,1,1,1,19:10,7,2,9
2023201416460,2023,201416460,1,5,2,2,47,8,3,0,0,-1,0,0,9,4,E01009085,3,1,0.0,1.0,-1,3,30,1,1,1,13:27,1,2,9
2023340WN5792,2023,340WN5792,2,2,2,2,18,4,3,0,0,2,0,0,9,-1,-1,-1,0,0.01906,0.98094,-1,1,30,2,4,2,20:45,5,2,9
2023471328257,2023,471328257,2,1,1,1,43,7,3,0,0,0,0,0,1,2,E01016955,3,1,0.0,1.0,-1,6,20,9,7,2,18:00,7,2,1
2023451357246,2023,451357246,1,1,1,1,26,6,3,0,0,0,0,0,3,5,E01001038,3,1,0.0,1.0,-1,6,30,1,1,1,18:30,3,2,3
2023131363524,2023,131363524,2,1,1,1,30,6,2,0,0,0,0,0,9,7,E01011309,7,1,1.0,0.0,-1,6,30,1,1,1,13:40,1,3,9
2023302300278,2023,302300278,1,1,1,1,21,5,3,0,0,0,0,0,9,8,E01033535,-1,0,0.05669,0.94331,-1,6,60,9,1,1,12:50,6,2,9
2023340WN7092,2023,340WN7092,1,1,2,2,48,8,3,0,0,1,0,0,9,-1,-1,-1,0,0.10608,0.89392,-1,3,70,1,6,2,18:50,7,2,9
2023401387122,2023,401387122,1,1,3,1,75,10,2,6,9,0,0,0,0,6,E01017550,6,1,1.0,0.0,-1,6,30,1,1,2,15:20,5,1,9
2023421279328,2023,421279328,1,1,3,1,25,5,3,5,3,0,0,0,0,4,E01021822,3,1,0.0,1.0,-1,6,40,1,1,1,17:30,4,1,9
2023201414789,2023,201414789,2,1,1,1,40,7,3,0,0,0,0,0,1,5,E01009288,3,1,0.0,1.0,-1,6,30,2,4,2,17:45,5,2,1
2023010437368,2023,010437368,1,1,1,1,28,6,3,0,0,0,0,0,3,3,E01002393,-1,0,0.0,1.0,-1,6,20,1,1,1,16:50,4,2,3
2023010465659,2023,010465659,1,1,1,-1,39,7,3,0,0,0,0,0,3,1,E01000595,-1,0,0.0,1.0,-1,6,20,9,1,9,19:40,3,2,3
202363D036023,2023,63D036023,1,1,1,1,38,7,3,0,0,0,0,0,9,-1,-1,-1,0,0.13264,0.86736,-1,6,60,1,1,1,08:10,3,1,9
2023520300610,2023,520300610,2,23,2,1,39,7,3,0,0,0,4,0,11,4,W01001235,-1,0,0.06207,0.93793,-1,6,40,1,6,4,06:00,3,3,11
2023131357712,2023,131357712,1,1,2,1,7,2,3,0,0,2,0,0,9,4,E01011323,3,1,0.0,1.0,-1,6,30,8,1,1,13:19,6,2,9
2023221267180,2023,221267180,1,1,1,1,76,11,3,0,0,0,0,0,9,4,E01014166,3,1,0.0,1.0,-1,7,60,7,4,4,19:05,7,1,9
2023361327245,2023,361327245,3,3,1,1,62,9,3,0,0,0,0,0,9,8,E01026563,3,1,0.0,1.0,-1,3,40,1,1,1,10:16,5,3,9
2023411273862,2023,411273862,2,1,2,1,25,5,3,0,0,1,0,0,9,7,E01002199,3,1,0.0,1.0,-1,3,70,1,1,1,14:00,7,2,9
2023010455190,2023,010455190,1,1,1,1,31,6,3,0,0,0,0,0,1,2,E01001560,-1,0,0.0,1.0,-1,9,20,1,4,1,02:00,2,2,1
2023070925253,2023,070925253,1,2,2,1,24,5,3,0,0,2,0,0,9,3,E01025536,-1,0,0.08644,0.91356,-1,3,70,1,1,1,11:53,1,2,9
2023201390445,2023,201390445,2,1,1,1,61,9,3,0,0,0,0,0,9,7,E01028950,3,1,0.0,1.0,-1,3,70,1,4,1,17:16,3,3,9
2023340NN4322,2023,340NN4322,1,1,1,2,68,10,2,0,0,0,0,0,9,3,E01027081,-1,0,1.0,0.0,-1,6,30,2,1,2,08:15,5,2,9
2023332300369,2023,332300369,2,1,1,1,19,4,3,0,0,0,0,0,1,4,E01025666,-1,0,0.04982,0.95018,-1,2,20,1,1,1,12:54,7,2,1
2023411339508,2023,411339508,2,1,1,1,25,5,3,0,0,0,0,0,9,1,E01015729,3,1,0.0,1.0,-1,3,70,1,1,2,06:35,3,1,9
2023471310865,2023,471310865,2,1,1,1,-1,-1,3,0,0,0,0,0,9,4,E01021004,3,1,0.0,1.0,-1,6,30,1,1,1,18:30,5,2,9
2023010448410,2023,010448410,2,1,1,1,33,6,3,0,0,0,0,0,9,9,E01004155,-1,0,0.0,1.0,-1,6,20,1,1,1,20:18,1,3,9
2023631359878,2023,631359878,2,1,2,2,23,5,3,0,0,1,0,0,9,5,W01000728,3,1,0.0,1.0,-1,1,30,2,5,2,19:14,7,2,9
2023010424389,2023,010424389,1,1,3,1,6,2,3,5,3,0,0,0,0,5,E01000843,-1,0,0.0,1.0,-1,6,20,2,1,1,09:03,2,1,9
2023440012689,2023,440012689,1,1,3,2,88,11,1,5,9,0,0,0,0,10,E01022846,-1,0,0.0,0.0,-1,6,30,2,4,2,19:06,3,1,19
2023540971223,2023,540971223,1,1,3,2,74,10,3,5,3,0,0,0,0,4,E01015509,-1,0,0.18225,0.81775,-1,6,30,1,4,1,21:43,6,1,9
2023010451382,2023,010451382,1,2,2,1,12,3,3,0,0,2,0,0,9,1,E01001549,-1,0,0.0,1.0,-1,6,40,1,1,1,14:00,1,4,9
2023041366143,2023,041366143,1,2,2,1,23,5,3,0,0,1,0,0,9,2,E01004980,3,1,0.0,1.0,-1,6,60,1,6,1,23:00,5,1,9
2023461285192,2023,461285192,1,2,2,2,32,6,3,0,0,1,0,0,9,6,E01024704,3,1,0.0,1.0,-1,6,40,1,1,2,17:55,1,2,9
2023010465992,2023,010465992,1,3,2,2,56,9,3,0,0,0,4,0,11,3,E01004342,-1,0,0.0,1.0,-1,6,30,1,1,1,17:25,5,2,11
2023320279535,2023,320279535,1,1,1,1,57,9,2,0,0,0,0,0,21,6,E01013801,-1,0,1.0,0.0,-1,6,30,1,1,1,11:20,3,3,21
2023010421615,2023,010421615,1,1,3,2,58,9,3,5,1,0,0,0,0,2,E01003540,-1,0,0.0,1.0,-1,6,30,2,4,2,07:00,2,1,9
2023010470736,2023,010470736,1,1,1,1,49,8,3,0,0,0,0,0,9,9,E01021675,-1,0,0.0,1.0,-1,7,30,8,1,1,11:45,1,2,9
2023010474619,2023,010474619,1,1,1,1,40,7,3,0,0,0,0,0,9,3,E01003716,-1,0,0.0,1.0,-1,6,30,1,5,2,01:04,1,2,9
2023311300366,2023,311300366,1,1,1,2,23,5,3,0,0,0,0,0,9,2,E01028245,3,1,0.0,1.0,-1,6,30,1,4,2,23:24,1,3,9
202360A172157,2023,60A172157,1,2,2,1,21,5,3,0,0,1,0,0,9,-1,-1,-1,0,0.07676,0.92324,-1,6,30,1,6,1,19:25,6,2,9
2023471319506,2023,471319506,1,1,2,2,-1,-1,3,0,0,0,2,0,11,-1,-1,3,1,0.0,1.0,-1,6,20,9,1,1,10:20,6,1,11
2023421315914,2023,421315914,1,1,3,1,25,5,3,5,1,0,0,0,0,-1,-1,3,1,0.0,1.0,-1,6,30,1,1,1,14:40,3,1,9
2023421337454,2023,421337454,2,1,1,1,15,3,3,0,0,0,0,0,1,9,E01002259,3,1,0.0,1.0,-1,6,30,1,1,1,21:15,4,2,1
2023111391626,2023,111391626,2,1,1,2,28,6,2,0,0,0,0,0,9,4,E01020625,7,1,1.0,0.0,-1,1,60,1,4,1,19:55,1,2,9
2023421320205,2023,421320205,2,8,2,1,53,8,2,0,0,1,0,0,9,4,E01026728,7,1,1.0,0.0,-1,6,30,1,1,1,07:27,2,7,9
2023461329057,2023,461329057,3,3,1,1,60,9,3,0,0,0,0,0,9,5,E01024138,3,1,0.0,1.0,-1,6,30,1,1,1,06:25,6,3,9
202354B965523,2023,54B965523,1,2,2,1,20,4,3,0,0,1,0,0,9,8,E01032077,-1,0,0.11271,0.88729,-1,6,60,2,6,2,20:27,7,1,9
2023430455345,2023,430455345,2,1,1,1,33,6,3,0,0,0,0,0,1,-1,-1,-1,0,0.04379,0.95621,-1,6,30,1,1,1,09:43,3,2,1
2023451313251,2023,451313251,1,1,1,1,26,6,3,0,0,0,0,0,1,9,E01030477,3,1,0.0,1.0,-1,6,30,1,1,1,17:29,6,2,1
2023010484164,2023,010484164,1,1,1,-1,37,7,3,0,0,0,0,0,3,3,E01001445,-1,0,0.0,1.0,-1,9,30,9,1,9,15:01,4,2,3
2023010466517,2023,010466517,1,1,1,1,23,5,3,0,0,0,0,0,9,7,E01024405,-1,0,0.0,1.0,-1,6,30,1,4,1,22:25,7,1,9
2023170H10073,2023,170H10073,1,1,1,1,40,7,3,0,0,0,0,0,9,2,E01020842,-1,0,0.10678,0.89322,-1,3,40,1,1,2,07:25,4,2,9
2023471350740,2023,471350740,2,1,1,1,67,10,3,0,0,0,0,0,9,8,E01031667,3,1,0.0,1.0,-1,6,30,1,1,1,19:32,4,2,9
2023430039147,2023,430039147,2,1,1,1,51,8,3,0,0,0,0,0,19,8,E01016711,-1,0,0.06251,0.93749,-1,3,70,1,7,2,18:01,5,2,19
2023430052998,2023,430052998,1,1,3,1,65,9,3,5,1,0,0,0,0,9,E01017840,-1,0,0.1123,0.8877,-1,6,30,1,7,1,18:25,2,1,9
2023332301070,2023,332301070,2,1,1,1,53,8,3,0,0,0,0,0,1,1,E01013621,-1,0,0.07953,0.92047,-1,3,30,1,4,2,18:00,4,2,1
2023991266813,2023,991266813,1,1,1,1,80,11,3,0,0,0,0,0,9,8,-1,3,1,0.0,1.0,-1,6,30,2,1,2,13:30,1,1,9
2023010469114,2023,010469114,2,2,1,1,71,10,3,0,0,0,0,0,11,4,E01001511,-1,0,0.0,1.0,-1,6,40,1,4,1,05:18,7,2,11
2023440220601,2023,440220601,1,1,1,1,69,10,2,0,0,0,0,0,4,5,E01022806,-1,0,1.0,0.0,-1,6,40,1,1,1,09:17,1,2,4
2023461359396,2023,461359396,1,1,1,1,55,8,3,0,0,0,0,0,5,9,E01024331,3,1,0.0,1.0,-1,6,30,1,1,1,12:43,7,1,5
2023061263936,2023,061263936,1,4,2,2,18,4,3,0,0,2,0,0,9,3,E01005817,3,1,0.0,1.0,-1,3,30,1,1,2,12:15,2,1,9
2023131355585,2023,131355585,2,1,2,2,85,11,3,0,0,1,0,0,9,4,E01011841,3,1,0.0,1.0,-1,6,40,1,1,1,13:50,5,2,9
2023131385761,2023,131385761,1,1,1,2,54,8,3,0,0,0,0,0,9,1,E01011326,3,1,0.0,1.0,-1,7,30,2,1,2,13:15,1,2,9
2023631366663,2023,631366663,1,1,2,1,17,4,2,0,0,1,0,0,9,4,W01000646,7,1,1.0,0.0,-1,6,50,2,6,2,22:45,3,2,9
2023351303996,2023,351303996,1,1,1,1,33,6,3,0,0,0,0,0,1,3,E01015668,3,1,0.0,1.0,-1,6,30,1,1,1,14:04,5,2,1
2023010423734,2023,010423734,1,1,1,2,32,6,1,0,0,0,0,0,9,-1,-1,-1,0,0.0,0.0,-1,3,30,1,4,2,22:03,5,1,9
2023131350485,2023,131350485,2,4,2,2,12,3,3,0,0,2,0,0,9,3,E01010867,3,1,0.0,1.0,-1,6,30,1,1,1,17:22,5,2,9
2023991337067,2023,991337067,3,1,2,2,43,7,3,0,0,1,0,0,9,5,-1,3,1,0.0,1.0,-1,3,60,2,1,2,07:30,3,4,9
2023010422284,2023,010422284,1,1,1,1,62,9,3,0,0,0,0,0,1,6,E01003437,-1,0,0.0,1.0,-1,6,20,1,1,1,13:50,5,2,1
2023361383598,2023,361383598,2,1,1,1,39,7,3,0,0,0,0,0,9,8,E01026714,3,1,0.0,1.0,-1,6,30,1,4,2,17:38,3,2,9
2023430334149,2023,430334149,2,2,1,1,70,10,2,0,0,0,0,0,9,9,E01028749,-1,0,1.0,0.0,-1,6,50,1,1,1,17:13,5,2,9
2023430501073,2023,430501073,1,1,3,2,37,7,3,1,1,0,0,0,0,9,E01028688,-1,0,0.16289,0.83711,-1,6,20,1,1,1,14:32,3,1,9
2023440137484,2023,440137484,1,1,1,1,49,8,2,0,0,0,0,0,5,10,E01016638,-1,0,1.0,0.0,-1,6,60,1,1,1,16:39,6,2,5
2023531366761,2023,531366761,1,1,3,2,22,5,3,9,5,0,0,0,0,8,E01022409,3,1,0.0,1.0,-1,6,40,1,6,1,17:00,2,1,9
2023201416553,2023,201416553,1,4,2,2,45,7,3,0,0,2,0,0,8,1,E01010415,3,1,0.0,1.0,-1,6,30,1,4,2,22:10,5,2,8