collision_index,collision_year,collision_ref_no,vehicle_reference,casualty_reference,casualty_class,sex_of_casualty,age_of_casualty,age_band_of_casualty,casualty_severity,pedestrian_location,pedestrian_movement,car_passenger,bus_or_coach_passenger,pedestrian_road_maintenance_worker,casualty_type,casualty_imd_decile,lsoa_of_casualty,enhanced_casualty_severity,casualty_injury_based,casualty_adjusted_severity_serious,casualty_adjusted_severity_slight,casualty_distance_banding,road_type,speed_limit,weather_conditions,light_conditions,road_surface_conditions,time,day_of_week,number_of_vehicles,vehicle_type
2023461329274,2023,461329274,1,2,2,1,17,4,3,0,0,2,0,0,9,8,E01032812,3,1,0.0,1.0,-1,6,40,1,6,1,22:45,3,1,9
2023501332995,2023,501332995,1,2,2,1,32,6,3,0,0,1,0,0,9,-1,-1,3,1,0.0,1.0,-1,6,60,1,1,1,09:59,4,1,9
2023010461850,2023,010461850,2,1,1,1,31,6,3,0,0,0,0,0,-1,1,E01004340,-1,0,0.0,1.0,-1,6,20,1,1,1,15:05,3,2,-1
2023101351267,2023,101351267,1,1,2,2,62,9,3,0,0,2,0,0,8,7,E01027489,3,1,0.0,1.0,-1,6,60,2,1,2,08:10,2,2,8
2023201275452,2023,201275452,3,2,1,2,74,10,3,0,0,0,0,0,9,8,E01029616,3,1,0.0,1.0,-1,6,30,1,1,2,12:32,6,3,9
2023421282150,2023,421282150,2,1,1,2,27,6,3,0,0,0,0,0,9,2,E01022056,3,1,0.0,1.0,-1,6,30,7,1,2,07:32,4,2,9
2023522400376,2023,522400376,1,1,1,1,29,6,3,0,0,0,0,0,9,6,E01014960,-1,0,0.04172,0.95828,-1,6,30,1,1,1,16:04,4,2,9
2023061279047,2023,061279047,3,2,1,1,-1,-1,3,0,0,0,0,0,1,3,E01005062,3,1,0.0,1.0,-1,6,30,1,1,1,13:00,7,3,1
2023010475757,2023,010475757,1,1,1,1,20,4,3,0,0,0,0,0,3,3,E01001479,-1,0,0.0,1.0,-1,3,20,5,1,2,14:30,6,2,3
2023122300483,2023,122300483,1,1,3,1,39,7,3,9,9,0,0,0,0,5,E01027729,-1,0,0.14655,0.85345,-1,6,30,1,1,1,09:45,6,1,9
2023141373517,2023,141373517,1,1,2,1,17,4,1,0,0,1,0,0,9,-1,-1,1,1,0.0,0.0,-1,6,20,1,4,1,23:11,7,1,9
2023161269311,2023,161269311,1,1,1,2,26,6,3,0,0,0,0,0,9,10,E01033495,3,1,0.0,1.0,-1,3,70,2,1,2,08:15,5,4,9
2023411314890,2023,411314890,2,1,1,2,18,4,3,0,0,0,0,0,9,2,E01018143,3,1,0.0,1.0,-1,3,30,2,4,2,23:28,3,2,9
2023421308021,2023,421308021,2,1,1,1,34,6,3,0,0,0,0,0,9,6,E01033064,3,1,0.0,1.0,-1,3,70,1,1,1,07:41,3,5,9
2023991261144,2023,991261144,2,1,1,2,53,8,3,0,0,0,0,0,9,9,-1,3,1,0.0,1.0,-1,3,30,1,1,1,08:40,2,2,9
2023461271083,2023,461271083,2,1,1,1,32,6,3,0,0,0,0,0,3,8,E01024407,3,1,0.0,1.0,-1,6,30,1,1,2,08:01,3,2,3
2023201409903,2023,201409903,1,1,1,1,36,7,3,0,0,0,0,0,11,2,E01010446,3,1,0.0,1.0,-1,7,30,1,1,1,13:18,4,2,11
2023010447440,2023,010447440,1,1,1,2,38,7,3,0,0,0,0,0,1,3,E01016012,-1,0,0.0,1.0,-1,6,40,1,1,1,12:30,1,2,1
2023332300056,2023,332300056,1,1,3,1,66,10,3,5,1,0,0,0,0,10,E01025834,-1,0,0.04762,0.95238,-1,6,30,1,1,1,08:40,6,1,9
2023421279560,2023,421279560,1,1,3,2,11,3,3,5,1,0,0,0,0,1,E01015916,3,1,0.0,1.0,-1,6,30,1,1,1,15:15,2,1,9
2023010467607,2023,010467607,2,1,1,1,31,6,3,0,0,0,0,0,3,3,E01032743,-1,0,0.0,1.0,-1,6,20,1,1,1,09:50,6,2,3
2023411366749,2023,411366749,1,1,1,1,20,4,3,0,0,0,0,0,5,2,E01000095,3,1,0.0,1.0,-1,6,30,1,1,1,06:45,6,2,5
2023010441681,2023,010441681,1,1,1,2,23,5,3,0,0,0,0,0,9,1,E01001427,-1,0,0.0,1.0,-1,9,20,1,1,1,19:24,1,2,9
2023421312420,2023,421312420,1,6,2,2,13,3,3,0,0,2,0,0,9,-1,-1,3,1,0.0,1.0,-1,3,70,1,1,1,13:20,7,2,9
2023010448008,2023,010448008,1,1,1,1,19,4,3,0,0,0,0,0,3,2,E01033148,-1,0,0.0,1.0,-1,6,30,1,4,1,22:28,3,2,3
2023041315686,2023,041315686,1,2,2,2,24,5,3,0,0,1,0,0,9,3,E01006969,3,1,0.0,1.0,-1,6,50,1,1,1,11:30,6,2,9
2023471355956,2023,471355956,1,1,1,2,25,5,3,0,0,0,0,0,9,-1,-1,3,1,0.0,1.0,-1,6,30,2,1,2,17:46,4,2,9
2023520300610,2023,520300610,2,46,2,1,34,6,3,0,0,0,4,0,11,8,E01012065,-1,0,0.0588,0.9412,-1,6,40,1,6,4,06:00,3,3,11
2023061399282,2023,061399282,2,1,1,-1,52,8,3,0,0,0,0,0,9,5,E01004913,3,1,0.0,1.0,-1,3,20,1,1,1,18:07,3,2,9
2023610008723,2023,610008723,1,2,2,2,19,4,3,0,0,1,0,0,9,5,W01001383,-1,0,0.13997,0.86003,-1,3,50,2,4,2,01:20,2,1,9
2023991266253,2023,991266253,1,1,1,2,31,6,3,0,0,0,0,0,9,9,-1,3,1,0.0,1.0,-1,3,30,1,1,1,11:20,6,2,9
2023471328752,2023,471328752,2,1,2,1,24,5,3,0,0,0,0,0,19,-1,-1,3,1,0.0,1.0,-1,6,30,1,1,1,12:00,4,2,19
2023371278879,2023,371278879,2,1,1,1,34,6,3,0,0,0,0,0,1,5,E01030267,3,1,0.0,1.0,-1,6,30,1,1,1,08:00,3,2,1
2023010445593,2023,010445593,2,2,2,1,34,6,3,0,0,2,0,0,9,2,E01003994,-1,0,0.0,1.0,-1,1,30,1,1,1,07:19,1,2,9
2023131313082,2023,131313082,1,1,1,1,30,6,3,0,0,0,0,0,9,5,E01011748,3,1,0.0,1.0,-1,6,30,1,4,1,21:25,3,2,9
2023131341499,2023,131341499,1,1,1,1,86,11,2,0,0,0,0,0,9,5,E01011860,5,1,1.0,0.0,-1,6,50,2,1,2,11:40,2,3,9
2023131389206,2023,131389206,1,1,1,2,85,11,3,0,0,0,0,0,9,1,E01011816,3,1,0.0,1.0,-1,6,30,1,1,2,15:01,7,2,9
2023010422126,2023,010422126,1,1,3,2,28,6,3,5,2,0,0,0,0,5,E01002184,-1,0,0.0,1.0,-1,6,30,1,4,1,18:32,4,1,8
2023061391902,2023,061391902,1,4,2,1,18,4,2,0,0,2,0,0,9,3,E01018611,5,1,1.0,0.0,-1,6,30,2,4,2,03:10,1,2,9
2023371373187,2023,371373187,1,1,1,1,18,4,3,0,0,0,0,0,9,6,E01030041,3,1,0.0,1.0,-1,7,30,1,4,1,21:01,6,1,9
2023010441781,2023,010441781,1,1,3,1,20,4,3,4,3,0,0,0,0,4,E01002893,-1,0,0.0,1.0,-1,6,40,1,1,1,12:45,2,1,9
2023461331747,2023,461331747,1,1,3,2,32,6,2,5,1,0,0,0,0,4,E01016100,7,1,1.0,0.0,-1,3,40,1,4,1,21:15,6,1,9
2023201391663,2023,201391663,1,1,1,2,49,8,3,0,0,0,0,0,9,4,E01009628,3,1,0.0,1.0,-1,6,40,1,1,1,17:45,4,3,9
2023340WN4002,2023,340WN4002,2,2,1,1,26,6,3,0,0,0,0,0,9,3,E01027175,-1,0,0.03456,0.96544,-1,6,30,1,1,1,11:40,6,2,9
2023501271769,2023,501271769,1,1,3,2,73,10,2,5,8,0,0,0,0,4,E01018955,7,1,1.0,0.0,-1,6,30,1,1,1,13:20,5,1,9
2023010433531,2023,010433531,1,2,2,2,50,8,3,0,0,0,4,0,11,3,E01002064,-1,0,0.0,1.0,-1,2,20,2,1,2,08:42,4,1,11
2023421286277,2023,421286277,2,3,2,2,74,10,2,0,0,0,0,0,90,6,E01021733,6,1,1.0,0.0,-1,6,30,4,1,1,14:10,2,3,90
2023131381085,2023,131381085,1,2,3,1,4,1,2,8,7,0,0,1,0,1,E01011081,7,1,1.0,0.0,-1,6,30,1,4,2,17:12,5,1,9
2023351358889,2023,351358889,1,1,3,2,37,7,2,6,9,0,0,0,0,3,E01015692,7,1,1.0,0.0,-1,6,30,1,1,1,13:00,2,1,-1
2023351356875,2023,351356875,2,1,1,1,43,7,3,0,0,0,0,0,3,4,E01015655,3,1,0.0,1.0,-1,3,30,2,1,2,12:15,4,2,3
2023201416968,2023,201416968,1,1,1,2,71,10,3,0,0,0,0,0,9,8,E01009814,3,1,0.0,1.0,-1,6,30,1,4,1,22:06,7,1,9
2023371370936,2023,371370936,1,1,2,1,53,8,3,0,0,1,0,0,9,5,E01030222,3,1,0.0,1.0,-1,6,60,1,6,2,16:20,7,1,9
2023421358243,2023,421358243,1,2,2,1,17,4,3,0,0,2,0,0,9,-1,-1,3,1,0.0,1.0,-1,2,30,1,1,1,12:27,1,3,9
2023501389099,2023,501389099,1,1,1,2,25,5,3,0,0,0,0,0,9,2,E01015055,3,1,0.0,1.0,-1,3,30,1,1,2,13:01,7,2,9
2023520301064,2023,520301064,1,1,1,2,45,7,3,0,0,0,0,0,9,5,E01029058,-1,0,0.00826,0.99174,-1,1,60,1,1,1,15:45,4,2,9
2023351337127,2023,351337127,1,1,1,1,40,7,3,0,0,0,0,0,19,6,E01018056,3,1,0.0,1.0,-1,6,60,1,1,1,17:15,5,2,19
2023010462101,2023,010462101,1,3,3,2,46,8,2,6,9,0,0,0,0,-1,-1,-1,0,1.0,0.0,-1,6,20,1,7,1,23:46,4,1,9
2023010467613,2023,010467613,1,1,3,2,3,1,3,6,9,0,0,0,0,2,E01003619,-1,0,0.0,1.0,-1,3,30,2,4,2,18:15,5,1,1
2023061275394,2023,061275394,1,1,3,2,38,7,2,5,1,0,0,0,0,1,E01004823,7,1,1.0,0.0,-1,6,30,1,4,1,21:19,7,1,11
2023131324234,2023,131324234,1,1,3,2,76,11,2,8,5,0,0,1,0,7,E01010976,7,1,1.0,0.0,-1,6,30,1,1,1,08:50,5,1,9
2023122301109,2023,122301109,1,1,1,2,46,8,3,0,0,0,0,0,1,10,E01013357,-1,0,0.041,0.959,-1,6,30,1,1,1,10:30,7,2,1
2023010466675,2023,010466675,1,1,1,1,37,7,2,0,0,0,0,0,4,5,E01003772,-1,0,1.0,0.0,-1,6,30,5,4,2,00:44,2,2,4
2023010468336,2023,010468336,1,1,3,2,55,8,2,1,1,0,0,0,0,3,E01004043,-1,0,1.0,0.0,-1,6,30,1,1,1,07:30,3,1,9
2023010426486,2023,010426486,1,1,1,1,30,6,3,0,0,0,0,0,3,5,E01001973,-1,0,0.0,1.0,-1,9,20,1,4,1,18:00,5,2,3
2023010447767,2023,010447767,1,1,1,1,26,6,3,0,0,0,0,0,3,3,E01001823,-1,0,0.0,1.0,-1,9,20,1,1,1,13:30,5,2,3
2023440139565,2023,440139565,1,1,1,1,25,5,3,0,0,0,0,0,9,-1,-1,-1,0,0.02586,0.97414,-1,6,30,1,1,1,10:00,1,2,9
2023041350828,2023,041350828,3,3,1,2,45,7,3,0,0,0,0,0,9,-1,-1,3,1,0.0,1.0,-1,6,30,1,1,1,15:05,5,3,9
2023131392859,2023,131392859,1,2,2,1,21,5,3,0,0,2,0,0,9,5,E01011263,3,1,0.0,1.0,-1,3,70,5,6,2,18:56,5,1,9
2023991263251,2023,991263251,1,1,1,2,19,4,3,0,0,0,0,0,9,7,-1,3,1,0.0,1.0,-1,6,30,1,1,2,09:00,7,1,9
2023622300036,2023,622300036,2,4,2,2,-1,-1,3,0,0,0,0,0,19,1,W01001707,-1,0,0.02174,0.97826,-1,6,30,1,1,1,12:55,2,3,19
2023052301966,2023,052301966,2,1,1,1,66,10,3,0,0,0,0,0,9,5,E01006933,-1,0,0.01297,0.98703,-1,6,30,1,1,1,15:55,2,2,9
2023440330395,2023,440330395,1,2,2,2,21,5,2,0,0,1,0,0,9,3,E01017266,-1,0,1.0,0.0,-1,6,30,1,4,1,03:43,4,1,9
2023010436727,2023,010436727,1,1,1,2,23,5,3,0,0,0,0,0,9,9,E01002110,-1,0,0.0,1.0,-1,6,30,1,4,1,21:00,1,2,9
2023010442965,2023,010442965,1,1,1,2,62,9,3,0,0,0,0,0,9,5,E01023905,-1,0,0.0,1.0,-1,6,30,1,1,1,18:10,7,2,9
2023522301311,2023,522301311,2,1,1,1,18,4,2,0,0,0,0,0,9,7,E01014577,-1,0,1.0,0.0,-1,6,40,1,1,1,16:49,6,2,9
202354D640723,2023,54D640723,2,4,2,2,29,6,3,0,0,1,0,0,9,4,E01031917,-1,0,0.02153,0.97847,-1,6,30,2,4,2,17:50,2,2,9
2023010448892,2023,010448892,1,1,1,1,36,7,3,0,0,0,0,0,8,3,E01021764,-1,0,0.0,1.0,-1,3,30,1,1,1,20:00,3,2,8
2023041324795,2023,041324795,2,2,2,1,38,7,3,0,0,1,0,0,9,-1,-1,3,1,0.0,1.0,-1,6,20,1,1,1,14:19,7,2,9
2023052301380,2023,052301380,2,1,1,1,27,6,3,0,0,0,0,0,9,2,E01006726,-1,0,0.03124,0.96876,-1,6,30,1,4,1,01:15,1,2,9
2023430537301,2023,430537301,2,1,1,2,29,6,3,0,0,0,0,0,9,3,E01016511,-1,0,0.04834,0.95166,-1,6,40,1,6,1,17:12,4,2,9
2023440431502,2023,440431502,1,1,1,1,22,5,3,0,0,0,0,0,9,10,E01022772,-1,0,0.07571,0.92429,-1,6,30,2,1,2,12:59,7,2,9
2023991355594,2023,991355594,1,1,1,1,24,5,3,0,0,0,0,0,9,5,-1,3,1,0.0,1.0,-1,6,60,2,1,2,18:08,5,1,9
2023010477875,2023,010477875,1,1,2,1,59,9,3,0,0,0,3,0,11,4,E01000498,-1,0,0.0,1.0,-1,6,20,1,1,2,10:01,3,1,11
2023010437470,2023,010437470,1,1,3,1,38,7,3,5,2,0,0,0,0,-1,-1,-1,0,0.0,1.0,-1,6,30,2,1,2,17:20,6,2,9
2023340WN0082,2023,340WN0082,1,1,3,2,18,4,3,1,1,0,0,0,0,5,E01027232,-1,0,0.1542,0.8458,-1,6,30,2,4,2,23:40,4,1,8
2023010423501,2023,010423501,1,1,1,1,60,9,3,0,0,0,0,0,9,5,E01001530,-1,0,0.0,1.0,-1,6,20,2,4,2,18:05,4,2,9
2023161258656,2023,161258656,1,1,1,1,24,5,3,0,0,0,0,0,9,7,E01013324,3,1,0.0,1.0,-1,6,60,2,6,2,01:59,1,1,9
2023451344879,2023,451344879,3,3,1,2,36,7,3,0,0,0,0,0,9,-1,-1,3,1,0.0,1.0,-1,6,40,1,1,1,17:30,4,3,9
2023471308093,2023,471308093,2,4,2,2,11,3,3,0,0,2,0,0,9,5,E01031515,3,1,0.0,1.0,-1,6,60,1,1,1,18:44,3,2,9
2023501266432,2023,501266432,2,1,1,2,73,10,3,0,0,0,0,0,9,6,E01020059,3,1,0.0,1.0,-1,6,60,1,1,4,16:15,7,2,9
2023991284663,2023,991284663,1,1,1,1,50,8,3,0,0,0,0,0,9,4,-1,3,1,0.0,1.0,-1,6,60,2,1,1,16:40,4,2,9
2023010464566,2023,010464566,2,1,1,1,39,7,3,0,0,0,0,0,1,2,E01004613,-1,0,0.0,1.0,-1,6,20,1,1,1,09:30,5,2,1
2023161332809,2023,161332809,2,1,1,1,10,2,3,0,0,0,0,0,1,9,E01013168,3,1,0.0,1.0,-1,6,30,1,1,1,12:19,2,2,1
2023010452510,2023,010452510,1,1,3,1,-1,-1,3,4,1,0,0,0,0,-1,-1,-1,0,0.0,1.0,-1,6,20,8,4,2,21:51,5,1,9
2023010454639,2023,010454639,1,1,3,1,73,10,2,6,9,0,0,0,0,3,E01001004,-1,0,1.0,0.0,-1,6,20,1,1,1,18:40,3,1,11
2023131373575,2023,131373575,1,1,3,2,14,3,3,8,7,0,0,1,0,6,E01011299,3,1,0.0,1.0,-1,6,20,1,7,1,19:50,7,1,9
2023320068167,2023,320068167,2,1,1,1,72,10,3,0,0,0,0,0,1,2,E01026378,-1,0,0.12778,0.87222,-1,6,30,1,1,1,11:30,5,2,1
2023010483854,2023,010483854,2,2,1,2,32,6,3,0,0,0,0,0,9,3,E01000020,-1,0,0.0,1.0,-1,3,30,2,4,2,21:50,4,2,9
2023430099970,2023,430099970,1,1,1,1,52,8,3,0,0,0,0,0,9,10,E01028763,-1,0,0.09367,0.90633,-1,6,30,1,4,1,17:52,1,1,9
2023440099948,2023,440099948,1,1,1,1,22,5,3,0,0,0,0,0,9,5,E01020412,-1,0,0.05551,0.94449,-1,3,70,5,6,2,20:03,1,2,9
2023440175245,2023,440175245,2,2,1,1,56,9,3,0,0,0,0,0,9,2,E01017219,-1,0,0.05872,0.94128,-1,6,20,1,1,1,15:05,5,2,9
2023451278713,2023,451278713,1,1,1,2,38,7,3,0,0,0,0,0,9,9,E01031504,3,1,0.0,1.0,-1,6,30,2,1,2,08:35,3,1,9
2023451286349,2023,451286349,1,1,1,1,36,7,3,0,0,0,0,0,9,8,E01030611,3,1,0.0,1.0,-1,6,30,4,4,2,03:46,3,2,9
2023461333011,2023,461333011,2,2,1,2,41,7,3,0,0,0,0,0,9,7,E01024727,3,1,0.0,1.0,-1,6,20,1,1,1,09:30,3,4,9
2023471309812,2023,471309812,1,1,1,2,80,11,2,0,0,0,0,0,9,9,E01031727,7,1,1.0,0.0,-1,6,30,1,1,1,15:50,1,4,9
2023141370965,2023,141370965,1,3,2,1,16,4,2,0,0,2,0,0,9,4,E01007699,5,1,1.0,0.0,-1,3,50,2,4,2,21:43,7,1,9
2023201461702,2023,201461702,1,1,2,2,35,6,3,0,0,-1,0,0,9,4,E01009871,3,1,0.0,1.0,-1,6,30,1,4,1,04:50,7,2,9
2023351406829,2023,351406829,2,1,1,2,56,9,3,0,0,0,0,0,9,9,E01033173,3,1,0.0,1.0,-1,6,30,1,1,1,08:12,3,2,9
2023411292470,2023,411292470,2,1,1,1,30,6,3,0,0,0,0,0,9,9,E01023597,3,1,0.0,1.0,-1,6,40,1,7,1,19:55,3,2,9
2023451287935,2023,451287935,1,1,1,1,64,9,3,0,0,0,0,0,9,2,E01007443,3,1,0.0,1.0,-1,3,70,1,1,1,15:49,6,2,9
2023461300126,2023,461300126,1,1,1,1,36,7,3,0,0,0,0,0,9,8,E01024053,3,1,0.0,1.0,-1,3,70,1,1,1,09:40,3,1,9
2023010465933,2023,010465933,2,1,1,1,54,8,3,0,0,0,0,0,1,3,E01002649,-1,0,0.0,1.0,-1,6,30,1,1,1,12:15,5,2,1
2023121292789,2023,121292789,2,1,1,1,37,7,3,0,0,0,0,0,1,8,E01011882,3,1,0.0,1.0,-1,1,60,1,1,1,09:17,7,2,1
2023031308616,2023,031308616,1,1,1,1,60,9,3,0,0,0,0,0,5,4,E01019202,3,1,0.0,1.0,-1,6,60,1,1,1,11:32,7,2,5
2023411332728,2023,411332728,1,2,2,2,6,2,3,0,0,1,0,0,9,10,E01023524,3,1,0.0,1.0,-1,6,40,1,1,2,13:50,3,1,9
2023461373841,2023,461373841,1,3,2,2,26,6,2,0,0,2,0,0,9,6,E01001419,7,1,1.0,0.0,-1,3,70,2,6,2,00:30,1,1,9
2023471264913,2023,471264913,2,1,1,2,33,6,3,0,0,0,0,0,9,8,E01020987,3,1,0.0,1.0,-1,6,30,4,1,1,09:55,3,2,9
2023201372653,2023,201372653,1,1,1,1,46,8,3,0,0,0,0,0,9,1,E01032887,3,1,0.0,1.0,-1,6,20,1,1,1,14:21,3,4,9
2023622300588,2023,622300588,1,1,1,2,50,8,3,0,0,0,0,0,9,9,W01000751,-1,0,0.02945,0.97055,-1,6,30,1,1,1,17:27,7,2,9
2023411325156,2023,411325156,2,1,1,1,21,5,3,0,0,0,0,0,9,9,E01023463,3,1,0.0,1.0,-1,1,60,1,1,1,09:25,1,2,9
2023010453447,2023,010453447,1,1,1,1,30,6,3,0,0,0,0,0,3,3,E01001171,-1,0,0.0,1.0,-1,3,30,1,1,1,11:39,4,2,3
2023010483971,2023,010483971,1,1,1,1,34,6,3,0,0,0,0,0,3,6,E01032567,-1,0,0.0,1.0,-1,9,20,9,1,9,14:05,6,2,3
2023010467283,2023,010467283,1,1,3,2,27,6,3,1,1,0,0,0,0,4,E01000006,-1,0,0.0,1.0,-1,3,30,2,4,2,20:30,4,1,9
2023052301850,2023,052301850,1,2,3,1,57,9,3,6,9,0,0,0,0,2,E01007271,-1,0,0.26886,0.73114,-1,6,30,1,4,1,02:15,1,1,9
2023311329982,2023,311329982,1,2,3,2,4,1,2,10,9,0,0,0,0,-1,-1,7,1,1.0,0.0,-1,6,30,8,1,2,21:02,1,1,9
2023421374352,2023,421374352,1,1,3,1,-1,-1,3,5,9,0,0,0,0,-1,-1,3,1,0.0,1.0,-1,6,30,1,1,1,08:22,2,1,9
202354C941523,2023,54C941523,2,1,3,2,54,8,3,6,9,0,0,0,0,8,E01031939,-1,0,0.07538,0.92462,-1,6,30,1,1,1,15:03,4,2,9
2023461297651,2023,461297651,2,1,1,1,27,6,3,0,0,0,0,0,1,6,E01032807,3,1,0.0,1.0,-1,6,30,1,1,1,16:40,5,2,1
2023010428193,2023,010428193,1,1,1,1,28,6,3,0,0,0,0,0,3,5,E01002234,-1,0,0.0,1.0,-1,1,20,1,7,1,23:15,7,2,3
2023010441187,2023,010441187,1,1,1,2,51,8,3,0,0,0,0,0,9,3,E01001789,-1,0,0.0,1.0,-1,6,20,1,1,1,07:30,4,2,9
2023131313389,2023,131313389,2,2,1,1,36,7,3,0,0,0,0,0,9,2,E01011032,3,1,0.0,1.0,-1,6,40,1,1,1,13:22,4,2,9
2023430521580,2023,430521580,2,1,1,1,59,9,3,0,0,0,0,0,9,5,E01017687,-1,0,0.05381,0.94619,-1,6,30,1,1,1,07:00,2,2,9
2023010482495,2023,010482495,1,1,1,1,28,6,3,0,0,0,0,0,3,3,E01001981,-1,0,0.0,1.0,-1,9,20,1,1,2,14:35,2,2,3
2023401309903,2023,401309903,2,1,1,1,20,4,2,0,0,0,0,0,3,3,E01015744,7,1,1.0,0.0,-1,6,30,1,1,1,19:09,4,4,3
2023141327372,2023,141327372,1,1,1,1,66,10,3,0,0,0,0,0,9,9,E01012227,3,1,0.0,1.0,-1,6,60,1,1,1,17:01,6,2,9
2023440241670,2023,440241670,1,6,2,1,19,4,3,0,0,2,0,0,9,9,E01022695,-1,0,0.09349,0.90651,-1,6,30,1,4,1,01:55,1,2,9
2023501313360,2023,501313360,1,2,2,2,22,5,3,0,0,-1,0,0,9,4,E01029309,3,1,0.0,1.0,-1,6,50,1,1,1,16:20,3,2,9
2023031261313,2023,031261313,2,1,1,1,32,6,2,0,0,0,0,0,21,-1,-1,7,1,1.0,0.0,-1,6,60,1,6,2,02:10,3,2,21
2023481371571,2023,481371571,1,1,1,1,23,5,3,0,0,0,0,0,1,-1,-1,3,1,0.0,1.0,-1,3,20,1,1,1,15:00,1,2,1
2023070419390,2023,070419390,2,1,1,1,41,7,2,0,0,0,0,0,9,1,E01006547,-1,0,1.0,0.0,-1,6,50,1,1,1,17:45,4,4,9
2023141300186,2023,141300186,1,1,1,1,78,11,2,0,0,0,0,0,9,2,E01007815,7,1,1.0,0.0,-1,6,30,1,1,1,10:00,2,2,9
2023320317426,2023,320317426,1,2,3,2,12,3,3,8,3,0,0,0,0,4,E01026279,-1,0,0.14935,0.85065,-1,6,30,1,1,1,18:20,4,1,9
2023440442669,2023,440442669,1,1,1,1,22,5,3,0,0,0,0,0,5,2,E01017356,-1,0,0.1381,0.8619,-1,2,30,2,1,2,14:27,1,2,5
2023010449938,2023,010449938,1,1,1,1,41,7,3,0,0,0,0,0,9,5,E01003713,-1,0,0.0,1.0,-1,9,20,1,1,1,18:30,1,2,9
2023131392897,2023,131392897,1,1,1,1,26,6,2,0,0,0,0,0,9,8,E01010709,7,1,1.0,0.0,-1,6,40,5,4,2,01:12,6,3,9
2023201382528,2023,201382528,2,3,2,1,29,6,3,0,0,2,0,0,9,2,E01010038,3,1,0.0,1.0,-1,3,30,1,4,1,22:20,2,2,9
2023461321940,2023,461321940,1,1,1,1,53,8,2,0,0,0,0,0,9,3,E01024567,7,1,1.0,0.0,-1,6,60,1,1,1,18:27,5,3,9
2023552400252,2023,552400252,1,1,1,1,40,7,3,0,0,0,0,0,9,3,E01015310,-1,0,0.09045,0.90955,-1,6,60,1,1,2,15:55,7,3,9
2023311348187,2023,311348187,1,1,1,1,23,5,3,0,0,0,0,0,3,2,E01013904,3,1,0.0,1.0,-1,6,40,1,1,1,18:28,1,2,3
2023361264569,2023,361264569,3,2,1,1,37,7,3,0,0,0,0,0,9,-1,-1,3,1,0.0,1.0,-1,6,60,1,6,2,16:45,3,3,9
2023461346301,2023,461346301,1,2,2,2,8,2,3,0,0,2,0,0,9,9,E01024175,3,1,0.0,1.0,-1,6,30,1,1,1,20:39,7,3,9
2023531317581,2023,531317581,2,1,1,2,46,8,3,0,0,0,0,0,9,9,E01022443,3,1,0.0,1.0,-1,1,50,1,1,1,15:20,4,3,9
2023471272576,2023,471272576,1,1,1,2,21,5,3,0,0,0,0,0,9,3,E01016146,3,1,0.0,1.0,-1,6,40,1,6,2,18:00,1,2,9
2023522301189,2023,522301189,2,2,1,2,26,6,3,0,0,0,0,0,9,2,E01014602,-1,0,0.01859,0.98141,-1,6,30,1,4,1,22:58,1,2,9
2023351347088,2023,351347088,1,1,2,2,40,7,3,0,0,2,0,0,8,3,E01029954,3,1,0.0,1.0,-1,6,40,1,4,1,21:56,3,1,8
2023161285483,2023,161285483,3,2,1,1,55,8,3,0,0,0,0,0,9,9,E01012996,3,1,0.0,1.0,-1,6,60,3,1,3,08:25,6,3,9
202360A016961,2023,60A016961,2,1,1,1,48,8,3,0,0,0,0,0,9,-1,-1,-1,0,0.04423,0.95577,-1,6,60,1,1,2,14:10,7,2,9
2023440386197,2023,440386197,2,2,1,1,33,6,2,0,0,0,0,0,19,9,E01020373,-1,0,1.0,0.0,-1,3,70,2,1,2,17:08,5,3,19
2023531340486,2023,531340486,2,2,1,1,24,5,2,0,0,0,0,0,1,8,E01022177,5,1,1.0,0.0,-1,6,30,1,1,1,18:05,5,2,1
2023141260880,2023,141260880,5,1,1,1,41,7,2,0,0,0,0,0,9,1,E01026127,6,1,1.0,0.0,-1,3,70,1,1,1,15:47,1,5,9
2023461318825,2023,461318825,2,1,1,2,28,6,3,0,0,0,0,0,9,4,E01032810,3,1,0.0,1.0,-1,3,70,1,1,1,08:43,4,2,9
2023471327347,2023,471327347,3,3,2,2,61,9,3,0,0,1,0,0,9,4,E01031788,3,1,0.0,1.0,-1,6,30,1,1,1,14:30,7,6,9
2023471337958,2023,471337958,2,1,1,1,39,7,2,0,0,0,0,0,9,8,E01021180,7,1,1.0,0.0,-1,6,50,2,1,2,05:57,4,3,9
2023501381320,2023,501381320,2,1,1,2,41,7,2,0,0,0,0,0,9,3,E01015143,6,1,1.0,0.0,-1,3,30,1,1,1,08:50,6,2,9
2023010428502,2023,010428502,1,1,3,1,23,5,3,4,3,0,0,0,0,2,E01002767,-1,0,0.0,1.0,-1,2,20,1,4,2,03:09,4,1,9
2023161360208,2023,161360208,1,1,3,1,17,4,3,10,7,0,0,2,0,1,E01012843,3,1,0.0,1.0,-1,6,30,1,1,1,10:28,6,1,9
2023010457485,2023,010457485,1,1,1,1,28,6,3,0,0,0,0,0,3,1,E01015841,-1,0,0.0,1.0,-1,9,20,9,1,9,16:10,7,2,3
2023231308873,2023,231308873,1,3,2,1,16,4,2,0,0,0,0,0,3,6,E01031106,6,1,1.0,0.0,-1,6,30,1,1,1,20:25,5,2,3