collision_index,collision_year,collision_ref_no,vehicle_reference,casualty_reference,casualty_class,sex_of_casualty,age_of_casualty,age_band_of_casualty,casualty_severity,pedestrian_location,pedestrian_movement,car_passenger,bus_or_coach_passenger,pedestrian_road_maintenance_worker,casualty_type,casualty_imd_decile,lsoa_of_casualty,enhanced_casualty_severity,casualty_injury_based,casualty_adjusted_severity_serious,casualty_adjusted_severity_slight,casualty_distance_banding,road_type,speed_limit,weather_conditions,light_conditions,road_surface_conditions,time,day_of_week,number_of_vehicles,vehicle_type
2023471323230,2023,471323230,2,1,1,1,57,9,3,0,0,0,0,0,9,6,E01020529,3,1,0.0,1.0,-1,3,70,1,1,1,15:45,1,3,9
2023622301043,2023,622301043,2,2,1,2,44,7,2,0,0,0,0,0,9,1,W01001471,-1,0,1.0,0.0,-1,3,50,1,6,2,16:07,6,2,9
2023552301001,2023,552301001,2,1,1,1,49,8,3,0,0,0,0,0,1,10,E01020415,-1,0,0.14153,0.85847,-1,6,40,1,1,1,06:40,6,2,1
2023461277385,2023,461277385,1,1,1,2,49,8,3,0,0,0,0,0,9,8,E01001392,3,1,0.0,1.0,-1,7,40,1,1,1,14:34,7,2,9
2023461323517,2023,461323517,1,1,1,2,42,7,3,0,0,0,0,0,9,6,E01024127,3,1,0.0,1.0,-1,6,60,1,1,1,18:08,6,2,9
2023010420953,2023,010420953,1,1,3,1,45,7,2,5,1,0,0,0,0,2,E01000041,-1,0,1.0,0.0,-1,6,30,1,4,2,18:05,4,1,3
2023461390502,2023,461390502,1,1,3,1,-1,-1,3,5,9,0,0,0,0,-1,-1,3,1,0.0,1.0,-1,6,30,9,1,-1,17:55,4,1,9
2023010467949,2023,010467949,2,2,1,1,28,6,3,0,0,0,0,0,9,4,E01001480,-1,0,0.0,1.0,-1,6,30,1,1,1,11:39,1,2,9
2023101393020,2023,101393020,2,1,1,1,60,9,3,0,0,0,0,0,9,2,E01008664,3,1,0.0,1.0,-1,3,40,1,4,1,21:32,4,2,9
2023221324431,2023,221324431,1,1,1,2,18,4,2,0,0,0,0,0,9,5,E01014060,6,1,1.0,0.0,-1,1,60,1,1,1,20:10,7,1,9
2023211312271,2023,211312271,2,2,1,1,43,7,3,0,0,0,0,0,19,-1,-1,3,1,0.0,1.0,-1,6,60,1,1,1,09:27,7,2,19
2023411335789,2023,411335789,3,3,1,1,69,10,3,0,0,0,0,0,19,2,E01015601,3,1,0.0,1.0,-1,3,70,1,4,2,04:55,2,3,19
2023010449780,2023,010449780,1,1,1,2,51,8,3,0,0,0,0,0,9,5,E01023843,-1,0,0.0,1.0,-1,6,40,1,4,1,00:35,7,2,9
2023201411453,2023,201411453,1,1,1,1,23,5,2,0,0,0,0,0,9,1,E01033643,7,1,1.0,0.0,-1,3,40,2,1,2,09:22,6,2,9
2023010461353,2023,010461353,2,1,1,1,32,6,3,0,0,0,0,0,1,-1,-1,-1,0,0.0,1.0,-1,6,30,1,1,1,10:45,7,2,1
2023371325598,2023,371325598,2,1,1,2,11,3,3,0,0,0,0,0,1,10,E01029904,3,1,0.0,1.0,-1,6,30,1,1,1,15:53,7,2,1
2023052301133,2023,052301133,1,1,3,2,35,6,3,5,9,0,0,0,0,1,E01006702,-1,0,0.09537,0.90463,-1,3,30,1,1,1,15:30,3,1,97
2023361422490,2023,361422490,1,1,3,2,86,11,2,10,9,0,0,0,0,1,E01026595,7,1,1.0,0.0,-1,6,30,4,4,1,16:24,5,1,9
2023430093444,2023,430093444,1,1,3,2,10,2,2,4,1,0,0,0,0,10,E01017764,-1,0,1.0,0.0,-1,6,30,2,1,2,15:30,4,1,9
2023010480704,2023,010480704,1,1,1,1,30,6,3,0,0,0,0,0,3,4,E01000976,-1,0,0.0,1.0,-1,9,20,9,1,9,15:10,7,2,3
2023052301904,2023,052301904,1,1,1,1,60,9,2,0,0,0,0,0,9,4,E01018535,-1,0,1.0,0.0,-1,6,50,1,4,1,21:04,2,2,9
2023440087746,2023,440087746,1,2,2,2,15,3,3,0,0,1,0,0,9,8,E01022570,-1,0,0.07322,0.92678,-1,7,50,1,4,1,20:20,6,2,9
2023141277942,2023,141277942,1,1,1,1,30,6,3,0,0,0,0,0,9,-1,-1,3,1,0.0,1.0,-1,6,30,2,4,2,02:15,7,2,9
2023440113149,2023,440113149,1,1,1,2,52,8,3,0,0,0,0,0,21,7,E01027816,-1,0,0.12042,0.87958,-1,6,40,1,6,2,18:04,3,2,21
2023010463742,2023,010463742,1,1,3,1,55,8,3,1,9,0,0,0,0,6,E01030755,-1,0,0.0,1.0,-1,6,20,1,1,1,17:31,7,1,9
2023010484356,2023,010484356,1,1,3,1,10,2,2,5,4,0,0,0,0,8,E01001390,-1,0,1.0,0.0,-1,6,20,1,1,2,11:25,7,1,9
2023320652562,2023,320652562,1,1,3,2,44,7,3,6,9,0,0,0,0,1,E01026092,-1,0,0.05677,0.94323,-1,9,20,2,1,2,09:50,6,1,19
2023440052251,2023,440052251,1,1,3,1,47,8,2,9,8,0,0,0,0,4,E01017260,-1,0,1.0,0.0,-1,6,30,1,1,1,15:35,3,1,19
2023010452721,2023,010452721,2,1,1,2,70,10,3,0,0,0,0,0,1,9,E01001379,-1,0,0.0,1.0,-1,6,20,1,1,1,12:00,5,2,1
2023061295170,2023,061295170,1,1,1,1,21,5,2,0,0,0,0,0,3,-1,-1,7,1,1.0,0.0,-1,6,30,1,1,2,14:50,2,2,3
2023041447796,2023,041447796,2,2,2,2,20,4,3,0,0,2,0,0,9,2,E01024890,3,1,0.0,1.0,-1,6,20,2,1,2,19:15,6,2,9
2023411394020,2023,411394020,2,2,1,1,28,6,3,0,0,0,0,0,9,9,E01002483,3,1,0.0,1.0,-1,6,40,2,7,2,07:42,5,2,9
2023461293695,2023,461293695,1,1,2,2,18,4,3,0,0,1,0,0,9,4,E01024293,3,1,0.0,1.0,-1,6,30,1,7,1,20:41,6,1,9
2023061366936,2023,061366936,2,1,1,1,23,5,3,0,0,0,0,0,1,-1,-1,3,1,0.0,1.0,-1,6,30,1,4,1,19:00,1,2,1
2023131328744,2023,131328744,1,1,1,1,34,6,2,0,0,0,0,0,9,1,E01011916,7,1,1.0,0.0,-1,6,30,1,1,1,17:00,4,2,9
2023401347510,2023,401347510,1,1,1,1,86,11,3,0,0,0,0,0,9,7,E01017524,3,1,0.0,1.0,-1,6,30,1,1,1,19:55,3,2,9
2023631385753,2023,631385753,1,2,2,2,34,6,2,0,0,1,0,0,9,9,E01028947,6,1,1.0,0.0,-1,6,60,1,6,1,22:00,7,2,9
2023991282460,2023,991282460,2,1,1,2,37,7,2,0,0,0,0,0,9,6,-1,5,1,1.0,0.0,-1,6,60,1,6,2,18:55,5,2,9
2023041291494,2023,041291494,3,3,1,1,27,6,3,0,0,0,0,0,9,2,E01000628,3,1,0.0,1.0,-1,6,30,1,4,2,20:30,6,3,9
2023122400084,2023,122400084,3,4,2,2,70,10,3,0,0,2,0,0,9,10,E01011271,-1,0,0.09446,0.90554,-1,6,60,1,1,2,14:50,6,3,9
2023131391894,2023,131391894,1,1,1,2,21,5,3,0,0,0,0,0,9,7,E01011142,3,1,0.0,1.0,-1,6,30,2,7,2,22:53,7,1,9
202360A022558,2023,60A022558,1,1,1,2,21,5,3,0,0,0,0,0,9,-1,-1,-1,0,0.08756,0.91244,-1,6,60,1,1,1,16:46,3,2,9
2023451290996,2023,451290996,1,1,3,1,19,4,2,9,7,0,0,0,0,8,E01030452,7,1,1.0,0.0,-1,3,30,1,1,1,13:05,2,1,9
2023031291107,2023,031291107,1,1,2,1,2,1,3,0,0,1,0,0,9,-1,-1,3,1,0.0,1.0,-1,6,30,1,1,1,18:00,2,4,9
2023201358633,2023,201358633,1,1,1,1,-1,-1,3,0,0,0,0,0,9,-1,-1,3,1,0.0,1.0,-1,3,30,4,1,1,16:05,5,2,9
2023231371672,2023,231371672,1,1,1,1,26,6,2,0,0,0,0,0,9,6,E01031193,5,1,1.0,0.0,-1,6,50,2,6,2,00:03,1,1,9
2023451290412,2023,451290412,1,1,1,2,60,9,3,0,0,0,0,0,9,9,E01031582,3,1,0.0,1.0,-1,6,30,8,1,2,15:45,6,2,9
2023501350570,2023,501350570,2,1,1,2,28,6,3,0,0,0,0,0,9,4,E01018843,3,1,0.0,1.0,-1,6,30,1,6,1,01:30,7,2,9
2023141302442,2023,141302442,1,1,3,1,88,11,2,6,9,0,0,2,0,5,E01007953,6,1,1.0,0.0,-1,6,30,1,1,1,15:30,5,1,-1
2023461290845,2023,461290845,1,1,1,2,16,4,2,0,0,0,0,0,2,7,E01024554,7,1,1.0,0.0,-1,6,60,1,6,1,16:00,3,1,2
2023010441998,2023,010441998,1,1,1,2,30,6,3,0,0,0,0,0,9,6,E01003738,-1,0,0.0,1.0,-1,7,30,8,1,9,15:30,3,2,9
2023052300860,2023,052300860,2,2,1,2,37,7,3,0,0,0,0,0,9,1,E01006861,-1,0,0.04297,0.95703,-1,6,30,1,4,1,22:20,7,2,9
2023302301688,2023,302301688,2,6,2,1,19,4,3,0,0,2,0,0,9,9,E01029478,-1,0,0.05965,0.94035,-1,6,60,2,6,2,17:29,7,2,9
2023052301946,2023,052301946,2,5,2,1,83,11,3,0,0,0,4,0,11,4,E01006893,-1,0,0.09575,0.90425,-1,6,30,1,1,1,12:30,5,2,11
2023010430503,2023,010430503,1,1,1,1,23,5,3,0,0,0,0,0,1,2,E01003980,-1,0,0.0,1.0,-1,2,20,1,1,1,09:50,1,1,1
2023122300523,2023,122300523,1,1,1,1,35,6,2,0,0,0,0,0,9,8,E01027668,-1,0,1.0,0.0,-1,6,60,1,1,2,07:10,4,2,9
2023991262985,2023,991262985,2,1,1,2,33,6,3,0,0,0,0,0,9,2,-1,3,1,0.0,1.0,-1,6,30,2,1,2,07:45,4,2,9
2023547531423,2023,547531423,2,1,1,1,20,4,3,0,0,0,0,0,1,2,E01031914,-1,0,0.03059,0.96941,-1,6,30,2,1,2,19:50,1,2,1
2023161351676,2023,161351676,1,1,1,1,34,6,2,0,0,0,0,0,3,2,E01033104,6,1,1.0,0.0,-1,6,60,1,1,1,15:15,1,1,3
2023440462064,2023,440462064,1,1,1,1,20,4,3,0,0,0,0,0,3,5,E01017275,-1,0,0.2148,0.7852,-1,6,30,1,4,2,20:36,7,1,3
2023361315034,2023,361315034,1,2,2,1,62,9,3,0,0,-1,0,0,9,6,E01026778,3,1,0.0,1.0,-1,6,40,1,1,1,16:17,5,2,9
2023010432414,2023,010432414,1,1,3,2,27,6,2,4,3,0,0,0,0,2,E01002741,-1,0,1.0,0.0,-1,6,20,2,4,2,18:27,4,1,9
2023101322242,2023,101322242,2,1,1,1,70,10,3,0,0,0,0,0,1,10,E01008365,3,1,0.0,1.0,-1,6,30,1,1,1,13:10,6,2,1
2023302301139,2023,302301139,2,1,1,1,18,4,3,0,0,0,0,0,3,3,E01013549,-1,0,0.09351,0.90649,-1,6,30,1,1,1,08:45,3,2,3
2023101353220,2023,101353220,1,3,2,2,31,6,3,0,0,1,0,0,9,-1,-1,3,1,0.0,1.0,-1,6,60,1,1,1,14:52,7,2,9
2023501314533,2023,501314533,1,1,1,1,43,7,3,0,0,0,0,0,9,4,E01015268,3,1,0.0,1.0,-1,6,30,1,1,1,13:35,7,2,9
2023201325725,2023,201325725,1,1,3,2,87,11,3,5,3,0,0,0,0,6,E01010502,3,1,0.0,1.0,-1,6,30,1,1,1,10:38,6,1,9
2023211328402,2023,211328402,1,1,3,1,19,4,3,4,2,0,0,0,0,3,E01014257,3,1,0.0,1.0,-1,6,30,1,1,1,12:56,5,1,9
2023501350466,2023,501350466,2,1,1,1,28,6,3,0,0,0,0,0,3,3,E01029175,3,1,0.0,1.0,-1,6,30,1,1,1,12:40,1,2,3
2023311264471,2023,311264471,1,1,2,2,45,7,3,0,0,1,0,0,9,2,E01013900,3,1,0.0,1.0,-1,6,30,9,1,1,12:57,2,2,9
2023440116226,2023,440116226,2,1,1,1,37,7,3,0,0,0,0,0,9,3,E01015293,-1,0,0.07287,0.92713,-1,6,60,2,1,2,17:27,5,2,9
2023471373443,2023,471373443,2,2,2,2,15,3,3,0,0,1,0,0,9,8,E01021176,3,1,0.0,1.0,-1,6,60,2,1,2,10:00,6,2,9
2023131269658,2023,131269658,2,2,2,2,24,5,3,0,0,1,0,0,9,4,E01007330,3,1,0.0,1.0,-1,6,30,1,7,1,00:30,1,2,9
2023131302122,2023,131302122,3,1,1,1,28,6,2,0,0,0,0,0,9,1,E01011081,7,1,1.0,0.0,-1,6,30,1,1,1,19:59,6,4,9
2023010480042,2023,010480042,1,1,3,2,56,9,3,1,1,0,0,0,0,4,E01001855,-1,0,0.0,1.0,-1,6,20,1,1,9,07:50,5,1,1
2023201432321,2023,201432321,1,1,3,1,38,7,3,5,3,0,0,2,0,-1,-1,3,1,0.0,1.0,-1,6,30,1,1,1,15:25,2,1,9
2023411407578,2023,411407578,1,1,3,2,73,10,2,10,4,0,0,0,0,4,E01023534,7,1,1.0,0.0,-1,6,20,1,1,1,12:00,5,1,9
2023461340537,2023,461340537,1,1,3,1,14,3,3,6,9,0,0,0,0,6,E01032798,3,1,0.0,1.0,-1,6,30,1,1,1,19:30,2,1,9
2023610030023,2023,610030023,1,1,3,2,13,3,3,9,5,0,0,0,0,3,W01001592,-1,0,0.04585,0.95415,-1,2,20,1,1,1,08:25,6,1,8
2023010438631,2023,010438631,1,1,1,1,62,9,2,0,0,0,0,0,1,4,E01001945,-1,0,1.0,0.0,-1,3,20,9,1,2,12:25,7,3,1
2023161367312,2023,161367312,1,1,1,1,22,5,3,0,0,0,0,0,1,7,E01013307,3,1,0.0,1.0,-1,6,30,1,1,1,15:57,6,2,1
2023010430613,2023,010430613,1,1,1,1,30,6,3,0,0,0,0,0,9,4,E01001512,-1,0,0.0,1.0,-1,9,20,1,1,1,08:52,2,2,9
2023052302525,2023,052302525,4,2,2,2,58,9,3,0,0,1,0,0,9,9,E01005882,-1,0,0.02392,0.97608,-1,3,40,1,1,1,11:45,1,4,9
2023991283595,2023,991283595,2,2,2,1,44,7,3,0,0,1,0,0,9,5,-1,3,1,0.0,1.0,-1,6,30,1,1,1,14:00,4,3,9
2023101320267,2023,101320267,1,2,2,1,45,7,3,0,0,0,4,0,11,-1,-1,3,1,0.0,1.0,-1,3,30,1,1,1,09:17,6,1,11
2023401354895,2023,401354895,2,4,1,1,44,7,3,0,0,0,0,0,9,9,E01012487,3,1,0.0,1.0,-1,3,70,1,1,2,14:20,1,2,9
2023311274511,2023,311274511,1,1,3,1,11,3,3,5,3,0,0,0,0,2,E01013872,3,1,0.0,1.0,-1,6,30,1,1,1,08:30,4,1,9
2023461366849,2023,461366849,1,2,3,2,11,3,3,5,3,0,0,0,0,2,E01024108,3,1,0.0,1.0,-1,6,30,1,1,1,09:07,6,1,9
2023401344612,2023,401344612,2,1,1,1,24,5,3,0,0,0,0,0,2,2,E01001340,3,1,0.0,1.0,-1,6,30,1,1,1,12:10,3,2,2
2023070049813,2023,070049813,3,3,1,2,49,8,3,0,0,0,0,0,9,1,E01005466,-1,0,0.0433,0.9567,-1,3,50,1,1,1,15:50,3,3,9
2023440070169,2023,440070169,3,2,2,1,18,4,3,0,0,1,0,0,9,9,E01030425,-1,0,0.00554,0.99446,-1,6,30,1,1,1,08:35,2,4,9
2023461372461,2023,461372461,2,2,1,1,48,8,3,0,0,0,0,0,9,6,E01024065,3,1,0.0,1.0,-1,6,40,2,4,2,17:15,6,3,9
2023440326168,2023,440326168,1,1,3,1,41,7,3,6,9,0,0,0,0,3,E01023085,-1,0,0.08104,0.91896,-1,6,30,1,4,1,00:02,1,1,9
2023010451737,2023,010451737,1,1,1,1,27,6,3,0,0,0,0,0,3,5,E01004519,-1,0,0.0,1.0,-1,6,30,1,1,1,15:30,5,2,3
2023010485146,2023,010485146,1,1,1,1,25,5,3,0,0,0,0,0,3,2,E01000527,-1,0,0.0,1.0,-1,6,30,1,1,1,12:24,4,2,3
2023211315274,2023,211315274,2,1,1,1,55,8,2,0,0,0,0,0,5,4,E01009866,7,1,1.0,0.0,-1,3,60,1,1,1,11:39,1,3,5
2023122300617,2023,122300617,1,11,2,1,3,1,3,0,0,2,0,0,9,8,E01027877,-1,0,0.05723,0.94277,-1,6,50,2,1,2,18:00,6,4,9
2023061284674,2023,061284674,1,1,3,1,51,8,2,4,1,0,0,0,0,-1,-1,7,1,1.0,0.0,-1,6,30,1,4,2,19:55,4,1,9
2023461301985,2023,461301985,3,2,3,2,50,8,3,9,8,0,0,0,0,4,E01000745,3,1,0.0,1.0,-1,2,30,1,4,2,21:07,7,3,9
2023471306294,2023,471306294,2,1,1,1,31,6,3,0,0,0,0,0,1,4,E01031810,3,1,0.0,1.0,-1,6,30,9,1,1,06:30,3,2,1
2023311270598,2023,311270598,1,1,1,1,36,7,3,0,0,0,0,0,9,-1,-1,3,1,0.0,1.0,-1,6,40,1,4,2,19:10,3,2,9
2023531322050,2023,531322050,2,2,1,1,26,6,3,0,0,0,0,0,9,4,E01022192,3,1,0.0,1.0,-1,6,60,1,1,1,15:18,6,2,9
2023131274014,2023,131274014,1,1,3,2,11,3,3,6,9,0,0,2,0,5,E01011129,3,1,0.0,1.0,-1,6,20,1,1,1,15:07,3,1,9
2023010451058,2023,010451058,2,1,1,1,22,5,2,0,0,0,0,0,1,5,E01000467,-1,0,1.0,0.0,-1,6,20,1,4,1,23:16,6,2,1
2023340WN5362,2023,340WN5362,2,1,1,1,62,9,3,0,0,0,0,0,5,7,E01027216,-1,0,0.10519,0.89481,-1,3,40,1,1,1,11:45,4,2,5
2023010422800,2023,010422800,1,2,2,1,29,6,3,0,0,1,0,0,9,5,E01003140,-1,0,0.0,1.0,-1,6,20,8,4,1,21:50,7,2,9
2023501357042,2023,501357042,1,1,1,1,33,6,2,0,0,0,0,0,3,4,E01020292,6,1,1.0,0.0,-1,6,30,2,1,2,16:22,4,1,3
2023161268544,2023,161268544,2,2,1,1,57,9,3,0,0,0,0,0,9,5,E01027798,3,1,0.0,1.0,-1,6,60,1,1,2,15:15,5,2,9
2023302300825,2023,302300825,1,1,2,2,83,11,3,0,0,1,0,0,9,8,E01019602,-1,0,0.16451,0.83549,-1,6,30,1,1,1,21:32,7,1,9
2023430027496,2023,430027496,2,1,1,2,40,7,3,0,0,0,0,0,9,9,E01028683,-1,0,0.01944,0.98056,-1,6,60,1,1,2,08:25,5,2,9
202354B354823,2023,54B354823,1,3,2,1,1,1,3,0,0,2,0,0,9,8,E01015549,-1,0,0.03979,0.96021,-1,1,40,1,1,1,14:40,5,1,9
2023010481455,2023,010481455,1,1,3,1,30,6,3,1,1,0,0,0,0,2,E01004267,-1,0,0.0,1.0,-1,6,20,1,4,1,22:10,6,1,9
2023010484736,2023,010484736,1,1,1,2,65,9,3,0,0,0,0,0,9,9,E01000279,-1,0,0.0,1.0,-1,6,20,1,1,1,07:58,2,2,9
2023501352273,2023,501352273,2,1,2,1,26,6,3,0,0,1,0,0,9,2,E01019046,3,1,0.0,1.0,-1,1,30,1,4,1,22:32,4,2,9
2023991337631,2023,991337631,1,1,1,2,52,8,3,0,0,0,0,0,9,1,-1,3,1,0.0,1.0,-1,6,30,1,1,1,17:10,4,2,9
2023430557345,2023,430557345,1,1,2,2,50,8,2,0,0,0,4,0,11,3,E01002521,-1,0,1.0,0.0,-1,6,30,1,4,1,18:20,3,1,11
2023610037723,2023,610037723,1,1,3,1,9,2,3,5,4,0,0,0,0,4,W01001413,-1,0,0.19133,0.80867,-1,6,30,1,1,1,16:48,4,1,9
2023991324813,2023,991324813,1,1,3,1,60,9,2,4,1,0,0,0,0,4,E01008920,7,1,1.0,0.0,-1,6,30,4,1,1,16:30,7,1,9
2023061359600,2023,061359600,2,1,1,1,52,8,2,0,0,0,0,0,1,1,E01005261,5,1,1.0,0.0,-1,3,40,1,1,1,18:27,4,2,1
2023201315332,2023,201315332,2,2,2,2,14,3,3,0,0,2,0,0,9,1,E01009360,3,1,0.0,1.0,-1,6,30,1,1,1,19:28,3,2,9
2023351409330,2023,351409330,1,1,1,2,39,7,3,0,0,0,0,0,9,5,E01002261,3,1,0.0,1.0,-1,3,70,1,1,1,13:10,4,3,9
2023101356584,2023,101356584,1,1,2,2,85,11,3,0,0,0,4,0,11,8,E01008581,3,1,0.0,1.0,-1,3,30,1,1,1,11:55,7,1,11
2023332300593,2023,332300593,1,1,3,1,41,7,2,4,3,0,0,0,0,8,E01025622,-1,0,1.0,0.0,-1,3,30,1,4,1,03:15,7,1,9
2023141299502,2023,141299502,1,1,1,1,18,4,2,0,0,0,0,0,1,2,E01007531,7,1,1.0,0.0,-1,6,20,1,1,1,18:15,3,2,1
2023311333307,2023,311333307,2,1,2,2,21,5,3,0,0,-1,0,0,8,-1,-1,3,1,0.0,1.0,-1,6,30,2,1,2,13:10,2,2,8
2023201322732,2023,201322732,2,1,1,2,41,7,3,0,0,0,0,0,9,5,E01010000,3,1,0.0,1.0,-1,6,30,1,1,1,18:30,5,2,9
2023421360792,2023,421360792,1,1,2,1,32,6,2,0,0,1,0,0,9,-1,-1,6,1,1.0,0.0,-1,6,30,1,1,1,15:04,1,2,9
2023471310255,2023,471310255,1,1,1,2,18,4,3,0,0,0,0,0,9,7,E01031381,3,1,0.0,1.0,-1,3,40,8,1,1,20:15,2,2,9
202360A147867,2023,60A147867,1,1,1,2,22,5,3,0,0,0,0,0,9,-1,-1,-1,0,0.00971,0.99029,-1,6,30,1,1,1,19:23,3,2,9
2023010419171,2023,010419171,1,1,3,2,20,4,3,5,1,0,0,0,0,10,E01030370,-1,0,0.0,1.0,-1,2,20,8,4,2,01:24,1,1,11
2023010484158,2023,010484158,1,1,3,2,48,8,3,1,9,0,0,0,0,3,E01002726,-1,0,0.0,1.0,-1,9,20,2,4,2,17:59,5,1,8
2023332301091,2023,332301091,1,2,3,2,60,9,2,4,2,0,0,0,0,3,E01025844,-1,0,1.0,0.0,-1,6,30,2,4,2,00:01,1,1,9
2023010472247,2023,010472247,1,1,1,1,36,7,2,0,0,0,0,0,3,3,E01004367,-1,0,1.0,0.0,-1,9,20,9,7,1,22:30,3,2,3
2023010437884,2023,010437884,1,1,1,1,34,6,3,0,0,0,0,0,4,2,E01001442,-1,0,0.0,1.0,-1,3,20,1,1,1,16:30,6,2,4
2023052301635,2023,052301635,2,1,1,1,52,8,3,0,0,0,0,0,1,1,E01006877,-1,0,0.16989,0.83011,-1,6,30,5,4,5,22:30,7,2,1
2023421342499,2023,421342499,1,1,1,1,41,7,2,0,0,0,0,0,5,5,E01015989,7,1,1.0,0.0,-1,3,70,1,1,1,17:10,4,2,5
2023340NN0262,2023,340NN0262,2,1,2,1,38,7,3,0,0,2,0,0,8,5,E01026956,-1,0,0.05968,0.94032,-1,6,30,7,4,2,03:12,1,2,8
2023010422750,2023,010422750,2,2,2,2,17,4,2,0,0,1,0,0,9,7,E01000764,-1,0,1.0,0.0,-1,2,30,8,4,2,18:49,7,2,9
2023541292923,2023,541292923,1,1,1,1,50,8,3,0,0,0,0,0,9,10,E01032700,-1,0,0.0706,0.9294,-1,6,40,1,1,1,12:47,1,2,9
2023010438869,2023,010438869,1,1,3,1,12,3,3,6,9,0,0,0,0,2,E01004219,-1,0,0.0,1.0,-1,6,30,1,1,1,18:21,7,1,9
2023010447426,2023,010447426,1,1,3,2,22,5,2,6,9,0,0,0,0,3,E01004540,-1,0,1.0,0.0,-1,6,30,8,4,1,23:38,3,1,1
2023010484595,2023,010484595,1,1,3,1,81,11,2,10,9,0,0,0,0,8,E01002461,-1,0,1.0,0.0,-1,6,30,1,1,1,15:14,1,1,9
2023131340825,2023,131340825,2,1,1,1,25,5,3,0,0,0,0,0,1,1,E01033035,3,1,0.0,1.0,-1,6,30,1,5,1,19:45,6,2,1
2023201389686,2023,201389686,1,1,2,1,24,5,3,0,0,-1,0,0,9,2,E01008889,3,1,0.0,1.0,-1,6,30,2,1,2,07:00,2,1,9
2023311370272,2023,311370272,1,1,2,2,68,10,3,0,0,2,0,0,9,-1,-1,3,1,0.0,1.0,-1,6,30,1,1,1,10:59,6,2,9
2023991388422,2023,991388422,1,4,1,2,55,8,3,0,0,0,0,0,9,3,-1,3,1,0.0,1.0,-1,3,70,1,4,1,18:00,5,3,9
2023010431923,2023,010431923,2,1,1,1,22,5,2,0,0,0,0,0,3,-1,-1,-1,0,1.0,0.0,-1,6,30,4,1,2,08:52,2,2,3
2023061291549,2023,061291549,2,1,1,1,24,5,3,0,0,0,0,0,9,7,E01007098,3,1,0.0,1.0,-1,7,60,1,4,2,20:03,7,2,9
2023061362625,2023,061362625,3,3,2,2,64,9,3,0,0,1,0,0,9,5,E01005520,3,1,0.0,1.0,-1,6,30,1,1,2,13:57,6,4,9
2023141379240,2023,141379240,1,2,2,1,83,11,3,0,0,1,0,0,9,3,E01019807,3,1,0.0,1.0,-1,7,70,1,6,1,15:20,1,2,9
2023991294144,2023,991294144,1,1,2,2,20,4,3,0,0,1,0,0,9,5,-1,3,1,0.0,1.0,-1,6,60,2,6,2,21:25,4,2,9
2023010459534,2023,010459534,2,1,1,2,43,7,3,0,0,0,0,0,9,6,E01002170,-1,0,0.0,1.0,-1,6,30,2,1,2,14:55,3,3,9
2023320743788,2023,320743788,1,1,1,1,52,8,3,0,0,0,0,0,9,4,E01026279,-1,0,0.05611,0.94389,-1,6,30,1,6,4,21:30,7,1,9
2023610015123,2023,610015123,1,1,1,2,85,11,2,0,0,0,0,0,9,9,W01001560,-1,0,1.0,0.0,-1,6,50,1,1,1,15:14,1,2,9
2023430444275,2023,430444275,1,1,3,2,38,7,3,1,3,0,0,0,0,6,E01017852,-1,0,0.12578,0.87422,-1,6,30,1,1,1,15:31,3,1,9
2023010465148,2023,010465148,1,1,1,1,47,8,3,0,0,0,0,0,1,7,E01000668,-1,0,0.0,1.0,-1,6,30,1,4,1,21:30,5,2,1
2023340NN3142,2023,340NN3142,2,1,1,1,58,9,3,0,0,0,0,0,1,3,E01026983,-1,0,0.13013,0.86987,-1,3,70,1,1,1,19:00,2,2,1
2023401320636,2023,401320636,2,1,1,2,62,9,3,0,0,0,0,0,1,8,E01017461,3,1,0.0,1.0,-1,6,20,8,1,1,09:28,5,2,1
2023010429081,2023,010429081,1,1,1,1,32,6,3,0,0,0,0,0,3,9,E01003381,-1,0,0.0,1.0,-1,6,30,1,4,1,19:30,6,2,3
2023332300227,2023,332300227,2,1,1,1,20,4,2,0,0,0,0,0,3,6,E01013789,-1,0,1.0,0.0,-1,6,30,1,1,2,08:00,3,2,3
2023010440541,2023,010440541,1,1,1,2,23,5,3,0,0,0,0,0,9,4,E01031598,-1,0,0.0,1.0,-1,3,70,1,1,1,11:54,2,1,9
2023201311288,2023,201311288,2,1,1,2,49,8,3,0,0,0,0,0,9,1,E01009173,3,1,0.0,1.0,-1,6,30,1,1,1,18:40,4,2,9
2023201378568,2023,201378568,2,1,1,2,51,8,3,0,0,0,0,0,9,3,E01031080,3,1,0.0,1.0,-1,6,30,1,7,1,22:05,6,2,9
2023201389029,2023,201389029,1,1,1,2,33,6,3,0,0,0,0,0,9,1,E01033642,3,1,0.0,1.0,-1,6,30,1,1,1,16:00,3,2,9
2023320532482,2023,320532482,2,1,1,1,33,6,3,0,0,0,0,0,9,3,E01019459,-1,0,0.0488,0.9512,-1,6,40,1,1,1,08:00,1,2,9
2023340NN2462,2023,340NN2462,2,1,1,1,42,7,3,0,0,0,0,0,9,4,E01027320,-1,0,0.07634,0.92366,-1,6,40,1,1,2,09:38,7,2,9
2023401367701,2023,401367701,2,1,1,2,63,9,3,0,0,0,0,0,9,3,E01000312,3,1,0.0,1.0,-1,3,70,1,6,1,19:25,4,2,9