collision_index,collision_year,collision_ref_no,vehicle_reference,casualty_reference,casualty_class,sex_of_casualty,age_of_casualty,age_band_of_casualty,casualty_severity,pedestrian_location,pedestrian_movement,car_passenger,bus_or_coach_passenger,pedestrian_road_maintenance_worker,casualty_type,casualty_imd_decile,lsoa_of_casualty,enhanced_casualty_severity,casualty_injury_based,casualty_adjusted_severity_serious,casualty_adjusted_severity_slight,casualty_distance_banding,road_type,speed_limit,weather_conditions,light_conditions,road_surface_conditions,time,day_of_week,number_of_vehicles,vehicle_type
2023411347255,2023,411347255,2,1,1,2,56,9,3,0,0,0,0,0,9,6,E01023940,3,1,0.0,1.0,-1,7,40,1,1,1,13:40,3,2,9
2023991393167,2023,991393167,1,1,1,1,30,6,2,0,0,0,0,0,97,2,-1,5,1,1.0,0.0,-1,6,30,1,1,2,15:40,6,1,97
2023010480151,2023,010480151,1,1,3,2,14,3,2,4,3,0,0,0,0,2,E01001056,-1,0,1.0,0.0,-1,6,30,1,4,1,17:30,7,1,9
2023010447325,2023,010447325,1,1,1,1,37,7,3,0,0,0,0,0,3,3,E01001109,-1,0,0.0,1.0,-1,9,30,1,1,1,12:10,3,2,3
2023010454066,2023,010454066,2,1,1,2,37,7,3,0,0,0,0,0,9,4,E01002650,-1,0,0.0,1.0,-1,7,20,1,4,2,23:15,7,2,9
2023411346368,2023,411346368,1,1,1,1,36,7,3,0,0,0,0,0,9,7,E01021620,3,1,0.0,1.0,-1,6,60,1,1,1,16:24,6,2,9
2023471300446,2023,471300446,2,1,1,2,28,6,3,0,0,0,0,0,9,8,E01030452,3,1,0.0,1.0,-1,6,30,2,4,2,20:20,2,2,9
2023010429777,2023,010429777,1,1,1,1,24,5,3,0,0,0,0,0,9,6,E01023143,-1,0,0.0,1.0,-1,1,30,1,4,1,06:05,4,1,9
2023010422821,2023,010422821,2,1,1,2,61,9,3,0,0,0,0,0,1,3,E01002548,-1,0,0.0,1.0,-1,6,30,1,4,2,05:18,1,2,1
2023010434377,2023,010434377,1,1,1,-1,-1,-1,3,0,0,0,0,0,9,2,E01003174,-1,0,0.0,1.0,-1,9,20,8,1,2,15:09,6,1,9
2023031350899,2023,031350899,1,1,1,1,73,10,3,0,0,0,0,0,9,5,E01019268,3,1,0.0,1.0,-1,6,60,2,1,2,13:30,1,1,9
2023311351455,2023,311351455,3,6,2,1,0,1,3,0,0,2,0,0,9,2,E01028313,3,1,0.0,1.0,-1,6,60,1,1,1,17:30,6,4,9
2023411399460,2023,411399460,3,3,1,2,36,7,3,0,0,0,0,0,9,5,E01023843,3,1,0.0,1.0,-1,6,30,1,1,2,13:20,3,3,9
2023461380922,2023,461380922,2,1,1,1,46,8,2,0,0,0,0,0,9,9,E01024750,7,1,1.0,0.0,-1,6,60,1,6,1,18:05,4,2,9
202360A172132,2023,60A172132,1,1,1,1,89,11,3,0,0,0,0,0,9,-1,-1,-1,0,0.16143,0.83857,-1,3,60,1,6,2,18:41,6,2,9
2023101355768,2023,101355768,1,1,3,2,7,2,2,5,4,0,0,0,0,1,E01008542,7,1,1.0,0.0,-1,6,20,1,1,2,12:48,1,1,9
2023991327341,2023,991327341,1,1,1,1,40,7,2,0,0,0,0,0,5,10,-1,7,1,1.0,0.0,-1,6,30,1,1,1,15:22,7,2,5
2023211303173,2023,211303173,2,2,2,1,57,9,3,0,0,1,0,0,8,2,E01010372,3,1,0.0,1.0,-1,3,70,1,1,1,16:32,5,2,8
2023010469594,2023,010469594,1,1,1,2,28,6,3,0,0,0,0,0,9,1,E01004300,-1,0,0.0,1.0,-1,7,20,2,4,2,17:43,2,2,9
2023471348028,2023,471348028,2,2,1,2,38,7,3,0,0,0,0,0,9,8,E01032837,3,1,0.0,1.0,-1,1,30,1,4,1,20:24,7,2,9
2023101278199,2023,101278199,2,2,1,1,33,6,3,0,0,0,0,0,19,6,E01027488,3,1,0.0,1.0,-1,6,60,1,1,1,16:00,3,2,19
2023010454802,2023,010454802,1,1,1,1,27,6,3,0,0,0,0,0,3,2,E01002031,-1,0,0.0,1.0,-1,9,20,1,1,1,11:32,4,2,3
2023111325498,2023,111325498,1,1,3,1,6,2,2,5,1,0,0,0,0,-1,-1,7,1,1.0,0.0,-1,6,30,1,1,1,18:35,2,1,9
2023401276512,2023,401276512,2,2,2,2,14,3,3,0,0,1,0,0,9,10,E01017626,3,1,0.0,1.0,-1,3,20,1,1,1,13:10,2,2,9
2023501329290,2023,501329290,2,3,2,1,22,5,3,0,0,1,0,0,9,4,E01020135,3,1,0.0,1.0,-1,6,60,1,1,1,14:11,5,2,9
2023010427618,2023,010427618,1,1,1,1,47,8,3,0,0,0,0,0,19,3,E01002048,-1,0,0.0,1.0,-1,6,20,1,1,1,07:14,6,1,19
2023320552100,2023,320552100,1,1,1,1,57,9,3,0,0,0,0,0,21,5,E01026290,-1,0,0.10842,0.89158,-1,6,60,7,1,1,07:30,3,1,21
2023010447548,2023,010447548,1,1,1,2,55,8,3,0,0,0,0,0,1,3,E01002780,-1,0,0.0,1.0,-1,6,20,1,1,1,17:10,3,2,1
2023131373563,2023,131373563,2,1,1,1,42,7,3,0,0,0,0,0,1,8,E01010858,3,1,0.0,1.0,-1,6,30,1,1,2,07:35,6,2,1
2023461345438,2023,461345438,1,1,1,1,62,9,3,0,0,0,0,0,4,8,E01024385,3,1,0.0,1.0,-1,3,70,1,1,1,16:41,6,2,4
2023052400012,2023,052400012,1,1,1,2,65,9,3,0,0,0,0,0,9,1,E01006607,-1,0,0.08816,0.91184,-1,6,20,1,1,1,09:31,6,1,9
2023622300161,2023,622300161,2,2,1,2,48,8,3,0,0,0,0,0,9,2,W01001024,-1,0,0.02655,0.97345,-1,6,30,1,1,1,13:23,1,2,9
2023201377045,2023,201377045,2,2,1,1,34,6,3,0,0,0,0,0,9,3,E01010523,3,1,0.0,1.0,-1,6,30,1,1,1,23:31,7,2,9
2023451285690,2023,451285690,1,1,1,1,55,8,3,0,0,0,0,0,9,9,E01031741,3,1,0.0,1.0,-1,6,40,1,1,2,13:45,7,2,9
2023440427814,2023,440427814,1,1,1,1,34,6,3,0,0,0,0,0,9,7,E01017048,-1,0,0.0133,0.9867,-1,6,30,2,1,2,17:20,4,2,9
2023622300329,2023,622300329,2,2,1,1,24,5,3,0,0,0,0,0,1,4,W01001235,-1,0,0.06066,0.93934,-1,6,20,1,1,1,15:48,2,2,1
2023231380279,2023,231380279,1,1,1,2,18,4,3,0,0,0,0,0,9,9,E01009549,3,1,0.0,1.0,-1,6,60,1,6,1,18:30,4,1,9
2023311370833,2023,311370833,1,1,1,1,59,9,3,0,0,0,0,0,9,-1,-1,3,1,0.0,1.0,-1,6,30,1,1,1,14:30,7,2,9
2023122300247,2023,122300247,1,2,2,2,5,1,3,0,0,2,0,0,9,9,E01020756,-1,0,0.05325,0.94675,-1,3,60,2,1,2,15:30,1,2,9
2023131295010,2023,131295010,2,2,1,1,33,6,3,0,0,0,0,0,9,7,E01011042,3,1,0.0,1.0,-1,6,30,1,1,1,12:09,1,2,9
2023440166447,2023,440166447,1,1,1,2,55,8,2,0,0,0,0,0,9,1,E01017120,-1,0,1.0,0.0,-1,6,30,1,1,1,13:05,6,2,9
2023061315264,2023,061315264,1,1,3,1,15,3,3,8,3,0,0,-1,0,5,E01005025,3,1,0.0,1.0,-1,6,30,8,1,2,15:00,5,1,9
2023061330544,2023,061330544,1,1,3,2,42,7,2,6,9,0,0,0,0,-1,-1,7,1,1.0,0.0,-1,6,20,1,1,1,09:07,3,2,9
2023010447406,2023,010447406,2,2,1,1,40,7,2,0,0,0,0,0,9,4,E01000722,-1,0,1.0,0.0,-1,1,30,1,1,1,16:48,3,2,9
2023010455962,2023,010455962,1,1,1,2,53,8,3,0,0,0,0,0,9,2,E01000548,-1,0,0.0,1.0,-1,6,20,1,1,1,18:55,3,2,9
2023041309827,2023,041309827,1,2,2,2,20,4,3,0,0,1,0,0,9,4,E01025054,3,1,0.0,1.0,-1,3,70,1,6,1,01:15,2,1,9
2023061277726,2023,061277726,1,1,1,2,39,7,3,0,0,0,0,0,9,2,E01006309,3,1,0.0,1.0,-1,6,30,1,1,1,09:03,3,2,9
2023302300779,2023,302300779,1,1,1,1,34,6,3,0,0,0,0,0,9,2,E01013565,-1,0,0.08551,0.91449,-1,6,30,1,4,1,23:40,4,2,9
2023302300871,2023,302300871,1,1,1,1,33,6,2,0,0,0,0,0,9,-1,-1,-1,0,1.0,0.0,-1,3,70,1,1,1,21:08,6,3,9
2023520000770,2023,520000770,1,1,1,2,39,7,3,0,0,0,0,0,9,4,E01029037,-1,0,0.03635,0.96365,-1,6,30,1,1,1,17:47,3,2,9
2023520301301,2023,520301301,1,3,2,2,17,4,3,0,0,2,0,0,9,4,E01014445,-1,0,0.03775,0.96225,-1,6,30,1,7,1,22:00,1,2,9
202354A454323,2023,54A454323,1,1,1,1,29,6,3,0,0,0,0,0,19,1,E01017207,-1,0,0.0809,0.9191,-1,6,60,5,1,2,16:30,2,1,19
2023061292190,2023,061292190,1,1,1,1,48,8,2,0,0,0,0,0,9,5,E01004809,5,1,1.0,0.0,-1,6,30,1,1,1,11:52,5,2,9
2023440014539,2023,440014539,1,1,3,2,21,5,3,6,9,0,0,0,0,2,E01017328,-1,0,0.14943,0.85057,-1,6,30,1,4,2,06:53,5,1,9
2023131347780,2023,131347780,2,3,1,1,21,5,3,0,0,0,0,0,9,1,E01011143,3,1,0.0,1.0,-1,6,30,1,4,1,23:04,6,2,9
2023421312419,2023,421312419,2,2,2,2,21,5,3,0,0,2,0,0,9,4,E01015906,3,1,0.0,1.0,-1,3,30,1,1,1,18:13,1,2,9
2023061286528,2023,061286528,1,1,3,1,28,6,2,10,1,0,0,2,0,8,E01005011,7,1,1.0,0.0,-1,6,30,1,1,1,16:40,3,1,9
2023010480486,2023,010480486,1,1,1,2,25,5,3,0,0,0,0,0,1,4,E01004232,-1,0,0.0,1.0,-1,3,20,1,1,1,09:20,5,2,1
2023401313652,2023,401313652,2,1,1,1,53,8,2,0,0,0,0,0,2,10,E01017532,7,1,1.0,0.0,-1,1,30,2,1,2,13:29,7,2,2
2023131298635,2023,131298635,1,1,2,2,82,11,2,0,0,1,0,0,9,9,E01010971,5,1,1.0,0.0,-1,3,50,1,1,1,16:50,4,4,9
2023201363654,2023,201363654,2,1,2,2,-1,-1,3,0,0,1,0,0,9,-1,-1,3,1,0.0,1.0,-1,6,30,2,1,2,13:51,7,2,9
2023320524629,2023,320524629,1,1,2,2,88,11,3,0,0,1,0,0,9,9,E01026335,-1,0,0.16944,0.83056,-1,6,60,1,1,1,16:30,4,3,9
2023201389014,2023,201389014,1,1,3,1,15,3,3,5,3,0,0,0,0,4,E01031109,3,1,0.0,1.0,-1,6,30,1,4,1,16:22,5,1,9
2023421366691,2023,421366691,2,1,1,1,31,6,3,0,0,0,0,0,9,4,E01013756,3,1,0.0,1.0,-1,3,70,2,1,2,08:50,3,2,9
2023471347741,2023,471347741,2,1,1,2,30,6,3,0,0,0,0,0,9,7,E01031567,3,1,0.0,1.0,-1,3,50,1,1,1,17:25,6,2,9
2023545203823,2023,545203823,2,1,1,2,63,9,3,0,0,0,0,0,9,8,E01032088,-1,0,0.02052,0.97948,-1,1,30,1,1,1,09:28,5,2,9
2023010471062,2023,010471062,1,1,1,2,58,9,2,0,0,0,0,0,1,10,E01003858,-1,0,1.0,0.0,-1,6,20,1,1,1,08:15,5,2,1
2023520301812,2023,520301812,2,1,1,1,18,4,2,0,0,0,0,0,4,8,E01032088,-1,0,1.0,0.0,-1,6,60,1,1,1,20:15,7,2,4
2023320710235,2023,320710235,2,1,1,2,43,7,3,0,0,0,0,0,8,7,E01028015,-1,0,0.03741,0.96259,-1,6,30,1,4,1,16:40,5,2,8
2023061373658,2023,061373658,4,1,1,2,18,4,3,0,0,0,0,0,9,8,E01005390,3,1,0.0,1.0,-1,6,30,2,4,2,15:57,1,5,9
2023231263808,2023,231263808,2,1,1,1,24,5,3,0,0,0,0,0,9,10,E01010197,3,1,0.0,1.0,-1,6,60,1,4,1,05:48,4,2,9
2023451269192,2023,451269192,1,1,3,1,73,10,3,4,1,0,0,0,0,10,E01030396,3,1,0.0,1.0,-1,6,30,1,4,1,20:30,6,1,9
2023010428796,2023,010428796,2,1,1,1,40,7,3,0,0,0,0,0,3,4,E01002444,-1,0,0.0,1.0,-1,3,50,1,1,1,13:48,5,2,3
2023010430738,2023,010430738,3,2,1,2,62,9,3,0,0,0,0,0,9,6,E01001619,-1,0,0.0,1.0,-1,6,30,2,1,2,15:50,2,3,9
2023041316075,2023,041316075,2,2,1,1,40,7,3,0,0,0,0,0,9,3,E01012691,3,1,0.0,1.0,-1,6,50,1,1,1,17:45,4,2,9
2023440307864,2023,440307864,1,1,1,1,63,9,3,0,0,0,0,0,9,5,E01017100,-1,0,0.0604,0.9396,-1,6,30,2,1,2,14:52,2,2,9
2023010433398,2023,010433398,1,2,2,2,78,11,3,0,0,0,4,0,11,2,E01000040,-1,0,0.0,1.0,-1,6,30,1,1,1,13:22,3,1,11
2023122300124,2023,122300124,3,2,1,1,29,6,3,0,0,0,0,0,9,5,E01027826,-1,0,0.01202,0.98798,-1,6,30,1,1,2,11:00,4,4,9
2023201302034,2023,201302034,4,2,2,2,34,6,2,0,0,2,0,0,9,9,E01018415,7,1,1.0,0.0,-1,3,40,1,4,1,23:58,6,5,9
2023320365529,2023,320365529,1,1,1,2,40,7,3,0,0,0,0,0,9,4,E01026389,-1,0,0.10454,0.89546,-1,6,60,1,6,1,01:38,2,1,9
2023631325293,2023,631325293,1,1,1,1,30,6,3,0,0,0,0,0,9,3,E01007049,3,1,0.0,1.0,-1,6,60,1,1,2,09:35,2,2,9
2023991353347,2023,991353347,1,1,1,2,32,6,2,0,0,0,0,0,9,-1,-1,7,1,1.0,0.0,-1,6,60,2,6,2,19:46,1,1,9
2023122301076,2023,122301076,2,1,1,1,27,6,3,0,0,0,0,0,1,10,E01013420,-1,0,0.04952,0.95048,-1,6,30,1,4,2,01:11,1,2,1
2023010469707,2023,010469707,1,1,1,1,38,7,2,0,0,0,0,0,5,5,E01023638,-1,0,1.0,0.0,-1,6,30,1,1,1,13:10,3,2,5
2023010468791,2023,010468791,1,1,1,1,60,9,3,0,0,0,0,0,9,5,E01003948,-1,0,0.0,1.0,-1,1,20,1,4,1,21:39,4,1,9
2023161281244,2023,161281244,2,1,1,1,29,6,3,0,0,0,0,0,9,2,E01012903,3,1,0.0,1.0,-1,6,30,2,1,2,08:35,3,3,9
2023320224180,2023,320224180,2,2,2,2,59,9,3,0,0,1,0,0,9,4,E01026253,-1,0,0.06926,0.93074,-1,6,60,1,1,1,13:00,6,2,9
2023610005523,2023,610005523,1,4,2,2,54,8,2,0,0,1,0,0,9,8,W01001565,-1,0,1.0,0.0,-1,7,70,1,6,2,19:27,7,2,9
2023991292826,2023,991292826,2,1,1,1,71,10,2,0,0,0,0,0,9,-1,-1,7,1,1.0,0.0,-1,6,30,1,1,1,17:15,7,2,9
2023440383223,2023,440383223,2,1,1,2,18,4,3,0,0,0,0,0,-1,2,E01017109,-1,0,0.10565,0.89435,-1,6,30,1,1,1,17:00,3,2,-1
2023010420150,2023,010420150,1,1,3,2,35,6,3,1,1,0,0,0,0,2,E01000550,-1,0,0.0,1.0,-1,3,30,2,1,2,15:10,7,1,9
2023010452949,2023,010452949,2,1,1,2,27,6,3,0,0,0,0,0,1,7,E01001383,-1,0,0.0,1.0,-1,9,30,9,1,9,07:50,5,2,1
2023440375486,2023,440375486,2,1,1,1,52,8,2,0,0,0,0,0,1,9,E01022577,-1,0,1.0,0.0,-1,6,30,1,1,1,16:05,5,2,1
2023411339490,2023,411339490,1,1,1,1,27,6,3,0,0,0,0,0,3,1,E01002041,3,1,0.0,1.0,-1,6,30,1,1,-1,15:32,5,2,3
2023070198128,2023,070198128,2,2,2,1,95,11,3,0,0,2,0,0,9,-1,-1,-1,0,0.08723,0.91277,-1,3,70,3,1,2,12:37,4,2,9
2023061376472,2023,061376472,2,1,1,2,30,6,3,0,0,0,0,0,9,1,E01005257,3,1,0.0,1.0,-1,6,30,2,4,2,20:54,3,2,9
2023332300349,2023,332300349,1,2,2,2,41,7,3,0,0,2,0,0,9,1,E01013632,-1,0,0.00427,0.99573,-1,6,30,1,1,1,09:30,6,2,9
2023351312964,2023,351312964,1,1,1,1,24,5,2,0,0,0,0,0,9,4,E01018062,7,1,1.0,0.0,-1,6,30,1,4,1,01:09,7,1,9
2023430374565,2023,430374565,1,1,1,1,50,8,3,0,0,0,0,0,9,8,E01002452,-1,0,0.05644,0.94356,-1,3,50,1,1,1,17:25,2,3,9
2023531436842,2023,531436842,2,1,2,2,43,7,3,0,0,2,0,0,9,5,E01022464,3,1,0.0,1.0,-1,6,30,1,6,1,23:15,6,2,9
2023010468021,2023,010468021,1,1,1,1,35,6,2,0,0,0,0,0,1,2,E01000470,-1,0,1.0,0.0,-1,6,20,1,1,1,17:10,1,2,1
2023440272197,2023,440272197,2,1,1,2,54,8,3,0,0,0,0,0,1,7,E01022938,-1,0,0.06213,0.93787,-1,6,30,1,1,1,07:15,6,2,1
2023221383791,2023,221383791,1,1,3,2,41,7,3,8,1,0,0,0,0,6,E01014093,3,1,0.0,1.0,-1,6,30,2,1,2,08:45,5,1,19
2023302300198,2023,302300198,1,2,3,2,12,3,3,5,9,0,0,0,0,6,E01013491,-1,0,0.15721,0.84279,-1,6,30,1,1,1,08:05,5,1,9
2023461344117,2023,461344117,2,1,2,2,43,7,3,0,0,1,0,0,9,7,E01024846,3,1,0.0,1.0,-1,3,70,1,1,1,16:50,3,2,9
2023451323651,2023,451323651,1,1,1,1,57,9,3,0,0,0,0,0,1,10,E01030323,3,1,0.0,1.0,-1,6,30,1,1,1,07:57,1,1,1
2023010433180,2023,010433180,1,1,1,1,57,9,3,0,0,0,0,0,3,3,E01001516,-1,0,0.0,1.0,-1,6,30,1,4,1,20:00,1,2,3
2023010450967,2023,010450967,1,1,1,1,35,6,3,0,0,0,0,0,3,6,E01001160,-1,0,0.0,1.0,-1,6,30,1,1,1,14:30,6,2,3
2023010423696,2023,010423696,1,1,3,2,76,11,2,5,9,0,0,0,0,-1,-1,-1,0,1.0,0.0,-1,9,20,1,4,1,18:45,4,1,2
2023161359701,2023,161359701,1,1,3,2,72,10,3,5,1,0,0,0,0,7,E01013020,3,1,0.0,1.0,-1,6,20,2,1,2,14:00,4,1,9
2023461371025,2023,461371025,2,1,1,2,-1,-1,2,0,0,0,0,0,1,2,E01024941,7,1,1.0,0.0,-1,6,30,1,1,1,09:10,2,2,1
2023520000497,2023,520000497,2,1,1,2,46,8,3,0,0,0,0,0,1,10,E01014405,-1,0,0.06005,0.93995,-1,6,30,2,4,2,18:47,4,2,1
2023010480325,2023,010480325,2,2,1,1,28,6,3,0,0,0,0,0,3,2,E01003320,-1,0,0.0,1.0,-1,6,20,1,1,1,11:00,1,2,3
2023201438264,2023,201438264,2,2,1,1,16,4,2,0,0,0,0,0,9,4,E01009176,7,1,1.0,0.0,-1,6,30,1,1,1,12:11,7,2,9
2023302300512,2023,302300512,2,1,1,1,65,9,3,0,0,0,0,0,9,3,E01013457,-1,0,0.03301,0.96699,-1,6,30,2,4,2,19:30,6,2,9
2023461349199,2023,461349199,1,1,1,2,62,9,3,0,0,0,0,0,9,7,E01024203,3,1,0.0,1.0,-1,6,30,1,1,1,14:45,4,2,9
2023471324182,2023,471324182,1,1,1,1,57,9,3,0,0,0,0,0,21,10,E01030614,3,1,0.0,1.0,-1,6,60,1,1,1,11:38,2,2,21
2023010483800,2023,010483800,3,1,1,1,45,7,3,0,0,0,0,0,9,9,E01015982,-1,0,0.0,1.0,-1,3,40,8,4,2,05:27,4,3,9
2023440036739,2023,440036739,2,1,1,2,44,7,2,0,0,0,0,0,9,8,E01022631,-1,0,1.0,0.0,-1,6,50,1,6,2,18:32,6,2,9
2023461315200,2023,461315200,1,3,2,2,18,4,1,0,0,1,0,0,9,-1,-1,1,1,0.0,0.0,-1,6,60,1,1,1,17:00,2,2,9
2023031314816,2023,031314816,1,2,2,2,20,4,2,0,0,2,0,0,9,6,E01019360,6,1,1.0,0.0,-1,6,60,1,1,1,19:00,1,2,9
2023101391906,2023,101391906,1,1,1,1,86,11,1,0,0,0,0,0,9,5,E01027374,1,1,0.0,0.0,-1,6,60,1,1,2,10:03,7,2,9
2023320351028,2023,320351028,1,3,1,1,80,11,2,0,0,0,0,0,9,8,E01026237,-1,0,1.0,0.0,-1,6,60,1,1,1,16:15,5,5,9
2023041335523,2023,041335523,2,1,1,1,60,9,2,0,0,0,0,0,1,8,E01025089,7,1,1.0,0.0,-1,6,60,1,1,1,21:00,1,2,1
2023461394398,2023,461394398,1,1,2,1,27,6,3,0,0,1,0,0,9,4,E01024290,3,1,0.0,1.0,-1,3,70,4,4,2,01:30,1,1,9
2023170M20483,2023,170M20483,1,1,2,2,78,11,3,0,0,0,4,0,11,1,E01012083,-1,0,0.03898,0.96102,-1,6,30,1,1,1,12:10,7,1,11
2023131313312,2023,131313312,1,1,1,2,70,10,3,0,0,0,0,0,9,9,E01010769,3,1,0.0,1.0,-1,6,60,1,1,1,11:35,4,2,9
2023340WN6282,2023,340WN6282,1,4,2,2,41,7,3,0,0,1,0,0,9,-1,-1,-1,0,0.04815,0.95185,-1,6,30,1,1,2,14:00,4,2,9
2023361300611,2023,361300611,2,2,1,2,62,9,3,0,0,0,0,0,9,5,E01026428,3,1,0.0,1.0,-1,6,50,1,1,1,12:32,6,3,9
2023401308337,2023,401308337,2,2,1,2,46,8,3,0,0,0,0,0,9,7,E01017478,3,1,0.0,1.0,-1,6,60,4,1,1,15:09,6,2,9
2023010420636,2023,010420636,1,1,3,2,45,7,2,5,1,0,0,0,0,4,E01000995,-1,0,1.0,0.0,-1,6,20,5,4,2,17:33,3,1,9
2023010433909,2023,010433909,1,1,3,2,12,3,3,5,3,0,0,0,0,1,E01004005,-1,0,0.0,1.0,-1,6,20,1,1,1,08:23,6,1,9
2023010427891,2023,010427891,1,1,1,1,32,6,3,0,0,0,0,0,3,7,E01001411,-1,0,0.0,1.0,-1,1,20,1,1,1,19:35,5,2,3
2023070300291,2023,070300291,1,1,1,1,68,10,3,0,0,0,0,0,5,8,E01018703,-1,0,0.20851,0.79149,-1,6,40,1,1,1,11:11,5,1,5
2023201413887,2023,201413887,2,1,1,2,-1,-1,3,0,0,0,0,0,9,-1,-1,3,1,0.0,1.0,-1,3,40,1,1,1,09:55,7,2,9
2023440020751,2023,440020751,2,2,1,1,27,6,3,0,0,0,0,0,9,1,E01017332,-1,0,0.02898,0.97102,-1,2,30,1,7,1,16:10,2,4,9
2023061358735,2023,061358735,2,1,1,2,40,7,3,0,0,0,0,0,1,4,E01005820,3,1,0.0,1.0,-1,6,30,2,1,-1,07:25,4,2,1
2023131366293,2023,131366293,1,1,1,1,21,5,3,0,0,0,0,0,9,1,E01010833,3,1,0.0,1.0,-1,6,30,2,1,2,06:12,3,2,9
2023451332583,2023,451332583,1,2,2,2,11,3,3,0,0,2,0,0,9,10,E01030382,3,1,0.0,1.0,-1,6,30,2,1,2,16:28,7,4,9
2023610001423,2023,610001423,1,1,1,2,26,6,3,0,0,0,0,0,9,4,W01001415,-1,0,0.05931,0.94069,-1,3,70,2,1,5,09:46,1,1,9
2023631347144,2023,631347144,1,1,1,1,41,7,3,0,0,0,0,0,90,4,E01010072,3,1,0.0,1.0,-1,6,40,2,1,2,10:15,5,1,90
2023010462166,2023,010462166,1,1,1,1,25,5,3,0,0,0,0,0,1,3,E01002728,-1,0,0.0,1.0,-1,6,20,1,4,1,21:30,4,2,1
2023010459241,2023,010459241,1,1,1,1,34,6,2,0,0,0,0,0,5,2,E01033578,-1,0,1.0,0.0,-1,3,20,1,1,1,14:48,1,2,5
2023421349961,2023,421349961,2,1,1,2,32,6,3,0,0,0,0,0,9,8,E01021959,3,1,0.0,1.0,-1,7,30,1,1,1,14:04,4,2,9
2023421360583,2023,421360583,1,2,2,1,34,6,2,0,0,1,0,0,9,-1,-1,5,1,1.0,0.0,-1,6,30,1,1,1,15:59,7,2,9
2023010461349,2023,010461349,2,2,1,1,-1,-1,3,0,0,0,0,0,1,-1,-1,-1,0,0.0,1.0,-1,6,30,8,1,1,06:13,6,2,1
2023531265418,2023,531265418,2,1,1,2,40,7,2,0,0,0,0,0,1,9,E01022107,7,1,1.0,0.0,-1,3,30,1,4,1,17:05,3,2,1
2023201403274,2023,201403274,2,2,2,2,13,3,3,0,0,2,0,0,9,10,E01009461,3,1,0.0,1.0,-1,6,30,1,1,1,17:00,1,2,9
2023401362070,2023,401362070,1,1,1,1,31,6,2,0,0,0,0,0,9,6,E01017622,7,1,1.0,0.0,-1,6,60,1,1,1,17:20,5,2,9
2023471270543,2023,471270543,1,1,1,1,41,7,3,0,0,0,0,0,9,3,E01020930,3,1,0.0,1.0,-1,3,70,1,1,2,15:45,3,1,9
2023010445325,2023,010445325,2,1,1,1,34,6,3,0,0,0,0,0,1,7,E01004505,-1,0,0.0,1.0,-1,6,20,1,1,1,17:55,6,2,1
2023010469659,2023,010469659,1,1,1,2,52,8,3,0,0,0,0,0,3,2,E01000743,-1,0,0.0,1.0,-1,6,20,1,1,1,10:10,3,2,3
2023320046052,2023,320046052,2,1,1,1,30,6,3,0,0,0,0,0,9,7,E01026369,-1,0,0.04494,0.95506,-1,6,30,1,1,2,11:45,2,2,9
2023501340083,2023,501340083,1,1,3,1,12,3,2,5,1,0,0,0,0,4,E01018955,7,1,1.0,0.0,-1,6,60,1,1,1,17:48,4,1,9
2023141376708,2023,141376708,2,2,1,2,31,6,3,0,0,0,0,0,9,1,E01007450,3,1,0.0,1.0,-1,6,30,1,1,2,15:54,1,2,9
2023461374249,2023,461374249,1,1,1,1,75,10,3,0,0,0,0,0,9,7,E01016089,3,1,0.0,1.0,-1,6,30,1,1,1,15:13,5,2,9
2023471320581,2023,471320581,1,1,1,1,52,8,2,0,0,0,0,0,9,4,E01031435,6,1,1.0,0.0,-1,6,30,2,1,2,06:50,3,3,9
2023311380844,2023,311380844,2,1,1,2,60,9,3,0,0,0,0,0,9,3,E01028338,3,1,0.0,1.0,-1,6,30,1,1,1,15:25,5,2,9
2023361367497,2023,361367497,1,1,1,1,17,4,3,0,0,0,0,0,9,3,E01018066,3,1,0.0,1.0,-1,6,60,1,6,2,23:55,5,1,9
2023010448655,2023,010448655,1,1,1,1,48,8,3,0,0,0,0,0,9,-1,-1,-1,0,0.0,1.0,-1,6,30,1,4,1,00:30,3,4,9
2023991260655,2023,991260655,1,5,2,2,46,8,3,0,0,1,0,0,9,8,-1,3,1,0.0,1.0,-1,6,50,1,1,2,12:00,7,2,9
2023430514150,2023,430514150,1,1,3,2,28,6,3,7,1,0,0,0,0,6,E01017911,-1,0,0.04118,0.95882,-1,1,30,1,1,1,16:51,4,1,9
2023070443437,2023,070443437,1,1,1,1,11,3,3,0,0,0,0,0,1,2,E01012413,-1,0,0.1336,0.8664,-1,3,30,1,1,1,18:05,4,2,1
2023161379652,2023,161379652,1,1,1,1,46,8,2,0,0,0,0,0,1,3,E01013319,7,1,1.0,0.0,-1,6,30,1,4,2,19:50,2,2,1
2023622300854,2023,622300854,2,1,1,1,48,8,3,0,0,0,0,0,1,10,W01001799,-1,0,0.11957,0.88043,-1,6,20,1,1,1,13:50,6,2,1
2023430237445,2023,430237445,1,1,1,1,30,6,3,0,0,0,0,0,5,6,E01028943,-1,0,0.15185,0.84815,-1,3,70,1,1,1,15:15,5,3,5
2023010438180,2023,010438180,1,5,2,-1,-1,-1,3,0,0,2,0,0,9,1,E01004670,-1,0,0.0,1.0,-1,6,20,1,1,1,15:45,6,2,9