collision_index,collision_year,collision_ref_no,vehicle_reference,casualty_reference,casualty_class,sex_of_casualty,age_of_casualty,age_band_of_casualty,casualty_severity,pedestrian_location,pedestrian_movement,car_passenger,bus_or_coach_passenger,pedestrian_road_maintenance_worker,casualty_type,casualty_imd_decile,lsoa_of_casualty,enhanced_casualty_severity,casualty_injury_based,casualty_adjusted_severity_serious,casualty_adjusted_severity_slight,casualty_distance_banding,road_type,speed_limit,weather_conditions,light_conditions,road_surface_conditions,time,day_of_week,number_of_vehicles,vehicle_type
2023461279931,2023,461279931,2,2,2,2,81,11,2,0,0,1,0,0,9,6,E01024555,6,1,1.0,0.0,-1,3,70,1,1,1,13:24,6,4,9
2023070533871,2023,070533871,2,1,1,1,36,7,2,0,0,0,0,0,1,1,E01005123,-1,0,1.0,0.0,-1,1,40,1,1,2,09:45,1,2,1
2023070945954,2023,070945954,2,1,1,1,30,6,3,0,0,0,0,0,3,7,E01018673,-1,0,0.15223,0.84777,-1,6,30,1,1,1,15:11,6,4,3
2023201371589,2023,201371589,1,1,2,1,17,4,2,0,0,0,0,0,5,2,E01010314,5,1,1.0,0.0,-1,6,30,1,1,1,13:13,4,1,5
2023010456462,2023,010456462,1,1,3,1,50,8,3,1,1,0,0,0,0,6,E01024457,-1,0,0.0,1.0,-1,2,30,1,1,1,07:55,6,1,1
2023161293850,2023,161293850,1,1,1,1,39,7,3,0,0,0,0,0,1,4,E01012816,3,1,0.0,1.0,-1,6,30,1,1,1,15:10,6,2,1
2023430269120,2023,430269120,1,1,1,2,22,5,2,0,0,0,0,0,4,8,E01017653,-1,0,1.0,0.0,-1,6,30,1,1,1,09:09,2,2,4
2023548603023,2023,548603023,1,1,1,1,80,11,2,0,0,0,0,0,97,7,E01016297,-1,0,1.0,0.0,-1,6,60,1,1,1,13:15,6,1,97
2023501340298,2023,501340298,1,1,3,2,20,4,3,5,1,0,0,0,0,2,E01018771,3,1,0.0,1.0,-1,6,30,2,1,2,12:30,2,1,9
2023061268555,2023,061268555,2,1,1,2,35,6,3,0,0,0,0,0,1,5,E01004975,3,1,0.0,1.0,-1,6,30,1,4,2,18:05,5,2,1
2023131381807,2023,131381807,4,2,1,1,24,5,3,0,0,0,0,0,1,9,E01010764,3,1,0.0,1.0,-1,6,30,1,1,2,14:52,7,4,1
2023141284364,2023,141284364,1,1,1,1,25,5,3,0,0,0,0,0,9,-1,-1,3,1,0.0,1.0,-1,3,50,1,1,1,06:25,4,2,9
2023201400574,2023,201400574,2,1,1,1,43,7,3,0,0,0,0,0,9,3,W01000362,3,1,0.0,1.0,-1,6,30,1,4,1,03:00,1,3,9
2023501299844,2023,501299844,1,1,1,1,47,8,3,0,0,0,0,0,9,6,E01020326,3,1,0.0,1.0,-1,6,30,1,4,1,22:56,5,1,9
2023991367243,2023,991367243,1,1,1,2,33,6,3,0,0,0,0,0,9,-1,-1,3,1,0.0,1.0,-1,7,40,1,1,1,12:30,7,2,9
202363B033523,2023,63B033523,1,1,3,2,19,4,3,5,9,0,0,0,0,-1,-1,-1,0,0.03785,0.96215,-1,2,30,1,1,1,10:30,7,1,9
2023430459093,2023,430459093,2,1,1,1,63,9,3,0,0,0,0,0,1,10,E01028801,-1,0,0.05157,0.94843,-1,6,60,1,1,1,17:30,4,2,1
2023010460457,2023,010460457,1,1,1,1,29,6,2,0,0,0,0,0,3,7,E01003796,-1,0,1.0,0.0,-1,6,20,1,1,1,14:40,1,3,3
2023170M20473,2023,170M20473,2,1,1,2,42,7,3,0,0,0,0,0,9,1,E01012075,-1,0,0.0304,0.9696,-1,6,50,1,1,1,17:19,3,4,9
2023440455758,2023,440455758,1,4,1,1,53,8,3,0,0,0,0,0,9,9,E01022826,-1,0,0.11044,0.88956,-1,6,40,1,6,1,17:15,3,5,9
2023991286325,2023,991286325,1,3,1,1,46,8,1,0,0,0,0,0,9,7,-1,1,1,0.0,0.0,-1,3,70,2,1,2,14:15,2,2,9
2023061290309,2023,061290309,1,1,3,1,29,6,2,10,3,0,0,0,0,-1,-1,7,1,1.0,0.0,-1,6,20,5,4,2,00:45,7,1,8
2023552301081,2023,552301081,1,1,3,1,18,4,3,6,9,0,0,0,0,9,E01015356,-1,0,0.10733,0.89267,-1,6,30,1,1,1,12:50,1,1,9
2023010457952,2023,010457952,1,1,1,1,27,6,3,0,0,0,0,0,9,2,E01002033,-1,0,0.0,1.0,-1,9,20,2,4,2,03:00,7,1,9
2023361322138,2023,361322138,1,3,2,1,18,4,3,0,0,1,0,0,9,5,E01026726,3,1,0.0,1.0,-1,6,60,1,1,1,21:00,6,1,9
2023430160163,2023,430160163,1,1,1,1,18,4,3,0,0,0,0,0,9,-1,-1,-1,0,0.19302,0.80698,-1,6,60,1,6,1,03:29,5,1,9
2023010483304,2023,010483304,1,1,3,2,14,3,2,5,1,0,0,0,0,2,E01000086,-1,0,1.0,0.0,-1,6,30,1,1,1,08:25,2,1,19
2023371346258,2023,371346258,1,1,3,2,14,3,2,1,9,0,0,0,0,5,E01030281,5,1,1.0,0.0,-1,6,40,1,1,1,15:25,2,1,9
2023061276574,2023,061276574,2,1,1,2,40,7,2,0,0,0,0,0,1,8,E01005157,7,1,1.0,0.0,-1,6,30,1,1,1,10:10,4,2,1
2023010447806,2023,010447806,1,1,1,1,29,6,3,0,0,0,0,0,3,4,E01004065,-1,0,0.0,1.0,-1,2,20,1,1,1,16:02,1,2,3
2023010429773,2023,010429773,1,1,1,1,34,6,3,0,0,0,0,0,8,5,E01003855,-1,0,0.0,1.0,-1,7,40,9,7,9,22:15,3,2,8
2023010470193,2023,010470193,1,1,1,2,80,11,3,0,0,0,0,0,9,8,E01002163,-1,0,0.0,1.0,-1,2,20,2,1,1,17:47,5,1,9
2023170M11663,2023,170M11663,2,1,1,2,21,5,3,0,0,0,0,0,9,4,E01012277,-1,0,0.01995,0.98005,-1,6,30,1,4,1,19:00,3,2,9
2023201339850,2023,201339850,2,1,1,1,-1,-1,3,0,0,0,0,0,9,10,E01009705,3,1,0.0,1.0,-1,1,30,1,4,1,21:52,7,2,9
2023201327680,2023,201327680,2,1,2,2,15,3,3,0,0,-1,-1,0,-1,2,E01010506,3,1,0.0,1.0,-1,6,30,1,1,1,20:50,5,2,-1
2023421264469,2023,421264469,3,3,1,1,25,5,3,0,0,0,0,0,9,10,E01021351,3,1,0.0,1.0,-1,6,60,1,1,4,10:51,3,3,9
2023991390369,2023,991390369,1,1,1,2,41,7,2,0,0,0,0,0,9,7,-1,7,1,1.0,0.0,-1,6,60,3,6,3,01:20,4,1,9
2023061333961,2023,061333961,2,1,1,2,33,6,3,0,0,0,0,0,9,6,E01005824,3,1,0.0,1.0,-1,6,20,1,1,-1,17:20,3,2,9
2023461353843,2023,461353843,1,1,1,1,29,6,3,0,0,0,0,0,9,8,E01024650,3,1,0.0,1.0,-1,6,30,1,4,1,04:20,1,3,9
2023010430738,2023,010430738,2,1,1,2,45,7,3,0,0,0,0,0,9,9,E01000461,-1,0,0.0,1.0,-1,6,30,2,1,2,15:50,2,3,9
2023320766278,2023,320766278,2,1,1,1,73,10,3,0,0,0,0,0,9,9,E01026396,-1,0,0.01297,0.98703,-1,6,40,1,1,2,14:16,4,2,9
2023041316677,2023,041316677,1,1,1,2,21,5,3,0,0,0,0,0,1,1,E01025236,3,1,0.0,1.0,-1,6,30,1,1,1,08:25,6,2,1
2023411311050,2023,411311050,2,1,1,1,55,8,2,0,0,0,0,0,1,7,E01023886,7,1,1.0,0.0,-1,6,60,1,1,1,20:21,1,2,1
2023461275871,2023,461275871,2,1,1,1,60,9,3,0,0,0,0,0,1,10,E01024337,3,1,0.0,1.0,-1,6,30,1,4,1,18:00,3,2,1
2023131334149,2023,131334149,2,1,1,1,19,4,3,0,0,0,0,0,9,1,E01012596,3,1,0.0,1.0,-1,3,30,1,1,1,15:57,5,2,9
2023522301101,2023,522301101,2,1,1,1,52,8,3,0,0,0,0,0,5,7,W01001893,-1,0,0.11407,0.88593,-1,6,30,5,1,2,17:28,3,2,5
2023010446588,2023,010446588,1,2,3,1,64,9,2,6,9,0,0,0,0,2,E01002702,-1,0,1.0,0.0,-1,6,20,1,1,1,14:53,6,1,9
2023361381644,2023,361381644,1,1,3,1,73,10,3,6,9,0,0,0,0,3,E01026717,3,1,0.0,1.0,-1,6,30,1,1,1,11:40,5,1,19
2023501371282,2023,501371282,1,1,1,1,36,7,2,0,0,0,0,0,19,2,E01015157,5,1,1.0,0.0,-1,6,30,1,1,2,07:00,1,1,19
2023440286814,2023,440286814,1,1,1,1,42,7,3,0,0,0,0,0,9,5,E01032840,-1,0,0.14683,0.85317,-1,6,50,1,1,1,09:45,2,1,9
202354A664423,2023,54A664423,1,1,1,1,35,6,3,0,0,0,0,0,9,10,E01032700,-1,0,0.08876,0.91124,-1,3,70,1,6,1,05:09,1,1,9
2023520301673,2023,520301673,1,1,3,1,74,10,1,10,9,0,0,0,0,8,E01029194,-1,0,0.0,0.0,-1,6,60,1,6,1,04:33,5,1,19
2023401349644,2023,401349644,2,1,1,1,-1,-1,3,0,0,0,0,0,-1,-1,-1,3,1,0.0,1.0,-1,6,30,1,1,-1,07:40,2,2,-1
2023101288094,2023,101288094,2,1,1,2,22,5,3,0,0,0,0,0,9,9,E01008772,3,1,0.0,1.0,-1,6,30,1,1,1,17:30,4,2,9
2023101337174,2023,101337174,2,1,1,1,50,8,3,0,0,0,0,0,9,1,E01008429,3,1,0.0,1.0,-1,3,40,1,4,2,06:55,3,3,9
2023371265190,2023,371265190,1,1,1,1,84,11,1,0,0,0,0,0,9,10,E01030085,1,1,0.0,0.0,-1,6,60,1,4,2,18:07,4,2,9
2023401388085,2023,401388085,2,1,1,2,22,5,3,0,0,0,0,0,9,7,E01017548,3,1,0.0,1.0,-1,6,60,1,6,2,17:42,3,2,9
2023430256757,2023,430256757,1,1,1,2,34,6,3,0,0,0,0,0,-1,10,E01016243,-1,0,0.04065,0.95935,-1,6,30,1,1,1,16:45,1,2,-1
2023302301824,2023,302301824,1,1,1,2,65,9,3,0,0,0,0,0,9,5,E01013582,-1,0,0.04455,0.95545,-1,6,30,8,1,1,09:00,3,2,9
2023311305848,2023,311305848,2,1,1,2,51,8,3,0,0,0,0,0,9,4,E01019431,3,1,0.0,1.0,-1,3,50,2,1,2,13:19,4,2,9
2023430557992,2023,430557992,1,1,1,1,38,7,3,0,0,0,0,0,9,10,E01032759,-1,0,0.00432,0.99568,-1,6,30,1,4,1,19:00,3,2,9
2023371275985,2023,371275985,2,1,1,1,13,3,3,0,0,0,0,0,1,-1,-1,3,1,0.0,1.0,-1,6,30,1,4,1,06:06,3,2,1
2023461377580,2023,461377580,2,1,1,1,17,4,3,0,0,0,0,0,1,10,E01024644,3,1,0.0,1.0,-1,6,20,9,1,1,14:35,5,2,1
2023010479269,2023,010479269,1,1,3,1,76,11,3,9,5,0,0,0,0,9,E01000419,-1,0,0.0,1.0,-1,6,20,1,1,1,10:14,3,1,19
202354D067723,2023,54D067723,1,1,3,1,54,8,1,10,9,0,0,0,0,1,E01015575,-1,0,0.0,0.0,-1,3,70,4,6,1,18:32,7,3,9
2023461266972,2023,461266972,2,1,1,1,47,8,2,0,0,0,0,0,9,4,E01024176,7,1,1.0,0.0,-1,6,40,1,4,1,17:23,6,2,9
2023010434965,2023,010434965,1,1,3,1,10,2,3,4,3,0,0,0,0,1,E01002694,-1,0,0.0,1.0,-1,6,20,9,1,1,15:30,5,1,9
2023010480844,2023,010480844,1,1,3,2,12,3,3,10,9,0,0,0,0,8,E01000420,-1,0,0.0,1.0,-1,9,30,9,1,9,07:45,4,1,9
2023131384515,2023,131384515,2,1,1,1,49,8,2,0,0,0,0,0,-1,1,E01010744,7,1,1.0,0.0,-1,6,30,1,4,2,16:55,6,2,-1
2023010456729,2023,010456729,1,1,3,1,23,5,3,9,9,0,0,0,0,7,E01002971,-1,0,0.0,1.0,-1,6,20,2,1,2,15:38,7,1,9
2023010431361,2023,010431361,1,1,1,1,30,6,3,0,0,0,0,0,1,2,E01003595,-1,0,0.0,1.0,-1,2,30,2,4,2,20:15,5,2,1
2023161277987,2023,161277987,3,1,1,1,55,8,3,0,0,0,0,0,9,6,E01013302,3,1,0.0,1.0,-1,6,30,4,4,1,22:25,7,3,9
2023332300668,2023,332300668,1,1,1,1,33,6,3,0,0,0,0,0,9,1,E01024278,-1,0,0.06409,0.93591,-1,6,20,1,4,2,22:49,5,4,9
2023010443283,2023,010443283,1,1,3,2,70,10,3,8,1,0,0,0,0,-1,-1,-1,0,0.0,1.0,-1,7,20,1,1,1,13:00,3,1,9
2023522300486,2023,522300486,2,1,1,1,37,7,3,0,0,0,0,0,3,1,W01001643,-1,0,0.03911,0.96089,-1,2,30,1,1,1,16:25,5,2,3
2023010426990,2023,010426990,1,1,3,2,51,8,2,8,1,0,0,0,0,9,E01002432,-1,0,1.0,0.0,-1,6,30,1,1,1,17:00,2,1,9
2023201333049,2023,201333049,1,1,3,1,87,11,2,4,1,0,0,0,0,9,E01010154,6,1,1.0,0.0,-1,1,30,1,1,1,10:45,1,1,9
2023221261702,2023,221261702,1,1,3,2,32,6,3,1,1,0,0,0,0,4,E01032194,3,1,0.0,1.0,-1,6,30,2,4,2,17:45,3,1,9
2023010431495,2023,010431495,1,1,3,1,22,5,2,5,2,0,0,0,0,2,E01004321,-1,0,1.0,0.0,-1,6,20,1,4,1,20:45,6,1,9
2023010481530,2023,010481530,2,1,1,1,21,5,2,0,0,0,0,0,3,7,E01003170,-1,0,1.0,0.0,-1,6,20,1,1,4,15:30,7,2,3
2023461354230,2023,461354230,1,1,1,2,84,11,3,0,0,0,0,0,9,7,E01024547,3,1,0.0,1.0,-1,6,60,1,1,1,17:35,5,2,9
2023501324422,2023,501324422,1,1,1,1,75,10,3,0,0,0,0,0,9,5,E01015224,3,1,0.0,1.0,-1,6,30,1,1,1,10:08,5,4,9
2023010476265,2023,010476265,1,1,3,2,26,6,3,1,1,0,0,0,0,5,E01004681,-1,0,0.0,1.0,-1,3,20,1,1,1,14:35,2,1,9
2023471288713,2023,471288713,1,1,1,1,32,6,2,0,0,0,0,0,3,7,E01031813,7,1,1.0,0.0,-1,6,60,2,1,2,12:03,2,2,3
2023071222178,2023,071222178,2,3,2,2,57,9,3,0,0,1,0,0,9,7,E01018335,-1,0,0.04949,0.95051,-1,3,50,2,4,2,16:45,1,2,9
2023131373958,2023,131373958,2,1,1,1,30,6,3,0,0,0,0,0,9,10,E01027276,3,1,0.0,1.0,-1,3,70,9,7,1,16:30,1,3,9
2023231375794,2023,231375794,1,1,1,1,68,10,3,0,0,0,0,0,9,7,E01031007,3,1,0.0,1.0,-1,6,30,1,1,1,08:36,5,3,9
2023010478105,2023,010478105,1,1,3,-1,-1,-1,3,10,9,0,0,0,0,3,E01001814,-1,0,0.0,1.0,-1,6,20,2,7,9,16:35,3,1,9
2023041315976,2023,041315976,1,1,3,1,54,8,3,9,9,0,0,2,0,1,E01025112,3,1,0.0,1.0,-1,6,20,1,1,1,16:55,7,1,9
2023311373566,2023,311373566,2,1,1,1,62,9,2,0,0,0,0,0,1,10,E01028409,7,1,1.0,0.0,-1,6,30,1,1,1,12:45,6,2,1
2023010441323,2023,010441323,1,1,1,1,53,8,3,0,0,0,0,0,3,2,E01001982,-1,0,0.0,1.0,-1,9,20,9,1,9,18:45,4,2,3
2023411267406,2023,411267406,2,1,1,1,52,8,3,0,0,0,0,0,1,2,E01002879,3,1,0.0,1.0,-1,6,30,1,4,2,06:55,6,2,1
2023010467006,2023,010467006,1,1,1,1,29,6,3,0,0,0,0,0,3,1,E01033584,-1,0,0.0,1.0,-1,6,20,1,1,1,14:00,5,2,3
2023010475286,2023,010475286,2,2,3,1,48,8,3,6,9,0,0,0,0,6,E01004186,-1,0,0.0,1.0,-1,3,20,2,1,2,09:26,4,2,9
2023041316654,2023,041316654,1,1,3,2,65,9,2,10,3,0,0,0,0,7,E01025361,7,1,1.0,0.0,-1,6,30,1,1,1,10:30,6,1,9
2023401331329,2023,401331329,1,1,1,2,41,7,2,0,0,0,0,0,9,5,E01017388,6,1,1.0,0.0,-1,6,30,1,1,1,08:05,1,2,9
2023440478238,2023,440478238,2,1,1,2,23,5,3,0,0,0,0,0,9,9,E01029210,-1,0,0.03919,0.96081,-1,3,60,1,6,2,16:35,4,2,9
2023010477471,2023,010477471,1,1,2,2,92,11,3,0,0,0,3,0,11,7,E01000963,-1,0,0.0,1.0,-1,6,20,8,4,2,17:09,7,1,11
2023201454219,2023,201454219,2,1,1,1,37,7,3,0,0,0,0,0,9,10,E01014992,3,1,0.0,1.0,-1,1,30,1,1,1,12:00,1,2,9
2023991297076,2023,991297076,2,1,1,1,64,9,2,0,0,0,0,0,9,4,-1,5,1,1.0,0.0,-1,6,60,1,6,1,21:25,7,2,9
2023201375195,2023,201375195,2,2,1,1,49,8,3,0,0,0,0,0,9,3,E01009772,3,1,0.0,1.0,-1,6,30,1,4,1,21:14,3,2,9
2023440484155,2023,440484155,2,1,1,1,20,4,3,0,0,0,0,0,9,-1,-1,-1,0,0.0554,0.9446,-1,6,30,2,4,2,18:01,1,2,9
2023461315829,2023,461315829,1,1,1,1,25,5,3,0,0,0,0,0,9,7,E01024550,3,1,0.0,1.0,-1,6,60,1,6,1,23:40,6,1,9
2023631328359,2023,631328359,2,1,1,1,77,11,2,0,0,0,0,0,9,7,W01000581,6,1,1.0,0.0,-1,6,30,1,1,1,15:25,3,2,9
2023411268349,2023,411268349,5,2,1,1,52,8,3,0,0,0,0,0,19,3,E01027173,3,1,0.0,1.0,-1,3,70,1,1,1,13:50,6,6,19
2023041360153,2023,041360153,2,1,1,1,35,6,3,0,0,0,0,0,1,2,E01025503,3,1,0.0,1.0,-1,6,30,2,4,2,21:30,4,2,1
2023061373792,2023,061373792,2,1,1,1,58,9,2,0,0,0,0,0,1,10,E01005808,7,1,1.0,0.0,-1,1,30,2,4,-1,18:10,2,2,1
2023991362219,2023,991362219,2,1,1,1,61,9,3,0,0,0,0,0,1,10,-1,3,1,0.0,1.0,-1,3,60,1,1,2,11:00,5,2,1
2023010423265,2023,010423265,1,1,1,1,34,6,3,0,0,0,0,0,3,4,E01004368,-1,0,0.0,1.0,-1,6,20,1,4,1,19:25,2,2,3
2023231415275,2023,231415275,2,1,1,1,62,9,3,0,0,0,0,0,3,6,E01031107,3,1,0.0,1.0,-1,6,60,2,6,2,05:50,6,2,3
2023010461359,2023,010461359,1,1,1,2,65,9,3,0,0,0,0,0,9,4,E01000485,-1,0,0.0,1.0,-1,9,20,8,1,1,12:00,6,2,9
2023161262433,2023,161262433,1,1,1,1,19,4,3,0,0,0,0,0,9,5,E01013249,3,1,0.0,1.0,-1,6,30,1,4,1,16:00,4,2,9
2023332300926,2023,332300926,1,1,1,1,21,5,3,0,0,0,0,0,3,4,E01013747,-1,0,0.06102,0.93898,-1,3,30,1,4,1,18:13,1,1,3
2023221350018,2023,221350018,2,1,1,1,29,6,3,0,0,0,0,0,1,8,E01028848,3,1,0.0,1.0,-1,6,60,1,1,1,08:10,4,2,1
2023010473969,2023,010473969,1,1,1,1,43,7,3,0,0,0,0,0,2,3,E01003201,-1,0,0.0,1.0,-1,6,20,1,1,2,09:20,4,2,2
2023010489955,2023,010489955,2,1,1,1,22,5,3,0,0,0,0,0,9,-1,-1,-1,0,0.0,1.0,-1,6,20,1,4,2,21:52,1,2,9
2023101319825,2023,101319825,1,1,1,2,35,6,2,0,0,0,0,0,9,7,E01020594,7,1,1.0,0.0,-1,3,60,1,4,1,03:13,7,1,9
2023302301681,2023,302301681,2,4,2,2,5,1,3,0,0,2,0,0,9,-1,-1,-1,0,0.03768,0.96232,-1,6,40,2,4,2,17:35,7,2,9
2023332300821,2023,332300821,1,2,2,2,45,7,3,0,0,1,0,0,9,3,E01013641,-1,0,0.05592,0.94408,-1,6,40,1,4,1,00:06,1,1,9
2023131279627,2023,131279627,2,1,1,1,50,8,3,0,0,0,0,0,1,8,E01011929,3,1,0.0,1.0,-1,3,30,1,1,1,07:22,5,2,1
2023070478818,2023,070478818,1,3,3,2,20,4,3,6,5,0,0,0,0,5,E01018444,-1,0,0.11797,0.88203,-1,6,20,1,4,1,03:15,1,1,9
2023302300877,2023,302300877,2,1,1,-1,71,10,3,0,0,0,0,0,4,5,E01019605,-1,0,0.05524,0.94476,-1,6,30,1,1,1,11:00,2,2,4
2023010423321,2023,010423321,2,1,1,1,36,7,3,0,0,0,0,0,5,10,E01030542,-1,0,0.0,1.0,-1,2,30,2,4,2,18:45,3,2,5
2023010466013,2023,010466013,1,1,1,1,23,5,3,0,0,0,0,0,9,3,E01021437,-1,0,0.0,1.0,-1,3,50,1,1,1,19:01,5,2,9
2023170L20643,2023,170L20643,2,1,1,2,78,11,3,0,0,0,0,0,9,9,E01012147,-1,0,0.06717,0.93283,-1,6,30,1,1,1,10:06,5,2,9
2023401352553,2023,401352553,1,2,1,1,18,4,3,0,0,0,0,0,9,2,E01015802,3,1,0.0,1.0,-1,6,60,1,1,1,18:50,4,2,9
2023552300666,2023,552300666,1,1,1,1,58,9,3,0,0,0,0,0,9,5,E01020489,-1,0,0.04717,0.95283,-1,6,30,1,1,1,13:18,7,2,9
2023991303057,2023,991303057,1,1,1,1,17,4,3,0,0,0,0,0,3,7,-1,3,1,0.0,1.0,-1,6,60,1,1,1,17:20,3,3,3
2023041271633,2023,041271633,1,1,3,2,31,6,3,5,1,0,0,0,0,1,E01012679,3,1,0.0,1.0,-1,6,30,9,1,1,09:00,5,1,9
2023552300566,2023,552300566,1,2,3,2,12,3,3,5,2,0,0,0,0,10,E01020374,-1,0,0.0839,0.9161,-1,6,30,1,1,1,13:33,2,1,9
2023061343091,2023,061343091,2,1,1,1,9,2,3,0,0,0,0,0,1,2,E01004873,3,1,0.0,1.0,-1,6,30,1,1,1,16:30,7,2,1
2023201415520,2023,201415520,2,1,1,1,56,9,3,0,0,0,0,0,1,2,E01010017,3,1,0.0,1.0,-1,3,20,1,4,1,18:30,2,2,1
2023131377333,2023,131377333,2,1,1,1,66,10,3,0,0,0,0,0,5,3,E01010867,3,1,0.0,1.0,-1,6,30,1,4,2,17:34,3,4,5
2023131372939,2023,131372939,1,1,3,2,39,7,3,1,3,0,0,2,0,9,E01011353,3,1,0.0,1.0,-1,6,30,1,1,1,16:30,3,1,9
2023991302338,2023,991302338,1,1,3,2,14,3,2,8,7,0,0,2,0,-1,-1,7,1,1.0,0.0,-1,6,20,1,1,1,17:30,6,1,9
2023302301381,2023,302301381,2,1,1,1,63,9,1,0,0,0,0,0,1,10,E01013463,-1,0,0.0,0.0,-1,6,30,1,1,1,11:30,4,2,1
2023522301285,2023,522301285,1,1,1,1,17,4,2,0,0,0,0,0,3,7,E01014402,-1,0,1.0,0.0,-1,6,30,1,1,1,17:30,5,2,3
2023010472651,2023,010472651,1,1,1,1,47,8,3,0,0,0,0,0,5,3,E01003976,-1,0,0.0,1.0,-1,6,20,1,1,1,11:05,4,2,5
2023010478158,2023,010478158,2,1,1,1,25,5,3,0,0,0,0,0,2,8,E01004144,-1,0,0.0,1.0,-1,6,30,1,1,1,13:19,4,2,2
2023010457595,2023,010457595,1,1,1,1,19,4,3,0,0,0,0,0,3,2,E01000930,-1,0,0.0,1.0,-1,6,20,1,1,1,18:25,5,2,3
2023052300600,2023,052300600,2,3,2,1,7,2,2,0,0,2,0,0,8,1,E01006661,-1,0,1.0,0.0,-1,3,40,3,1,3,14:40,5,2,8
2023351401634,2023,351401634,1,2,2,1,16,4,2,0,0,2,0,0,9,6,E01018036,7,1,1.0,0.0,-1,6,30,1,4,2,19:29,1,2,9
2023010422197,2023,010422197,2,1,2,2,30,6,3,0,0,1,0,0,9,7,E01000818,-1,0,0.0,1.0,-1,1,30,1,4,4,06:46,5,2,9
2023052302436,2023,052302436,1,2,2,1,39,7,2,0,0,1,0,0,9,3,E01006535,-1,0,1.0,0.0,-1,6,30,2,6,2,19:40,7,1,9
2023451303629,2023,451303629,1,1,1,1,27,6,2,0,0,0,0,0,19,3,E01000719,5,1,1.0,0.0,-1,3,70,1,1,1,10:30,4,3,19
2023501337614,2023,501337614,2,3,2,2,43,7,3,0,0,1,0,0,19,8,E01024158,3,1,0.0,1.0,-1,6,60,1,1,1,13:30,4,3,19
2023440368606,2023,440368606,1,1,1,1,67,10,3,0,0,0,0,0,3,8,E01022815,-1,0,0.24377,0.75623,-1,3,40,2,1,2,11:28,1,1,3
2023501288025,2023,501288025,1,1,3,2,10,2,2,5,1,0,0,0,0,3,E01019070,6,1,1.0,0.0,-1,6,30,1,1,2,17:45,6,1,9
2023430003402,2023,430003402,1,1,2,2,56,9,3,0,0,1,0,0,8,9,E01016553,-1,0,0.06524,0.93476,-1,3,70,1,4,1,17:27,3,2,8
2023010423951,2023,010423951,1,3,2,1,22,5,2,0,0,2,0,0,9,-1,-1,-1,0,1.0,0.0,-1,3,70,1,4,2,23:28,6,1,9
2023010456414,2023,010456414,1,1,1,2,22,5,3,0,0,0,0,0,9,-1,-1,-1,0,0.0,1.0,-1,3,50,1,4,1,23:00,5,2,9
2023421318768,2023,421318768,1,5,1,2,52,8,3,0,0,0,0,0,9,5,E01021753,3,1,0.0,1.0,-1,6,30,1,6,1,22:25,4,2,9
2023991258992,2023,991258992,1,4,1,1,30,6,2,0,0,0,0,0,9,-1,-1,7,1,1.0,0.0,-1,6,60,1,1,2,11:10,2,2,9
2023311302337,2023,311302337,1,1,3,1,77,11,2,5,1,0,0,0,0,-1,-1,7,1,1.0,0.0,-1,6,20,2,4,2,20:58,7,1,8
2023311295149,2023,311295149,1,1,3,1,52,8,2,5,3,0,0,0,0,4,E01028294,5,1,1.0,0.0,-1,6,30,1,1,1,19:37,1,1,2
2023461275431,2023,461275431,2,1,1,1,37,7,3,0,0,0,0,0,1,7,E01000376,3,1,0.0,1.0,-1,3,50,1,1,1,16:15,2,2,1
2023430363998,2023,430363998,1,1,1,1,69,10,2,0,0,0,0,0,5,-1,-1,-1,0,1.0,0.0,-1,6,60,1,1,1,07:37,3,1,5
2023531340463,2023,531340463,1,1,1,1,55,8,2,0,0,0,0,0,5,8,E01015550,6,1,1.0,0.0,-1,6,40,1,1,1,10:40,5,2,5
2023010475649,2023,010475649,1,1,1,-1,34,6,3,0,0,0,0,0,3,3,E01004633,-1,0,0.0,1.0,-1,9,30,9,7,9,17:20,4,2,3
2023010433479,2023,010433479,2,1,1,1,22,5,3,0,0,0,0,0,4,8,E01003867,-1,0,0.0,1.0,-1,6,20,1,1,1,18:10,3,2,4
2023991263451,2023,991263451,1,1,3,1,8,2,2,5,3,0,0,0,0,3,-1,5,1,1.0,0.0,-1,3,30,1,1,2,15:50,7,1,9
2023010476283,2023,010476283,1,1,1,2,30,6,3,0,0,0,0,0,3,4,E01002315,-1,0,0.0,1.0,-1,9,20,1,1,1,12:10,6,2,3
2023161322344,2023,161322344,2,1,1,1,58,9,3,0,0,0,0,0,1,10,E01013012,3,1,0.0,1.0,-1,6,30,1,1,1,11:00,7,2,1
2023201405924,2023,201405924,1,1,1,1,18,4,3,0,0,0,0,0,1,2,E01010045,3,1,0.0,1.0,-1,6,30,1,7,1,20:10,1,2,1
2023010470213,2023,010470213,2,1,1,1,34,6,3,0,0,0,0,0,5,6,E01001598,-1,0,0.0,1.0,-1,6,30,1,4,1,20:00,5,2,5
2023010475063,2023,010475063,1,1,1,1,30,6,3,0,0,0,0,0,3,3,E01002048,-1,0,0.0,1.0,-1,6,20,1,1,1,13:13,6,2,3
2023522300787,2023,522300787,2,1,1,1,42,7,3,0,0,0,0,0,-1,4,E01014496,-1,0,0.08489,0.91511,-1,3,40,1,1,2,17:03,4,2,-1