collision_index,collision_year,collision_ref_no,vehicle_reference,casualty_reference,casualty_class,sex_of_casualty,age_of_casualty,age_band_of_casualty,casualty_severity,pedestrian_location,pedestrian_movement,car_passenger,bus_or_coach_passenger,pedestrian_road_maintenance_worker,casualty_type,casualty_imd_decile,lsoa_of_casualty,enhanced_casualty_severity,casualty_injury_based,casualty_adjusted_severity_serious,casualty_adjusted_severity_slight,casualty_distance_banding,road_type,speed_limit,weather_conditions,light_conditions,road_surface_conditions,time,day_of_week,number_of_vehicles,vehicle_type
2023010461676,2023,010461676,4,1,2,1,37,7,3,0,0,1,0,0,9,7,E01002144,-1,0,0.0,1.0,-1,2,20,1,1,1,12:15,2,4,9
2023461363422,2023,461363422,1,1,1,1,28,6,3,0,0,0,0,0,9,6,E01016125,3,1,0.0,1.0,-1,6,30,1,1,1,17:39,4,3,9
2023471290583,2023,471290583,1,1,1,1,20,4,3,0,0,0,0,0,9,4,E01020966,3,1,0.0,1.0,-1,6,30,2,4,2,05:03,1,2,9
2023552300065,2023,552300065,5,3,1,2,43,7,3,0,0,0,0,0,9,9,E01020399,-1,0,0.01037,0.98963,-1,6,30,4,1,2,15:36,5,6,9
202360A050734,2023,60A050734,1,1,2,2,20,4,3,0,0,1,0,0,9,-1,-1,-1,0,0.0834,0.9166,-1,3,70,1,1,1,12:33,7,3,9
2023991279908,2023,991279908,1,1,3,1,29,6,2,5,4,0,0,0,0,-1,-1,5,1,1.0,0.0,-1,6,30,8,4,1,20:00,5,1,9
2023201330541,2023,201330541,1,1,3,2,71,10,3,10,9,0,0,0,0,4,E01009205,3,1,0.0,1.0,-1,2,20,1,1,1,18:07,3,1,9
2023332301013,2023,332301013,1,1,3,1,56,9,2,1,3,0,0,0,0,8,E01025643,-1,0,1.0,0.0,-1,6,30,2,1,2,13:23,6,1,9
2023061319534,2023,061319534,1,1,3,1,14,3,2,9,8,0,0,0,0,1,E01005317,7,1,1.0,0.0,-1,6,30,1,1,1,20:05,5,1,9
2023010462963,2023,010462963,1,1,1,1,25,5,3,0,0,0,0,0,3,4,E01000498,-1,0,0.0,1.0,-1,9,20,1,1,1,18:42,5,2,3
2023010481027,2023,010481027,1,1,1,1,39,7,3,0,0,0,0,0,3,5,E01000639,-1,0,0.0,1.0,-1,9,20,9,1,9,13:40,3,2,3
2023052301254,2023,052301254,2,2,2,2,28,6,3,0,0,1,0,0,9,1,E01007052,-1,0,0.01643,0.98357,-1,6,30,1,1,1,12:35,7,2,9
2023131328733,2023,131328733,2,2,2,2,49,8,3,0,0,1,0,0,9,1,E01011483,3,1,0.0,1.0,-1,3,60,1,1,1,13:25,4,2,9
2023332300304,2023,332300304,1,1,1,1,52,8,3,0,0,0,0,0,9,5,E01013738,-1,0,0.02955,0.97045,-1,6,30,1,4,2,22:55,1,2,9
2023461296688,2023,461296688,1,4,2,1,30,6,3,0,0,1,0,0,9,-1,-1,3,1,0.0,1.0,-1,6,60,1,1,1,20:04,1,3,9
2023161260192,2023,161260192,1,1,1,1,28,6,3,0,0,0,0,0,9,7,E01026080,3,1,0.0,1.0,-1,3,70,1,6,1,17:11,5,1,9
2023010439505,2023,010439505,1,1,1,1,27,6,3,0,0,0,0,0,9,2,E01003241,-1,0,0.0,1.0,-1,6,20,1,1,1,07:43,3,2,9
2023991266494,2023,991266494,1,1,2,1,8,2,2,0,0,2,0,0,9,4,-1,7,1,1.0,0.0,-1,6,20,1,1,1,11:25,5,2,9
2023201394668,2023,201394668,1,1,2,2,59,9,3,0,0,0,3,0,11,1,E01010414,3,1,0.0,1.0,-1,6,20,1,1,1,10:58,7,1,11
2023070916386,2023,070916386,1,1,1,1,81,11,3,0,0,0,0,0,9,7,E01029532,-1,0,0.09394,0.90606,-1,6,30,1,1,1,12:12,6,2,9
2023201419503,2023,201419503,1,1,1,2,33,6,3,0,0,0,0,0,9,1,E01010433,3,1,0.0,1.0,-1,3,30,1,4,2,16:54,1,2,9
2023411317735,2023,411317735,1,1,1,2,21,5,3,0,0,0,0,0,9,8,E01023629,3,1,0.0,1.0,-1,6,30,1,1,1,05:51,5,1,9
2023340WN6582,2023,340WN6582,2,1,1,1,37,7,3,0,0,0,0,0,19,10,E01027291,-1,0,0.03263,0.96737,-1,6,50,2,6,2,06:05,2,2,19
2023371392328,2023,371392328,2,2,2,2,-1,-1,3,0,0,1,0,0,9,7,E01026941,3,1,0.0,1.0,-1,6,50,1,7,1,16:58,7,4,9
2023991297083,2023,991297083,2,2,1,1,29,6,3,0,0,0,0,0,9,-1,-1,3,1,0.0,1.0,-1,6,30,1,4,2,00:30,1,2,9
2023131373711,2023,131373711,1,1,3,1,90,11,3,6,9,0,0,2,0,9,E01010692,3,1,0.0,1.0,-1,6,20,1,4,1,22:07,7,2,9
2023302300787,2023,302300787,2,1,1,1,57,9,3,0,0,0,0,0,1,4,E01013500,-1,0,0.05494,0.94506,-1,6,30,1,1,1,11:20,6,2,1
2023440189677,2023,440189677,2,1,1,1,32,6,2,0,0,0,0,0,5,7,E01016288,-1,0,1.0,0.0,-1,6,50,1,1,1,16:55,1,2,5
2023201384519,2023,201384519,1,1,3,1,34,6,2,5,3,0,0,2,0,2,E01009414,5,1,1.0,0.0,-1,3,50,8,4,2,19:59,6,1,9
2023061363854,2023,061363854,2,1,1,1,58,9,3,0,0,0,0,0,9,8,E01005335,3,1,0.0,1.0,-1,6,30,1,1,1,08:10,2,2,9
2023991306272,2023,991306272,1,1,2,2,57,9,3,0,0,1,0,0,9,5,-1,3,1,0.0,1.0,-1,6,30,1,1,1,13:15,5,2,9
2023302300503,2023,302300503,1,1,3,2,17,4,3,5,1,0,0,0,0,3,E01029437,-1,0,0.06089,0.93911,-1,6,30,9,1,2,12:30,3,1,9
2023101288892,2023,101288892,2,1,1,2,63,9,3,0,0,0,0,0,9,-1,-1,3,1,0.0,1.0,-1,6,20,1,1,1,13:00,1,2,9
2023161284965,2023,161284965,2,1,2,2,28,6,3,0,0,2,0,0,9,1,E01012841,3,1,0.0,1.0,-1,3,30,1,1,2,08:45,5,2,9
2023461304098,2023,461304098,2,2,2,2,67,10,3,0,0,-1,0,0,9,4,E01024204,3,1,0.0,1.0,-1,6,30,1,1,1,11:07,2,2,9
2023010427038,2023,010427038,2,1,1,1,22,5,2,0,0,0,0,0,3,2,E01001943,-1,0,1.0,0.0,-1,3,20,1,4,1,00:01,3,2,3
2023111327410,2023,111327410,1,1,3,2,6,2,2,5,3,0,0,0,0,1,E01020759,7,1,1.0,0.0,-1,6,30,1,1,1,12:18,7,1,19
2023531305999,2023,531305999,2,1,1,2,41,7,1,0,0,0,0,0,9,7,E01022221,1,1,0.0,0.0,-1,6,60,1,6,2,21:00,4,2,9
2023010454682,2023,010454682,1,1,1,1,36,7,3,0,0,0,0,0,1,2,E01004310,-1,0,0.0,1.0,-1,6,20,1,4,1,10:30,1,2,1
2023421359786,2023,421359786,2,1,1,1,26,6,3,0,0,0,0,0,3,2,E01003607,3,1,0.0,1.0,-1,6,20,9,7,1,21:01,5,2,3
2023010479782,2023,010479782,1,1,1,1,66,10,3,0,0,0,0,0,4,10,E01002959,-1,0,0.0,1.0,-1,2,30,1,1,1,14:30,2,2,4
2023041318703,2023,041318703,1,2,3,2,2,1,3,5,1,0,0,0,0,1,E01024878,3,1,0.0,1.0,-1,6,30,1,1,1,17:51,6,1,9
2023010443242,2023,010443242,2,1,1,2,63,9,3,0,0,0,0,0,1,9,E01002991,-1,0,0.0,1.0,-1,6,30,1,1,1,08:54,3,2,1
2023010445698,2023,010445698,1,1,1,1,37,7,2,0,0,0,0,0,3,3,E01003592,-1,0,1.0,0.0,-1,3,50,1,1,1,19:05,1,1,3
2023531320156,2023,531320156,1,1,1,1,56,9,3,0,0,0,0,0,5,5,W01001007,3,1,0.0,1.0,-1,1,50,1,1,1,11:44,1,2,5
2023991405773,2023,991405773,2,1,1,1,43,7,3,0,0,0,0,0,8,2,-1,3,1,0.0,1.0,-1,6,30,1,4,1,18:00,7,2,8
2023320101095,2023,320101095,1,1,1,1,42,7,3,0,0,0,0,0,19,3,E01028019,-1,0,0.07998,0.92002,-1,3,70,1,1,2,09:00,6,1,19
2023991308666,2023,991308666,1,1,3,1,79,11,1,8,1,0,0,2,0,-1,-1,1,1,0.0,0.0,-1,6,40,1,1,1,10:55,4,1,9
2023010470627,2023,010470627,1,1,1,1,25,5,3,0,0,0,0,0,3,2,E01000525,-1,0,0.0,1.0,-1,9,30,1,1,1,15:19,3,2,3
2023451417868,2023,451417868,2,1,1,1,18,4,2,0,0,0,0,0,3,6,E01030721,7,1,1.0,0.0,-1,6,40,1,1,1,12:50,5,2,3
202354D333123,2023,54D333123,1,1,1,1,25,5,2,0,0,0,0,0,4,2,E01031896,-1,0,1.0,0.0,-1,6,60,1,1,1,15:46,7,2,4
202360A195649,2023,60A195649,2,1,1,1,18,4,3,0,0,0,0,0,1,-1,-1,-1,0,0.07107,0.92893,-1,6,20,1,1,2,14:30,4,2,1
2023471297303,2023,471297303,1,1,3,1,5,1,3,5,3,0,0,1,0,1,E01020972,3,1,0.0,1.0,-1,6,30,1,1,1,08:05,2,1,19
2023552301040,2023,552301040,1,1,3,1,45,7,3,6,9,0,0,0,0,7,E01020481,-1,0,0.06568,0.93432,-1,6,30,1,1,1,17:32,7,1,19
2023010460352,2023,010460352,1,1,1,1,22,5,3,0,0,0,0,0,3,4,E01003389,-1,0,0.0,1.0,-1,6,20,1,1,9,12:13,7,2,3
2023340WN5762,2023,340WN5762,2,1,2,1,20,4,3,0,0,1,0,0,9,-1,-1,-1,0,0.05627,0.94373,-1,6,30,1,1,1,13:34,1,2,9
2023461320567,2023,461320567,1,1,1,1,27,6,3,0,0,0,0,0,9,4,E01000787,3,1,0.0,1.0,-1,6,30,1,7,1,23:58,4,1,9
2023041265262,2023,041265262,2,2,1,1,44,7,3,0,0,0,0,0,9,1,E01025574,3,1,0.0,1.0,-1,3,70,8,1,4,07:30,5,3,9
2023351280845,2023,351280845,1,1,1,2,23,5,3,0,0,0,0,0,9,8,E01018021,3,1,0.0,1.0,-1,6,60,1,1,1,08:21,4,2,9
2023440196281,2023,440196281,2,2,1,1,33,6,3,0,0,0,0,0,9,9,E01023148,-1,0,0.0919,0.9081,-1,3,50,1,1,1,16:30,5,2,9
2023631331645,2023,631331645,1,1,1,1,22,5,3,0,0,0,0,0,9,8,W01000555,3,1,0.0,1.0,-1,6,60,1,6,1,01:43,6,1,9
2023351272972,2023,351272972,1,1,1,1,37,7,3,0,0,0,0,0,19,1,E01015664,3,1,0.0,1.0,-1,6,60,1,1,1,16:32,4,2,19
2023201394150,2023,201394150,1,7,2,1,1,1,3,0,0,2,0,0,9,-1,-1,3,1,0.0,1.0,-1,3,30,1,4,1,20:05,3,2,9
2023201413525,2023,201413525,1,3,2,1,44,7,3,0,0,2,0,0,9,6,E01009925,3,1,0.0,1.0,-1,3,30,1,1,1,16:55,4,2,9
2023231309076,2023,231309076,1,1,1,2,54,8,3,0,0,0,0,0,9,6,E01009473,3,1,0.0,1.0,-1,6,40,1,1,1,16:25,3,2,9
2023421358047,2023,421358047,1,4,2,2,25,5,3,0,0,1,0,0,9,6,E01002246,3,1,0.0,1.0,-1,3,50,1,1,1,14:48,7,4,9
2023451315145,2023,451315145,1,1,1,2,30,6,3,0,0,0,0,0,9,6,E01001138,3,1,0.0,1.0,-1,6,40,1,1,1,14:24,2,2,9
2023101308423,2023,101308423,1,1,1,1,21,5,3,0,0,0,0,0,9,3,E01008649,3,1,0.0,1.0,-1,6,30,1,1,1,18:00,1,1,9
2023411291277,2023,411291277,2,2,2,2,77,11,3,0,0,1,0,0,9,3,E01023310,3,1,0.0,1.0,-1,3,30,1,1,1,10:44,7,2,9
2023471292781,2023,471292781,1,1,2,2,64,9,2,0,0,1,0,0,9,2,E01032564,7,1,1.0,0.0,-1,6,30,1,1,2,11:02,7,2,9
2023351261090,2023,351261090,2,1,1,1,63,9,3,0,0,0,0,0,9,2,E01015608,3,1,0.0,1.0,-1,6,30,1,1,1,13:30,4,2,9
2023991314277,2023,991314277,2,1,1,1,58,9,2,0,0,0,0,0,9,-1,-1,5,1,1.0,0.0,-1,6,50,1,1,1,16:12,6,2,9
2023131339972,2023,131339972,2,2,2,2,30,6,3,0,0,1,0,0,9,-1,-1,3,1,0.0,1.0,-1,7,30,1,1,1,11:22,4,2,9
2023010446735,2023,010446735,2,1,1,1,20,4,3,0,0,0,0,0,19,3,E01000111,-1,0,0.0,1.0,-1,6,20,1,1,1,15:25,7,2,19
2023122400171,2023,122400171,2,2,2,1,41,7,3,0,0,0,0,0,19,7,E01027658,-1,0,0.01352,0.98648,-1,6,40,1,1,2,09:33,3,4,19
2023010461774,2023,010461774,2,1,2,2,24,5,3,0,0,2,0,0,9,4,E01002704,-1,0,0.0,1.0,-1,6,20,1,4,1,23:41,2,2,9
202363A037823,2023,63A037823,1,1,1,2,75,10,3,0,0,0,0,0,9,-1,-1,-1,0,0.16515,0.83485,-1,1,60,1,1,1,16:27,3,2,9
2023010460132,2023,010460132,1,1,1,1,23,5,3,0,0,0,0,0,97,1,E01001558,-1,0,0.0,1.0,-1,3,20,1,1,1,16:31,6,2,97
2023161340040,2023,161340040,1,1,1,1,47,8,2,0,0,0,0,0,9,7,E01013307,7,1,1.0,0.0,-1,6,40,1,1,1,13:35,4,2,9
2023421317098,2023,421317098,2,6,2,2,17,4,3,0,0,2,0,0,9,-1,-1,3,1,0.0,1.0,-1,3,70,1,1,1,14:16,7,3,9
2023010453671,2023,010453671,3,2,2,-1,-1,-1,3,0,0,0,0,0,9,-1,-1,-1,0,0.0,1.0,-1,9,20,1,1,1,14:40,4,3,9
2023411269655,2023,411269655,2,1,1,2,30,6,3,0,0,0,0,0,9,8,E01016758,3,1,0.0,1.0,-1,3,70,1,1,1,16:30,2,2,9
2023471280513,2023,471280513,2,5,2,1,57,9,3,0,0,2,0,0,9,3,E01031552,3,1,0.0,1.0,-1,3,70,1,6,1,02:30,7,2,9
2023320108747,2023,320108747,1,1,1,1,38,7,3,0,0,0,0,0,9,8,E01032996,-1,0,0.01986,0.98014,-1,6,60,9,1,1,11:35,2,2,9
2023440174023,2023,440174023,1,1,1,1,25,5,2,0,0,0,0,0,9,4,E01027413,-1,0,1.0,0.0,-1,6,60,1,1,1,19:23,4,1,9
2023201350271,2023,201350271,2,2,2,1,57,9,3,0,0,2,0,0,9,5,E01009873,3,1,0.0,1.0,-1,6,30,1,1,2,08:35,4,2,9
2023201406126,2023,201406126,1,3,2,1,13,3,3,0,0,2,0,0,9,4,E01009729,3,1,0.0,1.0,-1,6,30,1,1,1,16:49,2,2,9
2023622300981,2023,622300981,1,1,1,1,76,11,2,0,0,0,0,0,9,10,W01001843,-1,0,1.0,0.0,-1,6,20,1,1,1,13:39,2,1,9
2023010425048,2023,010425048,1,1,2,1,24,5,2,0,0,0,0,0,21,3,E01033132,-1,0,1.0,0.0,-1,3,30,1,6,1,04:28,6,1,21
2023010486404,2023,010486404,1,1,1,1,32,6,3,0,0,0,0,0,20,10,E01021252,-1,0,0.0,1.0,-1,3,30,1,4,1,20:15,5,2,20
2023201295774,2023,201295774,2,2,1,1,22,5,3,0,0,0,0,0,3,10,E01029531,3,1,0.0,1.0,-1,6,30,1,1,1,16:33,6,2,3
2023141323246,2023,141323246,1,1,3,1,28,6,3,5,1,0,0,2,0,2,E01007395,3,1,0.0,1.0,-1,6,30,1,1,1,15:35,2,1,19
2023010426474,2023,010426474,1,1,1,1,27,6,3,0,0,0,0,0,3,1,E01002067,-1,0,0.0,1.0,-1,9,20,1,1,1,17:09,4,2,3
2023361354861,2023,361354861,1,1,1,1,26,6,3,0,0,0,0,0,97,7,E01026928,3,1,0.0,1.0,-1,6,60,1,1,1,17:45,6,2,97
2023010458261,2023,010458261,1,1,1,2,27,6,2,0,0,0,0,0,3,3,E01001003,-1,0,1.0,0.0,-1,3,20,1,1,1,20:10,7,2,3
2023031319505,2023,031319505,2,2,1,1,58,9,3,0,0,0,0,0,9,3,E01025376,3,1,0.0,1.0,-1,6,50,1,1,1,19:20,5,2,9
2023101298900,2023,101298900,2,1,1,1,40,7,3,0,0,0,0,0,19,9,E01008448,3,1,0.0,1.0,-1,6,60,1,1,1,15:20,4,2,19
2023010460619,2023,010460619,1,1,3,1,76,11,3,4,1,0,0,0,0,5,E01000174,-1,0,0.0,1.0,-1,6,30,2,1,1,11:10,2,1,9
2023131315294,2023,131315294,1,1,1,1,14,3,3,0,0,0,0,0,1,4,E01011023,3,1,0.0,1.0,-1,6,30,1,1,1,19:17,2,2,1
2023010472373,2023,010472373,2,1,1,1,33,6,3,0,0,0,0,0,3,5,E01002234,-1,0,0.0,1.0,-1,6,30,1,4,1,19:25,2,2,3
2023010446339,2023,010446339,1,1,1,1,30,6,3,0,0,0,0,0,4,8,E01004058,-1,0,0.0,1.0,-1,9,20,1,1,1,12:21,4,2,4
2023501378451,2023,501378451,2,2,1,2,20,4,3,0,0,0,0,0,9,3,E01020228,3,1,0.0,1.0,-1,6,30,1,1,1,08:40,6,2,9
2023010476336,2023,010476336,2,1,1,1,46,8,3,0,0,0,0,0,9,4,E01004917,-1,0,0.0,1.0,-1,3,40,1,1,1,15:20,2,2,9
2023031321536,2023,031321536,2,1,1,1,45,7,3,0,0,0,0,0,9,-1,-1,3,1,0.0,1.0,-1,6,30,9,1,-1,14:30,4,2,9
2023131328801,2023,131328801,1,1,1,2,23,5,3,0,0,0,0,0,9,3,E01011920,3,1,0.0,1.0,-1,6,30,1,1,2,15:00,2,2,9
2023471350523,2023,471350523,2,2,1,1,60,9,3,0,0,0,0,0,11,2,E01020925,3,1,0.0,1.0,-1,6,30,1,1,1,07:45,5,2,11
2023471348817,2023,471348817,1,1,1,2,46,8,3,0,0,0,0,0,19,6,E01031468,3,1,0.0,1.0,-1,6,30,1,6,1,00:45,3,3,19
2023071265956,2023,071265956,1,1,3,2,12,3,2,5,3,0,0,0,0,5,E01018706,-1,0,1.0,0.0,-1,6,20,1,7,1,16:00,3,1,19
2023991286490,2023,991286490,1,1,3,1,13,3,3,5,3,0,0,0,0,2,-1,3,1,0.0,1.0,-1,6,20,2,1,2,16:00,2,1,9
2023161370571,2023,161370571,2,1,1,1,38,7,3,0,0,0,0,0,9,8,E01033107,3,1,0.0,1.0,-1,6,30,1,1,1,07:09,7,2,9
2023010431458,2023,010431458,1,1,3,2,29,6,2,5,3,0,0,0,0,3,E01003615,-1,0,1.0,0.0,-1,6,30,1,4,2,20:55,4,1,9
2023440364424,2023,440364424,2,1,1,1,28,6,2,0,0,0,0,0,3,6,E01030714,-1,0,1.0,0.0,-1,6,30,1,1,1,16:45,5,2,3
2023131323927,2023,131323927,2,1,2,2,53,8,2,0,0,0,4,0,11,3,E01011718,7,1,1.0,0.0,-1,6,30,1,1,1,07:32,5,3,11
2023131303546,2023,131303546,1,1,1,1,58,9,3,0,0,0,0,0,9,1,E01011029,3,1,0.0,1.0,-1,6,30,1,4,1,22:25,5,1,9
2023471342061,2023,471342061,1,1,1,1,18,4,3,0,0,0,0,0,9,8,E01021150,3,1,0.0,1.0,-1,6,40,1,1,1,17:35,3,2,9
2023122300062,2023,122300062,1,1,1,1,72,10,3,0,0,0,0,0,9,4,E01027803,-1,0,0.05782,0.94218,-1,6,40,1,1,1,11:00,6,2,9
2023211260060,2023,211260060,5,1,2,2,19,4,3,0,0,1,0,0,9,10,E01014352,3,1,0.0,1.0,-1,3,50,1,1,1,14:20,5,5,9
2023332300577,2023,332300577,1,1,1,1,30,6,3,0,0,0,0,0,9,8,E01032865,-1,0,0.00505,0.99495,-1,6,30,1,1,1,13:00,5,2,9
2023991307140,2023,991307140,2,1,1,1,48,8,3,0,0,0,0,0,1,-1,-1,3,1,0.0,1.0,-1,6,60,9,1,1,18:17,3,2,1
2023010480132,2023,010480132,1,1,1,1,25,5,3,0,0,0,0,0,3,4,E01003608,-1,0,0.0,1.0,-1,2,20,1,4,1,05:20,5,1,3
2023122300990,2023,122300990,2,1,1,1,31,6,2,0,0,0,0,0,1,3,E01013366,-1,0,1.0,0.0,-1,6,30,1,1,1,14:06,5,2,1
2023201405858,2023,201405858,2,1,1,1,23,5,3,0,0,0,0,0,2,4,E01008997,3,1,0.0,1.0,-1,3,30,1,4,2,05:00,2,2,2
2023101342352,2023,101342352,2,1,1,1,30,6,3,0,0,0,0,0,9,1,E01008223,3,1,0.0,1.0,-1,3,40,1,1,1,17:30,2,2,9
2023231374056,2023,231374056,2,1,1,2,61,9,3,0,0,0,0,0,9,9,E01028535,3,1,0.0,1.0,-1,6,60,1,6,1,20:23,2,2,9
2023010463408,2023,010463408,1,1,1,1,62,9,3,0,0,0,0,0,9,3,E01002375,-1,0,0.0,1.0,-1,6,30,1,4,1,20:35,5,2,9
2023010477142,2023,010477142,1,1,1,2,57,9,3,0,0,0,0,0,9,7,E01000388,-1,0,0.0,1.0,-1,6,30,1,1,1,07:50,6,2,9
2023061280926,2023,061280926,2,3,1,1,50,8,3,0,0,0,0,0,9,8,E01018609,3,1,0.0,1.0,-1,3,70,1,4,1,05:45,6,5,9
2023311325425,2023,311325425,2,2,2,2,74,10,3,0,0,1,0,0,9,6,E01013838,3,1,0.0,1.0,-1,7,40,1,1,1,13:08,7,2,9
2023401313411,2023,401313411,2,2,2,2,22,5,3,0,0,0,0,0,10,-1,-1,3,1,0.0,1.0,-1,6,30,1,1,1,11:40,5,2,10
2023010470895,2023,010470895,1,1,1,1,62,9,3,0,0,0,0,0,9,2,E01033578,-1,0,0.0,1.0,-1,9,30,1,1,1,03:10,1,2,9
2023522400464,2023,522400464,1,1,2,1,43,7,3,0,0,1,0,0,9,7,E01020193,-1,0,0.00855,0.99145,-1,3,70,1,1,1,14:40,6,2,9
2023991269985,2023,991269985,3,1,1,2,60,9,3,0,0,0,0,0,9,4,-1,3,1,0.0,1.0,-1,6,30,2,4,2,21:25,2,3,9
2023211387943,2023,211387943,1,1,1,1,51,8,3,0,0,0,0,0,9,3,E01014344,3,1,0.0,1.0,-1,3,30,1,4,1,19:12,3,2,9
2023440200271,2023,440200271,1,2,2,2,89,11,2,0,0,1,0,0,9,6,E01023065,-1,0,1.0,0.0,-1,6,30,1,1,1,09:41,1,1,9
2023010468130,2023,010468130,1,1,2,2,71,10,3,0,0,0,4,0,11,4,E01001216,-1,0,0.0,1.0,-1,6,20,1,1,1,08:55,2,1,11
202360A088677,2023,60A088677,1,2,1,1,36,7,3,0,0,0,0,0,19,-1,-1,-1,0,0.11712,0.88288,-1,6,60,1,1,1,21:18,6,2,19
2023141344457,2023,141344457,1,1,1,1,27,6,3,0,0,0,0,0,9,5,E01007478,3,1,0.0,1.0,-1,3,40,1,1,1,16:30,3,2,9
2023430430230,2023,430430230,1,1,1,2,28,6,3,0,0,0,0,0,9,9,E01001926,-1,0,0.00484,0.99516,-1,3,70,1,1,1,11:30,2,3,9
2023461281275,2023,461281275,2,1,1,1,47,8,3,0,0,0,0,0,9,4,E01024535,3,1,0.0,1.0,-1,6,40,1,1,1,09:42,1,2,9
2023010436601,2023,010436601,1,2,2,2,56,9,3,0,0,0,4,0,11,9,E01002464,-1,0,0.0,1.0,-1,6,30,1,1,1,11:10,1,2,11
2023451374687,2023,451374687,1,1,1,1,25,5,3,0,0,0,0,0,9,8,E01004135,3,1,0.0,1.0,-1,6,30,1,4,2,17:30,1,2,9
2023501374364,2023,501374364,2,1,1,2,23,5,3,0,0,0,0,0,1,5,E01018833,3,1,0.0,1.0,-1,6,30,1,1,1,11:00,7,2,1
2023101261208,2023,101261208,2,1,1,1,30,6,2,0,0,0,0,0,3,1,E01033547,7,1,1.0,0.0,-1,6,30,1,7,1,19:30,1,2,3
2023221357550,2023,221357550,2,1,1,1,17,4,3,0,0,0,0,0,2,5,E01028893,3,1,0.0,1.0,-1,6,30,1,1,1,18:40,7,2,2
2023131358317,2023,131358317,2,3,2,1,16,4,3,0,0,1,0,0,9,2,E01011914,3,1,0.0,1.0,-1,3,30,1,4,1,22:40,1,2,9
2023141304551,2023,141304551,1,2,2,1,28,6,3,0,0,1,0,0,9,-1,-1,3,1,0.0,1.0,-1,6,60,1,4,2,02:25,7,1,9
2023361325998,2023,361325998,1,1,1,2,34,6,3,0,0,0,0,0,9,-1,-1,3,1,0.0,1.0,-1,6,60,4,1,2,07:46,4,2,9
2023520301259,2023,520301259,2,1,1,1,52,8,2,0,0,0,0,0,9,4,E01021598,-1,0,1.0,0.0,-1,6,60,1,1,1,17:25,3,4,9
2023440512920,2023,440512920,1,1,1,2,34,6,3,0,0,0,0,0,-1,3,E01032751,-1,0,0.11705,0.88295,-1,6,20,1,1,1,10:02,7,1,-1
2023010449923,2023,010449923,1,1,1,2,36,7,3,0,0,0,0,0,9,3,E01000195,-1,0,0.0,1.0,-1,6,30,1,1,2,19:20,1,1,9
2023010462555,2023,010462555,1,1,1,1,48,8,3,0,0,0,0,0,9,3,E01000094,-1,0,0.0,1.0,-1,3,30,8,1,1,10:05,7,1,9
2023052300742,2023,052300742,1,1,2,2,57,9,3,0,0,2,0,0,9,1,E01006644,-1,0,0.06448,0.93552,-1,6,20,2,4,2,23:15,5,2,9
2023201364077,2023,201364077,1,1,1,2,23,5,3,0,0,0,0,0,9,6,E01032263,3,1,0.0,1.0,-1,3,50,1,1,1,17:50,1,2,9
2023311295068,2023,311295068,1,1,1,2,31,6,3,0,0,0,0,0,9,-1,-1,3,1,0.0,1.0,-1,6,60,2,4,2,22:57,1,1,9
2023451332964,2023,451332964,2,1,1,1,39,7,2,0,0,0,0,0,5,9,E01030488,7,1,1.0,0.0,-1,6,40,1,4,1,23:00,2,2,5
2023010466033,2023,010466033,1,1,3,2,39,7,3,5,1,0,0,0,0,4,E01032766,-1,0,0.0,1.0,-1,6,20,1,1,1,15:35,5,1,9
2023320439862,2023,320439862,1,1,3,1,35,6,2,9,5,0,0,0,0,3,E01026235,-1,0,1.0,0.0,-1,6,30,1,1,2,19:00,1,2,9
2023010441998,2023,010441998,1,4,2,-1,-1,-1,3,0,0,2,0,0,9,6,E01003738,-1,0,0.0,1.0,-1,7,30,8,1,9,15:30,3,2,9
2023471322066,2023,471322066,1,1,1,2,41,7,3,0,0,0,0,0,9,-1,-1,3,1,0.0,1.0,-1,6,30,1,1,1,20:00,5,1,9
2023221342410,2023,221342410,1,1,3,1,61,9,3,5,1,0,0,0,0,10,E01028845,3,1,0.0,1.0,-1,6,30,1,1,1,17:55,6,1,9
2023041275842,2023,041275842,2,1,1,1,40,7,3,0,0,0,0,0,9,1,E01006334,3,1,0.0,1.0,-1,1,30,9,1,4,08:39,5,2,9
2023221374938,2023,221374938,1,1,1,1,37,7,3,0,0,0,0,0,9,7,E01014202,3,1,0.0,1.0,-1,7,60,1,1,1,08:09,4,2,9
2023131350191,2023,131350191,1,1,1,1,28,6,3,0,0,0,0,0,9,3,E01011868,3,1,0.0,1.0,-1,6,60,1,1,1,01:12,7,1,9
2023141380769,2023,141380769,2,1,2,2,63,9,2,0,0,2,0,0,9,3,E01007793,6,1,1.0,0.0,-1,6,30,1,1,2,09:10,5,2,9
2023552301273,2023,552301273,2,1,1,2,62,9,3,0,0,0,0,0,9,-1,-1,-1,0,0.01667,0.98333,-1,6,30,1,1,2,18:10,7,3,9
2023991272502,2023,991272502,2,3,1,2,41,7,3,0,0,0,0,0,9,7,-1,3,1,0.0,1.0,-1,6,60,1,1,1,15:54,2,3,9
2023031345546,2023,031345546,2,1,1,1,53,8,2,0,0,0,0,0,3,6,E01019323,7,1,1.0,0.0,-1,6,60,1,1,1,13:40,6,2,3
2023421292016,2023,421292016,1,1,3,1,76,11,3,5,1,0,0,0,0,10,E01021409,3,1,0.0,1.0,-1,6,30,1,1,1,11:00,5,1,9