collision_index,collision_year,collision_ref_no,vehicle_reference,casualty_reference,casualty_class,sex_of_casualty,age_of_casualty,age_band_of_casualty,casualty_severity,pedestrian_location,pedestrian_movement,car_passenger,bus_or_coach_passenger,pedestrian_road_maintenance_worker,casualty_type,casualty_imd_decile,lsoa_of_casualty,enhanced_casualty_severity,casualty_injury_based,casualty_adjusted_severity_serious,casualty_adjusted_severity_slight,casualty_distance_banding,road_type,speed_limit,weather_conditions,light_conditions,road_surface_conditions,time,day_of_week,number_of_vehicles,vehicle_type
2023430118379,2023,430118379,2,4,2,2,13,3,3,0,0,2,0,0,9,10,E01017798,-1,0,0.08216,0.91784,-1,6,60,8,6,2,20:15,5,2,9
2023546314523,2023,546314523,2,1,2,2,50,8,3,0,0,1,0,0,9,-1,-1,-1,0,0.04791,0.95209,-1,6,60,1,1,1,13:24,6,2,9
2023631338520,2023,631338520,1,1,1,1,21,5,2,0,0,0,0,0,9,4,W01000516,7,1,1.0,0.0,-1,6,60,1,1,2,17:10,7,2,9
2023461350017,2023,461350017,1,1,1,1,27,6,2,0,0,0,0,0,90,4,E01024312,7,1,1.0,0.0,-1,6,30,1,1,1,16:54,4,3,90
2023131274342,2023,131274342,1,1,3,2,39,7,3,10,3,0,0,2,0,-1,-1,3,1,0.0,1.0,-1,6,30,1,1,1,13:05,4,1,9
2023201409875,2023,201409875,2,1,1,-1,18,4,3,0,0,0,0,0,1,4,E01033634,3,1,0.0,1.0,-1,6,30,2,1,2,15:00,4,2,1
2023010484824,2023,010484824,1,1,1,1,55,8,3,0,0,0,0,0,8,2,E01002737,-1,0,0.0,1.0,-1,3,40,1,1,1,13:50,2,2,8
2023052302749,2023,052302749,1,2,2,1,44,7,2,0,0,1,0,0,9,1,E01006740,-1,0,1.0,0.0,-1,3,40,1,4,1,23:40,4,2,9
2023161282769,2023,161282769,3,2,2,2,83,11,3,0,0,1,0,0,9,7,E01013289,3,1,0.0,1.0,-1,3,40,1,1,1,13:20,4,3,9
2023461390557,2023,461390557,2,1,1,2,29,6,3,0,0,0,0,0,9,9,E01024819,3,1,0.0,1.0,-1,6,60,2,1,2,13:45,5,2,9
2023430004719,2023,430004719,2,1,1,1,-1,-1,3,0,0,0,0,0,97,-1,-1,-1,0,0.03847,0.96153,-1,6,30,2,1,2,12:50,4,2,97
202360A052656,2023,60A052656,2,1,1,1,33,6,3,0,0,0,0,0,9,-1,-1,-1,0,0.0119,0.9881,-1,6,30,1,1,1,18:05,3,2,9
2023111388060,2023,111388060,1,1,3,2,38,7,3,5,1,0,0,2,0,10,E01012337,3,1,0.0,1.0,-1,6,30,9,1,-1,15:41,4,1,9
2023131344716,2023,131344716,1,1,3,1,17,4,3,9,7,0,0,1,0,3,E01010717,3,1,0.0,1.0,-1,3,30,2,4,2,04:46,1,1,9
2023461293411,2023,461293411,2,1,1,1,43,7,3,0,0,0,0,0,1,2,E01024246,3,1,0.0,1.0,-1,6,40,1,1,1,11:40,7,2,1
2023531293368,2023,531293368,2,3,2,2,44,7,3,0,0,1,0,0,9,8,E01022213,3,1,0.0,1.0,-1,6,60,1,1,2,11:30,1,4,9
2023622300496,2023,622300496,1,3,2,1,19,4,3,0,0,1,0,0,9,1,W01000991,-1,0,0.04747,0.95253,-1,3,50,1,1,1,17:16,7,2,9
2023520000820,2023,520000820,1,1,1,1,46,8,3,0,0,0,0,0,9,8,E01014449,-1,0,0.00824,0.99176,-1,6,30,1,1,2,10:10,1,2,9
2023302300167,2023,302300167,2,1,1,1,52,8,3,0,0,0,0,0,1,3,E01013510,-1,0,0.09241,0.90759,-1,6,30,1,4,1,17:20,2,2,1
2023041375895,2023,041375895,2,2,2,2,64,9,3,0,0,1,0,0,9,8,E01025233,3,1,0.0,1.0,-1,6,30,1,1,2,14:50,5,2,9
2023440242745,2023,440242745,2,2,2,2,18,4,3,0,0,1,0,0,9,9,E01022874,-1,0,0.04515,0.95485,-1,6,30,1,1,1,20:38,1,2,9
2023440247196,2023,440247196,1,1,1,1,26,6,3,0,0,0,0,0,9,6,E01022520,-1,0,0.03817,0.96183,-1,6,60,1,1,1,16:04,4,2,9
2023461318360,2023,461318360,1,1,1,1,18,4,3,0,0,0,0,0,9,5,E01024786,3,1,0.0,1.0,-1,6,30,1,1,1,21:42,5,2,9
2023991375598,2023,991375598,1,1,3,1,47,8,2,4,1,0,0,2,0,-1,-1,6,1,1.0,0.0,-1,6,30,8,4,2,19:11,6,1,9
2023401278359,2023,401278359,1,1,1,1,57,9,2,0,0,0,0,0,1,9,E01017463,6,1,1.0,0.0,-1,3,40,1,4,1,20:59,7,2,1
2023061266127,2023,061266127,2,2,2,2,8,2,3,0,0,2,0,0,9,-1,-1,3,1,0.0,1.0,-1,6,30,1,1,1,09:14,6,2,9
2023332300717,2023,332300717,1,5,2,1,22,5,3,0,0,2,0,0,9,-1,-1,-1,0,0.02145,0.97855,-1,3,30,1,4,1,03:09,4,2,9
2023440011204,2023,440011204,1,1,1,2,58,9,3,0,0,0,0,0,9,8,E01023004,-1,0,0.00888,0.99112,-1,1,30,1,7,1,17:56,2,2,9
2023122300993,2023,122300993,1,1,1,1,31,6,3,0,0,0,0,0,9,8,E01027620,-1,0,0.06121,0.93879,-1,6,30,1,1,1,10:15,5,2,9
2023311361276,2023,311361276,1,1,1,1,36,7,2,0,0,0,0,0,-1,5,E01013890,5,1,1.0,0.0,-1,6,30,9,4,-1,02:00,1,1,-1
2023161277788,2023,161277788,1,1,3,2,64,9,2,9,6,0,0,2,0,1,E01033109,6,1,1.0,0.0,-1,6,20,1,4,2,04:00,7,1,9
2023201386998,2023,201386998,1,1,3,1,44,7,1,5,1,0,0,0,0,5,E01009042,1,1,0.0,0.0,-1,3,70,1,4,1,20:16,2,2,21
2023131357881,2023,131357881,1,4,2,2,17,4,3,0,0,2,0,0,9,-1,-1,3,1,0.0,1.0,-1,6,30,1,4,1,23:14,6,3,9
2023161334383,2023,161334383,1,1,1,2,28,6,3,0,0,0,0,0,9,2,E01013147,3,1,0.0,1.0,-1,6,30,1,1,1,19:05,1,3,9
2023451302435,2023,451302435,2,1,1,1,37,7,3,0,0,0,0,0,9,8,E01030622,3,1,0.0,1.0,-1,6,30,1,1,1,12:03,1,2,9
2023411394304,2023,411394304,1,1,1,1,58,9,3,0,0,0,0,0,19,6,E01023413,3,1,0.0,1.0,-1,6,30,1,4,2,00:27,1,1,19
2023501301771,2023,501301771,2,1,1,1,51,8,2,0,0,0,0,0,1,5,E01015070,7,1,1.0,0.0,-1,1,30,1,1,1,10:33,4,2,1
2023010459693,2023,010459693,1,1,1,1,41,7,3,0,0,0,0,0,9,6,E01001991,-1,0,0.0,1.0,-1,6,20,1,1,1,09:50,4,2,9
2023430368154,2023,430368154,1,1,1,1,42,7,3,0,0,0,0,0,19,6,E01003429,-1,0,0.04441,0.95559,-1,6,30,1,1,1,14:07,5,2,19
2023311280191,2023,311280191,2,1,1,1,48,8,3,0,0,0,0,0,-1,-1,-1,3,1,0.0,1.0,-1,6,30,1,1,1,15:03,6,2,-1
2023101388994,2023,101388994,1,1,3,1,13,3,3,1,1,0,0,0,0,2,E01033074,3,1,0.0,1.0,-1,6,30,1,1,2,08:05,3,1,9
2023320160985,2023,320160985,2,1,1,1,12,3,3,0,0,0,0,0,1,5,E01026018,-1,0,0.04489,0.95511,-1,6,30,9,1,1,15:15,3,2,1
2023122300085,2023,122300085,2,1,1,2,62,9,3,0,0,0,0,0,9,6,E01027560,-1,0,0.0884,0.9116,-1,6,60,1,6,4,16:26,3,2,9
2023411339248,2023,411339248,2,1,1,1,36,7,2,0,0,0,0,0,9,-1,-1,7,1,1.0,0.0,-1,6,30,1,1,1,17:00,4,2,9
2023421379714,2023,421379714,2,1,1,2,53,8,2,0,0,0,0,0,9,8,E01021516,7,1,1.0,0.0,-1,6,30,1,1,1,12:45,1,2,9
2023010441857,2023,010441857,2,1,1,1,47,8,3,0,0,0,0,0,-1,5,E01000937,-1,0,0.0,1.0,-1,6,30,2,4,2,22:44,2,2,-1
2023201297929,2023,201297929,2,2,1,1,57,9,3,0,0,0,0,0,8,1,E01009057,3,1,0.0,1.0,-1,6,30,1,1,1,08:20,6,2,8
2023061391240,2023,061391240,3,1,2,1,42,7,2,0,0,1,0,0,9,2,E01005526,7,1,1.0,0.0,-1,6,30,2,4,2,00:24,6,3,9
2023141338688,2023,141338688,2,5,2,1,2,1,2,0,0,2,0,0,9,3,E01011786,7,1,1.0,0.0,-1,6,60,1,1,1,10:28,1,2,9
2023302300690,2023,302300690,1,1,3,1,35,6,3,5,1,0,0,0,0,-1,-1,-1,0,0.13339,0.86661,-1,6,30,1,1,1,11:45,6,1,8
2023170M10403,2023,170M10403,2,3,2,1,49,8,3,0,0,1,0,0,8,-1,-1,-1,0,0.05221,0.94779,-1,6,30,1,4,1,19:45,6,2,8
2023311326973,2023,311326973,2,1,1,1,24,5,3,0,0,0,0,0,9,1,E01027200,3,1,0.0,1.0,-1,6,30,1,1,1,12:56,5,3,9
2023461297822,2023,461297822,2,3,2,2,2,1,2,0,0,2,0,0,9,6,E01024345,6,1,1.0,0.0,-1,6,60,1,1,1,15:14,7,2,9
2023411305393,2023,411305393,2,1,1,1,63,9,3,0,0,0,0,0,1,7,E01023579,3,1,0.0,1.0,-1,1,40,1,1,1,09:25,1,2,1
2023010437269,2023,010437269,2,1,1,1,28,6,3,0,0,0,0,0,3,2,E01003490,-1,0,0.0,1.0,-1,6,30,1,1,2,18:57,5,2,3
2023201393224,2023,201393224,2,2,2,2,79,11,2,0,0,1,0,0,9,9,E01011773,7,1,1.0,0.0,-1,3,30,1,4,1,17:00,7,2,9
2023221343026,2023,221343026,1,2,2,1,24,5,3,0,0,2,0,0,9,1,E01009396,3,1,0.0,1.0,-1,6,60,1,1,1,16:11,4,1,9
2023421311457,2023,421311457,2,1,1,1,17,4,3,0,0,0,0,0,3,4,E01015905,3,1,0.0,1.0,-1,6,30,1,1,1,08:30,5,2,3
2023070368741,2023,070368741,2,1,1,1,51,8,3,0,0,0,0,0,5,2,E01018645,-1,0,0.18941,0.81059,-1,6,50,1,1,1,07:52,3,2,5
2023520300598,2023,520300598,1,1,1,2,33,6,3,0,0,0,0,0,9,8,E01029203,-1,0,0.10202,0.89798,-1,6,60,1,6,4,19:15,2,1,9
2023531314316,2023,531314316,2,1,1,2,31,6,2,0,0,0,0,0,9,3,E01022375,6,1,1.0,0.0,-1,6,30,1,1,1,18:35,6,3,9
2023221319768,2023,221319768,2,1,1,1,33,6,2,0,0,0,0,0,-1,-1,-1,7,1,1.0,0.0,-1,6,30,1,1,1,17:25,6,2,-1
2023111298581,2023,111298581,2,1,1,1,53,8,2,0,0,0,0,0,1,8,E01020851,6,1,1.0,0.0,-1,6,30,1,1,1,16:22,4,2,1
2023052302096,2023,052302096,2,1,1,2,46,8,3,0,0,0,0,0,9,2,E01006945,-1,0,0.01892,0.98108,-1,6,30,1,1,1,08:50,4,2,9
2023991360294,2023,991360294,2,1,1,2,47,8,2,0,0,0,0,0,9,1,-1,6,1,1.0,0.0,-1,6,30,1,1,1,13:45,6,2,9
2023440350702,2023,440350702,1,1,1,2,56,9,3,0,0,0,0,0,19,2,E01019647,-1,0,0.05769,0.94231,-1,3,70,1,1,1,10:00,4,4,19
2023010464674,2023,010464674,1,1,1,1,38,7,2,0,0,0,0,0,9,5,E01002119,-1,0,1.0,0.0,-1,6,30,1,4,1,22:15,5,3,9
2023122300552,2023,122300552,1,3,2,2,66,10,2,0,0,1,0,0,9,8,E01027695,-1,0,1.0,0.0,-1,6,60,1,1,1,14:19,7,2,9
2023371356502,2023,371356502,2,1,1,2,65,9,3,0,0,0,0,0,9,7,E01030200,3,1,0.0,1.0,-1,6,40,1,1,1,16:21,2,2,9
2023430376631,2023,430376631,1,2,2,2,17,4,3,0,0,1,0,0,9,8,E01028796,-1,0,0.08064,0.91936,-1,6,60,1,6,1,22:14,3,2,9
2023451387443,2023,451387443,1,1,1,1,20,4,3,0,0,0,0,0,9,7,E01003003,3,1,0.0,1.0,-1,3,70,1,7,2,21:00,3,1,9
2023461366490,2023,461366490,1,2,1,1,26,6,3,0,0,0,0,0,9,1,E01024215,3,1,0.0,1.0,-1,6,30,1,1,1,07:34,6,2,9
2023501317183,2023,501317183,1,1,2,1,31,6,3,0,0,1,0,0,9,6,E01019014,3,1,0.0,1.0,-1,6,60,1,1,1,18:53,7,2,9
2023552301495,2023,552301495,1,2,2,2,10,2,3,0,0,1,0,0,9,7,E01020480,-1,0,0.04365,0.95635,-1,6,60,1,1,1,10:41,7,2,9
2023010443420,2023,010443420,1,1,1,1,30,6,3,0,0,0,0,0,1,2,E01033488,-1,0,0.0,1.0,-1,2,20,1,1,1,08:35,4,2,1
2023201341534,2023,201341534,2,2,1,1,32,6,2,0,0,0,0,0,9,7,E01009439,7,1,1.0,0.0,-1,3,30,1,4,1,00:05,6,2,9
2023211337261,2023,211337261,1,1,1,1,76,11,3,0,0,0,0,0,9,9,E01009829,3,1,0.0,1.0,-1,6,60,1,1,1,17:45,3,2,9
2023461392903,2023,461392903,1,1,1,1,20,4,3,0,0,0,0,0,9,6,E01024079,3,1,0.0,1.0,-1,6,60,1,6,2,03:50,6,1,9
2023010434748,2023,010434748,1,1,2,2,84,11,2,0,0,0,4,0,11,6,E01002912,-1,0,1.0,0.0,-1,6,20,9,1,1,09:30,5,1,11
2023010424798,2023,010424798,2,1,1,1,21,5,3,0,0,0,0,0,-1,2,E01003922,-1,0,0.0,1.0,-1,6,20,1,1,1,07:30,4,2,-1
2023111300212,2023,111300212,2,1,1,1,57,9,3,0,0,0,0,0,9,3,E01020661,3,1,0.0,1.0,-1,3,30,2,1,2,10:30,7,2,9
2023520300882,2023,520300882,2,2,2,2,78,11,3,0,0,1,0,0,9,5,E01029075,-1,0,0.04125,0.95875,-1,6,30,1,1,1,09:30,2,2,9
202360A112469,2023,60A112469,2,1,2,2,45,7,3,0,0,1,0,0,9,-1,-1,-1,0,0.07249,0.92751,-1,6,60,1,1,1,11:03,2,3,9
2023010466498,2023,010466498,1,1,3,2,17,4,3,1,1,0,0,0,0,3,E01000499,-1,0,0.0,1.0,-1,3,30,1,4,1,18:45,7,1,97
2023451338747,2023,451338747,1,1,1,1,26,6,3,0,0,0,0,0,3,4,E01002648,3,1,0.0,1.0,-1,6,40,1,1,1,18:12,1,2,3
202360A141092,2023,60A141092,1,1,1,1,57,9,3,0,0,0,0,0,5,-1,-1,-1,0,0.27668,0.72332,-1,6,60,1,1,1,13:15,7,1,5
2023031381063,2023,031381063,2,1,1,1,29,6,3,0,0,0,0,0,9,-1,-1,3,1,0.0,1.0,-1,6,30,9,4,1,17:20,5,2,9
2023131329972,2023,131329972,2,1,1,1,22,5,3,0,0,0,0,0,9,1,E01010745,3,1,0.0,1.0,-1,6,30,4,1,1,20:01,7,4,9
2023161352996,2023,161352996,2,1,1,2,24,5,3,0,0,0,0,0,9,3,E01012832,3,1,0.0,1.0,-1,6,30,1,4,1,18:22,6,3,9
2023201416421,2023,201416421,1,1,1,1,56,9,3,0,0,0,0,0,9,6,E01009462,3,1,0.0,1.0,-1,6,30,1,4,1,23:32,1,1,9
2023221308223,2023,221308223,1,4,2,1,4,1,1,0,0,2,0,0,9,2,E01032461,1,1,0.0,0.0,-1,6,50,1,6,1,22:15,4,2,9
2023411287815,2023,411287815,2,1,1,1,25,5,3,0,0,0,0,0,9,4,E01023530,3,1,0.0,1.0,-1,6,30,4,1,1,17:53,2,2,9
2023440146738,2023,440146738,1,1,1,1,30,6,3,0,0,0,0,0,9,9,E01022783,-1,0,0.06407,0.93593,-1,2,30,1,4,2,23:12,6,2,9
2023552301067,2023,552301067,2,2,1,1,82,11,2,0,0,0,0,0,9,6,E01020466,-1,0,1.0,0.0,-1,6,40,1,1,1,10:00,3,2,9
2023010466832,2023,010466832,1,1,1,1,25,5,3,0,0,0,0,0,1,3,E01003916,-1,0,0.0,1.0,-1,6,20,1,1,1,17:30,6,2,1
2023311269789,2023,311269789,2,1,1,2,47,8,3,0,0,0,0,0,9,-1,-1,3,1,0.0,1.0,-1,3,50,1,1,1,11:26,2,2,9
2023351375670,2023,351375670,1,3,1,1,37,7,3,0,0,0,0,0,9,3,E01015677,3,1,0.0,1.0,-1,6,30,1,1,1,16:50,5,3,9
2023052301204,2023,052301204,1,1,1,1,25,5,3,0,0,0,0,0,9,2,E01007176,-1,0,0.0743,0.9257,-1,6,20,1,1,1,06:30,5,3,9
2023231351168,2023,231351168,2,1,1,2,31,6,3,0,0,0,0,0,9,2,E01031066,3,1,0.0,1.0,-1,1,50,1,1,1,13:00,6,2,9
2023991266164,2023,991266164,1,1,1,1,29,6,3,0,0,0,0,0,9,1,-1,3,1,0.0,1.0,-1,6,60,1,4,2,19:37,6,2,9
2023170S21223,2023,170S21223,1,2,2,1,26,6,2,0,0,0,0,0,10,1,E01011955,-1,0,1.0,0.0,-1,6,40,1,1,1,13:10,6,2,10
2023010436601,2023,010436601,1,4,2,1,26,6,3,0,0,0,4,0,11,4,E01001855,-1,0,0.0,1.0,-1,6,30,1,1,1,11:10,1,2,11
2023340WN0902,2023,340WN0902,1,1,2,1,25,5,2,0,0,0,0,0,-1,-1,-1,-1,0,1.0,0.0,-1,6,30,1,4,2,04:50,7,1,-1
2023111314625,2023,111314625,2,1,1,1,80,11,1,0,0,0,0,0,22,4,E01008592,1,1,0.0,0.0,-1,6,60,1,1,1,19:02,7,3,22
2023010426302,2023,010426302,1,1,1,1,18,4,3,0,0,0,0,0,3,2,E01000550,-1,0,0.0,1.0,-1,9,20,1,4,1,18:25,2,2,3
2023070142569,2023,070142569,1,1,3,1,27,6,2,10,1,0,0,0,0,1,E01006865,-1,0,1.0,0.0,-1,3,70,8,6,2,05:30,7,1,9
2023991392411,2023,991392411,2,1,1,1,24,5,3,0,0,0,0,0,3,5,-1,3,1,0.0,1.0,-1,6,20,5,4,2,06:45,4,2,3
2023041316889,2023,041316889,3,3,1,2,51,8,3,0,0,0,0,0,9,4,E01025262,3,1,0.0,1.0,-1,1,50,1,1,1,16:00,5,3,9
2023211342870,2023,211342870,2,2,1,2,76,11,3,0,0,0,0,0,9,8,E01029762,3,1,0.0,1.0,-1,6,30,1,1,1,17:35,5,2,9
2023311352122,2023,311352122,1,1,1,2,69,10,2,0,0,0,0,0,9,7,E01007664,5,1,1.0,0.0,-1,6,60,1,4,2,21:05,3,1,9
2023991269158,2023,991269158,1,1,1,1,79,11,2,0,0,0,0,0,9,9,-1,7,1,1.0,0.0,-1,3,50,1,1,2,11:35,7,2,9
2023201278629,2023,201278629,1,2,3,1,2,1,3,5,3,0,0,0,0,1,E01010111,3,1,0.0,1.0,-1,6,30,1,1,1,08:10,4,1,9
2023201341713,2023,201341713,1,1,3,1,65,9,2,5,1,0,0,0,0,1,E01009327,5,1,1.0,0.0,-1,6,20,1,4,1,21:14,4,1,9
2023122300565,2023,122300565,2,1,1,1,58,9,3,0,0,0,0,0,1,7,E01013364,-1,0,0.08754,0.91246,-1,2,30,2,4,2,22:00,3,2,1
2023201393227,2023,201393227,2,1,1,1,31,6,3,0,0,0,0,0,9,1,E01010511,3,1,0.0,1.0,-1,6,30,1,1,1,19:10,6,3,9
2023411308035,2023,411308035,2,1,2,1,33,6,3,0,0,1,0,0,9,10,E01030523,3,1,0.0,1.0,-1,3,70,1,1,1,16:26,6,2,9
2023041309616,2023,041309616,1,1,1,1,25,5,3,0,0,0,0,0,19,5,E01025212,3,1,0.0,1.0,-1,6,50,1,1,1,18:45,7,2,19
2023201302895,2023,201302895,2,1,1,1,40,7,3,0,0,0,0,0,23,1,E01010269,3,1,0.0,1.0,-1,6,30,1,4,1,22:38,5,2,23
2023010456899,2023,010456899,1,1,2,1,12,3,3,0,0,2,0,0,9,-1,-1,-1,0,0.0,1.0,-1,6,30,1,4,1,23:39,1,1,9
2023052302362,2023,052302362,2,1,1,1,42,7,3,0,0,0,0,0,9,7,E01007104,-1,0,0.1087,0.8913,-1,3,70,2,1,2,07:15,5,5,9
2023361317817,2023,361317817,1,4,2,2,24,5,2,0,0,2,0,0,9,-1,-1,7,1,1.0,0.0,-1,6,60,1,1,1,17:48,2,2,9
2023461347305,2023,461347305,2,3,2,1,27,6,3,0,0,1,0,0,9,7,E01024101,3,1,0.0,1.0,-1,3,70,1,1,1,15:12,4,3,9
2023991329674,2023,991329674,1,1,1,1,75,10,2,0,0,0,0,0,9,1,-1,6,1,1.0,0.0,-1,6,60,1,1,2,12:00,7,3,9
2023201362680,2023,201362680,1,1,3,2,26,6,3,4,4,0,0,2,0,3,E01010290,3,1,0.0,1.0,-1,6,30,1,1,1,19:30,7,1,9
2023101420316,2023,101420316,1,1,1,2,20,4,3,0,0,0,0,0,9,1,E01008731,3,1,0.0,1.0,-1,6,30,1,1,1,13:15,5,2,9
2023201372797,2023,201372797,1,1,1,2,22,5,3,0,0,0,0,0,9,4,E01009268,3,1,0.0,1.0,-1,6,30,1,1,1,12:25,2,2,9
2023421377319,2023,421377319,1,4,2,1,5,1,3,0,0,2,0,0,9,5,E01021954,3,1,0.0,1.0,-1,3,50,1,4,1,17:05,3,2,9
2023461295866,2023,461295866,2,1,1,1,56,9,3,0,0,0,0,0,9,1,E01024305,3,1,0.0,1.0,-1,6,30,1,1,1,08:55,5,2,9
2023070232095,2023,070232095,1,5,2,2,13,3,1,0,0,2,0,0,9,2,E01005230,-1,0,0.0,0.0,-1,6,30,2,4,2,03:15,1,2,9
2023201379034,2023,201379034,2,2,2,2,13,3,3,0,0,2,0,0,9,5,E01008971,3,1,0.0,1.0,-1,6,30,1,4,1,17:20,4,2,9
2023302300894,2023,302300894,2,1,1,2,64,9,1,0,0,0,0,0,9,7,E01019490,-1,0,0.0,0.0,-1,6,50,1,1,1,13:35,5,3,9
2023520300585,2023,520300585,1,2,2,1,16,4,3,0,0,2,0,0,9,-1,-1,-1,0,0.13705,0.86295,-1,6,60,1,6,1,23:06,1,1,9
2023461354377,2023,461354377,1,1,1,1,18,4,3,0,0,0,0,0,3,1,E01024498,3,1,0.0,1.0,-1,3,30,1,1,1,12:17,4,2,3
2023631354169,2023,631354169,1,1,1,1,30,6,3,0,0,0,0,0,19,7,W01000442,3,1,0.0,1.0,-1,6,60,2,6,2,20:30,3,2,19
2023401325263,2023,401325263,1,2,3,2,44,7,2,6,9,0,0,0,0,5,E01013680,7,1,1.0,0.0,-1,6,30,1,1,1,06:03,7,2,9
2023471319830,2023,471319830,1,1,1,1,65,9,2,0,0,0,0,0,5,4,E01031628,7,1,1.0,0.0,-1,6,60,1,1,1,16:17,7,1,5
2023052300618,2023,052300618,2,1,2,2,40,7,3,0,0,1,0,0,9,1,E01006791,-1,0,0.02717,0.97283,-1,6,30,1,1,1,12:50,3,3,9
2023010429563,2023,010429563,2,1,1,1,39,7,2,0,0,0,0,0,1,7,E01002812,-1,0,1.0,0.0,-1,3,20,1,4,1,23:30,2,2,1
2023010475087,2023,010475087,1,1,1,2,29,6,3,0,0,0,0,0,3,3,E01004038,-1,0,0.0,1.0,-1,6,20,1,1,1,09:50,6,2,3
2023371363505,2023,371363505,2,1,1,1,50,8,2,0,0,0,0,0,5,7,E01030186,6,1,1.0,0.0,-1,6,60,1,1,1,09:35,7,2,5
2023211410679,2023,211410679,1,1,1,1,30,6,3,0,0,0,0,0,19,2,E01014278,3,1,0.0,1.0,-1,6,50,1,5,1,20:00,6,2,19
2023041373260,2023,041373260,1,1,3,2,43,7,2,9,5,0,0,0,0,9,E01025340,5,1,1.0,0.0,-1,6,30,1,4,1,05:24,7,1,97
2023010469660,2023,010469660,2,1,1,1,34,6,3,0,0,0,0,0,1,6,E01000306,-1,0,0.0,1.0,-1,6,30,1,1,1,08:00,3,2,1
2023061388181,2023,061388181,2,1,1,1,20,4,3,0,0,0,0,0,1,1,E01005061,3,1,0.0,1.0,-1,6,30,2,4,2,19:50,6,2,1
2023061276372,2023,061276372,2,1,1,1,35,6,3,0,0,0,0,0,3,1,E01005746,3,1,0.0,1.0,-1,6,30,1,1,1,08:10,6,2,3
2023070005051,2023,070005051,3,4,2,2,27,6,3,0,0,2,0,0,9,1,E01014305,-1,0,0.02459,0.97541,-1,6,30,2,1,2,14:45,7,3,9
2023131356222,2023,131356222,1,1,3,1,59,9,3,10,9,0,0,2,0,6,E01010920,3,1,0.0,1.0,-1,6,30,1,1,1,13:04,2,2,4
2023451393394,2023,451393394,1,1,3,1,29,6,3,9,5,0,0,0,0,6,E01030524,3,1,0.0,1.0,-1,6,30,1,6,2,16:50,7,1,9
2023351380756,2023,351380756,2,1,1,1,27,6,3,0,0,0,0,0,1,8,E01017966,3,1,0.0,1.0,-1,6,30,1,1,1,12:58,4,2,1
2023161376342,2023,161376342,2,1,1,1,17,4,2,0,0,0,0,0,3,1,E01012843,7,1,1.0,0.0,-1,6,30,2,1,2,13:29,1,2,3
2023010473216,2023,010473216,1,1,1,1,45,7,3,0,0,0,0,0,9,4,E01002304,-1,0,0.0,1.0,-1,3,50,2,1,2,09:48,7,3,9
2023201305609,2023,201305609,1,1,1,2,55,8,3,0,0,0,0,0,9,-1,-1,3,1,0.0,1.0,-1,7,40,2,1,2,18:43,6,2,9
2023221373490,2023,221373490,1,4,2,1,18,4,3,0,0,2,0,0,9,10,E01033062,3,1,0.0,1.0,-1,6,30,1,6,2,23:07,7,3,9
2023471327063,2023,471327063,1,1,1,2,79,11,2,0,0,0,0,0,9,5,E01021120,7,1,1.0,0.0,-1,6,30,1,1,1,15:30,6,3,9
2023010462127,2023,010462127,1,1,1,2,34,6,3,0,0,0,0,0,1,2,E01001777,-1,0,0.0,1.0,-1,9,20,2,1,9,10:33,5,2,1
2023010473841,2023,010473841,1,1,1,2,36,7,3,0,0,0,0,0,1,2,E01003933,-1,0,0.0,1.0,-1,3,20,1,4,2,17:42,3,2,1
2023010461958,2023,010461958,1,1,1,1,45,7,3,0,0,0,0,0,9,5,E01004451,-1,0,0.0,1.0,-1,6,20,1,1,1,07:38,4,1,9
2023010465920,2023,010465920,2,5,2,2,76,11,2,0,0,1,0,0,9,9,E01000395,-1,0,1.0,0.0,-1,2,20,1,1,1,14:30,5,2,9
2023041361294,2023,041361294,1,2,2,2,25,5,2,0,0,1,0,0,9,1,E01025260,6,1,1.0,0.0,-1,6,30,7,4,1,04:36,3,2,9
2023131349458,2023,131349458,2,3,2,1,7,2,3,0,0,2,0,0,9,5,E01014013,3,1,0.0,1.0,-1,6,30,1,7,1,20:30,3,2,9
2023302301347,2023,302301347,2,1,1,1,87,11,2,0,0,0,0,0,9,10,E01013564,-1,0,1.0,0.0,-1,6,30,1,1,1,14:11,5,2,9
2023201358793,2023,201358793,1,1,1,1,18,4,2,0,0,0,0,0,3,1,E01010031,7,1,1.0,0.0,-1,6,40,1,1,1,08:26,7,1,3
2023451339061,2023,451339061,1,1,1,2,24,5,3,0,0,0,0,0,3,8,E01002941,3,1,0.0,1.0,-1,6,30,9,1,1,18:30,6,2,3
2023991351774,2023,991351774,1,1,1,1,55,8,2,0,0,0,0,0,5,9,-1,5,1,1.0,0.0,-1,6,60,1,1,1,13:30,3,1,5
2023141325763,2023,141325763,1,3,2,1,-1,-1,3,0,0,2,0,0,9,-1,-1,3,1,0.0,1.0,-1,6,30,1,1,1,17:10,2,2,9
2023161309884,2023,161309884,2,1,2,2,58,9,3,0,0,1,0,0,9,6,E01013169,3,1,0.0,1.0,-1,3,30,1,1,1,14:50,4,2,9
2023361323171,2023,361323171,2,2,1,2,37,7,3,0,0,0,0,0,9,8,E01026929,3,1,0.0,1.0,-1,6,60,1,1,1,10:50,3,2,9
2023421286910,2023,421286910,2,1,1,1,27,6,3,0,0,0,0,0,9,8,E01021389,3,1,0.0,1.0,-1,6,40,1,1,1,16:35,6,2,9