collision_index,collision_year,collision_ref_no,vehicle_reference,casualty_reference,casualty_class,sex_of_casualty,age_of_casualty,age_band_of_casualty,casualty_severity,pedestrian_location,pedestrian_movement,car_passenger,bus_or_coach_passenger,pedestrian_road_maintenance_worker,casualty_type,casualty_imd_decile,lsoa_of_casualty,enhanced_casualty_severity,casualty_injury_based,casualty_adjusted_severity_serious,casualty_adjusted_severity_slight,casualty_distance_banding,road_type,speed_limit,weather_conditions,light_conditions,road_surface_conditions,time,day_of_week,number_of_vehicles,vehicle_type
2023531263025,2023,531263025,1,1,1,2,72,10,3,0,0,0,0,0,9,4,E01018987,3,1,0.0,1.0,-1,3,70,4,1,1,11:47,6,2,9
2023601067977,2023,601067977,1,1,1,1,21,5,3,0,0,0,0,0,9,-1,-1,-1,0,0.16208,0.83792,-1,3,60,8,6,2,22:05,7,1,9
2023052301502,2023,052301502,1,1,1,1,26,6,3,0,0,0,0,0,1,1,E01007052,-1,0,0.14687,0.85313,-1,3,40,1,1,1,19:20,7,2,1
2023991276855,2023,991276855,2,1,1,1,52,8,2,0,0,0,0,0,1,6,-1,7,1,1.0,0.0,-1,6,30,1,1,1,10:25,7,2,1
2023010466893,2023,010466893,1,1,1,1,35,6,3,0,0,0,0,0,9,4,E01001724,-1,0,0.0,1.0,-1,1,20,9,4,2,23:40,2,4,9
2023340WN0932,2023,340WN0932,1,1,3,1,10,2,2,9,5,0,0,0,0,-1,-1,-1,0,1.0,0.0,-1,6,30,1,1,1,16:30,2,1,19
2023461308029,2023,461308029,2,1,1,1,36,7,3,0,0,0,0,0,1,9,E01024768,3,1,0.0,1.0,-1,6,30,2,1,2,11:30,7,2,1
2023010482612,2023,010482612,1,1,1,2,42,7,3,0,0,0,0,0,9,1,E01003577,-1,0,0.0,1.0,-1,3,40,8,4,1,18:25,4,2,9
2023141305649,2023,141305649,1,1,1,2,28,6,3,0,0,0,0,0,9,3,E01007494,3,1,0.0,1.0,-1,6,30,1,1,1,08:11,4,2,9
2023302301935,2023,302301935,1,2,1,2,18,4,3,0,0,0,0,0,9,9,E01029377,-1,0,0.1148,0.8852,-1,6,60,1,6,2,23:00,4,1,9
2023010451760,2023,010451760,1,2,3,1,14,3,3,5,2,0,0,0,0,2,E01003024,-1,0,0.0,1.0,-1,6,20,1,1,1,10:50,3,1,3
2023201303858,2023,201303858,1,1,3,1,17,4,3,6,9,0,0,2,0,-1,-1,3,1,0.0,1.0,-1,6,30,1,1,1,18:05,2,1,9
2023052300217,2023,052300217,1,2,1,1,21,5,3,0,0,0,0,0,9,5,E01005040,-1,0,0.04039,0.95961,-1,3,40,1,4,1,18:23,2,2,9
2023351269577,2023,351269577,2,2,1,1,20,4,3,0,0,0,0,0,9,-1,-1,3,1,0.0,1.0,-1,6,40,8,1,4,08:58,5,2,9
2023010482701,2023,010482701,1,1,3,2,66,10,3,8,1,0,0,0,0,6,E01001989,-1,0,0.0,1.0,-1,6,20,2,1,2,14:06,5,1,9
2023010439689,2023,010439689,1,1,1,1,38,7,3,0,0,0,0,0,1,5,E01000738,-1,0,0.0,1.0,-1,6,30,2,1,2,17:58,5,2,1
2023421325569,2023,421325569,2,1,1,1,57,9,2,0,0,0,0,0,1,-1,-1,7,1,1.0,0.0,-1,1,40,1,1,1,20:55,4,2,1
2023061310321,2023,061310321,1,3,2,2,-1,-1,3,0,0,2,0,0,9,-1,-1,3,1,0.0,1.0,-1,3,30,1,4,1,20:53,7,2,9
2023141331583,2023,141331583,1,2,1,2,75,10,2,0,0,0,0,0,9,10,E01007928,7,1,1.0,0.0,-1,6,40,1,1,1,17:03,5,2,9
2023201339725,2023,201339725,2,1,1,1,49,8,3,0,0,0,0,0,9,6,E01009496,3,1,0.0,1.0,-1,3,40,1,1,1,15:55,3,2,9
2023401339552,2023,401339552,2,1,1,1,20,4,3,0,0,0,0,0,9,4,E01015784,3,1,0.0,1.0,-1,6,30,2,4,2,20:20,4,2,9
2023991297021,2023,991297021,2,1,1,1,21,5,2,0,0,0,0,0,9,1,-1,7,1,1.0,0.0,-1,6,30,1,1,1,16:30,6,3,9
2023201313695,2023,201313695,1,1,1,1,81,11,3,0,0,0,0,0,5,9,E01009902,3,1,0.0,1.0,-1,3,40,1,1,2,14:20,1,1,5
2023131382526,2023,131382526,1,1,2,2,48,8,3,0,0,1,0,0,9,2,E01011686,3,1,0.0,1.0,-1,6,30,3,4,3,19:30,1,2,9
2023131389204,2023,131389204,1,1,1,1,36,7,2,0,0,0,0,0,9,7,E01011595,7,1,1.0,0.0,-1,1,40,1,4,2,23:10,7,1,9
2023302301732,2023,302301732,2,3,2,1,22,5,3,0,0,1,0,0,9,4,E01019431,-1,0,0.08005,0.91995,-1,6,60,1,1,1,07:55,7,2,9
2023461341480,2023,461341480,1,5,2,1,5,1,3,0,0,2,0,0,9,5,E01024205,3,1,0.0,1.0,-1,7,60,1,1,1,18:35,1,2,9
2023501393078,2023,501393078,1,1,1,1,63,9,2,0,0,0,0,0,9,8,E01015119,6,1,1.0,0.0,-1,6,40,1,1,1,12:00,6,2,9
2023010456506,2023,010456506,2,1,1,1,-1,-1,3,0,0,0,0,0,1,-1,-1,-1,0,0.0,1.0,-1,6,30,1,1,1,09:40,6,2,1
2023320688906,2023,320688906,1,2,1,1,74,10,3,0,0,0,0,0,9,3,E01026033,-1,0,0.11246,0.88754,-1,6,60,1,6,2,17:40,2,2,9
2023461316310,2023,461316310,2,2,1,1,25,5,3,0,0,0,0,0,9,9,E01000808,3,1,0.0,1.0,-1,3,40,1,1,1,18:58,4,2,9
2023141366527,2023,141366527,1,1,1,2,26,6,3,0,0,0,0,0,9,6,E01013334,3,1,0.0,1.0,-1,3,70,2,1,2,08:22,3,2,9
2023411372019,2023,411372019,1,1,1,2,18,4,3,0,0,0,0,0,9,3,E01023343,3,1,0.0,1.0,-1,3,40,1,1,2,11:25,4,2,9
2023471351850,2023,471351850,2,2,1,2,64,9,3,0,0,0,0,0,9,7,E01031500,3,1,0.0,1.0,-1,6,60,1,1,1,10:45,7,2,9
2023501289749,2023,501289749,1,1,1,2,29,6,3,0,0,0,0,0,9,-1,-1,3,1,0.0,1.0,-1,6,50,1,1,1,07:00,2,2,9
2023010426522,2023,010426522,2,1,1,1,15,3,3,0,0,0,0,0,1,2,E01004364,-1,0,0.0,1.0,-1,6,30,1,4,1,18:30,6,2,1
2023010432536,2023,010432536,1,1,1,1,22,5,3,0,0,0,0,0,2,5,E01004610,-1,0,0.0,1.0,-1,9,20,1,1,1,14:00,5,2,2
2023552300480,2023,552300480,1,1,3,2,55,8,3,4,9,0,0,0,0,5,E01015441,-1,0,0.1316,0.8684,-1,6,30,1,1,1,15:00,5,1,3
2023010451393,2023,010451393,2,1,1,1,30,6,3,0,0,0,0,0,1,3,E01002048,-1,0,0.0,1.0,-1,7,20,1,1,1,17:48,1,2,1
2023061332193,2023,061332193,1,1,1,1,27,6,3,0,0,0,0,0,3,1,E01004926,3,1,0.0,1.0,-1,6,30,2,1,2,12:43,7,2,3
2023010484801,2023,010484801,1,1,1,2,32,6,3,0,0,0,0,0,9,-1,-1,-1,0,0.0,1.0,-1,6,20,1,4,1,18:50,2,3,9
2023141333944,2023,141333944,1,2,2,2,23,5,3,0,0,1,0,0,9,-1,-1,3,1,0.0,1.0,-1,6,20,9,1,1,18:50,4,2,9
2023201288715,2023,201288715,2,1,1,2,41,7,3,0,0,0,0,0,9,5,E01013764,3,1,0.0,1.0,-1,3,30,1,4,1,17:30,7,2,9
2023351269547,2023,351269547,2,1,1,2,37,7,3,0,0,0,0,0,9,9,E01018205,3,1,0.0,1.0,-1,1,40,1,4,2,19:00,6,2,9
2023401323611,2023,401323611,2,2,1,2,56,9,3,0,0,0,0,0,9,-1,-1,3,1,0.0,1.0,-1,3,60,1,1,1,10:23,7,2,9
2023411359742,2023,411359742,2,1,1,2,49,8,3,0,0,0,0,0,9,4,E01023296,3,1,0.0,1.0,-1,3,70,1,1,1,08:54,5,2,9
2023461380741,2023,461380741,1,1,1,1,25,5,2,0,0,0,0,0,9,7,E01024317,6,1,1.0,0.0,-1,6,30,2,4,2,21:44,7,5,9
2023061339517,2023,061339517,1,3,2,2,21,5,3,0,0,0,4,0,11,1,E01005240,3,1,0.0,1.0,-1,6,30,1,1,1,12:35,3,1,11
2023501350920,2023,501350920,1,4,2,2,65,9,3,0,0,0,4,0,11,7,E01015201,3,1,0.0,1.0,-1,6,30,1,1,1,15:20,2,2,11
2023041367037,2023,041367037,1,1,3,1,52,8,2,6,9,0,0,0,0,1,E01012752,7,1,1.0,0.0,-1,6,30,4,1,1,13:05,2,1,9
2023070409562,2023,070409562,1,1,1,1,29,6,3,0,0,0,0,0,9,-1,-1,-1,0,0.18963,0.81037,-1,6,60,1,6,2,02:10,2,1,9
2023170M30613,2023,170M30613,1,1,1,1,17,4,3,0,0,0,0,0,9,8,E01012065,-1,0,0.01245,0.98755,-1,3,70,1,1,1,07:43,3,2,9
2023411364326,2023,411364326,2,1,1,2,27,6,3,0,0,0,0,0,9,7,E01015719,3,1,0.0,1.0,-1,3,70,1,1,1,15:23,6,3,9
2023440505833,2023,440505833,1,1,1,1,69,10,3,0,0,0,0,0,9,8,E01022491,-1,0,0.10486,0.89514,-1,6,60,1,6,2,17:31,2,2,9
2023461303004,2023,461303004,2,1,1,1,22,5,3,0,0,0,0,0,9,6,E01023986,3,1,0.0,1.0,-1,9,30,1,1,1,20:35,6,2,9
2023122400016,2023,122400016,1,2,3,2,61,9,3,5,3,0,0,0,0,7,E01027605,-1,0,0.13999,0.86001,-1,6,30,1,4,1,18:21,7,1,9
2023010458278,2023,010458278,1,1,1,1,62,9,3,0,0,0,0,0,4,9,E01030564,-1,0,0.0,1.0,-1,6,30,1,1,1,07:20,3,2,4
2023351345484,2023,351345484,2,1,1,2,35,6,3,0,0,0,0,0,9,7,E01018220,3,1,0.0,1.0,-1,6,30,1,1,1,10:35,3,2,9
2023351356032,2023,351356032,2,1,1,1,33,6,3,0,0,0,0,0,9,5,E01018138,3,1,0.0,1.0,-1,6,30,1,1,-1,17:40,3,2,9
2023531383621,2023,531383621,1,1,1,2,61,9,3,0,0,0,0,0,9,8,E01014040,3,1,0.0,1.0,-1,6,30,1,4,2,19:05,4,2,9
2023991303030,2023,991303030,2,1,1,2,35,6,3,0,0,0,0,0,9,1,-1,3,1,0.0,1.0,-1,6,30,1,1,1,14:53,3,2,9
2023010473930,2023,010473930,1,1,1,1,26,6,3,0,0,0,0,0,3,8,E01000784,-1,0,0.0,1.0,-1,6,20,5,4,2,19:00,2,2,3
2023010473884,2023,010473884,1,1,1,1,29,6,3,0,0,0,0,0,9,1,E01001846,-1,0,0.0,1.0,-1,3,30,2,1,2,15:40,7,2,9
2023201318926,2023,201318926,1,1,2,2,21,5,3,0,0,1,0,0,9,3,E01009629,3,1,0.0,1.0,-1,3,30,1,1,1,14:55,4,2,9
2023211268898,2023,211268898,2,2,2,2,20,4,3,0,0,-1,0,0,9,2,E01029842,3,1,0.0,1.0,-1,6,30,8,1,-1,09:10,4,2,9
2023351349960,2023,351349960,2,4,2,2,71,10,3,0,0,1,0,0,9,1,E01016810,3,1,0.0,1.0,-1,3,50,1,1,1,12:37,2,2,9
2023421355056,2023,421355056,1,2,2,1,24,5,2,0,0,1,0,0,9,9,E01021756,5,1,1.0,0.0,-1,6,30,1,6,2,22:00,5,1,9
2023440484106,2023,440484106,1,1,1,1,62,9,1,0,0,0,0,0,9,9,E01017150,-1,0,0.0,0.0,-1,3,70,2,6,2,17:13,1,2,9
2023010481233,2023,010481233,1,1,1,1,19,4,3,0,0,0,0,0,19,10,E01017754,-1,0,0.0,1.0,-1,6,20,1,4,4,00:15,6,2,19
2023041321727,2023,041321727,1,1,3,2,43,7,2,8,5,0,0,0,0,1,E01012575,6,1,1.0,0.0,-1,6,30,1,1,1,16:03,5,1,9
2023010443209,2023,010443209,1,1,1,1,26,6,3,0,0,0,0,0,3,7,E01001455,-1,0,0.0,1.0,-1,1,20,1,1,1,10:15,4,2,3
2023010448285,2023,010448285,1,1,1,1,19,4,3,0,0,0,0,0,9,2,E01001339,-1,0,0.0,1.0,-1,6,20,1,1,1,05:50,1,6,9
2023101326007,2023,101326007,1,1,1,2,26,6,3,0,0,0,0,0,9,5,E01019314,3,1,0.0,1.0,-1,3,70,1,1,1,07:10,4,2,9
2023201454503,2023,201454503,2,3,2,1,13,3,3,0,0,-1,0,0,9,1,E01009607,3,1,0.0,1.0,-1,6,30,1,4,1,16:55,3,2,9
2023501277679,2023,501277679,1,1,3,2,38,7,3,1,3,0,0,0,0,2,E01015170,3,1,0.0,1.0,-1,3,30,1,1,1,11:05,5,1,9
2023631331855,2023,631331855,1,1,3,1,86,11,3,5,3,0,0,2,0,3,W01000641,3,1,0.0,1.0,-1,2,20,1,1,1,11:34,6,1,19
2023320614377,2023,320614377,1,1,1,1,47,8,2,0,0,0,0,0,4,2,E01026030,-1,0,1.0,0.0,-1,6,30,1,1,1,15:15,3,1,4
2023101342594,2023,101342594,3,5,1,2,63,9,3,0,0,0,0,0,9,1,E01008689,3,1,0.0,1.0,-1,6,40,1,1,1,15:10,4,4,9
2023131348509,2023,131348509,1,1,1,2,29,6,3,0,0,0,0,0,9,3,E01007345,3,1,0.0,1.0,-1,2,20,1,1,1,14:57,3,1,9
2023411326551,2023,411326551,1,1,1,1,54,8,3,0,0,0,0,0,9,7,E01033023,3,1,0.0,1.0,-1,9,30,1,1,1,14:42,1,2,9
2023421313077,2023,421313077,2,1,3,2,28,6,3,10,9,0,0,0,0,-1,-1,3,1,0.0,1.0,-1,3,30,1,4,1,21:41,3,2,9
2023451387137,2023,451387137,1,1,1,1,28,6,3,0,0,0,0,0,1,8,E01030575,3,1,0.0,1.0,-1,6,30,1,1,1,09:00,2,2,1
2023161396745,2023,161396745,1,1,1,2,26,6,3,0,0,0,0,0,9,3,E01013319,3,1,0.0,1.0,-1,6,30,1,4,1,16:57,2,2,9
2023411360097,2023,411360097,2,2,1,1,28,6,3,0,0,0,0,0,9,4,E01023488,3,1,0.0,1.0,-1,3,70,2,1,2,15:52,5,3,9
2023461307470,2023,461307470,2,1,2,2,63,9,3,0,0,1,0,0,9,5,E01001407,3,1,0.0,1.0,-1,3,70,1,1,1,19:29,6,2,9
2023421265694,2023,421265694,1,1,3,1,25,5,2,2,1,0,0,0,0,7,E01015964,7,1,1.0,0.0,-1,6,20,1,4,2,18:30,5,1,9
2023010473688,2023,010473688,2,1,1,1,53,8,3,0,0,0,0,0,1,3,E01003942,-1,0,0.0,1.0,-1,6,20,1,4,1,23:00,2,2,1
2023052301814,2023,052301814,2,1,1,1,12,3,3,0,0,0,0,0,1,1,E01007008,-1,0,0.0674,0.9326,-1,6,20,1,1,1,19:30,3,2,1
2023461293422,2023,461293422,1,1,3,1,59,9,3,9,5,0,0,0,0,1,E01024215,3,1,0.0,1.0,-1,6,30,2,1,2,13:43,5,1,9
2023401348291,2023,401348291,2,1,1,1,62,9,2,0,0,0,0,0,1,7,E01017434,7,1,1.0,0.0,-1,1,40,1,1,1,15:17,7,2,1
2023201293043,2023,201293043,2,1,1,2,51,8,3,0,0,0,0,0,9,2,E01009043,3,1,0.0,1.0,-1,6,30,1,1,1,12:10,1,2,9
2023552300709,2023,552300709,2,1,2,2,29,6,3,0,0,2,0,0,9,7,E01020511,-1,0,0.03294,0.96706,-1,6,30,1,1,1,12:18,1,2,9
2023440217697,2023,440217697,1,1,1,2,47,8,3,0,0,0,0,0,1,9,E01023060,-1,0,0.11958,0.88042,-1,6,30,1,1,1,15:00,5,2,1
2023552300350,2023,552300350,2,1,1,1,23,5,3,0,0,0,0,0,2,5,E01015345,-1,0,0.12219,0.87781,-1,6,30,1,1,1,11:37,2,2,2
2023122300509,2023,122300509,1,1,3,1,55,8,3,1,1,0,0,0,0,10,E01027732,-1,0,0.13787,0.86213,-1,6,30,1,1,1,11:34,6,1,9
2023421342935,2023,421342935,1,1,1,1,34,6,3,0,0,0,0,0,9,9,E01022061,3,1,0.0,1.0,-1,6,30,1,6,1,00:25,6,2,9
2023361352699,2023,361352699,1,4,2,2,79,11,2,0,0,2,0,0,9,7,E01026885,6,1,1.0,0.0,-1,6,60,1,1,1,14:24,4,2,9
2023430355046,2023,430355046,1,1,1,1,27,6,3,0,0,0,0,0,9,5,E01017907,-1,0,0.08023,0.91977,-1,3,70,1,1,1,16:38,4,3,9
2023131331673,2023,131331673,1,3,2,1,17,4,2,0,0,0,0,0,19,4,E01011469,5,1,1.0,0.0,-1,3,40,1,7,1,00:36,6,5,19
2023010487700,2023,010487700,1,1,3,1,76,11,2,1,9,0,0,0,0,7,E01000971,-1,0,1.0,0.0,-1,6,20,1,4,1,18:00,4,1,9
2023170S42353,2023,170S42353,1,1,3,2,10,2,2,5,4,0,0,0,0,-1,-1,-1,0,1.0,0.0,-1,6,30,1,1,1,12:00,4,1,9
2023211285546,2023,211285546,1,1,2,1,18,4,3,0,0,1,0,0,9,9,E01014318,3,1,0.0,1.0,-1,1,30,1,4,2,23:22,6,1,9
2023547991923,2023,547991923,1,2,1,1,22,5,3,0,0,0,0,0,9,10,E01023188,-1,0,0.07408,0.92592,-1,6,60,2,1,2,13:49,1,2,9
2023991269956,2023,991269956,2,2,1,1,75,10,3,0,0,0,0,0,9,3,-1,3,1,0.0,1.0,-1,6,30,1,1,2,15:50,2,2,9
2023010424616,2023,010424616,1,1,3,1,51,8,2,1,1,0,0,0,0,7,E01004639,-1,0,1.0,0.0,-1,3,20,1,1,1,15:55,3,1,8
2023041366645,2023,041366645,1,1,1,1,35,6,2,0,0,0,0,0,5,8,E01025463,5,1,1.0,0.0,-1,6,30,1,1,1,18:14,1,2,5
2023351360232,2023,351360232,3,3,2,1,-1,-1,3,0,0,2,0,0,9,6,E01030087,3,1,0.0,1.0,-1,3,70,1,1,1,17:44,6,3,9
2023061360633,2023,061360633,1,1,3,2,42,7,2,10,9,0,0,2,0,3,E01006273,6,1,1.0,0.0,-1,6,30,1,4,1,20:24,7,2,9
2023411298374,2023,411298374,2,1,1,2,28,6,3,0,0,0,0,0,9,3,E01023397,3,1,0.0,1.0,-1,6,20,2,1,2,08:32,6,2,9
2023461296314,2023,461296314,2,1,2,1,25,5,3,0,0,1,0,0,9,2,E01033737,3,1,0.0,1.0,-1,6,40,1,1,2,09:51,5,2,9
2023501373641,2023,501373641,1,1,1,2,64,9,3,0,0,0,0,0,9,3,E01015193,3,1,0.0,1.0,-1,6,30,1,1,2,13:00,1,3,9
2023531312149,2023,531312149,2,2,2,1,10,2,3,0,0,1,0,0,9,3,E01022121,3,1,0.0,1.0,-1,6,30,1,1,1,16:02,7,2,9
2023541259823,2023,541259823,1,2,2,2,29,6,3,0,0,1,0,0,9,9,E01032112,-1,0,0.04846,0.95154,-1,6,30,1,4,1,06:35,7,1,9
2023451344896,2023,451344896,1,2,1,1,44,7,2,0,0,0,0,0,19,2,E01009623,7,1,1.0,0.0,-1,3,70,1,1,1,14:40,5,6,19
2023430234868,2023,430234868,2,1,1,1,38,7,3,0,0,0,0,0,1,-1,-1,-1,0,0.03833,0.96167,-1,1,30,1,1,1,14:00,1,2,1
2023041300610,2023,041300610,1,1,1,1,34,6,3,0,0,0,0,0,9,1,E01025067,3,1,0.0,1.0,-1,7,70,1,1,1,08:30,2,2,9
2023131294806,2023,131294806,1,1,2,2,75,10,3,0,0,1,0,0,9,6,E01011881,3,1,0.0,1.0,-1,6,30,1,1,1,15:00,7,2,9
2023440068592,2023,440068592,1,3,1,2,26,6,3,0,0,0,0,0,9,4,E01017309,-1,0,0.17307,0.82693,-1,6,60,1,6,1,19:37,7,1,9
2023070569129,2023,070569129,1,1,3,2,40,7,3,9,7,0,0,0,0,6,E01018689,-1,0,0.06795,0.93205,-1,2,20,1,1,2,18:55,2,1,9
2023010441195,2023,010441195,2,1,1,1,59,9,2,0,0,0,0,0,1,5,E01004377,-1,0,1.0,0.0,-1,3,20,1,1,1,18:19,5,2,1
2023451358223,2023,451358223,2,1,1,1,50,8,3,0,0,0,0,0,1,7,E01004566,3,1,0.0,1.0,-1,6,30,8,1,1,13:30,6,2,1
2023010464719,2023,010464719,1,1,1,-1,26,6,3,0,0,0,0,0,3,2,E01002049,-1,0,0.0,1.0,-1,9,30,9,1,9,09:01,3,2,3
2023010434979,2023,010434979,1,1,1,1,29,6,2,0,0,0,0,0,5,5,E01017923,-1,0,1.0,0.0,-1,3,50,1,1,1,09:30,5,2,5
2023010476526,2023,010476526,1,1,2,2,42,7,3,0,0,2,0,0,9,7,E01003027,-1,0,0.0,1.0,-1,6,20,1,7,1,20:46,4,1,9
2023141266215,2023,141266215,1,1,1,2,54,8,3,0,0,0,0,0,9,4,E01007359,3,1,0.0,1.0,-1,3,70,1,6,2,01:52,7,1,9
2023520300904,2023,520300904,1,1,1,1,56,9,3,0,0,0,0,0,9,6,E01029227,-1,0,0.08704,0.91296,-1,6,50,1,6,1,23:49,5,2,9
2023041329485,2023,041329485,2,1,1,1,18,4,3,0,0,0,0,0,3,1,E01012680,3,1,0.0,1.0,-1,6,20,2,1,2,08:24,2,2,3
2023552300173,2023,552300173,1,1,3,1,55,8,3,1,4,0,0,0,0,2,E01015280,-1,0,0.18414,0.81586,-1,3,40,1,1,4,09:05,4,1,5
2023421297764,2023,421297764,2,2,2,1,9,2,3,0,0,0,0,0,19,2,E01021327,3,1,0.0,1.0,-1,1,30,1,1,1,17:55,2,2,19
2023211345660,2023,211345660,1,1,3,1,21,5,3,5,3,0,0,0,0,-1,-1,3,1,0.0,1.0,-1,6,30,1,4,2,19:38,6,1,8
2023552300057,2023,552300057,1,1,3,2,35,6,3,6,9,0,0,0,0,5,E01020577,-1,0,0.12827,0.87173,-1,6,30,1,4,1,18:12,5,1,1
2023131329865,2023,131329865,1,1,2,2,44,7,3,0,0,2,0,0,9,2,E01010778,3,1,0.0,1.0,-1,6,30,5,1,2,06:40,1,1,9
2023131357966,2023,131357966,2,2,2,2,10,2,3,0,0,1,0,0,9,5,E01011058,3,1,0.0,1.0,-1,6,30,1,1,1,18:30,5,2,9
2023141348835,2023,141348835,1,1,1,1,30,6,3,0,0,0,0,0,9,7,E01013248,3,1,0.0,1.0,-1,6,30,1,1,1,16:15,2,1,9
2023161358298,2023,161358298,2,3,2,2,6,2,3,0,0,2,0,0,9,6,E01012912,3,1,0.0,1.0,-1,6,30,8,4,2,18:22,1,2,9
2023340WN2082,2023,340WN2082,2,1,1,1,61,9,3,0,0,0,0,0,19,7,E01032123,-1,0,0.03436,0.96564,-1,6,60,1,1,1,14:50,5,2,19
2023531332280,2023,531332280,2,2,2,2,40,7,3,0,0,2,0,0,9,-1,-1,3,1,0.0,1.0,-1,6,30,1,1,1,17:21,6,2,9
2023010442529,2023,010442529,1,1,1,1,18,4,3,0,0,0,0,0,3,2,E01003324,-1,0,0.0,1.0,-1,9,20,9,1,9,16:01,4,2,3
2023052301842,2023,052301842,2,1,1,1,60,9,3,0,0,0,0,0,5,9,E01007283,-1,0,0.17597,0.82403,-1,6,20,1,1,1,09:00,2,2,5
2023211340661,2023,211340661,2,4,1,2,41,7,3,0,0,0,0,0,9,9,E01010208,3,1,0.0,1.0,-1,3,70,1,1,1,12:05,6,3,9
2023201298271,2023,201298271,1,1,2,2,59,9,2,0,0,0,4,0,11,1,E01009160,6,1,1.0,0.0,-1,1,30,1,1,1,14:23,3,2,11
2023010475443,2023,010475443,1,1,1,1,17,4,3,0,0,0,0,0,1,9,E01002935,-1,0,0.0,1.0,-1,6,20,2,1,2,08:00,5,2,1
2023010435205,2023,010435205,1,1,1,1,40,7,3,0,0,0,0,0,4,2,E01003783,-1,0,0.0,1.0,-1,6,20,8,1,2,15:38,6,2,4
2023101368410,2023,101368410,1,2,1,1,65,9,3,0,0,0,0,0,9,2,E01008697,3,1,0.0,1.0,-1,6,40,2,4,2,20:13,1,2,9
2023101391783,2023,101391783,2,1,2,2,9,2,3,0,0,2,0,0,9,3,E01020591,3,1,0.0,1.0,-1,6,30,1,1,1,19:41,6,2,9
2023302301751,2023,302301751,2,3,1,1,27,6,3,0,0,0,0,0,9,1,E01013485,-1,0,0.07202,0.92798,-1,6,30,1,4,1,18:20,1,2,9
2023631324213,2023,631324213,2,2,1,1,52,8,2,0,0,0,0,0,9,8,W01000466,6,1,1.0,0.0,-1,6,60,1,1,1,17:00,5,3,9
2023991314378,2023,991314378,1,2,2,2,16,4,3,0,0,1,0,0,9,7,-1,3,1,0.0,1.0,-1,6,60,1,1,2,07:35,4,15,9
2023411325365,2023,411325365,2,1,1,2,48,8,3,0,0,0,0,0,9,4,E01023859,3,1,0.0,1.0,-1,3,20,1,1,1,10:09,1,2,9
202354C079823,2023,54C079823,1,1,1,1,26,6,3,0,0,0,0,0,9,10,W01001084,-1,0,0.08069,0.91931,-1,3,70,1,6,2,21:31,3,2,9
2023631327100,2023,631327100,1,1,1,1,58,9,2,0,0,0,0,0,2,9,W01000619,5,1,1.0,0.0,-1,1,30,1,1,1,18:24,6,1,2
2023041269492,2023,041269492,1,1,3,2,49,8,3,1,1,0,0,0,0,4,E01025460,3,1,0.0,1.0,-1,6,30,1,4,2,19:45,7,1,9
2023010446470,2023,010446470,1,1,3,1,69,10,3,5,1,0,0,0,0,5,E01003139,-1,0,0.0,1.0,-1,2,20,1,4,1,03:15,6,1,9
2023041349779,2023,041349779,1,2,3,2,11,3,3,5,2,0,0,0,0,4,E01012703,3,1,0.0,1.0,-1,6,30,1,1,1,19:07,4,1,4
2023161352580,2023,161352580,1,1,3,2,10,2,3,5,1,0,0,2,0,-1,-1,3,1,0.0,1.0,-1,6,40,1,1,2,09:06,4,1,9
2023141297018,2023,141297018,1,1,1,1,50,8,3,0,0,0,0,0,1,4,E01007580,3,1,0.0,1.0,-1,1,30,1,1,1,15:55,7,1,1
2023371359392,2023,371359392,2,1,1,1,20,4,3,0,0,0,0,0,1,6,E01029919,3,1,0.0,1.0,-1,9,30,1,1,1,14:30,3,2,1
2023141276791,2023,141276791,1,1,1,1,37,7,2,0,0,0,0,0,3,1,E01007775,6,1,1.0,0.0,-1,6,30,1,4,2,17:45,4,2,3
2023010469490,2023,010469490,1,1,1,1,61,9,3,0,0,0,0,0,1,5,E01032771,-1,0,0.0,1.0,-1,9,20,8,1,1,13:35,1,2,1
2023461382388,2023,461382388,2,1,1,1,43,7,3,0,0,0,0,0,4,-1,-1,3,1,0.0,1.0,-1,6,30,1,1,1,08:45,5,2,4
2023991344333,2023,991344333,1,1,1,1,71,10,2,0,0,0,0,0,4,-1,-1,6,1,1.0,0.0,-1,6,60,2,1,2,08:40,3,2,4
2023991344452,2023,991344452,1,1,1,1,65,9,2,0,0,0,0,0,9,4,-1,6,1,1.0,0.0,-1,6,30,1,1,1,18:25,7,2,9
2023311342777,2023,311342777,1,1,3,1,53,8,3,5,3,0,0,0,0,2,E01013899,3,1,0.0,1.0,-1,6,30,1,4,1,22:23,5,1,19
2023122300709,2023,122300709,1,1,1,1,65,9,3,0,0,0,0,0,5,3,E01013366,-1,0,0.22367,0.77633,-1,6,60,1,1,2,18:30,6,2,5
2023010476497,2023,010476497,1,1,2,2,0,1,3,0,0,2,0,0,9,3,E01016005,-1,0,0.0,1.0,-1,3,50,1,4,1,17:06,3,2,9
2023170H10603,2023,170H10603,1,1,1,1,35,6,2,0,0,0,0,0,9,-1,-1,-1,0,1.0,0.0,-1,3,70,1,1,2,05:20,5,1,9
2023311347281,2023,311347281,2,1,1,1,-1,-1,3,0,0,0,0,0,9,1,E01028256,3,1,0.0,1.0,-1,6,30,9,1,1,10:15,3,2,9
2023371337698,2023,371337698,2,3,2,2,37,7,2,0,0,1,0,0,9,10,E01023655,5,1,1.0,0.0,-1,6,60,2,1,2,16:25,4,2,9