collision_index,collision_year,collision_ref_no,vehicle_reference,casualty_reference,casualty_class,sex_of_casualty,age_of_casualty,age_band_of_casualty,casualty_severity,pedestrian_location,pedestrian_movement,car_passenger,bus_or_coach_passenger,pedestrian_road_maintenance_worker,casualty_type,casualty_imd_decile,lsoa_of_casualty,enhanced_casualty_severity,casualty_injury_based,casualty_adjusted_severity_serious,casualty_adjusted_severity_slight,casualty_distance_banding,road_type,speed_limit,weather_conditions,light_conditions,road_surface_conditions,time,day_of_week,number_of_vehicles,vehicle_type
2023430243195,2023,430243195,1,1,2,1,23,5,2,0,0,1,0,0,9,7,E01017851,-1,0,1.0,0.0,-1,6,30,1,4,1,01:00,7,1,9
2023471393667,2023,471393667,1,1,1,1,35,6,3,0,0,0,0,0,9,5,E01030531,3,1,0.0,1.0,-1,3,70,1,1,2,12:18,7,1,9
2023461312737,2023,461312737,2,1,1,1,24,5,2,0,0,0,0,0,9,3,E01016114,7,1,1.0,0.0,-1,6,30,2,4,2,21:40,1,2,9
2023501342296,2023,501342296,2,1,1,2,24,5,3,0,0,0,0,0,9,2,E01018836,3,1,0.0,1.0,-1,6,20,1,1,1,14:00,3,2,9
2023991266530,2023,991266530,1,1,2,1,33,6,2,0,0,2,0,0,9,-1,-1,5,1,1.0,0.0,-1,3,70,2,6,2,05:00,1,1,9
2023991273529,2023,991273529,1,3,2,2,17,4,2,0,0,1,0,0,9,6,-1,5,1,1.0,0.0,-1,6,60,2,6,2,00:10,3,1,9
2023421329127,2023,421329127,1,1,1,1,13,3,2,0,0,0,0,0,1,9,E01021654,7,1,1.0,0.0,-1,1,30,1,1,2,15:59,5,2,1
2023421349255,2023,421349255,1,1,1,1,70,10,2,0,0,0,0,0,5,3,E01021565,7,1,1.0,0.0,-1,1,40,1,1,1,15:27,3,2,5
2023201415170,2023,201415170,1,2,2,1,49,8,3,0,0,-1,0,0,9,2,E01009014,3,1,0.0,1.0,-1,6,30,1,4,1,02:15,4,2,9
2023411346312,2023,411346312,1,3,2,2,4,1,3,0,0,2,0,0,9,6,E01023431,3,1,0.0,1.0,-1,6,60,1,1,1,15:18,3,2,9
2023501275001,2023,501275001,2,1,2,2,83,11,3,0,0,1,0,0,9,10,E01030512,3,1,0.0,1.0,-1,6,60,1,1,1,15:40,6,2,9
2023201296163,2023,201296163,1,1,3,2,45,7,3,5,2,0,0,2,0,6,E01010339,3,1,0.0,1.0,-1,3,30,1,1,1,11:40,3,1,9
2023010480810,2023,010480810,1,1,1,1,23,5,2,0,0,0,0,0,3,7,E01002182,-1,0,1.0,0.0,-1,6,30,1,4,1,21:00,3,1,3
2023061300545,2023,061300545,2,1,1,1,21,5,2,0,0,0,0,0,3,3,E01005966,7,1,1.0,0.0,-1,6,30,1,1,1,08:10,3,2,3
2023010448263,2023,010448263,2,1,1,1,31,6,3,0,0,0,0,0,3,4,E01004487,-1,0,0.0,1.0,-1,6,30,1,1,1,17:43,7,2,3
2023991343594,2023,991343594,1,1,1,1,56,9,2,0,0,0,0,0,5,4,-1,6,1,1.0,0.0,-1,6,60,1,1,1,10:45,1,1,5
2023010481716,2023,010481716,1,1,1,1,45,7,3,0,0,0,0,0,3,5,E01003411,-1,0,0.0,1.0,-1,1,20,2,1,2,14:45,1,3,3
2023031297462,2023,031297462,2,1,1,1,76,11,2,0,0,0,0,0,5,3,E01019184,6,1,1.0,0.0,-1,3,70,1,1,1,15:45,7,2,5
202360A170135,2023,60A170135,1,1,3,2,64,9,3,9,8,0,0,0,0,-1,-1,-1,0,0.22207,0.77793,-1,6,30,1,6,2,18:40,2,1,9
2023351332653,2023,351332653,2,1,2,1,63,9,3,0,0,2,0,0,8,10,E01026945,3,1,0.0,1.0,-1,3,70,1,1,1,14:50,5,2,8
2023070052362,2023,070052362,1,1,1,1,43,7,3,0,0,0,0,0,9,-1,-1,-1,0,0.09951,0.90049,-1,6,50,1,1,2,13:22,4,1,9
2023320470948,2023,320470948,2,2,2,2,91,11,3,0,0,2,0,0,9,2,E01026097,-1,0,0.06967,0.93033,-1,6,30,1,1,1,12:50,1,2,9
2023010436116,2023,010436116,1,3,2,2,47,8,3,0,0,0,4,0,11,4,E01004414,-1,0,0.0,1.0,-1,3,50,1,1,1,08:00,2,2,11
2023010479780,2023,010479780,1,1,2,2,51,8,3,0,0,0,2,0,11,3,E01000499,-1,0,0.0,1.0,-1,6,30,1,4,1,17:39,5,1,11
2023010423658,2023,010423658,1,1,3,1,7,2,2,5,1,0,0,0,0,2,E01003636,-1,0,1.0,0.0,-1,6,20,2,1,2,15:14,5,1,19
2023302301592,2023,302301592,2,1,1,1,70,10,3,0,0,0,0,0,1,4,E01013494,-1,0,0.11631,0.88369,-1,6,30,1,1,1,11:20,4,2,1
2023430533958,2023,430533958,1,1,1,1,37,7,3,0,0,0,0,0,3,5,E01016379,-1,0,0.03336,0.96664,-1,2,30,1,4,1,18:00,7,2,3
2023010455124,2023,010455124,1,1,1,2,51,8,3,0,0,0,0,0,9,-1,-1,-1,0,0.0,1.0,-1,2,30,1,1,1,09:19,6,2,9
2023430362326,2023,430362326,2,1,1,2,60,9,3,0,0,0,0,0,9,-1,-1,-1,0,0.07822,0.92178,-1,6,40,1,1,2,11:07,2,2,9
2023991338021,2023,991338021,2,1,1,1,60,9,3,0,0,0,0,0,9,3,-1,3,1,0.0,1.0,-1,3,70,1,1,1,11:48,5,2,9
2023061393183,2023,061393183,2,1,1,1,22,5,2,0,0,0,0,0,1,1,E01005822,7,1,1.0,0.0,-1,6,30,1,4,1,00:05,6,2,1
2023010473676,2023,010473676,1,1,3,2,29,6,2,1,3,0,0,0,0,4,E01001092,-1,0,1.0,0.0,-1,2,30,8,4,2,18:48,2,1,9
2023411275581,2023,411275581,2,1,1,1,16,4,3,0,0,0,0,0,-1,3,E01023891,3,1,0.0,1.0,-1,3,30,1,1,1,14:55,3,2,-1
2023552300570,2023,552300570,2,1,1,1,24,5,3,0,0,0,0,0,1,3,E01015285,-1,0,0.14146,0.85854,-1,6,40,1,1,1,10:32,3,2,1
2023041315553,2023,041315553,1,1,3,2,19,4,3,6,9,0,0,0,0,-1,-1,3,1,0.0,1.0,-1,6,20,8,1,1,13:02,2,1,9
2023131317035,2023,131317035,1,1,3,1,24,5,3,10,3,0,0,2,0,3,E01033010,3,1,0.0,1.0,-1,6,20,1,1,1,08:45,6,1,9
2023311345428,2023,311345428,1,1,3,1,23,5,3,6,9,0,0,2,0,4,E01033408,3,1,0.0,1.0,-1,6,30,1,4,1,00:30,6,1,9
2023332300108,2023,332300108,1,1,3,1,28,6,3,4,1,0,0,0,0,2,E01025700,-1,0,0.0855,0.9145,-1,6,30,1,4,1,22:15,7,1,8
2023351323295,2023,351323295,1,1,3,1,41,7,3,5,1,0,0,0,0,10,E01018191,3,1,0.0,1.0,-1,6,30,1,1,-1,17:08,5,1,9
2023010441077,2023,010441077,1,1,3,2,23,5,3,1,3,0,0,0,0,-1,-1,-1,0,0.0,1.0,-1,6,30,1,1,1,19:30,4,1,3
2023052303090,2023,052303090,1,2,3,2,15,3,3,6,9,0,0,0,0,1,E01006757,-1,0,0.09785,0.90215,-1,6,20,1,6,1,16:40,5,1,9
2023201288869,2023,201288869,1,1,3,2,30,6,3,1,3,0,0,2,0,1,E01033632,3,1,0.0,1.0,-1,3,30,1,1,2,09:30,4,1,9
2023101321789,2023,101321789,1,1,1,2,65,9,3,0,0,0,0,0,9,4,E01008198,3,1,0.0,1.0,-1,6,30,1,1,1,16:37,4,2,9
2023161393300,2023,161393300,1,1,2,2,51,8,3,0,0,1,0,0,9,1,E01013142,3,1,0.0,1.0,-1,6,30,2,1,2,12:09,7,2,9
2023371347925,2023,371347925,3,3,1,2,52,8,3,0,0,0,0,0,9,10,E01030179,3,1,0.0,1.0,-1,6,40,1,1,1,10:50,7,3,9
2023010465561,2023,010465561,1,1,1,1,36,7,3,0,0,0,0,0,1,3,E01004393,-1,0,0.0,1.0,-1,9,20,1,1,1,07:05,3,2,1
2023010422421,2023,010422421,1,1,1,1,25,5,3,0,0,0,0,0,3,4,E01000559,-1,0,0.0,1.0,-1,9,20,9,7,9,18:01,6,2,3
2023010480451,2023,010480451,1,1,1,1,26,6,3,0,0,0,0,0,3,2,E01000483,-1,0,0.0,1.0,-1,9,30,1,4,2,16:40,1,2,3
2023010476448,2023,010476448,1,2,3,1,82,11,3,1,1,0,0,0,0,-1,-1,-1,0,0.0,1.0,-1,6,20,8,1,1,11:17,3,1,9
2023201299311,2023,201299311,1,1,3,1,13,3,3,1,9,0,0,0,0,2,E01010449,3,1,0.0,1.0,-1,6,30,1,1,1,08:30,3,1,-1
2023052302109,2023,052302109,2,1,1,2,50,8,3,0,0,0,0,0,9,4,E01006982,-1,0,0.02143,0.97857,-1,6,30,1,1,1,16:30,3,2,9
2023070780483,2023,070780483,2,1,1,2,58,9,3,0,0,0,0,0,9,6,E01018615,-1,0,0.00645,0.99355,-1,6,30,1,1,1,08:38,2,2,9
2023131286297,2023,131286297,1,1,1,2,40,7,3,0,0,0,0,0,9,3,E01010597,3,1,0.0,1.0,-1,6,30,5,1,2,16:16,2,2,9
2023201404966,2023,201404966,1,2,1,1,45,7,3,0,0,0,0,0,9,3,E01009164,3,1,0.0,1.0,-1,6,30,1,4,2,20:29,6,2,9
2023320276939,2023,320276939,1,2,1,1,67,10,3,0,0,0,0,0,9,7,E01013324,-1,0,0.11059,0.88941,-1,6,30,1,6,1,23:40,1,2,9
2023522301374,2023,522301374,2,1,1,2,34,6,3,0,0,0,0,0,9,-1,-1,-1,0,0.02161,0.97839,-1,6,40,1,1,1,08:15,4,2,9
2023010448292,2023,010448292,1,1,3,2,-1,-1,2,1,9,0,0,0,0,-1,-1,-1,0,1.0,0.0,-1,6,20,1,1,1,09:13,7,1,1
2023471296934,2023,471296934,1,1,3,1,13,3,3,6,7,0,0,0,0,4,E01016003,3,1,0.0,1.0,-1,6,20,1,1,1,10:45,7,1,9
2023052302782,2023,052302782,2,1,1,2,44,7,3,0,0,0,0,0,9,8,E01006992,-1,0,0.0228,0.9772,-1,6,30,1,4,1,18:03,7,2,9
2023122300405,2023,122300405,2,1,1,1,35,6,3,0,0,0,0,0,9,6,-1,-1,0,0.06324,0.93676,-1,3,70,1,1,1,15:29,5,3,9
2023010424317,2023,010424317,1,1,1,1,29,6,3,0,0,0,0,0,3,4,E01002583,-1,0,0.0,1.0,-1,9,30,9,7,9,21:40,6,2,3
2023010452811,2023,010452811,1,1,3,1,50,8,3,9,5,0,0,0,0,4,E01018778,-1,0,0.0,1.0,-1,3,40,1,1,1,14:00,3,1,9
2023071294304,2023,071294304,1,1,3,1,41,7,3,4,3,0,0,0,0,5,E01005876,-1,0,0.07674,0.92326,-1,6,30,1,4,1,20:15,3,1,9
2023061323096,2023,061323096,1,1,3,1,47,8,3,9,6,0,0,0,0,-1,-1,3,1,0.0,1.0,-1,6,30,1,1,1,09:20,3,1,9
2023131328773,2023,131328773,2,1,1,1,12,3,3,0,0,0,0,0,1,1,E01011792,3,1,0.0,1.0,-1,6,30,1,1,1,16:47,4,2,1
2023461326425,2023,461326425,1,1,1,1,-1,-1,3,0,0,0,0,0,1,-1,-1,3,1,0.0,1.0,-1,6,30,1,1,1,11:50,2,1,1
2023552300862,2023,552300862,2,1,1,1,58,9,3,0,0,0,0,0,1,7,E01020549,-1,0,0.0997,0.9003,-1,6,30,1,1,1,12:58,1,2,1
2023010455881,2023,010455881,1,1,1,1,25,5,3,0,0,0,0,0,3,1,E01001786,-1,0,0.0,1.0,-1,6,20,1,1,1,12:39,3,2,3
2023061377572,2023,061377572,1,1,3,2,50,8,3,5,3,0,0,0,0,8,E01006018,3,1,0.0,1.0,-1,6,30,1,1,1,15:15,3,1,9
2023201284345,2023,201284345,1,2,3,2,76,11,3,5,3,0,0,0,0,1,E01009136,3,1,0.0,1.0,-1,6,30,2,1,2,14:04,4,1,9
2023340WN5942,2023,340WN5942,2,1,1,1,35,6,3,0,0,0,0,0,5,4,E01028466,-1,0,0.16523,0.83477,-1,1,60,1,1,1,11:44,7,2,5
2023430514133,2023,430514133,1,1,1,1,50,8,2,0,0,0,0,0,5,-1,-1,-1,0,1.0,0.0,-1,3,30,1,4,1,16:35,4,1,5
2023520300973,2023,520300973,1,1,1,1,18,4,3,0,0,0,0,0,4,4,E01032036,-1,0,0.05849,0.94151,-1,1,60,1,1,1,06:56,6,2,4
2023131321250,2023,131321250,3,1,1,1,54,8,3,0,0,0,0,0,9,1,E01011901,3,1,0.0,1.0,-1,3,70,1,1,1,16:36,3,4,9
2023131379639,2023,131379639,2,1,1,2,41,7,3,0,0,0,0,0,9,4,E01011098,3,1,0.0,1.0,-1,3,70,2,4,2,16:11,2,3,9
2023991433671,2023,991433671,2,1,1,1,34,6,3,0,0,0,0,0,9,-1,-1,3,1,0.0,1.0,-1,6,20,2,4,2,17:25,7,2,9
2023421377890,2023,421377890,1,1,1,1,34,6,3,0,0,0,0,0,21,4,E01021868,3,1,0.0,1.0,-1,3,70,1,5,1,06:30,5,3,21
2023010437455,2023,010437455,1,1,1,1,57,9,3,0,0,0,0,0,2,7,E01004627,-1,0,0.0,1.0,-1,6,30,1,1,1,16:58,5,1,2
2023010420585,2023,010420585,1,1,1,1,32,6,3,0,0,0,0,0,3,4,E01003376,-1,0,0.0,1.0,-1,9,20,2,1,2,14:20,1,2,3
2023010469374,2023,010469374,1,1,1,2,29,6,3,0,0,0,0,0,3,3,E01000578,-1,0,0.0,1.0,-1,2,20,1,1,1,17:45,1,2,3
2023421324972,2023,421324972,1,1,1,1,55,8,3,0,0,0,0,0,5,1,E01001559,3,1,0.0,1.0,-1,6,60,1,1,1,09:45,1,2,5
2023991329685,2023,991329685,1,1,3,1,82,11,2,10,1,0,0,2,0,4,-1,7,1,1.0,0.0,-1,6,30,1,1,1,11:15,7,1,9
2023201333066,2023,201333066,2,1,1,1,12,3,2,0,0,0,0,0,1,4,E01009689,6,1,1.0,0.0,-1,6,30,1,1,1,15:40,6,2,1
2023010441305,2023,010441305,1,1,3,1,84,11,3,5,1,0,0,0,0,3,E01004453,-1,0,0.0,1.0,-1,6,20,2,1,2,12:40,6,1,3
2023161281524,2023,161281524,2,1,1,2,37,7,3,0,0,0,0,0,1,5,E01033414,3,1,0.0,1.0,-1,6,30,2,4,2,17:55,3,2,1
2023522323000,2023,522323000,2,1,1,1,20,4,3,0,0,0,0,0,1,8,E01014669,-1,0,0.03716,0.96284,-1,1,20,1,4,1,18:37,2,2,1
2023131349776,2023,131349776,1,1,3,1,51,8,2,10,7,0,0,2,0,1,E01010711,7,1,1.0,0.0,-1,2,20,1,1,1,16:35,4,1,11
2023531314294,2023,531314294,1,1,3,2,35,6,3,6,9,0,0,0,0,9,E01022174,3,1,0.0,1.0,-1,6,30,9,1,1,16:20,5,1,98
2023111295299,2023,111295299,1,3,2,1,92,11,3,0,0,2,0,0,9,3,E01020653,3,1,0.0,1.0,-1,6,30,3,1,3,15:59,3,3,9
2023311292115,2023,311292115,2,2,1,2,60,9,3,0,0,0,0,0,9,3,E01025703,3,1,0.0,1.0,-1,6,30,1,1,1,13:50,5,2,9
2023461383817,2023,461383817,2,5,2,2,4,1,3,0,0,0,4,0,11,4,E01024533,3,1,0.0,1.0,-1,6,30,1,1,1,11:37,7,2,11
2023010458578,2023,010458578,1,1,2,2,80,11,2,0,0,1,0,0,9,9,E01002539,-1,0,1.0,0.0,-1,6,30,2,1,2,17:19,4,1,9
2023010481796,2023,010481796,3,3,2,1,20,4,3,0,0,1,0,0,9,2,E01003726,-1,0,0.0,1.0,-1,6,30,2,4,2,19:46,1,3,9
2023131378737,2023,131378737,1,1,1,2,23,5,3,0,0,0,0,0,9,4,E01006187,3,1,0.0,1.0,-1,3,30,1,4,1,17:15,3,2,9
2023161393554,2023,161393554,1,1,1,1,47,8,3,0,0,0,0,0,9,1,E01012908,3,1,0.0,1.0,-1,6,30,1,4,2,20:30,6,2,9
2023451315653,2023,451315653,2,1,1,2,55,8,3,0,0,0,0,0,9,3,E01002429,3,1,0.0,1.0,-1,6,30,1,1,1,14:57,3,2,9
2023461329248,2023,461329248,2,3,2,2,11,3,3,0,0,2,0,0,9,2,E01016068,3,1,0.0,1.0,-1,3,30,1,1,1,18:49,7,2,9
2023531348418,2023,531348418,2,1,1,1,49,8,3,0,0,0,0,0,9,4,E01022450,3,1,0.0,1.0,-1,6,30,1,1,1,10:20,2,2,9
2023430032159,2023,430032159,4,5,2,2,48,8,2,0,0,1,0,0,9,2,E01009998,-1,0,1.0,0.0,-1,3,70,1,1,1,08:13,2,6,9
2023501332995,2023,501332995,1,3,2,2,14,3,2,0,0,2,0,0,9,-1,-1,5,1,1.0,0.0,-1,6,60,1,1,1,09:59,4,1,9
2023131342500,2023,131342500,2,3,2,1,35,6,3,0,0,1,0,0,9,3,E01002313,3,1,0.0,1.0,-1,1,30,1,1,1,05:28,4,2,9
2023061352352,2023,061352352,1,1,1,1,30,6,3,0,0,0,0,0,-1,-1,-1,3,1,0.0,1.0,-1,6,30,1,1,1,17:45,6,2,-1
2023010472333,2023,010472333,1,1,1,2,35,6,3,0,0,0,0,0,1,3,E01003989,-1,0,0.0,1.0,-1,9,20,1,1,1,17:50,2,2,1
2023522300926,2023,522300926,1,1,1,1,34,6,3,0,0,0,0,0,5,7,E01014702,-1,0,0.07853,0.92147,-1,1,30,1,1,1,09:10,7,2,5
2023320473898,2023,320473898,2,1,1,2,53,8,3,0,0,0,0,0,19,1,E01027127,-1,0,0.10118,0.89882,-1,6,60,2,6,2,22:15,2,3,19
2023010459415,2023,010459415,1,1,1,2,70,10,3,0,0,0,0,0,9,8,E01004170,-1,0,0.0,1.0,-1,6,30,1,1,1,19:10,2,2,9
2023461298156,2023,461298156,1,1,3,1,-1,-1,3,6,9,0,0,0,0,-1,-1,3,1,0.0,1.0,-1,6,30,2,1,2,18:25,6,1,9
2023041380021,2023,041380021,1,1,1,1,38,7,2,0,0,0,0,0,3,1,E01007055,6,1,1.0,0.0,-1,6,30,1,1,1,10:45,3,2,3
2023010470077,2023,010470077,1,1,1,2,26,6,3,0,0,0,0,0,9,2,E01033486,-1,0,0.0,1.0,-1,9,20,9,1,9,08:30,5,2,9
2023302301932,2023,302301932,1,1,1,2,35,6,3,0,0,0,0,0,9,7,E01019490,-1,0,0.01937,0.98063,-1,6,30,1,1,2,13:16,4,2,9
2023421341222,2023,421341222,2,4,1,1,48,8,3,0,0,0,0,0,9,2,E01023338,3,1,0.0,1.0,-1,7,50,1,1,1,15:01,1,2,9
2023451349280,2023,451349280,1,1,1,2,40,7,3,0,0,0,0,0,9,5,E01030812,3,1,0.0,1.0,-1,6,30,1,1,1,16:15,6,2,9
2023461394574,2023,461394574,1,1,1,1,19,4,3,0,0,0,0,0,9,5,E01024095,3,1,0.0,1.0,-1,6,30,1,4,1,21:58,6,4,9
2023010441538,2023,010441538,1,1,1,1,53,8,3,0,0,0,0,0,9,-1,-1,-1,0,0.0,1.0,-1,6,20,1,1,2,19:06,7,3,9
2023041355523,2023,041355523,1,2,2,2,83,11,3,0,0,1,0,0,9,9,E01025324,3,1,0.0,1.0,-1,6,30,1,1,1,13:50,7,1,9
2023201461584,2023,201461584,2,3,2,2,25,5,3,0,0,2,0,0,9,1,E01009026,3,1,0.0,1.0,-1,6,30,1,1,1,12:45,2,2,9
2023471260171,2023,471260171,1,2,2,2,19,4,3,0,0,1,0,0,9,7,E01022924,3,1,0.0,1.0,-1,6,40,1,4,2,04:30,6,1,9
2023545306523,2023,545306523,2,2,2,1,48,8,3,0,0,1,0,0,9,10,E01031948,-1,0,0.00651,0.99349,-1,1,30,1,1,1,11:32,1,2,9
202360A129504,2023,60A129504,2,3,2,1,6,2,3,0,0,2,0,0,9,-1,-1,-1,0,0.04581,0.95419,-1,6,60,2,1,2,11:28,2,3,9
2023131321429,2023,131321429,1,1,3,2,29,6,2,5,3,0,0,2,0,-1,-1,7,1,1.0,0.0,-1,6,30,1,1,1,09:00,4,1,19
2023010429992,2023,010429992,1,1,1,1,50,8,2,0,0,0,0,0,1,2,E01001931,-1,0,1.0,0.0,-1,2,20,1,1,1,08:15,3,2,1
2023010431300,2023,010431300,1,1,3,2,64,9,2,1,3,0,0,0,0,3,E01002521,-1,0,1.0,0.0,-1,6,30,2,4,2,18:14,5,1,9
2023010444472,2023,010444472,1,2,3,2,41,7,3,4,2,0,0,0,0,4,E01004414,-1,0,0.0,1.0,-1,6,30,1,1,1,16:00,2,1,1
2023122301184,2023,122301184,1,1,1,1,20,4,3,0,0,0,0,0,3,4,E01027832,-1,0,0.19539,0.80461,-1,6,40,2,1,2,00:01,6,2,3
2023010463163,2023,010463163,1,1,1,1,15,3,2,0,0,0,0,0,1,4,E01003255,-1,0,1.0,0.0,-1,7,30,1,1,9,10:50,6,2,1
2023161314206,2023,161314206,1,1,3,2,23,5,3,1,1,0,0,0,0,9,E01012770,3,1,0.0,1.0,-1,3,30,1,4,1,21:13,4,1,9
2023991340879,2023,991340879,2,2,1,2,35,6,1,0,0,0,0,0,5,-1,-1,1,1,0.0,0.0,-1,6,50,1,1,2,21:25,6,3,5
2023311367503,2023,311367503,1,1,1,2,52,8,3,0,0,0,0,0,9,2,E01013945,3,1,0.0,1.0,-1,6,40,1,4,2,18:56,1,2,9
2023041298556,2023,041298556,2,4,1,2,33,6,3,0,0,0,0,0,9,2,E01025503,3,1,0.0,1.0,-1,6,40,1,1,1,11:00,5,2,9
2023131265453,2023,131265453,2,1,1,2,47,8,3,0,0,0,0,0,9,4,E01011489,3,1,0.0,1.0,-1,6,40,1,1,2,08:45,5,2,9
2023302301125,2023,302301125,2,3,1,2,56,9,3,0,0,0,0,0,9,9,E01019879,-1,0,0.06778,0.93222,-1,6,40,1,1,1,16:15,1,2,9
2023351301600,2023,351301600,2,1,1,2,48,8,3,0,0,0,0,0,9,6,E01018016,3,1,0.0,1.0,-1,6,30,1,1,1,18:20,2,2,9
2023430379667,2023,430379667,1,3,2,1,21,5,3,0,0,2,0,0,9,9,E01028799,-1,0,0.05586,0.94414,-1,6,50,1,4,1,03:00,5,1,9
2023302300402,2023,302300402,2,1,1,1,51,8,3,0,0,0,0,0,9,1,E01013486,-1,0,0.0852,0.9148,-1,6,30,1,4,2,22:04,4,2,9
2023302301522,2023,302301522,1,1,2,2,45,7,2,0,0,1,0,0,9,1,E01028247,-1,0,1.0,0.0,-1,3,70,1,1,1,16:30,4,2,9
2023471281056,2023,471281056,1,1,1,1,28,6,2,0,0,0,0,0,9,5,E01031750,7,1,1.0,0.0,-1,6,30,1,4,1,17:42,2,2,9
2023041275831,2023,041275831,2,2,2,2,51,8,3,0,0,1,0,0,9,6,E01025433,3,1,0.0,1.0,-1,3,70,1,6,1,22:35,2,2,9
2023211358590,2023,211358590,2,2,2,2,65,9,3,0,0,1,0,0,9,4,E01029535,3,1,0.0,1.0,-1,6,30,1,1,1,07:45,7,2,9
2023361366861,2023,361366861,1,2,2,2,81,11,2,0,0,1,0,0,9,4,E01018096,6,1,1.0,0.0,-1,6,60,1,1,1,13:30,6,1,9
2023371334022,2023,371334022,3,1,1,2,24,5,3,0,0,0,0,0,9,-1,-1,3,1,0.0,1.0,-1,6,30,2,4,2,21:15,4,3,9
2023461377933,2023,461377933,2,2,1,2,58,9,3,0,0,0,0,0,9,8,E01024803,3,1,0.0,1.0,-1,6,60,1,6,1,19:54,1,2,9
2023071230320,2023,071230320,1,1,1,2,25,5,3,0,0,0,0,0,19,4,E01012478,-1,0,0.03576,0.96424,-1,3,40,1,1,1,15:32,3,2,19
2023010452503,2023,010452503,1,2,2,2,23,5,3,0,0,2,0,0,9,1,E01002089,-1,0,0.0,1.0,-1,6,20,1,4,1,01:40,7,2,9
2023101281352,2023,101281352,2,1,1,2,63,9,3,0,0,0,0,0,9,4,E01008226,3,1,0.0,1.0,-1,1,30,1,1,1,07:40,5,2,9
2023201376936,2023,201376936,2,1,1,2,25,5,2,0,0,0,0,0,9,7,E01010243,5,1,1.0,0.0,-1,6,30,1,4,1,18:45,3,2,9
2023010426748,2023,010426748,2,2,1,2,44,7,3,0,0,0,0,0,9,6,E01004491,-1,0,0.0,1.0,-1,6,20,1,1,2,07:30,1,2,9
2023371351330,2023,371351330,2,1,1,2,61,9,3,0,0,0,0,0,9,2,E01030029,3,1,0.0,1.0,-1,3,70,1,1,1,12:32,2,2,9
2023371378110,2023,371378110,1,2,2,2,17,4,3,0,0,1,0,0,9,3,E01030077,3,1,0.0,1.0,-1,3,70,1,4,1,06:42,2,2,9
2023451382610,2023,451382610,2,2,1,2,35,6,3,0,0,0,0,0,9,5,E01023867,3,1,0.0,1.0,-1,1,30,2,4,2,16:30,2,2,9
2023552301082,2023,552301082,1,3,1,1,39,7,3,0,0,0,0,0,9,9,E01032642,-1,0,0.04607,0.95393,-1,3,40,1,1,1,12:37,2,2,9
2023610001523,2023,610001523,1,1,1,2,38,7,3,0,0,0,0,0,9,5,W01001350,-1,0,0.04243,0.95757,-1,1,30,2,1,2,15:14,7,2,9
2023430130597,2023,430130597,1,1,2,1,27,6,3,0,0,0,0,0,19,3,E01016353,-1,0,0.11986,0.88014,-1,6,60,1,1,2,11:03,6,1,19
2023010484918,2023,010484918,2,1,2,1,0,1,3,0,0,9,0,0,9,2,E01001943,-1,0,0.0,1.0,-1,2,20,1,4,1,05:30,1,2,9
2023302301361,2023,302301361,2,1,1,1,60,9,3,0,0,0,0,0,9,7,E01019419,-1,0,0.01519,0.98481,-1,6,40,1,1,1,15:45,2,2,9
2023421290568,2023,421290568,1,1,1,2,29,6,1,0,0,0,0,0,9,3,E01021852,1,1,0.0,0.0,-1,6,60,1,6,1,20:25,7,2,9
2023421386673,2023,421386673,3,2,1,2,58,9,3,0,0,0,0,0,9,10,E01021616,3,1,0.0,1.0,-1,7,50,4,1,1,10:16,2,3,9
2023430580038,2023,430580038,2,1,1,2,47,8,2,0,0,0,0,0,9,9,E01028618,-1,0,1.0,0.0,-1,6,50,1,6,2,07:25,6,3,9
2023411296361,2023,411296361,1,2,2,1,29,6,3,0,0,0,0,0,19,1,E01002081,3,1,0.0,1.0,-1,6,30,1,4,1,17:12,4,2,19
2023041381093,2023,041381093,2,1,1,2,38,7,3,0,0,0,0,0,9,7,E01025362,3,1,0.0,1.0,-1,6,30,1,4,2,18:43,5,2,9
2023201395487,2023,201395487,1,1,1,1,66,10,3,0,0,0,0,0,9,1,E01008941,3,1,0.0,1.0,-1,6,30,1,1,1,14:30,7,2,9
2023320795471,2023,320795471,1,1,1,2,84,11,3,0,0,0,0,0,9,4,E01026183,-1,0,0.07037,0.92963,-1,6,30,1,1,1,10:05,6,1,9
2023522301352,2023,522301352,1,1,1,2,26,6,3,0,0,0,0,0,9,9,E01014748,-1,0,0.00199,0.99801,-1,6,30,1,1,1,19:00,3,2,9
2023991294510,2023,991294510,2,2,1,2,29,6,3,0,0,0,0,0,9,10,-1,3,1,0.0,1.0,-1,6,60,1,6,1,20:10,5,3,9
2023221343922,2023,221343922,2,1,1,1,26,6,2,0,0,0,0,0,5,3,E01032267,7,1,1.0,0.0,-1,6,30,1,1,1,20:00,7,2,5
2023010443739,2023,010443739,1,1,3,1,55,8,3,5,9,0,0,0,0,6,E01003397,-1,0,0.0,1.0,-1,6,20,1,1,1,17:00,5,1,3
2023141366993,2023,141366993,2,1,1,2,-1,-1,3,0,0,0,0,0,1,9,E01007617,3,1,0.0,1.0,-1,6,30,1,1,2,09:30,4,2,1
2023311343574,2023,311343574,2,1,1,1,35,6,3,0,0,0,0,0,4,4,E01027963,3,1,0.0,1.0,-1,6,30,9,1,1,16:30,6,2,4