collision_index,collision_year,collision_ref_no,vehicle_reference,casualty_reference,casualty_class,sex_of_casualty,age_of_casualty,age_band_of_casualty,casualty_severity,pedestrian_location,pedestrian_movement,car_passenger,bus_or_coach_passenger,pedestrian_road_maintenance_worker,casualty_type,casualty_imd_decile,lsoa_of_casualty,enhanced_casualty_severity,casualty_injury_based,casualty_adjusted_severity_serious,casualty_adjusted_severity_slight,casualty_distance_banding,road_type,speed_limit,weather_conditions,light_conditions,road_surface_conditions,time,day_of_week,number_of_vehicles,vehicle_type
2023010470185,2023,010470185,1,1,1,1,27,6,3,0,0,0,0,0,5,2,E01001432,-1,0,0.0,1.0,-1,6,20,1,1,1,16:38,5,3,5
2023320068977,2023,320068977,2,1,1,1,39,7,3,0,0,0,0,0,1,2,E01026175,-1,0,0.14518,0.85482,-1,6,30,1,1,1,11:15,5,2,1
2023471310534,2023,471310534,1,1,1,1,-1,-1,3,0,0,0,0,0,3,-1,-1,3,1,0.0,1.0,-1,6,30,1,1,1,07:45,5,2,3
2023010451162,2023,010451162,1,1,3,1,55,8,3,6,9,0,0,0,0,8,E01000173,-1,0,0.0,1.0,-1,9,30,1,1,1,13:30,7,1,9
2023131259273,2023,131259273,2,1,1,1,42,7,2,0,0,0,0,0,8,3,E01010810,7,1,1.0,0.0,-1,6,30,1,4,4,00:42,3,2,8
2023010475466,2023,010475466,1,3,3,1,32,6,3,6,9,0,0,0,0,5,E01003842,-1,0,0.0,1.0,-1,6,20,2,1,2,09:52,5,2,19
2023201433825,2023,201433825,1,2,2,1,28,6,3,0,0,1,0,0,9,6,E01009749,3,1,0.0,1.0,-1,6,30,1,4,1,23:03,6,1,9
2023211345245,2023,211345245,2,1,1,1,27,6,3,0,0,0,0,0,9,-1,-1,3,1,0.0,1.0,-1,3,70,1,1,-1,16:30,6,3,9
2023231388150,2023,231388150,2,1,1,1,48,8,3,0,0,0,0,0,9,4,E01009087,3,1,0.0,1.0,-1,7,70,1,1,2,07:50,4,2,9
2023531323379,2023,531323379,2,2,1,2,37,7,3,0,0,0,0,0,9,-1,-1,3,1,0.0,1.0,-1,1,40,1,1,1,15:56,3,2,9
2023131327017,2023,131327017,1,1,1,1,66,10,2,0,0,0,0,0,20,2,E01011502,6,1,1.0,0.0,-1,6,30,1,1,1,13:50,6,2,20
2023332300940,2023,332300940,1,1,3,1,6,2,3,5,3,0,0,0,0,4,E01013714,-1,0,0.05788,0.94212,-1,6,30,1,1,1,15:40,4,1,9
2023991367428,2023,991367428,2,1,1,1,19,4,2,0,0,0,0,0,1,6,-1,6,1,1.0,0.0,-1,6,30,8,1,2,15:02,1,2,1
2023010486289,2023,010486289,1,1,1,1,19,4,3,0,0,0,0,0,3,5,E01003140,-1,0,0.0,1.0,-1,3,30,1,4,1,16:18,4,2,3
2023010461840,2023,010461840,1,1,1,1,56,9,3,0,0,0,0,0,9,2,E01001667,-1,0,0.0,1.0,-1,6,30,1,1,1,12:50,2,2,9
2023320440706,2023,320440706,1,2,2,2,19,4,3,0,0,1,0,0,9,8,E01026269,-1,0,0.06148,0.93852,-1,6,60,1,1,2,11:00,2,3,9
2023052300089,2023,052300089,2,1,1,1,39,7,3,0,0,0,0,0,9,2,E01006785,-1,0,0.11796,0.88204,-1,3,40,1,1,1,13:00,2,3,9
2023302300424,2023,302300424,1,1,3,1,9,2,3,5,1,0,0,0,0,8,E01013593,-1,0,0.07032,0.92968,-1,6,30,5,1,2,08:30,2,1,8
2023010424106,2023,010424106,1,1,1,2,39,7,3,0,0,0,0,0,9,2,E01002710,-1,0,0.0,1.0,-1,3,20,2,4,1,00:51,1,2,9
2023141296756,2023,141296756,2,2,1,1,81,11,3,0,0,0,0,0,9,1,E01007472,3,1,0.0,1.0,-1,6,60,2,1,2,14:36,6,2,9
2023211378949,2023,211378949,1,1,1,2,38,7,3,0,0,0,0,0,9,1,E01014305,3,1,0.0,1.0,-1,6,30,1,4,1,18:53,6,2,9
2023451317254,2023,451317254,1,3,2,2,47,8,3,0,0,2,0,0,9,2,E01003168,3,1,0.0,1.0,-1,9,30,1,4,1,22:25,7,2,9
2023522300602,2023,522300602,1,3,2,1,56,9,3,0,0,1,0,0,9,5,E01033339,-1,0,0.06196,0.93804,-1,6,60,1,6,4,17:30,2,2,9
2023531316882,2023,531316882,1,2,1,1,38,7,3,0,0,0,0,0,9,3,W01001676,3,1,0.0,1.0,-1,3,60,1,1,1,13:40,6,2,9
2023552301403,2023,552301403,2,2,2,1,16,4,3,0,0,1,0,0,9,2,E01015304,-1,0,0.03819,0.96181,-1,6,40,1,1,1,16:33,4,3,9
2023010453843,2023,010453843,1,1,1,-1,22,5,3,0,0,0,0,0,1,6,E01001741,-1,0,0.0,1.0,-1,6,20,1,1,1,11:00,6,1,1
2023411384378,2023,411384378,2,1,1,1,34,6,3,0,0,0,0,0,3,7,E01023892,3,1,0.0,1.0,-1,6,30,1,4,1,19:00,4,2,3
2023010421532,2023,010421532,1,1,1,1,38,7,3,0,0,0,0,0,4,7,E01030332,-1,0,0.0,1.0,-1,6,20,8,1,2,13:50,4,2,4
2023201409713,2023,201409713,1,1,1,1,22,5,3,0,0,0,0,0,9,9,E01010390,3,1,0.0,1.0,-1,6,30,1,1,2,15:17,7,2,9
2023201411274,2023,201411274,2,1,1,1,45,7,3,0,0,0,0,0,9,7,E01009039,3,1,0.0,1.0,-1,7,30,1,1,1,09:55,6,2,9
2023311350756,2023,311350756,1,1,1,2,33,6,3,0,0,0,0,0,9,4,E01026230,3,1,0.0,1.0,-1,6,30,1,1,1,14:30,4,2,9
2023451330718,2023,451330718,1,1,2,1,5,1,3,0,0,0,1,0,11,7,E01030993,3,1,0.0,1.0,-1,6,30,1,1,1,07:55,3,1,11
2023461297616,2023,461297616,1,1,2,2,76,11,2,0,0,1,0,0,9,8,E01024653,7,1,1.0,0.0,-1,6,30,1,1,1,11:08,1,2,9
2023201301545,2023,201301545,1,1,2,2,16,4,3,0,0,1,0,0,9,1,E01010541,3,1,0.0,1.0,-1,6,30,1,4,1,21:25,7,1,9
2023501303455,2023,501303455,1,1,1,1,20,4,3,0,0,0,0,0,9,1,E01015152,3,1,0.0,1.0,-1,3,40,1,1,1,06:15,4,1,9
2023010447465,2023,010447465,2,1,1,2,53,8,3,0,0,0,0,0,1,9,E01003749,-1,0,0.0,1.0,-1,1,40,1,1,1,08:10,4,2,1
2023010459267,2023,010459267,2,1,1,1,35,6,2,0,0,0,0,0,1,-1,-1,-1,0,1.0,0.0,-1,6,20,1,4,1,21:59,1,2,1
2023302300936,2023,302300936,1,1,1,1,49,8,3,0,0,0,0,0,1,5,E01008104,-1,0,0.10544,0.89456,-1,6,30,1,1,1,10:30,1,2,1
2023421367099,2023,421367099,1,1,3,1,75,10,1,1,1,0,0,0,0,3,E01015884,1,1,0.0,0.0,-1,3,30,1,1,1,16:55,4,1,9
2023471373393,2023,471373393,1,1,3,2,70,10,2,5,3,0,0,0,0,10,E01030626,7,1,1.0,0.0,-1,6,20,2,1,2,09:50,6,1,9
2023411367605,2023,411367605,1,1,3,2,59,9,3,6,9,0,0,0,0,-1,-1,3,1,0.0,1.0,-1,9,20,2,1,2,17:15,7,1,9
2023991360239,2023,991360239,1,1,3,2,19,4,2,10,1,0,0,2,0,-1,-1,5,1,1.0,0.0,-1,6,20,1,1,1,12:44,6,1,9
2023320616744,2023,320616744,2,1,1,2,37,7,3,0,0,0,0,0,9,5,E01026283,-1,0,0.01027,0.98973,-1,6,30,1,1,1,16:40,4,2,9
2023430472552,2023,430472552,1,1,1,2,50,8,3,0,0,0,0,0,9,9,E01016703,-1,0,0.05761,0.94239,-1,6,40,1,1,2,15:25,6,2,9
2023610028523,2023,610028523,1,3,2,2,73,10,2,0,0,1,0,0,9,7,W01001484,-1,0,1.0,0.0,-1,3,70,1,1,1,11:47,2,4,9
2023201291628,2023,201291628,2,1,1,1,36,7,3,0,0,0,0,0,1,1,E01010452,3,1,0.0,1.0,-1,6,30,1,1,1,14:10,1,2,1
2023522400030,2023,522400030,2,2,1,1,14,3,3,0,0,0,0,0,-1,4,E01032516,-1,0,0.06905,0.93095,-1,2,30,1,1,1,19:00,4,2,-1
2023041300861,2023,041300861,2,1,1,2,51,8,3,0,0,0,0,0,9,2,E01012709,3,1,0.0,1.0,-1,6,30,1,1,1,16:54,3,2,9
2023161294908,2023,161294908,1,1,2,1,6,2,2,0,0,2,0,0,9,1,E01013229,6,1,1.0,0.0,-1,6,30,1,4,1,19:25,7,2,9
2023201291227,2023,201291227,2,2,2,2,19,4,3,0,0,1,0,0,9,6,E01029529,3,1,0.0,1.0,-1,6,30,2,4,2,17:24,2,2,9
2023041297194,2023,041297194,2,1,2,2,21,5,3,0,0,1,0,0,9,3,E01024891,3,1,0.0,1.0,-1,6,30,1,1,1,18:36,1,2,9
2023141325444,2023,141325444,2,1,1,1,54,8,2,0,0,0,0,0,9,3,E01027931,7,1,1.0,0.0,-1,6,60,2,1,2,12:30,2,2,9
2023461360876,2023,461360876,2,1,1,2,24,5,3,0,0,0,0,0,9,7,E01024540,3,1,0.0,1.0,-1,9,50,1,1,1,17:24,4,2,9
202354A375823,2023,54A375823,2,2,2,2,61,9,3,0,0,0,0,0,19,8,E01032088,-1,0,0.05068,0.94932,-1,6,40,1,1,1,12:06,7,2,19
2023141296054,2023,141296054,2,3,1,2,51,8,2,0,0,0,0,0,9,6,E01008078,6,1,1.0,0.0,-1,3,30,2,4,2,21:30,2,2,9
2023451377292,2023,451377292,1,1,1,1,53,8,3,0,0,0,0,0,9,7,E01030613,3,1,0.0,1.0,-1,3,50,1,6,1,16:50,3,2,9
2023461382859,2023,461382859,2,3,2,1,85,11,3,0,0,1,0,0,9,5,E01016088,3,1,0.0,1.0,-1,6,50,1,1,1,13:16,5,2,9
2023531422951,2023,531422951,2,1,1,1,65,9,3,0,0,0,0,0,9,10,E01022170,3,1,0.0,1.0,-1,3,30,9,1,1,14:30,4,2,9
2023440176145,2023,440176145,2,2,1,1,56,9,3,0,0,0,0,0,19,9,E01031995,-1,0,0.03104,0.96896,-1,3,70,2,1,2,08:59,6,2,19
2023622300098,2023,622300098,2,5,2,1,23,5,3,0,0,1,0,0,9,4,W01000750,-1,0,0.01111,0.98889,-1,6,60,1,1,4,08:09,4,4,9
2023421364925,2023,421364925,1,1,1,1,53,8,3,0,0,0,0,0,9,5,E01015949,3,1,0.0,1.0,-1,6,50,8,4,2,04:55,6,2,9
2023451274966,2023,451274966,2,1,1,2,53,8,3,0,0,0,0,0,9,8,E01002979,3,1,0.0,1.0,-1,6,30,1,4,1,18:22,6,2,9
2023311272255,2023,311272255,1,2,2,2,30,6,3,0,0,0,0,0,-1,-1,-1,3,1,0.0,1.0,-1,6,30,1,4,1,17:38,4,2,-1
2023131307048,2023,131307048,1,2,2,2,22,5,2,0,0,1,0,0,9,4,E01007587,7,1,1.0,0.0,-1,3,70,1,1,1,18:13,7,2,9
2023542154523,2023,542154523,2,2,1,1,58,9,3,0,0,0,0,0,9,6,E01020449,-1,0,0.07852,0.92148,-1,6,60,1,1,1,11:24,2,2,9
2023302300501,2023,302300501,1,1,1,1,64,9,2,0,0,0,0,0,19,1,E01009097,-1,0,1.0,0.0,-1,6,60,1,1,1,06:25,5,2,19
2023010476453,2023,010476453,1,1,1,1,40,7,3,0,0,0,0,0,3,3,E01003141,-1,0,0.0,1.0,-1,6,20,1,1,1,08:30,4,2,3
2023411320808,2023,411320808,2,1,1,2,50,8,3,0,0,0,0,0,9,10,E01023588,3,1,0.0,1.0,-1,6,20,2,1,2,14:10,2,2,9
2023010466304,2023,010466304,2,1,1,2,47,8,3,0,0,0,0,0,1,3,E01003979,-1,0,0.0,1.0,-1,2,20,1,1,1,19:26,6,2,1
2023451334119,2023,451334119,1,1,1,1,20,4,3,0,0,0,0,0,3,9,E01032626,3,1,0.0,1.0,-1,3,70,2,1,2,19:38,4,2,3
2023451377795,2023,451377795,3,2,1,1,42,7,3,0,0,0,0,0,19,7,E01000156,3,1,0.0,1.0,-1,3,70,1,6,1,18:00,4,4,19
2023070158151,2023,070158151,1,1,2,2,27,6,3,0,0,1,0,0,9,1,E01005071,-1,0,0.03329,0.96671,-1,9,70,1,1,1,15:20,5,5,9
2023351394761,2023,351394761,2,3,2,1,83,11,3,0,0,1,0,0,9,10,E01018130,3,1,0.0,1.0,-1,6,60,1,6,2,17:57,1,2,9
2023361391179,2023,361391179,2,1,2,2,60,9,3,0,0,-1,0,0,9,-1,-1,3,1,0.0,1.0,-1,6,40,1,1,1,11:40,4,2,9
2023622301004,2023,622301004,1,2,2,1,1,1,3,0,0,2,0,0,9,3,W01001312,-1,0,0.04647,0.95353,-1,6,30,1,4,2,20:50,1,3,9
2023631318731,2023,631318731,1,7,1,1,24,5,2,0,0,0,0,0,9,5,W01000060,6,1,1.0,0.0,-1,6,30,1,1,1,16:15,4,2,9
2023161380549,2023,161380549,2,1,1,2,30,6,2,0,0,0,0,0,1,1,E01013201,7,1,1.0,0.0,-1,6,20,1,1,2,09:22,4,2,1
2023361356377,2023,361356377,2,1,1,1,41,7,3,0,0,0,0,0,1,7,E01026837,3,1,0.0,1.0,-1,6,30,2,1,2,16:03,2,2,1
2023471333261,2023,471333261,1,1,1,1,20,4,3,0,0,0,0,0,9,8,E01031659,3,1,0.0,1.0,-1,6,30,1,1,1,12:36,3,3,9
2023531319838,2023,531319838,1,4,2,1,18,4,3,0,0,1,0,0,9,1,E01022291,3,1,0.0,1.0,-1,3,40,1,4,1,22:50,6,2,9
2023010428849,2023,010428849,1,1,1,1,31,6,3,0,0,0,0,0,19,6,E01021473,-1,0,0.0,1.0,-1,6,20,1,1,1,01:00,5,2,19
2023471368713,2023,471368713,2,2,1,1,21,5,2,0,0,0,0,0,3,6,E01021125,5,1,1.0,0.0,-1,6,30,2,4,2,17:30,2,2,3
2023471350545,2023,471350545,1,1,3,2,40,7,3,4,3,0,0,2,0,3,E01016860,3,1,0.0,1.0,-1,6,20,1,1,1,16:32,6,1,9
2023520301541,2023,520301541,1,1,1,1,20,4,3,0,0,0,0,0,5,9,E01029273,-1,0,0.15691,0.84309,-1,6,30,1,1,1,18:11,7,2,5
2023111356365,2023,111356365,2,1,1,1,35,6,3,0,0,0,0,0,9,4,E01020643,3,1,0.0,1.0,-1,6,30,1,1,1,17:20,7,2,9
2023430137816,2023,430137816,1,1,1,1,27,6,3,0,0,0,0,0,9,5,E01016483,-1,0,0.00372,0.99628,-1,6,30,1,1,1,17:31,3,2,9
202354D641623,2023,54D641623,2,1,1,1,30,6,3,0,0,0,0,0,9,10,E01031966,-1,0,0.08213,0.91787,-1,6,60,2,6,2,17:17,2,2,9
2023311307208,2023,311307208,1,2,2,1,20,4,2,0,0,0,0,0,-1,-1,-1,6,1,1.0,0.0,-1,6,30,2,4,2,02:20,7,1,-1
2023010472416,2023,010472416,1,1,2,1,-1,-1,3,0,0,1,0,0,9,-1,-1,-1,0,0.0,1.0,-1,6,20,1,1,1,08:23,3,3,9
2023070149091,2023,070149091,1,2,2,1,5,1,3,0,0,2,0,0,9,2,E01012433,-1,0,0.07152,0.92848,-1,6,50,1,1,1,16:12,2,3,9
2023302300811,2023,302300811,3,3,2,2,24,5,3,0,0,1,0,0,9,2,E01019647,-1,0,0.05912,0.94088,-1,6,40,1,1,1,18:55,3,3,9
2023471349777,2023,471349777,1,1,1,1,78,11,3,0,0,0,0,0,9,7,E01020970,3,1,0.0,1.0,-1,6,60,1,1,1,14:50,4,2,9
2023061396271,2023,061396271,1,1,3,2,41,7,3,5,1,0,0,0,0,4,E01004796,3,1,0.0,1.0,-1,6,30,2,4,2,17:10,5,1,9
2023131309698,2023,131309698,2,1,1,1,20,4,3,0,0,0,0,0,9,5,E01010729,3,1,0.0,1.0,-1,6,30,1,1,1,11:00,1,2,9
2023131323307,2023,131323307,2,2,1,1,22,5,3,0,0,0,0,0,3,10,E01011709,3,1,0.0,1.0,-1,6,20,1,1,1,15:00,3,2,3
2023451360273,2023,451360273,3,1,1,1,52,8,3,0,0,0,0,0,3,6,E01030751,3,1,0.0,1.0,-1,6,40,1,1,1,13:35,6,3,3
2023010444481,2023,010444481,1,1,1,1,43,7,3,0,0,0,0,0,9,2,E01003479,-1,0,0.0,1.0,-1,7,50,1,1,1,04:42,7,1,9
2023061355602,2023,061355602,1,1,1,-1,20,4,3,0,0,0,0,0,9,-1,-1,3,1,0.0,1.0,-1,6,30,1,4,2,04:06,7,1,9
2023471313869,2023,471313869,3,1,1,1,30,6,3,0,0,0,0,0,19,8,E01031821,3,1,0.0,1.0,-1,3,70,1,1,1,15:20,4,3,19
2023430144404,2023,430144404,2,1,1,1,24,5,3,0,0,0,0,0,1,3,E01028516,-1,0,0.05119,0.94881,-1,6,30,2,4,2,21:20,6,2,1
2023010473556,2023,010473556,1,1,1,1,23,5,3,0,0,0,0,0,3,2,E01000223,-1,0,0.0,1.0,-1,6,20,1,1,1,14:30,1,2,3
2023421353976,2023,421353976,2,1,1,1,30,6,3,0,0,0,0,0,5,2,E01001800,3,1,0.0,1.0,-1,6,60,1,1,1,13:15,2,2,5
2023440347419,2023,440347419,1,1,1,1,21,5,3,0,0,0,0,0,5,5,E01022543,-1,0,0.20421,0.79579,-1,7,60,1,1,1,16:38,1,1,5
2023451324224,2023,451324224,1,2,2,1,7,2,3,0,0,2,0,0,9,9,E01030688,3,1,0.0,1.0,-1,6,30,1,1,1,16:25,5,2,9
2023552300882,2023,552300882,1,1,1,2,84,11,3,0,0,0,0,0,9,5,E01019947,-1,0,0.12048,0.87952,-1,6,60,1,1,1,12:51,7,2,9
2023991297591,2023,991297591,1,1,1,1,48,8,2,0,0,0,0,0,9,-1,-1,5,1,1.0,0.0,-1,6,60,1,1,1,16:32,2,2,9
2023141300823,2023,141300823,1,1,1,1,29,6,3,0,0,0,0,0,97,3,E01008004,3,1,0.0,1.0,-1,3,40,1,1,1,13:22,3,1,97
2023010478831,2023,010478831,1,2,2,1,21,5,3,0,0,0,0,0,19,3,E01002030,-1,0,0.0,1.0,-1,6,30,1,4,2,20:27,7,2,19
202360A093941,2023,60A093941,2,2,2,1,28,6,3,0,0,1,0,0,9,-1,-1,-1,0,0.02485,0.97515,-1,6,30,1,1,1,12:42,7,2,9
2023332300994,2023,332300994,1,1,3,2,23,5,3,5,1,0,0,0,0,2,E01013716,-1,0,0.01798,0.98202,-1,6,30,1,1,1,16:45,7,1,9
2023010440336,2023,010440336,2,1,1,1,33,6,3,0,0,0,0,0,1,3,E01002620,-1,0,0.0,1.0,-1,3,20,1,1,1,08:00,1,2,1
2023061363031,2023,061363031,1,1,1,1,38,7,3,0,0,0,0,0,9,6,E01007164,3,1,0.0,1.0,-1,3,70,1,1,1,12:01,1,2,9
2023440505768,2023,440505768,2,1,1,2,59,9,3,0,0,0,0,0,9,5,E01017013,-1,0,0.02579,0.97421,-1,3,70,1,6,2,17:15,2,2,9
2023332300462,2023,332300462,2,1,1,1,50,8,3,0,0,0,0,0,19,3,E01013457,-1,0,0.02039,0.97961,-1,3,70,1,1,1,08:15,4,6,19
2023041354592,2023,041354592,2,1,1,1,33,6,3,0,0,0,0,0,23,-1,-1,3,1,0.0,1.0,-1,6,30,2,1,2,11:05,6,2,23
2023451292991,2023,451292991,2,1,1,1,64,9,3,0,0,0,0,0,97,-1,-1,3,1,0.0,1.0,-1,3,70,1,1,1,17:10,1,2,97
2023010482747,2023,010482747,1,1,1,1,35,6,3,0,0,0,0,0,3,2,E01004010,-1,0,0.0,1.0,-1,9,20,1,1,2,14:30,3,2,3
2023010477384,2023,010477384,1,2,3,2,5,1,3,1,1,0,0,0,0,2,E01002829,-1,0,0.0,1.0,-1,6,20,1,4,1,17:30,7,1,9
2023371282139,2023,371282139,1,1,3,1,-1,-1,3,9,8,0,0,0,0,-1,-1,3,1,0.0,1.0,-1,6,60,1,1,4,08:34,3,1,19
2023010420458,2023,010420458,1,1,3,1,31,6,3,6,9,0,0,0,0,8,E01001891,-1,0,0.0,1.0,-1,6,20,1,4,1,20:05,2,2,4
2023401262405,2023,401262405,2,1,1,2,36,7,3,0,0,0,0,0,1,7,E01015812,3,1,0.0,1.0,-1,6,20,1,1,-1,08:37,4,2,1
2023111298707,2023,111298707,2,3,2,1,18,4,2,0,0,1,0,0,9,6,E01008176,5,1,1.0,0.0,-1,6,60,1,1,1,16:30,1,3,9
2023111374899,2023,111374899,2,1,2,2,14,3,3,0,0,1,0,0,9,2,E01020842,3,1,0.0,1.0,-1,1,30,1,1,-1,16:12,4,2,9
2023302300090,2023,302300090,2,1,1,1,41,7,3,0,0,0,0,0,9,1,E01013591,-1,0,0.03426,0.96574,-1,6,30,1,1,1,09:35,2,2,9
2023311399700,2023,311399700,1,1,1,2,36,7,3,0,0,0,0,0,9,6,E01026722,3,1,0.0,1.0,-1,3,70,2,6,2,15:16,4,2,9
2023361360970,2023,361360970,3,1,1,2,28,6,3,0,0,0,0,0,9,10,E01026915,3,1,0.0,1.0,-1,6,40,1,1,1,08:09,2,3,9
2023451337707,2023,451337707,1,1,1,1,19,4,3,0,0,0,0,0,9,8,E01030908,3,1,0.0,1.0,-1,6,40,2,6,2,03:30,5,1,9
2023461319097,2023,461319097,2,1,2,2,9,2,3,0,0,2,0,0,9,-1,-1,3,1,0.0,1.0,-1,6,30,1,1,1,15:40,1,2,9
2023471259060,2023,471259060,1,1,3,2,18,4,2,10,9,0,0,0,0,10,E01031735,7,1,1.0,0.0,-1,6,30,2,1,2,08:39,3,1,9
2023501372297,2023,501372297,1,1,3,1,35,6,3,9,5,0,0,2,0,1,E01015043,3,1,0.0,1.0,-1,3,30,1,1,1,16:15,4,1,19
2023501377202,2023,501377202,1,1,3,1,-1,-1,3,5,1,0,0,0,0,-1,-1,3,1,0.0,1.0,-1,6,30,1,1,1,16:20,2,1,2
2023041314315,2023,041314315,2,1,1,1,56,9,3,0,0,0,0,0,9,4,E01025308,3,1,0.0,1.0,-1,1,50,1,1,1,17:00,4,2,9
2023351330192,2023,351330192,2,1,1,2,28,6,3,0,0,0,0,0,-1,1,E01015607,3,1,0.0,1.0,-1,6,30,1,1,1,05:58,6,2,-1
2023430182133,2023,430182133,1,1,1,2,30,6,3,0,0,0,0,0,9,7,E01028795,-1,0,0.05298,0.94702,-1,6,60,1,1,1,17:04,4,2,9
2023461307445,2023,461307445,1,1,1,1,76,11,2,0,0,0,0,0,9,4,E01024197,5,1,1.0,0.0,-1,6,30,1,1,2,19:04,3,2,9
2023221301483,2023,221301483,1,1,3,2,42,7,3,9,5,0,0,0,0,5,E01028897,3,1,0.0,1.0,-1,6,30,1,1,2,14:16,3,1,9
2023111307333,2023,111307333,2,1,1,2,58,9,3,0,0,0,0,0,9,5,E01020660,3,1,0.0,1.0,-1,6,30,1,1,1,15:19,6,2,9
2023546363323,2023,546363323,1,1,1,2,49,8,2,0,0,0,0,0,9,5,E01015529,-1,0,1.0,0.0,-1,6,40,1,6,1,21:46,7,1,9
2023461297267,2023,461297267,1,1,3,2,23,5,3,1,3,0,0,0,0,4,E01024312,3,1,0.0,1.0,-1,6,30,2,1,2,17:10,3,1,9
2023010483522,2023,010483522,1,1,1,1,42,7,3,0,0,0,0,0,1,3,E01001763,-1,0,0.0,1.0,-1,6,20,2,1,2,07:07,3,2,1
2023451334681,2023,451334681,1,1,1,1,64,9,2,0,0,0,0,0,1,8,E01003830,5,1,1.0,0.0,-1,6,60,1,1,1,08:07,7,1,1
2023461348831,2023,461348831,2,1,1,1,30,6,2,0,0,0,0,0,5,9,E01021026,7,1,1.0,0.0,-1,3,40,1,1,1,12:56,4,2,5
2023170L31163,2023,170L31163,1,2,2,2,38,7,3,0,0,1,0,0,9,1,E01012215,-1,0,0.04036,0.95964,-1,3,70,1,1,1,12:50,7,2,9
2023311359885,2023,311359885,1,3,2,2,7,2,3,0,0,-1,0,0,9,-1,-1,3,1,0.0,1.0,-1,6,30,9,1,1,11:25,1,2,9
2023340WN3192,2023,340WN3192,2,1,1,2,30,6,3,0,0,0,0,0,9,8,E01027026,-1,0,0.01363,0.98637,-1,6,30,1,1,1,13:20,7,2,9
2023622301050,2023,622301050,3,4,2,1,25,5,3,0,0,1,0,0,9,3,W01001816,-1,0,0.01131,0.98869,-1,3,50,1,1,1,15:45,5,3,9
2023461273212,2023,461273212,2,2,1,1,60,9,3,0,0,0,0,0,98,8,E01016079,3,1,0.0,1.0,-1,3,70,1,4,1,05:13,7,2,98
2023010446399,2023,010446399,1,1,1,1,33,6,3,0,0,0,0,0,3,2,E01004140,-1,0,0.0,1.0,-1,3,30,1,1,1,17:27,5,2,3
2023010456372,2023,010456372,1,1,3,1,6,2,2,4,3,0,0,0,0,3,E01003496,-1,0,1.0,0.0,-1,6,30,1,1,1,15:30,5,1,1
2023170H10533,2023,170H10533,1,1,3,1,9,2,3,1,4,0,0,0,0,-1,-1,-1,0,0.17674,0.82326,-1,6,30,1,1,1,16:40,3,1,9
2023522300776,2023,522300776,1,1,3,1,-1,-1,3,5,9,0,0,0,0,-1,-1,-1,0,0.13495,0.86505,-1,6,20,1,4,1,00:30,1,1,90
2023010469299,2023,010469299,1,1,1,1,24,5,3,0,0,0,0,0,3,3,E01002048,-1,0,0.0,1.0,-1,6,20,1,1,1,16:45,6,2,3
2023461299506,2023,461299506,2,1,1,1,34,6,3,0,0,0,0,0,9,2,E01016068,3,1,0.0,1.0,-1,6,60,1,1,1,12:16,3,2,9
2023340NN0802,2023,340NN0802,2,1,1,1,52,8,3,0,0,0,0,0,19,9,E01027275,-1,0,0.04447,0.95553,-1,6,30,2,1,2,09:30,6,2,19
2023010456071,2023,010456071,1,1,1,1,34,6,3,0,0,0,0,0,9,2,E01003299,-1,0,0.0,1.0,-1,6,30,1,1,1,11:40,4,2,9
2023010480197,2023,010480197,1,1,1,2,62,9,3,0,0,0,0,0,9,3,E01002623,-1,0,0.0,1.0,-1,3,40,1,1,9,13:06,7,2,9
2023131353930,2023,131353930,1,3,2,2,21,5,3,0,0,1,0,0,9,4,E01011597,3,1,0.0,1.0,-1,6,60,5,1,2,08:15,3,2,9
2023401389748,2023,401389748,2,2,2,1,30,6,3,0,0,1,0,0,9,-1,-1,3,1,0.0,1.0,-1,6,30,1,4,2,22:45,6,2,9
2023430542159,2023,430542159,3,4,1,2,45,7,3,0,0,0,0,0,9,7,E01016239,-1,0,0.04145,0.95855,-1,6,30,1,7,1,23:38,7,4,9
2023991365208,2023,991365208,1,4,2,1,16,4,3,0,0,2,0,0,9,-1,-1,3,1,0.0,1.0,-1,1,30,5,1,2,15:55,6,2,9
2023010472008,2023,010472008,1,2,2,2,50,8,3,0,0,2,0,0,9,4,E01002665,-1,0,0.0,1.0,-1,6,20,1,4,1,19:45,7,3,9
2023061391277,2023,061391277,2,3,2,1,27,6,3,0,0,2,0,0,9,-1,-1,3,1,0.0,1.0,-1,3,70,2,4,2,19:30,4,2,9
2023302301834,2023,302301834,1,1,2,2,50,8,3,0,0,1,0,0,9,10,E01019830,-1,0,0.02525,0.97475,-1,6,30,1,1,4,08:25,4,2,9
2023471284058,2023,471284058,1,1,1,2,29,6,3,0,0,0,0,0,9,7,E01016870,3,1,0.0,1.0,-1,6,30,2,1,2,08:20,3,2,9
2023991362199,2023,991362199,2,2,2,1,12,3,3,0,0,0,4,0,11,5,-1,3,1,0.0,1.0,-1,6,30,1,1,1,09:15,5,2,11
2023161393557,2023,161393557,2,1,3,2,75,10,3,10,9,0,0,0,0,4,E01012883,3,1,0.0,1.0,-1,6,30,1,1,1,15:17,1,2,9
2023231338184,2023,231338184,1,2,3,1,68,10,3,4,1,0,0,0,0,3,E01031053,3,1,0.0,1.0,-1,1,30,1,1,1,14:30,4,1,9