collision_index,collision_year,collision_ref_no,vehicle_reference,casualty_reference,casualty_class,sex_of_casualty,age_of_casualty,age_band_of_casualty,casualty_severity,pedestrian_location,pedestrian_movement,car_passenger,bus_or_coach_passenger,pedestrian_road_maintenance_worker,casualty_type,casualty_imd_decile,lsoa_of_casualty,enhanced_casualty_severity,casualty_injury_based,casualty_adjusted_severity_serious,casualty_adjusted_severity_slight,casualty_distance_banding,road_type,speed_limit,weather_conditions,light_conditions,road_surface_conditions,time,day_of_week,number_of_vehicles,vehicle_type
2023541373523,2023,541373523,1,1,1,1,47,8,3,0,0,0,0,0,1,10,E01016299,-1,0,0.08829,0.91171,-1,6,30,1,1,1,12:12,3,2,1
2023101376324,2023,101376324,1,1,1,1,48,8,2,0,0,0,0,0,5,-1,-1,7,1,1.0,0.0,-1,6,20,1,1,2,13:49,7,1,5
2023010481638,2023,010481638,2,1,1,1,39,7,3,0,0,0,0,0,9,7,E01003456,-1,0,0.0,1.0,-1,6,20,9,4,2,20:30,7,2,9
2023101323018,2023,101323018,1,1,1,1,65,9,3,0,0,0,0,0,9,7,E01008360,3,1,0.0,1.0,-1,6,20,1,1,1,15:27,2,1,9
2023361279564,2023,361279564,2,1,1,2,18,4,3,0,0,0,0,0,9,1,E01026599,3,1,0.0,1.0,-1,6,60,1,1,2,08:29,4,3,9
2023552300645,2023,552300645,1,1,3,2,74,10,3,5,1,0,0,0,0,7,E01020349,-1,0,0.13151,0.86849,-1,6,30,1,1,1,11:20,7,1,9
2023010480566,2023,010480566,1,2,2,-1,-1,-1,3,0,0,1,0,0,8,1,E01004312,-1,0,0.0,1.0,-1,6,20,2,4,2,09:40,2,1,8
2023041368710,2023,041368710,2,1,1,2,33,6,3,0,0,0,0,0,9,6,E01025568,3,1,0.0,1.0,-1,6,30,1,1,1,10:20,2,2,9
2023070928946,2023,070928946,2,1,1,2,62,9,3,0,0,0,0,0,9,9,E01018531,-1,0,0.0427,0.9573,-1,6,40,1,1,1,10:45,2,2,9
2023430173593,2023,430173593,2,1,1,1,32,6,3,0,0,0,0,0,1,10,E01017650,-1,0,0.03801,0.96199,-1,6,30,1,1,1,10:33,6,2,1
2023552300917,2023,552300917,2,1,1,1,16,4,3,0,0,0,0,0,2,7,E01015428,-1,0,0.13591,0.86409,-1,3,30,1,1,1,20:51,2,2,2
2023531334219,2023,531334219,2,1,1,1,35,6,2,0,0,0,0,0,3,3,E01022153,7,1,1.0,0.0,-1,6,30,1,1,1,15:52,6,2,3
2023010428139,2023,010428139,1,1,1,1,20,4,3,0,0,0,0,0,9,3,E01003603,-1,0,0.0,1.0,-1,3,50,1,1,1,06:25,2,2,9
2023052301595,2023,052301595,2,1,1,1,57,9,3,0,0,0,0,0,9,1,E01006711,-1,0,0.00947,0.99053,-1,3,30,1,1,1,18:30,1,2,9
2023451260980,2023,451260980,1,1,1,1,12,3,3,0,0,0,0,0,1,8,E01030335,3,1,0.0,1.0,-1,6,40,1,1,2,08:00,2,2,1
2023010486590,2023,010486590,1,1,1,1,55,8,3,0,0,0,0,0,9,1,E01001425,-1,0,0.0,1.0,-1,9,20,9,1,9,15:35,4,2,9
2023141284241,2023,141284241,1,1,1,1,22,5,3,0,0,0,0,0,9,3,E01008028,3,1,0.0,1.0,-1,6,30,1,4,1,21:30,3,2,9
2023201310507,2023,201310507,3,1,2,2,-1,-1,3,0,0,1,0,0,9,-1,-1,3,1,0.0,1.0,-1,6,40,1,1,1,17:15,5,4,9
2023221275460,2023,221275460,1,1,1,2,59,9,3,0,0,0,0,0,9,2,E01032453,3,1,0.0,1.0,-1,6,30,1,1,1,15:20,4,2,9
2023471292555,2023,471292555,2,1,1,2,80,11,2,0,0,0,0,0,9,4,E01031836,6,1,1.0,0.0,-1,6,60,4,1,1,11:05,6,2,9
2023531273859,2023,531273859,2,1,1,2,48,8,3,0,0,0,0,0,9,9,E01022212,3,1,0.0,1.0,-1,6,60,1,1,4,06:40,4,2,9
2023991312401,2023,991312401,2,1,3,2,43,7,2,6,9,0,0,2,0,2,E01033074,6,1,1.0,0.0,-1,3,70,1,1,1,09:53,1,2,9
2023010438048,2023,010438048,2,1,1,1,36,7,2,0,0,0,0,0,1,2,E01001746,-1,0,1.0,0.0,-1,6,20,1,1,1,07:02,3,2,1
2023481406859,2023,481406859,2,1,1,2,31,6,3,0,0,0,0,0,1,-1,-1,3,1,0.0,1.0,-1,1,20,1,1,1,17:05,6,2,1
2023991353224,2023,991353224,2,1,1,1,45,7,2,0,0,0,0,0,1,10,-1,6,1,1.0,0.0,-1,6,60,1,1,1,14:38,7,2,1
2023451375334,2023,451375334,1,1,1,1,17,4,2,0,0,0,0,0,3,6,E01030587,6,1,1.0,0.0,-1,6,50,1,1,1,13:55,4,2,3
2023440214325,2023,440214325,1,1,3,2,68,10,3,4,1,0,0,0,0,8,E01023277,-1,0,0.21312,0.78688,-1,6,30,1,1,1,17:45,3,1,9
2023010465077,2023,010465077,2,1,1,1,48,8,3,0,0,0,0,0,1,5,E01030640,-1,0,0.0,1.0,-1,6,30,1,1,1,10:15,1,2,1
2023010472045,2023,010472045,2,1,1,1,30,6,3,0,0,0,0,0,3,4,E01001005,-1,0,0.0,1.0,-1,6,20,1,1,1,09:40,1,2,3
2023010481000,2023,010481000,1,1,1,1,24,5,3,0,0,0,0,0,3,3,E01002215,-1,0,0.0,1.0,-1,6,20,1,4,1,22:00,4,1,3
2023061371184,2023,061371184,1,3,2,1,11,3,3,0,0,2,0,0,9,2,E01004907,3,1,0.0,1.0,-1,1,30,2,4,2,19:13,6,3,9
2023371285985,2023,371285985,2,1,2,2,40,7,3,0,0,1,0,0,9,5,E01026491,3,1,0.0,1.0,-1,3,70,1,1,1,08:33,2,2,9
2023211278034,2023,211278034,2,1,1,1,19,4,2,0,0,0,0,0,1,1,E01009374,5,1,1.0,0.0,-1,6,30,1,7,1,18:00,1,2,1
2023010424324,2023,010424324,1,1,1,1,41,7,3,0,0,0,0,0,3,2,E01000525,-1,0,0.0,1.0,-1,9,20,1,1,1,13:45,6,2,3
2023070127286,2023,070127286,2,2,1,2,52,8,2,0,0,0,0,0,9,6,E01018355,-1,0,1.0,0.0,-1,6,40,1,6,1,05:20,2,2,9
2023041266362,2023,041266362,1,1,3,2,81,11,2,8,1,0,0,0,0,1,E01033224,6,1,1.0,0.0,-1,6,30,4,1,1,11:34,4,1,9
2023531310744,2023,531310744,1,1,3,1,12,3,2,5,1,0,0,0,0,8,E01022446,5,1,1.0,0.0,-1,6,30,1,1,1,16:05,2,1,9
2023070450403,2023,070450403,2,2,2,2,72,10,3,0,0,1,0,0,9,8,E01018465,-1,0,0.09463,0.90537,-1,6,60,1,1,1,17:18,6,2,9
2023131352177,2023,131352177,2,1,2,2,21,5,2,0,0,1,0,0,9,4,E01010848,7,1,1.0,0.0,-1,6,30,1,1,1,12:58,4,2,9
2023451278020,2023,451278020,1,2,2,1,15,3,3,0,0,1,0,0,9,4,E01003441,3,1,0.0,1.0,-1,3,70,1,1,2,08:19,1,1,9
2023531320448,2023,531320448,1,1,1,1,37,7,2,0,0,0,0,0,9,7,E01022180,7,1,1.0,0.0,-1,6,30,1,1,2,17:45,7,3,9
2023010450111,2023,010450111,1,1,1,1,25,5,3,0,0,0,0,0,1,3,E01001942,-1,0,0.0,1.0,-1,7,20,1,1,1,09:10,2,2,1
2023430533989,2023,430533989,1,1,1,1,36,7,3,0,0,0,0,0,3,4,E01017903,-1,0,0.06268,0.93732,-1,6,30,1,4,1,19:30,7,2,3
2023530020823,2023,530020823,1,1,1,1,54,8,3,0,0,0,0,0,5,6,W01001492,-1,0,0.06717,0.93283,-1,3,70,4,1,1,14:39,6,1,5
2023501334481,2023,501334481,2,1,1,1,31,6,3,0,0,0,0,0,5,1,E01019020,3,1,0.0,1.0,-1,6,30,1,1,1,09:00,3,2,5
2023052302938,2023,052302938,2,2,2,2,30,6,3,0,0,1,0,0,9,5,E01006488,-1,0,0.01008,0.98992,-1,6,40,1,4,2,16:20,6,2,9
2023141280523,2023,141280523,2,2,1,1,36,7,2,0,0,0,0,0,9,6,E01007894,7,1,1.0,0.0,-1,6,40,1,4,1,21:35,7,2,9
2023371349231,2023,371349231,1,1,1,2,68,10,3,0,0,0,0,0,9,8,E01030086,3,1,0.0,1.0,-1,3,40,1,1,1,15:35,3,1,9
2023991379623,2023,991379623,1,1,3,1,9,2,2,9,7,0,0,2,0,1,-1,6,1,1.0,0.0,-1,6,30,1,1,1,15:15,2,1,9
2023991260460,2023,991260460,2,1,1,1,30,6,3,0,0,0,0,0,1,-1,-1,3,1,0.0,1.0,-1,1,30,9,1,2,10:40,3,2,1
2023010430116,2023,010430116,1,1,3,2,23,5,3,5,9,0,0,0,0,10,-1,-1,0,0.0,1.0,-1,6,20,1,4,1,19:31,5,1,1
2023010434887,2023,010434887,1,1,3,1,53,8,3,5,1,0,0,0,0,6,E01001415,-1,0,0.0,1.0,-1,6,30,1,4,1,19:46,3,1,9
2023010480376,2023,010480376,1,2,2,1,50,8,3,0,0,9,0,0,8,4,E01002455,-1,0,0.0,1.0,-1,6,20,2,4,2,23:31,1,2,8
2023440491950,2023,440491950,1,1,1,2,58,9,3,0,0,0,0,0,9,7,E01022927,-1,0,0.0316,0.9684,-1,6,30,1,4,1,19:30,6,2,9
2023411386631,2023,411386631,1,1,3,2,57,9,3,5,9,0,0,0,0,-1,-1,3,1,0.0,1.0,-1,6,30,2,4,2,17:40,5,1,9
2023010446096,2023,010446096,1,1,1,1,25,5,3,0,0,0,0,0,9,2,E01004197,-1,0,0.0,1.0,-1,6,20,2,4,2,02:14,4,2,9
2023010449162,2023,010449162,1,2,2,1,33,6,3,0,0,1,0,0,9,1,E01033602,-1,0,0.0,1.0,-1,3,20,1,1,1,09:00,5,2,9
2023111261320,2023,111261320,1,3,2,2,40,7,3,0,0,2,0,0,9,7,E01020684,3,1,0.0,1.0,-1,6,60,1,4,2,17:00,2,2,9
2023131358050,2023,131358050,1,1,1,2,53,8,3,0,0,0,0,0,9,1,E01011321,3,1,0.0,1.0,-1,6,30,2,1,2,15:26,7,2,9
2023231296711,2023,231296711,1,1,1,1,40,7,2,0,0,0,0,0,9,7,E01031212,5,1,1.0,0.0,-1,6,50,1,6,1,23:44,7,1,9
2023052301412,2023,052301412,1,1,3,1,6,2,3,10,9,0,0,0,0,1,E01006963,-1,0,0.03983,0.96017,-1,6,30,9,1,9,13:51,7,1,9
2023610053923,2023,610053923,1,1,3,2,31,6,3,5,1,0,0,0,0,1,W01001662,-1,0,0.10082,0.89918,-1,6,20,1,1,1,14:00,3,1,9
2023991333797,2023,991333797,1,1,1,1,34,6,2,0,0,0,0,0,9,7,-1,7,1,1.0,0.0,-1,6,60,1,1,2,07:20,3,1,9
2023061273118,2023,061273118,1,1,3,2,29,6,3,9,8,0,0,1,0,1,E01006027,3,1,0.0,1.0,-1,6,30,2,1,2,12:27,3,1,19
2023061279470,2023,061279470,1,1,3,1,10,2,3,1,1,0,0,1,0,-1,-1,3,1,0.0,1.0,-1,6,30,1,1,2,16:54,4,1,9
2023010460658,2023,010460658,1,1,1,1,41,7,3,0,0,0,0,0,1,6,E01000581,-1,0,0.0,1.0,-1,9,20,1,1,1,07:00,3,2,1
2023461379779,2023,461379779,2,1,1,1,36,7,3,0,0,0,0,0,1,8,E01024542,3,1,0.0,1.0,-1,3,30,2,4,2,06:30,3,2,1
2023547905523,2023,547905523,1,1,1,2,20,4,3,0,0,0,0,0,9,2,W01000818,-1,0,0.04293,0.95707,-1,6,60,1,1,1,15:47,5,2,9
2023991393314,2023,991393314,1,1,3,1,30,6,2,5,3,0,0,0,0,7,-1,5,1,1.0,0.0,-1,6,30,1,4,2,03:06,7,1,8
2023010446825,2023,010446825,1,3,2,2,38,7,3,0,0,2,0,0,9,4,E01000418,-1,0,0.0,1.0,-1,1,30,1,1,1,12:00,7,2,9
2023031340448,2023,031340448,1,1,1,2,29,6,3,0,0,0,0,0,9,-1,-1,3,1,0.0,1.0,-1,6,60,1,1,1,18:05,5,1,9
2023201388498,2023,201388498,1,1,1,2,12,3,3,0,0,0,0,0,-1,1,E01009310,3,1,0.0,1.0,-1,6,30,1,1,1,18:08,7,2,-1
2023031338590,2023,031338590,2,1,2,2,71,10,3,0,0,1,0,0,9,9,E01024964,3,1,0.0,1.0,-1,6,60,1,1,2,15:00,7,2,9
2023131308066,2023,131308066,3,4,2,1,4,1,3,0,0,2,0,0,9,1,E01011658,3,1,0.0,1.0,-1,3,40,1,1,1,08:17,2,3,9
2023320221609,2023,320221609,1,1,1,1,79,11,3,0,0,0,0,0,9,3,E01026122,-1,0,0.1565,0.8435,-1,6,60,1,1,1,12:00,5,2,9
2023010465872,2023,010465872,1,1,1,2,42,7,3,0,0,0,0,0,1,2,E01002879,-1,0,0.0,1.0,-1,6,20,1,1,1,09:11,5,2,1
2023161309887,2023,161309887,1,1,1,2,47,8,3,0,0,0,0,0,1,5,E01012910,3,1,0.0,1.0,-1,6,30,1,1,1,08:43,4,2,1
2023010421715,2023,010421715,1,1,1,1,36,7,3,0,0,0,0,0,1,8,E01016544,-1,0,0.0,1.0,-1,6,20,1,1,9,10:30,2,2,1
2023101334443,2023,101334443,2,1,1,1,16,4,3,0,0,0,0,0,1,10,E01008418,3,1,0.0,1.0,-1,6,30,1,1,1,15:19,6,2,1
2023122400145,2023,122400145,1,1,1,1,18,4,3,0,0,0,0,0,9,7,E01012366,-1,0,0.09288,0.90712,-1,3,70,1,6,2,20:09,3,1,9
2023221374672,2023,221374672,1,1,1,2,86,11,2,0,0,0,0,0,9,4,E01032479,6,1,1.0,0.0,-1,6,60,1,1,1,09:40,6,2,9
2023451294882,2023,451294882,1,1,1,1,26,6,2,0,0,0,0,0,9,-1,-1,7,1,1.0,0.0,-1,1,30,1,1,1,18:30,6,1,9
2023501370995,2023,501370995,1,2,2,2,23,5,3,0,0,1,0,0,9,5,E01015215,3,1,0.0,1.0,-1,6,60,1,6,2,23:46,7,1,9
2023211309694,2023,211309694,1,1,3,2,24,5,3,6,9,0,0,-1,0,7,E01029584,3,1,0.0,1.0,-1,6,30,1,1,-1,09:00,6,1,9
2023061371408,2023,061371408,2,2,2,1,36,7,3,0,0,-1,0,0,9,-1,-1,3,1,0.0,1.0,-1,3,30,2,4,2,19:30,7,2,9
2023141291082,2023,141291082,1,2,2,2,20,4,3,0,0,2,0,0,9,-1,-1,3,1,0.0,1.0,-1,6,30,1,4,1,19:45,1,3,9
2023302300930,2023,302300930,1,2,1,2,41,7,3,0,0,0,0,0,9,6,E01014233,-1,0,0.03746,0.96254,-1,3,60,1,1,1,13:20,1,3,9
2023545193823,2023,545193823,2,1,1,2,25,5,3,0,0,0,0,0,9,3,E01031975,-1,0,0.04875,0.95125,-1,6,60,1,1,1,07:38,5,2,9
2023122300363,2023,122300363,2,1,1,1,57,9,2,0,0,0,0,0,5,4,E01012240,-1,0,1.0,0.0,-1,1,60,1,1,1,09:53,1,2,5
2023010464075,2023,010464075,2,2,2,2,30,6,3,0,0,0,0,0,5,10,E01003886,-1,0,0.0,1.0,-1,1,30,1,1,1,17:45,2,2,5
2023421325551,2023,421325551,1,1,1,1,24,5,2,0,0,0,0,0,5,3,E01021312,7,1,1.0,0.0,-1,3,60,1,1,1,14:45,1,2,5
2023010473636,2023,010473636,1,1,1,2,30,6,3,0,0,0,0,0,1,8,E01000848,-1,0,0.0,1.0,-1,6,20,1,1,1,04:55,2,2,1
2023131366643,2023,131366643,2,1,2,1,60,9,3,0,0,1,0,0,9,3,E01026075,3,1,0.0,1.0,-1,2,30,1,1,2,15:05,3,2,9
2023411294355,2023,411294355,1,1,1,-1,20,4,3,0,0,0,0,0,9,9,E01023389,3,1,0.0,1.0,-1,3,40,8,4,2,19:54,5,2,9
2023991307076,2023,991307076,2,1,1,1,44,7,3,0,0,0,0,0,9,4,-1,3,1,0.0,1.0,-1,6,60,1,6,1,00:55,1,2,9
2023131280319,2023,131280319,2,1,1,1,37,7,3,0,0,0,0,0,9,5,E01007489,3,1,0.0,1.0,-1,6,30,1,4,1,05:20,7,2,9
2023501285811,2023,501285811,2,1,1,1,58,9,2,0,0,0,0,0,1,7,E01020164,7,1,1.0,0.0,-1,6,30,1,1,4,08:03,4,2,1
2023201422538,2023,201422538,1,1,3,2,63,9,3,5,3,0,0,0,0,1,E01033646,3,1,0.0,1.0,-1,6,30,1,4,1,17:17,6,1,9
2023401359002,2023,401359002,1,1,3,1,-1,-1,3,9,8,0,0,0,0,4,E01015755,3,1,0.0,1.0,-1,6,30,1,1,1,16:10,5,1,9
2023552400040,2023,552400040,2,1,1,1,33,6,3,0,0,0,0,0,-1,7,E01015446,-1,0,0.05011,0.94989,-1,1,30,1,1,1,12:55,4,2,-1
2023201364189,2023,201364189,1,1,3,1,48,8,2,5,1,0,0,2,0,2,E01009985,7,1,1.0,0.0,-1,6,30,2,4,2,20:00,1,1,9
2023332300693,2023,332300693,3,1,1,2,23,5,3,0,0,0,0,0,9,10,E01025648,-1,0,0.00504,0.99496,-1,6,30,2,1,2,11:05,2,3,9
2023401361990,2023,401361990,2,2,2,2,63,9,3,0,0,1,0,0,9,5,E01017486,3,1,0.0,1.0,-1,6,30,1,1,1,13:34,1,2,9
2023461291591,2023,461291591,2,1,1,2,35,6,3,0,0,0,0,0,9,7,E01032825,3,1,0.0,1.0,-1,1,40,4,1,1,12:16,2,2,9
2023501307091,2023,501307091,2,1,1,2,21,5,3,0,0,0,0,0,9,4,E01018759,3,1,0.0,1.0,-1,6,50,1,1,1,17:51,7,2,9
2023201373880,2023,201373880,2,1,1,1,36,7,3,0,0,0,0,0,19,1,E01033650,3,1,0.0,1.0,-1,1,30,1,1,1,09:11,5,2,19
2023411365092,2023,411365092,1,1,1,2,24,5,3,0,0,0,0,0,9,6,E01023622,3,1,0.0,1.0,-1,6,30,2,7,2,22:15,4,1,9
2023451355256,2023,451355256,1,1,1,1,24,5,3,0,0,0,0,0,9,8,E01030732,3,1,0.0,1.0,-1,3,70,1,6,1,03:53,2,1,9
2023520300224,2023,520300224,1,1,1,2,41,7,3,0,0,0,0,0,9,7,E01029224,-1,0,0.00399,0.99601,-1,6,60,9,1,2,08:00,4,2,9
2023010419338,2023,010419338,1,1,3,1,3,1,3,8,9,0,0,0,0,1,E01001210,-1,0,0.0,1.0,-1,6,20,1,1,2,14:40,2,1,9
2023010443472,2023,010443472,1,1,1,1,82,11,1,0,0,0,0,0,9,-1,-1,-1,0,0.0,0.0,-1,6,30,1,1,1,13:21,4,3,9
2023430433264,2023,430433264,2,2,1,2,57,9,3,0,0,0,0,0,9,9,E01017853,-1,0,0.03048,0.96952,-1,6,30,1,1,1,09:04,4,2,9
2023421263555,2023,421263555,1,1,3,1,47,8,3,6,9,0,0,0,0,4,E01021835,3,1,0.0,1.0,-1,6,30,1,1,1,16:11,1,1,9
2023440186858,2023,440186858,1,1,3,1,15,3,3,5,1,0,0,0,0,3,E01017350,-1,0,0.17351,0.82649,-1,6,30,1,1,1,15:36,6,1,9
2023371314856,2023,371314856,2,1,1,1,54,8,2,0,0,0,0,0,1,7,E01018023,5,1,1.0,0.0,-1,6,30,1,1,1,12:00,7,2,1
2023471337304,2023,471337304,1,1,1,1,17,4,2,0,0,0,0,0,1,1,E01031404,5,1,1.0,0.0,-1,3,40,1,4,2,22:25,3,2,1
2023010426255,2023,010426255,1,1,1,1,27,6,3,0,0,0,0,0,3,4,E01003090,-1,0,0.0,1.0,-1,6,20,1,1,1,06:31,5,2,3
2023010480771,2023,010480771,1,1,1,1,43,7,3,0,0,0,0,0,9,3,E01003201,-1,0,0.0,1.0,-1,6,20,1,4,1,20:30,3,2,9
2023440175058,2023,440175058,1,1,1,2,47,8,3,0,0,0,0,0,9,7,E01022948,-1,0,0.06202,0.93798,-1,1,40,1,1,1,13:45,5,2,9
2023451291483,2023,451291483,2,2,1,2,22,5,3,0,0,0,0,0,9,8,E01030528,3,1,0.0,1.0,-1,6,30,1,1,1,17:27,3,3,9
2023552300731,2023,552300731,1,1,2,2,8,2,2,0,0,2,0,0,9,6,E01020541,-1,0,1.0,0.0,-1,6,60,1,1,1,10:29,5,1,9
2023052300887,2023,052300887,1,1,3,1,64,9,2,5,9,0,0,0,0,7,E01007242,-1,0,1.0,0.0,-1,6,30,1,1,1,10:00,3,1,19
2023461365795,2023,461365795,1,1,3,2,63,9,2,6,9,0,0,2,0,7,E01024405,7,1,1.0,0.0,-1,6,30,1,1,1,14:50,3,1,-1
2023170M10893,2023,170M10893,1,1,1,2,32,6,3,0,0,0,0,0,-1,1,E01033469,-1,0,0.07401,0.92599,-1,6,20,1,1,1,08:55,5,2,-1
2023052302685,2023,052302685,1,1,3,2,65,9,3,4,1,0,0,0,0,1,E01006698,-1,0,0.14302,0.85698,-1,6,30,2,4,2,18:00,7,1,9
2023320499996,2023,320499996,1,1,3,1,53,8,1,8,3,0,0,0,0,5,E01028242,-1,0,0.0,0.0,-1,6,40,1,1,1,12:20,7,1,9
2023010461274,2023,010461274,2,1,1,1,18,4,3,0,0,0,0,0,1,-1,-1,-1,0,0.0,1.0,-1,6,20,2,4,2,20:30,6,2,1
2023010450286,2023,010450286,1,1,1,1,24,5,3,0,0,0,0,0,3,7,E01002203,-1,0,0.0,1.0,-1,6,30,1,1,1,14:40,4,2,3
202360A128429,2023,60A128429,1,1,1,1,65,9,3,0,0,0,0,0,90,-1,-1,-1,0,0.3048,0.6952,-1,3,70,1,1,1,15:47,7,1,90
2023421359922,2023,421359922,1,1,1,1,65,9,3,0,0,0,0,0,19,5,E01021329,3,1,0.0,1.0,-1,6,60,1,1,1,15:30,5,2,19
2023010435081,2023,010435081,2,1,1,1,24,5,3,0,0,0,0,0,1,5,E01033489,-1,0,0.0,1.0,-1,6,20,1,4,1,20:50,5,2,1
2023061328961,2023,061328961,2,1,1,1,60,9,2,0,0,0,0,0,1,1,E01006351,7,1,1.0,0.0,-1,6,30,1,1,-1,13:45,2,2,1
2023010434433,2023,010434433,1,1,1,1,26,6,3,0,0,0,0,0,3,5,E01003080,-1,0,0.0,1.0,-1,9,30,1,4,2,18:40,7,2,3
2023010457856,2023,010457856,1,1,1,1,49,8,3,0,0,0,0,0,9,2,E01003930,-1,0,0.0,1.0,-1,6,30,9,1,1,12:51,7,3,9
2023371381458,2023,371381458,1,1,1,2,39,7,3,0,0,0,0,0,9,8,E01030048,3,1,0.0,1.0,-1,6,30,1,1,2,14:55,6,1,9
2023401382846,2023,401382846,1,1,1,1,27,6,3,0,0,0,0,0,9,10,E01017375,3,1,0.0,1.0,-1,6,60,2,1,4,08:25,5,1,9
2023430393453,2023,430393453,1,1,1,2,49,8,3,0,0,0,0,0,9,-1,-1,-1,0,0.04513,0.95487,-1,6,30,1,1,1,16:30,7,2,9
2023451346159,2023,451346159,2,4,2,1,29,6,3,0,0,1,0,0,9,4,-1,3,1,0.0,1.0,-1,3,60,1,1,1,12:10,2,2,9
2023522301107,2023,522301107,1,1,1,1,31,6,2,0,0,0,0,0,9,7,E01014514,-1,0,1.0,0.0,-1,6,30,1,1,1,19:30,5,4,9
2023161285077,2023,161285077,1,1,1,1,35,6,3,0,0,0,0,0,19,1,E01012944,3,1,0.0,1.0,-1,6,60,3,6,3,06:16,5,2,19
2023010485235,2023,010485235,1,1,3,1,21,5,3,5,1,0,0,0,0,3,E01004047,-1,0,0.0,1.0,-1,6,20,1,1,1,14:45,4,1,19
2023340NN1362,2023,340NN1362,1,1,1,1,13,3,3,0,0,0,0,0,1,-1,-1,-1,0,0.12748,0.87252,-1,6,30,1,1,1,08:15,6,2,1
2023461340114,2023,461340114,4,2,1,1,-1,-1,2,0,0,0,0,0,9,2,E01024633,7,1,1.0,0.0,-1,6,30,1,4,1,23:06,7,4,9
2023471307530,2023,471307530,2,1,1,2,59,9,2,0,0,0,0,0,9,9,E01031829,6,1,1.0,0.0,-1,6,30,1,1,1,12:00,2,2,9
2023010432714,2023,010432714,2,1,1,1,41,7,2,0,0,0,0,0,1,7,E01030051,-1,0,1.0,0.0,-1,2,30,1,1,1,15:00,6,2,1
2023052301334,2023,052301334,2,2,2,1,61,9,3,0,0,0,0,0,19,-1,-1,-1,0,0.01737,0.98263,-1,3,40,1,1,1,09:15,4,2,19
2023052301241,2023,052301241,1,1,3,2,34,6,3,10,9,0,0,0,0,1,E01006542,-1,0,0.18521,0.81479,-1,6,30,1,4,1,01:00,2,1,9
2023461382304,2023,461382304,2,1,1,1,38,7,3,0,0,0,0,0,1,5,E01024191,3,1,0.0,1.0,-1,6,30,1,1,1,08:00,4,2,1
2023471387956,2023,471387956,2,1,1,1,19,4,2,0,0,0,0,0,3,1,E01031429,6,1,1.0,0.0,-1,6,30,1,4,1,16:40,4,3,3
2023052302961,2023,052302961,1,1,1,1,52,8,2,0,0,0,0,0,9,1,E01006607,-1,0,1.0,0.0,-1,3,30,2,4,2,23:50,1,3,9
2023201286971,2023,201286971,2,1,1,2,40,7,3,0,0,0,0,0,9,6,E01010133,3,1,0.0,1.0,-1,6,20,1,1,1,15:31,4,2,9
2023461326280,2023,461326280,1,1,1,2,20,4,3,0,0,0,0,0,9,4,E01016128,3,1,0.0,1.0,-1,6,30,1,1,1,12:23,2,2,9
2023461350564,2023,461350564,1,5,2,2,16,4,3,0,0,2,0,0,9,2,E01024248,3,1,0.0,1.0,-1,6,60,1,1,1,17:35,6,2,9
2023991295991,2023,991295991,3,2,1,2,55,8,3,0,0,0,0,0,9,6,-1,3,1,0.0,1.0,-1,3,30,1,1,1,13:05,4,4,9
2023070817037,2023,070817037,1,2,2,2,60,9,3,0,0,2,0,0,9,4,E01006805,-1,0,0.08683,0.91317,-1,3,70,1,1,1,15:55,3,3,9
202360A098568,2023,60A098568,2,3,2,2,45,7,3,0,0,2,0,0,9,-1,-1,-1,0,0.1233,0.8767,-1,6,60,1,1,1,14:43,7,2,9
2023061391902,2023,061391902,1,1,1,1,18,4,3,0,0,0,0,0,9,3,E01006126,3,1,0.0,1.0,-1,6,30,2,4,2,03:10,1,2,9
2023211379762,2023,211379762,1,1,1,2,23,5,3,0,0,0,0,0,9,1,E01009007,3,1,0.0,1.0,-1,3,70,1,1,1,08:30,3,2,9
2023302300174,2023,302300174,2,1,1,1,39,7,3,0,0,0,0,0,9,2,E01019571,-1,0,0.04559,0.95441,-1,6,50,1,1,2,08:18,2,4,9
2023320706843,2023,320706843,2,2,1,2,43,7,3,0,0,0,0,0,9,4,E01026016,-1,0,0.02904,0.97096,-1,6,40,1,1,1,09:30,4,2,9
2023201279575,2023,201279575,2,1,1,1,29,6,3,0,0,0,0,0,-1,1,E01009051,3,1,0.0,1.0,-1,6,30,1,4,2,21:57,5,2,-1
2023421357145,2023,421357145,2,1,1,1,51,8,2,0,0,0,0,0,1,8,E01021510,7,1,1.0,0.0,-1,1,40,1,1,1,16:20,7,2,1
2023010468478,2023,010468478,2,1,1,1,50,8,3,0,0,0,0,0,5,3,E01004533,-1,0,0.0,1.0,-1,6,20,1,4,1,20:50,3,2,5
2023010474719,2023,010474719,1,2,2,1,22,5,1,0,0,2,0,0,9,-1,-1,-1,0,0.0,0.0,-1,3,70,2,1,2,11:35,1,1,9
2023440264483,2023,440264483,2,1,2,2,38,7,3,0,0,1,0,0,9,4,E01017185,-1,0,0.04321,0.95679,-1,6,30,1,1,1,13:22,1,2,9
2023411330672,2023,411330672,1,2,3,2,87,11,1,8,1,0,0,0,0,9,E01023525,1,1,0.0,0.0,-1,6,30,1,1,1,13:30,3,1,9
2023552300811,2023,552300811,2,1,1,2,62,9,3,0,0,0,0,0,1,8,E01015320,-1,0,0.09929,0.90071,-1,6,30,1,1,1,08:35,3,2,1