collision_index,collision_year,collision_ref_no,vehicle_reference,casualty_reference,casualty_class,sex_of_casualty,age_of_casualty,age_band_of_casualty,casualty_severity,pedestrian_location,pedestrian_movement,car_passenger,bus_or_coach_passenger,pedestrian_road_maintenance_worker,casualty_type,casualty_imd_decile,lsoa_of_casualty,enhanced_casualty_severity,casualty_injury_based,casualty_adjusted_severity_serious,casualty_adjusted_severity_slight,casualty_distance_banding,road_type,speed_limit,weather_conditions,light_conditions,road_surface_conditions,time,day_of_week,number_of_vehicles,vehicle_type
2023340NN4572,2023,340NN4572,1,1,3,1,60,9,3,8,8,0,0,0,0,4,E01027059,-1,0,0.2016,0.7984,-1,6,30,1,1,1,11:15,2,1,9
2023122301105,2023,122301105,1,3,2,2,36,7,3,0,0,2,0,0,9,10,E01025255,-1,0,0.12596,0.87404,-1,6,60,1,1,1,16:19,4,1,9
2023302300972,2023,302300972,1,1,2,1,28,6,3,0,0,1,0,0,9,4,E01007810,-1,0,0.05407,0.94593,-1,3,70,1,1,1,17:10,2,2,9
2023401333031,2023,401333031,1,1,1,1,46,8,3,0,0,0,0,0,9,5,E01017440,3,1,0.0,1.0,-1,6,30,1,1,1,08:49,4,3,9
2023421302045,2023,421302045,2,1,1,2,31,6,2,0,0,0,0,0,9,5,E01021575,7,1,1.0,0.0,-1,6,30,1,1,1,13:22,2,2,9
2023351369061,2023,351369061,1,1,1,1,56,9,2,0,0,0,0,0,21,6,E01026887,7,1,1.0,0.0,-1,6,60,1,1,1,15:00,6,4,21
2023430558530,2023,430558530,2,1,1,1,7,2,3,0,0,0,0,0,1,3,E01028522,-1,0,0.1237,0.8763,-1,6,20,1,4,1,18:00,4,2,1
2023501295554,2023,501295554,1,1,1,1,27,6,2,0,0,0,0,0,3,-1,-1,7,1,1.0,0.0,-1,6,30,1,1,2,19:23,2,1,3
2023052301164,2023,052301164,1,1,1,1,84,11,3,0,0,0,0,0,9,4,E01006897,-1,0,0.13871,0.86129,-1,6,30,1,1,1,14:35,1,1,9
2023302301654,2023,302301654,2,2,1,1,17,4,3,0,0,0,0,0,9,2,E01013552,-1,0,0.05441,0.94559,-1,6,50,7,6,2,22:22,6,2,9
2023631309042,2023,631309042,1,1,1,1,51,8,3,0,0,0,0,0,9,6,W01001906,3,1,0.0,1.0,-1,6,60,1,1,1,18:45,5,2,9
2023101279119,2023,101279119,1,1,3,2,66,10,3,5,1,0,0,0,0,1,E01008290,3,1,0.0,1.0,-1,6,30,1,4,1,06:22,2,1,9
2023211274970,2023,211274970,3,1,1,1,58,9,2,0,0,0,0,0,1,2,E01029351,6,1,1.0,0.0,-1,3,50,1,4,1,18:27,6,3,1
2023320751247,2023,320751247,1,1,1,2,17,4,3,0,0,0,0,0,2,5,E01026373,-1,0,0.12913,0.87087,-1,6,30,1,1,4,13:00,4,1,2
2023010479056,2023,010479056,2,1,1,1,48,8,2,0,0,0,0,0,3,4,E01001247,-1,0,1.0,0.0,-1,6,20,1,1,1,10:05,2,2,3
2023320744577,2023,320744577,1,1,1,2,18,4,3,0,0,0,0,0,9,6,E01026399,-1,0,0.0674,0.9326,-1,6,60,1,6,4,00:30,6,1,9
2023332300510,2023,332300510,2,3,1,1,68,10,3,0,0,0,0,0,9,3,E01025949,-1,0,0.05072,0.94928,-1,6,50,1,1,1,09:50,1,2,9
2023170S21823,2023,170S21823,2,1,1,2,21,5,3,0,0,0,0,0,9,-1,-1,-1,0,0.04209,0.95791,-1,7,70,1,1,1,17:20,3,2,9
2023461313585,2023,461313585,2,2,2,2,42,7,3,0,0,1,0,0,9,10,E01024330,3,1,0.0,1.0,-1,6,30,1,1,1,11:10,7,2,9
2023991340070,2023,991340070,1,1,1,2,24,5,3,0,0,0,0,0,9,6,-1,3,1,0.0,1.0,-1,6,30,1,1,1,17:30,4,2,9
2023010481223,2023,010481223,1,1,1,1,58,9,2,0,0,0,0,0,5,5,E01000142,-1,0,1.0,0.0,-1,6,30,1,1,2,14:00,5,2,5
2023010448189,2023,010448189,1,1,1,1,79,11,3,0,0,0,0,0,9,-1,-1,-1,0,0.0,1.0,-1,6,30,1,1,1,16:20,7,1,9
2023061265462,2023,061265462,2,1,1,2,24,5,3,0,0,0,0,0,9,4,E01006188,3,1,0.0,1.0,-1,6,30,2,4,1,07:30,3,2,9
2023361294850,2023,361294850,1,1,1,1,82,11,3,0,0,0,0,0,9,5,E01025610,3,1,0.0,1.0,-1,6,30,1,1,1,18:00,7,3,9
2023430059908,2023,430059908,1,1,1,1,54,8,3,0,0,0,0,0,9,2,E01028454,-1,0,0.09443,0.90557,-1,3,70,1,6,1,18:36,4,1,9
2023991302878,2023,991302878,1,1,1,1,41,7,3,0,0,0,0,0,21,9,E01024964,3,1,0.0,1.0,-1,6,20,1,1,1,11:20,3,3,21
202360A081957,2023,60A081957,1,1,1,1,31,6,3,0,0,0,0,0,9,-1,-1,-1,0,0.10718,0.89282,-1,3,70,1,1,1,16:25,3,2,9
2023421369369,2023,421369369,2,1,1,2,36,7,3,0,0,0,0,0,9,4,E01021496,3,1,0.0,1.0,-1,6,40,9,4,-1,18:45,1,2,9
2023501299560,2023,501299560,3,3,1,2,55,8,3,0,0,0,0,0,9,7,E01018934,3,1,0.0,1.0,-1,6,30,1,1,2,17:33,6,3,9
2023440144467,2023,440144467,1,1,3,1,7,2,3,1,1,0,0,0,0,3,E01022908,-1,0,0.17499,0.82501,-1,6,30,1,1,1,12:20,5,1,9
2023991314493,2023,991314493,1,1,2,2,46,8,2,0,0,0,0,0,5,7,-1,6,1,1.0,0.0,-1,3,50,1,1,1,11:40,7,2,5
2023010425379,2023,010425379,1,1,1,1,46,8,3,0,0,0,0,0,9,-1,-1,-1,0,0.0,1.0,-1,6,20,1,4,1,18:57,7,2,9
2023610036823,2023,610036823,1,1,1,1,24,5,3,0,0,0,0,0,97,3,W01001663,-1,0,0.27448,0.72552,-1,6,30,1,4,1,21:10,3,2,97
2023622300594,2023,622300594,1,1,1,1,42,7,3,0,0,0,0,0,5,5,W01000971,-1,0,0.14888,0.85112,-1,6,30,1,1,1,15:53,5,2,5
2023010447825,2023,010447825,2,1,1,1,43,7,3,0,0,0,0,0,1,1,E01003052,-1,0,0.0,1.0,-1,6,20,1,1,1,16:34,5,2,1
2023522300659,2023,522300659,2,1,1,1,45,7,3,0,0,0,0,0,1,2,E01014660,-1,0,0.1112,0.8888,-1,3,30,1,4,1,18:49,5,2,1
2023010472907,2023,010472907,1,1,1,1,38,7,3,0,0,0,0,0,3,3,E01002646,-1,0,0.0,1.0,-1,9,30,9,1,9,10:19,5,2,3
2023440530356,2023,440530356,1,1,1,1,28,6,3,0,0,0,0,0,9,7,E01022481,-1,0,0.11572,0.88428,-1,6,30,1,4,1,23:17,6,2,9
2023122300905,2023,122300905,2,2,1,2,53,8,3,0,0,0,0,0,21,5,E01013308,-1,0,0.05569,0.94431,-1,6,60,1,1,2,14:59,6,2,21
2023371291791,2023,371291791,1,1,3,2,56,9,2,5,3,0,0,0,0,3,E01030234,6,1,1.0,0.0,-1,6,30,2,4,2,21:01,5,1,19
2023332300902,2023,332300902,1,1,1,1,32,6,3,0,0,0,0,0,1,3,E01013778,-1,0,0.02368,0.97632,-1,3,30,1,1,1,14:30,6,2,1
2023010454370,2023,010454370,1,1,1,1,45,7,3,0,0,0,0,0,9,5,E01000620,-1,0,0.0,1.0,-1,6,30,1,1,1,15:33,2,2,9
2023501338987,2023,501338987,3,3,2,1,39,7,3,0,0,1,0,0,9,1,E01019004,3,1,0.0,1.0,-1,3,70,1,1,1,10:20,6,3,9
2023401396692,2023,401396692,4,1,1,1,18,4,3,0,0,0,0,0,3,5,E01017390,3,1,0.0,1.0,-1,6,30,1,1,1,13:11,3,4,3
2023031293712,2023,031293712,1,1,3,1,59,9,3,10,9,0,0,0,0,9,E01019190,3,1,0.0,1.0,-1,9,20,1,1,1,16:24,3,1,20
2023332300715,2023,332300715,3,3,1,2,64,9,3,0,0,0,0,0,19,3,E01025949,-1,0,0.03507,0.96493,-1,6,50,1,1,1,09:15,2,3,19
2023141327144,2023,141327144,1,2,3,1,8,2,2,10,9,0,0,0,0,-1,-1,7,1,1.0,0.0,-1,6,20,1,1,1,08:39,5,1,9
2023401337731,2023,401337731,1,1,3,1,12,3,3,5,1,0,0,0,0,1,E01015729,3,1,0.0,1.0,-1,6,30,1,1,1,08:30,4,1,9
2023501317371,2023,501317371,1,1,3,2,1,1,2,4,1,0,0,0,0,2,E01020039,7,1,1.0,0.0,-1,6,20,1,1,1,15:58,7,1,9
2023451366679,2023,451366679,1,1,1,1,34,6,3,0,0,0,0,0,9,5,E01030814,3,1,0.0,1.0,-1,6,40,2,4,2,23:10,3,2,9
2023311265689,2023,311265689,2,2,1,2,59,9,3,0,0,0,0,0,9,7,E01028013,3,1,0.0,1.0,-1,6,30,8,1,4,14:59,5,2,9
2023421364669,2023,421364669,2,1,1,2,50,8,3,0,0,0,0,0,1,-1,-1,3,1,0.0,1.0,-1,6,60,1,1,2,10:46,5,2,1
2023520301312,2023,520301312,2,1,1,1,33,6,3,0,0,0,0,0,1,-1,-1,-1,0,0.07504,0.92496,-1,1,30,1,1,1,09:03,6,2,1
2023010458542,2023,010458542,1,1,1,1,22,5,3,0,0,0,0,0,3,5,E01000631,-1,0,0.0,1.0,-1,9,30,9,1,9,16:45,2,2,3
2023010485092,2023,010485092,1,1,3,2,18,4,2,5,1,0,0,0,0,5,E01000302,-1,0,1.0,0.0,-1,6,30,1,1,1,10:20,4,1,9
2023141280535,2023,141280535,2,5,1,1,46,8,2,0,0,0,0,0,9,-1,-1,7,1,1.0,0.0,-1,3,50,1,4,2,01:24,1,2,9
2023010426917,2023,010426917,1,1,1,2,35,6,3,0,0,0,0,0,3,10,E01004101,-1,0,0.0,1.0,-1,6,30,1,1,1,14:15,7,2,3
2023991341067,2023,991341067,2,1,1,1,51,8,3,0,0,0,0,0,5,9,-1,3,1,0.0,1.0,-1,6,40,1,1,1,13:50,6,2,5
2023430040529,2023,430040529,1,1,3,1,31,6,3,5,2,0,0,0,0,2,E01016480,-1,0,0.04647,0.95353,-1,6,30,1,1,1,08:00,6,1,9
2023522400800,2023,522400800,1,1,3,1,12,3,3,5,1,0,0,0,0,9,E01014871,-1,0,0.10675,0.89325,-1,6,30,1,4,1,18:40,3,1,9
2023991292795,2023,991292795,1,1,3,1,28,6,1,6,9,0,0,2,0,-1,-1,1,1,0.0,0.0,-1,6,60,1,1,1,10:45,7,1,19
2023010437913,2023,010437913,1,1,3,1,13,3,3,5,3,0,0,0,0,4,E01003573,-1,0,0.0,1.0,-1,6,30,1,1,1,17:32,2,1,9
2023010452298,2023,010452298,1,1,3,2,16,4,3,1,1,0,0,0,0,3,E01003431,-1,0,0.0,1.0,-1,3,20,1,1,1,16:22,5,1,9
2023010428106,2023,010428106,1,1,2,2,43,7,3,0,0,2,0,0,9,8,E01002915,-1,0,0.0,1.0,-1,6,20,1,1,1,16:02,1,1,9
2023041320047,2023,041320047,2,1,1,2,40,7,3,0,0,0,0,0,9,1,E01024876,3,1,0.0,1.0,-1,6,30,1,1,1,14:25,7,2,9
2023552300676,2023,552300676,2,1,1,1,54,8,3,0,0,0,0,0,9,2,E01015288,-1,0,0.01581,0.98419,-1,6,30,1,1,1,17:49,6,2,9
2023430472505,2023,430472505,1,1,3,2,73,10,2,5,1,0,0,0,0,8,E01016319,-1,0,1.0,0.0,-1,6,30,1,1,1,15:11,6,1,9
2023131329378,2023,131329378,2,1,1,1,53,8,3,0,0,0,0,0,1,1,E01010819,3,1,0.0,1.0,-1,6,30,1,1,1,08:12,6,2,1
2023991269955,2023,991269955,2,1,1,2,59,9,1,0,0,0,0,0,1,7,-1,1,1,0.0,0.0,-1,6,60,1,1,2,12:49,2,3,1
2023010476325,2023,010476325,1,1,1,1,30,6,3,0,0,0,0,0,3,2,E01003313,-1,0,0.0,1.0,-1,6,20,1,1,1,10:25,2,2,3
2023010477654,2023,010477654,1,1,1,1,21,5,3,0,0,0,0,0,3,3,E01003916,-1,0,0.0,1.0,-1,1,20,1,4,1,22:25,7,2,3
2023451363365,2023,451363365,1,1,1,1,24,5,3,0,0,0,0,0,3,9,E01016575,3,1,0.0,1.0,-1,6,20,1,1,1,16:30,6,2,3
2023131372309,2023,131372309,1,1,3,2,17,4,3,10,9,0,0,1,0,1,E01010677,3,1,0.0,1.0,-1,6,30,1,1,1,14:05,4,1,9
2023010467211,2023,010467211,2,1,1,1,33,6,3,0,0,0,0,0,5,2,E01002068,-1,0,0.0,1.0,-1,3,20,2,1,2,13:30,4,2,5
2023991343758,2023,991343758,1,2,3,2,11,3,2,5,1,0,0,2,0,-1,-1,6,1,1.0,0.0,-1,6,30,1,1,1,17:24,2,1,9
2023010421862,2023,010421862,1,1,3,2,34,6,3,5,3,0,0,0,0,2,E01003349,-1,0,0.0,1.0,-1,6,20,1,1,1,08:25,3,1,9
2023010446353,2023,010446353,1,1,1,1,61,9,3,0,0,0,0,0,9,-1,-1,-1,0,0.0,1.0,-1,2,20,1,1,1,13:10,5,1,9
2023471358001,2023,471358001,1,1,1,1,20,4,2,0,0,0,0,0,9,8,E01031694,5,1,1.0,0.0,-1,6,60,1,1,1,11:15,6,2,9
2023421390270,2023,421390270,2,1,1,1,15,3,2,0,0,0,0,0,97,4,E01021265,7,1,1.0,0.0,-1,6,30,1,7,1,20:30,7,2,97
2023320577531,2023,320577531,2,1,1,1,36,7,3,0,0,0,0,0,3,8,E01026313,-1,0,0.14007,0.85993,-1,6,60,1,1,1,14:15,3,2,3
2023101285524,2023,101285524,1,1,1,2,75,10,2,0,0,0,0,0,9,10,E01027469,5,1,1.0,0.0,-1,6,30,1,1,2,17:40,6,1,9
2023170S21063,2023,170S21063,2,2,1,2,49,8,3,0,0,0,0,0,9,-1,-1,-1,0,0.07384,0.92616,-1,6,30,1,1,1,21:01,2,2,9
2023061350257,2023,061350257,2,1,1,1,31,6,3,0,0,0,0,0,1,6,E01005078,3,1,0.0,1.0,-1,6,30,1,1,1,17:45,4,2,1
2023421292748,2023,421292748,1,2,3,2,67,10,3,6,5,0,0,0,0,7,E01022449,3,1,0.0,1.0,-1,2,20,2,1,2,12:25,7,1,9
2023302301245,2023,302301245,2,1,1,1,55,8,2,0,0,0,0,0,1,8,E01019840,-1,0,1.0,0.0,-1,6,60,1,1,1,17:55,6,2,1
2023161392874,2023,161392874,1,1,1,1,17,4,3,0,0,0,0,0,9,4,E01013051,3,1,0.0,1.0,-1,6,60,8,6,2,17:20,5,1,9
2023451368054,2023,451368054,2,1,1,2,46,8,3,0,0,0,0,0,9,10,E01030986,3,1,0.0,1.0,-1,6,30,2,1,2,13:15,7,2,9
2023522400664,2023,522400664,2,2,2,2,66,10,3,0,0,1,0,0,9,10,E01032678,-1,0,0.02169,0.97831,-1,6,30,2,1,2,12:56,3,2,9
202360A190509,2023,60A190509,2,2,2,1,7,2,3,0,0,2,0,0,9,-1,-1,-1,0,0.06303,0.93697,-1,6,60,2,1,2,13:47,1,2,9
2023010458265,2023,010458265,1,1,1,2,50,8,3,0,0,0,0,0,9,2,E01003046,-1,0,0.0,1.0,-1,1,20,8,1,1,12:45,7,2,9
2023170L31313,2023,170L31313,1,1,3,2,61,9,3,5,1,0,0,0,0,6,E01012130,-1,0,0.18792,0.81208,-1,6,30,1,4,1,16:45,7,1,9
2023471284609,2023,471284609,1,1,3,2,13,3,3,5,1,0,0,0,0,8,E01017003,3,1,0.0,1.0,-1,6,30,2,1,2,15:20,4,1,9
2023010474622,2023,010474622,1,1,3,1,25,5,3,8,1,0,0,0,0,5,E01002546,-1,0,0.0,1.0,-1,3,40,2,4,2,23:50,7,1,9
2023052301630,2023,052301630,1,1,3,1,36,7,2,6,9,0,0,0,0,2,E01006962,-1,0,1.0,0.0,-1,3,30,1,4,2,01:17,7,1,9
2023302301757,2023,302301757,1,1,3,2,38,7,2,1,3,0,0,0,0,1,E01013480,-1,0,1.0,0.0,-1,3,30,1,4,1,21:11,4,1,9
2023061329230,2023,061329230,2,1,1,1,28,6,3,0,0,0,0,0,3,2,E01005959,3,1,0.0,1.0,-1,6,30,1,4,1,22:54,5,2,3
2023201379731,2023,201379731,1,3,2,1,-1,-1,3,0,0,2,0,0,9,2,E01010311,3,1,0.0,1.0,-1,6,30,1,1,2,08:17,1,2,9
2023340WN1772,2023,340WN1772,2,1,1,2,71,10,3,0,0,0,0,0,9,7,E01027221,-1,0,0.01611,0.98389,-1,6,20,2,1,2,13:15,1,2,9
2023141375048,2023,141375048,1,1,1,1,19,4,1,0,0,0,0,0,5,3,E01008032,1,1,0.0,0.0,-1,6,30,1,1,1,13:15,4,2,5
2023361356284,2023,361356284,2,1,1,1,17,4,2,0,0,0,0,0,3,5,E01033435,7,1,1.0,0.0,-1,6,30,1,4,1,20:58,7,2,3
2023201310994,2023,201310994,2,1,1,1,62,9,3,0,0,0,0,0,5,8,E01010161,3,1,0.0,1.0,-1,6,30,1,1,1,12:03,4,2,5
2023371377428,2023,371377428,1,1,3,1,13,3,3,5,9,0,0,0,0,10,E01033442,3,1,0.0,1.0,-1,6,30,2,1,2,08:25,4,1,9
2023430105813,2023,430105813,2,1,2,2,57,9,3,0,0,2,0,0,8,5,E01016483,-1,0,0.03984,0.96016,-1,6,30,2,1,2,08:30,5,2,8
2023041329546,2023,041329546,2,2,2,2,42,7,3,0,0,1,0,0,9,9,E01025299,3,1,0.0,1.0,-1,6,30,1,1,1,20:10,6,2,9
2023421295546,2023,421295546,1,2,1,1,19,4,3,0,0,0,0,0,9,5,E01024413,3,1,0.0,1.0,-1,6,30,1,1,1,14:22,6,2,9
2023531384221,2023,531384221,2,1,1,2,38,7,3,0,0,0,0,0,9,1,E01022311,3,1,0.0,1.0,-1,6,30,1,1,1,15:10,6,2,9
2023351340343,2023,351340343,2,1,1,1,25,5,3,0,0,0,0,0,1,10,E01017959,3,1,0.0,1.0,-1,6,30,2,1,2,16:30,3,2,1
2023430097144,2023,430097144,1,1,3,1,15,3,3,5,1,0,0,0,0,10,E01017751,-1,0,0.04631,0.95369,-1,6,30,1,1,1,16:19,6,1,9
2023471263259,2023,471263259,1,2,3,1,-1,-1,3,4,1,0,0,0,0,-1,-1,3,1,0.0,1.0,-1,6,30,5,4,2,07:10,5,1,3
2023161360306,2023,161360306,2,1,1,1,66,10,3,0,0,0,0,0,5,1,E01012837,3,1,0.0,1.0,-1,6,30,1,1,1,17:16,6,2,5
2023010462149,2023,010462149,1,1,1,1,80,11,3,0,0,0,0,0,9,10,E01000758,-1,0,0.0,1.0,-1,6,30,1,1,5,15:00,3,2,9
2023052301108,2023,052301108,2,1,1,1,41,7,3,0,0,0,0,0,9,1,E01006816,-1,0,0.00851,0.99149,-1,6,30,1,1,1,15:20,6,2,9
2023361383195,2023,361383195,1,1,3,1,87,11,2,4,3,0,0,0,0,2,E01026600,7,1,1.0,0.0,-1,6,30,2,1,2,12:40,6,1,9
2023122400037,2023,122400037,2,1,1,1,73,10,2,0,0,0,0,0,1,7,E01027761,-1,0,1.0,0.0,-1,6,30,1,1,1,13:35,1,2,1
2023351315998,2023,351315998,2,1,1,1,26,6,3,0,0,0,0,0,1,9,E01018010,3,1,0.0,1.0,-1,6,20,1,1,2,17:10,4,2,1
2023552301188,2023,552301188,1,1,1,2,35,6,3,0,0,0,0,0,5,7,E01020486,-1,0,0.12338,0.87662,-1,6,30,1,1,1,16:56,3,2,5
2023010457363,2023,010457363,1,1,3,2,33,6,3,1,3,0,0,0,0,1,E01004250,-1,0,0.0,1.0,-1,6,20,1,1,1,13:42,4,1,8
2023421320316,2023,421320316,1,1,1,1,35,6,2,0,0,0,0,0,1,-1,-1,7,1,1.0,0.0,-1,6,30,1,1,1,10:40,1,1,1
2023010423093,2023,010423093,1,1,1,2,26,6,3,0,0,0,0,0,3,3,E01004038,-1,0,0.0,1.0,-1,6,20,1,1,1,17:09,2,2,3
2023401366943,2023,401366943,1,1,2,2,32,6,3,0,0,-1,0,0,8,7,E01016831,3,1,0.0,1.0,-1,6,30,1,1,1,13:45,1,1,8
2023010439918,2023,010439918,1,1,1,1,33,6,3,0,0,0,0,0,3,10,E01002978,-1,0,0.0,1.0,-1,6,20,2,1,2,19:32,5,2,3
2023010449677,2023,010449677,1,1,1,1,51,8,2,0,0,0,0,0,5,-1,-1,-1,0,1.0,0.0,-1,6,30,1,1,1,17:45,3,2,5
2023201396850,2023,201396850,1,1,3,1,30,6,3,5,9,0,0,2,0,1,E01009056,3,1,0.0,1.0,-1,6,30,1,1,1,15:00,5,1,9
2023430568840,2023,430568840,1,1,3,2,79,11,3,1,3,0,0,0,0,10,E01028656,-1,0,0.1045,0.8955,-1,6,20,1,4,1,17:15,2,1,9
2023501304182,2023,501304182,2,1,1,1,65,9,3,0,0,0,0,0,5,9,E01015121,3,1,0.0,1.0,-1,6,30,1,1,1,12:05,6,2,5
2023061328434,2023,061328434,2,1,1,2,46,8,3,0,0,0,0,0,9,5,E01005248,3,1,0.0,1.0,-1,3,30,1,1,1,17:15,4,2,9
2023201415176,2023,201415176,2,3,2,1,-1,-1,3,0,0,-1,0,0,9,-1,-1,3,1,0.0,1.0,-1,6,30,2,1,2,16:54,4,2,9
2023440368584,2023,440368584,2,1,1,2,48,8,3,0,0,0,0,0,9,10,E01015445,-1,0,0.01298,0.98702,-1,3,70,1,1,1,15:35,7,4,9
2023010422573,2023,010422573,1,2,2,2,8,2,3,0,0,0,0,0,1,-1,-1,-1,0,0.0,1.0,-1,6,20,1,1,4,08:50,6,2,1
2023010468364,2023,010468364,1,1,1,2,32,6,3,0,0,0,0,0,1,4,E01002042,-1,0,0.0,1.0,-1,6,30,1,1,1,09:00,3,2,1
2023552301456,2023,552301456,1,1,3,2,41,7,2,4,3,0,0,0,0,2,E01015367,-1,0,1.0,0.0,-1,3,30,1,4,2,20:52,5,1,9
2023010433304,2023,010433304,2,1,1,1,19,4,3,0,0,0,0,0,1,2,E01001912,-1,0,0.0,1.0,-1,3,20,2,4,2,21:10,2,2,1
2023010446152,2023,010446152,2,1,1,2,61,9,3,0,0,0,0,0,9,3,E01004747,-1,0,0.0,1.0,-1,6,20,1,1,1,11:05,4,2,9
2023041283365,2023,041283365,2,2,2,1,-1,-1,3,0,0,1,0,0,9,1,E01012686,3,1,0.0,1.0,-1,6,30,1,1,1,17:10,7,6,9
2023061286870,2023,061286870,2,1,1,1,24,5,2,0,0,0,0,0,9,2,E01005226,7,1,1.0,0.0,-1,3,30,1,1,1,13:20,1,2,9
2023141264477,2023,141264477,1,1,1,2,26,6,3,0,0,0,0,0,9,2,E01028008,3,1,0.0,1.0,-1,3,30,1,1,1,10:20,2,2,9
2023351341910,2023,351341910,1,1,1,2,85,11,3,0,0,0,0,0,9,10,E01018198,3,1,0.0,1.0,-1,6,30,1,1,1,07:13,4,2,9
2023540385423,2023,540385423,1,1,1,1,25,5,3,0,0,0,0,0,9,2,E01031914,-1,0,0.06165,0.93835,-1,6,60,5,6,2,07:08,5,1,9
2023552301046,2023,552301046,2,1,1,1,60,9,3,0,0,0,0,0,9,9,E01022982,-1,0,0.1003,0.8997,-1,3,70,1,1,1,18:46,1,3,9
2023440036513,2023,440036513,1,1,2,2,71,10,3,0,0,0,4,0,11,9,E01022676,-1,0,0.03139,0.96861,-1,1,30,1,1,1,10:01,4,1,11
2023010478863,2023,010478863,2,1,1,1,28,6,3,0,0,0,0,0,3,-1,-1,-1,0,0.0,1.0,-1,3,50,1,4,1,00:52,1,2,3
2023010479596,2023,010479596,1,1,3,2,28,6,3,10,9,0,0,0,0,7,E01011053,-1,0,0.0,1.0,-1,2,20,1,4,1,21:40,4,1,19
2023302300599,2023,302300599,1,1,3,2,6,2,3,1,1,0,0,0,0,2,E01019547,-1,0,0.09169,0.90831,-1,6,30,1,1,1,16:25,3,1,9
2023421367842,2023,421367842,4,1,1,1,27,6,3,0,0,0,0,0,9,-1,-1,3,1,0.0,1.0,-1,1,30,1,4,1,20:37,6,4,9
2023010435873,2023,010435873,1,1,3,1,57,9,3,5,4,0,0,0,0,10,E01022838,-1,0,0.0,1.0,-1,6,20,1,1,1,14:32,3,1,9
2023131353721,2023,131353721,1,1,3,1,12,3,3,5,1,0,0,1,0,1,E01033035,3,1,0.0,1.0,-1,6,30,1,1,1,15:00,2,1,9
2023522301837,2023,522301837,2,1,1,1,49,8,3,0,0,0,0,0,1,1,E01033358,-1,0,0.11835,0.88165,-1,6,20,1,1,1,15:55,4,2,1
2023161332869,2023,161332869,2,1,1,1,29,6,3,0,0,0,0,0,1,5,E01012773,3,1,0.0,1.0,-1,3,30,1,1,1,11:00,2,2,1
2023052301008,2023,052301008,1,1,3,1,75,10,2,5,9,0,0,0,0,4,E01006681,-1,0,1.0,0.0,-1,6,30,1,1,1,16:30,6,1,9
2023031306350,2023,031306350,1,1,3,1,3,1,3,5,3,0,0,0,0,-1,-1,3,1,0.0,1.0,-1,6,60,1,1,1,16:00,5,1,9
2023010468373,2023,010468373,2,1,1,1,51,8,2,0,0,0,0,0,1,4,E01000242,-1,0,1.0,0.0,-1,6,30,1,1,1,10:30,3,2,1
2023131343050,2023,131343050,1,1,1,1,56,9,2,0,0,0,0,0,3,9,E01027660,7,1,1.0,0.0,-1,6,40,1,1,1,11:20,1,1,3
2023332300117,2023,332300117,2,1,1,1,26,6,2,0,0,0,0,0,5,3,E01025994,-1,0,1.0,0.0,-1,6,30,1,4,1,17:00,3,2,5
2023010433506,2023,010433506,1,1,1,1,21,5,3,0,0,0,0,0,1,1,E01004273,-1,0,0.0,1.0,-1,1,20,1,4,1,19:00,3,2,1
2023545492423,2023,545492423,1,1,1,1,10,2,3,0,0,0,0,0,1,8,E01015517,-1,0,0.05544,0.94456,-1,6,30,9,1,1,17:00,4,2,1
2023010443980,2023,010443980,1,1,3,1,25,5,2,5,1,0,0,0,0,1,E01012850,-1,0,1.0,0.0,-1,2,20,1,1,1,18:03,6,1,4
2023061342718,2023,061342718,2,2,2,2,9,2,3,0,0,-1,0,0,9,-1,-1,3,1,0.0,1.0,-1,6,30,1,1,1,17:00,4,2,9
2023340WN1122,2023,340WN1122,2,1,1,1,49,8,3,0,0,0,0,0,9,4,E01027320,-1,0,0.02818,0.97182,-1,6,60,1,4,1,18:16,7,2,9
2023520301218,2023,520301218,1,1,1,1,37,7,2,0,0,0,0,0,9,9,W01001640,-1,0,1.0,0.0,-1,6,30,1,1,1,05:10,4,2,9
202360A001136,2023,60A001136,1,1,3,1,91,11,3,10,8,0,0,0,0,-1,-1,-1,0,0.12239,0.87761,-1,9,30,2,1,2,14:15,3,1,9
2023010464862,2023,010464862,2,1,1,1,25,5,2,0,0,0,0,0,1,2,E01004197,-1,0,1.0,0.0,-1,6,20,1,4,1,20:23,6,2,1
2023071207712,2023,071207712,2,1,1,1,54,8,3,0,0,0,0,0,1,9,E01018602,-1,0,0.06417,0.93583,-1,6,30,1,1,4,07:20,5,2,1
2023010456416,2023,010456416,1,1,1,1,31,6,2,0,0,0,0,0,2,3,E01000054,-1,0,1.0,0.0,-1,6,30,1,1,1,15:29,5,2,2
2023010442718,2023,010442718,1,1,3,1,18,4,2,5,3,0,0,0,0,2,E01001250,-1,0,1.0,0.0,-1,3,20,1,4,1,23:41,6,1,9
2023010459602,2023,010459602,1,1,1,1,49,8,3,0,0,0,0,0,8,3,E01002407,-1,0,0.0,1.0,-1,3,50,2,1,2,18:19,3,2,8
2023041342491,2023,041342491,2,1,1,2,67,10,2,0,0,0,0,0,9,2,E01025238,7,1,1.0,0.0,-1,6,30,2,1,2,13:18,1,2,9
2023320419330,2023,320419330,1,2,2,1,11,3,3,0,0,1,0,0,9,1,E01026376,-1,0,0.05926,0.94074,-1,6,50,1,1,1,13:07,6,2,9