collision_index,collision_year,collision_ref_no,vehicle_reference,casualty_reference,casualty_class,sex_of_casualty,age_of_casualty,age_band_of_casualty,casualty_severity,pedestrian_location,pedestrian_movement,car_passenger,bus_or_coach_passenger,pedestrian_road_maintenance_worker,casualty_type,casualty_imd_decile,lsoa_of_casualty,enhanced_casualty_severity,casualty_injury_based,casualty_adjusted_severity_serious,casualty_adjusted_severity_slight,casualty_distance_banding,road_type,speed_limit,weather_conditions,light_conditions,road_surface_conditions,time,day_of_week,number_of_vehicles,vehicle_type
2023991296813,2023,991296813,1,1,1,2,21,5,2,0,0,0,0,0,9,9,-1,7,1,1.0,0.0,-1,3,70,1,1,1,17:10,6,2,9
2023548506423,2023,548506423,1,1,1,1,25,5,3,0,0,0,0,0,9,9,E01032701,-1,0,0.04267,0.95733,-1,1,40,1,1,1,17:35,7,1,9
2023061371000,2023,061371000,1,1,2,2,31,6,2,0,0,1,0,0,9,-1,-1,6,1,1.0,0.0,-1,6,30,2,4,2,22:41,1,4,9
2023302301475,2023,302301475,1,2,2,2,13,3,3,0,0,1,0,0,9,9,E01019622,-1,0,0.06582,0.93418,-1,6,60,5,6,2,21:06,1,2,9
2023122300828,2023,122300828,1,1,1,1,36,7,2,0,0,0,0,0,1,8,E01027858,-1,0,1.0,0.0,-1,1,30,1,1,1,16:30,1,1,1
2023522324630,2023,522324630,2,1,1,1,29,6,3,0,0,0,0,0,1,7,E01014551,-1,0,0.09853,0.90147,-1,3,30,1,1,1,17:26,4,2,1
2023010474128,2023,010474128,4,2,1,1,80,11,3,0,0,0,0,0,9,9,E01000410,-1,0,0.0,1.0,-1,6,20,1,1,2,09:25,5,4,9
2023552300806,2023,552300806,1,2,2,1,72,10,3,0,0,1,0,0,9,9,E01019907,-1,0,0.15079,0.84921,-1,6,40,1,1,1,17:39,5,3,9
2023440141366,2023,440141366,2,2,1,1,40,7,3,0,0,0,0,0,19,5,E01017113,-1,0,0.04435,0.95565,-1,6,40,1,1,1,08:00,3,2,19
2023010477651,2023,010477651,1,1,1,1,35,6,3,0,0,0,0,0,3,4,E01003937,-1,0,0.0,1.0,-1,6,30,1,1,1,13:40,1,2,3
2023041329911,2023,041329911,1,1,3,2,74,10,3,1,3,0,0,0,0,9,E01025569,3,1,0.0,1.0,-1,6,30,2,1,2,15:00,6,1,9
2023010443662,2023,010443662,1,1,1,-1,28,6,3,0,0,0,0,0,3,3,E01003146,-1,0,0.0,1.0,-1,9,30,9,1,9,19:00,3,2,3
2023031319997,2023,031319997,1,1,1,1,59,9,3,0,0,0,0,0,5,-1,-1,3,1,0.0,1.0,-1,6,60,1,1,1,16:13,1,2,5
2023351390501,2023,351390501,1,1,1,1,27,6,3,0,0,0,0,0,9,6,E01018169,3,1,0.0,1.0,-1,6,30,1,4,1,16:27,7,3,9
2023440235806,2023,440235806,1,1,1,1,60,9,3,0,0,0,0,0,19,7,E01023124,-1,0,0.09883,0.90117,-1,6,40,1,1,1,13:30,3,2,19
2023552300880,2023,552300880,1,1,1,1,53,8,3,0,0,0,0,0,1,2,E01020575,-1,0,0.09843,0.90157,-1,6,20,1,1,1,16:21,7,2,1
2023010439975,2023,010439975,1,1,1,1,44,7,3,0,0,0,0,0,3,2,E01003325,-1,0,0.0,1.0,-1,6,20,2,4,2,18:50,5,2,3
2023101333801,2023,101333801,1,1,1,1,88,11,3,0,0,0,0,0,9,-1,-1,3,1,0.0,1.0,-1,6,60,1,1,2,17:01,3,1,9
2023131383469,2023,131383469,3,1,1,1,34,6,3,0,0,0,0,0,9,7,E01011890,3,1,0.0,1.0,-1,3,70,1,4,2,17:42,3,4,9
2023461328456,2023,461328456,1,1,1,1,48,8,3,0,0,0,0,0,9,1,E01024278,3,1,0.0,1.0,-1,3,70,1,1,1,14:20,3,1,9
2023991296531,2023,991296531,2,2,1,1,35,6,3,0,0,0,0,0,9,7,-1,3,1,0.0,1.0,-1,6,60,1,1,1,15:26,1,2,9
2023430180936,2023,430180936,1,1,3,2,5,1,3,1,1,0,0,0,0,-1,-1,-1,0,0.04161,0.95839,-1,6,20,1,1,1,08:20,4,1,9
2023070152158,2023,070152158,2,1,1,2,67,10,3,0,0,0,0,0,1,10,E01018490,-1,0,0.0776,0.9224,-1,6,30,1,1,1,10:30,3,2,1
202354A650923,2023,54A650923,2,1,1,2,72,10,3,0,0,0,0,0,9,8,E01018242,-1,0,0.08749,0.91251,-1,6,60,1,1,1,16:07,7,2,9
202363B031923,2023,63B031923,1,1,1,1,57,9,2,0,0,0,0,0,9,-1,-1,-1,0,1.0,0.0,-1,6,60,1,1,1,15:29,4,2,9
2023061331093,2023,061331093,2,1,1,1,28,6,3,0,0,0,0,0,19,4,E01005751,3,1,0.0,1.0,-1,3,70,1,1,2,08:57,4,4,19
2023221272831,2023,221272831,1,1,1,1,61,9,3,0,0,0,0,0,19,5,E01014097,3,1,0.0,1.0,-1,6,60,1,1,1,12:44,6,2,19
2023161365155,2023,161365155,1,1,3,1,73,10,3,5,1,0,0,2,0,10,E01013012,3,1,0.0,1.0,-1,6,20,1,1,1,13:30,5,1,9
2023501273643,2023,501273643,2,1,1,2,18,4,2,0,0,0,0,0,3,4,E01018925,7,1,1.0,0.0,-1,6,60,1,1,1,17:00,2,4,3
2023131353095,2023,131353095,1,1,1,1,88,11,3,0,0,0,0,0,9,8,E01011191,3,1,0.0,1.0,-1,6,30,1,1,1,14:00,6,1,9
2023161328354,2023,161328354,2,1,1,1,82,11,3,0,0,0,0,0,9,3,E01013135,3,1,0.0,1.0,-1,6,30,1,1,1,14:20,3,2,9
2023170L10873,2023,170L10873,1,3,2,2,24,5,3,0,0,1,0,0,9,6,E01012279,-1,0,0.0311,0.9689,-1,6,60,1,1,1,10:12,4,2,9
2023471352473,2023,471352473,2,2,2,2,53,8,3,0,0,1,0,0,9,8,E01031634,3,1,0.0,1.0,-1,6,40,1,1,1,17:30,4,2,9
2023631375893,2023,631375893,1,1,1,1,18,4,3,0,0,0,0,0,9,9,W01000722,3,1,0.0,1.0,-1,6,20,1,1,2,09:25,4,2,9
2023991269265,2023,991269265,1,1,1,2,35,6,2,0,0,0,0,0,9,3,-1,6,1,1.0,0.0,-1,6,60,1,6,2,18:30,6,1,9
2023311329713,2023,311329713,1,1,1,1,35,6,3,0,0,0,0,0,9,3,E01033392,3,1,0.0,1.0,-1,6,60,8,6,2,09:00,7,1,9
2023421355068,2023,421355068,2,3,2,1,27,6,3,0,0,1,0,0,9,8,E01021299,3,1,0.0,1.0,-1,1,30,1,1,1,11:25,7,2,9
2023411332796,2023,411332796,1,1,3,1,5,1,2,6,9,0,0,0,0,6,E01023539,6,1,1.0,0.0,-1,6,30,1,1,1,15:13,2,1,9
2023010474103,2023,010474103,1,1,1,1,32,6,3,0,0,0,0,0,1,3,E01024280,-1,0,0.0,1.0,-1,9,30,9,4,9,07:56,5,2,1
2023461340121,2023,461340121,2,1,1,1,36,7,2,0,0,0,0,0,1,4,E01024176,7,1,1.0,0.0,-1,6,30,1,1,1,07:15,5,2,1
2023010438910,2023,010438910,1,1,2,2,20,4,3,0,0,2,0,0,8,8,E01000989,-1,0,0.0,1.0,-1,6,30,2,6,2,03:00,1,1,8
2023041351974,2023,041351974,2,2,2,1,1,1,3,0,0,2,0,0,9,9,E01012598,3,1,0.0,1.0,-1,6,30,1,1,1,15:30,4,2,9
2023070952513,2023,070952513,1,1,1,1,57,9,3,0,0,0,0,0,9,6,E01025334,-1,0,0.13219,0.86781,-1,6,50,1,1,2,14:30,1,1,9
2023201285387,2023,201285387,2,2,1,2,18,4,3,0,0,0,0,0,9,5,E01008959,3,1,0.0,1.0,-1,3,30,2,1,2,08:35,3,2,9
2023401315856,2023,401315856,2,1,1,1,32,6,3,0,0,0,0,0,9,1,E01026687,3,1,0.0,1.0,-1,6,30,1,4,1,22:26,6,2,9
2023461380091,2023,461380091,2,1,1,1,56,9,3,0,0,0,0,0,9,5,E01024010,3,1,0.0,1.0,-1,6,30,1,4,1,21:06,6,2,9
2023141358135,2023,141358135,2,1,1,2,47,8,3,0,0,0,0,0,9,3,E01007528,3,1,0.0,1.0,-1,3,50,1,4,2,03:25,1,2,9
2023010433716,2023,010433716,2,1,1,1,-1,-1,3,0,0,0,0,0,1,-1,-1,-1,0,0.0,1.0,-1,1,20,1,1,1,09:00,5,2,1
2023070635857,2023,070635857,1,2,2,1,4,1,3,0,0,2,0,0,9,10,E01014937,-1,0,0.01732,0.98268,-1,6,30,1,1,1,10:22,7,2,9
2023451306940,2023,451306940,1,1,1,1,79,11,3,0,0,0,0,0,9,9,E01030492,3,1,0.0,1.0,-1,6,30,1,1,1,09:05,6,1,9
202360A169165,2023,60A169165,1,2,2,2,28,6,3,0,0,1,0,0,9,-1,-1,-1,0,0.14076,0.85924,-1,3,70,1,6,1,00:03,1,1,9
2023311344861,2023,311344861,1,1,2,1,92,11,3,0,0,0,2,0,11,-1,-1,3,1,0.0,1.0,-1,6,30,1,1,1,14:05,3,1,11
2023991282702,2023,991282702,1,1,2,2,88,11,3,0,0,0,3,0,11,-1,-1,3,1,0.0,1.0,-1,6,30,1,1,1,09:00,6,1,11
2023231349097,2023,231349097,2,1,1,2,26,6,3,0,0,0,0,0,9,9,E01031328,3,1,0.0,1.0,-1,6,50,8,1,2,07:42,6,3,9
2023411381343,2023,411381343,2,2,1,1,43,7,3,0,0,0,0,0,9,5,E01023796,3,1,0.0,1.0,-1,6,30,2,1,2,14:48,4,2,9
2023010445205,2023,010445205,2,3,2,1,15,3,3,0,0,2,0,0,9,2,E01021315,-1,0,0.0,1.0,-1,3,30,1,1,1,13:30,6,2,9
2023041277342,2023,041277342,1,1,2,1,19,4,3,0,0,2,0,0,9,1,E01006019,3,1,0.0,1.0,-1,6,30,8,4,2,02:00,6,1,9
2023201364101,2023,201364101,1,1,1,1,19,4,3,0,0,0,0,0,9,5,E01009939,3,1,0.0,1.0,-1,3,40,1,1,1,19:45,3,2,9
2023201418204,2023,201418204,1,1,3,2,51,8,3,5,1,0,0,2,0,1,E01010456,3,1,0.0,1.0,-1,1,30,8,1,2,16:35,3,1,9
2023070208827,2023,070208827,1,1,1,1,43,7,2,0,0,0,0,0,9,-1,-1,-1,0,1.0,0.0,-1,3,40,2,4,2,22:26,7,1,9
2023471283248,2023,471283248,2,1,1,2,63,9,3,0,0,0,0,0,9,6,E01031606,3,1,0.0,1.0,-1,6,30,1,1,1,14:25,1,2,9
2023552301513,2023,552301513,2,3,2,1,47,8,3,0,0,2,0,0,8,4,E01015372,-1,0,0.0663,0.9337,-1,6,30,2,4,2,00:09,7,2,8
2023131318331,2023,131318331,2,1,1,1,36,7,2,0,0,0,0,0,9,2,E01011681,7,1,1.0,0.0,-1,3,30,1,4,1,23:55,3,2,9
2023430136156,2023,430136156,2,2,2,2,38,7,3,0,0,1,0,0,9,8,E01028547,-1,0,0.00677,0.99323,-1,6,20,1,1,1,11:00,5,2,9
2023501334180,2023,501334180,2,2,1,2,30,6,1,0,0,0,0,0,9,3,E01019000,1,1,0.0,0.0,-1,6,60,1,1,2,19:26,5,3,9
2023031294152,2023,031294152,1,1,1,1,18,4,2,0,0,0,0,0,3,2,E01019110,6,1,1.0,0.0,-1,6,60,2,6,2,21:55,4,1,3
2023201416063,2023,201416063,2,2,1,1,28,6,3,0,0,0,0,0,9,4,E01009085,3,1,0.0,1.0,-1,6,30,1,1,1,16:43,3,3,9
2023622300553,2023,622300553,1,1,1,2,37,7,3,0,0,0,0,0,9,7,W01001108,-1,0,0.01997,0.98003,-1,1,40,1,1,1,09:54,2,2,9
2023471286241,2023,471286241,2,1,1,1,16,4,2,0,0,0,0,0,1,2,E01020990,7,1,1.0,0.0,-1,6,30,2,4,2,22:15,5,2,1
2023361308210,2023,361308210,2,1,1,1,20,4,3,0,0,0,0,0,3,1,E01026869,3,1,0.0,1.0,-1,6,20,1,1,2,18:45,5,2,3
2023010421371,2023,010421371,1,4,2,1,12,3,3,0,0,2,0,0,9,2,E01003196,-1,0,0.0,1.0,-1,1,30,2,1,2,11:38,7,2,9
2023131275148,2023,131275148,1,1,1,1,54,8,3,0,0,0,0,0,9,2,E01032487,3,1,0.0,1.0,-1,6,30,1,1,1,12:31,7,2,9
2023131373314,2023,131373314,2,1,2,2,38,7,3,0,0,0,0,0,9,8,E01032488,3,1,0.0,1.0,-1,3,40,1,4,1,18:00,6,2,9
2023311274986,2023,311274986,2,1,2,1,7,2,3,0,0,1,0,0,9,7,E01028217,3,1,0.0,1.0,-1,6,30,1,1,4,16:11,6,2,9
2023471329998,2023,471329998,2,2,2,1,24,5,3,0,0,2,0,0,9,3,E01016952,3,1,0.0,1.0,-1,6,30,1,4,1,21:40,1,2,9
2023010455580,2023,010455580,1,1,3,1,37,7,3,5,1,0,0,0,0,-1,-1,-1,0,0.0,1.0,-1,6,20,1,1,1,06:15,2,1,9
2023991388626,2023,991388626,1,1,3,1,52,8,3,1,1,0,0,0,0,-1,-1,3,1,0.0,1.0,-1,7,30,2,1,2,09:30,6,1,19
2023430092046,2023,430092046,1,1,1,1,32,6,3,0,0,0,0,0,1,9,E01016703,-1,0,0.04607,0.95393,-1,2,30,1,1,1,15:30,1,2,1
2023101388760,2023,101388760,1,1,1,1,41,7,3,0,0,0,0,0,3,5,E01008359,3,1,0.0,1.0,-1,6,30,1,4,2,15:55,6,2,3
2023010421999,2023,010421999,2,1,1,1,50,8,2,0,0,0,0,0,4,10,E01030606,-1,0,1.0,0.0,-1,6,30,1,1,1,07:35,4,2,4
2023131294494,2023,131294494,1,1,2,1,24,5,3,0,0,1,0,0,9,1,E01033693,3,1,0.0,1.0,-1,6,30,1,1,1,17:58,5,3,9
2023311342065,2023,311342065,2,1,1,2,46,8,3,0,0,0,0,0,9,4,E01013939,3,1,0.0,1.0,-1,6,30,1,1,1,13:00,2,2,9
2023440413271,2023,440413271,2,1,2,1,63,9,3,0,0,1,0,0,9,7,E01023224,-1,0,0.02754,0.97246,-1,1,30,1,1,1,15:04,2,2,9
2023522300991,2023,522300991,1,1,1,2,48,8,3,0,0,0,0,0,9,3,E01014687,-1,0,0.02943,0.97057,-1,6,50,1,1,1,13:00,6,2,9
2023401369519,2023,401369519,1,1,1,1,38,7,3,0,0,0,0,0,11,1,E01014273,3,1,0.0,1.0,-1,6,30,1,1,2,14:05,4,1,11
2023622300953,2023,622300953,1,1,3,2,38,7,3,5,3,0,0,0,0,6,W01000808,-1,0,0.08028,0.91972,-1,1,30,1,1,1,15:51,7,1,19
2023131267089,2023,131267089,2,3,1,1,43,7,3,0,0,0,0,0,9,2,E01011025,3,1,0.0,1.0,-1,6,30,1,4,2,20:20,1,2,9
2023440350725,2023,440350725,1,1,1,2,26,6,3,0,0,0,0,0,9,-1,-1,-1,0,0.02192,0.97808,-1,6,30,1,1,1,10:12,4,2,9
2023501343230,2023,501343230,1,1,1,2,39,7,3,0,0,0,0,0,9,1,E01015043,3,1,0.0,1.0,-1,3,30,2,1,2,17:06,6,3,9
2023991272547,2023,991272547,1,1,1,1,24,5,3,0,0,0,0,0,9,3,-1,3,1,0.0,1.0,-1,6,60,1,1,2,14:45,1,1,9
2023461380812,2023,461380812,1,1,1,1,34,6,3,0,0,0,0,0,19,4,E01024593,3,1,0.0,1.0,-1,6,30,1,4,1,20:45,6,3,19
2023991312401,2023,991312401,2,3,3,1,35,6,2,6,9,0,0,2,0,-1,-1,7,1,1.0,0.0,-1,3,70,1,1,1,09:53,1,2,9
2023061358326,2023,061358326,2,1,1,1,18,4,3,0,0,0,0,0,1,4,E01005311,3,1,0.0,1.0,-1,6,30,2,1,2,16:50,7,2,1
2023070145937,2023,070145937,1,1,1,1,39,7,2,0,0,0,0,0,9,9,E01018675,-1,0,1.0,0.0,-1,6,60,1,1,1,13:20,1,1,9
2023371312377,2023,371312377,1,2,2,2,73,10,3,0,0,1,0,0,9,6,E01030041,3,1,0.0,1.0,-1,6,60,1,1,1,14:50,1,1,9
2023430342345,2023,430342345,1,1,1,1,57,9,3,0,0,0,0,0,9,10,E01028475,-1,0,0.15693,0.84307,-1,6,60,1,1,1,18:33,3,1,9
2023231330653,2023,231330653,2,3,2,2,69,10,3,0,0,1,0,0,9,10,E01031267,3,1,0.0,1.0,-1,6,30,1,1,2,18:11,6,2,9
2023552300813,2023,552300813,2,2,1,1,25,5,3,0,0,0,0,0,9,4,E01015326,-1,0,0.01702,0.98298,-1,6,30,1,4,1,19:59,3,3,9
2023991295502,2023,991295502,1,1,1,2,61,9,2,0,0,0,0,0,9,6,-1,7,1,1.0,0.0,-1,6,60,2,1,2,15:10,3,1,9
2023010457992,2023,010457992,2,1,1,1,27,6,3,0,0,0,0,0,1,2,E01003980,-1,0,0.0,1.0,-1,6,20,1,1,1,11:50,1,2,1
2023010479554,2023,010479554,1,1,1,2,49,8,3,0,0,0,0,0,1,3,E01003182,-1,0,0.0,1.0,-1,6,30,1,4,1,16:30,3,2,1
2023351341568,2023,351341568,2,1,1,1,27,6,3,0,0,0,0,0,1,5,E01017960,3,1,0.0,1.0,-1,6,30,1,1,1,16:26,7,2,1
2023010421860,2023,010421860,1,1,1,2,28,6,3,0,0,0,0,0,3,6,E01000219,-1,0,0.0,1.0,-1,2,20,1,4,1,16:20,4,2,3
2023471305064,2023,471305064,2,1,1,2,54,8,3,0,0,0,0,0,5,7,E01021108,3,1,0.0,1.0,-1,6,40,1,1,1,16:14,2,2,5
2023010424797,2023,010424797,1,2,2,2,-1,-1,3,0,0,1,0,0,9,2,E01004239,-1,0,0.0,1.0,-1,9,30,9,1,9,15:05,4,2,9
2023201342683,2023,201342683,2,2,1,1,46,8,3,0,0,0,0,0,9,1,E01010530,3,1,0.0,1.0,-1,6,30,1,4,1,23:26,6,2,9
2023501305454,2023,501305454,2,1,1,1,68,10,2,0,0,0,0,0,1,4,E01018829,7,1,1.0,0.0,-1,6,20,1,1,1,13:00,2,2,1
2023010432078,2023,010432078,1,1,1,1,23,5,2,0,0,0,0,0,3,-1,-1,-1,0,1.0,0.0,-1,3,40,1,1,1,06:11,3,3,3
2023010475600,2023,010475600,1,1,1,1,28,6,3,0,0,0,0,0,9,2,E01033587,-1,0,0.0,1.0,-1,6,30,1,4,2,02:51,6,2,9
2023302300231,2023,302300231,1,1,1,1,51,8,3,0,0,0,0,0,9,1,E01013584,-1,0,0.03473,0.96527,-1,6,30,1,1,1,15:30,3,2,9
2023471370422,2023,471370422,2,1,1,1,63,9,3,0,0,0,0,0,9,6,E01031676,3,1,0.0,1.0,-1,6,30,1,4,2,16:00,6,2,9
202360A015838,2023,60A015838,2,1,1,1,58,9,3,0,0,0,0,0,3,-1,-1,-1,0,0.23826,0.76174,-1,3,70,1,1,1,14:20,5,2,3
2023010480791,2023,010480791,1,1,1,2,59,9,2,0,0,0,0,0,4,7,E01001888,-1,0,1.0,0.0,-1,6,20,1,1,1,15:45,6,2,4
2023221325788,2023,221325788,2,2,1,1,45,7,3,0,0,0,0,0,9,6,E01014100,3,1,0.0,1.0,-1,6,50,1,1,1,09:00,3,2,9
2023421306452,2023,421306452,2,1,1,1,41,7,3,0,0,0,0,0,9,2,E01021686,3,1,0.0,1.0,-1,6,30,1,1,1,13:30,3,2,9
2023471326149,2023,471326149,2,1,1,2,40,7,3,0,0,0,0,0,9,7,E01031782,3,1,0.0,1.0,-1,1,30,1,1,1,16:15,5,2,9
2023131266629,2023,131266629,1,1,2,2,19,4,3,0,0,1,0,0,9,10,E01011272,3,1,0.0,1.0,-1,6,30,1,4,1,22:30,7,1,9
2023549291223,2023,549291223,1,1,1,2,43,7,3,0,0,0,0,0,9,7,E01001918,-1,0,0.08084,0.91916,-1,6,60,1,1,1,14:25,1,2,9
2023201318593,2023,201318593,1,1,3,1,9,2,3,4,4,0,0,0,0,7,E01029395,3,1,0.0,1.0,-1,6,30,1,1,1,10:45,7,1,9
2023122300620,2023,122300620,1,1,1,2,72,10,3,0,0,0,0,0,9,10,E01013377,-1,0,0.06811,0.93189,-1,6,60,1,1,1,15:00,3,2,9
2023461284129,2023,461284129,1,1,1,2,57,9,3,0,0,0,0,0,9,6,E01032817,3,1,0.0,1.0,-1,7,40,1,1,1,20:48,6,2,9
2023461344645,2023,461344645,1,1,2,2,73,10,3,0,0,1,0,0,9,10,E01016054,3,1,0.0,1.0,-1,6,30,1,1,1,09:52,2,2,9
2023522400710,2023,522400710,1,1,1,1,31,6,3,0,0,0,0,0,9,-1,-1,-1,0,0.00999,0.99001,-1,1,30,1,7,1,01:30,1,2,9
2023610006023,2023,610006023,1,1,1,2,21,5,3,0,0,0,0,0,9,1,W01001459,-1,0,0.06546,0.93454,-1,6,30,1,4,1,19:58,7,2,9
2023991391975,2023,991391975,4,7,2,2,65,9,3,0,0,1,0,0,9,5,-1,3,1,0.0,1.0,-1,3,70,1,6,2,21:10,7,4,9
2023522301057,2023,522301057,1,1,3,2,50,8,3,1,9,0,0,0,0,1,E01033366,-1,0,0.1354,0.8646,-1,3,30,9,4,2,19:19,4,1,9
2023421302590,2023,421302590,2,2,1,1,45,7,3,0,0,0,0,0,9,6,E01002358,3,1,0.0,1.0,-1,6,30,1,1,1,12:15,2,2,9
2023010479268,2023,010479268,2,1,1,1,43,7,3,0,0,0,0,0,9,-1,-1,-1,0,0.0,1.0,-1,3,30,1,1,1,09:32,3,2,9
2023430556673,2023,430556673,1,1,1,1,43,7,3,0,0,0,0,0,9,6,E01017928,-1,0,0.0236,0.9764,-1,6,30,1,1,1,14:35,2,2,9
2023501283249,2023,501283249,1,1,1,2,35,6,3,0,0,0,0,0,9,6,E01020033,3,1,0.0,1.0,-1,3,70,2,1,2,10:10,1,1,9
2023010473238,2023,010473238,1,1,1,1,23,5,3,0,0,0,0,0,9,-1,-1,-1,0,0.0,1.0,-1,6,30,2,1,2,11:45,7,2,9
2023131273332,2023,131273332,1,1,1,1,27,6,3,0,0,0,0,0,9,7,E01011176,3,1,0.0,1.0,-1,6,30,1,6,2,20:50,2,1,9
2023461306103,2023,461306103,4,2,1,1,32,6,3,0,0,0,0,0,9,2,E01024108,3,1,0.0,1.0,-1,6,30,2,1,2,17:54,3,6,9
2023421300739,2023,421300739,1,1,3,2,12,3,3,5,9,0,0,0,0,6,E01021435,3,1,0.0,1.0,-1,6,30,1,1,1,15:10,2,1,9
2023010457600,2023,010457600,1,1,1,2,46,8,3,0,0,0,0,0,9,10,E01000666,-1,0,0.0,1.0,-1,6,30,1,1,1,17:52,3,2,9
2023461366822,2023,461366822,1,1,1,1,37,7,3,0,0,0,0,0,9,1,E01024678,3,1,0.0,1.0,-1,6,30,5,4,2,19:59,4,2,9
2023161348078,2023,161348078,1,1,1,1,17,4,3,0,0,0,0,0,3,-1,-1,3,1,0.0,1.0,-1,6,30,1,1,1,12:14,6,2,3
2023471269144,2023,471269144,1,1,3,1,24,5,3,10,9,0,0,2,0,3,E01031569,3,1,0.0,1.0,-1,3,30,8,7,1,22:00,6,1,9
2023131381788,2023,131381788,2,1,1,2,18,4,3,0,0,0,0,0,9,2,E01011862,3,1,0.0,1.0,-1,6,60,7,6,2,20:30,6,2,9
2023622300612,2023,622300612,1,1,1,2,49,8,3,0,0,0,0,0,9,6,W01001000,-1,0,0.05422,0.94578,-1,3,70,5,6,2,20:44,7,1,9
2023501286668,2023,501286668,2,1,1,2,28,6,3,0,0,0,0,0,1,2,E01018977,3,1,0.0,1.0,-1,1,30,1,1,1,13:40,3,2,1
2023131321199,2023,131321199,1,2,1,1,37,7,3,0,0,0,0,0,9,8,E01011217,3,1,0.0,1.0,-1,3,40,1,1,1,06:55,4,2,9
2023141291001,2023,141291001,2,2,1,2,40,7,3,0,0,0,0,0,9,3,E01007772,3,1,0.0,1.0,-1,6,40,1,1,1,09:00,2,2,9
2023111299640,2023,111299640,1,7,2,2,18,4,3,0,0,0,4,0,11,1,E01020639,3,1,0.0,1.0,-1,6,60,1,1,1,12:28,6,1,11
2023010476007,2023,010476007,3,2,1,1,24,5,3,0,0,0,0,0,19,2,E01001482,-1,0,0.0,1.0,-1,6,30,1,1,1,11:04,1,3,19
2023320487251,2023,320487251,2,1,1,1,58,9,3,0,0,0,0,0,19,6,E01026205,-1,0,0.12835,0.87165,-1,6,60,1,1,1,07:55,2,2,19
2023070338901,2023,070338901,1,1,1,2,27,6,3,0,0,0,0,0,9,2,E01033302,-1,0,0.03111,0.96889,-1,6,50,1,1,1,13:40,7,2,9
2023461349527,2023,461349527,1,1,1,1,40,7,3,0,0,0,0,0,9,5,E01010213,3,1,0.0,1.0,-1,3,70,1,1,1,15:30,2,2,9
2023461390790,2023,461390790,2,1,1,1,61,9,3,0,0,0,0,0,9,4,E01024387,3,1,0.0,1.0,-1,6,30,1,6,2,18:07,4,2,9
2023010431965,2023,010431965,1,1,1,2,23,5,3,0,0,0,0,0,9,1,E01002034,-1,0,0.0,1.0,-1,3,20,8,1,1,11:55,2,2,9
2023161279916,2023,161279916,2,1,1,1,31,6,3,0,0,0,0,0,9,4,E01012776,3,1,0.0,1.0,-1,6,30,1,7,1,18:00,5,2,9
2023411396685,2023,411396685,2,2,2,1,5,1,3,0,0,2,0,0,9,6,E01023754,3,1,0.0,1.0,-1,6,30,1,1,1,09:03,6,2,9
2023010438378,2023,010438378,1,1,3,2,29,6,3,1,1,0,0,0,0,4,E01003929,-1,0,0.0,1.0,-1,2,30,1,1,1,07:54,3,2,1
2023122301114,2023,122301114,1,1,3,2,48,8,3,10,9,0,0,0,0,6,E01027962,-1,0,0.07133,0.92867,-1,6,30,1,1,1,12:08,2,1,9
2023361350422,2023,361350422,1,1,3,2,25,5,3,6,9,0,0,0,0,4,E01026846,3,1,0.0,1.0,-1,6,30,1,1,1,17:45,2,1,11
2023552301140,2023,552301140,1,1,3,1,25,5,3,9,5,0,0,0,0,7,E01004762,-1,0,0.16409,0.83591,-1,6,30,1,4,1,00:41,1,1,9
2023010437599,2023,010437599,1,1,1,-1,30,6,3,0,0,0,0,0,1,6,E01004724,-1,0,0.0,1.0,-1,9,20,1,1,1,16:45,7,2,1
2023010428211,2023,010428211,1,2,2,-1,-1,-1,3,0,0,1,0,0,9,4,E01001480,-1,0,0.0,1.0,-1,6,20,1,1,2,08:40,6,2,9
2023041365024,2023,041365024,2,2,2,2,17,4,3,0,0,1,0,0,9,1,E01025396,3,1,0.0,1.0,-1,6,30,5,1,2,17:15,5,2,9
2023302300215,2023,302300215,1,1,1,1,80,11,3,0,0,0,0,0,9,3,E01007397,-1,0,0.09742,0.90258,-1,6,30,1,1,1,12:47,1,2,9
2023991293345,2023,991293345,2,2,2,1,48,8,3,0,0,1,0,0,9,2,-1,3,1,0.0,1.0,-1,6,30,1,1,1,07:50,6,2,9
2023101313052,2023,101313052,1,5,2,1,40,7,3,0,0,2,0,0,9,4,E01008468,3,1,0.0,1.0,-1,6,60,1,1,1,12:40,1,2,9
2023221283097,2023,221283097,1,3,2,1,12,3,3,0,0,1,0,0,9,5,E01014063,3,1,0.0,1.0,-1,7,70,1,1,1,13:25,7,1,9
2023320546536,2023,320546536,1,1,1,1,19,4,3,0,0,0,0,0,9,-1,-1,-1,0,0.07878,0.92122,-1,6,60,1,6,1,01:24,1,1,9
2023430072858,2023,430072858,1,1,1,2,48,8,3,0,0,0,0,0,9,5,E01032726,-1,0,0.01137,0.98863,-1,6,30,1,1,2,16:55,5,2,9
2023991271131,2023,991271131,1,1,3,1,21,5,3,5,2,0,0,2,0,-1,-1,3,1,0.0,1.0,-1,6,30,2,4,2,17:20,4,1,9
2023070276286,2023,070276286,1,1,1,1,21,5,3,0,0,0,0,0,1,-1,-1,-1,0,0.09518,0.90482,-1,6,30,1,1,1,18:58,7,2,1