collision_index,collision_year,collision_ref_no,vehicle_reference,casualty_reference,casualty_class,sex_of_casualty,age_of_casualty,age_band_of_casualty,casualty_severity,pedestrian_location,pedestrian_movement,car_passenger,bus_or_coach_passenger,pedestrian_road_maintenance_worker,casualty_type,casualty_imd_decile,lsoa_of_casualty,enhanced_casualty_severity,casualty_injury_based,casualty_adjusted_severity_serious,casualty_adjusted_severity_slight,casualty_distance_banding,road_type,speed_limit,weather_conditions,light_conditions,road_surface_conditions,time,day_of_week,number_of_vehicles,vehicle_type
2023161372603,2023,161372603,1,1,1,2,66,10,2,0,0,0,0,0,1,3,E01012899,7,1,1.0,0.0,-1,3,30,1,1,1,09:20,1,2,1
2023430263134,2023,430263134,2,1,1,1,71,10,3,0,0,0,0,0,9,8,E01022622,-1,0,0.07335,0.92665,-1,3,70,1,1,1,13:25,5,2,9
2023471283518,2023,471283518,1,1,1,2,21,5,3,0,0,0,0,0,9,5,E01021100,3,1,0.0,1.0,-1,6,60,1,1,1,08:00,2,1,9
2023531267916,2023,531267916,2,1,1,2,59,9,3,0,0,0,0,0,9,9,E01022389,3,1,0.0,1.0,-1,6,20,1,1,2,10:00,4,2,9
2023221369501,2023,221369501,1,1,1,2,49,8,3,0,0,0,0,0,9,3,E01014194,3,1,0.0,1.0,-1,6,30,1,1,2,09:40,5,1,9
2023531308527,2023,531308527,2,1,1,1,-1,-1,3,0,0,0,0,0,1,6,E01022194,3,1,0.0,1.0,-1,6,40,1,1,1,18:40,2,2,1
2023010472244,2023,010472244,1,1,1,1,26,6,3,0,0,0,0,0,3,2,E01001448,-1,0,0.0,1.0,-1,9,30,1,7,1,19:20,7,2,3
2023031390492,2023,031390492,2,1,1,2,54,8,2,0,0,0,0,0,9,6,E01019324,7,1,1.0,0.0,-1,6,60,4,1,2,09:15,4,3,9
2023991346632,2023,991346632,2,3,1,1,61,9,3,0,0,0,0,0,9,8,-1,3,1,0.0,1.0,-1,6,50,1,1,1,11:44,7,2,9
2023131321090,2023,131321090,1,1,3,1,17,4,3,1,1,0,0,2,0,1,E01011780,3,1,0.0,1.0,-1,3,30,1,1,1,12:55,3,1,9
2023332300183,2023,332300183,1,1,3,2,71,10,2,5,1,0,0,0,0,9,E01025809,-1,0,1.0,0.0,-1,6,60,1,1,1,11:35,2,1,21
2023122300559,2023,122300559,1,1,1,1,52,8,3,0,0,0,0,0,1,8,E01027589,-1,0,0.12404,0.87596,-1,6,60,1,1,1,14:30,4,1,1
2023522301583,2023,522301583,2,1,1,1,19,4,3,0,0,0,0,0,3,1,E01033359,-1,0,0.11285,0.88715,-1,6,20,1,1,1,20:11,7,2,3
2023131310244,2023,131310244,1,1,3,1,11,3,2,5,2,0,0,2,0,1,E01011107,7,1,1.0,0.0,-1,6,30,1,1,1,19:25,2,1,9
2023131360515,2023,131360515,2,1,1,1,54,8,3,0,0,0,0,0,1,1,E01010965,3,1,0.0,1.0,-1,6,30,1,1,1,13:45,7,2,1
2023411356805,2023,411356805,2,1,1,1,53,8,3,0,0,0,0,0,1,7,E01023897,3,1,0.0,1.0,-1,1,40,1,1,-1,11:05,7,2,1
2023430425488,2023,430425488,2,1,1,2,31,6,3,0,0,0,0,0,9,10,E01016208,-1,0,0.03108,0.96892,-1,3,50,1,1,1,08:55,6,2,9
2023440044492,2023,440044492,1,1,1,2,62,9,3,0,0,0,0,0,9,6,E01030198,-1,0,0.09468,0.90532,-1,3,50,1,1,1,10:55,5,2,9
2023471370901,2023,471370901,1,2,2,1,41,7,3,0,0,1,0,0,9,4,E01016882,3,1,0.0,1.0,-1,3,70,4,1,2,13:36,7,2,9
2023061347629,2023,061347629,2,1,1,2,51,8,3,0,0,0,0,0,22,1,E01006213,3,1,0.0,1.0,-1,6,30,1,4,1,21:00,3,2,22
2023010450351,2023,010450351,1,1,3,2,48,8,2,5,2,0,0,0,0,4,E01001674,-1,0,1.0,0.0,-1,6,30,1,1,1,19:50,3,1,9
2023010478419,2023,010478419,1,1,3,2,57,9,3,5,3,0,0,0,0,3,E01000741,-1,0,0.0,1.0,-1,6,30,2,4,2,15:35,5,1,9
2023311306993,2023,311306993,2,1,1,1,28,6,2,0,0,0,0,0,1,3,E01013934,7,1,1.0,0.0,-1,6,30,1,1,1,16:40,7,2,1
2023451311009,2023,451311009,2,1,1,1,40,7,3,0,0,0,0,0,3,3,E01030362,3,1,0.0,1.0,-1,6,30,1,1,1,11:25,4,2,3
2023991363128,2023,991363128,1,1,1,1,56,9,1,0,0,0,0,0,5,-1,-1,1,1,0.0,0.0,-1,6,60,1,1,1,16:10,1,1,5
2023522301291,2023,522301291,1,1,1,1,36,7,2,0,0,0,0,0,1,4,E01032516,-1,0,1.0,0.0,-1,6,30,1,1,1,17:25,6,2,1
2023631309333,2023,631309333,1,1,1,2,38,7,3,0,0,0,0,0,9,2,W01001467,3,1,0.0,1.0,-1,6,60,1,1,1,08:00,6,1,9
2023052302374,2023,052302374,1,1,1,2,40,7,2,0,0,0,0,0,9,1,E01007290,-1,0,1.0,0.0,-1,6,20,1,1,1,10:15,3,2,9
2023201304251,2023,201304251,1,1,1,1,-1,-1,2,0,0,0,0,0,9,-1,-1,5,1,1.0,0.0,-1,1,30,1,4,1,04:22,2,1,9
2023430065561,2023,430065561,1,1,1,2,24,5,3,0,0,0,0,0,9,10,E01028764,-1,0,0.10724,0.89276,-1,6,60,1,6,2,06:08,1,2,9
2023440146158,2023,440146158,2,4,2,1,48,8,3,0,0,1,0,0,9,3,E01017189,-1,0,0.0863,0.9137,-1,3,70,2,1,2,14:40,6,2,9
2023052301158,2023,052301158,1,1,1,1,9,2,2,0,0,0,0,0,1,1,E01032903,-1,0,1.0,0.0,-1,6,30,1,1,1,12:30,7,2,1
2023101327525,2023,101327525,2,1,1,1,63,9,3,0,0,0,0,0,1,5,E01008410,3,1,0.0,1.0,-1,6,30,1,1,1,19:45,3,2,1
2023501281008,2023,501281008,1,1,1,1,40,7,3,0,0,0,0,0,5,1,E01015260,3,1,0.0,1.0,-1,3,30,1,1,1,13:38,1,2,5
2023991382693,2023,991382693,2,2,1,2,54,8,3,0,0,0,0,0,9,9,-1,3,1,0.0,1.0,-1,6,50,1,6,2,07:00,3,2,9
2023501353149,2023,501353149,1,2,2,1,15,3,3,0,0,0,0,0,5,-1,-1,3,1,0.0,1.0,-1,6,60,1,6,1,19:22,7,2,5
2023010464317,2023,010464317,1,1,1,2,34,6,3,0,0,0,0,0,9,2,E01001557,-1,0,0.0,1.0,-1,3,50,1,1,1,10:41,4,3,9
2023101332808,2023,101332808,2,2,2,1,56,9,3,0,0,1,0,0,9,1,E01008709,3,1,0.0,1.0,-1,6,30,9,1,1,17:17,6,2,9
2023131289221,2023,131289221,1,1,2,1,23,5,2,0,0,1,0,0,9,2,E01011232,7,1,1.0,0.0,-1,6,20,2,4,2,21:30,3,2,9
2023141371671,2023,141371671,2,2,1,2,50,8,3,0,0,0,0,0,9,1,E01007511,3,1,0.0,1.0,-1,6,60,8,1,2,08:15,3,2,9
2023401362447,2023,401362447,1,2,1,1,21,5,3,0,0,0,0,0,9,10,E01017604,3,1,0.0,1.0,-1,6,40,1,1,1,17:43,3,2,9
2023440074293,2023,440074293,2,2,1,1,22,5,3,0,0,0,0,0,9,6,E01023056,-1,0,0.04479,0.95521,-1,6,30,1,4,1,19:00,4,2,9
2023622300597,2023,622300597,2,2,1,1,48,8,3,0,0,0,0,0,19,3,W01001435,-1,0,0.02701,0.97299,-1,3,50,1,1,2,07:47,2,2,19
2023471287615,2023,471287615,2,1,1,1,32,6,2,0,0,0,0,0,5,3,E01031360,5,1,1.0,0.0,-1,3,70,1,1,1,15:42,5,2,5
2023010464713,2023,010464713,2,4,2,1,23,5,3,0,0,1,0,0,9,2,E01003580,-1,0,0.0,1.0,-1,3,30,1,1,1,07:25,6,2,9
2023010467799,2023,010467799,1,1,1,1,47,8,3,0,0,0,0,0,9,2,E01003497,-1,0,0.0,1.0,-1,9,20,1,4,1,23:20,6,2,9
2023010484392,2023,010484392,1,1,1,1,50,8,3,0,0,0,0,0,9,2,E01000008,-1,0,0.0,1.0,-1,6,30,1,4,1,20:40,6,2,9
2023361377695,2023,361377695,1,1,1,2,67,10,3,0,0,0,0,0,9,6,E01019763,3,1,0.0,1.0,-1,6,30,1,4,1,00:22,7,2,9
2023440277654,2023,440277654,2,2,1,1,39,7,3,0,0,0,0,0,9,10,E01022785,-1,0,0.0249,0.9751,-1,3,70,1,1,1,07:35,3,2,9
2023631348745,2023,631348745,1,3,2,2,8,2,3,0,0,1,0,0,9,4,W01000688,3,1,0.0,1.0,-1,6,60,1,1,1,14:30,2,1,9
2023991372264,2023,991372264,2,5,2,2,46,8,3,0,0,-1,0,0,9,9,-1,3,1,0.0,1.0,-1,3,70,1,1,1,14:59,4,3,9
2023320174866,2023,320174866,2,1,1,1,66,10,3,0,0,0,0,0,19,8,E01007603,-1,0,0.16987,0.83013,-1,6,60,1,1,1,14:15,4,2,19
2023991289521,2023,991289521,1,1,1,1,52,8,3,0,0,0,0,0,19,3,-1,3,1,0.0,1.0,-1,6,30,1,1,1,09:35,4,2,19
2023131373721,2023,131373721,2,1,1,-1,32,6,3,0,0,0,0,0,1,9,E01011381,3,1,0.0,1.0,-1,6,30,5,4,2,16:37,1,2,1
2023552300670,2023,552300670,2,1,1,1,14,3,3,0,0,0,0,0,1,9,E01015351,-1,0,0.06855,0.93145,-1,6,30,1,1,1,15:25,4,2,1
2023010470633,2023,010470633,2,1,1,1,22,5,3,0,0,0,0,0,23,1,E01002082,-1,0,0.0,1.0,-1,6,30,1,4,1,16:07,7,2,23
2023010452256,2023,010452256,1,1,3,2,10,2,3,5,2,0,0,0,0,5,E01004354,-1,0,0.0,1.0,-1,6,20,1,1,1,19:00,5,1,9
2023201419505,2023,201419505,2,1,2,1,37,7,3,0,0,2,0,0,9,3,E01009005,3,1,0.0,1.0,-1,6,30,1,6,2,08:06,5,2,9
2023471380707,2023,471380707,2,1,1,1,50,8,3,0,0,0,0,0,9,9,E01031728,3,1,0.0,1.0,-1,6,40,1,1,2,07:44,5,4,9
2023411292433,2023,411292433,1,1,1,1,25,5,3,0,0,0,0,0,1,-1,-1,3,1,0.0,1.0,-1,6,30,1,4,1,19:15,2,2,1
2023071191009,2023,071191009,1,1,3,2,26,6,3,6,9,0,0,0,0,9,E01018508,-1,0,0.06303,0.93697,-1,6,30,1,1,1,12:35,1,1,9
2023101286426,2023,101286426,1,1,3,1,12,3,2,1,1,0,0,0,0,-1,-1,7,1,1.0,0.0,-1,6,20,8,1,1,08:09,3,1,9
2023351338114,2023,351338114,2,1,1,1,56,9,2,0,0,0,0,0,1,3,E01026685,5,1,1.0,0.0,-1,6,60,1,1,1,09:58,1,3,1
2023101412900,2023,101412900,2,1,1,2,54,8,3,0,0,0,0,0,9,5,E01027445,3,1,0.0,1.0,-1,6,60,1,1,1,16:50,4,3,9
202354B232923,2023,54B232923,2,2,2,1,7,2,3,0,0,2,0,0,9,6,E01032691,-1,0,0.00484,0.99516,-1,1,30,1,4,2,19:31,7,2,9
2023371368627,2023,371368627,1,2,2,2,40,7,3,0,0,0,0,0,19,-1,-1,3,1,0.0,1.0,-1,6,30,1,1,1,15:15,7,2,19
2023332300029,2023,332300029,1,1,3,1,13,3,3,5,4,0,0,0,0,3,E01013611,-1,0,0.06851,0.93149,-1,6,30,1,4,1,07:24,5,1,9
2023010448204,2023,010448204,1,1,1,1,33,6,3,0,0,0,0,0,1,2,E01001218,-1,0,0.0,1.0,-1,6,20,8,1,1,06:50,7,2,1
2023201318983,2023,201318983,2,1,1,1,15,3,3,0,0,0,0,0,1,2,E01010477,3,1,0.0,1.0,-1,3,30,1,1,1,08:00,5,2,1
2023010463437,2023,010463437,1,1,1,1,40,7,3,0,0,0,0,0,9,5,E01000284,-1,0,0.0,1.0,-1,9,20,1,1,1,14:28,5,3,9
2023041353780,2023,041353780,2,3,2,1,43,7,3,0,0,2,0,0,9,4,E01024889,3,1,0.0,1.0,-1,6,40,1,1,1,12:45,4,2,9
2023622300696,2023,622300696,2,2,1,2,26,6,3,0,0,0,0,0,9,3,W01001812,-1,0,0.00599,0.99401,-1,6,30,1,1,1,09:38,3,4,9
2023101277876,2023,101277876,2,1,1,1,12,3,2,0,0,0,0,0,-1,1,E01008170,6,1,1.0,0.0,-1,6,20,2,1,2,11:30,7,2,-1
2023991358076,2023,991358076,2,3,2,2,39,7,3,0,0,1,0,0,9,6,-1,3,1,0.0,1.0,-1,6,60,1,1,1,14:58,7,3,9
2023522301144,2023,522301144,1,1,1,1,18,4,3,0,0,0,0,0,1,7,E01014598,-1,0,0.03124,0.96876,-1,6,20,1,1,1,12:05,4,2,1
202363D006923,2023,63D006923,1,1,1,2,77,11,2,0,0,0,0,0,9,2,W01001024,-1,0,1.0,0.0,-1,6,60,1,1,2,13:25,4,1,9
2023131388366,2023,131388366,2,1,1,1,59,9,3,0,0,0,0,0,9,-1,-1,3,1,0.0,1.0,-1,3,70,1,4,1,16:16,5,2,9
2023411330517,2023,411330517,2,1,1,1,42,7,3,0,0,0,0,0,9,-1,-1,3,1,0.0,1.0,-1,6,30,1,1,1,12:00,4,2,9
2023440389479,2023,440389479,1,1,1,1,19,4,2,0,0,0,0,0,9,7,E01032881,-1,0,1.0,0.0,-1,6,40,1,4,1,03:58,1,1,9
2023211320530,2023,211320530,2,1,1,1,42,7,3,0,0,0,0,0,1,-1,-1,3,1,0.0,1.0,-1,1,30,1,1,1,04:43,6,2,1
2023010422569,2023,010422569,1,1,3,1,69,10,3,5,3,0,0,0,0,-1,-1,-1,0,0.0,1.0,-1,2,20,1,4,1,19:45,6,1,9
2023361311653,2023,361311653,2,1,1,1,69,10,3,0,0,0,0,0,1,5,E01026940,3,1,0.0,1.0,-1,6,30,1,1,1,17:15,4,2,1
2023061268931,2023,061268931,2,1,2,2,72,10,3,0,0,1,0,0,9,3,E01004990,3,1,0.0,1.0,-1,3,30,1,4,2,20:01,5,2,9
2023131273416,2023,131273416,1,1,3,2,19,4,3,8,7,0,0,2,0,1,E01010616,3,1,0.0,1.0,-1,6,30,9,1,1,12:00,2,1,9
2023991374598,2023,991374598,1,1,3,1,62,9,1,5,1,0,0,0,0,2,-1,1,1,0.0,0.0,-1,6,30,2,1,2,13:05,3,1,21
2023201363965,2023,201363965,1,1,1,1,30,6,3,0,0,0,0,0,3,-1,-1,3,1,0.0,1.0,-1,3,40,1,1,1,16:47,4,2,3
2023548720123,2023,548720123,1,2,2,2,50,8,3,0,0,2,0,0,8,-1,-1,-1,0,0.03592,0.96408,-1,6,20,2,1,2,09:10,6,3,8
2023440451291,2023,440451291,1,1,1,2,43,7,3,0,0,0,0,0,9,2,E01023119,-1,0,0.02016,0.97984,-1,6,30,1,1,1,15:13,6,2,9
2023991276231,2023,991276231,1,1,3,1,15,3,3,5,3,0,0,2,0,-1,-1,3,1,0.0,1.0,-1,6,20,1,1,1,16:00,3,1,9
2023371281715,2023,371281715,2,2,1,1,65,9,3,0,0,0,0,0,9,9,E01030193,3,1,0.0,1.0,-1,6,30,1,6,1,07:35,6,2,9
2023430427583,2023,430427583,2,1,1,2,49,8,3,0,0,0,0,0,1,7,E01028541,-1,0,0.05677,0.94323,-1,6,20,1,1,1,13:00,7,2,1
2023010467372,2023,010467372,1,1,2,1,15,3,2,0,0,0,0,0,2,7,E01002577,-1,0,1.0,0.0,-1,6,30,1,1,1,13:30,3,1,2
2023302301357,2023,302301357,2,1,1,1,37,7,2,0,0,0,0,0,4,3,E01033388,-1,0,1.0,0.0,-1,6,60,1,1,1,18:35,1,2,4
2023101331539,2023,101331539,1,2,2,2,9,2,3,0,0,1,0,0,9,3,E01008186,3,1,0.0,1.0,-1,6,60,1,1,1,12:00,5,2,9
2023101359986,2023,101359986,1,2,2,1,22,5,3,0,0,1,0,0,9,2,E01027363,3,1,0.0,1.0,-1,6,50,1,6,2,21:50,5,1,9
2023131282499,2023,131282499,1,1,1,1,29,6,2,0,0,0,0,0,9,2,E01010740,5,1,1.0,0.0,-1,6,30,1,4,1,01:20,6,3,9
2023371369697,2023,371369697,2,1,1,1,39,7,3,0,0,0,0,0,9,8,E01030269,3,1,0.0,1.0,-1,1,70,2,4,-1,20:15,3,2,9
2023211297013,2023,211297013,1,2,3,1,88,11,3,5,3,0,0,0,0,6,E01014363,3,1,0.0,1.0,-1,6,30,1,1,1,12:06,7,1,9
2023010468780,2023,010468780,1,1,1,2,25,5,3,0,0,0,0,0,9,10,E01003871,-1,0,0.0,1.0,-1,1,40,1,1,1,11:16,5,2,9
2023302300107,2023,302300107,2,1,1,1,38,7,3,0,0,0,0,0,9,6,E01019405,-1,0,0.03095,0.96905,-1,6,40,8,4,2,07:00,4,3,9
2023461321184,2023,461321184,3,5,2,1,56,9,3,0,0,2,0,0,9,3,E01002627,3,1,0.0,1.0,-1,3,70,1,1,1,19:00,7,3,9
2023010485723,2023,010485723,1,1,1,1,27,6,3,0,0,0,0,0,1,2,E01004289,-1,0,0.0,1.0,-1,6,20,1,1,1,12:38,7,1,1
2023430258086,2023,430258086,2,1,1,1,78,11,2,0,0,0,0,0,1,5,E01016566,-1,0,1.0,0.0,-1,6,30,1,1,1,15:36,2,2,1
2023351357244,2023,351357244,2,1,1,1,57,9,2,0,0,0,0,0,5,6,E01018098,7,1,1.0,0.0,-1,6,40,2,1,2,16:30,4,2,5
2023161328063,2023,161328063,1,1,1,2,19,4,3,0,0,0,0,0,9,7,E01013325,3,1,0.0,1.0,-1,6,30,1,1,1,17:15,6,3,9
2023531291863,2023,531291863,2,1,1,1,63,9,3,0,0,0,0,0,9,8,E01022255,3,1,0.0,1.0,-1,6,50,1,1,2,16:05,4,2,9
2023451304090,2023,451304090,1,1,1,2,55,8,2,0,0,0,0,0,1,9,E01003875,6,1,1.0,0.0,-1,1,30,1,1,1,15:00,5,2,1
2023201391759,2023,201391759,2,1,1,1,35,6,3,0,0,0,0,0,9,1,E01010370,3,1,0.0,1.0,-1,6,30,1,4,1,22:30,6,2,9
2023201413734,2023,201413734,2,2,2,2,22,5,3,0,0,1,0,0,9,8,E01010514,3,1,0.0,1.0,-1,3,70,2,1,2,10:20,6,2,9
2023501338758,2023,501338758,1,1,3,2,62,9,3,6,9,0,0,0,0,5,E01005269,3,1,0.0,1.0,-1,6,30,1,1,1,17:21,7,1,9
2023421292792,2023,421292792,2,1,1,1,42,7,2,0,0,0,0,0,5,5,E01021720,7,1,1.0,0.0,-1,1,30,1,1,1,15:28,7,2,5
2023010423868,2023,010423868,1,1,1,2,32,6,3,0,0,0,0,0,9,7,E01029885,-1,0,0.0,1.0,-1,6,20,8,1,1,13:00,6,2,9
2023101322046,2023,101322046,1,1,1,2,80,11,3,0,0,0,0,0,9,4,E01027550,3,1,0.0,1.0,-1,6,30,1,1,1,13:23,6,2,9
2023201309257,2023,201309257,2,2,1,2,36,7,3,0,0,0,0,0,9,5,E01010558,3,1,0.0,1.0,-1,6,30,1,1,2,16:55,5,2,9
2023622300174,2023,622300174,1,1,3,1,37,7,3,1,3,0,0,0,0,3,W01001767,-1,0,0.10307,0.89693,-1,6,20,2,1,2,10:07,6,1,9
2023111261546,2023,111261546,2,1,1,1,44,7,3,0,0,0,0,0,1,10,E01020712,3,1,0.0,1.0,-1,6,30,1,1,1,09:45,2,2,1
2023421374538,2023,421374538,2,1,1,1,29,6,3,0,0,0,0,0,1,3,E01015902,3,1,0.0,1.0,-1,6,30,2,4,2,22:05,7,2,1
2023010452975,2023,010452975,1,1,2,2,36,7,3,0,0,2,0,0,8,2,E01001437,-1,0,0.0,1.0,-1,9,30,1,1,1,10:15,5,2,8
2023131348317,2023,131348317,1,1,3,1,13,3,3,1,3,0,0,2,0,3,E01011615,3,1,0.0,1.0,-1,3,40,1,1,1,07:45,2,1,9
2023451281970,2023,451281970,1,1,3,1,12,3,3,10,3,0,0,0,0,8,E01030595,3,1,0.0,1.0,-1,6,30,1,1,1,16:25,4,1,9
2023010428531,2023,010428531,1,1,1,2,40,7,3,0,0,0,0,0,3,4,E01002987,-1,0,0.0,1.0,-1,6,30,2,1,2,08:08,4,2,3
2023501380160,2023,501380160,1,1,1,1,79,11,3,0,0,0,0,0,8,3,E01018838,3,1,0.0,1.0,-1,6,20,2,4,2,22:12,3,1,8
2023010451000,2023,010451000,1,1,2,2,3,1,3,0,0,2,0,0,9,1,E01000552,-1,0,0.0,1.0,-1,6,20,1,1,1,17:38,6,2,9
2023041326362,2023,041326362,2,3,2,2,52,8,3,0,0,1,0,0,9,6,E01010888,3,1,0.0,1.0,-1,3,70,1,1,1,15:46,4,3,9
2023991317932,2023,991317932,1,1,1,2,39,7,2,0,0,0,0,0,9,1,-1,6,1,1.0,0.0,-1,6,30,1,1,1,08:00,3,2,9
2023010429656,2023,010429656,1,1,3,2,36,7,3,1,1,0,0,0,0,4,E01004611,-1,0,0.0,1.0,-1,6,20,1,1,1,13:43,3,1,3
2023052302003,2023,052302003,1,1,3,1,74,10,2,8,7,0,0,0,0,-1,-1,-1,0,1.0,0.0,-1,6,30,1,1,1,16:40,6,1,9
2023351270998,2023,351270998,1,1,3,2,11,3,3,6,9,0,0,0,0,3,E01018073,3,1,0.0,1.0,-1,6,30,1,1,-1,15:40,2,1,9
2023520400228,2023,520400228,1,1,3,1,75,10,3,5,9,0,0,0,0,9,E01029129,-1,0,0.07162,0.92838,-1,6,30,1,1,1,16:00,1,1,9
2023010440895,2023,010440895,1,1,1,1,41,7,3,0,0,0,0,0,3,3,E01001941,-1,0,0.0,1.0,-1,6,20,1,1,1,13:30,4,3,3
2023622400012,2023,622400012,1,1,1,1,15,3,1,0,0,0,0,0,4,1,W01000885,-1,0,0.0,0.0,-1,3,20,1,1,1,13:46,3,1,4
2023010501673,2023,010501673,1,2,2,-1,-1,-1,3,0,0,1,0,0,9,3,E01001763,-1,0,0.0,1.0,-1,9,20,9,4,1,08:50,5,2,9
2023211380357,2023,211380357,1,1,2,1,64,9,3,0,0,-1,0,0,9,6,E01028888,3,1,0.0,1.0,-1,3,40,1,1,2,11:08,4,2,9
2023421304712,2023,421304712,1,1,3,2,22,5,3,5,3,0,0,0,0,4,E01015853,3,1,0.0,1.0,-1,6,30,2,1,2,16:49,7,1,9
2023320350370,2023,320350370,2,1,1,1,37,7,3,0,0,0,0,0,1,1,E01026173,-1,0,0.07296,0.92704,-1,6,30,1,1,1,08:30,2,2,1
2023471366507,2023,471366507,2,1,1,2,23,5,3,0,0,0,0,0,1,2,E01020911,3,1,0.0,1.0,-1,6,30,2,4,2,21:15,7,2,1
2023010422385,2023,010422385,1,1,1,1,21,5,3,0,0,0,0,0,3,2,E01002051,-1,0,0.0,1.0,-1,9,20,1,1,1,16:30,5,2,3
2023010431058,2023,010431058,1,1,1,1,47,8,3,0,0,0,0,0,4,8,E01003009,-1,0,0.0,1.0,-1,9,20,8,1,1,15:13,2,2,4
2023631307569,2023,631307569,1,2,1,2,50,8,2,0,0,0,0,0,5,9,E01014819,6,1,1.0,0.0,-1,6,60,1,1,1,11:50,7,3,5
2023991371013,2023,991371013,1,1,1,1,41,7,2,0,0,0,0,0,5,6,-1,7,1,1.0,0.0,-1,6,60,1,1,2,13:15,1,2,5
2023041285145,2023,041285145,2,1,1,2,43,7,3,0,0,0,0,0,9,6,E01012719,3,1,0.0,1.0,-1,6,30,3,4,2,21:40,5,2,9
2023320590308,2023,320590308,1,1,1,1,39,7,3,0,0,0,0,0,9,10,E01026184,-1,0,0.07127,0.92873,-1,6,60,1,1,2,08:00,6,2,9
2023430016298,2023,430016298,1,1,1,1,51,8,3,0,0,0,0,0,9,6,E01016507,-1,0,0.0051,0.9949,-1,6,20,1,1,1,13:05,4,2,9
2023522400860,2023,522400860,1,1,1,1,52,8,2,0,0,0,0,0,9,9,E01012598,-1,0,1.0,0.0,-1,6,30,1,1,2,11:25,6,1,9
2023451302385,2023,451302385,1,1,3,2,45,7,3,6,7,0,0,0,0,-1,-1,3,1,0.0,1.0,-1,6,30,8,1,1,08:35,4,1,9
2023010455769,2023,010455769,1,1,1,1,31,6,3,0,0,0,0,0,1,5,E01004050,-1,0,0.0,1.0,-1,9,20,9,1,9,13:40,2,2,1
2023522300880,2023,522300880,1,1,1,1,58,9,3,0,0,0,0,0,9,3,E01014835,-1,0,0.05705,0.94295,-1,3,70,9,1,1,06:35,5,5,9
2023010430695,2023,010430695,2,1,2,2,33,6,3,0,0,0,4,0,11,3,E01001629,-1,0,0.0,1.0,-1,6,20,2,1,2,14:40,2,2,11
2023302300244,2023,302300244,1,1,3,1,11,3,3,5,1,0,0,0,0,2,E01019523,-1,0,0.14819,0.85181,-1,6,30,1,1,2,08:00,5,1,9
2023320756583,2023,320756583,1,1,1,1,69,10,2,0,0,0,0,0,9,1,E01026073,-1,0,1.0,0.0,-1,6,60,2,6,2,07:22,7,2,9
2023461348886,2023,461348886,2,1,2,2,13,3,3,0,0,1,0,0,9,4,E01016055,3,1,0.0,1.0,-1,6,30,1,1,1,11:23,4,2,9
2023461366432,2023,461366432,1,1,1,2,45,7,3,0,0,0,0,0,9,4,E01024197,3,1,0.0,1.0,-1,6,30,1,1,1,12:45,6,2,9
2023371341077,2023,371341077,1,1,3,1,56,9,2,9,7,0,0,0,0,5,E01030151,7,1,1.0,0.0,-1,2,30,1,4,1,23:00,7,1,9
2023161299544,2023,161299544,2,1,1,1,76,11,2,0,0,0,0,0,1,7,E01013062,7,1,1.0,0.0,-1,1,30,1,1,1,08:15,5,2,1
2023010457555,2023,010457555,1,1,1,1,27,6,3,0,0,0,0,0,3,1,E01000601,-1,0,0.0,1.0,-1,6,20,9,1,9,11:30,7,2,3
2023101340166,2023,101340166,2,1,1,1,33,6,2,0,0,0,0,0,3,8,E01029878,7,1,1.0,0.0,-1,6,60,1,1,1,07:20,5,2,3
2023101288289,2023,101288289,2,1,1,2,44,7,3,0,0,0,0,0,9,1,E01008427,3,1,0.0,1.0,-1,6,50,1,1,1,14:05,6,2,9
2023070319570,2023,070319570,1,1,1,1,39,7,1,0,0,0,0,0,9,6,E01018627,-1,0,0.0,0.0,-1,6,30,1,4,1,20:28,7,2,9
2023332300721,2023,332300721,1,1,1,1,74,10,3,0,0,0,0,0,9,1,E01013620,-1,0,0.02077,0.97923,-1,6,30,1,1,1,16:45,4,3,9
2023430301213,2023,430301213,2,2,2,2,38,7,3,0,0,1,0,0,9,4,E01028781,-1,0,0.08259,0.91741,-1,6,50,1,1,1,19:59,1,3,9
2023131362221,2023,131362221,2,1,1,1,55,8,3,0,0,0,0,0,1,3,E01011541,3,1,0.0,1.0,-1,3,40,1,1,1,10:55,5,2,1
2023201356925,2023,201356925,2,3,2,1,12,3,2,0,0,-1,0,0,9,1,E01010095,7,1,1.0,0.0,-1,6,30,1,1,1,17:49,4,3,9
2023320050978,2023,320050978,1,2,2,2,22,5,3,0,0,1,0,0,9,5,E01012772,-1,0,0.11389,0.88611,-1,6,60,2,1,2,07:35,4,2,9
2023552400146,2023,552400146,1,1,1,1,60,9,3,0,0,0,0,0,9,7,E01020538,-1,0,0.13044,0.86956,-1,6,60,2,6,5,06:28,2,1,9
2023991343251,2023,991343251,1,1,2,1,15,3,2,0,0,2,0,0,9,-1,-1,7,1,1.0,0.0,-1,6,60,4,1,2,18:47,5,1,9
2023010486982,2023,010486982,1,1,2,2,37,7,3,0,0,1,0,0,9,10,E01000423,-1,0,0.0,1.0,-1,6,30,8,4,2,17:30,6,2,9
2023031392299,2023,031392299,1,2,2,1,22,5,2,0,0,2,0,0,9,-1,-1,6,1,1.0,0.0,-1,6,60,1,6,1,23:40,3,1,9