collision_index,collision_year,collision_ref_no,vehicle_reference,casualty_reference,casualty_class,sex_of_casualty,age_of_casualty,age_band_of_casualty,casualty_severity,pedestrian_location,pedestrian_movement,car_passenger,bus_or_coach_passenger,pedestrian_road_maintenance_worker,casualty_type,casualty_imd_decile,lsoa_of_casualty,enhanced_casualty_severity,casualty_injury_based,casualty_adjusted_severity_serious,casualty_adjusted_severity_slight,casualty_distance_banding,road_type,speed_limit,weather_conditions,light_conditions,road_surface_conditions,time,day_of_week,number_of_vehicles,vehicle_type
2023440023552,2023,440023552,1,1,1,1,36,7,3,0,0,0,0,0,9,1,E01008018,-1,0,0.10349,0.89651,-1,7,60,1,1,1,13:45,4,1,9
2023302301596,2023,302301596,1,1,3,2,12,3,2,6,9,0,0,0,0,2,E01019497,-1,0,1.0,0.0,-1,6,30,1,1,1,08:10,3,1,19
2023122300807,2023,122300807,2,1,1,1,62,9,3,0,0,0,0,0,1,10,E01027700,-1,0,0.19867,0.80133,-1,6,60,1,1,1,12:30,1,2,1
2023351388660,2023,351388660,2,1,1,2,17,4,3,0,0,0,0,0,3,7,E01018011,3,1,0.0,1.0,-1,6,50,1,1,1,17:40,5,2,3
2023010430481,2023,010430481,1,1,1,2,39,7,3,0,0,0,0,0,9,2,E01000599,-1,0,0.0,1.0,-1,6,30,1,1,1,14:05,7,2,9
2023010437378,2023,010437378,1,1,1,1,25,5,3,0,0,0,0,0,9,5,E01004601,-1,0,0.0,1.0,-1,6,30,2,1,2,10:00,5,2,9
2023361360768,2023,361360768,1,2,1,2,36,7,3,0,0,0,0,0,9,9,E01030268,3,1,0.0,1.0,-1,6,50,1,1,1,16:12,1,5,9
2023430205040,2023,430205040,1,1,1,1,57,9,3,0,0,0,0,0,19,3,E01021834,-1,0,0.07448,0.92552,-1,6,40,1,1,1,11:24,5,1,19
2023010484986,2023,010484986,1,1,3,1,53,8,3,5,3,0,0,0,0,-1,-1,-1,0,0.0,1.0,-1,1,20,1,4,2,18:20,3,1,9
2023010437211,2023,010437211,1,1,3,1,60,9,3,1,1,0,0,0,0,1,E01001558,-1,0,0.0,1.0,-1,6,20,1,1,1,14:00,5,1,11
2023170L20243,2023,170L20243,1,1,3,1,8,2,2,5,3,0,0,0,0,1,E01012113,-1,0,1.0,0.0,-1,6,30,1,1,1,16:00,7,1,9
2023461384175,2023,461384175,1,1,3,2,40,7,3,9,5,0,0,2,0,4,E01024539,3,1,0.0,1.0,-1,6,30,1,1,1,09:54,2,2,9
2023010482689,2023,010482689,1,1,3,1,31,6,3,9,7,0,0,0,0,2,E01023758,-1,0,0.0,1.0,-1,6,20,2,5,2,17:00,5,1,9
2023302301502,2023,302301502,1,1,3,1,87,11,2,1,1,0,0,0,0,4,E01019570,-1,0,1.0,0.0,-1,6,30,1,1,2,08:35,6,1,9
2023991302299,2023,991302299,1,2,3,2,7,2,2,1,4,0,0,2,0,3,-1,7,1,1.0,0.0,-1,6,30,1,1,1,16:49,7,1,9
2023010471881,2023,010471881,1,1,1,1,28,6,3,0,0,0,0,0,3,4,E01003441,-1,0,0.0,1.0,-1,6,20,1,1,1,16:40,5,2,3
2023201384097,2023,201384097,1,1,1,2,31,6,3,0,0,0,0,0,9,2,E01009495,3,1,0.0,1.0,-1,3,40,1,1,1,08:05,5,2,9
2023320467636,2023,320467636,2,1,1,2,43,7,3,0,0,0,0,0,9,4,E01026102,-1,0,0.04544,0.95456,-1,6,60,1,6,1,21:30,6,2,9
2023461382645,2023,461382645,2,2,2,1,22,5,3,0,0,1,0,0,9,4,E01024444,3,1,0.0,1.0,-1,6,30,1,1,1,13:31,7,2,9
2023221315830,2023,221315830,2,1,1,1,12,3,3,0,0,0,0,0,1,5,E01032312,3,1,0.0,1.0,-1,6,30,1,1,1,11:00,6,2,1
2023311341503,2023,311341503,1,1,1,2,31,6,2,0,0,0,0,0,1,4,E01028225,7,1,1.0,0.0,-1,6,60,1,1,1,08:51,5,2,1
2023041369179,2023,041369179,2,2,1,2,51,8,3,0,0,0,0,0,9,9,E01025455,3,1,0.0,1.0,-1,6,60,1,1,1,16:40,3,2,9
2023131272122,2023,131272122,2,2,1,2,32,6,3,0,0,0,0,0,9,6,E01011885,3,1,0.0,1.0,-1,6,30,1,1,1,15:56,6,2,9
2023131363061,2023,131363061,3,3,1,2,63,9,3,0,0,0,0,0,9,7,E01011708,3,1,0.0,1.0,-1,6,60,1,1,1,14:11,1,4,9
2023201379607,2023,201379607,2,2,1,2,25,5,3,0,0,0,0,0,9,2,E01009575,3,1,0.0,1.0,-1,6,30,1,1,1,18:40,7,2,9
2023122300296,2023,122300296,2,1,1,1,43,7,3,0,0,0,0,0,1,7,E01027891,-1,0,0.06659,0.93341,-1,6,60,1,1,2,07:30,6,2,1
2023122300397,2023,122300397,2,1,1,1,47,8,3,0,0,0,0,0,1,9,E01013435,-1,0,0.06124,0.93876,-1,6,30,1,1,1,08:30,1,2,1
2023311260603,2023,311260603,1,1,3,2,30,6,3,6,9,0,0,0,0,1,E01013812,3,1,0.0,1.0,-1,6,20,9,1,1,11:48,6,1,9
2023201387924,2023,201387924,2,2,1,2,34,6,3,0,0,0,0,0,9,10,E01009903,3,1,0.0,1.0,-1,6,30,1,1,1,10:07,5,2,9
2023440173855,2023,440173855,2,2,1,2,78,11,3,0,0,0,0,0,9,3,E01031372,-1,0,0.10326,0.89674,-1,3,70,1,1,1,07:03,4,3,9
2023430175989,2023,430175989,1,1,1,1,30,6,1,0,0,0,0,0,9,7,E01033509,-1,0,0.0,0.0,-1,3,70,1,1,2,05:14,1,1,9
2023430526208,2023,430526208,1,1,1,2,39,7,3,0,0,0,0,0,9,8,E01002690,-1,0,0.01496,0.98504,-1,3,70,1,4,1,21:10,4,2,9
2023061374327,2023,061374327,2,3,2,2,22,5,3,0,0,1,0,0,9,-1,-1,3,1,0.0,1.0,-1,6,30,1,1,-1,15:55,5,2,9
2023131367073,2023,131367073,1,1,1,-1,37,7,3,0,0,0,0,0,9,4,E01010791,3,1,0.0,1.0,-1,6,30,1,4,1,17:20,4,2,9
2023161300305,2023,161300305,1,1,2,1,4,1,3,0,0,2,0,0,9,1,E01012858,3,1,0.0,1.0,-1,6,30,1,1,1,12:43,6,2,9
2023170S40073,2023,170S40073,2,2,1,1,35,6,3,0,0,0,0,0,9,1,E01012093,-1,0,0.07254,0.92746,-1,6,60,1,4,1,16:50,4,3,9
2023451344887,2023,451344887,2,4,2,1,6,2,3,0,0,2,0,0,9,7,E01030520,3,1,0.0,1.0,-1,6,40,1,1,1,14:30,4,2,9
2023471375632,2023,471375632,1,1,1,2,87,11,3,0,0,0,0,0,9,10,E01031805,3,1,0.0,1.0,-1,6,30,2,1,2,13:20,4,2,9
2023010461296,2023,010461296,1,1,3,2,22,5,3,5,1,0,0,0,0,5,E01001520,-1,0,0.0,1.0,-1,6,30,8,1,1,18:00,6,1,2
2023430415274,2023,430415274,2,1,1,2,25,5,3,0,0,0,0,0,1,8,E01033305,-1,0,0.02306,0.97694,-1,6,30,1,1,1,11:49,5,2,1
2023070216350,2023,070216350,1,1,1,2,81,11,3,0,0,0,0,0,9,3,E01007177,-1,0,0.04719,0.95281,-1,6,40,1,1,2,12:30,3,2,9
2023201351300,2023,201351300,2,1,1,1,-1,-1,2,0,0,0,0,0,3,3,E01010491,7,1,1.0,0.0,-1,6,30,1,4,1,21:21,2,2,3
2023101327042,2023,101327042,1,1,3,1,8,2,3,5,1,0,0,0,0,-1,-1,3,1,0.0,1.0,-1,6,20,1,1,1,15:44,6,1,9
2023131348940,2023,131348940,1,1,3,2,42,7,3,5,1,0,0,-1,0,1,E01011347,3,1,0.0,1.0,-1,3,40,1,1,1,18:12,3,1,11
2023451275204,2023,451275204,1,1,3,2,62,9,3,9,9,0,0,0,0,9,E01030446,3,1,0.0,1.0,-1,6,30,1,1,1,10:00,7,1,9
2023522300566,2023,522300566,1,1,3,2,42,7,3,1,9,0,0,0,0,1,E01014654,-1,0,0.13001,0.86999,-1,6,20,5,4,2,20:12,5,1,9
2023010460388,2023,010460388,1,1,1,-1,24,5,3,0,0,0,0,0,3,3,E01001368,-1,0,0.0,1.0,-1,2,20,1,4,1,23:15,1,2,3
2023010482724,2023,010482724,1,1,1,1,28,6,2,0,0,0,0,0,4,4,E01001615,-1,0,1.0,0.0,-1,6,20,2,4,2,19:40,5,2,4
2023061382726,2023,061382726,1,1,3,2,19,4,3,5,9,0,0,0,0,4,E01005284,3,1,0.0,1.0,-1,6,30,2,1,2,15:20,7,1,9
2023631394657,2023,631394657,1,1,3,1,51,8,3,6,9,0,0,2,0,9,W01000482,3,1,0.0,1.0,-1,6,40,5,6,2,18:00,1,1,9
2023010457440,2023,010457440,2,1,1,1,27,6,3,0,0,0,0,0,1,2,E01001795,-1,0,0.0,1.0,-1,6,20,1,1,2,17:12,4,2,1
2023141380122,2023,141380122,1,1,1,2,33,6,3,0,0,0,0,0,9,3,E01032925,3,1,0.0,1.0,-1,6,30,2,1,2,08:45,2,2,9
2023311354995,2023,311354995,1,1,1,2,13,3,2,0,0,0,0,0,-1,6,E01028220,7,1,1.0,0.0,-1,6,30,1,1,1,18:15,5,2,-1
2023332300877,2023,332300877,1,1,3,1,15,3,3,1,1,0,0,0,0,1,E01013652,-1,0,0.03808,0.96192,-1,6,30,1,1,1,08:15,5,1,9
2023101332851,2023,101332851,1,1,1,1,37,7,2,0,0,0,0,0,1,1,E01008400,7,1,1.0,0.0,-1,6,30,1,1,1,11:22,2,2,1
2023101317265,2023,101317265,2,1,1,1,58,9,3,0,0,0,0,0,9,4,E01008308,3,1,0.0,1.0,-1,1,30,1,1,1,09:45,7,2,9
2023101367526,2023,101367526,3,2,1,1,84,11,3,0,0,0,0,0,9,9,E01008369,3,1,0.0,1.0,-1,3,70,2,1,2,17:00,5,4,9
2023170S11553,2023,170S11553,1,1,1,2,31,6,3,0,0,0,0,0,9,3,E01012239,-1,0,0.06208,0.93792,-1,6,30,1,1,1,17:10,4,3,9
2023010421981,2023,010421981,1,1,1,1,22,5,3,0,0,0,0,0,3,5,E01003664,-1,0,0.0,1.0,-1,9,30,1,1,1,11:30,4,2,3
2023501357759,2023,501357759,2,1,1,1,35,6,3,0,0,0,0,0,5,3,E01015235,3,1,0.0,1.0,-1,6,30,1,1,1,13:11,7,2,5
2023991350902,2023,991350902,1,1,1,1,41,7,2,0,0,0,0,0,5,1,E01007500,7,1,1.0,0.0,-1,6,60,1,1,1,16:00,7,2,5
2023361353847,2023,361353847,1,1,1,1,36,7,1,0,0,0,0,0,5,8,E01026948,1,1,0.0,0.0,-1,6,60,1,1,1,20:02,4,2,5
2023461288935,2023,461288935,2,1,1,1,35,6,3,0,0,0,0,0,5,7,E01000675,3,1,0.0,1.0,-1,6,30,1,1,1,14:45,4,2,5
2023010462875,2023,010462875,1,1,3,2,16,4,3,9,9,0,0,0,0,3,E01001436,-1,0,0.0,1.0,-1,6,20,1,1,1,18:35,2,1,98
2023531265601,2023,531265601,1,1,3,2,89,11,2,1,1,0,0,0,0,8,E01022140,6,1,1.0,0.0,-1,6,30,1,1,2,12:20,5,1,9
2023010465518,2023,010465518,2,1,1,2,37,7,3,0,0,0,0,0,-1,5,E01002394,-1,0,0.0,1.0,-1,1,30,1,1,1,10:40,3,2,-1
2023440374425,2023,440374425,1,1,3,1,59,9,2,9,8,0,0,0,0,5,E01017353,-1,0,1.0,0.0,-1,6,60,1,1,1,07:21,5,1,9
2023201377538,2023,201377538,2,1,1,1,62,9,2,0,0,0,0,0,4,1,E01009769,6,1,1.0,0.0,-1,6,30,1,1,1,05:25,6,2,4
2023351323612,2023,351323612,2,2,2,1,31,6,3,0,0,1,0,0,9,8,E01018166,3,1,0.0,1.0,-1,6,30,1,1,1,16:09,3,2,9
2023991281507,2023,991281507,1,1,1,1,52,8,2,0,0,0,0,0,9,5,-1,5,1,1.0,0.0,-1,6,60,1,1,2,15:20,3,4,9
2023991397548,2023,991397548,1,1,1,1,73,10,2,0,0,0,0,0,9,-1,-1,7,1,1.0,0.0,-1,6,60,2,6,2,18:10,3,1,9
2023041378967,2023,041378967,1,2,2,2,17,4,2,0,0,1,0,0,9,1,E01012577,5,1,1.0,0.0,-1,3,50,1,4,1,18:40,7,2,9
2023131371738,2023,131371738,2,2,2,2,11,3,3,0,0,1,0,0,9,3,E01011519,3,1,0.0,1.0,-1,6,30,1,1,2,08:35,3,3,9
2023461341742,2023,461341742,2,1,1,1,45,7,3,0,0,0,0,0,9,4,E01024086,3,1,0.0,1.0,-1,6,60,2,1,2,15:25,3,2,9
2023010460484,2023,010460484,2,2,1,1,23,5,1,0,0,0,0,0,9,-1,-1,-1,0,0.0,0.0,-1,6,40,1,4,1,02:12,2,2,9
2023041316432,2023,041316432,2,3,1,2,53,8,2,0,0,0,0,0,9,4,E01012755,6,1,1.0,0.0,-1,6,40,1,1,1,07:15,5,2,9
2023131314659,2023,131314659,1,1,2,1,22,5,3,0,0,1,0,0,9,1,E01010814,3,1,0.0,1.0,-1,6,30,1,1,1,05:30,1,1,9
2023221314191,2023,221314191,2,4,2,2,86,11,2,0,0,2,0,0,9,5,E01029283,6,1,1.0,0.0,-1,6,40,1,1,1,10:50,6,4,9
2023340WN3332,2023,340WN3332,2,1,1,1,40,7,3,0,0,0,0,0,9,8,E01027028,-1,0,0.01396,0.98604,-1,6,30,1,1,1,17:00,3,2,9
2023371371091,2023,371371091,5,2,2,2,51,8,3,0,0,1,0,0,9,8,E01012389,3,1,0.0,1.0,-1,3,70,1,1,1,12:40,1,6,9
2023451384974,2023,451384974,1,1,1,1,50,8,2,0,0,0,0,0,9,10,E01030620,7,1,1.0,0.0,-1,3,20,2,4,2,19:40,5,1,9
2023461306103,2023,461306103,3,1,1,2,24,5,3,0,0,0,0,0,9,5,E01024701,3,1,0.0,1.0,-1,6,30,2,1,2,17:54,3,6,9
2023461351187,2023,461351187,2,1,1,2,59,9,3,0,0,0,0,0,9,4,E01020936,3,1,0.0,1.0,-1,3,30,1,1,1,16:21,1,2,9
2023131290797,2023,131290797,1,1,3,1,16,4,3,6,8,0,0,2,0,1,E01011667,3,1,0.0,1.0,-1,3,40,1,1,1,07:08,2,1,19
2023031389778,2023,031389778,1,1,1,1,52,8,3,0,0,0,0,0,5,3,E01019204,3,1,0.0,1.0,-1,7,70,4,1,2,14:12,2,1,5
2023010481407,2023,010481407,1,1,3,1,23,5,3,10,9,0,0,0,0,5,E01003411,-1,0,0.0,1.0,-1,3,20,1,4,1,16:10,6,1,9
2023332300737,2023,332300737,2,1,1,1,44,7,3,0,0,0,0,0,1,10,E01026004,-1,0,0.05695,0.94305,-1,3,30,1,1,1,08:01,3,2,1
2023101384769,2023,101384769,1,1,2,1,-1,-1,3,0,0,0,3,0,11,-1,-1,3,1,0.0,1.0,-1,6,30,1,1,2,14:30,5,1,11
2023010452701,2023,010452701,2,5,1,1,53,8,3,0,0,0,0,0,9,1,E01032512,-1,0,0.0,1.0,-1,6,20,8,4,1,01:00,1,2,9
2023311309475,2023,311309475,1,1,3,1,5,1,3,9,9,0,0,0,0,3,E01013969,3,1,0.0,1.0,-1,6,30,1,1,1,20:37,6,1,-1
2023041274973,2023,041274973,1,1,1,1,63,9,2,0,0,0,0,0,3,1,E01025227,5,1,1.0,0.0,-1,6,60,1,1,1,15:30,4,1,3
2023010426345,2023,010426345,1,1,1,1,29,6,3,0,0,0,0,0,8,3,E01023573,-1,0,0.0,1.0,-1,3,50,8,1,1,09:00,5,2,8
2023010449432,2023,010449432,1,1,1,-1,25,5,3,0,0,0,0,0,3,3,E01002527,-1,0,0.0,1.0,-1,6,20,9,4,9,21:56,5,2,3
2023471365260,2023,471365260,2,1,1,1,23,5,2,0,0,0,0,0,3,4,E01031364,5,1,1.0,0.0,-1,6,30,1,4,1,18:30,6,2,3
2023552300398,2023,552300398,2,1,1,1,31,6,3,0,0,0,0,0,4,8,E01015403,-1,0,0.13979,0.86021,-1,6,30,1,1,1,17:27,7,2,4
2023421326943,2023,421326943,2,1,1,1,49,8,2,0,0,0,0,0,5,4,E01003666,6,1,1.0,0.0,-1,6,60,1,1,1,10:49,6,2,5
2023010447505,2023,010447505,1,1,1,1,21,5,3,0,0,0,0,0,3,6,E01001408,-1,0,0.0,1.0,-1,9,30,1,1,1,16:00,7,2,3
2023010472436,2023,010472436,1,1,1,1,24,5,3,0,0,0,0,0,3,7,E01002182,-1,0,0.0,1.0,-1,9,20,9,4,9,22:50,1,2,3
202360A145039,2023,60A145039,1,1,1,2,55,8,3,0,0,0,0,0,90,-1,-1,-1,0,0.18489,0.81511,-1,6,30,1,1,1,14:01,6,2,90
2023041258821,2023,041258821,1,1,1,1,22,5,3,0,0,0,0,0,9,-1,-1,3,1,0.0,1.0,-1,6,30,1,1,1,07:55,2,4,9
2023070308116,2023,070308116,2,2,1,2,24,5,3,0,0,0,0,0,9,7,E01018699,-1,0,0.05104,0.94896,-1,6,60,5,6,2,23:49,3,2,9
2023211316613,2023,211316613,1,2,2,2,85,11,3,0,0,1,0,0,9,7,E01029806,3,1,0.0,1.0,-1,6,60,1,1,1,14:10,1,2,9
2023421322144,2023,421322144,1,1,1,2,30,6,3,0,0,0,0,0,9,-1,-1,3,1,0.0,1.0,-1,6,30,1,4,1,22:35,6,3,9
2023440158066,2023,440158066,2,2,2,1,27,6,3,0,0,1,0,0,9,4,E01017028,-1,0,0.07795,0.92205,-1,6,30,1,4,1,20:45,7,2,9
2023461295407,2023,461295407,1,1,1,1,20,4,3,0,0,0,0,0,9,1,E01024389,3,1,0.0,1.0,-1,6,30,8,6,2,22:11,4,3,9
2023320128631,2023,320128631,2,1,1,1,19,4,3,0,0,0,0,0,19,9,E01025687,-1,0,0.0865,0.9135,-1,6,60,1,1,2,15:14,4,2,19
2023010495666,2023,010495666,1,1,3,2,37,7,3,9,9,0,0,0,0,5,E01003080,-1,0,0.0,1.0,-1,6,20,1,1,1,08:24,7,1,9
2023231379399,2023,231379399,1,1,3,2,18,4,3,5,1,0,0,0,0,1,E01031273,3,1,0.0,1.0,-1,2,30,1,4,1,18:19,7,1,9
2023302301078,2023,302301078,1,1,3,2,-1,-1,2,9,5,0,0,0,0,-1,-1,-1,0,1.0,0.0,-1,6,30,2,1,2,12:00,7,1,21
2023201295705,2023,201295705,2,2,2,1,21,5,2,0,0,0,0,0,3,-1,-1,7,1,1.0,0.0,-1,6,30,1,4,1,20:36,1,2,3
2023501325898,2023,501325898,2,1,1,1,18,4,3,0,0,0,0,0,3,8,E01015068,3,1,0.0,1.0,-1,6,30,1,1,2,15:35,3,2,3
2023010437682,2023,010437682,1,1,3,2,35,6,2,1,9,0,0,0,0,4,E01004628,-1,0,1.0,0.0,-1,9,20,1,1,1,18:30,5,1,1
2023440402577,2023,440402577,2,1,1,1,38,7,3,0,0,0,0,0,1,5,E01017101,-1,0,0.06818,0.93182,-1,6,30,1,1,1,13:28,2,2,1
2023302301638,2023,302301638,1,2,1,1,41,7,3,0,0,0,0,0,5,8,E01025868,-1,0,0.15235,0.84765,-1,6,30,1,1,1,08:00,2,2,5
2023010428984,2023,010428984,1,2,2,2,34,6,3,0,0,1,0,0,8,4,E01003702,-1,0,0.0,1.0,-1,1,30,2,4,2,19:45,6,2,8
2023430537167,2023,430537167,2,1,1,1,26,6,2,0,0,0,0,0,1,8,E01028488,-1,0,1.0,0.0,-1,6,20,1,1,1,09:15,4,2,1
2023371351157,2023,371351157,1,1,1,2,-1,-1,2,0,0,0,0,0,5,6,E01027604,6,1,1.0,0.0,-1,6,60,1,1,1,17:20,7,1,5
2023052300946,2023,052300946,1,1,3,2,6,2,3,5,1,0,0,0,0,1,E01006556,-1,0,0.13603,0.86397,-1,6,30,1,1,1,15:30,3,1,9
2023161293325,2023,161293325,1,1,3,2,11,3,3,5,2,0,0,0,0,8,E01013055,3,1,0.0,1.0,-1,6,30,9,1,2,16:15,3,1,9
2023010487566,2023,010487566,1,1,2,1,-1,-1,3,0,0,9,0,0,8,2,E01001202,-1,0,0.0,1.0,-1,6,20,1,1,1,08:30,2,1,8
2023522400934,2023,522400934,1,1,3,1,-1,-1,3,5,1,0,0,0,0,-1,-1,-1,0,0.02828,0.97172,-1,6,30,2,1,2,12:05,3,1,9
2023010452862,2023,010452862,1,1,1,1,33,6,3,0,0,0,0,0,9,-1,-1,-1,0,0.0,1.0,-1,6,30,1,1,1,07:19,2,2,9
2023361306342,2023,361306342,2,2,2,2,8,2,3,0,0,2,0,0,9,-1,-1,3,1,0.0,1.0,-1,6,30,1,1,1,15:45,5,2,9
2023471334271,2023,471334271,1,1,3,2,70,10,3,6,9,0,0,0,0,5,E01021101,3,1,0.0,1.0,-1,6,30,9,7,1,16:21,2,1,9
2023131286814,2023,131286814,1,1,3,1,13,3,3,5,3,0,0,2,0,1,E01010713,3,1,0.0,1.0,-1,6,30,5,4,2,18:50,2,1,9
2023461288013,2023,461288013,1,1,1,2,32,6,2,0,0,0,0,0,5,5,E01024562,5,1,1.0,0.0,-1,6,30,1,4,2,19:22,6,3,5
2023041333269,2023,041333269,1,1,1,2,37,7,3,0,0,0,0,0,9,5,E01025137,3,1,0.0,1.0,-1,6,30,1,1,1,15:05,2,2,9
2023440388574,2023,440388574,2,1,1,1,61,9,3,0,0,0,0,0,9,6,E01023118,-1,0,0.08906,0.91094,-1,6,60,1,1,1,11:39,7,2,9
2023451354549,2023,451354549,2,2,2,1,17,4,3,0,0,1,0,0,9,10,E01030443,3,1,0.0,1.0,-1,6,30,2,1,2,15:55,4,2,9
2023631375409,2023,631375409,2,1,1,2,27,6,3,0,0,0,0,0,9,1,W01001924,3,1,0.0,1.0,-1,6,30,2,4,2,13:21,5,2,9
2023131347005,2023,131347005,1,1,3,1,7,2,1,5,3,0,0,2,0,1,E01011148,1,1,0.0,0.0,-1,6,30,1,1,1,17:59,4,2,9
2023421281274,2023,421281274,2,1,1,1,50,8,3,0,0,0,0,0,1,10,E01021465,3,1,0.0,1.0,-1,6,30,1,7,2,07:16,2,2,1
2023302301087,2023,302301087,1,1,1,1,19,4,2,0,0,0,0,0,3,2,E01010446,-1,0,1.0,0.0,-1,6,50,2,1,2,14:15,1,1,3
2023231384247,2023,231384247,1,1,3,2,16,4,3,6,8,0,0,0,0,5,E01031163,3,1,0.0,1.0,-1,6,30,1,1,2,16:26,3,1,9
2023122400024,2023,122400024,2,1,1,1,44,7,3,0,0,0,0,0,19,10,E01027576,-1,0,0.02266,0.97734,-1,6,30,1,1,1,10:20,1,2,19
2023311308936,2023,311308936,2,1,1,1,28,6,3,0,0,0,0,0,1,-1,-1,3,1,0.0,1.0,-1,9,20,1,1,1,13:48,5,2,1
2023010454927,2023,010454927,1,1,1,1,23,5,3,0,0,0,0,0,3,3,E01001177,-1,0,0.0,1.0,-1,9,30,9,1,9,09:10,5,2,3
2023131327057,2023,131327057,2,1,1,1,55,8,2,0,0,0,0,0,5,9,E01027894,5,1,1.0,0.0,-1,6,40,1,1,1,13:15,6,2,5
2023221345036,2023,221345036,1,1,1,1,65,9,1,0,0,0,0,0,5,-1,-1,1,1,0.0,0.0,-1,6,50,1,1,1,16:21,2,2,5
2023010434959,2023,010434959,1,1,1,1,32,6,3,0,0,0,0,0,3,1,E01033455,-1,0,0.0,1.0,-1,9,20,1,1,1,12:46,2,2,3
2023122300744,2023,122300744,2,2,1,1,38,7,3,0,0,0,0,0,19,10,E01013337,-1,0,0.08008,0.91992,-1,6,60,1,1,1,11:55,3,2,19
2023010463629,2023,010463629,1,2,2,1,26,6,3,0,0,2,0,0,9,10,E01001129,-1,0,0.0,1.0,-1,3,40,1,1,1,06:20,7,2,9
2023421331654,2023,421331654,1,1,1,1,26,6,3,0,0,0,0,0,9,6,E01021723,3,1,0.0,1.0,-1,6,60,2,6,2,02:35,6,1,9
2023451351013,2023,451351013,2,2,1,1,34,6,3,0,0,0,0,0,9,4,E01030645,3,1,0.0,1.0,-1,6,30,1,4,1,20:50,1,2,9
2023461389139,2023,461389139,2,2,1,1,75,10,3,0,0,0,0,0,9,8,E01024237,3,1,0.0,1.0,-1,6,30,1,4,1,16:15,7,2,9
2023010469561,2023,010469561,1,1,3,2,54,8,3,1,1,0,0,0,0,5,E01000530,-1,0,0.0,1.0,-1,6,30,8,4,1,19:25,4,1,8
2023311388468,2023,311388468,1,1,3,1,26,6,2,6,9,0,0,0,0,-1,-1,7,1,1.0,0.0,-1,3,60,1,1,1,20:42,5,1,9
2023520400406,2023,520400406,1,1,3,2,12,3,3,8,9,0,0,0,0,10,E01029128,-1,0,0.10324,0.89676,-1,6,30,1,1,1,13:50,7,1,9
2023311358734,2023,311358734,2,1,1,1,49,8,3,0,0,0,0,0,1,-1,-1,3,1,0.0,1.0,-1,6,30,1,1,1,15:40,2,2,1
2023010451563,2023,010451563,1,1,3,1,26,6,3,9,9,0,0,0,0,3,E01001749,-1,0,0.0,1.0,-1,6,20,1,1,1,08:41,2,1,9
2023161356209,2023,161356209,2,1,3,2,29,6,3,9,8,0,0,0,0,1,E01012790,3,1,0.0,1.0,-1,6,30,1,1,1,11:00,1,2,9
2023471392298,2023,471392298,1,1,3,1,31,6,2,10,1,0,0,2,0,10,E01031706,5,1,1.0,0.0,-1,6,30,1,1,1,19:34,3,1,9
2023531360283,2023,531360283,1,1,3,2,92,11,2,10,3,0,0,0,0,5,E01022464,7,1,1.0,0.0,-1,2,30,1,1,1,10:25,4,1,9
2023010445315,2023,010445315,1,1,3,1,59,9,3,5,1,0,0,0,0,-1,-1,-1,0,0.0,1.0,-1,6,20,1,1,1,19:25,6,1,9
2023010440092,2023,010440092,1,1,1,1,42,7,3,0,0,0,0,0,8,2,E01000063,-1,0,0.0,1.0,-1,6,30,1,1,1,16:46,6,2,8
2023201391841,2023,201391841,2,1,1,1,32,6,3,0,0,0,0,0,1,3,E01010070,3,1,0.0,1.0,-1,6,40,2,1,2,14:45,3,2,1
2023471327331,2023,471327331,2,1,1,1,18,4,3,0,0,0,0,0,3,10,E01031717,3,1,0.0,1.0,-1,6,30,1,1,1,17:15,7,2,3
2023991327559,2023,991327559,1,1,1,1,52,8,2,0,0,0,0,0,5,-1,-1,7,1,1.0,0.0,-1,6,60,1,1,1,15:20,1,1,5
2023421277515,2023,421277515,1,1,1,1,35,6,3,0,0,0,0,0,9,9,E01021934,3,1,0.0,1.0,-1,6,30,1,1,2,07:46,6,2,9
2023522300886,2023,522300886,1,2,2,2,54,8,2,0,0,1,0,0,9,4,E01014991,-1,0,1.0,0.0,-1,1,40,1,4,1,17:30,7,1,9
2023131291092,2023,131291092,1,1,1,2,21,5,3,0,0,0,0,0,9,4,E01011597,3,1,0.0,1.0,-1,1,40,1,4,1,20:41,2,2,9
2023421345199,2023,421345199,4,2,1,2,67,10,3,0,0,0,0,0,9,4,E01003757,3,1,0.0,1.0,-1,1,30,1,1,1,10:25,5,5,9
2023451339955,2023,451339955,1,1,1,1,84,11,3,0,0,0,0,0,9,5,E01030459,3,1,0.0,1.0,-1,6,30,2,1,2,13:14,3,1,9
2023461329030,2023,461329030,2,2,2,1,48,8,3,0,0,1,0,0,9,-1,-1,3,1,0.0,1.0,-1,6,30,2,4,2,20:54,3,2,9
2023552300796,2023,552300796,1,1,1,1,32,6,3,0,0,0,0,0,9,8,E01020514,-1,0,0.09923,0.90077,-1,6,60,1,1,1,06:24,2,2,9
2023201285262,2023,201285262,1,2,2,2,17,4,3,0,0,2,0,0,9,1,E01009494,3,1,0.0,1.0,-1,6,30,2,4,2,20:06,7,3,9
2023231381223,2023,231381223,1,1,2,1,16,4,3,0,0,1,0,0,9,4,E01031030,3,1,0.0,1.0,-1,6,50,1,1,1,13:35,5,2,9
2023340WN5992,2023,340WN5992,2,1,1,2,50,8,3,0,0,0,0,0,9,6,E01027220,-1,0,0.05469,0.94531,-1,6,30,1,4,2,06:42,2,2,9