collision_index,collision_year,collision_ref_no,vehicle_reference,casualty_reference,casualty_class,sex_of_casualty,age_of_casualty,age_band_of_casualty,casualty_severity,pedestrian_location,pedestrian_movement,car_passenger,bus_or_coach_passenger,pedestrian_road_maintenance_worker,casualty_type,casualty_imd_decile,lsoa_of_casualty,enhanced_casualty_severity,casualty_injury_based,casualty_adjusted_severity_serious,casualty_adjusted_severity_slight,casualty_distance_banding,road_type,speed_limit,weather_conditions,light_conditions,road_surface_conditions,time,day_of_week,number_of_vehicles,vehicle_type
2023010450450,2023,010450450,1,1,1,1,30,6,3,0,0,0,0,0,3,6,E01003437,-1,0,0.0,1.0,-1,6,30,1,1,1,13:00,3,2,3
2023991334431,2023,991334431,2,1,2,1,38,7,3,0,0,2,0,0,8,8,-1,3,1,0.0,1.0,-1,6,60,1,1,1,13:38,6,2,8
2023221300170,2023,221300170,1,1,1,2,23,5,3,0,0,0,0,0,9,2,E01032202,3,1,0.0,1.0,-1,6,30,1,1,1,09:45,2,2,9
2023501291471,2023,501291471,1,2,1,1,17,4,3,0,0,0,0,0,9,4,E01020279,3,1,0.0,1.0,-1,6,60,1,6,1,21:15,2,2,9
2023141304074,2023,141304074,1,1,2,2,68,10,2,0,0,1,0,0,9,1,E01007764,6,1,1.0,0.0,-1,6,40,1,1,1,14:20,5,3,9
2023471353252,2023,471353252,2,1,1,1,29,6,3,0,0,0,0,0,1,2,E01016854,3,1,0.0,1.0,-1,6,30,1,1,1,16:52,6,2,1
2023501327709,2023,501327709,2,1,1,1,26,6,3,0,0,0,0,0,1,3,E01015162,3,1,0.0,1.0,-1,3,30,1,1,1,07:15,6,2,1
2023201377331,2023,201377331,2,1,1,2,38,7,3,0,0,0,0,0,9,2,E01010476,3,1,0.0,1.0,-1,1,40,1,4,1,17:25,3,2,9
2023440007568,2023,440007568,1,1,2,1,29,6,3,0,0,1,0,0,9,10,E01022793,-1,0,0.00883,0.99117,-1,6,30,1,7,1,18:21,6,2,9
2023010428495,2023,010428495,1,1,3,2,55,8,3,8,3,0,0,0,0,4,E01003114,-1,0,0.0,1.0,-1,6,30,2,4,2,00:00,4,1,11
2023141361777,2023,141361777,1,1,1,1,81,11,2,0,0,0,0,0,9,10,E01007955,7,1,1.0,0.0,-1,6,20,1,1,1,10:10,3,5,9
2023010435965,2023,010435965,1,1,1,1,24,5,3,0,0,0,0,0,3,7,E01004159,-1,0,0.0,1.0,-1,6,30,1,1,1,13:38,4,2,3
2023010480706,2023,010480706,1,1,1,1,44,7,3,0,0,0,0,0,3,2,E01000501,-1,0,0.0,1.0,-1,6,30,2,4,2,21:00,1,2,3
2023041277961,2023,041277961,2,1,1,1,50,8,3,0,0,0,0,0,9,2,E01012629,3,1,0.0,1.0,-1,7,30,2,4,2,21:43,7,2,9
2023451313985,2023,451313985,1,2,1,2,37,7,3,0,0,0,0,0,9,10,E01023114,3,1,0.0,1.0,-1,3,70,1,6,1,22:00,4,2,9
2023991319234,2023,991319234,2,2,1,2,34,6,2,0,0,0,0,0,9,3,-1,7,1,1.0,0.0,-1,6,30,1,1,1,17:15,5,2,9
2023531388858,2023,531388858,1,1,3,1,64,9,2,5,3,0,0,0,0,8,E01022123,7,1,1.0,0.0,-1,1,30,1,4,1,18:20,6,1,9
2023010430608,2023,010430608,1,1,1,1,31,6,3,0,0,0,0,0,1,4,E01002014,-1,0,0.0,1.0,-1,6,20,1,1,2,08:57,2,2,1
2023010432551,2023,010432551,1,2,2,-1,-1,-1,3,0,0,1,0,0,9,5,E01000564,-1,0,0.0,1.0,-1,3,30,1,1,1,03:56,4,2,9
2023010478522,2023,010478522,1,1,1,1,28,6,3,0,0,0,0,0,9,-1,-1,-1,0,0.0,1.0,-1,9,20,1,1,2,11:41,2,2,9
2023131273060,2023,131273060,1,1,1,2,30,6,3,0,0,0,0,0,9,9,E01011209,3,1,0.0,1.0,-1,6,30,1,1,1,12:00,2,2,9
2023201323536,2023,201323536,1,1,1,1,42,7,3,0,0,0,0,0,9,2,E01008958,3,1,0.0,1.0,-1,3,30,1,1,1,07:18,7,1,9
2023351427871,2023,351427871,1,1,1,1,42,7,3,0,0,0,0,0,9,2,E01015599,3,1,0.0,1.0,-1,6,30,1,1,1,15:30,6,2,9
2023461286850,2023,461286850,3,3,1,1,52,8,3,0,0,0,0,0,9,6,E01024163,3,1,0.0,1.0,-1,6,40,1,1,1,16:38,7,3,9
2023440074715,2023,440074715,1,1,3,2,79,11,2,5,1,0,0,0,0,10,E01023160,-1,0,1.0,0.0,-1,6,30,8,1,2,10:20,1,1,9
2023552301319,2023,552301319,1,1,3,1,30,6,3,9,5,0,0,0,0,3,E01015439,-1,0,0.08813,0.91187,-1,6,30,1,1,1,07:35,5,1,9
2023991325773,2023,991325773,1,1,3,1,21,5,1,4,3,0,0,2,0,-1,-1,1,1,0.0,0.0,-1,3,40,1,1,1,06:52,3,1,9
2023351316394,2023,351316394,2,1,1,1,59,9,2,0,0,0,0,0,5,3,E01021850,7,1,1.0,0.0,-1,3,70,1,1,1,15:40,1,3,5
2023010479838,2023,010479838,1,1,1,2,21,5,3,0,0,0,0,0,9,6,E01003644,-1,0,0.0,1.0,-1,6,30,1,1,1,07:30,6,2,9
2023522300501,2023,522300501,1,1,1,1,27,6,3,0,0,0,0,0,9,7,E01014598,-1,0,0.02747,0.97253,-1,3,30,2,4,2,19:07,3,3,9
202354B067423,2023,54B067423,1,1,1,1,48,8,3,0,0,0,0,0,9,4,E01032036,-1,0,0.11949,0.88051,-1,6,60,1,7,2,19:22,4,1,9
2023010459249,2023,010459249,2,1,2,1,49,8,3,0,0,1,0,0,9,2,E01000012,-1,0,0.0,1.0,-1,1,20,1,1,1,19:40,1,2,9
2023010479440,2023,010479440,2,1,1,1,44,7,3,0,0,0,0,0,1,10,E01003010,-1,0,0.0,1.0,-1,6,20,1,1,1,09:50,4,2,1
2023430334127,2023,430334127,2,2,1,2,45,7,3,0,0,0,0,0,9,9,E01033515,-1,0,0.023,0.977,-1,6,60,1,1,1,16:57,5,2,9
2023461303792,2023,461303792,1,1,1,1,81,11,3,0,0,0,0,0,9,4,E01000722,3,1,0.0,1.0,-1,1,50,1,1,1,13:52,4,2,9
2023471276208,2023,471276208,2,1,1,1,27,6,3,0,0,0,0,0,19,2,E01016040,3,1,0.0,1.0,-1,6,60,1,1,1,13:26,3,3,19
2023552301449,2023,552301449,1,1,3,2,12,3,2,5,1,0,0,0,0,9,E01015360,-1,0,1.0,0.0,-1,6,40,1,1,1,15:15,4,1,9
2023010472152,2023,010472152,2,1,1,1,25,5,2,0,0,0,0,0,1,4,E01003210,-1,0,1.0,0.0,-1,6,30,1,1,1,15:29,1,2,1
2023141316302,2023,141316302,1,1,1,1,58,9,3,0,0,0,0,0,1,-1,-1,3,1,0.0,1.0,-1,6,20,1,1,1,09:25,5,2,1
2023131316899,2023,131316899,1,1,1,2,27,6,3,0,0,0,0,0,9,2,E01011915,3,1,0.0,1.0,-1,6,30,1,1,1,17:06,6,1,9
2023101296846,2023,101296846,2,1,2,1,29,6,3,0,0,0,0,0,90,-1,-1,3,1,0.0,1.0,-1,3,70,5,4,2,20:47,6,2,90
2023010458177,2023,010458177,1,1,1,1,45,7,3,0,0,0,0,0,1,4,E01003543,-1,0,0.0,1.0,-1,6,30,1,4,1,22:33,4,2,1
2023231279325,2023,231279325,2,1,1,1,17,4,2,0,0,0,0,0,3,4,E01031045,7,1,1.0,0.0,-1,6,30,1,4,2,21:25,4,2,3
2023320691733,2023,320691733,2,1,1,1,38,7,3,0,0,0,0,0,3,1,E01026168,-1,0,0.17692,0.82308,-1,6,30,8,4,2,05:35,4,2,3
2023031262712,2023,031262712,1,1,1,1,38,7,3,0,0,0,0,0,21,2,E01004847,3,1,0.0,1.0,-1,3,70,5,6,2,19:00,5,1,21
2023461311331,2023,461311331,2,1,1,2,11,3,3,0,0,0,0,0,1,6,E01024491,3,1,0.0,1.0,-1,6,30,1,1,1,14:30,1,2,1
2023161325456,2023,161325456,2,1,2,2,57,9,3,0,0,1,0,0,9,4,E01012990,3,1,0.0,1.0,-1,6,30,1,1,1,13:20,2,2,9
2023231279085,2023,231279085,2,2,1,2,66,10,2,0,0,0,0,0,9,10,E01031201,6,1,1.0,0.0,-1,6,50,1,1,1,16:00,3,2,9
2023411275591,2023,411275591,2,2,2,2,78,11,2,0,0,1,0,0,9,10,E01002430,7,1,1.0,0.0,-1,3,30,1,1,1,12:20,5,2,9
2023451342397,2023,451342397,1,1,1,1,21,5,3,0,0,0,0,0,9,4,E01031788,3,1,0.0,1.0,-1,6,30,1,1,1,18:00,3,2,9
2023471374640,2023,471374640,1,1,1,2,47,8,3,0,0,0,0,0,9,4,E01021224,3,1,0.0,1.0,-1,3,30,1,1,2,08:10,2,2,9
2023546879323,2023,546879323,2,1,1,2,28,6,3,0,0,0,0,0,9,7,E01015272,-1,0,0.01328,0.98672,-1,3,40,1,1,1,07:53,6,2,9
2023501332975,2023,501332975,2,1,1,1,33,6,3,0,0,0,0,0,1,8,E01015211,3,1,0.0,1.0,-1,6,30,1,1,1,17:15,3,2,1
2023010483986,2023,010483986,1,1,1,1,28,6,3,0,0,0,0,0,3,2,E01001339,-1,0,0.0,1.0,-1,1,20,2,4,1,06:33,4,1,3
2023131294939,2023,131294939,2,2,2,1,24,5,3,0,0,1,0,0,9,2,E01011763,3,1,0.0,1.0,-1,6,30,1,1,1,17:50,7,2,9
2023141334956,2023,141334956,1,1,1,1,35,6,2,0,0,0,0,0,9,-1,-1,5,1,1.0,0.0,-1,6,30,1,6,1,02:02,1,1,9
2023201416460,2023,201416460,1,3,2,1,14,3,3,0,0,-1,0,0,9,4,E01009085,3,1,0.0,1.0,-1,3,30,1,1,1,13:27,1,2,9
2023461265841,2023,461265841,1,3,2,2,14,3,3,0,0,2,0,0,9,1,E01024590,3,1,0.0,1.0,-1,6,50,1,1,1,12:40,4,2,9
2023522301643,2023,522301643,1,1,1,1,30,6,3,0,0,0,0,0,9,5,E01015554,-1,0,0.03316,0.96684,-1,6,40,1,1,1,11:30,1,3,9
2023520300610,2023,520300610,2,7,2,1,40,7,3,0,0,0,4,0,11,1,E01014210,-1,0,0.06238,0.93762,-1,6,40,1,6,4,06:00,3,3,11
2023131307037,2023,131307037,1,1,3,1,3,1,3,4,5,0,0,0,0,7,E01006689,3,1,0.0,1.0,-1,6,30,1,1,1,17:50,7,1,9
2023351279146,2023,351279146,2,1,1,2,31,6,3,0,0,0,0,0,1,8,E01020504,3,1,0.0,1.0,-1,6,30,1,4,1,18:15,3,2,1
2023421376914,2023,421376914,2,1,1,1,41,7,3,0,0,0,0,0,1,6,E01021807,3,1,0.0,1.0,-1,1,30,1,1,1,14:25,5,2,1
2023041330345,2023,041330345,2,1,1,2,54,8,3,0,0,0,0,0,9,5,E01024888,3,1,0.0,1.0,-1,3,70,1,1,1,17:14,3,2,9
2023302300146,2023,302300146,1,1,1,2,19,4,2,0,0,0,0,0,9,4,E01002594,-1,0,1.0,0.0,-1,6,60,1,1,2,15:05,3,1,9
2023351391074,2023,351391074,2,2,1,2,18,4,3,0,0,0,0,0,9,10,E01018122,3,1,0.0,1.0,-1,6,60,1,6,1,17:25,2,4,9
202360A184527,2023,60A184527,1,1,1,1,18,4,1,0,0,0,0,0,9,-1,-1,-1,0,0.0,0.0,-1,6,60,9,1,2,00:00,1,1,9
2023522300913,2023,522300913,1,1,1,2,49,8,3,0,0,0,0,0,9,1,E01014802,-1,0,0.03063,0.96937,-1,3,30,1,1,1,21:03,5,2,9
2023522301626,2023,522301626,1,1,1,1,65,9,3,0,0,0,0,0,1,7,E01014972,-1,0,0.15683,0.84317,-1,6,40,1,1,2,08:59,5,2,1
2023610032723,2023,610032723,1,2,2,1,49,8,3,0,0,1,0,0,9,2,W01001406,-1,0,0.01645,0.98355,-1,1,60,1,1,1,17:26,2,2,9
2023631342517,2023,631342517,2,2,1,2,22,5,2,0,0,0,0,0,9,9,W01000482,5,1,1.0,0.0,-1,6,60,1,1,1,17:00,4,2,9
2023010433579,2023,010433579,1,2,2,1,58,9,3,0,0,0,3,0,11,2,E01000958,-1,0,0.0,1.0,-1,3,30,1,1,1,10:21,4,2,11
2023111349797,2023,111349797,1,2,2,1,79,11,3,0,0,1,0,0,9,7,E01027761,3,1,0.0,1.0,-1,6,60,1,1,1,17:46,4,2,9
2023131347371,2023,131347371,1,1,1,2,43,7,3,0,0,0,0,0,9,1,E01011725,3,1,0.0,1.0,-1,3,70,1,6,1,20:00,4,2,9
2023010436140,2023,010436140,3,2,1,1,18,4,3,0,0,0,0,0,3,8,E01033724,-1,0,0.0,1.0,-1,3,40,1,1,2,06:49,5,4,3
2023610050023,2023,610050023,1,1,1,1,31,6,2,0,0,0,0,0,90,2,W01001387,-1,0,1.0,0.0,-1,6,20,2,4,2,23:42,7,1,90
2023041378580,2023,041378580,1,1,3,2,57,9,2,4,3,0,0,0,0,5,E01024969,5,1,1.0,0.0,-1,6,30,1,4,1,06:35,6,1,9
2023111290873,2023,111290873,1,1,3,2,20,4,3,6,9,0,0,0,0,1,E01012359,3,1,0.0,1.0,-1,6,30,1,1,1,18:00,1,1,9
2023161331203,2023,161331203,1,1,3,1,10,2,3,6,7,0,0,2,0,-1,-1,3,1,0.0,1.0,-1,6,30,1,1,1,16:45,4,1,9
2023131300824,2023,131300824,2,2,2,1,6,2,3,0,0,2,0,0,9,1,E01011355,3,1,0.0,1.0,-1,3,30,1,1,1,15:30,2,2,9
2023201416261,2023,201416261,1,1,1,1,27,6,2,0,0,0,0,0,9,1,E01009511,7,1,1.0,0.0,-1,3,30,1,1,1,17:49,5,2,9
2023221395960,2023,221395960,2,2,1,1,85,11,3,0,0,0,0,0,9,5,E01014008,3,1,0.0,1.0,-1,6,40,1,1,1,12:30,5,2,9
2023461289708,2023,461289708,1,3,1,1,-1,-1,3,0,0,0,0,0,9,8,E01031988,3,1,0.0,1.0,-1,3,40,1,4,1,19:45,5,2,9
2023520401280,2023,520401280,1,3,2,2,19,4,3,0,0,2,0,0,9,9,E01029273,-1,0,0.07332,0.92668,-1,6,60,2,6,2,00:30,7,1,9
2023401264822,2023,401264822,1,1,3,2,60,9,3,5,3,0,0,2,0,3,E01017484,3,1,0.0,1.0,-1,6,30,1,1,1,09:30,5,1,9
2023622300922,2023,622300922,1,1,3,2,21,5,3,5,1,0,0,0,0,1,W01001835,-1,0,0.0556,0.9444,-1,6,20,2,1,2,16:44,4,1,9
2023991273045,2023,991273045,1,1,3,2,82,11,2,5,1,0,0,0,0,7,-1,5,1,1.0,0.0,-1,6,30,8,1,1,10:50,3,1,9
2023061396224,2023,061396224,2,1,1,1,42,7,3,0,0,0,0,0,1,9,E01005855,3,1,0.0,1.0,-1,7,30,2,4,2,19:05,2,2,1
2023010458102,2023,010458102,2,1,1,1,25,5,3,0,0,0,0,0,2,7,E01001950,-1,0,0.0,1.0,-1,2,20,2,4,2,22:01,1,2,2
2023501292742,2023,501292742,2,1,1,1,24,5,3,0,0,0,0,0,3,5,E01015225,3,1,0.0,1.0,-1,6,30,1,1,1,10:53,1,2,3
2023332301237,2023,332301237,1,1,1,1,67,10,2,0,0,0,0,0,5,8,E01025745,-1,0,1.0,0.0,-1,6,50,1,6,1,22:00,1,1,5
2023010429983,2023,010429983,1,1,2,2,28,6,3,0,0,2,0,0,9,5,E01000036,-1,0,0.0,1.0,-1,6,30,1,1,1,12:35,4,1,9
2023201288530,2023,201288530,1,1,1,2,33,6,3,0,0,0,0,0,9,4,E01009824,3,1,0.0,1.0,-1,6,30,1,4,1,19:10,6,2,9
2023201418466,2023,201418466,2,1,1,2,35,6,3,0,0,0,0,0,9,1,E01009328,3,1,0.0,1.0,-1,6,30,1,1,1,11:10,7,2,9
2023320589206,2023,320589206,1,2,2,1,15,3,2,0,0,2,0,0,9,1,E01026376,-1,0,1.0,0.0,-1,6,30,1,4,1,02:32,6,3,9
2023361287261,2023,361287261,1,1,1,1,18,4,3,0,0,0,0,0,9,6,E01026456,3,1,0.0,1.0,-1,6,60,2,6,2,22:23,4,1,9
2023461338437,2023,461338437,1,1,2,2,47,8,3,0,0,1,0,0,9,-1,-1,3,1,0.0,1.0,-1,6,60,1,1,1,18:26,7,2,9
2023010419490,2023,010419490,1,1,1,-1,-1,-1,3,0,0,0,0,0,1,-1,-1,-1,0,0.0,1.0,-1,6,20,1,4,2,16:30,3,1,1
2023010455429,2023,010455429,1,1,1,1,14,3,3,0,0,0,0,0,4,6,E01002140,-1,0,0.0,1.0,-1,6,30,1,4,1,20:40,7,2,4
2023010471859,2023,010471859,2,2,1,1,26,6,3,0,0,0,0,0,9,4,E01000799,-1,0,0.0,1.0,-1,6,20,1,4,2,05:50,7,2,9
2023421294823,2023,421294823,2,3,1,1,63,9,2,0,0,0,0,0,9,4,E01021637,5,1,1.0,0.0,-1,6,30,1,1,1,12:45,7,2,9
2023541363023,2023,541363023,1,1,3,2,14,3,3,5,9,0,0,0,0,6,E01032697,-1,0,0.06093,0.93907,-1,6,30,8,1,2,07:57,3,2,9
2023320331671,2023,320331671,1,1,1,1,65,9,3,0,0,0,0,0,5,4,E01026019,-1,0,0.23749,0.76251,-1,6,60,1,1,1,12:32,4,2,5
2023411277506,2023,411277506,2,1,1,2,56,9,3,0,0,0,0,0,9,7,E01023739,3,1,0.0,1.0,-1,6,60,8,1,4,08:30,3,3,9
2023440022995,2023,440022995,1,1,1,2,32,6,2,0,0,0,0,0,9,10,E01022860,-1,0,1.0,0.0,-1,6,30,1,6,4,07:27,4,2,9
2023520400037,2023,520400037,1,1,1,2,26,6,3,0,0,0,0,0,9,8,E01029089,-1,0,0.00555,0.99445,-1,6,30,1,1,1,14:30,4,2,9
2023522301111,2023,522301111,1,1,1,2,76,11,3,0,0,0,0,0,9,9,E01014898,-1,0,0.05484,0.94516,-1,6,30,1,1,1,15:28,3,2,9
2023131340729,2023,131340729,2,1,1,1,23,5,3,0,0,0,0,0,1,1,E01010943,3,1,0.0,1.0,-1,6,30,1,1,1,18:00,5,2,1
2023010468834,2023,010468834,2,2,1,1,28,6,3,0,0,0,0,0,3,8,E01000774,-1,0,0.0,1.0,-1,6,20,1,1,1,15:36,5,3,3
2023101293341,2023,101293341,1,1,1,2,66,10,3,0,0,0,0,0,9,3,E01008476,3,1,0.0,1.0,-1,6,60,1,1,1,11:50,2,1,9
2023451296843,2023,451296843,1,3,1,1,41,7,3,0,0,0,0,0,9,8,E01002915,3,1,0.0,1.0,-1,6,50,2,4,2,23:06,6,3,9
2023440096360,2023,440096360,2,1,1,1,27,6,3,0,0,0,0,0,19,2,E01022964,-1,0,0.04706,0.95294,-1,3,70,1,1,1,07:39,6,3,19
2023061355395,2023,061355395,1,1,3,2,76,11,3,6,9,0,0,0,0,5,E01005700,3,1,0.0,1.0,-1,6,30,1,1,1,09:15,3,1,9
2023340WN3962,2023,340WN3962,1,1,3,1,33,6,3,10,7,0,0,0,0,1,E01032979,-1,0,0.14181,0.85819,-1,2,30,1,1,1,20:55,1,2,9
2023340NN2842,2023,340NN2842,3,4,2,1,18,4,3,0,0,2,0,0,9,-1,-1,-1,0,0.03658,0.96342,-1,6,30,2,1,2,15:40,7,3,9
2023471331898,2023,471331898,2,1,2,2,22,5,3,0,0,2,0,0,9,-1,-1,3,1,0.0,1.0,-1,9,30,1,7,1,21:00,5,2,9
2023031308788,2023,031308788,2,1,1,1,55,8,3,0,0,0,0,0,19,8,E01019106,3,1,0.0,1.0,-1,6,60,1,1,1,08:38,5,2,19
2023010453209,2023,010453209,1,1,3,1,34,6,3,6,9,0,0,0,0,2,E01003189,-1,0,0.0,1.0,-1,9,20,1,1,1,17:10,2,1,20
2023101307673,2023,101307673,1,1,3,1,15,3,3,5,1,0,0,0,0,-1,-1,3,1,0.0,1.0,-1,6,30,1,1,1,19:05,4,1,90
2023201381979,2023,201381979,1,1,3,2,12,3,3,5,9,0,0,2,0,2,E01010204,3,1,0.0,1.0,-1,1,30,1,1,1,07:45,2,1,-1
2023131373142,2023,131373142,1,1,1,1,34,6,2,0,0,0,0,0,1,1,E01011916,7,1,1.0,0.0,-1,6,30,1,4,2,16:07,5,2,1
2023991392025,2023,991392025,1,1,3,1,37,7,3,4,3,0,0,2,0,-1,-1,3,1,0.0,1.0,-1,3,30,4,4,2,17:35,1,1,9
2023520400003,2023,520400003,1,1,1,1,59,9,2,0,0,0,0,0,5,1,E01014463,-1,0,1.0,0.0,-1,6,30,1,1,1,19:38,6,2,5
2023549357123,2023,549357123,2,1,1,1,55,8,2,0,0,0,0,0,5,8,E01031900,-1,0,1.0,0.0,-1,1,40,1,1,1,13:59,3,2,5
2023440268055,2023,440268055,1,1,1,1,57,9,3,0,0,0,0,0,9,7,E01016288,-1,0,0.17652,0.82348,-1,3,70,2,1,2,17:00,3,1,9
2023461305114,2023,461305114,2,3,2,2,16,4,2,0,0,1,0,0,9,1,E01016031,7,1,1.0,0.0,-1,3,30,2,1,2,14:10,2,2,9
202354A016623,2023,54A016623,1,1,1,2,29,6,3,0,0,0,0,0,9,6,E01031846,-1,0,0.08996,0.91004,-1,6,60,1,1,2,08:09,5,1,9
2023010431967,2023,010431967,1,1,3,2,26,6,3,5,1,0,0,0,0,4,E01000846,-1,0,0.0,1.0,-1,3,20,1,4,1,20:20,5,1,3
2023522400088,2023,522400088,1,1,1,1,25,5,2,0,0,0,0,0,1,9,E01023385,-1,0,1.0,0.0,-1,6,20,2,4,2,02:50,6,2,1
2023031329817,2023,031329817,1,2,2,2,56,9,3,0,0,-1,0,0,9,-1,-1,3,1,0.0,1.0,-1,6,30,5,1,2,20:01,7,2,9
2023361325430,2023,361325430,3,1,2,2,68,10,3,0,0,1,0,0,9,5,E01027613,3,1,0.0,1.0,-1,6,40,1,1,1,14:15,6,3,9
2023440123286,2023,440123286,1,1,1,2,81,11,2,0,0,0,0,0,9,4,E01031494,-1,0,1.0,0.0,-1,6,60,1,1,1,15:38,3,1,9
2023461279565,2023,461279565,2,1,1,2,55,8,3,0,0,0,0,0,9,6,E01024557,3,1,0.0,1.0,-1,6,30,1,4,1,17:45,1,2,9
2023052300471,2023,052300471,1,3,2,2,46,8,3,0,0,0,4,0,11,1,E01007004,-1,0,0.06071,0.93929,-1,6,30,1,1,1,15:02,6,1,11
2023101343224,2023,101343224,1,1,3,1,59,9,3,5,1,0,0,0,0,1,E01008703,3,1,0.0,1.0,-1,6,20,1,4,1,23:22,2,1,8
2023101301812,2023,101301812,1,1,1,1,20,4,2,0,0,0,0,0,5,1,E01008667,5,1,1.0,0.0,-1,6,30,1,1,1,13:45,5,2,5
2023010423932,2023,010423932,1,1,3,1,63,9,3,1,3,0,0,0,0,2,E01002604,-1,0,0.0,1.0,-1,3,30,1,4,1,17:51,6,1,9
2023010442904,2023,010442904,2,1,1,1,37,7,3,0,0,0,0,0,1,2,E01004570,-1,0,0.0,1.0,-1,6,20,1,1,1,13:45,1,2,1
2023010424852,2023,010424852,1,1,1,1,46,8,3,0,0,0,0,0,3,1,E01000524,-1,0,0.0,1.0,-1,6,20,1,1,1,12:05,4,2,3
2023351354807,2023,351354807,2,1,1,1,64,9,2,0,0,0,0,0,4,9,E01018278,7,1,1.0,0.0,-1,6,60,1,4,1,20:49,5,2,4
2023311345068,2023,311345068,1,1,3,1,58,9,2,5,3,0,0,0,0,-1,-1,6,1,1.0,0.0,-1,6,20,1,1,1,11:30,5,1,19
202363A024923,2023,63A024923,1,1,3,1,15,3,3,6,9,0,0,0,0,6,W01000635,-1,0,0.05446,0.94554,-1,6,20,1,1,1,08:30,6,1,9
2023361391427,2023,361391427,2,1,1,1,42,7,3,0,0,0,0,0,1,4,E01026466,3,1,0.0,1.0,-1,6,30,9,7,-1,16:00,2,2,1
2023991310241,2023,991310241,1,1,1,2,20,4,2,0,0,0,0,0,3,2,-1,6,1,1.0,0.0,-1,6,60,1,1,1,18:00,2,2,3
2023622300242,2023,622300242,2,3,2,2,6,2,3,0,0,2,0,0,8,1,W01000814,-1,0,0.00261,0.99739,-1,2,20,4,1,2,08:45,2,2,8
2023201393491,2023,201393491,2,1,2,2,44,7,3,0,0,-1,0,0,9,1,E01010295,3,1,0.0,1.0,-1,6,30,1,1,1,18:05,4,2,9
2023411269779,2023,411269779,1,1,2,2,52,8,3,0,0,1,0,0,9,4,E01023781,3,1,0.0,1.0,-1,3,40,2,4,2,19:50,7,2,9
2023302301223,2023,302301223,2,1,1,1,17,4,3,0,0,0,0,0,3,8,E01033170,-1,0,0.04902,0.95098,-1,6,30,2,1,1,17:30,2,2,3
2023041264648,2023,041264648,1,2,2,2,17,4,3,0,0,1,0,0,9,1,E01012737,3,1,0.0,1.0,-1,6,40,3,6,4,22:30,3,1,9
2023041390245,2023,041390245,1,1,2,2,29,6,3,0,0,1,0,0,9,1,E01012681,3,1,0.0,1.0,-1,6,30,1,1,1,12:50,3,2,9
2023052301372,2023,052301372,2,1,1,1,34,6,2,0,0,0,0,0,9,9,E01007096,-1,0,1.0,0.0,-1,3,40,1,1,1,12:00,7,2,9
2023411301914,2023,411301914,1,3,2,1,-1,-1,3,0,0,-1,0,0,9,-1,-1,3,1,0.0,1.0,-1,6,60,1,1,1,03:33,5,2,9
2023991375796,2023,991375796,1,1,1,1,73,10,3,0,0,0,0,0,9,2,-1,3,1,0.0,1.0,-1,6,60,1,6,1,16:55,5,2,9
2023552301091,2023,552301091,1,1,1,1,16,4,3,0,0,0,0,0,1,10,E01020377,-1,0,0.12166,0.87834,-1,6,30,1,1,1,20:24,1,2,1
2023010486470,2023,010486470,1,1,1,1,40,7,3,0,0,0,0,0,3,5,E01015739,-1,0,0.0,1.0,-1,6,30,1,1,1,08:30,6,2,3
2023141294370,2023,141294370,1,1,1,1,38,7,2,0,0,0,0,0,9,3,E01011903,7,1,1.0,0.0,-1,6,30,2,1,2,10:20,4,2,9
2023161314766,2023,161314766,1,1,2,1,17,4,3,0,0,1,0,0,9,7,E01012969,3,1,0.0,1.0,-1,6,30,1,1,1,14:40,7,1,9
2023302301166,2023,302301166,1,2,2,2,27,6,3,0,0,1,0,0,9,5,E01013509,-1,0,0.08558,0.91442,-1,6,30,1,4,1,23:30,7,1,9
2023451316938,2023,451316938,1,1,1,1,91,11,3,0,0,0,0,0,9,10,E01030866,3,1,0.0,1.0,-1,1,40,1,1,1,16:55,5,1,9
2023430158140,2023,430158140,1,10,2,1,44,7,3,0,0,0,4,0,11,-1,-1,-1,0,0.06436,0.93564,-1,3,70,2,4,2,19:52,3,4,11
2023052302601,2023,052302601,2,1,1,1,38,7,3,0,0,0,0,0,-1,6,E01033753,-1,0,0.04317,0.95683,-1,6,30,1,1,1,15:02,1,2,-1
2023061332929,2023,061332929,1,1,3,1,56,9,3,1,3,0,0,2,0,5,E01004988,3,1,0.0,1.0,-1,1,30,1,1,1,19:30,2,1,9
2023340WN4432,2023,340WN4432,1,2,3,1,51,8,2,5,9,0,0,0,0,-1,-1,-1,0,1.0,0.0,-1,6,30,1,4,1,23:55,7,1,3
2023440057399,2023,440057399,2,1,2,1,23,5,3,0,0,1,0,0,8,9,E01023274,-1,0,0.0443,0.9557,-1,6,30,1,4,1,19:28,6,2,8
2023231390158,2023,231390158,2,4,2,2,9,2,3,0,0,2,0,0,9,8,E01031205,3,1,0.0,1.0,-1,7,50,1,6,1,17:12,7,2,9
2023320019253,2023,320019253,3,2,1,1,24,5,3,0,0,0,0,0,9,5,E01026121,-1,0,0.01792,0.98208,-1,6,60,1,6,2,16:30,3,3,9
2023430516316,2023,430516316,2,3,1,2,58,9,1,0,0,0,0,0,9,3,E01017609,-1,0,0.0,0.0,-1,3,70,1,7,2,22:04,5,3,9