collision_index,collision_year,collision_ref_no,vehicle_reference,casualty_reference,casualty_class,sex_of_casualty,age_of_casualty,age_band_of_casualty,casualty_severity,pedestrian_location,pedestrian_movement,car_passenger,bus_or_coach_passenger,pedestrian_road_maintenance_worker,casualty_type,casualty_imd_decile,lsoa_of_casualty,enhanced_casualty_severity,casualty_injury_based,casualty_adjusted_severity_serious,casualty_adjusted_severity_slight,casualty_distance_banding,road_type,speed_limit,weather_conditions,light_conditions,road_surface_conditions,time,day_of_week,number_of_vehicles,vehicle_type
2023421258845,2023,421258845,2,2,2,2,77,11,3,0,0,1,0,0,9,8,E01029887,3,1,0.0,1.0,-1,6,60,1,1,2,15:41,2,2,9
2023461341311,2023,461341311,1,1,1,2,54,8,3,0,0,0,0,0,9,3,E01024524,3,1,0.0,1.0,-1,3,70,1,1,2,19:30,4,2,9
2023010483202,2023,010483202,1,4,2,-1,-1,-1,3,0,0,2,0,0,9,3,E01004313,-1,0,0.0,1.0,-1,6,20,4,4,1,01:48,1,2,9
2023221298904,2023,221298904,1,2,1,2,33,6,3,0,0,0,0,0,9,8,E01032226,3,1,0.0,1.0,-1,6,60,1,1,1,08:15,5,2,9
2023501384173,2023,501384173,1,2,2,1,19,4,2,0,0,1,0,0,9,8,E01018884,5,1,1.0,0.0,-1,6,30,2,6,2,05:24,6,1,9
2023201342546,2023,201342546,2,1,1,1,40,7,3,0,0,0,0,0,1,1,E01009146,3,1,0.0,1.0,-1,2,30,1,1,1,06:30,7,2,1
2023010456466,2023,010456466,1,1,3,2,19,4,3,5,1,0,0,0,0,8,E01002889,-1,0,0.0,1.0,-1,6,20,1,1,1,11:50,6,1,8
2023010456657,2023,010456657,1,1,1,1,42,7,2,0,0,0,0,0,1,3,E01000936,-1,0,1.0,0.0,-1,6,20,1,6,1,21:20,6,1,1
2023430249291,2023,430249291,2,1,1,1,70,10,3,0,0,0,0,0,1,8,E01017941,-1,0,0.1742,0.8258,-1,6,30,1,1,1,12:00,2,2,1
202360A122403,2023,60A122403,1,1,1,1,20,4,3,0,0,0,0,0,3,-1,-1,-1,0,0.24194,0.75806,-1,1,60,2,4,2,21:56,4,1,3
2023010463684,2023,010463684,1,1,3,1,73,10,3,1,1,0,0,0,0,5,E01001500,-1,0,0.0,1.0,-1,6,30,1,1,1,15:01,7,1,3
2023332300970,2023,332300970,1,1,3,1,47,8,3,10,9,0,0,0,0,2,E01013768,-1,0,0.06882,0.93118,-1,6,30,1,1,1,12:30,3,1,9
2023430051002,2023,430051002,1,1,3,2,16,4,2,9,9,0,0,0,0,3,E01001365,-1,0,1.0,0.0,-1,3,70,1,6,1,02:01,6,1,21
2023201291182,2023,201291182,1,1,1,1,28,6,3,0,0,0,0,0,1,2,E01010309,3,1,0.0,1.0,-1,6,30,1,4,1,06:50,2,2,1
2023131361156,2023,131361156,1,1,3,2,34,6,3,5,3,0,0,2,0,7,E01010568,3,1,0.0,1.0,-1,6,30,1,1,1,09:30,1,1,9
2023421355141,2023,421355141,1,1,3,1,49,8,3,1,3,0,0,0,0,8,E01021737,3,1,0.0,1.0,-1,6,30,1,1,1,08:26,3,1,9
2023471307230,2023,471307230,1,1,3,1,64,9,2,6,9,0,0,0,0,8,E01031634,5,1,1.0,0.0,-1,9,30,1,1,1,15:15,1,1,17
2023531293012,2023,531293012,2,1,1,1,51,8,3,0,0,0,0,0,-1,9,E01022304,3,1,0.0,1.0,-1,6,40,2,1,2,18:00,5,2,-1
2023430233465,2023,430233465,2,1,1,1,41,7,3,0,0,0,0,0,1,3,E01016449,-1,0,0.14889,0.85111,-1,6,30,1,1,1,17:50,7,2,1
2023010429445,2023,010429445,1,1,1,1,26,6,2,0,0,0,0,0,3,4,E01004376,-1,0,1.0,0.0,-1,6,30,1,1,1,13:32,2,2,3
2023122300949,2023,122300949,2,1,1,1,24,5,3,0,0,0,0,0,4,9,E01013365,-1,0,0.10034,0.89966,-1,6,30,1,1,1,11:24,3,2,4
2023010468226,2023,010468226,2,1,1,1,26,6,3,0,0,0,0,0,1,3,E01003036,-1,0,0.0,1.0,-1,1,20,1,4,1,17:49,2,2,1
2023031355795,2023,031355795,2,1,1,2,47,8,3,0,0,0,0,0,3,-1,-1,3,1,0.0,1.0,-1,6,30,2,4,2,05:50,2,2,3
2023430163752,2023,430163752,1,1,1,1,53,8,3,0,0,0,0,0,5,9,E01028535,-1,0,0.22956,0.77044,-1,6,60,1,1,1,13:14,7,1,5
2023010478386,2023,010478386,1,1,3,2,77,11,2,5,3,0,0,0,0,4,E01002775,-1,0,1.0,0.0,-1,2,20,2,7,2,16:26,5,1,19
2023320386656,2023,320386656,1,1,3,1,5,1,3,10,1,0,0,0,0,1,E01026150,-1,0,0.15718,0.84282,-1,6,30,1,1,1,19:13,6,1,9
2023340WN2822,2023,340WN2822,2,1,1,1,35,6,2,0,0,0,0,0,1,2,E01027227,-1,0,1.0,0.0,-1,6,40,1,1,1,19:15,4,2,1
2023131365424,2023,131365424,2,1,2,2,53,8,3,0,0,1,0,0,9,2,E01011220,3,1,0.0,1.0,-1,6,30,8,1,1,09:17,7,2,9
2023141383430,2023,141383430,3,2,1,2,-1,-1,3,0,0,0,0,0,9,1,E01007327,3,1,0.0,1.0,-1,6,40,8,1,4,10:21,4,3,9
2023332300273,2023,332300273,1,1,1,1,45,7,3,0,0,0,0,0,9,7,E01025864,-1,0,0.04965,0.95035,-1,3,70,1,6,1,21:50,7,2,9
2023471260045,2023,471260045,2,2,2,1,61,9,3,0,0,1,0,0,9,8,E01016962,3,1,0.0,1.0,-1,3,30,1,1,2,10:20,5,2,9
2023471339634,2023,471339634,2,1,1,1,58,9,3,0,0,0,0,0,9,6,E01021200,3,1,0.0,1.0,-1,6,60,2,1,2,19:05,3,2,9
2023991322564,2023,991322564,1,1,2,1,61,9,2,0,0,1,0,0,9,3,-1,6,1,1.0,0.0,-1,3,70,2,1,2,15:19,1,2,9
2023351394760,2023,351394760,1,1,1,1,42,7,3,0,0,0,0,0,9,7,E01018026,3,1,0.0,1.0,-1,6,60,9,6,2,21:30,3,1,9
2023161379764,2023,161379764,2,1,1,2,59,9,3,0,0,0,0,0,9,1,E01012843,3,1,0.0,1.0,-1,7,60,1,1,2,07:30,3,2,9
2023311384183,2023,311384183,1,1,2,1,4,1,3,0,0,2,0,0,9,-1,-1,3,1,0.0,1.0,-1,6,30,2,1,2,15:00,5,2,9
2023411368478,2023,411368478,2,3,2,1,25,5,3,0,0,2,0,0,9,-1,-1,3,1,0.0,1.0,-1,3,50,1,1,1,14:00,5,2,9
2023471270553,2023,471270553,1,1,1,2,65,9,3,0,0,0,0,0,9,5,E01031798,3,1,0.0,1.0,-1,6,30,1,1,1,15:00,2,3,9
2023061275890,2023,061275890,2,1,1,1,37,7,3,0,0,0,0,0,9,8,E01024916,3,1,0.0,1.0,-1,6,30,1,4,1,18:32,1,2,9
2023131279527,2023,131279527,2,1,1,1,63,9,3,0,0,0,0,0,9,2,E01011900,3,1,0.0,1.0,-1,3,30,1,4,1,22:10,4,2,9
2023320716098,2023,320716098,1,4,2,2,64,9,2,0,0,1,0,0,9,9,E01026402,-1,0,1.0,0.0,-1,6,40,2,1,2,13:00,1,2,9
2023552300327,2023,552300327,1,1,1,2,22,5,3,0,0,0,0,0,9,10,E01016407,-1,0,0.0264,0.9736,-1,6,30,2,1,2,15:37,4,2,9
2023010482703,2023,010482703,1,1,1,1,37,7,3,0,0,0,0,0,9,4,E01004417,-1,0,0.0,1.0,-1,6,20,2,1,2,13:45,5,2,9
2023302301214,2023,302301214,1,1,1,1,21,5,3,0,0,0,0,0,9,10,E01033169,-1,0,0.04895,0.95105,-1,6,30,2,1,2,18:45,7,3,9
2023421274544,2023,421274544,1,2,2,2,15,3,3,0,0,1,0,0,9,8,E01021793,3,1,0.0,1.0,-1,6,60,1,6,2,21:01,5,1,9
2023010437506,2023,010437506,3,2,1,1,66,10,3,0,0,0,0,0,9,6,E01000252,-1,0,0.0,1.0,-1,6,30,1,1,1,09:28,7,3,9
2023311361773,2023,311361773,2,1,1,2,75,10,3,0,0,0,0,0,9,9,E01028410,3,1,0.0,1.0,-1,6,50,2,1,2,16:56,4,2,9
2023471313071,2023,471313071,2,1,1,2,40,7,3,0,0,0,0,0,9,5,E01031611,3,1,0.0,1.0,-1,6,40,1,1,1,16:27,1,2,9
2023471337306,2023,471337306,1,1,1,2,44,7,3,0,0,0,0,0,9,9,E01024826,3,1,0.0,1.0,-1,6,40,1,6,1,22:40,3,1,9
2023531313055,2023,531313055,1,1,1,2,76,11,3,0,0,0,0,0,9,8,E01022385,3,1,0.0,1.0,-1,6,30,1,1,1,16:28,3,1,9
2023010448488,2023,010448488,1,1,1,2,32,6,3,0,0,0,0,0,9,10,E01004105,-1,0,0.0,1.0,-1,7,20,1,1,1,17:52,2,2,9
2023101370982,2023,101370982,2,2,1,2,78,11,2,0,0,0,0,0,9,10,E01008548,7,1,1.0,0.0,-1,6,20,1,7,1,20:38,1,3,9
2023131260763,2023,131260763,1,1,2,2,43,7,3,0,0,1,0,0,9,1,E01010730,3,1,0.0,1.0,-1,6,30,2,4,2,01:40,1,1,9
2023131286344,2023,131286344,1,1,2,1,22,5,3,0,0,1,0,0,9,1,E01011360,3,1,0.0,1.0,-1,6,30,2,4,2,23:17,2,2,9
2023211306494,2023,211306494,1,2,1,1,28,6,3,0,0,0,0,0,9,-1,-1,3,1,0.0,1.0,-1,6,30,1,1,1,11:50,3,3,9
2023451260798,2023,451260798,1,1,1,1,62,9,3,0,0,0,0,0,9,10,E01028669,3,1,0.0,1.0,-1,3,70,2,4,2,06:10,1,1,9
2023451327872,2023,451327872,1,1,1,1,66,10,3,0,0,0,0,0,9,7,E01030956,3,1,0.0,1.0,-1,3,50,1,1,2,13:50,7,3,9
2023461291335,2023,461291335,1,1,1,2,41,7,3,0,0,0,0,0,9,2,E01023973,3,1,0.0,1.0,-1,6,50,1,1,1,07:56,5,3,9
2023231297688,2023,231297688,1,1,1,1,43,7,3,0,0,0,0,0,5,9,E01031328,3,1,0.0,1.0,-1,6,50,1,1,1,13:00,5,2,5
2023061349065,2023,061349065,1,1,3,1,63,9,3,5,4,0,0,0,0,2,E01005288,3,1,0.0,1.0,-1,6,20,1,1,1,18:45,2,1,9
2023041366096,2023,041366096,1,1,3,2,11,3,3,8,1,0,0,0,0,8,E01025420,3,1,0.0,1.0,-1,6,30,1,1,1,08:30,5,1,9
2023101295590,2023,101295590,1,1,3,2,31,6,2,5,3,0,0,0,0,1,E01008382,6,1,1.0,0.0,-1,6,20,1,4,1,23:00,5,1,1
2023010426075,2023,010426075,1,1,1,1,30,6,3,0,0,0,0,0,3,1,E01002038,-1,0,0.0,1.0,-1,9,20,1,4,1,18:00,7,2,3
2023010458758,2023,010458758,2,1,1,1,20,4,3,0,0,0,0,0,1,5,E01004307,-1,0,0.0,1.0,-1,6,20,1,1,1,19:38,5,2,1
2023010468406,2023,010468406,1,1,1,1,26,6,3,0,0,0,0,0,3,7,E01003395,-1,0,0.0,1.0,-1,9,30,9,1,9,12:01,3,2,3
2023401380358,2023,401380358,1,1,1,1,-1,-1,3,0,0,0,0,0,3,-1,-1,3,1,0.0,1.0,-1,6,20,1,4,1,18:25,6,2,3
2023201278754,2023,201278754,1,1,1,1,30,6,2,0,0,0,0,0,3,1,E01009311,6,1,1.0,0.0,-1,6,30,1,1,1,13:04,6,2,3
2023421373346,2023,421373346,1,1,3,1,64,9,2,1,3,0,0,0,0,8,E01021719,5,1,1.0,0.0,-1,6,30,1,4,1,21:03,6,1,9
2023471368715,2023,471368715,2,2,1,1,21,5,2,0,0,0,0,0,9,7,E01024572,7,1,1.0,0.0,-1,6,60,2,6,2,19:20,2,4,9
2023552301435,2023,552301435,2,2,2,1,83,11,3,0,0,1,0,0,9,9,E01015432,-1,0,0.094,0.906,-1,6,30,1,1,1,13:00,3,3,9
2023531386944,2023,531386944,1,1,1,2,37,7,2,0,0,0,0,0,97,2,E01022164,6,1,1.0,0.0,-1,1,40,1,4,1,16:30,1,1,97
2023461265816,2023,461265816,1,1,3,2,66,10,2,10,9,0,0,0,0,7,E01024203,5,1,1.0,0.0,-1,6,30,1,1,1,14:00,2,1,9
2023401369060,2023,401369060,3,2,1,2,33,6,3,0,0,0,0,0,9,6,E01003273,3,1,0.0,1.0,-1,3,60,1,7,1,20:17,1,5,9
2023421293773,2023,421293773,2,1,1,1,26,6,3,0,0,0,0,0,9,-1,-1,3,1,0.0,1.0,-1,3,70,1,4,2,00:36,4,2,9
2023421323765,2023,421323765,1,1,1,1,28,6,3,0,0,0,0,0,9,3,E01003637,3,1,0.0,1.0,-1,6,40,1,1,1,16:36,2,2,9
2023101363223,2023,101363223,1,1,2,2,84,11,3,0,0,0,4,0,11,7,E01008320,3,1,0.0,1.0,-1,6,30,1,1,1,09:48,6,1,11
2023991318285,2023,991318285,1,1,3,2,4,1,2,8,1,0,0,2,0,-1,-1,6,1,1.0,0.0,-1,6,30,1,1,1,18:37,3,1,9
2023461389968,2023,461389968,1,1,1,1,78,11,2,0,0,0,0,0,9,9,E01024112,5,1,1.0,0.0,-1,6,40,1,6,2,17:39,4,2,9
2023531282171,2023,531282171,1,1,1,1,23,5,2,0,0,0,0,0,9,2,E01015791,5,1,1.0,0.0,-1,6,60,1,6,1,05:00,5,3,9
202363D023623,2023,63D023623,2,1,2,1,20,4,3,0,0,0,0,0,10,5,W01001941,-1,0,0.06356,0.93644,-1,6,60,1,1,1,15:38,2,2,10
2023161290674,2023,161290674,2,2,1,2,52,8,3,0,0,0,0,0,9,7,E01013248,3,1,0.0,1.0,-1,6,50,1,1,1,12:40,7,2,9
2023361314328,2023,361314328,2,1,1,1,60,9,3,0,0,0,0,0,9,6,E01026863,3,1,0.0,1.0,-1,6,30,1,1,1,17:30,6,2,9
2023411312738,2023,411312738,1,1,2,2,11,3,3,0,0,1,0,0,9,5,E01023761,3,1,0.0,1.0,-1,6,30,1,1,1,13:36,1,2,9
2023440118730,2023,440118730,1,1,1,2,56,9,3,0,0,0,0,0,9,8,E01023149,-1,0,0.10875,0.89125,-1,6,30,1,1,1,11:10,7,1,9
2023131314801,2023,131314801,2,1,1,1,22,5,2,0,0,0,0,0,1,7,E01011442,7,1,1.0,0.0,-1,6,30,1,1,1,17:05,5,2,1
2023421330436,2023,421330436,2,1,1,2,20,4,3,0,0,0,0,0,1,5,E01015926,3,1,0.0,1.0,-1,6,30,1,1,1,18:20,6,2,1
2023547703023,2023,547703023,2,1,1,1,42,7,3,0,0,0,0,0,9,7,E01015493,-1,0,0.00291,0.99709,-1,6,30,1,1,1,08:45,5,2,9
2023010460071,2023,010460071,1,1,1,1,38,7,3,0,0,0,0,0,19,1,E01004710,-1,0,0.0,1.0,-1,3,20,1,1,1,12:09,6,2,19
2023131326873,2023,131326873,1,1,1,2,45,7,3,0,0,0,0,0,9,8,E01011413,3,1,0.0,1.0,-1,6,40,1,1,1,09:15,6,2,9
2023332301228,2023,332301228,1,1,1,2,60,9,3,0,0,0,0,0,9,8,E01025771,-1,0,0.06722,0.93278,-1,6,50,1,1,2,17:25,4,3,9
2023411293107,2023,411293107,2,1,1,1,70,10,3,0,0,0,0,0,9,10,E01022931,3,1,0.0,1.0,-1,3,70,1,1,1,09:45,4,2,9
2023231331343,2023,231331343,1,1,3,1,45,7,2,9,5,0,0,1,0,1,E01032889,7,1,1.0,0.0,-1,6,50,1,1,1,08:37,2,1,9
2023430095741,2023,430095741,1,1,3,1,32,6,2,6,9,0,0,0,0,5,E01016838,-1,0,1.0,0.0,-1,3,40,1,7,1,21:42,5,1,9
2023522300575,2023,522300575,1,1,3,2,50,8,3,9,9,0,0,0,0,4,E01014924,-1,0,0.11865,0.88135,-1,6,20,1,1,1,15:54,5,1,19
2023141390280,2023,141390280,1,1,1,1,49,8,2,0,0,0,0,0,1,-1,-1,7,1,1.0,0.0,-1,6,30,1,1,1,10:42,1,2,1
2023161348388,2023,161348388,2,1,1,1,64,9,3,0,0,0,0,0,9,4,E01026045,3,1,0.0,1.0,-1,3,30,1,1,1,11:49,2,2,9
2023421284596,2023,421284596,2,1,1,2,27,6,3,0,0,0,0,0,9,10,E01030726,3,1,0.0,1.0,-1,7,70,1,4,1,21:30,7,2,9
2023302301899,2023,302301899,2,1,1,1,14,3,3,0,0,0,0,0,1,4,E01013500,-1,0,0.09504,0.90496,-1,6,30,1,1,2,15:45,4,3,1
2023471316875,2023,471316875,2,1,1,2,41,7,2,0,0,0,0,0,1,2,E01016969,7,1,1.0,0.0,-1,6,30,1,1,1,13:50,6,2,1
2023201293180,2023,201293180,1,1,1,1,65,9,3,0,0,0,0,0,9,10,E01010388,3,1,0.0,1.0,-1,3,30,3,1,3,07:00,6,2,9
2023201398260,2023,201398260,2,2,1,2,27,6,3,0,0,0,0,0,9,8,E01009425,3,1,0.0,1.0,-1,3,30,1,1,1,16:33,1,2,9
2023421414211,2023,421414211,2,1,1,1,49,8,3,0,0,0,0,0,9,8,E01021634,3,1,0.0,1.0,-1,6,30,1,4,1,21:31,1,2,9
2023031261276,2023,031261276,1,1,1,2,55,8,3,0,0,0,0,0,9,-1,-1,3,1,0.0,1.0,-1,6,30,1,4,2,19:10,2,2,9
2023361302305,2023,361302305,1,1,1,2,65,9,3,0,0,0,0,0,9,3,E01026786,3,1,0.0,1.0,-1,6,50,1,1,1,08:17,5,2,9
2023421361980,2023,421361980,1,1,1,1,39,7,3,0,0,0,0,0,9,6,E01021542,3,1,0.0,1.0,-1,3,70,1,4,1,06:02,5,4,9
2023451370836,2023,451370836,2,1,1,1,62,9,3,0,0,0,0,0,9,10,E01030543,3,1,0.0,1.0,-1,6,30,1,6,2,10:11,1,2,9
2023061379178,2023,061379178,1,1,2,1,61,9,3,0,0,0,4,0,11,4,E01006186,3,1,0.0,1.0,-1,6,30,1,1,2,11:48,4,1,11
2023201416053,2023,201416053,1,1,1,1,28,6,3,0,0,0,0,0,9,-1,-1,3,1,0.0,1.0,-1,6,30,1,4,1,02:49,1,2,9
2023411316662,2023,411316662,2,1,1,1,90,11,3,0,0,0,0,0,9,5,E01023630,3,1,0.0,1.0,-1,3,70,1,1,1,12:45,1,2,9
2023461335574,2023,461335574,2,1,1,2,46,8,3,0,0,0,0,0,9,4,E01024262,3,1,0.0,1.0,-1,3,40,1,1,1,17:10,4,2,9
2023421344475,2023,421344475,1,1,1,1,45,7,3,0,0,0,0,0,19,4,E01022040,3,1,0.0,1.0,-1,6,60,1,1,1,17:00,3,2,19
2023010420574,2023,010420574,1,1,1,1,61,9,3,0,0,0,0,0,9,10,E01003835,-1,0,0.0,1.0,-1,6,30,2,5,2,15:00,1,2,9
2023010467815,2023,010467815,1,1,1,1,37,7,3,0,0,0,0,0,9,6,E01000575,-1,0,0.0,1.0,-1,3,20,9,1,1,13:30,7,2,9
2023501312669,2023,501312669,1,1,1,2,32,6,2,0,0,0,0,0,9,5,E01015215,7,1,1.0,0.0,-1,3,40,1,4,1,22:04,7,2,9
2023131320899,2023,131320899,1,1,2,2,26,6,3,0,0,1,0,0,9,1,E01011473,3,1,0.0,1.0,-1,3,30,2,1,2,13:50,3,3,9
2023201382006,2023,201382006,1,2,2,1,17,4,3,0,0,0,0,0,9,1,E01009053,3,1,0.0,1.0,-1,6,30,2,1,2,19:59,2,2,9
2023010444735,2023,010444735,1,1,2,1,17,4,2,0,0,0,0,0,97,2,E01002032,-1,0,1.0,0.0,-1,6,20,1,4,1,00:20,4,1,97
2023041319721,2023,041319721,2,1,1,1,54,8,3,0,0,0,0,0,1,7,E01025279,3,1,0.0,1.0,-1,6,60,8,1,1,19:50,3,2,1
2023010446760,2023,010446760,1,1,1,1,28,6,3,0,0,0,0,0,3,5,E01003260,-1,0,0.0,1.0,-1,2,30,1,1,1,05:12,6,2,3
2023430096016,2023,430096016,1,1,1,1,29,6,3,0,0,0,0,0,3,5,E01016369,-1,0,0.03775,0.96225,-1,6,30,1,1,1,14:05,5,2,3
2023622300573,2023,622300573,1,1,3,1,10,2,2,5,1,0,0,0,0,2,W01001192,-1,0,1.0,0.0,-1,6,30,1,1,1,17:21,4,1,9
2023211338753,2023,211338753,2,1,1,2,31,6,3,0,0,0,0,0,9,-1,-1,3,1,0.0,1.0,-1,7,40,1,1,1,12:06,3,2,9
2023340WN1252,2023,340WN1252,2,1,1,1,46,8,3,0,0,0,0,0,9,-1,-1,-1,0,0.02828,0.97172,-1,6,30,1,1,1,14:29,3,2,9
2023361356250,2023,361356250,1,1,2,1,18,4,3,0,0,1,0,0,9,4,E01026743,3,1,0.0,1.0,-1,6,60,1,6,1,22:57,2,1,9
2023622300401,2023,622300401,2,2,1,1,66,10,3,0,0,0,0,0,9,3,W01000925,-1,0,0.05351,0.94649,-1,6,30,1,4,1,00:32,1,2,9
2023131348093,2023,131348093,1,1,1,2,50,8,2,0,0,0,0,0,9,3,E01010670,6,1,1.0,0.0,-1,6,30,1,1,1,14:07,6,2,9
2023991365575,2023,991365575,1,1,1,1,49,8,1,0,0,0,0,0,9,10,-1,1,1,0.0,0.0,-1,6,30,5,1,2,11:38,7,1,9
2023010452564,2023,010452564,1,1,3,1,6,2,2,5,2,0,0,0,0,6,E01004361,-1,0,1.0,0.0,-1,6,20,1,1,1,12:28,7,1,9
2023041304874,2023,041304874,2,1,1,2,62,9,3,0,0,0,0,0,1,1,E01024987,3,1,0.0,1.0,-1,6,30,1,1,1,16:47,3,2,1
2023311315619,2023,311315619,1,1,1,1,12,3,3,0,0,0,0,0,1,3,E01027927,3,1,0.0,1.0,-1,6,30,8,1,1,15:24,3,1,1
2023170H10253,2023,170H10253,1,1,1,1,21,5,3,0,0,0,0,0,9,4,E01012142,-1,0,0.09287,0.90713,-1,3,70,1,1,1,16:31,6,2,9
2023461359832,2023,461359832,2,2,2,2,33,6,3,0,0,1,0,0,9,3,E01016020,3,1,0.0,1.0,-1,3,70,1,1,1,16:25,7,2,9
202363B008623,2023,63B008623,1,2,2,2,40,7,3,0,0,1,0,0,9,6,W01000540,-1,0,0.03185,0.96815,-1,6,30,1,1,2,12:00,1,2,9
2023041333217,2023,041333217,1,1,1,1,9,2,3,0,0,0,0,0,1,2,E01024902,3,1,0.0,1.0,-1,6,30,1,1,1,14:07,3,2,1
2023991328430,2023,991328430,2,1,1,1,22,5,3,0,0,0,0,0,23,-1,-1,3,1,0.0,1.0,-1,6,20,1,4,1,00:38,4,2,23
2023991342841,2023,991342841,1,1,1,1,59,9,2,0,0,0,0,0,3,3,E01012653,7,1,1.0,0.0,-1,6,50,1,1,1,15:00,4,3,3
2023131358050,2023,131358050,2,2,3,1,61,9,2,8,8,0,0,2,0,1,E01011917,6,1,1.0,0.0,-1,6,30,2,1,2,15:26,7,2,9
2023141379115,2023,141379115,1,1,2,2,17,4,3,0,0,1,0,0,9,4,E01007519,3,1,0.0,1.0,-1,3,50,1,1,1,13:40,1,1,9
2023161320917,2023,161320917,1,1,1,1,55,8,3,0,0,0,0,0,9,9,E01013216,3,1,0.0,1.0,-1,6,30,2,1,2,16:15,3,2,9
2023440406119,2023,440406119,1,1,1,2,29,6,3,0,0,0,0,0,9,10,E01022573,-1,0,0.04241,0.95759,-1,6,60,1,6,1,19:37,4,2,9
2023311391941,2023,311391941,1,1,2,1,41,7,3,0,0,1,0,0,20,-1,-1,3,1,0.0,1.0,-1,3,30,2,4,2,04:13,7,1,20
2023010440658,2023,010440658,1,2,3,1,88,11,3,4,3,0,0,0,0,4,E01002762,-1,0,0.0,1.0,-1,2,20,1,1,1,11:15,3,1,9
2023010484287,2023,010484287,1,1,3,2,74,10,1,5,9,0,0,0,0,2,E01004409,-1,0,0.0,0.0,-1,6,20,1,1,1,17:16,6,1,11
2023201356296,2023,201356296,1,1,3,1,-1,-1,2,1,4,0,0,2,0,-1,-1,5,1,1.0,0.0,-1,3,40,1,1,1,07:48,5,2,9
2023430091662,2023,430091662,1,1,3,2,21,5,3,5,3,0,0,0,0,10,E01016640,-1,0,0.02137,0.97863,-1,2,30,1,1,1,17:45,6,1,9
2023010440897,2023,010440897,1,1,2,2,68,10,3,0,0,0,2,0,11,4,E01000609,-1,0,0.0,1.0,-1,6,20,1,1,1,12:39,4,1,11
2023010428370,2023,010428370,1,1,1,2,35,6,3,0,0,0,0,0,9,3,E01010501,-1,0,0.0,1.0,-1,1,20,1,1,9,10:10,2,2,9
2023221393776,2023,221393776,2,1,1,2,34,6,3,0,0,0,0,0,9,5,E01009721,3,1,0.0,1.0,-1,2,30,1,1,1,16:40,7,2,9
2023451376243,2023,451376243,1,2,2,1,33,6,3,0,0,1,0,0,9,6,E01030516,3,1,0.0,1.0,-1,1,30,2,1,2,14:35,7,2,9
2023501324875,2023,501324875,1,1,1,1,19,4,2,0,0,0,0,0,9,3,E01018893,5,1,1.0,0.0,-1,6,60,1,6,1,01:22,1,1,9
2023010426014,2023,010426014,2,1,1,1,41,7,3,0,0,0,0,0,1,7,E01000703,-1,0,0.0,1.0,-1,6,30,1,1,2,08:40,4,2,1
2023131348635,2023,131348635,2,2,1,2,41,7,3,0,0,0,0,0,9,3,E01010657,3,1,0.0,1.0,-1,6,30,2,1,2,17:15,4,2,9
2023211335878,2023,211335878,2,1,2,1,83,11,3,0,0,-1,0,0,9,-1,-1,3,1,0.0,1.0,-1,6,30,1,1,1,10:00,7,3,9
2023221283776,2023,221283776,2,1,1,2,60,9,2,0,0,0,0,0,16,5,E01028955,5,1,1.0,0.0,-1,6,60,1,1,1,11:59,7,2,16
2023010427622,2023,010427622,1,1,1,1,29,6,3,0,0,0,0,0,3,3,E01033421,-1,0,0.0,1.0,-1,3,20,1,4,1,18:45,5,2,3
2023461281602,2023,461281602,2,2,1,1,29,6,3,0,0,0,0,0,90,2,E01023974,3,1,0.0,1.0,-1,6,60,2,1,2,15:36,4,2,90
2023430356676,2023,430356676,1,1,3,2,77,11,3,5,1,0,0,0,0,10,E01016636,-1,0,0.20441,0.79559,-1,6,30,1,1,1,15:22,5,1,9
2023522300517,2023,522300517,1,1,3,1,6,2,2,1,1,0,0,0,0,8,E01029319,-1,0,1.0,0.0,-1,6,20,1,4,1,18:08,7,1,5
2023010432472,2023,010432472,3,1,2,2,41,7,3,0,0,1,0,0,9,3,E01001043,-1,0,0.0,1.0,-1,3,30,1,1,2,08:49,5,5,9
2023311353430,2023,311353430,1,1,1,2,32,6,3,0,0,0,0,0,9,2,E01028319,3,1,0.0,1.0,-1,6,30,1,1,1,14:30,3,2,9
2023421376968,2023,421376968,1,1,1,1,70,10,3,0,0,0,0,0,9,4,E01004215,3,1,0.0,1.0,-1,3,50,1,1,1,10:00,4,1,9
2023531361607,2023,531361607,2,2,1,1,48,8,3,0,0,0,0,0,9,10,E01031948,3,1,0.0,1.0,-1,6,40,1,1,1,07:40,3,2,9
2023548179923,2023,548179923,2,1,1,2,50,8,3,0,0,0,0,0,9,2,E01032093,-1,0,0.00284,0.99716,-1,6,30,1,1,1,14:10,6,2,9
2023340NN9052,2023,340NN9052,2,2,1,1,40,7,1,0,0,0,0,0,21,9,E01023612,-1,0,0.0,0.0,-1,6,60,1,1,2,13:00,4,2,21
2023351287406,2023,351287406,1,1,3,1,48,8,2,5,1,0,0,0,0,9,E01018037,7,1,1.0,0.0,-1,6,30,1,4,2,20:36,6,1,-1
2023010427751,2023,010427751,2,2,2,1,24,5,3,0,0,1,0,0,9,1,E01001554,-1,0,0.0,1.0,-1,3,40,1,4,1,19:00,6,2,9
2023451318796,2023,451318796,2,2,2,2,72,10,3,0,0,1,0,0,9,7,E01031766,3,1,0.0,1.0,-1,3,70,1,1,1,07:55,4,2,9
2023991278989,2023,991278989,1,1,2,2,64,9,3,0,0,1,0,0,9,1,-1,3,1,0.0,1.0,-1,3,70,1,1,1,16:55,3,4,9