collision_index,collision_year,collision_ref_no,vehicle_reference,casualty_reference,casualty_class,sex_of_casualty,age_of_casualty,age_band_of_casualty,casualty_severity,pedestrian_location,pedestrian_movement,car_passenger,bus_or_coach_passenger,pedestrian_road_maintenance_worker,casualty_type,casualty_imd_decile,lsoa_of_casualty,enhanced_casualty_severity,casualty_injury_based,casualty_adjusted_severity_serious,casualty_adjusted_severity_slight,casualty_distance_banding,road_type,speed_limit,weather_conditions,light_conditions,road_surface_conditions,time,day_of_week,number_of_vehicles,vehicle_type
2023991263271,2023,991263271,1,2,2,1,37,7,3,0,0,1,0,0,9,1,-1,3,1,0.0,1.0,-1,6,60,1,1,2,10:25,7,2,9
2023061379303,2023,061379303,2,1,1,-1,52,8,2,0,0,0,0,0,1,6,E01010885,7,1,1.0,0.0,-1,6,20,5,1,2,08:30,4,2,1
2023501317468,2023,501317468,2,1,1,1,57,9,3,0,0,0,0,0,1,3,E01018937,3,1,0.0,1.0,-1,6,30,1,1,1,14:26,1,2,1
2023311366635,2023,311366635,1,1,1,1,16,4,3,0,0,0,0,0,2,-1,-1,3,1,0.0,1.0,-1,6,30,1,4,2,21:50,3,2,2
2023010463040,2023,010463040,1,1,2,2,24,5,3,0,0,0,0,0,5,-1,-1,-1,0,0.0,1.0,-1,3,20,1,1,1,19:00,3,2,5
2023010433115,2023,010433115,1,3,2,-1,-1,-1,3,0,0,2,0,0,9,-1,-1,-1,0,0.0,1.0,-1,1,30,8,1,1,14:40,1,1,9
2023461354629,2023,461354629,2,1,1,1,65,9,3,0,0,0,0,0,9,7,E01023527,3,1,0.0,1.0,-1,6,60,1,1,1,16:18,6,3,9
2023010473941,2023,010473941,2,2,1,1,22,5,3,0,0,0,0,0,9,5,E01004520,-1,0,0.0,1.0,-1,6,30,1,4,1,18:10,3,2,9
2023070664046,2023,070664046,1,1,1,1,82,11,3,0,0,0,0,0,9,9,E01012531,-1,0,0.13794,0.86206,-1,3,50,2,1,2,09:55,7,2,9
2023320308744,2023,320308744,1,1,1,2,80,11,3,0,0,0,0,0,9,8,E01026269,-1,0,0.04889,0.95111,-1,6,30,1,1,1,13:00,1,1,9
2023411354844,2023,411354844,2,1,1,2,43,7,3,0,0,0,0,0,9,5,E01000255,3,1,0.0,1.0,-1,6,40,1,1,-1,16:11,5,2,9
2023421264609,2023,421264609,2,2,1,1,44,7,3,0,0,0,0,0,9,9,E01021973,3,1,0.0,1.0,-1,6,60,1,1,4,08:57,3,2,9
2023991382938,2023,991382938,1,2,2,2,15,3,3,0,0,0,4,0,11,8,-1,3,1,0.0,1.0,-1,6,60,1,1,4,10:25,3,2,11
2023440193189,2023,440193189,2,1,1,1,58,9,2,0,0,0,0,0,1,10,E01023092,-1,0,1.0,0.0,-1,6,30,1,1,1,05:40,3,2,1
2023101358677,2023,101358677,2,1,1,2,28,6,3,0,0,0,0,0,9,-1,-1,3,1,0.0,1.0,-1,3,40,2,4,2,18:55,7,2,9
2023201362911,2023,201362911,1,1,1,1,38,7,3,0,0,0,0,0,9,2,E01009508,3,1,0.0,1.0,-1,6,30,8,5,1,23:11,2,2,9
2023401337245,2023,401337245,3,3,2,2,4,1,3,0,0,2,0,0,9,8,E01000967,3,1,0.0,1.0,-1,3,70,2,1,2,16:39,6,3,9
2023451284569,2023,451284569,2,1,1,2,36,7,3,0,0,0,0,0,9,8,E01030666,3,1,0.0,1.0,-1,6,30,8,1,2,08:30,4,3,9
2023170H10643,2023,170H10643,1,1,1,1,46,8,3,0,0,0,0,0,1,3,E01011987,-1,0,0.1387,0.8613,-1,6,30,2,1,2,05:30,3,2,1
2023451349856,2023,451349856,1,1,1,1,30,6,3,0,0,0,0,0,1,10,E01030754,3,1,0.0,1.0,-1,6,30,1,1,1,07:19,4,2,1
2023401300784,2023,401300784,2,1,1,1,42,7,3,0,0,0,0,0,3,1,E01015773,3,1,0.0,1.0,-1,3,70,1,1,1,08:30,4,2,3
2023101357386,2023,101357386,2,1,2,1,17,4,3,0,0,2,0,0,8,1,E01008325,3,1,0.0,1.0,-1,7,30,1,1,1,19:00,4,2,8
2023041352106,2023,041352106,1,1,1,1,22,5,3,0,0,0,0,0,9,1,E01025068,3,1,0.0,1.0,-1,6,30,1,1,1,08:45,4,3,9
2023061328027,2023,061328027,2,1,1,1,34,6,3,0,0,0,0,0,9,-1,-1,3,1,0.0,1.0,-1,3,70,1,1,1,09:12,2,3,9
2023430245885,2023,430245885,1,1,1,1,26,6,3,0,0,0,0,0,9,3,E01002526,-1,0,0.00783,0.99217,-1,6,60,1,1,1,17:55,1,2,9
2023061331498,2023,061331498,1,2,3,1,-1,-1,3,10,9,0,0,2,0,-1,-1,3,1,0.0,1.0,-1,6,30,1,1,1,18:15,7,1,8
2023531387895,2023,531387895,1,1,3,2,12,3,3,4,3,0,0,0,0,9,E01022429,3,1,0.0,1.0,-1,6,30,1,1,1,15:32,4,1,9
2023010441147,2023,010441147,1,1,1,1,31,6,3,0,0,0,0,0,1,2,E01003911,-1,0,0.0,1.0,-1,6,20,1,4,1,21:25,4,2,1
2023302301396,2023,302301396,2,1,1,1,57,9,3,0,0,0,0,0,5,8,E01029562,-1,0,0.14203,0.85797,-1,6,30,1,1,1,13:20,7,2,5
2023041360682,2023,041360682,1,1,1,2,20,4,2,0,0,0,0,0,9,1,E01024906,7,1,1.0,0.0,-1,6,30,5,4,2,22:30,6,1,9
2023122300178,2023,122300178,1,1,1,2,64,9,2,0,0,0,0,0,9,1,E01007634,-1,0,1.0,0.0,-1,6,40,1,1,2,11:10,6,2,9
2023991280908,2023,991280908,1,1,1,1,17,4,3,0,0,0,0,0,9,7,-1,3,1,0.0,1.0,-1,6,60,1,6,1,18:00,7,1,9
2023991361378,2023,991361378,1,2,1,1,72,10,2,0,0,0,0,0,9,-1,-1,6,1,1.0,0.0,-1,6,60,1,1,1,14:00,6,2,9
2023010453548,2023,010453548,1,1,2,1,52,8,3,0,0,0,4,0,11,1,E01002736,-1,0,0.0,1.0,-1,3,20,1,1,1,12:30,5,1,11
2023010461595,2023,010461595,1,1,2,1,10,2,3,0,0,2,0,0,9,8,E01024184,-1,0,0.0,1.0,-1,3,50,1,1,1,14:01,1,1,9
2023010467841,2023,010467841,1,1,1,1,56,9,3,0,0,0,0,0,9,6,E01027648,-1,0,0.0,1.0,-1,9,30,1,1,1,16:55,7,2,9
2023501267996,2023,501267996,2,2,1,2,17,4,3,0,0,0,0,0,9,8,E01020260,3,1,0.0,1.0,-1,6,60,1,1,2,10:12,4,2,9
2023201380914,2023,201380914,1,1,1,2,76,11,3,0,0,0,0,0,9,2,E01010476,3,1,0.0,1.0,-1,6,30,1,1,1,12:55,3,2,9
2023201363877,2023,201363877,1,1,1,2,37,7,3,0,0,0,0,0,9,10,E01010156,3,1,0.0,1.0,-1,3,70,2,1,2,19:11,5,2,9
2023520300990,2023,520300990,1,1,1,1,30,6,2,0,0,0,0,0,9,6,E01014769,-1,0,1.0,0.0,-1,6,60,1,6,2,18:43,6,2,9
2023131352800,2023,131352800,1,1,3,1,14,3,3,5,4,0,0,2,0,8,E01011219,3,1,0.0,1.0,-1,6,30,1,1,1,15:05,4,1,9
2023991438497,2023,991438497,1,1,3,1,46,8,2,9,8,0,0,2,0,-1,-1,6,1,1.0,0.0,-1,6,20,2,4,2,22:55,6,1,9
2023052301104,2023,052301104,2,1,1,1,12,3,3,0,0,0,0,0,1,6,E01006578,-1,0,0.04676,0.95324,-1,6,30,2,1,2,16:15,5,2,1
2023101355126,2023,101355126,1,1,1,1,51,8,3,0,0,0,0,0,9,1,E01008391,3,1,0.0,1.0,-1,6,30,1,4,1,00:34,6,2,9
2023161356180,2023,161356180,1,1,1,1,52,8,3,0,0,0,0,0,9,3,E01012795,3,1,0.0,1.0,-1,3,30,1,1,1,14:30,2,2,9
2023221311254,2023,221311254,1,1,1,1,20,4,3,0,0,0,0,0,9,8,E01032287,3,1,0.0,1.0,-1,3,50,1,1,1,12:35,4,2,9
2023421350695,2023,421350695,1,1,1,1,93,11,2,0,0,0,0,0,9,8,E01021533,6,1,1.0,0.0,-1,6,50,1,1,1,10:00,7,2,9
2023122300387,2023,122300387,3,2,2,2,74,10,3,0,0,1,0,0,9,9,E01025377,-1,0,0.02462,0.97538,-1,6,30,1,1,1,16:47,3,3,9
2023320464996,2023,320464996,2,1,1,2,31,6,3,0,0,0,0,0,9,6,E01026251,-1,0,0.01227,0.98773,-1,6,30,1,1,1,17:30,5,3,9
2023361328782,2023,361328782,2,1,1,1,60,9,2,0,0,0,0,0,9,6,E01018045,7,1,1.0,0.0,-1,6,60,2,1,2,17:10,4,3,9
2023440384456,2023,440384456,1,1,2,2,31,6,3,0,0,1,0,0,9,4,E01016391,-1,0,0.02329,0.97671,-1,6,50,5,1,2,15:05,4,2,9
2023622300636,2023,622300636,2,3,2,2,18,4,3,0,0,1,0,0,9,2,W01001691,-1,0,0.0151,0.9849,-1,3,30,2,6,2,20:26,1,2,9
2023010455905,2023,010455905,1,1,3,2,14,3,3,1,1,0,0,0,0,8,E01003470,-1,0,0.0,1.0,-1,6,20,8,1,1,15:00,3,1,9
2023161311906,2023,161311906,2,1,1,1,25,5,2,0,0,0,0,0,1,7,E01013256,7,1,1.0,0.0,-1,6,30,1,1,1,17:24,4,2,1
2023201317897,2023,201317897,2,1,1,1,46,8,3,0,0,0,0,0,1,2,E01009395,3,1,0.0,1.0,-1,6,30,1,1,1,16:50,4,2,1
2023010422669,2023,010422669,1,1,1,1,37,7,3,0,0,0,0,0,8,3,E01004262,-1,0,0.0,1.0,-1,2,20,8,4,2,00:22,7,2,8
2023131383384,2023,131383384,1,2,2,2,81,11,2,0,0,1,0,0,9,7,E01010918,7,1,1.0,0.0,-1,6,30,1,1,2,11:05,4,2,9
2023201389994,2023,201389994,1,1,1,2,57,9,3,0,0,0,0,0,9,2,E01009064,3,1,0.0,1.0,-1,3,40,2,4,2,18:39,2,3,9
2023211274453,2023,211274453,2,1,1,2,34,6,3,0,0,0,0,0,9,9,E01029718,3,1,0.0,1.0,-1,1,30,1,1,1,14:04,5,2,9
2023010462413,2023,010462413,2,1,1,1,36,7,3,0,0,0,0,0,-1,2,E01001971,-1,0,0.0,1.0,-1,2,30,1,4,1,20:47,3,2,-1
2023461301202,2023,461301202,1,1,1,1,28,6,3,0,0,0,0,0,97,10,E01024765,3,1,0.0,1.0,-1,6,60,2,1,2,12:50,1,2,97
2023041343213,2023,041343213,1,1,1,1,-1,-1,3,0,0,0,0,0,1,-1,-1,3,1,0.0,1.0,-1,6,30,1,1,1,17:00,3,2,1
2023440516590,2023,440516590,1,1,1,1,14,3,3,0,0,0,0,0,1,5,E01022579,-1,0,0.12975,0.87025,-1,6,30,1,7,1,21:52,2,2,1
2023010444054,2023,010444054,1,2,2,2,41,7,3,0,0,9,0,0,8,10,E01030369,-1,0,0.0,1.0,-1,3,50,9,7,9,23:30,6,2,8
2023131323722,2023,131323722,1,1,1,1,57,9,3,0,0,0,0,0,9,9,E01027919,3,1,0.0,1.0,-1,6,40,1,1,1,15:25,4,2,9
2023131371832,2023,131371832,2,1,1,1,19,4,3,0,0,0,0,0,9,3,E01010597,3,1,0.0,1.0,-1,6,30,2,4,2,19:52,3,2,9
2023201388147,2023,201388147,2,2,2,2,47,8,3,0,0,1,0,0,9,1,E01010282,3,1,0.0,1.0,-1,3,30,1,1,1,08:55,6,3,9
2023371376358,2023,371376358,1,1,2,2,18,4,2,0,0,1,0,0,9,6,E01026900,7,1,1.0,0.0,-1,3,40,1,4,2,21:22,7,1,9
2023421293982,2023,421293982,2,1,1,2,41,7,3,0,0,0,0,0,9,-1,-1,3,1,0.0,1.0,-1,1,30,9,4,1,18:45,3,2,9
2023421308710,2023,421308710,2,1,1,1,53,8,3,0,0,0,0,0,9,10,E01021693,3,1,0.0,1.0,-1,6,30,1,1,1,08:40,6,2,9
2023161355871,2023,161355871,1,1,1,1,40,7,3,0,0,0,0,0,19,1,E01012905,3,1,0.0,1.0,-1,6,30,1,4,1,20:58,1,4,19
2023211361243,2023,211361243,1,1,3,2,30,6,3,5,4,0,0,0,0,1,E01014254,3,1,0.0,1.0,-1,6,30,2,1,2,13:21,2,1,9
2023440421304,2023,440421304,1,1,3,1,14,3,3,6,9,0,0,0,0,7,E01023046,-1,0,0.07043,0.92957,-1,6,30,1,1,1,15:20,7,1,19
2023131301246,2023,131301246,2,2,2,2,24,5,3,0,0,1,0,0,9,3,E01007490,3,1,0.0,1.0,-1,6,30,1,1,1,12:40,7,2,9
2023201380451,2023,201380451,2,1,1,1,33,6,3,0,0,0,0,0,9,2,E01009642,3,1,0.0,1.0,-1,3,40,1,4,1,19:30,6,2,9
2023351359254,2023,351359254,2,4,2,1,-1,-1,3,0,0,2,0,0,9,-1,-1,3,1,0.0,1.0,-1,6,60,1,1,1,15:45,1,2,9
2023501356670,2023,501356670,2,2,1,2,22,5,3,0,0,0,0,0,9,4,E01015069,3,1,0.0,1.0,-1,3,70,1,1,1,13:55,7,2,9
2023991361722,2023,991361722,2,1,1,2,43,7,3,0,0,0,0,0,9,3,-1,3,1,0.0,1.0,-1,6,30,4,1,1,13:25,3,2,9
2023010469700,2023,010469700,1,1,3,1,52,8,3,5,2,0,0,0,0,2,E01001464,-1,0,0.0,1.0,-1,3,20,1,1,1,13:53,3,1,8
2023041356576,2023,041356576,2,1,1,1,40,7,2,0,0,0,0,0,1,5,E01024954,7,1,1.0,0.0,-1,6,30,2,7,2,14:08,2,2,1
2023131344696,2023,131344696,2,1,1,1,27,6,3,0,0,0,0,0,1,4,E01011644,3,1,0.0,1.0,-1,6,30,2,4,2,21:55,1,2,1
2023010433187,2023,010433187,1,1,1,1,26,6,3,0,0,0,0,0,3,2,E01003499,-1,0,0.0,1.0,-1,6,20,1,1,1,18:00,1,2,3
2023122300808,2023,122300808,1,1,3,1,8,2,3,5,1,0,0,0,0,2,E01027825,-1,0,0.07092,0.92908,-1,6,30,1,1,1,18:53,1,1,9
2023332300731,2023,332300731,3,1,1,1,48,8,2,0,0,0,0,0,1,10,E01025632,-1,0,1.0,0.0,-1,6,50,1,1,1,11:00,1,3,1
2023211362693,2023,211362693,2,1,1,1,63,9,3,0,0,0,0,0,9,-1,-1,3,1,0.0,1.0,-1,3,70,1,6,1,19:45,6,3,9
2023311311376,2023,311311376,1,1,3,1,90,11,3,10,9,0,0,2,0,5,E01013831,3,1,0.0,1.0,-1,6,30,1,1,1,14:35,4,1,11
2023041286761,2023,041286761,2,2,2,1,35,6,2,0,0,1,0,0,9,1,E01012638,6,1,1.0,0.0,-1,1,30,1,1,2,15:02,3,2,9
2023061259725,2023,061259725,3,2,1,1,39,7,3,0,0,0,0,0,9,2,E01005949,3,1,0.0,1.0,-1,6,30,2,4,2,18:50,4,4,9
2023320260641,2023,320260641,2,1,1,1,38,7,3,0,0,0,0,0,9,2,E01026172,-1,0,0.02989,0.97011,-1,6,30,1,1,1,16:30,1,2,9
2023351308914,2023,351308914,1,1,1,2,82,11,3,0,0,0,0,0,9,6,E01015617,3,1,0.0,1.0,-1,6,60,1,1,1,11:25,3,2,9
2023371325465,2023,371325465,1,1,1,2,43,7,3,0,0,0,0,0,9,5,E01030185,3,1,0.0,1.0,-1,3,30,1,1,1,18:54,7,2,9
2023461369283,2023,461369283,2,1,1,1,19,4,3,0,0,0,0,0,9,8,E01024015,3,1,0.0,1.0,-1,6,60,2,1,2,14:20,7,2,9
2023010452704,2023,010452704,1,1,3,1,29,6,3,10,9,0,0,0,0,4,E01001321,-1,0,0.0,1.0,-1,6,20,1,4,1,00:50,1,1,9
2023041314730,2023,041314730,1,1,3,1,27,6,3,9,7,0,0,0,0,6,E01025330,3,1,0.0,1.0,-1,6,60,1,1,1,14:05,1,1,9
2023221267743,2023,221267743,1,1,1,2,78,11,3,0,0,0,0,0,9,7,E01032122,3,1,0.0,1.0,-1,6,30,1,1,4,10:22,3,2,9
2023231301142,2023,231301142,1,1,1,2,19,4,3,0,0,0,0,0,9,4,E01031052,3,1,0.0,1.0,-1,6,30,1,4,1,03:08,7,1,9
2023531282033,2023,531282033,1,1,1,1,19,4,3,0,0,0,0,0,9,9,E01022174,3,1,0.0,1.0,-1,6,60,1,6,2,20:50,4,1,9
2023371355954,2023,371355954,1,1,3,1,12,3,3,5,2,0,0,0,0,3,E01029954,3,1,0.0,1.0,-1,6,30,1,1,1,16:08,5,2,9
2023010459360,2023,010459360,1,1,1,1,36,7,3,0,0,0,0,0,9,6,E01004218,-1,0,0.0,1.0,-1,6,20,1,1,1,15:25,2,2,9
2023201339220,2023,201339220,1,1,2,2,23,5,3,0,0,1,0,0,9,-1,-1,3,1,0.0,1.0,-1,6,30,1,1,1,17:57,2,3,9
2023531389336,2023,531389336,2,1,1,2,59,9,3,0,0,0,0,0,9,10,E01022317,3,1,0.0,1.0,-1,1,30,1,4,1,16:30,7,2,9
2023010451435,2023,010451435,1,2,2,2,60,9,3,0,0,0,4,0,11,3,E01000531,-1,0,0.0,1.0,-1,6,30,1,4,1,21:41,1,2,11
2023531330208,2023,531330208,1,1,1,1,15,3,3,0,0,0,0,0,1,2,E01022285,3,1,0.0,1.0,-1,6,30,1,1,1,13:35,2,2,1
2023131393135,2023,131393135,2,2,1,1,78,11,3,0,0,0,0,0,9,9,E01010913,3,1,0.0,1.0,-1,6,50,5,1,2,15:34,5,2,9
2023131378297,2023,131378297,1,1,1,1,32,6,2,0,0,0,0,0,9,6,E01022053,7,1,1.0,0.0,-1,6,40,4,4,1,00:29,6,1,9
2023421338328,2023,421338328,1,1,1,2,60,9,3,0,0,0,0,0,9,6,E01021380,3,1,0.0,1.0,-1,6,60,8,6,2,23:16,6,1,9
2023440139783,2023,440139783,1,2,1,1,79,11,3,0,0,0,0,0,9,8,E01022918,-1,0,0.10788,0.89212,-1,6,40,1,1,1,16:14,1,2,9
2023440345683,2023,440345683,1,1,1,1,20,4,3,0,0,0,0,0,9,9,E01023062,-1,0,0.00587,0.99413,-1,6,40,1,1,1,17:55,3,2,9
2023052300358,2023,052300358,1,1,3,1,23,5,3,5,9,0,0,0,0,8,E01007103,-1,0,0.08517,0.91483,-1,6,30,1,4,1,17:50,3,1,8
2023061343773,2023,061343773,1,1,3,1,42,7,3,9,5,0,0,0,0,5,E01011147,3,1,0.0,1.0,-1,6,30,1,1,2,16:30,4,1,19
2023010455219,2023,010455219,2,1,1,1,70,10,2,0,0,0,0,0,1,6,E01004107,-1,0,1.0,0.0,-1,1,30,2,1,2,13:37,6,2,1
2023010486712,2023,010486712,1,1,1,2,58,9,3,0,0,0,0,0,1,1,E01004722,-1,0,0.0,1.0,-1,9,40,9,1,1,14:10,6,2,1
2023231330831,2023,231330831,2,1,1,1,43,7,2,0,0,0,0,0,1,5,E01009716,5,1,1.0,0.0,-1,3,40,1,4,2,00:12,4,2,1
2023041332443,2023,041332443,2,2,1,1,33,6,3,0,0,0,0,0,9,5,E01012645,3,1,0.0,1.0,-1,6,30,2,1,2,12:55,1,2,9
2023332301215,2023,332301215,1,1,1,1,35,6,3,0,0,0,0,0,9,10,E01025649,-1,0,0.02607,0.97393,-1,6,50,2,1,2,11:21,5,2,9
2023061336988,2023,061336988,2,1,1,1,34,6,3,0,0,0,0,0,1,10,E01006193,3,1,0.0,1.0,-1,6,30,1,1,1,07:15,6,2,1
2023111379347,2023,111379347,1,1,1,1,30,6,3,0,0,0,0,0,9,-1,-1,3,1,0.0,1.0,-1,6,30,1,1,1,09:40,4,2,9
2023461349690,2023,461349690,1,1,1,1,17,4,3,0,0,0,0,0,9,9,E01000807,3,1,0.0,1.0,-1,6,30,1,1,1,18:29,2,3,9
2023010464248,2023,010464248,1,1,1,2,52,8,3,0,0,0,0,0,9,5,E01003692,-1,0,0.0,1.0,-1,1,30,1,1,1,15:40,3,2,9
2023332300073,2023,332300073,1,1,1,2,54,8,3,0,0,0,0,0,9,8,E01025853,-1,0,0.00661,0.99339,-1,6,30,1,1,2,12:00,3,2,9
2023351284082,2023,351284082,2,2,1,1,56,9,3,0,0,0,0,0,9,7,E01018011,3,1,0.0,1.0,-1,6,60,1,6,1,18:40,5,2,9
2023351378365,2023,351378365,2,2,2,2,17,4,3,0,0,1,0,0,9,9,E01018137,3,1,0.0,1.0,-1,6,30,1,1,1,12:34,2,3,9
2023991340400,2023,991340400,1,1,1,1,22,5,2,0,0,0,0,0,9,1,-1,6,1,1.0,0.0,-1,6,30,1,1,1,13:30,5,2,9
2023010430703,2023,010430703,2,1,1,1,31,6,3,0,0,0,0,0,1,4,E01003166,-1,0,0.0,1.0,-1,3,20,1,1,1,15:41,2,2,1
2023351389646,2023,351389646,2,1,1,2,14,3,3,0,0,0,0,0,1,10,E01017986,3,1,0.0,1.0,-1,6,30,1,4,-1,16:30,6,2,1
2023332301053,2023,332301053,2,9,2,2,66,10,3,0,0,2,0,0,9,3,E01001488,-1,0,0.04992,0.95008,-1,1,50,1,4,2,00:49,6,2,9
2023010456946,2023,010456946,1,1,3,2,29,6,3,6,9,0,0,0,0,2,E01002633,-1,0,0.0,1.0,-1,7,20,1,1,1,09:30,2,1,9
2023461376000,2023,461376000,1,1,3,2,18,4,2,10,9,0,0,0,0,2,E01024081,7,1,1.0,0.0,-1,6,30,1,1,1,09:00,4,1,19
2023522301047,2023,522301047,1,1,3,1,62,9,2,10,9,0,0,0,0,7,E01029149,-1,0,1.0,0.0,-1,6,30,9,1,1,12:05,6,2,9
2023340WN1742,2023,340WN1742,2,2,2,1,30,6,3,0,0,1,0,0,9,-1,-1,-1,0,0.0191,0.9809,-1,3,70,1,1,1,09:25,4,2,9
2023411339396,2023,411339396,2,1,2,2,53,8,3,0,0,2,0,0,9,8,E01000270,3,1,0.0,1.0,-1,1,40,1,1,1,14:25,5,2,9
2023471283882,2023,471283882,1,1,1,1,21,5,2,0,0,0,0,0,9,1,E01016908,7,1,1.0,0.0,-1,6,50,2,1,2,08:07,3,1,9
2023522301791,2023,522301791,1,1,1,2,44,7,3,0,0,0,0,0,1,3,E01014976,-1,0,0.02685,0.97315,-1,1,30,1,1,1,16:00,5,2,1
2023010433674,2023,010433674,1,1,1,2,22,5,3,0,0,0,0,0,9,7,E01004130,-1,0,0.0,1.0,-1,6,20,1,4,1,21:05,4,5,9
2023461395732,2023,461395732,2,2,1,1,27,6,3,0,0,0,0,0,9,6,E01000110,3,1,0.0,1.0,-1,6,50,1,4,1,17:42,4,3,9
2023522400737,2023,522400737,1,1,1,1,54,8,3,0,0,0,0,0,9,4,E01014573,-1,0,0.01194,0.98806,-1,6,20,1,1,1,07:55,1,2,9
2023421320273,2023,421320273,2,1,1,1,-1,-1,3,0,0,0,0,0,1,3,E01021847,3,1,0.0,1.0,-1,6,40,9,1,-1,06:15,2,2,1
2023161393120,2023,161393120,2,1,1,1,73,10,2,0,0,0,0,0,5,6,E01013175,6,1,1.0,0.0,-1,6,40,1,1,1,14:00,2,2,5
2023101321054,2023,101321054,2,1,1,1,46,8,3,0,0,0,0,0,9,-1,-1,3,1,0.0,1.0,-1,6,30,1,1,1,11:10,2,2,9
2023131362993,2023,131362993,2,2,1,2,75,10,3,0,0,0,0,0,9,4,E01011647,3,1,0.0,1.0,-1,6,30,1,1,1,08:30,1,2,9
2023201277480,2023,201277480,1,1,1,1,24,5,3,0,0,0,0,0,9,3,E01025949,3,1,0.0,1.0,-1,6,30,1,1,1,12:44,7,3,9
2023461295938,2023,461295938,1,1,1,2,22,5,3,0,0,0,0,0,9,9,E01016090,3,1,0.0,1.0,-1,6,20,1,1,1,10:09,4,2,9
2023010438727,2023,010438727,1,1,1,1,32,6,3,0,0,0,0,0,8,6,E01003958,-1,0,0.0,1.0,-1,9,30,1,1,1,16:15,6,2,8
2023141351337,2023,141351337,1,1,1,2,54,8,3,0,0,0,0,0,9,-1,-1,3,1,0.0,1.0,-1,1,30,1,1,1,15:39,2,2,9
2023201384699,2023,201384699,2,1,1,1,17,4,3,0,0,0,0,0,9,1,E01009311,3,1,0.0,1.0,-1,6,20,1,1,1,16:00,4,2,9
2023522400667,2023,522400667,1,1,1,1,38,7,2,0,0,0,0,0,9,7,E01014772,-1,0,1.0,0.0,-1,6,40,2,6,2,22:14,3,2,9
2023991263456,2023,991263456,1,1,1,1,81,11,2,0,0,0,0,0,17,8,-1,5,1,1.0,0.0,-1,6,60,8,1,4,09:48,7,1,17
2023552300102,2023,552300102,1,1,3,1,59,9,3,8,1,0,0,0,0,2,E01015384,-1,0,0.10986,0.89014,-1,6,30,1,6,1,18:00,7,1,9
2023010480700,2023,010480700,1,1,1,-1,22,5,3,0,0,0,0,0,3,2,E01001980,-1,0,0.0,1.0,-1,9,30,9,1,9,12:01,1,2,3
2023010459799,2023,010459799,1,1,1,1,27,6,3,0,0,0,0,0,4,2,E01004719,-1,0,0.0,1.0,-1,6,20,1,1,1,16:01,4,2,4
2023010444125,2023,010444125,1,1,1,1,62,9,3,0,0,0,0,0,9,8,E01004557,-1,0,0.0,1.0,-1,6,30,1,1,1,09:42,7,2,9
2023131330539,2023,131330539,2,1,1,2,22,5,3,0,0,0,0,0,9,1,E01010631,3,1,0.0,1.0,-1,6,30,1,1,1,20:20,2,2,9
2023421314393,2023,421314393,1,1,1,2,34,6,3,0,0,0,0,0,9,-1,-1,3,1,0.0,1.0,-1,6,30,1,4,1,00:26,7,2,9
2023461271740,2023,461271740,1,2,2,1,20,4,3,0,0,2,0,0,9,2,E01024477,3,1,0.0,1.0,-1,7,70,1,6,1,23:34,7,1,9
2023061396036,2023,061396036,2,2,2,1,-1,-1,3,0,0,1,0,0,9,2,E01005563,3,1,0.0,1.0,-1,6,30,1,1,1,16:25,7,2,9
2023991368547,2023,991368547,1,1,1,1,23,5,1,0,0,0,0,0,9,5,-1,1,1,0.0,0.0,-1,6,60,2,1,5,12:45,1,2,9
2023101388330,2023,101388330,2,1,1,1,57,9,3,0,0,0,0,0,9,-1,-1,3,1,0.0,1.0,-1,6,30,1,4,1,21:01,6,2,9
2023010455704,2023,010455704,2,1,1,-1,-1,-1,3,0,0,0,0,0,1,-1,-1,-1,0,0.0,1.0,-1,6,30,1,1,1,16:30,2,2,1
2023361348445,2023,361348445,2,1,1,1,38,7,3,0,0,0,0,0,1,10,E01005796,3,1,0.0,1.0,-1,6,30,1,1,1,09:30,4,2,1
2023548050023,2023,548050023,2,1,1,1,28,6,3,0,0,0,0,0,4,9,E01029022,-1,0,0.03644,0.96356,-1,6,30,1,1,2,16:10,2,2,4
2023201363745,2023,201363745,2,1,1,1,48,8,3,0,0,0,0,0,9,-1,-1,3,1,0.0,1.0,-1,6,30,9,1,1,18:47,7,2,9
2023461263879,2023,461263879,1,1,1,1,19,4,3,0,0,0,0,0,9,3,E01024396,3,1,0.0,1.0,-1,1,40,2,1,2,08:24,5,2,9
2023531339588,2023,531339588,1,1,1,2,79,11,3,0,0,0,0,0,9,9,E01022183,3,1,0.0,1.0,-1,6,40,2,1,2,17:14,3,2,9
2023061273610,2023,061273610,2,1,1,1,20,4,3,0,0,0,0,0,9,3,E01006171,3,1,0.0,1.0,-1,6,30,1,1,1,18:15,4,2,9
2023070171716,2023,070171716,2,1,2,1,52,8,3,0,0,2,0,0,9,-1,-1,-1,0,0.03827,0.96173,-1,3,70,1,6,2,20:10,2,3,9
2023471375480,2023,471375480,2,1,1,2,46,8,3,0,0,0,0,0,9,10,E01031720,3,1,0.0,1.0,-1,3,50,2,7,2,19:30,5,2,9
2023010439284,2023,010439284,2,1,1,1,48,8,3,0,0,0,0,0,1,9,E01000349,-1,0,0.0,1.0,-1,6,30,1,1,1,06:10,3,2,1
2023010449599,2023,010449599,1,1,1,1,26,6,3,0,0,0,0,0,1,2,E01004308,-1,0,0.0,1.0,-1,6,20,1,4,1,00:30,7,2,1