collision_index,collision_year,collision_ref_no,vehicle_reference,casualty_reference,casualty_class,sex_of_casualty,age_of_casualty,age_band_of_casualty,casualty_severity,pedestrian_location,pedestrian_movement,car_passenger,bus_or_coach_passenger,pedestrian_road_maintenance_worker,casualty_type,casualty_imd_decile,lsoa_of_casualty,enhanced_casualty_severity,casualty_injury_based,casualty_adjusted_severity_serious,casualty_adjusted_severity_slight,casualty_distance_banding,road_type,speed_limit,weather_conditions,light_conditions,road_surface_conditions,time,day_of_week,number_of_vehicles,vehicle_type
2023161276061,2023,161276061,1,1,1,1,18,4,3,0,0,0,0,0,3,1,E01013330,3,1,0.0,1.0,-1,3,30,1,1,1,12:40,1,2,3
2023501265370,2023,501265370,1,1,3,2,52,8,3,1,1,0,0,0,0,8,E01015230,3,1,0.0,1.0,-1,6,30,1,1,4,09:15,4,1,9
2023201311698,2023,201311698,1,1,3,1,57,9,2,4,1,0,0,2,0,1,E01009638,6,1,1.0,0.0,-1,6,30,1,1,1,13:20,3,1,9
2023010450330,2023,010450330,1,1,1,1,38,7,3,0,0,0,0,0,3,3,E01000506,-1,0,0.0,1.0,-1,9,30,1,1,1,16:30,3,2,3
2023430204077,2023,430204077,1,1,2,2,48,8,3,0,0,1,0,0,9,7,E01028545,-1,0,0.05017,0.94983,-1,6,30,1,4,1,21:34,5,2,9
2023991333694,2023,991333694,2,5,2,2,36,7,3,0,0,1,0,0,9,-1,-1,3,1,0.0,1.0,-1,6,30,1,1,1,19:33,3,2,9
2023170M10763,2023,170M10763,1,1,1,1,23,5,2,0,0,0,0,0,97,2,E01012051,-1,0,1.0,0.0,-1,6,30,1,1,1,14:34,7,4,97
2023010432803,2023,010432803,1,1,1,1,30,6,3,0,0,0,0,0,9,4,E01002454,-1,0,0.0,1.0,-1,7,40,1,4,2,23:42,6,2,9
2023031359924,2023,031359924,1,2,2,2,43,7,3,0,0,1,0,0,9,3,E01019194,3,1,0.0,1.0,-1,6,60,2,6,2,19:19,5,1,9
2023122301002,2023,122301002,2,1,1,2,25,5,3,0,0,0,0,0,9,-1,-1,-1,0,0.01244,0.98756,-1,6,40,2,1,2,16:45,6,3,9
2023131311270,2023,131311270,1,1,1,1,38,7,3,0,0,0,0,0,9,7,E01010593,3,1,0.0,1.0,-1,6,30,1,1,1,06:26,5,2,9
2023531294543,2023,531294543,2,1,1,1,66,10,3,0,0,0,0,0,9,9,E01022139,3,1,0.0,1.0,-1,6,50,1,6,1,20:50,5,2,9
2023552301127,2023,552301127,1,1,1,2,23,5,2,0,0,0,0,0,9,4,E01020483,-1,0,1.0,0.0,-1,6,60,1,1,1,18:43,3,1,9
2023010433295,2023,010433295,1,1,1,1,28,6,3,0,0,0,0,0,1,3,E01003550,-1,0,0.0,1.0,-1,2,30,2,4,2,20:52,2,1,1
2023430321307,2023,430321307,1,1,3,1,55,8,2,5,2,0,0,0,0,4,E01016361,-1,0,1.0,0.0,-1,6,30,1,4,1,22:21,4,1,9
2023161293272,2023,161293272,2,1,1,1,-1,-1,3,0,0,0,0,0,4,10,E01012925,3,1,0.0,1.0,-1,1,70,1,1,1,15:20,6,2,4
2023010440210,2023,010440210,1,1,1,1,45,7,3,0,0,0,0,0,9,-1,-1,-1,0,0.0,1.0,-1,6,20,1,1,1,17:15,7,3,9
2023031333127,2023,031333127,1,1,1,2,86,11,2,0,0,0,0,0,9,10,E01019355,6,1,1.0,0.0,-1,6,30,1,1,1,10:03,3,2,9
2023311325425,2023,311325425,2,3,2,2,28,6,3,0,0,2,0,0,9,3,E01028166,3,1,0.0,1.0,-1,7,40,1,1,1,13:08,7,2,9
2023061388737,2023,061388737,1,1,3,2,65,9,2,1,3,0,0,0,0,-1,-1,6,1,1.0,0.0,-1,3,30,1,1,1,13:55,6,1,9
2023440167998,2023,440167998,1,2,2,1,27,6,3,0,0,1,0,0,9,6,E01032696,-1,0,0.01572,0.98428,-1,6,30,1,1,1,13:31,7,2,9
2023010479656,2023,010479656,1,2,3,1,18,4,3,5,4,0,0,0,0,2,E01004197,-1,0,0.0,1.0,-1,3,30,1,1,1,08:24,5,1,4
2023010452569,2023,010452569,1,1,1,1,29,6,3,0,0,0,0,0,3,4,E01033727,-1,0,0.0,1.0,-1,3,20,1,1,1,10:57,7,2,3
2023041287187,2023,041287187,3,1,1,2,30,6,3,0,0,0,0,0,9,2,E01006970,3,1,0.0,1.0,-1,6,30,1,1,2,08:37,5,2,9
2023201402278,2023,201402278,2,1,1,1,18,4,3,0,0,0,0,0,9,7,E01031308,3,1,0.0,1.0,-1,6,30,1,1,1,18:30,3,2,9
2023421324290,2023,421324290,2,1,1,2,51,8,3,0,0,0,0,0,9,6,E01021723,3,1,0.0,1.0,-1,6,30,1,1,1,07:42,3,2,9
2023010459885,2023,010459885,1,1,3,1,71,10,3,1,3,0,0,0,0,9,E01001209,-1,0,0.0,1.0,-1,6,20,1,4,1,22:45,7,1,1
2023161325226,2023,161325226,1,1,1,1,52,8,3,0,0,0,0,0,9,2,E01012863,3,1,0.0,1.0,-1,3,70,1,1,1,17:45,4,2,9
2023201382092,2023,201382092,1,1,1,2,28,6,3,0,0,0,0,0,9,-1,-1,3,1,0.0,1.0,-1,3,30,1,1,1,14:48,4,2,9
2023411278803,2023,411278803,1,1,1,2,22,5,3,0,0,0,0,0,9,7,E01002111,3,1,0.0,1.0,-1,3,60,1,1,1,14:49,1,2,9
2023552301451,2023,552301451,1,1,1,2,36,7,3,0,0,0,0,0,9,7,E01020509,-1,0,0.09967,0.90033,-1,6,60,2,6,2,04:50,5,1,9
202363A022223,2023,63A022223,1,1,1,1,18,4,3,0,0,0,0,0,9,5,W01000723,-1,0,0.08667,0.91333,-1,6,30,5,6,2,19:57,4,1,9
2023991324889,2023,991324889,4,8,2,1,24,5,3,0,0,1,0,0,9,4,-1,3,1,0.0,1.0,-1,3,60,1,4,2,02:05,1,6,9
2023522400297,2023,522400297,1,1,1,1,24,5,3,0,0,0,0,0,19,4,E01015011,-1,0,0.06512,0.93488,-1,6,30,1,1,1,07:01,2,1,19
2023201281649,2023,201281649,1,1,1,1,65,9,3,0,0,0,0,0,9,1,E01010061,3,1,0.0,1.0,-1,3,40,1,1,1,13:15,6,2,9
2023421323827,2023,421323827,2,1,1,1,29,6,3,0,0,0,0,0,9,3,E01016012,3,1,0.0,1.0,-1,7,70,1,1,1,09:04,6,2,9
2023010470471,2023,010470471,1,1,1,1,17,4,3,0,0,0,0,0,1,1,E01000782,-1,0,0.0,1.0,-1,6,20,1,4,1,09:40,4,2,1
2023041348219,2023,041348219,2,2,2,1,18,4,3,0,0,1,0,0,9,5,E01006997,3,1,0.0,1.0,-1,6,40,1,4,1,20:15,1,2,9
2023302300657,2023,302300657,1,1,1,1,45,7,1,0,0,0,0,0,9,2,E01019523,-1,0,0.0,0.0,-1,6,60,1,1,1,11:59,1,2,9
2023451355599,2023,451355599,2,1,1,1,55,8,3,0,0,0,0,0,9,10,E01030940,3,1,0.0,1.0,-1,6,60,1,1,1,14:45,7,3,9
2023501370009,2023,501370009,1,2,2,2,79,11,3,0,0,1,0,0,9,5,E01018847,3,1,0.0,1.0,-1,6,40,2,1,2,16:39,5,2,9
2023010419831,2023,010419831,1,1,3,1,14,3,3,9,9,0,0,0,0,2,E01003947,-1,0,0.0,1.0,-1,9,20,9,7,9,17:00,5,1,9
2023440257038,2023,440257038,1,1,3,2,61,9,2,1,1,0,0,0,0,9,E01023270,-1,0,1.0,0.0,-1,2,20,1,1,1,19:02,3,1,9
2023010436165,2023,010436165,1,1,1,1,52,8,3,0,0,0,0,0,9,9,-1,-1,0,0.0,1.0,-1,6,30,9,7,9,00:35,5,2,9
2023201278594,2023,201278594,1,1,1,2,19,4,3,0,0,0,0,0,9,2,E01009445,3,1,0.0,1.0,-1,6,30,3,1,3,08:49,4,3,9
2023991367236,2023,991367236,1,1,1,1,33,6,3,0,0,0,0,0,9,5,-1,3,1,0.0,1.0,-1,3,70,2,6,2,06:20,5,1,9
2023010424402,2023,010424402,1,1,1,1,-1,-1,3,0,0,0,0,0,1,2,E01003712,-1,0,0.0,1.0,-1,9,20,8,1,1,08:55,2,2,1
2023010439223,2023,010439223,1,1,1,2,57,9,3,0,0,0,0,0,1,6,E01002630,-1,0,0.0,1.0,-1,1,20,1,1,1,07:20,5,2,1
2023471342370,2023,471342370,2,1,1,1,62,9,3,0,0,0,0,0,1,4,E01004215,3,1,0.0,1.0,-1,6,20,1,1,1,13:15,4,2,1
2023010423872,2023,010423872,1,1,1,1,33,6,3,0,0,0,0,0,3,2,E01002080,-1,0,0.0,1.0,-1,9,20,1,1,1,15:04,6,2,3
2023451291483,2023,451291483,1,1,1,1,40,7,2,0,0,0,0,0,9,7,E01030553,7,1,1.0,0.0,-1,6,30,1,1,1,17:27,3,3,9
2023622400002,2023,622400002,1,3,2,2,64,9,3,0,0,1,0,0,9,9,W01001196,-1,0,0.02361,0.97639,-1,1,30,1,1,2,11:16,7,2,9
2023061298146,2023,061298146,2,1,1,1,23,5,3,0,0,0,0,0,-1,-1,-1,3,1,0.0,1.0,-1,6,30,1,4,1,22:36,3,2,-1
2023141285039,2023,141285039,1,1,1,1,49,8,2,0,0,0,0,0,97,1,E01007629,7,1,1.0,0.0,-1,6,30,2,6,2,13:22,5,2,97
2023541105923,2023,541105923,1,1,1,1,62,9,2,0,0,0,0,0,5,10,E01031905,-1,0,1.0,0.0,-1,6,40,1,1,1,15:50,3,2,5
2023531347711,2023,531347711,1,1,1,1,74,10,3,0,0,0,0,0,9,3,E01008893,3,1,0.0,1.0,-1,6,60,2,1,2,11:25,5,1,9
2023552300194,2023,552300194,1,1,1,1,47,8,3,0,0,0,0,0,9,6,E01020442,-1,0,0.07985,0.92015,-1,6,30,1,4,2,00:21,6,2,9
2023622300666,2023,622300666,1,2,2,1,16,4,3,0,0,1,0,0,9,6,W01000974,-1,0,0.04034,0.95966,-1,6,30,2,1,2,19:59,3,1,9
2023010464322,2023,010464322,1,1,1,1,36,7,3,0,0,0,0,0,3,5,E01003414,-1,0,0.0,1.0,-1,9,30,1,1,1,18:00,2,2,3
2023010440569,2023,010440569,1,1,1,2,27,6,3,0,0,0,0,0,9,3,E01000586,-1,0,0.0,1.0,-1,6,30,9,1,9,05:30,1,2,9
2023010444954,2023,010444954,2,2,1,2,53,8,3,0,0,0,0,0,9,6,E01002919,-1,0,0.0,1.0,-1,3,50,1,1,1,08:58,5,3,9
2023041373175,2023,041373175,2,1,2,2,28,6,3,0,0,2,0,0,9,7,E01025081,3,1,0.0,1.0,-1,3,30,1,4,1,19:02,6,2,9
2023061344313,2023,061344313,2,1,1,1,49,8,3,0,0,0,0,0,9,1,E01004827,3,1,0.0,1.0,-1,6,30,1,1,1,03:53,7,2,9
2023311303011,2023,311303011,3,2,1,1,34,6,3,0,0,0,0,0,9,-1,-1,3,1,0.0,1.0,-1,6,30,1,1,1,20:10,2,3,9
2023451285930,2023,451285930,1,1,1,1,70,10,3,0,0,0,0,0,9,10,E01030303,3,1,0.0,1.0,-1,3,70,2,6,2,21:00,1,2,9
2023471345589,2023,471345589,2,1,1,2,18,4,3,0,0,0,0,0,9,6,E01030843,3,1,0.0,1.0,-1,6,40,1,1,1,17:15,6,3,9
2023221347161,2023,221347161,1,1,1,1,51,8,3,0,0,0,0,0,19,5,E01014078,3,1,0.0,1.0,-1,6,60,1,1,1,09:14,4,2,19
2023320406574,2023,320406574,2,1,1,1,63,9,3,0,0,0,0,0,5,3,E01026025,-1,0,0.16733,0.83267,-1,6,30,1,1,1,11:20,1,2,5
2023070250287,2023,070250287,2,1,2,2,62,9,3,0,0,1,0,0,9,-1,-1,-1,0,0.06269,0.93731,-1,6,50,1,1,1,15:28,6,2,9
2023421341222,2023,421341222,1,3,2,1,10,2,3,0,0,1,0,0,9,3,E01004432,3,1,0.0,1.0,-1,7,50,1,1,1,15:01,1,2,9
2023440441275,2023,440441275,1,1,2,1,76,11,2,0,0,1,0,0,9,9,E01023186,-1,0,1.0,0.0,-1,6,60,2,1,2,11:16,7,1,9
2023471367863,2023,471367863,1,1,1,1,30,6,3,0,0,0,0,0,19,3,E01002547,3,1,0.0,1.0,-1,3,70,2,6,2,00:01,7,1,19
2023522400388,2023,522400388,1,1,1,2,56,9,3,0,0,0,0,0,23,-1,-1,-1,0,0.06275,0.93725,-1,6,40,1,1,1,15:04,2,2,23
2023131259157,2023,131259157,1,1,2,2,66,10,3,0,0,1,0,0,9,2,E01011080,3,1,0.0,1.0,-1,3,30,1,1,2,13:16,2,2,9
2023201277411,2023,201277411,2,1,1,-1,37,7,3,0,0,0,0,0,9,1,E01010450,3,1,0.0,1.0,-1,6,30,1,4,4,18:30,5,2,9
2023340WN4602,2023,340WN4602,3,2,1,1,26,6,3,0,0,0,0,0,9,10,E01027006,-1,0,0.02036,0.97964,-1,6,60,2,1,2,11:20,6,3,9
2023471321350,2023,471321350,2,2,1,1,79,11,3,0,0,0,0,0,9,3,E01020991,3,1,0.0,1.0,-1,6,30,1,1,1,16:07,4,2,9
2023622300690,2023,622300690,2,3,2,2,26,6,3,0,0,1,0,0,9,5,W01000909,-1,0,0.02375,0.97625,-1,6,30,2,1,1,14:37,1,2,9
2023010485110,2023,010485110,2,1,1,1,40,7,3,0,0,0,0,0,1,4,E01004177,-1,0,0.0,1.0,-1,6,30,1,1,1,07:50,4,2,1
2023052303011,2023,052303011,2,1,1,1,74,10,3,0,0,0,0,0,9,7,E01006885,-1,0,0.07682,0.92318,-1,3,40,2,4,2,20:11,2,2,9
2023440276723,2023,440276723,1,1,1,1,78,11,3,0,0,0,0,0,9,5,E01030971,-1,0,0.13127,0.86873,-1,6,60,1,1,1,14:10,2,2,9
2023061396176,2023,061396176,2,1,1,-1,48,8,3,0,0,0,0,0,9,-1,-1,3,1,0.0,1.0,-1,3,30,1,5,2,17:25,2,2,9
2023461382944,2023,461382944,1,1,1,1,90,11,2,0,0,0,0,0,9,6,E01016125,7,1,1.0,0.0,-1,6,30,1,1,1,16:40,5,3,9
2023552300327,2023,552300327,2,2,1,2,21,5,3,0,0,0,0,0,9,5,E01020410,-1,0,0.02479,0.97521,-1,6,30,2,1,2,15:37,4,2,9
2023991289654,2023,991289654,1,6,1,1,20,4,3,0,0,0,0,0,9,2,-1,3,1,0.0,1.0,-1,7,50,2,4,2,21:55,3,2,9
2023361350142,2023,361350142,1,1,1,1,60,9,3,0,0,0,0,0,8,1,E01026634,3,1,0.0,1.0,-1,1,70,1,1,1,16:53,5,2,8
2023010457330,2023,010457330,1,1,1,2,68,10,3,0,0,0,0,0,9,-1,-1,-1,0,0.0,1.0,-1,6,20,1,1,9,14:00,5,1,9
2023221393825,2023,221393825,2,2,2,2,31,6,3,0,0,1,0,0,9,4,E01014044,3,1,0.0,1.0,-1,6,50,2,1,2,11:55,4,2,9
2023340NN3092,2023,340NN3092,2,1,2,2,50,8,3,0,0,1,0,0,9,10,E01027115,-1,0,0.01488,0.98512,-1,3,40,1,1,1,10:25,5,2,9
2023430017716,2023,430017716,1,1,1,1,53,8,3,0,0,0,0,0,9,-1,-1,-1,0,0.0355,0.9645,-1,2,30,2,4,2,19:54,5,2,9
2023131286573,2023,131286573,1,1,3,1,26,6,2,1,1,0,0,0,0,2,E01011632,7,1,1.0,0.0,-1,6,20,1,4,1,22:52,6,1,8
2023010470122,2023,010470122,1,1,1,1,20,4,3,0,0,0,0,0,2,7,E01002965,-1,0,0.0,1.0,-1,6,30,1,1,1,09:27,5,2,2
2023010441946,2023,010441946,1,2,2,2,89,11,3,0,0,2,0,0,9,-1,-1,-1,0,0.0,1.0,-1,1,20,1,1,1,12:37,3,2,9
2023010482114,2023,010482114,2,1,1,2,42,7,3,0,0,0,0,0,9,2,E01000008,-1,0,0.0,1.0,-1,6,30,1,1,2,09:12,3,2,9
2023320080513,2023,320080513,1,1,1,1,41,7,3,0,0,0,0,0,9,3,E01026343,-1,0,0.1366,0.8634,-1,3,70,1,6,1,00:03,4,1,9
2023501294680,2023,501294680,1,2,1,1,22,5,2,0,0,0,0,0,9,7,E01018775,6,1,1.0,0.0,-1,6,50,1,6,1,21:30,5,3,9
2023401281321,2023,401281321,1,1,3,2,54,8,2,5,1,0,0,0,0,8,E01017410,7,1,1.0,0.0,-1,6,30,1,1,1,16:21,3,1,9
2023332300515,2023,332300515,1,1,1,1,60,9,3,0,0,0,0,0,19,4,E01013740,-1,0,0.03256,0.96744,-1,6,30,1,1,1,15:10,2,2,19
2023031340424,2023,031340424,2,1,2,1,13,3,3,0,0,2,0,0,9,-1,-1,3,1,0.0,1.0,-1,3,40,1,1,1,10:30,3,3,9
2023161340406,2023,161340406,1,1,1,1,60,9,3,0,0,0,0,0,9,5,E01013329,3,1,0.0,1.0,-1,6,30,1,1,1,16:55,4,2,9
2023340NN4602,2023,340NN4602,2,2,1,1,29,6,3,0,0,0,0,0,9,5,E01027062,-1,0,0.03896,0.96104,-1,6,60,2,1,2,11:23,3,3,9
2023010420037,2023,010420037,2,1,1,1,24,5,2,0,0,0,0,0,3,-1,-1,-1,0,1.0,0.0,-1,6,30,1,4,1,16:53,6,2,3
2023010442670,2023,010442670,1,1,1,1,30,6,3,0,0,0,0,0,3,2,E01000083,-1,0,0.0,1.0,-1,6,30,1,1,1,15:13,6,2,3
2023010481434,2023,010481434,1,1,1,1,28,6,3,0,0,0,0,0,3,3,E01003635,-1,0,0.0,1.0,-1,9,20,2,4,2,19:10,6,2,3
2023440110111,2023,440110111,2,1,1,1,31,6,3,0,0,0,0,0,3,1,E01032755,-1,0,0.09148,0.90852,-1,6,30,1,4,1,18:50,1,2,3
2023141313857,2023,141313857,2,2,1,2,58,9,3,0,0,0,0,0,9,5,E01008136,3,1,0.0,1.0,-1,6,60,1,1,1,13:40,5,2,9
2023522400380,2023,522400380,1,1,1,1,18,4,3,0,0,0,0,0,9,6,E01014764,-1,0,0.0861,0.9139,-1,6,40,1,6,2,01:10,2,1,9
2023010471706,2023,010471706,1,3,2,2,46,8,3,0,0,0,4,0,11,2,E01033146,-1,0,0.0,1.0,-1,3,40,1,1,1,13:00,6,2,11
2023231286699,2023,231286699,1,2,2,2,5,1,3,0,0,2,0,0,9,3,E01031077,3,1,0.0,1.0,-1,6,30,3,1,4,08:52,5,2,9
2023302301769,2023,302301769,1,1,1,1,67,10,3,0,0,0,0,0,9,7,E01013490,-1,0,0.06847,0.93153,-1,6,30,1,1,2,08:40,6,2,9
2023340WN5802,2023,340WN5802,3,1,1,1,30,6,2,0,0,0,0,0,9,7,E01027210,-1,0,1.0,0.0,-1,6,30,2,4,2,23:10,5,3,9
2023302301313,2023,302301313,1,1,2,2,78,11,2,0,0,0,4,0,11,1,E01019578,-1,0,1.0,0.0,-1,6,30,1,1,1,10:35,5,2,11
2023131285052,2023,131285052,1,1,3,2,35,6,3,10,7,0,0,1,0,1,E01033691,3,1,0.0,1.0,-1,6,30,3,1,2,15:12,5,1,9
2023010431875,2023,010431875,1,1,1,1,17,4,3,0,0,0,0,0,1,3,E01000531,-1,0,0.0,1.0,-1,6,30,1,1,1,11:45,6,2,1
2023010445628,2023,010445628,1,2,2,1,10,2,3,0,0,2,0,0,9,-1,-1,-1,0,0.0,1.0,-1,6,20,1,1,1,11:00,1,4,9
2023361334705,2023,361334705,2,1,1,1,41,7,3,0,0,0,0,0,9,7,E01026920,3,1,0.0,1.0,-1,6,60,1,1,1,13:15,7,2,9
2023061383176,2023,061383176,2,1,1,1,14,3,3,0,0,0,0,0,1,10,E01005789,3,1,0.0,1.0,-1,6,30,8,7,4,07:05,4,2,1
2023332301047,2023,332301047,2,1,1,1,67,10,3,0,0,0,0,0,5,10,E01025676,-1,0,0.13034,0.86966,-1,6,40,1,1,1,12:44,4,2,5
2023991362717,2023,991362717,1,1,3,2,12,3,2,4,1,0,0,0,0,-1,-1,7,1,1.0,0.0,-1,6,30,1,4,1,20:20,6,1,9
2023501357793,2023,501357793,2,1,1,1,21,5,2,0,0,0,0,0,3,5,E01023304,7,1,1.0,0.0,-1,6,60,1,1,1,15:55,6,2,3
2023340NN3942,2023,340NN3942,1,3,1,1,16,4,2,0,0,0,0,0,5,2,E01026966,-1,0,1.0,0.0,-1,6,30,1,1,2,12:20,5,2,5
2023451355487,2023,451355487,1,1,3,1,71,10,3,5,3,0,0,0,0,8,E01030440,3,1,0.0,1.0,-1,6,30,1,1,1,17:03,5,1,9
2023302301382,2023,302301382,1,1,1,-1,-1,-1,3,0,0,0,0,0,1,5,E01019456,-1,0,0.04026,0.95974,-1,6,30,1,1,1,19:00,3,2,1
2023430243800,2023,430243800,1,1,1,1,17,4,3,0,0,0,0,0,1,3,E01016381,-1,0,0.04751,0.95249,-1,6,30,1,4,1,10:30,6,2,1
2023451270502,2023,451270502,1,1,1,1,46,8,3,0,0,0,0,0,9,9,E01031719,3,1,0.0,1.0,-1,6,40,1,4,1,17:20,2,2,9
2023991345830,2023,991345830,2,6,2,2,41,7,3,0,0,1,0,0,9,1,-1,3,1,0.0,1.0,-1,6,60,1,1,1,11:45,1,2,9
2023991392566,2023,991392566,1,1,1,1,52,8,3,0,0,0,0,0,9,-1,-1,3,1,0.0,1.0,-1,6,60,2,6,2,21:30,4,1,9
2023101351404,2023,101351404,1,2,3,1,47,8,2,5,3,0,0,2,0,1,E01008702,7,1,1.0,0.0,-1,6,30,2,1,2,15:52,2,1,9
2023010445129,2023,010445129,1,1,3,2,73,10,2,1,9,0,0,0,0,1,E01001196,-1,0,1.0,0.0,-1,6,20,1,1,1,18:15,4,1,1
2023010429655,2023,010429655,1,1,1,2,29,6,3,0,0,0,0,0,9,9,E01033614,-1,0,0.0,1.0,-1,2,20,1,1,1,12:00,3,2,9
2023361293972,2023,361293972,1,1,1,1,37,7,2,0,0,0,0,0,9,1,E01026869,6,1,1.0,0.0,-1,6,30,1,1,1,12:40,4,2,9
2023010465220,2023,010465220,2,1,1,1,16,4,3,0,0,0,0,0,1,6,E01003223,-1,0,0.0,1.0,-1,6,30,1,4,1,20:23,1,2,1
2023041264073,2023,041264073,1,1,1,1,18,4,3,0,0,0,0,0,9,7,E01010917,3,1,0.0,1.0,-1,6,60,8,4,4,00:20,3,1,9
2023010476167,2023,010476167,1,1,1,1,32,6,3,0,0,0,0,0,3,4,E01001085,-1,0,0.0,1.0,-1,3,30,1,1,2,12:30,7,2,3
2023451318337,2023,451318337,1,1,1,1,20,4,3,0,0,0,0,0,9,8,E01000655,3,1,0.0,1.0,-1,6,50,1,6,1,21:40,3,1,9
2023041327314,2023,041327314,1,1,1,1,12,3,2,0,0,0,0,0,1,9,E01025600,7,1,1.0,0.0,-1,6,20,1,1,1,16:00,7,2,1
2023522400639,2023,522400639,2,1,1,1,19,4,3,0,0,0,0,0,2,3,E01014493,-1,0,0.10033,0.89967,-1,6,30,1,4,1,19:00,4,2,2
2023401331892,2023,401331892,2,1,1,1,45,7,3,0,0,0,0,0,9,-1,-1,3,1,0.0,1.0,-1,3,70,1,1,-1,11:15,5,2,9
2023471317202,2023,471317202,2,3,2,2,7,2,2,0,0,2,0,0,9,-1,-1,6,1,1.0,0.0,-1,6,60,1,1,1,19:37,7,2,9
2023501387299,2023,501387299,2,2,1,2,20,4,3,0,0,0,0,0,9,3,E01020285,3,1,0.0,1.0,-1,6,30,2,1,2,13:28,3,2,9
2023010449343,2023,010449343,1,1,1,1,44,7,3,0,0,0,0,0,9,5,E01004654,-1,0,0.0,1.0,-1,3,40,1,4,1,00:18,6,2,9
2023111326760,2023,111326760,1,1,1,1,21,5,3,0,0,0,0,0,9,4,E01020825,3,1,0.0,1.0,-1,6,30,1,4,1,21:28,5,3,9
2023161364118,2023,161364118,1,1,1,2,-1,-1,3,0,0,0,0,0,9,10,E01013044,3,1,0.0,1.0,-1,6,30,1,1,1,10:15,3,2,9
2023010459513,2023,010459513,1,2,2,2,60,9,3,0,0,0,4,0,11,6,E01002022,-1,0,0.0,1.0,-1,3,20,1,1,2,07:50,3,2,11
2023131308117,2023,131308117,1,1,1,2,64,9,3,0,0,0,0,0,9,5,E01011860,3,1,0.0,1.0,-1,6,30,1,1,1,17:16,3,2,9
2023411364138,2023,411364138,2,2,2,2,23,5,3,0,0,-1,0,0,9,-1,-1,3,1,0.0,1.0,-1,6,30,1,1,1,18:30,3,2,9
2023451265079,2023,451265079,1,1,1,2,35,6,3,0,0,0,0,0,9,9,E01030835,3,1,0.0,1.0,-1,6,30,1,1,1,15:25,4,2,9
2023991353107,2023,991353107,2,1,1,2,53,8,3,0,0,0,0,0,9,8,-1,3,1,0.0,1.0,-1,6,60,2,1,2,18:50,6,2,9
2023201416522,2023,201416522,2,1,1,2,43,7,3,0,0,0,0,0,1,6,E01010379,3,1,0.0,1.0,-1,6,30,1,1,1,13:40,3,2,1
2023041328798,2023,041328798,2,1,2,2,27,6,3,0,0,1,0,0,9,1,E01025584,3,1,0.0,1.0,-1,6,30,1,1,1,20:23,3,3,9
2023052300803,2023,052300803,2,1,1,2,47,8,3,0,0,0,0,0,9,6,E01007164,-1,0,0.03618,0.96382,-1,6,30,1,1,1,08:58,7,2,9
2023070824927,2023,070824927,2,2,1,1,23,5,3,0,0,0,0,0,9,1,E01005289,-1,0,0.07561,0.92439,-1,6,60,1,1,1,17:56,5,2,9
2023610045823,2023,610045823,1,2,2,2,20,4,3,0,0,1,0,0,9,2,W01001325,-1,0,0.09556,0.90444,-1,6,20,1,1,2,09:20,2,3,9
2023622300173,2023,622300173,2,4,2,2,34,6,3,0,0,2,0,0,9,1,W01000864,-1,0,0.04733,0.95267,-1,6,50,1,4,1,20:48,7,2,9
2023471370746,2023,471370746,1,1,1,1,47,8,2,0,0,0,0,0,3,2,E01016955,7,1,1.0,0.0,-1,6,30,1,4,2,20:50,7,2,3
2023010483193,2023,010483193,2,5,2,2,24,5,3,0,0,2,0,0,9,5,E01033592,-1,0,0.0,1.0,-1,6,30,1,1,2,14:06,6,2,9
2023451272212,2023,451272212,1,2,2,1,17,4,3,0,0,1,0,0,9,9,E01001123,3,1,0.0,1.0,-1,6,60,1,6,1,01:17,7,1,9
2023131345606,2023,131345606,1,1,1,1,66,10,3,0,0,0,0,0,10,2,E01005487,3,1,0.0,1.0,-1,3,40,1,1,1,17:57,6,2,10
2023010445668,2023,010445668,2,1,1,1,59,9,3,0,0,0,0,0,3,3,E01001446,-1,0,0.0,1.0,-1,6,30,1,1,1,16:30,1,2,3
2023302301966,2023,302301966,1,1,3,-1,-1,-1,3,4,1,0,0,0,0,5,E01019456,-1,0,0.0761,0.9239,-1,6,50,1,6,2,16:00,3,1,3
2023101377308,2023,101377308,1,1,3,2,34,6,3,10,5,0,0,0,0,6,E01008758,3,1,0.0,1.0,-1,6,30,1,1,2,15:30,1,2,9
2023461328481,2023,461328481,1,1,3,2,28,6,3,8,9,0,0,2,0,6,E01024703,3,1,0.0,1.0,-1,6,30,1,1,1,20:00,6,1,9
2023622301011,2023,622301011,1,1,3,2,72,10,2,1,9,0,0,0,0,-1,-1,-1,0,1.0,0.0,-1,3,30,2,1,1,15:56,1,1,19
2023041377607,2023,041377607,2,3,1,1,28,6,2,0,0,0,0,0,19,2,E01005279,7,1,1.0,0.0,-1,6,60,1,1,1,14:55,5,2,19
2023010452496,2023,010452496,1,1,3,1,32,6,3,5,9,0,0,0,0,-1,-1,-1,0,0.0,1.0,-1,2,20,8,4,1,22:14,6,1,9
2023421310848,2023,421310848,3,1,1,1,24,5,3,0,0,0,0,0,3,5,E01021874,3,1,0.0,1.0,-1,6,60,1,1,1,07:24,4,3,3
2023131352238,2023,131352238,3,2,1,1,62,9,3,0,0,0,0,0,9,5,E01010849,3,1,0.0,1.0,-1,6,30,1,1,1,16:50,4,3,9