collision_index,collision_year,collision_ref_no,vehicle_reference,casualty_reference,casualty_class,sex_of_casualty,age_of_casualty,age_band_of_casualty,casualty_severity,pedestrian_location,pedestrian_movement,car_passenger,bus_or_coach_passenger,pedestrian_road_maintenance_worker,casualty_type,casualty_imd_decile,lsoa_of_casualty,enhanced_casualty_severity,casualty_injury_based,casualty_adjusted_severity_serious,casualty_adjusted_severity_slight,casualty_distance_banding,road_type,speed_limit,weather_conditions,light_conditions,road_surface_conditions,time,day_of_week,number_of_vehicles,vehicle_type
2023991358076,2023,991358076,2,1,2,2,12,3,2,0,0,2,0,0,9,6,-1,7,1,1.0,0.0,-1,6,60,1,1,1,14:58,7,3,9
2023991381531,2023,991381531,2,2,1,1,63,9,3,0,0,0,0,0,9,10,-1,3,1,0.0,1.0,-1,6,60,1,6,2,18:25,6,2,9
2023320183711,2023,320183711,1,1,1,2,20,4,3,0,0,0,0,0,3,6,E01026252,-1,0,0.2029,0.7971,-1,6,60,1,6,1,22:00,1,1,3
2023052400670,2023,052400670,2,1,1,2,28,6,3,0,0,0,0,0,9,2,E01006441,-1,0,0.03782,0.96218,-1,6,30,1,1,1,13:10,2,2,9
2023201400501,2023,201400501,2,2,1,2,57,9,3,0,0,0,0,0,9,1,E01009354,3,1,0.0,1.0,-1,6,30,1,1,1,10:58,7,2,9
2023622300915,2023,622300915,1,3,2,2,7,2,3,0,0,2,0,0,9,4,W01000893,-1,0,0.07136,0.92864,-1,6,20,1,1,2,14:58,3,1,9
2023221263370,2023,221263370,2,2,2,2,49,8,2,0,0,0,0,0,5,5,E01032428,6,1,1.0,0.0,-1,6,60,1,1,1,14:50,7,2,5
2023461366328,2023,461366328,1,1,3,1,12,3,3,10,9,0,0,0,0,8,E01024184,3,1,0.0,1.0,-1,6,30,1,1,1,17:13,6,1,9
2023010448134,2023,010448134,1,4,2,1,5,1,3,0,0,2,0,0,9,4,E01000491,-1,0,0.0,1.0,-1,6,20,1,1,1,17:03,6,2,9
2023311369944,2023,311369944,2,1,1,1,32,6,2,0,0,0,0,0,9,9,E01026001,5,1,1.0,0.0,-1,3,70,2,1,2,14:57,5,2,9
2023320274451,2023,320274451,1,1,2,1,7,2,3,0,0,1,0,0,9,3,E01027060,-1,0,0.07412,0.92588,-1,6,50,2,1,2,16:15,7,1,9
2023461268748,2023,461268748,2,1,1,2,33,6,3,0,0,0,0,0,9,7,E01024140,3,1,0.0,1.0,-1,6,30,1,4,1,17:45,6,2,9
2023122300911,2023,122300911,1,1,1,1,43,7,3,0,0,0,0,0,19,1,E01011747,-1,0,0.15607,0.84393,-1,6,60,1,6,1,01:47,1,1,19
2023161379156,2023,161379156,1,1,3,2,42,7,3,8,7,0,0,0,0,9,E01013191,3,1,0.0,1.0,-1,6,30,1,4,1,16:03,6,1,9
2023351373938,2023,351373938,2,1,1,1,30,6,2,0,0,0,0,0,1,6,E01017999,7,1,1.0,0.0,-1,6,20,2,1,2,08:00,5,2,1
2023231302004,2023,231302004,2,1,1,1,26,6,3,0,0,0,0,0,5,9,E01032341,3,1,0.0,1.0,-1,1,50,1,1,1,12:37,2,2,5
2023211355509,2023,211355509,1,1,3,2,18,4,3,5,3,0,0,0,0,-1,-1,3,1,0.0,1.0,-1,6,20,9,1,1,15:35,6,1,9
2023101283275,2023,101283275,2,1,1,1,21,5,3,0,0,0,0,0,23,5,E01008554,3,1,0.0,1.0,-1,6,30,1,4,1,18:15,1,2,23
2023320556160,2023,320556160,1,1,1,1,65,9,3,0,0,0,0,0,5,8,E01026337,-1,0,0.18301,0.81699,-1,6,30,1,1,1,09:02,5,2,5
2023052302410,2023,052302410,1,1,3,2,11,3,2,1,1,0,0,0,0,1,E01006702,-1,0,1.0,0.0,-1,6,30,1,1,1,18:10,2,1,8
2023201289742,2023,201289742,1,1,3,1,33,6,3,1,1,0,0,2,0,4,E01010426,3,1,0.0,1.0,-1,6,30,1,1,1,12:35,7,1,9
2023411344343,2023,411344343,1,1,1,1,60,9,2,0,0,0,0,0,5,10,E01021653,7,1,1.0,0.0,-1,1,70,1,1,1,11:05,4,1,5
2023201277371,2023,201277371,1,1,3,2,45,7,3,5,1,0,0,2,0,-1,-1,3,1,0.0,1.0,-1,6,30,1,1,1,08:15,6,1,9
2023471360349,2023,471360349,1,1,3,1,65,9,3,8,3,0,0,0,0,10,E01020940,3,1,0.0,1.0,-1,6,30,1,1,1,17:46,6,1,19
2023010443806,2023,010443806,1,1,1,1,37,7,3,0,0,0,0,0,1,7,E01022927,-1,0,0.0,1.0,-1,6,30,1,4,1,22:45,5,2,1
2023070107496,2023,070107496,2,1,1,1,66,10,3,0,0,0,0,0,1,8,E01012530,-1,0,0.1579,0.8421,-1,6,30,1,1,1,15:32,2,2,1
2023010453338,2023,010453338,1,1,1,1,38,7,3,0,0,0,0,0,3,8,E01004195,-1,0,0.0,1.0,-1,3,20,2,1,2,15:40,3,2,3
2023440351672,2023,440351672,2,1,1,1,74,10,2,0,0,0,0,0,5,8,E01022935,-1,0,1.0,0.0,-1,6,20,1,1,1,18:41,4,2,5
2023010483830,2023,010483830,1,1,3,1,23,5,3,4,3,0,0,0,0,5,E01001960,-1,0,0.0,1.0,-1,6,20,1,4,2,19:45,4,1,9
2023201396601,2023,201396601,1,2,3,2,11,3,3,4,2,0,0,0,0,-1,-1,3,1,0.0,1.0,-1,6,30,1,1,1,15:31,4,1,9
2023451365526,2023,451365526,1,1,3,1,45,7,2,5,9,0,0,2,0,3,E01002527,7,1,1.0,0.0,-1,6,30,2,4,2,22:41,7,1,9
2023010446040,2023,010446040,1,1,1,1,27,6,3,0,0,0,0,0,8,4,E01000588,-1,0,0.0,1.0,-1,9,20,1,1,1,16:50,3,2,8
2023122301373,2023,122301373,1,1,1,2,-1,-1,3,0,0,0,0,0,9,8,E01011857,-1,0,0.02361,0.97639,-1,6,30,5,1,2,11:02,6,1,9
2023991295103,2023,991295103,2,2,1,2,59,9,3,0,0,0,0,0,19,6,-1,3,1,0.0,1.0,-1,3,40,9,1,1,12:15,7,2,19
2023421318962,2023,421318962,1,1,1,1,42,7,3,0,0,0,0,0,-1,-1,-1,3,1,0.0,1.0,-1,6,30,1,1,1,18:00,4,2,-1
2023041364026,2023,041364026,1,1,1,1,22,5,2,0,0,0,0,0,9,6,E01025433,5,1,1.0,0.0,-1,6,30,1,4,1,18:23,3,2,9
2023411304221,2023,411304221,1,1,1,1,22,5,3,0,0,0,0,0,9,10,E01023770,3,1,0.0,1.0,-1,6,30,1,1,1,15:22,1,2,9
2023131362268,2023,131362268,2,1,1,2,45,7,3,0,0,0,0,0,9,6,E01011408,3,1,0.0,1.0,-1,3,40,1,1,1,17:35,5,2,9
2023411387773,2023,411387773,2,1,2,2,70,10,2,0,0,1,0,0,9,9,E01024792,6,1,1.0,0.0,-1,6,40,1,4,2,16:32,4,2,9
2023461372446,2023,461372446,1,1,1,1,28,6,3,0,0,0,0,0,9,-1,-1,3,1,0.0,1.0,-1,6,50,1,1,2,07:24,3,2,9
2023320773907,2023,320773907,2,2,1,2,54,8,3,0,0,0,0,0,9,9,E01013797,-1,0,0.10056,0.89944,-1,6,60,1,1,1,13:05,1,2,9
2023101351786,2023,101351786,1,1,1,1,60,9,3,0,0,0,0,0,97,1,E01008837,3,1,0.0,1.0,-1,6,30,1,1,1,13:35,7,2,97
2023052301254,2023,052301254,2,1,1,2,51,8,3,0,0,0,0,0,9,1,E01007052,-1,0,0.02271,0.97729,-1,6,30,1,1,1,12:35,7,2,9
2023161274959,2023,161274959,1,1,1,2,21,5,3,0,0,0,0,0,9,3,E01011085,3,1,0.0,1.0,-1,6,40,1,1,1,09:30,4,1,9
2023231298180,2023,231298180,1,1,1,1,39,7,3,0,0,0,0,0,9,5,E01012333,3,1,0.0,1.0,-1,3,70,1,1,1,15:59,5,2,9
2023031290456,2023,031290456,3,1,1,2,70,10,2,0,0,0,0,0,9,9,E01019179,7,1,1.0,0.0,-1,6,30,1,1,1,13:40,6,3,9
2023340NN4332,2023,340NN4332,2,1,1,1,60,9,3,0,0,0,0,0,9,10,E01032973,-1,0,0.0118,0.9882,-1,1,30,1,4,1,19:10,3,2,9
2023440364480,2023,440364480,2,1,1,2,27,6,3,0,0,0,0,0,9,9,E01022782,-1,0,0.02651,0.97349,-1,6,40,1,1,1,16:55,5,3,9
2023451353795,2023,451353795,1,2,2,2,64,9,3,0,0,1,0,0,9,6,E01030631,3,1,0.0,1.0,-1,6,60,1,1,2,07:30,2,1,9
2023320179860,2023,320179860,2,1,1,1,18,4,3,0,0,0,0,0,9,10,E01013293,-1,0,0.01733,0.98267,-1,3,60,8,1,2,14:32,6,2,9
2023631316022,2023,631316022,1,1,1,2,24,5,3,0,0,0,0,0,9,6,W01000502,3,1,0.0,1.0,-1,6,30,1,1,1,13:00,4,2,9
2023010442358,2023,010442358,3,1,2,2,42,7,3,0,0,1,0,0,9,7,E01016370,-1,0,0.0,1.0,-1,3,60,1,1,1,12:10,5,3,9
2023122300263,2023,122300263,2,2,1,1,29,6,3,0,0,0,0,0,9,8,E01027589,-1,0,0.05629,0.94371,-1,6,60,2,4,2,22:09,4,2,9
2023371266492,2023,371266492,2,2,2,1,20,4,3,0,0,1,0,0,9,1,E01030250,3,1,0.0,1.0,-1,6,40,2,1,2,12:06,3,2,9
2023451303215,2023,451303215,2,1,1,1,66,10,3,0,0,0,0,0,9,2,E01002664,3,1,0.0,1.0,-1,3,70,1,4,1,01:55,4,2,9
2023552300831,2023,552300831,1,1,1,2,49,8,3,0,0,0,0,0,9,3,E01015429,-1,0,0.06265,0.93735,-1,6,40,1,1,1,14:58,4,1,9
202360A124579,2023,60A124579,2,1,1,1,79,11,3,0,0,0,0,0,9,-1,-1,-1,0,0.11608,0.88392,-1,6,30,1,1,1,14:01,1,2,9
2023991366885,2023,991366885,2,3,1,1,67,10,3,0,0,0,0,0,9,7,E01029069,3,1,0.0,1.0,-1,6,30,1,1,1,10:30,4,2,9
2023010425757,2023,010425757,1,1,3,2,26,6,3,5,1,0,0,0,0,9,E01000658,-1,0,0.0,1.0,-1,6,30,1,5,1,18:29,2,1,9
2023010427192,2023,010427192,1,1,3,1,11,3,3,5,1,0,0,0,0,2,E01002608,-1,0,0.0,1.0,-1,6,20,1,1,1,16:22,3,1,9
2023010468298,2023,010468298,1,1,1,-1,28,6,3,0,0,0,0,0,3,6,E01000306,-1,0,0.0,1.0,-1,6,20,9,5,9,22:00,7,2,3
2023631324144,2023,631324144,2,1,1,1,23,5,2,0,0,0,0,0,5,7,W01000545,7,1,1.0,0.0,-1,6,60,1,1,1,12:08,5,2,5
202354C352523,2023,54C352523,2,2,2,1,10,2,3,0,0,2,0,0,8,4,E01032101,-1,0,0.02202,0.97798,-1,6,50,1,4,1,16:30,3,2,8
2023430550818,2023,430550818,1,1,3,1,72,10,2,5,1,0,0,0,0,7,E01028467,-1,0,1.0,0.0,-1,6,30,2,4,2,16:45,5,1,9
2023461306333,2023,461306333,1,1,3,2,55,8,3,5,1,0,0,0,0,1,E01024613,3,1,0.0,1.0,-1,6,20,1,1,1,14:32,5,1,9
202360A027797,2023,60A027797,1,1,1,1,13,3,3,0,0,0,0,0,-1,-1,-1,-1,0,0.14146,0.85854,-1,6,30,2,1,2,10:54,6,2,-1
2023461359588,2023,461359588,1,1,3,2,17,4,3,1,1,0,0,0,0,3,E01024166,3,1,0.0,1.0,-1,6,30,1,1,1,14:45,4,1,9
2023522301715,2023,522301715,1,1,1,2,24,5,3,0,0,0,0,0,-1,4,E01014496,-1,0,0.07265,0.92735,-1,1,40,1,1,1,15:30,3,2,-1
2023101290239,2023,101290239,2,1,1,2,28,6,3,0,0,0,0,0,9,-1,-1,3,1,0.0,1.0,-1,6,30,1,1,1,17:43,6,2,9
2023542154523,2023,542154523,1,1,1,2,28,6,3,0,0,0,0,0,9,3,E01017082,-1,0,0.08406,0.91594,-1,6,60,1,1,1,11:24,2,2,9
2023991381092,2023,991381092,1,1,1,2,30,6,3,0,0,0,0,0,9,4,-1,3,1,0.0,1.0,-1,6,30,1,1,2,15:20,5,2,9
2023311381739,2023,311381739,1,1,2,2,66,10,3,0,0,0,4,0,11,3,E01013929,3,1,0.0,1.0,-1,6,30,1,4,1,17:10,4,1,11
2023052300575,2023,052300575,1,1,1,1,62,9,3,0,0,0,0,0,19,5,E01007041,-1,0,0.05257,0.94743,-1,6,20,9,1,2,11:43,6,2,19
2023041306782,2023,041306782,1,1,3,2,86,11,2,5,1,0,0,0,0,9,E01025148,6,1,1.0,0.0,-1,6,20,1,1,1,14:14,4,1,9
2023421309059,2023,421309059,2,2,1,1,18,4,3,0,0,0,0,0,3,-1,-1,3,1,0.0,1.0,-1,3,50,1,7,1,23:00,5,2,3
2023070653417,2023,070653417,2,1,1,1,51,8,2,0,0,0,0,0,5,9,W01000385,-1,0,1.0,0.0,-1,6,60,1,1,1,14:19,4,2,5
2023010436254,2023,010436254,2,3,2,2,-1,-1,3,0,0,2,0,0,9,-1,-1,-1,0,0.0,1.0,-1,6,30,1,4,1,19:25,5,2,9
2023010445205,2023,010445205,2,5,2,2,28,6,3,0,0,2,0,0,9,2,E01021315,-1,0,0.0,1.0,-1,3,30,1,1,1,13:30,6,2,9
2023340WN6832,2023,340WN6832,1,1,2,2,40,7,3,0,0,1,0,0,9,10,E01010172,-1,0,0.1086,0.8914,-1,3,70,2,6,2,03:30,1,2,9
2023610010023,2023,610010023,1,1,3,1,13,3,2,5,3,0,0,0,0,5,W01001347,-1,0,1.0,0.0,-1,6,30,1,1,1,15:45,3,1,11
2023340NN2182,2023,340NN2182,1,1,1,1,71,10,2,0,0,0,0,0,3,7,E01022592,-1,0,1.0,0.0,-1,6,30,1,4,1,22:00,7,1,3
2023231346444,2023,231346444,1,3,2,2,33,6,2,0,0,1,0,0,9,3,E01009629,7,1,1.0,0.0,-1,6,40,1,1,1,12:59,6,2,9
2023451378284,2023,451378284,1,1,2,1,18,4,3,0,0,1,0,0,9,8,E01030885,3,1,0.0,1.0,-1,6,30,1,4,1,23:15,5,1,9
2023430541188,2023,430541188,1,1,2,2,41,7,3,0,0,0,0,0,19,7,E01017705,-1,0,0.00943,0.99057,-1,1,30,1,4,1,16:28,6,2,19
2023010425094,2023,010425094,1,1,1,1,52,8,3,0,0,0,0,0,9,4,E01002593,-1,0,0.0,1.0,-1,3,70,1,1,1,15:56,5,2,9
2023440483363,2023,440483363,2,1,2,1,26,6,3,0,0,2,0,0,9,9,E01018528,-1,0,0.10763,0.89237,-1,3,70,1,6,1,00:38,1,2,9
2023010469781,2023,010469781,2,1,1,2,21,5,3,0,0,0,0,0,1,2,E01001653,-1,0,0.0,1.0,-1,2,30,1,1,1,14:09,3,2,1
2023430488119,2023,430488119,1,1,1,1,57,9,3,0,0,0,0,0,1,5,E01016279,-1,0,0.04782,0.95218,-1,1,30,1,1,1,12:40,5,2,1
2023101279595,2023,101279595,2,1,1,1,33,6,3,0,0,0,0,0,3,1,E01008214,3,1,0.0,1.0,-1,6,20,1,4,1,18:41,4,2,3
2023010469901,2023,010469901,2,1,1,1,43,7,3,0,0,0,0,0,4,9,E01031589,-1,0,0.0,1.0,-1,6,30,9,1,1,10:58,4,2,4
2023010486019,2023,010486019,1,1,1,1,24,5,3,0,0,0,0,0,9,6,E01003393,-1,0,0.0,1.0,-1,6,20,2,1,2,12:50,2,2,9
2023041296435,2023,041296435,1,2,1,1,49,8,3,0,0,0,0,0,9,9,E01025451,3,1,0.0,1.0,-1,3,30,1,1,1,15:30,5,2,9
2023041322310,2023,041322310,2,1,2,2,12,3,3,0,0,2,0,0,9,3,E01005363,3,1,0.0,1.0,-1,3,70,2,1,2,17:58,1,2,9
2023440404795,2023,440404795,1,1,1,1,31,6,3,0,0,0,0,0,9,5,E01023151,-1,0,0.08364,0.91636,-1,6,40,1,4,1,07:00,4,3,9
2023501364693,2023,501364693,2,2,1,2,27,6,2,0,0,0,0,0,9,1,E01015266,7,1,1.0,0.0,-1,3,40,2,4,2,20:00,5,2,9
2023440352674,2023,440352674,1,1,1,1,17,4,3,0,0,0,0,0,3,7,E01017286,-1,0,0.23831,0.76169,-1,6,60,2,1,2,12:42,5,1,3
2023010484622,2023,010484622,2,1,1,2,-1,-1,3,0,0,0,0,0,3,-1,-1,-1,0,0.0,1.0,-1,1,30,1,1,1,15:53,1,2,3
2023041376117,2023,041376117,1,1,1,1,-1,-1,3,0,0,0,0,0,1,7,E01025373,3,1,0.0,1.0,-1,6,30,1,4,1,16:34,7,2,1
2023010452789,2023,010452789,1,1,1,2,22,5,2,0,0,0,0,0,9,2,E01003601,-1,0,1.0,0.0,-1,3,50,1,1,1,15:43,1,2,9
2023421306429,2023,421306429,2,1,1,1,61,9,3,0,0,0,0,0,9,3,E01021326,3,1,0.0,1.0,-1,6,30,1,5,1,04:00,6,2,9
202360A167872,2023,60A167872,2,1,1,1,44,7,3,0,0,0,0,0,9,-1,-1,-1,0,0.04482,0.95518,-1,6,60,2,6,2,22:30,5,2,9
2023010498038,2023,010498038,1,1,1,1,56,9,3,0,0,0,0,0,9,3,E01003585,-1,0,0.0,1.0,-1,6,20,8,4,1,18:39,6,2,9
2023211340119,2023,211340119,1,2,2,2,60,9,3,0,0,1,0,0,9,2,E01009877,3,1,0.0,1.0,-1,6,60,1,1,1,09:03,1,2,9
2023371382021,2023,371382021,2,2,2,1,7,2,3,0,0,2,0,0,9,1,E01033130,3,1,0.0,1.0,-1,6,30,2,1,2,14:05,1,2,9
2023320684786,2023,320684786,2,1,1,2,31,6,3,0,0,0,0,0,9,8,E01026368,-1,0,0.0272,0.9728,-1,6,30,2,4,2,17:30,7,2,9
2023451329792,2023,451329792,1,1,1,2,62,9,3,0,0,0,0,0,9,6,E01030843,3,1,0.0,1.0,-1,6,30,4,1,1,19:07,7,1,9
2023552301101,2023,552301101,2,1,1,2,49,8,3,0,0,0,0,0,9,6,E01020541,-1,0,0.06469,0.93531,-1,6,60,1,1,1,18:36,7,2,9
2023052300235,2023,052300235,1,4,1,1,52,8,3,0,0,0,0,0,19,1,E01007087,-1,0,0.10676,0.89324,-1,6,30,1,1,1,14:55,3,3,19
2023320679007,2023,320679007,2,1,2,2,16,4,3,0,0,2,0,0,9,10,E01028199,-1,0,0.01255,0.98745,-1,7,60,1,4,1,19:20,4,2,9
2023991391411,2023,991391411,1,1,1,2,52,8,3,0,0,0,0,0,9,10,-1,3,1,0.0,1.0,-1,3,40,1,1,1,11:12,6,2,9
2023543144123,2023,543144123,2,1,1,1,64,9,3,0,0,0,0,0,9,8,E01032121,-1,0,0.02419,0.97581,-1,6,60,1,1,1,08:33,6,2,9
2023010448403,2023,010448403,1,1,2,2,58,9,3,0,0,2,0,0,9,2,E01001110,-1,0,0.0,1.0,-1,6,20,1,1,1,14:03,7,2,9
2023141273997,2023,141273997,1,1,1,1,56,9,3,0,0,0,0,0,9,-1,-1,3,1,0.0,1.0,-1,3,40,1,4,1,19:08,2,1,9
2023201287757,2023,201287757,2,1,2,2,26,6,3,0,0,2,0,0,9,-1,-1,3,1,0.0,1.0,-1,1,30,1,1,1,16:35,2,2,9
2023031266150,2023,031266150,1,1,2,2,22,5,3,0,0,1,0,0,9,7,E01019169,3,1,0.0,1.0,-1,6,60,1,6,4,16:47,6,1,9
2023531317581,2023,531317581,2,2,2,1,15,3,3,0,0,1,0,0,9,9,E01022443,3,1,0.0,1.0,-1,1,50,1,1,1,15:20,4,3,9
2023411368397,2023,411368397,2,1,1,1,57,9,3,0,0,0,0,0,1,10,E01023716,3,1,0.0,1.0,-1,6,30,1,1,1,13:25,5,2,1
2023071193171,2023,071193171,1,1,1,1,33,6,2,0,0,0,0,0,3,1,E01018748,-1,0,1.0,0.0,-1,6,50,2,6,2,22:10,1,1,3
202354A672223,2023,54A672223,1,1,1,1,65,9,3,0,0,0,0,0,5,3,E01017127,-1,0,0.18093,0.81907,-1,6,40,1,1,1,14:04,1,2,5
2023361374279,2023,361374279,1,2,3,2,-1,-1,3,10,9,0,0,0,0,9,E01026582,3,1,0.0,1.0,-1,6,30,1,1,1,14:30,5,1,8
2023545445923,2023,545445923,1,1,3,2,15,3,3,4,1,0,0,0,0,7,E01015493,-1,0,0.1264,0.8736,-1,6,30,1,1,1,16:57,4,1,9
2023010461280,2023,010461280,1,1,1,2,54,8,3,0,0,0,0,0,9,3,E01004666,-1,0,0.0,1.0,-1,6,20,1,4,1,21:05,6,1,9
2023201340145,2023,201340145,1,2,2,2,26,6,3,0,0,1,0,0,9,1,E01010371,3,1,0.0,1.0,-1,3,60,1,4,1,22:54,1,1,9
2023201301937,2023,201301937,2,1,1,1,25,5,3,0,0,0,0,0,97,5,E01010393,3,1,0.0,1.0,-1,6,30,1,1,2,08:20,2,2,97
2023211369919,2023,211369919,2,2,1,1,64,9,3,0,0,0,0,0,9,6,E01029389,3,1,0.0,1.0,-1,6,30,2,1,2,13:15,5,3,9
2023221308223,2023,221308223,1,1,1,2,32,6,1,0,0,0,0,0,9,2,E01032461,1,1,0.0,0.0,-1,6,50,1,6,1,22:15,4,2,9
2023231298678,2023,231298678,2,1,1,2,17,4,2,0,0,0,0,0,9,4,E01031127,5,1,1.0,0.0,-1,6,50,1,4,2,00:03,6,2,9
2023411283586,2023,411283586,2,3,2,1,14,3,3,0,0,2,0,0,9,6,E01023927,3,1,0.0,1.0,-1,3,70,1,1,1,17:35,6,2,9
2023471314640,2023,471314640,1,1,1,2,26,6,3,0,0,0,0,0,9,6,E01031468,3,1,0.0,1.0,-1,6,60,1,1,1,18:27,7,4,9
2023541720423,2023,541720423,1,1,1,1,22,5,3,0,0,0,0,0,9,7,E01032039,-1,0,0.09469,0.90531,-1,6,60,1,6,1,21:53,4,1,9
2023631319654,2023,631319654,2,1,1,2,45,7,3,0,0,0,0,0,9,6,W01000671,3,1,0.0,1.0,-1,6,50,1,1,1,09:00,6,2,9
2023332300065,2023,332300065,1,1,1,1,28,6,3,0,0,0,0,0,9,9,E01025719,-1,0,0.06605,0.93395,-1,6,60,8,6,2,17:17,5,2,9
2023471279372,2023,471279372,1,1,3,1,73,10,3,4,1,0,0,0,0,-1,-1,3,1,0.0,1.0,-1,2,30,1,1,1,11:18,4,1,9
2023052301985,2023,052301985,1,1,2,2,0,1,2,0,0,0,0,0,19,-1,-1,-1,0,1.0,0.0,-1,6,30,1,4,9,00:30,1,1,19
2023010424115,2023,010424115,1,2,2,1,31,6,3,0,0,1,0,0,9,1,E01002089,-1,0,0.0,1.0,-1,6,20,1,4,1,00:00,1,1,9
2023311278040,2023,311278040,2,2,2,2,1,1,3,0,0,2,0,0,9,4,E01028380,3,1,0.0,1.0,-1,6,60,1,4,1,18:29,7,2,9
2023411344983,2023,411344983,1,1,1,2,44,7,2,0,0,0,0,0,9,3,E01001501,7,1,1.0,0.0,-1,3,70,1,1,1,10:44,7,1,9
2023010470362,2023,010470362,2,1,1,1,54,8,2,0,0,0,0,0,1,6,E01002135,-1,0,1.0,0.0,-1,6,30,1,1,1,16:57,5,2,1
2023141322052,2023,141322052,1,1,1,1,51,8,3,0,0,0,0,0,1,-1,-1,3,1,0.0,1.0,-1,6,30,1,1,1,16:50,5,2,1
2023991272207,2023,991272207,1,1,3,1,30,6,2,5,3,0,0,2,0,-1,-1,7,1,1.0,0.0,-1,6,30,1,4,1,23:35,6,1,20
2023010420787,2023,010420787,2,1,1,1,36,7,2,0,0,0,0,0,4,1,E01033604,-1,0,1.0,0.0,-1,3,20,2,1,2,14:50,4,2,4
2023010422958,2023,010422958,1,3,2,-1,-1,-1,3,0,0,1,0,0,9,3,E01001489,-1,0,0.0,1.0,-1,9,20,1,1,1,13:52,1,2,9
2023201339293,2023,201339293,1,2,2,1,18,4,2,0,0,2,0,0,9,1,E01033187,5,1,1.0,0.0,-1,6,30,1,4,1,22:46,6,2,9
2023010449495,2023,010449495,1,1,1,1,34,6,3,0,0,0,0,0,3,4,E01004565,-1,0,0.0,1.0,-1,6,20,1,1,1,14:18,6,2,3
2023010462591,2023,010462591,1,1,1,1,26,6,3,0,0,0,0,0,3,2,E01032805,-1,0,0.0,1.0,-1,6,20,1,4,1,23:00,7,2,3
2023411356422,2023,411356422,1,1,3,2,20,4,3,1,9,0,0,0,0,7,E01023856,3,1,0.0,1.0,-1,6,30,1,1,1,17:09,1,1,10
2023010433383,2023,010433383,2,1,1,2,34,6,3,0,0,0,0,0,9,4,E01033725,-1,0,0.0,1.0,-1,3,40,1,1,1,12:50,3,4,9
2023302301095,2023,302301095,1,1,1,2,72,10,3,0,0,0,0,0,9,4,E01019560,-1,0,0.10972,0.89028,-1,6,40,1,1,1,15:30,2,2,9
2023471290526,2023,471290526,1,1,2,2,17,4,3,0,0,1,0,0,9,4,E01003448,3,1,0.0,1.0,-1,6,60,1,6,1,22:00,7,1,9
2023552301045,2023,552301045,2,2,1,1,22,5,3,0,0,0,0,0,9,10,E01020525,-1,0,0.06684,0.93316,-1,6,60,2,1,2,12:55,7,2,9
2023320554038,2023,320554038,1,1,3,2,38,7,3,8,1,0,0,0,0,1,E01026149,-1,0,0.17061,0.82939,-1,6,30,1,1,1,19:20,3,1,9
2023451271472,2023,451271472,1,1,3,1,61,9,3,5,1,0,0,0,0,10,E01030596,3,1,0.0,1.0,-1,6,30,1,1,1,13:00,4,1,9
2023430405232,2023,430405232,2,1,1,1,29,6,2,0,0,0,0,0,1,7,E01028733,-1,0,1.0,0.0,-1,6,20,1,1,1,19:00,5,2,1
2023131375004,2023,131375004,2,1,1,1,36,7,3,0,0,0,0,0,9,1,E01011673,3,1,0.0,1.0,-1,6,30,1,4,1,18:45,6,3,9
2023351324067,2023,351324067,1,1,1,2,50,8,3,0,0,0,0,0,9,7,E01018255,3,1,0.0,1.0,-1,6,30,1,4,2,20:44,1,1,9
2023371261581,2023,371261581,1,1,1,2,39,7,3,0,0,0,0,0,9,8,E01030047,3,1,0.0,1.0,-1,3,70,5,1,2,10:41,3,2,9
2023440445796,2023,440445796,1,1,1,2,34,6,3,0,0,0,0,0,9,10,E01023240,-1,0,0.04535,0.95465,-1,6,30,2,6,2,18:53,3,2,9
2023010474870,2023,010474870,2,1,1,1,24,5,3,0,0,0,0,0,1,4,E01004371,-1,0,0.0,1.0,-1,3,20,1,1,1,11:00,2,2,1
2023461383721,2023,461383721,1,1,3,1,21,5,3,1,3,0,0,2,0,2,E01024049,3,1,0.0,1.0,-1,6,30,2,4,2,16:42,4,1,9
2023070090454,2023,070090454,1,1,1,1,7,2,2,0,0,0,0,0,23,1,E01018476,-1,0,1.0,0.0,-1,6,30,1,1,1,15:47,3,2,23
2023010463520,2023,010463520,1,1,1,-1,27,6,3,0,0,0,0,0,3,6,E01031586,-1,0,0.0,1.0,-1,9,30,9,1,9,15:15,5,2,3
2023010426573,2023,010426573,1,1,1,1,54,8,3,0,0,0,0,0,9,5,E01002586,-1,0,0.0,1.0,-1,1,40,1,4,1,06:07,7,3,9
2023010474778,2023,010474778,1,1,1,1,20,4,3,0,0,0,0,0,9,3,E01002396,-1,0,0.0,1.0,-1,6,30,2,4,2,21:42,1,2,9
2023141345172,2023,141345172,2,1,2,1,44,7,3,0,0,1,0,0,9,3,E01032550,3,1,0.0,1.0,-1,6,30,1,1,1,13:40,5,2,9
2023311295044,2023,311295044,1,1,3,2,49,8,3,5,9,0,0,0,0,-1,-1,3,1,0.0,1.0,-1,6,30,1,1,1,17:33,1,1,9
2023010484552,2023,010484552,2,3,2,1,11,3,3,0,0,1,0,0,9,7,E01001968,-1,0,0.0,1.0,-1,6,40,1,1,1,12:40,1,3,9
2023201292487,2023,201292487,1,1,2,2,27,6,3,0,0,2,0,0,8,1,E01009113,3,1,0.0,1.0,-1,1,20,1,1,1,18:00,5,2,8