collision_index,collision_year,collision_ref_no,vehicle_reference,casualty_reference,casualty_class,sex_of_casualty,age_of_casualty,age_band_of_casualty,casualty_severity,pedestrian_location,pedestrian_movement,car_passenger,bus_or_coach_passenger,pedestrian_road_maintenance_worker,casualty_type,casualty_imd_decile,lsoa_of_casualty,enhanced_casualty_severity,casualty_injury_based,casualty_adjusted_severity_serious,casualty_adjusted_severity_slight,casualty_distance_banding,road_type,speed_limit,weather_conditions,light_conditions,road_surface_conditions,time,day_of_week,number_of_vehicles,vehicle_type
2023361364481,2023,361364481,2,1,1,1,52,8,3,0,0,0,0,0,21,-1,-1,3,1,0.0,1.0,-1,6,40,2,1,2,07:05,5,2,21
2023010473249,2023,010473249,1,1,1,1,30,6,3,0,0,0,0,0,3,2,E01003993,-1,0,0.0,1.0,-1,9,30,9,1,9,13:51,6,2,3
2023440285797,2023,440285797,2,1,1,1,36,7,3,0,0,0,0,0,1,-1,-1,-1,0,0.11838,0.88162,-1,6,30,1,1,1,14:39,1,2,1
2023622300651,2023,622300651,1,1,1,1,51,8,3,0,0,0,0,0,5,1,W01000935,-1,0,0.2475,0.7525,-1,3,70,1,1,1,20:17,7,1,5
2023451381413,2023,451381413,1,1,1,1,16,4,3,0,0,0,0,0,3,9,E01030947,3,1,0.0,1.0,-1,6,40,1,1,2,11:15,6,3,3
2023010482704,2023,010482704,2,1,1,2,38,7,3,0,0,0,0,0,1,4,E01002785,-1,0,0.0,1.0,-1,6,20,2,4,2,18:40,5,2,1
202360A162716,2023,60A162716,1,1,1,1,45,7,2,0,0,0,0,0,1,-1,-1,-1,0,1.0,0.0,-1,6,30,1,4,1,20:26,2,1,1
2023451319253,2023,451319253,1,1,1,2,46,8,3,0,0,0,0,0,9,3,E01017051,3,1,0.0,1.0,-1,7,40,1,4,1,23:05,5,2,9
2023461345302,2023,461345302,2,3,2,2,5,1,3,0,0,2,0,0,9,-1,-1,3,1,0.0,1.0,-1,6,30,1,1,1,20:20,1,2,9
2023010434408,2023,010434408,1,1,3,1,13,3,2,5,1,0,0,0,0,2,E01003124,-1,0,1.0,0.0,-1,3,30,1,1,1,07:42,2,1,9
2023010482426,2023,010482426,1,1,1,2,58,9,3,0,0,0,0,0,1,6,E01001597,-1,0,0.0,1.0,-1,9,30,8,4,1,19:00,4,2,1
2023211345700,2023,211345700,2,1,1,1,73,10,3,0,0,0,0,0,1,-1,-1,3,1,0.0,1.0,-1,6,30,1,1,1,12:35,3,2,1
2023531334653,2023,531334653,1,1,1,1,15,3,2,0,0,0,0,0,1,5,E01022379,7,1,1.0,0.0,-1,6,40,1,1,1,17:15,5,2,1
2023991279509,2023,991279509,1,1,1,1,65,9,3,0,0,0,0,0,4,3,-1,3,1,0.0,1.0,-1,1,60,4,1,1,11:00,2,2,4
2023101305818,2023,101305818,2,1,1,1,43,7,3,0,0,0,0,0,9,5,E01008835,3,1,0.0,1.0,-1,1,30,1,4,1,23:00,1,2,9
2023131452717,2023,131452717,2,1,1,1,47,8,2,0,0,0,0,0,9,7,E01011214,6,1,1.0,0.0,-1,6,30,1,1,1,16:45,6,2,9
2023401286122,2023,401286122,2,1,1,1,28,6,3,0,0,0,0,0,9,6,E01017513,3,1,0.0,1.0,-1,6,30,1,4,1,17:54,7,2,9
2023411341921,2023,411341921,2,1,1,2,18,4,3,0,0,0,0,0,9,8,E01023312,3,1,0.0,1.0,-1,6,30,1,1,-1,07:00,5,2,9
2023610034623,2023,610034623,2,1,2,2,72,10,2,0,0,1,0,0,9,5,E01014840,-1,0,1.0,0.0,-1,6,60,1,1,1,16:19,4,2,9
2023010426166,2023,010426166,1,1,3,2,31,6,3,5,1,0,0,0,0,5,E01002347,-1,0,0.0,1.0,-1,6,30,8,1,1,16:45,4,1,9
2023501275636,2023,501275636,1,1,3,2,29,6,2,9,1,0,0,-1,0,3,E01015189,5,1,1.0,0.0,-1,6,30,1,4,1,18:30,3,1,19
2023421283145,2023,421283145,1,1,1,1,43,7,2,0,0,0,0,0,2,5,E01021773,7,1,1.0,0.0,-1,6,30,1,1,2,07:40,7,1,2
2023430540427,2023,430540427,1,5,2,2,9,2,3,0,0,2,0,0,9,9,E01016513,-1,0,0.07835,0.92165,-1,6,30,1,6,1,16:00,6,3,9
2023471265158,2023,471265158,1,1,1,1,33,6,2,0,0,0,0,0,9,8,E01016888,7,1,1.0,0.0,-1,6,20,1,4,1,21:00,4,2,9
2023010453185,2023,010453185,1,1,1,1,46,8,3,0,0,0,0,0,9,2,E01003346,-1,0,0.0,1.0,-1,6,30,1,1,1,21:05,1,2,9
2023010481732,2023,010481732,2,2,1,1,18,4,3,0,0,0,0,0,9,7,E01000786,-1,0,0.0,1.0,-1,6,30,9,1,1,15:08,1,2,9
2023061272498,2023,061272498,1,1,2,2,72,10,2,0,0,2,0,0,9,9,E01005788,7,1,1.0,0.0,-1,6,30,2,4,2,19:00,7,1,9
2023061362341,2023,061362341,2,1,1,1,71,10,3,0,0,0,0,0,9,10,E01006382,3,1,0.0,1.0,-1,6,30,1,4,-1,20:10,3,2,9
2023201398494,2023,201398494,1,3,2,2,42,7,3,0,0,1,0,0,9,10,E01032162,3,1,0.0,1.0,-1,1,30,1,1,1,16:41,7,2,9
2023401310654,2023,401310654,1,1,1,1,59,9,3,0,0,0,0,0,9,7,E01017564,3,1,0.0,1.0,-1,3,70,1,1,1,08:45,5,3,9
2023010477986,2023,010477986,2,3,1,1,41,7,3,0,0,0,0,0,9,9,E01001453,-1,0,0.0,1.0,-1,3,20,1,4,2,17:50,3,3,9
2023010419987,2023,010419987,1,1,1,1,36,7,3,0,0,0,0,0,3,4,E01002236,-1,0,0.0,1.0,-1,6,20,1,1,1,13:57,6,2,3
2023061383611,2023,061383611,1,1,3,2,56,9,2,1,3,0,0,0,0,-1,-1,7,1,1.0,0.0,-1,6,30,9,4,2,17:30,4,1,9
2023010469547,2023,010469547,1,1,1,2,27,6,3,0,0,0,0,0,1,4,E01000554,-1,0,0.0,1.0,-1,9,20,1,1,1,12:00,7,2,1
2023010449189,2023,010449189,1,2,2,-1,-1,-1,3,0,0,1,0,0,9,3,E01003319,-1,0,0.0,1.0,-1,6,20,8,1,1,09:00,5,2,9
2023131302560,2023,131302560,1,1,1,1,21,5,2,0,0,0,0,0,9,7,E01011646,7,1,1.0,0.0,-1,6,20,2,4,2,01:32,2,3,9
2023522301756,2023,522301756,2,1,1,2,23,5,3,0,0,0,0,0,9,5,E01014861,-1,0,0.01771,0.98229,-1,6,50,8,1,1,10:29,1,2,9
2023201327708,2023,201327708,2,1,1,1,45,7,3,0,0,0,0,0,1,3,E01009553,3,1,0.0,1.0,-1,6,30,1,1,1,12:00,6,2,1
2023131317849,2023,131317849,2,1,1,1,7,2,3,0,0,0,0,0,1,2,E01010619,3,1,0.0,1.0,-1,6,20,1,1,1,18:23,2,2,1
2023351394274,2023,351394274,1,1,1,1,33,6,3,0,0,0,0,0,5,1,E01015611,3,1,0.0,1.0,-1,3,70,1,1,1,20:11,7,1,5
2023170M10323,2023,170M10323,1,1,3,1,4,1,3,5,2,0,0,0,0,-1,-1,-1,0,0.11606,0.88394,-1,6,20,1,1,1,15:19,6,1,10
2023201341333,2023,201341333,1,1,3,1,20,4,2,8,2,0,0,2,0,-1,-1,7,1,1.0,0.0,-1,6,30,1,5,1,23:38,1,1,9
2023440165427,2023,440165427,1,1,1,2,29,6,3,0,0,0,0,0,9,8,E01022652,-1,0,0.00409,0.99591,-1,7,60,2,1,2,15:20,5,2,9
2023501326428,2023,501326428,2,2,2,2,56,9,3,0,0,2,0,0,9,5,E01020208,3,1,0.0,1.0,-1,6,30,1,1,1,15:20,5,2,9
2023991389128,2023,991389128,6,2,1,1,51,8,3,0,0,0,0,0,9,2,-1,3,1,0.0,1.0,-1,3,50,4,1,2,14:30,7,6,9
2023520301023,2023,520301023,1,1,1,1,42,7,2,0,0,0,0,0,19,4,E01014496,-1,0,1.0,0.0,-1,7,70,1,1,1,07:45,5,4,19
2023311378202,2023,311378202,1,1,1,1,30,6,3,0,0,0,0,0,1,2,E01013943,3,1,0.0,1.0,-1,6,30,1,1,1,07:45,5,2,1
2023010420862,2023,010420862,1,1,3,2,87,11,3,5,9,0,0,0,0,3,E01001864,-1,0,0.0,1.0,-1,3,20,2,1,2,11:30,4,1,9
2023131300685,2023,131300685,1,1,3,1,12,3,3,8,3,0,0,2,0,4,E01011546,3,1,0.0,1.0,-1,6,20,1,1,1,08:22,3,1,9
2023010445129,2023,010445129,1,2,1,1,50,8,3,0,0,0,0,0,1,7,E01001226,-1,0,0.0,1.0,-1,6,20,1,1,1,18:15,4,1,1
2023552301312,2023,552301312,1,1,1,1,21,5,3,0,0,0,0,0,3,5,E01020469,-1,0,0.14672,0.85328,-1,6,30,1,1,1,15:29,6,2,3
2023170S10783,2023,170S10783,2,1,1,2,62,9,3,0,0,0,0,0,9,7,E01012270,-1,0,0.05631,0.94369,-1,6,30,1,1,1,17:45,2,2,9
2023201311639,2023,201311639,1,2,2,2,25,5,3,0,0,1,0,0,9,3,E01010070,3,1,0.0,1.0,-1,6,30,1,1,1,17:21,1,2,9
2023361285487,2023,361285487,2,1,1,2,41,7,3,0,0,0,0,0,9,3,E01026756,3,1,0.0,1.0,-1,6,50,3,1,3,15:50,6,2,9
2023421272328,2023,421272328,3,2,2,2,18,4,3,0,0,1,0,0,9,-1,-1,3,1,0.0,1.0,-1,6,60,1,1,1,11:28,7,4,9
2023041332210,2023,041332210,1,1,3,2,70,10,3,1,9,0,0,0,0,2,E01024863,3,1,0.0,1.0,-1,6,30,1,1,1,13:50,7,1,9
2023010482861,2023,010482861,1,1,1,-1,-1,-1,3,0,0,0,0,0,3,3,E01001154,-1,0,0.0,1.0,-1,9,30,9,4,9,17:45,4,2,3
2023371277933,2023,371277933,2,1,1,2,61,9,2,0,0,0,0,0,5,6,E01030002,7,1,1.0,0.0,-1,6,30,1,4,1,17:48,7,2,5
2023010440098,2023,010440098,2,2,2,2,45,7,3,0,0,2,0,0,8,-1,-1,-1,0,0.0,1.0,-1,3,50,1,4,1,23:54,6,3,8
2023010475548,2023,010475548,1,1,1,1,59,9,3,0,0,0,0,0,8,2,E01000087,-1,0,0.0,1.0,-1,6,20,2,4,2,21:39,4,2,8
2023421321203,2023,421321203,2,1,1,1,36,7,2,0,0,0,0,0,1,7,E01021407,7,1,1.0,0.0,-1,6,30,1,1,1,18:35,3,2,1
2023211387297,2023,211387297,2,1,1,1,62,9,1,0,0,0,0,0,5,5,E01029795,1,1,0.0,0.0,-1,6,30,2,4,2,04:40,3,2,5
2023520300668,2023,520300668,1,1,1,2,58,9,2,0,0,0,0,0,1,6,E01029054,-1,0,1.0,0.0,-1,6,40,1,6,4,05:20,6,2,1
2023311318074,2023,311318074,2,1,1,1,47,8,3,0,0,0,0,0,1,-1,-1,3,1,0.0,1.0,-1,6,30,1,1,1,15:30,2,2,1
2023010421898,2023,010421898,1,1,2,1,0,1,3,0,0,0,4,0,11,3,E01003597,-1,0,0.0,1.0,-1,6,20,1,4,1,17:20,3,1,11
2023010445194,2023,010445194,1,1,1,1,59,9,3,0,0,0,0,0,9,2,E01004041,-1,0,0.0,1.0,-1,6,30,1,1,1,08:25,6,2,9
2023440143415,2023,440143415,2,1,1,2,78,11,3,0,0,0,0,0,9,10,E01022756,-1,0,0.03331,0.96669,-1,6,30,2,1,2,14:59,4,3,9
2023440279599,2023,440279599,1,1,1,1,29,6,3,0,0,0,0,0,9,-1,-1,-1,0,0.04999,0.95001,-1,6,20,1,1,1,10:02,4,2,9
2023552301327,2023,552301327,1,1,1,2,54,8,3,0,0,0,0,0,9,8,E01015447,-1,0,0.04386,0.95614,-1,6,40,1,1,1,09:12,3,2,9
2023010442033,2023,010442033,2,1,1,2,20,4,2,0,0,0,0,0,5,2,E01002049,-1,0,1.0,0.0,-1,2,20,1,1,1,16:16,3,3,5
2023010431830,2023,010431830,1,1,1,1,38,7,3,0,0,0,0,0,8,9,E01033614,-1,0,0.0,1.0,-1,6,20,9,7,9,23:18,7,2,8
2023201317935,2023,201317935,2,3,2,1,3,1,3,0,0,2,0,0,9,5,E01010348,3,1,0.0,1.0,-1,3,50,1,1,1,17:30,4,2,9
2023161337162,2023,161337162,1,1,1,1,36,7,3,0,0,0,0,0,19,7,E01013097,3,1,0.0,1.0,-1,3,70,2,1,2,10:30,2,2,19
2023010439722,2023,010439722,2,2,1,1,16,4,2,0,0,0,0,0,4,-1,-1,-1,0,1.0,0.0,-1,6,20,1,4,1,01:02,5,2,4
2023010434162,2023,010434162,1,1,1,1,34,6,3,0,0,0,0,0,9,2,E01002054,-1,0,0.0,1.0,-1,3,50,2,1,2,17:40,6,2,9
2023161364119,2023,161364119,1,1,1,1,44,7,3,0,0,0,0,0,9,10,E01012978,3,1,0.0,1.0,-1,6,30,1,1,1,16:30,6,2,9
2023440194745,2023,440194745,2,2,1,1,47,8,3,0,0,0,0,0,9,5,E01023086,-1,0,0.03008,0.96992,-1,6,60,1,1,1,16:43,4,2,9
2023544201223,2023,544201223,1,1,3,1,6,2,3,5,1,0,0,0,0,7,E01015581,-1,0,0.09993,0.90007,-1,6,20,1,1,1,17:30,5,1,9
2023010470886,2023,010470886,1,1,1,2,36,7,3,0,0,0,0,0,1,2,E01001758,-1,0,0.0,1.0,-1,9,30,8,1,1,08:00,2,2,1
2023010456895,2023,010456895,2,1,1,1,22,5,3,0,0,0,0,0,1,-1,-1,-1,0,0.0,1.0,-1,6,20,1,4,1,10:25,2,2,1
2023440189057,2023,440189057,1,1,2,1,49,8,3,0,0,2,0,0,8,5,E01017013,-1,0,0.02655,0.97345,-1,6,30,1,4,1,01:00,1,2,8
2023421363291,2023,421363291,2,1,1,1,9,2,3,0,0,0,0,0,1,9,E01021654,3,1,0.0,1.0,-1,6,30,1,1,2,08:15,6,2,1
2023010437270,2023,010437270,2,1,1,1,20,4,3,0,0,0,0,0,1,2,E01001748,-1,0,0.0,1.0,-1,6,20,1,1,1,15:54,5,2,1
2023201281236,2023,201281236,1,1,3,1,13,3,3,6,9,0,0,0,0,2,E01010065,3,1,0.0,1.0,-1,6,30,1,7,1,09:00,5,1,9
2023101390001,2023,101390001,2,1,1,2,32,6,3,0,0,0,0,0,9,5,E01027441,3,1,0.0,1.0,-1,6,40,1,1,1,18:53,7,2,9
2023361307570,2023,361307570,2,2,2,1,70,10,3,0,0,2,0,0,9,8,E01026929,3,1,0.0,1.0,-1,6,30,1,1,1,17:00,7,2,9
2023546570023,2023,546570023,1,1,1,2,19,4,3,0,0,0,0,0,9,4,E01015258,-1,0,0.09891,0.90109,-1,6,60,1,6,1,01:33,6,1,9
2023111393974,2023,111393974,2,1,1,1,11,3,3,0,0,0,0,0,1,2,E01020878,3,1,0.0,1.0,-1,6,30,2,4,2,15:30,6,2,1
2023440038270,2023,440038270,1,1,1,1,34,6,1,0,0,0,0,0,5,10,E01023279,-1,0,0.0,0.0,-1,3,70,1,7,2,23:02,7,2,5
2023010434418,2023,010434418,1,4,3,2,9,2,3,5,1,0,0,0,0,2,E01001849,-1,0,0.0,1.0,-1,6,20,1,1,1,09:00,2,1,19
2023501270986,2023,501270986,1,1,3,1,62,9,3,9,7,0,0,0,0,6,E01018959,3,1,0.0,1.0,-1,6,20,1,1,1,10:46,4,1,9
2023010457316,2023,010457316,1,1,1,1,37,7,3,0,0,0,0,0,1,2,E01002033,-1,0,0.0,1.0,-1,6,20,1,1,1,07:40,4,2,1
2023320787153,2023,320787153,2,1,2,2,4,1,3,0,0,2,0,0,9,5,E01026414,-1,0,0.07907,0.92093,-1,6,60,1,6,1,16:50,7,2,9
2023340WN2972,2023,340WN2972,2,1,1,1,24,5,3,0,0,0,0,0,9,5,E01027133,-1,0,0.039,0.961,-1,6,30,1,4,1,01:55,7,2,9
2023371277831,2023,371277831,2,1,1,2,34,6,3,0,0,0,0,0,9,1,E01029980,3,1,0.0,1.0,-1,6,30,1,1,1,12:58,6,2,9
2023430078592,2023,430078592,1,3,1,2,40,7,3,0,0,0,0,0,9,9,E01028761,-1,0,0.07919,0.92081,-1,6,50,1,1,1,14:14,2,2,9
2023991393057,2023,991393057,2,4,2,2,66,10,3,0,0,2,0,0,9,10,-1,3,1,0.0,1.0,-1,3,30,1,4,2,17:10,5,2,9
2023231291126,2023,231291126,1,1,2,2,56,9,3,0,0,2,0,0,9,1,E01009572,3,1,0.0,1.0,-1,3,70,1,1,1,08:00,2,3,9
2023320567193,2023,320567193,1,1,1,2,64,9,3,0,0,0,0,0,9,6,E01026404,-1,0,0.09559,0.90441,-1,6,60,2,1,2,09:20,3,1,9
2023070088281,2023,070088281,1,1,1,1,29,6,3,0,0,0,0,0,9,2,E01005566,-1,0,0.10738,0.89262,-1,6,60,1,6,2,21:54,2,1,9
202354B421923,2023,54B421923,2,1,1,2,39,7,3,0,0,0,0,0,9,6,E01032078,-1,0,0.01104,0.98896,-1,1,60,2,4,2,18:27,7,3,9
2023052301722,2023,052301722,2,1,2,2,8,2,3,0,0,2,0,0,9,6,E01006465,-1,0,0.01655,0.98345,-1,3,40,1,1,1,15:55,4,2,9
2023101267488,2023,101267488,1,1,1,2,33,6,2,0,0,0,0,0,9,10,E01027494,6,1,1.0,0.0,-1,6,30,1,1,1,11:00,3,3,9
2023430538634,2023,430538634,2,1,1,1,40,7,3,0,0,0,0,0,9,6,E01033505,-1,0,0.02127,0.97873,-1,3,70,1,1,1,14:50,5,2,9
2023461286690,2023,461286690,1,2,2,2,19,4,3,0,0,2,0,0,9,4,E01024665,3,1,0.0,1.0,-1,1,30,1,1,1,15:40,1,2,9
2023340WN1742,2023,340WN1742,2,1,2,2,43,7,3,0,0,2,0,0,9,-1,-1,-1,0,0.02223,0.97777,-1,3,70,1,1,1,09:25,4,2,9
2023371284864,2023,371284864,2,2,1,1,31,6,3,0,0,0,0,0,9,4,E01033041,3,1,0.0,1.0,-1,3,40,3,4,3,19:00,4,3,9
2023211347003,2023,211347003,1,3,3,1,51,8,3,10,9,0,0,0,0,9,E01019839,3,1,0.0,1.0,-1,6,50,1,1,1,21:25,6,2,9
2023371372387,2023,371372387,1,1,3,1,60,9,3,9,5,0,0,0,0,2,E01029984,3,1,0.0,1.0,-1,6,30,2,1,2,12:28,1,1,9
2023411311452,2023,411311452,1,1,3,1,23,5,2,4,5,0,0,0,0,10,E01023733,7,1,1.0,0.0,-1,6,30,1,4,1,00:35,7,1,8
2023430307189,2023,430307189,1,1,3,1,64,9,2,5,1,0,0,0,0,6,E01016492,-1,0,1.0,0.0,-1,6,30,1,1,1,17:25,3,1,9
2023501371846,2023,501371846,2,1,1,1,33,6,3,0,0,0,0,0,1,5,E01015129,3,1,0.0,1.0,-1,3,30,1,4,1,17:55,3,2,1
2023010477574,2023,010477574,1,1,1,1,45,7,2,0,0,0,0,0,5,2,E01033726,-1,0,1.0,0.0,-1,6,30,2,4,2,19:04,1,3,5
2023061328447,2023,061328447,1,1,3,1,42,7,3,5,3,0,0,2,0,2,E01005369,3,1,0.0,1.0,-1,6,30,1,1,1,15:25,3,1,9
2023991328443,2023,991328443,2,1,1,1,26,6,3,0,0,0,0,0,9,2,-1,3,1,0.0,1.0,-1,6,40,1,1,1,12:25,3,2,9
2023161289222,2023,161289222,1,1,1,1,20,4,2,0,0,0,0,0,9,5,E01013019,7,1,1.0,0.0,-1,3,40,2,4,2,21:56,3,1,9
2023201350062,2023,201350062,2,1,1,1,53,8,3,0,0,0,0,0,9,10,E01010210,3,1,0.0,1.0,-1,6,30,1,1,1,16:15,5,2,9
2023361306785,2023,361306785,3,1,1,2,38,7,3,0,0,0,0,0,9,2,E01026820,3,1,0.0,1.0,-1,6,30,1,1,1,15:42,6,4,9
2023371384597,2023,371384597,2,1,1,1,-1,-1,3,0,0,0,0,0,2,-1,-1,3,1,0.0,1.0,-1,1,20,1,1,2,15:50,4,2,2
2023010437417,2023,010437417,1,1,1,2,25,5,3,0,0,0,0,0,9,2,E01003350,-1,0,0.0,1.0,-1,1,30,1,5,1,19:54,4,2,9
2023041319155,2023,041319155,2,3,2,2,19,4,3,0,0,2,0,0,9,3,E01025269,3,1,0.0,1.0,-1,6,30,1,1,1,16:15,5,2,9
2023061387060,2023,061387060,2,1,1,-1,30,6,2,0,0,0,0,0,9,3,E01005479,6,1,1.0,0.0,-1,6,30,2,4,2,18:25,5,2,9
2023071389228,2023,071389228,1,2,2,1,16,4,3,0,0,1,0,0,9,3,E01018611,3,1,0.0,1.0,-1,6,30,1,1,2,00:42,1,2,9
2023131388409,2023,131388409,1,1,2,1,33,6,3,0,0,1,0,0,9,1,E01011756,3,1,0.0,1.0,-1,6,30,8,4,2,23:42,4,2,9
2023320498255,2023,320498255,2,1,1,1,64,9,3,0,0,0,0,0,9,2,E01026049,-1,0,0.11879,0.88121,-1,6,60,1,1,1,14:40,6,2,9
2023052301559,2023,052301559,2,3,1,1,39,7,3,0,0,0,0,0,8,2,E01006785,-1,0,0.05152,0.94848,-1,6,30,1,1,1,15:50,4,2,8
2023131259268,2023,131259268,1,1,3,1,81,11,3,10,5,0,0,2,0,1,E01011916,3,1,0.0,1.0,-1,3,30,1,4,2,16:45,2,1,9
2023440212497,2023,440212497,1,1,1,1,12,3,3,0,0,0,0,0,1,2,E01017188,-1,0,0.12769,0.87231,-1,6,30,1,1,1,14:15,2,1,1
2023440221076,2023,440221076,1,1,1,1,19,4,2,0,0,0,0,0,5,10,E01023194,-1,0,1.0,0.0,-1,6,50,1,1,1,16:46,1,1,5
202360A005307,2023,60A005307,1,1,3,1,9,2,3,9,5,0,0,0,0,-1,-1,-1,0,0.09817,0.90183,-1,6,30,9,1,1,15:36,4,1,9
2023430035185,2023,430035185,2,1,1,1,38,7,3,0,0,0,0,0,1,9,E01016315,-1,0,0.14089,0.85911,-1,6,30,1,1,2,11:27,3,2,1
2023010449121,2023,010449121,1,1,1,1,27,6,3,0,0,0,0,0,4,3,E01004342,-1,0,0.0,1.0,-1,2,30,1,4,1,00:15,5,2,4
2023010446034,2023,010446034,1,1,1,1,27,6,3,0,0,0,0,0,5,8,E01004687,-1,0,0.0,1.0,-1,3,40,1,1,1,17:55,3,2,5
2023010459250,2023,010459250,1,1,1,1,33,6,1,0,0,0,0,0,5,7,E01023398,-1,0,0.0,0.0,-1,3,50,1,4,1,20:08,1,1,5
2023522301609,2023,522301609,1,1,1,2,25,5,3,0,0,0,0,0,3,7,W01000684,-1,0,0.1266,0.8734,-1,3,40,1,1,1,17:54,2,2,3
2023991305973,2023,991305973,1,1,3,1,13,3,1,4,1,0,0,2,0,-1,-1,1,1,0.0,0.0,-1,6,30,1,1,1,17:45,4,1,9
2023501373889,2023,501373889,2,1,1,1,11,3,3,0,0,0,0,0,1,8,E01020110,3,1,0.0,1.0,-1,6,30,1,1,1,17:15,2,2,1
2023010423060,2023,010423060,1,1,1,1,35,6,3,0,0,0,0,0,9,2,E01001118,-1,0,0.0,1.0,-1,9,30,1,1,1,01:00,6,2,9
2023141332135,2023,141332135,2,2,1,1,47,8,3,0,0,0,0,0,9,8,E01007502,3,1,0.0,1.0,-1,6,30,8,1,1,17:56,3,2,9
2023332300536,2023,332300536,1,1,2,2,67,10,3,0,0,1,0,0,9,8,E01025760,-1,0,0.08141,0.91859,-1,6,60,1,1,1,17:20,1,1,9
2023201379496,2023,201379496,2,2,2,2,26,6,3,0,0,-1,0,0,9,1,E01015932,3,1,0.0,1.0,-1,3,40,1,4,1,22:00,6,3,9
2023451354821,2023,451354821,1,1,2,2,24,5,3,0,0,1,0,0,9,4,E01002603,3,1,0.0,1.0,-1,6,30,1,1,1,11:09,4,3,9
2023071326621,2023,071326621,1,1,1,1,46,8,3,0,0,0,0,0,9,3,E01018482,-1,0,0.04915,0.95085,-1,6,30,2,4,2,19:35,4,2,9
2023201379731,2023,201379731,1,2,2,1,-1,-1,3,0,0,1,0,0,9,2,E01010311,3,1,0.0,1.0,-1,6,30,1,1,2,08:17,1,2,9
2023451259266,2023,451259266,2,1,1,2,43,7,3,0,0,0,0,0,9,10,E01030866,3,1,0.0,1.0,-1,3,30,2,4,2,19:20,3,2,9
2023461377967,2023,461377967,2,2,2,2,10,2,3,0,0,1,0,0,9,10,E01016050,3,1,0.0,1.0,-1,6,30,1,1,1,02:30,7,2,9
2023061327778,2023,061327778,2,3,2,2,9,2,3,0,0,2,0,0,9,2,E01005438,3,1,0.0,1.0,-1,6,30,1,1,1,17:46,6,2,9
2023101287910,2023,101287910,1,1,2,2,85,11,3,0,0,1,0,0,9,4,E01027474,3,1,0.0,1.0,-1,6,30,1,1,1,09:25,4,2,9
2023131290152,2023,131290152,2,1,1,1,66,10,3,0,0,0,0,0,9,9,E01011151,3,1,0.0,1.0,-1,6,30,1,1,1,09:55,6,2,9
2023231388974,2023,231388974,2,1,1,1,43,7,3,0,0,0,0,0,9,6,E01019878,3,1,0.0,1.0,-1,6,50,2,6,2,18:30,4,2,9
2023991297591,2023,991297591,1,5,2,1,18,4,2,0,0,2,0,0,9,-1,-1,6,1,1.0,0.0,-1,6,60,1,1,1,16:32,2,2,9
2023010449557,2023,010449557,1,2,2,2,17,4,2,0,0,1,0,0,9,7,E01030502,-1,0,1.0,0.0,-1,6,30,1,4,1,21:30,6,1,9
2023010428306,2023,010428306,1,3,2,1,-1,-1,3,0,0,2,0,0,9,4,E01002507,-1,0,0.0,1.0,-1,6,20,1,4,1,11:25,1,2,9
2023201409582,2023,201409582,1,1,1,2,20,4,3,0,0,0,0,0,9,2,E01010474,3,1,0.0,1.0,-1,1,30,1,4,1,19:17,3,2,9
2023010476296,2023,010476296,3,2,1,1,66,10,3,0,0,0,0,0,9,5,E01000285,-1,0,0.0,1.0,-1,6,30,1,1,1,11:25,2,3,9
2023061339879,2023,061339879,1,1,2,2,65,9,3,0,0,1,0,0,9,1,E01005381,3,1,0.0,1.0,-1,6,30,1,1,1,10:42,4,3,9
2023351367004,2023,351367004,2,1,1,1,31,6,3,0,0,0,0,0,9,-1,-1,3,1,0.0,1.0,-1,6,40,1,4,2,19:25,1,2,9
2023041369640,2023,041369640,2,1,1,2,38,7,3,0,0,0,0,0,9,6,E01032928,3,1,0.0,1.0,-1,3,70,2,6,2,17:52,4,2,9
2023070281729,2023,070281729,1,1,1,2,21,5,3,0,0,0,0,0,9,6,E01018514,-1,0,0.06342,0.93658,-1,6,40,1,1,1,14:45,2,1,9
2023131309840,2023,131309840,1,2,1,1,21,5,2,0,0,0,0,0,9,1,E01010702,6,1,1.0,0.0,-1,6,30,1,4,1,23:24,1,3,9
2023361368287,2023,361368287,2,2,2,2,-1,-1,3,0,0,1,0,0,9,-1,-1,3,1,0.0,1.0,-1,6,60,2,1,2,13:11,5,2,9
2023430334750,2023,430334750,2,3,2,1,43,7,2,0,0,1,0,0,9,8,E01028726,-1,0,1.0,0.0,-1,6,30,1,4,1,01:07,6,2,9
2023451298094,2023,451298094,2,1,1,2,53,8,3,0,0,0,0,0,9,10,E01030897,3,1,0.0,1.0,-1,6,30,1,1,1,10:30,1,4,9
2023991269370,2023,991269370,2,1,2,2,80,11,3,0,0,0,4,0,11,9,-1,3,1,0.0,1.0,-1,6,30,1,1,1,11:30,7,2,11
2023010465426,2023,010465426,2,2,2,2,8,2,3,0,0,2,0,0,9,5,E01001310,-1,0,0.0,1.0,-1,6,30,1,1,1,15:35,1,2,9
2023371325934,2023,371325934,1,2,2,1,6,2,3,0,0,2,0,0,9,-1,-1,3,1,0.0,1.0,-1,6,60,2,1,2,19:30,3,2,9
2023440186104,2023,440186104,2,2,1,1,24,5,3,0,0,0,0,0,9,-1,-1,-1,0,0.03765,0.96235,-1,6,30,1,1,1,07:25,6,2,9
2023461311265,2023,461311265,2,1,1,1,22,5,3,0,0,0,0,0,9,3,E01024567,3,1,0.0,1.0,-1,3,60,1,4,1,23:30,7,2,9