collision_index,collision_year,collision_ref_no,vehicle_reference,casualty_reference,casualty_class,sex_of_casualty,age_of_casualty,age_band_of_casualty,casualty_severity,pedestrian_location,pedestrian_movement,car_passenger,bus_or_coach_passenger,pedestrian_road_maintenance_worker,casualty_type,casualty_imd_decile,lsoa_of_casualty,enhanced_casualty_severity,casualty_injury_based,casualty_adjusted_severity_serious,casualty_adjusted_severity_slight,casualty_distance_banding,road_type,speed_limit,weather_conditions,light_conditions,road_surface_conditions,time,day_of_week,number_of_vehicles,vehicle_type
2023461394581,2023,461394581,1,1,1,1,80,11,3,0,0,0,0,0,9,6,E01004518,3,1,0.0,1.0,-1,6,40,2,1,2,15:11,5,3,9
2023131311977,2023,131311977,1,3,2,2,17,4,3,0,0,2,0,0,9,2,E01010804,3,1,0.0,1.0,-1,6,30,1,4,1,01:14,7,2,9
2023522300569,2023,522300569,2,2,1,2,28,6,3,0,0,0,0,0,9,8,E01014745,-1,0,0.01532,0.98468,-1,6,30,2,1,2,11:56,5,2,9
2023010423633,2023,010423633,1,1,3,2,-1,-1,3,1,1,0,0,0,0,3,E01000872,-1,0,0.0,1.0,-1,6,20,1,1,1,08:00,5,1,9
2023332301046,2023,332301046,1,1,3,2,39,7,3,5,3,0,0,0,0,3,E01013744,-1,0,0.02158,0.97842,-1,6,20,1,4,1,19:35,5,1,19
2023010443924,2023,010443924,2,1,1,1,28,6,2,0,0,0,0,0,1,-1,-1,-1,0,1.0,0.0,-1,6,20,1,1,1,13:19,6,2,1
2023061387648,2023,061387648,2,1,1,1,26,6,3,0,0,0,0,0,1,2,E01033680,3,1,0.0,1.0,-1,6,30,2,4,2,18:50,3,2,1
2023411322878,2023,411322878,2,2,1,1,37,7,3,0,0,0,0,0,3,5,E01023772,3,1,0.0,1.0,-1,1,40,1,1,1,20:12,4,2,3
202360A109376,2023,60A109376,1,1,1,1,27,6,2,0,0,0,0,0,3,-1,-1,-1,0,1.0,0.0,-1,6,30,1,7,1,00:53,4,1,3
2023010473234,2023,010473234,1,1,1,1,58,9,3,0,0,0,0,0,3,4,E01003628,-1,0,0.0,1.0,-1,6,30,9,4,1,18:40,6,2,3
2023320490551,2023,320490551,2,1,1,2,74,10,3,0,0,0,0,0,9,5,E01026284,-1,0,0.04933,0.95067,-1,6,30,1,1,1,12:34,3,2,9
2023430426244,2023,430426244,2,1,1,1,26,6,2,0,0,0,0,0,9,8,E01017836,-1,0,1.0,0.0,-1,2,30,1,1,1,14:14,6,2,9
2023461285274,2023,461285274,2,2,2,2,10,2,3,0,0,1,0,0,9,8,E01000680,3,1,0.0,1.0,-1,6,60,1,1,1,11:48,1,2,9
2023440512110,2023,440512110,2,1,1,1,52,8,3,0,0,0,0,0,1,3,E01017349,-1,0,0.18842,0.81158,-1,6,30,1,4,1,17:11,6,2,1
2023010427482,2023,010427482,1,1,1,2,38,7,3,0,0,0,0,0,3,4,E01001241,-1,0,0.0,1.0,-1,9,30,9,1,9,10:15,4,2,3
2023411358873,2023,411358873,2,1,1,2,29,6,3,0,0,0,0,0,3,7,E01023902,3,1,0.0,1.0,-1,6,40,1,1,1,11:04,1,2,3
2023010434743,2023,010434743,2,4,2,2,43,7,3,0,0,1,0,0,9,4,E01004124,-1,0,0.0,1.0,-1,6,20,1,1,1,18:41,3,3,9
2023161300439,2023,161300439,1,1,1,2,37,7,3,0,0,0,0,0,9,-1,-1,3,1,0.0,1.0,-1,6,30,1,1,1,19:25,2,1,9
2023361367095,2023,361367095,1,2,2,1,24,5,3,0,0,-1,0,0,9,-1,-1,3,1,0.0,1.0,-1,6,60,1,6,2,20:17,4,2,9
2023131304193,2023,131304193,2,1,2,2,26,6,3,0,0,0,0,0,9,3,E01011907,3,1,0.0,1.0,-1,6,30,1,1,1,14:45,4,2,9
2023311417493,2023,311417493,1,1,1,1,61,9,3,0,0,0,0,0,9,8,E01019854,3,1,0.0,1.0,-1,6,30,1,1,1,11:33,1,4,9
2023320685272,2023,320685272,1,4,2,2,7,2,3,0,0,2,0,0,9,6,E01026380,-1,0,0.12351,0.87649,-1,6,60,2,6,2,21:20,7,1,9
2023549160823,2023,549160823,1,1,2,2,19,4,3,0,0,1,0,0,9,-1,-1,-1,0,0.05962,0.94038,-1,3,70,1,6,1,21:30,4,1,9
2023201315947,2023,201315947,2,1,1,1,32,6,3,0,0,0,0,0,9,-1,-1,3,1,0.0,1.0,-1,6,30,1,4,1,19:58,2,2,9
2023411292379,2023,411292379,1,1,1,2,49,8,3,0,0,0,0,0,9,6,E01023582,3,1,0.0,1.0,-1,6,30,1,1,1,10:45,7,2,9
2023010455240,2023,010455240,1,1,2,1,1,1,3,0,0,0,4,0,11,5,E01002426,-1,0,0.0,1.0,-1,6,20,1,1,2,16:15,6,1,11
2023010471859,2023,010471859,1,1,1,2,53,8,3,0,0,0,0,0,9,6,E01023341,-1,0,0.0,1.0,-1,6,20,1,4,2,05:50,7,2,9
2023052302944,2023,052302944,1,1,3,2,37,7,2,6,9,0,0,0,0,2,E01007130,-1,0,1.0,0.0,-1,6,30,2,1,2,08:39,2,1,1
2023552300282,2023,552300282,2,1,1,1,33,6,3,0,0,0,0,0,5,5,E01015468,-1,0,0.11332,0.88668,-1,6,30,1,1,1,13:36,5,2,5
2023031258850,2023,031258850,1,1,1,2,20,4,3,0,0,0,0,0,9,9,E01019326,3,1,0.0,1.0,-1,6,60,1,6,4,18:27,2,1,9
2023340NN3312,2023,340NN3312,1,1,1,2,35,6,3,0,0,0,0,0,9,3,E01001488,-1,0,0.08182,0.91818,-1,6,60,1,4,1,20:05,5,2,9
202354A544323,2023,54A544323,1,1,1,1,49,8,3,0,0,0,0,0,9,10,E01022386,-1,0,0.10321,0.89679,-1,3,70,1,6,2,23:09,4,1,9
2023991348803,2023,991348803,2,4,2,2,8,2,3,0,0,2,0,0,9,6,-1,3,1,0.0,1.0,-1,6,60,1,1,1,19:25,2,2,9
2023991388353,2023,991388353,1,1,2,2,17,4,2,0,0,2,0,0,9,-1,-1,7,1,1.0,0.0,-1,6,60,1,1,2,10:00,5,2,9
2023401386818,2023,401386818,1,1,1,1,49,8,3,0,0,0,0,0,19,6,E01017592,3,1,0.0,1.0,-1,6,60,2,6,2,15:40,2,2,19
2023010428467,2023,010428467,1,2,2,1,9,2,3,0,0,9,0,0,9,3,E01000092,-1,0,0.0,1.0,-1,9,30,9,7,9,18:28,3,2,9
2023141374022,2023,141374022,1,1,1,1,55,8,3,0,0,0,0,0,9,-1,-1,3,1,0.0,1.0,-1,6,30,1,4,1,12:48,2,2,9
2023411364562,2023,411364562,2,1,1,1,21,5,3,0,0,0,0,0,9,4,E01015786,3,1,0.0,1.0,-1,3,70,1,4,-1,22:56,7,2,9
2023451291089,2023,451291089,1,1,1,2,65,9,3,0,0,0,0,0,9,9,E01030421,3,1,0.0,1.0,-1,6,30,1,1,1,16:20,2,1,9
2023501395757,2023,501395757,2,1,1,1,59,9,2,0,0,0,0,0,9,5,E01020278,7,1,1.0,0.0,-1,3,70,1,6,1,04:48,7,2,9
2023991305919,2023,991305919,1,1,1,1,38,7,2,0,0,0,0,0,9,5,-1,6,1,1.0,0.0,-1,6,30,1,1,2,09:57,3,3,9
2023501318763,2023,501318763,2,3,1,1,41,7,3,0,0,0,0,0,9,3,E01029038,3,1,0.0,1.0,-1,6,60,1,1,1,16:39,2,4,9
2023010438249,2023,010438249,1,1,1,1,40,7,3,0,0,0,0,0,1,8,E01002892,-1,0,0.0,1.0,-1,2,20,1,1,1,16:45,2,2,1
2023201371193,2023,201371193,2,1,1,1,38,7,3,0,0,0,0,0,1,8,E01009920,3,1,0.0,1.0,-1,6,30,1,1,1,14:50,4,2,1
2023622300787,2023,622300787,1,1,3,2,24,5,2,4,1,0,0,0,0,1,W01001698,-1,0,1.0,0.0,-1,6,20,1,1,1,15:03,1,1,9
2023010470395,2023,010470395,1,1,3,1,52,8,3,10,9,0,0,0,0,6,E01001997,-1,0,0.0,1.0,-1,6,20,1,4,1,20:35,3,1,9
2023361368249,2023,361368249,1,1,1,1,23,5,2,0,0,0,0,0,9,5,E01026423,7,1,1.0,0.0,-1,6,60,1,1,2,15:54,1,1,9
2023451272391,2023,451272391,1,1,1,1,18,4,2,0,0,0,0,0,9,10,E01030541,7,1,1.0,0.0,-1,6,60,1,1,1,02:30,1,1,9
2023131277266,2023,131277266,2,1,1,1,38,7,3,0,0,0,0,0,1,2,E01010724,3,1,0.0,1.0,-1,6,30,1,1,1,17:05,2,2,1
2023122400155,2023,122400155,2,2,1,1,55,8,3,0,0,0,0,0,9,10,E01010646,-1,0,0.05474,0.94526,-1,6,60,1,1,1,17:27,5,2,9
2023351382249,2023,351382249,1,1,1,2,65,9,3,0,0,0,0,0,9,8,E01018197,3,1,0.0,1.0,-1,6,40,1,1,1,18:06,5,1,9
2023411337163,2023,411337163,2,2,1,2,23,5,3,0,0,0,0,0,9,7,E01023344,3,1,0.0,1.0,-1,3,60,1,1,1,12:45,4,2,9
2023622300467,2023,622300467,1,1,1,1,32,6,2,0,0,0,0,0,9,9,W01000969,-1,0,1.0,0.0,-1,3,70,1,6,1,23:40,5,1,9
2023320187775,2023,320187775,1,1,2,1,51,8,3,0,0,1,0,0,9,6,E01026135,-1,0,0.08763,0.91237,-1,6,60,2,1,2,13:20,3,1,9
2023430301142,2023,430301142,2,1,2,2,51,8,3,0,0,2,0,0,9,10,E01016253,-1,0,0.07953,0.92047,-1,6,30,1,1,1,19:30,5,2,9
2023501266114,2023,501266114,2,2,1,1,28,6,3,0,0,0,0,0,19,5,E01015237,3,1,0.0,1.0,-1,6,30,1,1,1,10:15,5,2,19
2023141388861,2023,141388861,1,1,2,1,23,5,3,0,0,2,0,0,9,5,E01007608,3,1,0.0,1.0,-1,6,30,8,4,1,18:20,6,2,9
2023421314374,2023,421314374,1,2,2,2,17,4,3,0,0,1,0,0,9,2,E01021953,3,1,0.0,1.0,-1,6,50,1,6,1,00:20,7,1,9
2023531287583,2023,531287583,2,1,2,1,35,6,3,0,0,0,0,0,19,9,E01032482,3,1,0.0,1.0,-1,3,70,1,1,1,10:05,5,2,19
2023010440854,2023,010440854,1,1,1,1,39,7,3,0,0,0,0,0,9,3,E01001831,-1,0,0.0,1.0,-1,2,20,1,1,1,09:25,4,2,9
2023010465650,2023,010465650,1,1,1,1,57,9,3,0,0,0,0,0,9,-1,-1,-1,0,0.0,1.0,-1,6,30,1,7,1,22:00,3,4,9
2023361380260,2023,361380260,1,1,1,2,34,6,3,0,0,0,0,0,9,7,E01026421,3,1,0.0,1.0,-1,6,60,1,1,4,08:05,4,1,9
2023430400882,2023,430400882,2,2,2,2,11,3,3,0,0,1,0,0,9,2,E01032941,-1,0,0.00217,0.99783,-1,6,30,1,1,1,08:18,4,2,9
2023041346995,2023,041346995,2,4,2,2,14,3,3,0,0,2,0,0,9,3,E01024880,3,1,0.0,1.0,-1,6,30,1,1,1,16:22,4,2,9
2023052300328,2023,052300328,1,1,1,1,25,5,1,0,0,0,0,0,9,1,E01006455,-1,0,0.0,0.0,-1,3,70,1,6,1,21:10,6,2,9
2023141264250,2023,141264250,2,2,1,1,33,6,3,0,0,0,0,0,9,1,E01007626,3,1,0.0,1.0,-1,3,60,1,4,4,07:15,3,2,9
2023430121243,2023,430121243,1,1,2,2,39,7,2,0,0,1,0,0,9,8,E01004158,-1,0,1.0,0.0,-1,6,20,1,1,1,17:39,7,1,9
202354A810823,2023,54A810823,1,1,1,2,55,8,3,0,0,0,0,0,9,9,E01032711,-1,0,0.09531,0.90469,-1,6,50,1,1,1,16:47,4,3,9
2023411386748,2023,411386748,1,3,2,2,20,4,3,0,0,2,0,0,9,3,E01032851,3,1,0.0,1.0,-1,6,50,1,4,2,00:01,4,2,9
2023010424520,2023,010424520,2,1,1,1,23,5,3,0,0,0,0,0,3,5,E01021426,-1,0,0.0,1.0,-1,3,20,9,1,1,11:25,3,2,3
2023111350511,2023,111350511,2,1,1,1,71,10,2,0,0,0,0,0,3,1,E01020880,6,1,1.0,0.0,-1,6,30,1,1,1,12:40,4,2,3
2023371394206,2023,371394206,1,3,2,2,12,3,3,0,0,2,0,0,8,6,E01030080,3,1,0.0,1.0,-1,6,60,1,1,2,15:30,6,2,8
2023131307013,2023,131307013,2,1,2,2,18,4,3,0,0,1,0,0,9,1,E01010607,3,1,0.0,1.0,-1,6,30,1,1,1,18:00,7,2,9
2023141311169,2023,141311169,1,1,2,1,7,2,2,0,0,2,0,0,9,8,E01007713,6,1,1.0,0.0,-1,6,40,1,1,1,19:51,4,3,9
2023201286158,2023,201286158,1,2,2,1,22,5,2,0,0,1,0,0,9,-1,-1,7,1,1.0,0.0,-1,6,30,1,4,1,03:40,6,2,9
2023201302824,2023,201302824,1,1,1,1,60,9,3,0,0,0,0,0,9,8,E01016711,3,1,0.0,1.0,-1,6,30,1,1,1,10:52,2,2,9
2023440161922,2023,440161922,1,1,1,1,38,7,3,0,0,0,0,0,9,7,E01023257,-1,0,0.00566,0.99434,-1,6,30,1,1,1,17:31,2,2,9
2023302301730,2023,302301730,2,2,1,1,22,5,3,0,0,0,0,0,9,8,E01025948,-1,0,0.02181,0.97819,-1,3,70,1,6,2,17:15,6,3,9
2023311319251,2023,311319251,1,1,1,1,53,8,2,0,0,0,0,0,9,-1,-1,6,1,1.0,0.0,-1,6,30,1,6,1,03:19,6,2,9
2023430349734,2023,430349734,1,1,1,1,24,5,3,0,0,0,0,0,9,10,E01016602,-1,0,0.12111,0.87889,-1,6,50,1,1,1,14:56,1,1,9
2023010461151,2023,010461151,2,1,1,1,43,7,3,0,0,0,0,0,4,10,E01019957,-1,0,0.0,1.0,-1,3,40,1,1,1,06:55,6,2,4
2023471336309,2023,471336309,1,1,1,2,27,6,2,0,0,0,0,0,5,5,E01031401,7,1,1.0,0.0,-1,6,30,1,4,2,23:10,6,1,5
2023451361940,2023,451361940,1,4,1,2,48,8,3,0,0,0,0,0,9,-1,-1,3,1,0.0,1.0,-1,6,30,1,1,1,19:20,2,2,9
2023320727504,2023,320727504,1,1,1,2,93,11,1,0,0,0,0,0,9,1,E01026112,-1,0,0.0,0.0,-1,6,50,1,1,1,14:45,6,3,9
2023531366382,2023,531366382,2,1,1,2,18,4,3,0,0,0,0,0,9,8,W01000917,3,1,0.0,1.0,-1,6,30,1,1,1,15:55,2,3,9
2023010447588,2023,010447588,1,1,2,2,87,11,3,0,0,0,3,0,11,2,E01003176,-1,0,0.0,1.0,-1,3,20,1,1,1,16:45,4,1,11
2023010472711,2023,010472711,1,1,1,1,42,7,3,0,0,0,0,0,3,5,E01001960,-1,0,0.0,1.0,-1,9,30,9,4,9,21:50,3,2,3
2023161372103,2023,161372103,2,2,2,2,17,4,3,0,0,1,0,0,9,-1,-1,3,1,0.0,1.0,-1,3,30,2,1,2,08:00,4,2,9
2023170M11563,2023,170M11563,1,2,2,2,24,5,3,0,0,1,0,0,9,1,E01012045,-1,0,0.04283,0.95717,-1,6,30,2,4,2,21:02,1,2,9
2023332300287,2023,332300287,1,2,2,2,22,5,2,0,0,1,0,0,9,1,E01013661,-1,0,1.0,0.0,-1,6,30,2,1,2,08:59,1,1,9
2023501286071,2023,501286071,2,1,1,2,55,8,3,0,0,0,0,0,9,8,E01020158,3,1,0.0,1.0,-1,6,30,1,1,2,13:27,3,2,9
2023071201192,2023,071201192,1,1,1,1,22,5,2,0,0,0,0,0,9,5,E01006160,-1,0,1.0,0.0,-1,6,30,1,4,1,17:52,3,1,9
2023010444466,2023,010444466,1,1,1,1,23,5,3,0,0,0,0,0,1,8,E01004170,-1,0,0.0,1.0,-1,6,20,1,1,1,18:55,6,2,1
2023010459743,2023,010459743,1,1,1,1,24,5,3,0,0,0,0,0,3,3,E01001488,-1,0,0.0,1.0,-1,2,20,1,1,1,13:25,4,2,3
2023991402722,2023,991402722,1,1,1,1,45,7,2,0,0,0,0,0,5,2,-1,5,1,1.0,0.0,-1,6,30,1,1,1,14:00,1,2,5
2023211352927,2023,211352927,1,1,3,2,9,2,3,5,3,0,0,0,0,6,E01014288,3,1,0.0,1.0,-1,6,30,1,1,1,17:05,6,1,9
2023010425307,2023,010425307,1,1,1,2,30,6,3,0,0,0,0,0,3,9,E01000713,-1,0,0.0,1.0,-1,3,20,1,1,1,15:55,6,2,3
2023311335545,2023,311335545,1,1,1,1,29,6,3,0,0,0,0,0,9,4,E01027963,3,1,0.0,1.0,-1,6,60,2,6,2,01:44,2,1,9
2023332300878,2023,332300878,2,1,1,2,28,6,3,0,0,0,0,0,9,3,E01025987,-1,0,0.01323,0.98677,-1,6,30,1,1,1,08:45,5,2,9
2023522400047,2023,522400047,1,1,1,2,40,7,3,0,0,0,0,0,9,7,E01015017,-1,0,0.00238,0.99762,-1,6,30,1,1,1,17:40,2,2,9
2023547271523,2023,547271523,2,1,1,2,54,8,3,0,0,0,0,0,9,5,E01015479,-1,0,0.0139,0.9861,-1,3,70,2,1,2,17:23,3,2,9
2023070232095,2023,070232095,1,2,2,2,21,5,3,0,0,1,0,0,9,2,E01005230,-1,0,0.09268,0.90732,-1,6,30,2,4,2,03:15,1,2,9
2023101330815,2023,101330815,2,2,1,1,79,11,3,0,0,0,0,0,9,-1,-1,3,1,0.0,1.0,-1,6,30,2,1,2,10:33,3,2,9
2023421329722,2023,421329722,2,1,1,2,64,9,3,0,0,0,0,0,9,4,E01021674,3,1,0.0,1.0,-1,6,60,2,1,5,19:23,6,2,9
2023430093203,2023,430093203,2,1,1,1,21,5,3,0,0,0,0,0,3,7,E01016288,-1,0,0.15025,0.84975,-1,6,30,1,1,1,13:37,4,2,3
2023221262500,2023,221262500,1,1,1,1,26,6,3,0,0,0,0,0,4,5,E01014084,3,1,0.0,1.0,-1,6,30,1,4,2,17:28,6,2,4
202363D029223,2023,63D029223,1,1,1,1,67,10,3,0,0,0,0,0,4,-1,-1,-1,0,0.30506,0.69494,-1,6,60,1,1,2,14:55,7,1,4
2023041349292,2023,041349292,2,3,2,2,19,4,3,0,0,1,0,0,9,2,E01025263,3,1,0.0,1.0,-1,3,70,1,1,1,17:00,1,2,9
2023311321655,2023,311321655,1,1,1,1,23,5,3,0,0,0,0,0,19,1,E01028173,3,1,0.0,1.0,-1,3,30,1,1,1,14:00,6,2,19
2023461374285,2023,461374285,2,1,1,1,56,9,3,0,0,0,0,0,19,3,E01001117,3,1,0.0,1.0,-1,6,50,1,6,1,16:50,7,2,19
2023070281239,2023,070281239,2,1,1,1,9,2,3,0,0,0,0,0,1,2,E01018551,-1,0,0.05283,0.94717,-1,6,30,1,1,1,12:40,2,2,1
2023302301486,2023,302301486,2,1,1,1,44,7,3,0,0,0,0,0,1,2,E01019580,-1,0,0.09044,0.90956,-1,6,30,1,1,1,17:00,3,2,1
202360A091328,2023,60A091328,2,1,1,1,77,11,3,0,0,0,0,0,5,-1,-1,-1,0,0.2754,0.7246,-1,6,40,1,1,1,19:56,3,2,5
2023141285887,2023,141285887,1,1,1,1,27,6,3,0,0,0,0,0,9,1,E01007677,3,1,0.0,1.0,-1,6,40,6,4,3,05:50,6,2,9
2023430052119,2023,430052119,1,1,1,2,38,7,3,0,0,0,0,0,9,7,E01017705,-1,0,0.0047,0.9953,-1,6,50,1,1,1,15:35,6,2,9
2023451309612,2023,451309612,1,1,1,1,20,4,3,0,0,0,0,0,9,5,E01030787,3,1,0.0,1.0,-1,1,40,1,6,1,22:45,7,2,9
2023991344070,2023,991344070,1,1,1,2,20,4,3,0,0,0,0,0,9,6,-1,3,1,0.0,1.0,-1,6,60,1,1,1,16:30,2,2,9
2023010461397,2023,010461397,1,2,3,1,4,1,3,5,1,0,0,0,0,6,E01002140,-1,0,0.0,1.0,-1,6,30,1,1,1,15:53,7,1,9
2023010457782,2023,010457782,1,1,1,1,23,5,3,0,0,0,0,0,3,3,E01001238,-1,0,0.0,1.0,-1,2,20,1,4,1,21:43,6,1,3
2023111290821,2023,111290821,2,2,2,2,65,9,3,0,0,1,0,0,9,3,E01020670,3,1,0.0,1.0,-1,6,30,1,1,1,15:50,6,2,9
2023401289063,2023,401289063,2,1,1,1,29,6,3,0,0,0,0,0,9,7,E01018057,3,1,0.0,1.0,-1,6,60,1,1,1,10:26,5,3,9
2023520301313,2023,520301313,1,1,2,2,17,4,3,0,0,2,0,0,9,9,E01029188,-1,0,0.0201,0.9799,-1,6,40,1,1,1,15:59,7,2,9
2023010470820,2023,010470820,1,1,2,2,58,9,3,0,0,0,4,0,11,2,E01002080,-1,0,0.0,1.0,-1,6,30,1,4,1,21:20,1,1,11
2023451338361,2023,451338361,2,1,1,1,16,4,3,0,0,0,0,0,-1,5,E01030740,3,1,0.0,1.0,-1,6,30,1,4,1,23:20,6,2,-1
2023170S11473,2023,170S11473,2,1,1,1,65,9,3,0,0,0,0,0,1,10,E01012223,-1,0,0.11441,0.88559,-1,6,30,1,1,1,09:50,7,2,1
2023010486286,2023,010486286,1,1,1,1,32,6,3,0,0,0,0,0,3,8,E01033027,-1,0,0.0,1.0,-1,9,20,9,1,9,13:30,2,2,3
2023201289763,2023,201289763,2,1,1,1,20,4,2,0,0,0,0,0,-1,2,E01009407,7,1,1.0,0.0,-1,1,30,1,4,1,18:30,6,2,-1
2023201416047,2023,201416047,2,1,1,2,26,6,3,0,0,0,0,0,9,1,E01009886,3,1,0.0,1.0,-1,6,30,1,1,1,16:36,5,10,9
2023451362632,2023,451362632,3,1,1,1,43,7,3,0,0,0,0,0,9,8,E01001094,3,1,0.0,1.0,-1,6,30,1,1,1,13:33,6,3,9
2023471324660,2023,471324660,2,1,1,2,25,5,3,0,0,0,0,0,9,4,E01031576,3,1,0.0,1.0,-1,3,30,1,1,1,18:05,5,2,9
2023061372171,2023,061372171,1,1,3,1,72,10,3,5,2,0,0,2,0,2,E01004931,3,1,0.0,1.0,-1,6,30,1,1,1,17:19,5,1,9
2023010483684,2023,010483684,2,1,1,1,39,7,3,0,0,0,0,0,1,8,E01001987,-1,0,0.0,1.0,-1,6,20,1,1,2,09:15,4,2,1
2023131373177,2023,131373177,2,1,1,1,30,6,3,0,0,0,0,0,5,3,E01033005,3,1,0.0,1.0,-1,6,30,1,4,1,19:17,6,2,5
2023141371255,2023,141371255,1,1,1,1,36,7,3,0,0,0,0,0,9,8,E01007606,3,1,0.0,1.0,-1,1,30,1,1,1,13:49,1,2,9
2023010485155,2023,010485155,1,1,3,2,36,7,3,6,9,0,0,0,0,2,E01003187,-1,0,0.0,1.0,-1,6,20,1,7,1,19:40,3,1,2
2023461398974,2023,461398974,2,1,1,1,-1,-1,3,0,0,0,0,0,1,-1,-1,3,1,0.0,1.0,-1,6,30,1,4,1,18:30,4,2,1
2023302300066,2023,302300066,1,1,1,2,36,7,3,0,0,0,0,0,9,7,E01013492,-1,0,0.05571,0.94429,-1,1,30,1,1,1,08:50,4,1,9
2023411301619,2023,411301619,1,1,2,2,24,5,3,0,0,1,0,0,9,-1,-1,3,1,0.0,1.0,-1,6,60,1,6,1,04:10,3,1,9
2023440165444,2023,440165444,1,1,1,2,29,6,3,0,0,0,0,0,9,2,E01017241,-1,0,0.01651,0.98349,-1,6,30,1,1,1,14:55,5,2,9
2023451393429,2023,451393429,1,1,1,1,32,6,3,0,0,0,0,0,9,5,E01004096,3,1,0.0,1.0,-1,3,70,4,1,1,14:11,5,3,9
2023201453344,2023,201453344,2,1,1,1,52,8,3,0,0,0,0,0,1,-1,-1,3,1,0.0,1.0,-1,6,30,1,4,2,17:35,4,2,1
2023041269407,2023,041269407,2,2,1,1,51,8,3,0,0,0,0,0,9,1,E01025224,3,1,0.0,1.0,-1,6,30,2,4,2,21:15,7,2,9
2023141375972,2023,141375972,3,1,1,2,57,9,3,0,0,0,0,0,9,5,E01026367,3,1,0.0,1.0,-1,3,70,1,6,1,18:00,6,3,9
2023351277633,2023,351277633,1,1,1,1,64,9,3,0,0,0,0,0,9,6,E01018076,3,1,0.0,1.0,-1,9,60,7,6,4,06:32,4,1,9
2023430221164,2023,430221164,1,1,3,1,40,7,3,6,9,0,0,0,0,3,E01016396,-1,0,0.03776,0.96224,-1,6,30,1,1,1,14:24,7,1,9
2023010448899,2023,010448899,1,1,1,2,46,8,3,0,0,0,0,0,3,4,E01001158,-1,0,0.0,1.0,-1,6,20,8,4,1,22:00,3,2,3
2023010476475,2023,010476475,1,1,1,1,36,7,3,0,0,0,0,0,3,2,E01002076,-1,0,0.0,1.0,-1,6,20,1,4,1,18:30,7,2,3
2023411286108,2023,411286108,2,1,1,1,21,5,3,0,0,0,0,0,4,3,E01001446,3,1,0.0,1.0,-1,6,40,1,7,-1,04:52,2,2,4
2023311280805,2023,311280805,1,1,1,1,23,5,2,0,0,0,0,0,9,4,E01028291,5,1,1.0,0.0,-1,6,60,1,4,2,06:30,7,1,9
2023311319346,2023,311319346,2,1,1,2,70,10,3,0,0,0,0,0,9,-1,-1,3,1,0.0,1.0,-1,6,30,1,1,1,10:30,2,2,9
2023501392474,2023,501392474,1,1,1,1,68,10,3,0,0,0,0,0,9,7,E01018775,3,1,0.0,1.0,-1,6,60,5,1,2,11:52,4,1,9
2023031276302,2023,031276302,1,1,3,2,0,1,2,10,9,0,0,0,0,9,E01019377,7,1,1.0,0.0,-1,6,30,9,1,1,09:30,7,1,1
2023430199753,2023,430199753,1,1,1,1,18,4,3,0,0,0,0,0,3,10,E01022473,-1,0,0.07295,0.92705,-1,3,40,1,1,1,17:34,1,2,3
2023221289885,2023,221289885,2,1,1,2,36,7,3,0,0,0,0,0,9,3,E01032449,3,1,0.0,1.0,-1,6,30,1,1,1,17:30,3,2,9
2023461300360,2023,461300360,1,4,2,2,8,2,3,0,0,2,0,0,9,6,E01024568,3,1,0.0,1.0,-1,3,30,1,1,1,08:44,4,2,9
2023041351316,2023,041351316,3,1,2,2,57,9,3,0,0,1,0,0,9,2,E01012642,3,1,0.0,1.0,-1,6,30,4,1,2,11:44,2,3,9
2023231353626,2023,231353626,1,1,1,1,55,8,3,0,0,0,0,0,9,-1,-1,3,1,0.0,1.0,-1,7,50,1,1,1,09:13,4,2,9
2023052300387,2023,052300387,3,4,2,2,51,8,3,0,0,2,0,0,9,6,E01006939,-1,0,0.05287,0.94713,-1,3,30,1,4,1,23:55,6,3,9
2023101391918,2023,101391918,2,1,1,2,39,7,3,0,0,0,0,0,9,3,E01032483,3,1,0.0,1.0,-1,6,30,1,1,1,14:10,6,2,9
2023501335804,2023,501335804,2,1,1,2,30,6,3,0,0,0,0,0,9,-1,-1,3,1,0.0,1.0,-1,6,30,2,1,2,11:37,2,2,9
2023010432626,2023,010432626,1,1,3,1,48,8,2,9,9,0,0,0,0,4,E01003715,-1,0,1.0,0.0,-1,6,30,1,1,1,13:45,5,1,9
2023041267087,2023,041267087,1,1,3,1,11,3,2,5,3,0,0,0,0,5,E01025013,7,1,1.0,0.0,-1,6,20,1,4,1,17:08,2,1,9
2023311382251,2023,311382251,1,1,1,1,18,4,3,0,0,0,0,0,9,1,E01019444,3,1,0.0,1.0,-1,3,20,2,4,2,16:20,7,2,9
2023471302554,2023,471302554,1,1,1,1,81,11,3,0,0,0,0,0,9,8,E01021150,3,1,0.0,1.0,-1,6,30,1,1,1,16:58,6,1,9
2023010439846,2023,010439846,1,1,1,2,70,10,3,0,0,0,0,0,9,4,E01003715,-1,0,0.0,1.0,-1,6,30,2,1,2,17:00,5,1,9
2023440384466,2023,440384466,1,1,1,1,51,8,2,0,0,0,0,0,9,10,E01004117,-1,0,1.0,0.0,-1,3,70,5,1,2,15:11,4,2,9
2023010438926,2023,010438926,1,1,1,1,29,6,3,0,0,0,0,0,3,3,E01003730,-1,0,0.0,1.0,-1,6,30,1,1,1,18:20,7,2,3