collision_index,collision_year,collision_ref_no,vehicle_reference,casualty_reference,casualty_class,sex_of_casualty,age_of_casualty,age_band_of_casualty,casualty_severity,pedestrian_location,pedestrian_movement,car_passenger,bus_or_coach_passenger,pedestrian_road_maintenance_worker,casualty_type,casualty_imd_decile,lsoa_of_casualty,enhanced_casualty_severity,casualty_injury_based,casualty_adjusted_severity_serious,casualty_adjusted_severity_slight,casualty_distance_banding,road_type,speed_limit,weather_conditions,light_conditions,road_surface_conditions,time,day_of_week,number_of_vehicles,vehicle_type
2023501352131,2023,501352131,1,1,1,2,59,9,2,0,0,0,0,0,3,1,E01019041,7,1,1.0,0.0,-1,6,40,1,1,1,14:38,3,1,3
2023101364992,2023,101364992,1,1,3,1,10,2,2,5,3,0,0,0,0,-1,-1,7,1,1.0,0.0,-1,6,20,5,1,2,08:35,6,1,9
2023131372173,2023,131372173,1,1,3,1,9,2,2,5,3,0,0,2,0,5,E01011300,7,1,1.0,0.0,-1,6,30,1,1,2,15:28,3,1,19
2023010422050,2023,010422050,1,1,1,1,27,6,3,0,0,0,0,0,9,10,E01023841,-1,0,0.0,1.0,-1,3,60,1,1,1,16:18,3,2,9
2023411293228,2023,411293228,2,1,2,1,62,9,3,0,0,1,0,0,9,3,E01023958,3,1,0.0,1.0,-1,6,40,8,4,2,19:44,6,2,9
2023421301414,2023,421301414,1,1,1,1,17,4,3,0,0,0,0,0,3,8,E01022093,3,1,0.0,1.0,-1,6,40,1,1,1,07:30,5,1,3
2023052301532,2023,052301532,1,1,3,1,47,8,3,5,1,0,0,0,0,9,E01007280,-1,0,0.08062,0.91938,-1,6,30,1,1,1,07:46,2,1,11
2023052301126,2023,052301126,2,1,1,1,63,9,3,0,0,0,0,0,1,5,E01006427,-1,0,0.12349,0.87651,-1,6,30,1,1,1,08:40,2,2,1
2023451307900,2023,451307900,1,1,2,2,15,3,3,0,0,1,0,0,9,-1,-1,3,1,0.0,1.0,-1,6,30,1,1,1,18:05,2,2,9
2023471361817,2023,471361817,1,1,1,1,23,5,3,0,0,0,0,0,9,6,E01021110,3,1,0.0,1.0,-1,6,30,1,6,1,19:10,4,1,9
2023101269274,2023,101269274,2,1,1,1,56,9,3,0,0,0,0,0,19,3,E01008171,3,1,0.0,1.0,-1,6,30,1,4,1,17:30,4,2,19
2023531307032,2023,531307032,1,2,1,2,31,6,2,0,0,0,0,0,19,4,E01022399,6,1,1.0,0.0,-1,6,30,1,1,1,19:30,7,1,19
2023371329506,2023,371329506,2,1,1,2,35,6,3,0,0,0,0,0,9,7,E01030155,3,1,0.0,1.0,-1,6,50,2,1,2,16:05,6,2,9
2023010475612,2023,010475612,1,1,1,1,30,6,3,0,0,0,0,0,3,3,E01003143,-1,0,0.0,1.0,-1,9,30,2,4,2,18:10,4,2,3
2023111296436,2023,111296436,1,1,2,2,16,4,3,0,0,1,0,0,9,1,E01020758,3,1,0.0,1.0,-1,6,30,2,1,2,19:20,5,1,9
2023332300929,2023,332300929,1,1,1,1,43,7,3,0,0,0,0,0,9,3,E01013779,-1,0,0.00191,0.99809,-1,3,30,1,1,1,15:45,7,2,9
2023440321051,2023,440321051,1,1,1,2,61,9,2,0,0,0,0,0,1,5,E01022728,-1,0,1.0,0.0,-1,6,60,1,1,1,16:10,4,1,1
2023340NN2092,2023,340NN2092,2,1,2,2,65,9,3,0,0,1,0,0,9,9,E01027042,-1,0,0.03867,0.96133,-1,1,30,1,1,1,11:09,7,2,9
2023471262827,2023,471262827,2,1,1,1,24,5,3,0,0,0,0,0,2,6,E01016874,3,1,0.0,1.0,-1,7,30,4,4,1,20:25,5,2,2
2023131390761,2023,131390761,2,1,1,2,62,9,3,0,0,0,0,0,9,1,E01010814,3,1,0.0,1.0,-1,6,30,2,4,2,15:50,4,2,9
2023461321107,2023,461321107,2,2,2,1,22,5,3,0,0,1,0,0,9,7,E01024121,3,1,0.0,1.0,-1,6,30,1,1,1,17:20,6,2,9
2023010460760,2023,010460760,1,1,2,1,0,1,3,0,0,0,4,0,11,4,E01002180,-1,0,0.0,1.0,-1,6,30,1,1,1,15:23,3,1,11
2023010471853,2023,010471853,1,1,1,1,32,6,3,0,0,0,0,0,9,9,E01000698,-1,0,0.0,1.0,-1,6,30,2,4,2,23:06,6,2,9
2023131272605,2023,131272605,1,2,2,1,19,4,3,0,0,2,0,0,9,1,E01011362,3,1,0.0,1.0,-1,6,30,1,4,1,23:45,1,4,9
2023520300736,2023,520300736,1,1,1,1,29,6,2,0,0,0,0,0,9,4,E01015382,-1,0,1.0,0.0,-1,3,70,1,1,4,07:45,3,2,9
2023361282828,2023,361282828,1,1,3,2,14,3,3,4,3,0,0,0,0,10,E01026562,3,1,0.0,1.0,-1,6,30,1,1,1,15:27,6,1,9
2023010447313,2023,010447313,1,1,1,1,25,5,3,0,0,0,0,0,3,3,E01000638,-1,0,0.0,1.0,-1,9,30,9,1,9,09:40,3,2,3
2023622300402,2023,622300402,1,1,1,1,18,4,3,0,0,0,0,0,9,4,W01001281,-1,0,0.03149,0.96851,-1,6,30,2,1,2,14:27,7,1,9
2023421299519,2023,421299519,2,1,1,1,3,1,3,0,0,0,0,0,90,5,E01016015,3,1,0.0,1.0,-1,6,30,1,1,2,15:16,6,2,90
2023010442405,2023,010442405,1,1,3,1,72,10,3,5,3,0,0,0,0,3,E01003572,-1,0,0.0,1.0,-1,6,30,1,1,1,11:00,5,1,9
2023421339311,2023,421339311,2,1,1,1,24,5,3,0,0,0,0,0,3,-1,-1,3,1,0.0,1.0,-1,1,30,1,1,1,08:59,3,2,3
2023010437506,2023,010437506,1,1,1,1,39,7,3,0,0,0,0,0,9,-1,-1,-1,0,0.0,1.0,-1,6,30,1,1,1,09:28,7,3,9
2023461395119,2023,461395119,2,2,2,2,28,6,3,0,0,2,0,0,9,5,E01024287,3,1,0.0,1.0,-1,3,50,2,4,2,18:08,3,2,9
2023471262620,2023,471262620,2,2,1,2,59,9,3,0,0,0,0,0,9,6,E01031445,3,1,0.0,1.0,-1,6,30,5,1,5,13:30,5,2,9
2023544692423,2023,544692423,2,2,1,1,56,9,3,0,0,0,0,0,9,6,E01031842,-1,0,0.0637,0.9363,-1,6,60,1,1,1,15:24,5,2,9
2023430044851,2023,430044851,1,1,3,1,75,10,2,4,3,0,0,0,0,-1,-1,-1,0,1.0,0.0,-1,1,30,1,1,1,15:20,2,1,9
2023070828889,2023,070828889,2,1,1,1,17,4,3,0,0,0,0,0,9,6,E01018373,-1,0,0.012,0.988,-1,6,60,1,1,1,17:25,6,2,9
2023320366940,2023,320366940,2,1,1,1,73,10,3,0,0,0,0,0,9,10,E01026324,-1,0,0.06322,0.93678,-1,6,30,1,1,1,15:00,5,2,9
2023340WN2842,2023,340WN2842,1,1,1,1,55,8,3,0,0,0,0,0,9,10,E01027295,-1,0,0.11966,0.88034,-1,6,30,1,6,1,00:37,5,3,9
2023471265443,2023,471265443,2,1,1,2,36,7,3,0,0,0,0,0,9,4,E01020914,3,1,0.0,1.0,-1,6,30,1,1,1,14:52,4,3,9
2023543433123,2023,543433123,1,1,1,2,38,7,3,0,0,0,0,0,9,10,E01032045,-1,0,0.01052,0.98948,-1,1,30,2,1,2,18:15,6,2,9
2023211354991,2023,211354991,1,1,3,2,12,3,3,5,2,0,0,0,0,-1,-1,3,1,0.0,1.0,-1,6,30,1,1,1,15:51,5,1,9
2023371295770,2023,371295770,1,1,3,1,42,7,3,5,3,0,0,0,0,6,E01030002,3,1,0.0,1.0,-1,6,30,1,4,2,17:37,3,1,9
2023010460605,2023,010460605,1,1,1,1,25,5,3,0,0,0,0,0,1,2,E01001773,-1,0,0.0,1.0,-1,6,30,2,1,2,08:20,2,2,1
2023320725157,2023,320725157,2,1,1,2,17,4,3,0,0,0,0,0,1,2,E01026011,-1,0,0.04991,0.95009,-1,6,30,9,1,1,08:00,6,2,1
2023461298043,2023,461298043,3,1,1,1,53,8,3,0,0,0,0,0,9,8,E01016148,3,1,0.0,1.0,-1,6,30,1,4,2,20:55,3,3,9
2023010469989,2023,010469989,1,1,2,2,43,7,2,0,0,0,3,0,11,3,E01003094,-1,0,1.0,0.0,-1,6,30,1,1,1,15:35,4,2,11
2023351320712,2023,351320712,2,4,1,1,59,9,3,0,0,0,0,0,19,6,E01018111,3,1,0.0,1.0,-1,6,60,1,1,1,07:15,4,3,19
2023101415682,2023,101415682,2,1,1,1,19,4,3,0,0,0,0,0,9,7,E01019311,3,1,0.0,1.0,-1,6,60,1,1,1,11:46,4,2,9
2023131267527,2023,131267527,2,1,1,1,32,6,3,0,0,0,0,0,9,1,E01011427,3,1,0.0,1.0,-1,6,30,1,1,1,15:30,2,2,9
2023201291895,2023,201291895,2,1,1,1,37,7,3,0,0,0,0,0,9,1,E01009125,3,1,0.0,1.0,-1,6,30,2,4,2,18:45,2,2,9
2023471277254,2023,471277254,1,1,2,1,59,9,3,0,0,2,0,0,9,4,E01031833,3,1,0.0,1.0,-1,6,30,1,1,2,07:40,4,2,9
2023471339173,2023,471339173,2,1,1,1,64,9,3,0,0,0,0,0,9,8,E01021082,3,1,0.0,1.0,-1,3,70,1,1,2,20:00,1,2,9
2023631376236,2023,631376236,2,1,1,1,22,5,2,0,0,0,0,0,9,6,W01000456,6,1,1.0,0.0,-1,6,60,2,6,2,03:52,1,2,9
2023211319337,2023,211319337,3,2,1,1,51,8,3,0,0,0,0,0,9,6,E01029371,3,1,0.0,1.0,-1,6,50,1,1,1,14:30,5,4,9
2023440214323,2023,440214323,2,4,2,2,2,1,3,0,0,2,0,0,9,9,E01022522,-1,0,0.07399,0.92601,-1,6,40,1,1,1,17:52,3,2,9
2023451302264,2023,451302264,2,2,2,2,40,7,3,0,0,1,0,0,9,10,E01024825,3,1,0.0,1.0,-1,3,70,1,1,1,12:00,6,2,9
2023471294516,2023,471294516,2,1,1,1,24,5,3,0,0,0,0,0,9,10,E01031682,3,1,0.0,1.0,-1,6,30,2,1,2,19:00,5,2,9
2023471349611,2023,471349611,2,2,2,2,33,6,3,0,0,1,0,0,9,9,E01016924,3,1,0.0,1.0,-1,6,20,1,1,1,18:26,1,2,9
2023010432435,2023,010432435,4,1,1,1,29,6,3,0,0,0,0,0,1,-1,-1,-1,0,0.0,1.0,-1,6,20,1,1,1,16:28,3,4,1
2023131259114,2023,131259114,2,1,2,2,53,8,3,0,0,0,0,0,9,1,E01010723,3,1,0.0,1.0,-1,6,30,1,4,1,17:30,1,2,9
2023131319023,2023,131319023,3,1,1,1,30,6,2,0,0,0,0,0,9,6,E01010969,7,1,1.0,0.0,-1,3,30,1,1,1,09:28,5,3,9
2023531355162,2023,531355162,1,1,3,2,12,3,3,5,1,0,0,0,0,3,E01022403,3,1,0.0,1.0,-1,6,30,1,1,1,15:00,5,1,9
2023201417431,2023,201417431,1,3,2,1,37,7,3,0,0,2,0,0,9,-1,-1,3,1,0.0,1.0,-1,3,30,1,4,1,21:28,4,1,9
2023411356989,2023,411356989,2,1,1,2,34,6,3,0,0,0,0,0,9,6,E01023752,3,1,0.0,1.0,-1,6,30,5,1,2,16:50,6,2,9
2023622300486,2023,622300486,1,1,1,1,17,4,3,0,0,0,0,0,9,1,W01001173,-1,0,0.0267,0.9733,-1,6,30,2,1,1,17:44,6,1,9
2023010450294,2023,010450294,1,1,2,2,62,9,3,0,0,0,3,0,11,5,E01003139,-1,0,0.0,1.0,-1,6,30,1,1,1,11:20,3,1,11
2023991280253,2023,991280253,2,1,2,2,78,11,2,0,0,0,3,0,11,6,-1,5,1,1.0,0.0,-1,6,30,1,1,1,14:42,6,2,11
2023351358980,2023,351358980,2,1,1,2,-1,-1,3,0,0,0,0,0,19,5,E01018163,3,1,0.0,1.0,-1,7,30,1,1,1,16:30,5,3,19
2023501388014,2023,501388014,1,1,1,1,38,7,3,0,0,0,0,0,19,1,E01020015,3,1,0.0,1.0,-1,6,30,1,1,2,15:00,2,2,19
2023201401053,2023,201401053,1,1,2,1,13,3,2,0,0,0,0,0,97,1,E01009588,6,1,1.0,0.0,-1,6,30,2,4,2,19:23,7,2,97
2023010449636,2023,010449636,1,1,3,2,41,7,3,5,3,0,0,0,0,4,E01001090,-1,0,0.0,1.0,-1,6,20,1,1,1,10:28,7,1,9
2023451287320,2023,451287320,1,1,1,1,21,5,2,0,0,0,0,0,3,5,E01003833,7,1,1.0,0.0,-1,6,30,5,1,2,06:25,5,2,3
2023010439116,2023,010439116,1,1,1,2,34,6,3,0,0,0,0,0,4,4,E01000621,-1,0,0.0,1.0,-1,6,30,1,1,1,10:45,7,2,4
2023610030423,2023,610030423,1,1,1,1,60,9,1,0,0,0,0,0,5,7,W01001425,-1,0,0.0,0.0,-1,6,50,1,1,1,17:50,6,3,5
2023131268782,2023,131268782,2,1,2,2,19,4,3,0,0,1,0,0,9,3,E01033032,3,1,0.0,1.0,-1,7,30,1,1,2,11:11,6,2,9
2023451316616,2023,451316616,1,1,1,1,56,9,3,0,0,0,0,0,9,8,E01030794,3,1,0.0,1.0,-1,3,70,1,1,1,17:10,2,3,9
2023520300907,2023,520300907,1,3,2,2,52,8,3,0,0,1,0,0,9,2,E01029099,-1,0,0.06371,0.93629,-1,6,60,2,1,2,14:48,4,2,9
2023361329136,2023,361329136,2,1,1,2,10,2,3,0,0,0,0,0,1,7,E01026673,3,1,0.0,1.0,-1,6,30,1,1,1,16:58,3,2,1
2023131261831,2023,131261831,1,1,1,2,33,6,3,0,0,0,0,0,9,4,E01010602,3,1,0.0,1.0,-1,6,40,1,1,1,07:50,4,2,9
2023131347670,2023,131347670,2,2,2,1,58,9,3,0,0,1,0,0,9,5,E01011184,3,1,0.0,1.0,-1,6,40,1,1,1,11:11,6,3,9
2023340NN1452,2023,340NN1452,1,4,2,2,19,4,3,0,0,1,0,0,9,-1,-1,-1,0,0.07152,0.92848,-1,6,60,1,1,1,18:25,4,2,9
2023451292979,2023,451292979,2,1,1,1,72,10,3,0,0,0,0,0,9,5,E01030337,3,1,0.0,1.0,-1,6,30,1,1,1,15:00,1,2,9
2023231323177,2023,231323177,1,1,3,1,59,9,3,5,1,0,0,2,0,1,E01009612,3,1,0.0,1.0,-1,6,30,1,1,1,21:05,7,1,9
2023010436383,2023,010436383,2,2,2,1,4,1,3,0,0,2,0,0,9,8,E01002106,-1,0,0.0,1.0,-1,6,30,1,1,1,19:45,6,2,9
2023501381812,2023,501381812,2,3,2,1,3,1,3,0,0,2,0,0,9,4,E01020322,3,1,0.0,1.0,-1,1,30,1,4,2,19:00,7,2,9
2023010433948,2023,010433948,1,1,1,1,24,5,3,0,0,0,0,0,1,2,E01003689,-1,0,0.0,1.0,-1,2,30,1,1,2,03:45,4,2,1
2023401272009,2023,401272009,1,2,2,2,34,6,3,0,0,1,0,0,9,3,E01017484,3,1,0.0,1.0,-1,3,70,7,4,2,02:54,1,1,9
2023010481311,2023,010481311,1,1,3,1,50,8,3,6,9,0,0,0,0,2,E01000739,-1,0,0.0,1.0,-1,6,30,3,1,2,10:30,6,1,9
2023041360492,2023,041360492,1,1,3,1,11,3,3,1,1,0,0,0,0,5,E01024930,3,1,0.0,1.0,-1,6,30,2,1,2,15:25,6,1,9
2023461313785,2023,461313785,1,1,3,2,35,6,2,9,5,0,0,2,0,7,E01024740,7,1,1.0,0.0,-1,6,30,1,1,1,07:40,6,2,19
2023991442315,2023,991442315,1,1,3,1,23,5,2,9,5,0,0,0,0,4,-1,7,1,1.0,0.0,-1,6,30,2,4,2,01:15,3,1,9
2023010469857,2023,010469857,1,1,1,1,46,8,3,0,0,0,0,0,1,7,E01001583,-1,0,0.0,1.0,-1,6,30,1,1,1,08:30,4,2,1
2023141346996,2023,141346996,2,1,1,1,59,9,3,0,0,0,0,0,1,7,E01007700,3,1,0.0,1.0,-1,1,30,1,1,1,19:00,4,2,1
2023471262084,2023,471262084,2,1,1,1,44,7,3,0,0,0,0,0,1,2,E01031808,3,1,0.0,1.0,-1,6,20,2,7,2,20:53,1,2,1
2023010429823,2023,010429823,1,1,1,-1,42,7,3,0,0,0,0,0,9,2,E01000901,-1,0,0.0,1.0,-1,6,30,9,1,9,15:15,1,2,9
2023061307806,2023,061307806,2,3,2,2,65,9,3,0,0,-1,0,0,9,-1,-1,3,1,0.0,1.0,-1,6,30,1,1,-1,17:50,2,2,9
2023552301267,2023,552301267,3,1,1,1,73,10,3,0,0,0,0,0,9,7,E01015330,-1,0,0.01959,0.98041,-1,6,30,1,1,1,18:24,5,4,9
2023991384502,2023,991384502,1,1,3,1,16,4,2,5,3,0,0,0,0,3,-1,7,1,1.0,0.0,-1,6,30,8,4,2,17:30,6,1,9
2023010483318,2023,010483318,1,1,1,1,27,6,3,0,0,0,0,0,4,2,E01003611,-1,0,0.0,1.0,-1,6,30,1,4,1,06:40,2,2,4
2023041353360,2023,041353360,1,1,2,1,17,4,3,0,0,2,0,0,9,7,E01025487,3,1,0.0,1.0,-1,6,60,1,6,1,21:12,3,1,9
2023131280400,2023,131280400,2,1,1,2,53,8,3,0,0,0,0,0,9,8,E01011397,3,1,0.0,1.0,-1,3,30,1,1,1,16:40,6,2,9
2023471266984,2023,471266984,2,1,1,2,29,6,3,0,0,0,0,0,9,5,E01021195,3,1,0.0,1.0,-1,6,40,1,1,2,10:20,2,2,9
2023522301610,2023,522301610,1,1,1,2,20,4,3,0,0,0,0,0,9,9,W01000828,-1,0,0.00192,0.99808,-1,3,40,9,1,9,18:45,3,2,9
2023302301242,2023,302301242,2,1,1,2,55,8,2,0,0,0,0,0,3,8,E01019707,-1,0,1.0,0.0,-1,6,30,1,1,1,12:04,6,2,3
2023201341318,2023,201341318,2,1,1,2,24,5,3,0,0,0,0,0,9,8,E01010241,3,1,0.0,1.0,-1,6,30,1,1,1,18:40,7,2,9
2023201415196,2023,201415196,1,1,1,1,28,6,3,0,0,0,0,0,9,5,E01009135,3,1,0.0,1.0,-1,3,30,1,1,1,10:05,2,2,9
2023471338002,2023,471338002,3,1,2,2,76,11,3,0,0,1,0,0,9,4,E01020936,3,1,0.0,1.0,-1,6,50,1,1,1,18:20,5,3,9
2023010439819,2023,010439819,1,1,1,2,29,6,3,0,0,0,0,0,3,4,E01001420,-1,0,0.0,1.0,-1,9,30,9,1,9,15:15,2,2,3
2023052300235,2023,052300235,2,1,2,2,26,6,3,0,0,1,0,0,9,1,E01007003,-1,0,0.04543,0.95457,-1,6,30,1,1,1,14:55,3,3,9
2023471283121,2023,471283121,1,1,3,1,27,6,2,1,3,0,0,0,0,4,E01031598,7,1,1.0,0.0,-1,6,30,1,4,1,23:00,7,1,9
2023161370040,2023,161370040,2,2,1,1,31,6,3,0,0,0,0,0,9,1,E01012881,3,1,0.0,1.0,-1,6,30,2,4,2,21:55,5,2,9
2023631362244,2023,631362244,1,1,1,1,76,11,2,0,0,0,0,0,9,10,W01000432,5,1,1.0,0.0,-1,6,60,1,1,1,11:22,5,2,9
2023052302134,2023,052302134,1,3,2,2,9,2,3,0,0,0,3,0,11,1,E01033228,-1,0,0.10271,0.89729,-1,3,30,1,1,1,16:25,2,1,11
2023010441537,2023,010441537,1,2,2,1,12,3,3,0,0,9,0,0,9,1,E01001813,-1,0,0.0,1.0,-1,1,30,2,1,2,15:38,7,2,9
2023101384636,2023,101384636,2,1,1,2,37,7,3,0,0,0,0,0,9,3,E01008708,3,1,0.0,1.0,-1,6,40,1,4,2,18:15,6,3,9
2023340NN9032,2023,340NN9032,2,2,1,1,31,6,3,0,0,0,0,0,9,3,E01027065,-1,0,0.11274,0.88726,-1,3,60,1,6,2,19:40,7,4,9
2023411300810,2023,411300810,2,1,1,1,47,8,3,0,0,0,0,0,9,2,E01015702,3,1,0.0,1.0,-1,6,30,1,1,1,17:10,3,2,9
2023461347305,2023,461347305,2,2,1,1,25,5,3,0,0,0,0,0,9,1,E01024670,3,1,0.0,1.0,-1,3,70,1,1,1,15:12,4,3,9
2023010468462,2023,010468462,1,1,3,1,4,1,3,5,3,0,0,0,0,3,E01033150,-1,0,0.0,1.0,-1,6,30,1,1,1,18:05,3,1,9
2023010445179,2023,010445179,1,1,1,1,32,6,3,0,0,0,0,0,3,3,E01001983,-1,0,0.0,1.0,-1,9,20,9,1,9,11:55,5,2,3
2023501268431,2023,501268431,2,1,2,2,76,11,2,0,0,1,0,0,9,6,E01017733,6,1,1.0,0.0,-1,6,60,1,1,1,12:19,5,3,9
2023201339684,2023,201339684,2,1,1,1,19,4,3,0,0,0,0,0,9,7,E01032590,3,1,0.0,1.0,-1,1,30,1,1,1,18:45,6,2,9
2023622300503,2023,622300503,1,1,1,1,17,4,3,0,0,0,0,0,9,2,W01000856,-1,0,0.07964,0.92036,-1,6,30,1,1,1,21:14,1,2,9
2023991302411,2023,991302411,1,2,1,2,44,7,3,0,0,0,0,0,9,-1,-1,3,1,0.0,1.0,-1,6,60,3,1,3,09:20,4,2,9
202360A088036,2023,60A088036,2,1,1,1,17,4,2,0,0,0,0,0,1,-1,-1,-1,0,1.0,0.0,-1,6,30,1,1,1,21:02,5,2,1
2023010462852,2023,010462852,2,1,1,1,37,7,3,0,0,0,0,0,3,5,E01001344,-1,0,0.0,1.0,-1,6,20,1,1,1,16:40,2,2,3
2023010486451,2023,010486451,1,1,1,1,38,7,3,0,0,0,0,0,3,4,E01003165,-1,0,0.0,1.0,-1,6,20,1,1,2,15:03,4,2,3
2023451306836,2023,451306836,3,2,1,2,62,9,3,0,0,0,0,0,9,10,E01016606,3,1,0.0,1.0,-1,6,40,1,7,1,19:30,6,5,9
2023501366455,2023,501366455,2,1,1,2,63,9,3,0,0,0,0,0,9,7,E01018901,3,1,0.0,1.0,-1,1,30,1,1,1,11:17,3,2,9
2023546153223,2023,546153223,1,4,2,1,16,4,3,0,0,2,0,0,9,8,E01031946,-1,0,0.08235,0.91765,-1,6,50,1,1,1,17:06,2,1,9
2023991345687,2023,991345687,1,1,1,1,90,11,3,0,0,0,0,0,9,3,-1,3,1,0.0,1.0,-1,6,20,1,1,1,11:32,6,1,9
2023010471887,2023,010471887,4,2,1,1,33,6,3,0,0,0,0,0,19,1,E01001507,-1,0,0.0,1.0,-1,3,50,1,1,1,08:28,7,4,19
2023170M20623,2023,170M20623,3,1,2,1,25,5,2,0,0,0,0,0,90,-1,-1,-1,0,1.0,0.0,-1,6,30,1,1,1,14:55,4,3,90
2023141306413,2023,141306413,2,1,1,1,-1,-1,2,0,0,0,0,0,17,-1,-1,7,1,1.0,0.0,-1,6,30,1,1,1,21:10,5,2,17
2023031306401,2023,031306401,2,2,2,2,28,6,2,0,0,2,0,0,9,5,E01019305,7,1,1.0,0.0,-1,6,30,1,1,1,15:15,4,2,9
2023421378154,2023,421378154,2,1,1,2,75,10,3,0,0,0,0,0,9,5,E01021880,3,1,0.0,1.0,-1,1,70,1,1,1,14:30,5,2,9
2023440204160,2023,440204160,1,1,2,2,55,8,3,0,0,1,0,0,9,10,E01022659,-1,0,0.09712,0.90288,-1,6,30,1,1,1,18:17,3,1,9
2023991350499,2023,991350499,2,1,1,1,70,10,3,0,0,0,0,0,9,8,-1,3,1,0.0,1.0,-1,3,70,1,1,1,16:10,6,2,9
2023061293231,2023,061293231,1,1,3,1,50,8,3,10,9,0,0,2,0,1,E01005225,3,1,0.0,1.0,-1,6,30,1,1,2,09:50,6,1,9
2023010436245,2023,010436245,2,1,1,2,23,5,3,0,0,0,0,0,3,4,E01001396,-1,0,0.0,1.0,-1,7,20,1,1,1,18:40,5,2,3
2023622300500,2023,622300500,1,1,1,1,33,6,3,0,0,0,0,0,5,1,W01000812,-1,0,0.09745,0.90255,-1,6,30,1,1,1,07:51,3,2,5
2023010458789,2023,010458789,1,1,1,1,46,8,3,0,0,0,0,0,9,5,E01004307,-1,0,0.0,1.0,-1,9,20,1,1,1,20:53,5,2,9
2023122300603,2023,122300603,1,1,1,1,21,5,3,0,0,0,0,0,9,1,E01007627,-1,0,0.06262,0.93738,-1,6,30,1,4,2,04:41,4,2,9
2023131342110,2023,131342110,1,1,1,1,24,5,3,0,0,0,0,0,9,4,E01011320,3,1,0.0,1.0,-1,6,40,1,4,1,02:30,4,1,9
2023161349783,2023,161349783,2,1,1,2,28,6,3,0,0,0,0,0,9,8,E01013189,3,1,0.0,1.0,-1,3,70,7,6,2,07:20,3,3,9
2023231363865,2023,231363865,1,1,1,1,56,9,3,0,0,0,0,0,9,7,E01031166,3,1,0.0,1.0,-1,6,50,1,1,1,09:35,2,2,9
2023461337124,2023,461337124,1,1,1,1,29,6,3,0,0,0,0,0,9,6,E01021308,3,1,0.0,1.0,-1,6,60,1,1,1,11:52,3,2,9
202354B234023,2023,54B234023,2,1,1,2,65,9,3,0,0,0,0,0,9,10,E01032072,-1,0,0.00393,0.99607,-1,1,30,1,1,1,11:30,7,2,9
2023221378415,2023,221378415,2,3,2,1,29,6,2,0,0,1,0,0,9,-1,-1,7,1,1.0,0.0,-1,6,60,1,1,1,13:00,2,2,9
2023991273054,2023,991273054,1,1,1,1,19,4,3,0,0,0,0,0,9,6,-1,3,1,0.0,1.0,-1,6,30,2,4,2,23:10,2,1,9
2023010432321,2023,010432321,1,1,1,1,44,7,2,0,0,0,0,0,9,4,E01003685,-1,0,1.0,0.0,-1,6,30,1,1,2,08:32,4,3,9
2023221351699,2023,221351699,1,1,1,1,50,8,3,0,0,0,0,0,9,10,E01032162,3,1,0.0,1.0,-1,6,60,1,1,1,16:15,7,2,9
2023451306007,2023,451306007,1,2,2,2,20,4,3,0,0,1,0,0,9,6,E01030524,3,1,0.0,1.0,-1,6,30,1,6,2,01:40,5,1,9
2023991321771,2023,991321771,1,1,2,1,18,4,2,0,0,2,0,0,9,10,-1,5,1,1.0,0.0,-1,6,40,1,1,1,21:30,5,3,9
2023010486230,2023,010486230,1,1,1,1,25,5,2,0,0,0,0,0,1,5,E01000443,-1,0,1.0,0.0,-1,6,30,2,4,2,17:15,4,2,1
2023440525694,2023,440525694,1,1,1,1,35,6,3,0,0,0,0,0,5,6,E01022666,-1,0,0.22756,0.77244,-1,3,50,1,1,1,13:01,3,2,5
2023421367132,2023,421367132,2,1,1,2,69,10,3,0,0,0,0,0,9,5,E01021492,3,1,0.0,1.0,-1,6,30,1,1,1,09:40,2,2,9
2023461296138,2023,461296138,2,2,1,2,42,7,3,0,0,0,0,0,9,6,E01024728,3,1,0.0,1.0,-1,3,70,2,1,2,16:08,6,2,9
2023010419871,2023,010419871,2,1,2,2,25,5,3,0,0,0,4,0,11,1,E01004250,-1,0,0.0,1.0,-1,6,20,1,4,1,22:40,4,2,11
2023010422255,2023,010422255,1,1,1,1,62,9,2,0,0,0,0,0,1,3,E01033607,-1,0,1.0,0.0,-1,6,20,1,1,1,11:20,5,2,1
2023010429488,2023,010429488,1,1,1,1,23,5,3,0,0,0,0,0,1,4,E01003354,-1,0,0.0,1.0,-1,6,30,1,1,1,07:26,2,2,1
2023430565794,2023,430565794,3,1,1,1,14,3,3,0,0,0,0,0,1,2,E01028450,-1,0,0.11509,0.88491,-1,6,30,1,1,2,15:38,2,3,1
2023041293682,2023,041293682,2,1,1,2,76,11,3,0,0,0,0,0,9,9,E01025533,3,1,0.0,1.0,-1,6,20,1,1,1,14:30,7,3,9
2023101258638,2023,101258638,1,1,1,1,19,4,3,0,0,0,0,0,9,5,E01027384,3,1,0.0,1.0,-1,3,70,2,6,2,00:21,1,1,9
2023131345313,2023,131345313,1,1,1,2,60,9,2,0,0,0,0,0,9,6,E01011182,7,1,1.0,0.0,-1,6,30,1,1,1,06:15,6,3,9
2023340NN0812,2023,340NN0812,1,1,1,1,35,6,2,0,0,0,0,0,9,9,E01027052,-1,0,1.0,0.0,-1,6,60,1,6,4,23:39,6,2,9
2023421272568,2023,421272568,2,1,1,2,28,6,3,0,0,0,0,0,9,9,E01021560,3,1,0.0,1.0,-1,6,30,1,4,1,19:50,1,2,9