collision_index,collision_year,collision_ref_no,vehicle_reference,casualty_reference,casualty_class,sex_of_casualty,age_of_casualty,age_band_of_casualty,casualty_severity,pedestrian_location,pedestrian_movement,car_passenger,bus_or_coach_passenger,pedestrian_road_maintenance_worker,casualty_type,casualty_imd_decile,lsoa_of_casualty,enhanced_casualty_severity,casualty_injury_based,casualty_adjusted_severity_serious,casualty_adjusted_severity_slight,casualty_distance_banding,road_type,speed_limit,weather_conditions,light_conditions,road_surface_conditions,time,day_of_week,number_of_vehicles,vehicle_type
2023440282035,2023,440282035,2,2,1,2,41,7,3,0,0,0,0,0,9,3,E01017225,-1,0,0.05008,0.94992,-1,6,40,1,1,1,17:29,5,2,9
2023430334851,2023,430334851,1,1,3,2,52,8,3,1,1,0,0,0,0,4,E01016400,-1,0,0.06908,0.93092,-1,6,30,1,1,1,17:25,5,1,1
2023052301001,2023,052301001,2,1,1,2,23,5,3,0,0,0,0,0,1,1,E01006759,-1,0,0.0836,0.9164,-1,6,30,1,1,1,07:30,3,2,1
2023311264924,2023,311264924,1,2,1,2,57,9,3,0,0,0,0,0,9,-1,-1,3,1,0.0,1.0,-1,2,30,8,1,4,08:47,4,2,9
2023991396173,2023,991396173,3,2,1,1,31,6,3,0,0,0,0,0,9,3,-1,3,1,0.0,1.0,-1,3,70,1,6,1,17:15,2,3,9
2023440020094,2023,440020094,1,1,3,2,58,9,3,1,9,0,0,0,0,2,E01022655,-1,0,0.1298,0.8702,-1,6,30,1,1,1,15:35,6,1,9
2023361376453,2023,361376453,2,1,1,1,20,4,3,0,0,0,0,0,3,3,E01026592,3,1,0.0,1.0,-1,6,30,1,1,1,14:45,7,2,3
2023010440177,2023,010440177,2,2,1,1,27,6,3,0,0,0,0,0,9,-1,-1,-1,0,0.0,1.0,-1,6,20,1,1,1,14:18,7,2,9
2023010460494,2023,010460494,1,1,1,1,35,6,3,0,0,0,0,0,9,4,E01001194,-1,0,0.0,1.0,-1,6,30,1,1,2,06:20,2,2,9
2023311384132,2023,311384132,1,2,2,1,17,4,3,0,0,1,0,0,9,6,E01028374,3,1,0.0,1.0,-1,6,40,2,4,5,21:22,5,3,9
2023332301077,2023,332301077,1,1,1,1,31,6,3,0,0,0,0,0,9,6,E01013771,-1,0,0.00502,0.99498,-1,6,30,1,1,1,17:39,3,2,9
2023332301089,2023,332301089,2,1,1,1,62,9,3,0,0,0,0,0,9,8,E01028375,-1,0,0.05776,0.94224,-1,6,60,2,6,2,19:17,7,2,9
202360A181977,2023,60A181977,2,1,1,1,32,6,2,0,0,0,0,0,9,-1,-1,-1,0,1.0,0.0,-1,6,30,1,6,1,06:45,5,2,9
2023631343434,2023,631343434,1,1,1,1,28,6,3,0,0,0,0,0,9,4,W01000702,3,1,0.0,1.0,-1,6,40,1,1,2,12:00,7,1,9
2023010464551,2023,010464551,1,1,1,1,29,6,3,0,0,0,0,0,1,3,E01001373,-1,0,0.0,1.0,-1,6,20,1,1,1,17:35,4,2,1
2023141344473,2023,141344473,2,1,1,1,19,4,3,0,0,0,0,0,1,-1,-1,3,1,0.0,1.0,-1,6,30,1,4,1,20:15,3,2,1
2023010420946,2023,010420946,1,1,1,1,28,6,3,0,0,0,0,0,3,7,E01004281,-1,0,0.0,1.0,-1,6,20,1,1,2,11:30,5,2,3
2023010457631,2023,010457631,1,1,2,2,14,3,3,0,0,2,0,0,9,4,E01003541,-1,0,0.0,1.0,-1,6,20,1,4,1,01:28,6,2,9
2023010479986,2023,010479986,1,1,3,1,34,6,2,4,2,0,0,0,0,2,E01002763,-1,0,1.0,0.0,-1,6,20,1,4,1,18:30,6,1,11
2023052302980,2023,052302980,1,1,3,1,67,10,3,5,9,0,0,0,0,1,E01006732,-1,0,0.13124,0.86876,-1,6,30,1,4,2,08:15,4,1,9
2023440220787,2023,440220787,2,1,1,2,47,8,2,0,0,0,0,0,1,1,E01032882,-1,0,1.0,0.0,-1,2,30,1,1,1,13:30,1,2,1
2023010462932,2023,010462932,1,1,1,1,27,6,3,0,0,0,0,0,3,3,E01001076,-1,0,0.0,1.0,-1,6,30,1,1,1,19:15,1,2,3
2023010465891,2023,010465891,1,1,1,1,32,6,3,0,0,0,0,0,3,1,E01000595,-1,0,0.0,1.0,-1,9,20,9,4,9,20:01,4,2,3
2023440513438,2023,440513438,1,1,1,2,21,5,3,0,0,0,0,0,3,2,E01033237,-1,0,0.18281,0.81719,-1,6,30,1,4,2,17:55,7,1,3
2023041326159,2023,041326159,1,1,1,1,20,4,2,0,0,0,0,0,9,1,E01025184,7,1,1.0,0.0,-1,6,30,1,4,2,04:03,4,4,9
2023610005023,2023,610005023,1,1,1,1,38,7,2,0,0,1,0,0,9,4,W01001917,-1,0,1.0,0.0,-1,6,60,1,6,1,06:11,4,3,9
2023201309923,2023,201309923,1,1,1,1,37,7,3,0,0,0,0,0,-1,4,E01009927,3,1,0.0,1.0,-1,6,30,1,1,1,08:00,3,2,-1
2023070503459,2023,070503459,1,1,3,1,25,5,3,9,8,0,0,0,0,6,E01018450,-1,0,0.21569,0.78431,-1,6,60,1,6,2,01:10,1,1,9
2023201413559,2023,201413559,1,1,3,2,32,6,2,6,9,0,0,2,0,1,E01009132,7,1,1.0,0.0,-1,6,30,1,1,1,10:50,4,1,22
2023451393523,2023,451393523,1,1,3,1,84,11,2,4,3,0,0,0,0,8,E01030595,7,1,1.0,0.0,-1,6,30,8,1,2,12:24,1,1,9
2023031374151,2023,031374151,1,1,1,1,41,7,3,0,0,0,0,0,3,6,E01019084,3,1,0.0,1.0,-1,6,60,8,7,2,19:58,1,2,3
2023302301988,2023,302301988,1,1,1,2,26,6,3,0,0,0,0,0,9,4,E01019773,-1,0,0.02142,0.97858,-1,6,30,9,1,2,15:21,7,2,9
2023531324184,2023,531324184,2,1,2,1,8,2,3,0,0,1,0,0,9,5,E01015427,3,1,0.0,1.0,-1,6,60,1,1,1,14:26,5,2,9
2023351326558,2023,351326558,1,1,3,1,25,5,3,6,9,0,0,0,0,2,E01015594,3,1,0.0,1.0,-1,6,30,1,4,-1,01:30,6,1,9
2023520300413,2023,520300413,1,1,3,2,32,6,3,10,9,0,0,0,0,5,E01029268,-1,0,0.02265,0.97735,-1,6,20,1,1,1,12:50,2,1,9
2023421360099,2023,421360099,2,1,1,1,-1,-1,3,0,0,0,0,0,1,10,E01021693,3,1,0.0,1.0,-1,6,30,1,1,1,14:09,3,2,1
2023610019023,2023,610019023,2,1,1,1,56,9,3,0,0,0,0,0,4,1,W01001326,-1,0,0.24973,0.75027,-1,6,50,1,1,1,14:55,6,2,4
2023991390181,2023,991390181,1,2,1,2,54,8,3,0,0,0,0,0,8,5,-1,3,1,0.0,1.0,-1,6,60,1,1,4,08:30,3,1,8
2023052300036,2023,052300036,2,1,1,2,19,4,3,0,0,0,0,0,9,4,E01006846,-1,0,0.02233,0.97767,-1,3,30,1,4,2,22:20,3,2,9
2023161347682,2023,161347682,2,1,1,1,46,8,3,0,0,0,0,0,9,2,E01013002,3,1,0.0,1.0,-1,6,40,1,1,1,14:10,6,2,9
2023471298125,2023,471298125,2,2,1,2,55,8,3,0,0,0,0,0,9,10,E01021192,3,1,0.0,1.0,-1,6,30,1,1,1,17:50,3,2,9
2023311335118,2023,311335118,1,1,3,1,18,4,2,5,1,0,0,0,0,-1,-1,7,1,1.0,0.0,-1,1,30,1,4,1,04:35,1,1,8
2023010473959,2023,010473959,2,1,1,1,39,7,3,0,0,0,0,0,3,4,E01003115,-1,0,0.0,1.0,-1,6,30,1,1,1,13:08,4,2,3
2023361353355,2023,361353355,1,1,2,1,6,2,3,0,0,1,0,0,9,-1,-1,3,1,0.0,1.0,-1,6,60,1,1,1,16:35,1,2,9
2023401379858,2023,401379858,2,1,1,2,22,5,3,0,0,0,0,0,9,4,E01015786,3,1,0.0,1.0,-1,6,30,1,1,1,14:37,5,5,9
2023070812005,2023,070812005,1,1,2,2,55,8,3,0,0,2,0,0,9,4,E01018343,-1,0,0.01706,0.98294,-1,6,30,1,1,1,14:30,1,1,9
2023131304998,2023,131304998,1,3,3,1,15,3,3,6,9,0,0,2,0,5,E01010656,3,1,0.0,1.0,-1,6,30,1,1,1,10:30,1,3,9
2023010460702,2023,010460702,1,1,1,2,23,5,3,0,0,0,0,0,9,1,E01002089,-1,0,0.0,1.0,-1,1,30,1,1,1,20:20,7,2,9
2023501286560,2023,501286560,1,1,1,2,42,7,3,0,0,0,0,0,9,1,E01015057,3,1,0.0,1.0,-1,1,30,1,1,1,09:40,3,2,9
2023131344422,2023,131344422,1,1,3,2,64,9,2,6,9,0,0,2,0,1,E01011355,7,1,1.0,0.0,-1,6,30,1,1,1,18:45,2,1,9
2023440237577,2023,440237577,1,1,1,1,40,7,3,0,0,0,0,0,9,9,E01022881,-1,0,0.08143,0.91857,-1,6,60,1,1,1,14:15,5,2,9
2023421364434,2023,421364434,2,1,1,2,23,5,2,0,0,0,0,0,9,-1,-1,7,1,1.0,0.0,-1,6,40,1,6,2,19:06,4,2,9
2023531290005,2023,531290005,4,3,2,1,3,1,3,0,0,2,0,0,9,6,E01032934,3,1,0.0,1.0,-1,3,70,1,1,1,08:15,5,4,9
2023010449494,2023,010449494,2,1,1,2,56,9,3,0,0,0,0,0,1,5,E01004494,-1,0,0.0,1.0,-1,1,20,1,1,1,16:53,6,2,1
2023201408309,2023,201408309,2,1,1,1,13,3,3,0,0,0,0,0,1,7,E01009189,3,1,0.0,1.0,-1,6,20,1,1,1,16:10,5,2,1
2023421332025,2023,421332025,2,1,1,1,34,6,3,0,0,0,0,0,1,-1,-1,3,1,0.0,1.0,-1,6,60,1,1,1,18:45,6,2,1
2023440254141,2023,440254141,2,2,1,1,63,9,3,0,0,0,0,0,9,10,E01030792,-1,0,0.06155,0.93845,-1,6,30,1,1,1,07:42,2,2,9
2023461337544,2023,461337544,2,4,2,1,13,3,3,0,0,1,0,0,9,9,E01024112,3,1,0.0,1.0,-1,3,50,1,1,1,10:11,3,3,9
2023552300941,2023,552300941,2,1,1,2,20,4,3,0,0,0,0,0,1,3,E01015289,-1,0,0.03919,0.96081,-1,6,30,1,1,1,14:23,5,2,1
2023201405205,2023,201405205,1,1,1,1,72,10,3,0,0,0,0,0,9,1,E01010236,3,1,0.0,1.0,-1,6,30,1,1,2,22:51,5,2,9
2023320715299,2023,320715299,1,1,2,1,13,3,3,0,0,1,0,0,9,2,E01026161,-1,0,0.02148,0.97852,-1,6,30,1,1,1,14:00,7,2,9
2023471299888,2023,471299888,1,1,1,2,49,8,3,0,0,0,0,0,9,6,E01031839,3,1,0.0,1.0,-1,6,30,2,1,2,11:24,1,2,9
2023302301299,2023,302301299,1,1,3,2,32,6,3,9,9,0,0,0,0,5,E01013551,-1,0,0.11749,0.88251,-1,6,30,2,4,2,22:00,2,1,8
2023552400139,2023,552400139,1,1,3,1,25,5,3,1,9,0,0,0,0,-1,-1,-1,0,0.13373,0.86627,-1,6,30,1,1,1,07:53,2,1,9
2023052301089,2023,052301089,1,1,3,2,14,3,3,5,3,0,0,0,0,1,E01007129,-1,0,0.16311,0.83689,-1,6,30,1,1,1,18:05,7,1,9
2023010445708,2023,010445708,1,1,1,2,35,6,3,0,0,0,0,0,1,9,E01001132,-1,0,0.0,1.0,-1,6,20,9,1,9,09:35,7,2,1
2023061283108,2023,061283108,1,1,1,1,81,11,3,0,0,0,0,0,9,10,E01011120,3,1,0.0,1.0,-1,3,70,1,4,1,17:34,7,1,9
2023122300587,2023,122300587,1,2,2,2,23,5,2,0,0,1,0,0,9,1,E01012304,-1,0,1.0,0.0,-1,3,70,1,1,1,10:55,7,2,9
2023131324874,2023,131324874,1,1,1,1,27,6,3,0,0,0,0,0,9,4,E01011157,3,1,0.0,1.0,-1,6,30,1,4,1,01:17,1,2,9
2023440006748,2023,440006748,2,1,1,2,27,6,3,0,0,0,0,0,9,7,E01022592,-1,0,0.03865,0.96135,-1,6,30,1,1,1,09:11,6,2,9
2023631308050,2023,631308050,1,1,1,2,76,11,3,0,0,0,0,0,9,9,W01001903,3,1,0.0,1.0,-1,6,60,1,6,1,13:15,3,1,9
2023010444876,2023,010444876,1,1,2,2,66,10,3,0,0,0,4,0,11,1,E01002800,-1,0,0.0,1.0,-1,6,20,1,1,1,13:50,4,2,11
2023041329486,2023,041329486,2,2,2,2,43,7,3,0,0,0,4,0,11,7,E01025123,3,1,0.0,1.0,-1,6,20,1,1,1,15:36,4,2,11
2023430025610,2023,430025610,1,1,2,2,46,8,2,0,0,0,0,0,19,8,E01028630,-1,0,1.0,0.0,-1,6,30,1,4,4,01:30,4,1,19
2023622300263,2023,622300263,2,2,1,2,49,8,3,0,0,0,0,0,9,1,W01000992,-1,0,0.01565,0.98435,-1,6,60,1,1,1,08:25,5,3,9
2023991344158,2023,991344158,2,1,1,2,25,5,3,0,0,0,0,0,9,1,-1,3,1,0.0,1.0,-1,6,60,1,1,2,06:30,3,2,9
2023010437020,2023,010437020,1,1,2,2,-1,-1,3,0,0,9,0,0,9,2,E01004444,-1,0,0.0,1.0,-1,2,20,2,1,2,18:21,3,1,9
2023161381022,2023,161381022,2,1,1,2,59,9,3,0,0,0,0,0,9,10,E01013091,3,1,0.0,1.0,-1,1,40,1,1,2,14:24,5,2,9
2023991271146,2023,991271146,1,1,1,2,55,8,3,0,0,0,0,0,9,2,-1,3,1,0.0,1.0,-1,6,30,2,4,2,17:10,4,1,9
2023351305718,2023,351305718,1,1,1,1,22,5,3,0,0,0,0,0,9,9,E01018113,3,1,0.0,1.0,-1,6,30,1,1,1,13:31,4,2,9
2023991282326,2023,991282326,1,1,2,1,17,4,2,0,0,2,0,0,9,2,-1,6,1,1.0,0.0,-1,6,30,1,4,1,21:50,4,2,9
2023010432210,2023,010432210,1,1,1,1,20,4,3,0,0,0,0,0,5,3,E01004259,-1,0,0.0,1.0,-1,3,30,1,4,1,18:22,3,2,5
2023411302011,2023,411302011,2,1,2,2,12,3,3,0,0,2,0,0,9,2,E01023404,3,1,0.0,1.0,-1,6,30,1,1,1,15:56,3,2,9
202360A006087,2023,60A006087,1,1,1,1,18,4,3,0,0,0,0,0,9,-1,-1,-1,0,0.16659,0.83341,-1,6,60,5,6,5,20:17,6,1,9
2023010437581,2023,010437581,1,1,1,1,22,5,3,0,0,0,0,0,9,3,E01001762,-1,0,0.0,1.0,-1,2,20,1,1,1,19:50,6,2,9
2023010480375,2023,010480375,3,1,1,1,18,4,3,0,0,0,0,0,9,6,E01000332,-1,0,0.0,1.0,-1,6,30,2,4,2,00:49,2,3,9
2023610015523,2023,610015523,1,1,1,2,74,10,3,0,0,1,0,0,9,2,W01001482,-1,0,0.1105,0.8895,-1,6,30,1,1,1,10:33,3,2,9
2023010420469,2023,010420469,1,1,3,2,43,7,3,5,3,0,0,0,0,2,E01003912,-1,0,0.0,1.0,-1,9,30,1,4,1,19:40,6,1,2
2023010473913,2023,010473913,1,1,3,2,84,11,3,5,1,0,0,0,0,3,E01001805,-1,0,0.0,1.0,-1,2,20,1,1,1,10:15,4,1,9
2023010426017,2023,010426017,2,1,1,1,54,8,3,0,0,0,0,0,-1,2,E01003137,-1,0,0.0,1.0,-1,6,20,1,1,1,09:45,4,2,-1
2023302300707,2023,302300707,2,1,1,1,31,6,3,0,0,0,0,0,1,1,E01013586,-1,0,0.12516,0.87484,-1,6,30,2,1,2,07:50,5,2,1
2023010481929,2023,010481929,2,1,1,1,24,5,3,0,0,0,0,0,3,2,E01003732,-1,0,0.0,1.0,-1,6,20,2,4,2,17:14,2,2,3
2023010464202,2023,010464202,1,2,2,-1,-1,-1,3,0,0,1,0,0,9,-1,-1,-1,0,0.0,1.0,-1,6,20,8,4,1,22:18,2,1,9
2023010474439,2023,010474439,2,2,2,2,17,4,2,0,0,2,0,0,9,2,E01000013,-1,0,1.0,0.0,-1,3,30,1,4,1,22:25,6,2,9
2023041298590,2023,041298590,2,1,1,2,46,8,3,0,0,0,0,0,9,8,E01025564,3,1,0.0,1.0,-1,6,20,1,1,1,16:40,4,2,9
2023401298458,2023,401298458,1,1,1,2,21,5,3,0,0,0,0,0,9,5,E01017525,3,1,0.0,1.0,-1,6,30,1,1,1,16:58,7,2,9
2023451350021,2023,451350021,2,1,1,1,19,4,3,0,0,0,0,0,9,5,E01030464,3,1,0.0,1.0,-1,1,30,1,1,1,09:00,5,3,9
2023430144659,2023,430144659,1,1,1,1,20,4,3,0,0,0,0,0,19,7,E01028756,-1,0,0.0709,0.9291,-1,6,50,1,1,5,11:44,1,2,19
2023201291639,2023,201291639,2,1,2,2,22,5,3,0,0,1,0,0,9,1,E01009298,3,1,0.0,1.0,-1,6,20,1,1,1,16:10,5,2,9
2023332300927,2023,332300927,1,2,1,2,22,5,3,0,0,0,0,0,9,1,E01013860,-1,0,0.03941,0.96059,-1,6,40,8,6,2,22:54,1,2,9
2023991385323,2023,991385323,2,1,1,1,31,6,2,0,0,0,0,0,1,2,-1,7,1,1.0,0.0,-1,6,30,9,1,1,17:52,6,2,1
2023010467269,2023,010467269,1,1,1,1,27,6,3,0,0,0,0,0,1,1,E01002842,-1,0,0.0,1.0,-1,6,20,2,1,2,16:19,4,3,1
2023430136396,2023,430136396,1,1,1,1,19,4,3,0,0,0,0,0,4,7,E01016840,-1,0,0.19759,0.80241,-1,6,60,2,1,2,09:00,3,2,4
2023131310444,2023,131310444,1,1,1,1,35,6,3,0,0,0,0,0,9,8,E01007362,3,1,0.0,1.0,-1,6,30,1,1,1,08:25,3,3,9
2023201339308,2023,201339308,2,2,1,1,27,6,3,0,0,0,0,0,9,6,W01000371,3,1,0.0,1.0,-1,6,30,1,4,2,22:48,1,2,9
2023421300116,2023,421300116,2,1,1,1,19,4,3,0,0,0,0,0,4,8,E01021436,3,1,0.0,1.0,-1,6,30,1,1,1,17:30,3,2,4
2023010451467,2023,010451467,1,1,1,1,25,5,3,0,0,0,0,0,8,1,E01002773,-1,0,0.0,1.0,-1,7,30,1,1,1,05:08,2,2,8
2023041341685,2023,041341685,1,2,2,1,17,4,3,0,0,1,0,0,9,-1,-1,3,1,0.0,1.0,-1,3,70,1,4,2,02:05,3,1,9
2023340WN6942,2023,340WN6942,1,1,1,1,50,8,3,0,0,0,0,0,9,4,E01032976,-1,0,0.1095,0.8905,-1,6,30,1,4,1,23:25,7,2,9
2023501391538,2023,501391538,1,2,1,1,72,10,3,0,0,0,0,0,9,5,E01018947,3,1,0.0,1.0,-1,6,60,1,6,1,19:05,6,2,9
2023520400136,2023,520400136,1,1,1,1,77,11,3,0,0,0,0,0,9,7,E01031033,-1,0,0.01722,0.98278,-1,3,70,1,1,1,11:10,6,2,9
2023541152823,2023,541152823,2,3,2,2,17,4,2,0,0,1,0,0,9,9,E01031863,-1,0,1.0,0.0,-1,6,60,1,1,1,14:15,4,2,9
202363B020523,2023,63B020523,1,1,1,1,42,7,2,0,0,0,0,0,9,5,W01000529,-1,0,1.0,0.0,-1,6,60,1,6,1,21:50,3,1,9
2023421289726,2023,421289726,1,1,1,2,27,6,3,0,0,0,0,0,19,8,E01021717,3,1,0.0,1.0,-1,6,30,1,1,1,07:01,5,2,19
2023351341424,2023,351341424,1,1,1,-1,-1,-1,3,0,0,0,0,0,1,-1,-1,3,1,0.0,1.0,-1,6,30,1,1,1,20:30,1,2,1
2023010450990,2023,010450990,1,1,1,1,22,5,3,0,0,0,0,0,3,2,E01001509,-1,0,0.0,1.0,-1,9,20,9,7,9,23:00,5,2,3
2023010459212,2023,010459212,1,1,1,1,38,7,3,0,0,0,0,0,3,5,E01003142,-1,0,0.0,1.0,-1,3,20,5,1,2,12:00,7,2,3
2023041359913,2023,041359913,2,1,1,2,52,8,2,0,0,0,0,0,9,1,E01012672,7,1,1.0,0.0,-1,6,30,2,1,2,17:00,5,2,9
2023231380411,2023,231380411,1,1,1,1,23,5,3,0,0,0,0,0,9,6,E01031106,3,1,0.0,1.0,-1,6,30,1,4,1,02:08,1,1,9
2023461401365,2023,461401365,1,1,1,1,18,4,2,0,0,0,0,0,9,5,E01024767,5,1,1.0,0.0,-1,6,40,1,6,2,23:08,3,1,9
2023622300850,2023,622300850,2,3,2,2,68,10,3,0,0,1,0,0,9,6,W01001236,-1,0,0.02645,0.97355,-1,6,20,1,1,1,12:39,5,2,9
2023010465514,2023,010465514,1,1,2,2,42,7,3,0,0,0,3,0,11,3,E01001747,-1,0,0.0,1.0,-1,3,20,1,1,1,12:19,3,1,11
2023010434940,2023,010434940,1,1,2,1,16,4,3,0,0,1,0,0,9,-1,-1,-1,0,0.0,1.0,-1,3,30,2,4,2,22:04,4,2,9
2023010454505,2023,010454505,1,1,1,1,25,5,3,0,0,0,0,0,9,5,E01001988,-1,0,0.0,1.0,-1,6,30,1,1,1,08:30,3,3,9
2023361334192,2023,361334192,1,2,1,1,58,9,3,0,0,0,0,0,9,2,E01018070,3,1,0.0,1.0,-1,6,40,1,1,1,05:30,6,2,9
2023401386779,2023,401386779,2,3,1,1,40,7,3,0,0,0,0,0,9,10,E01017436,3,1,0.0,1.0,-1,3,50,1,4,2,17:45,7,2,9
2023401390630,2023,401390630,2,1,1,1,49,8,3,0,0,0,0,0,9,5,E01015762,3,1,0.0,1.0,-1,6,30,1,4,1,18:17,7,2,9
2023010465498,2023,010465498,1,1,1,1,37,7,3,0,0,0,0,0,1,3,E01004228,-1,0,0.0,1.0,-1,2,20,1,1,1,12:55,3,2,1
2023211271536,2023,211271536,2,1,1,1,19,4,3,0,0,0,0,0,3,4,E01029367,3,1,0.0,1.0,-1,6,30,1,1,-1,15:00,3,2,3
2023421270627,2023,421270627,1,1,1,1,23,5,2,0,0,0,0,0,3,2,E01021488,6,1,1.0,0.0,-1,6,40,1,4,1,19:18,3,3,3
2023221345520,2023,221345520,1,2,2,1,35,6,3,0,0,1,0,0,9,-1,-1,3,1,0.0,1.0,-1,7,40,1,4,1,22:12,2,2,9
2023461310830,2023,461310830,1,1,1,2,17,4,3,0,0,0,0,0,9,6,E01024703,3,1,0.0,1.0,-1,6,30,1,1,1,09:10,5,2,9
2023411420291,2023,411420291,2,2,1,1,43,7,3,0,0,0,0,0,19,9,E01023834,3,1,0.0,1.0,-1,7,50,1,4,2,21:39,2,2,19
2023440171125,2023,440171125,2,1,1,1,15,3,2,0,0,0,0,0,1,8,E01022758,-1,0,1.0,0.0,-1,6,30,1,1,1,16:35,2,2,1
2023340NN3282,2023,340NN3282,2,2,2,2,22,5,3,0,0,1,0,0,9,4,E01027523,-1,0,0.04784,0.95216,-1,3,70,2,1,2,18:30,1,2,9
2023461293861,2023,461293861,2,1,1,1,53,8,2,0,0,0,0,0,19,8,E01000447,7,1,1.0,0.0,-1,6,30,1,1,1,15:50,5,2,19
2023010451022,2023,010451022,1,4,2,2,8,2,3,0,0,2,0,0,9,4,E01033727,-1,0,0.0,1.0,-1,6,30,1,1,1,18:00,6,2,9
2023340WN1712,2023,340WN1712,2,2,2,2,38,7,3,0,0,1,0,0,9,-1,-1,-1,0,0.00187,0.99813,-1,6,30,3,1,3,09:10,5,2,9
2023411395808,2023,411395808,1,2,1,1,25,5,3,0,0,0,0,0,9,10,E01023881,3,1,0.0,1.0,-1,3,30,1,1,1,13:09,6,2,9
2023430470089,2023,430470089,1,1,2,2,30,6,3,0,0,1,0,0,9,7,E01028776,-1,0,0.0601,0.9399,-1,6,50,2,1,2,09:30,5,2,9
2023451301721,2023,451301721,2,2,1,1,76,11,3,0,0,0,0,0,22,8,E01030884,3,1,0.0,1.0,-1,6,30,1,1,1,12:40,5,3,22
2023052302561,2023,052302561,1,1,3,1,12,3,3,5,2,0,0,0,0,9,E01006365,-1,0,0.15972,0.84028,-1,6,30,1,1,1,13:20,4,1,9
2023440268610,2023,440268610,1,1,3,2,38,7,3,9,5,0,0,0,0,9,E01032753,-1,0,0.04499,0.95501,-1,6,30,2,1,2,15:20,3,2,9
2023231368968,2023,231368968,2,2,1,1,21,5,3,0,0,0,0,0,9,10,E01010231,3,1,0.0,1.0,-1,6,30,1,6,1,00:55,1,2,9
2023440356737,2023,440356737,1,1,1,2,33,6,2,0,0,0,0,0,1,8,E01002925,-1,0,1.0,0.0,-1,6,60,1,1,1,12:20,1,2,1
2023052300515,2023,052300515,1,1,3,2,14,3,3,5,1,0,0,0,0,1,E01006834,-1,0,0.1652,0.8348,-1,6,30,1,1,1,16:35,4,1,9
2023622400057,2023,622400057,1,1,3,2,20,4,2,9,5,0,0,0,0,10,W01001843,-1,0,1.0,0.0,-1,6,20,1,7,1,01:00,1,1,19
2023131365268,2023,131365268,2,1,1,1,26,6,2,0,0,0,0,0,9,10,E01010954,7,1,1.0,0.0,-1,6,60,5,6,5,19:16,6,2,9
2023501278552,2023,501278552,1,1,1,1,38,7,2,0,0,0,0,0,9,4,E01018871,7,1,1.0,0.0,-1,6,60,2,1,2,07:48,1,4,9
2023061303318,2023,061303318,3,1,1,-1,36,7,3,0,0,0,0,0,19,6,E01004998,3,1,0.0,1.0,-1,9,30,1,1,1,08:00,2,3,19
2023161322703,2023,161322703,1,1,1,1,50,8,3,0,0,0,0,0,1,4,E01012760,3,1,0.0,1.0,-1,3,30,1,1,1,16:20,5,2,1
2023411376535,2023,411376535,1,1,1,2,82,11,3,0,0,0,0,0,1,10,E01023898,3,1,0.0,1.0,-1,6,20,1,1,2,13:50,7,2,1
2023471292881,2023,471292881,2,1,1,1,24,5,2,0,0,0,0,0,3,6,E01030570,5,1,1.0,0.0,-1,6,30,1,4,1,23:30,7,2,3
2023440328659,2023,440328659,1,1,1,1,58,9,3,0,0,0,0,0,9,3,E01023091,-1,0,0.09225,0.90775,-1,3,70,1,1,1,20:15,2,1,9
2023141359874,2023,141359874,2,3,2,2,0,1,3,0,0,2,0,0,9,9,E01008137,3,1,0.0,1.0,-1,6,40,1,1,1,09:00,5,2,9
2023430326757,2023,430326757,1,2,1,1,41,7,3,0,0,0,0,0,9,5,E01016841,-1,0,0.12161,0.87839,-1,6,60,2,6,2,03:30,4,2,9
202354A849823,2023,54A849823,2,1,1,2,55,8,3,0,0,0,0,0,9,10,E01031919,-1,0,0.0206,0.9794,-1,6,60,2,4,2,18:00,5,3,9
2023010451164,2023,010451164,2,1,1,1,40,7,3,0,0,0,0,0,1,9,E01004079,-1,0,0.0,1.0,-1,6,20,1,1,1,11:56,7,2,1
2023131358629,2023,131358629,3,3,1,1,74,10,3,0,0,0,0,0,9,9,E01011186,3,1,0.0,1.0,-1,6,30,1,1,1,10:59,2,5,9
2023302301756,2023,302301756,1,1,1,1,17,4,1,0,0,0,0,0,9,8,E01029432,-1,0,0.0,0.0,-1,6,40,1,6,1,21:00,4,1,9
2023311352394,2023,311352394,1,1,1,2,44,7,3,0,0,0,0,0,9,7,E01028325,3,1,0.0,1.0,-1,6,60,1,1,1,12:57,4,2,9
2023440092574,2023,440092574,1,1,1,2,56,9,2,0,0,0,0,0,9,9,E01022718,-1,0,1.0,0.0,-1,6,40,2,1,2,13:32,3,2,9
2023170H10043,2023,170H10043,2,1,1,1,15,3,2,0,0,0,0,0,1,-1,-1,-1,0,1.0,0.0,-1,6,60,1,1,1,15:00,2,2,1
2023010473468,2023,010473468,1,1,2,2,45,7,3,0,0,0,3,0,11,5,E01003161,-1,0,0.0,1.0,-1,3,30,1,1,1,14:50,1,1,11
2023131306853,2023,131306853,1,1,1,1,24,5,3,0,0,0,0,0,9,1,E01010802,3,1,0.0,1.0,-1,6,30,1,4,1,23:56,6,2,9
2023991362199,2023,991362199,2,17,2,2,14,3,3,0,0,0,4,0,11,4,-1,3,1,0.0,1.0,-1,6,30,1,1,1,09:15,5,2,11
2023061370960,2023,061370960,2,1,2,2,17,4,3,0,0,2,0,0,9,7,E01006379,3,1,0.0,1.0,-1,6,30,1,4,2,23:10,7,2,9