collision_index,collision_year,collision_ref_no,vehicle_reference,casualty_reference,casualty_class,sex_of_casualty,age_of_casualty,age_band_of_casualty,casualty_severity,pedestrian_location,pedestrian_movement,car_passenger,bus_or_coach_passenger,pedestrian_road_maintenance_worker,casualty_type,casualty_imd_decile,lsoa_of_casualty,enhanced_casualty_severity,casualty_injury_based,casualty_adjusted_severity_serious,casualty_adjusted_severity_slight,casualty_distance_banding,road_type,speed_limit,weather_conditions,light_conditions,road_surface_conditions,time,day_of_week,number_of_vehicles,vehicle_type
2023010486544,2023,010486544,3,3,1,1,47,8,3,0,0,0,0,0,9,4,E01001259,-1,0,0.0,1.0,-1,6,20,1,4,1,18:39,6,4,9
2023131291700,2023,131291700,2,1,1,2,35,6,3,0,0,0,0,0,9,6,E01011408,3,1,0.0,1.0,-1,6,30,1,4,1,20:15,3,2,9
2023201387065,2023,201387065,1,2,1,2,25,5,3,0,0,0,0,0,9,1,E01009762,3,1,0.0,1.0,-1,6,30,1,1,1,07:55,6,2,9
2023461287580,2023,461287580,1,1,1,2,59,9,3,0,0,0,0,0,9,8,E01024642,3,1,0.0,1.0,-1,7,70,2,1,2,10:21,3,1,9
2023622300327,2023,622300327,1,2,2,2,19,4,3,0,0,1,0,0,9,1,W01001386,-1,0,0.02192,0.97808,-1,3,30,1,1,1,14:49,7,1,9
2023991393334,2023,991393334,2,1,2,2,70,10,2,0,0,1,0,0,9,-1,-1,6,1,1.0,0.0,-1,6,60,1,1,2,14:00,7,2,9
2023010439280,2023,010439280,1,1,3,1,75,10,2,1,3,0,0,0,0,2,E01002877,-1,0,1.0,0.0,-1,6,20,8,4,2,04:30,3,1,9
2023010471995,2023,010471995,1,1,3,2,39,7,3,5,1,0,0,0,0,3,E01002909,-1,0,0.0,1.0,-1,6,20,1,1,1,16:10,7,1,9
2023052301914,2023,052301914,2,1,1,2,61,9,3,0,0,0,0,0,9,4,E01006584,-1,0,0.00825,0.99175,-1,6,30,1,1,1,14:55,6,2,9
2023061312723,2023,061312723,2,1,1,2,48,8,3,0,0,0,0,0,9,8,E01006169,3,1,0.0,1.0,-1,6,30,1,1,1,18:20,5,2,9
2023061399959,2023,061399959,2,1,1,2,29,6,3,0,0,0,0,0,9,4,E01005798,3,1,0.0,1.0,-1,6,30,2,4,-1,20:08,1,2,9
2023311334750,2023,311334750,1,3,1,2,24,5,3,0,0,0,0,0,9,-1,-1,3,1,0.0,1.0,-1,6,30,1,1,1,18:05,7,1,9
2023320614702,2023,320614702,1,2,1,2,34,6,2,0,0,0,0,0,9,9,E01026222,-1,0,1.0,0.0,-1,6,60,1,1,1,17:22,3,2,9
2023340WN2222,2023,340WN2222,2,2,2,2,24,5,3,0,0,1,0,0,9,-1,-1,-1,0,0.01601,0.98399,-1,6,60,1,4,1,21:40,2,2,9
2023461265185,2023,461265185,4,4,2,2,12,3,3,0,0,1,0,0,9,5,E01016165,3,1,0.0,1.0,-1,7,70,1,1,2,11:55,5,4,9
2023631362997,2023,631362997,1,4,2,1,22,5,3,0,0,2,0,0,9,5,W01000629,3,1,0.0,1.0,-1,6,20,2,4,2,19:10,5,3,9
2023991312291,2023,991312291,2,1,1,2,19,4,3,0,0,0,0,0,9,4,-1,3,1,0.0,1.0,-1,3,50,1,1,1,13:15,6,3,9
2023052301318,2023,052301318,1,1,1,1,58,9,3,0,0,0,0,0,90,2,E01006966,-1,0,0.15053,0.84947,-1,6,30,1,1,1,07:05,3,1,90
2023141327382,2023,141327382,1,1,3,1,8,2,3,5,1,0,0,0,0,4,E01007653,3,1,0.0,1.0,-1,6,20,1,1,1,19:40,7,1,9
2023010433301,2023,010433301,2,1,1,1,41,7,2,0,0,0,0,0,1,3,E01004571,-1,0,1.0,0.0,-1,6,20,2,1,2,16:23,2,2,1
2023010462353,2023,010462353,1,1,1,1,52,8,2,0,0,0,0,0,1,8,E01001044,-1,0,1.0,0.0,-1,1,30,1,1,1,10:30,1,2,1
2023501268499,2023,501268499,1,1,2,1,91,11,2,0,0,1,0,0,8,4,E01020138,5,1,1.0,0.0,-1,6,60,1,1,4,07:00,5,1,8
2023421387215,2023,421387215,1,3,1,1,24,5,3,0,0,0,0,0,19,2,E01029988,3,1,0.0,1.0,-1,3,70,1,1,2,10:01,3,5,19
2023440434007,2023,440434007,2,1,1,1,33,6,3,0,0,0,0,0,8,3,E01017129,-1,0,0.04928,0.95072,-1,6,20,1,4,2,23:20,6,2,8
2023010438443,2023,010438443,1,1,3,1,42,7,2,8,1,0,0,0,0,5,E01002977,-1,0,1.0,0.0,-1,3,50,1,1,1,13:54,5,1,21
2023041267606,2023,041267606,1,1,3,1,73,10,2,8,1,0,0,0,0,8,E01025409,7,1,1.0,0.0,-1,6,30,1,4,1,17:15,3,1,9
2023122301439,2023,122301439,1,1,3,2,40,7,3,6,9,0,0,0,0,1,E01027907,-1,0,0.0798,0.9202,-1,6,30,1,1,1,17:00,3,1,19
2023010463415,2023,010463415,1,1,3,1,53,8,3,1,1,0,0,0,0,2,E01001575,-1,0,0.0,1.0,-1,3,30,1,1,1,18:20,5,1,9
2023201317522,2023,201317522,1,1,3,1,58,9,3,10,9,0,0,1,0,8,E01010520,3,1,0.0,1.0,-1,6,30,1,4,1,23:43,4,1,9
2023351353459,2023,351353459,1,1,3,2,43,7,3,1,1,0,0,0,0,10,E01018263,3,1,0.0,1.0,-1,6,30,1,1,1,15:39,2,1,-1
2023332300560,2023,332300560,1,1,1,1,58,9,2,0,0,0,0,0,9,3,E01013718,-1,0,1.0,0.0,-1,3,30,1,1,1,07:38,1,1,9
2023421268554,2023,421268554,1,1,1,1,30,6,3,0,0,0,0,0,9,1,E01021305,3,1,0.0,1.0,-1,6,30,1,4,1,18:00,5,2,9
2023522301324,2023,522301324,1,1,1,2,79,11,3,0,0,0,0,0,9,-1,-1,-1,0,0.03169,0.96831,-1,6,30,1,1,1,10:10,7,2,9
2023101379930,2023,101379930,1,1,3,1,14,3,2,5,9,0,0,0,0,1,E01033547,7,1,1.0,0.0,-1,6,20,1,4,1,19:00,1,1,9
2023131363867,2023,131363867,2,1,1,1,11,3,3,0,0,0,0,0,1,6,E01011688,3,1,0.0,1.0,-1,6,30,1,1,1,08:10,6,2,1
2023421367142,2023,421367142,2,1,1,1,17,4,3,0,0,0,0,0,3,2,E01015900,3,1,0.0,1.0,-1,6,30,1,1,1,15:45,3,2,3
2023471327131,2023,471327131,1,1,3,1,23,5,3,1,3,0,0,0,0,6,E01031770,3,1,0.0,1.0,-1,6,20,1,1,1,17:15,6,1,9
2023471318997,2023,471318997,2,1,1,1,13,3,3,0,0,0,0,0,1,9,E01031723,3,1,0.0,1.0,-1,6,30,1,1,1,15:17,4,2,1
2023610039123,2023,610039123,2,2,1,1,53,8,2,0,0,0,0,0,1,3,W01001909,-1,0,1.0,0.0,-1,6,40,1,1,1,17:33,6,2,1
2023010476771,2023,010476771,2,1,1,1,23,5,3,0,0,0,0,0,4,1,E01002713,-1,0,0.0,1.0,-1,6,20,1,4,2,22:07,4,2,4
2023141388693,2023,141388693,1,1,1,2,61,9,3,0,0,0,0,0,9,3,E01007374,3,1,0.0,1.0,-1,6,40,2,7,2,17:40,5,2,9
2023471292642,2023,471292642,2,1,1,2,23,5,3,0,0,0,0,0,9,9,E01031683,3,1,0.0,1.0,-1,3,70,2,4,2,19:00,6,2,9
2023061387612,2023,061387612,1,1,3,2,40,7,3,6,9,0,0,0,0,4,E01006022,3,1,0.0,1.0,-1,6,20,2,1,2,08:50,3,1,9
2023451353165,2023,451353165,2,2,1,1,61,9,3,0,0,0,0,0,9,10,E01023821,3,1,0.0,1.0,-1,6,30,1,1,1,14:40,7,2,9
2023991353020,2023,991353020,1,1,2,2,20,4,2,0,0,1,0,0,9,2,-1,5,1,1.0,0.0,-1,3,30,2,4,2,00:45,7,1,9
2023411390146,2023,411390146,1,1,3,2,77,11,2,10,1,0,0,0,0,10,E01023711,7,1,1.0,0.0,-1,6,20,2,4,2,16:20,7,1,9
2023010467868,2023,010467868,2,1,1,1,42,7,3,0,0,0,0,0,1,2,E01003132,-1,0,0.0,1.0,-1,6,20,1,4,1,19:20,7,2,1
2023201363236,2023,201363236,2,1,1,1,18,4,3,0,0,0,0,0,3,6,E01029667,3,1,0.0,1.0,-1,6,30,1,1,1,12:16,4,2,3
2023471361247,2023,471361247,2,1,1,1,47,8,3,0,0,0,0,0,3,4,E01016988,3,1,0.0,1.0,-1,6,20,1,4,1,19:44,2,2,3
2023302301071,2023,302301071,1,1,1,1,16,4,3,0,0,0,0,0,2,7,E01025952,-1,0,0.13517,0.86483,-1,6,30,2,1,2,15:49,3,1,2
2023010472194,2023,010472194,2,1,1,1,55,8,3,0,0,0,0,0,1,1,E01003070,-1,0,0.0,1.0,-1,1,20,1,1,1,09:27,2,2,1
2023010427019,2023,010427019,1,1,1,1,41,7,2,0,0,0,0,0,3,3,E01000010,-1,0,1.0,0.0,-1,6,20,1,4,1,05:59,2,2,3
2023010480709,2023,010480709,1,1,1,1,64,9,2,0,0,0,0,0,4,7,E01003800,-1,0,1.0,0.0,-1,6,30,1,1,1,14:03,3,1,4
2023361322211,2023,361322211,1,1,1,1,65,9,3,0,0,0,0,0,5,6,E01023499,3,1,0.0,1.0,-1,6,60,1,1,1,15:20,1,2,5
2023471389741,2023,471389741,1,1,3,2,70,10,2,10,7,0,0,0,0,4,E01031785,7,1,1.0,0.0,-1,6,30,1,1,1,11:30,6,1,9
2023302300793,2023,302300793,1,1,1,1,67,10,3,0,0,0,0,0,9,6,E01019798,-1,0,0.14088,0.85912,-1,6,50,1,1,1,12:38,2,2,9
2023501286068,2023,501286068,2,3,1,1,46,8,2,0,0,0,0,0,19,5,E01018947,6,1,1.0,0.0,-1,6,60,1,1,1,13:14,7,2,19
2023010452506,2023,010452506,1,1,1,1,30,6,3,0,0,0,0,0,-1,2,E01004720,-1,0,0.0,1.0,-1,2,20,1,4,1,02:40,7,2,-1
2023430074573,2023,430074573,2,1,3,1,36,7,3,9,7,0,0,0,0,9,E01028642,-1,0,0.18837,0.81163,-1,6,60,1,6,1,17:35,6,2,9
2023010485023,2023,010485023,3,1,1,1,12,3,2,0,0,0,0,0,1,2,E01000095,-1,0,1.0,0.0,-1,6,30,1,1,2,15:45,3,3,1
2023010455504,2023,010455504,1,1,3,2,27,6,3,4,3,0,0,0,0,8,E01004507,-1,0,0.0,1.0,-1,3,20,1,1,1,14:45,1,1,8
2023991325515,2023,991325515,1,1,3,1,83,11,1,8,1,0,0,0,0,5,-1,1,1,0.0,0.0,-1,3,30,1,1,1,14:50,2,1,21
2023010433117,2023,010433117,1,1,1,2,22,5,3,0,0,0,0,0,1,5,E01001910,-1,0,0.0,1.0,-1,6,30,1,1,1,13:05,1,2,1
2023052300090,2023,052300090,1,1,3,2,83,11,1,8,3,0,0,0,0,8,E01007193,-1,0,0.0,0.0,-1,6,30,1,4,1,18:41,4,2,9
2023351274382,2023,351274382,2,1,1,2,55,8,2,0,0,0,0,0,1,-1,-1,7,1,1.0,0.0,-1,6,30,1,7,1,19:20,1,2,1
2023010464581,2023,010464581,1,1,1,1,42,7,3,0,0,0,0,0,9,2,E01001716,-1,0,0.0,1.0,-1,9,20,1,4,1,20:51,4,2,9
2023122300617,2023,122300617,3,3,1,2,55,8,3,0,0,0,0,0,9,4,E01027787,-1,0,0.01847,0.98153,-1,6,50,2,1,2,18:00,6,4,9
2023320498242,2023,320498242,2,2,1,1,76,11,2,0,0,0,0,0,9,5,E01026264,-1,0,1.0,0.0,-1,6,60,1,1,1,16:19,6,2,9
2023461349555,2023,461349555,1,1,1,2,82,11,3,0,0,0,0,0,9,7,E01024707,3,1,0.0,1.0,-1,6,30,1,1,1,13:26,2,1,9
2023991324723,2023,991324723,2,3,1,1,33,6,3,0,0,0,0,0,9,-1,-1,3,1,0.0,1.0,-1,1,30,1,1,2,06:59,7,2,9
2023631328355,2023,631328355,1,1,1,2,44,7,2,0,0,0,0,0,9,8,W01000694,7,1,1.0,0.0,-1,6,30,1,1,1,17:15,5,2,9
2023041307227,2023,041307227,2,1,1,1,37,7,3,0,0,0,0,0,9,9,E01012583,3,1,0.0,1.0,-1,6,60,1,1,1,17:20,7,2,9
2023461375599,2023,461375599,2,1,1,2,36,7,3,0,0,0,0,0,9,5,E01016149,3,1,0.0,1.0,-1,6,30,1,1,1,14:25,1,2,9
2023201320621,2023,201320621,1,2,2,1,23,5,2,0,0,0,0,0,5,3,E01009448,6,1,1.0,0.0,-1,6,30,1,1,1,11:22,4,2,5
2023010445618,2023,010445618,2,1,1,2,31,6,3,0,0,0,0,0,1,2,E01004725,-1,0,0.0,1.0,-1,2,20,1,1,1,11:50,1,2,1
2023010422916,2023,010422916,1,1,3,2,63,9,3,1,9,0,0,0,0,7,E01002172,-1,0,0.0,1.0,-1,1,30,2,4,2,06:55,5,1,9
2023552301470,2023,552301470,1,1,3,2,84,11,3,5,3,0,0,0,0,7,E01020360,-1,0,0.18752,0.81248,-1,6,30,1,1,1,11:22,3,1,9
2023041388846,2023,041388846,4,1,1,1,39,7,3,0,0,0,0,0,19,9,E01012609,3,1,0.0,1.0,-1,3,70,1,4,1,16:28,6,5,19
2023311262506,2023,311262506,1,1,1,2,40,7,3,0,0,0,0,0,9,4,E01013912,3,1,0.0,1.0,-1,3,40,9,7,2,17:10,4,2,9
2023401369268,2023,401369268,2,1,1,1,20,4,3,0,0,0,0,0,9,6,E01017554,3,1,0.0,1.0,-1,1,40,1,4,1,01:05,3,2,9
2023421307637,2023,421307637,2,1,1,2,44,7,3,0,0,0,0,0,9,6,E01033145,3,1,0.0,1.0,-1,6,30,1,1,1,08:30,6,2,9
2023540550923,2023,540550923,2,1,1,2,24,5,3,0,0,0,0,0,9,3,E01032094,-1,0,0.00783,0.99217,-1,1,30,1,1,4,08:38,3,2,9
2023010458971,2023,010458971,1,1,1,1,41,7,3,0,0,0,0,0,9,6,E01033582,-1,0,0.0,1.0,-1,6,20,1,1,1,18:37,6,2,9
2023430134934,2023,430134934,1,1,1,1,29,6,3,0,0,0,0,0,9,9,E01017722,-1,0,0.10844,0.89156,-1,3,70,1,1,1,11:24,2,2,9
2023531390929,2023,531390929,2,1,1,2,67,10,3,0,0,0,0,0,22,2,E01022238,3,1,0.0,1.0,-1,6,30,1,4,2,16:50,3,2,22
2023451313555,2023,451313555,1,1,1,1,31,6,3,0,0,0,0,0,9,5,E01001099,3,1,0.0,1.0,-1,6,40,1,1,1,20:46,4,1,9
2023520301168,2023,520301168,1,1,2,2,16,4,3,0,0,1,0,0,9,4,E01029090,-1,0,0.05707,0.94293,-1,6,60,1,6,1,21:20,2,2,9
2023010448396,2023,010448396,1,1,3,1,54,8,2,5,3,0,0,0,0,2,E01001703,-1,0,1.0,0.0,-1,6,30,1,1,1,17:50,1,1,19
2023991391411,2023,991391411,2,2,1,1,50,8,3,0,0,0,0,0,8,6,-1,3,1,0.0,1.0,-1,3,40,1,1,1,11:12,6,2,8
2023010465558,2023,010465558,2,1,1,1,25,5,3,0,0,0,0,0,4,2,E01003181,-1,0,0.0,1.0,-1,6,20,2,1,2,18:45,3,2,4
2023231283763,2023,231283763,2,1,1,1,12,3,3,0,0,0,0,0,1,4,E01031176,3,1,0.0,1.0,-1,6,30,1,1,1,15:26,6,2,1
2023122301319,2023,122301319,1,1,1,1,51,8,2,0,0,0,0,0,5,9,E01013016,-1,0,1.0,0.0,-1,6,60,1,1,1,14:20,1,1,5
2023201338811,2023,201338811,1,1,3,1,20,4,3,1,3,0,0,2,0,1,E01009611,3,1,0.0,1.0,-1,3,30,1,1,1,16:30,6,1,9
2023440467906,2023,440467906,2,1,1,1,34,6,2,0,0,0,0,0,1,8,E01032841,-1,0,1.0,0.0,-1,6,30,1,4,1,17:50,4,2,1
2023010436005,2023,010436005,1,1,1,-1,29,6,3,0,0,0,0,0,3,3,E01001589,-1,0,0.0,1.0,-1,9,20,9,1,9,18:30,1,2,3
2023131390309,2023,131390309,1,1,3,2,51,8,3,10,9,0,0,2,0,2,E01011926,3,1,0.0,1.0,-1,6,30,9,7,1,20:10,1,1,9
2023461382521,2023,461382521,1,1,3,2,60,9,2,4,1,0,0,0,0,7,E01032737,6,1,1.0,0.0,-1,6,30,1,1,2,11:15,2,1,19
2023052302730,2023,052302730,2,1,1,2,38,7,3,0,0,0,0,0,1,6,E01006419,-1,0,0.06876,0.93124,-1,6,30,1,1,1,08:50,6,2,1
2023552300604,2023,552300604,1,1,1,1,50,8,3,0,0,0,0,0,1,5,E01020512,-1,0,0.11744,0.88256,-1,6,40,1,1,1,08:02,5,2,1
2023010442555,2023,010442555,1,1,1,-1,32,6,3,0,0,0,0,0,3,5,E01003435,-1,0,0.0,1.0,-1,6,20,9,1,9,17:40,5,2,3
2023061278596,2023,061278596,2,1,1,1,55,8,3,0,0,0,0,0,1,-1,-1,3,1,0.0,1.0,-1,6,30,1,1,1,11:30,4,2,1
2023010472926,2023,010472926,1,1,1,1,19,4,3,0,0,0,0,0,3,1,E01004042,-1,0,0.0,1.0,-1,6,30,8,4,1,20:02,3,2,3
2023991354854,2023,991354854,1,1,1,1,29,6,2,0,0,0,0,0,5,5,-1,7,1,1.0,0.0,-1,7,50,2,1,2,18:50,4,1,5
2023332301188,2023,332301188,1,1,3,2,47,8,2,10,9,0,0,0,0,5,E01025629,-1,0,1.0,0.0,-1,6,30,9,7,-1,16:45,4,1,1
2023371372649,2023,371372649,1,1,1,1,-1,-1,3,0,0,0,0,0,1,-1,-1,3,1,0.0,1.0,-1,6,30,1,1,1,11:29,6,1,1
2023010473481,2023,010473481,1,1,1,1,33,6,2,0,0,0,0,0,3,-1,-1,-1,0,1.0,0.0,-1,6,20,1,4,1,19:38,1,2,3
2023041337884,2023,041337884,1,1,1,1,25,5,2,0,0,0,0,0,5,1,E01024877,7,1,1.0,0.0,-1,3,30,1,1,1,11:14,5,2,5
2023010434464,2023,010434464,1,1,1,2,39,7,3,0,0,0,0,0,9,2,E01003987,-1,0,0.0,1.0,-1,1,20,8,4,2,21:50,3,2,9
2023041348795,2023,041348795,1,1,1,1,34,6,3,0,0,0,0,0,9,8,E01025547,3,1,0.0,1.0,-1,6,30,1,4,1,20:52,6,2,9
2023141341704,2023,141341704,2,3,2,2,46,8,3,0,0,1,0,0,9,2,E01007417,3,1,0.0,1.0,-1,6,30,1,1,2,06:05,3,4,9
2023201289266,2023,201289266,2,2,1,1,66,10,3,0,0,0,0,0,19,4,E01029666,3,1,0.0,1.0,-1,6,30,8,4,2,04:48,7,2,19
2023041287564,2023,041287564,3,2,2,1,67,10,3,0,0,1,0,0,9,6,E01025026,3,1,0.0,1.0,-1,6,50,2,1,2,15:00,4,5,9
2023061270681,2023,061270681,2,1,1,2,80,11,3,0,0,0,0,0,9,-1,-1,3,1,0.0,1.0,-1,6,20,1,6,1,17:00,6,2,9
2023131358317,2023,131358317,2,2,1,1,19,4,3,0,0,0,0,0,9,2,E01011914,3,1,0.0,1.0,-1,3,30,1,4,1,22:40,1,2,9
2023311285598,2023,311285598,1,1,2,1,23,5,2,0,0,1,0,0,9,10,E01028359,7,1,1.0,0.0,-1,6,30,8,1,4,07:10,7,1,9
2023010467240,2023,010467240,1,2,2,2,13,3,3,0,0,1,0,0,9,3,E01003723,-1,0,0.0,1.0,-1,6,20,2,1,2,16:05,4,1,9
2023411322752,2023,411322752,1,1,1,1,28,6,3,0,0,0,0,0,9,4,E01023794,3,1,0.0,1.0,-1,6,30,1,1,1,07:05,5,2,9
2023440361338,2023,440361338,2,2,2,2,9,2,3,0,0,2,0,0,9,-1,-1,-1,0,0.04049,0.95951,-1,6,30,1,1,1,18:31,3,2,9
2023052301334,2023,052301334,2,3,2,1,24,5,3,0,0,0,0,0,19,8,E01007308,-1,0,0.01016,0.98984,-1,3,40,1,1,1,09:15,4,2,19
2023010431795,2023,010431795,1,1,1,2,45,7,3,0,0,0,0,0,9,10,E01001416,-1,0,0.0,1.0,-1,3,30,1,1,1,14:41,1,2,9
2023170M31613,2023,170M31613,1,1,1,2,57,9,3,0,0,0,0,0,9,-1,-1,-1,0,0.0208,0.9792,-1,1,40,1,4,2,18:20,6,2,9
2023231279577,2023,231279577,1,1,2,2,86,11,3,0,0,1,0,0,9,4,E01009524,3,1,0.0,1.0,-1,6,30,1,1,1,15:05,1,2,9
2023531370562,2023,531370562,1,1,1,2,73,10,3,0,0,0,0,0,9,10,E01022466,3,1,0.0,1.0,-1,6,60,1,1,2,15:55,6,2,9
2023131298149,2023,131298149,2,3,2,2,9,2,2,0,0,2,0,0,9,1,E01011624,7,1,1.0,0.0,-1,3,40,1,1,1,15:34,3,3,9
2023131331570,2023,131331570,2,1,1,2,57,9,3,0,0,0,0,0,16,8,E01011938,3,1,0.0,1.0,-1,6,60,1,1,1,18:15,4,2,16
2023122400193,2023,122400193,1,1,1,1,63,9,3,0,0,0,0,0,9,2,E01010981,-1,0,0.12474,0.87526,-1,6,60,2,6,5,22:49,1,1,9
2023201276476,2023,201276476,1,4,2,1,23,5,2,0,0,1,0,0,9,3,E01008945,6,1,1.0,0.0,-1,6,30,1,4,1,04:58,1,1,9
2023401346721,2023,401346721,2,2,1,1,79,11,3,0,0,0,0,0,9,6,E01017622,3,1,0.0,1.0,-1,6,30,1,1,1,12:49,3,2,9
2023440112030,2023,440112030,1,1,1,1,33,6,3,0,0,0,0,0,9,-1,-1,-1,0,0.11809,0.88191,-1,6,60,2,1,2,08:00,3,1,9
2023544728323,2023,544728323,2,1,1,1,40,7,3,0,0,0,0,0,9,3,E01015491,-1,0,0.0129,0.9871,-1,6,60,1,1,1,08:00,5,2,9
2023221341673,2023,221341673,1,1,1,1,34,6,2,0,0,0,0,0,9,2,E01014071,5,1,1.0,0.0,-1,6,60,1,1,1,18:15,2,2,9
2023231372937,2023,231372937,1,1,1,2,49,8,3,0,0,0,0,0,9,6,E01031107,3,1,0.0,1.0,-1,6,30,1,1,1,15:16,3,1,9
2023531288304,2023,531288304,1,1,1,1,43,7,3,0,0,0,0,0,9,6,E01022162,3,1,0.0,1.0,-1,3,70,1,1,1,09:45,1,1,9
2023430037524,2023,430037524,2,1,1,1,21,5,2,0,0,0,0,0,-1,8,E01032725,-1,0,1.0,0.0,-1,6,30,1,4,2,18:44,4,2,-1
2023302300869,2023,302300869,2,2,2,2,31,6,3,0,0,1,0,0,9,6,E01018264,-1,0,0.05128,0.94872,-1,6,50,1,1,1,18:30,6,2,9
2023101362623,2023,101362623,1,1,3,1,48,8,3,4,3,0,0,-1,0,-1,-1,3,1,0.0,1.0,-1,6,30,1,1,1,17:35,3,1,9
2023430071714,2023,430071714,1,1,3,2,50,8,3,5,1,0,0,0,0,6,E01028451,-1,0,0.06928,0.93072,-1,6,20,1,4,1,17:45,4,1,9
2023430130311,2023,430130311,1,1,3,1,67,10,3,9,8,0,0,0,0,6,E01016287,-1,0,0.22686,0.77314,-1,6,30,1,1,2,06:35,6,1,9
2023031322488,2023,031322488,1,1,3,2,73,10,3,10,9,0,0,-1,0,-1,-1,3,1,0.0,1.0,-1,6,30,1,1,1,14:30,6,1,9
2023451317850,2023,451317850,1,1,3,2,56,9,3,8,8,0,0,0,0,8,E01004194,3,1,0.0,1.0,-1,6,30,1,1,1,10:00,1,1,9
2023311263488,2023,311263488,2,1,1,1,22,5,3,0,0,0,0,0,4,7,E01033410,3,1,0.0,1.0,-1,6,40,1,4,1,17:00,5,2,4
2023010452892,2023,010452892,1,1,3,2,58,9,2,10,9,0,0,0,0,6,E01001984,-1,0,1.0,0.0,-1,9,20,9,1,9,14:04,4,1,9
2023302300615,2023,302300615,2,1,1,1,34,6,2,0,0,0,0,0,3,2,E01013571,-1,0,1.0,0.0,-1,6,30,9,1,1,14:45,4,2,3
2023430142328,2023,430142328,1,1,3,1,33,6,3,6,9,0,0,0,0,4,E01016422,-1,0,0.14818,0.85182,-1,6,30,1,1,2,17:38,6,1,9
2023430398857,2023,430398857,1,1,3,2,63,9,3,1,1,0,0,0,0,3,E01016486,-1,0,0.05976,0.94024,-1,3,30,1,1,1,08:15,3,1,9
2023010445123,2023,010445123,3,1,1,1,31,6,3,0,0,0,0,0,9,-1,-1,-1,0,0.0,1.0,-1,7,30,1,1,1,22:45,6,4,9
2023061278617,2023,061278617,2,1,1,2,38,7,3,0,0,0,0,0,9,9,E01006173,3,1,0.0,1.0,-1,6,30,1,1,1,15:00,5,2,9
2023122300319,2023,122300319,1,1,1,2,47,8,3,0,0,0,0,0,9,1,E01010819,-1,0,0.05945,0.94055,-1,6,60,1,1,2,06:38,3,2,9
2023161296317,2023,161296317,1,1,1,2,35,6,3,0,0,0,0,0,9,10,E01012926,3,1,0.0,1.0,-1,6,20,1,1,1,08:33,3,2,9
2023201376107,2023,201376107,1,2,2,2,33,6,3,0,0,2,0,0,9,-1,-1,3,1,0.0,1.0,-1,3,40,1,1,2,08:25,7,2,9
2023221374372,2023,221374372,2,2,1,1,38,7,3,0,0,0,0,0,9,-1,-1,3,1,0.0,1.0,-1,6,30,2,4,2,17:10,2,2,9
2023101330730,2023,101330730,1,1,3,1,30,6,3,5,1,0,0,0,0,-1,-1,3,1,0.0,1.0,-1,6,20,2,1,2,18:10,6,1,9
2023401394028,2023,401394028,2,1,1,1,30,6,3,0,0,0,0,0,1,2,E01015741,3,1,0.0,1.0,-1,6,30,1,1,1,14:47,4,2,1
2023010481145,2023,010481145,1,1,1,1,45,7,3,0,0,0,0,0,9,6,E01002919,-1,0,0.0,1.0,-1,1,20,1,4,1,20:30,4,2,9
2023061273764,2023,061273764,2,1,1,2,26,6,3,0,0,0,0,0,9,2,E01004849,3,1,0.0,1.0,-1,3,40,1,4,1,23:00,7,2,9
2023541291823,2023,541291823,1,1,1,2,93,11,3,0,0,0,0,0,9,7,E01032039,-1,0,0.05589,0.94411,-1,6,30,1,1,1,11:26,1,2,9
2023010439135,2023,010439135,1,1,1,2,36,7,3,0,0,0,0,0,9,7,E01004159,-1,0,0.0,1.0,-1,9,20,1,1,1,12:50,2,2,9
2023201367665,2023,201367665,1,1,1,2,32,6,3,0,0,0,0,0,9,3,E01010097,3,1,0.0,1.0,-1,6,30,1,1,1,19:00,7,2,9
2023440505674,2023,440505674,2,1,1,2,39,7,3,0,0,0,0,0,9,7,E01022561,-1,0,0.10724,0.89276,-1,6,60,1,6,2,16:14,2,2,9
2023552300155,2023,552300155,1,1,1,1,26,6,3,0,0,0,0,0,9,9,E01020399,-1,0,0.05325,0.94675,-1,2,30,1,7,2,05:31,7,2,9
202363D018723,2023,63D018723,2,3,1,1,34,6,3,0,0,0,0,0,9,2,W01000801,-1,0,0.08787,0.91213,-1,6,60,3,1,3,08:45,4,2,9
2023170S31323,2023,170S31323,1,1,3,2,7,2,2,5,2,0,0,0,0,-1,-1,-1,0,1.0,0.0,-1,6,30,1,1,1,16:43,2,2,9
2023052302344,2023,052302344,2,1,1,1,29,6,3,0,0,0,0,0,1,1,E01007055,-1,0,0.11885,0.88115,-1,6,30,1,1,2,11:15,2,2,1
2023010420290,2023,010420290,1,1,1,1,23,5,3,0,0,0,0,0,3,4,E01000633,-1,0,0.0,1.0,-1,6,30,2,4,2,17:20,1,2,3
2023010439832,2023,010439832,1,1,1,1,54,8,3,0,0,0,0,0,4,4,E01000428,-1,0,0.0,1.0,-1,6,20,1,1,1,07:51,4,2,4
2023010460857,2023,010460857,1,1,1,2,47,8,3,0,0,0,0,0,9,3,E01016012,-1,0,0.0,1.0,-1,3,40,1,1,1,11:26,4,2,9
2023010465572,2023,010465572,1,1,1,1,31,6,3,0,0,0,0,0,9,3,E01002646,-1,0,0.0,1.0,-1,6,20,1,1,1,15:47,3,2,9