collision_index,collision_year,collision_ref_no,vehicle_reference,casualty_reference,casualty_class,sex_of_casualty,age_of_casualty,age_band_of_casualty,casualty_severity,pedestrian_location,pedestrian_movement,car_passenger,bus_or_coach_passenger,pedestrian_road_maintenance_worker,casualty_type,casualty_imd_decile,lsoa_of_casualty,enhanced_casualty_severity,casualty_injury_based,casualty_adjusted_severity_serious,casualty_adjusted_severity_slight,casualty_distance_banding,road_type,speed_limit,weather_conditions,light_conditions,road_surface_conditions,time,day_of_week,number_of_vehicles,vehicle_type
2023991363001,2023,991363001,1,1,3,1,13,3,3,10,1,0,0,2,0,-1,-1,3,1,0.0,1.0,-1,6,20,1,1,1,14:00,6,1,9
2023010461361,2023,010461361,2,2,1,2,60,9,2,0,0,0,0,0,1,3,E01000367,-1,0,1.0,0.0,-1,3,30,1,1,1,12:15,7,2,1
2023010467488,2023,010467488,1,1,1,1,26,6,3,0,0,0,0,0,3,3,E01004228,-1,0,0.0,1.0,-1,7,20,5,4,2,19:54,5,2,3
2023010455225,2023,010455225,1,1,1,2,34,6,3,0,0,0,0,0,9,2,E01003542,-1,0,0.0,1.0,-1,6,30,2,1,2,12:30,6,1,9
2023070388892,2023,070388892,3,1,1,1,50,8,3,0,0,0,0,0,9,9,E01018492,-1,0,0.0282,0.9718,-1,6,30,1,1,2,15:45,2,3,9
2023552300597,2023,552300597,2,1,1,2,61,9,3,0,0,0,0,0,9,6,E01020529,-1,0,0.05659,0.94341,-1,6,60,1,1,1,15:24,7,4,9
202360A077035,2023,60A077035,1,1,1,1,36,7,1,0,0,0,0,0,9,-1,-1,-1,0,0.0,0.0,-1,3,50,1,4,1,02:45,3,1,9
2023501367513,2023,501367513,2,1,1,2,38,7,3,0,0,0,0,0,1,6,E01015049,3,1,0.0,1.0,-1,6,20,1,1,1,10:00,4,2,1
2023141363563,2023,141363563,2,2,2,1,43,7,3,0,0,1,0,0,9,-1,-1,3,1,0.0,1.0,-1,6,30,1,1,1,21:07,2,2,9
2023211272011,2023,211272011,2,2,1,2,19,4,3,0,0,0,0,0,20,8,E01029761,3,1,0.0,1.0,-1,6,60,1,1,-1,12:00,2,2,20
2023201419975,2023,201419975,3,3,1,1,56,9,3,0,0,0,0,0,9,4,E01009927,3,1,0.0,1.0,-1,6,40,1,1,1,06:34,6,3,9
2023440170141,2023,440170141,2,1,1,1,14,3,3,0,0,0,0,0,1,10,E01022861,-1,0,0.15005,0.84995,-1,6,30,1,1,1,11:00,2,2,1
2023010430315,2023,010430315,1,1,2,-1,-1,-1,3,0,0,1,0,0,9,9,E01030412,-1,0,0.0,1.0,-1,3,20,1,1,1,11:15,6,1,9
2023031328370,2023,031328370,2,1,1,2,64,9,3,0,0,0,0,0,9,-1,-1,3,1,0.0,1.0,-1,6,40,1,1,1,16:05,3,2,9
2023041334531,2023,041334531,1,2,2,2,24,5,3,0,0,1,0,0,9,-1,-1,3,1,0.0,1.0,-1,3,50,1,1,1,20:11,6,2,9
2023411364204,2023,411364204,2,1,1,1,55,8,3,0,0,0,0,0,9,4,E01009518,3,1,0.0,1.0,-1,6,30,2,4,2,23:25,6,2,9
2023471354847,2023,471354847,1,1,1,1,98,11,3,0,0,0,0,0,9,6,E01031516,3,1,0.0,1.0,-1,6,60,1,1,2,11:38,5,1,9
2023540512723,2023,540512723,2,3,2,1,30,6,3,0,0,1,0,0,9,-1,-1,-1,0,0.0337,0.9663,-1,3,70,1,1,2,07:22,2,4,9
2023991364048,2023,991364048,1,1,1,2,29,6,3,0,0,0,0,0,9,2,-1,3,1,0.0,1.0,-1,6,60,1,1,1,11:00,3,3,9
2023211294168,2023,211294168,1,2,3,1,18,4,3,1,1,0,0,0,0,-1,-1,3,1,0.0,1.0,-1,6,30,1,1,1,15:30,3,1,9
2023221357237,2023,221357237,1,1,3,2,44,7,3,10,9,0,0,0,0,5,E01014088,3,1,0.0,1.0,-1,6,30,1,4,1,21:01,4,1,9
2023010505189,2023,010505189,1,1,1,2,32,6,3,0,0,0,0,0,1,2,E01003975,-1,0,0.0,1.0,-1,6,20,1,1,1,12:25,3,2,1
2023201391501,2023,201391501,2,1,1,1,34,6,3,0,0,0,0,0,1,-1,-1,3,1,0.0,1.0,-1,6,30,2,7,2,17:00,3,2,1
2023481368846,2023,481368846,2,1,1,1,39,7,3,0,0,0,0,0,1,-1,-1,3,1,0.0,1.0,-1,3,20,1,1,1,15:35,6,2,1
2023451375846,2023,451375846,2,1,1,1,20,4,3,0,0,0,0,0,2,6,E01030570,3,1,0.0,1.0,-1,1,40,2,7,2,16:42,5,2,2
2023010421091,2023,010421091,1,1,1,1,18,4,2,0,0,0,0,0,3,2,E01004007,-1,0,1.0,0.0,-1,6,30,2,1,2,09:50,3,2,3
2023421341073,2023,421341073,1,1,1,1,17,4,2,0,0,0,0,0,3,4,E01021368,7,1,1.0,0.0,-1,6,30,1,4,1,20:53,7,2,3
2023401369222,2023,401369222,2,2,1,1,38,7,3,0,0,0,0,0,9,4,E01015786,3,1,0.0,1.0,-1,6,30,8,1,1,13:04,3,2,9
2023461267756,2023,461267756,1,1,1,1,64,9,2,0,0,0,0,0,21,4,E01024197,6,1,1.0,0.0,-1,3,70,1,1,1,13:23,2,5,21
2023451364001,2023,451364001,1,1,1,1,21,5,3,0,0,0,0,0,4,10,E01030480,3,1,0.0,1.0,-1,6,30,1,1,1,15:12,3,2,4
2023010477298,2023,010477298,1,1,3,2,11,3,3,10,9,0,0,0,0,7,E01001593,-1,0,0.0,1.0,-1,6,30,1,4,2,17:13,6,1,9
2023471259593,2023,471259593,1,1,3,1,75,10,3,6,9,0,0,0,0,8,E01016928,3,1,0.0,1.0,-1,1,30,8,1,2,10:15,4,2,9
2023451343711,2023,451343711,1,1,1,1,66,10,2,0,0,0,0,0,9,6,E01030555,5,1,1.0,0.0,-1,6,40,1,1,1,15:05,1,2,9
2023320321553,2023,320321553,1,1,3,2,55,8,3,6,9,0,0,0,0,5,E01026309,-1,0,0.07822,0.92178,-1,6,30,1,1,1,11:45,2,1,22
2023010427195,2023,010427195,2,1,1,1,35,6,3,0,0,0,0,0,1,2,E01002096,-1,0,0.0,1.0,-1,1,30,1,4,1,18:06,3,2,1
2023061363581,2023,061363581,1,3,2,1,25,5,3,0,0,2,0,0,9,-1,-1,3,1,0.0,1.0,-1,3,40,1,4,1,23:39,2,1,9
2023440385759,2023,440385759,1,1,1,2,65,9,2,0,0,0,0,0,9,9,E01018181,-1,0,1.0,0.0,-1,3,70,1,1,1,13:08,5,1,9
2023531272587,2023,531272587,1,3,2,2,16,4,3,0,0,1,0,0,9,4,E01032936,3,1,0.0,1.0,-1,3,60,1,1,1,17:30,5,3,9
2023010460692,2023,010460692,1,1,2,2,43,7,3,0,0,0,3,0,11,6,E01003375,-1,0,0.0,1.0,-1,3,30,1,1,1,06:45,3,1,11
2023201281739,2023,201281739,2,2,2,1,31,6,3,0,0,2,0,0,9,1,E01009020,3,1,0.0,1.0,-1,6,30,1,1,1,13:36,5,2,9
2023421370643,2023,421370643,2,1,1,2,45,7,3,0,0,0,0,0,9,3,E01003708,3,1,0.0,1.0,-1,3,70,1,1,2,13:15,7,3,9
2023451318788,2023,451318788,1,1,1,1,75,10,2,0,0,0,0,0,9,4,E01031364,5,1,1.0,0.0,-1,6,30,1,1,1,10:19,4,1,9
2023131275008,2023,131275008,1,1,1,2,24,5,3,0,0,0,0,0,9,3,E01011123,3,1,0.0,1.0,-1,6,30,1,4,1,19:00,6,2,9
2023302300695,2023,302300695,1,1,1,2,42,7,2,0,0,0,0,0,9,2,E01013585,-1,0,1.0,0.0,-1,6,30,1,1,1,09:00,3,2,9
2023311392835,2023,311392835,2,1,2,2,36,7,3,0,0,1,0,0,9,3,E01028062,3,1,0.0,1.0,-1,6,30,1,4,1,16:30,4,2,9
2023052301119,2023,052301119,2,1,1,1,27,6,3,0,0,0,0,0,1,8,E01018328,-1,0,0.08071,0.91929,-1,2,20,1,1,1,17:50,3,2,1
2023010433199,2023,010433199,1,1,3,2,41,7,3,5,3,0,0,0,0,3,E01000435,-1,0,0.0,1.0,-1,6,30,1,1,1,11:40,2,1,19
2023041383976,2023,041383976,2,1,1,2,24,5,3,0,0,0,0,0,9,8,E01010645,3,1,0.0,1.0,-1,6,30,1,4,1,20:25,6,7,9
2023122301367,2023,122301367,1,1,1,1,26,6,3,0,0,0,0,0,9,6,E01027756,-1,0,0.06079,0.93921,-1,6,60,2,6,2,17:15,2,2,9
2023991303617,2023,991303617,2,3,2,1,46,8,3,0,0,0,4,0,11,6,-1,3,1,0.0,1.0,-1,3,70,1,1,1,13:50,2,2,11
2023010476677,2023,010476677,2,1,2,2,11,3,3,0,0,1,0,0,9,4,E01001376,-1,0,0.0,1.0,-1,1,20,2,1,2,08:07,4,2,9
2023231390523,2023,231390523,1,1,2,2,22,5,3,0,0,1,0,0,9,1,E01025042,3,1,0.0,1.0,-1,3,70,1,1,5,08:30,7,1,9
2023101453166,2023,101453166,2,1,1,2,15,3,3,0,0,0,0,0,1,-1,-1,3,1,0.0,1.0,-1,6,30,1,1,1,15:57,4,2,1
2023010421853,2023,010421853,2,1,3,2,11,3,3,5,9,0,0,0,0,-1,-1,-1,0,0.0,1.0,-1,6,20,8,4,2,17:10,2,2,19
2023010461171,2023,010461171,1,1,1,1,25,5,3,0,0,0,0,0,3,2,E01032564,-1,0,0.0,1.0,-1,9,30,1,1,1,14:40,5,2,3
2023544244323,2023,544244323,1,1,1,2,34,6,3,0,0,0,0,0,9,8,E01032709,-1,0,0.06377,0.93623,-1,3,70,1,1,1,07:10,1,1,9
2023010446334,2023,010446334,1,1,1,1,43,7,3,0,0,0,0,0,9,4,E01001512,-1,0,0.0,1.0,-1,3,30,1,1,1,12:00,5,2,9
2023170M10253,2023,170M10253,1,2,2,1,19,4,3,0,0,1,0,0,9,2,E01012080,-1,0,0.12528,0.87472,-1,3,50,1,4,2,23:46,3,1,9
2023201381967,2023,201381967,1,1,1,1,61,9,3,0,0,0,0,0,9,6,E01031884,3,1,0.0,1.0,-1,1,30,1,1,1,19:20,5,2,9
2023131302276,2023,131302276,2,2,2,1,7,2,3,0,0,2,0,0,9,2,E01011105,3,1,0.0,1.0,-1,6,30,1,1,1,08:30,4,2,9
2023170H10183,2023,170H10183,1,3,2,1,27,6,3,0,0,2,0,0,9,1,E01020736,-1,0,0.12795,0.87205,-1,1,40,1,4,2,23:06,7,1,9
2023302300844,2023,302300844,2,1,1,1,54,8,3,0,0,0,0,0,9,3,E01013454,-1,0,0.06928,0.93072,-1,3,40,1,1,1,14:41,3,3,9
2023531289608,2023,531289608,1,1,3,1,11,3,3,9,8,0,0,0,0,6,E01022176,3,1,0.0,1.0,-1,6,30,1,4,2,18:25,5,2,9
2023010425788,2023,010425788,2,1,1,1,17,4,3,0,0,0,0,0,1,10,E01004594,-1,0,0.0,1.0,-1,6,20,1,1,4,07:50,3,2,1
2023010461207,2023,010461207,2,1,1,1,28,6,2,0,0,0,0,0,1,3,E01000499,-1,0,1.0,0.0,-1,3,30,1,1,1,07:29,6,2,1
2023010468875,2023,010468875,1,1,1,1,37,7,3,0,0,0,0,0,1,5,E01033322,-1,0,0.0,1.0,-1,2,20,1,1,1,08:00,5,2,1
2023332300264,2023,332300264,2,2,1,1,48,8,3,0,0,0,0,0,9,4,E01025766,-1,0,0.02763,0.97237,-1,6,30,1,4,1,22:05,5,2,9
2023061286955,2023,061286955,1,1,3,2,33,6,2,6,9,0,0,0,0,-1,-1,7,1,1.0,0.0,-1,6,30,1,1,1,15:00,6,1,1
2023451311791,2023,451311791,1,1,1,1,12,3,3,0,0,0,0,0,1,5,E01030464,3,1,0.0,1.0,-1,6,30,1,1,1,08:24,6,2,1
2023610034723,2023,610034723,2,1,1,2,32,6,3,0,0,0,0,0,9,3,W01001448,-1,0,0.02512,0.97488,-1,2,30,9,4,1,20:23,5,2,9
2023991297539,2023,991297539,1,1,1,2,64,9,1,0,0,0,0,0,9,10,E01027704,1,1,0.0,0.0,-1,6,60,1,1,1,13:50,2,2,9
2023311379360,2023,311379360,1,1,3,1,63,9,2,9,5,0,0,0,0,-1,-1,7,1,1.0,0.0,-1,6,50,2,1,2,08:41,2,1,9
2023041350349,2023,041350349,2,1,1,2,60,9,3,0,0,0,0,0,9,2,E01012746,3,1,0.0,1.0,-1,6,30,1,1,1,10:15,6,3,9
2023471275592,2023,471275592,1,1,1,1,28,6,3,0,0,0,0,0,9,2,E01020911,3,1,0.0,1.0,-1,6,30,8,7,4,06:20,2,1,9
2023010426509,2023,010426509,1,1,3,2,13,3,3,9,9,0,0,0,0,4,E01001323,-1,0,0.0,1.0,-1,6,30,1,1,1,15:08,6,1,9
2023461310854,2023,461310854,1,1,1,2,38,7,3,0,0,0,0,0,9,2,E01016117,3,1,0.0,1.0,-1,3,70,2,1,2,11:56,6,2,9
202360A057356,2023,60A057356,2,2,2,2,70,10,3,0,0,1,0,0,9,-1,-1,-1,0,0.07499,0.92501,-1,6,30,1,1,1,11:46,5,2,9
2023010475466,2023,010475466,1,1,2,2,24,5,3,0,0,0,0,0,19,3,E01002030,-1,0,0.0,1.0,-1,6,20,2,1,2,09:52,5,2,19
2023231277128,2023,231277128,1,1,1,1,33,6,3,0,0,0,0,0,9,3,E01015973,3,1,0.0,1.0,-1,6,20,1,1,1,12:00,3,1,9
2023991332884,2023,991332884,1,2,2,1,21,5,3,0,0,1,0,0,9,6,-1,3,1,0.0,1.0,-1,6,60,1,1,1,19:13,1,1,9
2023201303460,2023,201303460,1,1,3,2,16,4,3,5,1,0,0,0,0,4,E01009249,3,1,0.0,1.0,-1,3,30,1,1,1,15:55,2,1,19
2023201378345,2023,201378345,1,1,3,1,56,9,2,5,3,0,0,2,0,1,E01009892,7,1,1.0,0.0,-1,6,30,1,5,1,19:53,4,1,-1
2023010480958,2023,010480958,1,1,1,1,36,7,2,0,0,0,0,0,3,3,E01001831,-1,0,1.0,0.0,-1,6,20,1,4,2,06:55,3,2,3
2023010469271,2023,010469271,2,1,1,1,25,5,2,0,0,0,0,0,5,4,E01003344,-1,0,1.0,0.0,-1,6,20,1,4,1,22:17,7,3,5
2023010435556,2023,010435556,1,1,1,1,38,7,3,0,0,0,0,0,9,3,E01033324,-1,0,0.0,1.0,-1,6,30,1,1,9,19:35,1,2,9
2023122300937,2023,122300937,2,1,1,1,21,5,3,0,0,0,0,0,1,7,E01013406,-1,0,0.05263,0.94737,-1,6,30,1,1,1,09:15,4,2,1
2023501321616,2023,501321616,2,1,1,1,39,7,3,0,0,0,0,0,1,7,E01020233,3,1,0.0,1.0,-1,6,30,1,1,1,12:20,4,2,1
2023010468293,2023,010468293,1,1,1,1,41,7,3,0,0,0,0,0,3,6,E01003394,-1,0,0.0,1.0,-1,6,20,1,1,1,15:50,2,2,3
2023440061063,2023,440061063,1,1,1,1,64,9,2,0,0,0,0,0,9,9,E01022469,-1,0,1.0,0.0,-1,1,40,1,1,1,14:44,2,1,9
2023010432311,2023,010432311,1,2,3,2,60,9,2,5,3,0,0,0,0,2,E01000870,-1,0,1.0,0.0,-1,6,20,1,1,1,12:00,4,1,11
2023131368300,2023,131368300,1,1,1,1,19,4,3,0,0,0,0,0,9,1,E01010626,3,1,0.0,1.0,-1,6,30,2,4,2,22:06,1,3,9
2023131381978,2023,131381978,2,2,2,2,52,8,3,0,0,1,0,0,9,-1,-1,3,1,0.0,1.0,-1,6,30,9,4,2,18:35,7,2,9
2023221327094,2023,221327094,1,1,1,1,46,8,3,0,0,0,0,0,9,1,E01032469,3,1,0.0,1.0,-1,6,60,1,1,1,09:15,2,2,9
2023471364802,2023,471364802,2,1,1,2,42,7,3,0,0,0,0,0,9,4,E01020936,3,1,0.0,1.0,-1,3,30,5,4,2,18:44,4,3,9
2023471389145,2023,471389145,1,2,2,2,15,3,3,0,0,2,0,0,9,7,E01020962,3,1,0.0,1.0,-1,3,70,2,4,2,17:20,7,2,9
2023501383710,2023,501383710,1,1,3,1,13,3,3,5,9,0,0,2,0,3,E01015193,3,1,0.0,1.0,-1,6,30,2,1,2,08:10,2,1,9
2023010478596,2023,010478596,1,1,1,2,46,8,3,0,0,0,0,0,9,4,E01004396,-1,0,0.0,1.0,-1,6,30,1,1,1,15:15,6,2,9
2023520400407,2023,520400407,2,3,2,1,30,6,3,0,0,1,0,0,9,4,E01018972,-1,0,0.04038,0.95962,-1,3,70,1,1,1,15:04,2,2,9
2023010430066,2023,010430066,1,1,3,2,72,10,2,1,3,0,0,0,0,10,E01003869,-1,0,1.0,0.0,-1,6,20,1,1,1,15:08,5,1,3
2023430567862,2023,430567862,1,1,3,2,23,5,3,5,9,0,0,0,0,9,E01017811,-1,0,0.12467,0.87533,-1,6,30,1,4,1,19:19,3,1,9
202363A016123,2023,63A016123,2,2,3,1,53,8,3,9,5,0,0,0,0,4,W01000724,-1,0,0.15071,0.84929,-1,6,30,1,1,1,09:13,7,2,19
2023010477537,2023,010477537,2,1,1,1,17,4,3,0,0,0,0,0,3,7,W01000822,-1,0,0.0,1.0,-1,6,20,2,1,2,16:14,1,2,3
2023122300400,2023,122300400,1,1,1,1,61,9,1,0,0,0,0,0,5,-1,-1,-1,0,0.0,0.0,-1,6,60,1,1,1,13:29,1,1,5
2023010484809,2023,010484809,3,2,1,1,41,7,3,0,0,0,0,0,9,2,E01003556,-1,0,0.0,1.0,-1,6,20,1,4,1,17:14,2,5,9
2023371331414,2023,371331414,2,2,1,2,40,7,3,0,0,0,0,0,9,9,E01030268,3,1,0.0,1.0,-1,6,30,1,1,1,10:10,3,2,9
2023101306323,2023,101306323,2,1,3,1,36,7,3,6,9,0,0,0,0,-1,-1,3,1,0.0,1.0,-1,6,30,1,1,1,16:00,7,2,9
2023340NN0602,2023,340NN0602,2,1,1,1,11,3,3,0,0,0,0,0,1,-1,-1,-1,0,0.12444,0.87556,-1,6,30,1,1,1,08:10,6,2,1
2023010457169,2023,010457169,1,1,1,1,29,6,3,0,0,0,0,0,3,5,E01003415,-1,0,0.0,1.0,-1,6,20,1,1,1,19:30,1,2,3
2023070341690,2023,070341690,2,1,1,2,45,7,3,0,0,0,0,0,9,5,E01006268,-1,0,0.02135,0.97865,-1,6,20,2,1,2,13:00,1,2,9
2023371362925,2023,371362925,1,2,2,1,74,10,3,0,0,1,0,0,9,6,E01018016,3,1,0.0,1.0,-1,6,60,1,6,1,19:17,7,2,9
2023991299960,2023,991299960,1,2,2,2,15,3,3,0,0,2,0,0,9,10,-1,3,1,0.0,1.0,-1,6,30,1,1,2,16:20,1,1,9
2023430328873,2023,430328873,2,1,1,1,57,9,3,0,0,0,0,0,9,10,E01028706,-1,0,0.00515,0.99485,-1,3,50,2,1,2,09:55,2,2,9
2023461276887,2023,461276887,2,2,1,1,39,7,3,0,0,0,0,0,9,1,E01024671,3,1,0.0,1.0,-1,6,30,2,1,2,16:55,3,2,9
2023991331558,2023,991331558,1,2,1,2,17,4,2,0,0,0,0,0,9,4,-1,7,1,1.0,0.0,-1,6,30,5,1,5,17:35,2,1,9
2023131294567,2023,131294567,2,1,1,1,53,8,3,0,0,0,0,0,1,9,E01010576,3,1,0.0,1.0,-1,6,30,1,1,1,08:10,6,2,1
2023430141550,2023,430141550,2,2,1,1,83,11,3,0,0,0,0,0,9,6,E01028691,-1,0,0.09202,0.90798,-1,6,30,2,1,2,09:43,6,2,9
2023461356277,2023,461356277,1,3,2,2,19,4,3,0,0,-1,0,0,9,4,E01016067,3,1,0.0,1.0,-1,6,30,1,4,1,23:05,3,3,9
2023991277991,2023,991277991,2,3,1,2,30,6,2,0,0,0,0,0,9,9,-1,6,1,1.0,0.0,-1,6,40,1,4,1,21:31,7,2,9
2023010422478,2023,010422478,1,1,1,1,16,4,3,0,0,0,0,0,1,4,E01003257,-1,0,0.0,1.0,-1,6,20,8,4,1,20:00,6,2,1
2023201394481,2023,201394481,2,1,1,1,38,7,3,0,0,0,0,0,1,1,E01010423,3,1,0.0,1.0,-1,6,30,2,1,2,16:31,2,2,1
2023010476204,2023,010476204,1,2,2,2,15,3,3,0,0,9,0,0,9,7,E01033733,-1,0,0.0,1.0,-1,1,30,9,4,9,20:30,4,2,9
2023440081934,2023,440081934,1,1,1,1,47,8,3,0,0,0,0,0,9,8,E01022713,-1,0,0.01583,0.98417,-1,6,40,1,1,2,08:30,3,2,9
2023622300374,2023,622300374,1,3,2,1,9,2,3,0,0,2,0,0,9,1,W01001428,-1,0,0.08908,0.91092,-1,3,70,2,1,2,14:35,7,1,9
2023131275298,2023,131275298,2,1,1,1,59,9,3,0,0,0,0,0,11,4,E01011875,3,1,0.0,1.0,-1,6,30,1,1,1,15:35,7,2,11
2023501329317,2023,501329317,1,1,3,1,77,11,3,5,3,0,0,0,0,8,E01019915,3,1,0.0,1.0,-1,6,30,2,1,2,09:09,6,1,9
2023111320281,2023,111320281,2,1,1,1,71,10,2,0,0,0,0,0,1,4,E01020646,7,1,1.0,0.0,-1,6,30,1,1,1,12:40,6,2,1
2023201301444,2023,201301444,2,1,1,1,36,7,3,0,0,0,0,0,1,3,E01009216,3,1,0.0,1.0,-1,6,30,1,1,1,15:07,7,2,1
2023522301361,2023,522301361,1,1,1,1,21,5,3,0,0,0,0,0,8,8,E01031892,-1,0,0.06761,0.93239,-1,6,20,7,6,2,03:20,7,4,8
2023131304951,2023,131304951,1,2,2,2,19,4,3,0,0,2,0,0,9,6,E01010922,3,1,0.0,1.0,-1,6,40,1,1,1,17:35,1,3,9
2023302300383,2023,302300383,1,2,2,1,8,2,3,0,0,2,0,0,9,-1,-1,-1,0,0.12784,0.87216,-1,6,60,1,1,2,15:40,2,1,9
2023421330303,2023,421330303,2,1,1,1,77,11,2,0,0,0,0,0,9,3,E01015935,6,1,1.0,0.0,-1,6,40,1,1,1,14:45,2,2,9
2023101263441,2023,101263441,1,1,3,1,71,10,3,1,3,0,0,0,0,1,E01008392,3,1,0.0,1.0,-1,6,30,4,4,1,18:30,7,1,9
2023010457527,2023,010457527,1,1,1,1,21,5,3,0,0,0,0,0,5,1,E01003184,-1,0,0.0,1.0,-1,6,20,1,1,1,12:25,5,2,5
2023010439019,2023,010439019,1,1,1,1,48,8,3,0,0,0,0,0,8,4,E01003573,-1,0,0.0,1.0,-1,6,20,2,4,2,02:45,1,2,8
2023131322160,2023,131322160,2,1,1,2,40,7,3,0,0,0,0,0,9,5,E01011269,3,1,0.0,1.0,-1,6,20,1,1,1,04:23,7,4,9
2023131389056,2023,131389056,1,1,1,1,79,11,2,0,0,0,0,0,9,10,E01011570,6,1,1.0,0.0,-1,6,30,1,1,1,09:40,7,2,9
2023231393007,2023,231393007,1,1,1,2,25,5,3,0,0,0,0,0,9,9,W01001398,3,1,0.0,1.0,-1,6,60,1,1,1,15:35,3,1,9
2023302301969,2023,302301969,4,2,1,2,40,7,3,0,0,0,0,0,9,5,E01013519,-1,0,0.0374,0.9626,-1,6,60,1,1,2,15:39,4,4,9
2023501341993,2023,501341993,2,4,1,2,22,5,3,0,0,0,0,0,9,10,E01015433,3,1,0.0,1.0,-1,6,30,1,1,1,18:41,2,2,9
2023471360721,2023,471360721,1,1,3,2,12,3,3,5,1,0,0,0,0,6,E01021154,3,1,0.0,1.0,-1,6,30,1,1,1,10:50,7,1,9
2023201298690,2023,201298690,1,1,1,1,27,6,3,0,0,0,0,0,1,1,E01009273,3,1,0.0,1.0,-1,6,30,1,1,1,17:30,4,2,1
2023010457879,2023,010457879,3,4,2,1,25,5,3,0,0,2,0,0,9,3,E01003519,-1,0,0.0,1.0,-1,3,40,1,1,1,17:09,7,3,9
2023320628697,2023,320628697,2,1,1,2,35,6,3,0,0,0,0,0,9,5,E01026190,-1,0,0.03299,0.96701,-1,6,60,1,1,1,16:00,5,2,9
2023332300201,2023,332300201,1,1,1,2,18,4,3,0,0,0,0,0,9,3,E01025829,-1,0,0.02824,0.97176,-1,6,50,8,1,1,14:09,1,2,9
2023351363382,2023,351363382,2,2,1,2,40,7,3,0,0,0,0,0,9,9,E01018231,3,1,0.0,1.0,-1,6,60,1,1,1,16:22,3,2,9
2023451313519,2023,451313519,1,1,1,2,51,8,3,0,0,0,0,0,9,10,E01031002,3,1,0.0,1.0,-1,6,30,1,1,1,18:30,4,2,9
2023411331916,2023,411331916,1,1,3,2,87,11,3,5,1,0,0,0,0,10,E01023558,3,1,0.0,1.0,-1,6,30,1,1,1,10:32,7,1,9
2023010435917,2023,010435917,2,1,1,1,18,4,3,0,0,0,0,0,3,2,E01000014,-1,0,0.0,1.0,-1,3,40,1,1,1,07:28,4,2,3
2023471313986,2023,471313986,2,1,1,1,22,5,2,0,0,0,0,0,3,4,E01031494,6,1,1.0,0.0,-1,7,50,1,4,1,21:33,5,2,3
2023010422766,2023,010422766,4,2,2,1,28,6,3,0,0,1,0,0,9,-1,-1,-1,0,0.0,1.0,-1,6,30,1,4,4,20:51,7,4,9
2023131289571,2023,131289571,1,1,1,1,79,11,3,0,0,0,0,0,9,5,E01011787,3,1,0.0,1.0,-1,6,30,1,1,1,07:17,4,1,9
2023221335881,2023,221335881,1,1,2,2,18,4,2,0,0,1,0,0,9,3,E01032437,7,1,1.0,0.0,-1,6,50,1,6,1,01:49,7,1,9
2023340WN0592,2023,340WN0592,1,2,2,1,20,4,3,0,0,1,0,0,9,8,E01027290,-1,0,0.04899,0.95101,-1,6,40,1,4,1,22:10,7,2,9
2023371279715,2023,371279715,1,1,1,1,62,9,3,0,0,0,0,0,9,3,E01026488,3,1,0.0,1.0,-1,6,60,1,1,1,09:09,2,2,9
2023010430170,2023,010430170,1,1,3,1,27,6,3,5,9,0,0,0,0,-1,-1,-1,0,0.0,1.0,-1,6,20,1,4,1,02:51,6,1,9
2023041316633,2023,041316633,1,1,1,1,61,9,2,0,0,0,0,0,1,9,E01024983,5,1,1.0,0.0,-1,6,30,1,1,1,07:32,5,2,1
2023010463089,2023,010463089,1,1,1,2,30,6,3,0,0,0,0,0,3,4,E01001087,-1,0,0.0,1.0,-1,6,20,1,1,1,11:53,1,2,3
2023061381122,2023,061381122,1,1,1,1,31,6,3,0,0,0,0,0,9,4,E01005217,3,1,0.0,1.0,-1,3,70,1,4,1,00:50,6,2,9
2023430553208,2023,430553208,2,2,1,1,43,7,3,0,0,0,0,0,21,5,E01032066,-1,0,0.10719,0.89281,-1,6,50,1,1,2,08:39,1,2,21
2023131296260,2023,131296260,2,1,1,1,19,4,3,0,0,0,0,0,1,6,E01032946,3,1,0.0,1.0,-1,6,30,9,1,1,11:57,6,2,1
2023031351128,2023,031351128,1,2,1,2,24,5,3,0,0,0,0,0,9,-1,-1,3,1,0.0,1.0,-1,6,30,1,1,2,08:37,2,2,9
2023320309825,2023,320309825,2,1,1,2,56,9,3,0,0,0,0,0,9,9,E01026222,-1,0,0.10052,0.89948,-1,6,60,1,1,1,20:20,1,3,9
2023622300647,2023,622300647,1,1,1,2,42,7,3,0,0,0,0,0,9,10,W01001827,-1,0,0.01881,0.98119,-1,6,20,2,1,2,09:26,7,2,9
2023351331457,2023,351331457,1,1,1,2,51,8,2,0,0,0,0,0,-1,2,E01029886,7,1,1.0,0.0,-1,6,20,1,1,1,12:30,6,1,-1
2023131325478,2023,131325478,1,1,3,1,24,5,3,9,8,0,0,2,0,1,E01011492,3,1,0.0,1.0,-1,6,30,1,1,1,18:05,2,1,11
2023131344047,2023,131344047,1,1,3,1,36,7,2,5,2,0,0,2,0,1,E01033692,7,1,1.0,0.0,-1,6,20,1,1,1,15:19,2,1,9
2023041338873,2023,041338873,1,1,1,1,23,5,3,0,0,0,0,0,1,1,E01012646,3,1,0.0,1.0,-1,6,40,2,1,2,13:50,4,2,1
2023440059845,2023,440059845,1,1,1,1,29,6,2,0,0,0,0,0,5,8,E01017190,-1,0,1.0,0.0,-1,6,30,1,5,1,18:39,1,1,5