collision_index,collision_year,collision_ref_no,vehicle_reference,casualty_reference,casualty_class,sex_of_casualty,age_of_casualty,age_band_of_casualty,casualty_severity,pedestrian_location,pedestrian_movement,car_passenger,bus_or_coach_passenger,pedestrian_road_maintenance_worker,casualty_type,casualty_imd_decile,lsoa_of_casualty,enhanced_casualty_severity,casualty_injury_based,casualty_adjusted_severity_serious,casualty_adjusted_severity_slight,casualty_distance_banding,road_type,speed_limit,weather_conditions,light_conditions,road_surface_conditions,time,day_of_week,number_of_vehicles,vehicle_type
2023201277841,2023,201277841,1,1,1,1,24,5,3,0,0,0,0,0,9,5,E01009244,3,1,0.0,1.0,-1,3,30,1,1,1,10:50,7,2,9
2023401300644,2023,401300644,1,2,2,2,31,6,3,0,0,-1,0,0,9,7,E01017564,3,1,0.0,1.0,-1,6,60,1,1,1,16:33,1,2,9
2023010482317,2023,010482317,1,1,1,1,42,7,2,0,0,0,0,0,1,3,E01000689,-1,0,1.0,0.0,-1,6,30,1,1,2,08:15,3,2,1
2023010476107,2023,010476107,1,1,1,1,68,10,3,0,0,0,0,0,1,9,E01003908,-1,0,0.0,1.0,-1,6,20,1,1,1,09:50,1,2,1
2023010433498,2023,010433498,1,1,1,1,22,5,3,0,0,0,0,0,3,3,E01001366,-1,0,0.0,1.0,-1,6,20,2,1,2,09:50,7,2,3
2023010441286,2023,010441286,1,1,1,1,41,7,3,0,0,0,0,0,9,4,E01000155,-1,0,0.0,1.0,-1,3,30,1,1,1,11:45,6,2,9
2023131358114,2023,131358114,3,1,1,2,29,6,3,0,0,0,0,0,9,9,E01011456,3,1,0.0,1.0,-1,3,60,2,1,2,16:40,7,3,9
2023421334435,2023,421334435,1,1,3,1,74,10,2,4,3,0,0,0,0,3,E01015825,5,1,1.0,0.0,-1,6,20,1,1,1,14:00,6,1,9
2023622300398,2023,622300398,1,1,3,1,42,7,3,1,1,0,0,0,0,9,W01001826,-1,0,0.11442,0.88558,-1,2,20,1,1,1,11:01,7,1,9
2023440410089,2023,440410089,1,1,1,1,47,8,3,0,0,0,0,0,5,6,E01022486,-1,0,0.14064,0.85936,-1,6,60,1,1,1,10:10,7,2,5
2023201417611,2023,201417611,2,4,2,1,-1,-1,3,0,0,-1,0,0,9,-1,-1,3,1,0.0,1.0,-1,3,40,1,4,1,22:00,6,2,9
2023547800323,2023,547800323,2,3,2,2,11,3,3,0,0,2,0,0,9,10,E01032072,-1,0,0.02157,0.97843,-1,6,30,1,1,1,08:55,3,3,9
2023131361244,2023,131361244,2,2,1,1,51,8,3,0,0,0,0,0,20,4,E01011804,3,1,0.0,1.0,-1,3,30,1,1,1,08:00,2,2,20
2023010424650,2023,010424650,1,1,1,1,33,6,3,0,0,0,0,0,90,4,E01017085,-1,0,0.0,1.0,-1,3,20,1,4,1,23:07,3,2,90
2023440091413,2023,440091413,1,1,3,2,18,4,2,1,1,0,0,0,0,10,E01022504,-1,0,1.0,0.0,-1,6,30,1,1,1,16:48,2,1,9
2023010431266,2023,010431266,1,1,1,1,34,6,3,0,0,0,0,0,9,3,E01003609,-1,0,0.0,1.0,-1,1,30,2,4,2,17:45,4,2,9
2023161362849,2023,161362849,2,1,1,2,59,9,2,0,0,0,0,0,9,8,E01013214,6,1,1.0,0.0,-1,6,30,1,4,2,21:15,7,2,9
2023461351111,2023,461351111,2,1,1,1,20,4,3,0,0,0,0,0,9,-1,-1,3,1,0.0,1.0,-1,1,40,1,4,1,21:30,2,2,9
2023501295344,2023,501295344,1,1,1,1,31,6,3,0,0,0,0,0,9,1,E01015088,3,1,0.0,1.0,-1,3,30,1,4,1,21:30,1,2,9
2023991263477,2023,991263477,1,5,1,1,18,4,3,0,0,0,0,0,9,1,-1,3,1,0.0,1.0,-1,6,60,1,1,2,12:15,7,3,9
2023471320876,2023,471320876,1,1,2,2,-1,-1,2,0,0,0,1,0,11,8,E01021040,7,1,1.0,0.0,-1,6,30,1,1,1,14:30,2,1,11
2023320235786,2023,320235786,2,1,1,1,36,7,3,0,0,0,0,0,9,10,E01018235,-1,0,0.06181,0.93819,-1,6,60,1,1,1,17:00,4,3,9
2023991294920,2023,991294920,3,4,1,1,55,8,2,0,0,0,0,0,9,6,-1,5,1,1.0,0.0,-1,6,60,1,1,1,11:50,7,3,9
2023201368196,2023,201368196,1,1,3,2,32,6,3,1,1,0,0,2,0,-1,-1,3,1,0.0,1.0,-1,1,30,1,1,1,09:00,2,1,9
2023361351166,2023,361351166,1,1,3,2,58,9,3,10,9,0,0,0,0,10,E01026813,3,1,0.0,1.0,-1,1,30,1,1,1,08:45,6,1,9
2023131317926,2023,131317926,2,1,1,1,37,7,2,0,0,0,0,0,1,7,E01011589,7,1,1.0,0.0,-1,6,30,1,5,1,07:45,3,2,1
2023010431272,2023,010431272,1,1,1,2,28,6,3,0,0,0,0,0,9,3,E01001213,-1,0,0.0,1.0,-1,9,20,5,1,2,07:45,5,1,9
2023010461714,2023,010461714,1,1,1,1,28,6,3,0,0,0,0,0,9,4,E01023547,-1,0,0.0,1.0,-1,3,50,8,1,1,15:55,2,2,9
2023052302434,2023,052302434,2,1,2,2,20,4,3,0,0,1,0,0,9,9,E01012393,-1,0,0.01605,0.98395,-1,1,30,1,1,1,11:00,7,2,9
2023131379593,2023,131379593,4,1,1,2,30,6,3,0,0,0,0,0,9,9,E01028121,3,1,0.0,1.0,-1,1,40,1,1,2,13:24,2,6,9
2023141317039,2023,141317039,1,1,2,2,20,4,3,0,0,1,0,0,9,2,E01007578,3,1,0.0,1.0,-1,6,30,1,1,1,10:45,7,2,9
2023332300796,2023,332300796,2,1,2,2,33,6,3,0,0,1,0,0,9,8,E01025754,-1,0,0.0077,0.9923,-1,3,70,8,1,1,12:20,1,3,9
2023351328283,2023,351328283,1,1,2,2,49,8,2,0,0,2,0,0,9,9,E01033173,7,1,1.0,0.0,-1,6,40,1,7,1,23:09,7,1,9
2023371311974,2023,371311974,2,2,2,2,19,4,3,0,0,1,0,0,9,7,E01030051,3,1,0.0,1.0,-1,3,70,1,6,1,23:15,6,2,9
2023201361887,2023,201361887,2,1,1,1,43,7,3,0,0,0,0,0,19,2,E01010470,3,1,0.0,1.0,-1,3,70,1,1,1,13:40,3,2,19
2023201340183,2023,201340183,1,1,3,1,56,9,3,1,3,0,0,2,0,8,E01010201,3,1,0.0,1.0,-1,6,30,1,1,1,09:50,2,1,9
2023052300460,2023,052300460,1,1,1,1,18,4,2,0,0,0,0,0,9,9,E01012386,-1,0,1.0,0.0,-1,3,70,1,4,1,03:00,1,1,9
2023552301072,2023,552301072,2,1,1,1,69,10,2,0,0,0,0,0,9,4,E01020321,-1,0,1.0,0.0,-1,6,60,1,1,1,12:03,1,2,9
2023061364422,2023,061364422,2,1,1,2,31,6,3,0,0,0,0,0,9,2,E01005368,3,1,0.0,1.0,-1,6,30,4,4,1,20:38,3,2,9
2023421362534,2023,421362534,1,1,1,2,79,11,3,0,0,0,0,0,9,9,E01021873,3,1,0.0,1.0,-1,6,60,2,1,2,11:22,6,2,9
2023421383801,2023,421383801,2,1,1,2,40,7,3,0,0,0,0,0,9,4,E01015835,3,1,0.0,1.0,-1,3,70,9,4,-1,20:00,6,2,9
2023552300296,2023,552300296,2,1,1,1,50,8,3,0,0,0,0,0,9,5,E01015456,-1,0,0.00997,0.99003,-1,6,40,1,1,1,12:30,2,2,9
2023070303115,2023,070303115,2,1,1,1,26,6,3,0,0,0,0,0,9,4,E01018672,-1,0,0.05433,0.94567,-1,6,60,1,1,1,11:50,2,2,9
2023010458062,2023,010458062,1,1,1,1,50,8,3,0,0,0,0,0,9,9,E01001606,-1,0,0.0,1.0,-1,3,20,2,1,2,18:00,1,2,9
2023122301050,2023,122301050,2,2,1,2,17,4,3,0,0,0,0,0,9,7,E01027761,-1,0,0.04322,0.95678,-1,6,60,1,1,1,16:55,2,2,9
2023540711823,2023,540711823,1,1,1,1,22,5,3,0,0,0,0,0,9,7,W01000391,-1,0,0.07205,0.92795,-1,1,50,8,4,4,04:30,7,1,9
2023411354045,2023,411354045,1,1,3,1,3,1,2,6,1,0,0,0,0,9,E01023895,7,1,1.0,0.0,-1,6,20,1,1,1,16:20,3,1,9
2023010425174,2023,010425174,1,1,1,1,34,6,3,0,0,0,0,0,5,3,E01016358,-1,0,0.0,1.0,-1,6,20,1,1,1,15:47,6,2,5
2023010448966,2023,010448966,1,1,1,2,55,8,3,0,0,0,0,0,9,1,E01000524,-1,0,0.0,1.0,-1,1,30,1,1,1,12:20,4,2,9
2023101342038,2023,101342038,1,1,1,2,18,4,3,0,0,0,0,0,9,5,E01027447,3,1,0.0,1.0,-1,6,60,2,1,2,15:22,3,2,9
2023501392004,2023,501392004,1,2,1,1,29,6,3,0,0,0,0,0,9,4,E01029281,3,1,0.0,1.0,-1,6,60,1,1,1,12:50,7,2,9
2023101359198,2023,101359198,2,1,1,1,16,4,3,0,0,0,0,0,1,2,E01008489,3,1,0.0,1.0,-1,6,30,1,1,1,08:30,2,2,1
2023451280271,2023,451280271,2,2,1,1,29,6,3,0,0,0,0,0,3,4,E01030710,3,1,0.0,1.0,-1,3,40,1,4,1,20:40,6,2,3
2023461320561,2023,461320561,2,1,1,1,26,6,3,0,0,0,0,0,9,5,E01024014,3,1,0.0,1.0,-1,6,40,1,1,1,19:25,2,2,9
2023461351753,2023,461351753,2,2,2,2,38,7,3,0,0,1,0,0,9,9,E01024115,3,1,0.0,1.0,-1,6,30,1,1,1,13:36,7,3,9
2023461370068,2023,461370068,2,1,2,2,-1,-1,3,0,0,1,0,0,9,7,E01032737,3,1,0.0,1.0,-1,7,40,1,1,1,14:07,5,2,9
2023531318802,2023,531318802,1,1,1,1,71,10,2,0,0,0,0,0,97,-1,-1,7,1,1.0,0.0,-1,6,60,1,1,1,15:45,4,1,97
2023991362305,2023,991362305,2,1,1,1,50,8,2,0,0,0,0,0,1,-1,-1,7,1,1.0,0.0,-1,6,40,1,1,1,08:00,4,2,1
2023991329558,2023,991329558,1,1,1,1,50,8,2,0,0,0,0,0,5,5,-1,6,1,1.0,0.0,-1,6,60,2,1,2,16:00,6,2,5
2023131380971,2023,131380971,2,1,1,2,41,7,3,0,0,0,0,0,9,2,E01011015,3,1,0.0,1.0,-1,6,30,1,4,2,17:57,4,2,9
2023141363563,2023,141363563,1,1,2,2,28,6,3,0,0,2,0,0,9,-1,-1,3,1,0.0,1.0,-1,6,30,1,1,1,21:07,2,2,9
2023340WN2922,2023,340WN2922,1,1,1,1,33,6,3,0,0,0,0,0,9,6,E01027029,-1,0,0.11042,0.88958,-1,6,50,1,1,1,11:05,5,1,9
2023010471156,2023,010471156,2,1,1,2,40,7,3,0,0,0,0,0,1,5,E01003307,-1,0,0.0,1.0,-1,1,30,1,1,1,07:25,3,2,1
2023010461599,2023,010461599,2,2,1,1,33,6,3,0,0,0,0,0,4,3,E01002104,-1,0,0.0,1.0,-1,6,20,1,1,1,19:32,1,2,4
2023201399314,2023,201399314,1,1,1,2,60,9,3,0,0,0,0,0,9,8,E01009559,3,1,0.0,1.0,-1,6,30,8,1,2,13:32,7,1,9
2023461320126,2023,461320126,1,1,1,1,20,4,3,0,0,0,0,0,9,5,E01000664,3,1,0.0,1.0,-1,6,60,1,1,1,13:43,1,2,9
2023351367667,2023,351367667,2,1,1,1,16,4,3,0,0,0,0,0,97,5,E01018214,3,1,0.0,1.0,-1,6,30,1,1,1,08:38,5,2,97
2023010448295,2023,010448295,1,1,1,1,60,9,3,0,0,0,0,0,9,3,E01003269,-1,0,0.0,1.0,-1,6,20,1,1,1,05:00,1,2,9
2023010470106,2023,010470106,1,1,1,1,82,11,3,0,0,0,0,0,9,10,E01004120,-1,0,0.0,1.0,-1,3,30,1,1,1,16:40,4,2,9
2023041387973,2023,041387973,2,1,1,1,78,11,3,0,0,0,0,0,9,9,E01025126,3,1,0.0,1.0,-1,6,20,1,1,1,13:37,3,2,9
2023211302443,2023,211302443,1,1,1,1,20,4,1,0,0,0,0,0,9,3,E01029787,1,1,0.0,0.0,-1,6,40,2,4,2,21:26,5,1,9
2023340NN1962,2023,340NN1962,2,1,1,2,45,7,3,0,0,0,0,0,9,8,E01027026,-1,0,0.05974,0.94026,-1,6,60,1,1,1,08:00,3,2,9
202360A144740,2023,60A144740,1,4,2,1,18,4,3,0,0,2,0,0,9,-1,-1,-1,0,0.19324,0.80676,-1,6,60,1,6,1,23:49,5,1,9
2023991314272,2023,991314272,2,1,1,2,70,10,3,0,0,0,0,0,9,-1,-1,3,1,0.0,1.0,-1,6,30,1,1,1,13:30,6,2,9
2023201283821,2023,201283821,2,1,1,1,59,9,3,0,0,0,0,0,1,10,E01009859,3,1,0.0,1.0,-1,1,30,1,1,1,05:43,3,2,1
2023010438955,2023,010438955,2,1,1,1,18,4,3,0,0,0,0,0,3,2,E01002708,-1,0,0.0,1.0,-1,2,20,2,1,2,13:00,1,2,3
2023010435990,2023,010435990,1,1,3,1,26,6,2,1,9,0,0,0,0,-1,-1,-1,0,1.0,0.0,-1,3,30,1,1,1,12:22,4,2,9
2023440346194,2023,440346194,1,1,3,1,64,9,3,6,5,0,0,0,0,4,E01017341,-1,0,0.16612,0.83388,-1,6,30,1,1,1,19:12,7,1,11
2023351343154,2023,351343154,1,3,2,2,17,4,3,0,0,1,0,0,9,4,E01030108,3,1,0.0,1.0,-1,6,30,1,1,1,12:10,4,2,9
2023421277979,2023,421277979,1,2,2,2,16,4,3,0,0,2,0,0,9,7,E01021981,3,1,0.0,1.0,-1,6,60,1,6,1,21:34,6,1,9
2023531310023,2023,531310023,1,2,2,2,69,10,2,0,0,1,0,0,9,9,E01015160,6,1,1.0,0.0,-1,7,30,1,1,1,16:55,1,2,9
202354C602323,2023,54C602323,2,1,1,2,52,8,3,0,0,0,0,0,9,5,E01032066,-1,0,0.01214,0.98786,-1,6,60,1,1,1,08:03,3,2,9
2023552300534,2023,552300534,1,1,2,2,19,4,3,0,0,1,0,0,9,3,E01015359,-1,0,0.06474,0.93526,-1,6,30,1,4,1,20:14,7,2,9
2023111290335,2023,111290335,1,1,1,1,79,11,2,0,0,0,0,0,90,4,E01020866,5,1,1.0,0.0,-1,6,60,2,1,2,09:45,6,2,90
2023471293910,2023,471293910,2,1,1,-1,24,5,2,0,0,0,0,0,1,5,E01031498,7,1,1.0,0.0,-1,6,60,9,1,1,17:00,2,2,1
2023010464595,2023,010464595,2,1,1,1,19,4,3,0,0,0,0,0,3,2,E01003267,-1,0,0.0,1.0,-1,6,30,1,1,1,07:20,5,2,3
2023501307220,2023,501307220,3,2,1,1,42,7,2,0,0,0,0,0,4,-1,-1,5,1,1.0,0.0,-1,6,60,1,1,1,12:56,1,3,4
2023361360440,2023,361360440,2,1,1,1,19,4,2,0,0,0,0,0,3,8,E01026912,6,1,1.0,0.0,-1,1,60,1,1,1,10:10,7,2,3
2023161368044,2023,161368044,1,1,3,2,15,3,3,10,5,0,0,2,0,8,E01013127,3,1,0.0,1.0,-1,6,30,1,6,1,18:28,7,1,9
2023320235386,2023,320235386,1,1,3,1,56,9,3,8,1,0,0,0,0,6,E01026272,-1,0,0.19911,0.80089,-1,6,30,1,1,1,16:30,4,1,9
2023010437867,2023,010437867,1,1,1,1,64,9,3,0,0,0,0,0,19,2,E01000789,-1,0,0.0,1.0,-1,6,30,1,4,9,18:10,2,1,19
2023041355130,2023,041355130,2,1,1,1,44,7,3,0,0,0,0,0,1,1,E01012737,3,1,0.0,1.0,-1,6,20,1,1,1,15:30,2,2,1
2023010472138,2023,010472138,1,1,1,1,34,6,3,0,0,0,0,0,4,3,E01002084,-1,0,0.0,1.0,-1,6,20,1,4,1,20:05,1,2,4
2023052300666,2023,052300666,1,1,1,1,21,5,2,0,0,0,0,0,4,2,E01006536,-1,0,1.0,0.0,-1,3,40,1,1,1,17:13,3,2,4
2023170H10483,2023,170H10483,1,1,3,1,8,2,3,5,2,0,0,0,0,1,E01011977,-1,0,0.08442,0.91558,-1,6,30,1,1,1,11:30,5,1,9
2023471309331,2023,471309331,1,1,3,2,33,6,2,6,1,0,0,0,0,4,E01031344,7,1,1.0,0.0,-1,6,30,1,1,1,12:20,4,1,9
2023031343221,2023,031343221,1,1,1,2,28,6,3,0,0,0,0,0,9,5,E01019278,3,1,0.0,1.0,-1,6,40,1,1,1,12:30,6,2,9
2023231380824,2023,231380824,2,1,1,2,32,6,3,0,0,0,0,0,9,5,E01031102,3,1,0.0,1.0,-1,1,30,2,4,2,20:18,1,2,9
2023320706843,2023,320706843,2,1,2,1,13,3,3,0,0,1,0,0,9,4,E01026016,-1,0,0.02852,0.97148,-1,6,40,1,1,1,09:30,4,2,9
2023440409116,2023,440409116,1,1,1,1,30,6,3,0,0,0,0,0,9,6,E01022700,-1,0,0.08237,0.91763,-1,3,70,1,1,1,16:45,6,3,9
2023221343284,2023,221343284,2,2,1,2,57,9,2,0,0,0,0,0,90,3,E01022403,5,1,1.0,0.0,-1,3,70,1,1,1,17:36,6,2,90
2023131348927,2023,131348927,2,1,1,1,23,5,2,0,0,0,0,0,97,2,E01010728,7,1,1.0,0.0,-1,6,20,1,1,1,17:00,6,2,97
2023211361917,2023,211361917,2,1,1,1,40,7,2,0,0,0,0,0,3,-1,-1,7,1,1.0,0.0,-1,6,30,1,1,1,17:00,3,2,3
2023010462708,2023,010462708,3,1,1,2,23,5,3,0,0,0,0,0,9,3,E01016045,-1,0,0.0,1.0,-1,3,30,9,4,1,21:30,1,3,9
2023061269094,2023,061269094,2,2,2,1,27,6,3,0,0,1,0,0,9,-1,-1,3,1,0.0,1.0,-1,6,30,1,1,1,12:07,6,3,9
2023320446759,2023,320446759,1,1,2,2,63,9,3,0,0,1,0,0,9,4,E01026183,-1,0,0.08789,0.91211,-1,6,60,1,1,2,16:25,4,1,9
2023340NN2592,2023,340NN2592,3,2,1,1,53,8,3,0,0,0,0,0,9,3,E01027340,-1,0,0.01944,0.98056,-1,6,30,1,1,1,13:12,7,3,9
2023361263999,2023,361263999,2,3,1,1,41,7,1,0,0,0,0,0,9,3,E01026246,1,1,0.0,0.0,-1,6,60,1,6,2,19:40,1,3,9
2023440274432,2023,440274432,1,1,1,2,22,5,3,0,0,0,0,0,9,10,E01022662,-1,0,0.08097,0.91903,-1,6,30,2,1,2,18:13,7,1,9
2023501378636,2023,501378636,1,2,2,2,16,4,3,0,0,2,0,0,9,6,E01014764,3,1,0.0,1.0,-1,6,60,1,6,1,22:22,5,1,9
2023010453691,2023,010453691,2,1,1,1,48,8,3,0,0,0,0,0,4,4,E01002101,-1,0,0.0,1.0,-1,6,20,1,1,1,07:00,6,2,4
2023302301405,2023,302301405,2,1,1,1,57,9,2,0,0,0,0,0,5,10,E01033169,-1,0,1.0,0.0,-1,6,30,1,1,1,11:00,6,2,5
2023010436075,2023,010436075,1,1,3,2,30,6,2,8,5,0,0,0,0,1,E01033584,-1,0,1.0,0.0,-1,3,30,2,4,2,21:40,4,1,9
2023131342021,2023,131342021,1,1,3,2,77,11,2,10,8,0,0,2,0,10,E01010768,7,1,1.0,0.0,-1,9,20,1,1,1,09:56,3,1,9
2023161371583,2023,161371583,2,1,1,1,22,5,3,0,0,0,0,0,1,-1,-1,3,1,0.0,1.0,-1,6,30,1,1,1,08:00,3,2,1
2023201377151,2023,201377151,2,1,1,1,64,9,2,0,0,0,0,0,1,2,E01009751,7,1,1.0,0.0,-1,6,30,1,1,2,08:25,6,2,1
2023010473885,2023,010473885,1,1,1,1,32,6,3,0,0,0,0,0,3,3,E01001154,-1,0,0.0,1.0,-1,6,20,1,1,1,18:40,1,2,3
2023332300624,2023,332300624,1,1,1,1,55,8,3,0,0,0,0,0,3,10,E01025813,-1,0,0.03416,0.96584,-1,6,30,2,1,2,18:24,6,2,3
2023201379731,2023,201379731,1,4,2,1,-1,-1,3,0,0,2,0,0,9,2,E01010311,3,1,0.0,1.0,-1,6,30,1,1,2,08:17,1,2,9
2023201387349,2023,201387349,2,2,2,2,-1,-1,3,0,0,2,0,0,9,-1,-1,3,1,0.0,1.0,-1,6,30,1,5,1,09:00,1,2,9
2023991431572,2023,991431572,2,1,1,2,18,4,3,0,0,0,0,0,9,-1,-1,3,1,0.0,1.0,-1,6,40,2,6,2,21:20,4,2,9
2023010431714,2023,010431714,1,1,1,2,47,8,3,0,0,0,0,0,9,8,E01021784,-1,0,0.0,1.0,-1,3,30,2,4,2,22:35,7,3,9
2023991339171,2023,991339171,2,1,1,2,25,5,3,0,0,0,0,0,9,8,-1,3,1,0.0,1.0,-1,6,30,1,1,1,14:12,6,2,9
2023052300522,2023,052300522,1,3,2,1,18,4,3,0,0,2,0,0,9,1,E01007123,-1,0,0.07272,0.92728,-1,9,70,1,1,1,14:05,7,1,9
2023161363827,2023,161363827,1,1,1,2,42,7,3,0,0,0,0,0,9,2,E01026095,3,1,0.0,1.0,-1,3,30,1,1,1,13:50,7,3,9
2023221277117,2023,221277117,2,1,1,2,61,9,3,0,0,0,0,0,9,6,E01032374,3,1,0.0,1.0,-1,6,60,1,1,1,12:45,2,2,9
2023520000675,2023,520000675,1,2,2,2,45,7,3,0,0,1,0,0,9,6,E01014471,-1,0,0.04375,0.95625,-1,6,30,1,1,1,16:57,6,1,9
2023041261297,2023,041261297,2,1,1,1,52,8,3,0,0,0,0,0,1,6,E01025568,3,1,0.0,1.0,-1,6,30,1,4,1,18:20,2,2,1
2023411358599,2023,411358599,2,1,1,1,35,6,3,0,0,0,0,0,3,4,E01023403,3,1,0.0,1.0,-1,6,30,1,1,1,12:30,4,2,3
2023131307917,2023,131307917,1,3,3,1,10,2,3,6,9,0,0,2,0,1,E01011792,3,1,0.0,1.0,-1,6,30,1,1,1,15:35,2,2,9
2023201313693,2023,201313693,1,1,3,1,39,7,3,5,1,0,0,2,0,2,E01009455,3,1,0.0,1.0,-1,6,30,1,1,1,15:20,4,1,9
2023201312766,2023,201312766,1,1,1,1,55,8,3,0,0,0,0,0,8,1,E01009051,3,1,0.0,1.0,-1,3,30,1,4,2,23:52,6,2,8
2023320636000,2023,320636000,2,1,1,2,24,5,2,0,0,0,0,0,9,6,E01026580,-1,0,1.0,0.0,-1,6,30,1,1,1,16:15,5,2,9
2023010441255,2023,010441255,1,1,3,2,5,1,3,4,1,0,0,0,0,2,E01004014,-1,0,0.0,1.0,-1,6,30,9,1,1,08:50,6,1,11
2023552300359,2023,552300359,1,1,3,1,33,6,3,9,7,0,0,0,0,8,E01020514,-1,0,0.16036,0.83964,-1,6,30,1,4,1,05:26,1,1,9
2023201440697,2023,201440697,2,1,1,1,53,8,2,0,0,0,0,0,1,2,E01008889,7,1,1.0,0.0,-1,1,30,1,4,2,17:30,5,2,1
2023461276481,2023,461276481,2,1,1,1,70,10,2,0,0,0,0,0,1,4,E01024620,5,1,1.0,0.0,-1,1,30,1,1,1,14:23,4,2,1
2023430201721,2023,430201721,2,1,1,1,39,7,3,0,0,0,0,0,9,8,E01033506,-1,0,0.01068,0.98932,-1,6,30,1,1,2,15:06,3,2,9
2023010451333,2023,010451333,1,2,2,2,-1,-1,3,0,0,0,9,0,11,-1,-1,-1,0,0.0,1.0,-1,1,30,1,1,1,15:15,2,1,11
2023010422784,2023,010422784,1,1,3,2,73,10,2,8,1,0,0,0,0,4,E01001194,-1,0,1.0,0.0,-1,6,30,1,4,1,17:55,7,1,2
2023991279845,2023,991279845,1,1,3,2,13,3,3,1,1,0,0,2,0,-1,-1,3,1,0.0,1.0,-1,6,30,1,1,1,16:15,5,1,9
2023421349895,2023,421349895,1,1,3,1,25,5,3,5,9,0,0,0,0,3,E01024481,3,1,0.0,1.0,-1,6,30,1,1,1,13:10,3,1,9
2023041262570,2023,041262570,1,2,2,2,82,11,3,0,0,1,0,0,9,3,E01025391,3,1,0.0,1.0,-1,3,70,2,1,2,11:30,5,2,9
2023041274887,2023,041274887,1,1,2,2,78,11,2,0,0,1,0,0,9,7,E01006225,5,1,1.0,0.0,-1,6,40,1,1,1,11:55,6,2,9
2023061364463,2023,061364463,1,1,1,1,21,5,2,0,0,0,0,0,9,2,E01005199,7,1,1.0,0.0,-1,3,30,5,4,2,00:09,5,1,9
2023221304014,2023,221304014,2,1,1,2,35,6,3,0,0,0,0,0,9,5,E01022312,3,1,0.0,1.0,-1,3,70,1,6,1,21:00,6,3,9
2023101336081,2023,101336081,1,1,1,1,14,3,2,0,0,0,0,0,23,4,E01008532,5,1,1.0,0.0,-1,7,70,1,4,2,21:41,1,1,23
2023531320519,2023,531320519,1,1,1,1,20,4,2,0,0,0,0,0,97,8,E01032938,7,1,1.0,0.0,-1,6,40,1,4,1,22:55,2,1,97
2023010430742,2023,010430742,2,1,1,1,42,7,3,0,0,0,0,0,1,4,E01000155,-1,0,0.0,1.0,-1,1,30,2,4,2,18:30,2,2,1
2023010455255,2023,010455255,1,1,1,1,33,6,3,0,0,0,0,0,1,3,E01004563,-1,0,0.0,1.0,-1,6,20,1,1,1,16:50,5,2,1
2023401354804,2023,401354804,2,1,1,1,9,2,3,0,0,0,0,0,1,7,E01017420,3,1,0.0,1.0,-1,6,40,1,1,1,15:40,2,2,1
2023170S12403,2023,170S12403,1,1,3,2,77,11,3,5,1,0,0,0,0,2,E01012249,-1,0,0.16847,0.83153,-1,6,30,1,1,1,10:10,1,1,9
2023201297464,2023,201297464,1,1,3,1,7,2,3,5,3,0,0,0,0,1,E01009585,3,1,0.0,1.0,-1,6,30,1,1,1,17:00,6,1,9
2023991369650,2023,991369650,1,2,3,2,7,2,2,1,1,0,0,0,0,7,-1,7,1,1.0,0.0,-1,6,20,1,1,1,09:00,2,1,9
2023010423116,2023,010423116,1,1,3,2,3,1,3,6,9,0,0,0,0,8,E01002382,-1,0,0.0,1.0,-1,6,30,1,1,1,15:30,2,1,9
2023010485649,2023,010485649,2,1,1,1,20,4,3,0,0,0,0,0,1,3,E01004317,-1,0,0.0,1.0,-1,6,20,1,5,1,19:00,6,2,1
2023361330326,2023,361330326,1,1,1,1,18,4,3,0,0,0,0,0,3,5,E01026726,3,1,0.0,1.0,-1,6,30,1,1,1,18:53,2,2,3
2023010456401,2023,010456401,1,1,1,1,37,7,3,0,0,0,0,0,8,4,E01000323,-1,0,0.0,1.0,-1,6,20,1,1,1,18:58,5,2,8
2023302300558,2023,302300558,1,2,3,2,64,9,2,10,9,0,0,0,0,8,E01019806,-1,0,1.0,0.0,-1,6,30,1,1,1,10:40,2,1,9
2023311378194,2023,311378194,2,1,1,1,44,7,3,0,0,0,0,0,1,-1,-1,3,1,0.0,1.0,-1,6,30,2,4,2,15:22,5,2,1
2023010469405,2023,010469405,1,1,1,1,42,7,3,0,0,0,0,0,3,3,E01004313,-1,0,0.0,1.0,-1,6,20,1,1,1,21:00,7,2,3
2023430142580,2023,430142580,1,1,1,1,34,6,3,0,0,0,0,0,5,4,E01017850,-1,0,0.0436,0.9564,-1,6,30,5,1,5,08:25,6,2,5
2023461377109,2023,461377109,1,1,3,2,14,3,3,2,1,0,0,0,0,-1,-1,3,1,0.0,1.0,-1,6,30,2,1,2,10:30,3,1,9
2023440444766,2023,440444766,1,1,1,1,40,7,3,0,0,0,0,0,19,3,E01029041,-1,0,0.10827,0.89173,-1,3,70,1,1,2,07:51,3,5,19
2023501353473,2023,501353473,1,1,3,2,11,3,3,7,3,0,0,0,0,3,E01015193,3,1,0.0,1.0,-1,6,30,1,1,2,07:46,2,1,9
2023991359182,2023,991359182,1,2,1,1,66,10,3,0,0,0,0,0,1,-1,-1,3,1,0.0,1.0,-1,6,30,1,1,1,12:00,2,2,1
2023052301764,2023,052301764,1,2,2,2,77,11,3,0,0,1,0,0,9,1,E01006919,-1,0,0.10582,0.89418,-1,6,30,1,1,1,13:45,3,3,9