collision_index,collision_year,collision_ref_no,vehicle_reference,casualty_reference,casualty_class,sex_of_casualty,age_of_casualty,age_band_of_casualty,casualty_severity,pedestrian_location,pedestrian_movement,car_passenger,bus_or_coach_passenger,pedestrian_road_maintenance_worker,casualty_type,casualty_imd_decile,lsoa_of_casualty,enhanced_casualty_severity,casualty_injury_based,casualty_adjusted_severity_serious,casualty_adjusted_severity_slight,casualty_distance_banding,road_type,speed_limit,weather_conditions,light_conditions,road_surface_conditions,time,day_of_week,number_of_vehicles,vehicle_type
2023161337997,2023,161337997,1,1,1,2,26,6,3,0,0,0,0,0,9,10,E01013223,3,1,0.0,1.0,-1,1,50,1,1,1,18:10,5,2,9
2023320599010,2023,320599010,1,1,2,2,50,8,3,0,0,1,0,0,9,8,E01026258,-1,0,0.08071,0.91929,-1,6,40,1,1,1,16:30,3,3,9
202360A120918,2023,60A120918,2,1,1,2,37,7,2,0,0,0,0,0,9,-1,-1,-1,0,1.0,0.0,-1,6,30,1,1,1,15:02,2,2,9
2023332301085,2023,332301085,2,1,1,1,21,5,3,0,0,0,0,0,1,3,E01013697,-1,0,0.03471,0.96529,-1,6,30,1,1,1,13:30,4,2,1
2023552301048,2023,552301048,2,1,1,1,33,6,3,0,0,0,0,0,1,3,E01020556,-1,0,0.0631,0.9369,-1,6,30,1,1,1,16:20,6,2,1
2023440349571,2023,440349571,2,1,1,1,26,6,3,0,0,0,0,0,3,1,E01022843,-1,0,0.1451,0.8549,-1,3,30,1,1,1,13:07,3,2,3
2023440214323,2023,440214323,2,1,1,1,35,6,2,0,0,0,0,0,9,7,E01016209,-1,0,1.0,0.0,-1,6,40,1,1,1,17:52,3,2,9
2023520301795,2023,520301795,2,1,1,2,28,6,3,0,0,0,0,0,9,5,E01029208,-1,0,0.02615,0.97385,-1,6,40,1,1,1,09:45,4,2,9
2023052301018,2023,052301018,1,2,2,1,26,6,2,0,0,0,0,0,19,1,E01007016,-1,0,1.0,0.0,-1,1,50,1,4,1,01:44,7,1,19
2023161348879,2023,161348879,2,1,1,1,-1,-1,3,0,0,0,0,0,1,-1,-1,3,1,0.0,1.0,-1,6,30,2,1,2,08:45,6,2,1
2023610037223,2023,610037223,1,1,1,1,61,9,2,0,0,0,0,0,5,2,W01001692,-1,0,1.0,0.0,-1,1,40,1,1,1,07:25,6,2,5
2023122300195,2023,122300195,2,2,1,2,28,6,3,0,0,0,0,0,9,5,E01027813,-1,0,0.04653,0.95347,-1,9,60,4,1,1,15:03,4,2,9
2023501386208,2023,501386208,1,1,1,1,26,6,3,0,0,0,0,0,9,8,E01020201,3,1,0.0,1.0,-1,3,70,2,1,2,17:23,5,1,9
2023501302258,2023,501302258,1,1,3,2,19,4,3,5,1,0,0,0,0,2,E01025059,3,1,0.0,1.0,-1,6,30,1,1,1,18:30,6,1,9
2023010455279,2023,010455279,2,1,1,1,32,6,3,0,0,0,0,0,2,1,E01001196,-1,0,0.0,1.0,-1,3,30,1,1,1,07:50,7,2,2
2023471358116,2023,471358116,3,1,1,1,38,7,3,0,0,0,0,0,5,9,E01031391,3,1,0.0,1.0,-1,3,70,1,4,1,22:46,7,3,5
2023421263101,2023,421263101,1,1,3,1,50,8,2,2,1,0,0,0,0,6,E01021353,5,1,1.0,0.0,-1,6,30,1,1,1,14:24,6,1,19
2023522301390,2023,522301390,2,1,3,1,60,9,3,9,5,0,0,0,0,5,E01014927,-1,0,0.11513,0.88487,-1,6,20,1,1,1,12:26,6,2,19
2023311370397,2023,311370397,2,1,1,2,18,4,3,0,0,0,0,0,-1,2,E01028334,3,1,0.0,1.0,-1,1,30,1,1,1,16:20,6,2,-1
2023010485896,2023,010485896,1,1,2,2,-1,-1,3,0,0,9,0,0,8,7,E01004297,-1,0,0.0,1.0,-1,9,30,1,4,1,01:30,1,1,8
2023041367409,2023,041367409,3,4,3,1,19,4,3,9,5,0,0,1,0,2,E01025381,3,1,0.0,1.0,-1,6,60,1,1,1,08:25,4,3,19
2023070662161,2023,070662161,2,1,1,1,11,3,2,0,0,0,0,0,1,1,E01012382,-1,0,1.0,0.0,-1,6,30,1,1,1,15:52,6,2,1
2023010442362,2023,010442362,1,1,1,1,30,6,3,0,0,0,0,0,3,2,E01004036,-1,0,0.0,1.0,-1,9,30,9,1,9,03:30,4,2,3
2023010451691,2023,010451691,1,1,1,1,22,5,2,0,0,0,0,0,4,5,E01003495,-1,0,1.0,0.0,-1,2,20,1,4,1,22:11,2,2,4
2023221292292,2023,221292292,1,1,1,1,18,4,2,0,0,0,0,0,4,5,E01009211,7,1,1.0,0.0,-1,6,40,1,1,1,08:00,2,2,4
2023631362825,2023,631362825,1,1,3,2,9,2,3,1,9,0,0,2,0,7,W01000459,3,1,0.0,1.0,-1,6,20,1,1,1,15:30,5,1,9
2023161285333,2023,161285333,2,1,1,1,59,9,3,0,0,0,0,0,9,7,E01013288,3,1,0.0,1.0,-1,1,60,3,1,3,06:45,6,2,9
2023311264924,2023,311264924,2,1,1,2,45,7,3,0,0,0,0,0,9,-1,-1,3,1,0.0,1.0,-1,2,30,8,1,4,08:47,4,2,9
2023461288454,2023,461288454,1,3,2,2,11,3,3,0,0,1,0,0,9,9,E01024416,3,1,0.0,1.0,-1,3,30,2,1,2,08:03,4,2,9
2023552300673,2023,552300673,3,3,2,2,49,8,3,0,0,1,0,0,9,8,E01015436,-1,0,0.04097,0.95903,-1,6,30,1,1,1,13:06,7,3,9
2023351286041,2023,351286041,1,1,3,1,29,6,3,5,2,0,0,0,0,1,E01015600,3,1,0.0,1.0,-1,6,30,1,1,1,06:56,7,1,9
2023010451384,2023,010451384,1,1,1,2,81,11,2,0,0,0,0,0,1,6,E01000924,-1,0,1.0,0.0,-1,6,20,1,1,1,19:20,4,2,1
2023451296803,2023,451296803,1,1,1,1,28,6,2,0,0,0,0,0,3,8,E01030611,7,1,1.0,0.0,-1,6,30,2,5,2,19:50,6,2,3
2023451385279,2023,451385279,1,1,3,2,75,10,2,8,1,0,0,0,0,10,E01030620,7,1,1.0,0.0,-1,6,20,2,1,2,11:30,7,1,9
2023440041787,2023,440041787,3,1,1,1,63,9,3,0,0,0,0,0,5,10,E01016571,-1,0,0.23713,0.76287,-1,6,50,1,1,1,14:17,3,3,5
2023461399109,2023,461399109,1,1,3,2,74,10,3,5,9,0,0,0,0,6,E01024079,3,1,0.0,1.0,-1,6,30,1,4,2,16:37,3,1,19
2023991262708,2023,991262708,1,1,3,1,63,9,3,5,1,0,0,0,0,2,-1,3,1,0.0,1.0,-1,6,30,1,1,1,11:45,1,1,9
2023141295359,2023,141295359,1,1,1,1,55,8,2,0,0,0,0,0,1,9,E01011117,7,1,1.0,0.0,-1,1,30,1,1,2,10:30,2,2,1
2023161334349,2023,161334349,2,1,1,1,15,3,3,0,0,0,0,0,1,-1,-1,3,1,0.0,1.0,-1,6,30,2,1,2,20:00,1,2,1
2023101266389,2023,101266389,1,1,3,2,58,9,2,5,1,0,0,0,0,3,E01033548,7,1,1.0,0.0,-1,6,20,1,4,1,01:17,7,1,9
2023010423828,2023,010423828,5,3,1,1,56,9,3,0,0,0,0,0,8,2,E01024135,-1,0,0.0,1.0,-1,3,20,1,1,1,12:21,6,6,8
2023010421170,2023,010421170,1,1,1,2,32,6,3,0,0,0,0,0,9,3,E01001240,-1,0,0.0,1.0,-1,6,20,1,4,1,17:15,5,2,9
2023010426023,2023,010426023,1,1,2,2,44,7,3,0,0,1,0,0,9,-1,-1,-1,0,0.0,1.0,-1,3,30,1,1,1,09:50,4,2,9
2023122300421,2023,122300421,2,2,2,2,60,9,3,0,0,1,0,0,9,1,E01033035,-1,0,0.03721,0.96279,-1,6,60,2,1,2,07:41,5,2,9
2023461279413,2023,461279413,1,1,1,2,83,11,3,0,0,0,0,0,9,10,E01024632,3,1,0.0,1.0,-1,6,30,1,1,1,16:19,5,1,9
2023991392418,2023,991392418,1,1,1,1,83,11,1,0,0,0,0,0,9,8,-1,1,1,0.0,0.0,-1,3,70,4,1,2,12:11,2,1,9
2023010422322,2023,010422322,1,1,1,1,35,6,3,0,0,0,0,0,9,1,E01004309,-1,0,0.0,1.0,-1,6,20,1,1,1,15:25,5,4,9
2023131339980,2023,131339980,2,2,1,1,19,4,2,0,0,0,0,0,9,1,E01011336,7,1,1.0,0.0,-1,6,20,1,1,1,13:25,4,2,9
2023141316582,2023,141316582,2,3,2,1,24,5,3,0,0,2,0,0,9,4,E01007699,3,1,0.0,1.0,-1,7,70,1,1,1,19:05,5,2,9
2023211332947,2023,211332947,2,4,2,1,34,6,3,0,0,1,0,0,9,4,E01029423,3,1,0.0,1.0,-1,6,30,1,1,1,15:08,1,2,9
2023461310793,2023,461310793,1,1,1,2,55,8,2,0,0,0,0,0,9,8,E01024026,6,1,1.0,0.0,-1,6,50,1,1,2,18:17,6,2,9
2023501266575,2023,501266575,2,1,1,2,40,7,3,0,0,0,0,0,9,5,E01015205,3,1,0.0,1.0,-1,6,60,1,1,1,14:50,7,2,9
2023131320381,2023,131320381,1,1,1,1,25,5,3,0,0,0,0,0,9,3,E01011341,3,1,0.0,1.0,-1,1,30,1,1,1,12:32,2,2,9
2023201383538,2023,201383538,2,1,1,2,34,6,3,0,0,0,0,0,9,4,E01009460,3,1,0.0,1.0,-1,6,30,1,1,1,18:50,1,3,9
2023430002192,2023,430002192,1,1,3,1,41,7,1,5,9,0,0,0,0,10,E01016628,-1,0,0.0,0.0,-1,6,40,1,4,1,20:42,2,1,9
2023010484257,2023,010484257,2,1,1,1,23,5,3,0,0,0,0,0,3,3,E01003374,-1,0,0.0,1.0,-1,6,20,1,4,2,15:45,6,2,3
2023010430916,2023,010430916,1,1,1,1,47,8,3,0,0,0,0,0,1,7,E01023683,-1,0,0.0,1.0,-1,6,20,1,1,1,17:10,3,1,1
2023122301409,2023,122301409,2,1,1,1,10,2,3,0,0,0,0,0,1,8,E01027568,-1,0,0.0276,0.9724,-1,6,30,1,1,1,14:50,4,2,1
2023131321324,2023,131321324,1,2,2,1,19,4,2,0,0,0,0,0,4,1,E01010617,6,1,1.0,0.0,-1,6,30,1,1,1,14:20,4,5,4
2023991262217,2023,991262217,1,1,3,1,77,11,2,5,1,0,0,2,0,-1,-1,7,1,1.0,0.0,-1,6,30,5,4,2,17:10,4,1,9
2023430357404,2023,430357404,2,2,1,1,54,8,2,0,0,0,0,0,9,1,E01017250,-1,0,1.0,0.0,-1,3,70,1,6,1,00:37,6,3,9
2023610044023,2023,610044023,1,1,1,1,63,9,3,0,0,1,0,0,9,4,W01001424,-1,0,0.12954,0.87046,-1,3,70,2,1,5,13:30,5,2,9
2023010422003,2023,010422003,1,1,1,1,37,7,3,0,0,0,0,0,1,6,E01002921,-1,0,0.0,1.0,-1,6,30,8,1,1,07:40,4,2,1
2023361304883,2023,361304883,1,1,1,1,38,7,2,0,0,0,0,0,5,5,E01029953,6,1,1.0,0.0,-1,6,30,1,1,1,16:30,1,2,5
2023231373801,2023,231373801,1,1,1,2,75,10,1,0,0,0,0,0,9,8,E01031245,1,1,0.0,0.0,-1,6,60,1,6,1,16:42,4,2,9
2023401338121,2023,401338121,2,4,2,1,-1,-1,3,0,0,1,0,0,9,-1,-1,3,1,0.0,1.0,-1,6,60,1,1,1,07:09,3,3,9
2023421269973,2023,421269973,2,3,1,1,24,5,3,0,0,0,0,0,9,-1,-1,3,1,0.0,1.0,-1,3,70,1,4,1,20:55,2,4,9
2023440453229,2023,440453229,2,2,1,2,44,7,3,0,0,0,0,0,9,10,E01030902,-1,0,0.07685,0.92315,-1,6,60,1,1,1,08:36,2,2,9
2023041321805,2023,041321805,2,1,1,1,62,9,3,0,0,0,0,0,98,10,E01025337,3,1,0.0,1.0,-1,6,30,1,1,1,10:45,5,2,98
2023991280674,2023,991280674,1,1,3,2,48,8,2,5,1,0,0,0,0,9,-1,5,1,1.0,0.0,-1,6,30,1,4,1,20:15,1,1,19
2023041282648,2023,041282648,2,2,1,1,30,6,3,0,0,0,0,0,9,4,E01025225,3,1,0.0,1.0,-1,3,70,1,1,1,08:43,6,2,9
2023520300597,2023,520300597,1,1,2,2,43,7,3,0,0,1,0,0,9,8,E01003460,-1,0,0.06626,0.93374,-1,6,60,1,6,4,19:49,2,1,9
2023340NN4612,2023,340NN4612,2,1,1,1,46,8,2,0,0,0,0,0,4,4,E01017493,-1,0,1.0,0.0,-1,6,30,1,1,1,14:19,4,2,4
2023010458611,2023,010458611,1,1,3,2,29,6,3,4,1,0,0,0,0,6,E01001159,-1,0,0.0,1.0,-1,3,30,1,1,1,09:00,4,1,9
2023061323649,2023,061323649,1,1,3,2,14,3,3,1,3,0,0,0,0,-1,-1,3,1,0.0,1.0,-1,6,30,1,1,1,15:12,5,1,9
2023622300499,2023,622300499,1,1,3,1,75,10,3,4,3,0,0,0,0,3,W01000714,-1,0,0.20236,0.79764,-1,6,30,1,4,1,21:37,7,1,8
2023141279434,2023,141279434,1,1,3,2,15,3,3,5,3,0,0,0,0,1,E01007466,3,1,0.0,1.0,-1,6,30,1,4,1,21:45,3,1,9
2023430403101,2023,430403101,1,1,3,1,59,9,2,5,3,0,0,0,0,7,E01016293,-1,0,1.0,0.0,-1,6,50,1,1,1,16:21,6,1,9
2023430364490,2023,430364490,1,1,1,1,17,4,3,0,0,0,0,0,3,6,E01027029,-1,0,0.13925,0.86075,-1,6,30,1,1,1,17:01,3,2,3
2023471314596,2023,471314596,1,1,2,2,46,8,2,0,0,0,0,0,5,4,E01031550,6,1,1.0,0.0,-1,6,30,1,1,1,18:08,7,2,5
2023010471812,2023,010471812,1,2,3,2,42,7,3,5,2,0,0,0,0,3,E01003606,-1,0,0.0,1.0,-1,6,30,2,4,2,20:30,6,1,3
2023010470940,2023,010470940,1,1,1,1,17,4,3,0,0,0,0,0,3,6,E01001254,-1,0,0.0,1.0,-1,2,20,1,1,1,13:28,2,2,3
2023131361660,2023,131361660,2,2,2,2,45,7,3,0,0,1,0,0,9,2,E01010799,3,1,0.0,1.0,-1,6,30,1,4,1,23:11,3,2,9
2023111364704,2023,111364704,2,1,1,1,29,6,3,0,0,0,0,0,9,-1,-1,3,1,0.0,1.0,-1,6,60,1,1,2,09:08,5,2,9
2023201405942,2023,201405942,1,1,1,2,31,6,3,0,0,0,0,0,9,2,E01009744,3,1,0.0,1.0,-1,6,30,1,1,1,15:17,3,2,9
2023010441086,2023,010441086,1,1,1,1,20,4,3,0,0,0,0,0,9,2,E01002077,-1,0,0.0,1.0,-1,6,30,1,1,1,19:04,5,2,9
2023010460934,2023,010460934,2,2,1,2,24,5,3,0,0,0,0,0,9,3,E01004645,-1,0,0.0,1.0,-1,6,20,1,1,1,17:49,4,2,9
2023131355784,2023,131355784,1,2,2,1,9,2,3,0,0,2,0,0,9,8,E01011279,3,1,0.0,1.0,-1,3,70,2,1,2,14:55,1,2,9
2023201389327,2023,201389327,2,4,2,1,40,7,3,0,0,2,0,0,9,1,E01009271,3,1,0.0,1.0,-1,1,70,1,1,1,12:24,1,2,9
2023201395961,2023,201395961,3,3,1,1,76,11,3,0,0,0,0,0,9,3,E01010496,3,1,0.0,1.0,-1,6,30,1,1,1,14:04,6,3,9
2023401299010,2023,401299010,2,1,1,2,67,10,3,0,0,0,0,0,9,9,E01017372,3,1,0.0,1.0,-1,3,70,1,1,1,10:54,2,2,9
2023451342505,2023,451342505,1,2,2,2,20,4,2,0,0,1,0,0,9,8,E01030732,7,1,1.0,0.0,-1,6,60,1,6,1,20:02,4,1,9
2023141291001,2023,141291001,1,1,1,2,30,6,3,0,0,0,0,0,9,9,E01007691,3,1,0.0,1.0,-1,6,40,1,1,1,09:00,2,2,9
2023201315447,2023,201315447,1,1,2,2,17,4,3,0,0,1,0,0,9,3,E01009049,3,1,0.0,1.0,-1,6,30,1,4,2,01:20,1,1,9
2023221377211,2023,221377211,2,2,1,2,46,8,2,0,0,0,0,0,9,8,E01028883,7,1,1.0,0.0,-1,6,60,1,1,1,09:41,5,2,9
2023302301279,2023,302301279,1,1,1,1,30,6,3,0,0,0,0,0,9,6,E01019763,-1,0,0.1668,0.8332,-1,6,60,1,6,1,02:44,6,1,9
2023332300332,2023,332300332,2,1,1,1,64,9,3,0,0,0,0,0,9,6,E01013609,-1,0,0.04458,0.95542,-1,6,30,2,1,2,16:39,3,3,9
2023131382754,2023,131382754,1,1,1,1,17,4,3,0,0,0,0,0,9,6,E01010592,3,1,0.0,1.0,-1,6,30,2,4,2,20:51,2,2,9
2023302301628,2023,302301628,1,1,1,2,58,9,3,0,0,0,0,0,9,8,E01019517,-1,0,0.01436,0.98564,-1,6,30,1,1,2,16:00,5,2,9
2023421360537,2023,421360537,2,2,2,1,5,1,3,0,0,2,0,0,9,8,E01022068,3,1,0.0,1.0,-1,6,60,1,1,1,13:00,7,4,9
2023531311991,2023,531311991,1,1,1,1,42,7,3,0,0,0,0,0,9,10,E01022193,3,1,0.0,1.0,-1,6,30,1,4,1,00:45,7,3,9
2023010474634,2023,010474634,1,2,2,1,28,6,3,0,0,2,0,0,9,5,E01021854,-1,0,0.0,1.0,-1,6,30,2,4,2,03:50,1,2,9
2023061391867,2023,061391867,2,3,2,2,13,3,2,0,0,1,0,0,9,8,E01024937,5,1,1.0,0.0,-1,6,60,4,6,2,16:06,7,2,9
2023070952143,2023,070952143,1,1,1,1,25,5,2,0,0,0,0,0,9,-1,-1,-1,0,1.0,0.0,-1,3,70,2,1,2,12:10,1,1,9
2023201281679,2023,201281679,2,1,1,1,26,6,3,0,0,0,0,0,9,9,E01010328,3,1,0.0,1.0,-1,6,30,1,1,1,16:08,2,2,9
2023201404966,2023,201404966,2,1,1,1,63,9,3,0,0,0,0,0,9,-1,-1,3,1,0.0,1.0,-1,6,30,1,4,2,20:29,6,2,9
2023351402897,2023,351402897,1,3,1,1,63,9,2,0,0,0,0,0,9,8,E01018194,7,1,1.0,0.0,-1,6,60,4,6,1,20:44,7,3,9
2023451333089,2023,451333089,1,1,1,1,65,9,3,0,0,0,0,0,9,8,E01016567,3,1,0.0,1.0,-1,3,70,1,1,1,08:45,4,2,9
2023471347760,2023,471347760,2,1,1,1,65,9,3,0,0,0,0,0,9,5,E01031832,3,1,0.0,1.0,-1,6,30,1,6,1,04:20,6,2,9
2023991383907,2023,991383907,2,1,1,2,26,6,2,0,0,0,0,0,9,-1,-1,7,1,1.0,0.0,-1,6,30,8,1,4,08:20,4,2,9
2023520400615,2023,520400615,1,1,1,1,33,6,3,0,0,0,0,0,9,2,E01032118,-1,0,0.04536,0.95464,-1,6,60,1,1,1,08:03,7,2,9
202354B718923,2023,54B718923,2,1,1,2,38,7,3,0,0,0,0,0,9,9,E01031847,-1,0,0.00628,0.99372,-1,6,30,9,1,1,18:32,1,2,9
2023010473380,2023,010473380,2,1,1,1,36,7,3,0,0,0,0,0,9,1,E01002036,-1,0,0.0,1.0,-1,6,20,1,1,2,07:50,1,2,9
2023430118785,2023,430118785,1,1,1,2,57,9,3,0,0,0,0,0,9,10,E01022546,-1,0,0.00855,0.99145,-1,1,30,1,1,1,08:10,3,2,9
2023501285911,2023,501285911,2,3,2,2,67,10,3,0,0,1,0,0,9,4,E01020100,3,1,0.0,1.0,-1,6,60,2,1,2,16:35,1,3,9
2023411339341,2023,411339341,1,1,1,1,83,11,2,0,0,0,0,0,19,7,E01018247,5,1,1.0,0.0,-1,6,60,1,1,1,15:45,5,2,19
2023010455346,2023,010455346,1,1,1,1,76,11,3,0,0,0,0,0,9,3,E01003719,-1,0,0.0,1.0,-1,3,30,1,1,1,15:07,5,2,9
2023430468240,2023,430468240,2,1,1,1,48,8,3,0,0,0,0,0,19,4,E01022552,-1,0,0.02348,0.97652,-1,3,70,1,1,1,07:30,4,2,19
2023061355075,2023,061355075,2,2,1,2,37,7,2,0,0,0,0,0,9,9,E01005577,7,1,1.0,0.0,-1,6,30,1,1,2,07:45,4,2,9
2023401379858,2023,401379858,1,2,2,1,-1,-1,3,0,0,-1,0,0,9,4,E01015793,3,1,0.0,1.0,-1,6,30,1,1,1,14:37,5,5,9
2023501279476,2023,501279476,1,2,2,2,0,1,3,0,0,2,0,0,9,4,E01019064,3,1,0.0,1.0,-1,6,60,2,1,2,16:16,4,1,9
2023010419867,2023,010419867,1,1,1,1,31,6,3,0,0,0,0,0,9,4,E01003704,-1,0,0.0,1.0,-1,3,50,8,1,1,09:15,5,2,9
2023052300397,2023,052300397,2,3,2,2,31,6,3,0,0,1,0,0,9,2,E01006855,-1,0,0.021,0.979,-1,6,40,1,4,1,20:20,6,2,9
2023302300945,2023,302300945,1,1,1,2,30,6,3,0,0,0,0,0,9,4,E01013964,-1,0,0.10198,0.89802,-1,3,50,2,4,2,22:10,4,1,9
2023421281994,2023,421281994,2,1,1,1,17,4,3,0,0,0,0,0,9,1,E01021325,3,1,0.0,1.0,-1,6,40,1,4,1,18:20,4,2,9
2023231304000,2023,231304000,1,1,1,1,17,4,3,0,0,0,0,0,-1,9,E01031315,3,1,0.0,1.0,-1,6,30,1,1,1,16:11,2,2,-1
2023471343678,2023,471343678,2,1,1,1,19,4,2,0,0,0,0,0,5,10,E01031684,7,1,1.0,0.0,-1,6,60,1,1,1,14:50,1,2,5
2023010432013,2023,010432013,1,1,3,1,55,8,3,5,3,0,0,0,0,2,E01003024,-1,0,0.0,1.0,-1,7,20,2,6,2,19:20,7,1,19
2023010421160,2023,010421160,1,1,1,1,32,6,3,0,0,0,0,0,3,3,E01000535,-1,0,0.0,1.0,-1,9,20,9,4,9,17:01,5,2,3
2023520301388,2023,520301388,2,1,1,1,20,4,3,0,0,0,0,0,3,1,E01029293,-1,0,0.0802,0.9198,-1,6,30,9,1,1,09:00,5,2,3
2023010451665,2023,010451665,1,1,1,1,39,7,2,0,0,0,0,0,1,3,E01004656,-1,0,1.0,0.0,-1,2,20,1,1,1,08:51,2,2,1
2023131326387,2023,131326387,1,1,1,1,43,7,2,0,0,0,0,0,5,4,E01011529,7,1,1.0,0.0,-1,6,30,1,1,1,18:55,3,2,5
2023221297726,2023,221297726,2,2,1,1,75,10,2,0,0,0,0,0,9,5,E01032280,6,1,1.0,0.0,-1,6,30,2,1,2,18:37,2,2,9
2023430078571,2023,430078571,2,2,1,1,30,6,3,0,0,0,0,0,19,7,E01033500,-1,0,0.0478,0.9522,-1,6,60,1,1,2,14:11,2,2,19
2023010456145,2023,010456145,1,1,3,2,37,7,3,6,9,0,0,0,0,9,E01001102,-1,0,0.0,1.0,-1,6,30,1,1,1,17:35,4,1,11
2023411293855,2023,411293855,1,1,3,2,27,6,3,6,9,0,0,0,0,6,E01023388,3,1,0.0,1.0,-1,6,30,1,1,1,17:15,2,1,9
2023531391559,2023,531391559,1,1,3,1,18,4,3,8,5,0,0,0,0,-1,-1,3,1,0.0,1.0,-1,6,30,4,4,2,22:15,6,1,9
2023041259721,2023,041259721,2,1,1,1,39,7,2,0,0,0,0,0,9,10,E01025327,7,1,1.0,0.0,-1,6,20,2,5,2,17:15,4,2,9
2023010465580,2023,010465580,2,1,2,2,-1,-1,3,0,0,1,0,0,9,3,E01032764,-1,0,0.0,1.0,-1,3,50,9,1,1,12:20,3,2,9
2023052301361,2023,052301361,1,1,1,2,44,7,3,0,0,0,0,0,9,1,E01007005,-1,0,0.08612,0.91388,-1,6,40,1,1,1,18:32,7,3,9
2023461391398,2023,461391398,2,1,2,2,52,8,3,0,0,1,0,0,9,3,E01024280,3,1,0.0,1.0,-1,6,30,1,1,1,13:24,1,2,9
2023461377974,2023,461377974,2,1,1,1,12,3,3,0,0,0,0,0,1,8,E01016099,3,1,0.0,1.0,-1,6,30,1,1,1,17:03,7,2,1
2023010445491,2023,010445491,1,1,1,1,17,4,3,0,0,0,0,0,3,5,E01003144,-1,0,0.0,1.0,-1,6,20,1,1,1,18:15,6,2,3
2023131349523,2023,131349523,1,1,1,1,21,5,3,0,0,0,0,0,9,9,E01011456,3,1,0.0,1.0,-1,3,30,1,1,1,08:17,4,2,9
2023991384576,2023,991384576,2,1,2,1,40,7,3,0,0,1,0,0,9,7,-1,3,1,0.0,1.0,-1,6,30,8,1,2,09:35,7,3,9
202360A158385,2023,60A158385,2,3,1,2,69,10,3,0,0,0,0,0,9,-1,-1,-1,0,0.21329,0.78671,-1,6,60,1,6,2,22:41,1,3,9
2023010469679,2023,010469679,1,1,3,2,29,6,2,6,9,0,0,0,0,6,E01002933,-1,0,1.0,0.0,-1,9,30,1,1,1,08:50,3,1,9
2023010456370,2023,010456370,1,1,1,1,24,5,2,0,0,0,0,0,3,7,E01003800,-1,0,1.0,0.0,-1,6,20,1,1,1,17:48,5,2,3
2023010426380,2023,010426380,1,1,1,1,59,9,3,0,0,0,0,0,9,2,E01004284,-1,0,0.0,1.0,-1,9,20,1,1,1,13:05,5,2,9
2023451381069,2023,451381069,2,2,1,1,37,7,2,0,0,0,0,0,9,7,E01030993,7,1,1.0,0.0,-1,6,40,1,6,1,17:55,4,2,9
2023010440136,2023,010440136,1,1,1,2,23,5,3,0,0,0,0,0,9,3,E01024309,-1,0,0.0,1.0,-1,6,30,1,1,1,06:57,7,2,9
2023461272970,2023,461272970,1,2,2,1,18,4,3,0,0,1,0,0,9,1,E01020979,3,1,0.0,1.0,-1,6,40,1,1,1,21:15,6,1,9
2023471375812,2023,471375812,2,1,1,1,37,7,3,0,0,0,0,0,19,2,E01010101,3,1,0.0,1.0,-1,3,70,1,1,2,09:19,6,2,19
2023052302403,2023,052302403,1,1,1,1,39,7,3,0,0,0,0,0,-1,1,E01006812,-1,0,0.14991,0.85009,-1,6,30,1,1,1,11:38,2,1,-1
2023440171247,2023,440171247,2,1,1,1,33,6,3,0,0,0,0,0,-1,1,E01017205,-1,0,0.09616,0.90384,-1,6,30,1,1,1,06:15,3,2,-1
2023010497715,2023,010497715,1,1,1,1,40,7,3,0,0,0,0,0,9,7,E01024157,-1,0,0.0,1.0,-1,3,50,1,4,1,21:40,7,2,9
2023041332372,2023,041332372,3,4,2,2,21,5,3,0,0,1,0,0,9,5,E01011215,3,1,0.0,1.0,-1,3,70,2,1,2,12:11,7,3,9
2023320707053,2023,320707053,2,1,1,2,44,7,3,0,0,0,0,0,9,3,E01026017,-1,0,0.0194,0.9806,-1,1,30,1,1,1,09:45,4,2,9
2023471350909,2023,471350909,2,1,2,2,40,7,3,0,0,0,4,0,11,9,E01031625,3,1,0.0,1.0,-1,3,20,1,1,1,16:20,7,2,11
2023010462975,2023,010462975,1,1,1,1,22,5,3,0,0,0,0,0,3,5,E01001278,-1,0,0.0,1.0,-1,1,40,1,7,1,22:30,1,2,3
2023010466102,2023,010466102,1,1,1,1,39,7,2,0,0,0,0,0,1,5,E01002591,-1,0,1.0,0.0,-1,1,30,8,1,1,17:35,4,2,1
2023471368637,2023,471368637,1,1,1,1,32,6,2,0,0,0,0,0,1,-1,-1,7,1,1.0,0.0,-1,6,30,1,1,1,14:45,2,1,1
2023010436805,2023,010436805,1,1,1,1,18,4,3,0,0,0,0,0,97,4,E01001183,-1,0,0.0,1.0,-1,6,20,8,4,1,18:56,3,2,97
2023010456660,2023,010456660,1,1,3,2,68,10,3,2,1,0,0,0,0,6,E01000160,-1,0,0.0,1.0,-1,9,30,9,1,9,13:50,7,1,8
2023041317415,2023,041317415,1,1,1,1,57,9,3,0,0,0,0,0,9,3,E01025210,3,1,0.0,1.0,-1,6,40,1,4,1,21:40,1,3,9
2023221326697,2023,221326697,1,1,1,2,38,7,3,0,0,0,0,0,9,9,E01028855,3,1,0.0,1.0,-1,6,30,1,1,1,17:08,5,2,9
2023221349943,2023,221349943,1,1,1,2,39,7,3,0,0,0,0,0,9,4,E01014284,3,1,0.0,1.0,-1,6,60,1,1,1,11:56,2,2,9
2023010438669,2023,010438669,1,1,1,1,37,7,3,0,0,0,0,0,1,-1,-1,-1,0,0.0,1.0,-1,6,20,1,1,1,17:25,6,2,1