collision_index,collision_year,collision_ref_no,vehicle_reference,casualty_reference,casualty_class,sex_of_casualty,age_of_casualty,age_band_of_casualty,casualty_severity,pedestrian_location,pedestrian_movement,car_passenger,bus_or_coach_passenger,pedestrian_road_maintenance_worker,casualty_type,casualty_imd_decile,lsoa_of_casualty,enhanced_casualty_severity,casualty_injury_based,casualty_adjusted_severity_serious,casualty_adjusted_severity_slight,casualty_distance_banding,road_type,speed_limit,weather_conditions,light_conditions,road_surface_conditions,time,day_of_week,number_of_vehicles,vehicle_type
2023430238225,2023,430238225,2,1,1,1,37,7,3,0,0,0,0,0,9,2,E01017531,-1,0,0.0052,0.9948,-1,6,60,1,1,1,17:20,3,2,9
2023451319421,2023,451319421,1,1,1,2,28,6,3,0,0,0,0,0,9,6,E01030674,3,1,0.0,1.0,-1,6,30,1,1,1,08:50,6,2,9
2023161313316,2023,161313316,1,1,1,2,13,3,2,0,0,0,0,0,1,1,E01013296,7,1,1.0,0.0,-1,6,20,1,1,1,12:00,3,2,1
2023411283967,2023,411283967,2,1,1,1,42,7,3,0,0,0,0,0,1,6,E01023606,3,1,0.0,1.0,-1,6,30,2,1,2,17:03,4,2,1
2023471380857,2023,471380857,2,1,1,1,49,8,3,0,0,0,0,0,1,5,E01021116,3,1,0.0,1.0,-1,6,30,2,1,2,11:00,2,2,1
2023101351616,2023,101351616,2,2,2,2,15,3,3,0,0,2,0,0,9,-1,-1,3,1,0.0,1.0,-1,6,30,1,1,1,10:55,7,2,9
2023201463222,2023,201463222,1,1,1,1,21,5,3,0,0,0,0,0,9,-1,-1,3,1,0.0,1.0,-1,6,30,2,4,2,06:49,2,2,9
2023430371422,2023,430371422,1,1,1,1,41,7,3,0,0,0,0,0,9,9,E01017767,-1,0,0.02269,0.97731,-1,6,60,8,1,1,09:15,7,2,9
2023061345685,2023,061345685,1,1,2,2,23,5,3,0,0,1,0,0,9,1,E01005429,3,1,0.0,1.0,-1,3,30,1,1,1,11:47,6,2,9
2023451313824,2023,451313824,1,3,2,2,54,8,3,0,0,1,0,0,9,4,E01016357,3,1,0.0,1.0,-1,6,30,1,1,1,10:25,5,2,9
2023501264615,2023,501264615,2,5,1,1,57,9,3,0,0,0,0,0,9,4,E01018951,3,1,0.0,1.0,-1,6,60,1,6,2,17:20,3,3,9
2023052301396,2023,052301396,1,1,1,2,56,9,2,0,0,0,0,0,1,7,E01007246,-1,0,1.0,0.0,-1,6,30,1,1,1,14:29,3,1,1
2023631327483,2023,631327483,2,1,1,1,14,3,3,0,0,0,0,0,1,7,W01000564,3,1,0.0,1.0,-1,6,30,1,1,1,16:50,6,2,1
2023461345441,2023,461345441,1,1,1,1,37,7,2,0,0,0,0,0,9,6,E01024152,5,1,1.0,0.0,-1,1,30,1,1,1,13:27,2,1,9
2023501359894,2023,501359894,2,1,1,2,18,4,3,0,0,0,0,0,9,4,E01015265,3,1,0.0,1.0,-1,3,70,1,1,1,17:50,4,6,9
2023010472313,2023,010472313,1,1,3,1,-1,-1,3,6,9,0,0,0,0,-1,-1,-1,0,0.0,1.0,-1,6,20,1,1,1,12:03,5,1,8
2023201337450,2023,201337450,1,1,1,1,45,7,3,0,0,0,0,0,9,-1,-1,3,1,0.0,1.0,-1,1,40,2,1,2,14:45,7,2,9
2023471329788,2023,471329788,3,3,2,2,38,7,3,0,0,1,0,0,9,8,E01031466,3,1,0.0,1.0,-1,3,40,4,1,1,14:31,7,3,9
2023991314186,2023,991314186,2,1,1,1,51,8,3,0,0,0,0,0,9,6,-1,3,1,0.0,1.0,-1,6,40,1,1,1,10:40,6,3,9
2023421325891,2023,421325891,2,1,1,2,10,2,3,0,0,0,0,0,-1,3,E01021821,3,1,0.0,1.0,-1,6,30,2,1,2,17:25,3,2,-1
2023010442289,2023,010442289,1,1,3,1,52,8,2,4,3,0,0,0,0,3,E01003587,-1,0,1.0,0.0,-1,6,20,8,4,2,22:09,4,1,2
2023122300556,2023,122300556,2,1,1,2,40,7,3,0,0,0,0,0,1,8,E01010858,-1,0,0.10349,0.89651,-1,6,60,1,1,1,10:54,3,2,1
2023041312441,2023,041312441,2,4,2,1,38,7,3,0,0,1,0,0,9,7,E01004775,3,1,0.0,1.0,-1,6,50,1,1,1,16:35,1,2,9
2023010456680,2023,010456680,1,1,2,2,53,8,3,0,0,2,0,0,9,1,E01004222,-1,0,0.0,1.0,-1,3,30,2,1,2,15:15,7,3,9
2023041360594,2023,041360594,2,2,2,2,36,7,2,0,0,1,0,0,9,1,E01025286,6,1,1.0,0.0,-1,3,30,1,1,1,17:42,7,2,9
2023540581223,2023,540581223,2,1,2,2,21,5,3,0,0,1,0,0,9,6,E01031989,-1,0,0.00735,0.99265,-1,6,30,1,1,1,18:27,3,2,9
2023131269070,2023,131269070,1,1,3,1,14,3,3,8,3,0,0,2,0,2,E01011251,3,1,0.0,1.0,-1,6,30,1,1,2,08:00,6,1,19
2023311278350,2023,311278350,1,1,3,2,37,7,3,5,3,0,0,2,0,9,E01028180,3,1,0.0,1.0,-1,6,30,9,1,1,17:45,6,1,9
2023070944203,2023,070944203,1,1,1,1,67,10,3,0,0,0,0,0,1,9,E01018628,-1,0,0.1396,0.8604,-1,1,30,1,1,1,07:51,6,2,1
2023440189802,2023,440189802,1,1,1,1,66,10,2,0,0,0,0,0,5,6,E01026205,-1,0,1.0,0.0,-1,3,70,1,1,1,18:40,1,1,5
2023201390733,2023,201390733,3,2,1,1,27,6,3,0,0,0,0,0,9,2,E01009028,3,1,0.0,1.0,-1,6,30,1,5,1,16:30,5,3,9
2023552300488,2023,552300488,1,1,3,2,85,11,2,5,1,0,0,0,0,-1,-1,-1,0,1.0,0.0,-1,6,30,1,1,1,12:58,1,1,5
2023401352027,2023,401352027,1,1,1,1,24,5,2,0,0,0,0,0,3,5,E01017152,7,1,1.0,0.0,-1,7,60,2,1,2,13:08,4,1,3
2023010482466,2023,010482466,1,1,1,1,44,7,3,0,0,0,0,0,9,7,E01002268,-1,0,0.0,1.0,-1,6,30,1,4,4,00:27,5,1,9
2023131357833,2023,131357833,1,1,1,1,26,6,2,0,0,0,0,0,9,2,E01010583,5,1,1.0,0.0,-1,6,30,1,4,1,20:26,6,1,9
2023170S42373,2023,170S42373,1,3,2,2,48,8,3,0,0,2,0,0,9,-1,-1,-1,0,0.01572,0.98428,-1,6,40,1,1,1,14:45,1,2,9
2023201432630,2023,201432630,2,2,1,2,30,6,2,0,0,0,0,0,9,8,E01009949,7,1,1.0,0.0,-1,6,50,1,1,1,16:39,4,2,9
2023401342214,2023,401342214,2,1,1,1,19,4,3,0,0,0,0,0,9,3,E01015724,3,1,0.0,1.0,-1,6,30,1,1,1,18:20,1,4,9
2023421280490,2023,421280490,2,1,2,2,74,10,3,0,0,1,0,0,9,3,E01015935,3,1,0.0,1.0,-1,6,50,1,4,1,19:14,7,2,9
2023552300469,2023,552300469,1,1,1,1,55,8,3,0,0,0,0,0,9,6,E01020476,-1,0,0.1158,0.8842,-1,6,40,1,1,1,19:32,4,2,9
2023010431222,2023,010431222,1,1,3,2,41,7,2,6,9,0,0,0,0,8,E01000261,-1,0,1.0,0.0,-1,6,20,2,1,2,11:40,5,1,11
2023010420455,2023,010420455,1,1,1,1,43,7,3,0,0,0,0,0,3,3,E01001111,-1,0,0.0,1.0,-1,6,30,9,1,9,09:28,7,2,3
2023421292243,2023,421292243,1,1,1,1,33,6,2,0,0,0,0,0,9,2,E01021292,7,1,1.0,0.0,-1,7,50,2,4,2,23:42,5,2,9
2023430280204,2023,430280204,1,1,2,2,54,8,3,0,0,1,0,0,9,10,E01016627,-1,0,0.01378,0.98622,-1,6,30,1,1,1,11:00,1,2,9
2023451360707,2023,451360707,2,1,1,1,38,7,3,0,0,0,0,0,9,10,E01016596,3,1,0.0,1.0,-1,6,40,1,1,1,11:35,1,2,9
2023520301403,2023,520301403,2,2,2,2,26,6,2,0,0,1,0,0,9,6,E01029161,-1,0,1.0,0.0,-1,6,60,1,1,1,19:00,5,2,9
2023340NN1822,2023,340NN1822,1,1,3,2,27,6,2,1,9,0,0,0,0,2,E01027349,-1,0,1.0,0.0,-1,6,30,1,1,1,13:24,7,1,9
2023010486725,2023,010486725,1,4,2,2,9,2,3,0,0,0,0,0,1,8,E01001919,-1,0,0.0,1.0,-1,6,20,2,4,2,00:18,7,2,1
2023010477185,2023,010477185,1,1,2,2,16,4,3,0,0,1,0,0,9,6,E01002919,-1,0,0.0,1.0,-1,1,20,8,4,2,15:30,6,2,9
2023061359584,2023,061359584,1,1,2,2,50,8,3,0,0,1,0,0,9,2,E01005351,3,1,0.0,1.0,-1,6,30,1,1,1,13:02,4,1,9
2023401350401,2023,401350401,4,2,2,2,60,9,3,0,0,1,0,0,9,7,E01000145,3,1,0.0,1.0,-1,3,70,1,1,1,15:42,2,4,9
2023991283818,2023,991283818,1,1,1,2,83,11,2,0,0,0,0,0,9,9,-1,7,1,1.0,0.0,-1,6,30,1,1,1,12:30,7,3,9
2023010438923,2023,010438923,1,1,3,2,55,8,3,10,9,0,0,0,0,8,E01030722,-1,0,0.0,1.0,-1,9,30,1,1,1,17:50,3,1,9
2023501366532,2023,501366532,2,1,1,1,57,9,3,0,0,0,0,0,1,3,E01019916,3,1,0.0,1.0,-1,6,30,1,1,2,09:00,1,2,1
2023061355013,2023,061355013,1,1,1,2,73,10,3,0,0,0,0,0,9,8,E01005837,3,1,0.0,1.0,-1,6,30,1,1,1,15:40,3,2,9
2023141322292,2023,141322292,2,1,1,2,58,9,3,0,0,0,0,0,9,-1,-1,3,1,0.0,1.0,-1,3,50,1,1,1,13:46,7,2,9
2023461273395,2023,461273395,1,3,2,1,17,4,3,0,0,2,0,0,9,8,E01016148,3,1,0.0,1.0,-1,6,60,1,6,1,18:25,2,1,9
2023991392398,2023,991392398,1,1,1,1,18,4,3,0,0,0,0,0,9,-1,-1,3,1,0.0,1.0,-1,6,60,1,6,4,11:17,3,1,9
2023010423199,2023,010423199,1,1,1,2,34,6,3,0,0,0,0,0,9,3,E01001468,-1,0,0.0,1.0,-1,1,30,9,1,1,13:00,1,2,9
2023010425004,2023,010425004,1,1,1,2,29,6,3,0,0,0,0,0,9,3,E01002130,-1,0,0.0,1.0,-1,6,30,1,4,2,19:05,5,2,9
2023122300993,2023,122300993,2,2,1,2,61,9,3,0,0,0,0,0,9,4,E01013353,-1,0,0.0442,0.9558,-1,6,30,1,1,1,10:15,5,2,9
2023320221699,2023,320221699,2,1,1,2,53,8,3,0,0,0,0,0,9,3,E01026311,-1,0,0.03467,0.96533,-1,6,30,1,1,1,12:03,5,2,9
2023991388774,2023,991388774,1,4,2,2,61,9,3,0,0,2,0,0,10,7,-1,3,1,0.0,1.0,-1,6,30,2,1,2,14:47,6,3,10
2023552301301,2023,552301301,2,1,1,1,55,8,3,0,0,0,0,0,1,2,E01015338,-1,0,0.10843,0.89157,-1,6,30,1,4,2,18:32,3,2,1
2023131278970,2023,131278970,2,4,2,1,4,1,3,0,0,2,0,0,9,4,E01011875,3,1,0.0,1.0,-1,6,20,1,1,1,08:20,1,2,9
2023991337895,2023,991337895,1,1,1,1,72,10,3,0,0,0,0,0,9,8,-1,3,1,0.0,1.0,-1,6,30,1,1,1,11:30,5,1,9
2023161352246,2023,161352246,1,1,3,1,16,4,3,8,7,0,0,2,0,3,E01012759,3,1,0.0,1.0,-1,6,20,9,1,1,19:12,1,1,9
2023201339836,2023,201339836,1,1,3,1,67,10,3,4,1,0,0,0,0,-1,-1,3,1,0.0,1.0,-1,6,30,1,1,1,15:05,2,1,11
2023371313260,2023,371313260,2,1,1,1,19,4,3,0,0,0,0,0,1,4,E01021999,3,1,0.0,1.0,-1,6,30,1,1,1,07:30,4,2,1
2023070405481,2023,070405481,1,2,2,2,1,1,3,0,0,2,0,0,9,5,E01025304,-1,0,0.12208,0.87792,-1,6,50,1,1,1,17:10,7,2,9
2023131318902,2023,131318902,2,1,1,1,28,6,3,0,0,0,0,0,9,7,E01011550,3,1,0.0,1.0,-1,6,40,1,1,1,17:10,3,2,9
2023522400446,2023,522400446,1,1,1,1,37,7,3,0,0,0,0,0,3,8,E01033338,-1,0,0.0383,0.9617,-1,6,20,1,1,1,13:50,1,2,3
2023201373891,2023,201373891,1,1,1,1,23,5,3,0,0,0,0,0,9,-1,-1,3,1,0.0,1.0,-1,3,30,1,1,1,10:57,7,3,9
2023201294256,2023,201294256,1,1,1,2,84,11,2,0,0,0,0,0,9,10,E01009826,6,1,1.0,0.0,-1,6,30,2,1,2,09:20,3,2,9
2023311370320,2023,311370320,1,1,1,1,48,8,3,0,0,0,0,0,9,-1,-1,3,1,0.0,1.0,-1,6,30,2,1,2,13:20,7,1,9
2023430351708,2023,430351708,2,3,1,1,46,8,3,0,0,0,0,0,9,4,E01016400,-1,0,0.04755,0.95245,-1,6,30,1,1,1,18:31,2,2,9
2023461397950,2023,461397950,2,2,1,2,34,6,3,0,0,0,0,0,9,10,E01024765,3,1,0.0,1.0,-1,6,30,2,1,2,12:35,6,2,9
2023141259247,2023,141259247,1,1,3,1,43,7,3,5,9,0,0,0,0,-1,-1,3,1,0.0,1.0,-1,6,30,9,4,1,18:30,2,1,9
2023141300253,2023,141300253,1,1,1,1,45,7,3,0,0,0,0,0,1,-1,-1,3,1,0.0,1.0,-1,6,60,1,1,1,17:00,1,2,1
2023421359217,2023,421359217,2,1,1,1,37,7,3,0,0,0,0,0,3,8,E01021717,3,1,0.0,1.0,-1,6,30,1,1,1,20:30,1,2,3
2023141286786,2023,141286786,1,1,1,2,61,9,3,0,0,0,0,0,9,8,E01007678,3,1,0.0,1.0,-1,6,40,5,1,2,15:01,3,2,9
2023401273706,2023,401273706,1,2,2,1,19,4,2,0,0,0,0,0,9,1,E01017523,6,1,1.0,0.0,-1,6,30,1,1,2,13:30,2,2,9
2023543985923,2023,543985923,1,1,1,2,20,4,3,0,0,0,0,0,9,8,E01031900,-1,0,0.05309,0.94691,-1,6,60,1,1,1,14:03,1,1,9
2023991340175,2023,991340175,2,2,2,1,17,4,3,0,0,1,0,0,9,1,-1,3,1,0.0,1.0,-1,3,70,1,1,1,09:10,7,2,9
2023991387118,2023,991387118,1,1,1,1,67,10,3,0,0,0,0,0,9,2,-1,3,1,0.0,1.0,-1,3,70,2,1,2,09:15,3,1,9
2023010424487,2023,010424487,1,1,3,1,35,6,3,1,9,0,0,0,0,7,E01003763,-1,0,0.0,1.0,-1,6,30,1,1,1,07:15,3,1,9
2023010439126,2023,010439126,2,1,3,1,48,8,3,9,6,0,0,0,0,8,E01015770,-1,0,0.0,1.0,-1,6,20,1,1,1,12:30,2,2,19
2023440267380,2023,440267380,1,1,1,1,32,6,3,0,0,0,0,0,1,3,E01032745,-1,0,0.08201,0.91799,-1,6,40,1,1,1,11:02,3,2,1
2023010454407,2023,010454407,1,1,1,1,44,7,3,0,0,0,0,0,9,5,E01023546,-1,0,0.0,1.0,-1,6,20,1,1,1,16:28,2,2,9
2023061303683,2023,061303683,1,2,1,2,30,6,3,0,0,0,0,0,9,1,E01006327,3,1,0.0,1.0,-1,6,40,1,1,1,15:50,4,2,9
2023161335621,2023,161335621,1,1,1,2,42,7,3,0,0,0,0,0,9,5,E01013119,3,1,0.0,1.0,-1,6,40,1,6,1,01:00,1,3,9
2023411368425,2023,411368425,2,1,1,1,29,6,3,0,0,0,0,0,9,10,E01023595,3,1,0.0,1.0,-1,1,40,8,1,1,14:40,2,2,9
2023501294680,2023,501294680,3,5,2,2,6,2,3,0,0,2,0,0,9,10,E01003362,3,1,0.0,1.0,-1,6,50,1,6,1,21:30,5,3,9
2023351295916,2023,351295916,3,3,1,1,82,11,3,0,0,0,0,0,19,7,E01018026,3,1,0.0,1.0,-1,6,30,1,1,1,08:57,6,3,19
2023041384428,2023,041384428,1,2,2,1,17,4,3,0,0,1,0,0,9,2,E01025245,3,1,0.0,1.0,-1,6,30,1,4,2,23:10,4,3,9
2023201314152,2023,201314152,2,3,2,1,22,5,3,0,0,-1,0,0,9,-1,-1,3,1,0.0,1.0,-1,2,30,1,4,1,23:16,6,2,9
2023201415363,2023,201415363,1,1,1,1,51,8,3,0,0,0,0,0,9,4,E01010426,3,1,0.0,1.0,-1,6,30,2,1,2,11:30,6,4,9
2023320308026,2023,320308026,1,1,2,2,30,6,3,0,0,1,0,0,9,5,E01026367,-1,0,0.1458,0.8542,-1,6,60,8,6,1,00:20,1,1,9
2023461297514,2023,461297514,1,1,1,2,90,11,3,0,0,0,0,0,9,6,E01024260,3,1,0.0,1.0,-1,6,30,2,1,2,14:08,3,1,9
2023461358193,2023,461358193,2,1,1,2,38,7,3,0,0,0,0,0,9,2,E01016035,3,1,0.0,1.0,-1,6,30,1,4,2,19:21,5,2,9
2023522400148,2023,522400148,1,1,1,1,35,6,2,0,0,0,0,0,1,10,E01014902,-1,0,1.0,0.0,-1,1,30,1,1,1,08:15,2,2,1
2023501362745,2023,501362745,2,1,1,2,56,9,1,0,0,0,0,0,3,3,E01019053,1,1,0.0,0.0,-1,6,40,1,4,2,22:15,6,2,3
2023010478283,2023,010478283,1,2,2,2,50,8,3,0,0,2,0,0,9,2,E01003266,-1,0,0.0,1.0,-1,3,20,1,1,2,08:35,5,2,9
2023141307718,2023,141307718,1,1,2,2,22,5,2,0,0,2,0,0,9,3,E01007345,7,1,1.0,0.0,-1,6,60,2,6,2,23:02,2,1,9
2023221356077,2023,221356077,2,1,1,1,29,6,3,0,0,0,0,0,9,5,E01032156,3,1,0.0,1.0,-1,6,30,1,1,1,11:00,7,2,9
2023201338779,2023,201338779,2,3,2,1,43,7,3,0,0,1,0,0,9,7,E01032590,3,1,0.0,1.0,-1,6,30,1,4,1,23:25,3,2,9
2023451268029,2023,451268029,1,1,1,1,17,4,3,0,0,0,0,0,9,10,E01030512,3,1,0.0,1.0,-1,6,60,2,1,2,16:00,4,2,9
2023451309027,2023,451309027,2,2,2,1,69,10,3,0,0,1,0,0,9,4,E01030752,3,1,0.0,1.0,-1,6,30,1,1,1,15:35,5,2,9
2023052302516,2023,052302516,1,1,3,2,18,4,3,1,9,0,0,0,0,10,E01025478,-1,0,0.08774,0.91226,-1,6,30,2,4,2,21:00,6,1,9
2023010429195,2023,010429195,2,1,1,1,24,5,3,0,0,0,0,0,1,4,E01003781,-1,0,0.0,1.0,-1,6,30,1,1,1,13:50,7,2,1
2023010457971,2023,010457971,1,1,1,1,28,6,3,0,0,0,0,0,9,3,E01000577,-1,0,0.0,1.0,-1,6,20,1,1,1,07:50,1,1,9
2023221374896,2023,221374896,1,1,1,1,36,7,3,0,0,0,0,0,9,8,E01032446,3,1,0.0,1.0,-1,6,60,1,1,2,07:00,3,2,9
2023302301815,2023,302301815,1,1,2,1,20,4,2,0,0,2,0,0,9,6,E01019421,-1,0,1.0,0.0,-1,6,30,1,4,1,04:25,1,1,9
2023991313526,2023,991313526,2,1,2,1,58,9,3,0,0,1,0,0,9,7,-1,3,1,0.0,1.0,-1,6,60,1,1,1,18:20,4,2,9
2023201418517,2023,201418517,2,1,1,1,41,7,3,0,0,0,0,0,23,1,E01009141,3,1,0.0,1.0,-1,3,40,4,4,2,19:18,7,3,23
2023010451193,2023,010451193,1,2,2,2,31,6,3,0,0,1,0,0,9,5,E01000265,-1,0,0.0,1.0,-1,3,30,1,1,1,17:47,7,3,9
2023041288236,2023,041288236,1,1,2,2,22,5,3,0,0,1,0,0,9,1,E01012643,3,1,0.0,1.0,-1,6,30,2,6,2,18:51,7,1,9
2023101342594,2023,101342594,4,6,1,1,68,10,3,0,0,0,0,0,9,3,E01008537,3,1,0.0,1.0,-1,6,40,1,1,1,15:10,4,4,9
2023111373669,2023,111373669,1,1,2,1,20,4,3,0,0,2,0,0,9,2,E01008825,3,1,0.0,1.0,-1,3,50,1,1,1,14:20,1,1,9
2023430107780,2023,430107780,2,1,1,2,30,6,3,0,0,0,0,0,9,7,E01016783,-1,0,0.00415,0.99585,-1,6,60,3,1,2,08:15,6,2,9
2023440220286,2023,440220286,2,2,1,2,32,6,3,0,0,0,0,0,9,8,E01014444,-1,0,0.12378,0.87622,-1,6,40,1,6,1,00:23,1,3,9
2023461352674,2023,461352674,1,1,3,2,11,3,3,5,1,0,0,0,0,4,E01024541,3,1,0.0,1.0,-1,6,30,1,1,1,16:00,5,1,19
2023451338654,2023,451338654,2,1,1,1,40,7,3,0,0,0,0,0,1,10,E01030607,3,1,0.0,1.0,-1,1,30,1,1,1,10:20,1,2,1
2023070662646,2023,070662646,1,1,1,1,19,4,3,0,0,0,0,0,9,-1,-1,-1,0,0.05329,0.94671,-1,1,60,1,1,1,19:00,6,1,9
2023332300637,2023,332300637,1,1,1,1,40,7,3,0,0,0,0,0,9,1,E01013755,-1,0,0.00336,0.99664,-1,6,30,1,1,1,08:14,3,2,9
2023070404682,2023,070404682,1,1,1,2,18,4,3,0,0,0,0,0,9,8,E01012435,-1,0,0.03703,0.96297,-1,7,60,1,1,1,12:00,7,2,9
2023461360295,2023,461360295,2,1,1,2,44,7,3,0,0,0,0,0,9,2,E01024662,3,1,0.0,1.0,-1,6,50,1,1,1,09:02,5,2,9
2023622300330,2023,622300330,3,3,1,2,54,8,3,0,0,0,0,0,9,10,W01001223,-1,0,0.05159,0.94841,-1,6,60,2,1,2,09:33,3,3,9
2023010447079,2023,010447079,1,1,3,1,4,1,3,5,9,0,0,0,0,10,E01003891,-1,0,0.0,1.0,-1,6,20,1,1,1,08:36,2,1,1
2023061435996,2023,061435996,1,1,3,2,70,10,2,5,1,0,0,2,0,-1,-1,6,1,1.0,0.0,-1,6,30,1,6,1,16:49,5,1,9
2023471260707,2023,471260707,1,1,3,2,41,7,3,8,1,0,0,0,0,5,E01024033,3,1,0.0,1.0,-1,6,30,5,4,2,17:18,7,1,9
2023471298414,2023,471298414,1,1,3,2,25,5,3,10,9,0,0,0,0,4,E01021004,3,1,0.0,1.0,-1,6,20,1,1,1,15:49,2,1,19
2023221321857,2023,221321857,2,1,1,1,41,7,3,0,0,0,0,0,5,9,W01000399,3,1,0.0,1.0,-1,6,60,1,1,1,16:18,4,3,5
2023010439168,2023,010439168,1,2,2,1,-1,-1,3,0,0,1,0,0,9,3,E01000381,-1,0,0.0,1.0,-1,6,20,1,4,1,20:30,7,2,9
2023101379828,2023,101379828,2,1,1,2,41,7,2,0,0,0,0,0,9,-1,-1,7,1,1.0,0.0,-1,3,70,1,1,2,12:12,1,2,9
2023211383965,2023,211383965,3,3,1,2,22,5,2,0,0,0,0,0,9,9,E01025877,7,1,1.0,0.0,-1,3,70,2,1,2,10:50,5,4,9
2023311348063,2023,311348063,2,1,1,1,47,8,3,0,0,0,0,0,9,-1,-1,3,1,0.0,1.0,-1,6,30,1,1,1,11:42,7,3,9
2023461278581,2023,461278581,2,1,1,2,23,5,3,0,0,0,0,0,9,1,E01024683,3,1,0.0,1.0,-1,6,30,1,1,1,15:44,2,2,9
2023401311031,2023,401311031,1,1,3,1,36,7,3,10,9,0,0,0,0,1,E01015729,3,1,0.0,1.0,-1,6,30,9,1,-1,17:10,4,1,9
2023471368718,2023,471368718,1,2,3,1,54,8,3,5,1,0,0,0,0,2,E01016978,3,1,0.0,1.0,-1,3,30,1,4,1,21:57,2,1,9
2023522400389,2023,522400389,1,1,1,1,44,7,3,0,0,0,0,0,1,6,E01014900,-1,0,0.11452,0.88548,-1,6,20,1,1,1,17:40,4,2,1
2023430147317,2023,430147317,2,1,1,1,26,6,3,0,0,0,0,0,3,7,E01016225,-1,0,0.09953,0.90047,-1,6,30,7,1,2,06:23,3,2,3
2023131328771,2023,131328771,2,4,2,2,3,1,3,0,0,2,0,0,9,5,E01010656,3,1,0.0,1.0,-1,1,30,1,1,1,19:10,3,2,9
2023201403328,2023,201403328,1,1,1,1,20,4,3,0,0,0,0,0,9,5,E01010159,3,1,0.0,1.0,-1,6,30,1,4,1,14:30,1,2,9
2023411363249,2023,411363249,1,1,1,1,42,7,3,0,0,0,0,0,9,-1,-1,3,1,0.0,1.0,-1,6,40,1,1,1,15:44,5,2,9
2023430032953,2023,430032953,1,2,2,1,28,6,2,0,0,2,0,0,9,-1,-1,-1,0,1.0,0.0,-1,1,60,1,4,1,22:05,1,2,9
2023440321815,2023,440321815,2,1,1,2,42,7,3,0,0,0,0,0,9,4,E01017334,-1,0,0.03898,0.96102,-1,6,30,1,1,1,07:43,5,2,9
2023371334046,2023,371334046,1,1,3,1,18,4,2,4,3,0,0,-1,0,2,E01030024,7,1,1.0,0.0,-1,2,30,1,1,2,12:47,5,1,9
2023311379874,2023,311379874,3,1,1,1,54,8,2,0,0,0,0,0,1,10,E01028412,5,1,1.0,0.0,-1,6,50,8,1,2,08:57,3,3,1
2023320235864,2023,320235864,1,1,1,1,22,5,3,0,0,0,0,0,9,7,E01026158,-1,0,0.08605,0.91395,-1,3,70,1,1,1,17:45,4,1,9
2023332300408,2023,332300408,1,1,1,1,23,5,3,0,0,0,0,0,9,2,E01013742,-1,0,0.00963,0.99037,-1,6,30,1,4,1,01:25,1,2,9
2023010463775,2023,010463775,1,1,3,1,42,7,3,5,3,0,0,0,0,1,E01001813,-1,0,0.0,1.0,-1,3,20,1,4,1,22:50,7,1,19
2023010478031,2023,010478031,1,1,1,2,43,7,3,0,0,0,0,0,9,2,E01003310,-1,0,0.0,1.0,-1,3,20,1,4,2,19:36,3,2,9
2023411376670,2023,411376670,1,1,3,2,27,6,3,5,9,0,0,0,0,9,E01000692,3,1,0.0,1.0,-1,6,20,2,1,2,14:30,7,1,9
2023311279455,2023,311279455,1,2,2,1,55,8,2,0,0,2,0,0,8,4,E01000792,7,1,1.0,0.0,-1,6,30,1,1,1,15:33,4,3,8
2023131283700,2023,131283700,2,2,1,1,18,4,3,0,0,0,0,0,9,1,E01011106,3,1,0.0,1.0,-1,6,40,1,4,1,21:46,2,2,9
2023430133814,2023,430133814,1,1,1,1,23,5,2,0,0,0,0,0,9,8,E01028716,-1,0,1.0,0.0,-1,6,50,2,6,2,03:56,1,1,9
2023461388502,2023,461388502,2,1,1,1,24,5,3,0,0,0,0,0,9,4,E01024384,3,1,0.0,1.0,-1,6,30,1,1,1,23:01,1,2,9
2023041322955,2023,041322955,1,1,1,1,10,2,3,0,0,0,0,0,-1,8,E01024862,3,1,0.0,1.0,-1,6,20,1,1,1,17:29,2,2,-1
2023421323162,2023,421323162,1,1,1,2,29,6,2,0,0,0,0,0,-1,-1,-1,7,1,1.0,0.0,-1,6,30,8,1,1,15:29,1,1,-1
2023052400041,2023,052400041,1,1,1,1,25,5,2,0,0,0,0,0,1,1,E01006461,-1,0,1.0,0.0,-1,6,30,1,1,2,12:10,4,2,1
2023052302571,2023,052302571,1,1,1,1,24,5,3,0,0,0,0,0,3,4,E01006837,-1,0,0.24943,0.75057,-1,6,30,2,4,2,01:00,1,3,3
2023522301850,2023,522301850,1,1,1,2,28,6,3,0,0,0,0,0,9,8,E01033338,-1,0,0.0036,0.9964,-1,6,50,1,1,1,15:15,6,2,9
2023302300444,2023,302300444,1,1,3,1,22,5,3,5,9,0,0,0,0,9,E01013599,-1,0,0.09153,0.90847,-1,6,30,1,4,1,04:00,7,1,8
2023161350457,2023,161350457,2,1,1,1,-1,-1,3,0,0,0,0,0,1,7,E01013150,3,1,0.0,1.0,-1,6,30,1,1,1,13:27,4,2,1
2023161381201,2023,161381201,1,1,1,1,80,11,2,0,0,0,0,0,1,-1,-1,7,1,1.0,0.0,-1,6,30,1,1,1,11:30,2,2,1
2023131328960,2023,131328960,2,1,1,1,25,5,3,0,0,0,0,0,9,2,E01011837,3,1,0.0,1.0,-1,9,30,1,1,1,19:45,3,2,9
2023471294733,2023,471294733,1,2,2,2,77,11,3,0,0,1,0,0,9,9,E01021225,3,1,0.0,1.0,-1,6,60,1,1,1,13:15,6,2,9