collision_index,collision_year,collision_ref_no,vehicle_reference,casualty_reference,casualty_class,sex_of_casualty,age_of_casualty,age_band_of_casualty,casualty_severity,pedestrian_location,pedestrian_movement,car_passenger,bus_or_coach_passenger,pedestrian_road_maintenance_worker,casualty_type,casualty_imd_decile,lsoa_of_casualty,enhanced_casualty_severity,casualty_injury_based,casualty_adjusted_severity_serious,casualty_adjusted_severity_slight,casualty_distance_banding,road_type,speed_limit,weather_conditions,light_conditions,road_surface_conditions,time,day_of_week,number_of_vehicles,vehicle_type
2023161351767,2023,161351767,1,1,1,2,29,6,3,0,0,0,0,0,21,2,E01007638,3,1,0.0,1.0,-1,6,40,2,1,2,12:16,3,2,21
2023010488564,2023,010488564,1,1,3,1,44,7,2,5,9,0,0,0,0,3,E01030385,-1,0,1.0,0.0,-1,9,30,9,7,9,01:30,1,1,9
2023471330264,2023,471330264,2,1,1,1,34,6,3,0,0,0,0,0,1,6,E01031557,3,1,0.0,1.0,-1,6,30,1,1,1,16:59,1,2,1
2023201284787,2023,201284787,4,1,1,1,54,8,3,0,0,0,0,0,9,1,E01009371,3,1,0.0,1.0,-1,3,50,1,4,2,01:04,1,4,9
2023440462301,2023,440462301,2,1,1,2,20,4,3,0,0,0,0,0,9,6,E01022940,-1,0,0.10519,0.89481,-1,6,40,1,4,1,00:50,1,2,9
2023010422759,2023,010422759,1,4,2,2,45,7,3,0,0,0,3,0,11,4,E01002487,-1,0,0.0,1.0,-1,6,30,1,4,1,17:49,7,1,11
2023351280137,2023,351280137,2,1,1,1,49,8,3,0,0,0,0,0,1,5,E01018079,3,1,0.0,1.0,-1,6,30,1,1,1,16:10,3,2,1
2023471352666,2023,471352666,1,1,3,2,46,8,3,8,5,0,0,0,0,8,E01031474,3,1,0.0,1.0,-1,6,30,1,1,1,12:05,5,1,20
2023501260118,2023,501260118,1,1,1,1,19,4,3,0,0,0,0,0,3,-1,-1,3,1,0.0,1.0,-1,3,30,1,4,1,18:00,5,2,3
2023131311985,2023,131311985,2,3,1,1,35,6,3,0,0,0,0,0,9,1,E01011375,3,1,0.0,1.0,-1,3,40,1,4,1,23:25,6,6,9
2023010464044,2023,010464044,1,1,2,2,77,11,3,0,0,0,3,0,11,6,E01000329,-1,0,0.0,1.0,-1,2,20,1,1,1,14:17,2,1,11
2023320498179,2023,320498179,2,3,1,1,68,10,3,0,0,0,0,0,17,7,E01026098,-1,0,0.18836,0.81164,-1,6,40,1,1,1,16:00,6,2,17
2023010444259,2023,010444259,1,1,1,1,61,9,3,0,0,0,0,0,9,5,E01002221,-1,0,0.0,1.0,-1,6,20,1,1,1,16:00,1,2,9
2023451287935,2023,451287935,1,2,2,2,64,9,3,0,0,1,0,0,9,2,E01007443,3,1,0.0,1.0,-1,3,70,1,1,1,15:49,6,2,9
2023122300176,2023,122300176,2,1,1,1,46,8,3,0,0,0,0,0,1,1,E01012252,-1,0,0.11936,0.88064,-1,6,60,1,1,1,09:53,5,2,1
2023061303757,2023,061303757,1,1,3,2,70,10,2,5,1,0,0,-1,0,1,E01005239,6,1,1.0,0.0,-1,6,30,1,1,1,16:44,3,1,9
2023471299499,2023,471299499,1,1,3,1,32,6,3,6,8,0,0,2,0,6,E01016938,3,1,0.0,1.0,-1,6,30,1,1,2,15:56,3,1,5
2023501308698,2023,501308698,2,1,1,1,45,7,3,0,0,0,0,0,1,1,E01019004,3,1,0.0,1.0,-1,6,30,1,1,1,08:50,4,2,1
2023451295526,2023,451295526,1,1,1,1,26,6,3,0,0,0,0,0,3,9,E01030639,3,1,0.0,1.0,-1,6,20,1,1,1,19:20,2,2,3
2023010457918,2023,010457918,2,1,1,1,36,7,3,0,0,0,0,0,9,4,E01003492,-1,0,0.0,1.0,-1,6,40,1,1,1,17:00,7,2,9
2023522301457,2023,522301457,2,1,1,1,35,6,3,0,0,0,0,0,9,3,E01014665,-1,0,0.01998,0.98002,-1,6,20,1,1,1,14:17,5,2,9
2023531280634,2023,531280634,1,2,1,2,27,6,2,0,0,0,0,0,9,6,E01022198,7,1,1.0,0.0,-1,6,60,1,1,1,12:20,1,2,9
2023010420215,2023,010420215,1,1,3,1,60,9,2,5,1,0,0,0,0,2,E01000126,-1,0,1.0,0.0,-1,6,30,1,1,2,09:15,1,1,9
2023451265497,2023,451265497,1,1,3,1,11,3,3,4,9,0,0,0,0,4,E01030752,3,1,0.0,1.0,-1,6,30,1,1,4,08:05,4,1,9
2023161386974,2023,161386974,2,1,1,1,30,6,2,0,0,0,0,0,-1,1,E01013221,6,1,1.0,0.0,-1,6,30,1,4,1,18:00,2,2,-1
2023361330563,2023,361330563,1,2,3,1,-1,-1,3,5,9,0,0,0,0,-1,-1,3,1,0.0,1.0,-1,6,30,1,1,1,14:30,6,1,1
2023361349936,2023,361349936,2,1,1,1,15,3,3,0,0,0,0,0,1,1,E01026793,3,1,0.0,1.0,-1,6,30,1,1,1,08:30,5,2,1
2023131272416,2023,131272416,2,3,1,1,17,4,3,0,0,0,0,0,9,3,E01010836,3,1,0.0,1.0,-1,6,30,1,4,1,21:23,7,2,9
2023311369971,2023,311369971,1,2,1,1,63,9,3,0,0,0,0,0,9,8,E01028206,3,1,0.0,1.0,-1,6,60,2,1,2,14:45,5,2,9
2023411264505,2023,411264505,1,1,1,1,35,6,3,0,0,0,0,0,9,1,E01001427,3,1,0.0,1.0,-1,3,70,1,4,2,05:44,5,2,9
2023501277676,2023,501277676,2,1,2,2,50,8,3,0,0,1,0,0,9,3,E01019053,3,1,0.0,1.0,-1,1,30,2,7,2,18:10,5,2,9
2023010427193,2023,010427193,1,1,3,2,48,8,3,5,3,0,0,0,0,5,E01003260,-1,0,0.0,1.0,-1,6,20,1,1,1,13:47,3,1,9
2023010459281,2023,010459281,2,2,2,1,7,2,3,0,0,2,0,0,9,6,E01004173,-1,0,0.0,1.0,-1,6,30,1,1,1,08:00,2,2,9
2023052300824,2023,052300824,1,1,1,1,21,5,3,0,0,0,0,0,9,2,E01007214,-1,0,0.03933,0.96067,-1,6,30,2,1,2,17:41,3,2,9
2023141344773,2023,141344773,1,1,1,2,81,11,2,0,0,0,0,0,9,5,E01007608,7,1,1.0,0.0,-1,6,40,1,1,1,12:46,4,1,9
2023231391332,2023,231391332,2,1,1,2,53,8,3,0,0,0,0,0,9,7,E01029861,3,1,0.0,1.0,-1,6,30,2,4,5,18:23,3,2,9
2023361333670,2023,361333670,4,4,2,1,47,8,3,0,0,1,0,0,9,9,E01027125,3,1,0.0,1.0,-1,6,50,1,1,1,12:15,4,4,9
2023471318079,2023,471318079,2,1,1,2,29,6,2,0,0,0,0,0,9,8,E01030628,7,1,1.0,0.0,-1,3,50,1,1,1,09:35,3,2,9
2023991282815,2023,991282815,2,1,1,1,30,6,3,0,0,0,0,0,9,8,-1,3,1,0.0,1.0,-1,6,30,1,1,2,08:15,3,2,9
2023122300691,2023,122300691,2,1,2,1,46,8,3,0,0,0,3,0,11,1,E01027817,-1,0,0.03498,0.96502,-1,6,30,1,1,1,12:15,7,2,11
2023311351809,2023,311351809,1,3,2,2,17,4,3,0,0,1,0,0,9,-1,-1,3,1,0.0,1.0,-1,6,30,2,1,2,08:30,3,2,9
2023421284206,2023,421284206,2,1,1,2,29,6,3,0,0,0,0,0,9,4,E01021802,3,1,0.0,1.0,-1,6,30,1,4,1,18:55,3,2,9
2023451328423,2023,451328423,1,1,1,2,49,8,3,0,0,0,0,0,9,8,E01004131,3,1,0.0,1.0,-1,6,40,1,4,1,02:10,4,1,9
2023520301458,2023,520301458,1,2,2,2,70,10,3,0,0,1,0,0,9,6,E01029266,-1,0,0.0191,0.9809,-1,6,40,1,1,1,18:27,2,2,9
2023052303024,2023,052303024,1,1,3,2,13,3,2,5,1,0,0,0,0,2,E01006912,-1,0,1.0,0.0,-1,3,60,2,4,2,07:50,3,1,9
2023131365239,2023,131365239,1,1,3,1,82,11,3,6,9,0,0,2,0,-1,-1,3,1,0.0,1.0,-1,2,30,2,1,2,16:00,6,2,9
2023501371763,2023,501371763,2,1,1,1,26,6,2,0,0,0,0,0,1,-1,-1,5,1,1.0,0.0,-1,6,30,1,1,1,08:47,2,2,1
2023010468198,2023,010468198,1,1,1,2,59,9,3,0,0,0,0,0,9,8,E01002383,-1,0,0.0,1.0,-1,1,30,1,1,1,15:10,2,2,9
2023131353386,2023,131353386,1,2,2,1,27,6,2,0,0,2,0,0,9,7,E01011642,7,1,1.0,0.0,-1,3,40,2,4,2,00:28,2,1,9
2023531322060,2023,531322060,2,2,2,1,2,1,3,0,0,2,0,0,9,5,E01022421,3,1,0.0,1.0,-1,6,50,1,1,1,10:10,6,2,9
2023340WN2162,2023,340WN2162,2,1,1,1,20,4,3,0,0,0,0,0,-1,8,E01027183,-1,0,0.10563,0.89437,-1,6,30,1,4,1,21:45,6,2,-1
2023520300610,2023,520300610,2,58,2,1,23,5,3,0,0,0,4,0,11,-1,-1,-1,0,0.05401,0.94599,-1,6,40,1,6,4,06:00,3,3,11
2023010458130,2023,010458130,1,1,1,1,54,8,3,0,0,0,0,0,9,3,E01016465,-1,0,0.0,1.0,-1,6,20,8,4,1,02:10,1,2,9
2023610004723,2023,610004723,1,2,2,2,45,7,3,0,0,1,0,0,9,4,W01001622,-1,0,0.04266,0.95734,-1,2,30,1,1,1,15:00,2,2,9
2023010443640,2023,010443640,1,1,1,2,29,6,3,0,0,0,0,0,1,2,E01004271,-1,0,0.0,1.0,-1,6,20,8,1,1,17:50,4,3,1
2023010478020,2023,010478020,1,1,3,1,34,6,3,1,9,0,0,0,0,2,E01003187,-1,0,0.0,1.0,-1,9,20,9,1,9,10:30,3,1,9
2023052301503,2023,052301503,1,1,3,1,58,9,2,1,4,0,0,0,0,2,E01006655,-1,0,1.0,0.0,-1,3,30,1,1,1,18:40,3,1,9
2023031391568,2023,031391568,1,1,1,1,19,4,3,0,0,0,0,0,9,1,E01019267,3,1,0.0,1.0,-1,6,60,5,6,2,18:45,6,2,9
2023221330519,2023,221330519,1,1,1,2,17,4,2,0,0,0,0,0,9,8,E01032221,7,1,1.0,0.0,-1,6,30,1,4,1,04:00,1,1,9
2023421394353,2023,421394353,2,1,2,2,26,6,3,0,0,1,0,0,9,2,E01021977,3,1,0.0,1.0,-1,6,30,1,4,1,20:40,3,2,9
2023461323476,2023,461323476,2,1,1,2,37,7,3,0,0,0,0,0,9,7,E01024637,3,1,0.0,1.0,-1,6,30,1,1,1,20:48,7,2,9
2023991306272,2023,991306272,1,3,1,2,53,8,3,0,0,0,0,0,9,10,-1,3,1,0.0,1.0,-1,6,30,1,1,1,13:15,5,2,9
2023371387446,2023,371387446,2,2,2,2,15,3,3,0,0,0,0,0,19,-1,-1,3,1,0.0,1.0,-1,6,30,2,4,2,20:30,3,3,19
2023052301881,2023,052301881,1,1,2,2,61,9,3,0,0,1,0,0,9,4,E01007206,-1,0,0.09269,0.90731,-1,6,40,1,1,1,12:00,6,2,9
2023501343412,2023,501343412,1,1,2,2,4,1,2,0,0,2,0,0,9,5,E01032636,7,1,1.0,0.0,-1,6,60,1,1,1,14:00,7,2,9
2023552301247,2023,552301247,1,1,1,1,12,3,3,0,0,0,0,0,1,9,E01033154,-1,0,0.08767,0.91233,-1,6,30,1,1,1,13:04,2,2,1
2023061285202,2023,061285202,2,1,1,-1,31,6,2,0,0,0,0,0,9,5,E01006156,6,1,1.0,0.0,-1,6,30,1,1,1,13:20,7,2,9
2023201279351,2023,201279351,2,1,1,1,37,7,3,0,0,0,0,0,9,1,E01009124,3,1,0.0,1.0,-1,1,30,1,4,1,22:53,6,3,9
2023211425181,2023,211425181,1,3,2,1,54,8,3,0,0,1,0,0,9,-1,-1,3,1,0.0,1.0,-1,6,30,1,1,1,16:52,3,2,9
2023311280207,2023,311280207,2,2,2,2,29,6,3,0,0,1,0,0,9,6,E01027925,3,1,0.0,1.0,-1,1,30,1,4,1,19:00,1,2,9
2023531268475,2023,531268475,2,3,1,1,62,9,3,0,0,0,0,0,19,5,E01022155,3,1,0.0,1.0,-1,6,60,1,1,2,10:31,5,2,19
2023411360151,2023,411360151,1,1,1,2,27,6,3,0,0,0,0,0,-1,8,E01023571,3,1,0.0,1.0,-1,6,30,1,1,1,16:17,2,2,-1
2023552301281,2023,552301281,1,1,1,1,59,9,2,0,0,0,0,0,-1,7,E01015413,-1,0,1.0,0.0,-1,3,40,1,1,1,16:42,7,2,-1
2023302300979,2023,302300979,2,1,3,1,35,6,3,9,9,0,0,0,0,1,E01033300,-1,0,0.16116,0.83884,-1,6,30,1,4,1,01:38,1,2,9
2023552301162,2023,552301162,1,1,3,1,14,3,2,5,4,0,0,0,0,5,E01020584,-1,0,1.0,0.0,-1,6,30,1,1,1,15:46,4,1,9
2023041343228,2023,041343228,2,1,1,1,30,6,3,0,0,0,0,0,1,8,E01025411,3,1,0.0,1.0,-1,6,30,1,1,1,17:30,4,2,1
2023010445859,2023,010445859,2,1,1,1,34,6,3,0,0,0,0,0,5,-1,-1,-1,0,0.0,1.0,-1,6,30,1,1,1,14:25,2,2,5
2023010462063,2023,010462063,2,2,2,1,38,7,3,0,0,1,0,0,9,-1,-1,-1,0,0.0,1.0,-1,6,30,1,1,1,18:42,4,2,9
2023332300986,2023,332300986,2,3,2,1,49,8,3,0,0,2,0,0,9,2,E01013753,-1,0,0.02877,0.97123,-1,6,40,2,1,2,16:36,6,2,9
2023361383353,2023,361383353,1,1,1,2,35,6,2,0,0,0,0,0,9,7,E01026655,7,1,1.0,0.0,-1,6,40,1,1,4,09:15,4,1,9
2023471373356,2023,471373356,1,1,1,2,49,8,3,0,0,0,0,0,9,9,E01002463,3,1,0.0,1.0,-1,6,30,1,1,1,11:20,7,2,9
2023471356547,2023,471356547,1,1,3,2,32,6,2,7,1,0,0,0,0,4,E01020966,7,1,1.0,0.0,-1,6,30,1,1,1,08:30,2,1,9
2023041320396,2023,041320396,2,1,1,1,25,5,2,0,0,0,0,0,1,5,E01025144,7,1,1.0,0.0,-1,6,30,1,1,1,07:32,6,2,1
2023421294827,2023,421294827,2,1,1,2,49,8,3,0,0,0,0,0,9,5,E01003697,3,1,0.0,1.0,-1,3,40,1,1,1,16:21,7,2,9
2023421303114,2023,421303114,1,1,1,2,35,6,3,0,0,0,0,0,9,5,E01023293,3,1,0.0,1.0,-1,6,40,1,4,1,20:38,3,2,9
2023440322588,2023,440322588,1,1,1,2,72,10,3,0,0,0,0,0,9,9,E01022989,-1,0,0.07869,0.92131,-1,6,40,1,1,1,15:00,5,2,9
2023052301236,2023,052301236,1,1,3,2,8,2,3,6,9,0,0,0,0,2,E01006441,-1,0,0.06112,0.93888,-1,6,30,1,1,1,12:45,1,1,23
2023141279676,2023,141279676,1,1,3,2,12,3,3,5,3,0,0,0,0,1,E01007466,3,1,0.0,1.0,-1,3,40,1,1,1,08:07,5,1,9
2023010464708,2023,010464708,1,1,1,1,52,8,3,0,0,0,0,0,1,8,E01004195,-1,0,0.0,1.0,-1,3,30,1,1,1,15:50,5,2,1
2023131283109,2023,131283109,2,1,1,1,69,10,3,0,0,0,0,0,5,4,E01011157,3,1,0.0,1.0,-1,6,30,1,1,1,16:15,7,2,5
2023010454522,2023,010454522,1,1,1,1,41,7,3,0,0,0,0,0,1,5,E01000664,-1,0,0.0,1.0,-1,6,30,1,1,1,06:00,2,2,1
2023430580972,2023,430580972,1,1,1,1,24,5,3,0,0,0,0,0,3,4,E01002101,-1,0,0.18175,0.81825,-1,6,30,1,4,1,19:21,6,1,3
2023010466612,2023,010466612,1,3,2,2,24,5,3,0,0,2,0,0,9,3,E01003686,-1,0,0.0,1.0,-1,6,30,1,1,2,15:00,1,2,9
2023201396947,2023,201396947,2,2,1,1,47,8,2,0,0,0,0,0,9,-1,-1,7,1,1.0,0.0,-1,6,30,1,4,1,22:33,7,2,9
2023471304026,2023,471304026,1,1,1,-1,-1,-1,3,0,0,0,0,0,97,-1,-1,3,1,0.0,1.0,-1,6,60,1,1,1,09:15,2,2,97
2023052302370,2023,052302370,2,3,2,1,37,7,3,0,0,2,0,0,9,1,W01000958,-1,0,0.04671,0.95329,-1,3,50,1,1,2,17:35,5,2,9
2023161309500,2023,161309500,3,3,1,2,42,7,3,0,0,0,0,0,9,-1,-1,3,1,0.0,1.0,-1,6,50,1,1,1,10:50,7,3,9
2023161371919,2023,161371919,1,2,2,1,14,3,3,0,0,1,0,0,9,1,E01012850,3,1,0.0,1.0,-1,6,30,2,4,2,17:22,2,2,9
2023311305481,2023,311305481,1,1,1,2,24,5,3,0,0,0,0,0,9,-1,-1,3,1,0.0,1.0,-1,9,30,1,1,1,17:26,3,2,9
2023010474439,2023,010474439,1,1,1,1,65,9,3,0,0,0,0,0,9,4,E01000068,-1,0,0.0,1.0,-1,3,30,1,4,1,22:25,6,2,9
2023041304134,2023,041304134,2,1,1,1,34,6,3,0,0,0,0,0,9,1,E01025084,3,1,0.0,1.0,-1,6,30,4,1,1,18:10,5,2,9
2023061297975,2023,061297975,1,1,1,1,41,7,3,0,0,0,0,0,9,-1,-1,3,1,0.0,1.0,-1,6,20,1,4,1,20:34,1,2,9
2023010446833,2023,010446833,1,1,3,2,32,6,3,3,3,0,0,0,0,8,E01000695,-1,0,0.0,1.0,-1,9,20,9,7,9,22:30,7,1,9
2023302300441,2023,302300441,1,1,3,2,84,11,2,5,3,0,0,0,0,7,E01019607,-1,0,1.0,0.0,-1,6,30,1,1,1,11:39,5,1,9
2023311317791,2023,311317791,1,1,3,1,48,8,2,5,1,0,0,0,0,8,E01028182,7,1,1.0,0.0,-1,6,20,2,1,2,17:12,2,1,11
2023622300450,2023,622300450,1,1,1,1,27,6,3,0,0,0,0,0,3,8,W01000771,-1,0,0.13519,0.86481,-1,6,30,1,1,1,12:19,6,2,3
2023101292966,2023,101292966,1,1,2,1,-1,-1,3,0,0,1,0,0,9,4,E01008468,3,1,0.0,1.0,-1,6,30,1,1,1,15:50,1,2,9
2023141389094,2023,141389094,1,1,1,2,59,9,3,0,0,0,0,0,9,5,E01007558,3,1,0.0,1.0,-1,6,50,1,1,2,12:17,7,2,9
2023531322336,2023,531322336,2,3,2,1,4,1,3,0,0,2,0,0,9,3,E01022124,3,1,0.0,1.0,-1,7,30,1,1,1,16:20,7,2,9
2023451356676,2023,451356676,1,2,1,1,18,4,3,0,0,0,0,0,3,7,E01030865,3,1,0.0,1.0,-1,6,40,1,4,1,20:30,3,2,3
2023101319118,2023,101319118,1,1,3,1,32,6,3,5,1,0,0,0,0,3,E01008449,3,1,0.0,1.0,-1,6,30,1,1,1,16:00,3,1,9
2023201290918,2023,201290918,1,1,3,1,38,7,2,5,1,0,0,2,0,7,E01009189,7,1,1.0,0.0,-1,6,20,1,1,1,10:27,6,1,9
2023520400996,2023,520400996,2,1,1,1,64,9,2,0,0,0,0,0,19,5,E01015202,-1,0,1.0,0.0,-1,3,70,1,6,1,16:58,3,2,19
2023201288519,2023,201288519,1,2,2,2,28,6,3,0,0,1,0,0,9,2,W01001693,3,1,0.0,1.0,-1,6,30,1,1,1,16:49,6,2,9
2023501391256,2023,501391256,1,1,1,1,72,10,3,0,0,0,0,0,9,3,E01018872,3,1,0.0,1.0,-1,6,30,1,4,2,19:05,6,2,9
2023101332242,2023,101332242,1,2,2,1,19,4,3,0,0,1,0,0,9,-1,-1,3,1,0.0,1.0,-1,3,60,2,1,2,15:20,7,1,9
2023122300409,2023,122300409,1,1,1,1,84,11,2,0,0,0,0,0,9,6,E01027637,-1,0,1.0,0.0,-1,6,60,1,1,1,08:50,4,2,9
2023131301881,2023,131301881,1,1,1,2,31,6,3,0,0,0,0,0,9,8,E01011406,3,1,0.0,1.0,-1,6,40,1,5,2,09:07,6,3,9
2023411362372,2023,411362372,2,2,1,1,36,7,3,0,0,0,0,0,9,9,E01017372,3,1,0.0,1.0,-1,3,70,1,1,1,09:24,2,2,9
2023451365614,2023,451365614,2,1,1,1,48,8,3,0,0,0,0,0,1,10,E01032854,3,1,0.0,1.0,-1,6,30,1,1,2,09:30,1,2,1
2023010465752,2023,010465752,1,1,1,1,29,6,3,0,0,0,0,0,8,3,E01000024,-1,0,0.0,1.0,-1,9,30,1,1,1,13:03,4,2,8
2023010467850,2023,010467850,2,1,2,1,43,7,3,0,0,1,0,0,9,3,E01001394,-1,0,0.0,1.0,-1,6,20,2,4,2,19:26,6,3,9
2023421347103,2023,421347103,1,4,1,2,52,8,3,0,0,0,0,0,9,8,E01021528,3,1,0.0,1.0,-1,6,30,1,1,1,17:30,5,3,9
2023461323850,2023,461323850,2,1,2,2,85,11,3,0,0,1,0,0,9,-1,-1,3,1,0.0,1.0,-1,3,70,1,1,1,14:10,6,4,9
2023351286905,2023,351286905,1,2,1,1,44,7,3,0,0,0,0,0,19,10,E01018282,3,1,0.0,1.0,-1,6,60,1,4,1,18:52,6,3,19
2023041287569,2023,041287569,2,3,2,2,60,9,3,0,0,0,4,0,11,6,E01025563,3,1,0.0,1.0,-1,6,30,2,1,2,15:50,4,2,11
2023421390918,2023,421390918,2,1,1,2,28,6,3,0,0,0,0,0,9,5,E01021518,3,1,0.0,1.0,-1,6,30,1,4,1,20:30,6,2,9
2023440083414,2023,440083414,1,1,1,2,55,8,3,0,0,0,0,0,9,-1,-1,-1,0,0.02614,0.97386,-1,6,30,1,1,1,09:00,4,2,9
2023430055742,2023,430055742,2,1,1,2,30,6,3,0,0,0,0,0,1,2,E01028513,-1,0,0.05007,0.94993,-1,6,20,1,4,1,19:25,7,2,1
2023211316613,2023,211316613,1,1,1,2,55,8,2,0,0,0,0,0,9,9,E01029815,5,1,1.0,0.0,-1,6,60,1,1,1,14:10,1,2,9
2023221334429,2023,221334429,2,1,2,2,54,8,3,0,0,1,0,0,9,4,E01022251,3,1,0.0,1.0,-1,6,30,1,1,1,18:20,7,2,9
2023041308532,2023,041308532,2,3,2,2,36,7,3,0,0,1,0,0,9,6,E01006935,3,1,0.0,1.0,-1,6,30,2,1,2,16:30,5,2,9
2023552300461,2023,552300461,1,1,2,1,86,11,1,0,0,0,4,0,11,-1,-1,-1,0,0.0,0.0,-1,6,30,1,1,1,14:07,6,1,11
2023131263724,2023,131263724,1,1,2,1,5,1,2,0,0,1,0,0,9,1,E01011339,7,1,1.0,0.0,-1,3,30,1,1,1,16:11,1,2,9
202360A118105,2023,60A118105,1,1,1,1,60,9,3,0,0,0,0,0,19,-1,-1,-1,0,0.17105,0.82895,-1,6,60,1,1,2,07:09,5,2,19
2023411366061,2023,411366061,2,1,1,1,61,9,3,0,0,0,0,0,1,5,E01023939,3,1,0.0,1.0,-1,6,30,2,1,2,15:12,4,3,1
2023501282495,2023,501282495,2,1,1,1,37,7,3,0,0,0,0,0,1,5,E01015179,3,1,0.0,1.0,-1,1,30,1,1,1,11:11,2,2,1
2023041362670,2023,041362670,2,2,2,1,43,7,3,0,0,1,0,0,9,3,E01025294,3,1,0.0,1.0,-1,6,40,1,1,1,16:57,6,2,9
2023070260055,2023,070260055,1,1,1,2,44,7,3,0,0,0,0,0,9,-1,-1,-1,0,0.01907,0.98093,-1,6,30,1,1,1,18:05,2,1,9
2023221368946,2023,221368946,1,1,1,1,59,9,3,0,0,0,0,0,9,6,E01014082,3,1,0.0,1.0,-1,6,60,1,6,1,20:19,1,1,9
2023131372472,2023,131372472,1,2,3,2,7,2,3,5,3,0,0,2,0,-1,-1,3,1,0.0,1.0,-1,6,30,1,7,2,18:35,3,1,9
2023141371219,2023,141371219,1,1,3,1,50,8,3,7,9,0,0,0,0,-1,-1,3,1,0.0,1.0,-1,6,30,1,1,1,14:00,6,1,9
2023161314280,2023,161314280,1,1,3,1,11,3,2,5,2,0,0,0,0,7,E01013096,7,1,1.0,0.0,-1,6,30,1,1,1,15:00,6,3,9
2023461358332,2023,461358332,2,2,2,2,20,4,3,0,0,1,0,0,9,8,E01016099,3,1,0.0,1.0,-1,6,30,1,1,1,13:37,2,2,9
2023461374239,2023,461374239,2,1,1,1,28,6,3,0,0,0,0,0,9,1,E01024611,3,1,0.0,1.0,-1,6,30,1,1,2,08:46,5,2,9
2023101349078,2023,101349078,1,4,2,2,34,6,3,0,0,0,4,0,11,3,E01008763,3,1,0.0,1.0,-1,6,30,1,1,1,14:50,2,2,11
2023131324006,2023,131324006,2,2,2,2,56,9,3,0,0,0,4,0,11,3,E01010761,3,1,0.0,1.0,-1,6,30,1,1,1,16:00,3,2,11
2023421320668,2023,421320668,2,2,1,1,23,5,3,0,0,0,0,0,19,9,E01024300,3,1,0.0,1.0,-1,6,30,1,1,1,16:59,2,2,19
2023010467884,2023,010467884,1,1,3,1,15,3,3,5,9,0,0,0,0,4,E01004338,-1,0,0.0,1.0,-1,2,20,9,1,1,15:00,7,1,9
2023070321148,2023,070321148,2,3,2,1,31,6,3,0,0,2,0,0,9,2,E01018551,-1,0,0.01392,0.98608,-1,6,60,1,1,1,15:40,6,3,9
2023131364352,2023,131364352,1,1,1,2,41,7,3,0,0,0,0,0,9,1,E01010994,3,1,0.0,1.0,-1,6,30,1,1,1,10:17,4,2,9
2023211425181,2023,211425181,1,1,2,1,84,11,3,0,0,2,0,0,9,-1,-1,3,1,0.0,1.0,-1,6,30,1,1,1,16:52,3,2,9
2023461277461,2023,461277461,1,1,1,2,32,6,3,0,0,0,0,0,9,8,E01000752,3,1,0.0,1.0,-1,6,50,1,4,4,20:36,4,1,9
2023461316567,2023,461316567,1,1,1,1,69,10,3,0,0,0,0,0,9,3,E01021126,3,1,0.0,1.0,-1,3,40,1,4,1,22:10,4,1,9
2023501291079,2023,501291079,1,1,1,1,23,5,3,0,0,0,0,0,9,2,E01019990,3,1,0.0,1.0,-1,6,60,1,1,1,17:30,2,2,9
2023991356628,2023,991356628,2,1,1,1,71,10,3,0,0,0,0,0,9,8,-1,3,1,0.0,1.0,-1,6,30,1,1,1,15:00,3,2,9
2023320535499,2023,320535499,1,1,3,1,20,4,3,6,9,0,0,0,0,6,E01026147,-1,0,0.03137,0.96863,-1,6,30,9,1,1,13:09,6,1,19
2023010484843,2023,010484843,1,1,1,1,18,4,3,0,0,0,0,0,1,2,E01003111,-1,0,0.0,1.0,-1,6,20,1,4,9,19:15,2,2,1
2023201411400,2023,201411400,2,3,2,2,11,3,3,0,0,-1,0,0,9,1,E01009007,3,1,0.0,1.0,-1,3,30,1,1,1,15:51,5,3,9
2023622300888,2023,622300888,2,4,2,2,3,1,3,0,0,2,0,0,9,2,W01001803,-1,0,0.01712,0.98288,-1,6,50,8,1,1,12:25,6,2,9
2023101274542,2023,101274542,1,1,1,1,55,8,3,0,0,0,0,0,19,3,E01008715,3,1,0.0,1.0,-1,6,30,1,4,1,18:35,5,2,19
2023122300256,2023,122300256,1,2,2,2,29,6,3,0,0,1,0,0,9,5,E01027594,-1,0,0.09419,0.90581,-1,6,30,1,6,1,21:39,2,1,9
2023201314877,2023,201314877,2,1,1,-1,36,7,3,0,0,0,0,0,9,8,E01010209,3,1,0.0,1.0,-1,6,30,2,1,2,15:30,5,2,9
2023451352077,2023,451352077,1,1,3,2,13,3,3,5,1,0,0,2,0,10,E01030514,3,1,0.0,1.0,-1,6,30,1,1,2,14:40,6,1,9
2023010445300,2023,010445300,1,1,1,1,47,8,3,0,0,0,0,0,1,5,E01000982,-1,0,0.0,1.0,-1,6,30,1,1,1,14:16,6,2,1
2023111364455,2023,111364455,1,1,1,1,19,4,2,0,0,0,0,0,9,2,E01020860,5,1,1.0,0.0,-1,6,60,1,6,2,21:25,4,1,9
2023430013826,2023,430013826,1,1,1,2,32,6,3,0,0,0,0,0,9,4,E01016356,-1,0,0.0092,0.9908,-1,1,40,1,4,2,17:30,2,2,9