collision_index,collision_year,collision_ref_no,vehicle_reference,casualty_reference,casualty_class,sex_of_casualty,age_of_casualty,age_band_of_casualty,casualty_severity,pedestrian_location,pedestrian_movement,car_passenger,bus_or_coach_passenger,pedestrian_road_maintenance_worker,casualty_type,casualty_imd_decile,lsoa_of_casualty,enhanced_casualty_severity,casualty_injury_based,casualty_adjusted_severity_serious,casualty_adjusted_severity_slight,casualty_distance_banding,road_type,speed_limit,weather_conditions,light_conditions,road_surface_conditions,time,day_of_week,number_of_vehicles,vehicle_type
2023041310747,2023,041310747,2,1,1,1,45,7,3,0,0,0,0,0,1,1,E01025527,3,1,0.0,1.0,-1,6,30,1,1,1,17:30,7,2,1
2023041367124,2023,041367124,2,2,1,2,28,6,2,0,0,0,0,0,9,1,E01024893,7,1,1.0,0.0,-1,6,30,1,4,2,23:40,4,2,9
2023052300616,2023,052300616,2,2,2,2,66,10,3,0,0,1,0,0,9,3,E01007088,-1,0,0.02067,0.97933,-1,3,30,1,1,2,13:20,4,2,9
2023522400328,2023,522400328,1,1,1,2,37,7,3,0,0,0,0,0,9,-1,-1,-1,0,0.06194,0.93806,-1,6,40,2,6,2,00:37,2,1,9
2023131358074,2023,131358074,1,1,3,2,12,3,2,5,1,0,0,2,0,1,E01011493,7,1,1.0,0.0,-1,6,30,1,1,1,15:30,6,1,9
2023010432554,2023,010432554,1,1,1,1,23,5,3,0,0,0,0,0,3,2,E01001361,-1,0,0.0,1.0,-1,6,30,1,4,2,22:00,4,2,3
2023161326629,2023,161326629,1,1,3,1,18,4,3,4,3,0,0,0,0,7,E01012983,3,1,0.0,1.0,-1,6,20,2,1,2,17:21,6,1,9
2023010473231,2023,010473231,2,1,1,1,31,6,3,0,0,0,0,0,1,5,E01004178,-1,0,0.0,1.0,-1,1,20,2,1,2,08:30,7,2,1
2023471376286,2023,471376286,2,1,1,1,-1,-1,2,0,0,0,0,0,1,6,E01031743,7,1,1.0,0.0,-1,6,30,1,4,1,18:46,4,2,1
2023010460296,2023,010460296,1,1,1,2,20,4,3,0,0,0,0,0,9,6,E01030748,-1,0,0.0,1.0,-1,6,30,1,1,1,19:45,7,1,9
2023052302092,2023,052302092,1,1,2,2,5,1,3,0,0,2,0,0,9,4,E01006846,-1,0,0.03343,0.96657,-1,6,30,1,1,1,08:15,3,1,9
2023430081582,2023,430081582,1,2,2,2,81,11,2,0,0,1,0,0,9,9,E01017681,-1,0,1.0,0.0,-1,6,60,1,1,2,10:59,4,1,9
2023010471233,2023,010471233,1,1,3,2,54,8,3,5,1,0,0,0,0,2,E01003489,-1,0,0.0,1.0,-1,6,30,1,1,1,14:40,3,1,9
2023340WN6092,2023,340WN6092,2,1,1,1,51,8,3,0,0,0,0,0,5,10,E01027287,-1,0,0.24598,0.75402,-1,3,70,8,4,2,06:53,3,2,5
2023440299669,2023,440299669,2,1,1,1,52,8,2,0,0,0,0,0,5,4,E01022479,-1,0,1.0,0.0,-1,6,50,1,1,1,19:07,3,2,5
2023010471397,2023,010471397,1,1,3,1,54,8,3,5,2,0,0,0,0,8,E01004293,-1,0,0.0,1.0,-1,6,30,1,1,1,14:30,4,1,3
2023522400725,2023,522400725,1,1,3,1,14,3,2,5,9,0,0,0,0,2,E01014489,-1,0,1.0,0.0,-1,2,20,1,1,1,15:50,6,1,9
2023010468197,2023,010468197,2,1,1,-1,-1,-1,3,0,0,0,0,0,1,2,E01000079,-1,0,0.0,1.0,-1,6,30,1,1,1,17:00,2,2,1
2023052300474,2023,052300474,2,1,1,1,13,3,2,0,0,0,0,0,1,2,E01006492,-1,0,1.0,0.0,-1,6,30,1,5,1,22:10,6,2,1
2023221344138,2023,221344138,2,1,1,1,43,7,3,0,0,0,0,0,1,7,E01032180,3,1,0.0,1.0,-1,6,30,1,1,1,13:18,1,2,1
2023141374667,2023,141374667,1,1,1,1,46,8,3,0,0,0,0,0,8,-1,-1,3,1,0.0,1.0,-1,3,30,1,1,1,08:40,3,2,8
2023421358656,2023,421358656,2,2,2,2,46,8,3,0,0,2,0,0,9,-1,-1,3,1,0.0,1.0,-1,3,70,1,1,2,14:19,2,3,9
2023440290534,2023,440290534,2,1,1,1,21,5,3,0,0,0,0,0,19,10,E01022663,-1,0,0.03294,0.96706,-1,1,70,1,1,1,17:17,4,2,19
2023201284718,2023,201284718,2,2,2,1,39,7,3,0,0,0,0,0,21,1,E01009081,3,1,0.0,1.0,-1,6,30,1,1,1,11:54,3,2,21
2023430442348,2023,430442348,1,1,3,1,19,4,3,5,1,0,0,0,0,8,E01016656,-1,0,0.0446,0.9554,-1,6,30,1,1,1,15:30,7,1,9
2023041290901,2023,041290901,2,1,1,1,29,6,3,0,0,0,0,0,1,1,E01012683,3,1,0.0,1.0,-1,6,30,1,1,1,10:30,2,2,1
2023631360763,2023,631360763,1,1,1,1,68,10,2,0,0,0,0,0,5,8,E01031204,5,1,1.0,0.0,-1,6,60,1,1,1,11:00,1,1,5
2023010427426,2023,010427426,1,1,1,1,31,6,3,0,0,0,0,0,9,4,E01030551,-1,0,0.0,1.0,-1,6,20,1,4,2,21:40,4,2,9
2023351358574,2023,351358574,2,1,1,2,32,6,2,0,0,0,0,0,9,6,E01015860,7,1,1.0,0.0,-1,3,40,1,1,1,12:25,1,2,9
2023421275223,2023,421275223,2,1,1,2,28,6,3,0,0,0,0,0,9,2,E01015839,3,1,0.0,1.0,-1,3,40,1,1,1,19:10,7,4,9
2023531292199,2023,531292199,2,1,1,2,77,11,3,0,0,0,0,0,9,7,E01032380,3,1,0.0,1.0,-1,6,60,1,1,2,15:45,5,3,9
2023610011523,2023,610011523,1,2,2,2,64,9,3,0,0,1,0,0,9,8,W01001553,-1,0,0.15082,0.84918,-1,3,70,1,1,2,18:34,5,1,9
2023610009823,2023,610009823,2,3,2,1,25,5,3,0,0,1,0,0,19,3,W01001374,-1,0,0.01891,0.98109,-1,6,30,1,1,1,08:45,3,2,19
2023101360472,2023,101360472,2,1,1,1,50,8,2,0,0,0,0,0,1,7,E01008374,7,1,1.0,0.0,-1,6,30,1,1,1,08:25,3,2,1
2023161350435,2023,161350435,1,1,1,1,33,6,3,0,0,0,0,0,9,8,E01013040,3,1,0.0,1.0,-1,6,30,1,1,1,10:20,4,2,9
2023010435368,2023,010435368,1,2,2,1,76,11,3,0,0,0,4,0,11,1,E01000551,-1,0,0.0,1.0,-1,6,20,1,1,1,15:04,7,1,11
2023010461331,2023,010461331,1,1,3,2,71,10,3,5,3,0,0,0,0,6,E01004530,-1,0,0.0,1.0,-1,6,20,2,4,1,22:23,6,1,9
2023401263907,2023,401263907,2,1,1,1,12,3,3,0,0,0,0,0,1,6,E01017508,3,1,0.0,1.0,-1,6,30,1,1,2,08:25,5,2,1
2023010436721,2023,010436721,1,1,1,1,28,6,3,0,0,0,0,0,3,2,E01004090,-1,0,0.0,1.0,-1,6,20,9,1,9,12:46,1,2,3
2023421394139,2023,421394139,2,1,1,2,45,7,3,0,0,0,0,0,9,9,E01023461,3,1,0.0,1.0,-1,1,50,1,1,1,15:00,2,2,9
2023501293673,2023,501293673,1,1,1,1,24,5,3,0,0,0,0,0,9,5,E01018973,3,1,0.0,1.0,-1,1,60,2,4,2,22:45,2,1,9
2023520300438,2023,520300438,1,3,2,1,17,4,3,0,0,2,0,0,9,1,E01029105,-1,0,0.09738,0.90262,-1,6,60,1,6,1,20:28,6,1,9
2023010421056,2023,010421056,1,1,3,2,31,6,3,10,9,0,0,0,0,4,E01014951,-1,0,0.0,1.0,-1,6,30,1,4,1,17:55,6,1,9
2023010446277,2023,010446277,1,1,3,1,42,7,3,1,9,0,0,0,0,6,E01003764,-1,0,0.0,1.0,-1,2,20,1,1,1,20:43,4,1,9
2023010443168,2023,010443168,2,1,1,1,26,6,3,0,0,0,0,0,3,2,E01003980,-1,0,0.0,1.0,-1,6,20,1,4,1,22:26,2,2,3
2023010441988,2023,010441988,1,1,1,2,62,9,3,0,0,0,0,0,9,7,E01001204,-1,0,0.0,1.0,-1,2,20,1,1,1,15:35,3,2,9
2023201289738,2023,201289738,1,1,1,2,47,8,2,0,0,0,0,0,9,1,E01010526,7,1,1.0,0.0,-1,3,30,1,1,1,13:23,3,2,9
2023552301274,2023,552301274,1,2,2,2,37,7,3,0,0,2,0,0,9,3,E01015285,-1,0,0.04345,0.95655,-1,6,30,1,1,1,15:05,2,3,9
2023101397252,2023,101397252,1,2,1,2,40,7,3,0,0,0,0,0,9,1,E01008731,3,1,0.0,1.0,-1,6,30,2,4,2,22:14,7,2,9
2023311338010,2023,311338010,1,1,2,2,25,5,2,0,0,1,0,0,9,4,E01027928,6,1,1.0,0.0,-1,1,40,2,4,2,21:15,4,2,9
2023451265719,2023,451265719,2,2,1,2,30,6,3,0,0,0,0,0,9,6,E01030550,3,1,0.0,1.0,-1,7,70,1,4,1,16:20,5,3,9
2023471380302,2023,471380302,2,3,2,1,9,2,3,0,0,2,0,0,9,10,E01031735,3,1,0.0,1.0,-1,6,40,1,4,2,17:40,4,2,9
2023041297090,2023,041297090,2,1,1,1,50,8,3,0,0,0,0,0,9,1,E01012578,3,1,0.0,1.0,-1,6,20,1,4,1,23:45,7,2,9
2023201416120,2023,201416120,2,1,1,1,40,7,2,0,0,0,0,0,9,1,E01010063,7,1,1.0,0.0,-1,6,30,1,1,1,05:48,6,3,9
2023421370046,2023,421370046,1,3,1,1,17,4,3,0,0,0,0,0,9,3,E01016012,3,1,0.0,1.0,-1,6,60,2,6,2,23:15,5,1,9
2023461383979,2023,461383979,2,1,2,2,5,1,3,0,0,1,0,0,9,1,E01024615,3,1,0.0,1.0,-1,6,30,2,1,2,11:52,7,2,9
2023131322661,2023,131322661,2,2,1,1,51,8,3,0,0,0,0,0,9,3,E01011547,3,1,0.0,1.0,-1,1,40,1,1,1,07:52,2,2,9
2023311328634,2023,311328634,2,1,1,1,39,7,3,0,0,0,0,0,9,4,E01028210,3,1,0.0,1.0,-1,6,40,1,1,1,17:05,2,2,9
2023122300207,2023,122300207,1,1,1,2,48,8,3,0,0,0,0,0,1,8,E01013392,-1,0,0.10559,0.89441,-1,6,30,1,1,1,11:07,7,1,1
2023141393565,2023,141393565,1,1,1,1,33,6,2,0,0,0,0,0,9,-1,-1,6,1,1.0,0.0,-1,6,30,2,4,2,02:42,1,1,9
2023371353963,2023,371353963,2,2,1,2,60,9,3,0,0,0,0,0,9,9,E01029973,3,1,0.0,1.0,-1,6,30,1,1,1,07:43,3,3,9
2023501268501,2023,501268501,1,3,1,1,45,7,3,0,0,0,0,0,19,6,E01024174,3,1,0.0,1.0,-1,6,60,1,6,1,20:35,4,2,19
2023201393955,2023,201393955,1,1,3,2,-1,-1,2,10,9,0,0,0,0,-1,-1,5,1,1.0,0.0,-1,6,30,1,1,1,08:57,5,1,9
2023010472036,2023,010472036,1,1,3,1,46,8,1,9,9,0,0,0,0,-1,-1,-1,0,0.0,0.0,-1,3,20,1,4,1,05:54,1,2,9
2023141334642,2023,141334642,1,1,3,2,65,9,3,6,8,0,0,0,0,4,E01007693,3,1,0.0,1.0,-1,6,30,1,1,1,12:25,5,1,98
2023041296435,2023,041296435,1,4,2,1,7,2,3,0,0,2,0,0,9,9,E01025451,3,1,0.0,1.0,-1,3,30,1,1,1,15:30,5,2,9
2023430094346,2023,430094346,1,2,2,2,47,8,3,0,0,1,0,0,9,10,E01028475,-1,0,0.05947,0.94053,-1,3,70,1,1,1,08:07,5,4,9
2023430534046,2023,430534046,1,1,1,1,20,4,3,0,0,0,0,0,9,5,E01015746,-1,0,0.10361,0.89639,-1,6,30,2,4,2,21:59,2,1,9
2023622300929,2023,622300929,2,4,2,1,19,4,3,0,0,2,0,0,9,4,W01000809,-1,0,0.00784,0.99216,-1,3,30,1,4,1,20:10,2,2,9
2023552301552,2023,552301552,1,1,1,1,61,9,3,0,0,0,0,0,5,3,E01015442,-1,0,0.18944,0.81056,-1,6,30,1,1,2,09:52,4,1,5
2023522324196,2023,522324196,1,1,1,2,21,5,3,0,0,0,0,0,-1,10,E01014415,-1,0,0.01373,0.98627,-1,6,30,1,1,1,11:43,3,2,-1
2023451379352,2023,451379352,1,1,1,1,32,6,3,0,0,0,0,0,1,4,E01030710,3,1,0.0,1.0,-1,6,30,9,1,1,12:00,4,2,1
2023320138652,2023,320138652,1,1,1,1,47,8,2,0,0,0,0,0,21,1,E01026126,-1,0,1.0,0.0,-1,3,70,1,1,1,11:30,2,2,21
2023501343142,2023,501343142,1,1,1,1,50,8,2,0,0,0,0,0,3,10,E01015133,6,1,1.0,0.0,-1,6,60,1,1,1,11:53,1,3,3
2023101302246,2023,101302246,1,1,3,1,12,3,3,5,3,0,0,0,0,-1,-1,3,1,0.0,1.0,-1,6,30,1,1,1,16:30,4,1,9
2023111306032,2023,111306032,1,1,3,2,15,3,3,9,7,0,0,0,0,5,E01020650,3,1,0.0,1.0,-1,6,30,1,1,1,08:40,4,1,9
2023122300995,2023,122300995,2,1,1,1,32,6,3,0,0,0,0,0,1,3,E01013386,-1,0,0.10947,0.89053,-1,6,20,1,1,1,12:10,4,2,1
2023010437932,2023,010437932,1,1,1,1,32,6,3,0,0,0,0,0,3,2,E01001515,-1,0,0.0,1.0,-1,9,20,1,1,1,13:58,2,2,3
2023010461320,2023,010461320,2,1,1,1,28,6,3,0,0,0,0,0,3,2,E01003512,-1,0,0.0,1.0,-1,6,20,2,4,2,23:45,6,2,3
2023552400055,2023,552400055,1,1,1,1,23,5,3,0,0,0,0,0,9,7,E01020538,-1,0,0.06815,0.93185,-1,6,60,1,1,1,10:37,1,2,9
2023010471984,2023,010471984,1,1,1,1,52,8,3,0,0,0,0,0,9,4,E01023681,-1,0,0.0,1.0,-1,3,70,1,1,1,17:45,7,2,9
2023122300617,2023,122300617,2,5,2,1,80,11,3,0,0,1,0,0,9,6,E01007426,-1,0,0.04291,0.95709,-1,6,50,2,1,2,18:00,6,4,9
2023141312184,2023,141312184,2,2,2,1,36,7,2,0,0,1,0,0,9,3,E01011784,7,1,1.0,0.0,-1,6,60,1,1,1,19:45,7,2,9
2023340WN4132,2023,340WN4132,1,1,1,1,18,4,3,0,0,0,0,0,9,6,E01027159,-1,0,0.02961,0.97039,-1,6,30,1,1,1,08:10,3,2,9
2023351396026,2023,351396026,2,1,1,1,46,8,3,0,0,0,0,0,9,5,E01018214,3,1,0.0,1.0,-1,6,30,1,4,2,16:45,6,3,9
2023552301166,2023,552301166,1,2,2,1,34,6,3,0,0,1,0,0,9,3,E01015285,-1,0,0.16807,0.83193,-1,3,60,7,6,2,01:26,4,2,9
2023041351382,2023,041351382,1,1,1,1,19,4,2,0,0,0,0,0,3,1,E01005731,7,1,1.0,0.0,-1,6,20,1,1,2,18:38,2,2,3
2023371321742,2023,371321742,2,1,2,2,7,2,3,0,0,1,0,0,9,10,E01030179,3,1,0.0,1.0,-1,6,30,1,1,1,18:22,5,2,9
2023501391053,2023,501391053,3,1,1,1,29,6,3,0,0,0,0,0,9,5,E01029173,3,1,0.0,1.0,-1,6,40,1,1,1,09:48,6,4,9
2023131330697,2023,131330697,1,1,3,2,12,3,3,10,3,0,0,2,0,3,E01010630,3,1,0.0,1.0,-1,6,30,1,1,1,15:37,2,1,9
2023231325678,2023,231325678,1,1,3,2,52,8,3,5,2,0,0,0,0,3,E01025943,3,1,0.0,1.0,-1,6,30,1,1,1,11:30,1,1,9
2023552301465,2023,552301465,2,1,1,1,70,10,3,0,0,0,0,0,1,5,E01020577,-1,0,0.11496,0.88504,-1,6,30,1,1,1,09:10,4,2,1
2023141377836,2023,141377836,1,1,2,1,49,8,3,0,0,2,0,0,9,10,E01019787,3,1,0.0,1.0,-1,6,30,4,4,1,21:23,4,1,9
2023411396326,2023,411396326,1,1,1,1,40,7,3,0,0,0,0,0,9,-1,-1,3,1,0.0,1.0,-1,3,40,1,1,2,12:45,4,2,9
2023451373506,2023,451373506,1,1,1,1,63,9,3,0,0,0,0,0,9,10,E01030504,3,1,0.0,1.0,-1,6,30,1,4,1,22:30,7,2,9
2023461377011,2023,461377011,1,1,1,1,84,11,2,0,0,0,0,0,9,4,E01024243,7,1,1.0,0.0,-1,6,30,1,1,2,10:55,2,2,9
2023141347804,2023,141347804,2,1,1,1,22,5,2,0,0,0,0,0,5,2,E01007815,7,1,1.0,0.0,-1,6,30,1,7,1,21:09,6,2,5
2023501262922,2023,501262922,1,1,3,2,64,9,2,5,3,0,0,-1,0,5,E01020182,6,1,1.0,0.0,-1,6,30,1,1,1,09:05,2,1,9
2023221263888,2023,221263888,2,1,1,1,49,8,3,0,0,0,0,0,1,6,E01014093,3,1,0.0,1.0,-1,6,30,1,4,1,17:00,6,2,1
2023010431572,2023,010431572,1,1,1,1,23,5,3,0,0,0,0,0,3,3,E01001188,-1,0,0.0,1.0,-1,9,30,9,1,9,18:00,7,2,3
2023010467705,2023,010467705,1,1,1,1,32,6,3,0,0,0,0,0,3,4,E01004525,-1,0,0.0,1.0,-1,6,20,2,1,2,19:20,6,1,3
2023631338686,2023,631338686,1,1,1,1,31,6,2,0,0,0,0,0,3,3,W01001902,7,1,1.0,0.0,-1,6,30,1,7,1,02:45,6,2,3
2023991268858,2023,991268858,1,1,3,1,58,9,3,4,1,0,0,0,0,1,-1,3,1,0.0,1.0,-1,6,30,1,4,2,06:40,6,1,9
2023010471842,2023,010471842,1,1,1,1,44,7,3,0,0,0,0,0,8,5,E01002219,-1,0,0.0,1.0,-1,3,50,2,4,2,22:45,6,2,8
2023231320871,2023,231320871,1,1,3,2,13,3,2,5,3,0,0,0,0,10,E01031175,7,1,1.0,0.0,-1,6,40,1,1,1,18:17,4,1,9
2023311312312,2023,311312312,2,1,1,1,53,8,3,0,0,0,0,0,1,-1,-1,3,1,0.0,1.0,-1,7,30,9,1,1,16:00,7,2,1
2023201366991,2023,201366991,1,1,1,1,40,7,3,0,0,0,0,0,9,2,E01009890,3,1,0.0,1.0,-1,6,30,1,1,1,14:50,6,2,9
2023061350931,2023,061350931,2,1,1,2,28,6,3,0,0,0,0,0,9,6,E01004883,3,1,0.0,1.0,-1,3,40,1,1,1,14:41,1,3,9
2023101338225,2023,101338225,1,1,1,2,18,4,3,0,0,0,0,0,9,6,E01027505,3,1,0.0,1.0,-1,6,30,2,1,2,09:00,6,2,9
2023201298331,2023,201298331,3,5,2,2,26,6,3,0,0,2,0,0,9,8,E01010395,3,1,0.0,1.0,-1,3,70,1,4,1,20:07,4,3,9
2023320261353,2023,320261353,1,2,1,1,20,4,3,0,0,0,0,0,9,9,E01026231,-1,0,0.11972,0.88028,-1,6,60,2,6,2,01:00,2,1,9
2023451319947,2023,451319947,1,1,1,1,47,8,2,0,0,0,0,0,1,9,E01003458,7,1,1.0,0.0,-1,6,30,1,1,1,10:36,1,1,1
2023320771807,2023,320771807,1,1,2,2,71,10,3,0,0,0,0,0,90,7,E01026066,-1,0,0.22507,0.77493,-1,3,50,1,1,2,13:21,7,1,90
2023522400169,2023,522400169,1,1,3,2,63,9,3,5,1,0,0,0,0,9,E01014784,-1,0,0.11214,0.88786,-1,6,30,1,1,1,11:00,5,1,9
2023010438123,2023,010438123,1,1,3,2,29,6,3,5,1,0,0,0,0,2,E01002072,-1,0,0.0,1.0,-1,6,20,1,1,1,17:00,3,1,4
2023131297204,2023,131297204,2,1,3,2,31,6,3,10,9,0,0,2,0,1,E01011468,3,1,0.0,1.0,-1,6,30,1,4,1,20:35,1,2,-1
202360A142192,2023,60A142192,1,1,3,1,77,11,3,9,8,0,0,0,0,-1,-1,-1,0,0.19952,0.80048,-1,6,30,1,1,1,08:45,2,1,9
2023041373915,2023,041373915,2,1,1,1,56,9,3,0,0,0,0,0,1,5,E01025427,3,1,0.0,1.0,-1,3,40,8,1,2,07:20,2,2,1
2023010448197,2023,010448197,1,1,1,1,22,5,3,0,0,0,0,0,3,4,E01004750,-1,0,0.0,1.0,-1,6,30,1,1,1,14:30,7,2,3
2023311387321,2023,311387321,1,10,2,2,7,2,3,0,0,0,4,0,11,-1,-1,3,1,0.0,1.0,-1,6,60,2,1,2,13:30,3,1,11
2023041352212,2023,041352212,2,1,1,2,64,9,3,0,0,0,0,0,9,5,E01024969,3,1,0.0,1.0,-1,6,30,1,1,1,16:32,4,2,9
2023471260137,2023,471260137,1,1,1,2,48,8,3,0,0,0,0,0,9,7,E01024101,3,1,0.0,1.0,-1,6,50,1,4,2,19:34,5,2,9
2023501389866,2023,501389866,1,1,1,1,78,11,3,0,0,0,0,0,9,3,E01015195,3,1,0.0,1.0,-1,1,30,1,1,1,15:49,2,2,9
2023101334463,2023,101334463,2,1,1,2,47,8,3,0,0,0,0,0,9,3,E01008449,3,1,0.0,1.0,-1,3,30,2,1,2,20:50,3,2,9
2023542168423,2023,542168423,3,3,2,1,75,10,3,0,0,1,0,0,9,10,E01030593,-1,0,0.10673,0.89327,-1,6,60,1,1,1,14:20,2,3,9
2023052300053,2023,052300053,2,1,1,2,26,6,3,0,0,0,0,0,9,1,E01006908,-1,0,0.07328,0.92672,-1,6,20,1,1,1,15:08,1,4,9
2023531348418,2023,531348418,2,2,2,1,15,3,2,0,0,1,0,0,9,4,E01022450,6,1,1.0,0.0,-1,6,30,1,1,1,10:20,2,2,9
2023991276802,2023,991276802,2,2,2,2,59,9,3,0,0,1,0,0,9,-1,-1,3,1,0.0,1.0,-1,6,20,1,1,1,14:30,3,2,9
2023010450106,2023,010450106,1,2,2,-1,-1,-1,3,0,0,0,4,0,11,9,E01001521,-1,0,0.0,1.0,-1,6,20,1,1,1,13:32,2,1,11
2023991352423,2023,991352423,2,2,2,1,28,6,3,0,0,0,0,0,19,1,-1,3,1,0.0,1.0,-1,3,70,1,1,1,08:40,5,2,19
2023010456459,2023,010456459,1,1,1,2,40,7,3,0,0,0,0,0,1,9,E01001521,-1,0,0.0,1.0,-1,6,20,1,1,1,07:35,4,2,1
2023522400708,2023,522400708,1,1,1,1,34,6,2,0,0,0,0,0,1,4,E01014676,-1,0,1.0,0.0,-1,6,40,9,4,2,17:30,2,2,1
2023010448960,2023,010448960,1,1,3,1,5,1,3,8,2,0,0,0,0,2,E01000077,-1,0,0.0,1.0,-1,6,30,1,1,1,08:00,4,1,9
2023201314865,2023,201314865,1,1,3,1,18,4,3,5,9,0,0,2,0,2,E01010343,3,1,0.0,1.0,-1,6,30,1,1,1,13:47,1,1,9
2023122300948,2023,122300948,1,1,1,1,53,8,3,0,0,0,0,0,5,3,E01027824,-1,0,0.21587,0.78413,-1,6,60,1,1,1,13:18,7,1,5
2023010431932,2023,010431932,1,3,2,2,18,4,3,0,0,1,0,0,9,2,E01004471,-1,0,0.0,1.0,-1,6,30,1,1,1,12:59,2,2,9
2023010434164,2023,010434164,1,4,2,2,13,3,3,0,0,2,0,0,9,8,E01021750,-1,0,0.0,1.0,-1,6,30,8,1,1,13:43,7,2,9
2023221392666,2023,221392666,1,1,3,2,16,4,3,1,3,0,0,0,0,8,W01000443,3,1,0.0,1.0,-1,6,30,1,4,1,16:34,4,1,9
2023361280154,2023,361280154,2,1,1,1,16,4,2,0,0,0,0,0,1,1,E01026704,7,1,1.0,0.0,-1,6,30,1,1,1,08:20,4,2,1
2023461268100,2023,461268100,2,1,1,1,12,3,3,0,0,0,0,0,1,8,E01024354,3,1,0.0,1.0,-1,6,40,1,1,1,08:23,2,2,1
2023052302886,2023,052302886,1,1,3,2,71,10,2,8,1,0,0,0,0,6,E01006911,-1,0,1.0,0.0,-1,6,30,3,4,2,22:00,7,1,9
2023201408308,2023,201408308,1,1,3,1,29,6,3,5,3,0,0,2,0,5,E01009185,3,1,0.0,1.0,-1,6,30,1,1,1,07:05,5,1,9
2023052301769,2023,052301769,1,1,1,1,24,5,3,0,0,0,0,0,3,1,E01006413,-1,0,0.20828,0.79172,-1,6,30,8,4,1,00:10,6,2,3
2023351358567,2023,351358567,1,1,1,1,60,9,3,0,0,0,0,0,3,5,E01026715,3,1,0.0,1.0,-1,6,40,1,1,1,13:21,4,2,3
2023631321718,2023,631321718,2,1,1,1,57,9,2,0,0,0,0,0,5,4,W01000678,5,1,1.0,0.0,-1,6,40,1,1,1,15:00,5,2,5
2023010446819,2023,010446819,1,1,2,2,53,8,3,0,0,1,0,0,9,1,E01004757,-1,0,0.0,1.0,-1,6,20,1,1,1,20:00,7,2,9
2023332300626,2023,332300626,1,2,2,1,26,6,3,0,0,2,0,0,9,7,E01027771,-1,0,0.05297,0.94703,-1,3,70,2,4,2,23:05,7,1,9
2023440420970,2023,440420970,1,1,1,2,18,4,3,0,0,0,0,0,9,10,E01022517,-1,0,0.01444,0.98556,-1,6,30,1,1,1,10:28,7,2,9
202363C013623,2023,63C013623,2,2,2,1,5,1,3,0,0,1,0,0,9,8,W01000580,-1,0,0.08421,0.91579,-1,6,60,1,1,1,16:50,3,2,9
2023061294834,2023,061294834,1,1,3,1,19,4,2,9,9,0,0,0,0,4,E01006199,5,1,1.0,0.0,-1,6,30,1,1,1,17:16,5,1,19
2023010463077,2023,010463077,1,1,1,2,23,5,3,0,0,0,0,0,9,8,E01000671,-1,0,0.0,1.0,-1,6,20,1,4,1,01:15,4,4,9
2023451292602,2023,451292602,1,1,1,1,44,7,3,0,0,0,0,0,9,3,E01030711,3,1,0.0,1.0,-1,6,50,2,1,5,16:55,6,1,9
2023520400722,2023,520400722,2,1,1,2,42,7,3,0,0,0,0,0,9,5,E01029101,-1,0,0.0102,0.9898,-1,6,30,1,4,2,19:29,5,3,9
2023430475136,2023,430475136,1,2,1,1,24,5,3,0,0,0,0,0,1,-1,-1,-1,0,0.20573,0.79427,-1,6,60,1,1,1,11:14,1,1,1
2023461343921,2023,461343921,1,1,1,1,-1,-1,3,0,0,0,0,0,1,-1,-1,3,1,0.0,1.0,-1,6,30,1,1,1,08:30,7,2,1
2023041316606,2023,041316606,2,2,2,1,46,8,3,0,0,0,0,0,98,1,E01005947,3,1,0.0,1.0,-1,6,60,1,1,1,14:35,2,2,98
2023122300563,2023,122300563,1,1,3,2,86,11,2,6,9,0,0,0,0,8,E01027713,-1,0,1.0,0.0,-1,6,30,1,1,1,09:25,7,1,22
2023201376467,2023,201376467,1,1,3,2,17,4,2,5,1,0,0,0,0,5,E01009734,5,1,1.0,0.0,-1,6,30,1,1,1,12:55,2,1,9
2023010424811,2023,010424811,1,1,3,2,20,4,3,1,9,0,0,0,0,4,E01001167,-1,0,0.0,1.0,-1,6,30,1,4,1,19:00,4,1,9
2023010450342,2023,010450342,1,1,3,2,50,8,3,5,3,0,0,0,0,6,E01001163,-1,0,0.0,1.0,-1,6,20,1,1,1,08:54,3,1,19
2023201395467,2023,201395467,1,1,3,2,67,10,3,4,1,0,0,0,0,2,E01010404,3,1,0.0,1.0,-1,2,30,2,1,2,11:50,7,1,9
2023401295404,2023,401295404,1,1,3,1,57,9,3,5,9,0,0,0,0,10,E01016826,3,1,0.0,1.0,-1,6,30,1,1,1,17:08,4,1,3
2023010426344,2023,010426344,1,1,1,1,33,6,3,0,0,0,0,0,3,5,E01004370,-1,0,0.0,1.0,-1,6,30,1,4,1,19:00,5,2,3
2023131385718,2023,131385718,2,1,3,2,76,11,2,9,5,0,0,-1,0,10,E01011554,5,1,1.0,0.0,-1,6,30,9,1,1,14:00,3,2,9
2023010425244,2023,010425244,1,1,1,2,24,5,3,0,0,0,0,0,1,5,E01001389,-1,0,0.0,1.0,-1,1,30,1,4,1,06:45,5,2,1
2023131324780,2023,131324780,2,1,1,1,55,8,3,0,0,0,0,0,1,2,E01011246,3,1,0.0,1.0,-1,6,40,1,1,1,11:20,7,2,1
2023231363683,2023,231363683,1,1,1,2,49,8,3,0,0,0,0,0,1,8,E01031192,3,1,0.0,1.0,-1,6,30,1,1,1,15:20,1,2,1