collision_index,collision_year,collision_ref_no,vehicle_reference,casualty_reference,casualty_class,sex_of_casualty,age_of_casualty,age_band_of_casualty,casualty_severity,pedestrian_location,pedestrian_movement,car_passenger,bus_or_coach_passenger,pedestrian_road_maintenance_worker,casualty_type,casualty_imd_decile,lsoa_of_casualty,enhanced_casualty_severity,casualty_injury_based,casualty_adjusted_severity_serious,casualty_adjusted_severity_slight,casualty_distance_banding,road_type,speed_limit,weather_conditions,light_conditions,road_surface_conditions,time,day_of_week,number_of_vehicles,vehicle_type
2023501389751,2023,501389751,2,1,1,1,32,6,2,0,0,0,0,0,1,8,E01020240,6,1,1.0,0.0,-1,6,30,1,1,2,10:20,7,2,1
2023010422822,2023,010422822,2,1,1,1,47,8,3,0,0,0,0,0,9,6,E01001295,-1,0,0.0,1.0,-1,3,20,7,4,2,05:04,1,2,9
2023351321139,2023,351321139,1,1,2,1,16,4,3,0,0,2,0,0,9,7,E01027023,3,1,0.0,1.0,-1,3,30,1,1,1,16:38,1,3,9
2023451422839,2023,451422839,1,1,3,1,0,1,3,5,9,0,0,0,0,8,E01030763,3,1,0.0,1.0,-1,6,30,1,1,1,13:15,5,1,19
2023010429561,2023,010429561,2,1,1,1,38,7,3,0,0,0,0,0,1,2,E01004067,-1,0,0.0,1.0,-1,1,30,1,4,1,22:30,2,2,1
2023430219716,2023,430219716,1,1,1,2,22,5,3,0,0,0,0,0,1,4,E01016481,-1,0,0.04711,0.95289,-1,6,30,1,1,1,18:30,5,2,1
2023061351501,2023,061351501,2,1,1,-1,30,6,2,0,0,0,0,0,1,8,E01006116,7,1,1.0,0.0,-1,6,30,1,1,1,10:05,5,2,1
2023131329744,2023,131329744,1,1,1,2,58,9,3,0,0,0,0,0,9,9,E01011419,3,1,0.0,1.0,-1,6,40,1,1,1,14:53,7,1,9
2023141390579,2023,141390579,1,1,2,2,44,7,3,0,0,2,0,0,9,10,E01010954,3,1,0.0,1.0,-1,6,30,5,4,2,20:00,1,2,9
2023351357628,2023,351357628,2,1,1,2,47,8,3,0,0,0,0,0,9,2,E01015633,3,1,0.0,1.0,-1,6,30,1,1,1,16:25,2,2,9
2023361347806,2023,361347806,2,1,1,2,34,6,3,0,0,0,0,0,9,-1,-1,3,1,0.0,1.0,-1,6,30,1,1,1,13:10,6,2,9
202354D684523,2023,54D684523,1,1,2,2,35,6,3,0,0,1,0,0,9,2,E01001012,-1,0,0.06528,0.93472,-1,6,60,5,1,2,14:53,4,3,9
2023501285590,2023,501285590,2,1,1,1,38,7,2,0,0,0,0,0,1,6,E01020161,6,1,1.0,0.0,-1,6,30,1,5,1,17:11,2,2,1
2023010448572,2023,010448572,1,1,3,2,39,7,2,6,9,0,0,0,0,6,E01001237,-1,0,1.0,0.0,-1,6,20,1,1,1,15:35,2,1,19
2023010436209,2023,010436209,1,1,1,2,33,6,3,0,0,0,0,0,9,4,E01002244,-1,0,0.0,1.0,-1,2,30,1,1,1,15:58,5,2,9
2023052301188,2023,052301188,1,1,2,1,0,1,3,0,0,1,0,0,9,-1,-1,-1,0,0.05079,0.94921,-1,6,30,1,1,1,20:15,3,2,9
2023170S11553,2023,170S11553,3,2,2,2,54,8,3,0,0,1,0,0,9,1,E01012262,-1,0,0.01752,0.98248,-1,6,30,1,1,1,17:10,4,3,9
2023201314173,2023,201314173,1,1,1,2,41,7,3,0,0,0,0,0,9,7,E01008968,3,1,0.0,1.0,-1,6,30,1,1,1,10:30,1,2,9
2023430030602,2023,430030602,1,1,3,1,37,7,2,9,5,0,0,0,0,6,E01017834,-1,0,1.0,0.0,-1,1,30,8,4,2,22:12,6,1,9
2023548109023,2023,548109023,1,1,1,1,79,11,3,0,0,0,0,0,19,5,E01032056,-1,0,0.05426,0.94574,-1,6,30,2,1,2,12:20,4,2,19
2023332300801,2023,332300801,1,1,1,1,30,6,2,0,0,0,0,0,1,7,E01031055,-1,0,1.0,0.0,-1,6,30,1,1,1,16:00,2,2,1
2023052301080,2023,052301080,1,1,1,1,34,6,2,0,0,0,0,0,5,9,E01006882,-1,0,1.0,0.0,-1,6,60,1,1,1,18:40,6,2,5
2023311308230,2023,311308230,1,1,2,2,82,11,3,0,0,2,0,0,8,1,E01013839,3,1,0.0,1.0,-1,9,30,1,4,1,22:30,5,1,8
2023010456008,2023,010456008,2,1,1,1,62,9,3,0,0,0,0,0,1,-1,-1,-1,0,0.0,1.0,-1,6,20,1,4,1,22:54,3,2,1
2023471380990,2023,471380990,2,1,1,1,44,7,2,0,0,0,0,0,1,8,E01021041,7,1,1.0,0.0,-1,6,30,4,1,1,16:00,5,2,1
2023010477257,2023,010477257,1,1,3,1,68,10,2,5,3,0,0,0,0,4,E01000591,-1,0,1.0,0.0,-1,7,20,1,7,1,19:45,6,1,9
2023552300965,2023,552300965,2,1,1,1,39,7,3,0,0,0,0,0,1,2,E01032662,-1,0,0.1275,0.8725,-1,6,30,1,1,1,17:22,4,2,1
2023010430596,2023,010430596,1,1,1,1,32,6,3,0,0,0,0,0,3,3,E01033464,-1,0,0.0,1.0,-1,6,30,1,4,1,20:30,1,2,3
2023010481131,2023,010481131,2,1,1,1,23,5,2,0,0,0,0,0,3,3,E01004167,-1,0,1.0,0.0,-1,6,20,1,1,1,13:09,5,3,3
202354B895923,2023,54B895923,2,1,1,1,34,6,3,0,0,0,0,0,5,8,E01023808,-1,0,0.08808,0.91192,-1,3,70,2,6,2,16:40,5,2,5
2023101308631,2023,101308631,1,1,3,2,60,9,3,1,1,0,0,0,0,-1,-1,3,1,0.0,1.0,-1,6,20,1,1,1,08:21,4,1,9
2023421377805,2023,421377805,1,1,3,2,8,2,3,1,1,0,0,0,0,5,E01021492,3,1,0.0,1.0,-1,6,30,1,4,1,17:10,4,1,9
2023311349194,2023,311349194,2,1,1,1,66,10,2,0,0,0,0,0,1,-1,-1,7,1,1.0,0.0,-1,3,40,1,1,1,14:52,3,2,1
2023311376542,2023,311376542,2,1,1,2,15,3,3,0,0,0,0,0,1,10,E01028084,3,1,0.0,1.0,-1,6,30,1,1,2,07:00,4,2,1
2023361285659,2023,361285659,5,5,1,2,27,6,3,0,0,0,0,0,9,4,E01026762,3,1,0.0,1.0,-1,6,50,3,1,3,15:40,6,8,9
2023501263944,2023,501263944,2,1,1,1,67,10,3,0,0,0,0,0,9,4,E01018784,3,1,0.0,1.0,-1,3,60,1,1,2,12:10,2,2,9
2023501346975,2023,501346975,2,2,1,2,38,7,3,0,0,0,0,0,9,1,E01009117,3,1,0.0,1.0,-1,6,40,1,1,1,11:00,6,3,9
2023010426055,2023,010426055,1,1,3,1,25,5,3,6,9,0,0,0,0,-1,-1,-1,0,0.0,1.0,-1,9,20,1,1,1,15:15,7,1,11
2023201389890,2023,201389890,1,1,3,1,49,8,3,6,9,0,0,2,0,2,E01009412,3,1,0.0,1.0,-1,6,30,1,4,1,21:30,2,1,9
2023201347126,2023,201347126,1,1,3,1,48,8,2,6,9,0,0,2,0,1,E01009376,6,1,1.0,0.0,-1,6,30,1,1,1,14:03,6,1,9
2023161371495,2023,161371495,1,1,2,2,-1,-1,3,0,0,0,4,0,11,7,E01012835,3,1,0.0,1.0,-1,3,30,1,1,1,12:17,7,1,11
2023421310523,2023,421310523,2,2,2,2,75,10,3,0,0,0,4,0,11,10,E01022070,3,1,0.0,1.0,-1,6,50,1,1,1,11:38,3,2,11
2023010444000,2023,010444000,1,3,2,-1,42,7,3,0,0,1,0,0,9,2,E01004242,-1,0,0.0,1.0,-1,7,30,1,1,1,15:47,4,2,9
2023201298478,2023,201298478,1,2,2,2,39,7,3,0,0,2,0,0,9,1,E01010039,3,1,0.0,1.0,-1,3,30,1,4,1,01:25,7,2,9
2023430031799,2023,430031799,3,3,1,2,61,9,3,0,0,0,0,0,9,10,E01031214,-1,0,0.08935,0.91065,-1,3,70,1,7,2,22:06,7,3,9
2023520001032,2023,520001032,3,1,1,1,47,8,3,0,0,0,0,0,9,8,E01014387,-1,0,0.01774,0.98226,-1,3,40,1,1,1,08:30,4,6,9
2023041381479,2023,041381479,2,1,2,2,13,3,3,0,0,2,0,0,9,1,E01025592,3,1,0.0,1.0,-1,6,30,1,4,4,15:40,6,2,9
2023421350161,2023,421350161,2,1,1,2,23,5,3,0,0,0,0,0,9,10,E01021754,3,1,0.0,1.0,-1,6,60,1,6,1,19:38,5,3,9
2023031312098,2023,031312098,1,2,2,2,50,8,3,0,0,1,0,0,9,5,E01013668,3,1,0.0,1.0,-1,6,60,1,1,1,11:35,7,2,9
2023031362280,2023,031362280,3,1,1,2,22,5,3,0,0,0,0,0,9,3,E01024883,3,1,0.0,1.0,-1,3,30,1,1,1,18:58,5,3,9
2023061266391,2023,061266391,2,2,2,2,17,4,2,0,0,1,0,0,9,8,E01006169,7,1,1.0,0.0,-1,6,30,1,4,1,15:00,7,4,9
2023421363394,2023,421363394,2,1,1,2,46,8,3,0,0,0,0,0,9,3,E01016005,3,1,0.0,1.0,-1,6,30,1,1,1,14:20,7,2,9
2023122300419,2023,122300419,1,1,1,1,25,5,3,0,0,0,0,0,9,8,E01027621,-1,0,0.07265,0.92735,-1,6,60,4,1,1,15:06,5,2,9
2023332300047,2023,332300047,1,2,2,1,20,4,3,0,0,2,0,0,9,1,E01013661,-1,0,0.01919,0.98081,-1,6,30,3,4,4,22:10,2,2,9
2023461381831,2023,461381831,1,4,2,2,18,4,3,0,0,1,0,0,9,3,E01024119,3,1,0.0,1.0,-1,6,50,2,6,2,21:44,6,1,9
2023440019580,2023,440019580,2,2,1,2,40,7,3,0,0,0,0,0,9,10,E01016630,-1,0,0.06347,0.93653,-1,1,60,1,4,1,21:35,1,2,9
2023461381680,2023,461381680,3,2,1,1,27,6,3,0,0,0,0,0,9,9,E01024213,3,1,0.0,1.0,-1,6,30,5,1,2,09:55,7,3,9
2023052400017,2023,052400017,1,1,3,2,40,7,3,10,9,0,0,0,0,1,E01007009,-1,0,0.10587,0.89413,-1,6,20,4,4,1,21:30,6,1,9
2023520301829,2023,520301829,1,1,1,1,20,4,3,0,0,0,0,0,1,5,E01029257,-1,0,0.0301,0.9699,-1,6,30,1,1,1,09:30,5,2,1
2023131302529,2023,131302529,1,2,1,1,17,4,3,0,0,0,0,0,9,8,E01005335,3,1,0.0,1.0,-1,6,60,2,6,2,20:19,1,2,9
2023501332227,2023,501332227,1,1,1,2,78,11,3,0,0,0,0,0,9,10,E01029104,3,1,0.0,1.0,-1,3,40,2,1,2,15:35,7,2,9
2023610041523,2023,610041523,1,1,1,2,38,7,3,0,0,0,0,0,9,-1,-1,-1,0,0.08182,0.91818,-1,6,20,1,1,1,09:50,3,1,9
2023010468857,2023,010468857,2,1,1,1,36,7,2,0,0,0,0,0,5,-1,-1,-1,0,1.0,0.0,-1,6,20,8,1,2,20:50,5,2,5
2023231298316,2023,231298316,1,1,2,2,14,3,3,0,0,2,0,0,9,7,E01010246,3,1,0.0,1.0,-1,3,70,5,1,2,18:31,6,1,9
2023201364146,2023,201364146,1,1,1,2,23,5,3,0,0,0,0,0,90,9,E01029672,3,1,0.0,1.0,-1,3,40,1,4,1,04:52,4,2,90
2023302300437,2023,302300437,1,1,1,1,49,8,2,0,0,0,0,0,4,3,E01019530,-1,0,1.0,0.0,-1,6,30,2,1,2,15:46,4,3,4
2023311267978,2023,311267978,1,1,3,2,80,11,3,6,9,0,0,0,0,2,E01028311,3,1,0.0,1.0,-1,6,30,1,1,1,13:28,4,1,22
2023351266964,2023,351266964,1,1,1,1,58,9,3,0,0,0,0,0,9,6,E01027051,3,1,0.0,1.0,-1,6,30,2,1,2,12:11,5,2,9
2023991378305,2023,991378305,1,1,1,1,19,4,2,0,0,0,0,0,9,10,-1,7,1,1.0,0.0,-1,6,60,2,6,5,01:07,1,1,9
2023430379627,2023,430379627,1,1,3,1,50,8,3,9,9,0,0,0,0,-1,-1,-1,0,0.11361,0.88639,-1,6,20,1,1,1,15:52,5,1,19
2023461265271,2023,461265271,1,1,3,1,18,4,3,5,9,0,0,2,0,6,E01024301,3,1,0.0,1.0,-1,6,30,1,1,1,11:20,2,1,19
2023991313571,2023,991313571,2,3,2,1,27,6,2,0,0,2,0,0,8,2,-1,7,1,1.0,0.0,-1,6,30,1,4,1,02:00,1,2,8
2023991310289,2023,991310289,2,1,1,1,23,5,3,0,0,0,0,0,1,2,-1,3,1,0.0,1.0,-1,6,30,1,1,1,13:55,5,2,1
2023010424246,2023,010424246,1,1,1,1,25,5,3,0,0,0,0,0,1,-1,-1,-1,0,0.0,1.0,-1,6,20,1,1,1,09:25,1,2,1
2023052302786,2023,052302786,2,1,1,1,42,7,3,0,0,0,0,0,19,1,E01006500,-1,0,0.02295,0.97705,-1,6,20,1,1,1,16:00,6,2,19
2023141280518,2023,141280518,1,1,3,1,11,3,2,9,5,0,0,0,0,2,E01007548,7,1,1.0,0.0,-1,6,20,1,1,1,15:20,6,1,9
2023221387416,2023,221387416,1,1,3,2,69,10,2,5,3,0,0,0,0,6,E01032383,7,1,1.0,0.0,-1,6,50,2,6,2,16:25,3,1,9
2023131393422,2023,131393422,1,1,3,1,35,6,3,5,1,0,0,2,0,3,E01010810,3,1,0.0,1.0,-1,6,30,5,4,2,18:49,7,1,9
2023231375214,2023,231375214,1,4,3,1,22,5,3,9,8,0,0,0,0,3,E01033355,3,1,0.0,1.0,-1,6,60,1,1,1,15:40,2,1,9
2023471290253,2023,471290253,1,1,3,1,13,3,3,8,7,0,0,0,0,2,E01021020,3,1,0.0,1.0,-1,6,30,4,1,1,17:05,6,1,9
2023320653502,2023,320653502,1,1,1,1,58,9,3,0,0,0,0,0,21,4,E01026279,-1,0,0.09536,0.90464,-1,6,30,2,4,5,20:15,6,1,21
2023991387903,2023,991387903,2,1,1,1,58,9,2,0,0,0,0,0,1,7,-1,5,1,1.0,0.0,-1,6,30,1,4,2,16:30,4,2,1
2023430006321,2023,430006321,2,1,1,2,23,5,3,0,0,0,0,0,9,-1,-1,-1,0,0.0161,0.9839,-1,3,40,1,1,1,14:45,5,4,9
2023010484608,2023,010484608,1,1,1,1,24,5,3,0,0,0,0,0,9,6,E01024363,-1,0,0.0,1.0,-1,6,20,1,4,1,20:18,1,2,9
2023131341069,2023,131341069,1,2,1,2,49,8,2,0,0,0,0,0,9,1,E01007325,7,1,1.0,0.0,-1,9,60,2,1,2,16:45,7,2,9
2023461308302,2023,461308302,1,2,1,2,60,9,3,0,0,0,0,0,9,7,E01024067,3,1,0.0,1.0,-1,6,60,1,1,1,15:30,7,2,9
2023522301562,2023,522301562,1,1,2,2,21,5,3,0,0,1,0,0,9,-1,-1,-1,0,0.01911,0.98089,-1,6,30,1,1,1,16:50,7,2,9
2023010457870,2023,010457870,1,2,2,-1,-1,-1,3,0,0,1,0,0,9,4,E01001041,-1,0,0.0,1.0,-1,6,30,1,1,2,13:15,7,1,9
2023010470009,2023,010470009,1,1,1,2,38,7,3,0,0,0,0,0,9,7,E01002470,-1,0,0.0,1.0,-1,6,30,1,4,1,20:55,4,2,9
2023531401745,2023,531401745,2,1,1,1,39,7,3,0,0,0,0,0,9,10,E01022438,3,1,0.0,1.0,-1,6,60,1,1,1,08:30,3,2,9
2023010478644,2023,010478644,1,1,1,1,26,6,3,0,0,0,0,0,9,6,E01004637,-1,0,0.0,1.0,-1,6,20,1,7,2,18:12,6,3,9
2023201341705,2023,201341705,2,2,1,2,51,8,2,0,0,0,0,0,9,10,E01010196,7,1,1.0,0.0,-1,2,30,1,1,1,16:58,7,2,9
2023201291555,2023,201291555,1,1,1,2,38,7,3,0,0,0,0,0,9,2,E01010279,3,1,0.0,1.0,-1,6,30,3,1,3,08:02,5,2,9
2023311360076,2023,311360076,2,2,1,1,66,10,3,0,0,0,0,0,9,4,E01033404,3,1,0.0,1.0,-1,3,30,1,1,2,08:50,6,3,9
2023361259229,2023,361259229,1,1,1,1,26,6,3,0,0,0,0,0,9,5,E01026423,3,1,0.0,1.0,-1,6,30,1,4,2,16:55,3,2,9
2023421327570,2023,421327570,1,2,1,1,25,5,3,0,0,0,0,0,9,4,E01033572,3,1,0.0,1.0,-1,1,50,1,1,1,16:51,1,1,9
2023440420775,2023,440420775,1,2,1,1,28,6,2,0,0,0,0,0,9,2,E01022964,-1,0,1.0,0.0,-1,6,30,1,4,1,05:03,7,2,9
2023461264698,2023,461264698,2,1,1,2,28,6,2,0,0,0,0,0,9,7,E01024707,7,1,1.0,0.0,-1,6,30,1,4,1,15:49,2,2,9
2023461337544,2023,461337544,2,1,1,2,37,7,3,0,0,0,0,0,9,9,E01024112,3,1,0.0,1.0,-1,3,50,1,1,1,10:11,3,3,9
2023311283277,2023,311283277,1,1,2,1,59,9,3,0,0,0,4,0,11,6,E01027948,3,1,0.0,1.0,-1,6,30,1,4,1,19:30,1,1,11
2023471315910,2023,471315910,2,1,1,1,75,10,3,0,0,0,0,0,22,8,E01031399,3,1,0.0,1.0,-1,9,20,1,1,1,15:30,4,2,22
2023401320776,2023,401320776,2,1,1,2,55,8,3,0,0,0,0,0,9,10,E01019787,3,1,0.0,1.0,-1,3,70,1,1,1,15:02,6,2,9
2023471273942,2023,471273942,1,1,1,2,21,5,3,0,0,0,0,0,9,7,E01021160,3,1,0.0,1.0,-1,6,40,1,1,2,07:45,2,2,9
2023031277647,2023,031277647,1,1,1,1,67,10,3,0,0,0,0,0,9,-1,-1,3,1,0.0,1.0,-1,6,60,1,1,1,13:07,6,2,9
2023070515515,2023,070515515,1,2,2,2,70,10,3,0,0,1,0,0,9,-1,-1,-1,0,0.0634,0.9366,-1,6,30,1,1,1,14:45,4,1,9
2023201330609,2023,201330609,2,1,2,2,42,7,3,0,0,1,0,0,9,2,E01010372,3,1,0.0,1.0,-1,7,30,1,1,1,14:58,4,2,9
2023440042894,2023,440042894,1,2,2,2,41,7,3,0,0,1,0,0,9,6,E01023118,-1,0,0.03928,0.96072,-1,6,40,1,1,1,10:38,4,2,9
2023471288344,2023,471288344,1,1,1,1,21,5,3,0,0,0,0,0,97,4,E01031596,3,1,0.0,1.0,-1,6,30,1,1,1,12:20,1,1,97
2023010435217,2023,010435217,1,1,3,1,70,10,3,4,1,0,0,0,0,2,E01000482,-1,0,0.0,1.0,-1,3,30,1,1,2,15:50,6,1,3
2023131384084,2023,131384084,1,1,3,1,13,3,3,4,4,0,0,2,0,6,E01011548,3,1,0.0,1.0,-1,6,30,1,1,2,15:12,4,1,9
2023010479557,2023,010479557,1,1,1,1,60,9,2,0,0,0,0,0,1,2,E01003601,-1,0,1.0,0.0,-1,6,30,1,4,1,16:45,7,2,1
2023010476091,2023,010476091,2,1,1,1,41,7,3,0,0,0,0,0,4,2,E01001875,-1,0,0.0,1.0,-1,6,20,1,1,1,15:10,1,2,4
2023631307541,2023,631307541,1,1,1,1,17,4,2,0,0,0,0,0,1,8,W01000547,5,1,1.0,0.0,-1,6,30,2,1,2,16:54,1,2,1
2023543138223,2023,543138223,1,1,2,1,30,6,2,0,0,0,0,0,20,8,E01031988,-1,0,1.0,0.0,-1,6,60,1,6,2,22:55,5,1,20
2023010459818,2023,010459818,1,1,3,1,-1,-1,3,10,9,0,0,0,0,5,E01032783,-1,0,0.0,1.0,-1,6,20,9,1,9,08:30,7,1,98
2023122300926,2023,122300926,1,1,3,2,76,11,2,5,1,0,0,0,0,4,E01010791,-1,0,1.0,0.0,-1,6,20,1,1,1,15:17,1,2,9
2023622300862,2023,622300862,1,1,3,2,59,9,2,6,9,0,0,0,0,10,W01001846,-1,0,1.0,0.0,-1,6,20,1,1,1,11:08,2,2,9
2023361274134,2023,361274134,2,1,1,1,31,6,3,0,0,0,0,0,3,5,E01026738,3,1,0.0,1.0,-1,6,30,1,4,2,20:35,4,2,3
2023430442977,2023,430442977,1,1,3,2,47,8,2,5,1,0,0,0,0,5,E01017710,-1,0,1.0,0.0,-1,6,30,1,5,2,20:28,2,1,9
2023161315228,2023,161315228,2,2,2,2,16,4,3,0,0,0,0,0,-1,2,E01013331,3,1,0.0,1.0,-1,6,40,1,1,1,18:30,1,2,-1
2023061306141,2023,061306141,1,2,1,1,28,6,3,0,0,0,0,0,9,-1,-1,3,1,0.0,1.0,-1,6,30,1,1,1,07:34,5,2,9
2023201309257,2023,201309257,1,1,1,2,38,7,3,0,0,0,0,0,9,7,E01010317,3,1,0.0,1.0,-1,6,30,1,1,2,16:55,5,2,9
2023401377408,2023,401377408,1,2,2,2,16,4,2,0,0,2,0,0,9,8,E01008725,6,1,1.0,0.0,-1,6,40,2,5,2,23:12,6,1,9
2023440046969,2023,440046969,1,1,1,1,39,7,3,0,0,0,0,0,9,3,E01016353,-1,0,0.07005,0.92995,-1,6,30,1,4,1,19:21,6,2,9
2023010466385,2023,010466385,1,1,1,1,34,6,3,0,0,0,0,0,1,6,E01002601,-1,0,0.0,1.0,-1,9,30,9,7,9,21:00,7,2,1
2023302300993,2023,302300993,2,4,2,1,21,5,3,0,0,2,0,0,9,6,E01019619,-1,0,0.08881,0.91119,-1,6,50,1,1,1,12:05,7,3,9
2023501269333,2023,501269333,1,1,1,1,37,7,3,0,0,0,0,0,9,7,E01020273,3,1,0.0,1.0,-1,6,60,1,6,1,01:30,1,1,9
2023070488287,2023,070488287,2,1,1,2,46,8,3,0,0,0,0,0,19,1,E01006541,-1,0,0.02062,0.97938,-1,3,70,1,1,1,13:45,3,2,19
2023070127286,2023,070127286,1,1,1,1,20,4,2,0,0,0,0,0,9,7,W01000331,-1,0,1.0,0.0,-1,6,40,1,6,1,05:20,2,2,9
2023371393866,2023,371393866,2,2,2,2,-1,-1,2,0,0,1,0,0,9,-1,-1,6,1,1.0,0.0,-1,6,50,1,1,1,14:39,1,4,9
2023451261301,2023,451261301,2,1,1,2,33,6,3,0,0,0,0,0,9,10,E01024426,3,1,0.0,1.0,-1,6,40,1,4,2,18:45,2,2,9
2023101326989,2023,101326989,2,2,2,2,21,5,3,0,0,0,4,0,11,-1,-1,3,1,0.0,1.0,-1,6,20,1,1,1,12:52,6,2,11
2023010438327,2023,010438327,1,1,1,1,22,5,2,0,0,0,0,0,97,8,E01002945,-1,0,1.0,0.0,-1,1,20,1,4,1,20:55,4,1,97
2023351337747,2023,351337747,2,2,1,2,60,9,3,0,0,0,0,0,3,8,E01015645,3,1,0.0,1.0,-1,6,30,1,1,1,08:46,6,2,3
2023061332035,2023,061332035,2,1,1,1,33,6,3,0,0,0,0,0,9,1,E01006019,3,1,0.0,1.0,-1,6,30,1,1,1,17:59,6,3,9
2023101272955,2023,101272955,2,1,1,1,27,6,3,0,0,0,0,0,9,3,E01008715,3,1,0.0,1.0,-1,6,40,1,1,1,11:35,1,2,9
2023201384306,2023,201384306,2,2,2,1,11,3,3,0,0,2,0,0,9,8,E01010540,3,1,0.0,1.0,-1,6,30,1,4,1,21:40,2,2,9
2023544258523,2023,544258523,2,1,1,2,29,6,3,0,0,0,0,0,9,2,E01015476,-1,0,0.02469,0.97531,-1,3,30,2,1,2,17:11,1,3,9
2023451325116,2023,451325116,1,1,1,1,35,6,3,0,0,0,0,0,9,10,E01030764,3,1,0.0,1.0,-1,6,40,1,1,1,15:50,1,2,9
2023501324899,2023,501324899,1,1,1,1,35,6,1,0,0,0,0,0,9,5,E01029185,1,1,0.0,0.0,-1,6,60,1,6,1,00:40,5,1,9
2023201300237,2023,201300237,1,1,3,1,15,3,3,1,1,0,0,0,0,1,E01010526,3,1,0.0,1.0,-1,3,40,1,1,1,17:10,2,1,9
2023471265595,2023,471265595,2,1,1,1,32,6,3,0,0,0,0,0,1,6,E01031784,3,1,0.0,1.0,-1,6,30,1,1,1,08:45,5,2,1
2023122300494,2023,122300494,1,1,1,1,74,10,3,0,0,0,0,0,3,9,E01027921,-1,0,0.26884,0.73116,-1,6,60,1,1,1,14:30,7,3,3
2023522300406,2023,522300406,1,2,2,2,22,5,3,0,0,2,0,0,8,9,E01014557,-1,0,0.00337,0.99663,-1,6,30,1,4,1,00:13,1,2,8
2023531278546,2023,531278546,1,1,1,1,59,9,2,0,0,0,0,0,9,6,E01022267,7,1,1.0,0.0,-1,6,60,1,6,1,17:52,2,1,9
2023052303068,2023,052303068,3,7,2,2,18,4,3,0,0,1,0,0,9,6,E01006935,-1,0,0.02234,0.97766,-1,6,30,1,4,2,19:20,2,3,9
2023522400241,2023,522400241,1,1,1,1,44,7,3,0,0,0,0,0,9,3,W01001312,-1,0,0.00605,0.99395,-1,3,70,1,1,1,09:05,3,2,9
2023531330856,2023,531330856,2,1,1,1,36,7,3,0,0,0,0,0,9,5,E01022448,3,1,0.0,1.0,-1,1,60,1,1,1,07:15,4,2,9
2023332300421,2023,332300421,1,2,2,1,21,5,2,0,0,1,0,0,9,8,E01030440,-1,0,1.0,0.0,-1,6,60,1,1,1,13:20,6,2,9
2023421312420,2023,421312420,2,3,1,1,75,10,3,0,0,0,0,0,9,1,E01009147,3,1,0.0,1.0,-1,3,70,1,1,1,13:20,7,2,9
2023010427103,2023,010427103,2,1,1,1,32,6,3,0,0,0,0,0,4,2,E01003689,-1,0,0.0,1.0,-1,6,30,1,1,1,07:00,3,2,4
2023201321072,2023,201321072,1,1,1,1,19,4,2,0,0,0,0,0,4,3,E01009763,7,1,1.0,0.0,-1,6,30,1,1,1,15:39,7,2,4
2023991323745,2023,991323745,1,1,3,1,13,3,3,5,2,0,0,0,0,9,-1,3,1,0.0,1.0,-1,6,30,1,1,1,15:30,4,1,9
2023052301356,2023,052301356,1,1,1,1,20,4,3,0,0,0,0,0,-1,1,E01006776,-1,0,0.13856,0.86144,-1,6,20,1,1,1,17:30,6,2,-1
2023122301383,2023,122301383,2,1,1,1,41,7,3,0,0,0,0,0,1,3,E01013410,-1,0,0.10789,0.89211,-1,6,30,2,4,2,17:40,1,2,1
2023421279549,2023,421279549,1,1,1,1,-1,-1,3,0,0,0,0,0,1,-1,-1,3,1,0.0,1.0,-1,1,30,1,4,2,19:15,3,2,1
2023010432846,2023,010432846,1,1,1,1,34,6,3,0,0,0,0,0,3,7,E01001411,-1,0,0.0,1.0,-1,9,30,1,1,1,10:15,2,2,3
2023141335538,2023,141335538,1,1,3,1,26,6,2,5,9,0,0,0,0,4,E01011499,7,1,1.0,0.0,-1,6,30,8,4,2,02:00,2,1,9
2023552300551,2023,552300551,1,1,3,1,22,5,3,6,9,0,0,0,0,8,E01009687,-1,0,0.12002,0.87998,-1,2,30,1,1,1,12:43,4,1,9
2023010467483,2023,010467483,1,1,1,1,24,5,3,0,0,0,0,0,3,4,E01002663,-1,0,0.0,1.0,-1,6,20,2,1,2,13:35,5,2,3
2023631342496,2023,631342496,1,1,1,1,36,7,2,0,0,0,0,0,5,5,E01014027,6,1,1.0,0.0,-1,6,60,1,1,1,19:10,4,1,5
2023122300448,2023,122300448,1,2,3,1,80,11,1,6,9,0,0,0,0,7,E01011800,-1,0,0.0,0.0,-1,6,30,1,1,1,15:46,4,2,9
2023052303052,2023,052303052,1,1,1,1,55,8,3,0,0,0,0,0,9,3,E01007297,-1,0,0.10796,0.89204,-1,3,60,1,1,2,10:15,7,2,9
2023522400851,2023,522400851,1,1,1,1,31,6,3,0,0,0,0,0,9,8,E01032668,-1,0,0.00715,0.99285,-1,6,20,1,1,1,10:15,4,2,9
2023991378966,2023,991378966,2,5,2,1,33,6,3,0,0,2,0,0,8,4,-1,3,1,0.0,1.0,-1,6,60,1,6,4,22:35,7,2,8
2023141334723,2023,141334723,2,3,2,2,73,10,2,0,0,1,0,0,9,-1,-1,6,1,1.0,0.0,-1,6,60,1,1,1,16:00,7,2,9
2023991269989,2023,991269989,1,1,1,2,61,9,3,0,0,0,0,0,9,-1,-1,3,1,0.0,1.0,-1,3,70,1,1,1,09:55,1,2,9