collision_index,collision_year,collision_ref_no,vehicle_reference,casualty_reference,casualty_class,sex_of_casualty,age_of_casualty,age_band_of_casualty,casualty_severity,pedestrian_location,pedestrian_movement,car_passenger,bus_or_coach_passenger,pedestrian_road_maintenance_worker,casualty_type,casualty_imd_decile,lsoa_of_casualty,enhanced_casualty_severity,casualty_injury_based,casualty_adjusted_severity_serious,casualty_adjusted_severity_slight,casualty_distance_banding,road_type,speed_limit,weather_conditions,light_conditions,road_surface_conditions,time,day_of_week,number_of_vehicles,vehicle_type
2023010435581,2023,010435581,1,2,2,2,21,5,3,0,0,2,0,0,9,4,E01003211,-1,0,0.0,1.0,-1,6,20,8,4,1,23:45,1,2,9
2023131289452,2023,131289452,1,1,1,1,40,7,3,0,0,0,0,0,9,3,E01011048,3,1,0.0,1.0,-1,3,30,1,1,1,08:07,4,2,9
2023131350193,2023,131350193,2,1,1,1,80,11,3,0,0,0,0,0,9,2,E01011041,3,1,0.0,1.0,-1,3,40,1,1,1,15:50,2,2,9
2023320150832,2023,320150832,1,1,1,1,18,4,3,0,0,0,0,0,9,10,E01013171,-1,0,0.15567,0.84433,-1,6,60,2,6,2,23:15,7,1,9
2023041266623,2023,041266623,1,1,2,2,7,2,3,0,0,1,0,0,9,8,E01025322,3,1,0.0,1.0,-1,6,60,8,6,4,16:44,2,1,9
2023131306307,2023,131306307,1,1,1,2,28,6,3,0,0,0,0,0,9,5,E01006670,3,1,0.0,1.0,-1,3,70,2,1,2,14:05,4,1,9
2023201372653,2023,201372653,1,2,2,2,35,6,3,0,0,1,0,0,9,-1,-1,3,1,0.0,1.0,-1,6,20,1,1,1,14:21,3,4,9
2023201406126,2023,201406126,1,2,2,2,15,3,3,0,0,1,0,0,9,4,E01009729,3,1,0.0,1.0,-1,6,30,1,1,1,16:49,2,2,9
2023522300654,2023,522300654,1,5,2,2,75,10,2,0,0,0,4,0,11,-1,-1,-1,0,1.0,0.0,-1,6,30,1,1,1,14:02,4,2,11
2023531311168,2023,531311168,1,1,1,1,45,7,3,0,0,0,0,0,9,6,E01022374,3,1,0.0,1.0,-1,6,60,1,1,1,19:00,4,2,9
202363D010223,2023,63D010223,1,1,1,1,78,11,3,0,0,0,0,0,9,8,E01032680,-1,0,0.1645,0.8355,-1,6,60,1,1,1,13:43,5,2,9
2023010446925,2023,010446925,1,1,1,2,40,7,3,0,0,0,0,0,9,9,E01016527,-1,0,0.0,1.0,-1,6,20,1,1,1,15:00,7,2,9
2023061366667,2023,061366667,1,2,2,2,30,6,3,0,0,1,0,0,9,-1,-1,3,1,0.0,1.0,-1,6,30,1,4,2,02:15,4,2,9
2023311384547,2023,311384547,1,2,2,2,35,6,3,0,0,1,0,0,9,-1,-1,3,1,0.0,1.0,-1,6,60,1,4,1,17:16,6,2,9
2023461371946,2023,461371946,2,2,1,1,41,7,3,0,0,0,0,0,9,9,E01016081,3,1,0.0,1.0,-1,3,70,2,1,2,07:30,4,2,9
2023471360136,2023,471360136,1,3,2,2,8,2,3,0,0,2,0,0,9,3,E01021044,3,1,0.0,1.0,-1,6,30,1,1,1,08:51,2,3,9
2023071225263,2023,071225263,2,1,1,1,81,11,3,0,0,0,0,0,9,5,E01018340,-1,0,0.05027,0.94973,-1,2,30,2,1,2,13:19,2,2,9
2023101354605,2023,101354605,1,2,2,1,24,5,2,0,0,1,0,0,9,-1,-1,5,1,1.0,0.0,-1,3,40,1,1,1,19:10,4,2,9
2023131298963,2023,131298963,1,1,1,1,51,8,3,0,0,0,0,0,9,9,E01011887,3,1,0.0,1.0,-1,3,40,1,1,1,08:55,5,2,9
2023041342818,2023,041342818,2,1,2,2,49,8,3,0,0,0,0,0,19,2,E01025268,3,1,0.0,1.0,-1,6,30,1,1,1,13:45,3,2,19
2023411291768,2023,411291768,2,1,1,1,37,7,3,0,0,0,0,0,3,3,E01001446,3,1,0.0,1.0,-1,6,30,2,4,2,19:55,5,2,3
2023440532309,2023,440532309,1,1,1,1,26,6,3,0,0,0,0,0,3,4,E01023083,-1,0,0.1077,0.8923,-1,3,30,1,4,1,21:03,1,2,3
2023461358751,2023,461358751,1,1,1,2,39,7,3,0,0,0,0,0,19,6,E01023980,3,1,0.0,1.0,-1,6,20,8,4,2,19:26,4,4,19
2023411292299,2023,411292299,1,1,1,2,24,5,3,0,0,0,0,0,9,5,E01010402,3,1,0.0,1.0,-1,3,70,2,4,2,16:40,3,3,9
2023010448221,2023,010448221,2,1,1,2,28,6,3,0,0,0,0,0,1,6,E01003219,-1,0,0.0,1.0,-1,6,30,1,1,1,20:00,2,2,1
2023010476457,2023,010476457,1,1,1,1,23,5,3,0,0,0,0,0,9,1,E01005245,-1,0,0.0,1.0,-1,3,70,1,1,1,13:30,3,1,9
2023221321195,2023,221321195,2,1,1,1,51,8,3,0,0,0,0,0,9,5,E01028946,3,1,0.0,1.0,-1,1,30,1,1,1,16:05,1,2,9
2023461387344,2023,461387344,1,1,1,1,39,7,3,0,0,0,0,0,9,7,E01024003,3,1,0.0,1.0,-1,6,30,2,1,2,17:21,1,2,9
2023552300290,2023,552300290,1,2,2,2,43,7,2,0,0,1,0,0,9,-1,-1,-1,0,1.0,0.0,-1,3,40,1,1,1,09:24,7,2,9
2023131388786,2023,131388786,3,1,1,1,23,5,3,0,0,0,0,0,3,5,E01011855,3,1,0.0,1.0,-1,3,40,1,4,1,17:59,6,4,3
2023501317253,2023,501317253,1,1,1,1,34,6,2,0,0,0,0,0,3,2,E01020039,7,1,1.0,0.0,-1,6,30,1,1,1,09:27,5,2,3
2023351279610,2023,351279610,1,1,3,1,14,3,3,10,9,0,0,0,0,8,E01018152,3,1,0.0,1.0,-1,6,20,1,1,-1,14:10,4,1,98
2023361380516,2023,361380516,1,1,3,2,29,6,3,5,3,0,0,2,0,6,E01033541,3,1,0.0,1.0,-1,9,30,9,1,2,12:43,4,1,9
2023010438894,2023,010438894,1,3,2,-1,5,1,3,0,0,2,0,0,9,2,E01004269,-1,0,0.0,1.0,-1,9,20,1,1,1,15:15,7,2,9
2023122300983,2023,122300983,2,1,1,1,29,6,3,0,0,0,0,0,9,8,E01027634,-1,0,0.04026,0.95974,-1,6,30,1,1,1,11:05,1,2,9
2023991292716,2023,991292716,2,2,1,1,63,9,2,0,0,0,0,0,9,3,-1,5,1,1.0,0.0,-1,7,70,1,1,1,10:06,6,2,9
2023122301332,2023,122301332,1,1,1,1,57,9,2,0,0,0,0,0,5,10,E01011280,-1,0,1.0,0.0,-1,6,60,1,1,1,13:35,1,2,5
2023531288324,2023,531288324,2,1,1,1,33,6,3,0,0,0,0,0,5,3,E01022286,3,1,0.0,1.0,-1,6,30,1,1,1,10:15,1,3,5
2023010459623,2023,010459623,1,1,1,1,44,7,3,0,0,0,0,0,9,3,E01000058,-1,0,0.0,1.0,-1,6,30,1,4,2,23:25,3,1,9
2023131261741,2023,131261741,2,2,2,1,8,2,3,0,0,0,0,0,9,8,E01011556,3,1,0.0,1.0,-1,3,70,1,4,2,19:43,1,3,9
2023421361062,2023,421361062,2,1,1,2,55,8,3,0,0,0,0,0,1,8,E01021718,3,1,0.0,1.0,-1,1,30,1,1,1,16:25,4,2,1
2023010476794,2023,010476794,1,1,1,1,37,7,3,0,0,0,0,0,3,3,E01003035,-1,0,0.0,1.0,-1,6,20,1,7,2,22:00,4,1,3
2023010435780,2023,010435780,2,1,1,1,60,9,3,0,0,0,0,0,1,7,E01001913,-1,0,0.0,1.0,-1,6,20,1,1,1,19:20,2,2,1
2023440372320,2023,440372320,1,1,1,2,20,4,3,0,0,0,0,0,2,4,E01022805,-1,0,0.18829,0.81171,-1,6,40,1,1,1,18:26,3,2,2
2023122300453,2023,122300453,1,1,3,2,49,8,3,5,1,0,0,0,0,3,E01027846,-1,0,0.1728,0.8272,-1,6,30,1,1,1,00:01,7,1,9
2023332300596,2023,332300596,1,1,3,1,3,1,3,5,3,0,0,0,0,10,E01025707,-1,0,0.05557,0.94443,-1,6,30,2,1,2,13:20,2,1,9
2023010485888,2023,010485888,1,1,1,1,25,5,3,0,0,0,0,0,1,5,E01000996,-1,0,0.0,1.0,-1,9,20,1,4,1,18:10,6,2,1
2023461274022,2023,461274022,1,1,1,2,27,6,3,0,0,0,0,0,9,4,E01016164,3,1,0.0,1.0,-1,3,50,8,4,4,17:24,3,3,9
2023461344981,2023,461344981,2,1,1,2,54,8,3,0,0,0,0,0,9,8,E01024235,3,1,0.0,1.0,-1,6,30,1,1,1,17:22,2,2,9
2023991346162,2023,991346162,2,1,1,1,24,5,3,0,0,0,0,0,9,10,-1,3,1,0.0,1.0,-1,3,70,1,1,1,15:15,2,2,9
2023461307775,2023,461307775,1,3,2,1,18,4,3,0,0,0,0,0,19,7,E01024572,3,1,0.0,1.0,-1,6,30,1,4,1,20:43,4,2,19
2023161310093,2023,161310093,1,1,3,2,16,4,2,4,2,0,0,0,0,1,E01013205,7,1,1.0,0.0,-1,6,30,1,1,1,06:15,4,1,9
2023221378466,2023,221378466,1,1,3,2,70,10,3,5,3,0,0,0,0,8,E01032438,3,1,0.0,1.0,-1,6,30,1,4,2,17:23,4,1,9
2023070088267,2023,070088267,2,1,1,1,54,8,3,0,0,0,0,0,1,10,E01018652,-1,0,0.07712,0.92288,-1,2,30,8,4,1,19:45,2,2,1
2023131349001,2023,131349001,1,1,1,1,42,7,3,0,0,0,0,0,1,10,E01011535,3,1,0.0,1.0,-1,6,30,1,1,1,09:10,3,2,1
2023361316456,2023,361316456,2,1,1,1,55,8,3,0,0,0,0,0,1,6,E01026781,3,1,0.0,1.0,-1,6,40,1,1,1,16:30,4,2,1
2023461267509,2023,461267509,2,3,2,1,2,1,3,0,0,2,0,0,9,9,E01024006,3,1,0.0,1.0,-1,6,40,1,1,2,09:59,5,2,9
2023010425867,2023,010425867,1,1,1,1,36,7,3,0,0,0,0,0,3,2,E01002046,-1,0,0.0,1.0,-1,9,20,1,1,9,13:08,1,2,3
2023010475017,2023,010475017,1,1,1,1,24,5,3,0,0,0,0,0,3,4,E01001276,-1,0,0.0,1.0,-1,2,30,9,7,9,19:00,7,2,3
2023311389087,2023,311389087,1,1,1,1,30,6,2,0,0,0,0,0,5,8,E01026229,5,1,1.0,0.0,-1,3,70,1,6,1,21:22,6,1,5
2023061295325,2023,061295325,2,2,1,1,31,6,3,0,0,0,0,0,9,1,E01012679,3,1,0.0,1.0,-1,3,70,2,1,2,07:00,3,2,9
2023371325332,2023,371325332,2,1,1,2,55,8,3,0,0,0,0,0,1,1,E01030250,3,1,0.0,1.0,-1,6,30,1,1,1,19:20,5,2,1
2023052303059,2023,052303059,1,4,2,1,36,7,3,0,0,2,0,0,9,3,E01006784,-1,0,0.12581,0.87419,-1,6,30,2,4,2,01:08,7,1,9
2023061327778,2023,061327778,2,1,2,2,23,5,3,0,0,2,0,0,9,4,E01005462,3,1,0.0,1.0,-1,6,30,1,1,1,17:46,6,2,9
2023201314223,2023,201314223,2,2,2,2,31,6,3,0,0,1,0,0,9,5,E01009825,3,1,0.0,1.0,-1,6,30,1,1,1,18:30,7,2,9
2023332301062,2023,332301062,1,1,1,2,18,4,3,0,0,0,0,0,9,4,W01000129,-1,0,0.02947,0.97053,-1,6,60,1,1,2,10:04,2,3,9
2023421272328,2023,421272328,2,1,1,2,41,7,3,0,0,0,0,0,9,7,E01021952,3,1,0.0,1.0,-1,6,60,1,1,1,11:28,7,4,9
2023041355961,2023,041355961,2,1,1,1,51,8,3,0,0,0,0,0,1,9,E01012598,3,1,0.0,1.0,-1,6,30,1,1,1,09:00,5,2,1
2023371361493,2023,371361493,2,1,1,1,29,6,3,0,0,0,0,0,3,2,E01030227,3,1,0.0,1.0,-1,6,30,9,1,1,17:00,5,2,3
2023010423144,2023,010423144,1,1,1,1,41,7,3,0,0,0,0,0,9,2,E01000015,-1,0,0.0,1.0,-1,3,50,1,4,1,19:00,1,2,9
2023041331952,2023,041331952,2,1,2,2,53,8,3,0,0,1,0,0,9,9,E01025021,3,1,0.0,1.0,-1,3,40,1,1,1,14:55,6,2,9
2023471376395,2023,471376395,2,3,1,2,38,7,3,0,0,0,0,0,9,5,E01031401,3,1,0.0,1.0,-1,1,30,2,4,2,21:29,6,3,9
2023010453547,2023,010453547,1,1,3,2,41,7,3,4,9,0,0,0,0,3,E01003534,-1,0,0.0,1.0,-1,6,30,1,1,1,12:24,5,1,1
2023010455886,2023,010455886,1,1,1,1,38,7,3,0,0,0,0,0,4,2,E01001441,-1,0,0.0,1.0,-1,9,20,1,1,1,13:28,2,2,4
2023010468661,2023,010468661,1,1,1,1,29,6,3,0,0,0,0,0,5,3,E01001661,-1,0,0.0,1.0,-1,6,30,1,1,1,16:35,4,2,5
2023111301369,2023,111301369,2,1,1,1,41,7,3,0,0,0,0,0,9,7,E01020684,3,1,0.0,1.0,-1,6,40,1,4,1,00:01,5,2,9
2023122300798,2023,122300798,1,1,2,2,17,4,3,0,0,1,0,0,9,6,E01027760,-1,0,0.0985,0.9015,-1,6,60,2,5,2,00:25,7,1,9
2023161312990,2023,161312990,2,1,1,1,26,6,3,0,0,0,0,0,1,-1,-1,3,1,0.0,1.0,-1,7,30,1,1,1,08:20,6,2,1
2023371432620,2023,371432620,2,1,1,1,18,4,3,0,0,0,0,0,1,2,E01030029,3,1,0.0,1.0,-1,6,30,1,1,2,07:03,2,2,1
2023031387688,2023,031387688,1,1,1,1,22,5,3,0,0,0,0,0,9,-1,-1,3,1,0.0,1.0,-1,6,60,1,1,2,09:50,4,1,9
2023161352584,2023,161352584,1,1,1,1,24,5,3,0,0,0,0,0,9,1,E01007643,3,1,0.0,1.0,-1,3,70,1,1,1,15:23,4,2,9
2023311324450,2023,311324450,1,1,1,1,38,7,3,0,0,0,0,0,22,4,E01028343,3,1,0.0,1.0,-1,3,50,1,1,1,10:20,6,2,22
2023010456531,2023,010456531,2,1,3,2,50,8,3,6,9,0,0,0,0,-1,-1,-1,0,0.0,1.0,-1,6,20,1,4,1,22:30,7,2,9
2023141353036,2023,141353036,1,1,3,2,63,9,3,10,9,0,0,0,0,5,E01008111,3,1,0.0,1.0,-1,3,30,1,1,1,15:01,6,1,11
2023320069128,2023,320069128,1,1,3,1,26,6,2,4,3,0,0,0,0,4,E01026132,-1,0,1.0,0.0,-1,6,30,1,1,1,17:30,5,1,4
2023451322315,2023,451322315,2,1,1,1,12,3,3,0,0,0,0,0,1,-1,-1,3,1,0.0,1.0,-1,6,30,1,1,1,17:20,6,2,1
2023010424873,2023,010424873,1,1,1,1,31,6,3,0,0,0,0,0,3,4,E01004591,-1,0,0.0,1.0,-1,6,30,1,4,1,19:30,6,2,3
2023010438956,2023,010438956,1,1,1,1,38,7,3,0,0,0,0,0,3,5,E01003142,-1,0,0.0,1.0,-1,3,20,2,1,2,12:00,1,2,3
2023231268172,2023,231268172,2,1,1,2,31,6,3,0,0,0,0,0,9,10,E01031143,3,1,0.0,1.0,-1,6,30,1,1,-1,14:20,5,2,9
2023991392908,2023,991392908,2,2,2,2,77,11,3,0,0,1,0,0,9,4,-1,3,1,0.0,1.0,-1,6,60,5,1,2,10:20,5,2,9
2023122300856,2023,122300856,2,1,1,1,69,10,3,0,0,0,0,0,9,5,-1,-1,0,0.04897,0.95103,-1,6,30,1,1,1,14:40,2,2,9
2023231370344,2023,231370344,1,1,1,2,48,8,3,0,0,0,0,0,9,3,E01031047,3,1,0.0,1.0,-1,1,50,1,1,1,19:30,1,2,9
2023430412885,2023,430412885,2,1,1,1,55,8,3,0,0,0,0,0,1,9,E01028534,-1,0,0.0534,0.9466,-1,6,30,1,1,1,10:50,5,2,1
2023340WN3042,2023,340WN3042,2,1,1,1,45,7,3,0,0,0,0,0,9,3,E01027188,-1,0,0.04437,0.95563,-1,6,30,1,1,1,13:48,6,4,9
2023371376220,2023,371376220,2,1,1,2,22,5,3,0,0,0,0,0,9,2,E01029969,3,1,0.0,1.0,-1,3,50,9,1,-1,17:20,3,2,9
2023411298468,2023,411298468,1,4,2,2,27,6,3,0,0,1,0,0,9,1,E01000551,3,1,0.0,1.0,-1,6,30,1,4,1,18:18,6,2,9
2023440375946,2023,440375946,1,1,1,2,59,9,3,0,0,0,0,0,9,10,E01022972,-1,0,0.04058,0.95942,-1,1,50,1,6,1,21:47,5,2,9
2023451294879,2023,451294879,2,2,1,1,51,8,3,0,0,0,0,0,9,2,E01030599,3,1,0.0,1.0,-1,6,30,1,1,1,16:10,6,2,9
2023451312067,2023,451312067,2,1,1,1,47,8,3,0,0,0,0,0,9,10,E01030998,3,1,0.0,1.0,-1,6,40,1,1,1,10:20,7,3,9
2023471279893,2023,471279893,1,1,2,1,18,4,3,0,0,1,0,0,9,5,E01021100,3,1,0.0,1.0,-1,6,60,1,6,1,20:45,5,1,9
2023311292233,2023,311292233,2,1,1,1,41,7,3,0,0,0,0,0,9,1,E01008399,3,1,0.0,1.0,-1,3,70,1,6,2,20:15,5,2,9
2023111272735,2023,111272735,1,1,3,1,34,6,1,4,1,0,0,0,0,7,E01020853,1,1,0.0,0.0,-1,3,50,1,5,2,05:39,6,1,9
202360A094426,2023,60A094426,1,1,1,1,28,6,3,0,0,0,0,0,9,-1,-1,-1,0,0.21197,0.78803,-1,6,60,1,7,1,01:51,1,1,9
2023141307707,2023,141307707,1,1,3,1,81,11,2,9,9,0,0,0,0,5,E01007476,7,1,1.0,0.0,-1,6,40,1,4,1,22:30,2,1,9
2023061358837,2023,061358837,2,1,1,2,28,6,2,0,0,0,0,0,9,8,E01012628,7,1,1.0,0.0,-1,6,40,1,1,-1,18:50,7,2,9
2023122301355,2023,122301355,1,1,1,1,19,4,2,0,0,0,0,0,9,4,E01027803,-1,0,1.0,0.0,-1,6,40,1,6,1,20:10,5,2,9
2023332301207,2023,332301207,1,1,1,2,45,7,3,0,0,0,0,0,9,3,E01013626,-1,0,0.0245,0.9755,-1,6,40,1,4,4,23:15,3,2,9
2023501318742,2023,501318742,4,4,1,2,31,6,3,0,0,0,0,0,9,4,E01018951,3,1,0.0,1.0,-1,6,40,1,1,1,12:58,1,4,9
2023522301576,2023,522301576,2,1,1,2,70,10,3,0,0,0,0,0,9,8,E01014805,-1,0,0.06269,0.93731,-1,6,60,1,1,1,16:59,2,2,9
2023991364014,2023,991364014,1,1,1,2,61,9,3,0,0,0,0,0,9,9,-1,3,1,0.0,1.0,-1,6,30,1,1,2,13:15,3,1,9
2023991376855,2023,991376855,1,4,2,1,2,1,3,0,0,2,0,0,9,2,-1,3,1,0.0,1.0,-1,6,30,1,4,1,18:51,2,2,9
2023010477194,2023,010477194,1,2,2,1,31,6,3,0,0,0,0,0,8,3,E01000020,-1,0,0.0,1.0,-1,7,20,1,4,1,17:30,6,2,8
2023010480678,2023,010480678,1,1,3,1,67,10,3,5,2,0,0,0,0,4,E01001636,-1,0,0.0,1.0,-1,7,30,1,1,2,07:40,3,1,9
2023052400014,2023,052400014,1,1,1,1,50,8,2,0,0,0,0,0,3,4,E01018624,-1,0,1.0,0.0,-1,6,30,5,4,2,16:15,7,1,3
2023471361599,2023,471361599,2,1,1,1,29,6,2,0,0,0,0,0,5,1,E01020980,7,1,1.0,0.0,-1,6,60,1,1,1,16:25,3,3,5
2023411270265,2023,411270265,2,1,1,1,24,5,3,0,0,0,0,0,9,6,E01023583,3,1,0.0,1.0,-1,6,30,1,4,1,23:37,7,2,9
2023631375934,2023,631375934,1,1,1,2,50,8,2,0,0,0,0,0,9,6,W01000575,6,1,1.0,0.0,-1,6,30,2,4,2,17:20,6,3,9
2023991280004,2023,991280004,2,1,1,2,52,8,3,0,0,0,0,0,9,8,-1,3,1,0.0,1.0,-1,3,70,1,6,1,21:00,5,2,9
2023010436047,2023,010436047,1,1,2,1,5,1,3,0,0,2,0,0,9,2,E01002068,-1,0,0.0,1.0,-1,6,20,1,1,1,15:00,4,2,9
2023546696123,2023,546696123,2,1,1,2,58,9,3,0,0,0,0,0,9,4,E01031862,-1,0,0.03612,0.96388,-1,3,50,1,1,1,16:44,2,2,9
2023031343623,2023,031343623,2,1,1,1,57,9,3,0,0,0,0,0,9,-1,-1,3,1,0.0,1.0,-1,6,30,1,1,1,14:20,1,2,9
2023061382126,2023,061382126,1,3,2,2,20,4,2,0,0,1,0,0,9,-1,-1,6,1,1.0,0.0,-1,6,30,2,4,2,20:30,1,5,9
2023201453341,2023,201453341,1,1,1,2,-1,-1,3,0,0,0,0,0,9,6,W01001587,3,1,0.0,1.0,-1,6,30,1,1,1,13:13,1,2,9
2023501302919,2023,501302919,2,1,1,1,78,11,3,0,0,0,0,0,9,10,E01020165,3,1,0.0,1.0,-1,6,60,1,1,1,16:17,7,2,9
2023522300594,2023,522300594,2,1,1,1,-1,-1,3,0,0,0,0,0,-1,-1,-1,-1,0,0.01915,0.98085,-1,1,30,2,4,2,21:30,4,2,-1
2023010448801,2023,010448801,1,1,3,2,31,6,3,1,1,0,0,0,0,3,E01004684,-1,0,0.0,1.0,-1,6,20,1,1,1,16:45,3,1,1
2023991378966,2023,991378966,2,2,2,1,27,6,3,0,0,2,0,0,8,9,-1,3,1,0.0,1.0,-1,6,60,1,6,4,22:35,7,2,8
2023231297709,2023,231297709,2,2,1,2,35,6,3,0,0,0,0,0,9,3,E01031080,3,1,0.0,1.0,-1,6,50,1,1,1,13:03,1,2,9
2023010455547,2023,010455547,2,1,1,1,49,8,3,0,0,0,0,0,5,4,E01003662,-1,0,0.0,1.0,-1,3,40,1,1,1,15:12,1,2,5
2023010453127,2023,010453127,1,1,3,1,-1,-1,3,10,9,0,0,0,0,-1,-1,-1,0,0.0,1.0,-1,6,20,9,1,9,18:10,2,1,9
2023461368551,2023,461368551,1,1,3,2,53,8,3,1,9,0,0,0,0,9,E01024265,3,1,0.0,1.0,-1,6,30,1,1,1,11:30,7,1,9
2023231396297,2023,231396297,2,3,2,1,17,4,3,0,0,1,0,0,9,9,E01025833,3,1,0.0,1.0,-1,6,60,2,6,2,20:01,4,2,9
2023522400031,2023,522400031,2,1,1,1,63,9,3,0,0,0,0,0,9,10,E01014749,-1,0,0.02605,0.97395,-1,6,30,1,1,1,16:45,5,2,9
2023010467785,2023,010467785,1,1,1,1,14,3,3,0,0,0,0,0,1,7,E01003287,-1,0,0.0,1.0,-1,6,20,2,1,2,08:25,4,2,1
2023010441108,2023,010441108,1,1,1,-1,28,6,3,0,0,0,0,0,9,3,E01024169,-1,0,0.0,1.0,-1,1,30,1,1,1,14:30,3,1,9
2023161387940,2023,161387940,2,1,1,2,21,5,3,0,0,0,0,0,9,8,E01013264,3,1,0.0,1.0,-1,6,40,8,4,2,16:11,4,2,9
2023201380850,2023,201380850,2,1,1,1,39,7,3,0,0,0,0,0,9,1,E01009368,3,1,0.0,1.0,-1,6,30,1,1,1,16:58,3,2,9
2023991295209,2023,991295209,1,1,1,1,18,4,2,0,0,0,0,0,9,4,-1,6,1,1.0,0.0,-1,6,60,2,1,2,17:30,2,2,9
2023010460083,2023,010460083,1,1,3,2,79,11,1,1,1,0,0,0,0,9,E01002516,-1,0,0.0,0.0,-1,6,30,1,1,1,12:59,6,1,9
2023421262881,2023,421262881,2,1,1,1,56,9,3,0,0,0,0,0,9,3,E01000750,3,1,0.0,1.0,-1,9,40,1,1,1,08:40,6,2,9
2023131309840,2023,131309840,2,4,1,1,41,7,2,0,0,0,0,0,9,3,E01010789,7,1,1.0,0.0,-1,6,30,1,4,1,23:24,1,3,9
2023161375501,2023,161375501,2,1,1,2,22,5,3,0,0,0,0,0,9,2,E01013284,3,1,0.0,1.0,-1,6,30,2,4,2,18:15,4,2,9
2023421323908,2023,421323908,2,2,2,2,16,4,3,0,0,1,0,0,9,7,E01033057,3,1,0.0,1.0,-1,6,30,1,1,1,14:30,1,2,9
2023440284069,2023,440284069,1,1,2,1,34,6,2,0,0,2,0,0,9,10,E01023242,-1,0,1.0,0.0,-1,6,20,1,4,2,02:24,7,1,9
2023451340077,2023,451340077,1,1,3,1,40,7,3,10,1,0,0,2,0,5,E01030852,3,1,0.0,1.0,-1,6,30,1,1,2,20:21,4,1,9
2023010474890,2023,010474890,2,1,1,1,29,6,3,0,0,0,0,0,3,4,E01001173,-1,0,0.0,1.0,-1,6,30,1,1,2,08:00,2,2,3
2023302301497,2023,302301497,2,1,1,1,17,4,3,0,0,0,0,0,3,8,E01019840,-1,0,0.06481,0.93519,-1,1,30,9,1,1,13:00,5,2,3
2023401310025,2023,401310025,1,1,1,2,23,5,3,0,0,0,0,0,9,2,E01015737,3,1,0.0,1.0,-1,3,40,1,1,1,18:30,7,2,9
2023031266418,2023,031266418,2,5,2,1,6,2,3,0,0,2,0,0,9,-1,-1,3,1,0.0,1.0,-1,6,60,1,1,4,16:15,7,2,9
2023201376776,2023,201376776,1,1,1,1,32,6,3,0,0,0,0,0,9,-1,-1,3,1,0.0,1.0,-1,1,40,1,1,1,15:16,2,2,9
2023351372965,2023,351372965,2,2,2,1,11,3,3,0,0,1,0,0,9,-1,-1,3,1,0.0,1.0,-1,3,70,1,1,1,13:05,4,2,9
2023401354960,2023,401354960,1,2,1,2,20,4,3,0,0,0,0,0,9,5,E01015700,3,1,0.0,1.0,-1,6,30,1,1,1,15:43,4,2,9
2023401386529,2023,401386529,2,1,1,1,41,7,3,0,0,0,0,0,9,9,E01015697,3,1,0.0,1.0,-1,3,40,1,4,2,20:55,5,2,9
2023520301301,2023,520301301,1,1,1,1,18,4,3,0,0,0,0,0,9,8,E01029024,-1,0,0.04533,0.95467,-1,6,30,1,7,1,22:00,1,2,9
2023010428778,2023,010428778,1,1,1,1,27,6,3,0,0,0,0,0,1,2,E01004283,-1,0,0.0,1.0,-1,9,20,1,1,1,16:24,7,2,1
2023501293432,2023,501293432,1,1,1,1,51,8,2,0,0,0,0,0,1,3,E01018815,7,1,1.0,0.0,-1,6,60,1,1,1,10:15,7,2,1
2023010443138,2023,010443138,1,1,3,1,13,3,2,8,3,0,0,0,0,5,E01033577,-1,0,1.0,0.0,-1,2,20,1,1,1,15:55,2,1,19
2023010432824,2023,010432824,1,1,1,1,55,8,3,0,0,0,0,0,1,6,E01000414,-1,0,0.0,1.0,-1,6,30,1,1,1,12:04,7,2,1
2023201321810,2023,201321810,2,1,1,1,13,3,3,0,0,0,0,0,1,2,E01010293,3,1,0.0,1.0,-1,6,30,1,1,1,16:25,6,2,1
2023501300349,2023,501300349,1,1,1,1,60,9,2,0,0,0,0,0,5,9,E01020215,6,1,1.0,0.0,-1,6,60,1,1,2,05:57,1,1,5
2023430355161,2023,430355161,1,1,1,1,23,5,3,0,0,0,0,0,9,10,E01028722,-1,0,0.04645,0.95355,-1,6,30,1,1,1,17:52,4,2,9
2023522324524,2023,522324524,1,1,1,2,21,5,3,0,0,0,0,0,9,10,E01014967,-1,0,0.00481,0.99519,-1,6,30,1,1,1,07:50,4,2,9
2023991287554,2023,991287554,1,2,1,1,22,5,2,0,0,0,0,0,9,2,-1,6,1,1.0,0.0,-1,6,60,2,1,2,10:10,5,2,9
2023041265337,2023,041265337,3,1,1,1,72,10,3,0,0,0,0,0,9,7,E01025485,3,1,0.0,1.0,-1,6,20,3,5,4,09:12,5,3,9
2023131309405,2023,131309405,1,1,1,2,51,8,3,0,0,0,0,0,9,3,E01006073,3,1,0.0,1.0,-1,6,60,1,1,1,16:36,6,2,9
2023201416079,2023,201416079,1,1,1,1,18,4,3,0,0,0,0,0,9,1,E01009298,3,1,0.0,1.0,-1,3,50,1,1,1,09:25,1,2,9
2023440391284,2023,440391284,1,1,1,2,71,10,3,0,0,0,0,0,9,-1,-1,-1,0,0.06266,0.93734,-1,6,30,1,1,1,13:05,2,2,9
2023131307142,2023,131307142,2,1,1,1,64,9,2,0,0,0,0,0,1,7,E01011145,6,1,1.0,0.0,-1,6,30,1,1,1,12:07,7,2,1