collision_index,collision_year,collision_ref_no,vehicle_reference,casualty_reference,casualty_class,sex_of_casualty,age_of_casualty,age_band_of_casualty,casualty_severity,pedestrian_location,pedestrian_movement,car_passenger,bus_or_coach_passenger,pedestrian_road_maintenance_worker,casualty_type,casualty_imd_decile,lsoa_of_casualty,enhanced_casualty_severity,casualty_injury_based,casualty_adjusted_severity_serious,casualty_adjusted_severity_slight,casualty_distance_banding,road_type,speed_limit,weather_conditions,light_conditions,road_surface_conditions,time,day_of_week,number_of_vehicles,vehicle_type
2023522400840,2023,522400840,1,1,2,2,55,8,3,0,0,2,0,0,8,9,E01015504,-1,0,0.00673,0.99327,-1,6,20,1,1,1,09:50,4,1,8
2023101332387,2023,101332387,2,2,2,1,19,4,2,0,0,2,0,0,9,4,E01008875,6,1,1.0,0.0,-1,3,70,2,1,2,12:19,7,2,9
2023221340468,2023,221340468,1,1,1,1,47,8,2,0,0,0,0,0,9,4,E01032381,5,1,1.0,0.0,-1,6,60,1,1,1,20:30,5,4,9
2023351387789,2023,351387789,2,3,2,1,51,8,2,0,0,-1,0,0,9,-1,-1,7,1,1.0,0.0,-1,6,30,1,4,1,23:46,1,2,9
2023052301225,2023,052301225,1,1,1,2,18,4,3,0,0,0,0,0,1,1,E01006432,-1,0,0.14159,0.85841,-1,6,20,1,1,1,17:00,7,2,1
2023131366234,2023,131366234,1,1,2,1,15,3,3,0,0,1,0,0,9,2,E01010981,3,1,0.0,1.0,-1,9,30,5,4,2,18:45,6,2,9
2023421353379,2023,421353379,1,2,2,2,18,4,2,0,0,2,0,0,9,9,E01022063,5,1,1.0,0.0,-1,6,60,1,6,1,22:17,1,1,9
2023501297473,2023,501297473,2,1,1,2,40,7,3,0,0,0,0,0,9,1,E01015048,3,1,0.0,1.0,-1,6,30,1,1,1,13:13,5,2,9
2023010435099,2023,010435099,1,1,1,1,57,9,2,0,0,0,0,0,-1,3,E01004676,-1,0,1.0,0.0,-1,7,20,1,4,1,21:15,5,2,-1
2023371307148,2023,371307148,1,1,1,1,93,11,2,0,0,0,0,0,9,3,E01030162,7,1,1.0,0.0,-1,1,70,1,1,1,14:20,1,1,9
2023401369279,2023,401369279,1,1,1,2,54,8,3,0,0,0,0,0,9,6,E01017616,3,1,0.0,1.0,-1,6,30,1,1,1,08:55,4,2,9
2023411345118,2023,411345118,2,2,2,2,54,8,3,0,0,1,0,0,9,4,E01023555,3,1,0.0,1.0,-1,6,20,1,1,1,17:20,2,2,9
2023371313152,2023,371313152,1,1,1,1,50,8,2,0,0,0,0,0,90,5,E01029884,6,1,1.0,0.0,-1,6,30,1,1,1,10:00,3,2,90
2023010432182,2023,010432182,1,1,1,2,66,10,3,0,0,0,0,0,9,2,E01001487,-1,0,0.0,1.0,-1,6,30,1,1,1,13:45,3,2,9
2023340NN3632,2023,340NN3632,1,1,1,2,38,7,3,0,0,0,0,0,9,5,E01027100,-1,0,0.08549,0.91451,-1,6,60,1,1,1,17:00,3,2,9
2023461379921,2023,461379921,2,1,1,2,59,9,3,0,0,0,0,0,9,10,E01024326,3,1,0.0,1.0,-1,3,30,1,1,1,05:05,5,2,9
202360A060407,2023,60A060407,2,2,1,1,25,5,3,0,0,0,0,0,9,-1,-1,-1,0,0.05045,0.94955,-1,3,30,1,1,1,18:17,3,2,9
2023070694998,2023,070694998,2,1,1,2,70,10,3,0,0,0,0,0,9,5,E01012542,-1,0,0.03163,0.96837,-1,6,30,2,1,2,14:30,2,2,9
2023201267385,2023,201267385,2,1,1,2,30,6,2,0,0,0,0,0,9,1,E01009632,6,1,1.0,0.0,-1,6,30,1,1,1,13:45,6,2,9
2023010455378,2023,010455378,1,1,3,1,57,9,3,5,1,0,0,0,0,2,E01003239,-1,0,0.0,1.0,-1,1,20,4,1,2,16:45,7,1,9
2023010472020,2023,010472020,2,1,1,2,50,8,3,0,0,0,0,0,1,2,E01000959,-1,0,0.0,1.0,-1,2,20,1,4,1,22:10,7,2,1
2023440019511,2023,440019511,1,1,1,2,18,4,3,0,0,0,0,0,1,3,E01017228,-1,0,0.19287,0.80713,-1,6,30,1,4,2,20:27,1,1,1
2023340WN5022,2023,340WN5022,1,1,1,1,64,9,3,0,0,0,0,0,9,4,E01027336,-1,0,0.08456,0.91544,-1,6,30,1,1,1,10:30,6,5,9
2023131289971,2023,131289971,1,1,3,1,74,10,2,8,1,0,0,1,0,9,E01011168,7,1,1.0,0.0,-1,6,30,1,1,2,12:36,5,1,9
2023411298431,2023,411298431,1,1,3,1,15,3,2,4,1,0,0,0,0,3,E01023873,7,1,1.0,0.0,-1,3,50,1,1,1,14:30,3,1,9
2023010419301,2023,010419301,1,1,1,1,34,6,3,0,0,0,0,0,9,2,E01001828,-1,0,0.0,1.0,-1,6,20,1,4,2,06:03,2,2,9
2023302301955,2023,302301955,1,1,1,2,50,8,3,0,0,0,0,0,9,10,E01028364,-1,0,0.0404,0.9596,-1,3,70,1,6,1,17:15,2,2,9
2023332300876,2023,332300876,1,1,2,2,24,5,3,0,0,1,0,0,9,-1,-1,-1,0,0.0599,0.9401,-1,6,60,2,6,2,21:45,4,1,9
2023401289884,2023,401289884,1,1,3,1,51,8,3,8,9,0,0,2,0,2,E01015720,3,1,0.0,1.0,-1,6,30,1,4,-1,20:05,2,1,9
2023440204141,2023,440204141,1,1,3,1,8,2,2,5,1,0,0,0,0,2,E01023006,-1,0,1.0,0.0,-1,6,30,1,1,1,17:55,3,1,9
2023610013123,2023,610013123,1,1,3,1,53,8,3,6,9,0,0,0,0,2,W01001466,-1,0,0.12516,0.87484,-1,6,30,2,4,2,22:20,7,1,11
2023371357125,2023,371357125,2,1,1,1,21,5,3,0,0,0,0,0,1,5,E01030176,3,1,0.0,1.0,-1,6,30,1,1,1,10:10,7,2,1
2023440450289,2023,440450289,2,1,1,1,20,4,3,0,0,0,0,0,3,4,E01017093,-1,0,0.13713,0.86287,-1,6,30,2,4,2,17:40,6,2,3
2023451382819,2023,451382819,1,1,1,2,25,5,3,0,0,0,0,0,9,6,E01003888,3,1,0.0,1.0,-1,6,30,2,1,2,10:25,3,2,9
2023061339517,2023,061339517,1,7,2,2,47,8,3,0,0,0,4,0,11,1,E01005245,3,1,0.0,1.0,-1,6,30,1,1,1,12:35,3,1,11
2023052301168,2023,052301168,1,3,2,1,30,6,2,0,0,0,0,0,19,1,E01006480,-1,0,1.0,0.0,-1,6,30,1,1,1,18:33,1,2,19
2023361311642,2023,361311642,2,1,1,1,64,9,3,0,0,0,0,0,19,4,E01026654,3,1,0.0,1.0,-1,6,60,1,1,1,07:43,6,2,19
2023131391012,2023,131391012,1,1,3,2,51,8,3,5,3,0,0,1,0,1,E01010842,3,1,0.0,1.0,-1,6,30,1,1,2,14:45,3,1,9
2023141378834,2023,141378834,1,1,1,1,-1,-1,2,0,0,0,0,0,9,4,E01007398,6,1,1.0,0.0,-1,6,30,1,1,1,10:15,7,3,9
2023161364806,2023,161364806,2,1,1,1,37,7,3,0,0,0,0,0,9,-1,-1,3,1,0.0,1.0,-1,6,60,1,6,1,06:26,5,2,9
2023461296507,2023,461296507,2,1,2,2,11,3,3,0,0,2,0,0,9,1,E01024611,3,1,0.0,1.0,-1,3,70,1,1,1,12:29,7,2,9
2023461347676,2023,461347676,2,1,1,1,22,5,3,0,0,0,0,0,9,9,E01016147,3,1,0.0,1.0,-1,6,30,1,1,2,13:20,3,2,9
2023010437570,2023,010437570,1,1,1,1,63,9,3,0,0,0,0,0,9,10,E01023551,-1,0,0.0,1.0,-1,6,30,1,1,1,15:07,7,2,9
2023070916763,2023,070916763,2,2,2,2,62,9,3,0,0,1,0,0,9,7,E01006498,-1,0,0.03292,0.96708,-1,3,60,2,1,2,13:20,6,2,9
2023221366948,2023,221366948,2,1,1,2,30,6,3,0,0,0,0,0,9,2,E01009213,3,1,0.0,1.0,-1,3,70,2,4,2,22:52,2,2,9
2023401282593,2023,401282593,1,3,2,1,14,3,2,0,0,2,0,0,9,7,E01017379,6,1,1.0,0.0,-1,6,30,1,4,1,02:13,3,1,9
2023010452894,2023,010452894,1,1,1,1,37,7,3,0,0,0,0,0,3,2,E01000007,-1,0,0.0,1.0,-1,3,30,1,4,1,10:15,6,2,3
2023122300148,2023,122300148,1,1,1,2,27,6,3,0,0,0,0,0,9,8,E01010645,-1,0,0.0369,0.9631,-1,6,60,1,4,2,17:19,5,2,9
2023411356452,2023,411356452,2,1,1,2,26,6,3,0,0,0,0,0,1,6,E01023922,3,1,0.0,1.0,-1,1,30,8,1,2,07:15,2,2,1
2023231268436,2023,231268436,1,1,1,1,18,4,2,0,0,0,0,0,3,2,E01007324,7,1,1.0,0.0,-1,6,60,1,6,4,17:43,7,1,3
2023010450864,2023,010450864,1,1,1,1,19,4,3,0,0,0,0,0,9,9,E01001104,-1,0,0.0,1.0,-1,6,30,1,4,1,03:00,6,2,9
2023201396897,2023,201396897,1,1,1,2,31,6,3,0,0,0,0,0,9,9,E01029686,3,1,0.0,1.0,-1,3,40,1,1,1,16:11,2,2,9
2023332300809,2023,332300809,1,1,1,2,84,11,3,0,0,0,0,0,9,6,E01025986,-1,0,0.04367,0.95633,-1,6,30,1,1,1,13:45,5,2,9
2023461295655,2023,461295655,1,1,1,2,61,9,3,0,0,0,0,0,9,4,E01024841,3,1,0.0,1.0,-1,6,30,1,4,1,22:45,7,2,9
2023501295203,2023,501295203,1,2,2,1,47,8,3,0,0,1,0,0,9,6,E01024340,3,1,0.0,1.0,-1,3,70,2,4,2,19:40,1,1,9
2023010425562,2023,010425562,1,1,1,1,67,10,3,0,0,0,0,0,9,5,E01004450,-1,0,0.0,1.0,-1,6,30,1,4,1,22:13,1,2,9
2023061383577,2023,061383577,1,1,1,1,43,7,3,0,0,0,0,0,9,-1,-1,3,1,0.0,1.0,-1,3,30,1,4,2,17:19,4,2,9
2023332300667,2023,332300667,1,2,1,1,41,7,3,0,0,0,0,0,9,8,E01025938,-1,0,0.02244,0.97756,-1,6,50,1,1,1,10:40,6,2,9
2023501340598,2023,501340598,2,5,1,2,34,6,3,0,0,0,0,0,9,3,E01019053,3,1,0.0,1.0,-1,9,30,1,1,1,07:30,3,2,9
2023991355807,2023,991355807,1,2,1,1,51,8,2,0,0,0,0,0,9,-1,-1,5,1,1.0,0.0,-1,6,60,1,1,1,16:20,7,2,9
2023552300117,2023,552300117,1,1,3,2,13,3,3,5,2,0,0,0,0,8,E01015320,-1,0,0.07695,0.92305,-1,6,30,1,1,1,15:00,2,1,9
2023131339377,2023,131339377,1,1,1,1,57,9,3,0,0,0,0,0,9,2,E01010799,3,1,0.0,1.0,-1,6,30,1,1,1,10:55,3,2,9
2023320005062,2023,320005062,1,1,1,1,17,4,3,0,0,0,0,0,9,8,E01026337,-1,0,0.11741,0.88259,-1,6,60,5,6,2,20:42,3,1,9
2023421269422,2023,421269422,1,1,1,1,63,9,3,0,0,0,0,0,9,5,E01015818,3,1,0.0,1.0,-1,6,30,1,1,1,15:34,1,1,9
2023421375894,2023,421375894,1,1,3,1,35,6,3,6,9,0,0,0,0,3,E01000545,3,1,0.0,1.0,-1,6,30,1,1,1,09:48,5,1,20
2023471329639,2023,471329639,1,1,3,1,30,6,3,9,7,0,0,0,0,4,E01015020,3,1,0.0,1.0,-1,6,20,4,1,2,07:05,7,1,9
2023010433055,2023,010433055,1,1,1,1,49,8,3,0,0,0,0,0,19,2,E01004384,-1,0,0.0,1.0,-1,6,30,1,1,1,14:30,4,2,19
2023010456642,2023,010456642,2,2,2,2,49,8,3,0,0,2,0,0,9,2,E01003190,-1,0,0.0,1.0,-1,6,20,1,1,1,09:54,7,2,9
2023401287836,2023,401287836,1,2,2,2,11,3,2,0,0,2,0,0,9,-1,-1,7,1,1.0,0.0,-1,7,70,1,1,1,10:50,5,3,9
2023010463190,2023,010463190,1,1,2,2,86,11,3,0,0,0,3,0,11,2,E01001775,-1,0,0.0,1.0,-1,6,20,1,1,1,15:22,4,1,11
2023041317531,2023,041317531,1,1,1,1,35,6,2,0,0,0,0,0,19,3,E01005818,7,1,1.0,0.0,-1,6,30,1,1,1,08:35,2,2,19
2023161359889,2023,161359889,2,2,2,2,77,11,3,0,0,0,0,0,19,3,E01013029,3,1,0.0,1.0,-1,6,30,1,1,1,14:00,5,2,19
2023101322142,2023,101322142,1,1,1,1,31,6,3,0,0,0,0,0,9,-1,-1,3,1,0.0,1.0,-1,6,30,2,1,2,21:20,6,2,9
2023430550478,2023,430550478,2,1,1,1,57,9,3,0,0,0,0,0,4,2,E01015573,-1,0,0.06994,0.93006,-1,6,30,2,4,2,16:30,4,2,4
2023041390799,2023,041390799,2,3,2,2,33,6,2,0,0,2,0,0,9,1,E01013296,7,1,1.0,0.0,-1,6,60,4,6,2,18:29,4,2,9
2023302301126,2023,302301126,2,1,2,2,23,5,3,0,0,1,0,0,9,4,E01012803,-1,0,0.01391,0.98609,-1,6,30,1,1,2,11:30,1,2,9
2023461303627,2023,461303627,1,4,2,1,51,8,3,0,0,2,0,0,9,5,E01024492,3,1,0.0,1.0,-1,6,30,2,1,2,17:09,2,2,9
2023991370889,2023,991370889,2,1,1,2,22,5,3,0,0,0,0,0,9,7,-1,3,1,0.0,1.0,-1,6,60,1,1,1,12:50,6,2,9
2023010431210,2023,010431210,2,2,1,2,29,6,3,0,0,0,0,0,9,2,E01003599,-1,0,0.0,1.0,-1,6,30,2,1,2,08:20,5,2,9
2023101327578,2023,101327578,2,2,1,2,32,6,3,0,0,0,0,0,9,-1,-1,3,1,0.0,1.0,-1,6,30,1,1,1,15:23,6,2,9
2023201370918,2023,201370918,1,1,2,1,20,4,3,0,0,2,0,0,9,5,E01009244,3,1,0.0,1.0,-1,3,30,1,1,1,10:10,4,2,9
2023221387919,2023,221387919,1,2,2,2,30,6,3,0,0,1,0,0,9,2,E01014193,3,1,0.0,1.0,-1,7,60,2,1,2,08:07,2,2,9
2023302301922,2023,302301922,1,1,3,1,25,5,3,5,1,0,0,0,0,5,E01008045,-1,0,0.07779,0.92221,-1,6,30,2,1,1,14:30,6,1,9
2023440038186,2023,440038186,1,2,3,2,21,5,2,6,9,0,0,0,0,2,E01015288,-1,0,1.0,0.0,-1,6,30,1,4,1,21:37,7,1,9
2023340WN5052,2023,340WN5052,1,1,1,2,36,7,3,0,0,0,0,0,9,6,E01027169,-1,0,0.04956,0.95044,-1,1,30,1,1,1,08:00,1,1,9
2023031302971,2023,031302971,2,5,1,1,62,9,2,0,0,0,0,0,9,7,E01019385,6,1,1.0,0.0,-1,7,60,1,1,1,13:19,3,2,9
2023131359043,2023,131359043,2,1,1,1,61,9,3,0,0,0,0,0,9,3,E01010717,3,1,0.0,1.0,-1,6,30,1,1,2,13:25,2,2,9
2023501324527,2023,501324527,1,1,1,2,19,4,3,0,0,0,0,0,9,5,E01020147,3,1,0.0,1.0,-1,6,60,4,6,1,02:00,5,1,9
2023548095423,2023,548095423,1,1,2,1,35,6,3,0,0,1,0,0,9,-1,-1,-1,0,0.07086,0.92914,-1,3,70,1,1,1,07:18,4,3,9
2023501352289,2023,501352289,1,1,3,1,18,4,2,9,5,0,0,0,0,4,E01018988,6,1,1.0,0.0,-1,6,60,1,6,1,22:00,4,1,9
2023010439525,2023,010439525,1,1,1,1,33,6,3,0,0,0,0,0,1,9,E01004607,-1,0,0.0,1.0,-1,6,20,1,1,1,08:06,4,2,1
2023302301669,2023,302301669,1,1,1,1,46,8,3,0,0,0,0,0,9,9,E01025886,-1,0,0.07278,0.92722,-1,3,70,2,1,2,09:23,5,2,9
2023010467164,2023,010467164,1,1,3,2,31,6,2,1,1,0,0,0,0,2,E01001746,-1,0,1.0,0.0,-1,3,20,1,1,1,12:32,4,1,9
2023052300678,2023,052300678,1,1,3,2,12,3,2,8,3,0,0,0,0,2,E01006655,-1,0,1.0,0.0,-1,6,30,2,4,2,18:32,4,1,9
2023131375943,2023,131375943,1,3,1,1,20,4,3,0,0,0,0,0,9,8,E01032945,3,1,0.0,1.0,-1,6,30,2,4,2,01:00,7,2,9
2023371304427,2023,371304427,2,2,1,2,35,6,3,0,0,0,0,0,9,2,E01026478,3,1,0.0,1.0,-1,6,60,1,6,1,21:17,3,2,9
2023122300448,2023,122300448,1,3,3,2,82,11,2,6,9,0,0,0,0,7,E01011800,-1,0,1.0,0.0,-1,6,30,1,1,1,15:46,4,2,9
2023122301292,2023,122301292,2,1,1,-1,20,4,3,0,0,0,0,0,1,7,E01013401,-1,0,0.04964,0.95036,-1,6,30,2,1,2,16:20,5,2,1
2023201296597,2023,201296597,2,1,1,1,33,6,3,0,0,0,0,0,1,7,E01008992,3,1,0.0,1.0,-1,1,30,1,1,1,16:18,5,2,1
2023201347139,2023,201347139,1,1,1,1,45,7,3,0,0,0,0,0,9,1,E01006874,3,1,0.0,1.0,-1,3,30,1,1,1,15:29,4,1,9
2023221333865,2023,221333865,1,1,1,2,42,7,3,0,0,0,0,0,9,6,E01028850,3,1,0.0,1.0,-1,6,30,1,1,2,14:45,7,2,9
2023522400385,2023,522400385,1,1,1,1,37,7,3,0,0,0,0,0,9,2,E01014643,-1,0,0.03859,0.96141,-1,6,30,1,1,1,17:50,2,3,9
2023010451487,2023,010451487,1,1,1,1,33,6,3,0,0,0,0,0,19,6,E01000187,-1,0,0.0,1.0,-1,3,50,1,1,1,20:28,1,3,19
2023031312098,2023,031312098,2,5,2,2,13,3,2,0,0,2,0,0,9,6,E01005620,7,1,1.0,0.0,-1,6,60,1,1,1,11:35,7,2,9
2023440054305,2023,440054305,1,1,1,2,38,7,3,0,0,0,0,0,9,3,E01032851,-1,0,0.01659,0.98341,-1,6,30,1,1,1,14:30,4,2,9
2023170L20833,2023,170L20833,2,1,1,1,28,6,3,0,0,0,0,0,1,1,E01012091,-1,0,0.08653,0.91347,-1,6,30,1,1,1,16:00,1,2,1
2023131268573,2023,131268573,2,1,1,1,64,9,3,0,0,0,0,0,9,9,E01011311,3,1,0.0,1.0,-1,6,30,1,6,2,20:24,5,2,9
2023221351575,2023,221351575,1,2,2,2,12,3,1,0,0,2,0,0,9,6,E01014173,1,1,0.0,0.0,-1,3,60,1,4,1,02:10,3,1,9
2023451262602,2023,451262602,1,1,1,2,39,7,3,0,0,0,0,0,9,6,E01030714,3,1,0.0,1.0,-1,6,30,5,1,2,11:10,5,2,9
2023461363390,2023,461363390,2,2,1,2,33,6,3,0,0,0,0,0,9,6,E01024212,3,1,0.0,1.0,-1,3,40,1,1,1,14:17,2,2,9
2023531391406,2023,531391406,2,1,1,1,58,9,3,0,0,0,0,0,9,8,E01000651,3,1,0.0,1.0,-1,1,70,1,1,1,12:25,4,2,9
2023010437889,2023,010437889,2,1,1,1,17,4,3,0,0,0,0,0,-1,2,E01001785,-1,0,0.0,1.0,-1,6,20,1,1,1,17:03,2,2,-1
2023421365898,2023,421365898,1,1,1,1,-1,-1,3,0,0,0,0,0,1,2,E01021851,3,1,0.0,1.0,-1,6,40,2,1,2,18:00,5,2,1
2023552300833,2023,552300833,2,1,1,1,19,4,3,0,0,0,0,0,1,3,E01015426,-1,0,0.07376,0.92624,-1,6,30,1,1,1,08:50,7,2,1
2023010466435,2023,010466435,1,1,1,1,37,7,3,0,0,0,0,0,9,3,E01003143,-1,0,0.0,1.0,-1,6,30,1,4,1,22:00,6,2,9
2023131318902,2023,131318902,1,2,1,2,48,8,3,0,0,0,0,0,9,2,E01011540,3,1,0.0,1.0,-1,6,40,1,1,1,17:10,3,2,9
2023231305239,2023,231305239,2,2,1,2,35,6,3,0,0,0,0,0,9,-1,-1,3,1,0.0,1.0,-1,3,70,1,1,1,16:23,6,2,9
2023351283823,2023,351283823,2,2,2,2,26,6,3,0,0,1,0,0,9,5,E01026287,3,1,0.0,1.0,-1,7,40,1,1,-1,12:50,2,2,9
2023501314796,2023,501314796,2,1,1,1,37,7,3,0,0,0,0,0,3,1,E01015080,3,1,0.0,1.0,-1,6,30,1,1,1,19:40,1,2,3
2023541202923,2023,541202923,1,1,1,1,36,7,3,0,0,0,0,0,9,5,E01032056,-1,0,0.08809,0.91191,-1,6,60,1,6,1,17:27,5,3,9
2023401270266,2023,401270266,1,1,1,1,42,7,3,0,0,0,0,0,19,5,E01023939,3,1,0.0,1.0,-1,6,60,8,1,2,09:38,4,2,19
2023010473867,2023,010473867,1,1,3,2,33,6,3,5,1,0,0,0,0,-1,-1,-1,0,0.0,1.0,-1,6,20,8,4,2,00:55,4,1,19
202360A067594,2023,60A067594,6,2,1,1,59,9,3,0,0,0,0,0,5,-1,-1,-1,0,0.26772,0.73228,-1,6,60,1,1,1,15:10,1,6,5
2023991319836,2023,991319836,1,1,1,1,54,8,2,0,0,0,0,0,5,2,-1,5,1,1.0,0.0,-1,6,60,1,1,1,16:05,7,1,5
2023991324117,2023,991324117,2,1,1,1,65,9,3,0,0,0,0,0,8,-1,-1,3,1,0.0,1.0,-1,3,20,1,1,1,19:15,5,2,8
2023201422869,2023,201422869,1,2,2,2,40,7,3,0,0,1,0,0,9,6,E01010536,3,1,0.0,1.0,-1,6,30,1,1,1,12:58,1,3,9
2023501392085,2023,501392085,1,1,1,2,36,7,3,0,0,0,0,0,9,-1,-1,3,1,0.0,1.0,-1,6,50,1,1,2,09:25,2,1,9
2023201418692,2023,201418692,1,1,3,2,46,8,3,4,1,0,0,2,0,8,E01009068,3,1,0.0,1.0,-1,6,20,1,7,2,18:00,3,1,9
2023010463414,2023,010463414,1,1,1,1,37,7,3,0,0,0,0,0,8,1,E01000551,-1,0,0.0,1.0,-1,6,20,1,4,1,21:45,1,1,8
2023201292278,2023,201292278,2,1,1,2,45,7,3,0,0,0,0,0,9,4,E01009249,3,1,0.0,1.0,-1,3,30,2,1,2,08:41,2,2,9
2023461382863,2023,461382863,2,1,1,2,52,8,3,0,0,0,0,0,9,7,E01024719,3,1,0.0,1.0,-1,3,70,1,7,4,06:49,6,2,9
2023501389931,2023,501389931,3,1,1,1,77,11,3,0,0,0,0,0,9,4,E01018758,3,1,0.0,1.0,-1,6,60,1,1,1,16:34,1,3,9
2023471393336,2023,471393336,1,1,3,2,-1,-1,2,6,9,0,0,0,0,4,E01021060,7,1,1.0,0.0,-1,6,30,1,1,1,10:17,3,1,11
2023421319588,2023,421319588,1,1,1,1,12,3,3,0,0,0,0,0,1,2,E01015929,3,1,0.0,1.0,-1,6,30,1,1,1,15:46,6,2,1
2023010485396,2023,010485396,1,1,1,1,23,5,3,0,0,0,0,0,9,7,E01000197,-1,0,0.0,1.0,-1,6,20,1,1,1,16:45,5,2,9
2023131347679,2023,131347679,1,1,2,2,10,2,2,0,0,1,0,0,9,10,E01011526,7,1,1.0,0.0,-1,6,20,1,4,1,21:30,4,2,9
2023061369150,2023,061369150,1,1,3,2,25,5,3,1,9,0,0,0,0,3,E01005829,3,1,0.0,1.0,-1,6,30,2,4,2,20:36,3,1,9
2023010443448,2023,010443448,1,1,1,1,18,4,3,0,0,0,0,0,1,9,E01002926,-1,0,0.0,1.0,-1,6,20,1,1,1,20:15,3,2,1
2023010457907,2023,010457907,2,1,1,1,59,9,3,0,0,0,0,0,1,5,E01003019,-1,0,0.0,1.0,-1,6,20,1,1,1,15:00,7,2,1
2023010475374,2023,010475374,1,1,1,-1,34,6,3,0,0,0,0,0,1,7,E01028521,-1,0,0.0,1.0,-1,6,20,5,4,2,21:45,7,2,1
2023061383731,2023,061383731,2,1,1,1,39,7,3,0,0,0,0,0,9,4,E01005214,3,1,0.0,1.0,-1,6,30,9,1,1,15:05,3,2,9
2023211311950,2023,211311950,1,1,1,2,77,11,3,0,0,0,0,0,9,8,E01029676,3,1,0.0,1.0,-1,6,30,1,1,1,17:00,3,1,9
2023340WN2132,2023,340WN2132,1,1,1,2,90,11,2,0,0,0,0,0,9,9,E01027308,-1,0,1.0,0.0,-1,6,50,1,1,2,17:00,2,3,9
2023010432636,2023,010432636,1,1,3,2,26,6,3,4,3,0,0,0,0,4,E01002611,-1,0,0.0,1.0,-1,6,30,1,1,1,07:30,6,1,19
2023010452160,2023,010452160,1,1,1,1,38,7,3,0,0,0,0,0,3,2,E01004129,-1,0,0.0,1.0,-1,9,20,2,1,2,07:45,5,2,3
2023010484689,2023,010484689,1,1,1,1,53,8,3,0,0,0,0,0,9,8,E01001062,-1,0,0.0,1.0,-1,6,30,1,4,9,21:30,6,2,9
2023061281042,2023,061281042,1,1,1,2,39,7,3,0,0,0,0,0,9,1,E01005289,3,1,0.0,1.0,-1,7,70,1,1,1,14:00,5,2,9
2023421375810,2023,421375810,3,4,1,1,71,10,3,0,0,0,0,0,9,8,E01021533,3,1,0.0,1.0,-1,6,60,1,1,1,11:00,6,3,9
2023070321148,2023,070321148,2,5,2,1,1,1,3,0,0,2,0,0,9,2,E01018551,-1,0,0.01268,0.98732,-1,6,60,1,1,1,15:40,6,3,9
2023111262035,2023,111262035,2,2,2,2,18,4,3,0,0,1,0,0,9,-1,-1,3,1,0.0,1.0,-1,6,30,1,4,2,17:48,6,2,9
2023161299896,2023,161299896,1,1,1,2,52,8,3,0,0,0,0,0,9,-1,-1,3,1,0.0,1.0,-1,1,30,1,1,1,12:45,1,2,9
2023451310491,2023,451310491,2,1,1,1,38,7,3,0,0,0,0,0,9,9,E01002951,3,1,0.0,1.0,-1,3,40,1,1,1,08:38,3,2,9
2023461320755,2023,461320755,3,2,1,1,38,7,3,0,0,0,0,0,9,-1,-1,3,1,0.0,1.0,-1,3,70,1,1,1,17:30,5,4,9
2023010446618,2023,010446618,1,1,3,1,46,8,2,1,1,0,0,0,0,2,E01003236,-1,0,1.0,0.0,-1,6,30,9,1,9,13:10,4,1,3
2023421381735,2023,421381735,1,1,3,2,14,3,3,1,3,0,0,0,0,7,E01021684,3,1,0.0,1.0,-1,6,30,1,1,2,11:55,7,1,9
2023622300233,2023,622300233,2,2,1,1,57,9,3,0,0,0,0,0,3,3,W01001042,-1,0,0.11951,0.88049,-1,6,30,2,1,2,17:48,1,2,3
2023371356949,2023,371356949,1,1,1,1,22,5,2,0,0,0,0,0,4,4,E01030201,7,1,1.0,0.0,-1,6,60,1,1,1,15:40,2,2,4
2023010461609,2023,010461609,1,1,1,1,42,7,2,0,0,0,0,0,5,5,E01004461,-1,0,1.0,0.0,-1,7,50,1,1,1,19:27,1,2,5
2023131316263,2023,131316263,2,1,1,2,46,8,3,0,0,0,0,0,9,2,E01011540,3,1,0.0,1.0,-1,6,30,1,1,1,08:42,5,3,9
2023201283339,2023,201283339,2,1,1,1,24,5,2,0,0,0,0,0,1,4,E01010149,7,1,1.0,0.0,-1,6,30,1,4,1,18:35,6,2,1
2023302301920,2023,302301920,2,1,2,2,20,4,3,0,0,1,0,0,9,-1,-1,-1,0,0.03564,0.96436,-1,6,40,1,1,1,09:34,2,2,9
2023302301971,2023,302301971,2,1,2,2,48,8,3,0,0,2,0,0,9,1,E01013570,-1,0,0.01745,0.98255,-1,1,30,9,4,1,22:00,1,2,9
2023340WN5222,2023,340WN5222,2,2,1,1,35,6,3,0,0,0,0,0,9,7,E01026137,-1,0,0.03395,0.96605,-1,6,60,1,1,1,18:45,6,2,9
2023421343685,2023,421343685,2,2,1,1,68,10,3,0,0,0,0,0,9,2,E01021596,3,1,0.0,1.0,-1,6,30,1,1,1,10:52,1,2,9
2023451370772,2023,451370772,1,1,1,1,43,7,3,0,0,0,0,0,9,8,E01030562,3,1,0.0,1.0,-1,6,30,1,4,2,16:53,5,5,9
2023461359587,2023,461359587,2,1,1,2,34,6,3,0,0,0,0,0,9,6,E01024425,3,1,0.0,1.0,-1,6,30,1,1,1,09:46,5,2,9
2023041381387,2023,041381387,2,2,1,1,68,10,3,0,0,0,0,0,9,8,E01025266,3,1,0.0,1.0,-1,6,30,1,1,1,11:15,5,2,9