collision_index,collision_year,collision_ref_no,vehicle_reference,casualty_reference,casualty_class,sex_of_casualty,age_of_casualty,age_band_of_casualty,casualty_severity,pedestrian_location,pedestrian_movement,car_passenger,bus_or_coach_passenger,pedestrian_road_maintenance_worker,casualty_type,casualty_imd_decile,lsoa_of_casualty,enhanced_casualty_severity,casualty_injury_based,casualty_adjusted_severity_serious,casualty_adjusted_severity_slight,casualty_distance_banding,road_type,speed_limit,weather_conditions,light_conditions,road_surface_conditions,time,day_of_week,number_of_vehicles,vehicle_type
2023101315807,2023,101315807,2,1,1,1,27,6,3,0,0,0,0,0,1,1,E01008777,3,1,0.0,1.0,-1,3,30,1,1,1,21:30,6,2,1
2023131302751,2023,131302751,2,1,1,2,32,6,3,0,0,0,0,0,9,9,E01025877,3,1,0.0,1.0,-1,6,60,1,1,1,08:00,3,2,9
2023430334149,2023,430334149,2,4,2,1,17,4,3,0,0,2,0,0,9,9,E01028749,-1,0,0.06261,0.93739,-1,6,50,1,1,1,17:13,5,2,9
2023461313767,2023,461313767,2,1,1,2,31,6,3,0,0,0,0,0,9,7,E01024109,3,1,0.0,1.0,-1,6,40,1,1,1,08:40,4,2,9
2023631351229,2023,631351229,1,2,1,1,35,6,2,0,0,0,0,0,9,6,W01000433,5,1,1.0,0.0,-1,6,40,1,5,1,04:30,1,1,9
2023010470642,2023,010470642,2,2,2,1,76,11,3,0,0,0,4,0,11,2,E01001800,-1,0,0.0,1.0,-1,6,20,1,4,1,18:30,7,2,11
2023010464932,2023,010464932,1,1,1,1,51,8,2,0,0,0,0,0,1,2,E01003988,-1,0,1.0,0.0,-1,6,30,1,4,1,21:30,6,2,1
2023010431019,2023,010431019,2,1,1,1,23,5,3,0,0,0,0,0,3,6,E01001597,-1,0,0.0,1.0,-1,6,30,3,1,2,08:39,4,3,3
2023231367724,2023,231367724,1,1,1,1,32,6,3,0,0,0,0,0,9,10,E01031255,3,1,0.0,1.0,-1,6,30,1,1,1,14:00,1,1,9
2023141389115,2023,141389115,1,1,3,1,22,5,3,5,1,0,0,0,0,-1,-1,3,1,0.0,1.0,-1,6,30,1,1,1,15:29,7,1,11
2023622300029,2023,622300029,1,1,3,1,46,8,2,1,3,0,0,0,0,9,W01001104,-1,0,1.0,0.0,-1,3,40,1,4,1,19:02,1,1,9
2023161316922,2023,161316922,1,2,1,1,33,6,3,0,0,0,0,0,9,1,E01012892,3,1,0.0,1.0,-1,6,30,1,1,1,17:18,6,3,9
2023201416039,2023,201416039,1,1,1,1,19,4,3,0,0,0,0,0,9,-1,-1,3,1,0.0,1.0,-1,1,30,1,1,2,15:02,6,3,9
2023451332191,2023,451332191,1,1,1,1,17,4,2,0,0,0,0,0,9,9,E01030854,7,1,1.0,0.0,-1,6,30,1,4,1,00:15,7,2,9
2023010450980,2023,010450980,2,1,1,1,41,7,3,0,0,0,0,0,-1,5,E01003691,-1,0,0.0,1.0,-1,6,30,1,1,1,16:45,6,2,-1
2023061328475,2023,061328475,2,1,1,1,35,6,3,0,0,0,0,0,9,4,E01005029,3,1,0.0,1.0,-1,6,30,1,1,1,14:30,5,2,9
2023161351363,2023,161351363,3,3,1,2,57,9,3,0,0,0,0,0,9,8,E01013273,3,1,0.0,1.0,-1,6,40,1,1,1,15:49,2,3,9
2023451302254,2023,451302254,2,2,1,1,21,5,3,0,0,0,0,0,9,7,E01030694,3,1,0.0,1.0,-1,3,50,1,1,1,12:20,7,4,9
2023451324224,2023,451324224,1,1,1,2,36,7,3,0,0,0,0,0,9,9,E01030688,3,1,0.0,1.0,-1,6,30,1,1,1,16:25,5,2,9
2023548495623,2023,548495623,1,1,1,2,33,6,2,0,0,0,0,0,9,7,W01001891,-1,0,1.0,0.0,-1,6,50,1,1,1,07:53,7,2,9
2023201391633,2023,201391633,1,1,1,2,70,10,3,0,0,0,0,0,9,1,E01009133,3,1,0.0,1.0,-1,6,30,1,1,2,14:29,3,2,9
2023471299686,2023,471299686,2,1,1,1,-1,-1,3,0,0,0,0,0,1,-1,-1,3,1,0.0,1.0,-1,6,30,1,1,1,15:30,6,2,1
2023471343953,2023,471343953,1,1,3,1,55,8,3,5,2,0,0,0,0,4,E01020915,3,1,0.0,1.0,-1,6,30,1,1,1,13:25,2,1,9
2023061379825,2023,061379825,2,1,1,2,43,7,3,0,0,0,0,0,1,3,E01005817,3,1,0.0,1.0,-1,6,30,1,1,1,09:20,5,2,1
2023451295396,2023,451295396,2,1,1,1,27,6,3,0,0,0,0,0,3,9,E01030646,3,1,0.0,1.0,-1,6,30,1,1,1,11:55,3,2,3
2023131369927,2023,131369927,1,1,1,1,64,9,3,0,0,0,0,0,9,1,E01011721,3,1,0.0,1.0,-1,3,40,2,5,2,10:01,5,2,9
2023161310005,2023,161310005,1,1,1,2,38,7,3,0,0,0,0,0,9,1,E01012948,3,1,0.0,1.0,-1,6,60,1,1,1,18:45,2,1,9
2023201301095,2023,201301095,1,1,1,1,47,8,3,0,0,0,0,0,9,2,E01013842,3,1,0.0,1.0,-1,3,70,1,1,1,14:10,3,3,9
2023451350222,2023,451350222,1,1,1,1,19,4,2,0,0,0,0,0,9,5,E01023139,7,1,1.0,0.0,-1,6,40,1,1,1,07:00,5,2,9
2023131378608,2023,131378608,1,1,1,1,21,5,2,0,0,0,0,0,1,-1,-1,7,1,1.0,0.0,-1,9,30,1,1,1,14:18,6,2,1
2023610019323,2023,610019323,1,1,3,1,74,10,2,9,5,0,0,0,0,8,W01001495,-1,0,1.0,0.0,-1,6,30,1,1,1,14:30,2,1,9
2023201422197,2023,201422197,2,1,2,2,20,4,3,0,0,2,0,0,8,1,E01010374,3,1,0.0,1.0,-1,2,30,1,4,1,00:35,7,2,8
2023401326454,2023,401326454,2,1,1,2,27,6,3,0,0,0,0,0,9,4,E01017476,3,1,0.0,1.0,-1,6,30,1,1,-1,07:03,2,2,9
2023440379074,2023,440379074,1,1,1,1,77,11,3,0,0,0,0,0,9,4,E01017370,-1,0,0.18781,0.81219,-1,6,30,1,4,1,23:38,7,3,9
2023332300175,2023,332300175,2,1,1,2,52,8,3,0,0,0,0,0,9,9,E01025935,-1,0,0.02371,0.97629,-1,6,60,3,1,3,09:15,5,2,9
2023371353069,2023,371353069,1,2,1,2,50,8,3,0,0,0,0,0,9,-1,-1,3,1,0.0,1.0,-1,6,30,1,1,1,11:12,7,2,9
2023440045476,2023,440045476,1,1,1,1,30,6,3,0,0,0,0,0,9,-1,-1,-1,0,0.03164,0.96836,-1,6,30,1,4,1,18:10,5,2,9
2023991318199,2023,991318199,1,3,2,2,0,1,3,0,0,2,0,0,9,6,-1,3,1,0.0,1.0,-1,6,60,1,1,1,12:36,3,2,9
2023501379765,2023,501379765,2,1,1,1,60,9,3,0,0,0,0,0,5,5,E01015224,3,1,0.0,1.0,-1,6,30,1,1,2,16:00,2,2,5
2023010471837,2023,010471837,1,1,1,1,18,4,3,0,0,0,0,0,9,1,E01002280,-1,0,0.0,1.0,-1,6,30,2,4,2,19:02,6,3,9
2023201338779,2023,201338779,1,1,1,1,41,7,3,0,0,0,0,0,9,2,E01033641,3,1,0.0,1.0,-1,6,30,1,4,1,23:25,3,2,9
2023231351283,2023,231351283,1,1,1,1,71,10,1,0,0,0,0,0,9,-1,-1,1,1,0.0,0.0,-1,3,50,1,4,1,20:32,1,2,9
2023430161016,2023,430161016,3,1,2,1,24,5,3,0,0,0,0,0,19,3,E01002550,-1,0,0.0424,0.9576,-1,6,30,1,1,1,16:45,5,3,19
2023010481203,2023,010481203,1,1,1,1,38,7,3,0,0,0,0,0,1,2,E01001735,-1,0,0.0,1.0,-1,6,20,1,1,1,08:25,5,2,1
2023010435013,2023,010435013,2,1,1,1,20,4,3,0,0,0,0,0,3,5,E01002249,-1,0,0.0,1.0,-1,6,30,1,1,1,14:21,5,2,3
2023010462650,2023,010462650,1,1,1,1,31,6,3,0,0,0,0,0,9,8,E01001122,-1,0,0.0,1.0,-1,6,30,1,1,1,15:45,7,2,9
2023161276313,2023,161276313,1,2,1,1,83,11,3,0,0,0,0,0,9,6,E01007630,3,1,0.0,1.0,-1,6,60,7,6,1,19:00,3,2,9
2023010480785,2023,010480785,1,1,3,2,15,3,3,1,1,0,0,0,0,5,E01000430,-1,0,0.0,1.0,-1,2,30,1,1,1,07:12,3,1,9
2023010420477,2023,010420477,1,1,1,2,25,5,3,0,0,0,0,0,9,2,E01002281,-1,0,0.0,1.0,-1,6,30,1,4,1,18:02,2,2,9
2023131320484,2023,131320484,1,1,2,2,8,2,3,0,0,2,0,0,9,8,E01011254,3,1,0.0,1.0,-1,6,30,1,5,1,18:30,2,2,9
2023421339110,2023,421339110,2,2,2,1,10,2,3,0,0,2,0,0,9,-1,-1,3,1,0.0,1.0,-1,6,30,1,1,1,17:50,1,2,9
2023610044923,2023,610044923,2,1,1,1,26,6,3,0,0,1,0,0,9,3,W01001331,-1,0,0.02318,0.97682,-1,6,20,1,1,2,09:30,6,2,9
2023631370991,2023,631370991,1,1,1,1,19,4,3,0,0,0,0,0,9,6,W01000538,3,1,0.0,1.0,-1,6,60,1,7,2,22:59,1,1,9
2023010475257,2023,010475257,2,1,3,1,-1,-1,3,5,9,0,0,0,0,-1,-1,-1,0,0.0,1.0,-1,6,30,1,4,2,19:55,3,2,9
2023052300443,2023,052300443,1,1,3,1,81,11,3,9,5,0,0,0,0,1,E01006678,-1,0,0.17023,0.82977,-1,6,30,1,1,1,12:30,3,1,9
2023461349398,2023,461349398,1,1,3,1,50,8,3,9,5,0,0,0,0,4,E01024690,3,1,0.0,1.0,-1,6,30,1,1,1,13:30,5,1,8
2023471368718,2023,471368718,1,1,3,1,39,7,3,8,1,0,0,0,0,2,E01016944,3,1,0.0,1.0,-1,3,30,1,4,1,21:57,2,1,9
2023231396605,2023,231396605,1,1,1,1,80,11,3,0,0,0,0,0,9,9,E01031222,3,1,0.0,1.0,-1,6,30,1,1,1,13:12,7,2,9
2023311339446,2023,311339446,1,1,2,2,54,8,3,0,0,0,2,0,11,10,E01023603,3,1,0.0,1.0,-1,6,30,9,1,1,14:08,7,1,11
2023201287313,2023,201287313,1,1,1,1,34,6,3,0,0,0,0,0,19,1,E01010511,3,1,0.0,1.0,-1,6,30,1,1,2,16:00,4,2,19
2023471273967,2023,471273967,1,1,3,2,82,11,2,1,1,0,0,0,0,10,E01031690,6,1,1.0,0.0,-1,3,30,1,1,1,14:39,4,1,9
2023052300463,2023,052300463,1,1,1,2,63,9,3,0,0,0,0,0,9,2,E01006464,-1,0,0.0945,0.9055,-1,3,70,1,1,1,08:30,6,3,9
2023211364926,2023,211364926,1,1,1,2,66,10,3,0,0,0,0,0,9,10,E01029760,3,1,0.0,1.0,-1,6,30,1,1,1,13:00,3,2,9
2023010471125,2023,010471125,1,1,1,1,44,7,3,0,0,0,0,0,9,3,E01001697,-1,0,0.0,1.0,-1,6,30,1,6,1,19:10,2,2,9
2023201416302,2023,201416302,2,1,1,1,38,7,3,0,0,0,0,0,9,-1,-1,3,1,0.0,1.0,-1,3,30,1,1,2,12:30,1,2,9
2023631313556,2023,631313556,1,2,2,2,84,11,2,0,0,1,0,0,9,5,W01000662,5,1,1.0,0.0,-1,6,30,1,1,1,17:24,4,1,9
2023052300155,2023,052300155,1,1,3,2,71,10,3,4,3,0,0,0,0,1,E01006791,-1,0,0.17587,0.82413,-1,3,30,1,1,2,11:59,3,1,9
2023401343925,2023,401343925,2,1,1,1,50,8,3,0,0,0,0,0,9,-1,-1,3,1,0.0,1.0,-1,6,30,1,1,1,12:35,7,2,9
2023421307125,2023,421307125,1,1,1,1,50,8,2,0,0,0,0,0,9,8,E01021350,6,1,1.0,0.0,-1,7,50,1,1,1,06:30,1,1,9
2023440069278,2023,440069278,1,1,1,2,32,6,3,0,0,0,0,0,9,10,E01022518,-1,0,0.01631,0.98369,-1,6,30,1,1,1,12:17,1,2,9
2023461330261,2023,461330261,1,1,1,1,41,7,2,0,0,0,0,0,9,1,E01016017,6,1,1.0,0.0,-1,6,40,1,1,1,16:09,6,2,9
2023471329926,2023,471329926,1,1,1,1,38,7,3,0,0,0,0,0,9,-1,-1,3,1,0.0,1.0,-1,6,30,1,1,1,14:50,7,1,9
2023552300853,2023,552300853,2,1,2,2,68,10,3,0,0,1,0,0,9,7,E01020507,-1,0,0.02388,0.97612,-1,6,30,1,1,1,16:20,6,5,9
202360A059554,2023,60A059554,2,1,1,1,56,9,3,0,0,0,0,0,98,-1,-1,-1,0,0.22417,0.77583,-1,6,50,1,1,1,09:05,2,2,98
2023311288290,2023,311288290,1,1,3,2,62,9,3,5,9,0,0,0,0,1,E01013885,3,1,0.0,1.0,-1,6,20,1,4,2,00:40,3,1,9
2023471315782,2023,471315782,1,1,3,1,44,7,3,10,9,0,0,2,0,4,E01031547,3,1,0.0,1.0,-1,6,30,1,7,1,11:50,4,1,9
2023440395728,2023,440395728,1,1,1,1,13,3,3,0,0,0,0,0,1,8,E01022491,-1,0,0.12253,0.87747,-1,6,30,1,1,1,17:00,4,2,1
2023430372641,2023,430372641,2,2,2,1,6,2,3,0,0,2,0,0,9,5,E01006833,-1,0,0.01573,0.98427,-1,3,70,1,1,1,12:50,1,2,9
202363A022723,2023,63A022723,1,2,2,1,16,4,3,0,0,2,0,0,9,7,W01000684,-1,0,0.21639,0.78361,-1,6,60,1,6,1,21:20,6,1,9
2023041295023,2023,041295023,1,1,3,1,14,3,2,8,1,0,0,2,0,3,E01024883,7,1,1.0,0.0,-1,1,30,1,1,1,16:25,1,1,9
2023041350558,2023,041350558,1,1,3,1,30,6,2,10,9,0,0,0,0,-1,-1,6,1,1.0,0.0,-1,6,30,1,1,1,19:20,6,1,9
2023543491523,2023,543491523,1,1,1,2,19,4,3,0,0,0,0,0,5,-1,-1,-1,0,0.14194,0.85806,-1,6,60,1,1,1,12:10,1,2,5
2023010458901,2023,010458901,1,1,2,2,50,8,3,0,0,1,0,0,9,1,E01033701,-1,0,0.0,1.0,-1,6,20,1,1,1,14:15,6,2,9
2023052400083,2023,052400083,2,1,2,1,35,6,2,0,0,1,0,0,9,3,E01007297,-1,0,1.0,0.0,-1,6,20,1,1,1,16:30,4,2,9
2023070285708,2023,070285708,4,1,1,2,43,7,3,0,0,0,0,0,9,3,E01018552,-1,0,0.00996,0.99004,-1,6,30,1,1,1,16:46,3,4,9
2023131292995,2023,131292995,1,1,1,2,79,11,3,0,0,0,0,0,9,10,E01011516,3,1,0.0,1.0,-1,6,20,1,1,1,19:15,1,2,9
2023101412900,2023,101412900,1,2,1,1,42,7,3,0,0,0,0,0,90,-1,-1,3,1,0.0,1.0,-1,6,60,1,1,1,16:50,4,3,90
2023302300433,2023,302300433,1,1,1,1,57,9,2,0,0,0,0,0,9,8,E01004780,-1,0,1.0,0.0,-1,6,50,3,6,3,18:16,3,3,9
2023451295980,2023,451295980,2,1,2,2,71,10,3,0,0,1,0,0,9,9,E01026301,3,1,0.0,1.0,-1,6,30,4,1,1,16:07,4,2,9
2023471330222,2023,471330222,1,1,1,2,61,9,2,0,0,0,0,0,1,7,E01031368,7,1,1.0,0.0,-1,6,30,8,1,1,06:10,2,1,1
2023622300630,2023,622300630,2,2,1,1,22,5,3,0,0,0,0,0,1,2,W01001768,-1,0,0.08042,0.91958,-1,6,20,2,4,2,01:40,1,2,1
2023991320906,2023,991320906,1,1,3,2,25,5,3,5,3,0,0,0,0,1,-1,3,1,0.0,1.0,-1,6,60,1,1,1,17:20,3,1,9
2023131272367,2023,131272367,2,1,1,1,21,5,2,0,0,0,0,0,5,9,E01011195,7,1,1.0,0.0,-1,9,40,1,1,2,15:32,6,2,5
2023332300366,2023,332300366,1,1,2,2,70,10,3,0,0,1,0,0,9,6,E01025878,-1,0,0.05555,0.94445,-1,6,60,1,1,1,16:00,6,2,9
2023501269686,2023,501269686,1,2,1,1,72,10,3,0,0,0,0,0,9,4,E01029196,3,1,0.0,1.0,-1,1,30,1,1,2,09:15,2,2,9
2023461284730,2023,461284730,2,1,1,1,44,7,3,0,0,0,0,0,19,8,E01024113,3,1,0.0,1.0,-1,6,40,1,1,1,09:10,2,2,19
2023010434204,2023,010434204,1,1,1,2,32,6,3,0,0,0,0,0,9,2,E01000013,-1,0,0.0,1.0,-1,3,30,2,1,2,17:04,6,1,9
2023361304420,2023,361304420,1,4,2,1,70,10,3,0,0,1,0,0,9,6,E01030052,3,1,0.0,1.0,-1,6,60,1,1,1,14:14,6,2,9
2023471316296,2023,471316296,2,1,1,2,76,11,3,0,0,0,0,0,9,5,E01031470,3,1,0.0,1.0,-1,6,30,1,1,1,09:57,5,3,9
202360A106708,2023,60A106708,3,3,1,1,51,8,3,0,0,0,0,0,9,-1,-1,-1,0,0.04391,0.95609,-1,3,70,1,1,1,18:56,6,4,9
2023461375222,2023,461375222,2,1,2,1,-1,-1,2,0,0,0,-1,0,11,10,E01023996,7,1,1.0,0.0,-1,3,30,9,1,1,15:30,7,2,11
2023991277425,2023,991277425,1,1,2,2,75,10,3,0,0,0,3,0,11,-1,-1,3,1,0.0,1.0,-1,6,20,1,4,1,19:20,4,1,11
2023010432231,2023,010432231,1,1,1,2,36,7,3,0,0,0,0,0,9,10,E01000325,-1,0,0.0,1.0,-1,6,30,1,1,1,16:45,3,2,9
2023552400130,2023,552400130,2,1,1,1,45,7,3,0,0,0,0,0,1,10,E01015452,-1,0,0.06663,0.93337,-1,1,30,1,1,1,16:15,6,2,1
2023440372991,2023,440372991,2,1,1,2,76,11,2,0,0,0,0,0,1,3,E01017020,-1,0,1.0,0.0,-1,6,30,1,1,1,09:41,4,2,1
2023991387923,2023,991387923,2,1,2,2,27,6,3,0,0,1,0,0,9,1,-1,3,1,0.0,1.0,-1,6,30,8,4,2,17:03,4,2,9
2023440220853,2023,440220853,2,1,1,1,70,10,3,0,0,0,0,0,5,10,E01023021,-1,0,0.25041,0.74959,-1,6,50,1,1,1,14:32,1,2,5
2023421260805,2023,421260805,2,1,1,1,45,7,3,0,0,0,0,0,19,8,E01023311,3,1,0.0,1.0,-1,6,40,4,1,1,09:34,1,2,19
2023010479834,2023,010479834,2,2,2,2,25,5,3,0,0,2,0,0,9,2,E01002530,-1,0,0.0,1.0,-1,3,50,1,1,1,06:27,5,2,9
2023332300251,2023,332300251,2,3,2,2,38,7,2,0,0,2,0,0,9,5,E01013699,-1,0,1.0,0.0,-1,6,30,1,4,1,05:10,3,2,9
2023471340455,2023,471340455,1,1,2,2,66,10,3,0,0,1,0,0,9,8,E01016138,3,1,0.0,1.0,-1,6,40,1,1,1,15:57,5,4,9
2023010439769,2023,010439769,1,1,3,1,48,8,3,6,9,0,0,0,0,3,E01003639,-1,0,0.0,1.0,-1,7,30,1,1,1,10:45,5,1,9
2023010447951,2023,010447951,1,1,3,2,15,3,2,5,1,0,0,0,0,8,E01002941,-1,0,1.0,0.0,-1,6,20,1,1,1,12:47,6,1,9
2023010475488,2023,010475488,1,1,1,1,24,5,3,0,0,0,0,0,3,6,E01001599,-1,0,0.0,1.0,-1,9,30,1,1,1,15:00,4,2,3
2023549175123,2023,549175123,1,1,1,1,67,10,3,0,0,0,0,0,5,10,E01020418,-1,0,0.1436,0.8564,-1,6,30,2,1,2,09:22,5,1,5
2023201339288,2023,201339288,1,3,2,1,21,5,2,0,0,2,0,0,9,2,E01010277,7,1,1.0,0.0,-1,6,30,1,4,1,23:56,6,2,9
2023211376264,2023,211376264,1,1,1,2,39,7,3,0,0,0,0,0,9,2,E01010260,3,1,0.0,1.0,-1,6,30,2,1,2,09:38,1,2,9
2023421334151,2023,421334151,1,1,1,1,83,11,3,0,0,0,0,0,9,8,E01021299,3,1,0.0,1.0,-1,6,30,1,1,2,15:25,5,3,9
2023440183481,2023,440183481,2,1,1,1,39,7,3,0,0,0,0,0,9,6,E01032748,-1,0,0.02393,0.97607,-1,6,40,1,1,1,13:18,4,2,9
2023010453720,2023,010453720,1,1,3,2,-1,-1,2,10,9,0,0,0,0,10,E01024146,-1,0,1.0,0.0,-1,6,30,1,4,1,22:00,2,1,9
2023201289785,2023,201289785,1,1,1,1,17,4,3,0,0,0,0,0,9,8,E01009464,3,1,0.0,1.0,-1,6,30,1,4,1,22:00,7,2,9
2023311371839,2023,311371839,1,1,2,2,39,7,3,0,0,2,0,0,9,-1,-1,3,1,0.0,1.0,-1,6,20,1,1,1,15:16,2,2,9
2023351391028,2023,351391028,1,1,1,2,38,7,3,0,0,0,0,0,9,6,E01018150,3,1,0.0,1.0,-1,3,50,1,1,1,08:28,2,2,9
2023361385785,2023,361385785,2,4,2,1,7,2,3,0,0,2,0,0,9,3,E01026639,3,1,0.0,1.0,-1,6,30,2,4,2,16:11,1,2,9
2023131390713,2023,131390713,1,1,1,1,18,4,2,0,0,0,0,0,3,4,E01011757,6,1,1.0,0.0,-1,6,40,2,1,1,12:28,4,1,3
2023430045833,2023,430045833,1,1,1,1,26,6,3,0,0,0,0,0,3,3,E01015527,-1,0,0.16282,0.83718,-1,3,40,1,1,1,08:43,3,3,3
2023461393351,2023,461393351,1,1,1,1,55,8,2,0,0,0,0,0,5,4,E01022527,5,1,1.0,0.0,-1,6,50,2,1,2,14:27,7,1,5
2023101357062,2023,101357062,2,2,1,1,32,6,3,0,0,0,0,0,9,1,E01008756,3,1,0.0,1.0,-1,6,20,2,4,2,20:30,4,2,9
2023401380349,2023,401380349,2,3,2,1,59,9,3,0,0,1,0,0,9,8,E01017411,3,1,0.0,1.0,-1,6,50,5,6,2,18:27,1,2,9
2023991388768,2023,991388768,1,1,1,1,76,11,3,0,0,0,0,0,9,4,-1,3,1,0.0,1.0,-1,3,30,1,4,1,16:20,6,3,9
2023031347706,2023,031347706,2,1,1,1,40,7,3,0,0,0,0,0,11,1,E01019245,3,1,0.0,1.0,-1,6,30,1,1,1,14:27,6,2,11
2023311264953,2023,311264953,2,1,2,1,78,11,3,0,0,0,4,0,11,-1,-1,3,1,0.0,1.0,-1,1,30,1,1,1,12:57,4,2,11
2023010445475,2023,010445475,2,1,1,2,-1,-1,3,0,0,0,0,0,1,-1,-1,-1,0,0.0,1.0,-1,1,20,1,1,1,14:49,7,2,1
2023552300497,2023,552300497,2,1,1,2,13,3,3,0,0,0,0,0,1,6,E01020547,-1,0,0.04583,0.95417,-1,6,30,1,1,1,13:29,3,2,1
2023010437912,2023,010437912,2,1,1,2,64,9,3,0,0,0,0,0,9,1,E01003192,-1,0,0.0,1.0,-1,2,30,1,1,1,18:10,2,2,9
2023122301385,2023,122301385,2,6,2,1,55,8,3,0,0,1,0,0,9,4,E01027608,-1,0,0.04146,0.95854,-1,3,70,1,1,2,11:40,5,3,9
2023131329069,2023,131329069,1,1,1,2,39,7,3,0,0,0,0,0,9,1,E01011339,3,1,0.0,1.0,-1,6,30,1,1,1,07:55,5,4,9
2023311302106,2023,311302106,1,2,1,1,29,6,3,0,0,0,0,0,9,4,E01028239,3,1,0.0,1.0,-1,6,60,1,1,2,06:48,6,2,9
2023421284102,2023,421284102,1,2,2,2,25,5,3,0,0,2,0,0,9,7,E01021505,3,1,0.0,1.0,-1,3,70,1,1,1,12:55,3,3,9
2023451371708,2023,451371708,1,1,1,2,81,11,3,0,0,0,0,0,9,5,E01030572,3,1,0.0,1.0,-1,6,40,1,1,2,07:05,3,1,9
2023531280458,2023,531280458,2,1,1,2,68,10,3,0,0,0,0,0,9,7,E01022221,3,1,0.0,1.0,-1,6,60,1,1,1,14:00,7,2,9
2023231322929,2023,231322929,2,1,1,1,33,6,3,0,0,0,0,0,1,3,E01031172,3,1,0.0,1.0,-1,6,30,2,1,2,08:34,3,2,1
2023340WN9052,2023,340WN9052,1,2,2,2,15,3,2,0,0,1,0,0,9,-1,-1,-1,0,1.0,0.0,-1,6,60,1,1,1,19:25,1,1,9
2023421342055,2023,421342055,2,1,1,1,35,6,3,0,0,0,0,0,9,3,E01021862,3,1,0.0,1.0,-1,3,70,1,1,1,14:46,3,2,9
2023461350205,2023,461350205,2,1,1,1,55,8,3,0,0,0,0,0,9,7,E01024518,3,1,0.0,1.0,-1,6,30,1,1,1,09:35,3,2,9
2023991276818,2023,991276818,1,6,2,2,15,3,3,0,0,2,0,0,9,9,-1,3,1,0.0,1.0,-1,6,60,1,6,1,22:54,3,1,9
2023122300627,2023,122300627,1,1,1,2,45,7,3,0,0,0,0,0,19,9,E01013431,-1,0,0.05186,0.94814,-1,6,60,1,1,1,20:29,5,2,19
2023010485124,2023,010485124,2,2,1,2,73,10,3,0,0,0,0,0,9,3,E01000689,-1,0,0.0,1.0,-1,6,30,1,1,2,12:00,4,2,9
2023061395159,2023,061395159,1,1,2,2,4,1,3,0,0,2,0,0,9,2,E01005917,3,1,0.0,1.0,-1,6,30,8,4,2,22:55,7,1,9
2023421317098,2023,421317098,2,4,2,1,25,5,3,0,0,2,0,0,9,3,E01003603,3,1,0.0,1.0,-1,3,70,1,1,1,14:16,7,3,9
2023471295499,2023,471295499,1,2,2,2,70,10,3,0,0,1,0,0,9,10,E01031412,3,1,0.0,1.0,-1,6,30,1,1,1,14:15,1,5,9
2023552300632,2023,552300632,2,6,2,2,10,2,3,0,0,2,0,0,9,4,E01029186,-1,0,0.07264,0.92736,-1,6,60,1,1,1,16:16,6,2,9
2023622300788,2023,622300788,2,2,1,2,41,7,3,0,0,0,0,0,9,-1,-1,-1,0,0.0086,0.9914,-1,6,20,1,1,1,10:21,3,2,9
2023501318419,2023,501318419,1,1,3,2,12,3,3,10,2,0,0,0,0,-1,-1,3,1,0.0,1.0,-1,6,30,1,1,1,18:40,6,1,9
2023221368144,2023,221368144,2,1,1,1,32,6,3,0,0,0,0,0,1,8,E01028887,3,1,0.0,1.0,-1,6,30,1,4,1,07:55,4,2,1
2023320517239,2023,320517239,2,1,1,1,35,6,3,0,0,0,0,0,5,10,E01018266,-1,0,0.06016,0.93984,-1,6,30,1,1,1,13:00,1,2,5
2023101265958,2023,101265958,2,1,2,1,53,8,3,0,0,1,0,0,9,2,E01032650,3,1,0.0,1.0,-1,6,30,1,4,2,07:00,6,2,9
2023010479066,2023,010479066,1,1,3,2,21,5,3,5,3,0,0,0,0,6,E01003026,-1,0,0.0,1.0,-1,3,20,1,4,2,23:40,7,1,9
2023540297023,2023,540297023,2,1,1,1,23,5,3,0,0,0,0,0,1,2,E01031983,-1,0,0.03735,0.96265,-1,1,30,9,4,1,07:52,2,2,1
2023131297206,2023,131297206,1,1,3,1,6,2,3,10,7,0,0,2,0,2,E01010929,3,1,0.0,1.0,-1,6,30,8,1,1,15:15,1,1,9
2023471318738,2023,471318738,1,2,2,1,5,1,3,0,0,2,0,0,9,6,E01031523,3,1,0.0,1.0,-1,6,30,1,1,1,18:22,4,2,9
2023471369451,2023,471369451,2,1,1,2,57,9,3,0,0,0,0,0,9,4,E01016968,3,1,0.0,1.0,-1,3,30,1,1,1,10:30,6,2,9
2023320696031,2023,320696031,1,1,1,1,28,6,3,0,0,0,0,0,19,6,E01026316,-1,0,0.09875,0.90125,-1,6,30,1,4,2,00:08,6,2,19
2023010472297,2023,010472297,1,1,3,2,68,10,2,4,1,0,0,0,0,2,E01004679,-1,0,1.0,0.0,-1,3,20,1,1,1,17:14,2,1,5
2023991290390,2023,991290390,1,1,3,2,32,6,2,9,5,0,0,0,0,3,-1,7,1,1.0,0.0,-1,3,30,1,1,2,08:03,7,1,9
2023010456623,2023,010456623,2,1,1,1,56,9,2,0,0,0,0,0,1,8,E01001062,-1,0,1.0,0.0,-1,1,30,1,1,1,10:40,7,2,1
2023501338455,2023,501338455,1,3,2,2,25,5,3,0,0,-1,0,0,9,-1,-1,3,1,0.0,1.0,-1,6,60,4,1,2,13:58,7,2,9
2023211346146,2023,211346146,1,1,3,1,-1,-1,3,5,1,0,0,0,0,-1,-1,3,1,0.0,1.0,-1,6,30,1,1,1,13:27,2,1,9