collision_index,collision_year,collision_ref_no,vehicle_reference,casualty_reference,casualty_class,sex_of_casualty,age_of_casualty,age_band_of_casualty,casualty_severity,pedestrian_location,pedestrian_movement,car_passenger,bus_or_coach_passenger,pedestrian_road_maintenance_worker,casualty_type,casualty_imd_decile,lsoa_of_casualty,enhanced_casualty_severity,casualty_injury_based,casualty_adjusted_severity_serious,casualty_adjusted_severity_slight,casualty_distance_banding,road_type,speed_limit,weather_conditions,light_conditions,road_surface_conditions,time,day_of_week,number_of_vehicles,vehicle_type
2023440240850,2023,440240850,2,2,1,2,24,5,3,0,0,0,0,0,9,9,E01022653,-1,0,0.05645,0.94355,-1,6,30,1,1,1,14:46,7,2,9
2023531319838,2023,531319838,1,3,1,2,18,4,2,0,0,0,0,0,9,2,E01022133,6,1,1.0,0.0,-1,3,40,1,4,1,22:50,6,2,9
2023211365645,2023,211365645,1,1,2,2,64,9,3,0,0,-1,0,0,9,9,E01029815,3,1,0.0,1.0,-1,3,50,1,1,1,13:15,1,2,9
2023451316553,2023,451316553,2,3,2,1,70,10,3,0,0,2,0,0,9,10,E01016632,3,1,0.0,1.0,-1,3,70,1,6,1,01:22,5,2,9
2023471331999,2023,471331999,1,1,3,1,22,5,2,10,9,0,0,0,0,2,E01021020,7,1,1.0,0.0,-1,6,30,1,4,1,00:30,6,1,9
2023052300190,2023,052300190,1,1,1,1,33,6,3,0,0,0,0,0,-1,1,E01006760,-1,0,0.17514,0.82486,-1,3,30,1,4,1,23:15,5,2,-1
2023361378153,2023,361378153,1,1,1,2,41,7,3,0,0,0,0,0,9,1,E01026598,3,1,0.0,1.0,-1,3,30,2,4,2,01:35,4,1,9
2023461307617,2023,461307617,3,1,1,2,28,6,3,0,0,0,0,0,9,9,E01024450,3,1,0.0,1.0,-1,3,70,2,1,2,19:25,3,6,9
2023991331622,2023,991331622,1,1,1,2,48,8,2,0,0,0,0,0,9,1,E01014328,6,1,1.0,0.0,-1,6,60,1,1,1,17:15,5,2,9
2023371346256,2023,371346256,1,1,1,1,19,4,2,0,0,0,0,0,3,9,E01030190,7,1,1.0,0.0,-1,6,30,1,4,1,21:18,4,2,3
2023430043326,2023,430043326,1,1,1,1,42,7,3,0,0,0,0,0,3,4,E01017905,-1,0,0.17164,0.82836,-1,3,30,1,7,1,17:32,1,2,3
2023501287669,2023,501287669,2,1,1,1,50,8,3,0,0,0,0,0,9,1,E01015180,3,1,0.0,1.0,-1,6,30,1,4,1,18:15,7,2,9
2023041280187,2023,041280187,2,3,2,1,38,7,3,0,0,0,0,0,19,9,E01024972,3,1,0.0,1.0,-1,3,30,1,1,2,13:51,6,2,19
2023320633419,2023,320633419,2,1,1,2,54,8,3,0,0,0,0,0,22,1,E01026069,-1,0,0.09185,0.90815,-1,6,30,9,1,2,12:50,4,2,22
2023320628172,2023,320628172,2,1,1,1,64,9,1,0,0,0,0,0,5,6,E01026020,-1,0,0.0,0.0,-1,6,50,1,1,1,15:30,2,2,5
2023010467867,2023,010467867,1,1,3,2,9,2,3,5,3,0,0,0,0,3,E01004184,-1,0,0.0,1.0,-1,6,20,1,1,1,17:19,7,1,9
202360A003535,2023,60A003535,2,2,1,1,53,8,3,0,0,0,0,0,8,-1,-1,-1,0,0.1265,0.8735,-1,6,60,1,1,2,13:37,1,2,8
2023122301107,2023,122301107,1,1,1,2,21,5,3,0,0,0,0,0,9,7,E01027653,-1,0,0.01836,0.98164,-1,6,30,1,4,1,18:46,7,2,9
2023131294982,2023,131294982,3,2,2,1,68,10,3,0,0,1,0,0,9,1,E01010941,3,1,0.0,1.0,-1,3,40,1,1,1,11:53,7,3,9
2023010478277,2023,010478277,2,1,1,-1,-1,-1,3,0,0,0,0,0,1,-1,-1,-1,0,0.0,1.0,-1,2,20,1,1,1,07:35,5,2,1
2023221342576,2023,221342576,2,1,1,1,25,5,3,0,0,0,0,0,1,-1,-1,3,1,0.0,1.0,-1,6,30,1,4,1,04:30,4,2,1
2023041362781,2023,041362781,1,1,3,1,35,6,2,6,9,0,0,0,0,8,E01012584,7,1,1.0,0.0,-1,6,30,1,1,1,11:15,6,1,11
2023041312441,2023,041312441,1,1,1,1,46,8,3,0,0,0,0,0,5,1,E01025574,3,1,0.0,1.0,-1,6,50,1,1,1,16:35,1,2,5
2023320187062,2023,320187062,1,1,3,1,31,6,3,8,1,0,0,0,0,1,E01026150,-1,0,0.15368,0.84632,-1,6,30,1,1,2,10:35,3,1,9
2023122300803,2023,122300803,1,1,1,1,29,6,3,0,0,0,0,0,3,1,E01033473,-1,0,0.14154,0.85846,-1,6,30,1,1,1,14:25,5,2,3
2023361388382,2023,361388382,1,1,3,2,59,9,3,9,9,0,0,-1,0,3,E01026853,3,1,0.0,1.0,-1,6,30,2,1,2,15:00,2,1,9
2023522401077,2023,522401077,2,1,1,1,24,5,2,0,0,0,0,0,5,5,E01029053,-1,0,1.0,0.0,-1,6,20,1,4,1,22:15,6,2,5
2023031372782,2023,031372782,1,1,1,1,19,4,3,0,0,0,0,0,9,3,E01019272,3,1,0.0,1.0,-1,6,40,8,6,2,01:45,6,1,9
2023131309527,2023,131309527,1,1,1,1,35,6,3,0,0,0,0,0,9,2,E01011872,3,1,0.0,1.0,-1,6,30,1,1,1,13:30,7,2,9
2023141341704,2023,141341704,2,2,1,1,59,9,3,0,0,0,0,0,9,2,E01007417,3,1,0.0,1.0,-1,6,30,1,1,2,06:05,3,4,9
2023201367162,2023,201367162,6,5,2,1,5,1,3,0,0,2,0,0,9,2,E01001959,3,1,0.0,1.0,-1,3,70,1,1,1,16:24,1,6,9
2023421383372,2023,421383372,2,1,1,1,48,8,3,0,0,0,0,0,9,10,E01021249,3,1,0.0,1.0,-1,7,40,1,1,1,14:25,6,2,9
2023010428146,2023,010428146,1,1,1,1,46,8,3,0,0,0,0,0,9,1,E01003087,-1,0,0.0,1.0,-1,6,30,1,1,2,07:51,2,2,9
2023010481314,2023,010481314,1,1,1,2,49,8,3,0,0,0,0,0,9,6,E01000318,-1,0,0.0,1.0,-1,6,30,2,4,2,23:30,1,2,9
2023141379790,2023,141379790,2,1,1,2,47,8,2,0,0,0,0,0,9,-1,-1,7,1,1.0,0.0,-1,6,30,2,4,2,19:59,2,2,9
2023320300112,2023,320300112,2,1,2,2,5,1,3,0,0,2,0,0,9,8,E01026191,-1,0,0.06331,0.93669,-1,6,50,1,1,1,16:19,4,2,9
2023421362654,2023,421362654,2,1,1,1,27,6,3,0,0,0,0,0,9,8,E01033461,3,1,0.0,1.0,-1,3,40,1,1,1,16:02,6,2,9
2023430216249,2023,430216249,1,1,1,1,31,6,3,0,0,0,0,0,9,9,E01032958,-1,0,0.01346,0.98654,-1,6,50,1,1,2,06:40,2,2,9
2023440268622,2023,440268622,1,1,1,1,40,7,2,0,0,0,0,0,9,9,E01023170,-1,0,1.0,0.0,-1,6,40,1,1,2,07:46,4,2,9
2023141286894,2023,141286894,1,2,2,2,2,1,2,0,0,2,0,0,9,4,E01027910,7,1,1.0,0.0,-1,6,60,1,1,1,10:32,2,2,9
2023351333696,2023,351333696,2,2,1,2,61,9,3,0,0,0,0,0,9,10,E01027049,3,1,0.0,1.0,-1,6,60,4,1,1,13:00,3,2,9
2023540030323,2023,540030323,2,3,2,2,74,10,3,0,0,1,0,0,9,1,E01015546,-1,0,0.04591,0.95409,-1,6,30,1,1,2,12:21,2,2,9
202360A012616,2023,60A012616,1,1,2,2,70,10,2,0,0,1,0,0,9,-1,-1,-1,0,1.0,0.0,-1,6,30,8,4,1,06:35,6,2,9
2023332300384,2023,332300384,1,1,1,1,35,6,3,0,0,0,0,0,9,2,E01013639,-1,0,0.03401,0.96599,-1,6,60,1,1,1,18:08,4,2,9
2023122300833,2023,122300833,1,1,1,1,21,5,3,0,0,0,0,0,9,9,E01013341,-1,0,0.05776,0.94224,-1,6,50,1,1,2,06:54,2,2,9
2023461344801,2023,461344801,1,1,2,1,41,7,1,0,0,1,0,0,9,-1,-1,1,1,0.0,0.0,-1,3,70,1,1,1,06:52,4,1,9
2023010466933,2023,010466933,3,5,1,2,20,4,3,0,0,0,0,0,9,6,E01000407,-1,0,0.0,1.0,-1,3,40,1,1,1,09:35,3,3,9
2023161309760,2023,161309760,2,2,2,2,73,10,3,0,0,1,0,0,9,9,E01026402,3,1,0.0,1.0,-1,3,40,1,1,1,12:12,1,4,9
2023501305425,2023,501305425,2,2,1,1,50,8,3,0,0,0,0,0,9,4,E01020302,3,1,0.0,1.0,-1,6,60,1,1,1,13:43,3,2,9
2023010437876,2023,010437876,1,1,1,-1,53,8,3,0,0,0,0,0,9,2,E01003351,-1,0,0.0,1.0,-1,6,30,1,1,1,16:15,2,2,9
2023471352689,2023,471352689,1,1,1,1,29,6,3,0,0,0,0,0,9,3,E01031811,3,1,0.0,1.0,-1,6,30,1,1,1,07:00,5,3,9
2023052300953,2023,052300953,2,1,1,2,32,6,3,0,0,0,0,0,9,5,E01006488,-1,0,0.00602,0.99398,-1,3,30,1,1,1,17:45,2,2,9
2023141302998,2023,141302998,2,2,2,1,15,3,3,0,0,1,0,0,9,3,E01007701,3,1,0.0,1.0,-1,6,60,1,6,1,19:45,1,2,9
2023451341133,2023,451341133,2,1,2,2,82,11,3,0,0,1,0,0,9,9,E01030890,3,1,0.0,1.0,-1,6,30,1,1,1,12:40,4,2,9
2023361272348,2023,361272348,2,4,2,2,7,2,3,0,0,1,0,0,9,10,E01026527,3,1,0.0,1.0,-1,6,40,1,1,1,14:48,7,2,9
2023052301044,2023,052301044,1,1,1,1,43,7,3,0,0,0,0,0,19,4,E01025407,-1,0,0.07662,0.92338,-1,6,30,1,1,1,15:00,3,2,19
2023302301918,2023,302301918,1,1,1,1,73,10,2,0,0,0,0,0,9,10,E01019686,-1,0,1.0,0.0,-1,6,30,1,1,2,15:24,1,2,9
2023451338542,2023,451338542,2,2,2,2,36,7,3,0,0,1,0,0,9,10,E01030945,3,1,0.0,1.0,-1,6,30,2,1,2,17:00,7,2,9
2023010450549,2023,010450549,1,1,1,2,52,8,3,0,0,0,0,0,9,1,E01001206,-1,0,0.0,1.0,-1,9,20,1,1,1,11:35,3,1,9
2023411298468,2023,411298468,1,1,1,1,28,6,2,0,0,0,0,0,9,1,E01000551,7,1,1.0,0.0,-1,6,30,1,4,1,18:18,6,2,9
2023451381910,2023,451381910,2,2,1,1,45,7,3,0,0,0,0,0,9,2,E01030985,3,1,0.0,1.0,-1,6,30,1,4,4,23:00,7,2,9
2023320498255,2023,320498255,1,2,2,1,33,6,3,0,0,0,0,0,20,3,E01026113,-1,0,0.11469,0.88531,-1,6,60,1,1,1,14:40,6,2,20
2023320651506,2023,320651506,1,1,1,1,17,4,2,0,0,0,0,0,2,3,E01028033,-1,0,1.0,0.0,-1,6,30,8,4,1,22:00,5,2,2
2023430411012,2023,430411012,1,2,2,2,75,10,3,0,0,1,0,0,8,10,E01016606,-1,0,0.10158,0.89842,-1,6,30,1,1,1,14:20,4,2,8
202360A171404,2023,60A171404,2,1,1,1,65,9,3,0,0,0,0,0,1,-1,-1,-1,0,0.23802,0.76198,-1,6,30,2,1,2,13:11,5,2,1
2023010443169,2023,010443169,3,2,1,1,61,9,2,0,0,0,0,0,2,1,E01002038,-1,0,1.0,0.0,-1,6,20,1,4,1,22:16,2,5,2
2023170L20543,2023,170L20543,1,1,3,1,13,3,2,5,1,0,0,0,0,4,E01012145,-1,0,1.0,0.0,-1,6,30,1,1,1,14:00,1,1,9
2023401359814,2023,401359814,1,1,3,2,11,3,3,10,9,0,0,0,0,10,E01017373,3,1,0.0,1.0,-1,6,30,1,1,1,14:42,1,1,9
2023471361809,2023,471361809,2,3,2,2,46,8,3,0,0,2,0,0,9,4,E01031562,3,1,0.0,1.0,-1,6,30,1,1,1,17:34,4,2,9
2023991321370,2023,991321370,2,3,2,1,56,9,3,0,0,2,0,0,8,-1,-1,3,1,0.0,1.0,-1,6,30,2,4,2,22:59,3,2,8
2023332301014,2023,332301014,2,1,2,2,80,11,3,0,0,0,4,0,11,8,E01025643,-1,0,0.02783,0.97217,-1,6,30,2,1,2,16:10,6,2,11
2023122300552,2023,122300552,1,4,2,2,12,3,2,0,0,2,0,0,9,8,E01027695,-1,0,1.0,0.0,-1,6,60,1,1,1,14:19,7,2,9
2023131372528,2023,131372528,1,1,1,1,24,5,3,0,0,0,0,0,9,1,E01011429,3,1,0.0,1.0,-1,6,30,1,4,1,04:55,5,3,9
2023351370091,2023,351370091,2,1,1,1,30,6,3,0,0,0,0,0,9,6,E01018101,3,1,0.0,1.0,-1,6,30,2,1,2,14:55,5,2,9
2023052300311,2023,052300311,3,1,2,2,73,10,3,0,0,0,2,0,11,7,E01007062,-1,0,0.09106,0.90894,-1,6,30,1,1,1,14:50,6,3,11
2023411321542,2023,411321542,1,1,1,1,38,7,3,0,0,0,0,0,19,1,E01001427,3,1,0.0,1.0,-1,6,40,1,1,1,12:53,2,2,19
2023041302065,2023,041302065,2,1,1,2,86,11,1,0,0,0,0,0,22,4,E01012668,1,1,0.0,0.0,-1,6,30,1,1,1,11:43,6,2,22
2023010462375,2023,010462375,1,1,1,-1,25,5,3,0,0,0,0,0,1,3,E01004202,-1,0,0.0,1.0,-1,6,20,1,4,1,20:38,4,2,1
2023010445433,2023,010445433,2,1,1,1,31,6,3,0,0,0,0,0,3,3,E01001886,-1,0,0.0,1.0,-1,6,20,1,1,1,11:27,7,2,3
2023061384203,2023,061384203,3,2,1,1,20,4,3,0,0,0,0,0,9,4,E01004986,3,1,0.0,1.0,-1,3,70,1,6,2,07:00,6,3,9
2023141381075,2023,141381075,2,1,1,1,33,6,3,0,0,0,0,0,9,1,E01007544,3,1,0.0,1.0,-1,6,40,1,4,2,17:20,5,2,9
2023531392157,2023,531392157,1,1,2,2,22,5,1,0,0,2,0,0,90,5,E01022218,1,1,0.0,0.0,-1,6,60,1,1,1,14:00,7,2,90
2023041360358,2023,041360358,1,4,1,1,48,8,3,0,0,0,0,0,9,1,E01005564,3,1,0.0,1.0,-1,6,40,2,4,2,20:45,6,2,9
2023201277171,2023,201277171,2,1,1,2,-1,-1,3,0,0,0,0,0,9,9,E01009557,3,1,0.0,1.0,-1,6,30,1,1,1,08:45,4,2,9
2023231364530,2023,231364530,2,1,1,1,70,10,3,0,0,0,0,0,9,9,E01030947,3,1,0.0,1.0,-1,6,50,1,1,1,14:48,5,2,9
2023421357595,2023,421357595,2,3,2,2,19,4,3,0,0,2,0,0,9,2,E01024019,3,1,0.0,1.0,-1,3,70,1,1,1,14:30,1,2,9
2023440478383,2023,440478383,1,1,1,1,42,7,3,0,0,0,0,0,9,3,E01022738,-1,0,0.01409,0.98591,-1,6,40,1,7,1,17:00,4,2,9
2023440503489,2023,440503489,1,1,2,2,36,7,3,0,0,1,0,0,9,5,E01017090,-1,0,0.01161,0.98839,-1,6,30,1,4,1,20:05,7,2,9
2023461381161,2023,461381161,2,1,1,1,49,8,3,0,0,0,0,0,9,9,E01024338,3,1,0.0,1.0,-1,7,40,2,7,2,21:00,3,3,9
2023010436885,2023,010436885,2,1,1,1,36,7,3,0,0,0,0,0,3,-1,-1,-1,0,0.0,1.0,-1,6,30,1,1,1,15:38,3,2,3
2023010465689,2023,010465689,1,1,1,-1,24,5,3,0,0,0,0,0,3,3,E01004633,-1,0,0.0,1.0,-1,6,20,9,1,9,07:29,4,2,3
2023010486363,2023,010486363,1,1,1,1,35,6,3,0,0,0,0,0,3,2,E01001783,-1,0,0.0,1.0,-1,6,20,9,1,9,11:40,7,2,3
2023371320701,2023,371320701,2,2,1,2,19,4,3,0,0,0,0,0,9,7,E01029947,3,1,0.0,1.0,-1,6,30,1,1,1,18:20,1,2,9
2023991393188,2023,991393188,1,1,1,1,30,6,3,0,0,0,0,0,9,1,-1,3,1,0.0,1.0,-1,6,60,8,6,4,01:30,7,1,9
2023520301682,2023,520301682,2,2,1,1,29,6,3,0,0,0,0,0,9,5,E01029043,-1,0,0.04523,0.95477,-1,6,60,1,1,1,16:22,3,3,9
2023031324612,2023,031324612,1,1,1,1,24,5,3,0,0,0,0,0,9,8,E01019370,3,1,0.0,1.0,-1,6,60,2,6,2,22:31,6,2,9
2023201298890,2023,201298890,2,1,1,2,28,6,3,0,0,0,0,0,9,3,E01009441,3,1,0.0,1.0,-1,3,40,1,1,1,17:00,4,2,9
2023010442199,2023,010442199,1,2,2,2,65,9,3,0,0,0,4,0,11,1,E01004449,-1,0,0.0,1.0,-1,6,20,1,1,1,17:10,4,1,11
2023471318001,2023,471318001,2,1,1,1,25,5,3,0,0,0,0,0,9,7,E01021038,3,1,0.0,1.0,-1,6,30,1,1,1,11:52,7,2,9
2023332300388,2023,332300388,4,2,1,2,42,7,2,0,0,0,0,0,9,5,E01013680,-1,0,1.0,0.0,-1,3,70,1,1,1,14:05,5,5,9
2023531300415,2023,531300415,1,1,1,1,21,5,2,0,0,0,0,0,9,-1,-1,7,1,1.0,0.0,-1,6,30,2,1,2,18:30,2,1,9
2023991277184,2023,991277184,1,1,1,1,53,8,2,0,0,0,0,0,21,7,E01033105,7,1,1.0,0.0,-1,6,30,1,1,1,10:30,5,1,21
2023361375424,2023,361375424,2,2,2,1,11,3,3,0,0,-1,0,0,9,9,E01026500,3,1,0.0,1.0,-1,6,30,2,4,2,16:08,5,2,9
2023440409370,2023,440409370,2,1,2,1,5,1,3,0,0,2,0,0,9,2,E01017168,-1,0,0.03561,0.96439,-1,3,70,1,4,1,19:49,6,2,9
2023451294071,2023,451294071,2,1,1,1,17,4,3,0,0,0,0,0,9,5,E01030983,3,1,0.0,1.0,-1,6,30,1,1,1,13:43,4,4,9
2023531373082,2023,531373082,1,1,1,1,26,6,2,0,0,0,0,0,97,6,E01022236,6,1,1.0,0.0,-1,6,40,2,4,2,17:10,5,2,97
2023201332996,2023,201332996,1,5,2,2,29,6,3,0,0,1,0,0,9,2,E01009937,3,1,0.0,1.0,-1,6,30,1,7,1,02:19,7,2,9
2023440316159,2023,440316159,1,1,2,1,15,3,2,0,0,1,0,0,9,2,E01020347,-1,0,1.0,0.0,-1,6,40,1,1,1,06:37,1,1,9
2023522301423,2023,522301423,2,1,1,1,27,6,3,0,0,0,0,0,9,9,E01014908,-1,0,0.00658,0.99342,-1,7,30,1,1,1,13:20,6,3,9
2023041349867,2023,041349867,2,1,2,2,5,1,3,0,0,2,0,0,9,5,E01025190,3,1,0.0,1.0,-1,6,30,1,1,1,14:16,7,2,9
2023161258742,2023,161258742,1,1,1,1,51,8,2,0,0,0,0,0,9,-1,-1,6,1,1.0,0.0,-1,6,60,1,6,2,21:12,1,1,9
2023351318866,2023,351318866,1,1,1,1,35,6,3,0,0,0,0,0,9,4,E01030115,3,1,0.0,1.0,-1,6,50,1,1,1,14:58,3,3,9
2023010468911,2023,010468911,1,1,1,1,44,7,3,0,0,0,0,0,9,2,E01004423,-1,0,0.0,1.0,-1,1,30,1,1,1,16:45,5,2,9
2023320055743,2023,320055743,2,1,2,1,1,1,3,0,0,2,0,0,9,1,E01026173,-1,0,0.011,0.989,-1,6,30,1,4,2,17:15,6,2,9
2023411278782,2023,411278782,1,2,2,2,64,9,3,0,0,-1,0,0,9,7,E01023618,3,1,0.0,1.0,-1,7,70,1,1,1,12:55,6,2,9
2023430370726,2023,430370726,2,2,2,2,36,7,2,0,0,1,0,0,9,7,E01017909,-1,0,1.0,0.0,-1,6,60,1,6,1,00:23,7,2,9
2023451326878,2023,451326878,1,1,1,2,75,10,3,0,0,0,0,0,9,10,E01030726,3,1,0.0,1.0,-1,6,30,1,1,1,12:50,5,2,9
2023552300386,2023,552300386,1,1,2,2,17,4,3,0,0,1,0,0,9,10,E01020384,-1,0,0.09367,0.90633,-1,6,60,1,6,1,22:45,2,1,9
2023061270030,2023,061270030,1,1,3,1,74,10,2,5,1,0,0,0,0,1,E01005289,7,1,1.0,0.0,-1,6,30,1,1,2,08:53,2,1,9
2023010426252,2023,010426252,1,1,1,1,39,7,3,0,0,0,0,0,9,3,E01009239,-1,0,0.0,1.0,-1,6,30,1,1,1,11:09,5,2,9
2023451322541,2023,451322541,1,1,1,2,77,11,2,0,0,0,0,0,9,9,E01030539,7,1,1.0,0.0,-1,6,30,1,1,1,16:45,1,1,9
2023461273205,2023,461273205,1,1,1,1,54,8,3,0,0,0,0,0,9,1,E01024618,3,1,0.0,1.0,-1,6,60,1,1,2,11:15,4,3,9
2023320257385,2023,320257385,1,2,2,2,17,4,3,0,0,1,0,0,9,8,E01015590,-1,0,0.152,0.848,-1,6,60,1,6,1,22:17,6,1,9
2023421324738,2023,421324738,1,1,1,2,77,11,3,0,0,0,0,0,9,9,E01021873,3,1,0.0,1.0,-1,6,20,1,1,1,12:05,7,1,9
2023101283266,2023,101283266,1,1,2,1,82,11,3,0,0,0,-1,0,11,-1,-1,3,1,0.0,1.0,-1,6,30,1,1,1,15:50,5,1,11
2023010481750,2023,010481750,1,1,1,1,26,6,2,0,0,0,0,0,23,6,E01001312,-1,0,1.0,0.0,-1,2,20,2,4,2,18:55,1,2,23
2023141361170,2023,141361170,1,1,3,2,18,4,3,5,1,0,0,0,0,-1,-1,3,1,0.0,1.0,-1,3,30,1,1,1,15:33,2,1,9
2023041347782,2023,041347782,1,2,1,1,85,11,3,0,0,0,0,0,9,6,E01025383,3,1,0.0,1.0,-1,6,30,1,4,1,22:43,6,2,9
2023631350977,2023,631350977,1,1,1,1,27,6,3,0,0,0,0,0,9,4,W01000602,3,1,0.0,1.0,-1,9,30,4,1,2,16:55,1,2,9
2023991283888,2023,991283888,2,3,2,1,23,5,3,0,0,1,0,0,9,8,-1,3,1,0.0,1.0,-1,3,70,1,6,1,02:50,3,2,9
2023991391495,2023,991391495,1,1,1,1,49,8,3,0,0,0,0,0,9,8,-1,3,1,0.0,1.0,-1,6,60,1,1,2,08:55,6,2,9
2023010420375,2023,010420375,1,1,3,1,46,8,3,5,3,0,0,0,0,6,E01004145,-1,0,0.0,1.0,-1,6,20,1,1,2,09:50,2,2,9
2023131302470,2023,131302470,2,3,2,2,31,6,3,0,0,1,0,0,9,6,E01032159,3,1,0.0,1.0,-1,7,50,1,1,1,14:05,1,2,9
2023351278810,2023,351278810,2,1,1,1,43,7,3,0,0,0,0,0,9,3,E01012866,3,1,0.0,1.0,-1,3,70,1,1,1,14:35,6,3,9
2023451377305,2023,451377305,1,1,1,1,27,6,3,0,0,0,0,0,9,10,E01022863,3,1,0.0,1.0,-1,3,70,1,1,1,14:12,1,1,9
2023010465835,2023,010465835,2,1,1,1,44,7,2,0,0,0,0,0,1,8,E01033580,-1,0,1.0,0.0,-1,1,30,1,4,1,20:18,4,2,1
2023421355825,2023,421355825,1,1,3,1,15,3,3,6,9,0,0,0,0,6,E01021714,3,1,0.0,1.0,-1,6,40,1,1,1,13:16,7,1,9
2023471272999,2023,471272999,1,1,1,1,82,11,3,0,0,0,0,0,9,10,E01031759,3,1,0.0,1.0,-1,6,30,1,4,1,17:50,2,2,9
2023302300514,2023,302300514,1,2,2,1,43,7,3,0,0,1,0,0,19,-1,-1,-1,0,0.1423,0.8577,-1,3,70,2,6,2,03:30,6,3,19
2023010481205,2023,010481205,2,1,1,1,32,6,3,0,0,0,0,0,1,2,E01002906,-1,0,0.0,1.0,-1,6,20,1,4,1,18:10,5,2,1
2023461382544,2023,461382544,2,1,1,1,36,7,3,0,0,0,0,0,1,4,E01024382,3,1,0.0,1.0,-1,6,30,2,1,2,18:16,7,2,1
2023010431318,2023,010431318,1,1,1,2,32,6,3,0,0,0,0,0,3,3,E01003439,-1,0,0.0,1.0,-1,6,30,1,1,1,14:33,2,2,3
2023311362525,2023,311362525,2,1,1,1,65,9,3,0,0,0,0,0,8,1,E01027956,3,1,0.0,1.0,-1,6,30,2,1,2,09:58,6,4,8
2023201421480,2023,201421480,2,2,1,1,62,9,3,0,0,0,0,0,9,1,E01010067,3,1,0.0,1.0,-1,3,30,4,5,2,10:01,5,2,9
2023471260124,2023,471260124,1,1,1,2,37,7,3,0,0,0,0,0,9,6,E01031636,3,1,0.0,1.0,-1,6,30,1,4,1,17:45,5,3,9
2023010478630,2023,010478630,1,1,3,1,54,8,3,1,9,0,0,0,0,2,E01002075,-1,0,0.0,1.0,-1,6,20,1,1,1,14:26,2,1,97
2023201394258,2023,201394258,1,1,3,1,13,3,2,5,1,0,0,0,0,3,E01009587,7,1,1.0,0.0,-1,6,30,1,1,1,08:10,3,1,9
2023471342451,2023,471342451,2,1,1,1,48,8,3,0,0,0,0,0,3,1,E01016880,3,1,0.0,1.0,-1,6,40,1,1,1,17:42,4,2,3
2023411366778,2023,411366778,2,1,1,1,39,7,3,0,0,0,0,0,22,5,E01023933,3,1,0.0,1.0,-1,1,30,2,1,2,10:00,6,2,22
2023552300585,2023,552300585,1,1,1,1,18,4,2,0,0,0,0,0,1,10,E01015464,-1,0,1.0,0.0,-1,6,30,1,1,1,15:23,1,3,1
2023451300945,2023,451300945,1,1,1,1,32,6,2,0,0,0,0,0,5,10,E01030307,7,1,1.0,0.0,-1,3,40,1,1,2,08:28,4,1,5
2023440223182,2023,440223182,1,1,1,1,60,9,3,0,0,0,0,0,9,8,E01022589,-1,0,0.03832,0.96168,-1,3,70,1,1,1,07:41,3,3,9
2023461382690,2023,461382690,2,1,1,1,-1,-1,3,0,0,0,0,0,1,-1,-1,3,1,0.0,1.0,-1,6,30,1,1,1,09:30,5,2,1
2023991349109,2023,991349109,1,1,1,1,58,9,2,0,0,0,0,0,1,9,-1,6,1,1.0,0.0,-1,6,20,1,1,1,10:45,3,2,1
2023010432622,2023,010432622,1,1,1,1,29,6,3,0,0,0,0,0,3,-1,-1,-1,0,0.0,1.0,-1,6,30,9,1,1,20:12,5,1,3
2023440151845,2023,440151845,1,1,1,1,59,9,2,0,0,0,0,0,5,4,E01031980,-1,0,1.0,0.0,-1,6,40,1,1,2,18:25,3,2,5
2023991317240,2023,991317240,1,2,1,1,17,4,3,0,0,0,0,0,9,1,-1,3,1,0.0,1.0,-1,6,30,2,6,2,02:25,1,1,9
2023010440697,2023,010440697,1,1,3,1,43,7,2,5,2,0,0,0,0,8,E01002900,-1,0,1.0,0.0,-1,3,20,1,1,1,10:13,3,1,19
2023061330098,2023,061330098,2,2,2,2,54,8,3,0,0,-1,0,0,9,1,E01004960,3,1,0.0,1.0,-1,6,30,2,1,-1,15:26,7,2,9
2023302300272,2023,302300272,1,1,1,1,22,5,3,0,0,0,0,0,9,7,W01000488,-1,0,0.1239,0.8761,-1,6,50,8,6,1,04:38,2,1,9
2023461306202,2023,461306202,1,1,2,2,15,3,3,0,0,2,0,0,9,-1,-1,3,1,0.0,1.0,-1,6,30,1,7,1,02:54,6,2,9
2023451388010,2023,451388010,1,1,3,2,5,1,3,4,9,0,0,0,0,-1,-1,3,1,0.0,1.0,-1,6,30,1,1,1,15:30,3,1,9
2023010474430,2023,010474430,2,1,1,1,12,3,3,0,0,0,0,0,1,1,E01002673,-1,0,0.0,1.0,-1,6,30,1,4,1,18:34,6,2,1
2023401272908,2023,401272908,2,1,1,1,54,8,3,0,0,0,0,0,1,-1,-1,3,1,0.0,1.0,-1,6,40,8,4,1,22:30,1,2,1
2023010476833,2023,010476833,1,1,1,2,40,7,3,0,0,0,0,0,9,3,E01003264,-1,0,0.0,1.0,-1,6,20,8,1,2,09:36,5,2,9
2023061389753,2023,061389753,2,1,1,-1,22,5,3,0,0,0,0,0,9,1,E01011422,3,1,0.0,1.0,-1,3,30,1,1,1,05:17,1,2,9
2023141370479,2023,141370479,2,1,1,2,28,6,3,0,0,0,0,0,9,3,E01007528,3,1,0.0,1.0,-1,6,40,1,4,1,16:39,6,2,9