collision_index,collision_year,collision_ref_no,vehicle_reference,casualty_reference,casualty_class,sex_of_casualty,age_of_casualty,age_band_of_casualty,casualty_severity,pedestrian_location,pedestrian_movement,car_passenger,bus_or_coach_passenger,pedestrian_road_maintenance_worker,casualty_type,casualty_imd_decile,lsoa_of_casualty,enhanced_casualty_severity,casualty_injury_based,casualty_adjusted_severity_serious,casualty_adjusted_severity_slight,casualty_distance_banding,road_type,speed_limit,weather_conditions,light_conditions,road_surface_conditions,time,day_of_week,number_of_vehicles,vehicle_type
2023131322378,2023,131322378,1,3,2,2,16,4,3,0,0,2,0,0,9,10,E01011709,3,1,0.0,1.0,-1,6,60,1,6,1,01:32,1,1,9
2023221272462,2023,221272462,1,1,1,1,24,5,3,0,0,0,0,0,9,2,E01009171,3,1,0.0,1.0,-1,6,30,1,6,1,03:25,7,2,9
2023351283987,2023,351283987,1,1,1,1,43,7,3,0,0,0,0,0,9,10,E01018118,3,1,0.0,1.0,-1,6,60,1,1,1,14:44,5,2,9
2023201386505,2023,201386505,1,1,1,1,20,4,3,0,0,0,0,0,23,3,E01008986,3,1,0.0,1.0,-1,6,30,1,4,1,17:30,5,2,23
2023461372842,2023,461372842,1,1,3,1,77,11,3,10,9,0,0,2,0,10,E01024046,3,1,0.0,1.0,-1,6,30,1,1,1,11:22,3,1,9
2023010471573,2023,010471573,1,1,1,2,53,8,3,0,0,0,0,0,9,5,E01002395,-1,0,0.0,1.0,-1,6,40,2,1,2,13:45,5,2,9
2023430416130,2023,430416130,1,1,1,1,54,8,3,0,0,0,0,0,9,7,E01016680,-1,0,0.08081,0.91919,-1,1,30,1,1,1,13:59,7,2,9
2023302301022,2023,302301022,2,1,1,2,44,7,3,0,0,0,0,0,9,6,E01033536,-1,0,0.05685,0.94315,-1,6,50,1,1,1,16:00,2,2,9
2023991347423,2023,991347423,1,2,2,2,4,1,3,0,0,2,0,0,9,8,-1,3,1,0.0,1.0,-1,6,60,1,1,1,12:05,5,2,9
2023070843458,2023,070843458,2,1,1,2,85,11,3,0,0,0,0,0,9,3,E01018730,-1,0,0.05799,0.94201,-1,6,30,1,1,1,11:18,3,2,9
2023141322970,2023,141322970,2,3,2,1,19,4,3,0,0,2,0,0,9,4,E01007821,3,1,0.0,1.0,-1,6,60,1,1,1,18:17,2,2,9
2023161387186,2023,161387186,1,1,1,1,35,6,2,0,0,0,0,0,9,3,E01013004,5,1,1.0,0.0,-1,6,60,5,6,2,17:36,7,1,9
2023302300121,2023,302300121,2,1,2,1,3,1,3,0,0,2,0,0,9,-1,-1,-1,0,0.02453,0.97547,-1,3,50,1,1,1,12:45,6,4,9
2023201433178,2023,201433178,1,1,1,1,26,6,3,0,0,0,0,0,9,2,E01009641,3,1,0.0,1.0,-1,6,30,1,5,1,00:20,3,1,9
2023311351455,2023,311351455,1,1,1,1,22,5,2,0,0,0,0,0,9,6,E01028273,7,1,1.0,0.0,-1,6,60,1,1,1,17:30,6,4,9
2023430495932,2023,430495932,1,1,1,1,22,5,3,0,0,0,0,0,9,10,E01016343,-1,0,0.11684,0.88316,-1,7,70,1,6,1,00:51,7,1,9
2023010444161,2023,010444161,2,1,1,1,24,5,3,0,0,0,0,0,1,2,E01004201,-1,0,0.0,1.0,-1,6,20,1,4,1,23:15,7,2,1
2023010435241,2023,010435241,1,1,3,1,51,8,3,1,1,0,0,0,0,2,E01002703,-1,0,0.0,1.0,-1,6,20,2,1,2,14:44,6,1,19
2023010465196,2023,010465196,1,1,3,1,17,4,3,1,1,0,0,0,0,1,E01003961,-1,0,0.0,1.0,-1,3,20,1,1,1,15:28,1,1,9
2023010477323,2023,010477323,1,2,3,1,49,8,3,10,9,0,0,0,0,5,E01001973,-1,0,0.0,1.0,-1,6,20,8,1,1,10:00,7,1,9
2023131374413,2023,131374413,1,2,3,2,14,3,3,8,8,0,0,2,0,3,E01010703,3,1,0.0,1.0,-1,6,30,5,4,2,16:15,2,1,98
2023131326918,2023,131326918,2,3,2,1,0,1,2,0,0,2,0,0,9,6,E01010816,7,1,1.0,0.0,-1,6,30,1,1,1,10:04,6,3,9
2023231396605,2023,231396605,1,2,3,1,66,10,3,8,5,0,0,0,0,10,E01031201,3,1,0.0,1.0,-1,6,30,1,1,1,13:12,7,2,9
2023501348188,2023,501348188,1,1,1,1,35,6,1,0,0,0,0,0,5,5,E01020339,1,1,0.0,0.0,-1,6,60,1,1,1,16:32,1,2,5
2023010469035,2023,010469035,1,1,1,2,42,7,3,0,0,0,0,0,9,10,E01017942,-1,0,0.0,1.0,-1,3,30,1,1,1,16:30,6,2,9
2023131260410,2023,131260410,1,1,1,2,70,10,2,0,0,0,0,0,9,9,E01011812,7,1,1.0,0.0,-1,6,40,8,1,2,11:34,6,1,9
202354A030023,2023,54A030023,2,1,1,1,19,4,3,0,0,0,0,0,9,5,E01032063,-1,0,0.03336,0.96664,-1,6,60,2,1,2,13:13,5,2,9
2023070805218,2023,070805218,1,1,3,2,18,4,3,1,3,0,0,0,0,7,E01018457,-1,0,0.136,0.864,-1,6,30,1,1,1,16:50,7,1,9
2023010439164,2023,010439164,1,1,1,1,51,8,3,0,0,0,0,0,9,2,E01004263,-1,0,0.0,1.0,-1,6,20,2,1,2,15:19,1,2,9
2023501311564,2023,501311564,1,1,1,2,25,5,3,0,0,0,0,0,9,-1,-1,3,1,0.0,1.0,-1,6,50,1,6,1,23:30,4,1,9
2023520300419,2023,520300419,2,3,2,1,28,6,3,0,0,1,0,0,9,10,E01014718,-1,0,0.05642,0.94358,-1,6,40,1,6,1,19:32,6,2,9
2023631358278,2023,631358278,2,2,1,1,50,8,3,0,0,0,0,0,9,6,W01000524,3,1,0.0,1.0,-1,6,60,2,1,2,16:16,1,2,9
2023061323878,2023,061323878,1,1,3,2,18,4,3,4,1,0,0,-1,0,3,E01005249,3,1,0.0,1.0,-1,3,30,1,1,1,17:29,5,1,9
2023221286869,2023,221286869,1,1,3,2,26,6,2,9,5,0,0,0,0,3,E01014141,7,1,1.0,0.0,-1,6,30,1,1,1,18:25,2,1,9
2023461364480,2023,461364480,1,1,1,1,18,4,3,0,0,0,0,0,3,6,E01024363,3,1,0.0,1.0,-1,6,30,1,1,1,08:00,5,2,3
2023351299301,2023,351299301,1,2,3,2,14,3,3,5,3,0,0,0,0,6,E01015671,3,1,0.0,1.0,-1,6,40,1,1,1,14:20,7,1,8
2023401356485,2023,401356485,2,1,1,-1,-1,-1,3,0,0,0,0,0,9,-1,-1,3,1,0.0,1.0,-1,6,30,1,1,1,11:45,3,3,9
2023471292121,2023,471292121,2,1,1,1,53,8,3,0,0,0,0,0,9,9,E01031422,3,1,0.0,1.0,-1,6,30,2,1,2,07:15,4,2,9
2023010482932,2023,010482932,1,1,3,1,26,6,3,1,9,0,0,0,0,2,E01033712,-1,0,0.0,1.0,-1,2,20,1,4,1,22:20,6,1,8
2023201405820,2023,201405820,1,1,3,2,58,9,3,1,4,0,0,2,0,1,E01009057,3,1,0.0,1.0,-1,6,30,1,4,1,19:45,7,1,9
2023141300153,2023,141300153,2,1,1,1,41,7,2,0,0,0,0,0,1,10,E01007954,7,1,1.0,0.0,-1,6,30,1,1,1,10:05,2,2,1
2023010437863,2023,010437863,1,1,1,1,34,6,3,0,0,0,0,0,3,4,E01000323,-1,0,0.0,1.0,-1,6,20,1,1,1,17:18,5,2,3
2023161269349,2023,161269349,1,1,1,2,25,5,3,0,0,0,0,0,9,6,E01012923,3,1,0.0,1.0,-1,6,30,1,4,2,02:30,1,2,9
2023440211867,2023,440211867,2,1,1,1,22,5,3,0,0,0,0,0,1,-1,-1,-1,0,0.17261,0.82739,-1,6,30,1,4,1,20:50,1,2,1
2023461319019,2023,461319019,2,1,1,1,23,5,3,0,0,0,0,0,1,8,E01024185,3,1,0.0,1.0,-1,3,40,1,1,1,16:30,1,2,1
2023552301124,2023,552301124,2,1,2,2,60,9,2,0,0,0,0,0,5,9,E01020001,-1,0,1.0,0.0,-1,1,60,1,1,1,16:07,1,2,5
2023122301049,2023,122301049,1,1,1,1,52,8,3,0,0,0,0,0,9,1,E01013822,-1,0,0.08504,0.91496,-1,3,70,4,1,1,14:38,6,3,9
2023332300182,2023,332300182,1,1,1,2,44,7,3,0,0,0,0,0,9,3,E01013752,-1,0,0.0364,0.9636,-1,3,40,1,1,1,07:14,1,1,9
2023430122126,2023,430122126,2,2,2,2,31,6,3,0,0,1,0,0,9,10,E01028622,-1,0,0.02761,0.97239,-1,1,40,1,1,1,11:32,1,2,9
2023991313432,2023,991313432,1,1,2,2,87,11,2,0,0,2,0,0,9,6,-1,6,1,1.0,0.0,-1,6,60,1,1,1,11:02,4,1,9
2023471318764,2023,471318764,1,1,1,1,84,11,2,0,0,0,0,0,5,10,E01021067,7,1,1.0,0.0,-1,6,50,1,1,1,16:43,2,2,5
2023010421371,2023,010421371,1,1,1,1,29,6,3,0,0,0,0,0,9,2,E01003196,-1,0,0.0,1.0,-1,1,30,2,1,2,11:38,7,2,9
2023010448962,2023,010448962,1,1,1,2,19,4,3,0,0,0,0,0,9,9,E01002415,-1,0,0.0,1.0,-1,6,30,1,1,1,11:50,4,2,9
2023440250617,2023,440250617,2,2,1,2,23,5,3,0,0,0,0,0,9,2,E01017326,-1,0,0.05297,0.94703,-1,6,40,1,1,1,17:32,6,2,9
2023610050623,2023,610050623,2,1,1,2,28,6,3,0,0,1,0,0,9,1,W01001364,-1,0,0.01046,0.98954,-1,1,30,2,1,2,16:00,2,2,9
2023332300318,2023,332300318,2,1,1,1,43,7,3,0,0,0,0,0,1,5,E01025999,-1,0,0.04451,0.95549,-1,6,30,1,1,1,17:30,2,2,1
2023010460014,2023,010460014,1,1,1,1,38,7,3,0,0,0,0,0,3,4,E01003632,-1,0,0.0,1.0,-1,9,20,9,1,9,13:30,5,2,3
202360A155652,2023,60A155652,1,1,1,1,19,4,3,0,0,0,0,0,3,-1,-1,-1,0,0.21771,0.78229,-1,6,30,1,4,2,20:06,3,1,3
2023991306184,2023,991306184,1,1,3,1,52,8,3,5,1,0,0,0,0,1,-1,3,1,0.0,1.0,-1,6,30,1,4,2,18:30,7,1,8
2023361333844,2023,361333844,1,1,1,1,26,6,3,0,0,0,0,0,1,4,E01026804,3,1,0.0,1.0,-1,6,30,2,1,2,06:53,5,2,1
2023361288863,2023,361288863,2,1,1,1,60,9,2,0,0,0,0,0,4,5,E01026774,6,1,1.0,0.0,-1,6,30,1,6,1,19:30,5,2,4
2023010439425,2023,010439425,1,1,2,-1,-1,-1,3,0,0,9,0,0,9,6,E01003646,-1,0,0.0,1.0,-1,9,30,9,7,9,07:00,6,1,9
2023010447852,2023,010447852,2,1,1,2,35,6,3,0,0,0,0,0,9,-1,-1,-1,0,0.0,1.0,-1,6,20,1,1,1,21:00,5,4,9
2023170L20403,2023,170L20403,1,1,2,1,26,6,2,0,0,1,0,0,9,1,E01012175,-1,0,1.0,0.0,-1,6,30,1,4,1,03:41,1,1,9
2023361298110,2023,361298110,1,3,1,1,84,11,3,0,0,0,0,0,9,8,E01026881,3,1,0.0,1.0,-1,6,20,1,1,1,15:53,3,2,9
2023421317435,2023,421317435,2,1,1,1,27,6,3,0,0,0,0,0,9,6,E01021258,3,1,0.0,1.0,-1,6,30,1,6,1,01:57,2,2,9
2023430482325,2023,430482325,1,1,1,1,24,5,3,0,0,0,0,0,9,10,E01016612,-1,0,0.07744,0.92256,-1,6,40,1,4,1,17:49,5,2,9
2023548881023,2023,548881023,1,4,2,2,16,4,3,0,0,2,0,0,9,10,E01020413,-1,0,0.05981,0.94019,-1,6,50,1,1,1,16:10,3,2,9
202360A091311,2023,60A091311,1,1,3,1,9,2,3,8,5,0,0,0,0,-1,-1,-1,0,0.17542,0.82458,-1,6,30,1,1,1,19:31,3,1,19
2023531293765,2023,531293765,2,1,1,1,19,4,3,0,0,0,0,0,3,6,E01022380,3,1,0.0,1.0,-1,6,30,1,1,1,16:50,3,2,3
2023052302854,2023,052302854,2,1,1,1,56,9,3,0,0,0,0,0,8,7,E01006623,-1,0,0.04439,0.95561,-1,6,30,1,1,1,12:50,5,2,8
2023071321308,2023,071321308,2,3,2,2,54,8,2,0,0,1,0,0,9,10,E01006082,-1,0,1.0,0.0,-1,1,30,1,7,2,15:50,3,2,9
2023421351361,2023,421351361,2,1,1,1,59,9,2,0,0,0,0,0,9,-1,-1,7,1,1.0,0.0,-1,6,30,1,1,1,17:13,2,2,9
2023461380754,2023,461380754,2,2,1,2,19,4,3,0,0,0,0,0,9,3,E01024149,3,1,0.0,1.0,-1,3,40,8,5,2,17:33,7,2,9
2023501283516,2023,501283516,1,1,1,2,52,8,3,0,0,0,0,0,9,4,E01020196,3,1,0.0,1.0,-1,6,40,1,6,4,07:08,2,1,9
2023501333774,2023,501333774,1,1,1,2,74,10,3,0,0,0,0,0,9,2,E01018949,3,1,0.0,1.0,-1,6,60,2,1,2,17:20,4,1,9
2023010463236,2023,010463236,1,1,3,1,11,3,3,1,3,0,0,0,0,2,E01003288,-1,0,0.0,1.0,-1,6,20,1,1,1,19:18,4,1,9
2023131326483,2023,131326483,1,1,1,1,22,5,3,0,0,0,0,0,9,9,E01010687,3,1,0.0,1.0,-1,9,30,1,1,1,07:32,5,1,9
2023461378373,2023,461378373,2,2,2,2,17,4,2,0,0,1,0,0,9,4,E01024293,5,1,1.0,0.0,-1,6,30,2,4,2,17:55,2,3,9
2023991311732,2023,991311732,1,1,1,2,38,7,3,0,0,0,0,0,19,6,-1,3,1,0.0,1.0,-1,3,40,1,1,1,07:00,6,2,19
2023302300423,2023,302300423,1,1,3,2,23,5,3,6,9,0,0,0,0,1,E01013481,-1,0,0.05716,0.94284,-1,6,30,2,7,2,19:10,2,1,9
2023471356062,2023,471356062,2,1,1,1,60,9,3,0,0,0,0,0,1,5,E01016989,3,1,0.0,1.0,-1,6,20,9,1,1,16:30,1,2,1
2023010438463,2023,010438463,2,2,2,2,91,11,3,0,0,1,0,0,9,6,E01001254,-1,0,0.0,1.0,-1,3,70,5,1,2,17:45,5,3,9
2023010439514,2023,010439514,1,1,1,1,47,8,3,0,0,0,0,0,9,7,E01002223,-1,0,0.0,1.0,-1,1,30,1,1,1,14:11,3,1,9
2023010457266,2023,010457266,1,1,1,2,51,8,3,0,0,0,0,0,9,3,E01001147,-1,0,0.0,1.0,-1,6,20,1,1,1,06:00,4,4,9
2023061347102,2023,061347102,2,1,1,2,42,7,3,0,0,0,0,0,9,-1,-1,3,1,0.0,1.0,-1,6,30,1,1,1,15:43,4,2,9
2023070204420,2023,070204420,2,1,1,1,39,7,3,0,0,0,0,0,9,7,E01012418,-1,0,0.02537,0.97463,-1,6,20,1,1,1,13:05,6,2,9
2023101293594,2023,101293594,1,2,2,1,17,4,3,0,0,1,0,0,9,-1,-1,3,1,0.0,1.0,-1,6,60,4,1,2,10:25,7,1,9
2023211312407,2023,211312407,2,2,2,2,42,7,3,0,0,2,0,0,9,8,E01009785,3,1,0.0,1.0,-1,1,50,1,1,1,17:58,1,2,9
2023371347925,2023,371347925,2,2,1,2,59,9,3,0,0,0,0,0,9,1,E01029994,3,1,0.0,1.0,-1,6,40,1,1,1,10:50,7,3,9
2023411364636,2023,411364636,1,1,1,1,27,6,3,0,0,0,0,0,9,6,E01023918,3,1,0.0,1.0,-1,1,40,8,1,1,18:11,6,2,9
2023231263886,2023,231263886,1,2,2,2,21,5,2,0,0,0,4,0,11,1,E01009024,7,1,1.0,0.0,-1,3,70,1,4,2,21:38,3,2,11
2023430231097,2023,430231097,1,1,1,1,70,10,1,0,0,0,0,0,1,-1,-1,-1,0,0.0,0.0,-1,6,60,1,1,1,08:26,6,2,1
2023201378363,2023,201378363,1,1,3,1,16,4,2,1,1,0,0,0,0,1,E01033632,7,1,1.0,0.0,-1,6,30,1,1,1,08:15,5,1,11
2023991342302,2023,991342302,2,1,1,2,56,9,3,0,0,0,0,0,1,10,-1,3,1,0.0,1.0,-1,9,20,1,1,1,16:20,2,2,1
2023141334187,2023,141334187,1,1,1,1,33,6,2,0,0,0,0,0,9,1,E01007634,7,1,1.0,0.0,-1,6,30,1,4,1,22:40,5,3,9
2023501312669,2023,501312669,2,5,2,2,20,4,3,0,0,-1,0,0,9,4,E01017339,3,1,0.0,1.0,-1,3,40,1,4,1,22:04,7,2,9
2023052301454,2023,052301454,1,6,2,2,17,4,3,0,0,0,4,0,11,2,E01006966,-1,0,0.0663,0.9337,-1,6,20,1,1,1,22:31,2,1,11
2023041310761,2023,041310761,1,2,1,2,17,4,3,0,0,0,0,0,9,5,E01025543,3,1,0.0,1.0,-1,6,60,1,6,1,00:20,4,1,9
2023201299457,2023,201299457,1,1,1,1,21,5,3,0,0,0,0,0,9,4,E01013967,3,1,0.0,1.0,-1,3,30,2,4,2,00:15,5,2,9
2023010441101,2023,010441101,2,1,1,2,47,8,2,0,0,0,0,0,1,8,E01004589,-1,0,1.0,0.0,-1,6,20,1,1,1,10:10,5,2,1
2023010463883,2023,010463883,1,1,1,2,28,6,3,0,0,0,0,0,1,5,E01000629,-1,0,0.0,1.0,-1,2,20,1,1,1,16:17,1,2,1
2023131293969,2023,131293969,1,1,1,1,22,5,3,0,0,0,0,0,1,5,E01033008,3,1,0.0,1.0,-1,6,30,1,1,2,13:20,4,2,1
2023311389905,2023,311389905,1,2,2,2,49,8,3,0,0,1,0,0,9,-1,-1,3,1,0.0,1.0,-1,3,50,1,4,2,18:30,2,2,9
2023401328192,2023,401328192,2,1,1,1,40,7,3,0,0,0,0,0,9,4,E01017600,3,1,0.0,1.0,-1,1,50,1,1,1,16:55,2,2,9
2023520400347,2023,520400347,2,2,1,1,78,11,3,0,0,0,0,0,9,9,E01029318,-1,0,0.09799,0.90201,-1,6,40,9,1,1,11:12,6,2,9
2023545426123,2023,545426123,5,3,1,1,47,8,3,0,0,0,0,0,9,9,E01028738,-1,0,0.02936,0.97064,-1,6,60,1,1,1,08:15,4,5,9
2023991334143,2023,991334143,2,2,1,2,30,6,3,0,0,0,0,0,9,2,-1,3,1,0.0,1.0,-1,6,30,1,1,1,21:20,4,2,9
2023552301412,2023,552301412,2,2,1,1,58,9,3,0,0,0,0,0,1,7,E01020436,-1,0,0.13738,0.86262,-1,6,30,1,1,1,11:53,6,2,1
2023061266786,2023,061266786,2,1,1,1,32,6,3,0,0,0,0,0,9,-1,-1,3,1,0.0,1.0,-1,1,30,2,1,2,10:45,7,2,9
2023421273057,2023,421273057,1,1,1,1,33,6,3,0,0,0,0,0,9,7,E01002329,3,1,0.0,1.0,-1,6,30,1,1,1,08:43,2,2,9
2023430009575,2023,430009575,1,1,1,2,20,4,3,0,0,0,0,0,9,9,E01016539,-1,0,0.00891,0.99109,-1,6,40,1,4,1,20:40,6,2,9
2023461316695,2023,461316695,2,2,1,1,-1,-1,3,0,0,0,0,0,9,7,E01024274,3,1,0.0,1.0,-1,3,60,1,1,1,12:51,5,3,9
2023052300067,2023,052300067,2,1,1,1,41,7,3,0,0,0,0,0,9,1,E01033763,-1,0,0.01242,0.98758,-1,6,20,1,1,2,08:05,2,2,9
2023131311985,2023,131311985,3,2,2,1,36,7,3,0,0,1,0,0,9,1,E01011729,3,1,0.0,1.0,-1,3,40,1,4,1,23:25,6,6,9
2023201297346,2023,201297346,1,1,1,1,23,5,3,0,0,0,0,0,9,5,E01009527,3,1,0.0,1.0,-1,6,30,1,4,1,20:46,2,2,9
2023201276667,2023,201276667,2,1,1,1,44,7,3,0,0,0,0,0,19,4,E01009590,3,1,0.0,1.0,-1,6,30,1,1,1,08:52,5,2,19
2023101269423,2023,101269423,1,1,3,1,15,3,2,4,3,0,0,0,0,4,E01008796,7,1,1.0,0.0,-1,6,30,1,1,1,15:24,7,1,9
2023411300722,2023,411300722,2,1,1,1,32,6,3,0,0,0,0,0,8,5,E01000594,3,1,0.0,1.0,-1,3,30,1,1,-1,19:00,4,3,8
2023010477967,2023,010477967,1,2,2,2,-1,-1,3,0,0,9,0,0,9,3,E01002048,-1,0,0.0,1.0,-1,9,20,1,1,1,15:05,3,1,9
2023430268046,2023,430268046,2,3,2,2,19,4,3,0,0,1,0,0,9,7,E01023123,-1,0,0.06495,0.93505,-1,6,40,1,1,1,13:45,1,2,9
2023531305025,2023,531305025,1,1,1,2,37,7,2,0,0,0,0,0,9,4,E01005281,7,1,1.0,0.0,-1,6,50,1,1,1,13:55,1,2,9
2023010420059,2023,010420059,1,1,3,2,29,6,3,9,9,0,0,0,0,-1,-1,-1,0,0.0,1.0,-1,6,20,4,4,1,00:56,7,1,9
2023131279078,2023,131279078,1,1,2,2,28,6,3,0,0,2,0,0,9,1,E01010745,3,1,0.0,1.0,-1,6,30,1,7,1,05:55,2,1,9
2023101269435,2023,101269435,1,1,3,1,45,7,2,10,9,0,0,0,0,3,E01008168,7,1,1.0,0.0,-1,6,30,1,4,2,15:45,7,2,9
2023302300110,2023,302300110,1,1,3,2,88,11,2,5,1,0,0,0,0,6,E01019445,-1,0,1.0,0.0,-1,6,30,1,1,4,11:09,5,1,19
2023010430838,2023,010430838,1,1,1,1,29,6,3,0,0,0,0,0,3,1,E01032575,-1,0,0.0,1.0,-1,9,20,1,1,1,09:33,7,2,3
2023451283760,2023,451283760,1,1,1,1,36,7,3,0,0,0,0,0,9,6,E01033742,3,1,0.0,1.0,-1,3,70,1,1,1,08:53,2,2,9
2023061349263,2023,061349263,2,3,1,1,83,11,3,0,0,0,0,0,9,6,E01006221,3,1,0.0,1.0,-1,6,30,1,1,1,12:50,3,2,9
202360A019999,2023,60A019999,1,1,1,1,20,4,2,0,0,0,0,0,9,-1,-1,-1,0,1.0,0.0,-1,6,60,1,6,2,06:45,6,2,9
2023451388434,2023,451388434,2,1,1,1,27,6,2,0,0,0,0,0,5,10,E01030404,7,1,1.0,0.0,-1,6,30,1,4,2,19:15,5,2,5
2023010426517,2023,010426517,2,1,3,2,12,3,3,9,5,0,0,0,0,2,E01003598,-1,0,0.0,1.0,-1,9,30,9,4,9,19:05,5,2,9
2023010484601,2023,010484601,2,1,1,1,32,6,3,0,0,0,0,0,19,5,E01016233,-1,0,0.0,1.0,-1,1,50,1,4,1,18:53,1,2,19
2023122300931,2023,122300931,2,1,1,2,56,9,3,0,0,0,0,0,9,-1,-1,-1,0,0.01799,0.98201,-1,6,60,1,1,1,16:12,3,2,9
2023340WN5542,2023,340WN5542,1,2,2,2,20,4,3,0,0,1,0,0,9,-1,-1,-1,0,0.05129,0.94871,-1,3,70,1,1,1,14:22,4,5,9
2023101352085,2023,101352085,2,1,1,1,62,9,3,0,0,0,0,0,5,9,E01008526,3,1,0.0,1.0,-1,6,60,1,1,2,13:30,1,2,5
2023141329961,2023,141329961,1,1,3,1,45,7,2,9,8,0,0,0,0,-1,-1,7,1,1.0,0.0,-1,6,60,1,6,2,00:50,1,1,9
2023340NN3242,2023,340NN3242,1,1,3,1,32,6,3,5,1,0,0,0,0,-1,-1,-1,0,0.09085,0.90915,-1,1,30,1,1,1,08:27,5,1,9
2023010449048,2023,010449048,1,1,1,1,29,6,3,0,0,0,0,0,3,4,E01004366,-1,0,0.0,1.0,-1,1,20,1,1,1,17:10,3,2,3
2023010449615,2023,010449615,1,1,1,1,56,9,3,0,0,0,0,0,5,9,E01003360,-1,0,0.0,1.0,-1,6,20,1,1,1,17:40,6,2,5
2023010439983,2023,010439983,1,1,2,2,52,8,3,0,0,0,4,0,11,3,E01000929,-1,0,0.0,1.0,-1,6,20,1,1,1,12:05,6,1,11
2023141315246,2023,141315246,2,1,1,1,25,5,3,0,0,0,0,0,9,-1,-1,3,1,0.0,1.0,-1,6,30,1,4,1,04:01,3,5,9
2023141336261,2023,141336261,1,1,1,2,74,10,2,0,0,0,0,0,9,4,E01007625,7,1,1.0,0.0,-1,6,40,1,1,1,08:22,1,2,9
2023211376058,2023,211376058,2,2,2,2,10,2,3,0,0,2,0,0,9,5,E01014243,3,1,0.0,1.0,-1,6,30,9,1,-1,15:30,7,2,9
2023010504997,2023,010504997,1,1,2,-1,-1,-1,3,0,0,9,0,0,8,7,E01000275,-1,0,0.0,1.0,-1,6,30,9,4,9,17:00,6,2,8
2023221398968,2023,221398968,1,1,3,2,17,4,3,1,4,0,0,0,0,1,E01028957,3,1,0.0,1.0,-1,3,30,1,1,2,07:45,1,1,9
2023411345097,2023,411345097,1,1,1,1,31,6,2,0,0,0,0,0,3,6,E01023929,6,1,1.0,0.0,-1,6,30,8,1,1,12:00,7,2,3
2023610022623,2023,610022623,2,1,1,1,48,8,2,0,0,0,0,0,5,5,W01001291,-1,0,1.0,0.0,-1,3,50,1,1,1,10:30,7,2,5
2023010434614,2023,010434614,1,1,1,1,48,8,2,0,0,0,0,0,5,9,E01001132,-1,0,1.0,0.0,-1,1,30,2,1,2,07:35,3,2,5
2023010446695,2023,010446695,1,1,1,1,23,5,3,0,0,0,0,0,3,5,E01021443,-1,0,0.0,1.0,-1,1,20,1,1,1,09:00,6,2,3
2023371265877,2023,371265877,1,1,3,2,15,3,3,6,9,0,0,0,0,4,E01029927,3,1,0.0,1.0,-1,6,30,1,1,1,15:30,3,1,19
2023070093418,2023,070093418,2,1,1,1,56,9,3,0,0,0,0,0,9,5,E01018308,-1,0,0.04614,0.95386,-1,6,20,1,1,1,17:10,4,2,9
2023131360726,2023,131360726,2,2,2,1,40,7,3,0,0,1,0,0,9,1,E01010809,3,1,0.0,1.0,-1,1,30,1,1,1,17:55,6,2,9
2023010425944,2023,010425944,1,1,2,2,89,11,3,0,0,0,3,0,11,6,E01003836,-1,0,0.0,1.0,-1,6,30,1,1,1,15:15,3,1,11
2023010423155,2023,010423155,1,1,3,2,40,7,2,5,3,0,0,0,0,3,E01002235,-1,0,1.0,0.0,-1,6,30,1,4,1,17:55,2,1,9
2023501283600,2023,501283600,1,2,3,1,21,5,3,10,9,0,0,0,0,6,E01015132,3,1,0.0,1.0,-1,6,30,1,4,2,22:40,3,1,9
2023010481584,2023,010481584,1,4,2,-1,33,6,3,0,0,2,0,0,9,6,E01002680,-1,0,0.0,1.0,-1,6,30,1,4,1,17:10,6,2,9
2023010486544,2023,010486544,3,4,2,2,73,10,3,0,0,1,0,0,9,4,E01001259,-1,0,0.0,1.0,-1,6,20,1,4,1,18:39,6,4,9
2023041285146,2023,041285146,2,2,2,2,46,8,3,0,0,2,0,0,9,3,E01025398,3,1,0.0,1.0,-1,6,50,1,1,2,14:25,7,2,9
2023111265213,2023,111265213,2,1,1,1,54,8,3,0,0,0,0,0,9,2,E01008744,3,1,0.0,1.0,-1,6,30,1,6,4,06:35,2,2,9
2023461347081,2023,461347081,2,1,2,2,79,11,3,0,0,1,0,0,9,4,E01000787,3,1,0.0,1.0,-1,6,30,1,1,2,15:55,7,2,9
202360A078212,2023,60A078212,1,1,1,2,60,9,3,0,0,0,0,0,9,-1,-1,-1,0,0.03863,0.96137,-1,6,30,1,1,1,07:00,5,2,9
2023991350922,2023,991350922,1,1,1,1,19,4,3,0,0,0,0,0,9,-1,-1,3,1,0.0,1.0,-1,6,30,1,6,1,22:31,7,1,9
2023440004884,2023,440004884,1,1,3,1,35,6,2,9,5,0,0,0,0,5,E01023086,-1,0,1.0,0.0,-1,3,40,1,4,1,23:23,4,1,9
2023010480238,2023,010480238,2,1,1,-1,-1,-1,3,0,0,0,0,0,1,7,E01004544,-1,0,0.0,1.0,-1,6,30,1,4,1,17:30,7,2,1
2023481398995,2023,481398995,1,2,1,1,25,5,3,0,0,0,0,0,3,-1,-1,3,1,0.0,1.0,-1,3,20,1,1,1,09:55,1,2,3
2023320227463,2023,320227463,2,1,1,2,65,9,3,0,0,0,0,0,1,5,E01026224,-1,0,0.19467,0.80533,-1,6,60,1,1,1,10:00,1,2,1