collision_index,collision_year,collision_ref_no,vehicle_reference,casualty_reference,casualty_class,sex_of_casualty,age_of_casualty,age_band_of_casualty,casualty_severity,pedestrian_location,pedestrian_movement,car_passenger,bus_or_coach_passenger,pedestrian_road_maintenance_worker,casualty_type,casualty_imd_decile,lsoa_of_casualty,enhanced_casualty_severity,casualty_injury_based,casualty_adjusted_severity_serious,casualty_adjusted_severity_slight,casualty_distance_banding,road_type,speed_limit,weather_conditions,light_conditions,road_surface_conditions,time,day_of_week,number_of_vehicles,vehicle_type
2023201270690,2023,201270690,1,1,3,2,18,4,3,5,9,0,0,2,0,6,E01009776,3,1,0.0,1.0,-1,3,40,1,1,1,10:45,4,1,9
2023622300451,2023,622300451,1,1,3,1,32,6,3,9,9,0,0,0,0,3,W01001066,-1,0,0.11701,0.88299,-1,6,30,1,1,1,20:42,1,1,9
2023061372320,2023,061372320,2,2,2,2,32,6,3,0,0,1,0,0,9,-1,-1,3,1,0.0,1.0,-1,3,40,2,4,2,22:20,3,2,9
2023170S20973,2023,170S20973,1,1,1,1,32,6,3,0,0,0,0,0,9,1,E01012250,-1,0,0.00976,0.99024,-1,7,70,1,1,1,19:06,5,2,9
2023461375606,2023,461375606,3,2,1,2,58,9,3,0,0,0,0,0,9,2,E01016161,3,1,0.0,1.0,-1,3,40,1,4,1,18:11,2,3,9
2023041393139,2023,041393139,1,1,1,1,88,11,3,0,0,0,0,0,9,10,E01025019,3,1,0.0,1.0,-1,6,20,1,1,2,14:10,5,2,9
2023311267608,2023,311267608,2,1,1,1,41,7,3,0,0,0,0,0,9,8,E01028000,3,1,0.0,1.0,-1,6,40,1,4,2,18:00,3,2,9
2023991324588,2023,991324588,2,1,1,1,77,11,2,0,0,0,0,0,9,5,-1,5,1,1.0,0.0,-1,6,60,2,1,2,18:25,6,2,9
2023010420783,2023,010420783,1,1,1,2,88,11,3,0,0,0,0,0,9,7,E01002228,-1,0,0.0,1.0,-1,6,30,4,1,2,13:51,4,2,9
2023070730891,2023,070730891,1,1,2,2,12,3,3,0,0,2,0,0,9,-1,-1,-1,0,0.02077,0.97923,-1,3,70,1,1,1,13:33,4,2,9
2023430508663,2023,430508663,2,1,1,2,28,6,3,0,0,0,0,0,1,4,E01028582,-1,0,0.12052,0.87948,-1,6,20,1,4,1,17:00,7,2,1
2023061346809,2023,061346809,2,1,1,1,15,3,3,0,0,0,0,0,1,-1,-1,3,1,0.0,1.0,-1,6,30,1,1,1,17:04,3,2,1
2023010421765,2023,010421765,1,1,1,2,45,7,3,0,0,0,0,0,9,-1,-1,-1,0,0.0,1.0,-1,1,30,2,1,2,07:20,2,2,9
2023010475894,2023,010475894,2,1,1,1,35,6,3,0,0,0,0,0,9,-1,-1,-1,0,0.0,1.0,-1,6,20,1,1,1,15:40,7,2,9
2023061371841,2023,061371841,1,1,2,2,23,5,3,0,0,1,0,0,9,2,E01025524,3,1,0.0,1.0,-1,6,30,2,4,2,19:45,1,2,9
2023201405826,2023,201405826,2,1,1,-1,41,7,3,0,0,0,0,0,9,1,E01009299,3,1,0.0,1.0,-1,1,30,1,4,1,21:50,1,2,9
2023201415319,2023,201415319,2,1,1,1,30,6,3,0,0,0,0,0,9,3,E01009629,3,1,0.0,1.0,-1,2,30,1,4,1,21:20,6,2,9
2023302301594,2023,302301594,2,1,1,1,68,10,3,0,0,0,0,0,9,6,E01008046,-1,0,0.10098,0.89902,-1,6,60,1,1,1,09:15,4,2,9
2023371432704,2023,371432704,1,1,1,1,64,9,3,0,0,0,0,0,9,1,E01030035,3,1,0.0,1.0,-1,6,60,2,1,2,07:50,3,1,9
2023430172430,2023,430172430,1,1,3,1,52,8,3,5,2,0,0,0,0,-1,-1,-1,0,0.12237,0.87763,-1,6,20,2,4,2,21:37,5,2,9
202363A020323,2023,63A020323,1,1,1,1,88,11,3,0,0,0,0,0,21,6,W01000842,-1,0,0.21484,0.78516,-1,6,60,2,1,2,10:10,2,1,21
2023451288771,2023,451288771,1,1,1,2,40,7,3,0,0,0,0,0,9,10,E01030955,3,1,0.0,1.0,-1,6,30,1,1,1,13:00,2,2,9
2023451310689,2023,451310689,1,1,1,2,20,4,3,0,0,0,0,0,9,9,E01030715,3,1,0.0,1.0,-1,6,30,1,1,1,13:10,3,2,9
2023501314050,2023,501314050,2,1,2,2,37,7,3,0,0,1,0,0,9,3,E01020010,3,1,0.0,1.0,-1,6,30,1,1,1,12:20,6,3,9
2023543523723,2023,543523723,2,1,1,2,39,7,3,0,0,0,0,0,9,8,E01015549,-1,0,0.00285,0.99715,-1,1,30,1,1,1,10:56,2,2,9
2023161281805,2023,161281805,1,3,1,1,39,7,3,0,0,0,0,0,9,1,E01012857,3,1,0.0,1.0,-1,6,30,2,1,2,08:30,4,3,9
2023461331573,2023,461331573,1,2,2,2,12,3,2,0,0,2,0,0,9,9,E01021229,7,1,1.0,0.0,-1,6,60,1,1,1,15:15,3,5,9
2023101330310,2023,101330310,1,1,3,2,14,3,3,1,1,0,0,0,0,5,E01008496,3,1,0.0,1.0,-1,6,30,1,1,1,15:19,6,1,9
2023501285137,2023,501285137,2,2,1,1,56,9,2,0,0,0,0,0,4,5,E01019954,6,1,1.0,0.0,-1,6,60,7,1,2,17:45,5,3,4
2023070751532,2023,070751532,2,1,1,1,61,9,2,0,0,0,0,0,20,5,-1,-1,0,1.0,0.0,-1,3,70,1,1,1,12:45,2,2,20
2023548613723,2023,548613723,1,1,1,1,21,5,2,0,0,0,0,0,3,9,E01032061,-1,0,1.0,0.0,-1,6,30,1,1,1,16:46,3,4,3
2023311295405,2023,311295405,1,1,3,1,17,4,3,10,9,0,0,2,0,-1,-1,3,1,0.0,1.0,-1,6,30,8,4,1,01:00,7,1,9
2023070719532,2023,070719532,1,1,1,1,31,6,3,0,0,0,0,0,19,-1,-1,-1,0,0.06131,0.93869,-1,6,60,9,7,1,21:20,1,1,19
2023010434358,2023,010434358,1,1,3,1,26,6,3,5,1,0,0,0,0,2,E01002709,-1,0,0.0,1.0,-1,6,20,1,1,1,16:15,1,1,9
2023010448821,2023,010448821,1,1,1,1,40,7,3,0,0,0,0,0,5,3,E01030362,-1,0,0.0,1.0,-1,3,50,1,1,1,18:50,3,3,5
2023451290257,2023,451290257,1,2,3,2,41,7,3,5,1,0,0,0,0,8,E01030825,3,1,0.0,1.0,-1,6,30,2,7,2,18:30,6,1,9
2023010421706,2023,010421706,1,1,1,1,44,7,3,0,0,0,0,0,3,9,E01024143,-1,0,0.0,1.0,-1,6,20,1,4,1,20:05,6,2,3
2023010444596,2023,010444596,1,1,1,1,22,5,3,0,0,0,0,0,3,3,E01004012,-1,0,0.0,1.0,-1,6,20,1,1,1,12:30,3,2,3
2023991303617,2023,991303617,2,4,2,2,52,8,3,0,0,0,4,0,11,1,-1,3,1,0.0,1.0,-1,3,70,1,1,1,13:50,2,2,11
2023041314136,2023,041314136,2,2,2,1,38,7,3,0,0,1,0,0,9,2,E01012534,3,1,0.0,1.0,-1,3,40,9,1,1,13:55,1,2,9
2023010440359,2023,010440359,1,1,1,1,-1,-1,3,0,0,0,0,0,1,-1,-1,-1,0,0.0,1.0,-1,6,30,1,1,1,15:10,1,1,1
2023522300927,2023,522300927,1,1,1,1,46,8,3,0,0,0,0,0,1,1,E01033359,-1,0,0.05208,0.94792,-1,6,20,1,1,1,17:30,7,2,1
2023010431157,2023,010431157,1,1,1,1,30,6,3,0,0,0,0,0,3,-1,-1,-1,0,0.0,1.0,-1,9,30,1,1,1,07:00,6,2,3
2023052300074,2023,052300074,1,1,3,1,13,3,2,1,3,0,0,0,0,1,E01006677,-1,0,1.0,0.0,-1,6,30,5,4,2,08:15,3,1,9
2023010452901,2023,010452901,1,1,1,1,54,8,3,0,0,0,0,0,1,10,E01022759,-1,0,0.0,1.0,-1,7,20,1,1,1,09:50,2,2,1
2023430491539,2023,430491539,2,1,1,1,65,9,2,0,0,0,0,0,5,8,E01017741,-1,0,1.0,0.0,-1,6,30,1,1,2,12:50,4,2,5
2023451377835,2023,451377835,1,1,1,2,36,7,3,0,0,0,0,0,9,3,E01030793,3,1,0.0,1.0,-1,6,40,1,7,1,00:43,5,2,9
2023501285907,2023,501285907,1,1,1,1,83,11,3,0,0,0,0,0,9,3,E01015245,3,1,0.0,1.0,-1,6,30,5,7,2,19:35,1,1,9
2023531301685,2023,531301685,1,1,1,1,45,7,2,0,0,0,0,0,9,2,E01014660,7,1,1.0,0.0,-1,6,60,1,1,1,09:00,5,2,9
2023010485021,2023,010485021,1,1,1,1,41,7,2,0,0,0,0,0,5,4,E01001023,-1,0,1.0,0.0,-1,1,30,8,4,2,17:28,3,2,5
2023131316713,2023,131316713,1,1,1,1,41,7,3,0,0,0,0,0,9,1,E01010702,3,1,0.0,1.0,-1,3,40,1,1,1,11:45,5,2,9
2023522400206,2023,522400206,1,1,1,1,30,6,3,0,0,0,0,0,9,6,E01014708,-1,0,0.00943,0.99057,-1,6,30,1,4,1,06:30,4,2,9
2023320478272,2023,320478272,2,1,1,1,22,5,3,0,0,0,0,0,4,7,E01026185,-1,0,0.13854,0.86146,-1,6,30,2,1,2,17:20,4,2,4
2023451265086,2023,451265086,2,1,1,2,14,3,3,0,0,0,0,0,1,-1,-1,3,1,0.0,1.0,-1,6,30,8,1,4,08:33,4,2,1
2023451334635,2023,451334635,2,1,1,1,42,7,2,0,0,0,0,0,5,3,E01030793,6,1,1.0,0.0,-1,1,30,1,1,1,10:30,7,2,5
2023010419198,2023,010419198,1,1,3,1,65,9,3,4,4,0,0,0,0,5,E01023593,-1,0,0.0,1.0,-1,6,30,1,4,1,02:10,1,1,9
2023546322723,2023,546322723,1,1,3,1,15,3,2,5,1,0,0,0,0,6,E01032697,-1,0,1.0,0.0,-1,6,60,1,1,1,08:36,6,1,9
2023332301166,2023,332301166,2,1,1,1,33,6,3,0,0,0,0,0,1,2,E01013774,-1,0,0.0342,0.9658,-1,2,30,1,4,1,20:15,4,2,1
2023010438090,2023,010438090,1,1,1,1,38,7,3,0,0,0,0,0,1,6,E01002166,-1,0,0.0,1.0,-1,1,30,1,1,1,06:10,4,2,1
2023010465725,2023,010465725,1,1,1,1,27,6,3,0,0,0,0,0,1,6,E01001251,-1,0,0.0,1.0,-1,6,20,1,4,1,08:45,3,2,1
2023010462281,2023,010462281,1,1,1,1,21,5,3,0,0,0,0,0,3,6,E01001342,-1,0,0.0,1.0,-1,9,20,9,1,9,17:15,5,2,3
2023221347246,2023,221347246,2,1,1,1,68,10,2,0,0,0,0,0,5,7,E01014029,7,1,1.0,0.0,-1,6,30,1,1,1,12:35,4,2,5
2023201278855,2023,201278855,1,1,3,1,64,9,3,5,1,0,0,0,0,5,E01010069,3,1,0.0,1.0,-1,3,30,1,4,2,18:07,1,1,9
2023201321564,2023,201321564,2,2,1,1,24,5,3,0,0,0,0,0,9,5,E01033068,3,1,0.0,1.0,-1,3,30,1,1,1,15:20,7,2,9
2023411262399,2023,411262399,1,1,2,2,53,8,3,0,0,1,0,0,9,10,E01023516,3,1,0.0,1.0,-1,3,30,1,1,1,15:15,2,2,9
2023421367893,2023,421367893,1,1,1,1,46,8,3,0,0,0,0,0,9,2,E01003305,3,1,0.0,1.0,-1,7,70,2,4,2,06:20,7,3,9
2023471321397,2023,471321397,2,2,1,1,82,11,3,0,0,0,0,0,9,7,E01030858,3,1,0.0,1.0,-1,6,40,1,1,1,10:30,4,2,9
2023010440704,2023,010440704,1,1,2,1,1,1,3,0,0,0,4,0,11,6,E01002789,-1,0,0.0,1.0,-1,2,30,1,1,1,12:27,3,1,11
2023031268976,2023,031268976,1,1,3,2,69,10,3,6,9,0,0,2,0,-1,-1,3,1,0.0,1.0,-1,6,30,9,1,1,16:10,6,1,9
2023361305153,2023,361305153,1,1,3,2,44,7,3,9,9,0,0,0,0,6,E01026797,3,1,0.0,1.0,-1,6,30,2,4,2,20:55,7,1,8
2023361311702,2023,361311702,1,1,3,1,82,11,2,6,9,0,0,0,0,-1,-1,7,1,1.0,0.0,-1,6,20,1,1,1,11:24,6,1,22
2023052300713,2023,052300713,1,1,1,1,26,6,3,0,0,0,0,0,3,1,E01006968,-1,0,0.10995,0.89005,-1,6,30,1,1,1,17:00,2,2,3
2023010420044,2023,010420044,1,1,1,1,29,6,3,0,0,0,0,0,8,2,E01000482,-1,0,0.0,1.0,-1,1,30,2,4,2,22:45,6,2,8
2023122400025,2023,122400025,1,1,3,2,57,9,2,9,8,0,0,0,0,5,E01033070,-1,0,1.0,0.0,-1,6,20,1,1,1,08:20,4,1,19
2023430226803,2023,430226803,2,1,1,2,54,8,3,0,0,0,0,0,9,6,E01017795,-1,0,0.0315,0.9685,-1,1,30,1,4,1,22:20,3,2,9
2023461329248,2023,461329248,2,1,1,2,42,7,3,0,0,0,0,0,9,2,E01016068,3,1,0.0,1.0,-1,3,30,1,1,1,18:49,7,2,9
2023061309564,2023,061309564,5,6,2,1,0,1,3,0,0,2,0,0,9,1,E01004848,3,1,0.0,1.0,-1,6,40,1,1,1,15:15,7,5,9
2023201373733,2023,201373733,1,1,2,1,21,5,3,0,0,1,0,0,9,1,E01009943,3,1,0.0,1.0,-1,3,40,1,4,2,21:39,1,2,9
2023451314566,2023,451314566,1,1,1,1,28,6,3,0,0,0,0,0,9,3,E01003391,3,1,0.0,1.0,-1,6,40,1,6,1,23:50,6,1,9
2023010425325,2023,010425325,2,1,2,2,-1,-1,3,0,0,1,0,0,9,5,E01004052,-1,0,0.0,1.0,-1,6,30,9,1,9,14:15,7,2,9
2023010476146,2023,010476146,1,1,1,2,77,11,3,0,0,0,0,0,9,5,E01031470,-1,0,0.0,1.0,-1,1,30,4,4,2,19:40,1,1,9
2023201418473,2023,201418473,1,2,2,1,18,4,3,0,0,1,0,0,9,2,E01010344,3,1,0.0,1.0,-1,3,30,2,4,2,16:28,7,2,9
2023501292579,2023,501292579,1,2,1,1,79,11,2,0,0,0,0,0,9,9,E01020173,5,1,1.0,0.0,-1,6,60,1,1,1,08:39,5,2,9
2023501357404,2023,501357404,3,1,1,1,54,8,3,0,0,0,0,0,9,4,E01020311,3,1,0.0,1.0,-1,6,60,4,1,1,16:59,4,3,9
2023440186284,2023,440186284,3,3,1,1,32,6,3,0,0,0,0,0,19,4,E01022734,-1,0,0.05606,0.94394,-1,6,40,1,1,1,09:20,6,3,19
2023010430980,2023,010430980,1,2,2,1,35,6,3,0,0,1,0,0,9,3,E01003135,-1,0,0.0,1.0,-1,6,30,3,1,3,08:58,4,2,9
2023052302528,2023,052302528,2,1,1,2,35,6,3,0,0,0,0,0,9,4,E01006626,-1,0,0.01536,0.98464,-1,3,30,1,1,1,15:00,7,2,9
2023061280076,2023,061280076,2,1,1,2,34,6,3,0,0,0,0,0,9,9,E01005357,3,1,0.0,1.0,-1,6,30,1,1,1,02:30,4,2,9
2023161304324,2023,161304324,2,2,2,2,-1,-1,3,0,0,1,0,0,9,-1,-1,3,1,0.0,1.0,-1,6,30,1,1,1,16:37,2,3,9
2023451306964,2023,451306964,1,1,1,1,24,5,3,0,0,0,0,0,1,3,E01002598,3,1,0.0,1.0,-1,6,20,1,1,1,14:35,6,2,1
2023010452258,2023,010452258,1,1,3,2,11,3,3,5,4,0,0,0,0,3,E01001170,-1,0,0.0,1.0,-1,6,30,1,1,1,19:08,5,2,8
2023320423681,2023,320423681,1,1,2,1,17,4,3,0,0,2,0,0,9,8,E01032994,-1,0,0.10692,0.89308,-1,6,60,9,6,2,20:45,1,1,9
2023440243095,2023,440243095,2,1,1,2,26,6,3,0,0,0,0,0,9,7,E01023135,-1,0,0.01388,0.98612,-1,6,30,1,1,1,07:38,2,3,9
2023211322069,2023,211322069,2,1,1,1,12,3,3,0,0,0,0,0,1,2,E01029679,3,1,0.0,1.0,-1,6,30,1,1,-1,15:20,6,2,1
2023302301181,2023,302301181,2,1,1,-1,-1,-1,3,0,0,0,0,0,1,5,E01019456,-1,0,0.04389,0.95611,-1,6,40,1,1,1,10:30,7,2,1
2023311333307,2023,311333307,2,2,2,1,23,5,3,0,0,-1,0,0,8,-1,-1,3,1,0.0,1.0,-1,6,30,2,1,2,13:10,2,2,8
2023131331230,2023,131331230,2,1,1,2,30,6,3,0,0,0,0,0,9,5,E01011820,3,1,0.0,1.0,-1,6,30,1,1,1,19:29,4,2,9
2023141351028,2023,141351028,1,1,1,1,23,5,2,0,0,0,0,0,9,-1,-1,7,1,1.0,0.0,-1,6,30,1,4,1,00:09,2,1,9
2023520300888,2023,520300888,2,2,1,2,87,11,3,0,0,0,0,0,10,6,E01020541,-1,0,0.09248,0.90752,-1,6,40,1,4,1,21:49,7,2,10
2023501350811,2023,501350811,2,1,2,2,69,10,3,0,0,1,0,0,9,2,E01015072,3,1,0.0,1.0,-1,6,30,1,1,1,13:10,5,2,9
2023010453647,2023,010453647,1,1,3,1,39,7,3,9,9,0,0,0,0,2,E01002227,-1,0,0.0,1.0,-1,6,30,1,4,1,20:55,5,1,9
2023501310206,2023,501310206,1,1,3,2,25,5,3,6,9,0,0,0,0,6,E01015184,3,1,0.0,1.0,-1,6,30,1,1,1,15:20,2,3,9
2023991288128,2023,991288128,1,1,3,2,88,11,2,4,2,0,0,0,0,7,-1,6,1,1.0,0.0,-1,6,20,1,1,1,10:50,7,1,9
2023311365398,2023,311365398,1,1,3,2,63,9,3,1,1,0,0,0,0,-1,-1,3,1,0.0,1.0,-1,6,30,2,1,2,09:49,6,1,9
2023131358663,2023,131358663,2,1,1,1,36,7,2,0,0,0,0,0,1,6,E01011490,7,1,1.0,0.0,-1,6,30,2,1,2,13:01,7,2,1
2023991306403,2023,991306403,2,2,1,1,56,9,3,0,0,0,0,0,5,5,-1,3,1,0.0,1.0,-1,3,60,1,1,2,17:48,5,2,5
2023010469703,2023,010469703,1,1,3,2,19,4,2,1,3,0,0,0,0,-1,-1,-1,0,1.0,0.0,-1,6,30,2,1,2,14:10,3,1,9
2023461388496,2023,461388496,1,1,3,2,6,2,3,5,9,0,0,0,0,6,E01016125,3,1,0.0,1.0,-1,6,30,1,4,1,18:14,3,1,19
2023440384827,2023,440384827,1,1,3,2,18,4,3,1,3,0,0,0,0,9,E01016424,-1,0,0.08166,0.91834,-1,6,30,2,1,2,18:00,4,1,9
2023531375863,2023,531375863,1,1,3,2,43,7,3,6,9,0,0,0,0,3,E01022121,3,1,0.0,1.0,-1,6,30,1,1,2,12:08,6,1,19
2023522400656,2023,522400656,2,1,1,1,28,6,3,0,0,0,0,0,1,1,E01014486,-1,0,0.09325,0.90675,-1,6,20,1,1,1,13:15,6,2,1
2023231347473,2023,231347473,1,1,2,2,32,6,2,0,0,0,0,0,4,7,E01016401,7,1,1.0,0.0,-1,6,50,1,1,1,12:55,7,1,4
2023440174638,2023,440174638,1,1,1,1,48,8,2,0,0,0,0,0,4,-1,-1,-1,0,1.0,0.0,-1,3,70,1,1,1,09:55,5,2,4
2023211361925,2023,211361925,2,2,1,1,66,10,2,0,0,0,0,0,19,5,E01014319,7,1,1.0,0.0,-1,6,30,2,1,2,07:30,3,2,19
2023201371945,2023,201371945,1,1,3,1,5,1,3,6,9,0,0,0,0,5,E01010552,3,1,0.0,1.0,-1,6,30,1,1,1,18:00,7,1,-1
2023010463536,2023,010463536,2,2,1,1,26,6,3,0,0,0,0,0,3,5,E01003638,-1,0,0.0,1.0,-1,3,50,1,1,1,16:03,6,3,3
2023010473391,2023,010473391,1,2,2,1,6,2,3,0,0,0,4,0,11,3,E01032583,-1,0,0.0,1.0,-1,2,20,1,1,1,12:06,1,2,11
2023010451366,2023,010451366,1,1,1,1,55,8,3,0,0,0,0,0,19,2,E01000019,-1,0,0.0,1.0,-1,6,30,1,1,1,07:25,6,3,19
2023052301481,2023,052301481,2,5,2,1,2,1,3,0,0,2,0,0,9,1,E01006505,-1,0,0.06064,0.93936,-1,6,30,1,1,1,17:20,2,3,9
2023471287930,2023,471287930,2,1,1,2,65,9,3,0,0,0,0,0,9,7,E01031616,3,1,0.0,1.0,-1,6,60,1,1,2,10:15,6,2,9
2023161309760,2023,161309760,2,1,1,1,73,10,3,0,0,0,0,0,9,9,E01026402,3,1,0.0,1.0,-1,3,40,1,1,1,12:12,1,4,9
2023501357861,2023,501357861,1,1,1,1,38,7,2,0,0,0,0,0,9,-1,-1,7,1,1.0,0.0,-1,6,60,2,1,2,17:32,5,1,9
2023211433306,2023,211433306,2,1,2,2,30,6,3,0,0,1,0,0,9,-1,-1,3,1,0.0,1.0,-1,3,70,1,4,2,17:30,2,3,9
2023501326688,2023,501326688,1,2,2,2,80,11,3,0,0,1,0,0,9,5,E01018904,3,1,0.0,1.0,-1,6,60,1,1,1,21:42,4,2,9
2023010424612,2023,010424612,1,1,1,2,33,6,3,0,0,0,0,0,9,3,E01002553,-1,0,0.0,1.0,-1,6,30,1,1,1,09:00,3,2,9
2023052300693,2023,052300693,1,1,1,2,22,5,3,0,0,0,0,0,9,1,E01006434,-1,0,0.0945,0.9055,-1,3,30,1,4,1,21:20,7,2,9
2023010430390,2023,010430390,1,1,1,2,23,5,3,0,0,0,0,0,9,5,E01004466,-1,0,0.0,1.0,-1,9,30,1,4,1,22:18,6,2,9
2023131270977,2023,131270977,2,1,1,2,31,6,3,0,0,0,0,0,9,3,E01011722,3,1,0.0,1.0,-1,6,30,4,1,2,10:27,4,2,9
2023141285641,2023,141285641,1,1,1,1,55,8,3,0,0,0,0,0,9,6,E01008024,3,1,0.0,1.0,-1,6,30,3,1,3,16:34,5,2,9
2023311287954,2023,311287954,2,2,2,2,42,7,3,0,0,1,0,0,9,8,E01028119,3,1,0.0,1.0,-1,6,30,1,1,1,15:51,6,2,9
2023071183540,2023,071183540,1,1,1,2,48,8,3,0,0,0,0,0,9,5,E01028928,-1,0,0.06029,0.93971,-1,3,70,1,6,1,16:49,6,3,9
2023302301635,2023,302301635,2,2,1,1,56,9,3,0,0,0,0,0,9,4,E01019823,-1,0,0.09137,0.90863,-1,6,40,2,1,2,07:45,3,5,9
2023461326019,2023,461326019,2,2,1,1,30,6,2,0,0,0,0,0,9,2,E01024080,6,1,1.0,0.0,-1,6,30,1,1,1,09:55,6,2,9
2023010422943,2023,010422943,1,2,2,-1,-1,-1,3,0,0,1,0,0,9,-1,-1,-1,0,0.0,1.0,-1,7,30,1,1,1,16:40,1,1,9
2023101325046,2023,101325046,1,3,2,2,32,6,3,0,0,1,0,0,9,3,E01008704,3,1,0.0,1.0,-1,3,50,1,1,1,15:35,5,2,9
2023302300687,2023,302300687,1,1,2,1,17,4,3,0,0,1,0,0,9,1,E01013481,-1,0,0.07858,0.92142,-1,6,30,9,4,1,22:00,5,2,9
2023010437478,2023,010437478,1,2,2,-1,-1,-1,3,0,0,1,0,0,9,5,E01003741,-1,0,0.0,1.0,-1,1,30,1,1,2,13:00,6,2,9
2023041292756,2023,041292756,1,1,1,1,49,8,3,0,0,0,0,0,9,2,E01025124,3,1,0.0,1.0,-1,6,30,1,1,1,08:59,7,2,9
2023302301143,2023,302301143,2,1,1,1,28,6,2,0,0,0,0,0,9,1,E01019625,-1,0,1.0,0.0,-1,6,30,1,1,1,17:30,1,2,9
2023531327133,2023,531327133,1,1,2,2,31,6,3,0,0,-1,0,0,9,5,E01022155,3,1,0.0,1.0,-1,6,30,1,1,1,19:40,6,2,9
2023010433664,2023,010433664,1,4,2,1,65,9,3,0,0,0,4,0,11,-1,-1,-1,0,0.0,1.0,-1,3,30,8,4,1,20:48,4,1,11
2023361361498,2023,361361498,1,2,2,1,17,4,3,0,0,2,0,0,9,5,E01026511,3,1,0.0,1.0,-1,6,60,1,6,1,20:20,3,1,9
2023010485350,2023,010485350,1,1,1,1,29,6,3,0,0,0,0,0,9,5,E01004169,-1,0,0.0,1.0,-1,1,30,1,1,1,11:45,5,2,9
2023010423800,2023,010423800,1,1,1,1,25,5,3,0,0,0,0,0,3,6,E01001284,-1,0,0.0,1.0,-1,9,20,9,4,9,21:45,4,2,3
2023332300168,2023,332300168,2,1,1,1,44,7,2,0,0,0,0,0,5,8,E01013704,-1,0,1.0,0.0,-1,6,30,2,1,2,15:47,2,2,5
2023332300191,2023,332300191,2,2,2,2,47,8,3,0,0,1,0,0,9,7,E01015627,-1,0,0.04519,0.95481,-1,6,60,2,1,2,17:00,4,2,9
2023501363213,2023,501363213,2,2,1,1,77,11,3,0,0,0,0,0,9,8,E01033294,3,1,0.0,1.0,-1,6,60,1,1,2,14:24,6,2,9
2023531268375,2023,531268375,1,2,1,1,65,9,3,0,0,0,0,0,9,1,E01022122,3,1,0.0,1.0,-1,6,50,1,1,2,11:55,5,3,9
2023531350998,2023,531350998,2,2,1,2,30,6,3,0,0,0,0,0,9,10,E01022406,3,1,0.0,1.0,-1,6,30,1,1,1,15:00,6,2,9
2023010467716,2023,010467716,1,1,1,1,41,7,3,0,0,0,0,0,1,9,E01003384,-1,0,0.0,1.0,-1,6,30,1,1,2,07:20,2,2,1
2023010467482,2023,010467482,1,3,2,1,-1,-1,3,0,0,1,0,0,9,-1,-1,-1,0,0.0,1.0,-1,9,20,1,1,1,17:18,5,1,9
2023041353378,2023,041353378,2,4,2,1,49,8,3,0,0,1,0,0,9,10,E01025467,3,1,0.0,1.0,-1,6,40,2,4,2,21:35,1,2,9
2023201276973,2023,201276973,2,1,1,1,24,5,3,0,0,0,0,0,9,-1,-1,3,1,0.0,1.0,-1,6,30,2,4,2,20:45,3,2,9
2023471324660,2023,471324660,2,5,2,2,-1,-1,3,0,0,2,0,0,9,-1,-1,3,1,0.0,1.0,-1,3,30,1,1,1,18:05,5,2,9
2023031332419,2023,031332419,1,1,1,1,54,8,3,0,0,0,0,0,9,8,E01019101,3,1,0.0,1.0,-1,3,70,2,1,2,07:45,1,2,9
2023041320461,2023,041320461,1,2,1,1,64,9,3,0,0,0,0,0,9,1,E01033231,3,1,0.0,1.0,-1,6,20,1,1,1,16:15,2,1,9
2023201405219,2023,201405219,2,2,1,1,54,8,3,0,0,0,0,0,9,2,E01010312,3,1,0.0,1.0,-1,6,30,1,4,1,16:52,6,2,9
2023991359778,2023,991359778,3,2,1,2,61,9,3,0,0,0,0,0,9,3,-1,3,1,0.0,1.0,-1,6,30,1,1,1,08:50,5,3,9
2023201282101,2023,201282101,1,1,3,1,12,3,2,5,3,0,0,0,0,3,E01009790,5,1,1.0,0.0,-1,6,30,1,1,4,07:38,2,1,3
2023430514435,2023,430514435,1,1,3,2,15,3,3,6,9,0,0,0,0,10,E01016299,-1,0,0.02922,0.97078,-1,6,30,1,1,1,15:30,1,1,9
2023991260148,2023,991260148,1,1,3,2,69,10,2,5,1,0,0,2,0,-1,-1,6,1,1.0,0.0,-1,6,30,1,4,2,21:30,5,1,9
2023170M10743,2023,170M10743,2,1,1,1,17,4,2,0,0,0,0,0,1,1,E01012078,-1,0,1.0,0.0,-1,6,30,1,1,1,15:50,6,2,1
2023010430634,2023,010430634,1,1,1,-1,35,6,3,0,0,0,0,0,9,2,E01001193,-1,0,0.0,1.0,-1,1,20,1,1,1,13:10,5,2,9
2023461382482,2023,461382482,3,1,1,2,18,4,3,0,0,0,0,0,9,3,E01024548,3,1,0.0,1.0,-1,6,60,1,1,2,11:40,7,3,9
2023451338546,2023,451338546,1,1,1,1,61,9,2,0,0,0,0,0,19,7,E01030515,6,1,1.0,0.0,-1,6,50,2,1,2,17:00,7,2,19
2023010438945,2023,010438945,1,3,2,2,4,1,3,0,0,2,0,0,9,5,E01000430,-1,0,0.0,1.0,-1,6,30,2,1,2,13:11,1,2,9
2023131301755,2023,131301755,1,1,1,2,36,7,3,0,0,0,0,0,9,1,E01033691,3,1,0.0,1.0,-1,6,30,1,1,1,19:28,5,2,9
2023371323255,2023,371323255,2,3,2,1,26,6,3,0,0,1,0,0,9,4,E01029892,3,1,0.0,1.0,-1,6,60,1,1,1,18:39,5,2,9