collision_index,collision_year,collision_ref_no,vehicle_reference,casualty_reference,casualty_class,sex_of_casualty,age_of_casualty,age_band_of_casualty,casualty_severity,pedestrian_location,pedestrian_movement,car_passenger,bus_or_coach_passenger,pedestrian_road_maintenance_worker,casualty_type,casualty_imd_decile,lsoa_of_casualty,enhanced_casualty_severity,casualty_injury_based,casualty_adjusted_severity_serious,casualty_adjusted_severity_slight,casualty_distance_banding,road_type,speed_limit,weather_conditions,light_conditions,road_surface_conditions,time,day_of_week,number_of_vehicles,vehicle_type
2023461380181,2023,461380181,1,1,1,2,40,7,3,0,0,0,0,0,9,1,E01024278,3,1,0.0,1.0,-1,6,30,1,1,1,09:00,3,2,9
2023131359606,2023,131359606,1,1,1,1,37,7,3,0,0,0,0,0,21,-1,-1,3,1,0.0,1.0,-1,6,60,1,1,2,07:35,5,1,21
2023010434581,2023,010434581,1,1,3,2,14,3,3,5,3,0,0,0,0,5,E01002249,-1,0,0.0,1.0,-1,6,30,1,1,1,15:30,4,1,9
2023991277974,2023,991277974,1,1,3,2,28,6,2,6,8,0,0,2,0,-1,-1,7,1,1.0,0.0,-1,6,30,4,1,1,08:05,6,1,20
2023010464635,2023,010464635,2,1,1,1,44,7,2,0,0,0,0,0,1,5,E01003247,-1,0,1.0,0.0,-1,6,20,1,1,1,16:30,5,2,1
2023991265654,2023,991265654,1,1,1,2,49,8,3,0,0,0,0,0,9,5,-1,3,1,0.0,1.0,-1,6,60,1,1,2,08:30,5,3,9
2023991335406,2023,991335406,1,1,1,1,55,8,3,0,0,0,0,0,9,9,-1,3,1,0.0,1.0,-1,6,30,2,4,2,01:38,1,1,9
2023010425340,2023,010425340,1,1,1,1,55,8,3,0,0,0,0,0,9,8,E01000760,-1,0,0.0,1.0,-1,6,30,1,1,1,12:25,6,2,9
2023010444111,2023,010444111,1,1,1,1,52,8,3,0,0,0,0,0,9,6,E01004108,-1,0,0.0,1.0,-1,6,20,2,1,1,16:50,7,2,9
202354C208823,2023,54C208823,2,3,2,1,12,3,2,0,0,1,0,0,9,6,E01020445,-1,0,1.0,0.0,-1,6,50,2,6,2,18:03,6,2,9
2023131351715,2023,131351715,2,1,1,1,22,5,3,0,0,0,0,0,9,3,E01011097,3,1,0.0,1.0,-1,3,70,1,1,1,14:35,3,2,9
2023141376708,2023,141376708,1,1,1,2,63,9,3,0,0,0,0,0,9,3,E01007447,3,1,0.0,1.0,-1,6,30,1,1,2,15:54,1,2,9
2023522400704,2023,522400704,1,1,1,1,45,7,3,0,0,0,0,0,9,7,E01014577,-1,0,0.05314,0.94686,-1,6,50,1,1,1,08:50,3,4,9
2023201380712,2023,201380712,2,1,1,1,11,3,3,0,0,0,0,0,1,9,E01010547,3,1,0.0,1.0,-1,6,30,1,1,1,17:22,3,2,1
2023010445173,2023,010445173,1,1,1,1,43,7,3,0,0,0,0,0,3,2,E01001692,-1,0,0.0,1.0,-1,6,20,1,4,1,21:00,5,2,3
2023010458430,2023,010458430,1,1,3,1,41,7,3,9,9,0,0,0,0,-1,-1,-1,0,0.0,1.0,-1,2,20,8,4,1,21:02,3,1,8
2023010430297,2023,010430297,2,1,1,1,34,6,3,0,0,0,0,0,3,7,E01000704,-1,0,0.0,1.0,-1,6,30,1,4,1,18:53,6,2,3
2023501396843,2023,501396843,2,1,1,1,46,8,3,0,0,0,0,0,23,3,E01015032,3,1,0.0,1.0,-1,1,30,1,1,1,12:45,6,2,23
2023131348651,2023,131348651,2,1,1,2,17,4,3,0,0,0,0,0,9,10,E01011458,3,1,0.0,1.0,-1,6,30,1,1,2,10:20,3,2,9
2023221309136,2023,221309136,1,1,2,2,48,8,3,0,0,2,0,0,9,10,E01029572,3,1,0.0,1.0,-1,6,60,1,1,1,16:23,4,2,9
2023231296237,2023,231296237,2,2,1,2,25,5,3,0,0,0,0,0,9,7,E01031212,3,1,0.0,1.0,-1,6,60,1,1,1,07:00,4,2,9
2023332301058,2023,332301058,1,1,2,2,20,4,2,0,0,1,0,0,9,1,E01013746,-1,0,1.0,0.0,-1,3,30,2,4,2,22:55,7,5,9
2023451342538,2023,451342538,1,1,1,2,39,7,2,0,0,0,0,0,9,3,E01000984,7,1,1.0,0.0,-1,6,30,1,4,1,22:25,4,4,9
2023461282543,2023,461282543,5,4,1,2,55,8,3,0,0,0,0,0,9,2,E01016061,3,1,0.0,1.0,-1,7,70,1,6,1,06:35,6,5,9
2023461345314,2023,461345314,2,1,1,2,35,6,3,0,0,0,0,0,9,1,E01024621,3,1,0.0,1.0,-1,6,30,1,1,1,16:15,2,2,9
2023471261470,2023,471261470,2,1,1,1,42,7,3,0,0,0,0,0,1,6,E01016859,3,1,0.0,1.0,-1,6,30,1,1,1,12:10,2,2,1
2023010435266,2023,010435266,1,1,2,2,36,7,3,0,0,1,0,0,9,2,E01004253,-1,0,0.0,1.0,-1,6,20,2,1,2,16:00,6,2,9
2023122301236,2023,122301236,1,1,1,2,52,8,3,0,0,0,0,0,9,1,E01011559,-1,0,0.06739,0.93261,-1,6,40,1,1,1,16:15,2,4,9
2023010450633,2023,010450633,1,1,1,1,57,9,3,0,0,0,0,0,19,6,E01008005,-1,0,0.0,1.0,-1,1,50,1,4,1,02:58,5,1,19
2023991368986,2023,991368986,1,1,1,1,18,4,2,0,0,0,0,0,9,-1,-1,7,1,1.0,0.0,-1,6,40,1,1,1,11:18,3,2,9
2023070685708,2023,070685708,1,1,1,1,15,3,2,0,0,0,0,0,-1,2,E01012379,-1,0,1.0,0.0,-1,6,20,1,1,1,16:20,6,1,-1
2023010438736,2023,010438736,1,1,1,1,23,5,3,0,0,0,0,0,9,4,E01000039,-1,0,0.0,1.0,-1,6,30,1,4,1,01:45,7,1,9
2023340WN1482,2023,340WN1482,2,2,2,2,43,7,3,0,0,1,0,0,9,-1,-1,-1,0,0.01522,0.98478,-1,3,30,1,1,1,12:30,7,3,9
2023545555323,2023,545555323,2,6,2,2,13,3,3,0,0,2,0,0,9,9,E01022202,-1,0,0.01771,0.98229,-1,1,30,1,1,1,12:05,7,2,9
2023010452478,2023,010452478,1,3,2,2,16,4,3,0,0,2,0,0,9,2,E01003538,-1,0,0.0,1.0,-1,6,30,1,1,1,16:11,6,2,9
2023461347466,2023,461347466,2,1,1,1,-1,-1,3,0,0,0,0,0,9,2,E01016110,3,1,0.0,1.0,-1,6,30,1,1,1,16:05,2,2,9
2023545306523,2023,545306523,2,1,1,1,17,4,3,0,0,0,0,0,9,10,E01031948,-1,0,0.00493,0.99507,-1,1,30,1,1,1,11:32,1,2,9
2023010469821,2023,010469821,1,1,1,1,43,7,3,0,0,0,0,0,9,4,E01033081,-1,0,0.0,1.0,-1,6,20,1,4,1,01:00,4,1,9
2023471344740,2023,471344740,1,2,2,2,88,11,3,0,0,0,0,0,19,8,E01021086,3,1,0.0,1.0,-1,6,50,1,1,1,10:35,4,2,19
2023010454628,2023,010454628,2,2,1,1,56,9,3,0,0,0,0,0,9,8,E01024221,-1,0,0.0,1.0,-1,3,50,1,1,1,15:23,3,3,9
2023031356915,2023,031356915,1,1,1,2,19,4,3,0,0,0,0,0,9,6,E01019256,3,1,0.0,1.0,-1,6,30,2,1,2,12:23,4,3,9
2023411364514,2023,411364514,1,1,1,2,21,5,3,0,0,0,0,0,9,9,E01023467,3,1,0.0,1.0,-1,9,20,1,4,1,00:40,2,1,9
2023461266041,2023,461266041,1,1,1,1,47,8,3,0,0,0,0,0,9,1,E01016023,3,1,0.0,1.0,-1,3,30,1,4,2,19:01,2,2,9
2023520001406,2023,520001406,3,3,1,2,62,9,3,0,0,0,0,0,9,-1,-1,-1,0,0.01082,0.98918,-1,6,30,1,1,1,12:00,5,3,9
2023544274823,2023,544274823,2,4,2,2,11,3,3,0,0,2,0,0,9,6,E01032010,-1,0,0.0445,0.9555,-1,6,50,1,1,1,07:26,2,2,9
2023010434116,2023,010434116,1,1,1,1,23,5,3,0,0,0,0,0,3,4,E01000625,-1,0,0.0,1.0,-1,9,20,1,1,2,16:40,6,2,3
2023141352244,2023,141352244,1,1,1,1,71,10,3,0,0,0,0,0,4,4,E01025930,3,1,0.0,1.0,-1,3,70,1,1,1,20:17,4,2,4
2023010462892,2023,010462892,1,1,1,1,61,9,3,0,0,0,0,0,5,6,E01001563,-1,0,0.0,1.0,-1,3,30,1,1,1,05:44,3,2,5
2023010425862,2023,010425862,1,1,1,2,37,7,3,0,0,0,0,0,9,4,E01000792,-1,0,0.0,1.0,-1,6,30,1,1,1,07:00,3,2,9
2023010479464,2023,010479464,1,1,1,2,50,8,3,0,0,0,0,0,9,2,E01000126,-1,0,0.0,1.0,-1,9,20,1,1,1,16:05,5,2,9
2023201292543,2023,201292543,1,2,2,1,14,3,3,0,0,1,0,0,9,1,E01008913,3,1,0.0,1.0,-1,6,30,1,1,1,15:47,7,2,9
2023071230320,2023,071230320,1,2,2,2,36,7,3,0,0,1,0,0,19,-1,-1,-1,0,0.0373,0.9627,-1,3,40,1,1,1,15:32,3,2,19
2023010422747,2023,010422747,1,1,1,1,23,5,3,0,0,0,0,0,9,5,E01033573,-1,0,0.0,1.0,-1,9,30,1,4,1,18:49,7,2,9
2023340NN9102,2023,340NN9102,1,1,1,1,30,6,2,0,0,0,0,0,9,2,E01027106,-1,0,1.0,0.0,-1,6,60,1,6,1,23:07,1,1,9
2023461390334,2023,461390334,2,1,1,1,52,8,2,0,0,0,0,0,9,7,E01024232,6,1,1.0,0.0,-1,3,60,1,6,2,18:59,3,2,9
2023101309620,2023,101309620,2,1,2,1,68,10,3,0,0,0,4,0,11,3,E01008780,3,1,0.0,1.0,-1,3,40,1,4,1,22:10,7,2,11
2023430207841,2023,430207841,1,1,3,1,12,3,3,7,3,0,0,0,0,4,E01016484,-1,0,0.19085,0.80915,-1,3,30,1,1,1,19:16,6,1,9
2023302301470,2023,302301470,2,1,1,1,54,8,2,0,0,0,0,0,5,4,E01005888,-1,0,1.0,0.0,-1,6,30,1,1,1,14:10,7,2,5
2023311375762,2023,311375762,2,1,1,1,71,10,3,0,0,0,0,0,9,5,E01032309,3,1,0.0,1.0,-1,3,70,1,1,1,14:00,2,2,9
2023520300707,2023,520300707,1,1,1,1,74,10,1,0,0,0,0,0,9,6,E01031845,-1,0,0.0,0.0,-1,6,40,1,1,2,16:30,6,2,9
2023544325723,2023,544325723,2,2,1,1,40,7,3,0,0,0,0,0,9,6,E01015002,-1,0,0.01127,0.98873,-1,3,70,1,1,1,10:18,3,3,9
2023010452217,2023,010452217,1,1,1,1,61,9,3,0,0,0,0,0,3,10,E01003468,-1,0,0.0,1.0,-1,7,20,1,1,1,16:40,5,2,3
2023371292301,2023,371292301,1,1,1,1,57,9,3,0,0,0,0,0,9,3,E01029888,3,1,0.0,1.0,-1,6,30,1,1,1,08:09,5,2,9
2023461340320,2023,461340320,1,1,1,1,17,4,3,0,0,0,0,0,9,8,E01024605,3,1,0.0,1.0,-1,6,30,1,4,1,02:12,1,2,9
2023010481413,2023,010481413,1,1,3,2,22,5,3,6,9,0,0,0,0,4,E01003268,-1,0,0.0,1.0,-1,9,30,1,1,1,08:20,4,1,9
2023141272454,2023,141272454,1,2,3,2,24,5,3,1,9,0,0,0,0,6,E01007917,3,1,0.0,1.0,-1,6,20,1,4,1,22:05,7,1,9
2023401346732,2023,401346732,1,1,3,1,38,7,2,4,1,0,0,2,0,2,E01017594,5,1,1.0,0.0,-1,3,30,1,1,1,11:05,5,1,9
2023101341187,2023,101341187,2,1,2,2,32,6,3,0,0,1,0,0,9,-1,-1,3,1,0.0,1.0,-1,3,30,1,4,1,22:00,3,2,9
2023501288212,2023,501288212,1,1,2,2,60,9,3,0,0,1,0,0,9,6,E01020119,3,1,0.0,1.0,-1,6,60,2,1,2,18:00,6,1,9
2023991371009,2023,991371009,1,2,2,2,17,4,2,0,0,1,0,0,9,8,-1,7,1,1.0,0.0,-1,6,60,1,6,2,09:55,1,1,9
2023052302534,2023,052302534,1,1,3,1,46,8,3,9,9,0,0,0,0,3,E01006575,-1,0,0.07488,0.92512,-1,6,30,1,1,1,08:00,2,1,19
2023221394754,2023,221394754,1,1,1,1,22,5,2,0,0,0,0,0,5,9,E01028936,7,1,1.0,0.0,-1,6,30,1,4,2,18:30,4,2,5
2023061389967,2023,061389967,1,1,2,1,67,10,3,0,0,2,0,0,8,1,E01005009,3,1,0.0,1.0,-1,6,30,9,7,-1,00:52,3,1,8
2023501309426,2023,501309426,2,2,1,1,50,8,3,0,0,0,0,0,9,3,E01019916,3,1,0.0,1.0,-1,6,30,1,4,1,01:55,7,2,9
2023991299129,2023,991299129,1,1,1,2,67,10,2,0,0,0,0,0,9,4,-1,7,1,1.0,0.0,-1,6,30,1,1,1,18:15,5,2,9
2023311316060,2023,311316060,1,1,3,2,83,11,2,5,4,0,0,0,0,-1,-1,7,1,1.0,0.0,-1,6,30,8,1,1,14:40,2,1,19
2023221381013,2023,221381013,1,1,1,1,41,7,3,0,0,0,0,0,9,6,E01028851,3,1,0.0,1.0,-1,6,60,1,6,2,00:17,4,1,9
2023421376416,2023,421376416,1,1,1,1,41,7,3,0,0,0,0,0,9,8,E01003652,3,1,0.0,1.0,-1,3,40,1,4,2,23:40,1,1,9
2023010466345,2023,010466345,1,1,2,2,23,5,3,0,0,2,0,0,9,-1,-1,-1,0,0.0,1.0,-1,6,30,1,4,1,03:20,7,2,9
2023340NN1612,2023,340NN1612,2,1,1,2,37,7,3,0,0,0,0,0,9,8,E01027040,-1,0,0.06655,0.93345,-1,3,60,1,1,1,08:24,4,2,9
2023340WN4262,2023,340WN4262,2,1,1,1,59,9,3,0,0,0,0,0,9,7,E01027143,-1,0,0.03093,0.96907,-1,3,70,1,1,1,17:20,3,2,9
2023543792123,2023,543792123,1,4,2,1,24,5,3,0,0,2,0,0,9,10,E01008132,-1,0,0.03044,0.96956,-1,3,70,1,1,1,10:39,3,2,9
2023141321368,2023,141321368,1,2,2,2,46,8,3,0,0,0,0,0,19,3,E01007702,3,1,0.0,1.0,-1,6,30,1,1,1,21:46,4,2,19
2023141278116,2023,141278116,2,1,1,1,7,2,2,0,0,0,0,0,1,2,E01007806,7,1,1.0,0.0,-1,6,30,1,1,1,14:35,1,2,1
2023461374217,2023,461374217,1,2,1,1,-1,-1,3,0,0,0,0,0,5,6,E01016057,3,1,0.0,1.0,-1,3,70,1,1,1,16:42,2,2,5
2023141273744,2023,141273744,1,1,3,1,16,4,2,5,1,0,0,0,0,-1,-1,7,1,1.0,0.0,-1,6,30,1,1,1,08:45,4,1,9
2023010437138,2023,010437138,1,1,1,1,37,7,3,0,0,0,0,0,9,2,E01002282,-1,0,0.0,1.0,-1,3,70,1,1,1,07:52,5,3,9
2023010475963,2023,010475963,1,1,1,1,37,7,3,0,0,0,0,0,9,7,E01001280,-1,0,0.0,1.0,-1,6,20,8,4,2,00:00,1,2,9
2023371303129,2023,371303129,1,1,1,2,82,11,3,0,0,0,0,0,9,6,E01021656,3,1,0.0,1.0,-1,6,60,1,1,1,14:01,6,2,9
2023440074832,2023,440074832,1,3,2,1,5,1,3,0,0,2,0,0,9,4,E01022474,-1,0,0.0583,0.9417,-1,6,30,1,1,2,09:01,5,1,9
2023471266567,2023,471266567,2,1,1,1,47,8,3,0,0,0,0,0,9,2,E01016949,3,1,0.0,1.0,-1,6,30,1,1,1,14:05,1,2,9
2023451265113,2023,451265113,1,1,3,2,13,3,3,5,9,0,0,0,0,10,E01030903,3,1,0.0,1.0,-1,6,30,1,1,2,15:33,4,1,9
2023991312293,2023,991312293,1,1,3,1,79,11,2,6,9,0,0,0,0,1,-1,6,1,1.0,0.0,-1,6,30,1,4,1,00:02,1,1,8
2023451288392,2023,451288392,1,1,1,1,16,4,3,0,0,0,0,0,1,5,E01030464,3,1,0.0,1.0,-1,6,30,1,1,1,18:10,1,2,1
2023010474792,2023,010474792,1,1,2,1,18,4,3,0,0,2,0,0,9,9,E01030731,-1,0,0.0,1.0,-1,6,30,2,4,2,22:56,1,2,9
2023461363329,2023,461363329,1,1,1,1,67,10,3,0,0,0,0,0,9,2,E01004036,3,1,0.0,1.0,-1,6,30,2,4,2,22:09,5,2,9
2023141359874,2023,141359874,2,1,1,2,33,6,3,0,0,0,0,0,9,9,E01008137,3,1,0.0,1.0,-1,6,40,1,1,1,09:00,5,2,9
2023161333814,2023,161333814,1,2,2,2,18,4,3,0,0,1,0,0,9,8,E01013101,3,1,0.0,1.0,-1,6,30,2,4,2,21:55,4,2,9
2023010454329,2023,010454329,1,2,2,2,4,1,3,0,0,0,3,0,11,1,E01003045,-1,0,0.0,1.0,-1,6,30,1,1,1,13:40,2,1,11
2023610023823,2023,610023823,1,1,3,1,25,5,2,10,7,0,0,0,0,3,W01001455,-1,0,1.0,0.0,-1,6,30,1,4,1,23:28,6,1,9
2023361374323,2023,361374323,2,1,1,1,21,5,3,0,0,0,0,0,1,6,E01026876,3,1,0.0,1.0,-1,6,60,1,1,2,09:40,7,2,1
2023201379099,2023,201379099,2,2,2,1,4,1,3,0,0,2,0,0,9,1,E01009351,3,1,0.0,1.0,-1,6,30,1,1,1,16:30,1,2,9
2023430510901,2023,430510901,2,2,1,1,28,6,3,0,0,0,0,0,9,9,E01030978,-1,0,0.05918,0.94082,-1,6,30,1,4,1,18:31,2,3,9
2023010474936,2023,010474936,1,1,3,2,36,7,3,5,1,0,0,0,0,1,E01000782,-1,0,0.0,1.0,-1,2,30,1,4,2,17:25,2,1,19
2023061298342,2023,061298342,2,1,1,1,51,8,3,0,0,0,0,0,1,9,E01031888,3,1,0.0,1.0,-1,1,30,1,1,1,19:00,3,2,1
2023101306366,2023,101306366,2,1,1,2,44,7,3,0,0,0,0,0,1,2,E01008867,3,1,0.0,1.0,-1,1,30,1,1,1,07:40,3,2,1
2023631384745,2023,631384745,2,1,1,1,77,11,3,0,0,0,0,0,1,8,W01000466,3,1,0.0,1.0,-1,6,60,1,1,1,08:20,6,2,1
2023170M10253,2023,170M10253,1,1,1,1,20,4,3,0,0,0,0,0,9,2,E01012081,-1,0,0.13358,0.86642,-1,3,50,1,4,2,23:46,3,1,9
2023332300732,2023,332300732,1,2,1,1,56,9,2,0,0,0,0,0,9,3,E01013626,-1,0,1.0,0.0,-1,3,50,1,1,1,17:30,1,2,9
2023451262723,2023,451262723,2,1,1,1,43,7,3,0,0,0,0,0,19,8,E01002452,3,1,0.0,1.0,-1,3,70,1,4,2,17:20,5,3,19
2023461331718,2023,461331718,1,1,3,2,-1,-1,3,6,9,0,0,0,0,-1,-1,3,1,0.0,1.0,-1,6,30,1,1,1,08:45,3,1,9
2023991334401,2023,991334401,1,1,3,2,15,3,2,5,4,0,0,2,0,-1,-1,7,1,1.0,0.0,-1,6,20,2,1,2,17:20,5,1,9
2023201365641,2023,201365641,1,1,3,2,74,10,3,5,3,0,0,0,0,1,E01009182,3,1,0.0,1.0,-1,3,30,1,1,1,11:01,2,1,9
2023451310268,2023,451310268,1,1,1,1,20,4,1,0,0,0,0,0,5,9,E01030975,1,1,0.0,0.0,-1,3,70,1,1,1,19:27,2,2,5
2023501303841,2023,501303841,1,1,1,1,32,6,2,0,0,0,0,0,5,3,E01018932,7,1,1.0,0.0,-1,6,20,1,1,2,16:25,2,1,5
2023311327044,2023,311327044,1,1,1,2,31,6,3,0,0,0,0,0,9,5,E01028022,3,1,0.0,1.0,-1,6,30,1,1,1,13:16,6,2,9
2023991283017,2023,991283017,2,1,1,1,33,6,2,0,0,0,0,0,9,1,-1,7,1,1.0,0.0,-1,6,60,1,1,1,07:00,7,2,9
2023471331769,2023,471331769,2,1,1,2,45,7,3,0,0,0,0,0,19,7,E01021166,3,1,0.0,1.0,-1,3,40,1,1,1,13:00,3,2,19
2023041377288,2023,041377288,1,1,3,1,22,5,3,10,9,0,0,0,0,1,E01025084,3,1,0.0,1.0,-1,6,30,1,4,1,21:30,6,1,11
2023311319397,2023,311319397,1,1,1,1,50,8,3,0,0,0,0,0,1,-1,-1,3,1,0.0,1.0,-1,6,40,1,1,1,09:50,6,2,1
2023041361216,2023,041361216,1,1,1,2,18,4,2,0,0,0,0,0,3,8,E01025105,7,1,1.0,0.0,-1,6,60,1,1,1,15:25,1,1,3
2023430251732,2023,430251732,1,1,1,1,43,7,2,0,0,0,0,0,5,10,E01028475,-1,0,1.0,0.0,-1,6,40,1,1,1,14:37,5,2,5
2023010425599,2023,010425599,2,2,2,2,58,9,2,0,0,1,0,0,9,3,E01003127,-1,0,1.0,0.0,-1,6,20,1,4,1,20:33,1,4,9
2023010429955,2023,010429955,1,1,1,2,48,8,3,0,0,0,0,0,9,6,E01004181,-1,0,0.0,1.0,-1,6,20,1,1,1,08:30,4,2,9
2023010451603,2023,010451603,1,2,2,-1,-1,-1,3,0,0,2,0,0,9,4,E01004652,-1,0,0.0,1.0,-1,6,30,1,1,1,18:00,6,1,9
2023131359412,2023,131359412,2,1,1,2,26,6,3,0,0,0,0,0,9,10,E01010936,3,1,0.0,1.0,-1,3,30,1,1,1,08:20,3,2,9
2023141376120,2023,141376120,3,1,2,2,72,10,2,0,0,1,0,0,9,8,E01008147,6,1,1.0,0.0,-1,6,60,1,1,1,12:07,7,3,9
2023471372677,2023,471372677,2,1,1,2,20,4,2,0,0,0,0,0,9,6,E01031472,7,1,1.0,0.0,-1,6,40,1,1,2,13:15,5,2,9
2023471352625,2023,471352625,2,1,1,1,15,3,2,0,0,0,0,0,1,10,E01031774,7,1,1.0,0.0,-1,6,30,1,1,1,15:55,5,2,1
2023010447534,2023,010447534,1,1,1,1,21,5,3,0,0,0,0,0,3,-1,-1,-1,0,0.0,1.0,-1,6,20,1,1,1,11:30,4,2,3
2023010426140,2023,010426140,1,1,1,2,40,7,3,0,0,0,0,0,9,10,E01000423,-1,0,0.0,1.0,-1,6,30,1,4,1,17:50,2,2,9
2023041293730,2023,041293730,1,1,2,1,15,3,3,0,0,1,0,0,9,9,E01025127,3,1,0.0,1.0,-1,6,20,1,1,1,14:17,7,2,9
2023201405826,2023,201405826,2,2,2,2,10,2,3,0,0,-1,0,0,9,1,E01009299,3,1,0.0,1.0,-1,1,30,1,4,1,21:50,1,2,9
2023302301577,2023,302301577,2,3,2,2,12,3,3,0,0,2,0,0,9,10,E01013527,-1,0,0.0226,0.9774,-1,6,30,1,1,1,08:30,2,2,9
2023320735004,2023,320735004,1,1,1,1,28,6,2,0,0,0,0,0,21,6,E01027774,-1,0,1.0,0.0,-1,6,30,1,1,1,10:30,3,1,21
2023161314326,2023,161314326,2,1,2,1,15,3,3,0,0,0,0,0,-1,1,E01012874,3,1,0.0,1.0,-1,6,30,1,1,1,14:10,6,3,-1
2023631326324,2023,631326324,1,3,1,1,18,4,2,0,0,0,0,0,9,7,W01000735,5,1,1.0,0.0,-1,6,60,1,1,2,12:40,3,3,9
2023991346694,2023,991346694,1,2,1,2,29,6,3,0,0,0,0,0,9,4,-1,3,1,0.0,1.0,-1,3,70,1,1,1,07:45,4,2,9
2023101368524,2023,101368524,1,1,3,1,41,7,3,8,3,0,0,0,0,2,E01008189,3,1,0.0,1.0,-1,3,70,1,1,1,11:35,2,1,21
2023131333354,2023,131333354,1,1,3,1,7,2,3,8,4,0,0,2,0,4,E01010669,3,1,0.0,1.0,-1,6,30,1,1,1,18:30,7,1,9
2023170L21133,2023,170L21133,1,1,3,2,53,8,3,6,9,0,0,0,0,1,E01012114,-1,0,0.0527,0.9473,-1,6,30,1,1,1,13:10,5,1,19
2023501283335,2023,501283335,2,1,1,2,25,5,3,0,0,0,0,0,9,3,E01019916,3,1,0.0,1.0,-1,3,30,1,1,1,07:30,3,2,9
2023522301451,2023,522301451,1,2,2,1,61,9,3,0,0,1,0,0,9,4,-1,-1,0,0.03079,0.96921,-1,6,40,1,1,1,12:00,5,2,9
2023010462170,2023,010462170,2,1,1,2,50,8,2,0,0,0,0,0,1,6,E01004497,-1,0,1.0,0.0,-1,2,20,1,1,2,14:13,5,2,1
2023122300970,2023,122300970,3,2,1,2,53,8,3,0,0,0,0,0,10,6,E01021535,-1,0,0.05762,0.94238,-1,6,60,1,1,1,10:00,7,3,10
2023070076834,2023,070076834,1,1,3,1,67,10,3,4,4,0,0,0,0,1,E01012419,-1,0,0.17003,0.82997,-1,6,30,1,4,1,18:45,5,1,9
2023531351474,2023,531351474,2,1,1,1,11,3,3,0,0,0,0,0,1,9,E01022429,3,1,0.0,1.0,-1,6,30,1,1,1,16:17,6,2,1
2023311378979,2023,311378979,2,2,1,1,49,8,3,0,0,0,0,0,9,4,E01019455,3,1,0.0,1.0,-1,3,40,1,4,2,22:32,7,2,9
2023161367596,2023,161367596,1,1,2,2,75,10,3,0,0,0,3,0,11,-1,-1,3,1,0.0,1.0,-1,6,30,2,1,2,13:00,5,1,11
2023430424517,2023,430424517,1,1,1,2,28,6,3,0,0,0,0,0,9,10,E01016694,-1,0,0.02934,0.97066,-1,6,30,1,1,1,08:05,5,2,9
2023501389694,2023,501389694,1,1,1,2,51,8,3,0,0,0,0,0,9,4,E01018784,3,1,0.0,1.0,-1,6,60,1,1,1,08:30,2,2,9
2023991347717,2023,991347717,2,1,1,2,54,8,2,0,0,0,0,0,9,6,-1,6,1,1.0,0.0,-1,6,60,1,1,1,17:15,6,2,9
2023010434121,2023,010434121,1,1,1,1,30,6,3,0,0,0,0,0,3,8,E01002181,-1,0,0.0,1.0,-1,9,30,2,1,2,17:18,6,2,3
2023101298961,2023,101298961,2,1,1,1,37,7,3,0,0,0,0,0,3,3,E01008395,3,1,0.0,1.0,-1,3,30,9,1,-1,17:20,4,2,3
2023401326248,2023,401326248,1,1,1,1,55,8,3,0,0,0,0,0,8,5,E01015768,3,1,0.0,1.0,-1,3,30,1,1,1,14:27,5,1,8
2023501367803,2023,501367803,1,1,1,1,26,6,3,0,0,0,0,0,19,2,E01015190,3,1,0.0,1.0,-1,3,40,1,1,2,16:09,6,2,19
2023332300284,2023,332300284,2,2,1,2,23,5,3,0,0,0,0,0,9,9,E01025915,-1,0,0.01555,0.98445,-1,1,30,1,1,1,13:20,6,2,9
2023461370436,2023,461370436,1,2,1,2,65,9,1,0,0,0,0,0,1,-1,-1,1,1,0.0,0.0,-1,6,60,8,1,1,09:15,1,1,1
2023320190725,2023,320190725,1,1,1,2,22,5,3,0,0,0,0,0,9,4,E01026009,-1,0,0.12553,0.87447,-1,6,50,2,4,2,21:52,4,1,9
2023440217098,2023,440217098,2,1,1,2,35,6,3,0,0,0,0,0,9,10,E01023172,-1,0,0.03621,0.96379,-1,6,30,1,1,1,16:09,5,2,9
2023461294201,2023,461294201,1,1,1,1,71,10,3,0,0,0,0,0,9,5,E01016127,3,1,0.0,1.0,-1,6,30,1,1,1,16:20,5,2,9
2023501341365,2023,501341365,2,2,1,1,60,9,3,0,0,0,0,0,9,9,E01015199,3,1,0.0,1.0,-1,6,60,2,1,2,18:55,1,2,9
2023010469752,2023,010469752,1,1,1,1,29,6,3,0,0,0,0,0,9,6,E01002204,-1,0,0.0,1.0,-1,9,20,1,1,1,17:45,3,2,9
2023320774361,2023,320774361,2,2,2,2,84,11,3,0,0,2,0,0,9,8,E01013151,-1,0,0.09865,0.90135,-1,6,50,1,6,1,17:00,1,2,9
2023501344560,2023,501344560,1,1,1,2,55,8,3,0,0,0,0,0,9,5,E01020006,3,1,0.0,1.0,-1,6,30,1,1,1,09:18,4,2,9
2023010456503,2023,010456503,2,1,1,1,-1,-1,3,0,0,0,0,0,1,-1,-1,-1,0,0.0,1.0,-1,2,20,1,1,1,18:50,5,2,1
2023010452527,2023,010452527,1,1,1,1,47,8,3,0,0,0,0,0,3,3,E01001900,-1,0,0.0,1.0,-1,9,20,8,1,9,22:00,5,2,3
2023991373213,2023,991373213,1,1,3,2,46,8,3,6,9,0,0,2,0,-1,-1,3,1,0.0,1.0,-1,6,30,1,4,1,21:00,6,5,9