collision_index,collision_year,collision_ref_no,vehicle_reference,casualty_reference,casualty_class,sex_of_casualty,age_of_casualty,age_band_of_casualty,casualty_severity,pedestrian_location,pedestrian_movement,car_passenger,bus_or_coach_passenger,pedestrian_road_maintenance_worker,casualty_type,casualty_imd_decile,lsoa_of_casualty,enhanced_casualty_severity,casualty_injury_based,casualty_adjusted_severity_serious,casualty_adjusted_severity_slight,casualty_distance_banding,road_type,speed_limit,weather_conditions,light_conditions,road_surface_conditions,time,day_of_week,number_of_vehicles,vehicle_type
2023451264116,2023,451264116,1,1,1,1,43,7,3,0,0,0,0,0,3,3,E01033583,3,1,0.0,1.0,-1,3,70,1,6,4,06:57,3,1,3
2023421271129,2023,421271129,1,1,1,1,27,6,2,0,0,0,0,0,4,9,E01021335,6,1,1.0,0.0,-1,1,30,1,1,1,16:00,4,2,4
2023061317482,2023,061317482,1,1,1,1,42,7,3,0,0,0,0,0,9,1,E01005228,3,1,0.0,1.0,-1,7,70,1,1,1,12:35,1,3,9
2023161342534,2023,161342534,2,2,1,1,40,7,3,0,0,0,0,0,9,5,E01013132,3,1,0.0,1.0,-1,6,30,1,4,1,23:19,4,2,9
2023070509119,2023,070509119,1,1,1,1,20,4,2,0,0,0,0,0,23,2,E01018388,-1,0,1.0,0.0,-1,6,30,1,1,1,17:00,2,2,23
2023010419946,2023,010419946,1,1,3,2,35,6,2,6,9,0,0,0,0,6,E01000304,-1,0,1.0,0.0,-1,6,30,1,1,2,11:18,6,1,9
2023401310433,2023,401310433,1,1,3,2,20,4,3,1,9,0,0,0,0,4,E01017520,3,1,0.0,1.0,-1,1,30,1,1,1,18:01,2,1,9
2023552301488,2023,552301488,1,1,1,1,23,5,3,0,0,0,0,0,3,6,E01015324,-1,0,0.11005,0.88995,-1,6,30,1,1,1,12:16,3,2,3
2023430181298,2023,430181298,2,1,1,1,31,6,3,0,0,0,0,0,4,1,E01016441,-1,0,0.15287,0.84713,-1,6,30,1,1,1,12:30,4,2,4
2023161267470,2023,161267470,2,1,1,2,44,7,3,0,0,0,0,0,9,3,E01013004,3,1,0.0,1.0,-1,6,60,8,1,2,07:50,3,4,9
2023302300981,2023,302300981,1,1,1,1,23,5,3,0,0,0,0,0,9,8,E01019867,-1,0,0.03648,0.96352,-1,6,30,1,1,1,07:00,4,2,9
2023430018130,2023,430018130,2,2,1,2,27,6,3,0,0,0,0,0,9,6,E01002433,-1,0,0.03075,0.96925,-1,6,30,1,1,1,08:13,6,2,9
2023451371265,2023,451371265,1,1,2,2,23,5,3,0,0,1,0,0,9,10,E01030566,3,1,0.0,1.0,-1,6,30,1,5,2,22:48,1,3,9
2023552300855,2023,552300855,2,1,1,1,26,6,3,0,0,0,0,0,9,2,E01032659,-1,0,0.01699,0.98301,-1,1,40,1,1,2,12:32,7,2,9
2023122400022,2023,122400022,1,3,2,1,60,9,3,0,0,0,4,0,11,5,E01027785,-1,0,0.10629,0.89371,-1,6,60,1,6,2,06:42,3,2,11
202360A134019,2023,60A134019,1,1,1,1,63,9,2,0,0,0,0,0,20,-1,-1,-1,0,1.0,0.0,-1,3,70,8,1,1,15:55,2,1,20
2023131384012,2023,131384012,1,1,2,2,17,4,3,0,0,2,0,0,9,4,E01010601,3,1,0.0,1.0,-1,3,40,1,1,1,15:00,4,2,9
2023010451915,2023,010451915,2,1,3,-1,-1,-1,3,5,9,0,0,0,0,-1,-1,-1,0,0.0,1.0,-1,9,20,9,1,9,07:25,4,2,9
2023549909723,2023,549909723,1,1,1,1,38,7,3,0,0,0,0,0,3,7,E01015526,-1,0,0.12638,0.87362,-1,6,30,5,4,2,20:44,2,2,3
2023201377779,2023,201377779,2,1,1,2,59,9,3,0,0,0,0,0,9,7,E01010243,3,1,0.0,1.0,-1,6,30,1,1,1,16:22,4,2,9
2023552300312,2023,552300312,2,1,1,1,17,4,3,0,0,0,0,0,2,8,E01015389,-1,0,0.09404,0.90596,-1,6,30,1,1,1,18:00,5,2,2
2023041321326,2023,041321326,1,1,1,2,29,6,3,0,0,0,0,0,9,9,E01025074,3,1,0.0,1.0,-1,6,30,2,1,1,10:40,4,2,9
2023302301539,2023,302301539,2,1,1,2,47,8,3,0,0,0,0,0,9,10,E01007915,-1,0,0.00736,0.99264,-1,6,20,1,1,1,17:50,6,2,9
2023041361643,2023,041361643,1,1,1,1,48,8,3,0,0,0,0,0,23,3,E01025289,3,1,0.0,1.0,-1,6,30,1,1,1,14:55,2,2,23
2023061387503,2023,061387503,2,3,2,1,13,3,3,0,0,2,0,0,9,3,E01005034,3,1,0.0,1.0,-1,3,70,2,5,2,20:09,1,2,9
2023411325807,2023,411325807,2,2,1,1,41,7,3,0,0,0,0,0,9,8,E01023916,3,1,0.0,1.0,-1,6,40,1,1,1,16:34,2,2,9
2023991330438,2023,991330438,2,1,1,1,62,9,2,0,0,0,0,0,9,4,-1,6,1,1.0,0.0,-1,6,60,2,1,2,08:25,2,2,9
2023052301972,2023,052301972,1,1,1,1,53,8,3,0,0,0,0,0,1,1,E01006964,-1,0,0.14966,0.85034,-1,3,40,1,1,1,10:45,5,2,1
2023170L10953,2023,170L10953,1,1,1,2,29,6,3,0,0,0,0,0,9,-1,-1,-1,0,0.05074,0.94926,-1,6,50,1,1,1,15:46,3,2,9
2023201345064,2023,201345064,2,1,2,1,28,6,3,0,0,2,0,0,9,4,E01009634,3,1,0.0,1.0,-1,6,30,1,1,1,18:50,6,2,9
2023430097267,2023,430097267,1,1,1,1,46,8,3,0,0,0,0,0,9,10,E01017924,-1,0,0.07381,0.92619,-1,3,30,1,1,1,17:33,6,3,9
2023451277329,2023,451277329,2,2,1,2,40,7,3,0,0,0,0,0,9,6,E01030649,3,1,0.0,1.0,-1,6,30,8,4,1,20:40,5,2,9
2023461262652,2023,461262652,2,2,2,1,25,5,3,0,0,1,0,0,9,4,E01024694,3,1,0.0,1.0,-1,6,30,1,4,1,18:44,1,2,9
2023320227953,2023,320227953,1,1,3,1,7,2,2,8,3,0,0,0,0,1,E01026173,-1,0,1.0,0.0,-1,6,30,1,1,1,14:45,1,1,9
2023481377636,2023,481377636,2,1,1,1,40,7,3,0,0,0,0,0,1,-1,-1,3,1,0.0,1.0,-1,3,20,2,1,2,18:21,7,2,1
2023531387397,2023,531387397,2,1,1,2,36,7,3,0,0,0,0,0,3,8,E01022313,3,1,0.0,1.0,-1,6,30,1,1,2,09:48,3,2,3
2023430283965,2023,430283965,2,2,1,1,27,6,3,0,0,0,0,0,3,6,E01017929,-1,0,0.18055,0.81945,-1,6,30,1,1,1,18:26,3,2,3
2023010462748,2023,010462748,1,1,3,1,31,6,3,5,3,0,0,0,0,5,E01004624,-1,0,0.0,1.0,-1,6,30,1,4,1,02:20,2,1,9
2023010466830,2023,010466830,2,1,1,1,34,6,3,0,0,0,0,0,1,3,E01003942,-1,0,0.0,1.0,-1,3,30,1,1,1,18:00,2,2,1
2023430437775,2023,430437775,1,2,2,2,45,7,3,0,0,2,0,0,8,-1,-1,-1,0,0.08527,0.91473,-1,6,30,1,1,1,14:44,6,3,8
2023010436325,2023,010436325,2,1,1,2,55,8,3,0,0,0,0,0,9,10,E01030506,-1,0,0.0,1.0,-1,2,20,8,1,1,14:10,6,3,9
2023010445042,2023,010445042,1,1,3,1,13,3,3,9,9,0,0,0,0,6,E01001870,-1,0,0.0,1.0,-1,3,20,1,1,1,15:15,5,1,9
2023622300938,2023,622300938,2,2,1,1,27,6,2,0,0,0,0,0,3,10,W01001780,-1,0,1.0,0.0,-1,6,20,1,1,1,10:18,3,2,3
2023061318534,2023,061318534,2,1,1,1,61,9,3,0,0,0,0,0,9,4,E01005688,3,1,0.0,1.0,-1,6,30,1,1,-1,18:26,4,2,9
2023552300825,2023,552300825,2,1,2,2,75,10,3,0,0,1,0,0,9,5,E01032054,-1,0,0.08899,0.91101,-1,6,40,1,1,1,13:36,7,2,9
2023010423571,2023,010423571,2,3,2,1,52,8,2,0,0,1,0,0,9,5,E01024281,-1,0,1.0,0.0,-1,3,50,1,1,1,09:04,4,4,9
2023201293116,2023,201293116,2,1,1,2,24,5,3,0,0,0,0,0,9,9,E01029664,3,1,0.0,1.0,-1,6,30,1,1,1,16:30,2,2,9
2023440209227,2023,440209227,1,1,1,1,37,7,3,0,0,0,0,0,9,8,E01023136,-1,0,0.08237,0.91763,-1,6,30,1,4,1,21:41,6,1,9
2023201304919,2023,201304919,2,2,2,1,35,6,3,0,0,1,0,0,9,1,E01033650,3,1,0.0,1.0,-1,3,70,1,1,1,14:15,6,2,9
2023311289878,2023,311289878,1,2,1,2,23,5,3,0,0,0,0,0,9,8,E01028104,3,1,0.0,1.0,-1,6,50,1,1,1,08:04,5,3,9
2023531305305,2023,531305305,1,1,1,1,63,9,3,0,0,0,0,0,9,1,E01022291,3,1,0.0,1.0,-1,1,30,1,1,1,15:18,5,2,9
2023010474610,2023,010474610,1,1,3,2,59,9,3,1,1,0,0,0,0,3,E01002777,-1,0,0.0,1.0,-1,6,20,2,4,2,23:53,7,1,9
2023010485436,2023,010485436,1,1,3,2,55,8,3,9,6,0,0,0,0,3,E01003630,-1,0,0.0,1.0,-1,6,30,1,1,1,11:00,7,1,19
2023010441998,2023,010441998,1,5,2,-1,-1,-1,3,0,0,2,0,0,9,5,E01032771,-1,0,0.0,1.0,-1,7,30,8,1,9,15:30,3,2,9
2023010470706,2023,010470706,1,1,1,1,63,9,3,0,0,0,0,0,9,-1,-1,-1,0,0.0,1.0,-1,6,30,1,6,1,01:49,1,1,9
2023451339337,2023,451339337,1,1,1,2,26,6,3,0,0,0,0,0,9,5,E01016556,3,1,0.0,1.0,-1,6,30,2,1,2,08:20,3,2,9
2023052300673,2023,052300673,2,2,2,2,50,8,2,0,0,1,0,0,9,1,E01006615,-1,0,1.0,0.0,-1,3,70,1,1,1,16:30,6,2,9
2023010437390,2023,010437390,1,1,1,1,22,5,3,0,0,0,0,0,3,1,E01002071,-1,0,0.0,1.0,-1,9,20,1,1,1,18:45,5,2,3
2023010452967,2023,010452967,1,1,1,1,23,5,3,0,0,0,0,0,3,3,E01002079,-1,0,0.0,1.0,-1,9,20,1,1,1,21:18,7,2,3
2023010448734,2023,010448734,1,1,3,2,61,9,3,1,9,0,0,0,0,5,E01004654,-1,0,0.0,1.0,-1,2,30,1,1,1,13:42,3,1,1
2023010458959,2023,010458959,1,1,3,1,10,2,2,8,1,0,0,0,0,3,E01000335,-1,0,1.0,0.0,-1,6,30,1,1,1,16:15,6,1,9
2023201386670,2023,201386670,1,1,3,1,70,10,2,5,3,0,0,0,0,7,E01009707,6,1,1.0,0.0,-1,1,30,1,1,1,09:30,7,1,9
2023320774361,2023,320774361,1,1,2,2,60,9,3,0,0,1,0,0,9,7,E01026089,-1,0,0.05837,0.94163,-1,6,50,1,6,1,17:00,1,2,9
2023211425010,2023,211425010,1,1,2,2,29,6,2,0,0,2,0,0,9,-1,-1,7,1,1.0,0.0,-1,6,30,1,4,1,23:54,7,2,9
2023320129053,2023,320129053,1,2,1,1,17,4,3,0,0,0,0,0,9,5,E01026315,-1,0,0.13894,0.86106,-1,6,60,1,6,2,22:20,4,1,9
2023010427572,2023,010427572,1,1,3,2,24,5,3,5,3,0,0,0,0,6,E01033487,-1,0,0.0,1.0,-1,6,20,1,7,1,20:20,5,1,9
2023122301406,2023,122301406,2,1,1,1,60,9,3,0,0,0,0,0,1,-1,-1,-1,0,0.1454,0.8546,-1,1,60,1,1,1,16:00,2,2,1
2023070167664,2023,070167664,2,1,1,1,55,8,3,0,0,0,0,0,3,9,E01019767,-1,0,0.08405,0.91595,-1,6,30,1,1,1,15:30,1,2,3
2023170H10673,2023,170H10673,2,2,1,1,20,4,3,0,0,0,0,0,9,1,E01012068,-1,0,0.04522,0.95478,-1,6,30,2,4,2,22:32,2,2,9
2023311314228,2023,311314228,2,1,2,2,40,7,3,0,0,1,0,0,9,-1,-1,3,1,0.0,1.0,-1,6,50,1,1,1,13:07,6,2,9
2023501296007,2023,501296007,2,2,1,2,25,5,3,0,0,0,0,0,9,4,E01018758,3,1,0.0,1.0,-1,1,60,1,1,2,13:00,5,2,9
2023010470443,2023,010470443,1,1,3,2,55,8,3,8,9,0,0,0,0,5,E01003345,-1,0,0.0,1.0,-1,6,20,9,7,1,18:15,6,1,9
2023430309689,2023,430309689,2,1,1,2,44,7,3,0,0,0,0,0,1,6,E01028657,-1,0,0.05549,0.94451,-1,3,50,1,1,1,12:30,4,2,1
2023141269325,2023,141269325,2,2,2,2,18,4,3,0,0,1,0,0,9,1,E01007341,3,1,0.0,1.0,-1,6,40,2,4,2,22:15,7,2,9
2023221383717,2023,221383717,2,1,1,2,56,9,3,0,0,0,0,0,9,-1,-1,3,1,0.0,1.0,-1,7,40,3,4,3,01:15,1,2,9
2023302300451,2023,302300451,1,1,1,2,-1,-1,3,0,0,0,0,0,9,1,E01013820,-1,0,0.01676,0.98324,-1,6,30,1,1,2,13:43,7,2,9
2023430031799,2023,430031799,3,4,2,2,25,5,3,0,0,1,0,0,9,10,E01031214,-1,0,0.06026,0.93974,-1,3,70,1,7,2,22:06,7,3,9
2023501392415,2023,501392415,2,1,2,2,54,8,3,0,0,1,0,0,9,4,E01018760,3,1,0.0,1.0,-1,6,30,8,4,1,17:55,5,2,9
2023552300486,2023,552300486,2,1,1,1,47,8,3,0,0,0,0,0,5,3,E01015426,-1,0,0.178,0.822,-1,6,40,1,1,2,11:29,1,2,5
2023122301279,2023,122301279,2,5,2,2,22,5,2,0,0,2,0,0,8,8,E01027587,-1,0,1.0,0.0,-1,6,40,1,1,1,08:33,3,2,8
2023010475795,2023,010475795,1,4,2,2,23,5,3,0,0,2,0,0,9,2,E01000133,-1,0,0.0,1.0,-1,6,30,8,4,2,00:37,7,2,9
2023302300266,2023,302300266,2,1,1,1,41,7,3,0,0,0,0,0,-1,1,E01013591,-1,0,0.13252,0.86748,-1,6,30,1,1,1,16:30,6,2,-1
2023010428045,2023,010428045,1,1,3,1,45,7,3,1,1,0,0,0,0,1,E01001729,-1,0,0.0,1.0,-1,6,30,8,1,1,14:30,1,1,11
2023041369642,2023,041369642,1,1,3,2,25,5,2,10,3,0,0,0,0,10,E01024997,7,1,1.0,0.0,-1,6,30,1,4,1,17:59,2,1,9
2023440226454,2023,440226454,1,1,1,1,39,7,3,0,0,0,0,0,1,5,E01022800,-1,0,0.12703,0.87297,-1,6,30,1,1,1,06:50,5,2,1
2023010443902,2023,010443902,1,5,2,-1,8,2,3,0,0,2,0,0,9,6,E01014952,-1,0,0.0,1.0,-1,3,30,1,1,1,14:00,5,2,9
2023010462312,2023,010462312,1,1,1,2,27,6,3,0,0,0,0,0,9,9,E01017641,-1,0,0.0,1.0,-1,3,70,1,1,1,13:04,6,3,9
2023451306836,2023,451306836,4,3,2,1,15,3,3,0,0,1,0,0,9,6,E01017834,3,1,0.0,1.0,-1,6,40,1,7,1,19:30,6,5,9
2023471368183,2023,471368183,1,1,1,1,23,5,3,0,0,0,0,0,9,8,E01033088,3,1,0.0,1.0,-1,6,30,1,1,1,15:25,3,3,9
2023010483455,2023,010483455,1,1,1,1,19,4,2,0,0,0,0,0,-1,2,E01001911,-1,0,1.0,0.0,-1,6,20,1,4,1,18:29,2,2,-1
2023161341282,2023,161341282,1,3,2,2,17,4,2,0,0,2,0,0,9,2,E01013284,7,1,1.0,0.0,-1,6,60,1,6,1,21:28,1,2,9
2023461388549,2023,461388549,1,1,1,2,60,9,3,0,0,0,0,0,9,3,E01016043,3,1,0.0,1.0,-1,6,30,1,1,1,08:21,6,2,9
2023302301183,2023,302301183,2,1,1,1,22,5,2,0,0,0,0,0,1,7,E01019770,-1,0,1.0,0.0,-1,6,30,1,1,1,20:00,2,2,1
2023622300301,2023,622300301,2,2,1,1,20,4,3,0,0,0,0,0,1,1,W01001866,-1,0,0.07959,0.92041,-1,6,20,1,1,1,12:38,5,2,1
2023430024109,2023,430024109,1,1,1,2,49,8,3,0,0,0,0,0,9,8,E01016567,-1,0,0.04526,0.95474,-1,6,30,1,1,1,08:21,3,2,9
2023461297971,2023,461297971,3,1,1,2,54,8,3,0,0,0,0,0,9,5,E01024356,3,1,0.0,1.0,-1,6,30,1,1,1,09:00,6,5,9
2023010477593,2023,010477593,1,1,2,2,51,8,3,0,0,1,0,0,9,2,E01001218,-1,0,0.0,1.0,-1,3,70,2,4,2,19:30,1,2,9
2023440144047,2023,440144047,1,2,2,2,12,3,3,0,0,2,0,0,9,4,E01022635,-1,0,0.01083,0.98917,-1,3,40,1,1,1,10:30,4,2,9
2023461277435,2023,461277435,2,2,1,2,63,9,3,0,0,0,0,0,9,7,E01024188,3,1,0.0,1.0,-1,6,30,1,1,1,08:16,7,2,9
2023340NN2472,2023,340NN2472,1,1,3,1,48,8,3,6,9,0,0,0,0,6,E01027311,-1,0,0.06718,0.93282,-1,6,30,1,1,1,18:27,5,1,-1
2023111315021,2023,111315021,1,1,1,1,60,9,3,0,0,0,0,0,5,-1,-1,3,1,0.0,1.0,-1,3,60,1,1,1,11:20,6,1,5
2023010443982,2023,010443982,1,1,1,1,46,8,3,0,0,0,0,0,9,5,E01000636,-1,0,0.0,1.0,-1,6,20,1,1,1,15:10,6,2,9
2023401319487,2023,401319487,3,1,1,2,31,6,3,0,0,0,0,0,9,10,E01017405,3,1,0.0,1.0,-1,6,60,1,1,1,08:12,2,3,9
2023010483115,2023,010483115,3,1,1,1,69,10,3,0,0,0,0,0,9,3,E01001779,-1,0,0.0,1.0,-1,6,20,4,4,1,23:30,7,3,9
2023430351708,2023,430351708,1,1,1,2,35,6,3,0,0,0,0,0,9,4,E01033415,-1,0,0.04623,0.95377,-1,6,30,1,1,1,18:31,2,2,9
2023471356988,2023,471356988,1,1,1,1,-1,-1,3,0,0,0,0,0,1,-1,-1,3,1,0.0,1.0,-1,6,30,1,1,1,12:15,1,2,1
2023546359723,2023,546359723,1,1,1,1,36,7,3,0,0,0,0,0,3,10,E01022994,-1,0,0.24236,0.75764,-1,6,60,1,1,1,19:34,7,1,3
2023010478703,2023,010478703,1,1,2,1,29,6,3,0,0,1,0,0,9,6,E01002662,-1,0,0.0,1.0,-1,7,20,1,4,1,19:53,6,2,9
2023430509848,2023,430509848,2,1,1,2,48,8,3,0,0,0,0,0,9,10,E01017647,-1,0,0.03456,0.96544,-1,6,30,4,1,2,08:37,2,2,9
2023161265833,2023,161265833,1,1,3,1,2,1,3,8,7,0,0,2,0,4,E01013303,3,1,0.0,1.0,-1,6,30,1,1,1,15:22,5,1,9
2023122300533,2023,122300533,1,1,1,1,25,5,3,0,0,0,0,0,5,5,E01026403,-1,0,0.20399,0.79601,-1,6,60,1,1,1,10:30,7,1,5
2023131384591,2023,131384591,2,1,2,2,31,6,3,0,0,1,0,0,9,7,E01011396,3,1,0.0,1.0,-1,6,20,1,4,2,01:06,7,2,9
2023141272548,2023,141272548,2,2,1,2,53,8,3,0,0,0,0,0,9,6,E01007703,3,1,0.0,1.0,-1,6,40,1,1,1,12:00,1,2,9
2023340WN5182,2023,340WN5182,2,1,1,1,33,6,3,0,0,0,0,0,9,9,E01026997,-1,0,0.00379,0.99621,-1,3,30,1,1,1,11:30,1,2,9
2023401356401,2023,401356401,2,2,1,1,56,9,3,0,0,0,0,0,9,6,E01017616,3,1,0.0,1.0,-1,3,30,1,1,1,09:45,6,2,9
202360A142285,2023,60A142285,1,1,1,1,80,11,3,0,0,0,0,0,9,-1,-1,-1,0,0.10728,0.89272,-1,6,30,1,1,1,11:54,2,1,9
2023010426637,2023,010426637,1,1,1,2,34,6,3,0,0,0,0,0,9,7,E01002203,-1,0,0.0,1.0,-1,1,30,1,4,1,18:15,6,2,9
2023111391244,2023,111391244,1,1,2,2,17,4,3,0,0,1,0,0,9,1,E01020873,3,1,0.0,1.0,-1,6,60,1,4,1,01:45,6,1,9
2023430383134,2023,430383134,2,1,1,1,39,7,3,0,0,0,0,0,9,7,E01017144,-1,0,0.00324,0.99676,-1,6,20,1,1,1,13:15,7,2,9
2023461281095,2023,461281095,2,1,1,2,20,4,3,0,0,0,0,0,9,7,E01016139,3,1,0.0,1.0,-1,6,30,1,1,2,13:50,5,2,9
2023010481216,2023,010481216,2,1,1,1,52,8,3,0,0,0,0,0,1,2,E01000958,-1,0,0.0,1.0,-1,6,20,1,4,1,18:35,5,2,1
2023052300222,2023,052300222,1,1,1,2,47,8,3,0,0,0,0,0,9,1,E01007019,-1,0,0.00855,0.99145,-1,6,30,1,1,1,15:40,2,2,9
2023101352436,2023,101352436,2,3,2,2,43,7,3,0,0,-1,0,0,9,4,E01008766,3,1,0.0,1.0,-1,6,30,1,1,1,15:30,4,2,9
2023201380914,2023,201380914,2,2,1,2,22,5,3,0,0,0,0,0,9,2,E01010555,3,1,0.0,1.0,-1,6,30,1,1,1,12:55,3,2,9
2023411345118,2023,411345118,2,1,1,1,55,8,3,0,0,0,0,0,9,4,E01023555,3,1,0.0,1.0,-1,6,20,1,1,1,17:20,2,2,9
2023421367476,2023,421367476,2,2,1,2,44,7,2,0,0,0,0,0,9,5,E01003700,7,1,1.0,0.0,-1,6,40,1,1,1,18:25,5,2,9
2023622300598,2023,622300598,1,1,1,2,49,8,3,0,0,0,0,0,9,4,W01001272,-1,0,0.06746,0.93254,-1,6,30,1,1,1,04:45,3,1,9
2023361378863,2023,361378863,2,2,1,2,67,10,2,0,0,0,0,0,9,10,E01007954,6,1,1.0,0.0,-1,6,60,1,1,2,10:25,7,2,9
2023010419440,2023,010419440,1,1,1,1,22,5,3,0,0,0,0,0,1,8,E01033724,-1,0,0.0,1.0,-1,9,20,1,1,1,10:20,2,1,1
2023302301783,2023,302301783,2,1,1,1,57,9,3,0,0,0,0,0,1,1,E01013586,-1,0,0.12057,0.87943,-1,6,30,1,1,2,08:00,3,2,1
2023520400651,2023,520400651,1,1,1,1,40,7,2,0,0,0,0,0,5,6,E01029227,-1,0,1.0,0.0,-1,6,30,1,1,1,08:10,5,2,5
2023010466258,2023,010466258,1,1,1,1,36,7,3,0,0,0,0,0,1,3,E01003635,-1,0,0.0,1.0,-1,3,50,1,1,1,08:38,6,2,1
2023041269407,2023,041269407,1,1,1,2,19,4,3,0,0,0,0,0,9,1,E01024895,3,1,0.0,1.0,-1,6,30,2,4,2,21:15,7,2,9
2023440268066,2023,440268066,1,1,1,1,35,6,3,0,0,0,0,0,9,9,E01022879,-1,0,0.07777,0.92223,-1,3,70,2,1,2,17:00,3,2,9
2023544434823,2023,544434823,2,1,1,2,33,6,3,0,0,0,0,0,9,6,E01032708,-1,0,0.00679,0.99321,-1,6,30,2,1,2,18:41,1,2,9
2023061378494,2023,061378494,1,1,3,1,84,11,2,5,3,0,0,0,0,-1,-1,5,1,1.0,0.0,-1,6,30,1,4,2,17:41,5,1,9
2023311320415,2023,311320415,2,1,1,1,28,6,3,0,0,0,0,0,1,4,E01028167,3,1,0.0,1.0,-1,6,30,1,1,1,15:53,2,2,1
2023101288428,2023,101288428,2,5,2,2,57,9,2,0,0,1,0,0,9,5,E01027365,7,1,1.0,0.0,-1,6,60,1,1,1,14:47,7,4,9
2023430523225,2023,430523225,2,1,1,1,17,4,3,0,0,0,0,0,3,7,E01017527,-1,0,0.0499,0.9501,-1,3,70,1,1,2,08:39,2,2,3
2023361317294,2023,361317294,1,1,2,2,52,8,3,0,0,0,0,0,5,4,E01033041,3,1,0.0,1.0,-1,6,60,1,1,1,11:30,1,2,5
2023052300982,2023,052300982,2,2,2,2,22,5,3,0,0,1,0,0,9,2,E01007054,-1,0,0.01624,0.98376,-1,6,30,1,1,1,14:40,7,2,9
2023131315191,2023,131315191,2,1,1,2,63,9,2,0,0,0,0,0,9,4,E01008150,6,1,1.0,0.0,-1,6,30,1,1,1,17:48,2,2,9
2023411325817,2023,411325817,1,1,3,2,64,9,3,5,1,0,0,0,0,5,E01023332,3,1,0.0,1.0,-1,6,20,1,1,1,15:25,4,1,9
2023101281189,2023,101281189,2,1,1,1,52,8,2,0,0,0,0,0,1,8,E01008527,6,1,1.0,0.0,-1,1,40,1,1,1,07:31,3,2,1
2023311338287,2023,311338287,2,1,1,1,-1,-1,3,0,0,0,0,0,1,-1,-1,3,1,0.0,1.0,-1,6,30,1,4,1,20:55,5,2,1
2023471321600,2023,471321600,2,1,1,1,42,7,3,0,0,0,0,0,1,7,E01016870,3,1,0.0,1.0,-1,6,20,1,1,1,17:22,4,2,1
2023101401973,2023,101401973,1,3,2,1,58,9,3,0,0,1,0,0,9,9,E01020692,3,1,0.0,1.0,-1,3,40,1,1,1,09:35,3,2,9
2023010426245,2023,010426245,1,1,1,2,32,6,2,0,0,0,0,0,3,2,E01000527,-1,0,1.0,0.0,-1,9,30,1,1,1,14:00,3,2,3
2023070548103,2023,070548103,1,1,1,2,49,8,3,0,0,0,0,0,9,10,E01018471,-1,0,0.03874,0.96126,-1,6,30,1,1,1,08:14,5,2,9
2023131290678,2023,131290678,1,2,2,2,30,6,3,0,0,1,0,0,9,1,E01011850,3,1,0.0,1.0,-1,3,70,1,1,1,18:42,1,2,9
2023010442449,2023,010442449,1,1,3,2,1,1,2,1,1,0,0,0,0,2,E01001620,-1,0,1.0,0.0,-1,6,30,1,1,1,15:04,5,2,5
2023010477057,2023,010477057,1,1,1,1,16,4,3,0,0,0,0,0,2,10,E01023949,-1,0,0.0,1.0,-1,6,30,1,1,2,09:16,6,2,2
2023061349902,2023,061349902,1,1,2,2,76,11,3,0,0,1,0,0,9,2,E01006274,3,1,0.0,1.0,-1,6,30,1,1,1,17:31,3,1,9
2023451371394,2023,451371394,1,1,1,1,49,8,3,0,0,0,0,0,9,7,E01021220,3,1,0.0,1.0,-1,6,30,1,4,2,17:30,2,2,9
2023302301911,2023,302301911,1,1,3,1,-1,-1,3,1,1,0,0,0,0,7,E01013489,-1,0,0.1506,0.8494,-1,6,30,5,4,2,18:31,7,1,9
2023361365304,2023,361365304,1,2,3,2,60,9,3,5,1,0,0,0,0,3,E01008895,3,1,0.0,1.0,-1,6,30,1,4,2,19:40,6,1,9
2023421263410,2023,421263410,1,1,3,1,35,6,3,9,8,0,0,0,0,5,E01002361,3,1,0.0,1.0,-1,6,30,1,1,2,16:25,7,1,9
2023052300450,2023,052300450,2,1,1,1,50,8,3,0,0,0,0,0,1,7,E01006623,-1,0,0.05337,0.94663,-1,1,30,1,1,1,10:23,4,2,1
2023010463631,2023,010463631,2,2,1,2,25,5,3,0,0,0,0,0,5,9,E01031615,-1,0,0.0,1.0,-1,3,40,1,1,1,08:40,7,2,5
2023070409998,2023,070409998,1,1,3,2,17,4,3,5,1,0,0,0,0,3,E01018497,-1,0,0.09722,0.90278,-1,6,30,1,1,1,09:25,2,1,9
2023522301566,2023,522301566,1,1,3,2,22,5,3,1,3,0,0,0,0,5,E01001381,-1,0,0.12724,0.87276,-1,6,20,1,4,1,00:09,7,1,8
2023010461202,2023,010461202,2,1,1,1,71,10,3,0,0,0,0,0,1,2,E01004233,-1,0,0.0,1.0,-1,1,20,1,1,1,11:00,6,2,1
2023061359578,2023,061359578,1,1,1,2,24,5,3,0,0,0,0,0,9,8,E01026347,3,1,0.0,1.0,-1,3,70,2,1,2,17:55,7,1,9
2023010461245,2023,010461245,1,1,2,2,-1,-1,3,0,0,0,9,0,11,-1,-1,-1,0,0.0,1.0,-1,6,20,1,4,1,03:20,6,1,11
2023421340241,2023,421340241,1,1,1,1,29,6,2,0,0,0,0,0,20,7,E01021679,7,1,1.0,0.0,-1,6,30,1,1,1,08:14,5,2,20
2023101381305,2023,101381305,2,1,1,1,35,6,3,0,0,0,0,0,1,-1,-1,3,1,0.0,1.0,-1,1,40,2,4,2,16:50,3,2,1