collision_index,collision_year,collision_ref_no,vehicle_reference,casualty_reference,casualty_class,sex_of_casualty,age_of_casualty,age_band_of_casualty,casualty_severity,pedestrian_location,pedestrian_movement,car_passenger,bus_or_coach_passenger,pedestrian_road_maintenance_worker,casualty_type,casualty_imd_decile,lsoa_of_casualty,enhanced_casualty_severity,casualty_injury_based,casualty_adjusted_severity_serious,casualty_adjusted_severity_slight,casualty_distance_banding,road_type,speed_limit,weather_conditions,light_conditions,road_surface_conditions,time,day_of_week,number_of_vehicles,vehicle_type
2023361362871,2023,361362871,2,1,1,1,62,9,2,0,0,0,0,0,1,-1,-1,7,1,1.0,0.0,-1,1,60,1,1,1,10:05,7,2,1
2023471329769,2023,471329769,3,1,1,1,75,10,2,0,0,0,0,0,1,9,E01031532,6,1,1.0,0.0,-1,6,30,1,1,1,15:10,5,3,1
2023340WN3982,2023,340WN3982,2,1,1,1,61,9,2,0,0,0,0,0,4,10,E01027298,-1,0,1.0,0.0,-1,6,40,8,1,1,16:30,3,2,4
2023071048366,2023,071048366,4,4,1,2,21,5,3,0,0,0,0,0,9,7,W01000275,-1,0,0.01651,0.98349,-1,3,70,1,1,2,08:43,3,6,9
2023131278566,2023,131278566,1,1,2,2,18,4,3,0,0,1,0,0,9,5,E01011269,3,1,0.0,1.0,-1,6,30,1,4,2,22:27,2,2,9
2023361306409,2023,361306409,1,2,2,2,43,7,2,0,0,1,0,0,9,6,E01026469,7,1,1.0,0.0,-1,6,30,1,1,1,19:41,5,2,9
2023440519186,2023,440519186,2,1,1,2,22,5,3,0,0,0,0,0,9,4,E01017342,-1,0,0.02283,0.97717,-1,6,50,1,4,1,16:24,4,2,9
2023471359957,2023,471359957,2,1,1,2,36,7,2,0,0,0,0,0,9,7,E01020943,7,1,1.0,0.0,-1,6,60,1,1,1,15:00,5,2,9
2023631364903,2023,631364903,1,1,1,1,21,5,2,0,0,0,0,0,9,2,W01000729,7,1,1.0,0.0,-1,6,40,2,6,2,21:25,5,2,9
2023010423562,2023,010423562,1,1,1,1,69,10,2,0,0,0,0,0,1,8,E01004557,-1,0,1.0,0.0,-1,6,20,1,4,2,00:33,5,1,1
2023451269001,2023,451269001,1,1,1,1,35,6,3,0,0,0,0,0,3,6,E01030737,3,1,0.0,1.0,-1,6,30,1,4,1,20:03,6,2,3
2023461321040,2023,461321040,2,1,1,1,38,7,3,0,0,0,0,0,3,2,E01024028,3,1,0.0,1.0,-1,6,30,1,1,1,14:10,7,2,3
2023010451957,2023,010451957,1,1,1,1,52,8,3,0,0,0,0,0,9,6,E01000069,-1,0,0.0,1.0,-1,6,20,1,1,1,19:20,3,2,9
2023041384859,2023,041384859,2,2,1,2,48,8,2,0,0,0,0,0,9,8,E01025547,6,1,1.0,0.0,-1,6,50,5,7,2,15:20,7,2,9
2023430292259,2023,430292259,2,1,1,2,20,4,3,0,0,0,0,0,9,-1,-1,-1,0,0.02191,0.97809,-1,6,30,1,1,1,16:50,1,2,9
2023311329202,2023,311329202,1,1,1,1,60,9,3,0,0,0,0,0,10,-1,-1,3,1,0.0,1.0,-1,3,50,1,1,1,10:13,5,2,10
2023461352222,2023,461352222,2,9,2,2,23,5,3,0,0,0,-1,0,11,8,E01024044,3,1,0.0,1.0,-1,6,30,1,1,1,14:40,6,3,11
2023501273525,2023,501273525,2,1,1,2,36,7,3,0,0,0,0,0,3,1,E01015151,3,1,0.0,1.0,-1,3,30,1,1,1,16:51,3,2,3
2023010477986,2023,010477986,1,2,2,2,31,6,3,0,0,1,0,0,9,3,E01002806,-1,0,0.0,1.0,-1,3,20,1,4,2,17:50,3,3,9
2023041363698,2023,041363698,1,1,1,1,70,10,3,0,0,0,0,0,9,8,E01011051,3,1,0.0,1.0,-1,6,30,1,1,1,14:00,2,2,9
2023070688496,2023,070688496,2,1,2,2,30,6,3,0,0,1,0,0,9,1,E01012424,-1,0,0.02985,0.97015,-1,3,50,1,1,1,14:00,7,2,9
2023131268782,2023,131268782,1,2,1,2,27,6,3,0,0,0,0,0,9,7,E01007381,3,1,0.0,1.0,-1,7,30,1,1,2,11:11,6,2,9
2023010437707,2023,010437707,1,1,3,2,4,1,3,10,9,0,0,0,0,5,E01021838,-1,0,0.0,1.0,-1,9,20,1,1,1,12:10,1,1,9
2023543857323,2023,543857323,2,1,1,1,17,4,3,0,0,0,0,0,3,7,E01015474,-1,0,0.14389,0.85611,-1,6,20,1,4,1,23:09,4,2,3
2023131392039,2023,131392039,3,5,1,1,39,7,3,0,0,0,0,0,9,3,E01011060,3,1,0.0,1.0,-1,3,30,2,4,2,17:35,1,3,9
2023440476891,2023,440476891,1,1,1,2,20,4,3,0,0,0,0,0,9,6,E01023013,-1,0,0.11114,0.88886,-1,6,60,1,6,1,19:20,3,1,9
2023041278783,2023,041278783,1,1,1,2,45,7,3,0,0,0,0,0,9,8,E01012581,3,1,0.0,1.0,-1,6,50,1,1,1,08:06,3,2,9
2023131378253,2023,131378253,2,1,1,1,71,10,2,0,0,0,0,0,9,2,E01011220,7,1,1.0,0.0,-1,6,30,1,4,1,19:09,5,2,9
2023161259728,2023,161259728,1,1,1,1,28,6,2,0,0,0,0,0,9,-1,-1,7,1,1.0,0.0,-1,6,30,1,4,1,17:50,4,3,9
2023471304803,2023,471304803,1,2,1,-1,-1,-1,2,0,0,0,0,0,9,-1,-1,7,1,1.0,0.0,-1,9,30,1,1,1,20:50,7,2,9
2023471384257,2023,471384257,2,1,1,1,40,7,3,0,0,0,0,0,9,9,E01031683,3,1,0.0,1.0,-1,6,60,1,6,2,19:15,5,2,9
2023546330823,2023,546330823,1,1,1,1,50,8,3,0,0,0,0,0,9,6,E01023199,-1,0,0.08037,0.91963,-1,6,50,1,1,1,16:08,6,2,9
2023401341388,2023,401341388,1,1,1,1,30,6,3,0,0,0,0,0,19,5,E01017525,3,1,0.0,1.0,-1,3,70,1,6,1,02:30,3,1,19
2023451383514,2023,451383514,1,1,1,2,17,4,3,0,0,0,0,0,9,8,E01030538,3,1,0.0,1.0,-1,6,40,1,1,2,14:55,4,1,9
2023010424839,2023,010424839,1,1,1,2,25,5,2,0,0,0,0,0,1,7,E01004473,-1,0,1.0,0.0,-1,6,30,1,1,1,16:55,3,2,1
2023201379776,2023,201379776,1,1,1,1,-1,-1,2,0,0,0,0,0,1,-1,-1,7,1,1.0,0.0,-1,6,30,8,1,1,08:30,5,2,1
2023440368699,2023,440368699,2,1,1,1,53,8,3,0,0,0,0,0,1,3,E01022902,-1,0,0.13307,0.86693,-1,1,30,2,1,2,12:58,1,2,1
2023041304458,2023,041304458,2,2,1,1,33,6,3,0,0,0,0,0,9,8,E01006232,3,1,0.0,1.0,-1,6,30,1,1,1,18:03,4,2,9
2023421341085,2023,421341085,2,3,1,1,41,7,3,0,0,0,0,0,9,8,E01033144,3,1,0.0,1.0,-1,3,70,1,6,1,21:51,7,3,9
2023010475582,2023,010475582,1,1,1,1,26,6,3,0,0,0,0,0,9,3,E01000506,-1,0,0.0,1.0,-1,7,30,1,1,1,10:45,7,2,9
2023052300117,2023,052300117,1,1,1,2,18,4,3,0,0,0,0,0,9,7,E01007267,-1,0,0.02646,0.97354,-1,6,30,2,1,2,13:00,4,2,9
2023501321781,2023,501321781,1,1,1,2,48,8,3,0,0,0,0,0,9,6,E01025925,3,1,0.0,1.0,-1,6,60,1,1,1,21:19,5,2,9
2023010459491,2023,010459491,1,1,3,2,33,6,3,10,9,0,0,0,0,-1,-1,-1,0,0.0,1.0,-1,2,20,9,1,1,14:30,2,1,9
2023340NN4562,2023,340NN4562,1,1,3,2,44,7,3,6,9,0,0,0,0,-1,-1,-1,0,0.05155,0.94845,-1,6,30,1,1,1,08:32,4,1,9
2023421378983,2023,421378983,1,1,2,2,29,6,3,0,0,1,0,0,9,6,E01021761,3,1,0.0,1.0,-1,6,40,1,6,2,21:07,5,2,9
2023520000604,2023,520000604,1,1,1,2,81,11,3,0,0,0,0,0,9,9,E01014467,-1,0,0.0191,0.9809,-1,9,20,1,1,1,10:25,1,1,9
2023361360051,2023,361360051,1,2,2,1,23,5,3,0,0,0,0,0,19,1,E01026833,3,1,0.0,1.0,-1,6,60,1,1,1,11:45,3,2,19
2023010426808,2023,010426808,1,2,2,2,40,7,3,0,0,2,0,0,9,5,E01000567,-1,0,0.0,1.0,-1,6,30,1,4,1,19:15,1,2,9
2023340NN4392,2023,340NN4392,1,1,1,2,37,7,3,0,0,0,0,0,9,-1,-1,-1,0,0.03387,0.96613,-1,6,30,1,1,2,10:25,6,2,9
2023991375489,2023,991375489,1,1,1,1,46,8,2,0,0,0,0,0,9,6,-1,6,1,1.0,0.0,-1,6,60,2,6,2,18:50,5,2,9
2023340WN5162,2023,340WN5162,1,1,3,2,40,7,2,8,1,0,0,0,0,-1,-1,-1,0,1.0,0.0,-1,6,30,1,1,1,08:30,4,1,9
2023010483439,2023,010483439,2,1,1,1,50,8,3,0,0,0,0,0,1,3,E01001465,-1,0,0.0,1.0,-1,6,30,1,4,1,19:37,2,2,1
2023131306811,2023,131306811,1,1,1,1,44,7,3,0,0,0,0,0,3,2,E01011251,3,1,0.0,1.0,-1,6,40,1,1,1,17:55,4,2,3
2023451307059,2023,451307059,1,1,1,1,59,9,3,0,0,0,0,0,9,9,E01030836,3,1,0.0,1.0,-1,6,30,1,4,1,00:15,1,3,9
2023552300882,2023,552300882,2,2,1,1,29,6,3,0,0,0,0,0,19,7,E01014826,-1,0,0.01726,0.98274,-1,6,60,1,1,1,12:51,7,2,19
2023131284656,2023,131284656,1,1,3,1,6,2,3,8,4,0,0,2,0,1,E01010732,3,1,0.0,1.0,-1,6,30,3,1,2,15:34,4,1,9
2023610039123,2023,610039123,1,1,1,1,63,9,2,0,0,0,0,0,1,5,W01001557,-1,0,1.0,0.0,-1,6,40,1,1,1,17:33,6,2,1
2023991289640,2023,991289640,2,1,2,1,62,9,3,0,0,2,0,0,8,8,-1,3,1,0.0,1.0,-1,6,30,5,4,2,20:00,4,2,8
2023052300535,2023,052300535,2,2,1,1,31,6,3,0,0,0,0,0,9,5,E01012400,-1,0,0.04605,0.95395,-1,3,40,1,1,1,15:00,7,2,9
2023440170477,2023,440170477,2,4,2,2,27,6,3,0,0,2,0,0,9,6,E01017029,-1,0,0.12175,0.87825,-1,3,70,1,1,1,17:01,2,3,9
202360A166458,2023,60A166458,1,1,2,2,36,7,2,0,0,1,0,0,9,-1,-1,-1,0,1.0,0.0,-1,6,20,1,1,1,09:42,3,1,9
2023010465062,2023,010465062,2,1,1,1,34,6,3,0,0,0,0,0,1,4,E01003117,-1,0,0.0,1.0,-1,6,30,1,1,1,17:21,6,2,1
2023141357821,2023,141357821,2,1,1,1,55,8,1,0,0,0,0,0,1,10,E01007957,1,1,0.0,0.0,-1,6,30,1,1,1,18:05,6,2,1
2023401263712,2023,401263712,2,1,1,1,14,3,2,0,0,0,0,0,1,4,E01017475,7,1,1.0,0.0,-1,6,30,1,1,1,08:26,6,2,1
2023531354674,2023,531354674,1,1,1,1,28,6,3,0,0,0,0,0,3,-1,-1,3,1,0.0,1.0,-1,6,60,1,6,1,23:50,2,1,3
2023010445919,2023,010445919,1,1,1,1,22,5,3,0,0,0,0,0,9,4,E01023899,-1,0,0.0,1.0,-1,3,70,1,4,1,22:08,2,3,9
2023041384324,2023,041384324,2,1,1,2,22,5,3,0,0,0,0,0,9,1,E01012672,3,1,0.0,1.0,-1,3,30,1,1,2,08:50,6,2,9
2023141319187,2023,141319187,2,2,2,1,49,8,3,0,0,1,0,0,9,-1,-1,3,1,0.0,1.0,-1,7,70,1,1,1,05:00,5,2,9
2023161344417,2023,161344417,1,4,2,1,11,3,3,0,0,2,0,0,9,1,E01013080,3,1,0.0,1.0,-1,6,60,2,6,2,21:50,2,1,9
2023311330598,2023,311330598,2,1,1,1,52,8,3,0,0,0,0,0,-1,1,E01013921,3,1,0.0,1.0,-1,6,30,1,1,1,18:00,1,2,-1
2023010462598,2023,010462598,2,1,1,1,26,6,3,0,0,0,0,0,3,5,E01002488,-1,0,0.0,1.0,-1,6,20,1,4,2,23:49,7,2,3
2023131343043,2023,131343043,2,1,1,2,69,10,2,0,0,0,0,0,9,7,E01031357,6,1,1.0,0.0,-1,6,20,1,1,1,15:27,5,2,9
2023131375095,2023,131375095,1,1,2,2,25,5,3,0,0,1,0,0,9,2,E01011726,3,1,0.0,1.0,-1,6,30,2,4,2,17:23,4,3,9
2023430353532,2023,430353532,2,2,2,2,-1,-1,3,0,0,1,0,0,9,1,E01013876,-1,0,0.00941,0.99059,-1,3,70,2,1,2,13:40,3,2,9
2023101326545,2023,101326545,1,1,3,2,71,10,3,9,9,0,0,0,0,-1,-1,3,1,0.0,1.0,-1,6,30,8,7,1,04:28,5,1,9
2023311302440,2023,311302440,2,1,1,1,27,6,2,0,0,0,0,0,4,8,E01028052,7,1,1.0,0.0,-1,6,30,1,1,1,15:30,6,2,4
2023041342441,2023,041342441,2,1,1,2,56,9,2,0,0,0,0,0,9,8,E01012612,6,1,1.0,0.0,-1,6,20,1,1,1,17:56,4,2,9
2023332300417,2023,332300417,1,4,2,2,17,4,3,0,0,2,0,0,9,7,E01025937,-1,0,0.00166,0.99834,-1,6,30,2,1,2,19:20,5,2,9
2023131273023,2023,131273023,2,1,1,1,58,9,3,0,0,0,0,0,19,9,E01011812,3,1,0.0,1.0,-1,6,30,1,4,1,21:00,2,2,19
2023010453818,2023,010453818,1,1,2,2,42,7,3,0,0,1,0,0,9,6,E01023723,-1,0,0.0,1.0,-1,3,70,1,1,1,17:51,6,6,9
2023070438218,2023,070438218,1,1,1,1,56,9,2,0,0,0,0,0,9,3,E01014240,-1,0,1.0,0.0,-1,6,30,1,1,1,10:41,3,2,9
2023461380480,2023,461380480,1,1,1,2,24,5,3,0,0,0,0,0,9,2,E01033090,3,1,0.0,1.0,-1,6,60,1,6,2,16:47,6,2,9
2023010439440,2023,010439440,1,1,3,1,51,8,3,9,7,0,0,0,0,5,E01000443,-1,0,0.0,1.0,-1,2,20,1,1,1,18:20,3,1,9
2023052300126,2023,052300126,1,1,3,1,62,9,3,5,1,0,0,0,0,1,E01006562,-1,0,0.19328,0.80672,-1,6,30,1,1,1,14:00,7,1,1
2023010483511,2023,010483511,1,1,1,1,24,5,3,0,0,0,0,0,9,4,E01003683,-1,0,0.0,1.0,-1,6,20,5,4,4,23:22,1,1,9
2023052302143,2023,052302143,1,1,1,2,91,11,2,0,0,0,0,0,9,7,E01006668,-1,0,1.0,0.0,-1,3,40,1,1,1,09:15,2,1,9
2023320744732,2023,320744732,1,1,2,1,12,3,3,0,0,2,0,0,9,-1,-1,-1,0,0.02514,0.97486,-1,6,30,2,1,2,14:34,1,2,9
2023430413379,2023,430413379,1,1,1,1,27,6,3,0,0,0,0,0,9,4,E01016514,-1,0,0.04747,0.95253,-1,1,30,1,1,1,21:45,5,2,9
2023991356912,2023,991356912,1,1,2,1,35,6,2,0,0,2,0,0,9,10,-1,7,1,1.0,0.0,-1,6,60,1,1,2,09:41,4,1,9
2023161349041,2023,161349041,1,3,2,2,14,3,3,0,0,0,4,0,11,-1,-1,3,1,0.0,1.0,-1,6,30,1,1,1,15:17,4,2,11
2023010423436,2023,010423436,1,1,3,2,60,9,2,1,3,0,0,0,0,-1,-1,-1,0,1.0,0.0,-1,6,20,1,1,1,11:57,4,1,9
2023010469663,2023,010469663,1,1,1,2,35,6,3,0,0,0,0,0,9,6,E01024005,-1,0,0.0,1.0,-1,6,20,1,1,1,15:25,2,2,9
2023010476417,2023,010476417,1,3,2,-1,-1,-1,3,0,0,2,0,0,9,-1,-1,-1,0,0.0,1.0,-1,3,30,1,1,1,08:09,6,2,9
2023461389918,2023,461389918,1,1,1,2,50,8,2,0,0,0,0,0,9,5,E01016088,7,1,1.0,0.0,-1,6,30,1,1,1,06:45,6,2,9
2023461391613,2023,461391613,1,1,2,2,16,4,3,0,0,-1,0,0,8,2,E01001136,3,1,0.0,1.0,-1,3,70,1,6,1,00:17,7,1,8
2023131366293,2023,131366293,1,3,2,2,20,4,2,0,0,2,0,0,9,1,E01010833,6,1,1.0,0.0,-1,6,30,2,1,2,06:12,3,2,9
2023991365426,2023,991365426,2,2,1,2,58,9,3,0,0,0,0,0,9,7,-1,3,1,0.0,1.0,-1,6,30,2,1,2,13:25,7,2,9
2023010470267,2023,010470267,1,1,3,1,29,6,3,10,9,0,0,0,0,10,E01028459,-1,0,0.0,1.0,-1,6,20,1,1,1,07:36,6,2,11
2023311259441,2023,311259441,1,2,3,1,36,7,3,1,1,0,0,0,0,3,E01028011,3,1,0.0,1.0,-1,6,30,1,1,2,09:38,4,1,9
2023430048499,2023,430048499,1,1,2,1,41,7,3,0,0,2,0,0,8,4,E01016207,-1,0,0.00561,0.99439,-1,6,30,1,1,1,08:17,4,1,8
2023041302464,2023,041302464,3,1,2,2,24,5,3,0,0,1,0,0,9,1,E01024875,3,1,0.0,1.0,-1,6,30,1,1,1,14:27,6,4,9
2023440447866,2023,440447866,2,1,2,1,31,6,3,0,0,1,0,0,9,6,E01022824,-1,0,0.02597,0.97403,-1,3,40,4,1,2,07:33,5,3,9
2023546608123,2023,546608123,1,1,1,1,27,6,2,0,0,0,0,0,23,-1,-1,-1,0,1.0,0.0,-1,6,30,8,1,1,14:23,6,1,23
2023010429171,2023,010429171,1,2,3,1,11,3,2,5,4,0,0,0,0,4,E01001503,-1,0,1.0,0.0,-1,3,30,1,4,1,21:44,7,1,3
2023131311372,2023,131311372,1,1,3,2,35,6,3,6,9,0,0,2,0,9,E01011773,3,1,0.0,1.0,-1,6,30,1,1,1,08:32,3,1,9
2023201422869,2023,201422869,1,3,2,1,7,2,3,0,0,2,0,0,9,6,E01010536,3,1,0.0,1.0,-1,6,30,1,1,1,12:58,1,3,9
2023361360057,2023,361360057,2,1,1,2,36,7,3,0,0,0,0,0,9,2,E01033436,3,1,0.0,1.0,-1,6,40,1,1,1,08:40,6,3,9
2023010474966,2023,010474966,1,1,3,2,11,3,3,10,9,0,0,0,0,2,E01001143,-1,0,0.0,1.0,-1,6,30,1,1,1,15:27,2,1,9
2023201393238,2023,201393238,2,2,2,2,32,6,3,0,0,1,0,0,9,2,E01010508,3,1,0.0,1.0,-1,1,30,2,4,2,01:49,1,2,9
2023061292511,2023,061292511,1,1,3,1,7,2,2,5,1,0,0,0,0,-1,-1,5,1,1.0,0.0,-1,6,30,1,1,1,18:22,5,1,9
2023071212114,2023,071212114,1,1,3,2,15,3,3,10,1,0,0,0,0,-1,-1,-1,0,0.05595,0.94405,-1,6,30,1,1,4,08:00,6,1,9
2023371277205,2023,371277205,2,1,1,1,64,9,2,0,0,0,0,0,1,1,E01030250,5,1,1.0,0.0,-1,1,30,7,4,2,05:58,4,2,1
2023141286804,2023,141286804,2,2,2,2,11,3,3,0,0,2,0,0,9,4,E01007587,3,1,0.0,1.0,-1,6,40,1,4,2,18:06,3,3,9
2023320382404,2023,320382404,1,1,1,1,77,11,3,0,0,0,0,0,9,6,E01026331,-1,0,0.13476,0.86524,-1,3,60,1,1,1,09:50,4,1,9
2023622300531,2023,622300531,2,2,1,1,57,9,3,0,0,0,0,0,19,10,E01029310,-1,0,0.02617,0.97383,-1,3,50,1,1,1,13:22,5,2,19
2023010446432,2023,010446432,2,1,1,2,8,2,3,0,0,0,0,0,1,3,E01002058,-1,0,0.0,1.0,-1,6,20,1,1,1,19:50,5,2,1
2023010434010,2023,010434010,1,1,1,1,39,7,3,0,0,0,0,0,9,4,E01000558,-1,0,0.0,1.0,-1,3,30,2,1,2,10:27,6,2,9
2023010462686,2023,010462686,1,2,2,-1,-1,-1,3,0,0,1,0,0,9,3,E01023954,-1,0,0.0,1.0,-1,1,20,1,1,1,17:30,1,2,9
2023430075810,2023,430075810,1,3,1,2,18,4,3,0,0,0,0,0,9,7,E01015574,-1,0,0.05287,0.94713,-1,6,50,1,1,1,14:35,7,2,9
2023501265876,2023,501265876,2,1,1,2,40,7,3,0,0,0,0,0,9,1,E01019041,3,1,0.0,1.0,-1,6,60,2,1,2,08:40,6,2,9
2023031312327,2023,031312327,1,2,1,2,70,10,1,0,0,0,0,0,1,9,E01019328,1,1,0.0,0.0,-1,6,60,1,1,1,10:30,1,2,1
2023221303818,2023,221303818,1,1,2,2,21,5,3,0,0,1,0,0,9,-1,-1,3,1,0.0,1.0,-1,6,30,1,6,2,01:19,1,1,9
2023311305479,2023,311305479,1,1,1,2,19,4,3,0,0,0,0,0,9,2,E01027958,3,1,0.0,1.0,-1,3,50,2,1,2,16:18,3,2,9
2023461375783,2023,461375783,2,2,2,2,27,6,3,0,0,1,0,0,9,4,E01016164,3,1,0.0,1.0,-1,6,30,5,1,2,08:10,4,2,9
2023451352176,2023,451352176,1,1,1,1,55,8,3,0,0,0,0,0,1,9,E01030510,3,1,0.0,1.0,-1,6,30,1,1,1,08:45,4,2,1
2023111335631,2023,111335631,1,1,1,2,52,8,3,0,0,0,0,0,9,1,E01020673,3,1,0.0,1.0,-1,6,30,8,1,2,06:12,4,2,9
2023201415178,2023,201415178,1,1,1,1,42,7,3,0,0,0,0,0,9,1,E01010366,3,1,0.0,1.0,-1,6,30,1,1,1,11:15,3,2,9
2023320570859,2023,320570859,2,2,1,1,34,6,2,0,0,0,0,0,9,3,E01026032,-1,0,1.0,0.0,-1,6,60,1,1,1,18:10,4,2,9
2023471340959,2023,471340959,2,1,1,1,19,4,3,0,0,0,0,0,9,3,E01031492,3,1,0.0,1.0,-1,3,70,1,1,1,14:48,5,2,9
2023371368785,2023,371368785,2,2,2,2,68,10,3,0,0,0,4,0,11,1,E01030277,3,1,0.0,1.0,-1,6,30,1,1,1,14:35,7,2,11
2023010454965,2023,010454965,1,1,3,1,60,9,3,1,3,0,0,0,0,9,E01030672,-1,0,0.0,1.0,-1,2,20,1,1,1,10:56,5,1,9
2023201384009,2023,201384009,1,1,3,1,10,2,2,5,3,0,0,0,0,5,E01009905,7,1,1.0,0.0,-1,6,30,9,4,2,16:35,4,1,9
2023061347328,2023,061347328,2,2,1,1,14,3,2,0,0,0,0,0,1,3,E01005210,7,1,1.0,0.0,-1,3,30,1,1,1,14:35,5,2,1
2023041361760,2023,041361760,2,1,1,2,20,4,2,0,0,0,0,0,9,2,E01025290,7,1,1.0,0.0,-1,6,30,1,1,1,08:13,3,2,9
2023371281441,2023,371281441,1,1,2,2,60,9,3,0,0,1,0,0,9,6,E01029907,3,1,0.0,1.0,-1,1,30,1,1,2,07:04,2,2,9
202354D536823,2023,54D536823,1,1,1,2,52,8,3,0,0,0,0,0,9,8,E01032016,-1,0,0.05405,0.94595,-1,6,60,1,6,2,16:30,5,2,9
2023622300259,2023,622300259,1,1,1,1,34,6,3,0,0,0,0,0,9,3,W01001302,-1,0,0.02877,0.97123,-1,6,30,1,1,1,09:14,3,2,9
2023131390854,2023,131390854,2,1,1,1,54,8,2,0,0,0,0,0,1,5,E01011749,7,1,1.0,0.0,-1,6,30,4,4,2,05:30,5,2,1
2023010475627,2023,010475627,1,1,1,1,25,5,3,0,0,0,0,0,3,3,E01024149,-1,0,0.0,1.0,-1,1,50,1,1,1,08:30,6,2,3
2023041331550,2023,041331550,2,2,2,2,0,1,3,0,0,2,0,0,9,2,E01012621,3,1,0.0,1.0,-1,6,30,1,1,1,16:43,4,2,9
2023430308793,2023,430308793,1,1,1,2,18,4,3,0,0,0,0,0,9,3,E01017723,-1,0,0.00815,0.99185,-1,1,30,1,4,1,22:50,2,2,9
2023311373267,2023,311373267,1,1,1,1,21,5,3,0,0,0,0,0,-1,-1,-1,3,1,0.0,1.0,-1,6,30,1,1,1,08:50,4,1,-1
2023221268298,2023,221268298,1,1,1,2,36,7,3,0,0,0,0,0,9,6,E01028971,3,1,0.0,1.0,-1,6,60,1,1,4,08:50,5,2,9
2023332301261,2023,332301261,2,1,1,2,52,8,3,0,0,0,0,0,9,3,E01013732,-1,0,0.0263,0.9737,-1,6,30,1,4,1,20:46,1,2,9
2023430370947,2023,430370947,1,2,2,1,35,6,3,0,0,1,0,0,9,-1,-1,-1,0,0.11586,0.88414,-1,6,30,1,4,1,04:48,7,1,9
2023471325087,2023,471325087,1,1,2,2,38,7,3,0,0,1,0,0,9,3,E01031444,3,1,0.0,1.0,-1,6,50,1,4,1,23:05,1,2,9
2023010468000,2023,010468000,1,1,1,2,50,8,3,0,0,0,0,0,9,5,E01004616,-1,0,0.0,1.0,-1,6,20,1,1,1,12:30,1,2,9
2023010476425,2023,010476425,2,1,1,1,31,6,2,0,0,0,0,0,1,6,E01003261,-1,0,1.0,0.0,-1,6,20,1,1,1,09:30,3,2,1
2023061341447,2023,061341447,1,1,3,1,9,2,3,5,3,0,0,0,0,4,E01005327,3,1,0.0,1.0,-1,6,30,1,1,1,17:20,5,1,9
2023031299961,2023,031299961,1,1,1,1,83,11,3,0,0,0,0,0,9,-1,-1,3,1,0.0,1.0,-1,6,30,1,1,1,19:07,1,1,9
2023161338338,2023,161338338,1,2,2,1,18,4,3,0,0,1,0,0,9,9,E01013121,3,1,0.0,1.0,-1,6,60,2,6,2,21:28,6,1,9
2023340NN1632,2023,340NN1632,2,2,1,2,36,7,3,0,0,0,0,0,9,2,E01027128,-1,0,0.04842,0.95158,-1,6,60,1,1,2,09:05,6,4,9
2023471384257,2023,471384257,2,2,2,2,40,7,3,0,0,1,0,0,9,9,E01031683,3,1,0.0,1.0,-1,6,60,1,6,2,19:15,5,2,9
2023531327064,2023,531327064,2,2,2,1,61,9,3,0,0,1,0,0,9,10,E01022354,3,1,0.0,1.0,-1,6,40,9,1,1,21:00,4,2,9
2023552300591,2023,552300591,2,1,1,1,23,5,3,0,0,0,0,0,-1,10,E01017063,-1,0,0.05672,0.94328,-1,6,30,1,1,1,18:22,7,2,-1
2023451316050,2023,451316050,1,1,1,1,27,6,3,0,0,0,0,0,9,7,E01017416,3,1,0.0,1.0,-1,3,50,1,1,1,14:00,4,2,9
2023631366663,2023,631366663,1,2,1,1,27,6,2,0,0,0,0,0,9,4,W01000646,5,1,1.0,0.0,-1,6,50,2,6,2,22:45,3,2,9
2023631368495,2023,631368495,1,1,1,2,84,11,3,0,0,0,0,0,9,10,W01000512,3,1,0.0,1.0,-1,6,20,1,1,2,09:45,1,2,9
2023010429470,2023,010429470,1,1,1,1,67,10,3,0,0,0,0,0,1,4,E01000580,-1,0,0.0,1.0,-1,6,20,1,1,1,15:00,2,2,1
2023440363479,2023,440363479,2,2,1,1,53,8,3,0,0,0,0,0,21,6,E01015881,-1,0,0.07343,0.92657,-1,6,30,1,1,1,08:12,5,3,21
2023461367199,2023,461367199,2,1,1,2,34,6,3,0,0,0,0,0,19,1,E01000720,3,1,0.0,1.0,-1,1,30,1,1,2,11:05,4,2,19
2023010466945,2023,010466945,1,1,1,2,42,7,3,0,0,0,0,0,1,3,E01002580,-1,0,0.0,1.0,-1,6,30,1,1,1,07:10,3,2,1
2023122300515,2023,122300515,2,1,1,1,71,10,1,0,0,0,0,0,1,8,E01027588,-1,0,0.0,0.0,-1,6,60,1,1,1,14:31,4,2,1
2023401351227,2023,401351227,1,1,1,1,48,8,3,0,0,0,0,0,1,-1,-1,3,1,0.0,1.0,-1,6,30,1,1,1,18:02,1,1,1
2023010451076,2023,010451076,2,1,1,1,-1,-1,3,0,0,0,0,0,9,4,E01003666,-1,0,0.0,1.0,-1,6,30,1,4,1,01:16,7,2,9
2023302301277,2023,302301277,2,2,2,2,32,6,3,0,0,1,0,0,9,1,E01013568,-1,0,0.04359,0.95641,-1,6,30,1,4,1,23:10,5,2,9
2023461278324,2023,461278324,1,1,1,2,17,4,3,0,0,0,0,0,9,7,E01024804,3,1,0.0,1.0,-1,6,30,1,1,2,05:38,2,1,9
2023141266428,2023,141266428,2,1,1,1,58,9,3,0,0,0,0,0,9,9,E01013251,3,1,0.0,1.0,-1,6,40,1,6,4,21:19,7,3,9