collision_index,collision_year,collision_ref_no,vehicle_reference,casualty_reference,casualty_class,sex_of_casualty,age_of_casualty,age_band_of_casualty,casualty_severity,pedestrian_location,pedestrian_movement,car_passenger,bus_or_coach_passenger,pedestrian_road_maintenance_worker,casualty_type,casualty_imd_decile,lsoa_of_casualty,enhanced_casualty_severity,casualty_injury_based,casualty_adjusted_severity_serious,casualty_adjusted_severity_slight,casualty_distance_banding,road_type,speed_limit,weather_conditions,light_conditions,road_surface_conditions,time,day_of_week,number_of_vehicles,vehicle_type
2023351379307,2023,351379307,1,1,1,1,74,10,2,0,0,0,0,0,9,2,E01026716,7,1,1.0,0.0,-1,6,60,1,1,1,09:52,3,2,9
2023430312627,2023,430312627,1,1,1,2,74,10,3,0,0,0,0,0,9,8,E01016595,-1,0,0.08281,0.91719,-1,6,30,2,1,2,16:39,6,2,9
2023440010851,2023,440010851,2,1,1,2,24,5,2,0,0,0,0,0,9,8,E01022651,-1,0,1.0,0.0,-1,6,30,1,1,1,14:37,2,2,9
2023451262179,2023,451262179,1,1,1,1,43,7,3,0,0,0,0,0,9,9,E01030715,3,1,0.0,1.0,-1,6,30,5,4,1,17:10,4,2,9
2023070599045,2023,070599045,1,1,3,1,15,3,3,5,3,0,0,0,0,9,E01018405,-1,0,0.03805,0.96195,-1,6,30,2,1,2,16:15,2,1,9
2023361371012,2023,361371012,1,1,3,2,68,10,2,9,7,0,0,0,0,-1,-1,7,1,1.0,0.0,-1,6,60,1,1,2,15:45,1,1,9
2023061355037,2023,061355037,2,1,1,1,32,6,3,0,0,0,0,0,1,1,E01004848,3,1,0.0,1.0,-1,6,30,1,1,1,12:20,5,2,1
2023361333166,2023,361333166,2,1,1,2,35,6,2,0,0,0,0,0,3,1,E01026622,7,1,1.0,0.0,-1,6,30,1,1,1,12:35,5,2,3
2023010485878,2023,010485878,1,2,2,1,-1,-1,3,0,0,1,0,0,9,3,E01004262,-1,0,0.0,1.0,-1,7,30,1,1,1,12:48,1,1,9
2023221291605,2023,221291605,1,1,1,2,29,6,3,0,0,0,0,0,9,1,E01032245,3,1,0.0,1.0,-1,6,30,1,1,1,15:26,2,2,9
2023411328125,2023,411328125,2,2,1,1,73,10,3,0,0,0,0,0,9,9,E01023291,3,1,0.0,1.0,-1,6,40,1,1,1,13:00,1,3,9
2023451327306,2023,451327306,1,1,1,1,25,5,3,0,0,0,0,0,9,8,E01030659,3,1,0.0,1.0,-1,3,30,1,1,1,15:46,7,2,9
2023010431081,2023,010431081,1,1,3,2,56,9,3,1,1,0,0,0,0,3,E01000961,-1,0,0.0,1.0,-1,6,20,1,4,1,18:05,4,1,9
2023320120613,2023,320120613,1,1,1,1,28,6,3,0,0,0,0,0,1,8,E01032996,-1,0,0.14344,0.85656,-1,6,30,8,1,1,17:50,6,2,1
2023302301385,2023,302301385,1,1,1,1,48,8,2,0,0,0,0,0,4,10,E01019860,-1,0,1.0,0.0,-1,6,50,1,1,1,19:00,4,1,4
2023461307598,2023,461307598,1,1,1,2,22,5,3,0,0,0,0,0,9,-1,-1,3,1,0.0,1.0,-1,3,70,1,1,1,14:14,5,2,9
2023010431340,2023,010431340,1,1,1,1,41,7,3,0,0,0,0,0,1,6,E01004174,-1,0,0.0,1.0,-1,6,20,1,4,2,05:50,6,2,1
2023010430329,2023,010430329,2,1,1,1,33,6,2,0,0,0,0,0,9,5,E01016116,-1,0,1.0,0.0,-1,6,30,1,4,1,00:40,7,3,9
2023010461401,2023,010461401,1,1,2,2,37,7,3,0,0,1,0,0,9,9,E01003478,-1,0,0.0,1.0,-1,6,20,1,1,1,16:40,7,2,9
2023451271679,2023,451271679,1,1,1,1,71,10,2,0,0,0,0,0,9,10,E01022856,6,1,1.0,0.0,-1,6,40,1,6,2,22:24,5,2,9
2023631322032,2023,631322032,1,1,1,2,80,11,3,0,0,0,0,0,9,8,E01032680,3,1,0.0,1.0,-1,6,60,1,1,2,13:30,6,1,9
2023991280014,2023,991280014,1,1,1,1,23,5,3,0,0,0,0,0,9,2,-1,3,1,0.0,1.0,-1,6,30,1,4,1,18:45,5,4,9
2023010427284,2023,010427284,1,1,1,1,25,5,3,0,0,0,0,0,5,3,E01004270,-1,0,0.0,1.0,-1,6,20,1,1,1,08:20,4,2,5
2023070882793,2023,070882793,2,1,1,1,48,8,3,0,0,0,0,0,5,9,E01018669,-1,0,0.13494,0.86506,-1,6,50,1,1,-1,07:41,6,2,5
2023451272536,2023,451272536,2,1,1,2,35,6,3,0,0,0,0,0,9,6,E01001016,3,1,0.0,1.0,-1,6,30,1,1,1,14:30,1,2,9
2023501380942,2023,501380942,1,1,1,2,45,7,3,0,0,0,0,0,9,1,E01015088,3,1,0.0,1.0,-1,6,30,3,1,2,08:45,5,2,9
2023041341218,2023,041341218,2,3,1,2,19,4,2,0,0,0,0,0,9,4,E01025198,6,1,1.0,0.0,-1,6,50,1,1,1,15:51,1,2,9
2023131273051,2023,131273051,1,1,1,1,35,6,2,0,0,0,0,0,9,1,E01010924,7,1,1.0,0.0,-1,6,30,1,4,1,00:37,3,1,9
2023340NN2602,2023,340NN2602,2,1,1,1,87,11,3,0,0,0,0,0,9,5,E01018187,-1,0,0.18251,0.81749,-1,3,70,1,6,1,00:15,5,2,9
2023371361105,2023,371361105,1,1,1,2,25,5,3,0,0,0,0,0,9,6,E01029930,3,1,0.0,1.0,-1,6,30,1,1,1,11:44,4,2,9
2023451309084,2023,451309084,1,1,1,2,40,7,3,0,0,0,0,0,9,10,E01030990,3,1,0.0,1.0,-1,6,30,1,1,1,16:25,5,2,9
2023430124958,2023,430124958,2,1,1,1,44,7,3,0,0,0,0,0,1,9,E01016790,-1,0,0.21206,0.78794,-1,3,40,1,1,1,05:47,3,2,1
2023522301249,2023,522301249,1,1,1,1,14,3,3,0,0,0,0,0,1,7,E01014535,-1,0,0.03932,0.96068,-1,6,20,1,1,1,08:30,5,2,1
2023552301168,2023,552301168,1,1,1,2,25,5,2,0,0,0,0,0,3,7,E01015297,-1,0,1.0,0.0,-1,6,30,1,1,1,08:16,4,2,3
2023311354269,2023,311354269,1,1,1,1,17,4,2,0,0,0,0,0,97,-1,-1,5,1,1.0,0.0,-1,6,30,1,1,1,16:45,2,2,97
2023131381807,2023,131381807,3,1,1,1,24,5,3,0,0,0,0,0,1,8,E01011684,3,1,0.0,1.0,-1,6,30,1,1,2,14:52,7,4,1
2023161272048,2023,161272048,2,1,1,1,59,9,3,0,0,0,0,0,1,3,E01013319,3,1,0.0,1.0,-1,6,30,1,1,1,15:00,2,2,1
2023010486398,2023,010486398,1,1,1,1,26,6,3,0,0,0,0,0,3,5,E01000516,-1,0,0.0,1.0,-1,3,30,2,4,2,20:35,5,2,3
2023141354567,2023,141354567,1,1,1,2,39,7,2,0,0,0,0,0,9,-1,-1,7,1,1.0,0.0,-1,6,30,1,1,2,17:43,4,2,9
2023201426466,2023,201426466,2,3,2,2,22,5,3,0,0,2,0,0,9,5,E01009290,3,1,0.0,1.0,-1,6,30,1,4,2,04:50,1,2,9
2023451272344,2023,451272344,1,1,1,1,66,10,3,0,0,0,0,0,9,10,E01030967,3,1,0.0,1.0,-1,6,30,1,1,1,09:33,7,2,9
2023552300215,2023,552300215,2,1,1,2,71,10,3,0,0,0,0,0,9,6,E01020453,-1,0,0.07841,0.92159,-1,6,60,1,1,1,14:44,5,2,9
2023552301076,2023,552301076,2,2,1,1,36,7,3,0,0,0,0,0,9,10,E01020420,-1,0,0.04746,0.95254,-1,6,60,1,1,1,11:13,2,2,9
2023522300614,2023,522300614,2,2,1,1,20,4,3,0,0,0,0,0,19,9,E01014430,-1,0,0.04255,0.95745,-1,6,60,4,6,4,20:50,2,2,19
2023991309049,2023,991309049,2,2,2,2,20,4,3,0,0,0,0,0,19,6,-1,3,1,0.0,1.0,-1,6,60,1,1,1,16:50,4,2,19
2023371280826,2023,371280826,1,1,3,1,13,3,2,5,4,0,0,0,0,6,E01029983,7,1,1.0,0.0,-1,6,30,1,1,2,15:34,4,1,9
2023101347034,2023,101347034,2,2,1,1,48,8,3,0,0,0,0,0,9,5,E01027448,3,1,0.0,1.0,-1,6,30,1,1,1,08:30,4,2,9
2023610018723,2023,610018723,1,1,1,2,21,5,3,0,0,1,0,0,9,4,W01001424,-1,0,0.0101,0.9899,-1,6,30,1,1,1,15:00,6,2,9
2023010450193,2023,010450193,2,1,1,1,48,8,2,0,0,0,0,0,1,2,E01001734,-1,0,1.0,0.0,-1,3,20,1,1,1,03:40,3,2,1
2023010461689,2023,010461689,1,1,1,2,70,10,3,0,0,0,0,0,1,9,E01003880,-1,0,0.0,1.0,-1,6,20,1,1,1,18:20,7,2,1
2023122301055,2023,122301055,2,1,1,1,47,8,3,0,0,0,0,0,1,8,E01027859,-1,0,0.12303,0.87697,-1,6,30,1,1,1,12:38,1,2,1
2023041294558,2023,041294558,1,1,3,2,54,8,3,6,5,0,0,0,0,2,E01025292,3,1,0.0,1.0,-1,6,30,1,7,1,05:31,4,1,9
2023481388177,2023,481388177,2,1,1,1,40,7,3,0,0,0,0,0,1,-1,-1,3,1,0.0,1.0,-1,6,20,2,4,2,00:30,1,2,1
2023161271389,2023,161271389,2,1,1,1,20,4,3,0,0,0,0,0,3,8,E01026368,3,1,0.0,1.0,-1,3,50,1,4,1,06:00,4,2,3
2023131324735,2023,131324735,2,1,1,1,38,7,3,0,0,0,0,0,9,1,E01011484,3,1,0.0,1.0,-1,1,30,1,1,1,10:50,6,2,9
2023201376193,2023,201376193,1,1,1,1,26,6,3,0,0,0,0,0,9,9,E01009902,3,1,0.0,1.0,-1,6,30,1,4,1,01:06,1,1,9
2023010460421,2023,010460421,1,1,2,2,76,11,3,0,0,0,1,0,11,6,E01002422,-1,0,0.0,1.0,-1,6,30,1,1,1,00:18,1,1,11
2023361322179,2023,361322179,2,1,1,1,20,4,3,0,0,0,0,0,19,7,E01026471,3,1,0.0,1.0,-1,3,40,1,1,1,08:10,5,2,19
2023320552232,2023,320552232,1,2,1,1,40,7,2,0,0,0,0,0,17,-1,-1,-1,0,1.0,0.0,-1,6,50,1,1,1,16:35,3,2,17
2023010473274,2023,010473274,1,1,1,1,18,4,3,0,0,0,0,0,9,2,E01032720,-1,0,0.0,1.0,-1,6,20,2,1,2,14:59,7,5,9
2023041318626,2023,041318626,2,3,1,1,76,11,3,0,0,0,0,0,9,10,E01025345,3,1,0.0,1.0,-1,6,60,1,1,1,09:13,2,2,9
2023052300494,2023,052300494,2,1,1,1,-1,-1,3,0,0,0,0,0,1,-1,-1,-1,0,0.08694,0.91306,-1,3,30,1,1,1,17:35,6,2,1
2023101299827,2023,101299827,1,2,2,2,17,4,3,0,0,1,0,0,9,-1,-1,3,1,0.0,1.0,-1,3,40,2,4,2,23:00,7,2,9
2023161311126,2023,161311126,1,1,2,2,2,1,3,0,0,1,0,0,9,1,E01013212,3,1,0.0,1.0,-1,6,30,1,1,1,14:15,4,1,9
2023010452786,2023,010452786,2,1,1,1,23,5,3,0,0,0,0,0,1,2,E01003578,-1,0,0.0,1.0,-1,6,20,1,1,1,18:09,1,2,1
2023052301536,2023,052301536,2,1,1,1,-1,-1,3,0,0,0,0,0,1,-1,-1,-1,0,0.09267,0.90733,-1,6,30,1,1,1,19:20,2,2,1
2023522300604,2023,522300604,2,1,1,2,30,6,2,0,0,0,0,0,1,6,E01014648,-1,0,1.0,0.0,-1,6,30,1,1,1,17:14,6,2,1
2023122300789,2023,122300789,1,2,2,1,17,4,3,0,0,2,0,0,9,1,E01027804,-1,0,0.11072,0.88928,-1,6,40,1,1,1,11:05,1,1,9
2023010433538,2023,010433538,1,1,1,1,55,8,3,0,0,0,0,0,3,3,E01001048,-1,0,0.0,1.0,-1,9,30,9,1,9,10:50,3,2,3
2023061267895,2023,061267895,2,1,1,2,24,5,2,0,0,0,0,0,1,6,E01005154,7,1,1.0,0.0,-1,9,30,2,1,2,17:40,4,2,1
2023061272739,2023,061272739,1,1,2,1,17,4,2,0,0,2,0,0,9,1,E01005117,7,1,1.0,0.0,-1,6,30,1,1,2,15:28,2,3,9
2023101370839,2023,101370839,2,5,2,2,16,4,3,0,0,2,0,0,9,2,E01008191,3,1,0.0,1.0,-1,6,20,1,1,1,13:50,4,2,9
2023320237488,2023,320237488,1,1,1,1,87,11,3,0,0,0,0,0,9,9,E01026211,-1,0,0.081,0.919,-1,6,30,1,1,1,09:30,5,1,9
2023320375324,2023,320375324,2,1,2,1,1,1,3,0,0,2,0,0,9,-1,-1,-1,0,0.03062,0.96938,-1,6,60,1,1,1,12:01,2,2,9
2023543881423,2023,543881423,2,1,1,1,40,7,3,0,0,0,0,0,9,6,E01015478,-1,0,0.00891,0.99109,-1,6,30,1,1,1,13:37,5,2,9
2023531366598,2023,531366598,1,1,1,1,37,7,3,0,0,0,0,0,19,6,E01022260,3,1,0.0,1.0,-1,6,30,1,1,1,15:25,3,2,19
2023610001823,2023,610001823,1,1,3,1,12,3,3,10,9,0,0,0,0,4,W01001395,-1,0,0.09346,0.90654,-1,6,30,1,1,1,08:35,3,1,9
2023991277762,2023,991277762,1,1,3,1,42,7,3,5,3,0,0,0,0,-1,-1,3,1,0.0,1.0,-1,6,30,2,4,2,00:10,7,1,9
2023131328780,2023,131328780,1,1,1,1,74,10,2,0,0,0,0,0,1,7,E01011637,5,1,1.0,0.0,-1,6,40,1,1,1,15:42,4,1,1
2023010465140,2023,010465140,2,1,1,1,45,7,3,0,0,0,0,0,3,-1,-1,-1,0,0.0,1.0,-1,6,30,1,1,1,13:55,1,2,3
202363C021723,2023,63C021723,2,2,1,1,72,10,3,0,0,0,0,0,9,4,W01000605,-1,0,0.08712,0.91288,-1,6,30,2,1,2,14:30,1,2,9
2023041293752,2023,041293752,1,1,3,1,14,3,2,5,4,0,0,0,0,4,E01024960,6,1,1.0,0.0,-1,6,30,1,1,1,15:45,6,1,19
2023010460976,2023,010460976,2,2,1,2,45,7,2,0,0,0,0,0,9,4,E01002893,-1,0,1.0,0.0,-1,6,30,1,1,1,06:35,5,2,9
2023122301154,2023,122301154,1,1,3,2,69,10,2,9,8,0,0,0,0,3,E01027840,-1,0,1.0,0.0,-1,6,60,2,6,2,21:45,5,1,9
2023430242123,2023,430242123,2,1,1,2,54,8,2,0,0,0,0,0,1,10,E01016671,-1,0,1.0,0.0,-1,1,50,1,1,1,13:15,6,3,1
2023430330909,2023,430330909,2,1,1,1,60,9,3,0,0,0,0,0,1,-1,-1,-1,0,0.06394,0.93606,-1,6,30,1,1,1,14:50,3,2,1
2023010455863,2023,010455863,1,1,1,2,18,4,3,0,0,0,0,0,3,2,E01002077,-1,0,0.0,1.0,-1,6,20,1,1,1,14:30,2,2,3
2023010427239,2023,010427239,1,1,1,2,85,11,3,0,0,0,0,0,9,7,E01000298,-1,0,0.0,1.0,-1,6,30,1,1,1,15:26,3,2,9
2023332300786,2023,332300786,1,1,1,1,34,6,3,0,0,0,0,0,9,3,E01013775,-1,0,0.00248,0.99752,-1,6,30,1,4,1,22:05,1,2,9
2023010477590,2023,010477590,1,1,3,2,71,10,3,6,9,0,0,0,0,7,E01000296,-1,0,0.0,1.0,-1,7,20,1,4,1,19:36,6,1,9
2023991339681,2023,991339681,1,1,3,2,47,8,3,4,2,0,0,2,0,9,-1,3,1,0.0,1.0,-1,6,20,1,1,1,19:10,7,1,9
2023010424679,2023,010424679,2,1,1,2,29,6,3,0,0,0,0,0,1,3,E01003923,-1,0,0.0,1.0,-1,6,30,1,1,1,08:25,4,2,1
2023010467689,2023,010467689,2,1,1,1,30,6,3,0,0,0,0,0,3,6,E01003393,-1,0,0.0,1.0,-1,6,20,1,4,1,17:40,6,3,3
2023451345831,2023,451345831,1,1,3,1,60,9,3,9,9,0,0,0,0,-1,-1,3,1,0.0,1.0,-1,6,30,1,1,1,09:10,7,1,9
2023991283650,2023,991283650,1,1,3,1,70,10,2,8,1,0,0,2,0,1,-1,7,1,1.0,0.0,-1,6,30,1,1,1,14:40,2,1,9
2023451348152,2023,451348152,1,1,1,1,70,10,3,0,0,0,0,0,5,9,E01004490,3,1,0.0,1.0,-1,3,50,1,1,1,13:55,1,1,5
2023010436627,2023,010436627,1,1,2,2,41,7,3,0,0,1,0,0,9,2,E01002314,-1,0,0.0,1.0,-1,3,50,1,1,1,18:58,1,2,9
2023010453066,2023,010453066,1,1,1,1,24,5,3,0,0,0,0,0,9,1,E01002038,-1,0,0.0,1.0,-1,1,40,1,4,1,23:54,2,1,9
2023131384475,2023,131384475,2,1,2,2,75,10,3,0,0,1,0,0,9,5,E01011831,3,1,0.0,1.0,-1,3,70,1,1,2,10:06,6,2,9
2023201293635,2023,201293635,2,2,2,2,7,2,3,0,0,2,0,0,9,1,E01009124,3,1,0.0,1.0,-1,6,30,2,4,2,21:44,4,2,9
2023361324556,2023,361324556,1,5,2,1,12,3,3,0,0,1,0,0,9,5,E01026491,3,1,0.0,1.0,-1,6,50,1,1,1,15:56,6,2,9
2023411344022,2023,411344022,1,2,2,2,16,4,3,0,0,1,0,0,9,6,E01023830,3,1,0.0,1.0,-1,6,30,1,7,1,22:15,2,2,9
2023421290074,2023,421290074,1,1,1,2,40,7,3,0,0,0,0,0,9,10,E01021402,3,1,0.0,1.0,-1,6,30,1,1,1,16:14,5,2,9
2023631309378,2023,631309378,2,2,2,2,48,8,2,0,0,1,0,0,9,3,E01018942,7,1,1.0,0.0,-1,6,60,1,1,1,10:15,4,2,9
2023041311488,2023,041311488,2,1,1,1,21,5,2,0,0,0,0,0,97,6,E01025496,6,1,1.0,0.0,-1,6,60,1,1,1,11:30,4,2,97
2023430077147,2023,430077147,2,1,1,1,10,2,2,0,0,0,0,0,1,5,E01016392,-1,0,1.0,0.0,-1,6,30,1,1,2,16:01,1,2,1
2023041376162,2023,041376162,2,1,1,1,26,6,2,0,0,0,0,0,3,6,E01025563,7,1,1.0,0.0,-1,6,30,1,4,2,18:35,7,2,3
2023201326060,2023,201326060,2,1,1,1,25,5,3,0,0,0,0,0,9,-1,-1,3,1,0.0,1.0,-1,3,30,2,4,2,22:52,7,2,9
2023531284661,2023,531284661,1,1,1,1,58,9,2,0,0,0,0,0,9,6,E01025939,6,1,1.0,0.0,-1,6,60,3,6,3,17:45,4,1,9
2023010477385,2023,010477385,1,1,2,2,92,11,3,0,0,0,4,0,11,6,E01000365,-1,0,0.0,1.0,-1,2,20,1,1,1,14:25,7,1,11
2023520300610,2023,520300610,2,35,2,2,40,7,2,0,0,0,4,0,11,2,E01029109,-1,0,1.0,0.0,-1,6,40,1,6,4,06:00,3,3,11
2023010439458,2023,010439458,1,2,3,2,-1,-1,3,10,9,0,0,0,0,-1,-1,-1,0,0.0,1.0,-1,6,20,1,1,1,09:35,2,1,1
2023010460350,2023,010460350,1,1,3,2,40,7,3,5,9,0,0,0,0,6,E01002640,-1,0,0.0,1.0,-1,9,30,1,4,1,22:30,7,1,9
2023440020902,2023,440020902,1,1,1,1,48,8,2,0,0,0,0,0,1,9,E01022950,-1,0,1.0,0.0,-1,6,50,2,6,2,16:15,2,1,1
2023010445747,2023,010445747,2,1,1,1,30,6,3,0,0,0,0,0,2,3,E01002027,-1,0,0.0,1.0,-1,6,30,1,1,1,18:10,1,2,2
2023010467622,2023,010467622,1,1,1,1,28,6,3,0,0,0,0,0,3,4,E01003353,-1,0,0.0,1.0,-1,9,20,1,1,1,09:40,6,2,3
2023461372137,2023,461372137,2,1,1,1,19,4,3,0,0,0,0,0,1,9,E01024123,3,1,0.0,1.0,-1,6,30,2,4,2,21:00,5,2,1
2023010428616,2023,010428616,1,1,1,1,22,5,3,0,0,0,0,0,3,3,E01002047,-1,0,0.0,1.0,-1,6,20,1,4,1,18:30,5,2,3
2023201371630,2023,201371630,1,1,1,1,38,7,2,0,0,0,0,0,9,2,E01010265,7,1,1.0,0.0,-1,6,30,2,4,2,06:24,2,2,9
2023471275011,2023,471275011,1,3,1,2,26,6,3,0,0,0,0,0,9,2,E01016975,3,1,0.0,1.0,-1,6,60,1,6,1,18:45,6,2,9
2023010472274,2023,010472274,1,1,3,1,46,8,2,5,4,0,0,0,0,1,E01002673,-1,0,1.0,0.0,-1,3,30,1,1,1,13:09,2,1,9
2023010423881,2023,010423881,2,1,1,1,27,6,3,0,0,0,0,0,1,2,E01000078,-1,0,0.0,1.0,-1,1,30,1,4,1,16:00,6,2,1
2023010474526,2023,010474526,2,1,1,1,18,4,3,0,0,0,0,0,2,4,E01002643,-1,0,0.0,1.0,-1,6,20,1,1,1,13:00,7,2,2
2023201416762,2023,201416762,1,1,1,2,25,5,2,0,0,0,0,0,9,8,E01032317,7,1,1.0,0.0,-1,3,30,8,4,1,21:09,6,1,9
2023340WN1652,2023,340WN1652,2,2,1,1,82,11,3,0,0,0,0,0,9,5,E01027133,-1,0,0.14524,0.85476,-1,6,60,2,1,2,12:08,4,3,9
2023401270350,2023,401270350,2,1,1,2,31,6,3,0,0,0,0,0,9,5,E01003392,3,1,0.0,1.0,-1,3,70,1,6,-1,20:10,6,2,9
2023421359054,2023,421359054,2,3,2,1,6,2,2,0,0,-1,0,0,9,5,E01021241,7,1,1.0,0.0,-1,1,40,1,1,1,15:55,1,2,9
2023522300448,2023,522300448,1,1,3,2,40,7,3,9,5,0,0,0,0,10,E01014513,-1,0,0.0296,0.9704,-1,6,20,7,1,2,08:00,3,2,9
2023440005314,2023,440005314,1,1,1,1,40,7,3,0,0,0,0,0,1,10,E01023273,-1,0,0.18623,0.81377,-1,6,40,1,1,2,09:40,5,2,1
2023010435439,2023,010435439,1,1,1,1,53,8,3,0,0,0,0,0,3,4,E01000612,-1,0,0.0,1.0,-1,2,20,1,4,2,23:15,7,2,3
2023411368486,2023,411368486,2,3,2,2,16,4,3,0,0,1,0,0,9,6,E01023394,3,1,0.0,1.0,-1,6,60,1,1,1,08:43,4,2,9
2023991359531,2023,991359531,1,1,1,2,50,8,3,0,0,0,0,0,9,6,-1,3,1,0.0,1.0,-1,6,30,2,6,2,20:05,4,1,9
2023131283246,2023,131283246,2,1,1,1,49,8,3,0,0,0,0,0,1,3,E01011222,3,1,0.0,1.0,-1,6,30,1,1,1,15:29,1,2,1
2023010481317,2023,010481317,1,1,1,1,47,8,3,0,0,0,0,0,9,1,E01002094,-1,0,0.0,1.0,-1,6,30,1,1,1,13:36,6,3,9
2023991284400,2023,991284400,2,1,1,2,62,9,2,0,0,0,0,0,9,-1,-1,6,1,1.0,0.0,-1,6,50,1,1,1,12:10,3,2,9
2023010441623,2023,010441623,1,1,1,1,26,6,3,0,0,0,0,0,1,9,E01004638,-1,0,0.0,1.0,-1,6,20,1,1,1,08:15,1,2,1
2023371321985,2023,371321985,2,1,1,1,14,3,3,0,0,0,0,0,1,1,E01030035,3,1,0.0,1.0,-1,3,30,1,1,1,20:10,6,2,1
2023471344904,2023,471344904,1,1,1,1,18,4,2,0,0,0,0,0,2,4,E01021207,6,1,1.0,0.0,-1,6,30,1,1,1,18:37,2,2,2
2023010463749,2023,010463749,1,1,1,1,45,7,3,0,0,0,0,0,9,7,E01001405,-1,0,0.0,1.0,-1,6,20,8,1,1,15:37,5,2,9
2023361277698,2023,361277698,2,2,2,2,23,5,3,0,0,1,0,0,9,8,E01026470,3,1,0.0,1.0,-1,6,60,1,6,1,17:07,6,3,9
2023610011723,2023,610011723,1,1,1,1,29,6,2,0,0,0,0,0,19,7,W01001354,-1,0,1.0,0.0,-1,6,60,1,1,1,09:56,2,1,19
2023010485940,2023,010485940,1,1,2,2,-1,-1,3,0,0,2,0,0,8,2,E01003159,-1,0,0.0,1.0,-1,2,30,2,1,1,07:05,2,2,8
2023010462184,2023,010462184,1,1,1,2,38,7,3,0,0,0,0,0,9,5,E01000892,-1,0,0.0,1.0,-1,1,30,1,1,1,12:37,3,2,9
2023201277784,2023,201277784,1,1,1,1,24,5,3,0,0,0,0,0,9,1,E01009360,3,1,0.0,1.0,-1,3,30,1,4,1,03:15,4,2,9
2023332300930,2023,332300930,2,1,1,2,45,7,2,0,0,0,0,0,9,5,E01025662,-1,0,1.0,0.0,-1,6,60,2,6,2,21:25,2,2,9
2023501288090,2023,501288090,1,1,1,2,75,10,3,0,0,0,0,0,9,2,E01015086,3,1,0.0,1.0,-1,6,20,1,1,1,08:44,4,1,9
2023311350885,2023,311350885,1,1,2,2,75,10,2,0,0,0,2,0,11,1,E01013958,7,1,1.0,0.0,-1,6,20,1,1,1,11:30,5,1,11
2023010422367,2023,010422367,2,1,2,1,40,7,2,0,0,2,0,0,9,1,E01003075,-1,0,1.0,0.0,-1,2,20,1,1,1,15:07,5,2,9
2023141294130,2023,141294130,1,1,1,1,43,7,3,0,0,0,0,0,9,2,E01007340,3,1,0.0,1.0,-1,6,60,2,6,2,17:50,4,4,9
2023010432755,2023,010432755,1,1,1,1,61,9,3,0,0,0,0,0,1,10,E01030350,-1,0,0.0,1.0,-1,6,20,1,1,1,17:40,6,2,1
2023010439857,2023,010439857,2,1,1,2,51,8,3,0,0,0,0,0,9,5,E01004647,-1,0,0.0,1.0,-1,3,20,2,1,2,17:45,5,2,9
2023041274546,2023,041274546,1,1,1,1,35,6,3,0,0,0,0,0,9,6,E01025562,3,1,0.0,1.0,-1,6,30,1,4,2,06:00,5,1,9
2023320727937,2023,320727937,3,1,2,2,24,5,3,0,0,1,0,0,9,5,E01011787,-1,0,0.02421,0.97579,-1,6,60,1,6,1,17:50,6,3,9
2023010476545,2023,010476545,2,2,1,-1,-1,-1,3,0,0,0,0,0,9,9,E01004632,-1,0,0.0,1.0,-1,9,20,1,1,1,09:00,3,2,9
2023131347069,2023,131347069,1,2,2,2,14,3,3,0,0,2,0,0,9,1,E01011342,3,1,0.0,1.0,-1,3,40,8,4,1,02:17,7,2,9
2023440178672,2023,440178672,7,2,2,1,27,6,2,0,0,1,0,0,9,1,E01017040,-1,0,1.0,0.0,-1,3,70,1,6,2,22:20,7,10,9
2023522400166,2023,522400166,1,1,1,2,29,6,3,0,0,0,0,0,9,1,E01014726,-1,0,0.00294,0.99706,-1,6,30,1,1,1,20:00,2,3,9
2023170S12113,2023,170S12113,1,1,3,2,75,10,2,4,1,0,0,0,0,10,E01028354,-1,0,1.0,0.0,-1,6,30,1,1,1,16:00,7,1,9
2023131264059,2023,131264059,2,1,1,1,56,9,3,0,0,0,0,0,1,5,E01011820,3,1,0.0,1.0,-1,6,30,1,4,1,22:12,2,2,1
2023041347976,2023,041347976,2,2,1,1,57,9,3,0,0,0,0,0,9,7,E01012592,3,1,0.0,1.0,-1,3,30,1,1,1,09:44,7,2,9
2023131391998,2023,131391998,1,1,1,2,51,8,3,0,0,0,0,0,9,9,E01011507,3,1,0.0,1.0,-1,6,30,4,1,2,12:02,1,2,9
202354C867023,2023,54C867023,2,1,1,2,62,9,3,0,0,0,0,0,9,9,E01032710,-1,0,0.01731,0.98269,-1,6,30,9,4,1,21:05,2,2,9
2023101360494,2023,101360494,1,1,3,2,67,10,3,6,9,0,0,0,0,2,E01008697,3,1,0.0,1.0,-1,6,20,1,1,1,10:55,3,1,98
2023451359091,2023,451359091,1,1,3,1,22,5,3,10,9,0,0,0,0,3,E01016037,3,1,0.0,1.0,-1,6,30,1,1,1,15:38,3,1,19
2023052300254,2023,052300254,1,1,1,1,12,3,2,0,0,0,0,0,1,1,E01006416,-1,0,1.0,0.0,-1,3,40,1,4,2,18:27,4,2,1
2023471339896,2023,471339896,2,1,1,1,43,7,3,0,0,0,0,0,8,3,E01016861,3,1,0.0,1.0,-1,6,20,1,1,1,16:05,7,2,8
2023010461707,2023,010461707,1,3,3,1,5,1,3,7,9,0,0,0,0,7,E01002836,-1,0,0.0,1.0,-1,6,30,1,1,1,13:19,2,1,9