collision_index,collision_year,collision_ref_no,vehicle_reference,casualty_reference,casualty_class,sex_of_casualty,age_of_casualty,age_band_of_casualty,casualty_severity,pedestrian_location,pedestrian_movement,car_passenger,bus_or_coach_passenger,pedestrian_road_maintenance_worker,casualty_type,casualty_imd_decile,lsoa_of_casualty,enhanced_casualty_severity,casualty_injury_based,casualty_adjusted_severity_serious,casualty_adjusted_severity_slight,casualty_distance_banding,road_type,speed_limit,weather_conditions,light_conditions,road_surface_conditions,time,day_of_week,number_of_vehicles,vehicle_type
2023010486522,2023,010486522,1,1,1,1,19,4,3,0,0,0,0,0,9,10,E01022664,-1,0,0.0,1.0,-1,3,70,1,6,1,16:55,6,2,9
2023061392045,2023,061392045,2,1,1,2,46,8,3,0,0,0,0,0,9,-1,-1,3,1,0.0,1.0,-1,3,30,2,4,2,04:30,1,2,9
2023101392800,2023,101392800,2,2,2,2,76,11,3,0,0,1,0,0,9,7,E01020701,3,1,0.0,1.0,-1,3,30,1,1,1,11:22,4,2,9
2023201290722,2023,201290722,2,2,1,2,58,9,3,0,0,0,0,0,9,1,E01009756,3,1,0.0,1.0,-1,3,30,1,1,1,09:57,6,4,9
2023010446822,2023,010446822,1,1,1,1,23,5,3,0,0,0,0,0,5,-1,-1,-1,0,0.0,1.0,-1,6,30,1,1,1,19:05,7,2,5
2023522300797,2023,522300797,1,1,1,1,42,7,3,0,0,0,0,0,-1,3,E01033355,-1,0,0.04071,0.95929,-1,6,20,9,4,2,22:00,5,2,-1
2023351363747,2023,351363747,1,1,3,2,82,11,3,10,9,0,0,0,0,6,E01018131,3,1,0.0,1.0,-1,6,30,1,1,1,10:54,2,1,9
2023440013207,2023,440013207,1,1,1,2,48,8,3,0,0,0,0,0,9,8,E01023004,-1,0,0.01514,0.98486,-1,6,30,1,1,1,09:48,4,2,9
2023461326415,2023,461326415,2,1,1,2,53,8,3,0,0,0,0,0,9,7,E01024521,3,1,0.0,1.0,-1,6,30,1,1,1,10:00,1,2,9
2023540030323,2023,540030323,2,2,1,1,75,10,3,0,0,0,0,0,9,1,E01015546,-1,0,0.05122,0.94878,-1,6,30,1,1,2,12:21,2,2,9
2023201381726,2023,201381726,1,1,2,2,39,7,3,0,0,2,0,0,10,1,E01009157,3,1,0.0,1.0,-1,6,30,1,1,1,14:30,6,1,10
2023991356500,2023,991356500,2,1,1,2,49,8,3,0,0,0,0,0,9,-1,-1,3,1,0.0,1.0,-1,3,70,2,4,2,04:30,6,2,9
2023351377230,2023,351377230,2,1,1,1,36,7,3,0,0,0,0,0,19,9,E01023500,3,1,0.0,1.0,-1,6,40,1,1,2,06:57,3,2,19
2023311296885,2023,311296885,1,1,2,1,4,1,3,0,0,0,4,0,11,2,E01013853,3,1,0.0,1.0,-1,6,20,2,4,2,20:03,6,1,11
2023031367654,2023,031367654,2,1,1,1,72,10,3,0,0,0,0,0,9,-1,-1,3,1,0.0,1.0,-1,3,40,1,1,1,11:45,6,2,9
2023201366868,2023,201366868,2,2,2,2,62,9,3,0,0,-1,0,0,9,3,E01010479,3,1,0.0,1.0,-1,6,30,1,1,1,20:23,6,2,9
2023201401820,2023,201401820,1,3,2,2,16,4,3,0,0,1,0,0,9,4,E01009894,3,1,0.0,1.0,-1,6,30,2,1,2,13:18,7,2,9
2023361316082,2023,361316082,1,1,1,2,23,5,3,0,0,0,0,0,9,6,E01026535,3,1,0.0,1.0,-1,6,60,1,1,1,18:55,4,1,9
2023471307701,2023,471307701,2,1,1,2,84,11,3,0,0,0,0,0,9,9,E01031476,3,1,0.0,1.0,-1,6,30,1,1,1,17:00,2,2,9
2023531313974,2023,531313974,2,3,1,2,41,7,3,0,0,0,0,0,9,10,E01022203,3,1,0.0,1.0,-1,6,60,1,1,1,15:00,7,2,9
2023451314306,2023,451314306,1,1,1,1,49,8,2,0,0,0,0,0,4,10,E01030445,7,1,1.0,0.0,-1,6,50,1,1,1,19:45,6,1,4
2023010422426,2023,010422426,1,1,3,2,28,6,3,1,3,0,0,0,0,4,E01003344,-1,0,0.0,1.0,-1,3,20,1,1,1,10:30,6,1,8
2023520400593,2023,520400593,1,1,3,2,12,3,2,5,1,0,0,0,0,7,E01029140,-1,0,1.0,0.0,-1,6,30,2,5,2,08:20,4,1,9
2023401283804,2023,401283804,2,1,3,2,14,3,3,1,3,0,0,0,0,2,E01015749,3,1,0.0,1.0,-1,6,30,2,1,2,08:10,3,2,9
2023361338511,2023,361338511,1,1,1,1,34,6,2,0,0,0,0,0,9,7,E01026427,6,1,1.0,0.0,-1,6,60,2,1,2,18:29,7,1,9
2023430167050,2023,430167050,1,1,2,2,75,10,2,0,0,2,0,0,9,5,W01000995,-1,0,1.0,0.0,-1,6,50,1,1,1,20:01,3,3,9
2023430414953,2023,430414953,2,3,1,2,54,8,3,0,0,0,0,0,9,8,E01028778,-1,0,0.09113,0.90887,-1,6,50,1,1,1,16:57,6,3,9
2023531294900,2023,531294900,2,4,1,1,53,8,3,0,0,0,0,0,90,9,E01031183,3,1,0.0,1.0,-1,3,70,1,6,1,21:29,7,2,90
2023010461608,2023,010461608,1,1,3,2,30,6,2,5,1,0,0,0,0,2,E01033597,-1,0,1.0,0.0,-1,3,20,1,1,1,17:57,1,1,5
2023052301235,2023,052301235,1,1,3,1,9,2,2,5,1,0,0,0,0,2,E01007176,-1,0,1.0,0.0,-1,6,30,1,4,1,20:35,1,1,9
2023991311511,2023,991311511,1,1,3,1,12,3,2,5,4,0,0,0,0,4,-1,7,1,1.0,0.0,-1,6,30,1,1,1,15:45,5,1,9
2023231370088,2023,231370088,2,1,1,1,46,8,3,0,0,0,0,0,21,3,E01031080,3,1,0.0,1.0,-1,6,50,1,1,2,11:25,5,3,21
2023440077162,2023,440077162,1,1,1,1,21,5,3,0,0,0,0,0,3,5,E01017084,-1,0,0.17786,0.82214,-1,2,30,1,1,1,16:32,6,2,3
2023201284395,2023,201284395,1,1,3,1,-1,-1,3,5,3,0,0,2,0,-1,-1,3,1,0.0,1.0,-1,6,30,2,7,2,00:55,7,1,9
2023520400492,2023,520400492,1,1,3,1,12,3,3,5,1,0,0,0,0,2,E01029131,-1,0,0.08814,0.91186,-1,6,30,1,1,1,14:00,3,1,9
2023010457663,2023,010457663,1,1,1,1,35,6,3,0,0,0,0,0,5,2,E01004436,-1,0,0.0,1.0,-1,3,70,1,1,1,10:15,6,2,5
2023131367336,2023,131367336,1,1,1,1,43,7,3,0,0,0,0,0,8,1,E01011340,3,1,0.0,1.0,-1,3,30,2,1,2,11:15,5,2,8
2023131302462,2023,131302462,1,1,2,2,54,8,3,0,0,0,0,0,9,7,E01010939,3,1,0.0,1.0,-1,6,20,8,1,1,12:50,1,2,9
2023141351518,2023,141351518,1,4,2,2,3,1,3,0,0,-1,0,0,9,6,E01011228,3,1,0.0,1.0,-1,6,30,1,1,1,19:00,1,2,9
2023201296690,2023,201296690,1,4,2,1,19,4,3,0,0,2,0,0,9,1,E01010365,3,1,0.0,1.0,-1,3,30,1,1,1,12:25,3,2,9
2023231284490,2023,231284490,2,2,2,1,13,3,3,0,0,1,0,0,9,9,E01032891,3,1,0.0,1.0,-1,6,30,1,1,1,15:45,3,2,9
2023522300400,2023,522300400,3,1,1,2,-1,-1,3,0,0,0,0,0,-1,1,E01014653,-1,0,0.02036,0.97964,-1,6,20,1,4,1,20:40,1,3,-1
2023010445676,2023,010445676,1,1,3,2,17,4,3,7,9,0,0,0,0,9,E01000199,-1,0,0.0,1.0,-1,6,20,8,1,1,16:32,6,1,9
2023141381009,2023,141381009,1,1,1,1,24,5,2,0,0,0,0,0,3,7,E01008039,6,1,1.0,0.0,-1,6,20,1,1,1,14:46,5,2,3
2023231347072,2023,231347072,1,1,1,1,45,7,1,0,0,0,0,0,3,5,E01031141,1,1,0.0,0.0,-1,6,30,2,1,2,18:15,6,2,3
2023010455750,2023,010455750,1,1,1,1,41,7,3,0,0,0,0,0,4,3,E01004200,-1,0,0.0,1.0,-1,6,20,1,1,2,08:45,3,2,4
2023501356625,2023,501356625,1,1,1,1,47,8,3,0,0,0,0,0,5,5,E01020068,3,1,0.0,1.0,-1,6,30,1,1,1,14:30,2,2,5
2023010477979,2023,010477979,2,4,2,2,35,6,3,0,0,2,0,0,9,3,E01001970,-1,0,0.0,1.0,-1,6,30,1,4,2,17:10,3,2,9
2023471277893,2023,471277893,1,1,3,1,36,7,2,9,6,0,0,0,0,7,E01021035,7,1,1.0,0.0,-1,6,30,1,4,1,19:50,7,1,9
2023010460822,2023,010460822,2,1,1,1,48,8,3,0,0,0,0,0,1,2,E01004723,-1,0,0.0,1.0,-1,6,20,1,1,1,06:00,4,2,1
2023131326761,2023,131326761,2,1,1,1,61,9,2,0,0,0,0,0,4,2,E01007435,6,1,1.0,0.0,-1,6,40,1,1,1,18:25,5,2,4
2023522400704,2023,522400704,2,2,1,1,50,8,3,0,0,0,0,0,19,7,E01022302,-1,0,0.08357,0.91643,-1,6,50,1,1,1,08:50,3,4,19
2023010481453,2023,010481453,1,1,3,1,45,7,2,5,3,0,0,0,0,4,E01000617,-1,0,1.0,0.0,-1,2,20,1,4,1,02:55,7,1,8
2023320500219,2023,320500219,2,1,2,2,18,4,3,0,0,1,0,0,9,5,E01026409,-1,0,0.10553,0.89447,-1,6,60,1,1,1,16:00,7,2,9
2023461358593,2023,461358593,2,1,1,2,59,9,3,0,0,0,0,0,9,7,E01024553,3,1,0.0,1.0,-1,6,40,1,1,1,12:50,1,2,9
2023520301098,2023,520301098,1,3,2,2,19,4,3,0,0,1,0,0,9,7,E01029224,-1,0,0.07809,0.92191,-1,6,40,1,4,1,00:30,7,3,9
2023010444170,2023,010444170,1,1,1,1,54,8,3,0,0,0,0,0,9,1,E01001429,-1,0,0.0,1.0,-1,6,20,1,4,1,23:28,7,2,9
2023211345812,2023,211345812,2,2,2,2,41,7,3,0,0,-1,0,0,9,8,E01029430,3,1,0.0,1.0,-1,6,30,1,1,-1,13:03,6,2,9
2023451277661,2023,451277661,2,1,1,2,29,6,3,0,0,0,0,0,9,10,E01030489,3,1,0.0,1.0,-1,6,30,1,1,1,11:39,6,2,9
2023461382647,2023,461382647,2,1,1,2,67,10,3,0,0,0,0,0,9,9,E01024376,3,1,0.0,1.0,-1,6,40,1,4,1,16:11,3,2,9
2023501388455,2023,501388455,1,1,1,1,42,7,3,0,0,0,0,0,9,4,E01020293,3,1,0.0,1.0,-1,3,60,1,6,1,22:15,5,2,9
2023052300557,2023,052300557,2,1,1,1,32,6,3,0,0,0,0,0,1,1,E01006556,-1,0,0.1012,0.8988,-1,6,20,1,1,1,15:10,3,2,1
2023401389787,2023,401389787,2,1,1,1,37,7,3,0,0,0,0,0,1,8,E01017461,3,1,0.0,1.0,-1,3,20,2,1,2,14:22,3,2,1
2023041261387,2023,041261387,1,1,3,2,13,3,3,10,7,0,0,0,0,1,E01012639,3,1,0.0,1.0,-1,6,30,5,1,2,08:17,3,1,9
2023451322243,2023,451322243,2,2,2,2,8,2,3,0,0,2,0,0,9,-1,-1,3,1,0.0,1.0,-1,3,40,1,1,1,08:30,7,2,9
2023520300595,2023,520300595,1,2,2,2,39,7,3,0,0,1,0,0,9,5,E01029327,-1,0,0.04004,0.95996,-1,6,30,8,6,4,19:16,2,2,9
2023010419352,2023,010419352,1,1,1,1,26,6,3,0,0,0,0,0,3,5,E01002219,-1,0,0.0,1.0,-1,6,30,1,4,1,17:40,2,2,3
2023531285560,2023,531285560,1,1,3,1,42,7,2,8,1,0,0,0,0,1,E01022347,7,1,1.0,0.0,-1,3,30,1,4,1,19:40,6,1,9
2023010426980,2023,010426980,1,1,1,1,45,7,3,0,0,0,0,0,1,5,E01004521,-1,0,0.0,1.0,-1,6,20,1,1,1,16:52,2,2,1
2023052300722,2023,052300722,2,1,1,2,6,2,2,0,0,0,0,0,1,2,E01007130,-1,0,1.0,0.0,-1,6,30,1,1,2,16:25,3,2,1
2023010432687,2023,010432687,2,1,1,1,35,6,3,0,0,0,0,0,3,3,E01030711,-1,0,0.0,1.0,-1,1,30,2,1,2,09:45,6,2,3
2023141291638,2023,141291638,1,1,1,1,18,4,2,0,0,0,0,0,3,-1,-1,5,1,1.0,0.0,-1,6,20,1,1,1,16:52,2,3,3
2023471337666,2023,471337666,1,1,1,1,36,7,2,0,0,0,0,0,19,10,E01031738,7,1,1.0,0.0,-1,6,60,1,6,2,22:38,4,1,19
2023122300763,2023,122300763,2,2,1,1,32,6,3,0,0,0,0,0,9,8,E01013392,-1,0,0.04889,0.95111,-1,6,40,1,1,1,16:12,1,2,9
2023201340134,2023,201340134,1,2,2,2,36,7,3,0,0,1,0,0,9,3,E01010139,3,1,0.0,1.0,-1,3,40,1,1,1,14:30,2,1,9
2023440280575,2023,440280575,1,1,1,1,20,4,3,0,0,0,0,0,9,6,E01003437,-1,0,0.14154,0.85846,-1,6,60,1,1,2,19:15,4,1,9
202360A089433,2023,60A089433,1,1,1,2,23,5,3,0,0,0,0,0,9,-1,-1,-1,0,0.12016,0.87984,-1,6,30,2,1,2,21:15,7,1,9
2023061280546,2023,061280546,1,1,3,2,76,11,3,1,3,0,0,2,0,6,E01005711,3,1,0.0,1.0,-1,6,30,1,1,1,11:11,7,1,9
2023052302416,2023,052302416,2,1,1,1,-1,-1,3,0,0,0,0,0,1,4,E01006893,-1,0,0.04743,0.95257,-1,6,30,2,1,2,15:20,4,2,1
2023991291463,2023,991291463,1,1,2,2,43,7,3,0,0,2,0,0,8,-1,-1,3,1,0.0,1.0,-1,3,50,1,1,1,19:33,3,2,8
2023371268761,2023,371268761,2,1,1,1,71,10,2,0,0,0,0,0,9,3,E01029962,5,1,1.0,0.0,-1,6,30,1,4,2,17:57,5,2,9
2023451260924,2023,451260924,2,5,2,2,4,1,2,0,0,2,0,0,9,10,E01030958,7,1,1.0,0.0,-1,6,40,1,6,2,18:52,1,3,9
2023531419815,2023,531419815,2,1,1,1,52,8,3,0,0,0,0,0,9,10,E01022386,3,1,0.0,1.0,-1,1,30,1,1,1,15:24,7,2,9
2023010439699,2023,010439699,1,1,1,1,38,7,3,0,0,0,0,0,1,7,E01000347,-1,0,0.0,1.0,-1,6,20,1,1,2,08:00,4,1,1
2023010431913,2023,010431913,1,1,1,1,29,6,3,0,0,0,0,0,3,3,E01002130,-1,0,0.0,1.0,-1,6,30,1,1,1,15:45,1,2,3
2023010480570,2023,010480570,2,1,1,1,26,6,3,0,0,0,0,0,4,1,E01004334,-1,0,0.0,1.0,-1,6,20,2,4,2,18:25,2,2,4
2023320391465,2023,320391465,1,1,1,1,54,8,2,0,0,0,0,0,5,6,E01013074,-1,0,1.0,0.0,-1,6,60,1,1,1,08:18,2,2,5
2023010473403,2023,010473403,1,1,1,1,39,7,3,0,0,0,0,0,1,4,E01004462,-1,0,0.0,1.0,-1,9,30,9,1,9,12:30,1,2,1
2023070766158,2023,070766158,1,2,2,2,-1,-1,3,0,0,0,0,0,4,-1,-1,-1,0,0.1118,0.8882,-1,6,30,1,1,1,19:33,5,2,4
2023401325263,2023,401325263,2,1,1,1,40,7,3,0,0,0,0,0,19,-1,-1,3,1,0.0,1.0,-1,6,30,1,1,1,06:03,7,2,19
2023131322519,2023,131322519,1,1,3,1,2,1,2,5,1,0,0,2,0,1,E01011375,7,1,1.0,0.0,-1,6,20,1,1,1,16:08,1,1,9
2023501374736,2023,501374736,2,1,1,1,16,4,2,0,0,0,0,0,2,4,E01018979,7,1,1.0,0.0,-1,1,30,1,4,1,06:30,4,2,2
2023161376184,2023,161376184,1,2,1,1,16,4,3,0,0,0,0,0,4,1,E01013205,3,1,0.0,1.0,-1,6,30,8,4,2,19:04,7,2,4
2023010480640,2023,010480640,2,1,1,2,31,6,3,0,0,0,0,0,4,7,E01002182,-1,0,0.0,1.0,-1,6,20,1,1,2,08:30,3,2,4
2023010421353,2023,010421353,1,2,2,2,46,8,3,0,0,2,0,0,8,4,E01001934,-1,0,0.0,1.0,-1,3,20,2,1,2,12:00,7,1,8
2023070541286,2023,070541286,1,1,3,2,14,3,3,4,9,0,0,0,0,1,E01012533,-1,0,0.0772,0.9228,-1,3,20,1,1,1,07:45,3,1,9
2023010476579,2023,010476579,1,1,1,1,24,5,3,0,0,0,0,0,3,6,E01000160,-1,0,0.0,1.0,-1,6,20,1,4,1,23:40,3,2,3
2023302300860,2023,302300860,2,1,1,1,37,7,3,0,0,0,0,0,9,1,E01013472,-1,0,0.03345,0.96655,-1,3,30,1,1,1,11:50,5,2,9
2023010454724,2023,010454724,1,1,1,2,55,8,3,0,0,0,0,0,1,2,E01004435,-1,0,0.0,1.0,-1,6,30,1,4,1,21:30,7,2,1
2023131285058,2023,131285058,1,1,3,2,36,7,3,4,4,0,0,2,0,2,E01011914,3,1,0.0,1.0,-1,6,30,2,1,2,14:10,5,1,9
2023320483355,2023,320483355,2,1,1,1,67,10,3,0,0,0,0,0,5,4,E01026667,-1,0,0.17964,0.82036,-1,6,60,2,1,2,18:20,6,2,5
2023010485002,2023,010485002,2,1,1,1,35,6,3,0,0,0,0,0,23,3,E01003841,-1,0,0.0,1.0,-1,3,40,1,1,2,17:00,3,2,23
2023421324722,2023,421324722,2,1,1,1,18,4,2,0,0,0,0,0,3,4,E01022012,7,1,1.0,0.0,-1,6,30,1,1,1,10:17,7,2,3
2023332300497,2023,332300497,1,1,3,1,46,8,3,6,9,0,0,0,0,-1,-1,-1,0,0.03372,0.96628,-1,6,60,1,1,1,11:30,1,1,11
2023631314619,2023,631314619,1,1,1,1,19,4,3,0,0,0,0,0,9,5,W01000593,3,1,0.0,1.0,-1,6,60,1,1,1,19:00,7,2,9
2023991361180,2023,991361180,1,1,1,2,40,7,3,0,0,0,0,0,9,1,-1,3,1,0.0,1.0,-1,6,30,1,1,1,15:10,2,2,9
2023031277332,2023,031277332,2,1,1,1,25,5,3,0,0,0,0,0,1,3,E01019205,3,1,0.0,1.0,-1,6,30,1,4,2,20:50,5,2,1
2023440233727,2023,440233727,1,1,3,2,50,8,3,5,1,0,0,0,0,6,E01023252,-1,0,0.06386,0.93614,-1,6,30,1,1,1,07:40,2,1,9
2023440078886,2023,440078886,2,1,1,1,22,5,3,0,0,0,0,0,3,4,E01023204,-1,0,0.20412,0.79588,-1,6,30,1,4,1,23:20,7,2,3
2023332300214,2023,332300214,1,1,3,1,24,5,3,4,3,0,0,0,0,3,E01013763,-1,0,0.07892,0.92108,-1,6,30,1,1,1,13:15,2,1,9
2023440506335,2023,440506335,1,1,3,2,24,5,3,5,1,0,0,0,0,8,E01022815,-1,0,0.10943,0.89057,-1,6,20,1,4,1,17:15,2,1,9
2023440270488,2023,440270488,1,1,3,1,30,6,3,6,9,0,0,0,0,10,E01022756,-1,0,0.06421,0.93579,-1,6,30,1,1,2,20:45,4,1,9
2023461341300,2023,461341300,1,1,3,1,84,11,3,6,9,0,0,0,0,7,E01024553,3,1,0.0,1.0,-1,6,30,1,1,1,09:45,4,1,1
2023010454507,2023,010454507,1,1,1,1,32,6,3,0,0,0,0,0,1,9,E01000001,-1,0,0.0,1.0,-1,6,30,1,1,1,16:15,7,2,1
2023311276841,2023,311276841,2,2,1,1,60,9,3,0,0,0,0,0,3,2,E01013963,3,1,0.0,1.0,-1,6,30,1,4,1,17:21,2,2,3
2023361339848,2023,361339848,2,1,1,1,29,6,3,0,0,0,0,0,4,1,E01030247,3,1,0.0,1.0,-1,6,40,1,4,1,21:35,5,2,4
2023052302819,2023,052302819,1,1,3,2,14,3,3,5,4,0,0,0,0,1,E01007304,-1,0,0.14155,0.85845,-1,6,30,1,1,1,15:20,6,1,9
2023211367940,2023,211367940,1,1,3,1,33,6,2,5,3,0,0,0,0,3,E01014230,5,1,1.0,0.0,-1,6,30,1,4,2,21:55,5,1,9
2023471283582,2023,471283582,1,1,3,1,80,11,2,8,7,0,0,0,0,1,E01020995,7,1,1.0,0.0,-1,6,30,1,1,2,10:00,2,1,9
2023161321779,2023,161321779,2,1,1,1,16,4,2,0,0,0,0,0,3,1,E01012790,6,1,1.0,0.0,-1,6,20,1,5,1,17:50,5,2,3
2023010457353,2023,010457353,2,2,1,1,34,6,2,0,0,0,0,0,1,1,E01001839,-1,0,1.0,0.0,-1,6,20,1,1,1,12:10,4,2,1
2023070457350,2023,070457350,1,1,1,1,44,7,3,0,0,0,0,0,9,6,E01018450,-1,0,0.08992,0.91008,-1,6,50,1,6,1,21:20,1,1,9
2023070877591,2023,070877591,2,2,1,1,26,6,3,0,0,0,0,0,9,7,E01031297,-1,0,0.02804,0.97196,-1,3,70,1,4,2,23:00,4,3,9
2023311358546,2023,311358546,1,1,2,1,40,7,3,0,0,1,0,0,9,3,E01025291,3,1,0.0,1.0,-1,6,30,2,1,2,12:00,1,1,9
2023111343653,2023,111343653,1,1,3,2,12,3,3,5,1,0,0,0,0,4,E01020825,3,1,0.0,1.0,-1,6,30,1,1,1,16:40,1,1,9
2023520400909,2023,520400909,2,1,1,1,84,11,3,0,0,0,0,0,1,5,E01029081,-1,0,0.21224,0.78776,-1,6,50,1,1,1,11:20,4,2,1
2023010421743,2023,010421743,1,1,1,2,35,6,3,0,0,0,0,0,3,3,E01000586,-1,0,0.0,1.0,-1,9,20,9,1,1,13:00,4,2,3
2023010433456,2023,010433456,1,1,1,1,21,5,3,0,0,0,0,0,3,5,E01002221,-1,0,0.0,1.0,-1,9,20,8,1,1,16:40,6,2,3
2023010465617,2023,010465617,3,1,1,1,22,5,3,0,0,0,0,0,3,4,E01001230,-1,0,0.0,1.0,-1,3,20,2,4,2,21:05,3,3,3
2023010437099,2023,010437099,1,1,3,2,32,6,3,1,3,0,0,0,0,2,E01001702,-1,0,0.0,1.0,-1,9,30,1,1,1,09:00,4,1,9
2023010439083,2023,010439083,1,2,3,1,40,7,2,1,3,0,0,0,0,1,E01000061,-1,0,1.0,0.0,-1,6,20,1,1,1,07:30,2,2,5
2023471323285,2023,471323285,1,1,3,1,-1,-1,3,5,3,0,0,0,0,5,E01020947,3,1,0.0,1.0,-1,6,30,1,1,1,16:45,5,2,5
2023991365227,2023,991365227,1,1,1,1,27,6,2,0,0,0,0,0,1,5,-1,7,1,1.0,0.0,-1,6,30,4,5,2,18:05,6,2,1
2023361347817,2023,361347817,1,1,1,1,18,4,3,0,0,0,0,0,3,6,E01026919,3,1,0.0,1.0,-1,6,40,1,1,1,15:00,3,2,3
2023221309037,2023,221309037,1,1,1,1,55,8,2,0,0,0,0,0,5,9,E01032451,5,1,1.0,0.0,-1,6,60,1,1,1,20:53,5,1,5
2023141332439,2023,141332439,1,1,1,2,23,5,3,0,0,0,0,0,9,1,E01007402,3,1,0.0,1.0,-1,6,30,2,1,2,18:45,7,2,9
2023361357403,2023,361357403,2,1,1,1,26,6,3,0,0,0,0,0,9,-1,-1,3,1,0.0,1.0,-1,1,50,1,1,1,07:46,6,2,9
2023430569500,2023,430569500,3,1,1,1,39,7,3,0,0,0,0,0,9,3,E01017562,-1,0,0.00515,0.99485,-1,3,70,1,4,1,16:20,4,4,9
2023010440298,2023,010440298,3,2,1,2,52,8,2,0,0,0,0,0,9,4,E01021774,-1,0,1.0,0.0,-1,3,70,1,1,1,09:50,7,6,9
2023010471872,2023,010471872,1,1,2,1,21,5,2,0,0,2,0,0,9,-1,-1,-1,0,1.0,0.0,-1,3,40,1,7,1,06:40,7,2,9
2023320566058,2023,320566058,2,1,1,1,65,9,3,0,0,0,0,0,9,3,E01026033,-1,0,0.06145,0.93855,-1,6,60,1,1,1,15:25,2,3,9
2023451292672,2023,451292672,2,1,1,1,65,9,3,0,0,0,0,0,9,9,E01015504,3,1,0.0,1.0,-1,3,70,1,1,2,14:40,7,2,9
2023302301346,2023,302301346,2,1,1,1,48,8,3,0,0,0,0,0,9,1,E01019527,-1,0,0.03235,0.96765,-1,6,40,1,4,1,22:40,3,2,9
2023544074223,2023,544074223,1,1,2,2,12,3,3,0,0,0,3,0,11,9,E01032038,-1,0,0.01649,0.98351,-1,2,20,1,1,1,13:11,6,1,11
2023052301894,2023,052301894,1,1,1,1,18,4,2,0,0,0,0,0,97,2,E01006449,-1,0,1.0,0.0,-1,6,30,2,1,2,11:20,2,2,97
2023201315852,2023,201315852,2,2,1,1,-1,-1,3,0,0,0,0,0,9,4,E01009590,3,1,0.0,1.0,-1,6,30,1,1,1,14:45,5,2,9
2023340NN9102,2023,340NN9102,1,2,2,2,23,5,1,0,0,1,0,0,9,-1,-1,-1,0,0.0,0.0,-1,6,60,1,6,1,23:07,1,1,9
2023010445260,2023,010445260,2,1,1,1,61,9,3,0,0,0,0,0,9,3,E01015988,-1,0,0.0,1.0,-1,7,30,1,1,1,15:40,6,3,9
2023531388393,2023,531388393,1,1,1,1,59,9,2,0,0,0,0,0,9,1,E01032932,7,1,1.0,0.0,-1,3,70,1,6,1,18:50,4,2,9
2023010458334,2023,010458334,1,1,3,2,16,4,3,10,9,0,0,0,0,2,E01001462,-1,0,0.0,1.0,-1,6,30,1,1,1,13:20,3,1,8
2023622300209,2023,622300209,1,1,3,2,22,5,3,1,2,0,0,0,0,10,W01001731,-1,0,0.06648,0.93352,-1,6,30,1,1,1,15:42,3,1,9
2023010460379,2023,010460379,2,1,1,1,48,8,3,0,0,0,0,0,1,10,E01000811,-1,0,0.0,1.0,-1,6,30,2,1,2,09:00,1,2,1
2023201315057,2023,201315057,1,1,1,1,52,8,3,0,0,0,0,0,1,1,E01009349,3,1,0.0,1.0,-1,6,30,1,1,1,18:52,2,2,1
2023421269473,2023,421269473,1,1,1,1,25,5,2,0,0,0,0,0,3,4,E01015996,6,1,1.0,0.0,-1,1,50,1,4,1,19:10,1,1,3
2023440141739,2023,440141739,2,1,1,1,58,9,3,0,0,0,0,0,1,-1,-1,-1,0,0.17409,0.82591,-1,6,30,1,1,1,11:24,3,2,1
2023161326507,2023,161326507,1,2,2,2,74,10,3,0,0,0,3,0,11,2,E01012821,3,1,0.0,1.0,-1,3,30,1,1,1,12:45,6,2,11
2023421355862,2023,421355862,2,2,2,2,77,11,3,0,0,1,0,0,9,7,E01021902,3,1,0.0,1.0,-1,6,30,1,6,1,22:44,1,2,9
2023461306123,2023,461306123,3,2,2,2,71,10,3,0,0,2,0,0,9,5,E01003946,3,1,0.0,1.0,-1,3,50,1,1,1,15:20,1,3,9
2023061352023,2023,061352023,1,1,3,1,38,7,3,5,3,0,0,2,0,-1,-1,3,1,0.0,1.0,-1,6,30,1,1,1,14:28,6,2,9
2023111409211,2023,111409211,1,1,3,1,7,2,2,4,1,0,0,0,0,3,E01020596,7,1,1.0,0.0,-1,6,30,1,1,1,08:52,3,1,9
2023131348663,2023,131348663,1,1,2,2,68,10,3,0,0,0,0,0,19,4,E01032498,3,1,0.0,1.0,-1,9,30,1,1,1,17:26,3,2,19
2023131290244,2023,131290244,2,1,1,2,64,9,3,0,0,0,0,0,9,9,E01011457,3,1,0.0,1.0,-1,6,30,1,1,1,13:45,6,2,9
2023131344084,2023,131344084,1,1,1,1,19,4,2,0,0,0,0,0,1,1,E01011433,5,1,1.0,0.0,-1,6,30,2,4,2,20:56,2,2,1
2023552301388,2023,552301388,2,1,1,1,38,7,3,0,0,0,0,0,21,8,E01015407,-1,0,0.03422,0.96578,-1,6,60,1,1,1,11:40,6,2,21
2023010426304,2023,010426304,1,1,1,1,56,9,3,0,0,0,0,0,3,1,E01001483,-1,0,0.0,1.0,-1,9,20,1,1,1,14:51,4,2,3
2023622300737,2023,622300737,1,2,2,1,16,4,3,0,0,0,0,0,4,1,W01000738,-1,0,0.11576,0.88424,-1,6,30,2,1,2,13:28,5,1,4