collision_index,collision_year,collision_ref_no,vehicle_reference,casualty_reference,casualty_class,sex_of_casualty,age_of_casualty,age_band_of_casualty,casualty_severity,pedestrian_location,pedestrian_movement,car_passenger,bus_or_coach_passenger,pedestrian_road_maintenance_worker,casualty_type,casualty_imd_decile,lsoa_of_casualty,enhanced_casualty_severity,casualty_injury_based,casualty_adjusted_severity_serious,casualty_adjusted_severity_slight,casualty_distance_banding,road_type,speed_limit,weather_conditions,light_conditions,road_surface_conditions,time,day_of_week,number_of_vehicles,vehicle_type
2023010439652,2023,010439652,2,1,1,1,50,8,2,0,0,0,0,0,5,10,E01022873,-1,0,1.0,0.0,-1,6,20,1,1,1,15:19,4,2,5
2023430103592,2023,430103592,1,1,3,1,44,7,2,4,3,0,0,0,0,-1,-1,-1,0,1.0,0.0,-1,3,40,1,4,1,20:15,3,1,9
2023531292867,2023,531292867,1,1,3,1,17,4,3,5,3,0,0,0,0,2,E01022238,3,1,0.0,1.0,-1,6,50,1,6,2,01:25,1,1,19
2023010473276,2023,010473276,2,1,1,1,37,7,3,0,0,0,0,0,1,6,E01002875,-1,0,0.0,1.0,-1,6,30,2,1,2,11:50,7,2,1
2023052302466,2023,052302466,2,1,1,1,61,9,3,0,0,0,0,0,1,2,E01006449,-1,0,0.15438,0.84562,-1,6,30,1,1,1,15:30,2,2,1
2023440285506,2023,440285506,2,1,1,1,53,8,3,0,0,0,0,0,1,10,E01013564,-1,0,0.16513,0.83487,-1,6,30,1,1,1,09:57,1,2,1
2023351362065,2023,351362065,1,1,3,1,47,8,3,10,9,0,0,0,0,2,E01015601,3,1,0.0,1.0,-1,6,30,1,1,1,11:06,2,1,9
2023991317398,2023,991317398,1,1,3,1,14,3,3,1,2,0,0,0,0,1,-1,3,1,0.0,1.0,-1,6,30,1,1,1,15:15,1,1,9
2023131339342,2023,131339342,1,1,3,2,47,8,3,1,3,0,0,2,0,4,E01011822,3,1,0.0,1.0,-1,6,30,1,1,1,06:50,2,1,9
2023351352798,2023,351352798,1,1,3,1,40,7,3,5,1,0,0,0,0,1,E01033112,3,1,0.0,1.0,-1,3,30,1,4,1,22:10,5,1,9
2023440034256,2023,440034256,2,1,1,2,35,6,3,0,0,0,0,0,1,6,E01017018,-1,0,0.12008,0.87992,-1,6,30,1,1,1,08:05,5,2,1
2023501321773,2023,501321773,1,1,1,1,29,6,2,0,0,0,0,0,5,2,E01019055,6,1,1.0,0.0,-1,6,60,1,1,1,21:20,5,1,5
2023061346028,2023,061346028,1,1,3,1,78,11,2,5,1,0,0,0,0,6,E01005643,7,1,1.0,0.0,-1,6,30,1,1,1,14:23,1,1,9
2023010442022,2023,010442022,1,1,3,2,68,10,2,9,9,0,0,0,0,3,E01004747,-1,0,1.0,0.0,-1,6,20,1,1,1,16:52,3,1,8
2023211369505,2023,211369505,1,1,3,2,17,4,3,8,1,0,0,0,0,1,E01014306,3,1,0.0,1.0,-1,3,30,1,4,1,20:41,3,1,19
2023010482793,2023,010482793,1,1,1,2,57,9,3,0,0,0,0,0,1,5,E01001863,-1,0,0.0,1.0,-1,6,20,2,4,2,16:05,5,2,1
2023041322284,2023,041322284,1,1,1,1,19,4,2,0,0,0,0,0,9,8,E01005050,6,1,1.0,0.0,-1,6,30,1,1,1,11:34,7,3,9
2023122300818,2023,122300818,2,3,2,1,60,9,3,0,0,2,0,0,9,9,E01020850,-1,0,0.1082,0.8918,-1,6,60,1,1,1,17:18,7,2,9
2023010424629,2023,010424629,1,2,2,-1,-1,-1,3,0,0,1,0,0,9,4,E01003412,-1,0,0.0,1.0,-1,3,30,8,1,1,10:45,6,2,9
2023421357074,2023,421357074,2,1,1,2,23,5,3,0,0,0,0,0,9,-1,-1,3,1,0.0,1.0,-1,6,50,1,1,1,16:45,2,2,9
2023430062247,2023,430062247,1,1,1,1,45,7,3,0,0,0,0,0,9,10,E01028694,-1,0,0.09846,0.90154,-1,6,60,7,6,4,05:46,6,2,9
2023461382967,2023,461382967,1,1,1,2,45,7,3,0,0,0,0,0,9,9,E01024297,3,1,0.0,1.0,-1,6,30,1,1,1,15:15,1,2,9
2023991362199,2023,991362199,2,19,2,1,15,3,3,0,0,0,4,0,11,5,-1,3,1,0.0,1.0,-1,6,30,1,1,1,09:15,5,2,11
2023010421415,2023,010421415,3,1,1,1,47,8,3,0,0,0,0,0,9,5,E01003742,-1,0,0.0,1.0,-1,3,50,8,1,2,14:00,7,4,9
2023122300852,2023,122300852,1,1,1,2,89,11,2,0,0,0,0,0,9,10,E01027880,-1,0,1.0,0.0,-1,6,60,1,1,1,14:57,6,3,9
2023332300068,2023,332300068,2,1,1,1,31,6,2,0,0,0,0,0,9,3,E01025718,-1,0,1.0,0.0,-1,6,60,8,1,4,08:43,1,3,9
2023351372059,2023,351372059,2,1,1,2,49,8,3,0,0,0,0,0,9,7,E01027090,3,1,0.0,1.0,-1,3,70,1,1,1,07:36,2,4,9
2023430219243,2023,430219243,1,1,1,1,46,8,2,0,0,0,0,0,9,10,E01031820,-1,0,1.0,0.0,-1,1,30,1,1,1,11:35,6,2,9
2023430520717,2023,430520717,1,1,1,2,41,7,3,0,0,0,0,0,9,3,E01016455,-1,0,0.00906,0.99094,-1,6,30,1,4,1,07:05,1,2,9
2023631356244,2023,631356244,2,2,2,2,88,11,3,0,0,1,0,0,9,6,E01027030,3,1,0.0,1.0,-1,6,60,1,6,1,20:33,2,2,9
2023010456419,2023,010456419,4,2,1,1,51,8,3,0,0,0,0,0,9,8,E01004589,-1,0,0.0,1.0,-1,6,20,1,4,1,23:20,5,4,9
2023201380803,2023,201380803,2,2,2,2,14,3,3,0,0,-1,0,0,9,2,E01010038,3,1,0.0,1.0,-1,1,30,1,1,2,08:46,3,2,9
2023332301017,2023,332301017,2,1,1,2,78,11,3,0,0,0,0,0,9,9,E01025913,-1,0,0.03663,0.96337,-1,6,50,1,1,2,13:00,7,2,9
2023401279200,2023,401279200,1,3,2,1,62,9,2,0,0,1,0,0,9,6,E01023632,7,1,1.0,0.0,-1,6,40,1,1,1,13:24,2,2,9
2023991285920,2023,991285920,1,1,1,2,30,6,3,0,0,0,0,0,9,-1,-1,3,1,0.0,1.0,-1,6,60,1,1,1,10:30,6,1,9
2023052301601,2023,052301601,2,2,1,1,42,7,3,0,0,0,0,0,9,1,E01033228,-1,0,0.02214,0.97786,-1,6,30,1,1,1,16:00,3,4,9
2023141354567,2023,141354567,2,2,1,1,27,6,3,0,0,0,0,0,9,-1,-1,3,1,0.0,1.0,-1,6,30,1,1,2,17:43,4,2,9
2023170H10943,2023,170H10943,1,1,1,1,38,7,3,0,0,0,0,0,9,5,E01020772,-1,0,0.147,0.853,-1,6,60,2,4,5,16:28,2,1,9
2023361316976,2023,361316976,1,1,1,1,79,11,1,0,0,0,0,0,9,7,E01027204,1,1,0.0,0.0,-1,6,60,1,1,1,15:52,6,2,9
2023610033223,2023,610033223,1,1,1,1,26,6,2,0,0,0,0,0,9,6,W01001587,-1,0,1.0,0.0,-1,6,60,2,6,2,05:50,3,1,9
2023610052623,2023,610052623,1,1,2,2,20,4,3,0,0,2,0,0,9,-1,-1,-1,0,0.04352,0.95648,-1,6,20,1,4,1,16:47,1,2,9
2023101387014,2023,101387014,2,1,1,1,26,6,3,0,0,0,0,0,9,-1,-1,3,1,0.0,1.0,-1,3,50,1,1,2,12:47,7,2,9
2023231352318,2023,231352318,2,1,2,2,35,6,3,0,0,1,0,0,9,-1,-1,3,1,0.0,1.0,-1,6,30,1,1,2,14:39,7,2,9
2023451294779,2023,451294779,1,1,1,1,23,5,3,0,0,0,0,0,9,8,E01030675,3,1,0.0,1.0,-1,6,60,1,1,1,13:55,6,2,9
2023461290853,2023,461290853,1,1,2,2,54,8,3,0,0,1,0,0,9,7,E01029981,3,1,0.0,1.0,-1,3,70,1,4,1,19:35,1,2,9
2023351272015,2023,351272015,2,1,1,1,34,6,3,0,0,0,0,0,9,5,E01018138,3,1,0.0,1.0,-1,3,60,8,1,1,10:15,2,2,9
2023461294184,2023,461294184,2,1,1,1,29,6,3,0,0,0,0,0,9,8,E01033213,3,1,0.0,1.0,-1,6,60,2,1,2,16:12,6,2,9
2023552300657,2023,552300657,2,1,1,2,29,6,3,0,0,0,0,0,9,8,E01015389,-1,0,0.00403,0.99597,-1,6,30,1,1,1,08:30,4,2,9
2023991383643,2023,991383643,2,1,1,1,74,10,2,0,0,0,0,0,9,10,-1,6,1,1.0,0.0,-1,6,30,1,4,2,10:00,4,2,9
2023041286810,2023,041286810,2,1,1,1,36,7,3,0,0,0,0,0,9,1,E01033226,3,1,0.0,1.0,-1,6,30,1,4,2,19:42,3,2,9
2023421319256,2023,421319256,2,1,1,1,30,6,3,0,0,0,0,0,9,2,E01021711,3,1,0.0,1.0,-1,6,30,1,1,1,20:12,5,2,9
2023471388417,2023,471388417,1,1,1,1,45,7,3,0,0,0,0,0,9,9,E01031693,3,1,0.0,1.0,-1,6,30,1,4,2,05:40,5,2,9
2023101388001,2023,101388001,1,1,3,2,61,9,2,5,1,0,0,0,0,6,E01008206,7,1,1.0,0.0,-1,6,30,1,1,2,11:00,7,1,9
2023430497435,2023,430497435,1,1,3,2,40,7,1,9,8,0,0,0,0,7,E01016288,-1,0,0.0,0.0,-1,6,60,1,1,2,09:15,1,1,9
2023010478087,2023,010478087,1,1,1,-1,27,6,3,0,0,0,0,0,3,2,E01003159,-1,0,0.0,1.0,-1,9,30,9,7,9,18:30,7,2,3
2023451294691,2023,451294691,1,1,1,1,23,5,1,0,0,0,0,0,5,7,E01023100,1,1,0.0,0.0,-1,6,30,1,1,1,18:55,6,1,5
202360A019206,2023,60A019206,1,1,1,2,-1,-1,3,0,0,0,0,0,5,-1,-1,-1,0,0.25531,0.74469,-1,6,60,1,1,1,16:40,4,3,5
2023411374069,2023,411374069,1,1,1,1,63,9,2,0,0,0,0,0,23,5,E01021575,5,1,1.0,0.0,-1,6,20,1,1,2,13:45,5,1,23
2023201358726,2023,201358726,1,1,1,1,41,7,3,0,0,0,0,0,10,6,E01029670,3,1,0.0,1.0,-1,6,40,1,4,1,03:20,5,1,10
2023131350094,2023,131350094,1,1,3,2,11,3,3,6,9,0,0,2,0,1,E01010814,3,1,0.0,1.0,-1,6,30,1,1,1,14:25,5,1,9
2023421342800,2023,421342800,1,1,3,1,35,6,2,5,4,0,0,0,0,1,E01015841,7,1,1.0,0.0,-1,6,30,1,1,1,14:00,5,1,9
2023010476933,2023,010476933,1,1,1,2,26,6,3,0,0,0,0,0,1,4,E01004357,-1,0,0.0,1.0,-1,6,30,1,1,1,07:50,3,2,1
2023531366371,2023,531366371,2,1,1,1,64,9,3,0,0,0,0,0,5,9,E01022396,3,1,0.0,1.0,-1,1,60,1,6,2,07:07,3,2,5
2023302301103,2023,302301103,1,1,3,2,58,9,2,6,9,0,0,0,0,3,E01019739,-1,0,1.0,0.0,-1,6,30,1,1,1,19:02,4,1,9
2023052302474,2023,052302474,2,1,1,1,26,6,3,0,0,0,0,0,9,6,E01006900,-1,0,0.02553,0.97447,-1,6,30,1,1,1,19:30,3,2,9
2023401364169,2023,401364169,1,1,1,1,41,7,3,0,0,0,0,0,9,8,E01023616,3,1,0.0,1.0,-1,6,40,2,6,2,21:34,4,2,9
2023461320755,2023,461320755,2,5,2,1,21,5,3,0,0,2,0,0,9,1,E01024590,3,1,0.0,1.0,-1,3,70,1,1,1,17:30,5,4,9
2023471370746,2023,471370746,2,2,2,2,11,3,3,0,0,1,0,0,9,9,E01021208,3,1,0.0,1.0,-1,6,30,1,4,2,20:50,7,2,9
2023991344011,2023,991344011,2,1,1,2,44,7,3,0,0,0,0,0,9,4,-1,3,1,0.0,1.0,-1,6,60,1,1,1,13:00,2,2,9
2023131375401,2023,131375401,1,1,3,2,12,3,3,5,1,0,0,2,0,3,E01007345,3,1,0.0,1.0,-1,6,30,1,1,2,15:19,5,1,9
2023991359113,2023,991359113,1,1,3,2,41,7,3,5,2,0,0,2,0,7,-1,3,1,0.0,1.0,-1,6,30,1,1,1,13:05,6,1,5
2023010448864,2023,010448864,1,1,1,1,54,8,3,0,0,0,0,0,1,3,E01033492,-1,0,0.0,1.0,-1,2,20,1,1,1,15:50,3,1,1
202360A066085,2023,60A066085,1,1,1,1,13,3,3,0,0,0,0,0,1,-1,-1,-1,0,0.1086,0.8914,-1,6,30,1,1,1,08:30,6,2,1
2023010456530,2023,010456530,1,1,1,1,56,9,3,0,0,0,0,0,9,2,E01002087,-1,0,0.0,1.0,-1,3,20,1,1,1,17:30,6,2,9
2023201285325,2023,201285325,1,1,1,1,46,8,3,0,0,0,0,0,9,3,E01009095,3,1,0.0,1.0,-1,6,30,1,4,1,17:00,2,2,9
2023201393077,2023,201393077,1,1,1,1,23,5,3,0,0,0,0,0,9,5,E01009169,3,1,0.0,1.0,-1,6,30,2,1,2,18:22,7,2,9
2023211292305,2023,211292305,2,1,1,1,23,5,3,0,0,0,0,0,9,2,E01014276,3,1,0.0,1.0,-1,6,30,1,7,1,19:05,6,3,9
2023320614333,2023,320614333,2,1,2,1,38,7,3,0,0,1,0,0,9,4,E01026057,-1,0,0.04602,0.95398,-1,6,30,1,1,1,13:14,3,2,9
2023010482127,2023,010482127,1,1,2,2,84,11,2,0,0,0,3,0,11,9,E01003418,-1,0,1.0,0.0,-1,6,30,2,1,2,13:32,3,1,11
2023101388346,2023,101388346,2,1,2,2,-1,-1,3,0,0,0,4,0,11,-1,-1,3,1,0.0,1.0,-1,3,30,9,1,1,12:55,3,2,11
2023320361643,2023,320361643,2,1,2,1,18,4,3,0,0,1,0,0,9,9,E01025979,-1,0,0.01853,0.98147,-1,6,30,1,1,1,12:35,3,2,9
2023411397661,2023,411397661,2,2,1,1,18,4,3,0,0,0,0,0,9,9,E01023299,3,1,0.0,1.0,-1,6,40,1,1,1,12:09,5,2,9
2023461266048,2023,461266048,1,1,1,1,30,6,3,0,0,0,0,0,9,5,E01016034,3,1,0.0,1.0,-1,6,30,2,1,2,05:53,2,1,9
202360A143230,2023,60A143230,2,1,1,1,30,6,3,0,0,0,0,0,9,-1,-1,-1,0,0.06604,0.93396,-1,6,30,1,1,1,19:45,3,2,9
2023471309273,2023,471309273,2,1,1,1,57,9,2,0,0,0,0,0,1,7,E01021025,7,1,1.0,0.0,-1,6,30,1,1,2,11:20,6,2,1
2023010447299,2023,010447299,1,1,1,1,23,5,3,0,0,0,0,0,3,6,E01003033,-1,0,0.0,1.0,-1,9,20,9,1,9,17:55,6,2,3
2023010486570,2023,010486570,2,1,1,1,26,6,3,0,0,0,0,0,3,6,E01003394,-1,0,0.0,1.0,-1,6,30,1,4,1,00:15,7,2,3
2023991320497,2023,991320497,1,1,1,1,61,9,3,0,0,0,0,0,9,-1,-1,3,1,0.0,1.0,-1,6,60,1,1,1,18:08,2,2,9
2023010462954,2023,010462954,2,1,1,2,31,6,3,0,0,0,0,0,9,2,E01000433,-1,0,0.0,1.0,-1,3,40,1,1,1,12:32,3,2,9
2023161295389,2023,161295389,1,2,2,1,31,6,3,0,0,1,0,0,9,9,E01012965,3,1,0.0,1.0,-1,6,30,1,1,1,15:40,1,3,9
2023320244000,2023,320244000,1,1,1,1,75,10,3,0,0,0,0,0,9,-1,-1,-1,0,0.06508,0.93492,-1,6,30,2,1,2,10:30,1,2,9
2023401316235,2023,401316235,1,1,1,1,32,6,3,0,0,0,0,0,9,3,E01017580,3,1,0.0,1.0,-1,1,30,1,1,1,14:03,4,2,9
2023411344318,2023,411344318,1,1,1,2,60,9,3,0,0,0,0,0,9,6,E01023751,3,1,0.0,1.0,-1,6,40,8,1,2,17:38,7,2,9
2023451308006,2023,451308006,1,1,1,1,92,11,3,0,0,0,0,0,9,-1,-1,3,1,0.0,1.0,-1,6,30,1,1,1,11:15,3,1,9
202363C031123,2023,63C031123,1,1,1,1,18,4,3,0,0,0,0,0,9,-1,-1,-1,0,0.14157,0.85843,-1,6,60,1,6,1,22:50,7,1,9
2023010463379,2023,010463379,2,1,1,2,31,6,3,0,0,0,0,0,4,6,E01003219,-1,0,0.0,1.0,-1,6,20,1,1,2,14:27,5,2,4
2023552300775,2023,552300775,2,1,1,1,56,9,3,0,0,0,0,0,5,5,E01020469,-1,0,0.1409,0.8591,-1,1,30,1,1,1,19:13,4,2,5
2023411352829,2023,411352829,1,1,1,2,12,3,3,0,0,0,0,0,-1,7,E01023776,3,1,0.0,1.0,-1,6,30,1,1,1,16:45,2,2,-1
2023010430576,2023,010430576,2,1,1,1,20,4,3,0,0,0,0,0,1,2,E01001833,-1,0,0.0,1.0,-1,6,30,1,4,1,21:05,1,2,1
2023010434410,2023,010434410,1,1,1,1,61,9,3,0,0,0,0,0,9,3,E01004633,-1,0,0.0,1.0,-1,6,30,1,4,1,03:41,2,2,9
2023311351825,2023,311351825,1,1,1,1,29,6,3,0,0,0,0,0,9,8,E01028321,3,1,0.0,1.0,-1,6,50,2,1,2,19:44,3,2,9
2023010478453,2023,010478453,2,1,1,1,34,6,3,0,0,0,0,0,9,-1,-1,-1,0,0.0,1.0,-1,6,20,1,7,1,00:44,6,2,9
2023131345935,2023,131345935,2,1,1,2,31,6,3,0,0,0,0,0,9,-1,-1,3,1,0.0,1.0,-1,6,30,1,1,1,16:38,6,2,9
2023131364352,2023,131364352,2,2,1,1,68,10,3,0,0,0,0,0,9,4,E01011153,3,1,0.0,1.0,-1,6,30,1,1,1,10:17,4,2,9
2023161311417,2023,161311417,1,1,1,1,51,8,3,0,0,0,0,0,9,9,E01013243,3,1,0.0,1.0,-1,6,60,1,1,1,15:43,2,2,9
2023010452459,2023,010452459,2,1,1,2,64,9,3,0,0,0,0,0,9,4,E01004614,-1,0,0.0,1.0,-1,6,20,1,1,1,19:45,6,2,9
2023041391621,2023,041391621,2,2,1,1,52,8,2,0,0,0,0,0,9,7,E01025561,5,1,1.0,0.0,-1,3,50,4,5,1,22:08,6,2,9
2023411278140,2023,411278140,2,1,1,2,53,8,3,0,0,0,0,0,9,10,E01033189,3,1,0.0,1.0,-1,6,30,1,1,1,15:10,1,3,9
2023531381566,2023,531381566,1,1,1,2,18,4,3,0,0,0,0,0,9,4,E01022240,3,1,0.0,1.0,-1,6,60,8,4,4,18:20,6,3,9
2023541361023,2023,541361023,1,1,1,1,37,7,3,0,0,0,0,0,9,8,E01032709,-1,0,0.04425,0.95575,-1,6,30,1,1,1,07:28,3,2,9
2023201417732,2023,201417732,2,2,1,1,47,8,3,0,0,0,0,0,9,6,E01009036,3,1,0.0,1.0,-1,6,30,1,1,1,07:53,6,4,9
2023471284448,2023,471284448,2,1,1,2,52,8,3,0,0,0,0,0,9,8,E01031420,3,1,0.0,1.0,-1,6,30,1,1,2,17:30,2,2,9
2023501343119,2023,501343119,2,1,1,2,43,7,3,0,0,0,0,0,9,5,E01015237,3,1,0.0,1.0,-1,3,50,1,1,1,09:29,5,2,9
202360A090536,2023,60A090536,2,2,1,1,45,7,3,0,0,0,0,0,9,-1,-1,-1,0,0.11038,0.88962,-1,6,60,1,1,1,17:04,2,2,9
2023221273611,2023,221273611,2,2,1,1,86,11,2,0,0,0,0,0,9,6,E01032401,5,1,1.0,0.0,-1,6,40,1,1,1,07:56,6,2,9
2023501363213,2023,501363213,2,4,2,2,80,11,3,0,0,1,0,0,9,7,E01018800,3,1,0.0,1.0,-1,6,60,1,1,2,14:24,6,2,9
2023471290663,2023,471290663,1,1,2,1,12,3,3,0,0,1,0,0,9,5,E01031818,3,1,0.0,1.0,-1,3,40,1,1,2,16:40,1,1,9
202360A117059,2023,60A117059,1,1,1,2,75,10,2,0,0,0,0,0,9,-1,-1,-1,0,1.0,0.0,-1,6,30,1,1,1,08:25,3,2,9
2023070994863,2023,070994863,1,1,3,2,15,3,3,5,1,0,0,0,0,2,E01012536,-1,0,0.0725,0.9275,-1,6,30,1,1,2,16:55,4,1,9
2023131331193,2023,131331193,1,1,3,1,22,5,3,8,8,0,0,2,0,1,E01011292,3,1,0.0,1.0,-1,6,20,1,4,2,06:15,1,1,9
2023161367662,2023,161367662,1,1,3,1,67,10,3,10,9,0,0,2,0,9,E01013152,3,1,0.0,1.0,-1,6,20,1,1,1,10:05,6,1,9
2023061265731,2023,061265731,2,1,1,1,13,3,2,0,0,0,0,0,-1,3,E01005797,5,1,1.0,0.0,-1,6,30,1,4,2,20:54,5,2,-1
2023131299325,2023,131299325,2,1,1,2,61,9,3,0,0,0,0,0,9,2,E01032492,3,1,0.0,1.0,-1,6,40,1,7,1,18:38,5,2,9
2023201338833,2023,201338833,2,1,1,2,21,5,3,0,0,0,0,0,9,1,E01010435,3,1,0.0,1.0,-1,3,40,1,4,1,21:30,2,2,9
2023411328472,2023,411328472,1,1,1,1,18,4,3,0,0,0,0,0,9,10,E01023453,3,1,0.0,1.0,-1,6,30,1,1,1,15:06,1,2,9
2023411333215,2023,411333215,1,2,2,1,21,5,2,0,0,1,0,0,9,-1,-1,7,1,1.0,0.0,-1,6,30,1,1,1,16:57,5,2,9
2023991301749,2023,991301749,1,1,1,1,61,9,3,0,0,0,0,0,9,9,-1,3,1,0.0,1.0,-1,7,70,2,1,2,18:15,5,1,9
2023061393876,2023,061393876,1,1,3,2,36,7,3,1,1,0,0,0,0,5,E01006391,3,1,0.0,1.0,-1,6,30,1,1,1,08:45,4,1,9
2023430024153,2023,430024153,1,1,3,2,16,4,3,1,3,0,0,0,0,8,E01028807,-1,0,0.09821,0.90179,-1,6,20,1,1,4,08:26,3,1,9
2023501292186,2023,501292186,1,1,3,2,63,9,2,10,9,0,0,0,0,7,E01019988,7,1,1.0,0.0,-1,6,30,1,1,2,12:20,4,1,19
2023522301717,2023,522301717,1,1,1,1,25,5,3,0,0,0,0,0,1,8,E01014693,-1,0,0.03753,0.96247,-1,6,30,1,1,1,12:05,7,2,1
2023010449177,2023,010449177,2,1,1,1,40,7,3,0,0,0,0,0,3,2,E01003542,-1,0,0.0,1.0,-1,2,20,1,1,1,08:44,5,2,3
2023101271088,2023,101271088,2,1,1,2,27,6,3,0,0,0,0,0,9,1,E01008389,3,1,0.0,1.0,-1,1,30,1,4,1,19:15,2,2,9
2023461295608,2023,461295608,1,1,2,2,18,4,3,0,0,1,0,0,9,3,E01024501,3,1,0.0,1.0,-1,6,60,2,6,2,20:02,5,2,9
2023991346091,2023,991346091,1,1,1,1,36,7,3,0,0,0,0,0,19,3,-1,3,1,0.0,1.0,-1,6,20,1,1,1,12:52,5,1,19
2023111387138,2023,111387138,2,1,1,1,15,3,3,0,0,0,0,0,1,-1,-1,3,1,0.0,1.0,-1,6,30,1,1,1,08:24,2,2,1
2023231318477,2023,231318477,2,1,1,1,58,9,3,0,0,0,0,0,1,7,E01022630,3,1,0.0,1.0,-1,1,40,1,1,1,14:00,1,2,1
2023332300734,2023,332300734,2,1,1,1,39,7,3,0,0,0,0,0,1,-1,-1,-1,0,0.06819,0.93181,-1,6,30,1,1,1,18:00,1,2,1
2023501382297,2023,501382297,2,1,1,1,80,11,3,0,0,0,0,0,1,7,E01019018,3,1,0.0,1.0,-1,6,30,1,1,1,10:02,2,2,1
2023201318815,2023,201318815,1,1,1,1,21,5,2,0,0,0,0,0,5,2,E01010074,6,1,1.0,0.0,-1,6,30,1,1,1,17:06,2,2,5
2023471305269,2023,471305269,1,1,3,2,52,8,2,8,5,0,0,0,0,10,E01031703,7,1,1.0,0.0,-1,6,30,1,4,1,21:10,5,1,3
2023548711723,2023,548711723,1,1,3,2,29,6,3,6,9,0,0,0,0,10,E01014930,-1,0,0.02242,0.97758,-1,6,20,1,1,1,14:15,5,1,19
2023141360615,2023,141360615,1,1,2,1,22,5,3,0,0,1,0,0,9,1,E01007715,3,1,0.0,1.0,-1,6,30,1,4,1,20:00,7,2,9
2023311338367,2023,311338367,1,1,2,2,77,11,2,0,0,1,0,0,9,4,E01028239,6,1,1.0,0.0,-1,6,30,1,1,1,11:25,6,1,9
2023471289110,2023,471289110,2,1,1,1,44,7,3,0,0,0,0,0,9,3,E01031366,3,1,0.0,1.0,-1,6,30,1,1,1,21:55,1,2,9
2023991324576,2023,991324576,2,1,1,1,20,4,3,0,0,0,0,0,9,7,-1,3,1,0.0,1.0,-1,6,30,2,1,2,19:25,6,2,9
2023010468407,2023,010468407,1,3,2,-1,32,6,3,0,0,2,0,0,9,-1,-1,-1,0,0.0,1.0,-1,3,40,2,4,2,08:14,4,1,9
2023011276795,2023,011276795,3,4,2,1,56,9,3,0,0,2,0,0,9,3,E01002284,3,1,0.0,1.0,-1,6,50,1,4,1,19:53,4,3,9
2023221276895,2023,221276895,1,1,1,1,86,11,3,0,0,0,0,0,9,8,E01009530,3,1,0.0,1.0,-1,6,60,1,1,1,14:33,3,2,9
2023411341824,2023,411341824,1,1,1,1,90,11,3,0,0,0,0,0,9,10,E01023749,3,1,0.0,1.0,-1,1,70,1,1,1,13:20,5,1,9
2023041375834,2023,041375834,2,1,1,1,21,5,3,0,0,0,0,0,1,4,E01033071,3,1,0.0,1.0,-1,6,30,1,1,1,12:45,4,2,1
2023991376081,2023,991376081,1,1,3,2,12,3,3,6,7,0,0,2,0,-1,-1,3,1,0.0,1.0,-1,6,30,1,1,1,08:25,5,1,9
2023101347137,2023,101347137,1,1,1,2,26,6,2,0,0,0,0,0,9,3,E01008337,7,1,1.0,0.0,-1,6,30,1,4,1,21:30,5,1,9
2023201310885,2023,201310885,1,1,1,1,24,5,2,0,0,0,0,0,97,6,E01010339,5,1,1.0,0.0,-1,3,40,1,1,1,19:29,7,2,97
2023122301345,2023,122301345,1,3,2,2,13,3,3,0,0,2,0,0,8,6,E01027559,-1,0,0.06997,0.93003,-1,6,60,5,6,2,22:50,7,2,8
2023440076404,2023,440076404,1,1,3,1,8,2,3,5,4,0,0,0,0,7,E01022733,-1,0,0.13457,0.86543,-1,6,30,1,1,1,08:55,6,1,9
2023010435801,2023,010435801,2,1,1,1,38,7,3,0,0,0,0,0,1,3,E01000502,-1,0,0.0,1.0,-1,6,20,1,1,1,10:35,3,2,1
2023451325134,2023,451325134,1,1,1,1,17,4,2,0,0,0,0,0,1,10,E01030487,7,1,1.0,0.0,-1,6,30,1,1,1,13:59,7,2,1
2023461348761,2023,461348761,1,2,2,2,14,3,3,0,0,2,0,0,9,1,E01026808,3,1,0.0,1.0,-1,6,60,1,1,1,18:00,3,3,9
2023610029623,2023,610029623,1,1,1,2,33,6,3,0,0,0,0,0,9,9,W01001581,-1,0,0.10315,0.89685,-1,6,60,1,1,1,13:36,5,2,9
2023041350716,2023,041350716,1,1,1,1,21,5,3,0,0,0,0,0,9,10,E01024977,3,1,0.0,1.0,-1,6,60,1,1,1,18:40,6,1,9
2023340WN0062,2023,340WN0062,2,1,2,1,18,4,3,0,0,1,0,0,9,3,E01025806,-1,0,0.04237,0.95763,-1,6,40,2,4,2,16:55,1,2,9
2023411395911,2023,411395911,1,1,1,1,17,4,3,0,0,0,0,0,2,9,E01023352,3,1,0.0,1.0,-1,6,30,1,4,1,16:26,4,2,2
2023010484869,2023,010484869,1,1,3,2,64,9,3,5,2,0,0,0,0,2,E01003540,-1,0,0.0,1.0,-1,6,20,2,1,2,08:30,3,1,9
2023161351363,2023,161351363,2,1,1,2,32,6,3,0,0,0,0,0,9,1,E01013311,3,1,0.0,1.0,-1,6,40,1,1,1,15:49,2,3,9
2023520400370,2023,520400370,2,2,1,2,84,11,3,0,0,0,0,0,9,10,E01029128,-1,0,0.0383,0.9617,-1,6,40,1,1,1,13:53,3,2,9
2023440159226,2023,440159226,1,1,1,1,29,6,3,0,0,0,0,0,16,7,E01023225,-1,0,0.12391,0.87609,-1,6,40,1,1,1,16:45,1,3,16
2023122300946,2023,122300946,1,1,3,2,22,5,3,5,1,0,0,0,0,2,E01033067,-1,0,0.12752,0.87248,-1,6,30,1,1,1,19:29,7,1,9