collision_index,collision_year,collision_ref_no,vehicle_reference,casualty_reference,casualty_class,sex_of_casualty,age_of_casualty,age_band_of_casualty,casualty_severity,pedestrian_location,pedestrian_movement,car_passenger,bus_or_coach_passenger,pedestrian_road_maintenance_worker,casualty_type,casualty_imd_decile,lsoa_of_casualty,enhanced_casualty_severity,casualty_injury_based,casualty_adjusted_severity_serious,casualty_adjusted_severity_slight,casualty_distance_banding,road_type,speed_limit,weather_conditions,light_conditions,road_surface_conditions,time,day_of_week,number_of_vehicles,vehicle_type
2023201374648,2023,201374648,1,1,3,2,15,3,3,5,1,0,0,0,0,2,E01010019,3,1,0.0,1.0,-1,6,30,1,4,1,17:39,3,1,9
2023411341523,2023,411341523,2,1,1,1,29,6,3,0,0,0,0,0,3,7,E01023739,3,1,0.0,1.0,-1,1,30,1,1,1,18:00,3,2,3
2023421272219,2023,421272219,1,1,1,1,24,5,2,0,0,0,0,0,3,2,E01015896,7,1,1.0,0.0,-1,1,40,1,1,1,16:32,5,1,3
2023131272992,2023,131272992,1,1,1,1,26,6,3,0,0,0,0,0,9,1,E01010666,3,1,0.0,1.0,-1,6,30,1,1,1,13:33,2,3,9
2023622300333,2023,622300333,1,4,2,2,0,1,3,0,0,2,0,0,9,10,W01001090,-1,0,0.0213,0.9787,-1,6,30,1,1,1,08:36,3,2,9
2023991373610,2023,991373610,2,2,1,2,31,6,3,0,0,0,0,0,9,9,-1,3,1,0.0,1.0,-1,1,70,1,1,1,12:40,6,2,9
2023461350234,2023,461350234,1,1,3,1,9,2,3,5,2,0,0,0,0,3,E01024713,3,1,0.0,1.0,-1,6,30,1,1,1,18:46,2,1,9
2023161304896,2023,161304896,2,1,1,1,31,6,3,0,0,0,0,0,3,8,E01012977,3,1,0.0,1.0,-1,6,30,1,1,1,12:55,1,2,3
2023010452718,2023,010452718,1,1,2,1,17,4,2,0,0,0,0,0,4,-1,-1,-1,0,1.0,0.0,-1,6,20,1,4,1,00:01,1,3,4
2023010461457,2023,010461457,1,3,2,1,9,2,3,0,0,2,0,0,9,1,E01021290,-1,0,0.0,1.0,-1,3,40,1,1,1,16:24,7,2,9
2023545123323,2023,545123323,2,1,1,1,59,9,3,0,0,0,0,0,9,4,E01015492,-1,0,0.03031,0.96969,-1,1,30,1,1,1,13:40,3,2,9
2023302300320,2023,302300320,1,1,3,2,42,7,3,6,9,0,0,0,0,5,E01019407,-1,0,0.0587,0.9413,-1,6,30,1,1,1,15:35,2,1,19
2023201297964,2023,201297964,1,2,2,1,46,8,3,0,0,1,0,0,9,2,E01017665,3,1,0.0,1.0,-1,7,30,1,7,1,23:23,6,2,9
2023201410121,2023,201410121,1,1,1,1,35,6,3,0,0,0,0,0,9,1,E01009368,3,1,0.0,1.0,-1,3,30,2,4,2,03:01,5,1,9
2023361280784,2023,361280784,1,1,2,2,79,11,3,0,0,1,0,0,9,4,E01026694,3,1,0.0,1.0,-1,6,60,1,1,1,08:30,1,1,9
2023010476294,2023,010476294,1,1,1,2,48,8,3,0,0,0,0,0,1,9,E01000266,-1,0,0.0,1.0,-1,2,30,1,4,1,17:10,2,2,1
2023430459182,2023,430459182,2,1,1,1,65,9,3,0,0,0,0,0,1,3,E01028621,-1,0,0.12954,0.87046,-1,1,50,1,1,1,12:28,5,2,1
2023031306815,2023,031306815,1,1,1,1,42,7,3,0,0,0,0,0,5,-1,-1,3,1,0.0,1.0,-1,6,60,1,1,1,19:44,6,2,5
2023111377482,2023,111377482,2,1,1,2,38,7,3,0,0,0,0,0,9,2,E01020743,3,1,0.0,1.0,-1,6,30,1,4,1,16:10,4,2,9
2023131391848,2023,131391848,2,1,1,1,43,7,3,0,0,0,0,0,9,1,E01005322,3,1,0.0,1.0,-1,6,30,2,4,2,16:41,6,3,9
2023201330112,2023,201330112,1,2,2,1,23,5,3,0,0,1,0,0,9,1,E01009325,3,1,0.0,1.0,-1,6,30,1,4,2,02:10,1,2,9
2023302301073,2023,302301073,1,1,1,2,40,7,3,0,0,0,0,0,9,2,E01019507,-1,0,0.05731,0.94269,-1,6,40,1,4,1,22:25,3,2,9
2023471382547,2023,471382547,2,1,1,1,34,6,3,0,0,0,0,0,9,8,E01020988,3,1,0.0,1.0,-1,6,30,2,1,2,15:30,2,2,9
2023991363037,2023,991363037,3,3,2,2,58,9,3,0,0,1,0,0,9,-1,-1,3,1,0.0,1.0,-1,6,60,1,1,1,13:38,7,3,9
2023201332482,2023,201332482,1,2,2,1,30,6,3,0,0,0,0,0,19,2,E01010400,3,1,0.0,1.0,-1,6,30,2,1,2,18:10,7,2,19
2023302301626,2023,302301626,2,1,1,2,34,6,2,0,0,0,0,0,19,1,E01019568,-1,0,1.0,0.0,-1,6,30,1,1,2,05:15,7,2,19
2023320369535,2023,320369535,2,1,1,1,13,3,3,0,0,0,0,0,90,9,E01026357,-1,0,0.09444,0.90556,-1,6,30,1,1,1,15:12,6,2,90
2023440047316,2023,440047316,1,1,1,1,42,7,2,0,0,0,0,0,19,3,E01015429,-1,0,1.0,0.0,-1,6,30,1,4,1,01:29,7,1,19
2023052302770,2023,052302770,1,1,3,1,66,10,3,1,1,0,0,0,0,1,E01006569,-1,0,0.2645,0.7355,-1,3,40,1,1,2,14:11,7,1,9
2023010445175,2023,010445175,2,1,1,1,63,9,2,0,0,0,0,0,1,-1,-1,-1,0,1.0,0.0,-1,6,20,1,1,1,09:20,6,2,1
2023010472396,2023,010472396,1,1,1,1,29,6,3,0,0,0,0,0,3,5,E01003260,-1,0,0.0,1.0,-1,6,20,2,1,2,07:40,6,2,3
2023052301604,2023,052301604,2,1,1,1,48,8,3,0,0,0,0,0,3,1,E01006752,-1,0,0.12629,0.87371,-1,6,20,1,1,1,16:00,7,2,3
2023061300412,2023,061300412,1,1,1,1,23,5,2,0,0,0,0,0,3,1,E01005599,6,1,1.0,0.0,-1,6,20,1,1,1,16:10,2,1,3
2023547507323,2023,547507323,1,1,1,2,92,11,2,0,0,0,0,0,9,2,E01032023,-1,0,1.0,0.0,-1,6,20,1,1,1,15:30,2,1,9
2023221380212,2023,221380212,1,1,3,2,14,3,3,6,9,0,0,0,0,-1,-1,3,1,0.0,1.0,-1,6,30,1,1,1,15:49,3,1,9
2023010462126,2023,010462126,1,1,1,1,38,7,3,0,0,0,0,0,1,3,E01000535,-1,0,0.0,1.0,-1,6,20,1,1,1,10:10,5,3,1
2023131270617,2023,131270617,2,1,1,1,50,8,2,0,0,0,0,0,1,10,E01011703,7,1,1.0,0.0,-1,6,30,1,4,1,17:52,3,2,1
2023451346746,2023,451346746,2,1,1,2,23,5,2,0,0,0,0,0,5,9,E01016608,7,1,1.0,0.0,-1,3,30,1,1,1,17:12,3,2,5
2023031342961,2023,031342961,1,1,1,1,20,4,2,0,0,0,0,0,9,6,E01019297,5,1,1.0,0.0,-1,6,60,1,6,1,01:56,6,1,9
2023141272350,2023,141272350,1,1,1,1,31,6,3,0,0,0,0,0,9,3,E01008004,3,1,0.0,1.0,-1,3,30,1,1,1,10:30,7,2,9
2023411343190,2023,411343190,2,1,1,2,22,5,3,0,0,0,0,0,9,4,E01000591,3,1,0.0,1.0,-1,3,70,1,1,1,17:56,2,2,9
2023622301003,2023,622301003,2,1,1,2,70,10,3,0,0,0,0,0,9,5,W01001373,-1,0,0.02169,0.97831,-1,6,20,2,1,2,15:37,1,2,9
2023440497375,2023,440497375,1,1,1,1,40,7,3,0,0,0,0,0,1,-1,-1,-1,0,0.10818,0.89182,-1,1,30,1,4,1,22:20,3,2,1
2023461361516,2023,461361516,2,1,1,1,47,8,3,0,0,0,0,0,1,5,E01024095,3,1,0.0,1.0,-1,6,60,1,1,1,12:24,3,2,1
2023010482831,2023,010482831,1,1,1,1,38,7,3,0,0,0,0,0,9,3,E01003014,-1,0,0.0,1.0,-1,1,30,1,1,1,11:00,6,2,9
2023471308823,2023,471308823,1,2,2,1,38,7,3,0,0,1,0,0,9,10,E01031729,3,1,0.0,1.0,-1,3,70,1,1,1,09:35,5,1,9
2023991344902,2023,991344902,1,1,1,1,18,4,3,0,0,0,0,0,9,6,-1,3,1,0.0,1.0,-1,6,60,1,1,2,19:30,7,2,9
2023031340754,2023,031340754,2,1,1,2,47,8,3,0,0,0,0,0,9,10,E01019244,3,1,0.0,1.0,-1,3,30,1,1,1,12:10,6,2,9
2023041347977,2023,041347977,1,2,2,2,76,11,3,0,0,1,0,0,9,2,E01025044,3,1,0.0,1.0,-1,6,30,1,1,1,17:00,7,2,9
2023201344985,2023,201344985,1,1,1,1,23,5,3,0,0,0,0,0,9,1,E01009339,3,1,0.0,1.0,-1,6,20,1,1,1,20:28,2,2,9
2023421367619,2023,421367619,2,1,1,1,49,8,3,0,0,0,0,0,9,4,E01015873,3,1,0.0,1.0,-1,6,60,1,1,2,12:45,5,2,9
2023461388712,2023,461388712,1,1,1,2,41,7,3,0,0,0,0,0,9,6,E01024736,3,1,0.0,1.0,-1,6,60,1,1,2,13:15,5,2,9
2023010454302,2023,010454302,1,1,1,1,62,9,3,0,0,0,0,0,1,10,E01004478,-1,0,0.0,1.0,-1,6,20,1,1,1,07:37,2,2,1
2023461356307,2023,461356307,2,1,1,2,30,6,3,0,0,0,0,0,3,2,E01024646,3,1,0.0,1.0,-1,6,30,1,1,1,12:45,4,2,3
2023991319816,2023,991319816,2,1,1,1,59,9,1,0,0,0,0,0,5,7,-1,1,1,0.0,0.0,-1,6,60,1,1,1,15:30,7,3,5
2023991330197,2023,991330197,2,2,2,2,60,9,2,0,0,0,0,0,5,-1,-1,6,1,1.0,0.0,-1,6,30,1,1,1,12:00,2,2,5
2023041307640,2023,041307640,1,2,2,1,16,4,2,0,0,2,0,0,9,3,E01025269,7,1,1.0,0.0,-1,6,40,1,1,1,17:37,7,6,9
2023421316251,2023,421316251,2,1,1,2,57,9,3,0,0,0,0,0,9,-1,-1,3,1,0.0,1.0,-1,6,30,1,1,1,11:00,7,2,9
2023401321514,2023,401321514,1,1,1,1,26,6,3,0,0,0,0,0,19,7,E01016713,3,1,0.0,1.0,-1,6,60,1,1,1,16:24,7,3,19
2023010465771,2023,010465771,1,1,3,2,36,7,3,5,4,0,0,0,0,2,E01002906,-1,0,0.0,1.0,-1,3,20,1,1,1,14:15,4,1,10
2023361381167,2023,361381167,1,1,1,1,43,7,2,0,0,0,0,0,2,4,E01026651,5,1,1.0,0.0,-1,6,40,1,1,4,07:35,6,1,2
2023401368480,2023,401368480,2,1,1,1,30,6,3,0,0,0,0,0,2,7,E01033509,3,1,0.0,1.0,-1,6,30,8,1,2,13:01,3,2,2
2023010435416,2023,010435416,2,2,1,1,23,5,2,0,0,0,0,0,3,2,E01000097,-1,0,1.0,0.0,-1,6,30,9,4,1,20:07,7,2,3
2023052302155,2023,052302155,1,1,1,1,19,4,3,0,0,0,0,0,3,1,E01006434,-1,0,0.19386,0.80614,-1,6,30,1,1,1,06:00,4,3,3
2023061353985,2023,061353985,2,1,1,1,42,7,3,0,0,0,0,0,9,7,E01004775,3,1,0.0,1.0,-1,6,30,2,1,2,18:02,2,3,9
2023221308223,2023,221308223,2,6,2,1,16,4,3,0,0,2,0,0,9,5,E01028858,3,1,0.0,1.0,-1,6,50,1,6,1,22:15,4,2,9
2023201295238,2023,201295238,2,1,1,1,27,6,2,0,0,0,0,0,97,1,E01010462,6,1,1.0,0.0,-1,6,30,1,1,1,11:00,6,2,97
2023010419994,2023,010419994,1,1,1,1,29,6,3,0,0,0,0,0,3,1,E01002095,-1,0,0.0,1.0,-1,3,30,1,1,1,03:00,5,2,3
2023552300972,2023,552300972,2,1,1,1,19,4,3,0,0,0,0,0,3,6,E01015462,-1,0,0.12834,0.87166,-1,6,30,1,1,1,17:54,5,2,3
2023461306524,2023,461306524,1,1,1,1,69,10,3,0,0,0,0,0,4,3,E01024372,3,1,0.0,1.0,-1,6,30,1,1,1,18:36,2,1,4
2023010471244,2023,010471244,1,1,1,1,23,5,2,0,0,0,0,0,1,2,E01002969,-1,0,1.0,0.0,-1,6,20,1,4,1,20:45,3,2,1
2023610015423,2023,610015423,1,1,1,1,62,9,2,0,0,0,0,0,3,5,W01001589,-1,0,1.0,0.0,-1,1,30,1,1,1,15:47,2,1,3
2023031298939,2023,031298939,1,1,1,2,62,9,3,0,0,0,0,0,9,-1,-1,3,1,0.0,1.0,-1,6,30,9,4,1,14:55,4,2,9
2023041380614,2023,041380614,2,1,1,2,23,5,2,0,0,0,0,0,9,-1,-1,7,1,1.0,0.0,-1,6,30,1,6,2,19:50,4,2,9
2023061349703,2023,061349703,2,1,2,2,37,7,3,0,0,2,0,0,9,-1,-1,3,1,0.0,1.0,-1,3,30,1,1,1,14:50,2,2,9
2023161382048,2023,161382048,2,1,1,2,56,9,3,0,0,0,0,0,9,8,E01013292,3,1,0.0,1.0,-1,6,60,3,1,3,07:43,1,2,9
2023201324452,2023,201324452,1,1,1,1,38,7,3,0,0,0,0,0,9,5,E01009135,3,1,0.0,1.0,-1,6,30,1,1,1,11:17,6,1,9
2023302300310,2023,302300310,1,1,1,2,18,4,2,0,0,0,0,0,9,5,E01028171,-1,0,1.0,0.0,-1,6,50,1,6,2,17:50,1,1,9
2023311378843,2023,311378843,1,1,2,2,69,10,3,0,0,1,0,0,9,4,E01028077,3,1,0.0,1.0,-1,3,30,1,1,1,14:51,7,1,9
2023501332971,2023,501332971,2,1,2,2,62,9,3,0,0,0,4,0,11,6,E01019058,3,1,0.0,1.0,-1,3,60,1,1,1,18:52,6,2,11
2023010451740,2023,010451740,1,1,1,1,60,9,3,0,0,0,0,0,9,6,E01001033,-1,0,0.0,1.0,-1,7,20,1,1,1,10:20,4,2,9
2023201289873,2023,201289873,2,2,2,1,26,6,3,0,0,1,0,0,9,-1,-1,3,1,0.0,1.0,-1,6,30,9,4,1,19:30,2,2,9
2023010454329,2023,010454329,1,1,2,2,48,8,3,0,0,0,3,0,11,1,E01003045,-1,0,0.0,1.0,-1,6,30,1,1,1,13:40,2,1,11
2023061382769,2023,061382769,3,1,1,2,71,10,3,0,0,0,0,0,9,3,E01005893,3,1,0.0,1.0,-1,6,30,2,1,2,12:48,7,3,9
2023161377611,2023,161377611,1,3,2,1,9,2,3,0,0,1,0,0,9,7,E01013011,3,1,0.0,1.0,-1,3,30,1,1,2,08:45,7,2,9
2023320245820,2023,320245820,1,2,1,2,45,7,1,0,0,0,0,0,9,4,E01032986,-1,0,0.0,0.0,-1,6,60,1,1,1,09:04,2,2,9
2023340NN1792,2023,340NN1792,1,1,1,1,40,7,3,0,0,0,0,0,9,-1,-1,-1,0,0.08459,0.91541,-1,6,60,1,1,1,16:50,6,2,9
2023361300611,2023,361300611,1,1,1,1,72,10,3,0,0,0,0,0,9,6,E01026446,3,1,0.0,1.0,-1,6,50,1,1,1,12:32,6,3,9
2023131315564,2023,131315564,2,1,1,1,43,7,2,0,0,0,0,0,1,2,E01011281,7,1,1.0,0.0,-1,3,30,1,1,1,17:00,2,2,1
2023411366061,2023,411366061,3,2,1,1,-1,-1,3,0,0,0,0,0,1,7,E01023944,3,1,0.0,1.0,-1,6,30,2,1,2,15:12,4,3,1
2023141324047,2023,141324047,1,2,2,1,39,7,3,0,0,1,0,0,9,-1,-1,3,1,0.0,1.0,-1,6,50,1,1,1,11:00,5,2,9
2023361361177,2023,361361177,2,1,1,2,39,7,3,0,0,0,0,0,9,2,E01033040,3,1,0.0,1.0,-1,6,60,1,1,1,13:19,2,2,9
2023010437062,2023,010437062,1,1,1,1,31,6,3,0,0,0,0,0,3,6,E01003149,-1,0,0.0,1.0,-1,9,20,1,1,1,12:38,4,2,3
2023070202119,2023,070202119,2,1,1,1,18,4,3,0,0,0,0,0,3,10,E01018694,-1,0,0.14289,0.85711,-1,6,40,2,1,2,17:08,5,2,3
2023520400601,2023,520400601,1,1,1,2,55,8,3,0,0,0,0,0,3,1,E01029132,-1,0,0.13769,0.86231,-1,6,30,1,1,1,06:25,2,2,3
2023010462198,2023,010462198,1,1,3,2,23,5,3,5,9,0,0,0,0,3,E01003374,-1,0,0.0,1.0,-1,6,20,2,1,2,17:25,5,1,9
2023221269683,2023,221269683,1,1,1,1,49,8,3,0,0,0,0,0,19,6,E01014006,3,1,0.0,1.0,-1,3,30,1,1,1,08:55,5,1,19
2023141302182,2023,141302182,1,1,1,2,41,7,3,0,0,0,0,0,9,-1,-1,3,1,0.0,1.0,-1,6,30,1,4,1,21:55,6,2,9
2023010485276,2023,010485276,1,1,1,1,20,4,2,0,0,0,0,0,1,2,E01000954,-1,0,1.0,0.0,-1,2,20,1,4,1,23:20,4,2,1
2023010475596,2023,010475596,2,1,1,1,25,5,3,0,0,0,0,0,3,4,E01003661,-1,0,0.0,1.0,-1,1,30,5,4,2,22:46,5,2,3
2023010459648,2023,010459648,1,1,3,1,33,6,3,5,3,0,0,0,0,3,E01003976,-1,0,0.0,1.0,-1,6,30,1,1,1,08:10,4,1,9
2023101445374,2023,101445374,1,1,3,1,45,7,3,5,1,0,0,0,0,1,E01033075,3,1,0.0,1.0,-1,6,30,1,4,2,18:45,5,1,9
2023010445919,2023,010445919,2,2,1,1,24,5,3,0,0,0,0,0,9,2,E01000023,-1,0,0.0,1.0,-1,3,70,1,4,1,22:08,2,3,9
2023531384640,2023,531384640,2,1,1,2,53,8,3,0,0,0,0,0,9,6,E01022258,3,1,0.0,1.0,-1,6,40,1,7,2,17:35,7,2,9
2023471368620,2023,471368620,1,1,3,2,20,4,3,4,1,0,0,0,0,3,E01016911,3,1,0.0,1.0,-1,6,20,9,7,2,00:45,1,1,9
2023052302672,2023,052302672,2,1,1,1,57,9,3,0,0,0,0,0,9,1,E01007220,-1,0,0.06188,0.93812,-1,6,30,1,1,2,13:20,3,2,9
2023991371947,2023,991371947,1,1,1,1,74,10,3,0,0,0,0,0,9,8,E01013028,3,1,0.0,1.0,-1,6,60,4,6,1,19:20,6,1,9
2023131320495,2023,131320495,1,1,3,2,7,2,3,5,1,0,0,2,0,1,E01010677,3,1,0.0,1.0,-1,6,30,1,1,1,16:22,2,1,9
2023141312862,2023,141312862,1,1,3,1,18,4,3,5,1,0,0,0,0,3,E01007569,3,1,0.0,1.0,-1,6,20,1,1,1,13:00,2,1,9
2023440228891,2023,440228891,1,1,3,2,14,3,3,1,1,0,0,0,0,5,E01022800,-1,0,0.1392,0.8608,-1,6,40,1,1,1,17:10,6,1,3
2023061341848,2023,061341848,2,3,2,2,14,3,3,0,0,2,0,0,9,9,E01005573,3,1,0.0,1.0,-1,6,30,1,4,1,22:55,4,2,9
2023320708894,2023,320708894,2,1,1,1,33,6,3,0,0,0,0,0,9,4,E01026019,-1,0,0.0115,0.9885,-1,1,30,1,1,1,07:00,3,2,9
2023401328165,2023,401328165,2,2,1,2,48,8,3,0,0,0,0,0,98,10,E01017528,3,1,0.0,1.0,-1,6,50,1,1,1,15:05,2,2,98
2023461362337,2023,461362337,1,2,3,2,12,3,3,1,1,0,0,2,0,1,E01016019,3,1,0.0,1.0,-1,6,30,2,1,2,07:24,4,1,1
2023552300708,2023,552300708,1,1,3,2,15,3,2,1,1,0,0,0,0,7,E01020566,-1,0,1.0,0.0,-1,6,30,1,1,1,17:50,1,1,9
2023440007626,2023,440007626,2,1,1,1,38,7,3,0,0,0,0,0,1,9,E01022837,-1,0,0.15259,0.84741,-1,6,30,1,4,1,19:11,6,2,1
2023231307800,2023,231307800,1,1,1,1,17,4,2,0,0,0,0,0,5,8,E01031029,6,1,1.0,0.0,-1,6,30,1,1,1,12:06,5,2,5
2023131276797,2023,131276797,1,1,3,1,49,8,2,5,1,0,0,2,0,3,E01010836,7,1,1.0,0.0,-1,6,20,1,4,1,18:58,4,1,9
2023131372381,2023,131372381,2,1,1,1,24,5,3,0,0,0,0,0,1,5,E01011479,3,1,0.0,1.0,-1,6,30,2,4,2,17:12,5,2,1
2023451304644,2023,451304644,2,1,1,2,30,6,3,0,0,0,0,0,1,10,E01030357,3,1,0.0,1.0,-1,6,30,1,1,1,17:30,6,2,1
2023451289681,2023,451289681,1,2,2,2,18,4,3,0,0,1,0,0,9,9,E01030713,3,1,0.0,1.0,-1,6,50,4,4,2,00:53,5,1,9
2023501282939,2023,501282939,1,1,1,-1,-1,-1,3,0,0,0,0,0,9,-1,-1,3,1,0.0,1.0,-1,6,40,2,1,2,13:05,3,1,9
2023991315231,2023,991315231,1,1,1,1,21,5,2,0,0,0,0,0,9,4,-1,7,1,1.0,0.0,-1,6,60,1,6,1,22:20,1,1,9
2023010456958,2023,010456958,1,1,1,1,38,7,3,0,0,0,0,0,9,6,E01002335,-1,0,0.0,1.0,-1,6,30,1,1,1,12:00,3,2,9
2023161330878,2023,161330878,1,1,1,2,77,11,3,0,0,0,0,0,9,10,E01013068,3,1,0.0,1.0,-1,6,60,1,1,1,11:00,4,2,9
2023201323126,2023,201323126,2,2,1,2,27,6,3,0,0,0,0,0,9,-1,-1,3,1,0.0,1.0,-1,3,50,1,1,1,08:19,5,2,9
2023221295250,2023,221295250,1,3,2,1,19,4,3,0,0,1,0,0,9,6,E01028857,3,1,0.0,1.0,-1,6,60,1,1,1,11:59,1,2,9
2023411346466,2023,411346466,1,4,2,2,17,4,3,0,0,2,0,0,9,10,E01023718,3,1,0.0,1.0,-1,6,30,1,1,1,13:36,4,2,9
2023141307682,2023,141307682,3,1,1,1,36,7,2,0,0,0,0,0,1,1,E01007643,7,1,1.0,0.0,-1,3,30,1,1,1,15:50,2,3,1
2023131370064,2023,131370064,2,1,1,1,20,4,3,0,0,0,0,0,9,3,E01011609,3,1,0.0,1.0,-1,6,30,1,4,2,23:35,5,3,9
2023302301070,2023,302301070,2,2,1,1,26,6,3,0,0,0,0,0,9,7,E01019479,-1,0,0.08635,0.91365,-1,6,60,8,1,2,17:47,3,2,9
2023461298715,2023,461298715,1,1,1,1,24,5,3,0,0,0,0,0,9,5,E01024711,3,1,0.0,1.0,-1,6,30,1,1,1,09:00,6,2,9
2023531390059,2023,531390059,1,1,1,2,21,5,3,0,0,0,0,0,9,5,E01022154,3,1,0.0,1.0,-1,6,30,2,1,2,09:30,3,2,9
2023201362856,2023,201362856,1,1,2,1,20,4,3,0,0,1,0,0,9,2,E01009445,3,1,0.0,1.0,-1,6,30,7,6,2,01:40,1,1,9
2023471263084,2023,471263084,2,1,1,1,58,9,3,0,0,0,0,0,19,9,E01021042,3,1,0.0,1.0,-1,3,60,1,1,1,14:50,6,2,19
2023461368357,2023,461368357,1,1,3,1,51,8,2,6,9,0,0,2,0,3,E01024352,7,1,1.0,0.0,-1,6,30,9,1,1,14:22,6,1,9
2023071076161,2023,071076161,2,1,1,1,43,7,3,0,0,0,0,0,1,8,E01018623,-1,0,0.06929,0.93071,-1,6,30,1,4,1,17:21,1,2,1
2023141295935,2023,141295935,1,3,2,2,45,7,3,0,0,2,0,0,9,2,E01007448,3,1,0.0,1.0,-1,6,30,1,1,2,14:18,4,2,9
2023201295245,2023,201295245,1,1,3,2,74,10,3,7,3,0,0,0,0,5,E01010026,3,1,0.0,1.0,-1,3,40,1,1,1,09:35,6,1,9
2023010456692,2023,010456692,1,1,1,2,57,9,3,0,0,0,0,0,9,7,E01002121,-1,0,0.0,1.0,-1,6,20,2,1,2,16:30,7,2,9
2023010482995,2023,010482995,1,1,1,1,41,7,3,0,0,0,0,0,9,4,E01023534,-1,0,0.0,1.0,-1,3,50,1,4,1,18:18,6,2,9
2023231349930,2023,231349930,2,2,1,1,28,6,3,0,0,0,0,0,9,5,E01031132,3,1,0.0,1.0,-1,1,40,1,1,1,05:53,2,2,9
2023311297577,2023,311297577,4,2,1,1,33,6,2,0,0,0,0,0,9,8,E01028047,7,1,1.0,0.0,-1,6,60,1,1,1,17:45,2,4,9
2023501366458,2023,501366458,1,2,3,2,30,6,3,5,1,0,0,0,0,-1,-1,3,1,0.0,1.0,-1,6,30,2,1,2,11:45,3,1,9
2023231289302,2023,231289302,1,1,1,1,81,11,3,0,0,0,0,0,5,7,E01031280,3,1,0.0,1.0,-1,6,50,4,1,2,13:28,3,1,5
2023010459800,2023,010459800,2,1,1,2,36,7,3,0,0,0,0,0,9,2,E01001011,-1,0,0.0,1.0,-1,6,30,1,1,1,18:30,4,3,9
2023010482148,2023,010482148,1,1,1,1,34,6,3,0,0,0,0,0,9,2,E01001460,-1,0,0.0,1.0,-1,7,30,2,1,2,15:08,3,2,9
2023471280223,2023,471280223,2,1,1,1,46,8,3,0,0,0,0,0,9,9,E01020954,3,1,0.0,1.0,-1,6,30,1,1,1,17:10,6,2,9
2023201323189,2023,201323189,1,1,1,1,21,5,3,0,0,0,0,0,9,1,E01009410,3,1,0.0,1.0,-1,3,70,2,1,2,14:03,4,2,9
2023320183952,2023,320183952,2,1,1,1,37,7,3,0,0,0,0,0,9,9,E01026301,-1,0,0.12075,0.87925,-1,6,60,1,1,2,12:56,1,2,9
2023371347587,2023,371347587,1,3,2,2,18,4,3,0,0,1,0,0,9,-1,-1,3,1,0.0,1.0,-1,6,60,1,1,2,18:00,1,1,9
2023451269936,2023,451269936,1,1,1,1,70,10,3,0,0,0,0,0,1,10,E01003866,3,1,0.0,1.0,-1,1,30,1,1,2,13:05,6,2,1
2023522400373,2023,522400373,1,1,1,1,49,8,3,0,0,0,0,0,1,10,E01014880,-1,0,0.11202,0.88798,-1,1,40,1,1,1,17:08,4,2,1
2023041320461,2023,041320461,1,1,2,2,53,8,2,0,0,2,0,0,9,7,E01025347,7,1,1.0,0.0,-1,6,20,1,1,1,16:15,2,1,9
2023141279004,2023,141279004,3,2,1,2,24,5,2,0,0,0,0,0,9,3,E01007458,5,1,1.0,0.0,-1,6,60,1,4,1,21:38,3,3,9
2023131307214,2023,131307214,1,1,1,1,20,4,3,0,0,0,0,0,97,1,E01011906,3,1,0.0,1.0,-1,3,70,1,1,1,18:15,1,2,97
2023411356439,2023,411356439,2,1,1,1,20,4,3,0,0,0,0,0,1,8,E01023709,3,1,0.0,1.0,-1,6,50,1,1,1,11:00,2,2,1
2023161373731,2023,161373731,1,1,1,1,27,6,3,0,0,0,0,0,5,5,E01012773,3,1,0.0,1.0,-1,3,30,1,1,1,12:23,4,2,5
2023131344421,2023,131344421,2,2,2,1,72,10,3,0,0,1,0,0,9,3,E01011035,3,1,0.0,1.0,-1,3,40,1,1,1,14:40,3,2,9
2023131390626,2023,131390626,1,1,1,2,31,6,2,0,0,0,0,0,9,2,E01011618,7,1,1.0,0.0,-1,6,30,1,1,1,11:33,4,4,9
2023421356772,2023,421356772,1,1,1,1,45,7,3,0,0,0,0,0,9,2,E01015898,3,1,0.0,1.0,-1,1,40,1,4,1,06:18,4,2,9
2023531289961,2023,531289961,2,1,1,2,19,4,3,0,0,0,0,0,-1,-1,-1,3,1,0.0,1.0,-1,6,30,1,1,1,08:30,5,2,-1
2023010448391,2023,010448391,1,1,3,2,47,8,3,5,3,0,0,0,0,3,E01001048,-1,0,0.0,1.0,-1,6,30,1,1,1,18:15,1,1,9
2023101367206,2023,101367206,1,1,3,2,12,3,3,1,3,0,0,0,0,1,E01008609,3,1,0.0,1.0,-1,6,20,1,1,2,08:05,4,1,9
2023170S12033,2023,170S12033,1,1,3,1,51,8,3,1,1,0,0,0,0,2,E01012291,-1,0,0.08845,0.91155,-1,6,30,1,1,2,12:00,4,1,11
2023221358691,2023,221358691,1,1,3,1,18,4,2,7,3,0,0,0,0,9,E01032207,7,1,1.0,0.0,-1,6,60,2,6,2,20:27,2,1,9
2023052300858,2023,052300858,2,1,1,1,31,6,3,0,0,0,0,0,1,1,E01006787,-1,0,0.12502,0.87498,-1,3,30,1,1,1,18:40,7,2,1
2023522300584,2023,522300584,1,1,1,1,14,3,2,0,0,0,0,0,1,-1,-1,-1,0,1.0,0.0,-1,6,20,1,4,1,19:30,7,2,1