collision_index,collision_year,collision_ref_no,vehicle_reference,casualty_reference,casualty_class,sex_of_casualty,age_of_casualty,age_band_of_casualty,casualty_severity,pedestrian_location,pedestrian_movement,car_passenger,bus_or_coach_passenger,pedestrian_road_maintenance_worker,casualty_type,casualty_imd_decile,lsoa_of_casualty,enhanced_casualty_severity,casualty_injury_based,casualty_adjusted_severity_serious,casualty_adjusted_severity_slight,casualty_distance_banding,road_type,speed_limit,weather_conditions,light_conditions,road_surface_conditions,time,day_of_week,number_of_vehicles,vehicle_type
2023991333805,2023,991333805,2,2,1,1,21,5,2,0,0,0,0,0,1,-1,-1,7,1,1.0,0.0,-1,6,20,2,4,2,21:38,4,2,1
2023231356753,2023,231356753,1,1,1,1,31,6,2,0,0,0,0,0,5,2,E01031010,7,1,1.0,0.0,-1,1,50,1,1,1,10:26,7,2,5
2023061326202,2023,061326202,3,3,1,1,68,10,3,0,0,0,0,0,9,3,E01005536,3,1,0.0,1.0,-1,3,70,1,1,1,17:34,3,4,9
2023201373296,2023,201373296,2,1,1,2,25,5,3,0,0,0,0,0,9,9,E01009422,3,1,0.0,1.0,-1,3,70,1,1,1,17:00,2,2,9
2023451378118,2023,451378118,1,2,2,2,21,5,3,0,0,-1,0,0,9,-1,-1,3,1,0.0,1.0,-1,6,60,1,6,1,22:00,3,1,9
2023010461323,2023,010461323,1,1,3,1,66,10,3,4,9,0,0,0,0,3,E01003531,-1,0,0.0,1.0,-1,6,30,2,4,2,22:43,6,1,9
2023010459992,2023,010459992,1,1,1,1,18,4,3,0,0,0,0,0,4,3,E01001365,-1,0,0.0,1.0,-1,6,20,1,4,1,03:11,6,2,4
2023547991923,2023,547991923,2,1,1,2,53,8,3,0,0,0,0,0,9,7,E01032025,-1,0,0.06912,0.93088,-1,6,60,2,1,2,13:49,1,2,9
2023010450147,2023,010450147,1,1,3,1,7,2,2,1,3,0,0,0,0,4,E01002583,-1,0,1.0,0.0,-1,3,40,1,1,1,20:03,2,1,8
2023061263936,2023,061263936,1,3,2,2,17,4,3,0,0,2,0,0,9,7,E01005765,3,1,0.0,1.0,-1,3,30,1,1,2,12:15,2,1,9
2023131308115,2023,131308115,2,1,1,1,27,6,3,0,0,0,0,0,23,2,E01011665,3,1,0.0,1.0,-1,3,40,1,1,1,16:35,3,2,23
2023421274019,2023,421274019,1,1,3,1,45,7,3,1,3,0,0,0,0,4,E01022048,3,1,0.0,1.0,-1,6,30,1,4,1,17:30,4,1,9
2023421371958,2023,421371958,1,1,3,1,42,7,3,1,9,0,0,2,0,8,E01015892,3,1,0.0,1.0,-1,6,30,9,4,1,17:00,3,1,9
2023501316291,2023,501316291,2,1,1,1,24,5,3,0,0,0,0,0,1,-1,-1,3,1,0.0,1.0,-1,9,30,1,1,1,09:10,3,2,1
2023421283687,2023,421283687,2,2,1,1,80,11,3,0,0,0,0,0,9,6,E01015821,3,1,0.0,1.0,-1,6,30,1,1,2,14:00,2,4,9
2023010434093,2023,010434093,1,1,1,1,42,7,3,0,0,0,0,0,1,7,E01002013,-1,0,0.0,1.0,-1,6,20,1,1,2,18:10,6,2,1
2023010438052,2023,010438052,1,1,1,1,26,6,3,0,0,0,0,0,3,5,E01001859,-1,0,0.0,1.0,-1,2,20,1,4,1,08:50,7,1,3
2023010462460,2023,010462460,1,1,1,2,37,7,3,0,0,0,0,0,9,-1,-1,-1,0,0.0,1.0,-1,3,50,2,1,9,15:26,5,2,9
2023430180145,2023,430180145,2,1,1,1,25,5,3,0,0,0,0,0,9,10,E01017786,-1,0,0.0138,0.9862,-1,6,30,1,1,1,08:06,5,3,9
2023471331624,2023,471331624,3,2,1,1,47,8,2,0,0,0,0,0,5,8,E01030848,5,1,1.0,0.0,-1,6,30,1,1,1,18:30,5,4,5
2023411301528,2023,411301528,2,2,2,2,22,5,3,0,0,1,0,0,9,10,E01023562,3,1,0.0,1.0,-1,1,30,1,4,-1,21:12,6,2,9
2023440204906,2023,440204906,1,1,1,2,58,9,3,0,0,0,0,0,9,9,E01022782,-1,0,0.07036,0.92964,-1,3,70,1,1,1,08:29,4,2,9
2023320496273,2023,320496273,1,1,1,1,27,6,3,0,0,0,0,0,9,5,E01032987,-1,0,0.1559,0.8441,-1,6,60,1,6,1,22:50,5,1,9
2023440409258,2023,440409258,2,1,1,1,62,9,3,0,0,0,0,0,9,9,E01023182,-1,0,0.04132,0.95868,-1,3,70,1,6,1,18:07,6,3,9
2023501331694,2023,501331694,1,1,1,1,61,9,3,0,0,0,0,0,1,6,E01029261,3,1,0.0,1.0,-1,6,30,1,1,1,10:00,7,1,1
2023010427491,2023,010427491,2,1,1,1,27,6,3,0,0,0,0,0,3,7,E01021765,-1,0,0.0,1.0,-1,6,30,1,1,1,12:40,5,2,3
2023010478982,2023,010478982,1,1,1,1,30,6,3,0,0,0,0,0,3,4,E01002592,-1,0,0.0,1.0,-1,9,20,9,4,2,12:42,2,2,3
2023131392275,2023,131392275,2,2,2,2,8,2,3,0,0,2,0,0,9,1,E01011730,3,1,0.0,1.0,-1,1,30,1,4,1,18:55,3,2,9
2023010464558,2023,010464558,1,1,1,1,35,6,3,0,0,0,0,0,1,4,E01004412,-1,0,0.0,1.0,-1,6,20,1,1,1,07:15,5,2,1
2023101318351,2023,101318351,2,1,1,1,17,4,3,0,0,0,0,0,1,3,E01008449,3,1,0.0,1.0,-1,6,30,1,1,1,17:40,1,2,1
2023411363676,2023,411363676,2,1,1,2,59,9,3,0,0,0,0,0,1,8,E01023729,3,1,0.0,1.0,-1,6,30,1,1,2,16:54,6,2,1
2023010442731,2023,010442731,1,1,1,2,32,6,3,0,0,0,0,0,9,9,E01002317,-1,0,0.0,1.0,-1,6,30,1,1,1,16:45,6,2,9
2023351330895,2023,351330895,1,3,2,2,76,11,3,0,0,1,0,0,9,3,E01015613,3,1,0.0,1.0,-1,3,70,1,1,1,16:40,5,2,9
2023411352827,2023,411352827,2,1,1,1,61,9,3,0,0,0,0,0,9,3,E01001504,3,1,0.0,1.0,-1,3,70,9,7,-1,20:30,1,2,9
2023430301581,2023,430301581,2,1,1,2,27,6,2,0,0,0,0,0,-1,2,E01028520,-1,0,1.0,0.0,-1,6,20,1,4,1,01:00,7,2,-1
2023010440739,2023,010440739,1,1,3,2,87,11,3,1,3,0,0,0,0,7,E01000971,-1,0,0.0,1.0,-1,6,20,1,1,1,18:55,3,1,9
2023061294529,2023,061294529,1,1,3,2,66,10,2,1,3,0,0,0,0,2,E01005708,6,1,1.0,0.0,-1,6,30,1,4,1,21:40,5,1,9
2023161354997,2023,161354997,1,1,3,1,62,9,3,6,9,0,0,2,0,7,E01013153,3,1,0.0,1.0,-1,6,30,9,1,1,13:25,4,1,2
2023991374620,2023,991374620,1,1,3,2,40,7,3,5,3,0,0,0,0,2,-1,3,1,0.0,1.0,-1,6,30,2,4,2,20:00,3,1,9
2023161363256,2023,161363256,2,1,1,2,48,8,3,0,0,0,0,0,1,9,E01013217,3,1,0.0,1.0,-1,6,30,1,1,1,07:50,4,2,1
2023161332251,2023,161332251,1,1,1,1,58,9,3,0,0,0,0,0,9,5,E01013274,3,1,0.0,1.0,-1,3,70,2,5,2,14:03,7,2,9
2023340NN2652,2023,340NN2652,2,1,1,1,64,9,3,0,0,0,0,0,9,6,E01027107,-1,0,0.09134,0.90866,-1,6,40,2,1,2,09:30,6,2,9
2023351309869,2023,351309869,1,1,1,1,20,4,3,0,0,0,0,0,9,3,E01018092,3,1,0.0,1.0,-1,1,70,2,1,2,13:14,7,1,9
2023520300947,2023,520300947,1,1,1,2,37,7,3,0,0,0,0,0,9,4,E01029232,-1,0,0.02699,0.97301,-1,3,70,1,1,1,14:00,2,2,9
2023101363418,2023,101363418,2,1,2,1,57,9,3,0,0,1,0,0,9,4,E01027413,3,1,0.0,1.0,-1,6,30,1,1,1,15:45,6,2,9
2023461375276,2023,461375276,1,1,1,1,31,6,3,0,0,0,0,0,9,6,E01024571,3,1,0.0,1.0,-1,3,70,2,4,2,06:25,2,1,9
2023010476104,2023,010476104,1,1,2,2,-1,-1,3,0,0,1,0,0,9,8,E01023528,-1,0,0.0,1.0,-1,9,30,9,1,9,13:45,1,2,9
2023231351136,2023,231351136,1,1,1,1,30,6,3,0,0,0,0,0,9,3,E01009619,3,1,0.0,1.0,-1,6,30,1,1,1,17:16,5,1,9
2023101261542,2023,101261542,2,1,1,1,51,8,3,0,0,0,0,0,1,5,E01008646,3,1,0.0,1.0,-1,6,30,1,1,1,16:20,2,2,1
2023010434743,2023,010434743,1,1,2,2,38,7,3,0,0,1,0,0,9,2,E01004574,-1,0,0.0,1.0,-1,6,20,1,1,1,18:41,3,3,9
2023411371761,2023,411371761,1,1,1,1,24,5,3,0,0,0,0,0,9,7,E01023484,3,1,0.0,1.0,-1,3,40,1,4,2,21:00,6,1,9
2023451372051,2023,451372051,1,2,2,2,56,9,3,0,0,-1,0,0,9,8,E01030782,3,1,0.0,1.0,-1,6,20,1,1,1,15:15,6,2,9
202363B008623,2023,63B008623,1,1,1,2,36,7,3,0,0,0,0,0,9,6,W01000540,-1,0,0.03434,0.96566,-1,6,30,1,1,2,12:00,1,2,9
2023201343108,2023,201343108,1,8,2,1,46,8,3,0,0,0,4,0,11,3,E01009219,3,1,0.0,1.0,-1,3,30,1,1,1,15:00,1,2,11
2023010436841,2023,010436841,1,1,1,2,72,10,3,0,0,0,0,0,9,9,E01002991,-1,0,0.0,1.0,-1,6,20,1,1,1,12:05,3,2,9
2023031341349,2023,031341349,1,1,1,1,78,11,3,0,0,0,0,0,9,-1,-1,3,1,0.0,1.0,-1,6,30,1,1,1,08:56,2,3,9
2023440311701,2023,440311701,1,1,1,2,24,5,3,0,0,0,0,0,9,9,E01031973,-1,0,0.0166,0.9834,-1,6,40,1,1,2,08:46,5,2,9
2023471346505,2023,471346505,2,3,2,2,37,7,3,0,0,1,0,0,9,9,E01009528,3,1,0.0,1.0,-1,6,30,1,1,1,14:05,3,3,9
2023421305964,2023,421305964,2,1,1,1,35,6,3,0,0,0,0,0,1,-1,-1,3,1,0.0,1.0,-1,1,30,1,1,2,17:00,4,2,1
2023010472919,2023,010472919,1,1,1,1,49,8,3,0,0,0,0,0,3,3,E01001467,-1,0,0.0,1.0,-1,9,20,1,1,1,12:50,4,2,3
2023540800823,2023,540800823,1,2,2,1,34,6,3,0,0,1,0,0,9,8,E01031977,-1,0,0.06578,0.93422,-1,3,70,1,6,4,21:45,2,1,9
2023010443702,2023,010443702,2,1,1,2,39,7,3,0,0,0,0,0,1,4,E01004468,-1,0,0.0,1.0,-1,6,20,1,1,1,14:55,5,2,1
2023041332236,2023,041332236,1,2,2,2,75,10,2,0,0,1,0,0,9,8,E01024916,6,1,1.0,0.0,-1,6,30,2,1,2,14:40,7,3,9
2023451368135,2023,451368135,1,1,1,2,33,6,3,0,0,0,0,0,9,9,E01024298,3,1,0.0,1.0,-1,3,70,1,1,1,11:50,6,2,9
2023991388955,2023,991388955,1,1,2,2,70,10,3,0,0,0,3,0,11,-1,-1,3,1,0.0,1.0,-1,6,30,2,1,2,09:50,3,1,11
2023451279545,2023,451279545,2,1,1,1,20,4,2,0,0,0,0,0,19,2,E01022900,7,1,1.0,0.0,-1,3,70,2,1,2,07:00,4,3,19
2023061272675,2023,061272675,1,1,3,2,-1,-1,2,5,1,0,0,2,0,10,E01006152,7,1,1.0,0.0,-1,6,30,1,1,1,08:55,4,1,9
2023010482148,2023,010482148,2,2,1,1,20,4,3,0,0,0,0,0,9,5,E01023342,-1,0,0.0,1.0,-1,7,30,2,1,2,15:08,3,2,9
2023471354303,2023,471354303,2,1,1,1,46,8,3,0,0,0,0,0,9,9,E01031756,3,1,0.0,1.0,-1,3,70,1,1,2,07:10,4,2,9
2023461345483,2023,461345483,1,1,3,1,29,6,3,6,9,0,0,0,0,1,E01024155,3,1,0.0,1.0,-1,3,30,1,1,2,06:55,6,1,9
2023010449779,2023,010449779,2,1,1,2,25,5,2,0,0,0,0,0,1,10,E01030374,-1,0,1.0,0.0,-1,6,30,1,4,1,22:30,7,2,1
2023161350882,2023,161350882,2,1,1,2,34,6,3,0,0,0,0,0,1,1,E01013000,3,1,0.0,1.0,-1,6,20,9,1,1,11:45,2,2,1
2023430111142,2023,430111142,1,2,2,1,30,6,3,0,0,1,0,0,9,10,E01032759,-1,0,0.02216,0.97784,-1,3,70,1,4,1,19:42,6,2,9
2023010449655,2023,010449655,1,1,3,1,30,6,2,5,3,0,0,0,0,5,E01003948,-1,0,1.0,0.0,-1,6,30,1,1,1,18:15,6,1,9
2023440365952,2023,440365952,1,1,1,1,11,3,3,0,0,0,0,0,1,6,E01023143,-1,0,0.06771,0.93229,-1,6,30,1,1,1,14:50,4,2,1
2023101370982,2023,101370982,2,1,2,2,86,11,3,0,0,1,0,0,9,10,E01008547,3,1,0.0,1.0,-1,6,20,1,7,1,20:38,1,3,9
2023170L10653,2023,170L10653,1,2,2,1,35,6,1,0,0,1,0,0,9,3,E01012117,-1,0,0.0,0.0,-1,6,30,2,1,2,20:05,6,1,9
2023371379269,2023,371379269,1,1,3,1,12,3,2,10,9,0,0,0,0,9,E01033316,7,1,1.0,0.0,-1,6,30,1,1,1,08:00,4,1,9
2023221305860,2023,221305860,1,1,1,1,58,9,3,0,0,0,0,0,5,8,E01028833,3,1,0.0,1.0,-1,6,60,1,1,1,13:25,7,2,5
2023461350638,2023,461350638,1,1,1,1,58,9,1,0,0,0,0,0,5,2,E01024699,1,1,0.0,0.0,-1,6,30,1,6,1,20:20,6,1,5
2023461397950,2023,461397950,2,4,2,2,2,1,3,0,0,-1,0,0,9,2,E01024741,3,1,0.0,1.0,-1,6,30,2,1,2,12:35,6,2,9
2023010419672,2023,010419672,1,1,3,1,57,9,2,5,1,0,0,0,0,1,E01004035,-1,0,1.0,0.0,-1,6,20,1,4,1,18:00,4,1,19
2023361357172,2023,361357172,1,1,3,2,71,10,3,5,1,0,0,0,0,3,E01026823,3,1,0.0,1.0,-1,6,30,1,1,1,13:05,2,1,9
2023371321474,2023,371321474,1,2,2,2,69,10,2,0,0,0,0,0,3,5,E01026870,7,1,1.0,0.0,-1,6,60,1,1,2,13:00,5,1,3
2023991344899,2023,991344899,1,1,1,1,54,8,2,0,0,0,0,0,5,6,-1,6,1,1.0,0.0,-1,6,60,1,1,1,13:00,1,1,5
2023211312634,2023,211312634,1,3,2,1,19,4,3,0,0,1,0,0,9,-1,-1,3,1,0.0,1.0,-1,6,60,1,6,1,00:18,3,1,9
2023531259198,2023,531259198,1,2,2,1,28,6,3,0,0,0,0,0,19,4,E01022365,3,1,0.0,1.0,-1,6,60,2,1,2,08:05,3,1,19
2023010460578,2023,010460578,1,1,1,1,36,7,3,0,0,0,0,0,4,1,E01003052,-1,0,0.0,1.0,-1,6,20,1,1,1,15:50,2,2,4
2023122300173,2023,122300173,2,1,1,1,80,11,3,0,0,0,0,0,9,7,E01027689,-1,0,0.12945,0.87055,-1,6,60,1,4,1,00:01,5,2,9
2023991367092,2023,991367092,1,1,2,1,21,5,2,0,0,2,0,0,9,-1,-1,7,1,1.0,0.0,-1,6,30,1,1,1,15:20,7,2,9
2023010457945,2023,010457945,2,1,1,1,-1,-1,3,0,0,0,0,0,-1,3,E01000961,-1,0,0.0,1.0,-1,1,20,1,4,1,00:55,1,2,-1
2023010446258,2023,010446258,1,1,1,1,36,7,3,0,0,0,0,0,1,2,E01004725,-1,0,0.0,1.0,-1,6,30,1,1,1,13:28,5,2,1
2023010432784,2023,010432784,1,1,1,1,25,5,3,0,0,0,0,0,9,10,E01016410,-1,0,0.0,1.0,-1,3,40,8,4,1,20:06,6,2,9
2023201295691,2023,201295691,2,1,1,1,20,4,3,0,0,0,0,0,9,2,E01010529,3,1,0.0,1.0,-1,2,30,1,4,1,04:15,7,2,9
2023302301174,2023,302301174,1,1,1,1,20,4,2,0,0,0,0,0,9,7,E01029467,-1,0,1.0,0.0,-1,6,40,1,4,1,03:21,1,1,9
2023201321989,2023,201321989,1,1,3,2,35,6,2,1,9,0,0,2,0,5,E01032530,7,1,1.0,0.0,-1,3,30,1,1,1,12:39,3,1,-1
2023141392794,2023,141392794,3,3,1,1,73,10,3,0,0,0,0,0,9,1,E01007372,3,1,0.0,1.0,-1,6,60,5,1,2,12:45,5,4,9
2023451345920,2023,451345920,1,2,2,2,19,4,3,0,0,1,0,0,9,9,E01030704,3,1,0.0,1.0,-1,7,40,1,1,1,08:00,1,1,9
2023161263158,2023,161263158,1,1,1,1,38,7,3,0,0,0,0,0,19,3,E01013184,3,1,0.0,1.0,-1,6,30,2,4,2,18:27,6,2,19
2023501320235,2023,501320235,2,1,1,2,67,10,3,0,0,0,0,0,22,2,E01015026,3,1,0.0,1.0,-1,6,30,1,1,1,12:00,6,2,22
2023320596701,2023,320596701,1,1,3,1,29,6,2,6,9,0,0,0,0,8,E01026350,-1,0,1.0,0.0,-1,1,30,1,1,1,20:00,3,1,9
2023010449827,2023,010449827,1,1,1,2,40,7,3,0,0,0,0,0,9,4,E01002603,-1,0,0.0,1.0,-1,1,20,1,1,1,17:33,7,2,9
2023201444640,2023,201444640,2,1,1,1,-1,-1,3,0,0,0,0,0,9,-1,-1,3,1,0.0,1.0,-1,6,30,1,4,1,04:50,2,3,9
2023052302412,2023,052302412,1,1,3,2,40,7,3,5,9,0,0,0,0,1,E01006703,-1,0,0.05694,0.94306,-1,2,30,2,1,2,09:00,4,1,9
2023041350828,2023,041350828,2,7,2,2,23,5,3,0,0,0,4,0,11,-1,-1,3,1,0.0,1.0,-1,6,30,1,1,1,15:05,5,3,11
2023201407898,2023,201407898,1,1,3,1,32,6,2,1,1,0,0,2,0,1,E01009360,7,1,1.0,0.0,-1,3,30,2,4,2,05:45,3,1,9
2023311383352,2023,311383352,1,1,3,2,35,6,3,6,9,0,0,0,0,1,E01013948,3,1,0.0,1.0,-1,6,20,1,4,1,16:17,3,1,1
2023052302230,2023,052302230,2,1,1,1,11,3,2,0,0,0,0,0,1,1,E01007295,-1,0,1.0,0.0,-1,6,30,1,1,1,18:45,2,2,1
2023061362520,2023,061362520,2,1,1,1,11,3,2,0,0,0,0,0,1,6,E01005885,7,1,1.0,0.0,-1,6,30,1,1,1,16:31,5,2,1
2023471348737,2023,471348737,2,1,1,2,63,9,2,0,0,0,0,0,1,6,E01021047,7,1,1.0,0.0,-1,6,30,1,1,1,07:56,2,2,1
2023440021591,2023,440021591,1,1,1,2,54,8,3,0,0,0,0,0,4,10,E01022714,-1,0,0.17337,0.82663,-1,6,30,1,1,4,08:54,3,1,4
2023991406654,2023,991406654,2,1,1,1,22,5,3,0,0,0,0,0,5,1,-1,3,1,0.0,1.0,-1,6,20,2,4,2,18:46,7,2,5
2023501295551,2023,501295551,2,1,2,2,40,7,3,0,0,-1,0,0,9,6,E01027039,3,1,0.0,1.0,-1,3,70,1,1,1,15:05,2,2,9
202360A013263,2023,60A013263,2,1,1,2,18,4,2,0,0,0,0,0,9,-1,-1,-1,0,1.0,0.0,-1,6,60,1,1,2,16:00,6,2,9
2023311312282,2023,311312282,1,1,2,1,0,1,3,0,0,0,4,0,11,-1,-1,3,1,0.0,1.0,-1,6,30,1,1,1,18:45,7,1,11
2023351345484,2023,351345484,2,2,2,1,62,9,3,0,0,1,0,0,9,7,E01018220,3,1,0.0,1.0,-1,6,30,1,1,1,10:35,3,2,9
2023440159819,2023,440159819,2,1,1,2,48,8,3,0,0,0,0,0,9,10,E01022974,-1,0,0.02596,0.97404,-1,3,70,1,1,1,07:50,2,4,9
2023031308248,2023,031308248,2,1,2,2,35,6,3,0,0,1,0,0,9,9,E01019191,3,1,0.0,1.0,-1,6,30,1,1,-1,14:58,3,2,9
2023221286448,2023,221286448,2,2,2,2,30,6,3,0,0,1,0,0,9,7,E01014070,3,1,0.0,1.0,-1,6,30,1,4,1,23:30,7,2,9
2023361304420,2023,361304420,2,2,1,1,64,9,2,0,0,0,0,0,9,2,E01026614,7,1,1.0,0.0,-1,6,60,1,1,1,14:14,6,2,9
2023071052813,2023,071052813,2,1,1,2,54,8,3,0,0,0,0,0,9,1,E01004857,-1,0,0.04041,0.95959,-1,3,70,1,1,1,09:00,4,2,9
2023351337440,2023,351337440,1,1,2,2,12,3,3,0,0,-1,0,0,9,7,E01018227,3,1,0.0,1.0,-1,6,60,1,1,1,19:30,4,1,9
2023430346185,2023,430346185,2,3,2,1,24,5,3,0,0,2,0,0,9,3,E01016474,-1,0,0.06125,0.93875,-1,6,30,1,4,1,02:25,6,2,9
2023552300477,2023,552300477,1,1,1,2,25,5,3,0,0,0,0,0,9,9,E01015356,-1,0,0.02378,0.97622,-1,1,40,1,1,1,10:28,7,2,9
2023421374223,2023,421374223,2,1,1,1,42,7,3,0,0,0,0,0,1,3,E01021649,3,1,0.0,1.0,-1,1,30,9,1,1,17:14,3,2,1
2023010469124,2023,010469124,1,1,3,2,17,4,3,5,2,0,0,0,0,3,E01004328,-1,0,0.0,1.0,-1,6,30,1,1,1,17:30,6,1,9
2023041352355,2023,041352355,2,1,1,1,28,6,2,0,0,0,0,0,3,-1,-1,7,1,1.0,0.0,-1,6,30,1,1,2,08:31,5,2,3
2023351308782,2023,351308782,1,1,1,2,23,5,3,0,0,0,0,0,9,2,E01015601,3,1,0.0,1.0,-1,6,30,1,1,2,17:34,5,2,9
2023421308836,2023,421308836,2,2,2,2,3,1,3,0,0,2,0,0,9,8,E01024414,3,1,0.0,1.0,-1,6,60,1,1,1,15:30,5,2,9
2023991344067,2023,991344067,2,2,2,1,7,2,3,0,0,1,0,0,9,7,-1,3,1,0.0,1.0,-1,6,40,1,1,1,20:10,2,2,9
2023131348616,2023,131348616,2,1,1,1,46,8,3,0,0,0,0,0,90,1,E01005258,3,1,0.0,1.0,-1,3,70,1,1,1,08:53,5,3,90
2023371282616,2023,371282616,1,1,3,1,50,8,3,6,8,0,0,0,0,4,E01030251,3,1,0.0,1.0,-1,6,30,1,1,-1,16:45,2,1,19
2023991368122,2023,991368122,1,1,3,1,12,3,3,1,3,0,0,0,0,2,-1,3,1,0.0,1.0,-1,6,30,1,1,2,14:50,6,1,10
2023010456243,2023,010456243,1,1,1,1,39,7,3,0,0,0,0,0,1,4,E01003257,-1,0,0.0,1.0,-1,6,20,1,1,1,08:15,5,2,1
2023010436928,2023,010436928,1,1,1,2,29,6,3,0,0,0,0,0,3,2,E01001980,-1,0,0.0,1.0,-1,3,20,2,1,2,19:00,4,2,3
2023332300036,2023,332300036,1,1,2,1,15,3,3,0,0,2,0,0,9,4,E01032862,-1,0,0.0552,0.9448,-1,3,30,1,4,1,04:42,7,1,9
2023031314292,2023,031314292,1,1,1,1,37,7,2,0,0,0,0,0,2,2,E01019166,7,1,1.0,0.0,-1,6,60,9,1,1,19:50,5,2,2
2023061277302,2023,061277302,1,2,1,1,17,4,2,0,0,0,0,0,9,-1,-1,5,1,1.0,0.0,-1,6,60,1,1,2,14:50,5,1,9
2023441369099,2023,441369099,1,1,1,1,33,6,3,0,0,0,0,0,9,10,E01023097,3,1,0.0,1.0,-1,3,30,1,1,1,14:40,3,1,9
2023991390157,2023,991390157,2,1,2,2,32,6,2,0,0,1,0,0,9,3,-1,5,1,1.0,0.0,-1,6,60,2,1,2,10:35,3,2,9
2023010458982,2023,010458982,2,1,1,1,42,7,3,0,0,0,0,0,-1,2,E01015704,-1,0,0.0,1.0,-1,6,20,1,1,1,13:05,6,2,-1
2023122300168,2023,122300168,1,1,1,2,60,9,3,0,0,0,0,0,9,7,E01027616,-1,0,0.12533,0.87467,-1,6,60,4,5,2,21:17,1,2,9
2023461359587,2023,461359587,2,2,2,2,35,6,3,0,0,1,0,0,9,6,E01024425,3,1,0.0,1.0,-1,6,30,1,1,1,09:46,5,2,9
2023991266451,2023,991266451,2,1,1,2,21,5,3,0,0,0,0,0,9,10,-1,3,1,0.0,1.0,-1,6,30,1,4,1,19:02,7,2,9
2023311294975,2023,311294975,1,1,2,2,30,6,3,0,0,0,3,0,11,3,E01019511,3,1,0.0,1.0,-1,6,30,1,1,1,07:30,7,1,11
2023010457909,2023,010457909,1,2,2,-1,12,3,3,0,0,2,0,0,9,2,E01003309,-1,0,0.0,1.0,-1,6,30,8,1,1,15:27,6,2,9
2023501294452,2023,501294452,1,1,1,2,44,7,3,0,0,0,0,0,9,5,E01020303,3,1,0.0,1.0,-1,6,60,2,1,2,08:32,2,2,9
2023010473537,2023,010473537,1,1,1,1,36,7,3,0,0,0,0,0,1,4,E01001276,-1,0,0.0,1.0,-1,3,30,1,4,1,19:48,1,2,1
2023161317088,2023,161317088,1,1,1,1,17,4,3,0,0,0,0,0,9,2,E01013130,3,1,0.0,1.0,-1,3,30,1,1,1,12:45,7,2,9
2023311310777,2023,311310777,3,1,1,2,36,7,3,0,0,0,0,0,9,-1,-1,3,1,0.0,1.0,-1,3,30,1,1,1,10:00,3,3,9
2023411352440,2023,411352440,2,2,2,1,73,10,3,0,0,1,0,0,9,8,E01033028,3,1,0.0,1.0,-1,7,30,1,1,1,14:00,6,2,9
2023010480115,2023,010480115,2,1,1,2,57,9,3,0,0,0,0,0,9,4,E01000618,-1,0,0.0,1.0,-1,6,20,1,1,1,14:55,7,2,9
2023041328448,2023,041328448,1,1,1,1,21,5,2,0,0,0,0,0,9,3,E01025269,5,1,1.0,0.0,-1,6,30,1,1,1,21:28,6,4,9
2023052301447,2023,052301447,1,1,1,1,24,5,3,0,0,0,0,0,9,5,E01007161,-1,0,0.11227,0.88773,-1,6,40,8,1,2,06:50,2,1,9
2023461344972,2023,461344972,2,1,1,1,5,1,3,0,0,0,0,0,1,7,E01032820,3,1,0.0,1.0,-1,6,30,1,1,1,19:55,7,2,1
2023122301414,2023,122301414,1,1,3,2,14,3,3,1,9,0,0,0,0,6,E01027676,-1,0,0.03893,0.96107,-1,6,30,1,4,2,17:08,3,1,9
2023061378951,2023,061378951,2,2,1,2,66,10,3,0,0,0,0,0,9,6,E01005396,3,1,0.0,1.0,-1,6,30,1,4,1,20:40,7,2,9
2023421339323,2023,421339323,2,2,2,2,34,6,3,0,0,1,0,0,9,9,E01021828,3,1,0.0,1.0,-1,3,60,9,4,1,21:40,1,2,9
2023421368026,2023,421368026,1,1,1,2,48,8,3,0,0,0,0,0,9,9,E01021255,3,1,0.0,1.0,-1,6,60,2,6,2,19:00,6,2,9
202363D013423,2023,63D013423,1,1,1,1,65,9,3,0,0,0,0,0,9,4,E01029003,-1,0,0.12419,0.87581,-1,6,30,1,1,2,15:50,3,1,9
2023991285673,2023,991285673,2,2,2,1,14,3,3,0,0,0,0,0,19,6,-1,3,1,0.0,1.0,-1,6,30,1,1,1,15:45,6,2,19
2023010475794,2023,010475794,1,2,2,1,19,4,2,0,0,2,0,0,9,2,E01001012,-1,0,1.0,0.0,-1,6,20,1,4,2,21:36,6,3,9
2023141347868,2023,141347868,1,1,1,1,59,9,3,0,0,0,0,0,9,6,E01007512,3,1,0.0,1.0,-1,3,40,1,1,1,11:20,7,2,9
2023201289837,2023,201289837,1,1,1,1,60,9,3,0,0,0,0,0,9,4,E01009268,3,1,0.0,1.0,-1,6,30,1,4,1,17:28,7,2,9
2023201295892,2023,201295892,2,2,1,1,30,6,3,0,0,0,0,0,9,2,E01009414,3,1,0.0,1.0,-1,6,30,1,1,1,14:50,6,2,9
2023201402456,2023,201402456,1,2,2,2,28,6,3,0,0,-1,0,0,9,8,E01010373,3,1,0.0,1.0,-1,6,30,2,6,2,18:35,1,1,9
2023361324556,2023,361324556,1,2,1,1,67,10,2,0,0,0,0,0,9,6,E01030232,6,1,1.0,0.0,-1,6,50,1,1,1,15:56,6,2,9
2023141356688,2023,141356688,1,1,1,1,27,6,3,0,0,0,0,0,9,-1,-1,3,1,0.0,1.0,-1,3,30,1,4,1,20:30,3,2,9