collision_index,collision_year,collision_ref_no,vehicle_reference,casualty_reference,casualty_class,sex_of_casualty,age_of_casualty,age_band_of_casualty,casualty_severity,pedestrian_location,pedestrian_movement,car_passenger,bus_or_coach_passenger,pedestrian_road_maintenance_worker,casualty_type,casualty_imd_decile,lsoa_of_casualty,enhanced_casualty_severity,casualty_injury_based,casualty_adjusted_severity_serious,casualty_adjusted_severity_slight,casualty_distance_banding,road_type,speed_limit,weather_conditions,light_conditions,road_surface_conditions,time,day_of_week,number_of_vehicles,vehicle_type
2023430406900,2023,430406900,2,1,1,1,61,9,3,0,0,0,0,0,9,10,E01028694,-1,0,0.00898,0.99102,-1,3,50,1,1,1,16:57,6,2,9
2023544788923,2023,544788923,2,2,1,2,56,9,3,0,0,0,0,0,9,4,E01031862,-1,0,0.01881,0.98119,-1,6,40,1,1,1,13:20,1,2,9
2023061325315,2023,061325315,1,1,3,2,21,5,3,9,5,0,0,-1,0,8,E01005988,3,1,0.0,1.0,-1,6,30,1,1,1,04:20,7,1,9
2023161349055,2023,161349055,1,1,1,1,60,9,3,0,0,0,0,0,1,8,E01012813,3,1,0.0,1.0,-1,6,40,1,1,1,14:30,7,2,1
2023122300756,2023,122300756,2,1,1,1,19,4,3,0,0,0,0,0,9,10,E01027565,-1,0,0.03523,0.96477,-1,6,60,1,1,1,07:40,5,2,9
2023010431114,2023,010431114,2,2,3,1,39,7,3,1,3,0,0,0,0,7,E01031722,-1,0,0.0,1.0,-1,6,30,2,4,2,20:04,4,2,9
2023010456702,2023,010456702,2,1,1,2,61,9,3,0,0,0,0,0,9,3,E01000502,-1,0,0.0,1.0,-1,1,20,2,1,2,15:14,7,2,9
2023351358441,2023,351358441,3,5,2,1,7,2,3,0,0,2,0,0,9,6,E01026722,3,1,0.0,1.0,-1,6,60,1,1,1,12:00,7,3,9
2023401321960,2023,401321960,1,1,1,1,32,6,3,0,0,0,0,0,9,10,E01016796,3,1,0.0,1.0,-1,6,60,1,1,1,18:45,4,1,9
2023622300097,2023,622300097,2,2,1,1,59,9,3,0,0,0,0,0,9,1,W01000742,-1,0,0.00998,0.99002,-1,6,30,1,1,1,10:20,5,2,9
2023041389622,2023,041389622,1,1,1,1,68,10,3,0,0,0,0,0,19,5,E01025415,3,1,0.0,1.0,-1,6,30,1,1,2,09:30,2,3,19
2023061387772,2023,061387772,1,1,3,1,29,6,2,6,9,0,0,0,0,1,E01005187,7,1,1.0,0.0,-1,6,30,4,1,1,09:00,2,1,11
2023421296092,2023,421296092,2,1,1,1,19,4,3,0,0,0,0,0,3,4,E01021957,3,1,0.0,1.0,-1,6,30,1,4,1,22:44,7,2,3
2023991363562,2023,991363562,1,1,1,1,25,5,3,0,0,0,0,0,9,6,-1,3,1,0.0,1.0,-1,3,50,1,4,2,05:15,1,2,9
2023411353948,2023,411353948,1,1,1,1,21,5,3,0,0,0,0,0,19,5,E01015739,3,1,0.0,1.0,-1,3,70,1,1,1,17:22,2,2,19
2023131311847,2023,131311847,1,1,1,1,37,7,2,0,0,0,0,0,9,2,E01011256,6,1,1.0,0.0,-1,6,30,1,1,1,21:25,3,1,9
2023543351223,2023,543351223,2,1,1,1,48,8,3,0,0,0,0,0,9,6,E01032027,-1,0,0.01723,0.98277,-1,6,60,2,1,2,16:23,4,2,9
2023544944023,2023,544944023,1,1,1,2,49,8,3,0,0,0,0,0,9,6,E01032119,-1,0,0.06429,0.93571,-1,6,60,2,1,2,17:21,5,3,9
2023552301259,2023,552301259,2,5,2,2,51,8,3,0,0,1,0,0,9,2,E01004251,-1,0,0.08425,0.91575,-1,6,60,1,1,1,15:32,1,2,9
202360A099917,2023,60A099917,1,1,1,1,83,11,3,0,0,0,0,0,9,-1,-1,-1,0,0.19026,0.80974,-1,6,30,1,1,1,15:20,2,3,9
2023371433532,2023,371433532,1,2,1,2,40,7,3,0,0,0,0,0,9,3,E01026617,3,1,0.0,1.0,-1,6,30,1,4,1,17:17,7,2,9
2023010473540,2023,010473540,2,1,1,1,31,6,3,0,0,0,0,0,9,3,E01002721,-1,0,0.0,1.0,-1,6,20,1,4,1,06:40,2,2,9
2023471320696,2023,471320696,2,1,1,1,32,6,3,0,0,0,0,0,9,7,E01031597,3,1,0.0,1.0,-1,7,50,1,1,1,17:40,2,2,9
202360A045466,2023,60A045466,2,1,1,2,30,6,3,0,0,0,0,0,9,-1,-1,-1,0,0.02625,0.97375,-1,6,30,1,1,1,08:30,5,2,9
2023161298731,2023,161298731,2,1,2,1,-1,-1,3,0,0,1,0,0,9,-1,-1,3,1,0.0,1.0,-1,6,30,1,1,1,14:00,1,2,9
2023361330043,2023,361330043,2,4,1,1,40,7,3,0,0,0,0,0,9,9,E01026582,3,1,0.0,1.0,-1,6,60,1,1,1,08:04,2,4,9
2023361376941,2023,361376941,2,1,1,1,54,8,3,0,0,0,0,0,19,6,E01026701,3,1,0.0,1.0,-1,6,40,2,1,2,06:58,3,2,19
2023451319058,2023,451319058,2,2,2,1,8,2,2,0,0,0,0,0,19,8,E01030763,7,1,1.0,0.0,-1,6,30,1,1,1,19:20,4,2,19
2023231261424,2023,231261424,2,1,1,1,33,6,3,0,0,0,0,0,9,10,E01010202,3,1,0.0,1.0,-1,3,70,2,1,2,03:30,1,3,9
2023471317391,2023,471317391,1,1,1,1,17,4,3,0,0,0,0,0,9,7,E01031423,3,1,0.0,1.0,-1,6,30,8,1,1,14:15,1,4,9
2023010425947,2023,010425947,1,1,1,1,35,6,3,0,0,0,0,0,1,4,E01024162,-1,0,0.0,1.0,-1,6,30,1,4,1,17:30,3,2,1
2023430424211,2023,430424211,1,1,1,1,38,7,2,0,0,0,0,0,5,8,E01017941,-1,0,1.0,0.0,-1,6,60,1,1,1,13:10,5,3,5
2023201295746,2023,201295746,1,1,3,1,14,3,3,1,3,0,0,0,0,6,E01010200,3,1,0.0,1.0,-1,6,30,1,1,1,08:35,3,1,9
2023440339368,2023,440339368,1,1,1,1,24,5,3,0,0,0,0,0,19,9,E01031880,-1,0,0.106,0.894,-1,6,60,1,1,1,10:25,3,1,19
2023052301221,2023,052301221,1,2,2,1,44,7,3,0,0,1,0,0,9,1,E01006648,-1,0,0.0429,0.9571,-1,6,20,1,1,1,13:40,6,2,9
2023401292040,2023,401292040,2,2,1,2,59,9,3,0,0,0,0,0,9,6,E01027234,3,1,0.0,1.0,-1,7,40,2,1,2,12:30,6,2,9
2023010482373,2023,010482373,1,1,1,1,32,6,3,0,0,0,0,0,3,6,E01002135,-1,0,0.0,1.0,-1,6,30,1,4,2,16:50,4,2,3
2023991306271,2023,991306271,2,1,1,1,37,7,3,0,0,0,0,0,5,6,E01004372,3,1,0.0,1.0,-1,1,60,1,1,1,12:00,5,2,5
2023010478722,2023,010478722,1,1,1,1,44,7,3,0,0,0,0,0,9,4,E01031573,-1,0,0.0,1.0,-1,6,20,2,4,2,06:40,7,2,9
2023421325543,2023,421325543,2,1,1,2,20,4,3,0,0,0,0,0,9,8,E01021347,3,1,0.0,1.0,-1,6,30,1,1,1,12:25,4,2,9
2023461376567,2023,461376567,1,1,1,1,27,6,3,0,0,0,0,0,9,9,E01016027,3,1,0.0,1.0,-1,6,30,1,6,2,17:56,5,1,9
2023552300109,2023,552300109,1,1,1,1,32,6,3,0,0,0,0,0,9,5,E01015286,-1,0,0.0584,0.9416,-1,6,30,1,4,4,20:01,3,2,9
2023631309021,2023,631309021,1,2,2,2,18,4,3,0,0,1,0,0,9,-1,-1,3,1,0.0,1.0,-1,6,30,1,1,1,17:30,4,2,9
2023010463411,2023,010463411,1,1,1,-1,32,6,3,0,0,0,0,0,1,3,E01003104,-1,0,0.0,1.0,-1,6,30,1,1,1,17:40,5,2,1
2023440215119,2023,440215119,2,1,1,1,83,11,2,0,0,0,0,0,9,10,E01032850,-1,0,1.0,0.0,-1,6,60,1,1,1,11:32,4,2,9
2023010450523,2023,010450523,1,1,2,1,46,8,2,0,0,2,0,0,9,4,E01002594,-1,0,1.0,0.0,-1,6,20,1,1,1,14:10,4,1,9
2023052301045,2023,052301045,2,1,2,2,30,6,3,0,0,1,0,0,9,7,E01012418,-1,0,0.01793,0.98207,-1,3,30,1,1,1,14:49,1,3,9
2023161358298,2023,161358298,2,2,2,2,11,3,3,0,0,2,0,0,9,-1,-1,3,1,0.0,1.0,-1,6,30,8,4,2,18:22,1,2,9
2023010452482,2023,010452482,2,1,1,1,38,7,3,0,0,0,0,0,1,9,E01003799,-1,0,0.0,1.0,-1,6,20,1,1,1,18:10,6,2,1
2023201339744,2023,201339744,2,1,1,1,41,7,3,0,0,0,0,0,9,2,E01010268,3,1,0.0,1.0,-1,6,30,1,1,1,21:00,6,2,9
2023201416665,2023,201416665,1,1,1,2,34,6,3,0,0,0,0,0,9,-1,-1,3,1,0.0,1.0,-1,6,30,1,1,-1,13:00,1,2,9
2023122300106,2023,122300106,1,1,1,1,16,4,2,0,0,0,0,0,1,-1,-1,-1,0,1.0,0.0,-1,9,30,1,1,2,09:35,7,1,1
2023010434567,2023,010434567,1,1,1,1,45,7,3,0,0,0,0,0,9,2,E01001316,-1,0,0.0,1.0,-1,1,20,1,1,1,13:48,2,2,9
2023141347784,2023,141347784,1,1,1,2,26,6,2,0,0,0,0,0,9,3,E01007680,7,1,1.0,0.0,-1,3,70,1,6,1,22:00,6,2,9
2023991299959,2023,991299959,2,1,1,1,57,9,3,0,0,0,0,0,9,3,-1,3,1,0.0,1.0,-1,3,30,1,1,2,15:50,1,2,9
2023041318271,2023,041318271,2,2,2,1,19,4,3,0,0,1,0,0,9,7,E01012602,3,1,0.0,1.0,-1,3,70,1,1,1,17:59,3,2,9
2023471319106,2023,471319106,1,1,1,2,30,6,3,0,0,0,0,0,9,6,E01021198,3,1,0.0,1.0,-1,6,60,1,1,1,11:55,5,3,9
202360A126945,2023,60A126945,1,1,1,1,31,6,2,0,0,0,0,0,9,-1,-1,-1,0,1.0,0.0,-1,6,60,1,1,1,13:06,5,2,9
2023221362454,2023,221362454,1,1,1,1,22,5,2,0,0,0,0,0,9,5,E01014096,5,1,1.0,0.0,-1,6,60,1,6,1,01:16,7,1,9
2023540547023,2023,540547023,2,1,1,1,54,8,3,0,0,0,0,0,9,5,E01015505,-1,0,0.01571,0.98429,-1,6,30,8,1,4,08:17,3,2,9
2023471299972,2023,471299972,1,1,1,1,48,8,3,0,0,0,0,0,9,7,E01031438,3,1,0.0,1.0,-1,6,30,1,1,2,17:20,1,4,9
2023411397299,2023,411397299,1,1,3,2,37,7,3,6,9,0,0,0,0,7,E01023863,3,1,0.0,1.0,-1,6,30,1,1,1,14:17,6,2,9
2023451293847,2023,451293847,1,1,1,1,29,6,3,0,0,0,0,0,3,8,E01030450,3,1,0.0,1.0,-1,6,30,1,1,1,10:30,7,2,3
2023010458885,2023,010458885,2,2,1,2,34,6,3,0,0,0,0,0,9,10,E01030584,-1,0,0.0,1.0,-1,6,20,1,1,1,12:22,6,2,9
2023231290001,2023,231290001,1,1,1,2,42,7,3,0,0,0,0,0,9,5,E01031242,3,1,0.0,1.0,-1,6,40,1,1,2,09:27,3,2,9
2023991332066,2023,991332066,2,2,2,2,61,9,3,0,0,1,0,0,9,2,E01013847,3,1,0.0,1.0,-1,6,60,1,1,1,15:55,4,2,9
2023010425140,2023,010425140,2,1,1,1,19,4,3,0,0,0,0,0,1,4,E01002643,-1,0,0.0,1.0,-1,6,30,1,1,1,11:50,6,2,1
2023061363234,2023,061363234,2,1,1,1,65,9,3,0,0,0,0,0,1,9,E01005904,3,1,0.0,1.0,-1,6,20,1,1,2,11:02,1,2,1
2023010471277,2023,010471277,2,1,1,2,61,9,3,0,0,0,0,0,9,1,E01001196,-1,0,0.0,1.0,-1,3,50,1,1,1,10:18,3,3,9
2023302301093,2023,302301093,1,2,1,1,44,7,3,0,0,0,0,0,9,2,E01019581,-1,0,0.04271,0.95729,-1,6,30,1,1,1,09:00,3,2,9
2023440227339,2023,440227339,2,1,1,1,37,7,3,0,0,0,0,0,9,4,E01022527,-1,0,0.05754,0.94246,-1,6,60,1,1,1,17:25,5,2,9
2023430300743,2023,430300743,1,1,3,2,14,3,2,5,1,0,0,0,0,-1,-1,-1,0,1.0,0.0,-1,3,30,1,1,1,15:15,6,1,9
202360A134075,2023,60A134075,2,1,1,1,52,8,2,0,0,0,0,0,1,-1,-1,-1,0,1.0,0.0,-1,3,30,1,1,1,17:14,2,2,1
2023421281705,2023,421281705,1,1,1,1,15,3,2,0,0,0,0,0,9,8,E01021516,7,1,1.0,0.0,-1,6,40,1,4,2,00:54,2,2,9
2023471333301,2023,471333301,2,2,1,1,60,9,3,0,0,0,0,0,9,6,E01021054,3,1,0.0,1.0,-1,3,70,1,1,1,15:00,3,2,9
2023471358304,2023,471358304,1,1,2,1,3,1,2,0,0,1,0,0,9,9,E01031563,7,1,1.0,0.0,-1,1,50,1,4,1,21:10,1,1,9
2023201382299,2023,201382299,1,2,3,2,11,3,2,5,1,0,0,0,0,2,E01009512,6,1,1.0,0.0,-1,6,20,1,1,1,15:43,4,1,9
2023430142846,2023,430142846,1,1,1,1,19,4,3,0,0,0,0,0,1,4,E01003178,-1,0,0.18312,0.81688,-1,6,30,2,4,2,01:19,7,2,1
2023131388421,2023,131388421,1,1,1,1,83,11,2,0,0,0,0,0,9,9,E01011584,6,1,1.0,0.0,-1,6,30,1,4,2,17:15,5,1,9
2023061312743,2023,061312743,2,1,1,1,54,8,2,0,0,0,0,0,1,-1,-1,7,1,1.0,0.0,-1,6,30,1,1,1,16:15,5,2,1
2023061391867,2023,061391867,1,4,1,1,35,6,3,0,0,0,0,0,9,8,E01005416,3,1,0.0,1.0,-1,6,60,4,6,2,16:06,7,2,9
2023101370839,2023,101370839,2,2,2,1,16,4,3,0,0,1,0,0,9,-1,-1,3,1,0.0,1.0,-1,6,20,1,1,1,13:50,4,2,9
2023991279562,2023,991279562,3,1,1,1,27,6,3,0,0,0,0,0,19,1,-1,3,1,0.0,1.0,-1,3,30,1,1,1,12:00,4,3,19
2023311277828,2023,311277828,1,1,3,1,4,1,3,7,3,0,0,0,0,-1,-1,3,1,0.0,1.0,-1,6,30,1,4,1,19:26,6,2,9
2023471345990,2023,471345990,1,1,3,1,73,10,3,5,1,0,0,0,0,4,E01031810,3,1,0.0,1.0,-1,6,30,1,1,1,10:13,1,1,9
2023010465634,2023,010465634,1,1,1,1,28,6,3,0,0,0,0,0,3,4,E01000608,-1,0,0.0,1.0,-1,6,30,1,4,1,23:54,3,2,3
2023332300966,2023,332300966,1,1,1,2,51,8,3,0,0,0,0,0,9,8,E01025792,-1,0,0.00295,0.99705,-1,2,30,1,1,1,12:10,6,2,9
2023332301198,2023,332301198,1,1,1,2,40,7,3,0,0,0,0,0,9,3,E01025989,-1,0,0.0215,0.9785,-1,6,30,2,4,2,17:18,2,4,9
2023501309050,2023,501309050,1,3,2,1,18,4,2,0,0,1,0,0,9,3,E01015095,5,1,1.0,0.0,-1,6,60,1,6,1,00:05,6,1,9
2023440131245,2023,440131245,1,1,3,2,46,8,3,9,5,0,0,0,0,-1,-1,-1,0,0.16347,0.83653,-1,6,30,1,1,1,09:39,2,1,19
2023361301238,2023,361301238,2,1,1,1,24,5,3,0,0,0,0,0,1,-1,-1,3,1,0.0,1.0,-1,6,40,1,1,1,18:13,3,2,1
2023522400287,2023,522400287,1,1,1,1,16,4,3,0,0,0,0,0,1,5,E01015006,-1,0,0.03571,0.96429,-1,6,30,1,1,1,08:35,4,2,1
2023522400181,2023,522400181,1,1,3,1,28,6,3,6,9,0,0,0,0,2,E01014842,-1,0,0.07213,0.92787,-1,6,20,1,1,1,11:40,1,1,-1
2023141349890,2023,141349890,2,1,1,1,41,7,3,0,0,0,0,0,3,1,E01007627,3,1,0.0,1.0,-1,6,40,1,1,1,07:55,5,2,3
2023991345638,2023,991345638,2,1,1,1,52,8,2,0,0,0,0,0,5,-1,-1,7,1,1.0,0.0,-1,3,30,1,4,1,03:45,2,2,5
2023111390784,2023,111390784,1,2,2,1,46,8,3,0,0,1,0,0,9,2,E01020820,3,1,0.0,1.0,-1,6,30,3,4,4,19:20,1,1,9
2023320575339,2023,320575339,2,2,1,2,49,8,3,0,0,0,0,0,9,6,E01026282,-1,0,0.00693,0.99307,-1,6,30,1,1,1,08:45,4,2,9
2023141351402,2023,141351402,2,1,1,1,16,4,2,0,0,0,0,0,1,2,E01007733,7,1,1.0,0.0,-1,6,40,2,4,2,22:23,2,2,1
2023010426866,2023,010426866,2,1,1,2,47,8,3,0,0,0,0,0,1,1,E01003060,-1,0,0.0,1.0,-1,6,30,1,7,1,06:47,2,2,1
2023010421470,2023,010421470,1,1,1,1,28,6,3,0,0,0,0,0,3,1,E01002040,-1,0,0.0,1.0,-1,6,20,1,4,1,01:50,1,1,3
2023430371387,2023,430371387,1,1,1,1,54,8,2,0,0,0,0,0,4,6,E01020529,-1,0,1.0,0.0,-1,6,20,1,1,1,14:45,7,2,4
2023010477960,2023,010477960,1,1,1,2,66,10,3,0,0,0,0,0,9,6,E01001295,-1,0,0.0,1.0,-1,3,20,5,1,2,11:31,3,2,9
2023101277716,2023,101277716,2,1,2,1,27,6,3,0,0,1,0,0,9,2,E01008752,3,1,0.0,1.0,-1,6,60,1,1,1,18:00,4,2,9
2023201376998,2023,201376998,1,2,2,2,19,4,3,0,0,1,0,0,9,2,E01029426,3,1,0.0,1.0,-1,3,70,1,4,1,20:19,7,2,9
2023421337778,2023,421337778,2,1,1,1,52,8,3,0,0,0,0,0,9,2,E01000041,3,1,0.0,1.0,-1,1,70,1,1,1,10:35,5,2,9
202354D640723,2023,54D640723,2,3,2,1,28,6,3,0,0,1,0,0,9,6,E01015559,-1,0,0.0225,0.9775,-1,6,30,2,4,2,17:50,2,2,9
2023991370008,2023,991370008,2,1,1,1,33,6,3,0,0,0,0,0,9,10,-1,3,1,0.0,1.0,-1,6,30,9,5,1,13:00,7,2,9
2023401362423,2023,401362423,1,1,1,1,30,6,3,0,0,0,0,0,19,5,E01016756,3,1,0.0,1.0,-1,6,30,7,1,2,07:45,3,2,19
2023010423209,2023,010423209,1,1,3,2,37,7,3,1,3,0,0,0,0,2,E01003598,-1,0,0.0,1.0,-1,6,20,1,4,1,19:20,5,1,9
2023451272436,2023,451272436,1,1,3,2,28,6,2,10,9,0,0,0,0,7,E01030700,7,1,1.0,0.0,-1,3,30,1,4,1,20:15,7,2,9
2023440523500,2023,440523500,1,1,1,1,25,5,2,0,0,0,0,0,5,8,E01017086,-1,0,1.0,0.0,-1,6,40,1,6,1,15:49,7,2,5
2023440043205,2023,440043205,1,1,1,1,65,9,3,0,0,0,0,0,20,10,E01029310,-1,0,0.14074,0.85926,-1,3,70,1,1,1,13:40,4,1,20
2023141309627,2023,141309627,1,1,3,1,30,6,2,1,9,0,0,0,0,2,E01007651,6,1,1.0,0.0,-1,3,40,1,4,1,23:11,7,1,9
2023302300183,2023,302300183,1,1,3,2,80,11,3,4,2,0,0,0,0,4,E01019800,-1,0,0.20708,0.79292,-1,6,30,4,1,1,10:28,3,1,19
2023501322307,2023,501322307,2,1,1,1,56,9,2,0,0,0,0,0,1,-1,-1,5,1,1.0,0.0,-1,6,30,1,1,1,10:00,7,2,1
2023010443175,2023,010443175,1,2,3,1,53,8,3,1,9,0,0,0,0,2,E01001980,-1,0,0.0,1.0,-1,6,20,1,4,1,22:03,2,1,3
2023631311980,2023,631311980,1,1,1,1,52,8,2,0,0,0,0,0,5,4,E01021658,5,1,1.0,0.0,-1,6,60,1,1,1,17:00,6,2,5
2023311314802,2023,311314802,2,1,2,2,7,2,3,0,0,2,0,0,9,-1,-1,3,1,0.0,1.0,-1,6,50,1,1,1,16:17,1,2,9
2023991332540,2023,991332540,1,1,2,1,16,4,2,0,0,0,0,0,2,1,-1,5,1,1.0,0.0,-1,6,30,1,4,1,02:20,1,2,2
2023010480602,2023,010480602,2,1,1,1,26,6,2,0,0,0,0,0,5,3,E01004064,-1,0,1.0,0.0,-1,3,20,1,1,1,06:25,3,2,5
2023451269003,2023,451269003,1,1,1,1,48,8,3,0,0,0,0,0,9,10,E01030682,3,1,0.0,1.0,-1,6,30,1,4,1,18:48,6,3,9
2023070824927,2023,070824927,1,1,1,2,19,4,3,0,0,0,0,0,9,-1,-1,-1,0,0.07522,0.92478,-1,6,60,1,1,1,17:56,5,2,9
2023111263841,2023,111263841,2,1,1,1,49,8,3,0,0,0,0,0,9,1,E01020762,3,1,0.0,1.0,-1,6,30,1,4,1,18:00,7,2,9
2023481366954,2023,481366954,2,1,1,2,33,6,3,0,0,0,0,0,1,-1,-1,3,1,0.0,1.0,-1,3,20,1,1,1,10:30,6,2,1
2023010441574,2023,010441574,1,3,2,2,28,6,3,0,0,2,0,0,9,1,E01033456,-1,0,0.0,1.0,-1,6,30,1,4,2,01:20,1,2,9
2023010485804,2023,010485804,2,1,2,-1,-1,-1,3,0,0,1,0,0,9,2,E01003726,-1,0,0.0,1.0,-1,3,40,1,1,1,13:15,7,2,9
2023440514534,2023,440514534,1,2,1,1,18,4,3,0,0,0,0,0,9,10,E01030886,-1,0,0.12731,0.87269,-1,6,60,1,6,1,17:32,1,1,9
2023451358668,2023,451358668,1,1,1,2,23,5,3,0,0,0,0,0,9,8,E01030384,3,1,0.0,1.0,-1,3,50,1,1,1,09:20,2,2,9
2023471281170,2023,471281170,1,1,1,1,18,4,3,0,0,0,0,0,9,9,E01031756,3,1,0.0,1.0,-1,6,60,1,1,2,07:45,3,2,9
2023520301677,2023,520301677,2,1,1,1,45,7,3,0,0,0,0,0,9,5,E01032629,-1,0,0.03339,0.96661,-1,6,30,1,1,1,17:51,2,2,9
2023522301642,2023,522301642,1,1,1,1,19,4,3,0,0,0,0,0,9,10,E01014434,-1,0,0.0824,0.9176,-1,2,30,1,4,1,02:19,1,12,9
2023010451559,2023,010451559,2,2,1,1,40,7,3,0,0,0,0,0,9,5,E01002352,-1,0,0.0,1.0,-1,1,50,1,1,1,12:11,2,2,9
2023320540139,2023,320540139,1,1,1,1,52,8,3,0,0,0,0,0,9,9,E01026320,-1,0,0.09362,0.90638,-1,6,60,1,1,1,18:02,4,2,9
2023471302163,2023,471302163,1,1,1,1,42,7,2,0,0,0,0,0,9,8,E01024845,7,1,1.0,0.0,-1,6,40,1,6,2,02:15,7,1,9
2023320208054,2023,320208054,1,1,3,1,23,5,3,10,9,0,0,0,0,1,E01026074,-1,0,0.15984,0.84016,-1,6,30,5,7,2,00:24,5,1,9
2023010431253,2023,010431253,2,1,1,1,37,7,2,0,0,0,0,0,3,1,E01001483,-1,0,1.0,0.0,-1,3,40,8,1,2,16:30,5,2,3
2023041341218,2023,041341218,2,4,2,2,19,4,3,0,0,1,0,0,9,4,E01025192,3,1,0.0,1.0,-1,6,50,1,1,1,15:51,1,2,9
2023311258667,2023,311258667,1,1,1,1,38,7,2,0,0,0,0,0,9,4,E01007330,5,1,1.0,0.0,-1,3,70,1,4,2,04:56,1,2,9
2023552300300,2023,552300300,1,1,1,1,21,5,3,0,0,0,0,0,5,6,E01020516,-1,0,0.14252,0.85748,-1,6,30,2,1,2,08:29,5,2,5
2023041347793,2023,041347793,1,1,3,1,12,3,2,8,3,0,0,0,0,6,E01025222,7,1,1.0,0.0,-1,6,30,1,4,1,21:40,6,1,9
2023122300850,2023,122300850,1,1,3,1,81,11,3,5,1,0,0,0,0,4,E01027706,-1,0,0.18528,0.81472,-1,6,30,1,1,1,13:25,2,1,9
2023010456668,2023,010456668,1,1,1,1,33,6,3,0,0,0,0,0,3,1,E01002099,-1,0,0.0,1.0,-1,6,20,9,1,9,18:00,6,2,3
2023010484494,2023,010484494,2,1,1,1,46,8,3,0,0,0,0,0,3,4,E01003543,-1,0,0.0,1.0,-1,3,30,1,4,1,01:19,1,2,3
2023131364599,2023,131364599,1,1,1,1,16,4,2,0,0,0,0,0,2,1,E01011148,7,1,1.0,0.0,-1,6,30,2,1,2,08:30,5,2,2
2023320201372,2023,320201372,2,1,2,2,6,2,3,0,0,2,0,0,19,5,E01026276,-1,0,0.07736,0.92264,-1,6,60,1,1,1,14:20,2,2,19
2023010427750,2023,010427750,1,1,3,1,23,5,3,5,4,0,0,0,0,-1,-1,-1,0,0.0,1.0,-1,6,30,1,1,1,16:30,6,1,9
2023010471963,2023,010471963,2,1,1,2,-1,-1,3,0,0,0,0,0,1,3,E01000020,-1,0,0.0,1.0,-1,7,20,2,4,2,19:53,6,2,1
2023010473973,2023,010473973,1,1,1,1,31,6,3,0,0,0,0,0,3,3,E01001154,-1,0,0.0,1.0,-1,9,20,9,1,9,15:42,2,2,3
2023461367306,2023,461367306,1,1,1,1,85,11,2,0,0,0,0,0,9,4,E01024566,6,1,1.0,0.0,-1,6,60,1,6,1,19:28,3,4,9
2023010427551,2023,010427551,1,1,3,1,24,5,3,1,1,0,0,0,0,4,E01003632,-1,0,0.0,1.0,-1,3,30,1,4,2,18:09,5,1,9
2023061323903,2023,061323903,1,1,3,2,5,1,2,4,1,0,0,0,0,2,E01006112,7,1,1.0,0.0,-1,6,30,1,1,1,18:11,4,1,19
2023010435202,2023,010435202,2,1,1,1,29,6,3,0,0,0,0,0,3,4,E01000518,-1,0,0.0,1.0,-1,6,30,2,1,2,16:00,6,2,3
2023010466375,2023,010466375,2,2,1,1,22,5,3,0,0,0,0,0,9,3,E01003533,-1,0,0.0,1.0,-1,3,40,1,4,1,05:45,7,3,9
2023201384384,2023,201384384,1,2,2,1,17,4,2,0,0,-1,0,0,9,7,E01009039,7,1,1.0,0.0,-1,6,30,1,4,1,18:40,3,1,9
2023421334715,2023,421334715,2,4,1,1,57,9,2,0,0,0,0,0,9,5,E01021415,6,1,1.0,0.0,-1,6,40,1,1,1,13:30,7,2,9
2023541590223,2023,541590223,1,1,1,1,19,4,3,0,0,0,0,0,9,8,E01031868,-1,0,0.06216,0.93784,-1,6,60,1,6,1,19:42,1,1,9
2023401328554,2023,401328554,2,2,2,1,15,3,3,0,0,0,0,0,1,9,E01017449,3,1,0.0,1.0,-1,6,30,1,1,1,19:30,6,2,1
2023552300926,2023,552300926,1,1,1,1,23,5,3,0,0,0,0,0,-1,6,E01015460,-1,0,0.14047,0.85953,-1,6,30,1,4,2,22:26,4,1,-1
2023052300785,2023,052300785,1,1,3,2,46,8,3,4,1,0,0,0,0,2,E01006710,-1,0,0.1562,0.8438,-1,6,30,1,1,2,13:20,4,1,9
2023170M30373,2023,170M30373,1,1,3,2,77,11,3,5,3,0,0,0,0,-1,-1,-1,0,0.20309,0.79691,-1,6,30,1,1,1,10:40,6,1,9
2023161330668,2023,161330668,1,1,1,1,64,9,3,0,0,0,0,0,1,1,E01013222,3,1,0.0,1.0,-1,6,30,1,1,1,11:25,7,2,1
2023061330498,2023,061330498,1,1,1,2,44,7,3,0,0,0,0,0,9,8,E01006384,3,1,0.0,1.0,-1,6,40,2,1,-1,16:35,7,2,9
2023041287629,2023,041287629,2,1,1,1,66,10,2,0,0,0,0,0,11,1,E01024953,6,1,1.0,0.0,-1,6,40,1,1,2,16:16,5,2,11
2023141320466,2023,141320466,2,2,1,1,59,9,3,0,0,0,0,0,9,9,E01019779,3,1,0.0,1.0,-1,3,40,1,1,1,15:09,2,2,9
2023501304968,2023,501304968,1,2,2,2,20,4,3,0,0,1,0,0,9,-1,-1,3,1,0.0,1.0,-1,6,30,1,1,1,17:55,5,2,9
202363C006823,2023,63C006823,2,3,1,2,65,9,2,0,0,0,0,0,9,10,W01000640,-1,0,1.0,0.0,-1,6,60,1,1,2,09:00,4,3,9
2023141334623,2023,141334623,1,1,3,1,33,6,3,5,9,0,0,0,0,4,E01007704,3,1,0.0,1.0,-1,6,30,9,1,1,09:00,4,1,9