collision_index,collision_year,collision_ref_no,vehicle_reference,casualty_reference,casualty_class,sex_of_casualty,age_of_casualty,age_band_of_casualty,casualty_severity,pedestrian_location,pedestrian_movement,car_passenger,bus_or_coach_passenger,pedestrian_road_maintenance_worker,casualty_type,casualty_imd_decile,lsoa_of_casualty,enhanced_casualty_severity,casualty_injury_based,casualty_adjusted_severity_serious,casualty_adjusted_severity_slight,casualty_distance_banding,road_type,speed_limit,weather_conditions,light_conditions,road_surface_conditions,time,day_of_week,number_of_vehicles,vehicle_type
2023122301145,2023,122301145,1,1,1,2,54,8,3,0,0,0,0,0,9,8,E01012141,-1,0,0.06788,0.93212,-1,6,60,4,6,1,18:40,1,2,9
2023161319556,2023,161319556,2,1,1,1,19,4,3,0,0,0,0,0,97,2,E01032595,3,1,0.0,1.0,-1,6,30,1,1,1,14:12,6,2,97
2023010468145,2023,010468145,2,2,1,1,52,8,3,0,0,0,0,0,9,2,E01003930,-1,0,0.0,1.0,-1,6,30,1,1,1,12:40,2,2,9
2023401308433,2023,401308433,1,3,2,2,65,9,3,0,0,1,0,0,9,4,E01017599,3,1,0.0,1.0,-1,6,60,1,1,1,12:16,4,2,9
2023440392982,2023,440392982,1,2,2,1,16,4,3,0,0,2,0,0,9,3,E01017350,-1,0,0.01734,0.98266,-1,6,60,1,1,1,08:35,3,2,9
2023421392051,2023,421392051,1,1,3,1,22,5,3,9,8,0,0,0,0,6,E01021903,3,1,0.0,1.0,-1,6,30,1,6,1,20:40,1,1,9
2023501406862,2023,501406862,1,1,3,1,20,4,3,5,9,0,0,-1,0,6,E01020063,3,1,0.0,1.0,-1,6,30,1,7,1,17:55,5,1,9
2023010454238,2023,010454238,1,1,1,1,47,8,3,0,0,0,0,0,3,3,E01004633,-1,0,0.0,1.0,-1,3,30,1,1,1,19:00,7,2,3
2023010460551,2023,010460551,2,1,1,1,19,4,3,0,0,0,0,0,1,-1,-1,-1,0,0.0,1.0,-1,6,20,1,1,1,10:45,2,2,1
2023311330702,2023,311330702,2,1,1,1,19,4,3,0,0,0,0,0,3,5,E01027941,3,1,0.0,1.0,-1,9,30,1,1,1,10:55,7,2,3
2023451364759,2023,451364759,1,1,1,1,19,4,2,0,0,0,0,0,5,8,E01030893,7,1,1.0,0.0,-1,3,50,1,1,1,16:10,1,1,5
2023161322684,2023,161322684,1,1,1,1,35,6,3,0,0,0,0,0,1,7,E01013008,3,1,0.0,1.0,-1,3,40,1,1,1,07:15,5,2,1
2023201418329,2023,201418329,1,1,3,1,4,1,3,5,2,0,0,0,0,5,E01010554,3,1,0.0,1.0,-1,6,30,1,1,1,17:12,4,1,9
2023332300386,2023,332300386,2,1,1,1,59,9,2,0,0,0,0,0,9,4,E01028252,-1,0,1.0,0.0,-1,3,70,1,1,1,08:16,5,2,9
2023131263891,2023,131263891,1,3,3,2,27,6,1,6,8,0,0,2,0,1,E01011360,1,1,0.0,0.0,-1,3,30,5,5,2,08:45,2,3,9
2023010461859,2023,010461859,2,1,1,1,27,6,1,0,0,0,0,0,5,9,E01021828,-1,0,0.0,0.0,-1,3,30,1,1,1,16:15,3,2,5
2023311367157,2023,311367157,1,1,1,1,57,9,2,0,0,0,0,0,5,-1,-1,6,1,1.0,0.0,-1,6,60,1,1,1,14:00,5,1,5
2023141329066,2023,141329066,2,1,2,2,36,7,3,0,0,1,0,0,9,4,E01007817,3,1,0.0,1.0,-1,6,30,1,5,1,12:40,5,2,9
2023161327438,2023,161327438,2,3,2,2,19,4,3,0,0,2,0,0,9,2,E01013315,3,1,0.0,1.0,-1,6,50,1,6,1,22:30,2,2,9
2023991324001,2023,991324001,1,2,2,2,61,9,3,0,0,1,0,0,9,2,-1,3,1,0.0,1.0,-1,6,60,1,1,1,09:00,5,1,9
2023401316386,2023,401316386,1,2,2,2,21,5,3,0,0,1,0,0,9,4,E01015712,3,1,0.0,1.0,-1,6,30,1,1,1,21:00,6,2,9
2023531328363,2023,531328363,3,1,3,1,31,6,2,8,9,0,0,0,0,7,E01032315,7,1,1.0,0.0,-1,3,70,2,1,2,15:12,3,5,9
2023010471235,2023,010471235,1,2,2,1,12,3,3,0,0,2,0,0,9,5,E01016841,-1,0,0.0,1.0,-1,6,30,1,4,1,19:45,3,2,9
2023010477633,2023,010477633,1,1,1,1,21,5,3,0,0,0,0,0,9,8,E01000447,-1,0,0.0,1.0,-1,9,30,2,4,2,06:10,2,2,9
2023122300750,2023,122300750,1,1,1,2,62,9,2,0,0,0,0,0,9,5,E01027777,-1,0,1.0,0.0,-1,6,60,1,1,1,15:50,5,1,9
2023320572745,2023,320572745,2,1,2,2,66,10,3,0,0,1,0,0,9,10,E01013068,-1,0,0.09519,0.90481,-1,6,60,2,1,2,11:37,5,2,9
2023061309564,2023,061309564,5,5,2,2,27,6,3,0,0,1,0,0,9,1,E01004848,3,1,0.0,1.0,-1,6,40,1,1,1,15:15,7,5,9
2023401287508,2023,401287508,1,1,3,2,55,8,3,6,9,0,0,0,0,10,E01017607,3,1,0.0,1.0,-1,6,40,1,1,1,16:30,1,1,9
2023520301166,2023,520301166,2,1,1,1,72,10,2,0,0,0,0,0,4,3,E01029093,-1,0,1.0,0.0,-1,6,60,1,1,1,17:33,7,2,4
2023451337303,2023,451337303,1,1,1,2,32,6,3,0,0,0,0,0,9,8,E01030333,3,1,0.0,1.0,-1,6,30,1,4,1,22:15,3,4,9
2023991334049,2023,991334049,1,1,2,2,55,8,2,0,0,0,0,0,20,1,-1,7,1,1.0,0.0,-1,3,30,1,1,2,19:13,4,2,20
2023991313209,2023,991313209,2,1,1,1,50,8,2,0,0,0,0,0,23,6,-1,5,1,1.0,0.0,-1,6,30,1,1,1,06:40,4,2,23
2023010475515,2023,010475515,1,1,1,2,38,7,3,0,0,0,0,0,9,6,E01000252,-1,0,0.0,1.0,-1,6,30,2,1,2,15:45,5,1,9
2023170M11683,2023,170M11683,1,1,1,2,49,8,3,0,0,0,0,0,9,1,E01012040,-1,0,0.06852,0.93148,-1,6,20,5,5,2,19:28,6,2,9
2023461389982,2023,461389982,1,1,1,2,31,6,3,0,0,0,0,0,9,2,E01024019,3,1,0.0,1.0,-1,6,30,1,1,1,18:55,1,2,9
2023010447043,2023,010447043,1,1,1,1,27,6,3,0,0,0,0,0,9,10,W01001730,-1,0,0.0,1.0,-1,9,20,1,4,1,00:20,1,2,9
2023010433891,2023,010433891,1,1,1,1,54,8,3,0,0,0,0,0,1,4,E01004538,-1,0,0.0,1.0,-1,9,30,9,1,9,07:55,6,2,1
202360A164065,2023,60A164065,2,1,1,2,70,10,3,0,0,0,0,0,22,-1,-1,-1,0,0.13509,0.86491,-1,6,30,1,1,1,14:04,5,2,22
2023440242458,2023,440242458,1,1,1,1,71,10,2,0,0,0,0,0,4,3,E01023085,-1,0,1.0,0.0,-1,6,60,1,1,1,16:30,1,2,4
2023522301300,2023,522301300,2,1,1,2,30,6,3,0,0,0,0,0,1,4,E01014576,-1,0,0.07942,0.92058,-1,6,20,1,1,1,09:50,3,2,1
2023061340867,2023,061340867,2,2,3,2,25,5,2,1,9,0,0,0,0,-1,-1,6,1,1.0,0.0,-1,3,40,1,1,1,18:30,6,2,5
2023622300863,2023,622300863,2,2,1,2,16,4,2,0,0,0,0,0,3,1,W01000817,-1,0,1.0,0.0,-1,6,40,1,1,1,14:14,4,2,3
2023010459888,2023,010459888,1,1,2,1,5,1,3,0,0,2,0,0,9,4,E01004366,-1,0,0.0,1.0,-1,6,20,2,1,2,14:43,5,2,9
2023010429694,2023,010429694,1,1,1,1,32,6,3,0,0,0,0,0,19,4,E01001873,-1,0,0.0,1.0,-1,6,20,1,1,1,13:00,6,2,19
2023010433889,2023,010433889,2,1,1,2,49,8,3,0,0,0,0,0,9,7,E01002203,-1,0,0.0,1.0,-1,3,30,1,1,1,08:35,6,2,9
2023052300647,2023,052300647,2,1,1,2,51,8,3,0,0,0,0,0,9,2,E01006751,-1,0,0.03443,0.96557,-1,6,30,1,1,2,08:12,2,3,9
2023302301995,2023,302301995,1,2,2,1,10,2,3,0,0,1,0,0,9,3,E01019541,-1,0,0.07309,0.92691,-1,6,60,1,6,1,17:55,3,2,9
2023501378976,2023,501378976,1,1,1,1,57,9,2,0,0,0,0,0,9,6,E01018752,7,1,1.0,0.0,-1,6,30,1,7,1,22:15,7,1,9
2023041355884,2023,041355884,2,4,1,1,43,7,3,0,0,0,0,0,9,9,E01025319,3,1,0.0,1.0,-1,6,30,1,6,2,05:33,2,2,9
2023221328101,2023,221328101,2,1,1,2,25,5,3,0,0,0,0,0,9,3,E01014208,3,1,0.0,1.0,-1,3,30,1,1,1,09:50,2,2,9
2023221402932,2023,221402932,1,1,2,1,15,3,3,0,0,1,0,0,9,1,E01028957,3,1,0.0,1.0,-1,6,30,1,4,1,19:00,5,2,9
2023361295610,2023,361295610,1,1,1,2,52,8,2,0,0,0,0,0,9,4,E01026651,5,1,1.0,0.0,-1,6,60,1,6,1,05:45,5,1,9
2023010476922,2023,010476922,1,1,2,2,28,6,3,0,0,0,0,0,19,7,E01000909,-1,0,0.0,1.0,-1,3,30,1,1,1,11:25,5,3,19
2023421326299,2023,421326299,2,1,1,2,23,5,3,0,0,0,0,0,97,2,E01001439,3,1,0.0,1.0,-1,6,30,1,1,1,07:35,6,2,97
2023211322193,2023,211322193,1,1,1,2,21,5,3,0,0,0,0,0,9,-1,-1,3,1,0.0,1.0,-1,3,70,1,1,1,21:02,7,1,9
2023071317362,2023,071317362,2,3,2,2,57,9,3,0,0,2,0,0,9,4,E01005059,-1,0,0.03163,0.96837,-1,3,70,5,1,2,13:15,2,2,9
2023201463222,2023,201463222,2,2,1,2,25,5,3,0,0,0,0,0,9,7,E01031091,3,1,0.0,1.0,-1,6,30,2,4,2,06:49,2,2,9
202360A157101,2023,60A157101,2,2,1,2,52,8,3,0,0,0,0,0,9,-1,-1,-1,0,0.03999,0.96001,-1,6,30,1,1,1,16:52,6,2,9
2023010477549,2023,010477549,1,1,1,1,43,7,3,0,0,0,0,0,11,6,E01001419,-1,0,0.0,1.0,-1,1,30,1,1,2,12:08,1,2,11
2023131281521,2023,131281521,1,2,2,2,12,3,2,0,0,1,0,0,9,4,E01011325,6,1,1.0,0.0,-1,6,30,2,4,2,20:00,3,2,9
2023411305412,2023,411305412,1,1,1,1,56,9,3,0,0,0,0,0,9,5,E01023533,3,1,0.0,1.0,-1,6,60,1,6,1,19:34,2,2,9
2023451378706,2023,451378706,2,3,1,1,20,4,2,0,0,0,0,0,9,8,E01030867,6,1,1.0,0.0,-1,6,60,1,6,1,17:20,6,3,9
2023010472641,2023,010472641,1,1,1,1,61,9,3,0,0,0,0,0,19,4,E01003332,-1,0,0.0,1.0,-1,6,20,1,1,1,07:14,4,2,19
2023010441827,2023,010441827,1,1,1,2,45,7,3,0,0,0,0,0,9,9,E01000775,-1,0,0.0,1.0,-1,6,30,1,1,1,13:31,2,2,9
2023320552826,2023,320552826,1,2,2,2,18,4,3,0,0,1,0,0,9,4,E01026366,-1,0,0.07292,0.92708,-1,6,60,1,6,1,21:40,3,1,9
2023361367435,2023,361367435,2,1,1,2,57,9,3,0,0,0,0,0,9,5,E01026487,3,1,0.0,1.0,-1,6,60,5,6,2,19:06,6,3,9
2023071109481,2023,071109481,2,1,1,1,40,7,3,0,0,0,0,0,1,10,E01018664,-1,0,0.11803,0.88197,-1,6,30,2,4,2,17:40,3,2,1
2023111359526,2023,111359526,1,1,1,1,6,2,2,0,0,0,0,0,1,-1,-1,7,1,1.0,0.0,-1,6,30,1,1,1,17:35,4,2,1
2023552400008,2023,552400008,2,1,1,1,47,8,3,0,0,0,0,0,1,3,E01015308,-1,0,0.14861,0.85139,-1,6,30,1,4,1,06:00,3,2,1
2023430031761,2023,430031761,1,1,1,1,35,6,3,0,0,0,0,0,98,3,E01016464,-1,0,0.11693,0.88307,-1,2,30,1,4,4,21:30,7,2,98
2023430002180,2023,430002180,2,2,1,1,-1,-1,3,0,0,0,0,0,3,6,E01016434,-1,0,0.02731,0.97269,-1,6,30,2,4,2,04:05,1,2,3
2023010459820,2023,010459820,1,1,3,2,56,9,2,6,9,0,0,0,0,8,E01002418,-1,0,1.0,0.0,-1,9,30,1,1,1,13:40,4,1,-1
2023010437717,2023,010437717,1,1,1,2,40,7,3,0,0,0,0,0,9,2,E01000484,-1,0,0.0,1.0,-1,2,20,1,1,1,11:20,7,1,9
2023131332548,2023,131332548,1,1,1,1,31,6,3,0,0,0,0,0,9,5,E01011096,3,1,0.0,1.0,-1,3,70,2,4,2,23:10,1,1,9
2023351285018,2023,351285018,2,3,2,2,34,6,3,0,0,2,0,0,9,3,E01015619,3,1,0.0,1.0,-1,6,60,1,6,1,20:00,7,2,9
2023421330731,2023,421330731,1,1,1,1,45,7,3,0,0,0,0,0,9,2,E01016004,3,1,0.0,1.0,-1,6,40,1,1,1,17:15,3,2,9
2023461336969,2023,461336969,1,1,1,2,79,11,3,0,0,0,0,0,9,5,E01024565,3,1,0.0,1.0,-1,6,30,1,1,1,15:30,4,3,9
2023201340132,2023,201340132,1,1,1,1,61,9,3,0,0,0,0,0,9,8,E01010487,3,1,0.0,1.0,-1,6,30,1,1,1,20:00,7,2,9
202360A190185,2023,60A190185,1,2,2,1,19,4,3,0,0,1,0,0,9,-1,-1,-1,0,0.09836,0.90164,-1,3,70,3,6,4,18:35,7,1,9
2023221383927,2023,221383927,1,1,1,1,21,5,3,0,0,0,0,0,90,-1,-1,3,1,0.0,1.0,-1,6,60,1,1,2,10:30,3,2,90
2023041316988,2023,041316988,1,1,3,1,26,6,2,5,2,0,0,0,0,3,E01025221,6,1,1.0,0.0,-1,6,30,1,1,1,21:55,6,1,9
2023010474929,2023,010474929,1,1,1,-1,48,8,3,0,0,0,0,0,3,5,E01003142,-1,0,0.0,1.0,-1,6,20,9,1,9,14:20,5,1,3
2023061331219,2023,061331219,2,1,1,1,22,5,2,0,0,0,0,0,3,1,E01032557,5,1,1.0,0.0,-1,6,30,1,1,1,17:30,4,2,3
2023010479481,2023,010479481,1,1,1,2,35,6,3,0,0,0,0,0,9,2,E01000152,-1,0,0.0,1.0,-1,6,30,1,1,1,08:41,4,2,9
2023141393604,2023,141393604,2,2,1,1,39,7,3,0,0,0,0,0,9,1,E01007736,3,1,0.0,1.0,-1,6,40,2,4,2,22:53,1,2,9
2023461352324,2023,461352324,2,2,2,2,17,4,3,0,0,2,0,0,9,9,E01032813,3,1,0.0,1.0,-1,3,50,1,1,1,10:20,6,2,9
2023010456402,2023,010456402,1,1,1,1,28,6,3,0,0,0,0,0,1,3,E01003575,-1,0,0.0,1.0,-1,6,20,8,1,1,17:55,5,2,1
2023622300727,2023,622300727,1,1,3,1,69,10,3,9,8,0,0,0,0,3,W01001870,-1,0,0.10169,0.89831,-1,6,30,1,1,1,13:33,3,1,19
2023010434164,2023,010434164,1,1,2,2,35,6,3,0,0,1,0,0,9,8,E01021750,-1,0,0.0,1.0,-1,6,30,8,1,1,13:43,7,2,9
2023141317284,2023,141317284,1,1,2,2,44,7,3,0,0,1,0,0,9,1,E01007341,3,1,0.0,1.0,-1,6,30,1,1,1,15:22,6,2,9
2023320576883,2023,320576883,1,1,1,1,40,7,3,0,0,0,0,0,9,-1,-1,-1,0,0.05819,0.94181,-1,6,60,1,1,1,08:16,7,2,9
2023501328935,2023,501328935,1,1,1,1,31,6,3,0,0,0,0,0,9,4,E01015056,3,1,0.0,1.0,-1,6,50,2,1,2,09:46,5,1,9
2023522300452,2023,522300452,1,1,1,1,24,5,3,0,0,0,0,0,9,10,E01014966,-1,0,0.00256,0.99744,-1,6,30,1,1,1,08:51,1,2,9
2023522301238,2023,522301238,1,1,2,1,35,6,3,0,0,1,0,0,9,7,E01014533,-1,0,0.00182,0.99818,-1,2,30,1,1,1,15:05,6,2,9
2023991355375,2023,991355375,2,1,1,1,51,8,3,0,0,0,0,0,9,8,-1,3,1,0.0,1.0,-1,6,60,2,1,2,14:20,6,2,9
2023010422243,2023,010422243,1,2,3,2,5,1,3,10,9,0,0,0,0,3,E01000689,-1,0,0.0,1.0,-1,9,30,1,1,1,08:30,5,1,19
2023010462741,2023,010462741,2,1,1,1,43,7,3,0,0,0,0,0,-1,2,E01000626,-1,0,0.0,1.0,-1,6,30,1,4,1,00:39,2,2,-1
2023010452848,2023,010452848,2,1,1,1,38,7,3,0,0,0,0,0,8,2,E01004235,-1,0,0.0,1.0,-1,2,20,1,4,1,02:12,2,2,8
2023010475028,2023,010475028,1,1,1,1,45,7,3,0,0,0,0,0,8,3,E01003617,-1,0,0.0,1.0,-1,9,20,8,1,2,08:30,2,2,8
2023991307149,2023,991307149,3,1,1,1,31,6,3,0,0,0,0,0,19,1,-1,3,1,0.0,1.0,-1,7,30,1,1,1,18:30,6,3,19
2023041283693,2023,041283693,1,1,2,1,22,5,3,0,0,1,0,0,9,2,E01004879,3,1,0.0,1.0,-1,3,30,1,4,1,19:35,1,1,9
2023440113709,2023,440113709,2,2,1,2,71,10,1,0,0,0,0,0,9,8,E01023167,-1,0,0.0,0.0,-1,6,60,1,1,2,09:05,4,2,9
2023421282230,2023,421282230,2,1,1,1,22,5,3,0,0,0,0,0,3,7,E01021439,3,1,0.0,1.0,-1,6,30,9,4,1,21:10,4,2,3
2023471264264,2023,471264264,2,1,1,1,21,5,3,0,0,0,0,0,3,3,E01021185,3,1,0.0,1.0,-1,6,30,1,7,1,01:05,1,3,3
2023610047123,2023,610047123,1,1,1,1,17,4,2,0,0,0,0,0,3,6,W01001564,-1,0,1.0,0.0,-1,6,60,1,6,2,16:00,3,1,3
2023461364482,2023,461364482,1,1,1,1,54,8,3,0,0,0,0,0,19,6,E01024491,3,1,0.0,1.0,-1,6,60,1,1,1,16:51,3,2,19
2023010434916,2023,010434916,1,1,1,2,42,7,3,0,0,0,0,0,1,4,E01001286,-1,0,0.0,1.0,-1,1,20,8,1,1,08:15,2,2,1
2023010464998,2023,010464998,1,1,1,1,36,7,2,0,0,0,0,0,1,5,E01001029,-1,0,1.0,0.0,-1,6,20,1,1,1,16:30,7,1,1
2023131319181,2023,131319181,2,1,1,1,52,8,2,0,0,0,0,0,1,7,E01011056,6,1,1.0,0.0,-1,6,60,1,1,1,17:15,5,2,1
2023131353731,2023,131353731,2,1,1,1,13,3,3,0,0,0,0,0,1,7,E01011828,3,1,0.0,1.0,-1,6,30,1,1,2,15:28,2,2,1
2023211295725,2023,211295725,1,1,3,1,56,9,3,10,9,0,0,0,0,-1,-1,3,1,0.0,1.0,-1,6,60,1,1,-1,11:55,4,1,9
2023631379313,2023,631379313,2,1,3,1,65,9,3,9,5,0,0,1,0,7,W01001933,3,1,0.0,1.0,-1,6,30,1,6,1,11:45,4,2,19
2023111389247,2023,111389247,2,2,2,1,20,4,3,0,0,1,0,0,9,5,E01020867,3,1,0.0,1.0,-1,6,60,1,1,2,15:28,7,2,9
2023141392818,2023,141392818,2,1,2,2,62,9,2,0,0,1,0,0,9,5,E01007361,6,1,1.0,0.0,-1,6,30,2,1,2,13:03,5,2,9
2023361309994,2023,361309994,2,3,2,2,3,1,3,0,0,2,0,0,9,8,E01026508,3,1,0.0,1.0,-1,6,60,1,1,1,19:13,1,2,9
2023461370066,2023,461370066,2,2,2,2,36,7,3,0,0,1,0,0,9,6,E01032817,3,1,0.0,1.0,-1,6,30,1,1,1,16:30,1,2,9
2023520300870,2023,520300870,2,2,1,2,44,7,3,0,0,0,0,0,9,5,E01029059,-1,0,0.02623,0.97377,-1,6,60,1,1,1,17:30,5,2,9
2023411271590,2023,411271590,3,2,1,1,29,6,3,0,0,0,0,0,98,-1,-1,3,1,0.0,1.0,-1,3,70,1,1,1,17:40,3,4,98
2023520301344,2023,520301344,1,1,1,1,49,8,2,0,0,0,0,0,5,2,E01014458,-1,0,1.0,0.0,-1,6,60,1,1,1,15:15,7,1,5
2023010456210,2023,010456210,2,1,1,1,39,7,3,0,0,0,0,0,9,4,E01004348,-1,0,0.0,1.0,-1,6,20,1,1,1,05:15,5,2,9
2023010474038,2023,010474038,1,1,1,2,26,6,3,0,0,0,0,0,9,3,E01000385,-1,0,0.0,1.0,-1,6,30,1,4,1,20:10,4,2,9
2023131358704,2023,131358704,2,2,1,-1,41,7,3,0,0,0,0,0,9,2,E01011025,3,1,0.0,1.0,-1,6,30,2,4,1,21:50,2,4,9
2023332301078,2023,332301078,2,2,2,2,22,5,3,0,0,2,0,0,9,1,E01032602,-1,0,0.01431,0.98569,-1,3,70,1,1,1,13:14,4,2,9
2023351306697,2023,351306697,2,1,1,1,19,4,3,0,0,0,0,0,4,10,E01018007,3,1,0.0,1.0,-1,6,30,1,1,1,10:15,5,2,4
2023421348358,2023,421348358,1,1,1,1,37,7,2,0,0,0,0,0,19,-1,-1,7,1,1.0,0.0,-1,3,50,1,1,1,08:25,2,3,19
2023440390749,2023,440390749,1,2,1,2,54,8,3,0,0,0,0,0,9,2,E01017188,-1,0,0.05329,0.94671,-1,6,30,1,1,2,07:30,2,2,9
2023010420193,2023,010420193,2,1,1,1,29,6,3,0,0,0,0,0,1,2,E01032765,-1,0,0.0,1.0,-1,6,30,1,1,1,01:40,1,2,1
2023010479609,2023,010479609,1,1,2,2,-1,-1,3,0,0,1,0,0,9,3,E01003917,-1,0,0.0,1.0,-1,2,20,1,4,1,17:02,4,2,9
2023170S12233,2023,170S12233,1,1,1,1,41,7,3,0,0,0,0,0,9,1,E01033477,-1,0,0.06846,0.93154,-1,6,30,1,1,1,11:21,2,4,9
2023361359081,2023,361359081,1,1,1,1,82,11,3,0,0,0,0,0,9,5,E01026428,3,1,0.0,1.0,-1,6,30,1,4,1,19:23,3,2,9
2023631310197,2023,631310197,1,1,1,2,72,10,3,0,0,0,0,0,9,8,W01000634,3,1,0.0,1.0,-1,6,30,1,1,1,14:10,2,1,9
2023302301250,2023,302301250,2,1,2,2,47,8,3,0,0,1,0,0,9,6,E01019465,-1,0,0.01346,0.98654,-1,6,30,2,1,2,10:38,2,2,9
2023311355218,2023,311355218,1,1,1,1,52,8,3,0,0,0,0,0,9,2,E01028319,3,1,0.0,1.0,-1,1,30,1,1,1,11:30,6,2,9
2023451264556,2023,451264556,1,1,1,2,38,7,3,0,0,0,0,0,9,3,E01001170,3,1,0.0,1.0,-1,6,30,1,1,4,08:00,3,2,9
2023501368659,2023,501368659,3,2,1,1,31,6,3,0,0,0,0,0,19,4,E01020247,3,1,0.0,1.0,-1,6,40,2,1,2,16:13,5,3,19
2023622301066,2023,622301066,1,1,1,1,26,6,1,0,0,0,0,0,5,1,W01001222,-1,0,0.0,0.0,-1,6,40,1,1,1,15:00,6,2,5
2023010425239,2023,010425239,1,1,1,1,46,8,3,0,0,0,0,0,9,8,E01023666,-1,0,0.0,1.0,-1,6,30,1,4,1,22:00,6,2,9
2023501363506,2023,501363506,1,2,2,2,37,7,3,0,0,2,0,0,9,2,E01015081,3,1,0.0,1.0,-1,1,30,1,1,1,16:10,1,2,9
2023161361103,2023,161361103,2,1,1,1,37,7,3,0,0,0,0,0,1,1,E01013138,3,1,0.0,1.0,-1,6,30,4,1,1,17:13,5,2,1
2023052301844,2023,052301844,2,1,1,1,17,4,3,0,0,0,0,0,3,6,E01007076,-1,0,0.18636,0.81364,-1,6,30,1,1,1,18:40,2,2,3
2023311281318,2023,311281318,2,1,1,2,-1,-1,3,0,0,0,0,0,9,1,E01026383,3,1,0.0,1.0,-1,6,60,1,1,1,17:10,3,2,9
2023010419529,2023,010419529,1,1,3,1,47,8,2,8,1,0,0,0,0,5,E01002667,-1,0,1.0,0.0,-1,6,30,2,4,2,20:45,3,1,11
2023471317101,2023,471317101,1,1,3,1,64,9,2,5,3,0,0,0,0,6,E01016862,7,1,1.0,0.0,-1,6,20,1,1,1,19:08,6,1,1
2023010425655,2023,010425655,1,1,1,1,39,7,3,0,0,0,0,0,3,8,E01001211,-1,0,0.0,1.0,-1,2,20,1,1,1,13:45,2,2,3
2023471295766,2023,471295766,2,1,1,1,32,6,3,0,0,0,0,0,3,1,E01031454,3,1,0.0,1.0,-1,6,30,1,1,1,19:41,2,2,3
2023010485244,2023,010485244,1,1,1,1,29,6,3,0,0,0,0,0,9,2,E01001588,-1,0,0.0,1.0,-1,2,30,1,4,1,21:20,4,2,9
2023131313485,2023,131313485,2,3,1,1,30,6,3,0,0,0,0,0,9,1,E01011375,3,1,0.0,1.0,-1,3,70,1,1,1,16:30,4,4,9
2023461447543,2023,461447543,1,1,1,2,20,4,3,0,0,0,0,0,9,2,E01024080,3,1,0.0,1.0,-1,6,60,2,7,2,00:35,7,2,9
2023522301597,2023,522301597,2,1,1,1,19,4,3,0,0,0,0,0,3,2,E01014601,-1,0,0.09179,0.90821,-1,6,20,1,1,1,14:20,6,2,3
2023061317419,2023,061317419,2,2,2,2,27,6,3,0,0,1,0,0,9,2,E01005950,3,1,0.0,1.0,-1,6,20,1,4,1,00:07,7,2,9
2023221323706,2023,221323706,1,1,1,1,17,4,3,0,0,0,0,0,9,8,E01032197,3,1,0.0,1.0,-1,6,30,1,1,1,07:55,1,1,9
2023111332657,2023,111332657,1,1,3,1,34,6,3,6,9,0,0,0,0,1,E01011953,3,1,0.0,1.0,-1,6,30,1,1,2,17:55,7,1,11
2023991319719,2023,991319719,2,1,1,1,42,7,3,0,0,0,0,0,1,6,-1,3,1,0.0,1.0,-1,3,60,1,1,1,08:45,7,2,1
2023161340136,2023,161340136,2,2,1,2,27,6,3,0,0,0,0,0,9,4,E01012990,3,1,0.0,1.0,-1,6,60,1,1,1,16:48,4,2,9
2023311342578,2023,311342578,1,1,2,2,19,4,3,0,0,1,0,0,9,7,E01028370,3,1,0.0,1.0,-1,3,70,1,1,1,16:29,6,2,9
2023421327573,2023,421327573,1,1,1,1,25,5,3,0,0,0,0,0,9,6,E01021917,3,1,0.0,1.0,-1,7,50,2,4,1,19:49,1,2,9
2023440278182,2023,440278182,2,1,2,2,31,6,3,0,0,1,0,0,9,8,E01022569,-1,0,0.03222,0.96778,-1,6,30,1,1,1,13:00,3,2,9
2023361369765,2023,361369765,2,1,1,1,56,9,3,0,0,0,0,0,19,6,E01026580,3,1,0.0,1.0,-1,6,60,2,7,2,16:15,2,2,19
2023552300029,2023,552300029,2,2,1,1,62,9,3,0,0,0,0,0,19,5,E01015302,-1,0,0.05305,0.94695,-1,3,70,1,1,2,15:24,6,2,19
2023421267610,2023,421267610,1,1,1,1,34,6,3,0,0,0,0,0,9,10,E01023290,3,1,0.0,1.0,-1,6,60,1,5,1,19:59,3,2,9
2023471358955,2023,471358955,1,1,2,2,49,8,3,0,0,1,0,0,9,5,E01024831,3,1,0.0,1.0,-1,6,30,1,1,1,12:50,3,1,9
2023061382104,2023,061382104,1,1,3,2,45,7,2,1,3,0,0,0,0,-1,-1,6,1,1.0,0.0,-1,3,30,2,4,2,17:55,1,1,9
2023131269047,2023,131269047,1,1,3,2,23,5,3,5,1,0,0,2,0,2,E01010837,3,1,0.0,1.0,-1,6,20,1,4,2,11:52,6,2,9
2023340WN4072,2023,340WN4072,1,1,3,2,21,5,3,1,9,0,0,0,0,-1,-1,-1,0,0.08285,0.91715,-1,6,50,1,1,2,18:48,4,1,9
2023122300929,2023,122300929,1,1,1,1,21,5,2,0,0,0,0,0,5,8,E01012235,-1,0,1.0,0.0,-1,9,60,1,6,2,18:29,1,1,5
2023010483854,2023,010483854,1,1,1,1,33,6,3,0,0,0,0,0,9,2,E01000021,-1,0,0.0,1.0,-1,3,30,2,4,2,21:50,4,2,9
2023141362861,2023,141362861,1,1,1,2,77,11,3,0,0,0,0,0,9,6,E01007426,3,1,0.0,1.0,-1,6,60,2,1,2,13:30,7,2,9