collision_index,collision_year,collision_ref_no,vehicle_reference,casualty_reference,casualty_class,sex_of_casualty,age_of_casualty,age_band_of_casualty,casualty_severity,pedestrian_location,pedestrian_movement,car_passenger,bus_or_coach_passenger,pedestrian_road_maintenance_worker,casualty_type,casualty_imd_decile,lsoa_of_casualty,enhanced_casualty_severity,casualty_injury_based,casualty_adjusted_severity_serious,casualty_adjusted_severity_slight,casualty_distance_banding,road_type,speed_limit,weather_conditions,light_conditions,road_surface_conditions,time,day_of_week,number_of_vehicles,vehicle_type
2023161260764,2023,161260764,1,2,2,1,18,4,3,0,0,2,0,0,9,6,E01026107,3,1,0.0,1.0,-1,3,50,1,4,2,23:17,7,1,9
2023991316984,2023,991316984,2,1,1,1,60,9,3,0,0,0,0,0,9,8,-1,3,1,0.0,1.0,-1,6,30,1,1,1,21:25,6,2,9
2023010431279,2023,010431279,1,1,1,1,29,6,3,0,0,0,0,0,19,8,E01016760,-1,0,0.0,1.0,-1,2,20,1,1,1,16:20,4,2,19
2023010481689,2023,010481689,1,1,3,2,29,6,2,1,1,0,0,0,0,4,E01003410,-1,0,1.0,0.0,-1,6,20,2,4,2,07:17,1,1,9
2023010447883,2023,010447883,1,1,1,1,35,6,3,0,0,0,0,0,3,5,E01003072,-1,0,0.0,1.0,-1,6,20,8,1,1,13:10,5,2,3
2023170L10613,2023,170L10613,1,1,1,1,40,7,2,0,0,0,0,0,5,1,E01011999,-1,0,1.0,0.0,-1,6,60,1,1,1,15:24,7,1,5
2023010429765,2023,010429765,1,1,1,1,25,5,3,0,0,0,0,0,9,3,E01001045,-1,0,0.0,1.0,-1,6,20,1,4,1,23:21,5,3,9
2023141299775,2023,141299775,1,1,1,1,32,6,3,0,0,0,0,0,9,6,E01007455,3,1,0.0,1.0,-1,3,40,2,1,2,08:10,7,2,9
2023161366175,2023,161366175,1,2,1,1,51,8,2,0,0,0,0,0,9,-1,-1,7,1,1.0,0.0,-1,6,60,1,1,2,10:29,2,2,9
2023211340661,2023,211340661,2,2,2,2,16,4,3,0,0,2,0,0,9,9,E01010208,3,1,0.0,1.0,-1,3,70,1,1,1,12:05,6,3,9
2023231357126,2023,231357126,2,1,2,1,7,2,3,0,0,2,0,0,9,9,E01031306,3,1,0.0,1.0,-1,6,30,1,1,2,08:40,2,2,9
2023320778771,2023,320778771,1,1,1,2,21,5,3,0,0,0,0,0,9,1,E01026157,-1,0,0.10756,0.89244,-1,6,60,1,6,2,20:28,3,1,9
2023451325116,2023,451325116,1,2,2,2,36,7,3,0,0,1,0,0,9,10,E01030764,3,1,0.0,1.0,-1,6,40,1,1,1,15:50,1,2,9
2023471291429,2023,471291429,2,1,1,1,41,7,3,0,0,0,0,0,9,7,E01020962,3,1,0.0,1.0,-1,3,30,1,1,1,16:50,2,2,9
2023161286008,2023,161286008,1,1,1,1,83,11,3,0,0,0,0,0,22,5,E01012773,3,1,0.0,1.0,-1,6,30,1,1,1,13:47,3,2,22
2023131322577,2023,131322577,1,1,3,2,5,1,3,5,9,0,0,2,0,1,E01010838,3,1,0.0,1.0,-1,6,30,1,1,2,21:15,1,1,9
2023201383394,2023,201383394,2,1,1,1,37,7,2,0,0,0,0,0,1,3,E01010249,7,1,1.0,0.0,-1,6,30,1,1,1,15:35,5,2,1
2023991337859,2023,991337859,2,1,1,1,31,6,3,0,0,0,0,0,1,1,-1,3,1,0.0,1.0,-1,6,30,1,1,1,12:00,5,2,1
2023461282543,2023,461282543,4,3,1,1,25,5,2,0,0,0,0,0,9,5,E01024379,7,1,1.0,0.0,-1,7,70,1,6,1,06:35,6,5,9
2023141284604,2023,141284604,2,1,1,2,31,6,2,0,0,0,0,0,9,2,E01007556,7,1,1.0,0.0,-1,6,30,3,1,2,14:25,4,5,9
2023461307487,2023,461307487,1,1,1,2,26,6,3,0,0,0,0,0,9,5,E01016065,3,1,0.0,1.0,-1,6,30,1,1,1,08:09,4,2,9
2023211364508,2023,211364508,2,2,2,2,54,8,3,0,0,1,0,0,9,4,E01028836,3,1,0.0,1.0,-1,3,30,1,1,1,06:30,7,2,9
2023351380229,2023,351380229,2,1,1,2,47,8,3,0,0,0,0,0,9,6,E01032612,3,1,0.0,1.0,-1,6,60,1,6,2,17:26,3,2,9
2023461292689,2023,461292689,1,1,1,1,28,6,3,0,0,0,0,0,9,1,E01024667,3,1,0.0,1.0,-1,6,30,2,4,2,21:45,6,3,9
2023471287582,2023,471287582,1,1,1,2,56,9,3,0,0,0,0,0,9,7,E01021025,3,1,0.0,1.0,-1,6,60,1,1,2,14:35,4,2,9
2023010449323,2023,010449323,1,1,3,1,24,5,2,10,9,0,0,0,0,3,E01003720,-1,0,1.0,0.0,-1,3,30,9,4,1,23:30,7,1,9
2023010457469,2023,010457469,2,1,1,1,53,8,3,0,0,0,0,0,11,7,E01016579,-1,0,0.0,1.0,-1,3,40,2,1,2,07:00,5,2,11
2023010448326,2023,010448326,2,3,2,1,7,2,3,0,0,2,0,0,9,9,E01002192,-1,0,0.0,1.0,-1,6,30,1,1,1,13:14,1,2,9
2023320185502,2023,320185502,1,1,1,2,48,8,3,0,0,0,0,0,9,9,E01026406,-1,0,0.07047,0.92953,-1,6,50,1,1,1,11:20,2,2,9
2023311361806,2023,311361806,1,1,2,1,32,6,3,0,0,1,0,0,9,-1,-1,3,1,0.0,1.0,-1,3,70,2,1,2,17:04,4,3,9
2023545497623,2023,545497623,1,1,1,1,44,7,3,0,0,0,0,0,9,6,E01032696,-1,0,0.11809,0.88191,-1,6,60,1,1,1,19:33,5,3,9
2023010430346,2023,010430346,1,1,1,1,26,6,3,0,0,0,0,0,3,5,E01003080,-1,0,0.0,1.0,-1,1,20,1,4,1,21:00,6,2,3
2023401299879,2023,401299879,1,1,1,1,54,8,3,0,0,0,0,0,5,4,E01017579,3,1,0.0,1.0,-1,3,30,1,4,1,21:14,7,2,5
2023451274541,2023,451274541,2,3,1,1,46,8,3,0,0,0,0,0,19,10,E01030542,3,1,0.0,1.0,-1,6,30,1,6,2,18:58,5,2,19
2023531263143,2023,531263143,1,1,1,1,32,6,2,0,0,0,0,0,9,6,W01001587,7,1,1.0,0.0,-1,6,60,5,6,2,16:37,5,5,9
2023522400962,2023,522400962,1,1,1,1,48,8,3,0,0,0,0,0,4,-1,-1,-1,0,0.12499,0.87501,-1,3,40,2,4,2,15:30,5,2,4
2023010481383,2023,010481383,1,1,3,1,22,5,2,10,9,0,0,0,0,2,E01017140,-1,0,1.0,0.0,-1,9,20,1,1,1,13:50,6,1,9
2023010467608,2023,010467608,2,1,1,1,24,5,3,0,0,0,0,0,9,5,E01000854,-1,0,0.0,1.0,-1,2,20,1,1,1,12:26,6,2,9
2023991381953,2023,991381953,1,1,1,1,47,8,1,0,0,0,0,0,9,3,-1,1,1,0.0,0.0,-1,6,60,1,1,4,09:50,1,2,9
2023010448719,2023,010448719,1,1,1,1,55,8,3,0,0,0,0,0,5,4,E01024387,-1,0,0.0,1.0,-1,6,30,1,1,1,10:53,3,2,5
2023061382042,2023,061382042,1,1,1,1,56,9,2,0,0,0,0,0,9,7,E01004775,7,1,1.0,0.0,-1,6,20,1,6,2,15:58,1,2,9
2023361326592,2023,361326592,1,1,3,2,37,7,3,1,1,0,0,0,0,2,E01026820,3,1,0.0,1.0,-1,6,20,1,1,1,09:18,6,1,9
2023430420099,2023,430420099,2,1,1,1,20,4,2,0,0,0,0,0,3,3,E01002558,-1,0,1.0,0.0,-1,6,40,1,1,1,08:12,3,2,3
2023411298884,2023,411298884,1,1,1,2,59,9,3,0,0,0,0,0,9,10,E01023562,3,1,0.0,1.0,-1,6,30,2,4,2,00:55,7,1,9
202360A075743,2023,60A075743,1,1,1,1,18,4,2,0,0,0,0,0,9,-1,-1,-1,0,1.0,0.0,-1,6,60,1,6,3,23:37,7,1,9
2023131258661,2023,131258661,1,1,1,1,49,8,2,0,0,0,0,0,9,7,E01011067,5,1,1.0,0.0,-1,1,70,2,4,2,01:50,1,1,9
2023351365125,2023,351365125,3,3,1,2,23,5,3,0,0,0,0,0,9,8,E01015626,3,1,0.0,1.0,-1,6,60,1,1,1,07:37,4,4,9
2023471349238,2023,471349238,1,1,1,1,54,8,3,0,0,0,0,0,90,9,E01021156,3,1,0.0,1.0,-1,6,60,1,1,1,14:30,3,1,90
2023061371577,2023,061371577,1,1,3,2,33,6,3,5,9,0,0,-1,0,5,E01004785,3,1,0.0,1.0,-1,6,30,1,1,1,16:25,6,1,9
2023131293233,2023,131293233,2,1,1,1,17,4,2,0,0,0,0,0,1,1,E01011472,7,1,1.0,0.0,-1,6,30,1,1,1,08:05,2,2,1
2023991312997,2023,991312997,2,1,1,1,21,5,3,0,0,0,0,0,3,7,-1,3,1,0.0,1.0,-1,6,30,1,1,1,14:00,3,2,3
2023061287390,2023,061287390,2,1,1,2,49,8,3,0,0,0,0,0,9,1,E01005578,3,1,0.0,1.0,-1,6,30,1,1,1,17:20,3,3,9
2023061330188,2023,061330188,2,2,2,1,39,7,3,0,0,1,0,0,9,3,E01004867,3,1,0.0,1.0,-1,6,30,8,1,1,20:50,4,2,9
2023221326510,2023,221326510,1,1,1,2,68,10,2,0,0,0,0,0,9,5,E01028846,5,1,1.0,0.0,-1,6,60,1,1,1,12:25,2,1,9
2023221331387,2023,221331387,2,2,1,2,24,5,3,0,0,0,0,0,9,5,E01032330,3,1,0.0,1.0,-1,6,40,2,1,2,16:26,6,2,9
2023221379555,2023,221379555,1,1,1,1,53,8,2,0,0,0,0,0,9,-1,-1,6,1,1.0,0.0,-1,6,60,1,1,1,13:52,3,2,9
2023351278708,2023,351278708,2,1,1,1,36,7,3,0,0,0,0,0,9,9,E01018299,3,1,0.0,1.0,-1,7,70,1,1,1,11:01,2,2,9
2023361273383,2023,361273383,2,2,2,2,71,10,2,0,0,1,0,0,9,9,E01026938,6,1,1.0,0.0,-1,6,60,1,1,1,09:58,2,2,9
2023302300325,2023,302300325,2,1,2,2,6,2,3,0,0,2,0,0,9,3,E01019437,-1,0,0.01471,0.98529,-1,6,30,1,1,1,12:47,3,2,9
2023010434147,2023,010434147,2,1,1,1,42,7,2,0,0,0,0,0,1,6,E01002565,-1,0,1.0,0.0,-1,6,30,1,1,1,09:36,7,2,1
2023010474900,2023,010474900,1,1,1,1,23,5,3,0,0,0,0,0,3,7,E01002142,-1,0,0.0,1.0,-1,6,30,1,1,2,20:30,7,2,3
2023451265028,2023,451265028,2,3,1,1,40,7,3,0,0,0,0,0,5,7,E01030402,3,1,0.0,1.0,-1,6,30,1,1,2,13:33,4,2,5
2023010435261,2023,010435261,1,1,1,1,18,4,3,0,0,0,0,0,9,2,E01000101,-1,0,0.0,1.0,-1,6,30,2,1,2,03:00,6,2,9
2023161325169,2023,161325169,1,1,1,2,46,8,3,0,0,0,0,0,9,3,E01013319,3,1,0.0,1.0,-1,6,30,1,1,1,20:14,3,2,9
2023991327629,2023,991327629,2,2,1,2,37,7,2,0,0,0,0,0,9,-1,-1,7,1,1.0,0.0,-1,6,40,1,1,1,21:04,1,2,9
2023010459109,2023,010459109,1,1,3,1,20,4,3,1,9,0,0,0,0,3,E01001362,-1,0,0.0,1.0,-1,9,20,1,4,1,09:10,1,1,90
2023010443598,2023,010443598,2,1,1,1,45,7,2,0,0,0,0,0,4,1,E01004428,-1,0,1.0,0.0,-1,3,30,1,1,1,06:30,5,2,4
2023991342093,2023,991342093,1,1,1,1,60,9,2,0,0,0,0,0,5,-1,-1,6,1,1.0,0.0,-1,6,60,1,1,1,10:55,3,2,5
2023061396452,2023,061396452,2,1,1,1,-1,-1,3,0,0,0,0,0,9,-1,-1,3,1,0.0,1.0,-1,6,30,9,1,-1,15:52,6,2,9
2023101361237,2023,101361237,1,2,1,1,88,11,2,0,0,0,0,0,9,4,E01027485,7,1,1.0,0.0,-1,6,30,1,1,2,17:19,2,1,9
2023320496585,2023,320496585,1,2,1,1,25,5,2,0,0,0,0,0,9,6,E01026031,-1,0,1.0,0.0,-1,6,50,1,1,1,05:47,6,2,9
2023552300818,2023,552300818,2,1,1,1,17,4,3,0,0,0,0,0,-1,6,E01015318,-1,0,0.07334,0.92666,-1,6,30,1,1,1,08:31,6,2,-1
2023010471677,2023,010471677,1,1,3,1,14,3,3,1,1,0,0,0,0,1,E01032575,-1,0,0.0,1.0,-1,6,20,1,1,2,16:30,5,1,9
2023010434356,2023,010434356,1,1,1,1,21,5,3,0,0,0,0,0,9,2,E01001698,-1,0,0.0,1.0,-1,6,30,1,4,1,20:40,1,2,9
2023010473325,2023,010473325,1,1,1,1,25,5,3,0,0,0,0,0,9,-1,-1,-1,0,0.0,1.0,-1,2,20,2,4,2,18:22,7,2,9
2023041352999,2023,041352999,2,1,1,2,60,9,3,0,0,0,0,0,9,7,E01012610,3,1,0.0,1.0,-1,6,30,1,1,1,15:15,2,2,9
2023411428279,2023,411428279,1,1,1,2,52,8,3,0,0,0,0,0,9,3,E01023294,3,1,0.0,1.0,-1,6,30,1,1,1,15:00,4,2,9
2023461282591,2023,461282591,2,2,2,1,7,2,3,0,0,2,0,0,9,6,E01016076,3,1,0.0,1.0,-1,7,70,1,1,1,07:56,6,2,9
2023461373923,2023,461373923,2,1,1,1,37,7,3,0,0,0,0,0,9,9,E01031880,3,1,0.0,1.0,-1,3,70,1,1,1,16:25,4,2,9
2023361332263,2023,361332263,1,1,1,1,22,5,3,0,0,0,0,0,19,6,E01026899,3,1,0.0,1.0,-1,6,60,1,1,2,15:40,6,2,19
2023131309667,2023,131309667,1,1,3,1,6,2,2,8,3,0,0,2,0,1,E01010701,7,1,1.0,0.0,-1,6,30,1,1,1,19:31,2,1,9
2023501278900,2023,501278900,2,1,1,1,38,7,3,0,0,0,0,0,3,1,E01014831,3,1,0.0,1.0,-1,6,60,2,4,2,19:15,6,2,3
2023061320096,2023,061320096,1,1,1,1,22,5,2,0,0,0,0,0,9,3,E01004868,7,1,1.0,0.0,-1,6,30,2,4,2,00:28,2,3,9
2023070777700,2023,070777700,1,1,1,2,29,6,3,0,0,0,0,0,9,10,E01018695,-1,0,0.04699,0.95301,-1,6,30,1,1,1,15:20,1,2,9
2023411354921,2023,411354921,2,1,1,2,32,6,3,0,0,0,0,0,9,-1,-1,3,1,0.0,1.0,-1,6,60,1,1,1,14:25,5,2,9
2023461289127,2023,461289127,2,1,1,1,33,6,3,0,0,0,0,0,9,8,E01024542,3,1,0.0,1.0,-1,6,30,1,1,1,14:30,5,2,9
2023471294733,2023,471294733,2,3,1,1,59,9,2,0,0,0,0,0,9,7,E01021165,7,1,1.0,0.0,-1,6,60,1,1,1,13:15,6,2,9
2023351432092,2023,351432092,2,1,1,1,36,7,3,0,0,0,0,0,1,7,E01032795,3,1,0.0,1.0,-1,6,20,2,4,2,04:58,4,2,1
2023010482860,2023,010482860,1,1,1,-1,32,6,3,0,0,0,0,0,3,4,E01000980,-1,0,0.0,1.0,-1,9,30,9,7,9,17:37,3,2,3
2023991355834,2023,991355834,2,2,2,1,68,10,2,0,0,1,0,0,9,5,-1,7,1,1.0,0.0,-1,3,70,4,1,1,15:47,1,2,9
2023010463856,2023,010463856,1,1,1,1,79,11,3,0,0,0,0,0,9,8,E01001062,-1,0,0.0,1.0,-1,3,20,1,1,1,16:00,7,2,9
2023201411336,2023,201411336,1,1,1,2,52,8,3,0,0,0,0,0,9,7,E01009811,3,1,0.0,1.0,-1,6,40,1,1,2,10:09,5,1,9
2023430560824,2023,430560824,2,1,1,1,12,3,3,0,0,0,0,0,1,9,E01028463,-1,0,0.101,0.899,-1,6,30,1,1,2,08:30,6,2,1
2023010473960,2023,010473960,1,1,1,1,28,6,3,0,0,0,0,0,3,4,E01000068,-1,0,0.0,1.0,-1,9,30,1,1,1,15:40,6,2,3
2023545702723,2023,545702723,2,1,1,1,64,9,2,0,0,0,0,0,5,6,E01014939,-1,0,1.0,0.0,-1,6,40,1,1,1,15:46,4,2,5
2023010454477,2023,010454477,2,1,1,1,21,5,3,0,0,0,0,0,1,5,E01004071,-1,0,0.0,1.0,-1,3,20,1,1,2,06:15,3,2,1
2023010445054,2023,010445054,2,2,2,2,35,6,3,0,0,1,0,0,9,2,E01023338,-1,0,0.0,1.0,-1,3,40,1,1,1,16:55,5,2,9
2023141309460,2023,141309460,2,1,2,2,24,5,3,0,0,1,0,0,9,2,E01013038,3,1,0.0,1.0,-1,3,70,1,1,1,14:00,6,2,9
2023332300247,2023,332300247,1,1,1,1,38,7,1,0,0,0,0,0,9,8,E01025942,-1,0,0.0,0.0,-1,6,60,1,6,1,03:00,6,1,9
2023411352756,2023,411352756,2,2,1,1,88,11,3,0,0,0,0,0,9,9,E01023507,3,1,0.0,1.0,-1,3,70,1,1,1,15:42,3,2,9
2023430231989,2023,430231989,7,2,2,2,19,4,3,0,0,1,0,0,9,5,E01016503,-1,0,0.03634,0.96366,-1,3,70,1,1,1,17:41,6,8,9
2023010457616,2023,010457616,1,1,2,2,65,9,3,0,0,0,1,0,11,7,E01002835,-1,0,0.0,1.0,-1,6,20,1,4,1,20:56,5,1,11
2023010436950,2023,010436950,1,2,2,2,27,6,3,0,0,2,0,0,9,1,E01003047,-1,0,0.0,1.0,-1,6,30,2,4,2,22:51,3,2,9
2023010441075,2023,010441075,1,1,3,1,46,8,2,1,4,0,0,0,0,4,E01001835,-1,0,1.0,0.0,-1,6,30,1,1,1,11:18,5,1,19
2023201411737,2023,201411737,1,1,3,1,-1,-1,3,4,3,0,0,2,0,-1,-1,3,1,0.0,1.0,-1,6,30,2,1,2,05:50,3,1,9
2023622300253,2023,622300253,1,1,3,1,6,2,3,5,4,0,0,0,0,1,W01001207,-1,0,0.06144,0.93856,-1,1,20,2,1,2,15:28,5,1,11
2023052300480,2023,052300480,2,1,2,2,72,10,3,0,0,1,0,0,9,7,E01006498,-1,0,0.09342,0.90658,-1,6,30,1,1,1,16:23,1,2,9
2023010458171,2023,010458171,1,1,1,1,34,6,3,0,0,0,0,0,9,3,E01002508,-1,0,0.0,1.0,-1,6,30,2,4,2,21:25,7,1,9
2023071317362,2023,071317362,2,4,2,2,55,8,3,0,0,2,0,0,9,3,E01007907,-1,0,0.02969,0.97031,-1,3,70,5,1,2,13:15,2,2,9
2023520301237,2023,520301237,1,1,1,2,25,5,3,0,0,0,0,0,9,8,E01020091,-1,0,0.01851,0.98149,-1,6,30,1,1,1,11:42,2,2,9
2023201416052,2023,201416052,1,2,3,1,26,6,3,5,9,0,0,2,0,3,E01013775,3,1,0.0,1.0,-1,6,30,1,1,1,12:25,7,1,8
2023010445452,2023,010445452,1,1,1,1,57,9,3,0,0,0,0,0,8,8,E01004170,-1,0,0.0,1.0,-1,6,20,1,1,1,09:44,7,2,8
2023041447796,2023,041447796,1,3,1,1,19,4,3,0,0,0,0,0,9,1,E01024875,3,1,0.0,1.0,-1,6,20,2,1,2,19:15,6,2,9
2023201295763,2023,201295763,2,4,2,2,-1,-1,3,0,0,2,0,0,9,-1,-1,3,1,0.0,1.0,-1,3,30,1,4,1,23:00,1,2,9
2023320224027,2023,320224027,4,1,1,1,30,6,3,0,0,0,0,0,9,3,E01026056,-1,0,0.06203,0.93797,-1,6,60,1,1,1,12:20,6,4,9
2023501306879,2023,501306879,2,2,2,2,24,5,3,0,0,1,0,0,9,-1,-1,3,1,0.0,1.0,-1,1,60,1,1,1,14:45,6,2,9
2023010452472,2023,010452472,1,1,2,2,31,6,3,0,0,0,4,0,11,1,E01002036,-1,0,0.0,1.0,-1,6,20,1,1,1,20:02,6,1,11
2023061340457,2023,061340457,1,1,3,1,22,5,2,1,1,0,0,0,0,3,E01005998,7,1,1.0,0.0,-1,6,30,1,4,1,21:10,5,1,9
2023201414327,2023,201414327,1,3,2,1,24,5,3,0,0,2,0,0,9,1,E01033643,3,1,0.0,1.0,-1,6,30,2,5,2,23:57,7,2,9
2023440441264,2023,440441264,2,2,2,1,24,5,3,0,0,2,0,0,9,10,E01022587,-1,0,0.01743,0.98257,-1,3,70,2,1,2,11:01,7,2,9
2023991288157,2023,991288157,1,1,3,1,42,7,2,4,1,0,0,0,0,2,-1,7,1,1.0,0.0,-1,6,30,9,1,1,17:55,4,1,9
2023010432621,2023,010432621,1,1,1,1,21,5,3,0,0,0,0,0,3,5,E01003414,-1,0,0.0,1.0,-1,9,20,9,1,9,17:20,2,2,3
2023070476507,2023,070476507,1,1,1,1,63,9,3,0,0,0,0,0,9,10,E01018468,-1,0,0.03003,0.96997,-1,6,30,1,1,1,12:50,7,1,9
2023141341672,2023,141341672,3,1,1,1,57,9,3,0,0,0,0,0,9,4,E01007393,3,1,0.0,1.0,-1,6,60,1,1,1,12:07,6,3,9
2023440048057,2023,440048057,1,2,2,1,51,8,3,0,0,1,0,0,9,-1,-1,-1,0,0.14125,0.85875,-1,6,60,1,1,1,15:58,7,2,9
2023141327402,2023,141327402,1,1,3,1,32,6,1,8,9,0,0,0,0,-1,-1,1,1,0.0,0.0,-1,6,30,1,4,2,00:49,1,1,9
2023411356535,2023,411356535,1,1,1,1,67,10,1,0,0,0,0,0,1,6,E01023941,1,1,0.0,0.0,-1,6,40,1,1,1,19:30,4,1,1
2023430193483,2023,430193483,2,1,1,1,12,3,3,0,0,0,0,0,1,-1,-1,-1,0,0.0437,0.9563,-1,3,30,1,1,1,16:05,4,2,1
2023031335020,2023,031335020,1,1,1,2,59,9,3,0,0,0,0,0,9,-1,-1,3,1,0.0,1.0,-1,6,60,1,1,1,17:48,7,2,9
2023041284675,2023,041284675,2,1,1,2,28,6,3,0,0,0,0,0,9,9,E01025256,3,1,0.0,1.0,-1,6,30,2,4,2,19:30,4,3,9
2023131298116,2023,131298116,2,1,1,1,30,6,2,0,0,0,0,0,-1,6,E01011308,7,1,1.0,0.0,-1,6,30,1,1,1,19:12,2,2,-1
2023041347367,2023,041347367,2,1,1,2,39,7,2,0,0,0,0,0,1,10,E01019393,7,1,1.0,0.0,-1,6,30,1,1,1,17:00,5,2,1
2023231372823,2023,231372823,2,1,1,1,64,9,3,0,0,0,0,0,5,6,E01032968,3,1,0.0,1.0,-1,6,50,1,1,1,16:11,2,2,5
2023311270021,2023,311270021,2,3,2,2,20,4,3,0,0,2,0,0,8,-1,-1,3,1,0.0,1.0,-1,3,30,1,4,1,23:31,2,2,8
2023010451055,2023,010451055,1,1,1,2,39,7,3,0,0,0,0,0,9,3,E01000099,-1,0,0.0,1.0,-1,6,20,1,1,1,11:40,6,1,9
2023122301302,2023,122301302,1,1,1,1,52,8,3,0,0,0,0,0,9,7,E01010641,-1,0,0.04198,0.95802,-1,6,60,1,1,1,13:00,5,2,9
2023991322113,2023,991322113,3,2,1,2,52,8,3,0,0,0,0,0,9,1,-1,3,1,0.0,1.0,-1,3,30,1,1,1,16:15,6,3,9
2023991388843,2023,991388843,1,1,1,2,89,11,1,0,0,0,0,0,9,3,-1,1,1,0.0,0.0,-1,6,60,1,4,1,16:40,6,1,9
2023070105356,2023,070105356,2,1,1,1,74,10,3,0,0,0,0,0,1,10,E01005805,-1,0,0.08067,0.91933,-1,1,30,8,1,1,11:00,1,2,1
2023010459452,2023,010459452,1,1,1,1,43,7,3,0,0,0,0,0,3,7,E01000215,-1,0,0.0,1.0,-1,2,30,1,1,1,19:00,5,2,3
2023545426123,2023,545426123,1,1,1,1,28,6,3,0,0,0,0,0,9,2,E01015573,-1,0,0.07124,0.92876,-1,6,60,1,1,1,08:15,4,5,9
2023631348119,2023,631348119,2,1,1,1,70,10,3,0,0,0,0,0,90,6,W01000974,3,1,0.0,1.0,-1,3,70,2,1,2,16:15,6,2,90
2023010430855,2023,010430855,2,2,2,1,8,2,3,0,0,0,0,0,1,4,E01001738,-1,0,0.0,1.0,-1,6,20,1,1,1,15:25,3,2,1
2023010443977,2023,010443977,1,1,1,1,39,7,3,0,0,0,0,0,4,3,E01003105,-1,0,0.0,1.0,-1,6,30,1,1,1,17:20,6,2,4
2023010460033,2023,010460033,1,1,1,1,23,5,3,0,0,0,0,0,5,-1,-1,-1,0,0.0,1.0,-1,6,30,1,1,1,11:41,6,2,5
2023010453091,2023,010453091,1,1,1,2,26,6,3,0,0,0,0,0,9,-1,-1,-1,0,0.0,1.0,-1,2,20,1,1,1,13:42,6,2,9
2023010471265,2023,010471265,1,2,2,-1,8,2,3,0,0,2,0,0,9,3,E01004397,-1,0,0.0,1.0,-1,9,20,1,1,1,15:45,3,2,9
2023041354179,2023,041354179,2,3,2,2,10,2,3,0,0,1,0,0,9,8,E01025280,3,1,0.0,1.0,-1,6,30,1,1,2,17:12,3,2,9
2023041383459,2023,041383459,2,1,1,1,20,4,3,0,0,0,0,0,9,2,E01012696,3,1,0.0,1.0,-1,6,60,8,1,2,12:40,1,2,9
2023332300890,2023,332300890,1,1,1,2,44,7,3,0,0,0,0,0,9,7,E01025969,-1,0,0.03069,0.96931,-1,6,50,1,1,1,08:40,2,2,9
2023340NN1312,2023,340NN1312,1,1,2,2,23,5,3,0,0,1,0,0,9,-1,-1,-1,0,0.18359,0.81641,-1,6,60,1,6,1,23:31,2,1,9
2023991265098,2023,991265098,2,2,2,1,5,1,3,0,0,2,0,0,9,10,-1,3,1,0.0,1.0,-1,3,70,1,6,1,17:10,4,2,9
2023122301421,2023,122301421,2,1,1,2,19,4,3,0,0,0,0,0,9,8,E01013403,-1,0,0.00359,0.99641,-1,6,30,1,1,2,10:40,2,2,9
2023361402511,2023,361402511,1,1,1,1,19,4,3,0,0,0,0,0,9,7,E01026462,3,1,0.0,1.0,-1,6,60,7,6,2,18:08,6,2,9
2023520301528,2023,520301528,1,1,3,1,11,3,3,5,1,0,0,0,0,4,E01032627,-1,0,0.08442,0.91558,-1,6,30,1,1,1,14:42,6,1,9
2023361357989,2023,361357989,2,2,1,1,22,5,3,0,0,0,0,0,9,6,E01026514,3,1,0.0,1.0,-1,6,60,1,1,1,13:10,7,3,9
2023471362905,2023,471362905,2,1,2,2,65,9,3,0,0,1,0,0,9,6,E01000677,3,1,0.0,1.0,-1,3,30,1,1,1,15:30,7,2,9
2023010470556,2023,010470556,1,1,3,2,43,7,3,7,9,0,0,0,0,4,E01004611,-1,0,0.0,1.0,-1,6,30,1,1,1,10:00,7,1,9
2023141352406,2023,141352406,1,1,3,2,15,3,3,5,3,0,0,0,0,-1,-1,3,1,0.0,1.0,-1,6,20,2,1,2,08:21,3,1,9
2023052302024,2023,052302024,1,2,2,1,18,4,3,0,0,0,0,0,4,1,E01006646,-1,0,0.17041,0.82959,-1,3,30,1,4,1,22:56,2,2,4
2023031378731,2023,031378731,1,1,1,2,40,7,2,0,0,0,0,0,9,6,E01019324,6,1,1.0,0.0,-1,6,60,8,6,4,04:45,7,1,9
2023991325073,2023,991325073,2,3,2,1,14,3,3,0,0,2,0,0,9,3,-1,3,1,0.0,1.0,-1,6,30,1,5,2,18:50,1,2,9
2023031391568,2023,031391568,2,5,1,1,73,10,2,0,0,0,0,0,9,10,E01019078,6,1,1.0,0.0,-1,6,60,5,6,2,18:45,6,2,9
2023201419549,2023,201419549,2,1,1,1,59,9,3,0,0,0,0,0,9,3,E01010092,3,1,0.0,1.0,-1,6,30,2,1,2,08:50,3,2,9
2023211304504,2023,211304504,1,2,2,2,35,6,2,0,0,1,0,0,9,9,E01010220,6,1,1.0,0.0,-1,6,50,1,6,1,23:03,5,2,9
2023351366417,2023,351366417,2,1,1,2,27,6,3,0,0,0,0,0,9,10,E01033175,3,1,0.0,1.0,-1,7,30,2,1,2,16:35,4,2,9
2023545641623,2023,545641623,2,2,1,1,77,11,3,0,0,0,0,0,9,7,E01009453,-1,0,0.12039,0.87961,-1,6,60,1,1,1,10:49,3,2,9
2023552300553,2023,552300553,2,3,2,1,23,5,3,0,0,1,0,0,9,7,E01020509,-1,0,0.03635,0.96365,-1,6,60,1,1,1,15:40,4,2,9
2023010432209,2023,010432209,1,1,1,1,-1,-1,3,0,0,0,0,0,2,-1,-1,-1,0,0.0,1.0,-1,9,30,9,4,9,18:01,2,2,2