collision_index,collision_year,collision_ref_no,vehicle_reference,casualty_reference,casualty_class,sex_of_casualty,age_of_casualty,age_band_of_casualty,casualty_severity,pedestrian_location,pedestrian_movement,car_passenger,bus_or_coach_passenger,pedestrian_road_maintenance_worker,casualty_type,casualty_imd_decile,lsoa_of_casualty,enhanced_casualty_severity,casualty_injury_based,casualty_adjusted_severity_serious,casualty_adjusted_severity_slight,casualty_distance_banding,road_type,speed_limit,weather_conditions,light_conditions,road_surface_conditions,time,day_of_week,number_of_vehicles,vehicle_type
2023430287623,2023,430287623,2,1,1,1,17,4,2,0,0,0,0,0,3,4,E01017926,-1,0,1.0,0.0,-1,6,40,1,1,1,18:06,5,2,3
2023041365700,2023,041365700,2,2,2,2,78,11,2,0,0,1,0,0,9,5,E01024917,6,1,1.0,0.0,-1,6,50,1,1,1,14:20,1,2,9
2023311320669,2023,311320669,1,1,1,2,56,9,3,0,0,0,0,0,9,5,E01028126,3,1,0.0,1.0,-1,6,30,2,1,2,09:30,3,2,9
2023991352205,2023,991352205,2,1,1,1,69,10,1,0,0,0,0,0,9,10,E01028782,1,1,0.0,0.0,-1,6,60,1,1,1,11:40,4,3,9
2023010447470,2023,010447470,1,1,1,1,28,6,3,0,0,0,0,0,1,2,E01004319,-1,0,0.0,1.0,-1,6,30,1,4,1,21:25,4,2,1
2023010449697,2023,010449697,1,1,1,1,35,6,3,0,0,0,0,0,1,3,E01004031,-1,0,0.0,1.0,-1,9,20,1,1,1,10:23,7,2,1
2023061353776,2023,061353776,1,1,2,1,19,4,3,0,0,0,0,0,4,-1,-1,3,1,0.0,1.0,-1,6,40,5,4,2,22:00,2,2,4
202354B664523,2023,54B664523,1,1,1,2,63,9,3,0,0,0,0,0,9,6,E01032081,-1,0,0.07164,0.92836,-1,6,60,1,6,2,17:00,6,2,9
2023991281526,2023,991281526,2,3,2,1,47,8,3,0,0,2,0,0,9,3,-1,3,1,0.0,1.0,-1,6,40,1,4,1,18:46,3,2,9
2023231320544,2023,231320544,2,1,1,1,27,6,3,0,0,0,0,0,19,3,E01011260,3,1,0.0,1.0,-1,3,70,1,1,1,06:31,5,5,19
2023340WN4222,2023,340WN4222,2,1,1,1,36,7,2,0,0,0,0,0,5,5,E01027158,-1,0,1.0,0.0,-1,6,30,2,1,2,14:00,1,2,5
2023221354474,2023,221354474,1,1,1,2,74,10,3,0,0,0,0,0,9,8,E01032400,3,1,0.0,1.0,-1,6,40,1,1,1,16:33,4,2,9
2023351312887,2023,351312887,1,1,1,2,54,8,3,0,0,0,0,0,9,-1,-1,3,1,0.0,1.0,-1,6,30,1,1,-1,15:10,6,2,9
2023401341840,2023,401341840,2,2,1,1,47,8,3,0,0,0,0,0,9,4,E01017535,3,1,0.0,1.0,-1,6,30,1,1,1,18:10,3,2,9
2023461317721,2023,461317721,4,3,1,2,32,6,3,0,0,0,0,0,9,6,E01021113,3,1,0.0,1.0,-1,6,60,1,1,1,11:01,7,4,9
2023471352062,2023,471352062,2,1,1,2,38,7,3,0,0,0,0,0,9,2,E01031361,3,1,0.0,1.0,-1,6,40,1,4,1,22:05,7,2,9
2023010420976,2023,010420976,1,1,3,1,14,3,3,6,9,0,0,0,0,8,E01001062,-1,0,0.0,1.0,-1,7,30,2,4,2,16:00,4,1,9
2023501335559,2023,501335559,1,1,3,2,33,6,3,1,1,0,0,0,0,2,E01020018,3,1,0.0,1.0,-1,6,30,1,1,1,09:00,6,1,97
2023061300454,2023,061300454,1,2,2,2,23,5,2,0,0,2,0,0,9,1,E01005459,5,1,1.0,0.0,-1,6,30,1,4,1,23:53,2,4,9
2023451373191,2023,451373191,2,1,1,2,20,4,3,0,0,0,0,0,9,3,E01004123,3,1,0.0,1.0,-1,3,40,1,4,1,18:25,6,2,9
2023010451001,2023,010451001,1,1,3,1,75,10,3,5,3,0,0,0,0,9,E01003801,-1,0,0.0,1.0,-1,6,20,1,1,1,18:38,6,1,3
2023430437775,2023,430437775,1,3,1,1,67,10,3,0,0,0,0,0,8,10,E01028755,-1,0,0.12079,0.87921,-1,6,30,1,1,1,14:44,6,3,8
2023061366610,2023,061366610,3,3,2,1,11,3,3,0,0,1,0,0,9,9,E01016432,3,1,0.0,1.0,-1,3,70,2,1,2,12:28,3,4,9
2023332300645,2023,332300645,2,2,1,1,49,8,3,0,0,0,0,0,9,3,E01013773,-1,0,0.08581,0.91419,-1,6,60,1,1,1,20:55,5,2,9
2023430568143,2023,430568143,1,1,1,1,24,5,3,0,0,0,0,0,9,5,E01016762,-1,0,0.09406,0.90594,-1,6,60,1,7,2,22:51,3,2,9
2023471285555,2023,471285555,1,2,2,1,18,4,3,0,0,1,0,0,9,6,E01021054,3,1,0.0,1.0,-1,6,50,8,6,2,00:10,7,1,9
2023610049623,2023,610049623,2,1,2,2,21,5,3,0,0,2,0,0,9,5,W01001611,-1,0,0.02231,0.97769,-1,6,20,2,4,2,17:43,2,2,9
2023010439337,2023,010439337,1,1,1,1,33,6,3,0,0,0,0,0,3,1,E01002071,-1,0,0.0,1.0,-1,9,20,9,4,9,20:52,3,2,3
2023302300714,2023,302300714,1,1,1,2,36,7,2,0,0,0,0,0,9,2,E01008029,-1,0,1.0,0.0,-1,6,60,1,1,1,08:04,6,2,9
2023501392836,2023,501392836,1,3,2,1,82,11,3,0,0,1,0,0,9,6,E01018845,3,1,0.0,1.0,-1,6,60,5,6,2,17:27,4,4,9
2023052302515,2023,052302515,1,1,3,1,35,6,3,5,3,0,0,0,0,1,E01006760,-1,0,0.16921,0.83079,-1,3,30,5,4,2,19:15,6,1,8
2023061348357,2023,061348357,1,1,3,2,26,6,3,1,1,0,0,0,0,2,E01005371,3,1,0.0,1.0,-1,6,20,1,1,1,15:30,5,1,23
2023010486067,2023,010486067,1,1,1,1,34,6,3,0,0,0,0,0,1,4,E01001150,-1,0,0.0,1.0,-1,9,30,8,4,1,20:15,5,2,1
2023211379811,2023,211379811,2,2,1,2,44,7,3,0,0,0,0,0,9,-1,-1,3,1,0.0,1.0,-1,6,30,1,1,2,08:00,3,2,9
2023320723010,2023,320723010,1,1,1,1,61,9,3,0,0,0,0,0,9,3,E01026085,-1,0,0.11198,0.88802,-1,6,30,1,6,1,18:50,4,1,9
2023010421513,2023,010421513,1,1,3,1,44,7,2,6,9,0,0,0,0,9,E01000301,-1,0,1.0,0.0,-1,9,20,1,1,1,14:27,6,1,1
2023201409131,2023,201409131,2,4,2,2,4,1,3,0,0,-1,0,0,9,2,E01009839,3,1,0.0,1.0,-1,6,20,1,1,2,15:30,3,2,9
2023010451995,2023,010451995,1,4,2,1,23,5,3,0,0,0,4,0,11,3,E01002027,-1,0,0.0,1.0,-1,6,30,1,1,1,14:55,4,2,11
2023320636224,2023,320636224,1,1,1,1,53,8,3,0,0,0,0,0,5,8,E01026342,-1,0,0.27045,0.72955,-1,6,60,1,6,2,19:20,5,1,5
2023010469914,2023,010469914,1,1,1,2,24,5,3,0,0,0,0,0,9,3,E01002457,-1,0,0.0,1.0,-1,9,30,9,1,9,10:50,3,2,9
2023061338841,2023,061338841,2,1,1,2,54,8,3,0,0,0,0,0,9,4,E01005877,3,1,0.0,1.0,-1,6,30,2,1,-1,17:15,4,2,9
2023061351454,2023,061351454,1,1,1,1,65,9,3,0,0,0,0,0,9,1,E01005564,3,1,0.0,1.0,-1,6,30,1,1,1,21:20,3,2,9
2023430422624,2023,430422624,1,1,1,2,50,8,3,0,0,0,0,0,9,10,E01028736,-1,0,0.08827,0.91173,-1,6,60,2,1,2,15:40,4,2,9
2023552300655,2023,552300655,2,1,1,2,66,10,3,0,0,0,0,0,9,-1,-1,-1,0,0.08848,0.91152,-1,1,60,1,1,1,21:32,7,2,9
202360A121914,2023,60A121914,2,2,1,1,57,9,3,0,0,0,0,0,11,-1,-1,-1,0,0.10314,0.89686,-1,6,30,1,1,2,07:23,4,2,11
2023131276211,2023,131276211,1,1,1,1,43,7,2,0,0,0,0,0,90,-1,-1,7,1,1.0,0.0,-1,6,30,1,4,1,17:15,7,2,90
2023010437755,2023,010437755,2,1,1,1,43,7,2,0,0,0,0,0,3,3,E01002027,-1,0,1.0,0.0,-1,6,20,1,1,1,17:20,1,2,3
2023211294987,2023,211294987,1,2,1,2,35,6,3,0,0,0,0,0,5,-1,-1,3,1,0.0,1.0,-1,6,50,1,1,1,13:48,1,1,5
2023201287351,2023,201287351,2,1,1,1,55,8,3,0,0,0,0,0,9,1,E01033643,3,1,0.0,1.0,-1,3,30,1,4,2,06:56,5,2,9
2023061304635,2023,061304635,1,1,3,2,32,6,2,10,7,0,0,0,0,2,E01006069,5,1,1.0,0.0,-1,6,30,1,1,1,17:38,4,1,9
2023071294391,2023,071294391,1,1,3,2,17,4,3,5,1,0,0,0,0,3,E01012505,-1,0,0.05404,0.94596,-1,6,30,1,4,2,16:55,3,1,9
2023170L21033,2023,170L21033,1,1,1,2,12,3,3,0,0,0,0,0,1,-1,-1,-1,0,0.15061,0.84939,-1,6,30,1,1,1,16:30,6,2,1
2023361293230,2023,361293230,1,1,1,1,55,8,2,0,0,0,0,0,1,-1,-1,5,1,1.0,0.0,-1,6,60,1,1,2,15:33,3,1,1
2023622300652,2023,622300652,1,1,1,1,30,6,3,0,0,0,0,0,4,1,W01001301,-1,0,0.09914,0.90086,-1,1,30,1,1,2,14:56,3,1,4
2023052301512,2023,052301512,2,1,1,1,60,9,3,0,0,0,0,0,9,7,E01007071,-1,0,0.0124,0.9876,-1,6,30,1,1,1,14:50,7,2,9
2023141328372,2023,141328372,1,1,1,2,34,6,3,0,0,0,0,0,9,1,E01007413,3,1,0.0,1.0,-1,6,30,1,1,2,17:20,3,2,9
2023201400623,2023,201400623,2,1,1,2,29,6,3,0,0,0,0,0,9,3,E01009967,3,1,0.0,1.0,-1,1,30,1,1,1,18:17,3,2,9
2023211345496,2023,211345496,1,1,1,1,20,4,2,0,0,0,0,0,9,5,E01029689,5,1,1.0,0.0,-1,6,40,1,1,1,07:34,5,1,9
2023430194790,2023,430194790,1,1,1,2,28,6,3,0,0,0,0,0,9,7,E01016495,-1,0,0.00973,0.99027,-1,6,30,1,1,1,17:15,5,2,9
2023010427158,2023,010427158,2,1,1,1,60,9,3,0,0,0,0,0,9,6,E01000486,-1,0,0.0,1.0,-1,6,30,1,1,1,16:26,3,2,9
2023122300764,2023,122300764,2,1,1,1,27,6,3,0,0,0,0,0,9,1,E01011001,-1,0,0.0224,0.9776,-1,3,70,1,1,1,06:50,5,2,9
2023991360638,2023,991360638,1,1,1,1,76,11,3,0,0,0,0,0,9,8,-1,3,1,0.0,1.0,-1,6,30,2,1,2,14:30,5,2,9
2023421317033,2023,421317033,3,3,1,1,57,9,3,0,0,0,0,0,9,6,E01023723,3,1,0.0,1.0,-1,7,70,1,1,1,09:57,7,4,9
2023440174627,2023,440174627,2,1,2,2,62,9,3,0,0,1,0,0,9,1,E01017036,-1,0,0.06715,0.93285,-1,6,40,1,1,1,09:45,5,2,9
2023010443631,2023,010443631,2,1,1,1,35,6,3,0,0,0,0,0,1,4,E01000923,-1,0,0.0,1.0,-1,6,20,1,1,1,09:45,5,2,1
2023131344077,2023,131344077,2,1,1,2,27,6,3,0,0,0,0,0,9,4,E01010591,3,1,0.0,1.0,-1,6,40,1,4,1,20:30,2,2,9
2023371336924,2023,371336924,2,1,1,1,49,8,3,0,0,0,0,0,9,9,E01030196,3,1,0.0,1.0,-1,6,30,1,1,1,00:27,2,2,9
2023411318155,2023,411318155,2,1,1,1,51,8,3,0,0,0,0,0,9,-1,-1,3,1,0.0,1.0,-1,7,40,1,1,-1,16:44,5,2,9
2023451334739,2023,451334739,1,1,1,2,39,7,3,0,0,0,0,0,9,5,E01030812,3,1,0.0,1.0,-1,6,30,1,1,1,18:50,7,3,9
2023010451435,2023,010451435,1,1,2,1,83,11,3,0,0,0,4,0,11,-1,-1,-1,0,0.0,1.0,-1,6,30,1,4,1,21:41,1,2,11
2023471384582,2023,471384582,1,1,3,2,34,6,3,1,1,0,0,0,0,5,E01020921,3,1,0.0,1.0,-1,6,30,2,4,2,00:01,7,1,9
2023010468792,2023,010468792,1,1,1,1,55,8,3,0,0,0,0,0,9,2,E01004240,-1,0,0.0,1.0,-1,6,20,1,4,1,19:28,3,2,9
2023010481505,2023,010481505,1,1,1,1,56,9,3,0,0,0,0,0,9,1,E01000521,-1,0,0.0,1.0,-1,1,30,1,1,2,11:45,7,1,9
2023421324215,2023,421324215,2,1,2,2,34,6,3,0,0,1,0,0,9,3,E01015935,3,1,0.0,1.0,-1,6,30,1,1,1,19:26,5,3,9
2023610030323,2023,610030323,2,1,1,2,40,7,3,0,0,1,0,0,9,1,W01001464,-1,0,0.07532,0.92468,-1,6,40,1,7,1,21:24,6,2,9
2023520300610,2023,520300610,2,45,2,1,43,7,3,0,0,0,4,0,11,-1,-1,-1,0,0.06347,0.93653,-1,6,40,1,6,4,06:00,3,3,11
2023052302078,2023,052302078,2,1,1,2,50,8,3,0,0,0,0,0,9,4,E01006681,-1,0,0.00859,0.99141,-1,6,30,1,4,1,17:00,7,2,9
2023131274069,2023,131274069,1,1,2,2,17,4,3,0,0,1,0,0,9,7,E01005041,3,1,0.0,1.0,-1,3,70,1,4,2,00:01,5,1,9
2023311317084,2023,311317084,1,1,2,2,38,7,3,0,0,1,0,0,9,2,E01028275,3,1,0.0,1.0,-1,6,40,1,1,1,13:02,7,2,9
2023421259116,2023,421259116,2,1,1,2,54,8,3,0,0,0,0,0,9,4,E01021774,3,1,0.0,1.0,-1,6,40,1,1,2,10:18,3,2,9
2023421331651,2023,421331651,1,1,1,1,45,7,3,0,0,0,0,0,9,6,E01023952,3,1,0.0,1.0,-1,6,30,1,6,1,01:42,6,2,9
2023010434400,2023,010434400,1,1,1,2,40,7,3,0,0,0,0,0,9,5,E01004137,-1,0,0.0,1.0,-1,6,30,1,1,1,08:45,2,2,9
2023031303349,2023,031303349,1,1,1,1,25,5,3,0,0,0,0,0,9,6,E01019317,3,1,0.0,1.0,-1,6,30,1,1,1,05:00,6,3,9
2023440231066,2023,440231066,2,2,1,2,49,8,3,0,0,0,0,0,9,9,E01022533,-1,0,0.04389,0.95611,-1,6,30,1,1,1,11:00,1,2,9
2023221294230,2023,221294230,1,1,3,2,83,11,2,9,9,0,0,0,0,5,E01032328,7,1,1.0,0.0,-1,6,30,1,1,1,12:50,4,1,9
2023010436925,2023,010436925,2,1,1,1,22,5,3,0,0,0,0,0,1,7,E01032776,-1,0,0.0,1.0,-1,6,20,2,1,2,17:43,3,2,1
2023461295768,2023,461295768,1,1,1,1,31,6,3,0,0,0,0,0,19,5,E01024701,3,1,0.0,1.0,-1,6,30,1,4,1,19:51,3,4,19
2023471367943,2023,471367943,2,1,1,2,63,9,2,0,0,0,0,0,9,6,E01031801,7,1,1.0,0.0,-1,1,40,1,4,1,17:00,6,2,9
2023010421695,2023,010421695,1,1,3,2,70,10,3,5,1,0,0,0,0,8,E01000966,-1,0,0.0,1.0,-1,3,20,1,1,1,12:19,2,1,8
2023201391923,2023,201391923,2,2,2,1,20,4,3,0,0,1,0,0,9,-1,-1,3,1,0.0,1.0,-1,6,30,4,4,1,19:00,5,2,9
2023320566271,2023,320566271,2,1,1,2,29,6,3,0,0,0,0,0,9,9,E01026301,-1,0,0.05039,0.94961,-1,6,60,1,1,1,18:15,2,2,9
2023421320837,2023,421320837,2,1,1,2,36,7,3,0,0,0,0,0,9,10,E01021585,3,1,0.0,1.0,-1,1,30,1,1,1,16:00,2,2,9
2023440310726,2023,440310726,1,1,1,1,41,7,3,0,0,0,0,0,9,9,E01022533,-1,0,0.00564,0.99436,-1,1,30,1,1,2,08:50,4,2,9
2023461289605,2023,461289605,2,4,2,1,15,3,3,0,0,1,0,0,9,1,E01024613,3,1,0.0,1.0,-1,6,40,1,4,1,22:17,6,3,9
2023131272307,2023,131272307,2,1,1,2,34,6,3,0,0,0,0,0,9,9,E01011302,3,1,0.0,1.0,-1,6,30,1,1,1,12:15,6,2,9
2023501295203,2023,501295203,1,1,1,1,49,8,2,0,0,0,0,0,9,1,E01016033,6,1,1.0,0.0,-1,3,70,2,4,2,19:40,1,1,9
2023070115807,2023,070115807,2,1,1,2,53,8,3,0,0,0,0,0,9,6,E01018630,-1,0,0.00499,0.99501,-1,6,30,1,1,1,10:55,5,2,9
2023440522641,2023,440522641,2,1,1,1,53,8,3,0,0,0,0,0,9,9,E01022778,-1,0,0.02875,0.97125,-1,7,60,1,4,2,22:00,6,3,9
2023501363859,2023,501363859,2,1,1,1,42,7,3,0,0,0,0,0,1,5,E01020020,3,1,0.0,1.0,-1,6,30,1,1,1,15:26,2,2,1
2023201367251,2023,201367251,1,1,3,1,16,4,2,4,1,0,0,0,0,3,E01009221,7,1,1.0,0.0,-1,6,30,1,1,1,16:50,6,1,19
2023430036053,2023,430036053,1,1,3,2,39,7,3,5,1,0,0,0,0,-1,-1,-1,0,0.11977,0.88023,-1,6,30,1,4,1,19:30,3,1,9
2023010437330,2023,010437330,1,1,1,1,61,9,3,0,0,0,0,0,9,3,E01001397,-1,0,0.0,1.0,-1,6,30,1,4,1,20:30,5,2,9
2023131413396,2023,131413396,3,1,1,2,40,7,3,0,0,0,0,0,9,1,E01011667,3,1,0.0,1.0,-1,3,40,1,1,1,10:00,6,4,9
2023461262348,2023,461262348,2,1,1,2,39,7,3,0,0,0,0,0,9,7,E01024375,3,1,0.0,1.0,-1,1,30,1,1,1,09:12,2,2,9
2023461318189,2023,461318189,1,3,2,1,85,11,3,0,0,-1,0,0,9,10,E01024755,3,1,0.0,1.0,-1,3,50,1,1,1,15:49,4,2,9
202363A019023,2023,63A019023,5,1,1,1,48,8,3,0,0,0,0,0,9,7,W01000690,-1,0,0.12207,0.87793,-1,3,70,2,1,2,16:20,5,5,9
2023421368931,2023,421368931,2,1,1,1,39,7,3,0,0,0,0,0,1,4,E01021670,3,1,0.0,1.0,-1,6,40,9,1,1,10:40,5,2,1
2023991268240,2023,991268240,2,1,1,1,43,7,3,0,0,0,0,0,1,-1,-1,3,1,0.0,1.0,-1,6,30,1,1,1,10:12,5,2,1
2023552301077,2023,552301077,1,1,1,1,46,8,3,0,0,0,0,0,3,6,E01020397,-1,0,0.22475,0.77525,-1,6,60,1,4,1,16:12,4,1,3
2023320181492,2023,320181492,1,1,3,1,15,3,2,8,1,0,0,0,0,5,E01026232,-1,0,1.0,0.0,-1,6,30,1,1,1,14:15,7,1,9
2023041350455,2023,041350455,3,3,1,1,24,5,3,0,0,0,0,0,3,7,E01025003,3,1,0.0,1.0,-1,6,20,1,1,1,13:42,6,3,3
2023311353205,2023,311353205,1,1,1,1,22,5,3,0,0,0,0,0,9,3,E01019536,3,1,0.0,1.0,-1,6,60,1,6,1,02:34,1,1,9
2023401330943,2023,401330943,2,2,1,2,37,7,3,0,0,0,0,0,9,3,E01026123,3,1,0.0,1.0,-1,6,30,1,1,1,22:30,4,2,9
2023411364731,2023,411364731,2,1,1,1,44,7,3,0,0,0,0,0,9,6,E01023369,3,1,0.0,1.0,-1,6,30,1,4,1,21:12,3,2,9
2023041361677,2023,041361677,2,2,2,2,60,9,3,0,0,1,0,0,9,9,E01025364,3,1,0.0,1.0,-1,3,70,1,1,1,14:09,3,2,9
2023101274162,2023,101274162,3,1,1,1,69,10,3,0,0,0,0,0,9,5,E01008643,3,1,0.0,1.0,-1,6,20,1,1,1,14:00,3,3,9
2023461323457,2023,461323457,1,4,2,2,0,1,3,0,0,2,0,0,9,-1,-1,3,1,0.0,1.0,-1,6,30,1,1,1,18:10,4,2,9
2023010441386,2023,010441386,2,1,1,1,43,7,2,0,0,0,0,0,1,10,E01003401,-1,0,1.0,0.0,-1,6,20,1,1,1,18:31,6,2,1
2023131328357,2023,131328357,2,1,1,2,32,6,3,0,0,0,0,0,1,-1,-1,3,1,0.0,1.0,-1,1,30,1,1,1,05:50,3,2,1
2023201372821,2023,201372821,1,1,1,1,34,6,2,0,0,0,0,0,1,5,E01032589,7,1,1.0,0.0,-1,6,30,2,1,2,06:11,6,2,1
2023201328156,2023,201328156,2,1,1,1,28,6,3,0,0,0,0,0,3,9,E01031148,3,1,0.0,1.0,-1,3,40,1,1,1,08:12,6,2,3
2023991373283,2023,991373283,2,1,1,1,25,5,3,0,0,0,0,0,5,7,-1,3,1,0.0,1.0,-1,6,30,1,4,1,18:30,4,2,5
2023010448417,2023,010448417,1,1,1,1,38,7,3,0,0,0,0,0,9,2,E01004067,-1,0,0.0,1.0,-1,3,70,8,1,1,20:00,1,2,9
2023070815321,2023,070815321,1,1,1,1,43,7,3,0,0,0,0,0,9,-1,-1,-1,0,0.04812,0.95188,-1,2,30,1,1,2,07:45,3,2,9
2023131308083,2023,131308083,2,1,2,2,33,6,3,0,0,2,0,0,9,1,E01010631,3,1,0.0,1.0,-1,6,30,1,1,1,11:55,3,2,9
2023131312280,2023,131312280,2,1,1,1,34,6,3,0,0,0,0,0,1,7,E01011600,3,1,0.0,1.0,-1,6,30,1,1,1,13:00,7,2,1
2023131357272,2023,131357272,2,1,1,2,27,6,3,0,0,0,0,0,3,1,E01011426,3,1,0.0,1.0,-1,3,40,1,1,1,12:00,5,2,3
2023201396064,2023,201396064,1,1,1,1,25,5,3,0,0,0,0,0,4,1,E01009182,3,1,0.0,1.0,-1,3,40,1,1,1,17:07,6,2,4
2023302301976,2023,302301976,1,1,1,1,28,6,2,0,0,0,0,0,9,8,E01029790,-1,0,1.0,0.0,-1,6,50,5,1,2,08:18,5,1,9
2023430029286,2023,430029286,1,1,3,2,77,11,2,5,1,0,0,0,0,10,E01016598,-1,0,1.0,0.0,-1,6,30,1,1,2,09:25,6,1,9
2023041341443,2023,041341443,2,1,1,2,65,9,2,0,0,0,0,0,1,-1,-1,5,1,1.0,0.0,-1,6,30,1,1,1,16:00,7,2,1
2023552301116,2023,552301116,1,1,1,1,17,4,3,0,0,0,0,0,3,9,E01032642,-1,0,0.1383,0.8617,-1,6,30,1,1,1,17:27,4,2,3
2023010445312,2023,010445312,1,1,1,1,29,6,3,0,0,0,0,0,4,-1,-1,-1,0,0.0,1.0,-1,6,20,1,1,1,19:49,6,2,4
2023010438024,2023,010438024,1,1,1,1,42,7,3,0,0,0,0,0,9,8,E01000760,-1,0,0.0,1.0,-1,6,30,1,4,1,23:41,7,2,9
2023311325935,2023,311325935,2,1,1,2,32,6,3,0,0,0,0,0,9,1,E01013826,3,1,0.0,1.0,-1,6,30,1,1,1,18:18,3,2,9
2023451372776,2023,451372776,1,1,1,1,26,6,2,0,0,0,0,0,9,5,E01002667,6,1,1.0,0.0,-1,3,30,1,4,2,22:00,5,1,9
2023052301638,2023,052301638,2,2,1,1,57,9,3,0,0,0,0,0,9,1,E01007290,-1,0,0.06167,0.93833,-1,3,40,1,1,1,13:10,1,2,9
2023010448233,2023,010448233,1,1,1,2,25,5,3,0,0,0,0,0,9,5,E01000927,-1,0,0.0,1.0,-1,6,20,1,4,1,00:29,7,2,9
2023031263612,2023,031263612,2,1,1,1,-1,-1,3,0,0,0,0,0,9,1,E01019263,3,1,0.0,1.0,-1,6,30,1,4,1,21:58,1,3,9
2023041286348,2023,041286348,1,1,1,1,18,4,3,0,0,0,0,0,9,3,E01012653,3,1,0.0,1.0,-1,6,50,2,6,2,23:02,2,1,9
2023131317291,2023,131317291,2,1,1,2,37,7,3,0,0,0,0,0,9,7,E01011569,3,1,0.0,1.0,-1,6,30,1,1,1,16:10,7,2,9
2023221323929,2023,221323929,1,1,1,2,42,7,3,0,0,0,0,0,9,4,E01032215,3,1,0.0,1.0,-1,6,30,1,1,1,17:20,4,2,9
2023231320719,2023,231320719,1,1,1,2,9,2,3,0,0,0,0,0,1,7,E01031297,3,1,0.0,1.0,-1,6,30,1,1,1,20:46,6,2,1
2023010477967,2023,010477967,1,3,2,2,-1,-1,3,0,0,9,0,0,9,3,E01002048,-1,0,0.0,1.0,-1,9,20,1,1,1,15:05,3,1,9
2023010467694,2023,010467694,2,1,1,2,58,9,3,0,0,0,0,0,9,5,E01001632,-1,0,0.0,1.0,-1,7,30,1,4,1,19:03,6,4,9
2023311373671,2023,311373671,1,1,1,2,36,7,3,0,0,0,0,0,9,2,E01013843,3,1,0.0,1.0,-1,6,30,2,1,2,14:55,1,2,9
2023351320821,2023,351320821,2,1,1,2,23,5,3,0,0,0,0,0,9,6,E01018076,3,1,0.0,1.0,-1,1,40,1,1,1,16:25,7,2,9
2023471384463,2023,471384463,1,1,1,1,81,11,2,0,0,0,0,0,9,8,E01021141,5,1,1.0,0.0,-1,6,60,1,1,2,12:47,6,2,9
2023141388743,2023,141388743,1,1,3,1,52,8,2,9,8,0,0,0,0,5,E01008144,7,1,1.0,0.0,-1,6,30,2,6,2,18:30,7,1,9
2023430230585,2023,430230585,1,1,3,1,65,9,3,5,3,0,0,0,0,-1,-1,-1,0,0.20911,0.79089,-1,6,30,1,4,1,22:52,5,1,9
2023010477107,2023,010477107,1,1,1,1,33,6,3,0,0,0,0,0,3,2,E01001448,-1,0,0.0,1.0,-1,6,30,1,1,1,14:30,5,2,3
2023320027082,2023,320027082,1,1,3,1,10,2,3,10,1,0,0,0,0,-1,-1,-1,0,0.1293,0.8707,-1,6,30,2,1,2,13:28,6,1,9
2023070732661,2023,070732661,2,1,1,1,37,7,3,0,0,0,0,0,9,4,E01012523,-1,0,0.00805,0.99195,-1,6,30,1,1,1,07:50,4,2,9
2023622300094,2023,622300094,2,2,1,1,29,6,3,0,0,0,0,0,9,7,W01001754,-1,0,0.0237,0.9763,-1,6,30,1,4,1,21:20,6,2,9
2023010430733,2023,010430733,1,1,1,2,28,6,3,0,0,0,0,0,1,3,E01002738,-1,0,0.0,1.0,-1,6,20,1,4,2,20:55,2,2,1
2023340WN3492,2023,340WN3492,2,1,1,2,22,5,3,0,0,0,0,0,3,4,E01027007,-1,0,0.05213,0.94787,-1,6,30,1,1,1,16:30,4,2,3
2023131332586,2023,131332586,2,1,1,2,66,10,3,0,0,0,0,0,9,2,E01011235,3,1,0.0,1.0,-1,3,30,1,1,1,09:42,3,2,9
2023131381917,2023,131381917,1,1,1,2,64,9,3,0,0,0,0,0,9,7,W01000114,3,1,0.0,1.0,-1,3,50,1,4,1,17:20,1,1,9
2023401350064,2023,401350064,2,1,1,1,32,6,2,0,0,0,0,0,1,2,E01015705,7,1,1.0,0.0,-1,6,30,1,1,1,16:49,4,2,1
2023070851907,2023,070851907,2,1,1,2,41,7,3,0,0,0,0,0,9,6,E01018615,-1,0,0.01101,0.98899,-1,2,30,1,1,1,14:05,5,2,9
2023131290506,2023,131290506,2,3,1,1,55,8,3,0,0,0,0,0,9,9,E01010913,3,1,0.0,1.0,-1,6,30,2,4,2,22:21,6,2,9
2023430555304,2023,430555304,3,3,2,2,2,1,3,0,0,2,0,0,9,3,E01016373,-1,0,0.03234,0.96766,-1,3,70,1,1,1,18:10,2,3,9
2023461353513,2023,461353513,2,1,1,2,69,10,3,0,0,0,0,0,90,6,E01023985,3,1,0.0,1.0,-1,3,40,1,1,1,11:03,6,2,90
2023061315498,2023,061315498,2,2,1,1,48,8,2,0,0,0,0,0,9,4,E01004777,6,1,1.0,0.0,-1,6,30,1,1,1,19:29,5,2,9
2023201325607,2023,201325607,1,3,2,2,12,3,3,0,0,1,0,0,9,9,E01010206,3,1,0.0,1.0,-1,6,30,2,7,2,18:30,6,2,9
2023231267251,2023,231267251,2,1,2,2,29,6,3,0,0,2,0,0,9,4,E01031030,3,1,0.0,1.0,-1,6,60,1,1,4,08:11,3,2,9
2023421293323,2023,421293323,2,2,2,2,11,3,3,0,0,2,0,0,9,-1,-1,3,1,0.0,1.0,-1,3,70,1,1,1,15:18,2,2,9