collision_index,collision_year,collision_ref_no,vehicle_reference,casualty_reference,casualty_class,sex_of_casualty,age_of_casualty,age_band_of_casualty,casualty_severity,pedestrian_location,pedestrian_movement,car_passenger,bus_or_coach_passenger,pedestrian_road_maintenance_worker,casualty_type,casualty_imd_decile,lsoa_of_casualty,enhanced_casualty_severity,casualty_injury_based,casualty_adjusted_severity_serious,casualty_adjusted_severity_slight,casualty_distance_banding,road_type,speed_limit,weather_conditions,light_conditions,road_surface_conditions,time,day_of_week,number_of_vehicles,vehicle_type
2023461318140,2023,461318140,1,1,1,1,47,8,3,0,0,0,0,0,9,5,E01001658,3,1,0.0,1.0,-1,3,70,1,1,1,17:30,4,2,9
2023631329551,2023,631329551,1,1,2,2,17,4,3,0,0,2,0,0,9,8,W01000457,3,1,0.0,1.0,-1,6,60,2,1,2,10:30,6,1,9
2023010486464,2023,010486464,1,1,1,1,58,9,3,0,0,0,0,0,1,4,E01001097,-1,0,0.0,1.0,-1,6,30,1,4,2,16:30,5,2,1
2023440418851,2023,440418851,1,1,1,1,12,3,3,0,0,0,0,0,1,1,E01017245,-1,0,0.14258,0.85742,-1,6,30,1,4,1,21:05,4,2,1
2023010448099,2023,010448099,1,2,2,2,22,5,3,0,0,1,0,0,9,6,E01003752,-1,0,0.0,1.0,-1,6,30,1,4,1,23:19,6,1,9
2023070215650,2023,070215650,2,1,1,2,42,7,3,0,0,0,0,0,9,9,E01018602,-1,0,0.01115,0.98885,-1,6,30,1,1,1,08:30,3,2,9
2023131272475,2023,131272475,2,1,1,1,46,8,3,0,0,0,0,0,9,2,E01011485,3,1,0.0,1.0,-1,6,30,1,1,1,09:01,1,2,9
2023141312503,2023,141312503,2,2,1,1,61,9,2,0,0,0,0,0,9,7,E01007666,6,1,1.0,0.0,-1,3,50,1,1,1,08:03,2,3,9
2023351287838,2023,351287838,1,1,1,2,42,7,3,0,0,0,0,0,9,6,E01018042,3,1,0.0,1.0,-1,6,60,1,1,1,09:15,4,3,9
2023351371258,2023,351371258,1,1,1,1,30,6,3,0,0,0,0,0,9,10,E01018130,3,1,0.0,1.0,-1,3,70,2,7,2,17:14,6,1,9
2023520400256,2023,520400256,2,2,1,2,43,7,3,0,0,0,0,0,9,5,E01029255,-1,0,0.01731,0.98269,-1,6,30,2,1,1,17:06,2,2,9
2023010444953,2023,010444953,1,1,1,1,39,7,3,0,0,0,0,0,1,5,E01004346,-1,0,0.0,1.0,-1,2,30,1,1,1,08:30,5,2,1
2023401375595,2023,401375595,1,4,2,1,21,5,3,0,0,-1,0,0,9,4,E01015717,3,1,0.0,1.0,-1,6,30,2,4,2,18:07,5,1,9
2023440484042,2023,440484042,2,2,1,1,91,11,3,0,0,0,0,0,9,8,E01022589,-1,0,0.18622,0.81378,-1,6,60,2,1,2,15:50,1,2,9
2023031357463,2023,031357463,3,1,1,2,34,6,3,0,0,0,0,0,9,3,E01019114,3,1,0.0,1.0,-1,6,30,1,4,2,20:42,3,2,9
2023122300300,2023,122300300,2,2,1,2,32,6,3,0,0,0,0,0,9,5,E01012191,-1,0,0.0486,0.9514,-1,6,40,1,1,1,15:35,3,2,9
2023201414327,2023,201414327,1,4,2,1,26,6,3,0,0,1,0,0,9,1,E01009401,3,1,0.0,1.0,-1,6,30,2,5,2,23:57,7,2,9
2023010433102,2023,010433102,1,1,1,1,23,5,3,0,0,0,0,0,3,3,E01003570,-1,0,0.0,1.0,-1,6,20,1,1,1,17:30,1,2,3
2023622300580,2023,622300580,1,1,3,1,8,2,3,5,1,0,0,0,0,4,W01001168,-1,0,0.06083,0.93917,-1,1,30,1,1,2,11:08,7,1,9
2023052301268,2023,052301268,1,2,3,1,3,1,3,6,9,0,0,0,0,-1,-1,-1,0,0.03745,0.96255,-1,6,20,1,1,1,13:30,5,1,9
2023101393609,2023,101393609,2,2,2,1,22,5,3,0,0,2,0,0,9,-1,-1,3,1,0.0,1.0,-1,6,60,2,6,2,21:20,1,2,9
2023131328333,2023,131328333,1,1,1,2,23,5,3,0,0,0,0,0,9,1,E01010843,3,1,0.0,1.0,-1,1,30,2,1,2,14:35,7,2,9
2023211376864,2023,211376864,2,1,1,2,30,6,3,0,0,0,0,0,9,9,E01029600,3,1,0.0,1.0,-1,6,30,1,4,2,21:49,2,3,9
2023302300229,2023,302300229,1,2,2,2,8,2,3,0,0,1,0,0,9,5,E01019852,-1,0,0.03375,0.96625,-1,6,30,1,1,1,08:00,3,2,9
2023421269290,2023,421269290,2,1,1,2,63,9,3,0,0,0,0,0,9,8,E01023321,3,1,0.0,1.0,-1,6,60,1,4,2,17:23,7,2,9
2023451276513,2023,451276513,2,1,2,1,2,1,3,0,0,2,0,0,9,9,E01030975,3,1,0.0,1.0,-1,1,30,1,1,2,10:00,4,2,9
2023461329100,2023,461329100,3,2,1,2,30,6,3,0,0,0,0,0,9,4,E01016120,3,1,0.0,1.0,-1,6,50,1,1,1,08:14,2,3,9
2023010450504,2023,010450504,1,1,3,1,44,7,3,1,1,0,0,0,0,2,E01002774,-1,0,0.0,1.0,-1,6,20,1,1,1,08:20,5,1,9
2023421352078,2023,421352078,2,1,1,2,65,9,3,0,0,0,0,0,1,4,E01015888,3,1,0.0,1.0,-1,3,30,1,1,1,17:40,5,2,1
2023010458405,2023,010458405,2,1,1,1,30,6,3,0,0,0,0,0,4,-1,-1,-1,0,0.0,1.0,-1,3,30,1,1,1,17:28,3,2,4
2023221299445,2023,221299445,1,1,1,1,36,7,3,0,0,0,0,0,9,4,E01032370,3,1,0.0,1.0,-1,6,60,2,1,2,12:47,6,1,9
2023461335388,2023,461335388,1,1,2,1,20,4,1,0,0,2,0,0,9,3,E01024001,1,1,0.0,0.0,-1,1,50,1,4,1,00:10,1,1,9
2023430002576,2023,430002576,2,1,1,2,45,7,3,0,0,0,0,0,1,10,E01028465,-1,0,0.12513,0.87487,-1,6,20,1,4,2,07:30,3,2,1
2023141352629,2023,141352629,1,1,1,1,19,4,2,0,0,0,0,0,3,1,E01007466,6,1,1.0,0.0,-1,6,30,1,4,1,21:37,5,2,3
2023010443515,2023,010443515,1,1,3,2,76,11,3,6,9,0,0,0,0,1,E01000891,-1,0,0.0,1.0,-1,9,30,9,1,9,13:15,4,1,97
2023131359475,2023,131359475,1,1,3,2,52,8,2,10,7,0,0,1,0,3,E01032923,6,1,1.0,0.0,-1,2,30,9,4,1,00:45,7,1,8
2023010419585,2023,010419585,1,1,1,1,61,9,3,0,0,0,0,0,9,4,E01003770,-1,0,0.0,1.0,-1,7,30,2,1,2,12:20,3,2,9
2023010449548,2023,010449548,1,1,1,1,59,9,3,0,0,0,0,0,9,3,E01002749,-1,0,0.0,1.0,-1,3,50,1,1,1,18:45,6,2,9
2023061327613,2023,061327613,1,1,1,1,31,6,2,0,0,0,0,0,9,3,E01005332,6,1,1.0,0.0,-1,6,30,2,1,2,23:15,1,2,9
2023201284916,2023,201284916,1,1,1,1,64,9,3,0,0,0,0,0,9,1,E01009346,3,1,0.0,1.0,-1,3,30,1,1,1,09:52,3,2,9
2023451310669,2023,451310669,1,1,1,2,47,8,3,0,0,0,0,0,9,6,E01030843,3,1,0.0,1.0,-1,6,40,1,6,1,08:30,3,3,9
2023461361312,2023,461361312,2,1,1,2,78,11,3,0,0,0,0,0,9,9,E01000751,3,1,0.0,1.0,-1,6,50,1,1,1,17:41,6,2,9
2023501381471,2023,501381471,1,1,1,1,68,10,3,0,0,0,0,0,9,3,E01019034,3,1,0.0,1.0,-1,3,70,1,1,1,15:08,6,1,9
202360A194694,2023,60A194694,2,1,1,1,76,11,3,0,0,0,0,0,9,-1,-1,-1,0,0.19707,0.80293,-1,6,60,1,1,1,15:07,2,2,9
2023010427691,2023,010427691,1,1,1,1,37,7,3,0,0,0,0,0,3,4,E01002607,-1,0,0.0,1.0,-1,6,20,1,1,1,13:10,6,2,3
2023071210154,2023,071210154,2,1,1,1,42,7,3,0,0,0,0,0,9,10,E01018419,-1,0,0.01527,0.98473,-1,2,30,1,1,1,16:05,5,2,9
2023361307862,2023,361307862,2,1,1,2,54,8,3,0,0,0,0,0,1,7,E01026837,3,1,0.0,1.0,-1,9,30,1,1,1,16:26,2,2,1
2023991308578,2023,991308578,2,1,1,1,25,5,2,0,0,0,0,0,3,3,-1,6,1,1.0,0.0,-1,6,50,1,1,1,16:24,4,2,3
2023311346081,2023,311346081,2,1,1,1,44,7,3,0,0,0,0,0,8,1,E01013818,3,1,0.0,1.0,-1,6,30,1,4,1,23:35,1,2,8
2023010455075,2023,010455075,1,4,2,1,6,2,3,0,0,2,0,0,9,2,E01001439,-1,0,0.0,1.0,-1,1,30,1,4,1,12:30,7,2,9
2023320566576,2023,320566576,1,1,1,1,24,5,3,0,0,0,0,0,9,8,E01026193,-1,0,0.09021,0.90979,-1,3,70,2,4,2,21:00,2,2,9
2023010424212,2023,010424212,1,2,3,2,36,7,2,5,1,0,0,0,0,4,E01000976,-1,0,1.0,0.0,-1,6,30,1,4,2,18:42,1,1,4
2023311361093,2023,311361093,1,1,3,1,21,5,3,7,9,0,0,2,0,4,E01033406,3,1,0.0,1.0,-1,6,20,1,1,1,14:16,2,1,8
2023052302596,2023,052302596,2,1,1,1,54,8,2,0,0,0,0,0,1,1,E01006613,-1,0,1.0,0.0,-1,6,30,1,1,2,12:30,5,2,1
2023471351821,2023,471351821,2,1,1,1,31,6,2,0,0,0,0,0,3,4,E01031610,7,1,1.0,0.0,-1,6,30,1,1,1,15:30,3,2,3
2023010423652,2023,010423652,2,2,1,2,30,6,3,0,0,0,0,0,9,3,E01001324,-1,0,0.0,1.0,-1,1,20,1,1,2,15:39,5,3,9
2023440229952,2023,440229952,1,1,1,2,34,6,3,0,0,0,0,0,9,3,E01017019,-1,0,0.12681,0.87319,-1,3,50,1,1,1,13:51,7,1,9
2023010481055,2023,010481055,1,1,1,2,45,7,3,0,0,0,0,0,10,2,E01004364,-1,0,0.0,1.0,-1,2,20,8,1,1,08:15,4,2,10
2023010457980,2023,010457980,1,1,1,2,38,7,3,0,0,0,0,0,9,2,E01001152,-1,0,0.0,1.0,-1,6,20,1,1,1,19:10,7,2,9
2023320498179,2023,320498179,1,2,1,1,64,9,3,0,0,0,0,0,9,2,E01019761,-1,0,0.12061,0.87939,-1,6,40,1,1,1,16:00,6,2,9
2023501355500,2023,501355500,2,2,2,1,19,4,3,0,0,1,0,0,9,4,E01027523,3,1,0.0,1.0,-1,6,40,1,1,1,09:20,7,2,9
2023430058869,2023,430058869,2,1,1,1,52,8,3,0,0,0,0,0,1,6,E01017911,-1,0,0.17307,0.82693,-1,6,40,1,6,1,07:11,5,2,1
2023201423274,2023,201423274,1,1,1,2,23,5,3,0,0,0,0,0,9,2,E01009782,3,1,0.0,1.0,-1,6,30,4,4,2,23:18,5,2,9
2023351284473,2023,351284473,1,1,1,1,20,4,3,0,0,0,0,0,9,4,E01018077,3,1,0.0,1.0,-1,6,60,1,1,2,12:20,5,2,9
2023351315290,2023,351315290,2,2,2,1,43,7,3,0,0,1,0,0,9,10,E01018222,3,1,0.0,1.0,-1,7,60,1,1,1,13:00,7,2,9
2023440112961,2023,440112961,1,1,3,1,35,6,2,1,1,0,0,0,0,6,E01017292,-1,0,1.0,0.0,-1,6,30,1,1,1,16:03,3,1,9
2023010445453,2023,010445453,2,1,1,1,67,10,2,0,0,0,0,0,1,3,E01000522,-1,0,1.0,0.0,-1,6,20,1,1,1,09:32,7,2,1
2023010458779,2023,010458779,2,1,1,1,19,4,2,0,0,0,0,0,1,7,E01001918,-1,0,1.0,0.0,-1,6,20,1,1,1,15:59,5,2,1
2023010459086,2023,010459086,2,1,1,1,17,4,3,0,0,0,0,0,1,2,E01004237,-1,0,0.0,1.0,-1,3,20,2,1,2,14:11,7,2,1
2023041335790,2023,041335790,2,1,1,2,60,9,3,0,0,0,0,0,9,3,E01012615,3,1,0.0,1.0,-1,3,30,1,1,1,08:50,7,2,9
2023131322988,2023,131322988,1,2,1,1,24,5,3,0,0,0,0,0,9,1,E01033693,3,1,0.0,1.0,-1,6,30,1,4,1,22:29,2,4,9
2023201302908,2023,201302908,1,1,1,1,35,6,3,0,0,0,0,0,9,5,E01009185,3,1,0.0,1.0,-1,6,30,2,4,2,21:10,1,3,9
2023320224515,2023,320224515,1,1,2,2,31,6,3,0,0,1,0,0,9,6,E01026272,-1,0,0.10394,0.89606,-1,6,60,2,1,2,15:30,6,1,9
2023461295658,2023,461295658,2,1,1,1,18,4,3,0,0,0,0,0,1,7,E01032822,3,1,0.0,1.0,-1,6,30,1,1,1,08:40,5,2,1
2023010439597,2023,010439597,2,2,1,2,18,4,3,0,0,0,0,0,9,2,E01001079,-1,0,0.0,1.0,-1,1,30,1,1,1,08:09,4,2,9
2023101297948,2023,101297948,2,1,1,1,54,8,3,0,0,0,0,0,9,2,E01008491,3,1,0.0,1.0,-1,3,30,1,1,1,11:45,7,2,9
2023161322831,2023,161322831,1,1,1,2,72,10,3,0,0,0,0,0,9,8,E01013326,3,1,0.0,1.0,-1,6,40,1,1,1,15:18,5,2,9
2023361378153,2023,361378153,1,2,2,1,46,8,3,0,0,1,0,0,9,1,E01026598,3,1,0.0,1.0,-1,3,30,2,4,2,01:35,4,1,9
2023061337771,2023,061337771,2,2,2,1,28,6,3,0,0,1,0,0,9,-1,-1,3,1,0.0,1.0,-1,6,30,1,1,1,21:05,4,2,9
2023052301336,2023,052301336,2,1,1,1,22,5,3,0,0,0,0,0,3,1,E01006778,-1,0,0.13721,0.86279,-1,6,20,1,1,1,08:30,5,2,3
2023461335548,2023,461335548,2,1,2,2,53,8,3,0,0,0,0,0,5,7,E01024680,3,1,0.0,1.0,-1,1,30,1,1,1,17:15,6,2,5
2023471315467,2023,471315467,3,2,1,2,39,7,3,0,0,0,0,0,9,5,E01021195,3,1,0.0,1.0,-1,6,30,1,1,1,11:00,3,3,9
2023991320927,2023,991320927,2,1,1,1,65,9,3,0,0,0,0,0,9,9,-1,3,1,0.0,1.0,-1,6,60,1,1,1,16:00,3,2,9
2023461332455,2023,461332455,1,1,3,2,11,3,3,6,1,0,0,0,0,3,E01024656,3,1,0.0,1.0,-1,6,30,1,1,1,13:30,7,1,19
2023461377936,2023,461377936,1,1,1,1,24,5,3,0,0,0,0,0,3,6,E01024836,3,1,0.0,1.0,-1,6,20,1,1,2,16:04,6,3,3
2023041264073,2023,041264073,1,2,2,2,19,4,3,0,0,1,0,0,9,4,E01010985,3,1,0.0,1.0,-1,6,60,8,4,4,00:20,3,1,9
2023440294452,2023,440294452,1,1,2,1,22,5,2,0,0,1,0,0,9,8,E01022627,-1,0,1.0,0.0,-1,6,30,1,6,1,02:31,7,1,9
2023311352989,2023,311352989,2,1,1,1,23,5,2,0,0,0,0,0,90,-1,-1,6,1,1.0,0.0,-1,6,20,1,4,1,21:28,6,2,90
2023548923623,2023,548923623,2,3,2,2,6,2,3,0,0,2,0,0,9,9,E01015586,-1,0,0.04611,0.95389,-1,6,50,1,6,1,21:00,4,2,9
2023991357840,2023,991357840,2,1,1,2,76,11,3,0,0,0,0,0,9,-1,-1,3,1,0.0,1.0,-1,6,30,1,1,1,15:00,4,2,9
2023311283533,2023,311283533,2,1,1,1,45,7,3,0,0,0,0,0,1,2,E01028026,3,1,0.0,1.0,-1,1,30,1,1,1,07:25,4,2,1
2023010444709,2023,010444709,1,1,1,2,39,7,3,0,0,0,0,0,9,4,E01002594,-1,0,0.0,1.0,-1,6,30,1,1,1,14:18,3,1,9
2023302301684,2023,302301684,2,3,1,2,36,7,3,0,0,0,0,0,9,6,E01013495,-1,0,0.03891,0.96109,-1,3,40,2,1,2,14:45,7,2,9
2023201416453,2023,201416453,1,1,3,1,51,8,3,5,1,0,0,2,0,1,E01010066,3,1,0.0,1.0,-1,3,30,2,1,2,08:46,4,1,9
2023991262698,2023,991262698,1,1,3,2,22,5,2,1,1,0,0,0,0,5,-1,7,1,1.0,0.0,-1,2,30,5,4,2,17:50,5,1,9
2023430098152,2023,430098152,2,1,1,1,26,6,2,0,0,0,0,0,3,-1,-1,-1,0,1.0,0.0,-1,6,30,1,1,1,10:00,7,2,3
2023430514151,2023,430514151,1,1,1,1,57,9,3,0,0,0,0,0,5,10,E01030376,-1,0,0.06618,0.93382,-1,7,60,1,1,2,08:15,4,2,5
2023451376837,2023,451376837,2,1,1,1,81,11,3,0,0,0,0,0,9,8,E01030556,3,1,0.0,1.0,-1,6,40,1,1,2,15:05,1,2,9
2023111365480,2023,111365480,1,2,3,2,5,1,3,9,9,0,0,0,0,-1,-1,3,1,0.0,1.0,-1,6,30,1,1,1,15:42,2,2,9
2023010480440,2023,010480440,2,1,1,1,18,4,3,0,0,0,0,0,3,5,E01001998,-1,0,0.0,1.0,-1,6,20,8,7,1,18:54,2,2,3
2023010453527,2023,010453527,2,2,1,2,28,6,3,0,0,0,0,0,2,2,E01001112,-1,0,0.0,1.0,-1,3,20,1,1,1,08:05,5,2,2
2023440521669,2023,440521669,1,1,3,1,4,1,3,5,1,0,0,0,0,2,E01022833,-1,0,0.13829,0.86171,-1,6,30,1,1,1,11:19,6,1,9
2023010429775,2023,010429775,2,1,1,1,35,6,3,0,0,0,0,0,1,2,E01003922,-1,0,0.0,1.0,-1,1,30,1,4,2,03:15,4,2,1
2023010431894,2023,010431894,1,1,1,1,43,7,3,0,0,0,0,0,3,3,E01003387,-1,0,0.0,1.0,-1,6,30,9,7,9,17:00,6,2,3
2023010459326,2023,010459326,1,1,2,1,19,4,3,0,0,0,0,0,5,1,E01001840,-1,0,0.0,1.0,-1,6,20,1,1,1,12:33,2,3,5
2023302301283,2023,302301283,1,1,1,1,50,8,2,0,0,0,0,0,5,7,E01019636,-1,0,1.0,0.0,-1,6,50,1,1,1,16:30,6,2,5
2023052301006,2023,052301006,2,1,1,2,22,5,3,0,0,0,0,0,9,6,E01007163,-1,0,0.04067,0.95933,-1,6,30,1,1,1,18:00,5,3,9
2023071031461,2023,071031461,2,1,1,1,25,5,3,0,0,0,0,0,9,2,E01018498,-1,0,0.04568,0.95432,-1,6,50,2,4,2,07:09,6,3,9
2023101285774,2023,101285774,1,2,2,1,17,4,1,0,0,1,0,0,9,-1,-1,1,1,0.0,0.0,-1,6,30,1,4,2,00:35,1,1,9
2023122300229,2023,122300229,2,1,1,2,30,6,3,0,0,0,0,0,9,4,E01004978,-1,0,0.02959,0.97041,-1,6,60,1,1,1,13:16,5,2,9
2023141327385,2023,141327385,2,1,2,1,18,4,2,0,0,1,0,0,9,-1,-1,7,1,1.0,0.0,-1,3,40,2,4,2,22:34,7,2,9
2023211323780,2023,211323780,2,2,1,2,31,6,3,0,0,0,0,0,9,1,E01014212,3,1,0.0,1.0,-1,6,30,1,1,1,21:10,3,3,9
2023430144791,2023,430144791,1,1,1,1,57,9,2,0,0,0,0,0,9,6,E01028579,-1,0,1.0,0.0,-1,6,60,1,1,1,14:07,1,1,9
2023010426254,2023,010426254,1,1,3,2,16,4,3,5,2,0,0,0,0,5,E01004610,-1,0,0.0,1.0,-1,2,20,1,1,2,08:29,5,1,9
2023041361682,2023,041361682,1,1,3,1,8,2,3,9,8,0,0,1,0,2,E01025075,3,1,0.0,1.0,-1,6,30,1,1,1,08:14,2,1,9
2023302300460,2023,302300460,1,1,3,2,9,2,2,10,2,0,0,0,0,-1,-1,-1,0,1.0,0.0,-1,6,30,1,1,2,08:45,3,1,9
2023541106323,2023,541106323,1,1,3,1,30,6,3,9,9,0,0,0,0,6,E01032708,-1,0,0.11096,0.88904,-1,6,30,1,1,1,16:17,3,2,9
2023991381438,2023,991381438,1,1,3,2,29,6,3,5,2,0,0,2,0,7,-1,3,1,0.0,1.0,-1,6,40,8,1,4,09:10,6,1,1
2023520001447,2023,520001447,2,1,1,1,19,4,3,0,0,0,0,0,3,5,E01014437,-1,0,0.07022,0.92978,-1,6,30,2,1,2,12:00,4,2,3
2023991335870,2023,991335870,2,1,1,1,32,6,3,0,0,0,0,0,3,6,-1,3,1,0.0,1.0,-1,6,30,2,1,2,08:10,1,2,3
2023131376041,2023,131376041,1,1,1,1,31,6,3,0,0,0,0,0,9,5,E01011772,3,1,0.0,1.0,-1,2,60,1,1,1,12:35,7,1,9
2023371310212,2023,371310212,2,1,1,2,84,11,2,0,0,0,0,0,9,6,E01030143,6,1,1.0,0.0,-1,6,60,1,1,1,17:00,1,2,9
202360A132606,2023,60A132606,1,1,1,1,53,8,2,0,0,0,0,0,3,-1,-1,-1,0,1.0,0.0,-1,6,30,1,1,1,12:15,7,2,3
2023041344905,2023,041344905,1,1,3,1,22,5,3,5,1,0,0,0,0,8,E01025272,3,1,0.0,1.0,-1,6,30,2,4,2,20:08,4,1,9
2023131261070,2023,131261070,2,1,1,1,17,4,3,0,0,0,0,0,1,3,E01010761,3,1,0.0,1.0,-1,6,30,2,4,2,18:30,1,2,1
2023122301088,2023,122301088,2,1,1,2,23,5,3,0,0,0,0,0,9,8,E01019367,-1,0,0.0238,0.9762,-1,6,60,1,1,1,07:30,5,2,9
2023991367826,2023,991367826,2,2,2,1,35,6,3,0,0,1,0,0,9,-1,-1,3,1,0.0,1.0,-1,6,40,2,1,2,15:20,6,2,9
2023531270600,2023,531270600,2,1,1,1,35,6,3,0,0,0,0,0,1,1,E01022347,3,1,0.0,1.0,-1,6,30,1,4,1,19:23,3,2,1
2023421327217,2023,421327217,3,2,1,1,57,9,2,0,0,0,0,0,5,9,E01021654,7,1,1.0,0.0,-1,6,60,1,1,1,10:23,7,3,5
2023041327312,2023,041327312,2,1,1,1,31,6,3,0,0,0,0,0,-1,1,E01012686,3,1,0.0,1.0,-1,6,30,1,1,1,16:03,6,2,-1
2023201358511,2023,201358511,1,1,1,-1,15,3,2,0,0,0,0,0,-1,1,E01009952,6,1,1.0,0.0,-1,6,30,1,1,1,17:07,5,2,-1
2023170S31703,2023,170S31703,1,3,2,2,34,6,3,0,0,2,0,0,9,1,E01012262,-1,0,0.0334,0.9666,-1,6,30,1,4,1,19:10,5,2,9
2023351305616,2023,351305616,2,2,1,2,48,8,3,0,0,0,0,0,9,10,E01018292,3,1,0.0,1.0,-1,6,30,1,1,1,17:40,6,2,9
2023451376188,2023,451376188,2,1,1,1,73,10,3,0,0,0,0,0,9,6,E01031676,3,1,0.0,1.0,-1,3,70,1,6,2,22:12,7,3,9
2023991349246,2023,991349246,2,2,2,2,32,6,3,0,0,1,0,0,9,5,-1,3,1,0.0,1.0,-1,6,30,1,1,1,15:21,2,2,9
2023201412611,2023,201412611,1,1,3,1,17,4,2,1,3,0,0,2,0,1,E01010316,7,1,1.0,0.0,-1,6,30,1,1,1,21:05,4,1,9
2023411394297,2023,411394297,1,1,3,2,62,9,2,1,1,0,0,0,0,6,E01023386,5,1,1.0,0.0,-1,6,30,1,1,1,09:20,2,1,9
2023010446431,2023,010446431,1,1,3,2,51,8,2,5,3,0,0,0,0,2,E01003578,-1,0,1.0,0.0,-1,6,20,8,1,1,20:15,5,1,9
2023010467977,2023,010467977,1,1,3,2,31,6,3,6,9,0,0,0,0,3,E01002731,-1,0,0.0,1.0,-1,9,30,9,1,9,02:00,1,1,9
202363D009623,2023,63D009623,1,1,3,1,12,3,2,5,3,0,0,0,0,6,W01000500,-1,0,1.0,0.0,-1,6,20,1,1,1,15:40,3,1,9
2023010464231,2023,010464231,2,1,1,1,-1,-1,3,0,0,0,0,0,1,-1,-1,-1,0,0.0,1.0,-1,6,20,8,1,1,13:40,4,2,1
2023101383324,2023,101383324,2,4,1,1,73,10,2,0,0,0,0,0,9,6,E01027487,7,1,1.0,0.0,-1,6,60,8,6,2,17:47,5,3,9
2023401299364,2023,401299364,2,7,2,2,26,6,3,0,0,2,0,0,9,8,E01033028,3,1,0.0,1.0,-1,7,70,1,4,1,20:30,1,3,9
2023501298252,2023,501298252,1,3,1,2,52,8,3,0,0,0,0,0,9,1,E01015267,3,1,0.0,1.0,-1,7,50,2,1,2,08:01,4,2,9
2023430018783,2023,430018783,1,1,1,1,35,6,2,0,0,0,0,0,21,9,E01022492,-1,0,1.0,0.0,-1,6,50,1,1,1,14:02,6,1,21
2023201393296,2023,201393296,2,1,3,1,66,10,3,5,1,0,0,0,0,3,E01009239,3,1,0.0,1.0,-1,6,30,8,4,2,18:15,5,2,9
2023010439257,2023,010439257,1,1,1,1,46,8,3,0,0,0,0,0,8,2,E01002345,-1,0,0.0,1.0,-1,1,30,1,4,1,03:04,2,2,8
2023401361042,2023,401361042,1,1,1,1,80,11,3,0,0,0,0,0,3,10,E01017553,3,1,0.0,1.0,-1,1,60,1,1,1,14:06,7,1,3
2023010438758,2023,010438758,2,2,2,1,14,3,3,0,0,0,0,0,-1,4,E01001873,-1,0,0.0,1.0,-1,2,20,1,1,1,06:15,7,2,-1
2023401275522,2023,401275522,1,2,3,2,23,5,3,6,9,0,0,0,0,5,E01017388,3,1,0.0,1.0,-1,6,30,9,1,-1,16:15,4,1,98
2023547103223,2023,547103223,1,1,1,2,68,10,3,0,0,0,0,0,9,3,E01015510,-1,0,0.09519,0.90481,-1,6,30,1,1,1,10:35,6,2,9
2023010428115,2023,010428115,1,1,3,2,12,3,3,5,3,0,0,0,0,4,E01003793,-1,0,0.0,1.0,-1,6,30,1,4,1,23:37,1,1,9
2023041302134,2023,041302134,1,3,1,1,18,4,3,0,0,0,0,0,9,8,E01012597,3,1,0.0,1.0,-1,6,30,1,4,1,21:43,6,2,9
2023451287146,2023,451287146,1,1,2,1,25,5,3,0,0,1,0,0,9,3,E01004123,3,1,0.0,1.0,-1,6,30,1,1,1,12:30,4,2,9
2023010468434,2023,010468434,1,1,3,2,45,7,3,8,1,0,0,0,0,3,E01004183,-1,0,0.0,1.0,-1,6,20,1,4,1,19:20,3,1,1
2023522301176,2023,522301176,1,1,1,1,57,9,3,0,0,0,0,0,3,10,E01014881,-1,0,0.03105,0.96895,-1,6,30,1,1,1,17:15,4,2,3
2023131384592,2023,131384592,1,1,1,1,21,5,2,0,0,0,0,0,1,5,E01011078,7,1,1.0,0.0,-1,6,30,1,4,1,22:55,6,2,1
2023010480747,2023,010480747,1,1,1,1,38,7,2,0,0,0,0,0,3,7,E01001071,-1,0,1.0,0.0,-1,6,30,2,1,2,08:00,2,2,3
2023061267558,2023,061267558,2,1,2,1,16,4,1,0,0,0,0,0,2,-1,-1,1,1,0.0,0.0,-1,6,30,1,7,1,06:45,3,3,2
2023131286233,2023,131286233,2,1,1,1,51,8,1,0,0,0,0,0,19,1,E01010700,1,1,0.0,0.0,-1,6,30,5,1,2,12:00,2,3,19
2023010465093,2023,010465093,1,1,1,2,56,9,3,0,0,0,0,0,9,2,E01000014,-1,0,0.0,1.0,-1,6,30,1,1,1,10:30,1,2,9
2023201278339,2023,201278339,2,2,2,1,19,4,3,0,0,2,0,0,9,-1,-1,3,1,0.0,1.0,-1,6,30,1,1,1,11:05,1,2,9
2023622300755,2023,622300755,1,3,2,2,18,4,3,0,0,2,0,0,9,4,W01000787,-1,0,0.06163,0.93837,-1,6,30,1,4,1,22:43,5,1,9
2023991327831,2023,991327831,2,2,1,2,51,8,3,0,0,0,0,0,9,-1,-1,3,1,0.0,1.0,-1,6,30,1,1,1,10:00,2,2,9
2023041373718,2023,041373718,4,3,2,2,61,9,3,0,0,1,0,0,9,-1,-1,3,1,0.0,1.0,-1,3,70,2,6,2,17:20,1,6,9
2023430372996,2023,430372996,2,2,2,2,28,6,3,0,0,2,0,0,9,8,E01028571,-1,0,0.04597,0.95403,-1,6,30,1,1,1,18:17,1,2,9
2023461308205,2023,461308205,2,2,2,2,65,9,3,0,0,-1,0,0,9,5,E01033089,3,1,0.0,1.0,-1,6,20,1,1,2,14:35,6,2,9