collision_index,collision_year,collision_ref_no,vehicle_reference,casualty_reference,casualty_class,sex_of_casualty,age_of_casualty,age_band_of_casualty,casualty_severity,pedestrian_location,pedestrian_movement,car_passenger,bus_or_coach_passenger,pedestrian_road_maintenance_worker,casualty_type,casualty_imd_decile,lsoa_of_casualty,enhanced_casualty_severity,casualty_injury_based,casualty_adjusted_severity_serious,casualty_adjusted_severity_slight,casualty_distance_banding,road_type,speed_limit,weather_conditions,light_conditions,road_surface_conditions,time,day_of_week,number_of_vehicles,vehicle_type
2023010450870,2023,010450870,1,1,1,1,23,5,3,0,0,0,0,0,1,3,E01002806,-1,0,0.0,1.0,-1,3,20,1,1,1,07:55,6,2,1
2023010472671,2023,010472671,2,1,1,1,22,5,3,0,0,0,0,0,1,1,E01001944,-1,0,0.0,1.0,-1,6,30,9,1,9,12:35,6,2,1
2023141292828,2023,141292828,1,1,2,2,7,2,3,0,0,1,0,0,9,1,E01007735,3,1,0.0,1.0,-1,3,40,8,4,2,20:24,6,1,9
2023231377582,2023,231377582,2,1,1,1,58,9,3,0,0,0,0,0,9,8,E01031252,3,1,0.0,1.0,-1,6,30,1,1,1,13:31,7,2,9
2023320203861,2023,320203861,3,1,1,2,51,8,3,0,0,0,0,0,9,9,E01026160,-1,0,0.02585,0.97415,-1,6,40,1,1,1,17:30,3,3,9
2023430193177,2023,430193177,2,3,1,1,48,8,3,0,0,0,0,0,9,3,E01016375,-1,0,0.08976,0.91024,-1,3,40,1,4,1,21:52,4,2,9
2023501392148,2023,501392148,2,1,1,2,55,8,3,0,0,0,0,0,9,4,E01018829,3,1,0.0,1.0,-1,7,60,1,4,1,17:16,6,2,9
2023161318941,2023,161318941,4,4,1,1,28,6,3,0,0,0,0,0,9,-1,-1,3,1,0.0,1.0,-1,6,50,1,1,1,14:05,4,4,9
2023340WN7102,2023,340WN7102,2,2,1,1,45,7,2,0,0,0,0,0,19,8,E01027217,-1,0,1.0,0.0,-1,6,60,1,6,2,06:49,2,2,19
2023421388215,2023,421388215,2,1,1,2,10,2,3,0,0,0,0,0,1,4,E01015907,3,1,0.0,1.0,-1,6,20,2,1,2,08:45,5,2,1
2023061333584,2023,061333584,1,1,1,1,18,4,3,0,0,0,0,0,9,1,E01006005,3,1,0.0,1.0,-1,3,30,1,1,1,16:17,4,2,9
2023101372711,2023,101372711,2,2,2,1,17,4,3,0,0,2,0,0,9,7,E01008856,3,1,0.0,1.0,-1,6,20,1,4,1,19:50,1,2,9
2023340NN4662,2023,340NN4662,1,2,2,2,89,11,3,0,0,1,0,0,9,-1,-1,-1,0,0.16686,0.83314,-1,6,60,1,1,2,10:30,5,2,9
2023461326855,2023,461326855,1,1,1,1,-1,-1,3,0,0,0,0,0,9,5,E01016127,3,1,0.0,1.0,-1,1,30,1,1,1,10:30,2,2,9
2023010421962,2023,010421962,1,1,1,1,22,5,3,0,0,0,0,0,9,8,E01002945,-1,0,0.0,1.0,-1,3,30,1,4,4,19:57,3,2,9
2023201292336,2023,201292336,2,1,1,-1,27,6,3,0,0,0,0,0,9,1,E01033646,3,1,0.0,1.0,-1,6,30,2,4,2,00:30,3,2,9
2023302301871,2023,302301871,1,1,2,2,17,4,3,0,0,2,0,0,9,4,E01028343,-1,0,0.06175,0.93825,-1,6,60,5,1,4,09:26,2,1,9
2023221324582,2023,221324582,1,1,1,1,7,2,2,0,0,0,0,0,23,-1,-1,7,1,1.0,0.0,-1,6,30,1,1,1,16:00,6,2,23
2023041365693,2023,041365693,1,2,1,1,61,9,2,0,0,0,0,0,1,8,E01025000,7,1,1.0,0.0,-1,6,50,1,1,1,10:18,1,6,1
2023052300336,2023,052300336,1,1,1,1,35,6,3,0,0,0,0,0,1,8,E01012471,-1,0,0.17961,0.82039,-1,6,30,1,4,1,19:38,1,2,1
2023461308103,2023,461308103,1,1,3,1,4,1,2,6,9,0,0,0,0,-1,-1,5,1,1.0,0.0,-1,6,20,1,1,1,15:48,2,1,1
2023122301434,2023,122301434,2,1,1,-1,19,4,3,0,0,0,0,0,1,6,E01013369,-1,0,0.01424,0.98576,-1,6,30,1,1,2,13:15,5,2,1
2023010456087,2023,010456087,1,1,2,2,77,11,3,0,0,0,1,0,11,9,E01003889,-1,0,0.0,1.0,-1,2,20,1,1,1,11:00,4,1,11
202360A106708,2023,60A106708,2,4,2,1,6,2,3,0,0,2,0,0,9,-1,-1,-1,0,0.04286,0.95714,-1,3,70,1,1,1,18:56,6,4,9
2023101354648,2023,101354648,2,1,1,1,35,6,3,0,0,0,0,0,1,5,E01008830,3,1,0.0,1.0,-1,6,30,1,1,1,16:15,4,2,1
2023010475429,2023,010475429,1,1,1,1,46,8,3,0,0,0,0,0,9,5,E01003697,-1,0,0.0,1.0,-1,9,20,5,1,2,06:50,5,2,9
2023041326791,2023,041326791,1,3,2,2,17,4,2,0,0,2,0,0,9,5,E01025137,5,1,1.0,0.0,-1,6,20,1,4,1,22:54,5,3,9
2023991291859,2023,991291859,1,1,1,1,23,5,3,0,0,0,0,0,9,10,-1,3,1,0.0,1.0,-1,6,60,5,6,2,19:07,4,1,9
2023440093092,2023,440093092,1,1,1,2,55,8,3,0,0,0,0,0,9,2,E01017186,-1,0,0.0103,0.9897,-1,6,30,1,1,1,17:55,3,2,9
2023461298049,2023,461298049,1,1,2,2,81,11,3,0,0,-1,0,0,9,4,E01024395,3,1,0.0,1.0,-1,6,60,1,1,1,12:10,1,2,9
2023010456138,2023,010456138,1,1,1,2,49,8,3,0,0,0,0,0,9,6,E01003254,-1,0,0.0,1.0,-1,7,20,1,1,1,15:10,4,2,9
2023421307702,2023,421307702,1,1,1,1,18,4,2,0,0,0,0,0,9,7,E01021538,5,1,1.0,0.0,-1,6,60,2,5,2,05:00,2,1,9
2023501260469,2023,501260469,1,1,1,1,30,6,2,0,0,0,0,0,19,9,E01020086,5,1,1.0,0.0,-1,6,40,2,6,2,16:51,5,1,19
2023061396827,2023,061396827,2,1,1,1,31,6,3,0,0,0,0,0,9,10,E01006153,3,1,0.0,1.0,-1,3,70,1,5,1,16:30,5,2,9
2023010487033,2023,010487033,1,2,2,-1,-1,-1,3,0,0,1,0,0,9,1,E01032575,-1,0,0.0,1.0,-1,3,40,1,4,1,20:25,1,2,9
2023471344174,2023,471344174,4,3,1,1,60,9,3,0,0,0,0,0,9,7,E01020970,3,1,0.0,1.0,-1,6,30,1,1,1,12:48,2,5,9
2023131391684,2023,131391684,1,1,1,1,21,5,1,0,0,0,0,0,3,3,E01007345,1,1,0.0,0.0,-1,6,40,4,6,2,07:10,7,1,3
2023610052623,2023,610052623,2,2,2,1,34,6,3,0,0,2,0,0,8,1,W01001661,-1,0,0.05641,0.94359,-1,6,20,1,4,1,16:47,1,2,8
2023501365425,2023,501365425,1,1,1,1,55,8,3,0,0,0,0,0,19,5,E01019924,3,1,0.0,1.0,-1,6,60,1,1,2,16:00,6,1,19
2023122300530,2023,122300530,3,3,1,1,66,10,3,0,0,0,0,0,9,6,E01027476,-1,0,0.03695,0.96305,-1,6,40,1,1,1,17:03,4,3,9
2023991364048,2023,991364048,3,2,1,2,25,5,3,0,0,0,0,0,9,7,-1,3,1,0.0,1.0,-1,6,60,1,1,1,11:00,3,3,9
2023070477844,2023,070477844,1,3,2,1,30,6,3,0,0,2,0,0,9,2,E01012429,-1,0,0.08041,0.91959,-1,1,50,1,1,1,19:45,7,1,9
2023201311286,2023,201311286,1,1,1,-1,27,6,3,0,0,0,0,0,9,7,E01009793,3,1,0.0,1.0,-1,6,30,1,1,1,16:43,3,2,9
2023451352943,2023,451352943,1,2,2,2,16,4,3,0,0,1,0,0,9,9,E01003005,3,1,0.0,1.0,-1,6,30,1,1,1,08:16,3,2,9
2023531309399,2023,531309399,3,2,2,2,73,10,3,0,0,1,0,0,9,8,E01022387,3,1,0.0,1.0,-1,3,50,1,1,1,17:05,6,3,9
2023622300806,2023,622300806,2,2,1,1,67,10,3,0,0,0,0,0,9,4,W01000852,-1,0,0.02323,0.97677,-1,3,70,1,1,1,16:09,2,3,9
202363A000823,2023,63A000823,1,1,1,1,59,9,3,0,0,0,0,0,9,8,W01000676,-1,0,0.1895,0.8105,-1,6,60,2,1,2,09:57,3,2,9
2023471387015,2023,471387015,2,1,1,1,30,6,2,0,0,0,0,0,1,1,E01020979,7,1,1.0,0.0,-1,6,30,1,4,2,16:54,1,2,1
2023010443473,2023,010443473,1,1,1,1,46,8,3,0,0,0,0,0,3,2,E01003159,-1,0,0.0,1.0,-1,3,20,1,1,1,12:00,4,2,3
2023010427609,2023,010427609,1,2,2,1,40,7,3,0,0,2,0,0,9,-1,-1,-1,0,0.0,1.0,-1,7,20,1,4,1,23:00,5,2,9
2023201292409,2023,201292409,1,2,2,1,24,5,3,0,0,1,0,0,9,-1,-1,3,1,0.0,1.0,-1,6,30,1,4,1,18:19,3,2,9
2023211391422,2023,211391422,1,1,2,2,67,10,1,0,0,1,0,0,9,-1,-1,1,1,0.0,0.0,-1,3,60,4,4,1,23:20,5,2,9
2023440219436,2023,440219436,2,1,1,1,38,7,3,0,0,0,0,0,9,7,E01032846,-1,0,0.07201,0.92799,-1,6,40,1,1,1,09:57,7,3,9
2023451317254,2023,451317254,1,2,2,1,39,7,3,0,0,1,0,0,9,8,E01030853,3,1,0.0,1.0,-1,9,30,1,4,1,22:25,7,2,9
2023010487193,2023,010487193,2,1,1,2,42,7,3,0,0,0,0,0,1,2,E01003298,-1,0,0.0,1.0,-1,6,20,2,1,1,10:00,1,2,1
2023471276242,2023,471276242,1,1,3,1,20,4,3,1,3,0,0,0,0,8,E01016893,3,1,0.0,1.0,-1,6,20,1,1,1,16:45,3,2,9
2023010454221,2023,010454221,1,1,1,2,40,7,3,0,0,0,0,0,9,4,E01001187,-1,0,0.0,1.0,-1,6,30,1,4,1,21:20,1,2,9
2023161327438,2023,161327438,2,1,1,2,19,4,3,0,0,0,0,0,9,6,E01013334,3,1,0.0,1.0,-1,6,50,1,6,1,22:30,2,2,9
2023332300824,2023,332300824,1,1,1,2,33,6,3,0,0,0,0,0,9,3,E01025989,-1,0,0.0047,0.9953,-1,6,30,1,1,1,14:00,5,2,9
2023501444190,2023,501444190,1,1,1,1,86,11,3,0,0,0,0,0,9,3,E01018958,3,1,0.0,1.0,-1,6,30,8,1,2,15:40,6,1,9
2023101265470,2023,101265470,2,1,1,1,26,6,3,0,0,0,0,0,21,-1,-1,3,1,0.0,1.0,-1,6,20,1,1,1,11:40,4,2,21
2023071306632,2023,071306632,1,2,2,2,6,2,3,0,0,2,0,0,9,4,E01018639,-1,0,0.02861,0.97139,-1,6,40,2,6,2,17:15,6,2,9
2023401298500,2023,401298500,1,3,2,2,19,4,3,0,0,1,0,0,9,8,E01018050,3,1,0.0,1.0,-1,6,60,2,1,2,22:17,3,1,9
2023501301733,2023,501301733,1,1,1,1,17,4,3,0,0,0,0,0,9,4,E01018843,3,1,0.0,1.0,-1,6,60,2,1,2,16:40,5,1,9
2023131265413,2023,131265413,2,1,1,1,39,7,2,0,0,0,0,0,1,8,E01011579,7,1,1.0,0.0,-1,6,30,8,4,4,06:30,5,2,1
2023010433568,2023,010433568,1,1,1,1,53,8,3,0,0,0,0,0,3,3,E01001981,-1,0,0.0,1.0,-1,9,20,1,1,1,17:50,1,2,3
2023471293359,2023,471293359,2,1,1,2,45,7,3,0,0,0,0,0,3,5,E01021100,3,1,0.0,1.0,-1,6,30,1,1,1,18:08,2,2,3
2023991262306,2023,991262306,1,1,3,2,62,9,2,5,1,0,0,0,0,-1,-1,7,1,1.0,0.0,-1,6,30,1,1,1,13:00,6,1,97
2023010456291,2023,010456291,2,1,1,2,53,8,3,0,0,0,0,0,9,2,E01001057,-1,0,0.0,1.0,-1,6,20,1,1,1,13:40,5,3,9
2023141370013,2023,141370013,1,1,1,1,35,6,3,0,0,0,0,0,9,2,E01008107,3,1,0.0,1.0,-1,6,30,2,4,2,05:29,1,2,9
2023041372319,2023,041372319,2,1,1,1,51,8,2,0,0,0,0,0,1,9,E01025569,7,1,1.0,0.0,-1,6,30,1,1,1,13:50,2,2,1
2023461310605,2023,461310605,2,1,1,1,-1,-1,3,0,0,0,0,0,1,-1,-1,3,1,0.0,1.0,-1,6,60,1,6,2,22:30,3,2,1
2023010448946,2023,010448946,1,1,1,1,19,4,3,0,0,0,0,0,3,1,E01003252,-1,0,0.0,1.0,-1,6,30,8,1,1,18:25,7,2,3
2023010428369,2023,010428369,1,1,1,2,52,8,3,0,0,0,0,0,9,2,E01003151,-1,0,0.0,1.0,-1,6,30,1,1,1,11:25,3,1,9
2023421304685,2023,421304685,1,1,1,2,21,5,2,0,0,0,0,0,9,7,E01021898,7,1,1.0,0.0,-1,6,60,2,1,2,12:50,7,1,9
202360A014185,2023,60A014185,1,2,2,2,12,3,3,0,0,2,0,0,9,-1,-1,-1,0,0.06226,0.93774,-1,6,40,1,1,1,08:38,2,3,9
2023501353772,2023,501353772,2,2,2,2,29,6,3,0,0,0,0,0,19,4,E01018908,3,1,0.0,1.0,-1,6,40,1,1,1,20:42,2,2,19
2023201321517,2023,201321517,2,1,1,1,12,3,3,0,0,0,0,0,-1,2,E01009445,3,1,0.0,1.0,-1,6,30,1,1,1,17:55,3,2,-1
2023010437880,2023,010437880,1,1,1,1,37,7,3,0,0,0,0,0,3,4,E01003255,-1,0,0.0,1.0,-1,3,20,1,4,1,20:10,7,2,3
2023302300436,2023,302300436,1,1,1,1,65,9,3,0,0,0,0,0,90,1,E01013726,-1,0,0.15029,0.84971,-1,6,60,1,1,1,09:51,4,2,90
2023010445337,2023,010445337,1,1,3,2,10,2,3,5,3,0,0,0,0,9,E01000199,-1,0,0.0,1.0,-1,6,30,1,1,1,16:50,6,1,9
2023411301633,2023,411301633,1,2,2,2,4,1,2,0,0,2,0,0,9,-1,-1,7,1,1.0,0.0,-1,3,60,1,5,2,21:50,7,1,9
2023430142859,2023,430142859,2,1,1,1,28,6,3,0,0,0,0,0,9,5,E01017254,-1,0,0.01113,0.98887,-1,3,70,2,6,2,00:35,7,2,9
2023991324996,2023,991324996,1,3,2,2,19,4,3,0,0,1,0,0,9,1,-1,3,1,0.0,1.0,-1,6,60,1,1,1,18:30,2,2,9
2023471350909,2023,471350909,2,2,2,1,7,2,3,0,0,0,4,0,11,1,E01016867,3,1,0.0,1.0,-1,3,20,1,1,1,16:20,7,2,11
2023201372028,2023,201372028,2,2,2,1,61,9,3,0,0,-1,0,0,9,2,E01009935,3,1,0.0,1.0,-1,6,30,1,1,-1,14:39,1,3,9
2023471315169,2023,471315169,1,2,2,1,18,4,3,0,0,1,0,0,9,7,E01023109,3,1,0.0,1.0,-1,6,30,1,1,1,15:25,1,1,9
2023631367221,2023,631367221,2,1,1,1,42,7,3,0,0,0,0,0,9,1,W01000885,3,1,0.0,1.0,-1,6,60,1,6,1,19:30,3,2,9
2023010428683,2023,010428683,2,1,1,1,33,6,3,0,0,0,0,0,19,7,E01003709,-1,0,0.0,1.0,-1,6,30,1,4,1,22:56,4,2,19
2023010445518,2023,010445518,1,1,1,1,15,3,3,0,0,0,0,0,1,10,E01002958,-1,0,0.0,1.0,-1,9,20,1,1,1,17:00,7,2,1
2023211332883,2023,211332883,1,1,1,1,16,4,3,0,0,0,0,0,2,8,E01029430,3,1,0.0,1.0,-1,1,40,9,1,-1,18:25,5,2,2
2023010455691,2023,010455691,1,1,1,1,36,7,3,0,0,0,0,0,3,7,E01021684,-1,0,0.0,1.0,-1,3,50,1,1,1,17:00,2,2,3
2023141327506,2023,141327506,1,1,1,1,75,10,2,0,0,0,0,0,9,2,E01007796,6,1,1.0,0.0,-1,6,30,8,1,2,12:07,7,2,9
2023440158824,2023,440158824,2,2,1,2,84,11,2,0,0,0,0,0,9,4,E01023099,-1,0,1.0,0.0,-1,6,30,1,1,1,14:19,1,2,9
2023440466763,2023,440466763,1,1,1,1,25,5,3,0,0,0,0,0,9,9,E01023254,-1,0,0.05371,0.94629,-1,6,30,1,1,2,09:00,4,2,9
2023461322613,2023,461322613,1,2,2,1,9,2,3,0,0,1,0,0,9,-1,-1,3,1,0.0,1.0,-1,6,30,1,1,1,11:36,6,2,9
2023101375176,2023,101375176,2,1,1,1,62,9,3,0,0,0,0,0,19,2,E01008791,3,1,0.0,1.0,-1,3,70,1,1,1,15:15,2,3,19
2023161364438,2023,161364438,2,2,1,1,12,3,2,0,0,0,0,0,1,3,E01012860,5,1,1.0,0.0,-1,3,30,1,1,1,08:16,4,2,1
2023201296690,2023,201296690,1,2,2,2,26,6,3,0,0,1,0,0,9,1,E01010365,3,1,0.0,1.0,-1,3,30,1,1,1,12:25,3,2,9
2023430193027,2023,430193027,1,1,1,1,40,7,3,0,0,0,0,0,9,-1,-1,-1,0,0.0562,0.9438,-1,6,30,1,4,1,20:01,4,2,9
2023430260745,2023,430260745,2,1,1,2,46,8,3,0,0,0,0,0,9,-1,-1,-1,0,0.06264,0.93736,-1,6,60,1,1,1,08:52,4,2,9
2023010464187,2023,010464187,1,1,3,2,41,7,3,1,1,0,0,0,0,2,E01004755,-1,0,0.0,1.0,-1,6,20,1,1,1,17:15,2,1,3
2023311389800,2023,311389800,1,1,1,2,43,7,3,0,0,0,0,0,1,7,E01028287,3,1,0.0,1.0,-1,6,30,1,1,4,11:12,4,1,1
2023041314641,2023,041314641,1,1,1,2,59,9,3,0,0,0,0,0,9,4,E01025187,3,1,0.0,1.0,-1,6,30,1,1,1,17:30,6,2,9
2023131297080,2023,131297080,1,2,2,1,21,5,3,0,0,1,0,0,9,1,E01010620,3,1,0.0,1.0,-1,6,30,1,4,1,22:46,7,2,9
2023501285623,2023,501285623,1,1,1,1,19,4,3,0,0,0,0,0,9,4,E01018968,3,1,0.0,1.0,-1,3,70,1,6,2,19:24,3,5,9
2023361345019,2023,361345019,2,2,1,2,34,6,3,0,0,0,0,0,98,-1,-1,3,1,0.0,1.0,-1,2,60,1,1,2,11:42,1,2,98
2023991375888,2023,991375888,1,1,3,1,65,9,3,4,3,0,0,0,0,6,-1,3,1,0.0,1.0,-1,3,30,1,4,1,19:30,6,1,9
2023471347037,2023,471347037,1,1,1,1,25,5,3,0,0,0,0,0,19,5,E01031401,3,1,0.0,1.0,-1,6,30,1,4,2,00:20,5,2,19
2023010433051,2023,010433051,2,1,1,1,22,5,2,0,0,0,0,0,1,4,E01000497,-1,0,1.0,0.0,-1,6,20,1,1,1,11:25,1,2,1
2023010431724,2023,010431724,1,1,1,1,47,8,3,0,0,0,0,0,9,2,E01003619,-1,0,0.0,1.0,-1,1,40,1,4,2,05:39,1,1,9
2023131368276,2023,131368276,1,1,2,1,78,11,3,0,0,1,0,0,9,8,E01024861,3,1,0.0,1.0,-1,6,30,2,4,2,18:00,1,2,9
2023311301485,2023,311301485,2,1,1,2,26,6,3,0,0,0,0,0,9,3,E01013915,3,1,0.0,1.0,-1,7,40,1,1,1,15:35,4,2,9
2023461260545,2023,461260545,2,1,1,1,36,7,3,0,0,0,0,0,9,8,E01016093,3,1,0.0,1.0,-1,6,40,2,4,2,07:23,4,2,9
2023451352519,2023,451352519,1,1,1,1,31,6,3,0,0,0,0,0,19,6,E01030995,3,1,0.0,1.0,-1,6,50,1,1,1,13:15,5,2,19
2023010452271,2023,010452271,2,1,1,1,44,7,2,0,0,0,0,0,-1,2,E01000525,-1,0,1.0,0.0,-1,6,20,1,1,1,19:47,5,2,-1
2023320695975,2023,320695975,1,1,1,1,17,4,2,0,0,0,0,0,9,4,E01026019,-1,0,1.0,0.0,-1,6,60,1,6,1,22:35,5,1,9
2023351323239,2023,351323239,1,3,2,2,9,2,3,0,0,2,0,0,9,2,E01018091,3,1,0.0,1.0,-1,6,60,1,1,1,12:06,7,2,9
2023440283451,2023,440283451,2,1,1,1,45,7,3,0,0,0,0,0,9,10,E01030804,-1,0,0.02133,0.97867,-1,3,70,5,1,2,16:40,6,2,9
202360A000471,2023,60A000471,2,1,2,2,24,5,3,0,0,1,0,0,9,-1,-1,-1,0,0.02945,0.97055,-1,6,30,9,5,1,19:20,1,2,9
2023471392288,2023,471392288,1,1,1,2,73,10,3,0,0,0,0,0,19,2,E01031808,3,1,0.0,1.0,-1,6,30,1,1,1,12:00,6,3,19
2023010465060,2023,010465060,1,2,3,1,20,4,2,4,1,0,0,0,0,1,E01002095,-1,0,1.0,0.0,-1,6,30,1,4,1,01:20,1,1,3
2023010457231,2023,010457231,2,1,1,1,47,8,3,0,0,0,0,0,4,4,E01001174,-1,0,0.0,1.0,-1,6,20,1,1,1,18:23,3,2,4
2023471388451,2023,471388451,1,1,1,1,52,8,3,0,0,0,0,0,9,6,E01017300,3,1,0.0,1.0,-1,3,70,2,1,2,13:30,1,1,9
2023101365240,2023,101365240,2,1,1,2,36,7,3,0,0,0,0,0,9,6,E01008387,3,1,0.0,1.0,-1,3,20,1,1,1,17:35,2,2,9
2023131391553,2023,131391553,2,1,1,2,52,8,2,0,0,0,0,0,9,9,E01010589,6,1,1.0,0.0,-1,9,60,2,6,2,21:30,6,2,9
2023201384384,2023,201384384,1,1,1,1,-1,-1,2,0,0,0,0,0,9,-1,-1,7,1,1.0,0.0,-1,6,30,1,4,1,18:40,3,1,9
2023332300059,2023,332300059,2,1,2,2,15,3,2,0,0,2,0,0,9,5,E01013764,-1,0,1.0,0.0,-1,6,40,8,4,1,19:20,6,3,9
2023010477627,2023,010477627,1,1,1,-1,31,6,3,0,0,0,0,0,3,2,E01003126,-1,0,0.0,1.0,-1,9,30,9,1,9,14:50,5,2,3
2023131324846,2023,131324846,1,1,1,2,21,5,2,0,0,0,0,0,9,3,E01011024,7,1,1.0,0.0,-1,6,30,1,7,1,21:17,7,2,9
2023411335914,2023,411335914,2,1,1,2,41,7,3,0,0,0,0,0,9,8,E01023625,3,1,0.0,1.0,-1,6,60,1,1,1,13:27,5,2,9
2023411343127,2023,411343127,1,1,1,1,26,6,3,0,0,0,0,0,9,10,E01023841,3,1,0.0,1.0,-1,7,70,1,1,1,16:35,5,2,9
2023010423828,2023,010423828,4,2,1,2,34,6,3,0,0,0,0,0,19,2,E01003918,-1,0,0.0,1.0,-1,3,20,1,1,1,12:21,6,6,19
2023061396803,2023,061396803,1,1,3,2,32,6,3,10,9,0,0,0,0,10,E01006081,3,1,0.0,1.0,-1,6,30,1,1,1,11:50,5,1,19
2023111348223,2023,111348223,1,1,3,1,19,4,2,9,5,0,0,0,0,4,E01020696,5,1,1.0,0.0,-1,6,30,1,4,1,05:00,1,1,9
2023311311144,2023,311311144,1,1,1,1,58,9,3,0,0,0,0,0,2,1,E01013883,3,1,0.0,1.0,-1,1,40,1,4,1,21:15,4,1,2
2023101388896,2023,101388896,2,1,1,2,54,8,3,0,0,0,0,0,9,5,E01008224,3,1,0.0,1.0,-1,6,20,8,1,1,10:59,5,2,9
2023161304936,2023,161304936,2,1,1,2,19,4,3,0,0,0,0,0,9,6,E01013302,3,1,0.0,1.0,-1,6,50,1,1,1,16:45,1,2,9
2023201291640,2023,201291640,2,2,1,1,32,6,3,0,0,0,0,0,9,5,E01009187,3,1,0.0,1.0,-1,6,30,2,4,2,17:52,4,2,9
2023141357564,2023,141357564,1,1,1,1,62,9,3,0,0,0,0,0,1,1,E01007499,3,1,0.0,1.0,-1,6,20,1,1,1,14:20,5,2,1
2023010434701,2023,010434701,1,1,1,2,30,6,3,0,0,0,0,0,3,3,E01003081,-1,0,0.0,1.0,-1,9,20,1,4,2,18:16,6,2,3
2023010478766,2023,010478766,1,1,1,1,37,7,3,0,0,0,0,0,3,2,E01002090,-1,0,0.0,1.0,-1,6,20,9,1,9,14:15,6,2,3
2023070282338,2023,070282338,1,1,1,1,55,8,2,0,0,0,0,0,3,2,E01006858,-1,0,1.0,0.0,-1,3,70,9,1,1,17:00,2,2,3
2023010430750,2023,010430750,1,1,1,1,35,6,3,0,0,0,0,0,9,7,E01003419,-1,0,0.0,1.0,-1,2,30,1,4,1,18:20,7,2,9
2023010461092,2023,010461092,1,1,1,1,88,11,3,0,0,0,0,0,9,9,E01016575,-1,0,0.0,1.0,-1,1,40,1,1,1,19:30,5,2,9
2023061289407,2023,061289407,2,1,1,2,31,6,3,0,0,0,0,0,9,2,E01005487,3,1,0.0,1.0,-1,6,30,1,7,2,22:35,7,2,9
2023221326338,2023,221326338,2,1,1,1,46,8,3,0,0,0,0,0,9,3,E01032310,3,1,0.0,1.0,-1,6,30,1,1,1,15:16,3,2,9
2023010424119,2023,010424119,3,3,1,1,34,6,3,0,0,0,0,0,9,2,E01004268,-1,0,0.0,1.0,-1,3,20,1,4,1,02:45,1,3,9
2023122301413,2023,122301413,2,4,2,1,42,7,3,0,0,1,0,0,9,6,E01027851,-1,0,0.06452,0.93548,-1,6,60,1,6,1,17:09,3,2,9
2023201277178,2023,201277178,2,1,1,2,-1,-1,3,0,0,0,0,0,9,2,E01009102,3,1,0.0,1.0,-1,3,40,1,1,1,10:50,7,2,9
2023546230023,2023,546230023,1,1,1,1,18,4,3,0,0,0,0,0,9,7,E01015583,-1,0,0.0327,0.9673,-1,6,30,1,1,1,14:01,4,3,9
2023401307965,2023,401307965,3,3,2,2,42,7,3,0,0,0,0,0,19,8,E01032042,3,1,0.0,1.0,-1,3,70,1,1,1,15:04,1,6,19
2023010442374,2023,010442374,2,1,1,1,74,10,3,0,0,0,0,0,9,4,E01004439,-1,0,0.0,1.0,-1,3,50,1,1,1,08:31,5,2,9
2023052300188,2023,052300188,2,1,1,1,22,5,3,0,0,0,0,0,9,1,E01007175,-1,0,0.01699,0.98301,-1,6,30,1,1,1,14:10,6,2,9
2023531327462,2023,531327462,2,1,2,2,17,4,3,0,0,1,0,0,9,-1,-1,3,1,0.0,1.0,-1,6,40,1,1,1,18:00,1,2,9
2023471308793,2023,471308793,3,2,1,2,8,2,3,0,0,0,0,0,1,3,E01031789,3,1,0.0,1.0,-1,6,30,1,1,1,15:30,4,3,1
2023201280848,2023,201280848,2,1,1,1,74,10,3,0,0,0,0,0,9,3,E01010083,3,1,0.0,1.0,-1,6,30,1,4,1,18:14,7,2,9
2023371266270,2023,371266270,1,1,3,1,9,2,3,6,9,0,0,2,0,-1,-1,3,1,0.0,1.0,-1,6,30,1,1,4,08:40,5,1,9
2023421358773,2023,421358773,1,1,3,2,12,3,2,5,1,0,0,0,0,-1,-1,7,1,1.0,0.0,-1,6,30,1,1,1,08:10,3,1,9
2023430080866,2023,430080866,2,1,1,1,43,7,3,0,0,0,0,0,9,7,E01017451,-1,0,0.00482,0.99518,-1,3,70,1,7,1,17:52,3,2,9
2023010474189,2023,010474189,1,1,1,1,44,7,3,0,0,0,0,0,3,5,E01002446,-1,0,0.0,1.0,-1,6,30,9,4,9,19:45,2,2,3
2023041370987,2023,041370987,1,1,1,1,21,5,2,0,0,0,0,0,5,1,E01012603,6,1,1.0,0.0,-1,6,20,2,4,2,19:55,1,3,5
2023041320373,2023,041320373,1,1,3,1,44,7,3,5,3,0,0,0,0,4,E01025276,3,1,0.0,1.0,-1,6,20,2,1,2,11:03,2,1,9
2023421362947,2023,421362947,2,1,1,1,33,6,3,0,0,0,0,0,3,4,E01015933,3,1,0.0,1.0,-1,6,60,1,1,2,12:50,5,2,3
2023311363770,2023,311363770,1,1,2,2,20,4,3,0,0,0,2,0,11,-1,-1,3,1,0.0,1.0,-1,6,20,1,1,1,12:00,6,1,11
2023311387321,2023,311387321,1,3,2,1,8,2,3,0,0,0,4,0,11,-1,-1,3,1,0.0,1.0,-1,6,60,2,1,2,13:30,3,1,11
2023421279881,2023,421279881,1,1,3,1,28,6,2,1,1,0,0,0,0,1,E01021324,5,1,1.0,0.0,-1,6,30,1,4,1,19:01,5,2,9
2023471344903,2023,471344903,1,1,1,1,17,4,2,0,0,0,0,0,3,6,E01031656,7,1,1.0,0.0,-1,6,40,1,1,1,17:16,4,2,3