collision_index,collision_year,collision_ref_no,vehicle_reference,casualty_reference,casualty_class,sex_of_casualty,age_of_casualty,age_band_of_casualty,casualty_severity,pedestrian_location,pedestrian_movement,car_passenger,bus_or_coach_passenger,pedestrian_road_maintenance_worker,casualty_type,casualty_imd_decile,lsoa_of_casualty,enhanced_casualty_severity,casualty_injury_based,casualty_adjusted_severity_serious,casualty_adjusted_severity_slight,casualty_distance_banding,road_type,speed_limit,weather_conditions,light_conditions,road_surface_conditions,time,day_of_week,number_of_vehicles,vehicle_type
2023471354603,2023,471354603,2,1,1,1,48,8,2,0,0,0,0,0,11,6,E01031554,6,1,1.0,0.0,-1,6,40,2,4,2,22:19,4,2,11
2023041377817,2023,041377817,2,1,1,1,59,9,3,0,0,0,0,0,19,2,E01009348,3,1,0.0,1.0,-1,6,30,1,4,1,02:42,4,2,19
2023010440149,2023,010440149,1,1,3,2,40,7,3,1,1,0,0,0,0,1,E01004732,-1,0,0.0,1.0,-1,6,20,9,7,1,23:04,5,1,9
2023231330042,2023,231330042,2,1,1,1,13,3,2,0,0,0,0,0,1,8,E01031337,7,1,1.0,0.0,-1,6,30,1,1,2,17:30,2,2,1
2023010439437,2023,010439437,1,1,1,1,35,6,3,0,0,0,0,0,3,3,E01015273,-1,0,0.0,1.0,-1,6,20,1,1,1,17:43,6,2,3
2023430085789,2023,430085789,2,1,1,1,43,7,3,0,0,0,0,0,3,8,E01016418,-1,0,0.15051,0.84949,-1,6,30,1,1,1,16:49,6,2,3
2023440109014,2023,440109014,1,2,2,2,21,5,3,0,0,0,0,0,3,2,E01022655,-1,0,0.20136,0.79864,-1,6,30,1,4,1,20:25,7,1,3
2023061321559,2023,061321559,2,1,1,2,83,11,3,0,0,0,0,0,9,10,E01004949,3,1,0.0,1.0,-1,6,30,1,1,1,15:45,4,2,9
2023461296304,2023,461296304,1,1,1,1,21,5,3,0,0,0,0,0,9,6,E01024084,3,1,0.0,1.0,-1,6,30,1,1,1,18:59,3,2,9
2023501362309,2023,501362309,1,1,1,1,20,4,3,0,0,0,0,0,9,5,E01020123,3,1,0.0,1.0,-1,6,60,2,6,5,23:45,5,1,9
2023552301537,2023,552301537,1,1,3,1,35,6,3,5,1,0,0,0,0,4,E01015382,-1,0,0.08859,0.91141,-1,6,30,1,4,1,19:11,1,1,19
2023010471447,2023,010471447,2,1,1,-1,-1,-1,3,0,0,0,0,0,1,-1,-1,-1,0,0.0,1.0,-1,6,20,5,4,2,21:35,3,2,1
2023131314369,2023,131314369,1,1,1,1,22,5,3,0,0,0,0,0,9,1,E01024877,3,1,0.0,1.0,-1,6,30,1,6,2,00:27,7,1,9
2023522400818,2023,522400818,2,2,1,2,22,5,3,0,0,0,0,0,9,8,E01014931,-1,0,0.01198,0.98802,-1,6,20,1,1,1,09:08,6,2,9
2023991374240,2023,991374240,1,1,1,1,37,7,3,0,0,0,0,0,9,4,-1,3,1,0.0,1.0,-1,3,70,2,1,2,07:55,3,2,9
2023531278560,2023,531278560,1,3,2,1,20,4,3,0,0,0,0,0,19,6,E01032934,3,1,0.0,1.0,-1,3,30,1,4,1,19:00,2,2,19
2023201349056,2023,201349056,1,1,3,2,35,6,3,5,3,0,0,2,0,1,E01009002,3,1,0.0,1.0,-1,6,30,1,1,1,09:20,2,1,9
2023548964223,2023,548964223,1,1,3,1,15,3,3,10,9,0,0,0,0,8,E01031883,-1,0,0.03067,0.96933,-1,6,30,1,1,1,16:20,2,1,9
2023991347974,2023,991347974,1,1,1,1,68,10,2,0,0,0,0,0,5,5,-1,7,1,1.0,0.0,-1,6,60,1,1,1,14:49,7,2,5
2023440093279,2023,440093279,1,1,1,2,32,6,3,0,0,0,0,0,9,5,E01023201,-1,0,0.11415,0.88585,-1,7,60,1,1,1,17:19,3,1,9
2023522400341,2023,522400341,1,2,2,2,36,7,3,0,0,1,0,0,9,1,E01014574,-1,0,0.02075,0.97925,-1,6,30,5,1,2,15:37,1,2,9
2023430526657,2023,430526657,1,1,1,1,49,8,3,0,0,0,0,0,19,1,E01017477,-1,0,0.03552,0.96448,-1,6,30,1,1,1,08:02,5,2,19
2023010482950,2023,010482950,1,2,3,1,50,8,2,9,7,0,0,0,0,7,E01000334,-1,0,1.0,0.0,-1,6,20,1,4,1,01:32,7,1,3
2023231355095,2023,231355095,1,2,2,1,40,7,3,0,0,1,0,0,9,1,E01010318,3,1,0.0,1.0,-1,7,70,1,4,2,22:25,3,2,9
2023131348914,2023,131348914,1,1,1,1,16,4,2,0,0,0,0,0,90,6,E01010640,7,1,1.0,0.0,-1,9,20,1,1,1,15:02,7,2,90
2023141288742,2023,141288742,2,2,1,1,54,8,2,0,0,0,0,0,98,-1,-1,6,1,1.0,0.0,-1,6,30,1,1,2,11:18,2,2,98
2023371396035,2023,371396035,2,1,1,2,25,5,3,0,0,0,0,0,9,-1,-1,3,1,0.0,1.0,-1,6,30,2,6,2,21:00,7,2,9
2023401334023,2023,401334023,1,1,1,1,50,8,3,0,0,0,0,0,9,7,E01016831,3,1,0.0,1.0,-1,3,70,2,1,2,12:53,2,2,9
2023010460740,2023,010460740,1,4,2,-1,-1,-1,3,0,0,1,0,0,9,8,E01002181,-1,0,0.0,1.0,-1,6,20,8,1,1,15:20,4,2,9
2023161274936,2023,161274936,1,2,2,2,79,11,2,0,0,1,0,0,9,9,E01013016,7,1,1.0,0.0,-1,3,70,1,1,1,10:00,6,1,9
2023401311802,2023,401311802,1,1,1,1,50,8,2,0,0,0,0,0,9,9,E01017447,5,1,1.0,0.0,-1,1,60,1,1,1,16:15,5,1,9
2023471376364,2023,471376364,2,1,1,1,58,9,3,0,0,0,0,0,9,6,E01031554,3,1,0.0,1.0,-1,6,30,1,4,2,17:40,1,2,9
2023552300313,2023,552300313,2,1,1,1,30,6,3,0,0,0,0,0,9,8,E01020515,-1,0,0.02508,0.97492,-1,6,60,2,1,2,17:29,4,3,9
2023141391687,2023,141391687,1,1,1,2,50,8,3,0,0,0,0,0,9,3,E01007747,3,1,0.0,1.0,-1,6,30,2,1,2,13:56,5,2,9
2023552300346,2023,552300346,1,1,1,2,51,8,3,0,0,0,0,0,9,4,E01020574,-1,0,0.05691,0.94309,-1,6,50,1,1,1,08:11,5,2,9
2023010443464,2023,010443464,1,2,2,-1,-1,-1,3,0,0,1,0,0,9,2,E01004089,-1,0,0.0,1.0,-1,6,30,1,1,1,15:10,2,1,9
2023471363094,2023,471363094,2,2,2,1,22,5,3,0,0,2,0,0,9,6,E01031419,3,1,0.0,1.0,-1,6,50,1,1,1,15:07,1,2,9
2023131260710,2023,131260710,1,1,3,1,58,9,2,10,1,0,0,2,0,1,E01011792,7,1,1.0,0.0,-1,6,30,2,4,2,17:40,7,2,9
2023471325463,2023,471325463,1,1,3,1,60,9,3,6,9,0,0,0,0,3,E01016861,3,1,0.0,1.0,-1,6,30,1,1,1,10:30,2,1,9
2023010465670,2023,010465670,1,1,1,1,33,6,2,0,0,0,0,0,1,1,E01002071,-1,0,1.0,0.0,-1,7,20,1,1,1,13:30,2,2,1
2023052301311,2023,052301311,1,1,1,1,40,7,2,0,0,0,0,0,3,2,E01006898,-1,0,1.0,0.0,-1,6,30,1,1,1,15:28,2,3,3
2023070405166,2023,070405166,2,1,1,1,45,7,3,0,0,0,0,0,5,10,E01018385,-1,0,0.17639,0.82361,-1,6,40,1,1,1,15:00,7,2,5
2023010429496,2023,010429496,1,1,1,1,21,5,3,0,0,0,0,0,3,4,E01001087,-1,0,0.0,1.0,-1,9,20,1,4,1,18:00,7,2,3
2023311384122,2023,311384122,1,1,3,1,11,3,3,10,1,0,0,0,0,1,E01028261,3,1,0.0,1.0,-1,6,30,2,4,2,17:00,5,1,9
2023221298796,2023,221298796,2,3,2,2,35,6,3,0,0,1,0,0,9,8,E01032455,3,1,0.0,1.0,-1,6,30,1,1,1,14:55,7,2,9
2023311383456,2023,311383456,1,1,1,1,33,6,2,0,0,0,0,0,9,2,E01028044,7,1,1.0,0.0,-1,6,50,7,1,4,10:10,4,2,9
2023440287208,2023,440287208,2,1,1,1,59,9,3,0,0,0,0,0,9,7,E01023098,-1,0,0.03892,0.96108,-1,6,30,1,1,1,13:45,2,3,9
2023501311964,2023,501311964,2,2,1,2,55,8,3,0,0,0,0,0,9,6,E01020063,3,1,0.0,1.0,-1,6,40,1,4,1,23:15,6,2,9
2023101357484,2023,101357484,2,1,1,2,45,7,2,0,0,0,0,0,1,3,E01008704,7,1,1.0,0.0,-1,6,20,1,4,1,06:15,4,2,1
2023010449297,2023,010449297,1,1,1,1,36,7,3,0,0,0,0,0,4,2,E01002046,-1,0,0.0,1.0,-1,1,30,1,1,1,18:20,5,2,4
2023041370462,2023,041370462,2,1,1,1,60,9,3,0,0,0,0,0,9,1,E01025298,3,1,0.0,1.0,-1,6,20,2,4,2,15:00,6,2,9
2023070405481,2023,070405481,1,1,2,2,54,8,3,0,0,2,0,0,9,5,E01025304,-1,0,0.16121,0.83879,-1,6,50,1,1,1,17:10,7,2,9
2023052300949,2023,052300949,1,1,1,1,28,6,3,0,0,0,0,0,9,1,E01004839,-1,0,0.09836,0.90164,-1,3,60,1,1,1,19:03,3,4,9
2023061320709,2023,061320709,2,3,2,2,12,3,3,0,0,2,0,0,9,6,E01005832,3,1,0.0,1.0,-1,7,30,1,1,1,08:14,4,2,9
2023071090119,2023,071090119,1,3,2,2,17,4,3,0,0,1,0,0,9,3,E01005764,-1,0,0.11569,0.88431,-1,6,60,5,6,2,22:20,5,1,9
2023501342333,2023,501342333,1,1,1,1,69,10,3,0,0,0,0,0,9,2,E01020277,3,1,0.0,1.0,-1,6,60,1,1,1,10:54,4,2,9
2023010420732,2023,010420732,1,1,1,2,50,8,3,0,0,0,0,0,9,2,E01000221,-1,0,0.0,1.0,-1,6,30,4,1,2,11:27,4,2,9
2023041357457,2023,041357457,2,2,2,2,17,4,2,0,0,1,0,0,9,8,E01025280,7,1,1.0,0.0,-1,3,30,8,1,1,16:40,3,2,9
2023010448462,2023,010448462,1,1,1,1,49,8,3,0,0,0,0,0,1,10,E01000826,-1,0,0.0,1.0,-1,6,30,1,1,1,17:35,5,2,1
2023320640699,2023,320640699,1,1,3,2,62,9,2,8,1,0,0,0,0,4,E01026019,-1,0,1.0,0.0,-1,1,60,1,4,1,01:00,1,1,9
2023010431369,2023,010431369,2,3,2,2,35,6,3,0,0,1,0,0,9,3,E01000114,-1,0,0.0,1.0,-1,6,30,2,1,2,09:16,6,2,9
2023161311667,2023,161311667,1,2,2,2,47,8,3,0,0,1,0,0,9,7,E01013096,3,1,0.0,1.0,-1,6,30,1,1,1,10:45,3,2,9
2023302301165,2023,302301165,2,2,1,1,26,6,3,0,0,0,0,0,9,3,E01019775,-1,0,0.08348,0.91652,-1,6,50,1,6,1,00:20,7,2,9
2023501337916,2023,501337916,1,1,2,2,18,4,3,0,0,1,0,0,9,10,E01020413,3,1,0.0,1.0,-1,6,60,1,1,2,11:20,5,1,9
2023010467734,2023,010467734,2,1,1,1,31,6,3,0,0,0,0,0,9,6,E01033308,-1,0,0.0,1.0,-1,7,30,1,4,1,20:25,6,2,9
2023101328226,2023,101328226,2,1,1,2,25,5,3,0,0,0,0,0,9,3,E01008508,3,1,0.0,1.0,-1,1,50,1,1,1,19:00,6,2,9
2023440462173,2023,440462173,1,1,1,1,18,4,3,0,0,0,0,0,9,3,E01023055,-1,0,0.08449,0.91551,-1,6,50,2,6,2,22:32,7,1,9
2023461271740,2023,461271740,1,4,2,1,19,4,3,0,0,2,0,0,9,10,E01024474,3,1,0.0,1.0,-1,7,70,1,6,1,23:34,7,1,9
2023631369804,2023,631369804,2,1,1,1,52,8,3,0,0,0,0,0,9,7,E01014087,3,1,0.0,1.0,-1,6,40,1,1,1,14:30,3,2,9
2023991261290,2023,991261290,1,1,3,1,19,4,3,8,7,0,0,2,0,3,-1,3,1,0.0,1.0,-1,6,30,2,4,2,23:50,2,1,19
2023010473027,2023,010473027,1,1,3,1,30,6,3,1,1,0,0,0,0,8,E01002418,-1,0,0.0,1.0,-1,6,20,9,1,1,05:50,5,1,11
2023461372177,2023,461372177,1,1,3,2,-1,-1,3,10,9,0,0,0,0,2,E01024080,3,1,0.0,1.0,-1,6,30,1,1,1,10:28,7,1,9
2023061321471,2023,061321471,2,1,1,1,55,8,3,0,0,0,0,0,1,9,E01019751,3,1,0.0,1.0,-1,6,30,1,1,1,17:04,6,2,1
2023622300068,2023,622300068,2,1,1,1,24,5,3,0,0,0,0,0,1,8,W01001721,-1,0,0.03889,0.96111,-1,6,30,1,1,1,18:06,6,2,1
2023440146797,2023,440146797,1,1,1,1,45,7,2,0,0,0,0,0,5,5,E01017358,-1,0,1.0,0.0,-1,6,30,1,4,2,00:15,7,1,5
2023471324236,2023,471324236,1,1,1,2,18,4,3,0,0,0,0,0,9,2,E01021183,3,1,0.0,1.0,-1,6,30,1,1,1,20:25,5,5,9
2023302301602,2023,302301602,1,1,1,1,55,8,3,0,0,0,0,0,9,2,E01007740,-1,0,0.1287,0.8713,-1,6,60,2,1,2,12:30,1,1,9
2023041330083,2023,041330083,1,1,1,1,19,4,2,0,0,0,0,0,1,3,E01012585,7,1,1.0,0.0,-1,6,20,1,1,2,12:00,1,2,1
2023052301924,2023,052301924,1,1,2,2,23,5,2,0,0,0,0,0,4,1,E01006603,-1,0,1.0,0.0,-1,3,30,1,4,1,00:30,5,1,4
2023031315690,2023,031315690,2,1,1,1,56,9,3,0,0,0,0,0,9,5,E01019264,3,1,0.0,1.0,-1,6,30,1,1,1,15:31,2,2,9
2023052301202,2023,052301202,2,4,2,2,0,1,3,0,0,2,0,0,9,5,E01006892,-1,0,0.02554,0.97446,-1,3,70,1,1,1,16:07,1,4,9
2023351387737,2023,351387737,2,3,2,2,36,7,3,0,0,1,0,0,9,2,E01015605,3,1,0.0,1.0,-1,6,30,1,4,1,18:38,7,3,9
2023531357837,2023,531357837,1,2,2,1,23,5,3,0,0,1,0,0,9,-1,-1,3,1,0.0,1.0,-1,6,30,1,1,1,18:35,6,1,9
202354A888823,2023,54A888823,1,1,1,2,19,4,3,0,0,0,0,0,9,-1,-1,-1,0,0.0296,0.9704,-1,6,30,1,1,2,16:24,6,1,9
2023991355138,2023,991355138,1,2,1,2,30,6,3,0,0,0,0,0,9,7,-1,3,1,0.0,1.0,-1,3,70,1,1,1,09:30,5,3,9
2023311358010,2023,311358010,1,1,3,1,30,6,3,5,1,0,0,0,0,-1,-1,3,1,0.0,1.0,-1,6,30,1,1,1,09:00,4,1,9
2023991380613,2023,991380613,1,1,3,1,59,9,2,5,3,0,0,2,0,4,-1,7,1,1.0,0.0,-1,6,30,1,4,1,17:32,4,1,9
2023221374855,2023,221374855,1,1,1,2,49,8,3,0,0,0,0,0,9,1,E01014124,3,1,0.0,1.0,-1,6,50,1,1,2,08:50,6,2,9
2023231344347,2023,231344347,2,1,1,2,67,10,3,0,0,0,0,0,9,7,E01031280,3,1,0.0,1.0,-1,6,50,1,1,2,09:55,6,2,9
2023440094132,2023,440094132,2,1,1,2,45,7,3,0,0,0,0,0,9,2,E01017202,-1,0,0.01481,0.98519,-1,6,30,1,1,1,13:43,4,2,9
2023501406871,2023,501406871,1,2,2,1,16,4,2,0,0,-1,0,0,9,-1,-1,7,1,1.0,0.0,-1,6,60,2,6,2,22:45,1,1,9
2023451375081,2023,451375081,1,1,3,1,85,11,3,9,7,0,0,0,0,-1,-1,3,1,0.0,1.0,-1,6,30,1,4,1,17:50,4,1,9
2023010485290,2023,010485290,1,1,1,1,29,6,3,0,0,0,0,0,3,1,E01001559,-1,0,0.0,1.0,-1,6,20,1,4,1,17:00,3,2,3
2023211366875,2023,211366875,1,1,1,1,63,9,2,0,0,0,0,0,9,-1,-1,5,1,1.0,0.0,-1,6,30,1,1,1,12:34,3,2,9
2023320660742,2023,320660742,2,1,1,2,32,6,3,0,0,0,0,0,9,7,E01026220,-1,0,0.02623,0.97377,-1,6,60,1,1,2,09:30,3,2,9
2023041329486,2023,041329486,2,1,2,2,2,1,2,0,0,0,4,0,11,7,E01025123,7,1,1.0,0.0,-1,6,20,1,1,1,15:36,4,2,11
2023010465074,2023,010465074,2,1,1,1,48,8,3,0,0,0,0,0,-1,2,E01032569,-1,0,0.0,1.0,-1,6,30,1,4,1,06:05,1,2,-1
2023070327470,2023,070327470,1,1,3,2,29,6,3,5,1,0,0,0,0,2,E01012536,-1,0,0.07319,0.92681,-1,6,30,1,1,1,16:56,3,1,9
2023461309974,2023,461309974,2,1,1,1,35,6,3,0,0,0,0,0,3,5,E01024032,3,1,0.0,1.0,-1,1,30,1,1,1,05:44,4,2,3
2023351383408,2023,351383408,2,1,1,1,80,11,2,0,0,0,0,0,9,9,E01018136,5,1,1.0,0.0,-1,6,60,2,6,2,17:29,2,2,9
2023471287524,2023,471287524,2,2,1,1,29,6,3,0,0,0,0,0,19,3,E01031787,3,1,0.0,1.0,-1,6,60,1,1,1,13:00,5,2,19
2023131357544,2023,131357544,2,1,1,1,15,3,3,0,0,0,0,0,1,2,E01010605,3,1,0.0,1.0,-1,1,30,1,1,1,15:27,2,2,1
2023061324578,2023,061324578,2,1,1,1,24,5,3,0,0,0,0,0,9,5,E01004913,3,1,0.0,1.0,-1,6,30,2,1,2,18:20,6,2,9
2023461285027,2023,461285027,2,1,1,2,65,9,3,0,0,0,0,0,9,2,E01026834,3,1,0.0,1.0,-1,3,70,1,1,1,13:41,1,2,9
2023631344492,2023,631344492,1,1,1,1,77,11,2,0,0,0,0,0,9,4,W01000724,7,1,1.0,0.0,-1,6,30,1,1,1,13:35,6,2,9
2023141317076,2023,141317076,1,1,3,2,70,10,3,5,9,0,0,0,0,10,E01007928,3,1,0.0,1.0,-1,2,20,1,1,1,10:35,4,1,9
2023010437285,2023,010437285,2,1,1,1,50,8,3,0,0,0,0,0,9,2,E01004584,-1,0,0.0,1.0,-1,6,30,1,1,1,16:10,5,2,9
2023071274934,2023,071274934,1,1,1,1,61,9,3,0,0,0,0,0,9,7,E01018371,-1,0,0.07921,0.92079,-1,3,30,1,1,1,15:14,6,2,9
2023549707023,2023,549707023,1,1,1,1,49,8,3,0,0,0,0,0,9,3,E01010810,-1,0,0.08612,0.91388,-1,6,40,1,6,1,21:02,4,3,9
202360A120436,2023,60A120436,1,1,1,1,33,6,3,0,0,0,0,0,9,-1,-1,-1,0,0.12685,0.87315,-1,6,60,2,1,2,16:58,1,1,9
2023122300286,2023,122300286,2,1,1,1,47,8,3,0,0,0,0,0,1,5,E01027729,-1,0,0.11728,0.88272,-1,6,30,1,1,1,08:29,6,2,1
2023522300793,2023,522300793,1,1,1,1,49,8,3,0,0,0,0,0,4,8,E01014981,-1,0,0.14443,0.85557,-1,3,70,1,4,1,05:30,2,2,4
2023311283187,2023,311283187,2,1,1,1,55,8,3,0,0,0,0,0,5,5,E01028042,3,1,0.0,1.0,-1,6,50,1,1,1,15:30,6,2,5
2023430245164,2023,430245164,1,1,1,2,33,6,2,0,0,0,0,0,9,10,E01028596,-1,0,1.0,0.0,-1,6,50,1,1,1,15:52,1,1,9
2023161315228,2023,161315228,2,1,1,2,16,4,3,0,0,0,0,0,-1,2,E01013331,3,1,0.0,1.0,-1,6,40,1,1,1,18:30,1,2,-1
2023131306944,2023,131306944,2,1,1,1,54,8,3,0,0,0,0,0,1,3,E01011601,3,1,0.0,1.0,-1,6,30,1,1,1,12:05,7,2,1
2023421321603,2023,421321603,2,1,1,2,15,3,3,0,0,0,0,0,1,4,E01021508,3,1,0.0,1.0,-1,6,30,1,1,1,15:00,4,2,1
2023010462426,2023,010462426,1,1,1,1,30,6,3,0,0,0,0,0,9,2,E01003600,-1,0,0.0,1.0,-1,3,40,2,4,2,21:15,6,2,9
2023201267809,2023,201267809,2,1,1,2,39,7,3,0,0,0,0,0,9,2,E01010019,3,1,0.0,1.0,-1,6,30,1,1,1,13:34,2,2,9
2023231391367,2023,231391367,2,2,1,1,37,7,3,0,0,0,0,0,9,2,E01013695,3,1,0.0,1.0,-1,6,50,2,4,2,22:19,1,2,9
2023461327652,2023,461327652,1,1,2,1,18,4,3,0,0,1,0,0,9,6,E01024130,3,1,0.0,1.0,-1,3,70,2,1,2,18:27,2,1,9
2023010475466,2023,010475466,1,2,2,1,24,5,3,0,0,0,0,0,19,1,E01002081,-1,0,0.0,1.0,-1,6,20,2,1,2,09:52,5,2,19
2023011380373,2023,011380373,2,2,1,1,24,5,3,0,0,0,0,0,1,-1,-1,3,1,0.0,1.0,-1,6,20,1,1,1,12:51,7,2,1
2023332300415,2023,332300415,1,1,3,2,30,6,3,5,9,0,0,0,0,2,E01013687,-1,0,0.02179,0.97821,-1,6,30,1,1,1,09:22,5,1,8
2023010452809,2023,010452809,2,2,2,2,15,3,3,0,0,2,0,0,9,5,E01033522,-1,0,0.0,1.0,-1,3,70,8,1,1,18:42,1,3,9
2023041387175,2023,041387175,1,1,1,1,60,9,3,0,0,0,0,0,9,3,E01004887,3,1,0.0,1.0,-1,6,30,2,4,2,06:28,3,1,9
2023061326950,2023,061326950,2,3,2,2,14,3,3,0,0,1,0,0,9,1,E01004979,3,1,0.0,1.0,-1,6,30,1,1,1,16:10,4,2,9
2023141310990,2023,141310990,2,1,1,2,33,6,3,0,0,0,0,0,1,-1,-1,3,1,0.0,1.0,-1,6,30,1,1,1,10:34,4,2,1
2023010433762,2023,010433762,2,1,1,1,37,7,2,0,0,0,0,0,1,5,E01004137,-1,0,1.0,0.0,-1,6,20,1,1,1,08:15,5,2,1
2023010468692,2023,010468692,2,1,1,1,23,5,3,0,0,0,0,0,3,-1,-1,-1,0,0.0,1.0,-1,6,20,1,4,1,21:23,4,2,3
2023010483099,2023,010483099,1,1,1,1,32,6,3,0,0,0,0,0,9,7,E01024801,-1,0,0.0,1.0,-1,3,50,4,4,1,22:30,7,2,9
2023421370435,2023,421370435,1,2,1,1,89,11,3,0,0,0,0,0,9,6,E01015863,3,1,0.0,1.0,-1,6,30,2,4,2,17:16,6,3,9
2023141346556,2023,141346556,2,2,2,1,13,3,2,0,0,0,0,0,-1,2,E01007965,7,1,1.0,0.0,-1,3,30,1,1,1,19:25,3,2,-1
2023131271937,2023,131271937,2,1,1,2,27,6,3,0,0,0,0,0,9,1,E01011029,3,1,0.0,1.0,-1,9,30,1,1,1,09:30,6,2,9
2023170S40273,2023,170S40273,1,2,2,1,27,6,2,0,0,2,0,0,9,1,E01012039,-1,0,1.0,0.0,-1,3,70,1,6,1,18:47,3,2,9
2023461297505,2023,461297505,1,1,1,1,19,4,3,0,0,0,0,0,9,5,E01024032,3,1,0.0,1.0,-1,1,40,1,4,1,00:29,1,1,9
2023010479496,2023,010479496,1,1,2,1,83,11,3,0,0,0,3,0,11,7,E01000711,-1,0,0.0,1.0,-1,6,30,1,1,1,12:30,4,1,11
2023041351841,2023,041351841,1,2,1,2,29,6,3,0,0,0,0,0,9,1,E01025423,3,1,0.0,1.0,-1,3,30,1,4,1,23:45,1,1,9
2023461310813,2023,461310813,4,3,1,2,30,6,3,0,0,0,0,0,9,7,E01024712,3,1,0.0,1.0,-1,6,30,1,1,1,09:31,4,4,9
2023010468663,2023,010468663,1,1,1,2,32,6,2,0,0,0,0,0,1,3,E01003978,-1,0,1.0,0.0,-1,2,20,1,1,1,12:50,1,2,1
2023010479721,2023,010479721,2,3,2,1,14,3,3,0,0,1,0,0,9,3,E01004182,-1,0,0.0,1.0,-1,6,30,1,1,1,13:33,5,2,9
2023501281126,2023,501281126,1,1,1,2,54,8,3,0,0,0,0,0,9,5,E01029152,3,1,0.0,1.0,-1,6,30,1,1,1,12:45,2,2,9
2023041370553,2023,041370553,2,1,1,2,42,7,3,0,0,0,0,0,9,7,E01025361,3,1,0.0,1.0,-1,6,30,1,4,2,10:08,6,2,9
2023052301733,2023,052301733,1,1,3,1,17,4,3,4,1,0,0,0,0,4,E01006890,-1,0,0.13737,0.86263,-1,6,30,1,1,1,09:30,6,1,9
2023361314649,2023,361314649,1,1,3,2,44,7,3,9,7,0,0,0,0,9,E01026503,3,1,0.0,1.0,-1,6,60,1,1,1,14:59,4,1,9
2023401270512,2023,401270512,1,2,3,2,44,7,3,5,3,0,0,0,0,6,E01023786,3,1,0.0,1.0,-1,6,20,8,1,2,15:30,2,1,9
2023010454535,2023,010454535,1,1,1,1,22,5,3,0,0,0,0,0,3,2,E01033578,-1,0,0.0,1.0,-1,6,20,8,1,1,18:30,7,2,3
2023440262137,2023,440262137,1,1,1,1,27,6,3,0,0,0,0,0,3,1,E01017154,-1,0,0.17644,0.82356,-1,6,30,1,1,2,20:00,6,1,3
2023501441014,2023,501441014,1,1,1,1,34,6,3,0,0,0,0,0,4,2,E01019055,3,1,0.0,1.0,-1,6,40,1,1,1,15:00,3,2,4
2023411379972,2023,411379972,2,1,1,1,53,8,3,0,0,0,0,0,8,3,E01002151,3,1,0.0,1.0,-1,6,30,1,1,1,09:05,4,2,8
2023111320796,2023,111320796,1,2,2,2,13,3,2,0,0,2,0,0,9,1,E01020909,7,1,1.0,0.0,-1,6,60,1,6,1,22:11,2,1,9
2023371297183,2023,371297183,2,1,1,1,71,10,2,0,0,0,0,0,5,6,E01029876,6,1,1.0,0.0,-1,6,30,1,1,1,13:30,6,2,5
2023340NN3172,2023,340NN3172,2,1,1,2,43,7,3,0,0,0,0,0,-1,3,E01027082,-1,0,0.03539,0.96461,-1,1,40,1,1,1,06:45,1,2,-1
2023411363831,2023,411363831,2,1,1,1,37,7,3,0,0,0,0,0,1,2,E01004423,3,1,0.0,1.0,-1,6,60,1,1,1,08:17,7,2,1
2023430277073,2023,430277073,2,3,2,2,33,6,3,0,0,2,0,0,9,6,E01015392,-1,0,0.00868,0.99132,-1,3,70,1,1,1,15:05,6,2,9
2023131359969,2023,131359969,1,1,3,1,23,5,2,8,8,0,0,1,0,2,E01011224,7,1,1.0,0.0,-1,2,30,2,4,2,20:31,5,1,9
2023052300501,2023,052300501,3,3,2,1,6,2,3,0,0,2,0,0,9,-1,-1,-1,0,0.02593,0.97407,-1,6,30,1,1,1,15:35,3,3,9
2023131381681,2023,131381681,2,2,2,1,40,7,3,0,0,1,0,0,9,2,E01011450,3,1,0.0,1.0,-1,6,30,1,1,2,11:40,7,2,9
2023991278921,2023,991278921,2,3,2,2,71,10,2,0,0,1,0,0,9,9,-1,6,1,1.0,0.0,-1,3,40,1,1,1,14:57,2,2,9
2023010434282,2023,010434282,1,1,1,1,55,8,3,0,0,0,0,0,1,10,E01004477,-1,0,0.0,1.0,-1,9,30,1,1,9,09:00,1,2,1
2023320388368,2023,320388368,1,1,1,1,60,9,3,0,0,0,0,0,9,10,E01028087,-1,0,0.04563,0.95437,-1,6,30,8,1,1,14:24,7,3,9
2023131303691,2023,131303691,2,1,1,1,15,3,3,0,0,0,0,0,1,1,E01010614,3,1,0.0,1.0,-1,3,40,1,1,1,17:38,4,2,1
2023010428750,2023,010428750,1,1,1,1,25,5,3,0,0,0,0,0,3,1,E01000643,-1,0,0.0,1.0,-1,6,20,1,1,1,11:43,1,2,3
2023010461888,2023,010461888,1,1,1,2,60,9,3,0,0,0,0,0,9,5,E01000255,-1,0,0.0,1.0,-1,9,20,1,1,1,17:50,3,2,9
2023520400933,2023,520400933,1,1,1,2,32,6,3,0,0,0,0,0,9,5,E01014439,-1,0,0.0024,0.9976,-1,6,30,1,1,1,16:45,7,2,9
2023552300195,2023,552300195,1,1,1,1,56,9,3,0,0,0,0,0,9,5,E01015421,-1,0,0.06051,0.93949,-1,1,30,1,1,1,16:22,4,2,9
2023991335534,2023,991335534,2,3,2,1,3,1,3,0,0,2,0,0,9,-1,-1,3,1,0.0,1.0,-1,6,60,1,1,1,14:30,1,2,9