collision_index,collision_year,collision_ref_no,vehicle_reference,casualty_reference,casualty_class,sex_of_casualty,age_of_casualty,age_band_of_casualty,casualty_severity,pedestrian_location,pedestrian_movement,car_passenger,bus_or_coach_passenger,pedestrian_road_maintenance_worker,casualty_type,casualty_imd_decile,lsoa_of_casualty,enhanced_casualty_severity,casualty_injury_based,casualty_adjusted_severity_serious,casualty_adjusted_severity_slight,casualty_distance_banding,road_type,speed_limit,weather_conditions,light_conditions,road_surface_conditions,time,day_of_week,number_of_vehicles,vehicle_type
2023052300131,2023,052300131,1,1,3,1,12,3,3,9,8,0,0,0,0,5,E01007041,-1,0,0.05109,0.94891,-1,6,30,1,1,1,15:30,7,1,9
2023221296505,2023,221296505,2,1,1,1,55,8,3,0,0,0,0,0,5,3,E01028905,3,1,0.0,1.0,-1,6,60,1,1,1,16:18,1,4,5
2023010478271,2023,010478271,1,1,1,1,25,5,3,0,0,0,0,0,3,2,E01003092,-1,0,0.0,1.0,-1,6,20,9,1,9,10:42,2,2,3
2023161346335,2023,161346335,1,1,1,2,53,8,3,0,0,0,0,0,9,6,E01026107,3,1,0.0,1.0,-1,6,30,1,1,1,08:45,6,2,9
2023332300061,2023,332300061,1,1,2,1,20,4,3,0,0,2,0,0,9,2,E01013768,-1,0,0.05823,0.94177,-1,6,60,1,6,4,00:40,7,1,9
2023332300917,2023,332300917,1,1,1,2,17,4,3,0,0,0,0,0,9,9,E01025778,-1,0,0.02491,0.97509,-1,6,60,1,1,1,11:00,7,3,9
2023461320119,2023,461320119,2,2,1,2,52,8,3,0,0,0,0,0,9,7,E01024465,3,1,0.0,1.0,-1,7,30,1,1,1,10:19,4,3,9
2023471385342,2023,471385342,1,1,1,2,23,5,2,0,0,0,0,0,9,6,E01021054,7,1,1.0,0.0,-1,6,20,1,4,2,22:28,7,3,9
2023010455037,2023,010455037,2,1,1,1,39,7,3,0,0,0,0,0,1,2,E01003151,-1,0,0.0,1.0,-1,6,20,1,1,1,18:15,5,2,1
2023332300882,2023,332300882,2,2,1,1,45,7,3,0,0,0,0,0,10,9,E01027018,-1,0,0.04537,0.95463,-1,6,50,1,1,1,10:30,6,3,10
2023361338703,2023,361338703,2,2,1,1,18,4,1,0,0,0,0,0,3,6,E01026701,1,1,0.0,0.0,-1,6,50,1,1,1,17:10,1,4,3
2023010479891,2023,010479891,1,1,3,2,28,6,2,6,9,0,0,0,0,3,E01033744,-1,0,1.0,0.0,-1,6,20,1,4,1,23:30,5,1,1
2023201339717,2023,201339717,1,2,3,2,41,7,3,9,9,0,0,2,0,3,E01009772,3,1,0.0,1.0,-1,6,30,1,1,1,20:06,1,1,9
2023461286154,2023,461286154,1,1,3,2,39,7,2,7,1,0,0,0,0,9,E01004191,7,1,1.0,0.0,-1,6,30,2,4,2,19:00,5,1,8
2023531352379,2023,531352379,1,1,3,1,57,9,3,9,9,0,0,0,0,7,E01022300,3,1,0.0,1.0,-1,6,30,1,1,1,08:35,1,1,9
2023201398260,2023,201398260,1,1,1,2,31,6,2,0,0,0,0,0,9,9,E01009422,7,1,1.0,0.0,-1,3,30,1,1,1,16:33,1,2,9
2023461361854,2023,461361854,2,1,1,1,32,6,3,0,0,0,0,0,5,-1,-1,3,1,0.0,1.0,-1,1,40,1,1,1,16:30,6,2,5
2023010451462,2023,010451462,2,1,1,1,35,6,3,0,0,0,0,0,3,4,E01004142,-1,0,0.0,1.0,-1,6,40,1,1,1,05:15,2,2,3
2023361345342,2023,361345342,1,1,1,1,19,4,2,0,0,0,0,0,3,4,E01026667,7,1,1.0,0.0,-1,6,60,1,1,1,09:32,4,2,3
2023211393233,2023,211393233,1,2,3,2,13,3,3,6,1,0,0,-1,0,3,E01029360,3,1,0.0,1.0,-1,6,30,2,1,2,14:28,6,1,9
2023010436015,2023,010436015,1,1,3,1,13,3,3,1,1,0,0,0,0,5,E01024082,-1,0,0.0,1.0,-1,6,30,1,1,1,16:25,4,1,19
2023471327365,2023,471327365,1,2,2,1,25,5,2,0,0,1,0,0,9,5,E01031585,7,1,1.0,0.0,-1,6,30,1,1,1,20:28,6,1,9
202363D031523,2023,63D031523,1,1,1,1,18,4,3,0,0,0,0,0,9,-1,-1,-1,0,0.08466,0.91534,-1,6,60,1,1,2,13:47,2,2,9
2023461379493,2023,461379493,2,1,1,1,47,8,3,0,0,0,0,0,21,5,E01024588,3,1,0.0,1.0,-1,6,30,2,1,2,08:17,6,2,21
2023332300654,2023,332300654,1,1,1,1,32,6,3,0,0,0,0,0,4,4,E01031030,-1,0,0.09394,0.90606,-1,6,60,1,1,2,11:22,2,1,4
2023991341679,2023,991341679,1,1,1,1,43,7,1,0,0,0,0,0,5,5,-1,1,1,0.0,0.0,-1,6,50,1,4,1,21:30,2,1,5
2023010482975,2023,010482975,1,1,3,2,42,7,3,1,2,0,0,0,0,1,E01001559,-1,0,0.0,1.0,-1,1,30,8,1,2,11:10,6,1,1
2023471271687,2023,471271687,3,1,1,1,50,8,2,0,0,0,0,0,2,5,E01030572,6,1,1.0,0.0,-1,3,50,1,4,2,23:50,5,3,2
2023991291075,2023,991291075,1,1,1,1,28,6,2,0,0,0,0,0,5,9,-1,6,1,1.0,0.0,-1,6,50,1,1,1,18:15,2,1,5
2023041383579,2023,041383579,1,1,3,1,12,3,3,10,4,0,0,0,0,8,E01024944,3,1,0.0,1.0,-1,6,30,8,7,2,15:30,4,1,9
2023010479289,2023,010479289,1,1,1,1,29,6,3,0,0,0,0,0,3,6,E01002204,-1,0,0.0,1.0,-1,9,30,1,7,2,18:50,7,2,3
2023161319223,2023,161319223,2,1,1,1,57,9,2,0,0,0,0,0,3,3,E01013099,7,1,1.0,0.0,-1,1,40,1,1,1,20:20,4,2,3
2023101260235,2023,101260235,2,3,2,2,68,10,3,0,0,2,0,0,8,1,E01008800,3,1,0.0,1.0,-1,3,70,1,1,1,08:15,6,2,8
2023522400624,2023,522400624,2,1,1,2,45,7,3,0,0,0,0,0,9,4,E01014892,-1,0,0.01366,0.98634,-1,3,50,2,1,2,08:38,2,3,9
2023131358565,2023,131358565,1,1,1,2,36,7,3,0,0,0,0,0,9,1,E01011730,3,1,0.0,1.0,-1,3,30,1,1,1,12:25,2,2,9
2023320355945,2023,320355945,1,1,1,1,28,6,3,0,0,0,0,0,9,4,E01026143,-1,0,0.08355,0.91645,-1,6,30,1,6,1,02:08,1,2,9
2023302300924,2023,302300924,3,2,2,1,45,7,3,0,0,1,0,0,9,9,E01027020,-1,0,0.06821,0.93179,-1,6,60,1,1,1,14:50,7,3,9
2023170M10753,2023,170M10753,2,1,1,2,60,9,3,0,0,0,0,0,9,1,E01012027,-1,0,0.02444,0.97556,-1,6,30,1,1,1,16:37,6,2,9
2023041351350,2023,041351350,2,1,2,2,5,1,3,0,0,2,0,0,9,2,E01025481,3,1,0.0,1.0,-1,6,30,1,1,1,15:19,2,2,9
2023430379835,2023,430379835,2,2,1,2,17,4,3,0,0,0,0,0,9,10,E01016184,-1,0,0.0166,0.9834,-1,3,40,1,1,1,18:23,5,2,9
2023440320197,2023,440320197,1,1,1,1,58,9,3,0,0,0,0,0,19,10,E01022747,-1,0,0.03569,0.96431,-1,6,30,1,1,1,06:27,4,2,19
2023010479277,2023,010479277,1,1,1,2,35,6,3,0,0,0,0,0,3,3,E01002047,-1,0,0.0,1.0,-1,6,20,1,1,1,14:10,6,2,3
2023161359889,2023,161359889,1,5,2,1,17,4,3,0,0,2,0,0,9,-1,-1,3,1,0.0,1.0,-1,6,30,1,1,1,14:00,5,2,9
2023170S41013,2023,170S41013,1,1,1,2,27,6,3,0,0,0,0,0,9,9,E01033474,-1,0,0.00697,0.99303,-1,6,30,1,1,1,14:30,1,2,9
2023201318476,2023,201318476,1,1,1,1,27,6,2,0,0,0,0,0,9,-1,-1,7,1,1.0,0.0,-1,3,40,1,1,1,16:26,4,2,9
2023211273559,2023,211273559,1,1,3,1,45,7,3,1,3,0,0,0,0,-1,-1,3,1,0.0,1.0,-1,3,30,1,4,1,21:45,3,1,9
2023991388804,2023,991388804,1,1,3,2,19,4,2,1,1,0,0,0,0,10,-1,5,1,1.0,0.0,-1,3,20,1,4,1,17:20,6,1,11
2023131350088,2023,131350088,1,1,2,1,71,10,2,0,0,0,3,0,11,6,E01011440,6,1,1.0,0.0,-1,6,40,1,1,1,19:45,4,1,11
2023070179742,2023,070179742,1,1,1,1,18,4,3,0,0,0,0,0,3,7,E01018369,-1,0,0.21532,0.78468,-1,6,60,1,1,1,13:10,5,1,3
2023201330512,2023,201330512,1,1,1,1,47,8,3,0,0,0,0,0,3,1,E01009886,3,1,0.0,1.0,-1,6,30,1,1,2,07:13,3,2,3
2023010476327,2023,010476327,1,1,1,1,50,8,3,0,0,0,0,0,4,3,E01003136,-1,0,0.0,1.0,-1,6,20,1,4,1,17:10,2,2,4
2023411395857,2023,411395857,1,1,3,1,57,9,3,9,5,0,0,2,0,9,E01023854,3,1,0.0,1.0,-1,6,20,1,1,1,11:25,2,1,9
2023461327699,2023,461327699,2,1,1,1,31,6,2,0,0,0,0,0,3,3,E01024310,7,1,1.0,0.0,-1,6,30,1,1,1,06:45,3,2,3
2023421322446,2023,421322446,1,1,1,1,19,4,2,0,0,0,0,0,4,6,E01021907,7,1,1.0,0.0,-1,6,60,1,1,1,14:50,7,2,4
2023401319446,2023,401319446,1,1,3,1,56,9,2,10,9,0,0,0,0,2,E01015702,7,1,1.0,0.0,-1,6,30,1,1,-1,14:30,6,1,9
2023010420481,2023,010420481,2,2,3,2,23,5,3,6,9,0,0,0,0,-1,-1,-1,0,0.0,1.0,-1,6,30,8,4,1,18:00,2,2,9
2023371310881,2023,371310881,1,1,3,1,73,10,3,10,9,0,0,0,0,4,E01030208,3,1,0.0,1.0,-1,9,30,8,1,1,09:10,4,1,9
2023052301361,2023,052301361,2,2,1,2,25,5,3,0,0,0,0,0,9,5,E01006934,-1,0,0.03728,0.96272,-1,6,40,1,1,1,18:32,7,3,9
2023010440230,2023,010440230,1,1,2,1,50,8,3,0,0,0,4,0,11,2,E01003490,-1,0,0.0,1.0,-1,6,30,1,1,1,12:40,7,1,11
2023461320583,2023,461320583,1,2,1,1,36,7,3,0,0,0,0,0,19,2,E01023974,3,1,0.0,1.0,-1,6,60,1,1,1,19:25,6,2,19
2023421292222,2023,421292222,7,1,1,1,27,6,2,0,0,0,0,0,21,8,E01021995,7,1,1.0,0.0,-1,3,70,1,1,2,16:24,5,8,21
2023010460604,2023,010460604,1,2,2,-1,-1,-1,3,0,0,1,0,0,9,2,E01032744,-1,0,0.0,1.0,-1,1,40,1,1,1,17:15,2,2,9
202363A003223,2023,63A003223,1,1,1,1,21,5,3,0,0,0,0,0,9,8,W01000715,-1,0,0.19445,0.80555,-1,6,60,1,4,2,23:38,5,1,9
2023471370493,2023,471370493,1,1,1,2,60,9,3,0,0,0,0,0,9,6,E01031827,3,1,0.0,1.0,-1,6,30,1,4,1,17:45,6,2,9
202360A186834,2023,60A186834,3,3,1,1,72,10,3,0,0,0,0,0,9,-1,-1,-1,0,0.10221,0.89779,-1,6,20,8,4,1,16:55,7,3,9
202363D018423,2023,63D018423,2,2,1,1,37,7,3,0,0,0,0,0,9,7,W01000477,-1,0,0.02395,0.97605,-1,6,60,3,1,2,08:38,4,2,9
2023101391812,2023,101391812,1,1,2,2,30,6,2,0,0,1,0,0,9,-1,-1,7,1,1.0,0.0,-1,6,50,1,1,1,11:45,6,2,9
2023122300421,2023,122300421,2,3,2,2,45,7,3,0,0,2,0,0,9,1,E01033035,-1,0,0.02754,0.97246,-1,6,60,2,1,2,07:41,5,2,9
2023991350922,2023,991350922,1,5,2,1,20,4,3,0,0,2,0,0,9,-1,-1,3,1,0.0,1.0,-1,6,30,1,6,1,22:31,7,1,9
2023010431151,2023,010431151,1,1,1,1,50,8,3,0,0,0,0,0,9,5,E01004610,-1,0,0.0,1.0,-1,9,30,9,7,9,20:00,4,2,9
2023010453710,2023,010453710,1,1,1,2,52,8,3,0,0,0,0,0,9,3,E01033150,-1,0,0.0,1.0,-1,6,20,1,1,1,20:40,5,3,9
2023010484324,2023,010484324,1,2,2,1,26,6,3,0,0,2,0,0,9,2,E01003607,-1,0,0.0,1.0,-1,6,20,1,4,1,06:17,7,3,9
2023161383174,2023,161383174,1,1,1,1,48,8,3,0,0,0,0,0,9,6,E01026387,3,1,0.0,1.0,-1,6,30,3,4,4,03:15,1,1,9
2023201379164,2023,201379164,1,1,1,2,39,7,3,0,0,0,0,0,9,2,E01009455,3,1,0.0,1.0,-1,3,40,1,1,1,19:08,7,2,9
2023520000440,2023,520000440,1,2,1,2,43,7,3,0,0,0,0,0,9,9,E01032107,-1,0,0.08724,0.91276,-1,6,60,1,6,1,21:17,7,4,9
2023061292198,2023,061292198,3,2,1,1,18,4,3,0,0,0,0,0,9,3,E01006061,3,1,0.0,1.0,-1,6,30,1,1,1,02:42,3,4,9
202360A080254,2023,60A080254,1,1,1,1,38,7,3,0,0,0,0,0,9,-1,-1,-1,0,0.08934,0.91066,-1,6,30,8,1,1,07:21,1,2,9
2023421382559,2023,421382559,1,1,1,1,35,6,3,0,0,0,0,0,9,8,E01021729,3,1,0.0,1.0,-1,3,70,2,6,2,16:28,2,2,9
2023010449296,2023,010449296,3,1,1,1,43,7,3,0,0,0,0,0,9,3,E01002605,-1,0,0.0,1.0,-1,3,30,1,1,1,19:55,5,3,9
2023010475795,2023,010475795,1,3,2,2,23,5,3,0,0,2,0,0,9,3,E01001282,-1,0,0.0,1.0,-1,6,30,8,4,2,00:37,7,2,9
2023061371457,2023,061371457,2,1,1,2,59,9,3,0,0,0,0,0,9,8,E01005995,3,1,0.0,1.0,-1,6,30,1,4,2,22:25,5,2,9
2023543469823,2023,543469823,2,3,2,1,49,8,3,0,0,1,0,0,9,10,E01023371,-1,0,0.06777,0.93223,-1,6,60,1,1,2,15:23,7,3,9
2023552300762,2023,552300762,2,4,2,1,75,10,3,0,0,2,0,0,9,4,E01004468,-1,0,0.10526,0.89474,-1,6,50,1,1,1,16:07,4,2,9
2023610045023,2023,610045023,1,1,1,1,42,7,3,0,0,1,0,0,9,3,W01001444,-1,0,0.02965,0.97035,-1,3,70,5,1,2,15:45,5,3,9
2023501324607,2023,501324607,1,1,2,2,51,8,3,0,0,0,0,0,19,5,E01018912,3,1,0.0,1.0,-1,6,30,2,1,2,18:25,6,1,19
2023131307180,2023,131307180,3,1,1,1,42,7,3,0,0,0,0,0,9,7,E01010897,3,1,0.0,1.0,-1,6,30,1,1,1,09:49,1,5,9
2023340NN3492,2023,340NN3492,1,1,1,1,83,11,3,0,0,0,0,0,9,8,E01027101,-1,0,0.12997,0.87003,-1,6,30,1,1,1,15:20,3,2,9
2023531277330,2023,531277330,2,1,1,1,46,8,2,0,0,0,0,0,9,6,E01022303,7,1,1.0,0.0,-1,6,50,1,6,1,23:50,5,2,9
2023010464680,2023,010464680,4,2,2,2,32,6,3,0,0,2,0,0,9,4,E01023883,-1,0,0.0,1.0,-1,3,30,1,4,1,21:10,5,4,9
2023041322319,2023,041322319,1,1,1,2,81,11,3,0,0,0,0,0,9,4,E01025001,3,1,0.0,1.0,-1,6,30,1,1,1,16:17,7,3,9
2023451304093,2023,451304093,4,2,2,2,5,1,3,0,0,2,0,0,9,4,E01032858,3,1,0.0,1.0,-1,7,50,1,1,1,16:05,5,4,9
2023501372385,2023,501372385,1,1,1,1,37,7,3,0,0,0,0,0,9,5,E01019065,3,1,0.0,1.0,-1,6,40,1,4,1,04:15,7,1,9
2023991323888,2023,991323888,1,1,1,2,64,9,2,0,0,0,0,0,9,8,W01000116,6,1,1.0,0.0,-1,6,40,1,1,1,16:55,4,2,9
2023010458266,2023,010458266,1,1,1,1,24,5,3,0,0,0,0,0,3,8,E01002238,-1,0,0.0,1.0,-1,6,30,1,4,1,21:40,2,2,3
2023010441394,2023,010441394,1,1,3,2,36,7,3,1,2,0,0,0,0,2,E01003092,-1,0,0.0,1.0,-1,6,30,1,1,1,14:15,6,1,2
2023041349859,2023,041349859,1,1,3,1,2,1,3,6,8,0,0,0,0,-1,-1,3,1,0.0,1.0,-1,6,30,1,1,1,12:50,4,1,11
2023201402847,2023,201402847,1,1,3,2,77,11,2,6,9,0,0,2,0,2,E01010429,7,1,1.0,0.0,-1,6,30,1,1,1,15:25,6,1,19
2023311329310,2023,311329310,1,3,3,1,30,6,3,7,8,0,0,0,0,-1,-1,3,1,0.0,1.0,-1,6,30,1,1,1,05:20,3,1,19
2023501302126,2023,501302126,1,1,3,1,23,5,2,10,9,0,0,0,0,7,E01020008,5,1,1.0,0.0,-1,6,30,1,4,1,22:56,6,1,20
2023161274296,2023,161274296,1,1,1,1,60,9,3,0,0,0,0,0,1,10,E01013223,3,1,0.0,1.0,-1,1,40,1,4,1,18:40,6,2,1
2023211321336,2023,211321336,2,1,1,2,33,6,3,0,0,0,0,0,1,7,E01029544,3,1,0.0,1.0,-1,6,30,2,1,2,18:04,4,2,1
2023451349442,2023,451349442,2,1,1,1,83,11,3,0,0,0,0,0,1,6,E01030995,3,1,0.0,1.0,-1,6,30,1,1,1,09:40,6,2,1
202360A095350,2023,60A095350,1,1,1,1,42,7,3,0,0,0,0,0,1,-1,-1,-1,0,0.17675,0.82325,-1,6,30,1,1,1,16:40,2,3,1
2023010452143,2023,010452143,1,1,1,1,32,6,3,0,0,0,0,0,3,2,E01003325,-1,0,0.0,1.0,-1,9,20,1,1,1,17:00,4,2,3
2023201426530,2023,201426530,2,3,2,2,-1,-1,3,0,0,1,0,0,9,-1,-1,3,1,0.0,1.0,-1,3,30,1,1,1,13:28,2,2,9
2023440153172,2023,440153172,1,1,1,1,45,7,3,0,0,0,0,0,19,1,E01017040,-1,0,0.06197,0.93803,-1,6,30,1,1,1,15:52,4,1,19
2023311338814,2023,311338814,2,1,1,1,32,6,3,0,0,0,0,0,3,1,E01013811,3,1,0.0,1.0,-1,1,20,1,1,1,18:00,6,2,3
2023501317136,2023,501317136,2,2,2,1,-1,-1,3,0,0,2,0,0,9,9,E01030875,3,1,0.0,1.0,-1,6,60,2,1,2,13:50,7,2,9
2023010428519,2023,010428519,1,1,1,2,32,6,3,0,0,0,0,0,9,-1,-1,-1,0,0.0,1.0,-1,6,30,2,1,2,08:55,4,2,9
2023070679682,2023,070679682,2,1,1,1,29,6,3,0,0,0,0,0,9,5,E01018717,-1,0,0.03583,0.96417,-1,1,60,2,4,2,21:52,4,2,9
2023201281608,2023,201281608,2,2,1,2,64,9,3,0,0,0,0,0,9,1,E01009132,3,1,0.0,1.0,-1,6,30,1,1,1,15:45,7,2,9
2023351318979,2023,351318979,2,1,1,2,17,4,3,0,0,0,0,0,9,9,E01018199,3,1,0.0,1.0,-1,6,30,1,1,-1,19:40,2,2,9
2023471392263,2023,471392263,1,1,1,1,30,6,3,0,0,0,0,0,9,1,E01022967,3,1,0.0,1.0,-1,3,70,2,4,2,17:33,2,2,9
2023610049323,2023,610049323,2,1,1,1,23,5,3,0,0,1,0,0,9,3,W01001448,-1,0,0.04808,0.95192,-1,6,20,2,7,2,17:30,1,2,9
2023010452267,2023,010452267,1,1,1,2,26,6,3,0,0,0,0,0,3,1,E01002073,-1,0,0.0,1.0,-1,3,20,1,1,1,12:20,3,2,3
2023421343595,2023,421343595,1,1,1,1,32,6,3,0,0,0,0,0,3,1,E01001559,3,1,0.0,1.0,-1,6,30,1,1,1,21:55,7,1,3
2023231293899,2023,231293899,1,4,2,1,10,2,3,0,0,1,0,0,9,5,E01024191,3,1,0.0,1.0,-1,3,40,1,1,1,15:55,1,1,9
2023991362325,2023,991362325,1,1,1,1,20,4,2,0,0,0,0,0,9,3,-1,7,1,1.0,0.0,-1,6,50,1,6,1,01:55,6,1,9
2023070367848,2023,070367848,2,2,2,1,31,6,3,0,0,1,0,0,9,1,E01018738,-1,0,0.01583,0.98417,-1,6,30,1,1,1,19:12,2,2,9
2023131371690,2023,131371690,2,1,1,2,22,5,3,0,0,0,0,0,9,8,E01011243,3,1,0.0,1.0,-1,6,30,2,1,2,09:00,2,2,9
2023991308581,2023,991308581,2,2,2,2,34,6,3,0,0,1,0,0,9,1,-1,3,1,0.0,1.0,-1,6,30,1,1,1,16:30,4,2,9
2023010478814,2023,010478814,2,1,1,1,46,8,3,0,0,0,0,0,1,1,E01001839,-1,0,0.0,1.0,-1,1,20,9,4,1,18:45,7,2,1
2023041360133,2023,041360133,2,1,2,2,23,5,2,0,0,1,0,0,9,6,E01024982,6,1,1.0,0.0,-1,3,50,2,1,2,08:18,6,2,9
2023622300419,2023,622300419,1,1,1,2,60,9,3,0,0,0,0,0,9,10,W01001846,-1,0,0.02394,0.97606,-1,6,30,1,1,2,17:00,5,2,9
2023461325844,2023,461325844,1,3,2,1,18,4,3,0,0,1,0,0,9,-1,-1,3,1,0.0,1.0,-1,3,40,1,1,1,12:23,4,1,9
2023471322382,2023,471322382,1,1,1,1,33,6,3,0,0,0,0,0,9,10,E01031740,3,1,0.0,1.0,-1,6,40,1,1,1,18:30,5,2,9
2023622300877,2023,622300877,2,2,1,2,42,7,3,0,0,0,0,0,9,5,W01001786,-1,0,0.03497,0.96503,-1,6,20,1,4,1,22:59,1,3,9
2023461306143,2023,461306143,1,1,1,2,28,6,3,0,0,0,0,0,9,-1,-1,3,1,0.0,1.0,-1,6,60,1,1,1,17:30,5,2,9
2023430470260,2023,430470260,2,1,1,1,73,10,3,0,0,0,0,0,4,9,E01028792,-1,0,0.17687,0.82313,-1,6,20,1,1,2,11:20,5,2,4
2023010435851,2023,010435851,1,1,3,2,15,3,2,5,4,0,0,0,0,5,E01001866,-1,0,1.0,0.0,-1,6,30,1,1,1,17:50,3,1,9
2023371349909,2023,371349909,1,1,1,1,36,7,3,0,0,0,0,0,3,5,E01030093,3,1,0.0,1.0,-1,1,30,1,1,1,16:20,2,2,3
2023131304890,2023,131304890,1,1,3,2,27,6,2,8,3,0,0,2,0,3,E01010980,7,1,1.0,0.0,-1,6,40,1,1,1,12:15,1,1,9
2023991279899,2023,991279899,1,1,3,1,11,3,2,6,9,0,0,2,0,-1,-1,7,1,1.0,0.0,-1,6,20,1,1,1,17:00,2,1,9
2023631316588,2023,631316588,2,1,1,1,17,4,3,0,0,0,0,0,3,6,W01000635,3,1,0.0,1.0,-1,1,30,1,1,1,18:17,5,2,3
2023211315056,2023,211315056,1,1,1,2,35,6,3,0,0,0,0,0,9,8,E01029688,3,1,0.0,1.0,-1,6,60,1,1,1,06:23,1,1,9
2023211304148,2023,211304148,1,1,1,1,16,4,2,0,0,0,0,0,23,2,E01029824,6,1,1.0,0.0,-1,6,30,1,1,2,16:10,1,2,23
2023161329441,2023,161329441,1,1,1,2,52,8,3,0,0,0,0,0,9,5,E01012764,3,1,0.0,1.0,-1,3,30,1,1,1,12:30,6,2,9
2023320624660,2023,320624660,3,1,2,1,61,9,3,0,0,1,0,0,9,6,E01026260,-1,0,0.12159,0.87841,-1,6,60,1,4,1,19:05,7,3,9
2023131381818,2023,131381818,1,1,1,1,43,7,3,0,0,0,0,0,9,5,E01010854,3,1,0.0,1.0,-1,6,60,1,6,4,17:05,7,1,9
2023332300815,2023,332300815,1,1,1,1,36,7,1,0,0,0,0,0,9,2,E01010341,-1,0,0.0,0.0,-1,6,40,1,1,1,16:24,6,2,9
2023010441881,2023,010441881,1,1,1,2,45,7,3,0,0,0,0,0,9,7,E01000493,-1,0,0.0,1.0,-1,6,20,1,1,2,08:40,3,2,9
2023501385461,2023,501385461,2,2,1,2,68,10,2,0,0,0,0,0,9,3,E01018888,6,1,1.0,0.0,-1,3,70,5,1,5,09:03,1,2,9
2023311386829,2023,311386829,2,1,1,1,57,9,3,0,0,0,0,0,19,4,E01028225,3,1,0.0,1.0,-1,6,30,2,1,2,12:37,3,2,19
2023010433861,2023,010433861,1,2,2,-1,-1,-1,3,0,0,1,0,0,9,-1,-1,-1,0,0.0,1.0,-1,6,20,9,4,9,21:15,5,2,9
2023010482492,2023,010482492,2,1,1,1,31,6,3,0,0,0,0,0,9,9,E01016169,-1,0,0.0,1.0,-1,6,30,1,1,1,07:14,5,2,9
2023201291205,2023,201291205,1,1,1,2,30,6,3,0,0,0,0,0,9,2,E01009403,3,1,0.0,1.0,-1,3,30,1,1,1,12:19,3,2,9
2023231341540,2023,231341540,1,1,1,2,50,8,2,0,0,0,0,0,9,-1,-1,7,1,1.0,0.0,-1,6,30,2,1,2,08:10,2,1,9
2023340NN3102,2023,340NN3102,1,1,1,2,41,7,3,0,0,0,0,0,9,7,E01015659,-1,0,0.07177,0.92823,-1,6,60,1,1,1,12:53,6,2,9
2023361364710,2023,361364710,2,2,1,2,47,8,3,0,0,0,0,0,9,5,E01026605,3,1,0.0,1.0,-1,1,30,1,1,1,13:58,5,2,9
2023161291104,2023,161291104,3,1,1,1,50,8,3,0,0,0,0,0,10,6,E01013253,3,1,0.0,1.0,-1,6,30,1,1,1,17:31,1,3,10
2023010462390,2023,010462390,2,1,1,1,28,6,2,0,0,0,0,0,1,-1,-1,-1,0,1.0,0.0,-1,3,20,1,1,1,16:35,6,2,1
2023451331014,2023,451331014,2,1,1,1,12,3,3,0,0,0,0,0,1,4,E01030304,3,1,0.0,1.0,-1,6,30,1,1,1,19:00,5,2,1
2023010446669,2023,010446669,1,1,1,1,32,6,3,0,0,0,0,0,9,6,E01015331,-1,0,0.0,1.0,-1,6,20,1,1,1,18:35,5,2,9
2023371321694,2023,371321694,1,1,1,1,77,11,1,0,0,0,0,0,9,-1,-1,1,1,0.0,0.0,-1,6,30,2,1,2,15:48,5,3,9
2023411398943,2023,411398943,1,1,2,2,29,6,3,0,0,-1,0,0,9,-1,-1,3,1,0.0,1.0,-1,3,70,5,6,2,16:02,5,2,9
2023471288348,2023,471288348,1,1,1,1,61,9,3,0,0,0,0,0,9,6,E01030557,3,1,0.0,1.0,-1,6,60,2,6,2,01:03,1,1,9
2023622300619,2023,622300619,1,1,1,1,17,4,3,0,0,0,0,0,9,1,W01000867,-1,0,0.10863,0.89137,-1,6,30,1,1,1,05:56,6,1,9
2023010486616,2023,010486616,1,1,3,1,38,7,3,10,9,0,0,0,0,2,E01000930,-1,0,0.0,1.0,-1,6,20,1,1,9,14:45,7,1,9
2023041362916,2023,041362916,1,1,1,1,26,6,2,0,0,0,0,0,9,8,E01006363,6,1,1.0,0.0,-1,6,30,2,1,2,16:50,7,2,9
2023332300412,2023,332300412,1,1,1,1,21,5,3,0,0,0,0,0,9,3,E01013665,-1,0,0.03051,0.96949,-1,6,30,1,4,1,22:25,4,2,9
2023430039673,2023,430039673,1,2,2,2,28,6,3,0,0,1,0,0,9,8,E01017690,-1,0,0.00255,0.99745,-1,1,30,1,1,1,11:00,5,2,9
2023010467159,2023,010467159,1,1,1,1,52,8,3,0,0,0,0,0,1,9,E01003382,-1,0,0.0,1.0,-1,6,20,1,1,1,11:10,4,2,1
2023522300760,2023,522300760,2,1,1,1,25,5,2,0,0,0,0,0,5,5,E01014753,-1,0,1.0,0.0,-1,6,20,1,1,1,15:55,6,2,5
2023010445514,2023,010445514,1,2,2,-1,-1,-1,3,0,0,1,0,0,9,9,E01033569,-1,0,0.0,1.0,-1,3,20,1,1,1,18:50,6,2,9
2023041318271,2023,041318271,1,3,1,1,33,6,3,0,0,0,0,0,9,3,E01012623,3,1,0.0,1.0,-1,3,70,1,1,1,17:59,3,2,9
2023440191499,2023,440191499,2,1,1,2,33,6,3,0,0,0,0,0,9,2,E01017186,-1,0,0.04897,0.95103,-1,1,30,1,1,1,18:29,2,2,9
2023010478324,2023,010478324,1,1,2,2,63,9,3,0,0,0,4,0,11,2,E01000526,-1,0,0.0,1.0,-1,2,20,1,4,1,21:50,4,1,11