collision_index,collision_year,collision_ref_no,vehicle_reference,casualty_reference,casualty_class,sex_of_casualty,age_of_casualty,age_band_of_casualty,casualty_severity,pedestrian_location,pedestrian_movement,car_passenger,bus_or_coach_passenger,pedestrian_road_maintenance_worker,casualty_type,casualty_imd_decile,lsoa_of_casualty,enhanced_casualty_severity,casualty_injury_based,casualty_adjusted_severity_serious,casualty_adjusted_severity_slight,casualty_distance_banding,road_type,speed_limit,weather_conditions,light_conditions,road_surface_conditions,time,day_of_week,number_of_vehicles,vehicle_type
2023010460119,2023,010460119,1,1,1,1,35,6,3,0,0,0,0,0,3,6,E01000726,-1,0,0.0,1.0,-1,9,30,1,1,1,13:20,6,2,3
2023041302607,2023,041302607,1,1,1,1,55,8,3,0,0,0,0,0,3,8,E01025597,3,1,0.0,1.0,-1,6,20,1,1,1,13:10,2,2,3
2023070021824,2023,070021824,2,1,1,1,34,6,3,0,0,0,0,0,3,7,E01018699,-1,0,0.17684,0.82316,-1,6,40,1,4,2,20:06,7,2,3
2023545580523,2023,545580523,1,1,3,1,78,11,3,4,1,0,0,0,0,8,E01032050,-1,0,0.18629,0.81371,-1,6,30,1,1,1,13:45,1,1,9
2023340WN0942,2023,340WN0942,2,2,2,2,6,2,3,0,0,2,0,0,9,-1,-1,-1,0,0.06141,0.93859,-1,6,60,1,6,1,17:08,2,2,9
2023471358001,2023,471358001,2,3,2,2,78,11,2,0,0,1,0,0,9,7,E01031722,5,1,1.0,0.0,-1,6,60,1,1,1,11:15,6,2,9
2023052400207,2023,052400207,1,1,1,1,51,8,3,0,0,0,0,0,1,1,E01006430,-1,0,0.21103,0.78897,-1,6,30,1,4,2,21:15,3,2,1
2023371314630,2023,371314630,2,1,1,-1,35,6,3,0,0,0,0,0,1,9,E01030107,3,1,0.0,1.0,-1,6,30,8,1,1,12:20,6,2,1
2023010464024,2023,010464024,1,1,1,1,34,6,3,0,0,0,0,0,3,4,E01003255,-1,0,0.0,1.0,-1,7,20,1,1,1,14:25,1,2,3
2023131272605,2023,131272605,1,1,2,1,36,7,3,0,0,1,0,0,9,1,E01011294,3,1,0.0,1.0,-1,6,30,1,4,1,23:45,1,4,9
2023332301201,2023,332301201,1,1,1,1,27,6,3,0,0,0,0,0,9,3,E01025717,-1,0,0.00138,0.99862,-1,2,30,1,4,-1,17:30,6,2,9
2023010468493,2023,010468493,2,1,1,2,52,8,2,0,0,0,0,0,1,8,E01021750,-1,0,1.0,0.0,-1,6,30,8,4,2,21:17,3,2,1
2023501304751,2023,501304751,2,1,1,1,16,4,3,0,0,0,0,0,2,-1,-1,3,1,0.0,1.0,-1,6,60,1,1,2,20:35,7,2,2
2023010461707,2023,010461707,1,4,3,2,10,2,3,7,9,0,0,0,0,7,E01002836,-1,0,0.0,1.0,-1,6,30,1,1,1,13:19,2,1,9
2023070377067,2023,070377067,1,1,3,1,12,3,3,5,3,0,0,0,0,3,E01012427,-1,0,0.1029,0.8971,-1,6,30,1,1,1,16:08,5,1,9
2023041392561,2023,041392561,2,1,1,1,79,11,3,0,0,0,0,0,9,7,E01026484,3,1,0.0,1.0,-1,6,50,5,4,2,21:15,4,2,9
2023061268931,2023,061268931,2,2,1,1,70,10,3,0,0,0,0,0,9,3,E01004990,3,1,0.0,1.0,-1,3,30,1,4,2,20:01,5,2,9
2023340NN3082,2023,340NN3082,2,1,1,2,22,5,3,0,0,0,0,0,9,2,E01027330,-1,0,0.05524,0.94476,-1,6,40,1,1,1,16:25,4,2,9
2023131381156,2023,131381156,1,1,1,1,20,4,3,0,0,0,0,0,9,10,E01011797,3,1,0.0,1.0,-1,6,30,1,4,2,02:00,1,1,9
2023440009429,2023,440009429,1,1,1,1,30,6,3,0,0,0,0,0,9,2,E01022934,-1,0,0.04664,0.95336,-1,7,70,5,1,2,10:34,1,1,9
2023501305029,2023,501305029,1,1,2,2,19,4,3,0,0,1,0,0,9,6,E01029080,3,1,0.0,1.0,-1,9,70,2,1,2,12:35,2,1,9
2023371358810,2023,371358810,2,1,1,1,68,10,3,0,0,0,0,0,5,6,E01021398,3,1,0.0,1.0,-1,6,40,1,1,1,10:05,6,2,5
2023141265109,2023,141265109,1,1,2,1,22,5,3,0,0,1,0,0,9,-1,-1,3,1,0.0,1.0,-1,6,30,1,4,1,17:08,4,2,9
2023440088946,2023,440088946,3,5,2,1,2,1,3,0,0,2,0,0,9,-1,-1,-1,0,0.09953,0.90047,-1,6,40,1,4,1,19:05,7,3,9
2023131378672,2023,131378672,1,1,3,1,16,4,2,1,1,0,0,2,0,1,E01011616,7,1,1.0,0.0,-1,3,40,1,4,1,17:35,6,1,9
2023421318493,2023,421318493,1,1,3,1,21,5,3,1,1,0,0,0,0,3,E01021892,3,1,0.0,1.0,-1,6,20,1,1,1,14:30,3,1,9
2023010440803,2023,010440803,2,2,1,1,24,5,3,0,0,0,0,0,1,1,E01000596,-1,0,0.0,1.0,-1,6,30,1,4,1,03:05,4,2,1
2023501392245,2023,501392245,1,1,2,2,38,7,3,0,0,1,0,0,9,8,E01018823,3,1,0.0,1.0,-1,6,30,2,1,2,11:50,2,2,9
2023302300964,2023,302300964,1,1,1,1,-1,-1,3,0,0,0,0,0,1,7,E01019521,-1,0,0.09145,0.90855,-1,6,30,1,1,1,17:50,1,2,1
2023430034792,2023,430034792,1,1,1,1,39,7,3,0,0,0,0,0,9,7,E01017643,-1,0,0.00843,0.99157,-1,6,30,1,7,4,17:40,2,2,9
2023430354606,2023,430354606,1,1,2,2,12,3,3,0,0,2,0,0,9,-1,-1,-1,0,0.02554,0.97446,-1,6,30,1,1,1,13:15,4,2,9
2023010423960,2023,010423960,2,2,2,-1,-1,-1,3,0,0,0,0,0,90,10,E01023695,-1,0,0.0,1.0,-1,9,40,1,4,1,00:05,7,3,90
2023010476421,2023,010476421,1,1,1,1,37,7,3,0,0,0,0,0,3,3,E01001445,-1,0,0.0,1.0,-1,9,30,1,1,1,16:40,7,2,3
2023010470441,2023,010470441,1,1,1,1,25,5,2,0,0,0,0,0,4,2,E01003540,-1,0,1.0,0.0,-1,3,20,1,1,1,17:50,6,2,4
2023440192574,2023,440192574,2,1,1,1,64,9,3,0,0,0,0,0,5,5,E01031385,-1,0,0.24601,0.75399,-1,6,60,1,1,1,12:40,3,2,5
2023141382031,2023,141382031,2,2,2,2,77,11,3,0,0,1,0,0,9,7,E01007657,3,1,0.0,1.0,-1,6,60,2,1,2,13:36,1,3,9
2023201299200,2023,201299200,2,2,2,1,9,2,3,0,0,2,0,0,9,-1,-1,3,1,0.0,1.0,-1,3,30,2,1,2,14:59,4,2,9
2023161322655,2023,161322655,1,1,1,2,25,5,3,0,0,0,0,0,1,-1,-1,3,1,0.0,1.0,-1,6,30,1,1,1,15:12,5,1,1
2023041345777,2023,041345777,2,1,1,1,29,6,3,0,0,0,0,0,9,6,E01025031,3,1,0.0,1.0,-1,6,30,1,1,1,08:32,7,2,9
2023430413936,2023,430413936,2,2,2,2,16,4,3,0,0,1,0,0,9,9,E01016786,-1,0,0.0023,0.9977,-1,6,30,1,1,1,16:38,5,2,9
2023010474063,2023,010474063,1,1,3,2,24,5,3,6,9,0,0,0,0,9,E01021940,-1,0,0.0,1.0,-1,9,30,1,4,1,06:30,4,1,90
2023141377311,2023,141377311,2,2,2,1,55,8,3,0,0,0,0,0,19,4,E01007584,3,1,0.0,1.0,-1,6,40,1,4,1,17:35,3,2,19
2023471365689,2023,471365689,2,1,1,1,47,8,3,0,0,0,0,0,19,5,E01031385,3,1,0.0,1.0,-1,6,20,1,1,1,11:10,1,2,19
2023010429844,2023,010429844,1,2,2,2,82,11,3,0,0,1,0,0,9,7,E01003817,-1,0,0.0,1.0,-1,6,20,1,1,1,12:00,4,2,9
2023010481620,2023,010481620,2,1,1,1,52,8,3,0,0,0,0,0,9,9,E01028439,-1,0,0.0,1.0,-1,3,40,9,4,2,20:55,7,2,9
2023010485661,2023,010485661,2,1,1,1,23,5,2,0,0,0,0,0,9,2,E01001172,-1,0,1.0,0.0,-1,2,30,1,4,1,02:20,7,3,9
2023052302219,2023,052302219,2,1,1,2,54,8,3,0,0,0,0,0,9,2,E01006813,-1,0,0.01082,0.98918,-1,6,30,1,1,1,12:13,7,3,9
2023461386658,2023,461386658,5,1,2,2,13,3,3,0,0,-1,0,0,9,4,E01024178,3,1,0.0,1.0,-1,6,30,2,1,2,13:30,1,6,9
2023622300726,2023,622300726,2,3,2,2,15,3,3,0,0,2,0,0,9,1,W01001880,-1,0,0.00658,0.99342,-1,6,30,1,1,1,16:26,6,2,9
2023010460194,2023,010460194,1,1,3,1,87,11,2,5,1,0,0,0,0,7,E01000437,-1,0,1.0,0.0,-1,3,30,9,1,1,14:49,3,1,1
2023501272118,2023,501272118,2,1,1,1,15,3,3,0,0,0,0,0,1,1,E01015261,3,1,0.0,1.0,-1,6,30,1,1,1,08:10,5,2,1
2023061393526,2023,061393526,1,1,1,1,18,4,2,0,0,0,0,0,2,1,E01033220,6,1,1.0,0.0,-1,6,30,2,4,2,20:14,1,2,2
2023010446554,2023,010446554,1,1,1,1,30,6,3,0,0,0,0,0,3,2,E01003089,-1,0,0.0,1.0,-1,2,20,1,1,1,13:00,5,2,3
2023010477674,2023,010477674,1,1,1,1,34,6,3,0,0,0,0,0,3,7,E01000675,-1,0,0.0,1.0,-1,6,20,1,4,2,21:43,5,2,3
2023010427553,2023,010427553,2,1,1,1,49,8,3,0,0,0,0,0,4,5,E01000146,-1,0,0.0,1.0,-1,6,20,1,4,1,18:35,5,2,4
2023320015069,2023,320015069,1,1,1,1,23,5,2,0,0,0,0,0,9,7,E01026388,-1,0,1.0,0.0,-1,3,70,1,6,2,20:45,1,1,9
2023361343391,2023,361343391,1,1,1,2,84,11,3,0,0,0,0,0,9,5,E01026290,3,1,0.0,1.0,-1,6,60,1,1,1,13:20,7,2,9
2023991349728,2023,991349728,3,1,1,2,56,9,3,0,0,0,0,0,9,2,-1,3,1,0.0,1.0,-1,3,70,1,1,1,17:15,4,3,9
2023122300706,2023,122300706,1,1,3,2,55,8,3,5,3,0,0,0,0,4,E01013353,-1,0,0.09545,0.90455,-1,6,30,1,4,1,23:00,7,1,9
2023161339763,2023,161339763,1,1,1,1,36,7,2,0,0,0,0,0,1,5,E01013030,7,1,1.0,0.0,-1,1,30,1,1,1,17:30,7,2,1
2023440071482,2023,440071482,2,1,1,2,49,8,3,0,0,0,0,0,1,7,E01023257,-1,0,0.19335,0.80665,-1,6,20,8,4,1,23:17,2,2,1
2023131370227,2023,131370227,2,1,1,1,64,9,3,0,0,0,0,0,5,8,E01007379,3,1,0.0,1.0,-1,6,30,1,1,2,08:40,6,2,5
2023010442811,2023,010442811,2,1,1,1,47,8,2,0,0,0,0,0,9,6,E01003711,-1,0,1.0,0.0,-1,3,50,1,4,1,18:43,7,2,9
2023101293033,2023,101293033,1,1,1,2,41,7,2,0,0,0,0,0,9,-1,-1,7,1,1.0,0.0,-1,6,30,1,4,1,22:41,1,1,9
2023141318072,2023,141318072,1,1,1,2,57,9,3,0,0,0,0,0,9,9,E01007428,3,1,0.0,1.0,-1,6,60,1,1,1,11:59,3,2,9
2023201411097,2023,201411097,2,1,1,2,71,10,3,0,0,0,0,0,9,5,E01010110,3,1,0.0,1.0,-1,6,30,1,4,1,19:15,3,2,9
2023320214792,2023,320214792,1,1,1,1,58,9,3,0,0,0,0,0,21,7,E01031068,-1,0,0.13515,0.86485,-1,6,60,2,1,2,09:30,2,1,21
2023522300946,2023,522300946,1,1,1,1,30,6,3,0,0,0,0,0,9,4,E01033364,-1,0,0.03204,0.96796,-1,6,40,1,1,1,10:50,1,2,9
2023201296135,2023,201296135,1,1,3,2,57,9,3,9,7,0,0,2,0,-1,-1,3,1,0.0,1.0,-1,6,30,1,4,1,02:40,1,1,9
202354B938023,2023,54B938023,1,1,3,2,40,7,3,5,3,0,0,0,0,4,E01015475,-1,0,0.0937,0.9063,-1,6,30,1,4,1,17:30,6,1,9
2023041352212,2023,041352212,1,2,1,2,67,10,3,0,0,0,0,0,9,8,E01024920,3,1,0.0,1.0,-1,6,30,1,1,1,16:32,4,2,9
2023141376316,2023,141376316,1,1,2,2,53,8,2,0,0,1,0,0,9,6,E01007598,7,1,1.0,0.0,-1,3,70,2,1,2,13:17,1,1,9
2023471357516,2023,471357516,1,1,1,1,32,6,3,0,0,0,0,0,9,5,E01030572,3,1,0.0,1.0,-1,7,40,1,4,2,06:10,6,2,9
2023522400051,2023,522400051,2,3,2,2,11,3,3,0,0,2,0,0,9,3,E01014730,-1,0,0.01776,0.98224,-1,6,20,2,1,2,16:15,3,2,9
2023010476032,2023,010476032,1,1,3,2,90,11,2,4,9,0,0,0,0,9,E01000341,-1,0,1.0,0.0,-1,3,30,8,1,2,12:00,1,1,2
2023411377197,2023,411377197,1,1,3,2,77,11,2,5,3,0,0,0,0,7,E01023880,7,1,1.0,0.0,-1,6,30,2,1,2,17:45,5,1,9
2023010430654,2023,010430654,1,1,1,1,24,5,3,0,0,0,0,0,3,4,E01001694,-1,0,0.0,1.0,-1,6,30,1,5,1,18:31,2,2,3
2023010434447,2023,010434447,2,1,1,1,32,6,3,0,0,0,0,0,3,9,E01004155,-1,0,0.0,1.0,-1,6,30,1,1,1,08:10,2,2,3
2023201400492,2023,201400492,1,1,1,1,31,6,3,0,0,0,0,0,3,2,E01009872,3,1,0.0,1.0,-1,6,30,1,1,1,07:30,3,3,3
2023010438736,2023,010438736,1,2,2,2,21,5,3,0,0,1,0,0,9,4,E01000039,-1,0,0.0,1.0,-1,6,30,1,4,1,01:45,7,1,9
2023371354100,2023,371354100,2,1,1,2,42,7,3,0,0,0,0,0,9,10,E01033319,3,1,0.0,1.0,-1,1,30,1,1,1,15:36,3,2,9
2023070582537,2023,070582537,1,1,1,1,42,7,2,0,0,0,0,0,1,1,E01033300,-1,0,1.0,0.0,-1,6,20,1,1,1,20:21,5,2,1
2023010469458,2023,010469458,1,1,3,1,35,6,3,5,2,0,0,0,0,3,E01004333,-1,0,0.0,1.0,-1,6,30,1,1,1,09:25,2,1,9
2023201404978,2023,201404978,1,1,3,1,6,2,3,5,4,0,0,0,0,3,E01009838,3,1,0.0,1.0,-1,6,30,1,5,1,19:50,5,1,9
2023010463305,2023,010463305,1,1,1,1,24,5,3,0,0,0,0,0,3,2,E01001976,-1,0,0.0,1.0,-1,9,20,9,1,9,20:00,1,2,3
2023010457530,2023,010457530,1,1,1,1,26,6,3,0,0,0,0,0,4,2,E01002737,-1,0,0.0,1.0,-1,6,20,1,1,1,11:00,5,2,4
2023010446644,2023,010446644,3,2,1,1,58,9,3,0,0,0,0,0,9,2,E01003334,-1,0,0.0,1.0,-1,3,20,1,4,1,23:05,6,3,9
2023141325675,2023,141325675,1,1,1,1,44,7,3,0,0,0,0,0,9,-1,-1,3,1,0.0,1.0,-1,6,30,1,1,1,16:50,2,2,9
2023141371586,2023,141371586,1,1,1,2,38,7,3,0,0,0,0,0,9,6,E01007669,3,1,0.0,1.0,-1,6,30,1,1,2,07:34,3,2,9
2023340WN2732,2023,340WN2732,1,2,2,1,63,9,3,0,0,2,0,0,9,-1,-1,-1,0,0.2208,0.7792,-1,6,30,1,4,1,00:30,2,1,9
2023471320111,2023,471320111,1,3,2,2,17,4,3,0,0,1,0,0,9,7,E01031813,3,1,0.0,1.0,-1,6,60,1,1,1,12:16,1,2,9
2023522300451,2023,522300451,1,1,2,1,-1,-1,3,0,0,1,0,0,9,-1,-1,-1,0,0.01179,0.98821,-1,6,60,1,1,1,16:50,2,2,9
2023141322104,2023,141322104,2,2,2,2,-1,-1,3,0,0,0,4,0,11,-1,-1,3,1,0.0,1.0,-1,3,40,1,1,1,16:47,6,3,11
2023070065414,2023,070065414,2,1,1,2,35,6,3,0,0,0,0,0,9,3,E01012454,-1,0,0.03507,0.96493,-1,6,40,1,1,1,08:00,2,2,9
2023302301467,2023,302301467,1,1,2,2,49,8,3,0,0,1,0,0,9,6,E01019557,-1,0,0.04592,0.95408,-1,6,30,2,1,2,18:35,6,2,9
2023430255098,2023,430255098,2,3,2,1,82,11,3,0,0,1,0,0,9,10,E01016607,-1,0,0.08369,0.91631,-1,6,30,1,1,1,14:53,7,2,9
2023440119263,2023,440119263,1,3,2,2,12,3,3,0,0,2,0,0,9,5,E01019947,-1,0,0.01338,0.98662,-1,3,40,1,1,1,18:00,7,2,9
2023061341189,2023,061341189,2,1,1,1,43,7,3,0,0,0,0,0,9,2,E01033657,3,1,0.0,1.0,-1,6,30,1,4,1,21:10,7,2,9
2023010468179,2023,010468179,1,1,3,1,57,9,2,5,1,0,0,0,0,9,E01002025,-1,0,1.0,0.0,-1,6,20,2,4,2,00:50,6,1,1
2023041355631,2023,041355631,2,1,1,1,39,7,3,0,0,0,0,0,1,2,E01025445,3,1,0.0,1.0,-1,6,30,2,4,2,22:24,7,3,1
2023070167475,2023,070167475,2,1,1,1,44,7,3,0,0,0,0,0,1,4,E01018396,-1,0,0.08249,0.91751,-1,2,30,1,1,1,15:10,6,2,1
2023131339046,2023,131339046,2,1,1,2,32,6,3,0,0,0,0,0,1,6,E01011610,3,1,0.0,1.0,-1,6,30,1,4,1,23:30,5,2,1
202354B110023,2023,54B110023,1,1,1,1,78,11,3,0,0,0,0,0,8,6,E01031876,-1,0,0.06267,0.93733,-1,6,60,2,1,2,13:48,5,2,8
2023031263398,2023,031263398,2,3,2,2,35,6,3,0,0,1,0,0,9,4,E01019252,3,1,0.0,1.0,-1,6,30,4,4,2,18:25,7,2,9
2023031368857,2023,031368857,1,1,1,1,65,9,3,0,0,0,0,0,9,3,E01019205,3,1,0.0,1.0,-1,6,30,1,1,1,13:47,2,2,9
2023041333302,2023,041333302,2,1,1,2,49,8,3,0,0,0,0,0,9,1,E01024953,3,1,0.0,1.0,-1,6,30,1,1,1,15:58,3,2,9
2023161380570,2023,161380570,1,1,1,2,78,11,3,0,0,0,0,0,9,3,E01012839,3,1,0.0,1.0,-1,6,60,1,1,1,15:47,4,2,9
2023451384323,2023,451384323,2,2,1,2,45,7,3,0,0,0,0,0,9,8,E01030592,3,1,0.0,1.0,-1,3,70,1,1,1,10:40,6,3,9
2023461344435,2023,461344435,1,1,1,2,51,8,3,0,0,0,0,0,9,6,E01024520,3,1,0.0,1.0,-1,6,30,1,1,1,10:08,1,3,9
2023548291323,2023,548291323,1,1,1,2,40,7,3,0,0,0,0,0,9,6,E01032011,-1,0,0.06409,0.93591,-1,6,60,1,1,1,13:08,2,1,9
2023010467721,2023,010467721,1,1,1,1,37,7,2,0,0,0,0,0,3,2,E01000141,-1,0,1.0,0.0,-1,6,20,1,1,1,15:53,6,2,3
2023421347539,2023,421347539,1,1,1,2,25,5,2,0,0,0,0,0,3,6,E01022010,7,1,1.0,0.0,-1,3,60,2,1,2,09:50,5,1,3
2023991345820,2023,991345820,1,1,1,1,56,9,2,0,0,0,0,0,5,6,-1,7,1,1.0,0.0,-1,6,60,1,1,2,15:10,7,1,5
2023041377863,2023,041377863,1,1,3,2,54,8,3,10,7,0,0,0,0,2,E01025313,3,1,0.0,1.0,-1,6,20,2,4,2,20:15,1,1,9
2023131350697,2023,131350697,1,1,3,2,69,10,3,8,1,0,0,2,0,10,E01010580,3,1,0.0,1.0,-1,6,20,1,1,1,13:40,7,1,9
2023141320804,2023,141320804,1,1,3,1,70,10,3,6,9,0,0,0,0,-1,-1,3,1,0.0,1.0,-1,6,30,2,1,2,11:00,3,1,9
2023010424237,2023,010424237,1,1,2,2,28,6,3,0,0,1,0,0,9,3,E01002528,-1,0,0.0,1.0,-1,6,30,1,4,1,17:01,1,3,9
2023451371134,2023,451371134,1,1,1,1,56,9,3,0,0,0,0,0,9,4,E01002596,3,1,0.0,1.0,-1,3,30,1,4,2,18:30,6,2,9
2023010485827,2023,010485827,2,1,1,2,18,4,2,0,0,0,0,0,1,8,E01003895,-1,0,1.0,0.0,-1,6,20,1,1,1,10:00,1,2,1
2023471340973,2023,471340973,2,1,1,1,41,7,3,0,0,0,0,0,1,10,E01016998,3,1,0.0,1.0,-1,6,20,1,1,2,17:15,6,2,1
2023631381047,2023,631381047,2,1,1,1,48,8,3,0,0,0,0,0,1,5,W01000566,3,1,0.0,1.0,-1,6,60,1,1,1,15:05,5,2,1
2023231319418,2023,231319418,1,1,1,1,29,6,2,0,0,0,0,0,5,1,E01009539,7,1,1.0,0.0,-1,6,50,1,1,1,18:20,7,1,5
2023131272122,2023,131272122,1,1,1,2,75,10,2,0,0,0,0,0,9,10,E01011535,6,1,1.0,0.0,-1,6,30,1,1,1,15:56,6,2,9
2023411381343,2023,411381343,1,1,1,1,56,9,3,0,0,0,0,0,9,9,E01023291,3,1,0.0,1.0,-1,6,30,2,1,2,14:48,4,2,9
2023201393536,2023,201393536,1,1,3,1,35,6,2,6,9,0,0,2,0,1,E01009349,7,1,1.0,0.0,-1,6,30,2,4,2,21:50,7,1,9
2023351306100,2023,351306100,2,1,1,1,57,9,2,0,0,0,0,0,1,3,E01017975,7,1,1.0,0.0,-1,6,30,1,1,1,08:55,4,2,1
2023311321880,2023,311321880,2,1,2,2,19,4,3,0,0,2,0,0,9,9,E01028117,3,1,0.0,1.0,-1,6,30,1,4,1,04:21,1,2,9
2023471335418,2023,471335418,1,1,1,1,58,9,3,0,0,0,0,0,9,6,E01031362,3,1,0.0,1.0,-1,3,70,1,1,1,08:15,1,1,9
2023461265201,2023,461265201,2,1,1,1,29,6,3,0,0,0,0,0,19,10,E01016091,3,1,0.0,1.0,-1,6,30,1,1,1,14:18,6,3,19
2023061306315,2023,061306315,2,1,1,2,45,7,3,0,0,0,0,0,1,3,E01005297,3,1,0.0,1.0,-1,6,30,1,1,1,15:47,4,2,1
2023471282110,2023,471282110,1,1,1,2,32,6,3,0,0,0,0,0,3,7,E01016897,3,1,0.0,1.0,-1,3,40,1,1,4,07:32,5,1,3
2023201371742,2023,201371742,2,2,1,1,25,5,3,0,0,0,0,0,9,2,E01033635,3,1,0.0,1.0,-1,3,30,1,4,2,00:12,3,2,9
2023311323670,2023,311323670,1,1,1,1,30,6,3,0,0,0,0,0,9,2,E01028304,3,1,0.0,1.0,-1,6,30,1,4,1,23:13,4,1,9
2023010478992,2023,010478992,1,1,1,1,29,6,3,0,0,0,0,0,3,2,E01004321,-1,0,0.0,1.0,-1,6,20,1,4,1,21:43,1,2,3
2023061374615,2023,061374615,1,1,1,1,19,4,2,0,0,0,0,0,9,-1,-1,7,1,1.0,0.0,-1,6,20,2,4,2,21:50,2,5,9
2023071128272,2023,071128272,1,1,1,1,24,5,3,0,0,0,0,0,9,10,E01018438,-1,0,0.07996,0.92004,-1,6,30,8,4,4,02:30,1,4,9
2023131355641,2023,131355641,1,1,2,1,11,3,3,0,0,2,0,0,9,3,E01011016,3,1,0.0,1.0,-1,6,30,8,4,2,00:28,1,3,9
2023141365236,2023,141365236,1,1,1,1,51,8,3,0,0,0,0,0,9,6,E01007554,3,1,0.0,1.0,-1,6,30,1,1,1,11:00,1,2,9
2023991392917,2023,991392917,2,2,1,2,38,7,3,0,0,0,0,0,9,2,-1,3,1,0.0,1.0,-1,6,30,1,1,1,12:52,5,2,9
2023221311206,2023,221311206,2,2,1,2,40,7,3,0,0,0,0,0,9,9,E01014103,3,1,0.0,1.0,-1,6,30,1,1,1,07:37,6,2,9
2023361273012,2023,361273012,1,1,1,1,32,6,3,0,0,0,0,0,9,1,E01026687,3,1,0.0,1.0,-1,6,30,1,4,1,17:37,2,1,9
2023371378139,2023,371378139,1,1,1,1,57,9,3,0,0,0,0,0,9,4,E01030230,3,1,0.0,1.0,-1,6,60,1,1,1,15:57,1,2,9
2023052300321,2023,052300321,2,1,1,2,42,7,3,0,0,0,0,0,1,5,E01006946,-1,0,0.14055,0.85945,-1,6,30,1,1,1,11:16,6,2,1
2023141392358,2023,141392358,2,1,1,1,47,8,2,0,0,0,0,0,5,4,E01008142,6,1,1.0,0.0,-1,1,40,5,4,2,07:15,4,2,5
2023010443607,2023,010443607,1,1,2,1,12,3,3,0,0,1,0,0,9,3,E01002402,-1,0,0.0,1.0,-1,3,20,1,1,1,07:50,5,1,9
2023131301329,2023,131301329,1,1,1,2,64,9,3,0,0,0,0,0,9,5,E01011158,3,1,0.0,1.0,-1,9,30,1,1,1,20:00,4,2,9
2023421322885,2023,421322885,1,2,2,2,86,11,3,0,0,1,0,0,9,-1,-1,3,1,0.0,1.0,-1,6,30,1,1,1,13:37,2,2,9
2023440090531,2023,440090531,2,1,1,2,52,8,3,0,0,0,0,0,9,7,E01023224,-1,0,0.0214,0.9786,-1,3,70,1,1,2,08:47,2,2,9
202354A099523,2023,54A099523,3,2,1,1,61,9,3,0,0,0,0,0,9,7,E01031891,-1,0,0.07049,0.92951,-1,6,60,1,1,1,11:24,7,3,9
2023622300505,2023,622300505,1,1,1,1,59,9,3,0,0,0,0,0,5,2,W01000801,-1,0,0.26262,0.73738,-1,3,60,1,1,1,04:00,7,1,5
2023201400636,2023,201400636,2,3,2,2,27,6,3,0,0,1,0,0,9,1,E01009214,3,1,0.0,1.0,-1,6,30,1,4,1,22:23,7,2,9
2023201412605,2023,201412605,2,1,1,1,60,9,3,0,0,0,0,0,9,-1,-1,3,1,0.0,1.0,-1,6,30,1,1,1,07:44,5,3,9
2023010473396,2023,010473396,2,2,2,1,33,6,2,0,0,0,0,0,4,8,E01003009,-1,0,1.0,0.0,-1,3,30,1,1,1,09:40,1,2,4
2023041346864,2023,041346864,1,1,1,1,30,6,3,0,0,0,0,0,9,3,E01025058,3,1,0.0,1.0,-1,6,30,1,1,1,10:30,2,3,9
2023361275027,2023,361275027,2,1,1,1,36,7,3,0,0,0,0,0,9,4,E01026909,3,1,0.0,1.0,-1,6,60,1,6,1,17:50,5,3,9
2023451312943,2023,451312943,2,2,1,2,25,5,3,0,0,0,0,0,9,8,E01030537,3,1,0.0,1.0,-1,6,40,1,1,1,10:30,3,3,9
2023010479859,2023,010479859,1,1,1,1,36,7,3,0,0,0,0,0,1,5,E01002733,-1,0,0.0,1.0,-1,6,20,1,4,1,18:44,5,2,1
2023201365798,2023,201365798,1,1,1,1,47,8,2,0,0,0,0,0,4,1,E01009502,6,1,1.0,0.0,-1,6,30,1,1,1,17:20,6,2,4
2023201405205,2023,201405205,1,3,2,2,52,8,2,0,0,2,0,0,9,8,E01010124,7,1,1.0,0.0,-1,6,30,1,1,2,22:51,5,2,9
2023302300297,2023,302300297,1,1,2,1,24,5,3,0,0,1,0,0,9,6,E01029488,-1,0,0.08601,0.91399,-1,6,30,1,4,1,21:44,5,1,9
2023320559725,2023,320559725,1,2,1,1,48,8,3,0,0,0,0,0,9,1,E01026383,-1,0,0.09849,0.90151,-1,6,60,1,1,1,17:00,6,3,9
2023421302293,2023,421302293,1,1,3,2,27,6,3,5,1,0,0,0,0,4,E01015972,3,1,0.0,1.0,-1,6,30,1,1,1,14:16,7,1,9
2023991293719,2023,991293719,1,1,3,1,11,3,2,5,3,0,0,0,0,2,-1,6,1,1.0,0.0,-1,6,30,1,1,1,15:50,3,1,8
2023201300039,2023,201300039,1,1,1,-1,-1,-1,3,0,0,0,0,0,1,-1,-1,3,1,0.0,1.0,-1,6,30,1,1,1,18:30,6,2,1
2023440242154,2023,440242154,1,1,1,1,33,6,3,0,0,0,0,0,1,7,E01017049,-1,0,0.07311,0.92689,-1,6,30,1,4,1,22:36,7,2,1
2023221391809,2023,221391809,2,1,1,1,58,9,3,0,0,0,0,0,5,1,E01009215,3,1,0.0,1.0,-1,6,60,1,4,1,07:23,7,2,5
2023131272416,2023,131272416,1,1,1,1,24,5,3,0,0,0,0,0,9,6,E01033696,3,1,0.0,1.0,-1,6,30,1,4,1,21:23,7,2,9