collision_index,collision_year,collision_ref_no,vehicle_reference,casualty_reference,casualty_class,sex_of_casualty,age_of_casualty,age_band_of_casualty,casualty_severity,pedestrian_location,pedestrian_movement,car_passenger,bus_or_coach_passenger,pedestrian_road_maintenance_worker,casualty_type,casualty_imd_decile,lsoa_of_casualty,enhanced_casualty_severity,casualty_injury_based,casualty_adjusted_severity_serious,casualty_adjusted_severity_slight,casualty_distance_banding,road_type,speed_limit,weather_conditions,light_conditions,road_surface_conditions,time,day_of_week,number_of_vehicles,vehicle_type
2023010471603,2023,010471603,1,1,1,1,25,5,2,0,0,0,0,0,3,7,E01032776,-1,0,1.0,0.0,-1,3,20,1,1,2,15:44,5,2,3
2023421392154,2023,421392154,1,2,1,1,32,6,3,0,0,0,0,0,9,4,E01015906,3,1,0.0,1.0,-1,6,30,1,4,2,21:53,2,3,9
2023541436823,2023,541436823,1,1,1,1,83,11,3,0,0,0,0,0,9,6,E01020178,-1,0,0.17477,0.82523,-1,6,50,1,1,1,14:08,4,3,9
2023111290801,2023,111290801,1,1,1,1,28,6,3,0,0,0,0,0,19,6,E01012317,3,1,0.0,1.0,-1,6,30,1,1,1,06:30,4,2,19
2023010465316,2023,010465316,1,1,2,1,30,6,3,0,0,1,0,0,9,4,E01001174,-1,0,0.0,1.0,-1,2,20,1,1,1,10:52,2,2,9
2023461380240,2023,461380240,2,3,2,2,35,6,3,0,0,-1,0,0,9,2,E01016025,3,1,0.0,1.0,-1,6,40,1,1,2,14:16,6,2,9
2023010461016,2023,010461016,2,1,1,1,28,6,3,0,0,0,0,0,1,2,E01004239,-1,0,0.0,1.0,-1,3,20,1,1,1,10:45,5,2,1
2023231352337,2023,231352337,2,1,1,1,44,7,3,0,0,0,0,0,1,10,E01031255,3,1,0.0,1.0,-1,6,50,1,1,1,10:30,7,2,1
2023451316169,2023,451316169,1,1,3,1,64,9,3,6,8,0,0,0,0,10,E01030924,3,1,0.0,1.0,-1,6,30,1,1,1,14:42,3,1,19
2023010424363,2023,010424363,1,1,1,1,23,5,3,0,0,0,0,0,3,3,E01000578,-1,0,0.0,1.0,-1,2,30,1,4,9,18:49,1,2,3
2023501356755,2023,501356755,1,2,2,1,23,5,2,0,0,2,0,0,9,4,E01018979,7,1,1.0,0.0,-1,6,60,1,1,1,05:50,4,2,9
202360A016942,2023,60A016942,1,3,2,1,23,5,2,0,0,1,0,0,9,-1,-1,-1,0,1.0,0.0,-1,6,60,1,1,1,13:30,7,3,9
2023161305049,2023,161305049,1,1,1,2,21,5,3,0,0,0,0,0,9,1,E01012878,3,1,0.0,1.0,-1,6,30,2,1,2,11:30,2,2,9
2023211288784,2023,211288784,1,1,1,2,41,7,3,0,0,0,0,0,9,-1,-1,3,1,0.0,1.0,-1,3,70,2,6,5,21:37,2,1,9
2023440277100,2023,440277100,1,1,2,2,70,10,3,0,0,1,0,0,9,4,E01017308,-1,0,0.07146,0.92854,-1,6,30,1,1,1,17:45,2,2,9
2023471314263,2023,471314263,3,3,2,1,34,6,3,0,0,1,0,0,9,4,E01030702,3,1,0.0,1.0,-1,6,60,1,1,1,14:15,6,3,9
202363C027823,2023,63C027823,2,2,1,2,46,8,3,0,0,0,0,0,9,-1,-1,-1,0,0.06493,0.93507,-1,6,30,1,1,1,17:20,7,2,9
2023131322363,2023,131322363,1,1,1,1,57,9,3,0,0,0,0,0,1,1,E01033693,3,1,0.0,1.0,-1,6,30,1,1,1,16:09,7,2,1
2023320778491,2023,320778491,1,1,1,1,17,4,3,0,0,0,0,0,3,5,E01026034,-1,0,0.15143,0.84857,-1,6,30,2,4,2,15:58,3,3,3
2023010427157,2023,010427157,1,1,1,1,36,7,3,0,0,0,0,0,3,3,E01003374,-1,0,0.0,1.0,-1,1,20,1,1,1,12:17,2,2,3
2023622300641,2023,622300641,1,1,1,1,42,7,2,0,0,0,0,0,5,1,W01001081,-1,0,1.0,0.0,-1,6,40,1,1,1,17:24,3,2,5
2023010464501,2023,010464501,1,1,1,1,51,8,3,0,0,0,0,0,8,4,E01001176,-1,0,0.0,1.0,-1,1,20,8,1,1,17:55,6,2,8
2023041272466,2023,041272466,1,1,2,1,29,6,3,0,0,1,0,0,9,4,E01025309,3,1,0.0,1.0,-1,6,30,1,4,2,01:10,1,1,9
2023320037356,2023,320037356,2,1,2,2,73,10,3,0,0,1,0,0,9,5,E01001520,-1,0,0.03589,0.96411,-1,3,60,1,1,2,09:25,5,2,9
2023010466526,2023,010466526,1,1,1,1,18,4,3,0,0,0,0,0,9,4,E01003767,-1,0,0.0,1.0,-1,3,50,1,4,1,20:04,7,2,9
2023061289269,2023,061289269,2,1,1,2,44,7,3,0,0,0,0,0,9,4,E01005300,3,1,0.0,1.0,-1,6,20,2,1,2,14:00,2,2,9
2023131284672,2023,131284672,1,1,1,1,86,11,3,0,0,0,0,0,9,3,E01011090,3,1,0.0,1.0,-1,1,30,3,1,2,13:45,4,1,9
2023552301397,2023,552301397,2,1,1,1,47,8,3,0,0,0,0,0,9,5,E01015302,-1,0,0.00767,0.99233,-1,6,30,1,1,1,14:04,3,2,9
2023052301163,2023,052301163,1,1,1,1,63,9,3,0,0,0,0,0,1,6,E01006955,-1,0,0.20456,0.79544,-1,6,30,1,1,1,10:19,6,2,1
2023471282761,2023,471282761,1,1,1,1,-1,-1,3,0,0,0,0,0,3,1,E01016864,3,1,0.0,1.0,-1,6,30,1,1,1,17:00,5,2,3
2023231333839,2023,231333839,1,1,1,1,39,7,2,0,0,0,0,0,5,6,E01003754,7,1,1.0,0.0,-1,6,50,1,1,2,07:03,4,1,5
2023320334761,2023,320334761,1,2,1,2,78,11,3,0,0,0,0,0,9,10,E01026206,-1,0,0.11619,0.88381,-1,6,50,1,1,1,13:50,5,2,9
2023430051547,2023,430051547,1,1,1,1,25,5,2,0,0,0,0,0,9,4,E01017904,-1,0,1.0,0.0,-1,6,40,1,1,1,11:27,6,2,9
2023451371131,2023,451371131,2,1,1,1,52,8,3,0,0,0,0,0,9,6,E01002484,3,1,0.0,1.0,-1,3,70,1,1,1,09:25,2,2,9
2023471293032,2023,471293032,1,1,1,2,37,7,3,0,0,0,0,0,9,-1,-1,3,1,0.0,1.0,-1,6,60,1,6,1,19:50,4,2,9
2023552300616,2023,552300616,1,1,3,1,5,1,3,5,1,0,0,0,0,3,E01015289,-1,0,0.1764,0.8236,-1,6,30,1,1,1,17:11,7,1,9
2023371321474,2023,371321474,1,1,1,1,77,11,3,0,0,0,0,0,3,5,E01026870,3,1,0.0,1.0,-1,6,60,1,1,2,13:00,5,1,3
2023010457063,2023,010457063,1,1,1,2,25,5,3,0,0,0,0,0,9,3,E01001267,-1,0,0.0,1.0,-1,3,40,1,1,1,06:45,2,2,9
2023170L30853,2023,170L30853,1,1,1,1,34,6,3,0,0,0,0,0,9,1,E01012027,-1,0,0.09763,0.90237,-1,6,30,1,1,1,19:03,7,3,9
2023201379862,2023,201379862,2,1,1,2,54,8,3,0,0,0,0,0,9,2,E01010310,3,1,0.0,1.0,-1,3,70,1,4,1,17:30,3,2,9
2023302301886,2023,302301886,1,1,1,1,18,4,3,0,0,0,0,0,9,7,E01019701,-1,0,0.11977,0.88023,-1,6,60,8,1,4,13:20,4,1,9
2023010461238,2023,010461238,1,1,3,2,43,7,3,6,9,0,0,0,0,3,E01001941,-1,0,0.0,1.0,-1,2,20,9,1,1,15:00,4,1,1
2023430105303,2023,430105303,1,1,3,1,63,9,2,9,8,0,0,0,0,6,E01016588,-1,0,1.0,0.0,-1,6,50,2,6,2,19:58,4,1,9
2023501310188,2023,501310188,2,4,2,2,57,9,3,0,0,1,0,0,9,3,E01018856,3,1,0.0,1.0,-1,6,50,1,1,1,15:10,2,3,9
2023131283142,2023,131283142,1,1,1,2,33,6,2,0,0,0,0,0,9,10,E01011563,6,1,1.0,0.0,-1,6,60,1,4,1,04:36,1,2,9
2023141379202,2023,141379202,1,1,1,1,17,4,3,0,0,0,0,0,9,5,E01007751,3,1,0.0,1.0,-1,6,30,1,4,2,18:30,1,3,9
2023010434820,2023,010434820,1,1,1,1,36,7,3,0,0,0,0,0,19,5,E01004152,-1,0,0.0,1.0,-1,6,30,1,1,1,11:00,4,2,19
2023421313032,2023,421313032,2,1,1,2,23,5,3,0,0,0,0,0,9,1,E01022027,3,1,0.0,1.0,-1,6,30,1,1,1,20:00,2,2,9
202360A112732,2023,60A112732,1,1,1,1,18,4,3,0,0,0,0,0,9,-1,-1,-1,0,0.067,0.933,-1,6,30,1,1,1,17:52,2,2,9
202363B030423,2023,63B030423,1,1,1,2,47,8,3,0,0,0,0,0,9,-1,-1,-1,0,0.05025,0.94975,-1,6,60,1,1,1,14:05,3,2,9
2023451319331,2023,451319331,1,1,1,1,28,6,2,0,0,0,0,0,1,10,E01030627,7,1,1.0,0.0,-1,6,30,1,1,1,06:55,5,2,1
2023131357081,2023,131357081,2,1,1,1,26,6,3,0,0,0,0,0,9,1,E01010677,3,1,0.0,1.0,-1,3,40,8,1,2,16:30,4,3,9
2023552400019,2023,552400019,1,1,1,2,36,7,2,0,0,0,0,0,9,7,E01015348,-1,0,1.0,0.0,-1,6,30,1,4,2,22:47,5,1,9
2023041282051,2023,041282051,1,1,3,1,16,4,3,9,5,0,0,0,0,2,E01025285,3,1,0.0,1.0,-1,6,20,2,4,2,22:50,4,1,9
2023311283267,2023,311283267,1,1,3,1,50,8,3,6,9,0,0,0,0,-1,-1,3,1,0.0,1.0,-1,6,30,1,4,1,19:00,7,1,1
2023552301438,2023,552301438,1,1,3,1,73,10,3,10,9,0,0,0,0,4,E01020483,-1,0,0.12378,0.87622,-1,6,30,1,1,1,08:14,2,1,9
2023010437855,2023,010437855,2,3,1,2,52,8,3,0,0,0,0,0,9,2,E01003988,-1,0,0.0,1.0,-1,3,20,1,1,1,13:00,2,2,9
2023501321000,2023,501321000,2,1,1,1,56,9,3,0,0,0,0,0,9,4,E01015029,3,1,0.0,1.0,-1,3,30,1,1,1,17:45,6,2,9
2023542193723,2023,542193723,1,1,1,1,22,5,2,0,0,0,0,0,9,9,E01020391,-1,0,1.0,0.0,-1,6,60,1,1,4,08:32,3,1,9
2023991273529,2023,991273529,1,1,2,2,18,4,2,0,0,2,0,0,9,-1,-1,5,1,1.0,0.0,-1,6,60,2,6,2,00:10,3,1,9
2023552300806,2023,552300806,2,5,2,1,74,10,3,0,0,2,0,0,9,-1,-1,-1,0,0.107,0.893,-1,6,40,1,1,1,17:39,5,3,9
2023010457676,2023,010457676,1,1,1,1,32,6,3,0,0,0,0,0,3,6,E01000981,-1,0,0.0,1.0,-1,6,20,1,1,1,11:45,6,2,3
2023010440913,2023,010440913,1,1,1,1,34,6,3,0,0,0,0,0,4,8,E01000320,-1,0,0.0,1.0,-1,6,20,1,1,1,17:30,3,2,4
2023052300111,2023,052300111,1,1,3,2,29,6,3,1,9,0,0,0,0,3,E01006717,-1,0,0.11724,0.88276,-1,6,30,2,4,2,07:40,3,1,9
2023061375466,2023,061375466,1,1,3,1,76,11,3,5,1,0,0,0,0,2,E01005965,3,1,0.0,1.0,-1,6,20,1,1,1,12:45,5,1,9
2023010426013,2023,010426013,1,1,1,2,41,7,3,0,0,0,0,0,9,3,E01003972,-1,0,0.0,1.0,-1,6,20,1,1,1,09:45,4,3,9
2023141353191,2023,141353191,1,1,1,2,75,10,3,0,0,0,0,0,9,1,E01007543,3,1,0.0,1.0,-1,6,30,1,4,1,22:42,7,2,9
2023231379854,2023,231379854,2,1,1,2,69,10,3,0,0,0,0,0,9,8,E01033255,3,1,0.0,1.0,-1,6,30,2,1,2,09:15,7,2,9
2023010460336,2023,010460336,1,1,1,1,48,8,3,0,0,0,0,0,1,2,E01003483,-1,0,0.0,1.0,-1,6,20,1,1,1,17:35,6,2,1
2023010483344,2023,010483344,1,1,1,1,56,9,3,0,0,0,0,0,9,4,E01015996,-1,0,0.0,1.0,-1,6,20,8,1,1,10:00,2,2,9
2023041299601,2023,041299601,1,1,2,1,20,4,2,0,0,2,0,0,9,6,E01025338,7,1,1.0,0.0,-1,3,40,2,4,2,01:10,7,1,9
2023061310087,2023,061310087,2,2,2,2,62,9,3,0,0,1,0,0,9,3,E01012507,3,1,0.0,1.0,-1,3,20,1,1,1,09:00,6,2,9
2023201287364,2023,201287364,2,1,1,2,23,5,3,0,0,0,0,0,9,2,E01008886,3,1,0.0,1.0,-1,6,20,1,1,1,16:00,4,2,9
2023131389858,2023,131389858,2,1,1,1,16,4,3,0,0,0,0,0,90,2,E01010894,3,1,0.0,1.0,-1,6,30,4,7,1,21:00,1,2,90
2023122301310,2023,122301310,1,4,2,1,6,2,1,0,0,2,0,0,9,4,E01027706,-1,0,0.0,0.0,-1,6,60,1,1,1,14:21,1,3,9
2023201346288,2023,201346288,1,1,1,1,28,6,2,0,0,0,0,0,9,1,E01033633,7,1,1.0,0.0,-1,6,30,2,1,2,10:14,1,2,9
2023302301837,2023,302301837,2,1,1,2,35,6,3,0,0,0,0,0,9,5,E01019501,-1,0,0.01004,0.98996,-1,6,30,1,1,2,09:09,3,2,9
2023430120042,2023,430120042,2,1,1,1,51,8,3,0,0,0,0,0,9,10,E01016625,-1,0,0.01655,0.98345,-1,6,30,1,4,1,18:40,6,2,9
202363C025623,2023,63C025623,1,1,1,1,41,7,3,0,0,0,0,0,19,-1,-1,-1,0,0.12926,0.87074,-1,6,60,1,1,1,17:00,1,1,19
2023052300479,2023,052300479,1,1,1,2,85,11,3,0,0,0,0,0,9,10,E01007200,-1,0,0.09997,0.90003,-1,6,30,1,1,1,15:30,7,2,9
2023201391206,2023,201391206,2,1,2,2,22,5,3,0,0,2,0,0,9,-1,-1,3,1,0.0,1.0,-1,3,30,1,1,1,14:31,1,2,9
2023371374836,2023,371374836,1,1,1,2,85,11,3,0,0,0,0,0,9,2,E01030029,3,1,0.0,1.0,-1,3,70,1,1,1,14:15,7,2,9
2023421346202,2023,421346202,1,2,2,1,-1,-1,3,0,0,1,0,0,9,4,E01021651,3,1,0.0,1.0,-1,6,20,1,1,1,14:39,2,2,9
2023522400239,2023,522400239,1,1,2,2,40,7,3,0,0,1,0,0,9,2,E01014834,-1,0,0.00517,0.99483,-1,6,20,1,1,1,18:20,4,2,9
2023622300766,2023,622300766,1,1,1,2,50,8,3,0,0,0,0,0,9,2,W01000900,-1,0,0.05844,0.94156,-1,7,70,1,4,1,21:48,3,2,9
2023010461427,2023,010461427,2,1,1,2,42,7,3,0,0,0,0,0,1,3,E01003496,-1,0,0.0,1.0,-1,6,30,1,1,1,16:13,7,2,1
2023221287714,2023,221287714,1,1,1,2,52,8,3,0,0,0,0,0,9,9,E01032220,3,1,0.0,1.0,-1,6,30,2,1,2,08:18,4,2,9
2023421394961,2023,421394961,2,5,2,2,60,9,3,0,0,1,0,0,9,-1,-1,3,1,0.0,1.0,-1,3,70,2,1,2,12:45,4,2,9
2023010486704,2023,010486704,1,1,3,1,38,7,3,9,5,0,0,0,0,5,E01002245,-1,0,0.0,1.0,-1,6,30,5,4,2,23:51,7,1,9
2023010420539,2023,010420539,1,1,1,1,52,8,3,0,0,0,0,0,1,2,E01002566,-1,0,0.0,1.0,-1,6,20,2,4,2,07:25,3,2,1
2023010448075,2023,010448075,1,1,1,1,46,8,3,0,0,0,0,0,1,6,E01001387,-1,0,0.0,1.0,-1,6,20,1,1,1,15:30,6,1,1
2023010451144,2023,010451144,1,1,1,1,44,7,3,0,0,0,0,0,1,4,E01002551,-1,0,0.0,1.0,-1,6,30,1,1,1,11:45,7,2,1
2023302301397,2023,302301397,2,1,1,1,55,8,3,0,0,0,0,0,1,3,E01013572,-1,0,0.10504,0.89496,-1,6,30,1,4,1,22:05,5,2,1
2023052300418,2023,052300418,1,2,1,1,30,6,3,0,0,0,0,0,9,2,E01006551,-1,0,0.00827,0.99173,-1,6,30,1,1,1,17:30,6,1,9
2023161300579,2023,161300579,1,1,1,1,28,6,3,0,0,0,0,0,9,1,E01012894,3,1,0.0,1.0,-1,6,30,1,1,1,10:42,1,2,9
2023430397655,2023,430397655,1,1,3,1,5,1,2,5,4,0,0,0,0,10,E01017728,-1,0,1.0,0.0,-1,6,30,1,1,1,15:00,2,2,9
2023041319151,2023,041319151,1,1,1,2,32,6,3,0,0,0,0,0,9,1,E01025248,3,1,0.0,1.0,-1,6,30,1,1,1,15:15,5,2,9
2023411395002,2023,411395002,1,2,1,1,37,7,2,0,0,0,0,0,3,9,E01023674,7,1,1.0,0.0,-1,6,40,1,7,1,21:00,7,2,3
2023070092717,2023,070092717,2,1,1,1,51,8,3,0,0,0,0,0,9,1,E01005754,-1,0,0.03569,0.96431,-1,3,70,4,1,1,13:28,4,2,9
2023161340403,2023,161340403,2,1,2,2,70,10,3,0,0,1,0,0,9,9,E01007475,3,1,0.0,1.0,-1,6,30,1,1,1,11:50,5,2,9
2023520301805,2023,520301805,2,2,1,2,26,6,3,0,0,0,0,0,9,3,E01029112,-1,0,0.00998,0.99002,-1,6,30,1,1,1,14:00,1,3,9
2023201417732,2023,201417732,1,1,1,2,53,8,3,0,0,0,0,0,11,-1,-1,3,1,0.0,1.0,-1,6,30,1,1,1,07:53,6,4,11
2023010479583,2023,010479583,1,1,1,1,55,8,3,0,0,0,0,0,19,4,E01015494,-1,0,0.0,1.0,-1,1,30,1,4,2,20:35,4,1,19
2023052302995,2023,052302995,2,1,1,1,57,9,2,0,0,0,0,0,1,5,E01006490,-1,0,1.0,0.0,-1,6,50,1,1,1,14:20,1,2,1
2023461339268,2023,461339268,2,2,2,2,42,7,2,0,0,0,0,0,5,5,E01031826,7,1,1.0,0.0,-1,6,60,1,1,1,17:56,1,2,5
2023141340965,2023,141340965,2,2,1,1,45,7,3,0,0,0,0,0,9,10,E01013012,3,1,0.0,1.0,-1,3,70,1,1,1,12:45,6,4,9
2023411394717,2023,411394717,2,2,2,2,82,11,3,0,0,1,0,0,9,10,E01018245,3,1,0.0,1.0,-1,3,40,1,4,4,20:02,7,2,9
202360A197113,2023,60A197113,1,2,2,2,75,10,3,0,0,1,0,0,9,-1,-1,-1,0,0.17372,0.82628,-1,6,40,1,1,2,10:29,7,1,9
2023461305114,2023,461305114,1,1,1,1,62,9,3,0,0,0,0,0,19,1,E01016069,3,1,0.0,1.0,-1,3,30,2,1,2,14:10,2,2,19
2023010437466,2023,010437466,2,1,1,2,47,8,2,0,0,0,0,0,1,4,E01003211,-1,0,1.0,0.0,-1,6,20,2,4,2,21:20,6,2,1
2023041349729,2023,041349729,1,1,1,1,91,11,3,0,0,0,0,0,9,9,E01024992,3,1,0.0,1.0,-1,6,30,1,1,1,16:13,2,2,9
2023371378211,2023,371378211,3,2,1,1,60,9,3,0,0,0,0,0,9,-1,-1,3,1,0.0,1.0,-1,6,60,1,6,1,16:30,5,3,9
2023461372424,2023,461372424,2,1,2,1,24,5,3,0,0,1,0,0,9,10,E01024068,3,1,0.0,1.0,-1,6,30,1,1,2,17:00,6,2,9
2023010472095,2023,010472095,1,1,2,2,60,9,3,0,0,0,1,0,11,2,E01002722,-1,0,0.0,1.0,-1,6,20,1,1,1,14:13,1,1,11
2023071117987,2023,071117987,1,1,3,1,62,9,3,5,1,0,0,0,0,8,E01012472,-1,0,0.14381,0.85619,-1,6,30,8,6,1,17:34,5,1,9
2023461289923,2023,461289923,1,1,1,1,-1,-1,2,0,0,0,0,0,3,2,E01024193,5,1,1.0,0.0,-1,3,70,2,1,2,10:05,6,2,3
2023501393806,2023,501393806,2,1,1,2,31,6,3,0,0,0,0,0,9,5,E01020122,3,1,0.0,1.0,-1,3,30,1,1,1,15:20,3,2,9
2023461383817,2023,461383817,1,6,2,2,61,9,2,0,0,0,0,0,90,8,E01030838,7,1,1.0,0.0,-1,6,30,1,1,1,11:37,7,2,90
2023991351388,2023,991351388,1,1,1,1,22,5,2,0,0,0,0,0,97,1,-1,7,1,1.0,0.0,-1,6,30,1,1,1,18:02,2,2,97
2023052301872,2023,052301872,1,1,3,1,0,1,3,6,9,0,0,0,0,-1,-1,-1,0,0.07576,0.92424,-1,6,20,1,1,1,13:00,5,1,1
2023010435960,2023,010435960,1,1,1,1,47,8,3,0,0,0,0,0,1,6,E01001254,-1,0,0.0,1.0,-1,6,20,1,1,1,11:46,4,2,1
2023061268790,2023,061268790,2,1,1,1,41,7,2,0,0,0,0,0,1,2,E01006175,7,1,1.0,0.0,-1,6,30,1,1,1,07:45,3,2,1
2023302301334,2023,302301334,2,1,1,1,60,9,3,0,0,0,0,0,1,9,E01019624,-1,0,0.18414,0.81586,-1,6,60,1,1,1,20:30,5,2,1
2023061369152,2023,061369152,1,2,1,2,78,11,2,0,0,0,0,0,9,4,E01006353,6,1,1.0,0.0,-1,6,30,2,4,2,17:50,3,2,9
2023440061086,2023,440061086,2,1,1,1,86,11,3,0,0,0,0,0,9,9,E01030900,-1,0,0.09675,0.90325,-1,6,30,1,1,1,15:00,2,2,9
2023010454628,2023,010454628,1,1,1,1,62,9,3,0,0,0,0,0,19,1,E01024177,-1,0,0.0,1.0,-1,3,50,1,1,1,15:23,3,3,19
2023311371847,2023,311371847,1,1,3,1,43,7,3,9,5,0,0,0,0,2,E01009891,3,1,0.0,1.0,-1,3,30,1,1,1,14:33,3,2,21
2023010436036,2023,010436036,1,1,1,1,27,6,3,0,0,0,0,0,9,5,E01002232,-1,0,0.0,1.0,-1,6,30,2,1,2,06:08,4,2,9
2023361368468,2023,361368468,1,3,2,1,15,3,2,0,0,1,0,0,9,1,E01026595,7,1,1.0,0.0,-1,6,30,1,1,1,08:52,4,2,9
2023461382209,2023,461382209,1,1,1,1,32,6,3,0,0,0,0,0,9,2,E01023973,3,1,0.0,1.0,-1,1,40,2,4,2,21:30,1,2,9
2023161379885,2023,161379885,2,1,1,1,23,5,2,0,0,0,0,0,3,4,E01012830,5,1,1.0,0.0,-1,6,30,1,1,2,08:19,3,2,3
2023131360816,2023,131360816,1,1,1,1,31,6,2,0,0,0,0,0,5,4,E01011073,7,1,1.0,0.0,-1,6,30,1,4,1,21:22,7,2,5
2023010477898,2023,010477898,1,1,1,1,26,6,2,0,0,0,0,0,3,6,E01001678,-1,0,1.0,0.0,-1,6,20,1,1,2,13:50,2,2,3
2023061337754,2023,061337754,2,1,1,1,57,9,3,0,0,0,0,0,9,1,E01005223,3,1,0.0,1.0,-1,6,30,1,1,1,17:05,7,2,9
2023320122892,2023,320122892,2,3,1,1,69,10,3,0,0,0,0,0,9,9,E01026118,-1,0,0.13338,0.86662,-1,6,50,1,6,1,06:15,2,2,9
2023440270997,2023,440270997,2,1,1,2,31,6,3,0,0,0,0,0,9,2,E01020347,-1,0,0.05371,0.94629,-1,6,40,1,1,1,15:35,5,2,9
2023141379583,2023,141379583,1,1,3,2,56,9,3,6,9,0,0,0,0,1,E01007511,3,1,0.0,1.0,-1,6,30,1,4,1,19:20,1,1,9
2023010454837,2023,010454837,1,1,1,2,30,6,2,0,0,0,0,0,1,4,E01003114,-1,0,1.0,0.0,-1,7,20,1,1,1,08:30,4,2,1
2023041262570,2023,041262570,2,3,1,1,80,11,3,0,0,0,0,0,9,7,E01024999,3,1,0.0,1.0,-1,3,70,2,1,2,11:30,5,2,9
2023041313050,2023,041313050,3,1,1,2,34,6,2,0,0,0,0,0,9,6,E01025402,7,1,1.0,0.0,-1,6,30,1,1,1,18:00,3,4,9
2023461294393,2023,461294393,1,3,2,2,20,4,3,0,0,1,0,0,9,-1,-1,3,1,0.0,1.0,-1,6,30,5,1,2,16:27,6,2,9
2023031338663,2023,031338663,1,1,1,1,17,4,2,0,0,0,0,0,3,3,E01019161,7,1,1.0,0.0,-1,6,40,1,1,1,20:05,7,2,3
2023161295221,2023,161295221,1,2,2,2,60,9,3,0,0,1,0,0,9,3,E01013830,3,1,0.0,1.0,-1,6,30,1,1,2,15:48,2,1,9
2023201326874,2023,201326874,2,1,1,1,37,7,3,0,0,0,0,0,1,-1,-1,3,1,0.0,1.0,-1,6,30,1,1,1,08:00,6,2,1
2023010460241,2023,010460241,1,1,1,2,23,5,3,0,0,0,0,0,3,1,E01001427,-1,0,0.0,1.0,-1,9,30,9,1,9,19:20,6,2,3
2023052300079,2023,052300079,2,1,1,1,43,7,3,0,0,0,0,0,9,10,E01006943,-1,0,0.04213,0.95787,-1,6,30,8,4,2,19:45,3,2,9
2023351409330,2023,351409330,2,3,2,1,17,4,3,0,0,2,0,0,9,3,E01015973,3,1,0.0,1.0,-1,3,70,1,1,1,13:10,4,3,9
2023421316581,2023,421316581,1,1,1,1,73,10,3,0,0,0,0,0,9,-1,-1,3,1,0.0,1.0,-1,6,30,8,1,1,14:10,2,2,9
2023010469759,2023,010469759,1,1,3,2,0,1,3,1,3,0,0,0,0,1,E01000061,-1,0,0.0,1.0,-1,6,30,1,1,1,15:27,3,1,9
2023531270588,2023,531270588,1,1,3,1,5,1,3,5,1,0,0,0,0,10,E01022430,3,1,0.0,1.0,-1,6,30,1,1,2,08:00,2,1,9
2023461346688,2023,461346688,2,1,1,1,52,8,2,0,0,0,0,0,1,7,E01000387,7,1,1.0,0.0,-1,6,60,1,1,1,07:18,3,2,1
2023531365466,2023,531365466,1,3,2,2,17,4,3,0,0,2,0,0,9,2,E01022288,3,1,0.0,1.0,-1,6,30,1,4,1,19:21,1,2,9
2023501305053,2023,501305053,2,1,1,1,17,4,3,0,0,0,0,0,3,4,E01018980,3,1,0.0,1.0,-1,6,30,1,1,1,17:00,4,2,3
2023221337148,2023,221337148,2,2,2,2,44,7,3,0,0,1,0,0,9,8,E01031239,3,1,0.0,1.0,-1,6,30,1,1,1,11:41,6,2,9
2023131372907,2023,131372907,2,1,1,2,25,5,3,0,0,0,0,0,9,2,E01011163,3,1,0.0,1.0,-1,6,30,1,1,2,12:02,4,2,9
2023991304136,2023,991304136,1,2,1,1,46,8,3,0,0,0,0,0,9,9,-1,3,1,0.0,1.0,-1,6,30,1,1,1,10:10,4,2,9
2023010452947,2023,010452947,1,1,1,2,31,6,3,0,0,0,0,0,1,8,E01004051,-1,0,0.0,1.0,-1,6,20,1,4,1,23:45,5,2,1
2023501278446,2023,501278446,2,1,2,1,49,8,3,0,0,1,0,0,9,2,E01015073,3,1,0.0,1.0,-1,6,50,1,1,1,14:00,1,2,9
2023010448170,2023,010448170,1,1,1,1,73,10,3,0,0,0,0,0,9,8,E01023688,-1,0,0.0,1.0,-1,6,30,1,1,1,15:10,7,2,9
2023031334123,2023,031334123,1,1,1,1,34,6,1,0,0,0,0,0,9,6,E01019200,1,1,0.0,0.0,-1,6,60,1,1,2,17:36,5,1,9
2023131376057,2023,131376057,2,1,1,1,17,4,2,0,0,0,0,0,3,4,E01010798,7,1,1.0,0.0,-1,6,30,1,4,1,17:45,6,2,3
2023201389329,2023,201389329,1,1,1,1,53,8,3,0,0,0,0,0,8,-1,-1,3,1,0.0,1.0,-1,6,30,1,4,4,19:48,5,2,8
2023170M11443,2023,170M11443,1,1,1,2,43,7,3,0,0,0,0,0,9,1,E01012020,-1,0,0.00854,0.99146,-1,6,30,1,1,1,15:10,1,2,9
2023311300394,2023,311300394,1,1,2,1,7,2,3,0,0,1,0,0,9,1,E01028065,3,1,0.0,1.0,-1,6,30,1,1,1,08:49,1,2,9
2023430397008,2023,430397008,1,3,2,2,18,4,3,0,0,1,0,0,9,10,E01017841,-1,0,0.06383,0.93617,-1,6,30,1,7,1,22:19,2,1,9
2023440278135,2023,440278135,2,1,1,2,68,10,3,0,0,0,0,0,9,7,E01022764,-1,0,0.04706,0.95294,-1,3,40,1,1,1,12:40,3,3,9