collision_index,collision_year,collision_ref_no,vehicle_reference,casualty_reference,casualty_class,sex_of_casualty,age_of_casualty,age_band_of_casualty,casualty_severity,pedestrian_location,pedestrian_movement,car_passenger,bus_or_coach_passenger,pedestrian_road_maintenance_worker,casualty_type,casualty_imd_decile,lsoa_of_casualty,enhanced_casualty_severity,casualty_injury_based,casualty_adjusted_severity_serious,casualty_adjusted_severity_slight,casualty_distance_banding,road_type,speed_limit,weather_conditions,light_conditions,road_surface_conditions,time,day_of_week,number_of_vehicles,vehicle_type
2023031333127,2023,031333127,2,3,1,1,55,8,3,0,0,0,0,0,20,5,E01019325,3,1,0.0,1.0,-1,6,30,1,1,1,10:03,3,2,20
2023010426461,2023,010426461,2,3,2,1,60,9,3,0,0,0,0,0,10,6,E01000352,-1,0,0.0,1.0,-1,6,30,1,1,1,10:29,6,2,10
2023311358187,2023,311358187,1,1,3,2,14,3,3,5,1,0,0,0,0,2,E01013852,3,1,0.0,1.0,-1,6,30,1,1,1,15:00,6,1,9
2023461279144,2023,461279144,2,1,1,1,23,5,3,0,0,0,0,0,9,8,E01024545,3,1,0.0,1.0,-1,6,60,1,1,1,13:00,2,2,9
2023010472231,2023,010472231,1,1,1,2,52,8,2,0,0,0,0,0,1,9,E01027002,-1,0,1.0,0.0,-1,6,20,1,1,1,18:05,2,2,1
2023041350895,2023,041350895,2,1,1,2,-1,-1,3,0,0,0,0,0,1,-1,-1,3,1,0.0,1.0,-1,3,30,1,1,1,08:19,4,2,1
2023010477177,2023,010477177,2,1,1,1,50,8,3,0,0,0,0,0,3,3,E01032784,-1,0,0.0,1.0,-1,6,20,1,1,1,16:00,6,2,3
2023161301241,2023,161301241,1,1,1,1,32,6,3,0,0,0,0,0,9,1,E01012851,3,1,0.0,1.0,-1,6,30,1,1,1,13:25,4,2,9
2023430493508,2023,430493508,1,1,3,1,40,7,3,9,9,0,0,0,0,10,E01028594,-1,0,0.06894,0.93106,-1,6,20,1,1,1,16:05,5,2,9
2023522400214,2023,522400214,1,1,1,1,50,8,3,0,0,0,0,0,1,4,E01014632,-1,0,0.03479,0.96521,-1,1,30,9,1,-1,06:45,6,2,1
2023531313998,2023,531313998,1,1,1,1,28,6,2,0,0,0,0,0,5,10,E01022172,7,1,1.0,0.0,-1,6,40,1,4,1,23:58,5,2,5
2023311345730,2023,311345730,2,2,1,1,33,6,3,0,0,0,0,0,9,2,E01013947,3,1,0.0,1.0,-1,3,30,1,1,1,10:13,7,2,9
2023471307596,2023,471307596,1,1,1,1,65,9,3,0,0,0,0,0,9,7,E01031508,3,1,0.0,1.0,-1,9,60,1,1,1,12:10,2,2,9
2023421310523,2023,421310523,2,5,2,2,55,8,3,0,0,0,4,0,11,3,E01021831,3,1,0.0,1.0,-1,6,50,1,1,1,11:38,3,2,11
2023041320078,2023,041320078,2,2,2,2,19,4,3,0,0,2,0,0,9,5,E01025239,3,1,0.0,1.0,-1,6,30,2,6,2,19:55,1,3,9
2023041390810,2023,041390810,1,1,2,1,25,5,2,0,0,2,0,0,9,-1,-1,7,1,1.0,0.0,-1,6,30,2,4,2,16:50,4,1,9
2023610007223,2023,610007223,1,1,1,1,61,9,3,0,0,0,0,0,5,-1,-1,-1,0,0.27916,0.72084,-1,6,60,1,1,1,11:31,1,3,5
2023010420599,2023,010420599,1,1,1,2,30,6,3,0,0,0,0,0,9,1,E01002073,-1,0,0.0,1.0,-1,2,20,2,1,2,09:40,3,2,9
2023031390299,2023,031390299,2,1,1,2,38,7,3,0,0,0,0,0,9,-1,-1,3,1,0.0,1.0,-1,6,30,1,1,2,12:15,3,3,9
2023361328079,2023,361328079,1,2,1,1,20,4,2,0,0,0,0,0,9,2,E01026829,7,1,1.0,0.0,-1,6,60,1,1,1,14:00,2,2,9
2023451333826,2023,451333826,1,1,1,1,19,4,2,0,0,0,0,0,9,10,E01030436,7,1,1.0,0.0,-1,6,30,2,4,2,00:43,5,1,9
2023010479772,2023,010479772,1,2,3,1,57,9,2,5,3,0,0,0,0,1,E01004256,-1,0,1.0,0.0,-1,3,30,1,1,1,15:30,5,1,9
2023061283978,2023,061283978,2,1,1,1,61,9,2,0,0,0,0,0,1,2,E01005265,7,1,1.0,0.0,-1,6,30,1,4,1,19:30,2,2,1
2023010464875,2023,010464875,2,1,1,1,19,4,3,0,0,0,0,0,9,2,E01002080,-1,0,0.0,1.0,-1,3,20,1,4,1,21:08,6,2,9
2023440387342,2023,440387342,2,1,1,1,23,5,3,0,0,0,0,0,3,3,E01017194,-1,0,0.14713,0.85287,-1,6,30,1,1,1,13:42,6,2,3
2023421316416,2023,421316416,1,1,1,1,57,9,2,0,0,0,0,0,5,6,E01033121,5,1,1.0,0.0,-1,6,60,1,1,1,19:16,4,1,5
2023131372210,2023,131372210,1,1,3,1,87,11,3,5,3,0,0,2,0,1,E01011103,3,1,0.0,1.0,-1,6,30,2,1,2,16:02,2,1,9
2023351270969,2023,351270969,1,1,3,2,-1,-1,2,5,1,0,0,0,0,-1,-1,7,1,1.0,0.0,-1,6,30,2,4,2,16:30,4,1,9
2023010442752,2023,010442752,2,1,1,1,29,6,2,0,0,0,0,0,1,4,E01001896,-1,0,1.0,0.0,-1,1,20,1,1,1,07:30,7,2,1
2023440305012,2023,440305012,1,1,1,2,19,4,3,0,0,0,0,0,1,10,E01023096,-1,0,0.14192,0.85808,-1,6,30,1,1,1,10:38,7,1,1
2023451360331,2023,451360331,2,1,1,1,44,7,2,0,0,0,0,0,5,6,E01029121,5,1,1.0,0.0,-1,3,50,1,1,1,18:20,1,2,5
2023010432262,2023,010432262,2,1,1,1,36,7,3,0,0,0,0,0,1,4,E01001139,-1,0,0.0,1.0,-1,6,30,1,1,1,07:42,4,2,1
2023480471897,2023,480471897,1,1,1,1,38,7,2,0,0,0,0,0,1,6,E01004583,-1,0,1.0,0.0,-1,6,20,2,4,2,21:30,5,2,1
2023520400386,2023,520400386,1,1,1,1,34,6,1,0,0,0,0,0,3,7,E01032694,-1,0,0.0,0.0,-1,6,60,1,1,1,16:45,3,3,3
2023430432377,2023,430432377,1,1,1,1,21,5,3,0,0,0,0,0,5,3,E01002620,-1,0,0.16058,0.83942,-1,6,30,1,1,1,15:50,4,2,5
2023010442682,2023,010442682,2,1,1,2,42,7,3,0,0,0,0,0,9,1,E01016069,-1,0,0.0,1.0,-1,6,20,1,4,1,00:50,7,3,9
2023052300853,2023,052300853,1,1,3,2,18,4,3,1,3,0,0,0,0,3,E01018534,-1,0,0.0954,0.9046,-1,2,30,1,1,1,18:04,6,1,11
2023010420537,2023,010420537,1,1,1,2,44,7,3,0,0,0,0,0,9,2,E01001754,-1,0,0.0,1.0,-1,6,30,5,4,2,19:20,3,1,9
2023010448623,2023,010448623,1,1,1,2,83,11,2,0,0,0,0,0,9,6,E01003429,-1,0,1.0,0.0,-1,1,30,1,1,1,17:36,2,2,9
2023221325996,2023,221325996,4,4,1,1,70,10,3,0,0,0,0,0,9,6,E01032244,3,1,0.0,1.0,-1,6,30,1,1,1,17:51,6,4,9
2023302301142,2023,302301142,1,1,1,1,35,6,3,0,0,0,0,0,3,5,E01019470,-1,0,0.21028,0.78972,-1,6,30,1,1,1,20:45,3,3,3
2023161339785,2023,161339785,1,1,1,1,36,7,3,0,0,0,0,0,1,1,E01012895,3,1,0.0,1.0,-1,3,30,1,1,1,11:35,2,2,1
2023041310279,2023,041310279,1,1,1,1,18,4,3,0,0,0,0,0,9,3,E01025097,3,1,0.0,1.0,-1,6,60,1,6,1,21:40,2,1,9
2023141375671,2023,141375671,1,1,1,2,19,4,3,0,0,0,0,0,9,1,E01007730,3,1,0.0,1.0,-1,1,30,1,1,1,12:45,5,2,9
2023421259248,2023,421259248,1,2,2,2,16,4,3,0,0,2,0,0,9,-1,-1,3,1,0.0,1.0,-1,6,30,2,6,2,17:53,3,3,9
2023071160244,2023,071160244,2,1,1,2,54,8,3,0,0,0,0,0,9,-1,-1,-1,0,0.0105,0.9895,-1,6,30,2,1,2,15:29,1,2,9
2023311359541,2023,311359541,1,1,1,2,27,6,3,0,0,0,0,0,9,4,E01028133,3,1,0.0,1.0,-1,6,40,1,1,1,17:42,4,3,9
2023421301724,2023,421301724,1,1,1,1,79,11,3,0,0,0,0,0,9,-1,-1,3,1,0.0,1.0,-1,6,60,3,1,2,15:50,5,2,9
2023430361460,2023,430361460,1,1,1,1,46,8,3,0,0,0,0,0,9,3,E01016486,-1,0,0.05082,0.94918,-1,6,30,1,1,1,16:56,1,2,9
2023531354336,2023,531354336,1,1,1,1,19,4,3,0,0,0,0,0,9,4,E01023302,3,1,0.0,1.0,-1,3,70,1,6,1,04:55,4,2,9
2023522300845,2023,522300845,2,4,2,1,11,3,3,0,0,2,0,0,9,8,E01014773,-1,0,0.03964,0.96036,-1,6,40,1,1,1,14:15,1,2,9
2023991307212,2023,991307212,1,4,2,1,1,1,3,0,0,2,0,0,9,-1,-1,3,1,0.0,1.0,-1,6,30,1,1,1,16:40,1,2,9
2023332301044,2023,332301044,1,1,3,2,26,6,3,9,5,0,0,0,0,6,E01025767,-1,0,0.02656,0.97344,-1,6,30,1,7,1,07:00,1,1,9
2023610001123,2023,610001123,1,1,1,1,19,4,2,0,0,0,0,0,3,-1,-1,-1,0,1.0,0.0,-1,6,30,5,4,2,21:36,4,2,3
2023131388798,2023,131388798,1,1,2,2,33,6,2,0,0,0,0,0,9,9,E01011565,7,1,1.0,0.0,-1,6,40,1,4,1,17:55,6,1,9
2023471290399,2023,471290399,1,1,1,2,17,4,3,0,0,0,0,0,9,9,E01020954,3,1,0.0,1.0,-1,6,30,4,1,1,08:45,7,1,9
2023041299137,2023,041299137,1,1,3,1,38,7,2,5,1,0,0,0,0,2,E01024910,5,1,1.0,0.0,-1,6,30,1,1,1,18:54,5,1,9
2023052301632,2023,052301632,2,1,1,1,22,5,2,0,0,0,0,0,4,1,E01006756,-1,0,1.0,0.0,-1,6,30,1,1,1,08:20,7,2,4
2023010424416,2023,010424416,1,1,2,-1,-1,-1,3,0,0,0,0,0,8,3,E01004426,-1,0,0.0,1.0,-1,9,30,1,1,1,08:05,2,1,8
2023302301938,2023,302301938,1,1,3,1,13,3,3,1,1,0,0,0,0,1,E01019729,-1,0,0.09744,0.90256,-1,6,30,1,4,2,06:40,4,1,9
2023461302219,2023,461302219,1,1,3,1,7,2,3,8,1,0,0,0,0,3,E01024241,3,1,0.0,1.0,-1,6,30,1,1,1,19:53,4,1,9
2023010429918,2023,010429918,1,1,1,1,32,6,3,0,0,0,0,0,3,5,E01002533,-1,0,0.0,1.0,-1,6,30,1,4,1,18:28,4,2,3
2023320347597,2023,320347597,2,1,1,1,40,7,2,0,0,0,0,0,5,6,E01015636,-1,0,1.0,0.0,-1,6,40,9,4,1,20:30,3,2,5
2023111317516,2023,111317516,1,2,3,1,14,3,2,5,1,0,0,0,0,3,E01020621,7,1,1.0,0.0,-1,6,20,1,1,4,07:55,3,1,9
2023201275548,2023,201275548,1,1,3,2,3,1,3,1,1,0,0,0,0,1,E01008978,3,1,0.0,1.0,-1,6,20,1,1,1,08:15,2,1,9
2023101320525,2023,101320525,1,1,1,2,78,11,3,0,0,0,0,0,9,3,E01027537,3,1,0.0,1.0,-1,6,30,1,1,1,18:42,2,2,9
2023421316948,2023,421316948,2,1,1,2,22,5,3,0,0,0,0,0,9,10,E01021402,3,1,0.0,1.0,-1,6,30,1,1,1,17:20,6,2,9
2023501312619,2023,501312619,2,1,1,2,38,7,3,0,0,0,0,0,9,2,E01015210,3,1,0.0,1.0,-1,1,30,1,1,1,07:39,7,2,9
2023141361253,2023,141361253,1,1,3,1,24,5,1,5,3,0,0,0,0,8,E01007420,1,1,0.0,0.0,-1,6,30,1,4,1,20:42,2,1,9
2023131325932,2023,131325932,1,3,2,2,17,4,3,0,0,2,0,0,9,2,E01011854,3,1,0.0,1.0,-1,6,50,2,1,2,18:55,3,3,9
2023211343384,2023,211343384,1,1,1,1,25,5,3,0,0,0,0,0,9,10,E01022315,3,1,0.0,1.0,-1,3,70,1,1,1,13:36,7,3,9
2023411344427,2023,411344427,1,1,1,1,34,6,3,0,0,0,0,0,9,6,E01023789,3,1,0.0,1.0,-1,6,60,1,1,1,06:07,2,2,9
2023520300670,2023,520300670,1,1,2,2,24,5,3,0,0,1,0,0,9,3,E01029304,-1,0,0.01976,0.98024,-1,1,40,8,4,4,21:11,7,2,9
2023991350741,2023,991350741,1,1,1,1,34,6,3,0,0,0,0,0,9,6,-1,3,1,0.0,1.0,-1,6,60,1,1,1,14:10,7,2,9
2023031361219,2023,031361219,1,1,3,1,34,6,3,1,9,0,0,0,0,4,E01019216,3,1,0.0,1.0,-1,6,30,1,1,1,20:07,2,1,9
2023010484422,2023,010484422,1,1,1,2,24,5,2,0,0,0,0,0,1,5,E01001803,-1,0,1.0,0.0,-1,3,30,1,4,1,05:15,6,2,1
2023471314263,2023,471314263,2,4,1,2,60,9,3,0,0,0,0,0,20,6,E01020960,3,1,0.0,1.0,-1,6,60,1,1,1,14:15,6,3,20
2023010435098,2023,010435098,1,1,3,1,33,6,3,1,1,0,0,0,0,2,E01003783,-1,0,0.0,1.0,-1,1,20,1,1,1,09:10,5,1,9
2023320245820,2023,320245820,2,1,1,1,34,6,1,0,0,0,0,0,19,8,E01008447,-1,0,0.0,0.0,-1,6,60,1,1,1,09:04,2,2,19
2023041375904,2023,041375904,1,1,3,1,80,11,2,8,7,0,0,0,0,10,E01025350,7,1,1.0,0.0,-1,6,20,1,6,2,18:15,6,1,9
2023311329164,2023,311329164,1,1,1,1,51,8,2,0,0,0,0,0,1,-1,-1,5,1,1.0,0.0,-1,6,30,1,1,1,16:17,4,2,1
2023010452919,2023,010452919,1,1,1,2,37,7,3,0,0,0,0,0,3,5,E01002344,-1,0,0.0,1.0,-1,9,20,9,1,9,19:30,7,2,3
2023010465236,2023,010465236,1,1,1,1,38,7,3,0,0,0,0,0,3,2,E01001448,-1,0,0.0,1.0,-1,9,20,9,1,9,11:50,6,2,3
2023161342797,2023,161342797,2,1,1,1,12,3,3,0,0,0,0,0,1,6,E01013023,3,1,0.0,1.0,-1,6,30,1,1,1,11:30,4,2,1
2023302301057,2023,302301057,2,1,1,1,8,2,3,0,0,0,0,0,1,7,E01019697,-1,0,0.07229,0.92771,-1,6,30,2,1,2,14:00,7,2,1
2023991314787,2023,991314787,1,1,1,1,55,8,2,0,0,0,0,0,4,10,-1,6,1,1.0,0.0,-1,6,60,1,1,1,15:45,1,1,4
2023010435870,2023,010435870,1,1,1,2,18,4,3,0,0,0,0,0,9,10,E01024404,-1,0,0.0,1.0,-1,6,40,1,1,1,18:10,3,1,9
2023010466795,2023,010466795,1,1,1,1,22,5,3,0,0,0,0,0,9,2,E01000930,-1,0,0.0,1.0,-1,9,30,1,4,1,04:04,3,2,9
2023401305829,2023,401305829,1,1,3,1,15,3,3,9,1,0,0,0,0,5,E01017430,3,1,0.0,1.0,-1,6,40,1,1,1,16:10,4,1,9
2023010477060,2023,010477060,2,1,1,1,30,6,2,0,0,0,0,0,1,5,E01033325,-1,0,1.0,0.0,-1,2,20,2,1,2,06:55,6,2,1
2023010428092,2023,010428092,1,1,1,1,26,6,3,0,0,0,0,0,3,1,E01003045,-1,0,0.0,1.0,-1,6,30,1,4,1,19:50,1,2,3
2023411366440,2023,411366440,2,2,2,1,5,1,3,0,0,-1,0,0,9,6,E01023941,3,1,0.0,1.0,-1,1,50,1,1,1,12:30,7,2,9
2023311364443,2023,311364443,1,1,1,2,30,6,2,0,0,0,0,0,9,8,E01027999,7,1,1.0,0.0,-1,6,50,1,1,1,16:32,4,2,9
2023351328460,2023,351328460,2,1,1,1,64,9,3,0,0,0,0,0,98,4,E01018095,3,1,0.0,1.0,-1,3,40,1,1,1,18:00,3,2,98
2023010446201,2023,010446201,1,1,3,2,33,6,3,4,3,0,0,0,0,5,E01000911,-1,0,0.0,1.0,-1,6,20,1,1,1,14:40,4,1,3
2023052300593,2023,052300593,1,1,3,1,39,7,3,6,9,0,0,0,0,1,E01006556,-1,0,0.03836,0.96164,-1,9,30,1,1,1,17:50,6,1,8
2023461356378,2023,461356378,2,1,1,1,42,7,3,0,0,0,0,0,1,7,E01024569,3,1,0.0,1.0,-1,6,30,1,1,1,12:30,5,2,1
2023471266547,2023,471266547,2,1,1,1,50,8,2,0,0,0,0,0,1,8,E01020988,7,1,1.0,0.0,-1,1,30,2,1,2,11:45,1,2,1
2023991317825,2023,991317825,1,2,2,2,54,8,2,0,0,0,0,0,5,-1,-1,6,1,1.0,0.0,-1,6,60,1,1,1,18:23,2,2,5
2023991285702,2023,991285702,1,1,1,1,23,5,3,0,0,0,0,0,3,6,E01019239,3,1,0.0,1.0,-1,6,60,1,1,1,14:25,7,1,3
2023311375076,2023,311375076,2,1,1,1,26,6,3,0,0,0,0,0,1,3,E01028187,3,1,0.0,1.0,-1,6,40,1,4,1,18:45,4,2,1
2023010426889,2023,010426889,1,1,1,1,24,5,3,0,0,0,0,0,3,9,E01016616,-1,0,0.0,1.0,-1,6,20,1,1,1,14:42,3,2,3
2023231271084,2023,231271084,1,1,1,1,52,8,1,0,0,0,0,0,5,5,E01031325,1,1,0.0,0.0,-1,6,50,1,1,1,12:41,2,2,5
2023371350445,2023,371350445,1,1,1,1,37,7,2,0,0,0,0,0,5,7,E01029875,7,1,1.0,0.0,-1,6,40,1,1,1,18:00,5,1,5
2023010430710,2023,010430710,1,1,3,2,68,10,3,5,1,0,0,0,0,1,E01003517,-1,0,0.0,1.0,-1,6,30,2,1,2,14:54,2,1,19
2023211364926,2023,211364926,2,2,3,2,91,11,3,10,9,0,0,0,0,10,E01029760,3,1,0.0,1.0,-1,6,30,1,1,1,13:00,3,2,9
2023010479383,2023,010479383,2,2,1,1,43,7,3,0,0,0,0,0,9,5,E01002492,-1,0,0.0,1.0,-1,3,30,1,4,1,19:20,3,2,9
2023201393064,2023,201393064,2,2,1,2,32,6,3,0,0,0,0,0,9,2,E01010056,3,1,0.0,1.0,-1,6,30,2,1,2,12:10,6,2,9
2023501367781,2023,501367781,1,1,1,2,18,4,3,0,0,0,0,0,9,4,E01020293,3,1,0.0,1.0,-1,6,60,1,1,1,10:30,5,2,9
2023471327261,2023,471327261,1,1,3,1,35,6,3,10,9,0,0,0,0,6,E01016878,3,1,0.0,1.0,-1,6,30,1,1,1,12:44,5,2,9
2023401346851,2023,401346851,1,1,1,1,35,6,2,0,0,0,0,0,5,9,E01018278,7,1,1.0,0.0,-1,6,60,1,1,1,15:20,7,1,5
2023010433378,2023,010433378,1,1,1,1,24,5,2,0,0,0,0,0,1,4,E01003561,-1,0,1.0,0.0,-1,2,20,1,1,1,09:45,4,2,1
2023010447423,2023,010447423,1,1,3,1,31,6,2,4,1,0,0,0,0,3,E01002151,-1,0,1.0,0.0,-1,6,30,1,6,1,00:19,4,1,9
2023131288466,2023,131288466,1,1,3,1,26,6,3,6,9,0,0,2,0,2,E01010667,3,1,0.0,1.0,-1,6,30,1,4,1,22:40,4,1,9
2023010460018,2023,010460018,1,1,1,1,55,8,2,0,0,0,0,0,5,10,E01024800,-1,0,1.0,0.0,-1,3,70,1,1,1,09:30,6,1,5
2023401372009,2023,401372009,2,1,1,1,12,3,3,0,0,0,0,0,1,3,E01017619,3,1,0.0,1.0,-1,6,30,1,4,1,19:00,3,2,1
2023371345412,2023,371345412,2,2,1,1,21,5,3,0,0,0,0,0,17,5,E01017972,3,1,0.0,1.0,-1,6,60,1,1,1,10:18,6,2,17
2023041388846,2023,041388846,3,5,2,1,6,2,3,0,0,2,0,0,9,3,E01012732,3,1,0.0,1.0,-1,3,70,1,4,1,16:28,6,5,9
2023401394646,2023,401394646,1,1,1,1,28,6,3,0,0,0,0,0,9,1,E01015789,3,1,0.0,1.0,-1,1,30,2,4,2,07:42,3,2,9
2023010463253,2023,010463253,1,3,2,2,56,9,3,0,0,2,0,0,9,6,E01010945,-1,0,0.0,1.0,-1,6,30,9,4,1,19:30,4,2,9
2023471316584,2023,471316584,2,1,1,2,37,7,3,0,0,0,0,0,9,4,E01024582,3,1,0.0,1.0,-1,6,40,1,1,1,17:33,5,2,9
2023031341224,2023,031341224,1,1,1,2,70,10,3,0,0,0,0,0,9,5,E01019264,3,1,0.0,1.0,-1,6,30,1,1,1,15:57,1,2,9
2023430094346,2023,430094346,1,3,2,2,-1,-1,3,0,0,2,0,0,9,10,E01028806,-1,0,0.04625,0.95375,-1,3,70,1,1,1,08:07,5,4,9
2023041332949,2023,041332949,1,1,1,1,31,6,3,0,0,0,0,0,9,5,E01025243,3,1,0.0,1.0,-1,1,50,1,1,1,19:30,2,2,9
2023052301575,2023,052301575,1,1,1,1,74,10,3,0,0,0,0,0,9,9,E01006828,-1,0,0.09661,0.90339,-1,6,30,1,1,1,09:30,7,2,9
2023141315171,2023,141315171,1,1,1,1,47,8,3,0,0,0,0,0,19,1,E01010462,3,1,0.0,1.0,-1,3,70,1,1,1,16:35,2,2,19
2023010482488,2023,010482488,1,1,1,1,31,6,3,0,0,0,0,0,3,5,E01003433,-1,0,0.0,1.0,-1,9,30,1,1,1,15:15,6,2,3
2023010422364,2023,010422364,2,1,1,1,38,7,2,0,0,0,0,0,1,4,E01003147,-1,0,1.0,0.0,-1,6,30,9,4,1,18:30,5,2,1
2023320428630,2023,320428630,2,1,1,1,36,7,2,0,0,0,0,0,2,6,E01026244,-1,0,1.0,0.0,-1,6,30,1,1,2,18:00,3,2,2
2023332300121,2023,332300121,1,1,3,2,10,2,3,5,2,0,0,0,0,1,E01013691,-1,0,0.07166,0.92834,-1,6,30,1,4,1,17:27,5,1,8
2023421311962,2023,421311962,1,1,1,1,51,8,2,0,0,0,0,0,-1,1,E01021576,5,1,1.0,0.0,-1,7,30,1,1,1,19:53,6,1,-1
2023071200878,2023,071200878,2,2,2,2,27,6,3,0,0,1,0,0,9,1,E01007138,-1,0,0.00319,0.99681,-1,1,30,1,1,1,16:25,3,2,9
2023131271689,2023,131271689,1,2,1,1,25,5,2,0,0,0,0,0,9,1,E01011059,5,1,1.0,0.0,-1,6,30,1,4,1,00:01,6,1,9
2023141295924,2023,141295924,1,1,1,2,55,8,3,0,0,0,0,0,9,5,E01007501,3,1,0.0,1.0,-1,6,30,1,1,1,17:00,3,2,9
2023170L30483,2023,170L30483,1,6,2,1,9,2,3,0,0,2,0,0,9,1,E01012091,-1,0,0.05861,0.94139,-1,6,30,1,1,1,16:10,7,2,9
2023501381989,2023,501381989,1,1,2,2,32,6,3,0,0,1,0,0,9,4,E01018766,3,1,0.0,1.0,-1,3,70,2,1,2,12:30,1,1,9
2023991377214,2023,991377214,2,1,1,2,25,5,3,0,0,0,0,0,9,5,-1,3,1,0.0,1.0,-1,6,60,1,1,2,11:46,3,2,9
2023010432000,2023,010432000,1,1,3,1,12,3,2,5,1,0,0,0,0,3,E01032574,-1,0,1.0,0.0,-1,6,30,1,1,1,17:05,2,1,9
2023440226604,2023,440226604,2,1,1,1,24,5,3,0,0,0,0,0,1,3,E01017123,-1,0,0.12955,0.87045,-1,6,30,1,1,1,10:18,5,2,1
2023461297248,2023,461297248,1,1,1,1,-1,-1,3,0,0,0,0,0,1,-1,-1,3,1,0.0,1.0,-1,6,30,1,1,1,14:00,3,2,1
2023010441134,2023,010441134,1,1,1,1,31,6,3,0,0,0,0,0,3,1,E01000595,-1,0,0.0,1.0,-1,9,20,1,1,1,13:15,5,2,3
2023122300457,2023,122300457,2,2,1,1,30,6,3,0,0,0,0,0,9,10,E01012303,-1,0,0.04733,0.95267,-1,6,60,1,1,1,08:23,2,2,9
2023421388235,2023,421388235,1,2,1,1,25,5,3,0,0,0,0,0,9,6,E01015943,3,1,0.0,1.0,-1,3,70,1,1,2,07:48,5,4,9
2023451347122,2023,451347122,2,2,1,2,43,7,3,0,0,0,0,0,9,10,E01031734,3,1,0.0,1.0,-1,6,40,2,1,2,08:20,5,2,9
2023131357954,2023,131357954,2,1,3,2,66,10,3,9,9,0,0,-1,0,3,E01011327,3,1,0.0,1.0,-1,6,20,1,1,1,18:00,6,2,9
2023010419259,2023,010419259,1,3,2,2,20,4,3,0,0,2,0,0,9,6,E01002024,-1,0,0.0,1.0,-1,1,20,2,4,2,17:15,1,2,9
2023111298447,2023,111298447,2,1,1,2,30,6,3,0,0,0,0,0,9,8,E01020883,3,1,0.0,1.0,-1,6,30,1,1,1,08:05,3,2,9
2023201298393,2023,201298393,1,1,1,1,28,6,3,0,0,0,0,0,9,1,E01009057,3,1,0.0,1.0,-1,6,30,2,1,2,08:35,5,2,9
2023010444073,2023,010444073,1,1,1,1,36,7,3,0,0,0,0,0,5,2,E01001110,-1,0,0.0,1.0,-1,6,20,9,1,1,17:03,6,2,5
2023111297892,2023,111297892,1,1,3,1,13,3,3,5,1,0,0,0,0,3,E01020737,3,1,0.0,1.0,-1,6,30,1,1,1,08:20,2,1,9
2023361289581,2023,361289581,2,2,1,2,36,7,3,0,0,0,0,0,1,10,E01026815,3,1,0.0,1.0,-1,6,20,1,1,1,17:25,4,2,1
2023451376138,2023,451376138,1,1,1,1,37,7,3,0,0,0,0,0,3,3,E01002559,3,1,0.0,1.0,-1,3,30,2,1,2,12:05,7,2,3
2023471299809,2023,471299809,1,1,3,1,14,3,3,5,1,0,0,0,0,3,E01016937,3,1,0.0,1.0,-1,6,20,1,1,1,19:20,7,1,9
2023010422196,2023,010422196,1,1,3,1,65,9,3,9,9,0,0,0,0,1,E01000917,-1,0,0.0,1.0,-1,2,20,1,1,1,15:11,2,1,9
2023041383613,2023,041383613,1,1,3,1,9,2,3,5,9,0,0,0,0,1,E01024898,3,1,0.0,1.0,-1,6,30,8,4,4,17:10,4,1,9
2023131327114,2023,131327114,1,1,3,1,21,5,3,9,9,0,0,1,0,6,E01011446,3,1,0.0,1.0,-1,6,30,1,1,1,18:01,4,1,9
2023010422041,2023,010422041,1,1,3,1,43,7,3,6,9,0,0,0,0,-1,-1,-1,0,0.0,1.0,-1,6,20,1,1,1,13:05,6,1,9
2023010449566,2023,010449566,1,1,1,1,39,7,3,0,0,0,0,0,1,3,E01002102,-1,0,0.0,1.0,-1,9,30,8,1,1,21:30,6,2,1
2023131327139,2023,131327139,2,1,1,1,67,10,2,0,0,0,0,0,5,8,E01019391,6,1,1.0,0.0,-1,1,30,1,4,1,22:17,6,2,5
2023010459136,2023,010459136,2,1,1,1,39,7,3,0,0,0,0,0,9,4,E01001165,-1,0,0.0,1.0,-1,6,20,1,4,2,20:32,7,3,9
2023221365008,2023,221365008,3,1,1,2,61,9,3,0,0,0,0,0,9,5,E01008917,3,1,0.0,1.0,-1,6,50,1,1,1,13:32,3,3,9
2023320614882,2023,320614882,1,1,2,2,40,7,3,0,0,1,0,0,9,-1,-1,-1,0,0.08086,0.91914,-1,6,30,1,4,1,21:18,3,1,9
2023610027723,2023,610027723,1,1,1,1,55,8,3,0,0,1,0,0,9,2,W01001402,-1,0,0.06468,0.93532,-1,6,40,1,7,1,21:51,4,2,9
2023320353274,2023,320353274,1,1,1,1,19,4,3,0,0,0,0,0,19,8,E01026296,-1,0,0.10767,0.89233,-1,6,60,1,1,1,15:26,6,2,19
2023201370577,2023,201370577,2,1,1,2,57,9,3,0,0,0,0,0,9,5,E01009948,3,1,0.0,1.0,-1,6,30,1,1,1,13:25,4,2,9
2023311271668,2023,311271668,1,1,2,1,9,2,2,0,0,2,0,0,9,4,E01027960,5,1,1.0,0.0,-1,6,40,1,4,2,17:09,3,2,9
2023332300096,2023,332300096,2,1,1,1,37,7,3,0,0,0,0,0,9,1,E01010473,-1,0,0.05771,0.94229,-1,3,70,1,6,1,23:00,3,3,9
2023552300791,2023,552300791,1,1,1,1,68,10,3,0,0,0,0,0,9,6,E01020443,-1,0,0.11245,0.88755,-1,6,40,1,1,1,07:49,4,1,9