collision_index,collision_year,collision_ref_no,vehicle_reference,casualty_reference,casualty_class,sex_of_casualty,age_of_casualty,age_band_of_casualty,casualty_severity,pedestrian_location,pedestrian_movement,car_passenger,bus_or_coach_passenger,pedestrian_road_maintenance_worker,casualty_type,casualty_imd_decile,lsoa_of_casualty,enhanced_casualty_severity,casualty_injury_based,casualty_adjusted_severity_serious,casualty_adjusted_severity_slight,casualty_distance_banding,road_type,speed_limit,weather_conditions,light_conditions,road_surface_conditions,time,day_of_week,number_of_vehicles,vehicle_type
2023010441791,2023,010441791,1,1,1,2,22,5,3,0,0,0,0,0,9,2,E01004455,-1,0,0.0,1.0,-1,1,30,1,4,1,00:50,2,2,9
2023231301456,2023,231301456,2,6,2,2,10,2,2,0,0,2,0,0,9,6,E01031207,5,1,1.0,0.0,-1,6,60,1,1,2,16:05,6,2,9
2023311381562,2023,311381562,2,1,1,1,19,4,3,0,0,0,0,0,1,-1,-1,3,1,0.0,1.0,-1,6,30,8,4,4,20:10,6,2,1
2023451322117,2023,451322117,3,1,1,1,37,7,3,0,0,0,0,0,9,6,E01022548,3,1,0.0,1.0,-1,3,50,1,1,1,18:33,6,3,9
2023991391975,2023,991391975,1,1,1,2,32,6,3,0,0,0,0,0,9,7,-1,3,1,0.0,1.0,-1,3,70,1,6,2,21:10,7,4,9
2023421260523,2023,421260523,2,1,1,1,33,6,2,0,0,0,0,0,1,4,E01015994,7,1,1.0,0.0,-1,1,30,1,4,1,21:57,6,2,1
2023010446476,2023,010446476,1,1,1,1,37,7,3,0,0,0,0,0,9,9,E01030334,-1,0,0.0,1.0,-1,9,20,1,4,1,01:50,6,2,9
2023991387942,2023,991387942,3,2,1,1,60,9,3,0,0,0,0,0,9,4,-1,3,1,0.0,1.0,-1,6,30,2,4,2,16:25,4,3,9
2023351406863,2023,351406863,2,2,1,1,20,4,3,0,0,0,0,0,19,2,E01026006,3,1,0.0,1.0,-1,6,60,2,7,2,16:36,2,2,19
2023461286090,2023,461286090,1,2,3,2,1,1,3,5,1,0,0,0,0,4,E01024164,3,1,0.0,1.0,-1,6,40,2,1,2,13:35,2,1,9
2023010444923,2023,010444923,1,1,1,1,31,6,3,0,0,0,0,0,8,2,E01001283,-1,0,0.0,1.0,-1,6,20,1,4,1,23:53,7,2,8
2023061351005,2023,061351005,1,2,2,2,22,5,3,0,0,1,0,0,9,8,E01006243,3,1,0.0,1.0,-1,6,30,1,4,1,21:34,7,1,9
2023010480502,2023,010480502,1,1,3,2,14,3,3,5,1,0,0,0,0,7,E01001255,-1,0,0.0,1.0,-1,6,20,1,1,2,08:41,2,1,9
2023010427855,2023,010427855,1,1,1,1,26,6,3,0,0,0,0,0,3,3,E01000506,-1,0,0.0,1.0,-1,9,20,1,1,1,15:30,6,1,3
2023010465456,2023,010465456,1,1,1,2,31,6,3,0,0,0,0,0,3,4,E01001165,-1,0,0.0,1.0,-1,6,20,1,1,1,08:20,7,2,3
2023522400783,2023,522400783,2,2,1,1,24,5,3,0,0,0,0,0,1,3,E01014540,-1,0,0.0793,0.9207,-1,2,20,2,1,2,15:45,5,2,1
2023122400102,2023,122400102,2,1,1,1,29,6,3,0,0,0,0,0,5,8,E01027714,-1,0,0.04918,0.95082,-1,6,30,1,1,2,15:45,6,2,5
2023010479193,2023,010479193,1,1,1,1,50,8,3,0,0,0,0,0,9,7,E01002171,-1,0,0.0,1.0,-1,6,30,1,4,1,19:30,2,1,9
2023141320089,2023,141320089,1,2,2,1,17,4,2,0,0,1,0,0,9,6,E01007787,6,1,1.0,0.0,-1,6,40,2,1,2,20:15,1,2,9
2023221358360,2023,221358360,1,1,1,1,19,4,2,0,0,0,0,0,9,8,E01024810,6,1,1.0,0.0,-1,6,50,2,1,2,14:43,1,3,9
2023320678476,2023,320678476,2,2,1,1,59,9,3,0,0,0,0,0,9,3,E01013641,-1,0,0.12409,0.87591,-1,6,60,1,6,1,16:30,4,3,9
2023010421813,2023,010421813,1,1,3,2,33,6,2,1,3,0,0,0,0,4,E01000746,-1,0,1.0,0.0,-1,6,20,1,1,4,07:35,3,1,9
2023010452665,2023,010452665,2,1,1,1,34,6,2,0,0,0,0,0,3,3,E01001311,-1,0,1.0,0.0,-1,6,20,1,1,1,19:09,7,2,3
2023010485526,2023,010485526,1,1,1,-1,42,7,3,0,0,0,0,0,3,8,E01024133,-1,0,0.0,1.0,-1,9,30,9,7,9,19:45,4,2,3
2023421387977,2023,421387977,1,1,1,1,37,7,1,0,0,0,0,0,9,3,E01015922,1,1,0.0,0.0,-1,3,70,1,4,1,22:50,4,2,9
2023461291629,2023,461291629,1,1,1,1,41,7,3,0,0,0,0,0,9,4,E01024843,3,1,0.0,1.0,-1,6,30,1,1,1,13:44,3,3,9
2023522301517,2023,522301517,1,2,2,2,37,7,3,0,0,1,0,0,9,4,E01014570,-1,0,0.02916,0.97084,-1,6,20,1,1,1,16:34,6,2,9
2023401372005,2023,401372005,2,1,1,1,34,6,3,0,0,0,0,0,19,10,E01023608,3,1,0.0,1.0,-1,3,30,1,1,1,07:45,3,2,19
2023991388650,2023,991388650,2,1,1,1,43,7,3,0,0,0,0,0,19,-1,-1,3,1,0.0,1.0,-1,6,50,1,1,1,11:10,6,2,19
2023010450941,2023,010450941,1,1,3,1,12,3,3,5,2,0,0,0,0,2,E01003108,-1,0,0.0,1.0,-1,6,20,1,1,1,08:00,6,1,4
2023311279829,2023,311279829,2,1,1,2,37,7,3,0,0,0,0,0,9,2,E01013963,3,1,0.0,1.0,-1,6,30,1,4,1,21:10,4,2,9
2023320498241,2023,320498241,2,1,2,2,89,11,3,0,0,1,0,0,9,3,E01026085,-1,0,0.07928,0.92072,-1,6,50,1,1,1,11:20,6,4,9
2023622300378,2023,622300378,1,1,1,2,51,8,3,0,0,0,0,0,9,1,W01001788,-1,0,0.03143,0.96857,-1,3,30,1,1,1,14:34,7,2,9
2023131291554,2023,131291554,1,1,3,1,17,4,2,5,1,0,0,2,0,10,E01005413,7,1,1.0,0.0,-1,6,30,2,1,2,09:55,3,1,9
2023201408771,2023,201408771,2,1,1,1,20,4,3,0,0,0,0,0,1,4,E01010072,3,1,0.0,1.0,-1,3,40,1,1,1,07:30,2,2,1
2023991393063,2023,991393063,1,1,2,1,28,6,3,0,0,1,0,0,9,2,E01008584,3,1,0.0,1.0,-1,3,70,5,6,2,21:05,5,1,9
2023622300890,2023,622300890,1,3,2,1,25,5,3,0,0,0,0,0,19,9,W01000899,-1,0,0.06668,0.93332,-1,6,20,2,4,2,00:35,1,1,19
2023141366855,2023,141366855,1,1,1,1,42,7,3,0,0,0,0,0,5,1,E01007794,3,1,0.0,1.0,-1,6,30,8,5,2,16:52,3,2,5
2023010426939,2023,010426939,1,1,1,1,36,7,3,0,0,0,0,0,9,2,E01004405,-1,0,0.0,1.0,-1,9,40,9,1,1,18:30,1,4,9
2023430471738,2023,430471738,1,1,1,1,30,6,3,0,0,0,0,0,9,6,E01002006,-1,0,0.01358,0.98642,-1,3,70,2,1,2,07:05,6,2,9
2023991294861,2023,991294861,2,2,1,1,53,8,3,0,0,0,0,0,9,6,-1,3,1,0.0,1.0,-1,6,60,1,1,1,17:15,7,2,9
2023161352761,2023,161352761,1,1,3,2,62,9,3,1,1,0,0,0,0,1,E01012852,3,1,0.0,1.0,-1,6,30,1,1,1,14:20,7,1,9
2023371270783,2023,371270783,2,1,1,1,30,6,3,0,0,0,0,0,9,6,E01030037,3,1,0.0,1.0,-1,6,60,1,6,1,17:44,3,2,9
2023061355646,2023,061355646,1,3,1,2,25,5,3,0,0,0,0,0,9,-1,-1,3,1,0.0,1.0,-1,6,30,2,4,2,00:15,1,2,9
2023531288170,2023,531288170,1,1,2,2,42,7,3,0,0,1,0,0,9,5,E01030663,3,1,0.0,1.0,-1,6,60,1,1,2,13:25,7,1,9
2023010450112,2023,010450112,1,2,3,1,47,8,2,1,3,0,0,0,0,3,E01033132,-1,0,1.0,0.0,-1,6,20,1,1,1,17:00,2,1,1
2023111263403,2023,111263403,1,1,3,2,61,9,3,5,3,0,0,0,0,4,E01020887,3,1,0.0,1.0,-1,6,30,4,4,2,18:30,7,1,9
2023201393288,2023,201393288,1,1,3,1,35,6,3,4,4,0,0,2,0,2,E01009014,3,1,0.0,1.0,-1,6,30,8,1,1,21:15,1,1,9
2023010486378,2023,010486378,2,1,2,2,36,7,3,0,0,1,0,0,9,1,E01011354,-1,0,0.0,1.0,-1,6,30,2,7,2,17:30,5,2,9
2023631358595,2023,631358595,1,1,1,2,63,9,2,0,0,0,0,0,9,8,W01000447,7,1,1.0,0.0,-1,6,60,1,1,2,11:00,2,1,9
2023161362009,2023,161362009,1,1,1,1,32,6,3,0,0,0,0,0,-1,1,E01012893,3,1,0.0,1.0,-1,6,30,1,1,1,17:07,2,2,-1
2023311292200,2023,311292200,2,1,1,1,41,7,3,0,0,0,0,0,1,3,E01013944,3,1,0.0,1.0,-1,6,30,1,1,2,08:23,5,2,1
2023010476404,2023,010476404,2,1,1,1,27,6,3,0,0,0,0,0,3,2,E01003321,-1,0,0.0,1.0,-1,2,20,1,1,1,09:55,3,2,3
2023061364049,2023,061364049,1,1,1,1,71,10,2,0,0,0,0,0,4,5,E01004785,6,1,1.0,0.0,-1,7,40,1,4,1,19:10,6,1,4
2023010433592,2023,010433592,2,1,1,1,77,11,2,0,0,0,0,0,9,4,E01001421,-1,0,1.0,0.0,-1,6,30,9,1,1,13:35,4,2,9
2023320325280,2023,320325280,2,3,2,2,92,11,2,0,0,1,0,0,9,1,E01013229,-1,0,1.0,0.0,-1,6,60,1,1,1,14:50,7,2,9
2023610042023,2023,610042023,1,1,1,1,26,6,1,0,0,0,0,0,-1,2,W01001664,-1,0,0.0,0.0,-1,3,70,1,6,1,00:46,7,2,-1
2023170L20353,2023,170L20353,1,3,2,1,16,4,3,0,0,2,0,0,9,9,E01012138,-1,0,0.16971,0.83029,-1,3,70,2,6,2,22:40,6,1,9
2023201410667,2023,201410667,1,3,2,2,20,4,3,0,0,-1,0,0,9,2,E01011030,3,1,0.0,1.0,-1,6,30,8,1,1,08:39,5,5,9
2023549891723,2023,549891723,1,2,2,1,40,7,3,0,0,1,0,0,9,6,E01031842,-1,0,0.04762,0.95238,-1,6,60,2,1,2,11:41,2,1,9
2023430349270,2023,430349270,1,1,1,1,22,5,3,0,0,0,0,0,1,5,E01016405,-1,0,0.05069,0.94931,-1,6,30,1,1,1,18:05,7,2,1
2023440398107,2023,440398107,1,1,1,1,64,9,2,0,0,0,0,0,1,10,E01023020,-1,0,1.0,0.0,-1,6,40,1,1,1,15:43,6,1,1
2023041378209,2023,041378209,2,2,1,1,35,6,3,0,0,0,0,0,9,6,E01024915,3,1,0.0,1.0,-1,6,30,2,1,2,15:32,5,2,9
2023471383057,2023,471383057,1,1,1,2,31,6,3,0,0,0,0,0,9,7,E01031396,3,1,0.0,1.0,-1,6,60,1,6,2,17:30,3,2,9
2023501286225,2023,501286225,2,2,1,1,19,4,3,0,0,0,0,0,9,4,E01018754,3,1,0.0,1.0,-1,1,30,2,1,2,15:15,1,2,9
2023052300726,2023,052300726,1,1,3,2,54,8,3,5,9,0,0,0,0,8,E01006680,-1,0,0.10662,0.89338,-1,6,30,1,4,1,20:20,3,1,9
2023552300229,2023,552300229,2,1,1,1,48,8,3,0,0,0,0,0,20,7,E01015416,-1,0,0.02764,0.97236,-1,6,60,1,1,1,08:44,2,2,20
2023320509181,2023,320509181,1,1,1,1,33,6,3,0,0,0,0,0,2,2,E01026108,-1,0,0.16625,0.83375,-1,6,30,1,1,1,19:00,4,2,2
2023010471793,2023,010471793,1,1,3,2,27,6,3,5,9,0,0,0,0,1,E01013846,-1,0,0.0,1.0,-1,9,30,2,4,2,19:25,6,1,9
2023061295455,2023,061295455,1,1,3,1,23,5,2,5,2,0,0,0,0,8,E01006053,7,1,1.0,0.0,-1,6,30,1,1,1,12:27,3,1,9
2023221339381,2023,221339381,1,1,3,2,88,11,2,6,9,0,0,0,0,10,E01032145,6,1,1.0,0.0,-1,6,30,1,1,1,11:18,1,1,9
2023340WN4152,2023,340WN4152,1,1,3,2,75,10,3,6,9,0,0,0,0,6,E01027159,-1,0,0.1829,0.8171,-1,6,30,1,1,1,15:40,1,1,23
2023531307720,2023,531307720,2,1,1,2,27,6,3,0,0,0,0,0,3,2,E01022458,3,1,0.0,1.0,-1,6,30,1,4,1,22:10,2,2,3
2023311355948,2023,311355948,1,1,1,1,40,7,2,0,0,0,0,0,4,3,E01028296,6,1,1.0,0.0,-1,6,30,1,1,1,18:48,7,2,4
2023221354014,2023,221354014,1,1,1,1,74,10,2,0,0,0,0,0,5,6,E01013894,6,1,1.0,0.0,-1,6,60,1,1,1,15:00,6,2,5
2023010430907,2023,010430907,1,1,1,1,86,11,2,0,0,0,0,0,9,8,E01024024,-1,0,1.0,0.0,-1,3,30,1,4,2,18:34,3,2,9
2023031339951,2023,031339951,3,2,1,1,33,6,3,0,0,0,0,0,9,4,E01019080,3,1,0.0,1.0,-1,6,60,1,1,1,17:50,3,4,9
2023411339105,2023,411339105,1,1,1,1,58,9,3,0,0,0,0,0,9,2,E01000509,3,1,0.0,1.0,-1,6,30,1,1,1,17:13,1,2,9
2023461305732,2023,461305732,2,1,1,2,38,7,3,0,0,0,0,0,9,4,E01016141,3,1,0.0,1.0,-1,3,40,1,1,1,16:28,5,2,9
2023351342336,2023,351342336,2,1,1,1,42,7,3,0,0,0,0,0,1,9,E01018161,3,1,0.0,1.0,-1,6,50,1,1,1,12:25,1,2,1
2023010440953,2023,010440953,2,1,1,1,29,6,2,0,0,0,0,0,3,2,E01001980,-1,0,1.0,0.0,-1,6,20,1,1,1,16:41,4,3,3
2023371350766,2023,371350766,1,1,1,1,21,5,3,0,0,0,0,0,9,5,E01033539,3,1,0.0,1.0,-1,6,40,1,1,1,16:45,7,1,9
2023461320883,2023,461320883,2,1,1,2,47,8,3,0,0,0,0,0,9,3,E01024103,3,1,0.0,1.0,-1,6,60,1,1,1,14:48,6,2,9
2023332300933,2023,332300933,3,2,1,2,77,11,3,0,0,0,0,0,9,9,E01028419,-1,0,0.04842,0.95158,-1,6,60,1,1,1,15:42,3,4,9
2023461391368,2023,461391368,1,1,1,1,41,7,3,0,0,0,0,0,9,9,E01016052,3,1,0.0,1.0,-1,3,70,2,1,2,08:45,4,2,9
2023471366223,2023,471366223,2,1,1,2,18,4,3,0,0,0,0,0,9,8,E01021163,3,1,0.0,1.0,-1,1,40,1,4,2,19:15,2,2,9
2023401353932,2023,401353932,1,1,1,1,26,6,2,0,0,0,0,0,1,2,E01017474,7,1,1.0,0.0,-1,6,30,1,1,1,09:17,6,2,1
2023010435428,2023,010435428,2,1,1,1,25,5,3,0,0,0,0,0,3,4,E01003608,-1,0,0.0,1.0,-1,6,30,1,4,1,21:35,7,2,3
2023430402522,2023,430402522,1,1,1,1,32,6,3,0,0,0,0,0,5,10,E01016695,-1,0,0.25961,0.74039,-1,6,60,1,6,1,19:36,1,1,5
2023991304517,2023,991304517,2,1,1,1,63,9,3,0,0,0,0,0,5,6,-1,3,1,0.0,1.0,-1,6,30,1,1,1,16:45,6,2,5
2023991335625,2023,991335625,1,1,2,2,75,10,3,0,0,0,4,0,11,3,-1,3,1,0.0,1.0,-1,6,30,1,1,1,15:00,4,2,11
2023010436246,2023,010436246,1,1,1,1,33,6,3,0,0,0,0,0,19,5,E01002619,-1,0,0.0,1.0,-1,3,70,2,1,2,18:50,5,3,19
2023010445279,2023,010445279,1,2,2,2,76,11,2,0,0,2,0,0,9,3,E01000055,-1,0,1.0,0.0,-1,3,40,1,1,1,13:55,6,3,9
2023552300514,2023,552300514,2,1,1,1,17,4,3,0,0,0,0,0,2,6,E01020471,-1,0,0.11068,0.88932,-1,6,30,1,1,1,13:01,1,2,2
2023010471737,2023,010471737,2,1,1,1,52,8,3,0,0,0,0,0,19,1,E01001545,-1,0,0.0,1.0,-1,6,30,4,1,1,15:00,6,2,19
2023141373146,2023,141373146,1,1,3,2,6,2,3,1,3,0,0,0,0,2,E01008107,3,1,0.0,1.0,-1,6,30,1,1,1,15:42,6,1,9
2023141308052,2023,141308052,2,1,1,1,32,6,2,0,0,0,0,0,1,5,E01008105,6,1,1.0,0.0,-1,6,30,1,1,1,14:00,3,2,1
2023070149091,2023,070149091,2,4,1,2,37,7,3,0,0,0,0,0,19,8,E01018661,-1,0,0.0619,0.9381,-1,6,50,1,1,1,16:12,2,3,19
2023332300428,2023,332300428,2,1,1,1,-1,-1,3,0,0,0,0,0,-1,-1,-1,-1,0,0.05069,0.94931,-1,6,30,1,1,1,17:05,2,2,-1
2023201342683,2023,201342683,1,1,1,1,36,7,1,0,0,0,0,0,97,-1,-1,1,1,0.0,0.0,-1,6,30,1,4,1,23:26,6,2,97
2023161374516,2023,161374516,1,1,1,2,20,4,3,0,0,0,0,0,9,-1,-1,3,1,0.0,1.0,-1,6,30,1,4,1,20:50,6,2,9
2023471293755,2023,471293755,1,1,2,2,92,11,2,0,0,1,0,0,9,9,E01020948,5,1,1.0,0.0,-1,6,60,1,1,1,17:10,3,2,9
2023061308558,2023,061308558,2,1,1,1,15,3,3,0,0,0,0,0,1,9,E01006400,3,1,0.0,1.0,-1,6,30,1,1,1,19:15,2,2,1
2023170L10923,2023,170L10923,1,1,1,1,68,10,2,0,0,0,0,0,9,5,E01012185,-1,0,1.0,0.0,-1,6,50,1,1,1,07:20,6,3,9
2023471259264,2023,471259264,2,1,1,2,68,10,3,0,0,0,0,0,9,6,E01031533,3,1,0.0,1.0,-1,6,30,1,1,2,09:47,2,2,9
2023131303969,2023,131303969,2,1,1,1,13,3,3,0,0,0,0,0,1,1,E01011659,3,1,0.0,1.0,-1,6,20,1,1,1,15:55,4,2,1
2023010475717,2023,010475717,1,1,1,1,38,7,3,0,0,0,0,0,3,3,E01001467,-1,0,0.0,1.0,-1,6,20,1,1,1,12:30,6,2,3
2023471341387,2023,471341387,1,1,1,1,21,5,2,0,0,0,0,0,3,1,E01031454,5,1,1.0,0.0,-1,6,30,1,4,1,21:13,7,2,3
2023501342115,2023,501342115,1,1,1,1,19,4,2,0,0,0,0,0,9,4,E01020262,5,1,1.0,0.0,-1,6,60,1,6,1,00:15,4,2,9
2023552300395,2023,552300395,3,1,1,1,49,8,3,0,0,0,0,0,9,6,E01020398,-1,0,0.06554,0.93446,-1,6,60,1,7,1,19:25,5,3,9
2023440471898,2023,440471898,1,1,1,1,56,9,3,0,0,0,0,0,-1,7,E01022481,-1,0,0.14988,0.85012,-1,6,30,1,4,1,16:51,6,2,-1
2023010438795,2023,010438795,1,1,3,1,52,8,2,1,1,0,0,0,0,6,E01004749,-1,0,1.0,0.0,-1,9,20,1,7,9,21:00,4,1,1
2023622300447,2023,622300447,1,1,3,2,22,5,3,9,9,0,0,0,0,1,W01001144,-1,0,0.08915,0.91085,-1,6,30,1,4,1,21:34,7,1,9
2023010472976,2023,010472976,2,1,1,1,41,7,2,0,0,0,0,0,1,1,E01001765,-1,0,1.0,0.0,-1,6,20,2,4,2,17:45,5,2,1
2023201408347,2023,201408347,2,1,1,1,31,6,3,0,0,0,0,0,9,4,E01009634,3,1,0.0,1.0,-1,6,20,1,4,1,22:07,7,2,9
2023430372996,2023,430372996,2,5,2,1,25,5,3,0,0,1,0,0,9,-1,-1,-1,0,0.04228,0.95772,-1,6,30,1,1,1,18:17,1,2,9
2023430546969,2023,430546969,1,1,1,2,58,9,3,0,0,0,0,0,9,8,E01017738,-1,0,0.0935,0.9065,-1,6,60,7,1,4,09:08,4,1,9
2023440041196,2023,440041196,2,2,1,2,52,8,3,0,0,0,0,0,9,7,E01023066,-1,0,0.05125,0.94875,-1,6,40,1,4,1,07:41,3,2,9
2023471361206,2023,471361206,1,2,1,2,39,7,3,0,0,0,0,0,9,9,E01021144,3,1,0.0,1.0,-1,6,30,1,1,1,17:15,2,2,9
2023010486737,2023,010486737,1,1,3,2,27,6,3,1,9,0,0,0,0,5,E01002613,-1,0,0.0,1.0,-1,9,20,9,4,9,00:05,7,1,3
2023041381778,2023,041381778,1,1,3,1,5,1,2,8,7,0,0,0,0,3,E01012694,7,1,1.0,0.0,-1,6,30,1,4,2,17:32,3,1,9
2023201400866,2023,201400866,2,1,1,1,27,6,3,0,0,0,0,0,1,1,E01009273,3,1,0.0,1.0,-1,6,30,1,4,1,22:00,5,2,1
2023302300845,2023,302300845,2,2,1,2,19,4,3,0,0,0,0,0,9,8,E01019609,-1,0,0.03352,0.96648,-1,6,50,1,1,1,14:30,3,2,9
2023332300270,2023,332300270,1,1,2,1,29,6,2,0,0,2,0,0,9,-1,-1,-1,0,1.0,0.0,-1,6,60,1,1,1,12:00,7,1,9
2023421269391,2023,421269391,3,2,2,2,60,9,3,0,0,1,0,0,9,6,E01029877,3,1,0.0,1.0,-1,6,40,1,1,1,11:25,1,3,9
2023471285952,2023,471285952,2,1,1,2,47,8,3,0,0,0,0,0,9,4,E01031608,3,1,0.0,1.0,-1,1,50,1,1,2,13:05,1,2,9
2023010479936,2023,010479936,1,1,1,1,69,10,3,0,0,0,0,0,19,-1,-1,-1,0,0.0,1.0,-1,3,40,1,4,1,06:18,4,2,19
2023010431742,2023,010431742,1,1,2,2,48,8,3,0,0,0,3,0,11,3,E01004454,-1,0,0.0,1.0,-1,6,30,9,1,1,17:45,7,1,11
2023010483824,2023,010483824,1,1,1,1,23,5,3,0,0,0,0,0,9,2,E01000626,-1,0,0.0,1.0,-1,7,30,2,4,2,20:40,4,1,9
2023141283239,2023,141283239,2,2,2,2,65,9,3,0,0,1,0,0,9,6,E01007894,3,1,0.0,1.0,-1,6,30,1,1,2,10:15,1,3,9
2023411362425,2023,411362425,2,2,2,1,34,6,3,0,0,1,0,0,9,-1,-1,3,1,0.0,1.0,-1,6,30,1,1,1,17:00,6,2,9
2023440306112,2023,440306112,1,1,1,1,26,6,3,0,0,0,0,0,9,10,E01022580,-1,0,0.19405,0.80595,-1,6,60,1,6,1,04:12,1,1,9
2023451352623,2023,451352623,1,3,2,1,22,5,3,0,0,2,0,0,9,8,E01030490,3,1,0.0,1.0,-1,6,40,1,1,1,11:15,1,2,9
2023471274722,2023,471274722,2,1,1,2,24,5,3,0,0,0,0,0,9,1,E01020912,3,1,0.0,1.0,-1,3,30,1,1,1,07:45,5,2,9
2023471287653,2023,471287653,3,5,1,2,40,7,3,0,0,0,0,0,9,8,E01021134,3,1,0.0,1.0,-1,6,50,1,1,1,14:23,5,5,9
2023520300733,2023,520300733,1,1,1,2,60,9,2,0,0,0,0,0,9,9,E01014789,-1,0,1.0,0.0,-1,6,60,2,1,2,09:41,5,2,9
2023991392882,2023,991392882,1,2,1,1,36,7,3,0,0,0,0,0,9,10,E01030353,3,1,0.0,1.0,-1,3,70,5,4,2,21:18,5,1,9
2023010461679,2023,010461679,2,1,1,1,39,7,3,0,0,0,0,0,1,2,E01004365,-1,0,0.0,1.0,-1,6,20,1,1,1,10:00,2,2,1
2023010443729,2023,010443729,1,1,1,-1,29,6,3,0,0,0,0,0,3,5,E01004564,-1,0,0.0,1.0,-1,9,30,9,1,9,14:28,5,2,3
2023041309578,2023,041309578,1,3,2,2,17,4,3,0,0,2,0,0,9,2,E01025238,3,1,0.0,1.0,-1,6,60,1,1,1,19:00,7,1,9
2023131304951,2023,131304951,1,1,2,1,19,4,2,0,0,1,0,0,9,3,E01010974,5,1,1.0,0.0,-1,6,40,1,1,1,17:35,1,3,9
2023332300314,2023,332300314,1,3,2,2,66,10,3,0,0,1,0,0,9,6,E01032603,-1,0,0.0429,0.9571,-1,1,50,1,1,1,15:30,4,2,9
2023201419516,2023,201419516,2,1,1,1,18,4,3,0,0,0,0,0,1,1,E01009375,3,1,0.0,1.0,-1,6,20,1,4,1,20:47,2,2,1
2023320435840,2023,320435840,2,2,1,2,50,8,3,0,0,0,0,0,9,6,E01026040,-1,0,0.04183,0.95817,-1,6,40,2,1,2,16:15,6,2,9
2023421273396,2023,421273396,2,1,1,2,57,9,3,0,0,0,0,0,9,8,E01021513,3,1,0.0,1.0,-1,1,30,7,1,1,08:34,3,2,9
2023471362529,2023,471362529,1,1,1,2,43,7,3,0,0,0,0,0,9,7,E01031566,3,1,0.0,1.0,-1,1,40,1,1,1,11:30,6,2,9
2023170H10833,2023,170H10833,1,1,1,1,15,3,2,0,0,0,0,0,3,4,E01011990,-1,0,1.0,0.0,-1,6,30,1,1,1,15:08,1,2,3
2023552301505,2023,552301505,2,1,1,1,52,8,2,0,0,0,0,0,4,1,E01015282,-1,0,1.0,0.0,-1,6,30,1,4,1,18:23,2,2,4
2023201292543,2023,201292543,1,1,1,1,29,6,3,0,0,0,0,0,9,1,E01008913,3,1,0.0,1.0,-1,6,30,1,1,1,15:47,7,2,9
2023340WN4802,2023,340WN4802,1,4,1,2,48,8,3,0,0,0,0,0,9,3,E01027173,-1,0,0.04053,0.95947,-1,6,30,2,1,2,18:00,5,3,9
2023122400099,2023,122400099,2,1,1,2,13,3,3,0,0,0,0,0,1,3,E01027651,-1,0,0.06491,0.93509,-1,6,30,1,1,1,14:45,4,2,1
2023131377018,2023,131377018,1,1,3,1,7,2,2,4,4,0,0,1,0,1,E01011029,7,1,1.0,0.0,-1,6,30,4,1,2,08:50,2,1,9
2023221282245,2023,221282245,1,1,3,1,34,6,3,5,1,0,0,0,0,4,E01032254,3,1,0.0,1.0,-1,6,30,1,1,1,08:47,3,1,8
2023010431247,2023,010431247,1,1,1,-1,28,6,3,0,0,0,0,0,9,2,E01001861,-1,0,0.0,1.0,-1,3,50,2,1,2,09:45,5,2,9
2023010442913,2023,010442913,1,1,1,2,40,7,3,0,0,0,0,0,9,5,E01002319,-1,0,0.0,1.0,-1,3,40,1,1,1,12:00,1,2,9
2023041380615,2023,041380615,2,1,1,2,42,7,3,0,0,0,0,0,9,9,E01006316,3,1,0.0,1.0,-1,6,40,1,4,1,16:40,2,2,9
2023131305456,2023,131305456,2,1,1,1,47,8,3,0,0,0,0,0,9,1,E01010626,3,1,0.0,1.0,-1,6,30,1,1,1,16:35,3,2,9
2023141294667,2023,141294667,3,1,1,2,80,11,3,0,0,0,0,0,9,8,E01007678,3,1,0.0,1.0,-1,6,40,1,1,1,17:25,6,3,9
2023161366839,2023,161366839,1,1,1,1,48,8,3,0,0,0,0,0,9,2,E01026378,3,1,0.0,1.0,-1,6,60,2,6,2,06:00,4,1,9
2023010475253,2023,010475253,1,1,1,2,44,7,3,0,0,0,0,0,1,2,E01003297,-1,0,0.0,1.0,-1,6,30,2,4,2,17:00,3,2,1
2023430521536,2023,430521536,2,1,1,1,22,5,2,0,0,0,0,0,3,3,E01017711,-1,0,1.0,0.0,-1,6,50,1,6,1,06:55,2,2,3
2023302301233,2023,302301233,2,1,2,2,84,11,3,0,0,1,0,0,9,3,E01028111,-1,0,0.04319,0.95681,-1,6,30,1,1,1,14:40,5,2,9
2023401273133,2023,401273133,2,1,1,1,45,7,3,0,0,0,0,0,9,10,E01017401,3,1,0.0,1.0,-1,3,70,1,1,1,15:11,5,2,9
2023421285532,2023,421285532,3,2,1,2,56,9,3,0,0,0,0,0,9,6,E01015943,3,1,0.0,1.0,-1,3,70,1,1,2,15:35,5,5,9
2023440480344,2023,440480344,1,1,1,2,25,5,3,0,0,0,0,0,9,-1,-1,-1,0,0.01025,0.98975,-1,6,60,1,4,1,17:43,5,2,9
2023141341081,2023,141341081,2,2,1,1,18,4,2,0,0,0,0,0,90,2,E01033279,5,1,1.0,0.0,-1,3,30,1,1,1,20:02,7,2,90
2023440368022,2023,440368022,1,1,3,1,46,8,3,5,3,0,0,0,0,7,E01023135,-1,0,0.19604,0.80396,-1,6,30,1,4,1,21:31,7,1,9