collision_index,collision_year,collision_ref_no,vehicle_reference,casualty_reference,casualty_class,sex_of_casualty,age_of_casualty,age_band_of_casualty,casualty_severity,pedestrian_location,pedestrian_movement,car_passenger,bus_or_coach_passenger,pedestrian_road_maintenance_worker,casualty_type,casualty_imd_decile,lsoa_of_casualty,enhanced_casualty_severity,casualty_injury_based,casualty_adjusted_severity_serious,casualty_adjusted_severity_slight,casualty_distance_banding,road_type,speed_limit,weather_conditions,light_conditions,road_surface_conditions,time,day_of_week,number_of_vehicles,vehicle_type
2023131312318,2023,131312318,2,2,2,1,90,11,3,0,0,1,0,0,9,2,E01011274,3,1,0.0,1.0,-1,6,30,1,1,1,10:45,7,2,9
2023201281216,2023,201281216,2,1,1,2,31,6,3,0,0,0,0,0,9,2,E01010506,3,1,0.0,1.0,-1,1,30,1,1,1,16:10,4,2,9
2023311329626,2023,311329626,1,2,2,2,19,4,3,0,0,1,0,0,9,-1,-1,3,1,0.0,1.0,-1,6,40,1,1,1,07:59,7,2,9
2023631320274,2023,631320274,1,1,1,2,41,7,3,0,0,0,0,0,9,3,W01000973,3,1,0.0,1.0,-1,6,30,1,1,1,09:00,2,2,9
2023052301048,2023,052301048,2,1,1,1,37,7,2,0,0,0,0,0,1,2,E01006439,-1,0,1.0,0.0,-1,6,30,1,1,2,08:40,4,2,1
2023010419336,2023,010419336,1,1,1,2,80,11,3,0,0,0,0,0,9,10,E01024151,-1,0,0.0,1.0,-1,3,40,1,1,1,15:20,2,1,9
2023010436505,2023,010436505,1,1,1,1,47,8,3,0,0,0,0,0,9,2,E01002811,-1,0,0.0,1.0,-1,6,20,1,1,1,17:17,7,8,9
2023052300352,2023,052300352,2,1,1,2,63,9,2,0,0,0,0,0,9,7,E01006800,-1,0,1.0,0.0,-1,6,30,1,1,1,11:40,7,2,9
2023340WN2392,2023,340WN2392,2,1,1,1,48,8,3,0,0,0,0,0,9,2,E01027257,-1,0,0.00612,0.99388,-1,3,70,1,1,1,14:10,2,2,9
2023010475026,2023,010475026,1,1,3,2,56,9,3,5,1,0,0,0,0,5,E01002447,-1,0,0.0,1.0,-1,2,30,1,1,1,07:20,3,1,9
2023010475409,2023,010475409,1,1,3,2,17,4,3,1,1,0,0,0,0,2,E01004539,-1,0,0.0,1.0,-1,6,30,5,4,2,22:50,4,1,19
2023131331103,2023,131331103,2,1,1,1,54,8,3,0,0,0,0,0,1,1,E01010614,3,1,0.0,1.0,-1,6,30,1,1,1,21:35,3,2,1
2023041342288,2023,041342288,1,4,3,2,41,7,2,6,9,0,0,0,0,1,E01025110,5,1,1.0,0.0,-1,6,40,1,1,1,13:15,3,3,20
2023201339414,2023,201339414,2,1,1,2,54,8,3,0,0,0,0,0,3,4,E01009625,3,1,0.0,1.0,-1,6,30,2,1,2,10:51,3,2,3
2023440193210,2023,440193210,2,1,1,1,56,9,3,0,0,0,0,0,5,7,E01017255,-1,0,0.20079,0.79921,-1,6,30,1,1,1,18:12,3,2,5
2023010471983,2023,010471983,1,1,3,2,58,9,3,10,9,0,0,0,0,4,E01000418,-1,0,0.0,1.0,-1,2,20,1,4,2,17:30,7,1,11
2023351364168,2023,351364168,2,1,1,2,23,5,2,0,0,0,0,0,1,10,E01018248,7,1,1.0,0.0,-1,1,30,1,1,1,16:20,7,2,1
2023010468379,2023,010468379,1,1,1,1,32,6,3,0,0,0,0,0,3,8,E01000320,-1,0,0.0,1.0,-1,6,20,1,1,1,18:30,1,2,3
2023141280535,2023,141280535,1,3,2,2,20,4,2,0,0,2,0,0,9,3,E01007966,7,1,1.0,0.0,-1,3,50,1,4,2,01:24,1,2,9
2023201365761,2023,201365761,2,1,1,1,50,8,3,0,0,0,0,0,9,1,E01009501,3,1,0.0,1.0,-1,9,20,2,1,2,09:52,7,2,9
2023201382364,2023,201382364,2,1,1,1,42,7,3,0,0,0,0,0,9,1,E01008923,3,1,0.0,1.0,-1,6,30,1,1,1,19:24,2,2,9
2023501290860,2023,501290860,1,1,2,2,75,10,3,0,0,1,0,0,9,6,E01020195,3,1,0.0,1.0,-1,6,60,1,1,2,07:39,2,1,9
2023501350570,2023,501350570,2,2,2,1,27,6,3,0,0,-1,0,0,9,4,E01018843,3,1,0.0,1.0,-1,6,30,1,6,1,01:30,7,2,9
2023991298064,2023,991298064,1,1,1,2,29,6,3,0,0,0,0,0,9,3,-1,3,1,0.0,1.0,-1,6,30,9,1,1,19:20,6,2,9
2023161320291,2023,161320291,1,1,1,1,17,4,2,0,0,0,0,0,1,4,E01012810,7,1,1.0,0.0,-1,6,30,1,1,1,08:15,2,2,1
2023440128575,2023,440128575,2,1,1,1,44,7,3,0,0,0,0,0,1,6,E01023143,-1,0,0.18693,0.81307,-1,6,30,2,4,2,22:50,6,2,1
2023311260332,2023,311260332,2,1,1,1,43,7,2,0,0,0,0,0,2,2,E01013853,7,1,1.0,0.0,-1,3,30,1,1,2,12:17,6,2,2
2023010460129,2023,010460129,1,1,1,1,65,9,2,0,0,0,0,0,3,10,E01001101,-1,0,1.0,0.0,-1,3,30,1,1,1,18:27,6,2,3
2023631312159,2023,631312159,2,1,1,1,64,9,2,0,0,0,0,0,5,5,W01000505,6,1,1.0,0.0,-1,6,30,1,1,1,16:30,7,2,5
2023461317722,2023,461317722,1,1,3,1,13,3,3,5,9,0,0,0,0,3,E01016098,3,1,0.0,1.0,-1,6,30,1,1,1,15:28,4,1,9
2023010430218,2023,010430218,1,1,1,1,35,6,3,0,0,0,0,0,1,3,E01004563,-1,0,0.0,1.0,-1,6,30,1,1,1,16:30,4,2,1
2023010447422,2023,010447422,1,1,1,2,22,5,3,0,0,0,0,0,1,3,E01003081,-1,0,0.0,1.0,-1,9,20,1,1,1,20:00,3,2,1
2023010471932,2023,010471932,1,1,1,1,30,6,2,0,0,0,0,0,3,-1,-1,-1,0,1.0,0.0,-1,6,30,1,1,1,13:05,7,2,3
2023361302968,2023,361302968,2,1,1,1,27,6,3,0,0,0,0,0,9,6,E01026797,3,1,0.0,1.0,-1,3,40,1,1,1,13:40,7,2,9
2023522301647,2023,522301647,2,2,1,2,28,6,3,0,0,0,0,0,9,1,E01014727,-1,0,0.03625,0.96375,-1,6,40,1,7,1,22:43,7,2,9
2023461363855,2023,461363855,2,1,1,2,66,10,3,0,0,0,0,0,1,10,E01024321,3,1,0.0,1.0,-1,6,30,1,1,1,16:04,5,2,1
2023010477915,2023,010477915,1,1,1,-1,37,7,3,0,0,0,0,0,3,2,E01004389,-1,0,0.0,1.0,-1,9,20,9,1,9,14:55,7,2,3
2023481356305,2023,481356305,1,1,1,1,29,6,3,0,0,0,0,0,3,-1,-1,3,1,0.0,1.0,-1,6,20,2,1,2,09:42,4,1,3
2023622300829,2023,622300829,2,2,1,1,55,8,3,0,0,0,0,0,5,2,W01001872,-1,0,0.10539,0.89461,-1,6,20,1,1,1,18:41,4,2,5
2023501353382,2023,501353382,1,1,3,1,29,6,3,6,9,0,0,0,0,6,E01019987,3,1,0.0,1.0,-1,6,30,1,1,1,09:13,4,1,19
2023010453800,2023,010453800,2,1,1,2,56,9,3,0,0,0,0,0,1,2,E01002002,-1,0,0.0,1.0,-1,6,20,1,1,1,17:33,6,2,1
2023111278821,2023,111278821,1,1,1,-1,30,6,3,0,0,0,0,0,1,-1,-1,3,1,0.0,1.0,-1,6,30,1,1,1,14:15,6,2,1
2023440068272,2023,440068272,2,1,1,1,28,6,3,0,0,0,0,0,3,6,E01017212,-1,0,0.08187,0.91813,-1,6,30,1,1,1,14:25,7,3,3
2023010448489,2023,010448489,1,1,3,1,26,6,3,1,1,0,0,0,0,5,E01000705,-1,0,0.0,1.0,-1,9,30,1,1,1,12:45,2,1,9
2023010430300,2023,010430300,1,1,1,1,22,5,3,0,0,0,0,0,3,4,E01000875,-1,0,0.0,1.0,-1,3,30,1,4,1,19:50,6,2,3
2023522400733,2023,522400733,1,1,1,1,22,5,3,0,0,0,0,0,3,6,E01014900,-1,0,0.12584,0.87416,-1,6,20,1,4,1,20:50,3,2,3
2023010475170,2023,010475170,2,1,1,1,45,7,3,0,0,0,0,0,4,5,E01000150,-1,0,0.0,1.0,-1,6,30,8,4,2,18:35,3,2,4
2023631391875,2023,631391875,1,1,3,1,48,8,3,1,3,0,0,2,0,2,W01000483,3,1,0.0,1.0,-1,6,20,5,4,2,22:55,7,1,9
2023010424559,2023,010424559,2,1,1,1,67,10,3,0,0,0,0,0,1,6,E01001869,-1,0,0.0,1.0,-1,6,30,1,1,1,08:26,3,2,1
2023401280036,2023,401280036,2,1,1,1,29,6,3,0,0,0,0,0,1,4,E01017473,3,1,0.0,1.0,-1,6,30,1,1,-1,07:43,5,2,1
2023471322503,2023,471322503,2,2,1,1,47,8,3,0,0,0,0,0,1,10,E01021157,3,1,0.0,1.0,-1,6,60,1,1,1,13:45,1,2,1
2023451364177,2023,451364177,2,1,1,1,32,6,2,0,0,0,0,0,3,9,E01030605,5,1,1.0,0.0,-1,6,30,1,1,1,08:00,4,3,3
2023131273000,2023,131273000,2,1,1,1,54,8,3,0,0,0,0,0,1,9,E01011685,3,1,0.0,1.0,-1,1,40,1,1,1,12:00,1,2,1
2023471365217,2023,471365217,1,1,3,1,55,8,2,5,3,0,0,2,0,5,E01016957,7,1,1.0,0.0,-1,3,30,1,1,1,17:26,6,1,9
2023052302082,2023,052302082,1,1,1,1,13,3,3,0,0,0,0,0,-1,2,E01006782,-1,0,0.14167,0.85833,-1,6,30,1,1,1,19:30,2,2,-1
2023421389529,2023,421389529,2,1,1,2,50,8,3,0,0,0,0,0,9,10,E01023449,3,1,0.0,1.0,-1,6,30,1,1,4,08:25,6,2,9
2023440078869,2023,440078869,1,1,1,1,20,4,2,0,0,0,0,0,9,6,E01022960,-1,0,1.0,0.0,-1,6,40,1,4,1,22:53,7,2,9
2023451335909,2023,451335909,1,1,1,2,47,8,3,0,0,0,0,0,9,5,E01001068,3,1,0.0,1.0,-1,6,30,1,1,1,10:29,2,2,9
2023991363272,2023,991363272,2,2,1,2,18,4,3,0,0,0,0,0,9,5,-1,3,1,0.0,1.0,-1,6,60,1,1,1,08:00,2,2,9
2023010457702,2023,010457702,2,1,1,1,66,10,3,0,0,0,0,0,1,4,E01003255,-1,0,0.0,1.0,-1,6,20,1,1,1,13:30,6,2,1
2023201403276,2023,201403276,1,1,1,1,22,5,2,0,0,0,0,0,1,1,E01009401,7,1,1.0,0.0,-1,6,30,1,1,1,09:20,3,2,1
2023311357897,2023,311357897,2,1,1,1,26,6,2,0,0,0,0,0,1,1,E01028068,7,1,1.0,0.0,-1,6,30,1,4,1,05:40,7,2,1
2023371362227,2023,371362227,2,1,1,1,-1,-1,2,0,0,0,0,0,2,5,E01030188,7,1,1.0,0.0,-1,6,30,8,1,1,08:10,2,2,2
2023471334027,2023,471334027,1,1,3,1,38,7,3,8,5,0,0,0,0,10,E01022590,3,1,0.0,1.0,-1,6,30,1,1,1,09:27,2,1,9
2023231331914,2023,231331914,2,1,1,1,34,6,3,0,0,0,0,0,1,7,E01031253,3,1,0.0,1.0,-1,1,30,1,1,2,21:00,5,2,1
2023451319545,2023,451319545,1,1,1,1,27,6,3,0,0,0,0,0,3,7,E01016545,3,1,0.0,1.0,-1,6,40,1,7,1,22:30,5,2,3
2023201344165,2023,201344165,1,1,3,1,13,3,3,5,1,0,0,0,0,1,E01009000,3,1,0.0,1.0,-1,6,30,1,1,1,13:50,6,1,9
2023010470596,2023,010470596,1,1,1,1,26,6,3,0,0,0,0,0,1,4,E01001975,-1,0,0.0,1.0,-1,6,20,1,1,1,18:05,6,2,1
2023991300333,2023,991300333,2,1,1,1,48,8,2,0,0,0,0,0,1,8,-1,5,1,1.0,0.0,-1,6,60,1,1,1,11:40,1,2,1
2023010430169,2023,010430169,1,1,1,1,35,6,2,0,0,0,0,0,9,-1,-1,-1,0,1.0,0.0,-1,1,30,1,4,1,01:45,6,1,9
2023361360465,2023,361360465,3,2,1,2,34,6,3,0,0,0,0,0,9,5,E01030267,3,1,0.0,1.0,-1,6,30,1,1,1,17:00,6,3,9
2023440103021,2023,440103021,1,1,1,2,24,5,3,0,0,0,0,0,9,4,E01022484,-1,0,0.06711,0.93289,-1,3,70,1,6,1,18:18,3,1,9
2023451324929,2023,451324929,1,1,1,1,27,6,3,0,0,0,0,0,9,8,E01030591,3,1,0.0,1.0,-1,1,40,1,4,1,23:15,7,2,9
2023471335873,2023,471335873,1,1,1,2,50,8,3,0,0,0,0,0,9,3,E01001117,3,1,0.0,1.0,-1,3,70,1,1,1,11:40,7,2,9
2023010426400,2023,010426400,3,1,1,1,44,7,3,0,0,0,0,0,9,7,E01000711,-1,0,0.0,1.0,-1,1,30,1,1,2,06:35,6,3,9
2023311350147,2023,311350147,2,1,1,2,32,6,3,0,0,0,0,0,9,7,E01028250,3,1,0.0,1.0,-1,6,30,1,1,1,15:15,5,2,9
2023332300681,2023,332300681,1,1,1,2,21,5,3,0,0,0,0,0,9,6,E01025655,-1,0,0.01451,0.98549,-1,3,30,1,1,1,07:00,4,2,9
2023421335512,2023,421335512,2,1,2,2,71,10,3,0,0,1,0,0,9,7,E01021904,3,1,0.0,1.0,-1,6,60,2,1,2,17:36,1,2,9
2023471268969,2023,471268969,2,1,1,2,60,9,3,0,0,0,0,0,9,8,E01031382,3,1,0.0,1.0,-1,6,30,1,1,1,15:45,6,2,9
2023440447811,2023,440447811,1,1,1,1,47,8,3,0,0,0,0,0,9,9,E01022536,-1,0,0.10887,0.89113,-1,3,70,2,4,5,05:07,5,1,9
2023520301435,2023,520301435,2,6,2,2,10,2,3,0,0,2,0,0,9,6,E01028703,-1,0,0.01986,0.98014,-1,3,70,1,1,1,13:30,5,5,9
2023010445908,2023,010445908,1,1,3,1,30,6,3,6,9,0,0,0,0,1,E01000508,-1,0,0.0,1.0,-1,6,20,1,4,1,22:42,2,1,9
2023430390308,2023,430390308,2,1,1,2,32,6,3,0,0,0,0,0,1,1,E01028576,-1,0,0.03117,0.96883,-1,6,20,1,1,1,18:37,3,2,1
2023440429207,2023,440429207,2,1,1,2,32,6,2,0,0,0,0,0,1,1,E01022843,-1,0,1.0,0.0,-1,6,30,2,4,2,21:28,5,2,1
2023131349260,2023,131349260,1,1,3,2,10,2,3,5,1,0,0,0,0,3,E01011141,3,1,0.0,1.0,-1,6,30,1,1,1,18:40,3,1,9
2023451334275,2023,451334275,1,1,3,2,21,5,3,4,1,0,0,0,0,8,E01030794,3,1,0.0,1.0,-1,6,30,1,1,1,17:47,5,1,97
2023170S11713,2023,170S11713,2,4,2,2,26,6,3,0,0,1,0,0,9,2,E01012249,-1,0,0.05858,0.94142,-1,6,30,1,4,2,01:00,7,2,9
2023361265091,2023,361265091,1,1,1,1,17,4,3,0,0,0,0,0,9,9,E01018054,3,1,0.0,1.0,-1,6,60,1,1,2,10:57,4,2,9
2023461397021,2023,461397021,1,1,1,1,49,8,3,0,0,0,0,0,9,5,E01016149,3,1,0.0,1.0,-1,6,60,1,6,4,21:40,6,2,9
2023541259823,2023,541259823,1,1,1,2,43,7,3,0,0,0,0,0,9,9,E01032112,-1,0,0.05797,0.94203,-1,6,30,1,4,1,06:35,7,1,9
2023991305919,2023,991305919,2,3,1,1,54,8,2,0,0,0,0,0,9,4,-1,6,1,1.0,0.0,-1,6,30,1,1,2,09:57,3,3,9
2023031303348,2023,031303348,2,1,2,2,53,8,3,0,0,2,0,0,9,6,E01019256,3,1,0.0,1.0,-1,6,30,1,4,1,21:40,6,2,9
2023451388280,2023,451388280,1,1,1,2,19,4,3,0,0,0,0,0,9,10,E01030331,3,1,0.0,1.0,-1,6,30,1,1,2,12:27,5,2,9
2023170S10343,2023,170S10343,1,1,3,2,11,3,3,5,2,0,0,0,0,1,E01032542,-1,0,0.09553,0.90447,-1,6,20,1,1,1,16:00,5,1,9
2023010454486,2023,010454486,1,2,2,1,11,3,3,0,0,2,0,0,9,6,E01001527,-1,0,0.0,1.0,-1,6,30,1,4,1,08:25,3,2,9
2023201390114,2023,201390114,1,1,1,1,18,4,3,0,0,0,0,0,9,4,E01009238,3,1,0.0,1.0,-1,6,30,1,4,1,21:04,6,3,9
2023471302521,2023,471302521,2,2,1,2,21,5,3,0,0,0,0,0,9,6,E01031362,3,1,0.0,1.0,-1,3,70,1,1,1,17:55,7,2,9
2023622400006,2023,622400006,2,5,2,2,66,10,2,0,0,1,0,0,9,1,W01000884,-1,0,1.0,0.0,-1,3,70,1,6,1,16:45,4,4,9
2023991346967,2023,991346967,1,1,1,1,22,5,2,0,0,0,0,0,8,1,-1,6,1,1.0,0.0,-1,6,30,8,1,1,14:54,4,1,8
2023010456967,2023,010456967,1,1,1,2,29,6,3,0,0,0,0,0,3,3,E01002048,-1,0,0.0,1.0,-1,6,20,1,1,1,18:15,6,2,3
2023211343175,2023,211343175,1,2,2,2,43,7,2,0,0,0,0,0,5,1,E01010283,7,1,1.0,0.0,-1,6,60,1,6,1,23:19,5,1,5
2023161361944,2023,161361944,2,1,1,1,25,5,3,0,0,0,0,0,3,-1,-1,3,1,0.0,1.0,-1,6,30,1,1,1,16:30,2,2,3
2023041377343,2023,041377343,2,1,1,2,11,3,3,0,0,0,0,0,1,2,E01025274,3,1,0.0,1.0,-1,6,30,1,4,2,16:50,2,2,1
2023631307371,2023,631307371,2,1,1,1,29,6,1,0,0,0,0,0,5,5,W01000576,1,1,0.0,0.0,-1,3,60,1,1,1,08:09,7,2,5
2023010466386,2023,010466386,1,1,3,1,78,11,2,4,1,0,0,0,0,6,E01022261,-1,0,1.0,0.0,-1,6,20,8,1,1,13:20,6,1,1
2023122300732,2023,122300732,1,1,3,1,9,2,2,5,4,0,0,0,0,4,E01027866,-1,0,1.0,0.0,-1,6,30,1,1,1,16:29,7,1,9
2023010454417,2023,010454417,1,1,1,1,27,6,3,0,0,0,0,0,2,4,E01002663,-1,0,0.0,1.0,-1,6,20,1,1,1,18:00,2,2,2
2023411283592,2023,411283592,2,1,1,1,28,6,3,0,0,0,0,0,3,4,E01023955,3,1,0.0,1.0,-1,6,30,1,1,1,14:20,4,3,3
2023371399787,2023,371399787,2,1,1,1,19,4,3,0,0,0,0,0,1,-1,-1,3,1,0.0,1.0,-1,3,40,1,1,2,14:41,7,2,1
2023010465736,2023,010465736,2,1,1,1,36,7,3,0,0,0,0,0,1,4,E01000612,-1,0,0.0,1.0,-1,6,20,1,1,1,14:19,4,2,1
2023010445887,2023,010445887,1,1,1,1,37,7,3,0,0,0,0,0,9,2,E01001136,-1,0,0.0,1.0,-1,6,20,1,1,1,14:00,1,2,9
2023031369955,2023,031369955,2,1,1,2,31,6,3,0,0,0,0,0,9,-1,-1,3,1,0.0,1.0,-1,9,40,1,1,2,09:45,5,2,9
2023421390035,2023,421390035,1,1,1,2,79,11,3,0,0,0,0,0,9,10,E01021569,3,1,0.0,1.0,-1,6,30,2,1,2,08:30,3,3,9
2023440235238,2023,440235238,2,1,1,2,23,5,3,0,0,0,0,0,9,7,E01022592,-1,0,0.01307,0.98693,-1,6,30,1,1,1,08:23,4,3,9
2023471312076,2023,471312076,2,1,2,1,7,2,3,0,0,1,0,0,9,5,E01031605,3,1,0.0,1.0,-1,3,40,1,1,1,11:50,7,4,9
2023010476053,2023,010476053,1,1,1,1,44,7,3,0,0,0,0,0,9,3,E01000035,-1,0,0.0,1.0,-1,7,30,1,1,1,13:56,7,2,9
2023401265375,2023,401265375,1,1,2,1,22,5,3,0,0,1,0,0,9,8,E01017598,3,1,0.0,1.0,-1,6,20,2,4,2,19:56,1,3,9
2023421270527,2023,421270527,2,2,2,1,24,5,3,0,0,1,0,0,9,8,E01025602,3,1,0.0,1.0,-1,1,50,1,1,1,15:40,2,2,9
2023430198902,2023,430198902,1,2,2,2,44,7,3,0,0,2,0,0,9,-1,-1,-1,0,0.0197,0.9803,-1,6,40,1,4,1,01:37,1,2,9
2023131368227,2023,131368227,2,1,1,1,46,8,2,0,0,0,0,0,9,2,E01010792,7,1,1.0,0.0,-1,6,30,1,1,1,14:18,1,2,9
2023461357093,2023,461357093,1,1,1,2,70,10,3,0,0,0,0,0,9,4,E01024566,3,1,0.0,1.0,-1,6,30,1,1,1,07:18,2,1,9
2023501299763,2023,501299763,2,1,1,1,89,11,3,0,0,0,0,0,9,7,E01020011,3,1,0.0,1.0,-1,3,70,1,1,1,15:55,6,2,9
2023501304787,2023,501304787,1,1,1,1,36,7,3,0,0,0,0,0,9,6,E01018967,3,1,0.0,1.0,-1,6,60,1,6,1,01:00,1,1,9
2023991357672,2023,991357672,2,2,1,2,54,8,3,0,0,0,0,0,9,1,-1,3,1,0.0,1.0,-1,6,20,1,6,1,21:15,2,2,9
2023010423165,2023,010423165,2,3,1,1,37,7,3,0,0,0,0,0,9,7,E01002165,-1,0,0.0,1.0,-1,6,20,1,4,2,02:20,3,2,9
2023201306689,2023,201306689,2,2,2,2,68,10,3,0,0,0,4,0,11,5,E01009267,3,1,0.0,1.0,-1,6,30,1,1,1,18:25,7,2,11
2023010439605,2023,010439605,1,1,1,1,46,8,3,0,0,0,0,0,9,4,E01003632,-1,0,0.0,1.0,-1,3,30,9,4,1,22:30,7,2,9
2023371283334,2023,371283334,1,1,1,1,23,5,3,0,0,0,0,0,9,5,E01029990,3,1,0.0,1.0,-1,6,20,1,1,1,14:56,6,2,9
2023411351182,2023,411351182,1,1,1,1,75,10,3,0,0,0,0,0,9,6,E01023943,3,1,0.0,1.0,-1,6,30,1,1,1,17:30,7,1,9
2023411359648,2023,411359648,1,1,2,2,46,8,2,0,0,1,0,0,9,6,E01023394,6,1,1.0,0.0,-1,6,30,1,1,1,17:06,2,2,9
2023071040511,2023,071040511,1,1,1,1,90,11,3,0,0,0,0,0,9,9,E01018383,-1,0,0.0837,0.9163,-1,6,30,1,1,1,13:03,1,2,9
2023421331188,2023,421331188,1,1,1,2,57,9,3,0,0,0,0,0,9,9,E01021256,3,1,0.0,1.0,-1,6,60,1,1,1,14:57,4,3,9
2023461382954,2023,461382954,1,3,2,2,-1,-1,2,0,0,1,0,0,9,6,E01024216,5,1,1.0,0.0,-1,6,40,1,1,1,08:41,7,2,9
2023520400506,2023,520400506,2,1,1,1,76,11,3,0,0,0,0,0,9,1,E01015087,-1,0,0.06502,0.93498,-1,6,60,1,1,1,16:14,5,2,9
2023061339517,2023,061339517,1,14,2,2,27,6,2,0,0,0,4,0,11,1,E01005240,7,1,1.0,0.0,-1,6,30,1,1,1,12:35,3,1,11
2023440064363,2023,440064363,2,1,1,1,11,3,3,0,0,0,0,0,-1,10,E01022643,-1,0,0.12532,0.87468,-1,6,30,2,5,2,18:17,4,2,-1
2023010483598,2023,010483598,2,3,2,1,59,9,3,0,0,2,0,0,9,3,E01004066,-1,0,0.0,1.0,-1,6,30,1,4,2,17:00,3,2,9
2023031288222,2023,031288222,1,1,1,2,42,7,3,0,0,0,0,0,9,-1,-1,3,1,0.0,1.0,-1,6,30,1,1,2,16:40,7,3,9
2023141391003,2023,141391003,2,3,2,2,38,7,3,0,0,2,0,0,9,2,E01007804,3,1,0.0,1.0,-1,3,40,4,1,2,08:32,5,2,9
2023161365778,2023,161365778,1,1,1,1,36,7,2,0,0,0,0,0,9,5,E01012991,5,1,1.0,0.0,-1,6,60,2,1,2,14:23,7,2,9
2023451274140,2023,451274140,1,2,2,2,34,6,3,0,0,1,0,0,9,6,E01030555,3,1,0.0,1.0,-1,6,20,1,4,1,19:51,4,2,9
2023501365808,2023,501365808,1,1,1,2,31,6,3,0,0,0,0,0,9,2,E01020280,3,1,0.0,1.0,-1,6,30,1,1,1,16:30,1,2,9
2023552300938,2023,552300938,2,2,1,2,77,11,3,0,0,0,0,0,9,5,E01020472,-1,0,0.05081,0.94919,-1,6,30,1,1,1,10:35,4,2,9
2023131354283,2023,131354283,1,1,2,1,16,4,3,0,0,1,0,0,9,1,E01033693,3,1,0.0,1.0,-1,6,30,5,1,2,09:00,4,2,9
2023549301623,2023,549301623,2,1,1,1,75,10,3,0,0,0,0,0,9,8,E01032695,-1,0,0.00296,0.99704,-1,1,30,2,1,2,08:40,5,2,9
2023201365686,2023,201365686,2,1,1,1,58,9,3,0,0,0,0,0,9,8,E01009465,3,1,0.0,1.0,-1,3,30,1,4,1,00:20,2,2,9
2023531263168,2023,531263168,2,1,1,2,21,5,3,0,0,0,0,0,9,8,E01028807,3,1,0.0,1.0,-1,6,60,1,6,2,19:20,6,2,9
202360A046819,2023,60A046819,2,2,1,2,31,6,3,0,0,0,0,0,9,-1,-1,-1,0,0.0927,0.9073,-1,6,40,1,1,1,16:10,7,2,9
2023610053523,2023,610053523,1,1,1,2,28,6,3,0,0,1,0,0,9,3,W01001338,-1,0,0.00793,0.99207,-1,6,20,1,4,2,17:10,2,2,9
2023131275311,2023,131275311,1,1,3,2,43,7,3,5,3,0,0,2,0,4,E01011049,3,1,0.0,1.0,-1,6,30,1,1,2,15:30,6,1,9
2023201315742,2023,201315742,1,1,3,2,75,10,3,6,8,0,0,0,0,5,E01010554,3,1,0.0,1.0,-1,6,30,1,1,1,15:00,3,1,9
2023201391931,2023,201391931,1,1,3,1,43,7,3,5,1,0,0,2,0,-1,-1,3,1,0.0,1.0,-1,6,30,1,1,1,22:28,6,1,9
2023131287810,2023,131287810,2,1,1,1,46,8,3,0,0,0,0,0,1,5,E01011537,3,1,0.0,1.0,-1,6,30,1,1,1,07:45,6,2,1
2023451340689,2023,451340689,1,1,1,1,36,7,3,0,0,0,0,0,3,6,E01023118,3,1,0.0,1.0,-1,6,30,1,1,1,07:30,5,2,3
2023421330173,2023,421330173,1,1,1,1,30,6,2,0,0,0,0,0,5,9,E01021397,7,1,1.0,0.0,-1,6,30,1,1,1,11:55,2,2,5
2023201290768,2023,201290768,2,3,2,2,10,2,3,0,0,2,0,0,9,-1,-1,3,1,0.0,1.0,-1,3,30,1,1,1,14:36,1,2,9
2023991372436,2023,991372436,2,1,1,1,70,10,3,0,0,0,0,0,9,-1,-1,3,1,0.0,1.0,-1,6,60,1,1,1,07:15,6,2,9
2023430513672,2023,430513672,1,1,3,2,94,11,2,1,1,0,0,0,0,10,E01017896,-1,0,1.0,0.0,-1,6,30,1,1,1,12:24,4,1,21
202354B316523,2023,54B316523,1,1,3,2,18,4,3,1,1,0,0,0,0,-1,-1,-1,0,0.07363,0.92637,-1,1,30,1,1,2,16:32,4,1,9
2023332300717,2023,332300717,1,2,1,1,27,6,3,0,0,0,0,0,9,6,E01013757,-1,0,0.02427,0.97573,-1,3,30,1,4,1,03:09,4,2,9
2023991343906,2023,991343906,1,1,2,1,14,3,2,0,0,1,0,0,9,9,-1,5,1,1.0,0.0,-1,6,40,1,1,2,18:45,6,2,9
2023052300061,2023,052300061,2,2,2,2,27,6,3,0,0,2,0,0,9,5,E01012620,-1,0,0.00433,0.99567,-1,2,30,1,1,1,13:54,7,2,9
2023631324273,2023,631324273,1,1,1,2,29,6,3,0,0,0,0,0,9,2,W01000838,3,1,0.0,1.0,-1,6,40,1,5,1,03:55,6,1,9
2023991350164,2023,991350164,1,1,3,1,4,1,3,5,1,0,0,2,0,2,-1,3,1,0.0,1.0,-1,6,30,1,1,1,17:10,5,1,9
2023552300209,2023,552300209,2,2,2,2,28,6,3,0,0,0,0,0,4,3,E01015289,-1,0,0.11153,0.88847,-1,6,30,1,4,2,18:12,4,2,4
2023440430995,2023,440430995,2,3,1,1,21,5,2,0,0,0,0,0,9,5,E01022603,-1,0,1.0,0.0,-1,6,30,2,4,2,00:29,7,2,9
2023471283201,2023,471283201,1,1,2,2,55,8,3,0,0,1,0,0,9,9,E01021123,3,1,0.0,1.0,-1,6,60,1,1,1,11:50,1,2,9
2023010436648,2023,010436648,1,1,1,1,18,4,3,0,0,0,0,0,9,6,E01003786,-1,0,0.0,1.0,-1,6,30,1,4,1,22:18,1,2,9