collision_index,collision_year,collision_ref_no,vehicle_reference,casualty_reference,casualty_class,sex_of_casualty,age_of_casualty,age_band_of_casualty,casualty_severity,pedestrian_location,pedestrian_movement,car_passenger,bus_or_coach_passenger,pedestrian_road_maintenance_worker,casualty_type,casualty_imd_decile,lsoa_of_casualty,enhanced_casualty_severity,casualty_injury_based,casualty_adjusted_severity_serious,casualty_adjusted_severity_slight,casualty_distance_banding,road_type,speed_limit,weather_conditions,light_conditions,road_surface_conditions,time,day_of_week,number_of_vehicles,vehicle_type
2023430108367,2023,430108367,1,1,1,1,50,8,3,0,0,0,0,0,5,-1,-1,-1,0,0.24014,0.75986,-1,6,60,1,1,1,16:13,6,1,5
2023411302799,2023,411302799,1,1,1,1,20,4,3,0,0,0,0,0,9,3,E01002130,3,1,0.0,1.0,-1,6,60,8,1,2,06:44,7,1,9
2023520000078,2023,520000078,1,3,2,2,-1,-1,3,0,0,2,0,0,9,7,E01014403,-1,0,0.00505,0.99495,-1,1,30,2,1,2,11:44,1,2,9
2023052300226,2023,052300226,2,1,1,1,36,7,3,0,0,0,0,0,1,7,E01007203,-1,0,0.08359,0.91641,-1,6,30,1,1,1,15:00,1,2,1
2023631342756,2023,631342756,4,1,1,1,67,10,1,0,0,0,0,0,4,3,E01003182,1,1,0.0,0.0,-1,6,60,1,1,1,10:25,5,4,4
2023061300887,2023,061300887,1,1,1,1,36,7,3,0,0,0,0,0,9,-1,-1,3,1,0.0,1.0,-1,3,30,1,4,2,04:18,2,3,9
2023221343284,2023,221343284,1,4,2,2,77,11,2,0,0,2,0,0,9,-1,-1,5,1,1.0,0.0,-1,3,70,1,1,1,17:36,6,2,9
2023430496681,2023,430496681,1,1,1,2,36,7,3,0,0,0,0,0,9,10,E01016259,-1,0,0.01232,0.98768,-1,6,30,1,4,2,17:50,7,2,9
2023061265398,2023,061265398,1,1,3,1,75,10,3,5,1,0,0,0,0,10,E01004808,3,1,0.0,1.0,-1,6,30,1,1,1,16:42,4,1,9
202360A194588,2023,60A194588,1,1,3,1,69,10,3,5,1,0,0,0,0,-1,-1,-1,0,0.23455,0.76545,-1,6,20,1,1,1,12:00,2,1,9
2023010466433,2023,010466433,2,1,1,1,24,5,2,0,0,0,0,0,1,3,E01000630,-1,0,1.0,0.0,-1,6,30,1,1,1,13:20,7,2,1
2023041326279,2023,041326279,2,1,1,1,44,7,3,0,0,0,0,0,9,10,E01025341,3,1,0.0,1.0,-1,6,30,1,1,1,17:22,3,2,9
2023471309008,2023,471309008,2,1,1,1,25,5,3,0,0,0,0,0,19,10,E01021132,3,1,0.0,1.0,-1,6,30,1,1,1,19:15,5,2,19
2023201325607,2023,201325607,2,2,1,2,21,5,3,0,0,0,0,0,9,7,E01031244,3,1,0.0,1.0,-1,6,30,2,7,2,18:30,6,2,9
2023302301437,2023,302301437,1,1,3,1,6,2,2,5,1,0,0,0,0,3,E01013532,-1,0,1.0,0.0,-1,6,30,9,1,1,15:30,4,1,9
2023061353408,2023,061353408,1,1,1,1,31,6,2,0,0,0,0,0,2,8,E01006015,7,1,1.0,0.0,-1,6,30,1,1,1,11:33,1,2,2
2023010486409,2023,010486409,1,1,1,1,45,7,3,0,0,0,0,0,9,5,E01001525,-1,0,0.0,1.0,-1,6,20,2,6,2,21:55,5,3,9
2023041339140,2023,041339140,2,3,2,1,67,10,3,0,0,1,0,0,9,10,E01025532,3,1,0.0,1.0,-1,6,30,1,1,1,17:50,2,2,9
2023461283472,2023,461283472,1,1,1,1,76,11,3,0,0,0,0,0,9,9,E01024814,3,1,0.0,1.0,-1,3,30,1,7,1,20:06,3,1,9
2023161374574,2023,161374574,1,1,3,1,53,8,2,1,1,0,0,2,0,1,E01012878,6,1,1.0,0.0,-1,6,30,1,4,2,17:50,2,1,9
2023461325547,2023,461325547,1,1,1,1,18,4,2,0,0,0,0,0,4,8,E01016119,6,1,1.0,0.0,-1,1,40,1,4,1,02:54,7,1,4
2023061335443,2023,061335443,2,1,1,1,20,4,3,0,0,0,0,0,9,2,E01006011,3,1,0.0,1.0,-1,3,70,1,1,1,16:54,6,2,9
2023122300481,2023,122300481,1,2,2,1,22,5,2,0,0,1,0,0,9,8,E01027589,-1,0,1.0,0.0,-1,6,60,2,1,2,13:24,4,3,9
2023320138532,2023,320138532,1,1,2,1,17,4,3,0,0,2,0,0,9,7,E01026412,-1,0,0.10083,0.89917,-1,6,60,1,1,2,12:25,2,1,9
2023111359399,2023,111359399,1,1,1,1,15,3,3,0,0,0,0,0,1,-1,-1,3,1,0.0,1.0,-1,6,30,1,1,1,17:00,5,2,1
2023545498523,2023,545498523,1,1,1,1,46,8,3,0,0,0,0,0,5,6,E01032011,-1,0,0.24092,0.75908,-1,6,60,1,1,1,19:41,5,2,5
2023010457843,2023,010457843,1,1,1,1,28,6,3,0,0,0,0,0,3,10,E01000756,-1,0,0.0,1.0,-1,9,30,9,1,9,12:30,5,2,3
2023411299355,2023,411299355,1,1,1,1,49,8,3,0,0,0,0,0,3,6,E01023915,3,1,0.0,1.0,-1,6,30,1,1,1,08:35,3,2,3
2023461335679,2023,461335679,2,1,1,1,30,6,3,0,0,0,0,0,3,5,E01024531,3,1,0.0,1.0,-1,6,50,1,1,1,14:00,7,2,3
2023070327688,2023,070327688,1,1,1,2,76,11,3,0,0,0,0,0,9,9,E01018442,-1,0,0.06989,0.93011,-1,6,30,1,1,1,18:10,3,2,9
2023302300544,2023,302300544,3,2,1,1,26,6,3,0,0,0,0,0,9,8,E01013592,-1,0,0.03235,0.96765,-1,3,70,2,1,2,17:05,4,4,9
2023401354520,2023,401354520,2,2,2,2,-1,-1,3,0,0,1,0,0,9,-1,-1,3,1,0.0,1.0,-1,6,60,2,1,1,06:30,4,3,9
2023440363624,2023,440363624,1,3,1,2,43,7,3,0,0,0,0,0,9,6,E01015460,-1,0,0.0678,0.9322,-1,6,60,1,1,1,10:13,5,2,9
2023061277521,2023,061277521,1,1,3,1,37,7,2,6,9,0,0,2,0,7,E01006057,7,1,1.0,0.0,-1,6,30,9,1,1,15:00,1,1,9
202360A047966,2023,60A047966,2,1,1,1,55,8,3,0,0,0,0,0,3,-1,-1,-1,0,0.22228,0.77772,-1,6,30,8,1,1,15:17,2,2,3
2023041285591,2023,041285591,2,2,2,2,39,7,3,0,0,1,0,0,9,8,E01025599,3,1,0.0,1.0,-1,3,30,1,1,1,11:20,6,2,9
2023161298469,2023,161298469,1,1,1,2,35,6,3,0,0,0,0,0,9,10,E01013117,3,1,0.0,1.0,-1,6,30,1,1,2,11:45,6,2,9
2023010439741,2023,010439741,1,1,2,2,61,9,3,0,0,0,3,0,11,2,E01003611,-1,0,0.0,1.0,-1,6,30,1,1,1,07:10,5,2,11
2023010440119,2023,010440119,1,1,1,1,34,6,3,0,0,0,0,0,1,7,E01004566,-1,0,0.0,1.0,-1,2,20,1,4,1,00:09,7,2,1
2023010419391,2023,010419391,2,1,1,1,22,5,2,0,0,0,0,0,4,-1,-1,-1,0,1.0,0.0,-1,3,20,1,4,1,00:15,3,2,4
2023010465211,2023,010465211,1,3,3,1,2,1,3,5,9,0,0,0,0,3,E01004425,-1,0,0.0,1.0,-1,6,20,1,1,1,08:37,5,1,9
2023031265440,2023,031265440,2,1,1,2,52,8,3,0,0,0,0,0,1,8,E01019330,3,1,0.0,1.0,-1,6,30,1,1,2,12:49,5,2,1
2023332300069,2023,332300069,2,2,2,1,71,10,3,0,0,1,0,0,9,8,E01031069,-1,0,0.01523,0.98477,-1,3,70,1,1,2,08:25,2,3,9
2023440365916,2023,440365916,2,2,2,1,9,2,3,0,0,1,0,0,9,4,E01017295,-1,0,0.02825,0.97175,-1,6,30,1,1,1,15:30,6,2,9
2023122300870,2023,122300870,1,1,3,1,63,9,2,6,9,0,0,0,0,4,E01027830,-1,0,1.0,0.0,-1,6,30,1,1,1,06:53,6,1,9
2023991318605,2023,991318605,1,1,1,2,19,4,3,0,0,0,0,0,9,10,-1,3,1,0.0,1.0,-1,6,30,1,1,1,11:15,4,1,9
2023131344708,2023,131344708,1,1,3,1,82,11,2,5,1,0,0,2,0,6,E01010888,7,1,1.0,0.0,-1,6,20,1,1,1,11:23,5,3,9
2023201418745,2023,201418745,2,1,1,2,28,6,3,0,0,0,0,0,9,2,E01009304,3,1,0.0,1.0,-1,6,30,1,1,1,08:20,5,2,9
2023461384163,2023,461384163,2,2,1,1,53,8,3,0,0,0,0,0,9,8,E01024053,3,1,0.0,1.0,-1,6,60,1,1,1,21:35,7,2,9
2023552300675,2023,552300675,2,2,1,1,19,4,3,0,0,0,0,0,9,7,E01020465,-1,0,0.05419,0.94581,-1,6,60,1,1,1,17:32,5,2,9
2023010486019,2023,010486019,1,2,2,-1,-1,-1,3,0,0,1,0,0,9,6,E01003393,-1,0,0.0,1.0,-1,6,20,2,1,2,12:50,2,2,9
2023547873023,2023,547873023,2,1,1,2,23,5,3,0,0,0,0,0,9,6,E01032114,-1,0,0.02317,0.97683,-1,6,30,2,4,2,23:55,4,2,9
2023201366841,2023,201366841,1,1,1,2,43,7,3,0,0,0,0,0,9,3,E01009095,3,1,0.0,1.0,-1,6,30,1,4,1,22:30,6,1,9
2023221261643,2023,221261643,1,1,1,1,22,5,2,0,0,0,0,0,9,5,E01032193,6,1,1.0,0.0,-1,6,60,1,6,2,02:40,7,1,9
2023501336312,2023,501336312,1,1,1,2,32,6,3,0,0,0,0,0,9,3,E01033626,3,1,0.0,1.0,-1,6,40,1,1,1,17:52,2,3,9
2023061359289,2023,061359289,2,1,1,1,38,7,3,0,0,0,0,0,9,-1,-1,3,1,0.0,1.0,-1,6,30,1,1,1,15:32,3,2,9
2023201320149,2023,201320149,1,1,1,2,19,4,3,0,0,0,0,0,9,3,E01021320,3,1,0.0,1.0,-1,1,30,1,4,1,20:16,1,2,9
2023340NN1842,2023,340NN1842,3,2,1,2,41,7,3,0,0,0,0,0,9,3,E01027112,-1,0,0.03339,0.96661,-1,6,30,1,1,1,08:45,4,3,9
2023461333190,2023,461333190,3,2,1,2,38,7,3,0,0,0,0,0,9,3,E01024717,3,1,0.0,1.0,-1,6,40,1,1,1,14:30,6,3,9
2023052302028,2023,052302028,1,1,3,1,23,5,3,5,1,0,0,0,0,3,E01007219,-1,0,0.09495,0.90505,-1,6,30,1,4,1,21:00,6,1,9
2023141284190,2023,141284190,1,1,1,1,26,6,3,0,0,0,0,0,9,6,E01026682,3,1,0.0,1.0,-1,3,70,1,1,1,18:20,1,2,9
202354C351923,2023,54C351923,3,1,1,1,59,9,3,0,0,0,0,0,9,4,E01022188,-1,0,0.05844,0.94156,-1,6,60,1,6,2,16:59,3,3,9
202360A130887,2023,60A130887,1,1,3,2,72,10,2,5,1,0,0,0,0,-1,-1,-1,0,1.0,0.0,-1,6,30,1,1,1,16:20,4,1,9
2023451351536,2023,451351536,2,1,1,2,24,5,2,0,0,0,0,0,5,10,E01030517,7,1,1.0,0.0,-1,6,40,1,1,1,08:30,3,2,5
2023221326985,2023,221326985,1,1,3,1,12,3,3,1,3,0,0,0,0,7,E01032122,3,1,0.0,1.0,-1,6,20,1,1,1,08:51,6,1,9
2023471334548,2023,471334548,1,1,3,1,37,7,3,9,5,0,0,0,0,1,E01020983,3,1,0.0,1.0,-1,6,30,1,4,1,21:00,6,1,9
2023471297903,2023,471297903,2,1,1,2,50,8,3,0,0,0,0,0,1,6,E01016927,3,1,0.0,1.0,-1,6,30,1,1,1,08:30,3,3,1
2023991350472,2023,991350472,1,1,1,1,43,7,2,0,0,0,0,0,1,-1,-1,7,1,1.0,0.0,-1,6,60,1,1,1,15:00,6,2,1
2023320002786,2023,320002786,1,3,1,1,46,8,3,0,0,0,0,0,19,8,E01013214,-1,0,0.07016,0.92984,-1,6,60,1,1,1,15:10,2,2,19
2023041277283,2023,041277283,1,2,1,2,31,6,3,0,0,0,0,0,9,1,E01024899,3,1,0.0,1.0,-1,6,40,2,4,2,16:30,5,3,9
2023111368255,2023,111368255,1,1,1,1,22,5,2,0,0,0,0,0,9,2,E01020780,7,1,1.0,0.0,-1,6,40,2,4,2,18:30,7,1,9
2023010422536,2023,010422536,1,1,2,2,40,7,3,0,0,0,3,0,11,2,E01001485,-1,0,0.0,1.0,-1,6,30,1,4,2,16:42,6,1,11
2023991322405,2023,991322405,1,1,1,2,37,7,2,0,0,0,0,0,1,-1,-1,6,1,1.0,0.0,-1,6,60,1,1,1,17:00,7,2,1
2023010485166,2023,010485166,1,1,1,1,34,6,3,0,0,0,0,0,3,2,E01015476,-1,0,0.0,1.0,-1,9,30,1,1,1,12:50,4,2,3
2023501274534,2023,501274534,1,1,3,1,45,7,3,9,7,0,0,2,0,6,E01020172,3,1,0.0,1.0,-1,6,60,2,6,2,03:00,6,1,9
2023522300788,2023,522300788,1,1,1,1,61,9,3,0,0,0,0,0,19,5,E01014537,-1,0,0.03001,0.96999,-1,6,20,1,1,1,09:30,4,2,19
2023010455719,2023,010455719,1,1,1,1,22,5,3,0,0,0,0,0,9,7,E01003675,-1,0,0.0,1.0,-1,6,30,1,1,1,17:05,2,2,9
2023010458212,2023,010458212,2,1,1,2,36,7,2,0,0,0,0,0,9,2,E01003483,-1,0,1.0,0.0,-1,6,20,1,1,1,16:34,2,3,9
2023041335458,2023,041335458,1,1,1,1,35,6,3,0,0,0,0,0,9,2,E01012580,3,1,0.0,1.0,-1,3,70,2,4,2,23:52,7,1,9
2023122301410,2023,122301410,2,2,2,2,58,9,3,0,0,1,0,0,9,-1,-1,-1,0,0.07752,0.92248,-1,3,70,1,1,1,04:59,1,2,9
2023201393568,2023,201393568,3,2,1,1,23,5,3,0,0,0,0,0,9,-1,-1,3,1,0.0,1.0,-1,3,40,1,1,1,18:52,5,3,9
2023041375419,2023,041375419,2,1,1,2,23,5,3,0,0,0,0,0,9,9,E01025106,3,1,0.0,1.0,-1,6,30,5,4,2,17:38,5,2,9
2023141331135,2023,141331135,2,2,2,2,63,9,2,0,0,1,0,0,9,7,E01007743,7,1,1.0,0.0,-1,3,40,2,1,2,14:00,3,4,9
2023351277611,2023,351277611,2,1,1,2,41,7,3,0,0,0,0,0,9,6,E01018056,3,1,0.0,1.0,-1,6,30,1,1,1,12:57,7,2,9
2023471382567,2023,471382567,2,1,1,2,34,6,3,0,0,0,0,0,9,8,E01031667,3,1,0.0,1.0,-1,3,40,2,4,2,16:20,2,2,9
2023991324283,2023,991324283,2,1,2,2,28,6,2,0,0,1,0,0,9,1,-1,7,1,1.0,0.0,-1,6,30,1,1,1,09:15,7,2,9
2023471383450,2023,471383450,1,1,3,1,29,6,3,5,3,0,0,0,0,4,E01031575,3,1,0.0,1.0,-1,6,30,9,7,1,17:00,3,1,9
2023991371746,2023,991371746,2,1,1,1,24,5,3,0,0,0,0,0,19,2,-1,3,1,0.0,1.0,-1,6,30,1,1,1,07:50,3,2,19
2023010454586,2023,010454586,1,1,1,1,25,5,3,0,0,0,0,0,3,8,E01001044,-1,0,0.0,1.0,-1,6,30,2,1,2,15:03,3,2,3
2023170M11283,2023,170M11283,1,1,3,2,58,9,3,5,4,0,0,0,0,1,E01012038,-1,0,0.0736,0.9264,-1,6,30,1,1,1,13:24,1,1,9
2023430515739,2023,430515739,1,1,3,1,51,8,3,5,3,0,0,0,0,2,E01016463,-1,0,0.05918,0.94082,-1,6,30,1,1,1,15:25,5,1,9
2023221388306,2023,221388306,2,1,1,1,41,7,2,0,0,0,0,0,1,5,E01032454,7,1,1.0,0.0,-1,6,30,1,1,2,07:15,2,2,1
2023131365131,2023,131365131,2,1,1,2,69,10,2,0,0,0,0,0,9,10,E01011563,7,1,1.0,0.0,-1,6,30,5,1,2,12:40,6,2,9
2023440431792,2023,440431792,1,1,1,2,19,4,3,0,0,0,0,0,9,8,E01022566,-1,0,0.09346,0.90654,-1,6,30,2,1,2,17:08,7,2,9
2023010448732,2023,010448732,2,1,1,1,-1,-1,2,0,0,0,0,0,3,5,E01001348,-1,0,1.0,0.0,-1,1,30,1,1,1,12:11,3,2,3
2023071198992,2023,071198992,1,1,3,1,73,10,3,5,4,0,0,0,0,4,E01018624,-1,0,0.12315,0.87685,-1,6,30,1,1,1,09:42,3,1,9
2023302300582,2023,302300582,2,2,3,2,53,8,2,6,9,0,0,0,0,5,E01013542,-1,0,1.0,0.0,-1,6,30,1,1,1,18:25,2,3,9
2023010454290,2023,010454290,2,2,1,1,26,6,3,0,0,0,0,0,5,2,E01003190,-1,0,0.0,1.0,-1,6,30,1,1,1,11:02,2,2,5
2023622300203,2023,622300203,1,1,1,1,31,6,3,0,0,0,0,0,90,4,W01000944,-1,0,0.11475,0.88525,-1,6,30,1,1,1,13:23,1,1,90
2023010466005,2023,010466005,1,1,1,2,24,5,3,0,0,0,0,0,1,1,E01001847,-1,0,0.0,1.0,-1,7,20,8,1,1,08:09,4,2,1
2023010451998,2023,010451998,1,1,1,1,45,7,3,0,0,0,0,0,3,3,E01001465,-1,0,0.0,1.0,-1,1,20,1,1,1,10:00,6,2,3
2023340WN5682,2023,340WN5682,1,1,1,1,24,5,3,0,0,0,0,0,9,1,E01033639,-1,0,0.14021,0.85979,-1,6,60,1,6,2,06:35,5,2,9
2023010436003,2023,010436003,1,1,1,2,28,6,3,0,0,0,0,0,3,2,E01000556,-1,0,0.0,1.0,-1,7,20,1,1,1,15:25,4,2,3
2023461281114,2023,461281114,2,1,1,2,25,5,3,0,0,0,0,0,9,4,E01016055,3,1,0.0,1.0,-1,6,40,1,1,1,15:20,3,2,9
2023161293559,2023,161293559,2,1,1,1,55,8,3,0,0,0,0,0,1,6,E01012766,3,1,0.0,1.0,-1,6,30,9,7,1,17:13,4,2,1
2023010462177,2023,010462177,1,1,1,1,30,6,3,0,0,0,0,0,3,2,E01032805,-1,0,0.0,1.0,-1,6,20,1,1,1,13:15,5,2,3
2023010438334,2023,010438334,2,1,1,1,25,5,2,0,0,0,0,0,5,5,E01004523,-1,0,1.0,0.0,-1,6,20,1,5,1,21:32,4,2,5
2023010465864,2023,010465864,1,1,1,1,36,7,3,0,0,0,0,0,1,3,E01004183,-1,0,0.0,1.0,-1,1,30,1,1,1,07:00,5,2,1
2023041317853,2023,041317853,1,1,1,1,18,4,3,0,0,0,0,0,1,9,E01025126,3,1,0.0,1.0,-1,6,20,1,1,1,19:12,2,2,1
2023010446730,2023,010446730,1,1,1,1,59,9,3,0,0,0,0,0,3,9,E01004079,-1,0,0.0,1.0,-1,6,30,1,1,1,16:50,6,2,3
2023010480464,2023,010480464,1,1,1,1,48,8,3,0,0,0,0,0,3,4,E01001247,-1,0,0.0,1.0,-1,6,20,1,1,1,18:00,7,2,3
2023421374139,2023,421374139,2,1,1,1,47,8,2,0,0,0,0,0,3,3,E01021312,7,1,1.0,0.0,-1,6,30,1,4,2,17:04,2,2,3
2023421300200,2023,421300200,2,2,2,2,50,8,3,0,0,0,0,0,19,7,E01015849,3,1,0.0,1.0,-1,6,60,1,1,1,12:55,7,3,19
2023061374019,2023,061374019,1,1,3,1,69,10,3,5,1,0,0,0,0,3,E01005179,3,1,0.0,1.0,-1,6,30,1,1,2,17:10,5,1,9
2023010420241,2023,010420241,2,2,2,2,70,10,3,0,0,1,0,0,9,8,E01000371,-1,0,0.0,1.0,-1,6,30,2,1,2,12:25,1,3,9
2023471361185,2023,471361185,1,1,1,1,76,11,3,0,0,0,0,0,9,4,E01021224,3,1,0.0,1.0,-1,6,60,8,1,1,13:53,2,3,9
2023061335773,2023,061335773,2,1,1,1,45,7,3,0,0,0,0,0,9,9,E01005545,3,1,0.0,1.0,-1,6,30,1,1,1,06:50,6,2,9
2023421346811,2023,421346811,2,2,2,2,4,1,3,0,0,2,0,0,9,6,E01015860,3,1,0.0,1.0,-1,6,30,1,1,1,15:30,4,2,9
2023461305843,2023,461305843,1,1,2,1,18,4,3,0,0,1,0,0,9,-1,-1,3,1,0.0,1.0,-1,3,60,1,4,1,01:05,1,1,9
2023101389030,2023,101389030,2,1,2,1,5,1,3,0,0,2,0,0,9,1,E01008762,3,1,0.0,1.0,-1,1,30,2,4,2,00:45,7,2,9
2023131393106,2023,131393106,1,1,1,1,30,6,3,0,0,0,0,0,9,4,E01010727,3,1,0.0,1.0,-1,6,30,2,1,2,14:32,6,2,9
2023421292588,2023,421292588,2,1,1,2,49,8,3,0,0,0,0,0,9,10,E01015890,3,1,0.0,1.0,-1,6,30,1,1,2,15:20,6,2,9
2023421319196,2023,421319196,2,2,1,2,44,7,2,0,0,0,0,0,9,4,E01003704,7,1,1.0,0.0,-1,6,30,1,1,1,12:06,5,2,9
2023440454242,2023,440454242,2,1,1,2,35,6,3,0,0,0,0,0,9,9,E01022922,-1,0,0.04697,0.95303,-1,3,70,1,6,2,16:59,2,3,9
2023052300369,2023,052300369,1,1,3,1,5,1,3,5,3,0,0,0,0,7,E01006368,-1,0,0.1331,0.8669,-1,6,20,1,1,1,16:25,4,1,9
202360A007786,2023,60A007786,1,1,3,1,77,11,2,1,3,0,0,0,0,-1,-1,-1,0,1.0,0.0,-1,1,30,1,1,1,13:05,3,1,9
2023461288013,2023,461288013,3,3,1,1,22,5,3,0,0,0,0,0,5,5,E01024562,3,1,0.0,1.0,-1,6,30,1,4,2,19:22,6,3,5
2023041312107,2023,041312107,1,1,3,2,43,7,3,9,7,0,0,0,0,9,E01024972,3,1,0.0,1.0,-1,6,40,1,1,1,16:50,5,1,9
2023440506328,2023,440506328,2,1,1,1,56,9,3,0,0,0,0,0,1,5,E01022842,-1,0,0.14834,0.85166,-1,6,30,1,4,2,05:35,3,2,1
2023451294930,2023,451294930,1,1,1,1,56,9,3,0,0,0,0,0,1,8,E01003873,3,1,0.0,1.0,-1,6,30,1,1,1,10:05,7,2,1
2023010434860,2023,010434860,1,1,1,2,33,6,3,0,0,0,0,0,9,2,E01000724,-1,0,0.0,1.0,-1,6,30,1,1,2,15:29,4,2,9
2023340NN3422,2023,340NN3422,2,1,1,2,36,7,3,0,0,0,0,0,9,10,E01027077,-1,0,0.00296,0.99704,-1,6,20,1,1,1,15:05,2,2,9
2023421377578,2023,421377578,1,1,1,2,40,7,3,0,0,0,0,0,9,2,E01021278,3,1,0.0,1.0,-1,3,40,1,1,1,11:06,4,2,9
2023010467839,2023,010467839,1,1,3,1,13,3,3,9,9,0,0,0,0,2,E01033327,-1,0,0.0,1.0,-1,6,20,1,1,1,14:10,7,1,11
2023010468967,2023,010468967,2,1,1,1,41,7,3,0,0,0,0,0,2,2,E01000876,-1,0,0.0,1.0,-1,6,30,8,1,1,08:03,6,2,2
2023141320481,2023,141320481,1,1,1,1,17,4,3,0,0,0,0,0,3,-1,-1,3,1,0.0,1.0,-1,6,30,1,1,2,15:00,2,1,3
2023010452265,2023,010452265,1,2,3,2,42,7,2,1,1,0,0,0,0,4,E01000801,-1,0,1.0,0.0,-1,6,30,1,1,1,17:00,5,6,9
2023052301636,2023,052301636,1,2,2,2,18,4,3,0,0,2,0,0,9,6,E01025495,-1,0,0.18477,0.81523,-1,6,60,2,6,2,23:55,7,1,9
2023131383571,2023,131383571,2,1,1,2,27,6,3,0,0,0,0,0,9,8,E01007502,3,1,0.0,1.0,-1,6,30,1,4,4,17:50,4,2,9
2023991337051,2023,991337051,1,2,1,1,20,4,3,0,0,0,0,0,9,2,-1,3,1,0.0,1.0,-1,3,60,2,1,2,17:29,2,2,9
2023010443193,2023,010443193,1,1,3,2,88,11,2,10,9,0,0,0,0,9,E01000751,-1,0,1.0,0.0,-1,9,30,8,1,9,13:03,7,1,11
2023010430187,2023,010430187,1,1,1,1,35,6,3,0,0,0,0,0,3,3,E01015289,-1,0,0.0,1.0,-1,6,20,1,1,1,13:59,5,2,3
2023010439257,2023,010439257,1,2,2,2,-1,-1,3,0,0,2,0,0,8,-1,-1,-1,0,0.0,1.0,-1,1,30,1,4,1,03:04,2,2,8
2023010486065,2023,010486065,2,2,2,1,61,9,3,0,0,1,0,0,9,5,E01021011,-1,0,0.0,1.0,-1,6,30,1,1,1,15:10,3,2,9
2023041393321,2023,041393321,2,1,1,2,69,10,3,0,0,0,0,0,9,5,E01012690,3,1,0.0,1.0,-1,6,30,2,1,2,11:25,7,4,9
2023411328124,2023,411328124,2,3,2,2,20,4,3,0,0,1,0,0,9,10,E01023885,3,1,0.0,1.0,-1,6,30,1,1,1,17:10,1,3,9
2023010442224,2023,010442224,2,1,1,1,26,6,3,0,0,0,0,0,1,-1,-1,-1,0,0.0,1.0,-1,6,20,2,1,2,18:31,4,2,1
2023010476996,2023,010476996,2,1,1,2,20,4,3,0,0,0,0,0,1,3,E01001831,-1,0,0.0,1.0,-1,6,20,1,4,2,18:16,5,2,1
2023031356212,2023,031356212,1,1,3,1,57,9,3,5,1,0,0,0,0,-1,-1,3,1,0.0,1.0,-1,6,30,2,7,2,19:30,2,1,9
2023041323769,2023,041323769,1,1,3,1,27,6,3,5,2,0,0,1,0,5,E01006391,3,1,0.0,1.0,-1,6,20,1,1,1,14:30,2,1,9
2023010419785,2023,010419785,1,1,1,1,26,6,3,0,0,0,0,0,3,3,E01004528,-1,0,0.0,1.0,-1,1,20,1,1,1,13:00,5,1,3
2023201295689,2023,201295689,1,1,1,1,18,4,3,0,0,0,0,0,3,4,E01010426,3,1,0.0,1.0,-1,1,30,1,1,1,07:45,2,2,3
2023471332524,2023,471332524,2,1,1,1,23,5,3,0,0,0,0,0,4,2,E01021119,3,1,0.0,1.0,-1,6,30,1,1,1,19:40,1,3,4
2023052301677,2023,052301677,1,1,3,1,30,6,3,1,3,0,0,0,0,5,E01007235,-1,0,0.16439,0.83561,-1,6,30,1,1,1,16:25,3,1,19
2023010430155,2023,010430155,2,1,1,1,24,5,3,0,0,0,0,0,1,3,E01001373,-1,0,0.0,1.0,-1,1,20,9,4,1,22:40,5,2,1
2023332300525,2023,332300525,1,1,2,1,12,3,3,0,0,1,0,0,9,6,E01028416,-1,0,0.00194,0.99806,-1,6,30,1,1,1,17:48,5,2,9
2023010458459,2023,010458459,1,1,1,1,29,6,3,0,0,0,0,0,1,3,E01004562,-1,0,0.0,1.0,-1,3,20,1,1,1,06:20,3,2,1
2023010484941,2023,010484941,1,1,3,1,55,8,3,4,1,0,0,0,0,1,E01000308,-1,0,0.0,1.0,-1,3,20,2,1,2,13:16,3,1,9
2023010468834,2023,010468834,1,1,1,1,37,7,3,0,0,0,0,0,3,4,E01003494,-1,0,0.0,1.0,-1,6,20,1,1,1,15:36,5,3,3
2023010423981,2023,010423981,1,1,1,1,30,6,3,0,0,0,0,0,9,2,E01004296,-1,0,0.0,1.0,-1,3,30,1,4,1,19:15,6,2,9
2023010463044,2023,010463044,1,1,1,2,39,7,3,0,0,0,0,0,9,4,E01002063,-1,0,0.0,1.0,-1,6,30,1,1,1,15:25,3,2,9
2023010469410,2023,010469410,1,2,1,1,21,5,3,0,0,0,0,0,9,1,E01000661,-1,0,0.0,1.0,-1,7,30,1,6,1,23:10,1,1,9
2023131275818,2023,131275818,1,1,1,1,43,7,2,0,0,0,0,0,9,5,E01011860,7,1,1.0,0.0,-1,6,30,1,4,1,20:48,2,1,9
2023211433302,2023,211433302,1,1,1,1,38,7,3,0,0,0,0,0,9,-1,-1,3,1,0.0,1.0,-1,6,40,1,4,2,11:37,6,2,9
2023501290295,2023,501290295,3,3,2,2,86,11,3,0,0,1,0,0,9,6,E01019058,3,1,0.0,1.0,-1,6,40,5,4,2,19:54,2,3,9
2023061378999,2023,061378999,1,1,1,1,24,5,2,0,0,0,0,0,97,3,E01006293,7,1,1.0,0.0,-1,6,30,1,1,1,12:38,7,2,97
2023010451282,2023,010451282,2,1,1,1,22,5,3,0,0,0,0,0,3,4,E01001879,-1,0,0.0,1.0,-1,6,20,1,4,1,22:45,7,2,3