collision_index,collision_year,collision_ref_no,vehicle_reference,casualty_reference,casualty_class,sex_of_casualty,age_of_casualty,age_band_of_casualty,casualty_severity,pedestrian_location,pedestrian_movement,car_passenger,bus_or_coach_passenger,pedestrian_road_maintenance_worker,casualty_type,casualty_imd_decile,lsoa_of_casualty,enhanced_casualty_severity,casualty_injury_based,casualty_adjusted_severity_serious,casualty_adjusted_severity_slight,casualty_distance_banding,road_type,speed_limit,weather_conditions,light_conditions,road_surface_conditions,time,day_of_week,number_of_vehicles,vehicle_type
2023010478820,2023,010478820,1,1,1,1,29,6,2,0,0,0,0,0,4,8,E01003426,-1,0,1.0,0.0,-1,3,30,1,4,2,19:23,7,2,4
2023991430919,2023,991430919,1,1,3,1,56,9,3,1,3,0,0,0,0,5,-1,3,1,0.0,1.0,-1,6,30,1,4,2,20:45,7,1,9
2023010476847,2023,010476847,1,1,2,2,22,5,3,0,0,1,0,0,9,6,E01000330,-1,0,0.0,1.0,-1,6,20,1,1,2,09:18,5,2,9
2023131389212,2023,131389212,1,1,1,2,21,5,3,0,0,0,0,0,9,1,E01010677,3,1,0.0,1.0,-1,6,30,1,4,1,23:00,7,2,9
2023141285154,2023,141285154,1,1,1,1,42,7,3,0,0,0,0,0,9,7,E01008033,3,1,0.0,1.0,-1,6,30,3,4,3,23:05,5,1,9
2023471295042,2023,471295042,1,2,2,1,15,3,3,0,0,2,0,0,9,5,E01030482,3,1,0.0,1.0,-1,6,60,1,1,1,18:00,1,1,9
202363A015723,2023,63A015723,2,1,1,1,35,6,3,0,0,0,0,0,9,6,W01000639,-1,0,0.0643,0.9357,-1,6,40,2,1,2,13:10,4,2,9
2023622300521,2023,622300521,2,2,1,1,58,9,3,0,0,0,0,0,1,9,W01000874,-1,0,0.0489,0.9511,-1,6,30,1,1,1,11:20,2,2,1
2023010463829,2023,010463829,1,1,3,1,34,6,3,6,9,0,0,0,0,3,E01023842,-1,0,0.0,1.0,-1,2,30,1,1,1,11:14,1,1,9
2023201306173,2023,201306173,1,1,3,1,44,7,3,10,9,0,0,2,0,1,E01009057,3,1,0.0,1.0,-1,2,20,1,7,1,20:55,5,1,9
2023440441339,2023,440441339,2,1,1,1,20,4,2,0,0,0,0,0,3,9,E01022712,-1,0,1.0,0.0,-1,6,30,2,1,2,12:30,7,2,3
2023010480090,2023,010480090,1,1,2,1,22,5,3,0,0,0,0,0,8,6,E01003378,-1,0,0.0,1.0,-1,2,20,1,1,1,13:00,7,1,8
2023010447265,2023,010447265,1,1,1,1,25,5,3,0,0,0,0,0,3,5,E01004086,-1,0,0.0,1.0,-1,9,30,9,1,9,20:00,7,2,3
2023010466290,2023,010466290,1,1,1,1,35,6,3,0,0,0,0,0,1,3,E01003296,-1,0,0.0,1.0,-1,9,20,1,1,1,08:00,6,2,1
2023010427207,2023,010427207,1,1,1,1,28,6,3,0,0,0,0,0,3,1,E01003192,-1,0,0.0,1.0,-1,2,20,1,4,1,21:40,2,2,3
2023010478167,2023,010478167,1,1,1,1,26,6,3,0,0,0,0,0,3,6,E01021743,-1,0,0.0,1.0,-1,3,50,1,4,2,19:39,3,2,3
2023161360828,2023,161360828,1,1,1,1,20,4,3,0,0,0,0,0,3,7,E01013020,3,1,0.0,1.0,-1,6,30,1,4,1,19:04,1,1,3
202354A578323,2023,54A578323,1,1,3,1,15,3,3,6,9,0,0,0,0,7,E01032000,-1,0,0.01332,0.98668,-1,6,20,1,1,1,15:05,4,1,11
2023440202685,2023,440202685,2,2,2,2,51,8,3,0,0,2,0,0,8,-1,-1,-1,0,0.03559,0.96441,-1,6,30,1,4,1,21:55,2,2,8
2023430400955,2023,430400955,2,1,1,2,70,10,2,0,0,0,0,0,1,8,E01028547,-1,0,1.0,0.0,-1,6,20,1,1,1,11:58,5,2,1
2023010447014,2023,010447014,1,2,1,1,76,11,2,0,0,0,0,0,9,6,E01001607,-1,0,1.0,0.0,-1,6,30,1,4,1,21:33,5,3,9
2023101372200,2023,101372200,2,2,1,1,51,8,3,0,0,0,0,0,9,5,E01027445,3,1,0.0,1.0,-1,6,60,2,1,2,08:40,4,2,9
2023161298138,2023,161298138,1,1,1,2,57,9,2,0,0,0,0,0,9,4,E01012801,6,1,1.0,0.0,-1,6,30,1,1,1,16:15,1,2,9
2023471363094,2023,471363094,2,3,1,1,18,4,3,0,0,0,0,0,9,4,E01031435,3,1,0.0,1.0,-1,6,50,1,1,1,15:07,1,2,9
2023991343414,2023,991343414,1,1,2,2,33,6,3,0,0,2,0,0,9,-1,-1,3,1,0.0,1.0,-1,6,20,1,1,1,13:30,7,3,9
2023010462659,2023,010462659,1,1,3,2,20,4,3,5,1,0,0,0,0,5,E01002546,-1,0,0.0,1.0,-1,3,40,1,1,1,15:08,1,1,9
2023010483992,2023,010483992,1,1,3,2,11,3,3,10,9,0,0,0,0,9,E01001453,-1,0,0.0,1.0,-1,3,30,9,7,9,17:15,4,1,9
2023052301750,2023,052301750,1,1,1,1,15,3,3,0,0,0,0,0,1,2,E01006477,-1,0,0.13071,0.86929,-1,6,30,2,1,2,13:40,1,2,1
2023010469005,2023,010469005,1,1,3,1,48,8,3,6,9,0,0,0,0,2,E01004267,-1,0,0.0,1.0,-1,7,20,9,4,1,18:28,5,1,9
2023010483465,2023,010483465,1,1,3,1,26,6,3,1,2,0,0,0,0,3,E01000044,-1,0,0.0,1.0,-1,6,30,1,4,1,15:55,2,1,9
2023201405430,2023,201405430,1,1,3,1,23,5,2,8,1,0,0,2,0,2,E01008881,7,1,1.0,0.0,-1,7,30,1,6,1,23:03,7,1,9
2023010438864,2023,010438864,2,1,1,1,26,6,3,0,0,0,0,0,1,1,E01001955,-1,0,0.0,1.0,-1,6,20,1,1,1,18:51,7,2,1
2023010458968,2023,010458968,2,1,1,1,45,7,3,0,0,0,0,0,1,10,E01030299,-1,0,0.0,1.0,-1,3,20,1,1,1,18:40,6,2,1
2023440045948,2023,440045948,1,1,3,2,9,2,3,5,4,0,0,0,0,4,E01017264,-1,0,0.13363,0.86637,-1,6,30,1,1,2,08:50,6,1,9
202360A045765,2023,60A045765,1,1,3,2,86,11,3,1,4,0,0,0,0,-1,-1,-1,0,0.19579,0.80421,-1,6,30,1,1,1,16:00,5,1,9
2023052301758,2023,052301758,2,1,1,1,28,6,3,0,0,0,0,0,1,2,E01006745,-1,0,0.12434,0.87566,-1,6,20,2,1,2,06:45,3,2,1
2023111310413,2023,111310413,2,1,1,1,60,9,2,0,0,0,0,0,5,1,E01020765,7,1,1.0,0.0,-1,6,30,1,1,1,19:20,1,2,5
2023010426942,2023,010426942,1,1,2,2,29,6,3,0,0,9,0,0,9,4,E01001404,-1,0,0.0,1.0,-1,6,20,9,7,9,18:20,3,2,9
2023010431254,2023,010431254,2,1,1,1,27,6,3,0,0,0,0,0,9,3,E01004313,-1,0,0.0,1.0,-1,6,20,1,1,2,16:40,5,3,9
2023122301323,2023,122301323,2,2,2,1,11,3,3,0,0,2,0,0,9,1,E01010872,-1,0,0.01375,0.98625,-1,6,30,2,1,2,13:37,2,3,9
2023010424546,2023,010424546,1,1,1,1,52,8,3,0,0,0,0,0,9,7,E01002838,-1,0,0.0,1.0,-1,9,20,1,1,1,08:25,3,2,9
2023170H10093,2023,170H10093,1,1,1,1,71,10,3,0,0,0,0,0,9,2,E01011962,-1,0,0.05806,0.94194,-1,3,40,1,1,1,14:00,5,2,9
2023440419291,2023,440419291,2,1,1,2,23,5,3,0,0,0,0,0,9,8,E01022792,-1,0,0.04506,0.95494,-1,6,30,1,1,2,09:53,6,2,9
2023451261703,2023,451261703,1,1,1,2,70,10,3,0,0,0,0,0,9,9,E01030704,3,1,0.0,1.0,-1,6,30,2,4,2,16:05,3,1,9
2023451355032,2023,451355032,1,1,1,1,19,4,3,0,0,0,0,0,9,10,E01030821,3,1,0.0,1.0,-1,6,30,2,1,2,16:35,5,1,9
202360A079930,2023,60A079930,1,1,1,1,42,7,3,0,0,0,0,0,98,-1,-1,-1,0,0.26165,0.73835,-1,6,60,1,1,1,19:26,7,2,98
2023610043023,2023,610043023,1,1,3,1,26,6,3,1,1,0,0,0,0,1,W01001687,-1,0,0.15778,0.84222,-1,6,20,1,4,2,19:34,5,1,9
2023540031123,2023,540031123,2,1,1,1,55,8,3,0,0,0,0,0,1,10,E01015533,-1,0,0.10506,0.89494,-1,1,30,1,1,1,12:29,2,2,1
2023471306754,2023,471306754,1,1,3,1,11,3,3,5,2,0,0,0,0,6,E01031687,3,1,0.0,1.0,-1,6,30,1,1,1,15:48,6,1,9
2023302301190,2023,302301190,1,1,1,1,22,5,2,0,0,0,0,0,9,4,E01019417,-1,0,1.0,0.0,-1,6,60,5,6,2,02:27,4,1,9
2023311264658,2023,311264658,1,1,1,1,32,6,3,0,0,0,0,0,9,3,E01028338,3,1,0.0,1.0,-1,6,50,1,4,4,00:30,4,1,9
2023320751279,2023,320751279,1,1,1,1,18,4,1,0,0,0,0,0,9,7,E01007582,-1,0,0.0,0.0,-1,6,60,1,1,2,15:09,4,2,9
2023440175765,2023,440175765,1,2,2,2,17,4,3,0,0,2,0,0,9,5,E01023201,-1,0,0.03731,0.96269,-1,6,30,2,4,2,20:54,5,2,9
2023471313238,2023,471313238,3,1,1,1,26,6,3,0,0,0,0,0,9,6,E01017009,3,1,0.0,1.0,-1,6,20,1,1,1,09:20,6,3,9
2023201388383,2023,201388383,1,1,1,2,62,9,3,0,0,0,0,0,9,-1,-1,3,1,0.0,1.0,-1,6,30,1,1,1,11:40,6,2,9
2023201411251,2023,201411251,2,2,1,2,36,7,3,0,0,0,0,0,9,1,E01009321,3,1,0.0,1.0,-1,6,30,1,1,1,10:05,6,2,9
2023451373456,2023,451373456,1,1,1,1,33,6,3,0,0,0,0,0,9,9,E01030712,3,1,0.0,1.0,-1,7,40,1,4,1,18:15,7,2,9
2023531369112,2023,531369112,1,1,1,1,18,4,3,0,0,0,0,0,9,8,E01032071,3,1,0.0,1.0,-1,6,60,1,1,1,12:45,5,1,9
2023371317246,2023,371317246,1,1,1,1,39,7,3,0,0,0,0,0,5,9,E01030116,3,1,0.0,1.0,-1,6,60,1,1,1,06:25,1,1,5
2023052302107,2023,052302107,2,1,3,2,21,5,3,8,1,0,0,0,0,4,E01007046,-1,0,0.09182,0.90818,-1,3,40,1,1,1,06:45,5,2,9
2023320353265,2023,320353265,2,1,1,2,32,6,3,0,0,0,0,0,9,-1,-1,-1,0,0.03652,0.96348,-1,6,60,1,1,1,08:49,6,2,9
2023041366071,2023,041366071,1,1,3,2,69,10,2,5,1,0,0,2,0,2,E01012579,5,1,1.0,0.0,-1,6,30,1,1,1,14:28,7,1,9
2023010472317,2023,010472317,1,1,3,2,68,10,3,4,3,0,0,0,0,2,E01002877,-1,0,0.0,1.0,-1,6,30,1,1,1,15:40,2,1,19
2023201305548,2023,201305548,1,1,3,1,29,6,1,9,9,0,0,0,0,4,E01009927,1,1,0.0,0.0,-1,6,30,1,4,1,00:55,2,3,9
2023010486204,2023,010486204,2,1,1,1,34,6,3,0,0,0,0,0,1,2,E01002068,-1,0,0.0,1.0,-1,6,20,2,4,2,17:13,4,2,1
2023010479630,2023,010479630,2,1,1,2,20,4,3,0,0,0,0,0,1,6,E01025878,-1,0,0.0,1.0,-1,3,20,1,4,1,00:59,5,2,1
2023440292136,2023,440292136,3,1,1,1,28,6,3,0,0,0,0,0,5,7,E01022477,-1,0,0.11514,0.88486,-1,6,30,1,1,1,17:25,5,3,5
2023991306461,2023,991306461,2,1,1,1,19,4,3,0,0,0,0,0,1,7,-1,3,1,0.0,1.0,-1,6,30,1,1,1,08:45,5,2,1
2023010462470,2023,010462470,1,1,1,1,42,7,3,0,0,0,0,0,5,3,E01004590,-1,0,0.0,1.0,-1,6,30,1,1,1,19:25,4,2,5
2023320042098,2023,320042098,1,1,1,1,43,7,3,0,0,0,0,0,8,3,E01026055,-1,0,0.04,0.96,-1,6,30,1,1,2,11:51,7,3,8
2023010457629,2023,010457629,1,1,3,1,27,6,3,5,2,0,0,0,0,2,E01000030,-1,0,0.0,1.0,-1,6,20,1,4,2,22:17,5,1,2
2023141312616,2023,141312616,1,1,3,1,13,3,3,9,5,0,0,0,0,2,E01007414,3,1,0.0,1.0,-1,6,30,1,1,1,18:00,2,2,9
2023201453511,2023,201453511,2,5,2,2,24,5,3,0,0,2,0,0,9,3,E01009887,3,1,0.0,1.0,-1,3,40,1,4,2,20:24,7,2,9
2023041347941,2023,041347941,2,6,2,2,83,11,2,0,0,0,4,0,11,1,E01025046,7,1,1.0,0.0,-1,6,30,1,1,1,11:11,6,2,11
2023101299573,2023,101299573,2,2,2,2,76,11,2,0,0,1,0,0,9,1,E01027416,7,1,1.0,0.0,-1,6,30,1,4,1,22:04,6,2,9
2023010436009,2023,010436009,1,3,2,2,3,1,3,0,0,0,4,0,11,2,E01003920,-1,0,0.0,1.0,-1,6,20,1,1,1,14:20,4,2,11
2023451380619,2023,451380619,1,1,1,1,26,6,3,0,0,0,0,0,9,10,E01016603,3,1,0.0,1.0,-1,6,60,1,6,2,21:00,4,1,9
2023471315924,2023,471315924,1,1,1,2,40,7,3,0,0,0,0,0,9,8,E01031802,3,1,0.0,1.0,-1,6,30,1,1,1,09:55,3,2,9
2023351309162,2023,351309162,4,2,2,1,-1,-1,3,0,0,1,0,0,9,-1,-1,3,1,0.0,1.0,-1,3,70,1,1,1,17:24,5,7,9
2023461352324,2023,461352324,2,3,2,2,15,3,3,0,0,2,0,0,9,9,E01032813,3,1,0.0,1.0,-1,3,50,1,1,1,10:20,6,2,9
2023052302245,2023,052302245,1,1,1,1,38,7,3,0,0,0,0,0,9,-1,-1,-1,0,0.11601,0.88399,-1,3,70,1,1,1,06:30,5,1,9
2023332300167,2023,332300167,1,1,1,1,46,8,3,0,0,0,0,0,9,1,E01013600,-1,0,0.02187,0.97813,-1,6,40,2,1,2,13:15,2,2,9
2023340NN1232,2023,340NN1232,1,1,1,1,63,9,3,0,0,0,0,0,9,7,E01027102,-1,0,0.11643,0.88357,-1,3,70,1,1,1,12:45,2,3,9
2023421317718,2023,421317718,2,1,1,2,20,4,3,0,0,0,0,0,9,-1,-1,3,1,0.0,1.0,-1,3,70,1,1,1,19:58,1,2,9
2023547998023,2023,547998023,4,3,1,1,40,7,3,0,0,0,0,0,9,10,E01022698,-1,0,0.05633,0.94367,-1,3,60,2,1,2,14:12,1,4,9
2023010463189,2023,010463189,1,1,1,2,45,7,3,0,0,0,0,0,9,6,E01002662,-1,0,0.0,1.0,-1,6,30,1,1,1,14:27,4,1,9
2023201416954,2023,201416954,2,1,1,1,58,9,3,0,0,0,0,0,9,-1,-1,3,1,0.0,1.0,-1,6,30,8,1,2,11:35,7,3,9
2023101349078,2023,101349078,1,6,2,2,65,9,3,0,0,0,4,0,11,4,E01008766,3,1,0.0,1.0,-1,6,30,1,1,1,14:50,2,2,11
2023101354250,2023,101354250,1,1,2,1,17,4,2,0,0,1,0,0,9,1,E01008333,7,1,1.0,0.0,-1,6,60,9,4,2,22:30,1,1,9
2023221302732,2023,221302732,1,1,1,1,60,9,3,0,0,0,0,0,9,5,E01014097,3,1,0.0,1.0,-1,6,60,1,1,1,14:06,5,1,9
2023010458413,2023,010458413,1,1,1,1,56,9,3,0,0,0,0,0,9,4,E01002244,-1,0,0.0,1.0,-1,6,20,1,1,1,18:30,3,2,9
2023461318140,2023,461318140,1,2,2,2,73,10,3,0,0,2,0,0,9,5,E01001658,3,1,0.0,1.0,-1,3,70,1,1,1,17:30,4,2,9
202360A077077,2023,60A077077,2,1,1,1,64,9,3,0,0,0,0,0,9,-1,-1,-1,0,0.08877,0.91123,-1,6,60,1,1,1,08:36,3,3,9
2023430242515,2023,430242515,2,2,1,1,26,6,3,0,0,0,0,0,19,4,E01015796,-1,0,0.08268,0.91732,-1,6,60,1,1,1,16:54,6,2,19
2023071254697,2023,071254697,4,1,1,1,39,7,3,0,0,0,0,0,21,1,E01024908,-1,0,0.01708,0.98292,-1,3,70,5,1,2,07:47,2,5,21
2023061307589,2023,061307589,1,1,1,2,56,9,2,0,0,0,0,0,9,3,E01005512,6,1,1.0,0.0,-1,3,70,1,1,1,15:00,2,2,9
2023131281264,2023,131281264,2,1,1,2,49,8,3,0,0,0,0,0,9,4,E01011095,3,1,0.0,1.0,-1,6,30,1,1,1,08:50,3,2,9
2023141299618,2023,141299618,1,1,2,1,-1,-1,3,0,0,2,0,0,9,2,E01007336,3,1,0.0,1.0,-1,6,30,1,4,2,03:57,7,2,9
2023221342599,2023,221342599,2,2,2,2,21,5,3,0,0,1,0,0,9,9,E01018692,3,1,0.0,1.0,-1,3,40,1,1,1,15:50,3,2,9
2023991275892,2023,991275892,1,3,2,2,83,11,3,0,0,1,0,0,9,9,-1,3,1,0.0,1.0,-1,3,70,1,1,1,12:20,2,3,9
2023131369524,2023,131369524,2,2,2,1,2,1,3,0,0,0,4,0,11,-1,-1,3,1,0.0,1.0,-1,6,30,1,1,2,12:55,1,2,11
2023141378487,2023,141378487,2,1,1,2,46,8,3,0,0,0,0,0,9,3,E01019807,3,1,0.0,1.0,-1,6,20,1,1,1,09:35,6,3,9
2023201419482,2023,201419482,2,2,1,1,39,7,3,0,0,0,0,0,9,7,E01032535,3,1,0.0,1.0,-1,6,30,1,1,2,13:45,7,2,9
2023421320060,2023,421320060,2,3,1,1,60,9,3,0,0,0,0,0,9,6,E01026475,3,1,0.0,1.0,-1,6,60,2,1,2,17:55,1,2,9
2023440211633,2023,440211633,3,1,2,2,19,4,3,0,0,1,0,0,9,8,E01015378,-1,0,0.02368,0.97632,-1,3,70,1,1,1,16:50,1,3,9
2023531329795,2023,531329795,1,1,2,2,82,11,2,0,0,1,0,0,9,-1,-1,6,1,1.0,0.0,-1,6,60,1,1,1,16:40,7,3,9
2023541436823,2023,541436823,2,2,1,2,75,10,2,0,0,0,0,0,9,4,E01018781,-1,0,1.0,0.0,-1,6,50,1,1,1,14:08,4,3,9
2023461364068,2023,461364068,1,1,1,1,27,6,3,0,0,0,0,0,9,5,E01024014,3,1,0.0,1.0,-1,6,30,1,1,1,16:45,4,2,9
2023471363094,2023,471363094,2,4,2,2,20,4,3,0,0,2,0,0,9,5,E01031818,3,1,0.0,1.0,-1,6,50,1,1,1,15:07,1,2,9
2023991373397,2023,991373397,1,1,1,1,86,11,3,0,0,0,0,0,9,-1,-1,3,1,0.0,1.0,-1,6,60,1,1,2,15:45,7,1,9
2023070384545,2023,070384545,3,2,2,2,24,5,3,0,0,1,0,0,19,10,E01018471,-1,0,0.03462,0.96538,-1,6,30,2,4,2,23:12,7,3,19
2023522324402,2023,522324402,2,1,1,1,3,1,3,0,0,0,0,0,1,-1,-1,-1,0,0.08616,0.91384,-1,6,20,1,1,1,17:37,1,2,1
2023010445509,2023,010445509,1,1,1,1,35,6,3,0,0,0,0,0,5,4,E01000313,-1,0,0.0,1.0,-1,3,40,1,1,1,18:15,7,1,5
2023010442903,2023,010442903,1,1,3,2,-1,-1,3,10,9,0,0,0,0,2,E01000007,-1,0,0.0,1.0,-1,6,20,1,1,1,09:30,1,1,9
2023010454792,2023,010454792,1,1,3,2,39,7,3,1,1,0,0,0,0,5,E01002815,-1,0,0.0,1.0,-1,6,20,1,1,1,13:16,4,1,3
2023122301069,2023,122301069,2,1,1,1,53,8,3,0,0,0,0,0,9,9,E01027679,-1,0,0.05281,0.94719,-1,6,60,8,1,2,13:20,6,2,9
2023351316331,2023,351316331,1,1,1,2,26,6,3,0,0,0,0,0,9,9,E01018211,3,1,0.0,1.0,-1,6,60,1,1,1,09:10,3,1,9
2023471384217,2023,471384217,1,1,3,1,62,9,2,5,1,0,0,0,0,4,E01031572,7,1,1.0,0.0,-1,6,30,1,1,2,07:45,6,1,20
2023531339837,2023,531339837,1,1,3,2,62,9,3,7,5,0,0,0,0,8,E01022353,3,1,0.0,1.0,-1,6,30,1,1,1,10:08,4,1,9
2023131364352,2023,131364352,2,3,2,2,63,9,3,0,0,1,0,0,9,4,E01011153,3,1,0.0,1.0,-1,6,30,1,1,1,10:17,4,2,9
2023302301707,2023,302301707,2,1,1,2,37,7,3,0,0,0,0,0,9,10,E01019712,-1,0,0.00523,0.99477,-1,6,30,1,1,1,12:54,3,2,9
2023401388514,2023,401388514,2,2,2,2,34,6,3,0,0,-1,0,0,9,4,E01015810,3,1,0.0,1.0,-1,3,40,1,4,2,18:45,4,2,9
2023131289208,2023,131289208,1,1,2,1,21,5,2,0,0,0,0,0,5,1,E01010650,5,1,1.0,0.0,-1,6,30,2,4,2,18:50,3,3,5
2023070348912,2023,070348912,2,1,1,2,42,7,3,0,0,0,0,0,9,9,E01018650,-1,0,0.00678,0.99322,-1,1,30,1,1,1,16:10,3,2,9
2023622300393,2023,622300393,1,6,2,2,12,3,3,0,0,1,0,0,9,-1,-1,-1,0,0.03569,0.96431,-1,6,30,1,1,1,15:53,6,2,9
2023631344738,2023,631344738,1,2,1,1,18,4,3,0,0,0,0,0,9,8,W01001905,3,1,0.0,1.0,-1,6,60,8,1,2,09:30,4,2,9
2023010470519,2023,010470519,2,2,2,1,38,7,3,0,0,1,0,0,9,2,E01001460,-1,0,0.0,1.0,-1,6,30,1,4,1,05:08,7,2,9
2023401276542,2023,401276542,1,1,1,2,19,4,3,0,0,0,0,0,9,9,E01017549,3,1,0.0,1.0,-1,3,70,1,6,2,18:15,7,2,9
2023520300715,2023,520300715,1,1,1,1,44,7,3,0,0,0,0,0,9,4,E01029090,-1,0,0.00349,0.99651,-1,1,30,8,1,2,14:45,2,2,9
2023522400776,2023,522400776,1,2,2,2,88,11,3,0,0,2,0,0,9,9,E01014863,-1,0,0.0541,0.9459,-1,6,40,2,1,2,15:38,4,2,9
2023991288572,2023,991288572,2,2,2,2,74,10,3,0,0,1,0,0,9,-1,-1,3,1,0.0,1.0,-1,1,40,2,1,2,11:30,2,2,9
2023010485349,2023,010485349,1,1,1,2,42,7,3,0,0,0,0,0,97,2,E01001144,-1,0,0.0,1.0,-1,9,30,9,1,9,10:20,4,2,97
2023052301634,2023,052301634,2,1,1,2,44,7,3,0,0,0,0,0,9,3,E01007141,-1,0,0.01356,0.98644,-1,6,30,1,6,2,18:03,7,2,9
2023101290357,2023,101290357,2,1,2,1,8,2,3,0,0,-1,0,0,9,5,E01008397,3,1,0.0,1.0,-1,6,30,1,1,1,19:45,5,2,9
2023141316582,2023,141316582,2,2,2,1,1,1,3,0,0,2,0,0,9,5,E01027807,3,1,0.0,1.0,-1,7,70,1,1,1,19:05,5,2,9
2023461374169,2023,461374169,1,1,1,1,33,6,3,0,0,0,0,0,9,2,E01013678,3,1,0.0,1.0,-1,3,70,5,6,5,05:05,2,1,9
2023010454358,2023,010454358,2,1,1,2,30,6,3,0,0,0,0,0,1,2,E01003325,-1,0,0.0,1.0,-1,6,20,1,1,1,13:46,2,2,1
2023010432361,2023,010432361,1,1,1,1,29,6,3,0,0,0,0,0,2,2,E01001328,-1,0,0.0,1.0,-1,6,20,2,1,2,16:20,2,1,2
2023031374100,2023,031374100,1,1,1,1,43,7,3,0,0,0,0,0,9,5,E01019132,3,1,0.0,1.0,-1,3,70,5,1,5,12:50,2,1,9
2023141316582,2023,141316582,2,1,1,2,23,5,3,0,0,0,0,0,9,5,E01027807,3,1,0.0,1.0,-1,7,70,1,1,1,19:05,5,2,9
2023302301128,2023,302301128,1,1,1,1,63,9,3,0,0,0,0,0,9,10,E01017651,-1,0,0.09483,0.90517,-1,6,60,1,4,2,00:01,1,2,9
2023991343168,2023,991343168,3,4,1,1,36,7,3,0,0,0,0,0,9,2,-1,3,1,0.0,1.0,-1,6,50,1,1,1,07:10,6,3,9
2023010460429,2023,010460429,1,2,2,1,19,4,3,0,0,1,0,0,9,5,E01033573,-1,0,0.0,1.0,-1,3,40,1,1,1,16:03,1,2,9
2023101377943,2023,101377943,2,1,2,1,48,8,3,0,0,1,0,0,9,8,E01027440,3,1,0.0,1.0,-1,6,40,1,1,1,14:15,4,2,9
2023340WN6612,2023,340WN6612,1,1,1,1,26,6,3,0,0,0,0,0,9,3,E01027065,-1,0,0.03023,0.96977,-1,3,70,2,6,2,06:10,7,2,9
2023351324125,2023,351324125,3,3,1,1,26,6,2,0,0,0,0,0,9,2,E01018144,5,1,1.0,0.0,-1,6,40,1,1,2,15:40,2,3,9
2023461284129,2023,461284129,2,2,1,1,20,4,2,0,0,0,0,0,9,5,E01024494,7,1,1.0,0.0,-1,7,40,1,1,1,20:48,6,2,9
2023131346456,2023,131346456,1,1,1,2,65,9,3,0,0,0,0,0,9,2,E01011485,3,1,0.0,1.0,-1,6,30,1,1,1,09:45,2,1,9
2023231267937,2023,231267937,2,1,1,1,55,8,3,0,0,0,0,0,9,6,E01014917,3,1,0.0,1.0,-1,3,70,1,1,1,14:50,6,5,9
2023401363785,2023,401363785,3,3,1,1,41,7,3,0,0,0,0,0,9,3,E01027931,3,1,0.0,1.0,-1,3,70,1,1,1,16:50,4,3,9
2023461325792,2023,461325792,1,1,1,1,34,6,3,0,0,0,0,0,9,3,E01016046,3,1,0.0,1.0,-1,6,60,1,1,1,15:15,5,1,9
202360A167931,2023,60A167931,2,2,1,1,32,6,2,0,0,0,0,0,9,-1,-1,-1,0,1.0,0.0,-1,6,50,1,1,2,07:20,6,2,9
2023991258755,2023,991258755,3,2,1,1,24,5,2,0,0,0,0,0,19,6,-1,5,1,1.0,0.0,-1,6,60,1,6,2,17:20,1,3,19
2023052302957,2023,052302957,2,1,1,1,76,11,3,0,0,0,0,0,9,7,E01007246,-1,0,0.07064,0.92936,-1,6,20,1,4,1,16:45,2,2,9
2023141293684,2023,141293684,1,1,2,1,24,5,2,0,0,1,0,0,9,6,W01000539,6,1,1.0,0.0,-1,6,30,1,1,1,13:10,3,2,9
2023552300407,2023,552300407,1,1,1,2,35,6,3,0,0,0,0,0,9,1,E01015279,-1,0,0.12192,0.87808,-1,3,50,1,4,2,21:10,3,1,9
2023371389348,2023,371389348,2,2,2,2,25,5,3,0,0,0,0,0,19,5,E01014060,3,1,0.0,1.0,-1,3,70,1,1,1,14:20,1,2,19
2023461355272,2023,461355272,3,2,2,1,44,7,3,0,0,1,0,0,9,8,E01000655,3,1,0.0,1.0,-1,6,30,1,1,1,07:40,5,3,9
2023010426899,2023,010426899,1,1,1,1,32,6,3,0,0,0,0,0,3,5,E01000310,-1,0,0.0,1.0,-1,6,30,9,7,9,19:00,7,2,3
2023010438732,2023,010438732,1,1,1,1,43,7,3,0,0,0,0,0,8,1,E01004285,-1,0,0.0,1.0,-1,6,20,1,4,1,23:39,6,2,8
2023471363748,2023,471363748,3,1,1,1,32,6,3,0,0,0,0,0,19,8,E01031767,3,1,0.0,1.0,-1,6,40,2,6,2,20:00,6,4,19
2023010437760,2023,010437760,3,3,2,2,30,6,3,0,0,1,0,0,9,1,E01021301,-1,0,0.0,1.0,-1,6,30,1,1,1,17:27,1,3,9
2023501299106,2023,501299106,1,1,1,1,76,11,3,0,0,0,0,0,9,1,E01015260,3,1,0.0,1.0,-1,6,60,1,1,1,15:35,5,2,9
2023501349600,2023,501349600,1,2,2,2,86,11,3,0,0,-1,0,0,9,4,E01019932,3,1,0.0,1.0,-1,6,30,1,1,1,14:40,7,2,9
2023010440247,2023,010440247,1,3,2,1,14,3,3,0,0,0,4,0,11,3,E01000510,-1,0,0.0,1.0,-1,6,30,8,1,1,15:28,7,2,11
2023201292449,2023,201292449,2,2,1,2,75,10,3,0,0,0,0,0,9,10,E01009845,3,1,0.0,1.0,-1,6,30,1,1,1,13:46,7,2,9