collision_index,collision_year,collision_ref_no,vehicle_reference,casualty_reference,casualty_class,sex_of_casualty,age_of_casualty,age_band_of_casualty,casualty_severity,pedestrian_location,pedestrian_movement,car_passenger,bus_or_coach_passenger,pedestrian_road_maintenance_worker,casualty_type,casualty_imd_decile,lsoa_of_casualty,enhanced_casualty_severity,casualty_injury_based,casualty_adjusted_severity_serious,casualty_adjusted_severity_slight,casualty_distance_banding,road_type,speed_limit,weather_conditions,light_conditions,road_surface_conditions,time,day_of_week,number_of_vehicles,vehicle_type
2023361360989,2023,361360989,1,1,1,1,73,10,2,0,0,0,0,0,9,5,E01030219,6,1,1.0,0.0,-1,6,40,1,4,1,21:56,4,2,9
2023010444950,2023,010444950,1,1,1,1,34,6,3,0,0,0,0,0,19,8,E01004131,-1,0,0.0,1.0,-1,3,30,1,1,1,08:50,5,2,19
2023010483818,2023,010483818,2,1,3,1,-1,-1,3,5,9,0,0,0,0,-1,-1,-1,0,0.0,1.0,-1,6,30,7,7,2,16:39,3,2,90
2023471294507,2023,471294507,1,1,3,2,70,10,2,1,1,0,0,0,0,7,E01020961,6,1,1.0,0.0,-1,3,30,1,1,1,15:54,3,1,9
2023061372070,2023,061372070,3,3,1,2,26,6,3,0,0,0,0,0,1,-1,-1,3,1,0.0,1.0,-1,6,30,2,1,2,07:43,6,3,1
2023451357443,2023,451357443,2,1,1,1,21,5,3,0,0,0,0,0,3,8,E01030313,3,1,0.0,1.0,-1,6,30,2,7,2,20:00,5,2,3
2023461373179,2023,461373179,1,1,1,1,22,5,3,0,0,0,0,0,4,8,E01016082,3,1,0.0,1.0,-1,6,30,1,4,1,18:26,5,2,4
2023351375200,2023,351375200,2,1,1,2,29,6,3,0,0,0,0,0,9,8,E01018224,3,1,0.0,1.0,-1,3,70,1,1,2,16:00,3,2,9
2023430525822,2023,430525822,1,1,1,1,39,7,3,0,0,0,0,0,1,5,E01016404,-1,0,0.0525,0.9475,-1,6,30,1,1,2,08:45,2,2,1
2023131385541,2023,131385541,2,1,2,2,26,6,3,0,0,1,0,0,9,7,E01007439,3,1,0.0,1.0,-1,3,40,1,1,2,08:50,1,2,9
2023411391361,2023,411391361,1,1,3,1,54,8,2,5,1,0,0,0,0,6,E01023848,5,1,1.0,0.0,-1,6,30,1,7,2,18:00,5,1,9
2023451295080,2023,451295080,1,5,2,2,67,10,3,0,0,0,4,0,11,5,E01033030,3,1,0.0,1.0,-1,6,30,1,1,1,19:00,7,1,11
2023552300764,2023,552300764,1,1,1,1,11,3,3,0,0,0,0,0,1,2,E01015277,-1,0,0.08923,0.91077,-1,6,30,1,1,1,08:30,5,2,1
2023340WN5522,2023,340WN5522,1,1,1,1,17,4,2,0,0,0,0,0,4,9,E01027284,-1,0,1.0,0.0,-1,6,60,1,1,3,13:00,2,2,4
2023421374817,2023,421374817,2,1,1,1,36,7,3,0,0,0,0,0,8,5,E01015859,3,1,0.0,1.0,-1,6,30,1,1,1,09:20,4,3,8
2023061278089,2023,061278089,1,1,1,2,27,6,3,0,0,0,0,0,9,-1,-1,3,1,0.0,1.0,-1,6,30,1,1,1,10:39,1,3,9
2023061285960,2023,061285960,2,1,1,2,43,7,3,0,0,0,0,0,9,2,E01005337,3,1,0.0,1.0,-1,6,30,9,4,1,20:00,7,2,9
2023131329612,2023,131329612,1,2,1,1,18,4,3,0,0,0,0,0,9,1,E01010782,3,1,0.0,1.0,-1,3,40,1,1,1,05:40,7,1,9
2023991275277,2023,991275277,2,1,1,2,23,5,3,0,0,0,0,0,9,1,-1,3,1,0.0,1.0,-1,3,30,1,1,1,12:47,7,2,9
2023131290516,2023,131290516,1,1,1,1,18,4,3,0,0,0,0,0,23,1,E01032497,3,1,0.0,1.0,-1,6,30,1,4,1,21:45,7,2,23
2023010481019,2023,010481019,2,2,1,1,26,6,3,0,0,0,0,0,1,2,E01000905,-1,0,0.0,1.0,-1,6,20,1,4,1,02:00,5,2,1
2023302301619,2023,302301619,2,1,2,2,71,10,3,0,0,1,0,0,9,8,E01019586,-1,0,0.0283,0.9717,-1,3,70,2,1,2,11:57,6,2,9
2023351300667,2023,351300667,2,1,1,2,26,6,3,0,0,0,0,0,9,4,E01026280,3,1,0.0,1.0,-1,6,30,1,1,1,16:30,5,2,9
2023471324597,2023,471324597,1,1,2,2,24,5,3,0,0,2,0,0,9,4,E01001165,3,1,0.0,1.0,-1,3,30,2,4,2,23:00,6,1,9
2023010431794,2023,010431794,2,2,1,1,58,9,3,0,0,0,0,0,19,2,E01003197,-1,0,0.0,1.0,-1,6,20,1,1,1,16:32,1,2,19
2023041387463,2023,041387463,1,1,3,1,13,3,2,5,3,0,0,0,0,-1,-1,7,1,1.0,0.0,-1,6,30,8,4,2,16:35,3,1,9
2023061271209,2023,061271209,1,1,3,1,20,4,3,4,1,0,0,0,0,8,E01032685,3,1,0.0,1.0,-1,6,30,1,1,1,16:30,5,1,8
2023052300367,2023,052300367,2,1,1,1,58,9,2,0,0,0,0,0,3,5,E01006840,-1,0,1.0,0.0,-1,6,30,1,1,1,07:10,4,2,3
2023010474132,2023,010474132,2,1,1,1,17,4,2,0,0,0,0,0,4,2,E01002561,-1,0,1.0,0.0,-1,6,20,1,1,2,13:00,5,2,4
2023010431134,2023,010431134,1,3,2,2,25,5,3,0,0,2,0,0,9,5,E01000631,-1,0,0.0,1.0,-1,2,30,1,4,2,04:30,5,2,9
2023131319258,2023,131319258,1,1,2,2,21,5,3,0,0,1,0,0,9,8,E01010767,3,1,0.0,1.0,-1,6,30,1,1,1,09:15,1,1,9
2023131388794,2023,131388794,1,1,1,1,80,11,2,0,0,0,0,0,9,7,E01011013,6,1,1.0,0.0,-1,6,30,1,4,1,15:51,6,2,9
2023421299951,2023,421299951,2,1,1,1,28,6,3,0,0,0,0,0,3,2,E01021686,3,1,0.0,1.0,-1,6,30,2,1,2,18:04,1,4,3
2023371345676,2023,371345676,2,1,1,1,31,6,3,0,0,0,0,0,19,8,E01026450,3,1,0.0,1.0,-1,6,60,1,1,1,11:50,5,2,19
2023430013294,2023,430013294,1,1,1,1,55,8,3,0,0,0,0,0,9,5,E01017900,-1,0,0.08696,0.91304,-1,6,60,2,1,2,09:14,3,3,9
2023010439788,2023,010439788,1,1,3,2,16,4,3,5,3,0,0,0,0,2,E01001001,-1,0,0.0,1.0,-1,6,30,1,1,1,08:37,5,1,9
2023010463827,2023,010463827,2,1,1,1,53,8,2,0,0,0,0,0,1,5,E01001498,-1,0,1.0,0.0,-1,6,30,1,1,1,10:51,1,2,1
2023161345553,2023,161345553,1,1,1,1,51,8,3,0,0,0,0,0,5,6,E01012765,3,1,0.0,1.0,-1,6,60,1,1,1,12:45,6,2,5
2023201291117,2023,201291117,2,1,1,2,57,9,3,0,0,0,0,0,9,7,E01009292,3,1,0.0,1.0,-1,6,30,3,4,3,18:15,4,2,9
2023141354150,2023,141354150,1,1,3,2,11,3,3,5,9,0,0,0,0,-1,-1,3,1,0.0,1.0,-1,6,30,2,1,1,17:18,3,1,9
2023501384089,2023,501384089,1,1,3,1,28,6,2,1,1,0,0,-1,0,1,E01015232,7,1,1.0,0.0,-1,6,30,1,4,2,17:10,5,1,9
2023010474817,2023,010474817,1,1,1,2,39,7,3,0,0,0,0,0,9,3,E01003785,-1,0,0.0,1.0,-1,9,30,9,4,9,19:30,1,2,9
2023201450739,2023,201450739,2,2,1,1,-1,-1,3,0,0,0,0,0,9,5,E01009234,3,1,0.0,1.0,-1,3,50,1,1,1,15:07,3,2,9
2023221285998,2023,221285998,2,2,1,1,21,5,3,0,0,0,0,0,9,4,W01000332,3,1,0.0,1.0,-1,1,60,1,1,2,16:00,6,2,9
2023501343726,2023,501343726,1,1,1,1,17,4,2,0,0,0,0,0,9,5,E01018785,7,1,1.0,0.0,-1,6,30,1,4,1,00:43,1,2,9
2023991346694,2023,991346694,2,1,1,2,27,6,3,0,0,0,0,0,9,-1,-1,3,1,0.0,1.0,-1,3,70,1,1,1,07:45,4,2,9
2023010433256,2023,010433256,2,1,1,1,22,5,3,0,0,0,0,0,3,3,E01003379,-1,0,0.0,1.0,-1,6,20,2,1,2,17:10,2,2,3
2023010451754,2023,010451754,2,1,1,1,77,11,3,0,0,0,0,0,9,-1,-1,-1,0,0.0,1.0,-1,6,20,1,1,1,12:14,3,2,9
2023201292472,2023,201292472,2,1,1,1,39,7,3,0,0,0,0,0,9,5,E01010160,3,1,0.0,1.0,-1,6,30,1,1,1,15:50,2,2,9
2023520400158,2023,520400158,1,1,2,2,23,5,3,0,0,1,0,0,9,2,E01020113,-1,0,0.07278,0.92722,-1,6,60,1,1,1,19:10,4,1,9
2023052302091,2023,052302091,2,1,1,1,68,10,2,0,0,0,0,0,1,8,E01006808,-1,0,1.0,0.0,-1,6,30,1,1,1,18:10,3,2,1
2023131319426,2023,131319426,2,1,1,1,16,4,3,0,0,0,0,0,2,3,E01011175,3,1,0.0,1.0,-1,1,30,1,1,1,08:37,5,2,2
2023041354572,2023,041354572,2,1,1,2,34,6,3,0,0,0,0,0,9,4,E01012699,3,1,0.0,1.0,-1,6,20,1,1,1,17:43,4,2,9
2023070142127,2023,070142127,1,2,2,1,40,7,2,0,0,1,0,0,9,1,E01005065,-1,0,1.0,0.0,-1,3,70,5,6,2,01:05,7,1,9
2023302301821,2023,302301821,1,1,1,2,19,4,3,0,0,0,0,0,9,9,E01019767,-1,0,0.02245,0.97755,-1,6,30,2,1,2,13:25,2,2,9
2023411339441,2023,411339441,2,2,2,2,72,10,3,0,0,2,0,0,9,-1,-1,3,1,0.0,1.0,-1,1,30,1,1,1,10:30,1,2,9
2023411383742,2023,411383742,1,1,1,1,83,11,3,0,0,0,0,0,9,10,E01023733,3,1,0.0,1.0,-1,6,30,1,4,1,21:45,7,1,9
2023421360787,2023,421360787,3,5,2,1,4,1,3,0,0,2,0,0,9,10,E01021645,3,1,0.0,1.0,-1,6,60,1,1,1,14:23,1,3,9
2023471316131,2023,471316131,1,1,2,1,18,4,3,0,0,1,0,0,9,8,E01031780,3,1,0.0,1.0,-1,6,30,8,6,1,01:10,3,1,9
2023421361968,2023,421361968,2,1,1,1,35,6,3,0,0,0,0,0,19,6,E01021553,3,1,0.0,1.0,-1,7,70,1,1,1,15:25,4,2,19
2023010480551,2023,010480551,1,1,3,1,34,6,3,5,4,0,0,0,0,9,E01021825,-1,0,0.0,1.0,-1,6,20,2,4,2,18:20,2,1,9
2023351389699,2023,351389699,2,1,1,1,60,9,3,0,0,0,0,0,1,2,E01015657,3,1,0.0,1.0,-1,6,30,1,1,-1,11:15,6,2,1
2023221346214,2023,221346214,2,1,1,1,69,10,2,0,0,0,0,0,3,9,E01032451,6,1,1.0,0.0,-1,6,40,1,1,1,13:40,1,2,3
2023361313116,2023,361313116,1,1,1,1,24,5,3,0,0,0,0,0,3,2,E01026716,3,1,0.0,1.0,-1,6,30,2,1,2,07:00,4,2,3
2023101350781,2023,101350781,1,1,1,1,34,6,2,0,0,0,0,0,4,-1,-1,6,1,1.0,0.0,-1,6,20,1,1,1,18:20,7,1,4
2023131348416,2023,131348416,1,2,2,1,20,4,3,0,0,0,0,0,3,1,E01010609,3,1,0.0,1.0,-1,7,40,1,1,1,18:56,6,2,3
2023520300691,2023,520300691,1,3,2,1,16,4,2,0,0,2,0,0,9,4,W01001628,-1,0,1.0,0.0,-1,6,60,1,1,1,12:30,1,2,9
2023461363427,2023,461363427,1,1,3,1,13,3,2,4,4,0,0,0,0,1,E01016069,7,1,1.0,0.0,-1,6,30,1,1,1,13:30,6,1,9
2023201384634,2023,201384634,1,1,3,1,34,6,3,10,9,0,0,0,0,4,E01009770,3,1,0.0,1.0,-1,6,30,1,7,1,23:44,4,1,9
2023131346366,2023,131346366,2,1,1,1,38,7,3,0,0,0,0,0,1,6,E01011517,3,1,0.0,1.0,-1,6,30,1,1,1,16:50,5,2,1
2023010464326,2023,010464326,1,1,1,1,26,6,3,0,0,0,0,0,3,2,E01003489,-1,0,0.0,1.0,-1,6,20,1,4,1,22:10,2,2,3
2023430079195,2023,430079195,2,1,1,1,34,6,3,0,0,0,0,0,8,10,E01028820,-1,0,0.00923,0.99077,-1,6,50,1,1,1,10:30,1,2,8
2023122300923,2023,122300923,2,1,2,2,43,7,3,0,0,1,0,0,9,6,E01027881,-1,0,0.02332,0.97668,-1,1,30,1,1,1,12:55,3,2,9
2023361332225,2023,361332225,1,1,1,2,24,5,3,0,0,0,0,0,9,10,E01017985,3,1,0.0,1.0,-1,1,60,2,1,2,15:25,7,1,9
2023010440900,2023,010440900,1,1,3,2,12,3,3,5,1,0,0,0,0,5,E01001105,-1,0,0.0,1.0,-1,6,30,1,1,1,15:35,4,1,9
2023010456733,2023,010456733,1,1,1,1,21,5,3,0,0,0,0,0,1,7,E01000480,-1,0,0.0,1.0,-1,1,30,2,4,2,23:50,5,2,1
2023061364425,2023,061364425,2,1,2,1,54,8,3,0,0,1,0,0,9,1,E01005119,3,1,0.0,1.0,-1,6,30,1,1,1,14:10,4,2,9
2023141348026,2023,141348026,1,3,2,1,21,5,2,0,0,1,0,0,9,1,E01007648,6,1,1.0,0.0,-1,6,20,1,1,1,17:19,7,2,9
2023411376518,2023,411376518,2,1,1,2,58,9,3,0,0,0,0,0,9,9,E01023612,3,1,0.0,1.0,-1,6,30,1,4,1,16:55,2,2,9
2023010486601,2023,010486601,2,1,1,1,28,6,3,0,0,0,0,0,3,3,E01002130,-1,0,0.0,1.0,-1,6,20,1,4,1,19:30,6,2,3
2023501364904,2023,501364904,2,1,1,1,27,6,3,0,0,0,0,0,1,2,E01019074,3,1,0.0,1.0,-1,6,30,1,4,1,22:00,5,2,1
2023131365106,2023,131365106,2,1,1,1,50,8,3,0,0,0,0,0,9,5,E01011836,3,1,0.0,1.0,-1,1,30,5,7,2,07:50,6,2,9
2023302300073,2023,302300073,2,1,1,2,51,8,3,0,0,0,0,0,9,9,E01025917,-1,0,0.0418,0.9582,-1,6,30,1,4,1,17:49,5,2,9
2023351365117,2023,351365117,1,1,2,1,39,7,3,0,0,1,0,0,9,1,E01015647,3,1,0.0,1.0,-1,6,30,2,4,2,19:30,6,1,9
2023501327437,2023,501327437,2,1,1,1,65,9,3,0,0,0,0,0,9,4,E01018968,3,1,0.0,1.0,-1,1,30,2,1,2,08:15,6,2,9
2023141314744,2023,141314744,1,2,2,1,79,11,3,0,0,1,0,0,9,7,E01007605,3,1,0.0,1.0,-1,6,40,1,1,1,15:02,1,1,9
2023501354894,2023,501354894,2,3,2,1,84,11,2,0,0,1,0,0,9,3,E01018990,6,1,1.0,0.0,-1,6,40,1,1,2,11:10,5,2,9
2023010471365,2023,010471365,1,1,1,1,23,5,2,0,0,0,0,0,9,3,E01003493,-1,0,1.0,0.0,-1,3,40,1,1,1,14:53,4,2,9
2023991376417,2023,991376417,1,1,1,2,38,7,2,0,0,0,0,0,9,2,-1,7,1,1.0,0.0,-1,6,60,1,1,1,09:00,6,3,9
2023131344833,2023,131344833,1,1,1,1,65,9,2,0,0,0,0,0,5,5,E01011801,7,1,1.0,0.0,-1,6,60,1,1,1,14:11,4,2,5
2023010443890,2023,010443890,1,2,2,2,-1,-1,3,0,0,1,0,0,9,6,E01002373,-1,0,0.0,1.0,-1,6,30,1,1,1,12:10,6,2,9
2023461343907,2023,461343907,2,1,1,1,38,7,3,0,0,0,0,0,9,7,E01000413,3,1,0.0,1.0,-1,3,70,1,4,1,22:35,4,2,9
2023201417611,2023,201417611,2,3,2,1,-1,-1,3,0,0,-1,0,0,9,-1,-1,3,1,0.0,1.0,-1,3,40,1,4,1,22:00,6,2,9
2023351357326,2023,351357326,2,1,1,1,25,5,3,0,0,0,0,0,-1,5,E01018273,3,1,0.0,1.0,-1,6,30,1,1,-1,18:29,6,2,-1
2023010476022,2023,010476022,1,1,1,1,32,6,3,0,0,0,0,0,3,-1,-1,-1,0,0.0,1.0,-1,3,40,1,1,1,12:00,1,2,3
2023061389492,2023,061389492,1,1,3,2,80,11,3,1,1,0,0,0,0,-1,-1,3,1,0.0,1.0,-1,3,30,1,1,1,10:00,7,1,9
2023622300534,2023,622300534,1,1,3,2,12,3,2,5,2,0,0,0,0,2,W01001237,-1,0,1.0,0.0,-1,6,30,1,1,1,19:30,3,1,9
2023401269616,2023,401269616,2,1,1,1,41,7,3,0,0,0,0,0,19,1,E01013000,3,1,0.0,1.0,-1,3,30,1,1,1,13:00,3,2,19
2023451381757,2023,451381757,1,1,1,2,28,6,3,0,0,0,0,0,9,8,E01016610,3,1,0.0,1.0,-1,3,30,1,7,2,18:38,6,2,9
2023302301553,2023,302301553,2,1,1,-1,-1,-1,3,0,0,0,0,0,23,5,E01019456,-1,0,0.09676,0.90324,-1,6,30,1,4,1,18:15,3,2,23
2023361303703,2023,361303703,2,1,1,1,67,10,3,0,0,0,0,0,1,4,E01026474,3,1,0.0,1.0,-1,6,30,1,4,1,21:24,4,2,1
2023451321604,2023,451321604,1,1,1,1,31,6,3,0,0,0,0,0,1,8,E01030449,3,1,0.0,1.0,-1,1,30,1,1,1,07:37,6,2,1
2023010449840,2023,010449840,1,1,1,1,32,6,3,0,0,0,0,0,2,2,E01002506,-1,0,0.0,1.0,-1,6,30,9,1,1,13:05,1,2,2
2023311300676,2023,311300676,2,1,2,2,14,3,3,0,0,1,0,0,9,-1,-1,3,1,0.0,1.0,-1,6,30,2,1,2,16:54,4,2,9
2023461359327,2023,461359327,1,1,1,1,65,9,2,0,0,0,0,0,9,9,E01024821,7,1,1.0,0.0,-1,6,30,1,1,1,18:48,5,3,9
2023461313202,2023,461313202,2,1,1,1,51,8,3,0,0,0,0,0,8,2,E01024397,3,1,0.0,1.0,-1,3,30,1,1,2,08:15,5,2,8
2023991323434,2023,991323434,1,1,1,2,62,9,2,0,0,0,0,0,9,7,-1,7,1,1.0,0.0,-1,6,60,1,1,1,07:35,7,2,9
2023201415530,2023,201415530,2,1,1,1,35,6,3,0,0,0,0,0,21,3,E01009768,3,1,0.0,1.0,-1,3,30,1,1,1,13:40,3,2,21
2023010477599,2023,010477599,1,1,3,2,34,6,2,1,3,0,0,0,0,2,E01002615,-1,0,1.0,0.0,-1,6,30,2,4,2,16:55,1,1,9
2023430242459,2023,430242459,1,1,3,2,58,9,3,6,9,0,0,0,0,9,E01016703,-1,0,0.2115,0.7885,-1,3,40,1,1,1,16:18,6,1,9
2023401359655,2023,401359655,2,1,1,1,28,6,3,0,0,0,0,0,3,3,E01015701,3,1,0.0,1.0,-1,6,30,1,4,-1,19:03,3,2,3
2023101327343,2023,101327343,2,1,1,1,46,8,3,0,0,0,0,0,9,3,E01008706,3,1,0.0,1.0,-1,6,30,1,1,1,18:00,4,2,9
2023501344092,2023,501344092,1,1,1,1,19,4,2,0,0,0,0,0,9,2,E01019076,5,1,1.0,0.0,-1,6,60,1,1,1,20:36,2,2,9
2023991274413,2023,991274413,1,3,2,2,58,9,3,0,0,1,0,0,9,3,-1,3,1,0.0,1.0,-1,6,60,1,1,1,11:20,5,3,9
2023010440389,2023,010440389,1,1,2,1,1,1,3,0,0,0,4,0,11,2,E01002080,-1,0,0.0,1.0,-1,2,20,1,1,1,16:30,1,1,11
2023041382595,2023,041382595,1,1,3,2,16,4,2,8,1,0,0,1,0,1,E01024856,7,1,1.0,0.0,-1,6,30,2,5,2,17:00,2,1,9
2023351270276,2023,351270276,2,1,1,2,33,6,3,0,0,0,0,0,1,-1,-1,3,1,0.0,1.0,-1,6,30,1,7,1,18:30,5,2,1
2023070768432,2023,070768432,1,3,1,2,40,7,3,0,0,0,0,0,9,7,E01006089,-1,0,0.05793,0.94207,-1,3,70,1,1,1,10:30,6,3,9
2023991391849,2023,991391849,2,1,1,1,22,5,3,0,0,0,0,0,9,4,-1,3,1,0.0,1.0,-1,3,60,1,1,2,12:00,7,2,9
2023201276101,2023,201276101,2,3,2,2,52,8,3,0,0,0,4,0,11,2,E01010010,3,1,0.0,1.0,-1,6,30,1,1,1,07:23,2,2,11
2023010468731,2023,010468731,2,1,1,2,36,7,2,0,0,0,0,0,1,6,E01004017,-1,0,1.0,0.0,-1,6,30,1,1,1,09:10,5,2,1
2023141296362,2023,141296362,1,1,1,2,34,6,3,0,0,0,0,0,9,-1,-1,3,1,0.0,1.0,-1,6,60,4,1,1,14:15,5,2,9
2023332301033,2023,332301033,2,1,2,2,23,5,3,0,0,0,0,0,19,4,E01025843,-1,0,0.01973,0.98027,-1,6,30,1,1,1,18:24,5,2,19
2023131308066,2023,131308066,3,1,1,2,51,8,3,0,0,0,0,0,9,4,E01011644,3,1,0.0,1.0,-1,3,40,1,1,1,08:17,2,3,9
2023531329941,2023,531329941,1,4,2,1,77,11,3,0,0,1,0,0,9,7,E01022252,3,1,0.0,1.0,-1,6,40,2,1,2,14:43,7,2,9
2023991391789,2023,991391789,2,3,2,2,45,7,3,0,0,1,0,0,9,7,-1,3,1,0.0,1.0,-1,6,50,2,6,2,14:36,7,3,9
2023440435435,2023,440435435,2,1,1,1,46,8,3,0,0,0,0,0,1,1,E01032882,-1,0,0.16261,0.83739,-1,6,30,2,1,2,11:43,3,2,1
2023010443331,2023,010443331,1,1,1,1,22,5,3,0,0,0,0,0,3,3,E01001886,-1,0,0.0,1.0,-1,6,20,1,1,9,12:30,3,2,3
2023351306033,2023,351306033,2,2,1,2,28,6,2,0,0,0,0,0,9,4,E01015614,7,1,1.0,0.0,-1,6,30,1,1,1,10:30,7,2,9
2023991339651,2023,991339651,2,2,1,2,55,8,3,0,0,0,0,0,9,6,-1,3,1,0.0,1.0,-1,6,60,1,1,1,13:09,1,2,9
2023610005123,2023,610005123,1,1,1,1,20,4,2,0,0,0,0,0,3,1,W01001652,-1,0,1.0,0.0,-1,1,30,4,4,2,20:47,6,2,3
2023071321308,2023,071321308,2,2,2,1,19,4,2,0,0,2,0,0,9,10,E01006082,-1,0,1.0,0.0,-1,1,30,1,7,2,15:50,3,2,9
2023141267564,2023,141267564,1,1,1,1,32,6,3,0,0,0,0,0,9,-1,-1,3,1,0.0,1.0,-1,6,30,1,1,1,15:10,3,2,9
2023221364733,2023,221364733,2,1,2,1,67,10,3,0,0,1,0,0,9,2,E01009163,3,1,0.0,1.0,-1,7,60,1,1,1,12:37,2,2,9
2023351363408,2023,351363408,1,1,1,1,17,4,3,0,0,0,0,0,3,10,E01018267,3,1,0.0,1.0,-1,6,40,1,1,1,17:48,5,2,3
2023991317413,2023,991317413,1,1,1,1,22,5,2,0,0,0,0,0,3,5,-1,6,1,1.0,0.0,-1,6,20,1,1,1,16:00,1,2,3
2023421347103,2023,421347103,2,1,1,2,40,7,3,0,0,0,0,0,9,9,E01021256,3,1,0.0,1.0,-1,6,30,1,1,1,17:30,5,3,9
2023501329720,2023,501329720,3,2,1,2,47,8,3,0,0,0,0,0,9,9,E01015473,3,1,0.0,1.0,-1,6,60,1,1,1,08:19,7,5,9
2023610027223,2023,610027223,1,1,1,2,82,11,3,0,0,1,0,0,9,-1,-1,-1,0,0.12468,0.87532,-1,6,30,1,1,1,17:10,7,2,9
2023221285338,2023,221285338,1,2,2,2,27,6,3,0,0,1,0,0,9,-1,-1,3,1,0.0,1.0,-1,3,70,3,4,3,00:15,5,3,9
202354C025723,2023,54C025723,1,2,2,1,14,3,3,0,0,0,0,0,10,6,E01031844,-1,0,0.03958,0.96042,-1,6,60,1,6,1,17:32,2,2,10
2023010477212,2023,010477212,1,1,2,2,42,7,2,0,0,0,3,0,11,4,E01003934,-1,0,1.0,0.0,-1,6,30,9,1,2,16:08,6,1,11
2023552400118,2023,552400118,1,1,1,1,28,6,3,0,0,0,0,0,5,-1,-1,-1,0,0.14121,0.85879,-1,6,30,2,1,2,09:49,6,1,5
2023161324253,2023,161324253,1,2,1,1,28,6,3,0,0,0,0,0,9,7,E01013126,3,1,0.0,1.0,-1,6,30,1,4,1,21:40,5,2,9
2023991380261,2023,991380261,1,1,1,2,82,11,2,0,0,0,0,0,9,8,-1,7,1,1.0,0.0,-1,6,30,1,1,1,11:14,3,1,9
2023131331319,2023,131331319,1,1,1,1,61,9,3,0,0,0,0,0,9,7,E01025199,3,1,0.0,1.0,-1,6,30,1,1,1,08:23,5,2,9
2023231307293,2023,231307293,1,1,2,2,39,7,1,0,0,1,0,0,9,5,E01031028,1,1,0.0,0.0,-1,6,30,1,6,1,22:35,3,1,9
2023351358441,2023,351358441,3,3,1,1,53,8,3,0,0,0,0,0,9,6,E01026722,3,1,0.0,1.0,-1,6,60,1,1,1,12:00,7,3,9
2023371391743,2023,371391743,2,2,2,2,53,8,2,0,0,1,0,0,9,5,E01029958,6,1,1.0,0.0,-1,6,60,4,6,1,15:58,6,2,9
2023010420771,2023,010420771,1,1,1,1,33,6,2,0,0,0,0,0,1,9,E01002995,-1,0,1.0,0.0,-1,6,30,1,1,2,07:43,2,2,1
2023010439648,2023,010439648,1,2,2,2,5,1,3,0,0,9,0,0,9,4,E01000124,-1,0,0.0,1.0,-1,1,50,1,4,1,22:45,4,3,9
2023052300956,2023,052300956,2,2,1,2,73,10,3,0,0,0,0,0,9,6,E01007163,-1,0,0.07974,0.92026,-1,6,30,1,1,1,14:54,3,2,9
2023201328501,2023,201328501,2,2,2,2,23,5,3,0,0,2,0,0,9,1,E01010423,3,1,0.0,1.0,-1,6,30,2,1,2,14:40,6,2,9
2023201423903,2023,201423903,2,4,2,2,13,3,3,0,0,2,0,0,9,4,E01010120,3,1,0.0,1.0,-1,3,60,1,4,2,17:06,7,2,9
2023531388393,2023,531388393,2,2,1,1,38,7,3,0,0,0,0,0,19,8,E01022123,3,1,0.0,1.0,-1,3,70,1,6,1,18:50,4,2,19
2023161298998,2023,161298998,2,1,2,2,62,9,3,0,0,1,0,0,9,3,E01013282,3,1,0.0,1.0,-1,6,30,2,1,1,12:07,5,2,9
2023401366495,2023,401366495,2,2,1,2,37,7,3,0,0,0,0,0,9,5,E01026985,3,1,0.0,1.0,-1,6,60,1,1,2,14:35,5,2,9
2023010443109,2023,010443109,1,1,1,2,35,6,2,0,0,0,0,0,1,2,E01004392,-1,0,1.0,0.0,-1,9,20,1,1,1,08:50,2,2,1
2023351387807,2023,351387807,2,1,1,2,62,9,3,0,0,0,0,0,1,6,E01018005,3,1,0.0,1.0,-1,6,20,2,4,-1,19:40,3,2,1
2023421323838,2023,421323838,2,1,1,1,48,8,3,0,0,0,0,0,1,10,E01021618,3,1,0.0,1.0,-1,6,30,1,1,1,19:00,6,2,1
2023351394732,2023,351394732,1,1,1,1,40,7,2,0,0,0,0,0,21,3,E01018066,6,1,1.0,0.0,-1,1,40,1,1,1,07:37,2,1,21
2023361339321,2023,361339321,1,1,1,1,-1,-1,3,0,0,0,0,0,1,1,E01026603,3,1,0.0,1.0,-1,6,30,1,1,1,16:00,2,2,1
2023052300661,2023,052300661,2,1,2,2,20,4,2,0,0,2,0,0,8,1,E01006706,-1,0,1.0,0.0,-1,6,30,2,4,2,03:15,7,2,8
2023010446564,2023,010446564,1,4,2,1,5,1,3,0,0,2,0,0,9,1,E01003986,-1,0,0.0,1.0,-1,6,20,1,1,1,14:10,6,2,9
2023101261266,2023,101261266,2,5,2,2,20,4,3,0,0,1,0,0,9,-1,-1,3,1,0.0,1.0,-1,3,70,1,1,1,10:57,1,3,9
2023471314352,2023,471314352,3,2,2,1,9,2,3,0,0,2,0,0,9,10,E01030638,3,1,0.0,1.0,-1,6,60,1,1,1,17:10,6,4,9
2023010486540,2023,010486540,1,1,2,1,31,6,2,0,0,0,0,0,5,3,E01000082,-1,0,1.0,0.0,-1,6,30,9,7,1,18:30,7,1,5
2023141315243,2023,141315243,1,1,1,1,30,6,2,0,0,0,0,0,9,-1,-1,6,1,1.0,0.0,-1,1,30,1,1,1,19:56,2,1,9
2023320157037,2023,320157037,1,1,3,2,16,4,3,5,3,0,0,0,0,3,E01026178,-1,0,0.10978,0.89022,-1,6,30,2,1,2,16:36,3,1,9