collision_index,collision_year,collision_ref_no,vehicle_reference,casualty_reference,casualty_class,sex_of_casualty,age_of_casualty,age_band_of_casualty,casualty_severity,pedestrian_location,pedestrian_movement,car_passenger,bus_or_coach_passenger,pedestrian_road_maintenance_worker,casualty_type,casualty_imd_decile,lsoa_of_casualty,enhanced_casualty_severity,casualty_injury_based,casualty_adjusted_severity_serious,casualty_adjusted_severity_slight,casualty_distance_banding,road_type,speed_limit,weather_conditions,light_conditions,road_surface_conditions,time,day_of_week,number_of_vehicles,vehicle_type
2023041281081,2023,041281081,1,1,1,2,62,9,3,0,0,0,0,0,2,6,E01025026,3,1,0.0,1.0,-1,6,60,1,6,2,05:07,3,1,2
2023010469050,2023,010469050,1,1,3,2,25,5,3,1,1,0,0,0,0,-1,-1,-1,0,0.0,1.0,-1,2,30,1,4,1,19:35,6,1,9
202363C031023,2023,63C031023,1,1,3,2,3,1,3,5,1,0,0,0,0,-1,-1,-1,0,0.16886,0.83114,-1,6,30,1,1,2,16:40,7,1,19
2023131317209,2023,131317209,1,1,1,2,19,4,3,0,0,0,0,0,9,3,E01010629,3,1,0.0,1.0,-1,3,30,1,4,1,22:01,7,2,9
2023522401049,2023,522401049,1,1,1,1,60,9,3,0,0,0,0,0,9,10,E01014873,-1,0,0.04742,0.95258,-1,6,40,8,1,1,01:44,7,2,9
2023430278725,2023,430278725,1,1,1,1,60,9,2,0,0,0,0,0,5,7,E01016777,-1,0,1.0,0.0,-1,3,50,1,1,1,16:08,7,1,5
2023421365104,2023,421365104,1,1,2,1,44,7,3,0,0,0,0,0,19,6,E01002166,3,1,0.0,1.0,-1,6,60,2,1,2,07:08,6,1,19
2023610029723,2023,610029723,1,1,3,2,14,3,3,6,9,0,0,0,0,3,W01001336,-1,0,0.09667,0.90333,-1,6,30,1,1,1,16:00,2,1,9
2023010449509,2023,010449509,1,1,1,1,29,6,3,0,0,0,0,0,1,4,E01001939,-1,0,0.0,1.0,-1,6,30,1,1,1,11:00,6,2,1
2023010453524,2023,010453524,1,1,1,1,21,5,3,0,0,0,0,0,1,6,E01004017,-1,0,0.0,1.0,-1,6,20,1,1,1,13:34,2,2,1
2023141396351,2023,141396351,1,1,1,2,61,9,3,0,0,0,0,0,1,-1,-1,3,1,0.0,1.0,-1,6,30,2,4,2,16:30,1,2,1
2023531267547,2023,531267547,2,1,1,1,11,3,3,0,0,0,0,0,1,-1,-1,3,1,0.0,1.0,-1,1,30,1,1,4,08:10,3,2,1
2023101316822,2023,101316822,1,1,2,2,75,10,3,0,0,0,3,0,11,6,E01008559,3,1,0.0,1.0,-1,6,30,1,1,1,15:22,5,1,11
2023451277321,2023,451277321,1,1,1,1,56,9,3,0,0,0,0,0,9,10,E01030604,3,1,0.0,1.0,-1,3,30,1,4,2,20:22,5,2,9
2023052301885,2023,052301885,1,2,3,2,65,9,3,8,9,0,0,0,0,1,E01006547,-1,0,0.21446,0.78554,-1,2,30,1,1,1,21:00,4,1,1
2023411359638,2023,411359638,2,1,1,2,63,9,2,0,0,0,0,0,1,5,E01023769,6,1,1.0,0.0,-1,6,30,1,1,1,07:02,5,2,1
2023010479961,2023,010479961,1,1,1,1,37,7,3,0,0,0,0,0,4,8,E01000695,-1,0,0.0,1.0,-1,1,20,1,1,1,14:35,5,2,4
2023131266322,2023,131266322,1,1,3,2,32,6,3,6,8,0,0,2,0,5,E01011114,3,1,0.0,1.0,-1,6,30,1,1,1,08:40,6,1,19
2023481398831,2023,481398831,1,1,3,1,30,6,3,1,1,0,0,0,0,-1,-1,3,1,0.0,1.0,-1,6,20,8,4,1,19:50,4,1,1
2023010447864,2023,010447864,1,1,1,1,32,6,3,0,0,0,0,0,3,4,E01004525,-1,0,0.0,1.0,-1,9,20,9,1,9,19:30,4,2,3
2023010480546,2023,010480546,1,1,3,1,43,7,3,5,3,0,0,0,0,1,E01001634,-1,0,0.0,1.0,-1,9,20,1,4,1,22:50,7,1,11
2023122300285,2023,122300285,1,1,3,-1,-1,-1,3,1,1,0,0,0,0,-1,-1,-1,0,0.01795,0.98205,-1,6,30,1,1,1,11:10,4,1,9
2023501289248,2023,501289248,1,1,3,1,5,1,3,1,3,0,0,0,0,5,E01020088,3,1,0.0,1.0,-1,6,30,1,1,2,08:48,3,1,9
2023010467359,2023,010467359,1,1,1,1,38,7,3,0,0,0,0,0,3,1,E01004541,-1,0,0.0,1.0,-1,9,30,1,4,1,22:29,7,2,3
2023010476440,2023,010476440,2,1,1,2,49,8,3,0,0,0,0,0,9,-1,-1,-1,0,0.0,1.0,-1,3,30,1,1,1,09:05,3,2,9
2023302300545,2023,302300545,1,1,1,1,24,5,3,0,0,0,0,0,9,1,E01013566,-1,0,0.07961,0.92039,-1,3,40,2,4,2,21:55,4,2,9
2023461320549,2023,461320549,2,1,1,1,57,9,3,0,0,0,0,0,9,10,E01031619,3,1,0.0,1.0,-1,6,40,1,1,1,10:25,7,2,9
2023010430630,2023,010430630,1,1,3,2,35,6,3,1,1,0,0,0,0,2,E01004615,-1,0,0.0,1.0,-1,6,20,2,1,2,07:30,2,1,9
2023461300517,2023,461300517,1,1,3,2,16,4,3,10,9,0,0,0,0,10,E01024046,3,1,0.0,1.0,-1,6,30,1,1,1,09:45,3,1,9
2023471377105,2023,471377105,1,1,3,2,23,5,3,1,1,0,0,0,0,2,E01016909,3,1,0.0,1.0,-1,3,30,2,1,2,09:32,5,1,9
2023302300645,2023,302300645,1,1,1,1,41,7,3,0,0,0,0,0,5,8,E01025637,-1,0,0.21454,0.78546,-1,6,50,1,1,1,15:25,7,1,5
2023332300876,2023,332300876,1,2,2,2,22,5,3,0,0,2,0,0,9,2,E01013688,-1,0,0.05586,0.94414,-1,6,60,2,6,2,21:45,4,1,9
2023522400035,2023,522400035,2,2,1,2,80,11,2,0,0,0,0,0,9,3,E01014841,-1,0,1.0,0.0,-1,6,30,1,1,1,18:59,6,2,9
2023010442318,2023,010442318,1,1,1,1,30,6,3,0,0,0,0,0,5,3,E01000736,-1,0,0.0,1.0,-1,6,30,1,1,1,08:15,5,2,5
2023411354101,2023,411354101,1,1,1,1,-1,-1,3,0,0,0,0,0,5,-1,-1,3,1,0.0,1.0,-1,6,30,1,1,1,13:15,1,2,5
2023010449310,2023,010449310,1,1,3,1,60,9,2,4,2,0,0,0,0,3,E01004709,-1,0,1.0,0.0,-1,6,20,1,1,1,19:35,5,1,9
2023211287957,2023,211287957,2,1,1,2,42,7,3,0,0,0,0,0,9,2,E01029560,3,1,0.0,1.0,-1,6,30,1,1,2,16:00,6,2,9
2023401338264,2023,401338264,1,3,2,2,27,6,3,0,0,1,0,0,9,10,E01017399,3,1,0.0,1.0,-1,6,30,1,1,1,20:22,6,2,9
2023421342540,2023,421342540,2,1,2,1,60,9,3,0,0,1,0,0,9,6,E01012982,3,1,0.0,1.0,-1,3,70,1,1,1,14:14,6,2,9
2023201423903,2023,201423903,2,2,1,1,35,6,3,0,0,0,0,0,9,4,E01010120,3,1,0.0,1.0,-1,3,60,1,4,2,17:06,7,2,9
2023451391651,2023,451391651,1,1,1,1,42,7,3,0,0,0,0,0,9,10,E01030533,3,1,0.0,1.0,-1,6,40,1,6,2,18:20,6,2,9
2023221291983,2023,221291983,1,1,1,1,58,9,3,0,0,0,0,0,1,4,E01014024,3,1,0.0,1.0,-1,6,60,1,1,1,15:30,4,2,1
2023122300952,2023,122300952,1,1,1,1,65,9,3,0,0,0,0,0,5,6,E01013418,-1,0,0.23219,0.76781,-1,6,60,1,1,1,15:11,4,2,5
2023141339859,2023,141339859,2,1,1,1,58,9,3,0,0,0,0,0,5,7,E01007999,3,1,0.0,1.0,-1,3,30,1,1,1,10:53,4,2,5
2023101383324,2023,101383324,1,5,1,1,82,11,2,0,0,0,0,0,9,10,E01008523,6,1,1.0,0.0,-1,6,60,8,6,2,17:47,5,3,9
2023071186925,2023,071186925,2,1,1,1,53,8,2,0,0,0,0,0,1,8,E01012499,-1,0,1.0,0.0,-1,6,30,1,1,1,13:08,7,2,1
2023052300737,2023,052300737,2,1,1,1,52,8,3,0,0,0,0,0,8,2,E01006655,-1,0,0.04591,0.95409,-1,3,30,1,1,2,15:00,4,2,8
2023010420660,2023,010420660,1,1,3,2,66,10,3,8,1,0,0,0,0,8,E01001062,-1,0,0.0,1.0,-1,6,20,1,4,2,16:12,3,1,9
2023010435002,2023,010435002,1,1,3,2,53,8,2,1,1,0,0,0,0,4,E01003169,-1,0,1.0,0.0,-1,6,20,1,1,1,10:55,5,1,11
2023010429885,2023,010429885,3,1,1,1,53,8,2,0,0,0,0,0,9,7,E01000295,-1,0,1.0,0.0,-1,3,40,1,1,1,16:00,4,4,9
2023010452746,2023,010452746,3,2,1,2,28,6,3,0,0,0,0,0,9,1,E01002715,-1,0,0.0,1.0,-1,3,30,1,1,1,10:31,1,3,9
2023070611712,2023,070611712,2,3,2,2,86,11,3,0,0,1,0,0,9,9,E01018339,-1,0,0.04836,0.95164,-1,6,30,1,1,1,13:40,6,2,9
2023421375810,2023,421375810,1,5,1,2,59,9,3,0,0,0,0,0,9,5,E01033141,3,1,0.0,1.0,-1,6,60,1,1,1,11:00,6,3,9
2023542617523,2023,542617523,2,1,1,1,38,7,3,0,0,0,0,0,9,9,E01031879,-1,0,0.0204,0.9796,-1,3,70,1,1,2,10:16,6,2,9
2023440213403,2023,440213403,1,1,3,1,88,11,2,6,9,0,0,0,0,6,E01017066,-1,0,1.0,0.0,-1,3,30,1,1,1,08:51,3,1,21
2023010438353,2023,010438353,2,1,1,2,46,8,3,0,0,0,0,0,1,3,E01003295,-1,0,0.0,1.0,-1,6,30,1,1,1,08:48,5,2,1
2023430512542,2023,430512542,2,1,1,1,18,4,3,0,0,0,0,0,3,-1,-1,-1,0,0.17767,0.82233,-1,6,60,2,4,2,18:17,3,2,3
2023101389252,2023,101389252,2,1,2,2,7,2,3,0,0,2,0,0,9,1,E01008735,3,1,0.0,1.0,-1,6,30,1,4,1,17:30,7,2,9
2023211269257,2023,211269257,2,2,2,2,56,9,2,0,0,1,0,0,9,-1,-1,6,1,1.0,0.0,-1,6,60,1,4,2,18:19,6,3,9
2023351318436,2023,351318436,1,1,1,1,81,11,3,0,0,0,0,0,9,3,E01018093,3,1,0.0,1.0,-1,6,30,1,1,1,14:30,1,2,9
2023401301634,2023,401301634,1,1,1,2,43,7,3,0,0,0,0,0,9,10,E01017409,3,1,0.0,1.0,-1,6,30,1,1,1,14:50,3,2,9
2023531327082,2023,531327082,1,1,1,2,65,9,2,0,0,0,0,0,9,5,E01018620,7,1,1.0,0.0,-1,3,60,1,1,1,15:35,6,2,9
2023531364468,2023,531364468,1,2,1,1,23,5,3,0,0,0,0,0,9,4,E01022326,3,1,0.0,1.0,-1,3,30,1,4,1,21:55,3,2,9
2023540923823,2023,540923823,2,1,1,1,67,10,3,0,0,0,0,0,19,8,E01023195,-1,0,0.05315,0.94685,-1,3,60,1,1,1,17:43,5,3,19
2023547385523,2023,547385523,1,5,2,2,58,9,3,0,0,0,0,0,19,10,E01032700,-1,0,0.06367,0.93633,-1,3,70,5,1,2,15:48,6,3,19
2023010425299,2023,010425299,1,1,1,1,28,6,3,0,0,0,0,0,3,2,E01003325,-1,0,0.0,1.0,-1,9,20,8,4,1,07:00,5,2,3
2023010468353,2023,010468353,1,1,1,1,30,6,2,0,0,0,0,0,3,2,E01001055,-1,0,1.0,0.0,-1,6,30,1,1,2,07:20,3,2,3
2023010450247,2023,010450247,1,1,1,2,56,9,3,0,0,0,0,0,1,5,E01004442,-1,0,0.0,1.0,-1,2,20,1,1,1,08:15,3,2,1
2023440345337,2023,440345337,1,1,3,2,25,5,3,5,3,0,0,0,0,7,E01022962,-1,0,0.18798,0.81202,-1,6,30,1,4,1,01:17,7,1,8
2023010424532,2023,010424532,1,1,1,1,35,6,3,0,0,0,0,0,3,1,E01001517,-1,0,0.0,1.0,-1,9,20,9,1,9,15:15,6,2,3
2023010472504,2023,010472504,1,1,1,1,22,5,3,0,0,0,0,0,3,2,E01033146,-1,0,0.0,1.0,-1,9,20,8,7,1,19:30,1,2,3
2023461375158,2023,461375158,1,1,2,1,51,8,2,0,0,0,0,0,-1,10,E01024735,7,1,1.0,0.0,-1,6,30,1,1,1,16:59,1,1,-1
2023010468659,2023,010468659,1,1,3,2,38,7,3,6,9,0,0,0,0,3,E01000046,-1,0,0.0,1.0,-1,1,30,1,1,1,15:15,4,1,97
2023522400927,2023,522400927,1,1,1,1,28,6,3,0,0,0,0,0,1,3,E01014682,-1,0,0.12349,0.87651,-1,6,20,1,1,1,15:30,3,2,1
2023010447731,2023,010447731,2,1,1,1,25,5,3,0,0,0,0,0,3,4,E01002663,-1,0,0.0,1.0,-1,6,20,1,1,1,10:30,5,3,3
2023320230383,2023,320230383,1,1,1,1,24,5,3,0,0,0,0,0,4,10,E01025904,-1,0,0.21423,0.78577,-1,6,50,1,1,1,18:00,2,1,4
2023052301817,2023,052301817,1,2,3,2,80,11,3,6,9,0,0,0,0,10,E01006937,-1,0,0.24632,0.75368,-1,6,20,1,1,1,16:15,4,3,9
2023010445270,2023,010445270,2,1,1,1,10,2,3,0,0,0,0,0,1,6,E01002162,-1,0,0.0,1.0,-1,6,30,1,1,1,17:05,6,2,1
2023471314884,2023,471314884,1,1,1,1,39,7,3,0,0,0,0,0,1,8,E01016901,3,1,0.0,1.0,-1,6,20,9,7,1,17:00,6,2,1
2023522301656,2023,522301656,1,1,1,1,33,6,3,0,0,0,0,0,1,6,E01014975,-1,0,0.04448,0.95552,-1,6,20,1,1,1,19:50,4,2,1
2023010425338,2023,010425338,2,1,1,1,28,6,3,0,0,0,0,0,3,1,E01002758,-1,0,0.0,1.0,-1,3,30,1,1,1,15:13,7,2,3
2023201367574,2023,201367574,2,1,1,1,56,9,3,0,0,0,0,0,11,2,E01010102,3,1,0.0,1.0,-1,6,30,1,1,1,08:26,7,2,11
2023141309364,2023,141309364,2,1,1,2,46,8,3,0,0,0,0,0,9,5,E01007583,3,1,0.0,1.0,-1,6,40,1,1,1,16:48,6,3,9
2023201298190,2023,201298190,1,2,2,1,19,4,3,0,0,1,0,0,9,5,E01010393,3,1,0.0,1.0,-1,6,30,8,4,1,00:10,7,1,9
2023052302510,2023,052302510,1,2,3,2,20,4,3,5,3,0,0,0,0,4,E01006513,-1,0,0.11828,0.88172,-1,6,30,2,1,2,09:13,6,1,9
2023320204523,2023,320204523,2,2,3,1,56,9,3,10,9,0,0,0,0,4,E01026028,-1,0,0.17021,0.82979,-1,6,30,1,1,1,06:15,4,4,9
2023401396325,2023,401396325,2,1,1,1,18,4,3,0,0,0,0,0,1,2,E01017474,3,1,0.0,1.0,-1,6,30,1,1,1,13:40,4,2,1
2023131350094,2023,131350094,1,2,3,2,13,3,3,6,9,0,0,2,0,1,E01010814,3,1,0.0,1.0,-1,6,30,1,1,1,14:25,5,1,9
2023332300229,2023,332300229,1,1,2,1,22,5,3,0,0,1,0,0,9,10,E01025970,-1,0,0.01906,0.98094,-1,3,30,2,4,2,22:10,5,2,9
2023461289994,2023,461289994,1,1,1,2,38,7,3,0,0,0,0,0,9,4,E01024579,3,1,0.0,1.0,-1,6,60,8,1,4,08:56,3,2,9
2023010468645,2023,010468645,1,1,1,1,25,5,3,0,0,0,0,0,1,5,E01000911,-1,0,0.0,1.0,-1,6,20,1,1,1,18:01,4,2,1
2023471346758,2023,471346758,2,1,1,1,11,3,3,0,0,0,0,0,1,4,E01020971,3,1,0.0,1.0,-1,6,30,1,1,1,16:35,4,2,1
2023411300998,2023,411300998,2,1,1,2,22,5,3,0,0,0,0,0,3,7,E01001411,3,1,0.0,1.0,-1,6,30,1,1,1,11:40,7,2,3
2023010475364,2023,010475364,1,3,3,-1,4,1,3,5,9,0,0,0,0,-1,-1,-1,0,0.0,1.0,-1,9,20,2,1,2,15:25,3,1,9
2023201283855,2023,201283855,1,1,3,2,71,10,2,5,1,0,0,0,0,1,E01009122,7,1,1.0,0.0,-1,3,30,1,1,1,14:09,6,1,9
2023041310021,2023,041310021,2,3,2,1,12,3,3,0,0,2,0,0,9,4,E01025276,3,1,0.0,1.0,-1,6,30,1,1,1,08:15,2,2,9
2023141299033,2023,141299033,1,1,3,1,50,8,1,5,9,0,0,0,0,6,E01008154,1,1,0.0,0.0,-1,6,30,1,1,1,16:54,4,1,9
2023430329278,2023,430329278,1,1,3,1,41,7,3,9,8,0,0,0,0,4,E01016724,-1,0,0.1652,0.8348,-1,6,30,1,1,1,20:00,2,1,9
202360A036124,2023,60A036124,1,1,1,1,13,3,3,0,0,0,0,0,-1,-1,-1,-1,0,0.17578,0.82422,-1,6,30,1,1,1,15:15,1,2,-1
2023461337371,2023,461337371,1,1,1,1,29,6,3,0,0,0,0,0,19,3,E01024548,3,1,0.0,1.0,-1,6,60,2,1,2,13:45,1,2,19
2023451306826,2023,451306826,1,1,3,2,7,2,2,9,7,0,0,0,0,8,E01030562,6,1,1.0,0.0,-1,6,30,1,1,1,16:55,3,1,9
2023351364700,2023,351364700,2,1,1,2,31,6,3,0,0,0,0,0,1,3,E01017977,3,1,0.0,1.0,-1,6,30,1,1,-1,12:55,7,2,1
2023311333073,2023,311333073,2,1,1,1,34,6,3,0,0,0,0,0,3,2,E01013961,3,1,0.0,1.0,-1,3,30,1,1,1,17:20,2,2,3
2023440473537,2023,440473537,2,1,1,1,29,6,3,0,0,0,0,0,4,3,E01022901,-1,0,0.06449,0.93551,-1,6,30,1,4,2,17:25,1,2,4
2023010470501,2023,010470501,1,1,3,2,48,8,3,1,2,0,0,0,0,2,E01004044,-1,0,0.0,1.0,-1,6,20,1,4,1,18:48,6,1,1
2023010466264,2023,010466264,1,1,1,1,33,6,3,0,0,0,0,0,3,4,E01000976,-1,0,0.0,1.0,-1,6,20,1,4,1,23:44,5,2,3
2023211348711,2023,211348711,2,1,2,1,-1,-1,3,0,0,-1,0,0,8,1,E01014217,3,1,0.0,1.0,-1,6,30,1,1,1,08:20,5,2,8
2023041291778,2023,041291778,1,1,3,2,62,9,3,1,3,0,0,0,0,1,E01025295,3,1,0.0,1.0,-1,6,30,1,4,4,19:05,3,1,9
2023501334167,2023,501334167,1,1,3,2,13,3,3,4,4,0,0,0,0,2,E01015192,3,1,0.0,1.0,-1,6,30,1,1,1,16:00,5,1,2
2023031317261,2023,031317261,1,1,1,2,51,8,3,0,0,0,0,0,3,-1,-1,3,1,0.0,1.0,-1,6,60,1,1,1,19:10,7,1,3
2023010471412,2023,010471412,1,1,1,1,39,7,3,0,0,0,0,0,1,6,E01000324,-1,0,0.0,1.0,-1,2,20,1,1,2,05:28,4,2,1
2023430359787,2023,430359787,2,1,1,1,64,9,3,0,0,0,0,0,1,4,E01017904,-1,0,0.17061,0.82939,-1,6,30,1,1,1,12:30,4,2,1
2023451355365,2023,451355365,1,1,1,1,53,8,3,0,0,0,0,0,5,10,E01030820,3,1,0.0,1.0,-1,3,30,1,1,1,15:10,6,2,5
2023131340479,2023,131340479,2,5,1,1,17,4,3,0,0,0,0,0,9,3,W01001634,3,1,0.0,1.0,-1,6,30,1,4,1,22:42,5,2,9
2023461376887,2023,461376887,1,1,1,1,19,4,3,0,0,0,0,0,9,6,E01024703,3,1,0.0,1.0,-1,6,30,4,4,2,21:30,5,1,9
2023631312986,2023,631312986,1,2,1,1,17,4,2,0,0,0,0,0,9,6,W01000716,5,1,1.0,0.0,-1,6,60,1,1,1,14:00,3,2,9
2023070441351,2023,070441351,2,1,1,1,59,9,3,0,0,0,0,0,9,10,E01007932,-1,0,0.02197,0.97803,-1,6,30,1,1,1,08:45,4,2,9
2023131328803,2023,131328803,1,1,1,2,63,9,3,0,0,0,0,0,9,7,E01011531,3,1,0.0,1.0,-1,6,30,1,1,1,18:55,4,1,9
2023411325825,2023,411325825,3,6,2,2,13,3,3,0,0,-1,0,0,9,10,E01023733,3,1,0.0,1.0,-1,6,30,1,1,1,18:43,6,3,9
2023520300467,2023,520300467,1,1,1,1,48,8,3,0,0,0,0,0,9,9,E01015141,-1,0,0.0122,0.9878,-1,6,60,9,1,-1,15:00,1,2,9
2023610035923,2023,610035923,1,1,1,1,41,7,3,0,0,1,0,0,9,2,W01001358,-1,0,0.02047,0.97953,-1,6,30,1,1,1,10:54,5,2,9
2023141300846,2023,141300846,2,1,1,2,39,7,3,0,0,0,0,0,9,2,E01033279,3,1,0.0,1.0,-1,6,30,1,1,1,19:41,3,2,9
2023231341430,2023,231341430,1,1,1,2,19,4,3,0,0,0,0,0,9,8,E01031246,3,1,0.0,1.0,-1,6,60,1,6,1,22:19,1,1,9
2023320486252,2023,320486252,1,1,1,1,30,6,3,0,0,0,0,0,9,2,E01026172,-1,0,0.04085,0.95915,-1,6,30,1,1,1,13:55,1,2,9
2023010448099,2023,010448099,1,1,1,1,27,6,3,0,0,0,0,0,9,2,E01000104,-1,0,0.0,1.0,-1,6,30,1,4,1,23:19,6,1,9
2023010438954,2023,010438954,1,1,1,2,45,7,2,0,0,0,0,0,3,3,E01002599,-1,0,1.0,0.0,-1,6,30,8,1,1,07:40,5,2,3
2023461352222,2023,461352222,2,4,2,1,13,3,3,0,0,0,-1,0,11,7,E01024058,3,1,0.0,1.0,-1,6,30,1,1,1,14:40,6,3,11
2023522400115,2023,522400115,3,2,1,2,64,9,3,0,0,0,0,0,11,1,E01014829,-1,0,0.08625,0.91375,-1,6,50,1,6,1,00:02,7,3,11
2023351308393,2023,351308393,2,1,1,2,25,5,3,0,0,0,0,0,9,2,E01015601,3,1,0.0,1.0,-1,6,40,1,1,1,12:51,7,3,9
2023991368149,2023,991368149,1,1,3,1,52,8,2,8,1,0,0,0,0,1,-1,7,1,1.0,0.0,-1,3,30,2,4,2,02:30,1,1,9
2023552301033,2023,552301033,2,1,1,1,71,10,3,0,0,0,0,0,1,-1,-1,-1,0,0.126,0.874,-1,6,30,1,1,1,17:27,1,2,1
2023411265920,2023,411265920,2,1,1,1,29,6,2,0,0,0,0,0,3,-1,-1,7,1,1.0,0.0,-1,3,60,2,1,2,08:35,2,2,3
2023010419703,2023,010419703,2,2,1,1,44,7,3,0,0,0,0,0,9,4,E01003666,-1,0,0.0,1.0,-1,1,30,1,4,1,23:43,4,2,9
2023052301497,2023,052301497,2,1,1,1,-1,-1,3,0,0,0,0,0,9,-1,-1,-1,0,0.03953,0.96047,-1,6,30,1,1,1,13:52,6,2,9
2023311327616,2023,311327616,1,2,1,2,19,4,3,0,0,0,0,0,9,4,E01007353,3,1,0.0,1.0,-1,6,60,1,1,1,18:04,6,2,9
2023010419651,2023,010419651,2,1,1,1,37,7,3,0,0,0,0,0,3,5,E01000067,-1,0,0.0,1.0,-1,6,20,1,1,1,16:10,4,2,3
2023371360934,2023,371360934,1,1,3,1,31,6,2,10,9,0,0,0,0,6,E01030002,7,1,1.0,0.0,-1,6,30,1,1,1,12:56,6,3,19
2023010459634,2023,010459634,2,1,1,1,58,9,2,0,0,0,0,0,9,2,E01004755,-1,0,1.0,0.0,-1,6,30,1,4,1,00:06,4,2,9
2023010460429,2023,010460429,1,1,1,1,31,6,3,0,0,0,0,0,9,5,E01033573,-1,0,0.0,1.0,-1,3,40,1,1,1,16:03,1,2,9
2023201396826,2023,201396826,2,1,1,-1,28,6,3,0,0,0,0,0,9,2,E01010059,3,1,0.0,1.0,-1,6,20,1,1,2,09:16,3,2,9
2023302300067,2023,302300067,1,1,3,2,13,3,2,5,1,0,0,0,0,6,E01013507,-1,0,1.0,0.0,-1,6,30,9,1,1,08:20,2,1,9
2023010472473,2023,010472473,1,2,3,2,16,4,3,1,1,0,0,0,0,4,E01032773,-1,0,0.0,1.0,-1,6,20,1,1,1,11:27,3,1,3
2023211373083,2023,211373083,1,1,3,2,2,1,3,8,2,0,0,0,0,2,E01014345,3,1,0.0,1.0,-1,6,30,1,1,1,15:10,6,1,9
2023531357877,2023,531357877,1,1,3,1,12,3,3,9,5,0,0,0,0,2,E01022292,3,1,0.0,1.0,-1,6,30,1,1,1,15:52,5,1,9
2023010464484,2023,010464484,2,1,1,2,47,8,3,0,0,0,0,0,1,7,E01002412,-1,0,0.0,1.0,-1,6,20,1,4,1,21:45,4,2,1
2023311278768,2023,311278768,2,1,1,1,31,6,3,0,0,0,0,0,1,2,E01013904,3,1,0.0,1.0,-1,3,30,1,4,2,06:42,3,2,1
2023520301042,2023,520301042,2,1,1,1,59,9,3,0,0,0,0,0,1,9,E01029273,-1,0,0.13025,0.86975,-1,6,30,1,1,1,16:30,6,2,1
2023010429340,2023,010429340,1,1,3,1,61,9,3,9,5,0,0,0,0,1,E01004204,-1,0,0.0,1.0,-1,3,20,1,4,1,03:10,2,1,9
2023201285310,2023,201285310,1,1,3,2,36,7,3,1,1,0,0,2,0,2,E01010449,3,1,0.0,1.0,-1,6,30,1,1,1,16:30,1,1,-1
2023010461264,2023,010461264,2,1,1,1,52,8,3,0,0,0,0,0,3,4,E01003077,-1,0,0.0,1.0,-1,2,30,1,1,1,18:15,6,2,3
2023201303428,2023,201303428,2,1,1,1,38,7,3,0,0,0,0,0,8,2,E01009609,3,1,0.0,1.0,-1,6,30,1,1,1,18:58,4,2,8
2023421349406,2023,421349406,1,1,3,1,74,10,3,5,1,0,0,0,0,10,E01021246,3,1,0.0,1.0,-1,6,30,1,1,1,07:58,5,1,9
2023320127271,2023,320127271,2,1,1,1,40,7,3,0,0,0,0,0,1,-1,-1,-1,0,0.09342,0.90658,-1,6,30,9,1,1,14:55,3,2,1
2023411352497,2023,411352497,2,1,1,1,41,7,3,0,0,0,0,0,1,10,E01023768,3,1,0.0,1.0,-1,1,30,1,1,1,19:47,2,2,1
202360A076646,2023,60A076646,1,1,1,2,29,6,2,0,0,0,0,0,5,-1,-1,-1,0,1.0,0.0,-1,6,60,1,1,1,14:10,2,2,5
2023991350080,2023,991350080,1,1,1,1,52,8,2,0,0,0,0,0,5,2,-1,5,1,1.0,0.0,-1,3,30,1,1,1,12:50,5,2,5
2023320305232,2023,320305232,2,1,1,1,58,9,2,0,0,0,0,0,1,1,E01026010,-1,0,1.0,0.0,-1,6,60,8,1,2,14:36,6,2,1
2023041363509,2023,041363509,1,1,1,1,73,10,3,0,0,0,0,0,9,5,E01024888,3,1,0.0,1.0,-1,3,30,1,1,1,15:02,2,1,9
2023010477442,2023,010477442,1,1,1,1,39,7,3,0,0,0,0,0,9,3,E01003734,-1,0,0.0,1.0,-1,9,20,1,4,1,01:15,1,1,9
2023351382306,2023,351382306,1,1,1,2,61,9,2,0,0,0,0,0,9,3,E01017978,7,1,1.0,0.0,-1,6,30,1,4,1,19:41,7,2,9
2023371375801,2023,371375801,2,1,1,2,30,6,3,0,0,0,0,0,9,5,E01030140,3,1,0.0,1.0,-1,3,30,1,1,1,15:15,5,2,9
2023461369002,2023,461369002,2,1,1,1,22,5,3,0,0,0,0,0,9,8,E01024434,3,1,0.0,1.0,-1,3,70,1,6,1,18:15,6,3,9
2023471390376,2023,471390376,1,1,1,1,41,7,3,0,0,0,0,0,19,8,E01021077,3,1,0.0,1.0,-1,6,60,1,6,2,17:29,4,3,19
2023201276892,2023,201276892,2,4,2,2,7,2,3,0,0,2,0,0,9,1,E01009273,3,1,0.0,1.0,-1,6,30,1,1,1,20:10,2,2,9
2023221381028,2023,221381028,2,1,1,1,41,7,3,0,0,0,0,0,9,2,E01032250,3,1,0.0,1.0,-1,3,40,1,1,1,15:10,5,3,9
2023471291856,2023,471291856,2,1,1,1,65,9,3,0,0,0,0,0,9,4,E01016882,3,1,0.0,1.0,-1,6,30,1,1,1,07:47,7,2,9