collision_index,collision_year,collision_ref_no,vehicle_reference,casualty_reference,casualty_class,sex_of_casualty,age_of_casualty,age_band_of_casualty,casualty_severity,pedestrian_location,pedestrian_movement,car_passenger,bus_or_coach_passenger,pedestrian_road_maintenance_worker,casualty_type,casualty_imd_decile,lsoa_of_casualty,enhanced_casualty_severity,casualty_injury_based,casualty_adjusted_severity_serious,casualty_adjusted_severity_slight,casualty_distance_banding,road_type,speed_limit,weather_conditions,light_conditions,road_surface_conditions,time,day_of_week,number_of_vehicles,vehicle_type
2023522300971,2023,522300971,4,7,2,2,87,11,1,0,0,1,0,0,9,10,E01032676,-1,0,0.0,0.0,-1,6,20,1,1,1,14:35,3,4,9
2023010468044,2023,010468044,1,2,2,1,13,3,3,0,0,0,0,0,19,2,E01001693,-1,0,0.0,1.0,-1,3,50,1,1,1,17:07,1,2,19
2023010482920,2023,010482920,2,1,1,1,32,6,3,0,0,0,0,0,-1,8,E01003867,-1,0,0.0,1.0,-1,9,30,2,4,2,21:15,6,2,-1
2023052302749,2023,052302749,1,1,1,1,36,7,2,0,0,0,0,0,9,1,E01006659,-1,0,1.0,0.0,-1,3,40,1,4,1,23:40,4,2,9
2023430323084,2023,430323084,2,1,1,2,32,6,3,0,0,0,0,0,9,8,E01016760,-1,0,0.00604,0.99396,-1,6,30,1,1,1,15:35,5,2,9
2023131288030,2023,131288030,1,1,1,1,41,7,3,0,0,0,0,0,9,1,E01011864,3,1,0.0,1.0,-1,6,30,1,4,2,22:57,6,3,9
2023302301149,2023,302301149,2,3,1,1,33,6,3,0,0,0,0,0,9,6,E01019421,-1,0,0.02561,0.97439,-1,6,30,1,1,1,22:06,3,2,9
2023440464547,2023,440464547,1,2,2,2,19,4,3,0,0,1,0,0,9,8,E01028766,-1,0,0.05698,0.94302,-1,6,30,1,4,2,17:36,2,2,9
2023501345266,2023,501345266,2,1,2,2,62,9,3,0,0,1,0,0,9,1,E01019033,3,1,0.0,1.0,-1,6,30,1,4,1,21:30,1,2,9
2023522301080,2023,522301080,1,1,1,1,18,4,3,0,0,0,0,0,9,-1,-1,-1,0,0.05828,0.94172,-1,6,40,4,1,2,07:05,1,1,9
2023411368486,2023,411368486,2,1,1,2,42,7,3,0,0,0,0,0,9,6,E01023394,3,1,0.0,1.0,-1,6,60,1,1,1,08:43,4,2,9
2023411374795,2023,411374795,1,3,2,2,28,6,3,0,0,1,0,0,9,9,E01031200,3,1,0.0,1.0,-1,6,30,1,1,1,11:20,1,3,9
2023421358958,2023,421358958,2,1,1,1,25,5,3,0,0,0,0,0,9,5,E01015992,3,1,0.0,1.0,-1,6,20,9,4,1,22:18,3,2,9
2023131360298,2023,131360298,2,1,1,1,50,8,3,0,0,0,0,0,90,2,E01011470,3,1,0.0,1.0,-1,6,30,2,1,2,17:18,6,2,90
2023010422875,2023,010422875,4,2,1,1,62,9,3,0,0,0,0,0,9,3,E01001465,-1,0,0.0,1.0,-1,3,40,1,1,1,13:16,1,4,9
2023052303032,2023,052303032,2,2,2,2,30,6,3,0,0,1,0,0,9,9,E01018531,-1,0,0.01358,0.98642,-1,6,30,1,4,2,17:44,6,2,9
2023311285756,2023,311285756,2,1,1,1,44,7,3,0,0,0,0,0,9,7,E01028287,3,1,0.0,1.0,-1,6,30,2,4,2,23:00,7,2,9
2023421379273,2023,421379273,2,1,1,1,52,8,3,0,0,0,0,0,9,2,E01000600,3,1,0.0,1.0,-1,3,70,1,1,1,15:25,3,2,9
2023010435630,2023,010435630,1,1,1,1,53,8,3,0,0,0,0,0,9,8,E01001470,-1,0,0.0,1.0,-1,6,30,1,1,1,11:27,2,2,9
2023052400036,2023,052400036,2,3,2,2,20,4,3,0,0,2,0,0,9,-1,-1,-1,0,0.02046,0.97954,-1,6,30,2,4,2,20:20,1,2,9
2023131342846,2023,131342846,1,1,1,2,53,8,3,0,0,0,0,0,9,5,E01011933,3,1,0.0,1.0,-1,6,30,8,1,1,17:20,5,2,9
2023161301432,2023,161301432,1,1,1,2,35,6,3,0,0,0,0,0,9,8,E01013269,3,1,0.0,1.0,-1,6,30,1,1,1,07:30,5,2,9
2023170S31703,2023,170S31703,2,2,1,2,26,6,3,0,0,0,0,0,9,1,E01012238,-1,0,0.05449,0.94551,-1,6,30,1,4,1,19:10,5,2,9
2023471302056,2023,471302056,2,1,2,2,-1,-1,3,0,0,0,3,0,11,5,E01021000,3,1,0.0,1.0,-1,6,30,2,1,2,08:19,6,2,11
2023141277014,2023,141277014,1,1,1,2,31,6,3,0,0,0,0,0,9,3,E01007843,3,1,0.0,1.0,-1,1,40,1,1,1,11:25,4,2,9
2023131360643,2023,131360643,1,2,2,2,22,5,2,0,0,0,0,0,9,-1,-1,7,1,1.0,0.0,-1,6,30,1,4,1,01:43,1,2,9
2023141327469,2023,141327469,1,2,2,1,21,5,3,0,0,1,0,0,9,1,E01007716,3,1,0.0,1.0,-1,6,30,1,7,1,23:20,7,2,9
2023201426398,2023,201426398,2,2,1,2,46,8,3,0,0,0,0,0,9,2,E01009121,3,1,0.0,1.0,-1,6,30,1,1,2,15:24,6,2,9
2023320723125,2023,320723125,1,1,2,1,82,11,3,0,0,1,0,0,9,5,E01026201,-1,0,0.12045,0.87955,-1,6,60,1,6,1,17:00,4,2,9
2023430220126,2023,430220126,1,1,1,1,90,11,2,0,0,0,0,0,9,9,E01016543,-1,0,1.0,0.0,-1,6,30,1,1,1,20:22,6,4,9
2023010423000,2023,010423000,1,1,1,1,-1,-1,3,0,0,0,0,0,3,3,E01002105,-1,0,0.0,1.0,-1,6,30,1,1,1,12:00,1,2,3
2023010466938,2023,010466938,1,1,1,1,21,5,3,0,0,0,0,0,3,1,E01003060,-1,0,0.0,1.0,-1,9,30,1,1,1,17:10,2,2,3
2023010421282,2023,010421282,1,1,3,1,23,5,2,10,9,0,0,0,0,2,E01003313,-1,0,1.0,0.0,-1,3,30,9,4,2,21:10,6,1,1
2023052302032,2023,052302032,1,1,3,2,5,1,3,4,4,0,0,0,0,1,E01006905,-1,0,0.12495,0.87505,-1,6,20,1,1,1,17:25,3,1,9
2023041283050,2023,041283050,1,1,1,2,21,5,2,0,0,0,0,0,3,2,E01012666,7,1,1.0,0.0,-1,1,30,1,1,1,14:36,7,2,3
2023610042423,2023,610042423,1,1,1,1,18,4,3,0,0,0,0,0,3,9,E01022275,-1,0,0.18056,0.81944,-1,6,20,2,1,2,08:00,6,3,3
2023010426280,2023,010426280,2,1,1,1,22,5,3,0,0,0,0,0,4,1,E01002588,-1,0,0.0,1.0,-1,6,20,1,1,1,13:31,5,2,4
2023501390197,2023,501390197,1,1,3,1,9,2,2,5,3,0,0,-1,0,9,E01019993,7,1,1.0,0.0,-1,6,30,1,1,2,12:23,1,1,9
2023161266205,2023,161266205,2,2,2,2,20,4,3,0,0,1,0,0,9,1,E01013299,3,1,0.0,1.0,-1,3,40,1,4,4,03:57,7,2,9
2023201377317,2023,201377317,1,2,1,1,20,4,3,0,0,0,0,0,3,3,E01008895,3,1,0.0,1.0,-1,6,30,1,1,1,15:14,3,2,3
2023010452699,2023,010452699,1,1,2,1,79,11,3,0,0,2,0,0,9,4,E01001909,-1,0,0.0,1.0,-1,6,20,1,4,1,00:32,1,2,9
2023211260894,2023,211260894,2,1,1,1,55,8,3,0,0,0,0,0,9,8,E01012472,3,1,0.0,1.0,-1,3,70,2,1,2,11:30,7,2,9
2023440176656,2023,440176656,1,1,1,2,47,8,3,0,0,0,0,0,9,2,E01033237,-1,0,0.04968,0.95032,-1,3,70,1,1,1,13:45,6,2,9
2023461320982,2023,461320982,2,1,2,2,68,10,3,0,0,1,0,0,9,6,E01016113,3,1,0.0,1.0,-1,6,30,1,1,1,13:40,4,2,9
2023010482199,2023,010482199,1,1,1,2,25,5,3,0,0,0,0,0,9,-1,-1,-1,0,0.0,1.0,-1,6,30,9,7,2,18:00,3,2,9
2023041318755,2023,041318755,1,2,2,2,20,4,3,0,0,1,0,0,9,1,E01024907,3,1,0.0,1.0,-1,6,30,1,1,1,20:42,4,3,9
2023131359118,2023,131359118,1,2,1,1,32,6,3,0,0,0,0,0,9,4,E01010834,3,1,0.0,1.0,-1,3,40,1,4,1,23:05,3,2,9
2023401396661,2023,401396661,1,2,2,1,22,5,3,0,0,1,0,0,9,7,E01017548,3,1,0.0,1.0,-1,6,30,2,4,2,16:13,7,2,9
2023440108564,2023,440108564,1,2,2,1,4,1,3,0,0,2,0,0,9,6,E01023199,-1,0,0.13044,0.86956,-1,3,70,2,1,2,14:04,7,1,9
2023332301304,2023,332301304,2,2,2,2,57,9,3,0,0,0,0,0,19,3,E01013611,-1,0,0.01753,0.98247,-1,6,50,1,1,1,08:59,6,2,19
2023010422346,2023,010422346,1,1,1,2,23,5,3,0,0,0,0,0,9,1,E01004198,-1,0,0.0,1.0,-1,1,20,1,4,2,19:00,5,2,9
2023052300613,2023,052300613,2,2,1,1,53,8,3,0,0,0,0,0,9,6,E01007255,-1,0,0.02456,0.97544,-1,6,40,2,1,2,15:48,4,3,9
2023622300255,2023,622300255,1,1,1,2,71,10,3,0,0,0,0,0,9,10,E01028815,-1,0,0.04441,0.95559,-1,3,30,1,1,1,16:58,6,2,9
2023031309892,2023,031309892,2,1,1,2,72,10,3,0,0,0,0,0,9,-1,-1,3,1,0.0,1.0,-1,6,30,1,1,1,09:15,1,2,9
2023122300641,2023,122300641,1,1,1,1,36,7,3,0,0,0,0,0,9,1,E01025120,-1,0,0.06506,0.93494,-1,3,70,1,1,1,13:15,6,3,9
2023421305696,2023,421305696,1,1,1,2,28,6,2,0,0,0,0,0,9,4,E01021817,5,1,1.0,0.0,-1,6,30,1,1,2,07:45,4,1,9
2023311345453,2023,311345453,2,1,1,1,53,8,2,0,0,0,0,0,5,-1,-1,7,1,1.0,0.0,-1,6,60,1,1,1,10:01,6,2,5
2023161304159,2023,161304159,2,1,1,1,43,7,3,0,0,0,0,0,1,1,E01013141,3,1,0.0,1.0,-1,6,30,1,1,1,18:50,5,2,1
2023010420567,2023,010420567,1,1,3,2,88,11,3,10,9,0,0,0,0,4,E01003914,-1,0,0.0,1.0,-1,6,20,2,1,2,11:10,3,1,10
2023440340228,2023,440340228,1,1,3,1,46,8,2,8,8,0,0,0,0,2,E01017119,-1,0,1.0,0.0,-1,2,30,1,1,1,18:20,3,1,11
2023522400167,2023,522400167,1,1,1,1,28,6,3,0,0,0,0,0,1,9,E01014547,-1,0,0.04082,0.95918,-1,6,20,1,1,1,17:45,3,2,1
2023010461423,2023,010461423,1,1,3,2,32,6,3,1,1,0,0,0,0,2,E01004719,-1,0,0.0,1.0,-1,2,30,1,1,1,18:50,7,1,9
2023161305180,2023,161305180,1,1,3,1,9,2,3,5,1,0,0,0,0,7,E01010644,3,1,0.0,1.0,-1,6,20,1,1,1,15:55,5,1,9
2023531375185,2023,531375185,1,1,3,1,77,11,3,6,9,0,0,0,0,5,E01022435,3,1,0.0,1.0,-1,6,30,1,4,1,18:45,4,1,90
2023991381747,2023,991381747,1,1,3,2,24,5,3,1,1,0,0,0,0,7,-1,3,1,0.0,1.0,-1,6,20,1,1,1,12:55,6,1,9
2023991347717,2023,991347717,1,2,1,1,33,6,2,0,0,0,0,0,9,10,-1,6,1,1.0,0.0,-1,6,60,1,1,1,17:15,6,2,9
2023010457595,2023,010457595,2,2,1,1,46,8,3,0,0,0,0,0,1,4,E01000940,-1,0,0.0,1.0,-1,6,20,1,1,1,18:25,5,2,1
2023991298236,2023,991298236,2,1,1,1,70,10,2,0,0,0,0,0,1,-1,-1,6,1,1.0,0.0,-1,6,60,1,6,2,20:20,2,2,1
2023010437966,2023,010437966,1,1,1,2,56,9,3,0,0,0,0,0,9,5,E01002619,-1,0,0.0,1.0,-1,9,20,9,7,9,19:30,2,2,9
2023401272021,2023,401272021,2,1,1,2,27,6,3,0,0,0,0,0,9,9,E01017445,3,1,0.0,1.0,-1,6,60,1,1,4,09:55,5,3,9
2023010465876,2023,010465876,2,2,1,1,61,9,3,0,0,0,0,0,9,2,E01002029,-1,0,0.0,1.0,-1,1,20,1,1,1,10:35,5,2,9
2023031314816,2023,031314816,1,3,2,2,20,4,3,0,0,1,0,0,9,8,E01019383,3,1,0.0,1.0,-1,6,60,1,1,1,19:00,1,2,9
2023552301343,2023,552301343,2,1,1,1,30,6,3,0,0,0,0,0,9,1,E01020569,-1,0,0.06656,0.93344,-1,6,60,1,1,1,07:13,2,2,9
2023010477492,2023,010477492,1,1,1,2,30,6,3,0,0,0,0,0,9,1,E01002755,-1,0,0.0,1.0,-1,3,20,1,1,1,16:42,7,2,9
2023052301561,2023,052301561,2,2,2,1,60,9,3,0,0,1,0,0,9,1,E01006647,-1,0,0.06883,0.93117,-1,6,30,1,1,1,15:05,5,2,9
2023991263477,2023,991263477,1,2,2,1,19,4,2,0,0,2,0,0,9,5,-1,7,1,1.0,0.0,-1,6,60,1,1,2,12:15,7,3,9
2023131329183,2023,131329183,2,2,2,2,16,4,3,0,0,1,0,0,9,1,E01010677,3,1,0.0,1.0,-1,6,30,1,1,1,19:05,5,4,9
2023111330930,2023,111330930,1,2,2,1,19,4,3,0,0,-1,0,0,9,4,E01020607,3,1,0.0,1.0,-1,6,60,1,1,1,18:35,3,1,9
2023010428856,2023,010428856,1,1,1,1,79,11,3,0,0,0,0,0,9,9,E01004132,-1,0,0.0,1.0,-1,1,30,1,4,1,20:40,5,2,9
2023161368261,2023,161368261,3,1,2,1,16,4,3,0,0,1,0,0,9,4,E01011804,3,1,0.0,1.0,-1,6,60,8,6,2,17:00,1,3,9
2023201413574,2023,201413574,2,2,2,2,50,8,3,0,0,1,0,0,9,1,E01010084,3,1,0.0,1.0,-1,3,30,1,1,1,11:27,4,2,9
2023471350763,2023,471350763,1,1,1,1,77,11,3,0,0,0,0,0,9,9,E01021095,3,1,0.0,1.0,-1,6,30,1,1,1,16:43,7,2,9
2023421377890,2023,421377890,1,2,2,1,31,6,3,0,0,1,0,0,21,2,E01021872,3,1,0.0,1.0,-1,3,70,1,5,1,06:30,5,3,21
2023010461561,2023,010461561,1,1,1,1,54,8,3,0,0,0,0,0,1,4,E01002063,-1,0,0.0,1.0,-1,6,20,2,1,2,10:46,7,2,1
2023430031074,2023,430031074,1,1,1,1,25,5,3,0,0,0,0,0,4,6,E01016471,-1,0,0.13353,0.86647,-1,6,30,1,1,4,10:40,7,1,4
2023010425555,2023,010425555,1,1,1,1,46,8,3,0,0,0,0,0,9,3,E01003606,-1,0,0.0,1.0,-1,1,20,1,4,1,23:08,1,2,9
2023070190575,2023,070190575,2,1,2,2,50,8,3,0,0,1,0,0,9,1,E01011904,-1,0,0.01181,0.98819,-1,6,60,1,1,1,14:03,1,2,9
2023201400872,2023,201400872,2,1,1,1,35,6,3,0,0,0,0,0,9,7,E01009975,3,1,0.0,1.0,-1,6,30,1,1,1,13:10,7,2,9
2023461357324,2023,461357324,1,1,1,2,22,5,3,0,0,0,0,0,9,8,E01032818,3,1,0.0,1.0,-1,6,60,1,1,2,08:41,3,1,9
2023351330955,2023,351330955,1,1,1,1,43,7,3,0,0,0,0,0,90,2,E01018063,3,1,0.0,1.0,-1,6,30,1,1,1,13:46,4,2,90
2023010477372,2023,010477372,2,1,1,1,59,9,3,0,0,0,0,0,9,3,E01004303,-1,0,0.0,1.0,-1,6,20,1,4,1,15:30,7,2,9
2023991297011,2023,991297011,1,1,3,2,53,8,3,5,1,0,0,0,0,8,-1,3,1,0.0,1.0,-1,6,20,1,1,1,15:19,7,1,9
2023430061719,2023,430061719,2,1,1,1,-1,-1,3,0,0,0,0,0,1,1,E01016743,-1,0,0.16737,0.83263,-1,6,60,1,1,1,13:30,5,2,1
2023010453709,2023,010453709,1,1,1,2,38,7,3,0,0,0,0,0,9,3,E01001162,-1,0,0.0,1.0,-1,3,20,8,1,1,11:25,5,2,9
2023461354204,2023,461354204,1,1,2,1,75,10,3,0,0,1,0,0,9,5,E01024643,3,1,0.0,1.0,-1,6,30,1,1,1,17:03,6,1,9
2023991283815,2023,991283815,1,1,1,2,35,6,3,0,0,0,0,0,9,7,E01025279,3,1,0.0,1.0,-1,6,50,1,1,1,11:24,7,3,9
2023361321206,2023,361321206,2,1,1,1,20,4,3,0,0,0,0,0,3,4,E01026082,3,1,0.0,1.0,-1,6,30,1,1,1,16:30,3,2,3
2023131296759,2023,131296759,1,1,1,1,13,3,2,0,0,0,0,0,90,3,E01010747,7,1,1.0,0.0,-1,3,30,2,1,2,16:52,6,2,90
2023111383270,2023,111383270,2,1,1,1,46,8,3,0,0,0,0,0,9,4,E01020651,3,1,0.0,1.0,-1,6,30,1,1,4,07:50,4,2,9
2023221289863,2023,221289863,1,1,2,1,19,4,3,0,0,1,0,0,9,6,E01028857,3,1,0.0,1.0,-1,6,60,1,6,2,02:52,7,1,9
2023211383965,2023,211383965,3,4,2,1,20,4,3,0,0,-1,0,0,9,4,E01013635,3,1,0.0,1.0,-1,3,70,2,1,2,10:50,5,4,9
2023501382582,2023,501382582,2,1,1,1,31,6,3,0,0,0,0,0,1,2,E01015171,3,1,0.0,1.0,-1,6,30,2,4,2,20:00,2,2,1
2023221408129,2023,221408129,1,1,3,2,93,11,2,9,8,0,0,0,0,6,E01028868,7,1,1.0,0.0,-1,6,60,1,1,1,14:30,3,1,9
2023010461044,2023,010461044,1,1,1,1,14,3,3,0,0,0,0,0,1,1,E01002066,-1,0,0.0,1.0,-1,2,20,1,1,1,04:48,2,1,1
2023010466725,2023,010466725,1,1,1,1,48,8,3,0,0,0,0,0,1,4,E01023401,-1,0,0.0,1.0,-1,6,30,1,1,1,19:30,7,2,1
2023221295246,2023,221295246,2,1,1,1,62,9,3,0,0,0,0,0,1,7,E01014092,3,1,0.0,1.0,-1,6,30,1,1,1,19:30,5,2,1
2023471273960,2023,471273960,2,1,1,1,63,9,3,0,0,0,0,0,1,9,E01016940,3,1,0.0,1.0,-1,6,20,1,1,4,08:45,4,2,1
2023010427029,2023,010427029,1,1,1,1,30,6,3,0,0,0,0,0,8,4,E01016457,-1,0,0.0,1.0,-1,3,20,1,4,1,00:18,3,2,8
2023201276655,2023,201276655,2,1,2,2,-1,-1,3,0,0,1,0,0,9,1,E01029372,3,1,0.0,1.0,-1,6,30,1,1,1,16:51,5,2,9
2023221345020,2023,221345020,1,3,2,1,8,2,3,0,0,2,0,0,9,7,E01020360,3,1,0.0,1.0,-1,6,30,2,1,2,11:18,6,2,9
2023461380669,2023,461380669,2,1,1,2,33,6,3,0,0,0,0,0,9,7,E01016997,3,1,0.0,1.0,-1,1,40,2,4,2,01:44,1,2,9
2023471269776,2023,471269776,1,1,1,1,41,7,3,0,0,0,0,0,19,5,E01020921,3,1,0.0,1.0,-1,6,60,1,1,1,11:00,2,3,19
2023041368053,2023,041368053,2,1,1,1,61,9,3,0,0,0,0,0,1,5,E01025331,3,1,0.0,1.0,-1,6,30,1,1,1,15:07,4,2,1
2023010437713,2023,010437713,1,1,2,1,21,5,3,0,0,1,0,0,9,4,E01001497,-1,0,0.0,1.0,-1,6,20,1,1,1,15:50,1,4,9
2023421373621,2023,421373621,2,1,1,2,36,7,2,0,0,0,0,0,9,10,E01023451,6,1,1.0,0.0,-1,6,60,1,1,1,15:04,7,2,9
2023461392593,2023,461392593,2,1,1,1,47,8,3,0,0,0,0,0,9,3,E01023972,3,1,0.0,1.0,-1,6,30,1,1,1,15:40,2,2,9
2023052301592,2023,052301592,1,1,3,1,17,4,3,5,9,0,0,0,0,1,E01007121,-1,0,0.06491,0.93509,-1,6,30,1,1,1,12:00,1,1,9
2023440086882,2023,440086882,2,1,1,2,64,9,2,0,0,0,0,0,1,5,E01023251,-1,0,1.0,0.0,-1,1,30,1,1,1,11:15,6,2,1
2023501369613,2023,501369613,2,1,1,2,33,6,3,0,0,0,0,0,1,3,E01018888,3,1,0.0,1.0,-1,6,30,1,1,1,13:55,6,2,1
2023141319868,2023,141319868,1,1,1,1,-1,-1,3,0,0,0,0,0,9,9,E01027894,3,1,0.0,1.0,-1,6,60,1,1,1,16:48,6,2,9
2023361260278,2023,361260278,2,3,2,1,55,8,3,0,0,1,0,0,9,5,E01026905,3,1,0.0,1.0,-1,6,20,1,1,1,11:10,6,2,9
2023221362692,2023,221362692,2,1,1,1,37,7,2,0,0,0,0,0,21,5,E01028989,7,1,1.0,0.0,-1,1,60,1,1,1,13:27,6,2,21
2023320158002,2023,320158002,1,1,3,2,33,6,3,5,3,0,0,0,0,3,E01026146,-1,0,0.13267,0.86733,-1,3,30,1,1,1,08:30,4,1,9
2023401378062,2023,401378062,1,1,1,1,74,10,2,0,0,0,0,0,9,6,E01000479,5,1,1.0,0.0,-1,7,70,1,1,1,15:34,6,2,9
2023010431261,2023,010431261,1,1,2,2,59,9,3,0,0,0,4,0,11,3,E01003180,-1,0,0.0,1.0,-1,3,20,1,1,2,14:30,5,2,11
2023010428945,2023,010428945,1,1,3,1,54,8,3,9,9,0,0,0,0,4,E01002873,-1,0,0.0,1.0,-1,6,20,1,1,1,10:35,6,1,9
2023101266383,2023,101266383,1,1,2,1,17,4,3,0,0,1,0,0,9,8,E01027425,3,1,0.0,1.0,-1,3,70,1,1,1,14:55,7,2,9
2023302300367,2023,302300367,2,1,1,2,21,5,3,0,0,0,0,0,9,5,E01013551,-1,0,0.01624,0.98376,-1,6,30,1,4,1,20:05,6,2,9
2023471275011,2023,471275011,2,1,2,2,44,7,3,0,0,1,0,0,9,8,E01021172,3,1,0.0,1.0,-1,6,60,1,6,1,18:45,6,2,9
2023471385630,2023,471385630,1,1,3,1,70,10,3,10,5,0,0,0,0,7,E01031438,3,1,0.0,1.0,-1,3,20,1,1,1,14:45,6,1,9
2023501354745,2023,501354745,1,1,3,2,12,3,3,5,2,0,0,0,0,6,E01019016,3,1,0.0,1.0,-1,6,30,1,1,1,08:00,5,1,9
2023221346853,2023,221346853,2,1,1,1,48,8,3,0,0,0,0,0,1,-1,-1,3,1,0.0,1.0,-1,1,30,1,1,1,10:08,6,2,1
2023122300119,2023,122300119,2,2,1,1,41,7,3,0,0,0,0,0,9,9,E01027664,-1,0,0.05229,0.94771,-1,6,60,2,6,2,17:40,3,2,9
2023131300424,2023,131300424,1,1,2,2,20,4,3,0,0,1,0,0,9,1,E01011122,3,1,0.0,1.0,-1,6,30,1,1,1,17:00,2,2,9
2023161318721,2023,161318721,3,2,1,2,21,5,3,0,0,0,0,0,9,4,E01026081,3,1,0.0,1.0,-1,6,60,1,1,1,16:01,3,3,9
2023201306663,2023,201306663,2,2,2,2,26,6,3,0,0,1,0,0,9,7,E01029396,3,1,0.0,1.0,-1,6,30,1,1,1,16:57,6,2,9
2023351288903,2023,351288903,1,1,1,2,25,5,3,0,0,0,0,0,9,6,E01018131,3,1,0.0,1.0,-1,3,40,3,1,3,08:45,6,3,9
2023991280420,2023,991280420,2,1,2,2,53,8,3,0,0,1,0,0,9,1,-1,3,1,0.0,1.0,-1,3,70,1,1,1,14:20,6,2,9
2023101323000,2023,101323000,2,1,1,1,33,6,3,0,0,0,0,0,19,5,E01008329,3,1,0.0,1.0,-1,3,40,1,4,1,23:30,2,2,19
2023010469582,2023,010469582,1,1,3,2,8,2,3,1,3,0,0,0,0,9,E01033101,-1,0,0.0,1.0,-1,1,20,1,1,1,15:38,2,1,9
2023131348749,2023,131348749,2,1,1,1,10,2,3,0,0,0,0,0,1,1,E01011059,3,1,0.0,1.0,-1,6,30,1,1,1,17:05,2,2,1
2023010472501,2023,010472501,1,1,1,1,31,6,3,0,0,0,0,0,3,5,E01000779,-1,0,0.0,1.0,-1,9,30,9,1,9,17:10,2,2,3
2023010470635,2023,010470635,2,1,1,1,42,7,3,0,0,0,0,0,9,5,E01002374,-1,0,0.0,1.0,-1,3,20,1,1,1,17:52,7,2,9
2023122300617,2023,122300617,1,12,2,2,23,5,3,0,0,2,0,0,9,8,E01027877,-1,0,0.05612,0.94388,-1,6,50,2,1,2,18:00,6,4,9
2023451286289,2023,451286289,2,1,1,1,61,9,3,0,0,0,0,0,9,10,E01030773,3,1,0.0,1.0,-1,6,30,2,5,2,17:15,2,2,9
2023101353085,2023,101353085,1,1,1,1,-1,-1,3,0,0,0,0,0,1,-1,-1,3,1,0.0,1.0,-1,6,30,1,1,1,12:20,5,2,1
2023010484326,2023,010484326,1,1,1,1,60,9,3,0,0,0,0,0,9,-1,-1,-1,0,0.0,1.0,-1,6,30,2,4,1,00:53,7,1,9
2023010485981,2023,010485981,1,1,1,1,79,11,3,0,0,0,0,0,9,7,E01017416,-1,0,0.0,1.0,-1,6,30,1,4,2,21:08,2,3,9
2023461260962,2023,461260962,2,1,1,1,34,6,3,0,0,0,0,0,9,4,E01024561,3,1,0.0,1.0,-1,6,30,5,6,2,07:10,4,2,9
2023471357083,2023,471357083,1,1,1,1,30,6,3,0,0,0,0,0,9,10,E01031666,3,1,0.0,1.0,-1,6,30,1,4,1,01:38,5,2,9
2023522301481,2023,522301481,1,1,1,2,52,8,3,0,0,0,0,0,9,4,E01014946,-1,0,0.01562,0.98438,-1,3,40,1,1,1,11:39,1,2,9
2023010470415,2023,010470415,1,1,1,-1,31,6,3,0,0,0,0,0,3,5,E01000211,-1,0,0.0,1.0,-1,6,20,9,1,9,15:50,5,2,3
2023991358186,2023,991358186,1,1,3,2,69,10,2,6,9,0,0,0,0,-1,-1,7,1,1.0,0.0,-1,6,20,1,1,1,14:00,2,1,1
2023010444294,2023,010444294,1,1,3,2,20,4,2,1,9,0,0,0,0,5,E01003080,-1,0,1.0,0.0,-1,9,30,9,4,9,01:00,7,1,9
2023061325776,2023,061325776,2,1,1,1,63,9,2,0,0,0,0,0,1,2,E01006405,5,1,1.0,0.0,-1,3,40,1,1,1,18:40,5,2,1
2023501329531,2023,501329531,2,2,1,2,34,6,2,0,0,0,0,0,9,8,E01018855,7,1,1.0,0.0,-1,6,60,1,1,2,15:45,6,2,9
2023501395910,2023,501395910,1,2,2,2,41,7,3,0,0,2,0,0,9,3,E01020229,3,1,0.0,1.0,-1,6,60,2,1,2,12:17,1,1,9
2023201343461,2023,201343461,1,1,2,1,34,6,2,0,0,2,0,0,9,-1,-1,7,1,1.0,0.0,-1,3,60,2,4,2,22:53,6,1,9
2023471392152,2023,471392152,2,2,1,1,26,6,3,0,0,0,0,0,9,5,E01031577,3,1,0.0,1.0,-1,6,30,2,4,2,22:15,2,6,9
2023610009823,2023,610009823,2,2,1,1,34,6,3,0,0,1,0,0,19,6,E01022264,-1,0,0.02197,0.97803,-1,6,30,1,1,1,08:45,3,2,19
2023010455114,2023,010455114,1,2,3,1,49,8,3,6,9,0,0,0,0,4,E01004172,-1,0,0.0,1.0,-1,6,30,2,1,2,09:37,6,1,9
2023501284623,2023,501284623,2,1,1,1,14,3,3,0,0,0,0,0,1,1,E01015217,3,1,0.0,1.0,-1,6,30,9,1,1,15:50,4,2,1
2023122301078,2023,122301078,2,3,2,2,73,10,3,0,0,1,0,0,9,4,E01012947,-1,0,0.12562,0.87438,-1,6,60,1,6,1,22:02,2,2,9
2023131344668,2023,131344668,2,1,1,2,54,8,3,0,0,0,0,0,9,6,E01010882,3,1,0.0,1.0,-1,6,30,1,1,1,08:20,4,2,9
2023141331016,2023,141331016,1,2,2,1,48,8,3,0,0,1,0,0,9,4,E01008031,3,1,0.0,1.0,-1,3,50,8,1,2,11:53,4,2,9
2023201279064,2023,201279064,2,1,1,1,-1,-1,3,0,0,0,0,0,9,1,E01009404,3,1,0.0,1.0,-1,6,30,1,1,1,11:20,4,2,9
2023201314982,2023,201314982,1,1,1,2,41,7,3,0,0,0,0,0,9,6,E01009847,3,1,0.0,1.0,-1,6,30,1,1,1,18:57,6,2,9