collision_index,collision_year,collision_ref_no,vehicle_reference,casualty_reference,casualty_class,sex_of_casualty,age_of_casualty,age_band_of_casualty,casualty_severity,pedestrian_location,pedestrian_movement,car_passenger,bus_or_coach_passenger,pedestrian_road_maintenance_worker,casualty_type,casualty_imd_decile,lsoa_of_casualty,enhanced_casualty_severity,casualty_injury_based,casualty_adjusted_severity_serious,casualty_adjusted_severity_slight,casualty_distance_banding,road_type,speed_limit,weather_conditions,light_conditions,road_surface_conditions,time,day_of_week,number_of_vehicles,vehicle_type
2023061297026,2023,061297026,1,2,1,2,35,6,3,0,0,0,0,0,9,4,E01006280,3,1,0.0,1.0,-1,6,30,1,1,1,13:45,7,2,9
2023131284690,2023,131284690,2,2,2,1,70,10,3,0,0,1,0,0,9,1,E01010868,3,1,0.0,1.0,-1,3,40,2,4,2,23:10,4,2,9
2023501361223,2023,501361223,2,3,1,2,41,7,3,0,0,0,0,0,9,5,E01018847,3,1,0.0,1.0,-1,6,60,1,1,1,14:46,1,2,9
2023991283595,2023,991283595,2,1,1,1,33,6,3,0,0,0,0,0,9,5,-1,3,1,0.0,1.0,-1,6,30,1,1,1,14:00,4,3,9
2023141320466,2023,141320466,2,1,2,2,59,9,3,0,0,1,0,0,9,9,E01019779,3,1,0.0,1.0,-1,3,40,1,1,1,15:09,2,2,9
2023201289873,2023,201289873,2,1,1,1,25,5,3,0,0,0,0,0,9,4,E01010353,3,1,0.0,1.0,-1,6,30,9,4,1,19:30,2,2,9
2023501292937,2023,501292937,1,3,2,1,28,6,3,0,0,0,4,0,11,3,E01018793,3,1,0.0,1.0,-1,3,30,1,1,1,17:45,2,2,11
2023161390025,2023,161390025,2,1,1,1,24,5,3,0,0,0,0,0,1,1,E01012915,3,1,0.0,1.0,-1,6,30,1,4,1,18:45,5,2,1
2023010456325,2023,010456325,1,1,1,2,41,7,3,0,0,0,0,0,9,2,E01021316,-1,0,0.0,1.0,-1,9,40,8,1,1,17:00,3,2,9
2023010462367,2023,010462367,2,2,2,1,16,4,3,0,0,0,0,0,3,3,E01004184,-1,0,0.0,1.0,-1,6,30,1,4,1,23:30,5,2,3
2023010467150,2023,010467150,1,1,1,2,41,7,3,0,0,0,0,0,3,8,E01030393,-1,0,0.0,1.0,-1,6,30,9,1,9,11:40,3,2,3
2023010428775,2023,010428775,1,1,1,1,25,5,3,0,0,0,0,0,9,8,E01022622,-1,0,0.0,1.0,-1,1,40,8,4,1,18:20,3,2,9
2023430345810,2023,430345810,1,1,1,2,34,6,3,0,0,0,0,0,9,10,E01016182,-1,0,0.00392,0.99608,-1,6,40,1,1,1,17:25,5,2,9
2023010438687,2023,010438687,1,1,1,2,38,7,3,0,0,0,0,0,3,8,E01004593,-1,0,0.0,1.0,-1,6,20,1,1,1,16:30,6,2,3
2023501354929,2023,501354929,1,1,1,1,35,6,3,0,0,0,0,0,4,-1,-1,3,1,0.0,1.0,-1,3,40,1,1,2,07:30,5,2,4
2023061314633,2023,061314633,2,2,2,1,19,4,3,0,0,1,0,0,9,2,E01006352,3,1,0.0,1.0,-1,6,20,1,4,1,21:28,7,3,9
2023340NN0782,2023,340NN0782,1,1,1,2,45,7,3,0,0,0,0,0,9,3,E01027060,-1,0,0.02922,0.97078,-1,6,30,3,1,2,09:20,4,2,9
2023610009423,2023,610009423,2,1,1,1,40,7,3,0,0,1,0,0,9,8,W01001672,-1,0,0.04606,0.95394,-1,6,30,1,1,1,13:19,3,2,9
2023991334111,2023,991334111,2,4,1,2,71,10,2,0,0,0,0,0,9,-1,-1,5,1,1.0,0.0,-1,6,40,2,1,2,15:45,5,2,9
2023041300233,2023,041300233,1,2,2,2,2,1,2,0,0,0,-1,0,11,5,E01024998,7,1,1.0,0.0,-1,6,40,1,1,1,10:05,4,1,11
2023211380586,2023,211380586,2,1,1,2,42,7,3,0,0,0,0,0,9,7,E01029732,3,1,0.0,1.0,-1,6,30,1,4,1,17:25,2,2,9
2023340WN3652,2023,340WN3652,2,5,1,1,45,7,3,0,0,0,0,0,9,8,E01027211,-1,0,0.1204,0.8796,-1,6,60,1,1,1,14:30,2,2,9
2023101343506,2023,101343506,1,1,1,1,32,6,2,0,0,0,0,0,1,10,E01027513,7,1,1.0,0.0,-1,6,60,1,6,1,23:19,7,1,1
2023131392090,2023,131392090,2,1,1,1,34,6,3,0,0,0,0,0,9,1,E01011918,3,1,0.0,1.0,-1,6,30,5,7,2,18:50,6,2,9
2023302301017,2023,302301017,2,2,1,2,27,6,3,0,0,0,0,0,9,9,E01028408,-1,0,0.08048,0.91952,-1,6,40,2,1,2,15:45,3,2,9
2023461336961,2023,461336961,1,1,1,1,17,4,3,0,0,0,0,0,9,8,E01032818,3,1,0.0,1.0,-1,3,70,1,1,1,18:02,2,2,9
2023351347160,2023,351347160,2,3,2,2,8,2,3,0,0,0,4,0,11,6,E01018016,3,1,0.0,1.0,-1,6,60,1,1,1,15:15,2,2,11
2023361355991,2023,361355991,2,1,1,1,66,10,2,0,0,0,0,0,9,4,E01026841,7,1,1.0,0.0,-1,6,60,1,1,1,14:59,6,3,9
2023161361273,2023,161361273,2,2,2,2,19,4,2,0,0,1,0,0,9,1,E01012782,7,1,1.0,0.0,-1,3,30,1,4,1,19:19,2,2,9
2023471273500,2023,471273500,2,1,1,1,45,7,3,0,0,0,0,0,3,3,E01016881,3,1,0.0,1.0,-1,6,40,1,4,1,19:50,7,2,3
2023320716569,2023,320716569,2,1,1,1,18,4,3,0,0,0,0,0,2,4,E01026019,-1,0,0.05399,0.94601,-1,6,30,1,1,2,08:30,4,2,2
2023421363629,2023,421363629,2,1,1,1,62,9,3,0,0,0,0,0,5,5,E01021422,3,1,0.0,1.0,-1,6,60,9,1,1,12:02,7,2,5
2023332300111,2023,332300111,1,1,3,2,21,5,3,5,3,0,0,0,0,3,E01032868,-1,0,0.05923,0.94077,-1,2,20,1,4,1,23:25,7,1,9
2023451299685,2023,451299685,1,1,3,1,49,8,3,10,9,0,0,2,0,8,E01030347,3,1,0.0,1.0,-1,6,30,1,4,1,23:40,7,1,9
2023122300674,2023,122300674,1,1,1,1,35,6,3,0,0,0,0,0,1,5,E01013446,-1,0,0.07505,0.92495,-1,6,30,1,1,1,15:06,4,2,1
2023421274020,2023,421274020,1,1,1,1,57,9,2,0,0,0,0,0,1,5,E01021487,7,1,1.0,0.0,-1,1,30,1,4,1,18:40,6,1,1
2023430511431,2023,430511431,2,1,1,2,-1,-1,3,0,0,0,0,0,1,-1,-1,-1,0,0.0388,0.9612,-1,3,30,1,4,1,17:15,2,2,1
2023522301810,2023,522301810,1,1,1,1,27,6,3,0,0,0,0,0,3,7,E01014856,-1,0,0.15832,0.84168,-1,6,40,1,1,1,19:19,5,2,3
2023131309796,2023,131309796,2,1,1,2,42,7,3,0,0,0,0,0,9,8,E01011579,3,1,0.0,1.0,-1,6,60,1,1,1,15:40,1,2,9
2023501329271,2023,501329271,2,1,1,2,53,8,3,0,0,0,0,0,9,4,E01020097,3,1,0.0,1.0,-1,6,60,1,1,2,10:52,7,2,9
2023991392865,2023,991392865,2,1,2,1,27,6,3,0,0,1,0,0,9,10,-1,3,1,0.0,1.0,-1,6,30,2,4,2,20:40,5,2,9
2023010478870,2023,010478870,1,1,1,2,34,6,3,0,0,0,0,0,9,5,E01002319,-1,0,0.0,1.0,-1,6,30,1,4,2,03:08,1,4,9
2023101265161,2023,101265161,2,2,1,2,29,6,3,0,0,0,0,0,9,-1,-1,3,1,0.0,1.0,-1,3,70,1,4,1,20:31,4,3,9
2023231368907,2023,231368907,1,1,1,1,65,9,3,0,0,0,0,0,9,5,E01031401,3,1,0.0,1.0,-1,6,50,1,1,1,10:20,6,2,9
2023991390281,2023,991390281,2,3,2,2,64,9,2,0,0,1,0,0,9,10,-1,7,1,1.0,0.0,-1,6,60,5,1,2,09:30,2,2,9
2023010479552,2023,010479552,1,1,3,1,43,7,3,1,3,0,0,0,0,9,E01023490,-1,0,0.0,1.0,-1,2,30,1,4,1,18:00,4,1,9
2023010457794,2023,010457794,2,1,1,1,58,9,3,0,0,0,0,0,1,2,E01001849,-1,0,0.0,1.0,-1,6,20,1,4,1,21:27,6,2,1
202354B372423,2023,54B372423,1,1,1,2,32,6,3,0,0,0,0,0,3,5,E01032716,-1,0,0.06785,0.93215,-1,1,40,2,1,2,08:46,6,1,3
2023221332567,2023,221332567,1,3,1,1,70,10,3,0,0,0,0,0,9,-1,-1,3,1,0.0,1.0,-1,6,60,2,1,2,11:50,7,2,9
2023451294421,2023,451294421,1,1,1,2,35,6,3,0,0,0,0,0,9,10,E01030790,3,1,0.0,1.0,-1,3,50,1,1,1,15:50,4,2,9
2023531346935,2023,531346935,2,2,1,2,36,7,3,0,0,0,0,0,9,8,E01022257,3,1,0.0,1.0,-1,6,20,1,1,1,08:50,4,2,9
2023371281392,2023,371281392,2,1,1,1,39,7,2,0,0,0,0,0,3,3,E01030262,7,1,1.0,0.0,-1,6,30,1,4,1,06:45,5,2,3
2023010480739,2023,010480739,1,1,1,2,28,6,3,0,0,0,0,0,9,1,E01004449,-1,0,0.0,1.0,-1,9,20,1,1,2,08:30,3,2,9
2023041330776,2023,041330776,1,2,2,1,17,4,3,0,0,1,0,0,9,7,E01025585,3,1,0.0,1.0,-1,3,70,2,1,2,19:50,3,1,9
2023131266320,2023,131266320,1,1,3,1,65,9,3,5,1,0,0,2,0,1,E01010965,3,1,0.0,1.0,-1,6,20,1,1,4,13:05,7,1,9
2023070432857,2023,070432857,1,1,1,1,80,11,2,0,0,0,0,0,9,9,E01018601,-1,0,1.0,0.0,-1,3,70,1,1,1,17:42,1,1,9
2023161392587,2023,161392587,1,1,1,1,31,6,3,0,0,0,0,0,9,6,E01012818,3,1,0.0,1.0,-1,6,30,1,4,2,22:35,4,2,9
2023411291617,2023,411291617,1,1,1,2,56,9,3,0,0,0,0,0,9,3,E01023954,3,1,0.0,1.0,-1,1,30,1,4,1,17:50,2,2,9
2023421350109,2023,421350109,1,1,1,1,56,9,3,0,0,0,0,0,9,3,E01021842,3,1,0.0,1.0,-1,6,30,1,1,1,16:34,5,2,9
2023451327283,2023,451327283,1,1,1,1,29,6,3,0,0,0,0,0,9,9,E01030582,3,1,0.0,1.0,-1,6,30,2,5,2,13:55,7,1,9
2023461353917,2023,461353917,1,1,1,1,77,11,3,0,0,0,0,0,9,4,E01016070,3,1,0.0,1.0,-1,6,40,1,1,1,13:40,6,3,9
2023471330701,2023,471330701,2,1,1,1,31,6,3,0,0,0,0,0,19,6,E01031557,3,1,0.0,1.0,-1,3,70,1,1,1,08:22,5,2,19
2023052301284,2023,052301284,2,1,3,1,25,5,2,9,5,0,0,0,0,2,E01006523,-1,0,1.0,0.0,-1,3,30,1,1,1,19:00,6,2,9
2023010439099,2023,010439099,1,3,1,1,24,5,3,0,0,0,0,0,1,2,E01003057,-1,0,0.0,1.0,-1,6,20,1,1,1,08:33,2,1,1
2023111302081,2023,111302081,1,2,1,1,50,8,3,0,0,0,0,0,9,3,E01020811,3,1,0.0,1.0,-1,6,60,1,1,1,16:35,3,2,9
2023221397311,2023,221397311,1,1,1,2,18,4,3,0,0,0,0,0,9,10,E01028831,3,1,0.0,1.0,-1,6,60,2,6,2,01:49,5,1,9
2023340WN1942,2023,340WN1942,2,1,1,2,33,6,3,0,0,0,0,0,9,-1,-1,-1,0,0.01766,0.98234,-1,3,70,2,4,2,21:14,7,2,9
2023411382894,2023,411382894,2,1,1,-1,27,6,3,0,0,0,0,0,9,3,E01015701,3,1,0.0,1.0,-1,3,70,1,4,1,19:20,5,3,9
2023471312409,2023,471312409,2,1,1,1,42,7,3,0,0,0,0,0,1,3,E01031559,3,1,0.0,1.0,-1,3,50,1,1,1,16:40,1,2,1
2023320345615,2023,320345615,2,1,1,1,19,4,3,0,0,0,0,0,3,3,E01026124,-1,0,0.11267,0.88733,-1,6,30,1,1,1,12:36,3,2,3
2023411362002,2023,411362002,2,1,1,1,54,8,3,0,0,0,0,0,3,9,E01023740,3,1,0.0,1.0,-1,1,30,1,5,1,19:45,7,2,3
2023440190259,2023,440190259,1,1,1,2,28,6,3,0,0,0,0,0,3,2,E01017169,-1,0,0.14832,0.85168,-1,2,30,1,1,1,07:29,2,1,3
2023461357096,2023,461357096,1,1,1,2,72,10,2,0,0,0,0,0,9,10,E01016085,6,1,1.0,0.0,-1,3,70,1,1,1,16:15,2,1,9
2023631324674,2023,631324674,1,1,1,2,44,7,3,0,0,0,0,0,9,7,W01000532,3,1,0.0,1.0,-1,6,60,1,1,2,10:00,6,3,9
2023320190455,2023,320190455,1,1,3,2,5,1,3,6,9,0,0,0,0,2,E01026156,-1,0,0.05385,0.94615,-1,6,30,1,1,1,08:30,4,1,22
2023622300468,2023,622300468,2,2,1,1,26,6,3,0,0,0,0,0,1,9,W01000825,-1,0,0.0448,0.9552,-1,6,30,1,1,1,09:45,3,2,1
2023010456910,2023,010456910,1,1,1,1,34,6,3,0,0,0,0,0,3,3,E01002847,-1,0,0.0,1.0,-1,6,30,2,1,2,16:35,7,2,3
2023010482687,2023,010482687,1,1,1,1,28,6,3,0,0,0,0,0,3,3,E01000718,-1,0,0.0,1.0,-1,6,20,1,4,1,17:45,5,2,3
2023010442585,2023,010442585,1,1,1,2,32,6,3,0,0,0,0,0,9,1,E01000602,-1,0,0.0,1.0,-1,7,20,1,1,1,15:38,6,2,9
2023421291742,2023,421291742,2,1,1,1,24,5,3,0,0,0,0,0,9,4,E01021829,3,1,0.0,1.0,-1,6,40,1,1,2,07:50,4,3,9
2023501329690,2023,501329690,1,1,1,1,63,9,3,0,0,0,0,0,9,4,E01020289,3,1,0.0,1.0,-1,6,60,2,1,2,10:46,7,2,9
2023041348037,2023,041348037,2,1,1,1,42,7,3,0,0,0,0,0,1,1,E01012619,3,1,0.0,1.0,-1,3,30,1,1,1,13:00,2,2,1
2023430173398,2023,430173398,2,1,1,2,59,9,3,0,0,0,0,0,1,4,E01028574,-1,0,0.10619,0.89381,-1,6,20,1,1,1,13:52,6,2,1
2023991258750,2023,991258750,1,1,3,1,41,7,2,8,7,0,0,2,0,-1,-1,7,1,1.0,0.0,-1,6,60,1,6,1,20:50,1,1,9
2023440200331,2023,440200331,2,1,1,1,15,3,3,0,0,0,0,0,1,7,E01023116,-1,0,0.07034,0.92966,-1,6,40,1,1,1,19:20,7,2,1
2023010423793,2023,010423793,1,1,1,1,23,5,3,0,0,0,0,0,3,2,E01000141,-1,0,0.0,1.0,-1,6,30,1,1,1,13:15,2,2,3
2023010434652,2023,010434652,1,1,1,1,29,6,3,0,0,0,0,0,5,3,E01001318,-1,0,0.0,1.0,-1,3,20,2,1,2,08:50,3,1,5
2023451311949,2023,451311949,1,1,1,1,62,9,3,0,0,0,0,0,9,10,E01030584,3,1,0.0,1.0,-1,6,50,1,1,1,15:35,6,2,9
2023111388791,2023,111388791,2,2,1,1,28,6,3,0,0,0,0,0,11,1,E01008793,3,1,0.0,1.0,-1,6,60,1,6,1,17:20,2,2,11
2023231369645,2023,231369645,1,1,1,1,43,7,3,0,0,0,0,0,19,7,E01031164,3,1,0.0,1.0,-1,6,40,1,1,1,17:08,6,1,19
2023401306572,2023,401306572,1,1,3,1,53,8,3,1,1,0,0,0,0,2,E01015754,3,1,0.0,1.0,-1,6,20,1,1,1,17:37,2,1,11
2023451373086,2023,451373086,1,1,1,1,24,5,2,0,0,0,0,0,5,9,E01022555,6,1,1.0,0.0,-1,7,70,2,1,2,07:30,6,1,5
2023461305587,2023,461305587,1,1,1,2,18,4,3,0,0,0,0,0,9,7,E01024333,3,1,0.0,1.0,-1,6,30,1,4,1,21:29,6,1,9
2023010424660,2023,010424660,1,1,2,2,24,5,3,0,0,2,0,0,9,7,E01002341,-1,0,0.0,1.0,-1,3,30,9,4,2,06:06,4,1,9
2023070047649,2023,070047649,1,2,2,1,14,3,3,0,0,1,0,0,9,-1,-1,-1,0,0.07119,0.92881,-1,3,60,3,5,4,21:21,2,2,9
2023361353145,2023,361353145,2,2,2,2,80,11,2,0,0,1,0,0,9,3,E01018094,6,1,1.0,0.0,-1,6,60,1,1,1,17:15,7,2,9
2023401356770,2023,401356770,2,1,1,1,41,7,2,0,0,0,0,0,9,9,E01027325,7,1,1.0,0.0,-1,6,20,1,6,1,05:00,2,2,9
2023401390018,2023,401390018,1,1,1,2,58,9,3,0,0,0,0,0,9,9,E01017372,3,1,0.0,1.0,-1,6,60,2,1,2,09:34,3,2,9
2023371343526,2023,371343526,1,2,2,2,11,3,3,0,0,0,0,0,19,9,E01030190,3,1,0.0,1.0,-1,6,30,1,1,1,17:40,5,2,19
2023170M10813,2023,170M10813,2,1,1,1,10,2,3,0,0,0,0,0,-1,5,E01012054,-1,0,0.06911,0.93089,-1,6,30,1,1,1,17:00,6,2,-1
2023411393008,2023,411393008,1,1,3,2,37,7,3,10,9,0,0,0,0,10,E01023441,3,1,0.0,1.0,-1,6,30,1,1,2,12:05,6,1,21
2023052302307,2023,052302307,2,1,1,1,55,8,3,0,0,0,0,0,1,-1,-1,-1,0,0.08509,0.91491,-1,6,30,1,1,1,17:00,4,2,1
2023461276877,2023,461276877,2,1,1,1,32,6,3,0,0,0,0,0,3,6,E01024180,3,1,0.0,1.0,-1,6,30,1,1,1,12:31,5,2,3
2023141292586,2023,141292586,1,1,1,2,39,7,3,0,0,0,0,0,9,2,E01007784,3,1,0.0,1.0,-1,6,30,2,1,2,13:50,6,2,9
202363A014523,2023,63A014523,2,1,1,1,27,6,3,0,0,0,0,0,9,3,W01000711,-1,0,0.02848,0.97152,-1,6,20,1,1,2,16:42,5,2,9
2023531345803,2023,531345803,2,1,1,2,29,6,3,0,0,0,0,0,9,7,E01022416,3,1,0.0,1.0,-1,6,30,1,1,1,09:56,7,2,9
2023430214771,2023,430214771,1,1,1,1,20,4,3,0,0,0,0,0,3,9,E01016540,-1,0,0.02687,0.97313,-1,1,30,8,1,1,13:15,3,2,3
2023549291223,2023,549291223,2,2,1,1,51,8,2,0,0,0,0,0,9,7,E01013307,-1,0,1.0,0.0,-1,6,60,1,1,1,14:25,1,2,9
2023201287881,2023,201287881,2,1,1,1,39,7,3,0,0,0,0,0,9,7,E01009039,3,1,0.0,1.0,-1,6,30,1,4,2,18:45,7,2,9
2023010461761,2023,010461761,1,1,1,1,45,7,3,0,0,0,0,0,9,1,E01001732,-1,0,0.0,1.0,-1,9,20,5,1,1,17:00,2,2,9
2023061304764,2023,061304764,1,3,1,1,33,6,3,0,0,0,0,0,9,-1,-1,3,1,0.0,1.0,-1,3,30,1,1,1,16:30,6,1,9
2023401362447,2023,401362447,2,1,1,2,25,5,2,0,0,0,0,0,9,8,E01017591,7,1,1.0,0.0,-1,6,40,1,1,1,17:43,3,2,9
2023411356788,2023,411356788,2,1,1,2,57,9,3,0,0,0,0,0,9,8,E01017444,3,1,0.0,1.0,-1,6,60,1,1,1,08:45,5,3,9
2023991312433,2023,991312433,2,3,2,1,10,2,3,0,0,2,0,0,9,-1,-1,3,1,0.0,1.0,-1,6,30,1,1,1,19:00,1,2,9
2023010455173,2023,010455173,1,1,1,1,22,5,3,0,0,0,0,0,3,2,E01002049,-1,0,0.0,1.0,-1,9,30,1,1,1,16:30,5,2,3
2023010450219,2023,010450219,1,1,3,1,58,9,3,10,9,0,0,0,0,3,E01004063,-1,0,0.0,1.0,-1,9,20,9,7,9,15:18,4,1,19
2023052300700,2023,052300700,1,1,3,2,22,5,3,9,8,0,0,0,0,1,E01006720,-1,0,0.16826,0.83174,-1,6,20,1,4,1,00:10,1,1,10
2023451265059,2023,451265059,1,1,3,2,19,4,3,6,9,0,0,0,0,9,E01030672,3,1,0.0,1.0,-1,3,40,1,1,2,16:25,7,1,9
2023010471126,2023,010471126,1,1,1,1,31,6,3,0,0,0,0,0,3,5,E01004494,-1,0,0.0,1.0,-1,9,20,1,1,1,17:15,2,2,3
2023451284805,2023,451284805,1,1,3,2,19,4,3,1,3,0,0,0,0,6,E01030411,3,1,0.0,1.0,-1,6,30,2,1,2,16:50,4,1,9
2023522301027,2023,522301027,1,1,3,1,40,7,3,5,4,0,0,0,0,7,E01014562,-1,0,0.13102,0.86898,-1,3,30,1,4,1,19:38,4,1,9
2023061351891,2023,061351891,2,1,1,1,32,6,3,0,0,0,0,0,3,3,E01019730,3,1,0.0,1.0,-1,6,30,1,1,1,16:55,6,2,3
2023440238222,2023,440238222,1,1,2,2,47,8,2,0,0,1,0,0,9,2,E01017276,-1,0,1.0,0.0,-1,6,30,1,4,1,22:48,5,1,9
2023991334748,2023,991334748,3,2,1,1,39,7,3,0,0,0,0,0,9,1,-1,3,1,0.0,1.0,-1,6,40,2,1,2,18:14,7,3,9
2023991355678,2023,991355678,2,1,1,1,27,6,3,0,0,0,0,0,9,3,-1,3,1,0.0,1.0,-1,6,30,1,1,1,15:00,7,2,9
2023010470219,2023,010470219,2,2,1,1,61,9,2,0,0,0,0,0,19,3,E01002932,-1,0,1.0,0.0,-1,6,20,1,4,1,19:01,5,2,19
2023302301513,2023,302301513,1,1,1,1,56,9,3,0,0,0,0,0,19,2,E01028053,-1,0,0.01743,0.98257,-1,6,30,2,1,2,15:55,2,2,19
2023131408007,2023,131408007,1,1,3,1,64,9,2,5,3,0,0,2,0,3,E01011482,7,1,1.0,0.0,-1,6,30,1,1,1,13:00,7,1,9
2023141372250,2023,141372250,1,1,3,1,14,3,3,1,3,0,0,0,0,3,E01007510,3,1,0.0,1.0,-1,6,30,1,1,2,14:36,3,1,9
2023340WN3032,2023,340WN3032,2,2,1,2,38,7,3,0,0,0,0,0,9,4,E01027252,-1,0,0.06562,0.93438,-1,6,60,1,1,1,13:30,6,2,9
2023371303250,2023,371303250,1,1,1,2,81,11,2,0,0,0,0,0,9,9,E01030116,5,1,1.0,0.0,-1,6,30,1,1,1,18:20,3,1,9
2023421318768,2023,421318768,2,4,1,1,43,7,3,0,0,0,0,0,9,10,E01021431,3,1,0.0,1.0,-1,6,30,1,6,1,22:25,4,2,9
2023461379988,2023,461379988,2,1,2,2,16,4,3,0,0,2,0,0,9,9,E01024450,3,1,0.0,1.0,-1,6,40,2,6,2,16:00,5,2,9
2023471357240,2023,471357240,2,1,1,1,41,7,3,0,0,0,0,0,3,9,E01031691,3,1,0.0,1.0,-1,6,30,1,1,1,09:01,2,2,3
2023131276652,2023,131276652,1,1,3,2,4,1,3,5,4,0,0,2,0,1,E01011081,3,1,0.0,1.0,-1,6,30,1,1,1,17:20,3,1,9
2023141316360,2023,141316360,1,1,3,2,23,5,2,10,9,0,0,0,0,-1,-1,7,1,1.0,0.0,-1,6,30,1,1,1,13:15,1,1,9
2023340NN1492,2023,340NN1492,2,1,1,1,40,7,3,0,0,0,0,0,-1,7,E01026978,-1,0,0.1485,0.8515,-1,6,40,1,1,1,06:15,5,2,-1
2023041392901,2023,041392901,1,2,3,1,10,2,3,5,1,0,0,0,0,2,E01012605,3,1,0.0,1.0,-1,6,30,2,7,2,22:20,5,1,9
2023201381439,2023,201381439,1,1,3,1,34,6,3,5,1,0,0,2,0,1,E01009572,3,1,0.0,1.0,-1,6,30,1,1,2,11:25,1,1,19
2023010430749,2023,010430749,1,2,2,1,27,6,3,0,0,2,0,0,9,3,E01004045,-1,0,0.0,1.0,-1,6,20,1,4,2,23:26,2,2,9
2023141262733,2023,141262733,1,2,2,1,6,2,3,0,0,1,0,0,9,6,E01008128,3,1,0.0,1.0,-1,6,60,2,1,5,15:50,4,1,9
2023361360645,2023,361360645,2,1,1,1,56,9,3,0,0,0,0,0,9,4,E01026660,3,1,0.0,1.0,-1,6,30,1,4,1,20:00,6,2,9
2023010461497,2023,010461497,1,1,2,2,19,4,3,0,0,2,0,0,8,-1,-1,-1,0,0.0,1.0,-1,6,30,9,4,1,02:30,1,2,8
2023471268992,2023,471268992,1,2,2,1,17,4,3,0,0,1,0,0,9,3,E01016922,3,1,0.0,1.0,-1,6,60,1,6,4,21:12,6,1,9
2023991318439,2023,991318439,1,1,1,1,49,8,3,0,0,0,0,0,9,-1,-1,3,1,0.0,1.0,-1,3,20,1,1,1,09:15,4,2,9
2023131288762,2023,131288762,1,1,3,2,14,3,2,5,1,0,0,2,0,1,E01010620,7,1,1.0,0.0,-1,6,30,1,1,1,15:40,2,1,9
2023430247648,2023,430247648,2,1,1,1,24,5,2,0,0,0,0,0,3,-1,-1,-1,0,1.0,0.0,-1,6,30,1,1,1,08:20,3,2,3
2023010434725,2023,010434725,1,1,1,1,39,7,3,0,0,0,0,0,9,6,E01002005,-1,0,0.0,1.0,-1,6,20,2,1,2,07:35,3,2,9
2023501285730,2023,501285730,1,1,1,1,50,8,3,0,0,0,0,0,9,7,E01029267,3,1,0.0,1.0,-1,6,40,1,1,2,14:38,7,2,9
2023631347611,2023,631347611,2,2,2,2,48,8,3,0,0,1,0,0,9,5,W01000427,3,1,0.0,1.0,-1,6,60,1,1,1,12:30,6,2,9
2023201393066,2023,201393066,1,1,3,1,33,6,3,5,1,0,0,2,0,3,E01009619,3,1,0.0,1.0,-1,6,30,2,4,2,23:15,7,1,9
2023520400326,2023,520400326,1,1,3,2,46,8,3,9,7,0,0,0,0,6,E01029121,-1,0,0.03342,0.96658,-1,6,20,4,1,1,14:35,1,1,9
2023211378681,2023,211378681,2,1,1,1,51,8,3,0,0,0,0,0,2,9,E01019430,3,1,0.0,1.0,-1,3,70,1,6,1,18:08,6,3,2
2023201267864,2023,201267864,1,1,3,1,13,3,3,6,9,0,0,0,0,1,E01008896,3,1,0.0,1.0,-1,6,30,1,4,1,18:20,6,1,9
2023302301025,2023,302301025,1,1,3,2,22,5,3,5,9,0,0,0,0,5,E01019432,-1,0,0.06169,0.93831,-1,6,30,1,1,1,09:00,3,1,9
2023481369648,2023,481369648,2,1,1,1,24,5,3,0,0,0,0,0,1,-1,-1,3,1,0.0,1.0,-1,3,20,1,1,1,07:10,4,2,1
2023010427306,2023,010427306,1,1,1,2,59,9,3,0,0,0,0,0,3,3,E01001229,-1,0,0.0,1.0,-1,3,30,1,1,1,07:58,4,2,3
2023471296848,2023,471296848,1,1,1,1,19,4,2,0,0,0,0,0,3,5,E01031467,7,1,1.0,0.0,-1,6,30,2,4,2,18:59,6,2,3
2023522300157,2023,522300157,1,1,3,1,36,7,3,5,9,0,0,0,0,5,E01014662,-1,0,0.02786,0.97214,-1,6,30,1,1,1,13:15,6,1,9
2023122300737,2023,122300737,1,1,1,1,16,4,3,0,0,0,0,0,1,3,E01013385,-1,0,0.04766,0.95234,-1,6,30,1,1,1,20:10,1,2,1
2023531375031,2023,531375031,1,1,1,1,89,11,2,0,0,0,0,0,5,5,E01022231,7,1,1.0,0.0,-1,6,30,1,1,1,16:30,4,2,5
2023141295532,2023,141295532,1,1,2,2,19,4,3,0,0,1,0,0,9,-1,-1,3,1,0.0,1.0,-1,6,30,2,1,2,17:19,3,3,9
2023631326356,2023,631326356,1,2,2,2,17,4,3,0,0,2,0,0,9,3,W01001902,3,1,0.0,1.0,-1,6,60,1,6,2,20:50,3,1,9
2023101263998,2023,101263998,1,1,3,2,44,7,3,6,9,0,0,0,0,6,E01027517,3,1,0.0,1.0,-1,6,20,1,4,1,18:30,7,1,9
2023471351373,2023,471351373,1,1,3,1,21,5,3,8,7,0,0,0,0,8,E01031399,3,1,0.0,1.0,-1,6,30,1,1,1,17:00,2,1,9
2023991263409,2023,991263409,1,1,3,2,63,9,2,5,1,0,0,0,0,10,-1,6,1,1.0,0.0,-1,6,20,5,1,2,14:10,7,1,9
2023010440398,2023,010440398,1,1,2,1,56,9,3,0,0,9,0,0,8,3,E01001493,-1,0,0.0,1.0,-1,7,20,1,1,1,16:50,7,1,8
2023221363675,2023,221363675,2,1,1,1,59,9,3,0,0,0,0,0,9,5,E01014101,3,1,0.0,1.0,-1,6,30,1,1,1,09:15,6,2,9