collision_index,collision_year,collision_ref_no,vehicle_reference,casualty_reference,casualty_class,sex_of_casualty,age_of_casualty,age_band_of_casualty,casualty_severity,pedestrian_location,pedestrian_movement,car_passenger,bus_or_coach_passenger,pedestrian_road_maintenance_worker,casualty_type,casualty_imd_decile,lsoa_of_casualty,enhanced_casualty_severity,casualty_injury_based,casualty_adjusted_severity_serious,casualty_adjusted_severity_slight,casualty_distance_banding,road_type,speed_limit,weather_conditions,light_conditions,road_surface_conditions,time,day_of_week,number_of_vehicles,vehicle_type
2023201285209,2023,201285209,2,1,1,2,30,6,3,0,0,0,0,0,9,8,E01010203,3,1,0.0,1.0,-1,3,30,1,1,1,09:07,4,2,9
2023340WN4952,2023,340WN4952,2,1,1,1,29,6,3,0,0,0,0,0,9,4,E01027142,-1,0,0.08544,0.91456,-1,3,50,1,1,1,16:05,3,2,9
2023471311036,2023,471311036,2,2,1,2,44,7,3,0,0,0,0,0,9,9,E01021225,3,1,0.0,1.0,-1,6,40,1,1,1,08:55,4,4,9
2023461357555,2023,461357555,2,1,1,1,45,7,3,0,0,0,0,0,5,9,E01016103,3,1,0.0,1.0,-1,6,30,9,1,1,19:00,6,2,5
2023010466309,2023,010466309,2,1,2,2,72,10,3,0,0,1,0,0,9,6,E01017834,-1,0,0.0,1.0,-1,6,20,1,1,1,15:59,5,2,9
2023041334553,2023,041334553,1,2,1,1,20,4,2,0,0,0,0,0,9,1,E01025250,7,1,1.0,0.0,-1,6,30,3,4,2,01:33,7,1,9
2023122300717,2023,122300717,1,1,1,2,33,6,3,0,0,0,0,0,9,5,E01027777,-1,0,0.013,0.987,-1,6,60,1,1,2,18:41,2,2,9
2023221382345,2023,221382345,1,1,1,1,33,6,3,0,0,0,0,0,9,7,E01014007,3,1,0.0,1.0,-1,1,30,1,1,4,15:40,6,3,9
2023421360614,2023,421360614,2,2,1,1,22,5,3,0,0,0,0,0,9,2,E01021488,3,1,0.0,1.0,-1,1,60,1,4,1,21:48,7,2,9
2023520400407,2023,520400407,2,2,1,2,30,6,3,0,0,0,0,0,9,4,E01018972,-1,0,0.0407,0.9593,-1,3,70,1,1,1,15:04,2,2,9
2023440516067,2023,440516067,1,1,3,1,78,11,2,1,3,0,0,0,0,9,E01022577,-1,0,1.0,0.0,-1,6,30,1,4,1,17:01,2,1,9
2023161388979,2023,161388979,1,1,1,1,22,5,2,0,0,0,0,0,3,1,E01013136,5,1,1.0,0.0,-1,6,30,1,1,1,15:34,6,2,3
2023411299401,2023,411299401,1,2,2,2,56,9,3,0,0,1,0,0,9,10,E01023551,3,1,0.0,1.0,-1,9,30,8,4,2,22:05,2,1,9
2023201356896,2023,201356896,1,1,3,1,3,1,2,5,2,0,0,0,0,3,E01009045,7,1,1.0,0.0,-1,6,30,1,1,1,14:45,6,1,9
2023010424025,2023,010424025,1,1,1,1,22,5,2,0,0,0,0,0,9,4,E01004611,-1,0,1.0,0.0,-1,3,70,1,1,1,14:38,7,2,9
2023311323478,2023,311323478,1,1,2,1,25,5,3,0,0,2,0,0,9,-1,-1,3,1,0.0,1.0,-1,6,60,1,1,1,07:15,4,2,9
2023461312519,2023,461312519,2,2,1,1,52,8,3,0,0,0,0,0,9,4,E01024535,3,1,0.0,1.0,-1,6,60,1,1,1,17:06,1,2,9
2023010450318,2023,010450318,1,1,2,1,0,1,3,0,0,0,4,0,11,6,E01002240,-1,0,0.0,1.0,-1,6,20,1,1,1,11:40,3,1,11
2023010475337,2023,010475337,1,1,1,2,28,6,3,0,0,0,0,0,9,8,E01018132,-1,0,0.0,1.0,-1,9,20,2,6,2,00:08,1,2,9
2023201346780,2023,201346780,2,1,1,-1,51,8,2,0,0,0,0,0,9,1,E01009359,5,1,1.0,0.0,-1,6,30,1,4,1,23:25,4,3,9
2023461281268,2023,461281268,1,1,1,2,76,11,3,0,0,0,0,0,9,6,E01024544,3,1,0.0,1.0,-1,6,30,1,1,1,14:30,3,1,9
2023531341678,2023,531341678,1,1,1,1,37,7,3,0,0,0,0,0,9,7,E01022407,3,1,0.0,1.0,-1,6,40,1,6,1,22:28,2,1,9
2023010440421,2023,010440421,2,1,2,2,39,7,3,0,0,0,0,0,2,4,E01001276,-1,0,0.0,1.0,-1,6,20,1,1,1,15:16,1,2,2
2023522300437,2023,522300437,1,1,2,2,30,6,3,0,0,1,0,0,9,-1,-1,-1,0,0.03675,0.96325,-1,6,40,1,1,2,07:28,3,3,9
2023010481242,2023,010481242,1,1,3,2,0,1,3,6,9,0,0,0,0,5,E01004700,-1,0,0.0,1.0,-1,9,20,2,4,2,23:35,5,1,1
2023010444934,2023,010444934,3,1,2,2,20,4,3,0,0,1,0,0,9,4,E01002101,-1,0,0.0,1.0,-1,6,30,1,4,1,01:28,5,3,9
2023101375307,2023,101375307,2,1,1,2,34,6,3,0,0,0,0,0,9,2,E01033074,3,1,0.0,1.0,-1,3,30,1,1,1,13:00,1,2,9
2023131272527,2023,131272527,1,1,1,1,53,8,2,0,0,0,0,0,9,8,E01011187,6,1,1.0,0.0,-1,3,40,1,1,1,08:05,1,2,9
2023461360971,2023,461360971,1,1,1,2,44,7,3,0,0,0,0,0,9,4,E01024541,3,1,0.0,1.0,-1,6,30,1,1,1,16:26,1,2,9
2023221282787,2023,221282787,1,2,1,2,50,8,3,0,0,0,0,0,19,5,E01014063,3,1,0.0,1.0,-1,6,60,2,6,2,17:15,6,2,19
2023991320101,2023,991320101,1,1,1,1,33,6,2,0,0,0,0,0,9,-1,-1,5,1,1.0,0.0,-1,1,70,2,4,2,00:55,2,1,9
2023010457033,2023,010457033,1,1,1,1,37,7,3,0,0,0,0,0,9,1,E01002758,-1,0,0.0,1.0,-1,1,20,5,4,2,00:22,1,2,9
2023010468564,2023,010468564,1,1,1,2,35,6,3,0,0,0,0,0,9,6,E01001619,-1,0,0.0,1.0,-1,6,20,1,1,1,12:05,4,2,9
2023320393272,2023,320393272,4,1,1,2,65,9,3,0,0,0,0,0,9,6,E01026408,-1,0,0.0411,0.9589,-1,6,30,1,1,1,16:05,2,5,9
2023010483119,2023,010483119,1,2,2,2,37,7,3,0,0,2,0,0,9,7,E01016510,-1,0,0.0,1.0,-1,6,30,8,4,1,23:05,7,2,9
2023201456175,2023,201456175,2,1,1,2,-1,-1,3,0,0,0,0,0,9,5,E01009247,3,1,0.0,1.0,-1,3,40,1,6,1,13:00,3,2,9
2023311388432,2023,311388432,2,4,2,2,11,3,3,0,0,2,0,0,9,-1,-1,3,1,0.0,1.0,-1,3,70,1,6,1,16:36,5,3,9
2023010461490,2023,010461490,1,1,3,1,21,5,2,1,1,0,0,0,0,3,E01004709,-1,0,1.0,0.0,-1,6,20,1,4,1,23:15,7,1,9
2023421333169,2023,421333169,1,2,1,1,86,11,2,0,0,0,0,0,9,9,E01021767,6,1,1.0,0.0,-1,6,30,1,1,1,17:44,1,2,9
2023461358897,2023,461358897,2,3,2,2,10,2,3,0,0,2,0,0,9,9,E01024265,3,1,0.0,1.0,-1,3,50,1,1,1,10:48,7,2,9
2023070384545,2023,070384545,3,1,1,1,25,5,3,0,0,0,0,0,19,10,E01018471,-1,0,0.03969,0.96031,-1,6,30,2,4,2,23:12,7,3,19
2023052300787,2023,052300787,1,1,2,2,24,5,3,0,0,0,0,0,-1,1,E01007011,-1,0,0.12428,0.87572,-1,6,30,1,4,1,20:28,3,2,-1
2023010457258,2023,010457258,1,1,3,2,26,6,3,5,3,0,0,0,0,-1,-1,-1,0,0.0,1.0,-1,2,20,1,1,1,13:30,6,1,19
2023101368185,2023,101368185,1,1,3,2,55,8,3,1,1,0,0,0,0,8,E01027499,3,1,0.0,1.0,-1,6,30,2,4,2,20:15,5,1,9
2023111349124,2023,111349124,2,3,3,2,26,6,3,6,9,0,0,0,0,4,E01020711,3,1,0.0,1.0,-1,6,30,1,1,1,18:20,1,2,9
2023010435930,2023,010435930,1,1,1,1,25,5,3,0,0,0,0,0,3,3,E01003127,-1,0,0.0,1.0,-1,6,20,1,4,1,20:06,2,2,3
2023622300976,2023,622300976,1,1,1,1,49,8,3,0,0,0,0,0,9,2,W01001192,-1,0,0.14064,0.85936,-1,6,60,1,6,2,21:53,2,1,9
2023991307212,2023,991307212,2,1,1,1,22,5,3,0,0,0,0,0,9,4,-1,3,1,0.0,1.0,-1,6,30,1,1,1,16:40,1,2,9
2023141329786,2023,141329786,2,1,2,2,-1,-1,3,0,0,1,0,0,9,1,E01007574,3,1,0.0,1.0,-1,6,30,1,1,1,15:46,7,2,9
2023311343535,2023,311343535,1,1,2,2,60,9,2,0,0,1,0,0,9,-1,-1,7,1,1.0,0.0,-1,6,60,1,6,1,03:56,1,1,9
2023991389128,2023,991389128,1,3,1,2,67,10,3,0,0,0,0,0,9,10,E01016290,3,1,0.0,1.0,-1,3,50,4,1,2,14:30,7,6,9
2023471294146,2023,471294146,2,2,2,1,5,1,3,0,0,0,4,0,11,9,E01031761,3,1,0.0,1.0,-1,3,30,1,1,1,16:30,4,2,11
2023101316531,2023,101316531,1,1,1,1,65,9,2,0,0,0,0,0,3,8,E01008458,5,1,1.0,0.0,-1,6,50,1,1,1,15:40,4,2,3
2023549244423,2023,549244423,1,1,3,2,25,5,2,6,9,0,0,0,0,10,W01001116,-1,0,1.0,0.0,-1,6,30,1,4,1,01:10,7,1,9
2023471299977,2023,471299977,1,1,1,1,28,6,2,0,0,0,0,0,-1,5,E01016950,5,1,1.0,0.0,-1,6,30,2,4,2,22:17,1,2,-1
2023131388368,2023,131388368,2,2,2,1,26,6,3,0,0,1,0,0,19,1,E01011432,3,1,0.0,1.0,-1,3,30,1,4,2,21:35,4,2,19
2023070151733,2023,070151733,1,1,3,2,38,7,3,6,9,0,0,0,0,10,E01018324,-1,0,0.06488,0.93512,-1,6,30,1,1,1,12:55,3,1,9
2023010467552,2023,010467552,2,1,1,1,57,9,2,0,0,0,0,0,1,3,E01002623,-1,0,1.0,0.0,-1,1,40,1,1,2,15:00,1,2,1
2023010453126,2023,010453126,1,1,1,1,37,7,3,0,0,0,0,0,3,10,E01004196,-1,0,0.0,1.0,-1,1,20,1,1,1,16:52,5,2,3
2023041352034,2023,041352034,2,1,1,1,59,9,3,0,0,0,0,0,5,7,E01024932,3,1,0.0,1.0,-1,1,30,1,1,1,11:30,3,2,5
2023010475188,2023,010475188,2,2,1,2,41,7,3,0,0,0,0,0,9,-1,-1,-1,0,0.0,1.0,-1,6,30,1,4,2,19:35,3,2,9
2023052300677,2023,052300677,2,2,1,1,19,4,3,0,0,0,0,0,9,1,E01006679,-1,0,0.03447,0.96553,-1,6,20,1,4,1,21:30,4,2,9
2023101389330,2023,101389330,2,1,1,2,53,8,3,0,0,0,0,0,9,8,E01027514,3,1,0.0,1.0,-1,6,60,1,1,1,15:20,5,2,9
2023122301242,2023,122301242,1,1,1,1,20,4,3,0,0,0,0,0,9,6,E01027622,-1,0,0.07655,0.92345,-1,6,60,1,1,1,16:30,2,3,9
2023351357341,2023,351357341,2,1,1,2,50,8,3,0,0,0,0,0,9,9,E01027048,3,1,0.0,1.0,-1,6,30,1,1,1,16:17,2,2,9
2023991293467,2023,991293467,2,2,1,2,53,8,3,0,0,0,0,0,9,4,-1,3,1,0.0,1.0,-1,6,60,1,1,1,18:25,5,3,9
2023010425650,2023,010425650,2,1,1,2,35,6,2,0,0,0,0,0,1,4,E01001873,-1,0,1.0,0.0,-1,6,30,1,1,1,11:10,1,2,1
2023522400824,2023,522400824,1,1,2,1,20,4,1,0,0,1,0,0,20,-1,-1,-1,0,0.0,0.0,-1,3,70,1,4,2,17:25,3,1,20
2023371270708,2023,371270708,1,1,1,1,18,4,3,0,0,0,0,0,3,9,E01030216,3,1,0.0,1.0,-1,3,70,1,6,1,17:38,3,2,3
2023010441169,2023,010441169,2,1,1,1,35,6,3,0,0,0,0,0,9,6,E01023306,-1,0,0.0,1.0,-1,3,50,1,1,1,19:17,4,2,9
2023071089536,2023,071089536,2,2,1,1,65,9,3,0,0,0,0,0,9,10,E01006347,-1,0,0.07853,0.92147,-1,3,70,2,6,2,19:30,5,3,9
2023131274931,2023,131274931,1,1,2,1,20,4,3,0,0,1,0,0,9,1,E01010607,3,1,0.0,1.0,-1,6,30,1,1,2,15:45,6,1,9
2023231297659,2023,231297659,1,1,1,2,59,9,3,0,0,0,0,0,9,8,E01010161,3,1,0.0,1.0,-1,1,70,1,1,2,17:30,6,2,9
2023302301478,2023,302301478,2,1,1,1,34,6,3,0,0,0,0,0,19,4,E01014219,-1,0,0.0382,0.9618,-1,6,40,1,1,1,10:50,2,2,19
2023052302445,2023,052302445,2,1,1,1,39,7,3,0,0,0,0,0,1,-1,-1,-1,0,0.1957,0.8043,-1,3,30,1,1,1,15:20,1,2,1
2023010426983,2023,010426983,1,1,1,2,66,10,2,0,0,0,0,0,5,3,E01004454,-1,0,1.0,0.0,-1,1,50,1,1,1,15:11,2,2,5
2023231326439,2023,231326439,2,1,1,1,68,10,2,0,0,0,0,0,5,8,E01031205,6,1,1.0,0.0,-1,1,50,1,1,1,18:10,7,2,5
2023052301681,2023,052301681,1,1,1,1,38,7,3,0,0,0,0,0,9,1,E01006547,-1,0,0.06088,0.93912,-1,3,50,1,1,1,08:01,5,2,9
2023041274065,2023,041274065,1,1,1,1,12,3,3,0,0,0,0,0,1,1,E01012680,3,1,0.0,1.0,-1,6,30,9,1,1,12:36,7,2,1
2023010453396,2023,010453396,2,1,1,1,30,6,3,0,0,0,0,0,3,2,E01001462,-1,0,0.0,1.0,-1,3,40,1,1,1,17:22,4,2,3
2023010484442,2023,010484442,1,1,1,1,41,7,3,0,0,0,0,0,3,1,E01000105,-1,0,0.0,1.0,-1,6,30,1,4,1,19:00,7,2,3
2023010443182,2023,010443182,1,1,3,2,68,10,3,5,4,0,0,0,0,1,E01002694,-1,0,0.0,1.0,-1,2,20,1,1,1,13:28,2,1,5
2023211391605,2023,211391605,1,1,3,2,88,11,2,5,9,0,0,0,0,4,E01014277,7,1,1.0,0.0,-1,6,30,1,1,1,12:54,4,1,9
2023010481303,2023,010481303,1,1,1,2,27,6,2,0,0,0,0,0,1,2,E01001815,-1,0,1.0,0.0,-1,6,20,1,1,1,10:35,4,2,1
2023231264373,2023,231264373,2,1,1,1,27,6,3,0,0,0,0,0,3,4,E01031238,3,1,0.0,1.0,-1,6,30,1,4,1,18:00,6,2,3
2023010437120,2023,010437120,1,1,3,1,0,1,3,1,3,0,0,0,0,1,E01001790,-1,0,0.0,1.0,-1,6,30,9,4,1,21:30,4,1,19
2023440470067,2023,440470067,1,1,3,1,16,4,3,5,1,0,0,0,0,9,E01030425,-1,0,0.14049,0.85951,-1,6,30,1,1,2,08:59,6,1,9
2023311375516,2023,311375516,1,1,3,2,26,6,3,1,1,0,0,0,0,2,E01013918,3,1,0.0,1.0,-1,6,20,2,4,2,11:15,5,1,8
2023320048525,2023,320048525,1,1,3,2,14,3,3,8,1,0,0,0,0,3,E01026311,-1,0,0.13914,0.86086,-1,6,30,1,1,1,16:04,2,1,9
2023351384299,2023,351384299,2,1,1,1,17,4,3,0,0,0,0,0,1,4,E01017953,3,1,0.0,1.0,-1,7,30,2,4,2,16:20,5,2,1
2023361290776,2023,361290776,2,1,1,1,34,6,3,0,0,0,0,0,1,7,E01033434,3,1,0.0,1.0,-1,1,30,1,7,1,21:50,3,2,1
2023991379642,2023,991379642,1,3,2,2,11,3,3,0,0,1,0,0,9,-1,-1,3,1,0.0,1.0,-1,6,30,1,4,2,18:00,2,2,9
2023010480639,2023,010480639,1,1,3,2,17,4,3,5,1,0,0,0,0,2,E01001849,-1,0,0.0,1.0,-1,7,20,1,1,1,10:15,3,1,8
2023052301938,2023,052301938,2,1,1,2,41,7,3,0,0,0,0,0,9,9,E01007027,-1,0,0.01919,0.98081,-1,3,30,1,1,1,15:20,6,2,9
2023351291329,2023,351291329,2,1,1,1,49,8,3,0,0,0,0,0,9,8,E01013788,3,1,0.0,1.0,-1,6,60,1,1,1,13:15,1,2,9
2023401310959,2023,401310959,1,1,1,2,35,6,3,0,0,0,0,0,9,4,E01023349,3,1,0.0,1.0,-1,3,70,1,1,1,20:26,7,1,9
2023501302211,2023,501302211,2,1,1,1,53,8,3,0,0,0,0,0,9,5,E01019982,3,1,0.0,1.0,-1,6,30,8,4,1,21:00,6,2,9
2023522400051,2023,522400051,1,1,1,2,28,6,3,0,0,0,0,0,9,6,E01014613,-1,0,0.02598,0.97402,-1,6,20,2,1,2,16:15,3,2,9
2023201296067,2023,201296067,1,1,3,1,38,7,2,9,6,0,0,2,0,1,E01010443,5,1,1.0,0.0,-1,6,30,1,4,1,21:38,5,1,9
2023320006046,2023,320006046,1,2,3,2,82,11,3,6,9,0,0,0,0,3,E01026113,-1,0,0.17405,0.82595,-1,6,30,1,1,1,10:45,4,1,11
2023041316101,2023,041316101,2,1,1,1,31,6,2,0,0,0,0,0,1,3,E01006944,5,1,1.0,0.0,-1,1,30,1,1,1,17:35,3,2,1
2023101333191,2023,101333191,1,1,1,1,52,8,2,0,0,0,0,0,5,4,E01008308,5,1,1.0,0.0,-1,6,40,1,1,1,16:04,2,1,5
2023061343732,2023,061343732,1,1,3,2,26,6,2,1,1,0,0,0,0,3,E01005872,7,1,1.0,0.0,-1,6,30,1,4,1,22:22,5,1,8
2023041348072,2023,041348072,1,1,3,1,14,3,3,10,1,0,0,0,0,1,E01024855,3,1,0.0,1.0,-1,6,30,1,1,1,16:00,6,1,9
2023010479830,2023,010479830,1,1,2,1,63,9,3,0,0,1,0,0,9,-1,-1,-1,0,0.0,1.0,-1,6,20,1,4,1,01:01,6,2,9
2023221287362,2023,221287362,1,1,1,1,36,7,3,0,0,0,0,0,9,2,E01014199,3,1,0.0,1.0,-1,6,30,1,1,1,09:10,3,1,9
2023401334390,2023,401334390,2,1,2,1,22,5,3,0,0,1,0,0,9,10,E01023911,3,1,0.0,1.0,-1,6,30,2,1,2,15:22,7,2,9
2023411358608,2023,411358608,1,1,2,2,52,8,3,0,0,2,0,0,9,3,E01023437,3,1,0.0,1.0,-1,3,70,1,1,1,16:45,7,1,9
2023010459348,2023,010459348,2,1,1,2,87,11,2,0,0,0,0,0,9,6,E01001266,-1,0,1.0,0.0,-1,6,20,1,1,1,13:20,2,2,9
2023041391652,2023,041391652,1,3,2,1,18,4,3,0,0,2,0,0,9,3,E01024866,3,1,0.0,1.0,-1,6,60,5,6,2,02:10,5,1,9
2023430009141,2023,430009141,2,1,1,1,32,6,3,0,0,0,0,0,9,2,E01016295,-1,0,0.05186,0.94814,-1,6,40,2,4,2,06:30,7,2,9
2023471260631,2023,471260631,2,1,1,2,45,7,3,0,0,0,0,0,9,9,E01021161,3,1,0.0,1.0,-1,6,30,1,1,1,07:45,6,2,9
2023991392865,2023,991392865,2,2,1,1,32,6,3,0,0,0,0,0,9,10,-1,3,1,0.0,1.0,-1,6,30,2,4,2,20:40,5,2,9
2023010420408,2023,010420408,1,1,1,1,22,5,3,0,0,0,0,0,3,3,E01003081,-1,0,0.0,1.0,-1,6,20,5,4,2,17:56,7,3,3
2023631348154,2023,631348154,1,2,2,2,55,8,2,0,0,0,0,0,5,5,E01014000,6,1,1.0,0.0,-1,6,40,1,1,1,12:05,1,5,5
2023411363710,2023,411363710,1,1,3,1,46,8,2,10,9,0,0,0,0,9,E01023731,7,1,1.0,0.0,-1,6,20,1,4,1,20:30,7,1,9
2023221274218,2023,221274218,2,1,1,1,12,3,3,0,0,0,0,0,1,5,E01014097,3,1,0.0,1.0,-1,6,40,1,6,1,17:55,2,2,1
2023010465161,2023,010465161,3,1,1,1,52,8,3,0,0,0,0,0,5,4,E01009451,-1,0,0.0,1.0,-1,6,30,1,1,1,17:00,1,3,5
2023320185502,2023,320185502,2,2,2,2,25,5,3,0,0,1,0,0,9,5,E01026121,-1,0,0.05082,0.94918,-1,6,50,1,1,1,11:20,2,2,9
2023461311344,2023,461311344,2,1,1,1,23,5,3,0,0,0,0,0,9,10,E01024320,3,1,0.0,1.0,-1,6,50,1,1,1,12:25,3,2,9
2023461348827,2023,461348827,2,1,2,2,8,2,3,0,0,2,0,0,9,3,E01024482,3,1,0.0,1.0,-1,6,40,1,1,1,14:20,4,2,9
2023231386785,2023,231386785,1,1,3,2,86,11,2,6,8,0,0,0,0,10,E01031134,7,1,1.0,0.0,-1,6,30,2,1,2,12:15,6,1,9
2023010437340,2023,010437340,1,1,3,1,66,10,2,5,3,0,0,0,0,9,E01002156,-1,0,1.0,0.0,-1,3,50,8,1,1,10:45,6,1,9
2023131352851,2023,131352851,2,1,1,1,27,6,2,0,0,0,0,0,5,1,E01011911,5,1,1.0,0.0,-1,6,40,1,1,1,10:30,6,2,5
2023461377621,2023,461377621,1,1,3,1,24,5,2,9,5,0,0,0,0,4,E01024111,7,1,1.0,0.0,-1,6,40,1,4,1,18:55,6,1,9
2023010425850,2023,010425850,2,1,1,1,15,3,2,0,0,0,0,0,-1,2,E01000730,-1,0,1.0,0.0,-1,6,40,1,1,1,10:33,3,2,-1
2023010480339,2023,010480339,1,1,1,1,62,9,3,0,0,0,0,0,9,4,E01016011,-1,0,0.0,1.0,-1,6,30,2,4,2,20:32,1,2,9
2023320612297,2023,320612297,2,6,2,2,52,8,3,0,0,1,0,0,9,5,E01028155,-1,0,0.08114,0.91886,-1,6,50,1,1,2,15:30,2,2,9
2023451387010,2023,451387010,1,1,1,1,25,5,3,0,0,0,0,0,9,9,E01003473,3,1,0.0,1.0,-1,6,40,7,6,2,22:15,2,1,9
2023010450678,2023,010450678,1,1,3,2,29,6,3,1,3,0,0,0,0,5,E01032733,-1,0,0.0,1.0,-1,6,30,1,1,1,12:45,4,1,1
2023010463329,2023,010463329,1,1,1,1,45,7,3,0,0,0,0,0,3,2,E01001361,-1,0,0.0,1.0,-1,1,30,8,1,2,11:50,5,1,3
2023201285387,2023,201285387,1,1,1,-1,64,9,3,0,0,0,0,0,9,5,E01009046,3,1,0.0,1.0,-1,3,30,2,1,2,08:35,3,2,9
2023421323873,2023,421323873,2,1,1,2,46,8,3,0,0,0,0,0,9,4,E01021265,3,1,0.0,1.0,-1,6,30,2,1,2,08:50,5,2,9
2023440210109,2023,440210109,2,1,2,1,6,2,3,0,0,2,0,0,9,4,E01017058,-1,0,0.0182,0.9818,-1,3,50,1,1,1,14:40,7,3,9
202354A755423,2023,54A755423,2,2,1,1,58,9,3,0,0,0,0,0,9,8,E01031939,-1,0,0.01034,0.98966,-1,6,30,1,1,1,14:16,3,2,9
2023010445379,2023,010445379,1,1,3,1,39,7,3,1,1,0,0,0,0,3,E01014296,-1,0,0.0,1.0,-1,6,20,1,4,1,01:15,7,1,9
2023131323842,2023,131323842,1,1,3,2,80,11,2,5,3,0,0,2,0,10,E01011113,7,1,1.0,0.0,-1,6,30,1,1,1,15:15,2,1,97
2023161350818,2023,161350818,2,1,1,1,46,8,2,0,0,0,0,0,1,2,E01012763,6,1,1.0,0.0,-1,6,30,1,4,1,21:09,7,2,1
2023010447194,2023,010447194,1,1,1,1,52,8,3,0,0,0,0,0,8,1,E01001559,-1,0,0.0,1.0,-1,1,40,1,1,1,16:55,1,1,8
2023161286502,2023,161286502,2,1,1,2,49,8,2,0,0,0,0,0,1,1,E01013312,7,1,1.0,0.0,-1,6,30,1,1,1,08:20,3,2,1
2023010454926,2023,010454926,1,1,3,2,6,2,3,1,1,0,0,0,0,-1,-1,-1,0,0.0,1.0,-1,6,30,1,1,1,08:48,5,1,1
2023010472234,2023,010472234,1,1,3,1,30,6,3,4,9,0,0,0,0,1,E01004273,-1,0,0.0,1.0,-1,3,30,9,1,1,08:05,2,1,4
2023010448943,2023,010448943,1,1,1,1,-1,-1,3,0,0,0,0,0,1,-1,-1,-1,0,0.0,1.0,-1,6,20,9,1,1,20:45,5,2,1
2023010432006,2023,010432006,1,1,1,1,51,8,3,0,0,0,0,0,5,7,E01000119,-1,0,0.0,1.0,-1,6,30,1,1,1,17:00,2,1,5
2023471367755,2023,471367755,1,2,2,1,34,6,3,0,0,0,0,0,19,7,E01021010,3,1,0.0,1.0,-1,6,60,1,1,1,15:10,6,2,19
2023320593214,2023,320593214,1,2,3,1,11,3,3,8,1,0,0,0,0,4,E01026366,-1,0,0.12992,0.87008,-1,6,30,1,1,1,16:30,5,1,19
2023351359689,2023,351359689,2,1,1,2,-1,-1,3,0,0,0,0,0,1,4,E01018077,3,1,0.0,1.0,-1,6,30,1,1,1,11:00,7,2,1
2023411337689,2023,411337689,2,1,1,1,51,8,3,0,0,0,0,0,3,3,E01001445,3,1,0.0,1.0,-1,3,40,1,1,1,13:00,6,2,3
2023131363130,2023,131363130,1,1,1,1,33,6,3,0,0,0,0,0,4,7,E01011056,3,1,0.0,1.0,-1,6,60,1,6,1,20:05,1,1,4
2023201461946,2023,201461946,1,1,1,2,30,6,3,0,0,0,0,0,9,1,E01010129,3,1,0.0,1.0,-1,6,30,2,4,4,00:57,1,4,9
2023421361077,2023,421361077,2,2,2,1,34,6,3,0,0,1,0,0,9,2,E01022023,3,1,0.0,1.0,-1,6,30,1,1,1,06:50,6,2,9
2023131360709,2023,131360709,1,1,3,2,20,4,3,1,1,0,0,1,0,-1,-1,3,1,0.0,1.0,-1,3,30,1,1,1,17:30,7,1,9
2023201387178,2023,201387178,2,1,2,2,4,1,3,0,0,2,0,0,9,-1,-1,3,1,0.0,1.0,-1,6,30,2,1,2,15:40,5,2,9
2023451356229,2023,451356229,1,1,1,1,38,7,3,0,0,0,0,0,9,4,E01030824,3,1,0.0,1.0,-1,6,60,1,6,1,20:30,2,1,9
2023010440889,2023,010440889,1,1,2,2,46,8,3,0,0,0,4,0,11,4,E01000405,-1,0,0.0,1.0,-1,1,30,1,1,1,13:11,4,1,11
2023010465622,2023,010465622,2,1,1,1,35,6,3,0,0,0,0,0,1,7,E01001904,-1,0,0.0,1.0,-1,6,20,1,1,1,16:20,3,2,1
2023052302387,2023,052302387,1,1,1,1,15,3,3,0,0,0,0,0,1,8,E01006525,-1,0,0.15322,0.84678,-1,3,30,1,4,1,19:00,1,2,1
2023430001889,2023,430001889,2,1,1,2,27,6,3,0,0,0,0,0,3,7,E01028490,-1,0,0.02723,0.97277,-1,6,20,1,1,2,10:30,6,2,3
2023052302201,2023,052302201,2,2,2,1,25,5,2,0,0,0,0,0,5,3,E01006996,-1,0,1.0,0.0,-1,6,50,1,1,1,15:25,1,2,5
202360A071192,2023,60A071192,1,1,1,1,48,8,2,0,0,0,0,0,5,-1,-1,-1,0,1.0,0.0,-1,6,60,1,1,1,15:55,7,4,5
2023131374963,2023,131374963,1,2,2,1,80,11,2,0,0,1,0,0,9,10,E01010946,5,1,1.0,0.0,-1,9,30,1,1,2,15:00,3,4,9
2023201382806,2023,201382806,2,2,2,2,25,5,3,0,0,1,0,0,9,2,E01010344,3,1,0.0,1.0,-1,6,30,1,1,1,15:26,6,2,9
2023221325760,2023,221325760,1,1,1,1,57,9,3,0,0,0,0,0,5,7,E01032191,3,1,0.0,1.0,-1,6,30,1,1,1,16:00,7,2,5
2023101295119,2023,101295119,1,1,3,1,69,10,3,10,1,0,0,2,0,4,E01008198,3,1,0.0,1.0,-1,9,20,1,1,1,20:45,6,1,9
2023461384052,2023,461384052,1,1,3,2,41,7,3,1,9,0,0,0,0,5,E01016174,3,1,0.0,1.0,-1,6,30,1,4,1,16:30,4,1,9
2023010463788,2023,010463788,1,1,1,2,50,8,3,0,0,0,0,0,8,5,E01017901,-1,0,0.0,1.0,-1,6,30,1,4,1,00:38,1,2,8
2023010460169,2023,010460169,1,1,1,1,26,6,3,0,0,0,0,0,23,3,E01000577,-1,0,0.0,1.0,-1,7,20,1,4,1,23:00,6,1,23