collision_index,collision_year,collision_ref_no,vehicle_reference,casualty_reference,casualty_class,sex_of_casualty,age_of_casualty,age_band_of_casualty,casualty_severity,pedestrian_location,pedestrian_movement,car_passenger,bus_or_coach_passenger,pedestrian_road_maintenance_worker,casualty_type,casualty_imd_decile,lsoa_of_casualty,enhanced_casualty_severity,casualty_injury_based,casualty_adjusted_severity_serious,casualty_adjusted_severity_slight,casualty_distance_banding,road_type,speed_limit,weather_conditions,light_conditions,road_surface_conditions,time,day_of_week,number_of_vehicles,vehicle_type
2023010454950,2023,010454950,1,1,1,1,29,6,3,0,0,0,0,0,3,2,E01003179,-1,0,0.0,1.0,-1,9,20,9,1,9,15:01,4,2,3
2023231326974,2023,231326974,2,1,1,1,19,4,3,0,0,0,0,0,3,4,E01031086,3,1,0.0,1.0,-1,3,50,1,1,1,12:28,3,2,3
2023010433254,2023,010433254,1,2,3,1,70,10,2,1,3,0,0,0,0,4,E01000875,-1,0,1.0,0.0,-1,6,20,1,1,1,13:10,2,1,9
2023010449585,2023,010449585,2,1,1,2,29,6,3,0,0,0,0,0,3,4,E01004142,-1,0,0.0,1.0,-1,2,20,1,1,1,18:55,6,3,3
2023141384549,2023,141384549,1,2,2,1,27,6,3,0,0,0,0,0,5,1,E01007677,3,1,0.0,1.0,-1,1,40,1,4,2,22:15,6,1,5
2023211285017,2023,211285017,1,1,2,2,51,8,2,0,0,2,0,0,9,-1,-1,5,1,1.0,0.0,-1,6,60,3,1,4,13:00,5,2,9
2023010432516,2023,010432516,1,1,3,1,74,10,3,1,1,0,0,0,0,8,E01000120,-1,0,0.0,1.0,-1,6,20,1,1,1,13:10,5,1,90
2023010453529,2023,010453529,2,1,1,1,36,7,3,0,0,0,0,0,1,1,E01001425,-1,0,0.0,1.0,-1,6,20,1,1,1,12:18,5,2,1
2023131389618,2023,131389618,1,1,1,1,20,4,3,0,0,0,0,0,1,2,E01011681,3,1,0.0,1.0,-1,6,30,1,1,1,12:38,1,2,1
2023471313320,2023,471313320,2,1,1,1,55,8,2,0,0,0,0,0,1,8,E01031840,7,1,1.0,0.0,-1,6,30,1,1,1,17:25,5,2,1
2023411279982,2023,411279982,1,1,3,2,70,10,3,4,1,0,0,0,0,6,E01023570,3,1,0.0,1.0,-1,9,20,1,1,-1,11:30,2,1,9
2023991389390,2023,991389390,1,1,3,2,73,10,2,5,1,0,0,2,0,3,-1,5,1,1.0,0.0,-1,6,30,1,4,2,18:15,5,1,19
2023010470349,2023,010470349,1,1,1,1,36,7,3,0,0,0,0,0,3,3,E01001489,-1,0,0.0,1.0,-1,9,20,9,1,9,14:45,5,2,3
2023131375910,2023,131375910,1,1,1,1,24,5,3,0,0,0,0,0,5,5,E01011435,3,1,0.0,1.0,-1,6,30,1,4,1,20:50,6,1,5
2023471324796,2023,471324796,2,1,1,1,35,6,3,0,0,0,0,0,5,8,E01031418,3,1,0.0,1.0,-1,6,60,1,1,1,15:06,7,2,5
2023622300724,2023,622300724,1,1,1,2,44,7,2,0,0,0,0,0,5,4,W01001248,-1,0,1.0,0.0,-1,1,70,1,4,2,23:33,6,1,5
2023010480614,2023,010480614,1,1,3,2,16,4,3,5,9,0,0,0,0,10,E01000793,-1,0,0.0,1.0,-1,6,30,2,7,2,15:50,2,1,9
2023320293813,2023,320293813,2,1,1,1,12,3,3,0,0,0,0,0,1,8,E01026296,-1,0,0.15126,0.84874,-1,6,60,1,1,1,08:30,2,2,1
2023010459426,2023,010459426,6,1,3,2,13,3,2,6,9,0,0,0,0,5,E01003756,-1,0,1.0,0.0,-1,6,30,1,1,1,20:17,2,7,9
2023052302976,2023,052302976,2,1,1,1,42,7,3,0,0,0,0,0,9,1,E01006737,-1,0,0.07661,0.92339,-1,3,40,1,1,1,19:48,4,2,9
2023471323369,2023,471323369,1,1,1,2,40,7,3,0,0,0,0,0,9,8,E01031765,3,1,0.0,1.0,-1,6,60,1,1,1,17:55,3,1,9
2023010444832,2023,010444832,1,1,1,2,51,8,3,0,0,0,0,0,9,2,E01001551,-1,0,0.0,1.0,-1,1,40,1,1,1,12:29,4,2,9
2023061367091,2023,061367091,2,1,1,2,59,9,3,0,0,0,0,0,9,7,E01006089,3,1,0.0,1.0,-1,3,30,1,1,1,15:35,4,2,9
2023131343738,2023,131343738,2,3,2,1,29,6,3,0,0,1,0,0,9,6,E01028295,3,1,0.0,1.0,-1,3,70,1,1,1,18:50,1,3,9
2023141313085,2023,141313085,2,1,2,2,17,4,3,0,0,2,0,0,9,6,E01007613,3,1,0.0,1.0,-1,7,40,1,1,1,20:05,3,2,9
2023421269967,2023,421269967,2,1,1,1,35,6,3,0,0,0,0,0,9,4,E01021287,3,1,0.0,1.0,-1,6,30,8,4,1,16:30,2,2,9
2023340NN2272,2023,340NN2272,1,1,1,1,29,6,2,0,0,0,0,0,90,5,E01026956,-1,0,1.0,0.0,-1,6,30,1,1,1,18:54,7,1,90
2023052300463,2023,052300463,3,2,1,2,26,6,3,0,0,0,0,0,9,3,E01006719,-1,0,0.04392,0.95608,-1,3,70,1,1,1,08:30,6,3,9
2023201363595,2023,201363595,1,1,1,2,38,7,3,0,0,0,0,0,9,5,E01031242,3,1,0.0,1.0,-1,3,40,1,1,1,07:47,6,2,9
2023311377326,2023,311377326,1,1,1,2,56,9,2,0,0,0,0,0,9,-1,-1,7,1,1.0,0.0,-1,6,60,1,1,1,17:30,2,2,9
2023622300319,2023,622300319,2,2,1,1,82,11,3,0,0,0,0,0,9,1,W01001207,-1,0,0.02521,0.97479,-1,3,70,1,1,1,14:04,5,2,9
2023302300190,2023,302300190,1,1,1,1,83,11,3,0,0,0,0,0,9,7,E01019771,-1,0,0.19312,0.80688,-1,6,50,4,1,2,15:10,4,1,9
2023520000869,2023,520000869,1,1,1,2,42,7,3,0,0,0,0,0,9,1,E01014729,-1,0,0.01564,0.98436,-1,1,40,2,1,2,13:07,7,2,9
2023552300093,2023,552300093,1,1,1,1,18,4,3,0,0,0,0,0,9,7,E01032641,-1,0,0.10966,0.89034,-1,6,50,1,6,4,22:37,4,1,9
2023471361847,2023,471361847,1,1,3,2,12,3,3,8,7,0,0,0,0,2,E01020923,3,1,0.0,1.0,-1,6,30,1,1,1,16:30,7,1,9
2023430381804,2023,430381804,1,1,1,1,51,8,2,0,0,0,0,0,1,7,E01028424,-1,0,1.0,0.0,-1,6,40,1,1,1,09:00,1,2,1
2023991295509,2023,991295509,1,1,1,1,31,6,2,0,0,0,0,0,1,-1,-1,6,1,1.0,0.0,-1,6,20,8,4,1,21:45,3,2,1
2023991418531,2023,991418531,1,1,1,1,40,7,2,0,0,0,0,0,1,8,-1,6,1,1.0,0.0,-1,6,30,2,4,2,18:55,6,3,1
2023531262221,2023,531262221,1,1,1,1,38,7,3,0,0,0,0,0,21,7,E01015493,3,1,0.0,1.0,-1,6,60,5,6,2,21:40,4,1,21
2023010420095,2023,010420095,1,1,1,2,39,7,3,0,0,0,0,0,3,5,E01003134,-1,0,0.0,1.0,-1,6,20,2,1,2,12:51,7,2,3
2023411325791,2023,411325791,2,1,1,1,33,6,3,0,0,0,0,0,3,2,E01002068,3,1,0.0,1.0,-1,6,20,1,1,1,17:40,5,2,3
2023010429745,2023,010429745,1,1,1,2,31,6,3,0,0,0,0,0,9,4,E01003447,-1,0,0.0,1.0,-1,6,30,1,1,1,16:00,3,3,9
2023052301168,2023,052301168,2,6,2,1,13,3,2,0,0,2,0,0,9,7,E01006577,-1,0,1.0,0.0,-1,6,30,1,1,1,18:33,1,2,9
2023141388871,2023,141388871,1,1,1,2,28,6,3,0,0,0,0,0,9,6,E01007724,3,1,0.0,1.0,-1,6,30,1,4,2,23:47,6,2,9
2023451333053,2023,451333053,1,1,3,1,46,8,2,10,1,0,0,0,0,10,E01030448,7,1,1.0,0.0,-1,6,30,1,1,1,19:00,1,1,97
2023552400195,2023,552400195,1,1,3,2,34,6,3,1,1,0,0,0,0,8,E01015394,-1,0,0.08589,0.91411,-1,6,30,1,1,1,17:30,4,1,98
2023010439227,2023,010439227,3,2,1,2,60,9,3,0,0,0,0,0,9,9,E01003872,-1,0,0.0,1.0,-1,6,20,2,1,2,18:30,2,4,9
2023211438027,2023,211438027,1,1,1,1,31,6,3,0,0,0,0,0,9,-1,-1,3,1,0.0,1.0,-1,1,30,2,6,2,19:57,2,2,9
2023311352191,2023,311352191,1,1,1,1,33,6,2,0,0,0,0,0,9,6,E01028349,5,1,1.0,0.0,-1,6,60,1,6,2,19:29,3,2,9
2023161287641,2023,161287641,3,1,1,1,39,7,3,0,0,0,0,0,19,1,E01012852,3,1,0.0,1.0,-1,6,30,1,4,2,20:23,5,4,19
2023010423015,2023,010423015,1,1,1,1,27,6,3,0,0,0,0,0,3,5,E01021443,-1,0,0.0,1.0,-1,9,30,9,1,9,14:55,7,2,3
2023161354557,2023,161354557,2,1,2,2,34,6,3,0,0,0,3,0,11,-1,-1,3,1,0.0,1.0,-1,6,30,9,1,1,12:49,6,2,11
2023531310742,2023,531310742,1,1,1,1,51,8,2,0,0,0,0,0,1,8,E01022163,7,1,1.0,0.0,-1,6,30,1,1,1,16:50,3,2,1
2023010457389,2023,010457389,2,1,1,1,22,5,2,0,0,0,0,0,4,1,E01001364,-1,0,1.0,0.0,-1,6,20,2,1,2,18:40,4,2,4
2023010471985,2023,010471985,1,1,3,2,65,9,3,5,3,0,0,0,0,2,E01000972,-1,0,0.0,1.0,-1,3,20,1,1,1,15:35,7,1,9
2023991328839,2023,991328839,1,1,1,1,45,7,3,0,0,0,0,0,19,-1,-1,3,1,0.0,1.0,-1,3,70,1,1,2,07:15,5,2,19
2023010471822,2023,010471822,1,1,3,1,25,5,3,10,9,0,0,0,0,6,E01033457,-1,0,0.0,1.0,-1,6,20,1,1,1,14:45,6,1,9
2023361359371,2023,361359371,2,1,1,1,56,9,2,0,0,0,0,0,5,8,E01026578,6,1,1.0,0.0,-1,6,60,1,6,1,19:14,5,2,5
2023131372687,2023,131372687,1,1,3,1,58,9,2,9,9,0,0,2,0,1,E01010731,5,1,1.0,0.0,-1,6,40,1,7,1,21:52,4,1,1
2023311306718,2023,311306718,2,1,1,1,54,8,2,0,0,0,0,0,1,6,E01013250,5,1,1.0,0.0,-1,6,60,1,1,1,09:23,4,2,1
2023471291275,2023,471291275,1,1,3,2,16,4,3,1,1,0,0,0,0,8,E01031564,3,1,0.0,1.0,-1,6,30,1,7,1,20:00,6,1,1
2023471350454,2023,471350454,1,1,3,1,42,7,3,9,8,0,0,0,0,2,E01021091,3,1,0.0,1.0,-1,6,30,1,1,1,14:15,6,1,9
2023531328896,2023,531328896,1,1,3,2,20,4,3,5,1,0,0,0,0,2,E01022285,3,1,0.0,1.0,-1,3,40,8,1,2,15:00,4,1,19
2023451354701,2023,451354701,1,1,1,1,24,5,3,0,0,0,0,0,3,7,E01004138,3,1,0.0,1.0,-1,6,40,5,1,2,15:15,4,1,3
2023501306250,2023,501306250,1,1,1,1,60,9,2,0,0,0,0,0,5,2,E01019074,5,1,1.0,0.0,-1,6,30,1,1,1,19:32,4,1,5
2023401296565,2023,401296565,1,1,3,2,7,2,2,4,3,0,0,0,0,3,E01015751,7,1,1.0,0.0,-1,6,20,1,1,1,08:47,6,1,9
2023520301140,2023,520301140,1,1,3,2,7,2,3,6,9,0,0,0,0,10,W01001670,-1,0,0.02378,0.97622,-1,6,20,1,1,1,12:35,7,1,9
2023141319557,2023,141319557,1,1,1,1,21,5,2,0,0,0,0,0,9,7,E01028023,6,1,1.0,0.0,-1,6,60,1,1,1,06:00,6,2,9
2023991348758,2023,991348758,2,1,1,1,56,9,3,0,0,0,0,0,9,10,-1,3,1,0.0,1.0,-1,6,20,1,1,1,17:09,2,2,9
2023411375248,2023,411375248,2,2,2,2,43,7,2,0,0,-1,0,0,9,-1,-1,7,1,1.0,0.0,-1,3,70,8,4,2,20:10,1,2,9
2023421282403,2023,421282403,1,1,1,1,88,11,3,0,0,0,0,0,9,-1,-1,3,1,0.0,1.0,-1,6,30,1,1,1,17:13,4,2,9
2023451327408,2023,451327408,2,1,1,2,58,9,3,0,0,0,0,0,9,6,E01030842,3,1,0.0,1.0,-1,7,70,1,1,1,08:25,7,2,9
2023520300941,2023,520300941,2,2,1,1,36,7,3,0,0,0,0,0,9,6,W01001236,-1,0,0.04604,0.95396,-1,6,60,2,6,2,19:23,6,2,9
2023010427722,2023,010427722,1,1,1,1,26,6,3,0,0,0,0,0,9,5,E01000302,-1,0,0.0,1.0,-1,9,20,1,4,1,20:00,6,2,9
2023161274499,2023,161274499,1,1,1,1,69,10,3,0,0,0,0,0,9,3,E01007635,3,1,0.0,1.0,-1,3,30,1,1,1,12:17,5,1,9
2023010464713,2023,010464713,1,3,2,2,19,4,3,0,0,2,0,0,9,8,E01002322,-1,0,0.0,1.0,-1,3,30,1,1,1,07:25,6,2,9
2023141342063,2023,141342063,1,1,2,1,36,7,3,0,0,1,0,0,9,-1,-1,3,1,0.0,1.0,-1,6,30,1,1,1,16:10,3,2,9
2023411316836,2023,411316836,1,1,2,2,61,9,3,0,0,2,0,0,9,7,E01025702,3,1,0.0,1.0,-1,6,30,1,1,1,10:27,6,2,9
2023430266760,2023,430266760,2,2,2,2,76,11,3,0,0,1,0,0,9,10,E01028764,-1,0,0.05212,0.94788,-1,3,70,1,1,1,15:28,7,2,9
2023471309235,2023,471309235,1,1,1,2,77,11,3,0,0,0,0,0,9,9,E01031615,3,1,0.0,1.0,-1,3,60,1,1,1,10:40,6,2,9
2023411364288,2023,411364288,1,1,1,1,30,6,3,0,0,0,0,0,9,4,E01023350,3,1,0.0,1.0,-1,3,70,1,1,1,11:46,7,2,9
2023010475089,2023,010475089,1,1,2,2,48,8,3,0,0,9,0,0,9,2,E01003191,-1,0,0.0,1.0,-1,6,20,1,1,1,13:27,3,2,9
2023131342735,2023,131342735,2,1,1,2,54,8,3,0,0,0,0,0,9,7,E01015719,3,1,0.0,1.0,-1,6,30,1,1,1,09:35,4,2,9
2023141383934,2023,141383934,1,1,1,2,54,8,3,0,0,0,0,0,9,-1,-1,3,1,0.0,1.0,-1,6,30,1,4,1,17:20,5,2,9
2023371360405,2023,371360405,1,3,1,1,20,4,3,0,0,0,0,0,9,4,E01026474,3,1,0.0,1.0,-1,6,60,1,6,2,03:50,7,1,9
2023451365414,2023,451365414,3,5,2,1,40,7,3,0,0,1,0,0,9,4,E01002304,3,1,0.0,1.0,-1,3,70,1,1,1,15:45,6,4,9
2023622300690,2023,622300690,1,1,1,2,19,4,3,0,0,0,0,0,9,2,W01000942,-1,0,0.02115,0.97885,-1,6,30,2,1,1,14:37,1,2,9
2023031275795,2023,031275795,1,2,1,1,43,7,2,0,0,0,0,0,9,7,E01019214,6,1,1.0,0.0,-1,6,60,1,1,1,17:51,2,2,9
2023122301119,2023,122301119,1,1,1,1,30,6,3,0,0,0,0,0,9,1,E01007566,-1,0,0.06772,0.93228,-1,6,60,1,1,1,07:45,4,2,9
2023201295721,2023,201295721,1,3,2,1,18,4,3,0,0,1,0,0,9,2,E01009942,3,1,0.0,1.0,-1,1,30,1,4,2,00:02,4,3,9
2023201413939,2023,201413939,2,1,2,2,18,4,3,0,0,2,0,0,9,-1,-1,3,1,0.0,1.0,-1,1,30,1,4,1,01:50,1,2,9
2023041381098,2023,041381098,2,1,1,2,76,11,3,0,0,0,0,0,9,3,E01012623,3,1,0.0,1.0,-1,6,30,1,1,1,13:32,1,4,9
2023430028041,2023,430028041,1,1,2,2,1,1,2,0,0,2,0,0,9,10,E01017936,-1,0,1.0,0.0,-1,6,30,7,1,4,09:58,5,2,9
2023430130245,2023,430130245,2,1,1,2,35,6,3,0,0,0,0,0,9,8,E01028726,-1,0,0.00207,0.99793,-1,6,30,1,1,2,15:30,5,2,9
2023520400253,2023,520400253,1,1,1,2,48,8,3,0,0,0,0,0,9,8,E01029194,-1,0,0.02579,0.97421,-1,6,60,2,1,2,13:39,2,2,9
2023302301195,2023,302301195,1,1,1,1,20,4,2,0,0,0,0,0,3,7,E01019553,-1,0,1.0,0.0,-1,6,30,2,1,2,18:30,4,2,3
2023201419458,2023,201419458,1,1,3,1,56,9,3,5,3,0,0,2,0,1,E01009271,3,1,0.0,1.0,-1,6,30,1,1,1,12:58,7,1,9
2023430536678,2023,430536678,1,1,1,1,43,7,3,0,0,0,0,0,19,10,E01028674,-1,0,0.0041,0.9959,-1,7,70,1,1,1,07:10,4,2,19
2023351287414,2023,351287414,2,1,1,1,38,7,3,0,0,0,0,0,3,-1,-1,3,1,0.0,1.0,-1,6,20,2,1,2,13:25,2,2,3
2023201377387,2023,201377387,1,1,3,1,66,10,2,9,5,0,0,2,0,2,E01008889,6,1,1.0,0.0,-1,3,30,1,4,1,03:00,3,1,9
2023401296195,2023,401296195,1,1,3,2,47,8,3,4,1,0,0,0,0,7,E01033432,3,1,0.0,1.0,-1,2,30,1,1,-1,17:30,2,1,-1
2023451334518,2023,451334518,1,1,1,1,27,6,2,0,0,0,0,0,1,10,E01030561,7,1,1.0,0.0,-1,3,40,1,1,1,20:18,6,1,1
2023471297077,2023,471297077,2,1,1,2,19,4,3,0,0,0,0,0,1,7,E01016899,3,1,0.0,1.0,-1,3,30,1,1,1,18:15,7,2,1
2023201397139,2023,201397139,1,1,3,1,11,3,3,1,1,0,0,0,0,3,E01009795,3,1,0.0,1.0,-1,6,30,2,1,2,08:39,3,1,9
2023010432268,2023,010432268,1,1,1,2,36,7,3,0,0,0,0,0,9,3,E01002405,-1,0,0.0,1.0,-1,9,30,2,1,9,07:49,3,2,9
2023991269495,2023,991269495,2,4,1,1,46,8,3,0,0,0,0,0,9,9,-1,3,1,0.0,1.0,-1,6,60,6,6,3,20:10,1,2,9
2023991287207,2023,991287207,2,1,1,1,36,7,3,0,0,0,0,0,9,-1,-1,3,1,0.0,1.0,-1,6,60,1,1,1,12:07,4,2,9
2023161328497,2023,161328497,1,1,1,1,36,7,3,0,0,0,0,0,19,3,E01019099,3,1,0.0,1.0,-1,3,70,1,1,1,07:50,2,2,19
2023010463675,2023,010463675,1,1,1,1,29,6,3,0,0,0,0,0,3,5,E01000398,-1,0,0.0,1.0,-1,6,20,1,1,1,13:30,7,2,3
2023421393537,2023,421393537,1,1,1,1,35,6,2,0,0,0,0,0,4,1,E01021576,7,1,1.0,0.0,-1,6,30,1,1,2,13:27,1,2,4
2023061312515,2023,061312515,2,1,1,1,42,7,2,0,0,0,0,0,5,2,E01004876,5,1,1.0,0.0,-1,1,30,1,1,1,09:15,2,2,5
2023221326497,2023,221326497,1,3,2,2,19,4,3,0,0,2,0,0,9,4,E01014044,3,1,0.0,1.0,-1,6,60,1,6,1,03:04,2,1,9
2023371302189,2023,371302189,1,1,1,1,87,11,1,0,0,0,0,0,9,8,E01029917,1,1,0.0,0.0,-1,1,60,1,1,1,15:50,6,3,9
2023451266145,2023,451266145,1,1,1,1,23,5,3,0,0,0,0,0,9,5,E01030982,3,1,0.0,1.0,-1,6,30,1,1,1,15:45,6,3,9
2023010450114,2023,010450114,1,2,2,1,13,3,2,0,0,2,0,0,9,10,E01004114,-1,0,1.0,0.0,-1,6,30,1,1,1,15:25,2,1,9
2023351283470,2023,351283470,3,2,2,2,41,7,3,0,0,1,0,0,9,5,E01026594,3,1,0.0,1.0,-1,3,60,1,1,1,13:57,6,3,9
2023411421968,2023,411421968,2,1,1,1,16,4,3,0,0,0,0,0,1,4,E01023870,3,1,0.0,1.0,-1,6,30,1,4,2,18:54,4,2,1
2023311337827,2023,311337827,2,1,1,1,36,7,3,0,0,0,0,0,4,2,E01013853,3,1,0.0,1.0,-1,1,30,1,1,1,08:15,4,2,4
2023061346041,2023,061346041,1,3,2,2,8,2,3,0,0,2,0,0,9,9,E01019751,3,1,0.0,1.0,-1,6,30,1,1,1,18:30,1,1,9
2023421366876,2023,421366876,2,1,1,2,32,6,3,0,0,0,0,0,9,10,E01021379,3,1,0.0,1.0,-1,6,30,1,1,1,13:28,2,2,9
2023501312464,2023,501312464,1,1,1,2,20,4,3,0,0,0,0,0,9,7,E01019045,3,1,0.0,1.0,-1,9,30,1,6,1,22:07,1,1,9
2023451295542,2023,451295542,1,1,1,1,33,6,2,0,0,0,0,0,9,4,E01030709,5,1,1.0,0.0,-1,6,40,1,1,1,12:50,1,1,9
2023991308992,2023,991308992,2,3,2,1,9,2,3,0,0,1,0,0,9,-1,-1,3,1,0.0,1.0,-1,6,30,1,1,1,15:30,5,2,9
2023991338555,2023,991338555,1,1,2,2,54,8,2,0,0,1,0,0,9,-1,-1,6,1,1.0,0.0,-1,6,60,1,1,1,17:26,7,4,9
2023552300238,2023,552300238,1,2,2,1,35,6,3,0,0,0,0,0,19,2,E01010533,-1,0,0.08975,0.91025,-1,6,60,1,1,1,12:49,3,1,19
2023361312439,2023,361312439,2,1,1,2,26,6,3,0,0,0,0,0,5,3,E01026735,3,1,0.0,1.0,-1,6,40,1,6,1,21:32,1,2,5
2023401271831,2023,401271831,1,1,1,1,53,8,3,0,0,0,0,0,9,1,E01015736,3,1,0.0,1.0,-1,6,30,1,4,2,06:30,6,1,9
2023122300635,2023,122300635,1,1,1,2,30,6,3,0,0,0,0,0,9,8,E01031954,-1,0,0.0543,0.9457,-1,6,60,1,1,1,14:00,6,1,9
2023302300271,2023,302300271,1,2,2,1,30,6,3,0,0,1,0,0,9,1,E01013487,-1,0,0.06534,0.93466,-1,6,30,1,4,1,23:20,7,7,9
2023320501559,2023,320501559,1,1,2,2,67,10,2,0,0,1,0,0,9,1,-1,-1,0,1.0,0.0,-1,6,60,1,1,2,13:25,1,1,9
202363B007323,2023,63B007323,2,1,1,1,75,10,3,0,0,0,0,0,9,9,E01033528,-1,0,0.02127,0.97873,-1,6,60,1,1,1,11:35,4,2,9
2023010478233,2023,010478233,2,1,1,1,54,8,2,0,0,0,0,0,23,7,E01001308,-1,0,1.0,0.0,-1,6,30,1,1,1,14:40,4,2,23
2023131279918,2023,131279918,1,1,1,1,29,6,2,0,0,0,0,0,9,7,E01011941,6,1,1.0,0.0,-1,3,40,1,4,1,02:16,6,2,9
2023340NN1042,2023,340NN1042,2,2,2,2,2,1,3,0,0,2,0,0,9,-1,-1,-1,0,0.03166,0.96834,-1,3,30,2,1,2,12:10,6,3,9
2023461338807,2023,461338807,1,1,1,1,24,5,3,0,0,0,0,0,9,1,E01024615,3,1,0.0,1.0,-1,6,30,1,4,1,01:00,1,3,9
2023552300922,2023,552300922,2,1,1,1,74,10,2,0,0,0,0,0,1,4,E01015385,-1,0,1.0,0.0,-1,1,30,1,1,1,21:09,5,2,1
2023471277165,2023,471277165,2,1,1,1,25,5,3,0,0,0,0,0,3,3,E01016922,3,1,0.0,1.0,-1,3,40,2,1,2,07:40,5,2,3
2023141349273,2023,141349273,1,1,3,1,4,1,3,8,9,0,0,0,0,4,E01007810,3,1,0.0,1.0,-1,6,20,1,1,1,16:15,3,1,9
2023052300854,2023,052300854,1,1,1,1,35,6,2,0,0,0,0,0,1,2,E01006439,-1,0,1.0,0.0,-1,6,40,1,1,2,16:50,3,2,1
2023122300854,2023,122300854,2,1,1,1,15,3,3,0,0,0,0,0,1,2,E01013443,-1,0,0.10707,0.89293,-1,6,20,1,1,1,14:39,3,2,1
2023010474328,2023,010474328,2,1,1,1,34,6,3,0,0,0,0,0,2,4,E01021817,-1,0,0.0,1.0,-1,6,30,1,1,1,12:15,6,2,2
2023010429635,2023,010429635,2,1,1,1,49,8,3,0,0,0,0,0,1,5,E01002948,-1,0,0.0,1.0,-1,1,20,1,1,1,07:43,3,2,1
2023070058691,2023,070058691,2,1,1,1,65,9,3,0,0,0,0,0,1,9,E01018365,-1,0,0.05769,0.94231,-1,3,50,1,1,1,14:50,6,2,1
2023010453558,2023,010453558,1,1,1,1,43,7,3,0,0,0,0,0,3,2,E01004455,-1,0,0.0,1.0,-1,3,20,2,4,2,21:10,3,2,3
2023052302846,2023,052302846,2,2,1,1,24,5,3,0,0,0,0,0,9,10,E01007259,-1,0,0.031,0.969,-1,6,30,1,4,2,16:40,4,3,9
2023122301156,2023,122301156,1,1,1,1,19,4,3,0,0,0,0,0,9,8,E01027887,-1,0,0.04551,0.95449,-1,9,60,1,1,1,18:45,3,2,9
2023401281719,2023,401281719,2,1,1,1,33,6,3,0,0,0,0,0,9,9,E01017573,3,1,0.0,1.0,-1,3,50,2,1,2,08:42,3,2,9
2023451393562,2023,451393562,1,1,1,1,66,10,2,0,0,0,0,0,1,10,E01030670,7,1,1.0,0.0,-1,6,30,1,1,1,14:30,1,2,1
2023101359348,2023,101359348,2,2,2,2,61,9,2,0,0,1,0,0,9,2,E01008481,7,1,1.0,0.0,-1,6,30,1,1,1,16:20,7,2,9
2023471279251,2023,471279251,2,1,1,1,34,6,3,0,0,0,0,0,9,3,E01020941,3,1,0.0,1.0,-1,1,30,1,1,2,08:20,3,3,9
2023544859423,2023,544859423,1,1,1,1,18,4,3,0,0,0,0,0,9,6,E01032011,-1,0,0.07457,0.92543,-1,6,60,2,1,2,17:55,3,1,9
2023161332322,2023,161332322,1,1,1,1,29,6,2,0,0,0,0,0,19,-1,-1,7,1,1.0,0.0,-1,6,30,8,7,1,23:35,7,2,19
2023340WN5332,2023,340WN5332,2,3,2,1,39,7,3,0,0,0,0,0,19,1,E01013948,-1,0,0.08405,0.91595,-1,6,60,1,1,1,06:30,1,2,19
2023010429765,2023,010429765,1,3,2,1,26,6,3,0,0,2,0,0,9,3,E01001045,-1,0,0.0,1.0,-1,6,20,1,4,1,23:21,5,3,9
2023211292854,2023,211292854,1,2,2,1,78,11,3,0,0,2,0,0,9,8,E01029784,3,1,0.0,1.0,-1,6,60,1,7,1,22:45,5,1,9
2023371277237,2023,371277237,2,3,2,1,34,6,3,0,0,1,0,0,9,2,E01029987,3,1,0.0,1.0,-1,1,40,1,4,4,18:00,7,2,9
2023622300033,2023,622300033,1,1,1,1,22,5,3,0,0,0,0,0,9,4,W01001149,-1,0,0.04373,0.95627,-1,6,30,2,1,2,08:44,1,1,9
2023010474070,2023,010474070,1,1,1,1,40,7,3,0,0,0,0,0,19,3,E01021437,-1,0,0.0,1.0,-1,3,50,1,4,2,04:12,5,2,19
2023122300467,2023,122300467,2,2,2,1,11,3,3,0,0,1,0,0,9,10,E01011376,-1,0,0.06337,0.93663,-1,6,60,1,1,1,17:50,1,2,9
2023131273308,2023,131273308,2,1,1,1,36,7,3,0,0,0,0,0,9,4,E01010890,3,1,0.0,1.0,-1,6,40,1,1,2,10:02,3,3,9
2023401374360,2023,401374360,2,1,1,1,33,6,3,0,0,0,0,0,9,5,E01015780,3,1,0.0,1.0,-1,6,30,1,1,1,16:00,5,2,9
2023440115513,2023,440115513,1,1,1,1,82,11,3,0,0,0,0,0,9,10,E01022954,-1,0,0.10632,0.89368,-1,6,30,1,1,1,11:11,5,1,9
2023471381877,2023,471381877,2,2,2,2,18,4,2,0,0,1,0,0,9,6,E01017012,7,1,1.0,0.0,-1,6,30,1,6,2,22:55,7,3,9
2023520301058,2023,520301058,1,1,1,1,23,5,3,0,0,0,0,0,9,4,E01029179,-1,0,0.08328,0.91672,-1,3,70,2,6,2,18:00,4,1,9
2023010474606,2023,010474606,1,1,1,1,51,8,3,0,0,0,0,0,9,5,E01003742,-1,0,0.0,1.0,-1,9,20,1,4,1,18:15,7,2,9
2023141391870,2023,141391870,2,3,2,1,21,5,3,0,0,2,0,0,9,-1,-1,3,1,0.0,1.0,-1,3,40,4,4,2,21:15,7,2,9
2023161342000,2023,161342000,2,1,1,2,44,7,3,0,0,0,0,0,9,4,E01026377,3,1,0.0,1.0,-1,6,40,1,1,1,12:55,3,2,9
2023320180535,2023,320180535,1,1,1,1,32,6,3,0,0,0,0,0,9,7,E01026319,-1,0,0.15235,0.84765,-1,6,60,1,6,1,22:40,6,1,9