collision_index,collision_year,collision_ref_no,vehicle_reference,casualty_reference,casualty_class,sex_of_casualty,age_of_casualty,age_band_of_casualty,casualty_severity,pedestrian_location,pedestrian_movement,car_passenger,bus_or_coach_passenger,pedestrian_road_maintenance_worker,casualty_type,casualty_imd_decile,lsoa_of_casualty,enhanced_casualty_severity,casualty_injury_based,casualty_adjusted_severity_serious,casualty_adjusted_severity_slight,casualty_distance_banding,road_type,speed_limit,weather_conditions,light_conditions,road_surface_conditions,time,day_of_week,number_of_vehicles,vehicle_type
2023320307379,2023,320307379,1,3,1,1,62,9,3,0,0,0,0,0,9,5,E01008034,-1,0,0.15476,0.84524,-1,6,60,1,1,1,17:47,7,1,9
2023010430040,2023,010430040,1,1,2,1,40,7,3,0,0,0,3,0,11,2,E01029098,-1,0,0.0,1.0,-1,6,30,1,1,1,12:45,5,1,11
2023201371561,2023,201371561,1,1,1,1,-1,-1,3,0,0,0,0,0,9,1,E01008980,3,1,0.0,1.0,-1,6,30,1,4,1,00:40,6,2,9
2023211365665,2023,211365665,1,1,1,1,38,7,2,0,0,0,0,0,9,8,E01029653,5,1,1.0,0.0,-1,6,60,1,6,2,22:08,7,1,9
2023351384288,2023,351384288,2,1,1,2,64,9,2,0,0,0,0,0,9,1,E01015639,5,1,1.0,0.0,-1,6,60,1,1,1,14:48,4,2,9
2023311283367,2023,311283367,1,1,1,2,41,7,3,0,0,0,0,0,90,3,E01028257,3,1,0.0,1.0,-1,6,30,9,1,1,15:37,3,2,90
2023141334723,2023,141334723,2,2,1,1,74,10,2,0,0,0,0,0,9,-1,-1,6,1,1.0,0.0,-1,6,60,1,1,1,16:00,7,2,9
2023991388831,2023,991388831,1,1,3,2,12,3,3,5,1,0,0,2,0,3,-1,3,1,0.0,1.0,-1,6,30,1,4,1,19:05,6,1,9
2023010422745,2023,010422745,1,1,1,1,34,6,2,0,0,0,0,0,3,2,E01001110,-1,0,1.0,0.0,-1,6,30,1,1,2,14:58,7,2,3
2023010449147,2023,010449147,1,1,1,1,26,6,3,0,0,0,0,0,3,1,E01000601,-1,0,0.0,1.0,-1,6,20,1,1,1,19:45,4,2,3
2023311293409,2023,311293409,1,1,1,1,18,4,3,0,0,0,0,0,9,-1,-1,3,1,0.0,1.0,-1,7,60,1,4,2,23:11,2,1,9
2023440020751,2023,440020751,1,1,1,1,79,11,3,0,0,0,0,0,9,3,E01017349,-1,0,0.11405,0.88595,-1,2,30,1,7,1,16:10,2,4,9
2023461378373,2023,461378373,2,1,1,1,57,9,3,0,0,0,0,0,9,4,E01024293,3,1,0.0,1.0,-1,6,30,2,4,2,17:55,2,3,9
2023501325896,2023,501325896,2,1,1,1,19,4,3,0,0,0,0,0,9,8,E01015111,3,1,0.0,1.0,-1,6,30,2,1,2,17:26,3,2,9
2023531294811,2023,531294811,1,4,2,1,19,4,3,0,0,1,0,0,9,8,E01022247,3,1,0.0,1.0,-1,6,50,1,1,1,12:49,7,2,9
202354A350723,2023,54A350723,2,1,1,2,56,9,3,0,0,0,0,0,9,4,E01032101,-1,0,0.03896,0.96104,-1,6,30,1,1,1,16:02,6,3,9
2023010475360,2023,010475360,2,1,1,1,27,6,3,0,0,0,0,0,-1,5,E01001646,-1,0,0.0,1.0,-1,6,30,1,1,1,14:26,4,2,-1
2023141280405,2023,141280405,2,1,1,1,8,2,2,0,0,0,0,0,1,4,E01007820,5,1,1.0,0.0,-1,6,20,1,1,1,11:06,7,3,1
2023361385785,2023,361385785,2,3,2,1,13,3,3,0,0,2,0,0,9,3,E01026639,3,1,0.0,1.0,-1,6,30,2,4,2,16:11,1,2,9
2023371383484,2023,371383484,2,1,1,1,77,11,3,0,0,0,0,0,9,9,E01018307,3,1,0.0,1.0,-1,6,60,1,1,2,15:00,5,2,9
2023430398924,2023,430398924,1,1,3,1,47,8,2,5,1,0,0,0,0,7,E01016401,-1,0,1.0,0.0,-1,6,30,1,1,1,05:45,4,1,9
2023501278792,2023,501278792,1,1,3,2,39,7,3,5,9,0,0,0,0,6,E01015106,3,1,0.0,1.0,-1,6,30,1,4,1,18:10,5,1,9
2023111263508,2023,111263508,3,1,1,2,52,8,3,0,0,0,0,0,9,2,E01012357,3,1,0.0,1.0,-1,6,50,1,1,1,10:58,1,3,9
2023545293223,2023,545293223,1,1,1,2,87,11,2,0,0,0,0,0,9,8,E01032709,-1,0,1.0,0.0,-1,6,30,1,1,1,18:52,7,1,9
2023131367887,2023,131367887,2,1,1,2,33,6,3,0,0,0,0,0,1,2,E01011558,3,1,0.0,1.0,-1,6,20,1,4,2,05:45,7,2,1
2023010451562,2023,010451562,1,1,3,2,36,7,2,1,1,0,0,0,0,3,E01032729,-1,0,1.0,0.0,-1,9,30,8,1,1,17:00,6,1,1
2023201280959,2023,201280959,1,1,3,1,45,7,2,2,1,0,0,2,0,1,E01009359,5,1,1.0,0.0,-1,6,30,1,4,1,22:30,5,1,9
2023211349016,2023,211349016,1,1,1,1,41,7,3,0,0,0,0,0,8,4,E01014245,3,1,0.0,1.0,-1,6,30,1,4,1,01:54,5,2,8
2023991295579,2023,991295579,1,1,2,2,34,6,3,0,0,1,0,0,9,8,-1,3,1,0.0,1.0,-1,6,60,1,1,1,09:40,5,2,9
2023010480301,2023,010480301,2,1,1,2,30,6,3,0,0,0,0,0,-1,1,E01001206,-1,0,0.0,1.0,-1,6,30,8,1,2,13:50,1,2,-1
2023101357255,2023,101357255,2,1,1,1,13,3,3,0,0,0,0,0,1,2,E01008652,3,1,0.0,1.0,-1,6,30,1,1,1,17:30,3,2,1
2023520300384,2023,520300384,2,1,1,1,56,9,3,0,0,0,0,0,1,3,E01029280,-1,0,0.12564,0.87436,-1,6,30,2,1,2,17:28,5,2,1
2023010468312,2023,010468312,1,1,1,1,47,8,2,0,0,0,0,0,1,4,E01003123,-1,0,1.0,0.0,-1,3,30,1,1,1,08:45,3,2,1
2023131371677,2023,131371677,1,1,2,2,23,5,3,0,0,1,0,0,9,1,E01005527,3,1,0.0,1.0,-1,3,70,8,1,2,07:12,3,2,9
2023471391072,2023,471391072,1,1,1,2,21,5,3,0,0,0,0,0,9,10,E01031747,3,1,0.0,1.0,-1,6,30,4,1,1,12:11,5,2,9
2023440028388,2023,440028388,1,1,3,1,47,8,3,9,6,0,0,0,0,3,E01017170,-1,0,0.22282,0.77718,-1,6,30,1,4,2,00:01,1,1,9
2023010469232,2023,010469232,2,1,1,1,29,6,3,0,0,0,0,0,1,3,E01002620,-1,0,0.0,1.0,-1,3,20,1,4,1,18:51,7,2,1
2023010459477,2023,010459477,1,1,1,1,29,6,3,0,0,0,0,0,3,4,E01000634,-1,0,0.0,1.0,-1,6,20,1,4,1,22:50,2,2,3
2023010470766,2023,010470766,2,1,1,1,24,5,3,0,0,0,0,0,4,3,E01001823,-1,0,0.0,1.0,-1,6,20,8,1,1,16:30,1,2,4
2023311355298,2023,311355298,2,2,2,1,28,6,3,0,0,1,0,0,9,2,E01028267,3,1,0.0,1.0,-1,6,30,1,1,2,17:00,3,2,9
2023041308125,2023,041308125,2,1,1,2,22,5,2,0,0,0,0,0,1,6,E01025546,7,1,1.0,0.0,-1,6,30,1,4,4,23:16,2,2,1
2023221275552,2023,221275552,1,1,1,1,76,11,3,0,0,0,0,0,9,7,W01000486,3,1,0.0,1.0,-1,6,30,1,1,1,10:05,6,2,9
2023401346488,2023,401346488,1,1,1,1,48,8,3,0,0,0,0,0,9,6,E01023624,3,1,0.0,1.0,-1,6,40,1,1,1,19:23,2,2,9
2023170S12143,2023,170S12143,1,1,2,1,86,11,3,0,0,0,3,0,11,5,E01012280,-1,0,0.11383,0.88617,-1,6,30,1,1,2,10:00,6,1,11
2023221285991,2023,221285991,2,1,1,1,72,10,2,0,0,0,0,0,1,4,E01032359,7,1,1.0,0.0,-1,6,60,1,1,1,15:25,6,2,1
2023622300935,2023,622300935,2,2,1,1,23,5,3,0,0,0,0,0,1,5,W01000794,-1,0,0.07966,0.92034,-1,6,20,1,1,2,08:09,2,2,1
2023131350747,2023,131350747,2,1,1,1,37,7,3,0,0,0,0,0,1,3,E01010569,3,1,0.0,1.0,-1,6,30,1,1,1,11:15,7,2,1
2023231322748,2023,231322748,2,1,1,1,15,3,3,0,0,0,0,0,1,4,E01031026,3,1,0.0,1.0,-1,6,30,1,1,1,14:00,1,2,1
2023010452936,2023,010452936,1,1,1,1,37,7,3,0,0,0,0,0,9,3,E01004397,-1,0,0.0,1.0,-1,6,20,1,1,1,11:25,2,1,9
2023170M11373,2023,170M11373,1,1,2,1,16,4,3,0,0,1,0,0,9,1,E01012014,-1,0,0.00829,0.99171,-1,1,30,1,1,1,17:15,2,2,9
2023201390928,2023,201390928,1,1,3,2,-1,-1,2,10,9,0,0,2,0,-1,-1,7,1,1.0,0.0,-1,6,30,1,7,1,22:00,1,1,9
2023522300490,2023,522300490,1,1,3,2,49,8,1,1,1,0,0,0,0,6,E01015009,-1,0,0.0,0.0,-1,6,30,1,1,2,17:39,4,1,9
2023221263040,2023,221263040,2,1,1,2,54,8,3,0,0,0,0,0,9,8,E01014188,3,1,0.0,1.0,-1,6,30,1,4,2,17:40,5,2,9
2023361367247,2023,361367247,2,1,1,2,36,7,3,0,0,0,0,0,9,1,E01026467,3,1,0.0,1.0,-1,6,60,1,1,1,08:58,5,2,9
2023421295507,2023,421295507,2,2,1,2,20,4,3,0,0,0,0,0,9,6,E01021502,3,1,0.0,1.0,-1,6,30,1,1,1,15:40,3,3,9
2023501329384,2023,501329384,1,1,1,1,79,11,2,0,0,0,0,0,9,4,E01018825,5,1,1.0,0.0,-1,6,60,2,1,2,10:20,6,1,9
2023610021223,2023,610021223,1,1,3,1,79,11,3,5,1,0,0,0,0,3,W01001539,-1,0,0.20075,0.79925,-1,2,30,1,1,1,10:10,3,1,9
2023201377985,2023,201377985,2,1,1,1,19,4,3,0,0,0,0,0,1,3,E01009597,3,1,0.0,1.0,-1,3,40,2,1,2,07:42,5,2,1
2023122300746,2023,122300746,2,1,1,2,53,8,3,0,0,0,0,0,9,7,E01027647,-1,0,0.03193,0.96807,-1,6,60,1,1,1,09:45,7,2,9
2023201291977,2023,201291977,2,1,1,2,46,8,3,0,0,0,0,0,9,2,E01010463,3,1,0.0,1.0,-1,6,30,1,1,2,15:40,3,2,9
2023201378757,2023,201378757,2,1,1,1,27,6,3,0,0,0,0,0,9,6,E01009796,3,1,0.0,1.0,-1,6,30,1,1,1,20:31,4,2,9
2023221314191,2023,221314191,2,3,2,1,91,11,3,0,0,1,0,0,9,5,E01029283,3,1,0.0,1.0,-1,6,40,1,1,1,10:50,6,4,9
2023531309788,2023,531309788,1,2,1,1,55,8,3,0,0,0,0,0,9,-1,-1,3,1,0.0,1.0,-1,6,60,1,1,1,19:00,1,2,9
2023010486272,2023,010486272,2,1,1,2,29,6,3,0,0,0,0,0,4,2,E01001734,-1,0,0.0,1.0,-1,3,40,4,4,2,22:55,4,2,4
2023991287254,2023,991287254,1,1,3,2,27,6,2,1,1,0,0,0,0,1,-1,7,1,1.0,0.0,-1,6,20,2,4,2,23:00,4,1,11
2023461318459,2023,461318459,1,1,3,2,11,3,3,5,3,0,0,0,0,5,E01024032,3,1,0.0,1.0,-1,6,30,1,1,1,07:59,6,1,9
2023552300588,2023,552300588,2,1,1,1,39,7,3,0,0,0,0,0,1,7,E01015330,-1,0,0.11745,0.88255,-1,6,30,1,1,1,14:09,3,2,1
2023010482381,2023,010482381,1,1,3,2,10,2,3,5,3,0,0,0,0,2,E01000016,-1,0,0.0,1.0,-1,2,30,1,1,1,15:15,4,1,9
2023430208570,2023,430208570,2,1,1,2,12,3,3,0,0,0,0,0,1,-1,-1,-1,0,0.04554,0.95446,-1,6,30,1,1,1,17:20,5,2,1
2023010461052,2023,010461052,2,1,1,1,39,7,3,0,0,0,0,0,2,3,E01004458,-1,0,0.0,1.0,-1,6,20,1,1,1,13:38,5,2,2
2023101301441,2023,101301441,1,1,1,2,64,9,3,0,0,0,0,0,9,3,E01008487,3,1,0.0,1.0,-1,6,30,1,1,1,11:25,2,2,9
2023311372281,2023,311372281,1,1,1,1,18,4,3,0,0,0,0,0,9,9,E01028241,3,1,0.0,1.0,-1,6,60,2,6,5,07:30,1,1,9
2023430246653,2023,430246653,2,1,1,2,49,8,3,0,0,0,0,0,9,4,E01016573,-1,0,0.03365,0.96635,-1,6,30,1,1,1,14:59,2,2,9
2023991302598,2023,991302598,2,2,1,1,67,10,2,0,0,0,0,0,9,-1,-1,7,1,1.0,0.0,-1,6,40,2,1,2,15:25,1,2,9
2023101363373,2023,101363373,1,1,1,1,33,6,2,0,0,0,0,0,23,1,E01008340,7,1,1.0,0.0,-1,1,30,1,1,1,11:18,2,2,23
2023010419995,2023,010419995,1,1,3,1,55,8,3,9,9,0,0,0,0,4,E01001727,-1,0,0.0,1.0,-1,3,20,1,1,1,14:18,6,1,8
2023311329562,2023,311329562,1,1,3,1,12,3,2,7,3,0,0,0,0,2,E01028101,7,1,1.0,0.0,-1,3,40,2,1,2,15:35,6,1,9
2023122300187,2023,122300187,2,1,1,1,39,7,2,0,0,0,0,0,1,6,E01027734,-1,0,1.0,0.0,-1,6,60,1,6,1,18:00,2,2,1
2023141315536,2023,141315536,1,1,1,1,38,7,3,0,0,0,0,0,9,5,E01010818,3,1,0.0,1.0,-1,6,30,1,1,1,09:50,3,2,9
2023320100747,2023,320100747,1,3,1,1,17,4,3,0,0,0,0,0,9,9,E01026160,-1,0,0.15053,0.84947,-1,6,60,1,6,2,19:40,5,1,9
2023361365072,2023,361365072,1,1,1,1,57,9,3,0,0,0,0,0,9,6,E01026919,3,1,0.0,1.0,-1,6,60,1,1,1,14:10,4,2,9
2023991316133,2023,991316133,1,1,1,1,20,4,3,0,0,0,0,0,9,9,-1,3,1,0.0,1.0,-1,6,60,1,6,1,00:10,1,1,9
2023531266378,2023,531266378,1,1,3,2,44,7,3,5,1,0,0,0,0,6,E01022400,3,1,0.0,1.0,-1,6,30,8,1,2,08:20,3,1,9
2023010445739,2023,010445739,1,1,1,1,40,7,3,0,0,0,0,0,9,8,E01021750,-1,0,0.0,1.0,-1,3,50,1,1,1,14:20,1,2,9
2023332300512,2023,332300512,1,1,1,1,78,11,3,0,0,0,0,0,9,5,E01013770,-1,0,0.00466,0.99534,-1,6,30,1,1,1,15:35,1,2,9
2023471290875,2023,471290875,2,2,2,1,61,9,3,0,0,1,0,0,9,-1,-1,3,1,0.0,1.0,-1,3,30,1,1,1,11:15,2,2,9
2023471318007,2023,471318007,2,1,2,2,14,3,3,0,0,1,0,0,9,-1,-1,3,1,0.0,1.0,-1,6,60,1,1,1,08:20,3,2,9
2023122300599,2023,122300599,1,2,2,1,17,4,3,0,0,1,0,0,9,7,E01027816,-1,0,0.06811,0.93189,-1,6,60,2,6,2,23:00,6,1,9
2023141377717,2023,141377717,2,1,1,2,27,6,3,0,0,0,0,0,9,-1,-1,3,1,0.0,1.0,-1,3,40,1,1,1,13:46,4,2,9
2023010463331,2023,010463331,1,1,1,1,30,6,3,0,0,0,0,0,3,2,E01000600,-1,0,0.0,1.0,-1,6,20,9,4,9,21:02,4,2,3
2023010485128,2023,010485128,1,1,1,1,29,6,3,0,0,0,0,0,3,4,E01002180,-1,0,0.0,1.0,-1,6,30,1,4,1,20:50,3,2,3
2023010444779,2023,010444779,2,1,1,1,23,5,3,0,0,0,0,0,4,3,E01001488,-1,0,0.0,1.0,-1,3,20,1,1,1,09:43,4,2,4
2023421322342,2023,421322342,1,1,1,1,41,7,2,0,0,0,0,0,5,1,E01015916,5,1,1.0,0.0,-1,3,50,1,1,1,17:12,6,1,5
2023451296009,2023,451296009,2,2,2,2,65,9,3,0,0,1,0,0,9,10,E01030540,3,1,0.0,1.0,-1,6,30,5,1,2,17:10,3,3,9
2023010486333,2023,010486333,1,1,2,1,93,11,2,0,0,0,3,0,11,3,E01004489,-1,0,1.0,0.0,-1,6,20,1,1,2,11:20,5,1,11
2023221283864,2023,221283864,2,1,1,1,36,7,3,0,0,0,0,0,19,8,W01000555,3,1,0.0,1.0,-1,1,40,1,1,1,09:40,1,2,19
2023010455831,2023,010455831,1,2,2,2,2,1,3,0,0,2,0,0,9,8,E01004081,-1,0,0.0,1.0,-1,6,30,1,1,1,10:13,3,2,9
2023010475565,2023,010475565,1,1,1,1,43,7,3,0,0,0,0,0,9,-1,-1,-1,0,0.0,1.0,-1,3,30,8,4,2,16:12,5,1,9
2023332300989,2023,332300989,2,3,2,2,16,4,3,0,0,2,0,0,9,6,E01013801,-1,0,0.01716,0.98284,-1,6,30,1,1,1,17:15,7,2,9
2023451409699,2023,451409699,2,1,1,1,26,6,2,0,0,0,0,0,3,4,E01002964,7,1,1.0,0.0,-1,6,30,1,1,2,13:40,6,2,3
2023320213429,2023,320213429,1,1,1,2,48,8,2,0,0,0,0,0,5,-1,-1,-1,0,1.0,0.0,-1,6,30,1,1,1,11:15,1,1,5
2023052302700,2023,052302700,2,1,1,2,42,7,2,0,0,0,0,0,3,1,E01006963,-1,0,1.0,0.0,-1,6,30,1,1,2,10:10,7,2,3
2023101422941,2023,101422941,2,1,1,1,61,9,3,0,0,0,0,0,9,7,E01027473,3,1,0.0,1.0,-1,6,60,1,1,1,17:57,4,2,9
2023361266105,2023,361266105,2,1,1,2,58,9,3,0,0,0,0,0,9,7,E01026801,3,1,0.0,1.0,-1,6,30,1,4,2,16:23,6,2,9
2023440522060,2023,440522060,2,1,1,2,64,9,3,0,0,0,0,0,9,7,E01023098,-1,0,0.05846,0.94154,-1,6,30,1,1,2,14:57,6,2,9
2023461279497,2023,461279497,1,1,1,2,74,10,1,0,0,0,0,0,9,8,E01024024,1,1,0.0,0.0,-1,6,60,2,1,2,14:36,4,2,9
2023131358080,2023,131358080,1,2,2,1,58,9,3,0,0,1,0,0,9,9,E01008023,3,1,0.0,1.0,-1,3,70,2,4,2,19:20,7,3,9
2023440228532,2023,440228532,1,1,1,1,70,10,3,0,0,0,0,0,9,7,E01017329,-1,0,0.13718,0.86282,-1,6,60,1,1,1,14:27,6,2,9
2023451277321,2023,451277321,2,2,1,1,41,7,2,0,0,0,0,0,9,7,E01004149,7,1,1.0,0.0,-1,3,30,1,4,2,20:22,5,2,9
2023471304782,2023,471304782,1,1,1,1,22,5,3,0,0,0,0,0,9,3,E01015442,3,1,0.0,1.0,-1,6,40,1,4,2,23:02,7,2,9
2023010430456,2023,010430456,1,1,3,2,20,4,3,5,1,0,0,0,0,5,E01000567,-1,0,0.0,1.0,-1,6,30,1,1,1,12:25,4,1,97
2023211392144,2023,211392144,1,1,3,1,58,9,2,6,9,0,0,0,0,7,E01029460,5,1,1.0,0.0,-1,6,40,1,4,2,20:43,1,3,9
2023141328972,2023,141328972,1,1,2,2,28,6,3,0,0,1,0,0,9,-1,-1,3,1,0.0,1.0,-1,3,40,1,1,1,11:51,5,1,9
2023371304427,2023,371304427,1,1,1,2,44,7,3,0,0,0,0,0,9,6,E01029925,3,1,0.0,1.0,-1,6,60,1,6,1,21:17,3,2,9
2023010442218,2023,010442218,1,1,1,1,71,10,3,0,0,0,0,0,9,5,E01000142,-1,0,0.0,1.0,-1,3,30,1,1,2,16:30,4,2,9
2023471357721,2023,471357721,1,1,1,1,54,8,3,0,0,0,0,0,9,1,E01016868,3,1,0.0,1.0,-1,3,70,2,6,2,01:50,6,2,9
2023991259735,2023,991259735,1,3,2,1,21,5,3,0,0,2,0,0,9,8,-1,3,1,0.0,1.0,-1,6,30,1,1,2,14:23,4,1,9
2023430017584,2023,430017584,1,1,1,1,32,6,3,0,0,0,0,0,97,4,E01016673,-1,0,0.13037,0.86963,-1,2,30,2,4,2,20:34,5,2,97
2023461318954,2023,461318954,2,1,1,2,33,6,3,0,0,0,0,0,4,4,E01030383,3,1,0.0,1.0,-1,7,40,1,1,1,13:40,1,2,4
2023471261271,2023,471261271,1,2,2,2,-1,-1,2,0,0,0,0,0,19,2,E01016873,7,1,1.0,0.0,-1,3,40,1,4,1,19:11,2,2,19
2023010468998,2023,010468998,1,1,1,2,48,8,3,0,0,0,0,0,9,9,E01026396,-1,0,0.0,1.0,-1,6,30,1,1,1,16:20,5,2,9
2023361285487,2023,361285487,2,4,2,1,13,3,3,0,0,2,0,0,9,-1,-1,3,1,0.0,1.0,-1,6,50,3,1,3,15:50,6,2,9
2023010485022,2023,010485022,1,1,1,2,36,7,3,0,0,0,0,0,1,1,E01001729,-1,0,0.0,1.0,-1,6,20,2,4,2,06:43,3,2,1
2023010473466,2023,010473466,2,2,1,1,23,5,3,0,0,0,0,0,4,6,E01001093,-1,0,0.0,1.0,-1,6,30,1,4,1,18:19,1,2,4
2023311322920,2023,311322920,1,1,1,1,40,7,3,0,0,0,0,0,9,5,E01016500,3,1,0.0,1.0,-1,3,30,1,4,1,00:35,1,2,9
2023421269022,2023,421269022,1,1,3,2,30,6,3,5,1,0,0,0,0,9,E01021675,3,1,0.0,1.0,-1,6,30,1,4,2,17:07,4,1,9
2023010449285,2023,010449285,2,1,1,1,42,7,3,0,0,0,0,0,1,8,E01004292,-1,0,0.0,1.0,-1,6,20,1,1,1,15:50,5,2,1
2023430442556,2023,430442556,1,1,1,1,84,11,3,0,0,0,0,0,1,9,E01016682,-1,0,0.10447,0.89553,-1,6,20,1,1,1,08:30,7,2,1
2023010431839,2023,010431839,1,1,3,1,66,10,2,5,3,0,0,0,0,4,E01003714,-1,0,1.0,0.0,-1,6,30,2,4,2,20:08,1,1,9
2023031311019,2023,031311019,2,2,1,2,35,6,3,0,0,0,0,0,9,2,E01019108,3,1,0.0,1.0,-1,6,40,1,1,1,11:10,4,5,9
2023010459063,2023,010459063,1,1,3,2,37,7,3,4,3,0,0,0,0,5,E01004753,-1,0,0.0,1.0,-1,6,20,2,1,2,13:38,7,1,9
2023010461379,2023,010461379,2,1,1,1,43,7,3,0,0,0,0,0,1,3,E01002027,-1,0,0.0,1.0,-1,3,20,1,1,1,13:45,7,2,1
2023061308950,2023,061308950,2,2,1,1,44,7,2,0,0,0,0,0,9,3,E01030362,6,1,1.0,0.0,-1,3,70,1,1,1,09:00,5,3,9
2023461358368,2023,461358368,2,1,1,1,78,11,3,0,0,0,0,0,1,7,E01016139,3,1,0.0,1.0,-1,6,40,1,1,1,09:22,2,2,1
2023010430863,2023,010430863,1,1,1,2,34,6,3,0,0,0,0,0,9,2,E01001485,-1,0,0.0,1.0,-1,6,30,8,1,2,16:00,3,2,9
2023141292212,2023,141292212,1,1,1,1,30,6,2,0,0,0,0,0,9,3,E01007375,7,1,1.0,0.0,-1,3,60,1,1,2,18:00,5,1,9
2023440508673,2023,440508673,2,1,2,1,6,2,3,0,0,2,0,0,9,10,E01022770,-1,0,0.03614,0.96386,-1,6,30,1,1,2,15:28,4,2,9
2023552300594,2023,552300594,1,2,1,1,15,3,3,0,0,0,0,0,23,7,E01020566,-1,0,0.15252,0.84748,-1,6,30,1,1,1,16:44,2,2,23
2023520300530,2023,520300530,2,1,1,1,40,7,3,0,0,0,0,0,1,7,E01029140,-1,0,0.13732,0.86268,-1,6,40,1,1,1,16:05,5,2,1
2023440532360,2023,440532360,1,1,3,2,27,6,3,9,5,0,0,0,0,2,E01017238,-1,0,0.05464,0.94536,-1,6,30,1,4,2,21:40,1,1,9
2023201379251,2023,201379251,2,1,1,2,55,8,2,0,0,0,0,0,1,4,E01009065,7,1,1.0,0.0,-1,1,30,1,1,1,08:15,4,2,1
2023010439722,2023,010439722,1,1,1,1,43,7,2,0,0,0,0,0,9,3,E01002612,-1,0,1.0,0.0,-1,6,20,1,4,1,01:02,5,2,9
2023201453378,2023,201453378,2,1,1,2,57,9,3,0,0,0,0,0,9,5,E01009072,3,1,0.0,1.0,-1,6,30,2,1,2,15:19,7,2,9
2023461279464,2023,461279464,2,1,1,2,20,4,3,0,0,0,0,0,9,4,E01016128,3,1,0.0,1.0,-1,3,30,1,1,1,11:48,4,2,9
2023201263878,2023,201263878,1,1,3,2,11,3,2,1,3,0,0,0,0,2,E01010019,7,1,1.0,0.0,-1,6,30,1,1,1,08:24,2,1,9
2023010469024,2023,010469024,1,1,2,2,49,8,3,0,0,2,0,0,9,3,E01002396,-1,0,0.0,1.0,-1,1,50,1,1,1,18:05,6,2,9
2023552300065,2023,552300065,3,8,2,2,11,3,3,0,0,1,0,0,9,8,E01020400,-1,0,0.01517,0.98483,-1,6,30,4,1,2,15:36,5,6,9
2023552300529,2023,552300529,1,1,1,1,19,4,3,0,0,0,0,0,9,7,E01029250,-1,0,0.05993,0.94007,-1,6,40,1,1,1,15:33,2,2,9
2023061274567,2023,061274567,2,1,1,1,72,10,3,0,0,0,0,0,1,7,E01005041,3,1,0.0,1.0,-1,6,30,1,1,1,17:05,5,2,1
2023522301851,2023,522301851,1,1,1,2,32,6,3,0,0,0,0,0,1,6,E01014677,-1,0,0.03065,0.96935,-1,6,20,4,1,1,17:55,2,2,1
2023010427902,2023,010427902,2,1,2,2,22,5,3,0,0,1,0,0,9,2,E01001719,-1,0,0.0,1.0,-1,6,20,1,4,1,19:21,7,2,9
2023221346263,2023,221346263,2,2,1,2,42,7,3,0,0,0,0,0,9,7,E01028940,3,1,0.0,1.0,-1,6,60,1,1,1,08:00,6,2,9
2023421322554,2023,421322554,1,1,2,1,11,3,3,0,0,1,0,0,9,-1,-1,3,1,0.0,1.0,-1,6,30,1,1,1,16:59,1,1,9
2023471377127,2023,471377127,2,1,1,1,89,11,3,0,0,0,0,0,22,9,E01031727,3,1,0.0,1.0,-1,6,30,1,1,1,07:25,2,2,22
2023531315303,2023,531315303,1,1,1,1,14,3,2,0,0,0,0,0,1,9,E01014039,7,1,1.0,0.0,-1,6,30,1,1,1,11:00,4,2,1
2023471368023,2023,471368023,1,1,1,1,32,6,2,0,0,0,0,0,3,1,E01021015,7,1,1.0,0.0,-1,6,30,1,1,1,16:50,6,2,3
2023371329684,2023,371329684,2,1,1,2,22,5,3,0,0,0,0,0,9,6,E01029880,3,1,0.0,1.0,-1,1,30,1,1,1,09:50,7,2,9
2023461317678,2023,461317678,2,3,2,1,49,8,3,0,0,1,0,0,9,6,E01024847,3,1,0.0,1.0,-1,6,60,1,1,1,07:07,5,2,9
2023311362780,2023,311362780,2,1,1,1,39,7,2,0,0,0,0,0,1,2,E01027937,7,1,1.0,0.0,-1,6,30,9,1,1,17:30,3,2,1
2023010432580,2023,010432580,1,2,2,2,20,4,3,0,0,1,0,0,9,-1,-1,-1,0,0.0,1.0,-1,3,70,1,1,1,15:14,5,2,9
2023070364733,2023,070364733,2,1,1,2,32,6,3,0,0,0,0,0,9,-1,-1,-1,0,0.02061,0.97939,-1,6,30,1,1,1,16:43,1,3,9
2023211335514,2023,211335514,1,1,1,2,21,5,3,0,0,0,0,0,9,-1,-1,3,1,0.0,1.0,-1,3,70,1,1,1,06:00,1,1,9
2023411313698,2023,411313698,1,2,2,2,74,10,2,0,0,1,0,0,9,9,E01023896,7,1,1.0,0.0,-1,6,50,1,1,1,12:10,7,2,9
2023542176023,2023,542176023,1,1,1,1,54,8,3,0,0,0,0,0,9,6,E01032109,-1,0,0.03935,0.96065,-1,6,30,1,1,1,16:43,2,2,9
2023302301763,2023,302301763,1,1,1,1,23,5,3,0,0,0,0,0,19,5,E01019719,-1,0,0.06441,0.93559,-1,6,30,1,4,2,06:15,6,2,19
2023010459846,2023,010459846,1,1,2,-1,-1,-1,3,0,0,1,0,0,9,2,E01004455,-1,0,0.0,1.0,-1,6,20,1,1,1,11:30,5,1,9
2023361331715,2023,361331715,1,2,2,2,76,11,3,0,0,1,0,0,9,10,E01014477,3,1,0.0,1.0,-1,3,50,1,1,1,09:07,6,2,9