collision_index,collision_year,collision_ref_no,vehicle_reference,casualty_reference,casualty_class,sex_of_casualty,age_of_casualty,age_band_of_casualty,casualty_severity,pedestrian_location,pedestrian_movement,car_passenger,bus_or_coach_passenger,pedestrian_road_maintenance_worker,casualty_type,casualty_imd_decile,lsoa_of_casualty,enhanced_casualty_severity,casualty_injury_based,casualty_adjusted_severity_serious,casualty_adjusted_severity_slight,casualty_distance_banding,road_type,speed_limit,weather_conditions,light_conditions,road_surface_conditions,time,day_of_week,number_of_vehicles,vehicle_type
2023010482238,2023,010482238,1,1,3,2,73,10,3,1,9,0,0,0,0,10,E01022663,-1,0,0.0,1.0,-1,6,20,2,4,2,18:00,1,1,1
2023231345208,2023,231345208,1,1,1,2,43,7,2,0,0,0,0,0,5,9,-1,7,1,1.0,0.0,-1,3,70,1,1,1,11:57,1,2,5
2023052302615,2023,052302615,2,3,2,2,5,1,3,0,0,2,0,0,9,10,E01007264,-1,0,0.01042,0.98958,-1,1,70,1,1,2,16:10,3,2,9
2023401288485,2023,401288485,1,1,1,2,44,7,3,0,0,0,0,0,9,4,E01017567,3,1,0.0,1.0,-1,6,60,1,1,1,14:18,4,1,9
2023361318507,2023,361318507,1,1,3,1,87,11,3,5,4,0,0,0,0,3,E01026747,3,1,0.0,1.0,-1,6,20,1,1,1,11:46,4,1,21
2023421390904,2023,421390904,2,1,1,2,48,8,3,0,0,0,0,0,9,9,E01021923,3,1,0.0,1.0,-1,6,30,9,4,2,20:13,6,2,9
2023461340157,2023,461340157,6,2,2,2,36,7,3,0,0,1,0,0,9,5,E01024551,3,1,0.0,1.0,-1,7,70,1,1,1,13:00,2,6,9
2023411324065,2023,411324065,2,1,1,1,45,7,3,0,0,0,0,0,1,8,E01002477,3,1,0.0,1.0,-1,3,40,1,1,-1,10:55,4,2,1
2023052300314,2023,052300314,1,1,1,1,45,7,2,0,0,0,0,0,3,1,E01007008,-1,0,1.0,0.0,-1,6,30,1,4,1,19:00,5,2,3
2023010431211,2023,010431211,1,1,1,1,32,6,3,0,0,0,0,0,8,2,E01000096,-1,0,0.0,1.0,-1,6,20,1,4,1,20:59,1,2,8
2023052301663,2023,052301663,2,1,1,2,47,8,3,0,0,0,0,0,9,1,E01006050,-1,0,0.01187,0.98813,-1,6,30,1,1,1,10:45,3,2,9
2023361384765,2023,361384765,2,1,1,2,37,7,2,0,0,0,0,0,9,2,E01026820,7,1,1.0,0.0,-1,6,60,2,1,2,12:12,7,2,9
2023421388886,2023,421388886,1,2,2,1,30,6,3,0,0,1,0,0,9,8,E01021544,3,1,0.0,1.0,-1,3,40,1,4,1,01:25,7,2,9
2023501380942,2023,501380942,2,2,1,2,37,7,3,0,0,0,0,0,9,2,E01015023,3,1,0.0,1.0,-1,6,30,3,1,2,08:45,5,2,9
2023991365742,2023,991365742,1,1,2,2,55,8,2,0,0,0,0,0,5,-1,-1,6,1,1.0,0.0,-1,6,60,1,6,1,18:20,1,2,5
2023010478236,2023,010478236,2,1,1,1,55,8,3,0,0,0,0,0,9,10,E01021941,-1,0,0.0,1.0,-1,6,30,1,4,1,21:08,4,2,9
2023071237539,2023,071237539,3,2,1,1,25,5,3,0,0,0,0,0,9,8,E01012557,-1,0,0.01046,0.98954,-1,3,70,2,1,2,07:58,5,4,9
2023311327616,2023,311327616,2,3,1,2,25,5,3,0,0,0,0,0,9,4,E01007545,3,1,0.0,1.0,-1,6,60,1,1,1,18:04,6,2,9
2023311365616,2023,311365616,1,2,2,1,44,7,3,0,0,1,0,0,9,10,E01028199,3,1,0.0,1.0,-1,6,50,1,1,2,09:20,1,2,9
2023411363265,2023,411363265,1,2,2,2,24,5,3,0,0,1,0,0,9,-1,-1,3,1,0.0,1.0,-1,9,20,8,1,1,13:50,1,1,9
2023440365916,2023,440365916,2,1,1,2,52,8,3,0,0,0,0,0,9,2,E01017340,-1,0,0.04393,0.95607,-1,6,30,1,1,1,15:30,6,2,9
2023471384608,2023,471384608,2,2,1,2,-1,-1,2,0,0,0,0,0,9,5,E01031585,6,1,1.0,0.0,-1,3,30,1,4,2,01:05,7,3,9
2023991267074,2023,991267074,1,1,1,1,72,10,2,0,0,0,0,0,9,10,-1,6,1,1.0,0.0,-1,6,60,1,1,1,16:00,2,2,9
2023010468237,2023,010468237,2,1,1,1,28,6,3,0,0,0,0,0,4,1,E01000868,-1,0,0.0,1.0,-1,2,20,1,1,1,17:46,2,2,4
2023351383452,2023,351383452,1,3,2,1,18,4,3,0,0,2,0,0,9,2,E01015632,3,1,0.0,1.0,-1,6,30,1,4,1,02:34,6,2,9
2023471356684,2023,471356684,2,2,1,1,60,9,3,0,0,0,0,0,9,2,E01031432,3,1,0.0,1.0,-1,6,50,1,6,1,22:25,3,2,9
2023522401075,2023,522401075,1,1,1,1,19,4,3,0,0,0,0,0,9,4,E01015007,-1,0,0.00403,0.99597,-1,6,20,1,4,1,18:51,6,2,9
2023471371891,2023,471371891,2,1,1,1,38,7,3,0,0,0,0,0,-1,3,E01016879,3,1,0.0,1.0,-1,3,30,1,1,1,09:00,3,2,-1
2023010433029,2023,010433029,1,1,3,1,25,5,3,6,9,0,0,0,0,1,E01003577,-1,0,0.0,1.0,-1,2,20,2,4,2,20:53,7,1,9
2023991293761,2023,991293761,1,1,3,1,5,1,1,5,2,0,0,2,0,-1,-1,1,1,0.0,0.0,-1,6,30,1,1,1,17:45,3,1,11
2023010448700,2023,010448700,2,1,1,1,52,8,3,0,0,0,0,0,1,9,E01004490,-1,0,0.0,1.0,-1,6,20,1,1,1,08:51,3,2,1
2023101321830,2023,101321830,1,1,1,1,87,11,2,0,0,0,0,0,9,2,E01008210,6,1,1.0,0.0,-1,6,30,1,1,1,14:08,5,2,9
2023201299250,2023,201299250,2,1,1,2,37,7,3,0,0,0,0,0,9,7,E01009975,3,1,0.0,1.0,-1,6,30,1,1,1,12:53,6,3,9
2023201387744,2023,201387744,2,3,2,1,29,6,3,0,0,-1,0,0,9,4,E01009085,3,1,0.0,1.0,-1,3,40,1,1,1,13:12,1,2,9
2023231369469,2023,231369469,1,1,3,2,90,11,3,5,3,0,0,0,0,8,E01031323,3,1,0.0,1.0,-1,6,30,1,1,1,12:32,6,1,9
2023451362924,2023,451362924,1,1,3,1,42,7,3,1,1,0,0,0,0,10,E01030762,3,1,0.0,1.0,-1,7,30,1,1,1,16:15,4,1,9
2023471343378,2023,471343378,1,1,3,1,34,6,3,1,1,0,0,0,0,6,E01031673,3,1,0.0,1.0,-1,6,30,1,1,1,12:29,6,1,9
2023622300414,2023,622300414,1,1,1,1,22,5,3,0,0,0,0,0,4,8,E01009908,-1,0,0.24241,0.75759,-1,6,60,1,7,1,17:26,7,1,4
2023041268268,2023,041268268,4,4,1,1,29,6,3,0,0,0,0,0,9,10,E01006321,3,1,0.0,1.0,-1,6,60,2,1,2,07:40,4,4,9
2023221392992,2023,221392992,1,1,1,1,48,8,3,0,0,0,0,0,9,6,E01032244,3,1,0.0,1.0,-1,6,40,2,4,2,16:20,5,2,9
2023351347147,2023,351347147,1,1,1,1,26,6,2,0,0,0,0,0,9,-1,-1,5,1,1.0,0.0,-1,6,60,1,1,2,05:10,1,2,9
2023471379351,2023,471379351,1,1,1,1,26,6,3,0,0,0,0,0,9,7,E01031632,3,1,0.0,1.0,-1,6,30,2,1,2,07:50,2,2,9
2023552300341,2023,552300341,1,1,1,1,63,9,3,0,0,0,0,0,20,6,E01015410,-1,0,0.0542,0.9458,-1,1,30,2,1,2,13:15,2,3,20
2023061370680,2023,061370680,1,1,3,1,40,7,2,1,3,0,0,2,0,2,E01005487,7,1,1.0,0.0,-1,6,30,2,4,2,19:27,6,1,9
2023010435157,2023,010435157,1,1,1,2,37,7,2,0,0,0,0,0,1,8,E01004502,-1,0,1.0,0.0,-1,9,20,9,1,9,12:00,6,1,1
2023061367524,2023,061367524,1,1,1,1,45,7,2,0,0,0,0,0,1,-1,-1,7,1,1.0,0.0,-1,6,30,1,4,2,06:00,6,1,1
2023101334439,2023,101334439,2,1,1,1,13,3,3,0,0,0,0,0,1,1,E01008331,3,1,0.0,1.0,-1,6,20,1,1,1,17:00,1,2,1
2023010485569,2023,010485569,1,2,2,1,8,2,3,0,0,2,0,0,9,4,E01024296,-1,0,0.0,1.0,-1,6,30,1,1,1,13:56,6,2,9
2023010484589,2023,010484589,2,3,1,1,-1,-1,3,0,0,0,0,0,1,-1,-1,-1,0,0.0,1.0,-1,6,20,1,4,1,17:15,1,2,1
2023351392986,2023,351392986,2,1,1,1,21,5,3,0,0,0,0,0,9,6,E01018053,3,1,0.0,1.0,-1,6,30,1,4,1,21:09,7,3,9
2023451362750,2023,451362750,1,1,1,1,32,6,3,0,0,0,0,0,-1,5,E01030572,3,1,0.0,1.0,-1,1,30,1,4,2,02:15,7,1,-1
2023991317855,2023,991317855,2,1,1,1,75,10,2,0,0,0,0,0,5,8,-1,6,1,1.0,0.0,-1,1,30,1,1,1,21:15,2,2,5
2023010434743,2023,010434743,2,2,1,1,18,4,3,0,0,0,0,0,9,4,E01004124,-1,0,0.0,1.0,-1,6,20,1,1,1,18:41,3,3,9
2023010477276,2023,010477276,1,1,1,1,35,6,3,0,0,0,0,0,9,-1,-1,-1,0,0.0,1.0,-1,1,30,1,4,1,01:28,6,2,9
2023501283980,2023,501283980,1,1,1,2,18,4,3,0,0,0,0,0,9,4,E01018757,3,1,0.0,1.0,-1,6,30,1,1,1,09:50,3,1,9
2023631320416,2023,631320416,1,1,1,1,33,6,3,0,0,0,0,0,9,3,W01000604,3,1,0.0,1.0,-1,6,60,1,1,1,17:59,1,2,9
2023461387989,2023,461387989,1,1,3,2,-1,-1,3,5,1,0,0,0,0,-1,-1,3,1,0.0,1.0,-1,6,30,9,5,1,20:15,6,1,9
2023401318530,2023,401318530,2,1,1,1,28,6,2,0,0,0,0,0,1,-1,-1,7,1,1.0,0.0,-1,1,50,1,1,1,20:20,6,2,1
2023522400941,2023,522400941,1,1,1,1,41,7,3,0,0,0,0,0,1,1,E01033366,-1,0,0.04288,0.95712,-1,6,20,1,4,1,18:45,6,2,1
2023411417517,2023,411417517,2,1,1,1,36,7,2,0,0,0,0,0,3,2,E01021816,7,1,1.0,0.0,-1,6,30,2,4,2,19:10,6,2,3
2023041365770,2023,041365770,1,1,1,1,94,11,3,0,0,0,0,0,9,8,E01025163,3,1,0.0,1.0,-1,6,30,1,1,1,15:00,1,2,9
2023170S10633,2023,170S10633,3,2,1,2,37,7,3,0,0,0,0,0,9,1,E01012252,-1,0,0.05001,0.94999,-1,6,30,1,1,1,14:14,2,3,9
2023221291565,2023,221291565,2,1,1,2,44,7,3,0,0,0,0,0,9,10,E01033059,3,1,0.0,1.0,-1,6,30,1,1,1,14:50,2,2,9
2023302302001,2023,302302001,2,1,1,2,24,5,3,0,0,0,0,0,9,5,E01019827,-1,0,0.0531,0.9469,-1,1,60,2,1,2,08:00,5,2,9
2023430385440,2023,430385440,2,1,1,1,37,7,3,0,0,0,0,0,9,4,E01015734,-1,0,0.01456,0.98544,-1,6,60,1,1,1,11:40,2,2,9
2023351297748,2023,351297748,1,1,1,1,17,4,3,0,0,0,0,0,3,2,E01015657,3,1,0.0,1.0,-1,6,30,1,4,1,20:20,6,1,3
2023010439557,2023,010439557,1,1,1,2,46,8,3,0,0,0,0,0,9,7,E01021857,-1,0,0.0,1.0,-1,9,30,9,1,9,14:42,6,2,9
2023041322483,2023,041322483,2,2,1,1,20,4,3,0,0,0,0,0,9,9,E01024966,3,1,0.0,1.0,-1,6,30,1,1,1,11:05,6,2,9
2023231293198,2023,231293198,1,2,2,1,35,6,2,0,0,1,0,0,9,-1,-1,5,1,1.0,0.0,-1,6,50,1,6,2,03:13,1,1,9
2023351374773,2023,351374773,2,1,1,2,28,6,3,0,0,0,0,0,9,6,E01015675,3,1,0.0,1.0,-1,3,40,1,4,1,17:30,2,2,9
2023031307025,2023,031307025,1,2,2,1,62,9,3,0,0,-1,0,0,9,9,E01019287,3,1,0.0,1.0,-1,6,40,1,1,1,20:05,7,2,9
2023122301389,2023,122301389,1,1,1,1,29,6,3,0,0,0,0,0,9,-1,-1,-1,0,0.04422,0.95578,-1,3,70,2,6,2,06:45,3,1,9
2023141291959,2023,141291959,1,1,1,1,26,6,3,0,0,0,0,0,9,1,E01007822,3,1,0.0,1.0,-1,6,30,8,1,1,17:20,4,2,9
2023211319615,2023,211319615,1,1,1,2,41,7,2,0,0,0,0,0,9,9,E01029815,7,1,1.0,0.0,-1,6,60,1,1,1,18:30,6,1,9
2023332300660,2023,332300660,1,1,1,2,42,7,2,0,0,0,0,0,9,9,E01025777,-1,0,1.0,0.0,-1,6,20,1,1,1,11:40,4,2,9
2023501338009,2023,501338009,1,3,2,2,13,3,3,0,0,1,0,0,9,7,E01004545,3,1,0.0,1.0,-1,6,60,1,6,1,22:17,5,2,9
2023010450465,2023,010450465,1,1,3,1,69,10,3,4,2,0,0,0,0,6,E01002005,-1,0,0.0,1.0,-1,6,20,1,1,1,10:55,4,1,19
2023201360235,2023,201360235,1,1,3,2,16,4,3,8,1,0,0,0,0,2,E01009751,3,1,0.0,1.0,-1,6,30,1,1,1,08:12,2,1,9
2023010443689,2023,010443689,2,1,1,2,-1,-1,3,0,0,0,0,0,1,-1,-1,-1,0,0.0,1.0,-1,6,30,1,1,1,12:46,5,2,1
2023010449833,2023,010449833,1,1,1,1,21,5,3,0,0,0,0,0,9,3,E01003146,-1,0,0.0,1.0,-1,6,20,1,1,1,08:40,1,4,9
2023041283365,2023,041283365,3,4,2,2,28,6,3,0,0,1,0,0,9,5,E01012664,3,1,0.0,1.0,-1,6,30,1,1,1,17:10,7,6,9
2023421313554,2023,421313554,2,1,1,2,17,4,3,0,0,0,0,0,9,3,E01022007,3,1,0.0,1.0,-1,1,30,1,4,1,22:00,4,2,9
2023010469653,2023,010469653,1,2,2,1,-1,-1,3,0,0,2,0,0,9,-1,-1,-1,0,0.0,1.0,-1,6,30,1,1,1,14:15,2,2,9
2023361294681,2023,361294681,2,1,1,2,21,5,3,0,0,0,0,0,9,8,E01026531,3,1,0.0,1.0,-1,6,60,1,6,1,22:08,6,2,9
2023471264313,2023,471264313,1,1,1,2,32,6,3,0,0,0,0,0,9,9,E01021023,3,1,0.0,1.0,-1,6,60,1,1,4,07:35,3,1,9
2023501382766,2023,501382766,1,1,1,1,36,7,3,0,0,0,0,0,9,3,E01018799,3,1,0.0,1.0,-1,3,70,2,6,2,06:15,3,3,9
2023052302981,2023,052302981,1,3,1,1,80,11,3,0,0,0,0,0,9,7,E01006940,-1,0,0.09844,0.90156,-1,6,30,1,1,1,12:06,4,2,9
2023061346367,2023,061346367,1,1,1,2,44,7,3,0,0,0,0,0,9,1,E01005094,3,1,0.0,1.0,-1,3,30,1,1,2,10:30,1,2,9
2023461266950,2023,461266950,2,1,1,2,36,7,3,0,0,0,0,0,9,10,E01016050,3,1,0.0,1.0,-1,9,60,1,1,2,08:28,5,3,9
2023622300775,2023,622300775,1,2,2,1,51,8,3,0,0,1,0,0,9,2,W01001138,-1,0,0.08521,0.91479,-1,6,30,1,1,1,21:07,7,1,9
2023052302405,2023,052302405,1,1,1,1,49,8,2,0,0,0,0,0,-1,3,E01006838,-1,0,1.0,0.0,-1,6,30,1,1,1,15:00,3,2,-1
2023010453453,2023,010453453,2,2,2,2,-1,-1,3,0,0,2,0,0,9,2,E01016873,-1,0,0.0,1.0,-1,6,30,1,4,1,00:40,5,2,9
2023010480959,2023,010480959,1,1,1,2,27,6,3,0,0,0,0,0,9,2,E01001775,-1,0,0.0,1.0,-1,9,20,1,4,1,18:34,4,2,9
2023061272696,2023,061272696,2,1,1,1,-1,-1,3,0,0,0,0,0,9,1,E01004996,3,1,0.0,1.0,-1,6,30,1,1,2,13:50,6,2,9
2023501268487,2023,501268487,1,1,1,2,34,6,3,0,0,0,0,0,9,3,E01018950,3,1,0.0,1.0,-1,9,60,1,1,4,10:28,5,1,9
2023061337484,2023,061337484,1,2,3,2,2,1,3,5,3,0,0,-1,0,4,E01005820,3,1,0.0,1.0,-1,6,20,1,1,-1,09:00,6,1,9
2023552301361,2023,552301361,2,1,1,1,13,3,3,0,0,0,0,0,1,2,E01015379,-1,0,0.06721,0.93279,-1,6,30,1,1,1,15:53,5,2,1
2023320697731,2023,320697731,3,1,1,2,28,6,3,0,0,0,0,0,9,2,E01026111,-1,0,0.04348,0.95652,-1,6,60,8,1,1,14:20,6,3,9
2023522301424,2023,522301424,1,1,1,1,37,7,3,0,0,0,0,0,9,10,E01032676,-1,0,0.06616,0.93384,-1,6,30,2,5,2,02:07,1,1,9
2023010471006,2023,010471006,2,1,1,1,15,3,2,0,0,0,0,0,-1,8,E01000669,-1,0,1.0,0.0,-1,2,30,1,1,1,17:30,2,2,-1
2023010484047,2023,010484047,1,2,3,2,36,7,3,5,3,0,0,0,0,1,E01032512,-1,0,0.0,1.0,-1,6,20,2,4,2,16:00,5,1,3
202354A623823,2023,54A623823,1,1,3,1,52,8,3,5,1,0,0,0,0,1,E01015544,-1,0,0.09727,0.90273,-1,6,20,1,4,1,19:27,6,1,9
2023010456214,2023,010456214,1,1,1,2,28,6,3,0,0,0,0,0,9,5,E01003741,-1,0,0.0,1.0,-1,1,20,1,1,2,07:55,4,2,9
2023421372980,2023,421372980,1,1,3,1,76,11,3,5,2,0,0,0,0,3,E01021649,3,1,0.0,1.0,-1,6,30,1,1,1,09:11,6,1,9
2023631347649,2023,631347649,1,1,3,2,57,9,3,9,5,0,0,2,0,5,W01000060,3,1,0.0,1.0,-1,6,40,1,1,1,16:40,5,1,9
2023161338166,2023,161338166,2,1,1,1,30,6,3,0,0,0,0,0,1,-1,-1,3,1,0.0,1.0,-1,6,30,2,1,2,17:10,4,2,1
2023201318990,2023,201318990,1,1,1,1,-1,-1,3,0,0,0,0,0,1,-1,-1,3,1,0.0,1.0,-1,3,30,1,1,1,12:19,5,2,1
2023351314170,2023,351314170,2,1,1,1,29,6,3,0,0,0,0,0,1,8,E01018001,3,1,0.0,1.0,-1,6,20,1,1,-1,17:30,4,2,1
2023010452701,2023,010452701,1,3,2,1,22,5,3,0,0,1,0,0,9,3,E01004684,-1,0,0.0,1.0,-1,6,20,8,4,1,01:00,1,2,9
2023010459874,2023,010459874,1,1,1,2,31,6,3,0,0,0,0,0,9,5,E01001524,-1,0,0.0,1.0,-1,6,30,1,1,1,17:36,4,2,9
2023421264585,2023,421264585,1,1,1,1,54,8,2,0,0,0,0,0,9,1,E01015932,7,1,1.0,0.0,-1,6,30,1,6,4,16:25,3,1,9
2023201314901,2023,201314901,1,1,1,1,27,6,3,0,0,0,0,0,-1,1,E01009117,3,1,0.0,1.0,-1,3,30,1,4,1,23:00,6,1,-1
2023411457513,2023,411457513,1,1,1,1,-1,-1,3,0,0,0,0,0,4,8,E01022068,3,1,0.0,1.0,-1,6,30,1,4,1,19:18,4,1,4
2023201424134,2023,201424134,2,1,1,2,44,7,3,0,0,0,0,0,9,8,E01009668,3,1,0.0,1.0,-1,3,50,1,4,1,19:00,7,2,9
2023302301445,2023,302301445,1,1,1,2,20,4,2,0,0,0,0,0,9,6,E01019748,-1,0,1.0,0.0,-1,6,60,1,1,1,16:45,6,2,9
2023320529674,2023,320529674,2,1,1,1,59,9,3,0,0,0,0,0,9,4,E01026041,-1,0,0.03565,0.96435,-1,6,40,1,1,1,15:00,6,2,9
2023411340229,2023,411340229,1,1,1,1,26,6,3,0,0,0,0,0,19,2,E01001432,3,1,0.0,1.0,-1,6,30,1,1,1,14:43,2,2,19
2023010436602,2023,010436602,2,1,1,2,52,8,3,0,0,0,0,0,9,2,E01004013,-1,0,0.0,1.0,-1,6,30,1,1,1,13:57,1,2,9
2023010475790,2023,010475790,1,1,1,2,23,5,3,0,0,0,0,0,9,9,E01031714,-1,0,0.0,1.0,-1,6,30,2,1,2,15:48,6,2,9
2023161359889,2023,161359889,1,3,1,2,51,8,3,0,0,0,0,0,9,4,E01013049,3,1,0.0,1.0,-1,6,30,1,1,1,14:00,5,2,9
2023231347104,2023,231347104,2,1,2,1,19,4,3,0,0,1,0,0,9,3,E01031081,3,1,0.0,1.0,-1,6,30,1,6,1,22:12,1,2,9
2023311312143,2023,311312143,1,1,1,2,76,11,3,0,0,0,0,0,9,4,E01026379,3,1,0.0,1.0,-1,6,30,1,1,1,14:55,7,1,9
2023471318237,2023,471318237,1,1,1,2,76,11,3,0,0,0,0,0,9,10,E01016984,3,1,0.0,1.0,-1,6,20,1,1,1,15:40,3,2,9
2023481366805,2023,481366805,2,1,1,1,53,8,2,0,0,0,0,0,1,-1,-1,5,1,1.0,0.0,-1,6,20,1,4,1,20:30,5,2,1
2023010474937,2023,010474937,1,1,1,-1,28,6,3,0,0,0,0,0,3,3,E01003035,-1,0,0.0,1.0,-1,6,20,9,1,9,14:00,6,2,3
2023201341384,2023,201341384,2,2,1,1,47,8,3,0,0,0,0,0,8,2,E01010312,3,1,0.0,1.0,-1,6,30,2,1,2,14:55,3,2,8
2023122300980,2023,122300980,2,2,1,1,49,8,1,0,0,0,0,0,9,3,E01012137,-1,0,0.0,0.0,-1,6,60,4,6,1,19:00,1,2,9
2023411281148,2023,411281148,1,1,1,2,44,7,3,0,0,0,0,0,9,5,E01021838,3,1,0.0,1.0,-1,6,30,1,1,1,07:02,2,2,9
2023430444244,2023,430444244,2,1,1,2,48,8,3,0,0,0,0,0,9,10,E01017936,-1,0,0.0382,0.9618,-1,6,30,1,1,1,15:20,3,2,9
2023501271849,2023,501271849,2,1,1,1,48,8,3,0,0,0,0,0,9,6,E01019016,3,1,0.0,1.0,-1,6,30,1,1,1,13:30,5,2,9
2023010454402,2023,010454402,2,1,1,1,54,8,3,0,0,0,0,0,1,7,E01002687,-1,0,0.0,1.0,-1,6,30,1,1,1,18:12,2,2,1
2023111351680,2023,111351680,2,1,1,2,18,4,3,0,0,0,0,0,1,4,E01020826,3,1,0.0,1.0,-1,6,30,1,1,2,16:45,2,2,1
2023361266053,2023,361266053,3,1,2,2,84,11,3,0,0,-1,0,0,9,-1,-1,3,1,0.0,1.0,-1,3,40,1,1,2,14:45,6,3,9
2023401289957,2023,401289957,2,2,2,1,30,6,3,0,0,2,0,0,9,8,E01017376,3,1,0.0,1.0,-1,6,60,1,1,1,18:45,4,2,9
2023421278951,2023,421278951,1,2,2,2,68,10,3,0,0,1,0,0,9,4,E01021999,3,1,0.0,1.0,-1,6,60,1,1,1,14:45,3,2,9
2023461325448,2023,461325448,1,1,1,1,59,9,3,0,0,0,0,0,9,3,E01024047,3,1,0.0,1.0,-1,3,60,1,1,1,18:15,3,2,9
2023552300845,2023,552300845,1,1,2,1,19,4,2,0,0,1,0,0,9,6,E01020424,-1,0,1.0,0.0,-1,6,30,1,4,1,21:11,3,2,9
2023201414782,2023,201414782,1,1,3,1,61,9,3,8,3,0,0,0,0,9,E01025758,3,1,0.0,1.0,-1,6,30,1,4,1,19:19,4,1,9
2023010463455,2023,010463455,2,1,1,1,40,7,3,0,0,0,0,0,5,3,E01001190,-1,0,0.0,1.0,-1,6,20,1,1,1,07:15,6,2,5
2023332300350,2023,332300350,1,2,2,1,51,8,3,0,0,1,0,0,9,2,E01013753,-1,0,0.00659,0.99341,-1,6,20,1,1,1,17:38,1,2,9
2023461308161,2023,461308161,1,1,1,1,22,5,3,0,0,0,0,0,9,5,E01000488,3,1,0.0,1.0,-1,6,20,2,6,2,19:47,5,1,9
2023531379348,2023,531379348,2,1,1,1,26,6,3,0,0,0,0,0,9,7,E01022373,3,1,0.0,1.0,-1,3,70,1,1,2,07:57,2,2,9
2023610051623,2023,610051623,1,1,2,1,18,4,2,0,0,1,0,0,9,10,W01001639,-1,0,1.0,0.0,-1,6,20,2,4,2,16:53,4,2,9
2023991372706,2023,991372706,1,1,3,1,24,5,2,9,9,0,0,0,0,5,-1,5,1,1.0,0.0,-1,6,60,1,6,1,01:30,1,1,9
2023041263516,2023,041263516,1,1,1,1,19,4,3,0,0,0,0,0,1,2,E01025118,3,1,0.0,1.0,-1,6,30,9,1,1,14:30,7,2,1
2023421365370,2023,421365370,2,1,1,1,24,5,2,0,0,0,0,0,1,9,E01021561,7,1,1.0,0.0,-1,6,30,9,1,1,17:20,2,2,1
2023440178606,2023,440178606,1,1,1,1,23,5,2,0,0,0,0,0,3,-1,-1,-1,0,1.0,0.0,-1,6,30,1,4,1,21:00,7,1,3
2023201339229,2023,201339229,2,3,2,1,79,11,2,0,0,2,0,0,9,6,E01013302,7,1,1.0,0.0,-1,6,30,1,4,1,02:56,5,2,9
2023201419558,2023,201419558,1,1,3,1,12,3,3,1,1,0,0,0,0,1,E01009007,3,1,0.0,1.0,-1,6,30,1,1,1,08:38,2,1,9
2023010450455,2023,010450455,1,1,1,1,27,6,3,0,0,0,0,0,3,3,E01000929,-1,0,0.0,1.0,-1,6,20,1,1,1,14:13,3,2,3
2023010424647,2023,010424647,1,1,1,1,43,7,3,0,0,0,0,0,9,4,E01003216,-1,0,0.0,1.0,-1,6,20,1,4,2,23:08,3,3,9
2023010470911,2023,010470911,1,1,1,1,32,6,3,0,0,0,0,0,9,6,E01003459,-1,0,0.0,1.0,-1,6,20,1,1,1,15:00,1,2,9
2023010474806,2023,010474806,1,1,1,1,44,7,3,0,0,0,0,0,9,2,E01000098,-1,0,0.0,1.0,-1,3,30,1,4,2,00:00,2,1,9
2023010454602,2023,010454602,1,1,1,1,36,7,3,0,0,0,0,0,1,1,E01004222,-1,0,0.0,1.0,-1,6,20,1,4,1,20:25,7,2,1
2023451362943,2023,451362943,2,1,1,1,62,9,1,0,0,0,0,0,5,10,E01030958,1,1,0.0,0.0,-1,6,40,1,1,1,14:50,7,2,5
2023052300684,2023,052300684,2,1,1,1,31,6,3,0,0,0,0,0,9,4,E01006537,-1,0,0.0076,0.9924,-1,3,30,1,1,1,13:30,5,2,9
2023544852623,2023,544852623,1,2,2,2,64,9,3,0,0,2,0,0,9,2,E01015476,-1,0,0.06055,0.93945,-1,3,70,1,1,1,14:48,3,1,9
2023122300035,2023,122300035,2,1,1,1,44,7,3,0,0,0,0,0,9,8,E01027563,-1,0,0.05306,0.94694,-1,6,60,1,6,2,07:23,6,2,9
2023010427166,2023,010427166,2,1,1,1,-1,-1,3,0,0,0,0,0,1,-1,-1,-1,0,0.0,1.0,-1,9,30,1,1,1,14:00,3,2,1
2023010465479,2023,010465479,2,1,1,1,45,7,3,0,0,0,0,0,1,7,E01023556,-1,0,0.0,1.0,-1,6,20,1,1,1,08:30,3,2,1
2023501323697,2023,501323697,2,1,1,1,21,5,1,0,0,0,0,0,5,-1,-1,1,1,0.0,0.0,-1,6,60,1,1,1,09:28,4,2,5
2023010476802,2023,010476802,1,1,2,1,55,8,3,0,0,1,0,0,9,4,E01004401,-1,0,0.0,1.0,-1,2,30,1,4,1,01:50,5,3,9
2023131346847,2023,131346847,2,2,2,2,51,8,3,0,0,1,0,0,9,7,E01011879,3,1,0.0,1.0,-1,1,30,2,1,1,12:10,4,3,9
2023231313603,2023,231313603,1,3,2,1,23,5,3,0,0,1,0,0,9,9,E01031156,3,1,0.0,1.0,-1,6,30,1,1,1,19:59,5,2,9
2023421266830,2023,421266830,1,1,1,2,32,6,3,0,0,0,0,0,9,-1,-1,3,1,0.0,1.0,-1,6,40,1,1,1,08:56,2,2,9
2023531352357,2023,531352357,2,2,1,1,36,7,3,0,0,0,0,0,9,8,E01021352,3,1,0.0,1.0,-1,3,30,1,1,1,08:00,5,2,9
2023010485568,2023,010485568,1,1,3,1,17,4,3,6,9,0,0,0,0,2,E01004007,-1,0,0.0,1.0,-1,2,20,1,1,1,13:10,6,1,11
2023052302887,2023,052302887,1,1,3,2,70,10,3,5,3,0,0,0,0,1,E01006790,-1,0,0.20483,0.79517,-1,6,30,1,1,2,13:05,7,1,9