collision_index,collision_year,collision_ref_no,vehicle_reference,casualty_reference,casualty_class,sex_of_casualty,age_of_casualty,age_band_of_casualty,casualty_severity,pedestrian_location,pedestrian_movement,car_passenger,bus_or_coach_passenger,pedestrian_road_maintenance_worker,casualty_type,casualty_imd_decile,lsoa_of_casualty,enhanced_casualty_severity,casualty_injury_based,casualty_adjusted_severity_serious,casualty_adjusted_severity_slight,casualty_distance_banding,road_type,speed_limit,weather_conditions,light_conditions,road_surface_conditions,time,day_of_week,number_of_vehicles,vehicle_type
2023141376481,2023,141376481,1,1,1,2,31,6,3,0,0,0,0,0,9,7,E01007798,3,1,0.0,1.0,-1,3,30,1,1,1,07:00,2,2,9
2023332301113,2023,332301113,1,1,1,2,30,6,3,0,0,0,0,0,9,1,E01013602,-1,0,0.01703,0.98297,-1,1,30,1,4,1,22:00,6,2,9
2023451338939,2023,451338939,2,1,1,2,43,7,3,0,0,0,0,0,9,5,E01030750,3,1,0.0,1.0,-1,6,40,1,1,1,11:00,2,3,9
2023010443504,2023,010443504,1,2,2,1,27,6,3,0,0,0,0,0,10,10,E01030416,-1,0,0.0,1.0,-1,6,30,1,1,1,14:16,4,2,10
2023010438751,2023,010438751,1,2,2,2,22,5,3,0,0,1,0,0,9,1,E01004273,-1,0,0.0,1.0,-1,2,20,1,4,1,04:45,7,4,9
2023471266661,2023,471266661,1,1,1,1,57,9,2,0,0,0,0,0,9,9,E01020558,7,1,1.0,0.0,-1,3,70,1,6,2,17:05,1,1,9
2023471286316,2023,471286316,2,1,1,2,31,6,3,0,0,0,0,0,9,3,E01024372,3,1,0.0,1.0,-1,3,70,5,4,5,20:24,1,2,9
2023010461457,2023,010461457,1,4,2,1,7,2,3,0,0,2,0,0,9,1,E01021290,-1,0,0.0,1.0,-1,3,40,1,1,1,16:24,7,2,9
2023041368092,2023,041368092,2,1,1,2,17,4,3,0,0,0,0,0,9,8,E01025411,3,1,0.0,1.0,-1,6,20,2,4,2,00:50,1,2,9
2023991350807,2023,991350807,1,1,3,1,39,7,2,8,7,0,0,2,0,-1,-1,7,1,1.0,0.0,-1,6,60,2,6,2,21:20,7,1,9
2023010460917,2023,010460917,2,1,1,1,33,6,3,0,0,0,0,0,3,-1,-1,-1,0,0.0,1.0,-1,6,20,1,1,1,17:20,4,2,3
2023430171892,2023,430171892,2,1,1,1,17,4,3,0,0,0,0,0,3,6,E01016433,-1,0,0.12791,0.87209,-1,6,30,1,1,1,15:55,5,2,3
2023101342037,2023,101342037,1,1,2,2,-1,-1,3,0,0,2,0,0,8,-1,-1,3,1,0.0,1.0,-1,6,30,1,1,1,07:50,1,1,8
2023461369399,2023,461369399,2,1,1,1,51,8,2,0,0,0,0,0,9,3,E01016016,7,1,1.0,0.0,-1,3,30,1,4,1,22:45,7,2,9
2023010480861,2023,010480861,1,1,1,1,43,7,3,0,0,0,0,0,4,3,E01003136,-1,0,0.0,1.0,-1,6,30,9,1,1,14:00,4,2,4
2023010442620,2023,010442620,1,1,3,1,13,3,3,5,1,0,0,0,0,8,E01002273,-1,0,0.0,1.0,-1,6,30,1,1,1,16:00,6,1,9
2023161350367,2023,161350367,1,1,3,2,27,6,3,5,4,0,0,2,0,6,E01013285,3,1,0.0,1.0,-1,6,30,1,1,1,07:39,6,1,9
2023461308164,2023,461308164,2,1,1,1,25,5,3,0,0,0,0,0,-1,7,E01024712,3,1,0.0,1.0,-1,6,30,1,1,1,16:30,2,2,-1
2023052300988,2023,052300988,1,1,1,2,64,9,3,0,0,0,0,0,9,1,E01006573,-1,0,0.0547,0.9453,-1,3,30,1,1,1,16:50,2,2,9
2023061318426,2023,061318426,2,1,1,2,27,6,3,0,0,0,0,0,9,9,E01006277,3,1,0.0,1.0,-1,6,30,1,1,-1,19:00,3,2,9
2023311282868,2023,311282868,1,1,2,2,49,8,3,0,0,1,0,0,9,7,E01028406,3,1,0.0,1.0,-1,6,30,1,4,2,18:57,6,2,9
2023361380633,2023,361380633,1,1,1,1,56,9,2,0,0,0,0,0,9,-1,-1,7,1,1.0,0.0,-1,6,60,2,6,4,22:08,4,1,9
2023461282649,2023,461282649,2,1,1,1,40,7,3,0,0,0,0,0,19,3,E01000689,3,1,0.0,1.0,-1,3,70,1,4,1,19:02,2,2,19
2023332301064,2023,332301064,1,1,3,2,41,7,2,1,3,0,0,0,0,-1,-1,-1,0,1.0,0.0,-1,6,30,1,1,1,16:25,4,1,9
2023991359966,2023,991359966,1,1,3,1,15,3,2,8,9,0,0,2,0,1,-1,7,1,1.0,0.0,-1,6,30,4,4,2,19:10,5,1,97
2023010425765,2023,010425765,2,1,1,1,35,6,3,0,0,0,0,0,2,4,E01001087,-1,0,0.0,1.0,-1,6,30,1,4,1,22:14,2,2,2
2023010458202,2023,010458202,1,1,1,1,36,7,3,0,0,0,0,0,3,5,E01002123,-1,0,0.0,1.0,-1,9,30,2,1,2,15:37,2,2,3
2023430368091,2023,430368091,2,1,1,2,24,5,3,0,0,0,0,0,3,5,E01000512,-1,0,0.1195,0.8805,-1,6,40,1,1,1,13:28,5,2,3
2023161308080,2023,161308080,2,2,1,1,74,10,2,0,0,0,0,0,4,5,E01013163,7,1,1.0,0.0,-1,6,30,1,1,1,10:26,3,2,4
2023340WN0512,2023,340WN0512,2,1,1,1,31,6,3,0,0,0,0,0,9,4,E01027247,-1,0,0.01415,0.98585,-1,6,30,1,1,2,08:30,2,2,9
2023411267825,2023,411267825,2,1,1,2,68,10,3,0,0,0,0,0,9,10,E01023965,3,1,0.0,1.0,-1,6,60,1,1,4,09:15,6,2,9
2023010436754,2023,010436754,1,1,1,1,28,6,3,0,0,0,0,0,9,4,E01017473,-1,0,0.0,1.0,-1,9,20,1,1,1,18:00,2,2,9
2023161291487,2023,161291487,1,2,2,1,18,4,3,0,0,2,0,0,9,7,E01012794,3,1,0.0,1.0,-1,6,60,1,6,2,21:20,3,1,9
2023010431314,2023,010431314,1,1,2,1,33,6,3,0,0,0,4,0,11,-1,-1,-1,0,0.0,1.0,-1,6,30,2,1,2,15:30,5,1,11
2023010464669,2023,010464669,3,1,1,1,29,6,3,0,0,0,0,0,9,-1,-1,-1,0,0.0,1.0,-1,3,20,1,4,1,22:12,5,3,9
2023111394599,2023,111394599,2,2,2,1,49,8,3,0,0,1,0,0,9,1,E01008836,3,1,0.0,1.0,-1,3,60,2,6,2,23:10,1,3,9
2023302300694,2023,302300694,2,1,1,2,36,7,3,0,0,0,0,0,9,4,E01013459,-1,0,0.01553,0.98447,-1,6,30,1,1,1,09:30,6,2,9
2023501379064,2023,501379064,1,1,1,1,39,7,3,0,0,0,0,0,9,2,E01015086,3,1,0.0,1.0,-1,6,30,2,4,2,05:50,1,2,9
2023332300848,2023,332300848,1,1,3,1,67,10,2,4,1,0,0,0,0,7,E01025658,-1,0,1.0,0.0,-1,6,30,1,1,1,15:20,4,1,9
2023461274114,2023,461274114,2,1,1,1,56,9,3,0,0,0,0,0,1,9,E01024107,3,1,0.0,1.0,-1,6,30,1,1,1,13:57,1,2,1
2023010454955,2023,010454955,1,1,1,1,25,5,3,0,0,0,0,0,3,7,E01000217,-1,0,0.0,1.0,-1,6,20,1,1,1,08:58,3,2,3
2023010441697,2023,010441697,1,2,2,2,-1,-1,3,0,0,1,0,0,9,2,E01002392,-1,0,0.0,1.0,-1,3,40,1,1,1,18:45,1,1,9
2023010457756,2023,010457756,2,1,1,1,38,7,3,0,0,0,0,0,9,5,E01030609,-1,0,0.0,1.0,-1,3,50,1,1,1,17:25,6,3,9
2023201298373,2023,201298373,2,1,1,1,62,9,3,0,0,0,0,0,9,1,E01009305,3,1,0.0,1.0,-1,6,30,1,4,1,18:21,7,2,9
2023451343670,2023,451343670,1,1,1,1,27,6,3,0,0,0,0,0,9,6,E01030896,3,1,0.0,1.0,-1,3,70,1,1,1,16:50,1,2,9
2023991382990,2023,991382990,1,1,1,1,76,11,3,0,0,0,0,0,9,-1,-1,3,1,0.0,1.0,-1,3,30,1,1,2,14:40,3,2,9
2023131340055,2023,131340055,1,1,1,2,56,9,3,0,0,0,0,0,9,8,E01010698,3,1,0.0,1.0,-1,3,30,1,1,1,17:25,4,2,9
2023010437171,2023,010437171,1,1,1,1,35,6,3,0,0,0,0,0,3,5,E01002395,-1,0,0.0,1.0,-1,6,30,1,1,1,12:34,5,2,3
2023010439967,2023,010439967,1,1,1,1,33,6,3,0,0,0,0,0,3,5,E01001214,-1,0,0.0,1.0,-1,6,20,2,1,2,19:24,5,2,3
2023010482196,2023,010482196,1,1,3,2,23,5,3,3,3,0,0,0,0,3,E01030744,-1,0,0.0,1.0,-1,6,30,1,4,2,20:15,3,1,21
2023010445079,2023,010445079,1,1,1,2,25,5,3,0,0,0,0,0,1,8,E01017804,-1,0,0.0,1.0,-1,9,20,1,4,1,23:20,5,2,1
2023041270464,2023,041270464,2,1,1,2,68,10,3,0,0,0,0,0,9,3,E01005567,3,1,0.0,1.0,-1,6,30,4,1,1,13:00,3,2,9
2023061322590,2023,061322590,2,2,2,1,18,4,2,0,0,1,0,0,9,3,E01005062,7,1,1.0,0.0,-1,3,70,1,4,1,03:00,2,2,9
2023201370598,2023,201370598,2,3,2,2,12,3,3,0,0,2,0,0,9,1,E01009390,3,1,0.0,1.0,-1,6,30,1,4,1,23:55,6,2,9
2023471311754,2023,471311754,2,2,1,1,62,9,3,0,0,0,0,0,9,9,E01030492,3,1,0.0,1.0,-1,3,50,1,1,1,07:17,6,2,9
2023201415332,2023,201415332,2,4,2,2,16,4,3,0,0,0,4,0,11,2,E01010266,3,1,0.0,1.0,-1,3,30,2,1,2,15:40,6,2,11
2023471270516,2023,471270516,1,1,1,2,66,10,3,0,0,0,0,0,9,9,E01030880,3,1,0.0,1.0,-1,6,60,1,1,2,11:30,3,2,9
2023631319525,2023,631319525,2,2,1,2,28,6,3,0,0,0,0,0,9,8,W01000715,3,1,0.0,1.0,-1,6,30,1,1,1,07:15,6,2,9
2023010480723,2023,010480723,1,1,3,2,41,7,3,5,2,0,0,0,0,5,E01009230,-1,0,0.0,1.0,-1,6,20,1,1,1,11:30,3,1,20
2023451320736,2023,451320736,1,1,1,2,66,10,2,0,0,0,0,0,1,10,E01030661,7,1,1.0,0.0,-1,6,30,1,1,1,10:20,3,2,1
2023031311989,2023,031311989,1,2,2,2,17,4,3,0,0,1,0,0,9,8,E01019397,3,1,0.0,1.0,-1,6,60,1,6,1,00:03,7,1,9
2023201296136,2023,201296136,1,1,1,1,48,8,3,0,0,0,0,0,9,2,E01010533,3,1,0.0,1.0,-1,3,30,2,1,2,17:12,2,2,9
2023451265927,2023,451265927,1,4,2,1,16,4,3,0,0,2,0,0,9,-1,-1,3,1,0.0,1.0,-1,3,40,1,4,4,03:47,6,2,9
2023070658267,2023,070658267,1,2,2,1,33,6,2,0,0,2,0,0,90,1,E01007121,-1,0,1.0,0.0,-1,6,30,1,1,1,17:50,5,2,90
2023332301300,2023,332301300,1,1,3,1,70,10,2,5,3,0,0,0,0,1,E01013651,-1,0,1.0,0.0,-1,6,30,1,4,2,19:25,1,1,9
2023622301009,2023,622301009,1,1,3,1,14,3,2,5,2,0,0,0,0,3,W01001287,-1,0,1.0,0.0,-1,6,20,1,1,1,15:29,5,1,9
2023122301206,2023,122301206,2,2,1,1,48,8,3,0,0,0,0,0,9,8,E01027587,-1,0,0.0372,0.9628,-1,6,30,2,1,2,12:00,3,2,9
2023430113483,2023,430113483,1,1,3,1,34,6,1,9,9,0,0,0,0,-1,-1,-1,0,0.0,0.0,-1,3,70,5,6,2,23:20,2,1,9
2023461359633,2023,461359633,1,1,1,1,29,6,2,0,0,0,0,0,3,2,E01024677,7,1,1.0,0.0,-1,6,30,1,1,1,13:40,1,1,3
2023010450852,2023,010450852,1,1,1,1,24,5,2,0,0,0,0,0,4,6,E01001539,-1,0,1.0,0.0,-1,6,30,1,4,1,22:40,5,2,4
2023010460317,2023,010460317,1,2,2,1,28,6,3,0,0,2,0,0,9,2,E01027155,-1,0,0.0,1.0,-1,3,20,1,4,1,02:36,1,2,9
2023221349901,2023,221349901,2,2,2,2,14,3,3,0,0,1,0,0,9,8,E01032329,3,1,0.0,1.0,-1,6,40,1,1,1,18:40,2,2,9
2023991296790,2023,991296790,1,3,2,2,36,7,3,0,0,1,0,0,9,6,-1,3,1,0.0,1.0,-1,6,60,1,1,1,06:35,4,2,9
2023010481796,2023,010481796,3,4,2,2,15,3,3,0,0,2,0,0,9,2,E01003726,-1,0,0.0,1.0,-1,6,30,2,4,2,19:46,1,3,9
2023101342594,2023,101342594,1,2,2,1,62,9,2,0,0,1,0,0,9,8,E01008538,6,1,1.0,0.0,-1,6,40,1,1,1,15:10,4,4,9
2023430045244,2023,430045244,1,1,3,2,45,7,3,1,3,0,0,0,0,-1,-1,-1,0,0.06483,0.93517,-1,6,30,1,1,1,16:30,2,1,9
2023461356299,2023,461356299,1,1,1,1,76,11,2,0,0,0,0,0,5,5,E01024110,7,1,1.0,0.0,-1,6,30,1,1,1,13:35,5,1,5
2023411309879,2023,411309879,1,1,1,2,34,6,2,0,0,0,0,0,9,3,E01001548,7,1,1.0,0.0,-1,3,70,1,1,1,07:46,2,2,9
2023430339395,2023,430339395,1,1,1,2,22,5,3,0,0,0,0,0,9,8,E01017941,-1,0,0.0067,0.9933,-1,1,40,1,1,1,08:00,6,2,9
202363A032223,2023,63A032223,1,1,2,1,34,6,2,0,0,1,0,0,9,-1,-1,-1,0,1.0,0.0,-1,6,20,1,1,1,16:20,4,4,9
2023010442693,2023,010442693,2,2,2,2,31,6,3,0,0,2,0,0,9,-1,-1,-1,0,0.0,1.0,-1,6,30,1,4,1,04:40,7,2,9
2023131309311,2023,131309311,2,1,1,2,35,6,3,0,0,0,0,0,9,10,E01011649,3,1,0.0,1.0,-1,6,40,9,1,1,14:00,6,2,9
2023141272158,2023,141272158,1,1,1,2,54,8,3,0,0,0,0,0,9,10,E01007619,3,1,0.0,1.0,-1,3,70,4,1,1,09:10,3,3,9
2023052300384,2023,052300384,2,1,1,2,50,8,3,0,0,0,0,0,1,8,E01007170,-1,0,0.15164,0.84836,-1,6,30,1,1,1,09:47,5,2,1
2023371340536,2023,371340536,1,1,2,1,17,4,3,0,0,1,0,0,9,7,E01029896,3,1,0.0,1.0,-1,6,60,1,1,1,04:33,3,1,9
2023991363685,2023,991363685,1,1,3,2,35,6,3,1,3,0,0,0,0,8,-1,3,1,0.0,1.0,-1,9,30,1,1,1,13:45,6,1,9
2023451312793,2023,451312793,1,1,1,1,42,7,3,0,0,0,0,0,5,10,E01030878,3,1,0.0,1.0,-1,1,40,1,1,1,09:30,6,2,5
2023010481757,2023,010481757,1,1,2,2,50,8,3,0,0,1,0,0,9,7,E01001027,-1,0,0.0,1.0,-1,1,30,1,4,2,17:51,1,2,9
2023122301325,2023,122301325,1,3,2,2,76,11,3,0,0,2,0,0,9,4,E01011778,-1,0,0.09676,0.90324,-1,6,60,1,1,1,15:47,4,2,9
2023201431398,2023,201431398,1,1,3,2,54,8,2,7,5,0,0,0,0,2,E01010309,7,1,1.0,0.0,-1,6,30,1,1,1,16:00,2,1,9
2023361325892,2023,361325892,1,1,3,1,13,3,3,10,1,0,0,0,0,5,E01026487,3,1,0.0,1.0,-1,6,30,2,1,2,16:11,3,1,9
2023320483355,2023,320483355,2,2,2,2,68,10,3,0,0,0,0,0,5,4,E01026725,-1,0,0.16794,0.83206,-1,6,60,2,1,2,18:20,6,2,5
2023031336411,2023,031336411,1,1,1,1,24,5,2,0,0,0,0,0,9,-1,-1,7,1,1.0,0.0,-1,6,60,2,6,2,21:17,2,1,9
2023131268930,2023,131268930,1,1,1,2,66,10,2,0,0,0,0,0,9,6,E01010640,7,1,1.0,0.0,-1,6,30,1,1,1,12:30,6,2,9
2023221272767,2023,221272767,2,2,1,1,64,9,3,0,0,0,0,0,9,10,E01032151,3,1,0.0,1.0,-1,6,30,1,4,1,18:23,6,2,9
2023010434824,2023,010434824,1,1,1,-1,29,6,3,0,0,0,0,0,3,3,E01004562,-1,0,0.0,1.0,-1,9,30,9,7,9,17:45,2,2,3
2023501360886,2023,501360886,1,1,3,2,4,1,3,5,1,0,0,0,0,5,E01015213,3,1,0.0,1.0,-1,6,30,1,1,1,11:15,1,1,9
2023302301782,2023,302301782,2,1,1,1,24,5,3,0,0,0,0,0,9,10,E01019855,-1,0,0.02753,0.97247,-1,6,50,1,4,2,17:00,2,2,9
2023451263300,2023,451263300,1,1,1,1,21,5,3,0,0,0,0,0,9,6,E01003843,3,1,0.0,1.0,-1,3,40,5,4,2,06:35,7,2,9
2023461260258,2023,461260258,2,1,2,2,49,8,3,0,0,1,0,0,9,5,E01000430,3,1,0.0,1.0,-1,3,30,1,1,1,14:03,2,2,9
2023122300552,2023,122300552,2,6,2,1,18,4,2,0,0,1,0,0,9,7,E01027645,-1,0,1.0,0.0,-1,6,60,1,1,1,14:19,7,2,9
2023141349294,2023,141349294,1,1,3,1,3,1,3,5,1,0,0,0,0,-1,-1,3,1,0.0,1.0,-1,6,20,1,1,1,15:34,3,1,9
2023302301656,2023,302301656,1,1,3,2,13,3,2,4,1,0,0,0,0,7,E01019801,-1,0,1.0,0.0,-1,6,30,1,4,2,18:30,1,1,9
2023451306926,2023,451306926,1,1,3,1,41,7,3,9,5,0,0,1,0,5,E01031663,3,1,0.0,1.0,-1,6,30,1,1,1,11:09,7,1,9
2023451320477,2023,451320477,1,1,3,1,45,7,3,5,9,0,0,0,0,10,E01030922,3,1,0.0,1.0,-1,6,30,1,1,1,14:40,2,2,9
2023201309168,2023,201309168,2,2,2,2,24,5,2,0,0,2,0,0,9,-1,-1,7,1,1.0,0.0,-1,6,30,1,4,1,23:07,7,2,9
2023991316501,2023,991316501,2,2,1,2,57,9,2,0,0,0,0,0,9,6,-1,7,1,1.0,0.0,-1,6,60,1,1,1,12:11,5,2,9
2023010451090,2023,010451090,1,1,1,1,19,4,1,0,0,0,0,0,9,8,E01003004,-1,0,0.0,0.0,-1,6,30,1,1,1,06:22,7,1,9
2023371278538,2023,371278538,1,1,2,2,30,6,2,0,0,1,0,0,9,7,E01029901,7,1,1.0,0.0,-1,6,30,1,4,1,18:25,2,1,9
2023421283157,2023,421283157,1,1,1,-1,-1,-1,3,0,0,0,0,0,9,-1,-1,3,1,0.0,1.0,-1,6,30,1,1,2,11:00,7,3,9
2023440115176,2023,440115176,1,1,1,1,58,9,3,0,0,0,0,0,9,5,E01028697,-1,0,0.02157,0.97843,-1,1,60,1,1,1,15:10,4,2,9
2023440128062,2023,440128062,1,1,1,1,59,9,3,0,0,0,0,0,9,10,E01022619,-1,0,0.10168,0.89832,-1,6,40,2,1,2,15:55,6,1,9
2023522400027,2023,522400027,1,1,1,1,27,6,3,0,0,0,0,0,9,8,E01014899,-1,0,0.01154,0.98846,-1,3,70,1,1,1,07:46,5,2,9
2023122301366,2023,122301366,2,1,1,1,16,4,2,0,0,0,0,0,1,8,E01013409,-1,0,1.0,0.0,-1,6,30,1,4,1,19:20,4,2,1
2023131297589,2023,131297589,2,1,1,1,49,8,3,0,0,0,0,0,9,3,E01011125,3,1,0.0,1.0,-1,3,40,1,1,1,18:56,2,2,9
2023440340099,2023,440340099,2,1,1,2,25,5,3,0,0,0,0,0,9,8,E01032871,-1,0,0.02431,0.97569,-1,6,30,1,1,1,16:30,3,2,9
2023461267002,2023,461267002,1,1,1,1,25,5,3,0,0,0,0,0,9,9,E01021229,3,1,0.0,1.0,-1,6,60,1,1,1,08:22,6,2,9
2023622300139,2023,622300139,1,3,2,1,17,4,3,0,0,1,0,0,9,3,W01001145,-1,0,0.02279,0.97721,-1,3,30,1,1,1,18:41,1,2,9
2023070444175,2023,070444175,1,1,1,1,16,4,2,0,0,0,0,0,17,7,E01018597,-1,0,1.0,0.0,-1,6,60,1,6,1,22:22,4,1,17
2023201408411,2023,201408411,1,1,1,2,43,7,3,0,0,0,0,0,9,2,E01009786,3,1,0.0,1.0,-1,6,30,1,1,1,17:55,1,2,9
2023320759369,2023,320759369,1,1,2,2,44,7,2,0,0,1,0,0,19,4,E01026044,-1,0,1.0,0.0,-1,6,60,1,4,2,18:00,7,1,19
2023401269563,2023,401269563,1,1,3,1,14,3,3,5,1,0,0,0,0,4,E01015782,3,1,0.0,1.0,-1,6,20,1,1,-1,15:50,2,1,10
2023361262847,2023,361262847,1,2,2,2,9,2,3,0,0,2,0,0,9,2,E01026614,3,1,0.0,1.0,-1,3,70,1,6,2,19:38,2,1,9
2023401276128,2023,401276128,2,1,1,1,37,7,3,0,0,0,0,0,9,8,E01032969,3,1,0.0,1.0,-1,3,50,1,4,1,22:45,4,2,9
2023471307082,2023,471307082,1,1,1,1,50,8,3,0,0,0,0,0,9,2,E01020911,3,1,0.0,1.0,-1,6,30,1,4,1,00:35,1,2,9
2023010471840,2023,010471840,1,1,1,1,39,7,3,0,0,0,0,0,2,-1,-1,-1,0,0.0,1.0,-1,6,20,1,4,2,23:13,6,2,2
2023010477687,2023,010477687,1,1,1,1,60,9,3,0,0,0,0,0,9,8,E01030951,-1,0,0.0,1.0,-1,7,40,1,1,2,13:09,2,2,9
2023010485999,2023,010485999,3,2,2,2,21,5,3,0,0,1,0,0,9,3,E01003730,-1,0,0.0,1.0,-1,3,30,1,4,1,00:35,3,3,9
2023061310717,2023,061310717,1,2,1,1,25,5,3,0,0,0,0,0,9,8,E01005736,3,1,0.0,1.0,-1,6,20,1,1,1,15:51,3,3,9
2023320385104,2023,320385104,3,1,1,2,38,7,3,0,0,0,0,0,9,3,E01026033,-1,0,0.06009,0.93991,-1,6,50,1,1,1,08:05,6,3,9
2023340NN0232,2023,340NN0232,3,1,1,2,34,6,3,0,0,0,0,0,9,6,E01032964,-1,0,0.00923,0.99077,-1,6,30,8,1,1,15:50,6,3,9
2023451271166,2023,451271166,1,1,1,1,23,5,3,0,0,0,0,0,9,10,E01030500,3,1,0.0,1.0,-1,6,50,1,5,1,18:18,4,2,9
2023451294592,2023,451294592,1,1,1,1,20,4,3,0,0,0,0,0,9,9,E01030539,3,1,0.0,1.0,-1,6,30,8,1,2,17:45,5,2,9
2023552300959,2023,552300959,1,1,1,2,35,6,2,0,0,0,0,0,9,3,E01020556,-1,0,1.0,0.0,-1,6,50,7,1,1,05:55,3,2,9
2023320738509,2023,320738509,1,1,1,1,38,7,3,0,0,0,0,0,20,6,E01026341,-1,0,0.1034,0.8966,-1,6,60,1,1,4,09:00,5,1,20
2023531375636,2023,531375636,2,1,1,1,46,8,3,0,0,0,0,0,1,10,E01018578,3,1,0.0,1.0,-1,6,30,1,1,1,07:50,5,2,1
2023010434353,2023,010434353,1,1,1,2,68,10,3,0,0,0,0,0,9,2,E01002604,-1,0,0.0,1.0,-1,6,20,1,1,1,09:00,4,2,9
2023010448134,2023,010448134,1,1,1,1,37,7,3,0,0,0,0,0,9,4,E01001945,-1,0,0.0,1.0,-1,6,20,1,1,1,17:03,6,2,9
2023010469787,2023,010469787,1,1,2,1,18,4,3,0,0,1,0,0,9,3,E01001690,-1,0,0.0,1.0,-1,3,50,1,1,1,14:58,2,1,9
2023320540139,2023,320540139,2,2,2,2,68,10,3,0,0,1,0,0,9,3,E01026311,-1,0,0.10488,0.89512,-1,6,60,1,1,1,18:02,4,2,9
2023430008264,2023,430008264,2,1,1,2,34,6,3,0,0,0,0,0,9,5,E01028505,-1,0,0.00538,0.99462,-1,3,70,1,1,1,08:30,6,2,9
2023010450155,2023,010450155,1,2,2,2,50,8,3,0,0,0,4,0,11,2,E01002090,-1,0,0.0,1.0,-1,6,20,1,1,1,18:50,2,1,11
2023010419892,2023,010419892,1,1,1,1,29,6,2,0,0,0,0,0,1,3,E01002753,-1,0,1.0,0.0,-1,6,20,1,1,1,08:35,5,2,1
2023010474285,2023,010474285,1,1,1,1,32,6,3,0,0,0,0,0,3,6,E01001573,-1,0,0.0,1.0,-1,9,20,1,4,1,19:47,4,2,3
2023010451803,2023,010451803,1,1,1,1,40,7,3,0,0,0,0,0,4,3,E01001886,-1,0,0.0,1.0,-1,9,20,1,1,1,09:10,3,2,4
2023201298682,2023,201298682,1,1,1,2,-1,-1,3,0,0,0,0,0,9,2,E01010406,3,1,0.0,1.0,-1,6,30,1,1,2,09:56,4,2,9
2023061318514,2023,061318514,1,1,3,1,12,3,2,5,3,0,0,0,0,-1,-1,7,1,1.0,0.0,-1,6,40,1,1,1,15:07,5,1,9
2023546335223,2023,546335223,1,1,3,1,62,9,3,4,3,0,0,0,0,5,E01015479,-1,0,0.17828,0.82172,-1,6,30,1,4,1,00:30,7,1,8
2023610032923,2023,610032923,1,2,2,2,53,8,3,0,0,1,0,0,9,4,W01001558,-1,0,0.02877,0.97123,-1,1,70,1,1,1,14:10,2,2,9
2023061315873,2023,061315873,1,1,3,2,21,5,3,4,1,0,0,0,0,1,E01004811,3,1,0.0,1.0,-1,6,30,1,1,1,19:41,3,1,9
2023991361261,2023,991361261,1,1,3,1,8,2,3,5,4,0,0,0,0,9,-1,3,1,0.0,1.0,-1,6,30,1,4,1,19:00,2,1,9
2023320483001,2023,320483001,2,4,2,1,32,6,3,0,0,2,0,0,9,2,E01005178,-1,0,0.07405,0.92595,-1,6,60,2,1,2,17:30,6,2,9
2023421320479,2023,421320479,2,2,1,2,43,7,3,0,0,0,0,0,9,5,E01021880,3,1,0.0,1.0,-1,6,60,1,1,1,16:09,2,3,9
2023541631823,2023,541631823,1,1,1,1,45,7,3,0,0,0,0,0,9,8,W01001517,-1,0,0.08642,0.91358,-1,6,40,9,5,1,20:00,2,1,9
2023991334139,2023,991334139,1,2,2,1,70,10,3,0,0,1,0,0,9,-1,-1,3,1,0.0,1.0,-1,6,30,1,1,2,18:26,5,2,9
2023461338789,2023,461338789,2,1,1,2,34,6,2,0,0,0,0,0,1,4,E01000788,7,1,1.0,0.0,-1,6,30,1,1,1,13:05,3,2,1
2023010477367,2023,010477367,2,1,1,1,23,5,3,0,0,0,0,0,3,2,E01003162,-1,0,0.0,1.0,-1,3,40,1,1,1,14:20,7,2,3
2023545419923,2023,545419923,2,1,1,1,38,7,3,0,0,0,0,0,4,10,E01031906,-1,0,0.028,0.972,-1,6,60,1,1,1,18:30,3,2,4
2023141303333,2023,141303333,1,1,2,1,3,1,3,0,0,2,0,0,9,8,E01007606,3,1,0.0,1.0,-1,6,30,1,1,1,08:15,4,2,9
2023421373447,2023,421373447,1,1,1,1,79,11,3,0,0,0,0,0,9,9,E01022063,3,1,0.0,1.0,-1,6,60,1,4,1,17:47,7,2,9
2023061282597,2023,061282597,2,1,1,1,21,5,3,0,0,0,0,0,1,-1,-1,3,1,0.0,1.0,-1,6,30,1,4,1,20:49,2,2,1
2023141303599,2023,141303599,2,1,1,1,33,6,2,0,0,0,0,0,3,6,E01007452,7,1,1.0,0.0,-1,6,30,1,1,1,09:32,4,2,3
2023311371485,2023,311371485,1,1,1,1,59,9,2,0,0,0,0,0,3,2,E01028067,7,1,1.0,0.0,-1,6,60,1,1,2,07:31,3,1,3
2023041282040,2023,041282040,1,2,2,1,20,4,2,0,0,1,0,0,9,7,E01025231,6,1,1.0,0.0,-1,6,50,2,4,2,20:31,4,2,9
2023041287561,2023,041287561,3,2,1,1,54,8,3,0,0,0,0,0,9,4,-1,3,1,0.0,1.0,-1,3,70,2,1,2,11:40,5,3,9
2023071244123,2023,071244123,1,1,1,1,27,6,1,0,0,0,0,0,9,6,E01018736,-1,0,0.0,0.0,-1,6,50,1,6,2,17:00,6,3,9
2023201370623,2023,201370623,1,1,1,1,54,8,3,0,0,0,0,0,9,-1,-1,3,1,0.0,1.0,-1,3,30,1,4,1,19:20,6,2,9
2023371303146,2023,371303146,1,1,1,1,74,10,3,0,0,0,0,0,9,5,E01026648,3,1,0.0,1.0,-1,6,50,1,6,2,21:50,3,2,9