collision_index,collision_year,collision_ref_no,vehicle_reference,casualty_reference,casualty_class,sex_of_casualty,age_of_casualty,age_band_of_casualty,casualty_severity,pedestrian_location,pedestrian_movement,car_passenger,bus_or_coach_passenger,pedestrian_road_maintenance_worker,casualty_type,casualty_imd_decile,lsoa_of_casualty,enhanced_casualty_severity,casualty_injury_based,casualty_adjusted_severity_serious,casualty_adjusted_severity_slight,casualty_distance_banding,road_type,speed_limit,weather_conditions,light_conditions,road_surface_conditions,time,day_of_week,number_of_vehicles,vehicle_type
2023547826523,2023,547826523,1,1,1,1,22,5,3,0,0,0,0,0,9,2,E01015539,-1,0,0.02921,0.97079,-1,6,30,1,1,1,16:48,3,2,9
2023421281944,2023,421281944,2,1,1,1,36,7,3,0,0,0,0,0,1,-1,-1,3,1,0.0,1.0,-1,6,30,1,1,2,13:21,4,2,1
2023201413727,2023,201413727,1,1,3,2,6,2,3,5,4,0,0,0,0,9,E01009735,3,1,0.0,1.0,-1,6,30,1,1,1,16:10,5,1,9
2023010467252,2023,010467252,1,1,1,1,22,5,3,0,0,0,0,0,3,3,E01000305,-1,0,0.0,1.0,-1,6,30,8,1,2,17:25,3,2,3
2023010460604,2023,010460604,1,4,2,-1,-1,-1,3,0,0,2,0,0,9,2,E01032744,-1,0,0.0,1.0,-1,1,40,1,1,1,17:15,2,2,9
2023010478235,2023,010478235,1,1,1,2,20,4,3,0,0,0,0,0,9,5,E01003724,-1,0,0.0,1.0,-1,3,40,8,4,9,21:28,4,2,9
2023041317145,2023,041317145,1,1,2,1,23,5,2,0,0,1,0,0,9,3,E01012587,5,1,1.0,0.0,-1,6,20,1,1,1,16:08,7,1,9
2023351394587,2023,351394587,2,1,1,2,27,6,3,0,0,0,0,0,9,2,E01015680,3,1,0.0,1.0,-1,6,50,1,6,2,06:50,6,2,9
2023131378213,2023,131378213,2,1,1,1,55,8,3,0,0,0,0,0,19,5,E01011150,3,1,0.0,1.0,-1,6,30,1,4,2,17:12,5,2,19
2023041294571,2023,041294571,2,2,1,1,52,8,3,0,0,0,0,0,21,7,E01025326,3,1,0.0,1.0,-1,3,70,1,4,1,04:25,2,2,21
2023122301341,2023,122301341,2,1,1,1,58,9,3,0,0,0,0,0,1,5,E01033070,-1,0,0.1705,0.8295,-1,6,40,1,1,1,14:25,7,2,1
2023010485735,2023,010485735,1,1,1,2,33,6,3,0,0,0,0,0,9,2,E01000990,-1,0,0.0,1.0,-1,9,20,1,1,1,12:30,7,2,9
2023061388559,2023,061388559,2,1,1,2,45,7,3,0,0,0,0,0,9,10,E01004807,3,1,0.0,1.0,-1,3,70,1,1,-1,07:29,3,2,9
2023501355679,2023,501355679,2,4,1,1,72,10,3,0,0,0,0,0,9,8,E01019889,3,1,0.0,1.0,-1,6,40,1,1,1,16:22,7,2,9
2023311306523,2023,311306523,1,1,2,2,57,9,3,0,0,0,4,0,11,4,E01028380,3,1,0.0,1.0,-1,6,30,1,1,2,16:55,5,1,11
2023010439917,2023,010439917,1,1,3,2,42,7,3,8,1,0,0,0,0,7,E01002986,-1,0,0.0,1.0,-1,6,20,2,1,2,19:06,5,1,9
2023451325070,2023,451325070,1,1,3,1,6,2,3,6,9,0,0,0,0,10,E01030967,3,1,0.0,1.0,-1,6,30,1,1,1,14:20,1,1,9
2023371350548,2023,371350548,1,3,2,1,2,1,3,0,0,1,0,0,9,2,E01030170,3,1,0.0,1.0,-1,1,70,1,1,1,18:15,6,1,9
2023471299904,2023,471299904,1,1,1,1,27,6,3,0,0,0,0,0,9,3,E01032832,3,1,0.0,1.0,-1,6,60,2,1,2,11:36,1,1,9
2023421392850,2023,421392850,1,1,3,1,2,1,3,5,3,0,0,0,0,8,E01021433,3,1,0.0,1.0,-1,6,30,2,4,2,17:32,5,1,9
2023991361802,2023,991361802,1,1,3,2,12,3,2,5,4,0,0,2,0,1,-1,7,1,1.0,0.0,-1,6,30,1,1,1,15:30,4,1,9
2023010452356,2023,010452356,1,1,1,2,31,6,3,0,0,0,0,0,3,6,E01000492,-1,0,0.0,1.0,-1,9,20,2,1,2,19:30,5,2,3
2023501383677,2023,501383677,2,1,1,1,22,5,3,0,0,0,0,0,3,8,E01015119,3,1,0.0,1.0,-1,3,30,2,4,2,20:10,5,2,3
2023131279911,2023,131279911,2,1,1,2,25,5,3,0,0,0,0,0,9,8,E01011047,3,1,0.0,1.0,-1,6,20,1,4,1,17:58,5,2,9
2023471340334,2023,471340334,2,1,1,1,28,6,3,0,0,0,0,0,9,8,E01017010,3,1,0.0,1.0,-1,6,20,1,1,1,15:30,2,2,9
2023340WN3392,2023,340WN3392,1,1,3,2,57,9,3,5,3,0,0,0,0,6,E01027025,-1,0,0.17207,0.82793,-1,6,30,1,1,1,17:50,7,1,9
2023440459575,2023,440459575,1,1,3,1,14,3,3,5,1,0,0,0,0,3,E01017170,-1,0,0.1841,0.8159,-1,6,30,1,1,1,07:43,6,1,9
2023010431098,2023,010431098,1,2,2,1,37,7,3,0,0,2,0,0,8,6,E01004731,-1,0,0.0,1.0,-1,2,30,2,1,2,15:54,4,2,8
2023041384406,2023,041384406,1,1,1,2,51,8,2,0,0,0,0,0,9,5,E01012706,6,1,1.0,0.0,-1,6,30,1,1,2,10:30,6,2,9
2023430073010,2023,430073010,1,1,1,1,25,5,2,0,0,0,0,0,9,8,E01017628,-1,0,1.0,0.0,-1,1,70,1,4,1,19:16,5,1,9
2023501358778,2023,501358778,2,2,1,2,36,7,3,0,0,0,0,0,9,-1,-1,3,1,0.0,1.0,-1,3,70,1,4,2,07:24,3,2,9
2023201270669,2023,201270669,1,2,3,2,3,1,2,1,3,0,0,-1,0,1,E01009368,6,1,1.0,0.0,-1,6,30,8,1,-1,09:31,4,1,9
2023421373621,2023,421373621,1,4,3,1,59,9,3,9,7,0,0,0,0,8,E01021760,3,1,0.0,1.0,-1,6,60,1,1,1,15:04,7,2,9
2023320721901,2023,320721901,2,1,1,1,21,5,3,0,0,0,0,0,1,6,E01026272,-1,0,0.06514,0.93486,-1,1,30,9,4,1,16:45,4,2,1
2023461345324,2023,461345324,2,1,1,-1,33,6,2,0,0,0,0,0,1,10,E01032827,6,1,1.0,0.0,-1,6,30,1,1,1,19:42,3,3,1
2023141262733,2023,141262733,1,4,2,1,1,1,3,0,0,2,0,0,9,6,E01008128,3,1,0.0,1.0,-1,6,60,2,1,5,15:50,4,1,9
2023201297824,2023,201297824,1,1,2,1,38,7,3,0,0,1,0,0,9,1,E01007508,3,1,0.0,1.0,-1,1,30,1,4,2,03:54,1,1,9
2023471299670,2023,471299670,2,3,2,2,19,4,3,0,0,2,0,0,9,1,E01024676,3,1,0.0,1.0,-1,3,30,1,1,1,14:00,6,2,9
2023471393619,2023,471393619,2,3,2,1,28,6,3,0,0,1,0,0,9,9,E01031800,3,1,0.0,1.0,-1,3,70,1,1,2,15:41,6,2,9
2023430099108,2023,430099108,1,1,2,1,30,6,3,0,0,1,0,0,9,6,E01028677,-1,0,0.06224,0.93776,-1,6,30,2,4,2,16:25,1,1,9
2023131265997,2023,131265997,2,1,1,1,46,8,3,0,0,0,0,0,9,3,E01011541,3,1,0.0,1.0,-1,6,30,1,1,1,15:40,5,2,9
2023361294092,2023,361294092,2,2,1,1,74,10,1,0,0,0,0,0,9,4,E01026646,1,1,0.0,0.0,-1,1,40,1,1,1,14:36,4,3,9
2023101285963,2023,101285963,2,2,1,1,63,9,3,0,0,0,0,0,9,5,E01027447,3,1,0.0,1.0,-1,6,60,1,1,1,17:30,1,2,9
2023351322849,2023,351322849,2,1,2,2,36,7,3,0,0,1,0,0,9,10,E01033175,3,1,0.0,1.0,-1,1,40,1,1,-1,13:03,6,2,9
2023461362391,2023,461362391,1,1,1,1,84,11,3,0,0,0,0,0,9,5,E01024701,3,1,0.0,1.0,-1,6,60,1,1,1,11:48,2,2,9
2023622300887,2023,622300887,1,1,1,1,19,4,3,0,0,0,0,0,9,10,W01001956,-1,0,0.06949,0.93051,-1,6,40,1,6,2,00:42,3,1,9
2023421377698,2023,421377698,1,1,3,1,70,10,3,5,3,0,0,0,0,3,E01022055,3,1,0.0,1.0,-1,6,20,1,1,1,11:32,4,1,9
2023461301612,2023,461301612,1,1,3,1,72,10,3,4,1,0,0,0,0,5,E01024122,3,1,0.0,1.0,-1,6,20,1,1,1,10:33,6,1,9
202354B781123,2023,54B781123,1,1,3,2,81,11,1,5,9,0,0,0,0,8,E01031959,-1,0,0.0,0.0,-1,6,60,1,1,1,10:14,3,1,9
2023991353049,2023,991353049,1,1,3,2,51,8,2,4,1,0,0,0,0,1,-1,7,1,1.0,0.0,-1,3,30,1,1,1,09:00,5,1,9
2023522300461,2023,522300461,1,1,1,1,25,5,3,0,0,0,0,0,1,4,E01014590,-1,0,0.04702,0.95298,-1,6,30,1,4,1,17:30,3,2,1
202360A124309,2023,60A124309,2,1,1,1,17,4,3,0,0,0,0,0,1,-1,-1,-1,0,0.20397,0.79603,-1,6,30,1,6,1,22:55,7,2,1
2023201454503,2023,201454503,2,2,1,2,35,6,3,0,0,0,0,0,9,1,E01009607,3,1,0.0,1.0,-1,6,30,1,4,1,16:55,3,2,9
2023421359595,2023,421359595,2,1,1,1,34,6,3,0,0,0,0,0,9,5,E01021297,3,1,0.0,1.0,-1,3,30,1,1,1,16:26,2,2,9
2023141329216,2023,141329216,1,1,3,2,12,3,3,1,9,0,0,2,0,-1,-1,3,1,0.0,1.0,-1,6,20,1,1,1,17:02,5,1,9
2023010434941,2023,010434941,1,1,1,1,21,5,3,0,0,0,0,0,3,4,E01004538,-1,0,0.0,1.0,-1,6,30,1,4,2,01:20,5,2,3
2023411396337,2023,411396337,2,1,1,1,34,6,2,0,0,0,0,0,3,-1,-1,7,1,1.0,0.0,-1,6,30,1,4,1,18:45,3,2,3
2023010450397,2023,010450397,2,1,1,1,21,5,3,0,0,0,0,0,1,9,E01002535,-1,0,0.0,1.0,-1,3,20,1,4,1,22:55,3,2,1
2023302301049,2023,302301049,1,1,1,1,25,5,2,0,0,0,0,0,3,2,E01019505,-1,0,1.0,0.0,-1,6,30,1,1,2,19:50,1,1,3
2023552301478,2023,552301478,2,1,1,1,44,7,3,0,0,0,0,0,3,2,E01015277,-1,0,0.12784,0.87216,-1,6,30,1,1,1,09:00,4,2,3
2023411377530,2023,411377530,2,1,1,1,58,9,3,0,0,0,0,0,9,7,E01023897,3,1,0.0,1.0,-1,3,30,1,1,2,07:15,5,2,9
2023501286672,2023,501286672,2,2,2,2,40,7,3,0,0,1,0,0,9,6,E01020033,3,1,0.0,1.0,-1,6,30,1,1,2,09:55,3,2,9
2023010451338,2023,010451338,1,1,3,2,33,6,3,5,3,0,0,0,0,3,E01003430,-1,0,0.0,1.0,-1,6,20,1,1,1,13:00,1,1,9
2023070955713,2023,070955713,2,1,1,2,50,8,3,0,0,0,0,0,3,2,E01018523,-1,0,0.11989,0.88011,-1,6,30,2,1,2,15:24,2,2,3
2023201379906,2023,201379906,1,3,2,1,14,3,2,0,0,2,0,0,9,-1,-1,6,1,1.0,0.0,-1,6,30,1,1,1,03:46,4,2,9
2023221388079,2023,221388079,2,1,1,2,32,6,3,0,0,0,0,0,9,5,E01014084,3,1,0.0,1.0,-1,6,30,2,4,2,17:35,3,2,9
2023430125244,2023,430125244,1,1,1,1,37,7,3,0,0,0,0,0,9,5,E01016771,-1,0,0.09622,0.90378,-1,3,70,2,1,2,09:20,3,1,9
2023211272852,2023,211272852,1,1,1,1,75,10,3,0,0,0,0,0,19,2,E01010068,3,1,0.0,1.0,-1,6,40,1,1,4,08:50,2,5,19
2023010419504,2023,010419504,1,1,1,1,39,7,3,0,0,0,0,0,4,4,E01023828,-1,0,0.0,1.0,-1,6,20,1,1,2,15:58,2,2,4
2023131384541,2023,131384541,1,1,3,2,37,7,3,5,2,0,0,2,0,6,E01010750,3,1,0.0,1.0,-1,3,40,1,4,2,16:15,6,1,9
2023991373162,2023,991373162,1,1,1,1,24,5,3,0,0,0,0,0,-1,6,-1,3,1,0.0,1.0,-1,3,20,1,4,1,17:30,6,2,-1
2023111268247,2023,111268247,1,1,3,1,29,6,3,1,3,0,0,0,0,3,E01020661,3,1,0.0,1.0,-1,3,40,1,4,2,19:04,4,1,9
2023361371804,2023,361371804,2,1,3,1,54,8,2,6,6,0,0,-1,0,1,E01030249,7,1,1.0,0.0,-1,6,30,1,4,1,17:30,3,2,19
2023371351519,2023,371351519,1,1,3,1,76,11,3,10,9,0,0,2,0,6,E01030041,3,1,0.0,1.0,-1,6,30,1,1,1,09:15,3,1,9
2023631341120,2023,631341120,1,9,3,1,2,1,3,10,9,0,0,0,0,3,W01001045,3,1,0.0,1.0,-1,6,30,4,6,1,22:39,7,1,9
2023101295883,2023,101295883,2,1,1,1,65,9,2,0,0,0,0,0,1,1,E01008304,7,1,1.0,0.0,-1,1,30,1,1,1,10:41,4,2,1
2023471318320,2023,471318320,1,1,1,1,35,6,3,0,0,0,0,0,3,2,E01016944,3,1,0.0,1.0,-1,6,30,1,4,1,00:17,4,2,3
2023461333266,2023,461333266,2,2,2,2,17,4,3,0,0,1,0,0,9,3,E01024309,3,1,0.0,1.0,-1,6,60,1,1,1,14:45,1,2,9
2023991290639,2023,991290639,1,1,1,1,19,4,1,0,0,0,0,0,9,8,-1,1,1,0.0,0.0,-1,3,70,1,6,2,01:45,7,2,9
2023622300533,2023,622300533,1,1,1,1,32,6,3,0,0,0,0,0,11,3,W01001137,-1,0,0.04669,0.95331,-1,6,30,2,1,2,16:42,7,4,11
2023010432527,2023,010432527,1,1,1,1,39,7,3,0,0,0,0,0,9,2,E01000013,-1,0,0.0,1.0,-1,9,30,8,4,1,18:30,3,2,9
2023010437033,2023,010437033,2,1,1,1,50,8,3,0,0,0,0,0,9,3,E01003431,-1,0,0.0,1.0,-1,6,20,2,1,2,14:30,4,2,9
2023010438453,2023,010438453,3,1,1,-1,37,7,3,0,0,0,0,0,9,6,E01004029,-1,0,0.0,1.0,-1,3,50,1,1,1,09:17,5,4,9
2023010481010,2023,010481010,17,3,2,2,20,4,3,0,0,1,0,0,9,4,E01004765,-1,0,0.0,1.0,-1,2,20,1,6,1,23:29,4,17,9
2023131382146,2023,131382146,2,2,1,1,-1,-1,3,0,0,0,0,0,9,6,E01011885,3,1,0.0,1.0,-1,3,40,2,4,2,05:13,2,2,9
2023320439464,2023,320439464,2,1,1,1,52,8,3,0,0,0,0,0,9,10,E01026184,-1,0,0.04603,0.95397,-1,6,30,1,1,2,18:38,1,2,9
2023302300534,2023,302300534,2,1,1,1,31,6,3,0,0,0,0,0,1,8,E01019847,-1,0,0.16026,0.83974,-1,1,50,1,1,1,07:15,3,2,1
2023010471902,2023,010471902,1,1,1,1,31,6,3,0,0,0,0,0,3,2,E01004252,-1,0,0.0,1.0,-1,9,20,2,4,2,08:05,6,2,3
2023131365282,2023,131365282,1,1,3,1,18,4,3,9,7,0,0,2,0,2,E01011104,3,1,0.0,1.0,-1,6,30,5,4,2,18:00,6,1,9
2023010457259,2023,010457259,1,1,3,1,7,2,3,5,1,0,0,0,0,5,E01003663,-1,0,0.0,1.0,-1,2,30,1,1,1,22:30,3,1,9
2023201374444,2023,201374444,1,1,3,2,83,11,3,1,1,0,0,0,0,9,E01010398,3,1,0.0,1.0,-1,6,20,1,1,1,11:04,2,1,9
2023311298268,2023,311298268,1,1,3,1,16,4,3,5,9,0,0,0,0,2,E01028067,3,1,0.0,1.0,-1,6,20,9,1,1,14:35,5,1,9
2023401318512,2023,401318512,1,1,3,1,48,8,2,5,3,0,0,0,0,2,E01015807,5,1,1.0,0.0,-1,1,30,2,4,2,01:39,1,1,9
2023122301138,2023,122301138,1,1,1,2,32,6,3,0,0,0,0,0,9,8,E01011938,-1,0,0.06761,0.93239,-1,3,70,1,1,1,15:12,1,1,9
2023201373316,2023,201373316,1,2,2,2,80,11,3,0,0,1,0,0,9,5,E01009825,3,1,0.0,1.0,-1,6,30,1,1,1,13:38,2,1,9
2023231346444,2023,231346444,2,2,1,1,40,7,3,0,0,0,0,0,9,7,E01025652,3,1,0.0,1.0,-1,6,40,1,1,1,12:59,6,2,9
2023531321690,2023,531321690,2,3,2,2,27,6,3,0,0,2,0,0,9,7,E01022216,3,1,0.0,1.0,-1,3,40,1,1,1,14:35,4,2,9
2023302300858,2023,302300858,1,1,3,2,35,6,3,1,1,0,0,0,0,2,E01019567,-1,0,0.07655,0.92345,-1,6,30,1,1,1,13:00,3,1,9
2023010426571,2023,010426571,1,2,3,1,17,4,3,1,1,0,0,0,0,8,E01001967,-1,0,0.0,1.0,-1,6,20,1,4,1,00:00,7,1,9
2023041367625,2023,041367625,2,1,1,1,61,9,2,0,0,0,0,0,5,3,E01025577,7,1,1.0,0.0,-1,3,40,1,1,1,07:44,6,2,5
2023430196278,2023,430196278,1,1,1,1,58,9,3,0,0,0,0,0,4,7,E01016840,-1,0,0.25383,0.74617,-1,6,60,1,1,1,16:50,6,1,4
2023122300779,2023,122300779,2,2,1,1,34,6,2,0,0,0,0,0,5,9,E01027555,-1,0,1.0,0.0,-1,6,60,1,1,1,19:38,6,2,5
2023451341946,2023,451341946,1,1,3,1,43,7,3,6,9,0,0,0,0,4,E01030645,3,1,0.0,1.0,-1,6,30,1,1,1,07:40,3,1,9
2023041347015,2023,041347015,2,1,1,1,22,5,3,0,0,0,0,0,1,2,E01012625,3,1,0.0,1.0,-1,6,40,1,4,1,22:15,4,2,1
2023010426332,2023,010426332,1,1,3,1,13,3,3,1,4,0,0,0,0,4,E01002607,-1,0,0.0,1.0,-1,6,30,1,4,1,17:37,5,1,9
2023010467695,2023,010467695,1,2,3,2,40,7,3,1,3,0,0,0,0,8,E01022058,-1,0,0.0,1.0,-1,6,20,2,1,2,16:20,6,1,3
2023010443302,2023,010443302,1,1,1,1,42,7,3,0,0,0,0,0,3,4,E01001615,-1,0,0.0,1.0,-1,9,20,9,1,9,15:30,7,2,3
2023451299052,2023,451299052,2,1,1,1,39,7,2,0,0,0,0,0,3,3,E01030793,6,1,1.0,0.0,-1,6,30,1,1,2,08:00,2,2,3
2023010474584,2023,010474584,1,2,2,1,25,5,3,0,0,2,0,0,9,-1,-1,-1,0,0.0,1.0,-1,3,20,1,4,2,18:30,7,2,9
2023010481796,2023,010481796,3,5,2,1,15,3,3,0,0,2,0,0,9,2,E01003726,-1,0,0.0,1.0,-1,6,30,2,4,2,19:46,1,3,9
2023061283118,2023,061283118,2,2,2,1,28,6,3,0,0,1,0,0,9,-1,-1,3,1,0.0,1.0,-1,6,30,1,4,1,18:45,6,2,9
2023311334184,2023,311334184,1,1,1,1,23,5,3,0,0,0,0,0,9,6,E01028322,3,1,0.0,1.0,-1,6,30,1,7,2,01:30,6,1,9
2023440419676,2023,440419676,1,1,1,2,33,6,3,0,0,0,0,0,9,1,E01022968,-1,0,0.01524,0.98476,-1,2,20,1,1,1,08:20,6,2,9
2023440021103,2023,440021103,1,1,1,1,30,6,3,0,0,0,0,0,4,4,E01017135,-1,0,0.17108,0.82892,-1,6,30,1,4,4,20:59,2,2,4
2023010438803,2023,010438803,1,1,2,-1,-1,-1,3,0,0,2,0,0,9,2,E01000075,-1,0,0.0,1.0,-1,6,20,1,4,1,21:50,6,2,9
2023211340868,2023,211340868,1,1,1,2,35,6,3,0,0,0,0,0,9,6,E01029637,3,1,0.0,1.0,-1,6,30,1,1,1,16:45,5,2,9
2023351315860,2023,351315860,2,1,1,2,42,7,3,0,0,0,0,0,9,3,E01018072,3,1,0.0,1.0,-1,1,40,1,1,-1,08:20,3,2,9
2023546429423,2023,546429423,1,1,1,1,24,5,3,0,0,0,0,0,9,7,E01027489,-1,0,0.08372,0.91628,-1,6,60,1,1,1,19:16,2,1,9
2023440347340,2023,440347340,1,1,3,1,8,2,3,5,3,0,0,0,0,10,E01023228,-1,0,0.09502,0.90498,-1,6,30,1,1,1,18:45,1,1,9
2023991389445,2023,991389445,2,1,1,1,63,9,3,0,0,0,0,0,1,-1,-1,3,1,0.0,1.0,-1,6,30,2,1,2,06:55,2,2,1
2023010461057,2023,010461057,1,1,1,1,30,6,3,0,0,0,0,0,3,3,E01003572,-1,0,0.0,1.0,-1,6,20,9,1,9,11:30,4,2,3
2023522400030,2023,522400030,2,3,2,1,11,3,3,0,0,0,0,0,-1,4,E01032516,-1,0,0.06679,0.93321,-1,2,30,1,1,1,19:00,4,2,-1
2023622300290,2023,622300290,2,2,1,1,31,6,3,0,0,0,0,0,1,7,W01001722,-1,0,0.09249,0.90751,-1,6,20,1,4,1,20:58,2,2,1
2023010446108,2023,010446108,1,1,1,-1,26,6,3,0,0,0,0,0,3,7,E01000169,-1,0,0.0,1.0,-1,9,30,9,1,9,15:10,3,2,3
2023010431725,2023,010431725,2,1,2,2,19,4,3,0,0,1,0,0,9,5,E01002123,-1,0,0.0,1.0,-1,3,50,1,4,1,05:30,1,2,9
2023361298110,2023,361298110,2,1,1,2,28,6,3,0,0,0,0,0,9,6,E01026535,3,1,0.0,1.0,-1,6,20,1,1,1,15:53,3,2,9
2023201389131,2023,201389131,2,1,1,1,35,6,3,0,0,0,0,0,9,3,E01009790,3,1,0.0,1.0,-1,3,40,1,1,1,15:05,3,2,9
2023010431811,2023,010431811,1,1,1,2,34,6,3,0,0,0,0,0,9,4,E01015933,-1,0,0.0,1.0,-1,1,30,2,4,2,18:54,1,2,9
2023061339868,2023,061339868,4,1,2,2,89,11,3,0,0,1,0,0,9,7,E01027646,3,1,0.0,1.0,-1,3,70,1,1,1,15:43,3,4,9
2023201414434,2023,201414434,2,3,2,2,16,4,3,0,0,-1,0,0,9,1,E01009104,3,1,0.0,1.0,-1,3,40,1,4,1,23:50,1,2,9
2023010442975,2023,010442975,1,1,2,1,47,8,2,0,0,0,3,0,11,4,E01003781,-1,0,1.0,0.0,-1,3,30,1,1,1,12:00,7,1,11
2023221307709,2023,221307709,1,1,1,1,47,8,3,0,0,0,0,0,9,5,E01000903,3,1,0.0,1.0,-1,1,40,1,4,1,21:57,2,2,9
2023991273930,2023,991273930,1,1,3,2,12,3,3,5,1,0,0,2,0,-1,-1,3,1,0.0,1.0,-1,6,30,1,1,1,16:00,3,1,19
2023461317495,2023,461317495,2,1,1,2,12,3,3,0,0,0,0,0,1,3,E01024264,3,1,0.0,1.0,-1,6,30,1,1,1,18:15,1,2,1
2023520300145,2023,520300145,1,1,1,1,17,4,3,0,0,0,0,0,1,1,E01022311,-1,0,0.02468,0.97532,-1,6,30,9,7,1,17:00,6,2,1
2023010464216,2023,010464216,2,1,1,1,39,7,2,0,0,0,0,0,5,10,E01030324,-1,0,1.0,0.0,-1,6,20,1,1,1,13:00,3,2,5
202363C016223,2023,63C016223,1,1,1,1,27,6,2,0,0,0,0,0,5,4,W01000603,-1,0,1.0,0.0,-1,6,60,1,1,1,13:35,7,1,5
2023010455287,2023,010455287,1,1,3,2,30,6,2,1,1,0,0,0,0,1,E01001850,-1,0,1.0,0.0,-1,6,20,1,1,1,09:15,7,1,19
2023101366692,2023,101366692,1,1,1,1,17,4,3,0,0,0,0,0,-1,-1,-1,3,1,0.0,1.0,-1,7,30,1,1,2,11:09,7,1,-1
2023010427131,2023,010427131,1,1,2,-1,-1,-1,3,0,0,1,0,0,9,6,E01002186,-1,0,0.0,1.0,-1,6,30,1,4,1,19:30,2,2,9
2023010485999,2023,010485999,2,1,1,1,54,8,3,0,0,0,0,0,9,2,E01004252,-1,0,0.0,1.0,-1,3,30,1,4,1,00:35,3,3,9
2023622300593,2023,622300593,1,1,1,2,63,9,3,0,0,0,0,0,9,8,W01000877,-1,0,0.04141,0.95859,-1,3,70,5,1,2,15:05,6,2,9
2023631360149,2023,631360149,1,1,1,1,20,4,2,0,0,0,0,0,9,1,W01001687,7,1,1.0,0.0,-1,6,50,2,1,2,09:30,6,1,9
2023010471569,2023,010471569,1,1,2,2,70,10,2,0,0,0,4,0,11,2,E01003735,-1,0,1.0,0.0,-1,6,30,1,1,2,14:07,5,1,11
2023430324531,2023,430324531,2,1,1,1,-1,-1,3,0,0,0,0,0,97,-1,-1,-1,0,0.04253,0.95747,-1,6,30,1,1,1,13:35,5,2,97
2023131306840,2023,131306840,2,1,1,1,34,6,2,0,0,0,0,0,1,3,E01011477,5,1,1.0,0.0,-1,6,40,1,4,1,23:32,6,2,1
2023131349505,2023,131349505,2,1,1,1,45,7,2,0,0,0,0,0,5,4,E01007693,7,1,1.0,0.0,-1,1,60,1,1,1,10:43,1,2,5
2023070610414,2023,070610414,2,1,1,2,57,9,3,0,0,0,0,0,1,7,E01018725,-1,0,0.19694,0.80306,-1,6,60,1,1,1,10:55,6,2,1
2023622300592,2023,622300592,1,1,1,1,63,9,2,0,0,0,0,0,1,2,W01000756,-1,0,1.0,0.0,-1,6,30,1,1,1,17:07,4,2,1
2023070969292,2023,070969292,2,1,1,1,42,7,3,0,0,0,0,0,9,4,E01012432,-1,0,0.01431,0.98569,-1,1,30,1,4,1,06:10,5,2,9
2023031309386,2023,031309386,1,1,1,1,19,4,3,0,0,0,0,0,19,3,E01019089,3,1,0.0,1.0,-1,6,60,1,1,1,17:38,6,2,19
2023010466221,2023,010466221,1,1,1,1,40,7,3,0,0,0,0,0,1,6,E01002957,-1,0,0.0,1.0,-1,6,20,1,1,1,14:30,6,2,1
2023440385656,2023,440385656,1,1,1,1,16,4,2,0,0,0,0,0,1,7,E01022963,-1,0,1.0,0.0,-1,6,30,1,1,1,12:16,5,2,1
2023010481248,2023,010481248,1,1,1,1,48,8,3,0,0,0,0,0,3,1,E01002037,-1,0,0.0,1.0,-1,9,20,9,7,9,17:40,3,2,3
2023440256801,2023,440256801,1,1,3,1,47,8,3,9,9,0,0,0,0,5,E01023251,-1,0,0.11764,0.88236,-1,6,20,1,1,1,15:05,3,1,1
2023010483477,2023,010483477,1,1,1,1,23,5,3,0,0,0,0,0,3,3,E01001970,-1,0,0.0,1.0,-1,9,20,2,4,2,20:45,1,2,3
2023010457911,2023,010457911,1,1,1,1,49,8,3,0,0,0,0,0,8,3,E01003572,-1,0,0.0,1.0,-1,3,50,1,4,1,04:20,7,2,8
2023991361299,2023,991361299,1,1,3,2,49,8,2,8,5,0,0,2,0,-1,-1,6,1,1.0,0.0,-1,6,20,1,4,1,23:45,4,1,9
2023070965490,2023,070965490,1,1,3,2,11,3,3,5,3,0,0,0,0,1,E01012526,-1,0,0.06361,0.93639,-1,6,30,1,1,1,17:33,4,1,9
2023010424388,2023,010424388,2,1,3,2,26,6,3,1,1,0,0,0,0,1,E01001857,-1,0,0.0,1.0,-1,6,30,1,1,1,14:15,2,2,9
2023522400533,2023,522400533,1,1,3,1,21,5,3,5,9,0,0,0,0,4,E01014904,-1,0,0.09515,0.90485,-1,6,20,9,1,1,13:16,6,1,9
2023010435482,2023,010435482,1,1,2,1,13,3,3,0,0,2,0,0,9,5,E01001294,-1,0,0.0,1.0,-1,6,20,1,1,1,13:25,1,2,9
2023031372618,2023,031372618,2,2,1,1,63,9,3,0,0,0,0,0,9,7,E01026220,3,1,0.0,1.0,-1,3,70,2,1,5,08:00,5,3,9
202360A114209,2023,60A114209,2,1,2,1,46,8,3,0,0,1,0,0,9,-1,-1,-1,0,0.02423,0.97577,-1,6,30,1,1,1,14:25,4,2,9
2023131367762,2023,131367762,1,1,3,2,62,9,3,6,9,0,0,0,0,10,E01010946,3,1,0.0,1.0,-1,2,20,1,1,1,16:02,6,1,9
2023010476443,2023,010476443,1,1,1,2,58,9,3,0,0,0,0,0,9,4,E01000485,-1,0,0.0,1.0,-1,6,30,1,4,1,18:00,2,2,9
2023010485462,2023,010485462,1,1,1,1,48,8,3,0,0,0,0,0,9,2,E01004321,-1,0,0.0,1.0,-1,6,20,1,4,1,22:46,5,2,9