collision_index,collision_year,collision_ref_no,vehicle_reference,casualty_reference,casualty_class,sex_of_casualty,age_of_casualty,age_band_of_casualty,casualty_severity,pedestrian_location,pedestrian_movement,car_passenger,bus_or_coach_passenger,pedestrian_road_maintenance_worker,casualty_type,casualty_imd_decile,lsoa_of_casualty,enhanced_casualty_severity,casualty_injury_based,casualty_adjusted_severity_serious,casualty_adjusted_severity_slight,casualty_distance_banding,road_type,speed_limit,weather_conditions,light_conditions,road_surface_conditions,time,day_of_week,number_of_vehicles,vehicle_type
2023320629408,2023,320629408,2,1,1,2,24,5,3,0,0,0,0,0,9,6,E01026242,-1,0,0.05172,0.94828,-1,6,40,1,1,1,07:45,3,3,9
2023631327893,2023,631327893,1,1,1,1,22,5,3,0,0,0,0,0,9,6,W01000700,3,1,0.0,1.0,-1,6,50,8,1,2,13:00,2,1,9
2023010420700,2023,010420700,2,1,1,1,38,7,3,0,0,0,0,0,5,3,E01003263,-1,0,0.0,1.0,-1,3,20,2,1,2,07:20,4,2,5
2023451319901,2023,451319901,1,1,1,1,19,4,3,0,0,0,0,0,5,9,E01030975,3,1,0.0,1.0,-1,3,50,1,4,2,22:53,7,2,5
2023231407991,2023,231407991,1,1,3,1,17,4,3,1,4,0,0,0,0,6,E01031031,3,1,0.0,1.0,-1,6,30,1,1,1,12:34,5,1,9
2023010475708,2023,010475708,1,1,1,2,43,7,3,0,0,0,0,0,9,1,E01001549,-1,0,0.0,1.0,-1,9,20,2,1,2,12:50,6,2,9
2023101258643,2023,101258643,1,1,1,1,28,6,3,0,0,0,0,0,9,2,E01008644,3,1,0.0,1.0,-1,6,30,1,4,2,01:35,1,3,9
2023131392145,2023,131392145,1,1,2,2,19,4,3,0,0,1,0,0,9,7,E01010638,3,1,0.0,1.0,-1,6,60,5,6,2,16:35,7,1,9
2023320738864,2023,320738864,1,1,1,2,24,5,3,0,0,0,0,0,9,6,E01026021,-1,0,0.04405,0.95595,-1,6,40,1,1,2,11:15,5,2,9
2023351351658,2023,351351658,1,1,1,2,47,8,3,0,0,0,0,0,9,6,E01032159,3,1,0.0,1.0,-1,3,60,1,1,1,14:51,2,2,9
2023010435961,2023,010435961,2,1,1,2,43,7,3,0,0,0,0,0,1,5,E01003435,-1,0,0.0,1.0,-1,6,20,1,1,1,07:30,4,2,1
2023211427099,2023,211427099,1,1,1,1,19,4,3,0,0,0,0,0,3,3,E01029804,3,1,0.0,1.0,-1,6,60,1,1,1,16:29,5,1,3
2023522400912,2023,522400912,1,1,1,1,20,4,3,0,0,0,0,0,2,3,E01014684,-1,0,0.1362,0.8638,-1,6,40,1,1,1,12:42,4,1,2
2023361358138,2023,361358138,1,1,3,2,59,9,3,5,2,0,0,0,0,3,E01026596,3,1,0.0,1.0,-1,6,30,1,1,1,08:50,2,1,9
2023991287447,2023,991287447,1,3,2,1,41,7,3,0,0,0,0,0,19,8,-1,3,1,0.0,1.0,-1,6,60,2,1,2,08:05,5,2,19
2023052300743,2023,052300743,1,1,3,1,43,7,3,5,3,0,0,0,0,1,E01006761,-1,0,0.09784,0.90216,-1,6,30,1,1,1,10:00,6,1,9
2023131284620,2023,131284620,1,1,1,1,20,4,2,0,0,0,0,0,4,9,E01011190,7,1,1.0,0.0,-1,6,30,1,1,2,15:57,3,2,4
2023131312611,2023,131312611,1,1,1,1,22,5,3,0,0,0,0,0,3,2,E01011080,3,1,0.0,1.0,-1,6,30,1,1,1,19:14,2,2,3
2023231343151,2023,231343151,1,1,1,1,27,6,3,0,0,0,0,0,5,1,E01009400,3,1,0.0,1.0,-1,6,30,1,1,1,17:30,3,2,5
2023501272751,2023,501272751,1,1,1,1,58,9,3,0,0,0,0,0,5,1,E01018930,3,1,0.0,1.0,-1,6,30,1,1,1,15:22,1,2,5
2023122300704,2023,122300704,1,1,1,1,19,4,3,0,0,0,0,0,2,9,E01013365,-1,0,0.1222,0.8778,-1,6,30,1,1,1,15:20,2,1,2
2023010480224,2023,010480224,1,1,1,1,21,5,2,0,0,0,0,0,9,7,E01001346,-1,0,1.0,0.0,-1,6,20,1,1,2,07:40,1,4,9
2023221318928,2023,221318928,1,1,1,1,49,8,3,0,0,0,0,0,9,7,E01028998,3,1,0.0,1.0,-1,6,60,1,6,1,21:42,2,3,9
2023221380366,2023,221380366,1,2,2,2,17,4,1,0,0,1,0,0,9,5,E01028980,1,1,0.0,0.0,-1,6,60,1,6,2,18:14,3,1,9
2023451373053,2023,451373053,2,1,2,2,42,7,2,0,0,1,0,0,9,7,E01030577,7,1,1.0,0.0,-1,6,30,2,4,2,17:50,4,2,9
2023010428518,2023,010428518,2,1,1,2,52,8,3,0,0,0,0,0,1,1,E01001978,-1,0,0.0,1.0,-1,2,20,2,1,2,07:25,4,2,1
2023552300538,2023,552300538,2,1,1,1,34,6,3,0,0,0,0,0,4,3,E01020556,-1,0,0.08596,0.91404,-1,6,30,1,4,1,15:34,5,2,4
2023010439320,2023,010439320,1,2,3,2,15,3,3,4,1,0,0,0,0,2,E01003499,-1,0,0.0,1.0,-1,6,30,1,1,1,15:00,2,1,9
2023010428830,2023,010428830,1,1,1,1,25,5,3,0,0,0,0,0,3,3,E01001832,-1,0,0.0,1.0,-1,6,20,1,4,1,18:49,5,2,3
2023010472023,2023,010472023,1,1,3,1,34,6,3,8,9,0,0,0,0,3,E01000111,-1,0,0.0,1.0,-1,6,30,1,4,1,23:30,7,1,9
2023421320228,2023,421320228,1,1,3,1,-1,-1,3,5,3,0,0,0,0,3,E01021631,3,1,0.0,1.0,-1,2,20,9,1,1,10:50,7,1,9
2023351297400,2023,351297400,1,1,1,1,86,11,3,0,0,0,0,0,9,7,E01018011,3,1,0.0,1.0,-1,6,30,1,1,1,14:45,6,2,9
2023461344990,2023,461344990,1,2,2,2,16,4,3,0,0,2,0,0,9,2,E01016066,3,1,0.0,1.0,-1,6,40,1,1,1,22:29,1,1,9
2023610052423,2023,610052423,1,1,2,1,68,10,3,0,0,1,0,0,9,2,W01001620,-1,0,0.12297,0.87703,-1,6,20,2,1,2,14:06,4,3,9
2023411310956,2023,411310956,2,1,1,1,38,7,3,0,0,0,0,0,9,6,E01004936,3,1,0.0,1.0,-1,3,70,1,1,1,14:05,3,3,9
2023161296523,2023,161296523,2,1,1,1,18,4,3,0,0,0,0,0,9,4,E01013106,3,1,0.0,1.0,-1,3,30,1,1,1,06:59,6,2,9
2023421271137,2023,421271137,2,2,1,1,61,9,3,0,0,0,0,0,9,4,E01021775,3,1,0.0,1.0,-1,6,60,1,6,1,21:16,3,2,9
2023461390746,2023,461390746,1,3,2,1,24,5,2,0,0,2,0,0,9,-1,-1,5,1,1.0,0.0,-1,6,30,2,4,2,00:43,7,2,9
2023010492095,2023,010492095,1,2,2,2,-1,-1,2,0,0,1,0,0,9,6,E01001033,-1,0,1.0,0.0,-1,6,20,1,4,1,17:02,6,2,9
2023041297092,2023,041297092,1,3,2,1,21,5,3,0,0,2,0,0,9,1,E01012702,3,1,0.0,1.0,-1,6,30,2,4,2,01:56,1,3,9
2023041319590,2023,041319590,1,1,1,2,18,4,3,0,0,0,0,0,9,10,E01025510,3,1,0.0,1.0,-1,6,50,1,1,1,19:38,5,2,9
2023991350524,2023,991350524,1,2,2,2,21,5,3,0,0,1,0,0,9,1,-1,3,1,0.0,1.0,-1,6,60,1,1,1,15:31,6,2,9
2023161266891,2023,161266891,1,1,1,2,61,9,3,0,0,0,0,0,19,5,E01012991,3,1,0.0,1.0,-1,6,60,1,1,4,08:20,2,2,19
2023141383971,2023,141383971,1,1,1,2,-1,-1,2,0,0,0,0,0,9,8,E01028047,6,1,1.0,0.0,-1,6,50,1,1,2,09:17,5,2,9
2023430542159,2023,430542159,2,1,1,2,37,7,3,0,0,0,0,0,9,5,E01032726,-1,0,0.0795,0.9205,-1,6,30,1,7,1,23:38,7,4,9
2023461267142,2023,461267142,2,1,1,2,46,8,3,0,0,0,0,0,9,6,E01024848,3,1,0.0,1.0,-1,1,30,1,1,1,13:00,5,2,9
2023610024523,2023,610024523,1,3,1,2,54,8,3,0,0,0,0,0,9,6,W01001195,-1,0,0.10662,0.89338,-1,3,70,1,1,1,18:20,4,2,9
2023201281331,2023,201281331,1,1,1,1,30,6,2,0,0,0,0,0,90,5,E01010488,5,1,1.0,0.0,-1,3,30,1,4,1,18:05,3,1,90
2023351267281,2023,351267281,1,1,3,1,27,6,2,9,6,0,0,0,0,4,E01026268,6,1,1.0,0.0,-1,3,70,1,6,2,20:13,4,5,9
2023010431091,2023,010431091,1,1,1,1,48,8,3,0,0,0,0,0,5,2,E01004271,-1,0,0.0,1.0,-1,9,30,9,4,9,18:00,4,2,5
2023421361077,2023,421361077,2,1,1,1,33,6,3,0,0,0,0,0,9,1,E01022042,3,1,0.0,1.0,-1,6,30,1,1,1,06:50,6,2,9
2023122300751,2023,122300751,1,1,3,2,11,3,3,4,3,0,0,0,0,1,E01027820,-1,0,0.15539,0.84461,-1,6,40,1,1,1,17:05,3,1,9
2023371334323,2023,371334323,1,1,3,2,72,10,2,5,3,0,0,0,0,3,E01030253,7,1,1.0,0.0,-1,6,30,1,1,1,11:01,6,1,9
2023010453319,2023,010453319,1,1,1,1,50,8,2,0,0,0,0,0,1,4,E01001187,-1,0,1.0,0.0,-1,6,30,1,1,1,06:40,3,2,1
2023421351258,2023,421351258,2,1,1,1,55,8,3,0,0,0,0,0,1,6,E01021536,3,1,0.0,1.0,-1,6,30,1,4,1,22:05,4,2,1
2023010432184,2023,010432184,1,1,1,1,20,4,3,0,0,0,0,0,3,7,E01000314,-1,0,0.0,1.0,-1,9,20,1,1,1,16:33,3,2,3
2023520301671,2023,520301671,2,1,1,1,68,10,3,0,0,0,0,0,4,7,E01025197,-1,0,0.13142,0.86858,-1,1,70,1,1,1,11:45,1,2,4
2023430119301,2023,430119301,2,1,1,1,51,8,2,0,0,0,0,0,5,6,E01016588,-1,0,1.0,0.0,-1,6,60,1,1,1,11:59,6,2,5
2023221286174,2023,221286174,1,1,1,1,28,6,3,0,0,0,0,0,9,-1,-1,3,1,0.0,1.0,-1,3,70,1,1,1,12:24,2,1,9
2023461356754,2023,461356754,1,3,2,2,42,7,3,0,0,1,0,0,9,7,E01024224,3,1,0.0,1.0,-1,6,50,1,1,1,15:00,7,2,9
2023991274190,2023,991274190,1,2,1,2,18,4,3,0,0,0,0,0,9,1,-1,3,1,0.0,1.0,-1,6,30,1,1,2,07:50,5,2,9
2023010459234,2023,010459234,1,1,2,2,72,10,3,0,0,0,3,0,11,3,E01003105,-1,0,0.0,1.0,-1,6,20,1,1,1,14:28,1,1,11
2023320681531,2023,320681531,1,2,1,1,24,5,3,0,0,0,0,0,19,2,E01015657,-1,0,0.13618,0.86382,-1,6,60,1,6,2,00:30,6,1,19
2023010422525,2023,010422525,1,1,1,2,27,6,3,0,0,0,0,0,9,3,E01003348,-1,0,0.0,1.0,-1,6,30,1,7,1,18:40,4,2,9
2023010448560,2023,010448560,1,1,1,2,31,6,3,0,0,0,0,0,9,3,E01003981,-1,0,0.0,1.0,-1,6,20,1,1,2,17:00,2,2,9
2023010458718,2023,010458718,2,2,1,1,40,7,3,0,0,0,0,0,9,1,E01001431,-1,0,0.0,1.0,-1,3,40,1,1,1,17:38,5,3,9
2023010484280,2023,010484280,2,1,1,2,40,7,3,0,0,0,0,0,9,8,E01033610,-1,0,0.0,1.0,-1,3,40,1,4,1,17:30,6,3,9
2023052302168,2023,052302168,1,2,1,2,58,9,3,0,0,0,0,0,9,9,E01007184,-1,0,0.09044,0.90956,-1,6,30,1,1,1,17:45,5,1,9
2023122300925,2023,122300925,1,1,1,1,81,11,3,0,0,0,0,0,9,6,E01027881,-1,0,0.07885,0.92115,-1,6,30,1,1,1,07:34,7,2,9
2023101387392,2023,101387392,1,1,3,2,19,4,3,9,9,0,0,2,0,4,E01008582,3,1,0.0,1.0,-1,6,30,2,5,2,19:00,2,1,8
2023471389697,2023,471389697,1,1,3,1,19,4,3,5,9,0,0,0,0,5,E01031470,3,1,0.0,1.0,-1,6,20,9,7,2,16:30,7,1,9
2023170H10323,2023,170H10323,1,1,1,1,25,5,2,0,0,0,0,0,8,3,E01011964,-1,0,1.0,0.0,-1,6,30,1,1,1,15:46,5,2,8
2023010469927,2023,010469927,1,1,3,2,23,5,3,5,2,0,0,0,0,4,E01003919,-1,0,0.0,1.0,-1,6,20,1,1,1,14:22,3,1,9
2023010446788,2023,010446788,1,2,2,1,0,1,3,0,0,2,0,0,8,3,E01004454,-1,0,0.0,1.0,-1,6,30,1,1,1,19:03,7,2,8
2023010481156,2023,010481156,1,1,1,1,38,7,3,0,0,0,0,0,1,5,E01000144,-1,0,0.0,1.0,-1,2,20,1,1,1,11:10,4,2,1
2023311284182,2023,311284182,2,1,1,1,66,10,2,0,0,0,0,0,1,10,E01028354,7,1,1.0,0.0,-1,6,60,1,1,1,16:36,3,2,1
2023440512712,2023,440512712,1,1,1,1,29,6,2,0,0,0,0,0,5,4,E01022804,-1,0,1.0,0.0,-1,6,30,2,7,2,02:56,7,1,5
2023010463023,2023,010463023,1,1,3,2,19,4,3,1,3,0,0,0,0,7,E01001986,-1,0,0.0,1.0,-1,6,30,1,1,1,14:00,3,1,9
2023010458621,2023,010458621,1,1,1,1,28,6,3,0,0,0,0,0,3,5,E01003340,-1,0,0.0,1.0,-1,6,20,9,1,9,10:00,3,2,3
2023631318666,2023,631318666,2,1,1,1,17,4,2,0,0,0,0,0,3,-1,-1,7,1,1.0,0.0,-1,6,30,1,1,1,11:30,4,2,3
2023520400259,2023,520400259,2,3,3,2,41,7,3,6,9,0,0,0,0,3,E01014569,-1,0,0.09619,0.90381,-1,6,30,1,1,1,13:47,3,2,9
2023010475916,2023,010475916,2,1,1,1,30,6,3,0,0,0,0,0,1,2,E01001861,-1,0,0.0,1.0,-1,3,30,1,4,1,16:55,7,2,1
2023010434823,2023,010434823,1,1,1,1,26,6,3,0,0,0,0,0,1,7,E01002172,-1,0,0.0,1.0,-1,6,50,1,1,1,05:00,4,2,1
2023161319653,2023,161319653,1,2,2,2,34,6,3,0,0,1,0,0,9,1,E01013330,3,1,0.0,1.0,-1,1,40,1,1,1,16:16,6,2,9
2023201370103,2023,201370103,2,1,1,1,46,8,3,0,0,0,0,0,9,-1,-1,3,1,0.0,1.0,-1,6,30,1,1,1,05:00,4,2,9
2023451369045,2023,451369045,1,3,1,1,24,5,3,0,0,0,0,0,9,4,E01033320,3,1,0.0,1.0,-1,3,70,2,1,2,07:30,7,2,9
2023471271125,2023,471271125,2,2,2,1,29,6,3,0,0,1,0,0,9,8,E01031382,3,1,0.0,1.0,-1,6,50,1,1,1,15:52,4,2,9
2023141365463,2023,141365463,1,1,1,1,26,6,3,0,0,0,0,0,9,-1,-1,3,1,0.0,1.0,-1,6,30,2,1,2,15:33,6,3,9
2023501399952,2023,501399952,2,1,2,2,56,9,3,0,0,1,0,0,9,-1,-1,3,1,0.0,1.0,-1,3,30,1,1,1,14:40,5,3,9
2023522400918,2023,522400918,2,1,2,1,41,7,3,0,0,1,0,0,9,5,E01014524,-1,0,0.02966,0.97034,-1,6,40,1,1,1,12:30,6,2,9
2023991280268,2023,991280268,1,1,2,2,76,11,3,0,0,0,3,0,11,-1,-1,3,1,0.0,1.0,-1,6,30,9,1,1,12:02,7,1,11
2023440169942,2023,440169942,1,1,2,2,20,4,3,0,0,2,0,0,9,3,E01017127,-1,0,0.09734,0.90266,-1,6,30,1,4,1,03:48,2,3,9
2023451378432,2023,451378432,2,1,1,2,55,8,3,0,0,0,0,0,9,1,E01001410,3,1,0.0,1.0,-1,6,50,1,6,1,06:17,6,3,9
2023010460719,2023,010460719,2,1,1,1,47,8,3,0,0,0,0,0,9,5,E01003433,-1,0,0.0,1.0,-1,6,20,1,1,1,12:40,3,2,9
2023211443107,2023,211443107,1,1,1,1,76,11,2,0,0,0,0,0,9,3,E01029388,6,1,1.0,0.0,-1,3,60,1,1,1,09:34,7,1,9
2023610022923,2023,610022923,1,1,1,1,22,5,2,0,0,0,0,0,9,2,W01001325,-1,0,1.0,0.0,-1,6,30,1,1,1,12:11,5,1,9
2023501373409,2023,501373409,2,2,2,1,3,1,2,0,0,2,0,0,9,5,E01020220,7,1,1.0,0.0,-1,3,60,1,1,2,14:27,7,2,9
2023991295163,2023,991295163,1,1,1,1,32,6,3,0,0,0,0,0,9,4,-1,3,1,0.0,1.0,-1,6,30,1,1,1,20:00,7,2,9
2023131290278,2023,131290278,2,1,1,1,13,3,2,0,0,0,0,0,90,2,E01011840,7,1,1.0,0.0,-1,6,30,1,4,2,21:40,6,2,90
2023302301122,2023,302301122,1,4,2,1,21,5,3,0,0,1,0,0,9,2,E01013523,-1,0,0.05919,0.94081,-1,3,60,2,1,2,14:50,7,1,9
2023101378894,2023,101378894,2,2,2,2,-1,-1,3,0,0,0,4,0,11,-1,-1,3,1,0.0,1.0,-1,6,40,1,1,2,12:00,5,2,11
2023351315968,2023,351315968,1,1,1,2,23,5,3,0,0,0,0,0,9,9,E01018278,3,1,0.0,1.0,-1,6,60,1,1,1,17:05,5,2,9
2023430137998,2023,430137998,2,1,1,2,57,9,3,0,0,0,0,0,9,8,E01016808,-1,0,0.04828,0.95172,-1,6,30,1,1,1,08:49,4,2,9
2023541265223,2023,541265223,1,1,1,2,70,10,3,0,0,0,0,0,9,9,E01031897,-1,0,0.05127,0.94873,-1,3,40,1,1,1,11:03,7,2,9
2023010467899,2023,010467899,1,1,1,2,34,6,3,0,0,0,0,0,9,1,E01004205,-1,0,0.0,1.0,-1,9,20,1,1,1,14:30,7,2,9
2023010470834,2023,010470834,1,2,2,1,24,5,3,0,0,0,0,0,19,1,E01004702,-1,0,0.0,1.0,-1,6,20,1,4,1,22:20,1,2,19
2023311337921,2023,311337921,2,1,1,1,20,4,3,0,0,0,0,0,-1,-1,-1,3,1,0.0,1.0,-1,6,30,1,1,1,17:30,4,2,-1
2023161380535,2023,161380535,2,1,1,1,63,9,3,0,0,0,0,0,9,6,E01013334,3,1,0.0,1.0,-1,1,30,1,1,2,08:51,4,2,9
2023401333121,2023,401333121,2,2,1,1,50,8,3,0,0,0,0,0,9,8,E01017461,3,1,0.0,1.0,-1,6,60,1,1,1,17:54,5,2,9
2023471325503,2023,471325503,2,3,2,1,1,1,3,0,0,2,0,0,9,-1,-1,3,1,0.0,1.0,-1,6,60,1,1,1,18:05,2,2,9
2023552300348,2023,552300348,1,1,1,2,26,6,3,0,0,0,0,0,9,3,E01015305,-1,0,0.03885,0.96115,-1,6,30,2,4,2,19:23,5,2,9
2023531378820,2023,531378820,2,1,2,2,58,9,3,0,0,0,4,0,11,8,E01022384,3,1,0.0,1.0,-1,6,40,1,1,1,12:25,7,2,11
2023351301964,2023,351301964,1,1,1,2,25,5,3,0,0,0,0,0,9,9,E01015598,3,1,0.0,1.0,-1,3,70,2,1,2,10:49,5,2,9
2023461315520,2023,461315520,2,2,1,2,35,6,3,0,0,0,0,0,9,8,E01024026,3,1,0.0,1.0,-1,6,40,1,1,1,16:38,5,2,9
2023552300856,2023,552300856,3,4,1,2,77,11,3,0,0,0,0,0,9,7,E01015408,-1,0,0.03335,0.96665,-1,6,30,2,1,2,11:18,7,3,9
2023010454897,2023,010454897,1,1,1,1,23,5,3,0,0,0,0,0,9,1,E01002280,-1,0,0.0,1.0,-1,6,30,1,4,1,00:15,5,1,9
2023201385481,2023,201385481,1,1,1,1,81,11,3,0,0,0,0,0,22,6,E01010380,3,1,0.0,1.0,-1,2,30,1,4,1,16:16,2,2,22
2023311376628,2023,311376628,1,1,1,1,40,7,3,0,0,0,0,0,19,9,E01025661,3,1,0.0,1.0,-1,3,70,1,4,1,23:00,7,2,19
2023471312903,2023,471312903,2,1,1,1,33,6,3,0,0,0,0,0,3,6,E01031513,3,1,0.0,1.0,-1,1,70,1,1,1,12:01,4,2,3
2023131319847,2023,131319847,1,1,1,2,52,8,2,0,0,0,0,0,9,5,E01010818,7,1,1.0,0.0,-1,6,20,1,1,1,18:26,7,2,9
2023311316530,2023,311316530,1,1,1,1,57,9,2,0,0,0,0,0,9,3,E01033392,6,1,1.0,0.0,-1,6,30,1,1,1,16:15,5,3,9
2023421264469,2023,421264469,1,1,1,1,61,9,3,0,0,0,0,0,9,6,E01021589,3,1,0.0,1.0,-1,6,60,1,1,4,10:51,3,3,9
2023531268475,2023,531268475,1,2,2,1,30,6,3,0,0,1,0,0,9,5,E01022420,3,1,0.0,1.0,-1,6,60,1,1,2,10:31,5,2,9
2023440081355,2023,440081355,2,1,1,1,26,6,2,0,0,0,0,0,1,-1,-1,-1,0,1.0,0.0,-1,6,30,1,4,1,19:07,2,2,1
2023461333403,2023,461333403,2,2,2,2,26,6,3,0,0,1,0,0,9,4,E01016067,3,1,0.0,1.0,-1,6,30,1,1,1,18:32,5,2,9
2023361321129,2023,361321129,1,2,2,1,51,8,3,0,0,1,0,0,9,10,E01026709,3,1,0.0,1.0,-1,6,60,1,1,1,13:30,1,4,9
2023041332327,2023,041332327,1,1,3,1,33,6,2,5,1,0,0,0,0,2,E01024951,5,1,1.0,0.0,-1,6,30,2,4,2,23:20,7,1,9
2023320204523,2023,320204523,2,1,3,2,51,8,3,10,9,0,0,0,0,4,E01026028,-1,0,0.16606,0.83394,-1,6,30,1,1,1,06:15,4,4,9
2023461358575,2023,461358575,2,1,1,1,24,5,2,0,0,0,0,0,3,3,E01016043,6,1,1.0,0.0,-1,3,30,1,1,1,16:28,6,2,3
2023471365396,2023,471365396,2,1,1,2,52,8,3,0,0,0,0,0,9,7,E01032717,3,1,0.0,1.0,-1,3,70,9,1,1,12:45,7,2,9
2023501383055,2023,501383055,3,1,1,2,56,9,3,0,0,0,0,0,9,7,E01020245,3,1,0.0,1.0,-1,6,30,1,4,1,23:17,6,4,9
2023520301153,2023,520301153,1,1,1,1,51,8,1,0,0,0,0,0,5,5,E01032056,-1,0,0.0,0.0,-1,6,30,1,1,1,17:00,1,4,5
2023010427999,2023,010427999,1,1,1,2,45,7,3,0,0,0,0,0,9,9,E01003810,-1,0,0.0,1.0,-1,6,20,1,1,1,11:25,1,2,9
2023101329601,2023,101329601,2,2,2,2,25,5,3,0,0,1,0,0,9,7,E01027516,3,1,0.0,1.0,-1,6,30,1,1,2,05:10,7,2,9
2023320070724,2023,320070724,2,1,1,1,49,8,3,0,0,0,0,0,9,7,E01026014,-1,0,0.06948,0.93052,-1,6,60,1,1,1,11:25,6,2,9
2023411331102,2023,411331102,1,1,1,1,49,8,3,0,0,0,0,0,9,7,E01023492,3,1,0.0,1.0,-1,6,60,1,1,1,16:45,6,2,9
2023461379750,2023,461379750,2,1,1,1,21,5,3,0,0,0,0,0,9,8,E01024984,3,1,0.0,1.0,-1,6,40,2,7,2,21:38,5,3,9
2023471383095,2023,471383095,2,1,2,2,21,5,3,0,0,0,4,0,11,4,E01000558,3,1,0.0,1.0,-1,6,40,2,6,2,15:48,3,1,11
2023411359430,2023,411359430,2,1,1,1,66,10,3,0,0,0,0,0,9,8,E01023485,3,1,0.0,1.0,-1,1,40,1,1,1,05:55,3,2,9
2023041280260,2023,041280260,1,1,1,1,61,9,3,0,0,0,0,0,5,3,E01024996,3,1,0.0,1.0,-1,6,50,1,4,1,19:00,6,1,5
2023010467096,2023,010467096,1,1,1,1,33,6,3,0,0,0,0,0,1,6,E01004532,-1,0,0.0,1.0,-1,6,30,4,1,1,07:10,4,2,1
2023010424048,2023,010424048,1,2,3,2,19,4,3,10,9,0,0,0,0,9,E01004638,-1,0,0.0,1.0,-1,3,20,1,4,1,16:19,7,2,9
2023141260116,2023,141260116,1,1,3,1,14,3,3,5,4,0,0,0,0,6,E01007560,3,1,0.0,1.0,-1,6,30,1,4,2,16:45,5,1,9
2023991328017,2023,991328017,1,1,3,2,52,8,2,9,9,0,0,0,0,6,-1,7,1,1.0,0.0,-1,6,30,2,4,2,23:26,2,1,9
2023010440155,2023,010440155,1,1,1,1,25,5,3,0,0,0,0,0,1,2,E01003983,-1,0,0.0,1.0,-1,6,30,1,1,1,15:00,3,2,1
2023231327783,2023,231327783,1,1,1,1,45,7,3,0,0,0,0,0,5,8,E01010209,3,1,0.0,1.0,-1,1,50,1,1,1,20:25,6,1,5
2023010455679,2023,010455679,1,1,3,2,47,8,3,1,3,0,0,0,0,1,E01001507,-1,0,0.0,1.0,-1,2,20,1,1,1,16:25,2,1,9
2023332301094,2023,332301094,1,2,2,2,18,4,2,0,0,2,0,0,9,8,E01025612,-1,0,1.0,0.0,-1,6,30,7,4,2,00:30,7,2,9
2023531327462,2023,531327462,2,3,2,2,19,4,3,0,0,2,0,0,9,5,E01022245,3,1,0.0,1.0,-1,6,40,1,1,1,18:00,1,2,9
2023991258858,2023,991258858,2,1,1,2,24,5,3,0,0,0,0,0,9,4,E01019098,3,1,0.0,1.0,-1,6,60,1,1,2,13:45,2,2,9
2023221383263,2023,221383263,2,2,1,1,35,6,2,0,0,0,0,0,1,5,E01014186,7,1,1.0,0.0,-1,6,40,2,4,2,16:45,2,2,1
2023622300797,2023,622300797,2,2,1,1,12,3,3,0,0,0,0,0,1,1,W01001753,-1,0,0.05673,0.94327,-1,6,20,1,1,1,17:29,6,2,1
2023471312579,2023,471312579,1,1,2,2,59,9,3,0,0,2,0,0,9,8,E01031535,3,1,0.0,1.0,-1,6,30,8,1,1,15:35,2,1,9
2023622400025,2023,622400025,1,1,1,1,35,6,1,0,0,0,0,0,9,3,W01001374,-1,0,0.0,0.0,-1,6,40,2,6,2,22:01,1,3,9
2023052302422,2023,052302422,2,2,2,1,5,1,3,0,0,1,0,0,9,8,E01007247,-1,0,0.00721,0.99279,-1,6,40,1,1,1,18:35,4,2,9
2023231388522,2023,231388522,2,1,1,1,51,8,3,0,0,0,0,0,9,8,E01031245,3,1,0.0,1.0,-1,6,50,2,1,2,11:25,6,3,9
2023471353322,2023,471353322,2,2,2,2,41,7,2,0,0,1,0,0,9,10,E01021227,7,1,1.0,0.0,-1,6,60,1,1,2,14:11,1,2,9
2023991318281,2023,991318281,2,1,2,2,48,8,2,0,0,1,0,0,9,9,-1,5,1,1.0,0.0,-1,6,60,1,1,1,16:34,3,2,9
2023531288200,2023,531288200,1,1,1,1,25,5,3,0,0,0,0,0,9,7,E01028921,3,1,0.0,1.0,-1,6,50,1,1,1,11:30,7,2,9
2023010447761,2023,010447761,1,1,1,1,17,4,3,0,0,0,0,0,9,2,E01001633,-1,0,0.0,1.0,-1,1,50,1,1,1,12:50,5,1,9
2023131377816,2023,131377816,2,1,1,1,69,10,3,0,0,0,0,0,9,5,E01020535,3,1,0.0,1.0,-1,6,30,1,4,2,22:25,3,2,9
2023461387869,2023,461387869,1,1,1,1,21,5,2,0,0,0,0,0,9,-1,-1,6,1,1.0,0.0,-1,3,70,3,6,3,00:39,1,9,9
2023421262897,2023,421262897,2,1,1,2,24,5,2,0,0,0,0,0,-1,3,E01002215,7,1,1.0,0.0,-1,1,30,1,4,1,07:11,6,2,-1
2023010465917,2023,010465917,1,1,1,1,21,5,3,0,0,0,0,0,9,8,E01002178,-1,0,0.0,1.0,-1,1,30,1,4,1,21:05,4,1,9
2023131388392,2023,131388392,2,1,2,2,25,5,3,0,0,1,0,0,9,1,E01010821,3,1,0.0,1.0,-1,6,30,1,4,1,19:37,5,2,9
2023311330742,2023,311330742,2,2,1,2,41,7,2,0,0,0,0,0,9,9,E01028421,6,1,1.0,0.0,-1,6,50,1,1,2,17:18,3,2,9
2023631375224,2023,631375224,2,1,1,2,34,6,3,0,0,0,0,0,9,2,W01000659,3,1,0.0,1.0,-1,6,50,8,1,2,08:55,5,2,9