collision_index,collision_year,collision_ref_no,vehicle_reference,casualty_reference,casualty_class,sex_of_casualty,age_of_casualty,age_band_of_casualty,casualty_severity,pedestrian_location,pedestrian_movement,car_passenger,bus_or_coach_passenger,pedestrian_road_maintenance_worker,casualty_type,casualty_imd_decile,lsoa_of_casualty,enhanced_casualty_severity,casualty_injury_based,casualty_adjusted_severity_serious,casualty_adjusted_severity_slight,casualty_distance_banding,road_type,speed_limit,weather_conditions,light_conditions,road_surface_conditions,time,day_of_week,number_of_vehicles,vehicle_type
2023311347908,2023,311347908,1,1,2,2,-1,-1,3,0,0,0,3,0,11,2,E01028044,3,1,0.0,1.0,-1,6,30,1,1,1,10:10,5,1,11
2023430497809,2023,430497809,1,1,1,1,51,8,3,0,0,0,0,0,1,1,E01002800,-1,0,0.06615,0.93385,-1,6,30,2,7,2,17:55,5,2,1
2023451269941,2023,451269941,1,1,3,2,16,4,2,1,3,0,0,0,0,9,E01030501,7,1,1.0,0.0,-1,6,30,1,1,2,15:45,4,1,9
2023320146372,2023,320146372,2,1,1,1,65,9,3,0,0,0,0,0,9,4,E01026082,-1,0,0.02086,0.97914,-1,1,60,2,7,2,18:25,5,2,9
2023451377292,2023,451377292,2,3,2,2,54,8,3,0,0,1,0,0,9,8,E01031620,3,1,0.0,1.0,-1,3,50,1,6,1,16:50,3,2,9
2023010477161,2023,010477161,1,1,1,1,16,4,3,0,0,0,0,0,9,3,E01002306,-1,0,0.0,1.0,-1,3,50,1,4,2,17:13,5,5,9
2023548400923,2023,548400923,1,1,1,1,31,6,2,0,0,0,0,0,9,4,E01032101,-1,0,1.0,0.0,-1,6,60,1,6,1,20:44,4,1,9
2023622300169,2023,622300169,1,3,2,1,17,4,3,0,0,2,0,0,9,2,W01001282,-1,0,0.10932,0.89068,-1,6,50,1,6,1,23:56,7,1,9
2023010433944,2023,010433944,1,1,3,2,40,7,3,5,3,0,0,0,0,5,E01023324,-1,0,0.0,1.0,-1,6,20,2,1,2,12:41,6,1,3
2023041310890,2023,041310890,2,1,1,1,36,7,3,0,0,0,0,0,1,8,E01025178,3,1,0.0,1.0,-1,1,30,1,1,1,12:20,6,2,1
2023520000735,2023,520000735,2,1,1,1,21,5,3,0,0,0,0,0,1,5,W01001143,-1,0,0.14232,0.85768,-1,6,30,1,7,1,00:20,1,2,1
2023010424604,2023,010424604,1,2,2,1,-1,-1,3,0,0,2,0,0,9,2,E01003390,-1,0,0.0,1.0,-1,6,20,8,1,1,07:50,3,2,9
2023131274652,2023,131274652,1,1,1,2,41,7,2,0,0,0,0,0,9,8,E01011200,7,1,1.0,0.0,-1,6,40,1,1,1,08:19,6,2,9
2023201370074,2023,201370074,2,1,1,1,39,7,3,0,0,0,0,0,9,4,E01009284,3,1,0.0,1.0,-1,6,30,1,1,1,10:18,4,2,9
2023471363154,2023,471363154,2,1,1,2,23,5,3,0,0,0,0,0,9,9,E01031741,3,1,0.0,1.0,-1,6,50,1,6,1,21:10,1,2,9
2023631329188,2023,631329188,2,1,1,2,73,10,3,0,0,0,0,0,9,4,W01000681,3,1,0.0,1.0,-1,6,60,1,1,2,19:55,5,2,9
2023061373461,2023,061373461,1,1,3,1,33,6,3,1,3,0,0,0,0,-1,-1,3,1,0.0,1.0,-1,6,30,1,4,1,18:20,7,1,9
2023340WN3032,2023,340WN3032,1,1,2,2,23,5,3,0,0,1,0,0,9,10,E01032886,-1,0,0.0291,0.9709,-1,6,60,1,1,1,13:30,6,2,9
2023430145009,2023,430145009,1,2,1,2,43,7,3,0,0,0,0,0,9,8,E01002453,-1,0,0.07161,0.92839,-1,6,40,1,1,1,16:52,1,2,9
2023430000662,2023,430000662,1,1,1,1,22,5,3,0,0,0,0,0,3,10,E01016184,-1,0,0.02037,0.97963,-1,1,40,1,1,1,09:45,1,2,3
2023440518251,2023,440518251,2,1,1,1,41,7,3,0,0,0,0,0,3,2,E01022964,-1,0,0.09135,0.90865,-1,6,40,1,4,2,07:10,4,2,3
2023421353728,2023,421353728,2,1,1,1,55,8,3,0,0,0,0,0,19,1,E01003515,3,1,0.0,1.0,-1,1,70,1,1,1,14:52,2,5,19
2023010451798,2023,010451798,2,2,2,2,4,1,3,0,0,2,0,0,9,5,E01023342,-1,0,0.0,1.0,-1,3,40,1,1,1,13:50,3,2,9
2023440201609,2023,440201609,2,2,1,2,58,9,3,0,0,0,0,0,9,6,E01022812,-1,0,0.05171,0.94829,-1,6,30,1,1,1,10:14,2,2,9
2023471314263,2023,471314263,3,2,1,2,33,6,3,0,0,0,0,0,9,4,E01030702,3,1,0.0,1.0,-1,6,60,1,1,1,14:15,6,3,9
2023520000427,2023,520000427,2,2,1,2,31,6,3,0,0,0,0,0,9,10,E01014460,-1,0,0.02056,0.97944,-1,6,20,1,1,1,15:50,1,2,9
2023361354832,2023,361354832,2,1,1,1,16,4,3,0,0,0,0,0,2,7,E01026883,3,1,0.0,1.0,-1,6,20,1,1,1,18:08,7,2,2
2023010436629,2023,010436629,1,1,1,1,59,9,3,0,0,0,0,0,9,7,E01003270,-1,0,0.0,1.0,-1,6,30,1,1,1,18:48,1,2,9
2023061272411,2023,061272411,1,1,1,2,69,10,3,0,0,0,0,0,9,4,E01005151,3,1,0.0,1.0,-1,6,30,2,4,2,18:26,7,3,9
2023131361174,2023,131361174,3,2,1,1,35,6,3,0,0,0,0,0,9,10,E01011702,3,1,0.0,1.0,-1,6,40,1,1,1,15:05,2,3,9
2023320416300,2023,320416300,1,1,1,1,36,7,3,0,0,0,0,0,9,4,E01026288,-1,0,0.05328,0.94672,-1,6,30,1,1,1,10:45,5,2,9
2023052302486,2023,052302486,2,3,2,1,11,3,3,0,0,2,0,0,8,3,E01006587,-1,0,0.0652,0.9348,-1,6,30,1,4,1,18:50,4,2,8
2023010452945,2023,010452945,1,1,1,1,35,6,3,0,0,0,0,0,1,5,E01003139,-1,0,0.0,1.0,-1,6,20,1,1,1,13:10,5,2,1
2023041277064,2023,041277064,1,1,1,2,76,11,3,0,0,0,0,0,9,9,E01025484,3,1,0.0,1.0,-1,6,30,1,1,2,10:12,5,2,9
2023461280738,2023,461280738,1,2,2,1,18,4,3,0,0,-1,0,0,9,8,E01024542,3,1,0.0,1.0,-1,6,30,1,6,1,19:18,5,2,9
2023430550428,2023,430550428,2,2,1,1,21,5,3,0,0,0,0,0,19,2,E01028450,-1,0,0.01709,0.98291,-1,6,30,1,1,1,11:29,6,2,19
2023201422945,2023,201422945,1,1,1,2,54,8,3,0,0,0,0,0,19,1,E01028001,3,1,0.0,1.0,-1,3,40,4,1,2,09:53,2,2,19
2023440354404,2023,440354404,1,1,1,1,40,7,3,0,0,0,0,0,19,8,E01022815,-1,0,0.02924,0.97076,-1,6,40,1,1,1,15:30,6,3,19
2023010468833,2023,010468833,1,1,3,2,25,5,3,5,2,0,0,0,0,8,E01004589,-1,0,0.0,1.0,-1,6,20,1,1,1,17:13,5,1,9
2023421367112,2023,421367112,2,1,1,2,40,7,3,0,0,0,0,0,9,9,E01015850,3,1,0.0,1.0,-1,1,50,1,4,2,19:02,4,2,9
2023991271542,2023,991271542,1,2,1,1,30,6,3,0,0,0,0,0,9,10,-1,3,1,0.0,1.0,-1,6,30,1,1,1,10:20,5,2,9
2023430325749,2023,430325749,1,2,3,2,39,7,2,6,9,0,0,0,0,6,E01013837,-1,0,1.0,0.0,-1,3,70,2,1,2,11:36,7,2,9
2023010435821,2023,010435821,1,2,2,1,51,8,3,0,0,1,0,0,9,4,E01004417,-1,0,0.0,1.0,-1,1,20,8,1,1,13:00,3,2,9
2023451377689,2023,451377689,3,2,1,2,20,4,3,0,0,0,0,0,9,9,E01016641,3,1,0.0,1.0,-1,3,70,2,1,2,08:10,5,5,9
2023052300241,2023,052300241,2,2,1,1,77,11,3,0,0,0,0,0,10,1,E01006964,-1,0,0.09512,0.90488,-1,6,20,1,4,2,06:50,4,2,10
2023421281598,2023,421281598,1,1,1,1,29,6,3,0,0,0,0,0,19,5,E01021414,3,1,0.0,1.0,-1,3,70,1,1,2,06:30,4,2,19
2023010450737,2023,010450737,1,1,1,2,59,9,3,0,0,0,0,0,1,8,E01004073,-1,0,0.0,1.0,-1,9,30,1,1,1,13:08,6,2,1
2023501372104,2023,501372104,1,1,1,1,20,4,2,0,0,0,0,0,3,8,E01015223,7,1,1.0,0.0,-1,6,30,2,1,2,08:57,4,3,3
2023010470497,2023,010470497,1,1,1,2,58,9,3,0,0,0,0,0,9,2,E01000083,-1,0,0.0,1.0,-1,2,30,1,4,1,22:49,6,1,9
2023421290094,2023,421290094,2,1,2,2,7,2,3,0,0,2,0,0,9,10,E01021474,3,1,0.0,1.0,-1,6,40,1,1,2,16:00,6,3,9
2023520400155,2023,520400155,1,1,1,1,20,4,3,0,0,0,0,0,9,7,E01029214,-1,0,0.01171,0.98829,-1,6,40,1,1,1,19:10,3,2,9
2023549913123,2023,549913123,1,1,1,1,44,7,3,0,0,0,0,0,9,9,E01032041,-1,0,0.06434,0.93566,-1,6,30,1,6,1,22:05,2,1,9
2023552300952,2023,552300952,2,2,1,1,34,6,3,0,0,0,0,0,9,7,E01020233,-1,0,0.04662,0.95338,-1,6,60,1,1,1,13:03,1,2,9
2023010471764,2023,010471764,1,1,1,1,39,7,3,0,0,0,0,0,1,5,E01003292,-1,0,0.0,1.0,-1,6,20,2,1,2,08:50,6,2,1
2023041346945,2023,041346945,1,1,1,1,61,9,2,0,0,0,0,0,1,9,E01025106,6,1,1.0,0.0,-1,6,20,1,1,1,10:57,4,2,1
2023421351929,2023,421351929,1,1,1,1,-1,-1,3,0,0,0,0,0,1,3,E01021823,3,1,0.0,1.0,-1,6,20,1,1,1,12:40,6,2,1
2023471314804,2023,471314804,1,1,1,1,31,6,2,0,0,0,0,0,5,1,E01021019,5,1,1.0,0.0,-1,6,60,1,1,1,17:15,1,1,5
2023010422944,2023,010422944,1,1,2,1,-1,-1,3,0,0,1,0,0,9,2,E01000056,-1,0,0.0,1.0,-1,3,50,1,4,1,18:44,7,2,9
2023071090119,2023,071090119,1,4,2,2,16,4,3,0,0,2,0,0,9,4,E01005834,-1,0,0.11597,0.88403,-1,6,60,5,6,2,22:20,5,1,9
2023101391734,2023,101391734,1,1,3,1,4,1,3,6,9,0,0,0,0,8,E01027499,3,1,0.0,1.0,-1,6,20,1,1,1,08:15,6,1,9
2023131299761,2023,131299761,1,1,3,1,7,2,3,5,3,0,0,2,0,1,E01010996,3,1,0.0,1.0,-1,6,30,1,1,1,14:25,7,1,9
2023361337542,2023,361337542,1,1,3,1,44,7,3,9,7,0,0,0,0,5,E01026943,3,1,0.0,1.0,-1,6,30,1,1,1,14:15,3,1,9
2023010458668,2023,010458668,1,4,2,1,35,6,3,0,0,2,0,0,9,5,E01016472,-1,0,0.0,1.0,-1,3,70,2,4,2,20:55,4,1,9
2023061310087,2023,061310087,2,1,1,1,36,7,3,0,0,0,0,0,9,3,E01012507,3,1,0.0,1.0,-1,3,20,1,1,1,09:00,6,2,9
2023461329274,2023,461329274,1,5,2,1,17,4,3,0,0,2,0,0,9,8,E01023989,3,1,0.0,1.0,-1,6,40,1,6,1,22:45,3,1,9
2023471371410,2023,471371410,2,3,1,1,46,8,3,0,0,0,0,0,9,6,E01021034,3,1,0.0,1.0,-1,6,60,1,5,2,00:33,3,5,9
2023122301363,2023,122301363,1,1,1,1,45,7,3,0,0,0,0,0,4,5,E01025206,-1,0,0.15838,0.84162,-1,6,30,1,1,2,06:02,3,1,4
2023122301259,2023,122301259,1,1,3,2,13,3,3,4,4,0,0,0,0,5,E01027649,-1,0,0.03839,0.96161,-1,6,30,2,7,2,19:48,7,1,9
2023421275936,2023,421275936,1,1,3,1,36,7,3,10,9,0,0,0,0,9,E01021390,3,1,0.0,1.0,-1,6,30,1,4,1,17:30,4,1,9
2023010423020,2023,010423020,1,1,1,1,35,6,3,0,0,0,0,0,3,3,E01002048,-1,0,0.0,1.0,-1,9,20,1,1,1,16:15,6,2,3
2023311358122,2023,311358122,1,2,2,1,23,5,3,0,0,2,0,0,8,6,E01028188,3,1,0.0,1.0,-1,6,30,2,4,2,01:24,1,2,8
2023421359326,2023,421359326,2,2,1,2,26,6,3,0,0,0,0,0,9,8,E01021520,3,1,0.0,1.0,-1,6,30,1,1,1,10:08,4,2,9
2023340WN2182,2023,340WN2182,1,1,1,1,36,7,3,0,0,0,0,0,97,1,E01027013,-1,0,0.18541,0.81459,-1,6,20,1,1,1,17:00,1,2,97
2023161387958,2023,161387958,1,1,3,2,53,8,2,10,1,0,0,2,0,4,E01012934,7,1,1.0,0.0,-1,6,30,2,4,2,18:36,4,1,9
2023440419849,2023,440419849,1,1,3,1,16,4,3,5,1,0,0,0,0,3,E01017079,-1,0,0.15084,0.84916,-1,6,30,1,1,1,15:15,6,1,9
2023501346092,2023,501346092,1,2,3,1,29,6,2,6,9,0,0,0,0,-1,-1,7,1,1.0,0.0,-1,6,20,1,4,1,03:23,1,1,9
2023440105245,2023,440105245,2,1,1,1,12,3,3,0,0,0,0,0,1,6,E01022940,-1,0,0.16882,0.83118,-1,6,40,1,1,1,10:31,5,2,1
2023101306980,2023,101306980,2,2,2,2,8,2,3,0,0,1,0,0,9,-1,-1,3,1,0.0,1.0,-1,6,30,1,1,1,14:25,7,2,9
2023461326163,2023,461326163,2,1,1,1,46,8,3,0,0,0,0,0,9,9,E01016106,3,1,0.0,1.0,-1,3,30,1,1,1,14:40,7,2,9
2023070489170,2023,070489170,2,2,1,2,32,6,3,0,0,0,0,0,9,7,E01007203,-1,0,0.0531,0.9469,-1,6,50,1,1,1,08:45,4,2,9
2023221262104,2023,221262104,1,1,1,2,36,7,3,0,0,0,0,0,9,1,E01010524,3,1,0.0,1.0,-1,1,30,5,4,2,20:06,3,2,9
2023451393365,2023,451393365,1,1,1,1,32,6,3,0,0,0,0,0,9,9,E01002416,3,1,0.0,1.0,-1,3,70,1,1,2,13:15,7,3,9
2023991338541,2023,991338541,1,1,1,1,39,7,3,0,0,0,0,0,19,2,E01026957,3,1,0.0,1.0,-1,6,60,1,1,2,13:08,5,3,19
2023430124962,2023,430124962,1,1,1,1,26,6,2,0,0,0,0,0,9,10,E01028722,-1,0,1.0,0.0,-1,6,30,1,6,2,05:55,3,1,9
2023440180344,2023,440180344,1,1,1,1,39,7,3,0,0,0,0,0,9,8,E01023084,-1,0,0.12448,0.87552,-1,3,50,1,1,2,10:56,2,3,9
2023461343121,2023,461343121,2,2,2,2,35,6,3,0,0,1,0,0,9,2,E01002723,3,1,0.0,1.0,-1,6,30,1,1,1,16:00,1,2,9
2023991262057,2023,991262057,1,1,3,1,17,4,3,5,1,0,0,2,0,-1,-1,3,1,0.0,1.0,-1,6,20,5,1,2,12:27,4,1,9
2023371305694,2023,371305694,2,2,1,1,60,9,2,0,0,0,0,0,1,8,E01030042,6,1,1.0,0.0,-1,6,40,1,1,1,08:51,4,2,1
2023071068986,2023,071068986,1,1,1,1,23,5,3,0,0,0,0,0,3,7,E01018725,-1,0,0.20417,0.79583,-1,6,30,2,4,2,01:40,1,1,3
2023451347635,2023,451347635,1,1,1,2,78,11,3,0,0,0,0,0,9,10,E01030990,3,1,0.0,1.0,-1,6,30,1,1,1,14:36,3,2,9
2023991380159,2023,991380159,1,1,1,1,44,7,2,0,0,0,0,0,9,8,-1,5,1,1.0,0.0,-1,6,60,1,6,2,18:08,1,2,9
2023010424790,2023,010424790,2,1,1,1,48,8,3,0,0,0,0,0,19,3,E01000081,-1,0,0.0,1.0,-1,6,30,1,4,1,20:43,4,3,19
2023070923676,2023,070923676,2,2,2,2,7,2,3,0,0,2,0,0,9,6,E01029563,-1,0,0.0117,0.9883,-1,9,30,8,1,1,16:00,7,2,9
2023451302631,2023,451302631,1,1,1,2,46,8,3,0,0,0,0,0,9,5,E01030974,3,1,0.0,1.0,-1,6,30,1,1,1,15:41,2,1,9
2023461347463,2023,461347463,2,1,1,1,38,7,2,0,0,0,0,0,1,8,E01024730,6,1,1.0,0.0,-1,6,30,8,1,1,14:45,3,2,1
2023101360637,2023,101360637,2,2,1,1,44,7,3,0,0,0,0,0,3,1,E01027527,3,1,0.0,1.0,-1,7,70,2,4,2,21:29,7,2,3
2023061303060,2023,061303060,1,1,3,1,50,8,2,10,1,0,0,0,0,7,-1,5,1,1.0,0.0,-1,3,70,1,1,1,18:34,3,1,21
2023010482343,2023,010482343,1,1,3,1,53,8,3,9,5,0,0,0,0,4,E01002098,-1,0,0.0,1.0,-1,6,20,1,1,2,13:24,4,1,9
2023531280322,2023,531280322,1,1,1,1,18,4,3,0,0,0,0,0,1,5,E01022312,3,1,0.0,1.0,-1,6,30,1,1,1,16:10,6,2,1
2023451376507,2023,451376507,2,1,1,1,28,6,3,0,0,0,0,0,3,4,E01004128,3,1,0.0,1.0,-1,6,30,2,1,2,07:45,2,2,3
2023010427815,2023,010427815,1,1,2,1,33,6,3,0,0,1,0,0,9,-1,-1,-1,0,0.0,1.0,-1,3,40,1,1,1,10:05,6,2,9
2023111347527,2023,111347527,2,1,1,2,21,5,3,0,0,0,0,0,9,5,E01020803,3,1,0.0,1.0,-1,6,30,1,1,1,18:37,4,2,9
2023131357064,2023,131357064,2,2,2,2,14,3,3,0,0,1,0,0,9,4,E01011529,3,1,0.0,1.0,-1,3,70,4,4,2,21:24,4,3,9
2023201268741,2023,201268741,1,1,2,2,20,4,3,0,0,1,0,0,9,2,E01009942,3,1,0.0,1.0,-1,6,30,1,1,1,11:30,6,2,9
2023320685367,2023,320685367,2,2,2,2,17,4,3,0,0,2,0,0,9,-1,-1,-1,0,0.04782,0.95218,-1,6,30,8,4,2,23:50,7,2,9
2023440166447,2023,440166447,1,2,2,1,17,4,3,0,0,1,0,0,9,1,E01017120,-1,0,0.05149,0.94851,-1,6,30,1,1,1,13:05,6,2,9
2023451342458,2023,451342458,2,2,1,1,38,7,3,0,0,0,0,0,9,10,E01030990,3,1,0.0,1.0,-1,6,30,1,1,1,18:45,4,2,9
2023522301728,2023,522301728,2,2,1,1,29,6,3,0,0,0,0,0,9,2,E01014489,-1,0,0.00693,0.99307,-1,2,20,1,1,1,18:55,5,3,9
2023101299615,2023,101299615,1,1,1,1,19,4,2,0,0,0,0,0,23,2,E01033074,7,1,1.0,0.0,-1,6,30,1,1,1,13:22,6,2,23
2023520400732,2023,520400732,2,2,1,1,21,5,3,0,0,0,0,0,9,3,E01029072,-1,0,0.04462,0.95538,-1,6,60,1,1,1,15:22,7,3,9
2023531308980,2023,531308980,2,1,1,2,74,10,2,0,0,0,0,0,9,6,E01022233,5,1,1.0,0.0,-1,6,30,1,1,1,14:45,5,2,9
2023430064108,2023,430064108,1,1,1,2,31,6,3,0,0,0,0,0,9,7,E01017851,-1,0,0.00356,0.99644,-1,6,30,1,4,1,19:44,6,2,9
2023552301503,2023,552301503,2,2,2,1,17,4,3,0,0,1,0,0,9,4,E01015343,-1,0,0.02929,0.97071,-1,6,30,1,4,1,21:55,1,2,9
2023991367468,2023,991367468,1,1,1,1,84,11,3,0,0,0,0,0,9,5,-1,3,1,0.0,1.0,-1,3,50,8,1,1,13:00,5,2,9
2023440147226,2023,440147226,3,5,1,1,69,10,3,0,0,0,0,0,90,10,E01023220,-1,0,0.11877,0.88123,-1,3,70,1,1,1,11:59,7,3,90
2023031373411,2023,031373411,2,1,1,1,33,6,2,0,0,0,0,0,1,1,E01019097,7,1,1.0,0.0,-1,6,30,1,1,1,15:40,7,2,1
2023010474234,2023,010474234,1,1,2,-1,-1,-1,3,0,0,1,0,0,9,3,E01000404,-1,0,0.0,1.0,-1,3,30,9,4,2,19:21,5,2,9
2023371286253,2023,371286253,1,1,1,1,49,8,3,0,0,0,0,0,9,6,E01030006,3,1,0.0,1.0,-1,6,30,1,4,1,19:00,2,2,9
2023451302264,2023,451302264,2,1,1,1,37,7,3,0,0,0,0,0,9,10,E01024825,3,1,0.0,1.0,-1,3,70,1,1,1,12:00,6,2,9
2023501322071,2023,501322071,1,1,2,1,92,11,3,0,0,1,0,0,9,5,E01018896,3,1,0.0,1.0,-1,6,60,1,1,1,12:30,5,2,9
2023520400371,2023,520400371,2,1,1,2,32,6,3,0,0,0,0,0,9,6,E01029028,-1,0,0.02944,0.97056,-1,6,60,1,1,1,09:00,3,2,9
2023991311545,2023,991311545,2,1,2,2,78,11,3,0,0,1,0,0,9,5,-1,3,1,0.0,1.0,-1,3,60,1,1,1,18:18,5,3,9
2023122400264,2023,122400264,2,1,1,1,49,8,2,0,0,0,0,0,1,6,E01013393,-1,0,1.0,0.0,-1,6,30,1,1,1,15:50,2,2,1
2023361291361,2023,361291361,2,1,1,2,33,6,3,0,0,0,0,0,1,5,E01026845,3,1,0.0,1.0,-1,6,30,2,1,2,14:25,3,2,1
2023481406874,2023,481406874,2,1,1,1,19,4,3,0,0,0,0,0,1,-1,-1,3,1,0.0,1.0,-1,6,20,1,1,1,12:25,5,2,1
202354D749023,2023,54D749023,1,1,2,2,37,7,3,0,0,1,0,0,9,10,E01031970,-1,0,0.08683,0.91317,-1,6,60,2,1,2,13:49,6,1,9
2023991303462,2023,991303462,1,1,2,2,73,10,3,0,0,1,0,0,9,4,-1,3,1,0.0,1.0,-1,6,40,1,1,1,10:28,4,2,9
2023421372725,2023,421372725,2,1,1,1,37,7,2,0,0,0,0,0,5,-1,-1,5,1,1.0,0.0,-1,3,70,1,4,1,16:40,5,2,5
2023991348781,2023,991348781,1,1,3,1,12,3,3,8,2,0,0,2,0,2,-1,3,1,0.0,1.0,-1,3,40,1,1,1,16:40,2,1,20
2023430026061,2023,430026061,1,1,1,2,21,5,3,0,0,0,0,0,9,9,E01028793,-1,0,0.08095,0.91905,-1,6,60,1,1,4,11:19,4,1,9
2023010439504,2023,010439504,1,1,1,1,32,6,3,0,0,0,0,0,3,7,E01004156,-1,0,0.0,1.0,-1,6,30,1,4,1,22:55,3,2,3
2023302300857,2023,302300857,1,1,1,1,49,8,2,0,0,0,0,0,3,3,E01019675,-1,0,1.0,0.0,-1,6,30,1,1,1,15:00,5,2,3
2023010440922,2023,010440922,1,1,3,2,64,9,2,5,1,0,0,0,0,7,E01023556,-1,0,1.0,0.0,-1,3,20,1,1,1,15:30,4,1,11
2023320096681,2023,320096681,1,1,3,2,14,3,3,6,9,0,0,0,0,7,E01026188,-1,0,0.06649,0.93351,-1,6,30,9,1,1,16:00,7,1,9
2023522400581,2023,522400581,1,1,1,1,60,9,3,0,0,0,0,0,1,7,E01014551,-1,0,0.04685,0.95315,-1,6,20,9,4,2,17:00,4,2,1
2023531366650,2023,531366650,1,1,1,1,19,4,3,0,0,0,0,0,9,5,E01022265,3,1,0.0,1.0,-1,6,30,8,6,2,22:50,2,1,9
2023501301477,2023,501301477,2,1,1,1,-1,-1,3,0,0,0,0,0,22,8,E01020080,3,1,0.0,1.0,-1,6,30,1,1,1,12:30,6,2,22
2023991343560,2023,991343560,2,1,1,1,29,6,2,0,0,0,0,0,3,2,-1,7,1,1.0,0.0,-1,6,30,1,1,1,14:15,5,2,3
2023552301417,2023,552301417,2,1,1,1,39,7,3,0,0,0,0,0,4,6,E01020439,-1,0,0.0975,0.9025,-1,6,30,1,1,1,17:50,5,2,4
2023320656633,2023,320656633,1,1,1,2,82,11,1,0,0,0,0,0,22,7,E01026080,-1,0,0.0,0.0,-1,6,60,1,1,1,16:59,1,1,22
2023010453641,2023,010453641,2,1,1,1,38,7,3,0,0,0,0,0,1,1,E01001838,-1,0,0.0,1.0,-1,6,20,1,4,1,21:30,5,2,1
2023440411654,2023,440411654,2,1,1,2,55,8,2,0,0,0,0,0,1,10,E01023020,-1,0,1.0,0.0,-1,6,30,1,1,1,13:15,1,2,1
2023131381037,2023,131381037,2,1,1,1,57,9,3,0,0,0,0,0,9,1,E01025287,3,1,0.0,1.0,-1,3,30,8,1,4,10:10,5,2,9
2023440011292,2023,440011292,1,1,1,1,30,6,3,0,0,0,0,0,9,4,E01023204,-1,0,0.16711,0.83289,-1,6,60,8,6,2,19:40,2,1,9
2023520300941,2023,520300941,2,4,2,1,12,3,3,0,0,2,0,0,9,6,W01001236,-1,0,0.03925,0.96075,-1,6,60,2,6,2,19:23,6,2,9
2023991331217,2023,991331217,2,5,2,1,4,1,3,0,0,2,0,0,9,7,-1,3,1,0.0,1.0,-1,6,60,1,1,1,16:45,4,2,9
2023122301016,2023,122301016,1,1,3,1,69,10,3,1,3,0,0,0,0,10,E01027561,-1,0,0.17307,0.82693,-1,6,30,2,4,2,18:21,6,1,9
2023061330137,2023,061330137,2,1,1,2,35,6,3,0,0,0,0,0,9,4,E01004943,3,1,0.0,1.0,-1,9,30,1,1,1,17:50,5,2,9
2023201276709,2023,201276709,2,2,2,2,56,9,3,0,0,1,0,0,9,2,E01009102,3,1,0.0,1.0,-1,1,30,1,4,1,18:50,4,2,9
2023201291973,2023,201291973,1,2,2,1,31,6,3,0,0,2,0,0,9,6,E01010469,3,1,0.0,1.0,-1,6,30,3,1,3,06:27,6,1,9
2023141296750,2023,141296750,2,2,1,1,33,6,2,0,0,0,0,0,19,1,E01007629,6,1,1.0,0.0,-1,6,60,2,1,2,14:44,6,2,19
2023361356220,2023,361356220,1,1,3,2,91,11,1,5,3,0,0,0,0,-1,-1,1,1,0.0,0.0,-1,6,30,1,1,1,20:39,2,1,9
2023461347460,2023,461347460,1,1,3,2,73,10,1,9,9,0,0,0,0,5,E01024082,1,1,0.0,0.0,-1,6,60,1,6,1,01:40,6,1,19
2023010464966,2023,010464966,1,1,1,1,60,9,3,0,0,0,0,0,1,1,E01002755,-1,0,0.0,1.0,-1,1,20,1,1,1,14:20,7,2,1
2023201284563,2023,201284563,2,1,1,1,46,8,3,0,0,0,0,0,3,1,E01010486,3,1,0.0,1.0,-1,6,30,1,1,1,12:06,3,2,3
2023131371984,2023,131371984,2,1,1,2,61,9,3,0,0,0,0,0,9,7,E01011351,3,1,0.0,1.0,-1,6,40,2,1,2,07:21,4,2,9
2023471335408,2023,471335408,1,1,2,1,60,9,2,0,0,1,0,0,9,8,E01031346,7,1,1.0,0.0,-1,6,30,1,1,1,17:45,6,3,9
2023471392150,2023,471392150,2,1,1,1,56,9,3,0,0,0,0,0,9,3,E01031609,3,1,0.0,1.0,-1,3,50,5,4,2,19:25,2,2,9
2023010447400,2023,010447400,1,1,1,1,52,8,3,0,0,0,0,0,19,6,E01004501,-1,0,0.0,1.0,-1,6,20,1,1,1,18:46,3,2,19
2023201405910,2023,201405910,2,1,1,1,23,5,3,0,0,0,0,0,9,1,E01009329,3,1,0.0,1.0,-1,6,30,1,1,1,17:45,6,2,9
2023371285587,2023,371285587,1,1,1,1,50,8,3,0,0,0,0,0,9,4,E01030115,3,1,0.0,1.0,-1,6,60,1,1,4,05:54,7,1,9
2023401337188,2023,401337188,2,1,1,2,38,7,3,0,0,0,0,0,9,9,E01017445,3,1,0.0,1.0,-1,1,40,1,1,1,18:00,5,2,9
2023411303930,2023,411303930,1,1,1,2,21,5,3,0,0,0,0,0,9,9,E01023467,3,1,0.0,1.0,-1,9,20,2,6,2,21:30,7,1,9
2023010426531,2023,010426531,1,1,1,2,40,7,3,0,0,0,0,0,1,2,E01033485,-1,0,0.0,1.0,-1,9,30,1,4,1,19:15,6,3,1
2023052301644,2023,052301644,2,1,1,1,55,8,2,0,0,0,0,0,1,2,E01006898,-1,0,1.0,0.0,-1,6,30,1,1,2,12:50,4,2,1
2023141313962,2023,141313962,1,1,3,1,45,7,3,1,3,0,0,0,0,-1,-1,3,1,0.0,1.0,-1,7,30,1,1,1,19:14,5,1,9