collision_index,collision_year,collision_ref_no,vehicle_reference,casualty_reference,casualty_class,sex_of_casualty,age_of_casualty,age_band_of_casualty,casualty_severity,pedestrian_location,pedestrian_movement,car_passenger,bus_or_coach_passenger,pedestrian_road_maintenance_worker,casualty_type,casualty_imd_decile,lsoa_of_casualty,enhanced_casualty_severity,casualty_injury_based,casualty_adjusted_severity_serious,casualty_adjusted_severity_slight,casualty_distance_banding,road_type,speed_limit,weather_conditions,light_conditions,road_surface_conditions,time,day_of_week,number_of_vehicles,vehicle_type
2023471269456,2023,471269456,1,2,2,2,25,5,2,0,0,1,0,0,9,5,E01021101,7,1,1.0,0.0,-1,6,60,1,4,2,19:13,1,1,9
2023010459625,2023,010459625,2,1,1,1,24,5,2,0,0,0,0,0,1,9,E01028652,-1,0,1.0,0.0,-1,6,30,2,4,2,22:02,4,2,1
2023411267954,2023,411267954,2,2,2,1,27,6,3,0,0,1,0,0,9,5,E01023402,3,1,0.0,1.0,-1,3,70,1,1,2,15:14,1,3,9
2023361288101,2023,361288101,1,1,1,1,-1,-1,3,0,0,0,0,0,1,-1,-1,3,1,0.0,1.0,-1,6,30,9,7,-1,21:00,2,2,1
2023471375345,2023,471375345,1,1,1,1,40,7,3,0,0,0,0,0,1,8,E01021232,3,1,0.0,1.0,-1,6,20,8,1,1,16:01,2,2,1
2023010445512,2023,010445512,1,1,1,1,42,7,3,0,0,0,0,0,5,6,E01015942,-1,0,0.0,1.0,-1,6,20,1,1,1,17:25,7,2,5
2023211371658,2023,211371658,2,2,1,1,30,6,2,0,0,0,0,0,9,9,E01029495,6,1,1.0,0.0,-1,6,60,1,1,1,07:00,3,3,9
2023320720660,2023,320720660,1,1,1,2,26,6,3,0,0,0,0,0,9,9,E01026222,-1,0,0.03943,0.96057,-1,6,60,1,6,1,18:00,3,2,9
2023371391743,2023,371391743,1,7,1,1,38,7,3,0,0,0,0,0,9,3,E01030025,3,1,0.0,1.0,-1,6,60,4,6,1,15:58,6,2,9
2023461376226,2023,461376226,1,3,2,2,40,7,2,0,0,1,0,0,9,8,E01026990,7,1,1.0,0.0,-1,3,60,2,1,2,09:40,7,2,9
2023010466634,2023,010466634,2,1,1,1,22,5,2,0,0,0,0,0,3,4,E01003527,-1,0,1.0,0.0,-1,3,30,2,1,2,13:50,1,2,3
2023161296448,2023,161296448,2,1,2,2,56,9,3,0,0,1,0,0,9,3,E01013245,3,1,0.0,1.0,-1,1,60,1,1,1,14:21,6,2,9
2023311262440,2023,311262440,1,1,1,2,93,11,3,0,0,0,0,0,9,10,E01028089,3,1,0.0,1.0,-1,6,30,2,1,2,13:31,4,2,9
2023332300871,2023,332300871,1,2,2,1,19,4,2,0,0,2,0,0,9,-1,-1,-1,0,1.0,0.0,-1,6,20,1,4,1,21:15,2,1,9
2023201425978,2023,201425978,2,1,1,2,56,9,3,0,0,0,0,0,9,1,E01009019,3,1,0.0,1.0,-1,3,30,1,1,1,17:00,3,2,9
2023231337462,2023,231337462,1,1,1,2,61,9,2,0,0,0,0,0,9,7,E01009562,7,1,1.0,0.0,-1,1,60,1,1,1,16:22,3,1,9
2023461371931,2023,461371931,1,1,1,1,70,10,3,0,0,0,0,0,9,7,E01016124,3,1,0.0,1.0,-1,6,30,1,4,1,06:32,2,3,9
2023991362199,2023,991362199,2,5,2,2,13,3,2,0,0,0,4,0,11,3,-1,7,1,1.0,0.0,-1,6,30,1,1,1,09:15,5,2,11
2023031345768,2023,031345768,1,1,1,2,60,9,3,0,0,0,0,0,9,-1,-1,3,1,0.0,1.0,-1,6,60,1,1,1,08:55,7,1,9
2023211377297,2023,211377297,1,1,2,2,50,8,2,0,0,1,0,0,9,5,E01019327,6,1,1.0,0.0,-1,6,60,1,6,1,17:33,3,2,9
2023461298043,2023,461298043,3,4,2,2,49,8,3,0,0,1,0,0,9,8,E01016148,3,1,0.0,1.0,-1,6,30,1,4,2,20:55,3,3,9
2023631350475,2023,631350475,2,1,1,2,41,7,3,0,0,0,0,0,9,6,W01000550,3,1,0.0,1.0,-1,6,60,1,1,1,15:46,6,2,9
2023371414727,2023,371414727,1,1,3,2,15,3,3,1,9,0,0,0,0,7,E01033126,3,1,0.0,1.0,-1,6,30,2,1,2,09:45,3,1,9
2023991317667,2023,991317667,1,1,3,1,44,7,3,6,9,0,0,1,0,3,-1,3,1,0.0,1.0,-1,6,60,1,1,1,14:55,5,1,90
2023010453811,2023,010453811,2,1,1,1,15,3,3,0,0,0,0,0,1,2,E01003967,-1,0,0.0,1.0,-1,6,30,1,1,1,16:46,6,2,1
2023010442831,2023,010442831,2,1,1,1,35,6,3,0,0,0,0,0,5,5,E01000474,-1,0,0.0,1.0,-1,3,30,1,1,1,20:15,7,2,5
2023201379758,2023,201379758,2,1,1,2,39,7,3,0,0,0,0,0,9,8,E01010161,3,1,0.0,1.0,-1,3,30,1,1,1,12:30,7,2,9
2023501287683,2023,501287683,2,2,2,2,30,6,3,0,0,1,0,0,9,1,E01015045,3,1,0.0,1.0,-1,6,30,1,4,1,05:50,2,2,9
2023131376024,2023,131376024,1,1,2,1,16,4,3,0,0,0,4,0,11,2,E01010749,3,1,0.0,1.0,-1,6,30,1,1,1,10:30,4,1,11
2023520400508,2023,520400508,1,1,1,1,50,8,3,0,0,0,0,0,19,-1,-1,-1,0,0.06484,0.93516,-1,6,60,2,1,2,14:30,4,3,19
2023010477690,2023,010477690,1,1,3,2,16,4,3,5,1,0,0,0,0,4,E01004380,-1,0,0.0,1.0,-1,6,20,4,1,2,10:40,2,1,9
2023010423601,2023,010423601,1,1,1,1,32,6,3,0,0,0,0,0,1,9,E01001303,-1,0,0.0,1.0,-1,1,20,1,1,1,07:30,5,2,1
2023471381685,2023,471381685,1,1,1,2,48,8,3,0,0,0,0,0,3,2,E01020911,3,1,0.0,1.0,-1,1,30,1,6,1,09:35,7,2,3
2023010463797,2023,010463797,1,1,1,1,27,6,3,0,0,0,0,0,9,2,E01016153,-1,0,0.0,1.0,-1,3,50,1,6,1,00:41,1,2,9
2023131274491,2023,131274491,1,1,3,2,29,6,3,10,9,0,0,2,0,3,E01010980,3,1,0.0,1.0,-1,6,30,9,1,1,14:45,4,1,21
2023010478666,2023,010478666,1,1,1,1,63,9,3,0,0,0,0,0,1,6,E01004107,-1,0,0.0,1.0,-1,6,30,1,5,1,18:04,6,2,1
2023131353174,2023,131353174,2,2,2,2,21,5,3,0,0,1,0,0,9,4,E01011314,3,1,0.0,1.0,-1,6,30,1,4,1,20:50,7,3,9
2023421291066,2023,421291066,1,2,2,2,63,9,3,0,0,2,0,0,9,10,E01021896,3,1,0.0,1.0,-1,6,40,1,1,1,15:46,2,2,9
2023440491776,2023,440491776,1,1,1,2,57,9,2,0,0,0,0,0,9,6,E01033239,-1,0,1.0,0.0,-1,6,60,1,6,2,17:43,6,1,9
2023522400691,2023,522400691,2,2,1,2,50,8,3,0,0,0,0,0,9,3,E01014976,-1,0,0.01789,0.98211,-1,6,30,2,1,2,14:31,2,2,9
2023991355807,2023,991355807,1,3,2,1,41,7,2,0,0,1,0,0,9,-1,-1,5,1,1.0,0.0,-1,6,60,1,1,1,16:20,7,2,9
2023501282328,2023,501282328,1,1,3,1,18,4,2,5,3,0,0,0,0,9,E01015034,6,1,1.0,0.0,-1,3,30,1,4,1,05:11,1,1,9
2023052300353,2023,052300353,1,1,2,2,18,4,3,0,0,2,0,0,9,9,E01006233,-1,0,0.0562,0.9438,-1,3,30,1,4,1,04:23,6,1,9
2023061315708,2023,061315708,1,2,2,1,21,5,2,0,0,1,0,0,9,4,E01005853,7,1,1.0,0.0,-1,3,70,1,1,1,04:30,4,1,9
2023421268778,2023,421268778,2,1,1,1,17,4,3,0,0,0,0,0,1,5,E01021484,3,1,0.0,1.0,-1,6,30,1,1,2,11:02,6,2,1
2023010462649,2023,010462649,2,2,1,1,43,7,3,0,0,0,0,0,9,5,E01001164,-1,0,0.0,1.0,-1,3,30,2,1,2,13:37,1,2,9
2023131286568,2023,131286568,2,1,1,2,52,8,3,0,0,0,0,0,9,3,E01011582,3,1,0.0,1.0,-1,6,30,5,7,2,20:25,2,2,9
2023201416094,2023,201416094,3,2,1,2,75,10,3,0,0,0,0,0,9,4,E01009238,3,1,0.0,1.0,-1,6,30,1,1,1,11:57,1,4,9
2023211331168,2023,211331168,2,1,1,1,49,8,3,0,0,0,0,0,9,8,E01014214,3,1,0.0,1.0,-1,3,30,1,1,1,15:24,4,2,9
2023320611665,2023,320611665,2,1,1,1,49,8,3,0,0,0,0,0,9,8,E01013166,-1,0,0.05154,0.94846,-1,6,60,1,1,1,09:10,2,2,9
2023451342904,2023,451342904,2,1,1,1,52,8,3,0,0,0,0,0,9,10,E01030617,3,1,0.0,1.0,-1,3,50,1,1,1,12:00,4,4,9
2023520301043,2023,520301043,2,2,1,2,54,8,3,0,0,0,0,0,9,2,E01014390,-1,0,0.02759,0.97241,-1,6,60,1,1,1,16:23,1,2,9
2023991314364,2023,991314364,2,1,1,2,58,9,3,0,0,0,0,0,9,5,-1,3,1,0.0,1.0,-1,6,60,1,1,1,16:30,2,2,9
2023991320943,2023,991320943,1,2,1,1,24,5,3,0,0,0,0,0,9,9,-1,3,1,0.0,1.0,-1,6,40,1,1,1,17:05,3,2,9
2023991361670,2023,991361670,1,1,1,2,20,4,3,0,0,0,0,0,9,5,-1,3,1,0.0,1.0,-1,6,60,2,1,2,11:40,6,1,9
2023010469699,2023,010469699,1,1,3,1,28,6,3,5,3,0,0,0,0,3,E01004063,-1,0,0.0,1.0,-1,6,20,1,1,1,11:16,3,1,9
2023010435215,2023,010435215,1,1,1,1,28,6,3,0,0,0,0,0,3,4,E01003919,-1,0,0.0,1.0,-1,9,30,1,1,1,15:15,5,2,3
2023451356662,2023,451356662,1,1,1,2,75,10,3,0,0,0,0,0,9,8,E01030782,3,1,0.0,1.0,-1,6,30,1,4,1,18:50,3,4,9
2023461394142,2023,461394142,2,2,2,2,33,6,3,0,0,1,0,0,9,3,E01003244,3,1,0.0,1.0,-1,3,70,2,7,2,23:07,2,2,9
2023501313070,2023,501313070,2,1,2,1,86,11,3,0,0,2,0,0,9,-1,-1,3,1,0.0,1.0,-1,6,30,1,1,1,18:00,3,2,9
2023991276209,2023,991276209,1,1,1,1,49,8,2,0,0,0,0,0,9,-1,-1,5,1,1.0,0.0,-1,7,70,1,6,1,18:37,2,1,9
2023461293652,2023,461293652,1,1,3,1,71,10,3,6,9,0,0,0,0,5,E01024228,3,1,0.0,1.0,-1,6,30,1,1,1,19:06,5,1,9
2023622300544,2023,622300544,1,2,3,2,37,7,3,9,9,0,0,0,0,5,W01001016,-1,0,0.12959,0.87041,-1,6,30,1,1,1,14:26,3,2,9
2023070364923,2023,070364923,2,1,1,1,56,9,2,0,0,0,0,0,1,-1,-1,-1,0,1.0,0.0,-1,1,40,1,1,2,18:11,1,2,1
2023161309538,2023,161309538,2,1,1,2,28,6,3,0,0,0,0,0,1,1,E01012948,3,1,0.0,1.0,-1,6,30,1,1,1,21:00,7,2,1
2023010452845,2023,010452845,1,1,1,1,19,4,3,0,0,0,0,0,2,4,E01000405,-1,0,0.0,1.0,-1,6,30,1,1,1,20:30,1,2,2
2023010443499,2023,010443499,1,1,1,1,35,6,3,0,0,0,0,0,3,8,E01003361,-1,0,0.0,1.0,-1,6,20,9,1,9,14:01,4,2,3
2023010470868,2023,010470868,2,1,1,1,46,8,3,0,0,0,0,0,5,7,E01024405,-1,0,0.0,1.0,-1,6,20,1,1,1,07:10,2,2,5
2023010471035,2023,010471035,1,1,1,2,40,7,3,0,0,0,0,0,9,1,E01002037,-1,0,0.0,1.0,-1,3,40,1,1,9,17:56,2,1,9
2023221311386,2023,221311386,1,1,2,1,18,4,3,0,0,1,0,0,9,9,E01028932,3,1,0.0,1.0,-1,6,30,1,1,1,09:56,5,3,9
2023351342384,2023,351342384,1,1,1,1,64,9,3,0,0,0,0,0,9,7,E01018125,3,1,0.0,1.0,-1,6,60,2,1,2,08:56,2,1,9
2023531393122,2023,531393122,1,1,1,1,20,4,3,0,0,0,0,0,9,2,W01001352,3,1,0.0,1.0,-1,6,60,4,6,2,03:55,7,1,9
2023320265872,2023,320265872,2,1,1,1,24,5,3,0,0,0,0,0,19,6,E01006804,-1,0,0.02449,0.97551,-1,6,60,1,1,1,07:30,4,3,19
2023010420624,2023,010420624,1,1,3,2,-1,-1,3,10,9,0,0,0,0,4,E01000980,-1,0,0.0,1.0,-1,9,30,9,1,9,08:30,3,1,4
2023311391910,2023,311391910,1,1,3,2,61,9,3,6,9,0,0,0,0,-1,-1,3,1,0.0,1.0,-1,6,20,1,1,2,13:40,7,1,-1
2023332301003,2023,332301003,2,1,1,1,63,9,2,0,0,0,0,0,1,3,E01013775,-1,0,1.0,0.0,-1,6,30,1,1,1,16:40,3,2,1
2023440454788,2023,440454788,1,1,1,2,71,10,3,0,0,0,0,0,1,7,E01017114,-1,0,0.1351,0.8649,-1,6,20,1,1,1,08:00,3,2,1
2023440384804,2023,440384804,1,2,1,2,24,5,3,0,0,0,0,0,9,9,E01022618,-1,0,0.06291,0.93709,-1,6,30,5,4,2,19:10,4,2,9
2023010441640,2023,010441640,2,1,1,1,32,6,3,0,0,0,0,0,23,7,E01003218,-1,0,0.0,1.0,-1,3,20,1,1,1,10:45,1,2,23
2023461357468,2023,461357468,1,1,1,1,22,5,3,0,0,0,0,0,4,7,E01024405,3,1,0.0,1.0,-1,6,30,1,1,1,17:55,6,2,4
2023010425843,2023,010425843,2,1,1,1,40,7,2,0,0,0,0,0,5,-1,-1,-1,0,1.0,0.0,-1,6,30,1,1,1,07:55,3,2,5
2023430217234,2023,430217234,1,2,2,2,33,6,2,0,0,2,0,0,9,2,E01009573,-1,0,1.0,0.0,-1,3,70,1,1,1,09:08,5,1,9
2023461365846,2023,461365846,2,1,1,2,42,7,3,0,0,0,0,0,9,1,E01024618,3,1,0.0,1.0,-1,6,30,1,1,1,15:20,6,2,9
2023161371959,2023,161371959,1,1,3,1,66,10,3,5,1,0,0,0,0,7,E01033106,3,1,0.0,1.0,-1,6,30,1,4,1,19:57,6,1,8
2023010470908,2023,010470908,2,1,1,1,43,7,3,0,0,0,0,0,1,6,E01004474,-1,0,0.0,1.0,-1,6,30,1,1,1,10:19,2,2,1
2023010446854,2023,010446854,1,1,1,1,35,6,3,0,0,0,0,0,9,6,E01001272,-1,0,0.0,1.0,-1,6,20,1,1,1,19:52,7,1,9
2023421319217,2023,421319217,2,2,1,2,48,8,3,0,0,0,0,0,9,8,E01022092,3,1,0.0,1.0,-1,6,60,1,1,1,17:47,5,2,9
2023471349870,2023,471349870,1,1,1,1,-1,-1,3,0,0,0,0,0,9,6,E01021099,3,1,0.0,1.0,-1,6,60,1,1,1,18:20,3,2,9
2023421272356,2023,421272356,2,1,1,1,59,9,2,0,0,0,0,0,1,-1,-1,7,1,1.0,0.0,-1,6,30,1,1,1,10:28,7,2,1
2023471370275,2023,471370275,2,1,1,1,35,6,3,0,0,0,0,0,5,2,E01016854,3,1,0.0,1.0,-1,6,60,1,1,2,07:45,6,2,5
2023131379394,2023,131379394,2,1,1,2,22,5,2,0,0,0,0,0,9,4,E01010669,7,1,1.0,0.0,-1,6,30,1,1,1,13:16,1,2,9
2023320403238,2023,320403238,1,1,1,2,47,8,3,0,0,0,0,0,9,9,E01026396,-1,0,0.04353,0.95647,-1,6,30,1,1,1,17:00,6,3,9
2023440483941,2023,440483941,1,1,1,2,77,11,3,0,0,0,0,0,9,7,E01009529,-1,0,0.047,0.953,-1,6,30,1,1,2,14:58,1,2,9
2023552300684,2023,552300684,2,3,2,2,4,1,3,0,0,2,0,0,9,7,E01015348,-1,0,0.03593,0.96407,-1,6,30,1,1,1,18:55,4,2,9
2023311306948,2023,311306948,2,1,2,2,-1,-1,3,0,0,0,4,0,11,5,E01028369,3,1,0.0,1.0,-1,3,30,1,1,1,12:40,5,2,11
2023440055015,2023,440055015,2,2,1,1,25,5,3,0,0,0,0,0,20,3,E01017325,-1,0,0.04672,0.95328,-1,6,30,1,1,2,11:44,5,2,20
2023471302071,2023,471302071,1,1,1,1,16,4,3,0,0,0,0,0,97,4,E01021013,3,1,0.0,1.0,-1,6,30,1,1,1,12:15,6,2,97
2023131306931,2023,131306931,2,1,1,2,34,6,3,0,0,0,0,0,9,6,E01010909,3,1,0.0,1.0,-1,6,30,1,1,1,12:35,7,2,9
2023302300124,2023,302300124,1,1,1,1,22,5,3,0,0,0,0,0,9,2,E01013483,-1,0,0.05187,0.94813,-1,6,30,9,4,1,17:20,6,5,9
2023361293553,2023,361293553,2,2,2,1,80,11,3,0,0,1,0,0,9,6,E01026758,3,1,0.0,1.0,-1,6,40,1,1,1,12:00,3,2,9
2023461380698,2023,461380698,2,1,1,1,46,8,3,0,0,0,0,0,9,6,E01024704,3,1,0.0,1.0,-1,6,60,4,1,1,09:00,6,2,9
2023501346322,2023,501346322,1,1,1,1,64,9,3,0,0,0,0,0,9,6,E01019945,3,1,0.0,1.0,-1,6,60,1,1,1,07:17,3,3,9
2023201372154,2023,201372154,1,1,3,1,45,7,2,6,8,0,0,2,0,7,E01013333,7,1,1.0,0.0,-1,6,30,7,1,2,15:40,1,2,9
2023461329348,2023,461329348,1,1,3,2,31,6,3,6,9,0,0,0,0,6,E01024830,3,1,0.0,1.0,-1,6,20,1,1,1,14:55,3,1,9
2023461354359,2023,461354359,1,1,3,1,51,8,3,5,3,0,0,0,0,4,E01024339,3,1,0.0,1.0,-1,6,30,1,1,1,16:39,7,1,9
2023471274901,2023,471274901,1,2,1,1,26,6,2,0,0,0,0,0,9,4,E01031610,6,1,1.0,0.0,-1,6,30,1,1,2,11:10,5,3,9
2023131347939,2023,131347939,2,1,1,2,22,5,3,0,0,0,0,0,9,10,E01010768,3,1,0.0,1.0,-1,6,60,1,1,1,12:00,6,2,9
2023421286572,2023,421286572,1,1,1,1,27,6,3,0,0,0,0,0,9,6,E01022095,3,1,0.0,1.0,-1,6,60,1,1,2,11:05,3,1,9
2023451280697,2023,451280697,3,4,1,2,48,8,3,0,0,0,0,0,9,8,E01022558,3,1,0.0,1.0,-1,3,70,1,1,1,11:20,1,3,9
2023631335529,2023,631335529,1,2,2,2,18,4,3,0,0,1,0,0,9,8,W01000663,3,1,0.0,1.0,-1,3,70,2,6,2,23:05,1,1,9
2023371301946,2023,371301946,1,1,1,1,42,7,3,0,0,0,0,0,9,-1,-1,3,1,0.0,1.0,-1,6,30,1,6,1,21:30,4,3,9
2023411313183,2023,411313183,1,1,1,2,18,4,3,0,0,0,0,0,9,10,E01023911,3,1,0.0,1.0,-1,1,30,1,1,1,16:17,4,2,9
2023461317684,2023,461317684,1,1,1,1,17,4,3,0,0,0,0,0,9,8,E01024744,3,1,0.0,1.0,-1,6,40,1,1,1,08:10,6,1,9
2023070551852,2023,070551852,1,1,3,2,41,7,3,10,5,0,0,0,0,-1,-1,-1,0,0.14284,0.85716,-1,6,30,1,6,1,00:30,6,1,9
2023552300188,2023,552300188,2,1,1,2,61,9,2,0,0,0,0,0,1,9,E01020356,-1,0,1.0,0.0,-1,6,30,1,1,1,10:25,5,2,1
2023010432053,2023,010432053,2,2,1,1,28,6,3,0,0,0,0,0,3,3,E01003586,-1,0,0.0,1.0,-1,6,30,4,4,1,20:54,2,2,3
2023010428398,2023,010428398,1,1,1,1,43,7,3,0,0,0,0,0,8,4,E01000625,-1,0,0.0,1.0,-1,3,50,8,4,1,18:40,7,2,8
2023531294659,2023,531294659,1,1,1,2,78,11,3,0,0,0,0,0,9,7,E01031216,3,1,0.0,1.0,-1,6,60,1,1,1,18:50,6,2,9
2023010471968,2023,010471968,1,1,3,2,-1,-1,2,1,9,0,0,0,0,8,E01001384,-1,0,1.0,0.0,-1,6,20,5,4,2,18:45,6,1,9
202363C030323,2023,63C030323,1,1,3,1,17,4,3,5,9,0,0,0,0,-1,-1,-1,0,0.16683,0.83317,-1,6,30,1,1,1,12:30,3,1,9
2023522300600,2023,522300600,1,1,1,1,13,3,3,0,0,0,0,0,1,6,E01014929,-1,0,0.02698,0.97302,-1,6,20,9,1,1,15:10,4,2,1
2023461354277,2023,461354277,1,2,2,2,27,6,2,0,0,0,0,0,19,2,E01001705,6,1,1.0,0.0,-1,6,50,1,6,1,02:50,2,1,19
2023221289126,2023,221289126,2,1,2,2,30,6,3,0,0,1,0,0,9,3,E01014010,3,1,0.0,1.0,-1,6,60,1,1,2,16:50,3,2,9
2023311314960,2023,311314960,7,3,2,2,41,7,2,0,0,1,0,0,9,-1,-1,7,1,1.0,0.0,-1,3,70,1,1,1,13:55,7,7,9
2023451370606,2023,451370606,2,2,1,2,64,9,3,0,0,0,0,0,9,9,E01030802,3,1,0.0,1.0,-1,3,50,1,4,2,18:05,6,3,9
2023440325268,2023,440325268,2,1,1,2,44,7,3,0,0,0,0,0,3,3,E01023018,-1,0,0.2001,0.7999,-1,2,30,1,1,1,10:05,7,2,3
2023440517709,2023,440517709,1,2,2,1,24,5,3,0,0,1,0,0,9,1,E01022967,-1,0,0.00819,0.99181,-1,6,30,1,4,1,17:39,3,2,9
2023010451856,2023,010451856,1,1,1,-1,66,10,3,0,0,0,0,0,1,-1,-1,-1,0,0.0,1.0,-1,9,30,9,1,9,16:45,3,2,1
2023010457879,2023,010457879,1,1,1,1,49,8,3,0,0,0,0,0,9,8,E01033138,-1,0,0.0,1.0,-1,3,40,1,1,1,17:09,7,3,9
2023052300795,2023,052300795,1,1,1,1,41,7,3,0,0,0,0,0,9,1,E01006437,-1,0,0.0596,0.9404,-1,6,30,1,1,1,18:20,5,2,9
2023131271128,2023,131271128,2,1,1,2,55,8,3,0,0,0,0,0,9,7,E01011013,3,1,0.0,1.0,-1,3,50,9,7,1,21:15,4,2,9
2023131363061,2023,131363061,1,1,1,1,75,10,3,0,0,0,0,0,9,7,E01011708,3,1,0.0,1.0,-1,6,60,1,1,1,14:11,1,4,9
2023332300666,2023,332300666,1,1,1,1,65,9,2,0,0,0,0,0,9,9,E01025915,-1,0,1.0,0.0,-1,6,50,1,7,1,04:35,6,1,9
2023351330895,2023,351330895,2,2,1,1,20,4,3,0,0,0,0,0,19,3,E01018160,3,1,0.0,1.0,-1,3,70,1,1,1,16:40,5,2,19
2023010458752,2023,010458752,1,1,3,1,55,8,2,5,3,0,0,0,0,-1,-1,-1,0,1.0,0.0,-1,6,20,1,1,1,17:20,5,1,11
2023131292975,2023,131292975,1,1,1,1,43,7,3,0,0,0,0,0,9,1,E01010943,3,1,0.0,1.0,-1,6,30,1,1,1,17:17,7,1,9
2023351282728,2023,351282728,1,1,2,1,33,6,3,0,0,2,0,0,9,-1,-1,3,1,0.0,1.0,-1,3,70,1,4,1,18:34,6,1,9
2023010444527,2023,010444527,2,1,1,1,11,3,3,0,0,0,0,0,1,1,E01003045,-1,0,0.0,1.0,-1,9,20,1,1,1,16:35,6,2,1
2023461381831,2023,461381831,1,1,2,2,18,4,3,0,0,2,0,0,9,3,E01024047,3,1,0.0,1.0,-1,6,50,2,6,2,21:44,6,1,9
2023041274464,2023,041274464,2,1,1,1,48,8,3,0,0,0,0,0,1,6,E01025179,3,1,0.0,1.0,-1,6,30,2,4,2,06:25,5,2,1
2023031284613,2023,031284613,1,1,1,1,56,9,3,0,0,0,0,0,9,3,E01025094,3,1,0.0,1.0,-1,6,40,1,1,1,14:15,4,1,9
2023302301151,2023,302301151,1,1,1,2,89,11,2,0,0,0,0,0,9,7,E01019770,-1,0,1.0,0.0,-1,6,30,2,1,2,16:25,4,1,9
2023991362844,2023,991362844,2,1,2,1,70,10,2,0,0,0,4,0,11,-1,-1,7,1,1.0,0.0,-1,6,40,1,1,1,12:55,6,2,11
2023052300711,2023,052300711,1,1,3,2,59,9,3,10,1,0,0,0,0,1,E01007127,-1,0,0.07865,0.92135,-1,6,20,1,1,1,17:00,7,1,9
2023141325916,2023,141325916,1,1,3,2,3,1,2,10,5,0,0,0,0,3,E01007337,7,1,1.0,0.0,-1,6,30,1,1,1,11:25,1,1,9
2023010453403,2023,010453403,1,1,1,2,37,7,3,0,0,0,0,0,3,9,E01000692,-1,0,0.0,1.0,-1,3,30,1,1,1,06:15,4,2,3
2023451329125,2023,451329125,2,1,1,1,37,7,3,0,0,0,0,0,5,7,E01030851,3,1,0.0,1.0,-1,3,30,1,1,1,19:10,4,2,5
2023201275633,2023,201275633,2,2,1,1,42,7,3,0,0,0,0,0,9,3,E01010018,3,1,0.0,1.0,-1,3,30,1,1,1,16:43,7,2,9
2023302301394,2023,302301394,1,1,1,1,32,6,2,0,0,0,0,0,9,3,E01019743,-1,0,1.0,0.0,-1,6,30,1,1,1,07:25,6,2,9
2023440010262,2023,440010262,2,1,1,1,21,5,3,0,0,0,0,0,9,2,E01032878,-1,0,0.04017,0.95983,-1,6,30,1,1,1,08:10,2,2,9
2023461324285,2023,461324285,1,1,1,2,42,7,3,0,0,0,0,0,9,7,E01024375,3,1,0.0,1.0,-1,1,70,1,1,1,16:20,3,2,9
2023451328412,2023,451328412,2,2,2,1,27,6,3,0,0,0,4,0,11,7,E01030414,3,1,0.0,1.0,-1,3,30,1,1,1,16:45,3,2,11
2023311370976,2023,311370976,1,1,1,1,72,10,3,0,0,0,0,0,9,7,E01027961,3,1,0.0,1.0,-1,6,30,1,4,2,19:58,1,2,9
2023461296286,2023,461296286,3,1,1,1,48,8,3,0,0,0,0,0,9,2,E01032799,3,1,0.0,1.0,-1,6,40,1,1,2,17:13,3,3,9
2023471329158,2023,471329158,1,2,2,1,90,11,1,0,0,1,0,0,9,6,E01021105,1,1,0.0,0.0,-1,6,50,1,1,1,12:42,5,3,9
2023501370735,2023,501370735,1,2,2,1,26,6,2,0,0,1,0,0,9,1,E01015144,7,1,1.0,0.0,-1,3,70,2,6,2,21:15,7,1,9
2023061389545,2023,061389545,1,1,3,2,29,6,3,1,1,0,0,0,0,6,E01018595,3,1,0.0,1.0,-1,6,20,2,4,2,17:15,2,1,9
2023531277915,2023,531277915,1,1,3,1,47,8,2,4,3,0,0,0,0,2,E01022332,7,1,1.0,0.0,-1,6,30,1,1,1,15:00,7,1,9
2023421341386,2023,421341386,1,1,1,1,28,6,2,0,0,0,0,0,5,2,E01021486,7,1,1.0,0.0,-1,3,60,1,1,1,12:29,1,2,5
2023010471790,2023,010471790,1,1,1,1,35,6,3,0,0,0,0,0,9,6,E01033571,-1,0,0.0,1.0,-1,3,20,2,4,2,19:05,6,2,9
2023471319603,2023,471319603,2,2,2,2,45,7,3,0,0,1,0,0,9,6,E01031557,3,1,0.0,1.0,-1,1,50,1,4,1,20:35,6,2,9
202360A195241,2023,60A195241,2,1,1,2,24,5,3,0,0,0,0,0,9,-1,-1,-1,0,0.03192,0.96808,-1,6,20,2,6,2,17:10,3,2,9
2023122400064,2023,122400064,1,1,3,2,78,11,3,5,3,0,0,0,0,5,E01027594,-1,0,0.06421,0.93579,-1,6,30,1,4,1,16:45,5,1,19
2023411402506,2023,411402506,1,1,3,1,76,11,3,6,3,0,0,0,0,10,E01023718,3,1,0.0,1.0,-1,6,30,1,1,2,09:12,5,1,9
2023052301223,2023,052301223,2,1,1,1,38,7,2,0,0,0,0,0,4,9,E01007117,-1,0,1.0,0.0,-1,6,30,1,1,1,06:45,7,2,4
2023201309145,2023,201309145,1,1,1,2,50,8,3,0,0,0,0,0,9,2,E01009014,3,1,0.0,1.0,-1,6,30,1,1,1,16:23,5,2,9
2023461394652,2023,461394652,1,1,1,1,35,6,3,0,0,0,0,0,90,4,E01024002,3,1,0.0,1.0,-1,6,30,2,1,2,08:58,1,2,90
2023122300920,2023,122300920,2,2,1,1,53,8,3,0,0,0,0,0,9,5,E01027798,-1,0,0.08298,0.91702,-1,3,70,1,6,1,20:47,2,2,9