collision_index,collision_year,collision_ref_no,vehicle_reference,casualty_reference,casualty_class,sex_of_casualty,age_of_casualty,age_band_of_casualty,casualty_severity,pedestrian_location,pedestrian_movement,car_passenger,bus_or_coach_passenger,pedestrian_road_maintenance_worker,casualty_type,casualty_imd_decile,lsoa_of_casualty,enhanced_casualty_severity,casualty_injury_based,casualty_adjusted_severity_serious,casualty_adjusted_severity_slight,casualty_distance_banding,road_type,speed_limit,weather_conditions,light_conditions,road_surface_conditions,time,day_of_week,number_of_vehicles,vehicle_type
2023221321642,2023,221321642,2,1,1,2,64,9,3,0,0,0,0,0,9,10,E01032271,3,1,0.0,1.0,-1,6,60,1,1,1,10:44,7,2,9
2023552300122,2023,552300122,1,2,2,2,39,7,3,0,0,1,0,0,9,4,E01020496,-1,0,0.06393,0.93607,-1,6,60,1,1,4,07:01,5,1,9
2023552301170,2023,552301170,2,1,1,2,25,5,3,0,0,0,0,0,9,8,E01015311,-1,0,0.00474,0.99526,-1,6,30,1,1,1,19:05,2,2,9
2023010478083,2023,010478083,1,1,1,1,24,5,3,0,0,0,0,0,1,3,E01003520,-1,0,0.0,1.0,-1,9,20,8,1,2,08:00,4,2,1
2023010441930,2023,010441930,1,1,2,2,20,4,3,0,0,1,0,0,9,8,E01002690,-1,0,0.0,1.0,-1,3,40,1,1,1,12:45,3,1,9
2023201395487,2023,201395487,2,2,1,1,50,8,3,0,0,0,0,0,9,2,E01008999,3,1,0.0,1.0,-1,6,30,1,1,1,14:30,7,2,9
2023351404784,2023,351404784,1,1,1,1,25,5,3,0,0,0,0,0,9,5,E01018051,3,1,0.0,1.0,-1,6,60,1,6,1,22:55,7,1,9
2023010449267,2023,010449267,1,1,2,2,49,8,3,0,0,0,1,0,11,3,E01002647,-1,0,0.0,1.0,-1,6,30,1,1,1,17:40,5,1,11
2023501333725,2023,501333725,1,1,1,1,20,4,1,0,0,0,0,0,19,3,E01014493,1,1,0.0,0.0,-1,6,60,2,1,2,13:32,4,2,19
2023070625485,2023,070625485,2,1,1,2,54,8,3,0,0,0,0,0,9,2,E01018400,-1,0,0.0046,0.9954,-1,6,30,2,1,2,12:05,4,2,9
2023010464018,2023,010464018,1,1,2,1,66,10,3,0,0,0,3,0,11,4,E01003317,-1,0,0.0,1.0,-1,6,30,1,1,1,14:26,2,1,11
2023010435243,2023,010435243,1,1,1,1,55,8,3,0,0,0,0,0,9,6,E01002138,-1,0,0.0,1.0,-1,6,30,2,4,2,19:17,6,2,9
2023052301033,2023,052301033,2,1,1,1,54,8,3,0,0,0,0,0,9,1,E01006541,-1,0,0.07026,0.92974,-1,3,40,1,1,1,19:45,1,2,9
2023201387606,2023,201387606,1,1,1,1,47,8,3,0,0,0,0,0,9,2,E01010428,3,1,0.0,1.0,-1,6,30,1,4,1,02:58,6,3,9
2023122301258,2023,122301258,1,1,1,2,48,8,3,0,0,0,0,0,9,7,E01027693,-1,0,0.05657,0.94343,-1,6,60,2,1,2,10:49,2,1,9
2023201286626,2023,201286626,2,2,2,2,52,8,3,0,0,1,0,0,9,9,E01017914,3,1,0.0,1.0,-1,3,30,1,1,1,14:06,3,3,9
2023461263690,2023,461263690,2,1,1,2,35,6,3,0,0,0,0,0,9,7,E01024037,3,1,0.0,1.0,-1,6,60,8,1,2,08:58,2,2,9
2023201337334,2023,201337334,1,1,3,2,54,8,3,1,1,0,0,2,0,1,E01010473,3,1,0.0,1.0,-1,3,30,1,1,1,10:04,3,1,11
2023031285579,2023,031285579,1,1,1,1,19,4,3,0,0,0,0,0,9,5,E01019264,3,1,0.0,1.0,-1,6,60,1,6,2,03:30,7,1,9
2023041349353,2023,041349353,1,1,1,2,30,6,3,0,0,0,0,0,9,1,E01025036,3,1,0.0,1.0,-1,6,30,1,5,1,16:11,2,3,9
2023061307614,2023,061307614,2,1,1,2,33,6,3,0,0,0,0,0,9,4,E01033299,3,1,0.0,1.0,-1,3,70,1,1,1,09:10,3,2,9
2023111372477,2023,111372477,1,1,1,1,32,6,3,0,0,0,0,0,9,3,E01008186,3,1,0.0,1.0,-1,6,60,1,1,4,07:44,5,1,9
2023461357089,2023,461357089,2,1,2,1,25,5,3,0,0,1,0,0,9,7,E01024550,3,1,0.0,1.0,-1,6,30,5,5,2,20:40,4,2,9
2023201271276,2023,201271276,1,1,3,2,4,1,3,5,1,0,0,0,0,3,E01033562,3,1,0.0,1.0,-1,2,30,1,1,1,15:47,3,1,9
2023401316228,2023,401316228,1,1,3,2,90,11,2,6,9,0,0,0,0,8,E01017467,7,1,1.0,0.0,-1,6,20,1,1,1,14:21,4,1,22
2023010471538,2023,010471538,1,1,1,1,20,4,3,0,0,0,0,0,1,2,E01000556,-1,0,0.0,1.0,-1,9,20,1,1,9,10:30,5,2,1
2023061300206,2023,061300206,2,1,1,1,35,6,3,0,0,0,0,0,9,8,E01005791,3,1,0.0,1.0,-1,6,30,1,1,1,16:40,5,2,9
2023101356541,2023,101356541,2,1,1,1,56,9,3,0,0,0,0,0,9,10,E01027400,3,1,0.0,1.0,-1,6,30,1,4,1,22:03,4,2,9
2023201300101,2023,201300101,1,1,2,1,38,7,3,0,0,2,0,0,9,8,E01009463,3,1,0.0,1.0,-1,6,30,1,1,1,07:28,3,2,9
2023552301380,2023,552301380,1,1,1,1,19,4,3,0,0,0,0,0,9,9,E01032642,-1,0,0.0665,0.9335,-1,6,40,1,1,1,09:51,1,1,9
2023631326669,2023,631326669,1,1,3,2,50,8,2,9,8,0,0,2,0,7,W01000585,7,1,1.0,0.0,-1,6,30,9,1,1,13:00,7,1,1
2023201379840,2023,201379840,2,1,2,2,37,7,3,0,0,1,0,0,9,6,E01032591,3,1,0.0,1.0,-1,3,30,1,1,1,12:15,1,2,9
2023201398259,2023,201398259,2,2,1,2,61,9,3,0,0,0,0,0,9,3,E01010092,3,1,0.0,1.0,-1,3,30,1,1,1,15:00,5,2,9
2023471293036,2023,471293036,1,1,1,2,24,5,3,0,0,0,0,0,9,4,E01031550,3,1,0.0,1.0,-1,6,60,1,6,2,22:25,1,1,9
2023111262371,2023,111262371,1,1,1,1,15,3,3,0,0,0,0,0,23,4,E01020633,3,1,0.0,1.0,-1,6,30,2,4,2,17:57,5,2,23
2023010485099,2023,010485099,1,1,1,1,34,6,3,0,0,0,0,0,9,7,E01000993,-1,0,0.0,1.0,-1,6,30,1,1,1,08:15,4,2,9
2023111320796,2023,111320796,1,3,2,2,13,3,3,0,0,1,0,0,9,1,E01020909,3,1,0.0,1.0,-1,6,60,1,6,1,22:11,2,1,9
2023421363342,2023,421363342,2,2,2,1,65,9,3,0,0,-1,0,0,9,6,E01023622,3,1,0.0,1.0,-1,7,70,1,4,1,19:30,3,2,9
2023552301369,2023,552301369,2,1,1,2,43,7,3,0,0,0,0,0,9,8,E01020473,-1,0,0.01273,0.98727,-1,6,30,1,1,1,16:32,6,3,9
2023610019723,2023,610019723,1,1,1,2,81,11,3,0,0,0,0,0,9,4,W01001487,-1,0,0.14113,0.85887,-1,6,40,1,1,1,19:06,4,2,9
2023111366024,2023,111366024,2,1,1,2,47,8,2,0,0,0,0,0,9,2,E01020689,6,1,1.0,0.0,-1,1,30,2,1,2,13:05,5,2,9
2023320392589,2023,320392589,2,1,2,1,2,1,3,0,0,2,0,0,9,6,E01026239,-1,0,0.07285,0.92715,-1,6,60,1,1,1,08:12,2,2,9
2023430234914,2023,430234914,2,1,1,1,48,8,3,0,0,0,0,0,9,1,E01028576,-1,0,0.06642,0.93358,-1,1,60,1,1,1,19:53,1,2,9
2023131313978,2023,131313978,2,1,1,2,30,6,3,0,0,0,0,0,9,8,E01011687,3,1,0.0,1.0,-1,6,30,1,1,1,17:37,5,2,9
2023201382367,2023,201382367,2,4,2,1,19,4,2,0,0,-1,0,0,9,-1,-1,7,1,1.0,0.0,-1,6,20,2,4,2,23:39,3,2,9
2023421382435,2023,421382435,1,1,1,2,36,7,2,0,0,0,0,0,9,2,E01021998,7,1,1.0,0.0,-1,6,60,1,1,2,10:15,2,2,9
2023131292207,2023,131292207,1,1,1,2,40,7,3,0,0,0,0,0,9,1,E01011360,3,1,0.0,1.0,-1,6,30,1,1,1,19:00,5,2,9
2023421272186,2023,421272186,1,1,2,1,-1,-1,2,0,0,-1,0,0,9,-1,-1,7,1,1.0,0.0,-1,6,30,1,7,1,20:25,6,1,9
2023031299554,2023,031299554,1,1,1,1,20,4,2,0,0,0,0,0,2,2,E01033160,7,1,1.0,0.0,-1,3,30,1,1,1,13:40,6,2,2
2023201453095,2023,201453095,2,1,1,-1,21,5,3,0,0,0,0,0,2,2,E01010102,3,1,0.0,1.0,-1,6,30,1,4,2,18:15,6,2,2
2023010424286,2023,010424286,1,1,3,1,34,6,3,10,9,0,0,0,0,4,E01000676,-1,0,0.0,1.0,-1,9,20,2,4,9,21:10,3,1,19
2023211354880,2023,211354880,1,1,3,1,33,6,3,10,9,0,0,2,0,6,E01032899,3,1,0.0,1.0,-1,6,20,9,1,1,12:23,4,1,9
2023010477365,2023,010477365,1,1,3,1,36,7,3,1,3,0,0,0,0,5,E01004442,-1,0,0.0,1.0,-1,6,20,1,1,1,15:55,7,1,9
2023991314408,2023,991314408,1,1,3,1,13,3,3,6,9,0,0,2,0,-1,-1,3,1,0.0,1.0,-1,6,20,1,1,1,13:45,6,1,11
2023010478312,2023,010478312,2,1,1,1,32,6,3,0,0,0,0,0,1,8,E01004292,-1,0,0.0,1.0,-1,3,20,1,1,1,11:00,5,2,1
2023041348037,2023,041348037,2,2,2,2,1,1,3,0,0,0,0,0,1,6,E01012618,3,1,0.0,1.0,-1,3,30,1,1,1,13:00,2,2,1
2023010433942,2023,010433942,1,1,1,2,84,11,3,0,0,0,0,0,9,6,E01004145,-1,0,0.0,1.0,-1,6,30,2,1,2,11:56,6,1,9
2023430356662,2023,430356662,1,1,1,2,72,10,3,0,0,0,0,0,9,8,E01028595,-1,0,0.08463,0.91537,-1,3,70,1,1,1,15:21,5,2,9
2023531325061,2023,531325061,1,2,1,2,80,11,3,0,0,0,0,0,9,10,E01022220,3,1,0.0,1.0,-1,6,30,1,1,1,10:50,6,3,9
2023010437088,2023,010437088,1,1,2,2,35,6,3,0,0,0,4,0,11,3,E01002847,-1,0,0.0,1.0,-1,6,30,1,1,1,14:00,4,1,11
2023010479827,2023,010479827,1,1,1,1,44,7,3,0,0,0,0,0,9,1,E01001730,-1,0,0.0,1.0,-1,6,20,8,4,1,03:40,1,2,9
2023522401432,2023,522401432,2,1,1,2,40,7,3,0,0,0,0,0,9,1,E01033356,-1,0,0.00978,0.99022,-1,1,30,1,1,4,11:15,3,2,9
2023161378100,2023,161378100,1,1,3,2,69,10,3,5,1,0,0,0,0,5,E01013297,3,1,0.0,1.0,-1,6,30,1,1,1,17:30,2,1,9
2023221371782,2023,221371782,1,1,3,2,51,8,2,5,1,0,0,0,0,7,E01029660,7,1,1.0,0.0,-1,6,40,1,6,1,17:55,5,1,9
2023010454663,2023,010454663,2,1,1,1,27,6,2,0,0,0,0,0,1,5,E01003411,-1,0,1.0,0.0,-1,6,30,1,1,1,13:50,3,2,1
2023052301105,2023,052301105,2,1,1,1,38,7,3,0,0,0,0,0,1,1,E01006614,-1,0,0.09092,0.90908,-1,6,30,1,1,1,16:20,6,2,1
2023991342060,2023,991342060,2,1,1,1,17,4,3,0,0,0,0,0,1,1,-1,3,1,0.0,1.0,-1,6,30,1,1,2,18:00,3,2,1
2023501342320,2023,501342320,1,1,1,1,-1,-1,3,0,0,0,0,0,3,-1,-1,3,1,0.0,1.0,-1,6,60,9,1,1,11:10,2,2,3
2023010456355,2023,010456355,2,1,1,1,77,11,3,0,0,0,0,0,5,-1,-1,-1,0,0.0,1.0,-1,6,30,1,1,1,18:15,5,2,5
2023201422212,2023,201422212,2,1,2,2,41,7,3,0,0,1,0,0,9,1,E01009510,3,1,0.0,1.0,-1,1,30,1,4,1,13:03,7,3,9
2023430409686,2023,430409686,2,1,1,2,24,5,3,0,0,0,0,0,9,7,E01028545,-1,0,0.03364,0.96636,-1,6,30,2,1,2,07:40,3,2,9
2023451387028,2023,451387028,1,1,1,1,36,7,3,0,0,0,0,0,9,9,E01030947,3,1,0.0,1.0,-1,6,40,2,4,2,05:25,3,2,9
2023201295668,2023,201295668,1,1,2,1,11,3,2,0,0,0,4,0,11,4,E01010145,7,1,1.0,0.0,-1,6,30,1,1,1,16:50,1,1,11
2023221370245,2023,221370245,2,1,1,2,63,9,3,0,0,0,0,0,9,6,E01014082,3,1,0.0,1.0,-1,6,60,1,1,2,11:55,6,2,9
2023302300082,2023,302300082,1,1,1,2,29,6,3,0,0,0,0,0,9,4,E01013534,-1,0,0.02193,0.97807,-1,6,30,1,1,1,15:15,7,2,9
2023421359278,2023,421359278,1,1,1,1,-1,-1,3,0,0,0,0,0,9,4,E01021999,3,1,0.0,1.0,-1,6,40,1,1,1,16:40,2,2,9
2023522300843,2023,522300843,1,1,1,2,60,9,3,0,0,0,0,0,9,3,E01014976,-1,0,0.03224,0.96776,-1,6,20,1,1,1,07:39,7,2,9
2023010427212,2023,010427212,1,1,3,2,58,9,2,8,3,0,0,0,0,8,E01000210,-1,0,1.0,0.0,-1,6,30,1,4,1,19:10,3,1,9
2023122300658,2023,122300658,1,1,3,2,13,3,3,10,3,0,0,0,0,6,E01027774,-1,0,0.02435,0.97565,-1,6,30,1,1,1,16:00,4,1,9
2023010437257,2023,010437257,2,1,1,1,24,5,2,0,0,0,0,0,3,2,E01000482,-1,0,1.0,0.0,-1,2,20,1,1,1,19:44,5,2,3
2023471280295,2023,471280295,1,1,1,1,43,7,3,0,0,0,0,0,9,5,E01031577,3,1,0.0,1.0,-1,6,30,1,4,2,19:45,6,2,9
2023161350827,2023,161350827,1,2,2,2,19,4,3,0,0,1,0,0,9,2,E01012821,3,1,0.0,1.0,-1,6,30,1,4,1,01:23,1,1,9
2023440484155,2023,440484155,2,3,2,1,14,3,3,0,0,2,0,0,9,-1,-1,-1,0,0.05344,0.94656,-1,6,30,2,4,2,18:01,1,2,9
2023461377975,2023,461377975,2,1,1,1,19,4,3,0,0,0,0,0,2,8,E01024575,3,1,0.0,1.0,-1,6,30,2,4,2,20:37,5,2,2
2023010459956,2023,010459956,1,1,1,1,50,8,3,0,0,0,0,0,5,10,E01023441,-1,0,0.0,1.0,-1,3,40,1,1,1,18:38,5,2,5
2023041299980,2023,041299980,2,1,2,1,4,1,3,0,0,1,0,0,9,10,E01025352,3,1,0.0,1.0,-1,6,60,1,1,2,15:10,1,2,9
2023430038171,2023,430038171,1,1,1,2,22,5,3,0,0,0,0,0,9,7,E01032960,-1,0,0.10591,0.89409,-1,6,60,1,1,2,08:17,5,1,9
2023501350844,2023,501350844,2,1,2,2,62,9,3,0,0,2,0,0,9,6,E01018959,3,1,0.0,1.0,-1,6,60,1,1,1,10:15,7,2,9
2023461301002,2023,461301002,2,2,1,1,15,3,3,0,0,0,0,0,1,8,E01024514,3,1,0.0,1.0,-1,6,30,1,1,1,08:00,4,2,1
2023061389601,2023,061389601,2,1,1,1,35,6,3,0,0,0,0,0,1,7,E01006165,3,1,0.0,1.0,-1,6,30,2,4,2,16:30,2,2,1
2023430293066,2023,430293066,1,1,1,2,44,7,3,0,0,0,0,0,9,8,E01016595,-1,0,0.05097,0.94903,-1,1,60,1,1,1,07:23,2,2,9
2023440287416,2023,440287416,1,2,2,2,79,11,3,0,0,1,0,0,9,10,E01023038,-1,0,0.1305,0.8695,-1,6,40,1,1,1,15:00,2,2,9
2023010473112,2023,010473112,1,1,3,1,10,2,3,4,1,0,0,0,0,4,E01000155,-1,0,0.0,1.0,-1,7,30,9,4,1,16:49,6,1,2
2023010484925,2023,010484925,2,2,1,1,33,6,3,0,0,0,0,0,9,7,E01024037,-1,0,0.0,1.0,-1,6,30,2,1,2,10:30,3,2,9
2023471371316,2023,471371316,1,1,1,1,85,11,3,0,0,0,0,0,9,9,E01017001,3,1,0.0,1.0,-1,6,30,1,1,1,12:58,2,1,9
2023461380263,2023,461380263,2,2,1,1,46,8,3,0,0,0,0,0,10,5,E01024191,3,1,0.0,1.0,-1,6,60,1,1,1,11:48,4,3,10
2023552300415,2023,552300415,2,1,1,1,14,3,3,0,0,0,0,0,1,-1,-1,-1,0,0.06606,0.93394,-1,6,30,1,1,1,08:53,3,2,1
2023010473123,2023,010473123,1,1,1,1,21,5,3,0,0,0,0,0,3,5,E01000505,-1,0,0.0,1.0,-1,6,30,1,1,2,13:01,6,2,3
2023351379870,2023,351379870,2,1,1,1,26,6,3,0,0,0,0,0,3,2,E01018091,3,1,0.0,1.0,-1,1,30,9,4,-1,19:50,5,2,3
2023010475415,2023,010475415,1,1,1,2,20,4,3,0,0,0,0,0,9,9,E01004559,-1,0,0.0,1.0,-1,2,20,5,4,2,03:25,5,3,9
2023471320527,2023,471320527,2,2,2,1,16,4,3,0,0,2,0,0,9,6,E01031801,3,1,0.0,1.0,-1,6,30,1,4,1,22:40,2,2,9
2023520400911,2023,520400911,1,2,2,2,6,2,3,0,0,2,0,0,9,3,E01029235,-1,0,0.02523,0.97477,-1,6,30,1,1,1,16:49,3,2,9
2023548201623,2023,548201623,2,1,1,2,24,5,3,0,0,0,0,0,9,6,E01015478,-1,0,0.00674,0.99326,-1,1,40,1,1,1,13:16,6,2,9
2023552400013,2023,552400013,1,1,1,1,34,6,2,0,0,0,0,0,9,2,E01015367,-1,0,1.0,0.0,-1,6,30,5,4,2,20:04,4,3,9
2023991326992,2023,991326992,3,1,1,2,29,6,3,0,0,0,0,0,9,10,-1,3,1,0.0,1.0,-1,6,60,1,1,1,13:01,6,3,9
2023010444700,2023,010444700,1,2,2,2,51,8,3,0,0,0,4,0,11,1,E01033086,-1,0,0.0,1.0,-1,6,20,1,1,1,12:55,3,1,11
2023010439614,2023,010439614,2,1,1,1,13,3,3,0,0,0,0,0,1,3,E01001884,-1,0,0.0,1.0,-1,6,30,1,1,1,15:10,4,2,1
2023421362892,2023,421362892,1,1,3,1,6,2,2,5,2,0,0,0,0,4,E01021785,7,1,1.0,0.0,-1,6,30,1,1,1,15:44,7,2,9
2023041369562,2023,041369562,2,2,2,1,57,9,2,0,0,0,4,0,11,-1,-1,7,1,1.0,0.0,-1,6,60,1,1,2,10:07,3,3,11
2023201292099,2023,201292099,2,1,2,1,14,3,3,0,0,2,0,0,9,6,E01029699,3,1,0.0,1.0,-1,6,30,5,4,2,21:30,2,2,9
2023211322123,2023,211322123,2,1,1,1,58,9,3,0,0,0,0,0,9,4,E01026874,3,1,0.0,1.0,-1,3,70,1,1,1,19:10,6,2,9
2023421351724,2023,421351724,2,1,1,2,56,9,3,0,0,0,0,0,1,4,E01021342,3,1,0.0,1.0,-1,9,20,1,1,1,06:30,2,2,1
2023320785441,2023,320785441,1,1,3,1,33,6,2,10,9,0,0,0,0,2,E01026026,-1,0,1.0,0.0,-1,3,40,1,4,2,18:14,6,1,9
2023010440243,2023,010440243,1,1,1,2,69,10,2,0,0,0,0,0,1,7,E01033568,-1,0,1.0,0.0,-1,6,20,1,1,1,20:15,7,1,1
2023622300712,2023,622300712,2,4,2,2,23,5,3,0,0,1,0,0,9,2,W01001142,-1,0,0.0438,0.9562,-1,6,50,1,1,1,14:04,7,2,9
2023311319103,2023,311319103,1,1,3,1,20,4,2,5,3,0,0,0,0,-1,-1,7,1,1.0,0.0,-1,3,40,1,4,1,21:30,6,1,9
2023201460601,2023,201460601,1,1,2,2,51,8,3,0,0,1,0,0,9,1,E01009328,3,1,0.0,1.0,-1,6,30,1,1,4,08:02,6,2,9
2023010428800,2023,010428800,1,1,2,2,60,9,2,0,0,0,1,0,11,9,E01003799,-1,0,1.0,0.0,-1,6,20,1,1,1,15:50,5,1,11
2023141378269,2023,141378269,1,1,1,1,55,8,3,0,0,0,0,0,9,8,E01007801,3,1,0.0,1.0,-1,1,50,1,4,2,20:40,5,2,9
2023211297110,2023,211297110,1,2,2,2,91,11,2,0,0,1,0,0,9,7,E01029814,6,1,1.0,0.0,-1,6,60,2,1,2,14:50,6,2,9
2023052302921,2023,052302921,2,1,1,1,13,3,3,0,0,0,0,0,1,8,E01007315,-1,0,0.12746,0.87254,-1,6,20,1,1,1,08:30,5,2,1
2023201376920,2023,201376920,2,1,1,1,18,4,3,0,0,0,0,0,1,5,E01009023,3,1,0.0,1.0,-1,6,30,1,1,1,14:10,2,2,1
2023131330778,2023,131330778,2,1,1,2,20,4,3,0,0,0,0,0,9,1,E01011361,3,1,0.0,1.0,-1,3,30,8,1,1,18:35,3,2,9
2023361363969,2023,361363969,2,1,1,2,52,8,2,0,0,0,0,0,9,6,E01033036,7,1,1.0,0.0,-1,6,60,1,1,1,15:24,3,3,9
2023421392331,2023,421392331,2,1,1,1,38,7,3,0,0,0,0,0,9,4,E01003695,3,1,0.0,1.0,-1,3,70,1,1,1,13:30,1,2,9
2023991362325,2023,991362325,1,3,2,2,17,4,3,0,0,2,0,0,9,-1,-1,3,1,0.0,1.0,-1,6,50,1,6,1,01:55,6,1,9
2023010453631,2023,010453631,1,1,1,-1,65,9,3,0,0,0,0,0,9,5,E01001935,-1,0,0.0,1.0,-1,9,30,9,1,9,15:05,5,2,9
2023461341983,2023,461341983,1,1,1,2,71,10,3,0,0,0,0,0,9,8,E01021134,3,1,0.0,1.0,-1,6,40,1,1,2,13:20,7,1,9
2023471301506,2023,471301506,1,2,1,1,53,8,3,0,0,0,0,0,9,5,E01031355,3,1,0.0,1.0,-1,3,70,1,1,1,16:53,3,4,9
2023471392153,2023,471392153,3,3,2,2,31,6,3,0,0,1,0,0,9,9,E01021190,3,1,0.0,1.0,-1,6,30,2,6,2,18:25,1,3,9
202360A093061,2023,60A093061,1,1,1,1,90,11,3,0,0,0,0,0,9,-1,-1,-1,0,0.11162,0.88838,-1,6,30,1,1,1,10:52,6,2,9
2023010463134,2023,010463134,1,1,1,1,23,5,3,0,0,0,0,0,1,6,E01000555,-1,0,0.0,1.0,-1,3,20,1,1,1,09:04,4,2,1
2023111360640,2023,111360640,1,1,1,2,32,6,3,0,0,0,0,0,90,3,E01020868,3,1,0.0,1.0,-1,6,60,1,1,2,17:28,7,2,90
2023991350904,2023,991350904,1,1,1,1,47,8,3,0,0,0,0,0,5,6,-1,3,1,0.0,1.0,-1,6,50,1,1,1,10:10,1,1,5
2023010453029,2023,010453029,2,1,1,1,52,8,2,0,0,0,0,0,9,2,E01002723,-1,0,1.0,0.0,-1,7,20,1,1,1,19:21,2,2,9
2023401302947,2023,401302947,2,1,1,2,31,6,3,0,0,0,0,0,9,4,E01017473,3,1,0.0,1.0,-1,6,20,2,1,2,13:55,6,2,9
2023411355986,2023,411355986,2,1,1,1,52,8,3,0,0,0,0,0,9,6,E01023582,3,1,0.0,1.0,-1,1,30,1,1,-1,07:05,6,2,9
2023231322858,2023,231322858,1,1,3,2,12,3,3,9,8,0,0,0,0,2,E01031092,3,1,0.0,1.0,-1,6,20,1,1,1,14:30,3,1,9
2023471387863,2023,471387863,1,1,3,2,64,9,3,9,5,0,0,0,0,9,E01031493,3,1,0.0,1.0,-1,6,40,9,1,2,14:20,7,2,98
2023520400318,2023,520400318,1,1,3,2,13,3,3,1,1,0,0,0,0,10,E01029160,-1,0,0.02255,0.97745,-1,6,30,9,1,-1,08:00,5,1,9
2023111298707,2023,111298707,1,2,2,1,17,4,2,0,0,1,0,0,9,2,E01020842,5,1,1.0,0.0,-1,6,60,1,1,1,16:30,1,3,9
2023131370684,2023,131370684,2,1,2,2,8,2,3,0,0,0,0,0,9,6,E01010588,3,1,0.0,1.0,-1,6,30,1,1,2,15:24,7,2,9
2023351288582,2023,351288582,2,1,1,2,73,10,3,0,0,0,0,0,9,6,E01018042,3,1,0.0,1.0,-1,1,50,1,1,-1,09:30,6,2,9
2023131340906,2023,131340906,1,1,1,1,51,8,2,0,0,0,0,0,1,6,E01011076,7,1,1.0,0.0,-1,2,30,1,1,1,09:18,6,2,1
2023101298651,2023,101298651,2,1,2,2,48,8,3,0,0,1,0,0,9,-1,-1,3,1,0.0,1.0,-1,9,60,1,1,1,17:50,3,2,9
2023332300518,2023,332300518,1,1,2,2,12,3,3,0,0,0,4,0,11,5,E01025842,-1,0,0.00537,0.99463,-1,6,30,1,1,1,07:56,2,1,11
2023351462594,2023,351462594,2,2,1,1,27,6,3,0,0,0,0,0,19,5,E01013973,3,1,0.0,1.0,-1,6,40,1,4,1,18:45,3,2,19
2023131344283,2023,131344283,2,1,1,1,61,9,3,0,0,0,0,0,20,7,E01011878,3,1,0.0,1.0,-1,6,40,1,1,1,12:37,2,2,20
2023010437013,2023,010437013,1,1,3,2,50,8,2,1,3,0,0,0,0,2,E01003187,-1,0,1.0,0.0,-1,2,30,4,1,1,12:43,4,1,19
2023440474050,2023,440474050,1,1,1,1,47,8,3,0,0,0,0,0,19,9,E01022836,-1,0,0.1304,0.8696,-1,3,70,5,6,2,06:10,2,1,19
2023421366150,2023,421366150,1,1,3,1,68,10,3,5,1,0,0,0,0,9,E01022076,3,1,0.0,1.0,-1,6,20,2,4,2,18:50,6,1,9
2023440415754,2023,440415754,1,1,3,2,49,8,2,6,9,0,0,0,0,10,E01022853,-1,0,1.0,0.0,-1,6,30,1,1,1,15:30,3,1,9
2023010479948,2023,010479948,1,1,1,1,32,6,3,0,0,0,0,0,3,4,E01000611,-1,0,0.0,1.0,-1,6,30,1,1,1,15:57,5,2,3
2023111299604,2023,111299604,2,2,1,1,30,6,3,0,0,0,0,0,9,-1,-1,3,1,0.0,1.0,-1,3,70,1,1,1,14:50,2,2,9
2023351322006,2023,351322006,2,2,1,2,49,8,3,0,0,0,0,0,9,7,E01026978,3,1,0.0,1.0,-1,7,60,1,1,1,07:49,4,2,9
2023461342555,2023,461342555,1,1,3,1,22,5,3,9,9,0,0,0,0,6,E01024079,3,1,0.0,1.0,-1,6,30,1,1,1,12:22,7,2,9
2023421315205,2023,421315205,1,1,1,1,23,5,3,0,0,0,0,0,3,5,E01021905,3,1,0.0,1.0,-1,3,70,1,1,1,19:54,2,1,3
2023401314148,2023,401314148,2,1,1,1,39,7,3,0,0,0,0,0,5,7,E01015719,3,1,0.0,1.0,-1,3,30,1,1,1,12:27,7,2,5
2023101388728,2023,101388728,2,1,1,1,45,7,3,0,0,0,0,0,9,7,E01008852,3,1,0.0,1.0,-1,3,50,1,4,1,18:20,5,2,9
2023401391348,2023,401391348,2,2,1,2,40,7,3,0,0,0,0,0,9,10,E01017392,3,1,0.0,1.0,-1,6,50,1,1,1,07:48,4,2,9
2023991291664,2023,991291664,1,1,1,2,22,5,3,0,0,0,0,0,9,4,-1,3,1,0.0,1.0,-1,6,60,1,5,2,08:00,4,2,9
2023991333581,2023,991333581,2,1,1,2,46,8,3,0,0,0,0,0,9,-1,-1,3,1,0.0,1.0,-1,6,30,2,1,2,08:40,4,2,9
2023522301152,2023,522301152,2,1,1,1,30,6,3,0,0,0,0,0,3,6,E01014399,-1,0,0.11485,0.88515,-1,6,30,1,1,1,17:30,6,2,3
2023131271689,2023,131271689,1,3,2,1,33,6,2,0,0,2,0,0,9,7,E01011053,5,1,1.0,0.0,-1,6,30,1,4,1,00:01,6,1,9
2023302301676,2023,302301676,2,2,1,2,27,6,3,0,0,0,0,0,9,9,E01019805,-1,0,0.11332,0.88668,-1,6,60,7,6,2,20:15,3,2,9
2023071086121,2023,071086121,1,1,1,2,27,6,2,0,0,0,0,0,9,5,E01005687,-1,0,1.0,0.0,-1,6,30,1,4,1,21:50,4,3,9
2023131313865,2023,131313865,2,1,1,2,35,6,3,0,0,0,0,0,9,9,E01010769,3,1,0.0,1.0,-1,6,30,1,1,1,09:16,5,2,9