collision_index,collision_year,collision_ref_no,vehicle_reference,casualty_reference,casualty_class,sex_of_casualty,age_of_casualty,age_band_of_casualty,casualty_severity,pedestrian_location,pedestrian_movement,car_passenger,bus_or_coach_passenger,pedestrian_road_maintenance_worker,casualty_type,casualty_imd_decile,lsoa_of_casualty,enhanced_casualty_severity,casualty_injury_based,casualty_adjusted_severity_serious,casualty_adjusted_severity_slight,casualty_distance_banding,road_type,speed_limit,weather_conditions,light_conditions,road_surface_conditions,time,day_of_week,number_of_vehicles,vehicle_type
2023201313126,2023,201313126,2,1,1,1,43,7,3,0,0,0,0,0,9,3,E01029643,3,1,0.0,1.0,-1,6,30,1,1,1,11:23,6,2,9
2023201377775,2023,201377775,2,2,1,1,39,7,3,0,0,0,0,0,8,-1,-1,3,1,0.0,1.0,-1,6,20,1,1,1,17:36,7,3,8
2023451290917,2023,451290917,1,1,3,2,30,6,3,5,1,0,0,2,0,8,E01030393,3,1,0.0,1.0,-1,6,20,2,1,2,09:25,5,1,9
2023101260691,2023,101260691,2,4,2,2,4,1,3,0,0,2,0,0,9,-1,-1,3,1,0.0,1.0,-1,6,30,1,1,2,14:02,7,2,9
2023010473442,2023,010473442,2,2,1,1,33,6,3,0,0,0,0,0,5,-1,-1,-1,0,0.0,1.0,-1,6,20,1,1,1,14:06,1,2,5
2023340NN1742,2023,340NN1742,1,1,1,1,53,8,3,0,0,0,0,0,5,10,E01027049,-1,0,0.25528,0.74472,-1,6,60,1,1,1,13:40,3,2,5
2023010442505,2023,010442505,1,1,1,1,35,6,3,0,0,0,0,0,3,3,E01001003,-1,0,0.0,1.0,-1,3,20,1,1,1,13:10,5,2,3
2023440062919,2023,440062919,1,1,1,1,29,6,2,0,0,0,0,0,3,4,E01017128,-1,0,1.0,0.0,-1,6,30,1,4,1,18:45,3,2,3
2023010419781,2023,010419781,1,1,3,1,63,9,3,5,1,0,0,0,0,2,E01003120,-1,0,0.0,1.0,-1,6,30,1,1,1,13:00,5,1,11
2023421276076,2023,421276076,1,1,3,1,4,1,3,6,9,0,0,0,0,5,E01021683,3,1,0.0,1.0,-1,6,30,1,1,1,11:06,3,1,-1
2023010482140,2023,010482140,1,1,1,1,39,7,3,0,0,0,0,0,9,1,E01002037,-1,0,0.0,1.0,-1,3,50,1,1,2,11:35,3,2,9
2023061322759,2023,061322759,2,1,1,2,28,6,3,0,0,0,0,0,9,8,E01006067,3,1,0.0,1.0,-1,6,30,1,1,1,16:40,6,2,9
2023131370842,2023,131370842,2,2,2,1,10,2,3,0,0,1,0,0,9,1,E01011904,3,1,0.0,1.0,-1,6,30,2,7,2,19:30,5,2,9
2023320452073,2023,320452073,3,1,1,2,41,7,2,0,0,0,0,0,9,6,E01026330,-1,0,1.0,0.0,-1,6,40,1,1,2,19:15,6,4,9
2023332300526,2023,332300526,2,3,2,2,34,6,3,0,0,1,0,0,9,1,E01013628,-1,0,0.02009,0.97991,-1,6,30,1,1,1,13:00,4,2,9
2023010430972,2023,010430972,1,2,3,1,51,8,3,1,9,0,0,0,0,3,E01003555,-1,0,0.0,1.0,-1,1,20,1,4,1,22:10,4,1,9
2023101377760,2023,101377760,1,1,3,2,81,11,2,1,1,0,0,0,0,8,E01008294,6,1,1.0,0.0,-1,6,30,1,1,1,12:28,4,1,9
2023010444645,2023,010444645,1,1,1,1,29,6,3,0,0,0,0,0,3,8,E01004623,-1,0,0.0,1.0,-1,1,20,8,1,1,15:30,2,2,3
2023141346012,2023,141346012,2,2,1,1,56,9,3,0,0,0,0,0,9,8,E01032997,3,1,0.0,1.0,-1,6,50,2,1,2,19:42,7,2,9
2023351387819,2023,351387819,1,1,1,2,24,5,3,0,0,0,0,0,9,2,E01018063,3,1,0.0,1.0,-1,6,60,8,6,4,16:29,3,2,9
2023461363002,2023,461363002,1,1,2,2,62,9,3,0,0,1,0,0,9,1,E01003051,3,1,0.0,1.0,-1,6,60,1,1,1,17:43,5,3,9
2023010457587,2023,010457587,1,1,2,2,33,6,3,0,0,0,3,0,11,3,E01003923,-1,0,0.0,1.0,-1,6,20,1,1,1,19:45,5,1,11
2023010474028,2023,010474028,2,1,1,1,65,9,3,0,0,0,0,0,21,8,E01021337,-1,0,0.0,1.0,-1,6,40,1,1,1,15:53,4,2,21
2023010459617,2023,010459617,1,1,3,1,83,11,3,5,1,0,0,0,0,3,E01004362,-1,0,0.0,1.0,-1,6,30,1,1,1,14:35,6,1,3
2023101335575,2023,101335575,2,1,1,1,39,7,2,0,0,0,0,0,9,1,E01008841,6,1,1.0,0.0,-1,6,30,1,1,1,09:30,5,2,9
2023070467102,2023,070467102,2,1,1,1,55,8,3,0,0,0,0,0,1,7,E01005152,-1,0,0.12997,0.87003,-1,6,30,1,1,1,17:35,4,2,1
2023320747579,2023,320747579,1,1,1,1,22,5,3,0,0,0,0,0,9,4,E01026019,-1,0,0.10109,0.89891,-1,7,70,2,6,2,03:00,3,1,9
2023501392716,2023,501392716,2,1,1,2,56,9,2,0,0,0,0,0,9,6,E01020142,7,1,1.0,0.0,-1,6,60,1,1,1,10:38,5,2,9
2023991290380,2023,991290380,1,3,2,1,19,4,3,0,0,1,0,0,9,5,-1,3,1,0.0,1.0,-1,6,60,2,6,2,18:57,6,2,9
2023041267064,2023,041267064,2,1,1,1,27,6,2,0,0,0,0,0,9,1,E01025295,6,1,1.0,0.0,-1,6,30,1,4,1,18:43,5,2,9
2023421340100,2023,421340100,1,1,1,1,43,7,3,0,0,0,0,0,9,-1,-1,3,1,0.0,1.0,-1,3,70,1,1,1,05:00,3,1,9
2023451306847,2023,451306847,1,2,1,1,24,5,3,0,0,0,0,0,9,4,E01030601,3,1,0.0,1.0,-1,6,40,1,6,1,01:00,7,1,9
202363B005323,2023,63B005323,1,1,1,2,22,5,3,0,0,0,0,0,9,1,W01000511,-1,0,0.10962,0.89038,-1,1,60,1,4,2,20:55,6,2,9
2023991354146,2023,991354146,1,1,1,1,30,6,3,0,0,0,0,0,9,4,-1,3,1,0.0,1.0,-1,3,50,1,1,1,17:01,2,1,9
2023010454488,2023,010454488,1,1,1,1,63,9,2,0,0,0,0,0,1,4,E01002762,-1,0,1.0,0.0,-1,6,30,1,1,1,15:00,3,2,1
2023201281641,2023,201281641,2,2,1,2,35,6,3,0,0,0,0,0,9,2,E01008964,3,1,0.0,1.0,-1,6,30,1,1,1,15:47,7,2,9
202354D574623,2023,54D574623,2,1,2,1,5,1,3,0,0,2,0,0,9,8,E01032110,-1,0,0.005,0.995,-1,6,40,8,6,2,19:58,6,2,9
2023010456449,2023,010456449,1,1,3,2,46,8,3,6,9,0,0,0,0,2,E01000012,-1,0,0.0,1.0,-1,2,20,8,1,1,14:15,2,1,-1
2023430348287,2023,430348287,1,1,1,1,30,6,3,0,0,0,0,0,3,4,E01016400,-1,0,0.13284,0.86716,-1,6,30,1,1,1,19:45,6,2,3
2023461383739,2023,461383739,1,1,1,1,25,5,3,0,0,0,0,0,3,4,E01024086,3,1,0.0,1.0,-1,6,20,2,1,2,08:58,5,1,3
2023010437869,2023,010437869,1,1,3,1,64,9,3,1,9,0,0,0,0,2,E01004287,-1,0,0.0,1.0,-1,9,20,1,1,1,17:20,7,1,9
2023010430918,2023,010430918,1,1,3,2,2,1,2,5,3,0,0,0,0,4,E01000031,-1,0,1.0,0.0,-1,3,30,1,4,2,19:35,3,1,9
2023061347164,2023,061347164,1,1,3,1,59,9,3,6,7,0,0,0,0,5,E01005044,3,1,0.0,1.0,-1,3,30,1,1,1,09:46,4,1,9
2023461318218,2023,461318218,1,1,3,1,20,4,2,9,2,0,0,2,0,-1,-1,7,1,1.0,0.0,-1,6,30,1,1,1,15:00,2,1,9
2023430573956,2023,430573956,1,1,1,1,60,9,3,0,0,0,0,0,19,9,E01016314,-1,0,0.17752,0.82248,-1,6,60,1,6,1,18:55,7,1,19
2023201267909,2023,201267909,2,1,1,1,16,4,2,0,0,0,0,0,1,2,E01009635,7,1,1.0,0.0,-1,6,30,1,1,2,12:45,3,2,1
2023161357504,2023,161357504,1,4,2,1,65,9,3,0,0,2,0,0,9,-1,-1,3,1,0.0,1.0,-1,1,40,1,1,1,17:13,4,2,9
2023411297785,2023,411297785,2,2,2,1,20,4,3,0,0,1,0,0,9,8,E01023837,3,1,0.0,1.0,-1,6,30,2,1,2,18:05,5,2,9
2023430351270,2023,430351270,2,1,2,2,19,4,3,0,0,1,0,0,9,9,E01001127,-1,0,0.01131,0.98869,-1,3,40,1,1,1,14:05,2,2,9
2023430573541,2023,430573541,2,2,1,1,61,9,3,0,0,0,0,0,9,7,E01017713,-1,0,0.07712,0.92288,-1,6,60,1,1,1,12:36,7,2,9
2023461364056,2023,461364056,2,1,1,2,38,7,3,0,0,0,0,0,9,9,E01024826,3,1,0.0,1.0,-1,6,40,1,1,1,10:30,6,2,9
2023170S12103,2023,170S12103,1,1,3,1,91,11,1,6,9,0,0,0,0,5,E01012219,-1,0,0.0,0.0,-1,6,30,1,1,1,12:15,7,1,9
2023131282035,2023,131282035,2,1,1,1,48,8,2,0,0,0,0,0,1,2,E01011913,5,1,1.0,0.0,-1,6,30,2,4,2,18:36,4,2,1
2023041347032,2023,041347032,2,1,1,1,38,7,3,0,0,0,0,0,9,9,E01024912,3,1,0.0,1.0,-1,3,30,1,1,1,10:00,7,2,9
2023430530419,2023,430530419,2,1,1,1,24,5,3,0,0,0,0,0,9,9,E01017734,-1,0,0.05389,0.94611,-1,6,60,1,1,1,10:14,7,2,9
2023461280011,2023,461280011,2,2,2,1,16,4,3,0,0,-1,0,0,9,-1,-1,3,1,0.0,1.0,-1,6,30,1,1,1,09:05,3,2,9
2023461297710,2023,461297710,2,1,1,1,50,8,2,0,0,0,0,0,-1,1,E01016049,7,1,1.0,0.0,-1,6,30,1,1,1,11:30,3,2,-1
2023430184940,2023,430184940,1,1,2,2,76,11,3,0,0,2,0,0,8,5,E01016374,-1,0,0.07249,0.92751,-1,6,30,1,1,1,15:04,6,2,8
2023041283697,2023,041283697,1,1,1,1,23,5,2,0,0,0,0,0,19,1,E01025186,7,1,1.0,0.0,-1,6,50,1,1,1,11:35,1,3,19
2023401339111,2023,401339111,1,3,2,2,79,11,3,0,0,1,0,0,9,2,E01015741,3,1,0.0,1.0,-1,7,30,1,1,1,11:42,2,2,9
2023070410013,2023,070410013,2,2,1,1,48,8,1,0,0,0,0,0,9,-1,-1,-1,0,0.0,0.0,-1,6,60,1,1,1,08:50,2,2,9
2023122300786,2023,122300786,1,1,1,2,93,11,3,0,0,0,0,0,9,3,E01027625,-1,0,0.11896,0.88104,-1,6,30,1,1,1,15:05,5,1,9
2023320159279,2023,320159279,1,1,1,1,17,4,3,0,0,0,0,0,9,4,E01026180,-1,0,0.04677,0.95323,-1,6,30,2,1,2,16:30,4,2,9
2023461296517,2023,461296517,1,1,2,2,64,9,3,0,0,1,0,0,9,9,E01024445,3,1,0.0,1.0,-1,6,20,1,4,1,23:42,1,2,9
2023010467463,2023,010467463,1,1,3,2,16,4,3,6,9,0,0,0,0,8,E01000355,-1,0,0.0,1.0,-1,2,20,1,1,1,17:35,5,1,11
2023471266131,2023,471266131,1,1,3,2,48,8,3,10,9,0,0,2,0,5,E01031605,3,1,0.0,1.0,-1,6,30,1,4,1,17:19,6,1,9
2023161298138,2023,161298138,2,2,1,1,25,5,3,0,0,0,0,0,9,7,E01012794,3,1,0.0,1.0,-1,6,30,1,1,1,16:15,1,2,9
2023201379182,2023,201379182,1,2,2,2,36,7,2,0,0,2,0,0,9,-1,-1,7,1,1.0,0.0,-1,3,60,1,1,1,14:21,7,5,9
2023231378327,2023,231378327,1,3,2,1,24,5,2,0,0,2,0,0,9,2,E01008752,5,1,1.0,0.0,-1,6,50,2,6,2,22:58,5,1,9
2023411394215,2023,411394215,1,1,1,2,47,8,3,0,0,0,0,0,9,6,E01023570,3,1,0.0,1.0,-1,6,30,1,4,1,17:10,5,2,9
2023471260419,2023,471260419,3,1,1,2,33,6,3,0,0,0,0,0,9,9,E01021167,3,1,0.0,1.0,-1,6,40,1,6,2,17:30,5,3,9
2023622300600,2023,622300600,1,2,2,1,29,6,3,0,0,1,0,0,9,3,W01001181,-1,0,0.04447,0.95553,-1,6,30,2,1,2,06:13,6,5,9
2023052300076,2023,052300076,1,1,3,2,55,8,2,5,1,0,0,0,0,1,E01006871,-1,0,1.0,0.0,-1,3,40,2,4,2,17:00,3,1,9
2023010422925,2023,010422925,1,1,3,1,21,5,3,1,1,0,0,0,0,2,E01004537,-1,0,0.0,1.0,-1,6,20,1,4,1,18:37,1,1,9
2023221380936,2023,221380936,2,1,1,1,43,7,3,0,0,0,0,0,1,5,E01032280,3,1,0.0,1.0,-1,6,30,1,1,1,08:30,5,2,1
2023201382074,2023,201382074,2,2,2,2,48,8,3,0,0,2,0,0,9,7,E01009931,3,1,0.0,1.0,-1,3,60,1,1,1,11:45,4,2,9
2023440402554,2023,440402554,5,4,1,1,75,10,3,0,0,0,0,0,9,3,E01015362,-1,0,0.10289,0.89711,-1,3,70,2,1,2,17:26,2,6,9
2023461271740,2023,461271740,1,3,2,1,19,4,3,0,0,2,0,0,9,10,E01024474,3,1,0.0,1.0,-1,7,70,1,6,1,23:34,7,1,9
2023531353344,2023,531353344,1,1,2,2,56,9,3,0,0,1,0,0,9,4,E01002869,3,1,0.0,1.0,-1,6,60,2,1,2,16:10,1,3,9
2023991346991,2023,991346991,1,1,1,2,58,9,3,0,0,0,0,0,9,6,-1,3,1,0.0,1.0,-1,6,60,1,1,1,16:45,4,2,9
2023010478577,2023,010478577,1,1,1,-1,31,6,3,0,0,0,0,0,3,2,E01002077,-1,0,0.0,1.0,-1,9,30,9,1,9,15:20,5,2,3
2023201416774,2023,201416774,1,1,3,2,68,10,2,5,1,0,0,0,0,2,E01010049,7,1,1.0,0.0,-1,6,30,3,1,4,08:18,6,1,9
2023101269803,2023,101269803,2,1,1,1,27,6,3,0,0,0,0,0,19,8,E01008279,3,1,0.0,1.0,-1,3,50,1,1,1,09:07,2,2,19
2023520400738,2023,520400738,1,1,3,2,17,4,2,5,3,0,0,0,0,10,E01029160,-1,0,1.0,0.0,-1,6,30,1,1,1,16:51,3,1,9
2023461387992,2023,461387992,2,1,1,1,31,6,3,0,0,0,0,0,3,6,E01024357,3,1,0.0,1.0,-1,6,30,1,1,2,14:05,7,2,3
2023340WN2302,2023,340WN2302,1,1,1,1,53,8,3,0,0,0,0,0,4,5,E01027017,-1,0,0.20663,0.79337,-1,6,30,1,1,1,18:30,2,2,4
2023010453418,2023,010453418,1,1,1,1,77,11,3,0,0,0,0,0,19,3,E01002457,-1,0,0.0,1.0,-1,6,30,1,1,1,17:15,4,1,19
2023041264381,2023,041264381,1,1,1,1,64,9,2,0,0,0,0,0,11,4,E01025001,5,1,1.0,0.0,-1,6,30,3,1,2,08:25,3,1,11
2023061325004,2023,061325004,1,1,3,1,3,1,2,1,3,0,0,0,0,2,E01005026,7,1,1.0,0.0,-1,3,30,4,1,1,13:55,1,1,9
2023010457412,2023,010457412,1,1,1,-1,-1,-1,3,0,0,0,0,0,1,-1,-1,-1,0,0.0,1.0,-1,9,30,2,1,9,18:15,4,1,1
2023430309679,2023,430309679,1,1,1,1,15,3,3,0,0,0,0,0,1,3,E01016444,-1,0,0.03941,0.96059,-1,6,30,1,1,1,15:40,3,2,1
2023332301071,2023,332301071,1,1,1,1,20,4,3,0,0,0,0,0,5,1,E01025699,-1,0,0.05945,0.94055,-1,6,30,2,1,2,14:00,5,2,5
2023010449755,2023,010449755,1,1,1,1,40,7,3,0,0,0,0,0,9,5,E01004165,-1,0,0.0,1.0,-1,6,30,1,1,1,18:30,6,3,9
2023311327616,2023,311327616,1,5,2,2,11,3,3,0,0,2,0,0,9,8,E01028000,3,1,0.0,1.0,-1,6,60,1,1,1,18:04,6,2,9
2023622300436,2023,622300436,1,1,1,1,55,8,3,0,0,0,0,0,9,3,-1,-1,0,0.08499,0.91501,-1,3,60,1,1,1,12:12,7,2,9
2023991263595,2023,991263595,1,2,2,2,19,4,2,0,0,1,0,0,9,-1,-1,5,1,1.0,0.0,-1,6,30,2,4,2,04:07,7,1,9
2023052301509,2023,052301509,2,1,1,1,17,4,3,0,0,0,0,0,1,2,E01006477,-1,0,0.07256,0.92744,-1,1,30,1,1,1,11:53,1,2,1
2023520301694,2023,520301694,1,1,1,1,46,8,3,0,0,0,0,0,1,9,E01029207,-1,0,0.06823,0.93177,-1,6,40,1,1,1,16:45,4,2,1
2023010470727,2023,010470727,1,1,1,1,33,6,3,0,0,0,0,0,3,2,E01003137,-1,0,0.0,1.0,-1,6,30,9,1,9,07:00,6,2,3
2023351301955,2023,351301955,2,1,1,1,38,7,3,0,0,0,0,0,1,9,E01018012,3,1,0.0,1.0,-1,6,60,1,1,1,16:54,4,2,1
2023141315774,2023,141315774,1,1,1,1,37,7,2,0,0,0,0,0,3,1,E01007508,5,1,1.0,0.0,-1,6,30,2,1,2,18:00,1,1,3
2023041292911,2023,041292911,1,1,3,2,22,5,3,6,9,0,0,0,0,4,E01025276,3,1,0.0,1.0,-1,9,30,1,1,1,10:34,5,1,9
2023471265126,2023,471265126,1,1,3,2,65,9,3,5,2,0,0,0,0,7,E01020970,3,1,0.0,1.0,-1,6,30,1,1,1,09:54,4,1,19
2023471293289,2023,471293289,2,1,1,1,38,7,3,0,0,0,0,0,19,4,E01031799,3,1,0.0,1.0,-1,3,40,2,1,2,07:55,5,3,19
2023501342971,2023,501342971,1,1,3,1,70,10,3,9,7,0,0,0,0,7,E01022299,3,1,0.0,1.0,-1,6,60,1,1,1,11:15,5,1,9
2023461392748,2023,461392748,2,1,1,1,24,5,3,0,0,0,0,0,1,6,E01024571,3,1,0.0,1.0,-1,6,20,2,4,2,17:00,5,2,1
2023052301782,2023,052301782,2,1,1,1,39,7,2,0,0,0,0,0,3,3,E01006408,-1,0,1.0,0.0,-1,3,50,1,1,1,20:40,5,2,3
2023471294884,2023,471294884,2,1,1,1,63,9,2,0,0,0,0,0,4,7,E01016961,6,1,1.0,0.0,-1,6,30,1,1,1,14:50,5,2,4
2023041326706,2023,041326706,2,1,1,1,25,5,3,0,0,0,0,0,9,2,E01012696,3,1,0.0,1.0,-1,3,70,1,1,1,16:20,5,2,9
2023111380256,2023,111380256,2,1,1,2,55,8,3,0,0,0,0,0,9,2,E01012362,3,1,0.0,1.0,-1,6,30,1,1,1,14:40,6,2,9
2023161373054,2023,161373054,1,1,1,1,30,6,3,0,0,0,0,0,9,1,E01012787,3,1,0.0,1.0,-1,6,30,1,4,1,19:58,5,2,9
2023351390512,2023,351390512,1,1,1,2,39,7,3,0,0,0,0,0,9,2,E01018070,3,1,0.0,1.0,-1,6,50,5,1,2,13:38,7,1,9
2023451313976,2023,451313976,2,1,1,1,27,6,3,0,0,0,0,0,9,10,E01031619,3,1,0.0,1.0,-1,6,40,1,1,1,18:15,5,2,9
2023041301930,2023,041301930,2,2,1,2,44,7,3,0,0,0,0,0,9,1,E01024895,3,1,0.0,1.0,-1,6,30,1,4,1,23:50,7,2,9
2023440360207,2023,440360207,1,1,1,2,19,4,2,0,0,0,0,0,9,7,E01023012,-1,0,1.0,0.0,-1,6,60,1,1,1,08:17,3,2,9
2023451294597,2023,451294597,1,1,1,2,31,6,3,0,0,0,0,0,9,7,E01030859,3,1,0.0,1.0,-1,6,40,1,1,1,18:30,2,3,9
2023471275065,2023,471275065,1,1,1,1,26,6,3,0,0,0,0,0,9,6,E01031472,3,1,0.0,1.0,-1,6,30,1,4,2,04:10,7,2,9
2023991392882,2023,991392882,1,1,2,2,27,6,3,0,0,1,0,0,9,10,E01030299,3,1,0.0,1.0,-1,3,70,5,4,2,21:18,5,1,9
2023010473228,2023,010473228,2,1,1,1,33,6,3,0,0,0,0,0,1,7,E01003408,-1,0,0.0,1.0,-1,6,20,1,4,2,20:16,6,2,1
2023070405261,2023,070405261,1,1,1,1,14,3,3,0,0,0,0,0,1,1,E01018745,-1,0,0.1303,0.8697,-1,6,50,1,1,1,15:55,7,2,1
2023471389904,2023,471389904,1,1,1,1,17,4,3,0,0,0,0,0,3,3,E01016858,3,1,0.0,1.0,-1,6,30,1,4,1,17:30,2,2,3
2023461313202,2023,461313202,2,2,2,1,39,7,3,0,0,2,0,0,8,8,E01016122,3,1,0.0,1.0,-1,3,30,1,1,2,08:15,5,2,8
2023501317043,2023,501317043,1,1,3,2,75,10,3,9,7,0,0,0,0,7,E01015127,3,1,0.0,1.0,-1,2,20,1,1,1,12:00,7,1,9
2023010449559,2023,010449559,1,1,1,1,42,7,3,0,0,0,0,0,3,7,E01004500,-1,0,0.0,1.0,-1,6,20,1,1,1,17:30,6,2,3
2023010465310,2023,010465310,2,1,1,1,31,6,3,0,0,0,0,0,3,2,E01003501,-1,0,0.0,1.0,-1,1,20,1,1,1,10:50,2,2,3
2023010483520,2023,010483520,2,1,1,1,40,7,3,0,0,0,0,0,3,4,E01003166,-1,0,0.0,1.0,-1,7,20,1,1,1,10:45,3,2,3
2023010484122,2023,010484122,1,1,1,-1,29,6,3,0,0,0,0,0,3,1,E01033455,-1,0,0.0,1.0,-1,6,20,9,1,9,10:04,5,2,3
2023070025032,2023,070025032,2,1,1,2,36,7,3,0,0,0,0,0,9,6,E01018570,-1,0,0.04996,0.95004,-1,6,60,1,1,2,09:15,2,2,9
2023141375725,2023,141375725,1,1,2,1,11,3,3,0,0,1,0,0,9,1,E01007648,3,1,0.0,1.0,-1,1,40,1,1,1,08:10,5,2,9
2023231330933,2023,231330933,2,1,1,2,62,9,3,0,0,0,0,0,9,5,E01031203,3,1,0.0,1.0,-1,6,40,1,1,1,15:00,3,3,9
2023031282872,2023,031282872,1,1,3,2,69,10,3,5,9,0,0,0,0,-1,-1,3,1,0.0,1.0,-1,6,20,1,1,1,13:25,6,1,19
2023010426680,2023,010426680,2,1,1,1,38,7,3,0,0,0,0,0,3,3,E01004600,-1,0,0.0,1.0,-1,2,20,8,4,1,20:51,7,2,3
2023440008025,2023,440008025,1,1,1,1,38,7,3,0,0,0,0,0,19,-1,-1,-1,0,0.15685,0.84315,-1,6,30,1,4,2,02:13,7,1,19
2023101299928,2023,101299928,1,1,2,2,20,4,3,0,0,1,0,0,9,2,E01008203,3,1,0.0,1.0,-1,6,30,1,7,1,00:45,7,1,9
2023421365486,2023,421365486,2,1,1,2,24,5,3,0,0,0,0,0,9,8,E01021521,3,1,0.0,1.0,-1,6,30,1,1,1,17:05,7,4,9
2023010446411,2023,010446411,1,1,1,1,18,4,3,0,0,0,0,0,3,7,E01003371,-1,0,0.0,1.0,-1,6,20,1,1,1,14:25,5,2,3
2023061285032,2023,061285032,1,1,3,2,11,3,3,10,9,0,0,2,0,2,E01005030,3,1,0.0,1.0,-1,3,30,1,1,1,11:30,4,1,9
2023411289460,2023,411289460,1,2,2,2,38,7,3,0,0,-1,0,0,9,5,E01000592,3,1,0.0,1.0,-1,6,30,1,1,1,09:05,7,2,9
2023411341445,2023,411341445,2,2,2,1,19,4,3,0,0,1,0,0,9,2,E01019543,3,1,0.0,1.0,-1,6,30,1,4,2,21:58,4,2,9
2023461379895,2023,461379895,1,1,1,1,60,9,3,0,0,0,0,0,9,5,E01024598,3,1,0.0,1.0,-1,7,50,2,1,2,16:35,4,1,9
2023430069511,2023,430069511,2,1,1,1,39,7,3,0,0,0,0,0,1,4,E01016359,-1,0,0.17361,0.82639,-1,3,40,1,1,1,17:10,3,2,1
2023501324546,2023,501324546,1,1,1,1,54,8,2,0,0,0,0,0,1,7,E01018795,7,1,1.0,0.0,-1,1,30,2,1,2,15:52,6,2,1
2023010424441,2023,010424441,1,1,2,2,15,3,3,0,0,0,0,0,19,7,E01004512,-1,0,0.0,1.0,-1,6,30,1,1,1,14:53,1,1,19
2023010480077,2023,010480077,1,1,3,2,52,8,3,8,3,0,0,0,0,1,E01003503,-1,0,0.0,1.0,-1,6,30,1,1,1,12:10,7,1,9
2023231325342,2023,231325342,1,2,3,1,28,6,2,6,7,0,0,0,0,-1,-1,6,1,1.0,0.0,-1,6,50,1,1,1,06:44,7,1,9
2023010477731,2023,010477731,2,1,1,1,35,6,3,0,0,0,0,0,4,2,E01003582,-1,0,0.0,1.0,-1,3,20,1,1,2,16:00,2,2,4
2023122300799,2023,122300799,1,1,3,2,38,7,3,10,9,0,0,0,0,8,E01013392,-1,0,0.05932,0.94068,-1,9,20,2,1,2,19:40,7,1,9
2023440192007,2023,440192007,1,1,3,1,61,9,3,6,9,0,0,0,0,9,E01022719,-1,0,0.09305,0.90695,-1,6,30,1,1,1,08:25,1,1,19
2023991261245,2023,991261245,1,1,3,2,67,10,3,8,1,0,0,0,0,2,-1,3,1,0.0,1.0,-1,3,30,1,4,2,16:50,2,1,9
2023070501962,2023,070501962,2,1,1,1,49,8,2,0,0,0,0,0,5,-1,-1,-1,0,1.0,0.0,-1,6,60,1,1,1,15:50,7,2,5
2023010456146,2023,010456146,1,1,3,2,33,6,3,6,9,0,0,0,0,2,E01000223,-1,0,0.0,1.0,-1,6,30,1,1,1,17:14,4,1,19
2023010451964,2023,010451964,1,1,1,1,44,7,3,0,0,0,0,0,1,3,E01032786,-1,0,0.0,1.0,-1,6,20,1,1,1,20:20,3,2,1
2023471345354,2023,471345354,1,1,1,1,24,5,2,0,0,0,0,0,1,8,E01031840,7,1,1.0,0.0,-1,6,30,1,1,1,08:30,6,2,1
2023010437547,2023,010437547,1,1,2,2,66,10,3,0,0,0,4,0,11,2,E01033341,-1,0,0.0,1.0,-1,6,30,1,1,1,10:05,7,1,11
2023010425145,2023,010425145,1,1,1,1,27,6,3,0,0,0,0,0,9,-1,-1,-1,0,0.0,1.0,-1,3,50,1,1,1,07:35,6,4,9
2023061330712,2023,061330712,1,1,2,1,11,3,2,0,0,1,0,0,9,10,E01006139,7,1,1.0,0.0,-1,6,20,2,1,2,17:00,3,2,9
2023010482768,2023,010482768,1,2,3,2,45,7,3,10,9,0,0,0,0,-1,-1,-1,0,0.0,1.0,-1,2,20,8,4,2,21:40,5,1,8
2023440200459,2023,440200459,2,1,3,2,49,8,3,6,9,0,0,0,0,7,E01023082,-1,0,0.12424,0.87576,-1,6,30,1,1,1,13:00,1,2,8
2023010486573,2023,010486573,1,1,3,1,24,5,3,9,9,0,0,0,0,3,E01004756,-1,0,0.0,1.0,-1,6,20,1,4,1,03:00,7,1,9
2023471402509,2023,471402509,1,1,3,1,-1,-1,3,5,1,0,0,0,0,-1,-1,3,1,0.0,1.0,-1,6,20,9,1,2,14:20,3,1,11
2023010441844,2023,010441844,1,1,1,2,41,7,3,0,0,0,0,0,9,3,E01001774,-1,0,0.0,1.0,-1,3,40,1,4,2,20:50,2,2,9
2023010454233,2023,010454233,1,1,2,2,29,6,3,0,0,1,0,0,9,6,E01000691,-1,0,0.0,1.0,-1,6,30,1,1,1,06:30,2,2,9
2023010459606,2023,010459606,1,1,1,1,34,6,3,0,0,0,0,0,9,4,E01021802,-1,0,0.0,1.0,-1,6,30,1,4,2,21:10,3,1,9
2023351376590,2023,351376590,2,1,1,2,45,7,3,0,0,0,0,0,9,1,E01016743,3,1,0.0,1.0,-1,3,70,1,1,1,10:30,6,2,9
2023471350404,2023,471350404,2,1,1,2,39,7,3,0,0,0,0,0,9,2,E01021091,3,1,0.0,1.0,-1,1,30,1,1,1,09:17,5,2,9
202360A112332,2023,60A112332,1,1,1,1,26,6,1,0,0,0,0,0,9,-1,-1,-1,0,0.0,0.0,-1,6,30,1,4,1,02:21,2,1,9
2023461348595,2023,461348595,2,1,1,1,5,1,3,0,0,0,0,0,1,5,E01032654,3,1,0.0,1.0,-1,6,30,1,1,1,18:45,3,2,1
2023471289507,2023,471289507,2,1,1,1,59,9,3,0,0,0,0,0,1,5,E01021121,3,1,0.0,1.0,-1,6,60,1,1,1,16:30,6,2,1