collision_index,collision_year,collision_ref_no,vehicle_reference,casualty_reference,casualty_class,sex_of_casualty,age_of_casualty,age_band_of_casualty,casualty_severity,pedestrian_location,pedestrian_movement,car_passenger,bus_or_coach_passenger,pedestrian_road_maintenance_worker,casualty_type,casualty_imd_decile,lsoa_of_casualty,enhanced_casualty_severity,casualty_injury_based,casualty_adjusted_severity_serious,casualty_adjusted_severity_slight,casualty_distance_banding,road_type,speed_limit,weather_conditions,light_conditions,road_surface_conditions,time,day_of_week,number_of_vehicles,vehicle_type
2023010424445,2023,010424445,1,1,2,1,18,4,3,0,0,1,0,0,9,3,E01002350,-1,0,0.0,1.0,-1,6,30,1,4,1,21:15,2,1,9
2023052302790,2023,052302790,2,2,1,2,45,7,3,0,0,0,0,0,9,2,E01007125,-1,0,0.05143,0.94857,-1,6,30,1,1,1,07:26,3,2,9
2023991361284,2023,991361284,1,1,1,1,59,9,3,0,0,0,0,0,9,-1,-1,3,1,0.0,1.0,-1,3,70,1,1,1,11:50,2,2,9
2023451345025,2023,451345025,1,1,1,1,37,7,3,0,0,0,0,0,9,8,E01030474,3,1,0.0,1.0,-1,6,40,2,1,2,07:55,5,2,9
2023170H10193,2023,170H10193,2,1,1,2,27,6,3,0,0,0,0,0,9,4,E01033467,-1,0,0.04058,0.95942,-1,6,30,1,4,1,18:05,4,2,9
2023440019048,2023,440019048,3,2,2,2,39,7,3,0,0,1,0,0,9,10,E01032850,-1,0,0.03212,0.96788,-1,3,60,1,1,1,12:33,1,4,9
2023430341116,2023,430341116,1,1,1,1,43,7,3,0,0,0,0,0,9,4,E01002551,-1,0,0.01326,0.98674,-1,6,30,8,1,1,19:18,7,2,9
2023031375447,2023,031375447,1,2,1,2,60,9,3,0,0,0,0,0,9,-1,-1,3,1,0.0,1.0,-1,6,30,1,4,2,16:58,5,2,9
2023061306239,2023,061306239,2,1,1,2,33,6,3,0,0,0,0,0,9,4,E01005273,3,1,0.0,1.0,-1,6,30,1,1,1,08:50,4,2,9
2023101329602,2023,101329602,1,1,1,1,91,11,2,0,0,0,0,0,9,6,E01027484,6,1,1.0,0.0,-1,3,70,1,1,1,10:33,6,2,9
2023361334738,2023,361334738,2,3,2,2,8,2,3,0,0,2,0,0,9,-1,-1,3,1,0.0,1.0,-1,6,60,1,6,1,21:01,7,2,9
2023430020571,2023,430020571,1,1,1,1,45,7,3,0,0,0,0,0,9,1,E01016744,-1,0,0.05325,0.94675,-1,3,70,1,7,1,18:34,7,2,9
2023440288274,2023,440288274,2,1,1,2,23,5,3,0,0,0,0,0,9,4,E01017217,-1,0,0.0334,0.9666,-1,6,30,1,1,1,08:02,3,2,9
2023461337124,2023,461337124,2,2,1,2,83,11,3,0,0,0,0,0,9,5,E01024638,3,1,0.0,1.0,-1,6,60,1,1,1,11:52,3,2,9
2023471305864,2023,471305864,2,2,1,1,74,10,3,0,0,0,0,0,9,8,E01021176,3,1,0.0,1.0,-1,3,70,1,1,1,07:49,4,2,9
2023031316837,2023,031316837,1,2,1,2,22,5,3,0,0,0,0,0,9,6,E01029881,3,1,0.0,1.0,-1,7,60,1,1,1,12:27,6,2,9
2023320312080,2023,320312080,2,1,1,2,33,6,3,0,0,0,0,0,9,9,E01026231,-1,0,0.01222,0.98778,-1,6,30,1,1,1,08:30,2,2,9
2023522400141,2023,522400141,1,1,1,1,35,6,3,0,0,0,0,0,9,3,E01014807,-1,0,0.07771,0.92229,-1,6,30,2,4,2,03:00,6,3,9
2023122301428,2023,122301428,1,1,3,1,60,9,3,5,1,0,0,0,0,1,E01027847,-1,0,0.14162,0.85838,-1,6,30,1,1,2,13:38,1,1,8
2023461270506,2023,461270506,2,3,2,2,60,9,3,0,0,0,0,0,19,2,E01024135,3,1,0.0,1.0,-1,6,60,1,6,1,17:25,7,2,19
2023010458057,2023,010458057,1,1,1,1,28,6,3,0,0,0,0,0,9,5,E01003173,-1,0,0.0,1.0,-1,9,20,1,1,1,10:00,1,2,9
2023991292574,2023,991292574,1,1,1,1,27,6,3,0,0,0,0,0,9,8,-1,3,1,0.0,1.0,-1,6,60,2,1,2,16:40,6,1,9
2023451278178,2023,451278178,1,1,1,1,26,6,2,0,0,0,0,0,19,8,E01016610,7,1,1.0,0.0,-1,6,30,1,4,1,05:22,2,2,19
2023101355626,2023,101355626,2,1,1,1,19,4,2,0,0,0,0,0,97,2,E01027528,7,1,1.0,0.0,-1,6,30,1,4,1,22:15,7,2,97
2023010476698,2023,010476698,2,1,2,1,13,3,3,0,0,1,0,0,9,5,E01000450,-1,0,0.0,1.0,-1,6,30,2,1,2,15:00,4,2,9
2023141295924,2023,141295924,1,2,2,1,8,2,3,0,0,2,0,0,9,5,E01007501,3,1,0.0,1.0,-1,6,30,1,1,1,17:00,3,2,9
2023361381421,2023,361381421,2,1,1,2,76,11,3,0,0,0,0,0,9,6,E01026457,3,1,0.0,1.0,-1,6,40,1,1,2,14:48,6,2,9
2023451312356,2023,451312356,1,1,1,1,52,8,3,0,0,0,0,0,9,8,E01030384,3,1,0.0,1.0,-1,6,30,1,1,1,13:00,1,2,9
2023531332060,2023,531332060,1,5,1,2,35,6,3,0,0,0,0,0,9,10,E01031934,3,1,0.0,1.0,-1,7,60,1,6,1,23:09,6,2,9
2023010470250,2023,010470250,2,1,1,2,47,8,2,0,0,0,0,0,1,5,E01004644,-1,0,1.0,0.0,-1,6,20,1,1,1,14:28,5,2,1
2023010430735,2023,010430735,2,1,1,1,34,6,3,0,0,0,0,0,3,2,E01002046,-1,0,0.0,1.0,-1,6,30,1,4,2,18:39,2,2,3
2023201453575,2023,201453575,1,1,3,2,18,4,3,5,3,0,0,2,0,2,E01010266,3,1,0.0,1.0,-1,6,30,4,1,2,12:25,7,1,9
2023451382059,2023,451382059,1,1,1,2,84,11,3,0,0,0,0,0,9,10,E01016706,3,1,0.0,1.0,-1,6,30,1,1,2,13:50,1,1,9
2023461275970,2023,461275970,1,1,1,2,41,7,3,0,0,0,0,0,9,4,E01024262,3,1,0.0,1.0,-1,6,40,1,1,1,08:30,2,2,9
2023311285725,2023,311285725,1,1,1,1,40,7,3,0,0,0,0,0,19,2,E01028313,3,1,0.0,1.0,-1,6,30,3,1,2,14:50,6,2,19
2023221364733,2023,221364733,1,2,2,1,18,4,3,0,0,2,0,0,9,1,E01010063,3,1,0.0,1.0,-1,7,60,1,1,1,12:37,2,2,9
2023332301302,2023,332301302,1,1,1,2,58,9,2,0,0,0,0,0,9,7,E01025825,-1,0,1.0,0.0,-1,6,50,1,1,2,15:30,1,3,9
2023440277697,2023,440277697,2,2,1,2,59,9,3,0,0,0,0,0,9,9,E01022768,-1,0,0.03383,0.96617,-1,1,30,1,1,1,08:22,3,3,9
2023520301218,2023,520301218,2,2,1,1,36,7,3,0,0,0,0,0,9,4,E01015007,-1,0,0.03697,0.96303,-1,6,30,1,1,1,05:10,4,2,9
2023411368587,2023,411368587,1,1,1,1,66,10,2,0,0,0,0,0,1,6,E01000267,6,1,1.0,0.0,-1,6,30,1,1,-1,08:45,1,1,1
2023052301995,2023,052301995,1,1,3,1,52,8,3,6,9,0,0,0,0,1,E01006847,-1,0,0.07839,0.92161,-1,6,30,1,4,1,19:00,5,1,9
2023061285622,2023,061285622,1,1,3,1,12,3,2,5,3,0,0,0,0,-1,-1,7,1,1.0,0.0,-1,6,30,1,1,1,15:08,6,1,9
202360A045207,2023,60A045207,1,1,3,2,48,8,3,10,9,0,0,0,0,-1,-1,-1,0,0.15238,0.84762,-1,6,30,1,1,1,17:15,4,1,22
2023010476304,2023,010476304,1,1,1,2,48,8,3,0,0,0,0,0,9,7,E01024037,-1,0,0.0,1.0,-1,2,20,1,1,1,18:34,2,2,9
2023052301887,2023,052301887,1,1,2,2,11,3,3,0,0,2,0,0,9,6,-1,-1,0,0.02841,0.97159,-1,3,30,1,1,1,15:35,7,2,9
2023332300854,2023,332300854,1,1,2,2,10,2,3,0,0,2,0,0,9,-1,-1,-1,0,0.00293,0.99707,-1,6,20,1,4,1,20:35,4,2,9
2023361362018,2023,361362018,1,2,2,2,77,11,3,0,0,1,0,0,9,5,E01026870,3,1,0.0,1.0,-1,6,40,1,1,1,13:55,2,1,9
2023991354604,2023,991354604,2,2,1,1,21,5,3,0,0,0,0,0,9,8,-1,3,1,0.0,1.0,-1,6,50,1,1,1,10:45,1,2,9
2023010457250,2023,010457250,2,1,1,1,25,5,3,0,0,0,0,0,1,7,E01004553,-1,0,0.0,1.0,-1,1,20,1,4,1,23:05,3,2,1
2023010462172,2023,010462172,1,1,1,2,32,6,3,0,0,0,0,0,9,3,E01033593,-1,0,0.0,1.0,-1,2,30,1,4,9,21:30,4,3,9
2023052302724,2023,052302724,1,1,1,1,33,6,3,0,0,0,0,0,9,2,E01006970,-1,0,0.02933,0.97067,-1,6,20,4,1,2,18:30,2,2,9
2023461370066,2023,461370066,2,1,2,1,6,2,3,0,0,2,0,0,9,-1,-1,3,1,0.0,1.0,-1,6,30,1,1,1,16:30,1,2,9
202360A039096,2023,60A039096,1,1,1,1,23,5,3,0,0,0,0,0,9,-1,-1,-1,0,0.16091,0.83909,-1,3,70,1,4,2,02:25,7,1,9
2023451355683,2023,451355683,1,1,1,1,20,4,3,0,0,0,0,0,19,9,E01023050,3,1,0.0,1.0,-1,7,70,1,1,1,14:00,6,4,19
2023010463251,2023,010463251,1,1,1,1,33,6,3,0,0,0,0,0,1,2,E01001250,-1,0,0.0,1.0,-1,3,20,1,1,1,23:17,4,2,1
2023411358372,2023,411358372,1,1,1,1,66,10,2,0,0,0,0,0,4,7,E01023719,7,1,1.0,0.0,-1,3,70,1,1,1,12:34,1,1,4
2023302300809,2023,302300809,2,1,1,1,47,8,3,0,0,0,0,0,9,9,E01019599,-1,0,0.04209,0.95791,-1,6,60,1,1,1,07:48,2,2,9
2023351323925,2023,351323925,2,2,1,1,50,8,3,0,0,0,0,0,9,9,E01032611,3,1,0.0,1.0,-1,6,30,2,1,2,06:45,3,2,9
2023501307100,2023,501307100,2,1,1,1,25,5,3,0,0,0,0,0,9,3,E01018942,3,1,0.0,1.0,-1,6,60,1,1,2,14:00,3,2,9
2023411273872,2023,411273872,1,1,3,2,84,11,2,10,9,0,0,0,0,9,E01023557,5,1,1.0,0.0,-1,6,30,1,4,1,18:20,3,1,19
2023552300363,2023,552300363,1,1,3,2,12,3,3,1,1,0,0,0,0,4,E01020574,-1,0,0.05592,0.94408,-1,2,30,1,1,1,17:12,6,1,9
2023351388277,2023,351388277,1,1,1,2,71,10,3,0,0,0,0,0,1,9,E01018054,3,1,0.0,1.0,-1,6,30,1,1,1,10:15,1,2,1
2023332300946,2023,332300946,2,1,1,1,18,4,2,0,0,0,0,0,3,8,E01025942,-1,0,1.0,0.0,-1,6,60,1,1,1,16:45,5,2,3
2023501341072,2023,501341072,1,1,1,1,24,5,2,0,0,0,0,0,3,5,E01020006,7,1,1.0,0.0,-1,6,30,1,1,1,19:16,7,1,3
2023122300836,2023,122300836,1,1,1,2,68,10,3,0,0,0,0,0,9,1,E01027847,-1,0,0.0978,0.9022,-1,6,40,1,1,1,11:30,6,3,9
2023451339611,2023,451339611,2,2,1,1,43,7,3,0,0,0,0,0,9,6,E01031676,3,1,0.0,1.0,-1,6,60,2,1,2,15:10,3,3,9
2023010447339,2023,010447339,1,1,1,1,35,6,3,0,0,0,0,0,3,9,E01000765,-1,0,0.0,1.0,-1,2,20,1,1,1,11:10,7,2,3
2023010440949,2023,010440949,1,1,1,1,20,4,3,0,0,0,0,0,4,3,E01001243,-1,0,0.0,1.0,-1,6,20,1,1,1,19:38,4,2,4
2023041343008,2023,041343008,1,1,1,2,33,6,3,0,0,0,0,0,9,2,E01025244,3,1,0.0,1.0,-1,3,40,1,1,1,08:15,6,2,9
2023231374697,2023,231374697,2,1,1,2,28,6,3,0,0,0,0,0,9,6,E01031018,3,1,0.0,1.0,-1,6,60,1,6,1,16:54,3,2,9
2023332300598,2023,332300598,1,1,1,2,26,6,3,0,0,0,0,0,9,2,E01013690,-1,0,0.01138,0.98862,-1,6,30,1,1,1,08:02,3,2,9
2023430002693,2023,430002693,1,1,1,1,24,5,1,0,0,0,0,0,9,7,E01028750,-1,0,0.0,0.0,-1,3,70,2,1,2,09:17,3,1,9
2023461275305,2023,461275305,1,1,2,2,19,4,2,0,0,2,0,0,9,6,E01000414,5,1,1.0,0.0,-1,6,40,1,4,2,22:50,7,2,9
2023471392799,2023,471392799,2,2,1,2,57,9,3,0,0,0,0,0,9,8,E01022944,3,1,0.0,1.0,-1,6,30,1,1,2,11:50,5,2,9
2023010476468,2023,010476468,2,1,1,1,43,7,2,0,0,0,0,0,3,2,E01002053,-1,0,1.0,0.0,-1,2,20,1,4,1,14:30,3,3,3
2023070284014,2023,070284014,1,1,1,1,29,6,3,0,0,0,0,0,19,2,E01018546,-1,0,0.02579,0.97421,-1,1,40,1,1,1,06:51,3,2,19
2023041378063,2023,041378063,1,1,3,2,82,11,3,10,9,0,0,0,0,4,E01025172,3,1,0.0,1.0,-1,6,30,1,1,1,11:10,5,1,9
2023010433509,2023,010433509,1,1,3,1,51,8,2,9,7,0,0,0,0,4,E01023574,-1,0,1.0,0.0,-1,6,20,5,4,2,01:14,4,1,9
2023451367416,2023,451367416,1,1,3,1,27,6,3,1,3,0,0,0,0,9,E01030428,3,1,0.0,1.0,-1,6,30,1,1,2,12:27,5,1,9
2023421351861,2023,421351861,1,1,3,1,32,6,3,6,9,0,0,0,0,-1,-1,3,1,0.0,1.0,-1,6,20,2,4,2,01:55,4,3,8
2023201297960,2023,201297960,2,1,1,1,39,7,3,0,0,0,0,0,9,7,E01009439,3,1,0.0,1.0,-1,6,30,1,1,1,17:35,5,3,9
2023440500244,2023,440500244,1,1,1,1,19,4,3,0,0,0,0,0,9,3,E01022959,-1,0,0.07012,0.92988,-1,6,30,5,4,2,16:33,5,2,9
2023461285013,2023,461285013,1,1,1,2,40,7,3,0,0,0,0,0,9,6,E01024023,3,1,0.0,1.0,-1,6,30,1,1,2,14:46,3,1,9
2023010485612,2023,010485612,1,1,3,2,23,5,2,5,3,0,0,0,0,5,E01000474,-1,0,1.0,0.0,-1,6,30,4,4,1,18:17,6,1,9
2023161369395,2023,161369395,1,1,3,2,25,5,3,4,3,0,0,0,0,8,E01013040,3,1,0.0,1.0,-1,6,30,2,4,2,23:34,7,1,-1
2023991273050,2023,991273050,1,1,3,1,64,9,1,5,3,0,0,0,0,1,-1,1,1,0.0,0.0,-1,6,30,1,4,1,20:30,2,1,9
2023531310924,2023,531310924,2,1,1,1,19,4,3,0,0,0,0,0,1,7,E01022355,3,1,0.0,1.0,-1,6,30,1,1,1,13:45,5,2,1
2023131375100,2023,131375100,2,1,1,1,56,9,3,0,0,0,0,0,9,4,E01010637,3,1,0.0,1.0,-1,3,70,3,1,2,13:56,3,2,9
2023332300433,2023,332300433,1,1,1,1,48,8,3,0,0,0,0,0,9,1,E01013760,-1,0,0.00759,0.99241,-1,1,30,1,4,1,00:50,2,2,9
2023451308140,2023,451308140,2,3,2,2,38,7,3,0,0,1,0,0,9,-1,-1,3,1,0.0,1.0,-1,3,70,1,6,1,23:00,3,2,9
2023622300384,2023,622300384,1,1,1,1,77,11,3,0,0,0,0,0,9,1,W01000817,-1,0,0.07136,0.92864,-1,6,30,1,1,1,14:30,1,3,9
2023041309160,2023,041309160,2,1,1,1,31,6,3,0,0,0,0,0,90,4,E01025024,3,1,0.0,1.0,-1,6,30,1,1,1,12:17,1,2,90
2023010436930,2023,010436930,1,1,3,2,34,6,3,1,1,0,0,0,0,3,E01001365,-1,0,0.0,1.0,-1,6,30,2,4,2,21:30,3,1,9
2023010435153,2023,010435153,1,1,1,1,52,8,3,0,0,0,0,0,5,7,E01000986,-1,0,0.0,1.0,-1,6,30,2,4,2,05:55,6,2,5
2023010485631,2023,010485631,1,1,1,1,36,7,3,0,0,0,0,0,9,4,E01003758,-1,0,0.0,1.0,-1,7,20,1,4,1,19:55,6,2,9
2023471381514,2023,471381514,1,1,1,2,74,10,3,0,0,0,0,0,9,6,E01031513,3,1,0.0,1.0,-1,6,30,1,4,2,20:00,6,3,9
2023501392226,2023,501392226,2,1,1,2,20,4,3,0,0,0,0,0,9,5,E01019066,3,1,0.0,1.0,-1,6,60,1,1,2,12:17,3,2,9
2023101351616,2023,101351616,2,1,1,2,40,7,3,0,0,0,0,0,9,7,E01008364,3,1,0.0,1.0,-1,6,30,1,1,1,10:55,7,2,9
2023461284115,2023,461284115,2,1,1,2,36,7,3,0,0,0,0,0,9,4,E01032800,3,1,0.0,1.0,-1,6,30,1,4,1,16:35,1,2,9
2023471259651,2023,471259651,1,2,1,2,-1,-1,3,0,0,0,0,0,9,3,E01031347,3,1,0.0,1.0,-1,6,50,2,1,2,08:20,4,3,9
2023531393380,2023,531393380,2,1,1,2,34,6,3,0,0,0,0,0,9,9,E01022378,3,1,0.0,1.0,-1,3,40,4,1,2,16:18,7,2,9
2023221343696,2023,221343696,1,1,3,2,50,8,3,9,5,0,0,0,0,9,E01032207,3,1,0.0,1.0,-1,6,30,1,1,1,14:10,6,1,9
2023141339375,2023,141339375,1,1,1,2,45,7,3,0,0,0,0,0,9,-1,-1,3,1,0.0,1.0,-1,6,20,1,1,1,11:10,3,2,9
2023471306338,2023,471306338,2,1,1,2,22,5,3,0,0,0,0,0,9,8,E01024839,3,1,0.0,1.0,-1,6,30,9,1,1,08:10,5,2,9
2023991341577,2023,991341577,1,1,1,2,58,9,1,0,0,0,0,0,9,3,-1,1,1,0.0,0.0,-1,6,40,1,1,1,12:33,2,2,9
2023010449318,2023,010449318,2,1,1,2,38,7,2,0,0,0,0,0,1,3,E01004045,-1,0,1.0,0.0,-1,6,30,1,1,1,17:05,5,2,1
2023461268204,2023,461268204,2,1,1,1,59,9,3,0,0,0,0,0,3,6,E01024276,3,1,0.0,1.0,-1,6,40,1,1,1,22:25,1,2,3
2023471324498,2023,471324498,2,1,1,2,75,10,3,0,0,0,0,0,9,5,E01021120,3,1,0.0,1.0,-1,6,30,1,1,1,14:29,6,2,9
2023440205004,2023,440205004,2,1,1,1,23,5,3,0,0,0,0,0,19,10,E01022595,-1,0,0.03431,0.96569,-1,6,30,1,1,1,10:51,4,2,19
2023141329355,2023,141329355,2,1,1,1,37,7,3,0,0,0,0,0,97,4,E01007545,3,1,0.0,1.0,-1,6,60,1,1,1,08:54,6,2,97
2023991346119,2023,991346119,1,1,1,1,41,7,2,0,0,0,0,0,90,-1,-1,7,1,1.0,0.0,-1,6,20,1,1,1,07:50,2,1,90
2023411284446,2023,411284446,1,1,3,1,45,7,3,6,9,0,0,0,0,6,E01023784,3,1,0.0,1.0,-1,6,30,1,6,1,00:06,1,1,9
2023010476147,2023,010476147,1,1,2,1,34,6,3,0,0,1,0,0,8,-1,-1,-1,0,0.0,1.0,-1,6,30,9,7,9,21:42,1,2,8
2023010424953,2023,010424953,1,1,3,1,13,3,3,9,7,0,0,0,0,6,E01002630,-1,0,0.0,1.0,-1,1,20,1,4,2,20:00,6,1,9
2023161304137,2023,161304137,1,1,3,1,84,11,2,8,9,0,0,2,0,6,E01012961,7,1,1.0,0.0,-1,6,20,1,1,1,15:15,5,1,9
2023320405109,2023,320405109,1,1,1,1,15,3,3,0,0,0,0,0,1,10,E01026413,-1,0,0.11234,0.88766,-1,6,30,1,1,1,15:00,7,2,1
2023522400485,2023,522400485,1,1,1,1,24,5,3,0,0,0,0,0,3,4,E01014675,-1,0,0.02597,0.97403,-1,6,20,1,1,1,15:00,5,2,3
2023361338499,2023,361338499,2,3,2,1,38,7,2,0,0,1,0,0,9,3,E01023954,6,1,1.0,0.0,-1,6,60,2,1,2,13:21,7,3,9
2023471383645,2023,471383645,2,1,1,2,31,6,3,0,0,0,0,0,9,9,E01022958,3,1,0.0,1.0,-1,6,30,1,1,1,13:00,5,2,9
2023371292418,2023,371292418,2,2,1,1,74,10,3,0,0,0,0,0,9,5,E01030229,3,1,0.0,1.0,-1,6,30,2,1,2,10:00,6,3,9
2023461379770,2023,461379770,1,1,1,1,47,8,3,0,0,0,0,0,19,7,E01024719,3,1,0.0,1.0,-1,3,70,1,1,1,10:30,3,2,19
2023440089596,2023,440089596,1,1,3,2,10,2,2,5,1,0,0,0,0,6,E01017015,-1,0,1.0,0.0,-1,3,40,1,1,1,11:14,1,1,9
2023101308081,2023,101308081,2,1,1,1,19,4,3,0,0,0,0,0,3,7,E01027473,3,1,0.0,1.0,-1,1,60,9,1,1,11:05,1,2,3
2023361393200,2023,361393200,2,1,1,1,52,8,3,0,0,0,0,0,9,10,E01026521,3,1,0.0,1.0,-1,6,30,1,1,2,11:45,6,2,9
2023421386938,2023,421386938,2,1,1,1,61,9,3,0,0,0,0,0,9,6,E01015826,3,1,0.0,1.0,-1,6,30,1,4,1,17:04,2,2,9
2023010420205,2023,010420205,1,2,2,1,31,6,3,0,0,1,0,0,9,1,E01005434,-1,0,0.0,1.0,-1,3,70,1,4,2,00:17,1,1,9
2023201358377,2023,201358377,2,1,1,1,24,5,2,0,0,0,0,0,9,3,E01009302,7,1,1.0,0.0,-1,3,40,1,4,1,00:09,7,2,9
2023311367354,2023,311367354,1,2,1,1,71,10,3,0,0,0,0,0,9,9,E01028010,3,1,0.0,1.0,-1,6,60,8,1,2,14:42,5,3,9
2023332301272,2023,332301272,1,1,1,2,49,8,3,0,0,0,0,0,9,6,E01013495,-1,0,0.08326,0.91674,-1,3,70,2,4,2,03:45,6,1,9
2023451355949,2023,451355949,1,1,1,2,50,8,3,0,0,0,0,0,9,7,E01030402,3,1,0.0,1.0,-1,6,30,1,1,1,15:00,1,2,9
2023991377174,2023,991377174,1,1,1,1,37,7,3,0,0,0,0,0,19,5,-1,3,1,0.0,1.0,-1,3,30,1,4,1,18:30,2,2,19
2023010447603,2023,010447603,1,1,1,1,23,5,3,0,0,0,0,0,3,4,E01000570,-1,0,0.0,1.0,-1,9,20,1,1,1,16:20,3,2,3
2023010458759,2023,010458759,1,1,1,2,23,5,3,0,0,0,0,0,9,4,E01001137,-1,0,0.0,1.0,-1,3,40,1,1,1,18:30,5,2,9
2023221386909,2023,221386909,1,1,1,1,21,5,3,0,0,0,0,0,9,4,E01014034,3,1,0.0,1.0,-1,6,30,1,4,2,04:01,1,1,9
2023471282323,2023,471282323,2,2,1,1,43,7,3,0,0,0,0,0,9,5,E01024796,3,1,0.0,1.0,-1,6,60,1,1,2,07:24,5,3,9
2023052301835,2023,052301835,1,1,2,1,21,5,3,0,0,1,0,0,9,3,E01006996,-1,0,0.15967,0.84033,-1,6,30,2,1,2,05:57,1,1,9
2023052301940,2023,052301940,2,1,1,1,59,9,3,0,0,0,0,0,9,6,E01006596,-1,0,0.0604,0.9396,-1,6,30,1,1,1,14:00,6,2,9
2023070678759,2023,070678759,1,1,1,1,69,10,3,0,0,0,0,0,9,10,E01018590,-1,0,0.05642,0.94358,-1,6,30,2,1,2,10:41,6,2,9
2023361267356,2023,361267356,1,1,1,1,21,5,3,0,0,0,0,0,9,6,E01026876,3,1,0.0,1.0,-1,6,30,8,6,4,17:45,3,2,9
202363A016123,2023,63A016123,1,1,1,1,32,6,3,0,0,0,0,0,9,7,W01000690,-1,0,0.06537,0.93463,-1,6,30,1,1,1,09:13,7,2,9
2023211277293,2023,211277293,1,1,3,2,35,6,3,6,9,0,0,0,0,1,E01014210,3,1,0.0,1.0,-1,6,30,1,1,1,09:00,2,1,9
2023010484954,2023,010484954,1,1,1,1,41,7,3,0,0,0,0,0,1,2,E01003598,-1,0,0.0,1.0,-1,6,20,2,1,2,14:49,3,2,1
2023320198274,2023,320198274,2,1,1,1,31,6,3,0,0,0,0,0,1,5,E01026264,-1,0,0.0818,0.9182,-1,1,40,1,1,1,07:25,5,2,1
2023010423828,2023,010423828,6,4,1,1,58,9,3,0,0,0,0,0,9,3,E01002587,-1,0,0.0,1.0,-1,3,20,1,1,1,12:21,6,6,9
2023141304551,2023,141304551,1,1,1,1,22,5,2,0,0,0,0,0,9,1,E01016843,7,1,1.0,0.0,-1,6,60,1,4,2,02:25,7,1,9
2023622300144,2023,622300144,1,1,3,1,3,1,3,1,1,0,0,0,0,5,W01001717,-1,0,0.1031,0.8969,-1,6,20,1,1,1,11:42,4,1,9
2023622300604,2023,622300604,1,1,1,1,58,9,3,0,0,0,0,0,1,10,W01001854,-1,0,0.17753,0.82247,-1,6,20,1,1,1,06:47,4,2,1
2023131317572,2023,131317572,2,1,1,1,44,7,2,0,0,0,0,0,4,3,E01011172,7,1,1.0,0.0,-1,6,30,1,1,1,07:24,2,2,4
2023991294047,2023,991294047,1,1,2,2,52,8,2,0,0,1,0,0,9,2,-1,5,1,1.0,0.0,-1,3,40,2,1,2,11:30,4,2,9
2023471316800,2023,471316800,2,1,3,2,40,7,3,9,5,0,0,0,0,6,E01031477,3,1,0.0,1.0,-1,6,30,1,1,1,12:10,5,2,9
2023440392422,2023,440392422,2,1,1,1,46,8,2,0,0,0,0,0,3,6,E01023252,-1,0,1.0,0.0,-1,6,30,1,1,1,07:40,3,2,3
2023320532575,2023,320532575,1,1,2,2,43,7,3,0,0,1,0,0,9,-1,-1,-1,0,0.11033,0.88967,-1,6,60,1,1,1,10:40,1,1,9
2023332300404,2023,332300404,1,1,3,1,9,2,3,5,2,0,0,0,0,1,E01013723,-1,0,0.06823,0.93177,-1,6,30,1,1,1,19:43,7,1,9
2023052302790,2023,052302790,1,1,2,1,21,5,3,0,0,1,0,0,9,9,E01007284,-1,0,0.04878,0.95122,-1,6,30,1,1,1,07:26,3,2,9
2023231319296,2023,231319296,1,1,1,1,34,6,3,0,0,0,0,0,9,4,E01010556,3,1,0.0,1.0,-1,3,70,1,1,1,13:11,3,2,9
2023320743598,2023,320743598,2,1,1,1,28,6,3,0,0,0,0,0,9,1,E01026376,-1,0,0.0143,0.9857,-1,6,30,1,4,4,17:41,7,2,9
2023991389128,2023,991389128,4,1,1,2,23,5,3,0,0,0,0,0,9,-1,-1,3,1,0.0,1.0,-1,3,50,4,1,2,14:30,7,6,9
2023547905523,2023,547905523,2,2,1,1,26,6,3,0,0,0,0,0,19,2,E01014602,-1,0,0.04069,0.95931,-1,6,60,1,1,1,15:47,5,2,19
2023131355784,2023,131355784,1,3,2,1,5,1,2,0,0,2,0,0,9,8,E01011279,7,1,1.0,0.0,-1,3,70,2,1,2,14:55,1,2,9
2023531395642,2023,531395642,1,1,1,1,29,6,3,0,0,0,0,0,9,2,E01022292,3,1,0.0,1.0,-1,6,30,1,4,2,21:00,1,2,9
2023543786923,2023,543786923,2,1,1,1,37,7,3,0,0,0,0,0,9,6,E01032074,-1,0,0.00806,0.99194,-1,3,40,2,1,2,10:00,2,2,9
2023201389900,2023,201389900,1,1,3,1,53,8,3,6,9,0,0,2,0,3,E01008986,3,1,0.0,1.0,-1,6,30,1,1,1,15:30,1,1,9
2023501304109,2023,501304109,2,1,1,1,78,11,3,0,0,0,0,0,9,4,E01018880,3,1,0.0,1.0,-1,6,60,1,1,1,16:50,4,2,9
2023622300196,2023,622300196,1,1,3,2,12,3,3,1,3,0,0,0,0,6,W01001756,-1,0,0.05862,0.94138,-1,6,20,1,4,1,18:38,6,1,8
2023010459932,2023,010459932,2,2,1,2,32,6,3,0,0,0,0,0,9,2,E01002031,-1,0,0.0,1.0,-1,3,30,1,1,1,19:10,5,6,9
2023371301488,2023,371301488,2,1,1,1,48,8,3,0,0,0,0,0,9,5,E01029990,3,1,0.0,1.0,-1,6,30,1,4,2,22:52,6,2,9