collision_index,collision_year,collision_ref_no,vehicle_reference,casualty_reference,casualty_class,sex_of_casualty,age_of_casualty,age_band_of_casualty,casualty_severity,pedestrian_location,pedestrian_movement,car_passenger,bus_or_coach_passenger,pedestrian_road_maintenance_worker,casualty_type,casualty_imd_decile,lsoa_of_casualty,enhanced_casualty_severity,casualty_injury_based,casualty_adjusted_severity_serious,casualty_adjusted_severity_slight,casualty_distance_banding,road_type,speed_limit,weather_conditions,light_conditions,road_surface_conditions,time,day_of_week,number_of_vehicles,vehicle_type
2023991263594,2023,991263594,1,2,1,1,73,10,2,0,0,0,0,0,9,9,-1,6,1,1.0,0.0,-1,6,60,5,6,2,03:32,1,1,9
2023141367991,2023,141367991,1,1,3,2,29,6,2,9,5,0,0,0,0,1,E01007738,7,1,1.0,0.0,-1,6,30,1,1,1,14:20,7,1,9
2023061301066,2023,061301066,2,1,1,1,27,6,3,0,0,0,0,0,1,3,E01005241,3,1,0.0,1.0,-1,6,30,1,1,-1,09:10,3,2,1
2023010451973,2023,010451973,1,1,1,1,31,6,3,0,0,0,0,0,3,4,E01001247,-1,0,0.0,1.0,-1,9,30,9,1,9,18:40,3,2,3
2023061292888,2023,061292888,2,2,1,1,44,7,2,0,0,0,0,0,8,1,E01004877,7,1,1.0,0.0,-1,6,40,1,1,1,14:45,7,2,8
2023201347521,2023,201347521,1,1,1,1,61,9,3,0,0,0,0,0,9,-1,-1,3,1,0.0,1.0,-1,6,30,1,1,1,15:35,4,3,9
2023010472149,2023,010472149,1,1,3,1,29,6,3,5,1,0,0,0,0,1,E01000552,-1,0,0.0,1.0,-1,6,20,1,4,1,18:30,1,1,9
2023340WN0802,2023,340WN0802,1,1,3,1,81,11,3,5,1,0,0,0,0,-1,-1,-1,0,0.2094,0.7906,-1,2,30,1,1,1,14:30,4,1,9
2023010422336,2023,010422336,1,1,1,1,25,5,3,0,0,0,0,0,1,1,E01004285,-1,0,0.0,1.0,-1,6,20,1,4,1,18:33,5,2,1
2023351330907,2023,351330907,2,1,1,2,18,4,3,0,0,0,0,0,1,6,E01018304,3,1,0.0,1.0,-1,6,30,2,1,2,08:30,5,2,1
2023010476636,2023,010476636,1,1,1,2,30,6,3,0,0,0,0,0,9,5,E01003664,-1,0,0.0,1.0,-1,9,20,2,1,2,11:07,4,2,9
2023201409654,2023,201409654,1,1,1,1,18,4,3,0,0,0,0,0,9,9,E01031019,3,1,0.0,1.0,-1,1,30,1,1,1,12:15,2,4,9
2023320591920,2023,320591920,1,1,1,1,26,6,3,0,0,0,0,0,9,3,E01026033,-1,0,0.04521,0.95479,-1,6,30,1,1,1,08:20,7,2,9
202360A120670,2023,60A120670,1,2,2,1,17,4,3,0,0,1,0,0,9,-1,-1,-1,0,0.20281,0.79719,-1,6,60,2,6,2,01:49,2,1,9
2023471289494,2023,471289494,1,1,3,1,11,3,3,6,9,0,0,0,0,4,E01031598,3,1,0.0,1.0,-1,6,30,1,1,2,15:30,3,1,-1
2023170S11633,2023,170S11633,1,1,1,1,62,9,3,0,0,0,0,0,9,8,E01012189,-1,0,0.06492,0.93508,-1,6,30,1,1,1,12:34,6,2,9
2023440443364,2023,440443364,3,3,1,1,68,10,3,0,0,0,0,0,9,9,E01031878,-1,0,0.0427,0.9573,-1,6,60,1,1,2,08:36,2,3,9
2023421316987,2023,421316987,1,1,1,2,41,7,3,0,0,0,0,0,9,2,E01021699,3,1,0.0,1.0,-1,6,30,1,4,1,22:38,6,3,9
2023522401576,2023,522401576,1,1,3,1,36,7,2,9,7,0,0,0,0,7,E01014870,-1,0,1.0,0.0,-1,6,30,1,6,1,17:00,1,1,9
2023061378735,2023,061378735,3,2,1,1,63,9,3,0,0,0,0,0,9,3,E01006282,3,1,0.0,1.0,-1,3,70,1,4,1,22:37,6,7,9
2023111320855,2023,111320855,1,4,2,1,20,4,3,0,0,2,0,0,9,10,E01012315,3,1,0.0,1.0,-1,6,30,2,1,1,20:25,2,1,9
2023141287938,2023,141287938,1,1,3,1,66,10,2,5,9,0,0,0,0,8,E01007622,7,1,1.0,0.0,-1,6,30,1,1,1,11:50,6,1,9
2023122300467,2023,122300467,2,3,2,1,22,5,3,0,0,2,0,0,9,7,E01027677,-1,0,0.0589,0.9411,-1,6,60,1,1,1,17:50,1,2,9
2023131294410,2023,131294410,1,5,1,1,23,5,3,0,0,0,0,0,9,4,E01032489,3,1,0.0,1.0,-1,3,70,1,1,1,13:06,5,2,9
2023320514366,2023,320514366,1,1,1,1,40,7,3,0,0,0,0,0,9,-1,-1,-1,0,0.10014,0.89986,-1,6,30,1,7,1,00:40,7,2,9
2023401305352,2023,401305352,1,3,2,1,18,4,3,0,0,-1,0,0,9,3,E01017522,3,1,0.0,1.0,-1,6,30,8,7,1,02:41,7,3,9
2023461355870,2023,461355870,1,1,3,1,35,6,3,10,9,0,0,0,0,6,E01032653,3,1,0.0,1.0,-1,6,30,1,1,1,16:45,2,1,9
2023430092713,2023,430092713,2,1,1,1,17,4,3,0,0,0,0,0,1,-1,-1,-1,0,0.14884,0.85116,-1,6,40,1,1,1,09:13,4,2,1
2023041315587,2023,041315587,2,2,1,2,19,4,2,0,0,0,0,0,5,9,E01004803,6,1,1.0,0.0,-1,6,60,1,1,1,16:30,1,2,5
2023548186223,2023,548186223,1,1,1,1,52,8,3,0,0,0,0,0,9,2,E01015476,-1,0,0.0228,0.9772,-1,1,30,1,1,1,08:58,5,2,9
2023552300719,2023,552300719,1,1,2,2,83,11,3,0,0,2,0,0,9,7,E01020511,-1,0,0.06733,0.93267,-1,6,30,1,1,1,14:34,2,2,9
2023010420156,2023,010420156,1,1,3,1,25,5,3,5,1,0,0,0,0,5,E01000474,-1,0,0.0,1.0,-1,6,20,2,4,2,18:04,7,1,9
2023361332788,2023,361332788,1,1,3,2,51,8,3,6,8,0,0,-1,0,9,E01018201,3,1,0.0,1.0,-1,6,30,1,1,1,14:00,2,1,9
2023052302054,2023,052302054,2,2,2,2,52,8,3,0,0,1,0,0,9,6,E01006422,-1,0,0.0255,0.9745,-1,6,20,1,1,1,12:22,5,2,9
2023552301024,2023,552301024,1,2,2,2,30,6,3,0,0,2,0,0,9,-1,-1,-1,0,0.04601,0.95399,-1,6,40,1,1,1,19:27,2,3,9
2023610037323,2023,610037323,1,1,2,2,17,4,2,0,0,2,0,0,9,6,W01001463,-1,0,1.0,0.0,-1,1,30,2,7,2,04:30,6,1,9
2023010462101,2023,010462101,1,1,3,1,33,6,2,6,9,0,0,0,0,-1,-1,-1,0,1.0,0.0,-1,6,20,1,7,1,23:46,4,1,9
2023131342500,2023,131342500,2,1,1,1,29,6,3,0,0,0,0,0,9,3,E01015973,3,1,0.0,1.0,-1,1,30,1,1,1,05:28,4,2,9
2023010486311,2023,010486311,1,1,1,1,19,4,3,0,0,0,0,0,3,2,E01000796,-1,0,0.0,1.0,-1,6,20,1,1,1,11:45,5,2,3
2023471352541,2023,471352541,1,1,1,1,73,10,2,0,0,0,0,0,4,4,E01021127,7,1,1.0,0.0,-1,6,60,1,1,1,13:22,5,2,4
2023061326006,2023,061326006,2,1,1,2,36,7,3,0,0,0,0,0,9,1,E01005342,3,1,0.0,1.0,-1,6,30,1,1,1,09:57,7,2,9
2023131375823,2023,131375823,1,1,1,1,79,11,2,0,0,0,0,0,9,8,E01027895,5,1,1.0,0.0,-1,3,40,1,1,1,13:30,6,3,9
2023141315706,2023,141315706,1,1,1,1,18,4,3,0,0,0,0,0,9,6,E01007424,3,1,0.0,1.0,-1,6,30,1,4,1,22:46,3,3,9
2023421264452,2023,421264452,1,1,1,2,83,11,3,0,0,0,0,0,9,9,E01021568,3,1,0.0,1.0,-1,6,30,8,1,2,09:53,3,2,9
2023631382129,2023,631382129,1,1,1,1,33,6,3,0,0,0,0,0,9,3,W01000767,3,1,0.0,1.0,-1,6,20,2,4,2,00:47,2,4,9
2023141331158,2023,141331158,1,1,1,1,39,7,3,0,0,0,0,0,19,7,E01007615,3,1,0.0,1.0,-1,6,30,1,1,1,15:05,4,2,19
2023061373261,2023,061373261,1,1,3,1,38,7,2,5,1,0,0,0,0,-1,-1,6,1,1.0,0.0,-1,6,30,1,6,2,17:21,4,1,9
2023430161101,2023,430161101,1,1,3,1,38,7,2,5,1,0,0,0,0,7,E01016355,-1,0,1.0,0.0,-1,3,30,1,1,1,16:29,5,1,10
2023440318701,2023,440318701,1,2,2,2,71,10,3,0,0,1,0,0,9,6,E01022919,-1,0,0.02874,0.97126,-1,6,60,1,6,1,20:30,2,2,9
202360A185035,2023,60A185035,1,1,3,1,95,11,3,10,1,0,0,0,0,-1,-1,-1,0,0.25401,0.74599,-1,2,20,1,1,1,11:40,3,1,9
2023010449711,2023,010449711,1,1,1,1,19,4,3,0,0,0,0,0,1,4,E01031575,-1,0,0.0,1.0,-1,6,40,1,4,1,22:00,2,2,1
2023430514169,2023,430514169,1,1,1,1,26,6,2,0,0,0,0,0,5,2,E01028577,-1,0,1.0,0.0,-1,3,50,1,6,1,17:00,4,2,5
2023010430802,2023,010430802,1,1,1,2,34,6,3,0,0,0,0,0,9,3,E01000109,-1,0,0.0,1.0,-1,2,30,8,1,1,14:15,2,1,9
2023131376114,2023,131376114,1,1,1,2,59,9,3,0,0,0,0,0,9,1,E01011094,3,1,0.0,1.0,-1,6,30,1,1,1,07:00,7,1,9
2023231261540,2023,231261540,2,1,1,-1,63,9,3,0,0,0,0,0,9,2,E01031092,3,1,0.0,1.0,-1,6,30,2,1,2,11:15,7,2,9
2023520301339,2023,520301339,1,2,2,2,5,1,3,0,0,2,0,0,9,5,E01029255,-1,0,0.01855,0.98145,-1,6,30,1,1,1,14:10,7,2,9
2023201317675,2023,201317675,1,1,3,1,12,3,3,1,9,0,0,0,0,3,E01009005,3,1,0.0,1.0,-1,6,30,1,1,1,08:50,2,1,9
2023451392119,2023,451392119,1,1,3,2,36,7,2,5,1,0,0,0,0,4,E01030752,7,1,1.0,0.0,-1,6,30,1,1,1,09:37,7,1,9
2023440426466,2023,440426466,2,1,1,1,58,9,2,0,0,0,0,0,4,8,E01023080,-1,0,1.0,0.0,-1,6,30,1,1,1,09:19,4,2,4
2023010429612,2023,010429612,1,1,1,1,24,5,3,0,0,0,0,0,5,3,E01000640,-1,0,0.0,1.0,-1,9,20,1,4,1,22:45,3,2,5
2023401268479,2023,401268479,2,1,1,2,42,7,3,0,0,0,0,0,9,3,E01015761,3,1,0.0,1.0,-1,6,30,2,4,2,17:43,1,2,9
2023010475187,2023,010475187,1,1,3,2,19,4,3,1,2,0,0,0,0,3,E01001725,-1,0,0.0,1.0,-1,6,20,2,4,2,19:41,3,1,9
2023340WN5202,2023,340WN5202,1,1,3,1,44,7,2,5,3,0,0,0,0,10,E01028397,-1,0,1.0,0.0,-1,6,60,1,1,1,14:14,6,1,19
2023010466423,2023,010466423,1,1,1,1,56,9,3,0,0,0,0,0,8,8,E01033027,-1,0,0.0,1.0,-1,3,30,1,1,1,14:05,5,2,8
2023201396860,2023,201396860,2,2,2,1,5,1,3,0,0,2,0,0,9,4,E01009970,3,1,0.0,1.0,-1,6,30,1,4,1,20:20,7,2,9
2023991392596,2023,991392596,1,1,1,1,18,4,2,0,0,0,0,0,9,3,-1,7,1,1.0,0.0,-1,7,30,2,4,2,18:48,7,2,9
2023010479832,2023,010479832,2,1,1,1,26,6,3,0,0,0,0,0,3,-1,-1,-1,0,0.0,1.0,-1,6,20,1,4,1,21:21,5,2,3
2023371330024,2023,371330024,2,1,1,1,81,11,2,0,0,0,0,0,9,5,E01030272,6,1,1.0,0.0,-1,6,30,1,1,1,15:13,2,4,9
2023010442005,2023,010442005,2,1,1,1,43,7,2,0,0,0,0,0,1,2,E01003179,-1,0,1.0,0.0,-1,6,30,1,1,1,15:55,3,2,1
2023211391190,2023,211391190,2,1,1,1,34,6,3,0,0,0,0,0,5,1,E01014250,3,1,0.0,1.0,-1,3,30,2,4,2,18:56,5,2,5
2023440051746,2023,440051746,1,1,1,2,23,5,3,0,0,0,0,0,9,9,E01022699,-1,0,0.02384,0.97616,-1,6,30,1,4,1,20:12,5,2,9
2023501355839,2023,501355839,2,2,2,2,87,11,3,0,0,1,0,0,9,-1,-1,3,1,0.0,1.0,-1,6,40,1,1,2,17:14,7,2,9
2023010475263,2023,010475263,2,1,2,2,-1,-1,3,0,0,9,0,0,9,9,E01018181,-1,0,0.0,1.0,-1,9,30,1,1,1,15:40,3,3,9
2023041292170,2023,041292170,2,2,1,2,56,9,3,0,0,0,0,0,9,2,E01024910,3,1,0.0,1.0,-1,6,30,2,1,2,11:05,5,3,9
2023201298955,2023,201298955,1,1,1,2,35,6,3,0,0,0,0,0,9,9,E01031154,3,1,0.0,1.0,-1,6,30,5,1,2,16:50,3,2,9
2023031362281,2023,031362281,1,1,1,2,26,6,3,0,0,0,0,0,9,1,E01025154,3,1,0.0,1.0,-1,6,20,1,5,1,20:15,6,2,9
2023201373614,2023,201373614,1,1,1,1,41,7,2,0,0,0,0,0,9,4,E01009894,7,1,1.0,0.0,-1,6,30,1,4,1,03:38,1,2,9
2023440088010,2023,440088010,1,1,1,1,19,4,3,0,0,0,0,0,9,10,E01022531,-1,0,0.18735,0.81265,-1,6,60,1,6,1,00:48,7,1,9
2023451350659,2023,451350659,2,1,1,1,51,8,3,0,0,0,0,0,9,7,E01031837,3,1,0.0,1.0,-1,3,40,1,1,1,12:15,6,2,9
2023461348476,2023,461348476,1,2,2,1,21,5,3,0,0,2,0,0,9,2,E01001433,3,1,0.0,1.0,-1,3,70,1,4,1,00:20,2,1,9
2023101378894,2023,101378894,2,1,2,2,55,8,3,0,0,0,4,0,11,5,E01008346,3,1,0.0,1.0,-1,6,40,1,1,2,12:00,5,2,11
2023131348580,2023,131348580,1,1,1,1,37,7,3,0,0,0,0,0,1,1,E01011349,3,1,0.0,1.0,-1,3,30,1,1,2,15:30,6,2,1
2023010420942,2023,010420942,1,1,1,1,39,7,3,0,0,0,0,0,4,4,E01000408,-1,0,0.0,1.0,-1,6,30,2,1,2,10:57,5,1,4
2023101368362,2023,101368362,2,1,1,2,31,6,3,0,0,0,0,0,9,5,E01008643,3,1,0.0,1.0,-1,6,30,1,1,2,13:12,4,2,9
2023451378198,2023,451378198,1,1,1,2,38,7,3,0,0,0,0,0,9,-1,-1,3,1,0.0,1.0,-1,6,40,1,1,1,08:12,5,4,9
2023010467016,2023,010467016,1,1,1,1,22,5,3,0,0,0,0,0,3,3,E01003720,-1,0,0.0,1.0,-1,9,30,9,1,9,18:15,2,2,3
2023010457462,2023,010457462,1,1,1,1,19,4,3,0,0,0,0,0,9,4,E01003684,-1,0,0.0,1.0,-1,6,30,2,4,2,02:55,5,1,9
2023351268302,2023,351268302,1,1,1,2,81,11,3,0,0,0,0,0,9,10,E01026359,3,1,0.0,1.0,-1,6,60,1,1,2,15:45,5,2,9
2023320771733,2023,320771733,1,1,3,2,88,11,3,8,1,0,0,0,0,5,E01026266,-1,0,0.19351,0.80649,-1,6,30,1,1,2,11:25,7,1,9
2023010425614,2023,010425614,1,1,1,1,24,5,3,0,0,0,0,0,3,3,E01003564,-1,0,0.0,1.0,-1,9,20,9,1,1,11:11,2,1,3
2023041327999,2023,041327999,1,2,2,1,18,4,3,0,0,0,0,0,23,1,E01025041,3,1,0.0,1.0,-1,6,30,1,4,1,20:15,2,2,23
2023440309673,2023,440309673,1,1,1,1,50,8,2,0,0,0,0,0,1,8,E01022468,-1,0,1.0,0.0,-1,6,30,1,1,1,18:05,3,2,1
2023531308084,2023,531308084,1,1,1,2,49,8,2,0,0,0,0,0,1,9,E01031191,6,1,1.0,0.0,-1,6,30,1,1,1,14:37,3,2,1
2023010456213,2023,010456213,1,1,1,1,56,9,3,0,0,0,0,0,3,3,E01003339,-1,0,0.0,1.0,-1,9,30,1,1,1,07:10,5,2,3
2023440446327,2023,440446327,1,1,1,1,28,6,3,0,0,0,0,0,3,3,E01017266,-1,0,0.03677,0.96323,-1,6,30,1,4,1,21:30,7,2,3
2023010475196,2023,010475196,2,3,2,2,46,8,3,0,0,1,0,0,9,3,E01015924,-1,0,0.0,1.0,-1,6,20,1,4,2,17:00,3,2,9
2023361381146,2023,361381146,1,1,1,1,57,9,3,0,0,0,0,0,9,2,E01026834,3,1,0.0,1.0,-1,6,20,1,1,2,09:34,3,1,9
2023141295517,2023,141295517,1,1,1,1,32,6,2,0,0,0,0,0,97,2,E01007531,7,1,1.0,0.0,-1,6,30,1,1,1,15:06,3,2,97
2023010483267,2023,010483267,2,1,1,1,32,6,3,0,0,0,0,0,1,2,E01003514,-1,0,0.0,1.0,-1,6,20,1,4,2,19:45,1,2,1
2023351333666,2023,351333666,1,1,1,1,16,4,2,0,0,0,0,0,2,10,E01018284,6,1,1.0,0.0,-1,6,40,1,1,1,11:25,2,2,2
2023010426423,2023,010426423,2,2,1,2,25,5,3,0,0,0,0,0,9,9,E01017829,-1,0,0.0,1.0,-1,3,40,1,1,1,10:30,6,2,9
2023041319726,2023,041319726,1,1,1,1,28,6,3,0,0,0,0,0,9,1,E01025171,3,1,0.0,1.0,-1,6,20,1,7,1,23:00,6,1,9
2023131372217,2023,131372217,1,1,1,2,65,9,2,0,0,0,0,0,9,7,E01011162,6,1,1.0,0.0,-1,6,30,2,1,2,08:45,4,2,9
2023141384667,2023,141384667,1,1,1,1,39,7,1,0,0,0,0,0,9,9,E01007601,1,1,0.0,0.0,-1,6,60,2,7,2,08:15,7,1,9
2023201282955,2023,201282955,2,2,2,1,-1,-1,3,0,0,1,0,0,9,-1,-1,3,1,0.0,1.0,-1,3,50,9,4,1,18:10,7,2,9
2023471382709,2023,471382709,1,1,1,1,22,5,3,0,0,0,0,0,9,5,E01031577,3,1,0.0,1.0,-1,3,50,1,4,2,23:30,2,1,9
2023501304598,2023,501304598,2,2,1,2,53,8,2,0,0,0,0,0,9,10,E01019905,5,1,1.0,0.0,-1,6,30,1,1,1,08:20,6,4,9
2023302300043,2023,302300043,1,1,1,1,43,7,3,0,0,0,0,0,9,4,E01028302,-1,0,0.03832,0.96168,-1,6,40,2,1,5,13:35,1,2,9
2023622300638,2023,622300638,2,2,1,2,54,8,3,0,0,0,0,0,9,2,W01001271,-1,0,0.01798,0.98202,-1,6,30,8,1,1,11:25,7,2,9
2023131275311,2023,131275311,1,2,3,2,71,10,2,5,3,0,0,2,0,4,E01011049,5,1,1.0,0.0,-1,6,30,1,1,2,15:30,6,1,9
2023501327188,2023,501327188,2,1,1,1,44,7,2,0,0,0,0,0,3,5,E01019886,7,1,1.0,0.0,-1,6,40,1,1,1,13:30,1,2,3
2023052302844,2023,052302844,2,1,1,1,29,6,3,0,0,0,0,0,4,10,E01006932,-1,0,0.09046,0.90954,-1,6,30,1,1,2,08:52,3,2,4
2023371317009,2023,371317009,2,2,1,2,37,7,3,0,0,0,0,0,9,4,E01030251,3,1,0.0,1.0,-1,6,60,1,1,1,10:20,3,2,9
2023631379392,2023,631379392,1,1,1,1,34,6,2,0,0,0,0,0,9,7,W01000488,7,1,1.0,0.0,-1,6,60,2,6,2,00:01,2,1,9
2023061266656,2023,061266656,1,1,2,2,31,6,3,0,0,-1,0,0,9,6,E01006375,3,1,0.0,1.0,-1,3,30,8,1,1,11:00,6,1,9
2023451368908,2023,451368908,2,1,1,1,63,9,2,0,0,0,0,0,9,9,E01030406,7,1,1.0,0.0,-1,6,30,1,1,2,09:20,3,2,9
2023101303735,2023,101303735,1,1,1,2,28,6,3,0,0,0,0,0,9,4,E01008308,3,1,0.0,1.0,-1,6,40,1,1,1,08:35,4,2,9
2023440418394,2023,440418394,2,1,1,1,56,9,3,0,0,0,0,0,19,5,E01022616,-1,0,0.02877,0.97123,-1,7,70,1,1,1,16:29,5,2,19
2023122300917,2023,122300917,1,1,3,-1,40,7,3,1,3,0,0,0,0,8,E01027680,-1,0,0.06688,0.93312,-1,6,30,1,1,1,13:54,2,1,9
2023522300117,2023,522300117,1,1,3,1,-1,-1,3,10,9,0,0,0,0,6,E01014882,-1,0,0.05472,0.94528,-1,3,40,1,4,1,19:40,7,1,9
2023421272428,2023,421272428,2,1,1,1,20,4,3,0,0,0,0,0,3,-1,-1,3,1,0.0,1.0,-1,1,60,1,1,1,16:52,7,2,3
2023501318359,2023,501318359,2,1,1,1,35,6,3,0,0,0,0,0,3,4,E01020189,3,1,0.0,1.0,-1,6,30,1,1,1,08:03,6,2,3
2023302300032,2023,302300032,3,2,1,2,44,7,3,0,0,0,0,0,9,1,E01013456,-1,0,0.03276,0.96724,-1,6,30,4,1,2,08:45,7,4,9
2023302300556,2023,302300556,2,1,2,2,61,9,3,0,0,1,0,0,9,4,E01020738,-1,0,0.04529,0.95471,-1,6,50,1,1,1,13:15,1,2,9
2023430503410,2023,430503410,1,2,2,1,41,7,3,0,0,1,0,0,9,4,E01017850,-1,0,0.03599,0.96401,-1,6,60,1,7,1,05:27,4,2,9
2023451312608,2023,451312608,1,3,2,1,14,3,3,0,0,1,0,0,9,10,E01000793,3,1,0.0,1.0,-1,3,70,1,1,1,15:35,2,1,9
2023201393272,2023,201393272,1,1,1,1,35,6,3,0,0,0,0,0,9,7,E01010027,3,1,0.0,1.0,-1,3,30,1,1,2,19:17,1,2,9
2023302300357,2023,302300357,2,1,1,1,60,9,3,0,0,0,0,0,9,1,E01008022,-1,0,0.03016,0.96984,-1,6,50,2,1,2,15:50,4,3,9
2023440249047,2023,440249047,2,4,2,1,10,2,3,0,0,2,0,0,9,9,E01022639,-1,0,0.03497,0.96503,-1,6,30,1,1,1,18:20,5,2,9
2023631344425,2023,631344425,1,1,1,1,57,9,3,0,0,0,0,0,21,9,W01000795,3,1,0.0,1.0,-1,6,40,1,1,2,11:35,3,2,21
2023471372918,2023,471372918,2,1,1,2,46,8,3,0,0,0,0,0,1,3,E01032832,3,1,0.0,1.0,-1,3,40,5,1,2,09:05,6,2,1
2023122300791,2023,122300791,2,1,1,1,17,4,3,0,0,0,0,0,3,6,E01011299,-1,0,0.16348,0.83652,-1,3,70,1,1,1,19:20,1,2,3
2023302301177,2023,302301177,1,1,1,1,19,4,3,0,0,0,0,0,9,10,E01029454,-1,0,0.09681,0.90319,-1,3,40,2,1,2,20:00,1,2,9
2023411303815,2023,411303815,2,2,1,1,35,6,3,0,0,0,0,0,9,8,E01023938,3,1,0.0,1.0,-1,6,60,2,6,2,22:25,6,2,9
2023552300065,2023,552300065,1,2,2,1,15,3,3,0,0,1,0,0,9,3,E01020393,-1,0,0.04973,0.95027,-1,6,30,4,1,2,15:36,5,6,9
2023991338541,2023,991338541,2,2,1,1,59,9,2,0,0,0,0,0,9,6,-1,5,1,1.0,0.0,-1,6,60,1,1,2,13:08,5,3,9
202363A003023,2023,63A003023,2,1,2,1,17,4,3,0,0,0,4,0,11,3,W01000654,-1,0,0.07672,0.92328,-1,6,40,2,5,2,07:45,5,2,11
2023010445919,2023,010445919,2,3,2,2,19,4,3,0,0,1,0,0,9,-1,-1,-1,0,0.0,1.0,-1,3,70,1,4,1,22:08,2,3,9
2023141342923,2023,141342923,1,1,1,1,21,5,2,0,0,0,0,0,9,3,E01007680,7,1,1.0,0.0,-1,6,50,1,7,1,22:10,5,1,9
2023141292771,2023,141292771,2,1,1,1,31,6,3,0,0,0,0,0,9,3,E01007680,3,1,0.0,1.0,-1,6,30,1,1,1,12:00,7,3,9
2023221347669,2023,221347669,2,2,2,2,71,10,3,0,0,1,0,0,9,9,E01028985,3,1,0.0,1.0,-1,6,40,1,1,1,11:36,5,2,9
2023221323251,2023,221323251,1,1,1,1,14,3,3,0,0,0,0,0,-1,6,E01032436,3,1,0.0,1.0,-1,6,30,1,1,1,12:43,6,2,-1
2023010427589,2023,010427589,2,1,1,1,33,6,3,0,0,0,0,0,3,4,E01002987,-1,0,0.0,1.0,-1,6,30,1,4,2,19:10,5,2,3
2023131389001,2023,131389001,2,1,1,2,31,6,2,0,0,0,0,0,9,6,E01011534,7,1,1.0,0.0,-1,6,30,1,1,1,08:11,2,2,9
2023461377361,2023,461377361,1,1,1,2,26,6,2,0,0,0,0,0,9,1,E01016111,7,1,1.0,0.0,-1,6,30,1,1,1,12:04,3,2,9
2023622300186,2023,622300186,2,2,1,2,51,8,3,0,0,0,0,0,9,10,W01001245,-1,0,0.01447,0.98553,-1,1,30,1,4,1,07:21,2,2,9
2023161390464,2023,161390464,1,1,1,2,18,4,3,0,0,0,0,0,9,10,E01013108,3,1,0.0,1.0,-1,6,30,1,4,1,18:15,6,2,9
2023211350852,2023,211350852,1,1,1,1,31,6,2,0,0,0,0,0,9,3,E01014357,7,1,1.0,0.0,-1,6,30,1,1,1,07:15,1,1,9
202360A158257,2023,60A158257,1,1,1,2,19,4,2,0,0,0,0,0,9,-1,-1,-1,0,1.0,0.0,-1,3,70,1,4,1,18:50,1,1,9
2023052300235,2023,052300235,2,2,1,1,51,8,3,0,0,0,0,0,9,1,E01007003,-1,0,0.05318,0.94682,-1,6,30,1,1,1,14:55,3,3,9
2023421326642,2023,421326642,2,1,1,2,41,7,3,0,0,0,0,0,9,3,E01015877,3,1,0.0,1.0,-1,1,30,1,1,1,15:05,3,2,9
2023010463394,2023,010463394,1,1,1,1,22,5,3,0,0,0,0,0,1,4,E01003178,-1,0,0.0,1.0,-1,6,20,1,1,1,18:00,5,2,1
2023041353082,2023,041353082,2,1,1,1,26,6,3,0,0,0,0,0,1,5,E01025314,3,1,0.0,1.0,-1,6,30,1,4,1,21:24,6,2,1
2023122300219,2023,122300219,2,1,1,1,49,8,3,0,0,0,0,0,1,9,E01027897,-1,0,0.08188,0.91812,-1,6,30,1,1,1,16:34,5,2,1
2023520400522,2023,520400522,1,1,1,1,69,10,3,0,0,0,0,0,1,5,E01029259,-1,0,0.06625,0.93375,-1,6,20,9,1,2,16:30,5,2,1
2023320501559,2023,320501559,1,2,2,2,53,8,2,0,0,2,0,0,9,1,-1,-1,0,1.0,0.0,-1,6,60,1,1,2,13:25,1,1,9
2023531372284,2023,531372284,2,2,2,1,22,5,3,0,0,1,0,0,9,9,E01023833,3,1,0.0,1.0,-1,6,60,1,6,2,16:35,4,2,9
2023052302300,2023,052302300,1,1,3,1,64,9,2,8,1,0,0,0,0,1,E01006605,-1,0,1.0,0.0,-1,2,20,1,1,1,08:50,5,1,19
2023991309304,2023,991309304,1,1,1,2,74,10,3,0,0,0,0,0,9,-1,-1,3,1,0.0,1.0,-1,6,60,1,1,1,12:50,6,2,9
2023010450648,2023,010450648,2,1,2,2,65,9,3,0,0,1,0,0,9,4,E01001615,-1,0,0.0,1.0,-1,6,30,1,4,1,09:10,5,2,9
2023052301757,2023,052301757,2,1,1,1,52,8,3,0,0,0,0,0,9,8,E01006581,-1,0,0.043,0.957,-1,6,30,1,1,1,16:30,2,2,9
2023201379731,2023,201379731,1,1,1,1,46,8,3,0,0,0,0,0,9,2,E01010311,3,1,0.0,1.0,-1,6,30,1,1,2,08:17,1,2,9
2023221356289,2023,221356289,2,1,1,1,50,8,2,0,0,0,0,0,9,1,E01032225,7,1,1.0,0.0,-1,3,70,1,1,1,13:15,2,2,9
2023401371770,2023,401371770,1,1,1,2,30,6,2,0,0,0,0,0,9,3,E01016721,6,1,1.0,0.0,-1,6,60,1,1,1,14:09,4,3,9
2023411395162,2023,411395162,1,1,1,2,39,7,3,0,0,0,0,0,9,10,E01023313,3,1,0.0,1.0,-1,6,30,1,4,2,18:36,6,2,9
2023421274086,2023,421274086,2,2,2,2,84,11,3,0,0,1,0,0,9,2,E01033591,3,1,0.0,1.0,-1,6,50,1,1,4,10:51,3,3,9
2023631388289,2023,631388289,2,1,1,2,60,9,2,0,0,0,0,0,9,7,W01000581,6,1,1.0,0.0,-1,6,60,1,4,2,06:50,5,2,9