collision_index,collision_year,collision_ref_no,vehicle_reference,casualty_reference,casualty_class,sex_of_casualty,age_of_casualty,age_band_of_casualty,casualty_severity,pedestrian_location,pedestrian_movement,car_passenger,bus_or_coach_passenger,pedestrian_road_maintenance_worker,casualty_type,casualty_imd_decile,lsoa_of_casualty,enhanced_casualty_severity,casualty_injury_based,casualty_adjusted_severity_serious,casualty_adjusted_severity_slight,casualty_distance_banding,road_type,speed_limit,weather_conditions,light_conditions,road_surface_conditions,time,day_of_week,number_of_vehicles,vehicle_type
2023201416559,2023,201416559,2,1,1,1,59,9,3,0,0,0,0,0,9,10,E01010188,3,1,0.0,1.0,-1,3,30,2,4,2,19:18,5,2,9
2023991382695,2023,991382695,1,1,1,1,46,8,3,0,0,0,0,0,9,-1,-1,3,1,0.0,1.0,-1,3,70,1,1,4,07:55,3,2,9
2023351346869,2023,351346869,2,1,1,1,57,9,3,0,0,0,0,0,9,8,E01018050,3,1,0.0,1.0,-1,6,60,1,1,1,07:48,5,2,9
2023451344243,2023,451344243,2,1,2,2,20,4,3,0,0,1,0,0,9,8,E01030538,3,1,0.0,1.0,-1,6,60,1,1,2,07:45,3,2,9
2023131343157,2023,131343157,1,2,2,2,78,11,3,0,0,1,0,0,9,1,E01011148,3,1,0.0,1.0,-1,6,30,1,1,2,12:42,6,3,9
2023411342250,2023,411342250,1,3,2,1,49,8,2,0,0,-1,0,0,9,2,E01004424,7,1,1.0,0.0,-1,6,30,1,7,1,05:25,1,2,9
2023501284687,2023,501284687,2,2,1,1,53,8,3,0,0,0,0,0,9,4,E01019064,3,1,0.0,1.0,-1,3,50,1,6,1,19:37,2,2,9
2023520300888,2023,520300888,1,1,1,1,41,7,3,0,0,0,0,0,9,4,E01029241,-1,0,0.0564,0.9436,-1,6,40,1,4,1,21:49,7,2,9
2023552301235,2023,552301235,1,1,1,1,25,5,3,0,0,0,0,0,9,5,E01020444,-1,0,0.14768,0.85232,-1,6,60,1,6,1,01:22,1,2,9
2023991305088,2023,991305088,2,1,1,2,69,10,3,0,0,0,0,0,9,7,-1,3,1,0.0,1.0,-1,6,30,1,1,1,12:45,1,2,9
2023010447218,2023,010447218,2,1,1,1,25,5,2,0,0,0,0,0,1,5,E01001381,-1,0,1.0,0.0,-1,2,20,4,4,1,23:05,2,2,1
2023501362645,2023,501362645,1,1,1,1,55,8,2,0,0,0,0,0,5,5,E01020301,6,1,1.0,0.0,-1,6,60,2,1,5,15:46,6,1,5
2023501352981,2023,501352981,1,1,3,2,59,9,2,5,9,0,0,0,0,-1,-1,7,1,1.0,0.0,-1,6,30,1,1,1,18:58,6,1,9
2023010479788,2023,010479788,1,1,3,1,69,10,3,5,3,0,0,0,0,10,E01002257,-1,0,0.0,1.0,-1,6,30,1,1,1,14:34,5,1,19
2023010476676,2023,010476676,1,1,1,-1,27,6,3,0,0,0,0,0,1,6,E01001984,-1,0,0.0,1.0,-1,9,30,9,1,9,08:40,4,2,1
2023311302634,2023,311302634,2,1,1,1,54,8,3,0,0,0,0,0,1,2,E01013834,3,1,0.0,1.0,-1,6,30,1,1,1,14:20,2,2,1
2023101288114,2023,101288114,2,1,2,1,54,8,3,0,0,1,0,0,9,5,E01008267,3,1,0.0,1.0,-1,6,20,1,4,1,00:05,7,2,9
2023991296729,2023,991296729,1,1,1,2,59,9,3,0,0,0,0,0,9,6,-1,3,1,0.0,1.0,-1,6,50,1,1,1,13:06,6,3,9
2023010436547,2023,010436547,1,1,1,1,20,4,3,0,0,0,0,0,9,3,E01002595,-1,0,0.0,1.0,-1,6,20,1,4,1,03:07,1,2,9
2023041292170,2023,041292170,3,3,1,2,22,5,3,0,0,0,0,0,9,1,E01025396,3,1,0.0,1.0,-1,6,30,2,1,2,11:05,5,3,9
2023552300529,2023,552300529,2,3,2,1,78,11,3,0,0,1,0,0,9,9,E01020435,-1,0,0.07748,0.92252,-1,6,40,1,1,1,15:33,2,2,9
2023010453966,2023,010453966,2,1,1,1,23,5,3,0,0,0,0,0,1,6,E01016366,-1,0,0.0,1.0,-1,6,20,2,1,2,15:25,7,2,1
2023170M11413,2023,170M11413,1,3,2,2,14,3,3,0,0,2,0,0,9,1,E01012036,-1,0,0.0486,0.9514,-1,6,30,1,1,1,15:10,3,2,9
2023421324280,2023,421324280,2,1,1,2,58,9,3,0,0,0,0,0,9,3,E01021276,3,1,0.0,1.0,-1,1,30,1,4,1,22:15,2,2,9
2023010422817,2023,010422817,1,1,3,1,39,7,1,5,3,0,0,0,0,2,E01002634,-1,0,0.0,0.0,-1,7,20,8,4,4,19:06,7,1,11
2023010453343,2023,010453343,1,1,3,2,50,8,3,1,3,0,0,0,0,4,E01002576,-1,0,0.0,1.0,-1,2,20,1,1,1,13:18,4,1,9
2023010458999,2023,010458999,2,1,1,1,29,6,3,0,0,0,0,0,3,1,E01001558,-1,0,0.0,1.0,-1,6,20,1,4,1,22:20,6,2,3
2023340NN0752,2023,340NN0752,2,1,1,1,41,7,3,0,0,0,0,0,5,4,E01026982,-1,0,0.13805,0.86195,-1,6,60,1,4,4,06:42,2,2,5
2023010452703,2023,010452703,1,1,2,2,28,6,3,0,0,2,0,0,9,-1,-1,-1,0,0.0,1.0,-1,3,30,1,4,1,01:54,1,2,9
2023501329720,2023,501329720,1,1,1,2,63,9,3,0,0,0,0,0,9,7,E01020300,3,1,0.0,1.0,-1,6,60,1,1,1,08:19,7,5,9
2023010427934,2023,010427934,1,1,2,1,4,1,3,0,0,0,4,0,11,1,E01014244,-1,0,0.0,1.0,-1,3,20,1,4,1,23:22,7,1,11
2023201409903,2023,201409903,1,2,2,2,24,5,3,0,0,0,4,0,11,2,E01008886,3,1,0.0,1.0,-1,7,30,1,1,1,13:18,4,2,11
2023122300248,2023,122300248,2,2,1,2,41,7,3,0,0,0,0,0,9,3,E01013399,-1,0,0.02065,0.97935,-1,6,30,1,1,2,12:28,7,2,9
2023161365564,2023,161365564,2,2,2,1,32,6,3,0,0,2,0,0,9,1,E01012838,3,1,0.0,1.0,-1,1,50,8,4,2,18:41,1,2,9
2023231267208,2023,231267208,2,2,1,1,39,7,3,0,0,0,0,0,9,1,E01010375,3,1,0.0,1.0,-1,6,50,1,1,1,15:23,3,2,9
2023451318344,2023,451318344,1,1,1,2,23,5,3,0,0,0,0,0,9,5,E01002950,3,1,0.0,1.0,-1,6,40,1,1,1,09:00,3,2,9
2023471338404,2023,471338404,2,1,1,1,40,7,3,0,0,0,0,0,9,5,E01031605,3,1,0.0,1.0,-1,6,30,5,1,2,15:10,1,2,9
2023161349581,2023,161349581,1,2,2,1,55,8,3,0,0,1,0,0,9,1,E01012857,3,1,0.0,1.0,-1,6,20,1,1,1,15:15,3,2,9
2023320658535,2023,320658535,2,1,1,1,41,7,3,0,0,0,0,0,9,3,E01026353,-1,0,0.0623,0.9377,-1,6,60,1,1,1,16:10,2,2,9
2023351267457,2023,351267457,3,3,1,2,53,8,3,0,0,0,0,0,9,3,E01018097,3,1,0.0,1.0,-1,6,60,4,1,2,14:15,5,3,9
2023548661123,2023,548661123,1,1,1,1,41,7,3,0,0,0,0,0,9,10,E01016522,-1,0,0.06359,0.93641,-1,3,70,1,1,1,18:50,4,1,9
2023131315670,2023,131315670,2,1,1,2,26,6,3,0,0,0,0,0,9,5,E01011006,3,1,0.0,1.0,-1,7,70,1,1,1,18:02,3,3,9
2023221387586,2023,221387586,2,1,1,1,50,8,3,0,0,0,0,0,9,8,E01032317,3,1,0.0,1.0,-1,6,30,1,1,2,14:30,3,3,9
2023440278135,2023,440278135,2,2,2,2,66,10,3,0,0,1,0,0,9,8,E01022762,-1,0,0.04162,0.95838,-1,3,40,1,1,1,12:40,3,3,9
2023991271676,2023,991271676,2,1,1,2,29,6,3,0,0,0,0,0,9,8,-1,3,1,0.0,1.0,-1,6,30,2,4,2,20:50,5,2,9
2023010457455,2023,010457455,1,1,1,1,37,7,3,0,0,0,0,0,9,5,E01003863,-1,0,0.0,1.0,-1,6,20,2,4,2,23:20,4,2,9
2023131293757,2023,131293757,2,3,1,1,34,6,2,0,0,0,0,0,9,4,E01033018,7,1,1.0,0.0,-1,6,40,1,6,1,21:17,3,2,9
2023351295916,2023,351295916,1,1,1,1,18,4,3,0,0,0,0,0,9,6,E01018208,3,1,0.0,1.0,-1,6,30,1,1,1,08:57,6,3,9
2023411397128,2023,411397128,1,1,1,2,20,4,3,0,0,0,0,0,9,3,E01002104,3,1,0.0,1.0,-1,6,60,1,4,2,19:40,6,1,9
2023411397511,2023,411397511,2,1,1,1,45,7,3,0,0,0,0,0,9,5,E01023295,3,1,0.0,1.0,-1,1,40,1,1,1,14:05,6,2,9
2023461306438,2023,461306438,2,1,1,1,58,9,3,0,0,0,0,0,9,3,E01016021,3,1,0.0,1.0,-1,6,30,1,1,1,19:11,2,3,9
2023010422109,2023,010422109,2,1,1,1,44,7,2,0,0,0,0,0,1,1,E01003252,-1,0,1.0,0.0,-1,3,30,1,4,1,17:20,4,2,1
2023010426235,2023,010426235,2,1,1,1,33,6,3,0,0,0,0,0,1,7,E01000650,-1,0,0.0,1.0,-1,6,30,1,1,1,10:30,5,2,1
2023471260121,2023,471260121,2,1,1,1,24,5,3,0,0,0,0,0,1,6,E01031827,3,1,0.0,1.0,-1,6,30,1,4,2,19:19,5,2,1
2023302300911,2023,302300911,2,1,1,1,18,4,2,0,0,0,0,0,3,5,E01019837,-1,0,1.0,0.0,-1,6,40,1,1,1,21:00,7,2,3
2023471275000,2023,471275000,4,1,1,2,61,9,3,0,0,0,0,0,9,8,E01031765,3,1,0.0,1.0,-1,6,60,1,1,1,09:30,2,4,9
2023010438248,2023,010438248,2,1,1,1,76,11,3,0,0,0,0,0,1,9,E01030406,-1,0,0.0,1.0,-1,9,30,9,1,9,12:30,6,2,1
2023010448953,2023,010448953,1,1,1,1,52,8,3,0,0,0,0,0,1,8,E01001031,-1,0,0.0,1.0,-1,6,20,1,1,1,07:40,4,2,1
2023131386427,2023,131386427,2,3,1,1,37,7,2,0,0,0,0,0,9,3,E01010805,7,1,1.0,0.0,-1,6,40,1,4,2,05:57,2,2,9
2023201403214,2023,201403214,1,2,2,1,23,5,3,0,0,2,0,0,9,1,E01009359,3,1,0.0,1.0,-1,6,30,1,1,1,19:31,2,2,9
2023371304157,2023,371304157,2,1,1,1,44,7,2,0,0,0,0,0,9,2,E01033124,5,1,1.0,0.0,-1,6,30,1,6,1,22:20,5,2,9
2023010467494,2023,010467494,1,1,1,1,40,7,3,0,0,0,0,0,3,10,E01023313,-1,0,0.0,1.0,-1,9,30,2,1,2,14:45,5,2,3
2023421346661,2023,421346661,2,1,1,1,21,5,3,0,0,0,0,0,9,1,E01021290,3,1,0.0,1.0,-1,6,30,1,1,1,17:20,3,2,9
2023010436157,2023,010436157,2,1,1,2,41,7,3,0,0,0,0,0,3,-1,-1,-1,0,0.0,1.0,-1,6,30,2,1,2,12:30,5,2,3
2023451335527,2023,451335527,1,1,1,1,22,5,3,0,0,0,0,0,9,10,E01030891,3,1,0.0,1.0,-1,6,30,1,6,2,19:54,1,1,9
2023531327462,2023,531327462,2,2,2,2,22,5,3,0,0,2,0,0,9,6,E01022264,3,1,0.0,1.0,-1,6,40,1,1,1,18:00,1,2,9
2023201307302,2023,201307302,2,1,1,1,87,11,3,0,0,0,0,0,9,1,E01010453,3,1,0.0,1.0,-1,6,30,1,1,1,15:00,4,3,9
2023302300234,2023,302300234,1,1,1,1,-1,-1,3,0,0,0,0,0,-1,-1,-1,-1,0,0.07319,0.92681,-1,6,30,1,7,1,17:25,3,2,-1
2023201419503,2023,201419503,2,2,1,1,87,11,3,0,0,0,0,0,9,6,E01028842,3,1,0.0,1.0,-1,3,30,1,4,2,16:54,1,2,9
2023440221101,2023,440221101,2,4,2,2,61,9,3,0,0,1,0,0,9,9,E01023094,-1,0,0.08289,0.91711,-1,6,30,1,1,1,18:16,1,2,9
2023461384162,2023,461384162,1,1,1,2,21,5,3,0,0,0,0,0,9,5,E01024033,3,1,0.0,1.0,-1,6,60,2,6,4,07:55,6,1,9
2023010426939,2023,010426939,1,2,2,-1,-1,-1,3,0,0,1,0,0,9,2,E01033591,-1,0,0.0,1.0,-1,9,40,9,1,1,18:30,1,4,9
2023101355701,2023,101355701,2,1,1,2,46,8,3,0,0,0,0,0,9,10,E01008365,3,1,0.0,1.0,-1,6,30,1,1,1,07:50,6,2,9
2023471347241,2023,471347241,2,1,2,2,56,9,3,0,0,1,0,0,9,7,E01016883,3,1,0.0,1.0,-1,6,60,1,1,1,13:45,2,2,9
2023010466208,2023,010466208,1,1,1,2,31,6,3,0,0,0,0,0,9,5,E01003312,-1,0,0.0,1.0,-1,6,20,1,1,1,12:15,6,2,9
2023122301379,2023,122301379,1,1,1,1,45,7,3,0,0,0,0,0,9,8,E01027838,-1,0,0.01775,0.98225,-1,6,30,1,1,1,14:00,4,2,9
2023221355228,2023,221355228,1,1,1,2,34,6,3,0,0,0,0,0,9,8,E01014203,3,1,0.0,1.0,-1,6,60,1,1,1,13:31,6,2,9
2023311393104,2023,311393104,1,1,1,1,29,6,3,0,0,0,0,0,9,4,E01027929,3,1,0.0,1.0,-1,3,30,1,1,2,15:06,6,2,9
2023351271761,2023,351271761,1,1,1,2,22,5,3,0,0,0,0,0,9,10,E01017404,3,1,0.0,1.0,-1,3,70,1,1,1,09:50,3,2,9
2023430073833,2023,430073833,1,1,1,2,44,7,3,0,0,0,0,0,9,7,E01026267,-1,0,0.00736,0.99264,-1,3,70,1,4,2,19:45,5,2,9
2023471262245,2023,471262245,1,1,2,2,14,3,3,0,0,2,0,0,9,4,E01031576,3,1,0.0,1.0,-1,1,30,1,1,1,11:23,4,3,9
2023520300419,2023,520300419,1,1,1,1,47,8,3,0,0,0,0,0,9,9,E01014467,-1,0,0.06268,0.93732,-1,6,40,1,6,1,19:32,6,2,9
2023010458945,2023,010458945,1,1,1,2,21,5,3,0,0,0,0,0,9,6,E01002422,-1,0,0.0,1.0,-1,3,40,1,1,1,18:10,6,4,9
2023201284376,2023,201284376,3,1,1,-1,42,7,3,0,0,0,0,0,9,2,E01010419,3,1,0.0,1.0,-1,3,40,2,1,2,13:06,4,3,9
2023201377274,2023,201377274,2,2,1,1,31,6,3,0,0,0,0,0,9,-1,-1,3,1,0.0,1.0,-1,6,30,2,4,1,01:41,4,3,9
2023440368555,2023,440368555,1,1,1,2,19,4,3,0,0,0,0,0,9,9,E01001916,-1,0,0.10113,0.89887,-1,6,60,1,1,1,10:32,1,2,9
2023231368398,2023,231368398,2,1,1,1,15,3,3,0,0,0,0,0,1,7,E01031140,3,1,0.0,1.0,-1,6,30,1,1,1,15:50,2,2,1
2023010439589,2023,010439589,1,1,1,1,41,7,3,0,0,0,0,0,3,5,E01003415,-1,0,0.0,1.0,-1,6,20,1,1,1,17:30,3,2,3
2023221316312,2023,221316312,1,1,1,1,29,6,2,0,0,0,0,0,5,8,E01032127,7,1,1.0,0.0,-1,6,60,1,1,1,13:27,4,2,5
2023010431338,2023,010431338,1,1,1,1,50,8,2,0,0,0,0,0,9,3,E01000535,-1,0,1.0,0.0,-1,6,30,4,4,2,04:35,6,1,9
2023111328728,2023,111328728,3,1,1,2,74,10,3,0,0,0,0,0,9,8,E01020731,3,1,0.0,1.0,-1,6,30,1,1,1,12:28,4,3,9
2023231330653,2023,231330653,2,4,2,2,46,8,3,0,0,2,0,0,9,10,E01031267,3,1,0.0,1.0,-1,6,30,1,1,2,18:11,6,2,9
2023010457761,2023,010457761,2,1,1,2,28,6,3,0,0,0,0,0,1,3,E01004661,-1,0,0.0,1.0,-1,3,20,1,1,1,19:15,6,2,1
2023451357782,2023,451357782,2,2,1,1,12,3,3,0,0,0,0,0,1,8,E01030950,3,1,0.0,1.0,-1,6,30,1,1,1,15:25,6,2,1
2023622300564,2023,622300564,2,2,1,1,46,8,3,0,0,0,0,0,1,9,W01000906,-1,0,0.04752,0.95248,-1,1,30,1,1,1,10:51,5,2,1
2023421350871,2023,421350871,2,2,2,2,25,5,2,0,0,0,0,0,4,3,E01033051,7,1,1.0,0.0,-1,3,70,1,1,1,06:37,1,2,4
2023041355333,2023,041355333,2,1,1,1,51,8,3,0,0,0,0,0,9,1,E01025084,3,1,0.0,1.0,-1,6,30,1,1,2,15:42,6,2,9
2023052300216,2023,052300216,1,1,1,1,68,10,2,0,0,0,0,0,9,3,E01006799,-1,0,1.0,0.0,-1,3,40,1,4,1,19:30,2,1,9
2023991316069,2023,991316069,1,3,2,2,69,10,3,0,0,1,0,0,9,4,E01016716,3,1,0.0,1.0,-1,6,60,1,1,1,14:45,4,2,9
2023010459433,2023,010459433,1,4,2,2,-1,-1,3,0,0,2,0,0,8,-1,-1,-1,0,0.0,1.0,-1,3,50,1,1,1,10:00,2,2,8
2023010471459,2023,010471459,2,2,1,1,53,8,3,0,0,0,0,0,9,6,E01001948,-1,0,0.0,1.0,-1,2,20,2,4,2,22:45,4,4,9
2023552301167,2023,552301167,1,2,2,2,29,6,3,0,0,1,0,0,9,4,E01020394,-1,0,0.10289,0.89711,-1,6,30,1,4,1,22:36,3,2,9
2023010474000,2023,010474000,2,1,1,1,16,4,2,0,0,0,0,0,-1,4,E01002665,-1,0,1.0,0.0,-1,6,20,1,1,1,15:00,4,2,-1
2023991338122,2023,991338122,2,1,1,1,22,5,3,0,0,0,0,0,1,2,-1,3,1,0.0,1.0,-1,6,30,1,1,1,17:00,4,2,1
2023201320981,2023,201320981,2,2,2,2,76,11,3,0,0,1,0,0,9,9,E01009787,3,1,0.0,1.0,-1,3,30,1,1,1,20:49,3,2,9
2023440472881,2023,440472881,1,1,1,1,19,4,3,0,0,0,0,0,9,5,E01022957,-1,0,0.13653,0.86347,-1,6,40,5,4,2,03:36,1,1,9
2023531305911,2023,531305911,1,1,1,2,42,7,3,0,0,0,0,0,9,7,E01031950,3,1,0.0,1.0,-1,6,50,1,1,2,15:56,4,2,9
2023522400607,2023,522400607,1,1,1,1,42,7,3,0,0,0,0,0,-1,-1,-1,-1,0,0.02065,0.97935,-1,6,20,1,1,1,14:00,2,2,-1
2023131311355,2023,131311355,1,1,3,2,60,9,3,6,9,0,0,2,0,7,E01010908,3,1,0.0,1.0,-1,6,30,1,1,1,09:00,3,1,9
2023010466827,2023,010466827,1,1,1,1,53,8,3,0,0,0,0,0,3,6,E01000180,-1,0,0.0,1.0,-1,3,30,1,1,1,17:15,2,2,3
2023332300642,2023,332300642,2,1,1,1,21,5,3,0,0,0,0,0,9,6,E01025762,-1,0,0.0112,0.9888,-1,6,30,1,1,1,09:52,5,2,9
2023991389162,2023,991389162,1,1,2,2,14,3,3,0,0,2,0,0,9,2,-1,3,1,0.0,1.0,-1,1,30,5,4,2,16:25,7,2,9
2023122300136,2023,122300136,3,3,1,1,40,7,3,0,0,0,0,0,19,8,E01027661,-1,0,0.01709,0.98291,-1,6,60,1,1,1,11:41,4,4,19
2023543618223,2023,543618223,2,1,2,1,58,9,3,0,0,0,0,0,19,6,E01032708,-1,0,0.01922,0.98078,-1,3,40,1,1,2,14:15,4,3,19
2023411402131,2023,411402131,1,2,3,1,25,5,3,10,9,0,0,0,0,1,E01033455,3,1,0.0,1.0,-1,6,30,1,4,2,21:57,4,2,9
2023161299329,2023,161299329,1,1,1,1,17,4,3,0,0,0,0,0,1,2,E01013195,3,1,0.0,1.0,-1,6,30,1,1,1,16:00,1,2,1
2023631307892,2023,631307892,2,1,1,1,65,9,3,0,0,0,0,0,5,3,W01001302,3,1,0.0,1.0,-1,6,30,1,1,1,15:00,1,2,5
2023010463615,2023,010463615,1,1,1,1,38,7,3,0,0,0,0,0,9,-1,-1,-1,0,0.0,1.0,-1,6,20,1,4,1,00:42,7,3,9
2023061378226,2023,061378226,2,2,2,1,7,2,3,0,0,2,0,0,9,6,E01006227,3,1,0.0,1.0,-1,6,30,2,4,2,15:30,5,2,9
2023622300682,2023,622300682,2,3,2,2,78,11,3,0,0,1,0,0,9,3,W01001663,-1,0,0.06971,0.93029,-1,6,30,1,1,1,16:53,5,2,9
2023131378803,2023,131378803,1,1,3,1,14,3,3,5,3,0,0,2,0,3,E01010871,3,1,0.0,1.0,-1,6,20,1,1,1,16:07,5,1,9
2023141375620,2023,141375620,1,1,1,2,33,6,3,0,0,0,0,0,9,1,E01007378,3,1,0.0,1.0,-1,1,60,1,1,2,07:11,6,2,9
2023471343860,2023,471343860,2,1,2,1,23,5,3,0,0,2,0,0,9,6,E01021021,3,1,0.0,1.0,-1,6,30,1,1,1,14:12,1,2,9
2023471311082,2023,471311082,2,2,1,1,16,4,2,0,0,0,0,0,4,1,E01020972,7,1,1.0,0.0,-1,6,30,1,1,1,12:47,4,3,4
2023440267589,2023,440267589,1,1,1,1,66,10,2,0,0,0,0,0,5,8,E01022532,-1,0,1.0,0.0,-1,1,60,2,1,2,12:57,3,1,5
2023461375175,2023,461375175,1,1,3,2,59,9,3,1,3,0,0,0,0,10,E01024631,3,1,0.0,1.0,-1,6,30,2,1,2,09:25,4,1,19
2023061340116,2023,061340116,2,1,1,2,58,9,3,0,0,0,0,0,1,2,E01006322,3,1,0.0,1.0,-1,6,30,1,1,1,19:15,2,2,1
2023501294176,2023,501294176,1,1,3,2,85,11,2,6,9,0,0,0,0,5,E01019947,6,1,1.0,0.0,-1,1,30,1,1,2,16:00,5,1,9
2023010438131,2023,010438131,1,1,1,2,32,6,3,0,0,0,0,0,9,6,E01030714,-1,0,0.0,1.0,-1,9,30,9,1,9,10:00,3,2,9
2023201291350,2023,201291350,2,1,1,2,50,8,3,0,0,0,0,0,9,1,E01009337,3,1,0.0,1.0,-1,6,30,1,4,1,20:30,2,2,9
2023201326968,2023,201326968,2,1,1,2,46,8,3,0,0,0,0,0,9,1,E01010318,3,1,0.0,1.0,-1,3,30,1,1,1,13:05,6,3,9
2023201410833,2023,201410833,1,2,2,2,72,10,3,0,0,1,0,0,9,2,E01009758,3,1,0.0,1.0,-1,6,30,1,1,1,12:55,6,3,9
2023221279681,2023,221279681,1,1,1,1,17,4,2,0,0,0,0,0,9,7,E01029639,7,1,1.0,0.0,-1,6,60,1,6,2,21:30,6,1,9
2023631355644,2023,631355644,2,2,2,2,34,6,3,0,0,2,0,0,9,5,W01000546,3,1,0.0,1.0,-1,6,60,2,6,2,23:10,7,2,9
2023131285535,2023,131285535,1,1,3,1,38,7,2,8,1,0,0,2,0,2,E01010929,7,1,1.0,0.0,-1,6,20,1,4,1,20:15,6,2,9
2023421378421,2023,421378421,2,1,1,1,15,3,3,0,0,0,0,0,1,3,E01015986,3,1,0.0,1.0,-1,6,30,1,1,-1,08:10,2,2,1
2023201370132,2023,201370132,2,3,2,1,5,1,3,0,0,2,0,0,9,1,E01009501,3,1,0.0,1.0,-1,6,30,1,1,1,09:32,3,2,9
2023471380156,2023,471380156,2,1,1,1,66,10,3,0,0,0,0,0,9,7,E01016960,3,1,0.0,1.0,-1,6,50,1,6,2,16:30,3,3,9
2023010453504,2023,010453504,1,5,3,2,8,2,1,10,9,0,0,0,0,-1,-1,-1,0,0.0,0.0,-1,6,20,1,1,1,09:54,5,1,9
2023131389074,2023,131389074,1,1,3,1,70,10,3,10,1,0,0,2,0,4,E01011821,3,1,0.0,1.0,-1,2,20,1,1,1,11:15,7,1,9
2023461291436,2023,461291436,2,1,1,2,21,5,3,0,0,0,0,0,9,8,E01024542,3,1,0.0,1.0,-1,6,30,1,1,1,07:29,5,3,9
2023991375080,2023,991375080,1,1,1,2,65,9,3,0,0,0,0,0,9,-1,-1,3,1,0.0,1.0,-1,6,30,1,4,2,16:07,4,2,9
2023440025213,2023,440025213,2,3,2,1,28,6,3,0,0,0,0,0,19,6,E01022802,-1,0,0.03102,0.96898,-1,3,30,1,1,2,15:38,5,2,19
2023131285246,2023,131285246,1,1,3,2,15,3,3,5,3,0,0,2,0,2,E01011840,3,1,0.0,1.0,-1,6,30,2,1,2,08:31,5,1,9
2023161352250,2023,161352250,2,1,1,2,19,4,2,0,0,0,0,0,1,1,E01013312,7,1,1.0,0.0,-1,6,30,2,1,2,08:10,1,2,1
2023010428603,2023,010428603,1,1,1,2,26,6,3,0,0,0,0,0,3,5,E01000994,-1,0,0.0,1.0,-1,3,20,1,1,1,10:25,3,2,3
2023411339358,2023,411339358,2,2,1,1,23,5,3,0,0,0,0,0,3,3,E01015744,3,1,0.0,1.0,-1,6,30,1,1,1,09:21,2,2,3
2023161287084,2023,161287084,1,1,2,2,56,9,3,0,0,0,0,0,5,3,E01013099,3,1,0.0,1.0,-1,6,30,1,1,1,10:48,7,1,5
2023031339642,2023,031339642,1,1,1,1,19,4,3,0,0,0,0,0,9,1,E01019295,3,1,0.0,1.0,-1,6,30,1,4,1,00:57,4,3,9
2023122301329,2023,122301329,2,2,1,1,54,8,3,0,0,0,0,0,19,5,E01019371,-1,0,0.05897,0.94103,-1,6,50,4,6,1,20:30,3,2,19
2023161359003,2023,161359003,1,1,1,2,45,7,3,0,0,0,0,0,1,3,E01013259,3,1,0.0,1.0,-1,6,30,2,4,2,19:00,7,2,1
2023010459543,2023,010459543,1,1,1,1,48,8,3,0,0,0,0,0,8,5,E01000159,-1,0,0.0,1.0,-1,9,20,9,7,2,01:17,1,2,8
2023010450859,2023,010450859,2,1,1,2,32,6,2,0,0,0,0,0,9,5,E01003791,-1,0,1.0,0.0,-1,3,50,1,4,1,22:55,5,2,9
2023041385039,2023,041385039,2,1,2,2,48,8,2,0,0,1,0,0,9,3,E01025469,6,1,1.0,0.0,-1,6,30,5,4,2,22:15,7,2,9
2023421281558,2023,421281558,2,1,1,2,22,5,3,0,0,0,0,0,9,3,E01015884,3,1,0.0,1.0,-1,3,40,9,4,1,19:10,7,2,9
2023201343888,2023,201343888,2,1,1,2,22,5,2,0,0,0,0,0,9,3,E01009221,7,1,1.0,0.0,-1,6,30,1,1,1,05:30,3,3,9
2023421259764,2023,421259764,1,2,2,2,17,4,2,0,0,2,0,0,9,9,E01021933,7,1,1.0,0.0,-1,3,40,1,4,1,00:25,5,1,9
2023440423358,2023,440423358,1,1,2,2,19,4,3,0,0,1,0,0,9,1,E01017163,-1,0,0.02871,0.97129,-1,6,30,1,1,1,09:58,2,2,9
2023010466816,2023,010466816,1,1,1,1,24,5,3,0,0,0,0,0,1,2,E01001911,-1,0,0.0,1.0,-1,6,30,1,1,1,19:45,5,2,1
2023141366277,2023,141366277,2,1,1,1,63,9,3,0,0,0,0,0,1,3,E01007637,3,1,0.0,1.0,-1,6,20,1,1,2,13:00,2,2,1
2023010470690,2023,010470690,1,1,1,1,43,7,3,0,0,0,0,0,9,3,E01002283,-1,0,0.0,1.0,-1,6,30,1,4,1,23:00,7,3,9
2023320570960,2023,320570960,2,1,2,2,31,6,3,0,0,1,0,0,9,7,E01026188,-1,0,0.02145,0.97855,-1,6,30,1,1,1,13:20,2,2,9
2023440347187,2023,440347187,1,1,1,2,41,7,3,0,0,0,0,0,9,7,E01032024,-1,0,0.15085,0.84915,-1,6,60,1,1,1,16:47,1,1,9
2023201411750,2023,201411750,2,1,1,1,32,6,3,0,0,0,0,0,1,-1,-1,3,1,0.0,1.0,-1,3,30,1,4,1,19:51,4,2,1
2023332300896,2023,332300896,2,2,1,1,74,10,1,0,0,0,0,0,9,1,E01013730,-1,0,0.0,0.0,-1,6,40,1,1,1,12:06,3,2,9
2023471314840,2023,471314840,1,1,1,1,64,9,2,0,0,0,0,0,9,6,E01031392,6,1,1.0,0.0,-1,6,30,1,1,1,12:07,1,2,9
2023501276093,2023,501276093,1,1,2,1,65,9,3,0,0,1,0,0,9,-1,-1,3,1,0.0,1.0,-1,3,30,1,1,1,13:35,7,5,9
2023461302509,2023,461302509,4,1,1,1,64,9,2,0,0,0,0,0,1,9,E01033214,5,1,1.0,0.0,-1,6,40,1,1,1,13:50,1,4,1