collision_index,collision_year,collision_ref_no,vehicle_reference,casualty_reference,casualty_class,sex_of_casualty,age_of_casualty,age_band_of_casualty,casualty_severity,pedestrian_location,pedestrian_movement,car_passenger,bus_or_coach_passenger,pedestrian_road_maintenance_worker,casualty_type,casualty_imd_decile,lsoa_of_casualty,enhanced_casualty_severity,casualty_injury_based,casualty_adjusted_severity_serious,casualty_adjusted_severity_slight,casualty_distance_banding,road_type,speed_limit,weather_conditions,light_conditions,road_surface_conditions,time,day_of_week,number_of_vehicles,vehicle_type
2023471367386,2023,471367386,2,1,1,1,28,6,3,0,0,0,0,0,3,5,E01031595,3,1,0.0,1.0,-1,1,30,1,1,2,10:30,5,2,3
2023451383106,2023,451383106,2,2,2,2,30,6,3,0,0,0,0,0,4,9,E01030875,3,1,0.0,1.0,-1,6,30,1,4,2,18:00,3,2,4
2023010443902,2023,010443902,1,6,2,-1,4,1,3,0,0,2,0,0,9,6,E01014952,-1,0,0.0,1.0,-1,3,30,1,1,1,14:00,5,2,9
2023061370869,2023,061370869,1,1,1,2,39,7,3,0,0,0,0,0,9,5,E01005961,3,1,0.0,1.0,-1,6,30,1,4,2,16:37,7,2,9
2023010437403,2023,010437403,1,1,1,1,24,5,2,0,0,0,0,0,3,3,E01001244,-1,0,1.0,0.0,-1,3,30,1,1,2,15:44,6,3,3
2023430456995,2023,430456995,1,1,1,1,84,11,3,0,0,0,0,0,5,7,E01017860,-1,0,0.22799,0.77201,-1,6,30,1,1,1,09:03,4,1,5
2023010446525,2023,010446525,1,1,3,1,43,7,3,4,2,0,0,0,0,-1,-1,-1,0,0.0,1.0,-1,6,30,1,1,1,13:00,6,1,9
2023302300902,2023,302300902,2,2,2,2,27,6,3,0,0,1,0,0,9,7,E01019812,-1,0,0.05669,0.94331,-1,6,60,1,1,1,18:30,7,2,9
2023401334023,2023,401334023,2,2,1,2,56,9,3,0,0,0,0,0,9,10,E01033508,3,1,0.0,1.0,-1,3,70,2,1,2,12:53,2,2,9
2023440420775,2023,440420775,1,3,2,1,21,5,2,0,0,1,0,0,9,2,E01022965,-1,0,1.0,0.0,-1,6,30,1,4,1,05:03,7,2,9
2023461343908,2023,461343908,3,1,1,1,19,4,3,0,0,0,0,0,9,8,E01016144,3,1,0.0,1.0,-1,3,30,1,1,1,16:38,2,4,9
2023052301417,2023,052301417,2,1,1,1,59,9,3,0,0,0,0,0,1,9,E01007182,-1,0,0.12581,0.87419,-1,6,20,1,1,1,16:50,3,2,1
2023111334695,2023,111334695,1,1,1,1,25,5,1,0,0,0,0,0,9,3,E01033203,1,1,0.0,0.0,-1,6,60,1,1,1,06:46,7,2,9
2023461339042,2023,461339042,1,1,1,1,77,11,3,0,0,0,0,0,1,7,E01024073,3,1,0.0,1.0,-1,6,30,1,1,2,08:56,5,1,1
2023622301065,2023,622301065,1,1,3,2,80,11,1,5,1,0,0,0,0,7,W01001831,-1,0,0.0,0.0,-1,6,20,1,1,1,11:18,6,1,19
2023010428043,2023,010428043,1,1,3,2,30,6,3,1,3,0,0,0,0,4,E01000504,-1,0,0.0,1.0,-1,9,20,1,1,1,15:45,1,1,19
2023211332519,2023,211332519,2,1,1,1,29,6,2,0,0,0,0,0,9,7,E01019786,5,1,1.0,0.0,-1,6,50,1,1,1,19:26,1,2,9
2023211348098,2023,211348098,2,1,1,2,35,6,3,0,0,0,0,0,9,6,E01022035,3,1,0.0,1.0,-1,6,30,1,1,1,17:52,6,2,9
2023461353423,2023,461353423,2,1,1,1,52,8,3,0,0,0,0,0,9,10,E01024470,3,1,0.0,1.0,-1,6,30,2,4,2,21:45,3,2,9
2023221286546,2023,221286546,2,2,1,2,29,6,3,0,0,0,0,0,9,6,E01032350,3,1,0.0,1.0,-1,6,50,2,1,2,17:20,5,2,9
2023430469338,2023,430469338,1,1,2,1,5,1,3,0,0,2,0,0,9,-1,-1,-1,0,0.03676,0.96324,-1,6,30,2,4,2,18:03,4,2,9
2023461356754,2023,461356754,1,1,1,1,38,7,3,0,0,0,0,0,9,-1,-1,3,1,0.0,1.0,-1,6,50,1,1,1,15:00,7,2,9
2023991389831,2023,991389831,1,1,1,2,69,10,2,0,0,0,0,0,9,10,-1,5,1,1.0,0.0,-1,6,60,1,1,2,14:30,2,1,9
2023010428500,2023,010428500,2,1,1,1,38,7,3,0,0,0,0,0,1,10,E01030754,-1,0,0.0,1.0,-1,6,20,1,4,1,21:08,3,2,1
2023010443527,2023,010443527,2,1,1,1,16,4,3,0,0,0,0,0,1,3,E01002100,-1,0,0.0,1.0,-1,9,20,1,1,1,15:30,3,2,1
2023340NN1642,2023,340NN1642,2,1,1,1,49,8,3,0,0,0,0,0,1,1,E01027083,-1,0,0.15627,0.84373,-1,6,20,8,1,2,07:37,3,2,1
2023101285963,2023,101285963,1,3,2,2,72,10,3,0,0,1,0,0,9,8,E01022623,3,1,0.0,1.0,-1,6,60,1,1,1,17:30,1,2,9
2023141355942,2023,141355942,2,3,2,1,53,8,3,0,0,1,0,0,9,8,E01031617,3,1,0.0,1.0,-1,6,50,1,1,1,15:55,1,2,9
2023201339288,2023,201339288,1,1,1,1,27,6,2,0,0,0,0,0,9,3,E01010396,5,1,1.0,0.0,-1,6,30,1,4,1,23:56,6,2,9
2023461402785,2023,461402785,1,3,2,2,21,5,2,0,0,1,0,0,9,4,E01016067,7,1,1.0,0.0,-1,6,30,1,4,1,21:33,6,2,9
2023010428704,2023,010428704,1,1,1,1,35,6,3,0,0,0,0,0,3,2,E01003120,-1,0,0.0,1.0,-1,6,30,7,4,2,18:00,4,2,3
2023141298477,2023,141298477,1,1,1,2,35,6,3,0,0,0,0,0,90,6,E01011885,3,1,0.0,1.0,-1,6,30,1,1,1,12:00,4,2,90
2023131307917,2023,131307917,1,2,3,2,12,3,3,6,9,0,0,2,0,1,E01011791,3,1,0.0,1.0,-1,6,30,1,1,1,15:35,2,2,9
2023461370180,2023,461370180,1,1,3,2,57,9,3,9,8,0,0,0,0,7,E01024547,3,1,0.0,1.0,-1,6,30,1,1,1,12:55,6,1,9
2023061322570,2023,061322570,1,1,3,2,6,2,2,9,5,0,0,0,0,1,E01006215,5,1,1.0,0.0,-1,6,20,1,1,1,20:25,7,1,9
2023411355245,2023,411355245,1,1,3,2,31,6,3,10,9,0,0,0,0,9,E01023419,3,1,0.0,1.0,-1,6,30,1,1,-1,15:32,6,1,9
2023991363798,2023,991363798,1,1,3,1,83,11,3,5,3,0,0,0,0,10,-1,3,1,0.0,1.0,-1,6,30,8,1,1,10:40,3,1,9
2023320766163,2023,320766163,2,1,2,2,39,7,3,0,0,1,0,0,9,1,E01018108,-1,0,0.04231,0.95769,-1,6,60,2,4,2,18:00,4,3,9
2023440271260,2023,440271260,1,2,2,2,79,11,3,0,0,1,0,0,9,10,E01030898,-1,0,0.15533,0.84467,-1,6,60,1,1,1,18:19,5,2,9
202360A058565,2023,60A058565,1,1,2,1,25,5,3,0,0,1,0,0,9,-1,-1,-1,0,0.06273,0.93727,-1,6,60,1,1,1,12:20,7,2,9
2023010460274,2023,010460274,1,1,3,2,67,10,3,4,9,0,0,0,0,1,E01004318,-1,0,0.0,1.0,-1,6,20,1,1,1,17:25,7,1,1
2023201269809,2023,201269809,1,1,3,1,13,3,3,4,1,0,0,0,0,3,E01009773,3,1,0.0,1.0,-1,6,30,1,4,1,18:03,1,1,9
2023302300602,2023,302300602,2,1,2,1,10,2,3,0,0,0,0,0,5,6,E01019594,-1,0,0.18708,0.81292,-1,6,50,1,1,1,16:52,4,2,5
2023311295990,2023,311295990,1,1,1,1,31,6,3,0,0,0,0,0,2,2,E01027983,3,1,0.0,1.0,-1,6,30,1,1,2,16:28,4,2,2
2023010451100,2023,010451100,1,1,3,2,38,7,3,6,9,0,0,0,0,6,E01017826,-1,0,0.0,1.0,-1,9,20,1,1,1,10:20,6,1,9
2023010454088,2023,010454088,1,1,1,2,38,7,3,0,0,0,0,0,8,2,E01033712,-1,0,0.0,1.0,-1,6,20,8,1,1,12:00,6,2,8
2023010471601,2023,010471601,1,1,3,2,25,5,3,1,3,0,0,0,0,2,E01004409,-1,0,0.0,1.0,-1,6,20,2,1,2,08:55,5,1,19
2023440353724,2023,440353724,2,2,1,1,28,6,3,0,0,0,0,0,1,10,E01022928,-1,0,0.06051,0.93949,-1,6,30,1,1,2,08:34,6,2,1
2023401276045,2023,401276045,1,1,3,1,65,9,2,4,1,0,0,0,0,1,E01017471,7,1,1.0,0.0,-1,6,30,1,4,1,22:30,7,1,9
2023201328133,2023,201328133,2,1,1,1,47,8,3,0,0,0,0,0,8,1,E01010367,3,1,0.0,1.0,-1,6,30,1,4,1,01:25,1,2,8
2023010430563,2023,010430563,2,1,1,1,21,5,3,0,0,0,0,0,3,8,E01001544,-1,0,0.0,1.0,-1,6,30,1,4,1,20:45,1,2,3
2023010423542,2023,010423542,1,1,3,2,37,7,2,5,3,0,0,0,0,2,E01003191,-1,0,1.0,0.0,-1,3,20,1,1,2,14:50,4,1,5
2023010421521,2023,010421521,2,1,1,1,60,9,3,0,0,0,0,0,1,2,E01001745,-1,0,0.0,1.0,-1,3,20,1,1,1,15:06,1,2,1
2023010486725,2023,010486725,1,2,2,2,1,1,3,0,0,0,0,0,1,8,E01001919,-1,0,0.0,1.0,-1,6,20,2,4,2,00:18,7,2,1
2023552300128,2023,552300128,2,1,1,2,43,7,3,0,0,0,0,0,1,6,E01033286,-1,0,0.06175,0.93825,-1,6,30,1,1,1,08:00,3,2,1
2023211277318,2023,211277318,1,1,3,1,29,6,3,10,6,0,0,-1,0,3,E01014322,3,1,0.0,1.0,-1,6,30,1,1,1,15:15,5,1,9
2023010436979,2023,010436979,1,1,1,1,25,5,3,0,0,0,0,0,3,7,E01003270,-1,0,0.0,1.0,-1,9,20,9,1,9,18:00,6,2,3
2023411341832,2023,411341832,1,1,3,2,93,11,2,10,9,0,0,0,0,9,E01023467,7,1,1.0,0.0,-1,9,20,1,1,1,10:45,4,1,9
202360A053270,2023,60A053270,1,1,3,1,12,3,3,6,9,0,0,0,0,-1,-1,-1,0,0.061,0.939,-1,6,30,1,4,1,20:13,4,1,19
2023440500366,2023,440500366,1,1,1,1,58,9,3,0,0,0,0,0,1,9,E01022909,-1,0,0.21936,0.78064,-1,6,40,2,4,2,18:01,5,1,1
2023010478672,2023,010478672,1,1,1,1,47,8,3,0,0,0,0,0,9,3,E01003143,-1,0,0.0,1.0,-1,6,20,1,4,1,19:45,6,2,9
2023991339154,2023,991339154,3,2,1,2,54,8,2,0,0,0,0,0,9,5,-1,6,1,1.0,0.0,-1,6,40,1,1,1,14:55,2,4,9
2023010467477,2023,010467477,1,1,2,2,82,11,3,0,0,0,3,0,11,6,E01003254,-1,0,0.0,1.0,-1,6,20,1,1,1,14:29,5,1,11
2023070528143,2023,070528143,2,3,2,2,51,8,3,0,0,1,0,0,9,10,E01025355,-1,0,0.04,0.96,-1,3,70,1,1,1,11:05,7,3,9
2023520300434,2023,520300434,1,1,1,1,36,7,3,0,0,0,0,0,9,5,E01029047,-1,0,0.00809,0.99191,-1,3,40,1,1,1,14:51,7,2,9
202354A886223,2023,54A886223,2,1,1,2,48,8,3,0,0,0,0,0,9,-1,-1,-1,0,0.06594,0.93406,-1,6,60,1,1,2,13:31,6,2,9
2023451363526,2023,451363526,1,1,1,1,62,9,3,0,0,0,0,0,19,9,E01022859,3,1,0.0,1.0,-1,7,50,1,1,1,16:02,2,2,19
2023440341541,2023,440341541,1,1,1,1,23,5,3,0,0,0,0,0,3,3,E01017099,-1,0,0.13296,0.86704,-1,6,50,1,1,1,15:23,4,2,3
2023131387430,2023,131387430,1,1,1,1,33,6,3,0,0,0,0,0,9,2,E01010929,3,1,0.0,1.0,-1,6,30,1,4,2,18:40,3,2,9
2023161376457,2023,161376457,2,1,2,2,42,7,3,0,0,1,0,0,9,10,E01012924,3,1,0.0,1.0,-1,6,50,2,1,2,13:50,1,2,9
2023501337428,2023,501337428,1,1,1,2,25,5,3,0,0,0,0,0,9,1,E01015047,3,1,0.0,1.0,-1,6,30,5,1,2,09:05,4,2,9
2023101442017,2023,101442017,1,1,3,2,17,4,2,5,3,0,0,0,0,4,E01008767,7,1,1.0,0.0,-1,6,30,1,1,1,10:30,1,1,9
2023010458524,2023,010458524,1,1,1,1,48,8,3,0,0,0,0,0,1,2,E01003973,-1,0,0.0,1.0,-1,9,20,1,1,1,19:45,3,2,1
2023041272890,2023,041272890,2,1,1,1,52,8,3,0,0,0,0,0,1,3,E01025310,3,1,0.0,1.0,-1,6,30,1,1,4,07:30,2,2,1
2023501347373,2023,501347373,2,1,1,1,69,10,3,0,0,0,0,0,5,4,E01018825,3,1,0.0,1.0,-1,9,60,1,1,1,19:10,4,2,5
2023631381513,2023,631381513,2,1,1,2,44,7,2,0,0,0,0,0,1,4,W01000516,7,1,1.0,0.0,-1,6,20,1,1,1,09:20,3,2,1
2023010443888,2023,010443888,1,1,1,1,34,6,3,0,0,0,0,0,3,2,E01002076,-1,0,0.0,1.0,-1,9,30,1,1,1,17:30,4,2,3
2023451378562,2023,451378562,2,1,1,1,27,6,3,0,0,0,0,0,3,8,E01030794,3,1,0.0,1.0,-1,1,30,1,4,1,18:30,5,2,3
2023340NN0412,2023,340NN0412,1,1,1,1,44,7,3,0,0,0,0,0,5,3,E01027060,-1,0,0.20546,0.79454,-1,3,70,1,1,2,08:30,3,2,5
2023170L30483,2023,170L30483,2,4,2,2,21,5,3,0,0,2,0,0,9,2,E01012318,-1,0,0.05085,0.94915,-1,6,30,1,1,1,16:10,7,2,9
2023302300735,2023,302300735,1,1,3,2,95,11,3,5,1,0,0,0,0,4,E01029451,-1,0,0.22407,0.77593,-1,6,30,1,1,1,14:09,5,1,19
2023501293010,2023,501293010,1,1,3,1,12,3,3,9,9,0,0,0,0,9,E01015118,3,1,0.0,1.0,-1,6,30,1,1,1,16:10,1,1,11
2023010453392,2023,010453392,1,2,1,1,45,7,3,0,0,0,0,0,5,7,E01033509,-1,0,0.0,1.0,-1,6,20,1,1,1,16:29,4,1,5
2023361340445,2023,361340445,1,1,3,2,57,9,2,1,3,0,0,0,0,6,E01026707,7,1,1.0,0.0,-1,9,20,1,1,1,19:56,5,1,9
2023131375995,2023,131375995,2,1,1,2,32,6,3,0,0,0,0,0,9,4,E01011727,3,1,0.0,1.0,-1,3,40,2,1,2,08:55,7,2,9
2023231314202,2023,231314202,1,1,3,2,16,4,3,5,3,0,0,0,0,1,E01031057,3,1,0.0,1.0,-1,6,30,1,1,1,19:15,7,1,9
2023302301891,2023,302301891,1,1,3,2,92,11,2,5,1,0,0,0,0,7,E01019628,-1,0,1.0,0.0,-1,6,30,2,1,2,10:50,5,1,9
2023332300203,2023,332300203,2,1,1,1,9,2,3,0,0,0,0,0,1,8,E01025795,-1,0,0.04721,0.95279,-1,6,30,1,1,1,08:40,3,2,1
2023010443316,2023,010443316,1,1,1,1,21,5,3,0,0,0,0,0,3,4,E01001183,-1,0,0.0,1.0,-1,2,20,1,1,1,17:18,3,2,3
2023451370127,2023,451370127,1,1,1,1,21,5,3,0,0,0,0,0,3,9,E01030766,3,1,0.0,1.0,-1,6,50,2,1,2,17:20,4,2,3
2023461298341,2023,461298341,2,1,1,1,65,9,3,0,0,0,0,0,9,2,E01024311,3,1,0.0,1.0,-1,6,30,1,4,1,23:31,5,2,9
2023440418848,2023,440418848,1,1,3,1,36,7,2,9,8,0,0,0,0,10,E01023279,-1,0,1.0,0.0,-1,3,70,2,6,2,22:20,5,1,9
2023451360748,2023,451360748,2,1,1,1,36,7,3,0,0,0,0,0,1,3,E01003926,3,1,0.0,1.0,-1,6,30,1,1,1,14:03,1,2,1
2023451284547,2023,451284547,1,1,3,1,30,6,3,9,5,0,0,0,0,-1,-1,3,1,0.0,1.0,-1,6,30,1,1,1,08:15,3,2,9
2023302301344,2023,302301344,2,1,2,2,48,8,3,0,0,2,0,0,9,10,E01024977,-1,0,0.01915,0.98085,-1,6,30,1,1,1,13:00,2,2,9
2023461325981,2023,461325981,2,1,1,1,32,6,3,0,0,0,0,0,9,9,E01016133,3,1,0.0,1.0,-1,6,30,1,1,1,17:20,5,2,9
2023471387930,2023,471387930,1,1,1,1,55,8,3,0,0,0,0,0,9,1,E01009057,3,1,0.0,1.0,-1,6,60,1,6,2,17:00,4,2,9
2023170M10283,2023,170M10283,1,1,1,1,26,6,3,0,0,0,0,0,1,1,E01012077,-1,0,0.11939,0.88061,-1,6,30,1,4,2,22:00,6,2,1
2023070352437,2023,070352437,1,1,1,2,46,8,3,0,0,0,0,0,5,1,E01014124,-1,0,0.19963,0.80037,-1,6,50,1,1,1,16:58,4,2,5
2023141260461,2023,141260461,1,1,3,1,10,2,2,6,9,0,0,0,0,3,E01007374,7,1,1.0,0.0,-1,6,30,1,1,2,15:30,6,1,9
2023311334750,2023,311334750,1,2,3,2,32,6,3,5,1,0,0,0,0,-1,-1,3,1,0.0,1.0,-1,6,30,1,1,1,18:05,7,1,9
2023371364767,2023,371364767,1,1,3,1,33,6,3,10,9,0,0,0,0,1,E01030250,3,1,0.0,1.0,-1,6,30,1,1,1,16:19,7,1,22
2023991314740,2023,991314740,1,1,2,2,45,7,3,0,0,0,4,0,11,-1,-1,3,1,0.0,1.0,-1,6,20,1,1,1,09:20,3,1,11
2023010470498,2023,010470498,1,1,1,1,47,8,3,0,0,0,0,0,9,1,E01001429,-1,0,0.0,1.0,-1,6,20,1,4,1,20:00,6,1,9
2023131350191,2023,131350191,1,2,2,1,20,4,3,0,0,1,0,0,9,1,E01011864,3,1,0.0,1.0,-1,6,60,1,1,1,01:12,7,1,9
2023221295969,2023,221295969,2,2,1,2,49,8,3,0,0,0,0,0,9,6,E01022253,3,1,0.0,1.0,-1,6,60,1,1,2,13:40,7,3,9
2023201408762,2023,201408762,1,1,3,2,13,3,2,5,9,0,0,0,0,3,E01010051,7,1,1.0,0.0,-1,6,30,1,1,1,15:27,2,1,9
2023061381086,2023,061381086,2,1,1,1,35,6,3,0,0,0,0,0,1,1,E01005828,3,1,0.0,1.0,-1,6,30,1,4,2,19:30,5,2,1
2023131355610,2023,131355610,1,1,1,1,45,7,2,0,0,0,0,0,1,4,E01011753,7,1,1.0,0.0,-1,6,30,1,1,2,13:45,4,3,1
2023430320472,2023,430320472,2,1,1,1,20,4,3,0,0,0,0,0,1,10,E01016430,-1,0,0.03912,0.96088,-1,6,30,1,1,1,13:15,4,2,1
2023010482277,2023,010482277,1,1,1,1,32,6,3,0,0,0,0,0,3,2,E01003509,-1,0,0.0,1.0,-1,2,20,1,1,1,08:50,4,3,3
2023061291485,2023,061291485,1,1,3,2,56,9,3,8,7,0,0,0,0,1,E01005071,3,1,0.0,1.0,-1,6,30,1,4,2,20:20,3,1,9
2023131380079,2023,131380079,1,1,3,2,76,11,3,5,1,0,0,2,0,7,E01011127,3,1,0.0,1.0,-1,6,30,4,1,1,13:30,6,1,9
2023332300373,2023,332300373,1,1,3,1,16,4,3,5,1,0,0,0,0,3,E01013762,-1,0,0.0458,0.9542,-1,6,30,1,1,1,08:15,2,1,9
2023552300587,2023,552300587,1,1,1,1,60,9,2,0,0,0,0,0,4,7,E01032643,-1,0,1.0,0.0,-1,6,30,1,1,2,08:18,2,1,4
2023031321697,2023,031321697,1,2,3,1,55,8,3,1,3,0,0,0,0,1,E01019143,3,1,0.0,1.0,-1,6,30,1,4,1,02:54,1,1,9
2023122300684,2023,122300684,1,1,3,2,69,10,3,4,3,0,0,0,0,9,E01027577,-1,0,0.11289,0.88711,-1,6,30,1,1,1,11:02,4,2,9
2023461281175,2023,461281175,1,1,3,1,16,4,3,10,9,0,0,0,0,9,E01016081,3,1,0.0,1.0,-1,6,30,1,1,1,15:20,5,1,9
2023052302624,2023,052302624,2,1,1,2,57,9,3,0,0,0,0,0,1,2,E01006456,-1,0,0.1807,0.8193,-1,3,40,1,1,2,08:00,4,2,1
2023010420121,2023,010420121,1,1,1,1,45,7,3,0,0,0,0,0,3,7,E01000118,-1,0,0.0,1.0,-1,9,20,1,1,1,12:46,6,2,3
2023371327890,2023,371327890,1,1,1,2,63,9,3,0,0,0,0,0,98,8,E01015690,3,1,0.0,1.0,-1,3,70,1,1,1,11:19,6,3,98
2023451314971,2023,451314971,1,1,1,2,24,5,3,0,0,0,0,0,97,10,E01030809,3,1,0.0,1.0,-1,1,30,1,1,1,08:06,2,2,97
2023010420352,2023,010420352,1,1,3,2,46,8,3,1,3,0,0,0,0,6,E01004621,-1,0,0.0,1.0,-1,2,20,1,1,1,15:40,6,1,9
2023061342815,2023,061342815,1,1,1,1,48,8,3,0,0,0,0,0,9,4,E01005059,3,1,0.0,1.0,-1,6,30,1,1,1,10:09,2,4,9
2023101312572,2023,101312572,1,2,2,2,8,2,3,0,0,1,0,0,9,1,E01008426,3,1,0.0,1.0,-1,6,30,1,1,1,13:30,7,2,9
2023010461530,2023,010461530,1,2,3,1,2,1,3,5,2,0,0,0,0,-1,-1,-1,0,0.0,1.0,-1,6,20,1,1,1,10:35,1,1,-1
2023201298517,2023,201298517,1,1,3,2,18,4,2,5,1,0,0,2,0,1,E01009373,7,1,1.0,0.0,-1,1,30,1,5,1,07:40,5,1,9
2023010422469,2023,010422469,1,1,3,2,22,5,3,5,3,0,0,0,0,5,E01001310,-1,0,0.0,1.0,-1,6,20,1,1,2,13:00,6,1,9
2023501320020,2023,501320020,1,1,3,2,63,9,3,9,8,0,0,0,0,8,E01019910,3,1,0.0,1.0,-1,6,30,1,1,1,17:15,3,1,9
2023041315232,2023,041315232,2,2,1,1,52,8,2,0,0,0,0,0,1,8,E01025437,7,1,1.0,0.0,-1,6,40,1,1,1,18:15,7,2,1
2023520400194,2023,520400194,1,1,1,1,18,4,3,0,0,0,0,0,3,9,E01029184,-1,0,0.1499,0.8501,-1,6,60,1,1,1,16:55,3,2,3
2023211389339,2023,211389339,1,1,1,1,64,9,3,0,0,0,0,0,1,10,E01029759,3,1,0.0,1.0,-1,6,30,1,1,1,15:30,7,2,1
2023531381153,2023,531381153,2,1,1,1,19,4,3,0,0,0,0,0,3,9,E01022436,3,1,0.0,1.0,-1,1,50,1,1,1,13:40,6,2,3
2023501378587,2023,501378587,2,1,1,2,42,7,3,0,0,0,0,0,9,4,E01015175,3,1,0.0,1.0,-1,6,30,1,1,1,15:02,6,2,9
2023552300728,2023,552300728,2,3,2,1,31,6,3,0,0,1,0,0,9,2,E01020573,-1,0,0.02851,0.97149,-1,6,60,1,1,1,11:02,7,4,9
202360A046829,2023,60A046829,1,1,1,2,45,7,3,0,0,0,0,0,9,-1,-1,-1,0,0.06792,0.93208,-1,1,60,1,1,1,14:34,7,2,9
2023010463387,2023,010463387,1,1,1,2,27,6,3,0,0,0,0,0,9,-1,-1,-1,0,0.0,1.0,-1,6,20,1,1,1,07:00,5,2,9
2023131348910,2023,131348910,2,1,1,2,52,8,2,0,0,0,0,0,9,3,E01011328,7,1,1.0,0.0,-1,6,30,1,1,1,18:10,7,1,9
2023221315309,2023,221315309,2,1,1,1,31,6,3,0,0,0,0,0,9,9,E01017641,3,1,0.0,1.0,-1,7,40,1,1,1,13:15,6,2,9
2023332300431,2023,332300431,1,1,1,2,57,9,3,0,0,0,0,0,9,9,E01025947,-1,0,0.01817,0.98183,-1,6,30,1,1,1,09:00,3,2,9
2023340WN4652,2023,340WN4652,1,1,1,2,24,5,3,0,0,0,0,0,9,6,E01002295,-1,0,0.08662,0.91338,-1,6,60,1,1,1,10:00,4,2,9
2023522301386,2023,522301386,1,1,1,1,30,6,3,0,0,0,0,0,9,2,E01033361,-1,0,0.00298,0.99702,-1,1,30,1,1,1,18:40,4,2,9
2023010419706,2023,010419706,1,1,1,1,77,11,3,0,0,0,0,0,9,4,E01003447,-1,0,0.0,1.0,-1,1,20,1,4,1,21:30,4,2,9
2023161266384,2023,161266384,1,1,1,1,66,10,3,0,0,0,0,0,9,7,E01013783,3,1,0.0,1.0,-1,6,30,1,1,2,13:46,7,2,9
2023361279688,2023,361279688,1,1,1,1,62,9,3,0,0,0,0,0,9,2,E01015610,3,1,0.0,1.0,-1,6,60,1,1,1,09:10,2,2,9
2023451287141,2023,451287141,1,1,1,2,60,9,2,0,0,0,0,0,9,7,E01030594,7,1,1.0,0.0,-1,6,30,1,1,1,10:01,4,2,9
2023031334451,2023,031334451,2,2,2,2,40,7,3,0,0,0,4,0,11,6,E01019213,3,1,0.0,1.0,-1,6,30,1,1,1,13:45,6,2,11
2023371357780,2023,371357780,1,1,1,1,63,9,3,0,0,0,0,0,21,4,E01026468,3,1,0.0,1.0,-1,6,30,1,1,1,16:15,6,2,21
2023430439485,2023,430439485,1,1,1,1,23,5,2,0,0,0,0,0,9,5,E01015740,-1,0,1.0,0.0,-1,6,30,1,7,1,01:00,7,1,9
2023520400124,2023,520400124,1,1,1,1,33,6,3,0,0,0,0,0,9,7,E01029189,-1,0,0.02547,0.97453,-1,6,30,1,1,1,10:50,4,2,9
2023481361881,2023,481361881,1,1,2,2,65,9,3,0,0,0,1,0,11,-1,-1,3,1,0.0,1.0,-1,6,20,8,1,2,10:46,5,1,11
2023440497937,2023,440497937,2,2,1,1,36,7,3,0,0,0,0,0,19,5,E01019886,-1,0,0.01858,0.98142,-1,6,40,1,1,1,11:15,4,2,19
2023061331498,2023,061331498,1,1,3,2,23,5,3,10,9,0,0,2,0,5,E01025314,3,1,0.0,1.0,-1,6,30,1,1,1,18:15,7,1,8
2023141365245,2023,141365245,1,1,3,1,11,3,3,8,1,0,0,0,0,-1,-1,3,1,0.0,1.0,-1,6,20,2,4,2,17:10,6,1,9
2023061279329,2023,061279329,2,1,1,1,27,6,3,0,0,0,0,0,1,4,E01005853,3,1,0.0,1.0,-1,6,30,9,1,1,15:50,6,2,1
2023201403191,2023,201403191,1,1,3,1,32,6,3,4,3,0,0,2,0,-1,-1,3,1,0.0,1.0,-1,6,30,1,1,1,14:46,3,1,9
2023461292034,2023,461292034,1,1,3,2,14,3,2,1,1,0,0,0,0,3,E01024166,7,1,1.0,0.0,-1,3,40,1,1,1,08:15,6,1,19
2023221340774,2023,221340774,1,1,1,1,64,9,3,0,0,0,0,0,9,-1,-1,3,1,0.0,1.0,-1,6,60,1,1,1,14:50,6,1,9
2023421275743,2023,421275743,1,2,2,2,25,5,3,0,0,1,0,0,9,1,E01021576,3,1,0.0,1.0,-1,3,70,1,1,1,13:13,2,1,9
2023010423422,2023,010423422,1,1,3,2,60,9,2,1,2,0,0,0,0,4,E01003169,-1,0,1.0,0.0,-1,3,30,1,1,1,11:05,4,1,9
2023141355510,2023,141355510,1,1,3,1,11,3,2,10,8,0,0,0,0,7,E01008049,7,1,1.0,0.0,-1,6,30,1,1,1,18:35,6,1,9
2023522400586,2023,522400586,2,1,1,1,22,5,3,0,0,0,0,0,3,7,E01014551,-1,0,0.08326,0.91674,-1,2,30,1,1,1,10:29,7,2,3
2023430252935,2023,430252935,2,1,1,1,50,8,3,0,0,0,0,0,5,4,E01028781,-1,0,0.26037,0.73963,-1,6,60,1,1,1,20:16,6,3,5
2023010445764,2023,010445764,1,2,2,2,61,9,3,0,0,2,0,0,8,2,E01003174,-1,0,0.0,1.0,-1,6,20,1,4,1,02:36,2,3,8
2023201305650,2023,201305650,2,3,2,1,31,6,3,0,0,1,0,0,9,9,E01010175,3,1,0.0,1.0,-1,6,30,1,4,1,22:28,3,2,9
2023401286164,2023,401286164,1,1,1,1,61,9,3,0,0,0,0,0,20,5,E01023782,3,1,0.0,1.0,-1,6,40,2,1,2,07:22,6,1,20