collision_index,collision_year,collision_ref_no,vehicle_reference,casualty_reference,casualty_class,sex_of_casualty,age_of_casualty,age_band_of_casualty,casualty_severity,pedestrian_location,pedestrian_movement,car_passenger,bus_or_coach_passenger,pedestrian_road_maintenance_worker,casualty_type,casualty_imd_decile,lsoa_of_casualty,enhanced_casualty_severity,casualty_injury_based,casualty_adjusted_severity_serious,casualty_adjusted_severity_slight,casualty_distance_banding,road_type,speed_limit,weather_conditions,light_conditions,road_surface_conditions,time,day_of_week,number_of_vehicles,vehicle_type
2023522300915,2023,522300915,2,1,1,1,22,5,3,0,0,0,0,0,3,1,E01014655,-1,0,0.10357,0.89643,-1,6,20,1,1,1,13:12,4,2,3
2023991342100,2023,991342100,1,1,3,1,13,3,2,5,9,0,0,0,0,2,-1,7,1,1.0,0.0,-1,3,40,1,1,1,18:17,2,1,9
2023302301540,2023,302301540,1,1,1,1,18,4,3,0,0,0,0,0,3,4,E01019649,-1,0,0.15862,0.84138,-1,6,30,1,1,1,12:20,7,2,3
2023340WN6442,2023,340WN6442,1,1,3,1,7,2,3,8,4,0,0,0,0,-1,-1,-1,0,0.13346,0.86654,-1,6,30,2,1,2,13:40,2,1,9
2023010435185,2023,010435185,1,1,1,2,20,4,3,0,0,0,0,0,1,8,E01001925,-1,0,0.0,1.0,-1,3,30,2,1,9,16:52,3,2,1
2023471350152,2023,471350152,2,1,1,1,27,6,2,0,0,0,0,0,5,9,E01021167,5,1,1.0,0.0,-1,3,70,1,4,1,19:06,5,2,5
2023461299171,2023,461299171,1,1,3,1,-1,-1,3,1,1,0,0,0,0,9,E01016103,3,1,0.0,1.0,-1,6,30,1,1,1,08:40,3,1,9
2023010430189,2023,010430189,1,1,1,1,-1,-1,3,0,0,0,0,0,1,-1,-1,-1,0,0.0,1.0,-1,6,20,1,1,1,08:35,6,1,1
2023471368049,2023,471368049,1,1,3,1,58,9,2,4,3,0,0,0,0,2,E01020929,6,1,1.0,0.0,-1,6,30,5,4,2,18:24,7,1,9
2023131316475,2023,131316475,1,1,3,2,14,3,3,8,7,0,0,2,0,1,E01011029,3,1,0.0,1.0,-1,6,20,1,1,1,08:36,5,1,9
2023451351020,2023,451351020,1,1,3,1,86,11,1,10,9,0,0,0,0,10,E01030462,1,1,0.0,0.0,-1,6,50,1,4,1,22:13,1,1,11
2023991329324,2023,991329324,1,1,3,1,51,8,2,10,1,0,0,2,0,-1,-1,7,1,1.0,0.0,-1,6,20,1,1,1,15:00,3,1,19
2023131302751,2023,131302751,1,2,1,1,24,5,3,0,0,0,0,0,19,1,E01011375,3,1,0.0,1.0,-1,6,60,1,1,1,08:00,3,2,19
2023131366116,2023,131366116,1,1,1,1,85,11,2,0,0,0,0,0,9,7,E01011569,6,1,1.0,0.0,-1,6,30,1,1,1,11:51,2,2,9
2023430514182,2023,430514182,3,2,1,2,41,7,2,0,0,0,0,0,9,10,E01028782,-1,0,1.0,0.0,-1,6,50,1,6,1,17:05,4,3,9
202363C017823,2023,63C017823,1,1,1,1,59,9,3,0,0,0,0,0,9,4,W01000646,-1,0,0.07084,0.92916,-1,6,60,1,1,1,17:30,7,2,9
2023010457816,2023,010457816,1,1,1,1,34,6,3,0,0,0,0,0,9,5,E01001524,-1,0,0.0,1.0,-1,6,20,1,1,1,06:30,7,1,9
2023221337148,2023,221337148,2,3,2,1,8,2,3,0,0,2,0,0,9,-1,-1,3,1,0.0,1.0,-1,6,30,1,1,1,11:41,6,2,9
2023471353305,2023,471353305,1,1,1,1,76,11,3,0,0,0,0,0,9,10,E01031517,3,1,0.0,1.0,-1,6,30,1,1,1,10:33,1,2,9
2023141285138,2023,141285138,1,2,2,2,54,8,3,0,0,1,0,0,9,2,E01007470,3,1,0.0,1.0,-1,6,60,6,6,2,18:28,4,1,9
2023421340451,2023,421340451,1,1,1,2,74,10,3,0,0,0,0,0,9,10,E01003746,3,1,0.0,1.0,-1,3,40,1,1,2,15:28,3,4,9
2023440068552,2023,440068552,1,3,2,1,21,5,3,0,0,1,0,0,9,7,E01022503,-1,0,0.01416,0.98584,-1,1,50,1,4,1,18:40,7,2,9
2023052302179,2023,052302179,2,1,1,2,15,3,2,0,0,0,0,0,-1,4,E01007001,-1,0,1.0,0.0,-1,6,30,1,1,1,15:00,4,2,-1
2023991263477,2023,991263477,1,1,2,2,20,4,3,0,0,1,0,0,9,1,-1,3,1,0.0,1.0,-1,6,60,1,1,2,12:15,7,3,9
2023052300517,2023,052300517,2,1,1,1,63,9,3,0,0,0,0,0,21,3,E01006906,-1,0,0.11002,0.88998,-1,3,40,1,4,1,20:04,5,2,21
2023010433514,2023,010433514,2,1,2,2,28,6,3,0,0,1,0,0,9,2,E01003256,-1,0,0.0,1.0,-1,6,20,1,4,1,23:30,3,2,9
2023031274837,2023,031274837,1,2,1,1,19,4,3,0,0,0,0,0,9,9,E01019179,3,1,0.0,1.0,-1,6,30,1,1,1,16:42,5,2,9
2023041388890,2023,041388890,1,1,1,1,25,5,1,0,0,0,0,0,9,8,E01007095,1,1,0.0,0.0,-1,6,40,1,4,1,21:48,6,1,9
2023201303778,2023,201303778,2,3,2,1,18,4,3,0,0,1,0,0,9,1,E01008931,3,1,0.0,1.0,-1,3,40,2,1,2,18:12,6,2,9
2023440125090,2023,440125090,1,1,1,2,22,5,3,0,0,0,0,0,9,9,E01023152,-1,0,0.08716,0.91284,-1,3,70,2,6,5,18:39,4,1,9
2023440304371,2023,440304371,3,1,1,1,49,8,3,0,0,0,0,0,9,6,E01018056,-1,0,0.05747,0.94253,-1,3,70,1,4,1,21:26,6,4,9
2023501280408,2023,501280408,1,1,1,2,63,9,2,0,0,0,0,0,9,7,E01020341,7,1,1.0,0.0,-1,6,30,1,1,1,09:00,7,1,9
2023991269272,2023,991269272,2,1,1,1,56,9,2,0,0,0,0,0,9,8,-1,6,1,1.0,0.0,-1,6,60,1,1,1,14:40,7,2,9
2023201293426,2023,201293426,1,1,1,1,43,7,3,0,0,0,0,0,9,1,E01009337,3,1,0.0,1.0,-1,3,30,1,4,2,22:47,5,2,9
2023320408995,2023,320408995,2,3,2,2,69,10,3,0,0,1,0,0,9,10,E01028415,-1,0,0.05328,0.94672,-1,6,60,1,1,1,11:47,2,2,9
2023351340760,2023,351340760,2,1,1,2,55,8,3,0,0,0,0,0,9,10,E01027088,3,1,0.0,1.0,-1,3,70,1,1,1,07:31,5,2,9
2023520300385,2023,520300385,1,1,1,2,19,4,3,0,0,0,0,0,9,6,E01029157,-1,0,0.04851,0.95149,-1,6,40,9,1,2,12:20,7,1,9
2023501400207,2023,501400207,2,2,1,1,52,8,3,0,0,0,0,0,9,8,E01016252,3,1,0.0,1.0,-1,7,30,1,7,2,19:14,7,2,9
2023991296987,2023,991296987,1,2,1,2,22,5,3,0,0,0,0,0,9,-1,-1,3,1,0.0,1.0,-1,6,30,1,1,1,13:40,7,2,9
2023161333913,2023,161333913,1,2,2,1,19,4,3,0,0,1,0,0,9,6,E01012914,3,1,0.0,1.0,-1,6,30,1,4,1,02:30,5,1,9
2023340WN1262,2023,340WN1262,1,1,1,1,34,6,3,0,0,0,0,0,9,3,E01027225,-1,0,0.04926,0.95074,-1,3,30,1,1,1,14:35,2,2,9
2023421292073,2023,421292073,2,1,1,2,40,7,3,0,0,0,0,0,9,4,E01015972,3,1,0.0,1.0,-1,3,50,1,1,1,12:27,1,2,9
2023010475761,2023,010475761,2,1,2,2,-1,-1,3,0,0,9,0,0,9,1,E01000061,-1,0,0.0,1.0,-1,9,30,1,1,1,09:00,6,2,9
2023211365172,2023,211365172,1,1,2,1,24,5,3,0,0,1,0,0,9,6,E01029753,3,1,0.0,1.0,-1,6,60,2,7,2,01:16,1,1,9
2023340NN1772,2023,340NN1772,1,2,1,1,81,11,3,0,0,0,0,0,9,7,E01017545,-1,0,0.16026,0.83974,-1,6,60,1,1,1,16:45,5,2,9
2023401386690,2023,401386690,1,1,2,2,24,5,3,0,0,1,0,0,9,5,E01017588,3,1,0.0,1.0,-1,3,70,1,4,2,17:53,7,2,9
2023461384166,2023,461384166,1,1,1,2,34,6,3,0,0,0,0,0,9,9,E01024753,3,1,0.0,1.0,-1,6,30,3,1,4,08:15,6,1,9
2023332300208,2023,332300208,1,1,1,1,20,4,3,0,0,0,0,0,9,9,E01026001,-1,0,0.06388,0.93612,-1,6,60,4,6,1,22:05,6,2,9
2023501304687,2023,501304687,1,1,1,2,64,9,3,0,0,0,0,0,19,8,E01020197,3,1,0.0,1.0,-1,6,60,1,1,2,12:45,7,1,19
2023052302232,2023,052302232,2,1,1,1,49,8,3,0,0,0,0,0,19,4,E01006837,-1,0,0.01894,0.98106,-1,6,20,1,1,1,11:30,4,4,19
2023361375694,2023,361375694,2,1,1,1,31,6,3,0,0,0,0,0,1,-1,-1,3,1,0.0,1.0,-1,6,30,1,1,1,15:00,2,2,1
2023430556979,2023,430556979,2,1,1,1,14,3,3,0,0,0,0,0,1,7,E01028545,-1,0,0.03988,0.96012,-1,6,20,2,1,2,15:20,3,2,1
2023161291836,2023,161291836,2,1,1,1,16,4,2,0,0,0,0,0,2,6,E01012922,7,1,1.0,0.0,-1,6,30,1,1,1,16:30,4,2,2
2023010452291,2023,010452291,2,1,1,1,25,5,3,0,0,0,0,0,5,3,E01001244,-1,0,0.0,1.0,-1,6,20,1,1,1,20:38,5,2,5
2023010465970,2023,010465970,1,1,3,2,44,7,3,1,3,0,0,0,0,2,E01002545,-1,0,0.0,1.0,-1,3,20,1,1,1,08:34,5,1,9
2023010431289,2023,010431289,2,1,1,1,28,6,3,0,0,0,0,0,3,1,E01033456,-1,0,0.0,1.0,-1,6,20,2,4,2,17:45,5,2,3
2023061300852,2023,061300852,1,2,1,2,34,6,3,0,0,0,0,0,9,1,E01005581,3,1,0.0,1.0,-1,3,30,1,1,1,16:42,3,3,9
2023221381444,2023,221381444,2,1,1,1,53,8,3,0,0,0,0,0,9,6,E01014030,3,1,0.0,1.0,-1,6,60,1,1,4,11:00,6,2,9
2023231353432,2023,231353432,1,1,1,1,29,6,3,0,0,0,0,0,9,6,E01031221,3,1,0.0,1.0,-1,6,50,1,1,1,19:31,2,1,9
2023461273748,2023,461273748,2,1,1,1,19,4,2,0,0,0,0,0,4,6,E01024787,7,1,1.0,0.0,-1,3,60,1,4,1,18:00,6,2,4
2023041386886,2023,041386886,2,2,1,1,36,7,3,0,0,0,0,0,9,3,E01012677,3,1,0.0,1.0,-1,6,30,1,1,3,13:48,1,4,9
2023320619591,2023,320619591,1,1,1,2,20,4,3,0,0,0,0,0,9,5,E01026121,-1,0,0.11337,0.88663,-1,6,60,1,1,1,18:00,5,1,9
2023991325893,2023,991325893,1,1,1,2,82,11,2,0,0,0,0,0,9,10,-1,7,1,1.0,0.0,-1,6,60,2,1,2,12:30,3,3,9
2023461342944,2023,461342944,1,3,2,1,17,4,3,0,0,2,0,0,9,6,E01000329,3,1,0.0,1.0,-1,6,60,1,1,1,20:05,1,2,9
2023522300388,2023,522300388,1,1,1,2,30,6,3,0,0,0,0,0,9,6,E01014882,-1,0,0.01275,0.98725,-1,1,30,2,1,2,08:50,7,2,9
2023010468404,2023,010468404,1,1,1,1,71,10,3,0,0,0,0,0,1,3,E01001728,-1,0,0.0,1.0,-1,6,20,1,1,1,12:32,6,2,1
2023430055243,2023,430055243,1,1,1,1,60,9,3,0,0,0,0,0,1,8,E01017921,-1,0,0.06338,0.93662,-1,6,30,1,1,1,15:20,1,2,1
2023070804289,2023,070804289,2,2,2,2,29,6,3,0,0,1,0,0,9,8,E01012485,-1,0,0.01251,0.98749,-1,3,40,1,1,1,14:45,7,2,9
2023122301188,2023,122301188,1,1,1,1,71,10,3,0,0,0,0,0,9,6,E01019131,-1,0,0.11435,0.88565,-1,6,60,1,1,1,08:00,7,1,9
2023131340479,2023,131340479,2,2,2,1,15,3,3,0,0,2,0,0,9,1,E01033697,3,1,0.0,1.0,-1,6,30,1,4,1,22:42,5,2,9
2023221344923,2023,221344923,1,5,1,2,31,6,2,0,0,0,0,0,9,1,E01010046,5,1,1.0,0.0,-1,3,70,1,4,1,00:08,5,2,9
2023320470692,2023,320470692,1,2,2,2,32,6,2,0,0,1,0,0,9,7,E01011569,-1,0,1.0,0.0,-1,6,50,1,1,1,11:20,1,2,9
2023320697478,2023,320697478,1,1,1,2,41,7,3,0,0,0,0,0,9,3,E01026046,-1,0,0.00577,0.99423,-1,6,30,9,1,1,14:00,4,2,9
2023451261746,2023,451261746,2,2,1,1,54,8,3,0,0,0,0,0,9,10,E01004114,3,1,0.0,1.0,-1,7,70,2,4,2,21:06,3,2,9
2023131313547,2023,131313547,1,3,2,2,57,9,3,0,0,2,0,0,9,2,E01011558,3,1,0.0,1.0,-1,6,20,1,4,1,22:30,4,3,9
2023440464544,2023,440464544,1,1,1,1,21,5,3,0,0,0,0,0,9,6,E01023104,-1,0,0.01258,0.98742,-1,6,30,1,4,1,17:25,2,2,9
2023991307571,2023,991307571,1,3,2,2,0,1,3,0,0,2,0,0,9,7,-1,3,1,0.0,1.0,-1,6,60,1,1,1,13:50,2,1,9
2023471285635,2023,471285635,1,2,3,2,11,3,3,5,3,0,0,0,0,6,E01031579,3,1,0.0,1.0,-1,6,30,1,1,2,14:50,6,1,9
2023201300491,2023,201300491,2,1,1,2,29,6,3,0,0,0,0,0,9,8,E01009812,3,1,0.0,1.0,-1,3,40,2,4,2,20:15,4,2,9
2023351380762,2023,351380762,2,1,1,2,26,6,2,0,0,0,0,0,9,6,E01015679,7,1,1.0,0.0,-1,3,60,1,4,-1,17:50,3,2,9
2023501287423,2023,501287423,1,3,2,2,39,7,3,0,0,1,0,0,9,5,E01020301,3,1,0.0,1.0,-1,6,60,1,1,4,11:01,7,2,9
2023991335544,2023,991335544,1,2,1,1,22,5,2,0,0,0,0,0,9,6,E01019096,7,1,1.0,0.0,-1,6,60,1,1,1,16:00,6,3,9
2023010433580,2023,010433580,1,1,2,1,18,4,3,0,0,2,0,0,9,7,E01003763,-1,0,0.0,1.0,-1,3,40,1,1,2,09:25,4,1,9
2023010440696,2023,010440696,1,1,1,1,31,6,3,0,0,0,0,0,9,2,E01001712,-1,0,0.0,1.0,-1,6,20,1,1,1,13:07,3,2,9
2023131262690,2023,131262690,1,1,1,1,71,10,3,0,0,0,0,0,9,1,E01011764,3,1,0.0,1.0,-1,7,70,1,1,1,15:21,5,2,9
2023231313186,2023,231313186,1,1,1,2,33,6,3,0,0,0,0,0,9,9,E01027208,3,1,0.0,1.0,-1,3,70,1,6,1,02:33,7,2,9
2023440422307,2023,440422307,2,3,2,1,9,2,3,0,0,1,0,0,9,6,E01031448,-1,0,0.03631,0.96369,-1,6,30,1,1,1,12:55,1,2,9
2023451341092,2023,451341092,1,1,1,1,60,9,2,0,0,0,0,0,9,8,E01032571,5,1,1.0,0.0,-1,6,30,1,1,1,19:05,7,1,9
2023552300544,2023,552300544,2,1,1,1,39,7,3,0,0,0,0,0,9,6,E01015454,-1,0,0.00844,0.99156,-1,6,30,1,1,1,09:04,2,2,9
2023131322918,2023,131322918,1,1,2,1,3,1,3,0,0,1,0,0,9,7,E01011193,3,1,0.0,1.0,-1,6,30,1,1,1,14:26,1,2,9
2023201281629,2023,201281629,1,1,1,2,52,8,3,0,0,0,0,0,9,4,E01010303,3,1,0.0,1.0,-1,6,30,1,4,1,21:01,1,1,9
2023332301146,2023,332301146,3,1,2,2,62,9,3,0,0,1,0,0,9,1,E01032602,-1,0,0.02037,0.97963,-1,1,50,8,1,2,11:45,7,3,9
2023101326989,2023,101326989,2,3,2,2,25,5,3,0,0,0,3,0,11,-1,-1,3,1,0.0,1.0,-1,6,20,1,1,1,12:52,6,2,11
2023991321376,2023,991321376,1,1,1,1,24,5,2,0,0,0,0,0,97,2,-1,5,1,1.0,0.0,-1,6,60,1,6,1,22:30,4,1,97
2023010461861,2023,010461861,2,1,1,1,49,8,3,0,0,0,0,0,1,2,E01001931,-1,0,0.0,1.0,-1,6,20,1,1,1,15:46,3,2,1
2023131360715,2023,131360715,1,1,3,1,12,3,2,5,1,0,0,2,0,1,E01011658,7,1,1.0,0.0,-1,6,30,1,1,1,14:00,7,1,9
2023131360796,2023,131360796,1,1,1,1,51,8,3,0,0,0,0,0,5,4,E01005341,3,1,0.0,1.0,-1,6,60,1,1,1,15:22,1,2,5
2023481374251,2023,481374251,2,1,1,1,30,6,3,0,0,0,0,0,1,-1,-1,3,1,0.0,1.0,-1,2,20,1,1,1,09:15,3,2,1
2023201338791,2023,201338791,1,4,2,1,11,3,3,0,0,2,0,0,9,10,E01010392,3,1,0.0,1.0,-1,6,30,1,1,1,19:15,7,2,9
2023010420659,2023,010420659,1,1,1,1,36,7,3,0,0,0,0,0,9,6,E01033742,-1,0,0.0,1.0,-1,3,40,2,1,9,09:07,3,2,9
2023061297842,2023,061297842,2,2,2,2,21,5,3,0,0,-1,0,0,9,-1,-1,3,1,0.0,1.0,-1,6,30,2,1,2,15:08,4,2,9
2023430404235,2023,430404235,2,2,1,2,71,10,3,0,0,0,0,0,9,9,E01016793,-1,0,0.02565,0.97435,-1,3,70,1,1,1,12:10,7,2,9
2023320470588,2023,320470588,2,1,1,2,36,7,3,0,0,0,0,0,9,7,E01026372,-1,0,0.01276,0.98724,-1,6,30,9,1,1,09:00,4,2,9
2023332300084,2023,332300084,2,2,1,1,64,9,3,0,0,0,0,0,9,5,E01025897,-1,0,0.03729,0.96271,-1,6,60,2,1,2,15:45,5,2,9
2023430194427,2023,430194427,1,1,1,1,52,8,3,0,0,0,0,0,9,3,E01016555,-1,0,0.01321,0.98679,-1,6,30,1,1,1,14:15,5,2,9
202354B683023,2023,54B683023,2,2,1,2,49,8,3,0,0,0,0,0,9,4,E01015475,-1,0,0.04263,0.95737,-1,6,60,1,1,1,11:41,7,2,9
2023010482475,2023,010482475,1,1,1,2,50,8,2,0,0,0,0,0,9,7,E01000400,-1,0,1.0,0.0,-1,6,30,9,7,1,20:15,4,2,9
2023501290966,2023,501290966,2,1,1,1,62,9,2,0,0,0,0,0,9,4,E01020131,5,1,1.0,0.0,-1,6,60,1,1,1,15:30,3,2,9
2023010487264,2023,010487264,1,1,1,2,40,7,3,0,0,0,0,0,9,5,E01003484,-1,0,0.0,1.0,-1,7,30,5,1,2,13:40,3,2,9
2023421283276,2023,421283276,1,1,1,1,13,3,2,0,0,0,0,0,17,9,E01021919,7,1,1.0,0.0,-1,6,30,1,1,1,15:11,1,1,17
2023070462872,2023,070462872,2,2,1,2,47,8,3,0,0,0,0,0,9,10,E01018678,-1,0,0.01399,0.98601,-1,3,70,1,1,1,15:40,3,2,9
2023221328286,2023,221328286,2,1,1,1,74,10,3,0,0,0,0,0,9,4,E01029002,3,1,0.0,1.0,-1,6,60,1,1,1,15:15,2,2,9
2023231313751,2023,231313751,2,1,1,1,65,9,3,0,0,0,0,0,9,2,E01009017,3,1,0.0,1.0,-1,6,50,2,6,2,21:19,1,3,9
2023131276734,2023,131276734,2,1,1,1,66,10,3,0,0,0,0,0,21,1,E01011989,3,1,0.0,1.0,-1,3,70,1,1,1,13:30,4,3,21
2023141267076,2023,141267076,1,1,1,2,26,6,3,0,0,0,0,0,9,1,E01007714,3,1,0.0,1.0,-1,6,30,1,1,1,15:06,2,2,9
2023411399068,2023,411399068,1,1,1,1,65,9,3,0,0,0,0,0,9,4,E01023652,3,1,0.0,1.0,-1,6,30,1,4,1,17:30,1,2,9
2023430146825,2023,430146825,1,1,1,1,29,6,3,0,0,0,0,0,9,3,E01016442,-1,0,0.00596,0.99404,-1,6,40,1,1,1,16:45,2,3,9
202363C006523,2023,63C006523,1,1,1,2,27,6,3,0,0,0,0,0,9,4,W01000590,-1,0,0.06953,0.93047,-1,6,50,1,1,2,09:20,3,3,9
2023010477734,2023,010477734,1,1,3,1,32,6,2,9,5,0,0,0,0,7,E01001601,-1,0,1.0,0.0,-1,6,20,1,1,1,15:00,2,2,19
2023010467088,2023,010467088,1,1,1,1,35,6,3,0,0,0,0,0,19,6,E01001571,-1,0,0.0,1.0,-1,7,30,1,4,2,05:54,4,2,19
2023451381446,2023,451381446,1,1,1,2,27,6,3,0,0,0,0,0,9,10,E01030790,3,1,0.0,1.0,-1,6,30,1,1,1,07:15,6,2,9
2023010432388,2023,010432388,1,1,1,1,41,7,3,0,0,0,0,0,19,6,E01001374,-1,0,0.0,1.0,-1,6,20,1,1,1,08:25,4,2,19
2023010486543,2023,010486543,1,1,1,1,46,8,3,0,0,0,0,0,9,5,E01004494,-1,0,0.0,1.0,-1,6,20,1,4,1,19:40,6,3,9
2023041378272,2023,041378272,2,2,1,1,28,6,3,0,0,0,0,0,9,4,E01010801,3,1,0.0,1.0,-1,3,30,1,4,2,22:09,5,2,9
2023421375984,2023,421375984,1,1,1,1,41,7,2,0,0,0,0,0,9,3,E01021320,6,1,1.0,0.0,-1,6,30,2,4,2,19:00,5,1,9
2023010450508,2023,010450508,1,1,3,1,6,2,2,5,9,0,0,0,0,2,E01000781,-1,0,1.0,0.0,-1,6,20,1,1,1,16:15,3,1,9
2023010421985,2023,010421985,1,1,1,1,45,7,3,0,0,0,0,0,5,6,E01024180,-1,0,0.0,1.0,-1,7,20,1,1,4,09:25,4,2,5
2023131348541,2023,131348541,1,2,2,1,19,4,3,0,0,1,0,0,9,5,E01011215,3,1,0.0,1.0,-1,6,30,2,1,2,20:23,7,1,9
2023311300426,2023,311300426,1,1,1,1,22,5,2,0,0,0,0,0,9,4,E01028249,5,1,1.0,0.0,-1,6,30,3,4,2,04:37,1,1,9
2023010485170,2023,010485170,1,1,3,2,59,9,3,5,1,0,0,0,0,5,E01004648,-1,0,0.0,1.0,-1,7,20,1,4,1,17:05,4,1,9
2023010428598,2023,010428598,1,1,1,2,44,7,3,0,0,0,0,0,9,5,E01000982,-1,0,0.0,1.0,-1,6,30,2,1,2,14:20,4,3,9
2023141291116,2023,141291116,2,1,1,1,59,9,2,0,0,0,0,0,9,7,E01007399,7,1,1.0,0.0,-1,1,50,1,4,1,04:53,3,2,9
2023141311255,2023,141311255,2,1,1,1,63,9,3,0,0,0,0,0,9,7,E01011890,3,1,0.0,1.0,-1,3,60,1,1,1,07:38,3,2,9
2023201277440,2023,201277440,1,1,1,1,29,6,3,0,0,0,0,0,9,1,E01010483,3,1,0.0,1.0,-1,6,30,1,4,1,21:19,2,2,9
2023340NN2452,2023,340NN2452,1,1,2,1,19,4,3,0,0,1,0,0,9,1,E01027177,-1,0,0.15831,0.84169,-1,6,60,1,1,1,18:00,4,2,9
2023101387268,2023,101387268,1,2,3,1,14,3,3,1,1,0,0,0,0,1,E01008729,3,1,0.0,1.0,-1,6,20,2,1,2,08:10,3,1,9
2023041274017,2023,041274017,2,2,1,2,83,11,3,0,0,0,0,0,9,3,E01025237,3,1,0.0,1.0,-1,6,40,1,1,1,14:00,4,3,9
2023122300127,2023,122300127,1,1,2,1,19,4,3,0,0,1,0,0,9,5,E01027763,-1,0,0.06456,0.93544,-1,6,60,1,6,2,20:58,6,1,9
2023991296001,2023,991296001,2,1,1,2,23,5,3,0,0,0,0,0,9,7,-1,3,1,0.0,1.0,-1,3,30,1,1,1,17:50,4,2,9
2023010471389,2023,010471389,1,1,1,1,31,6,2,0,0,0,0,0,1,3,E01001834,-1,0,1.0,0.0,-1,2,20,1,4,1,22:05,4,2,1
2023010478533,2023,010478533,1,1,1,1,45,7,3,0,0,0,0,0,1,7,E01000462,-1,0,0.0,1.0,-1,6,30,1,4,2,19:00,5,1,1
2023520001018,2023,520001018,1,1,1,1,18,4,3,0,0,0,0,0,9,7,E01029056,-1,0,0.02822,0.97178,-1,9,30,1,1,1,20:45,1,2,9
2023522301401,2023,522301401,1,1,1,2,31,6,3,0,0,0,0,0,9,8,E01014921,-1,0,0.02561,0.97439,-1,6,20,1,1,1,08:20,2,2,9
2023461355120,2023,461355120,2,1,1,1,33,6,3,0,0,0,0,0,1,7,E01000369,3,1,0.0,1.0,-1,1,30,1,1,1,16:20,2,2,1
2023122300804,2023,122300804,2,1,1,2,17,4,3,0,0,0,0,0,3,10,E01027901,-1,0,0.13953,0.86047,-1,6,60,1,1,1,17:50,2,2,3
2023461357110,2023,461357110,1,1,3,1,11,3,3,1,3,0,0,0,0,2,E01016035,3,1,0.0,1.0,-1,6,20,1,1,1,08:20,2,1,9
2023451315592,2023,451315592,2,2,1,2,22,5,3,0,0,0,0,0,9,3,E01030400,3,1,0.0,1.0,-1,6,30,1,1,1,15:30,1,2,9
2023991258851,2023,991258851,1,2,2,2,78,11,3,0,0,1,0,0,9,-1,-1,3,1,0.0,1.0,-1,6,60,1,6,4,16:35,2,2,9
2023991286246,2023,991286246,1,1,1,2,20,4,3,0,0,0,0,0,9,5,-1,3,1,0.0,1.0,-1,6,60,2,1,2,15:14,2,1,9
2023010432499,2023,010432499,1,1,3,1,40,7,3,8,8,0,0,0,0,9,E01002164,-1,0,0.0,1.0,-1,2,20,1,1,1,08:21,5,1,9
2023010436328,2023,010436328,1,1,1,2,39,7,3,0,0,0,0,0,3,5,E01023537,-1,0,0.0,1.0,-1,6,20,1,1,1,15:20,5,2,3
2023471328294,2023,471328294,2,1,1,1,48,8,3,0,0,0,0,0,5,9,E01031829,3,1,0.0,1.0,-1,6,30,1,1,1,12:30,6,2,5
2023401369060,2023,401369060,2,1,1,1,50,8,3,0,0,0,0,0,9,8,E01002230,3,1,0.0,1.0,-1,3,60,1,7,1,20:17,1,5,9
2023440115626,2023,440115626,1,1,1,1,15,3,3,0,0,0,0,0,1,6,E01022939,-1,0,0.0497,0.9503,-1,6,30,1,1,1,08:30,5,2,1
2023451331514,2023,451331514,1,1,1,1,24,5,3,0,0,0,0,0,1,3,E01002557,3,1,0.0,1.0,-1,6,30,1,1,1,05:30,5,2,1
2023211391793,2023,211391793,2,2,1,1,53,8,3,0,0,0,0,0,9,10,E01029854,3,1,0.0,1.0,-1,6,30,1,1,1,11:49,7,2,9
2023320558780,2023,320558780,2,1,1,1,21,5,3,0,0,0,0,0,20,2,E01026177,-1,0,0.03969,0.96031,-1,3,70,7,1,2,08:30,6,6,20
2023052300542,2023,052300542,1,1,3,1,12,3,3,5,2,0,0,0,0,1,E01006694,-1,0,0.08954,0.91046,-1,6,30,1,1,1,08:10,5,1,19
2023522300124,2023,522300124,1,1,1,1,55,8,3,0,0,0,0,0,3,4,E01014675,-1,0,0.0556,0.9444,-1,6,30,2,1,2,15:15,5,2,3
2023522301129,2023,522301129,1,1,1,1,19,4,3,0,0,0,0,0,3,4,E01017071,-1,0,0.11792,0.88208,-1,3,50,1,1,1,18:30,2,2,3
2023311351455,2023,311351455,3,5,2,2,19,4,2,0,0,1,0,0,9,2,E01028313,6,1,1.0,0.0,-1,6,60,1,1,1,17:30,6,4,9
2023471292607,2023,471292607,1,1,1,1,20,4,3,0,0,0,0,0,3,9,E01031769,3,1,0.0,1.0,-1,6,60,2,1,2,17:00,6,1,3
2023161303323,2023,161303323,2,3,2,1,2,1,2,0,0,2,0,0,9,4,E01013320,7,1,1.0,0.0,-1,3,70,1,1,1,12:11,5,3,9
2023201453511,2023,201453511,2,4,2,1,23,5,3,0,0,2,0,0,9,3,E01009887,3,1,0.0,1.0,-1,3,40,1,4,2,20:24,7,2,9
2023351288690,2023,351288690,2,1,2,2,9,2,3,0,0,2,0,0,9,8,E01015645,3,1,0.0,1.0,-1,1,40,1,1,1,11:10,7,2,9
2023041314721,2023,041314721,1,1,3,2,14,3,2,5,3,0,0,0,0,7,E01024874,7,1,1.0,0.0,-1,6,30,1,1,1,15:25,7,1,9