collision_index,collision_year,collision_ref_no,vehicle_reference,casualty_reference,casualty_class,sex_of_casualty,age_of_casualty,age_band_of_casualty,casualty_severity,pedestrian_location,pedestrian_movement,car_passenger,bus_or_coach_passenger,pedestrian_road_maintenance_worker,casualty_type,casualty_imd_decile,lsoa_of_casualty,enhanced_casualty_severity,casualty_injury_based,casualty_adjusted_severity_serious,casualty_adjusted_severity_slight,casualty_distance_banding,road_type,speed_limit,weather_conditions,light_conditions,road_surface_conditions,time,day_of_week,number_of_vehicles,vehicle_type
2023430325534,2023,430325534,1,2,2,2,21,5,3,0,0,1,0,0,9,5,E01028787,-1,0,0.10721,0.89279,-1,6,50,1,1,2,06:55,7,1,9
2023052301517,2023,052301517,4,1,1,1,44,7,3,0,0,0,0,0,19,8,E01006383,-1,0,0.03942,0.96058,-1,3,50,1,1,1,16:30,2,6,19
2023010421934,2023,010421934,1,1,3,2,67,10,2,1,1,0,0,0,0,6,E01002138,-1,0,1.0,0.0,-1,6,30,8,4,1,20:25,3,1,9
2023501311951,2023,501311951,2,1,1,2,23,5,2,0,0,0,0,0,1,-1,-1,7,1,1.0,0.0,-1,1,30,1,1,1,11:14,5,2,1
2023501307063,2023,501307063,2,1,1,1,17,4,2,0,0,0,0,0,3,5,E01015202,7,1,1.0,0.0,-1,6,30,1,4,1,22:45,7,2,3
2023010447506,2023,010447506,2,1,1,1,71,10,3,0,0,0,0,0,9,4,E01001645,-1,0,0.0,1.0,-1,6,30,1,1,1,12:15,4,2,9
2023010480504,2023,010480504,1,3,2,2,31,6,3,0,0,2,0,0,9,2,E01004252,-1,0,0.0,1.0,-1,7,20,2,4,2,21:14,1,2,9
2023131346056,2023,131346056,2,1,1,1,43,7,3,0,0,0,0,0,1,1,E01011283,3,1,0.0,1.0,-1,6,30,1,4,1,22:30,1,2,1
2023061341313,2023,061341313,2,1,1,1,53,8,2,0,0,0,0,0,9,2,E01006218,7,1,1.0,0.0,-1,6,30,2,1,2,13:00,1,2,9
2023221273870,2023,221273870,1,1,2,2,17,4,3,0,0,2,0,0,9,-1,-1,3,1,0.0,1.0,-1,3,70,2,6,5,00:30,1,1,9
2023311370797,2023,311370797,1,1,3,1,24,5,2,1,2,0,0,0,0,3,E01033401,6,1,1.0,0.0,-1,6,30,1,1,1,08:25,6,1,9
2023010430322,2023,010430322,2,1,1,1,25,5,3,0,0,0,0,0,1,8,E01003428,-1,0,0.0,1.0,-1,6,20,1,4,1,22:30,6,2,1
2023052300996,2023,052300996,2,1,2,1,30,6,3,0,0,1,0,0,9,2,E01006785,-1,0,0.00577,0.99423,-1,6,30,1,1,1,13:40,2,2,9
2023531311944,2023,531311944,1,1,1,1,22,5,3,0,0,0,0,0,9,5,E01022379,3,1,0.0,1.0,-1,6,30,1,1,1,20:30,6,2,9
2023010434948,2023,010434948,1,1,1,1,29,6,3,0,0,0,0,0,-1,2,E01003179,-1,0,0.0,1.0,-1,6,20,2,4,2,01:58,5,1,-1
2023201415120,2023,201415120,2,2,2,2,29,6,3,0,0,2,0,0,9,4,E01010510,3,1,0.0,1.0,-1,3,30,1,1,1,11:16,2,2,9
202360A104932,2023,60A104932,1,2,1,1,17,4,3,0,0,0,0,0,4,-1,-1,-1,0,0.12718,0.87282,-1,6,30,1,1,1,18:56,3,2,4
2023440316708,2023,440316708,2,1,1,2,52,8,3,0,0,0,0,0,9,9,E01028784,-1,0,0.06621,0.93379,-1,3,50,1,1,1,17:32,1,2,9
2023461394612,2023,461394612,2,1,1,2,81,11,3,0,0,0,0,0,9,7,E01024380,3,1,0.0,1.0,-1,6,40,1,1,1,10:25,5,2,9
2023440304847,2023,440304847,2,1,2,1,36,7,3,0,0,0,4,0,11,-1,-1,-1,0,0.05268,0.94732,-1,6,30,2,1,2,06:05,7,2,11
2023010455215,2023,010455215,1,1,1,2,32,6,3,0,0,0,0,0,1,3,E01004562,-1,0,0.0,1.0,-1,6,20,2,1,2,18:35,6,2,1
2023061363978,2023,061363978,1,3,2,1,18,4,3,0,0,1,0,0,9,-1,-1,3,1,0.0,1.0,-1,6,30,1,1,1,13:20,3,3,9
2023201287867,2023,201287867,1,1,1,1,44,7,3,0,0,0,0,0,9,1,E01010453,3,1,0.0,1.0,-1,6,30,9,1,2,08:46,6,2,9
2023411321125,2023,411321125,2,1,1,1,56,9,3,0,0,0,0,0,9,10,E01023733,3,1,0.0,1.0,-1,3,70,1,1,1,15:29,6,2,9
2023451290680,2023,451290680,2,3,2,1,24,5,3,0,0,1,0,0,9,6,E01030557,3,1,0.0,1.0,-1,6,30,1,6,1,19:25,7,2,9
2023031311560,2023,031311560,2,2,2,2,50,8,3,0,0,0,0,0,5,9,E01027308,3,1,0.0,1.0,-1,6,60,1,1,1,17:21,5,2,5
2023531307054,2023,531307054,1,1,1,1,50,8,2,0,0,0,0,0,5,6,E01022227,6,1,1.0,0.0,-1,6,30,1,1,1,18:00,7,1,5
2023010427437,2023,010427437,1,2,1,1,34,6,3,0,0,0,0,0,9,2,E01003556,-1,0,0.0,1.0,-1,3,40,1,4,1,01:25,5,2,9
2023201377014,2023,201377014,1,1,1,1,62,9,3,0,0,0,0,0,9,5,E01010460,3,1,0.0,1.0,-1,6,30,1,1,1,15:28,4,2,9
2023351298806,2023,351298806,2,3,2,1,5,1,3,0,0,-1,0,0,9,10,E01018204,3,1,0.0,1.0,-1,6,30,1,1,1,15:32,5,2,9
2023546100823,2023,546100823,1,2,2,2,29,6,3,0,0,1,0,0,9,6,E01029161,-1,0,0.04866,0.95134,-1,3,70,1,1,1,08:38,1,3,9
2023991393169,2023,991393169,1,1,1,1,54,8,3,0,0,0,0,0,9,1,-1,3,1,0.0,1.0,-1,3,70,1,4,4,19:40,6,1,9
2023161335621,2023,161335621,2,2,1,1,40,7,3,0,0,0,0,0,21,-1,-1,3,1,0.0,1.0,-1,6,40,1,6,1,01:00,1,3,21
2023041363452,2023,041363452,1,2,1,1,82,11,2,0,0,0,0,0,9,1,E01012724,7,1,1.0,0.0,-1,6,20,1,1,1,09:41,2,2,9
2023320756810,2023,320756810,1,1,1,2,57,9,3,0,0,0,0,0,9,6,E01026404,-1,0,0.05144,0.94856,-1,6,60,8,1,4,07:00,4,1,9
2023440023061,2023,440023061,1,1,1,2,27,6,3,0,0,0,0,0,9,-1,-1,-1,0,0.05034,0.94966,-1,6,40,1,1,4,08:35,4,1,9
2023010439634,2023,010439634,2,1,1,1,45,7,3,0,0,0,0,0,1,2,E01002832,-1,0,0.0,1.0,-1,6,20,1,1,1,16:37,4,2,1
2023010464591,2023,010464591,1,1,1,1,48,8,2,0,0,0,0,0,1,10,E01003443,-1,0,1.0,0.0,-1,2,30,1,4,9,22:15,4,1,1
2023170H10293,2023,170H10293,2,5,2,2,60,9,2,0,0,2,0,0,9,-1,-1,-1,0,1.0,0.0,-1,3,40,1,4,1,21:57,6,3,9
2023631329974,2023,631329974,1,1,1,1,21,5,3,0,0,0,0,0,19,1,W01000511,3,1,0.0,1.0,-1,6,60,1,1,1,17:00,7,1,19
2023061275441,2023,061275441,2,1,1,1,30,6,3,0,0,0,0,0,9,2,E01033668,3,1,0.0,1.0,-1,6,20,8,4,2,22:25,5,2,9
2023221286970,2023,221286970,1,1,2,2,46,8,2,0,0,2,0,0,9,6,E01029750,7,1,1.0,0.0,-1,3,70,2,4,3,18:04,5,1,9
2023461326582,2023,461326582,1,3,1,2,58,9,2,0,0,0,0,0,9,5,E01024623,6,1,1.0,0.0,-1,6,50,1,1,1,07:51,3,2,9
2023461278455,2023,461278455,1,1,3,1,14,3,3,6,1,0,0,0,0,8,E01021150,3,1,0.0,1.0,-1,6,30,2,1,2,07:56,1,1,9
2023471387705,2023,471387705,1,1,3,2,65,9,2,5,1,0,0,0,0,-1,-1,7,1,1.0,0.0,-1,6,30,9,7,2,17:35,3,1,9
2023141325068,2023,141325068,2,1,1,1,57,9,3,0,0,0,0,0,19,7,E01019832,3,1,0.0,1.0,-1,3,70,2,1,2,19:33,1,2,19
2023010436516,2023,010436516,2,1,1,1,34,6,2,0,0,0,0,0,1,3,E01032743,-1,0,1.0,0.0,-1,6,30,1,4,1,20:43,7,2,1
2023111351931,2023,111351931,2,1,1,1,19,4,2,0,0,0,0,0,1,3,E01012358,6,1,1.0,0.0,-1,6,30,1,1,1,17:35,2,3,1
2023141296904,2023,141296904,1,1,1,2,56,9,2,0,0,0,0,0,1,10,E01007865,7,1,1.0,0.0,-1,6,30,1,1,1,13:00,3,2,1
2023161342985,2023,161342985,1,1,1,1,40,7,3,0,0,0,0,0,1,1,E01012858,3,1,0.0,1.0,-1,6,30,8,4,1,21:14,2,2,1
2023440220601,2023,440220601,2,2,1,1,54,8,3,0,0,0,0,0,1,-1,-1,-1,0,0.19774,0.80226,-1,6,40,1,1,1,09:17,1,2,1
2023501356049,2023,501356049,1,1,1,1,17,4,2,0,0,0,0,0,3,7,E01015138,5,1,1.0,0.0,-1,6,30,1,1,1,14:34,2,2,3
2023010430749,2023,010430749,1,1,1,1,57,9,3,0,0,0,0,0,9,3,E01003201,-1,0,0.0,1.0,-1,6,20,1,4,2,23:26,2,2,9
2023031341977,2023,031341977,1,1,1,2,51,8,2,0,0,0,0,0,9,1,E01019139,7,1,1.0,0.0,-1,3,30,1,1,1,12:00,3,1,9
2023071239769,2023,071239769,2,1,2,1,5,1,3,0,0,1,0,0,9,1,E01018563,-1,0,0.02616,0.97384,-1,6,30,1,4,2,17:00,5,2,9
2023451382485,2023,451382485,1,1,1,1,31,6,3,0,0,0,0,0,9,-1,-1,3,1,0.0,1.0,-1,3,30,2,4,2,18:30,6,2,9
2023520301472,2023,520301472,1,2,2,2,57,9,3,0,0,1,0,0,9,4,E01029241,-1,0,0.01045,0.98955,-1,6,30,2,4,2,18:29,6,2,9
2023010451995,2023,010451995,1,3,2,2,17,4,3,0,0,0,4,0,11,1,E01001813,-1,0,0.0,1.0,-1,6,30,1,1,1,14:55,4,2,11
2023010445015,2023,010445015,1,1,3,2,4,1,3,5,1,0,0,0,0,2,E01000901,-1,0,0.0,1.0,-1,3,20,1,1,1,13:10,5,1,9
2023010427358,2023,010427358,1,1,1,2,21,5,3,0,0,0,0,0,3,3,E01001832,-1,0,0.0,1.0,-1,9,20,1,4,9,08:00,2,2,3
2023552300345,2023,552300345,2,1,1,1,24,5,3,0,0,0,0,0,3,5,E01015374,-1,0,0.06658,0.93342,-1,3,40,1,4,1,19:06,7,2,3
2023411337543,2023,411337543,2,1,1,1,19,4,3,0,0,0,0,0,9,9,E01023634,3,1,0.0,1.0,-1,6,20,1,1,1,11:45,7,2,9
2023461310048,2023,461310048,1,2,2,1,20,4,3,0,0,1,0,0,9,3,E01024149,3,1,0.0,1.0,-1,6,60,1,5,1,00:47,4,1,9
2023501371866,2023,501371866,1,1,2,1,17,4,3,0,0,-1,0,0,9,4,E01018962,3,1,0.0,1.0,-1,6,40,2,6,2,00:18,4,1,9
2023010430621,2023,010430621,1,1,3,2,43,7,2,1,1,0,0,0,0,5,E01000159,-1,0,1.0,0.0,-1,6,20,1,1,1,07:40,2,1,19
2023201310553,2023,201310553,1,1,3,2,18,4,2,9,5,0,0,2,0,2,E01009517,7,1,1.0,0.0,-1,6,30,1,1,1,17:30,5,1,9
2023211269749,2023,211269749,1,1,3,2,16,4,2,10,9,0,0,2,0,2,E01014337,6,1,1.0,0.0,-1,6,30,8,4,1,20:24,7,1,9
2023052300834,2023,052300834,2,1,1,1,31,6,3,0,0,0,0,0,3,1,E01012397,-1,0,0.19908,0.80092,-1,3,40,5,1,2,16:21,4,2,3
2023010473473,2023,010473473,1,1,1,1,39,7,3,0,0,0,0,0,5,3,E01004274,-1,0,0.0,1.0,-1,6,20,1,1,1,15:30,1,2,5
2023061325924,2023,061325924,1,1,1,1,38,7,3,0,0,0,0,0,9,6,E01004998,3,1,0.0,1.0,-1,6,30,1,1,1,15:24,3,2,9
2023302301653,2023,302301653,2,2,1,1,22,5,3,0,0,0,0,0,9,4,E01013458,-1,0,0.04244,0.95756,-1,6,30,8,4,2,20:30,6,2,9
2023461354309,2023,461354309,2,1,1,2,33,6,3,0,0,0,0,0,9,6,E01024301,3,1,0.0,1.0,-1,6,30,1,1,1,12:38,5,2,9
2023461381213,2023,461381213,2,1,1,2,22,5,3,0,0,0,0,0,9,6,E01024054,3,1,0.0,1.0,-1,6,60,1,1,1,09:20,6,3,9
2023545426123,2023,545426123,2,2,1,1,50,8,3,0,0,0,0,0,9,6,E01031996,-1,0,0.0693,0.9307,-1,6,60,1,1,1,08:15,4,5,9
2023010466734,2023,010466734,1,1,1,1,45,7,3,0,0,0,0,0,3,5,E01002004,-1,0,0.0,1.0,-1,9,30,1,1,1,13:55,5,2,3
2023471268367,2023,471268367,2,4,2,2,16,4,3,0,0,2,0,0,9,4,E01016973,3,1,0.0,1.0,-1,6,40,2,4,2,18:45,4,2,9
2023991317473,2023,991317473,2,1,1,1,55,8,2,0,0,0,0,0,1,10,-1,7,1,1.0,0.0,-1,6,60,1,1,1,12:44,1,2,1
2023010429798,2023,010429798,1,1,1,1,33,6,3,0,0,0,0,0,9,3,E01002028,-1,0,0.0,1.0,-1,6,20,1,1,1,09:55,4,2,9
2023122301350,2023,122301350,1,1,1,1,25,5,2,0,0,0,0,0,9,8,E01032594,-1,0,1.0,0.0,-1,3,70,1,7,2,07:15,3,1,9
2023061297746,2023,061297746,1,1,1,1,30,6,3,0,0,0,0,0,9,4,E01019717,3,1,0.0,1.0,-1,6,30,1,1,1,06:58,2,1,9
2023131322947,2023,131322947,1,3,2,1,15,3,3,0,0,1,0,0,9,1,E01010812,3,1,0.0,1.0,-1,6,30,1,1,1,15:44,2,3,9
2023010449690,2023,010449690,1,1,1,2,29,6,3,0,0,0,0,0,1,5,E01003116,-1,0,0.0,1.0,-1,9,30,1,1,1,07:10,4,2,1
2023501285559,2023,501285559,1,1,1,1,17,4,3,0,0,0,0,0,3,5,E01015202,3,1,0.0,1.0,-1,6,40,8,1,2,16:03,3,1,3
2023052301061,2023,052301061,2,1,1,1,71,10,3,0,0,0,0,0,9,2,E01006464,-1,0,0.03116,0.96884,-1,6,30,1,1,2,12:00,4,2,9
2023052301234,2023,052301234,1,5,1,2,22,5,3,0,0,0,0,0,9,7,E01007301,-1,0,0.07071,0.92929,-1,6,30,1,4,1,21:51,1,2,9
2023161344417,2023,161344417,1,3,2,1,15,3,2,0,0,2,0,0,9,1,E01013080,7,1,1.0,0.0,-1,6,60,2,6,2,21:50,2,1,9
2023340WN4172,2023,340WN4172,2,2,2,2,11,3,3,0,0,2,0,0,9,-1,-1,-1,0,0.00437,0.99563,-1,6,30,2,1,2,15:02,7,2,9
2023332300548,2023,332300548,2,1,1,1,22,5,3,0,0,0,0,0,-1,8,E01032865,-1,0,0.02727,0.97273,-1,6,30,1,1,1,06:20,6,2,-1
2023141316360,2023,141316360,1,2,3,1,28,6,2,10,9,0,0,0,0,8,E01007864,6,1,1.0,0.0,-1,6,30,1,1,1,13:15,1,1,9
2023302301392,2023,302301392,2,1,1,2,28,6,3,0,0,0,0,0,9,8,E01019583,-1,0,0.00406,0.99594,-1,1,30,1,1,1,17:39,5,2,9
2023401344436,2023,401344436,1,1,1,2,21,5,3,0,0,0,0,0,9,3,E01017514,3,1,0.0,1.0,-1,6,30,1,1,2,19:40,7,2,9
2023031321200,2023,031321200,1,1,1,2,37,7,3,0,0,0,0,0,9,7,E01019104,3,1,0.0,1.0,-1,6,30,1,1,1,15:50,5,2,9
2023070149091,2023,070149091,1,1,1,2,26,6,3,0,0,0,0,0,9,2,E01012433,-1,0,0.08251,0.91749,-1,6,50,1,1,1,16:12,2,3,9
2023320129053,2023,320129053,1,1,2,1,1,1,3,0,0,1,0,0,9,5,E01026315,-1,0,0.15537,0.84463,-1,6,60,1,6,2,22:20,4,1,9
2023371350299,2023,371350299,1,1,1,1,50,8,3,0,0,0,0,0,9,10,E01029908,3,1,0.0,1.0,-1,3,70,1,1,1,17:14,3,8,9
2023421311905,2023,421311905,2,1,2,1,66,10,3,0,0,2,0,0,9,5,E01021768,3,1,0.0,1.0,-1,6,60,1,1,1,13:45,6,2,9
2023451315973,2023,451315973,2,2,2,2,17,4,3,0,0,2,0,0,9,10,E01030378,3,1,0.0,1.0,-1,3,70,1,1,1,09:55,1,2,9
2023461320755,2023,461320755,2,3,2,1,21,5,3,0,0,1,0,0,9,4,E01024579,3,1,0.0,1.0,-1,3,70,1,1,1,17:30,5,4,9
2023501310734,2023,501310734,2,1,1,2,20,4,3,0,0,0,0,0,9,10,E01020194,3,1,0.0,1.0,-1,6,40,1,1,1,20:44,2,2,9
2023440528673,2023,440528673,1,1,1,1,65,9,3,0,0,0,0,0,19,6,E01023978,-1,0,0.14141,0.85859,-1,6,60,4,6,2,18:35,5,1,19
2023161343062,2023,161343062,1,1,3,2,41,7,3,9,5,0,0,2,0,2,E01012763,3,1,0.0,1.0,-1,6,30,1,1,1,06:33,7,1,9
2023471260735,2023,471260735,1,1,3,1,59,9,1,1,3,0,0,0,0,6,E01031440,1,1,0.0,0.0,-1,6,40,5,4,2,17:33,7,1,19
2023201287076,2023,201287076,1,1,1,2,58,9,3,0,0,0,0,0,21,5,E01025331,3,1,0.0,1.0,-1,3,60,1,4,1,19:31,5,1,21
2023061341053,2023,061341053,4,3,2,2,20,4,3,0,0,1,0,0,9,1,E01005195,3,1,0.0,1.0,-1,6,30,1,1,1,18:18,7,4,9
2023201410182,2023,201410182,1,1,1,2,46,8,3,0,0,0,0,0,9,1,E01033650,3,1,0.0,1.0,-1,6,30,5,4,2,17:16,7,3,9
202360A177238,2023,60A177238,2,1,1,1,63,9,3,0,0,0,0,0,9,-1,-1,-1,0,0.03389,0.96611,-1,6,60,1,1,2,15:00,2,2,9
2023332300858,2023,332300858,2,1,1,1,25,5,3,0,0,0,0,0,5,2,E01026175,-1,0,0.08338,0.91662,-1,3,40,1,1,1,15:09,5,2,5
2023991290885,2023,991290885,2,1,1,2,35,6,3,0,0,0,0,0,19,2,-1,3,1,0.0,1.0,-1,6,60,1,1,1,15:30,5,2,19
2023211349592,2023,211349592,1,2,3,2,68,10,3,10,9,0,0,0,0,-1,-1,3,1,0.0,1.0,-1,6,30,1,1,1,12:07,4,2,9
2023010465373,2023,010465373,1,1,1,1,59,9,3,0,0,0,0,0,1,7,E01002836,-1,0,0.0,1.0,-1,6,30,1,1,1,16:25,2,2,1
2023201384212,2023,201384212,2,1,1,1,23,5,3,0,0,0,0,0,3,-1,-1,3,1,0.0,1.0,-1,6,30,1,4,1,16:49,3,2,3
2023311361181,2023,311361181,2,2,1,1,18,4,3,0,0,0,0,0,3,5,E01025887,3,1,0.0,1.0,-1,6,30,1,1,1,15:44,2,2,3
2023010446161,2023,010446161,1,3,2,-1,-1,-1,3,0,0,2,0,0,9,3,E01001263,-1,0,0.0,1.0,-1,2,30,8,1,1,11:20,6,2,9
2023041346868,2023,041346868,1,1,1,1,30,6,1,0,0,0,0,0,9,2,E01006492,1,1,0.0,0.0,-1,6,50,2,6,2,04:02,4,1,9
2023061375747,2023,061375747,2,1,1,2,46,8,3,0,0,0,0,0,9,9,E01006149,3,1,0.0,1.0,-1,3,70,1,1,1,18:26,7,5,9
2023101340772,2023,101340772,2,1,2,1,38,7,3,0,0,1,0,0,9,4,E01008814,3,1,0.0,1.0,-1,6,30,1,1,1,19:00,2,2,9
2023201372517,2023,201372517,1,1,1,2,43,7,3,0,0,0,0,0,9,1,E01009305,3,1,0.0,1.0,-1,3,30,1,1,1,14:40,2,2,9
2023461369576,2023,461369576,1,1,1,1,43,7,3,0,0,0,0,0,19,-1,-1,3,1,0.0,1.0,-1,3,60,1,1,2,16:00,4,2,19
2023161309425,2023,161309425,1,1,3,2,17,4,2,9,9,0,0,2,0,1,E01012892,7,1,1.0,0.0,-1,6,30,1,4,1,22:00,6,1,2
2023552301367,2023,552301367,1,1,3,1,28,6,3,5,3,0,0,0,0,9,E01020372,-1,0,0.06081,0.93919,-1,6,40,1,1,1,16:05,5,1,9
202360A138248,2023,60A138248,1,1,1,1,26,6,2,0,0,0,0,0,5,-1,-1,-1,0,1.0,0.0,-1,6,60,2,1,2,15:11,2,2,5
2023201400625,2023,201400625,2,1,1,1,46,8,3,0,0,0,0,0,9,3,E01009995,3,1,0.0,1.0,-1,3,40,1,4,1,23:03,7,2,9
2023471276144,2023,471276144,2,1,1,2,50,8,3,0,0,0,0,0,9,8,E01000749,3,1,0.0,1.0,-1,6,40,1,1,2,12:13,3,2,9
2023991282545,2023,991282545,2,1,1,1,42,7,3,0,0,0,0,0,9,2,-1,3,1,0.0,1.0,-1,1,40,1,4,1,19:00,4,2,9
2023622300847,2023,622300847,2,2,1,1,35,6,3,0,0,0,0,0,1,2,W01001768,-1,0,0.07941,0.92059,-1,6,20,1,1,1,10:08,7,2,1
2023010461701,2023,010461701,1,1,1,1,27,6,3,0,0,0,0,0,9,9,E01014918,-1,0,0.0,1.0,-1,6,20,1,1,1,08:45,4,2,9
2023041331550,2023,041331550,2,4,1,2,22,5,3,0,0,0,0,0,9,2,E01012621,3,1,0.0,1.0,-1,6,30,1,1,1,16:43,4,2,9
2023041352407,2023,041352407,1,1,1,1,79,11,3,0,0,0,0,0,9,1,E01025447,3,1,0.0,1.0,-1,6,30,2,1,2,08:55,5,3,9
2023141373467,2023,141373467,2,2,2,2,35,6,3,0,0,1,0,0,9,4,E01007842,3,1,0.0,1.0,-1,6,60,1,6,1,17:35,7,2,9
2023201418977,2023,201418977,2,1,1,1,63,9,3,0,0,0,0,0,9,7,E01009820,3,1,0.0,1.0,-1,3,40,1,1,1,13:20,3,2,9
2023340NN2052,2023,340NN2052,2,1,1,1,36,7,2,0,0,0,0,0,4,2,E01027351,-1,0,1.0,0.0,-1,6,30,1,1,1,15:41,4,2,4
2023052301257,2023,052301257,1,1,1,1,20,4,2,0,0,0,0,0,5,1,E01006760,-1,0,1.0,0.0,-1,3,40,1,1,1,11:57,4,3,5
2023010455067,2023,010455067,1,1,1,1,22,5,3,0,0,0,0,0,9,3,E01000640,-1,0,0.0,1.0,-1,6,20,1,4,9,23:36,5,1,9
2023201384722,2023,201384722,2,1,1,1,31,6,3,0,0,0,0,0,9,2,E01009348,3,1,0.0,1.0,-1,6,30,1,1,1,15:14,1,2,9
2023421312484,2023,421312484,2,2,2,2,19,4,3,0,0,1,0,0,9,5,E01021901,3,1,0.0,1.0,-1,6,60,1,1,1,04:55,2,2,9
2023010477708,2023,010477708,1,1,1,1,40,7,3,0,0,0,0,0,1,4,E01003559,-1,0,0.0,1.0,-1,9,30,8,1,2,13:25,2,2,1
2023010427112,2023,010427112,1,1,1,1,75,10,3,0,0,0,0,0,9,4,E01002487,-1,0,0.0,1.0,-1,1,20,8,4,1,18:50,6,2,9
2023131302470,2023,131302470,2,5,2,1,0,1,2,0,0,2,0,0,9,6,E01032159,7,1,1.0,0.0,-1,7,50,1,1,1,14:05,1,2,9
2023131367783,2023,131367783,1,1,1,2,34,6,3,0,0,0,0,0,9,1,E01011484,3,1,0.0,1.0,-1,6,30,1,1,2,09:00,6,2,9
2023221275033,2023,221275033,1,1,1,1,54,8,3,0,0,0,0,0,9,6,W01000598,3,1,0.0,1.0,-1,3,30,1,4,1,23:07,6,1,9
2023010457419,2023,010457419,2,1,1,1,27,6,3,0,0,0,0,0,-1,-1,-1,-1,0,0.0,1.0,-1,6,30,2,1,2,19:10,4,2,-1
2023010477992,2023,010477992,1,1,1,1,43,7,3,0,0,0,0,0,3,3,E01000081,-1,0,0.0,1.0,-1,3,50,1,4,2,18:00,3,1,3
2023061262213,2023,061262213,2,5,2,2,27,6,3,0,0,1,0,0,9,2,E01004871,3,1,0.0,1.0,-1,3,70,2,1,2,12:00,3,2,9
2023070654198,2023,070654198,1,1,1,2,63,9,3,0,0,0,0,0,9,10,E01018632,-1,0,0.05762,0.94238,-1,6,60,1,1,1,17:17,4,2,9
2023101355455,2023,101355455,1,3,2,1,17,4,2,0,0,2,0,0,9,10,E01027460,7,1,1.0,0.0,-1,6,50,1,1,1,11:43,6,1,9
2023201319335,2023,201319335,2,1,2,2,-1,-1,3,0,0,2,0,0,9,2,E01009537,3,1,0.0,1.0,-1,6,30,1,1,1,18:20,7,2,9
2023201383715,2023,201383715,1,1,1,1,65,9,3,0,0,0,0,0,9,1,E01009073,3,1,0.0,1.0,-1,6,30,8,1,2,12:50,4,1,9
2023371316236,2023,371316236,2,4,2,2,4,1,3,0,0,2,0,0,9,5,E01033446,3,1,0.0,1.0,-1,6,40,1,6,2,19:15,6,2,9
2023501275145,2023,501275145,2,1,1,2,45,7,3,0,0,0,0,0,9,5,E01019924,3,1,0.0,1.0,-1,6,30,1,1,1,11:05,6,2,9
2023201377905,2023,201377905,1,1,3,1,13,3,3,1,1,0,0,0,0,1,E01009611,3,1,0.0,1.0,-1,6,30,9,1,1,08:30,6,1,9
2023211392144,2023,211392144,1,4,3,2,17,4,3,6,9,0,0,0,0,-1,-1,3,1,0.0,1.0,-1,6,40,1,4,2,20:43,1,3,9
2023361370569,2023,361370569,1,1,3,1,48,8,3,9,7,0,0,0,0,7,E01026773,3,1,0.0,1.0,-1,6,30,1,7,1,18:50,2,1,90
2023610041223,2023,610041223,1,1,2,2,63,9,2,0,0,0,0,0,5,3,E01024695,-1,0,1.0,0.0,-1,6,30,1,1,1,17:29,6,1,5
2023311346467,2023,311346467,2,1,1,2,53,8,3,0,0,0,0,0,9,6,E01028220,3,1,0.0,1.0,-1,3,70,1,1,1,16:13,2,2,9
2023010436351,2023,010436351,2,1,1,1,50,8,2,0,0,0,0,0,4,3,E01023876,-1,0,1.0,0.0,-1,3,40,1,1,1,16:40,6,2,4
2023052301188,2023,052301188,2,3,2,2,12,3,3,0,0,1,0,0,9,7,E01007104,-1,0,0.05225,0.94775,-1,6,30,1,1,1,20:15,3,2,9
2023061286456,2023,061286456,2,1,1,1,37,7,3,0,0,0,0,0,9,1,E01004826,3,1,0.0,1.0,-1,6,20,1,1,1,12:40,6,2,9
2023201377391,2023,201377391,2,2,2,2,23,5,3,0,0,-1,0,0,9,-1,-1,3,1,0.0,1.0,-1,6,30,1,1,2,19:56,3,2,9
2023461329030,2023,461329030,2,1,1,2,72,10,3,0,0,0,0,0,9,6,E01024655,3,1,0.0,1.0,-1,6,30,2,4,2,20:54,3,2,9
2023010449075,2023,010449075,2,1,1,1,21,5,3,0,0,0,0,0,1,-1,-1,-1,0,0.0,1.0,-1,6,20,1,1,1,18:15,4,2,1
2023010447469,2023,010447469,1,1,1,2,28,6,3,0,0,0,0,0,9,10,E01004122,-1,0,0.0,1.0,-1,6,30,1,1,1,17:15,3,2,9
2023041346437,2023,041346437,2,2,2,1,22,5,3,0,0,1,0,0,9,3,E01012694,3,1,0.0,1.0,-1,6,30,1,1,1,14:48,2,2,9
2023430048547,2023,430048547,1,1,1,1,36,7,3,0,0,0,0,0,9,8,E01016763,-1,0,0.04652,0.95348,-1,6,30,1,1,1,16:27,4,2,9
2023461341331,2023,461341331,2,1,1,2,31,6,3,0,0,0,0,0,9,10,E01017572,3,1,0.0,1.0,-1,6,40,1,1,1,14:10,5,2,9
2023991288034,2023,991288034,1,1,1,1,29,6,3,0,0,0,0,0,9,-1,-1,3,1,0.0,1.0,-1,3,70,2,6,2,00:40,7,1,9
2023041374941,2023,041374941,1,1,3,2,28,6,3,5,3,0,0,0,0,1,E01025112,3,1,0.0,1.0,-1,6,20,2,1,2,14:11,3,1,9
2023221277148,2023,221277148,1,2,2,1,16,4,2,0,0,2,0,0,9,8,E01013990,5,1,1.0,0.0,-1,6,60,1,6,1,23:31,6,1,9
2023451296217,2023,451296217,1,1,1,2,49,8,3,0,0,0,0,0,9,10,E01030368,3,1,0.0,1.0,-1,1,40,1,1,1,09:10,5,2,9