collision_index,collision_year,collision_ref_no,vehicle_reference,casualty_reference,casualty_class,sex_of_casualty,age_of_casualty,age_band_of_casualty,casualty_severity,pedestrian_location,pedestrian_movement,car_passenger,bus_or_coach_passenger,pedestrian_road_maintenance_worker,casualty_type,casualty_imd_decile,lsoa_of_casualty,enhanced_casualty_severity,casualty_injury_based,casualty_adjusted_severity_serious,casualty_adjusted_severity_slight,casualty_distance_banding,road_type,speed_limit,weather_conditions,light_conditions,road_surface_conditions,time,day_of_week,number_of_vehicles,vehicle_type
2023451323373,2023,451323373,2,2,2,1,20,4,3,0,0,1,0,0,9,6,E01030643,3,1,0.0,1.0,-1,3,40,1,1,1,18:37,3,2,9
2023991387039,2023,991387039,2,3,2,1,5,1,3,0,0,2,0,0,9,-1,-1,3,1,0.0,1.0,-1,6,60,1,1,2,07:40,2,2,9
2023010428793,2023,010428793,1,1,1,1,29,6,3,0,0,0,0,0,9,1,E01001206,-1,0,0.0,1.0,-1,9,20,1,1,1,09:05,5,2,9
2023531397420,2023,531397420,1,1,1,1,74,10,3,0,0,0,0,0,9,6,E01022176,3,1,0.0,1.0,-1,6,50,1,6,2,22:50,6,2,9
2023552300160,2023,552300160,2,2,1,2,43,7,3,0,0,0,0,0,9,6,E01020449,-1,0,0.02617,0.97383,-1,6,30,1,1,4,07:45,4,2,9
2023351310883,2023,351310883,2,2,1,2,56,9,2,0,0,0,0,0,9,9,E01018199,7,1,1.0,0.0,-1,6,50,2,1,2,17:55,6,2,9
2023430013265,2023,430013265,2,2,2,2,7,2,3,0,0,2,0,0,9,5,E01017844,-1,0,0.02962,0.97038,-1,6,30,2,1,2,08:46,3,2,9
2023440161261,2023,440161261,2,2,1,2,34,6,3,0,0,0,0,0,9,2,E01022820,-1,0,0.04679,0.95321,-1,6,30,1,1,1,08:55,3,2,9
2023501328115,2023,501328115,1,3,1,1,84,11,3,0,0,0,0,0,9,5,E01002682,3,1,0.0,1.0,-1,6,60,1,1,1,17:22,3,2,9
2023501371103,2023,501371103,2,1,1,1,26,6,3,0,0,0,0,0,9,5,E01033291,3,1,0.0,1.0,-1,6,30,1,1,2,11:30,1,2,9
2023131357068,2023,131357068,1,1,1,2,54,8,3,0,0,0,0,0,9,2,E01032494,3,1,0.0,1.0,-1,6,60,5,6,2,19:45,4,2,9
2023010471683,2023,010471683,1,1,1,2,36,7,3,0,0,0,0,0,3,3,E01024149,-1,0,0.0,1.0,-1,3,50,2,1,2,08:30,6,1,3
2023010429851,2023,010429851,1,1,1,1,33,6,3,0,0,0,0,0,9,10,E01021455,-1,0,0.0,1.0,-1,2,20,9,1,9,11:00,3,2,9
2023311305848,2023,311305848,2,3,2,2,10,2,3,0,0,2,0,0,9,4,E01019431,3,1,0.0,1.0,-1,3,50,2,1,2,13:19,4,2,9
2023361305720,2023,361305720,1,4,2,1,1,1,3,0,0,2,0,0,9,-1,-1,3,1,0.0,1.0,-1,6,60,2,1,1,10:21,4,2,9
2023471294121,2023,471294121,2,1,2,2,15,3,3,0,0,2,0,0,9,3,E01020930,3,1,0.0,1.0,-1,3,70,1,1,1,19:30,4,2,9
2023131261701,2023,131261701,1,1,1,2,12,3,3,0,0,0,0,0,90,1,E01011816,3,1,0.0,1.0,-1,6,30,1,1,2,16:10,3,2,90
2023131291108,2023,131291108,2,1,1,1,23,5,3,0,0,0,0,0,9,7,E01011800,3,1,0.0,1.0,-1,3,30,1,4,1,19:55,7,2,9
2023141338331,2023,141338331,1,1,1,1,26,6,2,0,0,0,0,0,9,1,E01007768,5,1,1.0,0.0,-1,6,30,1,4,1,21:57,6,4,9
2023052302134,2023,052302134,1,1,2,1,26,6,3,0,0,0,3,0,11,1,E01006770,-1,0,0.13334,0.86666,-1,3,30,1,1,1,16:25,2,1,11
2023122300649,2023,122300649,1,4,3,1,51,8,3,6,9,0,0,0,0,1,E01027817,-1,0,0.21539,0.78461,-1,6,30,1,1,1,20:27,6,1,9
2023991359866,2023,991359866,2,1,1,2,24,5,3,0,0,0,0,0,1,10,-1,3,1,0.0,1.0,-1,6,30,2,1,2,14:20,5,2,1
2023010457987,2023,010457987,1,1,1,2,82,11,2,0,0,0,0,0,9,9,E01002463,-1,0,1.0,0.0,-1,6,30,1,1,1,11:30,1,3,9
2023471365455,2023,471365455,1,1,1,2,24,5,3,0,0,0,0,0,9,1,E01016868,3,1,0.0,1.0,-1,6,20,1,1,1,15:00,6,2,9
2023631363199,2023,631363199,2,1,1,1,71,10,3,0,0,0,0,0,9,8,W01000634,3,1,0.0,1.0,-1,6,60,1,1,1,10:35,2,2,9
2023010469138,2023,010469138,1,1,1,2,56,9,3,0,0,0,0,0,9,3,E01003105,-1,0,0.0,1.0,-1,3,20,1,1,1,10:30,7,3,9
2023070654310,2023,070654310,1,1,1,1,27,6,2,0,0,0,0,0,4,1,E01018459,-1,0,1.0,0.0,-1,6,30,1,1,1,17:48,4,2,4
2023010444609,2023,010444609,1,1,1,2,45,7,3,0,0,0,0,0,9,-1,-1,-1,0,0.0,1.0,-1,1,30,1,1,1,13:15,3,2,9
2023010482569,2023,010482569,1,1,1,1,73,10,2,0,0,0,0,0,9,7,E01002338,-1,0,1.0,0.0,-1,3,50,1,1,2,12:14,5,5,9
2023041312642,2023,041312642,2,2,1,2,42,7,3,0,0,0,0,0,9,9,E01019369,3,1,0.0,1.0,-1,6,30,1,1,1,10:30,6,2,9
2023302300537,2023,302300537,1,1,1,2,54,8,3,0,0,0,0,0,9,2,E01019699,-1,0,0.05577,0.94423,-1,6,30,9,1,1,05:22,3,1,9
2023430488138,2023,430488138,2,1,2,1,41,7,3,0,0,1,0,0,9,4,E01016356,-1,0,0.00618,0.99382,-1,6,30,1,1,1,16:00,2,2,9
2023010472771,2023,010472771,1,1,3,1,62,9,3,10,9,0,0,0,0,5,E01002219,-1,0,0.0,1.0,-1,6,30,2,1,2,18:00,4,1,8
2023141320968,2023,141320968,1,1,2,1,15,3,3,0,0,1,0,0,9,-1,-1,3,1,0.0,1.0,-1,6,30,1,4,2,04:24,4,1,9
2023471358130,2023,471358130,1,1,2,2,37,7,2,0,0,1,0,0,9,8,E01021176,5,1,1.0,0.0,-1,6,60,1,6,1,22:10,7,1,9
2023010469018,2023,010469018,1,1,1,1,38,7,3,0,0,0,0,0,3,2,E01001651,-1,0,0.0,1.0,-1,9,20,9,1,9,08:20,5,2,3
2023471317182,2023,471317182,1,1,1,2,46,8,3,0,0,0,0,0,3,7,E01031677,3,1,0.0,1.0,-1,6,30,1,1,1,17:50,7,2,3
2023622300236,2023,622300236,1,1,1,1,67,10,3,0,0,0,0,0,9,3,W01001042,-1,0,0.06784,0.93216,-1,6,30,2,4,2,19:42,1,2,9
2023010440735,2023,010440735,1,1,1,1,23,5,3,0,0,0,0,0,3,4,E01003090,-1,0,0.0,1.0,-1,6,30,2,1,2,19:55,5,2,3
2023141310583,2023,141310583,1,1,1,1,35,6,3,0,0,0,0,0,9,2,E01007654,3,1,0.0,1.0,-1,6,20,1,4,1,22:34,1,2,9
2023141317338,2023,141317338,2,1,2,1,70,10,2,0,0,2,0,0,9,5,E01007887,6,1,1.0,0.0,-1,6,30,1,1,1,13:57,1,2,9
2023361290482,2023,361290482,1,2,2,2,27,6,3,0,0,1,0,0,9,4,E01026694,3,1,0.0,1.0,-1,6,30,1,4,1,19:15,6,2,9
2023430220685,2023,430220685,2,1,1,2,39,7,3,0,0,0,0,0,9,6,E01033525,-1,0,0.00308,0.99692,-1,3,70,1,1,1,14:45,6,2,9
2023543198023,2023,543198023,1,1,1,1,41,7,2,0,0,0,0,0,9,5,E01031947,-1,0,1.0,0.0,-1,6,30,1,1,1,15:40,7,2,9
2023010441116,2023,010441116,1,1,3,2,27,6,2,8,1,0,0,0,0,2,E01000556,-1,0,1.0,0.0,-1,6,30,1,1,1,19:00,1,1,9
2023361317523,2023,361317523,1,1,1,2,25,5,3,0,0,0,0,0,9,4,E01026725,3,1,0.0,1.0,-1,6,60,1,1,1,08:24,2,2,9
2023401365000,2023,401365000,1,1,1,1,51,8,3,0,0,0,0,0,9,7,E01017564,3,1,0.0,1.0,-1,6,60,1,1,1,18:16,3,3,9
2023440086663,2023,440086663,1,1,1,1,41,7,3,0,0,0,0,0,19,9,E01022494,-1,0,0.01811,0.98189,-1,6,30,1,1,1,08:50,6,2,19
2023545837123,2023,545837123,3,2,1,1,31,6,3,0,0,0,0,0,19,3,E01014572,-1,0,0.0382,0.9618,-1,3,70,1,1,1,19:57,1,4,19
2023351357401,2023,351357401,1,1,1,1,20,4,3,0,0,0,0,0,3,4,E01015630,3,1,0.0,1.0,-1,1,30,1,1,1,11:30,3,1,3
2023481364570,2023,481364570,2,1,1,1,22,5,3,0,0,0,0,0,3,-1,-1,3,1,0.0,1.0,-1,6,20,2,1,2,21:30,5,2,3
2023451385045,2023,451385045,2,1,1,1,25,5,2,0,0,0,0,0,5,10,E01016188,7,1,1.0,0.0,-1,6,30,4,4,1,20:10,7,2,5
2023461345126,2023,461345126,1,1,1,1,31,6,2,0,0,0,0,0,5,3,E01002375,5,1,1.0,0.0,-1,6,50,1,1,1,12:40,1,1,5
2023010483592,2023,010483592,1,1,1,1,73,10,3,0,0,0,0,0,9,4,E01023302,-1,0,0.0,1.0,-1,3,40,1,4,2,17:13,3,2,9
2023010456324,2023,010456324,1,1,3,2,89,11,2,1,1,0,0,0,0,7,E01002827,-1,0,1.0,0.0,-1,6,20,1,1,1,15:48,5,1,19
2023161386359,2023,161386359,1,2,2,1,84,11,3,0,0,1,0,0,9,9,E01013031,3,1,0.0,1.0,-1,6,60,1,1,2,14:45,1,2,9
2023461364103,2023,461364103,2,2,2,2,21,5,3,0,0,0,4,0,11,2,E01024397,3,1,0.0,1.0,-1,3,30,1,1,1,18:07,2,2,11
2023052301408,2023,052301408,1,2,1,1,45,7,3,0,0,0,0,0,9,2,E01006456,-1,0,0.10974,0.89026,-1,3,60,1,1,1,17:00,4,4,9
2023201366967,2023,201366967,2,1,1,2,43,7,3,0,0,0,0,0,9,1,E01010273,3,1,0.0,1.0,-1,6,30,1,1,1,15:05,6,2,9
2023211312634,2023,211312634,1,1,1,1,18,4,3,0,0,0,0,0,9,-1,-1,3,1,0.0,1.0,-1,6,60,1,6,1,00:18,3,1,9
2023351383779,2023,351383779,2,1,1,2,-1,-1,3,0,0,0,0,0,9,4,E01026499,3,1,0.0,1.0,-1,3,70,1,1,1,11:43,3,2,9
2023010455546,2023,010455546,1,1,3,2,59,9,3,5,1,0,0,0,0,2,E01004023,-1,0,0.0,1.0,-1,7,20,8,1,1,15:45,7,1,8
2023991351570,2023,991351570,2,1,1,1,49,8,2,0,0,0,0,0,1,6,-1,7,1,1.0,0.0,-1,6,60,1,1,1,19:05,2,2,1
2023010458677,2023,010458677,1,1,1,2,44,7,3,0,0,0,0,0,9,7,E01000734,-1,0,0.0,1.0,-1,6,30,1,1,1,14:00,5,2,9
2023061270101,2023,061270101,1,1,3,2,31,6,3,5,1,0,0,0,0,8,E01005417,3,1,0.0,1.0,-1,6,20,1,1,1,11:00,4,1,9
2023991347343,2023,991347343,1,1,1,1,31,6,2,0,0,0,0,0,5,7,-1,6,1,1.0,0.0,-1,6,40,1,1,1,15:30,5,2,5
2023010433004,2023,010433004,2,1,1,2,59,9,3,0,0,0,0,0,9,6,E01002140,-1,0,0.0,1.0,-1,6,30,1,1,2,07:35,1,3,9
2023101351152,2023,101351152,1,5,1,2,28,6,2,0,0,0,0,0,9,4,E01008308,7,1,1.0,0.0,-1,6,40,1,1,1,14:05,6,3,9
2023371293944,2023,371293944,2,1,1,2,44,7,3,0,0,0,0,0,9,10,E01030045,3,1,0.0,1.0,-1,6,60,1,1,1,12:30,3,2,9
2023010470798,2023,010470798,1,1,2,2,49,8,3,0,0,0,3,0,11,1,E01004199,-1,0,0.0,1.0,-1,6,20,1,1,1,14:25,1,1,11
2023010449706,2023,010449706,1,1,1,2,56,9,3,0,0,0,0,0,9,6,E01004164,-1,0,0.0,1.0,-1,7,20,8,1,1,15:40,6,2,9
2023311313592,2023,311313592,2,2,2,2,28,6,3,0,0,1,0,0,9,-1,-1,3,1,0.0,1.0,-1,6,30,1,1,1,15:00,7,2,9
2023430180408,2023,430180408,1,1,1,1,36,7,3,0,0,0,0,0,9,2,E01028435,-1,0,0.10576,0.89424,-1,6,60,1,6,1,21:15,6,2,9
2023541816123,2023,541816123,2,2,1,2,31,6,3,0,0,0,0,0,9,4,E01014968,-1,0,0.01841,0.98159,-1,6,30,1,1,1,12:48,7,2,9
2023451371265,2023,451371265,1,2,1,2,22,5,3,0,0,0,0,0,9,7,E01023131,3,1,0.0,1.0,-1,6,30,1,5,2,22:48,1,3,9
2023461390746,2023,461390746,1,4,2,2,23,5,2,0,0,1,0,0,9,7,E01024317,7,1,1.0,0.0,-1,6,30,2,4,2,00:43,7,2,9
2023041380031,2023,041380031,1,1,3,1,28,6,2,9,7,0,0,0,0,-1,-1,7,1,1.0,0.0,-1,2,20,8,1,4,13:30,5,1,9
2023211377159,2023,211377159,1,1,3,1,32,6,3,5,3,0,0,0,0,1,E01014275,3,1,0.0,1.0,-1,6,30,1,1,1,14:20,7,1,9
2023451271605,2023,451271605,1,1,1,1,54,8,3,0,0,0,0,0,1,9,E01001098,3,1,0.0,1.0,-1,6,30,1,5,1,17:50,3,2,1
2023421300373,2023,421300373,2,1,1,2,35,6,3,0,0,0,0,0,9,7,E01021679,3,1,0.0,1.0,-1,3,30,1,1,1,13:20,6,2,9
2023461402785,2023,461402785,1,2,2,1,24,5,3,0,0,1,0,0,9,2,E01016064,3,1,0.0,1.0,-1,6,30,1,4,1,21:33,6,2,9
2023542300723,2023,542300723,1,1,1,2,72,10,2,0,0,0,0,0,9,10,E01022860,-1,0,1.0,0.0,-1,6,60,1,1,1,14:30,5,2,9
2023052300395,2023,052300395,1,1,3,1,22,5,3,10,9,0,0,0,0,2,E01006624,-1,0,0.12996,0.87004,-1,6,30,1,4,1,03:00,1,1,9
2023071125038,2023,071125038,1,1,3,1,42,7,1,9,9,0,0,0,0,1,E01018563,-1,0,0.0,0.0,-1,3,70,1,1,1,12:38,7,1,9
2023101291834,2023,101291834,1,1,3,2,79,11,3,6,3,0,0,0,0,2,E01008664,3,1,0.0,1.0,-1,6,30,9,1,2,18:47,2,1,9
2023170S10763,2023,170S10763,2,3,2,1,26,6,3,0,0,2,0,0,8,10,E01028395,-1,0,0.0409,0.9591,-1,6,30,1,4,1,23:45,6,2,8
2023010425067,2023,010425067,2,1,1,1,40,7,3,0,0,0,0,0,1,3,E01000392,-1,0,0.0,1.0,-1,1,30,1,1,1,08:40,6,2,1
2023010458151,2023,010458151,1,1,1,-1,25,5,3,0,0,0,0,0,3,4,E01004049,-1,0,0.0,1.0,-1,6,20,1,1,1,15:10,6,2,3
2023351305432,2023,351305432,1,1,1,1,44,7,3,0,0,0,0,0,9,9,E01018124,3,1,0.0,1.0,-1,6,60,1,1,1,07:57,4,2,9
2023440145018,2023,440145018,1,1,1,2,57,9,3,0,0,0,0,0,9,5,E01017365,-1,0,0.02648,0.97352,-1,6,60,1,1,1,11:30,5,2,9
2023540030323,2023,540030323,1,1,1,2,31,6,3,0,0,0,0,0,9,8,E01015536,-1,0,0.02929,0.97071,-1,6,30,1,1,2,12:21,2,2,9
2023411354393,2023,411354393,1,1,1,1,80,11,3,0,0,0,0,0,9,6,E01023317,3,1,0.0,1.0,-1,6,30,1,1,1,18:28,6,2,9
2023991371236,2023,991371236,2,1,2,1,50,8,3,0,0,1,0,0,9,8,-1,3,1,0.0,1.0,-1,1,30,1,1,2,12:00,2,2,9
2023131294404,2023,131294404,1,4,2,2,9,2,2,0,0,2,0,0,9,5,E01013935,6,1,1.0,0.0,-1,6,60,1,1,1,13:33,5,2,9
2023010423443,2023,010423443,1,1,1,1,39,7,3,0,0,0,0,0,9,1,E01004247,-1,0,0.0,1.0,-1,6,20,1,1,1,13:00,4,2,9
2023311304404,2023,311304404,1,2,2,2,78,11,2,0,0,1,0,0,9,3,E01028209,6,1,1.0,0.0,-1,6,60,1,1,1,10:25,6,2,9
2023010467782,2023,010467782,1,1,3,1,35,6,3,5,1,0,0,0,0,8,E01000678,-1,0,0.0,1.0,-1,6,30,2,1,1,17:00,6,1,9
2023340WN0862,2023,340WN0862,1,2,1,2,36,7,3,0,0,0,0,0,9,8,E01027261,-1,0,0.07335,0.92665,-1,6,50,1,6,4,06:50,2,3,9
2023421293808,2023,421293808,2,1,1,2,19,4,3,0,0,0,0,0,9,3,E01021358,3,1,0.0,1.0,-1,1,30,2,7,2,20:10,2,2,9
2023010464175,2023,010464175,1,1,2,2,69,10,3,0,0,0,1,0,11,1,E01001210,-1,0,0.0,1.0,-1,6,20,1,1,1,08:40,3,1,11
2023010429377,2023,010429377,1,1,1,1,27,6,3,0,0,0,0,0,3,3,E01002028,-1,0,0.0,1.0,-1,9,20,1,1,1,08:01,7,2,3
2023991360553,2023,991360553,1,1,1,1,16,4,2,0,0,0,0,0,2,8,-1,7,1,1.0,0.0,-1,6,60,2,1,2,13:40,5,1,2
2023111312748,2023,111312748,2,1,1,1,58,9,2,0,0,0,0,0,8,5,E01012363,7,1,1.0,0.0,-1,6,30,1,4,1,23:30,1,2,8
2023010474977,2023,010474977,1,1,3,2,58,9,3,5,9,0,0,0,0,-1,-1,-1,0,0.0,1.0,-1,2,20,1,4,1,17:21,2,1,1
2023061376332,2023,061376332,2,1,3,1,38,7,2,6,9,0,0,0,0,3,E01005567,5,1,1.0,0.0,-1,6,30,1,4,1,03:23,1,3,9
2023141359547,2023,141359547,1,1,3,1,4,1,2,5,3,0,0,0,0,2,E01007491,7,1,1.0,0.0,-1,6,30,1,1,1,16:00,4,1,9
2023010473806,2023,010473806,1,1,1,1,28,6,2,0,0,0,0,0,3,3,E01002932,-1,0,1.0,0.0,-1,3,20,1,1,1,16:40,3,2,3
2023201339247,2023,201339247,2,1,1,1,27,6,3,0,0,0,0,0,3,1,E01009259,3,1,0.0,1.0,-1,1,40,1,1,1,14:45,5,2,3
2023430269151,2023,430269151,2,1,1,1,27,6,3,0,0,0,0,0,4,5,E01016731,-1,0,0.14999,0.85001,-1,3,70,1,1,1,09:30,2,2,4
2023522300757,2023,522300757,1,1,1,1,51,8,2,0,0,0,0,0,5,9,E01014787,-1,0,1.0,0.0,-1,1,40,1,1,1,07:45,2,2,5
2023052302559,2023,052302559,2,1,1,1,77,11,3,0,0,0,0,0,9,6,E01025495,-1,0,0.09539,0.90461,-1,6,30,1,1,1,15:25,4,4,9
2023542517323,2023,542517323,2,1,1,2,52,8,3,0,0,0,0,0,9,8,E01032001,-1,0,0.04169,0.95831,-1,6,40,1,6,1,21:31,3,2,9
202360A143890,2023,60A143890,1,1,1,2,79,11,3,0,0,0,0,0,9,-1,-1,-1,0,0.05951,0.94049,-1,6,30,1,1,1,17:20,4,2,9
2023010475364,2023,010475364,1,2,3,-1,5,1,3,5,9,0,0,0,0,-1,-1,-1,0,0.0,1.0,-1,9,20,2,1,2,15:25,3,1,9
2023430424553,2023,430424553,1,1,1,1,56,9,3,0,0,0,0,0,1,8,E01017817,-1,0,0.05726,0.94274,-1,3,30,2,1,2,17:29,4,2,1
2023010457932,2023,010457932,2,1,1,1,49,8,3,0,0,0,0,0,3,4,E01001694,-1,0,0.0,1.0,-1,6,20,1,4,1,21:50,7,2,3
2023010482526,2023,010482526,1,1,1,1,37,7,3,0,0,0,0,0,5,4,E01000171,-1,0,0.0,1.0,-1,6,20,1,1,1,12:30,4,2,5
2023122300414,2023,122300414,1,1,1,1,23,5,3,0,0,0,0,0,9,5,E01020620,-1,0,0.10865,0.89135,-1,3,70,1,6,2,22:22,2,2,9
2023311327994,2023,311327994,1,1,1,2,35,6,3,0,0,0,0,0,9,2,E01013891,3,1,0.0,1.0,-1,6,30,1,1,1,19:29,2,3,9
2023461390680,2023,461390680,2,1,1,1,-1,-1,3,0,0,0,0,0,9,1,E01016019,3,1,0.0,1.0,-1,3,70,1,1,1,17:30,7,4,9
2023010439260,2023,010439260,1,1,3,2,54,8,2,5,1,0,0,0,0,8,E01003652,-1,0,1.0,0.0,-1,3,30,2,4,2,20:52,2,1,9
2023520300538,2023,520300538,1,1,3,1,94,11,2,10,9,0,0,0,0,9,E01029031,-1,0,1.0,0.0,-1,6,30,1,1,2,14:25,2,1,9
2023161320007,2023,161320007,1,1,1,1,15,3,3,0,0,0,0,0,1,2,E01013315,3,1,0.0,1.0,-1,6,30,1,1,1,15:10,1,2,1
2023141356380,2023,141356380,1,3,2,2,37,7,3,0,0,1,0,0,9,7,E01007754,3,1,0.0,1.0,-1,6,30,2,1,2,09:55,3,2,9
2023451268057,2023,451268057,1,1,1,1,58,9,3,0,0,0,0,0,9,6,E01016473,3,1,0.0,1.0,-1,3,70,2,5,2,18:15,4,2,9
2023451275825,2023,451275825,1,1,1,2,88,11,2,0,0,0,0,0,9,10,E01030791,6,1,1.0,0.0,-1,6,30,1,1,1,15:04,2,2,9
2023471345699,2023,471345699,1,1,1,1,35,6,3,0,0,0,0,0,9,5,E01016963,3,1,0.0,1.0,-1,6,20,1,4,1,13:40,2,2,9
2023461314835,2023,461314835,1,1,1,1,40,7,3,0,0,0,0,0,90,6,E01024276,3,1,0.0,1.0,-1,6,30,1,1,1,11:15,6,2,90
2023070897012,2023,070897012,1,1,3,1,17,4,2,5,1,0,0,0,0,3,E01012507,-1,0,1.0,0.0,-1,6,30,1,1,2,08:54,2,1,9
2023010425512,2023,010425512,2,1,1,1,59,9,3,0,0,0,0,0,3,2,E01003243,-1,0,0.0,1.0,-1,6,30,1,4,1,18:30,1,2,3
2023221353446,2023,221353446,2,1,1,1,36,7,2,0,0,0,0,0,9,1,E01033633,7,1,1.0,0.0,-1,6,30,1,1,1,10:50,4,2,9
2023440141894,2023,440141894,2,1,2,2,38,7,2,0,0,1,0,0,9,4,E01022841,-1,0,1.0,0.0,-1,6,30,1,1,1,12:59,3,2,9
2023461344315,2023,461344315,2,1,1,2,59,9,3,0,0,0,0,0,9,7,E01024317,3,1,0.0,1.0,-1,6,20,2,1,2,14:17,3,2,9
2023421363065,2023,421363065,1,1,1,1,38,7,3,0,0,0,0,0,19,5,E01023327,3,1,0.0,1.0,-1,6,40,1,1,1,13:40,1,3,19
2023622300325,2023,622300325,1,1,3,2,15,3,2,1,1,0,0,0,0,4,W01000922,-1,0,1.0,0.0,-1,6,20,1,1,1,19:00,1,1,9
2023548969423,2023,548969423,1,1,1,1,68,10,2,0,0,0,0,0,1,2,E01015537,-1,0,1.0,0.0,-1,1,30,1,1,1,18:51,5,2,1
2023131317169,2023,131317169,1,1,1,1,76,11,2,0,0,0,0,0,9,1,E01011321,7,1,1.0,0.0,-1,1,40,1,1,1,16:17,7,2,9
2023340NN3342,2023,340NN3342,2,1,1,2,19,4,3,0,0,0,0,0,9,7,E01027309,-1,0,0.02779,0.97221,-1,3,50,1,1,1,07:33,6,2,9
2023371318177,2023,371318177,1,1,2,1,59,9,2,0,0,1,0,0,9,1,E01026620,6,1,1.0,0.0,-1,6,60,1,1,1,19:47,6,2,9
2023411374907,2023,411374907,1,1,1,1,48,8,3,0,0,0,0,0,9,10,E01023558,3,1,0.0,1.0,-1,3,70,1,4,1,02:30,7,2,9
202354C584723,2023,54C584723,4,4,2,1,1,1,3,0,0,2,0,0,9,8,E01015534,-1,0,0.03031,0.96969,-1,3,40,1,1,2,11:21,2,4,9
2023340NN1762,2023,340NN1762,2,1,1,1,43,7,3,0,0,0,0,0,9,-1,-1,-1,0,0.08239,0.91761,-1,6,60,1,1,1,17:10,4,2,9
2023451291875,2023,451291875,1,1,1,1,53,8,3,0,0,0,0,0,9,3,E01002595,3,1,0.0,1.0,-1,9,20,8,4,2,23:00,4,1,9
2023411374312,2023,411374312,2,1,1,1,22,5,2,0,0,0,0,0,1,4,E01023555,5,1,1.0,0.0,-1,6,20,1,1,1,17:09,6,2,1
2023991352918,2023,991352918,1,1,3,1,12,3,2,5,1,0,0,2,0,-1,-1,7,1,1.0,0.0,-1,6,30,2,1,2,14:10,6,1,9
2023221395901,2023,221395901,1,1,1,2,90,11,3,0,0,0,0,0,9,9,E01014083,3,1,0.0,1.0,-1,6,30,1,1,2,15:40,6,3,9
2023401289522,2023,401289522,2,1,1,1,43,7,3,0,0,0,0,0,19,6,E01018207,3,1,0.0,1.0,-1,6,40,4,1,2,11:57,2,5,19
2023010469843,2023,010469843,1,1,3,2,32,6,3,5,3,0,0,0,0,7,E01004586,-1,0,0.0,1.0,-1,6,20,1,1,1,08:00,4,2,9
2023471308625,2023,471308625,1,1,3,1,64,9,1,6,9,0,0,0,0,10,E01031748,1,1,0.0,0.0,-1,6,50,1,6,1,00:35,5,1,9
2023201299466,2023,201299466,2,2,2,2,4,1,3,0,0,2,0,0,9,2,E01010442,3,1,0.0,1.0,-1,6,30,1,1,1,16:47,6,2,9
2023461355897,2023,461355897,1,1,3,2,45,7,3,6,9,0,0,0,0,8,E01024625,3,1,0.0,1.0,-1,6,30,1,1,1,16:30,3,1,9
2023061337154,2023,061337154,1,1,2,2,41,7,3,0,0,2,0,0,8,1,E01004857,3,1,0.0,1.0,-1,6,30,1,1,1,07:20,3,2,8
2023101316540,2023,101316540,2,1,1,2,23,5,3,0,0,0,0,0,9,8,E01008538,3,1,0.0,1.0,-1,7,40,1,1,1,07:35,4,2,9
2023332300691,2023,332300691,1,1,1,2,20,4,3,0,0,0,0,0,9,7,E01019652,-1,0,0.01916,0.98084,-1,3,70,1,1,1,07:30,7,2,9
2023361338435,2023,361338435,1,1,1,1,19,4,3,0,0,0,0,0,9,6,E01026748,3,1,0.0,1.0,-1,6,60,2,1,2,09:09,7,1,9
2023471374164,2023,471374164,1,1,1,1,56,9,3,0,0,0,0,0,19,7,E01031375,3,1,0.0,1.0,-1,6,30,1,4,1,20:40,2,3,19
2023552301405,2023,552301405,2,1,1,1,4,1,3,0,0,0,0,0,1,8,E01015447,-1,0,0.06368,0.93632,-1,6,30,1,1,1,14:29,6,2,1
2023451392019,2023,451392019,2,1,1,1,30,6,3,0,0,0,0,0,3,10,E01030902,3,1,0.0,1.0,-1,6,30,1,4,1,19:00,7,2,3
2023010472403,2023,010472403,2,1,1,1,51,8,3,0,0,0,0,0,4,3,E01001156,-1,0,0.0,1.0,-1,3,20,1,1,1,08:20,3,2,4
202360A021548,2023,60A021548,1,1,3,1,34,6,3,5,9,0,0,0,0,-1,-1,-1,0,0.10295,0.89705,-1,2,30,1,4,1,22:00,7,1,9
2023010455564,2023,010455564,1,1,1,1,-1,-1,3,0,0,0,0,0,9,-1,-1,-1,0,0.0,1.0,-1,6,30,9,4,1,01:50,3,1,9
2023052300422,2023,052300422,2,1,1,1,71,10,3,0,0,0,0,0,9,5,E01006978,-1,0,0.08678,0.91322,-1,3,40,1,1,1,13:00,7,2,9
2023201415190,2023,201415190,2,1,1,1,22,5,3,0,0,0,0,0,9,-1,-1,3,1,0.0,1.0,-1,6,40,2,4,2,18:06,5,2,9
2023421387578,2023,421387578,2,1,1,2,45,7,3,0,0,0,0,0,9,3,E01021639,3,1,0.0,1.0,-1,3,70,2,1,2,08:09,4,3,9
2023520301720,2023,520301720,1,1,1,1,22,5,3,0,0,0,0,0,1,6,E01029300,-1,0,0.06112,0.93888,-1,6,30,9,1,1,16:00,6,2,1
2023010434947,2023,010434947,2,1,1,1,54,8,2,0,0,0,0,0,5,-1,-1,-1,0,1.0,0.0,-1,3,40,1,1,2,05:30,5,2,5
2023010486663,2023,010486663,1,2,2,1,13,3,3,0,0,9,0,0,9,7,E01002473,-1,0,0.0,1.0,-1,6,30,1,4,2,18:46,7,2,9