collision_index,collision_year,collision_ref_no,vehicle_reference,casualty_reference,casualty_class,sex_of_casualty,age_of_casualty,age_band_of_casualty,casualty_severity,pedestrian_location,pedestrian_movement,car_passenger,bus_or_coach_passenger,pedestrian_road_maintenance_worker,casualty_type,casualty_imd_decile,lsoa_of_casualty,enhanced_casualty_severity,casualty_injury_based,casualty_adjusted_severity_serious,casualty_adjusted_severity_slight,casualty_distance_banding,road_type,speed_limit,weather_conditions,light_conditions,road_surface_conditions,time,day_of_week,number_of_vehicles,vehicle_type
2023061328624,2023,061328624,1,1,1,1,74,10,3,0,0,0,0,0,9,2,E01005915,3,1,0.0,1.0,-1,3,40,1,1,-1,15:10,6,2,9
2023991350443,2023,991350443,1,1,1,1,38,7,3,0,0,0,0,0,9,5,-1,3,1,0.0,1.0,-1,6,60,1,1,1,13:50,6,2,9
2023351306563,2023,351306563,1,3,2,1,47,8,2,0,0,0,0,0,19,7,E01021765,7,1,1.0,0.0,-1,6,60,1,1,1,12:50,3,2,19
2023451361650,2023,451361650,1,1,2,2,76,11,2,0,0,1,0,0,9,9,E01030421,6,1,1.0,0.0,-1,6,30,1,1,1,16:28,3,2,9
2023991326641,2023,991326641,1,3,2,2,21,5,3,0,0,2,0,0,9,1,-1,3,1,0.0,1.0,-1,6,60,2,1,2,13:07,5,1,9
2023010470353,2023,010470353,3,1,1,1,17,4,3,0,0,0,0,0,1,3,E01033583,-1,0,0.0,1.0,-1,2,30,1,1,1,13:12,6,3,1
2023041351311,2023,041351311,2,1,1,1,71,10,3,0,0,0,0,0,1,3,E01025063,3,1,0.0,1.0,-1,6,30,1,1,1,12:20,1,2,1
2023311307801,2023,311307801,2,1,1,1,12,3,3,0,0,0,0,0,1,7,E01028202,3,1,0.0,1.0,-1,6,30,1,1,1,17:10,1,2,1
2023141342945,2023,141342945,1,1,1,1,63,9,3,0,0,0,0,0,9,4,E01027905,3,1,0.0,1.0,-1,6,30,1,7,1,19:58,5,2,9
2023320051537,2023,320051537,1,1,1,1,20,4,3,0,0,0,0,0,9,8,E01026212,-1,0,0.13741,0.86259,-1,6,60,1,6,1,00:30,5,1,9
2023421390349,2023,421390349,2,1,1,1,20,4,3,0,0,0,0,0,1,4,E01033140,3,1,0.0,1.0,-1,6,30,1,4,2,17:50,3,2,1
2023451315145,2023,451315145,2,2,1,1,46,8,3,0,0,0,0,0,11,9,E01031592,3,1,0.0,1.0,-1,6,40,1,1,1,14:24,2,2,11
2023320292500,2023,320292500,1,2,1,1,28,6,2,0,0,0,0,0,9,1,E01026150,-1,0,1.0,0.0,-1,6,60,1,1,1,17:00,1,2,9
2023991281046,2023,991281046,2,1,1,2,56,9,3,0,0,0,0,0,9,2,-1,3,1,0.0,1.0,-1,6,60,1,1,1,14:40,2,2,9
2023010420756,2023,010420756,1,1,2,2,46,8,3,0,0,1,0,0,9,4,E01001497,-1,0,0.0,1.0,-1,3,50,1,1,1,09:03,4,2,9
2023311296031,2023,311296031,1,1,2,2,18,4,3,0,0,2,0,0,9,2,E01013963,3,1,0.0,1.0,-1,6,30,1,4,2,00:45,3,1,9
2023320035855,2023,320035855,2,2,1,2,39,7,3,0,0,0,0,0,9,8,E01026346,-1,0,0.01016,0.98984,-1,6,30,1,1,1,14:29,4,2,9
2023052301109,2023,052301109,1,1,3,1,33,6,3,9,9,0,0,0,0,2,E01006858,-1,0,0.09198,0.90802,-1,6,30,1,1,1,12:25,3,1,9
2023141330761,2023,141330761,2,1,1,1,12,3,2,0,0,0,0,0,-1,2,E01007498,5,1,1.0,0.0,-1,6,30,1,1,1,16:17,6,2,-1
2023010461685,2023,010461685,1,1,3,1,13,3,2,5,1,0,0,0,0,3,E01032582,-1,0,1.0,0.0,-1,3,30,1,1,1,12:25,2,1,9
2023361329636,2023,361329636,1,1,3,1,-1,-1,3,5,1,0,0,0,0,1,E01026626,3,1,0.0,1.0,-1,6,30,1,1,1,17:30,5,1,9
2023501321781,2023,501321781,2,2,1,1,19,4,2,0,0,0,0,0,3,4,E01018905,5,1,1.0,0.0,-1,6,60,1,1,1,21:19,5,2,3
2023430292410,2023,430292410,1,5,2,1,32,6,3,0,0,1,0,0,9,10,E01032763,-1,0,0.10215,0.89785,-1,6,60,1,1,1,19:13,1,2,9
2023440516815,2023,440516815,1,1,1,1,93,11,2,0,0,0,0,0,9,10,E01023231,-1,0,1.0,0.0,-1,6,30,2,1,2,09:45,3,2,9
2023631339150,2023,631339150,2,2,1,1,40,7,3,0,0,0,0,0,9,10,E01014090,3,1,0.0,1.0,-1,6,60,1,1,1,12:55,1,2,9
2023552400132,2023,552400132,1,1,3,2,15,3,3,5,4,0,0,0,0,9,E01015453,-1,0,0.07113,0.92887,-1,6,30,1,1,1,11:03,3,1,9
2023010440457,2023,010440457,1,1,1,1,15,3,3,0,0,0,0,0,3,4,E01003447,-1,0,0.0,1.0,-1,6,20,1,4,1,02:50,2,1,3
2023010450852,2023,010450852,2,2,1,2,53,8,3,0,0,0,0,0,9,4,E01021820,-1,0,0.0,1.0,-1,6,30,1,4,1,22:40,5,2,9
2023430095697,2023,430095697,2,1,2,2,44,7,2,0,0,1,0,0,9,10,E01028606,-1,0,1.0,0.0,-1,6,50,1,6,2,21:00,5,2,9
2023440430982,2023,440430982,1,1,1,2,40,7,3,0,0,0,0,0,9,7,E01027771,-1,0,0.1352,0.8648,-1,3,70,1,6,2,23:30,6,1,9
2023991337074,2023,991337074,1,1,1,2,33,6,3,0,0,0,0,0,19,-1,-1,3,1,0.0,1.0,-1,6,60,2,1,2,08:38,3,1,19
2023411306221,2023,411306221,1,1,3,1,43,7,3,9,1,0,0,0,0,5,E01023930,3,1,0.0,1.0,-1,6,30,1,1,1,11:11,4,1,9
2023010465227,2023,010465227,2,1,1,1,18,4,2,0,0,0,0,0,1,2,E01003108,-1,0,1.0,0.0,-1,6,20,1,4,1,22:25,1,2,1
2023122300757,2023,122300757,2,1,1,1,75,10,3,0,0,0,0,0,1,6,E01010643,-1,0,0.16147,0.83853,-1,6,30,1,1,1,10:19,4,2,1
2023010446913,2023,010446913,2,2,1,2,76,11,3,0,0,0,0,0,9,8,E01000653,-1,0,0.0,1.0,-1,3,30,1,1,1,11:55,1,3,9
2023311305204,2023,311305204,1,1,1,1,38,7,2,0,0,0,0,0,9,-1,-1,7,1,1.0,0.0,-1,3,70,2,4,2,02:00,6,1,9
202363D025723,2023,63D025723,2,1,1,1,21,5,3,0,0,0,0,0,9,-1,-1,-1,0,0.01532,0.98468,-1,6,30,1,1,1,12:35,2,2,9
2023430284515,2023,430284515,2,1,3,1,46,8,2,9,9,0,0,1,0,3,E01009587,-1,0,1.0,0.0,-1,6,20,1,4,1,04:00,4,2,19
2023161297812,2023,161297812,2,1,1,1,13,3,3,0,0,0,0,0,1,1,E01033109,3,1,0.0,1.0,-1,6,30,1,1,2,08:05,3,2,1
2023540964623,2023,540964623,2,1,1,2,32,6,3,0,0,0,0,0,3,4,E01015578,-1,0,0.06018,0.93982,-1,1,30,1,4,1,18:37,6,2,3
2023061339016,2023,061339016,2,1,2,1,43,7,3,0,0,1,0,0,9,4,E01005309,3,1,0.0,1.0,-1,6,30,1,1,1,13:25,4,2,9
2023421324496,2023,421324496,2,2,2,1,58,9,3,0,0,1,0,0,9,2,E01015934,3,1,0.0,1.0,-1,6,30,1,1,1,13:57,6,2,9
2023440414894,2023,440414894,2,1,1,2,41,7,2,0,0,0,0,0,9,2,E01022934,-1,0,1.0,0.0,-1,7,70,1,1,1,14:53,3,2,9
2023991333789,2023,991333789,2,2,1,1,46,8,3,0,0,0,0,0,9,6,-1,3,1,0.0,1.0,-1,6,60,1,1,1,20:15,4,2,9
2023991362199,2023,991362199,2,4,2,1,14,3,2,0,0,0,4,0,11,5,-1,6,1,1.0,0.0,-1,6,30,1,1,1,09:15,5,2,11
2023531348095,2023,531348095,2,1,1,2,44,7,3,0,0,0,0,0,1,10,E01022105,3,1,0.0,1.0,-1,6,30,1,1,1,13:55,3,2,1
2023010463301,2023,010463301,1,1,1,1,41,7,3,0,0,0,0,0,3,2,E01001152,-1,0,0.0,1.0,-1,9,20,9,1,9,17:01,4,2,3
2023061355646,2023,061355646,1,4,2,2,29,6,3,0,0,2,0,0,9,-1,-1,3,1,0.0,1.0,-1,6,30,2,4,2,00:15,1,2,9
2023131309510,2023,131309510,1,2,3,1,10,2,3,8,1,0,0,2,0,4,E01010675,3,1,0.0,1.0,-1,6,30,1,1,1,13:16,7,1,9
2023010426392,2023,010426392,2,1,1,1,47,8,3,0,0,0,0,0,1,3,E01001747,-1,0,0.0,1.0,-1,6,20,1,4,1,00:47,6,2,1
2023421303086,2023,421303086,1,1,1,1,25,5,2,0,0,0,0,0,3,6,E01021875,7,1,1.0,0.0,-1,6,30,1,1,1,20:12,3,2,3
2023221318964,2023,221318964,1,1,1,1,42,7,2,0,0,0,0,0,5,7,E01028856,7,1,1.0,0.0,-1,6,60,1,1,1,10:05,1,2,5
2023041310656,2023,041310656,1,1,1,1,89,11,2,0,0,0,0,0,9,10,E01025438,6,1,1.0,0.0,-1,6,30,1,1,1,12:11,3,2,9
2023061317731,2023,061317731,2,1,1,1,51,8,3,0,0,0,0,0,9,1,E01005112,3,1,0.0,1.0,-1,6,30,1,1,1,17:10,7,2,9
2023201287699,2023,201287699,2,1,1,1,45,7,3,0,0,0,0,0,9,2,E01010265,3,1,0.0,1.0,-1,7,30,1,1,1,09:45,3,2,9
2023221387806,2023,221387806,2,2,1,1,87,11,3,0,0,0,0,0,9,4,E01032359,3,1,0.0,1.0,-1,6,30,1,1,1,12:05,4,2,9
2023461284375,2023,461284375,2,2,1,1,58,9,3,0,0,0,0,0,9,6,E01024180,3,1,0.0,1.0,-1,6,30,1,1,1,22:38,2,2,9
2023302301187,2023,302301187,1,1,3,1,8,2,2,5,1,0,0,0,0,4,E01020305,-1,0,1.0,0.0,-1,6,30,1,1,1,16:30,3,1,9
2023421347476,2023,421347476,2,2,1,2,25,5,3,0,0,0,0,0,9,9,E01021727,3,1,0.0,1.0,-1,6,60,1,1,2,07:25,6,2,9
2023010455294,2023,010455294,2,1,1,2,27,6,3,0,0,0,0,0,1,3,E01002795,-1,0,0.0,1.0,-1,6,20,1,1,1,10:30,7,2,1
2023501304873,2023,501304873,1,1,1,1,33,6,2,0,0,0,0,0,3,-1,-1,5,1,1.0,0.0,-1,3,30,1,4,1,23:19,7,1,3
2023010463209,2023,010463209,1,1,2,2,59,9,3,0,0,1,0,0,9,7,E01000675,-1,0,0.0,1.0,-1,3,20,1,1,1,16:05,4,3,9
2023101339168,2023,101339168,1,3,2,1,17,4,2,0,0,1,0,0,9,5,E01027500,6,1,1.0,0.0,-1,6,60,1,6,1,23:21,2,1,9
2023351286498,2023,351286498,1,1,1,1,34,6,3,0,0,0,0,0,9,2,E01015599,3,1,0.0,1.0,-1,6,60,3,1,2,12:38,4,1,9
2023010429156,2023,010429156,1,1,1,1,19,4,2,0,0,0,0,0,4,4,E01001097,-1,0,1.0,0.0,-1,6,20,1,1,1,15:30,7,4,4
2023010442565,2023,010442565,1,2,2,2,23,5,3,0,0,1,0,0,9,6,E01000110,-1,0,0.0,1.0,-1,6,60,1,1,2,12:27,6,2,9
2023471315684,2023,471315684,1,2,1,2,37,7,3,0,0,0,0,0,9,-1,-1,3,1,0.0,1.0,-1,1,30,1,1,1,14:55,3,2,9
2023522400556,2023,522400556,1,1,1,1,34,6,3,0,0,0,0,0,9,8,E01014854,-1,0,0.05076,0.94924,-1,6,20,1,4,1,02:44,6,2,9
2023531325381,2023,531325381,2,1,1,2,59,9,3,0,0,0,0,0,9,5,E01022242,3,1,0.0,1.0,-1,6,30,8,1,1,16:00,4,3,9
2023221399042,2023,221399042,1,1,3,2,17,4,2,4,1,0,0,0,0,10,E01032162,7,1,1.0,0.0,-1,6,30,1,1,2,12:40,6,1,9
2023471335880,2023,471335880,1,1,3,1,57,9,3,9,1,0,0,-1,0,-1,-1,3,1,0.0,1.0,-1,6,30,1,1,1,15:20,5,1,9
2023991270360,2023,991270360,1,1,3,2,76,11,3,5,1,0,0,0,0,4,-1,3,1,0.0,1.0,-1,6,30,1,1,2,15:00,3,1,9
2023010438297,2023,010438297,1,1,1,1,35,6,3,0,0,0,0,0,1,2,E01032722,-1,0,0.0,1.0,-1,6,20,1,4,1,20:55,4,2,1
2023052400020,2023,052400020,2,1,1,1,43,7,3,0,0,0,0,0,1,1,E01007293,-1,0,0.15665,0.84335,-1,6,30,2,4,2,17:29,1,2,1
2023010435790,2023,010435790,1,1,1,1,21,5,2,0,0,0,0,0,3,7,E01000314,-1,0,1.0,0.0,-1,6,20,9,1,1,12:30,3,2,3
2023010422629,2023,010422629,1,1,3,-1,27,6,3,10,9,0,0,0,0,7,E01024923,-1,0,0.0,1.0,-1,7,20,8,5,4,07:30,7,1,9
2023991351345,2023,991351345,1,1,3,1,9,2,2,5,1,0,0,0,0,2,-1,7,1,1.0,0.0,-1,6,30,1,1,1,15:00,2,1,9
2023131373561,2023,131373561,2,1,1,2,54,8,3,0,0,0,0,0,9,7,E01027689,3,1,0.0,1.0,-1,3,40,1,1,1,10:26,1,2,9
2023610024823,2023,610024823,1,1,1,1,27,6,2,0,0,0,0,0,9,8,W01001495,-1,0,1.0,0.0,-1,6,30,1,4,1,22:50,1,1,9
2023201278616,2023,201278616,2,2,2,2,5,1,3,0,0,2,0,0,9,2,E01010028,3,1,0.0,1.0,-1,6,30,1,4,2,22:01,1,3,9
2023991345830,2023,991345830,1,2,2,2,38,7,3,0,0,1,0,0,9,9,-1,3,1,0.0,1.0,-1,6,60,1,1,1,11:45,1,2,9
2023440127257,2023,440127257,1,1,1,1,40,7,3,0,0,0,0,0,23,6,E01017016,-1,0,0.07245,0.92755,-1,6,30,1,4,2,20:10,5,2,23
2023010473397,2023,010473397,2,1,1,1,53,8,3,0,0,0,0,0,1,4,E01001396,-1,0,0.0,1.0,-1,6,20,1,1,1,11:06,1,2,1
2023302300646,2023,302300646,2,1,1,2,31,6,3,0,0,0,0,0,1,2,E01033172,-1,0,0.07959,0.92041,-1,6,30,1,1,1,17:54,7,2,1
2023010449607,2023,010449607,3,1,1,1,41,7,3,0,0,0,0,0,4,4,E01001276,-1,0,0.0,1.0,-1,6,20,1,4,1,21:55,6,4,4
2023221367742,2023,221367742,1,2,2,2,76,11,3,0,0,1,0,0,9,9,E01010547,3,1,0.0,1.0,-1,6,60,2,1,2,15:32,6,2,9
2023351298523,2023,351298523,2,2,1,1,35,6,3,0,0,0,0,0,9,3,E01018073,3,1,0.0,1.0,-1,6,30,1,1,1,08:40,6,2,9
2023401352797,2023,401352797,2,1,1,1,35,6,3,0,0,0,0,0,9,9,E01015806,3,1,0.0,1.0,-1,3,30,1,1,1,09:27,4,2,9
2023501389577,2023,501389577,2,1,1,2,60,9,3,0,0,0,0,0,9,4,E01018894,3,1,0.0,1.0,-1,3,30,1,4,1,07:15,2,2,9
2023991350983,2023,991350983,2,2,2,1,12,3,3,0,0,1,0,0,9,-1,-1,3,1,0.0,1.0,-1,6,30,1,1,2,16:20,1,2,9
2023161386995,2023,161386995,1,1,3,1,41,7,3,8,7,0,0,2,0,4,E01013106,3,1,0.0,1.0,-1,6,20,1,4,1,16:33,2,1,9
2023010457368,2023,010457368,1,1,1,1,49,8,3,0,0,0,0,0,9,1,E01024306,-1,0,0.0,1.0,-1,1,30,1,1,1,13:35,4,2,9
2023010485200,2023,010485200,2,2,2,1,34,6,3,0,0,1,0,0,9,4,E01003062,-1,0,0.0,1.0,-1,6,20,1,1,1,14:44,4,2,9
2023010495568,2023,010495568,1,1,1,1,30,6,3,0,0,0,0,0,9,3,E01000011,-1,0,0.0,1.0,-1,3,50,1,4,1,20:30,2,1,9
2023141288039,2023,141288039,2,2,1,2,43,7,3,0,0,0,0,0,9,8,E01008048,3,1,0.0,1.0,-1,6,30,1,4,2,18:10,6,3,9
2023311268449,2023,311268449,1,1,1,1,19,4,3,0,0,0,0,0,9,3,E01027977,3,1,0.0,1.0,-1,6,60,1,1,2,13:40,5,1,9
2023311277794,2023,311277794,1,1,2,2,54,8,3,0,0,1,0,0,9,1,E01013820,3,1,0.0,1.0,-1,6,30,1,1,1,07:35,7,2,9
2023320113157,2023,320113157,3,1,1,2,65,9,3,0,0,0,0,0,9,8,E01026191,-1,0,0.03271,0.96729,-1,6,40,1,1,1,15:25,4,3,9
2023411368609,2023,411368609,1,1,1,1,48,8,3,0,0,0,0,0,9,7,E01023897,3,1,0.0,1.0,-1,3,40,1,1,2,07:45,6,2,9
2023430575957,2023,430575957,1,1,1,2,59,9,3,0,0,0,0,0,9,8,E01017741,-1,0,0.08551,0.91449,-1,6,30,2,4,2,18:17,2,1,9
2023451386970,2023,451386970,2,1,1,2,34,6,3,0,0,0,0,0,9,9,E01030768,3,1,0.0,1.0,-1,6,30,2,1,2,08:15,2,2,9
2023111267746,2023,111267746,2,1,1,1,56,9,3,0,0,0,0,0,9,2,E01020618,3,1,0.0,1.0,-1,1,30,1,4,1,21:10,3,2,9
2023351298999,2023,351298999,2,1,1,1,26,6,3,0,0,0,0,0,9,4,E01017512,3,1,0.0,1.0,-1,6,60,5,1,2,08:15,6,2,9
2023411384404,2023,411384404,1,1,2,2,8,2,3,0,0,2,0,0,9,9,E01023580,3,1,0.0,1.0,-1,1,60,1,4,2,17:33,3,2,9
2023061325980,2023,061325980,2,1,1,1,54,8,3,0,0,0,0,0,9,1,E01005246,3,1,0.0,1.0,-1,6,30,1,1,1,17:25,3,2,9
2023311295183,2023,311295183,2,2,1,2,37,7,3,0,0,0,0,0,9,2,E01019644,3,1,0.0,1.0,-1,1,30,2,1,2,17:52,2,2,9
2023440236226,2023,440236226,1,1,1,1,84,11,3,0,0,0,0,0,9,8,E01022591,-1,0,0.10548,0.89452,-1,3,70,1,1,1,17:09,4,2,9
2023461387681,2023,461387681,1,1,1,1,19,4,3,0,0,0,0,0,9,2,E01024192,3,1,0.0,1.0,-1,6,30,1,4,1,00:29,1,1,9
2023501258810,2023,501258810,1,1,1,2,85,11,2,0,0,0,0,0,9,-1,-1,6,1,1.0,0.0,-1,6,30,1,1,2,11:17,2,2,9
202363C008023,2023,63C008023,1,1,1,1,84,11,3,0,0,0,0,0,9,6,W01000595,-1,0,0.1645,0.8355,-1,6,30,1,1,1,12:25,6,1,9
2023201340145,2023,201340145,1,1,1,2,24,5,3,0,0,0,0,0,9,1,E01013811,3,1,0.0,1.0,-1,3,60,1,4,1,22:54,1,1,9
2023520400881,2023,520400881,1,1,1,2,32,6,3,0,0,0,0,0,9,6,E01029227,-1,0,0.00309,0.99691,-1,6,40,1,1,1,15:00,7,2,9
2023010450870,2023,010450870,2,2,1,1,29,6,3,0,0,0,0,0,1,4,E01000965,-1,0,0.0,1.0,-1,3,20,1,1,1,07:55,6,2,1
2023010445620,2023,010445620,2,1,1,1,20,4,3,0,0,0,0,0,1,1,E01033456,-1,0,0.0,1.0,-1,1,30,1,1,1,17:10,7,2,1
2023522300379,2023,522300379,1,1,1,1,66,10,2,0,0,0,0,0,1,8,E01014669,-1,0,1.0,0.0,-1,6,40,2,1,2,14:00,1,1,1
2023010453289,2023,010453289,1,1,1,1,36,7,3,0,0,0,0,0,9,7,E01000292,-1,0,0.0,1.0,-1,1,30,2,4,2,19:32,3,2,9
2023131345466,2023,131345466,3,1,1,1,70,10,3,0,0,0,0,0,9,7,E01011524,3,1,0.0,1.0,-1,6,30,1,1,1,11:00,6,2,9
2023461335845,2023,461335845,1,1,1,1,-1,-1,3,0,0,0,0,0,9,-1,-1,3,1,0.0,1.0,-1,7,50,2,4,2,00:45,7,1,9
2023471268245,2023,471268245,2,1,1,1,46,8,3,0,0,0,0,0,9,8,E01031698,3,1,0.0,1.0,-1,6,30,1,1,1,12:25,4,2,9
2023501288223,2023,501288223,1,1,1,1,18,4,3,0,0,0,0,0,9,1,E01018878,3,1,0.0,1.0,-1,6,60,1,1,1,16:48,7,2,9
2023461274136,2023,461274136,1,1,3,2,45,7,3,5,9,0,0,0,0,6,E01024070,3,1,0.0,1.0,-1,6,30,1,4,1,18:00,3,1,9
2023552300716,2023,552300716,1,1,3,1,13,3,3,5,1,0,0,0,0,8,E01020514,-1,0,0.0921,0.9079,-1,6,30,1,1,1,15:05,4,1,9
2023622300410,2023,622300410,1,1,3,1,57,9,3,9,6,0,0,0,0,2,W01001942,-1,0,0.11555,0.88445,-1,2,20,1,1,1,16:40,6,1,9
2023010447081,2023,010447081,2,1,1,1,19,4,3,0,0,0,0,0,1,3,E01003719,-1,0,0.0,1.0,-1,6,30,1,1,1,12:20,2,2,1
2023430088094,2023,430088094,1,1,1,1,27,6,2,0,0,0,0,0,1,9,E01016601,-1,0,1.0,0.0,-1,6,50,1,1,2,10:37,1,2,1
2023070576449,2023,070576449,1,1,2,2,71,10,3,0,0,2,0,0,9,1,E01003515,-1,0,0.1326,0.8674,-1,6,60,1,1,1,12:46,4,1,9
2023421282093,2023,421282093,2,1,1,1,20,4,3,0,0,0,0,0,9,5,E01003700,3,1,0.0,1.0,-1,6,30,8,4,1,21:52,4,2,9
2023622300974,2023,622300974,1,1,1,2,35,6,3,0,0,0,0,0,9,3,W01001321,-1,0,0.02502,0.97498,-1,6,30,5,1,2,11:31,1,1,9
2023440183812,2023,440183812,2,1,1,1,15,3,3,0,0,0,0,0,-1,4,E01017128,-1,0,0.12257,0.87743,-1,6,30,1,1,1,16:12,4,2,-1
2023010421626,2023,010421626,1,1,1,1,31,6,3,0,0,0,0,0,1,9,E01004094,-1,0,0.0,1.0,-1,6,30,1,1,2,08:23,2,2,1
2023010433101,2023,010433101,1,2,1,1,25,5,3,0,0,0,0,0,1,5,E01003072,-1,0,0.0,1.0,-1,3,20,1,1,1,14:40,1,1,1
2023440213053,2023,440213053,2,1,1,1,55,8,3,0,0,0,0,0,4,6,E01023028,-1,0,0.23349,0.76651,-1,6,40,1,4,1,22:31,2,2,4
2023010483763,2023,010483763,1,1,1,2,38,7,3,0,0,0,0,0,9,1,E01002852,-1,0,0.0,1.0,-1,9,20,2,1,2,02:04,4,2,9
2023440080827,2023,440080827,1,1,2,1,65,9,3,0,0,1,0,0,9,2,E01017116,-1,0,0.08424,0.91576,-1,6,50,1,1,1,13:59,2,2,9
2023552300137,2023,552300137,2,1,1,2,21,5,3,0,0,0,0,0,9,6,E01020456,-1,0,0.02929,0.97071,-1,6,30,1,4,1,18:26,1,2,9
2023991268422,2023,991268422,2,1,1,2,62,9,3,0,0,0,0,0,9,2,-1,3,1,0.0,1.0,-1,6,30,1,1,1,12:10,5,2,9
2023010469946,2023,010469946,1,1,1,1,20,4,3,0,0,0,0,0,1,2,E01000861,-1,0,0.0,1.0,-1,6,20,1,1,1,15:25,4,2,1
2023552301469,2023,552301469,2,1,1,1,56,9,3,0,0,0,0,0,1,2,E01015341,-1,0,0.16039,0.83961,-1,6,30,2,4,2,18:18,2,2,1
202360A007140,2023,60A007140,2,1,1,1,57,9,2,0,0,0,0,0,8,-1,-1,-1,0,1.0,0.0,-1,6,60,2,1,2,08:20,2,3,8
2023041364026,2023,041364026,2,2,1,2,81,11,2,0,0,0,0,0,9,8,E01025420,5,1,1.0,0.0,-1,6,30,1,4,1,18:23,3,2,9
2023201286158,2023,201286158,1,1,1,1,18,4,3,0,0,0,0,0,9,1,E01009048,3,1,0.0,1.0,-1,6,30,1,4,1,03:40,6,2,9
2023311344751,2023,311344751,2,1,1,1,37,7,3,0,0,0,0,0,1,-1,-1,3,1,0.0,1.0,-1,6,50,1,1,1,17:30,3,2,1
2023302301833,2023,302301833,1,1,3,2,67,10,3,5,1,0,0,0,0,8,E01019602,-1,0,0.16723,0.83277,-1,6,30,8,1,4,13:15,4,1,9
2023131360877,2023,131360877,1,1,1,2,78,11,3,0,0,0,0,0,9,7,E01011214,3,1,0.0,1.0,-1,6,30,1,1,1,12:55,1,3,9
2023161382483,2023,161382483,1,1,1,1,36,7,3,0,0,0,0,0,9,5,E01013437,3,1,0.0,1.0,-1,6,60,2,1,2,10:18,2,1,9
2023010422092,2023,010422092,1,1,1,1,20,4,3,0,0,0,0,0,4,2,E01001528,-1,0,0.0,1.0,-1,6,20,8,4,4,06:30,4,2,4
2023451265651,2023,451265651,1,1,3,2,59,9,2,5,9,0,0,0,0,10,E01030514,7,1,1.0,0.0,-1,6,30,9,1,1,14:50,4,1,1
2023101341272,2023,101341272,1,1,2,1,13,3,2,0,0,-1,0,0,9,2,E01008456,7,1,1.0,0.0,-1,6,30,1,1,1,16:57,7,2,9
2023101373750,2023,101373750,1,1,1,2,31,6,2,0,0,0,0,0,9,4,E01027485,5,1,1.0,0.0,-1,6,60,2,6,2,19:00,1,2,9
2023332300418,2023,332300418,1,1,2,1,28,6,2,0,0,2,0,0,9,3,W01000848,-1,0,1.0,0.0,-1,6,60,1,1,1,12:00,6,2,9
2023522301130,2023,522301130,1,1,1,1,48,8,3,0,0,0,0,0,9,-1,-1,-1,0,0.04953,0.95047,-1,6,30,1,1,1,00:54,3,2,9
2023010449651,2023,010449651,2,1,1,1,39,7,3,0,0,0,0,0,1,4,E01002042,-1,0,0.0,1.0,-1,6,20,1,1,1,11:30,7,2,1
2023010419794,2023,010419794,1,1,1,1,33,6,3,0,0,0,0,0,5,3,E01001043,-1,0,0.0,1.0,-1,6,30,1,1,1,15:30,5,1,5
2023501304359,2023,501304359,1,1,3,2,68,10,3,5,3,0,0,0,0,3,E01015195,3,1,0.0,1.0,-1,6,30,1,1,2,11:58,6,1,9
202360A061818,2023,60A061818,2,1,1,1,73,10,3,0,0,0,0,0,1,-1,-1,-1,0,0.16525,0.83475,-1,9,30,1,1,1,11:00,5,2,1
2023361338892,2023,361338892,1,1,1,1,59,9,3,0,0,0,0,0,21,8,E01030065,3,1,0.0,1.0,-1,1,60,1,1,1,08:28,2,1,21
2023010444069,2023,010444069,2,1,1,2,48,8,3,0,0,0,0,0,3,6,E01003394,-1,0,0.0,1.0,-1,6,30,1,1,1,13:40,7,2,3
2023010419624,2023,010419624,2,1,1,1,24,5,3,0,0,0,0,0,3,2,E01003633,-1,0,0.0,1.0,-1,6,20,1,1,1,14:20,4,2,3
2023440211456,2023,440211456,1,1,1,1,18,4,3,0,0,0,0,0,3,1,E01017201,-1,0,0.13036,0.86964,-1,6,30,1,1,1,14:30,1,3,3
2023501324655,2023,501324655,1,1,1,1,20,4,3,0,0,0,0,0,3,4,E01019980,3,1,0.0,1.0,-1,6,30,1,1,1,20:16,3,2,3
2023421285734,2023,421285734,1,2,2,1,25,5,3,0,0,1,0,0,9,10,E01021787,3,1,0.0,1.0,-1,6,30,1,1,2,16:34,7,2,9
2023052300209,2023,052300209,1,2,3,1,19,4,3,1,3,0,0,0,0,2,E01006514,-1,0,0.04594,0.95406,-1,6,30,1,1,1,16:47,1,1,9
2023131293016,2023,131293016,2,1,1,1,49,8,3,0,0,0,0,0,1,1,E01033692,3,1,0.0,1.0,-1,6,30,1,4,1,20:10,1,2,1
2023010428815,2023,010428815,2,1,1,1,37,7,3,0,0,0,0,0,3,8,E01000319,-1,0,0.0,1.0,-1,9,20,1,1,1,09:00,5,2,3
2023201291205,2023,201291205,2,2,1,2,52,8,3,0,0,0,0,0,9,9,E01009456,3,1,0.0,1.0,-1,3,30,1,1,1,12:19,3,2,9
2023221356067,2023,221356067,1,1,3,2,61,9,3,4,4,0,0,0,0,7,E01028940,3,1,0.0,1.0,-1,6,30,1,1,2,08:30,3,1,9
2023052300973,2023,052300973,1,1,1,1,12,3,3,0,0,0,0,0,1,1,E01006612,-1,0,0.12334,0.87666,-1,6,30,1,1,1,08:00,3,2,1