collision_index,collision_year,collision_ref_no,vehicle_reference,casualty_reference,casualty_class,sex_of_casualty,age_of_casualty,age_band_of_casualty,casualty_severity,pedestrian_location,pedestrian_movement,car_passenger,bus_or_coach_passenger,pedestrian_road_maintenance_worker,casualty_type,casualty_imd_decile,lsoa_of_casualty,enhanced_casualty_severity,casualty_injury_based,casualty_adjusted_severity_serious,casualty_adjusted_severity_slight,casualty_distance_banding,road_type,speed_limit,weather_conditions,light_conditions,road_surface_conditions,time,day_of_week,number_of_vehicles,vehicle_type
2023131340858,2023,131340858,4,6,2,1,22,5,2,0,0,2,0,0,9,6,E01011751,7,1,1.0,0.0,-1,6,40,1,1,1,20:50,6,6,9
2023421259248,2023,421259248,1,1,2,1,19,4,3,0,0,1,0,0,9,-1,-1,3,1,0.0,1.0,-1,6,30,2,6,2,17:53,3,3,9
2023401307969,2023,401307969,2,1,1,1,16,4,3,0,0,0,0,0,-1,3,E01015783,3,1,0.0,1.0,-1,6,30,1,1,-1,13:20,7,2,-1
2023010441526,2023,010441526,1,1,2,1,46,8,3,0,0,1,0,0,9,4,E01003148,-1,0,0.0,1.0,-1,6,20,2,1,2,13:00,7,2,9
2023010479365,2023,010479365,2,6,2,1,59,9,3,0,0,2,0,0,9,2,E01001428,-1,0,0.0,1.0,-1,6,40,1,4,1,17:45,3,4,9
2023311329626,2023,311329626,1,1,1,2,52,8,3,0,0,0,0,0,9,1,E01013864,3,1,0.0,1.0,-1,6,40,1,1,1,07:59,7,2,9
2023010481936,2023,010481936,2,1,1,2,34,6,3,0,0,0,0,0,1,3,E01004202,-1,0,0.0,1.0,-1,3,20,9,1,1,13:50,5,2,1
2023522301587,2023,522301587,1,1,3,2,27,6,3,9,9,0,0,0,0,10,E01014966,-1,0,0.13076,0.86924,-1,6,20,9,4,1,00:01,2,1,9
2023991381907,2023,991381907,3,2,2,2,53,8,3,0,0,2,0,0,8,-1,-1,3,1,0.0,1.0,-1,6,30,3,6,4,01:36,1,3,8
2023311384132,2023,311384132,1,1,1,1,18,4,3,0,0,0,0,0,9,9,E01028355,3,1,0.0,1.0,-1,6,40,2,4,5,21:22,5,3,9
2023522400295,2023,522400295,1,1,1,2,38,7,3,0,0,0,0,0,1,3,E01014569,-1,0,0.04547,0.95453,-1,6,20,1,4,1,23:10,6,2,1
2023041341129,2023,041341129,2,1,1,2,23,5,3,0,0,0,0,0,9,7,E01025594,3,1,0.0,1.0,-1,6,30,2,1,2,17:30,4,2,9
2023522400024,2023,522400024,2,2,1,1,-1,-1,2,0,0,0,0,0,9,-1,-1,-1,0,1.0,0.0,-1,3,40,1,1,1,11:22,4,2,9
2023010486547,2023,010486547,1,2,2,-1,-1,-1,3,0,0,1,0,0,9,2,E01003556,-1,0,0.0,1.0,-1,1,20,1,4,1,20:18,6,2,9
2023421376602,2023,421376602,2,3,2,2,46,8,3,0,0,1,0,0,9,9,E01021526,3,1,0.0,1.0,-1,6,30,1,1,1,11:09,2,2,9
2023430176395,2023,430176395,2,1,1,2,39,7,3,0,0,0,0,0,9,5,E01028530,-1,0,0.02523,0.97477,-1,6,20,1,1,1,15:05,6,2,9
2023440480334,2023,440480334,1,1,1,2,31,6,3,0,0,0,0,0,9,10,E01023102,-1,0,0.01985,0.98015,-1,3,40,1,4,1,20:07,5,2,9
2023471337629,2023,471337629,2,2,1,2,73,10,3,0,0,0,0,0,9,10,E01031389,3,1,0.0,1.0,-1,6,30,2,1,2,14:44,4,2,9
2023131290506,2023,131290506,1,1,1,1,52,8,3,0,0,0,0,0,9,2,E01010961,3,1,0.0,1.0,-1,6,30,2,4,2,22:21,6,2,9
2023131348635,2023,131348635,1,1,1,2,22,5,2,0,0,0,0,0,9,1,E01033691,7,1,1.0,0.0,-1,6,30,2,1,2,17:15,4,2,9
2023010450505,2023,010450505,1,1,1,1,48,8,3,0,0,0,0,0,9,7,E01030850,-1,0,0.0,1.0,-1,6,30,1,1,1,17:13,4,2,9
2023052302767,2023,052302767,1,1,1,2,35,6,3,0,0,0,0,0,9,1,E01006908,-1,0,0.08221,0.91779,-1,3,40,1,1,2,11:50,6,3,9
2023430105848,2023,430105848,2,1,1,1,47,8,3,0,0,0,0,0,9,8,E01016232,-1,0,0.03153,0.96847,-1,6,30,1,1,2,08:54,5,3,9
2023991393543,2023,991393543,2,1,1,1,40,7,2,0,0,0,0,0,9,4,-1,5,1,1.0,0.0,-1,6,60,1,1,2,11:07,1,3,9
2023061297026,2023,061297026,1,1,2,1,7,2,3,0,0,2,0,0,9,4,E01006280,3,1,0.0,1.0,-1,6,30,1,1,1,13:45,7,2,9
2023071160971,2023,071160971,1,1,2,2,22,5,3,0,0,1,0,0,9,10,E01025676,-1,0,0.05537,0.94463,-1,7,70,2,4,2,18:15,1,3,9
2023161363787,2023,161363787,1,1,1,1,75,10,3,0,0,0,0,0,9,1,E01013162,3,1,0.0,1.0,-1,6,30,1,1,1,09:50,4,2,9
2023311269971,2023,311269971,2,1,2,1,13,3,3,0,0,2,0,0,9,-1,-1,3,1,0.0,1.0,-1,6,30,1,1,1,11:50,7,2,9
2023461337126,2023,461337126,2,1,1,2,29,6,3,0,0,0,0,0,9,4,E01024593,3,1,0.0,1.0,-1,3,30,8,4,1,20:26,7,2,9
2023061313532,2023,061313532,1,1,1,2,28,6,3,0,0,0,0,0,9,3,E01005937,3,1,0.0,1.0,-1,6,30,1,1,1,19:26,4,2,9
2023231293189,2023,231293189,2,1,1,1,35,6,3,0,0,0,0,0,9,1,E01009659,3,1,0.0,1.0,-1,6,30,1,4,2,18:34,5,2,9
2023311365200,2023,311365200,2,1,1,2,64,9,3,0,0,0,0,0,9,10,E01028356,3,1,0.0,1.0,-1,6,30,1,1,1,15:00,3,3,9
2023320260670,2023,320260670,2,1,1,1,35,6,3,0,0,0,0,0,9,2,E01026101,-1,0,0.00745,0.99255,-1,3,40,9,1,1,15:40,6,2,9
202354C025723,2023,54C025723,1,4,2,1,14,3,3,0,0,0,0,0,10,10,E01031864,-1,0,0.03761,0.96239,-1,6,60,1,6,1,17:32,2,2,10
2023440459071,2023,440459071,2,1,2,2,49,8,3,0,0,0,0,0,19,4,E01017157,-1,0,0.04371,0.95629,-1,6,30,1,4,1,19:02,5,2,19
2023231297908,2023,231297908,1,1,1,2,37,7,3,0,0,0,0,0,3,9,E01031210,3,1,0.0,1.0,-1,6,30,1,1,1,14:07,3,2,3
2023991355623,2023,991355623,1,5,2,1,59,9,3,0,0,1,0,0,9,6,-1,3,1,0.0,1.0,-1,6,50,1,1,1,17:50,7,3,9
2023161316922,2023,161316922,2,1,1,1,37,7,2,0,0,0,0,0,9,1,E01012864,5,1,1.0,0.0,-1,6,30,1,1,1,17:18,6,3,9
2023201404529,2023,201404529,2,1,1,2,36,7,2,0,0,0,0,0,9,6,E01009869,7,1,1.0,0.0,-1,6,30,1,1,1,18:04,2,2,9
2023320095672,2023,320095672,1,1,1,2,28,6,3,0,0,0,0,0,9,1,E01026173,-1,0,0.08033,0.91967,-1,6,60,1,1,1,16:07,3,3,9
2023340WN5822,2023,340WN5822,2,1,1,1,43,7,3,0,0,0,0,0,1,1,E01027140,-1,0,0.13987,0.86013,-1,6,30,2,1,2,09:50,6,2,1
2023010468323,2023,010468323,1,1,1,1,43,7,3,0,0,0,0,0,3,1,E01000524,-1,0,0.0,1.0,-1,7,20,1,1,1,08:10,2,2,3
2023061291098,2023,061291098,1,2,2,2,87,11,2,0,0,1,0,0,9,6,E01006375,7,1,1.0,0.0,-1,6,20,1,4,1,19:35,2,2,9
2023201408317,2023,201408317,1,1,1,-1,18,4,2,0,0,0,0,0,9,1,E01009362,7,1,1.0,0.0,-1,3,40,1,4,1,19:20,6,2,9
2023991389448,2023,991389448,2,3,1,1,49,8,3,0,0,0,0,0,9,4,-1,3,1,0.0,1.0,-1,6,60,2,6,2,21:45,1,2,9
2023010432503,2023,010432503,1,1,1,1,54,8,3,0,0,0,0,0,1,3,E01003101,-1,0,0.0,1.0,-1,2,20,2,6,2,20:49,4,2,1
2023010444217,2023,010444217,2,1,1,1,30,6,3,0,0,0,0,0,1,3,E01003785,-1,0,0.0,1.0,-1,1,30,1,1,1,07:48,1,2,1
2023471266263,2023,471266263,2,1,1,1,29,6,3,0,0,0,0,0,1,10,E01016939,3,1,0.0,1.0,-1,6,20,2,4,2,17:00,5,2,1
2023201418842,2023,201418842,1,2,2,2,18,4,3,0,0,2,0,0,9,-1,-1,3,1,0.0,1.0,-1,3,30,2,4,2,21:29,1,2,9
2023311294715,2023,311294715,1,1,2,2,18,4,3,0,0,1,0,0,9,5,E01013931,3,1,0.0,1.0,-1,6,30,2,4,2,23:51,5,1,9
2023471378247,2023,471378247,1,1,1,1,30,6,3,0,0,0,0,0,9,8,E01031505,3,1,0.0,1.0,-1,1,70,1,4,1,18:10,5,2,9
2023501381708,2023,501381708,2,2,1,1,77,11,3,0,0,0,0,0,9,6,E01020179,3,1,0.0,1.0,-1,6,60,1,1,4,12:00,7,2,9
2023520301539,2023,520301539,1,1,1,1,55,8,3,0,0,0,0,0,9,6,E01029077,-1,0,0.07843,0.92157,-1,6,60,1,6,1,22:02,3,2,9
2023010475038,2023,010475038,2,1,1,1,45,7,3,0,0,0,0,0,3,2,E01001395,-1,0,0.0,1.0,-1,6,20,1,1,1,07:00,3,2,3
2023421279601,2023,421279601,1,1,3,2,59,9,3,6,5,0,0,0,0,6,E01021702,3,1,0.0,1.0,-1,6,30,1,1,2,11:48,2,1,9
2023010440110,2023,010440110,1,1,1,2,22,5,3,0,0,0,0,0,9,6,E01021758,-1,0,0.0,1.0,-1,6,30,1,4,1,00:05,7,1,9
2023332301101,2023,332301101,2,1,1,2,37,7,3,0,0,0,0,0,9,3,E01013779,-1,0,0.00574,0.99426,-1,3,30,2,4,2,16:45,3,3,9
2023461364367,2023,461364367,2,1,1,2,47,8,3,0,0,0,0,0,9,4,E01024373,3,1,0.0,1.0,-1,6,30,1,1,1,08:50,3,2,9
2023631375890,2023,631375890,1,1,1,1,76,11,2,0,0,0,0,0,9,7,W01000459,5,1,1.0,0.0,-1,6,60,2,6,2,18:30,6,2,9
2023010435877,2023,010435877,2,1,1,1,50,8,2,0,0,0,0,0,1,3,E01003096,-1,0,1.0,0.0,-1,6,30,1,1,1,15:58,3,2,1
2023201277186,2023,201277186,1,2,2,1,-1,-1,2,0,0,2,0,0,9,1,E01009368,7,1,1.0,0.0,-1,6,30,2,4,2,23:08,7,5,9
2023201277472,2023,201277472,1,5,2,2,39,7,3,0,0,2,0,0,9,-1,-1,3,1,0.0,1.0,-1,3,30,1,4,1,18:20,6,2,9
2023411359613,2023,411359613,2,1,1,1,70,10,3,0,0,0,0,0,9,10,E01023451,3,1,0.0,1.0,-1,6,60,1,1,1,17:10,2,2,9
202360A121518,2023,60A121518,2,2,2,2,6,2,3,0,0,2,0,0,9,-1,-1,-1,0,0.0197,0.9803,-1,6,30,9,1,1,15:45,2,2,9
2023451317292,2023,451317292,1,1,1,1,33,6,3,0,0,0,0,0,1,8,E01030313,3,1,0.0,1.0,-1,6,40,1,1,1,01:30,7,2,1
2023211348763,2023,211348763,1,1,3,1,12,3,3,5,3,0,0,0,0,2,E01014274,3,1,0.0,1.0,-1,6,30,1,1,1,17:14,2,1,9
2023070731791,2023,070731791,1,1,1,1,14,3,3,0,0,0,0,0,1,1,E01012420,-1,0,0.13764,0.86236,-1,6,30,1,1,1,16:50,4,2,1
2023471366217,2023,471366217,2,1,1,1,55,8,2,0,0,0,0,0,5,7,E01021022,5,1,1.0,0.0,-1,6,60,2,6,2,17:11,2,3,5
2023141375129,2023,141375129,1,2,2,1,38,7,3,0,0,-1,0,0,9,-1,-1,3,1,0.0,1.0,-1,3,30,1,4,1,21:35,4,2,9
2023201330529,2023,201330529,1,2,2,1,68,10,3,0,0,2,0,0,9,-1,-1,3,1,0.0,1.0,-1,6,30,1,1,1,18:30,3,2,9
2023451350458,2023,451350458,1,1,1,1,39,7,3,0,0,0,0,0,9,9,E01030646,3,1,0.0,1.0,-1,6,30,1,1,1,17:10,5,3,9
2023010457714,2023,010457714,2,1,1,2,53,8,3,0,0,0,0,0,-1,2,E01002053,-1,0,0.0,1.0,-1,6,20,1,1,1,14:00,6,2,-1
202360A004226,2023,60A004226,2,1,1,1,31,6,2,0,0,0,0,0,3,-1,-1,-1,0,1.0,0.0,-1,6,30,1,4,2,22:19,2,2,3
2023622300999,2023,622300999,1,1,1,1,62,9,3,0,0,0,0,0,5,5,W01001304,-1,0,0.152,0.848,-1,6,40,1,1,1,14:00,5,2,5
2023101280940,2023,101280940,2,1,1,2,-1,-1,3,0,0,0,0,0,9,4,E01008502,3,1,0.0,1.0,-1,6,30,1,1,1,15:49,7,2,9
2023201458883,2023,201458883,2,1,1,1,-1,-1,3,0,0,0,0,0,9,2,E01009746,3,1,0.0,1.0,-1,6,30,1,1,1,06:33,4,5,9
2023351271354,2023,351271354,1,1,1,2,44,7,2,0,0,0,0,0,9,-1,-1,5,1,1.0,0.0,-1,6,60,1,1,4,07:54,2,1,9
2023501261372,2023,501261372,2,2,2,2,13,3,3,0,0,1,0,0,9,9,E01033233,3,1,0.0,1.0,-1,6,30,2,4,2,18:40,2,2,9
202363C038223,2023,63C038223,1,1,1,1,28,6,3,0,0,0,0,0,9,-1,-1,-1,0,0.03611,0.96389,-1,1,30,1,1,1,18:05,5,2,9
2023161389696,2023,161389696,1,1,1,1,51,8,3,0,0,0,0,0,1,6,E01012766,3,1,0.0,1.0,-1,1,30,1,1,1,11:45,7,3,1
2023101362895,2023,101362895,1,1,3,1,72,10,3,10,3,0,0,0,0,-1,-1,3,1,0.0,1.0,-1,6,30,1,1,1,15:45,5,1,1
2023430500664,2023,430500664,1,1,1,2,70,10,3,0,0,0,0,0,9,10,E01016318,-1,0,0.00999,0.99001,-1,6,50,1,1,1,08:20,3,2,9
2023471343725,2023,471343725,1,1,1,1,20,4,2,0,0,0,0,0,9,10,E01022587,7,1,1.0,0.0,-1,6,60,1,6,1,23:05,1,1,9
2023010441553,2023,010441553,2,1,1,1,40,7,3,0,0,0,0,0,3,2,E01001775,-1,0,0.0,1.0,-1,6,20,1,1,2,17:20,7,2,3
2023010455254,2023,010455254,1,1,1,2,33,6,3,0,0,0,0,0,9,-1,-1,-1,0,0.0,1.0,-1,7,20,2,1,2,14:38,6,2,9
2023401368575,2023,401368575,2,1,1,1,36,7,3,0,0,0,0,0,9,1,E01012091,3,1,0.0,1.0,-1,3,70,1,7,-1,18:05,1,2,9
2023501321030,2023,501321030,1,2,2,2,28,6,3,0,0,1,0,0,9,5,E01020296,3,1,0.0,1.0,-1,6,60,1,1,1,09:50,3,2,9
2023520300729,2023,520300729,1,1,1,1,33,6,3,0,0,0,0,0,9,6,E01029305,-1,0,0.03725,0.96275,-1,3,40,1,4,1,22:03,2,2,9
2023461328850,2023,461328850,1,1,3,1,13,3,3,5,1,0,0,2,0,8,E01016179,3,1,0.0,1.0,-1,6,30,1,1,1,08:06,5,1,9
2023302301665,2023,302301665,1,1,1,2,71,10,3,0,0,0,0,0,9,10,E01019413,-1,0,0.05653,0.94347,-1,6,30,1,1,1,15:28,4,2,9
2023320487251,2023,320487251,1,3,1,1,34,6,3,0,0,0,0,0,9,5,E01026133,-1,0,0.07381,0.92619,-1,6,60,1,1,1,07:55,2,2,9
2023501334180,2023,501334180,3,3,1,2,59,9,3,0,0,0,0,0,9,6,E01019011,3,1,0.0,1.0,-1,6,60,1,1,2,19:26,5,3,9
2023320730044,2023,320730044,1,1,1,1,33,6,3,0,0,0,0,0,19,3,E01026596,-1,0,0.13397,0.86603,-1,6,60,1,6,2,23:40,7,1,19
2023041387656,2023,041387656,1,1,1,1,27,6,3,0,0,0,0,0,19,4,E01025150,3,1,0.0,1.0,-1,6,30,1,1,1,08:40,4,2,19
2023010436527,2023,010436527,1,1,3,1,36,7,3,1,9,0,0,0,0,3,E01001003,-1,0,0.0,1.0,-1,6,20,1,1,1,18:35,7,1,9
2023221377374,2023,221377374,1,1,1,2,16,4,2,0,0,0,0,0,2,5,E01014000,7,1,1.0,0.0,-1,6,30,1,4,1,19:10,1,1,2
2023031335821,2023,031335821,1,1,1,1,67,10,3,0,0,0,0,0,9,3,E01019204,3,1,0.0,1.0,-1,2,30,1,1,1,13:40,7,8,9
2023041292528,2023,041292528,2,2,1,1,43,7,3,0,0,0,0,0,9,1,E01025295,3,1,0.0,1.0,-1,6,30,1,1,1,15:20,2,2,9
2023071274562,2023,071274562,1,1,1,1,18,4,3,0,0,0,0,0,9,9,E01018516,-1,0,0.11543,0.88457,-1,6,60,1,1,2,14:09,6,1,9
2023231358962,2023,231358962,1,1,1,2,37,7,3,0,0,0,0,0,9,7,E01031253,3,1,0.0,1.0,-1,6,50,1,1,1,12:22,7,1,9
2023320731402,2023,320731402,1,1,1,1,37,7,2,0,0,0,0,0,9,6,E01015653,-1,0,1.0,0.0,-1,6,60,7,6,2,20:50,1,2,9
2023501316578,2023,501316578,1,1,1,2,88,11,2,0,0,0,0,0,9,5,E01020331,6,1,1.0,0.0,-1,6,60,1,1,1,16:46,5,1,9
2023070689171,2023,070689171,1,2,2,1,26,6,3,0,0,2,0,0,9,4,W01000374,-1,0,0.07872,0.92128,-1,6,40,1,1,1,17:15,7,2,9
2023161269288,2023,161269288,1,2,2,2,22,5,3,0,0,1,0,0,9,4,E01005632,3,1,0.0,1.0,-1,3,70,1,6,1,18:15,7,2,9
2023991312314,2023,991312314,1,1,1,2,85,11,3,0,0,0,0,0,9,6,-1,3,1,0.0,1.0,-1,6,30,1,1,1,10:59,1,2,9
2023010437848,2023,010437848,1,1,2,2,29,6,3,0,0,0,2,0,11,1,E01001461,-1,0,0.0,1.0,-1,6,20,1,1,1,08:34,2,1,11
2023451283740,2023,451283740,1,1,1,1,64,9,3,0,0,0,0,0,21,6,E01022090,3,1,0.0,1.0,-1,3,70,1,1,1,13:32,2,2,21
2023041283716,2023,041283716,1,1,3,1,57,9,3,6,9,0,0,0,0,9,E01012660,3,1,0.0,1.0,-1,6,30,1,1,1,08:00,4,1,9
2023311294962,2023,311294962,1,1,3,2,77,11,3,10,6,0,0,2,0,9,E01028099,3,1,0.0,1.0,-1,6,30,1,1,1,11:10,1,1,9
2023411287396,2023,411287396,1,1,3,2,45,7,3,5,2,0,0,0,0,6,E01023751,3,1,0.0,1.0,-1,6,30,1,4,1,19:19,7,1,9
2023471319680,2023,471319680,1,1,1,1,21,5,2,0,0,0,0,0,3,3,E01021122,7,1,1.0,0.0,-1,6,60,1,1,1,06:43,6,2,3
2023131294162,2023,131294162,1,1,3,2,7,2,3,5,1,0,0,2,0,1,E01010842,3,1,0.0,1.0,-1,6,20,1,1,1,17:00,3,1,9
2023991317982,2023,991317982,1,1,3,1,15,3,3,5,3,0,0,0,0,3,-1,3,1,0.0,1.0,-1,6,30,1,1,1,12:45,7,1,9
2023131311837,2023,131311837,1,1,1,1,16,4,3,0,0,0,0,0,2,5,E01011022,3,1,0.0,1.0,-1,6,40,1,1,1,08:10,6,2,2
2023421323193,2023,421323193,2,1,1,1,19,4,2,0,0,0,0,0,3,5,E01021741,5,1,1.0,0.0,-1,6,40,1,1,1,10:29,3,2,3
2023991282142,2023,991282142,1,1,2,1,18,4,2,0,0,0,0,0,3,1,-1,7,1,1.0,0.0,-1,6,30,1,1,1,12:00,2,3,3
2023302300284,2023,302300284,2,1,1,2,44,7,3,0,0,0,0,0,9,8,E01019540,-1,0,0.00717,0.99283,-1,6,30,1,4,1,18:20,3,2,9
2023010479792,2023,010479792,1,1,3,1,42,7,2,9,6,0,0,0,0,4,E01001404,-1,0,1.0,0.0,-1,6,20,1,1,1,13:30,5,1,9
2023010460198,2023,010460198,1,1,1,2,25,5,3,0,0,0,0,0,3,4,E01001586,-1,0,0.0,1.0,-1,9,30,9,4,9,20:30,5,2,3
2023531259765,2023,531259765,1,1,2,1,71,10,3,0,0,1,0,0,9,9,E01032052,3,1,0.0,1.0,-1,3,70,1,4,2,18:34,4,3,9
2023540443523,2023,540443523,1,1,1,1,26,6,3,0,0,0,0,0,9,3,E01031963,-1,0,0.06408,0.93592,-1,6,40,1,6,2,16:48,6,1,9
2023991298873,2023,991298873,2,2,1,1,59,9,2,0,0,0,0,0,9,9,-1,7,1,1.0,0.0,-1,3,70,1,1,1,07:40,5,3,9
2023991423602,2023,991423602,2,1,1,1,38,7,3,0,0,0,0,0,9,2,-1,3,1,0.0,1.0,-1,6,20,1,1,1,17:00,1,2,9
2023010422521,2023,010422521,1,1,3,1,11,3,2,5,3,0,0,0,0,5,E01003703,-1,0,1.0,0.0,-1,2,20,1,1,1,15:28,6,1,9
2023010422868,2023,010422868,1,1,3,1,4,1,2,8,3,0,0,0,0,7,E01004635,-1,0,1.0,0.0,-1,6,20,1,1,2,11:45,1,1,9
202360A076157,2023,60A076157,1,1,1,2,54,8,2,0,0,0,0,0,3,-1,-1,-1,0,1.0,0.0,-1,6,40,1,1,1,16:50,1,2,3
2023131352238,2023,131352238,2,4,2,2,62,9,3,0,0,1,0,0,9,7,E01010911,3,1,0.0,1.0,-1,6,30,1,1,1,16:50,4,3,9
2023131311264,2023,131311264,1,2,2,2,58,9,3,0,0,1,0,0,9,5,E01011818,3,1,0.0,1.0,-1,6,40,1,1,1,06:25,5,1,9
2023161335590,2023,161335590,1,1,1,1,26,6,3,0,0,0,0,0,9,3,E01012913,3,1,0.0,1.0,-1,6,60,2,1,2,07:15,2,1,9
2023302301271,2023,302301271,1,1,1,2,80,11,2,0,0,0,0,0,9,10,E01013463,-1,0,1.0,0.0,-1,6,30,1,1,1,16:15,4,2,9
2023451357365,2023,451357365,2,1,1,2,76,11,3,0,0,0,0,0,9,3,E01002595,3,1,0.0,1.0,-1,6,40,1,1,1,08:45,5,2,9
2023461337441,2023,461337441,2,2,2,2,10,2,3,0,0,1,0,0,9,-1,-1,3,1,0.0,1.0,-1,6,30,1,1,1,18:40,5,2,9
2023461361075,2023,461361075,2,2,2,1,10,2,3,0,0,2,0,0,9,-1,-1,3,1,0.0,1.0,-1,6,40,1,1,1,23:06,6,2,9
2023471315169,2023,471315169,1,4,2,2,18,4,3,0,0,2,0,0,9,3,E01023107,3,1,0.0,1.0,-1,6,30,1,1,1,15:25,1,1,9
2023010427639,2023,010427639,1,1,3,1,48,8,3,9,9,0,0,0,0,3,E01001327,-1,0,0.0,1.0,-1,6,20,8,4,1,21:15,5,1,9
2023122300057,2023,122300057,1,1,3,1,11,3,3,10,9,0,0,0,0,8,E01013373,-1,0,0.03672,0.96328,-1,6,20,1,1,1,08:13,5,1,9
2023010451285,2023,010451285,2,1,1,1,27,6,3,0,0,0,0,0,1,1,E01003963,-1,0,0.0,1.0,-1,6,30,1,6,1,22:56,7,2,1
2023010480834,2023,010480834,1,1,2,1,14,3,3,0,0,2,0,0,8,3,E01002375,-1,0,0.0,1.0,-1,6,30,1,1,1,15:24,5,2,8
2023401332721,2023,401332721,2,2,1,1,28,6,3,0,0,0,0,0,9,4,E01015786,3,1,0.0,1.0,-1,3,30,1,1,1,17:07,1,4,9
2023471281242,2023,471281242,2,1,1,1,36,7,3,0,0,0,0,0,9,10,E01031680,3,1,0.0,1.0,-1,6,30,1,4,1,06:30,2,2,9
2023010460100,2023,010460100,1,1,2,2,39,7,3,0,0,0,4,0,11,2,E01004013,-1,0,0.0,1.0,-1,6,20,1,1,1,14:20,6,1,11
2023010448420,2023,010448420,2,1,1,1,31,6,3,0,0,0,0,0,1,9,E01001926,-1,0,0.0,1.0,-1,6,20,1,1,1,20:41,1,2,1
2023131319879,2023,131319879,1,3,2,2,17,4,2,0,0,2,0,0,9,7,E01032496,7,1,1.0,0.0,-1,6,60,1,6,1,00:32,1,1,9
2023631348119,2023,631348119,2,2,2,2,62,9,3,0,0,0,0,0,90,6,W01000974,3,1,0.0,1.0,-1,3,70,2,1,2,16:15,6,2,90
2023161376284,2023,161376284,2,1,1,1,43,7,3,0,0,0,0,0,9,10,E01013064,3,1,0.0,1.0,-1,6,60,1,1,1,15:15,6,2,9
202363D006623,2023,63D006623,2,1,1,2,22,5,3,0,0,0,0,0,9,7,W01000477,-1,0,0.03198,0.96802,-1,6,60,7,6,2,17:00,3,2,9
2023052300932,2023,052300932,1,1,1,1,35,6,3,0,0,0,0,0,1,1,E01007126,-1,0,0.14979,0.85021,-1,6,30,1,1,1,20:00,1,2,1
2023332300406,2023,332300406,2,1,1,1,54,8,2,0,0,0,0,0,5,5,E01025897,-1,0,1.0,0.0,-1,6,40,1,7,1,05:00,2,2,5
2023161298614,2023,161298614,1,1,1,1,73,10,2,0,0,0,0,0,9,4,E01013271,6,1,1.0,0.0,-1,6,60,1,1,1,12:48,2,2,9
2023340WN0032,2023,340WN0032,1,1,1,1,63,9,3,0,0,0,0,0,9,3,E01027154,-1,0,0.10927,0.89073,-1,3,50,1,1,2,10:15,4,2,9
2023371378623,2023,371378623,1,1,1,2,34,6,3,0,0,0,0,0,9,6,E01030134,3,1,0.0,1.0,-1,6,30,1,1,1,07:45,2,2,9
2023010451960,2023,010451960,2,1,1,1,20,4,2,0,0,0,0,0,1,4,E01004232,-1,0,1.0,0.0,-1,3,30,1,1,1,12:25,4,2,1
2023052302824,2023,052302824,3,1,1,1,58,9,3,0,0,0,0,0,9,6,E01007185,-1,0,0.01938,0.98062,-1,6,30,1,1,1,14:20,1,3,9
2023061392126,2023,061392126,1,6,2,1,20,4,3,0,0,1,0,0,9,5,E01005543,3,1,0.0,1.0,-1,6,30,2,4,2,15:40,2,2,9
2023501285872,2023,501285872,1,1,1,2,20,4,3,0,0,0,0,0,9,10,E01020253,3,1,0.0,1.0,-1,6,30,1,1,1,11:32,1,2,9
2023101320975,2023,101320975,1,1,3,2,61,9,3,1,1,0,0,0,0,8,E01027356,3,1,0.0,1.0,-1,6,30,1,1,1,15:11,4,1,11
2023411293150,2023,411293150,1,1,3,2,10,2,3,7,1,0,0,0,0,5,E01023924,3,1,0.0,1.0,-1,9,30,8,1,-1,15:05,2,1,97
2023061368981,2023,061368981,2,2,2,1,17,4,3,0,0,1,0,0,9,1,E01005948,3,1,0.0,1.0,-1,3,30,1,4,1,21:40,4,2,9
2023351283625,2023,351283625,2,3,2,2,0,1,3,0,0,2,0,0,9,2,E01015610,3,1,0.0,1.0,-1,7,70,1,1,1,16:34,2,2,9
2023332300414,2023,332300414,1,1,3,1,4,1,3,5,4,0,0,0,0,9,E01013707,-1,0,0.07236,0.92764,-1,6,20,1,1,1,08:45,3,1,9
2023010472866,2023,010472866,1,1,1,1,28,6,3,0,0,0,0,0,3,7,E01003270,-1,0,0.0,1.0,-1,9,30,1,1,1,14:45,3,2,3
2023451265927,2023,451265927,1,3,2,1,17,4,3,0,0,2,0,0,9,-1,-1,3,1,0.0,1.0,-1,3,40,1,4,4,03:47,6,2,9
2023010454050,2023,010454050,1,1,1,1,48,8,2,0,0,0,0,0,9,8,E01000989,-1,0,1.0,0.0,-1,6,30,1,4,1,22:06,7,1,9
2023451262222,2023,451262222,1,1,1,2,30,6,3,0,0,0,0,0,9,8,E01003001,3,1,0.0,1.0,-1,3,70,2,6,2,16:00,4,1,9
2023531278560,2023,531278560,2,5,2,2,35,6,3,0,0,2,0,0,9,6,E01022380,3,1,0.0,1.0,-1,3,30,1,4,1,19:00,2,2,9
2023991337051,2023,991337051,1,3,2,2,21,5,3,0,0,1,0,0,9,-1,-1,3,1,0.0,1.0,-1,3,60,2,1,2,17:29,2,2,9
2023201310337,2023,201310337,1,1,1,1,25,5,3,0,0,0,0,0,5,1,E01009104,3,1,0.0,1.0,-1,6,30,1,1,1,14:35,3,2,5