collision_index,collision_year,collision_ref_no,vehicle_reference,casualty_reference,casualty_class,sex_of_casualty,age_of_casualty,age_band_of_casualty,casualty_severity,pedestrian_location,pedestrian_movement,car_passenger,bus_or_coach_passenger,pedestrian_road_maintenance_worker,casualty_type,casualty_imd_decile,lsoa_of_casualty,enhanced_casualty_severity,casualty_injury_based,casualty_adjusted_severity_serious,casualty_adjusted_severity_slight,casualty_distance_banding,road_type,speed_limit,weather_conditions,light_conditions,road_surface_conditions,time,day_of_week,number_of_vehicles,vehicle_type
2023201411039,2023,201411039,1,1,1,1,33,6,3,0,0,0,0,0,1,4,E01009688,3,1,0.0,1.0,-1,6,30,1,1,1,07:40,2,2,1
2023430166964,2023,430166964,2,1,1,1,36,7,3,0,0,0,0,0,2,4,E01016485,-1,0,0.1337,0.8663,-1,6,30,1,1,1,17:34,2,2,2
2023010460293,2023,010460293,1,1,1,1,30,6,2,0,0,0,0,0,3,5,E01002515,-1,0,1.0,0.0,-1,6,30,1,4,1,21:10,7,2,3
2023440023299,2023,440023299,2,1,1,1,21,5,3,0,0,0,0,0,3,10,E01023240,-1,0,0.14523,0.85477,-1,6,30,1,1,1,11:12,4,2,3
2023991302656,2023,991302656,1,2,2,2,61,9,2,0,0,0,0,0,5,4,E01020881,6,1,1.0,0.0,-1,6,60,1,1,1,18:26,2,1,5
2023010436637,2023,010436637,2,2,1,2,72,10,3,0,0,0,0,0,9,6,E01001656,-1,0,0.0,1.0,-1,6,30,1,4,1,20:00,1,2,9
2023131277795,2023,131277795,2,1,1,1,20,4,3,0,0,0,0,0,9,2,E01011781,3,1,0.0,1.0,-1,6,30,1,7,1,17:15,5,2,9
2023201425109,2023,201425109,1,1,2,2,55,8,3,0,0,1,0,0,9,8,E01010151,3,1,0.0,1.0,-1,3,40,1,1,2,11:15,1,2,9
2023361357328,2023,361357328,1,1,1,1,90,11,2,0,0,0,0,0,9,5,E01026681,7,1,1.0,0.0,-1,6,30,1,1,1,13:18,4,2,9
2023991285682,2023,991285682,1,3,1,2,81,11,3,0,0,0,0,0,9,8,-1,3,1,0.0,1.0,-1,6,30,1,1,1,13:41,7,2,9
2023540596023,2023,540596023,1,1,3,2,16,4,3,1,1,0,0,0,0,9,E01015535,-1,0,0.07548,0.92452,-1,3,30,9,1,4,08:25,4,1,8
2023991302267,2023,991302267,1,1,3,2,10,2,3,5,1,0,0,0,0,1,-1,3,1,0.0,1.0,-1,3,30,1,1,1,13:10,7,1,9
2023061327429,2023,061327429,1,1,2,2,86,11,2,0,0,1,0,0,9,9,E01005865,6,1,1.0,0.0,-1,6,30,1,1,1,10:00,7,1,9
2023411380817,2023,411380817,2,2,2,1,26,6,3,0,0,2,0,0,9,3,E01002564,3,1,0.0,1.0,-1,6,30,1,1,-1,08:00,6,2,9
2023041332030,2023,041332030,1,1,3,2,14,3,3,5,1,0,0,0,0,9,E01025175,3,1,0.0,1.0,-1,6,30,1,1,1,19:02,5,1,9
2023061329244,2023,061329244,1,1,3,2,24,5,2,1,1,0,0,0,0,1,E01006306,7,1,1.0,0.0,-1,6,30,1,1,1,09:59,5,1,9
2023010447879,2023,010447879,1,2,2,2,-1,-1,3,0,0,0,0,0,1,5,E01003945,-1,0,0.0,1.0,-1,6,20,1,1,1,08:30,6,3,1
2023010456707,2023,010456707,2,1,1,-1,-1,-1,3,0,0,0,0,0,1,-1,-1,-1,0,0.0,1.0,-1,6,30,1,1,1,08:45,7,2,1
2023552300804,2023,552300804,2,3,2,2,69,10,3,0,0,1,0,0,9,3,E01015283,-1,0,0.06778,0.93222,-1,6,40,1,1,1,11:40,5,4,9
2023552301528,2023,552301528,2,1,2,2,29,6,3,0,0,1,0,0,9,7,E01015330,-1,0,0.02177,0.97823,-1,6,60,1,6,1,17:46,5,2,9
2023041352538,2023,041352538,2,2,1,2,92,11,3,0,0,0,0,0,9,8,E01019343,3,1,0.0,1.0,-1,6,50,1,1,1,13:04,5,3,9
2023201415163,2023,201415163,2,1,1,1,21,5,3,0,0,0,0,0,9,1,E01009564,3,1,0.0,1.0,-1,7,30,9,7,-1,03:50,4,3,9
2023552300762,2023,552300762,2,2,2,2,74,10,2,0,0,2,0,0,9,2,E01004471,-1,0,1.0,0.0,-1,6,50,1,1,1,16:07,4,2,9
2023010446855,2023,010446855,1,1,1,1,27,6,3,0,0,0,0,0,9,4,E01000633,-1,0,0.0,1.0,-1,1,40,1,4,1,02:58,1,1,9
2023201329465,2023,201329465,1,1,1,2,21,5,2,0,0,0,0,0,9,7,E01032535,7,1,1.0,0.0,-1,3,40,1,1,1,11:20,6,2,9
2023991280593,2023,991280593,2,1,2,2,27,6,3,0,0,1,0,0,9,-1,-1,3,1,0.0,1.0,-1,3,30,1,1,1,14:00,1,2,9
2023421290485,2023,421290485,1,1,1,1,48,8,2,0,0,0,0,0,4,8,E01003649,5,1,1.0,0.0,-1,6,50,2,1,2,15:46,7,1,4
2023010486093,2023,010486093,1,1,1,1,29,6,3,0,0,0,0,0,9,6,E01001662,-1,0,0.0,1.0,-1,6,30,1,4,1,22:36,3,3,9
2023141320004,2023,141320004,2,1,1,1,23,5,3,0,0,0,0,0,9,3,E01007843,3,1,0.0,1.0,-1,6,30,1,1,1,15:45,1,2,9
2023201293442,2023,201293442,2,1,1,1,51,8,3,0,0,0,0,0,9,8,E01010357,3,1,0.0,1.0,-1,1,30,2,1,2,16:20,3,2,9
2023471268569,2023,471268569,1,1,1,1,20,4,2,0,0,0,0,0,9,7,E01021063,7,1,1.0,0.0,-1,6,50,1,6,2,20:45,5,1,9
2023440342225,2023,440342225,1,1,1,1,57,9,3,0,0,0,0,0,22,7,E01023257,-1,0,0.04135,0.95865,-1,6,30,1,1,1,15:50,4,2,22
2023471301972,2023,471301972,1,1,1,1,35,6,3,0,0,0,0,0,3,2,E01031790,3,1,0.0,1.0,-1,6,20,1,1,1,11:05,6,2,3
2023061312838,2023,061312838,1,1,3,2,47,8,2,8,3,0,0,0,0,5,E01005347,6,1,1.0,0.0,-1,3,30,1,1,1,05:45,6,1,98
2023501282863,2023,501282863,1,1,3,1,49,8,3,9,8,0,0,0,0,1,E01018995,3,1,0.0,1.0,-1,6,30,2,6,2,19:27,3,1,19
2023031369950,2023,031369950,1,1,3,1,37,7,3,1,9,0,0,2,0,-1,-1,3,1,0.0,1.0,-1,6,30,9,4,2,21:00,4,1,9
2023041353159,2023,041353159,1,1,3,1,29,6,3,5,2,0,0,0,0,10,E01025352,3,1,0.0,1.0,-1,6,30,1,4,1,01:15,7,1,9
2023010469993,2023,010469993,1,1,1,1,57,9,3,0,0,0,0,0,9,2,E01001800,-1,0,0.0,1.0,-1,6,30,1,1,1,19:50,4,2,9
2023041358177,2023,041358177,1,1,1,1,45,7,3,0,0,0,0,0,9,3,E01024887,3,1,0.0,1.0,-1,3,70,1,1,2,08:40,1,1,9
2023471272412,2023,471272412,1,1,2,2,92,11,3,0,0,1,0,0,9,8,E01021147,3,1,0.0,1.0,-1,6,60,1,6,1,18:40,7,2,9
2023552300283,2023,552300283,2,2,1,1,62,9,3,0,0,0,0,0,10,7,E01015425,-1,0,0.05885,0.94115,-1,6,40,1,1,1,12:20,4,2,10
2023141278112,2023,141278112,1,1,1,1,46,8,2,0,0,0,0,0,97,-1,-1,7,1,1.0,0.0,-1,6,30,1,1,1,18:53,1,2,97
2023031261760,2023,031261760,1,1,1,1,19,4,2,0,0,0,0,0,9,-1,-1,7,1,1.0,0.0,-1,6,60,1,6,2,22:13,3,1,9
2023411382854,2023,411382854,2,2,2,2,41,7,3,0,0,1,0,0,9,9,E01017585,3,1,0.0,1.0,-1,3,50,2,4,2,19:50,5,2,9
2023201356343,2023,201356343,1,1,1,1,65,9,3,0,0,0,0,0,9,10,E01010198,3,1,0.0,1.0,-1,6,30,1,1,1,17:34,7,1,9
2023361288051,2023,361288051,2,1,1,2,36,7,3,0,0,0,0,0,9,5,E01026428,3,1,0.0,1.0,-1,6,60,2,1,2,13:40,5,2,9
2023421346060,2023,421346060,2,1,2,2,1,1,2,0,0,2,0,0,9,-1,-1,7,1,1.0,0.0,-1,6,30,1,1,1,13:22,1,2,9
2023141339593,2023,141339593,2,1,1,1,15,3,3,0,0,0,0,0,1,2,E01007593,3,1,0.0,1.0,-1,3,30,1,1,1,15:15,3,2,1
2023991343181,2023,991343181,2,1,1,1,34,6,2,0,0,0,0,0,1,8,-1,7,1,1.0,0.0,-1,6,30,1,1,1,17:50,6,2,1
2023010429005,2023,010429005,1,1,1,1,40,7,3,0,0,0,0,0,9,5,E01000067,-1,0,0.0,1.0,-1,3,40,1,4,1,21:37,6,4,9
2023010445651,2023,010445651,2,2,2,2,-1,-1,3,0,0,1,0,0,9,7,E01000413,-1,0,0.0,1.0,-1,6,30,1,1,1,14:40,1,2,9
2023010501673,2023,010501673,1,1,1,2,31,6,3,0,0,0,0,0,9,5,E01027237,-1,0,0.0,1.0,-1,9,20,9,4,1,08:50,5,2,9
2023041321678,2023,041321678,2,1,1,2,30,6,3,0,0,0,0,0,9,3,E01025237,3,1,0.0,1.0,-1,6,30,9,7,2,08:45,2,2,9
2023421370174,2023,421370174,2,1,1,2,41,7,3,0,0,0,0,0,9,7,E01021914,3,1,0.0,1.0,-1,6,40,1,1,2,07:00,6,2,9
2023010422053,2023,010422053,2,1,1,1,37,7,3,0,0,0,0,0,1,9,E01032640,-1,0,0.0,1.0,-1,6,20,1,1,1,13:01,4,2,1
2023010462278,2023,010462278,1,1,1,1,24,5,3,0,0,0,0,0,1,5,E01004641,-1,0,0.0,1.0,-1,9,30,9,1,9,07:59,6,2,1
2023010471851,2023,010471851,1,1,3,1,59,9,3,3,3,0,0,0,0,4,E01000507,-1,0,0.0,1.0,-1,6,20,1,4,2,21:15,6,1,9
2023361374926,2023,361374926,1,1,3,1,38,7,3,9,7,0,0,0,0,7,E01026883,3,1,0.0,1.0,-1,6,60,1,6,2,19:49,7,1,9
2023440431380,2023,440431380,2,1,1,1,62,9,3,0,0,0,0,0,1,10,E01023188,-1,0,0.16799,0.83201,-1,1,30,1,1,2,11:00,7,2,1
2023010442277,2023,010442277,1,2,2,2,22,5,3,0,0,1,0,0,9,2,E01000025,-1,0,0.0,1.0,-1,1,30,2,4,2,22:30,4,2,9
2023101287609,2023,101287609,2,1,1,2,20,4,3,0,0,0,0,0,9,4,E01008347,3,1,0.0,1.0,-1,3,30,1,1,2,10:50,4,2,9
2023221323929,2023,221323929,1,3,2,2,7,2,3,0,0,1,0,0,9,4,E01032215,3,1,0.0,1.0,-1,6,30,1,1,1,17:20,4,2,9
2023430146825,2023,430146825,3,2,1,2,25,5,3,0,0,0,0,0,9,7,E01016402,-1,0,0.00621,0.99379,-1,6,40,1,1,1,16:45,2,3,9
2023101375055,2023,101375055,1,2,1,1,37,7,2,0,0,0,0,0,9,4,E01008866,6,1,1.0,0.0,-1,6,60,2,4,2,17:08,3,2,9
2023991263582,2023,991263582,1,1,2,1,17,4,2,0,0,1,0,0,9,8,-1,6,1,1.0,0.0,-1,6,60,2,6,2,23:05,7,2,9
2023991294171,2023,991294171,2,1,2,2,19,4,3,0,0,1,0,0,9,3,-1,3,1,0.0,1.0,-1,6,30,1,4,1,22:39,3,2,9
2023421319457,2023,421319457,1,1,1,1,56,9,2,0,0,0,0,0,1,7,E01021439,7,1,1.0,0.0,-1,1,30,1,1,1,05:28,5,2,1
2023631312867,2023,631312867,3,1,1,1,37,7,2,0,0,0,0,0,1,10,E01032158,7,1,1.0,0.0,-1,6,30,1,1,1,11:30,3,3,1
2023421390906,2023,421390906,1,1,3,1,41,7,2,5,9,0,0,1,0,2,E01030013,7,1,1.0,0.0,-1,6,30,1,1,1,13:10,2,1,19
2023461273597,2023,461273597,2,1,1,1,25,5,3,0,0,0,0,0,3,6,E01024180,3,1,0.0,1.0,-1,6,20,1,1,1,17:10,7,2,3
2023010461599,2023,010461599,1,1,1,1,31,6,3,0,0,0,0,0,9,2,E01003968,-1,0,0.0,1.0,-1,6,20,1,1,1,19:32,1,2,9
2023501372331,2023,501372331,1,1,1,1,19,4,2,0,0,0,0,0,4,8,E01020251,6,1,1.0,0.0,-1,3,70,1,4,1,17:25,4,2,4
2023061309246,2023,061309246,1,2,2,1,4,1,3,0,0,1,0,0,9,1,E01005497,3,1,0.0,1.0,-1,6,40,1,1,1,12:30,7,2,9
2023061320351,2023,061320351,1,2,3,1,9,2,3,1,9,0,0,-1,0,2,E01005251,3,1,0.0,1.0,-1,6,30,1,1,-1,08:36,2,1,9
2023471370941,2023,471370941,1,2,3,2,44,7,3,5,1,0,0,0,0,3,E01020991,3,1,0.0,1.0,-1,6,30,1,4,2,16:37,1,1,9
2023430383553,2023,430383553,1,1,1,1,24,5,3,0,0,0,0,0,3,7,E01017889,-1,0,0.18255,0.81745,-1,1,30,1,4,1,02:02,1,1,3
2023622300308,2023,622300308,3,3,1,1,34,6,2,0,0,0,0,0,4,1,W01001811,-1,0,1.0,0.0,-1,3,70,1,1,1,17:47,3,3,4
2023061389885,2023,061389885,2,1,1,2,29,6,3,0,0,0,0,0,9,-1,-1,3,1,0.0,1.0,-1,7,30,8,1,2,15:50,2,2,9
2023131435005,2023,131435005,1,1,1,2,54,8,2,0,0,0,0,0,9,9,E01011557,5,1,1.0,0.0,-1,6,40,1,1,1,14:00,1,5,9
2023221334410,2023,221334410,1,1,1,1,22,5,3,0,0,0,0,0,9,8,E01032208,3,1,0.0,1.0,-1,6,60,1,1,1,19:54,5,2,9
2023401396251,2023,401396251,1,1,1,2,17,4,3,0,0,0,0,0,9,8,E01016801,3,1,0.0,1.0,-1,6,30,1,1,1,12:04,3,2,9
2023411342184,2023,411342184,2,2,2,2,27,6,3,0,0,1,0,0,9,8,E01023069,3,1,0.0,1.0,-1,3,70,1,1,2,14:30,2,2,9
2023451264707,2023,451264707,2,1,1,1,44,7,3,0,0,0,0,0,9,9,E01001025,3,1,0.0,1.0,-1,6,30,2,1,1,14:10,2,2,9
2023010447225,2023,010447225,1,2,2,1,56,9,3,0,0,0,4,0,11,3,E01000336,-1,0,0.0,1.0,-1,6,30,1,4,1,21:00,2,2,11
2023421363086,2023,421363086,1,1,2,1,26,6,2,0,0,0,0,0,97,4,E01021309,6,1,1.0,0.0,-1,6,30,1,4,1,20:11,7,2,97
2023522400761,2023,522400761,1,1,3,1,46,8,3,1,1,0,0,0,0,-1,-1,-1,0,0.07767,0.92233,-1,2,20,1,1,1,11:20,1,1,11
2023010478032,2023,010478032,1,1,1,2,29,6,3,0,0,0,0,0,1,3,E01001768,-1,0,0.0,1.0,-1,6,20,1,4,2,20:00,3,2,1
2023522400215,2023,522400215,1,1,1,2,24,5,3,0,0,0,0,0,3,10,E01033334,-1,0,0.03053,0.96947,-1,6,30,2,1,2,10:48,7,2,3
2023211390344,2023,211390344,1,1,1,1,29,6,3,0,0,0,0,0,9,2,E01014252,3,1,0.0,1.0,-1,6,30,1,4,1,17:01,6,2,9
2023430340108,2023,430340108,1,1,1,2,85,11,3,0,0,0,0,0,9,7,E01028818,-1,0,0.13921,0.86079,-1,6,20,1,1,2,14:14,2,1,9
2023221373514,2023,221373514,2,2,2,1,62,9,2,0,0,2,0,0,9,8,E01028887,5,1,1.0,0.0,-1,6,30,1,4,1,19:40,7,3,9
2023320735390,2023,320735390,1,1,1,2,24,5,3,0,0,0,0,0,9,7,E01026053,-1,0,0.05523,0.94477,-1,6,30,1,4,1,17:15,3,1,9
2023451264079,2023,451264079,2,1,1,2,35,6,3,0,0,0,0,0,9,-1,-1,3,1,0.0,1.0,-1,6,30,1,4,1,17:10,7,2,9
2023010447705,2023,010447705,1,1,3,1,43,7,3,5,2,0,0,0,0,5,E01002950,-1,0,0.0,1.0,-1,6,30,1,1,1,06:50,5,1,9
2023052302083,2023,052302083,1,1,3,1,34,6,3,9,5,0,0,0,0,5,E01014295,-1,0,0.08688,0.91312,-1,6,30,1,1,1,14:45,2,1,9
2023201296637,2023,201296637,1,1,1,2,45,7,3,0,0,0,0,0,9,2,E01010071,3,1,0.0,1.0,-1,6,30,2,1,2,17:14,6,2,9
2023461318432,2023,461318432,2,1,1,1,26,6,3,0,0,0,0,0,9,2,E01024277,3,1,0.0,1.0,-1,6,30,1,7,1,22:16,6,3,9
2023501340131,2023,501340131,1,1,1,1,19,4,3,0,0,0,0,0,9,2,E01018867,3,1,0.0,1.0,-1,6,60,1,6,2,01:00,5,1,9
2023501376240,2023,501376240,1,1,1,1,20,4,1,0,0,0,0,0,9,8,W01000453,1,1,0.0,0.0,-1,6,40,1,4,1,00:26,1,1,9
2023471327248,2023,471327248,2,1,1,1,28,6,3,0,0,0,0,0,1,1,E01020989,3,1,0.0,1.0,-1,6,30,9,1,2,09:35,7,2,1
2023201409509,2023,201409509,1,1,1,2,61,9,3,0,0,0,0,0,9,2,E01010077,3,1,0.0,1.0,-1,6,30,1,1,1,11:05,1,2,9
2023501378978,2023,501378978,2,1,1,2,57,9,3,0,0,0,0,0,9,5,E01020123,3,1,0.0,1.0,-1,6,30,1,4,1,22:10,7,2,9
202360A087840,2023,60A087840,1,1,1,2,25,5,2,0,0,0,0,0,9,-1,-1,-1,0,1.0,0.0,-1,6,60,1,1,1,16:25,5,1,9
2023041387312,2023,041387312,1,1,3,1,12,3,3,5,2,0,0,0,0,1,E01012673,3,1,0.0,1.0,-1,6,30,1,1,2,10:08,3,2,9
2023010429834,2023,010429834,1,1,1,1,20,4,3,0,0,0,0,0,3,1,E01004399,-1,0,0.0,1.0,-1,6,20,8,4,1,19:00,7,2,3
2023010438492,2023,010438492,1,1,1,1,34,6,3,0,0,0,0,0,3,3,E01002085,-1,0,0.0,1.0,-1,6,20,1,4,2,20:00,5,2,3
2023031345554,2023,031345554,2,1,1,2,21,5,3,0,0,0,0,0,9,2,E01019109,3,1,0.0,1.0,-1,6,30,1,1,1,12:35,6,2,9
2023421301843,2023,421301843,2,1,1,1,31,6,3,0,0,0,0,0,9,5,E01023862,3,1,0.0,1.0,-1,3,60,1,1,1,16:47,3,2,9
2023461358417,2023,461358417,2,1,1,1,13,3,3,0,0,0,0,0,1,7,E01024131,3,1,0.0,1.0,-1,6,60,1,1,1,18:04,3,2,1
2023541494723,2023,541494723,1,1,2,1,9,2,2,0,0,0,0,0,-1,6,E01032117,-1,0,1.0,0.0,-1,6,30,1,1,1,16:20,5,2,-1
2023141288631,2023,141288631,1,1,1,1,58,9,2,0,0,0,0,0,19,4,E01007344,6,1,1.0,0.0,-1,6,60,1,1,1,09:19,2,2,19
2023231263886,2023,231263886,1,1,1,1,22,5,3,0,0,0,0,0,11,2,E01008919,3,1,0.0,1.0,-1,3,70,1,4,2,21:38,3,2,11
2023010444000,2023,010444000,1,4,2,-1,-1,-1,3,0,0,2,0,0,9,2,E01004242,-1,0,0.0,1.0,-1,7,30,1,1,1,15:47,4,2,9
2023221306224,2023,221306224,1,2,1,2,45,7,3,0,0,0,0,0,9,9,E01032448,3,1,0.0,1.0,-1,6,40,1,1,1,15:32,5,2,9
2023430031482,2023,430031482,2,1,2,1,46,8,3,0,0,1,0,0,9,5,E01002234,-1,0,0.05096,0.94904,-1,6,30,1,4,2,17:05,7,2,9
2023547474823,2023,547474823,1,3,2,1,20,4,3,0,0,1,0,0,9,9,E01032107,-1,0,0.08433,0.91567,-1,6,60,1,1,2,19:30,1,1,9
2023552300399,2023,552300399,1,1,3,2,31,6,3,6,9,0,0,0,0,7,E01020422,-1,0,0.0627,0.9373,-1,3,30,1,1,1,14:58,2,1,1
2023440171589,2023,440171589,1,1,1,1,18,4,3,0,0,0,0,0,1,9,E01022522,-1,0,0.06904,0.93096,-1,6,30,1,1,1,12:10,7,2,1
2023070999465,2023,070999465,2,1,1,1,22,5,3,0,0,0,0,0,3,1,E01018445,-1,0,0.13158,0.86842,-1,3,30,1,1,2,16:55,5,2,3
2023070666818,2023,070666818,1,1,1,2,44,7,2,0,0,0,0,0,9,1,E01007794,-1,0,1.0,0.0,-1,3,70,2,1,2,06:55,1,1,9
2023131367458,2023,131367458,1,1,1,1,30,6,3,0,0,0,0,0,9,2,E01011223,3,1,0.0,1.0,-1,6,30,1,4,2,19:25,5,1,9
2023331306908,2023,331306908,2,1,1,1,44,7,3,0,0,0,0,0,9,3,E01010571,3,1,0.0,1.0,-1,3,40,1,4,1,22:07,6,2,9
2023411340597,2023,411340597,2,2,1,2,30,6,3,0,0,0,0,0,9,4,E01023805,3,1,0.0,1.0,-1,6,30,1,1,1,18:30,6,2,9
2023430099108,2023,430099108,1,2,2,2,21,5,3,0,0,2,0,0,9,10,E01028594,-1,0,0.05089,0.94911,-1,6,30,2,4,2,16:25,1,1,9
2023991294633,2023,991294633,2,2,1,2,57,9,2,0,0,0,0,0,9,5,-1,6,1,1.0,0.0,-1,6,60,1,1,1,14:50,6,2,9
2023041336255,2023,041336255,2,1,1,1,65,9,3,0,0,0,0,0,17,8,E01024861,3,1,0.0,1.0,-1,6,50,2,1,2,16:39,2,3,17
2023991345573,2023,991345573,1,2,1,2,64,9,3,0,0,0,0,0,19,3,-1,3,1,0.0,1.0,-1,6,30,1,1,1,13:08,5,1,19
2023010464543,2023,010464543,1,1,3,1,39,7,2,5,1,0,0,0,0,4,E01000378,-1,0,1.0,0.0,-1,6,20,1,1,1,10:05,5,1,9
2023401284760,2023,401284760,1,1,3,2,47,8,3,9,5,0,0,0,0,5,E01015763,3,1,0.0,1.0,-1,6,20,1,4,1,21:00,7,1,9
2023991346972,2023,991346972,1,1,3,1,12,3,3,5,4,0,0,0,0,3,-1,3,1,0.0,1.0,-1,6,30,1,1,1,14:44,4,1,9
2023061265036,2023,061265036,2,1,2,1,36,7,3,0,0,1,0,0,9,1,E01005108,3,1,0.0,1.0,-1,6,30,1,1,2,11:20,4,4,9
2023440084256,2023,440084256,3,3,1,1,44,7,3,0,0,0,0,0,9,10,E01022683,-1,0,0.0704,0.9296,-1,6,30,1,1,1,16:44,4,4,9
2023461275970,2023,461275970,2,2,1,1,45,7,3,0,0,0,0,0,9,6,E01024276,3,1,0.0,1.0,-1,6,40,1,1,1,08:30,2,2,9
2023461302784,2023,461302784,2,2,1,1,52,8,3,0,0,0,0,0,9,7,E01024732,3,1,0.0,1.0,-1,3,50,1,1,1,19:14,1,2,9
2023201277499,2023,201277499,1,1,2,2,19,4,3,0,0,1,0,0,9,2,E01009412,3,1,0.0,1.0,-1,3,30,1,4,1,22:15,6,1,9
2023010469931,2023,010469931,2,1,1,1,52,8,3,0,0,0,0,0,1,4,E01000401,-1,0,0.0,1.0,-1,6,30,1,1,1,07:45,4,2,1
2023430217870,2023,430217870,1,1,1,2,21,5,3,0,0,0,0,0,9,5,E01016460,-1,0,0.03134,0.96866,-1,6,30,1,1,1,15:34,5,2,9
2023522301632,2023,522301632,1,1,2,2,31,6,2,0,0,1,0,0,9,10,W01001586,-1,0,1.0,0.0,-1,7,70,1,1,1,22:01,7,2,9
2023101325755,2023,101325755,1,1,1,1,58,9,2,0,0,0,0,0,1,5,E01008293,7,1,1.0,0.0,-1,6,60,4,1,1,10:45,3,1,1
2023461353594,2023,461353594,2,2,1,1,28,6,3,0,0,0,0,0,1,4,E01004254,3,1,0.0,1.0,-1,6,60,1,1,1,13:39,1,2,1
2023461321251,2023,461321251,2,2,2,2,17,4,3,0,0,1,0,0,9,2,E01024685,3,1,0.0,1.0,-1,6,30,1,4,1,23:48,1,3,9
2023531349293,2023,531349293,1,2,1,1,37,7,3,0,0,0,0,0,9,8,E01011530,3,1,0.0,1.0,-1,6,30,1,4,1,21:30,3,2,9
2023131318671,2023,131318671,2,1,1,2,31,6,2,0,0,0,0,0,9,2,E01011163,6,1,1.0,0.0,-1,6,30,1,1,1,18:45,1,2,9
2023161323197,2023,161323197,1,1,1,2,48,8,3,0,0,0,0,0,9,4,E01012820,3,1,0.0,1.0,-1,1,30,1,1,1,15:10,4,2,9
2023430131126,2023,430131126,2,2,2,1,10,2,3,0,0,1,0,0,9,3,E01028552,-1,0,0.01771,0.98229,-1,3,70,2,1,2,15:39,6,3,9
2023520301780,2023,520301780,1,2,2,2,69,10,3,0,0,1,0,0,9,6,E01029125,-1,0,0.01372,0.98628,-1,6,30,1,1,1,14:16,3,2,9
2023010440535,2023,010440535,2,1,1,1,15,3,3,0,0,0,0,0,1,7,E01004639,-1,0,0.0,1.0,-1,3,20,1,1,1,15:15,2,2,1
2023010422113,2023,010422113,1,1,3,1,60,9,3,4,9,0,0,0,0,2,E01004392,-1,0,0.0,1.0,-1,9,30,9,1,9,18:15,4,1,9
2023131381558,2023,131381558,1,1,3,1,61,9,3,8,7,0,0,2,0,10,E01010906,3,1,0.0,1.0,-1,3,40,1,7,2,23:15,6,1,9
2023101378321,2023,101378321,2,1,1,2,58,9,2,0,0,0,0,0,1,4,E01008536,7,1,1.0,0.0,-1,6,30,1,4,1,18:10,3,2,1
2023010471724,2023,010471724,2,1,1,1,27,6,3,0,0,0,0,0,3,5,E01004137,-1,0,0.0,1.0,-1,6,30,2,1,2,08:43,6,2,3
2023501323375,2023,501323375,1,1,1,1,32,6,2,0,0,0,0,0,9,4,E01020134,7,1,1.0,0.0,-1,6,60,2,1,2,18:04,1,1,9
2023991271362,2023,991271362,1,1,3,1,10,2,2,4,3,0,0,0,0,-1,-1,7,1,1.0,0.0,-1,6,30,1,1,2,09:00,5,1,9
2023061317965,2023,061317965,2,1,1,1,32,6,3,0,0,0,0,0,1,8,E01006150,3,1,0.0,1.0,-1,6,30,1,5,1,00:50,2,2,1
2023320250566,2023,320250566,1,1,1,1,51,8,3,0,0,0,0,0,9,2,E01013610,-1,0,0.11906,0.88094,-1,6,60,1,1,1,08:15,4,1,9
2023010453468,2023,010453468,1,1,1,1,58,9,3,0,0,0,0,0,90,3,E01002772,-1,0,0.0,1.0,-1,9,20,1,1,1,15:20,4,2,90
2023302300969,2023,302300969,2,1,1,1,23,5,3,0,0,0,0,0,9,8,E01028118,-1,0,0.07618,0.92382,-1,6,60,8,1,1,08:25,2,2,9
2023311338290,2023,311338290,1,1,3,1,74,10,3,9,5,0,0,0,0,7,E01028005,3,1,0.0,1.0,-1,6,30,1,1,1,12:35,4,1,9
2023010453808,2023,010453808,1,1,1,1,33,6,3,0,0,0,0,0,5,4,E01002101,-1,0,0.0,1.0,-1,6,30,1,1,1,17:40,6,2,5
2023131275008,2023,131275008,1,3,2,1,27,6,3,0,0,1,0,0,9,2,E01011126,3,1,0.0,1.0,-1,6,30,1,4,1,19:00,6,2,9
2023631344895,2023,631344895,2,1,2,2,17,4,3,0,0,0,0,0,9,4,E01030383,3,1,0.0,1.0,-1,3,60,8,1,1,18:50,4,2,9
2023991312191,2023,991312191,2,1,2,2,31,6,3,0,0,2,0,0,9,6,-1,3,1,0.0,1.0,-1,6,30,8,1,1,18:15,4,2,9
2023461278177,2023,461278177,2,1,1,1,26,6,3,0,0,0,0,0,1,9,E01000765,3,1,0.0,1.0,-1,6,30,1,1,1,13:37,2,2,1
2023061261768,2023,061261768,2,1,1,1,35,6,3,0,0,0,0,0,4,3,E01005528,3,1,0.0,1.0,-1,6,30,2,4,2,16:30,5,2,4
2023010429945,2023,010429945,1,1,1,2,21,5,3,0,0,0,0,0,9,2,E01003305,-1,0,0.0,1.0,-1,6,20,1,4,1,00:27,5,3,9
2023010483598,2023,010483598,2,2,2,2,29,6,3,0,0,2,0,0,9,6,E01003398,-1,0,0.0,1.0,-1,6,30,1,4,2,17:00,3,2,9
2023061273765,2023,061273765,1,1,3,1,60,9,2,10,9,0,0,0,0,2,E01005238,7,1,1.0,0.0,-1,6,30,1,4,1,17:00,6,1,9
2023201424148,2023,201424148,1,1,3,1,58,9,3,1,1,0,0,2,0,10,E01010150,3,1,0.0,1.0,-1,3,30,1,4,1,18:30,7,1,9