collision_index,collision_year,collision_ref_no,vehicle_reference,casualty_reference,casualty_class,sex_of_casualty,age_of_casualty,age_band_of_casualty,casualty_severity,pedestrian_location,pedestrian_movement,car_passenger,bus_or_coach_passenger,pedestrian_road_maintenance_worker,casualty_type,casualty_imd_decile,lsoa_of_casualty,enhanced_casualty_severity,casualty_injury_based,casualty_adjusted_severity_serious,casualty_adjusted_severity_slight,casualty_distance_banding,road_type,speed_limit,weather_conditions,light_conditions,road_surface_conditions,time,day_of_week,number_of_vehicles,vehicle_type
2023010434092,2023,010434092,1,1,1,1,25,5,3,0,0,0,0,0,3,3,E01002647,-1,0,0.0,1.0,-1,1,30,1,1,1,17:00,4,2,3
2023010480470,2023,010480470,1,1,1,1,19,4,3,0,0,0,0,0,3,2,E01003121,-1,0,0.0,1.0,-1,9,20,2,4,2,19:20,2,2,3
2023141309787,2023,141309787,2,2,1,1,42,7,2,0,0,0,0,0,5,4,E01005217,6,1,1.0,0.0,-1,6,60,1,1,1,17:12,1,2,5
2023411396383,2023,411396383,1,1,3,1,4,1,3,5,2,0,0,0,0,9,E01023833,3,1,0.0,1.0,-1,6,20,1,1,1,08:37,3,1,9
2023544226123,2023,544226123,1,1,3,2,75,10,3,6,9,0,0,0,0,5,E01015519,-1,0,0.12915,0.87085,-1,6,30,1,1,1,15:30,5,1,9
2023622300177,2023,622300177,1,1,3,1,79,11,3,8,7,0,0,0,0,1,W01001251,-1,0,0.1741,0.8259,-1,6,30,5,4,2,18:30,6,1,9
2023461312863,2023,461312863,1,1,1,1,32,6,2,0,0,0,0,0,5,5,E01016156,6,1,1.0,0.0,-1,6,30,1,1,1,19:30,7,2,5
2023131302712,2023,131302712,1,1,3,1,23,5,2,10,1,0,0,2,0,6,E01010592,7,1,1.0,0.0,-1,6,30,1,4,1,21:00,1,1,9
2023440447917,2023,440447917,1,1,3,1,18,4,3,5,1,0,0,0,0,4,E01022621,-1,0,0.12471,0.87529,-1,6,30,2,1,2,08:10,5,1,9
2023010430111,2023,010430111,1,2,2,2,11,3,3,0,0,2,0,0,9,2,E01001320,-1,0,0.0,1.0,-1,6,30,1,4,1,18:25,5,1,9
2023061372320,2023,061372320,2,1,1,1,45,7,3,0,0,0,0,0,9,5,E01005677,3,1,0.0,1.0,-1,3,40,2,4,2,22:20,3,2,9
2023332301094,2023,332301094,1,3,2,2,19,4,2,0,0,2,0,0,9,1,E01013675,-1,0,1.0,0.0,-1,6,30,7,4,2,00:30,7,2,9
2023440059433,2023,440059433,2,2,2,1,19,4,3,0,0,1,0,0,9,10,E01022694,-1,0,0.02536,0.97464,-1,6,30,1,1,2,12:27,1,2,9
2023461307738,2023,461307738,2,1,1,1,39,7,3,0,0,0,0,0,9,1,E01024498,3,1,0.0,1.0,-1,1,40,1,1,1,15:05,3,2,9
2023201330075,2023,201330075,2,1,2,2,45,7,3,0,0,1,0,0,9,10,E01030489,3,1,0.0,1.0,-1,3,70,1,1,1,15:51,2,3,9
2023421322614,2023,421322614,2,1,1,2,24,5,2,0,0,0,0,0,9,3,E01015856,7,1,1.0,0.0,-1,6,30,1,1,1,09:10,6,2,9
2023430245885,2023,430245885,1,2,2,1,37,7,3,0,0,9,0,0,9,4,E01002519,-1,0,0.00758,0.99242,-1,6,60,1,1,1,17:55,1,2,9
2023131353368,2023,131353368,1,1,2,1,34,6,2,0,0,1,0,0,9,1,E01011484,7,1,1.0,0.0,-1,6,30,8,1,2,18:56,1,3,9
2023545604423,2023,545604423,1,1,1,1,65,9,1,0,0,0,0,0,9,6,E01031884,-1,0,0.0,0.0,-1,6,60,1,1,1,12:06,2,2,9
202360A146990,2023,60A146990,2,1,2,1,9,2,3,0,0,2,0,0,9,-1,-1,-1,0,0.04258,0.95742,-1,6,30,1,1,2,11:46,2,2,9
2023122300456,2023,122300456,2,1,1,2,49,8,3,0,0,0,0,0,9,9,E01013015,-1,0,0.04995,0.95005,-1,6,60,1,1,1,10:26,6,2,9
2023461318061,2023,461318061,2,3,2,2,37,7,3,0,0,-1,0,0,9,6,E01032824,3,1,0.0,1.0,-1,6,30,1,4,1,01:03,7,2,9
2023061290201,2023,061290201,2,1,2,2,26,6,3,0,0,2,0,0,9,4,E01006110,3,1,0.0,1.0,-1,3,30,1,1,1,16:10,5,3,9
2023131309312,2023,131309312,2,1,1,2,20,4,3,0,0,0,0,0,9,8,E01011931,3,1,0.0,1.0,-1,6,30,1,1,1,14:40,6,2,9
2023201279081,2023,201279081,1,1,1,1,48,8,3,0,0,0,0,0,9,1,E01009360,3,1,0.0,1.0,-1,6,30,2,7,2,18:07,5,2,9
2023440385375,2023,440385375,1,1,1,1,57,9,3,0,0,0,0,0,4,4,E01017290,-1,0,0.1475,0.8525,-1,6,30,2,1,2,09:42,5,1,4
2023302300415,2023,302300415,1,1,3,2,78,11,2,9,7,0,0,0,0,6,E01019816,-1,0,1.0,0.0,-1,6,30,8,1,4,08:10,7,1,9
2023041344383,2023,041344383,1,1,1,1,85,11,2,0,0,0,0,0,9,9,E01025439,6,1,1.0,0.0,-1,6,40,1,1,1,12:59,3,2,9
2023221388313,2023,221388313,1,1,1,2,47,8,2,0,0,0,0,0,9,8,E01014167,7,1,1.0,0.0,-1,3,70,2,4,5,17:28,3,1,9
2023302301823,2023,302301823,1,1,1,2,28,6,3,0,0,0,0,0,9,1,E01011133,-1,0,0.09649,0.90351,-1,6,60,8,6,4,22:00,3,1,9
2023440381659,2023,440381659,1,1,1,2,25,5,3,0,0,0,0,0,9,10,E01022985,-1,0,0.05471,0.94529,-1,6,40,1,1,1,17:40,2,2,9
2023461295241,2023,461295241,2,2,1,1,47,8,3,0,0,0,0,0,9,-1,-1,3,1,0.0,1.0,-1,1,70,1,1,1,13:45,3,4,9
2023531365804,2023,531365804,1,1,1,1,37,7,3,0,0,0,0,0,9,6,E01022267,3,1,0.0,1.0,-1,6,60,1,6,1,06:25,2,1,9
2023991349246,2023,991349246,1,1,2,2,43,7,2,0,0,1,0,0,9,2,-1,5,1,1.0,0.0,-1,6,30,1,1,1,15:21,2,2,9
2023991349177,2023,991349177,1,1,1,1,51,8,2,0,0,0,0,0,5,3,-1,7,1,1.0,0.0,-1,6,60,1,1,1,12:48,3,1,5
2023221327883,2023,221327883,1,1,2,1,36,7,3,0,0,1,0,0,9,-1,-1,3,1,0.0,1.0,-1,6,30,1,1,1,20:09,1,2,9
2023302300395,2023,302300395,1,1,1,1,29,6,3,0,0,0,0,0,9,4,E01019773,-1,0,0.11931,0.88069,-1,6,40,1,4,1,00:05,1,1,9
2023622300728,2023,622300728,2,3,2,2,59,9,2,0,0,1,0,0,8,6,W01000918,-1,0,1.0,0.0,-1,3,50,1,1,1,15:08,1,2,8
2023421349250,2023,421349250,1,1,3,1,13,3,2,5,1,0,0,0,0,8,E01022091,7,1,1.0,0.0,-1,6,30,1,1,1,15:47,3,1,9
2023991292795,2023,991292795,1,3,3,2,24,5,2,6,9,0,0,2,0,-1,-1,5,1,1.0,0.0,-1,6,60,1,1,1,10:45,7,1,19
2023320501923,2023,320501923,2,1,1,2,52,8,3,0,0,0,0,0,1,5,E01026162,-1,0,0.11627,0.88373,-1,1,70,2,1,2,12:45,1,2,1
2023311309269,2023,311309269,1,1,3,1,51,8,3,6,9,0,0,0,0,-1,-1,3,1,0.0,1.0,-1,6,30,1,1,1,16:23,3,1,9
2023010476429,2023,010476429,2,1,1,2,20,4,3,0,0,0,0,0,1,4,E01004531,-1,0,0.0,1.0,-1,1,20,1,1,1,09:45,3,2,1
2023471324817,2023,471324817,2,1,1,1,19,4,2,0,0,0,0,0,3,6,E01031661,5,1,1.0,0.0,-1,6,50,1,1,1,17:00,7,2,3
2023231298189,2023,231298189,2,2,1,1,54,8,3,0,0,0,0,0,19,4,E01031096,3,1,0.0,1.0,-1,6,30,1,1,1,14:57,6,2,19
2023201400500,2023,201400500,1,1,3,1,27,6,3,9,8,0,0,2,0,9,E01032429,3,1,0.0,1.0,-1,6,30,1,1,1,19:20,5,1,19
2023552301088,2023,552301088,2,1,1,1,63,9,3,0,0,0,0,0,1,7,E01015428,-1,0,0.14884,0.85116,-1,6,30,1,1,1,07:35,5,2,1
2023010449024,2023,010449024,1,1,3,1,11,3,3,9,8,0,0,0,0,4,E01001165,-1,0,0.0,1.0,-1,6,30,1,1,1,15:38,4,1,11
2023411286093,2023,411286093,1,1,3,2,11,3,2,1,9,0,0,0,0,5,E01023862,7,1,1.0,0.0,-1,6,30,1,1,1,13:37,2,1,9
2023522300423,2023,522300423,1,1,3,2,10,2,3,5,1,0,0,0,0,3,E01014498,-1,0,0.03593,0.96407,-1,6,20,9,1,1,16:30,3,1,9
2023411330977,2023,411330977,2,1,1,2,29,6,3,0,0,0,0,0,1,8,E01021795,3,1,0.0,1.0,-1,6,30,1,1,1,19:40,2,2,1
2023371314388,2023,371314388,2,2,1,1,54,8,2,0,0,0,0,0,5,5,E01030151,5,1,1.0,0.0,-1,6,40,1,1,1,16:04,6,3,5
2023201279342,2023,201279342,2,1,1,2,39,7,3,0,0,0,0,0,9,1,E01010450,3,1,0.0,1.0,-1,6,30,8,4,4,19:25,4,2,9
2023052301917,2023,052301917,2,1,2,1,81,11,2,0,0,0,3,0,11,9,E01024964,-1,0,1.0,0.0,-1,6,30,1,1,1,11:55,2,2,11
2023041371715,2023,041371715,1,1,2,2,19,4,3,0,0,1,0,0,9,7,E01005041,3,1,0.0,1.0,-1,3,70,1,1,2,08:00,3,4,9
2023052302949,2023,052302949,2,2,2,1,10,2,3,0,0,1,0,0,9,-1,-1,-1,0,0.01072,0.98928,-1,6,30,2,1,2,16:00,5,2,9
2023221338954,2023,221338954,2,1,1,2,57,9,3,0,0,0,0,0,9,5,E01028955,3,1,0.0,1.0,-1,1,30,1,1,1,09:15,4,2,9
2023421375810,2023,421375810,2,1,1,2,63,9,3,0,0,0,0,0,9,10,E01021611,3,1,0.0,1.0,-1,6,60,1,1,1,11:00,6,3,9
2023461375231,2023,461375231,2,1,1,2,30,6,3,0,0,0,0,0,9,6,E01024704,3,1,0.0,1.0,-1,3,70,1,1,2,15:40,3,2,9
2023622300108,2023,622300108,1,1,1,2,39,7,3,0,0,0,0,0,9,8,W01000796,-1,0,0.02619,0.97381,-1,3,30,1,1,1,09:25,6,2,9
2023991391975,2023,991391975,4,6,2,1,66,10,3,0,0,2,0,0,9,5,-1,3,1,0.0,1.0,-1,3,70,1,6,2,21:10,7,4,9
2023010428602,2023,010428602,1,1,1,1,-1,-1,3,0,0,0,0,0,9,3,E01000641,-1,0,0.0,1.0,-1,6,30,1,4,1,18:40,1,2,9
2023371303746,2023,371303746,1,1,1,1,28,6,3,0,0,0,0,0,9,7,E01021381,3,1,0.0,1.0,-1,6,60,1,1,1,19:20,4,2,9
2023421356248,2023,421356248,1,4,2,1,20,4,3,0,0,1,0,0,9,6,E01021597,3,1,0.0,1.0,-1,3,70,1,1,1,22:55,2,1,9
2023461295241,2023,461295241,4,4,1,1,49,8,3,0,0,0,0,0,9,6,E01016125,3,1,0.0,1.0,-1,1,70,1,1,1,13:45,3,4,9
2023041352899,2023,041352899,1,1,1,1,71,10,3,0,0,0,0,0,9,-1,-1,3,1,0.0,1.0,-1,6,60,1,1,1,13:45,6,2,9
2023311307114,2023,311307114,2,2,1,1,55,8,3,0,0,0,0,0,9,9,E01028010,3,1,0.0,1.0,-1,6,30,1,1,1,11:57,1,2,9
2023451325514,2023,451325514,2,1,1,1,37,7,3,0,0,0,0,0,9,8,E01030829,3,1,0.0,1.0,-1,1,40,1,1,2,16:10,2,2,9
2023991290171,2023,991290171,2,1,1,2,19,4,3,0,0,0,0,0,9,-1,-1,3,1,0.0,1.0,-1,6,30,2,1,2,16:10,5,2,9
2023010452937,2023,010452937,2,1,1,1,92,11,3,0,0,0,0,0,9,8,E01000200,-1,0,0.0,1.0,-1,6,30,1,1,1,11:31,2,3,9
2023211330467,2023,211330467,1,1,1,2,47,8,3,0,0,0,0,0,9,7,E01031041,3,1,0.0,1.0,-1,3,70,1,1,1,13:00,2,2,9
2023991338543,2023,991338543,1,2,2,2,55,8,3,0,0,1,0,0,9,-1,-1,3,1,0.0,1.0,-1,6,60,1,1,2,13:58,7,2,9
2023052300569,2023,052300569,2,1,1,2,68,10,2,0,0,0,0,0,9,5,E01006265,-1,0,1.0,0.0,-1,6,40,3,1,2,12:50,5,2,9
2023041373207,2023,041373207,3,1,1,2,53,8,3,0,0,0,0,0,9,2,E01025051,3,1,0.0,1.0,-1,3,70,2,6,2,17:30,6,3,9
2023451353366,2023,451353366,1,4,2,1,29,6,3,0,0,2,0,0,9,9,E01002983,3,1,0.0,1.0,-1,6,30,1,4,1,23:42,7,2,9
202360A145220,2023,60A145220,2,4,1,1,22,5,3,0,0,0,0,0,9,-1,-1,-1,0,0.11987,0.88013,-1,6,60,1,1,1,18:15,6,2,9
2023010426283,2023,010426283,1,1,2,1,21,5,3,0,0,2,0,0,9,1,E01000602,-1,0,0.0,1.0,-1,2,30,1,4,1,23:58,1,1,9
2023010482500,2023,010482500,1,1,1,1,50,8,3,0,0,0,0,0,9,9,E01003821,-1,0,0.0,1.0,-1,6,20,1,4,1,23:52,4,2,9
2023520300557,2023,520300557,1,1,1,1,42,7,3,0,0,0,0,0,9,3,E01029233,-1,0,0.03214,0.96786,-1,6,20,9,7,1,19:58,4,2,9
2023161280538,2023,161280538,2,2,1,1,66,10,2,0,0,0,0,0,9,6,E01013250,5,1,1.0,0.0,-1,6,60,1,1,1,15:02,5,2,9
2023320308026,2023,320308026,1,2,1,1,31,6,3,0,0,0,0,0,9,5,E01026367,-1,0,0.14128,0.85872,-1,6,60,8,6,1,00:20,1,1,9
2023501305097,2023,501305097,1,1,1,1,21,5,3,0,0,0,0,0,9,5,E01018756,3,1,0.0,1.0,-1,6,60,1,6,2,23:59,2,1,9
2023522400483,2023,522400483,1,2,2,2,26,6,3,0,0,1,0,0,9,1,E01014597,-1,0,0.02838,0.97162,-1,6,30,1,1,1,17:18,5,2,9
2023101267568,2023,101267568,2,1,1,2,35,6,3,0,0,0,0,0,9,5,E01008879,3,1,0.0,1.0,-1,7,70,1,7,1,07:55,2,2,9
2023061344311,2023,061344311,1,1,3,1,18,4,3,1,9,0,0,2,0,2,E01006307,3,1,0.0,1.0,-1,6,30,9,4,1,21:50,3,1,9
2023161311811,2023,161311811,1,1,3,2,11,3,3,5,3,0,0,0,0,1,E01012876,3,1,0.0,1.0,-1,6,30,1,1,1,16:44,3,1,9
2023010450431,2023,010450431,2,2,1,1,42,7,3,0,0,0,0,0,19,6,E01024420,-1,0,0.0,1.0,-1,6,20,1,1,1,07:15,4,2,19
2023010435234,2023,010435234,1,1,3,1,11,3,3,4,4,0,0,0,0,1,E01033598,-1,0,0.0,1.0,-1,6,20,1,1,2,15:26,6,1,3
2023061341273,2023,061341273,2,1,1,1,19,4,2,0,0,0,0,0,1,1,E01005703,7,1,1.0,0.0,-1,6,30,1,4,1,22:04,1,2,1
2023430133536,2023,430133536,3,2,1,2,76,11,3,0,0,0,0,0,1,7,E01028620,-1,0,0.15449,0.84551,-1,6,30,2,1,2,10:20,1,3,1
2023451372120,2023,451372120,1,1,1,1,58,9,3,0,0,0,0,0,5,10,E01030623,3,1,0.0,1.0,-1,6,30,1,1,1,08:45,3,2,5
2023052302351,2023,052302351,1,1,3,1,44,7,2,5,9,0,0,0,0,7,E01025489,-1,0,1.0,0.0,-1,6,30,1,1,1,14:00,6,1,9
2023031324233,2023,031324233,1,1,1,1,39,7,2,0,0,0,0,0,97,7,E01019214,7,1,1.0,0.0,-1,6,30,1,1,1,19:55,5,1,97
2023061271010,2023,061271010,1,1,3,1,11,3,3,1,3,0,0,0,0,-1,-1,3,1,0.0,1.0,-1,6,30,9,1,-1,15:25,6,1,-1
2023221354391,2023,221354391,1,1,1,2,81,11,2,0,0,0,0,0,9,9,E01014094,5,1,1.0,0.0,-1,6,30,1,1,1,14:30,3,2,9
2023041264381,2023,041264381,1,2,2,2,67,10,3,0,0,0,4,0,11,5,E01012664,3,1,0.0,1.0,-1,6,30,3,1,2,08:25,3,1,11
2023061335830,2023,061335830,1,1,1,1,32,6,3,0,0,0,0,0,9,9,E01018585,3,1,0.0,1.0,-1,3,30,2,1,2,06:12,2,1,9
2023010455092,2023,010455092,1,1,3,2,26,6,3,5,1,0,0,0,0,3,E01004022,-1,0,0.0,1.0,-1,6,20,1,1,1,13:00,6,1,9
2023061289632,2023,061289632,1,1,1,1,20,4,2,0,0,0,0,0,1,3,E01005278,7,1,1.0,0.0,-1,6,30,4,1,2,17:38,4,2,1
2023122300906,2023,122300906,1,1,1,1,39,7,2,0,0,0,0,0,9,1,E01027907,-1,0,1.0,0.0,-1,6,60,1,1,1,08:28,2,1,9
2023201315962,2023,201315962,2,1,1,1,39,7,3,0,0,0,0,0,9,1,E01010238,3,1,0.0,1.0,-1,3,30,1,1,1,16:06,5,2,9
2023302300386,2023,302300386,2,1,2,2,33,6,3,0,0,1,0,0,9,5,E01019827,-1,0,0.0063,0.9937,-1,6,30,1,1,1,11:40,1,2,9
2023461330981,2023,461330981,2,1,1,2,19,4,3,0,0,0,0,0,9,6,E01024432,3,1,0.0,1.0,-1,6,40,1,1,1,15:34,6,2,9
2023461377635,2023,461377635,1,2,2,1,80,11,2,0,0,1,0,0,9,-1,-1,5,1,1.0,0.0,-1,6,60,1,6,2,16:45,3,2,9
2023520301440,2023,520301440,2,3,2,2,28,6,3,0,0,1,0,0,9,8,E01015407,-1,0,0.02741,0.97259,-1,6,30,1,1,1,16:25,2,2,9
2023131347372,2023,131347372,2,1,1,1,21,5,2,0,0,0,0,0,1,4,E01011238,7,1,1.0,0.0,-1,6,40,1,1,1,15:30,4,2,1
2023221277012,2023,221277012,1,1,1,1,17,4,2,0,0,0,0,0,3,7,E01014075,7,1,1.0,0.0,-1,6,30,1,1,1,12:30,2,2,3
2023351338915,2023,351338915,1,1,1,1,24,5,3,0,0,0,0,0,3,3,E01018073,3,1,0.0,1.0,-1,6,30,1,1,4,07:36,4,1,3
2023010439850,2023,010439850,2,3,2,1,18,4,3,0,0,1,0,0,9,8,E01004171,-1,0,0.0,1.0,-1,6,30,2,1,2,16:15,5,2,9
2023101295000,2023,101295000,1,1,1,2,75,10,3,0,0,0,0,0,9,6,E01027483,3,1,0.0,1.0,-1,3,70,1,1,1,12:05,1,2,9
2023421377319,2023,421377319,1,1,1,2,23,5,3,0,0,0,0,0,9,5,E01021954,3,1,0.0,1.0,-1,3,50,1,4,1,17:05,3,2,9
2023010421114,2023,010421114,1,1,1,1,35,6,3,0,0,0,0,0,97,2,E01002051,-1,0,0.0,1.0,-1,6,30,8,1,1,16:00,5,2,97
2023101354513,2023,101354513,1,1,1,1,95,11,3,0,0,0,0,0,9,7,E01027473,3,1,0.0,1.0,-1,6,20,8,1,2,09:46,4,1,9
2023351395747,2023,351395747,2,1,1,2,58,9,3,0,0,0,0,0,9,9,E01016201,3,1,0.0,1.0,-1,6,50,1,1,1,15:05,6,2,9
2023201403480,2023,201403480,1,1,3,1,-1,-1,3,5,1,0,0,2,0,-1,-1,3,1,0.0,1.0,-1,3,30,1,1,1,08:45,4,1,19
2023421309503,2023,421309503,2,1,1,1,48,8,3,0,0,0,0,0,1,4,E01021260,3,1,0.0,1.0,-1,6,30,1,1,1,07:50,7,2,1
2023010466288,2023,010466288,1,1,3,1,81,11,2,5,9,0,0,0,0,-1,-1,-1,0,1.0,0.0,-1,6,20,1,1,1,17:23,6,1,19
2023061292882,2023,061292882,1,1,1,1,36,7,3,0,0,0,0,0,9,6,E01005693,3,1,0.0,1.0,-1,6,30,1,1,1,08:45,7,2,9
2023201408345,2023,201408345,4,5,1,1,27,6,2,0,0,0,0,0,9,2,E01009391,7,1,1.0,0.0,-1,6,30,1,4,1,22:45,1,7,9
2023401374934,2023,401374934,2,1,1,1,31,6,3,0,0,0,0,0,9,-1,-1,3,1,0.0,1.0,-1,3,70,1,4,1,05:44,1,2,9
2023451353221,2023,451353221,3,2,2,2,24,5,3,0,0,1,0,0,9,7,E01015719,3,1,0.0,1.0,-1,6,30,1,1,1,13:10,7,3,9
2023471392806,2023,471392806,2,1,1,1,20,4,3,0,0,0,0,0,9,8,E01031780,3,1,0.0,1.0,-1,1,30,1,4,1,20:20,7,2,9
202360A091768,2023,60A091768,1,1,1,1,33,6,3,0,0,0,0,0,9,-1,-1,-1,0,0.15196,0.84804,-1,6,60,1,1,1,14:18,4,1,9
2023010472239,2023,010472239,1,1,1,1,37,7,3,0,0,0,0,0,19,6,E01031085,-1,0,0.0,1.0,-1,6,30,2,4,2,02:00,5,2,19
2023010453818,2023,010453818,1,2,2,1,12,3,3,0,0,2,0,0,9,6,E01023723,-1,0,0.0,1.0,-1,3,70,1,1,1,17:51,6,6,9
2023440482696,2023,440482696,1,1,2,2,6,2,3,0,0,1,0,0,9,10,E01022898,-1,0,0.03706,0.96294,-1,6,20,1,1,1,13:41,7,2,9
2023052302368,2023,052302368,2,2,1,2,57,9,3,0,0,0,0,0,9,1,E01006552,-1,0,0.06297,0.93703,-1,6,30,1,1,2,16:48,5,2,9
2023201393125,2023,201393125,2,1,1,1,19,4,3,0,0,0,0,0,9,-1,-1,3,1,0.0,1.0,-1,6,30,1,4,1,23:30,4,2,9
2023332300888,2023,332300888,1,1,1,1,36,7,3,0,0,0,0,0,19,8,E01025743,-1,0,0.02873,0.97127,-1,6,50,1,1,2,10:16,1,1,19
2023101284959,2023,101284959,2,1,1,2,39,7,3,0,0,0,0,0,9,-1,-1,3,1,0.0,1.0,-1,6,30,1,1,1,15:15,3,2,9
2023101322484,2023,101322484,1,1,1,1,18,4,3,0,0,0,0,0,9,8,E01027356,3,1,0.0,1.0,-1,6,60,1,1,1,09:35,1,2,9
2023141337653,2023,141337653,1,3,2,2,8,2,3,0,0,2,0,0,9,-1,-1,3,1,0.0,1.0,-1,1,30,1,1,1,15:30,3,2,9
2023421325880,2023,421325880,1,1,1,2,80,11,3,0,0,0,0,0,9,6,E01021308,3,1,0.0,1.0,-1,6,30,1,1,1,13:43,7,2,9
2023622300512,2023,622300512,1,1,1,2,22,5,3,0,0,0,0,0,9,3,W01001317,-1,0,0.04103,0.95897,-1,6,30,1,1,1,13:09,6,2,9
2023991278100,2023,991278100,1,1,1,1,45,7,2,0,0,0,0,0,9,9,-1,7,1,1.0,0.0,-1,6,60,1,1,2,13:20,1,2,9
2023991373474,2023,991373474,1,1,1,1,17,4,3,0,0,0,0,0,9,9,-1,3,1,0.0,1.0,-1,3,70,1,6,1,05:48,7,1,9
2023010448006,2023,010448006,1,1,1,1,25,5,3,0,0,0,0,0,1,3,E01004270,-1,0,0.0,1.0,-1,9,20,1,1,1,16:30,6,2,1
2023221342946,2023,221342946,1,1,1,1,47,8,2,0,0,0,0,0,5,3,E01014194,6,1,1.0,0.0,-1,6,60,1,1,1,16:35,4,2,5
2023991340076,2023,991340076,1,2,3,2,50,8,2,6,9,0,0,2,0,2,-1,7,1,1.0,0.0,-1,6,20,1,1,1,14:00,4,1,9
2023201323489,2023,201323489,1,1,1,2,76,11,3,0,0,0,0,0,9,4,E01029666,3,1,0.0,1.0,-1,6,30,1,1,-1,13:49,2,2,9
2023340WN0322,2023,340WN0322,2,1,1,1,43,7,3,0,0,0,0,0,21,-1,-1,-1,0,0.0219,0.9781,-1,6,50,1,1,1,13:45,6,2,21
2023351360214,2023,351360214,2,1,1,2,20,4,3,0,0,0,0,0,90,8,E01027094,3,1,0.0,1.0,-1,6,30,1,1,1,09:50,4,2,90
2023141373202,2023,141373202,1,1,1,1,48,8,3,0,0,0,0,0,9,1,E01007463,3,1,0.0,1.0,-1,6,40,1,4,1,22:08,6,2,9
2023430312627,2023,430312627,1,2,2,1,9,2,3,0,0,1,0,0,9,8,E01017855,-1,0,0.03568,0.96432,-1,6,30,2,1,2,16:39,6,2,9
2023471288720,2023,471288720,1,1,1,1,52,8,3,0,0,0,0,0,9,5,E01031594,3,1,0.0,1.0,-1,1,30,2,1,2,15:26,2,1,9
2023010479888,2023,010479888,1,8,2,2,38,7,3,0,0,0,4,0,11,2,E01001487,-1,0,0.0,1.0,-1,6,20,1,1,1,08:30,6,1,11
2023552301253,2023,552301253,2,1,1,1,59,9,2,0,0,0,0,0,1,6,E01015355,-1,0,1.0,0.0,-1,6,30,1,1,1,09:33,3,2,1
2023010453899,2023,010453899,2,1,1,1,27,6,3,0,0,0,0,0,9,2,E01004315,-1,0,0.0,1.0,-1,6,20,1,4,1,00:20,7,2,9
2023201394150,2023,201394150,1,3,2,2,72,10,1,0,0,2,0,0,9,-1,-1,1,1,0.0,0.0,-1,3,30,1,4,1,20:05,3,2,9
2023440498869,2023,440498869,1,1,1,1,22,5,2,0,0,0,0,0,9,6,E01022486,-1,0,1.0,0.0,-1,6,60,1,6,1,20:42,4,2,9
2023221301719,2023,221301719,1,1,1,1,45,7,3,0,0,0,0,0,19,5,E01014051,3,1,0.0,1.0,-1,6,30,1,4,1,20:50,4,2,19
2023010432272,2023,010432272,1,1,1,1,39,7,3,0,0,0,0,0,1,7,E01001405,-1,0,0.0,1.0,-1,6,30,1,4,1,20:10,3,2,1
2023201422090,2023,201422090,3,1,1,1,54,8,3,0,0,0,0,0,21,9,E01027212,3,1,0.0,1.0,-1,1,30,1,1,2,12:56,4,3,21
2023010429461,2023,010429461,1,1,1,1,29,6,3,0,0,0,0,0,3,5,E01003664,-1,0,0.0,1.0,-1,6,20,1,1,1,13:20,7,2,3
2023302300580,2023,302300580,1,2,2,1,29,6,1,0,0,1,0,0,9,8,E01013712,-1,0,0.0,0.0,-1,3,70,5,1,1,10:30,1,1,9
2023430318065,2023,430318065,1,1,1,1,29,6,3,0,0,0,0,0,2,3,E01033421,-1,0,0.05849,0.94151,-1,6,30,1,1,1,19:00,2,2,2
2023111369714,2023,111369714,2,1,1,1,50,8,3,0,0,0,0,0,9,6,E01020697,3,1,0.0,1.0,-1,3,70,7,6,2,06:30,6,2,9
2023131266044,2023,131266044,1,1,1,2,27,6,3,0,0,0,0,0,9,8,E01011826,3,1,0.0,1.0,-1,3,70,1,4,1,17:25,5,2,9
2023231357316,2023,231357316,2,1,1,1,36,7,3,0,0,0,0,0,9,6,E01031249,3,1,0.0,1.0,-1,6,50,1,1,1,13:56,2,2,9
2023451301884,2023,451301884,1,1,3,2,17,4,3,5,3,0,0,0,0,4,E01030745,3,1,0.0,1.0,-1,6,30,2,1,2,16:40,2,1,9
2023471286366,2023,471286366,1,1,3,2,73,10,2,9,8,0,0,0,0,7,E01021220,5,1,1.0,0.0,-1,6,30,1,1,1,09:45,7,1,9
2023052300037,2023,052300037,2,1,1,1,33,6,3,0,0,0,0,0,1,1,E01006909,-1,0,0.12959,0.87041,-1,3,30,1,4,2,07:40,4,2,1
2023161266648,2023,161266648,2,1,1,1,59,9,3,0,0,0,0,0,1,4,E01012797,3,1,0.0,1.0,-1,6,30,1,4,2,06:00,2,2,1
2023010459950,2023,010459950,1,1,1,1,36,7,3,0,0,0,0,0,5,7,E01024173,-1,0,0.0,1.0,-1,3,20,1,1,1,15:50,5,2,5
2023010463439,2023,010463439,2,2,2,1,24,5,3,0,0,1,0,0,9,-1,-1,-1,0,0.0,1.0,-1,3,20,1,4,1,20:37,5,4,9
2023070076595,2023,070076595,2,1,1,1,37,7,3,0,0,0,0,0,9,4,E01018402,-1,0,0.01426,0.98574,-1,3,60,1,4,1,17:26,5,2,9
2023471381385,2023,471381385,2,1,2,2,70,10,2,0,0,1,0,0,9,4,E01031443,6,1,1.0,0.0,-1,6,30,1,1,1,11:35,6,3,9