collision_index,collision_year,collision_ref_no,vehicle_reference,casualty_reference,casualty_class,sex_of_casualty,age_of_casualty,age_band_of_casualty,casualty_severity,pedestrian_location,pedestrian_movement,car_passenger,bus_or_coach_passenger,pedestrian_road_maintenance_worker,casualty_type,casualty_imd_decile,lsoa_of_casualty,enhanced_casualty_severity,casualty_injury_based,casualty_adjusted_severity_serious,casualty_adjusted_severity_slight,casualty_distance_banding,road_type,speed_limit,weather_conditions,light_conditions,road_surface_conditions,time,day_of_week,number_of_vehicles,vehicle_type
2023531276102,2023,531276102,1,1,2,1,28,6,2,0,0,2,0,0,9,4,E01022243,7,1,1.0,0.0,-1,6,50,1,1,2,09:20,3,3,9
2023991324806,2023,991324806,2,2,2,1,14,3,3,0,0,1,0,0,9,4,-1,3,1,0.0,1.0,-1,6,20,1,1,1,16:10,7,2,9
2023471386805,2023,471386805,1,1,2,1,78,11,2,0,0,0,3,0,11,5,E01020967,7,1,1.0,0.0,-1,6,30,2,7,2,07:29,7,1,11
2023471277334,2023,471277334,1,1,1,1,67,10,3,0,0,0,0,0,90,6,E01015937,3,1,0.0,1.0,-1,6,60,1,6,2,01:08,6,2,90
2023622300287,2023,622300287,1,1,3,2,65,9,3,5,4,0,0,0,0,9,W01001072,-1,0,0.12908,0.87092,-1,6,30,1,1,1,11:50,5,1,9
2023461337907,2023,461337907,2,1,1,1,55,8,3,0,0,0,0,0,1,8,E01024261,3,1,0.0,1.0,-1,6,50,9,1,1,10:22,1,2,1
2023440169942,2023,440169942,1,2,2,1,20,4,3,0,0,1,0,0,9,3,E01017127,-1,0,0.09346,0.90654,-1,6,30,1,4,1,03:48,2,3,9
2023522300780,2023,522300780,1,1,1,1,44,7,3,0,0,0,0,0,9,1,E01014580,-1,0,0.02579,0.97421,-1,6,40,2,1,2,15:50,1,2,9
2023201376372,2023,201376372,1,2,2,2,-1,-1,2,0,0,0,4,0,11,9,E01009416,7,1,1.0,0.0,-1,6,30,1,1,1,14:10,6,1,11
2023010479866,2023,010479866,1,1,3,2,68,10,3,6,9,0,0,0,0,9,E01025901,-1,0,0.0,1.0,-1,6,30,2,6,9,22:15,5,1,8
2023052300714,2023,052300714,2,1,1,1,30,6,3,0,0,0,0,0,1,5,E01006553,-1,0,0.03169,0.96831,-1,3,30,1,1,1,17:15,2,2,1
2023430521023,2023,430521023,2,1,1,1,32,6,3,0,0,0,0,0,1,10,E01028475,-1,0,0.11571,0.88429,-1,6,30,1,4,1,19:23,1,2,1
2023170S21233,2023,170S21233,1,1,1,1,58,9,1,0,0,0,0,0,5,-1,-1,-1,0,0.0,0.0,-1,6,60,1,1,1,16:11,6,2,5
2023991368518,2023,991368518,2,1,1,1,29,6,3,0,0,0,0,0,5,1,-1,3,1,0.0,1.0,-1,3,40,1,1,1,09:45,2,2,5
2023401278267,2023,401278267,1,1,1,1,79,11,3,0,0,0,0,0,9,8,E01024920,3,1,0.0,1.0,-1,3,40,1,1,1,12:51,5,2,9
2023122301336,2023,122301336,1,1,2,1,72,10,3,0,0,1,0,0,9,9,E01027876,-1,0,0.05143,0.94857,-1,1,30,1,4,1,18:42,4,2,9
2023122400067,2023,122400067,1,1,1,2,71,10,2,0,0,0,0,0,9,6,E01027878,-1,0,1.0,0.0,-1,3,60,1,1,1,16:14,6,3,9
2023131392039,2023,131392039,3,6,2,2,34,6,3,0,0,1,0,0,9,3,E01011060,3,1,0.0,1.0,-1,3,30,2,4,2,17:35,1,3,9
2023201315804,2023,201315804,2,5,2,1,22,5,3,0,0,2,0,0,9,2,E01009348,3,1,0.0,1.0,-1,3,40,1,4,1,22:29,5,2,9
2023411325319,2023,411325319,2,2,2,1,9,2,3,0,0,1,0,0,9,5,E01023324,3,1,0.0,1.0,-1,6,30,1,1,1,08:24,3,1,9
2023461376938,2023,461376938,1,2,2,1,18,4,2,0,0,2,0,0,9,4,E01016074,5,1,1.0,0.0,-1,6,60,1,6,1,00:36,7,3,9
2023010420666,2023,010420666,2,1,1,1,65,9,3,0,0,0,0,0,1,3,E01003244,-1,0,0.0,1.0,-1,6,30,1,1,2,14:20,3,2,1
2023010479857,2023,010479857,1,2,2,-1,-1,-1,3,0,0,1,0,0,9,-1,-1,-1,0,0.0,1.0,-1,6,30,1,1,1,09:30,6,2,9
2023201296485,2023,201296485,2,1,1,1,41,7,3,0,0,0,0,0,9,2,E01009054,3,1,0.0,1.0,-1,3,40,5,4,2,20:50,3,3,9
2023320705664,2023,320705664,2,1,1,1,53,8,3,0,0,0,0,0,9,3,E01013192,-1,0,0.02334,0.97666,-1,6,60,2,4,2,16:44,3,2,9
2023351315846,2023,351315846,2,1,1,2,49,8,3,0,0,0,0,0,9,6,E01033179,3,1,0.0,1.0,-1,6,40,1,4,1,23:25,5,2,9
2023041290279,2023,041290279,1,1,1,1,28,6,3,0,0,0,0,0,1,4,E01012607,3,1,0.0,1.0,-1,7,30,2,1,2,13:40,3,2,1
2023122300789,2023,122300789,1,3,1,1,23,5,3,0,0,0,0,0,9,1,E01027874,-1,0,0.11357,0.88643,-1,6,40,1,1,1,11:05,1,1,9
2023122300793,2023,122300793,2,1,1,2,51,8,3,0,0,0,0,0,9,10,E01027683,-1,0,0.00301,0.99699,-1,6,30,1,1,1,16:45,6,2,9
2023122300972,2023,122300972,1,1,3,2,67,10,3,6,9,0,0,0,0,-1,-1,-1,0,0.15037,0.84963,-1,6,30,1,1,1,15:20,5,1,11
2023361375057,2023,361375057,1,1,3,2,27,6,3,4,1,0,0,-1,0,4,E01026445,3,1,0.0,1.0,-1,6,20,1,4,1,17:30,4,1,11
2023481356323,2023,481356323,1,1,3,1,45,7,3,1,3,0,0,0,0,-1,-1,3,1,0.0,1.0,-1,3,20,1,1,1,19:26,3,1,9
2023481387820,2023,481387820,2,1,1,-1,44,7,3,0,0,0,0,0,1,-1,-1,3,1,0.0,1.0,-1,3,20,1,1,1,08:36,3,2,1
2023061337640,2023,061337640,1,1,1,1,15,3,2,0,0,0,0,0,3,-1,-1,5,1,1.0,0.0,-1,6,30,1,1,1,15:35,4,1,3
2023010473668,2023,010473668,1,2,2,-1,-1,-1,3,0,0,1,0,0,9,2,E01001447,-1,0,0.0,1.0,-1,6,30,8,4,1,22:00,3,2,9
2023122400076,2023,122400076,1,1,1,1,21,5,3,0,0,0,0,0,9,6,E01027878,-1,0,0.08235,0.91765,-1,6,60,1,6,2,04:00,6,1,9
2023501362278,2023,501362278,1,2,2,1,24,5,3,0,0,1,0,0,9,6,E01020255,3,1,0.0,1.0,-1,6,30,2,6,2,22:45,5,1,9
2023622300487,2023,622300487,1,1,1,1,15,3,1,0,0,0,0,0,22,-1,-1,-1,0,0.0,0.0,-1,9,30,1,1,1,18:03,2,1,22
2023010466218,2023,010466218,1,1,3,1,90,11,1,8,3,0,0,0,0,7,E01001027,-1,0,0.0,0.0,-1,3,40,1,1,1,11:35,6,1,19
2023010479615,2023,010479615,1,1,3,2,19,4,3,6,9,0,0,0,0,4,E01000503,-1,0,0.0,1.0,-1,6,20,2,1,1,05:30,6,1,3
2023430543092,2023,430543092,1,1,1,2,70,10,2,0,0,0,0,0,1,5,E01028556,-1,0,1.0,0.0,-1,6,20,1,4,1,17:56,1,2,1
2023041347976,2023,041347976,1,3,2,1,31,6,3,0,0,1,0,0,9,2,E01025055,3,1,0.0,1.0,-1,3,30,1,1,1,09:44,7,2,9
2023440469918,2023,440469918,1,2,2,1,18,4,3,0,0,2,0,0,9,3,E01022738,-1,0,0.11284,0.88716,-1,6,30,8,6,2,02:31,6,1,9
2023522301247,2023,522301247,1,1,1,1,43,7,3,0,0,0,0,0,9,7,E01014950,-1,0,0.03273,0.96727,-1,3,30,2,1,2,08:39,4,2,9
202360A109484,2023,60A109484,1,1,3,1,2,1,3,5,1,0,0,0,0,-1,-1,-1,0,0.16929,0.83071,-1,6,30,1,1,1,09:47,4,1,9
2023991341658,2023,991341658,1,1,3,1,5,1,2,5,2,0,0,2,0,-1,-1,7,1,1.0,0.0,-1,6,30,1,1,1,18:25,2,1,9
2023991332172,2023,991332172,1,1,1,1,47,8,2,0,0,0,0,0,19,5,-1,5,1,1.0,0.0,-1,6,60,1,1,2,08:30,7,1,19
2023131292997,2023,131292997,1,1,1,1,34,6,3,0,0,0,0,0,1,3,E01011123,3,1,0.0,1.0,-1,6,30,1,5,1,19:42,1,2,1
2023546815623,2023,546815623,2,1,1,2,49,8,3,0,0,0,0,0,1,6,E01032074,-1,0,0.06003,0.93997,-1,6,30,1,1,1,12:55,5,2,1
2023010421385,2023,010421385,1,1,1,1,59,9,3,0,0,0,0,0,1,3,E01002841,-1,0,0.0,1.0,-1,3,30,2,1,2,09:30,2,2,1
2023421342897,2023,421342897,1,1,1,1,10,2,3,0,0,0,0,0,1,-1,-1,3,1,0.0,1.0,-1,6,30,1,1,1,17:28,5,3,1
2023010420863,2023,010420863,1,1,1,1,57,9,3,0,0,0,0,0,9,7,E01004505,-1,0,0.0,1.0,-1,3,50,2,4,2,19:37,4,2,9
2023311383066,2023,311383066,1,1,3,1,19,4,2,5,3,0,0,0,0,-1,-1,7,1,1.0,0.0,-1,6,30,2,1,2,12:00,4,1,9
2023471315070,2023,471315070,2,1,1,1,41,7,3,0,0,0,0,0,1,4,E01031608,3,1,0.0,1.0,-1,6,30,1,1,1,17:30,5,2,1
2023010444025,2023,010444025,1,1,1,1,47,8,2,0,0,0,0,0,8,6,E01004509,-1,0,1.0,0.0,-1,2,20,1,1,1,04:20,7,2,8
2023010432252,2023,010432252,3,1,1,1,37,7,3,0,0,0,0,0,9,1,E01001210,-1,0,0.0,1.0,-1,1,40,1,4,1,02:35,4,3,9
2023351298523,2023,351298523,1,1,1,2,39,7,3,0,0,0,0,0,9,4,E01018096,3,1,0.0,1.0,-1,6,30,1,1,1,08:40,6,2,9
2023461273371,2023,461273371,1,1,1,2,49,8,3,0,0,0,0,0,9,7,E01024274,3,1,0.0,1.0,-1,6,30,1,1,1,15:30,5,3,9
2023061284347,2023,061284347,2,1,1,1,24,5,3,0,0,0,0,0,1,1,E01006168,3,1,0.0,1.0,-1,6,30,1,4,1,20:05,5,2,1
2023311383383,2023,311383383,2,1,1,1,46,8,3,0,0,0,0,0,8,-1,-1,3,1,0.0,1.0,-1,3,30,4,4,2,17:15,4,2,8
2023231296691,2023,231296691,1,1,1,2,20,4,3,0,0,0,0,0,9,9,E01022185,3,1,0.0,1.0,-1,6,50,1,1,1,16:10,3,2,9
2023302300439,2023,302300439,2,1,1,1,18,4,2,0,0,0,0,0,9,1,E01013570,-1,0,1.0,0.0,-1,3,30,2,4,2,02:50,5,2,9
2023320771973,2023,320771973,1,2,1,1,27,6,3,0,0,0,0,0,9,3,E01026310,-1,0,0.03326,0.96674,-1,6,30,1,1,2,14:00,7,2,9
2023991333262,2023,991333262,1,1,3,1,94,11,2,8,3,0,0,2,0,6,-1,7,1,1.0,0.0,-1,6,20,1,1,1,14:24,3,1,19
2023411305727,2023,411305727,2,1,1,1,50,8,2,0,0,0,0,0,1,8,E01023383,7,1,1.0,0.0,-1,6,30,1,1,1,13:40,5,2,1
2023401329287,2023,401329287,1,3,2,2,48,8,3,0,0,-1,0,0,9,3,E01009589,3,1,0.0,1.0,-1,6,30,1,1,1,18:10,7,2,9
2023461339839,2023,461339839,2,2,1,1,57,9,3,0,0,0,0,0,9,2,E01024066,3,1,0.0,1.0,-1,6,30,1,1,1,13:48,4,4,9
2023501306879,2023,501306879,2,1,1,2,23,5,3,0,0,0,0,0,9,3,E01019062,3,1,0.0,1.0,-1,1,60,1,1,1,14:45,6,2,9
2023421282650,2023,421282650,1,1,3,2,48,8,2,6,9,0,0,0,0,6,E01021907,5,1,1.0,0.0,-1,9,30,1,1,1,13:57,6,1,9
2023332300187,2023,332300187,2,1,1,1,25,5,2,0,0,0,0,0,9,6,E01025756,-1,0,1.0,0.0,-1,6,30,1,1,2,16:15,2,2,9
2023440464544,2023,440464544,1,3,2,2,18,4,3,0,0,2,0,0,9,6,E01023104,-1,0,0.0093,0.9907,-1,6,30,1,4,1,17:25,2,2,9
2023061354113,2023,061354113,1,1,3,1,74,10,3,9,5,0,0,0,0,1,E01005945,3,1,0.0,1.0,-1,6,20,1,1,1,11:55,7,1,9
2023481380311,2023,481380311,1,1,3,2,23,5,3,6,9,0,0,0,0,-1,-1,3,1,0.0,1.0,-1,6,20,1,4,1,21:10,7,1,8
2023010441961,2023,010441961,1,1,3,2,87,11,3,6,9,0,0,0,0,8,E01001963,-1,0,0.0,1.0,-1,9,30,1,1,1,16:30,7,1,2
2023041388863,2023,041388863,1,1,3,2,60,9,3,6,9,0,0,0,0,1,E01025188,3,1,0.0,1.0,-1,6,30,1,1,1,14:48,7,1,9
2023471356167,2023,471356167,1,1,3,1,32,6,3,1,9,0,0,0,0,6,E01031484,3,1,0.0,1.0,-1,6,20,1,1,1,08:23,6,1,9
2023010452999,2023,010452999,1,1,1,1,63,9,3,0,0,0,0,0,8,1,E01004205,-1,0,0.0,1.0,-1,6,20,1,1,1,20:26,1,2,8
2023010466632,2023,010466632,1,1,1,2,48,8,3,0,0,0,0,0,9,2,E01002493,-1,0,0.0,1.0,-1,3,40,2,1,2,13:30,1,2,9
2023041401462,2023,041401462,2,1,1,2,22,5,3,0,0,0,0,0,9,8,E01025437,3,1,0.0,1.0,-1,6,30,2,1,2,09:50,7,2,9
2023991338421,2023,991338421,1,2,1,2,50,8,3,0,0,0,0,0,9,4,-1,3,1,0.0,1.0,-1,6,60,1,1,1,11:25,7,1,9
2023371309626,2023,371309626,1,1,1,2,22,5,3,0,0,0,0,0,9,8,E01030111,3,1,0.0,1.0,-1,6,40,1,6,1,00:40,1,2,9
2023991297542,2023,991297542,2,1,2,1,46,8,3,0,0,1,0,0,9,9,-1,3,1,0.0,1.0,-1,6,30,1,1,1,16:05,2,2,9
2023010445188,2023,010445188,1,1,1,1,44,7,3,0,0,0,0,0,3,5,E01004347,-1,0,0.0,1.0,-1,6,30,1,1,1,12:02,6,2,3
2023052301835,2023,052301835,1,2,2,1,22,5,3,0,0,2,0,0,9,10,E01007034,-1,0,0.15057,0.84943,-1,6,30,2,1,2,05:57,1,1,9
2023320063525,2023,320063525,1,2,1,1,27,6,3,0,0,0,0,0,9,6,E01028016,-1,0,0.05128,0.94872,-1,6,50,1,6,2,17:45,3,2,9
2023421380975,2023,421380975,1,1,1,2,28,6,3,0,0,0,0,0,9,10,E01016589,3,1,0.0,1.0,-1,3,70,1,6,1,19:07,6,4,9
2023101350437,2023,101350437,2,1,1,1,11,3,2,0,0,0,0,0,1,4,E01008568,7,1,1.0,0.0,-1,1,40,1,1,1,15:10,4,2,1
2023351374305,2023,351374305,2,1,1,1,27,6,3,0,0,0,0,0,1,9,E01017988,3,1,0.0,1.0,-1,6,30,1,4,1,17:40,7,2,1
2023010442568,2023,010442568,1,1,1,1,22,5,3,0,0,0,0,0,9,2,E01000856,-1,0,0.0,1.0,-1,6,20,2,1,2,12:50,6,2,9
2023622300284,2023,622300284,2,2,1,2,29,6,3,0,0,0,0,0,19,10,W01000782,-1,0,0.04898,0.95102,-1,6,60,1,1,1,08:17,5,2,19
2023010446149,2023,010446149,1,1,1,1,32,6,3,0,0,0,0,0,3,4,E01002233,-1,0,0.0,1.0,-1,9,20,1,4,1,22:50,1,2,3
2023101284946,2023,101284946,2,1,2,2,29,6,3,0,0,1,0,0,9,7,E01027473,3,1,0.0,1.0,-1,6,60,1,1,4,07:00,3,2,9
2023451265089,2023,451265089,1,2,2,2,10,2,3,0,0,2,0,0,9,-1,-1,3,1,0.0,1.0,-1,6,40,1,1,4,08:35,3,3,9
2023131363150,2023,131363150,1,1,3,1,16,4,2,8,1,0,0,2,0,6,E01011607,6,1,1.0,0.0,-1,3,30,1,4,1,20:05,1,1,9
2023010439906,2023,010439906,2,1,3,-1,38,7,3,10,9,0,0,0,0,-1,-1,-1,0,0.0,1.0,-1,9,30,2,1,2,15:45,5,2,9
2023141384377,2023,141384377,1,1,3,2,17,4,3,9,6,0,0,2,0,1,E01007564,3,1,0.0,1.0,-1,6,30,1,1,1,11:22,6,1,9
2023430528474,2023,430528474,1,1,3,2,71,10,2,5,4,0,0,0,0,10,E01016693,-1,0,1.0,0.0,-1,6,30,1,4,1,18:00,3,1,9
2023101260806,2023,101260806,2,1,1,1,40,7,3,0,0,0,0,0,1,10,E01027402,3,1,0.0,1.0,-1,1,40,1,4,1,17:22,6,2,1
2023010446475,2023,010446475,1,1,1,1,24,5,3,0,0,0,0,0,3,2,E01002054,-1,0,0.0,1.0,-1,6,20,1,1,1,17:15,3,2,3
2023631348154,2023,631348154,1,3,1,1,55,8,3,0,0,0,0,0,5,4,E01014024,3,1,0.0,1.0,-1,6,40,1,1,1,12:05,1,5,5
2023010479631,2023,010479631,1,1,1,1,22,5,3,0,0,0,0,0,9,3,E01001116,-1,0,0.0,1.0,-1,3,30,1,4,2,01:40,5,2,9
2023201385992,2023,201385992,2,2,2,2,18,4,3,0,0,-1,0,0,9,8,E01009814,3,1,0.0,1.0,-1,6,30,1,1,1,18:00,4,3,9
2023041357400,2023,041357400,2,1,1,1,74,10,3,0,0,0,0,0,1,1,E01012738,3,1,0.0,1.0,-1,6,30,1,1,2,09:20,5,2,1
2023010432004,2023,010432004,1,1,1,1,36,7,3,0,0,0,0,0,3,3,E01001505,-1,0,0.0,1.0,-1,6,20,1,1,1,13:45,2,2,3
2023010464538,2023,010464538,1,1,1,2,38,7,2,0,0,0,0,0,9,4,E01001450,-1,0,1.0,0.0,-1,6,20,8,1,1,08:07,4,2,9
2023131350680,2023,131350680,2,1,2,2,66,10,3,0,0,0,0,0,9,2,E01011281,3,1,0.0,1.0,-1,6,30,1,4,1,20:40,6,4,9
2023161381052,2023,161381052,2,1,1,2,24,5,2,0,0,0,0,0,9,6,E01012922,7,1,1.0,0.0,-1,6,50,3,4,2,17:34,5,2,9
2023461339444,2023,461339444,1,4,2,1,18,4,3,0,0,2,0,0,9,4,E01016115,3,1,0.0,1.0,-1,6,60,1,1,2,18:55,2,1,9
2023631319914,2023,631319914,1,1,1,1,22,5,2,0,0,0,0,0,9,8,W01000457,7,1,1.0,0.0,-1,6,60,1,1,1,07:14,1,1,9
2023010443394,2023,010443394,2,1,1,1,21,5,3,0,0,0,0,0,1,3,E01003073,-1,0,0.0,1.0,-1,2,30,1,4,1,23:37,3,2,1
2023991314415,2023,991314415,2,1,1,1,9,2,3,0,0,0,0,0,1,7,-1,3,1,0.0,1.0,-1,6,60,1,1,1,19:00,3,2,1
2023302300792,2023,302300792,2,1,1,1,66,10,3,0,0,0,0,0,9,9,E01019446,-1,0,0.05879,0.94121,-1,6,30,1,1,1,09:29,7,2,9
2023520400781,2023,520400781,2,1,1,2,51,8,3,0,0,0,0,0,9,8,E01029024,-1,0,0.03482,0.96518,-1,6,60,5,1,2,14:24,4,2,9
2023991354485,2023,991354485,3,1,2,2,65,9,2,0,0,1,0,0,9,-1,-1,6,1,1.0,0.0,-1,6,60,1,1,1,17:20,5,3,9
2023052302002,2023,052302002,1,1,1,2,27,6,2,0,0,0,0,0,-1,1,E01006873,-1,0,1.0,0.0,-1,6,30,1,4,2,04:00,6,1,-1
2023101333438,2023,101333438,2,1,1,1,18,4,3,0,0,0,0,0,97,3,E01008803,3,1,0.0,1.0,-1,6,30,1,1,2,19:30,2,2,97
2023010441624,2023,010441624,1,1,1,1,25,5,3,0,0,0,0,0,3,4,E01002180,-1,0,0.0,1.0,-1,3,30,2,4,2,20:58,6,2,3
2023010419514,2023,010419514,1,2,2,1,22,5,3,0,0,2,0,0,9,5,E01003067,-1,0,0.0,1.0,-1,6,30,2,4,2,19:58,3,2,9
2023131357881,2023,131357881,1,3,2,2,18,4,3,0,0,2,0,0,9,1,E01011671,3,1,0.0,1.0,-1,6,30,1,4,1,23:14,6,3,9
2023211358271,2023,211358271,2,2,2,1,8,2,3,0,0,2,0,0,9,8,E01029435,3,1,0.0,1.0,-1,6,30,2,1,2,15:30,1,2,9
2023421320060,2023,421320060,2,4,2,2,33,6,3,0,0,1,0,0,9,5,E01030093,3,1,0.0,1.0,-1,6,60,2,1,2,17:55,1,2,9
2023421322502,2023,421322502,1,1,1,2,86,11,2,0,0,0,0,0,9,9,E01021940,7,1,1.0,0.0,-1,6,30,1,1,1,13:07,1,2,9
2023461366337,2023,461366337,1,1,1,1,60,9,3,0,0,0,0,0,9,9,E01016073,3,1,0.0,1.0,-1,6,40,1,1,1,16:14,1,2,9
2023531277685,2023,531277685,1,1,1,2,39,7,3,0,0,0,0,0,9,9,E01022207,3,1,0.0,1.0,-1,6,60,1,4,2,17:50,5,2,9
2023631343434,2023,631343434,1,2,2,1,2,1,3,0,0,2,0,0,9,4,W01000702,3,1,0.0,1.0,-1,6,40,1,1,2,12:00,7,1,9
2023010446004,2023,010446004,1,1,1,1,22,5,3,0,0,0,0,0,1,7,E01000300,-1,0,0.0,1.0,-1,6,30,1,1,1,11:11,3,2,1
2023131300725,2023,131300725,2,1,1,1,60,9,2,0,0,0,0,0,1,1,E01011332,7,1,1.0,0.0,-1,6,30,1,1,1,13:20,3,2,1
2023010451951,2023,010451951,1,1,1,-1,26,6,3,0,0,0,0,0,9,5,E01004021,-1,0,0.0,1.0,-1,6,30,1,1,1,18:30,3,1,9
2023052303059,2023,052303059,1,3,2,1,38,7,3,0,0,2,0,0,9,2,E01005663,-1,0,0.12663,0.87337,-1,6,30,2,4,2,01:08,7,1,9
2023141306850,2023,141306850,2,1,1,1,24,5,3,0,0,0,0,0,9,-1,-1,3,1,0.0,1.0,-1,6,30,1,1,1,19:00,5,2,9
2023361313742,2023,361313742,2,1,1,1,89,11,3,0,0,0,0,0,9,6,E01026893,3,1,0.0,1.0,-1,6,40,1,1,1,12:45,5,2,9
2023052301308,2023,052301308,1,1,1,1,13,3,2,0,0,0,0,0,-1,7,E01007245,-1,0,1.0,0.0,-1,6,30,1,1,1,17:00,5,1,-1
2023010459257,2023,010459257,1,3,2,2,-1,-1,3,0,0,2,0,0,9,9,E01024104,-1,0,0.0,1.0,-1,6,30,1,4,1,22:04,1,2,9
2023010472718,2023,010472718,1,1,1,1,45,7,3,0,0,0,0,0,9,5,E01002344,-1,0,0.0,1.0,-1,3,50,2,1,2,15:25,4,2,9
2023141370564,2023,141370564,1,1,1,2,41,7,3,0,0,0,0,0,9,10,E01007430,3,1,0.0,1.0,-1,6,60,1,1,2,09:06,7,2,9
2023311273820,2023,311273820,1,1,1,1,85,11,3,0,0,0,0,0,9,1,E01013920,3,1,0.0,1.0,-1,6,30,1,1,2,10:20,4,1,9
2023101260493,2023,101260493,2,1,1,1,40,7,3,0,0,0,0,0,1,-1,-1,3,1,0.0,1.0,-1,6,30,1,1,2,08:15,6,2,1
2023010470758,2023,010470758,2,1,1,2,34,6,2,0,0,0,0,0,1,4,E01000472,-1,0,1.0,0.0,-1,6,20,1,1,1,14:25,1,2,1
2023481363694,2023,481363694,1,1,1,1,14,3,3,0,0,0,0,0,1,-1,-1,3,1,0.0,1.0,-1,6,20,1,1,1,16:21,1,2,1
2023501380736,2023,501380736,2,1,1,2,44,7,3,0,0,0,0,0,9,9,E01015025,3,1,0.0,1.0,-1,1,30,5,6,2,07:10,4,2,9
2023501313267,2023,501313267,2,2,1,1,46,8,2,0,0,0,0,0,5,5,E01019060,7,1,1.0,0.0,-1,6,30,1,1,1,18:06,7,2,5
2023421271444,2023,421271444,1,1,2,1,66,10,3,0,0,1,0,0,9,3,E01022055,3,1,0.0,1.0,-1,1,60,1,1,1,10:36,5,1,9
2023010422560,2023,010422560,1,1,2,2,1,1,3,0,0,0,4,0,11,3,E01003180,-1,0,0.0,1.0,-1,6,20,1,4,1,17:20,6,2,11
2023010464813,2023,010464813,1,1,1,1,42,7,3,0,0,0,0,0,19,5,E01004046,-1,0,0.0,1.0,-1,6,20,1,1,1,15:35,6,2,19
2023440353955,2023,440353955,1,1,1,1,67,10,2,0,0,0,0,0,1,8,E01017301,-1,0,1.0,0.0,-1,6,30,1,1,1,11:05,6,1,1
2023430256552,2023,430256552,1,1,1,1,78,11,2,0,0,0,0,0,5,10,E01016318,-1,0,1.0,0.0,-1,6,40,1,1,1,16:37,1,2,5
2023332301050,2023,332301050,2,1,2,2,23,5,3,0,0,2,0,0,8,3,E01013717,-1,0,0.01095,0.98905,-1,3,30,2,1,2,08:35,5,2,8
2023010486685,2023,010486685,2,1,1,1,51,8,3,0,0,0,0,0,9,6,E01003285,-1,0,0.0,1.0,-1,6,20,5,4,2,23:40,7,2,9
2023320066433,2023,320066433,1,1,1,2,42,7,3,0,0,0,0,0,9,3,E01026311,-1,0,0.11628,0.88372,-1,6,50,1,1,1,09:00,4,1,9
2023531363152,2023,531363152,1,1,1,1,32,6,3,0,0,0,0,0,9,1,E01033359,3,1,0.0,1.0,-1,3,70,1,6,1,22:35,1,1,9
2023201387924,2023,201387924,1,1,1,1,51,8,3,0,0,0,0,0,19,3,E01008953,3,1,0.0,1.0,-1,6,30,1,1,1,10:07,5,2,19
2023302400005,2023,302400005,1,1,3,2,49,8,3,6,9,0,0,0,0,9,E01019758,-1,0,0.20122,0.79878,-1,6,30,1,4,2,23:05,7,1,9
2023471322290,2023,471322290,1,1,1,1,76,11,3,0,0,0,0,0,9,9,E01021072,3,1,0.0,1.0,-1,6,20,1,1,1,09:57,7,3,9
2023061339517,2023,061339517,1,2,2,1,85,11,3,0,0,0,4,0,11,-1,-1,3,1,0.0,1.0,-1,6,30,1,1,1,12:35,3,1,11
2023010433494,2023,010433494,1,1,3,1,16,4,3,1,3,0,0,0,0,2,E01002096,-1,0,0.0,1.0,-1,6,20,9,7,9,16:44,1,1,9
2023320092989,2023,320092989,1,1,3,2,17,4,3,6,9,0,0,0,0,4,E01026105,-1,0,0.09987,0.90013,-1,6,30,1,1,1,15:00,2,1,9
2023010463636,2023,010463636,1,1,1,2,55,8,2,0,0,0,0,0,1,10,E01003887,-1,0,1.0,0.0,-1,6,20,1,1,1,08:50,5,2,1
2023101442532,2023,101442532,1,1,1,1,64,9,3,0,0,0,0,0,5,2,E01008377,3,1,0.0,1.0,-1,6,30,8,4,2,08:00,4,2,5
2023010477979,2023,010477979,1,1,1,2,26,6,3,0,0,0,0,0,9,7,E01023572,-1,0,0.0,1.0,-1,6,30,1,4,2,17:10,3,2,9
2023201373951,2023,201373951,2,2,1,2,26,6,3,0,0,0,0,0,9,8,E01009846,3,1,0.0,1.0,-1,6,30,8,1,2,19:30,5,2,9
2023552301000,2023,552301000,2,3,1,2,33,6,2,0,0,0,0,0,9,4,E01023068,-1,0,1.0,0.0,-1,3,70,1,5,1,21:28,5,2,9
2023991311913,2023,991311913,1,2,1,1,48,8,3,0,0,0,0,0,9,6,-1,3,1,0.0,1.0,-1,6,60,1,1,1,17:30,6,1,9
2023991315193,2023,991315193,1,1,1,1,20,4,3,0,0,0,0,0,9,3,-1,3,1,0.0,1.0,-1,6,60,1,1,1,15:45,2,1,9
2023010422836,2023,010422836,1,1,3,2,49,8,2,5,3,0,0,0,0,-1,-1,-1,0,1.0,0.0,-1,6,30,1,1,4,10:31,1,1,9
2023052302735,2023,052302735,1,1,3,2,58,9,3,8,3,0,0,0,0,5,W01000593,-1,0,0.16711,0.83289,-1,6,30,4,1,1,13:53,2,1,19
2023010453068,2023,010453068,1,1,1,1,40,7,3,0,0,0,0,0,3,4,E01002103,-1,0,0.0,1.0,-1,6,20,1,4,1,00:03,3,2,3
2023010423851,2023,010423851,1,1,1,1,30,6,3,0,0,0,0,0,9,9,E01017556,-1,0,0.0,1.0,-1,3,60,1,1,1,09:45,6,2,9
2023411286616,2023,411286616,1,1,2,2,3,1,3,0,0,2,0,0,9,4,E01004215,3,1,0.0,1.0,-1,7,70,1,4,1,19:08,6,2,9