collision_index,collision_year,collision_ref_no,vehicle_reference,casualty_reference,casualty_class,sex_of_casualty,age_of_casualty,age_band_of_casualty,casualty_severity,pedestrian_location,pedestrian_movement,car_passenger,bus_or_coach_passenger,pedestrian_road_maintenance_worker,casualty_type,casualty_imd_decile,lsoa_of_casualty,enhanced_casualty_severity,casualty_injury_based,casualty_adjusted_severity_serious,casualty_adjusted_severity_slight,casualty_distance_banding,road_type,speed_limit,weather_conditions,light_conditions,road_surface_conditions,time,day_of_week,number_of_vehicles,vehicle_type
2023131277297,2023,131277297,2,1,1,1,13,3,2,0,0,0,0,0,1,1,E01010654,7,1,1.0,0.0,-1,6,30,1,1,1,14:50,4,2,1
2023211391281,2023,211391281,2,1,1,1,29,6,2,0,0,0,0,0,1,3,E01014323,7,1,1.0,0.0,-1,6,30,1,1,2,13:44,3,2,1
2023440247346,2023,440247346,2,1,1,1,69,10,3,0,0,0,0,0,1,9,E01033384,-1,0,0.20155,0.79845,-1,6,30,1,1,1,17:59,4,2,1
2023332300282,2023,332300282,1,1,1,1,36,7,3,0,0,0,0,0,3,6,E01025956,-1,0,0.08419,0.91581,-1,6,30,1,1,1,16:30,6,3,3
2023010458938,2023,010458938,1,1,1,2,39,7,3,0,0,0,0,0,9,5,E01003691,-1,0,0.0,1.0,-1,6,30,1,1,1,14:36,6,1,9
2023231380847,2023,231380847,2,1,2,2,73,10,3,0,0,1,0,0,9,9,E01033251,3,1,0.0,1.0,-1,6,50,1,1,1,13:17,4,3,9
2023421385783,2023,421385783,1,1,2,1,11,3,3,0,0,1,0,0,9,5,E01021647,3,1,0.0,1.0,-1,3,70,1,1,2,15:42,1,2,9
2023010468737,2023,010468737,1,1,3,2,61,9,2,4,1,0,0,0,0,7,E01000849,-1,0,1.0,0.0,-1,6,20,1,1,1,09:28,5,1,9
2023201315802,2023,201315802,1,1,3,2,17,4,3,5,9,0,0,0,0,1,E01009214,3,1,0.0,1.0,-1,6,30,1,1,1,14:30,2,1,9
2023010446616,2023,010446616,1,1,1,1,33,6,3,0,0,0,0,0,9,4,E01001259,-1,0,0.0,1.0,-1,3,40,1,1,1,15:55,5,5,9
2023371321742,2023,371321742,1,2,1,1,40,7,3,0,0,0,0,0,9,7,E01030207,3,1,0.0,1.0,-1,6,30,1,1,1,18:22,5,2,9
2023111334060,2023,111334060,2,1,1,2,36,7,3,0,0,0,0,0,9,2,E01020761,3,1,0.0,1.0,-1,6,30,1,1,2,21:20,3,2,9
2023302301063,2023,302301063,1,2,1,2,38,7,3,0,0,0,0,0,9,7,E01013511,-1,0,0.03933,0.96067,-1,6,30,1,1,1,15:40,4,1,9
2023320562281,2023,320562281,2,1,1,1,55,8,3,0,0,0,0,0,9,1,E01015603,-1,0,0.09929,0.90071,-1,6,50,1,1,1,18:56,7,2,9
2023440227266,2023,440227266,1,1,1,2,83,11,3,0,0,0,0,0,9,10,E01022571,-1,0,0.09941,0.90059,-1,6,30,1,1,1,16:20,5,2,9
2023451326335,2023,451326335,1,1,2,1,8,2,2,0,0,2,0,0,9,-1,-1,7,1,1.0,0.0,-1,3,50,1,1,1,16:52,4,2,9
2023531369890,2023,531369890,1,1,1,1,22,5,3,0,0,0,0,0,9,7,E01022169,3,1,0.0,1.0,-1,6,60,2,1,2,10:07,5,2,9
202360A025922,2023,60A025922,2,1,1,1,52,8,2,0,0,0,0,0,1,-1,-1,-1,0,1.0,0.0,-1,1,30,1,1,1,18:00,2,2,1
2023520300610,2023,520300610,2,60,2,1,36,7,2,0,0,0,4,0,11,-1,-1,-1,0,1.0,0.0,-1,6,40,1,6,4,06:00,3,3,11
2023041310192,2023,041310192,1,4,1,2,19,4,2,0,0,0,0,0,9,2,E01005026,7,1,1.0,0.0,-1,6,60,1,1,1,18:09,1,1,9
2023041375693,2023,041375693,2,1,1,1,42,7,2,0,0,0,0,0,9,3,E01025289,7,1,1.0,0.0,-1,6,30,1,1,2,10:25,6,2,9
2023201375054,2023,201375054,2,2,2,1,44,7,3,0,0,-1,0,0,9,4,E01006158,3,1,0.0,1.0,-1,3,40,1,1,1,17:45,3,2,9
2023631347611,2023,631347611,2,3,1,1,18,4,3,0,0,0,0,0,9,7,W01000497,3,1,0.0,1.0,-1,6,60,1,1,1,12:30,6,2,9
2023041327993,2023,041327993,1,1,1,1,23,5,3,0,0,0,0,0,1,5,E01025128,3,1,0.0,1.0,-1,6,20,1,1,1,16:05,2,2,1
2023052302885,2023,052302885,2,1,1,2,21,5,2,0,0,0,0,0,9,4,E01007046,-1,0,1.0,0.0,-1,3,40,1,4,2,15:00,7,2,9
2023061378951,2023,061378951,2,3,2,1,42,7,3,0,0,1,0,0,9,-1,-1,3,1,0.0,1.0,-1,6,30,1,4,1,20:40,7,2,9
2023320177447,2023,320177447,2,1,1,1,39,7,3,0,0,0,0,0,9,10,E01026302,-1,0,0.0225,0.9775,-1,6,60,1,1,1,08:00,5,2,9
2023520400995,2023,520400995,3,2,1,1,52,8,3,0,0,0,0,0,9,4,E01020262,-1,0,0.05227,0.94773,-1,6,60,1,6,2,18:30,3,3,9
2023131304951,2023,131304951,2,4,1,1,43,7,2,0,0,0,0,0,9,1,E01010925,5,1,1.0,0.0,-1,6,40,1,1,1,17:35,1,3,9
2023161317777,2023,161317777,1,1,1,2,17,4,3,0,0,0,0,0,9,10,E01012958,3,1,0.0,1.0,-1,6,60,1,1,1,14:00,1,3,9
2023201328565,2023,201328565,2,1,1,1,44,7,3,0,0,0,0,0,9,3,E01010451,3,1,0.0,1.0,-1,3,30,1,1,1,18:02,7,2,9
2023311277346,2023,311277346,1,1,2,1,19,4,3,0,0,1,0,0,9,5,E01028134,3,1,0.0,1.0,-1,3,70,1,4,1,03:07,6,1,9
2023411343190,2023,411343190,2,2,2,2,18,4,3,0,0,1,0,0,9,4,E01000591,3,1,0.0,1.0,-1,3,70,1,1,1,17:56,2,2,9
2023471382611,2023,471382611,1,1,1,1,27,6,3,0,0,0,0,0,4,3,E01031789,3,1,0.0,1.0,-1,6,30,2,4,2,17:00,2,2,4
2023501310210,2023,501310210,1,1,1,1,40,7,2,0,0,0,0,0,5,6,E01029091,7,1,1.0,0.0,-1,6,30,1,1,1,18:40,1,2,5
2023041362955,2023,041362955,1,1,3,1,20,4,2,5,9,0,0,0,0,5,E01025531,6,1,1.0,0.0,-1,6,30,1,4,1,20:00,7,1,19
2023421337848,2023,421337848,1,1,3,1,11,3,3,5,2,0,0,2,0,-1,-1,3,1,0.0,1.0,-1,6,30,1,1,1,07:45,3,1,9
2023451322163,2023,451322163,2,2,1,2,61,9,3,0,0,0,0,0,23,10,E01016199,3,1,0.0,1.0,-1,6,50,1,1,1,04:20,7,2,23
2023131272592,2023,131272592,1,1,3,2,77,11,2,5,1,0,0,2,0,1,E01011295,7,1,1.0,0.0,-1,9,30,8,6,1,20:15,1,1,9
2023052301854,2023,052301854,2,1,1,1,75,10,2,0,0,0,0,0,1,5,E01007173,-1,0,1.0,0.0,-1,6,30,1,1,1,10:40,3,2,1
2023440364095,2023,440364095,2,1,1,1,54,8,2,0,0,0,0,0,1,10,E01030790,-1,0,1.0,0.0,-1,6,30,1,1,1,14:15,5,2,1
2023010461362,2023,010461362,2,1,1,1,57,9,2,0,0,0,0,0,3,2,E01003506,-1,0,1.0,0.0,-1,3,30,1,1,1,11:09,7,2,3
2023320446256,2023,320446256,2,2,2,2,38,7,3,0,0,1,0,0,9,2,E01026006,-1,0,0.02722,0.97278,-1,1,30,2,1,2,13:31,4,3,9
2023552301182,2023,552301182,2,2,1,1,65,9,3,0,0,0,0,0,9,5,E01020584,-1,0,0.04516,0.95484,-1,6,60,1,1,1,14:23,6,3,9
2023010486602,2023,010486602,2,1,1,1,20,4,3,0,0,0,0,0,4,5,E01004127,-1,0,0.0,1.0,-1,6,20,1,1,2,12:04,7,2,4
2023010461912,2023,010461912,2,1,1,1,50,8,2,0,0,0,0,0,5,4,E01000919,-1,0,1.0,0.0,-1,3,40,1,4,1,20:20,3,2,5
2023041363361,2023,041363361,1,1,3,1,5,1,3,8,3,0,0,0,0,8,E01025322,3,1,0.0,1.0,-1,6,30,1,1,1,12:10,7,1,9
2023201286385,2023,201286385,2,1,1,1,55,8,3,0,0,0,0,0,1,10,E01009461,3,1,0.0,1.0,-1,1,30,1,1,1,15:55,4,2,1
2023131292973,2023,131292973,1,1,1,1,27,6,2,0,0,0,0,0,3,7,E01011637,7,1,1.0,0.0,-1,6,30,1,1,1,16:07,1,2,3
2023010456101,2023,010456101,1,1,1,2,65,9,3,0,0,0,0,0,9,2,E01002078,-1,0,0.0,1.0,-1,3,20,1,1,1,08:30,4,2,9
2023041338206,2023,041338206,1,1,1,1,43,7,3,0,0,0,0,0,9,6,E01019200,3,1,0.0,1.0,-1,3,70,1,1,1,06:15,6,2,9
2023211300877,2023,211300877,1,1,1,1,64,9,2,0,0,0,0,0,9,3,E01014341,7,1,1.0,0.0,-1,6,60,1,6,1,04:51,2,1,9
2023461282717,2023,461282717,2,1,2,2,5,1,3,0,0,2,0,0,9,7,E01024522,3,1,0.0,1.0,-1,6,30,1,1,1,16:58,3,2,9
2023231345317,2023,231345317,2,1,1,1,45,7,1,0,0,0,0,0,21,6,E01031106,1,1,0.0,0.0,-1,3,70,1,6,2,01:41,7,2,21
2023041351897,2023,041351897,2,3,1,1,45,7,3,0,0,0,0,0,9,1,E01024898,3,1,0.0,1.0,-1,6,30,1,4,1,21:50,6,2,9
2023361383273,2023,361383273,1,1,1,2,58,9,3,0,0,0,0,0,9,-1,-1,3,1,0.0,1.0,-1,6,60,2,1,2,11:49,2,2,9
2023522300752,2023,522300752,2,1,1,1,-1,-1,3,0,0,0,0,0,1,-1,-1,-1,0,0.028,0.972,-1,6,30,1,1,2,17:25,6,2,1
2023430565917,2023,430565917,2,1,1,1,23,5,2,0,0,0,0,0,4,8,E01016544,-1,0,1.0,0.0,-1,6,30,1,4,1,16:35,2,2,4
2023061317598,2023,061317598,2,1,1,2,25,5,3,0,0,0,0,0,9,5,E01005229,3,1,0.0,1.0,-1,6,20,1,1,1,17:30,6,3,9
2023122300950,2023,122300950,2,1,1,1,23,5,3,0,0,0,0,0,9,8,E01027621,-1,0,0.04033,0.95967,-1,6,60,2,1,2,12:05,7,2,9
2023440206420,2023,440206420,1,2,2,1,30,6,3,0,0,1,0,0,9,-1,-1,-1,0,0.02412,0.97588,-1,6,30,1,1,1,08:47,5,2,9
2023131356865,2023,131356865,2,1,1,1,17,4,3,0,0,0,0,0,2,1,E01010925,3,1,0.0,1.0,-1,6,20,1,1,1,10:33,4,2,2
2023231297454,2023,231297454,2,2,3,1,60,9,3,9,5,0,0,0,0,3,E01031094,3,1,0.0,1.0,-1,6,30,1,1,1,07:25,3,2,9
2023010484853,2023,010484853,1,2,2,2,23,5,3,0,0,2,0,0,8,5,E01003742,-1,0,0.0,1.0,-1,6,30,1,4,1,22:40,2,1,8
2023052302321,2023,052302321,1,3,2,2,18,4,3,0,0,2,0,0,8,1,E01006444,-1,0,0.0389,0.9611,-1,3,20,2,1,2,16:24,7,2,8
2023010475686,2023,010475686,2,1,1,2,58,9,3,0,0,0,0,0,1,4,E01004366,-1,0,0.0,1.0,-1,6,30,8,1,2,10:15,6,2,1
2023010481256,2023,010481256,1,1,1,1,20,4,3,0,0,0,0,0,1,5,E01023584,-1,0,0.0,1.0,-1,6,30,1,1,4,07:30,6,2,1
2023122300089,2023,122300089,2,1,1,1,35,6,3,0,0,0,0,0,1,8,E01012235,-1,0,0.07648,0.92352,-1,6,30,1,4,2,07:04,2,2,1
2023201376309,2023,201376309,1,1,1,1,27,6,3,0,0,0,0,0,9,1,E01009567,3,1,0.0,1.0,-1,6,30,1,4,1,01:31,7,2,9
2023622300524,2023,622300524,2,2,1,2,22,5,3,0,0,0,0,0,9,6,W01001369,-1,0,0.01204,0.98796,-1,3,30,1,4,1,11:19,2,2,9
2023010483503,2023,010483503,1,1,1,-1,26,6,3,0,0,0,0,0,3,3,E01001434,-1,0,0.0,1.0,-1,9,20,9,7,9,17:40,6,2,3
2023461394158,2023,461394158,1,1,3,2,30,6,2,1,1,0,0,0,0,7,E01032656,7,1,1.0,0.0,-1,6,30,1,4,1,22:00,5,1,9
2023010478218,2023,010478218,1,2,3,2,22,5,3,10,9,0,0,0,0,-1,-1,-1,0,0.0,1.0,-1,6,30,1,4,1,17:15,4,1,9
2023010440885,2023,010440885,2,1,1,1,21,5,3,0,0,0,0,0,3,2,E01002506,-1,0,0.0,1.0,-1,6,30,1,1,1,12:37,4,2,3
2023421322502,2023,421322502,2,2,1,1,50,8,3,0,0,0,0,0,8,4,E01015873,3,1,0.0,1.0,-1,6,30,1,1,1,13:07,1,2,8
2023010473003,2023,010473003,1,1,1,2,29,6,3,0,0,0,0,0,5,6,E01001853,-1,0,0.0,1.0,-1,6,20,2,4,2,21:30,5,2,5
2023201370097,2023,201370097,1,1,3,1,69,10,3,5,4,0,0,0,0,5,E01010008,3,1,0.0,1.0,-1,6,30,1,1,1,13:22,4,1,9
2023010480184,2023,010480184,1,1,3,-1,33,6,3,6,9,0,0,0,0,2,E01003266,-1,0,0.0,1.0,-1,6,20,1,1,4,08:45,7,1,9
2023010481908,2023,010481908,1,1,3,1,70,10,3,1,1,0,0,0,0,8,E01001044,-1,0,0.0,1.0,-1,6,30,1,4,2,07:10,2,1,9
2023031303228,2023,031303228,1,1,3,1,84,11,3,9,8,0,0,0,0,9,E01019300,3,1,0.0,1.0,-1,6,30,1,1,1,17:09,2,1,9
2023201298407,2023,201298407,1,1,3,1,27,6,3,6,9,0,0,2,0,1,E01010490,3,1,0.0,1.0,-1,3,30,1,4,1,19:46,7,1,9
2023531269927,2023,531269927,1,1,3,1,72,10,3,9,7,0,0,0,0,10,E01022354,3,1,0.0,1.0,-1,6,30,9,6,-1,16:20,2,1,9
2023430438792,2023,430438792,1,1,1,1,46,8,3,0,0,0,0,0,1,7,E01022513,-1,0,0.08379,0.91621,-1,6,40,1,1,1,14:00,6,2,1
2023031345736,2023,031345736,1,1,2,2,24,5,3,0,0,1,0,0,9,5,E01000284,3,1,0.0,1.0,-1,3,70,1,1,1,11:00,7,3,9
2023201452224,2023,201452224,2,1,1,2,27,6,3,0,0,0,0,0,9,2,E01028274,3,1,0.0,1.0,-1,3,30,2,1,2,14:25,6,2,9
2023332300447,2023,332300447,2,1,1,2,22,5,3,0,0,0,0,0,9,1,E01013675,-1,0,0.01744,0.98256,-1,6,30,1,1,1,16:00,6,3,9
2023622301063,2023,622301063,1,2,2,1,74,10,3,0,0,1,0,0,9,1,W01001144,-1,0,0.05947,0.94053,-1,6,30,1,4,2,17:11,1,2,9
2023440008558,2023,440008558,1,2,1,1,52,8,3,0,0,0,0,0,19,8,E01017056,-1,0,0.07338,0.92662,-1,3,70,5,1,2,15:22,7,2,19
2023010449549,2023,010449549,1,1,3,2,31,6,2,1,1,0,0,0,0,5,E01002426,-1,0,1.0,0.0,-1,3,40,8,1,1,20:11,6,1,9
2023451384038,2023,451384038,1,1,1,1,23,5,3,0,0,0,0,0,1,3,E01023107,3,1,0.0,1.0,-1,1,30,1,1,1,16:32,3,2,1
2023010478209,2023,010478209,1,1,1,1,48,8,3,0,0,0,0,0,9,2,E01004253,-1,0,0.0,1.0,-1,3,50,1,4,1,19:40,4,2,9
2023221268195,2023,221268195,2,1,1,1,23,5,1,0,0,0,0,0,9,8,E01028919,1,1,0.0,0.0,-1,6,60,1,6,1,03:14,2,4,9
2023440421760,2023,440421760,1,1,1,1,33,6,3,0,0,0,0,0,9,8,E01022975,-1,0,0.05963,0.94037,-1,3,30,1,4,1,23:04,7,2,9
2023010435353,2023,010435353,2,1,1,1,29,6,2,0,0,0,0,0,3,2,E01001912,-1,0,1.0,0.0,-1,6,20,8,1,2,12:07,7,2,3
2023371307383,2023,371307383,1,1,1,1,23,5,2,0,0,0,0,0,5,5,E01022051,6,1,1.0,0.0,-1,6,40,1,1,1,11:00,1,2,5
2023010465061,2023,010465061,2,1,1,1,25,5,3,0,0,0,0,0,1,2,E01003108,-1,0,0.0,1.0,-1,6,30,1,4,1,02:36,1,2,1
2023010420622,2023,010420622,1,1,1,1,42,7,3,0,0,0,0,0,4,-1,-1,-1,0,0.0,1.0,-1,3,30,8,4,2,17:40,3,2,4
2023991280088,2023,991280088,1,1,1,1,59,9,2,0,0,0,0,0,5,9,-1,7,1,1.0,0.0,-1,6,20,1,1,2,11:50,6,1,5
2023471388450,2023,471388450,1,1,3,1,57,9,2,7,3,0,0,0,0,4,E01016973,7,1,1.0,0.0,-1,6,30,1,4,1,18:00,2,1,9
2023010474267,2023,010474267,1,2,2,-1,-1,-1,3,0,0,1,0,0,9,4,E01001686,-1,0,0.0,1.0,-1,6,20,1,4,1,20:50,5,2,9
2023052302508,2023,052302508,2,1,1,2,80,11,3,0,0,0,0,0,9,7,E01007196,-1,0,0.08028,0.91972,-1,6,30,1,1,1,14:05,3,2,9
2023122300322,2023,122300322,1,1,1,2,29,6,3,0,0,0,0,0,9,6,E01027684,-1,0,0.02107,0.97893,-1,6,30,1,1,1,16:12,2,2,9
2023131318454,2023,131318454,1,2,1,2,45,7,3,0,0,0,0,0,9,2,E01011915,3,1,0.0,1.0,-1,6,30,1,1,1,09:00,4,2,9
2023371395178,2023,371395178,1,1,1,1,74,10,3,0,0,0,0,0,9,1,E01024614,3,1,0.0,1.0,-1,6,60,1,6,2,18:02,4,2,9
2023501288541,2023,501288541,2,1,1,1,20,4,3,0,0,0,0,0,9,3,E01015209,3,1,0.0,1.0,-1,6,60,1,1,1,13:27,1,2,9
2023430098249,2023,430098249,1,1,1,1,59,9,3,0,0,0,0,0,1,10,E01022851,-1,0,0.1672,0.8328,-1,6,30,1,1,1,11:43,7,2,1
2023411319001,2023,411319001,2,1,1,1,46,8,3,0,0,0,0,0,3,5,E01023755,3,1,0.0,1.0,-1,9,20,1,1,1,14:00,7,2,3
2023161326319,2023,161326319,1,1,1,1,24,5,3,0,0,0,0,0,5,7,E01013228,3,1,0.0,1.0,-1,6,40,1,1,2,07:35,4,2,5
2023070989007,2023,070989007,2,1,1,2,63,9,3,0,0,0,0,0,9,8,E01018395,-1,0,0.0169,0.9831,-1,3,70,1,1,1,16:30,3,2,9
2023401277203,2023,401277203,2,1,1,1,39,7,3,0,0,0,0,0,9,4,E01017476,3,1,0.0,1.0,-1,3,70,1,6,1,02:15,7,2,9
2023010459316,2023,010459316,1,1,3,1,70,10,3,1,9,0,0,0,0,3,E01002707,-1,0,0.0,1.0,-1,6,20,8,4,1,10:55,6,1,9
2023161309860,2023,161309860,1,1,1,1,52,8,3,0,0,0,0,0,1,9,E01012956,3,1,0.0,1.0,-1,6,20,1,1,1,16:30,3,2,1
2023010453617,2023,010453617,2,1,1,1,22,5,3,0,0,0,0,0,4,2,E01033000,-1,0,0.0,1.0,-1,6,30,1,1,1,18:55,5,2,4
2023471266651,2023,471266651,2,1,1,1,30,6,2,0,0,0,0,0,5,3,E01031366,7,1,1.0,0.0,-1,6,30,1,1,1,07:35,6,2,5
2023010484646,2023,010484646,1,1,3,1,66,10,3,5,1,0,0,0,0,6,E01003273,-1,0,0.0,1.0,-1,2,20,2,1,2,11:35,1,1,9
2023320636289,2023,320636289,1,1,3,1,15,3,3,1,1,0,0,0,0,2,E01026095,-1,0,0.07587,0.92413,-1,6,30,1,1,1,09:00,3,1,9
2023520300782,2023,520300782,1,1,3,2,66,10,2,1,1,0,0,0,0,7,E01029120,-1,0,1.0,0.0,-1,6,30,1,4,2,19:10,5,1,9
2023141277824,2023,141277824,1,1,1,2,33,6,3,0,0,0,0,0,9,6,E01007706,3,1,0.0,1.0,-1,1,30,1,4,1,17:40,6,2,9
2023311275055,2023,311275055,2,1,1,2,26,6,3,0,0,0,0,0,9,1,E01028247,3,1,0.0,1.0,-1,6,30,1,1,1,10:30,5,2,9
2023471316945,2023,471316945,3,2,1,1,42,7,3,0,0,0,0,0,9,5,E01031663,3,1,0.0,1.0,-1,6,40,1,1,1,14:15,6,3,9
2023522300501,2023,522300501,2,2,1,1,30,6,3,0,0,0,0,0,9,3,E01033355,-1,0,0.02162,0.97838,-1,3,30,2,4,2,19:07,3,3,9
2023010424759,2023,010424759,1,1,3,1,15,3,3,5,1,0,0,0,0,8,E01002109,-1,0,0.0,1.0,-1,2,30,1,1,1,14:50,4,1,9
2023010456962,2023,010456962,1,1,3,1,65,9,3,5,1,0,0,0,0,2,E01003922,-1,0,0.0,1.0,-1,6,30,1,1,1,10:45,2,1,9
2023231298307,2023,231298307,1,1,3,1,39,7,3,8,5,0,0,1,0,9,E01013016,3,1,0.0,1.0,-1,6,30,1,1,1,12:09,2,1,19
2023991330607,2023,991330607,2,1,1,2,39,7,2,0,0,0,0,0,1,1,-1,6,1,1.0,0.0,-1,6,30,1,1,1,09:00,3,2,1
2023010482157,2023,010482157,1,1,1,1,47,8,3,0,0,0,0,0,8,2,E01003523,-1,0,0.0,1.0,-1,3,40,1,4,1,23:15,1,3,8
2023010472924,2023,010472924,1,1,1,1,35,6,3,0,0,0,0,0,9,5,E01004616,-1,0,0.0,1.0,-1,9,20,5,1,2,16:30,4,3,9
2023041313107,2023,041313107,2,1,1,1,60,9,3,0,0,0,0,0,9,8,E01025564,3,1,0.0,1.0,-1,1,40,1,4,1,00:05,4,2,9
2023451335900,2023,451335900,1,1,1,2,47,8,3,0,0,0,0,0,9,10,W01001657,3,1,0.0,1.0,-1,3,50,2,1,2,14:00,2,2,9
2023451359992,2023,451359992,1,1,1,1,21,5,3,0,0,0,0,0,9,2,E01004434,3,1,0.0,1.0,-1,6,30,1,4,1,02:28,6,3,9
2023131288308,2023,131288308,2,1,1,1,54,8,2,0,0,0,0,0,1,9,E01011209,7,1,1.0,0.0,-1,6,30,1,1,1,10:25,1,2,1
2023010480805,2023,010480805,2,1,1,1,27,6,3,0,0,0,0,0,3,4,E01001995,-1,0,0.0,1.0,-1,3,30,1,4,2,21:00,3,2,3
2023131306800,2023,131306800,1,1,3,1,67,10,3,6,9,0,0,2,0,2,E01011025,3,1,0.0,1.0,-1,6,30,1,1,2,18:51,6,1,23
2023401344363,2023,401344363,1,1,3,1,26,6,3,9,5,0,0,0,0,5,E01017557,3,1,0.0,1.0,-1,6,30,1,1,-1,16:52,6,1,9
2023010456037,2023,010456037,1,1,1,1,16,4,2,0,0,0,0,0,1,1,E01004407,-1,0,1.0,0.0,-1,6,20,9,1,9,12:00,4,2,1
2023052301346,2023,052301346,1,1,3,1,48,8,3,5,1,0,0,0,0,-1,-1,-1,0,0.18732,0.81268,-1,6,30,1,1,1,16:03,5,1,9
2023361388686,2023,361388686,1,1,3,1,48,8,3,5,9,0,0,1,0,9,E01026933,3,1,0.0,1.0,-1,6,30,1,1,1,08:48,6,2,21
2023461300536,2023,461300536,1,1,3,2,42,7,3,1,1,0,0,0,0,4,E01024296,3,1,0.0,1.0,-1,6,30,1,1,1,09:10,2,1,9
2023471332529,2023,471332529,1,2,2,2,20,4,3,0,0,0,0,0,3,3,E01030578,3,1,0.0,1.0,-1,6,40,1,1,1,10:42,5,2,3
2023010461493,2023,010461493,1,1,1,1,22,5,3,0,0,0,0,0,9,-1,-1,-1,0,0.0,1.0,-1,6,20,1,1,1,05:46,1,2,9
2023061339808,2023,061339808,1,1,1,1,30,6,2,0,0,0,0,0,9,1,E01012578,7,1,1.0,0.0,-1,6,30,2,7,2,21:34,7,1,9
2023361350171,2023,361350171,1,1,1,2,61,9,3,0,0,0,0,0,9,1,E01026869,3,1,0.0,1.0,-1,1,30,1,4,1,21:37,5,2,9
2023361388674,2023,361388674,1,1,1,1,30,6,3,0,0,0,0,0,9,9,E01026933,3,1,0.0,1.0,-1,3,70,8,1,2,08:45,4,1,9
2023421360859,2023,421360859,1,1,1,1,86,11,3,0,0,0,0,0,9,9,E01021893,3,1,0.0,1.0,-1,6,20,1,1,1,08:45,1,4,9
2023461270730,2023,461270730,2,2,2,1,8,2,3,0,0,-1,0,0,9,6,E01024530,3,1,0.0,1.0,-1,6,30,1,1,1,15:45,6,2,9
2023101384429,2023,101384429,1,1,3,2,35,6,3,5,1,0,0,0,0,1,E01008215,3,1,0.0,1.0,-1,6,20,2,4,2,16:15,2,1,9
2023010460229,2023,010460229,1,1,1,1,44,7,3,0,0,0,0,0,3,2,E01003551,-1,0,0.0,1.0,-1,9,30,9,1,9,15:30,6,2,3
2023440051449,2023,440051449,1,1,1,1,33,6,2,0,0,0,0,0,3,1,E01017118,-1,0,1.0,0.0,-1,6,60,1,1,4,08:15,3,1,3
2023361346181,2023,361346181,3,4,1,1,39,7,1,0,0,0,0,0,1,5,E01026935,1,1,0.0,0.0,-1,6,50,1,5,2,21:24,1,4,1
2023010467745,2023,010467745,1,1,1,2,25,5,3,0,0,0,0,0,9,-1,-1,-1,0,0.0,1.0,-1,6,30,1,4,1,00:30,7,1,9
2023122400072,2023,122400072,1,1,1,1,26,6,3,0,0,0,0,0,9,2,E01008324,-1,0,0.03311,0.96689,-1,3,70,1,6,2,17:29,5,1,9
2023131266491,2023,131266491,1,1,2,1,5,1,3,0,0,2,0,0,9,8,E01011102,3,1,0.0,1.0,-1,3,40,1,1,4,15:12,7,2,9
2023430264285,2023,430264285,1,1,1,1,38,7,3,0,0,0,0,0,9,4,E01016446,-1,0,0.0095,0.9905,-1,1,30,1,1,1,19:45,5,2,9
2023501312197,2023,501312197,1,1,1,1,44,7,3,0,0,0,0,0,9,3,E01015063,3,1,0.0,1.0,-1,6,30,1,1,1,18:36,7,3,9
2023991331197,2023,991331197,2,1,2,1,32,6,3,0,0,1,0,0,9,4,-1,3,1,0.0,1.0,-1,6,60,1,1,1,15:25,4,2,9
2023131334704,2023,131334704,2,1,1,2,53,8,3,0,0,0,0,0,19,4,E01011165,3,1,0.0,1.0,-1,6,30,1,1,1,09:52,7,2,19
2023052301756,2023,052301756,2,1,1,1,24,5,3,0,0,0,0,0,-1,2,E01006713,-1,0,0.10179,0.89821,-1,6,30,1,1,2,08:15,2,2,-1
2023041382716,2023,041382716,2,2,2,2,66,10,3,0,0,1,0,0,9,2,E01012621,3,1,0.0,1.0,-1,6,30,1,1,1,10:50,7,2,9
2023131294231,2023,131294231,2,2,2,1,13,3,3,0,0,1,0,0,9,1,E01010838,3,1,0.0,1.0,-1,2,30,1,1,1,08:24,5,2,9
2023541613423,2023,541613423,2,1,1,1,32,6,3,0,0,0,0,0,9,8,E01028715,-1,0,0.00146,0.99854,-1,1,30,9,1,1,09:00,1,2,9
2023201383708,2023,201383708,1,1,1,1,23,5,3,0,0,0,0,0,1,2,E01009635,3,1,0.0,1.0,-1,1,20,1,1,1,18:38,3,2,1
2023481356492,2023,481356492,1,1,1,1,35,6,3,0,0,0,0,0,1,-1,-1,3,1,0.0,1.0,-1,6,20,1,1,1,08:47,4,1,1
2023010475577,2023,010475577,1,1,3,2,43,7,3,1,9,0,0,0,0,8,E01001390,-1,0,0.0,1.0,-1,6,30,2,1,2,15:00,5,1,97
2023010431663,2023,010431663,1,1,3,2,40,7,3,5,1,0,0,0,0,-1,-1,-1,0,0.0,1.0,-1,6,20,2,4,2,19:45,7,1,5
2023111278769,2023,111278769,1,1,3,2,30,6,3,6,5,0,0,0,0,-1,-1,3,1,0.0,1.0,-1,6,30,1,1,1,12:30,6,1,9
2023201315266,2023,201315266,1,1,3,2,26,6,2,5,4,0,0,0,0,3,E01009938,7,1,1.0,0.0,-1,6,30,1,4,1,20:24,1,1,9
2023201330808,2023,201330808,1,1,3,1,45,7,3,5,3,0,0,2,0,2,E01009741,3,1,0.0,1.0,-1,2,30,1,1,1,17:30,5,1,8