collision_index,collision_year,collision_ref_no,vehicle_reference,casualty_reference,casualty_class,sex_of_casualty,age_of_casualty,age_band_of_casualty,casualty_severity,pedestrian_location,pedestrian_movement,car_passenger,bus_or_coach_passenger,pedestrian_road_maintenance_worker,casualty_type,casualty_imd_decile,lsoa_of_casualty,enhanced_casualty_severity,casualty_injury_based,casualty_adjusted_severity_serious,casualty_adjusted_severity_slight,casualty_distance_banding,road_type,speed_limit,weather_conditions,light_conditions,road_surface_conditions,time,day_of_week,number_of_vehicles,vehicle_type
2023411268635,2023,411268635,1,1,1,2,40,7,3,0,0,0,0,0,9,5,E01023843,3,1,0.0,1.0,-1,3,30,8,1,1,08:00,5,1,9
2023461290167,2023,461290167,1,1,1,2,89,11,3,0,0,0,0,0,9,4,E01016128,3,1,0.0,1.0,-1,6,30,2,1,2,11:04,3,3,9
2023320498255,2023,320498255,1,3,1,1,23,5,3,0,0,0,0,0,20,2,E01026050,-1,0,0.1031,0.8969,-1,6,60,1,1,1,14:40,6,2,20
2023451325856,2023,451325856,1,1,3,2,12,3,2,10,1,0,0,0,0,10,E01030774,5,1,1.0,0.0,-1,6,50,1,1,1,16:50,7,1,9
2023201342123,2023,201342123,2,1,1,1,43,7,3,0,0,0,0,0,1,7,E01010516,3,1,0.0,1.0,-1,6,30,1,1,1,19:40,3,2,1
2023211292854,2023,211292854,1,3,2,1,73,10,2,0,0,2,0,0,9,-1,-1,7,1,1.0,0.0,-1,6,60,1,7,1,22:45,5,1,9
2023010484058,2023,010484058,1,1,3,1,40,7,3,5,3,0,0,0,0,6,E01001964,-1,0,0.0,1.0,-1,6,20,1,4,2,20:48,5,1,9
2023201404675,2023,201404675,1,1,3,2,67,10,3,6,9,0,0,0,0,1,E01009047,3,1,0.0,1.0,-1,6,30,7,4,4,17:50,6,1,9
2023531381097,2023,531381097,1,1,3,1,19,4,2,5,1,0,0,0,0,-1,-1,7,1,1.0,0.0,-1,6,30,1,1,1,15:25,5,1,9
2023461331185,2023,461331185,1,1,1,1,17,4,2,0,0,0,0,0,3,3,E01023972,7,1,1.0,0.0,-1,6,50,1,1,2,16:09,2,2,3
2023031308920,2023,031308920,1,1,1,1,47,8,2,0,0,0,0,0,4,5,E01019388,5,1,1.0,0.0,-1,6,50,1,1,1,13:11,5,3,4
2023461297747,2023,461297747,1,3,2,2,6,2,3,0,0,-1,0,0,9,5,E01024031,3,1,0.0,1.0,-1,6,50,1,1,1,12:13,1,2,9
2023010488185,2023,010488185,1,1,1,1,30,6,2,0,0,0,0,0,1,8,E01000969,-1,0,1.0,0.0,-1,2,20,9,4,1,16:00,7,2,1
2023320529732,2023,320529732,1,1,1,1,53,8,2,0,0,0,0,0,1,5,E01026241,-1,0,1.0,0.0,-1,6,60,1,1,1,17:55,6,2,1
2023302301286,2023,302301286,2,2,1,1,20,4,3,0,0,0,0,0,3,1,E01019444,-1,0,0.16092,0.83908,-1,6,30,1,1,1,09:26,7,2,3
202363B005323,2023,63B005323,1,2,2,2,17,4,3,0,0,1,0,0,9,5,W01000567,-1,0,0.09476,0.90524,-1,1,60,1,4,2,20:55,6,2,9
2023010424237,2023,010424237,2,2,1,1,16,4,3,0,0,0,0,0,3,3,E01002527,-1,0,0.0,1.0,-1,6,30,1,4,1,17:01,1,3,3
2023991383794,2023,991383794,1,1,2,2,54,8,3,0,0,0,2,0,11,2,-1,3,1,0.0,1.0,-1,6,20,1,1,1,13:00,6,1,11
2023031328051,2023,031328051,2,1,1,1,32,6,3,0,0,0,0,0,9,4,E01000608,3,1,0.0,1.0,-1,6,50,1,6,1,00:06,2,2,9
2023340NN1392,2023,340NN1392,2,1,1,1,52,8,3,0,0,0,0,0,9,6,E01027045,-1,0,0.02975,0.97025,-1,6,30,1,1,1,17:20,3,2,9
2023371395348,2023,371395348,2,1,1,2,54,8,3,0,0,0,0,0,9,7,E01030171,3,1,0.0,1.0,-1,6,30,1,1,1,15:12,7,2,9
2023401307526,2023,401307526,2,2,1,2,63,9,3,0,0,0,0,0,9,3,E01000502,3,1,0.0,1.0,-1,3,70,1,1,1,09:50,5,2,9
2023461308215,2023,461308215,1,1,3,1,57,9,3,6,9,0,0,2,0,-1,-1,3,1,0.0,1.0,-1,9,30,1,1,-1,08:00,5,1,9
2023221284693,2023,221284693,1,1,1,1,21,5,3,0,0,0,0,0,9,9,E01032289,3,1,0.0,1.0,-1,6,30,6,4,4,23:42,4,1,9
2023351387819,2023,351387819,2,3,2,1,9,2,3,0,0,-1,0,0,9,-1,-1,3,1,0.0,1.0,-1,6,60,8,6,4,16:29,3,2,9
2023010432055,2023,010432055,1,1,1,1,30,6,3,0,0,0,0,0,1,5,E01000489,-1,0,0.0,1.0,-1,3,30,1,4,9,19:39,2,2,1
2023501303089,2023,501303089,1,1,1,2,47,8,3,0,0,0,0,0,9,6,E01019058,3,1,0.0,1.0,-1,6,60,1,1,1,19:52,1,2,9
2023610027723,2023,610027723,1,4,2,1,34,6,3,0,0,2,0,0,9,10,W01001427,-1,0,0.0449,0.9551,-1,6,40,1,7,1,21:51,4,2,9
2023010427490,2023,010427490,2,1,1,1,34,6,2,0,0,0,0,0,1,6,E01004485,-1,0,1.0,0.0,-1,3,20,1,1,1,07:53,5,2,1
2023471340640,2023,471340640,2,1,1,1,11,3,3,0,0,0,0,0,1,5,E01031577,3,1,0.0,1.0,-1,6,30,1,1,1,17:35,5,2,1
2023451373223,2023,451373223,1,2,1,2,25,5,3,0,0,0,0,0,3,8,E01030384,3,1,0.0,1.0,-1,6,30,1,4,2,16:49,4,1,3
2023351339664,2023,351339664,2,1,1,1,51,8,3,0,0,0,0,0,9,5,E01015651,3,1,0.0,1.0,-1,1,40,1,1,-1,19:35,6,2,9
2023440128062,2023,440128062,1,2,2,2,22,5,3,0,0,1,0,0,9,10,E01022619,-1,0,0.06315,0.93685,-1,6,40,2,1,2,15:55,6,1,9
2023552300148,2023,552300148,2,2,1,1,68,10,3,0,0,0,0,0,9,7,E01020436,-1,0,0.07458,0.92542,-1,6,60,1,1,1,10:29,4,2,9
2023101289027,2023,101289027,2,1,1,1,4,1,3,0,0,0,0,0,1,1,E01027412,3,1,0.0,1.0,-1,6,30,1,1,2,15:50,2,2,1
2023031308892,2023,031308892,1,1,3,1,31,6,2,5,9,0,0,0,0,-1,-1,7,1,1.0,0.0,-1,6,30,1,1,1,20:16,4,1,19
2023430034098,2023,430034098,1,1,3,2,33,6,3,5,1,0,0,0,0,10,E01016200,-1,0,0.03605,0.96395,-1,6,30,1,1,1,08:54,2,1,9
2023302300847,2023,302300847,3,1,1,1,32,6,3,0,0,0,0,0,9,2,E01006030,-1,0,0.05482,0.94518,-1,3,70,1,1,1,18:45,3,3,9
2023547385523,2023,547385523,1,1,1,1,57,9,3,0,0,0,0,0,19,5,E01016437,-1,0,0.07455,0.92545,-1,3,70,5,1,2,15:48,6,3,19
2023141318636,2023,141318636,1,1,1,2,38,7,3,0,0,0,0,0,9,8,E01007527,3,1,0.0,1.0,-1,6,40,1,1,1,13:15,4,2,9
2023201351139,2023,201351139,1,1,1,2,24,5,2,0,0,0,0,0,9,2,E01010260,7,1,1.0,0.0,-1,3,40,1,4,1,01:52,1,2,9
2023545355023,2023,545355023,1,1,1,2,46,8,3,0,0,0,0,0,9,7,E01031942,-1,0,0.04364,0.95636,-1,6,40,1,1,1,17:12,2,2,9
2023010425862,2023,010425862,2,3,2,1,15,3,3,0,0,1,0,0,9,2,E01003265,-1,0,0.0,1.0,-1,6,30,1,1,1,07:00,3,2,9
2023010432168,2023,010432168,1,1,1,1,54,8,3,0,0,0,0,0,1,9,E01030326,-1,0,0.0,1.0,-1,6,30,1,4,1,21:05,2,2,1
2023302300764,2023,302300764,1,1,1,2,55,8,2,0,0,0,0,0,1,8,E01013580,-1,0,1.0,0.0,-1,6,30,1,1,1,08:10,2,2,1
2023531287956,2023,531287956,2,1,1,2,47,8,3,0,0,0,0,0,1,5,E01022421,3,1,0.0,1.0,-1,7,50,1,1,2,10:56,6,2,1
2023041319646,2023,041319646,1,1,2,2,6,2,3,0,0,2,0,0,9,1,E01012619,3,1,0.0,1.0,-1,6,30,1,1,1,15:49,5,2,9
2023161317493,2023,161317493,1,1,1,1,22,5,3,0,0,0,0,0,9,4,E01013146,3,1,0.0,1.0,-1,6,30,2,1,2,17:11,4,2,9
2023991304233,2023,991304233,1,1,1,2,17,4,3,0,0,0,0,0,9,6,-1,3,1,0.0,1.0,-1,6,60,5,6,2,21:30,7,1,9
2023010451667,2023,010451667,1,1,1,1,39,7,3,0,0,0,0,0,1,4,E01001883,-1,0,0.0,1.0,-1,6,20,1,1,1,15:40,1,2,1
2023351397293,2023,351397293,1,1,1,2,66,10,3,0,0,0,0,0,9,7,E01017980,3,1,0.0,1.0,-1,6,50,1,1,1,15:19,7,2,9
2023531368694,2023,531368694,1,2,1,1,22,5,2,0,0,0,0,0,9,8,E01014061,7,1,1.0,0.0,-1,6,40,1,4,2,18:08,2,1,9
2023991331868,2023,991331868,2,1,1,2,79,11,3,0,0,0,0,0,9,9,-1,3,1,0.0,1.0,-1,3,70,1,1,1,10:00,6,2,9
2023991295151,2023,991295151,2,1,1,1,47,8,2,0,0,0,0,0,1,5,-1,6,1,1.0,0.0,-1,6,30,1,4,1,20:00,7,2,1
2023552301222,2023,552301222,1,1,3,1,85,11,3,5,1,0,0,0,0,6,E01015358,-1,0,0.17069,0.82931,-1,6,30,1,1,1,11:29,7,1,9
2023010483353,2023,010483353,1,1,3,2,38,7,3,1,1,0,0,0,0,3,E01001930,-1,0,0.0,1.0,-1,9,20,2,4,2,17:50,2,1,9
2023010482055,2023,010482055,2,1,1,1,32,6,3,0,0,0,0,0,1,4,E01000534,-1,0,0.0,1.0,-1,6,30,2,1,2,10:01,3,2,1
2023010474178,2023,010474178,1,1,1,1,57,9,3,0,0,0,0,0,9,3,E01001311,-1,0,0.0,1.0,-1,1,20,1,1,1,03:30,5,2,9
2023052302352,2023,052302352,1,3,1,1,-1,-1,3,0,0,0,0,0,9,-1,-1,-1,0,0.03456,0.96544,-1,3,30,1,1,1,09:30,4,2,9
2023061299050,2023,061299050,1,1,2,2,-1,-1,3,0,0,-1,0,0,9,1,E01014242,3,1,0.0,1.0,-1,3,40,1,1,1,11:15,2,2,9
2023061304095,2023,061304095,2,1,1,2,26,6,3,0,0,0,0,0,9,6,E01019732,3,1,0.0,1.0,-1,6,30,1,1,1,08:30,4,2,9
2023351281366,2023,351281366,2,2,1,2,32,6,3,0,0,0,0,0,9,7,E01018058,3,1,0.0,1.0,-1,6,40,1,4,1,17:12,2,2,9
2023010472055,2023,010472055,1,1,3,2,23,5,3,6,9,0,0,0,0,6,E01002968,-1,0,0.0,1.0,-1,9,30,1,1,9,17:20,7,1,9
2023471384158,2023,471384158,1,1,3,1,69,10,2,5,1,0,0,0,0,7,E01031708,5,1,1.0,0.0,-1,6,30,1,4,2,16:27,3,1,19
2023010424383,2023,010424383,1,1,1,1,37,7,3,0,0,0,0,0,1,2,E01002068,-1,0,0.0,1.0,-1,6,30,1,1,1,09:15,2,2,1
2023201332482,2023,201332482,2,3,1,1,52,8,3,0,0,0,0,0,9,2,E01010302,3,1,0.0,1.0,-1,6,30,2,1,2,18:10,7,2,9
2023401378485,2023,401378485,2,4,2,2,23,5,3,0,0,2,0,0,9,3,E01017514,3,1,0.0,1.0,-1,1,60,1,4,2,01:53,5,2,9
2023411280881,2023,411280881,1,2,2,2,2,1,3,0,0,2,0,0,9,7,E01017564,3,1,0.0,1.0,-1,3,70,1,1,1,16:56,1,2,9
2023471334741,2023,471334741,3,3,1,1,49,8,3,0,0,0,0,0,9,8,E01016901,3,1,0.0,1.0,-1,6,20,1,1,1,19:42,6,6,9
2023991313939,2023,991313939,1,3,2,2,10,2,3,0,0,2,0,0,9,6,-1,3,1,0.0,1.0,-1,6,60,1,1,1,15:50,5,2,9
2023332301260,2023,332301260,1,1,3,1,75,10,2,3,2,0,0,0,0,3,E01013717,-1,0,1.0,0.0,-1,6,30,1,1,1,15:10,6,1,9
2023991311193,2023,991311193,2,1,1,1,75,10,3,0,0,0,0,0,1,5,E01027798,3,1,0.0,1.0,-1,6,40,1,1,1,10:45,4,2,1
2023141283617,2023,141283617,2,2,1,1,22,5,3,0,0,0,0,0,9,-1,-1,3,1,0.0,1.0,-1,6,60,1,1,1,13:55,2,2,9
2023451289188,2023,451289188,1,1,1,1,29,6,2,0,0,0,0,0,9,10,E01030841,7,1,1.0,0.0,-1,6,30,1,1,1,17:00,3,2,9
2023471392150,2023,471392150,2,2,2,1,27,6,3,0,0,1,0,0,9,3,E01031609,3,1,0.0,1.0,-1,3,50,5,4,2,19:25,2,2,9
2023061266086,2023,061266086,1,1,3,2,11,3,3,1,1,0,0,0,0,-1,-1,3,1,0.0,1.0,-1,6,30,1,1,1,15:00,6,1,20
2023131303809,2023,131303809,2,3,2,1,21,5,3,0,0,2,0,0,9,2,E01011691,3,1,0.0,1.0,-1,3,30,1,1,1,19:06,4,2,9
2023461387853,2023,461387853,1,3,2,2,27,6,3,0,0,2,0,0,9,5,E01024494,3,1,0.0,1.0,-1,6,40,6,1,3,06:05,7,2,9
2023501371897,2023,501371897,2,1,1,1,29,6,3,0,0,0,0,0,19,6,E01020063,3,1,0.0,1.0,-1,6,30,1,1,1,16:17,7,2,19
2023010452926,2023,010452926,1,1,1,1,37,7,3,0,0,0,0,0,3,2,E01000603,-1,0,0.0,1.0,-1,9,20,1,1,1,19:50,1,2,3
2023440395618,2023,440395618,1,1,1,1,29,6,3,0,0,0,0,0,3,1,E01017154,-1,0,0.06787,0.93213,-1,6,30,1,1,1,14:30,1,2,3
2023622300879,2023,622300879,1,1,1,1,16,4,2,0,0,0,0,0,4,3,W01001153,-1,0,1.0,0.0,-1,6,30,1,1,1,18:54,1,2,4
2023031390492,2023,031390492,3,2,1,2,51,8,3,0,0,0,0,0,9,9,E01019255,3,1,0.0,1.0,-1,6,60,4,1,2,09:15,4,3,9
2023052302628,2023,052302628,1,1,1,1,28,6,3,0,0,0,0,0,9,3,E01012588,-1,0,0.13692,0.86308,-1,6,50,2,4,2,01:30,5,2,9
2023401321607,2023,401321607,1,1,1,1,29,6,3,0,0,0,0,0,9,5,E01016841,3,1,0.0,1.0,-1,6,40,1,6,1,23:36,2,1,9
2023540503523,2023,540503523,2,2,1,2,26,6,3,0,0,0,0,0,9,10,E01032072,-1,0,0.03746,0.96254,-1,6,40,1,4,2,18:57,1,2,9
2023010456608,2023,010456608,1,1,3,1,5,1,3,8,3,0,0,0,0,4,E01000609,-1,0,0.0,1.0,-1,6,20,1,1,1,08:30,7,1,9
2023010427608,2023,010427608,2,1,1,1,48,8,3,0,0,0,0,0,1,2,E01003175,-1,0,0.0,1.0,-1,3,20,1,4,1,00:41,6,2,1
2023010475109,2023,010475109,1,3,2,-1,-1,-1,3,0,0,2,0,0,9,5,E01002426,-1,0,0.0,1.0,-1,3,30,1,4,1,19:50,2,1,9
2023440432479,2023,440432479,1,1,1,2,67,10,3,0,0,0,0,0,9,10,E01030883,-1,0,0.09471,0.90529,-1,3,70,1,1,1,09:04,1,2,9
2023361273969,2023,361273969,1,1,1,1,28,6,3,0,0,0,0,0,19,4,E01026589,3,1,0.0,1.0,-1,6,60,1,1,1,16:00,4,3,19
2023010473769,2023,010473769,1,1,1,2,23,5,3,0,0,0,0,0,3,2,E01004041,-1,0,0.0,1.0,-1,9,30,2,1,2,17:28,7,2,3
2023101283036,2023,101283036,2,1,2,2,8,2,3,0,0,2,0,0,9,-1,-1,3,1,0.0,1.0,-1,6,30,1,1,1,08:30,5,2,9
2023340NN2812,2023,340NN2812,2,2,2,1,35,6,3,0,0,2,0,0,9,-1,-1,-1,0,0.05517,0.94483,-1,6,30,1,1,1,18:30,3,2,9
2023501329720,2023,501329720,3,3,2,1,9,2,3,0,0,1,0,0,9,-1,-1,3,1,0.0,1.0,-1,6,60,1,1,1,08:19,7,5,9
202360A088677,2023,60A088677,1,1,2,2,26,6,3,0,0,1,0,0,19,-1,-1,-1,0,0.11632,0.88368,-1,6,60,1,1,1,21:18,6,2,19
2023010461936,2023,010461936,1,1,1,2,56,9,3,0,0,0,0,0,1,2,E01003124,-1,0,0.0,1.0,-1,9,20,1,1,1,15:00,1,1,1
2023061314617,2023,061314617,1,1,2,1,18,4,2,0,0,1,0,0,9,1,E01004926,7,1,1.0,0.0,-1,6,30,1,1,1,17:00,7,1,9
2023101301939,2023,101301939,1,1,1,1,70,10,3,0,0,0,0,0,9,3,E01027359,3,1,0.0,1.0,-1,6,30,1,1,2,09:09,6,3,9
2023010476346,2023,010476346,1,2,3,2,34,6,3,1,1,0,0,0,0,9,E01004598,-1,0,0.0,1.0,-1,2,30,1,1,1,18:00,2,1,3
2023041335507,2023,041335507,1,1,3,1,30,6,2,5,1,0,0,0,0,8,E01024993,7,1,1.0,0.0,-1,6,30,1,1,1,12:50,6,1,9
2023010429975,2023,010429975,2,1,1,1,32,6,3,0,0,0,0,0,1,3,E01001175,-1,0,0.0,1.0,-1,6,20,1,1,1,06:50,5,2,1
2023201370560,2023,201370560,2,1,1,1,22,5,2,0,0,0,0,0,3,1,E01010291,7,1,1.0,0.0,-1,6,30,1,1,1,13:20,6,2,3
2023430070201,2023,430070201,2,1,1,1,59,9,2,0,0,0,0,0,8,4,E01002699,-1,0,1.0,0.0,-1,3,70,1,1,1,07:04,4,2,8
2023041347364,2023,041347364,2,2,1,1,28,6,3,0,0,0,0,0,9,8,E01012582,3,1,0.0,1.0,-1,6,30,1,1,1,11:20,6,2,9
2023201301510,2023,201301510,1,1,1,2,25,5,3,0,0,0,0,0,9,2,E01009314,3,1,0.0,1.0,-1,3,30,2,4,2,02:56,2,2,9
2023221364456,2023,221364456,1,1,1,1,39,7,3,0,0,0,0,0,9,7,E01032399,3,1,0.0,1.0,-1,3,70,5,6,5,20:15,4,1,9
2023461325434,2023,461325434,2,3,2,1,44,7,3,0,0,2,0,0,9,-1,-1,3,1,0.0,1.0,-1,6,30,1,4,1,23:55,7,3,9
2023501282394,2023,501282394,2,1,1,2,33,6,3,0,0,0,0,0,9,2,E01018867,3,1,0.0,1.0,-1,6,30,1,1,1,12:14,5,2,9
2023041288666,2023,041288666,1,1,3,1,28,6,2,10,9,0,0,0,0,-1,-1,7,1,1.0,0.0,-1,6,20,8,1,2,10:29,2,1,9
2023170S11493,2023,170S11493,2,1,1,1,51,8,3,0,0,0,0,0,1,-1,-1,-1,0,0.14665,0.85335,-1,6,30,1,4,1,21:05,6,2,1
2023010439762,2023,010439762,1,1,1,1,39,7,3,0,0,0,0,0,3,8,E01004195,-1,0,0.0,1.0,-1,2,30,8,1,1,16:49,4,2,3
2023010475902,2023,010475902,1,1,3,1,23,5,3,4,2,0,0,0,0,4,E01003543,-1,0,0.0,1.0,-1,6,20,2,1,2,12:42,7,1,9
2023421312598,2023,421312598,1,1,3,1,16,4,2,5,1,0,0,0,0,4,E01022011,6,1,1.0,0.0,-1,6,40,1,1,1,10:20,2,1,9
2023622300818,2023,622300818,1,1,3,1,9,2,3,5,4,0,0,0,0,2,W01000788,-1,0,0.11129,0.88871,-1,6,20,1,1,1,18:02,5,1,9
2023010421611,2023,010421611,1,1,1,1,58,9,3,0,0,0,0,0,9,3,E01000081,-1,0,0.0,1.0,-1,3,50,2,4,2,06:04,2,1,9
2023991303035,2023,991303035,1,1,3,1,11,3,3,5,2,0,0,0,0,-1,-1,3,1,0.0,1.0,-1,6,30,1,1,1,16:00,3,1,9
2023010437622,2023,010437622,1,1,1,2,21,5,3,0,0,0,0,0,1,2,E01033601,-1,0,0.0,1.0,-1,6,20,9,1,9,13:36,7,2,1
2023010448868,2023,010448868,1,1,1,1,38,7,3,0,0,0,0,0,1,-1,-1,-1,0,0.0,1.0,-1,6,30,1,1,1,06:53,3,2,1
2023311332154,2023,311332154,1,2,2,1,19,4,2,0,0,1,0,0,9,5,-1,5,1,1.0,0.0,-1,3,70,1,1,1,09:11,5,2,9
2023991396573,2023,991396573,2,2,1,1,62,9,2,0,0,0,0,0,9,8,-1,6,1,1.0,0.0,-1,6,60,8,1,4,12:05,3,2,9
2023131355616,2023,131355616,1,1,3,2,9,2,3,10,7,0,0,2,0,1,E01011036,3,1,0.0,1.0,-1,6,30,1,4,1,20:20,7,1,9
2023231313204,2023,231313204,1,1,1,2,45,7,3,0,0,0,0,0,9,8,E01031205,3,1,0.0,1.0,-1,6,50,1,1,1,13:44,2,2,9
2023622300107,2023,622300107,1,1,1,2,21,5,3,0,0,0,0,0,9,1,W01001813,-1,0,0.01651,0.98349,-1,6,20,1,1,1,07:54,6,2,9
2023991342095,2023,991342095,3,1,1,2,71,10,2,0,0,0,0,0,9,4,-1,5,1,1.0,0.0,-1,6,60,1,1,2,15:49,3,3,9
2023201339291,2023,201339291,1,1,3,2,57,9,2,5,1,0,0,2,0,2,E01009090,7,1,1.0,0.0,-1,6,30,1,1,1,09:30,5,1,9
2023201319266,2023,201319266,1,1,2,1,22,5,3,0,0,2,0,0,9,4,E01009243,3,1,0.0,1.0,-1,6,30,1,4,1,00:08,1,5,9
2023201378484,2023,201378484,2,2,1,2,48,8,3,0,0,0,0,0,9,2,E01008987,3,1,0.0,1.0,-1,3,40,1,1,1,15:25,2,2,9
2023421360495,2023,421360495,1,1,2,2,16,4,3,0,0,1,0,0,9,-1,-1,3,1,0.0,1.0,-1,3,30,1,1,1,11:25,7,3,9
2023531312149,2023,531312149,1,3,1,2,26,6,3,0,0,0,0,0,9,10,E01022168,3,1,0.0,1.0,-1,6,30,1,1,1,16:02,7,2,9
2023430537438,2023,430537438,2,3,2,2,21,5,3,0,0,1,0,0,9,-1,-1,-1,0,0.09602,0.90398,-1,6,60,1,6,1,19:25,4,2,9
2023010481119,2023,010481119,1,1,2,2,82,11,3,0,0,0,3,0,11,4,E01001233,-1,0,0.0,1.0,-1,6,20,1,1,1,10:45,5,1,11
2023131320912,2023,131320912,2,3,1,2,45,7,3,0,0,0,0,0,9,1,E01011361,3,1,0.0,1.0,-1,6,30,1,1,2,15:41,3,2,9
2023451303215,2023,451303215,2,2,2,2,58,9,2,0,0,1,0,0,9,2,E01002664,7,1,1.0,0.0,-1,3,70,1,4,1,01:55,4,2,9
2023211311467,2023,211311467,1,1,1,1,66,10,3,0,0,0,0,0,4,3,E01010407,3,1,0.0,1.0,-1,6,60,1,1,1,14:50,5,1,4
2023052301679,2023,052301679,2,1,1,1,77,11,3,0,0,0,0,0,9,7,E01007098,-1,0,0.09618,0.90382,-1,6,30,2,4,2,17:22,6,2,9
2023070292707,2023,070292707,1,1,1,2,-1,-1,3,0,0,0,0,0,9,8,E01018718,-1,0,0.00765,0.99235,-1,6,30,1,1,1,18:00,5,2,9
2023351318447,2023,351318447,2,1,1,2,52,8,3,0,0,0,0,0,9,8,E01018206,3,1,0.0,1.0,-1,7,70,1,1,1,10:57,3,2,9
2023501344982,2023,501344982,2,1,1,2,47,8,3,0,0,0,0,0,9,7,E01011181,3,1,0.0,1.0,-1,3,70,2,1,2,11:00,7,2,9
2023010458278,2023,010458278,2,2,1,1,22,5,3,0,0,0,0,0,-1,4,E01003389,-1,0,0.0,1.0,-1,6,30,1,1,1,07:20,3,2,-1
2023052300999,2023,052300999,1,1,1,1,17,4,2,0,0,0,0,0,97,-1,-1,-1,0,1.0,0.0,-1,6,20,1,1,1,17:40,3,2,97
2023010433976,2023,010433976,1,1,1,1,44,7,3,0,0,0,0,0,8,7,E01004159,-1,0,0.0,1.0,-1,6,30,1,1,1,08:40,5,2,8
2023010471146,2023,010471146,1,1,3,1,51,8,3,9,9,0,0,0,0,6,E01002523,-1,0,0.0,1.0,-1,2,20,1,1,1,07:50,3,1,1
2023010425134,2023,010425134,1,1,1,1,25,5,3,0,0,0,0,0,1,8,E01004498,-1,0,0.0,1.0,-1,3,30,1,1,1,08:55,6,2,1
2023010481394,2023,010481394,1,1,1,1,52,8,3,0,0,0,0,0,1,2,E01003991,-1,0,0.0,1.0,-1,6,20,1,1,1,13:20,6,2,1
2023141367211,2023,141367211,1,1,1,1,36,7,2,0,0,0,0,0,5,8,E01007888,7,1,1.0,0.0,-1,3,40,2,1,2,08:34,5,1,5
2023010471626,2023,010471626,1,1,1,2,49,8,3,0,0,0,0,0,9,-1,-1,-1,0,0.0,1.0,-1,6,20,1,1,1,15:18,5,3,9
2023131390306,2023,131390306,1,1,1,2,55,8,3,0,0,0,0,0,9,4,E01010791,3,1,0.0,1.0,-1,6,30,2,4,2,18:10,2,2,9
2023170M11073,2023,170M11073,1,1,1,1,25,5,3,0,0,0,0,0,9,1,E01012061,-1,0,0.01143,0.98857,-1,6,30,1,4,1,23:00,7,2,9
2023461330908,2023,461330908,1,1,2,1,52,8,3,0,0,1,0,0,9,6,E01016057,3,1,0.0,1.0,-1,3,70,2,1,2,19:16,1,1,9
2023461341311,2023,461341311,2,2,1,2,21,5,2,0,0,0,0,0,9,4,E01024204,7,1,1.0,0.0,-1,3,70,1,1,2,19:30,4,2,9
2023546825323,2023,546825323,2,2,1,1,65,9,2,0,0,0,0,0,19,7,E01020436,-1,0,1.0,0.0,-1,6,60,1,1,1,13:42,5,2,19
2023552300069,2023,552300069,1,1,3,2,18,4,3,5,1,0,0,0,0,9,E01022533,-1,0,0.09144,0.90856,-1,6,30,1,4,2,17:12,6,1,9
2023010464341,2023,010464341,1,1,1,1,29,6,3,0,0,0,0,0,3,5,E01003414,-1,0,0.0,1.0,-1,6,30,9,1,9,17:00,3,2,3
2023211270797,2023,211270797,2,1,1,1,45,7,2,0,0,0,0,0,5,6,E01029482,7,1,1.0,0.0,-1,6,40,1,1,2,08:10,4,2,5
2023201315061,2023,201315061,1,1,1,-1,42,7,3,0,0,0,0,0,-1,4,E01009927,3,1,0.0,1.0,-1,6,30,1,1,1,17:13,6,2,-1
2023311362196,2023,311362196,2,1,1,1,38,7,2,0,0,0,0,0,1,-1,-1,7,1,1.0,0.0,-1,6,20,1,1,1,12:22,4,2,1
2023010449298,2023,010449298,1,1,3,2,57,9,2,5,2,0,0,0,0,6,E01003033,-1,0,1.0,0.0,-1,2,20,1,1,1,17:55,5,1,1
2023501347213,2023,501347213,1,1,2,2,85,11,3,0,0,2,0,0,8,7,E01015117,3,1,0.0,1.0,-1,3,70,2,1,2,11:31,5,2,8
2023041263303,2023,041263303,1,1,3,2,52,8,3,10,3,0,0,0,0,1,E01012721,3,1,0.0,1.0,-1,6,30,2,1,2,11:06,7,2,9
2023522401203,2023,522401203,1,1,3,2,64,9,3,5,1,0,0,0,0,9,E01014557,-1,0,0.0453,0.9547,-1,1,20,1,4,1,21:55,1,1,9
2023010453669,2023,010453669,2,1,1,1,21,5,3,0,0,0,0,0,3,8,E01003001,-1,0,0.0,1.0,-1,6,20,1,1,1,04:58,6,2,3
2023010481676,2023,010481676,1,1,2,2,37,7,2,0,0,0,3,0,11,10,E01003858,-1,0,1.0,0.0,-1,6,20,2,1,2,09:47,1,1,11
2023471260750,2023,471260750,2,2,1,2,36,7,3,0,0,0,0,0,9,8,E01022757,3,1,0.0,1.0,-1,3,70,2,6,5,17:00,7,2,9
2023010471874,2023,010471874,1,1,1,-1,41,7,3,0,0,0,0,0,3,6,E01001952,-1,0,0.0,1.0,-1,6,20,9,7,9,19:40,6,2,3
2023141266634,2023,141266634,2,2,1,1,19,4,3,0,0,0,0,0,9,-1,-1,3,1,0.0,1.0,-1,6,30,1,4,1,21:04,1,2,9
2023411372884,2023,411372884,2,3,2,1,23,5,3,0,0,2,0,0,9,6,E01023868,3,1,0.0,1.0,-1,6,40,1,4,-1,23:50,6,2,9
2023552300139,2023,552300139,1,1,1,2,90,11,1,0,0,0,0,0,22,-1,-1,-1,0,0.0,0.0,-1,6,30,1,1,1,11:02,2,2,22