collision_index,collision_year,collision_ref_no,vehicle_reference,casualty_reference,casualty_class,sex_of_casualty,age_of_casualty,age_band_of_casualty,casualty_severity,pedestrian_location,pedestrian_movement,car_passenger,bus_or_coach_passenger,pedestrian_road_maintenance_worker,casualty_type,casualty_imd_decile,lsoa_of_casualty,enhanced_casualty_severity,casualty_injury_based,casualty_adjusted_severity_serious,casualty_adjusted_severity_slight,casualty_distance_banding,road_type,speed_limit,weather_conditions,light_conditions,road_surface_conditions,time,day_of_week,number_of_vehicles,vehicle_type
2023061315333,2023,061315333,2,1,2,2,18,4,3,0,0,1,0,0,9,5,E01005002,3,1,0.0,1.0,-1,7,30,1,1,1,13:23,6,2,9
2023122301294,2023,122301294,2,1,1,2,40,7,3,0,0,0,0,0,1,10,E01027639,-1,0,0.02362,0.97638,-1,6,30,1,1,1,15:10,5,2,1
2023010448395,2023,010448395,1,1,1,1,25,5,3,0,0,0,0,0,3,4,E01001216,-1,0,0.0,1.0,-1,6,20,2,1,2,18:30,1,2,3
2023201394140,2023,201394140,1,1,1,2,30,6,3,0,0,0,0,0,9,2,E01031097,3,1,0.0,1.0,-1,6,30,8,1,1,15:30,3,1,9
2023010462122,2023,010462122,1,1,1,1,23,5,3,0,0,0,0,0,3,2,E01001448,-1,0,0.0,1.0,-1,9,30,1,4,1,21:00,4,2,3
2023320639559,2023,320639559,1,1,1,1,31,6,3,0,0,0,0,0,3,7,E01026220,-1,0,0.24059,0.75941,-1,6,60,1,1,1,12:00,7,1,3
2023461374734,2023,461374734,2,1,1,1,18,4,3,0,0,0,0,0,3,7,E01024411,3,1,0.0,1.0,-1,6,30,1,1,1,07:48,3,2,3
2023201377683,2023,201377683,1,1,3,1,82,11,2,1,1,0,0,0,0,7,E01010243,7,1,1.0,0.0,-1,6,30,1,4,1,17:37,6,1,9
2023010480354,2023,010480354,1,1,3,2,14,3,3,1,3,0,0,0,0,2,E01001114,-1,0,0.0,1.0,-1,1,30,8,4,2,18:15,7,1,9
2023461294746,2023,461294746,1,1,3,1,56,9,3,6,9,0,0,0,0,8,E01024221,3,1,0.0,1.0,-1,6,30,1,1,1,10:40,3,1,9
2023010455588,2023,010455588,2,1,1,1,13,3,3,0,0,0,0,0,1,1,E01002091,-1,0,0.0,1.0,-1,6,20,1,1,1,08:31,2,2,1
2023010445897,2023,010445897,1,1,1,1,38,7,3,0,0,0,0,0,9,2,E01000077,-1,0,0.0,1.0,-1,6,20,1,4,1,22:17,2,2,9
2023340WN0212,2023,340WN0212,2,1,1,2,50,8,3,0,0,0,0,0,9,7,E01027219,-1,0,0.01519,0.98481,-1,6,30,2,1,2,13:50,7,2,9
2023471314612,2023,471314612,1,1,1,1,58,9,3,0,0,0,0,0,9,8,E01016981,3,1,0.0,1.0,-1,6,20,1,1,1,18:23,7,2,9
2023340WN0262,2023,340WN0262,2,2,2,1,1,1,3,0,0,2,0,0,9,-1,-1,-1,0,0.08154,0.91846,-1,6,60,8,1,2,15:15,2,2,9
2023461353691,2023,461353691,1,1,1,1,33,6,3,0,0,0,0,0,9,7,E01024435,3,1,0.0,1.0,-1,6,60,1,4,1,02:59,7,2,9
2023141290178,2023,141290178,2,1,1,1,72,10,3,0,0,0,0,0,97,9,E01007624,3,1,0.0,1.0,-1,6,40,1,1,1,10:10,6,2,97
2023201344985,2023,201344985,2,2,1,1,31,6,3,0,0,0,0,0,9,2,E01009508,3,1,0.0,1.0,-1,6,20,1,1,1,20:28,2,2,9
2023201364132,2023,201364132,2,2,1,-1,18,4,3,0,0,0,0,0,9,5,E01029726,3,1,0.0,1.0,-1,6,30,1,4,1,21:23,6,3,9
2023320435109,2023,320435109,2,1,1,1,64,9,3,0,0,0,0,0,9,6,E01026331,-1,0,0.01484,0.98516,-1,6,30,1,1,1,15:45,3,2,9
2023010481368,2023,010481368,1,1,1,2,37,7,3,0,0,0,0,0,9,2,E01001056,-1,0,0.0,1.0,-1,6,20,2,1,1,02:46,6,2,9
2023991338543,2023,991338543,2,4,2,1,61,9,3,0,0,1,0,0,9,7,E01013290,3,1,0.0,1.0,-1,6,60,1,1,2,13:58,7,2,9
2023421306787,2023,421306787,1,1,1,1,32,6,3,0,0,0,0,0,1,9,E01021623,3,1,0.0,1.0,-1,6,20,1,1,1,14:33,6,3,1
2023131304955,2023,131304955,2,1,1,1,43,7,3,0,0,0,0,0,9,1,E01011427,3,1,0.0,1.0,-1,3,30,1,4,1,22:24,1,3,9
2023201373891,2023,201373891,2,2,1,2,51,8,3,0,0,0,0,0,9,10,E01032139,3,1,0.0,1.0,-1,3,30,1,1,1,10:57,7,3,9
2023451319545,2023,451319545,2,2,2,2,19,4,3,0,0,1,0,0,9,6,E01030665,3,1,0.0,1.0,-1,6,40,1,7,1,22:30,5,2,9
2023991303710,2023,991303710,2,2,1,2,44,7,3,0,0,0,0,0,9,4,-1,3,1,0.0,1.0,-1,6,60,1,1,1,16:12,4,2,9
2023231285457,2023,231285457,1,1,1,1,19,4,3,0,0,0,0,0,5,2,E01031063,3,1,0.0,1.0,-1,3,30,1,1,1,16:59,7,2,5
2023010431932,2023,010431932,1,1,1,1,22,5,3,0,0,0,0,0,9,2,E01004471,-1,0,0.0,1.0,-1,6,30,1,1,1,12:59,2,2,9
2023430073164,2023,430073164,1,1,1,1,44,7,3,0,0,0,0,0,9,3,E01004568,-1,0,0.07684,0.92316,-1,3,40,1,6,1,21:29,5,2,9
2023430270924,2023,430270924,1,1,1,1,21,5,3,0,0,0,0,0,9,-1,-1,-1,0,0.08009,0.91991,-1,6,60,2,1,2,09:07,3,2,9
2023451370619,2023,451370619,2,1,1,2,44,7,3,0,0,0,0,0,9,10,E01030308,3,1,0.0,1.0,-1,6,30,1,1,2,10:00,7,2,9
2023471349272,2023,471349272,2,1,1,2,76,11,3,0,0,0,0,0,9,4,E01020918,3,1,0.0,1.0,-1,6,30,1,1,1,18:30,3,3,9
2023010449963,2023,010449963,1,1,1,1,39,7,3,0,0,0,0,0,1,9,E01003384,-1,0,0.0,1.0,-1,2,20,1,1,1,20:00,1,2,1
2023010444386,2023,010444386,1,1,1,1,26,6,3,0,0,0,0,0,3,1,E01003045,-1,0,0.0,1.0,-1,9,20,9,1,9,17:10,7,2,3
2023010458076,2023,010458076,2,1,1,1,31,6,3,0,0,0,0,0,3,6,E01002984,-1,0,0.0,1.0,-1,6,20,2,1,2,15:00,1,2,3
2023401307334,2023,401307334,2,1,2,1,21,5,3,0,0,2,0,0,8,5,E01015739,3,1,0.0,1.0,-1,1,30,1,1,1,15:39,4,2,8
2023101261384,2023,101261384,2,1,1,1,48,8,3,0,0,0,0,0,9,-1,-1,3,1,0.0,1.0,-1,1,30,1,4,2,23:22,7,2,9
2023451323817,2023,451323817,1,1,1,2,28,6,3,0,0,0,0,0,9,9,E01030844,3,1,0.0,1.0,-1,6,40,1,5,1,00:03,5,1,9
2023520300610,2023,520300610,2,69,2,1,53,8,3,0,0,0,4,0,11,4,E01029090,-1,0,0.0718,0.9282,-1,6,40,1,6,4,06:00,3,3,11
2023141317191,2023,141317191,2,1,1,1,16,4,2,0,0,0,0,0,97,4,E01007382,7,1,1.0,0.0,-1,3,30,1,1,1,19:52,7,2,97
2023531347046,2023,531347046,2,1,2,1,6,2,3,0,0,2,0,0,9,4,E01022331,3,1,0.0,1.0,-1,3,40,1,1,1,18:25,7,2,9
2023991274496,2023,991274496,1,1,2,1,45,7,2,0,0,0,0,0,19,1,-1,7,1,1.0,0.0,-1,6,60,4,1,1,14:01,4,1,19
2023052300277,2023,052300277,1,1,1,2,41,7,2,0,0,0,0,0,3,3,E01025492,-1,0,1.0,0.0,-1,6,30,1,1,2,11:57,7,1,3
2023991289645,2023,991289645,1,2,1,2,17,4,2,0,0,0,0,0,9,6,-1,7,1,1.0,0.0,-1,6,50,1,1,1,13:50,4,2,9
2023010435451,2023,010435451,1,1,3,2,76,11,2,9,5,0,0,0,0,2,E01004008,-1,0,1.0,0.0,-1,7,20,2,4,2,23:00,7,1,9
2023010446148,2023,010446148,2,1,1,1,26,6,3,0,0,0,0,0,1,1,E01002755,-1,0,0.0,1.0,-1,6,20,1,1,1,10:05,4,2,1
2023201284720,2023,201284720,2,1,1,2,27,6,3,0,0,0,0,0,1,7,E01009554,3,1,0.0,1.0,-1,1,30,1,1,1,10:40,2,2,1
2023061325659,2023,061325659,2,1,1,1,37,7,3,0,0,0,0,0,2,1,E01005290,3,1,0.0,1.0,-1,6,30,1,1,1,19:50,4,2,2
2023010449304,2023,010449304,1,1,1,1,41,7,2,0,0,0,0,0,3,6,E01030411,-1,0,1.0,0.0,-1,6,20,1,1,1,19:40,5,2,3
2023451303718,2023,451303718,2,1,1,1,34,6,2,0,0,0,0,0,9,5,E01001029,7,1,1.0,0.0,-1,6,40,1,4,1,21:30,4,2,9
2023471331889,2023,471331889,2,2,1,1,19,4,3,0,0,0,0,0,9,10,E01023881,3,1,0.0,1.0,-1,3,70,1,1,1,10:42,6,2,9
2023520400424,2023,520400424,1,1,1,1,44,7,3,0,0,0,0,0,9,3,E01029041,-1,0,0.00256,0.99744,-1,6,30,1,1,1,08:35,4,2,9
2023010424944,2023,010424944,1,1,2,2,44,7,3,0,0,0,3,0,11,3,E01001362,-1,0,0.0,1.0,-1,3,30,1,1,1,13:45,5,1,11
2023320325280,2023,320325280,2,4,2,1,90,11,3,0,0,2,0,0,9,1,E01013229,-1,0,0.1294,0.8706,-1,6,60,1,1,1,14:50,7,2,9
202360A166534,2023,60A166534,1,1,3,2,15,3,3,5,4,0,0,0,0,-1,-1,-1,0,0.15722,0.84278,-1,6,40,1,1,1,12:39,3,1,9
2023041294953,2023,041294953,1,1,1,1,23,5,2,0,0,0,0,0,3,2,E01025292,7,1,1.0,0.0,-1,3,30,1,1,1,10:15,1,2,3
2023010462520,2023,010462520,1,2,2,2,21,5,3,0,0,1,0,0,9,3,E01003625,-1,0,0.0,1.0,-1,9,30,1,1,1,06:40,7,2,9
2023041379116,2023,041379116,2,2,2,1,64,9,3,0,0,1,0,0,9,6,E01010640,3,1,0.0,1.0,-1,9,70,1,6,1,18:00,7,2,9
2023440309839,2023,440309839,2,1,1,1,14,3,3,0,0,0,0,0,1,2,E01017139,-1,0,0.1738,0.8262,-1,6,30,1,4,1,20:45,3,2,1
2023010438747,2023,010438747,1,1,1,1,44,7,3,0,0,0,0,0,9,5,E01000820,-1,0,0.0,1.0,-1,6,30,1,4,1,00:36,7,1,9
2023991305080,2023,991305080,3,4,2,1,66,10,3,0,0,1,0,0,9,-1,-1,3,1,0.0,1.0,-1,6,60,1,1,1,17:05,2,3,9
2023401347105,2023,401347105,1,1,1,1,23,5,2,0,0,0,0,0,23,6,E01017503,7,1,1.0,0.0,-1,6,30,1,1,1,20:42,5,2,23
2023211335226,2023,211335226,1,1,3,1,9,2,3,8,4,0,0,0,0,-1,-1,3,1,0.0,1.0,-1,6,30,1,1,1,15:40,4,1,9
2023461380860,2023,461380860,1,1,3,2,11,3,2,1,1,0,0,0,0,3,E01024149,7,1,1.0,0.0,-1,6,30,1,1,1,15:30,4,1,9
2023010455800,2023,010455800,2,1,1,1,33,6,2,0,0,0,0,0,1,6,E01024172,-1,0,1.0,0.0,-1,3,30,1,1,1,06:00,3,2,1
2023010442105,2023,010442105,1,1,1,1,30,6,3,0,0,0,0,0,3,1,E01002099,-1,0,0.0,1.0,-1,9,20,9,7,9,21:10,7,2,3
2023440407242,2023,440407242,1,1,1,2,69,10,3,0,0,0,0,0,9,7,E01017291,-1,0,0.15144,0.84856,-1,6,40,1,1,1,14:32,5,1,9
2023451271217,2023,451271217,1,1,1,1,18,4,3,0,0,0,0,0,9,8,E01004193,3,1,0.0,1.0,-1,1,70,1,4,2,00:06,7,1,9
202360A098568,2023,60A098568,2,2,1,1,48,8,3,0,0,0,0,0,9,-1,-1,-1,0,0.13862,0.86138,-1,6,60,1,1,1,14:43,7,2,9
2023320778029,2023,320778029,1,6,2,1,34,6,3,0,0,0,0,0,19,3,E01026023,-1,0,0.04924,0.95076,-1,6,30,2,7,2,07:00,3,2,19
2023401275652,2023,401275652,1,1,3,2,31,6,3,5,2,0,0,0,0,1,E01015795,3,1,0.0,1.0,-1,3,30,1,1,1,14:57,5,1,2
2023010466898,2023,010466898,1,3,2,2,62,9,3,0,0,2,0,0,9,-1,-1,-1,0,0.0,1.0,-1,6,30,9,1,9,14:33,1,2,9
2023421310892,2023,421310892,1,2,2,1,18,4,3,0,0,1,0,0,9,6,E01015864,3,1,0.0,1.0,-1,6,30,2,4,2,21:15,1,1,9
2023520301426,2023,520301426,1,2,2,2,19,4,3,0,0,1,0,0,9,6,E01032117,-1,0,0.04907,0.95093,-1,6,60,2,1,2,09:28,2,1,9
2023531298648,2023,531298648,1,1,1,1,18,4,2,0,0,0,0,0,9,6,E01022261,7,1,1.0,0.0,-1,3,70,1,4,1,21:25,4,1,9
2023010429330,2023,010429330,2,1,1,1,24,5,3,0,0,0,0,0,1,3,E01004037,-1,0,0.0,1.0,-1,3,30,1,4,1,19:50,1,2,1
2023421376652,2023,421376652,2,1,1,1,21,5,3,0,0,0,0,0,1,3,E01033722,3,1,0.0,1.0,-1,6,30,9,4,-1,17:57,3,2,1
2023031304771,2023,031304771,2,1,2,2,26,6,3,0,0,1,0,0,9,1,E01015611,3,1,0.0,1.0,-1,6,60,1,1,1,15:33,7,2,9
2023211388482,2023,211388482,2,1,1,2,33,6,3,0,0,0,0,0,9,2,E01009782,3,1,0.0,1.0,-1,6,60,1,6,2,05:11,6,2,9
2023361387782,2023,361387782,4,6,2,2,83,11,3,0,0,2,0,0,9,5,E01008917,3,1,0.0,1.0,-1,3,50,1,1,1,10:27,6,4,9
2023010469372,2023,010469372,2,1,1,1,24,5,3,0,0,0,0,0,-1,-1,-1,-1,0,0.0,1.0,-1,6,20,1,4,1,19:00,1,2,-1
2023201300734,2023,201300734,1,2,2,2,19,4,3,0,0,1,0,0,9,8,-1,3,1,0.0,1.0,-1,3,30,1,4,1,10:44,2,2,9
2023421359140,2023,421359140,2,4,2,1,14,3,3,0,0,2,0,0,9,6,E01021772,3,1,0.0,1.0,-1,6,30,1,4,2,20:10,6,2,9
2023501279437,2023,501279437,2,2,1,2,57,9,3,0,0,0,0,0,9,-1,-1,3,1,0.0,1.0,-1,6,60,1,1,2,09:00,4,2,9
2023041283644,2023,041283644,2,1,1,1,20,4,3,0,0,0,0,0,1,4,E01033071,3,1,0.0,1.0,-1,6,30,1,1,1,13:15,5,2,1
2023371345470,2023,371345470,2,1,1,1,51,8,3,0,0,0,0,0,1,5,E01030106,3,1,0.0,1.0,-1,6,30,1,1,2,18:54,4,2,1
2023161322352,2023,161322352,1,1,1,1,75,10,3,0,0,0,0,0,9,7,E01012983,3,1,0.0,1.0,-1,6,30,1,1,1,16:44,7,1,9
2023311319561,2023,311319561,1,1,1,2,50,8,3,0,0,0,0,0,9,9,E01028214,3,1,0.0,1.0,-1,3,50,1,1,1,01:04,6,1,9
2023061277811,2023,061277811,2,1,1,1,34,6,2,0,0,0,0,0,3,-1,-1,7,1,1.0,0.0,-1,6,30,1,6,2,20:00,4,2,3
202360A042346,2023,60A042346,1,1,1,2,18,4,2,0,0,0,0,0,3,-1,-1,-1,0,1.0,0.0,-1,6,60,4,1,2,14:28,6,2,3
2023440147903,2023,440147903,2,2,2,2,35,6,3,0,0,2,0,0,9,10,E01022546,-1,0,0.02509,0.97491,-1,6,30,1,4,1,22:54,7,2,9
2023010482571,2023,010482571,1,1,1,1,45,7,3,0,0,0,0,0,9,9,E01000191,-1,0,0.0,1.0,-1,6,30,1,4,1,20:28,4,2,9
2023302300581,2023,302300581,1,1,2,1,13,3,3,0,0,2,0,0,9,1,E01008076,-1,0,0.039,0.961,-1,6,40,1,1,1,14:18,1,3,9
2023421352533,2023,421352533,1,1,1,2,62,9,3,0,0,0,0,0,9,-1,-1,3,1,0.0,1.0,-1,1,70,1,1,1,12:02,5,2,9
2023061325689,2023,061325689,2,1,1,2,38,7,3,0,0,0,0,0,9,3,E01005536,3,1,0.0,1.0,-1,6,30,1,1,-1,12:10,2,2,9
2023332300421,2023,332300421,1,3,2,1,21,5,2,0,0,2,0,0,9,-1,-1,-1,0,1.0,0.0,-1,6,60,1,1,1,13:20,6,2,9
2023201277776,2023,201277776,2,1,1,1,67,10,3,0,0,0,0,0,5,3,E01010242,3,1,0.0,1.0,-1,1,30,1,1,1,08:45,6,2,5
2023991350787,2023,991350787,1,1,1,2,27,6,3,0,0,0,0,0,9,6,-1,3,1,0.0,1.0,-1,6,60,1,1,1,07:00,2,1,9
2023320753646,2023,320753646,1,1,3,1,88,11,2,5,3,0,0,0,0,8,E01026342,-1,0,1.0,0.0,-1,6,30,2,4,2,16:38,5,1,9
2023141369171,2023,141369171,2,2,1,2,49,8,3,0,0,0,0,0,9,7,E01007778,3,1,0.0,1.0,-1,6,30,2,7,2,19:41,3,3,9
2023461367258,2023,461367258,1,1,1,2,52,8,3,0,0,0,0,0,9,-1,-1,3,1,0.0,1.0,-1,3,50,1,4,2,05:15,7,2,9
2023311352806,2023,311352806,2,1,1,1,-1,-1,3,0,0,0,0,0,1,-1,-1,3,1,0.0,1.0,-1,3,30,1,1,1,18:00,4,2,1
2023461343597,2023,461343597,2,2,1,1,40,7,3,0,0,0,0,0,1,6,E01024034,3,1,0.0,1.0,-1,6,60,1,1,1,17:37,2,2,1
2023122300408,2023,122300408,2,2,1,1,48,8,3,0,0,0,0,0,9,4,E01027803,-1,0,0.06648,0.93352,-1,6,40,1,1,2,13:13,2,2,9
2023320330884,2023,320330884,1,1,1,1,45,7,3,0,0,0,0,0,9,1,E01009333,-1,0,0.11535,0.88465,-1,6,30,2,1,2,05:00,4,1,9
2023340506790,2023,340506790,1,1,1,2,25,5,3,0,0,0,0,0,9,7,E01016191,-1,0,0.06235,0.93765,-1,3,70,1,6,1,18:25,6,2,9
2023361391163,2023,361391163,1,1,1,1,36,7,3,0,0,0,0,0,9,7,E01026565,3,1,0.0,1.0,-1,6,40,4,4,2,16:24,5,2,9
2023501393870,2023,501393870,2,1,1,2,17,4,3,0,0,0,0,0,9,7,E01020164,3,1,0.0,1.0,-1,6,30,1,4,1,18:17,2,2,9
2023991272515,2023,991272515,1,2,2,1,38,7,3,0,0,1,0,0,9,10,-1,3,1,0.0,1.0,-1,3,70,1,1,2,13:25,7,2,9
2023471296422,2023,471296422,1,1,1,1,21,5,3,0,0,0,0,0,19,7,E01020986,3,1,0.0,1.0,-1,6,40,1,1,1,14:50,5,1,19
2023201321807,2023,201321807,1,1,3,2,11,3,3,3,3,0,0,0,0,1,E01010532,3,1,0.0,1.0,-1,6,30,1,1,1,15:20,3,1,9
2023421272134,2023,421272134,1,1,3,1,62,9,2,5,1,0,0,0,0,9,E01023438,7,1,1.0,0.0,-1,6,30,1,1,1,14:38,6,1,9
2023010483176,2023,010483176,2,1,1,1,39,7,3,0,0,0,0,0,3,1,E01033455,-1,0,0.0,1.0,-1,6,30,5,4,2,17:00,7,2,3
2023010466437,2023,010466437,1,1,1,1,70,10,2,0,0,0,0,0,9,1,E01002036,-1,0,1.0,0.0,-1,6,30,1,1,1,14:20,7,5,9
2023320660827,2023,320660827,1,2,1,1,54,8,3,0,0,0,0,0,19,10,E01026187,-1,0,0.08609,0.91391,-1,6,60,2,1,2,14:35,3,3,19
2023311292901,2023,311292901,1,1,3,2,12,3,3,5,4,0,0,0,0,-1,-1,3,1,0.0,1.0,-1,6,30,1,1,1,15:30,6,1,9
2023052300348,2023,052300348,2,1,1,2,36,7,3,0,0,0,0,0,9,5,E01007243,-1,0,0.00953,0.99047,-1,3,70,1,5,1,18:15,7,2,9
2023201387349,2023,201387349,2,3,2,2,-1,-1,3,0,0,2,0,0,9,-1,-1,3,1,0.0,1.0,-1,6,30,1,5,1,09:00,1,2,9
2023340WN4202,2023,340WN4202,1,1,1,1,27,6,3,0,0,0,0,0,9,7,E01027219,-1,0,0.09086,0.90914,-1,1,30,1,1,1,17:40,7,1,9
2023401308637,2023,401308637,2,3,1,2,59,9,3,0,0,0,0,0,9,8,E01017735,3,1,0.0,1.0,-1,6,30,1,1,1,18:38,6,4,9
2023421316932,2023,421316932,1,2,2,2,80,11,3,0,0,1,0,0,9,5,E01021393,3,1,0.0,1.0,-1,6,30,1,1,1,14:49,6,3,9
2023531337272,2023,531337272,2,1,1,1,58,9,2,0,0,0,0,0,9,6,E01022232,7,1,1.0,0.0,-1,6,50,1,1,1,13:01,3,3,9
2023552301461,2023,552301461,2,1,1,2,33,6,3,0,0,0,0,0,9,8,E01023069,-1,0,0.01037,0.98963,-1,6,30,1,1,1,17:47,2,2,9
2023010458831,2023,010458831,2,1,1,1,61,9,3,0,0,0,0,0,1,3,E01002572,-1,0,0.0,1.0,-1,9,20,1,1,9,13:00,6,2,1
2023531375966,2023,531375966,2,1,1,1,62,9,2,0,0,0,0,0,1,9,E01022212,7,1,1.0,0.0,-1,6,60,1,1,2,13:25,6,2,1
2023010462022,2023,010462022,2,1,1,1,41,7,3,0,0,0,0,0,3,4,E01000504,-1,0,0.0,1.0,-1,6,20,1,1,1,14:55,4,2,3
2023451366656,2023,451366656,1,1,1,1,17,4,2,0,0,0,0,0,3,6,E01030957,6,1,1.0,0.0,-1,6,40,1,1,2,07:00,3,1,3
2023010449032,2023,010449032,2,1,1,1,29,6,3,0,0,0,0,0,4,3,E01000642,-1,0,0.0,1.0,-1,3,20,1,1,1,14:26,4,2,4
2023302301217,2023,302301217,2,1,1,1,59,9,1,0,0,0,0,0,5,6,E01028102,-1,0,0.0,0.0,-1,6,50,1,1,1,09:25,1,3,5
2023010469108,2023,010469108,1,1,1,1,34,6,3,0,0,0,0,0,9,4,E01004617,-1,0,0.0,1.0,-1,6,20,1,4,1,05:30,7,1,9
2023332301242,2023,332301242,1,1,3,2,12,3,3,5,3,0,0,0,0,1,E01013632,-1,0,0.06549,0.93451,-1,6,30,8,4,2,18:00,2,1,9
2023010480046,2023,010480046,2,1,1,2,64,9,2,0,0,0,0,0,1,5,E01003955,-1,0,1.0,0.0,-1,6,30,1,1,1,09:35,7,2,1
2023052302229,2023,052302229,1,1,1,1,15,3,2,0,0,0,0,0,1,1,E01007295,-1,0,1.0,0.0,-1,6,30,1,1,1,16:50,4,2,1
2023161365747,2023,161365747,2,1,2,2,59,9,3,0,0,1,0,0,9,6,E01027834,3,1,0.0,1.0,-1,6,30,1,1,1,16:30,1,2,9
2023471381103,2023,471381103,1,1,1,1,86,11,3,0,0,0,0,0,9,8,E01031466,3,1,0.0,1.0,-1,1,30,1,4,1,17:50,5,2,9
2023010445375,2023,010445375,1,1,1,1,28,6,3,0,0,0,0,0,9,6,E01001598,-1,0,0.0,1.0,-1,3,20,1,4,1,03:50,7,1,9
2023201453267,2023,201453267,2,1,1,1,47,8,3,0,0,0,0,0,9,8,E01009555,3,1,0.0,1.0,-1,6,30,1,1,1,09:15,7,2,9
202360A192219,2023,60A192219,1,1,1,1,58,9,2,0,0,0,0,0,9,-1,-1,-1,0,1.0,0.0,-1,6,30,3,6,2,00:34,5,1,9
2023010441467,2023,010441467,1,1,3,1,56,9,2,8,4,0,0,0,0,3,E01003524,-1,0,1.0,0.0,-1,6,30,2,1,2,10:30,7,1,9
2023371348132,2023,371348132,2,1,1,1,42,7,3,0,0,0,0,0,1,10,E01030104,3,1,0.0,1.0,-1,3,30,1,1,1,11:50,1,2,1
2023302300470,2023,302300470,2,1,1,1,35,6,2,0,0,0,0,0,3,3,E01019515,-1,0,1.0,0.0,-1,6,40,1,1,1,09:35,4,2,3
2023101392774,2023,101392774,2,1,2,2,29,6,3,0,0,1,0,0,9,-1,-1,3,1,0.0,1.0,-1,6,40,1,1,2,09:45,5,2,9
2023201299367,2023,201299367,1,1,1,2,-1,-1,3,0,0,0,0,0,9,-1,-1,3,1,0.0,1.0,-1,6,30,2,4,2,23:51,5,2,9
2023471370493,2023,471370493,2,2,1,2,54,8,3,0,0,0,0,0,9,3,E01031783,3,1,0.0,1.0,-1,6,30,1,4,1,17:45,6,2,9
2023991317023,2023,991317023,2,1,1,1,47,8,3,0,0,0,0,0,9,9,-1,3,1,0.0,1.0,-1,6,30,1,1,1,08:30,6,2,9
2023451385396,2023,451385396,2,4,2,2,72,10,3,0,0,0,4,0,11,4,E01030745,3,1,0.0,1.0,-1,3,40,2,1,2,11:05,7,2,11
2023041321625,2023,041321625,2,1,1,2,25,5,3,0,0,0,0,0,9,9,E01025569,3,1,0.0,1.0,-1,6,30,1,1,1,17:40,3,2,9
2023430014146,2023,430014146,1,1,3,1,87,11,2,5,1,0,0,0,0,10,E01017917,-1,0,1.0,0.0,-1,6,30,8,6,2,17:24,3,1,19
2023430392367,2023,430392367,2,1,1,1,25,5,3,0,0,0,0,0,9,9,E01027274,-1,0,0.01915,0.98085,-1,6,60,1,1,1,16:00,5,2,9
2023501337205,2023,501337205,2,1,1,1,75,10,3,0,0,0,0,0,9,4,E01015268,3,1,0.0,1.0,-1,3,70,1,1,2,15:15,2,3,9
202354B149223,2023,54B149223,2,3,1,1,62,9,3,0,0,0,0,0,21,8,E01026013,-1,0,0.09223,0.90777,-1,3,70,2,1,2,09:10,6,5,21
2023010454368,2023,010454368,3,1,2,1,-1,-1,3,0,0,0,0,0,97,-1,-1,-1,0,0.0,1.0,-1,9,20,1,1,1,16:00,2,3,97
2023010460206,2023,010460206,1,1,1,2,46,8,3,0,0,0,0,0,9,5,E01023661,-1,0,0.0,1.0,-1,3,30,1,1,1,09:00,7,2,9
2023061346041,2023,061346041,1,4,2,2,30,6,3,0,0,1,0,0,9,-1,-1,3,1,0.0,1.0,-1,6,30,1,1,1,18:30,1,1,9
2023351354675,2023,351354675,1,1,1,1,23,5,3,0,0,0,0,0,9,7,E01025888,3,1,0.0,1.0,-1,6,30,2,6,2,00:51,7,1,9
2023440227468,2023,440227468,1,1,3,1,17,4,3,5,1,0,0,0,0,1,E01017038,-1,0,0.1717,0.8283,-1,6,20,1,1,1,19:25,5,1,9
2023010449699,2023,010449699,1,1,1,1,17,4,3,0,0,0,0,0,3,3,E01000929,-1,0,0.0,1.0,-1,9,20,1,1,1,13:00,7,2,3
2023440222630,2023,440222630,1,1,1,1,22,5,3,0,0,0,0,0,5,3,E01017360,-1,0,0.21208,0.78792,-1,6,30,1,1,1,18:04,2,1,5
2023161348507,2023,161348507,1,1,1,2,28,6,3,0,0,0,0,0,9,-1,-1,3,1,0.0,1.0,-1,6,30,3,1,3,06:45,6,1,9
2023161352639,2023,161352639,1,1,2,2,28,6,3,0,0,1,0,0,9,1,E01013141,3,1,0.0,1.0,-1,1,30,1,4,1,22:00,5,2,9
2023311379656,2023,311379656,1,1,1,2,32,6,3,0,0,0,0,0,9,5,E01028189,3,1,0.0,1.0,-1,6,30,2,4,2,21:17,2,2,9
2023461266469,2023,461266469,1,2,2,1,43,7,2,0,0,1,0,0,9,1,E01024663,6,1,1.0,0.0,-1,6,30,1,4,1,22:20,7,1,9
2023421383389,2023,421383389,2,1,1,2,19,4,3,0,0,0,0,0,9,3,E01015962,3,1,0.0,1.0,-1,6,30,2,4,2,20:30,1,2,9
2023552300408,2023,552300408,2,1,1,2,24,5,3,0,0,0,0,0,9,7,E01015446,-1,0,0.01185,0.98815,-1,6,30,1,1,1,19:27,2,2,9
2023401301183,2023,401301183,1,1,1,1,68,10,3,0,0,0,0,0,11,9,E01017450,3,1,0.0,1.0,-1,6,60,1,1,1,07:10,4,2,11
2023471357772,2023,471357772,2,1,1,1,39,7,3,0,0,0,0,0,19,6,E01021148,3,1,0.0,1.0,-1,6,60,1,1,1,16:28,6,2,19
2023201403090,2023,201403090,1,1,1,1,-1,-1,3,0,0,0,0,0,2,2,E01009746,3,1,0.0,1.0,-1,6,30,1,1,1,07:22,4,2,2