collision_index,collision_year,collision_ref_no,vehicle_reference,casualty_reference,casualty_class,sex_of_casualty,age_of_casualty,age_band_of_casualty,casualty_severity,pedestrian_location,pedestrian_movement,car_passenger,bus_or_coach_passenger,pedestrian_road_maintenance_worker,casualty_type,casualty_imd_decile,lsoa_of_casualty,enhanced_casualty_severity,casualty_injury_based,casualty_adjusted_severity_serious,casualty_adjusted_severity_slight,casualty_distance_banding,road_type,speed_limit,weather_conditions,light_conditions,road_surface_conditions,time,day_of_week,number_of_vehicles,vehicle_type
2023010484421,2023,010484421,1,1,1,1,42,7,3,0,0,0,0,0,5,5,E01004353,-1,0,0.0,1.0,-1,6,30,2,4,2,19:30,4,1,5
2023141295935,2023,141295935,1,1,1,2,51,8,3,0,0,0,0,0,9,2,E01007451,3,1,0.0,1.0,-1,6,30,1,1,2,14:18,4,2,9
2023421297881,2023,421297881,2,1,1,2,54,8,3,0,0,0,0,0,9,5,E01021415,3,1,0.0,1.0,-1,6,30,1,1,1,13:25,3,2,9
2023430139234,2023,430139234,1,1,1,1,21,5,3,0,0,0,0,0,9,10,E01017636,-1,0,0.03766,0.96234,-1,6,30,2,4,2,22:26,4,2,9
2023991277919,2023,991277919,1,1,1,1,18,4,2,0,0,0,0,0,9,5,-1,7,1,1.0,0.0,-1,3,60,2,6,2,19:05,5,3,9
2023201338030,2023,201338030,1,1,3,2,1,1,3,5,1,0,0,0,0,1,E01010526,3,1,0.0,1.0,-1,6,30,1,1,1,19:30,3,1,9
2023471326187,2023,471326187,2,1,1,1,27,6,3,0,0,0,0,0,5,3,E01021065,3,1,0.0,1.0,-1,6,30,8,1,1,17:20,3,2,5
2023631348943,2023,631348943,1,2,2,2,61,9,2,0,0,1,0,0,9,4,W01000586,5,1,1.0,0.0,-1,3,30,1,5,1,14:50,2,2,9
2023221362404,2023,221362404,1,1,3,1,4,1,3,1,1,0,0,0,0,1,E01032318,3,1,0.0,1.0,-1,6,30,1,1,1,18:00,5,1,9
2023302301733,2023,302301733,2,1,1,1,31,6,2,0,0,0,0,0,1,2,E01019579,-1,0,1.0,0.0,-1,6,40,1,1,1,10:50,7,2,1
2023010428031,2023,010428031,1,1,1,1,27,6,2,0,0,0,0,0,4,3,E01000933,-1,0,1.0,0.0,-1,3,20,1,1,1,11:40,1,2,4
2023520400177,2023,520400177,1,3,2,1,23,5,3,0,0,1,0,0,9,-1,-1,-1,0,0.0519,0.9481,-1,6,50,2,1,2,07:43,7,2,9
2023131342238,2023,131342238,2,1,1,1,20,4,2,0,0,0,0,0,1,7,E01010636,7,1,1.0,0.0,-1,6,30,1,1,1,08:40,4,2,1
2023332301004,2023,332301004,2,1,1,1,37,7,3,0,0,0,0,0,1,8,E01013643,-1,0,0.08361,0.91639,-1,6,30,1,4,1,20:35,2,2,1
2023010451283,2023,010451283,2,1,1,1,25,5,2,0,0,0,0,0,5,7,E01015920,-1,0,1.0,0.0,-1,3,70,1,1,1,12:40,7,2,5
2023451351793,2023,451351793,1,1,1,1,64,9,3,0,0,0,0,0,9,10,E01030535,3,1,0.0,1.0,-1,6,30,1,1,1,07:05,6,2,9
2023461359274,2023,461359274,2,2,2,2,16,4,2,0,0,1,0,0,9,6,E01032798,7,1,1.0,0.0,-1,6,30,1,1,1,12:52,4,2,9
2023471324866,2023,471324866,2,2,2,2,19,4,3,0,0,2,0,0,9,7,E01016903,3,1,0.0,1.0,-1,6,50,1,4,1,23:48,7,3,9
2023052302174,2023,052302174,1,1,3,2,16,4,2,6,9,0,0,0,0,1,E01007120,-1,0,1.0,0.0,-1,3,30,1,1,1,10:36,6,1,11
2023501285849,2023,501285849,1,1,3,2,15,3,3,10,4,0,0,2,0,3,E01015041,3,1,0.0,1.0,-1,6,30,1,4,2,17:34,5,1,9
2023522300824,2023,522300824,1,1,1,2,66,10,3,0,0,0,0,0,9,1,E01014655,-1,0,0.07431,0.92569,-1,6,60,1,1,1,17:35,2,2,9
2023522301477,2023,522301477,2,3,2,1,32,6,3,0,0,1,0,0,19,9,E01014757,-1,0,0.0595,0.9405,-1,3,60,1,1,2,10:35,7,3,19
2023471271783,2023,471271783,1,1,3,2,48,8,2,4,3,0,0,0,0,4,E01031377,5,1,1.0,0.0,-1,6,30,1,4,2,06:30,6,1,9
2023010435378,2023,010435378,1,1,1,1,24,5,3,0,0,0,0,0,3,6,E01002662,-1,0,0.0,1.0,-1,9,20,1,1,1,15:30,7,2,3
2023231273884,2023,231273884,1,1,2,2,36,7,3,0,0,1,0,0,9,2,E01031046,3,1,0.0,1.0,-1,3,30,1,4,1,18:39,6,2,9
2023311392519,2023,311392519,1,1,1,1,55,8,3,0,0,0,0,0,9,2,E01028275,3,1,0.0,1.0,-1,6,30,3,5,2,15:08,4,2,9
2023461331661,2023,461331661,1,3,2,1,39,7,3,0,0,1,0,0,9,3,E01024717,3,1,0.0,1.0,-1,6,40,1,1,1,05:13,1,2,9
2023010479585,2023,010479585,2,1,1,1,19,4,3,0,0,0,0,0,1,6,E01004680,-1,0,0.0,1.0,-1,6,20,1,4,1,19:45,4,2,1
2023471351830,2023,471351830,1,1,1,1,19,4,2,0,0,0,0,0,4,10,E01020940,5,1,1.0,0.0,-1,6,30,1,1,1,16:41,3,2,4
2023010431536,2023,010431536,2,2,1,1,34,6,3,0,0,0,0,0,8,3,E01023343,-1,0,0.0,1.0,-1,6,20,1,4,1,22:40,6,2,8
2023231341330,2023,231341330,1,1,2,2,20,4,3,0,0,2,0,0,9,1,E01033645,3,1,0.0,1.0,-1,6,50,1,1,1,14:07,1,1,9
2023531305364,2023,531305364,1,2,2,2,78,11,3,0,0,1,0,0,9,10,E01022146,3,1,0.0,1.0,-1,6,30,1,1,1,13:00,3,2,9
2023411369372,2023,411369372,1,1,3,1,80,11,2,9,7,0,0,0,0,6,E01023499,5,1,1.0,0.0,-1,2,30,1,6,1,20:05,3,1,9
2023461304241,2023,461304241,1,1,3,2,52,8,3,9,7,0,0,2,0,5,E01024393,3,1,0.0,1.0,-1,6,30,1,1,1,14:30,1,1,9
2023041290794,2023,041290794,1,1,1,1,24,5,3,0,0,0,0,0,3,2,E01012696,3,1,0.0,1.0,-1,3,40,1,1,1,08:40,5,1,3
2023201327819,2023,201327819,2,1,1,2,78,11,3,0,0,0,0,0,9,1,E01010415,3,1,0.0,1.0,-1,3,40,1,1,1,12:15,4,2,9
2023461293069,2023,461293069,1,1,3,1,8,2,3,10,9,0,0,0,0,2,E01024517,3,1,0.0,1.0,-1,6,30,9,1,-1,17:30,5,1,9
2023010466412,2023,010466412,1,1,1,1,27,6,3,0,0,0,0,0,1,2,E01004290,-1,0,0.0,1.0,-1,9,20,9,1,9,19:41,6,2,1
2023010468036,2023,010468036,2,2,1,2,44,7,3,0,0,0,0,0,9,2,E01000434,-1,0,0.0,1.0,-1,3,30,1,4,1,19:45,1,2,9
2023201293040,2023,201293040,2,1,1,2,50,8,3,0,0,0,0,0,9,3,E01009086,3,1,0.0,1.0,-1,6,30,2,4,2,20:50,1,2,9
2023201297796,2023,201297796,1,1,1,1,77,11,2,0,0,0,0,0,9,6,E01010350,5,1,1.0,0.0,-1,6,30,2,1,2,12:35,4,1,9
2023201380914,2023,201380914,2,3,2,2,44,7,3,0,0,-1,0,0,9,2,E01010555,3,1,0.0,1.0,-1,6,30,1,1,1,12:55,3,2,9
2023221308223,2023,221308223,2,2,1,2,45,7,3,0,0,0,0,0,9,5,E01028858,3,1,0.0,1.0,-1,6,50,1,6,1,22:15,4,2,9
2023461289605,2023,461289605,3,3,1,2,53,8,3,0,0,0,0,0,9,4,E01024620,3,1,0.0,1.0,-1,6,40,1,4,1,22:17,6,3,9
2023201375393,2023,201375393,1,1,1,1,15,3,3,0,0,0,0,0,-1,1,E01010039,3,1,0.0,1.0,-1,6,30,1,1,1,16:09,4,2,-1
2023311380443,2023,311380443,1,1,1,1,31,6,2,0,0,0,0,0,5,2,E01013919,5,1,1.0,0.0,-1,6,30,2,4,2,17:24,3,1,5
2023201393268,2023,201393268,1,1,1,2,27,6,3,0,0,0,0,0,9,8,E01009252,3,1,0.0,1.0,-1,6,30,1,1,1,17:25,6,2,9
2023461381831,2023,461381831,1,2,2,1,18,4,3,0,0,2,0,0,9,3,E01024047,3,1,0.0,1.0,-1,6,50,2,6,2,21:44,6,1,9
2023531342973,2023,531342973,1,1,1,2,72,10,3,0,0,0,0,0,9,10,E01022465,3,1,0.0,1.0,-1,6,60,1,1,1,15:35,5,2,9
2023141364652,2023,141364652,1,1,3,2,38,7,3,8,1,0,0,0,0,1,E01007655,3,1,0.0,1.0,-1,6,20,1,1,1,16:30,4,1,9
2023430453455,2023,430453455,1,2,2,1,24,5,3,0,0,9,0,0,9,4,E01001285,-1,0,0.01236,0.98764,-1,7,70,1,6,1,06:00,6,1,9
2023471316528,2023,471316528,2,2,1,2,46,8,3,0,0,0,0,0,9,7,E01016917,3,1,0.0,1.0,-1,6,30,1,1,1,17:28,5,2,9
2023531291064,2023,531291064,1,1,3,1,11,3,2,8,1,0,0,0,0,1,E01022347,7,1,1.0,0.0,-1,6,20,1,1,1,15:20,2,1,5
2023221287557,2023,221287557,1,1,1,1,46,8,3,0,0,0,0,0,9,4,E01014017,3,1,0.0,1.0,-1,6,60,2,1,2,12:58,7,1,9
2023471350929,2023,471350929,1,1,1,2,35,6,3,0,0,0,0,0,9,8,E01021176,3,1,0.0,1.0,-1,6,40,1,1,1,10:55,1,2,9
2023543469823,2023,543469823,1,1,1,2,63,9,3,0,0,0,0,0,9,8,E01002865,-1,0,0.09913,0.90087,-1,6,60,1,1,2,15:23,7,3,9
2023302301026,2023,302301026,1,2,1,1,52,8,2,0,0,0,0,0,-1,1,E01013590,-1,0,1.0,0.0,-1,3,30,1,1,1,12:51,4,1,-1
2023031311958,2023,031311958,2,1,1,1,33,6,3,0,0,0,0,0,9,-1,-1,3,1,0.0,1.0,-1,3,30,1,1,1,19:30,6,2,9
2023041341800,2023,041341800,2,3,1,2,26,6,3,0,0,0,0,0,9,6,E01025325,3,1,0.0,1.0,-1,6,30,1,1,1,18:45,4,2,9
2023141292234,2023,141292234,1,1,1,2,30,6,3,0,0,0,0,0,9,3,E01013238,3,1,0.0,1.0,-1,6,50,1,1,2,16:10,5,2,9
2023501315927,2023,501315927,3,4,2,2,13,3,3,0,0,2,0,0,9,3,E01020104,3,1,0.0,1.0,-1,6,30,1,1,1,08:40,4,3,9
2023991392841,2023,991392841,1,1,1,1,54,8,3,0,0,0,0,0,9,3,-1,3,1,0.0,1.0,-1,3,70,5,1,2,07:38,4,1,9
2023131350853,2023,131350853,1,1,2,2,21,5,3,0,0,1,0,0,9,7,E01011511,3,1,0.0,1.0,-1,6,60,1,1,1,08:41,1,1,9
2023320590509,2023,320590509,2,1,1,1,56,9,3,0,0,0,0,0,9,5,E01013518,-1,0,0.05596,0.94404,-1,3,70,1,1,2,14:40,6,2,9
2023421338412,2023,421338412,1,1,1,2,56,9,3,0,0,0,0,0,9,2,E01021872,3,1,0.0,1.0,-1,6,40,2,1,2,11:09,7,2,9
2023010465203,2023,010465203,1,1,1,2,31,6,3,0,0,0,0,0,1,6,E01002974,-1,0,0.0,1.0,-1,9,20,1,1,1,09:54,5,2,1
2023461288427,2023,461288427,2,1,1,2,12,3,3,0,0,0,0,0,1,3,E01016098,3,1,0.0,1.0,-1,6,30,4,1,1,08:23,2,2,1
2023010448497,2023,010448497,1,1,1,1,37,7,3,0,0,0,0,0,3,1,E01004665,-1,0,0.0,1.0,-1,3,30,8,1,1,12:50,2,2,3
2023010465441,2023,010465441,1,1,1,1,49,8,3,0,0,0,0,0,5,8,E01021340,-1,0,0.0,1.0,-1,6,30,1,1,1,06:00,3,2,5
2023010423166,2023,010423166,1,1,1,2,49,8,3,0,0,0,0,0,9,5,E01003713,-1,0,0.0,1.0,-1,1,30,1,1,1,15:34,2,2,9
2023122300192,2023,122300192,2,2,1,2,73,10,3,0,0,0,0,0,9,6,E01024949,-1,0,0.09342,0.90658,-1,9,60,1,1,1,10:13,4,2,9
2023161274468,2023,161274468,1,1,1,1,48,8,3,0,0,0,0,0,90,2,E01007491,3,1,0.0,1.0,-1,6,60,1,1,1,11:55,5,1,90
2023320430986,2023,320430986,1,1,3,2,24,5,3,6,9,0,0,0,0,3,E01026317,-1,0,0.05395,0.94605,-1,6,30,1,1,1,15:10,4,1,9
2023111388472,2023,111388472,2,1,1,1,44,7,2,0,0,0,0,0,1,2,E01020700,7,1,1.0,0.0,-1,6,30,1,6,2,17:30,3,2,1
2023552400234,2023,552400234,2,1,1,1,18,4,3,0,0,0,0,0,1,-1,-1,-1,0,0.06935,0.93065,-1,6,30,1,4,1,18:41,2,2,1
2023471322456,2023,471322456,2,1,1,1,27,6,3,0,0,0,0,0,3,6,E01016987,3,1,0.0,1.0,-1,6,30,1,1,1,10:15,1,2,3
2023201408305,2023,201408305,1,1,1,1,19,4,3,0,0,0,0,0,9,3,E01008933,3,1,0.0,1.0,-1,3,30,1,1,2,13:52,5,1,9
2023320440816,2023,320440816,1,1,1,2,23,5,3,0,0,0,0,0,9,3,E01026017,-1,0,0.03263,0.96737,-1,6,30,1,1,1,12:10,2,2,9
2023411412504,2023,411412504,1,1,1,1,91,11,1,0,0,0,0,0,9,7,E01023373,1,1,0.0,0.0,-1,6,30,1,1,1,11:06,7,2,9
2023430379772,2023,430379772,1,1,1,1,42,7,3,0,0,0,0,0,9,8,E01017720,-1,0,0.09933,0.90067,-1,6,60,1,1,1,17:28,5,3,9
2023451415620,2023,451415620,2,1,1,2,27,6,3,0,0,0,0,0,9,5,E01030493,3,1,0.0,1.0,-1,6,30,1,1,1,17:10,1,2,9
2023010457949,2023,010457949,1,1,1,1,23,5,3,0,0,0,0,0,9,5,E01033719,-1,0,0.0,1.0,-1,6,30,1,4,1,02:20,1,1,9
2023522301405,2023,522301405,1,1,1,1,32,6,3,0,0,0,0,0,9,7,E01015013,-1,0,0.05177,0.94823,-1,6,30,2,1,2,06:36,7,3,9
2023131356372,2023,131356372,2,4,2,1,20,4,3,0,0,0,0,0,19,2,E01007451,3,1,0.0,1.0,-1,3,40,1,1,1,07:25,3,2,19
2023201315867,2023,201315867,1,1,2,2,44,7,3,0,0,1,0,0,9,1,E01008887,3,1,0.0,1.0,-1,6,30,1,1,1,10:01,7,2,9
2023552300367,2023,552300367,1,1,1,1,67,10,3,0,0,0,0,0,9,-1,-1,-1,0,0.11276,0.88724,-1,6,60,2,1,2,08:39,4,2,9
2023201463316,2023,201463316,2,1,1,1,36,7,2,0,0,0,0,0,3,3,E01009095,7,1,1.0,0.0,-1,6,30,1,1,1,14:42,4,2,3
2023311278077,2023,311278077,1,1,1,1,25,5,2,0,0,0,0,0,9,-1,-1,6,1,1.0,0.0,-1,6,20,1,4,1,19:36,7,1,9
2023361373524,2023,361373524,2,1,1,1,17,4,3,0,0,0,0,0,9,2,E01026689,3,1,0.0,1.0,-1,6,50,2,1,2,10:45,7,3,9
2023440119323,2023,440119323,1,1,1,2,17,4,3,0,0,0,0,0,9,3,E01015381,-1,0,0.12937,0.87063,-1,3,60,1,6,1,19:33,7,1,9
2023461356470,2023,461356470,3,5,2,1,16,4,3,0,0,-1,0,0,9,7,E01024109,3,1,0.0,1.0,-1,6,60,1,1,1,17:51,7,3,9
2023311342511,2023,311342511,1,1,1,1,19,4,3,0,0,0,0,0,3,4,E01019503,3,1,0.0,1.0,-1,6,60,1,1,1,06:52,4,2,3
2023552300252,2023,552300252,2,1,1,1,30,6,3,0,0,0,0,0,4,2,E01015341,-1,0,0.0709,0.9291,-1,6,30,1,1,1,10:47,3,2,4
2023061385141,2023,061385141,1,1,3,1,54,8,2,4,3,0,0,0,0,5,E01005943,5,1,1.0,0.0,-1,6,30,1,4,2,23:28,7,1,11
2023010470948,2023,010470948,1,1,1,2,27,6,3,0,0,0,0,0,9,4,E01000113,-1,0,0.0,1.0,-1,9,30,1,1,1,01:29,1,2,9
2023122300935,2023,122300935,1,2,2,-1,33,6,3,0,0,1,0,0,9,1,E01012096,-1,0,0.03412,0.96588,-1,6,60,1,1,1,10:52,2,2,9
2023520300610,2023,520300610,2,44,2,1,27,6,2,0,0,0,4,0,11,6,E01029091,-1,0,1.0,0.0,-1,6,40,1,6,4,06:00,3,3,11
2023201287271,2023,201287271,2,2,2,1,21,5,3,0,0,1,0,0,9,-1,-1,3,1,0.0,1.0,-1,6,30,1,4,2,17:00,5,2,9
2023201298538,2023,201298538,2,1,2,2,16,4,3,0,0,1,0,0,9,2,E01009014,3,1,0.0,1.0,-1,1,30,1,4,1,21:38,1,2,9
2023201313158,2023,201313158,1,1,1,1,28,6,2,0,0,0,0,0,9,1,E01033638,7,1,1.0,0.0,-1,6,30,1,4,1,04:17,7,3,9
2023340NN0232,2023,340NN0232,2,2,2,1,13,3,3,0,0,1,0,0,9,-1,-1,-1,0,0.01021,0.98979,-1,6,30,8,1,1,15:50,6,3,9
2023351354266,2023,351354266,1,2,2,1,46,8,3,0,0,1,0,0,9,7,E01017963,3,1,0.0,1.0,-1,6,50,1,6,1,21:10,7,5,9
2023522301685,2023,522301685,1,1,1,1,21,5,3,0,0,0,0,0,9,2,E01014685,-1,0,0.0785,0.9215,-1,3,40,1,4,1,03:45,2,2,9
2023440220626,2023,440220626,2,1,1,1,23,5,2,0,0,0,0,0,-1,1,E01017036,-1,0,1.0,0.0,-1,6,30,1,1,1,10:00,1,2,-1
2023052300651,2023,052300651,1,1,3,1,66,10,3,1,1,0,0,0,0,1,E01006430,-1,0,0.2185,0.7815,-1,3,30,1,4,1,19:50,3,1,8
2023052302772,2023,052302772,1,1,3,2,30,6,3,9,5,0,0,0,0,2,E01006464,-1,0,0.15978,0.84022,-1,6,30,1,1,1,12:11,6,3,9
2023010422117,2023,010422117,1,1,1,1,38,7,3,0,0,0,0,0,1,4,E01004061,-1,0,0.0,1.0,-1,9,20,1,1,1,08:40,3,2,1
2023010421823,2023,010421823,1,1,1,1,33,6,3,0,0,0,0,0,3,3,E01033464,-1,0,0.0,1.0,-1,2,20,1,1,1,11:15,1,2,3
2023010442239,2023,010442239,2,1,1,1,19,4,3,0,0,0,0,0,3,10,E01030779,-1,0,0.0,1.0,-1,3,20,1,1,1,16:13,4,2,3
2023010474896,2023,010474896,1,1,1,-1,20,4,3,0,0,0,0,0,3,5,E01000243,-1,0,0.0,1.0,-1,6,30,1,1,1,12:15,2,2,3
2023320337345,2023,320337345,1,5,1,1,32,6,3,0,0,0,0,0,9,9,E01013365,-1,0,0.05615,0.94385,-1,6,60,1,1,1,13:10,6,2,9
2023401280950,2023,401280950,1,1,1,1,86,11,3,0,0,0,0,0,9,9,E01016833,3,1,0.0,1.0,-1,6,30,1,4,2,21:25,5,2,9
2023471340043,2023,471340043,2,5,2,2,10,2,3,0,0,1,0,0,9,8,E01021223,3,1,0.0,1.0,-1,6,60,1,1,1,14:55,4,2,9
2023421344385,2023,421344385,1,1,3,1,66,10,3,6,9,0,0,0,0,-1,-1,3,1,0.0,1.0,-1,6,30,1,1,1,10:00,3,1,9
2023311327653,2023,311327653,2,1,1,-1,-1,-1,3,0,0,0,0,0,1,-1,-1,3,1,0.0,1.0,-1,9,30,1,1,1,18:30,4,2,1
2023010435103,2023,010435103,2,1,1,2,29,6,2,0,0,0,0,0,3,5,E01000142,-1,0,1.0,0.0,-1,6,30,1,1,1,14:58,5,2,3
2023201278851,2023,201278851,2,2,1,1,56,9,3,0,0,0,0,0,9,3,E01009001,3,1,0.0,1.0,-1,6,30,1,1,2,11:49,2,3,9
2023371274233,2023,371274233,1,2,1,2,62,9,3,0,0,0,0,0,9,8,E01030101,3,1,0.0,1.0,-1,6,60,8,6,2,19:00,7,2,9
2023351337772,2023,351337772,2,1,1,1,28,6,3,0,0,0,0,0,9,8,E01033116,3,1,0.0,1.0,-1,6,60,1,1,1,17:00,5,2,9
2023430581593,2023,430581593,1,1,1,2,22,5,3,0,0,0,0,0,9,5,E01022488,-1,0,0.01912,0.98088,-1,6,30,1,4,2,01:03,7,1,9
2023549160823,2023,549160823,1,2,2,2,18,4,3,0,0,2,0,0,9,-1,-1,-1,0,0.05475,0.94525,-1,3,70,1,6,1,21:30,4,1,9
2023070514020,2023,070514020,2,1,1,1,37,7,3,0,0,0,0,0,3,-1,-1,-1,0,0.12007,0.87993,-1,6,40,1,1,1,21:28,3,2,3
2023010460094,2023,010460094,1,1,2,2,21,5,3,0,0,1,0,0,9,4,E01000408,-1,0,0.0,1.0,-1,1,30,1,1,1,14:34,6,2,9
2023170M11623,2023,170M11623,1,1,1,1,59,9,3,0,0,0,0,0,9,6,E01012261,-1,0,0.19451,0.80549,-1,3,70,1,4,1,05:05,7,1,9
2023211340661,2023,211340661,2,1,2,2,11,3,3,0,0,2,0,0,9,9,E01010208,3,1,0.0,1.0,-1,3,70,1,1,1,12:05,6,3,9
2023411364691,2023,411364691,2,1,1,1,32,6,3,0,0,0,0,0,9,9,E01023964,3,1,0.0,1.0,-1,6,60,1,6,1,19:35,6,2,9
2023610036823,2023,610036823,1,2,2,1,27,6,2,0,0,0,0,0,97,2,W01001693,-1,0,1.0,0.0,-1,6,30,1,4,1,21:10,3,2,97
2023041274415,2023,041274415,2,3,2,2,9,2,2,0,0,2,0,0,9,7,E01024955,7,1,1.0,0.0,-1,6,30,1,1,1,08:13,5,2,9
2023141261776,2023,141261776,1,1,2,2,28,6,3,0,0,2,0,0,9,1,E01007766,3,1,0.0,1.0,-1,6,30,2,1,2,12:55,3,2,9
2023010450262,2023,010450262,2,1,1,1,43,7,3,0,0,0,0,0,1,4,E01001090,-1,0,0.0,1.0,-1,6,20,8,1,2,08:10,3,2,1
2023061263375,2023,061263375,2,1,1,2,56,9,3,0,0,0,0,0,9,1,E01010880,3,1,0.0,1.0,-1,3,70,1,4,2,21:05,6,2,9
2023361379888,2023,361379888,2,1,1,2,57,9,3,0,0,0,0,0,9,4,E01026759,3,1,0.0,1.0,-1,6,30,1,1,1,08:30,3,2,9
2023461321611,2023,461321611,1,1,1,1,70,10,2,0,0,0,0,0,9,1,E01024687,7,1,1.0,0.0,-1,3,40,1,1,1,12:01,3,3,9
2023991290475,2023,991290475,1,1,2,1,17,4,2,0,0,1,0,0,9,-1,-1,7,1,1.0,0.0,-1,6,30,2,4,2,22:27,6,1,9
2023991368732,2023,991368732,2,1,1,1,84,11,3,0,0,0,0,0,9,5,-1,3,1,0.0,1.0,-1,6,30,1,1,1,10:53,4,2,9
2023031285698,2023,031285698,1,1,3,2,11,3,2,5,4,0,0,0,0,-1,-1,7,1,1.0,0.0,-1,6,40,1,1,1,14:55,7,1,9
2023411353574,2023,411353574,2,1,1,1,53,8,3,0,0,0,0,0,1,10,E01023670,3,1,0.0,1.0,-1,1,30,1,1,-1,18:05,5,2,1
2023010484033,2023,010484033,2,1,1,2,26,6,3,0,0,0,0,0,3,-1,-1,-1,0,0.0,1.0,-1,3,20,1,1,1,15:04,5,2,3
2023010451261,2023,010451261,1,2,2,-1,-1,-1,3,0,0,2,0,0,9,4,E01001518,-1,0,0.0,1.0,-1,6,20,1,4,1,23:30,7,2,9
2023061329686,2023,061329686,4,2,2,2,66,10,2,0,0,2,0,0,9,5,E01005961,7,1,1.0,0.0,-1,3,70,1,1,1,17:35,6,4,9
2023361328079,2023,361328079,2,3,2,1,34,6,2,0,0,1,0,0,9,1,E01026808,6,1,1.0,0.0,-1,6,60,1,1,1,14:00,2,2,9
2023471380929,2023,471380929,1,1,1,2,25,5,3,0,0,0,0,0,9,7,E01031381,3,1,0.0,1.0,-1,6,30,2,1,1,13:10,5,2,9
2023061315150,2023,061315150,3,1,1,2,53,8,3,0,0,0,0,0,9,-1,-1,3,1,0.0,1.0,-1,6,30,1,1,1,11:29,2,3,9
2023440078869,2023,440078869,2,3,2,1,16,4,2,0,0,2,0,0,9,7,E01031500,-1,0,1.0,0.0,-1,6,40,1,4,1,22:53,7,2,9
2023010438959,2023,010438959,2,1,1,1,30,6,2,0,0,0,0,0,3,4,E01000066,-1,0,1.0,0.0,-1,6,30,5,1,2,14:15,1,2,3
2023141301799,2023,141301799,1,1,1,1,29,6,3,0,0,0,0,0,3,-1,-1,3,1,0.0,1.0,-1,6,40,2,7,2,00:55,6,2,3
2023371347339,2023,371347339,1,1,3,1,63,9,1,5,1,0,0,0,0,6,E01030282,1,1,0.0,0.0,-1,6,30,1,1,1,14:30,6,1,21
2023340WN5422,2023,340WN5422,2,1,1,1,47,8,3,0,0,0,0,0,9,4,E01032980,-1,0,0.01941,0.98059,-1,6,30,1,1,1,18:28,6,3,9
2023451272582,2023,451272582,1,1,1,2,46,8,3,0,0,0,0,0,9,9,E01030510,3,1,0.0,1.0,-1,9,40,1,1,1,15:12,1,2,9
2023332300634,2023,332300634,1,1,3,1,30,6,3,9,5,0,0,0,0,8,E01025781,-1,0,0.06336,0.93664,-1,6,30,1,1,1,10:50,3,2,1
2023401310872,2023,401310872,1,2,3,2,8,2,3,1,4,0,0,0,0,9,E01017450,3,1,0.0,1.0,-1,6,30,1,1,1,15:54,3,1,9
2023010423695,2023,010423695,1,1,1,1,18,4,2,0,0,0,0,0,3,2,E01003174,-1,0,1.0,0.0,-1,6,30,1,4,1,22:15,2,2,3
2023010470129,2023,010470129,1,1,1,-1,19,4,3,0,0,0,0,0,3,5,E01032779,-1,0,0.0,1.0,-1,9,20,9,7,9,00:00,5,2,3
2023010425752,2023,010425752,1,1,2,1,19,4,3,0,0,2,0,0,9,3,E01002047,-1,0,0.0,1.0,-1,3,40,1,4,1,19:36,2,4,9
2023041350750,2023,041350750,1,1,1,2,25,5,3,0,0,0,0,0,9,3,W01001685,3,1,0.0,1.0,-1,6,30,8,1,1,15:31,7,2,9
2023010483835,2023,010483835,1,1,3,2,-1,-1,3,1,9,0,0,0,0,5,E01000564,-1,0,0.0,1.0,-1,9,30,9,4,9,18:55,5,1,9
2023332301133,2023,332301133,1,1,1,1,55,8,3,0,0,0,0,0,8,4,E01025689,-1,0,0.00362,0.99638,-1,3,40,1,4,1,17:15,7,2,8
2023201314866,2023,201314866,1,1,1,1,47,8,3,0,0,0,0,0,9,1,E01010076,3,1,0.0,1.0,-1,6,30,1,1,1,16:25,7,3,9
2023991309072,2023,991309072,1,2,2,2,89,11,3,0,0,0,4,0,11,6,-1,3,1,0.0,1.0,-1,6,60,1,1,1,10:10,5,2,11
2023010442291,2023,010442291,1,1,1,1,45,7,3,0,0,0,0,0,9,3,E01002731,-1,0,0.0,1.0,-1,6,20,1,4,1,02:21,5,1,9
2023131283955,2023,131283955,1,1,1,1,31,6,3,0,0,0,0,0,9,5,E01010934,3,1,0.0,1.0,-1,3,30,1,1,1,10:27,3,1,9
2023131300077,2023,131300077,2,1,1,1,36,7,3,0,0,0,0,0,9,6,E01010945,3,1,0.0,1.0,-1,6,40,1,1,1,07:47,2,2,9
2023131288127,2023,131288127,2,1,1,2,32,6,3,0,0,0,0,0,9,10,E01011888,3,1,0.0,1.0,-1,6,30,9,1,1,21:33,6,2,9
202363D003323,2023,63D003323,1,1,1,2,22,5,3,0,0,0,0,0,9,8,W01000467,-1,0,0.04027,0.95973,-1,6,60,2,6,2,07:20,6,2,9
2023991337874,2023,991337874,2,1,1,1,63,9,3,0,0,0,0,0,9,2,-1,3,1,0.0,1.0,-1,3,40,1,1,1,06:25,3,2,9
2023221328236,2023,221328236,1,1,1,1,59,9,3,0,0,0,0,0,1,8,E01032218,3,1,0.0,1.0,-1,6,50,1,1,1,16:00,2,2,1
2023991302693,2023,991302693,2,1,1,1,31,6,3,0,0,0,0,0,1,2,-1,3,1,0.0,1.0,-1,6,30,1,1,1,12:25,2,2,1