collision_index,collision_year,collision_ref_no,vehicle_reference,casualty_reference,casualty_class,sex_of_casualty,age_of_casualty,age_band_of_casualty,casualty_severity,pedestrian_location,pedestrian_movement,car_passenger,bus_or_coach_passenger,pedestrian_road_maintenance_worker,casualty_type,casualty_imd_decile,lsoa_of_casualty,enhanced_casualty_severity,casualty_injury_based,casualty_adjusted_severity_serious,casualty_adjusted_severity_slight,casualty_distance_banding,road_type,speed_limit,weather_conditions,light_conditions,road_surface_conditions,time,day_of_week,number_of_vehicles,vehicle_type
2023221265386,2023,221265386,1,1,1,1,22,5,3,0,0,0,0,0,9,4,E01014283,3,1,0.0,1.0,-1,6,60,1,6,2,21:21,3,3,9
2023332301147,2023,332301147,1,2,1,1,76,11,3,0,0,0,0,0,9,10,E01028409,-1,0,0.0446,0.9554,-1,6,40,1,1,1,11:10,7,3,9
2023461333149,2023,461333149,2,1,1,1,79,11,3,0,0,0,0,0,9,6,E01021186,3,1,0.0,1.0,-1,1,20,1,1,1,07:58,7,2,9
2023010465210,2023,010465210,1,1,1,1,34,6,3,0,0,0,0,0,9,4,E01003561,-1,0,0.0,1.0,-1,1,20,1,4,1,22:35,1,1,9
2023361365032,2023,361365032,1,1,1,2,20,4,3,0,0,0,0,0,9,9,E01030067,3,1,0.0,1.0,-1,6,60,1,1,1,08:14,2,2,9
2023461293916,2023,461293916,1,1,1,1,52,8,3,0,0,0,0,0,9,-1,-1,3,1,0.0,1.0,-1,3,70,1,1,1,12:10,6,1,9
2023340WN2412,2023,340WN2412,1,1,1,1,34,6,3,0,0,0,0,0,1,2,E01027246,-1,0,0.17378,0.82622,-1,3,30,1,1,2,19:45,3,2,1
2023010428223,2023,010428223,1,1,1,1,-1,-1,3,0,0,0,0,0,3,6,E01000306,-1,0,0.0,1.0,-1,9,30,9,7,9,18:25,7,2,3
2023302301023,2023,302301023,2,1,1,1,50,8,3,0,0,0,0,0,1,1,E01013475,-1,0,0.05059,0.94941,-1,1,30,1,1,1,19:45,3,2,1
2023440186140,2023,440186140,1,1,1,1,41,7,2,0,0,0,0,0,9,4,E01023204,-1,0,1.0,0.0,-1,6,40,1,1,1,15:20,5,2,9
2023010429648,2023,010429648,2,1,1,2,70,10,2,0,0,0,0,0,1,10,E01030320,-1,0,1.0,0.0,-1,6,30,1,1,1,08:25,3,2,1
2023071115102,2023,071115102,3,1,1,1,23,5,3,0,0,0,0,0,3,1,E01007289,-1,0,0.17843,0.82157,-1,6,40,2,4,2,22:49,4,3,3
2023302301119,2023,302301119,4,1,1,2,71,10,2,0,0,0,0,0,9,4,E01019570,-1,0,1.0,0.0,-1,6,30,1,1,1,12:45,6,4,9
2023991352123,2023,991352123,1,1,3,1,7,2,2,5,3,0,0,0,0,5,-1,6,1,1.0,0.0,-1,6,30,1,1,1,10:00,3,1,19
2023501284442,2023,501284442,2,1,1,1,27,6,3,0,0,0,0,0,1,4,E01015178,3,1,0.0,1.0,-1,6,30,1,1,1,07:50,6,2,1
2023010471692,2023,010471692,2,1,1,1,21,5,3,0,0,0,0,0,3,3,E01001170,-1,0,0.0,1.0,-1,6,20,2,1,2,10:20,6,2,3
2023421375810,2023,421375810,2,2,2,1,66,10,3,0,0,1,0,0,9,10,E01021611,3,1,0.0,1.0,-1,6,60,1,1,1,11:00,6,3,9
2023010480685,2023,010480685,2,1,1,2,34,6,3,0,0,0,0,0,1,2,E01004024,-1,0,0.0,1.0,-1,6,20,1,1,1,08:25,7,2,1
2023361319501,2023,361319501,2,1,1,1,32,6,3,0,0,0,0,0,1,7,E01026801,3,1,0.0,1.0,-1,6,20,1,4,1,22:50,5,2,1
2023010475270,2023,010475270,1,1,1,1,20,4,3,0,0,0,0,0,3,8,E01030730,-1,0,0.0,1.0,-1,9,30,9,7,9,17:20,2,2,3
2023031299782,2023,031299782,1,1,1,2,22,5,3,0,0,0,0,0,9,-1,-1,3,1,0.0,1.0,-1,3,70,1,1,1,12:55,4,4,9
2023122301104,2023,122301104,1,1,1,1,33,6,3,0,0,0,0,0,9,5,E01027789,-1,0,0.09799,0.90201,-1,6,60,1,1,1,18:02,4,1,9
2023122301265,2023,122301265,2,1,1,2,76,11,3,0,0,0,0,0,9,10,E01011280,-1,0,0.05026,0.94974,-1,6,60,1,1,1,11:20,6,2,9
2023141314042,2023,141314042,2,2,2,1,14,3,3,0,0,1,0,0,9,3,E01007351,3,1,0.0,1.0,-1,6,60,1,1,1,13:58,6,3,9
2023231273760,2023,231273760,3,1,1,2,41,7,3,0,0,0,0,0,9,8,E01032233,3,1,0.0,1.0,-1,6,40,1,1,1,08:45,2,3,9
2023501287598,2023,501287598,2,1,1,1,50,8,3,0,0,0,0,0,9,6,E01015222,3,1,0.0,1.0,-1,6,30,1,1,1,13:00,7,2,9
2023552301542,2023,552301542,1,1,1,1,25,5,3,0,0,0,0,0,9,5,E01019886,-1,0,0.06946,0.93054,-1,6,60,1,1,1,09:07,3,1,9
2023411404032,2023,411404032,1,2,1,1,23,5,3,0,0,0,0,0,19,10,E01023290,3,1,0.0,1.0,-1,6,60,1,1,1,15:00,7,3,19
2023522301530,2023,522301530,2,1,1,2,20,4,3,0,0,0,0,0,-1,4,E01014523,-1,0,0.08352,0.91648,-1,6,20,1,4,1,23:00,7,2,-1
2023211345142,2023,211345142,1,1,3,2,57,9,3,10,9,0,0,0,0,8,E01029813,3,1,0.0,1.0,-1,9,20,1,1,1,14:15,6,1,9
2023552300183,2023,552300183,2,2,3,1,54,8,3,10,9,0,0,1,0,6,E01019967,-1,0,0.07412,0.92588,-1,6,30,1,1,1,14:26,4,2,19
2023161380906,2023,161380906,2,1,1,1,12,3,2,0,0,0,0,0,1,8,E01026062,7,1,1.0,0.0,-1,6,30,1,1,1,15:10,2,2,1
2023010426321,2023,010426321,1,1,1,1,19,4,2,0,0,0,0,0,2,6,E01004518,-1,0,1.0,0.0,-1,6,20,1,4,1,17:39,5,3,2
2023131304998,2023,131304998,3,2,1,2,48,8,3,0,0,0,0,0,9,4,E01010601,3,1,0.0,1.0,-1,6,30,1,1,1,10:30,1,3,9
2023501347823,2023,501347823,2,2,2,2,38,7,3,0,0,1,0,0,9,4,E01018926,3,1,0.0,1.0,-1,1,30,2,1,2,13:30,7,2,9
2023991328407,2023,991328407,1,1,1,1,80,11,2,0,0,0,0,0,9,10,-1,5,1,1.0,0.0,-1,6,60,2,1,2,17:40,3,2,9
2023430196862,2023,430196862,1,3,3,1,51,8,2,6,9,0,0,0,0,10,E01028662,-1,0,1.0,0.0,-1,6,30,1,6,1,22:56,6,3,19
2023302300321,2023,302300321,1,1,1,1,56,9,3,0,0,0,0,0,1,9,E01013462,-1,0,0.13793,0.86207,-1,6,40,1,1,1,14:30,2,2,1
2023552301351,2023,552301351,1,1,1,1,53,8,2,0,0,0,0,0,1,10,E01020355,-1,0,1.0,0.0,-1,6,20,1,1,1,16:24,7,1,1
2023430042609,2023,430042609,1,1,1,2,18,4,3,0,0,0,0,0,9,10,E01017863,-1,0,0.15188,0.84812,-1,6,40,1,4,1,01:00,1,1,9
2023010437249,2023,010437249,2,2,2,1,22,5,3,0,0,0,0,0,19,5,E01015989,-1,0,0.0,1.0,-1,6,30,1,1,1,17:23,5,4,19
2023131276259,2023,131276259,2,1,2,1,13,3,3,0,0,2,0,0,9,6,E01010689,3,1,0.0,1.0,-1,6,30,1,1,1,16:55,3,2,9
2023231360049,2023,231360049,2,2,1,1,71,10,3,0,0,0,0,0,9,7,W01000445,3,1,0.0,1.0,-1,3,70,1,1,1,17:00,2,3,9
2023471395540,2023,471395540,2,3,1,1,26,6,3,0,0,0,0,0,9,10,E01031703,3,1,0.0,1.0,-1,6,40,1,6,2,16:52,7,2,9
2023010440075,2023,010440075,1,1,1,1,22,5,3,0,0,0,0,0,2,3,E01001942,-1,0,0.0,1.0,-1,3,20,1,1,1,16:47,6,2,2
2023451355033,2023,451355033,2,1,1,1,55,8,3,0,0,0,0,0,5,6,E01031669,3,1,0.0,1.0,-1,6,40,1,1,2,14:10,2,2,5
2023061302372,2023,061302372,1,2,1,1,26,6,2,0,0,0,0,0,9,4,E01005866,6,1,1.0,0.0,-1,3,30,1,4,1,23:20,7,2,9
2023501374933,2023,501374933,2,2,1,1,37,7,3,0,0,0,0,0,19,6,E01018750,3,1,0.0,1.0,-1,6,30,1,1,1,12:30,3,2,19
2023411352036,2023,411352036,1,1,3,1,18,4,3,1,1,0,0,0,0,4,E01023669,3,1,0.0,1.0,-1,6,30,1,4,1,23:16,4,1,9
2023010452944,2023,010452944,2,1,1,1,51,8,3,0,0,0,0,0,3,1,E01003291,-1,0,0.0,1.0,-1,2,20,1,1,1,13:05,2,2,3
2023010480401,2023,010480401,1,1,1,1,41,7,3,0,0,0,0,0,3,2,E01000526,-1,0,0.0,1.0,-1,9,30,1,1,1,14:00,7,2,3
2023052302867,2023,052302867,1,1,3,1,48,8,3,5,3,0,0,0,0,-1,-1,-1,0,0.1489,0.8511,-1,6,30,1,1,1,08:50,6,1,11
2023430433066,2023,430433066,1,1,3,2,47,8,3,5,1,0,0,0,0,9,E01016413,-1,0,0.02792,0.97208,-1,6,30,1,1,1,16:00,3,1,9
2023451338678,2023,451338678,1,1,1,1,27,6,3,0,0,0,0,0,3,6,E01030649,3,1,0.0,1.0,-1,6,50,2,1,2,14:10,7,2,3
2023411344748,2023,411344748,1,2,2,2,91,11,1,0,0,1,0,0,9,10,E01023803,1,1,0.0,0.0,-1,1,30,1,1,1,12:45,7,1,9
2023440186616,2023,440186616,1,1,1,1,19,4,3,0,0,0,0,0,9,4,E01023106,-1,0,0.0334,0.9666,-1,6,30,1,1,1,13:24,6,2,9
2023461275857,2023,461275857,2,4,2,1,12,3,3,0,0,2,0,0,9,8,E01024448,3,1,0.0,1.0,-1,6,30,1,1,1,14:22,3,2,9
2023461377406,2023,461377406,1,1,1,2,52,8,3,0,0,0,0,0,9,6,E01024245,3,1,0.0,1.0,-1,6,30,2,1,2,11:05,4,2,9
2023141312180,2023,141312180,1,1,3,1,7,2,2,5,9,0,0,0,0,7,E01007836,7,1,1.0,0.0,-1,6,20,1,1,1,19:55,6,1,9
2023010444933,2023,010444933,2,1,1,1,51,8,3,0,0,0,0,0,1,-1,-1,-1,0,0.0,1.0,-1,3,20,1,4,1,01:12,5,2,1
2023170M10723,2023,170M10723,1,1,1,2,36,7,3,0,0,0,0,0,9,6,E01012022,-1,0,0.01779,0.98221,-1,6,30,1,1,1,20:45,7,2,9
2023131378865,2023,131378865,1,1,3,1,17,4,3,8,3,0,0,1,0,6,E01011738,3,1,0.0,1.0,-1,6,20,1,1,1,13:00,7,1,9
2023131319228,2023,131319228,2,1,1,2,36,7,3,0,0,0,0,0,9,6,E01011226,3,1,0.0,1.0,-1,6,30,2,1,1,17:52,4,2,9
2023430118379,2023,430118379,2,2,1,1,44,7,3,0,0,0,0,0,9,10,E01017798,-1,0,0.10149,0.89851,-1,6,60,8,6,2,20:15,5,2,9
2023461303566,2023,461303566,1,1,2,1,-1,-1,3,0,0,-1,0,0,9,-1,-1,3,1,0.0,1.0,-1,6,30,2,1,2,14:50,6,1,9
2023531377843,2023,531377843,1,1,1,2,30,6,3,0,0,0,0,0,9,7,E01022287,3,1,0.0,1.0,-1,3,50,1,4,1,18:05,4,3,9
2023010430632,2023,010430632,1,1,3,2,44,7,3,1,1,0,0,0,0,3,E01001742,-1,0,0.0,1.0,-1,1,20,1,1,1,10:45,2,1,1
2023991352597,2023,991352597,1,2,3,1,11,3,3,10,5,0,0,2,0,1,-1,3,1,0.0,1.0,-1,6,20,1,1,1,17:20,5,1,11
2023010461818,2023,010461818,1,1,1,1,28,6,3,0,0,0,0,0,3,5,E01002004,-1,0,0.0,1.0,-1,7,20,1,1,1,16:49,2,2,3
2023141259406,2023,141259406,1,1,1,1,22,5,2,0,0,0,0,0,3,-1,-1,7,1,1.0,0.0,-1,6,30,1,1,2,07:40,3,2,3
2023991361720,2023,991361720,1,1,1,1,63,9,2,0,0,0,0,0,5,6,-1,5,1,1.0,0.0,-1,6,60,4,1,1,10:00,4,1,5
2023010454447,2023,010454447,1,1,1,1,31,6,3,0,0,0,0,0,9,5,E01000243,-1,0,0.0,1.0,-1,6,30,1,1,1,20:14,2,2,9
2023122300989,2023,122300989,1,1,1,2,79,11,3,0,0,0,0,0,9,6,E01027797,-1,0,0.08569,0.91431,-1,9,40,1,1,1,21:10,7,2,9
2023131317409,2023,131317409,3,3,1,2,30,6,3,0,0,0,0,0,9,1,E01010653,3,1,0.0,1.0,-1,6,30,1,4,1,22:05,7,3,9
2023131322947,2023,131322947,1,2,1,2,37,7,2,0,0,0,0,0,9,1,E01010812,7,1,1.0,0.0,-1,6,30,1,1,1,15:44,2,3,9
2023221297726,2023,221297726,1,1,1,1,18,4,2,0,0,0,0,0,9,6,E01032417,6,1,1.0,0.0,-1,6,30,2,1,2,18:37,2,2,9
2023221341399,2023,221341399,2,1,1,2,46,8,3,0,0,0,0,0,9,8,E01028887,3,1,0.0,1.0,-1,6,60,1,1,1,15:03,3,2,9
2023481398826,2023,481398826,1,1,3,2,39,7,3,3,3,0,0,0,0,-1,-1,3,1,0.0,1.0,-1,3,20,1,1,1,11:26,4,1,8
2023991322118,2023,991322118,2,1,1,1,51,8,2,0,0,0,0,0,5,5,-1,5,1,1.0,0.0,-1,6,60,1,1,1,16:00,6,2,5
2023311392629,2023,311392629,1,1,1,1,39,7,3,0,0,0,0,0,9,3,E01028248,3,1,0.0,1.0,-1,6,30,1,1,1,11:20,7,2,9
2023461268022,2023,461268022,1,3,2,2,61,9,3,0,0,2,0,0,9,7,E01033728,3,1,0.0,1.0,-1,3,70,1,1,1,15:51,7,3,9
2023531370678,2023,531370678,1,1,1,1,40,7,3,0,0,0,0,0,9,8,E01022280,3,1,0.0,1.0,-1,6,50,5,1,2,07:50,7,2,9
2023010436833,2023,010436833,1,1,1,1,30,6,3,0,0,0,0,0,1,2,E01017011,-1,0,0.0,1.0,-1,2,20,1,1,1,10:20,3,2,1
2023010420106,2023,010420106,2,1,1,1,22,5,2,0,0,0,0,0,3,5,E01003139,-1,0,1.0,0.0,-1,6,20,1,4,2,21:27,6,2,3
2023010454854,2023,010454854,1,1,2,1,0,1,3,0,0,0,4,0,11,3,E01004367,-1,0,0.0,1.0,-1,6,20,1,1,1,17:00,4,1,11
2023440443364,2023,440443364,2,2,1,1,41,7,3,0,0,0,0,0,9,4,E01031859,-1,0,0.03679,0.96321,-1,6,60,1,1,2,08:36,2,3,9
2023461296473,2023,461296473,2,1,2,1,65,9,3,0,0,1,0,0,9,5,E01023998,3,1,0.0,1.0,-1,6,30,1,1,1,15:50,3,2,9
2023010428763,2023,010428763,1,1,1,1,48,8,3,0,0,0,0,0,1,3,E01002777,-1,0,0.0,1.0,-1,2,20,1,1,2,11:00,4,2,1
2023041356660,2023,041356660,2,2,1,2,61,9,3,0,0,0,0,0,9,10,E01024947,3,1,0.0,1.0,-1,6,40,1,4,1,19:35,2,2,9
2023122400085,2023,122400085,1,2,2,2,74,10,2,0,0,1,0,0,9,5,E01013437,-1,0,1.0,0.0,-1,6,60,1,1,1,15:08,3,2,9
2023631311975,2023,631311975,2,3,2,1,11,3,3,0,0,1,0,0,9,8,W01000547,3,1,0.0,1.0,-1,6,60,1,1,1,18:50,6,2,9
2023201409100,2023,201409100,1,1,1,2,26,6,3,0,0,0,0,0,9,2,E01009121,3,1,0.0,1.0,-1,6,30,1,4,1,00:52,1,2,9
2023231268257,2023,231268257,1,1,1,2,22,5,2,0,0,0,0,0,9,9,E01032885,7,1,1.0,0.0,-1,6,40,7,6,4,17:58,7,2,9
2023440470665,2023,440470665,1,1,1,1,76,11,3,0,0,0,0,0,9,10,E01022931,-1,0,0.0733,0.9267,-1,6,60,1,1,1,13:35,6,2,9
2023052302266,2023,052302266,2,1,2,1,21,5,3,0,0,1,0,0,9,2,E01007091,-1,0,0.04731,0.95269,-1,6,30,1,4,1,06:57,3,2,9
2023440350351,2023,440350351,1,1,1,2,17,4,3,0,0,0,0,0,9,10,E01032859,-1,0,0.14891,0.85109,-1,6,60,1,6,1,00:02,4,1,9
2023131302277,2023,131302277,1,1,3,2,85,11,3,9,6,0,0,2,0,1,E01011372,3,1,0.0,1.0,-1,2,20,1,1,1,10:27,6,1,9
2023371387180,2023,371387180,1,1,3,1,10,2,3,5,1,0,0,0,0,3,E01029962,3,1,0.0,1.0,-1,6,30,1,1,1,08:40,3,1,9
2023471291811,2023,471291811,1,1,3,1,-1,-1,3,10,9,0,0,0,0,5,E01016853,3,1,0.0,1.0,-1,6,30,1,1,2,16:55,3,1,11
2023451285978,2023,451285978,2,2,1,1,27,6,3,0,0,0,0,0,19,10,E01030593,3,1,0.0,1.0,-1,6,30,4,1,2,06:30,2,2,19
2023010451152,2023,010451152,1,1,1,1,36,7,3,0,0,0,0,0,1,5,E01021493,-1,0,0.0,1.0,-1,6,30,1,1,1,15:30,6,2,1
2023122300834,2023,122300834,2,1,1,1,25,5,3,0,0,0,0,0,1,6,E01013363,-1,0,0.04857,0.95143,-1,1,30,1,1,1,15:26,6,2,1
2023421346134,2023,421346134,1,1,1,1,22,5,3,0,0,0,0,0,4,3,E01021300,3,1,0.0,1.0,-1,6,60,1,1,1,11:10,2,1,4
2023010430862,2023,010430862,1,1,1,2,55,8,3,0,0,0,0,0,9,9,E01001135,-1,0,0.0,1.0,-1,6,30,8,1,2,08:30,3,2,9
2023302300996,2023,302300996,2,1,1,2,80,11,3,0,0,0,0,0,9,10,E01019593,-1,0,0.02897,0.97103,-1,6,30,1,1,1,10:40,6,2,9
2023010442425,2023,010442425,1,1,1,1,46,8,3,0,0,0,0,0,3,3,E01004533,-1,0,0.0,1.0,-1,9,20,9,1,9,15:13,5,2,3
2023461315272,2023,461315272,1,1,1,1,46,8,2,0,0,0,0,0,5,7,E01024766,5,1,1.0,0.0,-1,6,30,1,1,1,06:54,5,2,5
2023141319679,2023,141319679,1,1,1,2,38,7,3,0,0,0,0,0,9,3,E01007701,3,1,0.0,1.0,-1,6,40,1,1,1,11:44,6,2,9
2023201393228,2023,201393228,2,2,2,2,-1,-1,3,0,0,1,0,0,9,2,E01009994,3,1,0.0,1.0,-1,1,30,2,1,2,13:58,7,2,9
2023302301650,2023,302301650,1,1,1,1,28,6,3,0,0,0,0,0,9,6,E01005083,-1,0,0.03568,0.96432,-1,6,30,1,1,1,07:19,5,1,9
2023501311074,2023,501311074,1,1,2,2,10,2,3,0,0,2,0,0,9,6,E01019023,3,1,0.0,1.0,-1,1,30,1,1,1,11:40,7,2,9
202363A004623,2023,63A004623,3,1,1,2,64,9,3,0,0,0,0,0,9,5,W01000728,-1,0,0.09956,0.90044,-1,3,70,7,1,2,08:59,5,3,9
2023010435362,2023,010435362,1,1,1,1,42,7,3,0,0,0,0,0,19,9,E01015939,-1,0,0.0,1.0,-1,1,30,2,1,2,08:20,4,2,19
2023010454825,2023,010454825,1,1,1,1,26,6,3,0,0,0,0,0,3,6,E01003367,-1,0,0.0,1.0,-1,6,30,1,1,1,18:30,6,2,3
2023010438053,2023,010438053,1,1,1,2,30,6,3,0,0,0,0,0,1,5,E01003080,-1,0,0.0,1.0,-1,6,20,1,1,1,09:13,3,2,1
2023010442807,2023,010442807,1,1,2,1,9,2,3,0,0,2,0,0,9,2,E01003432,-1,0,0.0,1.0,-1,9,20,9,1,9,18:39,7,2,9
2023010449784,2023,010449784,1,1,2,2,28,6,3,0,0,2,0,0,9,5,E01003435,-1,0,0.0,1.0,-1,2,20,2,4,2,02:46,1,1,9
2023501317183,2023,501317183,1,3,1,2,33,6,3,0,0,0,0,0,9,6,E01019014,3,1,0.0,1.0,-1,6,60,1,1,1,18:53,7,2,9
2023991328097,2023,991328097,1,2,2,2,88,11,3,0,0,0,4,0,11,-1,-1,3,1,0.0,1.0,-1,6,30,1,1,1,14:59,3,1,11
2023311329153,2023,311329153,2,1,1,1,75,10,3,0,0,0,0,0,22,-1,-1,3,1,0.0,1.0,-1,6,50,1,1,1,18:05,5,2,22
2023201400702,2023,201400702,2,1,1,1,28,6,3,0,0,0,0,0,-1,1,E01009274,3,1,0.0,1.0,-1,7,30,2,1,2,18:11,4,2,-1
2023010450512,2023,010450512,1,1,2,2,2,1,3,0,0,2,0,0,9,4,E01004366,-1,0,0.0,1.0,-1,6,30,1,1,1,11:33,4,2,9
2023101380944,2023,101380944,2,1,1,2,58,9,3,0,0,0,0,0,9,9,E01027521,3,1,0.0,1.0,-1,6,30,2,1,2,14:12,2,2,9
2023361277698,2023,361277698,2,1,1,1,26,6,3,0,0,0,0,0,9,8,E01026470,3,1,0.0,1.0,-1,6,60,1,6,1,17:07,6,3,9
2023010447993,2023,010447993,2,1,1,2,61,9,2,0,0,0,0,0,1,5,E01004488,-1,0,1.0,0.0,-1,2,20,1,1,1,16:25,6,2,1
2023991372350,2023,991372350,2,1,1,1,67,10,2,0,0,0,0,0,1,4,-1,5,1,1.0,0.0,-1,6,30,2,4,2,17:04,5,2,1
2023010419393,2023,010419393,1,2,3,2,29,6,3,9,5,0,0,0,0,2,-1,-1,0,0.0,1.0,-1,6,20,1,4,1,22:20,2,2,9
2023052301099,2023,052301099,1,1,3,1,43,7,3,5,1,0,0,0,0,6,E01007194,-1,0,0.14248,0.85752,-1,6,30,1,1,1,10:45,2,1,9
2023311305952,2023,311305952,2,2,1,1,84,11,2,0,0,0,0,0,9,8,E01028176,5,1,1.0,0.0,-1,6,30,1,1,1,11:26,4,2,9
2023501278534,2023,501278534,1,2,2,2,54,8,2,0,0,-1,0,0,9,3,E01019036,7,1,1.0,0.0,-1,6,60,7,1,2,16:30,2,2,9
2023501294635,2023,501294635,1,1,2,1,21,5,2,0,0,1,0,0,9,5,E01018847,6,1,1.0,0.0,-1,6,20,1,1,1,14:35,6,1,9
2023010464337,2023,010464337,1,1,1,1,38,7,3,0,0,0,0,0,3,2,E01000533,-1,0,0.0,1.0,-1,6,30,1,1,1,10:01,4,2,3
2023131263989,2023,131263989,1,1,3,2,11,3,2,8,7,0,0,2,0,1,E01010612,7,1,1.0,0.0,-1,6,20,2,4,2,08:45,2,1,9
2023010447673,2023,010447673,1,1,1,2,30,6,2,0,0,0,0,0,1,9,E01001905,-1,0,1.0,0.0,-1,1,20,1,1,1,10:55,7,2,1
2023411369691,2023,411369691,2,1,1,1,33,6,3,0,0,0,0,0,3,1,E01002760,3,1,0.0,1.0,-1,1,30,1,1,1,14:30,7,2,3
2023010484812,2023,010484812,1,1,2,1,1,1,3,0,0,0,4,0,11,4,E01003793,-1,0,0.0,1.0,-1,6,20,1,4,1,18:30,2,1,11
2023010426623,2023,010426623,1,1,2,2,54,8,3,0,0,1,0,0,9,2,E01004001,-1,0,0.0,1.0,-1,3,20,1,1,1,11:35,7,2,9
2023010477249,2023,010477249,1,3,2,1,24,5,3,0,0,1,0,0,9,5,E01000071,-1,0,0.0,1.0,-1,6,20,1,4,1,19:50,6,2,9
2023141332539,2023,141332539,1,1,1,2,23,5,3,0,0,0,0,0,9,2,E01007745,3,1,0.0,1.0,-1,6,40,1,1,1,08:45,2,4,9
2023311355518,2023,311355518,1,2,2,2,8,2,3,0,0,1,0,0,9,6,E01028183,3,1,0.0,1.0,-1,6,30,1,1,2,12:25,7,2,9
2023622300508,2023,622300508,1,1,1,1,17,4,3,0,0,0,0,0,9,2,W01001035,-1,0,0.05656,0.94344,-1,6,30,1,7,1,23:38,6,1,9
2023010446683,2023,010446683,1,1,1,1,52,8,3,0,0,0,0,0,3,4,E01004049,-1,0,0.0,1.0,-1,6,20,1,1,1,19:00,7,2,3
2023991315795,2023,991315795,1,1,3,2,41,7,2,8,1,0,0,0,0,7,-1,5,1,1.0,0.0,-1,6,30,1,1,1,06:50,4,1,9
2023471262729,2023,471262729,2,1,1,1,50,8,3,0,0,0,0,0,1,6,E01031499,3,1,0.0,1.0,-1,6,40,5,6,2,20:15,3,2,1
2023010420818,2023,010420818,1,1,1,1,35,6,3,0,0,0,0,0,3,1,E01002758,-1,0,0.0,1.0,-1,3,20,1,1,1,14:05,2,2,3
2023141266606,2023,141266606,1,1,3,1,35,6,3,5,3,0,0,0,0,2,E01007443,3,1,0.0,1.0,-1,6,30,1,7,1,18:31,1,1,9
2023430117707,2023,430117707,1,1,3,1,13,3,3,5,2,0,0,0,0,2,E01028513,-1,0,0.13529,0.86471,-1,6,20,1,1,1,13:17,6,1,11
2023010432585,2023,010432585,1,1,1,1,28,6,3,0,0,0,0,0,2,8,E01004171,-1,0,0.0,1.0,-1,6,30,1,4,1,19:40,5,2,2
2023543523523,2023,543523523,1,1,3,2,31,6,3,3,3,0,0,0,0,3,E01015477,-1,0,0.1077,0.8923,-1,6,30,1,1,1,11:54,2,1,9
2023061276275,2023,061276275,2,1,1,1,17,4,2,0,0,0,0,0,3,2,E01005383,7,1,1.0,0.0,-1,6,30,1,4,1,23:55,2,2,3
2023061313373,2023,061313373,2,1,1,1,50,8,3,0,0,0,0,0,9,1,E01005497,3,1,0.0,1.0,-1,6,30,1,1,2,06:20,5,2,9
2023122300444,2023,122300444,1,1,1,2,21,5,3,0,0,0,0,0,9,1,E01027817,-1,0,0.01715,0.98285,-1,6,30,1,1,1,18:45,2,2,9
2023421324826,2023,421324826,1,3,2,1,18,4,2,0,0,2,0,0,9,4,E01021508,7,1,1.0,0.0,-1,3,70,1,1,1,14:34,7,6,9
2023320735546,2023,320735546,1,1,1,1,23,5,3,0,0,0,0,0,1,6,E01026147,-1,0,0.13191,0.86809,-1,6,30,2,4,2,19:13,2,2,1
2023461353594,2023,461353594,1,1,1,1,34,6,3,0,0,0,0,0,1,6,E01032768,3,1,0.0,1.0,-1,6,60,1,1,1,13:39,1,2,1
2023041319624,2023,041319624,2,1,1,2,51,8,3,0,0,0,0,0,1,9,E01024983,3,1,0.0,1.0,-1,6,60,1,1,1,11:45,5,2,1
2023131299333,2023,131299333,1,1,1,1,24,5,2,0,0,0,0,0,1,4,E01011325,7,1,1.0,0.0,-1,6,20,1,1,1,16:40,3,1,1
2023010432738,2023,010432738,1,1,1,2,58,9,2,0,0,0,0,0,1,2,E01001744,-1,0,1.0,0.0,-1,2,20,1,1,1,11:00,4,4,1
2023440108368,2023,440108368,2,1,1,1,45,7,3,0,0,0,0,0,1,-1,-1,-1,0,0.06474,0.93526,-1,6,30,2,4,2,19:01,6,2,1
2023451308096,2023,451308096,2,1,1,1,18,4,3,0,0,0,0,0,1,4,E01030805,3,1,0.0,1.0,-1,6,30,1,1,1,14:24,2,2,1
2023010450048,2023,010450048,1,1,3,1,12,3,2,4,1,0,0,0,0,2,E01003298,-1,0,1.0,0.0,-1,6,30,1,1,1,08:15,2,1,19
2023332300486,2023,332300486,1,1,3,1,74,10,3,4,1,0,0,0,0,1,E01013664,-1,0,0.09314,0.90686,-1,6,30,1,1,1,08:55,5,1,9
2023010460216,2023,010460216,2,1,1,1,47,8,3,0,0,0,0,0,-1,2,E01000151,-1,0,0.0,1.0,-1,1,30,1,1,1,11:19,7,2,-1
2023010473734,2023,010473734,1,1,1,1,31,6,3,0,0,0,0,0,3,2,E01010016,-1,0,0.0,1.0,-1,6,20,9,1,9,13:32,1,2,3
2023131331825,2023,131331825,2,1,1,1,59,9,3,0,0,0,0,0,3,2,E01010628,3,1,0.0,1.0,-1,6,30,1,1,1,08:57,6,2,3
2023010429296,2023,010429296,2,2,1,1,29,6,2,0,0,0,0,0,4,1,E01003048,-1,0,1.0,0.0,-1,6,20,1,4,1,18:54,1,2,4
2023501307050,2023,501307050,2,1,1,1,72,10,3,0,0,0,0,0,9,6,E01020175,3,1,0.0,1.0,-1,6,60,1,1,1,19:38,7,2,9