collision_index,collision_year,collision_ref_no,vehicle_reference,casualty_reference,casualty_class,sex_of_casualty,age_of_casualty,age_band_of_casualty,casualty_severity,pedestrian_location,pedestrian_movement,car_passenger,bus_or_coach_passenger,pedestrian_road_maintenance_worker,casualty_type,casualty_imd_decile,lsoa_of_casualty,enhanced_casualty_severity,casualty_injury_based,casualty_adjusted_severity_serious,casualty_adjusted_severity_slight,casualty_distance_banding,road_type,speed_limit,weather_conditions,light_conditions,road_surface_conditions,time,day_of_week,number_of_vehicles,vehicle_type
2023440502765,2023,440502765,2,2,2,1,12,3,3,0,0,2,0,0,9,1,E01032882,-1,0,0.05079,0.94921,-1,6,50,2,1,2,09:36,7,2,9
2023501393870,2023,501393870,2,2,2,2,42,7,3,0,0,1,0,0,9,7,E01020164,3,1,0.0,1.0,-1,6,30,1,4,1,18:17,2,2,9
2023010449676,2023,010449676,2,1,1,1,51,8,3,0,0,0,0,0,9,2,E01002634,-1,0,0.0,1.0,-1,6,20,1,1,1,13:23,7,2,9
2023991359125,2023,991359125,2,1,1,1,51,8,2,0,0,0,0,0,9,7,-1,5,1,1.0,0.0,-1,6,50,1,4,1,20:18,5,2,9
2023461349174,2023,461349174,1,1,1,1,37,7,3,0,0,0,0,0,19,8,E01024017,3,1,0.0,1.0,-1,1,40,1,1,2,11:42,6,1,19
2023010485850,2023,010485850,1,1,1,2,25,5,3,0,0,0,0,0,90,8,E01004194,-1,0,0.0,1.0,-1,3,20,4,1,1,13:04,1,2,90
2023552400229,2023,552400229,2,1,1,1,56,9,3,0,0,0,0,0,1,5,E01020472,-1,0,0.07569,0.92431,-1,1,30,2,7,2,07:42,5,2,1
2023991320490,2023,991320490,2,1,1,1,32,6,3,0,0,0,0,0,1,5,-1,3,1,0.0,1.0,-1,3,30,1,1,1,18:00,2,2,1
2023311362640,2023,311362640,1,1,1,1,18,4,3,0,0,0,0,0,4,4,E01028291,3,1,0.0,1.0,-1,6,30,2,1,2,15:50,6,2,4
2023501360773,2023,501360773,1,1,2,2,52,8,3,0,0,0,0,0,5,3,E01019042,3,1,0.0,1.0,-1,6,60,1,1,1,15:28,1,2,5
2023211351457,2023,211351457,2,1,1,1,48,8,2,0,0,0,0,0,9,9,E01029378,7,1,1.0,0.0,-1,7,70,2,1,2,18:00,2,2,9
2023451312473,2023,451312473,1,1,1,2,83,11,3,0,0,0,0,0,9,9,E01031504,3,1,0.0,1.0,-1,6,40,1,1,1,17:20,1,2,9
2023991269495,2023,991269495,1,3,1,1,28,6,3,0,0,0,0,0,9,9,-1,3,1,0.0,1.0,-1,6,60,6,6,3,20:10,1,2,9
2023041362681,2023,041362681,2,1,2,2,70,10,3,0,0,1,0,0,9,1,E01025296,3,1,0.0,1.0,-1,6,30,1,1,1,16:54,6,2,9
2023141376146,2023,141376146,1,1,1,1,62,9,3,0,0,0,0,0,9,9,E01007899,3,1,0.0,1.0,-1,6,20,1,4,1,19:22,7,2,9
2023552300755,2023,552300755,1,2,1,1,72,10,3,0,0,0,0,0,9,8,E01020520,-1,0,0.09722,0.90278,-1,6,60,1,1,1,15:29,7,2,9
2023421360787,2023,421360787,2,3,2,1,25,5,3,0,0,2,0,0,9,10,E01021643,3,1,0.0,1.0,-1,6,60,1,1,1,14:23,1,3,9
2023010422433,2023,010422433,1,1,1,1,35,6,3,0,0,0,0,0,1,2,E01003980,-1,0,0.0,1.0,-1,2,30,1,1,1,10:12,6,2,1
2023161338506,2023,161338506,1,1,3,1,7,2,2,1,4,0,0,2,0,1,E01013174,7,1,1.0,0.0,-1,6,30,1,1,2,15:52,7,1,9
2023010476442,2023,010476442,1,1,1,2,50,8,3,0,0,0,0,0,1,-1,-1,-1,0,0.0,1.0,-1,2,20,1,4,2,23:20,7,2,1
2023302300917,2023,302300917,2,1,1,2,51,8,3,0,0,0,0,0,9,8,E01019586,-1,0,0.02086,0.97914,-1,6,40,1,1,1,13:05,1,3,9
2023371328281,2023,371328281,1,1,1,2,36,7,3,0,0,0,0,0,9,2,E01029984,3,1,0.0,1.0,-1,6,30,1,1,1,20:08,5,2,9
2023411273725,2023,411273725,2,1,1,1,25,5,3,0,0,0,0,0,9,8,E01023511,3,1,0.0,1.0,-1,1,60,1,1,-1,20:05,6,2,9
2023131293710,2023,131293710,1,1,2,2,46,8,3,0,0,0,4,0,11,6,E01010882,3,1,0.0,1.0,-1,6,30,1,1,1,12:10,6,1,11
2023131325424,2023,131325424,1,1,3,2,39,7,3,1,1,0,0,2,0,6,E01011704,3,1,0.0,1.0,-1,6,30,1,1,1,08:10,2,1,9
2023430246301,2023,430246301,1,1,1,1,33,6,3,0,0,0,0,0,1,10,E01002938,-1,0,0.05183,0.94817,-1,6,30,1,1,1,13:17,1,2,1
2023201459038,2023,201459038,2,1,1,1,24,5,3,0,0,0,0,0,4,3,E01010137,3,1,0.0,1.0,-1,1,30,4,4,1,07:01,5,2,4
2023111362081,2023,111362081,1,1,2,1,27,6,2,0,0,1,0,0,9,6,E01008574,7,1,1.0,0.0,-1,6,60,1,1,1,14:45,1,2,9
2023461348438,2023,461348438,1,1,1,2,75,10,3,0,0,0,0,0,9,7,E01032619,3,1,0.0,1.0,-1,6,30,1,1,1,09:25,2,2,9
2023141260887,2023,141260887,1,1,3,1,14,3,3,5,9,0,0,0,0,4,E01007393,3,1,0.0,1.0,-1,6,30,1,4,1,16:38,1,1,9
2023440119271,2023,440119271,1,1,1,1,53,8,3,0,0,0,0,0,9,7,E01032846,-1,0,0.10564,0.89436,-1,3,50,1,4,1,18:41,7,2,9
2023461365793,2023,461365793,2,2,2,1,8,2,3,0,0,1,0,0,9,7,E01024035,3,1,0.0,1.0,-1,6,60,1,1,1,16:04,1,2,9
2023471263559,2023,471263559,1,3,2,1,12,3,3,0,0,2,0,0,9,5,E01031750,3,1,0.0,1.0,-1,6,60,8,1,1,13:20,1,2,9
2023211353718,2023,211353718,1,1,3,1,3,1,3,9,7,0,0,0,0,1,E01014247,3,1,0.0,1.0,-1,6,30,1,1,2,15:33,2,1,9
2023201303356,2023,201303356,1,4,2,1,27,6,2,0,0,2,0,0,9,1,E01009153,7,1,1.0,0.0,-1,6,30,1,1,1,05:40,7,3,9
2023430301892,2023,430301892,2,1,1,1,47,8,3,0,0,0,0,0,9,8,E01023704,-1,0,0.05749,0.94251,-1,6,40,1,1,1,08:56,7,2,9
2023461362171,2023,461362171,2,4,2,2,38,7,3,0,0,1,0,0,9,5,E01024366,3,1,0.0,1.0,-1,3,70,1,1,1,09:50,6,3,9
2023991389860,2023,991389860,2,1,1,2,74,10,3,0,0,0,0,0,9,3,-1,3,1,0.0,1.0,-1,6,30,1,4,2,15:45,2,3,9
2023471347597,2023,471347597,2,1,1,1,24,5,3,0,0,0,0,0,1,1,E01016904,3,1,0.0,1.0,-1,6,20,1,1,1,17:15,4,2,1
2023031354873,2023,031354873,1,1,2,1,3,1,3,0,0,1,0,0,9,8,E01019391,3,1,0.0,1.0,-1,6,30,1,1,1,10:00,5,2,9
2023041356258,2023,041356258,1,1,2,2,63,9,3,0,0,1,0,0,9,1,E01012751,3,1,0.0,1.0,-1,6,30,2,1,2,18:18,1,2,9
2023231306459,2023,231306459,2,3,2,2,73,10,3,0,0,2,0,0,9,3,E01032536,3,1,0.0,1.0,-1,3,70,2,1,2,17:33,1,2,9
2023311320405,2023,311320405,2,1,1,1,63,9,3,0,0,0,0,0,9,7,E01027496,3,1,0.0,1.0,-1,6,60,1,1,1,12:11,2,3,9
2023421371443,2023,421371443,2,1,1,1,32,6,3,0,0,0,0,0,9,2,E01023338,3,1,0.0,1.0,-1,6,40,1,4,1,20:55,4,2,9
2023201301030,2023,201301030,1,1,3,1,-1,-1,3,9,9,0,0,2,0,-1,-1,3,1,0.0,1.0,-1,6,20,1,1,1,19:20,7,1,9
2023010457072,2023,010457072,1,1,1,1,28,6,3,0,0,0,0,0,3,3,E01001505,-1,0,0.0,1.0,-1,2,20,1,1,1,15:35,2,2,3
2023010450570,2023,010450570,1,1,1,2,27,6,3,0,0,0,0,0,4,5,E01001646,-1,0,0.0,1.0,-1,6,30,1,1,1,19:48,4,2,4
2023010467897,2023,010467897,2,1,1,2,43,7,3,0,0,0,0,0,9,5,E01000375,-1,0,0.0,1.0,-1,6,30,1,4,1,20:00,7,3,9
2023131341469,2023,131341469,2,1,2,2,75,10,3,0,0,0,0,0,9,4,E01012938,3,1,0.0,1.0,-1,7,70,1,1,1,12:20,7,2,9
2023131381570,2023,131381570,1,2,2,1,20,4,3,0,0,1,0,0,9,-1,-1,3,1,0.0,1.0,-1,6,30,8,4,4,22:45,6,2,9
2023451351389,2023,451351389,1,1,2,1,56,9,3,0,0,1,0,0,9,7,E01016220,3,1,0.0,1.0,-1,6,40,1,1,1,17:29,2,2,9
2023451314461,2023,451314461,1,1,2,2,31,6,3,0,0,0,3,0,11,5,E01030725,3,1,0.0,1.0,-1,3,30,1,1,1,10:30,7,1,11
2023010441298,2023,010441298,1,1,3,1,69,10,3,1,1,0,0,0,0,2,E01004409,-1,0,0.0,1.0,-1,6,20,2,1,2,12:35,6,1,3
2023010467344,2023,010467344,1,1,1,1,32,6,3,0,0,0,0,0,3,7,E01001131,-1,0,0.0,1.0,-1,9,30,9,1,9,14:50,4,2,3
2023430032159,2023,430032159,5,8,1,1,47,8,3,0,0,0,0,0,9,7,E01028438,-1,0,0.06671,0.93329,-1,3,70,1,1,1,08:13,2,6,9
2023461377866,2023,461377866,4,3,1,2,28,6,3,0,0,0,0,0,9,3,E01024280,3,1,0.0,1.0,-1,3,70,1,1,1,06:25,3,4,9
2023991304601,2023,991304601,1,1,1,1,59,9,2,0,0,0,0,0,1,-1,-1,7,1,1.0,0.0,-1,3,20,1,1,1,12:15,1,1,1
2023122300448,2023,122300448,1,1,1,1,81,11,3,0,0,0,0,0,9,6,E01027557,-1,0,0.11293,0.88707,-1,6,30,1,1,1,15:46,4,2,9
2023302301215,2023,302301215,2,1,1,2,53,8,2,0,0,0,0,0,9,9,W01000493,-1,0,1.0,0.0,-1,6,50,2,1,2,17:56,7,2,9
2023610051523,2023,610051523,1,2,2,2,18,4,3,0,0,1,0,0,9,3,W01001460,-1,0,0.07633,0.92367,-1,6,20,2,4,2,20:36,4,1,9
2023411322762,2023,411322762,2,1,1,1,38,7,2,0,0,0,0,0,3,7,E01023531,7,1,1.0,0.0,-1,6,30,1,1,1,21:30,4,2,3
2023010429415,2023,010429415,1,1,1,1,51,8,3,0,0,0,0,0,4,4,E01024164,-1,0,0.0,1.0,-1,6,20,1,1,1,15:40,1,2,4
2023010447251,2023,010447251,1,1,1,1,33,6,3,0,0,0,0,0,9,6,E01004618,-1,0,0.0,1.0,-1,6,20,1,1,1,09:07,3,2,9
2023311260801,2023,311260801,1,1,1,1,79,11,3,0,0,0,0,0,9,7,E01028290,3,1,0.0,1.0,-1,6,30,1,1,1,09:57,1,1,9
2023311279829,2023,311279829,2,2,2,2,19,4,3,0,0,2,0,0,9,-1,-1,3,1,0.0,1.0,-1,6,30,1,4,1,21:10,4,2,9
2023451312315,2023,451312315,3,1,2,2,38,7,2,0,0,1,0,0,9,4,E01024561,6,1,1.0,0.0,-1,3,70,1,1,1,09:30,7,3,9
2023231349497,2023,231349497,1,1,1,1,29,6,3,0,0,0,0,0,9,2,E01008254,3,1,0.0,1.0,-1,6,60,1,1,1,15:55,7,4,9
2023401300644,2023,401300644,1,1,1,1,43,7,3,0,0,0,0,0,9,7,E01017564,3,1,0.0,1.0,-1,6,60,1,1,1,16:33,1,2,9
2023461346685,2023,461346685,1,2,2,1,22,5,3,0,0,1,0,0,9,-1,-1,3,1,0.0,1.0,-1,1,30,1,4,1,23:35,2,1,9
2023332300522,2023,332300522,2,1,1,1,44,7,2,0,0,0,0,0,1,9,E01025733,-1,0,1.0,0.0,-1,6,40,1,1,1,18:25,3,2,1
2023010471523,2023,010471523,1,2,2,-1,-1,-1,3,0,0,1,0,0,9,-1,-1,-1,0,0.0,1.0,-1,6,20,9,1,9,17:45,4,2,9
2023991340879,2023,991340879,1,3,2,1,22,5,3,0,0,1,0,0,9,4,-1,3,1,0.0,1.0,-1,6,50,1,1,2,21:25,6,3,9
2023201343108,2023,201343108,1,6,2,2,69,10,3,0,0,0,4,0,11,4,E01009497,3,1,0.0,1.0,-1,3,30,1,1,1,15:00,1,2,11
2023010455154,2023,010455154,1,1,1,2,29,6,3,0,0,0,0,0,9,10,E01030855,-1,0,0.0,1.0,-1,6,40,2,1,2,10:22,6,3,9
2023070604868,2023,070604868,2,2,2,1,31,6,3,0,0,1,0,0,9,10,E01018696,-1,0,0.03826,0.96174,-1,1,50,1,1,1,16:40,4,2,9
2023461380227,2023,461380227,2,1,1,2,38,7,3,0,0,0,0,0,9,4,E01024622,3,1,0.0,1.0,-1,6,20,1,1,1,11:45,6,2,9
2023471322883,2023,471322883,1,1,1,1,23,5,3,0,0,0,0,0,9,4,E01031553,3,1,0.0,1.0,-1,1,40,1,1,1,21:15,6,2,9
2023471393619,2023,471393619,2,1,1,2,27,6,3,0,0,0,0,0,9,9,E01031800,3,1,0.0,1.0,-1,3,70,1,1,2,15:41,6,2,9
2023501268588,2023,501268588,2,2,1,1,34,6,3,0,0,0,0,0,9,5,E01002319,3,1,0.0,1.0,-1,6,40,1,1,1,16:16,5,2,9
2023010420573,2023,010420573,1,1,1,1,23,5,3,0,0,0,0,0,23,1,E01004204,-1,0,0.0,1.0,-1,9,30,1,4,1,21:30,2,1,23
2023501344053,2023,501344053,1,1,2,1,35,6,3,0,0,1,0,0,8,-1,-1,3,1,0.0,1.0,-1,6,30,8,4,2,23:00,6,2,8
2023122300787,2023,122300787,1,1,1,-1,51,8,3,0,0,0,0,0,9,6,E01027626,-1,0,0.00896,0.99104,-1,6,60,1,1,1,12:35,3,2,9
2023010445816,2023,010445816,2,1,1,1,33,6,3,0,0,0,0,0,3,6,E01002124,-1,0,0.0,1.0,-1,6,30,1,1,1,13:42,2,2,3
2023221298904,2023,221298904,2,1,1,1,31,6,1,0,0,0,0,0,4,9,E01032178,1,1,0.0,0.0,-1,6,60,1,1,1,08:15,5,2,4
2023041366244,2023,041366244,2,2,1,2,66,10,3,0,0,0,0,0,9,3,E01007060,3,1,0.0,1.0,-1,7,70,1,4,1,18:25,1,2,9
2023101298239,2023,101298239,2,1,1,2,36,7,3,0,0,0,0,0,9,1,E01008426,3,1,0.0,1.0,-1,6,20,1,1,1,06:50,3,2,9
2023201400501,2023,201400501,2,3,2,1,60,9,2,0,0,1,0,0,9,1,E01009354,6,1,1.0,0.0,-1,6,30,1,1,1,10:58,7,2,9
2023340WN4712,2023,340WN4712,2,3,2,1,30,6,3,0,0,2,0,0,9,-1,-1,-1,0,0.13878,0.86122,-1,3,50,1,1,1,14:25,7,3,9
2023161262234,2023,161262234,1,1,1,1,50,8,3,0,0,0,0,0,21,5,E01013274,3,1,0.0,1.0,-1,6,50,5,6,2,00:15,5,1,21
2023522324592,2023,522324592,2,1,1,2,49,8,3,0,0,0,0,0,1,4,E01014906,-1,0,0.0906,0.9094,-1,6,20,1,4,1,17:55,2,2,1
2023010432625,2023,010432625,1,3,2,2,11,3,3,0,0,2,0,0,9,5,E01000450,-1,0,0.0,1.0,-1,3,50,1,4,1,22:13,5,2,9
2023031369124,2023,031369124,1,1,1,2,18,4,3,0,0,0,0,0,9,9,E01019261,3,1,0.0,1.0,-1,6,30,1,4,2,19:12,3,2,9
2023122301050,2023,122301050,1,3,2,1,39,7,3,0,0,1,0,0,9,2,E01012342,-1,0,0.05665,0.94335,-1,6,60,1,1,1,16:55,2,2,9
2023221341206,2023,221341206,1,1,1,2,54,8,3,0,0,0,0,0,9,4,E01014034,3,1,0.0,1.0,-1,6,60,1,1,1,11:30,1,2,9
2023302300582,2023,302300582,1,1,1,1,61,9,3,0,0,0,0,0,9,2,E01013552,-1,0,0.07388,0.92612,-1,6,30,1,1,1,18:25,2,3,9
2023010436168,2023,010436168,2,1,2,2,50,8,3,0,0,0,4,0,11,4,E01003147,-1,0,0.0,1.0,-1,6,30,1,1,1,13:00,5,3,11
2023302300861,2023,302300861,2,22,1,1,18,4,3,0,0,0,0,0,3,4,E01032613,-1,0,0.1441,0.8559,-1,6,30,1,1,1,16:45,5,2,3
2023440374306,2023,440374306,1,1,1,2,19,4,3,0,0,0,0,0,9,5,E01023061,-1,0,0.09004,0.90996,-1,6,30,1,6,1,22:30,4,1,9
2023061314705,2023,061314705,1,2,1,2,34,6,3,0,0,0,0,0,9,-1,-1,3,1,0.0,1.0,-1,6,30,1,4,1,20:39,7,3,9
2023461376906,2023,461376906,1,1,1,1,29,6,3,0,0,0,0,0,9,10,E01016092,3,1,0.0,1.0,-1,6,30,1,1,1,18:34,7,5,9
2023010453625,2023,010453625,2,1,1,1,-1,-1,3,0,0,0,0,0,1,-1,-1,-1,0,0.0,1.0,-1,2,20,1,1,1,18:50,5,2,1
2023052303075,2023,052303075,2,1,1,1,41,7,3,0,0,0,0,0,1,1,E01006767,-1,0,0.09236,0.90764,-1,6,30,1,4,1,17:00,6,2,1
2023041367453,2023,041367453,1,3,2,2,3,1,3,0,0,1,0,0,9,8,E01025519,3,1,0.0,1.0,-1,6,20,1,4,2,17:55,4,2,9
2023461337227,2023,461337227,1,1,1,2,33,6,3,0,0,0,0,0,9,7,E01000786,3,1,0.0,1.0,-1,6,60,1,1,1,17:45,7,2,9
2023991273367,2023,991273367,2,1,1,1,72,10,2,0,0,0,0,0,9,3,-1,6,1,1.0,0.0,-1,6,60,1,7,1,15:50,5,2,9
2023101351115,2023,101351115,1,1,3,2,5,1,3,5,1,0,0,0,0,-1,-1,3,1,0.0,1.0,-1,6,30,1,1,1,16:55,5,1,9
2023010426350,2023,010426350,2,1,1,2,56,9,3,0,0,0,0,0,1,3,E01013874,-1,0,0.0,1.0,-1,2,20,1,4,1,17:55,5,2,1
2023070509225,2023,070509225,2,1,1,1,60,9,3,0,0,0,0,0,9,5,E01028898,-1,0,0.0596,0.9404,-1,6,30,2,1,2,17:26,2,3,9
2023311369971,2023,311369971,2,3,1,2,70,10,3,0,0,0,0,0,9,6,E01028331,3,1,0.0,1.0,-1,6,60,2,1,2,14:45,5,2,9
2023221273312,2023,221273312,1,1,3,2,67,10,3,5,3,0,0,0,0,2,E01032470,3,1,0.0,1.0,-1,6,30,1,1,1,08:50,4,1,9
2023411306292,2023,411306292,1,1,1,2,27,6,2,0,0,0,0,0,3,7,E01023450,5,1,1.0,0.0,-1,6,40,1,1,1,09:30,4,1,3
2023501322414,2023,501322414,1,3,2,1,23,5,2,0,0,2,0,0,9,4,E01020290,7,1,1.0,0.0,-1,6,60,1,6,1,01:10,1,1,9
202360A143829,2023,60A143829,1,2,2,2,10,2,3,0,0,1,0,0,9,-1,-1,-1,0,0.08234,0.91766,-1,6,60,1,1,1,16:56,4,1,9
2023991322566,2023,991322566,2,2,1,1,36,7,2,0,0,0,0,0,9,8,-1,7,1,1.0,0.0,-1,6,40,2,1,2,16:10,1,2,9
2023201287288,2023,201287288,2,1,1,1,23,5,3,0,0,0,0,0,97,2,E01010521,3,1,0.0,1.0,-1,6,30,1,4,2,20:15,5,2,97
2023061270898,2023,061270898,2,1,1,2,44,7,3,0,0,0,0,0,9,1,E01006440,3,1,0.0,1.0,-1,6,30,1,1,1,08:54,2,2,9
2023131319574,2023,131319574,2,2,1,1,27,6,3,0,0,0,0,0,9,1,E01010808,3,1,0.0,1.0,-1,6,30,1,1,1,18:17,6,2,9
2023520300934,2023,520300934,2,4,2,1,12,3,3,0,0,1,0,0,9,3,E01020079,-1,0,0.01733,0.98267,-1,6,60,1,1,1,11:48,5,3,9
202363C015623,2023,63C015623,1,1,2,2,11,3,3,0,0,2,0,0,9,3,W01000695,-1,0,0.07624,0.92376,-1,6,60,1,1,1,12:35,4,2,9
2023461371873,2023,461371873,2,1,1,1,61,9,3,0,0,0,0,0,19,5,E01024366,3,1,0.0,1.0,-1,6,60,2,1,2,07:23,6,2,19
2023411379433,2023,411379433,2,1,1,1,29,6,3,0,0,0,0,0,9,5,E01023800,3,1,0.0,1.0,-1,3,70,8,1,1,11:10,7,2,9
202354A216323,2023,54A216323,2,1,1,1,59,9,3,0,0,0,0,0,9,4,E01015475,-1,0,0.00555,0.99445,-1,2,30,1,1,1,14:47,3,2,9
2023991307511,2023,991307511,2,2,1,1,68,10,3,0,0,0,0,0,9,-1,-1,3,1,0.0,1.0,-1,6,30,1,1,1,09:02,2,2,9
2023411348430,2023,411348430,2,1,1,2,28,6,3,0,0,0,0,0,1,4,E01023861,3,1,0.0,1.0,-1,9,30,1,1,-1,18:15,3,2,1
2023010423992,2023,010423992,1,1,1,2,37,7,3,0,0,0,0,0,3,6,E01002984,-1,0,0.0,1.0,-1,3,20,1,4,1,20:15,6,2,3
2023010434864,2023,010434864,1,1,1,1,23,5,3,0,0,0,0,0,3,4,E01017158,-1,0,0.0,1.0,-1,6,20,9,7,9,18:00,3,2,3
2023440196179,2023,440196179,1,1,1,1,53,8,2,0,0,0,0,0,3,10,E01022691,-1,0,1.0,0.0,-1,6,30,1,1,1,15:45,5,1,3
2023010458317,2023,010458317,1,1,1,2,46,8,3,0,0,0,0,0,9,3,E01000287,-1,0,0.0,1.0,-1,7,30,1,1,1,19:46,7,2,9
2023010479365,2023,010479365,2,3,1,1,31,6,3,0,0,0,0,0,9,1,E01001427,-1,0,0.0,1.0,-1,6,40,1,4,1,17:45,3,4,9
2023131258881,2023,131258881,1,3,1,1,16,4,2,0,0,0,0,0,9,1,E01010742,6,1,1.0,0.0,-1,1,30,1,4,2,01:11,3,2,9
2023141306747,2023,141306747,2,1,1,1,58,9,3,0,0,0,0,0,9,1,E01007333,3,1,0.0,1.0,-1,6,60,1,1,1,15:03,6,3,9
2023332300363,2023,332300363,2,1,2,2,82,11,2,0,0,1,0,0,9,2,E01013667,-1,0,1.0,0.0,-1,3,30,1,1,1,13:15,1,3,9
2023351287532,2023,351287532,2,1,2,1,49,8,3,0,0,1,0,0,9,1,E01015658,3,1,0.0,1.0,-1,6,30,1,1,-1,16:25,1,2,9
2023361299978,2023,361299978,1,1,1,1,45,7,3,0,0,0,0,0,9,7,E01033540,3,1,0.0,1.0,-1,6,60,2,6,2,22:00,1,1,9
2023031339109,2023,031339109,1,1,3,1,7,2,3,5,2,0,0,0,0,-1,-1,3,1,0.0,1.0,-1,6,30,1,1,1,17:00,2,1,9
2023010452167,2023,010452167,1,1,1,1,21,5,3,0,0,0,0,0,3,2,E01004434,-1,0,0.0,1.0,-1,3,20,9,1,9,16:10,4,2,3
2023302301835,2023,302301835,1,1,1,2,33,6,3,0,0,0,0,0,9,9,E01019835,-1,0,0.09622,0.90378,-1,6,60,1,1,4,08:04,4,1,9
2023371316236,2023,371316236,2,1,1,1,28,6,3,0,0,0,0,0,9,5,E01033446,3,1,0.0,1.0,-1,6,40,1,6,2,19:15,6,2,9
2023401262542,2023,401262542,1,1,1,2,78,11,3,0,0,0,0,0,9,10,E01017606,3,1,0.0,1.0,-1,6,30,1,4,2,18:03,4,3,9
2023501367015,2023,501367015,1,2,2,1,13,3,3,0,0,1,0,0,9,-1,-1,3,1,0.0,1.0,-1,1,30,1,1,1,17:58,4,2,9
2023531310763,2023,531310763,1,1,2,2,29,6,3,0,0,0,0,0,19,8,E01022313,3,1,0.0,1.0,-1,6,60,1,6,1,00:15,4,1,19
2023041355039,2023,041355039,2,2,1,1,32,6,3,0,0,0,0,0,9,1,E01012596,3,1,0.0,1.0,-1,6,30,1,4,2,22:33,5,2,9
2023622300639,2023,622300639,1,1,1,2,63,9,3,0,0,0,0,0,9,2,W01001282,-1,0,0.02904,0.97096,-1,3,30,2,1,2,11:47,2,2,9
2023461344150,2023,461344150,2,1,1,1,28,6,3,0,0,0,0,0,1,6,E01024516,3,1,0.0,1.0,-1,6,40,1,1,1,14:30,5,2,1
2023131364236,2023,131364236,2,1,1,1,43,7,3,0,0,0,0,0,9,9,E01011199,3,1,0.0,1.0,-1,6,30,8,1,2,09:06,4,2,9
2023411304221,2023,411304221,2,3,2,2,66,10,3,0,0,1,0,0,9,7,E01023795,3,1,0.0,1.0,-1,6,30,1,1,1,15:22,1,2,9
2023421295742,2023,421295742,2,2,2,1,4,1,3,0,0,2,0,0,9,1,E01015852,3,1,0.0,1.0,-1,6,40,1,1,1,08:02,4,2,9
2023461306014,2023,461306014,2,1,1,1,25,5,3,0,0,0,0,0,9,-1,-1,3,1,0.0,1.0,-1,6,30,1,4,1,20:47,5,2,9
2023010427806,2023,010427806,1,1,3,1,21,5,3,5,1,0,0,0,0,5,E01001946,-1,0,0.0,1.0,-1,3,40,1,4,1,22:35,6,1,9
2023461366065,2023,461366065,2,1,1,1,34,6,3,0,0,0,0,0,1,6,E01016178,3,1,0.0,1.0,-1,6,30,1,4,1,17:40,4,2,1
2023201339750,2023,201339750,1,1,1,1,21,5,3,0,0,0,0,0,9,9,W01001631,3,1,0.0,1.0,-1,6,30,1,4,1,23:00,7,2,9
2023320356586,2023,320356586,1,2,2,2,25,5,3,0,0,1,0,0,9,-1,-1,-1,0,0.05843,0.94157,-1,6,30,1,1,1,10:23,1,1,9
2023361318714,2023,361318714,2,1,1,2,58,9,3,0,0,0,0,0,9,2,E01026614,3,1,0.0,1.0,-1,6,60,1,1,1,18:00,4,3,9
2023622300484,2023,622300484,2,2,1,1,45,7,3,0,0,0,0,0,9,4,W01001235,-1,0,0.00596,0.99404,-1,1,40,1,1,1,07:59,4,2,9
2023552300837,2023,552300837,2,1,1,1,33,6,3,0,0,0,0,0,1,4,E01015276,-1,0,0.07841,0.92159,-1,6,30,1,1,1,08:25,5,2,1
2023201328539,2023,201328539,1,1,1,2,31,6,3,0,0,0,0,0,9,1,E01010029,3,1,0.0,1.0,-1,6,30,1,1,1,16:28,6,2,9
2023311352892,2023,311352892,2,1,2,1,53,8,3,0,0,1,0,0,9,5,E01028286,3,1,0.0,1.0,-1,6,40,1,1,1,15:13,6,2,9
2023201367745,2023,201367745,1,1,1,1,46,8,3,0,0,0,0,0,9,5,E01009721,3,1,0.0,1.0,-1,6,30,1,1,1,10:15,5,2,9
2023221377184,2023,221377184,2,3,1,1,35,6,3,0,0,0,0,0,9,9,E01032421,3,1,0.0,1.0,-1,6,30,1,1,2,11:35,3,2,9
2023302301153,2023,302301153,1,1,1,1,19,4,3,0,0,0,0,0,9,7,E01019460,-1,0,0.08657,0.91343,-1,6,40,2,1,2,19:20,4,2,9
2023440163355,2023,440163355,2,1,1,2,51,8,3,0,0,0,0,0,9,6,E01022657,-1,0,0.01686,0.98314,-1,6,30,1,1,1,14:08,4,2,9
2023545132723,2023,545132723,1,2,2,1,20,4,3,0,0,1,0,0,9,7,E01031974,-1,0,0.02044,0.97956,-1,6,30,1,1,1,19:38,3,2,9
2023041387360,2023,041387360,1,1,1,1,57,9,3,0,0,0,0,0,98,2,E01014293,3,1,0.0,1.0,-1,3,30,1,1,2,09:20,3,1,98
2023610041023,2023,610041023,1,1,1,1,47,8,3,0,0,0,0,0,1,1,W01001073,-1,0,0.15676,0.84324,-1,6,20,1,1,1,17:20,4,2,1
2023211344298,2023,211344298,1,1,1,1,29,6,2,0,0,0,0,0,5,6,E01029461,5,1,1.0,0.0,-1,6,50,1,1,1,16:44,2,1,5
2023991347472,2023,991347472,1,1,1,1,43,7,3,0,0,0,0,0,5,10,-1,3,1,0.0,1.0,-1,6,60,1,1,1,09:40,5,2,5
2023332300109,2023,332300109,1,1,1,1,30,6,3,0,0,0,0,0,8,2,E01013694,-1,0,0.02679,0.97321,-1,6,30,1,4,1,00:44,1,2,8