collision_index,collision_year,collision_ref_no,vehicle_reference,casualty_reference,casualty_class,sex_of_casualty,age_of_casualty,age_band_of_casualty,casualty_severity,pedestrian_location,pedestrian_movement,car_passenger,bus_or_coach_passenger,pedestrian_road_maintenance_worker,casualty_type,casualty_imd_decile,lsoa_of_casualty,enhanced_casualty_severity,casualty_injury_based,casualty_adjusted_severity_serious,casualty_adjusted_severity_slight,casualty_distance_banding,road_type,speed_limit,weather_conditions,light_conditions,road_surface_conditions,time,day_of_week,number_of_vehicles,vehicle_type
2023010456899,2023,010456899,1,2,2,1,37,7,3,0,0,2,0,0,9,-1,-1,-1,0,0.0,1.0,-1,6,30,1,4,1,23:39,1,1,9
2023221397540,2023,221397540,2,1,1,1,78,11,2,0,0,0,0,0,9,7,E01028987,6,1,1.0,0.0,-1,6,30,1,4,2,19:25,5,2,9
2023451287651,2023,451287651,1,1,1,2,17,4,3,0,0,0,0,0,9,-1,-1,3,1,0.0,1.0,-1,6,40,1,6,2,22:00,5,1,9
2023010481562,2023,010481562,1,1,3,1,43,7,3,5,3,0,0,0,0,9,E01003910,-1,0,0.0,1.0,-1,2,20,8,1,1,11:45,7,1,9
2023311312762,2023,311312762,2,1,1,1,33,6,3,0,0,0,0,0,1,3,E01013874,3,1,0.0,1.0,-1,6,20,1,4,1,09:00,3,2,1
2023421266138,2023,421266138,1,1,1,1,22,5,3,0,0,0,0,0,9,9,E01021899,3,1,0.0,1.0,-1,6,30,1,4,2,17:10,6,2,9
2023461286690,2023,461286690,1,1,2,2,15,3,3,0,0,2,0,0,9,-1,-1,3,1,0.0,1.0,-1,1,30,1,1,1,15:40,1,2,9
2023440367757,2023,440367757,1,1,1,1,43,7,3,0,0,0,0,0,19,3,E01020789,-1,0,0.05765,0.94235,-1,6,30,1,1,1,16:14,7,2,19
2023010465466,2023,010465466,2,1,1,1,32,6,3,0,0,0,0,0,3,-1,-1,-1,0,0.0,1.0,-1,6,30,1,1,1,08:20,3,2,3
2023010464075,2023,010464075,2,1,1,1,38,7,3,0,0,0,0,0,5,10,E01003886,-1,0,0.0,1.0,-1,1,30,1,1,1,17:45,2,2,5
2023471307082,2023,471307082,2,2,1,1,44,7,3,0,0,0,0,0,9,-1,-1,3,1,0.0,1.0,-1,6,30,1,4,1,00:35,1,2,9
2023622301056,2023,622301056,2,2,1,1,62,9,3,0,0,0,0,0,9,4,W01001272,-1,0,0.03393,0.96607,-1,3,30,1,4,1,17:13,1,2,9
2023131283142,2023,131283142,2,2,1,1,42,7,2,0,0,0,0,0,9,2,E01027909,6,1,1.0,0.0,-1,6,60,1,4,1,04:36,1,2,9
2023320257385,2023,320257385,1,1,1,1,17,4,3,0,0,0,0,0,9,8,E01015685,-1,0,0.16519,0.83481,-1,6,60,1,6,1,22:17,6,1,9
2023421357819,2023,421357819,1,1,1,1,47,8,2,0,0,0,0,0,9,7,E01021385,7,1,1.0,0.0,-1,6,60,1,1,1,17:11,6,1,9
2023311332123,2023,311332123,1,1,2,2,70,10,3,0,0,0,4,0,11,7,E01028250,3,1,0.0,1.0,-1,6,30,2,1,2,13:18,3,1,11
2023371327450,2023,371327450,2,1,1,1,69,10,3,0,0,0,0,0,1,6,E01030120,3,1,0.0,1.0,-1,6,60,1,1,1,11:52,7,2,1
2023031377632,2023,031377632,1,1,1,2,41,7,3,0,0,0,0,0,9,-1,-1,3,1,0.0,1.0,-1,6,60,1,1,1,09:31,4,1,9
2023320660827,2023,320660827,3,1,1,2,61,9,3,0,0,0,0,0,9,7,E01013145,-1,0,0.07208,0.92792,-1,6,60,2,1,2,14:35,3,3,9
2023401367215,2023,401367215,1,1,1,2,56,9,3,0,0,0,0,0,9,10,E01017393,3,1,0.0,1.0,-1,7,30,2,1,2,16:50,5,2,9
2023371281764,2023,371281764,2,1,1,1,34,6,3,0,0,0,0,0,1,6,E01032612,3,1,0.0,1.0,-1,6,30,8,1,4,07:14,3,2,1
2023440137615,2023,440137615,2,1,1,1,16,4,3,0,0,0,0,0,1,5,E01017209,-1,0,0.16542,0.83458,-1,6,30,1,1,1,18:46,6,2,1
2023201448514,2023,201448514,1,1,3,2,12,3,2,8,3,0,0,2,0,9,E01008990,7,1,1.0,0.0,-1,3,30,1,1,2,16:00,2,1,9
2023161335589,2023,161335589,2,1,1,1,47,8,3,0,0,0,0,0,1,-1,-1,3,1,0.0,1.0,-1,6,30,1,1,1,14:00,7,2,1
2023170S11533,2023,170S11533,2,1,1,1,44,7,2,0,0,0,0,0,1,1,E01012271,-1,0,1.0,0.0,-1,6,30,1,1,1,07:43,4,2,1
2023070685270,2023,070685270,1,1,1,2,55,8,3,0,0,0,0,0,9,1,E01010654,-1,0,0.02657,0.97343,-1,3,70,1,1,1,15:05,6,2,9
2023201286883,2023,201286883,2,1,1,2,24,5,3,0,0,0,0,0,9,5,E01010431,3,1,0.0,1.0,-1,6,30,4,4,2,19:28,7,2,9
2023991390161,2023,991390161,2,1,2,1,28,6,2,0,0,1,0,0,9,-1,-1,6,1,1.0,0.0,-1,6,30,2,1,2,11:20,3,2,9
2023201387501,2023,201387501,1,1,3,1,44,7,3,4,1,0,0,2,0,1,E01010272,3,1,0.0,1.0,-1,6,30,1,4,1,19:30,1,1,9
2023440127788,2023,440127788,1,1,3,2,33,6,2,5,3,0,0,0,0,9,E01017147,-1,0,1.0,0.0,-1,6,30,5,1,2,13:15,6,1,9
2023010462308,2023,010462308,1,1,1,2,35,6,3,0,0,0,0,0,3,2,E01003321,-1,0,0.0,1.0,-1,9,20,9,1,9,19:09,5,2,3
2023010457403,2023,010457403,1,1,1,2,20,4,3,0,0,0,0,0,9,6,E01023601,-1,0,0.0,1.0,-1,3,30,2,4,2,20:07,4,2,9
2023041434197,2023,041434197,2,1,1,1,34,6,3,0,0,0,0,0,9,1,E01025227,3,1,0.0,1.0,-1,6,20,1,1,1,17:35,6,2,9
2023131314174,2023,131314174,2,1,1,2,52,8,3,0,0,0,0,0,9,7,E01011393,3,1,0.0,1.0,-1,9,70,1,1,1,11:38,5,2,9
2023461308314,2023,461308314,1,2,2,1,0,1,3,0,0,2,0,0,9,-1,-1,3,1,0.0,1.0,-1,6,30,1,1,1,13:10,4,2,9
2023543714223,2023,543714223,1,1,1,1,53,8,2,0,0,0,0,0,9,8,E01032704,-1,0,1.0,0.0,-1,6,60,1,6,1,04:46,7,2,9
2023131309510,2023,131309510,1,3,3,2,10,2,3,8,1,0,0,2,0,4,E01010675,3,1,0.0,1.0,-1,6,30,1,1,1,13:16,7,1,9
2023440022154,2023,440022154,1,1,3,1,12,3,3,5,3,0,0,0,0,5,E01023061,-1,0,0.18169,0.81831,-1,6,30,1,1,2,14:13,3,1,9
2023471360079,2023,471360079,1,1,3,2,11,3,3,5,4,0,0,0,0,3,E01016869,3,1,0.0,1.0,-1,6,20,1,1,1,15:08,5,1,9
2023010479895,2023,010479895,1,1,1,2,37,7,2,0,0,0,0,0,1,5,E01001880,-1,0,1.0,0.0,-1,6,20,1,4,1,08:00,5,2,1
2023430464795,2023,430464795,2,1,1,2,30,6,3,0,0,0,0,0,1,-1,-1,-1,0,0.04797,0.95203,-1,6,30,1,1,1,16:01,1,2,1
2023010441044,2023,010441044,1,1,1,1,22,5,3,0,0,0,0,0,3,4,E01004416,-1,0,0.0,1.0,-1,1,20,1,1,1,10:00,4,2,3
2023340WN6822,2023,340WN6822,2,2,1,2,47,8,3,0,0,0,0,0,9,5,E01027179,-1,0,0.02051,0.97949,-1,3,60,1,1,2,09:18,6,2,9
2023411268127,2023,411268127,2,1,1,1,25,5,3,0,0,0,0,0,3,4,E01021779,3,1,0.0,1.0,-1,6,30,2,4,2,16:59,5,2,3
2023041363673,2023,041363673,2,1,1,2,48,8,3,0,0,0,0,0,9,2,E01012580,3,1,0.0,1.0,-1,9,30,1,1,1,08:30,2,2,9
2023052302442,2023,052302442,1,1,1,1,54,8,3,0,0,0,0,0,9,1,E01006706,-1,0,0.11142,0.88858,-1,3,70,2,4,2,17:48,1,1,9
2023451263573,2023,451263573,1,1,1,1,79,11,3,0,0,0,0,0,9,5,E01030983,3,1,0.0,1.0,-1,6,30,1,4,1,19:35,1,2,9
2023520300610,2023,520300610,2,39,2,1,35,6,3,0,0,0,4,0,11,3,E01014156,-1,0,0.059,0.941,-1,6,40,1,6,4,06:00,3,3,11
2023061317421,2023,061317421,1,1,2,2,42,7,2,0,0,0,0,0,20,2,E01005460,7,1,1.0,0.0,-1,6,30,1,1,1,21:00,1,1,20
2023471258840,2023,471258840,1,1,1,1,28,6,3,0,0,0,0,0,9,10,E01021202,3,1,0.0,1.0,-1,6,60,1,6,2,17:00,2,2,9
2023131373646,2023,131373646,1,1,1,1,33,6,3,0,0,0,0,0,9,5,E01011798,3,1,0.0,1.0,-1,6,40,1,4,1,18:00,1,2,9
2023010433470,2023,010433470,1,1,1,1,32,6,3,0,0,0,0,0,1,2,E01003558,-1,0,0.0,1.0,-1,6,30,1,1,2,18:27,3,2,1
2023141285436,2023,141285436,1,1,1,1,30,6,3,0,0,0,0,0,9,8,E01028060,3,1,0.0,1.0,-1,6,40,1,1,2,11:22,6,2,9
2023010473319,2023,010473319,1,1,3,2,30,6,3,6,9,0,0,0,0,4,E01003628,-1,0,0.0,1.0,-1,6,20,2,1,2,15:44,7,1,9
2023010429538,2023,010429538,2,1,1,1,58,9,2,0,0,0,0,0,1,10,E01017819,-1,0,1.0,0.0,-1,3,20,1,4,1,18:53,2,2,1
2023440247332,2023,440247332,2,1,1,1,63,9,2,0,0,0,0,0,1,-1,-1,-1,0,1.0,0.0,-1,3,50,1,1,1,17:30,4,2,1
2023401301634,2023,401301634,2,2,1,1,17,4,3,0,0,0,0,0,3,6,E01017622,3,1,0.0,1.0,-1,6,30,1,1,1,14:50,3,2,3
2023031378839,2023,031378839,2,1,2,2,19,4,3,0,0,1,0,0,9,-1,-1,3,1,0.0,1.0,-1,6,40,1,1,4,08:50,7,2,9
2023320195338,2023,320195338,1,2,2,1,19,4,3,0,0,1,0,0,9,7,E01026220,-1,0,0.12193,0.87807,-1,6,60,2,6,2,19:05,6,2,9
2023401371601,2023,401371601,1,1,1,2,55,8,3,0,0,0,0,0,9,9,E01018154,3,1,0.0,1.0,-1,3,40,1,1,1,15:52,4,2,9
2023440264454,2023,440264454,1,1,1,2,38,7,3,0,0,0,0,0,9,1,E01017040,-1,0,0.0875,0.9125,-1,6,60,1,1,1,12:49,1,2,9
2023461363604,2023,461363604,1,1,1,2,65,9,3,0,0,0,0,0,9,9,E01024160,3,1,0.0,1.0,-1,6,30,1,1,1,15:53,6,3,9
2023471358167,2023,471358167,1,1,2,1,-1,-1,3,0,0,0,3,0,11,10,E01013088,3,1,0.0,1.0,-1,6,30,1,4,1,19:43,7,1,11
2023451260309,2023,451260309,1,1,1,1,21,5,3,0,0,0,0,0,9,6,E01015361,3,1,0.0,1.0,-1,3,70,1,1,2,10:40,6,2,9
2023622300860,2023,622300860,2,2,1,2,56,9,3,0,0,0,0,0,9,5,W01000794,-1,0,0.00762,0.99238,-1,7,40,1,1,1,14:03,1,2,9
2023401344441,2023,401344441,1,1,3,2,37,7,3,6,9,0,0,0,0,7,E01017420,3,1,0.0,1.0,-1,6,20,1,1,1,18:10,5,1,9
2023430281251,2023,430281251,2,1,1,1,-1,-1,3,0,0,0,0,0,3,-1,-1,-1,0,0.0199,0.9801,-1,1,30,1,1,1,13:45,1,2,3
2023052301338,2023,052301338,2,1,1,2,22,5,3,0,0,0,0,0,9,5,E01006420,-1,0,0.00605,0.99395,-1,3,30,1,1,1,11:07,5,1,9
2023131331339,2023,131331339,1,1,1,1,43,7,3,0,0,0,0,0,9,9,E01027595,3,1,0.0,1.0,-1,6,40,1,1,1,06:48,5,2,9
2023320681305,2023,320681305,2,1,1,2,45,7,3,0,0,0,0,0,9,1,E01026114,-1,0,0.02329,0.97671,-1,6,30,2,4,2,18:45,5,2,9
2023010436387,2023,010436387,1,1,1,2,36,7,3,0,0,0,0,0,9,5,E01004021,-1,0,0.0,1.0,-1,6,20,8,1,1,17:25,6,2,9
2023131325346,2023,131325346,2,1,1,2,76,11,3,0,0,0,0,0,9,2,E01032487,3,1,0.0,1.0,-1,3,30,2,5,2,12:37,2,2,9
2023430150273,2023,430150273,1,2,2,2,21,5,3,0,0,2,0,0,9,8,E01028817,-1,0,0.07929,0.92071,-1,3,70,5,6,2,21:49,4,1,9
2023501370876,2023,501370876,4,7,1,1,55,8,2,0,0,0,0,0,9,7,E01018816,7,1,1.0,0.0,-1,6,60,2,1,2,12:12,1,7,9
2023201311708,2023,201311708,1,1,3,1,15,3,2,5,1,0,0,0,0,2,E01009753,5,1,1.0,0.0,-1,6,30,1,1,1,09:00,3,1,9
2023302300179,2023,302300179,1,1,3,1,46,8,3,1,3,0,0,0,0,-1,-1,-1,0,0.13813,0.86187,-1,6,30,8,4,1,22:00,2,1,9
2023351370218,2023,351370218,2,2,2,2,-1,-1,3,0,0,2,0,0,8,-1,-1,3,1,0.0,1.0,-1,6,30,2,5,-1,16:20,3,2,8
2023010436415,2023,010436415,1,1,3,1,63,9,3,6,9,0,0,0,0,2,E01033707,-1,0,0.0,1.0,-1,3,20,1,4,1,00:01,7,1,8
2023302300970,2023,302300970,1,1,3,1,40,7,2,6,9,0,0,0,0,9,E01019597,-1,0,1.0,0.0,-1,6,30,1,4,1,23:50,7,2,9
2023991292868,2023,991292868,1,1,3,1,50,8,2,9,9,0,0,2,0,3,-1,6,1,1.0,0.0,-1,6,30,1,4,1,00:01,1,1,8
2023122300624,2023,122300624,2,3,2,1,9,2,3,0,0,2,0,0,9,6,E01013418,-1,0,0.0224,0.9776,-1,6,30,1,1,1,14:05,7,2,9
2023131319574,2023,131319574,1,1,1,2,25,5,2,0,0,0,0,0,9,3,E01010665,7,1,1.0,0.0,-1,6,30,1,1,1,18:17,6,2,9
2023201387048,2023,201387048,1,5,2,1,25,5,2,0,0,2,0,0,9,4,E01010325,6,1,1.0,0.0,-1,6,30,1,4,1,01:47,1,2,9
2023201277556,2023,201277556,1,1,1,1,20,4,3,0,0,0,0,0,9,2,E01009018,3,1,0.0,1.0,-1,3,40,1,1,4,07:50,1,1,9
2023421380026,2023,421380026,2,3,2,2,46,8,3,0,0,2,0,0,9,-1,-1,3,1,0.0,1.0,-1,6,30,1,1,2,13:30,7,2,9
2023552300184,2023,552300184,1,3,2,2,8,2,3,0,0,2,0,0,9,2,E01020347,-1,0,0.03265,0.96735,-1,6,30,1,1,1,14:31,7,2,9
2023061379717,2023,061379717,2,1,1,1,49,8,3,0,0,0,0,0,1,1,E01005243,3,1,0.0,1.0,-1,6,30,1,1,1,10:30,2,2,1
2023221383858,2023,221383858,1,1,3,1,50,8,2,1,1,0,0,0,0,9,E01032173,7,1,1.0,0.0,-1,3,60,1,1,2,07:55,3,1,9
2023991318679,2023,991318679,1,1,1,1,74,10,2,0,0,0,0,0,5,6,E01030714,6,1,1.0,0.0,-1,6,60,1,1,1,15:57,4,1,5
2023010454492,2023,010454492,2,2,2,2,47,8,2,0,0,2,0,0,8,2,E01000074,-1,0,1.0,0.0,-1,7,50,1,1,1,08:50,3,2,8
2023141267178,2023,141267178,2,1,1,1,34,6,3,0,0,0,0,0,9,7,E01028240,3,1,0.0,1.0,-1,3,40,1,1,1,07:15,3,2,9
2023141393639,2023,141393639,1,1,1,1,21,5,3,0,0,0,0,0,9,2,E01007708,3,1,0.0,1.0,-1,6,50,2,4,2,20:00,1,3,9
2023440508895,2023,440508895,2,4,1,1,38,7,3,0,0,0,0,0,9,4,E01017192,-1,0,0.03424,0.96576,-1,3,70,1,6,1,16:31,4,3,9
2023041378260,2023,041378260,2,1,1,2,33,6,3,0,0,0,0,0,9,2,E01025445,3,1,0.0,1.0,-1,3,50,9,1,1,16:30,6,2,9
2023111327561,2023,111327561,1,1,1,1,17,4,2,0,0,0,0,0,9,8,E01020623,6,1,1.0,0.0,-1,3,70,2,6,2,00:30,1,1,9
2023201371387,2023,201371387,2,1,2,1,46,8,2,0,0,1,0,0,9,6,E01020025,5,1,1.0,0.0,-1,6,30,1,1,1,14:31,1,3,9
2023201390183,2023,201390183,1,3,2,2,54,8,3,0,0,1,0,0,9,9,E01032347,3,1,0.0,1.0,-1,6,30,1,1,1,12:12,6,2,9
2023461359567,2023,461359567,1,1,1,2,59,9,3,0,0,0,0,0,9,5,E01024304,3,1,0.0,1.0,-1,7,70,1,1,2,18:13,4,2,9
2023501304522,2023,501304522,2,1,1,1,58,9,3,0,0,0,0,0,9,1,E01015217,3,1,0.0,1.0,-1,6,50,1,1,1,17:10,6,3,9
2023201343108,2023,201343108,1,3,2,1,25,5,3,0,0,0,3,0,11,1,E01009173,3,1,0.0,1.0,-1,3,30,1,1,1,15:00,1,2,11
2023052302970,2023,052302970,1,1,3,1,22,5,3,5,1,0,0,0,0,2,E01007232,-1,0,0.10791,0.89209,-1,6,30,1,1,1,11:53,4,1,9
2023201392685,2023,201392685,1,1,3,1,45,7,3,9,7,0,0,2,0,1,E01009123,3,1,0.0,1.0,-1,3,30,1,4,1,00:49,7,1,9
2023361274755,2023,361274755,2,1,1,1,19,4,2,0,0,0,0,0,3,1,E01026808,6,1,1.0,0.0,-1,6,30,1,1,1,13:28,5,2,3
2023010454192,2023,010454192,2,3,2,2,30,6,3,0,0,1,0,0,9,2,E01033491,-1,0,0.0,1.0,-1,6,30,1,1,1,18:15,1,2,9
2023010475396,2023,010475396,1,1,1,2,28,6,3,0,0,0,0,0,9,6,E01001419,-1,0,0.0,1.0,-1,3,50,1,5,2,19:33,4,1,9
2023201315969,2023,201315969,2,2,1,2,52,8,3,0,0,0,0,0,9,1,E01009309,3,1,0.0,1.0,-1,6,40,1,1,1,14:45,4,2,9
2023340WN5912,2023,340WN5912,1,1,1,2,35,6,3,0,0,0,0,0,9,8,E01027162,-1,0,0.0861,0.9139,-1,6,60,2,1,2,09:24,5,1,9
2023351395033,2023,351395033,1,1,1,1,43,7,3,0,0,0,0,0,9,9,E01018159,3,1,0.0,1.0,-1,6,60,1,6,1,05:44,5,1,9
2023411324116,2023,411324116,2,1,1,2,42,7,3,0,0,0,0,0,9,2,E01020955,3,1,0.0,1.0,-1,3,50,1,1,1,14:26,1,2,9
2023320362372,2023,320362372,1,1,1,1,64,9,3,0,0,0,0,0,23,1,E01026112,-1,0,0.26785,0.73215,-1,6,50,1,1,1,18:00,3,1,23
2023041372580,2023,041372580,1,1,2,2,23,5,3,0,0,2,0,0,9,1,E01025067,3,1,0.0,1.0,-1,6,30,1,4,1,19:28,6,3,9
2023302301868,2023,302301868,3,4,1,1,53,8,3,0,0,0,0,0,9,5,E01019738,-1,0,0.03336,0.96664,-1,6,40,1,1,2,14:45,2,3,9
2023052301230,2023,052301230,1,1,1,1,12,3,3,0,0,0,0,0,1,1,E01006560,-1,0,0.13968,0.86032,-1,3,30,1,1,1,10:30,7,2,1
2023991318719,2023,991318719,1,1,3,1,18,4,3,5,4,0,0,0,0,-1,-1,3,1,0.0,1.0,-1,6,20,1,1,1,17:25,4,1,9
2023440338541,2023,440338541,1,1,1,2,48,8,3,0,0,0,0,0,3,2,E01020911,-1,0,0.21244,0.78756,-1,6,60,1,1,1,17:10,2,1,3
2023501306979,2023,501306979,1,1,1,-1,66,10,2,0,0,0,0,0,4,-1,-1,7,1,1.0,0.0,-1,6,60,1,1,1,13:00,7,2,4
2023010456535,2023,010456535,1,2,1,1,54,8,3,0,0,0,0,0,8,3,E01002491,-1,0,0.0,1.0,-1,6,20,1,1,1,18:20,6,1,8
2023010433190,2023,010433190,1,1,1,2,17,4,3,0,0,0,0,0,9,5,E01002520,-1,0,0.0,1.0,-1,3,40,9,1,9,18:00,6,2,9
2023010469507,2023,010469507,3,1,2,2,32,6,2,0,0,2,0,0,9,2,E01001462,-1,0,1.0,0.0,-1,3,50,1,1,1,13:42,1,3,9
2023302301923,2023,302301923,1,1,1,1,29,6,3,0,0,0,0,0,9,4,E01013967,-1,0,0.00774,0.99226,-1,6,30,1,4,2,19:36,7,2,9
2023351330994,2023,351330994,2,1,1,2,36,7,3,0,0,0,0,0,9,8,E01023511,3,1,0.0,1.0,-1,1,60,1,1,1,06:50,2,2,9
2023421299276,2023,421299276,2,2,1,2,63,9,3,0,0,0,0,0,9,10,E01021403,3,1,0.0,1.0,-1,6,30,1,1,2,08:40,6,2,9
2023430305035,2023,430305035,2,1,1,1,60,9,3,0,0,0,0,0,3,9,E01017722,-1,0,0.15387,0.84613,-1,1,30,1,1,1,12:51,2,2,3
2023131348700,2023,131348700,2,1,2,1,57,9,3,0,0,1,0,0,9,8,E01011931,3,1,0.0,1.0,-1,3,30,2,1,2,13:10,2,2,9
2023201279220,2023,201279220,2,2,2,2,34,6,3,0,0,1,0,0,9,3,E01010422,3,1,0.0,1.0,-1,6,20,1,1,1,15:25,5,2,9
2023221309247,2023,221309247,1,1,1,2,75,10,2,0,0,0,0,0,9,4,E01029588,5,1,1.0,0.0,-1,6,60,1,1,1,13:45,5,2,9
2023031377726,2023,031377726,1,1,1,1,34,6,3,0,0,0,0,0,19,8,E01025420,3,1,0.0,1.0,-1,3,70,2,6,2,07:00,4,1,19
2023221351957,2023,221351957,2,2,1,1,31,6,3,0,0,0,0,0,19,2,-1,3,1,0.0,1.0,-1,6,30,2,1,2,10:52,3,2,19
2023052300134,2023,052300134,2,1,1,1,53,8,3,0,0,0,0,0,2,2,E01033097,-1,0,0.15558,0.84442,-1,6,30,2,4,2,16:40,4,2,2
2023311375117,2023,311375117,1,1,1,2,25,5,3,0,0,0,0,0,9,9,E01028408,3,1,0.0,1.0,-1,6,30,1,4,2,17:50,4,2,9
2023471266836,2023,471266836,1,1,3,2,22,5,3,6,5,0,0,0,0,8,E01021209,3,1,0.0,1.0,-1,6,30,1,4,1,22:15,7,1,98
2023351300182,2023,351300182,2,1,1,1,36,7,3,0,0,0,0,0,1,6,E01018056,3,1,0.0,1.0,-1,6,50,2,6,2,00:42,7,2,1
2023430382276,2023,430382276,2,1,1,1,-1,-1,3,0,0,0,0,0,3,-1,-1,-1,0,0.05178,0.94822,-1,6,30,1,1,1,07:45,6,2,3
2023440020613,2023,440020613,2,1,1,1,44,7,3,0,0,0,0,0,9,5,E01023010,-1,0,0.05677,0.94323,-1,6,40,1,1,1,15:09,2,2,9
2023440182661,2023,440182661,2,1,1,1,57,9,3,0,0,0,0,0,9,-1,-1,-1,0,0.07316,0.92684,-1,6,30,1,6,1,23:12,3,2,9
2023461339444,2023,461339444,1,3,2,1,18,4,2,0,0,2,0,0,9,8,E01016126,6,1,1.0,0.0,-1,6,60,1,1,2,18:55,2,1,9
2023622300826,2023,622300826,1,1,1,1,23,5,3,0,0,0,0,0,9,5,W01001186,-1,0,0.03383,0.96617,-1,1,40,5,4,2,20:08,4,2,9
2023010459513,2023,010459513,1,1,2,2,56,9,3,0,0,0,3,0,11,2,E01000853,-1,0,0.0,1.0,-1,3,20,1,1,2,07:50,3,2,11
2023471319270,2023,471319270,2,1,2,2,47,8,3,0,0,0,4,0,11,7,E01031488,3,1,0.0,1.0,-1,2,30,8,1,1,17:32,5,2,11
2023332300300,2023,332300300,2,1,1,2,14,3,2,0,0,0,0,0,-1,1,E01013728,-1,0,1.0,0.0,-1,6,30,1,1,1,15:50,6,2,-1
2023010430633,2023,010430633,1,1,3,2,3,1,3,5,2,0,0,0,0,5,E01002202,-1,0,0.0,1.0,-1,6,30,1,1,1,12:00,2,1,9
2023471374853,2023,471374853,2,1,1,1,14,3,3,0,0,0,0,0,1,9,E01031769,3,1,0.0,1.0,-1,6,30,1,1,1,08:50,2,2,1
2023332300610,2023,332300610,1,1,1,1,41,7,2,0,0,0,0,0,4,1,E01013603,-1,0,1.0,0.0,-1,1,50,2,4,2,23:10,3,2,4
2023071082802,2023,071082802,3,1,1,2,37,7,3,0,0,0,0,0,9,-1,-1,-1,0,0.02166,0.97834,-1,6,50,1,1,1,08:30,4,3,9
2023111401067,2023,111401067,2,2,1,1,51,8,3,0,0,0,0,0,9,5,E01020657,3,1,0.0,1.0,-1,1,30,1,4,1,17:45,6,2,9
2023991374729,2023,991374729,2,2,1,1,67,10,3,0,0,0,0,0,9,1,-1,3,1,0.0,1.0,-1,6,40,2,4,2,17:16,1,2,9
2023041391390,2023,041391390,1,1,1,1,35,6,3,0,0,0,0,0,9,1,E01025494,3,1,0.0,1.0,-1,3,40,4,1,2,10:00,6,2,9
2023201400574,2023,201400574,2,2,2,1,39,7,3,0,0,1,0,0,9,1,E01009258,3,1,0.0,1.0,-1,6,30,1,4,1,03:00,1,3,9
2023361331665,2023,361331665,1,3,1,2,19,4,3,0,0,0,0,0,9,4,E01030230,3,1,0.0,1.0,-1,6,60,1,6,1,20:51,3,2,9
2023631375927,2023,631375927,3,4,2,2,17,4,3,0,0,2,0,0,9,5,W01000536,3,1,0.0,1.0,-1,6,60,2,6,2,21:50,6,3,9
2023010435020,2023,010435020,1,1,1,1,50,8,3,0,0,0,0,0,1,1,E01003048,-1,0,0.0,1.0,-1,6,20,1,4,2,17:45,4,2,1
2023201417611,2023,201417611,1,1,1,1,58,9,3,0,0,0,0,0,9,3,E01010137,3,1,0.0,1.0,-1,3,40,1,4,1,22:00,6,2,9
2023351323487,2023,351323487,2,2,1,1,53,8,3,0,0,0,0,0,9,9,E01015689,3,1,0.0,1.0,-1,6,30,1,1,1,08:26,4,2,9
2023461265058,2023,461265058,1,1,1,2,24,5,3,0,0,0,0,0,9,5,E01024701,3,1,0.0,1.0,-1,6,50,1,6,4,23:04,2,1,9
2023522400716,2023,522400716,2,2,1,2,51,8,3,0,0,0,0,0,9,2,E01014529,-1,0,0.01882,0.98118,-1,3,40,1,1,1,12:24,3,2,9
2023201295718,2023,201295718,1,1,1,2,31,6,2,0,0,0,0,0,9,3,E01010496,7,1,1.0,0.0,-1,6,30,1,1,1,11:26,6,2,9
2023522301457,2023,522301457,1,2,2,1,9,2,3,0,0,1,0,0,9,1,E01014585,-1,0,0.01283,0.98717,-1,6,20,1,1,1,14:17,5,2,9
2023010447620,2023,010447620,2,2,1,2,19,4,3,0,0,0,0,0,9,6,E01015919,-1,0,0.0,1.0,-1,7,60,1,1,1,15:14,4,2,9
2023302301054,2023,302301054,1,1,2,1,66,10,2,0,0,1,0,0,9,7,E01019700,-1,0,1.0,0.0,-1,3,70,2,1,2,17:00,2,1,9
2023010450620,2023,010450620,1,1,3,2,40,7,3,1,1,0,0,0,0,5,E01001164,-1,0,0.0,1.0,-1,6,30,8,1,1,08:59,4,1,9
2023061282467,2023,061282467,1,1,3,1,12,3,2,4,4,0,0,0,0,2,E01005887,7,1,1.0,0.0,-1,6,30,1,1,1,15:20,5,1,-1
2023141338235,2023,141338235,2,1,1,1,15,3,3,0,0,0,0,0,-1,4,E01007580,3,1,0.0,1.0,-1,6,20,2,1,2,10:23,6,2,-1
2023010473013,2023,010473013,1,1,1,1,39,7,3,0,0,0,0,0,3,2,E01001862,-1,0,0.0,1.0,-1,6,30,2,4,2,22:34,5,1,3
2023161360571,2023,161360571,2,1,1,2,47,8,3,0,0,0,0,0,9,7,E01033105,3,1,0.0,1.0,-1,6,30,1,1,1,10:00,7,2,9
2023351309227,2023,351309227,2,2,1,1,78,11,2,0,0,0,0,0,9,9,E01018032,6,1,1.0,0.0,-1,6,50,1,1,2,10:36,5,2,9
2023361357367,2023,361357367,2,1,1,2,22,5,3,0,0,0,0,0,9,7,E01026528,3,1,0.0,1.0,-1,1,70,1,1,1,09:12,3,2,9
202363A031223,2023,63A031223,2,2,1,1,59,9,3,0,0,0,0,0,9,-1,-1,-1,0,0.04298,0.95702,-1,3,40,1,1,1,12:04,1,3,9