collision_index,collision_year,collision_ref_no,vehicle_reference,casualty_reference,casualty_class,sex_of_casualty,age_of_casualty,age_band_of_casualty,casualty_severity,pedestrian_location,pedestrian_movement,car_passenger,bus_or_coach_passenger,pedestrian_road_maintenance_worker,casualty_type,casualty_imd_decile,lsoa_of_casualty,enhanced_casualty_severity,casualty_injury_based,casualty_adjusted_severity_serious,casualty_adjusted_severity_slight,casualty_distance_banding,road_type,speed_limit,weather_conditions,light_conditions,road_surface_conditions,time,day_of_week,number_of_vehicles,vehicle_type
2023201284321,2023,201284321,2,1,1,1,14,3,3,0,0,0,0,0,-1,4,E01009750,3,1,0.0,1.0,-1,6,30,1,1,1,15:30,6,2,-1
2023161295917,2023,161295917,1,1,1,1,36,7,3,0,0,0,0,0,3,1,E01012908,3,1,0.0,1.0,-1,6,30,1,4,1,16:23,7,2,3
2023010422882,2023,010422882,1,1,1,1,59,9,3,0,0,0,0,0,9,3,E01001311,-1,0,0.0,1.0,-1,6,20,1,1,1,14:20,1,2,9
2023010434832,2023,010434832,1,1,3,2,59,9,3,4,9,0,0,0,0,8,E01000216,-1,0,0.0,1.0,-1,6,30,1,1,2,12:09,4,1,9
2023131384366,2023,131384366,1,1,3,1,69,10,3,6,9,0,0,2,0,-1,-1,3,1,0.0,1.0,-1,2,30,8,1,1,09:22,6,2,9
2023170L30903,2023,170L30903,1,1,1,2,52,8,3,0,0,0,0,0,1,1,E01012100,-1,0,0.09802,0.90198,-1,6,30,1,4,1,21:15,3,2,1
2023440019384,2023,440019384,1,1,1,1,31,6,3,0,0,0,0,0,3,5,E01017070,-1,0,0.15663,0.84337,-1,6,20,1,4,1,18:14,1,2,3
2023471347221,2023,471347221,2,1,1,1,42,7,2,0,0,0,0,0,3,5,E01031373,7,1,1.0,0.0,-1,6,30,2,1,2,11:48,5,2,3
2023111267870,2023,111267870,2,1,1,1,41,7,3,0,0,0,0,0,9,7,E01012334,3,1,0.0,1.0,-1,3,30,1,4,2,06:50,5,2,9
2023311344870,2023,311344870,2,1,1,2,45,7,3,0,0,0,0,0,9,1,E01013867,3,1,0.0,1.0,-1,3,40,1,1,1,17:40,4,4,9
2023520400694,2023,520400694,1,1,1,2,59,9,3,0,0,0,0,0,9,10,E01029254,-1,0,0.02328,0.97672,-1,1,30,1,1,1,14:45,2,2,9
2023610015723,2023,610015723,1,1,1,1,44,7,2,0,0,1,0,0,9,8,W01001505,-1,0,1.0,0.0,-1,3,70,2,1,2,09:20,2,1,9
2023111345372,2023,111345372,1,3,2,1,28,6,3,0,0,2,0,0,9,2,E01008173,3,1,0.0,1.0,-1,6,30,1,1,1,06:45,4,1,9
2023131309631,2023,131309631,2,1,1,2,28,6,3,0,0,0,0,0,9,3,E01011261,3,1,0.0,1.0,-1,7,30,1,4,1,00:01,1,2,9
2023430583544,2023,430583544,1,1,1,1,23,5,3,0,0,0,0,0,9,-1,-1,-1,0,0.17736,0.82264,-1,6,60,1,6,2,22:09,1,1,9
2023520400786,2023,520400786,1,1,1,1,86,11,3,0,0,0,0,0,9,9,E01020532,-1,0,0.14239,0.85761,-1,6,40,1,1,1,15:35,6,2,9
2023991391201,2023,991391201,2,1,1,1,36,7,3,0,0,0,0,0,9,8,-1,3,1,0.0,1.0,-1,7,70,1,4,2,16:30,4,2,9
2023351368954,2023,351368954,2,1,1,2,49,8,3,0,0,0,0,0,3,10,E01018288,3,1,0.0,1.0,-1,1,50,1,1,1,16:48,3,2,3
2023501294680,2023,501294680,3,1,1,1,46,8,3,0,0,0,0,0,9,10,E01003362,3,1,0.0,1.0,-1,6,50,1,6,1,21:30,5,3,9
2023991359533,2023,991359533,1,1,1,2,29,6,2,0,0,0,0,0,9,7,-1,7,1,1.0,0.0,-1,6,60,2,1,2,17:25,4,1,9
2023161286943,2023,161286943,1,1,3,1,56,9,3,8,1,0,0,0,0,1,E01012787,3,1,0.0,1.0,-1,6,30,1,4,1,19:54,3,1,9
2023451318513,2023,451318513,1,1,1,2,51,8,3,0,0,0,0,0,1,6,E01030667,3,1,0.0,1.0,-1,6,30,9,1,1,05:50,2,2,1
2023411364707,2023,411364707,2,1,1,1,32,6,3,0,0,0,0,0,3,5,E01023867,3,1,0.0,1.0,-1,6,30,1,1,1,13:10,3,2,3
2023061372732,2023,061372732,2,1,1,2,40,7,3,0,0,0,0,0,9,2,E01005674,3,1,0.0,1.0,-1,6,30,2,4,2,17:45,5,2,9
2023221398869,2023,221398869,1,1,3,1,40,7,2,6,9,0,0,0,0,-1,-1,7,1,1.0,0.0,-1,6,30,1,4,2,23:36,2,1,9
2023622300150,2023,622300150,1,1,3,1,12,3,3,5,1,0,0,0,0,1,W01000934,-1,0,0.10073,0.89927,-1,6,30,1,1,1,15:27,3,1,9
2023311322294,2023,311322294,1,1,1,1,71,10,3,0,0,0,0,0,1,5,E01028341,3,1,0.0,1.0,-1,6,60,1,1,1,14:00,6,1,1
2023501290260,2023,501290260,2,2,1,1,70,10,3,0,0,0,0,0,9,4,E01018754,3,1,0.0,1.0,-1,6,60,2,1,2,17:40,6,3,9
2023010455882,2023,010455882,1,1,2,2,34,6,3,0,0,0,4,0,11,5,E01000450,-1,0,0.0,1.0,-1,6,30,1,1,1,08:14,3,2,11
2023010464824,2023,010464824,1,1,1,-1,38,7,3,0,0,0,0,0,1,1,E01033598,-1,0,0.0,1.0,-1,6,20,9,1,9,10:15,6,2,1
2023010469487,2023,010469487,1,1,1,1,35,6,2,0,0,0,0,0,1,8,E01001680,-1,0,1.0,0.0,-1,6,30,1,1,1,11:30,1,2,1
2023361360745,2023,361360745,2,1,1,1,12,3,3,0,0,0,0,0,1,-1,-1,3,1,0.0,1.0,-1,9,30,1,1,1,15:30,6,2,1
2023320242041,2023,320242041,1,1,1,1,37,7,3,0,0,0,0,0,5,6,E01026135,-1,0,0.22357,0.77643,-1,6,50,1,1,1,12:55,7,1,5
2023061346185,2023,061346185,2,1,2,2,39,7,2,0,0,1,0,0,9,1,E01005321,7,1,1.0,0.0,-1,6,30,1,1,1,14:29,2,2,9
2023101374759,2023,101374759,1,1,1,1,24,5,3,0,0,0,0,0,9,2,E01008482,3,1,0.0,1.0,-1,1,30,1,1,2,16:50,1,2,9
2023201413855,2023,201413855,1,1,1,2,31,6,3,0,0,0,0,0,9,-1,-1,3,1,0.0,1.0,-1,6,30,2,1,2,17:28,7,2,9
2023302300141,2023,302300141,1,1,1,2,22,5,3,0,0,0,0,0,9,1,E01005905,-1,0,0.08324,0.91676,-1,6,60,1,6,4,22:21,2,1,9
2023451375066,2023,451375066,2,2,1,2,61,9,3,0,0,0,0,0,9,8,E01022871,3,1,0.0,1.0,-1,3,70,1,4,1,17:40,4,2,9
2023440356663,2023,440356663,2,1,1,1,55,8,2,0,0,0,0,0,4,9,E01022610,-1,0,1.0,0.0,-1,6,30,1,1,1,11:12,1,2,4
2023010452198,2023,010452198,1,1,3,1,12,3,3,5,1,0,0,0,0,3,E01001363,-1,0,0.0,1.0,-1,6,20,1,1,1,14:30,5,1,9
202360A140739,2023,60A140739,1,1,3,2,75,10,2,5,1,0,0,0,0,-1,-1,-1,0,1.0,0.0,-1,6,30,1,4,1,21:17,6,1,19
2023451271147,2023,451271147,2,1,1,1,34,6,3,0,0,0,0,0,3,4,E01030746,3,1,0.0,1.0,-1,6,30,1,7,1,18:30,4,2,3
2023340WN2072,2023,340WN2072,1,1,1,1,56,9,2,0,0,0,0,0,5,6,E01032970,-1,0,1.0,0.0,-1,6,60,1,1,1,19:15,4,1,5
2023141392301,2023,141392301,1,2,2,2,19,4,3,0,0,1,0,0,9,7,E01008025,3,1,0.0,1.0,-1,3,40,1,4,1,22:39,3,2,9
2023421380596,2023,421380596,2,1,1,2,23,5,2,0,0,0,0,0,9,10,E01031645,7,1,1.0,0.0,-1,3,70,1,6,1,17:46,4,4,9
2023451393574,2023,451393574,1,2,2,1,17,4,3,0,0,2,0,0,9,10,E01030997,3,1,0.0,1.0,-1,6,30,1,1,2,16:00,1,2,9
2023131290067,2023,131290067,3,3,1,1,38,7,3,0,0,0,0,0,19,2,E01011025,3,1,0.0,1.0,-1,3,70,2,1,2,15:18,5,3,19
2023010433784,2023,010433784,2,1,1,2,39,7,3,0,0,0,0,0,-1,3,E01033699,-1,0,0.0,1.0,-1,6,20,2,1,2,15:50,5,2,-1
2023332301022,2023,332301022,2,2,2,1,12,3,2,0,0,0,0,0,1,9,E01025630,-1,0,1.0,0.0,-1,6,60,1,6,2,19:25,2,2,1
2023481371487,2023,481371487,2,1,1,1,38,7,3,0,0,0,0,0,3,-1,-1,3,1,0.0,1.0,-1,6,20,1,1,1,12:15,7,2,3
2023311382251,2023,311382251,1,2,2,2,16,4,3,0,0,1,0,0,9,1,E01019444,3,1,0.0,1.0,-1,3,20,2,4,2,16:20,7,2,9
2023421268583,2023,421268583,2,1,1,2,39,7,3,0,0,0,0,0,9,3,E01016014,3,1,0.0,1.0,-1,6,50,1,1,1,12:50,7,2,9
2023010463083,2023,010463083,1,1,2,1,73,10,2,0,0,0,4,0,11,6,E01002861,-1,0,1.0,0.0,-1,3,20,1,4,1,01:08,4,1,11
2023010453822,2023,010453822,1,1,3,1,55,8,3,5,1,0,0,0,0,2,E01001633,-1,0,0.0,1.0,-1,6,20,1,1,1,14:45,6,1,8
2023141309377,2023,141309377,1,1,3,1,8,2,3,5,1,0,0,0,0,1,E01007791,3,1,0.0,1.0,-1,6,30,1,1,1,16:50,6,1,9
2023010440974,2023,010440974,2,1,1,1,49,8,2,0,0,0,0,0,1,1,E01004005,-1,0,1.0,0.0,-1,6,20,1,1,1,17:55,4,2,1
2023320085931,2023,320085931,2,1,1,1,17,4,3,0,0,0,0,0,3,8,E01026138,-1,0,0.11302,0.88698,-1,6,40,1,1,2,09:30,6,2,3
2023451350441,2023,451350441,1,1,1,1,59,9,3,0,0,0,0,0,5,8,E01022636,3,1,0.0,1.0,-1,3,50,1,1,1,06:15,6,3,5
2023010438521,2023,010438521,1,1,1,2,40,7,3,0,0,0,0,0,9,5,E01002229,-1,0,0.0,1.0,-1,9,20,1,1,1,13:30,5,1,9
2023031383059,2023,031383059,1,1,2,2,86,11,2,0,0,1,0,0,9,-1,-1,7,1,1.0,0.0,-1,6,50,1,6,2,16:55,3,2,9
2023302400056,2023,302400056,1,1,1,2,16,4,3,0,0,0,0,0,9,2,E01019505,-1,0,0.05153,0.94847,-1,3,70,1,1,1,12:00,3,2,9
2023361286676,2023,361286676,1,1,1,1,27,6,2,0,0,0,0,0,9,4,E01026646,6,1,1.0,0.0,-1,6,60,1,6,4,22:15,6,2,9
2023430384380,2023,430384380,1,1,1,1,28,6,3,0,0,0,0,0,19,10,E01017700,-1,0,0.10162,0.89838,-1,6,60,1,1,1,18:28,1,2,19
2023231300689,2023,231300689,2,1,1,1,35,6,3,0,0,0,0,0,9,9,E01031306,3,1,0.0,1.0,-1,6,30,1,1,-1,09:45,6,2,9
2023522400540,2023,522400540,1,1,1,1,23,5,3,0,0,0,0,0,1,2,E01014522,-1,0,0.12342,0.87658,-1,6,30,1,1,1,08:20,4,2,1
2023010427264,2023,010427264,2,1,1,1,48,8,3,0,0,0,0,0,4,3,E01002079,-1,0,0.0,1.0,-1,3,20,1,1,1,07:40,4,2,4
2023010467949,2023,010467949,1,1,1,1,39,7,3,0,0,0,0,0,9,4,E01001459,-1,0,0.0,1.0,-1,6,30,1,1,1,11:39,1,2,9
2023131357070,2023,131357070,2,1,1,1,29,6,2,0,0,0,0,0,9,2,E01033689,7,1,1.0,0.0,-1,6,30,4,4,2,22:50,4,2,9
2023302301435,2023,302301435,2,1,1,1,-1,-1,3,0,0,0,0,0,9,3,E01033387,-1,0,0.0306,0.9694,-1,6,40,1,1,1,08:40,6,2,9
2023010465846,2023,010465846,1,1,3,1,67,10,3,1,1,0,0,0,0,2,E01001529,-1,0,0.0,1.0,-1,1,30,1,4,1,21:50,4,1,9
2023041389811,2023,041389811,1,1,3,1,32,6,3,8,3,0,0,0,0,4,E01025518,3,1,0.0,1.0,-1,6,30,1,4,1,23:45,1,1,9
2023421299822,2023,421299822,1,1,3,1,13,3,2,5,4,0,0,0,0,4,E01001939,7,1,1.0,0.0,-1,6,30,1,6,1,23:39,7,1,9
2023010480209,2023,010480209,1,1,1,1,42,7,3,0,0,0,0,0,8,2,E01000065,-1,0,0.0,1.0,-1,6,20,1,4,1,22:50,7,2,8
2023010436687,2023,010436687,1,1,1,1,31,6,3,0,0,0,0,0,9,5,E01031574,-1,0,0.0,1.0,-1,1,20,1,1,1,19:50,7,2,9
2023111388791,2023,111388791,1,1,1,2,57,9,3,0,0,0,0,0,9,2,E01020805,3,1,0.0,1.0,-1,6,60,1,6,1,17:20,2,2,9
2023320521329,2023,320521329,2,1,1,2,40,7,3,0,0,0,0,0,9,7,E01026299,-1,0,0.0224,0.9776,-1,6,30,1,1,1,09:00,3,2,9
2023991258858,2023,991258858,1,2,1,1,23,5,3,0,0,0,0,0,9,4,-1,3,1,0.0,1.0,-1,6,60,1,1,2,13:45,2,2,9
2023211391982,2023,211391982,1,1,1,1,84,11,3,0,0,0,0,0,9,6,E01014363,3,1,0.0,1.0,-1,3,50,4,1,2,12:14,1,1,9
2023401306630,2023,401306630,2,1,1,1,47,8,3,0,0,0,0,0,9,4,E01015784,3,1,0.0,1.0,-1,6,30,1,1,-1,09:05,6,2,9
2023401349155,2023,401349155,2,1,1,1,22,5,3,0,0,0,0,0,9,2,E01015794,3,1,0.0,1.0,-1,3,70,1,4,1,23:35,5,2,9
2023440262774,2023,440262774,1,2,2,1,31,6,2,0,0,1,0,0,9,4,E01015755,-1,0,1.0,0.0,-1,6,30,1,1,2,08:19,7,1,9
2023531358722,2023,531358722,2,1,2,2,7,2,3,0,0,2,0,0,9,3,E01022403,3,1,0.0,1.0,-1,6,30,2,4,2,19:15,2,2,9
2023122301087,2023,122301087,1,1,1,2,45,7,3,0,0,0,0,0,1,8,E01027838,-1,0,0.18102,0.81898,-1,6,60,1,1,1,00:01,5,2,1
2023221281738,2023,221281738,1,1,1,1,21,5,3,0,0,0,0,0,9,4,E01014011,3,1,0.0,1.0,-1,6,60,1,4,2,20:50,5,1,9
2023131325546,2023,131325546,1,2,2,2,20,4,3,0,0,1,0,0,9,2,E01011324,3,1,0.0,1.0,-1,6,60,1,6,2,23:27,1,1,9
2023430552688,2023,430552688,1,1,3,1,31,6,3,4,1,0,0,0,0,8,E01016614,-1,0,0.16679,0.83321,-1,6,30,1,4,2,21:03,7,1,9
2023201408372,2023,201408372,1,2,2,2,65,9,3,0,0,1,0,0,9,8,E01010357,3,1,0.0,1.0,-1,6,40,1,1,1,13:04,2,1,9
2023211319337,2023,211319337,4,3,1,2,44,7,3,0,0,0,0,0,9,9,E01029368,3,1,0.0,1.0,-1,6,50,1,1,1,14:30,5,4,9
2023461349527,2023,461349527,2,2,2,2,25,5,3,0,0,2,0,0,9,-1,-1,3,1,0.0,1.0,-1,3,70,1,1,1,15:30,2,2,9
2023531305364,2023,531305364,1,1,1,1,78,11,3,0,0,0,0,0,9,10,E01022146,3,1,0.0,1.0,-1,6,30,1,1,1,13:00,3,2,9
2023061323936,2023,061323936,1,1,3,2,1,1,3,8,3,0,0,-1,0,3,E01006293,3,1,0.0,1.0,-1,6,30,1,1,-1,09:30,5,1,9
2023461394600,2023,461394600,1,1,3,2,12,3,3,5,1,0,0,0,0,7,E01024518,3,1,0.0,1.0,-1,6,30,2,1,2,15:17,1,1,9
2023010426049,2023,010426049,2,1,1,1,19,4,3,0,0,0,0,0,4,6,E01002497,-1,0,0.0,1.0,-1,6,30,1,1,1,11:15,4,2,4
2023101383258,2023,101383258,2,1,2,2,58,9,3,0,0,2,0,0,8,5,E01008384,3,1,0.0,1.0,-1,6,20,3,1,3,09:15,6,2,8
2023010469053,2023,010469053,1,1,1,2,91,11,3,0,0,0,0,0,9,7,E01003865,-1,0,0.0,1.0,-1,2,20,1,1,1,14:36,5,2,9
2023411297990,2023,411297990,1,1,1,2,50,8,3,0,0,0,0,0,9,4,E01023794,3,1,0.0,1.0,-1,6,40,1,1,1,10:45,6,1,9
2023421290065,2023,421290065,2,1,1,2,65,9,3,0,0,0,0,0,9,7,E01021476,3,1,0.0,1.0,-1,7,30,1,1,1,11:15,1,2,9
2023451390003,2023,451390003,1,1,1,2,46,8,3,0,0,0,0,0,9,7,E01030402,3,1,0.0,1.0,-1,6,30,1,4,2,00:18,7,2,9
2023311328176,2023,311328176,2,1,1,1,24,5,3,0,0,0,0,0,3,5,E01013840,3,1,0.0,1.0,-1,6,30,1,1,1,11:23,2,2,3
2023201388489,2023,201388489,1,2,3,1,46,8,2,5,2,0,0,2,0,2,E01010074,6,1,1.0,0.0,-1,6,20,2,1,2,13:17,4,1,9
2023461377848,2023,461377848,1,1,3,2,9,2,3,5,4,0,0,0,0,5,E01024427,3,1,0.0,1.0,-1,6,30,1,1,2,08:32,6,1,9
2023991378096,2023,991378096,1,1,3,1,51,8,2,8,3,0,0,2,0,2,-1,7,1,1.0,0.0,-1,6,20,5,4,2,17:05,4,1,9
2023201408345,2023,201408345,1,2,2,1,21,5,3,0,0,2,0,0,9,-1,-1,3,1,0.0,1.0,-1,6,30,1,4,1,22:45,1,7,9
2023451326504,2023,451326504,1,1,1,1,43,7,3,0,0,0,0,0,9,9,E01031704,3,1,0.0,1.0,-1,3,70,1,1,1,09:59,5,1,9
2023552301538,2023,552301538,2,1,1,2,51,8,3,0,0,0,0,0,9,6,E01023071,-1,0,0.02216,0.97784,-1,3,30,1,4,1,20:53,7,2,9
2023010447152,2023,010447152,2,3,2,2,16,4,3,0,0,1,0,0,9,2,E01003509,-1,0,0.0,1.0,-1,6,30,1,1,1,16:10,2,2,9
2023041296821,2023,041296821,1,1,1,1,32,6,3,0,0,0,0,0,9,5,E01025314,3,1,0.0,1.0,-1,6,20,1,4,2,21:18,6,2,9
2023131273044,2023,131273044,1,1,1,1,79,11,3,0,0,0,0,0,9,2,E01011220,3,1,0.0,1.0,-1,6,30,1,1,1,17:34,2,2,9
2023010471582,2023,010471582,1,1,1,1,32,6,3,0,0,0,0,0,8,2,E01004251,-1,0,0.0,1.0,-1,3,70,9,7,1,05:30,6,2,8
2023010436059,2023,010436059,1,2,2,2,25,5,3,0,0,1,0,0,9,10,E01021452,-1,0,0.0,1.0,-1,3,30,2,1,2,18:00,4,2,9
2023141389173,2023,141389173,2,3,2,1,24,5,3,0,0,2,0,0,9,1,E01011036,3,1,0.0,1.0,-1,6,30,1,4,2,16:30,7,2,9
2023991380814,2023,991380814,2,1,1,2,22,5,2,0,0,0,0,0,9,-1,-1,7,1,1.0,0.0,-1,6,30,2,4,4,19:30,4,2,9
2023010433855,2023,010433855,1,1,3,1,13,3,2,9,5,0,0,0,0,5,E01000265,-1,0,1.0,0.0,-1,6,30,5,4,2,18:03,5,1,9
2023131281152,2023,131281152,1,1,3,2,59,9,3,8,3,0,0,2,0,2,E01011760,3,1,0.0,1.0,-1,6,30,1,1,1,08:10,3,1,90
2023010433219,2023,010433219,2,1,1,1,50,8,3,0,0,0,0,0,1,9,E01003824,-1,0,0.0,1.0,-1,6,20,2,1,2,14:00,2,2,1
2023131320939,2023,131320939,1,1,1,1,27,6,3,0,0,0,0,0,19,2,E01010942,3,1,0.0,1.0,-1,6,30,1,1,1,20:30,3,1,19
2023010445763,2023,010445763,3,1,1,1,21,5,3,0,0,0,0,0,3,1,E01003207,-1,0,0.0,1.0,-1,6,20,1,4,1,01:03,2,3,3
2023371323392,2023,371323392,2,1,1,1,18,4,3,0,0,0,0,0,3,-1,-1,3,1,0.0,1.0,-1,6,60,1,1,1,17:33,3,2,3
2023440498196,2023,440498196,1,1,3,2,72,10,3,4,1,0,0,0,0,4,E01017297,-1,0,0.22008,0.77992,-1,6,30,1,1,2,13:51,4,1,9
2023201391316,2023,201391316,1,1,3,2,86,11,2,6,9,0,0,0,0,3,E01009624,7,1,1.0,0.0,-1,6,30,1,1,1,11:50,4,1,9
2023320583229,2023,320583229,1,1,3,2,85,11,3,5,3,0,0,0,0,4,E01026081,-1,0,0.15999,0.84001,-1,6,30,1,1,1,11:30,3,1,9
2023430348810,2023,430348810,1,1,3,1,63,9,3,10,3,0,0,0,0,7,E01016582,-1,0,0.06569,0.93431,-1,6,30,1,1,1,17:00,5,1,9
2023421366960,2023,421366960,2,1,1,1,16,4,3,0,0,0,0,0,1,10,E01021466,3,1,0.0,1.0,-1,6,30,8,1,2,12:52,4,2,1
2023131347027,2023,131347027,1,2,2,1,16,4,2,0,0,0,0,0,3,4,E01011049,7,1,1.0,0.0,-1,6,30,1,4,1,23:53,4,2,3
2023010478393,2023,010478393,1,1,1,1,52,8,3,0,0,0,0,0,9,8,E01003138,-1,0,0.0,1.0,-1,6,30,2,4,2,16:50,5,3,9
2023041285575,2023,041285575,1,2,2,1,25,5,2,0,0,1,0,0,9,1,E01024898,6,1,1.0,0.0,-1,6,20,1,4,1,01:50,7,1,9
2023141264053,2023,141264053,2,1,1,1,48,8,3,0,0,0,0,0,9,-1,-1,3,1,0.0,1.0,-1,6,50,1,1,2,15:26,1,2,9
2023430470862,2023,430470862,1,1,1,2,50,8,3,0,0,0,0,0,9,7,E01016739,-1,0,0.05354,0.94646,-1,3,70,1,1,1,16:04,5,2,9
2023461351466,2023,461351466,2,1,1,2,55,8,3,0,0,0,0,0,9,-1,-1,3,1,0.0,1.0,-1,3,70,1,1,1,12:45,5,2,9
2023141309565,2023,141309565,1,1,3,1,6,2,2,8,9,0,0,0,0,3,E01007680,7,1,1.0,0.0,-1,6,30,1,1,1,14:40,6,1,9
2023010419400,2023,010419400,2,1,1,1,19,4,3,0,0,0,0,0,1,10,E01004478,-1,0,0.0,1.0,-1,6,20,1,4,1,17:50,2,2,1
2023061398355,2023,061398355,1,1,1,1,21,5,3,0,0,0,0,0,9,10,E01028198,3,1,0.0,1.0,-1,6,30,1,7,2,19:45,5,1,9
2023131288228,2023,131288228,1,1,1,2,49,8,3,0,0,0,0,0,9,1,E01010966,3,1,0.0,1.0,-1,3,30,1,1,2,17:10,7,2,9
2023461364103,2023,461364103,2,4,2,2,19,4,3,0,0,0,4,0,11,2,E01024397,3,1,0.0,1.0,-1,3,30,1,1,1,18:07,2,2,11
2023430507720,2023,430507720,2,1,2,2,15,3,3,0,0,0,0,0,5,8,E01028704,-1,0,0.10303,0.89697,-1,6,30,1,1,1,12:31,7,2,5
2023010483265,2023,010483265,1,1,1,1,53,8,3,0,0,0,0,0,9,5,E01004099,-1,0,0.0,1.0,-1,1,20,1,4,1,18:05,1,2,9
2023351280912,2023,351280912,2,1,1,1,27,6,3,0,0,0,0,0,1,9,E01017998,3,1,0.0,1.0,-1,6,30,1,1,1,12:35,7,2,1
2023361347446,2023,361347446,2,1,1,1,38,7,3,0,0,0,0,0,1,1,E01026827,3,1,0.0,1.0,-1,3,30,1,1,1,16:00,6,2,1
2023461358405,2023,461358405,1,1,1,1,80,11,3,0,0,0,0,0,1,4,E01024197,3,1,0.0,1.0,-1,6,30,1,1,1,15:26,7,2,1
202360A079354,2023,60A079354,2,1,1,1,42,7,2,0,0,0,0,0,1,-1,-1,-1,0,1.0,0.0,-1,6,30,1,4,1,22:38,6,2,1
2023010467061,2023,010467061,1,1,3,2,26,6,3,1,1,0,0,0,0,4,E01000124,-1,0,0.0,1.0,-1,6,30,1,4,1,20:53,3,1,9
2023411380828,2023,411380828,1,1,3,1,11,3,2,10,9,0,0,0,0,6,E01023848,7,1,1.0,0.0,-1,6,30,1,1,2,16:04,3,1,9
2023481387649,2023,481387649,1,1,1,2,51,8,3,0,0,0,0,0,1,-1,-1,3,1,0.0,1.0,-1,3,20,1,1,1,05:20,4,2,1
2023371402810,2023,371402810,2,1,1,2,25,5,3,0,0,0,0,0,3,9,E01033447,3,1,0.0,1.0,-1,6,30,1,1,2,14:52,6,2,3
2023451313932,2023,451313932,1,1,1,2,30,6,3,0,0,0,0,0,3,10,E01030986,3,1,0.0,1.0,-1,6,30,1,1,1,10:10,4,3,3
2023401359724,2023,401359724,1,1,1,2,30,6,3,0,0,0,0,0,5,9,E01018250,3,1,0.0,1.0,-1,6,60,1,6,1,19:11,4,1,5
2023010479257,2023,010479257,1,1,1,-1,20,4,3,0,0,0,0,0,3,2,E01001878,-1,0,0.0,1.0,-1,9,30,9,1,9,15:10,4,2,3
2023010473294,2023,010473294,1,1,1,1,38,7,3,0,0,0,0,0,9,2,E01003599,-1,0,0.0,1.0,-1,6,20,1,4,1,19:52,6,3,9
2023052302580,2023,052302580,1,1,1,1,25,5,3,0,0,0,0,0,9,5,E01006833,-1,0,0.08139,0.91861,-1,6,50,2,1,2,08:01,5,2,9
2023131369805,2023,131369805,2,1,1,1,83,11,3,0,0,0,0,0,9,7,E01011416,3,1,0.0,1.0,-1,7,40,1,1,2,09:33,5,3,9
2023201288519,2023,201288519,1,3,2,2,16,4,3,0,0,2,0,0,9,2,W01001693,3,1,0.0,1.0,-1,6,30,1,1,1,16:49,6,2,9
2023010448693,2023,010448693,1,1,1,1,29,6,3,0,0,0,0,0,3,1,E01004209,-1,0,0.0,1.0,-1,3,20,1,1,1,16:00,6,2,3
2023111366881,2023,111366881,2,2,1,1,17,4,2,0,0,0,0,0,3,2,E01020797,5,1,1.0,0.0,-1,6,60,1,1,2,07:55,4,2,3
2023361383663,2023,361383663,1,1,1,1,25,5,2,0,0,0,0,0,3,2,E01030227,7,1,1.0,0.0,-1,6,30,1,4,4,03:16,5,1,3
2023010437996,2023,010437996,1,1,1,1,39,7,3,0,0,0,0,0,1,3,E01002102,-1,0,0.0,1.0,-1,2,20,1,1,1,08:12,3,2,1
2023552301373,2023,552301373,1,1,1,1,60,9,3,0,0,0,0,0,4,3,E01015442,-1,0,0.1561,0.8439,-1,6,40,1,1,1,17:21,2,1,4
2023991284621,2023,991284621,1,1,1,1,56,9,2,0,0,0,0,0,5,4,-1,5,1,1.0,0.0,-1,3,50,1,1,1,12:25,4,4,5
2023061321885,2023,061321885,2,2,1,1,28,6,3,0,0,0,0,0,9,1,E01005578,3,1,0.0,1.0,-1,6,30,1,1,1,18:15,2,2,9
2023332300218,2023,332300218,1,2,2,1,66,10,3,0,0,1,0,0,9,7,E01025826,-1,0,0.02557,0.97443,-1,3,30,2,1,2,12:43,3,2,9
2023010444141,2023,010444141,1,1,3,2,6,2,3,5,1,0,0,0,0,3,E01000044,-1,0,0.0,1.0,-1,6,20,1,1,1,20:20,7,1,9
2023010480419,2023,010480419,1,1,1,1,30,6,3,0,0,0,0,0,1,5,E01001095,-1,0,0.0,1.0,-1,6,30,1,1,2,07:47,2,2,1
2023031298594,2023,031298594,2,1,1,1,12,3,3,0,0,0,0,0,1,4,E01019389,3,1,0.0,1.0,-1,2,30,1,1,1,18:26,4,2,1
2023371344813,2023,371344813,2,1,1,1,51,8,2,0,0,0,0,0,1,1,E01030258,7,1,1.0,0.0,-1,6,30,1,4,1,22:00,3,2,1
2023010429820,2023,010429820,1,1,1,1,36,7,3,0,0,0,0,0,3,7,E01016402,-1,0,0.0,1.0,-1,6,20,1,1,1,16:02,3,2,3
2023430513225,2023,430513225,1,1,3,2,10,2,3,1,3,0,0,0,0,8,E01028808,-1,0,0.11253,0.88747,-1,6,20,1,1,1,08:30,4,1,9
2023010472009,2023,010472009,1,1,1,1,36,7,3,0,0,0,0,0,8,8,E01002931,-1,0,0.0,1.0,-1,3,20,8,4,1,20:12,7,2,8
2023131272172,2023,131272172,1,1,3,1,78,11,3,10,1,0,0,2,0,3,E01011761,3,1,0.0,1.0,-1,6,30,1,4,1,18:57,6,1,9
2023610026723,2023,610026723,1,1,3,1,54,8,3,9,7,0,0,0,0,2,W01001385,-1,0,0.18963,0.81037,-1,6,30,1,1,1,12:16,7,1,11