collision_index,collision_year,collision_ref_no,vehicle_reference,casualty_reference,casualty_class,sex_of_casualty,age_of_casualty,age_band_of_casualty,casualty_severity,pedestrian_location,pedestrian_movement,car_passenger,bus_or_coach_passenger,pedestrian_road_maintenance_worker,casualty_type,casualty_imd_decile,lsoa_of_casualty,enhanced_casualty_severity,casualty_injury_based,casualty_adjusted_severity_serious,casualty_adjusted_severity_slight,casualty_distance_banding,road_type,speed_limit,weather_conditions,light_conditions,road_surface_conditions,time,day_of_week,number_of_vehicles,vehicle_type
2023010464792,2023,010464792,1,1,1,1,43,7,3,0,0,0,0,0,3,8,E01000200,-1,0,0.0,1.0,-1,9,20,1,1,1,14:25,6,2,3
2023061358484,2023,061358484,2,1,1,1,42,7,3,0,0,0,0,0,9,1,E01005434,3,1,0.0,1.0,-1,6,20,9,1,1,19:06,2,2,9
2023052300060,2023,052300060,1,1,3,1,0,1,3,5,9,0,0,0,0,-1,-1,-1,0,0.09624,0.90376,-1,3,30,1,1,1,07:56,2,1,9
2023010456358,2023,010456358,1,1,1,2,23,5,2,0,0,0,0,0,1,3,E01003035,-1,0,1.0,0.0,-1,6,30,1,1,1,07:45,5,2,1
2023010459476,2023,010459476,1,1,1,1,36,7,3,0,0,0,0,0,1,4,E01004388,-1,0,0.0,1.0,-1,1,30,9,1,9,18:35,2,2,1
2023010470074,2023,010470074,1,1,1,2,30,6,3,0,0,0,0,0,1,5,E01001164,-1,0,0.0,1.0,-1,1,20,1,1,1,17:40,5,2,1
2023471368063,2023,471368063,2,1,1,1,75,10,3,0,0,0,0,0,1,4,E01031434,3,1,0.0,1.0,-1,1,30,1,1,2,16:15,4,2,1
2023010421921,2023,010421921,2,1,1,1,49,8,3,0,0,0,0,0,3,3,E01004422,-1,0,0.0,1.0,-1,2,20,1,4,1,19:30,3,2,3
2023070535307,2023,070535307,2,1,2,2,16,4,3,0,0,2,0,0,8,4,E01018712,-1,0,0.0108,0.9892,-1,6,30,1,4,1,22:30,1,2,8
2023010439812,2023,010439812,1,1,1,1,26,6,3,0,0,0,0,0,3,6,E01002670,-1,0,0.0,1.0,-1,6,20,1,1,1,01:15,5,2,3
2023010452394,2023,010452394,2,1,1,1,26,6,3,0,0,0,0,0,3,5,E01000593,-1,0,0.0,1.0,-1,6,20,1,1,1,13:01,6,2,3
2023201412573,2023,201412573,1,1,1,1,47,8,3,0,0,0,0,0,9,9,E01008991,3,1,0.0,1.0,-1,6,30,1,1,1,09:20,1,3,9
2023440088748,2023,440088748,1,1,1,1,60,9,3,0,0,0,0,0,1,7,E01017175,-1,0,0.1015,0.8985,-1,1,30,1,1,1,08:45,6,2,1
2023421312458,2023,421312458,1,1,3,1,75,10,3,5,3,0,0,0,0,2,E01022023,3,1,0.0,1.0,-1,6,30,1,1,1,17:20,6,1,9
2023010455382,2023,010455382,1,1,3,1,51,8,2,5,1,0,0,0,0,2,E01032562,-1,0,1.0,0.0,-1,6,30,1,1,1,16:10,6,1,9
2023520300871,2023,520300871,1,1,3,1,85,11,3,9,5,0,0,0,0,6,E01029133,-1,0,0.18173,0.81827,-1,6,30,1,1,2,14:17,3,1,9
2023430206970,2023,430206970,1,1,1,1,18,4,3,0,0,0,0,0,-1,5,E01017687,-1,0,0.04198,0.95802,-1,6,30,1,1,1,16:30,5,2,-1
2023371340439,2023,371340439,1,1,3,1,9,2,3,9,4,0,0,-1,0,1,E01029982,3,1,0.0,1.0,-1,6,30,1,1,1,16:41,5,1,9
2023531410638,2023,531410638,1,1,3,1,48,8,3,1,3,0,0,0,0,6,E01022400,3,1,0.0,1.0,-1,6,30,1,1,2,17:00,4,1,9
2023451260849,2023,451260849,2,1,1,1,21,5,2,0,0,0,0,0,4,8,E01030552,7,1,1.0,0.0,-1,3,30,5,1,2,13:30,1,2,4
2023440411051,2023,440411051,1,1,1,1,18,4,3,0,0,0,0,0,3,-1,-1,-1,0,0.18728,0.81272,-1,6,30,1,4,1,00:10,1,1,3
2023471383032,2023,471383032,2,1,1,1,26,6,3,0,0,0,0,0,1,1,E01005191,3,1,0.0,1.0,-1,6,20,2,1,2,12:34,1,2,1
2023061382914,2023,061382914,1,1,3,1,12,3,3,5,1,0,0,0,0,3,E01005764,3,1,0.0,1.0,-1,6,30,2,1,2,16:10,2,1,9
2023451350463,2023,451350463,2,1,1,1,58,9,3,0,0,0,0,0,19,3,W01001539,3,1,0.0,1.0,-1,6,20,1,1,1,06:11,5,2,19
2023440141809,2023,440141809,1,1,1,2,62,9,3,0,0,0,0,0,9,5,E01017013,-1,0,0.0123,0.9877,-1,6,30,1,1,1,12:50,4,2,9
2023501340598,2023,501340598,2,3,2,2,13,3,3,0,0,2,0,0,9,3,E01019053,3,1,0.0,1.0,-1,9,30,1,1,1,07:30,3,2,9
2023131397236,2023,131397236,1,1,1,1,28,6,3,0,0,0,0,0,90,5,E01011736,3,1,0.0,1.0,-1,1,40,1,1,1,12:20,4,3,90
2023622300525,2023,622300525,1,1,3,1,49,8,3,10,4,0,0,0,0,3,W01000767,-1,0,0.08535,0.91465,-1,6,30,2,1,1,22:16,5,1,9
2023010439058,2023,010439058,1,1,1,1,21,5,3,0,0,0,0,0,3,2,E01002002,-1,0,0.0,1.0,-1,6,20,1,4,2,04:37,2,1,3
2023411427244,2023,411427244,2,1,1,1,31,6,3,0,0,0,0,0,5,-1,-1,3,1,0.0,1.0,-1,6,40,1,1,2,12:55,3,2,5
2023010468552,2023,010468552,2,1,1,2,46,8,3,0,0,0,0,0,1,5,E01003018,-1,0,0.0,1.0,-1,6,30,1,1,1,11:35,4,2,1
2023041368209,2023,041368209,2,1,1,1,35,6,2,0,0,0,0,0,5,7,E01012602,7,1,1.0,0.0,-1,6,30,1,1,1,15:50,6,2,5
2023340WN1272,2023,340WN1272,1,1,3,2,36,7,3,1,1,0,0,0,0,-1,-1,-1,0,0.13912,0.86088,-1,6,30,3,1,2,09:00,4,1,9
2023430231218,2023,430231218,2,1,1,1,50,8,3,0,0,0,0,0,1,10,E01028596,-1,0,0.0628,0.9372,-1,6,30,1,1,1,19:40,4,2,1
2023401388602,2023,401388602,2,1,1,1,19,4,3,0,0,0,0,0,1,4,E01017487,3,1,0.0,1.0,-1,1,30,1,1,2,08:55,5,2,1
2023302300375,2023,302300375,2,2,1,1,46,8,3,0,0,0,0,0,9,1,E01013568,-1,0,0.03158,0.96842,-1,6,30,9,1,1,14:51,6,2,9
2023411398474,2023,411398474,1,1,1,1,32,6,3,0,0,0,0,0,9,6,E01023932,3,1,0.0,1.0,-1,6,60,1,1,1,11:33,6,2,9
2023461316758,2023,461316758,2,1,1,1,31,6,3,0,0,0,0,0,9,2,E01024248,3,1,0.0,1.0,-1,6,30,1,1,1,11:19,7,2,9
2023991339615,2023,991339615,1,1,1,1,31,6,3,0,0,0,0,0,9,2,-1,3,1,0.0,1.0,-1,1,60,1,1,1,20:50,2,1,9
2023010425752,2023,010425752,1,2,2,2,19,4,3,0,0,2,0,0,9,2,E01002809,-1,0,0.0,1.0,-1,3,40,1,4,1,19:36,2,4,9
2023141292177,2023,141292177,1,1,1,2,46,8,3,0,0,0,0,0,9,7,E01007503,3,1,0.0,1.0,-1,6,30,1,1,1,16:20,4,2,9
2023451356604,2023,451356604,1,1,1,2,44,7,3,0,0,0,0,0,9,8,E01030860,3,1,0.0,1.0,-1,3,70,1,1,1,09:02,4,2,9
2023031414689,2023,031414689,1,1,1,1,32,6,3,0,0,0,0,0,9,3,E01019228,3,1,0.0,1.0,-1,6,50,1,1,1,10:10,2,2,9
2023041304670,2023,041304670,1,1,1,1,35,6,2,0,0,0,0,0,9,4,E01025024,5,1,1.0,0.0,-1,6,30,1,1,1,07:20,7,2,9
2023041373116,2023,041373116,1,2,2,2,56,9,2,0,0,1,0,0,9,6,E01025562,5,1,1.0,0.0,-1,6,30,1,1,1,13:35,3,4,9
2023440363624,2023,440363624,2,1,1,2,70,10,3,0,0,0,0,0,9,-1,-1,-1,0,0.12536,0.87464,-1,6,60,1,1,1,10:13,5,2,9
2023991303617,2023,991303617,2,5,2,2,22,5,3,0,0,0,4,0,11,3,-1,3,1,0.0,1.0,-1,3,70,1,1,1,13:50,2,2,11
2023122300345,2023,122300345,1,2,2,-1,88,11,3,0,0,1,0,0,9,6,E01020794,-1,0,0.06602,0.93398,-1,6,40,1,1,1,16:22,3,2,9
2023070893934,2023,070893934,2,1,1,2,34,6,3,0,0,0,0,0,9,8,E01012538,-1,0,0.00744,0.99256,-1,6,20,1,1,1,13:21,1,2,9
2023131307030,2023,131307030,2,2,1,2,51,8,3,0,0,0,0,0,9,7,E01011595,3,1,0.0,1.0,-1,3,30,1,1,1,17:00,7,3,9
2023211285086,2023,211285086,2,1,1,2,40,7,3,0,0,0,0,0,9,8,E01018515,3,1,0.0,1.0,-1,3,40,1,1,1,12:30,3,2,9
2023501351915,2023,501351915,1,1,1,1,17,4,3,0,0,0,0,0,9,6,E01019945,3,1,0.0,1.0,-1,6,30,1,4,1,00:27,5,1,9
2023010444160,2023,010444160,2,1,1,2,23,5,3,0,0,0,0,0,3,7,E01002198,-1,0,0.0,1.0,-1,1,30,1,1,1,15:53,7,2,3
2023010420925,2023,010420925,1,1,1,1,45,7,3,0,0,0,0,0,3,3,E01002105,-1,0,0.0,1.0,-1,9,20,9,1,9,15:15,4,2,3
2023010449256,2023,010449256,1,1,1,-1,38,7,3,0,0,0,0,0,3,9,E01001273,-1,0,0.0,1.0,-1,7,20,9,1,9,10:51,5,2,3
2023201397982,2023,201397982,1,1,3,1,52,8,3,6,7,0,0,2,0,1,E01008907,3,1,0.0,1.0,-1,6,20,1,4,1,22:20,4,1,18
2023010486421,2023,010486421,1,1,1,1,31,6,3,0,0,0,0,0,19,4,E01021688,-1,0,0.0,1.0,-1,3,40,1,4,1,00:25,6,2,19
2023211310996,2023,211310996,2,1,1,2,53,8,3,0,0,0,0,0,9,3,E01014296,3,1,0.0,1.0,-1,1,30,1,1,1,11:14,5,2,9
2023552301142,2023,552301142,1,1,1,2,80,11,3,0,0,0,0,0,9,5,E01015468,-1,0,0.08312,0.91688,-1,6,30,1,1,1,12:44,5,1,9
2023991265991,2023,991265991,1,1,1,1,57,9,2,0,0,0,0,0,9,9,-1,6,1,1.0,0.0,-1,3,60,1,1,2,09:15,6,3,9
202360A165566,2023,60A165566,2,1,1,1,21,5,3,0,0,0,0,0,5,-1,-1,-1,0,0.17989,0.82011,-1,3,20,1,1,1,13:48,1,2,5
2023010477986,2023,010477986,1,1,1,2,31,6,3,0,0,0,0,0,9,2,E01033146,-1,0,0.0,1.0,-1,3,20,1,4,2,17:50,3,3,9
2023430041579,2023,430041579,3,3,2,1,49,8,3,0,0,1,0,0,9,6,E01022227,-1,0,0.0398,0.9602,-1,3,70,1,1,1,09:41,7,3,9
2023010447793,2023,010447793,2,2,2,1,32,6,3,0,0,0,0,0,3,4,E01003098,-1,0,0.0,1.0,-1,6,20,1,1,1,16:18,5,2,3
2023201408367,2023,201408367,1,1,3,1,43,7,2,4,3,0,0,2,0,2,E01009725,7,1,1.0,0.0,-1,3,30,1,7,1,20:04,1,1,9
2023430082267,2023,430082267,1,1,3,2,15,3,3,5,2,0,0,0,0,10,E01028722,-1,0,0.13236,0.86764,-1,6,30,1,1,1,16:24,4,2,9
2023010485038,2023,010485038,2,1,1,1,29,6,2,0,0,0,0,0,-1,1,E01002069,-1,0,1.0,0.0,-1,2,20,1,4,2,22:14,3,2,-1
2023101366089,2023,101366089,2,3,2,2,6,2,3,0,0,2,0,0,9,-1,-1,3,1,0.0,1.0,-1,6,20,8,1,2,08:10,3,2,9
2023010428788,2023,010428788,2,1,1,1,34,6,2,0,0,0,0,0,3,4,E01033081,-1,0,1.0,0.0,-1,6,20,1,1,1,16:30,5,2,3
2023311358122,2023,311358122,1,3,1,1,62,9,3,0,0,0,0,0,8,4,E01027928,3,1,0.0,1.0,-1,6,30,2,4,2,01:24,1,2,8
2023131343049,2023,131343049,2,1,1,1,6,2,2,0,0,0,0,0,1,1,E01010996,7,1,1.0,0.0,-1,6,30,1,1,1,12:56,1,2,1
2023991381907,2023,991381907,3,1,1,1,60,9,3,0,0,0,0,0,8,6,-1,3,1,0.0,1.0,-1,6,30,3,6,4,01:36,1,3,8
2023161277328,2023,161277328,1,1,1,1,42,7,3,0,0,0,0,0,19,1,E01013222,3,1,0.0,1.0,-1,3,70,1,1,1,15:22,4,1,19
2023622301001,2023,622301001,1,1,1,1,17,4,3,0,0,0,0,0,3,8,W01001011,-1,0,0.13716,0.86284,-1,6,40,1,6,2,16:57,3,1,3
2023421286613,2023,421286613,1,1,3,2,19,4,3,5,3,0,0,0,0,3,E01021889,3,1,0.0,1.0,-1,6,20,1,1,1,17:30,3,1,9
2023320401258,2023,320401258,1,1,1,1,35,6,2,0,0,0,0,0,5,3,E01026075,-1,0,1.0,0.0,-1,6,60,1,1,1,20:00,5,1,5
2023010475675,2023,010475675,1,1,1,1,24,5,3,0,0,0,0,0,3,4,E01000999,-1,0,0.0,1.0,-1,2,20,2,4,2,22:15,4,2,3
2023631318731,2023,631318731,2,1,1,1,36,7,3,0,0,0,0,0,19,7,W01000513,3,1,0.0,1.0,-1,6,30,1,1,1,16:15,4,2,19
2023622300398,2023,622300398,1,2,3,2,6,2,3,1,1,0,0,0,0,9,W01001826,-1,0,0.08491,0.91509,-1,2,20,1,1,1,11:01,7,1,9
2023141289177,2023,141289177,2,1,1,2,28,6,3,0,0,0,0,0,9,2,E01008010,3,1,0.0,1.0,-1,6,30,1,1,1,15:30,3,2,9
2023501283296,2023,501283296,1,2,1,1,28,6,2,0,0,0,0,0,9,4,E01020307,7,1,1.0,0.0,-1,6,60,1,4,1,19:40,7,2,9
2023010448994,2023,010448994,1,1,1,1,43,7,3,0,0,0,0,0,9,8,E01030622,-1,0,0.0,1.0,-1,6,30,1,1,1,14:25,4,2,9
2023010468655,2023,010468655,2,1,1,1,47,8,3,0,0,0,0,0,9,9,E01004092,-1,0,0.0,1.0,-1,3,40,1,1,1,17:27,4,3,9
2023201380030,2023,201380030,2,1,1,2,31,6,3,0,0,0,0,0,9,-1,-1,3,1,0.0,1.0,-1,6,30,1,4,1,17:07,5,2,9
2023201381698,2023,201381698,2,1,1,1,28,6,3,0,0,0,0,0,9,1,E01009275,3,1,0.0,1.0,-1,6,30,1,1,1,12:20,5,2,9
2023302300311,2023,302300311,1,1,1,-1,-1,-1,3,0,0,0,0,0,9,5,E01019456,-1,0,0.02428,0.97572,-1,6,60,1,1,1,15:00,7,1,9
2023320057768,2023,320057768,1,1,1,1,26,6,3,0,0,0,0,0,9,3,E01026046,-1,0,0.11637,0.88363,-1,6,60,1,6,1,22:00,7,1,9
2023361346478,2023,361346478,2,2,1,1,32,6,3,0,0,0,0,0,9,8,E01026480,3,1,0.0,1.0,-1,6,60,1,1,1,19:20,6,2,9
2023031338068,2023,031338068,1,1,1,2,74,10,3,0,0,0,0,0,9,9,E01019361,3,1,0.0,1.0,-1,6,30,1,1,1,10:45,5,2,9
2023332301284,2023,332301284,1,1,1,1,22,5,2,0,0,0,0,0,9,10,E01025726,-1,0,1.0,0.0,-1,3,40,4,4,1,18:39,4,2,9
2023461376749,2023,461376749,1,1,1,2,65,9,3,0,0,0,0,0,9,9,E01024265,3,1,0.0,1.0,-1,3,40,2,1,2,11:57,1,2,9
2023010474663,2023,010474663,2,1,1,2,56,9,3,0,0,0,0,0,9,6,E01021743,-1,0,0.0,1.0,-1,1,30,2,1,2,11:20,1,2,9
2023231347486,2023,231347486,1,3,2,1,9,2,3,0,0,2,0,0,9,3,E01031172,3,1,0.0,1.0,-1,6,30,1,1,1,09:14,3,1,9
2023440071245,2023,440071245,2,2,1,1,22,5,2,0,0,0,0,0,9,-1,-1,-1,0,1.0,0.0,-1,6,30,1,4,1,18:50,2,2,9
2023451306803,2023,451306803,1,1,1,1,25,5,3,0,0,0,0,0,9,4,E01021295,3,1,0.0,1.0,-1,6,30,1,1,1,19:30,6,3,9
2023531354194,2023,531354194,1,2,2,1,17,4,2,0,0,1,0,0,9,5,E01032340,7,1,1.0,0.0,-1,6,60,2,6,2,22:05,2,1,9
2023991350524,2023,991350524,1,1,2,2,17,4,3,0,0,2,0,0,9,4,-1,3,1,0.0,1.0,-1,6,60,1,1,1,15:31,6,2,9
2023351407172,2023,351407172,1,1,1,1,33,6,2,0,0,0,0,0,9,8,E01018050,5,1,1.0,0.0,-1,6,60,1,1,1,16:32,1,2,9
2023440388777,2023,440388777,1,1,1,1,33,6,3,0,0,0,0,0,9,7,E01022634,-1,0,0.05727,0.94273,-1,6,30,1,1,1,14:28,7,2,9
2023991356227,2023,991356227,2,2,2,1,38,7,3,0,0,1,0,0,9,5,-1,3,1,0.0,1.0,-1,6,20,1,1,1,11:23,1,2,9
2023041343441,2023,041343441,1,1,2,1,75,10,3,0,0,1,0,0,9,7,E01024868,3,1,0.0,1.0,-1,3,70,1,1,1,18:34,7,3,9
2023131353184,2023,131353184,1,3,2,2,49,8,3,0,0,2,0,0,9,5,E01011933,3,1,0.0,1.0,-1,6,30,1,1,1,18:55,7,2,9
2023991287213,2023,991287213,1,1,2,2,51,8,3,0,0,0,4,0,11,4,-1,3,1,0.0,1.0,-1,6,20,2,1,2,18:00,4,1,11
2023061293674,2023,061293674,2,1,1,1,42,7,3,0,0,0,0,0,9,8,E01005493,3,1,0.0,1.0,-1,6,40,1,1,1,10:35,3,2,9
2023501284257,2023,501284257,1,7,2,2,16,4,2,0,0,2,0,0,9,5,E01018943,7,1,1.0,0.0,-1,6,60,2,6,2,21:42,4,2,9
2023522401023,2023,522401023,1,1,1,1,49,8,3,0,0,0,0,0,9,7,E01029288,-1,0,0.02439,0.97561,-1,6,50,1,1,2,14:43,5,2,9
2023610012123,2023,610012123,1,1,2,2,74,10,3,0,0,1,0,0,9,9,W01001588,-1,0,0.07506,0.92494,-1,3,40,4,1,1,14:38,3,2,9
2023622300973,2023,622300973,1,4,2,1,2,1,3,0,0,2,0,0,9,7,W01001108,-1,0,0.02739,0.97261,-1,6,30,1,1,1,07:54,4,3,9
2023041292907,2023,041292907,2,1,1,1,49,8,3,0,0,0,0,0,9,-1,-1,3,1,0.0,1.0,-1,6,30,1,1,1,16:15,6,2,9
2023361341270,2023,361341270,2,1,1,1,40,7,3,0,0,0,0,0,9,6,E01026430,3,1,0.0,1.0,-1,3,30,1,1,1,20:25,1,2,9
2023411404774,2023,411404774,1,1,2,2,20,4,3,0,0,1,0,0,9,4,E01023357,3,1,0.0,1.0,-1,6,30,2,4,2,22:11,7,4,9
2023421345870,2023,421345870,2,1,1,2,41,7,3,0,0,0,0,0,9,1,E01021301,3,1,0.0,1.0,-1,6,40,1,1,1,17:36,7,2,9
2023010420044,2023,010420044,1,3,2,-1,-1,-1,3,0,0,2,0,0,8,2,E01015726,-1,0,0.0,1.0,-1,1,30,2,4,2,22:45,6,2,8
2023201383412,2023,201383412,1,1,3,1,39,7,3,5,1,0,0,2,0,5,E01010432,3,1,0.0,1.0,-1,6,30,1,1,1,14:42,5,3,9
2023991377141,2023,991377141,1,1,3,1,66,10,3,5,3,0,0,0,0,3,-1,3,1,0.0,1.0,-1,6,30,1,1,1,13:30,5,1,9
2023010472340,2023,010472340,1,1,1,1,22,5,3,0,0,0,0,0,5,-1,-1,-1,0,0.0,1.0,-1,6,30,1,4,1,19:03,2,2,5
2023481409652,2023,481409652,1,1,3,1,32,6,3,9,8,0,0,0,0,-1,-1,3,1,0.0,1.0,-1,6,20,2,4,2,23:00,7,1,9
2023501377782,2023,501377782,1,1,1,1,-1,-1,3,0,0,0,0,0,4,-1,-1,3,1,0.0,1.0,-1,6,30,1,1,1,12:30,3,2,4
2023471320854,2023,471320854,2,1,1,1,24,5,2,0,0,0,0,0,19,8,E01031346,7,1,1.0,0.0,-1,6,30,2,1,2,08:40,3,4,19
2023010434608,2023,010434608,1,1,1,2,32,6,3,0,0,0,0,0,9,5,E01033711,-1,0,0.0,1.0,-1,6,20,1,1,1,15:02,2,2,9
2023031358532,2023,031358532,1,1,2,1,34,6,3,0,0,1,0,0,9,-1,-1,3,1,0.0,1.0,-1,6,60,1,6,1,01:18,2,1,9
2023161262164,2023,161262164,1,1,1,2,20,4,3,0,0,0,0,0,9,4,E01012760,3,1,0.0,1.0,-1,6,30,1,1,2,15:54,4,3,9
2023320680707,2023,320680707,2,1,1,2,31,6,3,0,0,0,0,0,9,7,E01026397,-1,0,0.01024,0.98976,-1,3,70,9,1,1,16:15,3,2,9
2023361359739,2023,361359739,2,1,1,1,54,8,3,0,0,0,0,0,9,2,E01026828,3,1,0.0,1.0,-1,3,70,1,1,1,12:50,7,2,9
2023461394548,2023,461394548,2,1,1,1,23,5,3,0,0,0,0,0,9,6,E01024628,3,1,0.0,1.0,-1,6,30,1,1,1,06:50,6,2,9
2023010434673,2023,010434673,1,1,1,2,26,6,3,0,0,0,0,0,9,1,E01001430,-1,0,0.0,1.0,-1,6,30,2,1,2,15:13,3,2,9
2023010483339,2023,010483339,1,1,1,1,37,7,3,0,0,0,0,0,9,3,E01003328,-1,0,0.0,1.0,-1,1,30,1,1,1,15:40,1,2,9
2023111334695,2023,111334695,1,2,2,2,29,6,1,0,0,1,0,0,9,1,E01033484,1,1,0.0,0.0,-1,6,60,1,1,1,06:46,7,2,9
2023131360823,2023,131360823,1,1,1,2,63,9,2,0,0,0,0,0,9,2,E01010715,7,1,1.0,0.0,-1,6,30,1,4,1,18:50,6,3,9
2023231259351,2023,231259351,1,3,2,1,23,5,3,0,0,2,0,0,9,-1,-1,3,1,0.0,1.0,-1,3,70,1,6,2,03:30,1,9,9
2023522300614,2023,522300614,1,1,1,2,42,7,3,0,0,0,0,0,9,10,E01014966,-1,0,0.0322,0.9678,-1,6,60,4,6,4,20:50,2,2,9
2023320364551,2023,320364551,1,1,3,1,3,1,2,8,1,0,0,0,0,7,E01026392,-1,0,1.0,0.0,-1,6,30,1,1,1,15:25,4,1,9
2023501374053,2023,501374053,2,1,1,1,30,6,3,0,0,0,0,0,1,1,E01015266,3,1,0.0,1.0,-1,1,30,1,1,1,21:06,7,2,1
2023052301601,2023,052301601,2,4,2,1,11,3,3,0,0,2,0,0,9,1,E01033228,-1,0,0.01813,0.98187,-1,6,30,1,1,1,16:00,3,4,9
2023201340222,2023,201340222,1,1,1,2,31,6,3,0,0,0,0,0,9,5,E01010431,3,1,0.0,1.0,-1,6,30,1,1,1,06:42,7,1,9
2023231311738,2023,231311738,1,1,1,1,21,5,3,0,0,0,0,0,9,4,E01029834,3,1,0.0,1.0,-1,6,30,1,1,1,17:50,6,1,9
2023501297963,2023,501297963,1,2,2,1,89,11,3,0,0,1,0,0,9,7,E01023066,3,1,0.0,1.0,-1,3,70,1,1,1,13:19,2,2,9
2023141348212,2023,141348212,2,1,2,1,18,4,3,0,0,2,0,0,9,4,E01007647,3,1,0.0,1.0,-1,6,30,1,4,1,22:33,1,2,9
2023411378145,2023,411378145,1,1,1,1,54,8,2,0,0,0,0,0,9,-1,-1,6,1,1.0,0.0,-1,1,30,1,1,1,15:25,2,1,9
2023471334662,2023,471334662,2,1,1,1,44,7,3,0,0,0,0,0,9,1,E01033153,3,1,0.0,1.0,-1,3,50,2,1,2,10:00,6,2,9
2023610032923,2023,610032923,1,1,1,1,32,6,3,0,0,1,0,0,9,3,W01001546,-1,0,0.02625,0.97375,-1,1,70,1,1,1,14:10,2,2,9
2023991353290,2023,991353290,1,1,1,1,56,9,1,0,0,0,0,0,9,3,-1,1,1,0.0,0.0,-1,6,60,1,1,1,08:09,1,1,9
2023201382539,2023,201382539,2,1,1,2,21,5,3,0,0,0,0,0,9,1,E01009308,3,1,0.0,1.0,-1,3,30,1,4,1,19:00,6,2,9
2023010445687,2023,010445687,1,2,2,2,48,8,3,0,0,1,0,0,9,2,E01001316,-1,0,0.0,1.0,-1,6,30,1,1,1,13:15,1,2,9
2023320574993,2023,320574993,2,2,2,2,58,9,3,0,0,1,0,0,9,9,E01028352,-1,0,0.02905,0.97095,-1,6,50,1,1,1,13:45,6,2,9
2023547794123,2023,547794123,1,1,1,2,22,5,3,0,0,0,0,0,9,8,E01031900,-1,0,0.09171,0.90829,-1,3,70,1,1,1,04:30,3,1,9
2023351296685,2023,351296685,1,1,1,1,42,7,2,0,0,0,0,0,19,6,E01029925,5,1,1.0,0.0,-1,6,60,4,6,2,23:05,4,2,19
2023141390343,2023,141390343,2,1,1,1,19,4,2,0,0,0,0,0,-1,1,E01007736,7,1,1.0,0.0,-1,6,40,1,1,1,17:10,3,2,-1
2023010479726,2023,010479726,1,1,3,2,34,6,2,5,3,0,0,0,0,4,E01004232,-1,0,1.0,0.0,-1,6,30,1,1,1,13:14,5,1,9
2023351391118,2023,351391118,2,1,1,1,37,7,3,0,0,0,0,0,20,2,E01013585,3,1,0.0,1.0,-1,3,70,1,6,1,06:40,2,2,20
2023161294054,2023,161294054,2,1,1,1,52,8,3,0,0,0,0,0,1,3,E01013135,3,1,0.0,1.0,-1,6,40,1,1,1,07:20,4,2,1
2023302300849,2023,302300849,2,1,1,1,55,8,3,0,0,0,0,0,9,3,E01013547,-1,0,0.01561,0.98439,-1,6,30,1,1,1,18:10,1,2,9
2023430268585,2023,430268585,1,1,1,1,41,7,3,0,0,0,0,0,9,4,E01016727,-1,0,0.09555,0.90445,-1,6,60,1,7,1,22:04,1,2,9
2023440281611,2023,440281611,1,1,1,2,62,9,3,0,0,0,0,0,9,4,E01017262,-1,0,0.04956,0.95044,-1,6,30,1,1,1,13:40,5,2,9
2023991360138,2023,991360138,1,1,2,2,19,4,2,0,0,2,0,0,9,1,-1,5,1,1.0,0.0,-1,6,60,1,6,1,20:50,1,3,9
2023101272477,2023,101272477,2,1,1,2,29,6,3,0,0,0,0,0,9,6,-1,3,1,0.0,1.0,-1,3,70,1,4,1,17:19,5,2,9
2023201368202,2023,201368202,2,1,2,2,19,4,2,0,0,2,0,0,9,1,E01009567,7,1,1.0,0.0,-1,6,30,1,1,1,15:57,2,2,9
2023340WN0432,2023,340WN0432,2,3,2,2,14,3,3,0,0,2,0,0,9,-1,-1,-1,0,0.024,0.976,-1,7,60,1,6,1,17:35,1,2,9
2023451264670,2023,451264670,1,1,1,2,33,6,3,0,0,0,0,0,9,8,E01030829,3,1,0.0,1.0,-1,6,30,8,1,4,10:30,3,2,9
2023991389150,2023,991389150,1,2,2,1,31,6,2,0,0,1,0,0,9,1,-1,5,1,1.0,0.0,-1,3,70,2,6,2,06:36,6,1,9
2023010474773,2023,010474773,1,1,1,2,44,7,3,0,0,0,0,0,9,4,E01000031,-1,0,0.0,1.0,-1,6,20,1,4,2,18:13,1,2,9
2023451277756,2023,451277756,1,1,1,1,25,5,3,0,0,0,0,0,9,10,E01030906,3,1,0.0,1.0,-1,6,30,2,4,2,20:50,6,2,9
2023461351712,2023,461351712,1,1,1,1,19,4,3,0,0,0,0,0,9,3,E01024567,3,1,0.0,1.0,-1,6,50,1,1,1,15:13,6,1,9
2023461389332,2023,461389332,1,3,2,1,9,2,3,0,0,2,0,0,9,-1,-1,3,1,0.0,1.0,-1,6,60,1,6,2,20:00,7,2,9
2023351363428,2023,351363428,2,1,2,2,32,6,3,0,0,0,0,0,98,6,E01017589,3,1,0.0,1.0,-1,1,70,1,1,1,15:22,1,2,98
2023371392509,2023,371392509,1,2,2,2,9,2,3,0,0,1,0,0,9,-1,-1,3,1,0.0,1.0,-1,6,40,2,6,2,15:14,4,1,9
2023421269973,2023,421269973,3,2,2,2,33,6,3,0,0,1,0,0,9,-1,-1,3,1,0.0,1.0,-1,3,70,1,4,1,20:55,2,4,9