collision_index,collision_year,collision_ref_no,vehicle_reference,casualty_reference,casualty_class,sex_of_casualty,age_of_casualty,age_band_of_casualty,casualty_severity,pedestrian_location,pedestrian_movement,car_passenger,bus_or_coach_passenger,pedestrian_road_maintenance_worker,casualty_type,casualty_imd_decile,lsoa_of_casualty,enhanced_casualty_severity,casualty_injury_based,casualty_adjusted_severity_serious,casualty_adjusted_severity_slight,casualty_distance_banding,road_type,speed_limit,weather_conditions,light_conditions,road_surface_conditions,time,day_of_week,number_of_vehicles,vehicle_type
2023471298627,2023,471298627,2,1,1,1,23,5,3,0,0,0,0,0,4,10,E01031729,3,1,0.0,1.0,-1,6,50,1,4,1,20:05,4,2,4
2023010437890,2023,010437890,1,1,3,2,66,10,2,5,3,0,0,0,0,-1,-1,-1,0,1.0,0.0,-1,6,20,1,1,1,16:22,2,1,11
2023010467715,2023,010467715,1,1,1,1,37,7,3,0,0,0,0,0,2,9,E01002417,-1,0,0.0,1.0,-1,6,30,1,4,1,21:10,6,2,2
2023161295997,2023,161295997,1,1,1,1,16,4,3,0,0,0,0,0,2,1,E01013279,3,1,0.0,1.0,-1,6,30,2,1,2,18:18,4,1,2
2023061290271,2023,061290271,1,2,2,2,48,8,3,0,0,0,4,0,11,1,E01011107,3,1,0.0,1.0,-1,6,30,1,1,1,12:45,7,1,11
2023131290093,2023,131290093,2,4,2,2,54,8,3,0,0,0,0,0,9,1,E01010826,3,1,0.0,1.0,-1,6,50,1,1,2,16:22,5,2,9
2023471315221,2023,471315221,2,1,1,2,45,7,3,0,0,0,0,0,9,7,E01031405,3,1,0.0,1.0,-1,6,30,1,1,1,18:15,2,2,9
2023131368653,2023,131368653,1,1,1,2,62,9,3,0,0,0,0,0,9,6,E01010640,3,1,0.0,1.0,-1,6,30,2,1,2,12:01,2,3,9
2023161269626,2023,161269626,2,2,2,1,87,11,2,0,0,1,0,0,9,3,E01027833,7,1,1.0,0.0,-1,6,60,1,1,1,15:05,3,2,9
2023302300627,2023,302300627,1,1,1,2,49,8,3,0,0,0,0,0,9,2,E01019799,-1,0,0.02843,0.97157,-1,7,60,1,1,1,06:45,3,2,9
2023401289996,2023,401289996,2,1,1,2,38,7,3,0,0,0,0,0,9,9,E01017417,3,1,0.0,1.0,-1,6,60,1,1,1,15:20,6,2,9
2023052301958,2023,052301958,2,1,1,2,33,6,3,0,0,0,0,0,9,6,E01025514,-1,0,0.00757,0.99243,-1,6,30,1,1,1,16:55,7,2,9
2023170H10213,2023,170H10213,1,3,2,1,17,4,3,0,0,2,0,0,9,1,E01011950,-1,0,0.03466,0.96534,-1,1,30,1,4,1,21:09,6,2,9
2023320554680,2023,320554680,2,2,1,1,45,7,3,0,0,0,0,0,9,8,E01026229,-1,0,0.0902,0.9098,-1,6,60,1,1,1,14:21,4,2,9
2023451290325,2023,451290325,1,3,2,2,16,4,3,0,0,2,0,0,9,9,E01030932,3,1,0.0,1.0,-1,6,40,1,1,1,08:00,6,2,9
2023501338634,2023,501338634,1,1,1,1,62,9,2,0,0,0,0,0,9,5,E01018947,7,1,1.0,0.0,-1,3,70,1,1,1,07:33,1,1,9
2023311320061,2023,311320061,1,1,1,1,28,6,3,0,0,0,0,0,9,8,W01001569,3,1,0.0,1.0,-1,6,20,2,1,2,19:48,1,1,9
2023421322996,2023,421322996,1,1,1,1,26,6,3,0,0,0,0,0,9,10,E01021409,3,1,0.0,1.0,-1,6,30,1,7,1,22:53,2,1,9
2023421338297,2023,421338297,2,2,1,1,36,7,3,0,0,0,0,0,9,5,E01021880,3,1,0.0,1.0,-1,6,60,1,1,1,18:03,6,2,9
2023471306078,2023,471306078,2,1,1,2,23,5,3,0,0,0,0,0,9,7,E01021038,3,1,0.0,1.0,-1,3,70,1,1,1,07:50,5,3,9
2023991356603,2023,991356603,3,6,1,2,44,7,3,0,0,0,0,0,9,7,-1,3,1,0.0,1.0,-1,3,50,1,1,1,15:20,3,6,9
2023052301784,2023,052301784,2,2,1,1,57,9,3,0,0,0,0,0,9,1,E01006950,-1,0,0.06985,0.93015,-1,6,30,1,1,1,16:45,6,2,9
2023201299250,2023,201299250,2,3,2,1,-1,-1,3,0,0,2,0,0,9,7,E01009975,3,1,0.0,1.0,-1,6,30,1,1,1,12:53,6,3,9
2023311323135,2023,311323135,2,1,1,2,50,8,3,0,0,0,0,0,9,4,E01026192,3,1,0.0,1.0,-1,3,60,1,1,1,08:55,4,2,9
2023041297158,2023,041297158,1,2,1,1,20,4,2,0,0,0,0,0,9,2,E01006723,5,1,1.0,0.0,-1,6,40,1,6,2,22:45,6,1,9
2023201410667,2023,201410667,4,2,1,1,39,7,2,0,0,0,0,0,9,1,E01032889,6,1,1.0,0.0,-1,6,30,8,1,1,08:39,5,5,9
2023461364512,2023,461364512,2,2,2,1,-1,-1,3,0,0,2,0,0,9,-1,-1,3,1,0.0,1.0,-1,1,70,1,1,1,07:31,3,2,9
2023471350128,2023,471350128,1,3,1,1,21,5,3,0,0,0,0,0,9,8,E01016888,3,1,0.0,1.0,-1,6,30,1,1,1,13:33,5,3,9
2023010455667,2023,010455667,1,1,1,1,27,6,3,0,0,0,0,0,9,9,E01002192,-1,0,0.0,1.0,-1,9,30,2,4,1,11:00,7,1,9
2023052302050,2023,052302050,2,1,1,2,43,7,3,0,0,0,0,0,9,4,E01006485,-1,0,0.03841,0.96159,-1,6,30,1,1,1,14:35,4,2,9
2023371362925,2023,371362925,2,1,1,2,27,6,3,0,0,0,0,0,9,7,E01029937,3,1,0.0,1.0,-1,6,60,1,6,1,19:17,7,2,9
2023471292632,2023,471292632,2,1,2,2,23,5,3,0,0,1,0,0,9,2,E01020929,3,1,0.0,1.0,-1,6,40,5,4,2,20:00,6,3,9
2023010466210,2023,010466210,1,1,2,1,74,10,3,0,0,0,4,0,11,2,E01002634,-1,0,0.0,1.0,-1,6,20,1,1,1,13:08,6,1,11
2023010478995,2023,010478995,2,1,1,1,46,8,3,0,0,0,0,0,1,7,E01001069,-1,0,0.0,1.0,-1,6,20,2,1,2,07:15,2,2,1
2023552300409,2023,552300409,1,1,1,1,59,9,3,0,0,0,0,0,5,6,E01020528,-1,0,0.22891,0.77109,-1,6,60,1,1,1,10:20,7,2,5
2023131281462,2023,131281462,1,1,1,2,50,8,3,0,0,0,0,0,9,2,E01011041,3,1,0.0,1.0,-1,1,40,1,1,1,07:52,4,2,9
2023221331323,2023,221331323,1,1,2,2,12,3,3,0,0,1,0,0,9,-1,-1,3,1,0.0,1.0,-1,6,30,1,4,1,20:59,7,2,9
2023501326688,2023,501326688,2,4,2,1,1,1,3,0,0,2,0,0,9,7,E01018883,3,1,0.0,1.0,-1,6,60,1,1,1,21:42,4,2,9
2023071091810,2023,071091810,4,1,1,1,23,5,3,0,0,0,0,0,9,3,E01010479,-1,0,0.01201,0.98799,-1,3,70,2,1,2,13:27,6,4,9
2023211284559,2023,211284559,2,2,2,2,43,7,3,0,0,-1,0,0,9,-1,-1,3,1,0.0,1.0,-1,1,30,9,4,-1,20:15,4,2,9
2023302301114,2023,302301114,2,2,1,1,29,6,3,0,0,0,0,0,9,5,E01019837,-1,0,0.12144,0.87856,-1,6,40,1,1,1,04:55,6,2,9
2023471263996,2023,471263996,1,1,1,2,82,11,3,0,0,0,0,0,9,8,E01020988,3,1,0.0,1.0,-1,6,30,1,1,1,12:45,1,2,9
2023991389389,2023,991389389,1,1,2,2,78,11,3,0,0,1,0,0,9,6,-1,3,1,0.0,1.0,-1,6,60,1,6,2,17:25,7,1,9
2023221393810,2023,221393810,1,1,3,1,48,8,3,1,3,0,0,0,0,10,E01032230,3,1,0.0,1.0,-1,6,30,1,1,2,13:22,1,1,9
2023061366030,2023,061366030,2,2,2,2,18,4,3,0,0,1,0,0,9,9,E01004810,3,1,0.0,1.0,-1,3,70,2,4,2,06:15,6,2,9
2023351285442,2023,351285442,2,3,2,1,20,4,3,0,0,1,0,0,9,7,E01023658,3,1,0.0,1.0,-1,6,50,1,1,2,16:47,6,2,9
2023440389846,2023,440389846,1,2,1,2,35,6,3,0,0,0,0,0,9,10,E01032856,-1,0,0.03316,0.96684,-1,6,30,1,1,1,12:40,1,2,9
2023522301636,2023,522301636,2,2,1,1,21,5,3,0,0,0,0,0,9,9,E01014440,-1,0,0.04039,0.95961,-1,6,50,1,1,1,11:41,6,3,9
2023461357526,2023,461357526,2,1,1,1,55,8,3,0,0,0,0,0,1,1,E01024389,3,1,0.0,1.0,-1,6,30,1,4,1,22:15,2,2,1
2023430239906,2023,430239906,1,1,3,2,27,6,3,1,1,0,0,0,0,8,E01016508,-1,0,0.04366,0.95634,-1,6,20,1,1,1,17:00,4,1,9
202354C193723,2023,54C193723,1,2,3,2,74,10,2,4,1,0,0,0,0,8,E01015514,-1,0,1.0,0.0,-1,1,30,1,1,1,13:00,6,1,9
2023622400031,2023,622400031,1,1,3,1,3,1,3,1,2,0,0,0,0,7,W01001889,-1,0,0.04697,0.95303,-1,6,20,2,1,2,08:55,2,1,9
2023161291487,2023,161291487,1,3,2,1,17,4,3,0,0,2,0,0,9,10,E01013114,3,1,0.0,1.0,-1,6,60,1,6,2,21:20,3,1,9
2023421312100,2023,421312100,1,1,1,1,31,6,3,0,0,0,0,0,9,6,E01021398,3,1,0.0,1.0,-1,6,60,1,1,1,10:58,7,2,9
2023010470902,2023,010470902,1,3,2,2,60,9,3,0,0,0,4,0,11,4,E01028252,-1,0,0.0,1.0,-1,3,70,1,1,1,10:20,2,2,11
2023451349953,2023,451349953,2,1,1,1,25,5,3,0,0,0,0,0,3,3,E01030578,3,1,0.0,1.0,-1,6,30,1,1,1,16:50,4,2,3
2023041262522,2023,041262522,2,1,1,1,35,6,3,0,0,0,0,0,5,8,E01024978,3,1,0.0,1.0,-1,6,40,1,4,2,17:25,4,2,5
2023010481108,2023,010481108,1,1,3,1,22,5,3,6,9,0,0,0,0,2,E01003176,-1,0,0.0,1.0,-1,9,20,1,1,1,11:30,2,1,9
2023052400385,2023,052400385,2,1,1,2,28,6,3,0,0,0,0,0,9,1,E01007011,-1,0,0.07377,0.92623,-1,3,40,1,4,1,02:10,7,2,9
2023141334182,2023,141334182,1,1,2,2,28,6,2,0,0,1,0,0,9,7,E01007692,6,1,1.0,0.0,-1,6,30,1,4,1,00:29,6,1,9
2023471329838,2023,471329838,1,1,2,2,46,8,3,0,0,1,0,0,9,7,E01031781,3,1,0.0,1.0,-1,6,40,4,4,1,23:20,7,3,9
2023440215264,2023,440215264,1,1,1,2,36,7,2,0,0,0,0,0,1,3,E01023142,-1,0,1.0,0.0,-1,6,30,1,1,1,17:00,6,2,1
2023070193618,2023,070193618,2,1,1,1,26,6,2,0,0,0,0,0,3,8,E01018434,-1,0,1.0,0.0,-1,6,30,1,4,2,20:15,2,2,3
2023010445000,2023,010445000,3,3,1,1,41,7,3,0,0,0,0,0,9,2,E01016018,-1,0,0.0,1.0,-1,6,30,1,1,1,11:40,5,3,9
2023010451062,2023,010451062,1,1,1,1,46,8,3,0,0,0,0,0,9,7,E01030707,-1,0,0.0,1.0,-1,1,30,1,1,1,15:23,6,1,9
2023991313969,2023,991313969,2,1,1,1,53,8,3,0,0,0,0,0,5,7,-1,3,1,0.0,1.0,-1,6,60,1,1,1,18:40,5,2,5
2023010472009,2023,010472009,1,2,2,-1,-1,-1,3,0,0,2,0,0,8,-1,-1,-1,0,0.0,1.0,-1,3,20,8,4,1,20:12,7,2,8
2023991271683,2023,991271683,1,1,3,2,64,9,1,1,3,0,0,0,0,-1,-1,1,1,0.0,0.0,-1,6,30,5,4,2,20:15,5,1,9
2023010441450,2023,010441450,1,1,1,1,18,4,3,0,0,0,0,0,9,2,E01003832,-1,0,0.0,1.0,-1,3,20,1,1,1,21:45,5,1,9
2023471292960,2023,471292960,2,3,2,2,56,9,3,0,0,1,0,0,9,10,E01031760,3,1,0.0,1.0,-1,6,40,1,1,2,14:45,1,2,9
2023471299429,2023,471299429,2,3,1,1,17,4,3,0,0,0,0,0,9,7,E01031508,3,1,0.0,1.0,-1,6,60,1,6,2,00:10,6,2,9
2023231298198,2023,231298198,2,1,1,2,50,8,3,0,0,0,0,0,19,3,E01031332,3,1,0.0,1.0,-1,6,50,1,1,1,12:00,5,2,19
2023010429002,2023,010429002,1,1,3,2,5,1,3,1,3,0,0,0,0,-1,-1,-1,0,0.0,1.0,-1,2,20,1,1,1,16:30,4,1,9
2023041284605,2023,041284605,1,1,3,1,8,2,3,5,1,0,0,0,0,5,E01012645,3,1,0.0,1.0,-1,6,20,3,1,3,15:07,4,1,19
2023340NN2532,2023,340NN2532,1,1,3,1,3,1,2,8,7,0,0,0,0,-1,-1,-1,0,1.0,0.0,-1,6,30,1,1,1,14:07,1,1,9
2023351417163,2023,351417163,2,1,1,2,32,6,2,0,0,0,0,0,1,8,E01018203,7,1,1.0,0.0,-1,1,40,2,1,2,07:15,3,2,1
2023141342063,2023,141342063,1,2,1,2,46,8,3,0,0,0,0,0,9,-1,-1,3,1,0.0,1.0,-1,6,30,1,1,1,16:10,3,2,9
2023201389327,2023,201389327,2,3,2,1,31,6,3,0,0,1,0,0,9,1,E01009271,3,1,0.0,1.0,-1,1,70,1,1,1,12:24,1,2,9
2023361269949,2023,361269949,1,1,3,2,12,3,3,6,8,0,0,0,0,6,E01026446,3,1,0.0,1.0,-1,6,30,1,1,2,07:30,6,1,19
2023010459798,2023,010459798,1,1,1,1,23,5,3,0,0,0,0,0,3,5,E01002143,-1,0,0.0,1.0,-1,2,30,1,1,1,14:36,4,2,3
2023421364572,2023,421364572,2,1,1,1,24,5,2,0,0,0,0,0,3,8,E01021737,6,1,1.0,0.0,-1,6,30,1,4,2,06:35,5,3,3
2023421359922,2023,421359922,2,2,1,1,73,10,2,0,0,0,0,0,9,4,-1,5,1,1.0,0.0,-1,6,60,1,1,1,15:30,5,2,9
2023430256800,2023,430256800,1,1,3,1,29,6,3,5,1,0,0,0,0,4,E01017905,-1,0,0.18273,0.81727,-1,6,30,1,1,1,20:17,1,1,9
2023201339221,2023,201339221,2,2,2,1,60,9,3,0,0,1,0,0,9,7,E01008967,3,1,0.0,1.0,-1,6,30,1,1,1,12:52,7,3,9
2023401293967,2023,401293967,2,2,2,2,21,5,3,0,0,-1,0,0,9,8,E01017488,3,1,0.0,1.0,-1,7,30,1,1,2,11:40,1,2,9
2023010434689,2023,010434689,1,1,3,1,12,3,3,1,3,0,0,0,0,2,E01000100,-1,0,0.0,1.0,-1,6,30,1,1,1,15:15,3,1,97
2023052302108,2023,052302108,1,1,3,2,0,1,3,5,9,0,0,0,0,1,E01006605,-1,0,0.10702,0.89298,-1,3,40,1,1,1,08:10,4,1,9
2023010476534,2023,010476534,2,2,1,1,-1,-1,3,0,0,0,0,0,1,3,E01000586,-1,0,0.0,1.0,-1,6,30,1,1,1,12:54,7,2,1
2023430355325,2023,430355325,1,1,1,1,22,5,3,0,0,0,0,0,3,7,E01017851,-1,0,0.06346,0.93654,-1,6,30,1,1,1,14:20,4,2,3
2023010477774,2023,010477774,1,1,1,2,23,5,3,0,0,0,0,0,9,8,E01001614,-1,0,0.0,1.0,-1,6,30,1,4,2,19:04,2,3,9
2023371391309,2023,371391309,1,1,1,1,52,8,3,0,0,0,0,0,9,8,E01030111,3,1,0.0,1.0,-1,6,30,7,4,1,05:49,6,2,9
2023440416126,2023,440416126,1,1,1,2,44,7,3,0,0,0,0,0,9,5,E01023201,-1,0,0.01681,0.98319,-1,3,30,1,1,1,16:55,3,2,9
2023501367230,2023,501367230,2,1,1,1,23,5,3,0,0,0,0,0,9,10,E01022395,3,1,0.0,1.0,-1,6,30,1,1,1,14:00,2,2,9
2023010457160,2023,010457160,1,1,1,1,38,7,3,0,0,0,0,0,3,5,E01003142,-1,0,0.0,1.0,-1,9,20,9,1,9,12:00,3,2,3
2023010467600,2023,010467600,2,1,1,1,48,8,3,0,0,0,0,0,4,2,E01002906,-1,0,0.0,1.0,-1,6,20,1,1,1,12:25,6,2,4
2023141277311,2023,141277311,1,1,3,1,25,5,3,10,9,0,0,0,0,8,E01007712,3,1,0.0,1.0,-1,6,30,1,4,1,18:27,5,1,9
2023061317405,2023,061317405,1,1,1,1,46,8,2,0,0,0,0,0,3,4,E01005286,7,1,1.0,0.0,-1,3,30,1,1,1,15:55,7,2,3
2023010484329,2023,010484329,1,1,1,1,37,7,3,0,0,0,0,0,9,1,E01001429,-1,0,0.0,1.0,-1,9,20,1,1,1,14:33,6,2,9
2023070364162,2023,070364162,2,2,1,2,62,9,3,0,0,0,0,0,9,1,E01005032,-1,0,0.03197,0.96803,-1,3,70,2,1,2,13:07,1,3,9
2023010455875,2023,010455875,1,1,1,1,29,6,3,0,0,0,0,0,9,2,E01003993,-1,0,0.0,1.0,-1,3,20,1,4,1,23:40,7,2,9
2023430424823,2023,430424823,1,1,1,1,53,8,2,0,0,0,0,0,9,8,E01028607,-1,0,1.0,0.0,-1,6,50,1,6,2,19:32,5,3,9
2023451377711,2023,451377711,1,1,1,1,27,6,3,0,0,0,0,0,9,3,E01000403,3,1,0.0,1.0,-1,6,40,2,6,2,21:40,5,1,9
2023991392248,2023,991392248,1,1,2,1,59,9,2,0,0,1,0,0,9,5,-1,6,1,1.0,0.0,-1,6,60,3,1,3,10:50,7,2,9
2023010469221,2023,010469221,1,1,2,1,56,9,3,0,0,0,4,0,11,2,E01003176,-1,0,0.0,1.0,-1,6,30,1,1,1,18:00,7,1,11
2023101310775,2023,101310775,1,1,1,1,27,6,2,0,0,0,0,0,23,1,E01008332,6,1,1.0,0.0,-1,6,30,1,4,1,17:00,6,2,23
2023101353578,2023,101353578,1,1,3,1,12,3,3,5,1,0,0,0,0,-1,-1,3,1,0.0,1.0,-1,6,20,1,1,2,15:00,6,1,9
2023201389322,2023,201389322,1,1,3,1,51,8,3,6,9,0,0,2,0,6,E01009041,3,1,0.0,1.0,-1,3,30,1,1,1,12:40,3,1,9
2023311272049,2023,311272049,1,1,3,1,67,10,1,5,1,0,0,0,0,-1,-1,1,1,0.0,0.0,-1,3,40,1,1,1,11:30,2,1,11
2023010456664,2023,010456664,2,1,1,2,22,5,3,0,0,0,0,0,3,5,E01002221,-1,0,0.0,1.0,-1,6,20,2,1,2,15:13,7,2,3
2023010468310,2023,010468310,1,1,1,-1,36,7,3,0,0,0,0,0,3,8,E01000669,-1,0,0.0,1.0,-1,6,20,9,4,9,14:30,2,2,3
2023101298270,2023,101298270,3,2,2,2,1,1,3,0,0,2,0,0,9,-1,-1,3,1,0.0,1.0,-1,3,40,1,1,1,11:45,3,3,9
2023461300337,2023,461300337,1,1,3,1,13,3,3,5,2,0,0,2,0,4,E01024541,3,1,0.0,1.0,-1,6,50,2,1,2,15:55,5,1,9
2023221325633,2023,221325633,2,1,1,1,4,1,3,0,0,0,0,0,1,4,E01014166,3,1,0.0,1.0,-1,6,30,1,1,1,15:39,2,2,1
2023461299632,2023,461299632,1,1,1,1,68,10,3,0,0,0,0,0,5,9,E01000440,3,1,0.0,1.0,-1,3,70,1,1,1,16:12,1,2,5
2023141361911,2023,141361911,1,1,1,1,38,7,3,0,0,0,0,0,9,2,E01007531,3,1,0.0,1.0,-1,3,70,1,6,1,06:38,5,3,9
2023221308223,2023,221308223,2,5,2,1,16,4,3,0,0,2,0,0,9,5,E01028858,3,1,0.0,1.0,-1,6,50,1,6,1,22:15,4,2,9
2023371371091,2023,371371091,2,1,1,1,67,10,2,0,0,0,0,0,9,7,E01017994,6,1,1.0,0.0,-1,3,70,1,1,1,12:40,1,6,9
2023991305895,2023,991305895,2,1,1,2,59,9,3,0,0,0,0,0,9,4,-1,3,1,0.0,1.0,-1,6,30,1,1,2,16:00,7,2,9
2023991378174,2023,991378174,3,1,2,1,-1,-1,3,0,0,1,0,0,9,-1,-1,3,1,0.0,1.0,-1,3,70,1,1,1,12:26,6,5,9
2023552301377,2023,552301377,2,1,1,1,66,10,3,0,0,0,0,0,1,8,E01020477,-1,0,0.12065,0.87935,-1,6,30,1,1,1,07:40,7,2,1
202360A185197,2023,60A185197,1,1,1,1,64,9,2,0,0,0,0,0,5,-1,-1,-1,0,1.0,0.0,-1,6,60,1,1,2,15:05,4,1,5
2023221372522,2023,221372522,1,1,3,2,5,1,2,1,3,0,0,0,0,1,E01014108,6,1,1.0,0.0,-1,6,30,1,1,1,15:32,4,1,9
2023010486413,2023,010486413,1,1,1,1,53,8,3,0,0,0,0,0,9,3,E01004421,-1,0,0.0,1.0,-1,6,20,2,4,2,21:40,5,3,9
2023122300644,2023,122300644,1,1,1,2,47,8,3,0,0,0,0,0,9,9,E01027894,-1,0,0.02576,0.97424,-1,6,30,1,1,1,16:53,3,2,9
2023052302076,2023,052302076,2,1,1,1,28,6,2,0,0,0,0,0,9,2,E01007130,-1,0,1.0,0.0,-1,6,20,1,1,1,17:48,1,3,9
2023471314820,2023,471314820,1,2,2,2,52,8,3,0,0,1,0,0,9,5,E01021116,3,1,0.0,1.0,-1,6,30,1,6,1,21:40,1,2,9
2023010438512,2023,010438512,2,1,1,1,46,8,3,0,0,0,0,0,-1,5,E01000070,-1,0,0.0,1.0,-1,1,30,1,1,1,19:29,5,2,-1
2023010439852,2023,010439852,1,1,1,1,17,4,3,0,0,0,0,0,9,-1,-1,-1,0,0.0,1.0,-1,6,30,2,1,2,17:10,5,2,9
2023010441514,2023,010441514,1,1,1,2,53,8,3,0,0,0,0,0,9,9,E01004632,-1,0,0.0,1.0,-1,6,20,1,1,1,17:05,5,2,9
2023061329245,2023,061329245,2,1,1,2,76,11,2,0,0,0,0,0,9,4,E01005499,6,1,1.0,0.0,-1,6,30,1,1,1,11:25,4,2,9
2023332300732,2023,332300732,2,1,1,2,20,4,2,0,0,0,0,0,9,8,E01025663,-1,0,1.0,0.0,-1,3,50,1,1,1,17:30,1,2,9
202360A137287,2023,60A137287,1,1,1,1,24,5,3,0,0,0,0,0,9,-1,-1,-1,0,0.12745,0.87255,-1,6,60,1,6,2,21:05,7,2,9
2023010438900,2023,010438900,1,1,3,2,21,5,3,5,3,0,0,0,0,3,E01002562,-1,0,0.0,1.0,-1,3,20,2,4,2,01:50,1,1,8
2023010453752,2023,010453752,1,1,3,1,19,4,3,5,3,0,0,0,0,4,E01001233,-1,0,0.0,1.0,-1,6,20,1,4,1,01:00,6,1,9
2023131319231,2023,131319231,2,1,1,1,51,8,3,0,0,0,0,0,1,1,E01011107,3,1,0.0,1.0,-1,2,30,1,1,1,14:40,5,2,1
2023010431856,2023,010431856,1,2,2,1,25,5,3,0,0,1,0,0,9,6,E01002336,-1,0,0.0,1.0,-1,3,40,8,4,2,23:42,1,1,9
2023231305023,2023,231305023,2,1,1,1,33,6,3,0,0,0,0,0,9,3,E01031080,3,1,0.0,1.0,-1,6,30,1,1,2,10:44,6,2,9
202360A126449,2023,60A126449,1,1,1,2,14,3,2,0,0,0,0,0,1,-1,-1,-1,0,1.0,0.0,-1,6,60,1,1,1,17:24,4,2,1
2023010461185,2023,010461185,1,1,1,2,52,8,3,0,0,0,0,0,9,2,E01003576,-1,0,0.0,1.0,-1,6,30,2,1,9,12:17,6,1,9
2023991379666,2023,991379666,1,1,1,1,26,6,2,0,0,0,0,0,3,8,-1,6,1,1.0,0.0,-1,6,60,2,6,2,18:02,2,1,3
2023010419447,2023,010419447,2,1,1,1,18,4,2,0,0,0,0,0,9,3,E01003564,-1,0,1.0,0.0,-1,1,30,8,1,2,12:49,3,2,9
2023161381813,2023,161381813,2,2,2,2,8,2,3,0,0,1,0,0,9,2,E01012826,3,1,0.0,1.0,-1,6,30,1,4,2,18:00,7,2,9
2023401366468,2023,401366468,2,2,2,1,16,4,3,0,0,1,0,0,9,7,E01017451,3,1,0.0,1.0,-1,6,40,2,1,2,07:50,6,2,9
2023461277354,2023,461277354,1,1,1,2,55,8,3,0,0,0,0,0,9,1,E01024581,3,1,0.0,1.0,-1,6,30,1,1,1,11:32,7,2,9
2023520301575,2023,520301575,1,1,1,2,64,9,3,0,0,0,0,0,9,7,E01029018,-1,0,0.05445,0.94555,-1,6,40,1,1,1,16:25,6,2,9
2023320506957,2023,320506957,1,1,1,1,30,6,3,0,0,0,0,0,3,4,E01026230,-1,0,0.09057,0.90943,-1,6,30,1,1,1,16:55,3,3,3
2023101374186,2023,101374186,1,1,3,1,42,7,3,4,2,0,0,0,0,7,E01008320,3,1,0.0,1.0,-1,6,30,1,4,2,22:40,2,2,9
2023010419407,2023,010419407,1,1,1,1,20,4,3,0,0,0,0,0,3,1,E01000939,-1,0,0.0,1.0,-1,6,20,1,4,1,23:49,2,1,3
2023211311591,2023,211311591,2,1,1,1,25,5,2,0,0,0,0,0,9,-1,-1,6,1,1.0,0.0,-1,6,60,1,1,1,12:01,3,2,9
2023440043692,2023,440043692,1,1,1,1,36,7,3,0,0,0,0,0,9,9,E01022837,-1,0,0.04937,0.95063,-1,6,20,1,4,1,17:30,4,2,9
2023131354547,2023,131354547,1,1,3,1,65,9,3,10,5,0,0,2,0,3,E01010600,3,1,0.0,1.0,-1,6,30,1,1,1,16:52,4,2,9
2023401337182,2023,401337182,2,2,2,2,19,4,3,0,0,1,0,0,9,9,E01003005,3,1,0.0,1.0,-1,3,70,1,5,1,17:39,2,2,9
2023440451697,2023,440451697,1,1,1,1,44,7,3,0,0,0,0,0,9,5,E01017027,-1,0,0.09945,0.90055,-1,6,40,2,4,2,20:12,7,2,9
2023622300645,2023,622300645,2,3,2,2,27,6,3,0,0,1,0,0,9,2,W01001805,-1,0,0.03747,0.96253,-1,6,30,1,4,1,01:25,5,2,9
2023010425970,2023,010425970,1,1,1,1,20,4,2,0,0,0,0,0,2,3,E01003588,-1,0,1.0,0.0,-1,3,20,1,4,2,23:12,3,2,2
2023041305586,2023,041305586,2,1,1,2,56,9,3,0,0,0,0,0,9,10,E01025410,3,1,0.0,1.0,-1,6,30,1,1,1,11:30,3,3,9
2023332300674,2023,332300674,1,1,3,2,25,5,2,1,3,0,0,0,0,3,E01013697,-1,0,1.0,0.0,-1,6,30,2,4,2,22:15,7,1,9
2023201296554,2023,201296554,2,2,1,1,24,5,3,0,0,0,0,0,9,2,E01008881,3,1,0.0,1.0,-1,3,30,1,4,1,20:14,7,2,9
2023461325844,2023,461325844,1,1,1,1,20,4,3,0,0,0,0,0,9,6,E01016306,3,1,0.0,1.0,-1,3,40,1,1,1,12:23,4,1,9
2023501324619,2023,501324619,1,1,1,2,18,4,3,0,0,0,0,0,9,4,E01018969,3,1,0.0,1.0,-1,6,60,2,6,2,01:50,7,1,9
2023311372910,2023,311372910,1,1,1,1,18,4,3,0,0,0,0,0,90,-1,-1,3,1,0.0,1.0,-1,6,30,1,1,1,09:11,6,2,90
2023010483539,2023,010483539,1,1,3,1,36,7,3,1,3,0,0,0,0,5,E01001556,-1,0,0.0,1.0,-1,3,40,1,1,1,12:28,3,1,9
2023010451857,2023,010451857,2,1,1,1,53,8,3,0,0,0,0,0,9,3,E01002728,-1,0,0.0,1.0,-1,6,20,1,1,1,19:14,3,2,9
2023211374235,2023,211374235,2,1,1,2,30,6,3,0,0,0,0,0,9,5,E01014178,3,1,0.0,1.0,-1,6,60,2,6,2,06:00,6,2,9
2023991375912,2023,991375912,2,2,2,2,17,4,3,0,0,1,0,0,9,6,-1,3,1,0.0,1.0,-1,3,70,2,1,2,13:10,3,2,9
2023010445160,2023,010445160,1,1,2,2,-1,-1,3,0,0,0,4,0,11,-1,-1,-1,0,0.0,1.0,-1,1,30,9,1,1,12:23,6,1,11
2023061325967,2023,061325967,2,1,1,1,48,8,3,0,0,0,0,0,9,5,E01005990,3,1,0.0,1.0,-1,6,30,1,1,1,13:12,7,2,9
2023991380555,2023,991380555,1,3,1,1,17,4,3,0,0,0,0,0,9,9,-1,3,1,0.0,1.0,-1,6,60,1,1,2,14:59,4,2,9