collision_index,collision_year,collision_ref_no,vehicle_reference,casualty_reference,casualty_class,sex_of_casualty,age_of_casualty,age_band_of_casualty,casualty_severity,pedestrian_location,pedestrian_movement,car_passenger,bus_or_coach_passenger,pedestrian_road_maintenance_worker,casualty_type,casualty_imd_decile,lsoa_of_casualty,enhanced_casualty_severity,casualty_injury_based,casualty_adjusted_severity_serious,casualty_adjusted_severity_slight,casualty_distance_banding,road_type,speed_limit,weather_conditions,light_conditions,road_surface_conditions,time,day_of_week,number_of_vehicles,vehicle_type
2023430495218,2023,430495218,3,2,1,2,72,10,2,0,0,0,0,0,9,4,E01017926,-1,0,1.0,0.0,-1,6,40,1,4,2,16:19,6,3,9
2023340WN2562,2023,340WN2562,2,1,1,1,64,9,3,0,0,0,0,0,1,10,E01027165,-1,0,0.21263,0.78737,-1,6,40,1,1,1,10:25,7,2,1
2023501365348,2023,501365348,1,1,3,1,21,5,3,9,5,0,0,0,0,-1,-1,3,1,0.0,1.0,-1,2,30,1,4,1,03:18,2,1,9
202360A032782,2023,60A032782,2,1,3,1,33,6,2,9,8,0,0,0,0,-1,-1,-1,0,1.0,0.0,-1,6,60,2,4,2,20:20,1,5,3
2023201311734,2023,201311734,2,1,1,1,47,8,2,0,0,0,0,0,1,4,E01009970,6,1,1.0,0.0,-1,6,30,1,4,1,04:30,2,2,1
2023545101823,2023,545101823,2,1,1,1,13,3,3,0,0,0,0,0,1,9,E01015471,-1,0,0.04789,0.95211,-1,6,30,9,1,1,07:45,3,2,1
2023010461782,2023,010461782,4,2,1,1,61,9,3,0,0,0,0,0,9,7,E01001343,-1,0,0.0,1.0,-1,6,30,1,1,1,20:35,2,6,9
2023201314941,2023,201314941,2,2,1,1,31,6,3,0,0,0,0,0,9,2,E01033629,3,1,0.0,1.0,-1,6,30,1,1,1,17:15,6,2,9
2023411290746,2023,411290746,2,1,1,1,53,8,3,0,0,0,0,0,9,10,E01023628,3,1,0.0,1.0,-1,6,30,2,7,2,20:30,4,2,9
2023552400230,2023,552400230,2,2,2,1,32,6,3,0,0,1,0,0,9,7,E01020405,-1,0,0.0201,0.9799,-1,3,70,1,4,2,20:11,4,2,9
2023361329603,2023,361329603,2,2,1,1,41,7,3,0,0,0,0,0,21,8,E01030015,3,1,0.0,1.0,-1,6,60,1,1,1,10:01,2,2,21
2023070441338,2023,070441338,1,1,1,1,31,6,3,0,0,0,0,0,4,3,E01012522,-1,0,0.12528,0.87472,-1,6,30,1,1,1,07:50,4,2,4
2023201415191,2023,201415191,1,1,3,1,-1,-1,3,5,1,0,0,2,0,-1,-1,3,1,0.0,1.0,-1,6,30,1,1,1,08:29,6,1,9
2023211274024,2023,211274024,1,1,3,2,29,6,3,1,3,0,0,0,0,-1,-1,3,1,0.0,1.0,-1,3,30,1,1,2,07:00,3,1,9
2023010483149,2023,010483149,1,1,3,2,39,7,2,8,5,0,0,0,0,4,E01002444,-1,0,1.0,0.0,-1,6,20,9,7,9,18:55,4,1,9
2023101389425,2023,101389425,1,1,1,2,28,6,3,0,0,0,0,0,9,4,E01008510,3,1,0.0,1.0,-1,1,30,1,4,1,19:59,1,2,9
2023141293384,2023,141293384,1,1,1,2,53,8,3,0,0,0,0,0,9,4,E01007675,3,1,0.0,1.0,-1,6,40,1,1,1,18:33,2,3,9
2023522300666,2023,522300666,1,1,1,1,34,6,3,0,0,0,0,0,9,4,W01001610,-1,0,0.05017,0.94983,-1,6,40,1,1,1,14:10,6,2,9
2023221348958,2023,221348958,1,1,3,2,47,8,2,6,9,0,0,0,0,6,E01032288,7,1,1.0,0.0,-1,6,30,1,4,1,00:36,7,1,9
2023351290736,2023,351290736,1,1,3,1,41,7,3,6,9,0,0,0,0,5,E01017997,3,1,0.0,1.0,-1,6,30,1,1,1,15:30,3,1,-1
2023101266143,2023,101266143,2,1,1,1,32,6,3,0,0,0,0,0,3,2,E01008301,3,1,0.0,1.0,-1,7,50,1,4,1,22:11,5,2,3
2023471354583,2023,471354583,1,1,1,2,68,10,2,0,0,0,0,0,9,5,E01031600,5,1,1.0,0.0,-1,6,30,2,4,2,19:59,4,2,9
2023622300280,2023,622300280,2,4,2,2,53,8,2,0,0,1,0,0,9,4,W01001233,-1,0,1.0,0.0,-1,1,50,1,1,1,07:40,3,3,9
2023010447220,2023,010447220,1,1,1,1,26,6,3,0,0,0,0,0,9,2,E01001830,-1,0,0.0,1.0,-1,6,20,1,4,1,22:36,2,1,9
2023421271854,2023,421271854,2,1,1,1,34,6,3,0,0,0,0,0,9,1,E01021323,3,1,0.0,1.0,-1,7,50,1,4,2,01:43,5,2,9
2023131328057,2023,131328057,1,1,1,1,40,7,3,0,0,0,0,0,1,5,E01011902,3,1,0.0,1.0,-1,6,30,2,1,2,07:10,3,2,1
2023052301597,2023,052301597,1,2,2,2,19,4,3,0,0,2,0,0,8,-1,-1,-1,0,0.00835,0.99165,-1,6,30,1,1,1,13:15,2,2,8
2023061371591,2023,061371591,2,2,1,2,30,6,3,0,0,0,0,0,9,9,E01019767,3,1,0.0,1.0,-1,6,30,1,1,-1,14:26,6,2,9
2023991268062,2023,991268062,2,1,2,2,69,10,2,0,0,0,4,0,11,8,-1,7,1,1.0,0.0,-1,3,50,1,4,1,18:15,4,3,11
2023141380893,2023,141380893,1,1,1,2,63,9,2,0,0,0,0,0,9,3,E01007550,6,1,1.0,0.0,-1,6,60,1,1,4,09:51,5,1,9
2023371298650,2023,371298650,1,1,1,1,22,5,3,0,0,0,0,0,9,3,E01002079,3,1,0.0,1.0,-1,3,70,1,6,1,03:04,5,1,9
2023991379920,2023,991379920,3,2,1,2,47,8,3,0,0,0,0,0,9,8,-1,3,1,0.0,1.0,-1,6,60,1,6,1,21:14,6,3,9
2023461322599,2023,461322599,1,2,2,2,16,4,3,0,0,0,0,0,3,-1,-1,3,1,0.0,1.0,-1,6,30,1,1,1,13:09,7,3,3
2023122300175,2023,122300175,2,1,3,1,15,3,2,6,9,0,0,0,0,10,E01027716,-1,0,1.0,0.0,-1,9,30,1,1,1,08:46,5,3,9
2023131290265,2023,131290265,2,1,3,1,53,8,3,6,5,0,0,2,0,-1,-1,3,1,0.0,1.0,-1,6,30,1,1,1,15:50,6,2,8
2023010462650,2023,010462650,2,2,2,-1,-1,-1,3,0,0,2,0,0,8,-1,-1,-1,0,0.0,1.0,-1,6,30,1,1,1,15:45,7,2,8
2023471334339,2023,471334339,2,1,1,1,18,4,3,0,0,0,0,0,9,7,E01021022,3,1,0.0,1.0,-1,1,50,2,1,2,10:33,2,2,9
2023991309592,2023,991309592,2,2,1,1,56,9,3,0,0,0,0,0,9,-1,-1,3,1,0.0,1.0,-1,6,60,1,1,1,14:20,7,2,9
2023991383606,2023,991383606,1,1,1,1,20,4,3,0,0,0,0,0,9,7,-1,3,1,0.0,1.0,-1,6,30,1,4,2,15:45,4,2,9
2023161296448,2023,161296448,2,2,1,1,60,9,3,0,0,0,0,0,9,3,E01013245,3,1,0.0,1.0,-1,1,60,1,1,1,14:21,6,2,9
2023201373804,2023,201373804,2,4,2,2,38,7,3,0,0,2,0,0,9,4,E01010304,3,1,0.0,1.0,-1,6,30,1,1,1,16:09,1,2,9
2023201448225,2023,201448225,2,2,1,-1,28,6,3,0,0,0,0,0,9,-1,-1,3,1,0.0,1.0,-1,1,30,2,5,2,15:47,1,2,9
2023302300822,2023,302300822,1,1,1,1,59,9,3,0,0,0,0,0,9,6,E01019760,-1,0,0.07716,0.92284,-1,6,30,1,1,1,15:15,6,2,9
2023471369511,2023,471369511,1,1,1,1,13,3,3,0,0,0,0,0,1,6,E01031817,3,1,0.0,1.0,-1,6,30,1,1,2,15:33,4,2,1
2023340NN2522,2023,340NN2522,2,1,1,1,37,7,2,0,0,0,0,0,5,3,E01027081,-1,0,1.0,0.0,-1,6,60,1,1,1,17:30,6,3,5
2023340WN9072,2023,340WN9072,1,1,1,1,27,6,1,0,0,0,0,0,5,6,E01026986,-1,0,0.0,0.0,-1,6,40,1,1,1,06:20,2,1,5
2023041268012,2023,041268012,1,2,1,2,49,8,3,0,0,0,0,0,9,9,E01024970,3,1,0.0,1.0,-1,6,30,1,1,2,15:45,4,1,9
2023430191623,2023,430191623,2,2,2,2,34,6,3,0,0,1,0,0,9,2,E01016718,-1,0,0.01646,0.98354,-1,6,60,1,1,1,18:55,3,2,9
2023471296815,2023,471296815,1,1,1,1,61,9,3,0,0,0,0,0,9,8,E01030529,3,1,0.0,1.0,-1,6,50,2,6,2,18:55,6,1,9
2023010436038,2023,010436038,1,1,1,1,49,8,3,0,0,0,0,0,11,2,E01001796,-1,0,0.0,1.0,-1,6,30,1,1,1,15:08,4,1,11
2023161284205,2023,161284205,1,1,1,2,18,4,3,0,0,0,0,0,9,4,E01013271,3,1,0.0,1.0,-1,6,30,1,4,2,21:50,2,2,9
2023440238507,2023,440238507,1,1,1,1,15,3,3,0,0,0,0,0,1,9,E01022727,-1,0,0.1077,0.8923,-1,6,30,1,1,1,15:22,5,2,1
2023991332015,2023,991332015,1,1,1,1,67,10,1,0,0,0,0,0,5,2,-1,1,1,0.0,0.0,-1,6,60,1,1,1,16:13,6,1,5
2023010425306,2023,010425306,1,2,2,2,-1,-1,3,0,0,1,0,0,9,3,E01004203,-1,0,0.0,1.0,-1,3,30,1,1,1,12:55,7,2,9
2023430143839,2023,430143839,1,1,1,2,60,9,3,0,0,0,0,0,9,8,E01017670,-1,0,0.05267,0.94733,-1,1,30,1,1,1,18:14,7,4,9
2023061352462,2023,061352462,2,1,1,1,23,5,3,0,0,0,0,0,1,-1,-1,3,1,0.0,1.0,-1,6,30,1,1,1,04:25,2,2,1
2023010479819,2023,010479819,1,1,1,1,50,8,3,0,0,0,0,0,9,1,E01000939,-1,0,0.0,1.0,-1,6,20,2,4,2,22:05,5,3,9
2023522301263,2023,522301263,1,1,1,1,41,7,3,0,0,0,0,0,9,8,E01032680,-1,0,0.02113,0.97887,-1,6,30,1,1,1,10:56,3,2,9
2023991269506,2023,991269506,1,1,1,1,47,8,2,0,0,0,0,0,9,7,-1,6,1,1.0,0.0,-1,6,30,2,4,2,00:09,2,3,9
2023052302688,2023,052302688,2,1,1,2,63,9,3,0,0,0,0,0,9,5,E01006475,-1,0,0.04746,0.95254,-1,6,30,1,4,2,20:07,5,2,9
2023141315953,2023,141315953,1,1,1,1,45,7,3,0,0,0,0,0,9,4,E01011858,3,1,0.0,1.0,-1,6,60,1,1,1,11:08,4,2,9
2023211361583,2023,211361583,1,1,1,1,49,8,3,0,0,0,0,0,9,4,E01029811,3,1,0.0,1.0,-1,6,40,1,1,1,11:02,2,2,9
2023320165889,2023,320165889,1,1,1,1,52,8,3,0,0,0,0,0,9,6,E01016878,-1,0,0.10001,0.89999,-1,3,70,1,1,5,16:45,7,1,9
2023471287653,2023,471287653,1,4,1,1,16,4,3,0,0,0,0,0,9,2,E01020990,3,1,0.0,1.0,-1,6,50,1,1,1,14:23,5,5,9
202354D084723,2023,54D084723,1,1,2,2,56,9,3,0,0,2,0,0,9,6,E01030973,-1,0,0.06556,0.93444,-1,6,60,1,6,1,15:59,1,3,9
2023991311489,2023,991311489,1,1,1,2,75,10,2,0,0,0,0,0,9,-1,-1,5,1,1.0,0.0,-1,6,20,1,1,1,13:23,5,1,9
2023991365753,2023,991365753,2,3,1,2,63,9,2,0,0,0,0,0,9,-1,-1,6,1,1.0,0.0,-1,7,50,1,1,1,08:30,3,3,9
2023622300089,2023,622300089,2,2,1,1,24,5,3,0,0,0,0,0,1,1,W01001696,-1,0,0.07634,0.92366,-1,6,30,8,4,4,17:58,6,2,1
2023101296164,2023,101296164,1,1,3,1,36,7,3,5,3,0,0,0,0,7,E01008586,3,1,0.0,1.0,-1,6,30,1,1,1,09:00,5,1,9
2023131378792,2023,131378792,1,1,3,2,35,6,3,8,7,0,0,2,0,2,E01011859,3,1,0.0,1.0,-1,6,30,1,1,1,10:27,7,1,9
2023010466577,2023,010466577,1,1,1,2,32,6,3,0,0,0,0,0,1,3,E01001764,-1,0,0.0,1.0,-1,6,20,1,1,1,19:15,6,2,1
2023122400002,2023,122400002,1,1,2,1,6,2,3,0,0,2,0,0,9,6,E01013383,-1,0,0.01995,0.98005,-1,6,30,2,1,2,17:06,5,2,9
2023131330716,2023,131330716,2,2,2,1,42,7,3,0,0,1,0,0,9,2,E01011220,3,1,0.0,1.0,-1,6,30,1,1,2,15:25,2,2,9
2023340WN6502,2023,340WN6502,2,1,1,2,35,6,3,0,0,0,0,0,9,10,E01027272,-1,0,0.00872,0.99128,-1,6,30,1,1,1,09:10,4,2,9
2023522301373,2023,522301373,1,1,1,1,86,11,3,0,0,0,0,0,9,8,E01014766,-1,0,0.06249,0.93751,-1,6,20,1,1,1,12:52,3,2,9
2023101363801,2023,101363801,1,1,3,2,42,7,2,1,3,0,0,0,0,4,E01008413,7,1,1.0,0.0,-1,3,40,1,4,1,06:36,3,1,9
2023401394374,2023,401394374,1,1,3,1,-1,-1,3,10,9,0,0,0,0,9,E01017470,3,1,0.0,1.0,-1,6,20,1,1,1,12:00,5,1,-1
2023501355911,2023,501355911,1,1,3,1,56,9,3,10,9,0,0,0,0,1,E01015217,3,1,0.0,1.0,-1,6,30,1,1,1,11:00,3,1,19
2023061309564,2023,061309564,1,1,1,1,21,5,3,0,0,0,0,0,9,3,E01004872,3,1,0.0,1.0,-1,6,40,1,1,1,15:15,7,5,9
2023122300506,2023,122300506,1,1,3,1,21,5,2,5,1,0,0,0,0,6,E01027889,-1,0,1.0,0.0,-1,6,30,1,1,1,16:35,4,1,3
2023545582423,2023,545582423,1,2,1,1,39,7,3,0,0,0,0,0,5,2,E01015573,-1,0,0.05755,0.94245,-1,1,30,9,1,1,15:45,1,2,5
2023471339199,2023,471339199,1,1,1,2,21,5,1,0,0,0,0,0,9,7,E01021166,1,1,0.0,0.0,-1,6,50,1,4,1,23:46,2,1,9
2023544606723,2023,544606723,2,1,1,1,30,6,3,0,0,0,0,0,19,6,E01032030,-1,0,0.004,0.996,-1,6,30,9,1,1,16:00,3,2,19
2023610018423,2023,610018423,1,1,1,2,23,5,3,0,0,0,0,0,9,-1,-1,-1,0,0.04112,0.95888,-1,6,20,1,1,1,07:15,4,2,9
2023340NN0762,2023,340NN0762,2,1,1,2,65,9,2,0,0,0,0,0,1,5,E01027192,-1,0,1.0,0.0,-1,6,60,1,1,1,09:35,7,2,1
2023451360760,2023,451360760,2,1,1,2,34,6,3,0,0,0,0,0,1,10,E01030489,3,1,0.0,1.0,-1,6,30,1,1,1,13:30,1,2,1
2023010423297,2023,010423297,2,1,1,1,36,7,3,0,0,0,0,0,3,4,E01003077,-1,0,0.0,1.0,-1,6,20,1,1,1,14:15,3,2,3
2023010431065,2023,010431065,1,1,1,1,26,6,3,0,0,0,0,0,3,4,E01003685,-1,0,0.0,1.0,-1,1,20,1,1,1,10:16,4,2,3
2023622300827,2023,622300827,1,1,1,1,69,10,3,0,0,0,0,0,4,3,W01001145,-1,0,0.14014,0.85986,-1,6,20,1,1,1,12:50,6,2,4
2023041295047,2023,041295047,1,2,2,2,25,5,2,0,0,2,0,0,9,1,E01004869,6,1,1.0,0.0,-1,6,60,8,6,1,23:30,7,1,9
2023610040123,2023,610040123,2,1,2,2,10,2,3,0,0,2,0,0,9,8,W01001499,-1,0,0.04658,0.95342,-1,6,30,2,4,2,19:38,3,2,9
2023041285067,2023,041285067,1,1,3,2,13,3,2,5,3,0,0,0,0,8,E01025539,7,1,1.0,0.0,-1,6,30,3,5,2,15:20,5,1,9
2023302300143,2023,302300143,1,1,3,2,71,10,3,6,9,0,0,0,0,6,E01019873,-1,0,0.07623,0.92377,-1,6,30,9,1,2,14:30,5,1,11
2023461394834,2023,461394834,1,1,1,-1,-1,-1,3,0,0,0,0,0,1,4,E01024086,3,1,0.0,1.0,-1,6,30,1,1,1,12:26,5,2,1
2023010425439,2023,010425439,1,1,2,1,-1,-1,3,0,0,1,0,0,9,3,E01004656,-1,0,0.0,1.0,-1,3,40,1,4,1,20:00,7,2,9
2023371316236,2023,371316236,2,3,2,1,7,2,3,0,0,2,0,0,9,5,E01033446,3,1,0.0,1.0,-1,6,40,1,6,2,19:15,6,2,9
2023371375259,2023,371375259,1,1,1,1,18,4,3,0,0,0,0,0,9,-1,-1,3,1,0.0,1.0,-1,6,60,1,1,2,09:30,6,2,9
2023991355810,2023,991355810,2,1,1,2,26,6,2,0,0,0,0,0,9,6,-1,7,1,1.0,0.0,-1,6,60,1,1,1,10:45,6,3,9
2023071139101,2023,071139101,2,1,1,1,26,6,3,0,0,0,0,0,19,1,E01006778,-1,0,0.04378,0.95622,-1,6,60,1,6,1,17:30,3,2,19
2023520000952,2023,520000952,2,1,1,1,44,7,3,0,0,0,0,0,19,4,E01002603,-1,0,0.04598,0.95402,-1,6,60,1,1,2,12:28,5,2,19
2023010437916,2023,010437916,1,1,1,2,34,6,3,0,0,0,0,0,9,2,E01001557,-1,0,0.0,1.0,-1,3,40,1,1,1,18:45,2,2,9
2023101326835,2023,101326835,2,1,1,2,35,6,3,0,0,0,0,0,9,8,E01008801,3,1,0.0,1.0,-1,6,30,1,4,1,22:10,2,2,9
2023351297771,2023,351297771,2,1,1,2,56,9,3,0,0,0,0,0,9,8,E01013226,3,1,0.0,1.0,-1,6,60,1,1,1,09:30,4,2,9
2023430292410,2023,430292410,2,2,2,2,33,6,3,0,0,1,0,0,9,7,E01031508,-1,0,0.11917,0.88083,-1,6,60,1,1,1,19:13,1,2,9
2023332300997,2023,332300997,2,1,1,1,67,10,1,0,0,0,0,0,1,4,E01013733,-1,0,0.0,0.0,-1,7,50,1,4,1,18:56,2,2,1
2023421288709,2023,421288709,2,1,1,1,48,8,3,0,0,0,0,0,1,-1,-1,3,1,0.0,1.0,-1,7,70,1,1,1,14:09,2,2,1
2023522301117,2023,522301117,1,1,1,1,15,3,3,0,0,0,0,0,1,6,E01014614,-1,0,0.02874,0.97126,-1,3,30,1,1,1,20:30,6,2,1
2023010454000,2023,010454000,1,1,1,1,44,7,3,0,0,0,0,0,9,4,E01000323,-1,0,0.0,1.0,-1,6,30,8,1,1,17:38,7,2,9
2023010487425,2023,010487425,1,3,2,-1,-1,-1,3,0,0,2,0,0,9,6,E01003755,-1,0,0.0,1.0,-1,1,30,1,4,1,06:33,3,2,9
2023010486432,2023,010486432,2,1,1,1,30,6,3,0,0,0,0,0,9,-1,-1,-1,0,0.0,1.0,-1,3,20,1,4,2,06:03,6,2,9
2023441339789,2023,441339789,1,1,1,1,29,6,3,0,0,0,0,0,9,8,E01031535,3,1,0.0,1.0,-1,6,30,1,4,1,23:08,6,2,9
2023010438221,2023,010438221,1,1,2,2,45,7,3,0,0,0,4,0,11,5,E01001530,-1,0,0.0,1.0,-1,3,30,1,1,1,12:20,4,1,11
2023221325734,2023,221325734,1,1,1,1,20,4,3,0,0,0,0,0,9,9,E01014039,3,1,0.0,1.0,-1,1,60,1,4,1,23:18,5,2,9
2023201400129,2023,201400129,1,1,3,2,15,3,2,9,6,0,0,0,0,8,E01031042,6,1,1.0,0.0,-1,3,50,1,1,1,14:21,2,1,21
2023061359990,2023,061359990,2,1,1,1,-1,-1,3,0,0,0,0,0,1,-1,-1,3,1,0.0,1.0,-1,3,30,1,5,2,00:50,6,2,1
2023991344659,2023,991344659,1,1,1,1,39,7,3,0,0,0,0,0,3,10,-1,3,1,0.0,1.0,-1,3,40,2,1,2,09:37,3,1,3
2023131375918,2023,131375918,1,5,2,1,17,4,3,0,0,2,0,0,9,9,E01010706,3,1,0.0,1.0,-1,6,20,1,4,2,22:19,6,3,9
2023141357952,2023,141357952,1,2,2,2,35,6,3,0,0,1,0,0,9,5,E01007757,3,1,0.0,1.0,-1,7,50,1,1,1,17:00,6,2,9
2023010473622,2023,010473622,1,1,1,2,56,9,3,0,0,0,0,0,9,1,E01001052,-1,0,0.0,1.0,-1,6,30,1,1,1,08:23,6,2,9
2023302300337,2023,302300337,1,1,3,1,28,6,3,9,8,0,0,0,0,3,E01009220,-1,0,0.11804,0.88196,-1,6,60,9,1,1,16:45,6,1,9
2023010438970,2023,010438970,1,1,1,1,58,9,3,0,0,0,0,0,9,6,E01001619,-1,0,0.0,1.0,-1,6,20,1,1,2,16:00,1,3,9
2023041389849,2023,041389849,2,1,1,1,64,9,3,0,0,0,0,0,9,9,E01004884,3,1,0.0,1.0,-1,6,30,2,1,2,14:20,2,2,9
2023302300222,2023,302300222,1,1,1,1,81,11,3,0,0,0,0,0,9,4,E01013493,-1,0,0.18363,0.81637,-1,3,70,1,1,1,16:50,2,2,9
2023340WN0252,2023,340WN0252,1,1,1,2,18,4,2,0,0,0,0,0,9,8,E01027273,-1,0,1.0,0.0,-1,3,50,1,4,1,18:55,2,3,9
2023421350912,2023,421350912,1,2,2,2,30,6,3,0,0,1,0,0,9,6,E01025444,3,1,0.0,1.0,-1,3,70,1,1,1,10:35,1,3,9
2023471290934,2023,471290934,2,1,1,2,51,8,3,0,0,0,0,0,9,4,E01031546,3,1,0.0,1.0,-1,9,40,1,4,1,18:40,6,2,9
2023010462565,2023,010462565,2,3,2,2,32,6,3,0,0,1,0,0,9,1,E01003515,-1,0,0.0,1.0,-1,3,30,1,1,2,19:03,7,2,9
2023010485295,2023,010485295,2,1,1,1,34,6,3,0,0,0,0,0,9,4,E01000439,-1,0,0.0,1.0,-1,3,70,4,6,1,07:20,5,2,9
2023161317828,2023,161317828,1,3,2,2,41,7,2,0,0,1,0,0,9,3,E01013238,7,1,1.0,0.0,-1,7,70,1,1,1,12:50,1,2,9
2023461335847,2023,461335847,2,1,1,2,31,6,3,0,0,0,0,0,9,3,E01016022,3,1,0.0,1.0,-1,6,30,1,1,1,08:32,3,2,9
202360A019999,2023,60A019999,2,2,1,1,21,5,2,0,0,0,0,0,9,-1,-1,-1,0,1.0,0.0,-1,6,60,1,6,2,06:45,6,2,9
2023991313595,2023,991313595,2,2,2,2,22,5,3,0,0,1,0,0,9,1,-1,3,1,0.0,1.0,-1,6,60,9,1,1,18:30,5,2,9
2023161297570,2023,161297570,1,1,1,1,46,8,3,0,0,0,0,0,1,1,E01012836,3,1,0.0,1.0,-1,6,30,1,1,1,16:50,2,2,1
2023010433208,2023,010433208,1,1,1,1,20,4,3,0,0,0,0,0,3,9,E01016735,-1,0,0.0,1.0,-1,2,20,8,1,1,13:10,2,2,3
2023201298871,2023,201298871,2,1,1,1,45,7,3,0,0,0,0,0,8,-1,-1,3,1,0.0,1.0,-1,6,30,1,1,1,16:30,3,2,8
2023991357582,2023,991357582,2,1,1,1,50,8,3,0,0,0,0,0,9,10,-1,3,1,0.0,1.0,-1,6,30,1,1,1,11:30,2,3,9
2023010477503,2023,010477503,2,1,1,1,18,4,3,0,0,0,0,0,1,2,E01003325,-1,0,0.0,1.0,-1,6,20,8,1,1,13:55,1,2,1
2023010444752,2023,010444752,1,1,1,-1,27,6,3,0,0,0,0,0,3,4,E01002131,-1,0,0.0,1.0,-1,9,30,9,1,9,14:10,3,2,3
2023461392907,2023,461392907,1,1,1,1,18,4,3,0,0,0,0,0,4,2,E01000789,3,1,0.0,1.0,-1,3,70,1,4,1,00:28,4,2,4
2023141338331,2023,141338331,1,2,2,1,33,6,3,0,0,1,0,0,9,2,E01007726,3,1,0.0,1.0,-1,6,30,1,4,1,21:57,6,4,9
2023302301779,2023,302301779,1,1,1,1,24,5,3,0,0,0,0,0,9,1,E01013484,-1,0,0.07603,0.92397,-1,6,30,1,1,1,09:50,2,3,9
2023501366947,2023,501366947,2,2,1,1,75,10,2,0,0,0,0,0,9,10,E01029265,6,1,1.0,0.0,-1,6,30,1,1,1,15:45,1,3,9
2023010453166,2023,010453166,2,1,1,2,62,9,2,0,0,0,0,0,1,2,E01004224,-1,0,1.0,0.0,-1,6,20,2,1,2,15:24,3,2,1
2023201422513,2023,201422513,1,1,1,1,62,9,3,0,0,0,0,0,9,2,E01009885,3,1,0.0,1.0,-1,3,30,1,1,2,14:18,1,2,9
2023461287158,2023,461287158,2,2,2,2,35,6,3,0,0,1,0,0,9,7,E01024550,3,1,0.0,1.0,-1,6,60,1,1,1,12:12,3,3,9
2023991313045,2023,991313045,2,1,1,2,54,8,3,0,0,0,0,0,9,8,-1,3,1,0.0,1.0,-1,6,30,1,1,1,15:00,3,3,9
2023231338928,2023,231338928,1,1,3,1,13,3,3,1,1,0,0,0,0,5,E01031133,3,1,0.0,1.0,-1,6,30,1,1,1,08:35,3,1,9
2023610030123,2023,610030123,2,1,1,1,25,5,3,0,0,0,0,0,1,1,W01001659,-1,0,0.16466,0.83534,-1,6,20,1,1,1,12:30,1,2,1
2023010433176,2023,010433176,1,1,1,1,23,5,3,0,0,0,0,0,4,4,E01001879,-1,0,0.0,1.0,-1,6,20,1,1,1,09:13,2,2,4
2023010472593,2023,010472593,1,1,3,2,34,6,3,5,4,0,0,0,0,2,E01004252,-1,0,0.0,1.0,-1,6,20,1,4,1,22:50,3,1,11
2023991379230,2023,991379230,1,1,3,2,22,5,3,6,7,0,0,2,0,1,-1,3,1,0.0,1.0,-1,3,40,2,4,2,22:32,1,1,9
202360A014514,2023,60A014514,2,1,1,2,40,7,3,0,0,0,0,0,9,-1,-1,-1,0,0.00932,0.99068,-1,6,30,1,4,1,17:48,2,2,9
2023522400013,2023,522400013,3,1,1,1,44,7,3,0,0,0,0,0,19,6,E01032117,-1,0,0.01544,0.98456,-1,6,60,1,1,2,15:30,2,4,19
2023430230326,2023,430230326,1,1,1,1,37,7,3,0,0,0,0,0,1,4,E01016516,-1,0,0.06862,0.93138,-1,3,40,1,4,1,20:30,2,2,1
2023340WN4782,2023,340WN4782,2,1,1,1,73,10,3,0,0,0,0,0,5,5,E01031169,-1,0,0.24542,0.75458,-1,6,40,1,1,1,17:20,4,2,5
2023161372293,2023,161372293,1,1,1,2,79,11,2,0,0,0,0,0,9,4,E01013146,6,1,1.0,0.0,-1,6,60,5,1,2,10:40,4,1,9
2023520301644,2023,520301644,1,2,2,2,76,11,3,0,0,1,0,0,9,3,E01020078,-1,0,0.03853,0.96147,-1,6,30,1,1,1,11:10,7,2,9
2023070979736,2023,070979736,1,1,3,2,41,7,2,5,9,0,0,0,0,-1,-1,-1,0,1.0,0.0,-1,6,30,1,1,1,15:40,1,1,3
2023440118542,2023,440118542,1,1,1,1,30,6,3,0,0,0,0,0,9,6,E01022939,-1,0,0.01226,0.98774,-1,3,60,1,1,1,16:30,6,3,9
2023471276134,2023,471276134,1,1,1,2,44,7,3,0,0,0,0,0,9,6,E01031743,3,1,0.0,1.0,-1,6,60,8,1,2,11:50,3,2,9
2023010484180,2023,010484180,1,1,1,-1,43,7,3,0,0,0,0,0,3,3,E01002397,-1,0,0.0,1.0,-1,9,20,9,7,9,17:30,4,2,3
2023061370869,2023,061370869,2,2,1,1,52,8,3,0,0,0,0,0,9,2,E01006030,3,1,0.0,1.0,-1,6,30,1,4,2,16:37,7,2,9
2023101308858,2023,101308858,2,2,1,1,61,9,1,0,0,0,0,0,9,10,E01027494,1,1,0.0,0.0,-1,6,60,1,1,2,13:17,4,2,9
2023101362977,2023,101362977,1,1,1,1,26,6,3,0,0,0,0,0,19,8,E01027440,3,1,0.0,1.0,-1,6,50,1,1,1,16:45,7,3,19
2023122300316,2023,122300316,2,1,1,1,67,10,2,0,0,0,0,0,22,4,E01027609,-1,0,1.0,0.0,-1,1,30,3,1,2,14:20,5,2,22
2023201383922,2023,201383922,1,1,3,1,54,8,3,1,1,0,0,2,0,4,E01028445,3,1,0.0,1.0,-1,6,30,1,1,1,16:12,1,1,9
2023471308335,2023,471308335,2,1,1,2,60,9,3,0,0,0,0,0,1,9,E01016934,3,1,0.0,1.0,-1,3,20,1,1,1,08:39,4,2,1
2023501372956,2023,501372956,2,1,1,1,13,3,3,0,0,0,0,0,1,6,E01020161,3,1,0.0,1.0,-1,6,30,1,1,1,10:45,7,2,1