collision_index,collision_year,collision_ref_no,vehicle_reference,casualty_reference,casualty_class,sex_of_casualty,age_of_casualty,age_band_of_casualty,casualty_severity,pedestrian_location,pedestrian_movement,car_passenger,bus_or_coach_passenger,pedestrian_road_maintenance_worker,casualty_type,casualty_imd_decile,lsoa_of_casualty,enhanced_casualty_severity,casualty_injury_based,casualty_adjusted_severity_serious,casualty_adjusted_severity_slight,casualty_distance_banding,road_type,speed_limit,weather_conditions,light_conditions,road_surface_conditions,time,day_of_week,number_of_vehicles,vehicle_type
2023201316714,2023,201316714,2,1,1,2,25,5,2,0,0,0,0,0,9,1,E01032434,6,1,1.0,0.0,-1,1,30,2,4,2,23:00,7,2,9
2023320738209,2023,320738209,1,1,1,2,49,8,3,0,0,0,0,0,9,5,E01026264,-1,0,0.11525,0.88475,-1,6,60,8,6,4,06:06,5,1,9
2023351374868,2023,351374868,2,2,2,1,16,4,3,0,0,2,0,0,9,6,E01015675,3,1,0.0,1.0,-1,6,40,1,1,2,08:10,3,2,9
2023311306091,2023,311306091,2,1,1,1,26,6,3,0,0,0,0,0,1,-1,-1,3,1,0.0,1.0,-1,6,30,1,1,1,20:06,3,2,1
2023010458328,2023,010458328,1,1,1,1,45,7,3,0,0,0,0,0,3,3,E01003969,-1,0,0.0,1.0,-1,6,30,1,1,1,18:30,6,2,3
2023041313511,2023,041313511,1,1,1,1,30,6,3,0,0,0,0,0,3,8,E01025413,3,1,0.0,1.0,-1,6,50,1,1,1,18:20,4,2,3
2023430520326,2023,430520326,1,1,1,2,33,6,3,0,0,0,0,0,9,-1,-1,-1,0,0.04369,0.95631,-1,3,50,2,1,2,09:00,1,1,9
2023451344374,2023,451344374,2,1,2,1,36,7,3,0,0,1,0,0,9,-1,-1,3,1,0.0,1.0,-1,3,70,1,1,1,16:20,2,2,9
2023371292582,2023,371292582,3,2,1,1,53,8,1,0,0,0,0,0,19,5,E01030027,1,1,0.0,0.0,-1,3,70,1,1,1,18:00,5,3,19
2023141366958,2023,141366958,2,2,2,2,13,3,2,0,0,0,4,0,11,-1,-1,7,1,1.0,0.0,-1,6,30,1,1,1,12:55,4,2,11
2023311373280,2023,311373280,1,1,2,2,75,10,3,0,0,0,4,0,11,2,E01027976,3,1,0.0,1.0,-1,3,40,1,1,1,13:20,6,1,11
2023201381417,2023,201381417,2,1,1,2,52,8,3,0,0,0,0,0,9,2,E01009630,3,1,0.0,1.0,-1,6,30,1,1,1,12:05,3,2,9
2023361352429,2023,361352429,1,1,1,1,16,4,3,0,0,0,0,0,1,1,E01026688,3,1,0.0,1.0,-1,6,30,1,1,1,14:16,1,2,1
2023231367021,2023,231367021,1,1,1,1,39,7,3,0,0,0,0,0,9,7,E01032588,3,1,0.0,1.0,-1,6,50,1,1,1,15:59,3,2,9
2023320564026,2023,320564026,2,2,2,1,15,3,3,0,0,1,0,0,9,2,E01026095,-1,0,0.04165,0.95835,-1,6,30,1,1,1,19:05,1,2,9
2023231264189,2023,231264189,2,1,1,2,57,9,2,0,0,0,0,0,1,3,E01031264,7,1,1.0,0.0,-1,6,30,1,4,2,16:40,3,2,1
2023010466274,2023,010466274,1,3,2,1,12,3,3,0,0,2,0,0,9,3,E01003109,-1,0,0.0,1.0,-1,3,30,1,4,1,20:15,6,2,9
2023101348706,2023,101348706,1,1,1,2,46,8,3,0,0,0,0,0,9,4,E01008732,3,1,0.0,1.0,-1,6,30,1,1,1,17:15,7,1,9
2023201378426,2023,201378426,1,1,1,1,40,7,3,0,0,0,0,0,9,-1,-1,3,1,0.0,1.0,-1,3,40,1,1,2,15:15,3,2,9
2023440132096,2023,440132096,2,1,1,1,55,8,2,0,0,0,0,0,9,4,E01017171,-1,0,1.0,0.0,-1,6,40,1,1,1,18:40,2,2,9
2023471371855,2023,471371855,1,1,1,1,17,4,3,0,0,0,0,0,9,8,E01031624,3,1,0.0,1.0,-1,6,60,1,6,1,20:50,3,1,9
2023622300893,2023,622300893,3,3,1,2,42,7,3,0,0,0,0,0,9,5,W01000719,-1,0,0.01486,0.98514,-1,6,60,5,1,2,08:46,6,3,9
2023991309394,2023,991309394,2,1,1,1,34,6,3,0,0,0,0,0,9,8,-1,3,1,0.0,1.0,-1,6,60,1,6,1,18:15,6,2,9
2023991275764,2023,991275764,1,1,1,1,74,10,2,0,0,0,0,0,5,3,-1,6,1,1.0,0.0,-1,6,30,1,1,1,13:20,2,2,5
2023231361304,2023,231361304,1,1,1,2,42,7,3,0,0,0,0,0,9,5,E01031028,3,1,0.0,1.0,-1,6,30,1,1,1,14:52,6,2,9
2023461348826,2023,461348826,1,1,2,1,24,5,2,0,0,1,0,0,9,7,E01024447,7,1,1.0,0.0,-1,6,30,1,1,1,14:35,1,2,9
2023501348094,2023,501348094,3,1,1,1,57,9,3,0,0,0,0,0,9,5,E01020093,3,1,0.0,1.0,-1,6,60,1,1,1,12:36,1,2,9
2023010472577,2023,010472577,2,1,1,1,57,9,2,0,0,0,0,0,5,8,E01002159,-1,0,1.0,0.0,-1,6,30,1,4,1,21:30,3,2,5
2023991290705,2023,991290705,2,2,1,1,33,6,2,0,0,0,0,0,1,7,-1,7,1,1.0,0.0,-1,1,30,1,1,1,07:50,5,2,1
2023010440166,2023,010440166,1,2,2,2,31,6,3,0,0,1,0,0,9,5,E01001088,-1,0,0.0,1.0,-1,2,20,1,1,1,13:30,7,2,9
2023010457763,2023,010457763,1,1,1,2,43,7,3,0,0,0,0,0,9,6,E01001288,-1,0,0.0,1.0,-1,6,20,1,1,1,11:25,7,2,9
2023111349124,2023,111349124,1,2,2,2,6,2,2,0,0,2,0,0,9,4,E01020711,7,1,1.0,0.0,-1,6,30,1,1,1,18:20,1,2,9
2023440030446,2023,440030446,1,1,1,1,40,7,3,0,0,0,0,0,9,4,E01017342,-1,0,0.03684,0.96316,-1,6,40,1,1,2,15:09,2,3,9
2023471268367,2023,471268367,2,1,1,1,41,7,3,0,0,0,0,0,9,4,E01016973,3,1,0.0,1.0,-1,6,40,2,4,2,18:45,4,2,9
2023501361223,2023,501361223,1,2,2,2,36,7,3,0,0,-1,0,0,9,6,E01019061,3,1,0.0,1.0,-1,6,60,1,1,1,14:46,1,2,9
2023131309746,2023,131309746,1,1,3,1,30,6,3,5,3,0,0,2,0,1,E01011130,3,1,0.0,1.0,-1,6,30,1,1,1,17:00,4,1,9
2023430105651,2023,430105651,2,1,1,1,-1,-1,3,0,0,0,0,0,1,-1,-1,-1,0,0.03872,0.96128,-1,2,20,2,4,2,22:20,4,2,1
2023010426128,2023,010426128,1,1,1,1,36,7,3,0,0,0,0,0,9,4,E01012118,-1,0,0.0,1.0,-1,6,30,1,1,1,17:00,3,2,9
2023010482937,2023,010482937,1,1,1,1,28,6,3,0,0,0,0,0,9,3,E01001466,-1,0,0.0,1.0,-1,6,20,1,4,1,21:50,6,2,9
2023041375874,2023,041375874,2,1,1,1,61,9,3,0,0,0,0,0,9,7,E01024999,3,1,0.0,1.0,-1,6,50,2,4,2,17:37,6,3,9
2023991319816,2023,991319816,1,3,1,2,28,6,3,0,0,0,0,0,9,2,-1,3,1,0.0,1.0,-1,6,60,1,1,1,15:30,7,3,9
2023471391738,2023,471391738,1,1,3,2,48,8,3,8,3,0,0,0,0,3,E01031791,3,1,0.0,1.0,-1,6,30,1,1,1,08:51,6,1,9
2023481382685,2023,481382685,2,1,1,2,30,6,3,0,0,0,0,0,1,-1,-1,3,1,0.0,1.0,-1,6,20,1,1,1,18:39,3,2,1
2023041356233,2023,041356233,2,1,1,1,60,9,3,0,0,0,0,0,5,2,E01012746,3,1,0.0,1.0,-1,6,50,1,1,1,15:48,2,2,5
2023101273946,2023,101273946,2,1,1,2,48,8,3,0,0,0,0,0,9,7,E01008797,3,1,0.0,1.0,-1,6,30,1,1,1,16:30,2,2,9
2023131263547,2023,131263547,2,3,2,1,21,5,3,0,0,2,0,0,9,5,E01011648,3,1,0.0,1.0,-1,3,40,1,1,1,14:25,1,2,9
2023131334235,2023,131334235,1,1,1,1,70,10,3,0,0,0,0,0,9,9,E01011180,3,1,0.0,1.0,-1,6,30,1,1,1,10:28,3,2,9
2023440185929,2023,440185929,1,2,2,2,5,1,3,0,0,2,0,0,9,3,E01022807,-1,0,0.01194,0.98806,-1,6,30,1,1,1,17:30,5,2,9
2023545059723,2023,545059723,2,1,2,2,34,6,3,0,0,1,0,0,9,7,E01015582,-1,0,0.00193,0.99807,-1,1,40,1,1,1,12:19,7,2,9
2023231274249,2023,231274249,1,1,1,2,42,7,3,0,0,0,0,0,9,4,E01031045,3,1,0.0,1.0,-1,6,30,1,1,1,10:45,4,2,9
2023461304235,2023,461304235,1,1,1,2,19,4,3,0,0,0,0,0,9,10,E01024724,3,1,0.0,1.0,-1,6,50,1,6,2,03:00,4,2,9
2023552300846,2023,552300846,1,2,1,1,44,7,3,0,0,0,0,0,5,6,E01020488,-1,0,0.19545,0.80455,-1,6,60,1,1,1,20:10,4,2,5
2023010423776,2023,010423776,1,1,1,2,51,8,3,0,0,0,0,0,9,5,E01000037,-1,0,0.0,1.0,-1,7,30,2,1,2,06:55,6,2,9
2023041370021,2023,041370021,1,3,2,2,42,7,3,0,0,1,0,0,9,7,E01025362,3,1,0.0,1.0,-1,6,60,2,1,2,15:40,5,2,9
2023421294353,2023,421294353,2,1,1,2,38,7,3,0,0,0,0,0,9,3,E01021307,3,1,0.0,1.0,-1,6,30,1,1,2,17:26,3,2,9
2023010467830,2023,010467830,1,1,3,1,73,10,3,5,4,0,0,0,0,4,E01002014,-1,0,0.0,1.0,-1,6,20,1,1,1,13:03,7,1,97
2023201433778,2023,201433778,1,1,3,1,27,6,3,1,1,0,0,2,0,-1,-1,3,1,0.0,1.0,-1,3,30,2,1,2,21:42,2,1,9
2023101392969,2023,101392969,2,1,2,2,34,6,3,0,0,2,0,0,8,2,E01008693,3,1,0.0,1.0,-1,6,30,1,1,1,10:40,4,2,8
2023010453727,2023,010453727,1,1,1,1,40,7,3,0,0,0,0,0,19,2,E01002368,-1,0,0.0,1.0,-1,6,20,1,1,1,12:54,6,2,19
2023311274987,2023,311274987,1,1,3,1,48,8,2,9,6,0,0,0,0,2,E01027958,7,1,1.0,0.0,-1,3,30,8,1,1,08:51,4,1,9
2023371294640,2023,371294640,1,1,3,2,4,1,3,1,1,0,0,0,0,2,E01030036,3,1,0.0,1.0,-1,6,30,1,1,1,17:35,5,1,9
2023010459008,2023,010459008,1,1,1,2,23,5,3,0,0,0,0,0,9,-1,-1,-1,0,0.0,1.0,-1,6,30,8,4,1,03:37,7,4,9
2023421382002,2023,421382002,2,2,1,2,40,7,2,0,0,0,0,0,9,4,E01021360,5,1,1.0,0.0,-1,6,60,2,1,2,12:45,1,2,9
2023501388206,2023,501388206,1,1,1,1,17,4,3,0,0,0,0,0,3,2,E01018999,3,1,0.0,1.0,-1,6,30,1,1,1,15:00,4,2,3
2023010474744,2023,010474744,2,1,1,1,37,7,3,0,0,0,0,0,3,3,E01003570,-1,0,0.0,1.0,-1,6,30,1,4,2,18:58,1,2,3
2023332300145,2023,332300145,1,1,1,1,80,11,2,0,0,0,0,0,4,6,E01026330,-1,0,1.0,0.0,-1,6,50,1,1,1,12:30,1,2,4
2023010470785,2023,010470785,1,1,3,2,50,8,3,5,3,0,0,0,0,4,E01003767,-1,0,0.0,1.0,-1,6,30,1,1,1,13:59,1,1,9
2023010428978,2023,010428978,1,1,1,1,30,6,2,0,0,0,0,0,1,5,E01024796,-1,0,1.0,0.0,-1,6,20,1,1,1,08:30,2,2,1
2023461382661,2023,461382661,2,1,1,1,66,10,2,0,0,0,0,0,1,8,E01024351,7,1,1.0,0.0,-1,6,40,1,1,1,14:55,5,2,1
2023131275124,2023,131275124,2,1,1,1,20,4,3,0,0,0,0,0,1,3,E01011444,3,1,0.0,1.0,-1,6,30,1,1,1,14:00,3,2,1
202354D172423,2023,54D172423,2,1,1,1,51,8,3,0,0,0,0,0,5,10,E01031906,-1,0,0.15707,0.84293,-1,3,50,2,4,2,19:35,3,2,5
2023010450524,2023,010450524,1,1,1,2,45,7,3,0,0,0,0,0,9,6,E01002351,-1,0,0.0,1.0,-1,6,20,8,1,1,14:00,4,2,9
2023101335424,2023,101335424,1,1,1,2,29,6,3,0,0,0,0,0,9,4,E01008767,3,1,0.0,1.0,-1,6,30,2,1,2,12:30,5,2,9
2023010450638,2023,010450638,1,1,1,1,39,7,3,0,0,0,0,0,1,2,E01002056,-1,0,0.0,1.0,-1,6,20,1,1,1,07:55,4,2,1
2023010464126,2023,010464126,2,1,1,2,59,9,3,0,0,0,0,0,1,8,E01002320,-1,0,0.0,1.0,-1,1,30,1,1,1,07:24,3,2,1
2023010420028,2023,010420028,2,1,1,1,34,6,3,0,0,0,0,0,3,8,E01001046,-1,0,0.0,1.0,-1,6,20,1,4,1,16:20,6,2,3
2023010463444,2023,010463444,2,2,1,1,66,10,3,0,0,0,0,0,9,10,E01030670,-1,0,0.0,1.0,-1,6,20,1,4,1,19:45,5,2,9
2023552301371,2023,552301371,2,1,1,2,70,10,3,0,0,0,0,0,9,10,E01015433,-1,0,0.01146,0.98854,-1,6,40,1,1,1,08:51,7,2,9
2023991334542,2023,991334542,2,3,1,2,22,5,3,0,0,0,0,0,9,-1,-1,3,1,0.0,1.0,-1,6,30,1,1,1,21:40,6,2,9
2023211280473,2023,211280473,1,1,3,2,14,3,2,5,1,0,0,0,0,2,E01029763,7,1,1.0,0.0,-1,6,30,1,4,1,20:00,5,1,9
2023010465006,2023,010465006,1,1,1,2,25,5,3,0,0,0,0,0,1,2,E01001862,-1,0,0.0,1.0,-1,6,20,1,1,1,18:45,7,2,1
2023471374878,2023,471374878,2,1,1,1,39,7,3,0,0,0,0,0,3,6,E01031477,3,1,0.0,1.0,-1,6,60,1,1,1,11:05,4,2,3
2023552300788,2023,552300788,1,1,1,1,53,8,2,0,0,0,0,0,5,5,E01020506,-1,0,1.0,0.0,-1,6,60,1,1,1,11:02,1,2,5
2023010462725,2023,010462725,2,1,3,1,39,7,3,9,5,0,0,0,0,7,E01004102,-1,0,0.0,1.0,-1,6,20,1,4,1,20:35,1,2,9
2023221384020,2023,221384020,1,1,3,1,45,7,3,9,7,0,0,0,0,6,E01028857,3,1,0.0,1.0,-1,6,60,1,1,2,12:45,1,1,9
2023531286310,2023,531286310,1,1,3,1,33,6,2,10,9,0,0,0,0,5,E01022150,7,1,1.0,0.0,-1,3,30,1,1,2,17:30,1,1,11
2023131304068,2023,131304068,2,2,1,1,48,8,3,0,0,0,0,0,9,9,E01011844,3,1,0.0,1.0,-1,6,30,1,1,1,09:19,2,2,9
2023351390605,2023,351390605,1,1,1,1,90,11,2,0,0,0,0,0,9,7,E01018128,7,1,1.0,0.0,-1,6,60,1,6,2,18:35,2,2,9
2023430049751,2023,430049751,2,1,1,2,47,8,3,0,0,0,0,0,9,2,E01028450,-1,0,0.01082,0.98918,-1,6,30,1,1,1,08:10,5,2,9
2023440217138,2023,440217138,2,1,1,1,23,5,3,0,0,0,0,0,9,7,E01031951,-1,0,0.05835,0.94165,-1,6,60,1,1,1,16:30,5,2,9
2023461335388,2023,461335388,1,4,2,1,19,4,2,0,0,-1,0,0,9,-1,-1,7,1,1.0,0.0,-1,1,50,1,4,1,00:10,1,1,9
2023501284837,2023,501284837,1,1,1,2,18,4,3,0,0,0,0,0,9,8,E01020091,3,1,0.0,1.0,-1,6,60,1,1,1,12:08,6,2,9
2023101398547,2023,101398547,2,1,2,1,51,8,3,0,0,0,4,0,11,1,E01008305,3,1,0.0,1.0,-1,6,30,1,1,2,08:55,6,2,11
2023041339948,2023,041339948,2,1,1,2,28,6,3,0,0,0,0,0,9,1,E01024882,3,1,0.0,1.0,-1,6,60,2,1,2,13:50,7,2,9
2023141259608,2023,141259608,1,2,2,2,55,8,3,0,0,1,0,0,9,6,E01008006,3,1,0.0,1.0,-1,3,40,2,1,2,11:40,4,2,9
2023221321462,2023,221321462,2,2,2,2,64,9,3,0,0,1,0,0,9,5,E01033529,3,1,0.0,1.0,-1,1,40,1,1,1,10:01,2,2,9
2023991317428,2023,991317428,1,1,1,1,27,6,3,0,0,0,0,0,9,8,-1,3,1,0.0,1.0,-1,6,60,1,1,1,22:50,7,1,9
2023010462532,2023,010462532,2,3,2,2,14,3,3,0,0,2,0,0,9,6,E01001662,-1,0,0.0,1.0,-1,3,50,1,1,1,15:55,7,2,9
2023311282024,2023,311282024,2,1,2,2,34,6,3,0,0,1,0,0,9,-1,-1,3,1,0.0,1.0,-1,3,30,2,4,2,20:21,4,2,9
2023451265957,2023,451265957,2,2,1,2,29,6,3,0,0,0,0,0,9,9,E01030975,3,1,0.0,1.0,-1,6,30,1,1,2,08:45,6,2,9
2023010464614,2023,010464614,2,1,3,2,40,7,3,6,9,0,0,0,0,7,E01004139,-1,0,0.0,1.0,-1,6,20,1,1,1,17:35,5,2,4
2023421362342,2023,421362342,1,1,1,1,34,6,3,0,0,0,0,0,2,6,E01015826,3,1,0.0,1.0,-1,6,30,2,1,2,07:28,5,1,2
2023131370726,2023,131370726,1,1,1,2,39,7,3,0,0,0,0,0,9,1,E01010609,3,1,0.0,1.0,-1,3,30,1,1,2,15:37,7,1,9
2023332300268,2023,332300268,2,1,1,1,-1,-1,3,0,0,0,0,0,9,10,E01025676,-1,0,0.00586,0.99414,-1,6,30,1,1,2,09:15,7,3,9
2023440236339,2023,440236339,3,2,1,2,26,6,3,0,0,0,0,0,9,10,E01023233,-1,0,0.05524,0.94476,-1,3,70,1,1,1,17:19,4,3,9
2023531339162,2023,531339162,1,2,1,2,24,5,3,0,0,0,0,0,9,7,E01022416,3,1,0.0,1.0,-1,6,40,1,1,1,12:18,1,3,9
2023991307212,2023,991307212,1,2,1,2,85,11,2,0,0,0,0,0,9,7,-1,6,1,1.0,0.0,-1,6,30,1,1,1,16:40,1,2,9
2023302300233,2023,302300233,1,1,1,1,24,5,3,0,0,0,0,0,1,-1,-1,-1,0,0.0872,0.9128,-1,6,30,1,1,1,09:30,3,2,1
2023052301476,2023,052301476,2,1,1,2,33,6,3,0,0,0,0,0,9,1,E01006440,-1,0,0.01857,0.98143,-1,6,20,1,1,1,08:40,4,2,9
2023302301861,2023,302301861,1,1,1,2,52,8,2,0,0,0,0,0,9,1,E01027965,-1,0,1.0,0.0,-1,6,60,1,1,4,11:30,1,1,9
2023340NN2832,2023,340NN2832,2,1,1,1,19,4,3,0,0,0,0,0,9,9,E01027346,-1,0,0.05243,0.94757,-1,6,30,1,6,1,22:30,6,2,9
2023440441028,2023,440441028,1,1,2,1,30,6,3,0,0,1,0,0,9,7,E01031447,-1,0,0.10471,0.89529,-1,3,30,2,4,2,02:36,7,1,9
2023320610976,2023,320610976,1,2,3,2,1,1,3,8,1,0,0,0,0,4,E01026169,-1,0,0.0945,0.9055,-1,6,30,1,1,2,08:40,2,1,9
2023131361740,2023,131361740,1,1,1,1,21,5,3,0,0,0,0,0,3,4,E01011606,3,1,0.0,1.0,-1,6,30,1,4,1,18:32,3,2,3
2023302300759,2023,302300759,1,1,1,2,42,7,3,0,0,0,0,0,5,4,E01019458,-1,0,0.22652,0.77348,-1,6,60,1,1,1,12:35,2,1,5
2023141314571,2023,141314571,1,1,1,2,67,10,3,0,0,0,0,0,9,-1,-1,3,1,0.0,1.0,-1,6,30,1,1,1,15:05,7,1,9
2023340WN6662,2023,340WN6662,2,2,2,2,4,1,3,0,0,1,0,0,9,-1,-1,-1,0,0.01,0.99,-1,6,30,1,4,2,21:27,5,2,9
2023201364155,2023,201364155,2,1,1,1,44,7,3,0,0,0,0,0,1,5,E01008975,3,1,0.0,1.0,-1,6,30,1,1,1,19:25,6,2,1
2023141295935,2023,141295935,2,5,1,1,42,7,3,0,0,0,0,0,19,2,E01007448,3,1,0.0,1.0,-1,6,30,1,1,2,14:18,4,2,19
2023010465272,2023,010465272,1,1,1,1,-1,-1,3,0,0,0,0,0,3,6,E01001269,-1,0,0.0,1.0,-1,2,20,9,1,9,17:30,6,2,3
2023401359828,2023,401359828,2,1,1,1,18,4,3,0,0,0,0,0,3,2,E01015807,3,1,0.0,1.0,-1,6,30,1,1,1,13:35,4,2,3
2023522400434,2023,522400434,2,1,1,1,28,6,2,0,0,0,0,0,3,9,E01014754,-1,0,1.0,0.0,-1,6,30,1,1,1,14:16,6,3,3
2023010443260,2023,010443260,1,1,3,2,17,4,3,1,3,0,0,0,0,6,E01001648,-1,0,0.0,1.0,-1,2,20,1,1,1,08:29,3,1,9
202360A113784,2023,60A113784,2,2,2,2,24,5,3,0,0,1,0,0,19,-1,-1,-1,0,0.00921,0.99079,-1,1,30,1,1,1,14:00,4,2,19
2023311350167,2023,311350167,2,1,1,2,25,5,2,0,0,0,0,0,1,1,E01028320,7,1,1.0,0.0,-1,6,30,1,4,1,21:32,5,2,1
2023201371126,2023,201371126,2,2,1,1,22,5,3,0,0,0,0,0,2,-1,-1,3,1,0.0,1.0,-1,6,20,2,1,2,17:08,6,2,2
2023991314595,2023,991314595,1,1,1,1,49,8,2,0,0,0,0,0,5,9,-1,7,1,1.0,0.0,-1,3,50,1,1,1,15:30,7,1,5
2023221289647,2023,221289647,1,1,2,2,75,10,3,0,0,1,0,0,9,4,E01014015,3,1,0.0,1.0,-1,6,60,1,1,1,14:20,2,1,9
2023421302590,2023,421302590,2,3,2,2,55,8,3,0,0,1,0,0,9,6,E01015878,3,1,0.0,1.0,-1,6,30,1,1,1,12:15,2,2,9
2023440031009,2023,440031009,2,1,1,1,27,6,3,0,0,0,0,0,9,4,E01031799,-1,0,0.04502,0.95498,-1,3,70,1,5,1,22:15,2,2,9
2023141290060,2023,141290060,1,1,3,2,13,3,2,10,9,0,0,0,0,3,E01007632,7,1,1.0,0.0,-1,6,20,1,1,1,15:05,5,1,9
2023131330650,2023,131330650,1,1,1,1,34,6,2,0,0,0,0,0,1,2,E01011760,5,1,1.0,0.0,-1,6,30,2,1,2,13:39,3,2,1
2023548447223,2023,548447223,2,1,1,1,27,6,3,0,0,0,0,0,3,8,E01015584,-1,0,0.14071,0.85929,-1,6,30,1,4,2,00:10,6,2,3
2023461281307,2023,461281307,2,1,1,1,75,10,3,0,0,0,0,0,5,5,E01024701,3,1,0.0,1.0,-1,1,50,1,1,1,15:50,3,2,5
2023471259270,2023,471259270,1,1,3,1,17,4,2,6,9,0,0,0,0,1,E01020994,7,1,1.0,0.0,-1,6,30,2,1,2,15:10,3,1,9
2023041375956,2023,041375956,2,1,1,2,49,8,3,0,0,0,0,0,9,1,E01025151,3,1,0.0,1.0,-1,6,20,1,1,2,15:01,6,2,9
2023141291298,2023,141291298,2,2,2,2,49,8,2,0,0,1,0,0,9,4,E01008001,7,1,1.0,0.0,-1,3,40,2,1,2,10:31,3,2,9
2023440433357,2023,440433357,1,1,1,2,40,7,2,0,0,0,0,0,9,8,E01032042,-1,0,1.0,0.0,-1,6,40,1,6,1,22:39,1,1,9
2023451345062,2023,451345062,1,1,1,-1,26,6,3,0,0,0,0,0,9,2,E01001332,3,1,0.0,1.0,-1,7,70,9,1,1,09:00,2,2,9
2023610042023,2023,610042023,2,2,2,1,19,4,3,0,0,1,0,0,9,2,W01001529,-1,0,0.09871,0.90129,-1,3,70,1,6,1,00:46,7,2,9
2023991352493,2023,991352493,2,1,2,1,34,6,3,0,0,0,0,0,19,10,-1,3,1,0.0,1.0,-1,7,40,1,1,1,09:50,5,2,19
2023061348233,2023,061348233,2,1,1,1,12,3,3,0,0,0,0,0,1,9,E01006264,3,1,0.0,1.0,-1,6,30,1,1,1,13:20,1,2,1
2023041288604,2023,041288604,1,1,3,2,70,10,3,6,7,0,0,0,0,10,E01025316,3,1,0.0,1.0,-1,6,20,1,1,2,12:08,2,1,9
2023010443881,2023,010443881,1,1,2,2,53,8,3,0,0,2,0,0,9,1,E01033693,-1,0,0.0,1.0,-1,3,50,1,1,1,09:30,5,3,9
2023302300046,2023,302300046,2,1,1,1,41,7,3,0,0,0,0,0,9,1,E01005826,-1,0,0.01242,0.98758,-1,6,60,1,4,2,18:00,6,2,9
2023361314606,2023,361314606,1,3,2,2,26,6,3,0,0,-1,0,0,9,3,E01030262,3,1,0.0,1.0,-1,6,60,1,1,1,20:00,7,2,9
2023201294248,2023,201294248,1,1,3,1,18,4,2,1,1,0,0,2,0,7,E01003451,7,1,1.0,0.0,-1,3,30,1,1,1,16:35,6,1,9
2023371310901,2023,371310901,1,1,3,1,51,8,3,6,9,0,0,0,0,6,E01026876,3,1,0.0,1.0,-1,6,30,1,1,1,13:55,3,1,19
2023991262188,2023,991262188,1,1,3,1,65,9,2,8,3,0,0,2,0,7,-1,7,1,1.0,0.0,-1,6,20,5,6,2,17:46,4,1,9
2023010479412,2023,010479412,2,1,1,1,55,8,2,0,0,0,0,0,1,9,E01003890,-1,0,1.0,0.0,-1,3,20,1,4,1,00:55,4,2,1
2023131350280,2023,131350280,2,1,1,1,70,10,3,0,0,0,0,0,1,7,E01010999,3,1,0.0,1.0,-1,6,30,1,1,1,15:15,5,2,1
2023010444976,2023,010444976,1,1,1,1,41,7,2,0,0,0,0,0,5,8,E01021599,-1,0,1.0,0.0,-1,3,50,1,1,1,07:00,5,2,5
2023211270644,2023,211270644,1,1,3,2,26,6,2,1,3,0,0,0,0,3,E01029448,7,1,1.0,0.0,-1,6,30,1,4,1,16:55,5,1,9
2023471381289,2023,471381289,2,1,1,1,17,4,3,0,0,0,0,0,3,6,E01021149,3,1,0.0,1.0,-1,6,30,1,1,2,10:35,6,2,3
2023141368101,2023,141368101,1,1,3,2,47,8,3,5,9,0,0,0,0,-1,-1,3,1,0.0,1.0,-1,6,30,2,4,2,21:08,7,1,9
2023451304796,2023,451304796,1,1,3,2,13,3,3,5,9,0,0,0,0,9,E01030492,3,1,0.0,1.0,-1,6,30,1,1,1,17:55,7,1,9
2023471290164,2023,471290164,2,1,1,2,23,5,3,0,0,0,0,0,1,9,E01031461,3,1,0.0,1.0,-1,6,30,1,1,1,12:00,1,2,1
2023471298068,2023,471298068,2,1,1,1,70,10,2,0,0,0,0,0,1,6,E01031825,7,1,1.0,0.0,-1,6,60,1,1,1,14:57,3,2,1
2023471314192,2023,471314192,1,1,3,2,-1,-1,3,9,8,0,0,0,0,-1,-1,3,1,0.0,1.0,-1,6,30,1,1,1,17:55,3,1,11
2023141315246,2023,141315246,2,3,2,2,49,8,3,0,0,2,0,0,9,7,E01008140,3,1,0.0,1.0,-1,6,30,1,4,1,04:01,3,5,9
2023421340944,2023,421340944,1,1,1,2,30,6,3,0,0,0,0,0,9,5,E01029990,3,1,0.0,1.0,-1,3,70,1,1,1,10:57,7,4,9
2023991278362,2023,991278362,1,1,1,2,30,6,3,0,0,0,0,0,9,-1,-1,3,1,0.0,1.0,-1,3,40,1,1,1,09:37,2,2,9
2023010469570,2023,010469570,4,1,1,1,21,5,3,0,0,0,0,0,19,2,E01001082,-1,0,0.0,1.0,-1,6,30,1,1,1,15:09,2,4,19
2023052300409,2023,052300409,4,3,1,1,60,9,3,0,0,0,0,0,19,1,E01007016,-1,0,0.03037,0.96963,-1,6,30,1,1,1,10:10,3,4,19
2023201316829,2023,201316829,1,1,1,1,29,6,2,0,0,0,0,0,97,-1,-1,5,1,1.0,0.0,-1,6,30,1,1,1,18:44,5,2,97
2023010457406,2023,010457406,1,1,1,1,30,6,3,0,0,0,0,0,3,7,E01001455,-1,0,0.0,1.0,-1,1,20,1,1,1,17:04,4,2,3
2023440450999,2023,440450999,1,1,3,2,82,11,2,6,9,0,0,0,0,10,E01022770,-1,0,1.0,0.0,-1,6,30,1,1,2,09:45,7,1,9
2023421391107,2023,421391107,2,1,1,2,26,6,3,0,0,0,0,0,1,4,E01021839,3,1,0.0,1.0,-1,6,40,9,1,-1,13:55,6,2,1