collision_index,collision_year,collision_ref_no,vehicle_reference,casualty_reference,casualty_class,sex_of_casualty,age_of_casualty,age_band_of_casualty,casualty_severity,pedestrian_location,pedestrian_movement,car_passenger,bus_or_coach_passenger,pedestrian_road_maintenance_worker,casualty_type,casualty_imd_decile,lsoa_of_casualty,enhanced_casualty_severity,casualty_injury_based,casualty_adjusted_severity_serious,casualty_adjusted_severity_slight,casualty_distance_banding,road_type,speed_limit,weather_conditions,light_conditions,road_surface_conditions,time,day_of_week,number_of_vehicles,vehicle_type
2023041280187,2023,041280187,1,1,1,1,49,8,3,0,0,0,0,0,9,3,E01025306,3,1,0.0,1.0,-1,3,30,1,1,2,13:51,6,2,9
2023041389891,2023,041389891,1,1,1,1,83,11,3,0,0,0,0,0,9,7,E01025489,3,1,0.0,1.0,-1,6,30,2,1,2,14:24,2,2,9
2023320252339,2023,320252339,1,2,1,2,30,6,3,0,0,0,0,0,9,4,E01026076,-1,0,0.09739,0.90261,-1,6,60,1,6,1,20:00,4,1,9
2023461268031,2023,461268031,2,2,2,2,85,11,3,0,0,1,0,0,9,7,E01021010,3,1,0.0,1.0,-1,6,60,1,4,1,13:30,1,2,9
2023461297496,2023,461297496,2,1,1,2,62,9,3,0,0,0,0,0,9,5,E01024031,3,1,0.0,1.0,-1,6,50,2,1,2,13:08,2,2,9
2023471279026,2023,471279026,1,1,1,1,19,4,3,0,0,0,0,0,9,2,E01021092,3,1,0.0,1.0,-1,6,30,1,4,1,03:26,4,1,9
2023531294900,2023,531294900,1,5,1,2,53,8,3,0,0,0,0,0,9,2,E01029410,3,1,0.0,1.0,-1,3,70,1,6,1,21:29,7,2,9
2023131285913,2023,131285913,1,1,1,2,18,4,3,0,0,0,0,0,9,1,E01011484,3,1,0.0,1.0,-1,6,30,1,4,1,19:31,1,3,9
2023421360732,2023,421360732,1,1,1,2,58,9,2,0,0,0,0,0,9,3,E01004217,6,1,1.0,0.0,-1,3,70,1,1,1,12:10,7,2,9
2023031286095,2023,031286095,1,1,1,2,26,6,3,0,0,0,0,0,9,8,E01019242,3,1,0.0,1.0,-1,6,60,1,1,1,12:30,1,1,9
2023061395066,2023,061395066,2,1,1,1,27,6,3,0,0,0,0,0,9,3,E01006272,3,1,0.0,1.0,-1,6,30,2,4,2,07:55,2,2,9
2023231351189,2023,231351189,2,1,1,2,38,7,3,0,0,0,0,0,9,2,E01031066,3,1,0.0,1.0,-1,3,50,1,1,1,17:45,6,2,9
2023421285532,2023,421285532,2,1,1,1,34,6,3,0,0,0,0,0,9,10,E01021941,3,1,0.0,1.0,-1,3,70,1,1,2,15:35,5,5,9
2023430199202,2023,430199202,2,1,1,2,32,6,3,0,0,0,0,0,9,2,E01004246,-1,0,0.0077,0.9923,-1,3,70,1,1,1,19:10,1,2,9
2023461364630,2023,461364630,2,2,1,2,24,5,3,0,0,0,0,0,9,5,E01001659,3,1,0.0,1.0,-1,6,30,1,1,2,09:10,6,2,9
2023520301765,2023,520301765,1,1,1,2,58,9,3,0,0,0,0,0,9,7,E01029063,-1,0,0.01902,0.98098,-1,6,30,1,1,1,11:10,2,2,9
2023131354987,2023,131354987,2,2,1,1,50,8,3,0,0,0,0,0,9,1,E01011140,3,1,0.0,1.0,-1,6,60,1,1,1,17:10,5,2,9
2023461315340,2023,461315340,2,2,2,1,31,6,3,0,0,2,0,0,9,1,E01024597,3,1,0.0,1.0,-1,3,70,1,1,1,05:24,6,2,9
2023010424340,2023,010424340,1,1,1,1,28,6,3,0,0,0,0,0,23,6,E01001527,-1,0,0.0,1.0,-1,6,30,1,4,2,08:00,1,2,23
2023302301295,2023,302301295,1,2,2,2,67,10,3,0,0,1,0,0,9,3,E01028282,-1,0,0.07157,0.92843,-1,6,30,1,1,1,14:30,2,2,9
2023401297900,2023,401297900,2,4,2,2,23,5,3,0,0,2,0,0,9,5,E01016479,3,1,0.0,1.0,-1,6,40,1,1,1,17:06,6,2,9
2023522401056,2023,522401056,1,1,2,2,19,4,3,0,0,1,0,0,9,5,E01014679,-1,0,0.0232,0.9768,-1,6,40,5,4,2,18:50,5,2,9
2023010445425,2023,010445425,1,1,1,1,51,8,3,0,0,0,0,0,1,9,E01004094,-1,0,0.0,1.0,-1,6,20,1,1,1,16:45,6,2,1
2023351313738,2023,351313738,2,1,1,1,59,9,3,0,0,0,0,0,1,5,E01018049,3,1,0.0,1.0,-1,6,60,1,1,-1,19:01,6,2,1
2023122300654,2023,122300654,2,1,1,2,30,6,3,0,0,0,0,0,2,7,E01027705,-1,0,0.06468,0.93532,-1,2,30,1,1,1,07:50,4,2,2
2023361311524,2023,361311524,2,1,1,2,17,4,3,0,0,0,0,0,1,1,E01026622,3,1,0.0,1.0,-1,6,30,1,1,1,11:08,5,2,1
2023501342699,2023,501342699,2,1,1,1,29,6,3,0,0,0,0,0,1,6,E01020056,3,1,0.0,1.0,-1,6,30,1,1,1,15:25,4,2,1
2023041388719,2023,041388719,1,1,3,2,29,6,3,9,9,0,0,0,0,2,E01025140,3,1,0.0,1.0,-1,6,30,1,1,1,08:05,5,2,9
2023361363738,2023,361363738,1,1,3,2,3,1,3,6,5,0,0,0,0,-1,-1,3,1,0.0,1.0,-1,6,30,1,1,1,10:04,3,1,19
2023501393564,2023,501393564,1,1,3,1,77,11,1,5,1,0,0,0,0,4,E01019012,1,1,0.0,0.0,-1,6,30,1,4,2,20:57,7,1,9
2023311322089,2023,311322089,2,1,1,2,9,2,3,0,0,0,0,0,1,-1,-1,3,1,0.0,1.0,-1,6,30,1,1,1,17:29,6,2,1
2023010464626,2023,010464626,1,1,1,2,37,7,3,0,0,0,0,0,9,4,E01000611,-1,0,0.0,1.0,-1,1,20,1,1,1,15:31,5,2,9
2023041268002,2023,041268002,1,2,1,2,90,11,2,0,0,0,0,0,9,5,E01025061,6,1,1.0,0.0,-1,6,30,1,1,2,13:27,4,2,9
2023041388890,2023,041388890,1,2,2,1,27,6,2,0,0,1,0,0,9,7,E01025506,7,1,1.0,0.0,-1,6,40,1,4,1,21:48,6,1,9
2023010447605,2023,010447605,2,1,1,1,30,6,2,0,0,0,0,0,1,5,E01004519,-1,0,1.0,0.0,-1,6,20,1,1,1,17:30,4,2,1
2023010451640,2023,010451640,2,1,1,1,-1,-1,3,0,0,0,0,0,1,-1,-1,-1,0,0.0,1.0,-1,6,20,1,1,1,19:10,2,2,1
2023010474927,2023,010474927,1,1,1,1,31,6,3,0,0,0,0,0,3,3,E01003537,-1,0,0.0,1.0,-1,9,30,2,1,2,12:26,1,2,3
2023170H10963,2023,170H10963,2,1,1,1,15,3,3,0,0,0,0,0,-1,2,E01011957,-1,0,0.12605,0.87395,-1,6,30,1,1,1,16:29,7,2,-1
2023311267479,2023,311267479,1,2,3,2,30,6,3,5,3,0,0,0,0,-1,-1,3,1,0.0,1.0,-1,6,30,1,1,1,12:48,3,1,9
2023332300188,2023,332300188,1,1,3,1,16,4,3,1,3,0,0,0,0,1,E01013755,-1,0,0.06011,0.93989,-1,6,30,1,1,1,17:15,3,1,9
2023451381106,2023,451381106,2,1,1,2,30,6,2,0,0,0,0,0,3,6,E01030995,6,1,1.0,0.0,-1,6,50,1,6,1,17:05,5,2,3
2023041312233,2023,041312233,3,1,1,1,50,8,3,0,0,0,0,0,19,2,E01025075,3,1,0.0,1.0,-1,3,70,1,6,1,22:00,7,3,19
2023010435270,2023,010435270,2,1,3,1,34,6,3,10,9,0,0,0,0,3,E01001369,-1,0,0.0,1.0,-1,6,20,2,4,2,17:56,6,2,9
2023131309401,2023,131309401,1,1,3,1,88,11,3,5,3,0,0,2,0,6,E01011802,3,1,0.0,1.0,-1,6,30,1,1,2,07:34,5,1,9
2023201404675,2023,201404675,1,3,3,2,75,10,3,6,9,0,0,0,0,1,E01009047,3,1,0.0,1.0,-1,6,30,7,4,4,17:50,6,1,9
2023010463267,2023,010463267,3,1,1,1,21,5,2,0,0,0,0,0,3,7,E01002939,-1,0,1.0,0.0,-1,2,20,1,4,1,00:20,5,3,3
2023531298073,2023,531298073,1,1,1,1,63,9,3,0,0,0,0,0,20,4,E01015011,3,1,0.0,1.0,-1,3,70,1,1,1,07:40,3,2,20
2023010426357,2023,010426357,1,1,1,1,51,8,3,0,0,0,0,0,1,4,E01000534,-1,0,0.0,1.0,-1,9,20,9,4,1,06:33,3,2,1
2023522400144,2023,522400144,2,1,1,1,63,9,3,0,0,0,0,0,1,6,E01014769,-1,0,0.12113,0.87887,-1,6,30,1,1,1,18:50,4,2,1
2023010449673,2023,010449673,1,1,1,1,32,6,3,0,0,0,0,0,9,5,E01002010,-1,0,0.0,1.0,-1,1,30,1,1,1,13:45,7,1,9
2023061259295,2023,061259295,1,1,1,1,17,4,3,0,0,0,0,0,9,-1,-1,3,1,0.0,1.0,-1,6,60,7,6,2,21:55,3,1,9
2023061291166,2023,061291166,2,1,1,1,21,5,3,0,0,0,0,0,9,5,E01005362,3,1,0.0,1.0,-1,3,70,1,1,1,07:20,3,2,9
2023411343098,2023,411343098,1,2,2,2,61,9,2,0,0,2,0,0,9,-1,-1,5,1,1.0,0.0,-1,3,70,1,6,1,04:10,6,1,9
2023201370370,2023,201370370,2,1,2,1,58,9,3,0,0,1,0,0,9,1,E01009881,3,1,0.0,1.0,-1,6,30,2,1,2,20:19,7,2,9
2023311324404,2023,311324404,1,1,1,2,32,6,2,0,0,0,0,0,9,9,E01026196,7,1,1.0,0.0,-1,6,60,1,1,1,09:51,6,2,9
2023461303740,2023,461303740,2,2,1,2,59,9,3,0,0,0,0,0,9,7,E01032811,3,1,0.0,1.0,-1,3,40,1,1,1,13:08,6,2,9
2023332300001,2023,332300001,1,2,2,1,17,4,3,0,0,1,0,0,9,7,E01026319,-1,0,0.03649,0.96351,-1,6,30,1,6,2,22:28,1,1,9
2023430057044,2023,430057044,1,1,1,2,36,7,3,0,0,0,0,0,9,-1,-1,-1,0,0.06138,0.93862,-1,1,60,1,4,1,06:27,3,2,9
2023542618423,2023,542618423,2,1,1,2,56,9,3,0,0,0,0,0,9,5,E01032054,-1,0,0.00739,0.99261,-1,6,60,1,1,1,10:37,6,2,9
2023141269330,2023,141269330,1,1,1,2,49,8,3,0,0,0,0,0,9,2,E01007633,3,1,0.0,1.0,-1,6,60,1,6,1,22:49,7,1,9
2023461307882,2023,461307882,2,1,1,2,65,9,3,0,0,0,0,0,9,6,E01024700,3,1,0.0,1.0,-1,6,30,1,1,1,16:20,3,2,9
2023501320121,2023,501320121,1,2,1,2,18,4,2,0,0,0,0,0,9,1,E01018767,6,1,1.0,0.0,-1,6,30,1,1,2,17:56,4,1,9
2023231274357,2023,231274357,1,1,1,1,43,7,3,0,0,0,0,0,19,5,E01009593,3,1,0.0,1.0,-1,6,60,1,1,4,08:31,5,2,19
2023101327548,2023,101327548,2,1,1,2,29,6,3,0,0,0,0,0,9,3,E01008375,3,1,0.0,1.0,-1,6,30,1,1,1,15:46,5,3,9
2023201314944,2023,201314944,1,1,2,2,29,6,3,0,0,1,0,0,9,-1,-1,3,1,0.0,1.0,-1,3,50,1,1,1,13:29,6,3,9
2023201413889,2023,201413889,1,1,1,2,31,6,2,0,0,0,0,0,9,3,E01009763,7,1,1.0,0.0,-1,6,30,1,4,1,22:27,7,2,9
2023031313097,2023,031313097,3,1,1,2,30,6,2,0,0,0,0,0,9,3,E01019135,7,1,1.0,0.0,-1,6,60,1,6,1,22:40,3,3,9
2023552301134,2023,552301134,2,1,1,2,38,7,3,0,0,0,0,0,9,2,E01015288,-1,0,0.02842,0.97158,-1,6,30,1,1,1,17:24,2,2,9
2023122301299,2023,122301299,1,6,2,2,6,2,3,0,0,2,0,0,9,5,E01027610,-1,0,0.06932,0.93068,-1,6,60,1,1,1,17:15,6,3,9
2023531338623,2023,531338623,1,1,1,1,23,5,3,0,0,0,0,0,9,3,E01022284,3,1,0.0,1.0,-1,3,30,1,1,1,10:09,1,2,9
2023991343747,2023,991343747,1,1,2,2,17,4,2,0,0,2,0,0,9,1,-1,5,1,1.0,0.0,-1,3,50,1,4,1,22:30,4,4,9
2023010486065,2023,010486065,2,1,1,1,31,6,3,0,0,0,0,0,9,2,E01001423,-1,0,0.0,1.0,-1,6,30,1,1,1,15:10,3,2,9
2023052300019,2023,052300019,1,1,1,1,31,6,1,0,0,0,0,0,9,7,E01006884,-1,0,0.0,0.0,-1,6,40,1,1,2,09:55,1,2,9
2023131348615,2023,131348615,2,1,1,2,26,6,2,0,0,0,0,0,9,3,E01010789,7,1,1.0,0.0,-1,6,30,9,7,2,22:15,4,2,9
2023501324804,2023,501324804,1,2,2,2,61,9,2,0,0,1,0,0,9,3,E01019008,7,1,1.0,0.0,-1,6,40,1,1,1,10:58,6,1,9
2023161351801,2023,161351801,1,1,1,1,26,6,3,0,0,0,0,0,23,1,E01012894,3,1,0.0,1.0,-1,6,30,9,1,1,13:51,5,1,23
2023201339660,2023,201339660,1,1,1,1,47,8,3,0,0,0,0,0,9,1,E01009110,3,1,0.0,1.0,-1,3,30,1,1,1,18:30,7,2,9
2023440042894,2023,440042894,1,1,1,2,59,9,3,0,0,0,0,0,9,4,E01023146,-1,0,0.05528,0.94472,-1,6,40,1,1,1,10:38,4,2,9
2023991350446,2023,991350446,1,1,1,2,36,7,3,0,0,0,0,0,9,3,-1,3,1,0.0,1.0,-1,3,70,1,1,1,13:41,6,2,9
2023061386538,2023,061386538,2,2,2,1,18,4,3,0,0,1,0,0,9,8,E01004845,3,1,0.0,1.0,-1,3,30,1,1,1,15:14,2,2,9
2023131305365,2023,131305365,1,1,1,1,79,11,3,0,0,0,0,0,9,6,E01010952,3,1,0.0,1.0,-1,6,30,1,1,1,12:35,6,3,9
2023131349769,2023,131349769,1,4,2,2,22,5,3,0,0,2,0,0,9,4,E01011908,3,1,0.0,1.0,-1,6,30,1,1,1,18:20,4,1,9
2023332300743,2023,332300743,1,1,1,1,22,5,3,0,0,0,0,0,9,4,E01025988,-1,0,0.01439,0.98561,-1,6,30,1,1,1,16:20,3,2,9
2023351318543,2023,351318543,2,1,1,1,46,8,3,0,0,0,0,0,9,6,E01021373,3,1,0.0,1.0,-1,6,60,1,1,1,12:39,7,3,9
2023461283317,2023,461283317,2,1,1,1,50,8,3,0,0,0,0,0,9,4,E01024702,3,1,0.0,1.0,-1,3,50,1,1,1,09:04,2,2,9
2023010459468,2023,010459468,2,1,1,1,29,6,3,0,0,0,0,0,2,2,E01000084,-1,0,0.0,1.0,-1,6,30,2,1,2,10:40,3,2,2
2023010480433,2023,010480433,1,1,3,2,34,6,3,1,1,0,0,0,0,6,E01001033,-1,0,0.0,1.0,-1,6,30,2,1,2,11:10,2,1,19
2023131285512,2023,131285512,1,1,3,1,66,10,2,8,1,0,0,2,0,8,E01010683,5,1,1.0,0.0,-1,3,30,1,1,2,15:12,6,1,9
2023332300738,2023,332300738,1,1,3,1,29,6,3,10,9,0,0,0,0,1,E01013693,-1,0,0.02719,0.97281,-1,6,30,1,1,1,13:48,2,1,9
2023010434055,2023,010434055,1,1,1,2,40,7,3,0,0,0,0,0,1,2,E01003551,-1,0,0.0,1.0,-1,1,30,1,1,1,09:29,6,2,1
2023010452806,2023,010452806,2,1,1,1,23,5,3,0,0,0,0,0,1,2,E01033488,-1,0,0.0,1.0,-1,3,20,1,1,1,16:01,1,2,1
2023311338600,2023,311338600,2,1,1,1,12,3,3,0,0,0,0,0,1,6,E01028308,3,1,0.0,1.0,-1,6,30,1,1,1,15:45,6,2,1
2023201371021,2023,201371021,2,1,1,1,19,4,3,0,0,0,0,0,9,1,E01010061,3,1,0.0,1.0,-1,3,30,1,4,1,23:13,5,2,9
2023201340622,2023,201340622,1,1,3,1,74,10,3,5,3,0,0,0,0,5,E01009046,3,1,0.0,1.0,-1,6,30,1,4,1,22:40,4,1,9
2023221354527,2023,221354527,2,1,1,1,44,7,3,0,0,0,0,0,1,5,E01014049,3,1,0.0,1.0,-1,1,40,1,1,1,18:28,4,2,1
2023401314108,2023,401314108,1,1,1,1,23,5,2,0,0,0,0,0,9,5,E01015767,7,1,1.0,0.0,-1,6,30,1,1,1,16:53,2,3,9
2023531299934,2023,531299934,2,1,2,2,3,1,3,0,0,2,0,0,9,8,E01031245,3,1,0.0,1.0,-1,6,60,8,1,1,14:22,1,2,9
2023221374313,2023,221374313,1,1,1,1,55,8,3,0,0,0,0,0,9,1,E01009881,3,1,0.0,1.0,-1,6,60,1,1,2,09:45,6,2,9
2023501278695,2023,501278695,2,2,1,1,43,7,3,0,0,0,0,0,9,-1,-1,3,1,0.0,1.0,-1,7,70,1,1,2,07:22,5,2,9
2023991303137,2023,991303137,1,1,1,2,27,6,3,0,0,0,0,0,9,6,-1,3,1,0.0,1.0,-1,6,60,1,1,1,16:15,3,2,9
2023430141341,2023,430141341,2,1,1,1,38,7,3,0,0,0,0,0,11,4,E01033415,-1,0,0.06884,0.93116,-1,3,40,2,4,2,06:10,6,2,11
2023141381496,2023,141381496,1,1,3,1,41,7,2,1,1,0,0,0,0,2,E01007654,7,1,1.0,0.0,-1,3,40,7,4,2,18:00,6,1,9
2023231282362,2023,231282362,1,1,3,1,34,6,3,10,9,0,0,2,0,-1,-1,3,1,0.0,1.0,-1,6,60,1,6,1,20:37,7,1,9
2023320395743,2023,320395743,1,1,3,1,20,4,3,5,9,0,0,0,0,7,E01026188,-1,0,0.17129,0.82871,-1,6,40,1,1,1,16:42,3,1,9
2023041314559,2023,041314559,1,1,1,1,48,8,2,0,0,0,0,0,1,9,E01025511,7,1,1.0,0.0,-1,6,60,8,1,1,15:55,7,1,1
2023010430507,2023,010430507,1,1,1,1,18,4,3,0,0,0,0,0,3,6,E01003281,-1,0,0.0,1.0,-1,6,20,1,1,1,11:40,1,3,3
2023201432630,2023,201432630,1,1,1,1,22,5,3,0,0,0,0,0,9,-1,-1,3,1,0.0,1.0,-1,6,50,1,1,1,16:39,4,2,9
2023221313408,2023,221313408,1,1,1,2,35,6,3,0,0,0,0,0,9,6,E01028969,3,1,0.0,1.0,-1,6,60,1,1,1,17:45,1,2,9
2023061387693,2023,061387693,1,1,3,1,19,4,3,6,9,0,0,0,0,7,E01005275,3,1,0.0,1.0,-1,6,20,1,4,1,16:15,3,1,9
2023401275713,2023,401275713,2,1,1,2,26,6,3,0,0,0,0,0,9,10,E01017442,3,1,0.0,1.0,-1,6,30,1,1,2,15:45,3,2,9
2023010478161,2023,010478161,1,1,2,1,-1,-1,3,0,0,0,4,0,11,2,E01004467,-1,0,0.0,1.0,-1,6,20,1,1,2,13:30,4,1,11
2023061297040,2023,061297040,1,1,1,1,30,6,3,0,0,0,0,0,9,1,E01006064,3,1,0.0,1.0,-1,6,30,1,4,1,01:08,7,3,9
2023201287875,2023,201287875,2,1,1,2,29,6,3,0,0,0,0,0,9,1,E01009364,3,1,0.0,1.0,-1,1,30,9,1,1,08:15,3,2,9
2023351322728,2023,351322728,1,1,1,2,24,5,3,0,0,0,0,0,9,10,E01012315,3,1,0.0,1.0,-1,7,70,1,6,1,22:58,5,1,9
2023501380172,2023,501380172,2,1,1,1,34,6,3,0,0,0,0,0,3,4,E01020330,3,1,0.0,1.0,-1,6,60,1,1,1,11:00,3,2,3
2023440285459,2023,440285459,2,1,1,1,55,8,3,0,0,0,0,0,1,4,E01017289,-1,0,0.17752,0.82248,-1,6,30,1,1,1,09:09,1,2,1
2023332300019,2023,332300019,1,1,3,2,32,6,1,5,1,0,0,0,0,9,E01025805,-1,0,0.0,0.0,-1,6,30,1,1,1,14:45,2,1,9
2023010477118,2023,010477118,1,1,1,-1,25,5,3,0,0,0,0,0,3,5,E01001681,-1,0,0.0,1.0,-1,9,30,9,7,9,19:20,5,2,3
2023131290173,2023,131290173,1,1,3,2,83,11,3,8,3,0,0,1,0,1,E01010840,3,1,0.0,1.0,-1,6,30,1,1,1,15:35,5,1,9
2023052300048,2023,052300048,1,1,1,2,39,7,3,0,0,0,0,0,9,9,E01007258,-1,0,0.05869,0.94131,-1,3,40,1,1,1,14:10,6,2,9
2023302300902,2023,302300902,2,1,1,1,39,7,3,0,0,0,0,0,9,3,E01019775,-1,0,0.06875,0.93125,-1,6,60,1,1,1,18:30,7,2,9
2023461291764,2023,461291764,2,1,1,2,22,5,3,0,0,0,0,0,9,4,E01032810,3,1,0.0,1.0,-1,6,60,2,1,2,08:25,3,3,9
2023131325823,2023,131325823,1,1,1,1,62,9,3,0,0,0,0,0,9,1,E01010807,3,1,0.0,1.0,-1,6,30,1,1,1,16:58,2,1,9
2023461377932,2023,461377932,2,1,1,1,44,7,3,0,0,0,0,0,9,10,E01001019,3,1,0.0,1.0,-1,6,30,1,1,1,13:05,2,3,9
2023201297795,2023,201297795,1,3,2,1,20,4,2,0,0,1,0,0,9,2,E01010279,7,1,1.0,0.0,-1,6,30,2,1,2,15:43,2,4,9
2023201382006,2023,201382006,2,1,1,1,43,7,3,0,0,0,0,0,9,1,E01009053,3,1,0.0,1.0,-1,6,30,2,1,2,19:59,2,2,9
2023411363790,2023,411363790,2,1,1,1,35,6,3,0,0,0,0,0,9,6,E01023929,3,1,0.0,1.0,-1,6,30,2,1,-1,08:40,5,2,9
2023141340965,2023,141340965,1,1,1,1,41,7,3,0,0,0,0,0,9,5,E01032927,3,1,0.0,1.0,-1,3,70,1,1,1,12:45,6,4,9
2023221318606,2023,221318606,2,1,1,2,39,7,3,0,0,0,0,0,9,6,W01000455,3,1,0.0,1.0,-1,6,60,1,1,1,15:45,6,2,9
2023010428838,2023,010428838,1,1,2,2,62,9,2,0,0,0,4,0,11,10,E01003886,-1,0,1.0,0.0,-1,6,20,1,4,1,20:47,5,1,11
2023461316150,2023,461316150,2,1,1,1,49,8,3,0,0,0,0,0,21,-1,-1,3,1,0.0,1.0,-1,3,70,1,1,1,17:50,3,3,21
2023122400147,2023,122400147,2,2,1,1,28,6,2,0,0,0,0,0,9,7,E01027692,-1,0,1.0,0.0,-1,6,60,1,6,1,20:18,5,2,9
2023302300957,2023,302300957,1,1,1,1,51,8,3,0,0,0,0,0,9,6,E01028152,-1,0,0.02758,0.97242,-1,1,40,1,1,1,19:00,6,2,9
2023461356470,2023,461356470,3,3,1,2,39,7,2,0,0,0,0,0,9,7,E01024109,7,1,1.0,0.0,-1,6,60,1,1,1,17:51,7,3,9
2023991272892,2023,991272892,2,1,1,2,74,10,3,0,0,0,0,0,9,4,-1,3,1,0.0,1.0,-1,1,30,5,1,2,11:15,4,2,9
2023201291620,2023,201291620,1,1,1,1,59,9,3,0,0,0,0,0,9,7,E01029858,3,1,0.0,1.0,-1,1,30,1,1,1,14:00,4,2,9
2023201403003,2023,201403003,2,1,1,1,51,8,3,0,0,0,0,0,9,2,E01009891,3,1,0.0,1.0,-1,3,40,1,1,1,11:05,5,2,9
2023302301226,2023,302301226,2,2,1,2,47,8,3,0,0,0,0,0,9,4,E01013534,-1,0,0.06167,0.93833,-1,6,50,1,1,1,09:55,4,2,9
2023311410969,2023,311410969,1,1,2,1,31,6,3,0,0,1,0,0,9,3,E01028014,3,1,0.0,1.0,-1,6,60,1,1,4,06:58,4,1,9
2023010423192,2023,010423192,1,1,1,1,41,7,3,0,0,0,0,0,9,5,E01002213,-1,0,0.0,1.0,-1,3,40,1,1,1,15:00,1,1,9
2023221405837,2023,221405837,1,1,1,1,33,6,3,0,0,0,0,0,9,-1,-1,3,1,0.0,1.0,-1,6,50,1,6,1,22:47,7,2,9
2023421289901,2023,421289901,2,1,1,1,41,7,3,0,0,0,0,0,1,8,E01021574,3,1,0.0,1.0,-1,1,30,1,1,2,16:16,5,2,1
2023141363625,2023,141363625,2,1,1,1,40,7,3,0,0,0,0,0,5,2,E01007349,3,1,0.0,1.0,-1,6,30,1,1,1,17:00,2,2,5
2023471260449,2023,471260449,2,1,1,1,33,6,2,0,0,0,0,0,5,6,E01031692,7,1,1.0,0.0,-1,6,30,1,4,2,18:40,5,2,5
2023010445331,2023,010445331,1,1,3,1,3,1,3,1,3,0,0,0,0,1,E01001811,-1,0,0.0,1.0,-1,6,20,1,1,1,19:26,6,1,9
2023302300921,2023,302300921,1,1,1,1,53,8,3,0,0,0,0,0,9,10,E01013539,-1,0,0.06331,0.93669,-1,6,30,2,1,1,22:30,7,1,9
2023548495623,2023,548495623,2,2,1,2,28,6,3,0,0,0,0,0,9,7,E01031872,-1,0,0.03057,0.96943,-1,6,50,1,1,1,07:53,7,2,9
2023440222530,2023,440222530,2,1,1,1,17,4,2,0,0,0,0,0,23,3,E01017020,-1,0,1.0,0.0,-1,6,30,1,1,1,15:00,2,3,23
2023411268635,2023,411268635,1,2,3,2,11,3,3,1,1,0,0,0,0,3,E01023865,3,1,0.0,1.0,-1,3,30,8,1,1,08:00,5,1,9
2023411308441,2023,411308441,1,1,3,2,10,2,3,2,1,0,0,0,0,10,E01023451,3,1,0.0,1.0,-1,9,30,2,1,-1,18:15,3,1,9
202360A089861,2023,60A089861,1,1,3,2,6,2,3,6,8,0,0,0,0,-1,-1,-1,0,0.1381,0.8619,-1,2,30,1,1,1,14:30,1,1,-1
2023522301279,2023,522301279,1,1,1,2,46,8,3,0,0,0,0,0,9,2,E01014683,-1,0,0.00225,0.99775,-1,6,20,9,1,2,18:48,4,2,9
2023522400670,2023,522400670,2,1,2,2,48,8,3,0,0,1,0,0,9,4,E01014958,-1,0,0.05535,0.94465,-1,6,30,1,4,2,07:52,4,3,9
2023440375769,2023,440375769,1,1,1,1,58,9,2,0,0,0,0,0,1,9,E01022617,-1,0,1.0,0.0,-1,6,60,1,1,1,18:13,5,1,1
2023170M10633,2023,170M10633,2,1,1,1,27,6,2,0,0,0,0,0,4,1,E01012175,-1,0,1.0,0.0,-1,6,30,1,4,1,20:54,1,2,4
2023010459003,2023,010459003,1,1,1,2,28,6,3,0,0,0,0,0,9,1,E01002069,-1,0,0.0,1.0,-1,6,20,1,4,1,22:20,6,3,9
2023421343247,2023,421343247,1,3,1,2,77,11,3,0,0,0,0,0,9,6,E01021404,3,1,0.0,1.0,-1,6,60,1,4,1,20:45,6,2,9
2023440484802,2023,440484802,1,1,2,2,82,11,3,0,0,1,0,0,9,7,E01032663,-1,0,0.10206,0.89794,-1,6,30,1,1,1,09:52,2,2,9
2023010484384,2023,010484384,1,1,1,-1,17,4,3,0,0,0,0,0,3,2,E01000429,-1,0,0.0,1.0,-1,6,30,9,4,9,07:25,6,2,3
2023141309537,2023,141309537,1,1,1,1,26,6,3,0,0,0,0,0,9,-1,-1,3,1,0.0,1.0,-1,6,30,1,1,1,14:00,7,2,9
2023201291328,2023,201291328,1,1,1,2,35,6,3,0,0,0,0,0,9,1,E01010414,3,1,0.0,1.0,-1,6,30,2,1,2,08:36,2,2,9
2023991316285,2023,991316285,1,1,1,1,69,10,1,0,0,0,0,0,9,8,-1,1,1,0.0,0.0,-1,6,30,1,4,1,01:10,5,1,9
2023201393474,2023,201393474,2,1,1,1,38,7,3,0,0,0,0,0,1,2,E01010449,3,1,0.0,1.0,-1,6,30,1,1,1,10:47,6,2,1
2023010451780,2023,010451780,1,1,1,1,28,6,3,0,0,0,0,0,3,2,E01000972,-1,0,0.0,1.0,-1,6,30,1,1,1,10:15,2,1,3
2023010440580,2023,010440580,2,1,1,1,41,7,3,0,0,0,0,0,9,4,E01024162,-1,0,0.0,1.0,-1,3,40,1,1,1,16:28,2,2,9
2023061270331,2023,061270331,2,1,1,2,61,9,3,0,0,0,0,0,9,4,E01005804,3,1,0.0,1.0,-1,6,20,1,1,1,12:05,3,2,9
2023311364023,2023,311364023,2,1,1,2,53,8,3,0,0,0,0,0,9,1,E01013822,3,1,0.0,1.0,-1,3,40,1,4,1,21:47,3,2,9