collision_index,collision_year,collision_ref_no,vehicle_reference,casualty_reference,casualty_class,sex_of_casualty,age_of_casualty,age_band_of_casualty,casualty_severity,pedestrian_location,pedestrian_movement,car_passenger,bus_or_coach_passenger,pedestrian_road_maintenance_worker,casualty_type,casualty_imd_decile,lsoa_of_casualty,enhanced_casualty_severity,casualty_injury_based,casualty_adjusted_severity_serious,casualty_adjusted_severity_slight,casualty_distance_banding,road_type,speed_limit,weather_conditions,light_conditions,road_surface_conditions,time,day_of_week,number_of_vehicles,vehicle_type
2023061367172,2023,061367172,2,1,1,-1,56,9,3,0,0,0,0,0,3,1,E01024906,3,1,0.0,1.0,-1,3,30,9,1,-1,17:00,3,2,3
2023430016034,2023,430016034,2,1,1,1,30,6,3,0,0,0,0,0,9,9,E01016688,-1,0,0.01294,0.98706,-1,1,40,2,4,2,19:05,4,2,9
2023101365548,2023,101365548,1,1,3,2,63,9,1,5,1,0,0,0,0,2,E01008834,1,1,0.0,0.0,-1,6,30,2,1,2,14:29,5,1,21
2023471321171,2023,471321171,1,1,3,1,24,5,3,5,1,0,0,0,0,8,E01016875,3,1,0.0,1.0,-1,6,20,1,1,1,18:40,6,1,9
2023010465387,2023,010465387,2,1,1,2,27,6,3,0,0,0,0,0,1,3,E01003406,-1,0,0.0,1.0,-1,6,20,1,1,1,08:22,2,2,1
2023010422753,2023,010422753,1,1,1,1,22,5,3,0,0,0,0,0,3,3,E01003686,-1,0,0.0,1.0,-1,6,30,1,1,1,14:30,7,2,3
2023991293716,2023,991293716,1,1,1,1,61,9,2,0,0,0,0,0,4,2,-1,6,1,1.0,0.0,-1,1,60,1,1,1,17:10,3,2,4
2023101350975,2023,101350975,3,3,1,1,60,9,2,0,0,0,0,0,9,1,E01008391,6,1,1.0,0.0,-1,3,70,2,1,5,17:47,1,2,9
2023111287106,2023,111287106,2,1,1,2,24,5,3,0,0,0,0,0,9,2,E01020894,3,1,0.0,1.0,-1,6,60,1,6,1,18:01,6,4,9
2023201320349,2023,201320349,1,1,1,1,19,4,3,0,0,0,0,0,9,-1,-1,3,1,0.0,1.0,-1,1,30,1,1,1,16:51,5,2,9
2023351284845,2023,351284845,2,1,2,2,53,8,3,0,0,1,0,0,9,6,E01015672,3,1,0.0,1.0,-1,1,40,1,7,1,06:49,5,2,9
2023421358047,2023,421358047,3,5,1,2,41,7,3,0,0,0,0,0,9,3,E01021269,3,1,0.0,1.0,-1,3,50,1,1,1,14:48,7,4,9
2023430435970,2023,430435970,1,1,1,2,52,8,3,0,0,0,0,0,9,10,E01032761,-1,0,0.00986,0.99014,-1,6,30,1,1,1,14:30,5,2,9
2023610044123,2023,610044123,1,1,1,1,27,6,3,0,0,1,0,0,9,1,W01001396,-1,0,0.17216,0.82784,-1,6,50,1,1,1,09:52,4,1,9
2023010485010,2023,010485010,1,1,3,1,44,7,3,10,9,0,0,0,0,3,E01000510,-1,0,0.0,1.0,-1,6,30,8,4,2,20:50,3,1,9
2023131314532,2023,131314532,1,1,3,2,5,1,2,5,3,0,0,2,0,1,E01032497,7,1,1.0,0.0,-1,6,30,1,1,1,14:10,7,1,9
2023351276423,2023,351276423,1,1,3,1,23,5,2,9,5,0,0,0,0,-1,-1,7,1,1.0,0.0,-1,6,30,1,4,1,01:00,1,1,9
2023010443419,2023,010443419,1,1,1,1,39,7,3,0,0,0,0,0,3,6,E01001312,-1,0,0.0,1.0,-1,9,20,9,4,9,21:40,3,2,3
2023332300588,2023,332300588,2,1,1,1,24,5,3,0,0,0,0,0,3,2,E01013682,-1,0,0.0439,0.9561,-1,6,30,1,4,2,18:21,2,2,3
2023010429163,2023,010429163,1,1,3,1,25,5,3,5,1,0,0,0,0,4,E01004538,-1,0,0.0,1.0,-1,6,20,1,1,1,21:12,7,1,9
2023041288248,2023,041288248,1,1,1,2,27,6,2,0,0,0,0,0,9,1,E01025574,7,1,1.0,0.0,-1,6,60,1,6,1,20:08,7,3,9
2023131299839,2023,131299839,1,2,2,1,58,9,2,0,0,1,0,0,9,1,E01010831,6,1,1.0,0.0,-1,9,20,1,1,1,05:35,1,2,9
2023411278803,2023,411278803,2,2,1,1,45,7,3,0,0,0,0,0,9,6,E01023409,3,1,0.0,1.0,-1,3,60,1,1,1,14:49,1,2,9
2023411342250,2023,411342250,1,1,1,1,42,7,2,0,0,0,0,0,9,4,E01023333,5,1,1.0,0.0,-1,6,30,1,7,1,05:25,1,2,9
2023542547723,2023,542547723,2,3,2,2,30,6,3,0,0,2,0,0,9,-1,-1,-1,0,0.00396,0.99604,-1,6,30,1,1,2,16:14,1,2,9
2023010484552,2023,010484552,2,2,1,1,44,7,3,0,0,0,0,0,9,7,E01001968,-1,0,0.0,1.0,-1,6,40,1,1,1,12:40,1,3,9
2023411414917,2023,411414917,3,2,1,2,62,9,3,0,0,0,0,0,9,4,E01023779,3,1,0.0,1.0,-1,1,70,1,1,1,11:54,7,3,9
2023430473629,2023,430473629,1,1,2,1,21,5,3,0,0,1,0,0,9,10,E01016776,-1,0,0.06004,0.93996,-1,1,30,1,4,2,04:09,7,1,9
2023471302743,2023,471302743,2,1,1,1,33,6,3,0,0,0,0,0,9,9,E01031751,3,1,0.0,1.0,-1,6,30,1,1,1,11:50,7,2,9
2023531369527,2023,531369527,2,1,2,2,20,4,3,0,0,2,0,0,9,5,E01022245,3,1,0.0,1.0,-1,6,30,8,1,2,14:10,4,3,9
2023411384363,2023,411384363,1,1,3,2,68,10,3,6,9,0,0,0,0,3,E01001467,3,1,0.0,1.0,-1,6,30,1,7,1,17:17,4,1,98
2023101362591,2023,101362591,2,1,1,2,30,6,3,0,0,0,0,0,9,1,E01027412,3,1,0.0,1.0,-1,3,40,8,4,1,19:50,5,2,9
2023320131262,2023,320131262,1,1,2,1,19,4,3,0,0,1,0,0,9,9,E01026293,-1,0,0.04073,0.95927,-1,6,30,1,4,1,20:45,5,2,9
2023340WN3512,2023,340WN3512,2,2,2,1,24,5,3,0,0,1,0,0,9,7,E01033509,-1,0,0.01108,0.98892,-1,3,70,1,1,1,16:45,6,2,9
2023451386994,2023,451386994,1,1,1,2,38,7,3,0,0,0,0,0,9,6,E01030610,3,1,0.0,1.0,-1,6,30,1,1,1,15:40,2,2,9
2023622300077,2023,622300077,1,5,2,2,46,8,3,0,0,2,0,0,9,8,W01001030,-1,0,0.03643,0.96357,-1,6,40,1,1,1,13:35,2,2,9
2023411390702,2023,411390702,3,3,1,2,44,7,3,0,0,0,0,0,19,7,E01023760,3,1,0.0,1.0,-1,6,50,1,1,2,15:44,3,3,19
2023552300501,2023,552300501,2,1,1,1,22,5,3,0,0,0,0,0,1,3,E01015306,-1,0,0.13209,0.86791,-1,6,30,1,4,1,19:36,6,2,1
2023141324333,2023,141324333,1,2,2,1,19,4,2,0,0,1,0,0,9,2,E01007440,7,1,1.0,0.0,-1,6,30,1,4,1,21:59,2,1,9
2023430536022,2023,430536022,1,1,1,1,17,4,3,0,0,0,0,0,9,9,E01028511,-1,0,0.12635,0.87365,-1,6,60,1,6,1,00:22,4,1,9
2023010437250,2023,010437250,1,1,1,1,36,7,3,0,0,0,0,0,1,9,E01017372,-1,0,0.0,1.0,-1,2,20,1,1,1,12:00,5,2,1
2023501344491,2023,501344491,1,2,1,1,18,4,3,0,0,0,0,0,3,9,E01020090,3,1,0.0,1.0,-1,6,60,1,6,1,21:37,3,2,3
2023010466298,2023,010466298,1,1,1,2,46,8,3,0,0,0,0,0,9,3,E01000130,-1,0,0.0,1.0,-1,6,30,8,1,1,19:32,6,2,9
2023201370598,2023,201370598,2,4,2,1,45,7,3,0,0,1,0,0,9,1,E01009390,3,1,0.0,1.0,-1,6,30,1,4,1,23:55,6,2,9
2023211322328,2023,211322328,2,2,2,2,35,6,3,0,0,-1,0,0,9,-1,-1,3,1,0.0,1.0,-1,6,30,1,1,-1,15:05,6,2,9
2023440390414,2023,440390414,1,1,1,1,38,7,3,0,0,0,0,0,9,-1,-1,-1,0,0.04767,0.95233,-1,6,30,1,4,1,21:22,1,2,9
2023440464544,2023,440464544,1,2,2,2,21,5,3,0,0,1,0,0,9,6,E01023104,-1,0,0.01085,0.98915,-1,6,30,1,4,1,17:25,2,2,9
2023501282693,2023,501282693,2,1,1,2,26,6,3,0,0,0,0,0,9,4,E01018777,3,1,0.0,1.0,-1,6,40,1,1,1,13:02,6,2,9
2023440425002,2023,440425002,2,1,1,1,32,6,3,0,0,0,0,0,21,4,E01009921,-1,0,0.11536,0.88464,-1,6,50,2,4,2,01:00,6,2,21
2023471390296,2023,471390296,2,1,1,1,24,5,3,0,0,0,0,0,3,5,E01001214,3,1,0.0,1.0,-1,1,30,2,4,2,16:50,3,2,3
2023101271451,2023,101271451,2,3,2,2,32,6,3,0,0,1,0,0,9,3,E01008182,3,1,0.0,1.0,-1,7,30,1,1,1,09:36,4,3,9
2023361305313,2023,361305313,1,1,1,2,52,8,3,0,0,0,0,0,9,6,E01026899,3,1,0.0,1.0,-1,6,60,1,1,1,15:00,6,2,9
2023451319373,2023,451319373,2,1,1,2,68,10,3,0,0,0,0,0,9,9,E01030612,3,1,0.0,1.0,-1,6,40,1,5,1,07:50,6,2,9
2023610027823,2023,610027823,1,1,1,1,69,10,3,0,0,1,0,0,9,1,W01001536,-1,0,0.10227,0.89773,-1,6,30,1,1,1,08:50,3,1,9
2023052300200,2023,052300200,1,1,2,1,49,8,3,0,0,1,0,0,9,8,E01031208,-1,0,0.08724,0.91276,-1,3,70,1,1,1,14:11,7,3,9
2023101350451,2023,101350451,1,2,1,2,73,10,3,0,0,0,0,0,9,2,E01008492,3,1,0.0,1.0,-1,6,30,1,1,1,12:50,6,3,9
2023201367179,2023,201367179,2,1,1,2,51,8,2,0,0,0,0,0,9,7,E01010164,7,1,1.0,0.0,-1,6,40,1,1,1,07:02,5,2,9
2023131379279,2023,131379279,1,1,3,1,14,3,2,1,3,0,0,2,0,1,E01010838,7,1,1.0,0.0,-1,6,30,2,4,2,07:05,2,1,9
2023010452681,2023,010452681,1,1,1,1,37,7,3,0,0,0,0,0,1,2,E01002032,-1,0,0.0,1.0,-1,6,20,1,1,1,12:29,6,2,1
2023471329566,2023,471329566,2,1,1,1,24,5,3,0,0,0,0,0,3,2,E01032562,3,1,0.0,1.0,-1,6,30,2,1,2,16:40,6,2,3
2023010439668,2023,010439668,2,1,1,2,30,6,3,0,0,0,0,0,9,2,E01002316,-1,0,0.0,1.0,-1,6,30,9,1,2,17:13,4,3,9
2023141340395,2023,141340395,2,2,1,1,79,11,2,0,0,0,0,0,9,5,E01007558,7,1,1.0,0.0,-1,6,30,1,1,1,14:32,5,2,9
2023211376402,2023,211376402,1,1,1,2,22,5,3,0,0,0,0,0,9,5,E01005728,3,1,0.0,1.0,-1,3,70,1,6,1,18:30,1,3,9
2023320133698,2023,320133698,1,1,1,1,31,6,2,0,0,0,0,0,9,8,E01026229,-1,0,1.0,0.0,-1,6,30,1,4,1,21:45,6,1,9
2023010437126,2023,010437126,1,1,3,2,37,7,3,5,3,0,0,0,0,4,E01001009,-1,0,0.0,1.0,-1,6,30,1,4,2,22:20,4,1,9
2023461364055,2023,461364055,1,1,3,1,48,8,3,5,1,0,0,0,0,1,E01024667,3,1,0.0,1.0,-1,6,30,1,1,1,16:27,1,1,9
2023010475771,2023,010475771,2,1,1,1,19,4,3,0,0,0,0,0,1,3,E01002048,-1,0,0.0,1.0,-1,6,20,2,4,2,18:51,6,2,1
2023010476774,2023,010476774,1,1,1,1,40,7,3,0,0,0,0,0,3,3,E01004203,-1,0,0.0,1.0,-1,9,20,8,1,2,15:50,4,2,3
2023552300458,2023,552300458,1,1,1,1,36,7,3,0,0,0,0,0,3,3,E01015386,-1,0,0.16501,0.83499,-1,6,30,1,4,1,21:34,2,2,3
2023161373668,2023,161373668,1,1,1,1,18,4,3,0,0,0,0,0,9,2,E01007636,3,1,0.0,1.0,-1,3,70,7,1,2,08:35,1,1,9
2023440430205,2023,440430205,1,1,1,2,26,6,3,0,0,0,0,0,9,3,E01031483,-1,0,0.01902,0.98098,-1,6,20,1,1,1,14:25,6,2,9
2023061357449,2023,061357449,2,1,1,1,49,8,3,0,0,0,0,0,9,4,E01005757,3,1,0.0,1.0,-1,6,30,1,1,2,18:15,5,4,9
2023201291606,2023,201291606,2,1,1,-1,30,6,3,0,0,0,0,0,9,1,E01009364,3,1,0.0,1.0,-1,6,30,2,1,2,09:25,5,2,9
2023340WN6842,2023,340WN6842,1,1,1,2,48,8,3,0,0,0,0,0,9,8,E01027162,-1,0,0.08586,0.91414,-1,6,60,2,1,2,13:30,1,1,9
2023520400207,2023,520400207,1,2,2,1,42,7,3,0,0,1,0,0,9,9,E01029294,-1,0,0.00241,0.99759,-1,6,30,1,1,1,11:30,4,2,9
2023622300868,2023,622300868,2,2,1,2,29,6,2,0,0,0,0,0,9,2,W01001705,-1,0,1.0,0.0,-1,3,50,1,1,1,18:18,7,2,9
2023010423809,2023,010423809,1,1,3,1,70,10,2,6,9,0,0,0,0,7,E01032775,-1,0,1.0,0.0,-1,6,20,1,1,1,13:09,6,1,11
2023010445096,2023,010445096,1,1,3,1,-1,-1,3,5,1,0,0,0,0,-1,-1,-1,0,0.0,1.0,-1,6,20,1,1,1,11:50,5,1,9
2023070876211,2023,070876211,1,1,3,1,41,7,3,6,5,0,0,0,0,-1,-1,-1,0,0.09809,0.90191,-1,6,20,1,1,1,15:04,4,1,11
2023991390757,2023,991390757,1,1,3,1,84,11,1,1,3,0,0,2,0,-1,-1,1,1,0.0,0.0,-1,6,30,1,4,2,17:56,3,1,19
2023311306424,2023,311306424,2,2,1,2,59,9,3,0,0,0,0,0,9,5,E01028031,3,1,0.0,1.0,-1,6,30,2,1,2,11:38,4,2,9
2023991302557,2023,991302557,1,1,1,1,63,9,2,0,0,0,0,0,9,7,-1,5,1,1.0,0.0,-1,6,60,1,6,2,21:45,1,2,9
2023122301310,2023,122301310,2,5,2,2,73,10,3,0,0,0,4,0,11,8,E01027650,-1,0,0.11294,0.88706,-1,6,60,1,1,1,14:21,1,3,11
2023111301068,2023,111301068,1,1,1,1,50,8,3,0,0,0,0,0,1,6,E01020619,3,1,0.0,1.0,-1,6,30,1,1,1,12:05,1,2,1
2023201289330,2023,201289330,2,1,1,1,15,3,3,0,0,0,0,0,1,1,E01008940,3,1,0.0,1.0,-1,6,30,1,1,1,08:14,2,2,1
2023531314561,2023,531314561,1,1,1,1,59,9,2,0,0,0,0,0,1,6,E01022460,7,1,1.0,0.0,-1,6,30,1,1,1,16:03,7,2,1
2023991321521,2023,991321521,2,1,1,1,52,8,2,0,0,0,0,0,1,4,-1,7,1,1.0,0.0,-1,1,50,1,1,1,18:50,2,2,1
2023111281308,2023,111281308,2,1,1,-1,30,6,3,0,0,0,0,0,9,-1,-1,3,1,0.0,1.0,-1,3,60,1,1,1,16:41,2,2,9
2023411329007,2023,411329007,1,1,1,1,38,7,1,0,0,0,0,0,9,3,E01015801,1,1,0.0,0.0,-1,3,70,1,1,1,13:07,6,1,9
2023552300120,2023,552300120,1,1,1,1,29,6,3,0,0,0,0,0,9,9,E01023270,-1,0,0.07496,0.92504,-1,6,60,1,1,2,08:40,4,2,9
2023440221670,2023,440221670,1,1,1,1,14,3,3,0,0,0,0,0,1,6,E01022816,-1,0,0.10833,0.89167,-1,6,30,1,1,1,08:50,2,2,1
2023101347950,2023,101347950,2,1,1,1,51,8,3,0,0,0,0,0,9,1,E01008777,3,1,0.0,1.0,-1,6,30,1,1,1,12:30,6,2,9
2023361273781,2023,361273781,2,2,1,2,33,6,2,0,0,0,0,0,9,5,E01030066,7,1,1.0,0.0,-1,6,60,1,1,1,10:20,4,2,9
2023991326783,2023,991326783,1,1,1,2,51,8,3,0,0,0,0,0,9,-1,-1,3,1,0.0,1.0,-1,3,60,2,4,2,01:00,6,2,9
2023440306041,2023,440306041,1,1,1,1,21,5,2,0,0,0,0,0,4,2,E01017363,-1,0,1.0,0.0,-1,6,40,1,4,1,02:14,1,1,4
2023201286891,2023,201286891,2,4,2,2,10,2,3,0,0,2,0,0,9,-1,-1,3,1,0.0,1.0,-1,6,30,1,1,2,08:15,2,2,9
2023401320776,2023,401320776,2,3,2,2,38,7,3,0,0,2,0,0,9,3,E01004929,3,1,0.0,1.0,-1,3,70,1,1,1,15:02,6,2,9
2023991381612,2023,991381612,2,1,1,1,79,11,3,0,0,0,0,0,9,6,-1,3,1,0.0,1.0,-1,6,60,1,1,4,11:27,6,2,9
2023552301152,2023,552301152,2,1,1,1,38,7,3,0,0,0,0,0,5,5,E01015345,-1,0,0.14681,0.85319,-1,6,30,1,1,1,18:16,7,2,5
2023041381762,2023,041381762,1,2,1,2,69,10,2,0,0,0,0,0,9,9,E01024967,6,1,1.0,0.0,-1,6,30,1,1,2,10:25,7,2,9
2023461387344,2023,461387344,1,3,2,1,6,2,3,0,0,1,0,0,9,6,E01023977,3,1,0.0,1.0,-1,6,30,2,1,2,17:21,1,2,9
2023141289209,2023,141289209,1,1,3,2,42,7,2,10,9,0,0,0,0,-1,-1,7,1,1.0,0.0,-1,3,40,2,4,2,19:30,3,1,9
2023131355522,2023,131355522,2,2,1,1,67,10,3,0,0,0,0,0,9,1,E01010802,3,1,0.0,1.0,-1,3,70,1,4,1,21:36,6,2,9
2023451324070,2023,451324070,2,2,1,2,56,9,3,0,0,0,0,0,9,7,E01030466,3,1,0.0,1.0,-1,6,40,1,1,2,09:20,5,2,9
2023052300466,2023,052300466,1,1,3,2,82,11,3,8,1,0,0,0,0,4,E01006528,-1,0,0.14274,0.85726,-1,3,20,1,1,1,10:30,5,1,8
2023201371433,2023,201371433,1,1,3,1,43,7,3,5,1,0,0,2,0,-1,-1,3,1,0.0,1.0,-1,6,30,1,4,2,22:40,1,1,9
2023531293115,2023,531293115,1,1,3,2,36,7,3,1,3,0,0,0,0,2,E01022292,3,1,0.0,1.0,-1,6,30,1,1,1,12:45,4,1,9
2023991291394,2023,991291394,1,1,3,1,79,11,2,6,7,0,0,0,0,5,-1,7,1,1.0,0.0,-1,6,20,1,1,2,11:40,5,1,9
2023070107055,2023,070107055,2,1,1,1,57,9,3,0,0,0,0,0,5,7,E01007084,-1,0,0.10136,0.89864,-1,3,60,1,1,1,13:14,2,2,5
2023461283881,2023,461283881,1,1,2,1,41,7,3,0,0,1,0,0,9,3,E01024126,3,1,0.0,1.0,-1,3,70,1,6,1,17:16,7,1,9
2023501391434,2023,501391434,1,2,1,2,58,9,2,0,0,0,0,0,9,4,E01018862,5,1,1.0,0.0,-1,6,60,1,1,1,08:15,6,2,9
2023610047523,2023,610047523,1,3,2,2,7,2,3,0,0,2,0,0,9,-1,-1,-1,0,0.05988,0.94012,-1,6,60,1,1,1,08:37,3,1,9
2023010422034,2023,010422034,1,1,3,1,86,11,2,5,3,0,0,0,0,4,E01002867,-1,0,1.0,0.0,-1,6,30,1,1,1,13:30,4,1,11
2023010476413,2023,010476413,1,1,3,1,54,8,3,8,3,0,0,0,0,2,E01000783,-1,0,0.0,1.0,-1,2,30,8,1,1,10:50,3,1,9
2023332300804,2023,332300804,1,1,1,2,35,6,3,0,0,0,0,0,1,8,E01025857,-1,0,0.04684,0.95316,-1,6,60,1,1,1,16:15,5,2,1
2023010425548,2023,010425548,1,3,2,1,17,4,2,0,0,1,0,0,9,6,E01003752,-1,0,1.0,0.0,-1,6,40,1,4,1,20:30,1,2,9
2023552300870,2023,552300870,2,1,1,2,51,8,2,0,0,0,0,0,9,8,E01015364,-1,0,1.0,0.0,-1,6,30,1,4,1,19:29,7,2,9
2023052301155,2023,052301155,2,1,1,1,23,5,2,0,0,0,0,0,23,1,E01012367,-1,0,1.0,0.0,-1,6,30,1,4,1,23:20,7,2,23
2023010451226,2023,010451226,2,1,1,2,43,7,2,0,0,0,0,0,1,7,E01002683,-1,0,1.0,0.0,-1,6,30,1,1,1,14:50,7,2,1
2023010468378,2023,010468378,1,1,1,1,46,8,3,0,0,0,0,0,3,3,E01001238,-1,0,0.0,1.0,-1,6,30,1,1,2,18:10,6,2,3
2023471299778,2023,471299778,2,1,1,1,62,9,3,0,0,0,0,0,4,8,E01031564,3,1,0.0,1.0,-1,6,30,1,1,1,18:55,7,2,4
2023991285925,2023,991285925,1,1,1,1,63,9,2,0,0,0,0,0,5,-1,-1,7,1,1.0,0.0,-1,3,30,5,4,2,01:20,1,1,5
2023101323826,2023,101323826,1,1,2,1,19,4,3,0,0,1,0,0,9,3,E01008595,3,1,0.0,1.0,-1,6,30,1,1,1,21:19,4,2,9
2023340WN1172,2023,340WN1172,2,1,2,1,63,9,3,0,0,1,0,0,9,2,E01027243,-1,0,0.03927,0.96073,-1,6,30,3,1,3,13:20,4,2,9
2023501274708,2023,501274708,1,1,1,1,17,4,2,0,0,0,0,0,9,5,E01020331,7,1,1.0,0.0,-1,6,60,1,1,1,07:15,6,1,9
2023041341100,2023,041341100,1,1,3,2,66,10,2,6,9,0,0,0,0,4,E01025065,7,1,1.0,0.0,-1,6,30,1,6,1,19:52,7,1,9
2023991292206,2023,991292206,1,1,3,1,18,4,2,5,3,0,0,2,0,-1,-1,7,1,1.0,0.0,-1,6,30,1,4,1,18:50,4,1,9
2023010429408,2023,010429408,1,1,1,1,43,7,3,0,0,0,0,0,1,3,E01033583,-1,0,0.0,1.0,-1,9,30,1,1,1,08:53,2,2,1
2023471273490,2023,471273490,2,1,1,2,28,6,3,0,0,0,0,0,1,8,E01031505,3,1,0.0,1.0,-1,6,20,1,1,1,12:36,3,2,1
2023401395894,2023,401395894,2,2,1,1,27,6,3,0,0,0,0,0,3,9,E01017414,3,1,0.0,1.0,-1,6,60,1,6,1,16:27,3,2,3
2023421343235,2023,421343235,2,1,1,1,32,6,2,0,0,0,0,0,3,5,E01021443,7,1,1.0,0.0,-1,6,30,1,1,1,14:30,6,2,3
2023501282226,2023,501282226,1,1,1,2,63,9,2,0,0,0,0,0,9,4,E01018965,6,1,1.0,0.0,-1,6,60,1,1,1,10:15,5,1,9
2023010474965,2023,010474965,2,1,1,1,20,4,3,0,0,0,0,0,-1,10,E01030606,-1,0,0.0,1.0,-1,2,20,8,4,1,19:00,2,2,-1
2023052301335,2023,052301335,1,1,3,1,75,10,2,5,3,0,0,0,0,8,E01006524,-1,0,1.0,0.0,-1,6,20,1,1,1,09:04,5,1,9
2023471388709,2023,471388709,1,1,3,1,65,9,3,9,7,0,0,0,0,10,E01031823,3,1,0.0,1.0,-1,6,30,1,4,2,16:35,4,1,98
2023010419716,2023,010419716,2,1,1,1,33,6,3,0,0,0,0,0,1,2,E01023339,-1,0,0.0,1.0,-1,3,30,1,4,2,07:00,5,2,1
2023421386852,2023,421386852,2,1,1,1,-1,-1,3,0,0,0,0,0,1,-1,-1,3,1,0.0,1.0,-1,6,40,9,4,-1,21:30,2,2,1
2023501307155,2023,501307155,2,1,1,2,29,6,3,0,0,0,0,0,9,4,E01018760,3,1,0.0,1.0,-1,6,60,1,1,1,14:45,4,2,9
2023631373701,2023,631373701,1,1,1,1,81,11,2,0,0,0,0,0,9,2,W01000856,5,1,1.0,0.0,-1,1,60,1,4,2,18:55,1,1,9
2023041381540,2023,041381540,1,1,3,1,16,4,2,8,1,0,0,0,0,1,E01025528,5,1,1.0,0.0,-1,3,40,1,4,1,16:30,4,2,9
2023302300601,2023,302300601,1,1,3,2,41,7,3,5,9,0,0,0,0,7,E01019701,-1,0,0.14382,0.85618,-1,6,30,9,1,1,16:50,4,1,9
2023010429881,2023,010429881,1,2,2,-1,-1,-1,3,0,0,1,0,0,9,2,E01003197,-1,0,0.0,1.0,-1,6,30,1,4,1,18:54,7,1,9
2023311272748,2023,311272748,2,1,2,2,58,9,3,0,0,1,0,0,9,-1,-1,3,1,0.0,1.0,-1,6,30,1,1,1,11:00,2,2,9
2023531360845,2023,531360845,3,2,1,1,32,6,3,0,0,0,0,0,5,7,E01015474,3,1,0.0,1.0,-1,6,50,1,1,1,14:55,7,3,5
2023111345598,2023,111345598,1,1,1,2,71,10,2,0,0,0,0,0,9,3,E01020668,5,1,1.0,0.0,-1,6,30,1,1,1,11:21,3,2,9
2023411420291,2023,411420291,1,3,2,1,22,5,3,0,0,1,0,0,9,9,E01023676,3,1,0.0,1.0,-1,7,50,1,4,2,21:39,2,2,9
2023471352591,2023,471352591,2,2,2,2,23,5,3,0,0,0,0,0,90,10,E01021219,3,1,0.0,1.0,-1,6,50,1,1,1,14:40,5,2,90
2023070251827,2023,070251827,1,1,1,2,21,5,3,0,0,0,0,0,9,5,E01018717,-1,0,0.07724,0.92276,-1,6,60,2,6,2,00:44,7,1,9
2023211352619,2023,211352619,1,1,1,1,72,10,3,0,0,0,0,0,9,7,E01029644,3,1,0.0,1.0,-1,6,30,2,1,2,17:46,5,3,9
2023131357831,2023,131357831,2,2,1,1,62,9,2,0,0,0,0,0,9,3,E01010836,7,1,1.0,0.0,-1,6,30,1,4,1,22:00,6,2,9
2023201314129,2023,201314129,1,1,1,1,38,7,3,0,0,0,0,0,9,8,E01009736,3,1,0.0,1.0,-1,3,30,1,1,1,19:00,2,2,9
2023461334210,2023,461334210,2,1,1,2,32,6,2,0,0,0,0,0,9,7,E01024809,7,1,1.0,0.0,-1,6,60,1,1,1,16:20,4,2,9
2023061263373,2023,061263373,1,1,3,1,17,4,2,4,3,0,0,0,0,3,E01006061,7,1,1.0,0.0,-1,6,30,1,4,1,16:15,7,1,9
2023111299246,2023,111299246,1,2,2,1,25,5,3,0,0,-1,0,0,9,5,E01020693,3,1,0.0,1.0,-1,6,30,8,1,1,19:30,4,1,9
2023010482589,2023,010482589,1,1,2,2,49,8,3,0,0,0,3,0,11,4,E01003530,-1,0,0.0,1.0,-1,6,30,8,5,2,14:30,5,1,11
2023361347575,2023,361347575,1,1,1,1,52,8,2,0,0,0,0,0,5,2,E01026607,7,1,1.0,0.0,-1,6,30,1,1,1,16:40,4,2,5
2023211367434,2023,211367434,1,1,3,1,26,6,3,5,1,0,0,0,0,-1,-1,3,1,0.0,1.0,-1,6,30,1,1,1,16:15,4,1,9
2023010426704,2023,010426704,1,1,1,1,23,5,3,0,0,0,0,0,9,10,E01030375,-1,0,0.0,1.0,-1,6,20,1,4,1,02:30,1,2,9
2023471315192,2023,471315192,1,1,1,1,16,4,3,0,0,0,0,0,1,3,E01021178,3,1,0.0,1.0,-1,6,60,1,1,1,17:30,2,2,1
2023061262201,2023,061262201,2,1,1,1,42,7,2,0,0,0,0,0,4,4,E01005116,7,1,1.0,0.0,-1,6,30,1,4,2,16:21,4,2,4
2023211378663,2023,211378663,1,1,1,2,64,9,3,0,0,0,0,0,9,8,E01014314,3,1,0.0,1.0,-1,6,60,1,6,2,17:00,6,2,9
2023351343154,2023,351343154,1,1,1,1,17,4,3,0,0,0,0,0,9,6,E01030112,3,1,0.0,1.0,-1,6,30,1,1,1,12:10,4,2,9
2023451290680,2023,451290680,2,2,1,1,57,9,3,0,0,0,0,0,9,6,E01030557,3,1,0.0,1.0,-1,6,30,1,6,1,19:25,7,2,9
2023622300239,2023,622300239,1,1,1,1,18,4,3,0,0,0,0,0,9,4,W01001281,-1,0,0.05835,0.94165,-1,6,20,1,5,1,06:05,1,4,9
2023361330141,2023,361330141,2,2,1,1,38,7,3,0,0,0,0,0,9,6,E01026629,3,1,0.0,1.0,-1,6,60,1,1,1,10:53,3,2,9
2023401337840,2023,401337840,2,1,1,2,29,6,2,0,0,0,0,0,9,7,E01017548,7,1,1.0,0.0,-1,6,60,1,1,1,13:39,3,3,9
2023542396323,2023,542396323,1,1,1,1,24,5,3,0,0,0,0,0,9,3,W01001449,-1,0,0.11108,0.88892,-1,3,70,1,6,1,01:29,1,1,9