collision_index,collision_year,collision_ref_no,vehicle_reference,casualty_reference,casualty_class,sex_of_casualty,age_of_casualty,age_band_of_casualty,casualty_severity,pedestrian_location,pedestrian_movement,car_passenger,bus_or_coach_passenger,pedestrian_road_maintenance_worker,casualty_type,casualty_imd_decile,lsoa_of_casualty,enhanced_casualty_severity,casualty_injury_based,casualty_adjusted_severity_serious,casualty_adjusted_severity_slight,casualty_distance_banding,road_type,speed_limit,weather_conditions,light_conditions,road_surface_conditions,time,day_of_week,number_of_vehicles,vehicle_type
2023302301770,2023,302301770,1,1,3,1,9,2,2,1,1,0,0,0,0,4,E01013501,-1,0,1.0,0.0,-1,3,30,1,1,2,14:10,7,1,9
2023131265070,2023,131265070,1,1,1,1,58,9,3,0,0,0,0,0,9,5,E01011178,3,1,0.0,1.0,-1,6,30,1,4,2,19:00,3,2,9
2023170L20803,2023,170L20803,2,1,1,2,22,5,3,0,0,0,0,0,9,1,E01012128,-1,0,0.05731,0.94269,-1,3,50,2,1,2,15:34,1,2,9
2023501317287,2023,501317287,2,2,1,1,62,9,3,0,0,0,0,0,9,7,E01015134,3,1,0.0,1.0,-1,3,70,1,1,1,08:27,1,2,9
2023520400338,2023,520400338,1,2,2,2,40,7,2,0,0,1,0,0,9,9,E01029129,-1,0,1.0,0.0,-1,6,20,1,4,1,01:20,3,2,9
2023440148138,2023,440148138,1,1,1,2,25,5,2,0,0,0,0,0,-1,5,E01030724,-1,0,1.0,0.0,-1,6,30,1,4,1,05:49,1,1,-1
2023010441506,2023,010441506,2,1,1,1,22,5,3,0,0,0,0,0,9,5,E01002214,-1,0,0.0,1.0,-1,6,20,1,1,1,12:03,7,2,9
2023231377876,2023,231377876,2,1,1,2,39,7,3,0,0,0,0,0,9,7,E01032588,3,1,0.0,1.0,-1,1,60,1,1,1,10:02,2,2,9
2023231328840,2023,231328840,1,1,3,1,70,10,3,5,1,0,0,0,0,2,E01031044,3,1,0.0,1.0,-1,6,30,1,1,1,15:30,2,1,9
2023371273081,2023,371273081,1,1,3,1,4,1,3,5,9,0,0,2,0,4,E01030169,3,1,0.0,1.0,-1,6,30,1,1,1,15:45,3,1,9
2023461393767,2023,461393767,1,1,3,1,60,9,1,8,3,0,0,0,0,5,E01016034,1,1,0.0,0.0,-1,6,40,1,4,2,21:25,6,1,9
2023161275629,2023,161275629,1,1,2,2,12,3,3,0,0,2,0,0,9,1,E01012858,3,1,0.0,1.0,-1,6,30,1,1,2,16:05,6,2,9
2023361299496,2023,361299496,2,1,1,2,51,8,3,0,0,0,0,0,19,2,E01026865,3,1,0.0,1.0,-1,6,30,1,1,1,15:45,6,3,19
2023320531237,2023,320531237,1,2,1,1,24,5,3,0,0,0,0,0,9,4,E01026366,-1,0,0.09676,0.90324,-1,6,60,2,1,2,15:12,7,1,9
2023361324939,2023,361324939,2,1,1,1,23,5,3,0,0,0,0,0,9,7,E01026723,3,1,0.0,1.0,-1,6,30,1,1,1,11:30,1,2,9
2023302300498,2023,302300498,1,1,3,1,36,7,3,5,9,0,0,0,0,2,E01019463,-1,0,0.08359,0.91641,-1,6,30,9,1,1,14:30,2,1,9
2023131320496,2023,131320496,1,1,1,1,29,6,3,0,0,0,0,0,1,4,E01010834,3,1,0.0,1.0,-1,3,30,1,4,1,02:02,2,2,1
2023451393428,2023,451393428,2,1,1,1,-1,-1,3,0,0,0,0,0,3,-1,-1,3,1,0.0,1.0,-1,6,30,5,4,2,18:40,7,2,3
2023010447788,2023,010447788,2,1,1,1,57,9,3,0,0,0,0,0,5,-1,-1,-1,0,0.0,1.0,-1,3,50,1,1,1,16:41,5,2,5
2023010463398,2023,010463398,1,1,1,2,55,8,3,0,0,0,0,0,9,5,E01000150,-1,0,0.0,1.0,-1,6,20,1,1,1,17:00,4,2,9
2023010472232,2023,010472232,1,1,1,2,24,5,3,0,0,0,0,0,9,4,E01000997,-1,0,0.0,1.0,-1,7,20,1,1,1,07:05,2,2,9
2023520301801,2023,520301801,1,1,1,2,37,7,3,0,0,0,0,0,9,5,E01014961,-1,0,0.04943,0.95057,-1,3,70,1,1,1,11:04,2,6,9
2023622300465,2023,622300465,1,1,1,1,27,6,3,0,0,0,0,0,9,2,W01001142,-1,0,0.03636,0.96364,-1,1,40,1,1,1,08:19,6,2,9
2023991320042,2023,991320042,2,2,2,2,81,11,2,0,0,2,0,0,9,10,-1,6,1,1.0,0.0,-1,6,60,1,1,1,14:25,1,2,9
2023010433523,2023,010433523,1,1,3,1,12,3,3,5,4,0,0,0,0,2,E01003984,-1,0,0.0,1.0,-1,6,20,1,1,2,08:05,4,1,9
2023010454985,2023,010454985,1,1,3,2,49,8,3,8,1,0,0,0,0,-1,-1,-1,0,0.0,1.0,-1,3,20,1,1,1,11:50,5,1,4
2023351347092,2023,351347092,1,1,1,1,46,8,2,0,0,0,0,0,9,6,E01026535,5,1,1.0,0.0,-1,6,60,1,1,1,08:30,3,4,9
2023461274354,2023,461274354,2,1,1,1,38,7,2,0,0,0,0,0,9,9,E01024853,7,1,1.0,0.0,-1,6,60,1,6,1,23:59,1,2,9
2023501367495,2023,501367495,1,1,2,2,8,2,3,0,0,2,0,0,9,5,E01019950,3,1,0.0,1.0,-1,6,60,2,6,2,19:00,5,2,9
2023010438219,2023,010438219,2,1,1,2,28,6,3,0,0,0,0,0,1,1,E01001786,-1,0,0.0,1.0,-1,3,20,1,1,1,13:33,4,2,1
2023010440315,2023,010440315,2,1,1,2,50,8,2,0,0,0,0,0,1,6,E01001997,-1,0,1.0,0.0,-1,6,30,1,1,1,10:19,1,2,1
2023451363559,2023,451363559,1,1,1,1,32,6,3,0,0,0,0,0,9,10,E01022476,3,1,0.0,1.0,-1,3,70,2,1,1,11:47,7,2,9
2023991347341,2023,991347341,2,2,1,1,59,9,2,0,0,0,0,0,9,-1,-1,7,1,1.0,0.0,-1,6,60,1,1,1,14:55,5,2,9
2023201315435,2023,201315435,2,2,2,1,49,8,3,0,0,0,0,0,19,5,E01010554,3,1,0.0,1.0,-1,6,30,1,1,1,07:15,3,2,19
2023041304065,2023,041304065,1,1,1,2,37,7,3,0,0,0,0,0,1,2,E01012709,3,1,0.0,1.0,-1,3,30,1,1,1,11:55,5,2,1
2023332300493,2023,332300493,2,1,1,1,38,7,3,0,0,0,0,0,1,10,E01025780,-1,0,0.02782,0.97218,-1,6,30,1,1,2,19:37,2,2,1
2023010444706,2023,010444706,1,1,1,1,29,6,3,0,0,0,0,0,9,7,E01002226,-1,0,0.0,1.0,-1,7,20,1,1,1,18:25,3,2,9
2023552300188,2023,552300188,1,2,1,1,79,11,3,0,0,0,0,0,9,7,E01020354,-1,0,0.05901,0.94099,-1,6,30,1,1,1,10:25,5,2,9
2023522300474,2023,522300474,1,1,3,2,45,7,3,9,5,0,0,0,0,8,E01014510,-1,0,0.0264,0.9736,-1,6,20,9,4,-1,18:30,2,2,9
2023622300752,2023,622300752,2,2,1,1,22,5,3,0,0,0,0,0,5,1,W01000962,-1,0,0.10377,0.89623,-1,3,30,1,1,1,20:15,4,2,5
2023231380365,2023,231380365,2,2,1,2,35,6,3,0,0,0,0,0,9,6,E01031084,3,1,0.0,1.0,-1,6,30,1,4,1,18:15,5,3,9
2023552400022,2023,552400022,2,1,1,1,45,7,3,0,0,0,0,0,9,3,E01015289,-1,0,0.02699,0.97301,-1,6,30,1,4,1,16:56,5,3,9
2023991338012,2023,991338012,2,1,1,1,42,7,3,0,0,0,0,0,9,6,-1,3,1,0.0,1.0,-1,6,60,1,1,2,20:08,4,2,9
2023010419543,2023,010419543,1,1,2,1,16,4,3,0,0,2,0,0,9,7,E01029642,-1,0,0.0,1.0,-1,6,20,1,4,2,00:27,4,3,9
202354A242723,2023,54A242723,2,1,1,1,33,6,3,0,0,0,0,0,9,5,E01032103,-1,0,0.02345,0.97655,-1,6,30,1,1,1,09:50,4,2,9
2023991368986,2023,991368986,2,2,1,2,49,8,2,0,0,0,0,0,9,6,-1,6,1,1.0,0.0,-1,6,40,1,1,1,11:18,3,2,9
2023201284883,2023,201284883,2,1,2,1,13,3,3,0,0,0,0,0,19,1,E01010095,3,1,0.0,1.0,-1,6,30,1,1,1,16:14,2,2,19
2023522301713,2023,522301713,1,1,1,2,40,7,3,0,0,0,0,0,19,2,W01001872,-1,0,0.01054,0.98946,-1,3,70,1,1,1,17:00,6,2,19
2023010445569,2023,010445569,1,1,3,1,44,7,2,10,9,0,0,0,0,2,E01003932,-1,0,1.0,0.0,-1,6,20,1,4,1,22:35,7,1,9
2023451265059,2023,451265059,1,2,3,2,18,4,3,6,9,0,0,0,0,9,E01030672,3,1,0.0,1.0,-1,3,40,1,1,2,16:25,7,1,9
2023010480455,2023,010480455,2,1,1,1,40,7,3,0,0,0,0,0,1,6,E01003000,-1,0,0.0,1.0,-1,1,20,2,1,2,12:07,2,2,1
2023320383225,2023,320383225,2,1,1,2,8,2,2,0,0,0,0,0,1,10,E01026206,-1,0,1.0,0.0,-1,6,30,1,1,1,15:30,6,2,1
2023430021609,2023,430021609,1,1,1,1,71,10,3,0,0,0,0,0,9,10,E01016561,-1,0,0.10293,0.89707,-1,6,30,1,1,1,15:30,1,3,9
2023010449206,2023,010449206,1,1,2,1,63,9,3,0,0,0,4,0,11,-1,-1,-1,0,0.0,1.0,-1,6,20,1,1,1,12:17,5,1,11
2023101386971,2023,101386971,1,1,1,1,60,9,3,0,0,0,0,0,1,2,E01008512,3,1,0.0,1.0,-1,2,30,1,1,1,15:27,2,2,1
2023421348822,2023,421348822,1,1,1,1,12,3,3,0,0,0,0,0,1,3,E01021269,3,1,0.0,1.0,-1,6,30,8,1,1,15:29,5,2,1
2023302301427,2023,302301427,2,1,1,2,53,8,3,0,0,0,0,0,9,9,E01021547,-1,0,0.01312,0.98688,-1,3,70,2,1,2,15:03,3,2,9
2023320501905,2023,320501905,2,1,1,1,18,4,3,0,0,0,0,0,9,9,E01026182,-1,0,0.0752,0.9248,-1,6,60,1,1,1,14:20,1,2,9
2023320780628,2023,320780628,1,1,1,1,84,11,1,0,0,0,0,0,9,7,E01026257,-1,0,0.0,0.0,-1,3,70,1,4,1,15:35,4,2,9
2023340WN3472,2023,340WN3472,2,1,1,1,55,8,3,0,0,0,0,0,9,5,E01027062,-1,0,0.03402,0.96598,-1,3,70,1,1,1,17:09,5,3,9
2023401392742,2023,401392742,2,1,1,1,20,4,3,0,0,0,0,0,9,4,E01015776,3,1,0.0,1.0,-1,3,30,1,1,-1,13:25,1,2,9
2023461303220,2023,461303220,1,3,2,2,32,6,3,0,0,-1,0,0,9,1,E01024657,3,1,0.0,1.0,-1,6,30,1,1,1,08:40,6,2,9
2023070015757,2023,070015757,2,1,1,1,65,9,3,0,0,0,0,0,1,10,E01018700,-1,0,0.07868,0.92132,-1,3,30,1,4,1,17:24,5,2,1
2023010480759,2023,010480759,2,1,1,1,47,8,3,0,0,0,0,0,3,3,E01000586,-1,0,0.0,1.0,-1,6,20,1,4,1,16:13,3,2,3
2023340WN5432,2023,340WN5432,1,1,1,1,48,8,3,0,0,0,0,0,9,4,E01015638,-1,0,0.12746,0.87254,-1,1,50,1,1,1,14:20,7,2,9
2023421338477,2023,421338477,1,2,2,2,38,7,2,0,0,1,0,0,9,-1,-1,7,1,1.0,0.0,-1,6,40,2,1,2,13:31,7,2,9
2023052400337,2023,052400337,2,1,1,2,40,7,3,0,0,0,0,0,9,5,E01006892,-1,0,0.02633,0.97367,-1,6,30,1,1,1,12:30,1,2,9
2023201291185,2023,201291185,1,1,1,1,57,9,3,0,0,0,0,0,9,2,E01010016,3,1,0.0,1.0,-1,6,30,1,4,1,22:30,2,2,9
2023351281380,2023,351281380,2,1,1,1,52,8,2,0,0,0,0,0,9,7,E01027050,6,1,1.0,0.0,-1,6,60,1,1,2,06:54,6,3,9
2023430124247,2023,430124247,1,1,1,2,66,10,3,0,0,0,0,0,9,5,E01016765,-1,0,0.14844,0.85156,-1,6,60,1,1,1,16:35,2,4,9
2023552301550,2023,552301550,1,1,2,2,36,7,3,0,0,1,0,0,9,-1,-1,-1,0,0.03393,0.96607,-1,6,30,1,1,1,15:26,3,2,9
2023010448553,2023,010448553,1,1,3,1,59,9,3,5,3,0,0,0,0,6,E01003665,-1,0,0.0,1.0,-1,6,30,1,1,1,07:15,5,1,9
2023010471656,2023,010471656,1,1,1,1,37,7,3,0,0,0,0,0,3,-1,-1,-1,0,0.0,1.0,-1,6,20,2,4,2,23:35,5,1,3
2023451302327,2023,451302327,2,1,1,1,66,10,3,0,0,0,0,0,9,10,E01030863,3,1,0.0,1.0,-1,6,30,1,1,1,17:15,7,2,9
2023549246223,2023,549246223,1,1,1,1,18,4,3,0,0,0,0,0,9,6,E01031871,-1,0,0.10615,0.89385,-1,6,30,1,4,1,01:07,7,2,9
2023010455350,2023,010455350,2,2,1,2,70,10,3,0,0,0,0,0,9,5,E01001095,-1,0,0.0,1.0,-1,3,40,1,1,1,09:53,7,2,9
2023421343247,2023,421343247,1,2,2,1,78,11,3,0,0,1,0,0,9,6,E01021404,3,1,0.0,1.0,-1,6,60,1,4,1,20:45,6,2,9
2023421377222,2023,421377222,1,1,1,1,74,10,3,0,0,0,0,0,9,5,E01021976,3,1,0.0,1.0,-1,6,30,1,1,2,14:18,3,2,9
2023552300154,2023,552300154,1,1,1,1,35,6,3,0,0,0,0,0,9,4,E01012760,-1,0,0.01362,0.98638,-1,6,30,1,7,1,17:42,5,2,9
2023010454657,2023,010454657,1,1,1,1,23,5,2,0,0,0,0,0,9,1,E01004222,-1,0,1.0,0.0,-1,3,40,1,1,1,19:22,3,2,9
2023111292447,2023,111292447,2,1,1,2,26,6,3,0,0,0,0,0,9,3,E01020845,3,1,0.0,1.0,-1,6,30,1,4,2,20:20,2,3,9
2023311379148,2023,311379148,2,2,2,2,68,10,3,0,0,1,0,0,9,-1,-1,3,1,0.0,1.0,-1,6,30,1,1,2,15:00,1,2,9
2023332301034,2023,332301034,1,2,2,1,16,4,3,0,0,1,0,0,9,8,E01025810,-1,0,0.01518,0.98482,-1,6,30,2,1,2,13:30,6,2,9
2023070449226,2023,070449226,1,1,2,2,91,11,2,0,0,1,0,0,9,10,E01018690,-1,0,1.0,0.0,-1,6,30,1,1,1,12:15,6,1,9
2023201320650,2023,201320650,2,3,2,1,36,7,3,0,0,1,0,0,9,1,E01009013,3,1,0.0,1.0,-1,6,30,1,1,1,18:59,4,2,9
2023332300138,2023,332300138,1,1,1,1,64,9,3,0,0,0,0,0,1,7,E01025702,-1,0,0.10152,0.89848,-1,6,30,8,1,1,15:05,4,2,1
2023201295796,2023,201295796,2,1,1,1,28,6,3,0,0,0,0,0,3,2,E01009499,3,1,0.0,1.0,-1,6,30,8,1,-1,10:30,6,2,3
2023351320378,2023,351320378,1,1,3,2,49,8,3,6,9,0,0,0,0,8,E01018021,3,1,0.0,1.0,-1,6,30,1,1,1,08:00,5,1,11
2023471313486,2023,471313486,1,1,1,1,42,7,3,0,0,0,0,0,19,4,E01019844,3,1,0.0,1.0,-1,6,40,1,1,1,15:51,4,1,19
2023552301316,2023,552301316,2,1,1,2,76,11,3,0,0,0,0,0,1,4,E01015382,-1,0,0.11005,0.88995,-1,1,30,1,1,1,19:49,2,2,1
2023401347157,2023,401347157,1,1,1,1,17,4,3,0,0,0,0,0,3,7,E01017516,3,1,0.0,1.0,-1,3,40,1,6,1,00:11,2,1,3
2023010469742,2023,010469742,2,1,1,1,34,6,3,0,0,0,0,0,4,9,E01033101,-1,0,0.0,1.0,-1,6,20,1,1,1,10:20,3,2,4
2023122400135,2023,122400135,1,1,3,2,57,9,3,5,3,0,0,0,0,1,E01033076,-1,0,0.13335,0.86665,-1,6,30,3,4,2,16:13,7,1,9
2023010424418,2023,010424418,2,1,1,1,32,6,3,0,0,0,0,0,1,2,E01003551,-1,0,0.0,1.0,-1,6,30,1,1,1,14:20,2,2,1
2023010442720,2023,010442720,1,1,1,1,30,6,2,0,0,0,0,0,1,10,E01003846,-1,0,1.0,0.0,-1,9,20,1,1,2,20:00,3,2,1
2023131349090,2023,131349090,2,1,1,1,25,5,3,0,0,0,0,0,1,-1,-1,3,1,0.0,1.0,-1,6,40,1,1,1,11:30,7,2,1
2023010426604,2023,010426604,2,1,1,1,45,7,3,0,0,0,0,0,9,5,E01002446,-1,0,0.0,1.0,-1,6,30,1,1,1,10:15,7,2,9
2023070418188,2023,070418188,1,2,2,1,25,5,3,0,0,1,0,0,9,-1,-1,-1,0,0.07785,0.92215,-1,3,50,1,1,1,13:00,4,1,9
2023211366962,2023,211366962,2,1,1,2,26,6,3,0,0,0,0,0,9,4,E01029394,3,1,0.0,1.0,-1,6,30,9,7,-1,17:00,2,2,9
2023430342521,2023,430342521,1,1,2,2,14,3,2,0,0,2,0,0,9,-1,-1,-1,0,1.0,0.0,-1,6,20,1,4,1,20:53,3,1,9
2023552301074,2023,552301074,2,3,1,1,43,7,3,0,0,0,0,0,9,5,E01019902,-1,0,0.07271,0.92729,-1,6,60,1,1,1,16:50,2,2,9
2023122400022,2023,122400022,1,1,1,1,34,6,3,0,0,0,0,0,11,5,E01027798,-1,0,0.10595,0.89405,-1,6,60,1,6,2,06:42,3,2,11
2023010448628,2023,010448628,1,1,3,2,19,4,3,5,1,0,0,0,0,3,E01002627,-1,0,0.0,1.0,-1,6,30,2,1,2,17:50,2,1,9
2023010428050,2023,010428050,1,1,1,1,16,4,2,0,0,0,0,0,3,2,E01033148,-1,0,1.0,0.0,-1,6,30,1,1,1,15:41,1,1,3
2023010456960,2023,010456960,1,1,1,1,50,8,3,0,0,0,0,0,5,3,E01001186,-1,0,0.0,1.0,-1,6,20,2,1,2,11:50,2,3,5
2023371295386,2023,371295386,2,4,2,2,17,4,3,0,0,-1,0,0,9,7,E01030096,3,1,0.0,1.0,-1,6,30,1,1,1,18:35,1,2,9
2023411283458,2023,411283458,2,1,1,1,27,6,3,0,0,0,0,0,9,1,E01001545,3,1,0.0,1.0,-1,1,40,1,1,1,08:09,7,2,9
2023461316630,2023,461316630,2,1,1,2,44,7,3,0,0,0,0,0,9,3,E01024239,3,1,0.0,1.0,-1,6,40,1,1,1,18:14,4,4,9
2023991376088,2023,991376088,2,2,1,2,71,10,3,0,0,0,0,0,9,6,-1,3,1,0.0,1.0,-1,6,60,1,1,2,14:20,7,2,9
2023440184616,2023,440184616,1,2,2,1,42,7,3,0,0,0,0,0,21,2,E01001078,-1,0,0.09007,0.90993,-1,3,70,1,1,1,09:34,5,4,21
2023451381516,2023,451381516,1,1,2,2,18,4,3,0,0,1,0,0,9,5,E01030834,3,1,0.0,1.0,-1,6,40,8,6,4,19:40,6,1,9
2023461334227,2023,461334227,2,1,1,1,37,7,3,0,0,0,0,0,4,8,E01024575,3,1,0.0,1.0,-1,6,30,1,1,1,14:03,6,2,4
2023010446564,2023,010446564,1,3,2,2,21,5,3,0,0,2,0,0,9,3,E01004037,-1,0,0.0,1.0,-1,6,20,1,1,1,14:10,6,2,9
2023401328202,2023,401328202,1,3,2,1,41,7,2,0,0,1,0,0,9,-1,-1,5,1,1.0,0.0,-1,6,30,2,4,2,01:34,4,6,9
2023440446491,2023,440446491,1,1,2,2,35,6,3,0,0,1,0,0,9,9,E01023274,-1,0,0.05419,0.94581,-1,6,40,5,1,2,09:26,4,2,9
2023520000510,2023,520000510,1,1,1,1,54,8,3,0,0,0,0,0,9,-1,-1,-1,0,0.05408,0.94592,-1,6,30,1,4,4,01:00,7,2,9
2023991314668,2023,991314668,2,2,2,2,24,5,3,0,0,1,0,0,9,4,-1,3,1,0.0,1.0,-1,7,60,1,1,1,10:30,5,2,9
2023010453288,2023,010453288,1,1,3,2,26,6,3,1,1,0,0,0,0,4,E01000609,-1,0,0.0,1.0,-1,6,20,1,1,1,10:35,4,1,9
2023052300521,2023,052300521,1,1,3,2,80,11,3,6,9,0,0,0,0,1,E01006705,-1,0,0.12254,0.87746,-1,6,30,1,1,1,12:30,4,1,9
2023010482472,2023,010482472,2,1,1,1,36,7,3,0,0,0,0,0,3,1,E01002673,-1,0,0.0,1.0,-1,6,20,1,4,1,01:14,5,4,3
2023010451904,2023,010451904,1,1,2,2,18,4,3,0,0,1,0,0,9,7,E01030859,-1,0,0.0,1.0,-1,6,30,9,7,1,03:25,4,1,9
2023070113124,2023,070113124,2,1,1,1,49,8,3,0,0,0,0,0,9,1,E01012438,-1,0,0.01509,0.98491,-1,1,60,1,1,1,12:11,4,2,9
2023631344641,2023,631344641,2,2,1,1,20,4,3,0,0,0,0,0,9,4,W01000605,3,1,0.0,1.0,-1,6,30,2,1,2,09:45,4,3,9
2023201295281,2023,201295281,1,1,3,1,9,2,3,9,5,0,0,0,0,-1,-1,3,1,0.0,1.0,-1,6,30,1,1,1,16:25,4,1,9
2023010427798,2023,010427798,2,1,1,1,-1,-1,3,0,0,0,0,0,1,-1,-1,-1,0,0.0,1.0,-1,6,30,1,4,1,22:35,5,2,1
2023451364817,2023,451364817,2,1,1,2,65,9,2,0,0,0,0,0,1,8,E01030920,5,1,1.0,0.0,-1,6,30,2,1,1,15:00,5,2,1
2023411399557,2023,411399557,1,1,1,2,65,9,3,0,0,0,0,0,9,3,E01023637,3,1,0.0,1.0,-1,6,30,1,1,1,17:25,4,3,9
2023010430497,2023,010430497,1,1,3,1,40,7,3,4,3,0,0,0,0,9,E01001306,-1,0,0.0,1.0,-1,6,20,9,1,9,09:25,3,1,9
2023101359445,2023,101359445,1,1,3,2,76,11,2,5,1,0,0,0,0,10,E01027509,7,1,1.0,0.0,-1,6,30,1,1,1,09:37,2,1,9
2023010482868,2023,010482868,1,1,1,2,34,6,2,0,0,0,0,0,1,7,E01001890,-1,0,1.0,0.0,-1,3,20,9,1,1,12:00,6,1,1
2023421307189,2023,421307189,2,1,1,1,33,6,3,0,0,0,0,0,9,-1,-1,3,1,0.0,1.0,-1,6,50,1,1,1,15:13,1,2,9
2023070809187,2023,070809187,1,1,3,1,68,10,2,1,1,0,0,0,0,7,E01012524,-1,0,1.0,0.0,-1,6,30,1,1,1,10:35,4,1,9
2023010459836,2023,010459836,1,1,1,-1,50,8,3,0,0,0,0,0,1,3,E01000052,-1,0,0.0,1.0,-1,9,20,9,4,9,22:45,3,2,1
2023041314527,2023,041314527,1,1,3,2,67,10,2,5,1,0,0,0,0,-1,-1,7,1,1.0,0.0,-1,6,30,1,1,1,13:41,7,1,9
2023061325747,2023,061325747,2,1,1,1,32,6,3,0,0,0,0,0,1,9,E01005868,3,1,0.0,1.0,-1,6,40,1,1,1,17:40,6,2,1
2023010474645,2023,010474645,1,1,2,1,25,5,3,0,0,1,0,0,9,8,E01001402,-1,0,0.0,1.0,-1,6,40,2,4,2,04:30,1,1,9
2023041316138,2023,041316138,1,1,1,2,51,8,3,0,0,0,0,0,9,1,E01004859,3,1,0.0,1.0,-1,3,70,1,5,1,02:40,5,2,9
2023061293520,2023,061293520,2,1,1,1,31,6,3,0,0,0,0,0,9,3,E01006007,3,1,0.0,1.0,-1,6,30,1,5,2,18:43,7,2,9
2023332300826,2023,332300826,3,2,1,2,26,6,3,0,0,0,0,0,9,1,E01013602,-1,0,0.04344,0.95656,-1,6,50,1,1,1,08:19,6,3,9
2023440059433,2023,440059433,2,3,1,1,20,4,3,0,0,0,0,0,9,7,E01017256,-1,0,0.02399,0.97601,-1,6,30,1,1,2,12:27,1,2,9
2023622400011,2023,622400011,2,9,2,2,37,7,3,0,0,0,4,0,11,1,W01001251,-1,0,0.02945,0.97055,-1,6,20,2,4,2,19:01,2,2,11
2023031262204,2023,031262204,2,1,1,1,19,4,3,0,0,0,0,0,2,3,E01019161,3,1,0.0,1.0,-1,6,30,2,4,2,16:30,4,2,2
2023131313878,2023,131313878,2,1,1,1,18,4,2,0,0,0,0,0,3,2,E01032492,7,1,1.0,0.0,-1,3,40,1,1,1,14:07,5,2,3
2023991276048,2023,991276048,1,1,3,1,31,6,2,8,5,0,0,0,0,4,-1,7,1,1.0,0.0,-1,6,60,1,6,1,05:45,3,1,20
2023010470342,2023,010470342,1,1,1,1,20,4,3,0,0,0,0,0,1,4,E01002583,-1,0,0.0,1.0,-1,6,20,1,4,1,09:45,4,2,1
2023501352224,2023,501352224,2,1,1,1,67,10,3,0,0,0,0,0,5,9,E01028648,3,1,0.0,1.0,-1,6,60,1,1,1,16:40,4,2,5
2023010426972,2023,010426972,1,1,1,-1,30,6,3,0,0,0,0,0,9,4,E01004419,-1,0,0.0,1.0,-1,6,30,8,1,9,18:30,3,2,9
2023041317953,2023,041317953,2,1,1,1,39,7,3,0,0,0,0,0,19,1,E01007325,3,1,0.0,1.0,-1,6,30,8,1,1,06:03,3,2,19
2023201285241,2023,201285241,2,1,1,1,54,8,3,0,0,0,0,0,1,5,E01008981,3,1,0.0,1.0,-1,6,30,1,1,2,08:05,4,2,1
2023332300116,2023,332300116,2,1,1,1,69,10,3,0,0,0,0,0,1,9,E01025769,-1,0,0.06953,0.93047,-1,6,30,1,4,2,18:39,3,2,1
2023101358677,2023,101358677,2,2,2,1,30,6,3,0,0,1,0,0,9,-1,-1,3,1,0.0,1.0,-1,3,40,2,4,2,18:55,7,2,9
2023061266307,2023,061266307,1,1,3,1,51,8,2,1,1,0,0,0,0,1,E01005381,6,1,1.0,0.0,-1,6,30,1,4,1,06:42,7,1,9
2023111277424,2023,111277424,2,2,2,2,41,7,3,0,0,-1,0,0,9,10,E01020712,3,1,0.0,1.0,-1,3,30,8,1,1,15:50,7,2,9
2023471260045,2023,471260045,2,1,1,2,60,9,3,0,0,0,0,0,9,8,E01016962,3,1,0.0,1.0,-1,3,30,1,1,2,10:20,5,2,9
2023101293515,2023,101293515,1,1,1,1,-1,-1,2,0,0,0,0,0,1,-1,-1,7,1,1.0,0.0,-1,6,20,1,1,1,16:45,7,2,1
2023201394704,2023,201394704,2,3,2,1,50,8,3,0,0,2,0,0,9,2,E01009340,3,1,0.0,1.0,-1,6,30,1,1,1,15:00,7,2,9
2023332300684,2023,332300684,1,1,1,1,29,6,2,0,0,0,0,0,9,4,E01013733,-1,0,1.0,0.0,-1,6,30,1,1,1,15:28,6,2,9
2023471340649,2023,471340649,2,1,1,1,61,9,3,0,0,0,0,0,1,2,E01016909,3,1,0.0,1.0,-1,3,30,1,1,1,09:30,1,2,1
2023440181345,2023,440181345,1,1,1,1,35,6,3,0,0,0,0,0,19,10,E01022897,-1,0,0.05813,0.94187,-1,1,30,1,1,2,06:48,3,2,19
2023320279010,2023,320279010,2,1,1,1,19,4,3,0,0,0,0,0,9,9,E01026405,-1,0,0.06634,0.93366,-1,6,60,1,1,2,07:20,3,2,9
2023010477920,2023,010477920,1,2,2,2,-1,-1,3,0,0,1,0,0,9,3,E01001690,-1,0,0.0,1.0,-1,6,20,1,4,1,18:41,2,1,9
2023131341227,2023,131341227,2,1,2,2,47,8,3,0,0,1,0,0,9,1,E01010928,3,1,0.0,1.0,-1,3,30,1,1,1,13:34,7,2,9
2023131374963,2023,131374963,1,1,1,2,80,11,2,0,0,0,0,0,9,10,E01010946,6,1,1.0,0.0,-1,9,30,1,1,2,15:00,3,4,9
2023522400433,2023,522400433,2,1,1,1,48,8,2,0,0,0,0,0,1,2,E01014810,-1,0,1.0,0.0,-1,6,30,1,1,1,11:50,6,2,1
2023031269950,2023,031269950,2,1,1,1,29,6,3,0,0,0,0,0,9,5,E01019201,3,1,0.0,1.0,-1,6,60,1,6,2,17:56,2,2,9
2023201415523,2023,201415523,2,1,1,2,22,5,3,0,0,0,0,0,9,2,E01014279,3,1,0.0,1.0,-1,6,30,1,1,1,16:15,2,3,9
2023522301845,2023,522301845,2,2,1,2,73,10,3,0,0,0,0,0,9,4,E01032516,-1,0,0.04767,0.95233,-1,6,30,1,1,2,09:22,3,2,9