collision_index,collision_year,collision_ref_no,vehicle_reference,casualty_reference,casualty_class,sex_of_casualty,age_of_casualty,age_band_of_casualty,casualty_severity,pedestrian_location,pedestrian_movement,car_passenger,bus_or_coach_passenger,pedestrian_road_maintenance_worker,casualty_type,casualty_imd_decile,lsoa_of_casualty,enhanced_casualty_severity,casualty_injury_based,casualty_adjusted_severity_serious,casualty_adjusted_severity_slight,casualty_distance_banding,road_type,speed_limit,weather_conditions,light_conditions,road_surface_conditions,time,day_of_week,number_of_vehicles,vehicle_type
2023552400252,2023,552400252,2,2,1,2,59,9,3,0,0,0,0,0,9,6,E01020493,-1,0,0.08187,0.91813,-1,6,60,1,1,2,15:55,7,3,9
2023471265408,2023,471265408,1,1,1,2,26,6,3,0,0,0,0,0,3,1,E01020979,3,1,0.0,1.0,-1,6,30,1,1,4,08:09,5,2,3
2023061358947,2023,061358947,2,2,1,1,36,7,3,0,0,0,0,0,9,-1,-1,3,1,0.0,1.0,-1,6,30,5,4,2,14:00,3,2,9
2023061363633,2023,061363633,2,1,1,2,32,6,3,0,0,0,0,0,9,7,E01005749,3,1,0.0,1.0,-1,6,30,8,1,2,16:02,6,2,9
2023201363333,2023,201363333,2,1,1,1,57,9,2,0,0,0,0,0,3,7,E01029673,7,1,1.0,0.0,-1,6,30,1,1,1,22:07,4,2,3
2023041315587,2023,041315587,1,1,1,1,49,8,2,0,0,0,0,0,5,10,E01024968,7,1,1.0,0.0,-1,6,60,1,1,1,16:30,1,2,5
2023302300203,2023,302300203,1,1,3,-1,21,5,3,5,9,0,0,0,0,2,E01019441,-1,0,0.08356,0.91644,-1,6,30,1,4,1,02:00,7,1,9
2023070769766,2023,070769766,2,1,1,1,9,2,3,0,0,0,0,0,1,3,E01018534,-1,0,0.07281,0.92719,-1,6,30,1,1,1,15:47,6,2,1
2023131316494,2023,131316494,2,2,1,1,47,8,3,0,0,0,0,0,9,5,E01011731,3,1,0.0,1.0,-1,6,30,1,1,1,16:05,5,2,9
2023430010777,2023,430010777,1,2,2,2,10,2,3,0,0,1,0,0,9,10,E01016672,-1,0,0.04641,0.95359,-1,6,30,1,1,2,14:57,1,2,9
2023471352473,2023,471352473,2,1,1,1,41,7,3,0,0,0,0,0,9,8,E01031634,3,1,0.0,1.0,-1,6,40,1,1,1,17:30,4,2,9
2023052302975,2023,052302975,1,1,3,2,63,9,3,5,1,0,0,0,0,8,E01007107,-1,0,0.17853,0.82147,-1,6,20,1,4,1,17:00,4,1,9
2023401371256,2023,401371256,1,1,3,2,18,4,3,5,9,0,0,0,0,4,E01017535,3,1,0.0,1.0,-1,6,30,1,4,2,19:15,6,1,19
2023010471191,2023,010471191,1,1,1,1,28,6,3,0,0,0,0,0,9,2,E01001332,-1,0,0.0,1.0,-1,1,20,1,1,1,10:48,3,2,9
2023131383384,2023,131383384,1,1,1,2,78,11,3,0,0,0,0,0,9,2,E01010981,3,1,0.0,1.0,-1,6,30,1,1,2,11:05,4,2,9
2023141372691,2023,141372691,1,2,2,1,49,8,3,0,0,1,0,0,9,6,-1,3,1,0.0,1.0,-1,3,70,1,1,1,13:18,5,2,9
2023010432591,2023,010432591,1,1,3,1,16,4,3,1,9,0,0,0,0,4,E01001005,-1,0,0.0,1.0,-1,9,20,2,1,2,08:08,5,1,9
2023170S10323,2023,170S10323,1,1,3,1,46,8,2,6,7,0,0,0,0,-1,-1,-1,0,1.0,0.0,-1,6,50,1,4,2,20:05,4,1,9
2023010421105,2023,010421105,1,1,1,1,44,7,3,0,0,0,0,0,3,2,E01003325,-1,0,0.0,1.0,-1,7,20,1,1,9,15:00,6,2,3
2023041274415,2023,041274415,1,1,1,2,52,8,3,0,0,0,0,0,9,4,E01024919,3,1,0.0,1.0,-1,6,30,1,1,1,08:13,5,2,9
2023131370646,2023,131370646,2,1,1,2,31,6,3,0,0,0,0,0,9,5,E01011902,3,1,0.0,1.0,-1,6,30,1,1,1,09:55,2,2,9
2023541997823,2023,541997823,1,1,1,2,56,9,3,0,0,0,0,0,9,8,E01015576,-1,0,0.02255,0.97745,-1,6,30,1,1,2,08:30,5,2,9
202354D252723,2023,54D252723,1,1,1,1,63,9,3,0,0,0,0,0,9,10,E01028746,-1,0,0.06491,0.93509,-1,6,40,1,1,1,12:08,5,2,9
2023320244674,2023,320244674,1,1,1,1,48,8,3,0,0,0,0,0,21,1,E01010965,-1,0,0.1114,0.8886,-1,6,40,9,1,1,20:50,1,1,21
2023340NN1852,2023,340NN1852,1,1,1,1,52,8,2,0,0,0,0,0,5,9,E01027125,-1,0,1.0,0.0,-1,6,60,1,1,1,12:50,4,2,5
2023052301491,2023,052301491,1,2,3,2,75,10,3,5,1,0,0,0,0,6,E01006595,-1,0,0.13817,0.86183,-1,3,30,1,1,1,14:00,3,1,9
2023071122601,2023,071122601,1,1,3,1,80,11,3,5,1,0,0,0,0,8,E01018655,-1,0,0.13203,0.86797,-1,6,30,1,4,1,20:00,5,1,9
2023401342682,2023,401342682,2,2,1,1,56,9,3,0,0,0,0,0,19,9,E01017533,3,1,0.0,1.0,-1,3,50,1,1,1,07:20,2,4,19
2023320273260,2023,320273260,2,1,1,2,18,4,3,0,0,0,0,0,1,-1,-1,-1,0,0.1131,0.8869,-1,6,30,1,1,1,17:01,6,2,1
2023451290283,2023,451290283,1,1,1,1,35,6,3,0,0,0,0,0,5,8,E01000655,3,1,0.0,1.0,-1,6,60,2,6,2,19:15,6,2,5
2023201320655,2023,201320655,1,1,1,2,71,10,2,0,0,0,0,0,9,9,E01029677,6,1,1.0,0.0,-1,6,30,1,1,1,14:17,4,2,9
2023231388180,2023,231388180,1,2,2,2,10,2,3,0,0,2,0,0,9,10,E01031259,3,1,0.0,1.0,-1,6,50,1,6,2,18:51,4,2,9
2023411383346,2023,411383346,1,1,2,1,69,10,3,0,0,1,0,0,9,-1,-1,3,1,0.0,1.0,-1,7,50,1,6,1,20:58,5,2,9
2023010478827,2023,010478827,1,1,1,1,27,6,3,0,0,0,0,0,3,3,E01004533,-1,0,0.0,1.0,-1,6,20,1,4,2,17:46,7,2,3
2023201326987,2023,201326987,2,2,2,2,28,6,3,0,0,2,0,0,8,3,E01009918,3,1,0.0,1.0,-1,3,30,8,4,1,23:50,7,2,8
202354B363923,2023,54B363923,1,1,1,1,42,7,2,0,0,0,0,0,1,8,E01032058,-1,0,1.0,0.0,-1,6,30,7,6,2,00:55,6,2,1
2023010436845,2023,010436845,1,1,3,2,39,7,3,5,3,0,0,0,0,5,E01002481,-1,0,0.0,1.0,-1,6,20,1,1,1,08:40,3,1,9
2023010467781,2023,010467781,1,1,3,1,74,10,3,5,3,0,0,0,0,7,E01000118,-1,0,0.0,1.0,-1,6,30,1,1,1,11:57,7,1,9
2023041361821,2023,041361821,1,1,3,1,86,11,2,5,2,0,0,0,0,3,E01025289,6,1,1.0,0.0,-1,6,20,1,4,1,20:38,2,1,9
2023101277527,2023,101277527,1,1,3,1,84,11,1,8,3,0,0,0,0,1,E01008746,1,1,0.0,0.0,-1,6,30,4,1,1,10:05,6,1,19
2023010475135,2023,010475135,1,1,1,1,41,7,3,0,0,0,0,0,3,6,E01016476,-1,0,0.0,1.0,-1,7,20,9,4,9,19:40,2,2,3
2023010474314,2023,010474314,1,1,1,2,30,6,3,0,0,0,0,0,9,6,E01024314,-1,0,0.0,1.0,-1,1,30,1,1,2,10:30,6,1,9
2023041371375,2023,041371375,2,1,1,2,25,5,2,0,0,0,0,0,9,7,E01025339,5,1,1.0,0.0,-1,6,60,2,4,2,16:35,2,4,9
2023421263390,2023,421263390,1,1,1,1,27,6,3,0,0,0,0,0,9,3,E01012197,3,1,0.0,1.0,-1,6,30,1,4,2,17:00,7,2,9
2023430275163,2023,430275163,1,1,1,2,57,9,3,0,0,0,0,0,9,3,E01016442,-1,0,0.06586,0.93414,-1,6,30,1,1,1,14:35,5,3,9
2023451297518,2023,451297518,2,1,2,2,47,8,3,0,0,1,0,0,9,7,E01030515,3,1,0.0,1.0,-1,6,30,1,1,1,15:15,2,2,9
2023991299828,2023,991299828,2,1,1,1,36,7,3,0,0,0,0,0,9,8,-1,3,1,0.0,1.0,-1,3,30,1,4,1,23:40,7,2,9
2023991309437,2023,991309437,1,2,2,1,23,5,2,0,0,1,0,0,9,5,E01008879,6,1,1.0,0.0,-1,6,40,1,4,1,21:50,6,2,9
2023161365786,2023,161365786,1,1,3,1,35,6,1,5,1,0,0,2,0,2,E01013187,1,1,0.0,0.0,-1,3,70,1,6,1,02:33,2,1,21
2023991265965,2023,991265965,2,1,1,2,34,6,3,0,0,0,0,0,9,3,-1,3,1,0.0,1.0,-1,7,30,1,6,4,19:00,5,2,9
2023531263079,2023,531263079,1,1,3,1,11,3,2,8,7,0,0,0,0,4,E01022399,7,1,1.0,0.0,-1,6,30,1,1,2,08:23,6,1,9
2023010466736,2023,010466736,2,1,1,-1,-1,-1,3,0,0,0,0,0,1,-1,-1,-1,0,0.0,1.0,-1,7,30,1,1,2,08:30,2,2,1
2023991298106,2023,991298106,1,1,1,1,24,5,3,0,0,0,0,0,5,9,-1,3,1,0.0,1.0,-1,6,60,1,1,1,17:30,3,2,5
2023010427163,2023,010427163,1,1,1,1,58,9,3,0,0,0,0,0,1,10,E01002960,-1,0,0.0,1.0,-1,6,30,1,4,1,18:45,4,2,1
2023211322276,2023,211322276,2,1,1,1,55,8,2,0,0,0,0,0,3,5,E01029365,7,1,1.0,0.0,-1,6,60,1,1,1,12:15,7,2,3
2023010450475,2023,010450475,1,1,2,1,77,11,2,0,0,0,3,0,11,3,E01003998,-1,0,1.0,0.0,-1,3,30,1,1,1,11:40,4,2,11
2023421324149,2023,421324149,1,1,1,2,34,6,3,0,0,0,0,0,9,-1,-1,3,1,0.0,1.0,-1,6,30,2,1,1,08:50,4,2,9
2023041361914,2023,041361914,1,1,1,2,54,8,3,0,0,0,0,0,9,8,E01025409,3,1,0.0,1.0,-1,6,20,1,1,1,13:30,1,2,9
2023201339727,2023,201339727,2,1,2,1,-1,-1,3,0,0,2,0,0,9,-1,-1,3,1,0.0,1.0,-1,3,30,1,1,1,13:45,3,2,9
2023471364165,2023,471364165,2,1,1,1,69,10,3,0,0,0,0,0,9,2,E01020911,3,1,0.0,1.0,-1,6,30,1,1,2,08:45,4,2,9
2023471365698,2023,471365698,1,2,1,1,72,10,3,0,0,0,0,0,9,3,E01022904,3,1,0.0,1.0,-1,3,70,2,1,2,09:40,7,2,9
2023991327584,2023,991327584,1,1,1,1,26,6,3,0,0,0,0,0,9,-1,-1,3,1,0.0,1.0,-1,6,20,2,4,2,01:46,1,1,9
2023991345141,2023,991345141,1,1,1,1,26,6,2,0,0,0,0,0,9,7,-1,7,1,1.0,0.0,-1,6,60,1,6,1,23:36,1,1,9
2023070983785,2023,070983785,1,1,3,2,12,3,3,1,9,0,0,0,0,3,E01012391,-1,0,0.0561,0.9439,-1,6,30,1,1,1,08:00,2,1,9
2023141284877,2023,141284877,1,1,3,1,11,3,3,6,9,0,0,0,0,-1,-1,3,1,0.0,1.0,-1,6,30,3,4,2,18:30,4,1,9
2023010427329,2023,010427329,2,1,1,2,30,6,3,0,0,0,0,0,3,-1,-1,-1,0,0.0,1.0,-1,2,20,1,1,1,09:36,4,2,3
2023010422027,2023,010422027,1,1,1,1,44,7,3,0,0,0,0,0,9,3,E01002015,-1,0,0.0,1.0,-1,1,40,1,1,1,08:30,4,2,9
2023201391923,2023,201391923,2,1,1,1,21,5,3,0,0,0,0,0,9,1,E01008887,3,1,0.0,1.0,-1,6,30,4,4,1,19:00,5,2,9
2023211355586,2023,211355586,1,1,1,1,44,7,3,0,0,0,0,0,9,6,E01029667,3,1,0.0,1.0,-1,6,30,9,1,1,17:30,2,2,9
2023061325191,2023,061325191,1,1,1,1,46,8,3,0,0,0,0,0,1,3,E01006114,3,1,0.0,1.0,-1,3,30,1,1,1,15:00,2,2,1
2023010462803,2023,010462803,1,1,3,1,49,8,3,10,9,0,0,0,0,2,E01004001,-1,0,0.0,1.0,-1,9,20,9,1,1,18:50,3,1,9
2023101294642,2023,101294642,1,1,3,2,69,10,2,6,9,0,0,0,0,5,E01027384,7,1,1.0,0.0,-1,6,30,1,1,1,12:32,6,1,9
2023991347472,2023,991347472,1,2,2,2,32,6,3,0,0,0,0,0,5,8,-1,3,1,0.0,1.0,-1,6,60,1,1,1,09:40,5,2,5
2023010432459,2023,010432459,1,1,3,1,48,8,3,4,1,0,0,0,0,-1,-1,-1,0,0.0,1.0,-1,6,20,1,1,1,08:59,4,1,1
2023010439908,2023,010439908,1,1,3,1,40,7,3,5,2,0,0,0,0,-1,-1,-1,0,0.0,1.0,-1,3,30,2,4,2,20:42,5,1,8
2023141322548,2023,141322548,1,1,3,2,20,4,3,8,1,0,0,0,0,-1,-1,3,1,0.0,1.0,-1,6,30,1,4,1,03:33,1,1,9
2023231281915,2023,231281915,1,1,3,1,53,8,3,9,5,0,0,0,0,1,E01032531,3,1,0.0,1.0,-1,6,50,1,1,1,13:15,2,1,9
2023201296329,2023,201296329,2,1,1,1,77,11,3,0,0,0,0,0,9,2,E01009751,3,1,0.0,1.0,-1,6,30,3,1,3,11:23,5,2,9
2023461361875,2023,461361875,2,1,1,2,39,7,3,0,0,0,0,0,9,6,E01024022,3,1,0.0,1.0,-1,7,40,1,1,1,12:45,3,2,9
2023520400585,2023,520400585,2,2,1,1,86,11,3,0,0,0,0,0,9,5,E01029279,-1,0,0.09845,0.90155,-1,6,60,2,1,2,16:28,4,2,9
2023622300845,2023,622300845,2,2,1,1,87,11,3,0,0,0,0,0,22,8,W01000843,-1,0,0.1467,0.8533,-1,6,20,1,1,1,14:01,3,2,22
2023010452121,2023,010452121,1,1,1,1,34,6,3,0,0,0,0,0,3,-1,-1,-1,0,0.0,1.0,-1,6,30,1,1,1,22:31,4,2,3
2023201278229,2023,201278229,2,4,2,2,1,1,3,0,0,1,0,0,9,6,E01029832,3,1,0.0,1.0,-1,1,30,1,1,2,09:34,5,2,9
2023201283957,2023,201283957,1,1,1,2,44,7,3,0,0,0,0,0,9,2,E01010535,3,1,0.0,1.0,-1,6,30,1,1,1,16:03,5,2,9
2023351352464,2023,351352464,2,1,1,1,75,10,3,0,0,0,0,0,9,5,E01015669,3,1,0.0,1.0,-1,6,60,1,1,1,15:06,3,3,9
2023361368818,2023,361368818,1,1,3,1,74,10,2,5,1,0,0,0,0,5,E01026703,7,1,1.0,0.0,-1,6,20,1,1,1,19:30,2,1,9
2023552300712,2023,552300712,1,1,3,2,36,7,2,1,1,0,0,0,0,8,E01015335,-1,0,1.0,0.0,-1,6,30,1,1,1,09:01,3,1,9
2023041339584,2023,041339584,1,1,1,1,19,4,2,0,0,0,0,0,1,1,E01025083,5,1,1.0,0.0,-1,6,30,1,1,1,14:21,3,2,1
2023010427319,2023,010427319,1,1,1,1,26,6,3,0,0,0,0,0,3,1,E01003048,-1,0,0.0,1.0,-1,6,20,1,1,1,11:40,4,2,3
2023451386918,2023,451386918,1,1,1,1,23,5,2,0,0,0,0,0,4,4,E01030746,7,1,1.0,0.0,-1,3,30,1,1,1,15:00,2,2,4
2023111298493,2023,111298493,1,1,3,2,52,8,3,6,9,0,0,0,0,5,E01012363,3,1,0.0,1.0,-1,6,30,1,1,1,15:20,2,1,9
2023622300285,2023,622300285,1,1,1,1,49,8,2,0,0,0,0,0,1,10,W01000903,-1,0,1.0,0.0,-1,3,60,1,1,1,11:59,7,2,1
2023351391059,2023,351391059,2,1,1,2,41,7,3,0,0,0,0,0,22,7,E01018043,3,1,0.0,1.0,-1,6,30,1,1,1,12:30,2,2,22
2023302301699,2023,302301699,1,1,1,-1,-1,-1,3,0,0,0,0,0,-1,5,E01019456,-1,0,0.02801,0.97199,-1,6,30,2,1,2,15:45,2,2,-1
2023052301226,2023,052301226,1,1,3,1,6,2,2,5,1,0,0,0,0,1,E01012430,-1,0,1.0,0.0,-1,6,20,1,1,1,17:35,7,1,9
2023430263802,2023,430263802,2,1,1,2,49,8,3,0,0,0,0,0,1,9,E01028642,-1,0,0.04911,0.95089,-1,6,30,1,1,1,06:45,5,2,1
2023451371274,2023,451371274,2,1,1,1,35,6,2,0,0,0,0,0,1,5,E01030739,7,1,1.0,0.0,-1,6,30,1,1,1,06:30,2,2,1
2023010441167,2023,010441167,1,1,1,1,28,6,2,0,0,0,0,0,3,4,E01016512,-1,0,1.0,0.0,-1,6,30,1,1,1,17:23,5,2,3
2023010436510,2023,010436510,2,1,1,1,26,6,3,0,0,0,0,0,4,3,E01003589,-1,0,0.0,1.0,-1,6,30,1,1,1,14:02,7,2,4
2023440428561,2023,440428561,2,1,1,1,50,8,3,0,0,0,0,0,4,1,E01017218,-1,0,0.19792,0.80208,-1,6,30,1,1,1,14:20,5,2,4
2023451294617,2023,451294617,2,1,2,2,42,7,3,0,0,2,0,0,9,-1,-1,3,1,0.0,1.0,-1,6,30,1,1,1,14:00,6,3,9
2023552300718,2023,552300718,1,1,1,2,74,10,3,0,0,0,0,0,9,1,E01020552,-1,0,0.05583,0.94417,-1,6,30,1,1,1,11:54,1,2,9
2023201399014,2023,201399014,1,1,3,1,81,11,2,1,3,0,0,0,0,2,E01009266,6,1,1.0,0.0,-1,6,30,8,4,2,22:00,7,1,9
2023361289581,2023,361289581,1,1,3,2,65,9,2,1,1,0,0,0,0,7,E01026837,7,1,1.0,0.0,-1,6,20,1,1,1,17:25,4,2,9
2023010427178,2023,010427178,1,1,1,1,31,6,3,0,0,0,0,0,1,6,E01004532,-1,0,0.0,1.0,-1,6,30,1,1,1,17:10,3,2,1
2023421377368,2023,421377368,2,1,1,2,59,9,3,0,0,0,0,0,4,8,E01021371,3,1,0.0,1.0,-1,6,30,1,1,1,09:45,7,2,4
2023461346880,2023,461346880,1,1,3,1,10,2,3,1,3,0,0,0,0,3,E01024239,3,1,0.0,1.0,-1,6,30,1,1,1,17:00,4,1,9
2023440388489,2023,440388489,2,1,1,1,37,7,3,0,0,0,0,0,5,10,E01022974,-1,0,0.14042,0.85958,-1,1,70,1,1,1,09:40,7,2,5
2023440129277,2023,440129277,1,1,1,1,52,8,3,0,0,0,0,0,9,6,E01023013,-1,0,0.09735,0.90265,-1,6,30,2,1,2,15:10,7,1,9
2023320280474,2023,320280474,1,1,1,1,19,4,3,0,0,0,0,0,3,6,E01026398,-1,0,0.17614,0.82386,-1,6,60,2,1,2,14:30,3,1,3
2023061331576,2023,061331576,1,1,3,2,10,2,3,5,1,0,0,0,0,7,E01004781,3,1,0.0,1.0,-1,6,20,1,1,1,15:20,5,1,9
2023461332968,2023,461332968,1,1,3,2,3,1,3,6,9,0,0,0,0,1,E01024614,3,1,0.0,1.0,-1,6,20,1,1,1,14:15,5,1,3
2023991286740,2023,991286740,1,1,3,1,13,3,2,8,1,0,0,2,0,2,-1,7,1,1.0,0.0,-1,6,30,1,1,1,15:45,3,1,19
2023061271169,2023,061271169,1,1,1,1,37,7,2,0,0,0,0,0,9,-1,-1,7,1,1.0,0.0,-1,3,70,1,1,1,22:40,4,1,9
2023440048057,2023,440048057,1,1,1,2,47,8,3,0,0,0,0,0,9,10,E01030906,-1,0,0.14252,0.85748,-1,6,60,1,1,1,15:58,7,2,9
2023471338396,2023,471338396,1,2,2,2,23,5,3,0,0,2,0,0,9,6,E01021152,3,1,0.0,1.0,-1,6,60,1,6,1,21:42,7,1,9
2023010455977,2023,010455977,1,1,1,1,35,6,3,0,0,0,0,0,1,2,E01000998,-1,0,0.0,1.0,-1,1,20,1,1,9,10:58,1,2,1
2023141356430,2023,141356430,2,1,1,1,25,5,3,0,0,0,0,0,1,-1,-1,3,1,0.0,1.0,-1,6,30,1,1,2,08:43,3,2,1
2023231276054,2023,231276054,2,1,1,2,42,7,3,0,0,0,0,0,1,5,E01031131,3,1,0.0,1.0,-1,1,30,1,1,1,15:20,3,2,1
2023010452430,2023,010452430,1,1,1,1,48,8,3,0,0,0,0,0,1,6,E01002332,-1,0,0.0,1.0,-1,6,30,1,1,1,08:55,6,2,1
2023010458037,2023,010458037,1,1,1,2,59,9,2,0,0,0,0,0,1,-1,-1,-1,0,1.0,0.0,-1,6,20,1,1,1,12:30,6,2,1
2023161303591,2023,161303591,1,1,3,1,13,3,3,4,3,0,0,0,0,6,E01012959,3,1,0.0,1.0,-1,6,30,1,1,1,15:47,5,1,9
2023052302845,2023,052302845,2,1,1,1,60,9,3,0,0,0,0,0,19,4,E01006976,-1,0,0.02255,0.97745,-1,6,30,1,1,1,10:40,3,2,19
2023010420426,2023,010420426,1,1,3,2,-1,-1,3,10,9,0,0,0,0,-1,-1,-1,0,0.0,1.0,-1,6,30,1,1,1,14:00,2,1,9
2023332300262,2023,332300262,1,1,3,1,55,8,2,10,9,0,0,0,0,7,E01013808,-1,0,1.0,0.0,-1,6,60,1,1,1,06:45,5,1,21
2023010485624,2023,010485624,2,1,1,1,33,6,2,0,0,0,0,0,1,4,E01004551,-1,0,1.0,0.0,-1,6,20,1,4,1,17:32,6,2,1
202360A100024,2023,60A100024,2,1,1,1,54,8,3,0,0,0,0,0,1,-1,-1,-1,0,0.21937,0.78063,-1,6,30,1,1,1,17:00,2,2,1
2023311345737,2023,311345737,2,1,1,1,31,6,3,0,0,0,0,0,3,-1,-1,3,1,0.0,1.0,-1,6,30,1,1,1,17:00,5,2,3
2023311282692,2023,311282692,2,2,2,2,40,7,3,0,0,2,0,0,9,1,E01013839,3,1,0.0,1.0,-1,6,30,1,1,1,11:30,7,2,9
2023351360216,2023,351360216,2,1,2,2,54,8,3,0,0,1,0,0,9,2,E01015633,3,1,0.0,1.0,-1,1,30,1,1,2,14:07,2,2,9
2023010428653,2023,010428653,2,2,1,1,19,4,3,0,0,0,0,0,-1,4,E01000960,-1,0,0.0,1.0,-1,6,20,1,4,1,19:40,4,2,-1
2023010429320,2023,010429320,2,1,1,2,29,6,3,0,0,0,0,0,1,7,E01002115,-1,0,0.0,1.0,-1,6,30,8,1,1,17:45,1,2,1
2023010436742,2023,010436742,2,1,1,1,31,6,3,0,0,0,0,0,1,1,E01001845,-1,0,0.0,1.0,-1,6,20,1,1,1,17:46,2,2,1
2023201389606,2023,201389606,1,1,3,2,51,8,2,1,3,0,0,2,0,1,E01008998,6,1,1.0,0.0,-1,3,40,4,1,1,08:27,2,1,9
2023411319072,2023,411319072,1,1,3,2,44,7,2,5,9,0,0,-1,0,9,E01023674,7,1,1.0,0.0,-1,6,30,1,1,-1,15:35,3,1,1
2023010433308,2023,010433308,2,1,1,1,25,5,3,0,0,0,0,0,3,5,E01000512,-1,0,0.0,1.0,-1,3,20,2,1,2,14:40,2,2,3
2023041312091,2023,041312091,1,1,1,1,39,7,3,0,0,0,0,0,1,6,E01025114,3,1,0.0,1.0,-1,6,30,8,7,2,14:26,5,2,1
2023010427753,2023,010427753,1,1,3,1,63,9,3,1,1,0,0,0,0,4,E01003559,-1,0,0.0,1.0,-1,7,30,1,1,1,11:15,3,1,9
2023471309006,2023,471309006,2,1,1,1,75,10,3,0,0,0,0,0,1,8,E01031420,3,1,0.0,1.0,-1,1,30,1,1,1,17:20,5,2,1
2023622300443,2023,622300443,2,2,1,1,20,4,2,0,0,0,0,0,3,9,W01000969,-1,0,1.0,0.0,-1,6,30,1,1,1,19:21,3,2,3
2023010465452,2023,010465452,1,1,1,2,38,7,3,0,0,0,0,0,9,7,E01002577,-1,0,0.0,1.0,-1,3,40,1,1,1,15:30,2,2,9
2023061328434,2023,061328434,2,3,2,2,4,1,3,0,0,2,0,0,9,5,E01005248,3,1,0.0,1.0,-1,3,30,1,1,1,17:15,4,2,9
2023430031544,2023,430031544,1,1,2,1,21,5,2,0,0,1,0,0,9,2,E01028514,-1,0,1.0,0.0,-1,6,60,1,6,4,17:58,7,1,9
2023451285014,2023,451285014,1,1,1,1,36,7,3,0,0,0,0,0,9,5,E01030974,3,1,0.0,1.0,-1,6,30,2,1,2,06:42,5,1,9
2023471330388,2023,471330388,2,2,1,2,39,7,2,0,0,0,0,0,9,8,E01031439,6,1,1.0,0.0,-1,6,50,1,6,1,20:57,5,2,9
2023501370718,2023,501370718,2,1,1,1,25,5,3,0,0,0,0,0,9,4,E01020057,3,1,0.0,1.0,-1,6,40,1,4,2,20:47,7,2,9
2023520301805,2023,520301805,1,1,1,2,53,8,3,0,0,0,0,0,9,3,E01029096,-1,0,0.0498,0.9502,-1,6,30,1,1,1,14:00,1,3,9
2023421300747,2023,421300747,2,1,1,2,40,7,3,0,0,0,0,0,9,3,E01003788,3,1,0.0,1.0,-1,1,30,1,1,1,18:02,6,2,9
2023461338381,2023,461338381,1,1,1,1,56,9,3,0,0,0,0,0,9,-1,-1,3,1,0.0,1.0,-1,6,60,2,1,2,09:05,6,2,9
2023221396455,2023,221396455,1,1,1,2,43,7,3,0,0,0,0,0,9,2,E01014115,3,1,0.0,1.0,-1,6,30,1,4,1,21:30,6,2,9
2023351372965,2023,351372965,2,3,2,2,13,3,3,0,0,1,0,0,9,-1,-1,3,1,0.0,1.0,-1,3,70,1,1,1,13:05,4,2,9
2023061272712,2023,061272712,2,1,1,2,45,7,2,0,0,0,0,0,9,7,E01005875,7,1,1.0,0.0,-1,6,30,1,4,1,16:41,6,2,9
2023131312576,2023,131312576,1,1,2,1,13,3,3,0,0,1,0,0,9,3,E01011936,3,1,0.0,1.0,-1,6,30,1,1,1,13:35,7,2,9
2023451344374,2023,451344374,1,3,1,1,23,5,3,0,0,0,0,0,9,8,E01021170,3,1,0.0,1.0,-1,3,70,1,1,1,16:20,2,2,9
2023451376121,2023,451376121,1,2,2,2,12,3,3,0,0,1,0,0,9,5,E01030531,3,1,0.0,1.0,-1,6,30,1,1,2,13:25,7,2,9
2023122300480,2023,122300480,3,1,1,2,42,7,3,0,0,0,0,0,9,9,E01013414,-1,0,0.02446,0.97554,-1,6,60,1,1,1,15:43,6,3,9
2023141392369,2023,141392369,1,1,1,2,68,10,3,0,0,0,0,0,9,7,E01027685,3,1,0.0,1.0,-1,6,30,2,7,2,17:30,3,2,9
2023411356784,2023,411356784,2,1,1,2,28,6,3,0,0,0,0,0,9,5,E01023560,3,1,0.0,1.0,-1,9,30,9,1,-1,12:30,2,2,9
2023471330826,2023,471330826,2,1,1,1,56,9,3,0,0,0,0,0,9,3,E01021185,3,1,0.0,1.0,-1,6,30,1,1,1,08:00,3,3,9
2023501395048,2023,501395048,1,1,2,2,-1,-1,2,0,0,1,0,0,9,-1,-1,7,1,1.0,0.0,-1,1,40,4,1,2,14:00,4,2,9
2023052300227,2023,052300227,1,1,1,1,12,3,3,0,0,0,0,0,1,1,E01007204,-1,0,0.09937,0.90063,-1,6,20,1,1,1,08:25,3,2,1
2023010428316,2023,010428316,1,1,1,1,24,5,3,0,0,0,0,0,3,2,E01003580,-1,0,0.0,1.0,-1,6,20,1,4,1,21:31,2,1,3
2023122400129,2023,122400129,1,1,3,1,76,11,3,10,9,0,0,0,0,8,E01027566,-1,0,0.07896,0.92104,-1,6,30,1,1,1,14:00,4,1,21
2023010462383,2023,010462383,4,3,1,1,40,7,3,0,0,0,0,0,9,2,E01001631,-1,0,0.0,1.0,-1,3,50,1,1,1,16:35,6,4,9
2023061320937,2023,061320937,2,2,1,1,53,8,2,0,0,0,0,0,9,7,E01029771,6,1,1.0,0.0,-1,3,30,1,1,1,18:04,3,3,9
2023201374595,2023,201374595,2,2,1,1,28,6,3,0,0,0,0,0,9,1,E01009300,3,1,0.0,1.0,-1,6,30,1,1,1,09:09,1,2,9
2023340WN3312,2023,340WN3312,1,1,1,1,81,11,3,0,0,0,0,0,9,9,E01027307,-1,0,0.11797,0.88203,-1,6,30,1,1,1,11:22,5,3,9
2023440062717,2023,440062717,1,1,1,2,74,10,2,0,0,0,0,0,9,9,E01022947,-1,0,1.0,0.0,-1,6,30,1,1,1,16:20,3,1,9