collision_index,collision_year,collision_ref_no,vehicle_reference,casualty_reference,casualty_class,sex_of_casualty,age_of_casualty,age_band_of_casualty,casualty_severity,pedestrian_location,pedestrian_movement,car_passenger,bus_or_coach_passenger,pedestrian_road_maintenance_worker,casualty_type,casualty_imd_decile,lsoa_of_casualty,enhanced_casualty_severity,casualty_injury_based,casualty_adjusted_severity_serious,casualty_adjusted_severity_slight,casualty_distance_banding,road_type,speed_limit,weather_conditions,light_conditions,road_surface_conditions,time,day_of_week,number_of_vehicles,vehicle_type
2023010470556,2023,010470556,1,2,3,1,77,11,3,7,9,0,0,0,0,4,E01004611,-1,0,0.0,1.0,-1,6,30,1,1,1,10:00,7,1,9
2023010475496,2023,010475496,1,1,3,1,47,8,3,5,1,0,0,0,0,1,E01003516,-1,0,0.0,1.0,-1,6,30,2,1,2,15:26,4,1,9
2023332300914,2023,332300914,2,1,1,1,60,9,3,0,0,0,0,0,1,5,E01013729,-1,0,0.07436,0.92564,-1,6,30,1,1,1,09:35,7,2,1
2023131295984,2023,131295984,2,1,1,2,24,5,3,0,0,0,0,0,9,1,E01010803,3,1,0.0,1.0,-1,3,30,1,1,2,16:40,3,2,9
2023010482063,2023,010482063,1,1,3,2,49,8,3,1,1,0,0,0,0,4,E01003560,-1,0,0.0,1.0,-1,9,30,9,1,9,10:05,2,1,9
2023010467719,2023,010467719,1,1,1,1,42,7,3,0,0,0,0,0,9,4,E01003781,-1,0,0.0,1.0,-1,6,20,1,1,1,11:53,6,2,9
2023421297163,2023,421297163,1,1,1,2,39,7,3,0,0,0,0,0,9,2,E01021686,3,1,0.0,1.0,-1,1,60,1,1,1,15:47,1,2,9
2023991272535,2023,991272535,1,1,2,2,85,11,3,0,0,1,0,0,9,9,-1,3,1,0.0,1.0,-1,6,60,8,1,1,11:45,4,3,9
2023010467270,2023,010467270,1,1,3,1,54,8,2,1,1,0,0,0,0,2,E01017132,-1,0,1.0,0.0,-1,6,20,2,4,2,20:10,4,1,11
2023411399068,2023,411399068,2,2,1,1,25,5,3,0,0,0,0,0,19,6,E01023600,3,1,0.0,1.0,-1,6,30,1,4,1,17:30,1,2,19
2023522301074,2023,522301074,1,1,1,1,27,6,3,0,0,0,0,0,19,1,E01014597,-1,0,0.00607,0.99393,-1,6,20,1,1,1,13:55,2,2,19
2023991374536,2023,991374536,1,1,1,1,59,9,3,0,0,0,0,0,19,10,-1,3,1,0.0,1.0,-1,6,40,1,1,1,11:55,6,2,19
2023010423087,2023,010423087,1,1,3,2,69,10,2,6,9,0,0,0,0,4,E01003210,-1,0,1.0,0.0,-1,6,20,1,1,1,15:03,2,1,22
2023010428456,2023,010428456,2,1,1,1,14,3,3,0,0,0,0,0,1,4,E01004487,-1,0,0.0,1.0,-1,6,30,1,1,1,16:25,3,2,1
2023122300292,2023,122300292,2,1,1,1,56,9,3,0,0,0,0,0,4,5,E01027775,-1,0,0.2134,0.7866,-1,6,60,1,1,1,11:06,1,2,4
2023010431349,2023,010431349,1,1,3,1,5,1,3,5,1,0,0,0,0,4,E01001097,-1,0,0.0,1.0,-1,6,20,5,1,2,08:30,6,1,8
2023010471912,2023,010471912,1,1,3,2,6,2,2,5,4,0,0,0,0,5,E01003195,-1,0,1.0,0.0,-1,6,20,1,1,1,16:49,6,1,9
2023991391495,2023,991391495,2,2,1,1,55,8,3,0,0,0,0,0,19,-1,-1,3,1,0.0,1.0,-1,6,60,1,1,2,08:55,6,2,19
2023061348370,2023,061348370,2,1,1,1,28,6,2,0,0,0,0,0,1,1,E01005061,6,1,1.0,0.0,-1,3,30,1,1,1,14:40,3,2,1
2023471300521,2023,471300521,2,1,1,1,48,8,3,0,0,0,0,0,1,8,E01031618,3,1,0.0,1.0,-1,6,30,1,1,1,06:45,3,2,1
2023531393600,2023,531393600,2,1,1,1,34,6,2,0,0,0,0,0,1,8,E01022423,7,1,1.0,0.0,-1,3,60,1,4,2,23:00,1,2,1
2023451363453,2023,451363453,1,1,3,2,82,11,3,1,1,0,0,0,0,8,E01030920,3,1,0.0,1.0,-1,6,30,1,1,1,10:10,1,1,9
2023061348834,2023,061348834,2,1,1,1,11,3,3,0,0,0,0,0,1,-1,-1,3,1,0.0,1.0,-1,6,30,1,1,1,13:55,7,2,1
2023430337567,2023,430337567,1,1,1,1,61,9,3,0,0,0,0,0,1,10,E01032956,-1,0,0.16999,0.83001,-1,6,30,1,1,1,13:05,3,2,1
2023010478953,2023,010478953,2,1,1,1,26,6,3,0,0,0,0,0,3,3,E01002405,-1,0,0.0,1.0,-1,3,20,1,4,1,17:45,1,2,3
2023221340171,2023,221340171,1,3,3,2,63,9,2,6,9,0,0,0,0,5,E01032196,6,1,1.0,0.0,-1,6,30,1,1,1,12:00,3,4,9
2023010464439,2023,010464439,1,1,1,1,29,6,2,0,0,0,0,0,1,8,E01003138,-1,0,1.0,0.0,-1,6,20,1,1,1,07:50,4,2,1
2023010430657,2023,010430657,1,1,1,1,28,6,3,0,0,0,0,0,3,5,E01002219,-1,0,0.0,1.0,-1,1,30,1,4,1,16:50,7,2,3
2023031343383,2023,031343383,1,1,1,2,49,8,2,0,0,0,0,0,2,-1,-1,7,1,1.0,0.0,-1,6,30,1,1,1,14:00,7,2,2
2023501357448,2023,501357448,1,1,3,1,42,7,3,7,3,0,0,0,0,4,E01015185,3,1,0.0,1.0,-1,2,30,2,1,2,15:40,5,1,19
2023991375058,2023,991375058,1,1,3,1,13,3,3,9,7,0,0,2,0,2,-1,3,1,0.0,1.0,-1,6,20,2,7,2,16:29,3,1,9
2023010443905,2023,010443905,1,1,1,2,54,8,2,0,0,0,0,0,1,8,E01003807,-1,0,1.0,0.0,-1,3,30,1,1,1,14:30,6,2,1
2023010464058,2023,010464058,2,1,1,1,39,7,2,0,0,0,0,0,5,3,E01000130,-1,0,1.0,0.0,-1,6,30,1,1,1,16:40,2,2,5
2023332300813,2023,332300813,1,1,1,1,29,6,2,0,0,0,0,0,5,2,E01013497,-1,0,1.0,0.0,-1,6,60,1,1,1,17:23,6,2,5
2023010450133,2023,010450133,1,1,1,2,27,6,3,0,0,0,0,0,9,2,E01003021,-1,0,0.0,1.0,-1,6,20,1,1,1,18:15,2,2,9
2023221374313,2023,221374313,2,2,1,2,36,7,3,0,0,0,0,0,9,1,E01014200,3,1,0.0,1.0,-1,6,60,1,1,2,09:45,6,2,9
2023401331329,2023,401331329,1,3,2,2,23,5,2,0,0,1,0,0,9,-1,-1,5,1,1.0,0.0,-1,6,30,1,1,1,08:05,1,2,9
2023440075490,2023,440075490,1,2,2,1,11,3,3,0,0,1,0,0,9,5,E01023201,-1,0,0.10266,0.89734,-1,6,60,1,1,1,14:58,5,2,9
2023451301791,2023,451301791,1,1,2,2,19,4,3,0,0,2,0,0,9,-1,-1,3,1,0.0,1.0,-1,6,30,2,4,2,21:50,5,2,9
2023111299640,2023,111299640,1,5,2,1,17,4,2,0,0,0,4,0,11,3,E01020649,5,1,1.0,0.0,-1,6,60,1,1,1,12:28,6,1,11
2023052301936,2023,052301936,2,1,1,2,30,6,3,0,0,0,0,0,9,3,E01006535,-1,0,0.04954,0.95046,-1,6,20,2,1,2,12:30,6,2,9
2023131383289,2023,131383289,2,1,1,2,60,9,3,0,0,0,0,0,9,4,E01011839,3,1,0.0,1.0,-1,1,30,8,1,4,10:15,4,2,9
2023520301475,2023,520301475,1,3,2,2,19,4,3,0,0,2,0,0,9,7,E01030850,-1,0,0.0484,0.9516,-1,6,50,2,1,2,08:30,7,1,9
2023520400006,2023,520400006,1,1,1,1,24,5,3,0,0,0,0,0,9,8,E01014444,-1,0,0.03557,0.96443,-1,6,30,8,7,2,21:44,7,1,9
2023161282316,2023,161282316,1,2,2,1,22,5,1,0,0,1,0,0,9,-1,-1,1,1,0.0,0.0,-1,1,50,1,4,2,21:45,6,1,9
2023520400068,2023,520400068,2,3,2,2,68,10,3,0,0,1,0,0,9,8,E01029113,-1,0,0.07595,0.92405,-1,6,60,1,1,1,17:55,2,2,9
2023131274939,2023,131274939,2,1,1,2,25,5,3,0,0,0,0,0,9,6,E01011083,3,1,0.0,1.0,-1,6,30,1,1,2,16:35,6,2,9
2023141311134,2023,141311134,1,1,2,2,33,6,3,0,0,1,0,0,9,-1,-1,3,1,0.0,1.0,-1,6,50,1,1,1,14:48,4,2,9
2023161324802,2023,161324802,2,2,2,2,61,9,2,0,0,1,0,0,9,3,E01027833,6,1,1.0,0.0,-1,6,30,1,1,1,19:33,7,2,9
2023471325503,2023,471325503,1,1,1,1,42,7,3,0,0,0,0,0,9,6,E01031419,3,1,0.0,1.0,-1,6,60,1,1,1,18:05,2,2,9
2023221338756,2023,221338756,1,1,1,2,27,6,2,0,0,0,0,0,9,1,E01014124,5,1,1.0,0.0,-1,6,40,1,6,1,21:22,1,2,9
2023302301937,2023,302301937,2,2,2,1,13,3,3,0,0,1,0,0,9,5,E01019432,-1,0,0.0178,0.9822,-1,6,30,1,4,1,20:30,4,2,9
2023351315871,2023,351315871,1,2,2,1,52,8,3,0,0,1,0,0,9,1,E01009979,3,1,0.0,1.0,-1,3,70,1,1,1,05:59,1,2,9
2023010427029,2023,010427029,2,2,1,1,23,5,3,0,0,0,0,0,9,6,E01000244,-1,0,0.0,1.0,-1,3,20,1,4,1,00:18,3,2,9
2023101260691,2023,101260691,1,6,2,1,19,4,3,0,0,2,0,0,9,-1,-1,3,1,0.0,1.0,-1,6,30,1,1,2,14:02,7,2,9
2023141283617,2023,141283617,2,3,2,1,18,4,3,0,0,1,0,0,9,1,E01007736,3,1,0.0,1.0,-1,6,60,1,1,1,13:55,2,2,9
2023332300916,2023,332300916,1,1,1,1,45,7,3,0,0,0,0,0,9,4,E01013617,-1,0,0.01499,0.98501,-1,1,30,1,1,1,08:30,4,2,9
2023351355157,2023,351355157,2,3,2,1,9,2,3,0,0,2,0,0,9,5,E01018080,3,1,0.0,1.0,-1,6,30,1,1,1,18:20,4,2,9
2023461389332,2023,461389332,2,5,1,1,60,9,2,0,0,0,0,0,9,5,E01024767,6,1,1.0,0.0,-1,6,60,1,6,2,20:00,7,2,9
2023471269504,2023,471269504,1,1,1,1,45,7,3,0,0,0,0,0,9,8,E01031518,3,1,0.0,1.0,-1,6,60,1,6,2,19:25,4,1,9
2023552400153,2023,552400153,3,4,1,2,44,7,3,0,0,0,0,0,9,5,E01015345,-1,0,0.03549,0.96451,-1,6,30,1,4,1,16:42,1,5,9
2023052300214,2023,052300214,1,1,1,1,58,9,3,0,0,0,0,0,9,2,E01007026,-1,0,0.11008,0.88992,-1,6,30,1,4,1,18:30,2,1,9
2023061312897,2023,061312897,2,2,2,2,85,11,3,0,0,1,0,0,9,1,E01005252,3,1,0.0,1.0,-1,7,70,1,1,1,16:22,1,2,9
2023311308599,2023,311308599,2,2,2,2,29,6,2,0,0,1,0,0,9,4,E01028343,5,1,1.0,0.0,-1,6,50,1,1,1,18:10,4,2,9
2023010441946,2023,010441946,1,1,1,1,84,11,2,0,0,0,0,0,9,5,E01003760,-1,0,1.0,0.0,-1,1,20,1,1,1,12:37,3,2,9
2023061309246,2023,061309246,2,1,1,2,58,9,3,0,0,0,0,0,9,8,E01005401,3,1,0.0,1.0,-1,6,40,1,1,1,12:30,7,2,9
2023440303473,2023,440303473,1,1,1,1,27,6,3,0,0,0,0,0,9,7,E01022823,-1,0,0.03275,0.96725,-1,6,30,1,1,1,11:21,6,2,9
2023471316968,2023,471316968,1,1,1,2,43,7,3,0,0,0,0,0,9,5,E01031370,3,1,0.0,1.0,-1,6,30,1,4,1,23:54,6,1,9
202360A104470,2023,60A104470,1,2,2,1,19,4,2,0,0,1,0,0,9,-1,-1,-1,0,1.0,0.0,-1,6,60,1,6,1,23:34,2,1,9
2023471352144,2023,471352144,2,1,1,1,21,5,3,0,0,0,0,0,3,10,E01021192,3,1,0.0,1.0,-1,6,40,1,1,1,13:18,4,4,3
2023361281196,2023,361281196,1,1,3,2,83,11,2,10,9,0,0,-1,0,10,E01026907,5,1,1.0,0.0,-1,9,30,1,1,1,09:45,3,1,9
2023010440076,2023,010440076,1,1,3,1,4,1,3,1,3,0,0,0,0,5,E01000592,-1,0,0.0,1.0,-1,6,20,1,4,1,21:20,6,1,9
2023101295113,2023,101295113,1,1,3,1,6,2,3,6,9,0,0,0,0,-1,-1,3,1,0.0,1.0,-1,6,20,1,1,1,18:30,6,1,11
2023041307068,2023,041307068,1,1,1,1,54,8,1,0,0,0,0,0,3,9,E01025364,1,1,0.0,0.0,-1,6,40,1,5,1,18:52,7,1,3
2023201416169,2023,201416169,2,1,1,1,52,8,3,0,0,0,0,0,1,1,E01009376,3,1,0.0,1.0,-1,6,20,1,1,-1,17:00,5,2,1
2023430543596,2023,430543596,2,1,1,1,51,8,3,0,0,0,0,0,1,7,E01028560,-1,0,0.04678,0.95322,-1,6,20,1,1,2,08:00,2,2,1
2023622300640,2023,622300640,2,2,1,1,17,4,2,0,0,0,0,0,5,4,W01001092,-1,0,1.0,0.0,-1,6,40,1,1,1,12:24,3,2,5
2023302300130,2023,302300130,2,1,1,1,51,8,3,0,0,0,0,0,9,3,E01019810,-1,0,0.00613,0.99387,-1,6,30,1,1,1,08:40,5,2,9
2023421282996,2023,421282996,1,1,1,2,17,4,3,0,0,0,0,0,9,2,E01022023,3,1,0.0,1.0,-1,6,60,1,1,2,03:52,7,1,9
2023471378989,2023,471378989,2,2,1,2,66,10,3,0,0,0,0,0,9,6,E01031817,3,1,0.0,1.0,-1,3,70,1,1,1,12:30,7,2,9
2023010444700,2023,010444700,1,1,2,2,3,1,3,0,0,0,4,0,11,1,E01002026,-1,0,0.0,1.0,-1,6,20,1,1,1,12:55,3,1,11
2023010469529,2023,010469529,1,1,1,1,28,6,3,0,0,0,0,0,3,3,E01003520,-1,0,0.0,1.0,-1,1,40,1,1,1,12:30,2,3,3
2023010452601,2023,010452601,1,2,2,-1,-1,-1,3,0,0,1,0,0,9,2,E01003600,-1,0,0.0,1.0,-1,9,30,1,1,9,06:20,3,3,9
2023201323601,2023,201323601,4,2,2,2,20,4,3,0,0,1,0,0,9,-1,-1,3,1,0.0,1.0,-1,7,30,1,1,1,22:37,1,5,9
2023421312175,2023,421312175,2,2,2,2,60,9,1,0,0,1,0,0,9,3,E01003725,1,1,0.0,0.0,-1,6,30,1,1,1,16:55,7,2,9
2023430163867,2023,430163867,1,1,1,1,44,7,3,0,0,0,0,0,9,-1,-1,-1,0,0.01433,0.98567,-1,6,40,1,1,1,09:35,7,2,9
2023201321497,2023,201321497,2,2,1,2,68,10,3,0,0,0,0,0,9,5,E01008954,3,1,0.0,1.0,-1,6,30,1,1,1,14:36,3,2,9
2023401288578,2023,401288578,1,1,1,1,36,7,3,0,0,0,0,0,9,10,E01018121,3,1,0.0,1.0,-1,3,70,8,7,1,18:28,4,2,9
2023010477765,2023,010477765,1,1,3,2,29,6,3,10,9,0,0,0,0,-1,-1,-1,0,0.0,1.0,-1,2,30,2,4,2,19:30,2,1,9
2023010468895,2023,010468895,1,1,1,1,18,4,3,0,0,0,0,0,3,1,E01002026,-1,0,0.0,1.0,-1,9,30,1,1,1,18:40,4,2,3
2023010449126,2023,010449126,1,1,1,2,35,6,3,0,0,0,0,0,9,3,E01001045,-1,0,0.0,1.0,-1,7,20,1,4,1,01:04,5,2,9
2023131297214,2023,131297214,1,1,1,1,73,10,2,0,0,0,0,0,9,5,E01011831,6,1,1.0,0.0,-1,6,30,1,4,1,22:23,1,1,9
2023332300037,2023,332300037,3,1,2,2,48,8,3,0,0,1,0,0,9,3,E01013665,-1,0,0.00706,0.99294,-1,3,30,8,4,2,23:10,7,4,9
2023371276875,2023,371276875,3,3,1,2,46,8,3,0,0,0,0,0,9,2,E01030289,3,1,0.0,1.0,-1,6,60,1,6,2,16:40,5,3,9
2023141317778,2023,141317778,1,1,1,2,27,6,3,0,0,0,0,0,9,1,E01007367,3,1,0.0,1.0,-1,6,30,1,1,1,11:40,7,2,9
2023231285243,2023,231285243,2,1,2,2,48,8,3,0,0,1,0,0,9,2,E01031119,3,1,0.0,1.0,-1,6,30,1,1,1,10:55,1,2,9
2023991365410,2023,991365410,2,2,1,1,46,8,3,0,0,0,0,0,9,4,-1,3,1,0.0,1.0,-1,6,30,2,1,2,15:58,6,2,9
2023010419333,2023,010419333,1,1,3,1,56,9,3,4,1,0,0,0,0,5,E01004610,-1,0,0.0,1.0,-1,6,30,1,1,1,13:49,2,1,3
2023041317181,2023,041317181,1,1,2,2,27,6,3,0,0,1,0,0,9,6,E01025548,3,1,0.0,1.0,-1,6,60,1,1,1,19:30,6,1,9
2023070349112,2023,070349112,2,1,2,1,10,2,3,0,0,2,0,0,9,9,E01018575,-1,0,0.02355,0.97645,-1,6,30,1,1,1,17:00,3,2,9
2023101361842,2023,101361842,2,1,1,2,35,6,3,0,0,0,0,0,9,2,E01008584,3,1,0.0,1.0,-1,3,30,1,4,1,19:04,4,3,9
2023131309840,2023,131309840,1,6,2,2,21,5,2,0,0,1,0,0,9,3,E01010789,5,1,1.0,0.0,-1,6,30,1,4,1,23:24,1,3,9
2023201339750,2023,201339750,1,2,2,2,21,5,3,0,0,1,0,0,9,1,E01033642,3,1,0.0,1.0,-1,6,30,1,4,1,23:00,7,2,9
2023421371352,2023,421371352,2,1,2,1,52,8,3,0,0,1,0,0,9,1,E01015841,3,1,0.0,1.0,-1,6,30,1,1,1,15:20,2,2,9
2023031338018,2023,031338018,1,1,1,1,63,9,2,0,0,0,0,0,9,3,E01008893,6,1,1.0,0.0,-1,3,60,1,1,1,05:57,6,2,9
2023131360747,2023,131360747,1,1,1,1,85,11,3,0,0,0,0,0,9,6,E01019239,3,1,0.0,1.0,-1,6,30,1,1,1,11:57,1,3,9
2023461329296,2023,461329296,2,1,2,1,8,2,3,0,0,2,0,0,9,5,E01016034,3,1,0.0,1.0,-1,6,30,1,1,1,17:52,7,2,9
2023161301057,2023,161301057,2,1,1,1,35,6,3,0,0,0,0,0,1,3,E01012825,3,1,0.0,1.0,-1,3,30,1,1,1,09:40,4,2,1
2023010446233,2023,010446233,2,1,1,1,33,6,3,0,0,0,0,0,4,2,E01003483,-1,0,0.0,1.0,-1,6,20,1,1,1,17:46,4,2,4
2023131389707,2023,131389707,1,1,3,2,35,6,3,8,5,0,0,2,0,2,E01010778,3,1,0.0,1.0,-1,6,30,1,1,1,12:45,1,1,8
2023010442265,2023,010442265,1,1,1,2,49,8,3,0,0,0,0,0,1,8,E01003225,-1,0,0.0,1.0,-1,6,20,2,1,2,18:50,4,2,1
2023471301682,2023,471301682,1,1,1,1,31,6,3,0,0,0,0,0,3,5,E01031599,3,1,0.0,1.0,-1,1,40,1,1,1,18:25,1,1,3
2023501285671,2023,501285671,1,1,1,1,20,4,3,0,0,0,0,0,3,2,E01015081,3,1,0.0,1.0,-1,6,30,2,1,2,13:38,6,2,3
2023311290030,2023,311290030,1,1,3,1,3,1,3,1,3,0,0,0,0,-1,-1,3,1,0.0,1.0,-1,6,30,1,1,1,10:45,5,1,9
2023631324630,2023,631324630,1,1,3,1,18,4,2,9,8,0,0,2,0,8,W01000458,6,1,1.0,0.0,-1,6,60,1,6,1,01:35,7,1,8
2023411394282,2023,411394282,1,1,1,1,27,6,2,0,0,0,0,0,9,7,E01023556,7,1,1.0,0.0,-1,6,30,1,4,1,06:53,4,2,9
2023430533101,2023,430533101,1,1,1,1,17,4,3,0,0,0,0,0,1,6,E01002567,-1,0,0.04335,0.95665,-1,3,20,1,1,1,11:45,7,2,1
2023122300970,2023,122300970,2,5,2,2,22,5,3,0,0,2,0,0,9,5,E01010898,-1,0,0.02952,0.97048,-1,6,60,1,1,1,10:00,7,3,9
2023311360596,2023,311360596,1,2,1,2,31,6,3,0,0,0,0,0,9,5,E01028341,3,1,0.0,1.0,-1,6,30,1,4,1,19:14,7,2,9
2023461266546,2023,461266546,1,1,1,1,42,7,3,0,0,0,0,0,9,1,E01024687,3,1,0.0,1.0,-1,6,60,1,6,4,22:58,2,1,9
2023302300421,2023,302300421,5,2,2,1,44,7,3,0,0,2,0,0,19,-1,-1,-1,0,0.05897,0.94103,-1,3,70,2,1,2,15:10,2,7,19
2023041295087,2023,041295087,2,1,1,1,45,7,2,0,0,0,0,0,9,8,E01025550,7,1,1.0,0.0,-1,6,30,1,1,1,13:04,1,2,9
2023221346263,2023,221346263,1,1,1,1,26,6,3,0,0,0,0,0,9,6,E01024571,3,1,0.0,1.0,-1,6,60,1,1,1,08:00,6,2,9
2023440054224,2023,440054224,1,1,1,2,20,4,3,0,0,0,0,0,9,6,E01022940,-1,0,0.11196,0.88804,-1,6,40,1,4,2,18:12,4,1,9
2023461395891,2023,461395891,2,2,2,2,43,7,3,0,0,2,0,0,9,10,E01024720,3,1,0.0,1.0,-1,6,30,1,4,1,20:42,2,2,9
2023010443948,2023,010443948,1,1,1,1,34,6,3,0,0,0,0,0,9,3,E01015924,-1,0,0.0,1.0,-1,3,50,8,1,1,18:15,5,3,9
2023461385384,2023,461385384,1,1,1,1,75,10,3,0,0,0,0,0,9,4,E01016070,3,1,0.0,1.0,-1,6,40,1,1,2,07:45,1,1,9
2023231274204,2023,231274204,2,2,2,1,27,6,3,0,0,1,0,0,9,5,E01031274,3,1,0.0,1.0,-1,6,30,1,1,4,10:00,2,2,9
2023501374613,2023,501374613,2,1,1,1,39,7,3,0,0,0,0,0,9,6,E01020175,3,1,0.0,1.0,-1,6,60,1,6,1,18:45,3,2,9
2023320562616,2023,320562616,2,1,1,1,33,6,3,0,0,0,0,0,9,10,E01026204,-1,0,0.03152,0.96848,-1,6,60,1,1,1,16:00,5,2,9
2023401367238,2023,401367238,1,1,1,1,16,4,2,0,0,0,0,0,9,-1,-1,7,1,1.0,0.0,-1,6,40,1,1,1,18:50,7,1,9
2023401378079,2023,401378079,2,2,1,1,54,8,3,0,0,0,0,0,9,1,E01016743,3,1,0.0,1.0,-1,6,30,8,4,2,17:56,3,3,9
2023430272698,2023,430272698,1,2,2,1,7,2,3,0,0,2,0,0,9,7,E01028725,-1,0,0.01028,0.98972,-1,6,30,1,1,1,08:30,4,2,9
2023461286375,2023,461286375,1,2,2,2,4,1,3,0,0,2,0,0,9,5,E01024191,3,1,0.0,1.0,-1,6,30,2,1,2,21:07,3,2,9
2023461354213,2023,461354213,1,1,1,1,23,5,3,0,0,0,0,0,-1,1,E01024306,3,1,0.0,1.0,-1,6,40,1,6,1,00:22,6,2,-1
2023101312329,2023,101312329,1,1,1,1,44,7,3,0,0,0,0,0,9,1,E01008600,3,1,0.0,1.0,-1,3,40,1,1,1,18:02,6,2,9
2023141383430,2023,141383430,2,1,1,2,42,7,3,0,0,0,0,0,9,7,E01007334,3,1,0.0,1.0,-1,6,40,8,1,4,10:21,4,3,9
2023461318383,2023,461318383,2,1,1,1,52,8,3,0,0,0,0,0,9,7,E01024635,3,1,0.0,1.0,-1,6,30,1,1,1,19:53,7,3,9
2023520301508,2023,520301508,2,1,1,1,17,4,3,0,0,0,0,0,9,4,E01029338,-1,0,0.05063,0.94937,-1,6,60,1,1,1,06:10,5,2,9
2023122300978,2023,122300978,1,1,1,2,66,10,3,0,0,0,0,0,9,10,E01010579,-1,0,0.1437,0.8563,-1,6,60,1,1,1,16:40,7,1,9
2023991288148,2023,991288148,1,2,2,2,28,6,2,0,0,1,0,0,9,4,-1,7,1,1.0,0.0,-1,3,70,1,1,2,10:45,7,5,9
2023041382101,2023,041382101,2,1,2,1,9,2,3,0,0,2,0,0,9,3,E01012587,3,1,0.0,1.0,-1,6,20,9,1,1,13:10,1,2,9
2023070675626,2023,070675626,1,1,1,1,20,4,2,0,0,0,0,0,9,10,E01018506,-1,0,1.0,0.0,-1,6,60,1,1,1,19:00,3,2,9
2023201370598,2023,201370598,1,5,2,1,18,4,3,0,0,1,0,0,9,5,E01008969,3,1,0.0,1.0,-1,6,30,1,4,1,23:55,6,2,9
2023311285617,2023,311285617,1,1,1,2,21,5,3,0,0,0,0,0,9,2,E01013917,3,1,0.0,1.0,-1,6,30,8,1,4,08:26,7,4,9
2023340NN4512,2023,340NN4512,2,1,1,1,22,5,3,0,0,0,0,0,9,8,E01027098,-1,0,0.00756,0.99244,-1,3,40,1,4,1,18:17,2,3,9
2023351350013,2023,351350013,2,1,1,2,59,9,3,0,0,0,0,0,9,8,E01018166,3,1,0.0,1.0,-1,6,30,1,1,-1,15:15,3,2,9
2023440493088,2023,440493088,1,1,1,2,25,5,3,0,0,0,0,0,9,9,E01023281,-1,0,0.09324,0.90676,-1,3,70,1,6,2,19:45,7,2,9
2023010424690,2023,010424690,1,1,1,1,26,6,3,0,0,0,0,0,3,6,E01000584,-1,0,0.0,1.0,-1,3,20,1,1,1,03:30,1,2,3
2023430123313,2023,430123313,2,1,2,2,16,4,3,0,0,2,0,0,9,10,E01017885,-1,0,0.02147,0.97853,-1,6,30,1,1,2,09:02,2,2,9
2023461264462,2023,461264462,1,1,1,1,73,10,3,0,0,0,0,0,9,6,E01024345,3,1,0.0,1.0,-1,6,50,2,1,2,11:50,3,2,9
2023440217241,2023,440217241,1,1,1,1,36,7,3,0,0,0,0,0,3,3,E01022540,-1,0,0.12598,0.87402,-1,6,30,1,1,1,17:00,5,2,3
2023461279451,2023,461279451,1,1,1,1,57,9,3,0,0,0,0,0,4,6,E01024749,3,1,0.0,1.0,-1,6,20,1,1,1,12:23,2,1,4
2023302301329,2023,302301329,1,1,3,1,58,9,3,1,1,0,0,0,0,5,E01013551,-1,0,0.10275,0.89725,-1,6,30,1,1,1,12:30,7,1,9
2023010434346,2023,010434346,2,4,2,2,37,7,3,0,0,2,0,0,9,4,E01016705,-1,0,0.0,1.0,-1,3,50,1,1,1,17:00,1,2,9
2023010461612,2023,010461612,2,1,1,1,49,8,3,0,0,0,0,0,1,1,E01004273,-1,0,0.0,1.0,-1,6,20,1,4,1,23:41,1,2,1
2023010465863,2023,010465863,2,1,1,2,24,5,3,0,0,0,0,0,1,2,E01004434,-1,0,0.0,1.0,-1,3,20,1,1,1,08:04,5,2,1
2023010434730,2023,010434730,1,1,1,1,20,4,3,0,0,0,0,0,3,3,E01003635,-1,0,0.0,1.0,-1,6,30,1,4,2,19:43,5,2,3
2023302300734,2023,302300734,1,1,1,1,17,4,2,0,0,0,0,0,3,4,E01019491,-1,0,1.0,0.0,-1,1,40,9,1,1,08:00,5,2,3
2023161305137,2023,161305137,1,1,1,1,-1,-1,3,0,0,0,0,0,4,5,E01013297,3,1,0.0,1.0,-1,6,30,1,4,1,20:12,6,2,4
2023991393304,2023,991393304,1,1,1,1,80,11,2,0,0,0,0,0,9,4,-1,5,1,1.0,0.0,-1,6,20,2,4,2,19:35,3,2,9
2023061309177,2023,061309177,2,1,1,1,11,3,2,0,0,0,0,0,1,5,E01005876,7,1,1.0,0.0,-1,6,30,1,1,2,08:17,6,2,1
2023010432484,2023,010432484,1,1,3,1,40,7,2,9,7,0,0,0,0,10,E01021780,-1,0,1.0,0.0,-1,6,20,8,1,2,08:30,5,1,19
2023552301214,2023,552301214,1,1,3,1,36,7,2,5,1,0,0,0,0,5,E01020363,-1,0,1.0,0.0,-1,6,30,1,1,1,16:34,5,1,9
2023320115510,2023,320115510,2,1,1,2,43,7,3,0,0,0,0,0,1,4,E01026041,-1,0,0.13071,0.86929,-1,6,60,1,1,1,07:35,5,2,1
2023010456761,2023,010456761,2,1,1,1,40,7,3,0,0,0,0,0,9,3,E01012510,-1,0,0.0,1.0,-1,3,40,2,1,2,13:25,7,3,9
2023010460192,2023,010460192,1,1,1,1,42,7,3,0,0,0,0,0,9,4,E01001684,-1,0,0.0,1.0,-1,1,20,1,1,1,19:30,6,2,9