collision_index,collision_year,collision_ref_no,vehicle_reference,casualty_reference,casualty_class,sex_of_casualty,age_of_casualty,age_band_of_casualty,casualty_severity,pedestrian_location,pedestrian_movement,car_passenger,bus_or_coach_passenger,pedestrian_road_maintenance_worker,casualty_type,casualty_imd_decile,lsoa_of_casualty,enhanced_casualty_severity,casualty_injury_based,casualty_adjusted_severity_serious,casualty_adjusted_severity_slight,casualty_distance_banding,road_type,speed_limit,weather_conditions,light_conditions,road_surface_conditions,time,day_of_week,number_of_vehicles,vehicle_type
2023552300107,2023,552300107,2,1,1,1,47,8,3,0,0,0,0,0,9,9,E01015360,-1,0,0.01472,0.98528,-1,3,40,1,1,2,10:16,7,2,9
2023552301259,2023,552301259,1,1,2,1,5,1,2,0,0,2,0,0,9,10,E01020378,-1,0,1.0,0.0,-1,6,60,1,1,1,15:32,1,2,9
2023991359318,2023,991359318,2,1,1,2,57,9,3,0,0,0,0,0,9,6,-1,3,1,0.0,1.0,-1,6,60,1,1,1,17:09,5,2,9
2023031342835,2023,031342835,1,1,1,1,50,8,3,0,0,0,0,0,5,7,E01019387,3,1,0.0,1.0,-1,6,60,1,1,1,15:20,5,1,5
2023451338718,2023,451338718,1,1,3,2,19,4,3,10,9,0,0,0,0,9,E01022617,3,1,0.0,1.0,-1,6,30,1,1,1,08:00,3,1,9
2023010432054,2023,010432054,1,1,3,1,40,7,3,1,3,0,0,0,0,7,E01003651,-1,0,0.0,1.0,-1,6,20,1,4,1,16:30,2,1,9
2023010467662,2023,010467662,1,1,3,1,24,5,3,5,1,0,0,0,0,4,E01003220,-1,0,0.0,1.0,-1,6,20,1,1,1,14:02,6,1,21
2023461307739,2023,461307739,2,1,1,1,10,2,3,0,0,0,0,0,1,1,E01016024,3,1,0.0,1.0,-1,6,30,1,1,1,16:30,1,2,1
2023991353715,2023,991353715,1,1,1,1,51,8,3,0,0,0,0,0,3,3,-1,3,1,0.0,1.0,-1,6,30,1,1,1,16:35,2,1,3
2023052301249,2023,052301249,1,1,1,1,19,4,3,0,0,0,0,0,1,7,E01007203,-1,0,0.15447,0.84553,-1,6,30,1,1,1,17:15,3,2,1
2023461321658,2023,461321658,1,1,1,1,14,3,3,0,0,0,0,0,1,1,E01024390,3,1,0.0,1.0,-1,6,30,1,1,1,19:46,4,2,1
2023070982206,2023,070982206,2,1,1,1,17,4,2,0,0,0,0,0,3,4,E01006104,-1,0,1.0,0.0,-1,6,30,1,1,1,07:31,2,2,3
2023440214844,2023,440214844,2,1,1,1,57,9,2,0,0,0,0,0,2,10,E01022647,-1,0,1.0,0.0,-1,6,30,1,1,1,08:52,4,2,2
2023430219854,2023,430219854,1,1,1,1,36,7,2,0,0,0,0,0,5,4,E01026638,-1,0,1.0,0.0,-1,3,70,1,1,1,15:12,6,2,5
2023061376644,2023,061376644,2,1,1,2,32,6,3,0,0,0,0,0,1,9,E01005038,3,1,0.0,1.0,-1,6,30,1,1,1,07:55,6,2,1
2023991274497,2023,991274497,2,1,1,1,41,7,2,0,0,0,0,0,1,-1,-1,7,1,1.0,0.0,-1,6,30,2,4,2,21:00,4,2,1
2023451383706,2023,451383706,2,1,1,2,21,5,3,0,0,0,0,0,19,3,E01001171,3,1,0.0,1.0,-1,6,30,1,4,2,17:37,4,2,19
2023201306871,2023,201306871,2,2,2,1,55,8,3,0,0,0,0,0,20,2,E01009998,3,1,0.0,1.0,-1,1,30,1,1,1,08:15,7,2,20
2023010441469,2023,010441469,1,1,3,1,24,5,3,5,9,0,0,0,0,3,E01003182,-1,0,0.0,1.0,-1,3,20,2,1,2,09:37,7,1,90
2023010473895,2023,010473895,2,1,1,2,29,6,3,0,0,0,0,0,1,8,E01004058,-1,0,0.0,1.0,-1,6,20,1,1,2,08:16,4,2,1
2023101283708,2023,101283708,1,1,1,1,35,6,3,0,0,0,0,0,5,4,E01008308,3,1,0.0,1.0,-1,3,50,2,1,2,15:07,1,1,5
2023131348208,2023,131348208,1,1,1,1,25,5,2,0,0,0,0,0,9,-1,-1,7,1,1.0,0.0,-1,3,40,1,4,1,00:45,1,1,9
2023421324112,2023,421324112,1,1,1,1,22,5,2,0,0,0,0,0,3,5,E01022008,7,1,1.0,0.0,-1,1,60,1,1,1,13:25,5,1,3
2023071310481,2023,071310481,2,3,2,1,21,5,3,0,0,1,0,0,9,7,E01018604,-1,0,0.05399,0.94601,-1,6,60,1,4,2,15:48,7,2,9
2023131292764,2023,131292764,2,1,2,1,49,8,3,0,0,1,0,0,9,7,E01010587,3,1,0.0,1.0,-1,1,30,1,1,1,10:00,7,2,9
2023461373565,2023,461373565,1,1,1,1,29,6,3,0,0,0,0,0,9,3,E01024399,3,1,0.0,1.0,-1,6,30,1,5,1,17:28,6,2,9
2023991334111,2023,991334111,1,3,2,1,24,5,3,0,0,2,0,0,9,4,-1,3,1,0.0,1.0,-1,6,40,2,1,2,15:45,5,2,9
2023122300805,2023,122300805,1,1,2,1,85,11,3,0,0,0,4,0,11,7,E01027808,-1,0,0.04432,0.95568,-1,1,50,9,1,2,16:20,4,1,11
2023411356796,2023,411356796,2,1,1,1,27,6,3,0,0,0,0,0,9,-1,-1,3,1,0.0,1.0,-1,1,30,1,1,1,16:40,5,2,9
2023161292846,2023,161292846,1,1,1,1,17,4,3,0,0,0,0,0,3,1,E01013279,3,1,0.0,1.0,-1,9,30,2,1,2,19:45,7,2,3
2023010447004,2023,010447004,1,1,1,1,41,7,3,0,0,0,0,0,8,9,E01002164,-1,0,0.0,1.0,-1,6,30,1,1,1,10:10,1,2,8
2023201339391,2023,201339391,1,1,1,2,27,6,3,0,0,0,0,0,9,1,E01009298,3,1,0.0,1.0,-1,6,30,1,4,1,01:53,2,1,9
2023520400330,2023,520400330,1,2,2,2,20,4,3,0,0,1,0,0,9,9,E01029210,-1,0,0.04531,0.95469,-1,6,60,1,1,1,19:21,6,2,9
2023010469530,2023,010469530,1,1,1,1,25,5,3,0,0,0,0,0,9,4,E01015871,-1,0,0.0,1.0,-1,3,30,8,1,1,16:24,2,2,9
2023101392480,2023,101392480,2,1,1,2,30,6,3,0,0,0,0,0,9,4,E01020609,3,1,0.0,1.0,-1,3,40,9,4,2,07:45,4,2,9
2023201320780,2023,201320780,1,6,2,1,38,7,3,0,0,1,0,0,9,5,E01008959,3,1,0.0,1.0,-1,6,30,1,7,2,18:07,2,3,9
2023221331671,2023,221331671,2,1,1,2,32,6,3,0,0,0,0,0,9,8,E01028877,3,1,0.0,1.0,-1,1,40,1,1,1,20:03,4,2,9
2023440220286,2023,440220286,2,5,2,2,33,6,3,0,0,2,0,0,9,6,E01006125,-1,0,0.1195,0.8805,-1,6,40,1,6,1,00:23,1,3,9
2023461379538,2023,461379538,2,2,1,2,46,8,3,0,0,0,0,0,9,4,E01024176,3,1,0.0,1.0,-1,6,40,1,1,1,17:20,3,2,9
2023631364431,2023,631364431,3,1,2,2,16,4,2,0,0,0,-1,0,11,5,W01000693,7,1,1.0,0.0,-1,6,30,2,1,2,16:42,4,3,11
2023231267465,2023,231267465,2,1,1,1,38,7,3,0,0,0,0,0,21,5,E01009561,3,1,0.0,1.0,-1,1,30,1,1,1,09:59,4,2,21
2023010458437,2023,010458437,2,1,1,1,55,8,3,0,0,0,0,0,9,9,E01003457,-1,0,0.0,1.0,-1,6,20,2,4,2,03:00,4,2,9
2023221320225,2023,221320225,1,2,1,1,83,11,3,0,0,0,0,0,9,-1,-1,3,1,0.0,1.0,-1,6,60,1,1,1,18:20,6,1,9
2023351354747,2023,351354747,3,2,1,1,43,7,3,0,0,0,0,0,9,3,E01017977,3,1,0.0,1.0,-1,6,20,1,1,1,16:30,1,3,9
2023451280697,2023,451280697,2,5,1,1,36,7,3,0,0,0,0,0,9,10,E01024327,3,1,0.0,1.0,-1,3,70,1,1,1,11:20,1,3,9
2023111340574,2023,111340574,1,1,1,1,23,5,2,0,0,0,0,0,1,4,E01020825,7,1,1.0,0.0,-1,6,30,1,1,1,16:26,5,2,1
2023010443043,2023,010443043,1,1,1,1,41,7,2,0,0,0,0,0,5,-1,-1,-1,0,1.0,0.0,-1,3,50,1,1,1,08:45,2,2,5
2023531270579,2023,531270579,2,1,1,1,21,5,3,0,0,0,0,0,3,6,E01022460,3,1,0.0,1.0,-1,6,30,1,4,1,16:30,3,2,3
2023141307085,2023,141307085,1,1,3,2,53,8,2,5,9,0,0,0,0,1,E01007332,5,1,1.0,0.0,-1,6,30,1,4,1,23:42,7,1,9
2023302300875,2023,302300875,2,1,1,1,36,7,3,0,0,0,0,0,1,3,E01019400,-1,0,0.107,0.893,-1,6,40,1,1,1,12:10,5,2,1
2023311287994,2023,311287994,2,1,2,2,20,4,3,0,0,2,0,0,9,2,E01027980,3,1,0.0,1.0,-1,6,60,2,6,2,19:45,6,1,9
2023421382802,2023,421382802,2,1,1,1,55,8,3,0,0,0,0,0,9,7,E01021635,3,1,0.0,1.0,-1,3,60,2,1,2,08:49,3,2,9
2023461334222,2023,461334222,2,1,1,1,65,9,3,0,0,0,0,0,1,10,E01024461,3,1,0.0,1.0,-1,6,30,1,1,1,18:00,2,2,1
2023371343182,2023,371343182,1,1,1,2,30,6,3,0,0,0,0,0,9,7,E01033540,3,1,0.0,1.0,-1,6,60,1,1,2,14:58,3,3,9
2023440390000,2023,440390000,1,1,1,1,73,10,3,0,0,0,0,0,9,5,E01017013,-1,0,0.0206,0.9794,-1,6,30,1,1,1,12:00,1,2,9
2023451316861,2023,451316861,1,1,1,2,35,6,3,0,0,0,0,0,9,8,E01030611,3,1,0.0,1.0,-1,6,30,1,1,1,12:00,6,2,9
2023501332386,2023,501332386,1,2,1,1,28,6,2,0,0,0,0,0,9,6,E01020304,7,1,1.0,0.0,-1,6,60,1,1,2,09:24,1,1,9
2023320145933,2023,320145933,1,1,1,2,21,5,3,0,0,0,0,0,9,9,E01026292,-1,0,0.04701,0.95299,-1,6,60,6,1,3,13:55,5,1,9
2023471326861,2023,471326861,1,1,1,2,78,11,3,0,0,0,0,0,9,5,E01003435,3,1,0.0,1.0,-1,6,50,1,1,1,11:09,5,3,9
2023552300004,2023,552300004,1,5,2,2,16,4,3,0,0,2,0,0,9,4,E01015326,-1,0,0.02377,0.97623,-1,6,30,2,1,2,15:52,1,2,9
2023131344420,2023,131344420,2,2,1,1,55,8,3,0,0,0,0,0,9,9,E01011568,3,1,0.0,1.0,-1,3,30,1,1,1,14:08,3,3,9
2023161392383,2023,161392383,2,1,1,2,19,4,3,0,0,0,0,0,9,7,E01013018,3,1,0.0,1.0,-1,3,70,1,1,2,08:52,4,3,9
2023440325515,2023,440325515,1,1,1,1,18,4,3,0,0,0,0,0,9,10,E01030774,-1,0,0.06083,0.93917,-1,6,60,1,1,1,14:09,7,2,9
2023052301164,2023,052301164,1,2,2,2,83,11,3,0,0,1,0,0,9,4,E01006897,-1,0,0.12417,0.87583,-1,6,30,1,1,1,14:35,1,1,9
2023010451206,2023,010451206,1,1,2,1,66,10,3,0,0,0,4,0,11,4,E01004124,-1,0,0.0,1.0,-1,7,20,1,1,1,18:45,7,1,11
2023010457050,2023,010457050,1,1,1,1,18,4,2,0,0,0,0,0,1,2,E01001143,-1,0,1.0,0.0,-1,7,20,1,1,1,15:25,2,2,1
2023522300074,2023,522300074,1,1,1,1,53,8,3,0,0,0,0,0,1,5,E01014679,-1,0,0.05419,0.94581,-1,6,30,1,1,1,08:45,6,2,1
2023170M10523,2023,170M10523,1,1,3,1,40,7,2,4,1,0,0,0,0,1,E01012041,-1,0,1.0,0.0,-1,6,30,1,1,1,14:25,7,1,11
2023010483145,2023,010483145,1,1,1,2,44,7,3,0,0,0,0,0,9,4,E01001285,-1,0,0.0,1.0,-1,9,20,1,1,2,03:35,7,2,9
2023010425050,2023,010425050,2,2,2,2,57,9,3,0,0,1,0,0,9,2,E01032720,-1,0,0.0,1.0,-1,6,20,1,4,1,01:15,6,2,9
2023361368706,2023,361368706,2,3,2,2,18,4,3,0,0,-1,0,0,9,5,E01026902,3,1,0.0,1.0,-1,6,60,1,6,1,21:00,2,2,9
2023440402554,2023,440402554,3,2,1,1,39,7,3,0,0,0,0,0,9,4,E01017277,-1,0,0.06736,0.93264,-1,3,70,2,1,2,17:26,2,6,9
2023131387407,2023,131387407,1,1,3,1,18,4,3,6,9,0,0,2,0,3,E01011897,3,1,0.0,1.0,-1,6,30,1,1,2,13:50,2,1,90
2023471381599,2023,471381599,1,1,3,2,24,5,3,9,6,0,0,0,0,10,E01031822,3,1,0.0,1.0,-1,6,30,1,1,1,13:45,6,1,2
2023231364304,2023,231364304,2,1,1,1,66,10,3,0,0,0,0,0,1,5,E01009716,3,1,0.0,1.0,-1,6,20,1,1,1,14:59,3,2,1
2023010441112,2023,010441112,2,1,1,2,27,6,3,0,0,0,0,0,9,8,E01024259,-1,0,0.0,1.0,-1,1,30,1,1,1,07:42,5,2,9
2023052300522,2023,052300522,1,1,1,1,18,4,3,0,0,0,0,0,9,5,E01007221,-1,0,0.08248,0.91752,-1,9,70,1,1,1,14:05,7,1,9
2023131384554,2023,131384554,1,1,1,2,22,5,3,0,0,0,0,0,9,1,E01011133,3,1,0.0,1.0,-1,6,60,8,6,1,22:45,6,2,9
2023430376209,2023,430376209,2,1,1,1,30,6,3,0,0,0,0,0,9,8,E01016823,-1,0,0.01064,0.98936,-1,3,70,1,1,1,17:43,2,2,9
2023991360605,2023,991360605,1,3,2,2,68,10,3,0,0,2,0,0,9,1,-1,3,1,0.0,1.0,-1,6,60,2,6,5,21:45,7,1,9
2023430172203,2023,430172203,1,1,1,1,15,3,3,0,0,0,0,0,1,4,E01033415,-1,0,0.03848,0.96152,-1,6,30,1,1,1,08:05,5,2,1
2023421322940,2023,421322940,2,1,1,1,69,10,3,0,0,0,0,0,9,-1,-1,3,1,0.0,1.0,-1,1,40,1,1,1,14:41,2,2,9
2023201316300,2023,201316300,2,2,1,2,49,8,3,0,0,0,0,0,9,1,E01032531,3,1,0.0,1.0,-1,6,30,1,1,2,19:30,2,2,9
2023501369163,2023,501369163,2,1,1,1,34,6,3,0,0,0,0,0,9,6,E01015109,3,1,0.0,1.0,-1,6,60,1,1,2,14:40,2,2,9
2023440111988,2023,440111988,2,1,1,1,45,7,3,0,0,0,0,0,1,8,E01022722,-1,0,0.18265,0.81735,-1,2,30,1,1,2,06:16,3,2,1
2023631346986,2023,631346986,2,1,1,1,82,11,2,0,0,0,0,0,1,7,W01000477,5,1,1.0,0.0,-1,6,60,1,1,1,12:00,1,2,1
2023991317386,2023,991317386,1,1,1,1,46,8,3,0,0,0,0,0,8,4,-1,3,1,0.0,1.0,-1,6,30,1,1,1,14:20,1,2,8
2023010433792,2023,010433792,1,1,1,1,29,6,3,0,0,0,0,0,9,3,E01001365,-1,0,0.0,1.0,-1,3,60,1,1,1,10:40,1,2,9
2023211411099,2023,211411099,2,1,1,2,28,6,3,0,0,0,0,0,9,9,E01009416,3,1,0.0,1.0,-1,6,60,1,1,1,16:40,3,2,9
2023401271943,2023,401271943,1,2,2,1,31,6,3,0,0,1,0,0,9,4,E01017473,3,1,0.0,1.0,-1,6,30,7,4,4,21:23,1,2,9
2023411271052,2023,411271052,1,1,1,1,67,10,3,0,0,0,0,0,9,9,E01023428,3,1,0.0,1.0,-1,6,30,1,1,1,10:41,2,2,9
2023010442010,2023,010442010,1,1,2,2,37,7,3,0,0,0,3,0,11,2,-1,-1,0,0.0,1.0,-1,6,20,1,1,1,15:59,3,1,11
2023010451852,2023,010451852,2,1,1,1,23,5,3,0,0,0,0,0,3,3,E01004406,-1,0,0.0,1.0,-1,6,30,8,4,1,19:40,3,2,3
2023010483237,2023,010483237,1,1,3,1,52,8,3,1,3,0,0,0,0,1,E01002736,-1,0,0.0,1.0,-1,6,20,1,1,2,08:00,1,1,9
2023332301091,2023,332301091,1,1,3,1,65,9,2,4,3,0,0,0,0,7,E01025851,-1,0,1.0,0.0,-1,6,30,2,4,2,00:01,1,1,9
2023421291428,2023,421291428,2,1,1,1,55,8,2,0,0,0,0,0,9,6,E01021979,5,1,1.0,0.0,-1,3,70,1,1,2,13:16,3,3,9
2023311390195,2023,311390195,1,1,1,2,60,9,3,0,0,0,0,0,19,-1,-1,3,1,0.0,1.0,-1,1,60,1,1,2,15:00,5,2,19
2023411303961,2023,411303961,2,1,1,1,64,9,3,0,0,0,0,0,19,8,E01023360,3,1,0.0,1.0,-1,6,30,1,1,-1,18:45,2,2,19
2023010459345,2023,010459345,1,1,1,1,27,6,3,0,0,0,0,0,3,4,E01033424,-1,0,0.0,1.0,-1,6,20,2,1,2,14:42,2,2,3
2023010463580,2023,010463580,3,1,1,1,23,5,3,0,0,0,0,0,3,-1,-1,-1,0,0.0,1.0,-1,3,50,1,1,1,18:40,6,3,3
2023010464202,2023,010464202,1,3,2,-1,-1,-1,3,0,0,2,0,0,9,-1,-1,-1,0,0.0,1.0,-1,6,20,8,4,1,22:18,2,1,9
2023061292198,2023,061292198,1,5,2,2,12,3,3,0,0,2,0,0,9,-1,-1,3,1,0.0,1.0,-1,6,30,1,1,1,02:42,3,4,9
2023221281472,2023,221281472,1,1,1,1,49,8,3,0,0,0,0,0,9,5,E01028846,3,1,0.0,1.0,-1,6,60,1,1,1,06:16,3,2,9
2023122301252,2023,122301252,2,2,1,1,15,3,3,0,0,0,0,0,1,6,E01027881,-1,0,0.06722,0.93278,-1,1,30,1,1,2,08:10,3,2,1
2023141270608,2023,141270608,2,1,1,1,59,9,2,0,0,0,0,0,1,3,E01028014,7,1,1.0,0.0,-1,6,60,1,1,1,17:25,3,2,1
2023471364271,2023,471364271,1,1,1,1,57,9,2,0,0,0,0,0,1,9,E01006148,5,1,1.0,0.0,-1,6,60,2,1,2,11:37,5,2,1
2023320407150,2023,320407150,1,3,1,1,36,7,2,0,0,0,0,0,9,3,E01026024,-1,0,1.0,0.0,-1,6,60,1,1,1,13:45,1,2,9
2023421392030,2023,421392030,2,1,1,2,56,9,2,0,0,0,0,0,9,6,E01015864,5,1,1.0,0.0,-1,6,30,1,4,2,18:11,1,2,9
2023440214323,2023,440214323,2,3,2,2,7,2,3,0,0,2,0,0,9,9,E01022522,-1,0,0.07,0.93,-1,6,40,1,1,1,17:52,3,2,9
2023131309507,2023,131309507,1,1,3,1,63,9,3,9,5,0,0,1,0,8,E01010686,3,1,0.0,1.0,-1,6,30,1,1,1,12:07,7,1,9
2023010422625,2023,010422625,1,1,1,1,32,6,3,0,0,0,0,0,9,5,E01016754,-1,0,0.0,1.0,-1,3,20,1,4,2,07:15,7,1,9
2023361298110,2023,361298110,2,2,2,1,41,7,3,0,0,1,0,0,9,6,E01026535,3,1,0.0,1.0,-1,6,20,1,1,1,15:53,3,2,9
2023010454781,2023,010454781,1,1,1,1,21,5,3,0,0,0,0,0,3,10,E01030403,-1,0,0.0,1.0,-1,6,20,2,1,2,20:20,7,2,3
2023010483660,2023,010483660,1,1,1,2,44,7,3,0,0,0,0,0,9,1,E01001781,-1,0,0.0,1.0,-1,6,20,2,4,2,22:20,3,2,9
2023411268349,2023,411268349,2,4,2,2,69,10,3,0,0,2,0,0,9,4,E01017521,3,1,0.0,1.0,-1,3,70,1,1,1,13:50,6,6,9
2023501345149,2023,501345149,2,1,1,1,74,10,3,0,0,0,0,0,9,2,E01018868,3,1,0.0,1.0,-1,6,30,1,1,1,17:35,6,2,9
2023010442333,2023,010442333,1,1,1,1,39,7,3,0,0,0,0,0,3,4,E01003147,-1,0,0.0,1.0,-1,6,20,8,1,2,19:20,4,2,3
2023041359985,2023,041359985,2,3,2,2,42,7,3,0,0,1,0,0,9,1,E01014287,3,1,0.0,1.0,-1,3,70,2,4,2,23:35,5,2,9
2023070549873,2023,070549873,2,1,2,2,5,1,3,0,0,2,0,0,9,8,E01018707,-1,0,0.01597,0.98403,-1,6,40,1,1,1,15:30,5,2,9
2023161342998,2023,161342998,1,2,2,2,44,7,3,0,0,1,0,0,9,1,E01012780,3,1,0.0,1.0,-1,3,30,1,1,1,19:15,4,2,9
2023061373224,2023,061373224,1,1,3,1,17,4,2,4,9,0,0,0,0,7,E01006339,7,1,1.0,0.0,-1,3,50,1,4,1,23:32,6,1,9
2023201411306,2023,201411306,2,1,1,1,35,6,2,0,0,0,0,0,9,1,E01033621,7,1,1.0,0.0,-1,6,20,1,1,1,13:44,6,2,9
2023401398530,2023,401398530,2,1,2,1,51,8,3,0,0,2,0,0,9,2,E01015726,3,1,0.0,1.0,-1,3,70,2,6,2,00:01,1,2,9
2023111388922,2023,111388922,1,1,1,1,88,11,3,0,0,0,0,0,19,2,E01020763,3,1,0.0,1.0,-1,6,30,1,1,1,16:05,6,2,19
2023010424385,2023,010424385,1,1,1,1,30,6,3,0,0,0,0,0,3,2,E01004539,-1,0,0.0,1.0,-1,6,20,1,4,1,18:53,7,1,3
2023010469638,2023,010469638,1,1,1,2,31,6,3,0,0,0,0,0,3,4,E01001956,-1,0,0.0,1.0,-1,3,20,1,1,1,09:00,3,2,3
2023061339724,2023,061339724,1,1,1,1,-1,-1,3,0,0,0,0,0,3,-1,-1,3,1,0.0,1.0,-1,6,20,1,1,1,16:55,3,2,3
2023501322149,2023,501322149,1,1,1,1,21,5,3,0,0,0,0,0,3,5,E01018853,3,1,0.0,1.0,-1,6,60,1,6,1,00:39,7,1,3
2023031318735,2023,031318735,1,1,3,1,68,10,2,9,9,0,0,-1,0,9,E01019191,7,1,1.0,0.0,-1,6,30,1,1,1,16:10,4,1,9
2023311332719,2023,311332719,1,1,3,2,40,7,2,10,9,0,0,0,0,-1,-1,7,1,1.0,0.0,-1,6,30,1,1,2,23:22,1,1,11
2023070103145,2023,070103145,2,2,2,2,34,6,3,0,0,2,0,0,8,1,E01012545,-1,0,0.03099,0.96901,-1,1,30,1,4,1,22:49,7,2,8
2023010463552,2023,010463552,1,1,3,1,71,10,3,5,2,0,0,0,0,3,E01003923,-1,0,0.0,1.0,-1,6,30,1,1,1,18:15,6,1,9
2023401278303,2023,401278303,2,1,1,2,57,9,3,0,0,0,0,0,1,8,E01017455,3,1,0.0,1.0,-1,6,30,1,1,1,08:29,2,2,1
2023010420676,2023,010420676,1,1,1,2,29,6,3,0,0,0,0,0,3,7,E01004597,-1,0,0.0,1.0,-1,9,20,1,4,2,22:58,3,1,3
2023161277244,2023,161277244,2,1,1,1,30,6,1,0,0,0,0,0,3,1,E01012858,1,1,0.0,0.0,-1,6,30,1,4,1,19:10,6,2,3
2023471345189,2023,471345189,1,1,1,1,17,4,2,0,0,0,0,0,3,9,E01031772,6,1,1.0,0.0,-1,6,30,1,1,1,08:18,5,2,3
2023010420725,2023,010420725,1,1,1,2,27,6,3,0,0,0,0,0,9,7,E01000971,-1,0,0.0,1.0,-1,7,20,1,4,1,17:30,3,2,9
2023010424107,2023,010424107,1,1,1,1,44,7,2,0,0,0,0,0,9,10,E01024474,-1,0,1.0,0.0,-1,6,30,1,4,1,00:55,1,3,9
2023010447430,2023,010447430,1,1,1,2,35,6,3,0,0,0,0,0,9,2,E01033587,-1,0,0.0,1.0,-1,6,30,1,4,1,03:58,4,2,9
2023520300610,2023,520300610,2,22,2,1,54,8,3,0,0,0,4,0,11,-1,-1,-1,0,0.07249,0.92751,-1,6,40,1,6,4,06:00,3,3,11
2023010426347,2023,010426347,1,1,1,1,19,4,3,0,0,0,0,0,1,2,E01001777,-1,0,0.0,1.0,-1,6,20,1,4,2,19:15,5,2,1
2023430150559,2023,430150559,1,1,1,1,27,6,3,0,0,0,0,0,3,6,E01016204,-1,0,0.01928,0.98072,-1,6,30,1,1,1,12:05,3,2,3
2023302300521,2023,302300521,1,1,1,1,19,4,3,0,0,0,0,0,9,5,E01007823,-1,0,0.13218,0.86782,-1,3,50,2,4,2,22:57,7,1,9
2023041305957,2023,041305957,1,1,3,1,9,2,2,10,6,0,0,0,0,2,E01012591,7,1,1.0,0.0,-1,6,30,1,1,1,18:40,3,1,19
2023061373453,2023,061373453,1,1,3,2,44,7,3,5,3,0,0,0,0,5,E01004975,3,1,0.0,1.0,-1,6,20,1,4,1,17:43,7,1,9
2023010486082,2023,010486082,1,1,1,1,38,7,3,0,0,0,0,0,4,3,E01001117,-1,0,0.0,1.0,-1,9,20,8,4,2,17:14,3,2,4
2023302301097,2023,302301097,3,2,2,1,19,4,2,0,0,1,0,0,9,1,E01013533,-1,0,1.0,0.0,-1,3,70,2,1,2,16:15,3,3,9
2023440195216,2023,440195216,1,1,1,1,28,6,3,0,0,0,0,0,9,5,E01033229,-1,0,0.10362,0.89638,-1,6,50,1,4,1,23:39,4,1,9
2023461305617,2023,461305617,1,1,1,2,73,10,3,0,0,0,0,0,9,7,E01024812,3,1,0.0,1.0,-1,6,60,1,1,1,16:18,5,1,9
2023522401103,2023,522401103,2,2,1,1,59,9,3,0,0,0,0,0,9,10,E01027291,-1,0,0.04813,0.95187,-1,6,60,1,6,2,17:35,5,2,9
2023101311395,2023,101311395,1,1,2,2,40,7,3,0,0,0,4,0,11,-1,-1,3,1,0.0,1.0,-1,3,20,1,1,1,16:22,2,1,11
2023061283730,2023,061283730,2,1,1,2,27,6,3,0,0,0,0,0,9,-1,-1,3,1,0.0,1.0,-1,3,30,1,4,1,04:50,4,2,9
2023302300988,2023,302300988,1,1,2,2,18,4,2,0,0,2,0,0,9,6,E01025925,-1,0,1.0,0.0,-1,6,60,1,1,1,10:55,5,2,9
2023430359702,2023,430359702,2,1,2,2,30,6,3,0,0,2,0,0,9,-1,-1,-1,0,0.01862,0.98138,-1,6,30,1,1,1,13:34,7,2,9
202354C074323,2023,54C074323,1,1,1,2,27,6,3,0,0,0,0,0,9,9,E01022611,-1,0,0.04906,0.95094,-1,6,60,1,6,2,18:20,3,1,9
2023010430873,2023,010430873,1,1,3,2,35,6,3,9,5,0,0,0,0,3,E01003916,-1,0,0.0,1.0,-1,2,20,1,1,1,07:08,6,1,19
2023131285753,2023,131285753,2,2,2,2,22,5,3,0,0,0,0,0,9,8,E01011403,3,1,0.0,1.0,-1,6,20,2,4,2,22:40,7,2,9
2023231265312,2023,231265312,2,2,1,1,28,6,3,0,0,0,0,0,9,1,E01031057,3,1,0.0,1.0,-1,3,30,2,1,2,09:11,7,2,9
2023552300227,2023,552300227,1,2,2,1,46,8,3,0,0,1,0,0,9,1,E01020569,-1,0,0.14043,0.85957,-1,6,60,1,6,2,23:33,3,1,9
2023131356372,2023,131356372,2,2,1,1,63,9,2,0,0,0,0,0,19,2,E01011281,7,1,1.0,0.0,-1,3,40,1,1,1,07:25,3,2,19
2023010422062,2023,010422062,1,1,3,2,19,4,2,1,3,0,0,0,0,4,E01000406,-1,0,1.0,0.0,-1,1,30,1,1,2,13:44,4,1,9
2023201376107,2023,201376107,1,1,1,1,32,6,3,0,0,0,0,0,9,2,E01010508,3,1,0.0,1.0,-1,3,40,1,1,2,08:25,7,2,9
2023411335905,2023,411335905,2,1,1,2,37,7,3,0,0,0,0,0,9,9,E01021335,3,1,0.0,1.0,-1,3,70,1,1,1,15:26,4,3,9
2023622300420,2023,622300420,1,1,1,2,90,11,3,0,0,0,0,0,9,6,W01000918,-1,0,0.06563,0.93437,-1,1,30,1,1,1,17:19,2,2,9
202363B022423,2023,63B022423,2,1,1,1,72,10,2,0,0,0,0,0,1,9,W01000534,-1,0,1.0,0.0,-1,6,30,1,1,1,15:40,5,2,1
2023010438266,2023,010438266,1,1,3,2,7,2,3,9,8,0,0,0,0,2,E01002097,-1,0,0.0,1.0,-1,6,30,1,1,1,16:37,4,1,9
2023010456722,2023,010456722,1,1,1,1,26,6,3,0,0,0,0,0,1,5,E01003392,-1,0,0.0,1.0,-1,6,20,2,4,2,21:30,7,2,1