collision_index,collision_year,collision_ref_no,vehicle_reference,casualty_reference,casualty_class,sex_of_casualty,age_of_casualty,age_band_of_casualty,casualty_severity,pedestrian_location,pedestrian_movement,car_passenger,bus_or_coach_passenger,pedestrian_road_maintenance_worker,casualty_type,casualty_imd_decile,lsoa_of_casualty,enhanced_casualty_severity,casualty_injury_based,casualty_adjusted_severity_serious,casualty_adjusted_severity_slight,casualty_distance_banding,road_type,speed_limit,weather_conditions,light_conditions,road_surface_conditions,time,day_of_week,number_of_vehicles,vehicle_type
2023052301216,2023,052301216,2,1,1,1,58,9,3,0,0,0,0,0,5,5,E01006840,-1,0,0.19372,0.80628,-1,6,30,1,1,1,11:15,6,2,5
2023332301020,2023,332301020,2,1,1,2,56,9,2,0,0,0,0,0,5,1,E01025423,-1,0,1.0,0.0,-1,1,50,1,1,1,17:30,1,2,5
2023010451680,2023,010451680,1,1,1,2,69,10,3,0,0,0,0,0,9,5,E01004527,-1,0,0.0,1.0,-1,6,20,1,1,1,16:31,2,2,9
2023122300738,2023,122300738,1,1,1,1,57,9,3,0,0,0,0,0,9,6,E01013418,-1,0,0.07241,0.92759,-1,6,30,1,1,1,20:42,1,2,9
2023041343671,2023,041343671,1,3,2,2,50,8,2,0,0,0,0,0,98,4,E01004796,6,1,1.0,0.0,-1,3,70,1,1,1,15:25,1,3,98
2023010428211,2023,010428211,1,1,1,2,53,8,3,0,0,0,0,0,9,4,E01001480,-1,0,0.0,1.0,-1,6,20,1,1,2,08:40,6,2,9
2023141392301,2023,141392301,2,4,1,2,51,8,3,0,0,0,0,0,9,3,E01007667,3,1,0.0,1.0,-1,3,40,1,4,1,22:39,3,2,9
2023451325197,2023,451325197,2,2,2,2,54,8,3,0,0,1,0,0,9,3,E01001116,3,1,0.0,1.0,-1,6,30,1,1,1,13:00,5,2,9
2023041352152,2023,041352152,1,1,2,2,29,6,3,0,0,1,0,0,9,4,E01012731,3,1,0.0,1.0,-1,6,30,1,1,1,13:09,4,2,9
2023101272980,2023,101272980,1,1,1,1,91,11,3,0,0,0,0,0,9,3,E01032483,3,1,0.0,1.0,-1,2,30,1,1,1,14:55,2,1,9
2023122301117,2023,122301117,1,3,2,2,16,4,3,0,0,1,0,0,9,8,E01027838,-1,0,0.03045,0.96955,-1,6,30,2,4,2,20:44,5,2,9
2023320325633,2023,320325633,2,1,2,2,25,5,3,0,0,1,0,0,9,3,E01027082,-1,0,0.04452,0.95548,-1,6,60,1,1,1,11:30,1,2,9
2023991265176,2023,991265176,1,1,1,2,30,6,3,0,0,0,0,0,9,8,-1,3,1,0.0,1.0,-1,6,30,1,4,1,18:50,1,1,9
2023622300470,2023,622300470,2,1,1,1,6,2,2,0,0,0,0,0,1,1,W01000866,-1,0,1.0,0.0,-1,6,20,1,1,1,17:49,7,2,1
2023010463063,2023,010463063,1,1,1,1,41,7,3,0,0,0,0,0,8,6,E01002933,-1,0,0.0,1.0,-1,9,20,1,1,1,15:22,3,2,8
2023052301641,2023,052301641,1,1,2,2,19,4,3,0,0,2,0,0,8,9,E01006917,-1,0,0.03604,0.96396,-1,6,30,1,4,1,02:20,1,1,8
2023411279192,2023,411279192,1,1,1,2,95,11,3,0,0,0,0,0,9,10,E01023510,3,1,0.0,1.0,-1,6,40,1,1,1,10:02,4,2,9
2023430415939,2023,430415939,1,1,1,1,89,11,2,0,0,0,0,0,9,7,E01016478,-1,0,1.0,0.0,-1,6,30,1,1,1,10:18,7,1,9
2023141267095,2023,141267095,2,1,1,1,17,4,3,0,0,0,0,0,9,3,E01007807,3,1,0.0,1.0,-1,6,30,1,4,1,20:42,2,2,9
2023430326801,2023,430326801,1,1,2,2,18,4,3,0,0,2,0,0,9,3,E01017790,-1,0,0.03138,0.96862,-1,6,30,2,5,2,03:15,1,1,9
2023101313060,2023,101313060,2,2,1,1,33,6,2,0,0,0,0,0,3,1,E01008345,6,1,1.0,0.0,-1,6,30,1,1,1,12:22,1,2,3
2023522301142,2023,522301142,2,1,1,1,48,8,3,0,0,0,0,0,3,6,E01014648,-1,0,0.12704,0.87296,-1,6,20,1,4,2,19:19,6,2,3
2023010486416,2023,010486416,1,1,1,1,22,5,3,0,0,0,0,0,9,4,E01004628,-1,0,0.0,1.0,-1,6,20,1,4,1,22:53,5,2,9
2023052302852,2023,052302852,1,1,1,2,72,10,3,0,0,0,0,0,9,7,E01006577,-1,0,0.08843,0.91157,-1,6,20,1,1,2,08:55,5,2,9
2023061349560,2023,061349560,2,1,1,1,31,6,3,0,0,0,0,0,9,4,E01011165,3,1,0.0,1.0,-1,1,30,1,1,1,19:00,2,2,9
2023061392527,2023,061392527,1,1,1,1,66,10,2,0,0,0,0,0,9,2,E01004795,5,1,1.0,0.0,-1,6,30,1,6,2,16:00,4,2,9
2023070230100,2023,070230100,2,1,1,1,43,7,3,0,0,0,0,0,9,4,E01005816,-1,0,0.01065,0.98935,-1,3,50,1,1,1,13:45,7,2,9
2023421271112,2023,421271112,1,1,1,2,38,7,2,0,0,0,0,0,9,-1,-1,6,1,1.0,0.0,-1,6,60,1,6,1,16:59,3,2,9
2023440314243,2023,440314243,2,1,1,2,59,9,3,0,0,0,0,0,9,3,E01022840,-1,0,0.06172,0.93828,-1,7,70,1,1,1,15:00,6,2,9
2023010429150,2023,010429150,2,1,1,1,56,9,3,0,0,0,0,0,1,10,E01002937,-1,0,0.0,1.0,-1,6,20,1,1,1,14:50,7,2,1
2023201327703,2023,201327703,2,1,1,1,23,5,3,0,0,0,0,0,1,-1,-1,3,1,0.0,1.0,-1,6,30,1,1,1,21:00,5,2,1
2023010424321,2023,010424321,1,1,1,1,56,9,3,0,0,0,0,0,4,3,E01003331,-1,0,0.0,1.0,-1,6,30,1,4,1,06:42,2,2,4
2023101337957,2023,101337957,2,1,1,1,77,11,2,0,0,0,0,0,9,6,E01027505,5,1,1.0,0.0,-1,3,70,1,1,1,15:08,4,3,9
2023461347824,2023,461347824,2,1,2,2,9,2,3,0,0,1,0,0,9,5,E01024492,3,1,0.0,1.0,-1,1,60,1,1,1,16:31,5,2,9
2023010458489,2023,010458489,1,2,2,2,19,4,3,0,0,0,0,0,10,2,E01003920,-1,0,0.0,1.0,-1,2,30,1,1,1,13:52,7,2,10
2023052302964,2023,052302964,1,2,3,1,4,1,3,5,1,0,0,0,0,1,E01006702,-1,0,0.1213,0.8787,-1,6,30,2,4,2,08:07,3,1,9
2023501271341,2023,501271341,1,1,1,1,60,9,3,0,0,0,0,0,8,8,E01020102,3,1,0.0,1.0,-1,6,30,2,6,2,02:30,5,1,8
2023041370825,2023,041370825,2,1,1,1,57,9,3,0,0,0,0,0,9,-1,-1,3,1,0.0,1.0,-1,6,50,1,1,1,08:20,7,2,9
2023061365897,2023,061365897,2,1,1,2,31,6,3,0,0,0,0,0,9,2,E01006244,3,1,0.0,1.0,-1,6,30,2,1,2,19:23,5,2,9
2023552301414,2023,552301414,1,1,1,1,64,9,3,0,0,0,0,0,9,7,E01029169,-1,0,0.08023,0.91977,-1,3,70,1,1,1,12:25,1,2,9
2023161349248,2023,161349248,2,1,1,2,42,7,2,0,0,0,0,0,1,1,E01012918,7,1,1.0,0.0,-1,6,30,1,1,1,15:23,2,2,1
2023061310034,2023,061310034,2,3,2,2,21,5,3,0,0,1,0,0,9,-1,-1,3,1,0.0,1.0,-1,7,70,1,1,1,19:00,1,3,9
2023101279496,2023,101279496,1,1,2,2,65,9,2,0,0,1,0,0,9,2,E01008755,5,1,1.0,0.0,-1,6,30,4,4,1,17:09,3,1,9
2023141319983,2023,141319983,1,1,1,1,61,9,2,0,0,0,0,0,9,-1,-1,7,1,1.0,0.0,-1,6,40,1,1,1,14:38,1,1,9
2023991380505,2023,991380505,2,3,2,2,31,6,3,0,0,1,0,0,9,3,-1,3,1,0.0,1.0,-1,6,60,1,1,4,13:00,4,2,9
2023221348970,2023,221348970,2,1,1,1,75,10,3,0,0,0,0,0,1,7,E01028954,3,1,0.0,1.0,-1,6,30,1,1,1,06:07,3,2,1
2023010462561,2023,010462561,1,1,1,1,37,7,3,0,0,0,0,0,9,3,E01032574,-1,0,0.0,1.0,-1,7,30,1,1,2,18:37,7,2,9
2023052300381,2023,052300381,2,1,1,2,40,7,3,0,0,0,0,0,9,1,E01006603,-1,0,0.01212,0.98788,-1,6,30,1,4,1,20:25,5,2,9
2023070785465,2023,070785465,2,1,1,2,87,11,3,0,0,0,0,0,9,3,E01006496,-1,0,0.04489,0.95511,-1,6,30,1,1,1,11:30,3,2,9
2023141377221,2023,141377221,2,1,1,1,65,9,3,0,0,0,0,0,9,-1,-1,3,1,0.0,1.0,-1,6,30,2,4,2,06:27,3,2,9
2023411367543,2023,411367543,2,2,1,1,41,7,3,0,0,0,0,0,9,6,E01015821,3,1,0.0,1.0,-1,6,40,1,1,1,06:50,5,3,9
2023991355623,2023,991355623,3,2,1,1,55,8,3,0,0,0,0,0,9,4,-1,3,1,0.0,1.0,-1,6,50,1,1,1,17:50,7,3,9
2023010469423,2023,010469423,1,1,1,2,57,9,2,0,0,0,0,0,9,8,E01003823,-1,0,1.0,0.0,-1,6,30,1,4,1,00:10,2,2,9
2023031282823,2023,031282823,1,1,1,1,52,8,3,0,0,0,0,0,9,7,E01017680,3,1,0.0,1.0,-1,3,70,1,1,-1,12:40,6,2,9
2023101271451,2023,101271451,2,1,1,1,32,6,3,0,0,0,0,0,9,7,E01008179,3,1,0.0,1.0,-1,7,30,1,1,1,09:36,4,3,9
2023161319653,2023,161319653,1,3,2,1,14,3,3,0,0,2,0,0,9,1,E01013330,3,1,0.0,1.0,-1,1,40,1,1,1,16:16,6,2,9
2023231360871,2023,231360871,1,2,2,2,28,6,3,0,0,1,0,0,9,2,E01010146,3,1,0.0,1.0,-1,6,50,1,1,1,14:15,2,3,9
2023010444189,2023,010444189,1,1,1,1,33,6,3,0,0,0,0,0,8,6,E01024292,-1,0,0.0,1.0,-1,2,30,1,1,1,04:35,1,2,8
2023361266584,2023,361266584,2,1,1,1,45,7,3,0,0,0,0,0,9,6,E01026781,3,1,0.0,1.0,-1,6,30,1,1,4,16:00,1,3,9
2023461377358,2023,461377358,1,1,1,2,28,6,2,0,0,0,0,0,9,1,E01033211,6,1,1.0,0.0,-1,3,70,1,1,2,09:00,3,2,9
2023471304928,2023,471304928,1,1,1,1,64,9,3,0,0,0,0,0,9,2,E01021091,3,1,0.0,1.0,-1,3,30,1,1,1,14:19,1,2,9
2023520400545,2023,520400545,2,1,1,2,59,9,3,0,0,0,0,0,9,5,E01032629,-1,0,0.08045,0.91955,-1,6,50,4,6,2,20:45,6,3,9
2023332300350,2023,332300350,1,1,1,1,23,5,3,0,0,0,0,0,9,2,E01013753,-1,0,0.00533,0.99467,-1,6,20,1,1,1,17:38,1,2,9
2023010461760,2023,010461760,1,1,1,1,33,6,3,0,0,0,0,0,9,3,E01021764,-1,0,0.0,1.0,-1,3,50,1,1,1,16:45,2,1,9
2023070300819,2023,070300819,1,1,1,1,86,11,2,0,0,0,0,0,9,10,E01005849,-1,0,1.0,0.0,-1,3,70,1,1,1,15:10,1,1,9
2023141268578,2023,141268578,1,3,1,1,21,5,3,0,0,0,0,0,9,2,E01007394,3,1,0.0,1.0,-1,6,60,1,6,2,19:50,5,1,9
2023302301786,2023,302301786,2,2,1,2,22,5,2,0,0,0,0,0,9,1,E01013472,-1,0,1.0,0.0,-1,6,40,1,4,1,22:39,3,2,9
2023311343855,2023,311343855,2,1,1,2,36,7,3,0,0,0,0,0,9,4,E01027933,3,1,0.0,1.0,-1,6,30,1,1,1,16:29,6,2,9
2023031326831,2023,031326831,1,1,3,1,35,6,1,10,9,0,0,0,0,1,E01012021,1,1,0.0,0.0,-1,3,70,1,1,1,06:12,6,1,21
2023201316255,2023,201316255,2,1,1,1,42,7,2,0,0,0,0,0,1,7,E01008968,7,1,1.0,0.0,-1,6,30,1,1,1,17:20,6,2,1
2023440507288,2023,440507288,1,1,1,2,35,6,2,0,0,0,0,0,3,6,E01016328,-1,0,1.0,0.0,-1,3,50,1,4,2,17:27,3,1,3
2023041391621,2023,041391621,1,4,2,1,34,6,2,0,0,1,0,0,9,3,E01012677,5,1,1.0,0.0,-1,3,50,4,5,1,22:08,6,2,9
2023061293042,2023,061293042,2,2,2,2,43,7,3,0,0,1,0,0,9,1,E01006327,3,1,0.0,1.0,-1,6,30,1,1,2,18:30,5,2,9
2023122300943,2023,122300943,2,2,1,2,25,5,3,0,0,0,0,0,9,10,E01013433,-1,0,0.02852,0.97148,-1,6,40,1,1,1,12:36,7,2,9
2023170S11903,2023,170S11903,2,2,1,2,25,5,3,0,0,0,0,0,9,1,E01032542,-1,0,0.02858,0.97142,-1,6,30,5,4,2,18:17,6,2,9
2023201408355,2023,201408355,1,1,1,2,39,7,3,0,0,0,0,0,9,2,E01010065,3,1,0.0,1.0,-1,3,30,1,1,1,10:50,7,2,9
2023311381042,2023,311381042,2,2,1,2,75,10,3,0,0,0,0,0,9,10,E01028400,3,1,0.0,1.0,-1,3,50,1,4,2,17:02,5,2,9
2023320164927,2023,320164927,1,1,1,2,26,6,3,0,0,0,0,0,9,7,E01026188,-1,0,0.11835,0.88165,-1,6,60,1,1,2,07:20,7,1,9
2023461303222,2023,461303222,1,1,1,1,33,6,3,0,0,0,0,0,9,1,E01024676,3,1,0.0,1.0,-1,6,20,1,4,1,01:17,4,2,9
2023622300622,2023,622300622,2,2,1,2,58,9,3,0,0,0,0,0,1,5,W01001296,-1,0,0.10376,0.89624,-1,6,30,1,1,1,08:16,4,2,1
2023131332071,2023,131332071,1,1,1,1,58,9,3,0,0,0,0,0,9,1,E01010964,3,1,0.0,1.0,-1,6,30,2,4,2,01:50,7,2,9
2023471345613,2023,471345613,2,2,1,1,30,6,2,0,0,0,0,0,9,2,E01017011,7,1,1.0,0.0,-1,6,30,1,1,1,16:45,6,3,9
2023991284668,2023,991284668,1,1,1,1,23,5,3,0,0,0,0,0,9,-1,-1,3,1,0.0,1.0,-1,6,30,1,4,1,19:08,4,2,9
2023031282877,2023,031282877,1,2,2,2,17,4,3,0,0,1,0,0,9,6,E01019096,3,1,0.0,1.0,-1,6,30,2,4,2,20:31,5,5,9
2023451276310,2023,451276310,2,1,1,1,56,9,3,0,0,0,0,0,9,7,E01002999,3,1,0.0,1.0,-1,3,70,1,4,1,19:10,3,2,9
2023531356154,2023,531356154,2,1,2,2,33,6,3,0,0,2,0,0,9,-1,-1,3,1,0.0,1.0,-1,6,30,1,1,2,16:55,1,2,9
2023031309680,2023,031309680,1,1,3,1,71,10,3,10,9,0,0,1,0,6,E01025591,3,1,0.0,1.0,-1,6,60,9,1,1,16:25,7,1,9
2023991298599,2023,991298599,1,1,1,1,33,6,3,0,0,0,0,0,3,2,-1,3,1,0.0,1.0,-1,6,40,1,1,1,17:35,4,2,3
2023041329194,2023,041329194,2,1,1,1,33,6,3,0,0,0,0,0,9,1,E01025045,3,1,0.0,1.0,-1,6,30,1,1,1,20:02,5,2,9
2023201413859,2023,201413859,2,1,1,1,38,7,3,0,0,0,0,0,9,-1,-1,3,1,0.0,1.0,-1,6,30,1,1,2,16:40,7,2,9
2023302301149,2023,302301149,2,2,2,2,39,7,3,0,0,1,0,0,9,6,E01019421,-1,0,0.02752,0.97248,-1,6,30,1,1,1,22:06,3,2,9
2023501299585,2023,501299585,1,2,1,1,21,5,3,0,0,0,0,0,3,4,E01018922,3,1,0.0,1.0,-1,6,60,1,1,1,17:30,7,2,3
2023991277655,2023,991277655,2,1,1,1,43,7,3,0,0,0,0,0,9,-1,-1,3,1,0.0,1.0,-1,6,20,1,1,1,14:31,2,2,9
2023010460508,2023,010460508,1,1,1,1,27,6,3,0,0,0,0,0,1,3,E01004600,-1,0,0.0,1.0,-1,2,20,1,4,1,21:05,5,2,1
2023010467793,2023,010467793,2,1,1,1,32,6,2,0,0,0,0,0,1,5,E01004564,-1,0,1.0,0.0,-1,6,20,1,1,1,10:08,7,2,1
2023031296438,2023,031296438,2,1,1,2,46,8,3,0,0,0,0,0,9,-1,-1,3,1,0.0,1.0,-1,6,30,2,1,2,18:59,5,2,9
2023131306407,2023,131306407,2,1,1,1,36,7,3,0,0,0,0,0,9,1,E01010748,3,1,0.0,1.0,-1,3,30,1,1,1,17:58,5,2,9
2023161359045,2023,161359045,2,2,1,1,43,7,3,0,0,0,0,0,19,10,E01012967,3,1,0.0,1.0,-1,6,60,1,1,2,06:35,3,3,19
2023461310551,2023,461310551,1,1,3,2,13,3,2,6,9,0,0,0,0,3,E01024599,7,1,1.0,0.0,-1,6,20,1,1,1,16:08,5,3,9
2023430180303,2023,430180303,2,1,2,2,4,1,3,0,0,0,0,0,1,7,E01028690,-1,0,0.02911,0.97089,-1,6,30,2,1,2,15:20,2,2,1
2023131281462,2023,131281462,1,2,2,1,-1,-1,3,0,0,1,0,0,9,1,E01011038,3,1,0.0,1.0,-1,1,40,1,1,1,07:52,4,2,9
2023041337574,2023,041337574,1,1,1,1,3,1,3,0,0,0,0,0,-1,1,E01025156,3,1,0.0,1.0,-1,6,30,1,1,1,15:00,1,1,-1
2023361362791,2023,361362791,2,1,1,1,54,8,3,0,0,0,0,0,1,6,E01026514,3,1,0.0,1.0,-1,1,30,2,1,2,16:00,6,2,1
2023531367400,2023,531367400,2,1,1,1,76,11,2,0,0,0,0,0,1,10,E01022105,7,1,1.0,0.0,-1,6,30,1,1,1,14:10,5,2,1
2023061269998,2023,061269998,1,1,3,1,4,1,3,5,4,0,0,0,0,9,E01006250,3,1,0.0,1.0,-1,6,30,1,1,1,12:14,6,1,9
2023471292444,2023,471292444,1,1,3,2,40,7,3,6,9,0,0,0,0,7,E01021038,3,1,0.0,1.0,-1,6,30,1,1,1,15:37,6,1,10
2023552300658,2023,552300658,1,1,1,1,61,9,2,0,0,0,0,0,1,6,E01020531,-1,0,1.0,0.0,-1,6,60,1,1,1,11:08,3,2,1
2023371317968,2023,371317968,1,1,1,1,25,5,3,0,0,0,0,0,3,2,E01029987,3,1,0.0,1.0,-1,1,40,1,4,1,00:30,2,2,3
2023991324430,2023,991324430,1,1,1,1,52,8,2,0,0,0,0,0,5,5,E01014207,6,1,1.0,0.0,-1,6,60,1,1,1,15:29,4,1,5
2023131275154,2023,131275154,1,1,1,1,27,6,2,0,0,0,0,0,9,2,E01011166,5,1,1.0,0.0,-1,6,20,1,1,1,10:52,7,1,9
2023201408339,2023,201408339,2,1,1,-1,35,6,3,0,0,0,0,0,9,1,E01009130,3,1,0.0,1.0,-1,2,30,1,1,1,08:50,6,2,9
2023430041867,2023,430041867,1,2,2,1,53,8,3,0,0,1,0,0,9,-1,-1,-1,0,0.15239,0.84761,-1,6,60,1,1,2,14:38,7,1,9
2023440284831,2023,440284831,1,1,2,2,18,4,3,0,0,1,0,0,9,6,E01017298,-1,0,0.09325,0.90675,-1,6,40,4,1,1,18:32,7,2,9
2023471379674,2023,471379674,1,1,1,1,36,7,2,0,0,0,0,0,9,10,E01031517,5,1,1.0,0.0,-1,6,60,2,6,2,18:08,2,2,9
2023552301129,2023,552301129,1,1,1,1,19,4,3,0,0,0,0,0,9,8,E01031988,-1,0,0.08767,0.91233,-1,6,30,1,4,1,03:10,7,2,9
2023411374939,2023,411374939,2,1,1,1,17,4,3,0,0,0,0,0,1,7,E01023602,3,1,0.0,1.0,-1,6,30,1,1,1,15:33,3,2,1
2023041339140,2023,041339140,1,1,1,2,30,6,3,0,0,0,0,0,9,1,E01012595,3,1,0.0,1.0,-1,6,30,1,1,1,17:50,2,2,9
2023201393234,2023,201393234,2,2,2,2,29,6,3,0,0,1,0,0,9,-1,-1,3,1,0.0,1.0,-1,6,20,1,4,1,23:34,5,2,9
2023440509578,2023,440509578,1,2,1,2,45,7,3,0,0,0,0,0,9,3,E01032851,-1,0,0.07148,0.92852,-1,6,60,1,1,1,08:51,5,2,9
2023471348049,2023,471348049,1,2,2,2,18,4,2,0,0,2,0,0,9,10,E01016998,7,1,1.0,0.0,-1,6,50,1,6,1,01:28,1,1,9
2023547348923,2023,547348923,2,2,1,2,38,7,3,0,0,0,0,0,9,9,E01015548,-1,0,0.04063,0.95937,-1,6,60,1,1,1,15:28,5,2,9
2023170L30443,2023,170L30443,2,2,1,1,17,4,3,0,0,0,0,0,3,9,E01012138,-1,0,0.19255,0.80745,-1,6,30,2,1,2,06:00,1,2,3
2023141326743,2023,141326743,1,1,1,1,53,8,3,0,0,0,0,0,5,1,E01007768,3,1,0.0,1.0,-1,1,40,1,1,1,17:10,5,2,5
2023201371197,2023,201371197,1,2,2,1,39,7,2,0,0,-1,0,0,9,1,E01010063,7,1,1.0,0.0,-1,3,50,1,1,1,05:10,7,1,9
2023320208340,2023,320208340,2,1,2,2,28,6,3,0,0,1,0,0,9,5,E01026027,-1,0,0.01125,0.98875,-1,6,30,1,1,1,17:20,5,2,9
2023461379078,2023,461379078,2,2,2,2,37,7,3,0,0,1,0,0,9,1,E01024240,3,1,0.0,1.0,-1,6,30,1,1,1,10:42,1,2,9
2023061298121,2023,061298121,1,1,1,1,35,6,3,0,0,0,0,0,1,2,E01005563,3,1,0.0,1.0,-1,6,30,1,1,1,17:15,3,2,1
2023010459649,2023,010459649,1,1,1,1,33,6,3,0,0,0,0,0,3,6,E01033457,-1,0,0.0,1.0,-1,6,30,5,1,2,13:30,3,2,3
2023451314526,2023,451314526,2,1,1,2,33,6,2,0,0,0,0,0,3,1,E01001052,7,1,1.0,0.0,-1,6,60,1,1,1,13:40,7,2,3
2023471295084,2023,471295084,1,1,1,1,34,6,2,0,0,0,0,0,5,7,E01016170,7,1,1.0,0.0,-1,6,60,1,1,1,09:20,1,2,5
2023421307011,2023,421307011,1,1,2,2,17,4,2,0,0,2,0,0,9,4,E01021815,5,1,1.0,0.0,-1,6,60,1,1,1,18:00,7,1,9
2023471361476,2023,471361476,2,1,1,2,25,5,3,0,0,0,0,0,9,4,E01031576,3,1,0.0,1.0,-1,1,40,1,1,1,08:04,3,2,9
2023010466899,2023,010466899,1,1,2,1,71,10,3,0,0,0,4,0,11,4,E01002665,-1,0,0.0,1.0,-1,6,30,1,1,1,14:49,2,1,11
2023552301079,2023,552301079,1,1,2,1,3,1,3,0,0,0,0,0,19,2,E01020499,-1,0,0.04035,0.95965,-1,6,50,1,1,1,17:18,2,2,19
2023010477249,2023,010477249,1,2,2,1,25,5,3,0,0,2,0,0,9,3,E01032784,-1,0,0.0,1.0,-1,6,20,1,4,1,19:50,6,2,9
2023052300370,2023,052300370,2,1,1,1,25,5,3,0,0,0,0,0,9,5,E01007039,-1,0,0.01586,0.98414,-1,2,30,1,1,1,10:30,4,2,9
2023201400636,2023,201400636,1,1,1,1,18,4,3,0,0,0,0,0,9,2,E01009395,3,1,0.0,1.0,-1,6,30,1,4,1,22:23,7,2,9
2023430132730,2023,430132730,1,1,2,1,32,6,2,0,0,0,0,0,97,4,E01016439,-1,0,1.0,0.0,-1,1,30,1,1,1,17:23,7,1,97
2023231330891,2023,231330891,1,1,1,1,56,9,2,0,0,0,0,0,1,8,E01031285,7,1,1.0,0.0,-1,6,60,1,1,1,10:53,1,1,1
2023411337510,2023,411337510,1,1,2,1,15,3,2,0,0,0,0,0,2,4,E01023301,5,1,1.0,0.0,-1,3,70,1,6,1,22:27,6,3,2
2023501311537,2023,501311537,2,1,1,1,45,7,3,0,0,0,0,0,5,6,E01020121,3,1,0.0,1.0,-1,6,60,1,1,1,17:36,5,2,5
2023340NN3312,2023,340NN3312,2,2,1,2,40,7,3,0,0,0,0,0,9,2,E01026957,-1,0,0.02448,0.97552,-1,6,60,1,4,1,20:05,5,2,9
2023501357020,2023,501357020,2,1,1,1,47,8,3,0,0,0,0,0,9,3,E01015249,3,1,0.0,1.0,-1,6,30,1,1,2,08:15,4,2,9
2023061341729,2023,061341729,2,1,1,2,31,6,3,0,0,0,0,0,9,1,E01006327,3,1,0.0,1.0,-1,6,30,1,1,1,04:40,4,2,9
2023070341731,2023,070341731,3,2,1,1,31,6,3,0,0,0,0,0,9,2,E01014342,-1,0,0.01756,0.98244,-1,6,50,2,1,2,13:15,1,4,9
2023131264526,2023,131264526,2,1,1,1,40,7,3,0,0,0,0,0,9,7,E01006063,3,1,0.0,1.0,-1,6,30,1,1,2,13:55,3,2,9
2023311282786,2023,311282786,1,1,1,2,30,6,3,0,0,0,0,0,9,2,E01013832,3,1,0.0,1.0,-1,3,30,1,1,1,16:41,5,2,9
2023371318256,2023,371318256,2,1,1,2,47,8,3,0,0,0,0,0,9,5,E01030061,3,1,0.0,1.0,-1,6,30,1,1,1,18:12,3,3,9
2023221337855,2023,221337855,2,1,1,1,10,2,3,0,0,0,0,0,1,-1,-1,3,1,0.0,1.0,-1,6,30,1,1,1,17:30,6,2,1
2023451302395,2023,451302395,2,1,1,1,50,8,2,0,0,0,0,0,1,10,E01031645,5,1,1.0,0.0,-1,6,30,1,1,1,13:10,7,2,1
2023461317960,2023,461317960,2,1,1,1,17,4,2,0,0,0,0,0,3,3,E01016084,7,1,1.0,0.0,-1,9,30,1,1,1,14:53,2,2,3
2023501272152,2023,501272152,2,1,1,1,30,6,2,0,0,0,0,0,5,1,E01019033,7,1,1.0,0.0,-1,6,30,1,1,1,13:31,5,2,5
2023311327091,2023,311327091,1,1,1,2,58,9,3,0,0,0,0,0,9,4,E01019522,3,1,0.0,1.0,-1,3,30,1,1,1,17:40,6,2,9
2023421381750,2023,421381750,1,1,1,2,76,11,3,0,0,0,0,0,9,7,E01021878,3,1,0.0,1.0,-1,6,60,1,1,1,11:51,7,2,9
2023548563523,2023,548563523,1,1,1,1,35,6,3,0,0,0,0,0,9,9,E01032112,-1,0,0.06022,0.93978,-1,6,50,1,1,2,11:43,2,1,9
2023010464385,2023,010464385,1,1,2,2,19,4,3,0,0,0,0,0,19,9,E01023465,-1,0,0.0,1.0,-1,6,20,1,1,1,09:25,4,2,19
2023061333994,2023,061333994,2,1,2,2,22,5,3,0,0,1,0,0,9,1,E01005948,3,1,0.0,1.0,-1,6,30,1,4,1,21:47,1,2,9
2023501342914,2023,501342914,1,1,1,2,28,6,3,0,0,0,0,0,9,8,E01020333,3,1,0.0,1.0,-1,6,60,1,1,1,19:08,5,2,9
2023320602213,2023,320602213,2,1,1,2,31,6,3,0,0,0,0,0,1,7,E01026029,-1,0,0.05728,0.94272,-1,6,30,1,1,1,14:30,2,2,1
2023471325395,2023,471325395,1,1,1,2,-1,-1,3,0,0,0,0,0,1,1,E01016863,3,1,0.0,1.0,-1,6,30,1,1,1,08:12,2,2,1
2023351302890,2023,351302890,1,1,2,1,15,3,2,0,0,1,0,0,9,3,E01018160,7,1,1.0,0.0,-1,6,30,2,5,2,02:22,1,1,9
2023631312189,2023,631312189,1,1,1,2,20,4,3,0,0,0,0,0,9,5,W01000535,3,1,0.0,1.0,-1,6,60,1,1,1,17:20,7,2,9
2023061354454,2023,061354454,1,1,3,2,36,7,3,4,1,0,0,0,0,1,E01033217,3,1,0.0,1.0,-1,6,30,2,1,2,17:35,2,1,9
2023170S10793,2023,170S10793,2,1,1,1,44,7,3,0,0,0,0,0,1,4,E01012285,-1,0,0.10932,0.89068,-1,6,30,1,1,1,18:10,6,2,1
2023991329564,2023,991329564,1,1,1,2,42,7,3,0,0,0,0,0,9,3,-1,3,1,0.0,1.0,-1,6,30,1,1,1,00:25,7,2,9
2023010479028,2023,010479028,2,1,1,1,15,3,3,0,0,0,0,0,1,4,E01001329,-1,0,0.0,1.0,-1,6,20,1,1,1,09:31,2,2,1
2023061323129,2023,061323129,2,1,1,1,42,7,3,0,0,0,0,0,1,3,E01005641,3,1,0.0,1.0,-1,6,30,1,1,1,08:25,4,2,1