collision_index,collision_year,collision_ref_no,vehicle_reference,casualty_reference,casualty_class,sex_of_casualty,age_of_casualty,age_band_of_casualty,casualty_severity,pedestrian_location,pedestrian_movement,car_passenger,bus_or_coach_passenger,pedestrian_road_maintenance_worker,casualty_type,casualty_imd_decile,lsoa_of_casualty,enhanced_casualty_severity,casualty_injury_based,casualty_adjusted_severity_serious,casualty_adjusted_severity_slight,casualty_distance_banding,road_type,speed_limit,weather_conditions,light_conditions,road_surface_conditions,time,day_of_week,number_of_vehicles,vehicle_type
2023131290539,2023,131290539,2,1,1,1,33,6,2,0,0,0,0,0,9,3,E01010805,7,1,1.0,0.0,-1,6,30,1,4,2,21:32,7,4,9
2023520400645,2023,520400645,2,2,1,1,76,11,3,0,0,0,0,0,9,5,E01020506,-1,0,0.08189,0.91811,-1,6,60,1,1,1,13:51,5,2,9
2023531302659,2023,531302659,1,1,1,1,37,7,3,0,0,0,0,0,9,9,E01022279,3,1,0.0,1.0,-1,6,60,1,1,1,16:35,2,2,9
2023010471453,2023,010471453,3,1,1,1,42,7,2,0,0,0,0,0,1,9,E01030406,-1,0,1.0,0.0,-1,6,20,1,1,1,17:59,4,3,1
2023421376032,2023,421376032,2,3,1,1,17,4,2,0,0,0,0,0,3,-1,-1,6,1,1.0,0.0,-1,6,30,2,6,2,03:59,7,4,3
2023430396761,2023,430396761,1,1,1,1,23,5,3,0,0,0,0,0,4,8,E01028704,-1,0,0.24928,0.75072,-1,3,40,1,1,1,19:06,2,2,4
2023451343254,2023,451343254,2,1,1,1,25,5,3,0,0,0,0,0,5,5,E01029470,3,1,0.0,1.0,-1,6,30,1,1,1,18:50,6,2,5
2023451357830,2023,451357830,2,1,1,1,48,8,3,0,0,0,0,0,5,7,E01030850,3,1,0.0,1.0,-1,6,60,1,6,1,17:30,5,2,5
2023010482952,2023,010482952,1,1,2,2,-1,-1,3,0,0,9,0,0,8,8,E01004143,-1,0,0.0,1.0,-1,3,40,2,4,2,04:45,7,2,8
2023311301975,2023,311301975,2,1,1,2,36,7,3,0,0,0,0,0,9,2,E01028234,3,1,0.0,1.0,-1,6,50,1,1,1,08:29,3,3,9
2023411406801,2023,411406801,4,2,1,2,49,8,3,0,0,0,0,0,9,7,E01017446,3,1,0.0,1.0,-1,3,70,1,1,1,13:25,3,6,9
2023461379288,2023,461379288,1,1,2,1,31,6,3,0,0,1,0,0,9,3,E01024508,3,1,0.0,1.0,-1,6,60,1,5,2,22:00,7,1,9
2023010481695,2023,010481695,2,1,1,1,23,5,3,0,0,0,0,0,1,4,E01001002,-1,0,0.0,1.0,-1,6,30,1,1,2,13:45,1,2,1
2023010448822,2023,010448822,1,1,3,2,10,2,3,1,3,0,0,0,0,3,E01001488,-1,0,0.0,1.0,-1,6,30,1,1,1,15:55,3,1,9
2023010434739,2023,010434739,1,1,2,2,22,5,2,0,0,2,0,0,9,3,E01000473,-1,0,1.0,0.0,-1,6,30,8,1,1,17:52,3,2,9
2023010485320,2023,010485320,1,1,1,1,56,9,3,0,0,0,0,0,9,3,E01000506,-1,0,0.0,1.0,-1,6,30,1,4,1,19:03,7,2,9
2023131311107,2023,131311107,2,1,1,2,35,6,3,0,0,0,0,0,9,1,E01011918,3,1,0.0,1.0,-1,6,30,1,1,1,08:22,2,2,9
2023471370382,2023,471370382,1,1,1,2,31,6,3,0,0,0,0,0,9,10,E01021228,3,1,0.0,1.0,-1,6,30,1,1,1,11:26,6,3,9
2023546006723,2023,546006723,2,2,2,1,9,2,3,0,0,2,0,0,9,9,E01031847,-1,0,0.05919,0.94081,-1,6,60,1,1,1,15:24,5,2,9
2023010468209,2023,010468209,2,1,1,1,48,8,3,0,0,0,0,0,1,9,E01003458,-1,0,0.0,1.0,-1,6,20,1,1,1,18:00,2,2,1
2023010476309,2023,010476309,1,1,1,2,43,7,3,0,0,0,0,0,9,2,E01004384,-1,0,0.0,1.0,-1,9,20,1,4,2,17:35,2,2,9
2023141373394,2023,141373394,2,2,1,1,20,4,3,0,0,0,0,0,9,2,E01007638,3,1,0.0,1.0,-1,6,20,1,1,1,13:30,7,3,9
2023201379957,2023,201379957,4,4,1,1,33,6,3,0,0,0,0,0,9,1,E01010375,3,1,0.0,1.0,-1,6,30,1,7,1,15:37,7,5,9
2023221383110,2023,221383110,1,1,1,1,51,8,2,0,0,0,0,0,9,4,E01032397,7,1,1.0,0.0,-1,6,60,1,4,2,21:10,3,2,9
2023061399282,2023,061399282,2,2,2,2,45,7,3,0,0,2,0,0,9,5,E01004913,3,1,0.0,1.0,-1,3,20,1,1,1,18:07,3,2,9
2023111388048,2023,111388048,2,1,1,2,57,9,3,0,0,0,0,0,9,-1,-1,3,1,0.0,1.0,-1,3,70,1,6,2,07:20,5,2,9
2023161327737,2023,161327737,1,1,1,1,44,7,3,0,0,0,0,0,9,6,E01013122,3,1,0.0,1.0,-1,6,30,1,1,1,12:51,3,2,9
2023991340338,2023,991340338,2,1,1,2,54,8,2,0,0,0,0,0,9,2,-1,5,1,1.0,0.0,-1,6,60,8,1,1,18:30,1,2,9
2023622300713,2023,622300713,1,1,1,2,70,10,2,0,0,0,0,0,9,8,W01001945,-1,0,1.0,0.0,-1,3,70,2,1,2,13:24,6,3,9
2023201364263,2023,201364263,1,1,1,1,29,6,1,0,0,0,0,0,9,-1,-1,1,1,0.0,0.0,-1,3,40,1,1,1,13:33,1,1,9
2023311280207,2023,311280207,2,1,1,1,29,6,3,0,0,0,0,0,9,6,E01027925,3,1,0.0,1.0,-1,1,30,1,4,1,19:00,1,2,9
2023332301052,2023,332301052,1,1,1,1,90,11,3,0,0,0,0,0,9,7,E01033102,-1,0,0.01843,0.98157,-1,6,30,1,1,2,15:10,5,2,9
2023440133208,2023,440133208,3,1,1,2,45,7,3,0,0,0,0,0,9,4,E01023033,-1,0,0.05755,0.94245,-1,6,40,1,1,1,15:12,3,3,9
2023201409654,2023,201409654,2,2,1,1,34,6,3,0,0,0,0,0,9,3,E01009315,3,1,0.0,1.0,-1,1,30,1,1,1,12:15,2,4,9
2023311314519,2023,311314519,1,2,2,1,32,6,3,0,0,1,0,0,9,2,E01028223,3,1,0.0,1.0,-1,6,60,1,1,1,18:58,6,2,9
2023991321159,2023,991321159,1,3,2,2,9,2,3,0,0,2,0,0,9,-1,-1,3,1,0.0,1.0,-1,3,70,1,1,1,17:22,3,2,9
2023010483694,2023,010483694,1,1,1,2,39,7,3,0,0,0,0,0,1,5,E01001852,-1,0,0.0,1.0,-1,9,30,9,7,9,07:30,4,2,1
2023302300577,2023,302300577,1,1,3,1,18,4,2,6,9,0,0,0,0,1,E01013533,-1,0,1.0,0.0,-1,6,40,2,4,2,01:20,7,1,9
2023010428926,2023,010428926,2,1,1,1,29,6,2,0,0,0,0,0,1,1,E01033701,-1,0,1.0,0.0,-1,6,20,1,1,2,12:30,6,2,1
2023161380903,2023,161380903,1,1,1,1,36,7,3,0,0,0,0,0,9,9,E01013157,3,1,0.0,1.0,-1,6,30,1,1,2,08:10,4,2,9
2023201393224,2023,201393224,2,1,1,2,58,9,3,0,0,0,0,0,9,5,E01009907,3,1,0.0,1.0,-1,3,30,1,4,1,17:00,7,2,9
2023501385461,2023,501385461,1,1,1,2,46,8,3,0,0,0,0,0,9,4,E01020322,3,1,0.0,1.0,-1,3,70,5,1,5,09:03,1,2,9
2023451293579,2023,451293579,1,1,1,1,26,6,2,0,0,0,0,0,23,10,E01030360,7,1,1.0,0.0,-1,1,20,1,1,1,17:15,2,2,23
2023041400416,2023,041400416,1,1,3,2,17,4,2,8,8,0,0,0,0,5,E01024928,7,1,1.0,0.0,-1,6,30,1,1,2,10:57,5,1,9
2023070902640,2023,070902640,1,1,3,2,7,2,3,5,1,0,0,0,0,-1,-1,-1,0,0.07581,0.92419,-1,6,30,1,1,1,17:55,3,1,9
2023991393589,2023,991393589,1,1,3,2,68,10,2,5,3,0,0,0,0,3,-1,7,1,1.0,0.0,-1,6,30,1,4,2,20:02,1,1,3
2023111338750,2023,111338750,2,1,1,1,31,6,3,0,0,0,0,0,8,3,E01008349,3,1,0.0,1.0,-1,6,30,1,4,1,02:35,1,2,8
2023101380271,2023,101380271,2,2,1,2,62,9,3,0,0,0,0,0,9,2,E01008571,3,1,0.0,1.0,-1,6,40,1,1,1,09:56,7,2,9
2023141281072,2023,141281072,1,2,2,2,17,4,3,0,0,1,0,0,9,1,E01007466,3,1,0.0,1.0,-1,3,30,1,4,2,03:13,3,2,9
2023141359030,2023,141359030,2,1,1,1,33,6,3,0,0,0,0,0,9,4,E01005957,3,1,0.0,1.0,-1,6,50,2,1,2,13:34,3,2,9
2023010463904,2023,010463904,1,1,3,1,22,5,3,5,3,0,0,0,0,4,E01001903,-1,0,0.0,1.0,-1,6,20,1,4,1,20:21,1,1,9
2023440036107,2023,440036107,1,2,3,1,88,11,2,1,1,0,0,0,0,4,E01017327,-1,0,1.0,0.0,-1,6,30,1,1,2,11:48,6,1,19
2023201362077,2023,201362077,1,1,1,1,34,6,3,0,0,0,0,0,9,8,E01009794,3,1,0.0,1.0,-1,3,40,1,1,1,09:11,3,2,9
2023411369871,2023,411369871,1,1,1,1,28,6,2,0,0,0,0,0,-1,8,E01023666,7,1,1.0,0.0,-1,6,30,1,1,-1,15:10,5,2,-1
2023010436924,2023,010436924,1,1,1,2,19,4,3,0,0,0,0,0,9,2,E01023339,-1,0,0.0,1.0,-1,6,30,2,4,2,20:50,3,1,9
2023010458778,2023,010458778,1,2,2,1,24,5,3,0,0,1,0,0,9,1,E01000521,-1,0,0.0,1.0,-1,1,30,1,1,1,16:00,5,2,9
2023320118714,2023,320118714,2,2,1,1,52,8,3,0,0,0,0,0,19,3,E01028259,-1,0,0.10903,0.89097,-1,6,60,2,6,2,06:00,7,2,19
2023545060223,2023,545060223,1,1,1,1,42,7,3,0,0,0,0,0,19,4,E01031936,-1,0,0.05752,0.94248,-1,6,50,1,1,1,07:30,2,2,19
2023010476135,2023,010476135,1,1,3,1,47,8,3,9,5,0,0,0,0,8,E01024261,-1,0,0.0,1.0,-1,6,20,1,4,1,19:00,1,2,9
2023231268336,2023,231268336,1,1,3,2,23,5,3,5,3,0,0,0,0,5,E01031336,3,1,0.0,1.0,-1,6,30,8,1,2,12:09,1,1,9
2023311319942,2023,311319942,1,1,3,1,44,7,3,6,9,0,0,2,0,-1,-1,3,1,0.0,1.0,-1,6,60,1,1,1,14:57,5,1,19
202354B380623,2023,54B380623,2,1,1,1,15,3,3,0,0,0,0,0,1,2,E01031983,-1,0,0.05484,0.94516,-1,6,30,1,1,1,12:14,6,2,1
2023052301094,2023,052301094,2,2,2,1,51,8,3,0,0,2,0,0,9,1,E01006767,-1,0,0.07401,0.92599,-1,6,30,1,4,1,23:25,7,2,9
2023332301238,2023,332301238,1,1,1,2,42,7,2,0,0,0,0,0,9,6,E01025815,-1,0,1.0,0.0,-1,6,60,1,6,2,18:00,2,1,9
2023471315949,2023,471315949,1,1,1,1,60,9,3,0,0,0,0,0,9,2,E01020929,3,1,0.0,1.0,-1,6,30,1,1,1,08:29,4,4,9
2023302301028,2023,302301028,2,1,1,-1,-1,-1,3,0,0,0,0,0,1,5,E01019456,-1,0,0.04807,0.95193,-1,6,30,1,1,1,08:00,4,2,1
2023501278071,2023,501278071,2,1,1,1,60,9,2,0,0,0,0,0,1,4,E01018914,6,1,1.0,0.0,-1,1,30,1,1,1,07:10,6,2,1
2023531283300,2023,531283300,2,1,1,1,18,4,3,0,0,0,0,0,3,10,E01022197,3,1,0.0,1.0,-1,1,70,1,7,1,18:14,7,2,3
2023430032809,2023,430032809,1,1,1,2,40,7,3,0,0,0,0,0,9,5,-1,-1,0,0.00584,0.99416,-1,3,70,2,6,2,17:09,3,3,9
2023010450999,2023,010450999,1,1,1,2,55,8,3,0,0,0,0,0,1,3,E01033699,-1,0,0.0,1.0,-1,7,30,1,1,1,15:40,6,2,1
2023471355340,2023,471355340,2,1,1,1,69,10,3,0,0,0,0,0,1,7,E01024521,3,1,0.0,1.0,-1,1,30,1,1,1,13:35,6,2,1
2023122300891,2023,122300891,2,1,1,1,29,6,2,0,0,0,0,0,4,8,E01027888,-1,0,1.0,0.0,-1,6,60,1,1,1,15:05,5,2,4
2023122301137,2023,122301137,1,1,1,1,64,9,3,0,0,0,0,0,5,5,E01033414,-1,0,0.15675,0.84325,-1,1,40,1,1,1,12:19,4,2,5
2023111382674,2023,111382674,2,1,1,2,38,7,3,0,0,0,0,0,9,2,E01020761,3,1,0.0,1.0,-1,6,30,1,4,1,16:25,4,2,9
2023201373982,2023,201373982,2,2,2,2,37,7,3,0,0,1,0,0,9,1,E01009384,3,1,0.0,1.0,-1,3,30,1,4,1,22:02,3,2,9
2023141272158,2023,141272158,2,3,2,1,19,4,3,0,0,0,0,0,19,5,E01011749,3,1,0.0,1.0,-1,3,70,4,1,1,09:10,3,3,19
2023052300194,2023,052300194,2,1,1,1,73,10,3,0,0,0,0,0,9,1,E01007119,-1,0,0.0525,0.9475,-1,6,30,2,1,2,10:30,6,2,9
2023061270090,2023,061270090,2,1,1,1,59,9,2,0,0,0,0,0,9,2,E01005959,6,1,1.0,0.0,-1,6,30,1,1,1,15:05,3,2,9
2023161310012,2023,161310012,2,1,1,1,36,7,3,0,0,0,0,0,9,1,E01013221,3,1,0.0,1.0,-1,6,30,1,1,1,10:15,2,2,9
2023471339701,2023,471339701,2,1,1,1,61,9,3,0,0,0,0,0,9,7,E01020962,3,1,0.0,1.0,-1,6,30,1,1,2,07:00,4,2,9
2023522400502,2023,522400502,1,1,1,1,37,7,3,0,0,0,0,0,9,2,E01014977,-1,0,0.04821,0.95179,-1,6,20,1,4,2,23:30,3,1,9
2023201279274,2023,201279274,1,1,1,1,56,9,3,0,0,0,0,0,19,5,E01010000,3,1,0.0,1.0,-1,3,30,1,1,1,13:29,6,2,19
2023010431418,2023,010431418,1,1,3,2,57,9,2,8,1,0,0,0,0,6,E01002640,-1,0,1.0,0.0,-1,6,20,2,1,2,08:47,6,1,9
2023411311313,2023,411311313,2,1,1,1,30,6,3,0,0,0,0,0,3,6,E01023359,3,1,0.0,1.0,-1,6,30,1,1,-1,17:07,6,2,3
2023991306181,2023,991306181,1,1,1,1,25,5,3,0,0,0,0,0,5,5,-1,3,1,0.0,1.0,-1,6,30,1,1,1,10:30,5,1,5
2023201405833,2023,201405833,1,1,1,-1,19,4,2,0,0,0,0,0,2,3,E01009264,7,1,1.0,0.0,-1,2,30,1,1,1,16:07,7,2,2
2023010477904,2023,010477904,1,1,1,1,24,5,3,0,0,0,0,0,3,3,E01003319,-1,0,0.0,1.0,-1,6,30,2,1,2,12:20,3,2,3
2023052300911,2023,052300911,2,1,1,2,27,6,3,0,0,0,0,0,9,1,E01006481,-1,0,0.04144,0.95856,-1,6,20,1,1,1,15:48,5,3,9
2023440450338,2023,440450338,1,1,1,1,31,6,3,0,0,0,0,0,9,4,E01017034,-1,0,0.01407,0.98593,-1,3,70,2,4,2,18:14,6,2,9
2023991284237,2023,991284237,1,1,1,1,84,11,3,0,0,0,0,0,9,4,-1,3,1,0.0,1.0,-1,6,30,1,1,1,10:30,6,2,9
2023010478831,2023,010478831,1,1,1,1,35,6,3,0,0,0,0,0,19,3,E01002030,-1,0,0.0,1.0,-1,6,30,1,4,2,20:27,7,2,19
2023481355260,2023,481355260,2,1,1,2,61,9,3,0,0,0,0,0,1,-1,-1,3,1,0.0,1.0,-1,6,20,1,1,1,07:34,5,2,1
202363D030223,2023,63D030223,2,1,1,1,45,7,3,0,0,0,0,0,1,-1,-1,-1,0,0.21175,0.78825,-1,6,60,1,1,1,13:10,2,2,1
2023010473818,2023,010473818,1,1,3,1,31,6,3,5,1,0,0,0,0,1,E01000661,-1,0,0.0,1.0,-1,6,30,1,4,1,17:45,3,1,9
2023552301080,2023,552301080,1,1,1,1,65,9,2,0,0,0,0,0,4,5,E01020589,-1,0,1.0,0.0,-1,6,30,1,1,1,13:13,3,2,4
2023031340692,2023,031340692,2,1,1,2,38,7,2,0,0,0,0,0,5,1,E01020671,7,1,1.0,0.0,-1,6,60,1,1,1,14:20,5,2,5
2023010486579,2023,010486579,1,1,1,1,23,5,3,0,0,0,0,0,9,4,E01003914,-1,0,0.0,1.0,-1,6,20,5,4,2,02:30,2,3,9
2023131360426,2023,131360426,1,1,1,1,62,9,2,0,0,0,0,0,9,5,E01020693,6,1,1.0,0.0,-1,3,70,2,1,2,13:20,6,2,9
2023010420950,2023,010420950,1,1,3,2,17,4,3,4,1,0,0,0,0,1,E01004250,-1,0,0.0,1.0,-1,6,20,2,1,2,08:35,5,1,9
2023052300923,2023,052300923,1,1,3,1,58,9,2,5,3,0,0,0,0,6,E01028840,-1,0,1.0,0.0,-1,6,30,1,1,1,17:15,7,1,9
2023610011423,2023,610011423,1,2,3,1,58,9,1,1,1,0,0,0,0,5,W01001370,-1,0,0.0,0.0,-1,6,30,2,4,2,19:54,6,1,19
2023111304867,2023,111304867,1,1,1,1,17,4,2,0,0,0,0,0,3,1,E01020847,6,1,1.0,0.0,-1,6,30,1,1,1,12:15,1,2,3
2023010435255,2023,010435255,1,1,1,1,48,8,3,0,0,0,0,0,9,3,E01003286,-1,0,0.0,1.0,-1,3,50,2,4,2,19:59,6,2,9
2023010451958,2023,010451958,1,1,1,1,36,7,3,0,0,0,0,0,9,7,E01004159,-1,0,0.0,1.0,-1,6,30,1,1,1,11:46,4,2,9
2023211375046,2023,211375046,1,3,2,2,20,4,3,0,0,-1,0,0,9,6,E01029428,3,1,0.0,1.0,-1,6,30,1,1,1,14:46,4,3,9
2023440240850,2023,440240850,2,3,2,2,6,2,2,0,0,2,0,0,9,9,E01022653,-1,0,1.0,0.0,-1,6,30,1,1,1,14:46,7,2,9
2023461392912,2023,461392912,2,1,1,2,45,7,3,0,0,0,0,0,9,9,E01016073,3,1,0.0,1.0,-1,3,70,1,4,2,20:05,4,2,9
2023332300088,2023,332300088,1,1,3,2,23,5,3,1,1,0,0,0,0,3,E01013779,-1,0,0.05706,0.94294,-1,6,30,1,1,1,13:35,6,1,11
2023471302576,2023,471302576,1,1,1,1,60,9,3,0,0,0,0,0,5,7,E01024422,3,1,0.0,1.0,-1,6,60,1,1,1,10:00,2,1,5
2023041333850,2023,041333850,1,1,2,1,56,9,3,0,0,1,0,0,9,4,E01025588,3,1,0.0,1.0,-1,7,40,1,1,1,07:11,4,2,9
2023522400688,2023,522400688,2,1,3,1,36,7,3,9,5,0,0,0,0,5,E01015188,-1,0,0.03287,0.96713,-1,6,30,1,1,1,15:37,7,2,9
2023010466524,2023,010466524,1,1,1,1,58,9,3,0,0,0,0,0,1,4,E01001179,-1,0,0.0,1.0,-1,6,30,8,1,1,15:40,6,2,1
2023622300229,2023,622300229,2,2,1,1,54,8,3,0,0,0,0,0,1,1,W01001856,-1,0,0.12123,0.87877,-1,6,30,1,1,2,12:47,7,2,1
202360A060376,2023,60A060376,2,1,1,1,19,4,3,0,0,0,0,0,3,-1,-1,-1,0,0.12731,0.87269,-1,3,60,1,1,1,17:35,3,2,3
2023010440991,2023,010440991,1,2,2,2,9,2,3,0,0,2,0,0,9,8,E01030846,-1,0,0.0,1.0,-1,6,30,8,4,1,21:30,1,2,9
2023052303085,2023,052303085,2,2,2,1,21,5,3,0,0,1,0,0,9,4,E01006219,-1,0,0.02099,0.97901,-1,3,40,2,1,2,13:48,4,2,9
202354D487523,2023,54D487523,1,1,1,1,61,9,3,0,0,0,0,0,1,1,E01015575,-1,0,0.1689,0.8311,-1,3,40,5,5,2,16:39,4,2,1
2023430351892,2023,430351892,1,1,1,1,25,5,2,0,0,0,0,0,4,3,E01016442,-1,0,1.0,0.0,-1,6,50,1,1,1,20:45,2,1,4
2023991258877,2023,991258877,1,1,1,1,24,5,2,0,0,0,0,0,9,1,-1,5,1,1.0,0.0,-1,6,30,1,4,2,23:20,2,1,9
2023031319649,2023,031319649,1,2,2,1,15,3,3,0,0,1,0,0,9,7,E01019357,3,1,0.0,1.0,-1,6,60,1,6,1,22:16,6,1,9
2023451339778,2023,451339778,1,1,1,-1,45,7,3,0,0,0,0,0,9,5,E01030481,3,1,0.0,1.0,-1,6,30,1,1,1,13:00,2,2,9
2023544921823,2023,544921823,1,2,2,1,13,3,3,0,0,2,0,0,9,7,E01032007,-1,0,0.05155,0.94845,-1,6,40,1,1,1,08:24,5,4,9
2023070653981,2023,070653981,2,1,1,1,38,7,3,0,0,0,0,0,1,5,E01018717,-1,0,0.06918,0.93082,-1,6,30,1,1,1,16:15,4,2,1
2023501395044,2023,501395044,2,1,1,1,42,7,2,0,0,0,0,0,9,4,E01018890,5,1,1.0,0.0,-1,6,60,1,6,1,19:00,5,2,9
2023122301053,2023,122301053,1,1,1,2,35,6,3,0,0,0,0,0,9,6,E01027600,-1,0,0.07295,0.92705,-1,6,60,1,1,1,08:05,4,1,9
2023411293055,2023,411293055,2,1,1,1,40,7,3,0,0,0,0,0,9,7,E01023531,3,1,0.0,1.0,-1,3,70,1,1,1,07:36,3,2,9
2023411398474,2023,411398474,2,2,1,1,42,7,3,0,0,0,0,0,9,2,E01017594,3,1,0.0,1.0,-1,6,60,1,1,1,11:33,6,2,9
2023991272848,2023,991272848,1,1,1,2,39,7,2,0,0,0,0,0,9,2,-1,6,1,1.0,0.0,-1,6,60,1,6,1,06:02,2,3,9
2023010431651,2023,010431651,1,1,1,2,36,7,3,0,0,0,0,0,3,4,E01000171,-1,0,0.0,1.0,-1,3,30,1,4,2,19:26,7,2,3
2023622300995,2023,622300995,1,1,1,1,28,6,3,0,0,0,0,0,5,5,W01000533,-1,0,0.14786,0.85214,-1,6,40,2,4,2,20:05,1,2,5
2023332300885,2023,332300885,1,1,3,2,38,7,3,10,9,0,0,0,0,6,E01013636,-1,0,0.08254,0.91746,-1,6,30,1,1,2,13:25,3,1,-1
2023052301802,2023,052301802,1,2,2,2,20,4,3,0,0,2,0,0,8,10,E01018533,-1,0,0.05114,0.94886,-1,6,30,1,4,1,22:50,6,2,8
2023522300721,2023,522300721,1,1,3,1,95,11,2,9,5,0,0,0,0,9,E01017061,-1,0,1.0,0.0,-1,6,20,1,1,1,10:47,3,1,9
2023461317802,2023,461317802,2,1,1,1,50,8,3,0,0,0,0,0,1,8,E01024763,3,1,0.0,1.0,-1,6,30,1,1,1,16:42,4,2,1
2023430450582,2023,430450582,2,1,1,2,77,11,3,0,0,0,0,0,9,6,E01028586,-1,0,0.05102,0.94898,-1,6,30,1,1,2,12:09,7,2,9
2023461356819,2023,461356819,1,1,1,1,-1,-1,3,0,0,0,0,0,19,5,E01024110,3,1,0.0,1.0,-1,6,60,1,1,1,13:40,7,2,19
2023421374460,2023,421374460,1,1,3,1,50,8,3,5,1,0,0,0,0,5,E01021762,3,1,0.0,1.0,-1,6,30,1,4,1,19:15,3,1,9
2023010434132,2023,010434132,1,1,2,2,34,6,3,0,0,1,0,0,9,5,E01002183,-1,0,0.0,1.0,-1,6,30,1,1,1,11:30,7,2,9
2023201382692,2023,201382692,2,1,2,2,60,9,3,0,0,-1,0,0,9,1,E01008909,3,1,0.0,1.0,-1,3,40,1,1,1,16:14,5,2,9
2023170S21223,2023,170S21223,1,6,2,1,20,4,3,0,0,0,0,0,10,1,E01011989,-1,0,0.0494,0.9506,-1,6,40,1,1,1,13:10,6,2,10
2023010424936,2023,010424936,2,1,1,1,23,5,2,0,0,0,0,0,3,-1,-1,-1,0,1.0,0.0,-1,6,30,1,1,1,13:16,5,2,3
2023131353863,2023,131353863,1,1,3,1,84,11,3,5,1,0,0,2,0,3,E01010762,3,1,0.0,1.0,-1,6,30,2,1,2,11:52,2,1,9
2023440219826,2023,440219826,1,1,3,1,42,7,1,8,1,0,0,0,0,-1,-1,-1,0,0.0,0.0,-1,3,70,1,1,1,15:55,7,1,9
2023010450938,2023,010450938,1,2,2,1,52,8,3,0,0,2,0,0,9,1,E01000721,-1,0,0.0,1.0,-1,1,20,1,1,1,15:36,5,2,9
2023361371450,2023,361371450,1,2,2,1,16,4,2,0,0,1,0,0,9,-1,-1,7,1,1.0,0.0,-1,6,40,1,6,2,23:12,2,1,9
2023430163111,2023,430163111,1,2,2,1,18,4,3,0,0,1,0,0,9,7,E01017878,-1,0,0.13252,0.86748,-1,6,60,2,6,5,22:06,6,1,9
2023461282543,2023,461282543,1,1,1,1,57,9,3,0,0,0,0,0,9,6,E01016056,3,1,0.0,1.0,-1,7,70,1,6,1,06:35,6,5,9
2023041295087,2023,041295087,2,2,2,2,30,6,3,0,0,1,0,0,9,7,E01025561,3,1,0.0,1.0,-1,6,30,1,1,1,13:04,1,2,9
2023052300144,2023,052300144,2,4,2,2,10,2,3,0,0,2,0,0,9,10,E01006937,-1,0,0.01856,0.98144,-1,6,30,1,1,2,12:57,7,2,9
2023061274735,2023,061274735,2,2,1,1,18,4,3,0,0,0,0,0,9,1,E01004787,3,1,0.0,1.0,-1,6,30,1,1,1,10:00,7,2,9
2023311360356,2023,311360356,1,1,1,2,42,7,2,0,0,0,0,0,9,3,E01028111,6,1,1.0,0.0,-1,6,30,1,1,1,18:28,6,3,9
2023320361467,2023,320361467,1,1,2,2,60,9,3,0,0,1,0,0,9,2,E01013829,-1,0,0.0375,0.9625,-1,6,30,1,1,1,11:10,2,2,9
2023411333992,2023,411333992,2,1,1,2,21,5,3,0,0,0,0,0,9,8,E01027631,3,1,0.0,1.0,-1,1,70,2,1,2,16:30,6,2,9
2023501380129,2023,501380129,2,1,1,2,45,7,3,0,0,0,0,0,9,7,E01018827,3,1,0.0,1.0,-1,6,30,9,4,2,18:26,3,2,9
2023531327037,2023,531327037,2,1,1,1,51,8,3,0,0,0,0,0,1,7,E01022416,3,1,0.0,1.0,-1,6,60,1,1,1,18:02,5,2,1
2023522301154,2023,522301154,1,1,1,1,28,6,3,0,0,0,0,0,5,7,E01015004,-1,0,0.13553,0.86447,-1,6,20,1,4,2,21:08,5,2,5
2023122300446,2023,122300446,1,1,1,1,23,5,2,0,0,0,0,0,-1,6,E01013363,-1,0,1.0,0.0,-1,6,30,1,4,1,02:45,6,1,-1
2023430223420,2023,430223420,2,1,1,2,29,6,3,0,0,0,0,0,9,4,E01016784,-1,0,0.00377,0.99623,-1,1,40,1,1,1,08:02,2,2,9
2023552300655,2023,552300655,2,2,2,1,40,7,3,0,0,1,0,0,9,9,E01015431,-1,0,0.05586,0.94414,-1,1,60,1,1,1,21:32,7,2,9
2023010478154,2023,010478154,1,1,1,1,37,7,3,0,0,0,0,0,3,3,E01033704,-1,0,0.0,1.0,-1,9,20,9,4,9,18:30,3,2,3
2023421278847,2023,421278847,1,1,3,2,86,11,2,5,3,0,0,0,0,9,E01021454,6,1,1.0,0.0,-1,6,30,1,1,1,10:23,3,1,9
2023461390762,2023,461390762,1,2,3,1,82,11,2,5,2,0,0,0,0,4,E01024535,7,1,1.0,0.0,-1,6,30,1,1,1,14:25,1,1,4
2023161397854,2023,161397854,2,2,1,1,40,7,3,0,0,0,0,0,19,6,E01013006,3,1,0.0,1.0,-1,3,70,4,5,1,19:45,5,2,19
2023471263392,2023,471263392,1,4,1,1,47,8,2,0,0,0,0,0,9,9,E01031590,5,1,1.0,0.0,-1,3,70,4,6,2,18:30,7,3,9
2023471283437,2023,471283437,2,1,1,1,18,4,2,0,0,0,0,0,3,4,E01020928,7,1,1.0,0.0,-1,6,20,1,1,1,17:02,6,2,3
2023010451770,2023,010451770,1,1,3,2,-1,-1,3,10,9,0,0,0,0,9,E01002364,-1,0,0.0,1.0,-1,6,30,8,1,1,10:00,3,1,9