collision_index,collision_year,collision_ref_no,vehicle_reference,casualty_reference,casualty_class,sex_of_casualty,age_of_casualty,age_band_of_casualty,casualty_severity,pedestrian_location,pedestrian_movement,car_passenger,bus_or_coach_passenger,pedestrian_road_maintenance_worker,casualty_type,casualty_imd_decile,lsoa_of_casualty,enhanced_casualty_severity,casualty_injury_based,casualty_adjusted_severity_serious,casualty_adjusted_severity_slight,casualty_distance_banding,road_type,speed_limit,weather_conditions,light_conditions,road_surface_conditions,time,day_of_week,number_of_vehicles,vehicle_type
2023101261266,2023,101261266,2,2,1,2,52,8,3,0,0,0,0,0,9,-1,-1,3,1,0.0,1.0,-1,3,70,1,1,1,10:57,1,3,9
2023131373528,2023,131373528,2,1,1,1,27,6,3,0,0,0,0,0,9,7,E01011642,3,1,0.0,1.0,-1,2,50,1,6,1,04:25,1,2,9
2023302300885,2023,302300885,1,1,2,2,18,4,3,0,0,1,0,0,9,7,E01019548,-1,0,0.12227,0.87773,-1,6,30,1,4,1,00:05,4,1,9
2023440367136,2023,440367136,2,1,1,2,21,5,3,0,0,0,0,0,9,3,E01015386,-1,0,0.09251,0.90749,-1,3,70,1,1,1,09:50,7,3,9
2023122300404,2023,122300404,1,2,1,2,59,9,3,0,0,0,0,0,9,6,E01027834,-1,0,0.04086,0.95914,-1,6,30,1,1,1,07:22,4,2,9
2023161357504,2023,161357504,1,3,2,1,72,10,3,0,0,2,0,0,9,-1,-1,3,1,0.0,1.0,-1,1,40,1,1,1,17:13,4,2,9
2023302301606,2023,302301606,2,1,1,2,25,5,3,0,0,0,0,0,9,1,E01013479,-1,0,0.01394,0.98606,-1,6,30,1,1,2,07:10,2,2,9
2023401371181,2023,401371181,1,1,1,1,70,10,3,0,0,0,0,0,9,7,E01015719,3,1,0.0,1.0,-1,6,30,1,1,1,11:05,3,2,9
2023440092763,2023,440092763,1,2,2,2,67,10,3,0,0,1,0,0,9,7,E01022514,-1,0,0.04424,0.95576,-1,3,70,1,1,2,15:00,3,2,9
2023991294553,2023,991294553,1,1,1,1,22,5,3,0,0,0,0,0,9,4,-1,3,1,0.0,1.0,-1,3,70,1,1,1,07:40,5,3,9
2023141325098,2023,141325098,1,1,1,1,20,4,3,0,0,0,0,0,9,1,E01007735,3,1,0.0,1.0,-1,3,50,1,1,1,21:45,1,1,9
2023211335569,2023,211335569,2,1,1,1,75,10,3,0,0,0,0,0,9,10,E01029710,3,1,0.0,1.0,-1,6,40,2,1,2,14:00,6,2,9
2023361285659,2023,361285659,5,7,2,2,10,2,3,0,0,-1,0,0,9,4,E01026762,3,1,0.0,1.0,-1,6,50,3,1,3,15:40,6,8,9
2023440298767,2023,440298767,1,1,1,1,30,6,3,0,0,0,0,0,9,9,E01022611,-1,0,0.01796,0.98204,-1,3,70,1,1,2,06:50,3,2,9
2023451356265,2023,451356265,1,1,1,2,58,9,2,0,0,0,0,0,9,9,E01030366,5,1,1.0,0.0,-1,6,30,1,4,1,22:30,2,3,9
202354A662423,2023,54A662423,1,1,1,1,33,6,3,0,0,0,0,0,9,8,E01031993,-1,0,0.09535,0.90465,-1,6,60,1,6,1,23:56,7,1,9
2023610024323,2023,610024323,2,1,1,2,54,8,3,0,0,0,0,0,9,5,W01001347,-1,0,0.02727,0.97273,-1,1,30,1,1,1,19:19,3,2,9
2023991354493,2023,991354493,2,1,2,2,68,10,3,0,0,2,0,0,9,9,-1,3,1,0.0,1.0,-1,6,30,1,1,1,09:00,2,2,9
2023070104733,2023,070104733,2,1,1,1,47,8,3,0,0,0,0,0,97,-1,-1,-1,0,0.21047,0.78953,-1,6,50,1,1,1,16:40,1,4,97
2023061293945,2023,061293945,2,4,2,2,9,2,3,0,0,-1,0,0,9,-1,-1,3,1,0.0,1.0,-1,6,30,1,1,1,11:45,1,2,9
2023141322166,2023,141322166,2,1,1,1,45,7,2,0,0,0,0,0,9,1,E01019561,5,1,1.0,0.0,-1,6,30,1,4,1,01:07,7,2,9
2023531292014,2023,531292014,2,1,1,1,24,5,3,0,0,0,0,0,9,4,E01022428,3,1,0.0,1.0,-1,6,30,1,1,1,14:40,6,2,9
2023010466576,2023,010466576,2,1,3,2,55,8,2,5,1,0,0,0,0,-1,-1,-1,0,1.0,0.0,-1,6,20,1,1,1,11:20,1,2,9
2023070620792,2023,070620792,2,2,2,2,34,6,3,0,0,1,0,0,9,6,E01023056,-1,0,0.01277,0.98723,-1,6,40,2,6,2,22:00,7,2,9
2023131355426,2023,131355426,1,2,2,2,23,5,3,0,0,1,0,0,9,3,E01011752,3,1,0.0,1.0,-1,6,30,1,4,1,23:50,6,1,9
2023320068699,2023,320068699,1,1,3,1,59,9,3,8,8,0,0,0,0,7,E01026338,-1,0,0.16533,0.83467,-1,6,60,1,7,2,17:00,7,1,9
2023010480979,2023,010480979,1,1,1,1,42,7,3,0,0,0,0,0,1,2,E01001553,-1,0,0.0,1.0,-1,7,40,1,4,1,16:20,2,2,1
2023371305868,2023,371305868,2,1,1,1,18,4,3,0,0,0,0,0,1,7,E01029898,3,1,0.0,1.0,-1,6,60,1,1,1,09:10,1,2,1
2023111324269,2023,111324269,2,1,1,1,73,10,2,0,0,0,0,0,5,2,E01008189,5,1,1.0,0.0,-1,6,40,1,1,1,16:45,5,2,5
2023311382821,2023,311382821,2,1,2,2,41,7,3,0,0,2,0,0,8,3,E01028166,3,1,0.0,1.0,-1,6,30,2,1,2,10:50,3,2,8
2023010426110,2023,010426110,1,1,1,1,33,6,3,0,0,0,0,0,9,9,E01002275,-1,0,0.0,1.0,-1,3,40,1,1,1,15:30,4,1,9
2023201313629,2023,201313629,1,1,1,-1,21,5,3,0,0,0,0,0,9,3,E01003549,3,1,0.0,1.0,-1,3,50,1,4,2,18:02,2,3,9
2023501278543,2023,501278543,1,3,2,1,27,6,3,0,0,2,0,0,9,5,E01018831,3,1,0.0,1.0,-1,6,60,1,6,1,19:16,2,2,9
2023302300443,2023,302300443,2,1,1,1,60,9,3,0,0,0,0,0,3,4,E01013548,-1,0,0.11415,0.88585,-1,6,30,1,1,1,13:40,5,2,3
2023131350489,2023,131350489,1,1,3,1,81,11,3,5,1,0,0,2,0,7,E01011828,3,1,0.0,1.0,-1,6,30,1,1,1,15:04,6,1,9
2023451291502,2023,451291502,1,1,1,2,44,7,3,0,0,0,0,0,9,3,E01001688,3,1,0.0,1.0,-1,3,50,2,6,2,22:28,3,2,9
2023052301343,2023,052301343,2,1,1,2,41,7,3,0,0,0,0,0,9,1,E01007017,-1,0,0.03314,0.96686,-1,3,30,1,1,1,09:35,6,2,9
2023131387561,2023,131387561,1,3,2,2,14,3,3,0,0,2,0,0,9,1,E01010663,3,1,0.0,1.0,-1,6,30,2,1,2,07:25,4,2,9
2023361352059,2023,361352059,1,1,1,1,18,4,2,0,0,0,0,0,5,1,E01026819,7,1,1.0,0.0,-1,6,20,1,1,1,12:32,3,2,5
2023010435957,2023,010435957,1,1,1,1,38,7,2,0,0,0,0,0,19,2,W01000900,-1,0,1.0,0.0,-1,6,30,1,1,1,12:00,4,1,19
2023131294410,2023,131294410,2,4,2,2,0,1,3,0,0,2,0,0,9,3,E01011125,3,1,0.0,1.0,-1,3,70,1,1,1,13:06,5,2,9
2023610036623,2023,610036623,1,3,2,1,66,10,2,0,0,2,0,0,9,2,W01001348,-1,0,1.0,0.0,-1,6,30,1,1,1,09:41,5,2,9
2023461384176,2023,461384176,2,1,1,2,54,8,3,0,0,0,0,0,9,6,E01024207,3,1,0.0,1.0,-1,6,60,1,1,4,08:25,5,2,9
2023520301314,2023,520301314,1,1,1,2,76,11,2,0,0,0,0,0,9,6,E01020441,-1,0,1.0,0.0,-1,6,30,2,1,2,11:15,3,3,9
202360A095386,2023,60A095386,2,1,2,2,5,1,3,0,0,2,0,0,9,-1,-1,-1,0,0.02957,0.97043,-1,6,30,1,1,1,15:20,2,2,9
2023421347890,2023,421347890,1,1,3,1,63,9,2,1,1,0,0,0,0,5,E01033141,7,1,1.0,0.0,-1,6,30,1,1,1,10:38,7,1,9
2023501316852,2023,501316852,1,1,3,2,27,6,3,8,1,0,0,0,0,7,E01015253,3,1,0.0,1.0,-1,6,30,1,4,1,03:05,1,1,9
2023010444805,2023,010444805,1,1,1,2,29,6,3,0,0,0,0,0,9,10,E01030837,-1,0,0.0,1.0,-1,3,30,1,1,1,07:20,4,2,9
2023141334466,2023,141334466,1,1,1,1,43,7,3,0,0,0,0,0,9,-1,-1,3,1,0.0,1.0,-1,6,30,1,1,1,16:59,6,3,9
2023340WN0532,2023,340WN0532,1,1,1,2,58,9,3,0,0,0,0,0,9,9,E01027212,-1,0,0.03423,0.96577,-1,6,30,1,1,1,15:45,2,2,9
2023430268046,2023,430268046,1,1,1,2,26,6,2,0,0,0,0,0,9,6,E01002485,-1,0,1.0,0.0,-1,6,40,1,1,1,13:45,1,2,9
2023010443190,2023,010443190,1,1,3,1,34,6,2,6,9,0,0,0,0,8,E01001906,-1,0,1.0,0.0,-1,2,20,1,1,1,18:52,4,1,1
2023031316869,2023,031316869,1,1,1,1,63,9,3,0,0,0,0,0,5,8,E01019391,3,1,0.0,1.0,-1,6,60,1,1,1,13:40,6,2,5
2023991314378,2023,991314378,2,1,1,2,42,7,3,0,0,0,0,0,9,8,-1,3,1,0.0,1.0,-1,6,60,1,1,2,07:35,4,15,9
2023311308529,2023,311308529,1,1,2,2,76,11,3,0,0,0,4,0,11,-1,-1,3,1,0.0,1.0,-1,6,30,1,1,1,10:00,4,1,11
2023411407541,2023,411407541,1,1,3,1,28,6,3,5,1,0,0,0,0,5,E01023325,3,1,0.0,1.0,-1,6,30,1,4,1,00:30,3,1,8
2023101343914,2023,101343914,2,1,1,2,52,8,3,0,0,0,0,0,1,8,E01008657,3,1,0.0,1.0,-1,6,30,1,1,1,16:38,6,2,1
2023361343253,2023,361343253,1,1,2,2,75,10,3,0,0,1,0,0,9,7,E01030271,3,1,0.0,1.0,-1,6,60,1,6,1,21:44,6,2,9
2023010449192,2023,010449192,2,1,1,1,6,2,3,0,0,0,0,0,1,3,E01000866,-1,0,0.0,1.0,-1,3,20,1,1,1,08:40,5,2,1
2023010423895,2023,010423895,1,1,1,2,42,7,3,0,0,0,0,0,9,2,E01003240,-1,0,0.0,1.0,-1,6,20,1,4,1,00:00,7,2,9
2023010484324,2023,010484324,1,1,2,1,27,6,3,0,0,2,0,0,9,7,E01004742,-1,0,0.0,1.0,-1,6,20,1,4,1,06:17,7,3,9
2023201365694,2023,201365694,2,1,1,1,73,10,3,0,0,0,0,0,9,1,E01010490,3,1,0.0,1.0,-1,6,30,1,1,1,10:55,4,2,9
2023302301569,2023,302301569,2,1,1,1,66,10,3,0,0,0,0,0,9,6,E01029482,-1,0,0.06417,0.93583,-1,3,70,1,1,2,08:54,7,2,9
2023440365282,2023,440365282,1,2,2,1,14,3,3,0,0,1,0,0,9,9,E01022774,-1,0,0.00634,0.99366,-1,6,60,1,1,1,17:40,5,2,9
2023991276551,2023,991276551,1,1,3,2,20,4,3,5,2,0,0,0,0,10,-1,3,1,0.0,1.0,-1,6,30,1,1,1,08:28,4,1,9
2023052301918,2023,052301918,2,1,1,1,41,7,3,0,0,0,0,0,1,3,E01006811,-1,0,0.158,0.842,-1,6,20,1,1,1,17:55,4,2,1
2023471311411,2023,471311411,2,1,1,1,38,7,3,0,0,0,0,0,4,2,E01001441,3,1,0.0,1.0,-1,6,30,1,1,1,18:54,5,2,4
2023201390972,2023,201390972,2,1,1,1,38,7,3,0,0,0,0,0,9,4,E01009229,3,1,0.0,1.0,-1,6,30,2,1,2,09:00,4,2,9
2023461278397,2023,461278397,1,1,1,1,42,7,2,0,0,0,0,0,9,6,E01024034,7,1,1.0,0.0,-1,3,40,1,1,1,11:51,4,4,9
2023991376855,2023,991376855,1,2,1,1,40,7,3,0,0,0,0,0,9,2,-1,3,1,0.0,1.0,-1,6,30,1,4,1,18:51,2,2,9
2023010429923,2023,010429923,1,1,3,1,38,7,3,5,1,0,0,0,0,-1,-1,-1,0,0.0,1.0,-1,6,30,1,4,1,18:22,4,1,9
2023010461784,2023,010461784,1,1,1,1,61,9,2,0,0,0,0,0,1,8,E01024434,-1,0,1.0,0.0,-1,6,30,1,1,1,07:00,3,2,1
2023131314373,2023,131314373,1,2,2,2,18,4,2,0,0,1,0,0,9,6,E01010765,7,1,1.0,0.0,-1,6,40,1,1,1,19:27,6,2,9
2023161380570,2023,161380570,2,2,1,2,42,7,3,0,0,0,0,0,9,1,E01012849,3,1,0.0,1.0,-1,6,60,1,1,1,15:47,4,2,9
2023991290248,2023,991290248,12,6,2,2,3,1,3,0,0,2,0,0,9,8,-1,3,1,0.0,1.0,-1,3,70,2,1,2,12:41,6,17,9
2023010469338,2023,010469338,1,1,2,2,34,6,3,0,0,1,0,0,9,3,E01000024,-1,0,0.0,1.0,-1,6,30,1,1,1,14:40,1,3,9
2023201337450,2023,201337450,2,2,1,1,28,6,3,0,0,0,0,0,9,-1,-1,3,1,0.0,1.0,-1,1,40,2,1,2,14:45,7,2,9
2023340NN4502,2023,340NN4502,2,1,1,1,50,8,3,0,0,0,0,0,9,-1,-1,-1,0,0.00577,0.99423,-1,6,30,1,6,2,19:10,3,2,9
2023201382287,2023,201382287,1,1,1,2,34,6,3,0,0,0,0,0,9,5,E01009774,3,1,0.0,1.0,-1,1,30,1,1,1,09:10,2,2,9
2023421302567,2023,421302567,1,1,1,1,20,4,3,0,0,0,0,0,9,-1,-1,3,1,0.0,1.0,-1,6,60,1,1,1,17:00,3,1,9
2023461317714,2023,461317714,2,2,1,1,30,6,3,0,0,0,0,0,9,7,E01024141,3,1,0.0,1.0,-1,3,70,1,1,1,10:36,4,2,9
2023991378160,2023,991378160,2,1,1,2,70,10,3,0,0,0,0,0,9,-1,-1,3,1,0.0,1.0,-1,6,40,1,1,2,15:00,5,2,9
2023201290904,2023,201290904,2,1,2,2,-1,-1,3,0,0,0,4,0,11,2,E01009746,3,1,0.0,1.0,-1,6,20,1,1,2,10:20,4,3,11
2023522400120,2023,522400120,1,2,3,1,17,4,3,5,3,0,0,0,0,1,E01014593,-1,0,0.09657,0.90343,-1,6,30,1,4,1,21:40,1,1,11
2023471315378,2023,471315378,2,2,1,1,52,8,3,0,0,0,0,0,9,-1,-1,3,1,0.0,1.0,-1,6,30,1,1,1,07:50,3,2,9
2023552300988,2023,552300988,2,1,2,2,60,9,3,0,0,0,0,0,90,9,E01000168,-1,0,0.06884,0.93116,-1,6,40,1,1,1,10:59,2,2,90
2023041284077,2023,041284077,1,1,3,2,15,3,3,8,7,0,0,0,0,5,E01025329,3,1,0.0,1.0,-1,6,30,1,1,1,08:15,3,1,9
2023131350888,2023,131350888,1,1,3,2,49,8,3,10,7,0,0,2,0,2,E01010799,3,1,0.0,1.0,-1,6,20,1,1,1,16:10,3,1,9
2023010421541,2023,010421541,2,1,1,2,23,5,3,0,0,0,0,0,1,3,E01003096,-1,0,0.0,1.0,-1,6,20,1,1,1,14:55,1,2,1
2023010425042,2023,010425042,2,1,1,1,28,6,2,0,0,0,0,0,1,7,E01001915,-1,0,1.0,0.0,-1,3,30,1,4,1,02:17,6,2,1
2023010471715,2023,010471715,2,1,1,2,42,7,3,0,0,0,0,0,1,3,E01004563,-1,0,0.0,1.0,-1,3,20,1,1,1,13:30,6,2,1
2023041297521,2023,041297521,2,2,1,1,28,6,3,0,0,0,0,0,9,5,E01025080,3,1,0.0,1.0,-1,6,50,1,1,1,12:04,2,3,9
2023451265156,2023,451265156,1,1,1,2,46,8,3,0,0,0,0,0,9,9,E01030932,3,1,0.0,1.0,-1,6,50,1,6,2,20:00,4,2,9
2023522301589,2023,522301589,1,3,2,2,36,7,3,0,0,1,0,0,9,7,E01014860,-1,0,0.01426,0.98574,-1,6,40,1,1,1,17:54,7,2,9
2023991280530,2023,991280530,1,1,3,1,25,5,2,5,1,0,0,2,0,-1,-1,5,1,1.0,0.0,-1,6,30,1,4,1,00:10,1,1,9
2023610023023,2023,610023023,2,1,1,1,11,3,3,0,0,0,0,0,1,5,W01001829,-1,0,0.12518,0.87482,-1,6,30,1,1,1,20:10,5,2,1
2023141357620,2023,141357620,1,1,1,2,35,6,3,0,0,0,0,0,9,3,E01007510,3,1,0.0,1.0,-1,6,30,1,1,1,11:10,6,2,9
2023461278873,2023,461278873,2,1,1,1,40,7,3,0,0,0,0,0,9,1,E01024295,3,1,0.0,1.0,-1,6,30,1,1,1,16:02,2,3,9
2023501320277,2023,501320277,1,1,1,2,49,8,3,0,0,0,0,0,9,4,E01019006,3,1,0.0,1.0,-1,6,60,1,1,1,17:39,5,2,9
2023061349716,2023,061349716,2,1,1,1,19,4,2,0,0,0,0,0,19,7,E01004995,6,1,1.0,0.0,-1,6,30,1,1,1,17:06,4,2,19
2023201423860,2023,201423860,1,1,3,1,33,6,3,4,3,0,0,2,0,1,E01009539,3,1,0.0,1.0,-1,6,30,2,1,2,13:30,6,1,9
2023010437056,2023,010437056,2,1,1,1,36,7,3,0,0,0,0,0,1,3,E01032785,-1,0,0.0,1.0,-1,6,20,4,1,2,16:47,4,3,1
2023461308260,2023,461308260,1,1,1,1,77,11,2,0,0,0,0,0,1,5,E01024588,5,1,1.0,0.0,-1,6,40,1,1,1,10:06,1,1,1
2023031368124,2023,031368124,1,1,2,2,40,7,2,0,0,1,0,0,9,-1,-1,6,1,1.0,0.0,-1,6,60,1,1,2,13:56,7,2,9
2023041361771,2023,041361771,2,1,1,1,31,6,3,0,0,0,0,0,9,8,E01025323,3,1,0.0,1.0,-1,6,30,1,1,1,17:30,3,5,9
2023201305654,2023,201305654,2,2,1,2,31,6,3,0,0,0,0,0,9,6,E01029522,3,1,0.0,1.0,-1,6,40,2,1,2,16:10,4,5,9
202354B984723,2023,54B984723,2,1,1,2,84,11,3,0,0,0,0,0,9,7,E01032692,-1,0,0.12804,0.87196,-1,6,60,1,1,1,15:25,1,3,9
2023010443051,2023,010443051,2,1,1,2,28,6,3,0,0,0,0,0,1,4,E01003114,-1,0,0.0,1.0,-1,6,20,1,1,1,07:35,2,2,1
2023332300478,2023,332300478,2,1,1,1,17,4,2,0,0,0,0,0,1,8,E01025892,-1,0,1.0,0.0,-1,6,60,1,1,1,19:45,1,2,1
2023131265152,2023,131265152,1,1,1,1,47,8,3,0,0,0,0,0,9,6,E01011645,3,1,0.0,1.0,-1,6,30,1,4,2,21:46,4,2,9
2023501281516,2023,501281516,2,1,1,1,16,4,3,0,0,0,0,0,2,4,E01015247,3,1,0.0,1.0,-1,6,30,1,4,1,19:40,3,3,2
2023471294530,2023,471294530,2,1,1,1,18,4,3,0,0,0,0,0,3,4,E01031473,3,1,0.0,1.0,-1,6,30,2,4,2,21:40,4,2,3
2023010450127,2023,010450127,1,1,1,1,49,8,3,0,0,0,0,0,9,2,E01009684,-1,0,0.0,1.0,-1,3,50,8,1,1,16:45,2,2,9
2023010483456,2023,010483456,1,2,2,1,23,5,3,0,0,0,0,0,19,7,E01020859,-1,0,0.0,1.0,-1,3,50,1,1,1,15:30,2,2,19
2023332300957,2023,332300957,1,1,1,1,37,7,3,0,0,0,0,0,4,7,E01013686,-1,0,0.11598,0.88402,-1,6,30,1,4,1,01:05,1,1,4
2023041314803,2023,041314803,1,1,1,2,57,9,2,0,0,0,0,0,9,5,E01025422,7,1,1.0,0.0,-1,6,30,1,1,1,19:22,7,2,9
2023430243277,2023,430243277,1,1,1,1,78,11,3,0,0,0,0,0,9,8,E01016403,-1,0,0.01723,0.98277,-1,1,30,1,1,1,20:42,6,2,9
2023211346486,2023,211346486,2,1,1,1,29,6,3,0,0,0,0,0,3,2,E01029409,3,1,0.0,1.0,-1,3,70,1,1,1,05:30,3,2,3
2023010463231,2023,010463231,1,1,1,1,21,5,3,0,0,0,0,0,5,4,E01004254,-1,0,0.0,1.0,-1,3,20,1,1,1,18:00,4,1,5
2023010442353,2023,010442353,1,1,1,1,37,7,3,0,0,0,0,0,9,-1,-1,-1,0,0.0,1.0,-1,6,40,1,1,1,10:50,5,2,9
2023070257633,2023,070257633,1,1,1,1,49,8,3,0,0,0,0,0,9,-1,-1,-1,0,0.10494,0.89506,-1,3,70,2,1,2,06:50,2,1,9
2023122301410,2023,122301410,2,1,1,1,60,9,3,0,0,0,0,0,9,-1,-1,-1,0,0.08905,0.91095,-1,3,70,1,1,1,04:59,1,2,9
2023631377938,2023,631377938,1,1,1,1,54,8,3,0,0,0,0,0,1,3,W01000711,3,1,0.0,1.0,-1,6,30,2,1,2,11:30,6,1,1
2023430152564,2023,430152564,1,1,1,1,22,5,3,0,0,0,0,0,3,9,E01017830,-1,0,0.19205,0.80795,-1,6,50,1,1,1,13:20,6,2,3
2023201384315,2023,201384315,1,1,1,1,51,8,2,0,0,0,0,0,5,2,E01009932,5,1,1.0,0.0,-1,6,30,1,1,1,15:22,3,2,5
2023471299117,2023,471299117,1,2,2,1,41,7,3,0,0,1,0,0,9,2,E01020925,3,1,0.0,1.0,-1,6,40,1,5,1,20:40,5,2,9
2023041281939,2023,041281939,2,2,1,2,47,8,3,0,0,0,0,0,9,3,E01025037,3,1,0.0,1.0,-1,6,30,1,1,2,14:40,4,2,9
2023131299985,2023,131299985,1,1,1,1,23,5,2,0,0,0,0,0,9,2,E01011618,7,1,1.0,0.0,-1,6,40,1,4,1,03:15,2,1,9
2023201417762,2023,201417762,2,1,1,2,30,6,3,0,0,0,0,0,9,2,E01010277,3,1,0.0,1.0,-1,3,30,1,4,1,21:04,4,2,9
2023522300424,2023,522300424,1,1,3,1,43,7,3,6,9,0,0,0,0,4,E01014401,-1,0,0.03863,0.96137,-1,6,20,1,1,1,08:40,3,1,19
2023340WN0862,2023,340WN0862,2,1,1,1,22,5,3,0,0,0,0,0,9,6,E01032977,-1,0,0.07634,0.92366,-1,6,50,1,6,4,06:50,2,3,9
2023440011014,2023,440011014,1,1,1,1,41,7,3,0,0,0,0,0,9,9,E01022522,-1,0,0.10015,0.89985,-1,6,50,1,1,2,15:04,2,3,9
2023501338996,2023,501338996,2,1,1,1,33,6,2,0,0,0,0,0,9,5,E01027100,5,1,1.0,0.0,-1,6,50,1,1,1,10:00,1,2,9
2023052302296,2023,052302296,2,3,2,2,6,2,3,0,0,2,0,0,9,6,E01007043,-1,0,0.00482,0.99518,-1,1,30,1,1,1,17:00,3,2,9
2023141268084,2023,141268084,2,1,1,1,66,10,2,0,0,0,0,0,9,4,E01007330,7,1,1.0,0.0,-1,6,30,8,4,2,22:13,4,2,9
2023461337059,2023,461337059,2,2,2,2,58,9,3,0,0,1,0,0,9,10,E01007937,3,1,0.0,1.0,-1,3,50,1,1,1,15:10,2,2,9
2023522301860,2023,522301860,1,2,2,2,47,8,3,0,0,1,0,0,9,4,E01003684,-1,0,0.02832,0.97168,-1,3,70,5,4,2,00:10,2,2,9
2023541618023,2023,541618023,2,1,1,1,38,7,3,0,0,0,0,0,9,5,E01015529,-1,0,0.02847,0.97153,-1,1,50,1,1,1,14:42,2,2,9
2023031378940,2023,031378940,1,1,3,1,18,4,2,5,1,0,0,0,0,8,E01019242,6,1,1.0,0.0,-1,6,30,1,4,1,19:52,7,1,9
2023041320355,2023,041320355,2,3,2,1,0,1,3,0,0,2,0,0,9,-1,-1,3,1,0.0,1.0,-1,3,50,1,1,2,14:03,1,2,9
2023201396816,2023,201396816,1,1,2,2,9,2,3,0,0,-1,0,0,9,-1,-1,3,1,0.0,1.0,-1,6,30,2,1,2,15:37,2,2,9
2023351329453,2023,351329453,2,1,1,1,20,4,3,0,0,0,0,0,9,7,E01017994,3,1,0.0,1.0,-1,6,40,1,1,1,19:20,7,2,9
2023411377595,2023,411377595,2,2,2,2,-1,-1,3,0,0,1,0,0,9,7,E01000657,3,1,0.0,1.0,-1,7,50,1,1,1,10:00,3,2,9
2023010437896,2023,010437896,1,1,3,2,6,2,3,5,4,0,0,0,0,-1,-1,-1,0,0.0,1.0,-1,6,30,1,1,1,16:42,2,1,8
2023010456500,2023,010456500,2,1,1,1,18,4,3,0,0,0,0,0,1,-1,-1,-1,0,0.0,1.0,-1,6,20,1,1,1,12:10,6,2,1
2023010441935,2023,010441935,2,1,1,1,34,6,3,0,0,0,0,0,3,2,E01004570,-1,0,0.0,1.0,-1,3,30,1,1,1,09:35,3,2,3
2023122300773,2023,122300773,1,1,1,1,28,6,2,0,0,0,0,0,9,6,E01027741,-1,0,1.0,0.0,-1,6,60,1,6,1,01:21,1,3,9
2023332301060,2023,332301060,3,2,1,2,25,5,3,0,0,0,0,0,1,10,E01025803,-1,0,0.058,0.942,-1,6,60,1,1,1,12:00,1,3,1
2023010475527,2023,010475527,2,1,1,1,24,5,3,0,0,0,0,0,4,1,E01001813,-1,0,0.0,1.0,-1,6,20,2,4,2,17:11,5,2,4
2023221282647,2023,221282647,2,1,1,1,48,8,2,0,0,0,0,0,5,9,E01032324,7,1,1.0,0.0,-1,6,30,1,1,1,14:25,1,2,5
2023070959366,2023,070959366,3,1,1,1,28,6,2,0,0,0,0,0,9,6,W01000291,-1,0,1.0,0.0,-1,3,70,1,1,1,12:45,3,3,9
2023131310187,2023,131310187,1,1,1,1,56,9,3,0,0,0,0,0,9,8,E01013373,3,1,0.0,1.0,-1,3,70,1,1,1,14:00,2,2,9
2023440462301,2023,440462301,1,2,1,1,29,6,3,0,0,0,0,0,9,7,E01022945,-1,0,0.13304,0.86696,-1,6,40,1,4,1,00:50,1,2,9
2023991329065,2023,991329065,2,2,1,2,27,6,3,0,0,0,0,0,9,9,-1,3,1,0.0,1.0,-1,3,70,1,1,1,10:30,5,2,9
2023010472043,2023,010472043,1,1,3,1,30,6,3,8,1,0,0,0,0,-1,-1,-1,0,0.0,1.0,-1,2,30,1,1,1,08:58,1,1,9
2023010485292,2023,010485292,1,1,1,2,32,6,3,0,0,0,0,0,1,6,E01003033,-1,0,0.0,1.0,-1,6,20,1,4,1,06:25,5,2,1
2023010462921,2023,010462921,2,1,1,1,42,7,3,0,0,0,0,0,3,5,E01004127,-1,0,0.0,1.0,-1,3,50,1,1,1,08:30,3,2,3
2023010459161,2023,010459161,3,2,2,2,38,7,3,0,0,1,0,0,9,6,E01000778,-1,0,0.0,1.0,-1,6,20,1,1,2,09:25,1,5,9
2023041368289,2023,041368289,1,1,1,1,31,6,3,0,0,0,0,0,9,6,E01025265,3,1,0.0,1.0,-1,3,50,2,4,2,18:46,1,2,9
2023332300761,2023,332300761,1,1,1,2,43,7,3,0,0,0,0,0,9,10,E01027115,-1,0,0.00174,0.99826,-1,3,70,1,1,1,10:45,6,2,9
2023461310473,2023,461310473,2,1,1,1,45,7,3,0,0,0,0,0,9,5,E01023992,3,1,0.0,1.0,-1,3,40,1,1,1,16:50,7,2,9
2023471281992,2023,471281992,2,1,1,2,41,7,3,0,0,0,0,0,9,-1,-1,3,1,0.0,1.0,-1,6,40,1,1,1,17:28,4,2,9
2023201376016,2023,201376016,2,2,2,2,57,9,3,0,0,2,0,0,9,1,E01009502,3,1,0.0,1.0,-1,6,30,1,1,1,12:20,2,2,9
2023320388733,2023,320388733,2,2,1,1,19,4,3,0,0,0,0,0,9,4,E01026207,-1,0,0.08906,0.91094,-1,6,60,1,1,1,21:30,7,2,9
2023542727023,2023,542727023,2,2,1,1,36,7,3,0,0,0,0,0,9,8,E01020514,-1,0,0.02271,0.97729,-1,6,50,1,1,1,11:35,2,3,9
2023302301774,2023,302301774,1,1,3,1,47,8,3,5,1,0,0,0,0,1,E01013480,-1,0,0.14259,0.85741,-1,6,30,1,4,2,17:48,7,1,9
2023501333268,2023,501333268,1,1,3,1,71,10,3,6,9,0,0,0,0,5,E01015070,3,1,0.0,1.0,-1,6,30,1,1,1,14:26,4,1,9