collision_index,collision_year,collision_ref_no,vehicle_reference,casualty_reference,casualty_class,sex_of_casualty,age_of_casualty,age_band_of_casualty,casualty_severity,pedestrian_location,pedestrian_movement,car_passenger,bus_or_coach_passenger,pedestrian_road_maintenance_worker,casualty_type,casualty_imd_decile,lsoa_of_casualty,enhanced_casualty_severity,casualty_injury_based,casualty_adjusted_severity_serious,casualty_adjusted_severity_slight,casualty_distance_banding,road_type,speed_limit,weather_conditions,light_conditions,road_surface_conditions,time,day_of_week,number_of_vehicles,vehicle_type
2023320370572,2023,320370572,1,1,1,1,44,7,3,0,0,0,0,0,1,9,E01026273,-1,0,0.18074,0.81926,-1,6,30,1,1,1,13:40,6,2,1
2023131286514,2023,131286514,2,2,1,2,31,6,3,0,0,0,0,0,9,9,E01010875,3,1,0.0,1.0,-1,3,40,1,1,1,07:40,3,2,9
2023430416061,2023,430416061,1,3,1,2,29,6,3,0,0,0,0,0,9,-1,-1,-1,0,0.06223,0.93777,-1,6,60,1,1,1,12:37,7,2,9
202360A150022,2023,60A150022,1,1,2,2,50,8,3,0,0,1,0,0,9,-1,-1,-1,0,0.07497,0.92503,-1,6,30,1,1,1,12:46,7,2,9
2023101323018,2023,101323018,1,2,3,1,37,7,2,5,2,0,0,0,0,10,E01027507,7,1,1.0,0.0,-1,6,20,1,1,1,15:27,2,1,9
2023010467428,2023,010467428,2,1,1,2,37,7,2,0,0,0,0,0,1,7,E01003283,-1,0,1.0,0.0,-1,7,20,1,1,2,08:00,5,2,1
2023311309319,2023,311309319,1,1,1,2,88,11,3,0,0,0,0,0,9,8,E01028168,3,1,0.0,1.0,-1,6,30,1,1,1,13:20,6,1,9
2023471376802,2023,471376802,1,2,2,1,16,4,2,0,0,2,0,0,9,6,E01031513,5,1,1.0,0.0,-1,6,30,2,6,2,18:55,1,1,9
2023622300078,2023,622300078,2,2,1,1,17,4,3,0,0,0,0,0,9,3,W01001052,-1,0,0.01766,0.98234,-1,6,20,1,1,1,15:27,3,2,9
2023340WN0762,2023,340WN0762,2,1,1,2,57,9,2,0,0,0,0,0,9,9,E01027022,-1,0,1.0,0.0,-1,3,30,2,4,2,19:15,4,2,9
2023351338962,2023,351338962,1,1,2,2,63,9,3,0,0,1,0,0,9,1,E01013634,3,1,0.0,1.0,-1,3,70,1,1,1,10:51,6,1,9
2023991387942,2023,991387942,3,1,2,2,56,9,2,0,0,1,0,0,9,4,-1,7,1,1.0,0.0,-1,6,30,2,4,2,16:25,4,3,9
2023501290003,2023,501290003,1,2,3,2,27,6,2,5,1,0,0,0,0,4,E01020293,7,1,1.0,0.0,-1,6,30,2,1,2,13:45,5,1,9
2023010436406,2023,010436406,2,1,1,1,35,6,3,0,0,0,0,0,2,5,E01000619,-1,0,0.0,1.0,-1,6,30,1,1,1,17:30,6,2,2
2023610002123,2023,610002123,1,1,1,1,37,7,3,0,0,0,0,0,5,-1,-1,-1,0,0.09726,0.90274,-1,6,30,1,1,1,06:30,4,2,5
2023010469314,2023,010469314,1,1,1,2,34,6,3,0,0,0,0,0,1,9,E01003462,-1,0,0.0,1.0,-1,3,20,1,1,1,12:35,1,1,1
2023430516686,2023,430516686,2,1,1,1,62,9,2,0,0,0,0,0,3,6,E01032959,-1,0,1.0,0.0,-1,6,30,1,4,2,05:54,6,3,3
2023010486477,2023,010486477,1,1,1,1,51,8,3,0,0,0,0,0,9,4,E01002247,-1,0,0.0,1.0,-1,3,30,1,1,1,10:51,6,2,9
2023010473839,2023,010473839,1,1,1,2,24,5,3,0,0,0,0,0,1,3,E01003562,-1,0,0.0,1.0,-1,3,30,1,1,1,08:00,2,2,1
2023131296859,2023,131296859,2,1,1,1,20,4,3,0,0,0,0,0,9,6,E01011751,3,1,0.0,1.0,-1,6,30,2,4,2,23:07,6,2,9
2023522300560,2023,522300560,1,1,1,1,20,4,3,0,0,0,0,0,9,8,E01032668,-1,0,0.02225,0.97775,-1,6,30,9,7,1,19:49,5,2,9
2023010442848,2023,010442848,1,1,2,1,37,7,3,0,0,0,2,0,11,4,E01003106,-1,0,0.0,1.0,-1,6,20,1,4,1,01:43,1,1,11
2023131312514,2023,131312514,2,1,1,1,27,6,3,0,0,0,0,0,1,7,E01011692,3,1,0.0,1.0,-1,6,30,1,1,1,17:12,3,2,1
2023010484468,2023,010484468,1,1,1,1,18,4,3,0,0,0,0,0,3,5,E01000512,-1,0,0.0,1.0,-1,7,20,1,4,1,22:12,7,2,3
2023311359981,2023,311359981,1,1,1,1,30,6,3,0,0,0,0,0,19,10,E01028404,3,1,0.0,1.0,-1,6,30,2,4,2,22:45,5,6,19
2023302301811,2023,302301811,1,1,1,1,27,6,3,0,0,0,0,0,5,1,E01019566,-1,0,0.1787,0.8213,-1,6,30,1,1,2,08:50,7,2,5
2023201377615,2023,201377615,1,1,1,2,-1,-1,3,0,0,0,0,0,9,-1,-1,3,1,0.0,1.0,-1,6,30,1,1,1,17:00,4,3,9
2023430537438,2023,430537438,1,4,1,1,24,5,3,0,0,0,0,0,9,7,E01028795,-1,0,0.08822,0.91178,-1,6,60,1,6,1,19:25,4,2,9
2023520400619,2023,520400619,1,1,1,2,44,7,3,0,0,0,0,0,9,4,E01032087,-1,0,0.01883,0.98117,-1,6,30,2,1,2,15:50,4,2,9
2023991308627,2023,991308627,1,1,3,2,20,4,3,4,2,0,0,2,0,9,-1,3,1,0.0,1.0,-1,6,20,1,1,1,17:30,3,1,9
2023070736442,2023,070736442,1,1,1,1,42,7,2,0,0,0,0,0,5,8,E01006102,-1,0,1.0,0.0,-1,6,60,1,1,1,20:00,5,2,5
2023231388180,2023,231388180,2,1,2,2,29,6,3,0,0,2,0,0,9,1,E01009574,3,1,0.0,1.0,-1,6,50,1,6,2,18:51,4,2,9
2023361353564,2023,361353564,2,3,1,2,60,9,2,0,0,0,0,0,9,4,E01026776,7,1,1.0,0.0,-1,6,50,1,1,1,10:25,2,2,9
2023430198392,2023,430198392,2,1,1,2,30,6,3,0,0,0,0,0,9,10,E01016429,-1,0,0.00458,0.99542,-1,6,50,2,1,2,17:15,7,2,9
2023501307417,2023,501307417,1,1,1,1,33,6,3,0,0,0,0,0,9,-1,-1,3,1,0.0,1.0,-1,3,70,1,4,1,21:35,7,1,9
2023141303562,2023,141303562,1,1,1,2,53,8,3,0,0,0,0,0,9,7,E01007551,3,1,0.0,1.0,-1,1,30,1,1,1,16:55,3,2,9
2023411312893,2023,411312893,2,1,1,2,44,7,3,0,0,0,0,0,9,3,E01017663,3,1,0.0,1.0,-1,3,50,1,1,1,13:10,4,2,9
2023421375899,2023,421375899,1,1,1,2,19,4,3,0,0,0,0,0,9,9,E01021745,3,1,0.0,1.0,-1,6,60,1,6,2,20:32,6,1,9
2023622300095,2023,622300095,2,3,2,1,20,4,3,0,0,1,0,0,9,5,W01000761,-1,0,0.01328,0.98672,-1,3,40,1,1,2,08:23,3,2,9
2023302300579,2023,302300579,1,1,1,1,24,5,3,0,0,0,0,0,19,1,E01013550,-1,0,0.16242,0.83758,-1,1,60,1,4,1,03:25,1,1,19
2023052302983,2023,052302983,1,1,3,2,42,7,2,1,1,0,0,0,0,1,E01006779,-1,0,1.0,0.0,-1,2,30,1,4,2,22:40,5,1,8
2023010449934,2023,010449934,1,1,1,1,47,8,3,0,0,0,0,0,9,2,E01003591,-1,0,0.0,1.0,-1,3,50,1,4,2,03:25,1,4,9
2023451287368,2023,451287368,1,1,1,2,45,7,3,0,0,0,0,0,9,10,E01031650,3,1,0.0,1.0,-1,6,40,1,1,2,08:06,5,2,9
2023991342266,2023,991342266,1,1,1,1,50,8,2,0,0,0,0,0,9,7,E01008852,7,1,1.0,0.0,-1,6,60,1,1,2,10:10,4,2,9
2023501443693,2023,501443693,1,1,3,2,34,6,2,5,1,0,0,0,0,2,E01018865,7,1,1.0,0.0,-1,6,30,1,1,1,09:15,7,1,9
2023549268823,2023,549268823,1,1,1,1,55,8,3,0,0,0,0,0,5,4,W01000306,-1,0,0.20425,0.79575,-1,6,50,1,1,1,18:23,7,2,5
2023201311351,2023,201311351,1,1,1,1,22,5,3,0,0,0,0,0,9,-1,-1,3,1,0.0,1.0,-1,3,30,1,4,1,01:20,3,2,9
2023320336849,2023,320336849,1,1,3,1,70,10,3,8,1,0,0,0,0,4,E01013941,-1,0,0.1788,0.8212,-1,6,30,1,1,1,13:09,6,1,9
2023010449001,2023,010449001,1,1,1,-1,35,6,3,0,0,0,0,0,3,2,E01000931,-1,0,0.0,1.0,-1,2,20,9,7,9,23:00,2,2,3
2023010444334,2023,010444334,2,1,1,1,26,6,3,0,0,0,0,0,4,2,E01004140,-1,0,0.0,1.0,-1,6,30,1,1,1,21:06,1,2,4
2023010429547,2023,010429547,1,1,1,1,86,11,3,0,0,0,0,0,9,6,E01001393,-1,0,0.0,1.0,-1,6,30,1,4,1,21:45,2,1,9
2023041309770,2023,041309770,2,1,1,1,17,4,3,0,0,0,0,0,9,1,E01012673,3,1,0.0,1.0,-1,6,50,8,1,1,20:58,7,2,9
2023070452372,2023,070452372,2,2,1,1,43,7,3,0,0,0,0,0,9,7,E01007301,-1,0,0.04898,0.95102,-1,6,40,1,1,1,08:25,7,2,9
2023010463148,2023,010463148,1,1,3,2,63,9,2,5,1,0,0,0,0,9,E01000879,-1,0,1.0,0.0,-1,6,40,1,1,1,10:00,4,2,5
2023501345133,2023,501345133,1,1,1,1,16,4,3,0,0,0,0,0,3,4,E01020002,3,1,0.0,1.0,-1,6,30,1,1,1,13:37,7,1,3
2023070568501,2023,070568501,2,1,1,1,38,7,3,0,0,0,0,0,9,1,E01012402,-1,0,0.02406,0.97594,-1,3,50,1,1,1,09:15,2,2,9
2023201404983,2023,201404983,2,3,2,1,-1,-1,3,0,0,2,0,0,9,-1,-1,3,1,0.0,1.0,-1,3,30,1,1,1,07:50,5,2,9
2023361309994,2023,361309994,2,4,2,1,5,1,3,0,0,2,0,0,9,8,E01026508,3,1,0.0,1.0,-1,6,60,1,1,1,19:13,1,2,9
2023010471947,2023,010471947,1,1,1,-1,24,5,3,0,0,0,0,0,3,4,E01001180,-1,0,0.0,1.0,-1,1,20,9,7,9,19:50,6,2,3
2023010461755,2023,010461755,1,3,2,1,20,4,3,0,0,2,0,0,9,4,E01015606,-1,0,0.0,1.0,-1,3,40,1,4,1,22:00,7,2,9
2023221330491,2023,221330491,1,2,2,1,25,5,3,0,0,1,0,0,9,5,E01028869,3,1,0.0,1.0,-1,6,40,1,6,1,00:02,1,3,9
2023461325248,2023,461325248,1,1,1,1,66,10,3,0,0,0,0,0,9,10,E01032655,3,1,0.0,1.0,-1,6,60,1,1,1,16:10,3,2,9
2023122301299,2023,122301299,1,4,2,2,30,6,3,0,0,1,0,0,9,5,E01027610,-1,0,0.07905,0.92095,-1,6,60,1,1,1,17:15,6,3,9
2023320126062,2023,320126062,2,1,1,2,45,7,3,0,0,0,0,0,9,1,E01026083,-1,0,0.02852,0.97148,-1,6,30,1,1,1,12:45,3,2,9
2023430420377,2023,430420377,1,1,1,1,74,10,2,0,0,0,0,0,9,3,E01016498,-1,0,1.0,0.0,-1,6,30,1,1,1,10:30,5,1,9
2023451305851,2023,451305851,2,1,1,2,65,9,2,0,0,0,0,0,1,9,E01004161,7,1,1.0,0.0,-1,6,30,1,1,1,12:15,4,2,1
2023302300531,2023,302300531,1,1,1,1,54,8,2,0,0,0,0,0,5,1,E01011474,-1,0,1.0,0.0,-1,6,50,1,1,1,13:50,3,2,5
2023010444556,2023,010444556,1,1,1,1,36,7,3,0,0,0,0,0,8,2,E01002505,-1,0,0.0,1.0,-1,6,20,1,1,1,08:10,3,2,8
2023041355904,2023,041355904,2,1,1,2,20,4,3,0,0,0,0,0,9,2,E01025091,3,1,0.0,1.0,-1,6,20,1,1,1,16:40,1,2,9
2023411364547,2023,411364547,2,3,1,2,79,11,3,0,0,0,0,0,9,9,E01017495,3,1,0.0,1.0,-1,3,70,1,1,1,11:15,6,6,9
202360A093941,2023,60A093941,2,1,2,2,53,8,3,0,0,2,0,0,9,-1,-1,-1,0,0.03325,0.96675,-1,6,30,1,1,1,12:42,7,2,9
2023421290520,2023,421290520,1,1,3,1,7,2,3,5,3,0,0,0,0,4,E01021698,3,1,0.0,1.0,-1,6,30,1,4,1,19:32,7,1,9
2023201411693,2023,201411693,2,1,1,1,33,6,3,0,0,0,0,0,1,1,E01009048,3,1,0.0,1.0,-1,6,30,2,1,2,19:30,3,2,1
2023440028212,2023,440028212,1,1,1,1,17,4,3,0,0,0,0,0,1,5,E01023258,-1,0,0.09241,0.90759,-1,6,30,1,4,1,20:28,7,2,1
2023101286615,2023,101286615,2,1,1,2,37,7,3,0,0,0,0,0,9,10,E01008321,3,1,0.0,1.0,-1,1,20,1,1,1,09:30,7,2,9
2023211421494,2023,211421494,1,2,1,2,32,6,3,0,0,0,0,0,9,5,E01031037,3,1,0.0,1.0,-1,3,70,1,1,1,10:25,5,2,9
2023361368468,2023,361368468,1,2,2,2,12,3,3,0,0,2,0,0,9,1,E01026595,3,1,0.0,1.0,-1,6,30,1,1,1,08:52,4,2,9
2023471315924,2023,471315924,2,3,1,2,88,11,3,0,0,0,0,0,9,10,E01031820,3,1,0.0,1.0,-1,6,30,1,1,1,09:55,3,2,9
2023631362997,2023,631362997,1,3,2,2,16,4,3,0,0,2,0,0,9,4,W01000703,3,1,0.0,1.0,-1,6,20,2,4,2,19:10,5,3,9
2023451341110,2023,451341110,1,1,1,1,30,6,3,0,0,0,0,0,9,9,E01030453,3,1,0.0,1.0,-1,3,40,1,1,2,19:20,1,1,9
2023061267893,2023,061267893,2,1,1,1,37,7,2,0,0,0,0,0,9,7,E01006055,7,1,1.0,0.0,-1,6,30,1,6,1,18:50,1,2,9
2023141384746,2023,141384746,1,1,1,1,51,8,3,0,0,0,0,0,9,1,E01011493,3,1,0.0,1.0,-1,6,30,2,1,2,11:30,7,2,9
2023451312067,2023,451312067,2,2,2,2,37,7,3,0,0,1,0,0,9,10,E01030998,3,1,0.0,1.0,-1,6,40,1,1,1,10:20,7,3,9
2023010467945,2023,010467945,1,1,1,1,30,6,3,0,0,0,0,0,1,2,E01000141,-1,0,0.0,1.0,-1,9,30,9,1,1,16:50,5,2,1
2023010482070,2023,010482070,1,1,3,1,50,8,3,1,4,0,0,0,0,8,E01002216,-1,0,0.0,1.0,-1,6,20,1,1,2,08:26,3,1,9
2023451365248,2023,451365248,1,1,1,1,76,11,3,0,0,0,0,0,1,10,E01030417,3,1,0.0,1.0,-1,6,40,9,1,1,16:19,6,2,1
2023010477125,2023,010477125,1,1,1,1,64,9,3,0,0,0,0,0,9,8,E01003652,-1,0,0.0,1.0,-1,2,20,2,1,2,12:00,6,1,9
2023010483193,2023,010483193,1,1,1,1,41,7,3,0,0,0,0,0,9,4,E01021774,-1,0,0.0,1.0,-1,6,30,1,1,2,14:06,6,2,9
2023061388149,2023,061388149,2,1,1,2,57,9,3,0,0,0,0,0,9,2,E01006214,3,1,0.0,1.0,-1,6,30,1,1,1,12:35,6,2,9
2023211321632,2023,211321632,1,1,1,2,22,5,3,0,0,0,0,0,9,5,E01014319,3,1,0.0,1.0,-1,3,50,1,1,1,14:40,6,2,9
2023461326293,2023,461326293,1,1,1,2,33,6,3,0,0,0,0,0,9,5,E01016088,3,1,0.0,1.0,-1,6,30,1,4,1,22:20,3,3,9
2023552300840,2023,552300840,2,1,1,1,65,9,3,0,0,0,0,0,9,7,E01020360,-1,0,0.00871,0.99129,-1,6,30,1,1,1,17:28,3,2,9
2023010476588,2023,010476588,2,1,1,1,43,7,3,0,0,0,0,0,3,4,E01000401,-1,0,0.0,1.0,-1,6,20,1,4,1,22:10,3,2,3
2023101273949,2023,101273949,1,1,3,1,83,11,3,5,3,0,0,0,0,1,E01008756,3,1,0.0,1.0,-1,6,30,1,1,1,11:00,4,1,9
2023141390089,2023,141390089,2,1,2,2,38,7,3,0,0,1,0,0,9,2,E01007391,3,1,0.0,1.0,-1,7,70,1,1,2,09:25,3,3,9
2023010465839,2023,010465839,1,1,3,2,59,9,3,8,8,0,0,0,0,3,E01004189,-1,0,0.0,1.0,-1,6,30,1,4,1,21:30,4,1,9
2023101391540,2023,101391540,2,1,1,1,57,9,3,0,0,0,0,0,1,-1,-1,3,1,0.0,1.0,-1,6,30,1,1,1,13:50,4,2,1
2023201310398,2023,201310398,1,2,2,2,32,6,3,0,0,1,0,0,9,8,E01010134,3,1,0.0,1.0,-1,3,40,1,4,1,20:20,5,2,9
2023622300383,2023,622300383,2,2,1,1,15,3,3,0,0,0,0,0,-1,7,W01001953,-1,0,0.0705,0.9295,-1,6,20,2,1,2,19:16,5,2,-1
2023440284490,2023,440284490,1,1,1,1,40,7,3,0,0,0,0,0,9,10,E01022771,-1,0,0.00555,0.99445,-1,6,30,2,1,2,13:45,6,3,9
2023010460445,2023,010460445,1,1,1,2,51,8,3,0,0,0,0,0,9,3,E01004028,-1,0,0.0,1.0,-1,6,20,2,1,2,19:15,3,2,9
2023411274765,2023,411274765,3,1,1,2,33,6,3,0,0,0,0,0,9,10,E01023668,3,1,0.0,1.0,-1,7,60,1,1,2,08:30,6,3,9
2023421282845,2023,421282845,2,1,1,2,42,7,3,0,0,0,0,0,9,5,E01021810,3,1,0.0,1.0,-1,6,30,1,1,1,17:06,6,3,9
2023451316598,2023,451316598,1,1,1,2,49,8,2,0,0,0,0,0,9,7,E01030576,6,1,1.0,0.0,-1,6,60,1,1,1,15:20,5,2,9
2023361355385,2023,361355385,1,1,1,1,17,4,3,0,0,0,0,0,1,7,E01026461,3,1,0.0,1.0,-1,6,20,1,4,1,19:30,6,2,1
2023010473783,2023,010473783,2,1,1,2,49,8,3,0,0,0,0,0,1,4,E01024622,-1,0,0.0,1.0,-1,6,20,1,1,1,16:00,3,2,1
2023131392202,2023,131392202,2,1,1,1,46,8,3,0,0,0,0,0,1,3,E01011064,3,1,0.0,1.0,-1,6,30,1,1,1,11:00,3,2,1
2023010460411,2023,010460411,2,2,1,1,18,4,3,0,0,0,0,0,3,-1,-1,-1,0,0.0,1.0,-1,6,20,1,1,1,15:42,1,2,3
2023101300013,2023,101300013,2,1,1,2,44,7,3,0,0,0,0,0,9,2,E01008330,3,1,0.0,1.0,-1,1,40,1,4,1,20:50,7,2,9
2023201298330,2023,201298330,2,3,1,2,38,7,3,0,0,0,0,0,9,1,E01009399,3,1,0.0,1.0,-1,6,20,1,1,1,16:10,7,3,9
2023221337148,2023,221337148,2,1,1,1,49,8,3,0,0,0,0,0,9,8,E01031239,3,1,0.0,1.0,-1,6,30,1,1,1,11:41,6,2,9
2023221342561,2023,221342561,2,1,1,2,30,6,3,0,0,0,0,0,9,3,E01014156,3,1,0.0,1.0,-1,6,30,1,1,1,17:00,3,2,9
2023430273260,2023,430273260,2,1,1,1,68,10,3,0,0,0,0,0,9,10,E01017745,-1,0,0.06071,0.93929,-1,6,30,1,1,1,13:56,4,2,9
2023471294894,2023,471294894,2,1,1,1,42,7,3,0,0,0,0,0,9,2,E01021091,3,1,0.0,1.0,-1,6,60,1,6,1,20:50,7,2,9
2023471361386,2023,471361386,2,1,1,2,36,7,3,0,0,0,0,0,9,4,E01016925,3,1,0.0,1.0,-1,6,30,1,1,1,07:56,3,2,9
2023522400981,2023,522400981,1,1,3,1,81,11,2,6,9,0,0,0,0,-1,-1,-1,0,1.0,0.0,-1,6,30,1,1,1,14:28,4,1,1
2023131260046,2023,131260046,2,1,1,1,54,8,3,0,0,0,0,0,3,5,E01011896,3,1,0.0,1.0,-1,6,30,1,1,2,08:18,5,2,3
2023061293945,2023,061293945,2,1,1,-1,44,7,3,0,0,0,0,0,9,7,E01006182,3,1,0.0,1.0,-1,6,30,1,1,1,11:45,1,2,9
2023991298035,2023,991298035,1,3,2,1,26,6,3,0,0,1,0,0,9,2,-1,3,1,0.0,1.0,-1,6,30,1,1,1,13:45,3,2,9
2023221289592,2023,221289592,1,2,1,1,31,6,3,0,0,0,0,0,19,7,E01013988,3,1,0.0,1.0,-1,6,50,1,1,1,13:55,4,2,19
2023161299896,2023,161299896,1,2,2,1,60,9,3,0,0,1,0,0,9,-1,-1,3,1,0.0,1.0,-1,1,30,1,1,1,12:45,1,2,9
2023351339411,2023,351339411,1,2,1,1,50,8,2,0,0,0,0,0,9,5,E01018080,6,1,1.0,0.0,-1,6,60,1,1,1,08:03,2,2,9
2023010432206,2023,010432206,2,1,1,1,44,7,2,0,0,0,0,0,1,-1,-1,-1,0,1.0,0.0,-1,6,20,1,1,1,18:34,3,2,1
2023440037620,2023,440037620,1,1,1,1,17,4,3,0,0,0,0,0,1,2,E01017216,-1,0,0.15268,0.84732,-1,6,30,1,1,1,13:35,7,1,1
2023161324050,2023,161324050,1,1,3,1,21,5,3,6,7,0,0,0,0,1,E01012833,3,1,0.0,1.0,-1,6,30,1,4,1,22:00,7,1,-1
2023010419830,2023,010419830,1,2,2,2,57,9,3,0,0,1,0,0,9,5,E01015985,-1,0,0.0,1.0,-1,6,30,1,4,1,16:52,5,2,9
2023141288801,2023,141288801,1,1,1,1,29,6,3,0,0,0,0,0,9,-1,-1,3,1,0.0,1.0,-1,6,40,2,4,2,22:45,2,1,9
2023461364696,2023,461364696,1,1,1,2,41,7,3,0,0,0,0,0,9,1,E01024615,3,1,0.0,1.0,-1,6,30,4,1,2,16:16,6,2,9
2023201461864,2023,201461864,1,1,1,1,48,8,3,0,0,0,0,0,9,-1,-1,3,1,0.0,1.0,-1,1,30,1,1,1,13:37,5,2,9
2023430057462,2023,430057462,2,1,2,2,73,10,3,0,0,1,0,0,9,10,E01017757,-1,0,0.05716,0.94284,-1,6,30,1,1,1,11:35,3,2,9
2023101323626,2023,101323626,2,1,1,2,36,7,3,0,0,0,0,0,1,1,E01027415,3,1,0.0,1.0,-1,6,20,2,1,2,15:30,1,2,1
2023010434828,2023,010434828,1,1,1,1,36,7,3,0,0,0,0,0,3,6,E01003152,-1,0,0.0,1.0,-1,6,20,1,1,1,10:12,4,2,3
2023991364999,2023,991364999,2,2,1,1,51,8,2,0,0,0,0,0,8,1,-1,6,1,1.0,0.0,-1,6,40,8,1,2,07:47,6,2,8
2023010420898,2023,010420898,2,1,1,1,47,8,3,0,0,0,0,0,9,3,E01015730,-1,0,0.0,1.0,-1,1,30,2,4,2,04:05,5,2,9
2023131329555,2023,131329555,2,2,1,1,67,10,2,0,0,0,0,0,9,1,E01011620,6,1,1.0,0.0,-1,3,40,2,1,2,18:00,6,2,9
2023131361640,2023,131361640,2,1,1,2,44,7,3,0,0,0,0,0,9,2,E01010619,3,1,0.0,1.0,-1,6,30,1,1,1,17:45,2,2,9
2023161370485,2023,161370485,1,3,1,1,26,6,3,0,0,0,0,0,9,-1,-1,3,1,0.0,1.0,-1,6,50,1,6,1,17:45,6,3,9
2023311260729,2023,311260729,2,1,1,1,51,8,3,0,0,0,0,0,9,9,E01028346,3,1,0.0,1.0,-1,6,60,2,4,2,18:45,7,2,9
2023332300046,2023,332300046,1,1,1,1,59,9,2,0,0,0,0,0,1,7,E01025636,-1,0,1.0,0.0,-1,6,50,1,6,4,05:50,3,2,1
2023201284787,2023,201284787,4,3,2,1,43,7,2,0,0,1,0,0,9,1,E01033650,7,1,1.0,0.0,-1,3,50,1,4,2,01:04,1,4,9
2023421276115,2023,421276115,2,1,1,1,28,6,3,0,0,0,0,0,9,5,E01021770,3,1,0.0,1.0,-1,6,30,1,4,1,05:55,6,2,9
2023010428489,2023,010428489,2,1,1,1,22,5,3,0,0,0,0,0,1,3,E01002780,-1,0,0.0,1.0,-1,6,20,1,4,1,23:15,3,2,1
2023010460550,2023,010460550,1,1,1,2,27,6,3,0,0,0,0,0,1,9,E01004604,-1,0,0.0,1.0,-1,6,30,1,1,1,11:40,1,2,1
2023010446351,2023,010446351,1,1,1,1,33,6,3,0,0,0,0,0,3,3,E01000578,-1,0,0.0,1.0,-1,3,20,1,1,1,11:22,5,2,3
2023010449680,2023,010449680,2,1,1,2,80,11,3,0,0,0,0,0,9,5,E01004646,-1,0,0.0,1.0,-1,6,20,1,1,1,14:30,7,2,9
2023501329223,2023,501329223,1,1,1,1,23,5,3,0,0,0,0,0,9,3,E01020067,3,1,0.0,1.0,-1,6,30,1,4,1,01:16,6,1,9
2023361327008,2023,361327008,1,1,2,1,57,9,3,0,0,0,0,0,10,4,E01013146,3,1,0.0,1.0,-1,3,50,1,1,1,10:20,4,3,10
2023991325842,2023,991325842,2,1,1,1,62,9,2,0,0,0,0,0,97,-1,-1,7,1,1.0,0.0,-1,1,30,1,1,1,10:00,3,2,97
2023010421371,2023,010421371,1,5,2,1,10,2,3,0,0,2,0,0,9,2,E01003196,-1,0,0.0,1.0,-1,1,30,2,1,2,11:38,7,2,9
2023351300192,2023,351300192,2,1,1,1,86,11,3,0,0,0,0,0,9,3,E01000750,3,1,0.0,1.0,-1,3,70,1,1,-1,12:40,7,2,9
2023052302443,2023,052302443,2,1,1,1,27,6,2,0,0,0,0,0,3,1,E01006919,-1,0,1.0,0.0,-1,6,30,2,1,2,14:50,6,2,3
2023361385645,2023,361385645,2,1,1,1,22,5,3,0,0,0,0,0,3,6,E01026642,3,1,0.0,1.0,-1,6,50,2,1,2,14:06,1,2,3
2023041367799,2023,041367799,2,3,2,1,15,3,3,0,0,1,0,0,9,6,E01029778,3,1,0.0,1.0,-1,3,70,1,1,1,16:38,5,2,9
2023211310996,2023,211310996,1,2,1,2,47,8,3,0,0,0,0,0,9,3,E01014322,3,1,0.0,1.0,-1,1,30,1,1,1,11:14,5,2,9
2023411393998,2023,411393998,3,3,1,2,51,8,3,0,0,0,0,0,9,5,E01023630,3,1,0.0,1.0,-1,3,70,1,6,1,16:15,2,3,9
2023520301603,2023,520301603,1,1,1,2,65,9,2,0,0,0,0,0,9,7,E01029158,-1,0,1.0,0.0,-1,6,60,1,1,1,17:34,7,2,9
2023531365307,2023,531365307,1,1,1,2,19,4,2,0,0,0,0,0,9,6,E01022232,5,1,1.0,0.0,-1,6,50,1,1,1,14:15,2,2,9
2023221395852,2023,221395852,1,1,1,1,54,8,2,0,0,0,0,0,1,5,E01014049,6,1,1.0,0.0,-1,6,30,1,6,2,22:20,5,1,1
2023161269626,2023,161269626,2,3,1,2,76,11,3,0,0,0,0,0,9,3,E01027833,3,1,0.0,1.0,-1,6,60,1,1,1,15:05,3,2,9
2023170M10983,2023,170M10983,1,1,3,1,6,2,3,5,4,0,0,0,0,6,E01012046,-1,0,0.13616,0.86384,-1,6,20,1,1,1,13:40,7,1,9
2023461306205,2023,461306205,1,2,1,1,48,8,3,0,0,0,0,0,5,2,E01016018,3,1,0.0,1.0,-1,3,30,1,1,1,16:32,1,2,5
2023131332504,2023,131332504,1,1,1,1,37,7,3,0,0,0,0,0,9,5,E01012635,3,1,0.0,1.0,-1,3,70,2,4,2,01:05,1,1,9
2023201419514,2023,201419514,1,1,1,1,37,7,3,0,0,0,0,0,9,3,E01009940,3,1,0.0,1.0,-1,3,40,1,4,2,20:57,1,1,9
2023430190921,2023,430190921,3,3,2,1,42,7,3,0,0,1,0,0,9,2,E01016726,-1,0,0.07476,0.92524,-1,6,60,1,1,1,16:28,3,3,9
2023531321790,2023,531321790,2,2,1,2,24,5,3,0,0,0,0,0,9,6,E01022258,3,1,0.0,1.0,-1,6,50,1,1,1,16:45,4,3,9
2023991359901,2023,991359901,1,1,1,1,19,4,3,0,0,0,0,0,17,3,-1,3,1,0.0,1.0,-1,6,40,2,1,2,15:15,5,2,17
2023010428432,2023,010428432,1,1,1,1,35,6,3,0,0,0,0,0,5,9,E01016682,-1,0,0.0,1.0,-1,6,20,1,1,1,17:30,2,2,5
2023531356254,2023,531356254,1,1,1,1,35,6,2,0,0,0,0,0,5,1,E01026965,7,1,1.0,0.0,-1,3,70,1,1,2,17:10,6,3,5