collision_index,collision_year,collision_ref_no,vehicle_reference,casualty_reference,casualty_class,sex_of_casualty,age_of_casualty,age_band_of_casualty,casualty_severity,pedestrian_location,pedestrian_movement,car_passenger,bus_or_coach_passenger,pedestrian_road_maintenance_worker,casualty_type,casualty_imd_decile,lsoa_of_casualty,enhanced_casualty_severity,casualty_injury_based,casualty_adjusted_severity_serious,casualty_adjusted_severity_slight,casualty_distance_banding,road_type,speed_limit,weather_conditions,light_conditions,road_surface_conditions,time,day_of_week,number_of_vehicles,vehicle_type
2023201409485,2023,201409485,1,1,3,2,39,7,3,5,1,0,0,2,0,2,E01010048,3,1,0.0,1.0,-1,6,30,1,1,2,08:30,1,1,9
2023010480133,2023,010480133,1,1,2,2,44,7,3,0,0,0,4,0,11,3,E01004391,-1,0,0.0,1.0,-1,6,20,1,1,1,15:05,7,2,11
2023010437776,2023,010437776,1,3,2,-1,-1,-1,3,0,0,2,0,0,9,-1,-1,-1,0,0.0,1.0,-1,6,30,2,4,2,21:45,6,2,9
2023131376407,2023,131376407,2,1,1,1,36,7,2,0,0,0,0,0,9,2,E01010740,6,1,1.0,0.0,-1,3,70,2,4,2,21:31,1,4,9
2023461328139,2023,461328139,1,1,3,1,55,8,2,6,9,0,0,0,0,8,E01016148,7,1,1.0,0.0,-1,6,40,1,4,2,23:13,5,1,9
2023010459542,2023,010459542,2,1,1,1,53,8,3,0,0,0,0,0,1,2,E01003179,-1,0,0.0,1.0,-1,7,20,2,1,2,13:44,3,2,1
2023010422854,2023,010422854,2,2,2,2,7,2,3,0,0,2,0,0,9,-1,-1,-1,0,0.0,1.0,-1,3,30,1,1,4,08:30,1,2,9
2023010453704,2023,010453704,1,1,1,1,33,6,2,0,0,0,0,0,9,1,E01004285,-1,0,1.0,0.0,-1,6,30,1,1,1,08:50,6,2,9
2023010467864,2023,010467864,1,1,1,1,29,6,3,0,0,0,0,0,9,5,E01003359,-1,0,0.0,1.0,-1,9,30,9,1,9,13:40,7,3,9
2023061333026,2023,061333026,2,1,1,1,28,6,3,0,0,0,0,0,9,-1,-1,3,1,0.0,1.0,-1,3,40,1,1,1,17:15,3,2,9
2023101314648,2023,101314648,1,1,2,1,16,4,3,0,0,1,0,0,9,9,E01027439,3,1,0.0,1.0,-1,6,60,1,1,1,19:15,7,1,9
2023010447660,2023,010447660,1,1,1,2,32,6,3,0,0,0,0,0,9,9,E01000452,-1,0,0.0,1.0,-1,6,20,1,1,1,08:49,5,2,9
2023101370049,2023,101370049,1,1,1,2,29,6,3,0,0,0,0,0,9,-1,-1,3,1,0.0,1.0,-1,3,70,1,1,2,10:01,2,2,9
2023332300777,2023,332300777,1,1,1,1,41,7,3,0,0,0,0,0,9,1,E01009571,-1,0,0.03169,0.96831,-1,6,50,1,1,1,15:15,2,2,9
2023991298611,2023,991298611,2,1,1,1,39,7,3,0,0,0,0,0,9,4,-1,3,1,0.0,1.0,-1,6,60,1,1,1,16:55,4,3,9
2023052302511,2023,052302511,2,2,1,2,85,11,3,0,0,0,0,0,9,8,E01006581,-1,0,0.0674,0.9326,-1,6,30,5,1,2,15:30,6,2,9
2023061374894,2023,061374894,2,1,1,1,21,5,3,0,0,0,0,0,9,2,E01004948,3,1,0.0,1.0,-1,3,70,1,4,2,17:45,2,3,9
2023361319555,2023,361319555,1,1,1,2,58,9,3,0,0,0,0,0,9,10,E01026568,3,1,0.0,1.0,-1,6,30,1,1,1,13:14,6,1,9
2023501362734,2023,501362734,1,1,1,2,63,9,3,0,0,0,0,0,9,9,E01015110,3,1,0.0,1.0,-1,6,30,1,4,1,22:00,6,2,9
2023522300989,2023,522300989,1,1,1,1,35,6,3,0,0,0,0,0,9,9,E01014919,-1,0,0.00766,0.99234,-1,6,30,9,1,1,19:00,2,2,9
2023052301725,2023,052301725,2,1,1,1,75,10,2,0,0,0,0,0,1,6,E01006988,-1,0,1.0,0.0,-1,6,20,1,1,1,16:00,6,2,1
2023421261729,2023,421261729,1,1,1,1,27,6,2,0,0,0,0,0,9,3,E01021631,7,1,1.0,0.0,-1,3,70,2,4,2,19:35,3,1,9
2023071201075,2023,071201075,2,1,1,1,45,7,3,0,0,0,0,0,1,7,E01018448,-1,0,0.11047,0.88953,-1,2,20,1,4,2,17:25,3,2,1
2023131362896,2023,131362896,1,1,1,2,57,9,3,0,0,0,0,0,9,2,E01011915,3,1,0.0,1.0,-1,6,40,1,1,1,14:59,7,2,9
2023552301324,2023,552301324,2,1,1,1,79,11,3,0,0,0,0,0,9,7,E01020576,-1,0,0.09416,0.90584,-1,6,30,1,1,1,16:08,1,2,9
2023131259755,2023,131259755,2,1,1,1,54,8,3,0,0,0,0,0,9,1,E01005352,3,1,0.0,1.0,-1,6,60,5,6,2,22:28,4,2,9
2023332300140,2023,332300140,1,1,1,1,43,7,3,0,0,0,0,0,9,8,E01025739,-1,0,0.03617,0.96383,-1,6,60,1,1,2,10:20,6,2,9
2023421358656,2023,421358656,2,1,1,2,43,7,3,0,0,0,0,0,9,2,E01008377,3,1,0.0,1.0,-1,3,70,1,1,2,14:19,2,3,9
2023302300563,2023,302300563,1,1,3,1,52,8,3,9,5,0,0,0,0,7,E01005891,-1,0,0.0879,0.9121,-1,6,30,9,1,1,12:45,3,1,9
2023041305947,2023,041305947,2,1,1,1,16,4,2,0,0,0,0,0,1,1,E01012680,7,1,1.0,0.0,-1,6,20,1,1,1,16:00,4,2,1
2023451377689,2023,451377689,4,3,1,1,24,5,3,0,0,0,0,0,9,10,E01023092,3,1,0.0,1.0,-1,3,70,2,1,2,08:10,5,5,9
2023461294213,2023,461294213,1,1,2,2,36,7,3,0,0,1,0,0,9,6,E01002662,3,1,0.0,1.0,-1,6,20,2,4,2,19:02,6,2,9
2023501348273,2023,501348273,2,1,1,2,56,9,3,0,0,0,0,0,9,5,E01020049,3,1,0.0,1.0,-1,3,60,1,1,1,08:00,2,2,9
2023170H10923,2023,170H10923,1,1,1,1,21,5,3,0,0,0,0,0,9,3,E01011975,-1,0,0.09514,0.90486,-1,1,30,1,4,1,21:20,7,1,9
2023332300727,2023,332300727,2,1,1,2,43,7,3,0,0,0,0,0,9,8,E01020690,-1,0,0.02462,0.97538,-1,6,50,1,1,1,11:04,7,2,9
2023351297498,2023,351297498,2,2,2,2,81,11,3,0,0,1,0,0,9,9,E01028932,3,1,0.0,1.0,-1,6,40,1,1,1,13:25,7,2,9
2023622300193,2023,622300193,2,2,1,1,33,6,3,0,0,0,0,0,9,3,W01001875,-1,0,0.01803,0.98197,-1,3,50,1,4,1,19:03,7,2,9
2023010477574,2023,010477574,3,2,1,1,58,9,3,0,0,0,0,0,19,4,E01003927,-1,0,0.0,1.0,-1,6,30,2,4,2,19:04,1,3,19
2023211339201,2023,211339201,1,1,3,2,65,9,2,5,3,0,0,-1,0,7,E01029768,7,1,1.0,0.0,-1,6,30,1,1,1,13:53,2,1,9
2023052302127,2023,052302127,1,1,1,1,35,6,1,0,0,0,0,0,5,5,E01007143,-1,0,0.0,0.0,-1,6,40,1,1,1,19:10,1,3,5
2023010458718,2023,010458718,1,1,1,1,45,7,3,0,0,0,0,0,9,4,E01001511,-1,0,0.0,1.0,-1,3,40,1,1,1,17:38,5,3,9
2023041364885,2023,041364885,1,1,1,2,75,10,3,0,0,0,0,0,9,8,E01025344,3,1,0.0,1.0,-1,6,50,1,1,1,09:45,1,2,9
2023401266969,2023,401266969,2,1,1,2,43,7,3,0,0,0,0,0,9,10,E01017375,3,1,0.0,1.0,-1,6,30,1,4,1,17:52,3,2,9
2023631367976,2023,631367976,1,1,1,1,38,7,2,0,0,0,0,0,9,5,E01025517,7,1,1.0,0.0,-1,6,60,1,6,1,14:00,7,1,9
2023991389483,2023,991389483,2,1,1,2,55,8,3,0,0,0,0,0,9,-1,-1,3,1,0.0,1.0,-1,6,30,1,1,1,12:00,3,2,9
2023430025020,2023,430025020,1,1,1,1,-1,-1,3,0,0,0,0,0,19,-1,-1,-1,0,0.01076,0.98924,-1,6,30,1,1,1,15:00,2,2,19
2023010437234,2023,010437234,1,1,1,2,25,5,3,0,0,0,0,0,1,4,E01004234,-1,0,0.0,1.0,-1,6,20,1,1,1,19:00,4,2,1
2023010436000,2023,010436000,1,1,1,1,21,5,3,0,0,0,0,0,3,-1,-1,-1,0,0.0,1.0,-1,6,30,1,7,1,21:21,3,2,3
2023131340960,2023,131340960,2,1,1,2,20,4,2,0,0,0,0,0,9,7,E01011127,7,1,1.0,0.0,-1,3,70,1,1,1,08:26,7,2,9
2023311340860,2023,311340860,1,1,1,2,26,6,3,0,0,0,0,0,9,-1,-1,3,1,0.0,1.0,-1,6,50,1,1,1,16:17,6,2,9
2023010461472,2023,010461472,1,1,3,2,23,5,2,8,3,0,0,0,0,10,E01029507,-1,0,1.0,0.0,-1,6,20,1,4,1,00:13,1,1,9
2023440320611,2023,440320611,1,1,3,1,3,1,3,1,1,0,0,0,0,8,E01022951,-1,0,0.16855,0.83145,-1,6,30,1,1,1,12:15,4,1,19
2023351383687,2023,351383687,2,1,1,1,81,11,3,0,0,0,0,0,9,10,E01018193,3,1,0.0,1.0,-1,6,30,1,1,1,12:41,5,2,9
2023010446033,2023,010446033,2,1,1,1,22,5,3,0,0,0,0,0,1,6,E01002162,-1,0,0.0,1.0,-1,6,30,1,1,1,17:10,3,2,1
2023471299709,2023,471299709,2,1,1,1,51,8,2,0,0,0,0,0,1,7,E01021166,5,1,1.0,0.0,-1,6,50,1,1,1,08:30,7,2,1
2023340NN0902,2023,340NN0902,1,1,1,1,53,8,3,0,0,0,0,0,9,9,E01025778,-1,0,0.07313,0.92687,-1,6,60,1,1,2,07:40,4,2,9
2023411333215,2023,411333215,1,1,1,1,27,6,3,0,0,0,0,0,9,1,E01002092,3,1,0.0,1.0,-1,6,30,1,1,1,16:57,5,2,9
2023010427623,2023,010427623,1,1,1,1,49,8,3,0,0,0,0,0,19,2,E01001482,-1,0,0.0,1.0,-1,6,20,2,1,1,06:30,6,2,19
2023010448503,2023,010448503,1,1,1,1,22,5,3,0,0,0,0,0,19,3,E01001516,-1,0,0.0,1.0,-1,3,50,1,1,1,09:00,2,2,19
2023141393186,2023,141393186,1,2,2,1,-1,-1,2,0,0,1,0,0,9,-1,-1,6,1,1.0,0.0,-1,3,70,1,6,2,21:03,6,1,9
2023471376497,2023,471376497,2,1,1,2,53,8,3,0,0,0,0,0,9,6,E01031520,3,1,0.0,1.0,-1,6,60,1,1,2,11:30,5,2,9
2023991318254,2023,991318254,1,3,2,1,26,6,3,0,0,0,0,0,19,4,-1,3,1,0.0,1.0,-1,6,60,1,1,1,14:30,3,3,19
2023010440459,2023,010440459,1,1,1,1,47,8,2,0,0,0,0,0,4,8,E01033724,-1,0,1.0,0.0,-1,3,50,1,4,1,00:35,2,3,4
2023041319493,2023,041319493,1,1,1,2,78,11,2,0,0,0,0,0,9,4,E01033072,7,1,1.0,0.0,-1,6,30,1,1,1,11:25,6,2,9
2023201393019,2023,201393019,2,1,1,2,41,7,3,0,0,0,0,0,9,-1,-1,3,1,0.0,1.0,-1,1,30,1,1,1,11:00,7,2,9
2023411293992,2023,411293992,3,2,1,2,69,10,3,0,0,0,0,0,9,5,E01023584,3,1,0.0,1.0,-1,6,60,1,1,1,08:56,4,3,9
2023520300610,2023,520300610,2,53,2,1,34,6,3,0,0,0,4,0,11,1,E01012266,-1,0,0.0588,0.9412,-1,6,40,1,6,4,06:00,3,3,11
2023411315511,2023,411315511,1,1,3,1,-1,-1,3,6,9,0,0,0,0,-1,-1,3,1,0.0,1.0,-1,9,20,1,1,1,17:30,2,1,1
2023340WN1432,2023,340WN1432,1,1,1,1,43,7,3,0,0,0,0,0,1,1,E01027140,-1,0,0.05651,0.94349,-1,1,30,1,1,1,15:30,5,2,1
2023451375251,2023,451375251,1,1,1,1,40,7,3,0,0,0,0,0,1,10,E01030969,3,1,0.0,1.0,-1,1,30,1,1,2,14:57,3,2,1
2023010456110,2023,010456110,1,1,1,1,28,6,3,0,0,0,0,0,3,4,E01003573,-1,0,0.0,1.0,-1,6,20,9,1,9,14:00,3,2,3
2023101272543,2023,101272543,1,1,1,1,12,3,2,0,0,0,0,0,1,3,E01008636,7,1,1.0,0.0,-1,1,30,1,4,1,19:30,6,2,1
2023010437445,2023,010437445,2,1,1,1,40,7,3,0,0,0,0,0,4,-1,-1,-1,0,0.0,1.0,-1,6,20,1,1,2,19:01,6,2,4
2023371391648,2023,371391648,2,1,1,1,21,5,2,0,0,0,0,0,1,9,E01033045,7,1,1.0,0.0,-1,6,30,2,4,2,07:10,5,2,1
2023610037423,2023,610037423,2,1,1,1,69,10,3,0,0,0,0,0,1,4,W01001665,-1,0,0.18352,0.81648,-1,1,30,1,1,1,11:05,1,2,1
2023111289663,2023,111289663,1,1,1,1,20,4,2,0,0,0,0,0,2,8,E01027621,7,1,1.0,0.0,-1,6,40,1,4,2,21:05,4,2,2
2023010485936,2023,010485936,2,1,1,1,24,5,2,0,0,0,0,0,3,4,E01003106,-1,0,1.0,0.0,-1,3,20,2,4,2,07:00,2,2,3
2023131307916,2023,131307916,2,1,1,1,26,6,3,0,0,0,0,0,1,1,E01011474,3,1,0.0,1.0,-1,6,30,1,1,1,16:22,2,2,1
2023211337648,2023,211337648,2,1,1,2,34,6,3,0,0,0,0,0,9,7,E01029719,3,1,0.0,1.0,-1,3,40,1,1,1,19:00,4,2,9
2023440500376,2023,440500376,2,2,1,2,59,9,3,0,0,0,0,0,9,8,E01022623,-1,0,0.0453,0.9547,-1,6,30,2,4,2,18:08,5,2,9
2023991295991,2023,991295991,4,3,2,1,29,6,3,0,0,1,0,0,9,5,-1,3,1,0.0,1.0,-1,3,30,1,1,1,13:05,4,4,9
2023131327981,2023,131327981,1,2,2,1,16,4,3,0,0,0,0,0,-1,2,E01011246,3,1,0.0,1.0,-1,6,30,1,1,1,18:45,2,2,-1
2023010422361,2023,010422361,1,1,3,2,59,9,3,5,3,0,0,0,0,10,E01002978,-1,0,0.0,1.0,-1,6,20,8,4,2,16:50,5,1,3
2023041269275,2023,041269275,1,1,3,1,57,9,3,5,1,0,0,0,0,2,E01025292,3,1,0.0,1.0,-1,6,30,2,4,2,19:15,7,1,11
2023231280834,2023,231280834,1,2,3,2,42,7,3,5,3,0,0,0,0,2,E01031097,3,1,0.0,1.0,-1,6,20,1,1,1,10:20,5,1,9
2023546233823,2023,546233823,1,1,1,1,15,3,3,0,0,0,0,0,1,8,E01031918,-1,0,0.10245,0.89755,-1,6,30,1,1,1,15:03,4,2,1
2023010479502,2023,010479502,1,1,1,1,45,7,3,0,0,0,0,0,3,4,E01000171,-1,0,0.0,1.0,-1,6,20,1,1,1,11:10,4,2,3
2023010461627,2023,010461627,1,1,1,1,40,7,3,0,0,0,0,0,8,4,E01001595,-1,0,0.0,1.0,-1,6,30,1,4,1,04:40,2,2,8
2023010445843,2023,010445843,2,1,1,1,80,11,3,0,0,0,0,0,9,3,E01002527,-1,0,0.0,1.0,-1,6,30,1,1,1,16:45,2,2,9
2023451312468,2023,451312468,1,1,1,1,29,6,2,0,0,0,0,0,9,2,E01032580,5,1,1.0,0.0,-1,3,70,1,4,1,00:55,1,1,9
2023991268393,2023,991268393,1,2,1,2,66,10,3,0,0,0,0,0,9,3,-1,3,1,0.0,1.0,-1,6,30,1,1,1,10:45,5,2,9
2023010438549,2023,010438549,1,1,3,1,85,11,3,4,3,0,0,0,0,8,E01002914,-1,0,0.0,1.0,-1,6,20,2,1,2,09:34,6,1,20
2023010448776,2023,010448776,1,1,1,1,41,7,3,0,0,0,0,0,1,2,E01001152,-1,0,0.0,1.0,-1,6,30,1,1,1,19:24,2,2,1
2023010453948,2023,010453948,1,1,1,2,25,5,3,0,0,0,0,0,2,2,E01003120,-1,0,0.0,1.0,-1,6,30,1,1,1,12:16,7,1,2
2023122300982,2023,122300982,1,1,1,1,20,4,3,0,0,0,0,0,9,7,-1,-1,0,0.02058,0.97942,-1,3,70,1,1,1,07:00,7,2,9
2023471393598,2023,471393598,1,1,1,1,18,4,2,0,0,0,0,0,9,8,E01021086,7,1,1.0,0.0,-1,6,60,2,6,2,19:05,1,1,9
2023361316994,2023,361316994,1,1,1,1,27,6,3,0,0,0,0,0,19,5,E01026591,3,1,0.0,1.0,-1,6,60,1,1,1,10:12,6,2,19
2023440426428,2023,440426428,1,1,1,2,30,6,3,0,0,0,0,0,1,9,E01022475,-1,0,0.14436,0.85564,-1,6,30,1,1,1,09:01,4,2,1
2023461375090,2023,461375090,1,1,1,1,71,10,3,0,0,0,0,0,9,10,E01016054,3,1,0.0,1.0,-1,9,70,4,1,2,15:43,2,2,9
2023991290668,2023,991290668,1,3,2,2,6,2,2,0,0,1,0,0,9,3,-1,7,1,1.0,0.0,-1,6,60,6,1,2,12:46,1,1,9
2023010444813,2023,010444813,1,1,1,1,21,5,3,0,0,0,0,0,3,2,E01000126,-1,0,0.0,1.0,-1,9,20,1,1,1,16:40,3,2,3
2023010455494,2023,010455494,1,1,1,2,36,7,3,0,0,0,0,0,9,3,E01000062,-1,0,0.0,1.0,-1,2,30,1,1,1,13:25,1,2,9
2023231297783,2023,231297783,1,1,1,2,29,6,1,0,0,0,0,0,9,5,E01009072,1,1,0.0,0.0,-1,3,70,1,1,1,07:36,3,5,9
2023501370876,2023,501370876,4,1,2,1,14,3,3,0,0,1,0,0,9,7,E01018816,3,1,0.0,1.0,-1,6,60,2,1,2,12:12,1,7,9
2023522300118,2023,522300118,1,2,2,2,47,8,3,0,0,1,0,0,9,1,E01014655,-1,0,0.00946,0.99054,-1,6,20,1,4,1,18:40,6,2,9
2023070699736,2023,070699736,1,1,1,1,33,6,3,0,0,0,0,0,9,7,E01006884,-1,0,0.04977,0.95023,-1,3,70,1,1,1,17:14,3,2,9
2023201347210,2023,201347210,2,1,2,2,-1,-1,3,0,0,1,0,0,9,-1,-1,3,1,0.0,1.0,-1,6,30,1,1,1,19:50,4,2,9
2023451323814,2023,451323814,1,2,2,2,58,9,2,0,0,1,0,0,9,3,E01000511,5,1,1.0,0.0,-1,1,40,2,4,2,03:00,5,1,9
2023461321107,2023,461321107,2,3,2,2,23,5,3,0,0,2,0,0,9,7,E01024129,3,1,0.0,1.0,-1,6,30,1,1,1,17:20,6,2,9
2023201276994,2023,201276994,2,1,1,2,28,6,3,0,0,0,0,0,9,4,E01010330,3,1,0.0,1.0,-1,6,30,1,4,1,20:10,4,2,9
2023010476232,2023,010476232,1,1,1,1,19,4,2,0,0,0,0,0,1,9,E01002953,-1,0,1.0,0.0,-1,6,20,1,1,1,11:30,2,2,1
2023430252868,2023,430252868,2,1,1,2,25,5,3,0,0,0,0,0,1,6,E01028700,-1,0,0.10309,0.89691,-1,6,30,1,1,1,09:15,6,2,1
2023101369217,2023,101369217,2,1,1,2,55,8,3,0,0,0,0,0,9,3,E01008576,3,1,0.0,1.0,-1,6,30,1,1,1,10:30,2,2,9
2023461360108,2023,461360108,2,1,1,2,53,8,2,0,0,0,0,0,9,2,E01024627,7,1,1.0,0.0,-1,3,70,1,1,1,13:12,6,2,9
2023010445044,2023,010445044,1,1,1,1,42,7,3,0,0,0,0,0,3,3,E01000506,-1,0,0.0,1.0,-1,6,20,9,1,9,11:55,4,2,3
2023161278987,2023,161278987,2,1,1,1,42,7,3,0,0,0,0,0,19,6,E01007560,3,1,0.0,1.0,-1,6,30,1,1,1,14:30,1,2,19
2023010468159,2023,010468159,1,1,1,1,53,8,3,0,0,0,0,0,19,-1,-1,-1,0,0.0,1.0,-1,3,40,1,1,1,06:35,2,2,19
2023552300385,2023,552300385,1,1,3,2,87,11,2,9,9,0,0,0,0,9,E01015405,-1,0,1.0,0.0,-1,6,30,1,1,1,10:54,2,2,9
2023501318250,2023,501318250,2,1,1,1,37,7,2,0,0,0,0,0,5,4,E01019054,5,1,1.0,0.0,-1,6,60,1,1,1,15:10,3,2,5
2023010486006,2023,010486006,1,1,1,1,43,7,3,0,0,0,0,0,8,6,E01000414,-1,0,0.0,1.0,-1,3,30,9,4,1,01:15,3,2,8
2023340NN0962,2023,340NN0962,1,1,1,1,54,8,3,0,0,0,0,0,8,4,E01027313,-1,0,0.04962,0.95038,-1,6,30,1,1,2,07:45,5,2,8
2023430496153,2023,430496153,1,1,1,1,31,6,3,0,0,0,0,0,9,6,E01028757,-1,0,0.05618,0.94382,-1,3,70,2,1,2,07:05,7,1,9
2023010469958,2023,010469958,1,1,3,2,15,3,2,5,9,0,0,0,0,10,E01017884,-1,0,1.0,0.0,-1,6,30,9,1,1,13:20,3,1,1
2023351313276,2023,351313276,1,1,3,1,4,1,3,1,1,0,0,0,0,4,E01015618,3,1,0.0,1.0,-1,6,30,1,1,-1,19:15,5,1,9
2023340NN4692,2023,340NN4692,1,1,1,1,15,3,3,0,0,0,0,0,1,10,E01027046,-1,0,0.14112,0.85888,-1,6,30,2,6,2,16:30,1,2,1
2023010432520,2023,010432520,1,1,1,1,25,5,3,0,0,0,0,0,3,3,E01000499,-1,0,0.0,1.0,-1,1,20,8,1,1,15:30,4,1,3
2023501308381,2023,501308381,2,1,1,1,51,8,2,0,0,0,0,0,5,7,E01020258,7,1,1.0,0.0,-1,6,60,1,1,1,11:25,4,2,5
2023440456350,2023,440456350,1,1,1,1,22,5,3,0,0,0,0,0,9,9,E01015323,-1,0,0.10449,0.89551,-1,3,70,2,1,2,07:49,4,1,9
2023010484285,2023,010484285,2,3,2,1,29,6,3,0,0,1,0,0,9,-1,-1,-1,0,0.0,1.0,-1,6,30,1,4,1,22:30,6,3,9
2023161322992,2023,161322992,2,2,1,2,51,8,3,0,0,0,0,0,9,7,E01013295,3,1,0.0,1.0,-1,6,30,1,1,1,17:50,2,2,9
2023161380529,2023,161380529,1,1,2,2,81,11,3,0,0,1,0,0,9,5,E01026403,3,1,0.0,1.0,-1,6,30,1,1,2,11:10,4,2,9
2023552400184,2023,552400184,1,1,1,1,40,7,1,0,0,0,0,0,9,7,E01032641,-1,0,0.0,0.0,-1,6,30,2,6,2,19:10,3,1,9
2023041306194,2023,041306194,2,1,2,2,17,4,3,0,0,0,4,0,11,6,E01025315,3,1,0.0,1.0,-1,6,30,1,1,2,14:30,5,2,11
2023320737537,2023,320737537,2,1,1,2,33,6,3,0,0,0,0,0,9,9,E01026234,-1,0,0.00681,0.99319,-1,6,30,8,1,4,08:49,4,2,9
2023461325868,2023,461325868,1,5,2,2,52,8,3,0,0,1,0,0,9,6,E01023988,3,1,0.0,1.0,-1,6,50,1,1,1,07:10,6,3,9
2023010428504,2023,010428504,1,1,1,2,30,6,3,0,0,0,0,0,3,6,E01003152,-1,0,0.0,1.0,-1,6,20,1,1,1,10:15,3,2,3
2023221332654,2023,221332654,1,1,1,2,25,5,2,0,0,0,0,0,3,6,E01009520,7,1,1.0,0.0,-1,6,40,1,1,2,18:25,5,1,3
2023440461905,2023,440461905,2,1,1,1,22,5,2,0,0,0,0,0,2,2,E01017133,-1,0,1.0,0.0,-1,6,20,1,4,2,18:36,7,2,2
2023010419786,2023,010419786,1,1,1,1,51,8,3,0,0,0,0,0,19,8,E01002150,-1,0,0.0,1.0,-1,6,20,1,4,1,20:30,4,2,19
2023061364429,2023,061364429,1,1,3,1,11,3,2,5,1,0,0,0,0,1,E01006027,7,1,1.0,0.0,-1,6,30,1,4,1,19:13,4,2,9
2023552301031,2023,552301031,1,1,3,1,13,3,3,6,9,0,0,0,0,10,E01020377,-1,0,0.05388,0.94612,-1,6,30,1,1,1,14:10,6,1,9
2023010425979,2023,010425979,1,1,1,1,43,7,3,0,0,0,0,0,3,3,E01001489,-1,0,0.0,1.0,-1,6,30,1,4,1,00:11,4,3,3
2023070135359,2023,070135359,2,1,1,1,23,5,3,0,0,0,0,0,3,1,E01012526,-1,0,0.12844,0.87156,-1,6,30,1,4,1,18:26,4,2,3
2023061368038,2023,061368038,2,2,2,1,25,5,3,0,0,2,0,0,9,7,E01004781,3,1,0.0,1.0,-1,3,30,2,4,2,03:50,7,2,9
2023201404653,2023,201404653,2,2,2,1,48,8,3,0,0,1,0,0,9,1,E01009400,3,1,0.0,1.0,-1,6,20,8,4,2,16:17,6,2,9
2023320315620,2023,320315620,2,1,1,1,39,7,3,0,0,0,0,0,9,6,E01013169,-1,0,0.07018,0.92982,-1,6,60,1,1,1,08:30,4,2,9
2023547321023,2023,547321023,1,2,2,1,32,6,3,0,0,1,0,0,9,2,E01032023,-1,0,0.09161,0.90839,-1,1,50,1,4,1,01:11,5,1,9
2023552301121,2023,552301121,2,1,1,2,46,8,3,0,0,0,0,0,9,6,E01015318,-1,0,0.03012,0.96988,-1,6,30,1,1,1,09:31,5,2,9
2023552300822,2023,552300822,1,1,3,2,28,6,3,9,5,0,0,0,0,8,E01020514,-1,0,0.13801,0.86199,-1,6,30,4,1,1,15:10,1,2,9
2023070842485,2023,070842485,2,1,1,1,47,8,2,0,0,0,0,0,1,4,E01012478,-1,0,1.0,0.0,-1,1,30,1,1,1,05:57,3,2,1
2023451362141,2023,451362141,2,1,1,1,33,6,3,0,0,0,0,0,19,4,E01024429,3,1,0.0,1.0,-1,6,40,2,1,2,08:20,5,2,19
2023010455903,2023,010455903,1,1,1,2,32,6,3,0,0,0,0,0,3,5,E01004374,-1,0,0.0,1.0,-1,9,20,1,1,1,12:47,3,2,3
2023010467128,2023,010467128,1,1,1,1,23,5,3,0,0,0,0,0,3,4,E01000676,-1,0,0.0,1.0,-1,6,20,2,1,2,12:20,3,2,3
2023010468129,2023,010468129,1,1,1,1,31,6,3,0,0,0,0,0,3,1,E01002095,-1,0,0.0,1.0,-1,9,20,1,1,2,19:00,5,2,3
2023501337623,2023,501337623,2,1,1,1,33,6,3,0,0,0,0,0,3,5,E01019065,3,1,0.0,1.0,-1,6,60,1,1,1,16:40,4,2,3
2023010424428,2023,010424428,2,1,1,1,35,6,3,0,0,0,0,0,3,5,E01002635,-1,0,0.0,1.0,-1,6,20,1,1,1,16:53,2,2,3
2023520000794,2023,520000794,2,1,1,1,11,3,3,0,0,0,0,0,1,4,E01014469,-1,0,0.09667,0.90333,-1,6,30,1,1,1,12:37,3,2,1
2023010449449,2023,010449449,1,1,1,1,18,4,3,0,0,0,0,0,3,1,E01000953,-1,0,0.0,1.0,-1,6,20,9,4,9,17:35,6,2,3
2023231377378,2023,231377378,1,1,1,1,18,4,3,0,0,0,0,0,9,10,E01031250,3,1,0.0,1.0,-1,1,50,2,4,2,21:18,6,1,9
2023991360101,2023,991360101,1,1,1,1,53,8,1,0,0,0,0,0,9,8,-1,1,1,0.0,0.0,-1,6,60,1,1,2,08:28,5,1,9
2023061312830,2023,061312830,2,1,1,1,30,6,3,0,0,0,0,0,1,3,E01005686,3,1,0.0,1.0,-1,6,30,1,1,1,16:45,4,2,1
2023501325549,2023,501325549,2,1,1,1,59,9,3,0,0,0,0,0,5,4,E01020321,3,1,0.0,1.0,-1,6,30,1,1,1,11:52,7,2,5
2023010457952,2023,010457952,1,2,2,-1,-1,-1,3,0,0,1,0,0,9,2,E01001792,-1,0,0.0,1.0,-1,9,20,2,4,2,03:00,7,1,9
2023010484740,2023,010484740,2,2,2,2,-1,-1,3,0,0,2,0,0,9,1,E01003517,-1,0,0.0,1.0,-1,6,30,1,4,1,23:13,7,3,9
2023010485050,2023,010485050,1,1,1,1,25,5,3,0,0,0,0,0,9,4,E01003715,-1,0,0.0,1.0,-1,3,50,2,1,2,12:00,3,2,9
2023440168276,2023,440168276,2,2,1,1,63,9,3,0,0,0,0,0,9,5,E01020389,-1,0,0.04047,0.95953,-1,3,50,1,1,1,16:30,7,2,9
2023501329782,2023,501329782,1,3,2,2,68,10,3,0,0,1,0,0,9,4,W01001270,3,1,0.0,1.0,-1,6,60,1,1,2,14:30,6,2,9