collision_index,collision_year,collision_ref_no,vehicle_reference,casualty_reference,casualty_class,sex_of_casualty,age_of_casualty,age_band_of_casualty,casualty_severity,pedestrian_location,pedestrian_movement,car_passenger,bus_or_coach_passenger,pedestrian_road_maintenance_worker,casualty_type,casualty_imd_decile,lsoa_of_casualty,enhanced_casualty_severity,casualty_injury_based,casualty_adjusted_severity_serious,casualty_adjusted_severity_slight,casualty_distance_banding,road_type,speed_limit,weather_conditions,light_conditions,road_surface_conditions,time,day_of_week,number_of_vehicles,vehicle_type
2023122400061,2023,122400061,2,1,1,2,21,5,3,0,0,0,0,0,3,10,E01013357,-1,0,0.05209,0.94791,-1,6,30,1,1,1,17:40,6,2,3
2023010476458,2023,010476458,1,1,1,1,51,8,3,0,0,0,0,0,9,3,E01001764,-1,0,0.0,1.0,-1,6,20,9,4,1,16:55,2,2,9
2023101351249,2023,101351249,1,1,3,2,74,10,3,5,1,0,0,0,0,2,E01008478,3,1,0.0,1.0,-1,6,30,1,1,2,14:45,7,1,9
2023451361959,2023,451361959,1,1,3,1,11,3,3,6,9,0,0,2,0,-1,-1,3,1,0.0,1.0,-1,6,20,1,1,2,08:30,4,1,11
2023311392958,2023,311392958,2,1,1,2,53,8,3,0,0,0,0,0,9,6,E01028188,3,1,0.0,1.0,-1,3,40,1,1,2,08:50,6,2,9
2023311312027,2023,311312027,1,1,2,1,1,1,3,0,0,0,4,0,11,3,E01013983,3,1,0.0,1.0,-1,6,30,1,1,1,16:55,5,1,11
2023221269652,2023,221269652,2,3,2,1,56,9,3,0,0,0,0,0,19,3,E01010434,3,1,0.0,1.0,-1,6,40,1,1,2,08:40,2,2,19
2023351338040,2023,351338040,1,1,1,1,19,4,3,0,0,0,0,0,9,4,E01018184,3,1,0.0,1.0,-1,6,30,1,4,1,01:30,7,3,9
2023430291227,2023,430291227,1,1,1,2,21,5,3,0,0,0,0,0,9,2,E01002848,-1,0,0.06532,0.93468,-1,6,40,1,6,1,22:54,7,2,9
2023451320428,2023,451320428,1,1,2,2,58,9,3,0,0,2,0,0,9,1,E01016964,3,1,0.0,1.0,-1,3,70,1,1,1,15:37,2,2,9
2023501310965,2023,501310965,1,1,1,1,25,5,3,0,0,0,0,0,9,9,E01015141,3,1,0.0,1.0,-1,6,30,1,1,1,17:04,2,2,9
2023520400321,2023,520400321,1,3,2,2,28,6,3,0,0,1,0,0,9,2,E01024664,-1,0,0.07466,0.92534,-1,3,60,1,1,1,16:25,5,1,9
202354B149223,2023,54B149223,5,2,2,2,61,9,1,0,0,1,0,0,9,1,W01001400,-1,0,0.0,0.0,-1,3,70,2,1,2,09:10,6,5,9
2023991365208,2023,991365208,1,1,2,2,41,7,3,0,0,1,0,0,9,2,-1,3,1,0.0,1.0,-1,1,30,5,1,2,15:55,6,2,9
2023010474696,2023,010474696,2,1,1,1,28,6,3,0,0,0,0,0,1,-1,-1,-1,0,0.0,1.0,-1,6,20,1,1,2,12:28,1,2,1
2023471259631,2023,471259631,2,1,1,1,36,7,2,0,0,0,0,0,1,9,E01031353,5,1,1.0,0.0,-1,6,30,9,1,2,16:51,3,2,1
2023122301331,2023,122301331,1,3,2,2,17,4,3,0,0,2,0,0,9,9,E01027844,-1,0,0.12977,0.87023,-1,6,60,1,6,1,20:33,2,1,9
2023201291564,2023,201291564,2,2,2,2,13,3,3,0,0,2,0,0,9,4,E01010072,3,1,0.0,1.0,-1,6,30,3,1,3,09:54,5,3,9
2023320573069,2023,320573069,1,1,1,1,24,5,3,0,0,0,0,0,9,2,E01026030,-1,0,0.08938,0.91062,-1,6,50,1,1,1,16:30,5,2,9
2023411344320,2023,411344320,2,2,2,2,51,8,3,0,0,2,0,0,9,-1,-1,3,1,0.0,1.0,-1,9,20,1,1,1,18:00,7,2,9
2023451361612,2023,451361612,1,1,1,1,48,8,3,0,0,0,0,0,9,4,E01030619,3,1,0.0,1.0,-1,3,70,1,1,1,08:45,2,2,9
2023501279874,2023,501279874,1,2,2,2,16,4,3,0,0,1,0,0,9,9,E01031330,3,1,0.0,1.0,-1,6,30,1,1,2,17:09,5,1,9
2023552300542,2023,552300542,1,2,2,1,17,4,3,0,0,1,0,0,9,7,E01032641,-1,0,0.11401,0.88599,-1,6,60,1,6,1,23:30,7,1,9
2023622300844,2023,622300844,1,2,2,1,17,4,3,0,0,2,0,0,9,3,W01001181,-1,0,0.0298,0.9702,-1,6,30,8,1,1,12:59,4,1,9
2023141308520,2023,141308520,1,1,3,2,73,10,2,5,9,0,0,0,0,9,E01007428,7,1,1.0,0.0,-1,6,30,1,1,1,08:50,3,1,9
2023010469184,2023,010469184,1,1,1,1,29,6,3,0,0,0,0,0,1,4,E01003573,-1,0,0.0,1.0,-1,3,20,1,1,1,06:15,7,2,1
2023131279515,2023,131279515,2,3,2,1,12,3,3,0,0,2,0,0,9,4,E01010669,3,1,0.0,1.0,-1,6,30,1,4,1,22:00,4,2,9
2023031318827,2023,031318827,2,1,1,1,43,7,3,0,0,0,0,0,19,-1,-1,3,1,0.0,1.0,-1,6,30,1,1,1,06:54,5,2,19
2023991316605,2023,991316605,2,1,1,1,61,9,3,0,0,0,0,0,9,3,-1,3,1,0.0,1.0,-1,3,30,1,4,1,22:00,5,2,9
2023061350832,2023,061350832,1,1,1,1,35,6,2,0,0,0,0,0,3,3,E01006106,7,1,1.0,0.0,-1,6,20,1,1,1,13:34,7,2,3
2023010422796,2023,010422796,1,1,1,1,39,7,3,0,0,0,0,0,9,5,E01001248,-1,0,0.0,1.0,-1,2,20,1,4,1,22:00,7,1,9
2023010427158,2023,010427158,2,2,2,1,60,9,3,0,0,1,0,0,9,4,E01033424,-1,0,0.0,1.0,-1,6,30,1,1,1,16:26,3,2,9
2023010428984,2023,010428984,2,3,1,1,37,7,3,0,0,0,0,0,9,1,E01000061,-1,0,0.0,1.0,-1,1,30,2,4,2,19:45,6,2,9
2023010452595,2023,010452595,2,2,1,1,41,7,3,0,0,0,0,0,9,3,E01002527,-1,0,0.0,1.0,-1,3,70,1,1,1,13:11,7,5,9
2023141357190,2023,141357190,1,1,1,1,68,10,3,0,0,0,0,0,19,5,E01033260,3,1,0.0,1.0,-1,6,30,1,1,1,17:55,3,2,19
2023522324067,2023,522324067,1,1,3,2,22,5,3,5,3,0,0,0,0,1,E01033366,-1,0,0.03624,0.96376,-1,6,20,9,4,1,01:10,1,1,9
2023070939244,2023,070939244,2,1,1,1,61,9,2,0,0,0,0,0,1,4,E01012523,-1,0,1.0,0.0,-1,6,30,1,4,1,21:00,4,2,1
2023302300478,2023,302300478,2,1,1,1,58,9,2,0,0,0,0,0,1,-1,-1,-1,0,1.0,0.0,-1,6,30,1,1,1,07:30,5,2,1
2023101370839,2023,101370839,2,3,2,1,16,4,3,0,0,2,0,0,9,1,E01008170,3,1,0.0,1.0,-1,6,20,1,1,1,13:50,4,2,9
2023421380199,2023,421380199,1,1,1,1,21,5,3,0,0,0,0,0,9,3,E01000052,3,1,0.0,1.0,-1,3,70,1,1,2,05:50,4,1,9
2023332300633,2023,332300633,1,1,1,1,28,6,3,0,0,0,0,0,9,1,E01013730,-1,0,0.00785,0.99215,-1,3,70,1,1,1,18:20,2,2,9
2023440517841,2023,440517841,2,1,1,2,31,6,3,0,0,0,0,0,9,8,E01022651,-1,0,0.02513,0.97487,-1,1,30,1,4,1,19:29,3,2,9
2023461347834,2023,461347834,2,1,1,1,28,6,3,0,0,0,0,0,9,3,E01024534,3,1,0.0,1.0,-1,6,40,1,1,1,17:09,1,4,9
2023430387816,2023,430387816,2,2,2,1,19,4,3,0,0,1,0,0,9,-1,-1,-1,0,0.01121,0.98879,-1,6,40,8,4,2,22:03,3,2,9
202354B638023,2023,54B638023,1,1,1,2,17,4,3,0,0,0,0,0,9,9,E01031880,-1,0,0.05175,0.94825,-1,6,60,4,1,2,07:08,6,3,9
2023010448634,2023,010448634,2,1,1,1,56,9,3,0,0,0,0,0,3,5,E01003292,-1,0,0.0,1.0,-1,6,30,1,1,1,14:30,2,2,3
2023170S21023,2023,170S21023,1,1,1,2,17,4,3,0,0,0,0,0,9,-1,-1,-1,0,0.01268,0.98732,-1,6,30,1,1,1,16:10,5,2,9
2023430158674,2023,430158674,1,1,1,2,50,8,1,0,0,0,0,0,9,6,E01017808,-1,0,0.0,0.0,-1,6,40,1,1,2,08:14,4,1,9
2023010457339,2023,010457339,1,1,1,1,39,7,3,0,0,0,0,0,3,5,E01003134,-1,0,0.0,1.0,-1,9,30,9,1,9,15:30,3,2,3
2023440376169,2023,440376169,1,1,1,1,29,6,1,0,0,0,0,0,4,8,E01022798,-1,0,0.0,0.0,-1,3,70,1,4,1,00:35,6,1,4
2023161325818,2023,161325818,1,1,1,1,56,9,3,0,0,0,0,0,19,10,E01012973,3,1,0.0,1.0,-1,6,30,1,1,1,18:00,2,2,19
2023070497851,2023,070497851,2,1,1,2,62,9,2,0,0,0,0,0,9,4,E01005116,-1,0,1.0,0.0,-1,6,60,1,1,1,13:30,6,2,9
2023131381089,2023,131381089,2,2,2,2,23,5,2,0,0,0,0,0,9,7,E01011393,7,1,1.0,0.0,-1,6,30,1,4,2,22:20,4,4,9
2023520000750,2023,520000750,1,1,1,1,50,8,3,0,0,0,0,0,9,1,E01033358,-1,0,0.05472,0.94528,-1,6,20,2,4,2,23:39,5,2,9
2023541868323,2023,541868323,1,1,3,1,41,7,1,5,3,0,0,0,0,-1,-1,-1,0,0.0,0.0,-1,3,70,1,6,2,00:46,2,1,19
2023010443567,2023,010443567,1,1,1,1,13,3,2,0,0,0,0,0,1,3,E01000929,-1,0,1.0,0.0,-1,7,20,1,1,1,20:15,4,2,1
2023461392931,2023,461392931,1,1,1,1,19,4,2,0,0,0,0,0,9,6,E01016142,7,1,1.0,0.0,-1,6,30,1,1,2,10:47,4,2,9
2023501301762,2023,501301762,2,2,1,2,17,4,1,0,0,0,0,0,9,4,E01020328,1,1,0.0,0.0,-1,6,60,2,1,2,15:41,5,2,9
2023041268495,2023,041268495,2,7,2,2,73,10,3,0,0,0,4,0,11,1,E01025260,3,1,0.0,1.0,-1,6,30,1,1,1,11:20,5,2,11
2023041283365,2023,041283365,3,3,1,1,36,7,3,0,0,0,0,0,9,5,E01012664,3,1,0.0,1.0,-1,6,30,1,1,1,17:10,7,6,9
2023501277419,2023,501277419,2,1,1,1,24,5,3,0,0,0,0,0,9,8,E01029220,3,1,0.0,1.0,-1,6,60,1,1,2,13:40,1,3,9
2023010451261,2023,010451261,1,1,1,2,50,8,3,0,0,0,0,0,9,4,E01001518,-1,0,0.0,1.0,-1,6,20,1,4,1,23:30,7,2,9
2023010462590,2023,010462590,1,1,2,2,-1,-1,3,0,0,9,0,0,9,6,E01003843,-1,0,0.0,1.0,-1,6,20,1,1,1,10:28,5,1,9
2023101311782,2023,101311782,1,1,1,1,60,9,3,0,0,0,0,0,1,10,E01008497,3,1,0.0,1.0,-1,6,20,1,1,1,16:30,3,2,1
2023211373323,2023,211373323,1,1,3,1,43,7,3,1,1,0,0,2,0,6,E01029821,3,1,0.0,1.0,-1,6,30,2,4,2,18:30,2,1,9
2023122301325,2023,122301325,2,2,1,1,32,6,2,0,0,0,0,0,5,4,E01027866,-1,0,1.0,0.0,-1,6,60,1,1,1,15:47,4,2,5
2023010454296,2023,010454296,1,2,2,-1,-1,-1,3,0,0,1,0,0,9,1,E01002038,-1,0,0.0,1.0,-1,3,30,1,1,1,13:13,2,3,9
2023010466189,2023,010466189,1,1,1,2,53,8,3,0,0,0,0,0,9,5,E01002666,-1,0,0.0,1.0,-1,6,20,1,1,1,07:20,6,2,9
2023440491001,2023,440491001,1,1,1,2,35,6,3,0,0,0,0,0,9,2,E01017363,-1,0,0.07097,0.92903,-1,6,30,1,1,4,08:58,6,1,9
2023451285930,2023,451285930,2,3,2,2,39,7,3,0,0,1,0,0,9,6,E01000887,3,1,0.0,1.0,-1,3,70,2,6,2,21:00,1,2,9
2023010472248,2023,010472248,1,1,2,2,62,9,3,0,0,0,4,0,11,-1,-1,-1,0,0.0,1.0,-1,6,20,1,1,1,12:10,2,1,11
2023440493956,2023,440493956,2,4,2,1,62,9,3,0,0,0,0,0,19,10,E01017883,-1,0,0.05303,0.94697,-1,6,60,1,1,2,15:14,1,3,19
2023201372497,2023,201372497,1,1,1,1,-1,-1,3,0,0,0,0,0,97,-1,-1,3,1,0.0,1.0,-1,6,30,1,1,2,10:23,4,2,97
2023411369353,2023,411369353,2,3,2,2,34,6,3,0,0,1,0,0,9,6,E01023786,3,1,0.0,1.0,-1,3,70,1,1,2,09:40,6,3,9
2023332300322,2023,332300322,1,1,1,1,43,7,1,0,0,0,0,0,5,6,E01026330,-1,0,0.0,0.0,-1,6,30,1,7,1,05:30,1,1,5
2023131342272,2023,131342272,1,1,1,1,25,5,3,0,0,0,0,0,19,3,E01011234,3,1,0.0,1.0,-1,6,30,1,4,1,21:35,3,1,19
2023221378005,2023,221378005,2,1,1,2,57,9,3,0,0,0,0,0,1,4,E01014073,3,1,0.0,1.0,-1,6,30,1,1,2,07:10,2,2,1
2023332300892,2023,332300892,2,2,2,1,12,3,3,0,0,0,0,0,1,8,E01025679,-1,0,0.05765,0.94235,-1,6,30,1,1,1,15:30,2,2,1
2023010431579,2023,010431579,2,1,1,1,21,5,3,0,0,0,0,0,3,6,E01003152,-1,0,0.0,1.0,-1,2,20,1,1,1,11:33,7,2,3
2023010425275,2023,010425275,2,2,1,1,41,7,3,0,0,0,0,0,9,7,E01002269,-1,0,0.0,1.0,-1,3,40,1,1,3,08:35,7,3,9
2023221377552,2023,221377552,1,1,1,2,53,8,3,0,0,0,0,0,9,10,E01032137,3,1,0.0,1.0,-1,1,60,1,4,1,16:41,6,2,9
2023231274192,2023,231274192,1,1,1,2,72,10,3,0,0,0,0,0,9,10,E01029477,3,1,0.0,1.0,-1,6,30,1,1,1,11:38,7,3,9
2023451384197,2023,451384197,1,2,2,1,36,7,3,0,0,1,0,0,9,5,E01030834,3,1,0.0,1.0,-1,6,40,1,6,4,02:12,6,1,9
2023471327389,2023,471327389,2,2,2,1,26,6,3,0,0,0,0,0,19,8,E01017002,3,1,0.0,1.0,-1,6,60,1,6,1,01:44,1,2,19
2023302301060,2023,302301060,1,1,1,1,26,6,1,0,0,0,0,0,9,1,E01007542,-1,0,0.0,0.0,-1,6,60,1,1,1,13:42,7,2,9
2023501337104,2023,501337104,1,1,3,1,70,10,3,4,1,0,0,0,0,2,E01015073,3,1,0.0,1.0,-1,6,30,2,1,2,19:30,7,1,9
2023010461182,2023,010461182,3,2,1,1,51,8,2,0,0,0,0,0,4,3,E01000392,-1,0,1.0,0.0,-1,6,30,1,1,1,12:20,6,3,4
2023552300161,2023,552300161,2,1,2,1,84,11,2,0,0,1,0,0,9,5,E01029230,-1,0,1.0,0.0,-1,6,60,1,1,1,14:43,2,2,9
2023991349598,2023,991349598,1,1,2,2,76,11,3,0,0,0,4,0,11,9,-1,3,1,0.0,1.0,-1,3,20,9,1,1,18:00,1,1,11
2023211384870,2023,211384870,1,1,3,2,39,7,2,1,1,0,0,0,0,1,E01014229,6,1,1.0,0.0,-1,6,30,8,4,2,18:40,5,1,9
2023122300956,2023,122300956,1,3,2,1,17,4,3,0,0,2,0,0,9,6,E01027778,-1,0,0.11613,0.88387,-1,6,60,2,6,2,22:30,6,1,9
2023010467238,2023,010467238,1,2,2,1,7,2,3,0,0,2,0,0,9,2,E01001700,-1,0,0.0,1.0,-1,6,20,2,4,2,19:24,4,2,9
2023161346201,2023,161346201,1,2,1,1,28,6,3,0,0,0,0,0,9,8,E01013127,3,1,0.0,1.0,-1,6,40,1,1,1,08:10,7,2,9
2023101340961,2023,101340961,2,2,2,2,7,2,3,0,0,1,0,0,9,4,E01027421,3,1,0.0,1.0,-1,1,30,1,1,1,14:30,4,2,9
2023231342567,2023,231342567,2,1,2,1,20,4,2,0,0,1,0,0,9,2,E01009565,7,1,1.0,0.0,-1,6,60,1,6,1,21:08,6,2,9
2023361297192,2023,361297192,1,1,1,1,33,6,2,0,0,0,0,0,9,6,E01026764,7,1,1.0,0.0,-1,6,40,1,1,1,19:02,1,2,9
202360A194726,2023,60A194726,2,2,1,2,31,6,3,0,0,0,0,0,9,-1,-1,-1,0,0.07712,0.92288,-1,1,70,1,4,2,16:15,2,3,9
2023440456727,2023,440456727,2,1,1,1,43,7,3,0,0,0,0,0,19,7,E01022823,-1,0,0.03464,0.96536,-1,3,70,2,1,2,11:48,4,2,19
2023041308501,2023,041308501,1,1,3,1,54,8,3,9,8,0,0,0,0,2,E01025157,3,1,0.0,1.0,-1,6,30,1,1,1,14:00,4,1,98
2023440121882,2023,440121882,2,1,1,1,40,7,3,0,0,0,0,0,1,1,E01017038,-1,0,0.16859,0.83141,-1,6,30,1,1,1,17:35,2,2,1
2023010423439,2023,010423439,1,1,2,1,-1,-1,3,0,0,9,0,0,8,3,E01000335,-1,0,0.0,1.0,-1,6,30,2,4,2,23:53,6,1,8
2023430006321,2023,430006321,3,2,1,2,49,8,3,0,0,0,0,0,9,-1,-1,-1,0,0.0147,0.9853,-1,3,40,1,1,1,14:45,5,4,9
2023010429447,2023,010429447,2,2,1,2,21,5,3,0,0,0,0,0,9,4,E01001674,-1,0,0.0,1.0,-1,6,20,1,1,1,09:49,2,2,9
2023041459869,2023,041459869,3,2,1,2,45,7,3,0,0,0,0,0,9,4,E01012731,3,1,0.0,1.0,-1,6,30,8,1,1,18:51,2,3,9
2023201335850,2023,201335850,1,1,1,1,33,6,3,0,0,0,0,0,9,1,E01009585,3,1,0.0,1.0,-1,6,40,1,1,1,15:10,3,2,9
2023440493404,2023,440493404,1,1,1,1,23,5,3,0,0,0,0,0,9,4,E01017297,-1,0,0.1356,0.8644,-1,6,40,2,6,2,02:30,1,1,9
2023461283507,2023,461283507,1,1,1,1,21,5,3,0,0,0,0,0,9,8,E01024542,3,1,0.0,1.0,-1,6,30,1,1,1,08:16,2,2,9
2023520301139,2023,520301139,2,2,1,1,20,4,3,0,0,0,0,0,9,-1,-1,-1,0,0.03311,0.96689,-1,6,60,1,1,1,08:33,6,2,9
2023010443227,2023,010443227,1,1,1,2,42,7,3,0,0,0,0,0,1,7,E01003408,-1,0,0.0,1.0,-1,9,30,9,1,9,21:00,2,2,1
2023010459932,2023,010459932,3,3,1,1,24,5,3,0,0,0,0,0,9,-1,-1,-1,0,0.0,1.0,-1,3,30,1,1,1,19:10,5,6,9
2023451285759,2023,451285759,2,1,1,1,35,6,3,0,0,0,0,0,9,8,E01030347,3,1,0.0,1.0,-1,6,30,2,4,2,22:24,7,2,9
2023531327296,2023,531327296,1,1,1,2,19,4,3,0,0,0,0,0,9,4,E01022156,3,1,0.0,1.0,-1,6,60,1,6,4,01:30,7,1,9
2023631391890,2023,631391890,1,3,2,2,18,4,2,0,0,2,0,0,9,8,W01000580,7,1,1.0,0.0,-1,6,40,2,6,2,02:05,1,2,9
2023010422578,2023,010422578,1,1,1,2,43,7,3,0,0,0,0,0,1,6,E01004070,-1,0,0.0,1.0,-1,6,20,1,4,1,17:02,6,2,1
2023461313802,2023,461313802,2,1,1,2,23,5,3,0,0,0,0,0,3,2,E01024091,3,1,0.0,1.0,-1,6,20,9,7,1,19:10,4,2,3
2023010437402,2023,010437402,1,2,2,2,2,1,3,0,0,2,0,0,9,-1,-1,-1,0,0.0,1.0,-1,6,30,2,1,1,16:18,3,2,9
2023031369133,2023,031369133,1,1,1,1,63,9,3,0,0,0,0,0,9,3,E01005435,3,1,0.0,1.0,-1,3,70,1,6,1,21:07,3,1,9
2023311371111,2023,311371111,2,1,1,2,34,6,2,0,0,0,0,0,9,2,E01013900,7,1,1.0,0.0,-1,6,30,1,1,2,09:34,2,2,9
2023461298255,2023,461298255,2,1,2,1,65,9,3,0,0,1,0,0,9,4,E01024142,3,1,0.0,1.0,-1,3,40,2,4,2,21:10,3,2,9
2023552301000,2023,552301000,2,1,2,1,31,6,1,0,0,1,0,0,9,-1,-1,-1,0,0.0,0.0,-1,3,70,1,5,1,21:28,5,2,9
2023320440310,2023,320440310,1,1,2,2,82,11,3,0,0,1,0,0,9,4,E01026077,-1,0,0.06812,0.93188,-1,6,30,1,1,1,08:55,2,2,9
2023461382309,2023,461382309,2,1,1,1,22,5,3,0,0,0,0,0,9,-1,-1,3,1,0.0,1.0,-1,3,40,2,4,2,19:05,1,2,9
2023461390845,2023,461390845,1,2,2,1,18,4,3,0,0,1,0,0,9,5,E01024711,3,1,0.0,1.0,-1,6,60,2,6,2,23:46,4,1,9
2023520400689,2023,520400689,1,1,1,1,29,6,3,0,0,0,0,0,9,1,W01001879,-1,0,0.00687,0.99313,-1,6,30,2,7,2,06:05,2,2,9
2023361314468,2023,361314468,1,1,3,1,72,10,3,9,9,0,0,0,0,4,E01026458,3,1,0.0,1.0,-1,6,30,1,1,1,11:30,7,1,9
2023440137312,2023,440137312,1,1,1,1,62,9,2,0,0,0,0,0,4,10,E01030791,-1,0,1.0,0.0,-1,3,70,1,1,1,14:24,6,1,4
2023010471562,2023,010471562,2,1,1,1,37,7,3,0,0,0,0,0,8,8,E01003361,-1,0,0.0,1.0,-1,6,20,1,1,1,08:50,5,4,8
2023461293645,2023,461293645,3,2,1,2,58,9,3,0,0,0,0,0,9,7,E01024203,3,1,0.0,1.0,-1,6,40,1,1,1,08:33,5,3,9
2023201344189,2023,201344189,1,1,3,2,26,6,3,5,4,0,0,2,0,2,E01009075,3,1,0.0,1.0,-1,6,20,1,1,1,17:15,4,1,9
2023401268373,2023,401268373,1,1,1,2,27,6,3,0,0,0,0,0,9,9,E01015697,3,1,0.0,1.0,-1,3,60,2,4,2,17:13,1,2,9
2023451277329,2023,451277329,1,1,1,1,51,8,2,0,0,0,0,0,9,4,E01002551,7,1,1.0,0.0,-1,6,30,8,4,1,20:40,5,2,9
2023471381559,2023,471381559,1,1,2,2,17,4,3,0,0,1,0,0,9,6,E01031452,3,1,0.0,1.0,-1,6,60,8,6,4,21:50,6,1,9
2023501362328,2023,501362328,1,1,1,1,33,6,3,0,0,0,0,0,9,5,E01020308,3,1,0.0,1.0,-1,1,30,2,4,2,22:30,4,1,9
2023010431247,2023,010431247,1,2,2,-1,-1,-1,3,0,0,1,0,0,9,6,E01000513,-1,0,0.0,1.0,-1,3,50,2,1,2,09:45,5,2,9
2023161285571,2023,161285571,1,2,1,2,34,6,1,0,0,0,0,0,9,2,E01013284,1,1,0.0,0.0,-1,3,70,1,6,1,21:05,6,2,9
2023161343917,2023,161343917,3,1,1,2,20,4,3,0,0,0,0,0,9,1,E01013312,3,1,0.0,1.0,-1,6,30,1,1,1,17:15,1,3,9
2023461282345,2023,461282345,1,1,1,1,41,7,3,0,0,0,0,0,9,-1,-1,3,1,0.0,1.0,-1,7,70,1,4,1,00:01,7,1,9
2023991319188,2023,991319188,2,2,1,2,77,11,1,0,0,0,0,0,9,2,-1,1,1,0.0,0.0,-1,6,40,1,1,1,16:07,5,2,9
2023010429633,2023,010429633,1,1,1,1,24,5,3,0,0,0,0,0,9,8,E01019874,-1,0,0.0,1.0,-1,6,30,1,1,1,14:30,4,2,9
2023211292854,2023,211292854,1,4,2,1,80,11,2,0,0,-1,0,0,9,9,E01029785,6,1,1.0,0.0,-1,6,60,1,7,1,22:45,5,1,9
2023332300598,2023,332300598,2,2,2,2,10,2,3,0,0,2,0,0,9,3,E01013779,-1,0,0.00906,0.99094,-1,6,30,1,1,1,08:02,3,2,9
2023421292222,2023,421292222,5,3,1,2,66,10,3,0,0,0,0,0,9,5,E01021732,3,1,0.0,1.0,-1,3,70,1,1,2,16:24,5,8,9
2023010468057,2023,010468057,2,2,1,1,24,5,3,0,0,0,0,0,9,3,E01001370,-1,0,0.0,1.0,-1,1,20,1,4,1,02:23,2,3,9
2023201364153,2023,201364153,1,1,1,1,80,11,3,0,0,0,0,0,9,5,E01009703,3,1,0.0,1.0,-1,6,30,3,1,1,10:06,4,2,9
2023541202923,2023,541202923,2,2,1,1,24,5,2,0,0,0,0,0,8,5,E01020536,-1,0,1.0,0.0,-1,6,60,1,6,1,17:27,5,3,8
2023041383459,2023,041383459,2,2,2,2,17,4,3,0,0,1,0,0,9,10,E01025278,3,1,0.0,1.0,-1,6,60,8,1,2,12:40,1,2,9
2023201291684,2023,201291684,1,1,1,1,46,8,3,0,0,0,0,0,9,8,E01009440,3,1,0.0,1.0,-1,3,30,1,7,1,16:10,2,2,9
2023371329758,2023,371329758,2,1,1,2,22,5,3,0,0,0,0,0,9,5,E01030185,3,1,0.0,1.0,-1,6,30,1,1,1,16:59,7,2,9
2023010428520,2023,010428520,1,1,1,2,24,5,3,0,0,0,0,0,9,-1,-1,-1,0,0.0,1.0,-1,6,30,2,1,2,07:56,4,2,9
2023552300729,2023,552300729,1,1,1,1,33,6,3,0,0,0,0,0,9,6,E01020493,-1,0,0.07261,0.92739,-1,6,60,1,1,1,14:32,1,2,9
2023010432961,2023,010432961,1,1,3,1,71,10,3,5,3,0,0,0,0,3,E01003916,-1,0,0.0,1.0,-1,7,20,8,4,1,23:10,6,1,9
2023302300523,2023,302300523,1,1,3,1,4,1,2,9,9,0,0,0,0,-1,-1,-1,0,1.0,0.0,-1,6,30,1,1,1,08:43,7,1,9
2023010446278,2023,010446278,1,1,1,1,58,9,3,0,0,0,0,0,1,5,E01002682,-1,0,0.0,1.0,-1,3,30,1,4,1,01:55,5,2,1
2023010485007,2023,010485007,2,1,1,1,29,6,3,0,0,0,0,0,3,1,E01002067,-1,0,0.0,1.0,-1,6,20,1,4,1,20:00,3,2,3
2023302300834,2023,302300834,1,1,1,1,27,6,3,0,0,0,0,0,9,6,E01019876,-1,0,0.08392,0.91608,-1,6,60,1,1,1,19:30,1,2,9
2023311295891,2023,311295891,2,1,1,2,26,6,3,0,0,0,0,0,9,6,E01028106,3,1,0.0,1.0,-1,6,30,1,1,1,15:20,7,2,9
2023631379566,2023,631379566,2,2,1,2,87,11,1,0,0,0,0,0,9,7,W01000497,1,1,0.0,0.0,-1,6,50,1,6,2,07:32,2,3,9
2023451358118,2023,451358118,2,1,1,1,23,5,3,0,0,0,0,0,3,4,E01004525,3,1,0.0,1.0,-1,6,30,1,4,1,21:05,7,2,3
2023461285415,2023,461285415,2,1,1,1,39,7,3,0,0,0,0,0,3,1,E01024177,3,1,0.0,1.0,-1,6,30,1,1,1,11:50,4,2,3
2023010451842,2023,010451842,1,1,1,1,30,6,3,0,0,0,0,0,9,3,E01002133,-1,0,0.0,1.0,-1,6,30,1,1,1,18:20,3,4,9
2023302301691,2023,302301691,2,1,1,2,21,5,3,0,0,0,0,0,9,9,E01008069,-1,0,0.00785,0.99215,-1,6,50,1,1,1,14:48,6,2,9
2023010472141,2023,010472141,1,1,3,2,66,10,3,7,9,0,0,0,0,2,E01003538,-1,0,0.0,1.0,-1,6,30,8,1,1,16:30,1,1,9
2023141323773,2023,141323773,1,1,3,1,19,4,3,9,9,0,0,0,0,4,E01007329,3,1,0.0,1.0,-1,6,60,1,6,1,01:00,6,1,9
2023340NN0772,2023,340NN0772,1,1,3,2,52,8,3,5,3,0,0,0,0,-1,-1,-1,0,0.14211,0.85789,-1,6,30,3,1,2,08:15,4,1,9
2023010448743,2023,010448743,1,1,1,2,45,7,3,0,0,0,0,0,9,3,E01001282,-1,0,0.0,1.0,-1,6,20,1,1,1,13:16,3,4,9
2023010473293,2023,010473293,2,1,1,2,54,8,3,0,0,0,0,0,9,8,E01004193,-1,0,0.0,1.0,-1,6,20,2,1,2,16:40,7,2,9
2023631375890,2023,631375890,2,2,2,2,15,3,2,0,0,2,0,0,9,2,E01006653,7,1,1.0,0.0,-1,6,60,2,6,2,18:30,6,2,9