collision_index,collision_year,collision_ref_no,vehicle_reference,casualty_reference,casualty_class,sex_of_casualty,age_of_casualty,age_band_of_casualty,casualty_severity,pedestrian_location,pedestrian_movement,car_passenger,bus_or_coach_passenger,pedestrian_road_maintenance_worker,casualty_type,casualty_imd_decile,lsoa_of_casualty,enhanced_casualty_severity,casualty_injury_based,casualty_adjusted_severity_serious,casualty_adjusted_severity_slight,casualty_distance_banding,road_type,speed_limit,weather_conditions,light_conditions,road_surface_conditions,time,day_of_week,number_of_vehicles,vehicle_type
2023332300476,2023,332300476,1,1,3,1,6,2,3,4,1,0,0,0,0,6,E01025824,-1,0,0.02691,0.97309,-1,6,30,1,1,1,15:30,3,1,9
2023421335409,2023,421335409,1,1,1,1,61,9,2,0,0,0,0,0,5,-1,-1,6,1,1.0,0.0,-1,6,50,1,1,1,08:37,1,1,5
2023302300254,2023,302300254,1,1,2,1,36,7,3,0,0,1,0,0,9,2,E01013897,-1,0,0.02622,0.97378,-1,1,40,1,1,1,11:30,5,2,9
2023991348194,2023,991348194,2,1,1,2,52,8,3,0,0,0,0,0,9,4,-1,3,1,0.0,1.0,-1,6,30,1,1,1,19:05,1,2,9
2023231272076,2023,231272076,1,1,1,1,9,2,3,0,0,0,0,0,1,1,E01031015,3,1,0.0,1.0,-1,6,30,1,1,1,08:25,6,2,1
2023351273282,2023,351273282,2,1,1,2,23,5,3,0,0,0,0,0,9,-1,-1,3,1,0.0,1.0,-1,1,60,1,1,1,11:18,6,2,9
2023302300131,2023,302300131,1,1,1,1,35,6,3,0,0,0,0,0,3,1,E01019509,-1,0,0.21029,0.78971,-1,6,30,1,1,2,11:50,1,3,3
2023451296042,2023,451296042,1,1,1,1,20,4,3,0,0,0,0,0,9,5,E01030531,3,1,0.0,1.0,-1,3,70,2,4,2,19:50,3,1,9
2023010447735,2023,010447735,1,1,3,2,41,7,3,3,3,0,0,0,0,-1,-1,-1,0,0.0,1.0,-1,6,20,8,1,1,15:09,7,1,3
2023401370220,2023,401370220,2,1,1,1,32,6,3,0,0,0,0,0,9,10,E01023379,3,1,0.0,1.0,-1,3,30,2,4,2,02:50,5,2,9
2023411311466,2023,411311466,2,2,1,1,27,6,3,0,0,0,0,0,9,7,E01023492,3,1,0.0,1.0,-1,6,60,1,1,1,17:07,6,2,9
2023501344795,2023,501344795,2,1,2,2,64,9,3,0,0,1,0,0,9,1,E01013921,3,1,0.0,1.0,-1,6,60,1,1,1,11:40,4,2,9
2023430103173,2023,430103173,1,1,1,1,17,4,3,0,0,0,0,0,1,1,E01016372,-1,0,0.03394,0.96606,-1,6,30,1,1,1,12:00,3,2,1
2023361382612,2023,361382612,2,1,1,1,38,7,3,0,0,0,0,0,4,8,E01026849,3,1,0.0,1.0,-1,3,70,1,6,2,23:30,2,2,4
2023010429122,2023,010429122,1,1,3,2,80,11,2,5,9,0,0,0,0,4,E01001396,-1,0,1.0,0.0,-1,6,20,1,1,1,14:00,7,1,9
2023440479965,2023,440479965,1,1,3,2,73,10,3,6,9,0,0,0,0,10,E01022605,-1,0,0.14945,0.85055,-1,6,20,1,1,1,15:58,5,1,9
2023031352766,2023,031352766,2,1,1,2,42,7,3,0,0,0,0,0,9,8,E01019185,3,1,0.0,1.0,-1,3,30,1,1,1,13:20,5,2,9
2023041302607,2023,041302607,2,2,1,2,44,7,3,0,0,0,0,0,9,1,E01025582,3,1,0.0,1.0,-1,6,20,1,1,1,13:10,2,2,9
2023302300258,2023,302300258,1,2,1,2,54,8,3,0,0,0,0,0,9,6,E01028024,-1,0,0.06678,0.93322,-1,3,60,1,6,1,17:31,5,2,9
2023332301297,2023,332301297,2,1,1,2,44,7,3,0,0,0,0,0,9,10,E01025614,-1,0,0.00853,0.99147,-1,6,40,2,1,2,14:00,6,4,9
2023501340377,2023,501340377,1,1,1,1,70,10,3,0,0,0,0,0,9,10,E01028423,3,1,0.0,1.0,-1,6,40,1,1,1,13:49,5,2,9
2023340WN0312,2023,340WN0312,1,1,2,1,79,11,3,0,0,0,2,0,11,-1,-1,-1,0,0.15167,0.84833,-1,6,30,1,4,1,17:45,5,1,11
2023340NN0172,2023,340NN0172,1,1,1,1,79,11,3,0,0,0,0,0,19,8,E01013807,-1,0,0.17868,0.82132,-1,3,60,1,6,1,17:30,1,2,19
2023552300503,2023,552300503,1,3,3,1,0,1,3,6,7,0,0,0,0,6,E01020494,-1,0,0.19983,0.80017,-1,6,30,1,4,1,20:15,4,1,9
2023010427328,2023,010427328,2,1,1,1,48,8,3,0,0,0,0,0,1,2,E01003112,-1,0,0.0,1.0,-1,1,20,1,1,1,12:10,4,2,1
2023010474252,2023,010474252,2,1,1,2,36,7,3,0,0,0,0,0,1,3,E01004562,-1,0,0.0,1.0,-1,6,20,1,4,1,20:15,5,2,1
2023161328596,2023,161328596,1,1,1,2,30,6,3,0,0,0,0,0,4,10,E01013063,3,1,0.0,1.0,-1,6,30,1,1,1,17:50,3,2,4
2023131361174,2023,131361174,2,1,1,2,43,7,2,0,0,0,0,0,9,2,E01011656,7,1,1.0,0.0,-1,6,40,1,1,1,15:05,2,3,9
2023131379653,2023,131379653,2,1,1,2,26,6,3,0,0,0,0,0,9,1,E01010868,3,1,0.0,1.0,-1,6,30,1,4,1,20:23,1,2,9
2023161364459,2023,161364459,1,1,1,1,22,5,3,0,0,0,0,0,9,7,E01013034,3,1,0.0,1.0,-1,1,60,2,4,2,23:42,4,1,9
2023010464060,2023,010464060,1,1,2,2,59,9,2,0,0,0,4,0,11,9,E01000201,-1,0,1.0,0.0,-1,6,30,1,1,1,12:47,2,1,11
2023401264309,2023,401264309,2,2,1,1,26,6,3,0,0,0,0,0,9,4,E01015717,3,1,0.0,1.0,-1,6,40,1,1,2,08:30,2,2,9
2023461328228,2023,461328228,1,2,2,1,12,3,3,0,0,-1,0,0,9,8,E01024407,3,1,0.0,1.0,-1,6,60,1,1,1,19:52,7,3,9
2023010473759,2023,010473759,1,1,1,1,28,6,3,0,0,0,0,0,11,2,E01001577,-1,0,0.0,1.0,-1,2,20,1,1,1,14:03,3,2,11
2023302300675,2023,302300675,1,1,1,1,29,6,3,0,0,0,0,0,5,2,E01007548,-1,0,0.26762,0.73238,-1,6,50,4,1,1,16:01,5,3,5
2023101382805,2023,101382805,1,1,1,2,26,6,3,0,0,0,0,0,9,6,E01027371,3,1,0.0,1.0,-1,3,60,1,1,1,18:47,4,1,9
2023501259203,2023,501259203,2,2,1,1,34,6,3,0,0,0,0,0,19,10,E01020194,3,1,0.0,1.0,-1,6,60,4,1,2,13:21,2,2,19
2023131316073,2023,131316073,2,1,2,1,53,8,3,0,0,0,0,0,5,7,E01010684,3,1,0.0,1.0,-1,6,30,1,1,1,18:44,4,2,5
2023440493938,2023,440493938,1,1,1,1,57,9,2,0,0,0,0,0,9,4,E01017362,-1,0,1.0,0.0,-1,6,60,1,1,2,15:01,1,2,9
2023471337981,2023,471337981,2,1,2,1,15,3,3,0,0,1,0,0,9,10,E01016982,3,1,0.0,1.0,-1,6,60,1,1,1,18:19,5,2,9
2023501343275,2023,501343275,1,1,1,2,29,6,2,0,0,0,0,0,9,5,E01018847,7,1,1.0,0.0,-1,6,30,1,6,2,21:32,6,1,9
2023320550131,2023,320550131,1,1,1,1,28,6,3,0,0,0,0,0,20,8,E01013273,-1,0,0.11522,0.88478,-1,6,60,1,1,1,16:30,2,1,20
2023481356508,2023,481356508,1,1,3,2,28,6,3,1,1,0,0,0,0,-1,-1,3,1,0.0,1.0,-1,6,20,1,4,1,19:39,6,1,1
2023541415923,2023,541415923,1,1,3,1,12,3,3,1,9,0,0,0,0,7,E01032024,-1,0,0.07487,0.92513,-1,6,30,1,1,1,16:00,2,1,9
2023543663323,2023,543663323,1,1,3,1,10,2,3,5,4,0,0,0,0,7,E01032108,-1,0,0.09852,0.90148,-1,6,30,1,1,1,13:45,5,1,9
2023041333534,2023,041333534,1,2,1,2,73,10,3,0,0,0,0,0,9,1,E01005953,3,1,0.0,1.0,-1,3,70,1,1,1,10:20,4,2,9
2023340NN4662,2023,340NN4662,2,3,2,2,28,6,3,0,0,1,0,0,9,-1,-1,-1,0,0.09926,0.90074,-1,6,60,1,1,2,10:30,5,2,9
2023041377223,2023,041377223,1,1,3,1,19,4,3,5,1,0,0,0,0,9,E01031998,3,1,0.0,1.0,-1,6,30,1,4,2,03:05,1,1,9
2023010477509,2023,010477509,1,1,2,1,28,6,3,0,0,1,0,0,9,2,E01003351,-1,0,0.0,1.0,-1,6,30,1,1,2,13:38,1,3,9
2023161329716,2023,161329716,1,1,1,2,56,9,3,0,0,0,0,0,9,10,E01013108,3,1,0.0,1.0,-1,6,30,4,1,1,12:45,7,2,9
2023201338779,2023,201338779,1,2,2,1,38,7,3,0,0,1,0,0,9,2,E01009391,3,1,0.0,1.0,-1,6,30,1,4,1,23:25,3,2,9
2023361273028,2023,361273028,4,2,1,1,44,7,3,0,0,0,0,0,9,4,E01026763,3,1,0.0,1.0,-1,6,60,1,1,1,15:24,2,4,9
2023010434568,2023,010434568,2,1,1,1,30,6,2,0,0,0,0,0,1,6,E01000555,-1,0,1.0,0.0,-1,6,20,1,1,1,17:43,2,2,1
2023101378221,2023,101378221,2,1,1,1,53,8,2,0,0,0,0,0,1,7,E01008848,7,1,1.0,0.0,-1,6,30,1,4,2,17:21,2,2,1
2023430483664,2023,430483664,2,1,1,2,34,6,2,0,0,0,0,0,1,6,E01016574,-1,0,1.0,0.0,-1,6,30,1,1,1,15:06,6,2,1
2023991275282,2023,991275282,1,1,3,2,58,9,3,6,9,0,0,0,0,3,-1,3,1,0.0,1.0,-1,6,30,1,1,1,14:52,6,1,11
2023010435865,2023,010435865,1,1,1,1,53,8,2,0,0,0,0,0,5,5,E01003691,-1,0,1.0,0.0,-1,6,30,9,1,1,17:54,3,1,5
2023161312801,2023,161312801,2,1,2,2,62,9,3,0,0,2,0,0,8,1,E01013138,3,1,0.0,1.0,-1,6,30,1,4,1,22:20,5,2,8
2023170L20353,2023,170L20353,1,1,1,1,21,5,3,0,0,0,0,0,9,5,E01012129,-1,0,0.1918,0.8082,-1,3,70,2,6,2,22:40,6,1,9
2023991375410,2023,991375410,2,1,2,1,38,7,3,0,0,1,0,0,9,2,-1,3,1,0.0,1.0,-1,1,70,1,4,1,05:55,4,2,9
2023101312342,2023,101312342,1,1,3,1,17,4,3,1,1,0,0,0,0,4,E01008502,3,1,0.0,1.0,-1,6,30,1,1,1,11:50,6,1,9
2023010445586,2023,010445586,1,1,1,1,55,8,3,0,0,0,0,0,8,2,E01000184,-1,0,0.0,1.0,-1,6,20,1,4,1,03:50,1,2,8
2023302300229,2023,302300229,1,1,1,2,59,9,3,0,0,0,0,0,9,5,E01029504,-1,0,0.06025,0.93975,-1,6,30,1,1,1,08:00,3,2,9
2023010476361,2023,010476361,2,1,1,2,28,6,3,0,0,0,0,0,9,-1,-1,-1,0,0.0,1.0,-1,3,50,8,4,2,17:04,7,4,9
2023122301354,2023,122301354,1,1,1,1,56,9,3,0,0,0,0,0,9,1,E01011850,-1,0,0.07214,0.92786,-1,6,60,1,1,1,18:10,2,2,9
2023161364542,2023,161364542,1,1,1,2,-1,-1,3,0,0,0,0,0,9,2,E01033104,3,1,0.0,1.0,-1,6,30,1,1,1,15:03,6,3,9
2023141330250,2023,141330250,1,1,3,2,51,8,3,5,9,0,0,0,0,2,E01007636,3,1,0.0,1.0,-1,6,30,2,1,2,13:40,2,1,9
2023122300354,2023,122300354,2,1,1,1,18,4,3,0,0,0,0,0,1,10,E01013376,-1,0,0.12055,0.87945,-1,6,30,1,1,1,19:02,4,2,1
2023991295017,2023,991295017,1,1,1,1,36,7,2,0,0,0,0,0,5,3,-1,7,1,1.0,0.0,-1,6,50,1,1,2,14:45,1,1,5
2023201293788,2023,201293788,2,1,2,2,19,4,3,0,0,2,0,0,8,6,E01009924,3,1,0.0,1.0,-1,6,30,1,1,1,10:27,1,2,8
2023211303173,2023,211303173,2,3,2,1,48,8,3,0,0,2,0,0,8,2,E01010372,3,1,0.0,1.0,-1,3,70,1,1,1,16:32,5,2,8
2023201385528,2023,201385528,1,1,1,1,29,6,2,0,0,0,0,0,9,-1,-1,7,1,1.0,0.0,-1,1,30,1,1,1,14:43,2,2,9
2023421343484,2023,421343484,1,1,2,1,32,6,3,0,0,1,0,0,9,4,E01033572,3,1,0.0,1.0,-1,6,60,1,6,1,21:43,7,1,9
2023451296843,2023,451296843,2,2,2,1,8,2,3,0,0,2,0,0,9,8,E01002915,3,1,0.0,1.0,-1,6,50,2,4,2,23:06,6,3,9
2023371293886,2023,371293886,2,1,1,1,59,9,3,0,0,0,0,0,19,4,E01013663,3,1,0.0,1.0,-1,3,70,1,6,1,04:55,4,2,19
2023010477184,2023,010477184,1,1,3,2,54,8,2,1,9,0,0,0,0,3,E01001244,-1,0,1.0,0.0,-1,3,30,1,4,1,16:19,6,1,-1
2023201388508,2023,201388508,1,1,3,1,15,3,2,4,1,0,0,0,0,6,E01009520,7,1,1.0,0.0,-1,6,30,1,1,1,14:54,2,1,11
2023010453755,2023,010453755,1,1,1,1,80,11,3,0,0,0,0,0,9,2,E01002872,-1,0,0.0,1.0,-1,3,30,1,1,1,17:10,7,2,9
2023010461309,2023,010461309,1,1,1,2,51,8,3,0,0,0,0,0,9,2,E01001746,-1,0,0.0,1.0,-1,3,20,1,4,1,22:57,7,2,9
2023041382597,2023,041382597,2,2,2,2,11,3,3,0,0,2,0,0,9,3,E01025143,3,1,0.0,1.0,-1,6,30,2,4,2,17:45,2,2,9
2023201379957,2023,201379957,2,6,2,2,51,8,2,0,0,1,0,0,9,6,E01010519,7,1,1.0,0.0,-1,6,30,1,7,1,15:37,7,5,9
2023461292262,2023,461292262,2,1,1,2,36,7,3,0,0,0,0,0,9,3,E01024169,3,1,0.0,1.0,-1,1,50,1,1,1,11:25,6,2,9
2023010449574,2023,010449574,1,1,1,1,20,4,3,0,0,0,0,0,1,3,E01002770,-1,0,0.0,1.0,-1,6,20,1,1,1,19:45,5,2,1
2023522301621,2023,522301621,2,1,1,1,42,7,3,0,0,0,0,0,1,9,E01014382,-1,0,0.06969,0.93031,-1,1,30,2,1,2,17:48,2,2,1
2023440197159,2023,440197159,1,1,3,1,5,1,3,5,1,0,0,0,0,4,E01017104,-1,0,0.137,0.863,-1,6,30,1,1,1,08:31,6,1,9
2023461305115,2023,461305115,2,1,1,2,26,6,3,0,0,0,0,0,2,10,E01024150,3,1,0.0,1.0,-1,1,30,1,1,1,12:20,7,2,2
2023340NN1372,2023,340NN1372,2,1,1,1,19,4,3,0,0,0,0,0,3,3,E01027035,-1,0,0.16422,0.83578,-1,6,30,8,4,1,20:20,7,2,3
2023031307107,2023,031307107,1,1,1,1,33,6,2,0,0,0,0,0,5,7,E01020654,5,1,1.0,0.0,-1,6,60,1,1,1,17:20,7,1,5
2023131365292,2023,131365292,1,1,2,1,51,8,2,0,0,1,0,0,9,1,E01011473,7,1,1.0,0.0,-1,6,30,2,4,2,23:50,6,2,9
2023201301095,2023,201301095,2,2,1,1,69,10,3,0,0,0,0,0,9,5,E01009135,3,1,0.0,1.0,-1,3,70,1,1,1,14:10,3,3,9
2023041392296,2023,041392296,2,2,1,1,30,6,3,0,0,0,0,0,9,1,E01012601,3,1,0.0,1.0,-1,3,70,1,6,1,21:15,3,2,9
2023201314843,2023,201314843,2,1,1,1,40,7,3,0,0,0,0,0,9,1,E01009502,3,1,0.0,1.0,-1,6,30,2,1,2,00:24,1,2,9
2023461363390,2023,461363390,1,1,1,1,56,9,3,0,0,0,0,0,19,4,E01021295,3,1,0.0,1.0,-1,3,40,1,1,1,14:17,2,2,19
2023302301751,2023,302301751,1,1,1,1,39,7,3,0,0,0,0,0,9,4,E01013555,-1,0,0.06124,0.93876,-1,6,30,1,4,1,18:20,1,2,9
2023461346936,2023,461346936,2,1,1,1,39,7,3,0,0,0,0,0,19,2,E01024677,3,1,0.0,1.0,-1,6,60,1,1,1,06:40,4,2,19
2023231298220,2023,231298220,1,1,1,1,61,9,2,0,0,0,0,0,5,6,E01009531,7,1,1.0,0.0,-1,6,60,1,1,1,13:29,7,2,5
2023522300544,2023,522300544,2,1,2,2,66,10,3,0,0,0,2,0,11,6,E01014531,-1,0,0.02109,0.97891,-1,6,30,1,1,1,08:32,3,2,11
2023451356399,2023,451356399,1,1,1,1,24,5,3,0,0,0,0,0,1,8,E01023136,3,1,0.0,1.0,-1,6,30,1,1,1,12:56,7,2,1
2023131362548,2023,131362548,2,1,2,2,72,10,3,0,0,1,0,0,9,6,E01011548,3,1,0.0,1.0,-1,3,40,1,1,1,14:30,5,2,9
2023201277775,2023,201277775,2,1,1,1,28,6,3,0,0,0,0,0,9,7,E01010138,3,1,0.0,1.0,-1,6,40,1,6,1,18:33,6,3,9
2023421312100,2023,421312100,2,2,1,1,23,5,3,0,0,0,0,0,9,7,E01021407,3,1,0.0,1.0,-1,6,60,1,1,1,10:58,7,2,9
2023501382147,2023,501382147,1,1,1,2,42,7,3,0,0,0,0,0,9,5,E01018903,3,1,0.0,1.0,-1,6,60,1,1,1,07:10,7,2,9
2023531387104,2023,531387104,2,1,2,2,28,6,3,0,0,1,0,0,9,7,E01022302,3,1,0.0,1.0,-1,6,30,1,4,1,16:25,2,2,9
2023991329991,2023,991329991,1,1,1,1,24,5,3,0,0,0,0,0,9,5,-1,3,1,0.0,1.0,-1,6,60,1,1,1,18:00,1,2,9
2023010476521,2023,010476521,1,2,2,2,27,6,3,0,0,0,4,0,11,2,E01000034,-1,0,0.0,1.0,-1,6,30,1,1,1,14:06,3,1,11
2023471368565,2023,471368565,2,1,1,2,-1,-1,3,0,0,0,0,0,3,4,E01031833,3,1,0.0,1.0,-1,6,30,1,1,1,12:15,2,2,3
2023061315175,2023,061315175,2,1,1,1,34,6,3,0,0,0,0,0,9,1,E01005270,3,1,0.0,1.0,-1,1,50,1,1,1,15:38,2,2,9
2023131308117,2023,131308117,1,2,2,1,69,10,2,0,0,1,0,0,9,5,E01011860,6,1,1.0,0.0,-1,6,30,1,1,1,17:16,3,2,9
2023221264711,2023,221264711,2,1,1,1,74,10,3,0,0,0,0,0,9,3,E01014155,3,1,0.0,1.0,-1,3,30,1,4,2,21:47,7,2,9
2023471344407,2023,471344407,1,1,1,1,37,7,3,0,0,0,0,0,9,4,E01020971,3,1,0.0,1.0,-1,6,30,1,1,1,17:50,2,2,9
2023061319874,2023,061319874,2,1,1,1,19,4,2,0,0,0,0,0,3,1,E01004859,5,1,1.0,0.0,-1,6,30,1,4,1,22:28,7,2,3
2023041391526,2023,041391526,2,1,1,1,18,4,3,0,0,0,0,0,9,9,E01025281,3,1,0.0,1.0,-1,1,70,1,1,2,12:40,6,2,9
2023991325833,2023,991325833,1,2,1,2,92,11,2,0,0,0,0,0,9,8,-1,6,1,1.0,0.0,-1,6,30,1,1,1,12:34,3,3,9
2023481359170,2023,481359170,2,1,1,1,23,5,2,0,0,0,0,0,4,-1,-1,7,1,1.0,0.0,-1,6,20,1,1,1,12:26,2,2,4
2023361352429,2023,361352429,2,2,1,1,55,8,2,0,0,0,0,0,5,4,E01026705,7,1,1.0,0.0,-1,6,30,1,1,1,14:16,1,2,5
202360A007140,2023,60A007140,2,2,2,1,14,3,3,0,0,2,0,0,8,-1,-1,-1,0,0.04908,0.95092,-1,6,60,2,1,2,08:20,2,3,8
2023041387331,2023,041387331,1,1,1,2,49,8,3,0,0,0,0,0,9,1,E01012656,3,1,0.0,1.0,-1,6,30,9,1,2,13:15,6,2,9
2023546510923,2023,546510923,1,1,1,1,54,8,2,0,0,0,0,0,9,4,E01031980,-1,0,1.0,0.0,-1,6,50,1,1,1,13:30,4,2,9
2023010448523,2023,010448523,1,1,3,1,70,10,2,4,4,0,0,0,0,9,E01001531,-1,0,1.0,0.0,-1,6,30,1,1,1,12:07,2,1,3
2023320096078,2023,320096078,1,1,3,2,15,3,3,10,8,0,0,0,0,5,E01026027,-1,0,0.08545,0.91455,-1,6,30,9,1,1,16:45,1,1,9
2023010450149,2023,010450149,1,1,1,1,28,6,3,0,0,0,0,0,1,2,E01003137,-1,0,0.0,1.0,-1,6,20,8,1,1,14:10,4,2,1
2023131359344,2023,131359344,2,1,1,2,55,8,3,0,0,0,0,0,1,2,E01011926,3,1,0.0,1.0,-1,6,30,9,1,1,15:21,3,2,1
2023052301227,2023,052301227,2,1,2,2,54,8,3,0,0,2,0,0,8,1,E01006720,-1,0,0.06655,0.93345,-1,3,30,1,1,1,14:40,7,2,8
2023111349124,2023,111349124,1,1,1,1,36,7,2,0,0,0,0,0,9,4,E01020711,7,1,1.0,0.0,-1,6,30,1,1,1,18:20,1,2,9
2023451349157,2023,451349157,1,1,1,1,32,6,3,0,0,0,0,0,9,-1,-1,3,1,0.0,1.0,-1,7,70,1,1,1,16:45,2,2,9
2023471287548,2023,471287548,1,1,1,1,58,9,3,0,0,0,0,0,9,4,E01023154,3,1,0.0,1.0,-1,6,60,1,1,1,12:20,5,2,9
2023131329743,2023,131329743,1,1,3,1,30,6,3,10,8,0,0,2,0,7,E01011176,3,1,0.0,1.0,-1,6,30,1,1,2,11:58,7,1,9
2023131291819,2023,131291819,2,1,1,1,54,8,2,0,0,0,0,0,1,4,E01010595,5,1,1.0,0.0,-1,6,40,1,1,1,15:07,4,2,1
2023010429849,2023,010429849,1,1,1,1,31,6,3,0,0,0,0,0,9,1,E01005232,-1,0,0.0,1.0,-1,6,30,1,1,1,14:47,4,2,9
2023122300100,2023,122300100,1,1,1,1,32,6,3,0,0,0,0,0,9,8,E01027754,-1,0,0.04112,0.95888,-1,6,30,1,1,4,07:50,3,2,9
2023361273781,2023,361273781,2,3,2,2,51,8,3,0,0,1,0,0,9,5,E01030066,3,1,0.0,1.0,-1,6,60,1,1,1,10:20,4,2,9
2023471275841,2023,471275841,1,2,2,1,36,7,1,0,0,1,0,0,9,7,E01016239,1,1,0.0,0.0,-1,6,30,1,4,2,22:45,2,2,9
2023302300428,2023,302300428,1,1,3,2,70,10,3,5,3,0,0,0,0,9,E01019804,-1,0,0.12177,0.87823,-1,6,30,5,1,2,10:53,3,1,9
2023552301165,2023,552301165,2,1,1,1,44,7,3,0,0,0,0,0,1,8,E01015370,-1,0,0.12518,0.87482,-1,6,30,1,1,1,15:34,3,2,1
2023010472927,2023,010472927,1,1,1,2,33,6,3,0,0,0,0,0,9,1,E01002036,-1,0,0.0,1.0,-1,9,20,2,1,2,07:45,5,2,9
2023221392336,2023,221392336,2,1,1,1,18,4,3,0,0,0,0,0,9,9,E01028932,3,1,0.0,1.0,-1,6,30,1,4,2,17:30,7,2,9
2023302301307,2023,302301307,1,3,2,1,23,5,2,0,0,2,0,0,9,2,E01019463,-1,0,1.0,0.0,-1,6,30,1,1,1,18:38,3,2,9
2023501299831,2023,501299831,1,1,1,1,38,7,1,0,0,0,0,0,9,4,E01020320,1,1,0.0,0.0,-1,6,60,7,6,2,21:20,7,1,9
2023991311116,2023,991311116,2,1,1,2,35,6,3,0,0,0,0,0,9,2,-1,3,1,0.0,1.0,-1,6,30,1,1,2,18:30,4,2,9
2023052302353,2023,052302353,2,1,1,1,15,3,3,0,0,0,0,0,1,2,E01007054,-1,0,0.06485,0.93515,-1,6,30,1,1,1,18:45,3,2,1
2023471314502,2023,471314502,1,1,1,2,57,9,2,0,0,0,0,0,5,8,E01022935,5,1,1.0,0.0,-1,6,60,1,1,1,10:21,7,1,5
2023041380616,2023,041380616,2,2,2,2,9,2,3,0,0,2,0,0,9,9,E01025545,3,1,0.0,1.0,-1,6,20,1,1,1,18:22,3,2,9
2023131379676,2023,131379676,2,1,1,1,37,7,3,0,0,0,0,0,9,9,E01011937,3,1,0.0,1.0,-1,6,50,1,4,2,16:20,1,3,9
2023161326307,2023,161326307,1,1,1,2,52,8,3,0,0,0,0,0,9,9,E01013216,3,1,0.0,1.0,-1,7,70,1,1,1,13:05,4,2,9
2023332300845,2023,332300845,3,1,1,2,23,5,3,0,0,0,0,0,9,10,E01025834,-1,0,0.01329,0.98671,-1,6,30,1,1,1,11:04,4,3,9
2023440287304,2023,440287304,1,1,1,2,34,6,3,0,0,0,0,0,9,5,E01033229,-1,0,0.05211,0.94789,-1,6,50,1,1,1,14:30,2,2,9
202354D061423,2023,54D061423,1,1,1,1,76,11,3,0,0,0,0,0,9,3,E01031856,-1,0,0.07065,0.92935,-1,6,30,1,6,1,17:35,7,2,9
2023101264520,2023,101264520,1,1,3,2,33,6,3,5,3,0,0,0,0,2,E01008430,3,1,0.0,1.0,-1,6,30,8,1,4,08:50,2,1,9
2023161355725,2023,161355725,2,1,1,1,84,11,3,0,0,0,0,0,9,2,E01013071,3,1,0.0,1.0,-1,3,30,1,1,1,11:38,1,2,9
2023461315552,2023,461315552,1,1,1,2,19,4,3,0,0,0,0,0,9,7,E01016089,3,1,0.0,1.0,-1,6,30,1,1,1,20:42,6,2,9
2023501333056,2023,501333056,2,1,1,1,34,6,3,0,0,0,0,0,9,5,E01018831,3,1,0.0,1.0,-1,6,30,1,1,1,16:50,4,2,9
2023622300973,2023,622300973,1,1,1,2,32,6,3,0,0,0,0,0,9,7,W01001108,-1,0,0.0336,0.9664,-1,6,30,1,1,1,07:54,4,3,9
2023070205783,2023,070205783,1,1,3,2,10,2,3,5,1,0,0,0,0,2,E01012384,-1,0,0.07192,0.92808,-1,6,20,1,1,1,15:15,6,1,9
2023501339151,2023,501339151,2,1,1,1,87,11,2,0,0,0,0,0,3,-1,-1,5,1,1.0,0.0,-1,6,30,1,1,1,06:11,2,2,3
2023302301615,2023,302301615,2,1,1,2,52,8,3,0,0,0,0,0,9,6,E01019434,-1,0,0.02227,0.97773,-1,6,30,8,5,2,07:20,5,2,9
2023332300388,2023,332300388,5,3,1,1,47,8,3,0,0,0,0,0,19,10,E01025914,-1,0,0.03278,0.96722,-1,3,70,1,1,1,14:05,5,5,19
2023131258833,2023,131258833,1,1,3,1,52,8,2,9,8,0,0,2,0,-1,-1,7,1,1.0,0.0,-1,6,60,1,1,1,12:30,2,1,9
2023302300087,2023,302300087,2,1,2,1,31,6,3,0,0,1,0,0,9,3,E01013531,-1,0,0.02164,0.97836,-1,6,30,1,1,2,12:00,7,2,9
2023421285743,2023,421285743,1,1,3,1,41,7,2,1,9,0,0,0,0,2,E01015931,7,1,1.0,0.0,-1,6,30,2,4,2,19:19,7,1,9
2023010442609,2023,010442609,2,1,1,1,19,4,3,0,0,0,0,0,5,7,E01003673,-1,0,0.0,1.0,-1,6,30,1,1,1,15:52,6,2,5
2023061352758,2023,061352758,2,1,2,2,45,7,3,0,0,1,0,0,9,3,E01004902,3,1,0.0,1.0,-1,6,30,1,1,1,13:10,7,2,9
2023131301297,2023,131301297,2,1,1,2,26,6,3,0,0,0,0,0,9,8,E01010860,3,1,0.0,1.0,-1,6,60,1,1,1,11:45,4,2,9
2023351358786,2023,351358786,1,1,1,2,33,6,3,0,0,0,0,0,9,4,E01032980,3,1,0.0,1.0,-1,6,60,1,1,1,09:20,5,1,9
2023440420879,2023,440420879,1,2,2,2,50,8,3,0,0,2,0,0,9,2,E01031010,-1,0,0.0805,0.9195,-1,6,30,1,1,1,08:41,7,2,9
2023010475547,2023,010475547,2,1,2,2,63,9,3,0,0,0,4,0,11,5,E01004137,-1,0,0.0,1.0,-1,2,20,1,1,1,15:25,5,2,11
2023101276773,2023,101276773,1,1,2,2,57,9,3,0,0,1,0,0,9,2,E01008489,3,1,0.0,1.0,-1,3,40,1,4,1,17:49,1,2,9
2023211346059,2023,211346059,3,2,2,2,10,2,3,0,0,2,0,0,9,-1,-1,3,1,0.0,1.0,-1,3,60,2,1,2,10:50,7,3,9