collision_index,collision_year,collision_ref_no,vehicle_reference,casualty_reference,casualty_class,sex_of_casualty,age_of_casualty,age_band_of_casualty,casualty_severity,pedestrian_location,pedestrian_movement,car_passenger,bus_or_coach_passenger,pedestrian_road_maintenance_worker,casualty_type,casualty_imd_decile,lsoa_of_casualty,enhanced_casualty_severity,casualty_injury_based,casualty_adjusted_severity_serious,casualty_adjusted_severity_slight,casualty_distance_banding,road_type,speed_limit,weather_conditions,light_conditions,road_surface_conditions,time,day_of_week,number_of_vehicles,vehicle_type
2023122300131,2023,122300131,1,2,3,2,32,6,2,10,9,0,0,0,0,1,E01013000,-1,0,1.0,0.0,-1,6,60,1,6,2,17:57,7,1,9
2023421273938,2023,421273938,1,1,3,2,15,3,3,4,1,0,0,0,0,2,E01021322,3,1,0.0,1.0,-1,6,30,1,1,1,15:43,4,1,9
2023061306832,2023,061306832,2,3,1,2,38,7,3,0,0,0,0,0,9,1,E01005245,3,1,0.0,1.0,-1,6,30,1,1,1,18:11,6,4,9
2023430291801,2023,430291801,1,4,2,1,8,2,3,0,0,2,0,0,9,8,E01016830,-1,0,0.06029,0.93971,-1,6,60,1,1,1,11:05,1,2,9
2023471328337,2023,471328337,1,1,1,1,74,10,3,0,0,0,0,0,9,5,E01021494,3,1,0.0,1.0,-1,3,70,1,1,1,12:40,2,4,9
2023501289694,2023,501289694,2,1,1,2,36,7,3,0,0,0,0,0,9,3,E01020294,3,1,0.0,1.0,-1,6,30,1,1,4,08:50,6,2,9
2023201391723,2023,201391723,2,1,1,2,26,6,3,0,0,0,0,0,1,1,E01008972,3,1,0.0,1.0,-1,6,30,1,1,1,12:37,6,2,1
2023101376206,2023,101376206,1,1,1,1,26,6,3,0,0,0,0,0,9,4,E01020656,3,1,0.0,1.0,-1,6,60,1,6,2,23:20,6,1,9
2023131373612,2023,131373612,2,1,1,1,29,6,3,0,0,0,0,0,9,4,E01011892,3,1,0.0,1.0,-1,1,30,9,7,2,20:30,3,2,9
2023231305810,2023,231305810,2,2,1,2,22,5,2,0,0,0,0,0,9,2,E01031097,6,1,1.0,0.0,-1,6,50,1,1,1,19:29,3,2,9
2023451355670,2023,451355670,2,2,2,2,7,2,3,0,0,2,0,0,9,9,E01030672,3,1,0.0,1.0,-1,6,30,2,4,2,18:43,5,2,9
2023010425210,2023,010425210,2,4,1,1,40,7,3,0,0,0,0,0,9,5,E01021399,-1,0,0.0,1.0,-1,6,20,1,4,1,19:50,6,4,9
2023052302451,2023,052302451,2,1,1,1,75,10,3,0,0,0,0,0,9,8,E01007247,-1,0,0.03232,0.96768,-1,6,20,1,1,1,14:30,6,2,9
2023991286124,2023,991286124,2,1,1,2,67,10,3,0,0,0,0,0,9,8,-1,3,1,0.0,1.0,-1,7,40,9,4,1,22:15,7,2,9
2023010428483,2023,010428483,1,2,2,2,10,2,3,0,0,1,0,0,9,8,E01002499,-1,0,0.0,1.0,-1,6,30,1,1,1,17:05,5,2,9
2023131328821,2023,131328821,1,1,2,1,15,3,3,0,0,1,0,0,9,1,E01010653,3,1,0.0,1.0,-1,6,30,1,5,1,04:26,5,4,9
2023161391340,2023,161391340,1,1,1,1,29,6,3,0,0,0,0,0,9,-1,-1,3,1,0.0,1.0,-1,3,40,4,1,1,12:37,5,2,9
2023221360688,2023,221360688,1,3,2,1,31,6,2,0,0,1,0,0,9,4,E01028978,7,1,1.0,0.0,-1,6,60,2,6,2,00:01,1,3,9
2023231323428,2023,231323428,1,2,2,1,47,8,2,0,0,2,0,0,9,8,E01007362,6,1,1.0,0.0,-1,6,40,1,1,1,21:15,6,2,9
2023320470692,2023,320470692,1,5,1,2,41,7,2,0,0,0,0,0,9,3,E01032785,-1,0,1.0,0.0,-1,6,50,1,1,1,11:20,1,2,9
2023170S20393,2023,170S20393,1,1,1,1,40,7,3,0,0,0,0,0,1,8,E01011963,-1,0,0.13893,0.86107,-1,1,40,1,1,1,15:45,1,2,1
2023010428999,2023,010428999,1,1,1,1,34,6,3,0,0,0,0,0,3,4,E01001934,-1,0,0.0,1.0,-1,3,30,1,4,1,20:49,6,2,3
2023552300710,2023,552300710,2,1,1,1,29,6,2,0,0,0,0,0,5,5,E01015374,-1,0,1.0,0.0,-1,6,30,1,1,1,17:45,4,2,5
2023411417566,2023,411417566,2,1,1,1,35,6,3,0,0,0,0,0,9,5,E01017390,3,1,0.0,1.0,-1,6,30,1,1,1,18:38,3,2,9
2023010436340,2023,010436340,2,1,1,1,58,9,3,0,0,0,0,0,9,2,E01016039,-1,0,0.0,1.0,-1,3,30,1,1,1,07:30,6,2,9
2023041332262,2023,041332262,1,1,1,1,42,7,3,0,0,0,0,0,9,7,E01025123,3,1,0.0,1.0,-1,6,60,1,4,2,17:56,7,1,9
2023052300053,2023,052300053,2,2,2,2,31,6,3,0,0,1,0,0,9,5,E01012400,-1,0,0.06781,0.93219,-1,6,20,1,1,1,15:08,1,4,9
2023991353390,2023,991353390,2,2,1,1,18,4,2,0,0,0,0,0,9,9,-1,7,1,1.0,0.0,-1,3,60,2,6,2,00:26,2,2,9
2023101369494,2023,101369494,2,1,1,2,79,11,2,0,0,0,0,0,1,9,E01027482,7,1,1.0,0.0,-1,6,60,1,1,2,12:16,4,2,1
2023041311095,2023,041311095,2,1,1,1,18,4,3,0,0,0,0,0,3,8,E01025498,3,1,0.0,1.0,-1,6,50,1,1,1,08:20,3,2,3
2023201358409,2023,201358409,1,1,3,1,7,2,2,5,2,0,0,0,0,2,E01010299,7,1,1.0,0.0,-1,6,30,1,1,1,15:31,2,1,9
2023211343112,2023,211343112,1,1,3,2,39,7,3,9,6,0,0,0,0,-1,-1,3,1,0.0,1.0,-1,6,20,1,1,1,09:55,7,2,9
2023411372085,2023,411372085,2,1,1,1,30,6,3,0,0,0,0,0,3,3,E01001445,3,1,0.0,1.0,-1,6,20,1,1,1,12:45,6,2,3
2023141379815,2023,141379815,2,3,2,2,58,9,3,0,0,2,0,0,8,5,E01008136,3,1,0.0,1.0,-1,3,30,1,1,2,09:15,3,2,8
2023131295606,2023,131295606,1,1,1,1,44,7,3,0,0,0,0,0,9,4,E01010704,3,1,0.0,1.0,-1,7,30,1,1,1,11:00,4,2,9
2023311353162,2023,311353162,1,1,2,2,89,11,3,0,0,2,0,0,9,2,E01028284,3,1,0.0,1.0,-1,7,60,1,1,1,16:52,7,1,9
2023320470692,2023,320470692,1,1,2,2,36,7,2,0,0,2,0,0,9,2,E01004323,-1,0,1.0,0.0,-1,6,50,1,1,1,11:20,1,2,9
2023471294733,2023,471294733,1,4,1,1,75,10,3,0,0,0,0,0,9,10,E01021219,3,1,0.0,1.0,-1,6,60,1,1,1,13:15,6,2,9
2023440293459,2023,440293459,1,1,1,1,58,9,3,0,0,0,0,0,19,3,E01017019,-1,0,0.09043,0.90957,-1,3,40,1,1,1,13:24,6,2,19
2023361315455,2023,361315455,1,1,1,1,42,7,3,0,0,0,0,0,21,6,E01030037,3,1,0.0,1.0,-1,6,40,1,1,1,12:23,3,2,21
2023010432987,2023,010432987,1,1,1,2,88,11,3,0,0,0,0,0,9,6,E01001253,-1,0,0.0,1.0,-1,6,20,1,1,1,18:45,7,3,9
2023430450217,2023,430450217,1,2,2,2,23,5,3,0,0,1,0,0,9,9,E01017660,-1,0,0.00813,0.99187,-1,6,30,1,4,1,23:20,6,2,9
2023010465747,2023,010465747,1,1,1,2,33,6,3,0,0,0,0,0,1,7,E01003369,-1,0,0.0,1.0,-1,9,20,9,1,1,16:15,3,2,1
2023161361188,2023,161361188,1,1,3,1,85,11,3,10,9,0,0,2,0,7,E01013145,3,1,0.0,1.0,-1,6,30,1,1,1,14:21,2,2,9
2023430120754,2023,430120754,1,1,3,2,74,10,2,8,8,0,0,0,0,9,E01017783,-1,0,1.0,0.0,-1,6,30,1,1,1,11:50,6,1,9
2023010471592,2023,010471592,2,1,1,1,54,8,2,0,0,0,0,0,1,3,E01002532,-1,0,1.0,0.0,-1,6,30,1,1,2,15:40,5,2,1
202360A058186,2023,60A058186,1,1,1,1,27,6,3,0,0,0,0,0,9,-1,-1,-1,0,0.2131,0.7869,-1,6,60,1,4,1,21:55,6,1,9
2023010420240,2023,010420240,1,1,2,-1,-1,-1,3,0,0,0,3,0,11,1,E01000528,-1,0,0.0,1.0,-1,6,30,2,4,1,22:37,7,1,11
2023010435837,2023,010435837,1,1,3,1,22,5,2,1,3,0,0,0,0,5,E01004681,-1,0,1.0,0.0,-1,6,20,2,4,2,20:10,4,1,9
2023131291850,2023,131291850,1,1,3,2,50,8,2,8,1,0,0,2,0,1,E01010618,7,1,1.0,0.0,-1,6,30,1,1,1,17:31,4,1,97
2023031385364,2023,031385364,1,1,2,2,39,7,3,0,0,-1,0,0,9,6,E01019317,3,1,0.0,1.0,-1,6,60,5,6,5,15:35,7,1,9
2023052302752,2023,052302752,2,1,1,2,37,7,3,0,0,0,0,0,9,1,E01006661,-1,0,0.02933,0.97067,-1,3,30,1,1,1,08:00,4,2,9
2023141287385,2023,141287385,1,1,1,1,29,6,3,0,0,0,0,0,9,-1,-1,3,1,0.0,1.0,-1,6,40,1,4,1,01:20,7,1,9
2023451373574,2023,451373574,1,1,2,1,84,11,3,0,0,2,0,0,9,10,E01017894,3,1,0.0,1.0,-1,6,30,1,1,2,09:15,1,2,9
2023471306991,2023,471306991,2,2,2,1,43,7,3,0,0,1,0,0,9,7,E01000714,3,1,0.0,1.0,-1,6,60,1,1,1,15:25,7,3,9
2023471368715,2023,471368715,1,5,2,1,19,4,3,0,0,0,4,0,11,6,E01021105,3,1,0.0,1.0,-1,6,60,2,6,2,19:20,2,4,11
2023501292937,2023,501292937,1,1,2,1,78,11,3,0,0,0,4,0,11,4,E01015269,3,1,0.0,1.0,-1,3,30,1,1,1,17:45,2,2,11
2023440210677,2023,440210677,1,1,1,1,26,6,3,0,0,0,0,0,1,4,E01017110,-1,0,0.11111,0.88889,-1,6,30,1,1,1,20:45,7,2,1
2023010485970,2023,010485970,1,1,1,1,56,9,3,0,0,0,0,0,9,9,E01024275,-1,0,0.0,1.0,-1,6,20,2,4,2,17:00,2,2,9
2023041359961,2023,041359961,1,1,1,1,73,10,3,0,0,0,0,0,9,4,E01012714,3,1,0.0,1.0,-1,3,30,5,4,2,17:43,5,4,9
2023541182023,2023,541182023,2,1,1,2,38,7,3,0,0,0,0,0,9,3,E01031911,-1,0,0.01031,0.98969,-1,6,50,1,1,1,10:32,5,2,9
202354D084723,2023,54D084723,2,4,1,2,19,4,2,0,0,0,0,0,9,6,E01016340,-1,0,1.0,0.0,-1,6,60,1,6,1,15:59,1,3,9
2023631322679,2023,631322679,1,1,1,2,33,6,3,0,0,0,0,0,9,8,W01000552,3,1,0.0,1.0,-1,1,30,1,1,1,08:40,2,2,9
2023221384387,2023,221384387,1,1,1,1,25,5,3,0,0,0,0,0,19,1,E01028957,3,1,0.0,1.0,-1,6,60,1,6,4,07:30,4,2,19
2023461268812,2023,461268812,1,1,1,1,28,6,3,0,0,0,0,0,19,4,E01024582,3,1,0.0,1.0,-1,6,20,8,4,4,17:00,1,1,19
2023010477866,2023,010477866,2,1,1,1,32,6,3,0,0,0,0,0,1,4,E01000478,-1,0,0.0,1.0,-1,1,20,1,1,2,07:01,3,2,1
2023440417575,2023,440417575,1,1,1,1,18,4,3,0,0,0,0,0,3,3,E01017299,-1,0,0.19215,0.80785,-1,6,30,1,1,1,08:55,5,1,3
2023041379116,2023,041379116,1,4,1,2,33,6,3,0,0,0,0,0,9,2,E01025205,3,1,0.0,1.0,-1,9,70,1,6,1,18:00,7,2,9
2023131307038,2023,131307038,1,2,1,1,23,5,2,0,0,0,0,0,9,10,E01011649,6,1,1.0,0.0,-1,6,30,1,7,1,20:40,7,2,9
2023501328789,2023,501328789,1,1,1,2,72,10,3,0,0,0,0,0,9,7,E01018789,3,1,0.0,1.0,-1,2,30,1,1,1,20:41,3,1,9
2023351315968,2023,351315968,2,2,1,1,68,10,3,0,0,0,0,0,10,8,E01033118,3,1,0.0,1.0,-1,6,60,1,1,1,17:05,5,2,10
2023622300672,2023,622300672,2,1,1,2,42,7,3,0,0,0,0,0,1,1,W01001174,-1,0,0.0676,0.9324,-1,1,60,1,1,1,02:38,5,2,1
2023520400104,2023,520400104,1,1,1,2,17,4,3,0,0,0,0,0,9,4,E01020057,-1,0,0.06261,0.93739,-1,6,60,1,1,1,06:00,7,1,9
2023461387866,2023,461387866,1,3,2,1,41,7,3,0,0,1,0,0,19,-1,-1,3,1,0.0,1.0,-1,1,40,1,1,1,15:36,4,2,19
2023010483940,2023,010483940,1,1,1,1,31,6,3,0,0,0,0,0,1,2,E01003288,-1,0,0.0,1.0,-1,6,20,1,1,2,07:40,5,1,1
2023052300268,2023,052300268,2,2,2,2,13,3,3,0,0,1,0,0,9,3,E01007180,-1,0,0.07986,0.92014,-1,6,60,1,6,2,21:30,4,3,9
2023351292420,2023,351292420,2,2,1,2,37,7,2,0,0,0,0,0,9,7,E01018082,7,1,1.0,0.0,-1,6,50,2,6,2,19:20,7,2,9
2023401309226,2023,401309226,1,1,1,1,27,6,3,0,0,0,0,0,9,5,E01017615,3,1,0.0,1.0,-1,6,40,2,4,2,19:53,5,1,9
2023451292745,2023,451292745,2,1,1,1,34,6,3,0,0,0,0,0,9,5,E01000443,3,1,0.0,1.0,-1,3,70,1,5,1,10:50,7,2,9
2023461383581,2023,461383581,1,1,1,1,35,6,2,0,0,0,0,0,17,8,E01024221,6,1,1.0,0.0,-1,6,60,5,1,2,11:39,3,1,17
2023041365402,2023,041365402,2,1,1,1,14,3,3,0,0,0,0,0,1,1,E01024908,3,1,0.0,1.0,-1,6,30,2,1,2,15:15,5,2,1
2023332301162,2023,332301162,1,1,3,1,41,7,2,9,9,0,0,0,0,2,E01013646,-1,0,1.0,0.0,-1,6,30,1,1,1,10:10,4,1,19
2023141276418,2023,141276418,2,1,1,2,35,6,3,0,0,0,0,0,9,1,E01007369,3,1,0.0,1.0,-1,3,70,1,1,2,07:10,4,3,9
2023010424170,2023,010424170,2,1,1,1,24,5,3,0,0,0,0,0,1,1,E01001178,-1,0,0.0,1.0,-1,6,20,1,4,1,17:29,7,2,1
2023010432926,2023,010432926,1,1,1,1,22,5,3,0,0,0,0,0,3,3,E01002862,-1,0,0.0,1.0,-1,2,30,2,4,2,18:32,6,2,3
2023501283542,2023,501283542,2,1,1,2,46,8,2,0,0,0,0,0,3,3,E01015168,5,1,1.0,0.0,-1,3,30,8,4,2,21:10,7,2,3
2023010439168,2023,010439168,1,4,2,2,-1,-1,3,0,0,2,0,0,9,3,E01000381,-1,0,0.0,1.0,-1,6,20,1,4,1,20:30,7,2,9
2023041387896,2023,041387896,1,1,1,1,59,9,2,0,0,0,0,0,9,3,W01000287,7,1,1.0,0.0,-1,6,30,1,1,1,13:37,4,3,9
2023501360692,2023,501360692,1,1,1,2,72,10,2,0,0,0,0,0,9,-1,-1,6,1,1.0,0.0,-1,6,60,1,1,1,08:22,1,2,9
2023421378251,2023,421378251,2,1,1,1,45,7,3,0,0,0,0,0,3,7,E01033052,3,1,0.0,1.0,-1,6,30,1,1,2,15:09,5,4,3
2023010420924,2023,010420924,2,1,2,1,2,1,3,0,0,2,0,0,9,3,E01003989,-1,0,0.0,1.0,-1,6,20,2,1,2,10:10,5,2,9
2023101384154,2023,101384154,1,1,1,1,76,11,2,0,0,0,0,0,9,10,E01031175,5,1,1.0,0.0,-1,3,70,5,6,2,18:00,5,2,9
2023131391022,2023,131391022,2,1,1,1,35,6,3,0,0,0,0,0,9,-1,-1,3,1,0.0,1.0,-1,3,70,4,4,1,16:45,4,2,9
2023371326067,2023,371326067,1,1,1,2,22,5,3,0,0,0,0,0,9,5,E01018041,3,1,0.0,1.0,-1,6,30,1,1,5,07:00,4,1,9
2023622300112,2023,622300112,1,2,2,2,18,4,3,0,0,1,0,0,9,1,W01000885,-1,0,0.06702,0.93298,-1,6,30,1,4,1,03:53,7,1,9
2023010468594,2023,010468594,1,1,1,2,60,9,3,0,0,0,0,0,9,4,E01002551,-1,0,0.0,1.0,-1,6,30,1,4,1,20:15,3,2,9
2023010470831,2023,010470831,1,1,1,1,40,7,3,0,0,0,0,0,9,4,E01002665,-1,0,0.0,1.0,-1,9,30,8,4,1,08:28,1,2,9
2023070781566,2023,070781566,2,1,1,2,61,9,3,0,0,0,0,0,9,10,E01018419,-1,0,0.03887,0.96113,-1,6,30,1,1,1,14:00,2,2,9
2023440417526,2023,440417526,1,1,1,2,49,8,3,0,0,0,0,0,9,8,E01017351,-1,0,0.07692,0.92308,-1,6,40,1,1,2,08:28,5,2,9
2023041309725,2023,041309725,1,1,2,2,41,7,3,0,0,1,0,0,9,3,E01025209,3,1,0.0,1.0,-1,6,60,1,1,1,08:48,5,2,9
2023070824565,2023,070824565,2,1,1,2,48,8,3,0,0,0,0,0,9,9,E01018408,-1,0,0.01178,0.98822,-1,6,30,1,1,1,15:45,5,2,9
2023131349352,2023,131349352,1,1,1,1,59,9,3,0,0,0,0,0,9,8,E01011527,3,1,0.0,1.0,-1,3,60,1,1,1,05:30,4,1,9
2023440027609,2023,440027609,1,1,1,1,35,6,3,0,0,0,0,0,9,6,E01017271,-1,0,0.02261,0.97739,-1,6,40,1,1,1,10:48,7,2,9
2023471339634,2023,471339634,1,3,1,2,40,7,3,0,0,0,0,0,9,8,E01021197,3,1,0.0,1.0,-1,6,60,2,1,2,19:05,3,2,9
2023131289979,2023,131289979,2,1,1,1,48,8,3,0,0,0,0,0,1,10,E01011453,3,1,0.0,1.0,-1,6,30,1,1,1,08:42,3,2,1
2023161316510,2023,161316510,1,1,1,2,22,5,2,0,0,0,0,0,1,1,E01012783,7,1,1.0,0.0,-1,6,30,1,1,1,14:30,5,2,1
2023991375218,2023,991375218,2,1,1,2,40,7,3,0,0,0,0,0,1,10,-1,3,1,0.0,1.0,-1,6,30,1,1,1,08:00,5,2,1
2023131365006,2023,131365006,3,2,1,2,39,7,2,0,0,0,0,0,9,1,E01011494,7,1,1.0,0.0,-1,6,30,2,6,2,07:30,6,3,9
2023451311497,2023,451311497,3,3,1,2,35,6,2,0,0,0,0,0,9,7,E01030865,7,1,1.0,0.0,-1,6,30,1,1,1,07:21,3,3,9
2023471328656,2023,471328656,1,2,2,1,13,3,3,0,0,2,0,0,9,1,E01021015,3,1,0.0,1.0,-1,6,30,1,1,1,09:00,4,4,9
2023552300714,2023,552300714,2,3,1,2,22,5,3,0,0,0,0,0,9,6,E01020510,-1,0,0.05109,0.94891,-1,6,60,1,1,1,09:24,6,2,9
202360A139017,2023,60A139017,1,3,2,2,61,9,3,0,0,1,0,0,9,-1,-1,-1,0,0.09881,0.90119,-1,6,30,1,4,1,21:21,3,2,9
2023010479335,2023,010479335,2,1,1,2,39,7,3,0,0,0,0,0,9,6,E01000778,-1,0,0.0,1.0,-1,6,20,1,1,2,08:00,3,3,9
2023131301321,2023,131301321,2,1,1,2,27,6,3,0,0,0,0,0,9,1,E01011430,3,1,0.0,1.0,-1,6,30,1,1,1,16:40,4,2,9
2023401299455,2023,401299455,2,1,1,1,24,5,3,0,0,0,0,0,9,9,E01018181,3,1,0.0,1.0,-1,1,70,1,1,1,13:39,7,2,9
2023451279462,2023,451279462,2,1,1,2,52,8,3,0,0,0,0,0,9,10,E01030323,3,1,0.0,1.0,-1,6,50,1,1,1,10:20,7,2,9
2023461369576,2023,461369576,2,4,2,2,40,7,3,0,0,2,0,0,9,3,E01016005,3,1,0.0,1.0,-1,3,60,1,1,2,16:00,4,2,9
202360A079656,2023,60A079656,2,2,1,2,32,6,3,0,0,0,0,0,9,-1,-1,-1,0,0.07643,0.92357,-1,6,40,1,1,1,12:45,7,2,9
2023991392917,2023,991392917,1,1,1,1,19,4,3,0,0,0,0,0,9,5,-1,3,1,0.0,1.0,-1,6,30,1,1,1,12:52,5,2,9
2023010427827,2023,010427827,1,1,1,1,46,8,3,0,0,0,0,0,1,1,E01003087,-1,0,0.0,1.0,-1,6,30,1,4,2,17:45,5,2,1
2023010479989,2023,010479989,2,1,1,1,22,5,3,0,0,0,0,0,3,6,E01001059,-1,0,0.0,1.0,-1,6,20,1,6,1,16:45,6,2,3
2023010449836,2023,010449836,1,1,1,-1,22,5,3,0,0,0,0,0,5,6,E01003957,-1,0,0.0,1.0,-1,6,20,9,7,9,23:20,7,2,5
2023471274994,2023,471274994,2,1,1,2,41,7,2,0,0,0,0,0,9,8,E01031892,5,1,1.0,0.0,-1,3,70,1,4,1,19:03,6,3,9
2023411308824,2023,411308824,2,1,1,1,29,6,3,0,0,0,0,0,19,8,E01033028,3,1,0.0,1.0,-1,6,40,1,1,-1,18:00,6,2,19
2023421325307,2023,421325307,1,1,3,2,74,10,3,1,1,0,0,0,0,8,E01021959,3,1,0.0,1.0,-1,6,30,1,1,1,09:42,2,1,5
2023231267313,2023,231267313,2,1,1,1,48,8,2,0,0,0,0,0,5,8,E01031103,7,1,1.0,0.0,-1,6,30,1,7,4,16:53,3,2,5
2023052300061,2023,052300061,2,1,1,2,26,6,3,0,0,0,0,0,9,8,E01007075,-1,0,0.0048,0.9952,-1,2,30,1,1,1,13:54,7,2,9
2023332300781,2023,332300781,2,1,2,2,77,11,2,0,0,1,0,0,9,10,E01025906,-1,0,1.0,0.0,-1,6,60,1,1,1,19:20,6,2,9
2023010462630,2023,010462630,1,1,3,2,65,9,2,1,3,0,0,0,0,6,E01002024,-1,0,1.0,0.0,-1,6,20,1,1,1,09:07,1,1,19
2023061328447,2023,061328447,1,2,3,1,5,1,3,5,3,0,0,0,0,-1,-1,3,1,0.0,1.0,-1,6,30,1,1,1,15:25,3,1,9
2023201356295,2023,201356295,2,1,1,1,12,3,3,0,0,0,0,0,1,5,E01010488,3,1,0.0,1.0,-1,6,30,1,1,1,16:39,4,2,1
2023070264097,2023,070264097,2,1,1,1,30,6,3,0,0,0,0,0,3,7,E01018369,-1,0,0.18142,0.81858,-1,3,70,8,6,2,00:45,4,2,3
2023061327919,2023,061327919,2,2,2,1,51,8,3,0,0,1,0,0,9,6,E01005010,3,1,0.0,1.0,-1,7,30,1,1,1,20:37,1,2,9
2023122300905,2023,122300905,1,1,1,2,39,7,3,0,0,0,0,0,9,4,E01010893,-1,0,0.03047,0.96953,-1,6,60,1,1,2,14:59,6,2,9
2023122301033,2023,122301033,1,1,1,1,75,10,2,0,0,0,0,0,9,10,W01001116,-1,0,1.0,0.0,-1,3,70,1,1,1,18:20,2,1,9
2023141343749,2023,141343749,2,1,1,1,39,7,3,0,0,0,0,0,9,9,E01007951,3,1,0.0,1.0,-1,6,30,1,1,1,10:30,1,2,9
2023471373544,2023,471373544,1,1,1,2,17,4,3,0,0,0,0,0,9,3,E01031347,3,1,0.0,1.0,-1,6,60,1,1,2,07:30,1,1,9
202363C024023,2023,63C024023,1,2,2,1,16,4,3,0,0,1,0,0,9,1,W01000592,-1,0,0.09692,0.90308,-1,6,60,5,1,2,09:00,3,2,9
2023440055394,2023,440055394,1,1,3,2,39,7,3,5,1,0,0,0,0,3,E01017089,-1,0,0.07599,0.92401,-1,6,30,1,1,1,13:00,5,1,9
2023010442392,2023,010442392,1,1,1,1,33,6,3,0,0,0,0,0,3,3,E01016358,-1,0,0.0,1.0,-1,9,30,9,1,9,17:24,4,2,3
2023361365741,2023,361365741,1,1,1,1,26,6,3,0,0,0,0,0,3,1,E01026662,3,1,0.0,1.0,-1,6,30,1,1,1,15:00,1,2,3
2023010476416,2023,010476416,1,1,1,1,32,6,3,0,0,0,0,0,4,3,E01004038,-1,0,0.0,1.0,-1,6,20,1,1,1,10:55,3,2,4
2023201292359,2023,201292359,1,2,2,2,62,9,2,0,0,1,0,0,9,7,E01010246,6,1,1.0,0.0,-1,6,30,1,1,1,11:04,3,2,9
2023311327426,2023,311327426,1,1,2,2,16,4,2,0,0,2,0,0,9,-1,-1,6,1,1.0,0.0,-1,6,30,1,4,1,22:53,7,1,9
2023320143640,2023,320143640,1,1,1,1,64,9,2,0,0,0,0,0,21,-1,-1,-1,0,1.0,0.0,-1,3,70,1,1,1,13:10,4,1,21
2023421339599,2023,421339599,1,1,3,1,85,11,2,5,9,0,0,0,0,3,E01022047,7,1,1.0,0.0,-1,6,30,5,1,2,13:15,3,1,9
202360A155342,2023,60A155342,1,1,3,2,13,3,3,5,2,0,0,0,0,-1,-1,-1,0,0.09531,0.90469,-1,6,30,1,1,1,15:45,2,1,9
2023320716466,2023,320716466,1,2,2,2,23,5,3,0,0,1,0,0,9,3,E01026117,-1,0,0.06845,0.93155,-1,6,30,9,6,2,18:00,1,1,9
2023371270783,2023,371270783,1,2,1,2,50,8,3,0,0,0,0,0,9,10,E01030050,3,1,0.0,1.0,-1,6,60,1,6,1,17:44,3,2,9
2023461362339,2023,461362339,1,2,2,1,0,1,3,0,0,-1,0,0,9,4,E01016097,3,1,0.0,1.0,-1,3,70,1,6,1,22:18,3,1,9
2023332300146,2023,332300146,1,1,1,1,38,7,3,0,0,0,0,0,19,6,E01031025,-1,0,0.03126,0.96874,-1,6,60,8,1,2,07:20,2,2,19
2023010470764,2023,010470764,1,1,3,1,12,3,3,5,1,0,0,0,0,3,E01001117,-1,0,0.0,1.0,-1,6,30,1,1,1,13:50,1,1,9
2023070883164,2023,070883164,1,1,1,1,33,6,3,0,0,0,0,0,5,4,E01029808,-1,0,0.17545,0.82455,-1,3,70,1,1,1,09:29,6,1,5
2023010484059,2023,010484059,1,1,1,2,35,6,3,0,0,0,0,0,9,2,E01001515,-1,0,0.0,1.0,-1,3,40,1,4,2,21:10,5,3,9
2023302300491,2023,302300491,2,2,2,2,21,5,3,0,0,0,0,0,-1,9,E01019835,-1,0,0.11447,0.88553,-1,6,30,1,1,2,15:30,7,2,-1
2023101321140,2023,101321140,1,1,3,1,52,8,3,6,8,0,0,0,0,3,E01008405,3,1,0.0,1.0,-1,6,50,1,1,1,16:00,2,1,9
2023061283118,2023,061283118,2,1,1,1,28,6,3,0,0,0,0,0,9,4,E01005730,3,1,0.0,1.0,-1,6,30,1,4,1,18:45,6,2,9
2023430163734,2023,430163734,2,1,2,2,53,8,3,0,0,1,0,0,9,7,E01017379,-1,0,0.07653,0.92347,-1,6,60,1,1,1,12:59,7,2,9
2023122300154,2023,122300154,2,1,1,1,46,8,3,0,0,0,0,0,1,7,E01013364,-1,0,0.06902,0.93098,-1,1,30,1,1,2,14:55,6,2,1
2023201461618,2023,201461618,2,1,1,1,25,5,3,0,0,0,0,0,1,1,E01008976,3,1,0.0,1.0,-1,1,30,2,4,2,07:27,5,2,1
2023221323237,2023,221323237,2,2,2,2,29,6,3,0,0,0,0,0,5,7,E01029405,3,1,0.0,1.0,-1,6,60,1,1,1,13:45,1,2,5
2023052300240,2023,052300240,1,1,3,1,68,10,2,10,1,0,0,0,0,1,E01006432,-1,0,1.0,0.0,-1,6,30,8,4,2,07:20,4,1,9
2023311279755,2023,311279755,1,1,3,1,35,6,3,5,1,0,0,0,0,6,E01019482,3,1,0.0,1.0,-1,6,30,1,1,1,12:27,5,1,9
2023522300694,2023,522300694,1,1,3,1,73,10,3,5,3,0,0,0,0,8,E01014821,-1,0,0.17679,0.82321,-1,6,30,2,4,2,18:09,7,1,9
2023010481551,2023,010481551,1,1,1,2,35,6,3,0,0,0,0,0,1,-1,-1,-1,0,0.0,1.0,-1,1,20,1,4,1,15:45,7,2,1
2023501294615,2023,501294615,1,1,2,2,19,4,3,0,0,1,0,0,9,4,E01018980,3,1,0.0,1.0,-1,6,30,1,1,1,13:43,6,2,9