collision_index,collision_year,collision_ref_no,vehicle_reference,casualty_reference,casualty_class,sex_of_casualty,age_of_casualty,age_band_of_casualty,casualty_severity,pedestrian_location,pedestrian_movement,car_passenger,bus_or_coach_passenger,pedestrian_road_maintenance_worker,casualty_type,casualty_imd_decile,lsoa_of_casualty,enhanced_casualty_severity,casualty_injury_based,casualty_adjusted_severity_serious,casualty_adjusted_severity_slight,casualty_distance_banding,road_type,speed_limit,weather_conditions,light_conditions,road_surface_conditions,time,day_of_week,number_of_vehicles,vehicle_type
2023461395081,2023,461395081,2,3,2,2,24,5,3,0,0,1,0,0,9,7,E01024592,3,1,0.0,1.0,-1,6,30,1,1,1,12:32,1,2,9
2023461274149,2023,461274149,2,2,1,1,23,5,3,0,0,0,0,0,9,2,E01024294,3,1,0.0,1.0,-1,6,30,1,4,1,20:00,6,2,9
2023631312008,2023,631312008,2,1,1,2,44,7,3,0,0,0,0,0,9,8,W01000467,3,1,0.0,1.0,-1,6,60,1,1,1,16:30,5,2,9
2023010476822,2023,010476822,1,1,1,2,36,7,3,0,0,0,0,0,9,-1,-1,-1,0,0.0,1.0,-1,6,30,1,4,1,18:10,6,2,9
2023211272550,2023,211272550,2,1,1,1,43,7,3,0,0,0,0,0,9,5,E01019456,3,1,0.0,1.0,-1,6,60,1,1,1,11:40,7,2,9
2023471330328,2023,471330328,1,1,1,1,44,7,3,0,0,0,0,0,9,6,E01031529,3,1,0.0,1.0,-1,1,70,2,1,2,06:15,7,2,9
2023131293726,2023,131293726,2,2,2,2,74,10,3,0,0,1,0,0,9,2,E01011809,3,1,0.0,1.0,-1,6,30,1,1,1,15:52,3,2,9
2023441384076,2023,441384076,2,1,1,2,18,4,3,0,0,0,0,0,9,8,E01022502,3,1,0.0,1.0,-1,3,70,2,6,2,16:20,5,3,9
2023991389421,2023,991389421,1,1,1,1,78,11,2,0,0,0,0,0,9,4,-1,5,1,1.0,0.0,-1,6,60,1,1,2,13:00,3,2,9
2023311398229,2023,311398229,1,1,2,2,61,9,3,0,0,1,0,0,9,-1,-1,3,1,0.0,1.0,-1,3,30,9,4,1,21:05,1,2,9
2023991301452,2023,991301452,2,1,1,2,37,7,3,0,0,0,0,0,9,7,-1,3,1,0.0,1.0,-1,6,30,1,1,1,10:30,4,2,9
2023522301439,2023,522301439,2,1,1,1,18,4,3,0,0,0,0,0,16,5,E01014886,-1,0,0.0716,0.9284,-1,6,60,1,1,1,12:00,1,2,16
2023351330456,2023,351330456,1,1,1,2,20,4,3,0,0,0,0,0,1,10,E01017986,3,1,0.0,1.0,-1,6,20,1,1,1,12:40,1,2,1
2023010484679,2023,010484679,1,1,1,1,42,7,3,0,0,0,0,0,3,3,E01000522,-1,0,0.0,1.0,-1,6,30,1,4,1,18:01,6,2,3
2023101383239,2023,101383239,1,2,3,2,39,7,3,10,9,0,0,0,0,2,E01008633,3,1,0.0,1.0,-1,6,30,3,4,3,00:15,1,1,8
2023010436676,2023,010436676,2,2,2,1,22,5,3,0,0,1,0,0,9,10,E01030670,-1,0,0.0,1.0,-1,3,30,2,1,2,07:58,2,2,9
2023101364042,2023,101364042,1,1,2,1,11,3,3,0,0,2,0,0,9,10,E01008378,3,1,0.0,1.0,-1,6,30,1,4,1,22:50,7,1,9
2023010420885,2023,010420885,1,2,2,1,28,6,3,0,0,1,0,0,9,1,E01001978,-1,0,0.0,1.0,-1,6,20,2,4,2,23:33,4,3,9
2023010472818,2023,010472818,1,1,1,2,40,7,3,0,0,0,0,0,9,3,E01032581,-1,0,0.0,1.0,-1,9,20,1,1,1,08:20,5,2,9
2023010478552,2023,010478552,2,2,1,1,68,10,3,0,0,0,0,0,9,2,E01002608,-1,0,0.0,1.0,-1,3,30,1,1,2,11:36,6,2,9
2023010457573,2023,010457573,2,1,1,1,57,9,3,0,0,0,0,0,1,4,E01000928,-1,0,0.0,1.0,-1,6,20,1,1,1,18:53,5,2,1
2023010473081,2023,010473081,1,1,1,-1,46,8,3,0,0,0,0,0,3,6,E01001160,-1,0,0.0,1.0,-1,6,20,9,1,9,14:49,5,2,3
2023010448085,2023,010448085,1,2,2,2,10,2,3,0,0,1,0,0,9,8,E01003876,-1,0,0.0,1.0,-1,6,20,8,4,1,21:50,5,2,9
2023010471825,2023,010471825,1,1,1,1,22,5,3,0,0,0,0,0,1,4,E01000916,-1,0,0.0,1.0,-1,6,20,1,1,1,16:05,6,3,1
2023010458896,2023,010458896,1,1,1,2,26,6,3,0,0,0,0,0,9,7,E01001996,-1,0,0.0,1.0,-1,3,30,1,1,1,15:18,6,1,9
2023101385382,2023,101385382,2,1,1,1,26,6,3,0,0,0,0,0,9,7,E01008313,3,1,0.0,1.0,-1,6,20,1,4,2,20:45,5,2,9
2023141351518,2023,141351518,1,2,2,2,9,2,3,0,0,-1,0,0,9,6,E01011228,3,1,0.0,1.0,-1,6,30,1,1,1,19:00,1,2,9
2023451309579,2023,451309579,3,2,1,1,36,7,3,0,0,0,0,0,19,4,E01003826,3,1,0.0,1.0,-1,6,40,1,1,1,16:00,6,3,19
2023010452201,2023,010452201,1,1,1,1,26,6,3,0,0,0,0,0,3,2,E01003093,-1,0,0.0,1.0,-1,9,30,9,1,9,15:30,4,2,3
2023052300783,2023,052300783,2,1,1,1,21,5,3,0,0,0,0,0,9,1,E01006613,-1,0,0.02279,0.97721,-1,3,30,1,1,1,19:30,7,2,9
2023131323431,2023,131323431,2,1,2,2,36,7,3,0,0,1,0,0,9,1,E01012643,3,1,0.0,1.0,-1,3,70,1,4,1,21:57,5,2,9
2023141373498,2023,141373498,1,1,1,1,23,5,3,0,0,0,0,0,9,1,E01007715,3,1,0.0,1.0,-1,6,30,1,4,1,18:55,7,1,9
2023221364921,2023,221364921,1,1,2,1,38,7,2,0,0,1,0,0,9,4,E01031087,6,1,1.0,0.0,-1,3,70,2,4,5,03:30,6,1,9
2023010455356,2023,010455356,1,1,3,2,50,8,2,1,9,0,0,0,0,4,E01002406,-1,0,1.0,0.0,-1,6,20,1,1,1,09:32,7,1,3
2023440362570,2023,440362570,1,1,1,1,17,4,2,0,0,0,0,0,3,4,E01017171,-1,0,1.0,0.0,-1,6,30,1,1,1,15:17,4,3,3
2023101385870,2023,101385870,1,2,1,1,61,9,3,0,0,0,0,0,9,4,E01027442,3,1,0.0,1.0,-1,6,30,2,1,2,13:30,1,2,9
2023221284903,2023,221284903,1,2,2,1,53,8,2,0,0,1,0,0,9,-1,-1,5,1,1.0,0.0,-1,6,60,1,6,2,20:45,6,1,9
2023351321619,2023,351321619,2,3,2,1,42,7,3,0,0,1,0,0,9,9,-1,3,1,0.0,1.0,-1,6,40,1,1,1,15:25,5,4,9
2023451387396,2023,451387396,1,2,2,2,10,2,3,0,0,1,0,0,9,10,E01030641,3,1,0.0,1.0,-1,3,70,1,6,2,16:30,3,2,9
2023161281965,2023,161281965,2,1,1,1,39,7,3,0,0,0,0,0,1,1,E01012864,3,1,0.0,1.0,-1,3,30,1,4,1,18:15,4,2,1
2023161351792,2023,161351792,1,1,3,1,60,9,3,6,9,0,0,1,0,-1,-1,3,1,0.0,1.0,-1,6,20,9,1,1,17:18,4,1,19
2023231393094,2023,231393094,1,1,3,1,46,8,3,5,3,0,0,-1,0,10,E01031157,3,1,0.0,1.0,-1,6,30,1,1,-1,14:00,5,2,9
2023010475635,2023,010475635,1,1,3,1,12,3,2,5,9,0,0,0,0,2,E01003712,-1,0,1.0,0.0,-1,6,30,8,1,1,08:30,6,1,19
2023531314635,2023,531314635,1,1,3,1,37,7,2,5,2,0,0,0,0,2,W01001642,7,1,1.0,0.0,-1,6,20,1,1,1,20:01,7,1,1
2023010446014,2023,010446014,1,1,1,1,36,7,3,0,0,0,0,0,3,3,E01001162,-1,0,0.0,1.0,-1,3,30,1,1,1,13:22,3,2,3
2023311305484,2023,311305484,1,1,1,2,25,5,3,0,0,0,0,0,9,2,E01013814,3,1,0.0,1.0,-1,6,30,1,1,2,15:37,3,2,9
2023991391866,2023,991391866,1,1,1,1,58,9,3,0,0,0,0,0,9,5,-1,3,1,0.0,1.0,-1,3,60,2,6,2,18:30,7,3,9
2023010427856,2023,010427856,1,1,1,1,33,6,3,0,0,0,0,0,1,1,E01004722,-1,0,0.0,1.0,-1,9,30,9,1,9,12:14,7,2,1
2023471293045,2023,471293045,2,1,1,1,54,8,3,0,0,0,0,0,5,5,E01009556,3,1,0.0,1.0,-1,6,40,1,6,1,22:50,1,2,5
2023041371293,2023,041371293,1,2,2,1,20,4,3,0,0,2,0,0,9,1,E01012571,3,1,0.0,1.0,-1,6,30,2,4,2,21:40,1,2,9
2023211290612,2023,211290612,1,1,1,1,24,5,3,0,0,0,0,0,9,9,E01014318,3,1,0.0,1.0,-1,3,70,1,1,1,13:05,1,1,9
2023211332784,2023,211332784,2,2,2,2,34,6,3,0,0,1,0,0,9,9,E01029518,3,1,0.0,1.0,-1,3,60,1,1,1,11:20,1,2,9
2023221289059,2023,221289059,2,4,2,1,12,3,3,0,0,1,0,0,9,5,E01014032,3,1,0.0,1.0,-1,6,30,1,1,1,08:40,5,2,9
2023421366084,2023,421366084,2,1,1,1,65,9,3,0,0,0,0,0,9,6,E01015878,3,1,0.0,1.0,-1,1,50,1,4,1,21:05,2,2,9
2023010463716,2023,010463716,1,1,1,2,33,6,3,0,0,0,0,0,1,5,E01032803,-1,0,0.0,1.0,-1,2,40,1,1,1,15:20,7,2,1
2023041389804,2023,041389804,1,1,3,1,13,3,2,5,1,0,0,1,0,1,E01012595,7,1,1.0,0.0,-1,6,30,2,4,2,07:41,2,1,9
2023111272237,2023,111272237,1,1,3,2,42,7,3,5,1,0,0,0,0,-1,-1,3,1,0.0,1.0,-1,6,30,1,1,1,16:38,6,1,9
2023421292610,2023,421292610,1,1,1,1,22,5,3,0,0,0,0,0,9,6,E01023317,3,1,0.0,1.0,-1,3,70,2,4,2,19:22,6,1,9
2023411348369,2023,411348369,1,4,2,1,6,2,3,0,0,2,0,0,9,9,E01030683,3,1,0.0,1.0,-1,3,70,1,1,1,08:18,3,3,9
2023421374107,2023,421374107,1,1,1,2,73,10,2,0,0,0,0,0,9,7,E01022067,7,1,1.0,0.0,-1,3,40,1,4,1,17:38,2,1,9
2023531393158,2023,531393158,2,3,2,2,24,5,3,0,0,2,0,0,9,6,E01022264,3,1,0.0,1.0,-1,6,30,1,4,1,17:50,6,2,9
2023010469584,2023,010469584,2,1,1,2,36,7,3,0,0,0,0,0,3,3,E01001547,-1,0,0.0,1.0,-1,6,30,2,1,2,16:30,2,2,3
2023052302395,2023,052302395,1,1,1,1,84,11,3,0,0,0,0,0,9,6,E01007028,-1,0,0.11037,0.88963,-1,6,30,1,1,1,15:00,6,2,9
2023070958785,2023,070958785,2,1,1,2,30,6,3,0,0,0,0,0,9,2,E01018400,-1,0,0.01174,0.98826,-1,6,30,1,1,1,09:54,3,2,9
2023211421494,2023,211421494,2,1,1,1,63,9,3,0,0,0,0,0,9,-1,-1,3,1,0.0,1.0,-1,3,70,1,1,1,10:25,5,2,9
2023221368851,2023,221368851,2,1,1,2,27,6,3,0,0,0,0,0,9,7,E01014137,3,1,0.0,1.0,-1,1,30,1,1,2,10:15,6,2,9
2023351362172,2023,351362172,2,3,2,1,14,3,3,0,0,1,0,0,9,2,E01015610,3,1,0.0,1.0,-1,6,30,1,4,1,01:05,3,2,9
2023010454582,2023,010454582,1,1,1,1,44,7,3,0,0,0,0,0,3,1,E01001430,-1,0,0.0,1.0,-1,7,20,8,1,1,17:26,2,2,3
2023401390647,2023,401390647,3,1,1,1,31,6,3,0,0,0,0,0,9,7,E01015659,3,1,0.0,1.0,-1,7,70,1,4,1,18:50,7,4,9
2023430193672,2023,430193672,1,1,3,2,71,10,3,5,3,0,0,0,0,5,E01016487,-1,0,0.11751,0.88249,-1,6,30,1,1,1,08:38,5,1,9
2023010464344,2023,010464344,2,1,1,1,55,8,3,0,0,0,0,0,1,5,E01003681,-1,0,0.0,1.0,-1,6,30,9,1,1,07:45,4,2,1
2023440355198,2023,440355198,1,1,1,1,27,6,3,0,0,0,0,0,1,-1,-1,-1,0,0.17366,0.82634,-1,6,30,1,4,1,05:35,7,2,1
2023311273863,2023,311273863,1,1,1,2,25,5,3,0,0,0,0,0,9,-1,-1,3,1,0.0,1.0,-1,6,50,1,6,4,01:27,1,1,9
2023361341353,2023,361341353,2,1,1,2,30,6,3,0,0,0,0,0,9,4,E01026445,3,1,0.0,1.0,-1,6,60,1,1,2,09:30,2,2,9
2023430458777,2023,430458777,2,2,1,2,23,5,3,0,0,0,0,0,9,7,E01022477,-1,0,0.01472,0.98528,-1,6,40,8,1,2,08:00,5,4,9
2023320425130,2023,320425130,2,1,1,2,30,6,3,0,0,0,0,0,1,3,E01026323,-1,0,0.08145,0.91855,-1,6,30,9,1,1,13:30,4,2,1
2023041374321,2023,041374321,1,1,3,1,75,10,3,5,3,0,0,0,0,1,E01012686,3,1,0.0,1.0,-1,6,20,1,4,2,17:55,2,1,9
2023131259931,2023,131259931,2,1,1,2,52,8,3,0,0,0,0,0,9,8,E01011653,3,1,0.0,1.0,-1,6,40,5,4,2,17:45,4,2,9
2023131392101,2023,131392101,2,2,2,2,13,3,3,0,0,2,0,0,9,1,E01011144,3,1,0.0,1.0,-1,6,30,1,1,2,13:28,1,2,9
2023451320680,2023,451320680,1,1,1,1,39,7,3,0,0,0,0,0,9,7,E01030613,3,1,0.0,1.0,-1,3,40,1,1,1,18:46,2,2,9
2023552300785,2023,552300785,3,2,1,1,81,11,3,0,0,0,0,0,9,4,E01015835,-1,0,0.09207,0.90793,-1,6,40,1,1,1,16:11,6,4,9
2023101353337,2023,101353337,2,3,2,1,18,4,3,0,0,2,0,0,9,-1,-1,3,1,0.0,1.0,-1,6,30,1,1,1,14:20,6,2,9
2023131294625,2023,131294625,1,1,1,2,38,7,3,0,0,0,0,0,9,1,E01010843,3,1,0.0,1.0,-1,6,30,1,1,1,15:05,6,1,9
2023332301154,2023,332301154,1,3,2,1,19,4,2,0,0,2,0,0,9,6,E01026339,-1,0,1.0,0.0,-1,6,60,1,6,2,21:00,7,1,9
2023471318749,2023,471318749,2,1,1,1,52,8,2,0,0,0,0,0,9,6,E01031523,5,1,1.0,0.0,-1,6,40,1,1,1,07:40,7,3,9
2023461351434,2023,461351434,1,1,3,1,2,1,3,6,9,0,0,0,0,3,E01016046,3,1,0.0,1.0,-1,6,20,1,1,1,11:00,3,1,-1
2023031302249,2023,031302249,2,1,1,1,38,7,3,0,0,0,0,0,9,7,-1,3,1,0.0,1.0,-1,3,70,1,1,1,12:10,7,2,9
2023451384953,2023,451384953,2,1,1,1,65,9,3,0,0,0,0,0,9,3,E01002532,3,1,0.0,1.0,-1,3,30,4,4,2,18:18,7,2,9
2023430128667,2023,430128667,1,1,1,1,60,9,3,0,0,0,0,0,22,3,E01016486,-1,0,0.19477,0.80523,-1,6,30,1,1,1,08:30,5,1,22
2023141290473,2023,141290473,1,1,1,2,39,7,3,0,0,0,0,0,9,9,E01019805,3,1,0.0,1.0,-1,6,30,1,1,1,16:55,6,2,9
2023201269692,2023,201269692,2,1,1,1,47,8,2,0,0,0,0,0,9,6,E01009749,7,1,1.0,0.0,-1,6,30,1,1,1,16:15,5,2,9
2023320563513,2023,320563513,2,1,1,1,27,6,3,0,0,0,0,0,9,7,E01026397,-1,0,0.03262,0.96738,-1,6,40,2,1,2,16:24,1,3,9
2023320610883,2023,320610883,1,1,1,1,20,4,3,0,0,0,0,0,9,7,E01026188,-1,0,0.0108,0.9892,-1,6,30,1,1,1,12:05,2,2,9
2023332300893,2023,332300893,1,1,2,1,22,5,3,0,0,2,0,0,9,7,E01019701,-1,0,0.02791,0.97209,-1,3,70,1,7,1,19:10,2,2,9
2023430235626,2023,430235626,2,3,2,1,66,10,3,0,0,2,0,0,9,9,E01028747,-1,0,0.01774,0.98226,-1,1,60,1,1,1,16:03,1,2,9
2023201414327,2023,201414327,1,2,2,1,21,5,3,0,0,2,0,0,9,5,E01009262,3,1,0.0,1.0,-1,6,30,2,5,2,23:57,7,2,9
202360A159481,2023,60A159481,1,1,1,1,61,9,3,0,0,0,0,0,19,-1,-1,-1,0,0.10302,0.89698,-1,6,20,1,1,1,10:22,4,3,19
2023041288373,2023,041288373,1,1,1,1,48,8,2,0,0,0,0,0,97,5,E01025522,6,1,1.0,0.0,-1,6,30,1,1,1,17:50,1,1,97
2023010463273,2023,010463273,1,1,3,2,12,3,3,5,1,0,0,0,0,6,E01004653,-1,0,0.0,1.0,-1,6,20,8,1,1,14:25,4,1,9
2023622400033,2023,622400033,1,1,1,2,47,8,3,0,0,0,0,0,1,4,W01000760,-1,0,0.07446,0.92554,-1,6,40,2,1,2,17:22,7,2,1
2023451321724,2023,451321724,1,1,1,1,27,6,3,0,0,0,0,0,2,7,E01016545,3,1,0.0,1.0,-1,6,30,1,1,1,16:10,5,2,2
2023311259087,2023,311259087,4,1,1,2,50,8,3,0,0,0,0,0,9,6,E01028016,3,1,0.0,1.0,-1,6,60,2,1,4,08:14,3,7,9
2023061304028,2023,061304028,1,1,1,-1,24,5,3,0,0,0,0,0,1,2,E01006405,3,1,0.0,1.0,-1,9,30,1,1,1,13:45,3,2,1
2023421351351,2023,421351351,1,1,1,1,22,5,2,0,0,0,0,0,5,8,E01023446,7,1,1.0,0.0,-1,3,70,1,1,1,12:02,1,2,5
2023131328797,2023,131328797,2,1,1,1,58,9,2,0,0,0,0,0,1,8,E01010758,5,1,1.0,0.0,-1,6,60,4,1,1,19:50,4,2,1
2023070439833,2023,070439833,1,2,2,1,13,3,3,0,0,2,0,0,5,9,E01018365,-1,0,0.26625,0.73375,-1,6,60,1,1,1,18:20,3,1,5
2023010425548,2023,010425548,1,1,1,1,21,5,3,0,0,0,0,0,9,8,E01003710,-1,0,0.0,1.0,-1,6,40,1,4,1,20:30,1,2,9
2023411352007,2023,411352007,1,1,1,1,40,7,3,0,0,0,0,0,9,-1,-1,3,1,0.0,1.0,-1,3,70,1,1,1,14:02,7,1,9
2023991290878,2023,991290878,1,1,1,2,59,9,3,0,0,0,0,0,9,6,-1,3,1,0.0,1.0,-1,6,30,1,1,1,09:02,2,2,9
2023041266511,2023,041266511,1,2,2,2,21,5,3,0,0,1,0,0,9,1,E01012595,3,1,0.0,1.0,-1,3,70,1,6,1,17:40,7,2,9
2023041392175,2023,041392175,1,3,2,1,15,3,2,0,0,2,0,0,9,7,E01025003,5,1,1.0,0.0,-1,6,30,1,4,1,22:27,2,1,9
2023052302521,2023,052302521,2,6,2,1,20,4,3,0,0,2,0,0,9,2,E01006898,-1,0,0.05624,0.94376,-1,3,40,2,4,2,19:15,7,2,9
2023201295795,2023,201295795,1,1,1,1,18,4,3,0,0,0,0,0,9,-1,-1,3,1,0.0,1.0,-1,6,30,1,1,1,11:47,5,3,9
2023201299482,2023,201299482,1,5,2,2,2,1,3,0,0,2,0,0,9,6,E01009496,3,1,0.0,1.0,-1,6,30,1,4,1,18:01,3,2,9
2023302301411,2023,302301411,1,1,1,-1,21,5,3,0,0,0,0,0,9,-1,-1,-1,0,0.09843,0.90157,-1,3,70,1,4,1,23:30,7,1,9
2023351356106,2023,351356106,2,1,1,1,34,6,3,0,0,0,0,0,9,5,E01027328,3,1,0.0,1.0,-1,6,60,1,1,1,09:45,7,3,9
2023461381485,2023,461381485,2,1,1,2,36,7,3,0,0,0,0,0,9,3,E01024497,3,1,0.0,1.0,-1,6,30,2,4,2,21:05,7,2,9
2023991325571,2023,991325571,2,4,2,2,16,4,3,0,0,2,0,0,9,10,-1,3,1,0.0,1.0,-1,3,40,2,1,2,16:45,3,3,9
2023010453327,2023,010453327,1,1,2,-1,-1,-1,3,0,0,1,0,0,9,7,E01001058,-1,0,0.0,1.0,-1,6,30,1,1,1,14:50,1,2,9
2023052302349,2023,052302349,2,2,1,1,23,5,3,0,0,0,0,0,9,1,E01006919,-1,0,0.04991,0.95009,-1,6,30,1,1,2,12:15,3,2,9
2023061294463,2023,061294463,2,1,1,1,47,8,3,0,0,0,0,0,9,6,E01005397,3,1,0.0,1.0,-1,6,30,1,1,1,14:45,4,2,9
2023461275999,2023,461275999,1,1,1,2,70,10,3,0,0,0,0,0,9,6,E01024736,3,1,0.0,1.0,-1,7,50,1,4,1,19:49,1,1,9
2023522300745,2023,522300745,1,1,3,2,32,6,3,1,9,0,0,0,0,5,E01014671,-1,0,0.03921,0.96079,-1,6,30,1,1,1,07:15,5,1,9
2023631349686,2023,631349686,2,1,1,1,70,10,3,0,0,0,0,0,1,6,W01000667,3,1,0.0,1.0,-1,6,50,1,1,1,11:10,2,2,1
2023991352804,2023,991352804,1,1,1,2,33,6,3,0,0,0,0,0,1,1,-1,3,1,0.0,1.0,-1,6,20,1,1,1,16:15,5,2,1
2023451259266,2023,451259266,1,3,2,2,26,6,3,0,0,1,0,0,9,7,E01030451,3,1,0.0,1.0,-1,3,30,2,4,2,19:20,3,2,9
2023170L30483,2023,170L30483,1,5,2,2,29,6,3,0,0,1,0,0,9,1,E01012091,-1,0,0.0657,0.9343,-1,6,30,1,1,1,16:10,7,2,9
2023010464637,2023,010464637,1,1,2,2,36,7,3,0,0,0,4,0,11,4,E01002315,-1,0,0.0,1.0,-1,1,30,1,1,1,12:15,5,2,11
2023010468980,2023,010468980,1,1,2,2,82,11,3,0,0,0,3,0,11,3,E01004019,-1,0,0.0,1.0,-1,6,20,1,1,1,11:25,6,2,11
2023010477994,2023,010477994,1,1,1,1,49,8,3,0,0,0,0,0,3,3,E01003564,-1,0,0.0,1.0,-1,2,20,2,4,2,14:32,3,2,3
2023010424610,2023,010424610,1,1,1,2,90,11,2,0,0,0,0,0,9,9,E01003801,-1,0,1.0,0.0,-1,7,30,1,1,1,17:00,3,1,9
2023070093005,2023,070093005,2,2,1,2,31,6,3,0,0,0,0,0,9,1,E01006351,-1,0,0.01539,0.98461,-1,6,60,1,1,1,15:00,4,2,9
2023101371710,2023,101371710,2,2,1,2,46,8,3,0,0,0,0,0,9,1,E01008485,3,1,0.0,1.0,-1,3,70,1,1,2,10:35,3,2,9
2023421318566,2023,421318566,1,1,2,1,-1,-1,3,0,0,1,0,0,9,-1,-1,3,1,0.0,1.0,-1,6,60,1,1,1,12:20,4,2,9
2023440355390,2023,440355390,1,1,1,1,60,9,3,0,0,0,0,0,9,-1,-1,-1,0,0.09221,0.90779,-1,3,30,1,1,1,10:45,7,3,9
2023622300666,2023,622300666,1,3,2,1,17,4,3,0,0,2,0,0,9,6,W01001058,-1,0,0.03821,0.96179,-1,6,30,2,1,2,19:59,3,1,9
2023010446490,2023,010446490,1,1,1,2,35,6,3,0,0,0,0,0,3,8,E01004135,-1,0,0.0,1.0,-1,3,30,1,1,1,19:07,5,2,3
2023201344940,2023,201344940,2,1,1,1,21,5,3,0,0,0,0,0,3,3,E01009655,3,1,0.0,1.0,-1,6,30,1,1,1,19:54,6,2,3
2023161306628,2023,161306628,2,2,1,1,43,7,3,0,0,0,0,0,9,-1,-1,3,1,0.0,1.0,-1,3,40,1,1,2,09:30,6,2,9
2023451308607,2023,451308607,3,3,1,1,25,5,3,0,0,0,0,0,9,10,E01022877,3,1,0.0,1.0,-1,3,50,1,1,1,16:50,4,3,9
2023451322335,2023,451322335,1,1,1,2,41,7,3,0,0,0,0,0,9,10,E01030882,3,1,0.0,1.0,-1,3,50,1,1,1,13:50,7,2,9
2023531295577,2023,531295577,1,1,1,1,44,7,3,0,0,0,0,0,9,1,E01027153,3,1,0.0,1.0,-1,6,60,5,1,2,19:25,3,3,9
202363D021623,2023,63D021623,1,1,2,2,20,4,3,0,0,1,0,0,9,1,W01001144,-1,0,0.17969,0.82031,-1,6,60,2,4,2,00:06,7,1,9
2023461344160,2023,461344160,1,1,1,1,28,6,2,0,0,0,0,0,21,5,E01024562,7,1,1.0,0.0,-1,1,60,1,1,1,10:48,4,1,21
2023471275119,2023,471275119,2,1,1,1,25,5,3,0,0,0,0,0,1,8,E01031603,3,1,0.0,1.0,-1,7,60,1,1,1,15:55,3,2,1
2023231342254,2023,231342254,1,1,1,1,33,6,2,0,0,0,0,0,5,9,E01031277,5,1,1.0,0.0,-1,6,60,1,1,1,17:15,1,2,5
2023010438884,2023,010438884,1,2,3,2,29,6,3,6,9,0,0,0,0,4,E01015622,-1,0,0.0,1.0,-1,6,20,1,4,1,17:59,7,1,4
2023501354068,2023,501354068,1,1,1,1,54,8,3,0,0,0,0,0,9,2,E01018797,3,1,0.0,1.0,-1,6,60,2,1,2,08:10,2,2,9
2023010436648,2023,010436648,1,4,2,2,15,3,3,0,0,2,0,0,9,6,E01003786,-1,0,0.0,1.0,-1,6,30,1,4,1,22:18,1,2,9
2023041284201,2023,041284201,2,1,1,2,29,6,3,0,0,0,0,0,9,8,E01025040,3,1,0.0,1.0,-1,6,30,1,4,1,20:55,4,2,9
2023211276238,2023,211276238,2,1,1,1,24,5,3,0,0,0,0,0,9,8,E01014314,3,1,0.0,1.0,-1,6,40,1,1,1,17:13,3,2,9
2023421354157,2023,421354157,1,1,1,1,29,6,3,0,0,0,0,0,9,3,E01021291,3,1,0.0,1.0,-1,3,50,1,1,1,16:48,3,2,9
2023440367302,2023,440367302,2,4,1,1,28,6,3,0,0,0,0,0,9,2,E01009100,-1,0,0.05001,0.94999,-1,3,70,1,1,1,11:20,7,2,9
2023461275305,2023,461275305,2,2,1,1,40,7,2,0,0,0,0,0,19,3,E01001188,7,1,1.0,0.0,-1,6,40,1,4,2,22:50,7,2,19
2023010432988,2023,010432988,2,1,1,1,57,9,3,0,0,0,0,0,9,3,E01000336,-1,0,0.0,1.0,-1,6,30,2,4,2,02:05,1,2,9
2023201293994,2023,201293994,2,2,1,1,67,10,3,0,0,0,0,0,9,2,E01008894,3,1,0.0,1.0,-1,6,30,1,1,1,15:44,2,3,9
2023041371854,2023,041371854,1,1,1,2,37,7,3,0,0,0,0,0,9,2,E01024951,3,1,0.0,1.0,-1,6,30,1,4,2,17:50,3,2,9
2023461279497,2023,461279497,2,2,1,1,80,11,2,0,0,0,0,0,9,8,E01024024,7,1,1.0,0.0,-1,6,60,2,1,2,14:36,4,2,9
2023501367296,2023,501367296,1,1,1,1,89,11,3,0,0,0,0,0,9,4,E01018965,3,1,0.0,1.0,-1,3,70,5,1,2,16:15,6,2,9
2023552300540,2023,552300540,1,1,2,2,17,4,3,0,0,1,0,0,9,6,E01020534,-1,0,0.12994,0.87006,-1,6,60,1,6,1,03:13,7,1,9
2023631357734,2023,631357734,1,1,1,1,63,9,3,0,0,0,0,0,9,9,E01014172,3,1,0.0,1.0,-1,6,60,8,1,1,10:07,6,1,9
2023010460313,2023,010460313,1,1,3,2,24,5,2,5,1,0,0,0,0,7,E01003039,-1,0,1.0,0.0,-1,6,20,1,4,1,21:55,7,1,3
2023311392124,2023,311392124,1,1,1,1,19,4,3,0,0,0,0,0,1,-1,-1,3,1,0.0,1.0,-1,6,30,2,4,2,13:00,2,2,1
2023340NN3192,2023,340NN3192,2,1,1,2,36,7,2,0,0,0,0,0,1,5,E01026970,-1,0,1.0,0.0,-1,1,30,1,4,1,20:20,1,2,1
2023010430887,2023,010430887,1,1,1,1,26,6,3,0,0,0,0,0,3,6,E01001159,-1,0,0.0,1.0,-1,2,30,1,1,1,16:30,2,2,3
2023010435277,2023,010435277,1,1,1,1,42,7,3,0,0,0,0,0,3,2,E01003024,-1,0,0.0,1.0,-1,6,20,2,1,2,15:30,6,2,3
2023010439764,2023,010439764,1,1,1,1,31,6,3,0,0,0,0,0,3,3,E01003164,-1,0,0.0,1.0,-1,6,30,1,1,1,16:05,3,2,3
2023161342355,2023,161342355,1,1,1,1,30,6,3,0,0,0,0,0,3,3,E01013086,3,1,0.0,1.0,-1,6,30,1,4,1,20:46,7,1,3