collision_index,collision_year,collision_ref_no,vehicle_reference,casualty_reference,casualty_class,sex_of_casualty,age_of_casualty,age_band_of_casualty,casualty_severity,pedestrian_location,pedestrian_movement,car_passenger,bus_or_coach_passenger,pedestrian_road_maintenance_worker,casualty_type,casualty_imd_decile,lsoa_of_casualty,enhanced_casualty_severity,casualty_injury_based,casualty_adjusted_severity_serious,casualty_adjusted_severity_slight,casualty_distance_banding,road_type,speed_limit,weather_conditions,light_conditions,road_surface_conditions,time,day_of_week,number_of_vehicles,vehicle_type
2023010457289,2023,010457289,1,1,1,2,28,6,3,0,0,0,0,0,9,-1,-1,-1,0,0.0,1.0,-1,6,20,1,1,1,15:45,3,2,9
2023041329447,2023,041329447,1,1,1,1,34,6,3,0,0,0,0,0,9,3,E01024897,3,1,0.0,1.0,-1,6,30,1,1,1,10:50,4,2,9
2023161281603,2023,161281603,1,1,1,2,18,4,3,0,0,0,0,0,9,7,E01007605,3,1,0.0,1.0,-1,3,70,2,1,2,06:33,4,2,9
2023010422759,2023,010422759,1,6,2,2,66,10,3,0,0,0,3,0,11,3,E01002407,-1,0,0.0,1.0,-1,6,30,1,4,1,17:49,7,1,11
2023361274377,2023,361274377,1,1,1,1,47,8,3,0,0,0,0,0,97,7,E01026655,3,1,0.0,1.0,-1,6,60,1,1,1,15:17,2,2,97
2023545706823,2023,545706823,2,1,1,1,44,7,2,0,0,0,0,0,1,5,E01032068,-1,0,1.0,0.0,-1,1,30,1,1,1,18:35,4,2,1
2023332301252,2023,332301252,1,1,1,2,29,6,3,0,0,0,0,0,9,10,E01033103,-1,0,0.00375,0.99625,-1,1,60,1,1,-1,14:01,5,2,9
2023401380242,2023,401380242,2,2,2,1,30,6,2,0,0,1,0,0,9,5,E01015739,7,1,1.0,0.0,-1,6,30,1,1,1,14:50,4,3,9
2023430539795,2023,430539795,1,1,1,2,29,6,3,0,0,0,0,0,9,3,E01028448,-1,0,0.02404,0.97596,-1,6,30,1,1,4,10:30,6,2,9
2023540714023,2023,540714023,1,1,1,1,40,7,3,0,0,0,0,0,9,8,E01032110,-1,0,0.03808,0.96192,-1,6,60,7,6,4,08:05,7,1,9
2023522300662,2023,522300662,1,1,3,1,85,11,3,5,3,0,0,0,0,5,E01014549,-1,0,0.16848,0.83152,-1,6,20,1,1,1,12:14,6,1,9
2023461317699,2023,461317699,2,1,1,1,31,6,3,0,0,0,0,0,1,5,E01003327,3,1,0.0,1.0,-1,6,60,1,1,1,14:57,7,2,1
2023221346873,2023,221346873,2,1,1,1,65,9,2,0,0,0,0,0,5,4,E01032432,6,1,1.0,0.0,-1,6,60,1,1,1,10:33,1,2,5
2023332301169,2023,332301169,2,1,1,1,27,6,3,0,0,0,0,0,5,9,E01019678,-1,0,0.02656,0.97344,-1,6,30,1,4,1,17:10,4,2,5
2023201416545,2023,201416545,2,2,1,1,48,8,3,0,0,0,0,0,9,1,E01009373,3,1,0.0,1.0,-1,6,30,1,1,1,08:27,2,2,9
2023631309378,2023,631309378,2,1,1,1,70,10,2,0,0,0,0,0,9,3,E01018942,5,1,1.0,0.0,-1,6,60,1,1,1,10:15,4,2,9
2023991357995,2023,991357995,1,1,3,2,8,2,3,5,2,0,0,2,0,-1,-1,3,1,0.0,1.0,-1,6,30,1,1,1,13:00,7,1,9
2023010481679,2023,010481679,1,1,1,1,56,9,2,0,0,0,0,0,1,9,E01002992,-1,0,1.0,0.0,-1,6,20,1,4,1,17:40,3,2,1
2023010441579,2023,010441579,1,1,1,1,30,6,3,0,0,0,0,0,3,2,E01001372,-1,0,0.0,1.0,-1,1,20,8,4,2,20:48,7,2,3
2023010447173,2023,010447173,1,1,1,2,22,5,3,0,0,0,0,0,9,4,E01001404,-1,0,0.0,1.0,-1,2,20,1,1,1,18:30,2,1,9
2023010460317,2023,010460317,2,7,2,1,27,6,3,0,0,2,0,0,9,7,E01003651,-1,0,0.0,1.0,-1,3,20,1,4,1,02:36,1,2,9
2023010481800,2023,010481800,1,2,2,2,46,8,3,0,0,1,0,0,9,5,E01021800,-1,0,0.0,1.0,-1,2,30,2,4,2,20:50,1,2,9
2023010484765,2023,010484765,2,1,1,1,78,11,3,0,0,0,0,0,9,6,E01000196,-1,0,0.0,1.0,-1,6,20,9,1,1,13:36,2,2,9
2023161338482,2023,161338482,1,1,1,2,44,7,3,0,0,0,0,0,9,10,E01013171,3,1,0.0,1.0,-1,6,30,2,1,2,12:15,7,2,9
2023332300700,2023,332300700,1,1,2,2,41,7,3,0,0,1,0,0,9,1,E01013726,-1,0,0.0103,0.9897,-1,6,30,8,1,1,16:30,3,2,9
2023440524473,2023,440524473,2,1,1,1,24,5,3,0,0,0,0,0,-1,4,E01023077,-1,0,0.11372,0.88628,-1,6,30,1,1,1,14:55,1,2,-1
2023141321367,2023,141321367,1,1,3,1,18,4,3,6,9,0,0,2,0,-1,-1,3,1,0.0,1.0,-1,6,30,1,1,1,21:15,4,1,9
2023401289932,2023,401289932,1,1,3,2,65,9,2,10,3,0,0,0,0,2,E01017492,7,1,1.0,0.0,-1,6,20,1,1,2,08:27,7,1,9
2023520301738,2023,520301738,1,1,3,2,62,9,3,10,9,0,0,0,0,-1,-1,-1,0,0.04558,0.95442,-1,6,30,1,1,1,10:45,6,1,9
2023610034123,2023,610034123,2,1,1,1,34,6,2,0,0,0,0,0,5,5,W01001431,-1,0,1.0,0.0,-1,6,30,1,1,1,17:08,6,2,5
2023010454032,2023,010454032,1,1,2,1,59,9,3,0,0,1,0,0,9,7,E01000734,-1,0,0.0,1.0,-1,6,30,1,1,1,18:45,7,1,9
2023340NN3122,2023,340NN3122,1,1,1,1,31,6,2,0,0,0,0,0,9,3,E01027060,-1,0,1.0,0.0,-1,6,60,1,1,1,10:50,7,2,9
2023461379716,2023,461379716,2,1,1,-1,57,9,3,0,0,0,0,0,9,6,E01024401,3,1,0.0,1.0,-1,3,50,1,4,1,22:22,3,3,9
2023531280634,2023,531280634,2,3,1,1,47,8,2,0,0,0,0,0,9,9,E01014898,7,1,1.0,0.0,-1,6,60,1,1,1,12:20,1,2,9
2023622300696,2023,622300696,1,4,2,2,61,9,3,0,0,1,0,0,9,6,W01001865,-1,0,0.03996,0.96004,-1,6,30,1,1,1,09:38,3,4,9
2023010461303,2023,010461303,1,3,2,2,17,4,3,0,0,2,0,0,9,-1,-1,-1,0,0.0,1.0,-1,3,30,2,4,2,01:00,7,2,9
2023052300558,2023,052300558,2,1,1,2,59,9,3,0,0,0,0,0,9,1,E01006875,-1,0,0.03941,0.96059,-1,6,30,1,1,1,07:30,4,2,9
2023501339708,2023,501339708,2,1,1,2,23,5,3,0,0,0,0,0,9,2,E01015052,3,1,0.0,1.0,-1,6,30,2,5,2,19:55,6,2,9
2023161348604,2023,161348604,1,1,1,1,61,9,3,0,0,0,0,0,1,7,E01013039,3,1,0.0,1.0,-1,6,50,2,1,2,11:30,6,2,1
2023010434058,2023,010434058,2,1,1,1,32,6,3,0,0,0,0,0,3,3,E01002396,-1,0,0.0,1.0,-1,6,20,1,4,2,21:55,6,2,3
2023010476202,2023,010476202,1,1,2,2,-1,-1,2,0,0,2,0,0,8,3,E01001669,-1,0,1.0,0.0,-1,6,30,9,4,9,03:40,6,2,8
2023131372620,2023,131372620,2,1,2,2,31,6,3,0,0,0,0,0,9,-1,-1,3,1,0.0,1.0,-1,6,20,1,1,2,09:25,4,2,9
2023351316351,2023,351316351,1,1,1,1,21,5,3,0,0,0,0,0,9,9,E01017998,3,1,0.0,1.0,-1,6,20,1,1,1,16:16,6,1,9
2023010475925,2023,010475925,1,1,3,1,40,7,3,10,9,0,0,0,0,8,E01024761,-1,0,0.0,1.0,-1,9,30,5,1,2,15:00,6,1,9
2023101312402,2023,101312402,2,1,1,1,32,6,3,0,0,0,0,0,1,4,E01008565,3,1,0.0,1.0,-1,6,30,1,1,1,09:45,7,2,1
2023010447338,2023,010447338,1,1,1,1,45,7,3,0,0,0,0,0,3,3,E01000553,-1,0,0.0,1.0,-1,6,30,1,1,1,14:20,3,2,3
2023421394347,2023,421394347,2,1,1,1,38,7,3,0,0,0,0,0,9,2,E01021278,3,1,0.0,1.0,-1,3,70,1,1,1,07:43,2,2,9
2023430417794,2023,430417794,1,1,1,2,48,8,3,0,0,0,0,0,9,10,W01001732,-1,0,0.06052,0.93948,-1,6,50,2,1,2,18:33,1,2,9
2023231263886,2023,231263886,1,3,2,2,23,5,2,0,0,0,4,0,11,1,E01009021,7,1,1.0,0.0,-1,3,70,1,4,2,21:38,3,2,11
2023010458710,2023,010458710,2,1,1,1,18,4,3,0,0,0,0,0,1,3,E01003719,-1,0,0.0,1.0,-1,6,30,1,1,1,16:50,5,2,1
2023041334515,2023,041334515,3,3,2,1,5,1,3,0,0,2,0,0,9,8,-1,3,1,0.0,1.0,-1,6,50,1,1,1,17:04,6,4,9
2023201315559,2023,201315559,1,1,1,1,75,10,3,0,0,0,0,0,9,8,E01031181,3,1,0.0,1.0,-1,3,60,1,1,1,18:45,5,2,9
2023201406111,2023,201406111,1,1,1,1,25,5,3,0,0,0,0,0,9,1,E01009409,3,1,0.0,1.0,-1,6,30,1,1,1,14:35,1,2,9
2023401328165,2023,401328165,1,1,1,1,27,6,2,0,0,0,0,0,9,5,E01017390,7,1,1.0,0.0,-1,6,50,1,1,1,15:05,2,2,9
2023991343102,2023,991343102,2,1,1,1,30,6,3,0,0,0,0,0,1,5,-1,3,1,0.0,1.0,-1,6,30,9,1,1,17:00,4,2,1
2023471333353,2023,471333353,1,1,1,1,28,6,3,0,0,0,0,0,3,2,E01016944,3,1,0.0,1.0,-1,6,30,2,1,2,17:43,3,1,3
2023421377017,2023,421377017,2,1,1,1,18,4,3,0,0,0,0,0,9,4,E01021274,3,1,0.0,1.0,-1,6,30,1,4,2,22:00,3,2,9
2023991346473,2023,991346473,2,3,2,1,83,11,3,0,0,2,0,0,9,9,E01008723,3,1,0.0,1.0,-1,6,60,1,1,1,16:08,2,2,9
2023041274935,2023,041274935,2,2,3,1,39,7,2,9,5,0,0,0,0,8,E01025378,7,1,1.0,0.0,-1,6,20,1,1,1,09:40,4,2,19
2023610042123,2023,610042123,1,1,3,1,84,11,3,5,9,0,0,0,0,3,W01001592,-1,0,0.1905,0.8095,-1,6,20,1,1,1,09:45,7,1,9
2023010430760,2023,010430760,1,1,1,1,35,6,3,0,0,0,0,0,5,-1,-1,-1,0,0.0,1.0,-1,3,50,1,1,2,06:31,2,3,5
2023122300587,2023,122300587,1,3,2,2,27,6,2,0,0,2,0,0,9,5,E01012343,-1,0,1.0,0.0,-1,3,70,1,1,1,10:55,7,2,9
2023141340164,2023,141340164,1,1,1,1,33,6,3,0,0,0,0,0,9,4,E01007445,3,1,0.0,1.0,-1,3,30,1,1,1,19:54,3,2,9
2023311314802,2023,311314802,1,4,1,2,58,9,3,0,0,0,0,0,9,7,E01028005,3,1,0.0,1.0,-1,6,50,1,1,1,16:17,1,2,9
2023320386328,2023,320386328,1,2,1,2,75,10,3,0,0,0,0,0,9,-1,-1,-1,0,0.09236,0.90764,-1,6,30,1,1,1,13:30,6,4,9
2023340WN2692,2023,340WN2692,2,1,1,2,18,4,3,0,0,0,0,0,9,8,E01026990,-1,0,0.04293,0.95707,-1,6,30,1,1,1,19:40,5,2,9
2023010447807,2023,010447807,2,1,1,1,28,6,3,0,0,0,0,0,2,5,E01003772,-1,0,0.0,1.0,-1,6,30,1,1,1,18:49,5,2,2
2023010429735,2023,010429735,1,2,2,-1,9,2,3,0,0,1,0,0,9,7,E01002255,-1,0,0.0,1.0,-1,7,20,1,4,1,20:15,3,2,9
2023131299438,2023,131299438,1,1,1,1,20,4,3,0,0,0,0,0,9,4,E01011157,3,1,0.0,1.0,-1,6,30,1,1,1,13:30,5,1,9
2023201310489,2023,201310489,1,1,1,1,30,6,3,0,0,0,0,0,9,4,E01009085,3,1,0.0,1.0,-1,3,40,1,4,1,21:15,6,2,9
2023520400637,2023,520400637,1,1,1,2,50,8,3,0,0,0,0,0,9,6,E01022445,-1,0,0.06206,0.93794,-1,6,60,1,6,1,22:45,3,2,9
2023361277324,2023,361277324,3,1,1,1,56,9,3,0,0,0,0,0,11,4,E01026706,3,1,0.0,1.0,-1,6,50,8,6,2,21:20,5,3,11
2023141292915,2023,141292915,1,1,1,2,55,8,3,0,0,0,0,0,9,-1,-1,3,1,0.0,1.0,-1,3,30,1,1,1,17:22,2,2,9
2023440157966,2023,440157966,1,2,1,1,31,6,3,0,0,0,0,0,9,6,E01002140,-1,0,0.06699,0.93301,-1,3,70,1,1,1,19:00,7,2,9
2023351379283,2023,351379283,1,1,3,1,52,8,3,10,9,0,0,-1,0,3,E01018094,3,1,0.0,1.0,-1,6,30,1,4,1,17:25,7,1,9
2023010466236,2023,010466236,1,2,2,-1,-1,-1,3,0,0,1,0,0,9,2,E01000016,-1,0,0.0,1.0,-1,9,20,1,1,1,03:35,6,2,9
2023311260158,2023,311260158,2,1,1,1,78,11,2,0,0,0,0,0,9,8,E01028327,6,1,1.0,0.0,-1,6,50,1,6,2,23:16,5,2,9
2023340WN5862,2023,340WN5862,1,1,1,1,34,6,3,0,0,0,0,0,9,6,E01032977,-1,0,0.12698,0.87302,-1,3,70,1,6,1,01:34,3,3,9
2023010428744,2023,010428744,2,1,1,1,48,8,3,0,0,0,0,0,1,9,E01003889,-1,0,0.0,1.0,-1,6,20,1,1,1,11:35,5,2,1
2023501277847,2023,501277847,2,1,1,1,59,9,3,0,0,0,0,0,1,7,E01015134,3,1,0.0,1.0,-1,6,30,1,4,1,06:55,3,2,1
2023010435076,2023,010435076,2,1,1,1,53,8,2,0,0,0,0,0,4,5,E01004641,-1,0,1.0,0.0,-1,6,20,2,1,2,18:51,5,2,4
2023101391562,2023,101391562,1,1,2,2,13,3,3,0,0,2,0,0,9,-1,-1,3,1,0.0,1.0,-1,6,30,2,6,2,21:16,6,1,9
2023991277919,2023,991277919,2,2,2,2,63,9,3,0,0,1,0,0,9,8,-1,3,1,0.0,1.0,-1,3,60,2,6,2,19:05,5,3,9
2023461361899,2023,461361899,2,1,2,1,19,4,3,0,0,0,0,0,19,5,E01000468,3,1,0.0,1.0,-1,6,30,1,1,1,17:10,4,2,19
2023221398912,2023,221398912,1,1,1,1,22,5,3,0,0,0,0,0,5,5,E01028869,3,1,0.0,1.0,-1,6,60,2,6,2,20:55,3,2,5
2023351396416,2023,351396416,1,1,1,1,64,9,3,0,0,0,0,0,9,9,E01018200,3,1,0.0,1.0,-1,6,30,1,1,1,13:18,1,2,9
2023411339080,2023,411339080,2,1,1,2,21,5,3,0,0,0,0,0,9,7,E01023462,3,1,0.0,1.0,-1,6,60,1,1,1,14:03,3,2,9
2023430212187,2023,430212187,1,1,1,1,19,4,3,0,0,0,0,0,9,4,E01017661,-1,0,0.03995,0.96005,-1,6,30,1,1,1,13:32,2,4,9
2023522301059,2023,522301059,1,1,1,1,38,7,3,0,0,0,0,0,9,2,E01014691,-1,0,0.02228,0.97772,-1,6,30,2,1,2,15:39,5,2,9
2023010480367,2023,010480367,1,1,2,2,25,5,3,0,0,1,0,0,9,2,E01023339,-1,0,0.0,1.0,-1,3,50,2,4,2,17:28,1,1,9
2023141333779,2023,141333779,1,1,1,1,52,8,3,0,0,0,0,0,9,4,E01007788,3,1,0.0,1.0,-1,6,60,2,1,2,18:30,4,2,9
2023320473898,2023,320473898,3,2,1,1,34,6,3,0,0,0,0,0,9,10,E01029442,-1,0,0.07111,0.92889,-1,6,60,2,6,2,22:15,2,3,9
2023371391743,2023,371391743,2,3,2,2,44,7,2,0,0,2,0,0,9,-1,-1,7,1,1.0,0.0,-1,6,60,4,6,1,15:58,6,2,9
2023141266313,2023,141266313,1,1,1,2,31,6,3,0,0,0,0,0,9,5,E01007588,3,1,0.0,1.0,-1,6,30,1,1,1,16:20,6,2,9
2023201298331,2023,201298331,1,1,1,1,39,7,3,0,0,0,0,0,9,1,E01009404,3,1,0.0,1.0,-1,3,70,1,4,1,20:07,4,3,9
2023451378981,2023,451378981,1,1,1,1,83,11,3,0,0,0,0,0,9,10,E01030351,3,1,0.0,1.0,-1,6,30,1,4,1,17:03,7,3,9
202360A077077,2023,60A077077,2,2,2,2,63,9,3,0,0,1,0,0,9,-1,-1,-1,0,0.07802,0.92198,-1,6,60,1,1,1,08:36,3,3,9
2023010474739,2023,010474739,2,1,1,1,28,6,3,0,0,0,0,0,9,3,E01000638,-1,0,0.0,1.0,-1,3,30,1,1,2,16:32,1,3,9
2023471259750,2023,471259750,1,2,2,1,40,7,3,0,0,1,0,0,9,2,E01000060,3,1,0.0,1.0,-1,6,60,1,6,2,19:40,4,1,9
2023471373204,2023,471373204,2,1,2,2,11,3,3,0,0,2,0,0,9,9,E01021203,3,1,0.0,1.0,-1,6,30,8,4,1,17:22,6,2,9
2023061329063,2023,061329063,1,1,3,1,38,7,2,1,3,0,0,0,0,-1,-1,7,1,1.0,0.0,-1,6,30,1,1,1,18:42,7,1,1
2023010470447,2023,010470447,2,1,1,1,60,9,2,0,0,0,0,0,1,6,E01023306,-1,0,1.0,0.0,-1,9,30,1,4,9,18:30,3,2,1
2023010426184,2023,010426184,2,1,1,1,21,5,3,0,0,0,0,0,3,6,E01001235,-1,0,0.0,1.0,-1,3,20,8,4,2,01:12,5,2,3
2023501294816,2023,501294816,1,1,1,1,63,9,2,0,0,0,0,0,4,3,E01020139,7,1,1.0,0.0,-1,6,60,1,1,1,12:40,7,1,4
2023010475854,2023,010475854,2,1,1,1,59,9,3,0,0,0,0,0,5,1,E01002758,-1,0,0.0,1.0,-1,6,20,8,1,2,12:50,7,2,5
2023401316386,2023,401316386,1,3,2,2,21,5,3,0,0,2,0,0,9,3,E01015724,3,1,0.0,1.0,-1,6,30,1,1,1,21:00,6,2,9
2023421278544,2023,421278544,1,1,1,1,47,8,3,0,0,0,0,0,9,7,E01021913,3,1,0.0,1.0,-1,6,60,1,6,1,20:28,2,2,9
2023332300971,2023,332300971,1,1,3,1,13,3,3,4,3,0,0,0,0,2,E01013682,-1,0,0.06042,0.93958,-1,6,30,1,1,1,15:50,3,1,9
2023041374129,2023,041374129,1,2,1,1,20,4,3,0,0,0,0,0,9,3,E01025291,3,1,0.0,1.0,-1,6,30,2,4,2,17:30,2,3,9
2023471347155,2023,471347155,1,1,3,2,22,5,3,9,8,0,0,0,0,5,E01021195,3,1,0.0,1.0,-1,6,60,1,1,1,13:20,4,1,9
2023401356771,2023,401356771,1,1,1,1,28,6,2,0,0,0,0,0,3,8,E01017480,6,1,1.0,0.0,-1,6,30,2,1,2,15:20,3,1,3
2023991353766,2023,991353766,2,1,1,1,21,5,2,0,0,0,0,0,5,-1,-1,7,1,1.0,0.0,-1,6,30,2,4,2,20:47,2,2,5
2023401277517,2023,401277517,2,2,1,1,49,8,3,0,0,0,0,0,9,4,E01019458,3,1,0.0,1.0,-1,3,70,1,1,1,17:36,5,3,9
2023471331064,2023,471331064,2,2,2,1,36,7,3,0,0,1,0,0,9,1,E01016947,3,1,0.0,1.0,-1,7,70,1,1,1,12:25,4,4,9
2023522301714,2023,522301714,4,1,1,1,76,11,3,0,0,0,0,0,9,10,W01001849,-1,0,0.10174,0.89826,-1,6,40,1,6,1,03:34,1,4,9
2023231313384,2023,231313384,1,1,3,1,68,10,3,5,2,0,0,0,0,8,E01031011,3,1,0.0,1.0,-1,2,30,1,4,1,18:30,6,1,9
2023131352575,2023,131352575,1,1,1,1,21,5,3,0,0,0,0,0,1,4,E01010890,3,1,0.0,1.0,-1,6,30,1,1,1,16:07,4,2,1
2023631377743,2023,631377743,2,1,1,1,56,9,3,0,0,0,0,0,1,1,W01000511,3,1,0.0,1.0,-1,6,20,1,1,1,14:30,5,2,1
2023131348531,2023,131348531,2,1,1,2,69,10,3,0,0,0,0,0,9,7,E01010955,3,1,0.0,1.0,-1,6,30,1,1,2,19:58,7,2,9
2023211336657,2023,211336657,2,2,1,1,53,8,3,0,0,0,0,0,9,9,E01009917,3,1,0.0,1.0,-1,6,50,1,1,1,15:38,7,2,9
2023211401906,2023,211401906,2,1,1,1,67,10,3,0,0,0,0,0,9,7,E01010243,3,1,0.0,1.0,-1,6,50,2,1,2,07:43,2,3,9
2023531392069,2023,531392069,2,1,2,1,49,8,3,0,0,0,4,0,11,6,E01022258,3,1,0.0,1.0,-1,6,30,9,1,1,14:20,6,2,11
2023461314008,2023,461314008,1,1,1,1,20,4,3,0,0,0,0,0,1,7,E01024375,3,1,0.0,1.0,-1,1,60,1,1,1,18:10,2,2,1
2023052302212,2023,052302212,1,1,3,1,18,4,1,5,3,0,0,0,0,-1,-1,-1,0,0.0,0.0,-1,2,30,1,1,1,15:45,2,1,19
2023221321522,2023,221321522,1,1,3,1,84,11,2,1,1,0,0,0,0,7,E01028940,7,1,1.0,0.0,-1,6,30,1,1,1,10:00,3,1,21
2023061392049,2023,061392049,2,1,1,1,21,5,2,0,0,0,0,0,1,2,E01005230,5,1,1.0,0.0,-1,6,30,2,4,2,20:40,1,2,1
2023031346127,2023,031346127,1,1,1,1,36,7,2,0,0,0,0,0,5,2,E01020820,7,1,1.0,0.0,-1,6,60,1,1,1,10:52,2,2,5
2023471307223,2023,471307223,2,4,1,1,23,5,3,0,0,0,0,0,9,6,E01021186,3,1,0.0,1.0,-1,6,40,1,1,1,19:58,1,2,9
2023991290499,2023,991290499,1,1,1,1,47,8,2,0,0,0,0,0,9,9,-1,7,1,1.0,0.0,-1,6,60,2,1,2,16:25,7,1,9
2023552301221,2023,552301221,2,1,1,2,25,5,3,0,0,0,0,0,9,2,E01015430,-1,0,0.02303,0.97697,-1,6,30,1,1,1,14:25,3,2,9
2023201338165,2023,201338165,2,1,1,1,39,7,3,0,0,0,0,0,1,1,E01032889,3,1,0.0,1.0,-1,6,30,1,1,1,13:10,6,2,1
2023010437929,2023,010437929,1,1,1,1,31,6,3,0,0,0,0,0,2,2,E01001722,-1,0,0.0,1.0,-1,6,20,1,1,1,20:02,2,1,2
2023010466825,2023,010466825,1,1,1,1,28,6,3,0,0,0,0,0,3,7,E01021765,-1,0,0.0,1.0,-1,9,30,9,1,2,10:42,2,2,3
2023320614333,2023,320614333,1,3,1,2,29,6,3,0,0,0,0,0,9,3,E01026042,-1,0,0.03369,0.96631,-1,6,30,1,1,1,13:14,3,2,9
2023461313585,2023,461313585,2,1,1,2,65,9,3,0,0,0,0,0,9,10,E01016026,3,1,0.0,1.0,-1,6,30,1,1,1,11:10,7,2,9
2023411362160,2023,411362160,1,1,3,1,15,3,3,10,9,0,0,0,0,10,E01023614,3,1,0.0,1.0,-1,6,30,1,4,1,21:19,6,1,8
2023010430017,2023,010430017,1,1,1,1,27,6,3,0,0,0,0,0,3,4,E01000323,-1,0,0.0,1.0,-1,9,30,1,4,1,18:35,4,2,3
2023010431727,2023,010431727,1,1,1,2,25,5,3,0,0,0,0,0,9,8,E01000563,-1,0,0.0,1.0,-1,6,30,1,4,2,05:42,1,2,9
2023411364589,2023,411364589,2,2,1,1,56,9,3,0,0,0,0,0,9,4,E01015712,3,1,0.0,1.0,-1,3,70,1,1,1,20:00,3,3,9
2023631341647,2023,631341647,1,1,1,1,22,5,3,0,0,0,0,0,9,5,E01014021,3,1,0.0,1.0,-1,6,60,1,1,1,17:30,2,2,9
2023131375315,2023,131375315,1,1,3,1,28,6,2,4,1,0,0,2,0,2,E01011230,7,1,1.0,0.0,-1,3,30,1,1,1,12:35,5,1,9
2023430505664,2023,430505664,1,1,3,2,52,8,2,1,3,0,0,0,0,10,E01017774,-1,0,1.0,0.0,-1,6,30,2,1,2,08:17,6,1,9
2023010469566,2023,010469566,1,1,1,1,35,6,3,0,0,0,0,0,1,5,E01033577,-1,0,0.0,1.0,-1,6,30,1,1,1,09:35,2,1,1
2023122300375,2023,122300375,2,1,1,1,55,8,3,0,0,0,0,0,1,8,E01027650,-1,0,0.05327,0.94673,-1,6,30,1,1,1,18:08,3,2,1
2023471353256,2023,471353256,1,1,1,1,47,8,2,0,0,0,0,0,1,10,E01021218,7,1,1.0,0.0,-1,6,20,1,1,1,10:45,6,2,1
202360A058478,2023,60A058478,2,2,1,1,56,9,3,0,0,0,0,0,9,-1,-1,-1,0,0.13628,0.86372,-1,6,60,1,1,1,08:27,7,2,9
2023201361887,2023,201361887,2,2,2,2,32,6,2,0,0,0,0,0,19,2,E01010470,6,1,1.0,0.0,-1,3,70,1,1,1,13:40,3,2,19
2023061344276,2023,061344276,1,1,3,1,38,7,3,4,1,0,0,0,0,2,E01005400,3,1,0.0,1.0,-1,6,30,2,1,2,18:22,2,1,9
2023421334735,2023,421334735,1,1,3,2,56,9,3,5,1,0,0,0,0,6,E01033145,3,1,0.0,1.0,-1,9,30,1,1,1,17:50,7,1,9
2023471268623,2023,471268623,1,1,3,1,70,10,2,5,1,0,0,0,0,6,E01030557,7,1,1.0,0.0,-1,6,30,2,4,2,18:01,4,1,9
2023161332862,2023,161332862,2,1,1,1,24,5,3,0,0,0,0,0,1,7,E01013186,3,1,0.0,1.0,-1,6,30,1,1,1,07:57,4,2,1
2023010421510,2023,010421510,2,1,1,2,36,7,3,0,0,0,0,0,3,5,E01000310,-1,0,0.0,1.0,-1,6,30,1,1,1,13:51,1,2,3
2023041354593,2023,041354593,2,1,1,1,17,4,3,0,0,0,0,0,3,1,E01006213,3,1,0.0,1.0,-1,6,30,1,1,1,17:57,4,2,3
2023111276987,2023,111276987,2,2,2,1,70,10,3,0,0,1,0,0,9,7,E01020879,3,1,0.0,1.0,-1,6,30,1,1,1,09:00,4,2,9
2023131268989,2023,131268989,1,1,3,1,7,2,3,1,3,0,0,2,0,1,E01011375,3,1,0.0,1.0,-1,6,20,1,4,1,18:05,6,1,9
2023231381929,2023,231381929,2,1,1,1,23,5,3,0,0,0,0,0,3,4,E01031026,3,1,0.0,1.0,-1,6,30,1,5,1,20:18,3,2,3
2023010446866,2023,010446866,1,1,1,2,35,6,2,0,0,0,0,0,9,2,E01004001,-1,0,1.0,0.0,-1,6,20,1,1,1,05:09,1,3,9
2023010474209,2023,010474209,2,2,1,2,52,8,3,0,0,0,0,0,9,10,E01003851,-1,0,0.0,1.0,-1,6,20,1,4,1,20:25,5,2,9
2023070948480,2023,070948480,2,1,1,1,54,8,3,0,0,0,0,0,9,6,E01006900,-1,0,0.03526,0.96474,-1,6,30,2,1,2,13:12,7,2,9
2023430291781,2023,430291781,1,1,1,2,68,10,3,0,0,0,0,0,9,10,E01017640,-1,0,0.08908,0.91092,-1,6,30,1,1,1,11:01,1,1,9
2023451329616,2023,451329616,2,1,1,1,29,6,2,0,0,0,0,0,9,8,E01030449,7,1,1.0,0.0,-1,6,30,2,1,2,11:40,6,5,9
2023461312650,2023,461312650,1,1,1,1,24,5,3,0,0,0,0,0,9,1,E01016033,3,1,0.0,1.0,-1,6,30,1,1,1,15:32,5,3,9
2023201413931,2023,201413931,2,1,1,2,43,7,3,0,0,0,0,0,9,9,E01009472,3,1,0.0,1.0,-1,6,30,1,1,1,14:55,6,2,9
202360A093834,2023,60A093834,2,2,1,1,40,7,3,0,0,0,0,0,9,-1,-1,-1,0,0.10279,0.89721,-1,6,60,1,1,1,08:12,7,2,9
2023061293060,2023,061293060,1,1,3,1,28,6,3,5,1,0,0,-1,0,3,E01004976,3,1,0.0,1.0,-1,6,30,1,1,1,10:00,6,1,9
2023522301302,2023,522301302,2,1,1,1,83,11,3,0,0,0,0,0,1,8,E01032667,-1,0,0.14128,0.85872,-1,1,30,1,1,1,12:30,3,2,1
2023010420502,2023,010420502,1,1,2,2,18,4,2,0,0,1,0,0,9,-1,-1,-1,0,1.0,0.0,-1,6,20,2,5,2,05:53,3,3,9