collision_index,collision_year,collision_ref_no,vehicle_reference,casualty_reference,casualty_class,sex_of_casualty,age_of_casualty,age_band_of_casualty,casualty_severity,pedestrian_location,pedestrian_movement,car_passenger,bus_or_coach_passenger,pedestrian_road_maintenance_worker,casualty_type,casualty_imd_decile,lsoa_of_casualty,enhanced_casualty_severity,casualty_injury_based,casualty_adjusted_severity_serious,casualty_adjusted_severity_slight,casualty_distance_banding,road_type,speed_limit,weather_conditions,light_conditions,road_surface_conditions,time,day_of_week,number_of_vehicles,vehicle_type
2023061333563,2023,061333563,2,2,2,2,78,11,3,0,0,-1,0,0,9,9,E01006017,3,1,0.0,1.0,-1,6,30,1,1,1,11:17,5,2,9
2023440488567,2023,440488567,1,1,1,1,60,9,3,0,0,0,0,0,9,-1,-1,-1,0,0.10046,0.89954,-1,6,40,1,1,1,14:25,4,2,9
2023461296075,2023,461296075,2,5,2,2,37,7,3,0,0,1,0,0,9,8,E01024077,3,1,0.0,1.0,-1,6,40,1,1,1,12:25,5,4,9
2023010464746,2023,010464746,1,1,1,1,32,6,3,0,0,0,0,0,3,4,E01004142,-1,0,0.0,1.0,-1,9,30,1,1,1,17:00,5,2,3
2023010469362,2023,010469362,1,1,1,1,37,7,3,0,0,0,0,0,3,2,E01001833,-1,0,0.0,1.0,-1,9,20,1,1,1,17:10,7,2,3
2023010486568,2023,010486568,1,1,1,1,24,5,3,0,0,0,0,0,9,10,E01030434,-1,0,0.0,1.0,-1,6,20,1,4,1,00:30,7,2,9
2023231313240,2023,231313240,2,1,1,1,87,11,2,0,0,0,0,0,9,7,E01031166,6,1,1.0,0.0,-1,6,50,1,1,1,12:30,3,2,9
2023401323050,2023,401323050,1,1,2,1,60,9,2,0,0,-1,0,0,9,-1,-1,5,1,1.0,0.0,-1,6,60,1,1,1,15:00,2,2,9
2023411337072,2023,411337072,2,2,1,1,19,4,3,0,0,0,0,0,9,4,E01023543,3,1,0.0,1.0,-1,6,30,1,1,1,12:42,4,2,9
2023471377629,2023,471377629,2,1,1,1,38,7,3,0,0,0,0,0,9,5,W01000757,3,1,0.0,1.0,-1,6,30,1,4,2,16:30,6,2,9
2023421359558,2023,421359558,1,1,1,1,29,6,3,0,0,0,0,0,19,5,E01021410,3,1,0.0,1.0,-1,6,40,1,4,1,00:25,5,1,19
2023522400777,2023,522400777,2,2,1,1,31,6,3,0,0,0,0,0,90,4,E01022151,-1,0,0.0569,0.9431,-1,1,40,1,1,2,10:50,4,2,90
2023552301307,2023,552301307,1,1,1,1,48,8,2,0,0,0,0,0,9,6,E01015383,-1,0,1.0,0.0,-1,6,30,4,1,2,08:31,4,1,9
2023991299903,2023,991299903,2,1,2,2,17,4,3,0,0,1,0,0,9,-1,-1,3,1,0.0,1.0,-1,1,30,1,1,1,18:30,5,2,9
2023320370786,2023,320370786,2,1,1,1,61,9,3,0,0,0,0,0,1,4,E01026230,-1,0,0.16183,0.83817,-1,6,30,1,1,2,08:00,7,2,1
2023320633916,2023,320633916,1,1,2,2,63,9,2,0,0,1,0,0,9,4,E01026256,-1,0,1.0,0.0,-1,6,60,2,6,2,19:34,4,1,9
2023332300293,2023,332300293,2,1,1,1,28,6,3,0,0,0,0,0,1,2,E01013605,-1,0,0.02322,0.97678,-1,2,30,1,1,1,17:48,3,2,1
2023122300266,2023,122300266,1,1,1,1,54,8,3,0,0,0,0,0,1,9,E01013408,-1,0,0.07878,0.92122,-1,6,30,1,1,1,16:15,2,2,1
2023340NN3672,2023,340NN3672,2,1,1,1,44,7,3,0,0,0,0,0,5,2,E01027341,-1,0,0.16163,0.83837,-1,6,30,1,1,1,17:25,6,2,5
2023451322326,2023,451322326,1,1,1,1,22,5,2,0,0,0,0,0,5,10,E01030607,7,1,1.0,0.0,-1,6,30,1,1,1,18:08,6,2,5
2023010433318,2023,010433318,1,1,2,2,-1,-1,3,0,0,9,0,0,8,8,E01002379,-1,0,0.0,1.0,-1,1,30,1,1,1,15:11,2,2,8
2023991288711,2023,991288711,1,1,1,1,41,7,2,0,0,0,0,0,9,6,-1,5,1,1.0,0.0,-1,6,60,1,1,1,14:00,7,2,9
2023131320935,2023,131320935,1,1,1,1,39,7,3,0,0,0,0,0,3,1,E01011623,3,1,0.0,1.0,-1,6,30,8,1,2,15:35,3,3,3
2023010472044,2023,010472044,1,1,1,2,22,5,3,0,0,0,0,0,4,2,E01004718,-1,0,0.0,1.0,-1,3,20,1,1,1,08:55,1,2,4
2023010468650,2023,010468650,1,1,3,1,40,7,3,5,4,0,0,0,0,4,E01004447,-1,0,0.0,1.0,-1,3,20,1,1,1,15:56,4,1,3
2023610050123,2023,610050123,1,1,3,1,28,6,3,5,1,0,0,0,0,5,W01001346,-1,0,0.06519,0.93481,-1,6,20,2,4,2,17:15,7,1,9
2023010468118,2023,010468118,1,1,1,2,25,5,3,0,0,0,0,0,1,9,E01004606,-1,0,0.0,1.0,-1,6,20,1,4,1,20:19,1,2,1
2023141333358,2023,141333358,2,1,1,1,38,7,3,0,0,0,0,0,3,4,E01007797,3,1,0.0,1.0,-1,6,40,1,1,1,16:30,3,2,3
2023041358289,2023,041358289,2,1,1,2,43,7,3,0,0,0,0,0,9,8,E01007082,3,1,0.0,1.0,-1,3,70,1,1,1,15:45,6,2,9
2023070563328,2023,070563328,1,1,1,2,27,6,3,0,0,0,0,0,9,6,E01029461,-1,0,0.07734,0.92266,-1,6,40,2,1,2,15:30,1,2,9
2023471363094,2023,471363094,2,5,2,2,17,4,2,0,0,1,0,0,9,3,E01031451,6,1,1.0,0.0,-1,6,50,1,1,1,15:07,1,2,9
2023610042623,2023,610042623,1,1,3,1,4,1,2,5,1,0,0,0,0,9,E01022275,-1,0,1.0,0.0,-1,6,20,1,1,1,17:30,5,1,9
2023052400589,2023,052400589,1,1,1,1,79,11,2,0,0,0,0,0,9,1,E01006950,-1,0,1.0,0.0,-1,6,30,1,1,1,15:20,3,2,9
2023440039858,2023,440039858,1,1,1,2,58,9,3,0,0,0,0,0,9,7,E01023179,-1,0,0.03254,0.96746,-1,6,30,1,1,1,11:00,4,2,9
2023170H10553,2023,170H10553,2,1,1,2,40,7,3,0,0,0,0,0,9,-1,-1,-1,0,0.03944,0.96056,-1,1,40,1,1,1,13:09,1,2,9
2023041364465,2023,041364465,1,1,2,2,18,4,3,0,0,2,0,0,9,2,E01025313,3,1,0.0,1.0,-1,6,60,5,6,2,23:44,4,1,9
2023501295413,2023,501295413,2,1,1,1,39,7,3,0,0,0,0,0,9,9,E01020086,3,1,0.0,1.0,-1,6,60,2,1,2,13:16,3,2,9
2023991278436,2023,991278436,2,1,1,2,43,7,3,0,0,0,0,0,9,10,-1,3,1,0.0,1.0,-1,6,30,1,1,1,16:22,3,2,9
2023041296992,2023,041296992,2,4,2,2,17,4,3,0,0,1,0,0,9,2,E01025234,3,1,0.0,1.0,-1,6,30,1,1,1,13:00,7,2,9
2023052300444,2023,052300444,2,1,1,2,44,7,3,0,0,0,0,0,9,1,E01006765,-1,0,0.00599,0.99401,-1,1,20,1,1,1,09:10,3,2,9
2023070917118,2023,070917118,1,1,1,1,69,10,3,0,0,0,0,0,9,8,E01012372,-1,0,0.05645,0.94355,-1,3,30,1,1,2,14:46,6,2,9
2023461389085,2023,461389085,1,1,2,2,7,2,3,0,0,2,0,0,9,9,E01024334,3,1,0.0,1.0,-1,6,30,1,1,1,15:04,3,2,9
2023471354875,2023,471354875,1,3,1,1,33,6,3,0,0,0,0,0,9,2,E01031361,3,1,0.0,1.0,-1,6,40,1,1,1,09:45,5,2,9
2023991365653,2023,991365653,1,1,1,1,33,6,3,0,0,0,0,0,9,4,-1,3,1,0.0,1.0,-1,6,60,1,6,5,19:15,7,1,9
2023401276566,2023,401276566,2,1,1,1,65,9,3,0,0,0,0,0,1,4,E01017476,3,1,0.0,1.0,-1,6,40,1,1,1,12:45,5,3,1
2023461373179,2023,461373179,1,2,2,1,6,2,2,0,0,2,0,0,4,8,E01016082,7,1,1.0,0.0,-1,6,30,1,4,1,18:26,5,2,4
2023531312828,2023,531312828,1,1,1,1,44,7,2,0,0,0,0,0,5,3,E01022256,6,1,1.0,0.0,-1,6,60,1,1,1,14:23,2,1,5
2023131290083,2023,131290083,1,1,3,2,49,8,3,4,1,0,0,2,0,2,E01011220,3,1,0.0,1.0,-1,6,30,2,1,2,17:15,2,1,9
2023411310650,2023,411310650,1,1,1,1,18,4,3,0,0,0,0,0,3,8,E01023672,3,1,0.0,1.0,-1,6,30,1,1,1,19:45,2,2,3
2023211352768,2023,211352768,2,1,1,1,27,6,3,0,0,0,0,0,5,-1,-1,3,1,0.0,1.0,-1,6,30,2,1,2,16:00,3,2,5
2023010442736,2023,010442736,1,1,1,2,31,6,3,0,0,0,0,0,9,1,E01033701,-1,0,0.0,1.0,-1,1,30,1,1,1,12:24,7,2,9
2023101294649,2023,101294649,2,1,1,1,58,9,3,0,0,0,0,0,9,1,E01008651,3,1,0.0,1.0,-1,1,40,1,1,2,16:58,5,2,9
2023161285142,2023,161285142,1,4,2,1,17,4,3,0,0,2,0,0,9,1,E01013278,3,1,0.0,1.0,-1,6,30,5,6,2,22:04,5,1,9
2023471364448,2023,471364448,1,1,1,1,91,11,3,0,0,0,0,0,9,8,E01031466,3,1,0.0,1.0,-1,6,30,5,4,2,19:00,4,3,9
2023101345692,2023,101345692,2,1,2,2,78,11,2,0,0,0,0,0,10,9,E01008556,7,1,1.0,0.0,-1,6,30,8,1,1,15:37,6,2,10
2023501313353,2023,501313353,2,2,1,1,33,6,3,0,0,0,0,0,19,6,E01019893,3,1,0.0,1.0,-1,6,30,1,1,1,13:00,7,2,19
2023122300338,2023,122300338,2,2,1,1,59,9,3,0,0,0,0,0,9,7,E01027735,-1,0,0.07964,0.92036,-1,6,60,1,1,1,14:21,4,2,9
2023552400153,2023,552400153,2,2,1,2,24,5,3,0,0,0,0,0,9,9,E01015356,-1,0,0.02726,0.97274,-1,6,30,1,4,1,16:42,1,5,9
2023520400097,2023,520400097,1,1,3,1,55,8,3,9,9,0,0,0,0,8,E01029296,-1,0,0.0543,0.9457,-1,6,30,1,1,1,18:04,7,1,9
2023991371357,2023,991371357,2,1,1,1,33,6,3,0,0,0,0,0,1,10,-1,3,1,0.0,1.0,-1,6,20,2,4,2,19:00,4,2,1
2023010439627,2023,010439627,1,1,1,1,39,7,3,0,0,0,0,0,3,4,E01003114,-1,0,0.0,1.0,-1,3,30,9,1,9,20:30,3,2,3
2023010442829,2023,010442829,1,1,1,1,37,7,3,0,0,0,0,0,9,6,E01000069,-1,0,0.0,1.0,-1,1,20,1,4,1,21:07,7,2,9
2023201453104,2023,201453104,1,2,2,1,14,3,3,0,0,-1,0,0,9,7,E01009070,3,1,0.0,1.0,-1,6,30,2,4,2,18:49,4,2,9
2023320531237,2023,320531237,1,1,2,2,23,5,3,0,0,1,0,0,9,3,E01015167,-1,0,0.10077,0.89923,-1,6,60,2,1,2,15:12,7,1,9
2023010479473,2023,010479473,1,1,1,1,39,7,2,0,0,0,0,0,1,3,E01000961,-1,0,1.0,0.0,-1,6,20,1,1,1,09:07,4,2,1
2023501370222,2023,501370222,1,1,1,1,-1,-1,3,0,0,0,0,0,1,-1,-1,3,1,0.0,1.0,-1,6,30,1,1,1,15:35,5,2,1
2023070122202,2023,070122202,1,1,1,1,24,5,2,0,0,0,0,0,5,6,E01018479,-1,0,1.0,0.0,-1,6,60,1,1,1,09:40,7,2,5
2023131359164,2023,131359164,3,1,1,2,31,6,3,0,0,0,0,0,9,1,E01011107,3,1,0.0,1.0,-1,6,30,1,1,1,09:30,2,3,9
2023401303960,2023,401303960,1,2,2,1,18,4,3,0,0,1,0,0,9,9,E01017549,3,1,0.0,1.0,-1,6,60,1,1,1,14:27,6,1,9
2023440500299,2023,440500299,2,1,1,1,52,8,3,0,0,0,0,0,9,2,E01017345,-1,0,0.04843,0.95157,-1,6,40,2,4,2,17:10,5,2,9
202363A016023,2023,63A016023,1,1,1,2,23,5,3,0,0,0,0,0,9,6,W01000689,-1,0,0.0418,0.9582,-1,6,30,2,4,2,16:00,6,2,9
2023351325272,2023,351325272,1,1,1,1,22,5,3,0,0,0,0,0,5,6,E01017951,3,1,0.0,1.0,-1,6,30,1,1,1,14:50,6,1,5
2023010464077,2023,010464077,1,1,1,1,38,7,3,0,0,0,0,0,9,1,E01004042,-1,0,0.0,1.0,-1,3,40,1,4,1,21:00,2,2,9
2023041350078,2023,041350078,2,2,2,1,33,6,3,0,0,1,0,0,9,6,E01024859,3,1,0.0,1.0,-1,6,30,1,1,1,14:45,1,2,9
2023061381081,2023,061381081,1,1,1,2,80,11,3,0,0,0,0,0,9,7,E01005901,3,1,0.0,1.0,-1,6,40,1,4,2,16:58,5,4,9
2023201405904,2023,201405904,2,1,2,1,53,8,3,0,0,1,0,0,9,5,E01009582,3,1,0.0,1.0,-1,6,30,1,1,1,11:25,2,2,9
2023131262716,2023,131262716,1,1,3,2,53,8,3,8,7,0,0,2,0,8,E01010572,3,1,0.0,1.0,-1,6,30,5,4,2,17:45,3,1,3
2023170M10063,2023,170M10063,1,1,3,1,25,5,3,5,2,0,0,0,0,1,E01012068,-1,0,0.03663,0.96337,-1,6,20,2,1,2,11:10,3,1,9
2023471280465,2023,471280465,1,1,3,1,6,2,3,5,4,0,0,0,0,3,E01031783,3,1,0.0,1.0,-1,6,30,1,1,1,16:15,7,1,9
2023010482060,2023,010482060,1,1,1,1,26,6,3,0,0,0,0,0,4,3,E01003940,-1,0,0.0,1.0,-1,6,20,8,4,4,22:00,5,2,4
2023031278657,2023,031278657,1,1,1,1,80,11,1,0,0,0,0,0,9,1,E01019121,1,1,0.0,0.0,-1,6,30,1,1,2,07:56,3,1,9
2023201409131,2023,201409131,2,1,1,-1,28,6,3,0,0,0,0,0,9,2,E01009839,3,1,0.0,1.0,-1,6,20,1,1,2,15:30,3,2,9
2023430375105,2023,430375105,1,1,1,2,42,7,2,0,0,0,0,0,9,10,E01017675,-1,0,1.0,0.0,-1,6,50,1,6,1,00:34,3,1,9
2023141381642,2023,141381642,1,1,3,1,11,3,3,8,9,0,0,0,0,1,E01008007,3,1,0.0,1.0,-1,6,30,1,1,4,15:40,6,1,9
2023010425830,2023,010425830,1,1,1,1,30,6,3,0,0,0,0,0,3,1,E01033207,-1,0,0.0,1.0,-1,3,20,1,1,1,09:50,3,2,3
2023170H10183,2023,170H10183,1,2,2,1,22,5,3,0,0,1,0,0,9,5,E01011985,-1,0,0.12582,0.87418,-1,1,40,1,4,2,23:06,7,1,9
2023201382063,2023,201382063,2,1,2,2,16,4,3,0,0,1,0,0,9,3,E01009930,3,1,0.0,1.0,-1,6,30,1,1,1,15:16,5,2,9
2023201422947,2023,201422947,1,1,1,2,51,8,3,0,0,0,0,0,9,2,E01009877,3,1,0.0,1.0,-1,6,30,1,1,2,10:24,2,2,9
2023211332713,2023,211332713,3,1,1,1,25,5,3,0,0,0,0,0,9,4,E01029797,3,1,0.0,1.0,-1,6,60,7,6,2,04:13,4,1,9
2023421310954,2023,421310954,2,2,2,2,32,6,3,0,0,1,0,0,9,2,E01015855,3,1,0.0,1.0,-1,6,30,1,1,1,09:30,2,2,9
2023010436129,2023,010436129,1,1,1,2,23,5,3,0,0,0,0,0,9,8,E01023541,-1,0,0.0,1.0,-1,6,30,1,1,1,08:57,7,2,9
2023031268950,2023,031268950,2,2,1,2,60,9,3,0,0,0,0,0,9,-1,-1,3,1,0.0,1.0,-1,6,60,1,1,1,15:15,6,2,9
2023131281474,2023,131281474,1,1,1,1,40,7,3,0,0,0,0,0,9,8,E01004806,3,1,0.0,1.0,-1,6,30,1,1,1,12:43,3,2,9
2023010453456,2023,010453456,1,3,3,1,50,8,2,1,1,0,0,0,0,4,E01000031,-1,0,1.0,0.0,-1,1,20,1,4,1,22:20,4,4,9
2023010460174,2023,010460174,2,1,1,1,36,7,3,0,0,0,0,0,3,3,E01001697,-1,0,0.0,1.0,-1,2,30,1,4,1,20:40,6,2,3
2023131268527,2023,131268527,1,1,1,1,51,8,3,0,0,0,0,0,5,6,E01010870,3,1,0.0,1.0,-1,6,60,8,6,1,16:00,5,1,5
2023010479718,2023,010479718,1,1,2,2,61,9,3,0,0,0,3,0,11,2,E01001760,-1,0,0.0,1.0,-1,6,20,1,1,1,12:30,5,1,11
2023010428550,2023,010428550,2,1,1,2,45,7,3,0,0,0,0,0,1,6,E01003957,-1,0,0.0,1.0,-1,1,30,2,1,2,10:20,4,2,1
2023010435087,2023,010435087,2,1,1,2,27,6,3,0,0,0,0,0,1,4,E01002785,-1,0,0.0,1.0,-1,3,20,1,4,2,21:36,5,2,1
2023131273455,2023,131273455,2,1,1,1,18,4,3,0,0,0,0,0,4,1,E01011621,3,1,0.0,1.0,-1,6,30,1,1,1,08:30,3,2,4
2023041378996,2023,041378996,1,1,2,1,26,6,3,0,0,1,0,0,9,4,E01012712,3,1,0.0,1.0,-1,6,40,2,4,2,00:41,1,1,9
2023201416146,2023,201416146,2,2,1,1,44,7,3,0,0,0,0,0,9,9,E01009800,3,1,0.0,1.0,-1,7,30,1,4,1,18:51,7,2,9
2023351382348,2023,351382348,1,1,1,1,74,10,2,0,0,0,0,0,9,7,E01018127,7,1,1.0,0.0,-1,6,60,1,6,2,19:30,3,1,9
2023131283259,2023,131283259,1,1,3,2,72,10,3,6,9,0,0,2,0,2,E01032494,3,1,0.0,1.0,-1,6,30,1,1,1,15:10,1,1,9
2023221333773,2023,221333773,1,1,1,2,25,5,3,0,0,0,0,0,9,10,E01009859,3,1,0.0,1.0,-1,6,30,2,1,2,19:11,4,2,9
2023061287224,2023,061287224,1,1,3,1,46,8,2,5,1,0,0,0,0,-1,-1,7,1,1.0,0.0,-1,6,20,2,4,2,18:56,4,1,9
2023161335920,2023,161335920,1,1,3,1,11,3,2,5,1,0,0,2,0,6,E01013176,7,1,1.0,0.0,-1,6,30,1,1,1,16:30,5,1,9
2023201284916,2023,201284916,2,2,1,2,60,9,2,0,0,0,0,0,9,8,E01025793,7,1,1.0,0.0,-1,3,30,1,1,1,09:52,3,2,9
2023501296029,2023,501296029,1,1,3,1,62,9,2,5,3,0,0,0,0,3,E01015143,7,1,1.0,0.0,-1,6,30,9,1,1,12:33,5,1,9
2023221263709,2023,221263709,2,1,1,1,48,8,1,0,0,0,0,0,4,5,E01031242,1,1,0.0,0.0,-1,6,40,1,4,2,17:00,6,4,4
2023122300647,2023,122300647,2,1,1,1,74,10,3,0,0,0,0,0,9,5,E01027776,-1,0,0.02844,0.97156,-1,6,60,1,1,1,12:15,6,2,9
2023471366961,2023,471366961,2,1,1,1,36,7,3,0,0,0,0,0,1,6,E01031528,3,1,0.0,1.0,-1,6,30,1,4,2,06:40,6,2,1
2023320264989,2023,320264989,1,1,1,1,23,5,3,0,0,0,0,0,3,5,E01026266,-1,0,0.155,0.845,-1,6,30,1,1,1,17:20,3,2,3
2023461341726,2023,461341726,1,1,1,2,54,8,3,0,0,0,0,0,9,7,E01025819,3,1,0.0,1.0,-1,6,30,1,4,1,23:08,2,4,9
2023471307664,2023,471307664,1,2,1,1,45,7,3,0,0,0,0,0,9,6,E01021034,3,1,0.0,1.0,-1,6,30,1,1,1,18:24,2,3,9
2023552301502,2023,552301502,2,3,2,1,5,1,3,0,0,2,0,0,9,4,E01020438,-1,0,0.0557,0.9443,-1,6,60,2,6,2,19:54,7,2,9
2023631365773,2023,631365773,1,1,1,2,43,7,3,0,0,0,0,0,9,4,W01000718,3,1,0.0,1.0,-1,6,30,1,4,2,20:00,1,4,9
2023440489768,2023,440489768,1,1,1,2,55,8,3,0,0,0,0,0,9,10,E01022897,-1,0,0.01308,0.98692,-1,6,30,1,4,1,17:30,6,2,9
2023010449178,2023,010449178,1,1,1,1,29,6,3,0,0,0,0,0,1,3,E01004698,-1,0,0.0,1.0,-1,2,20,1,1,1,12:00,5,1,1
2023010473865,2023,010473865,1,1,2,2,77,11,3,0,0,0,3,0,11,3,E01004328,-1,0,0.0,1.0,-1,6,20,1,1,1,14:50,3,1,11
2023201370182,2023,201370182,1,1,2,2,19,4,3,0,0,-1,0,0,9,3,E01010070,3,1,0.0,1.0,-1,3,30,1,4,1,00:15,7,2,9
2023221307536,2023,221307536,2,1,1,1,36,7,3,0,0,0,0,0,9,9,W01000549,3,1,0.0,1.0,-1,6,60,1,1,1,12:50,1,2,9
2023451345114,2023,451345114,1,1,1,2,86,11,3,0,0,0,0,0,9,6,E01030912,3,1,0.0,1.0,-1,6,50,1,1,1,12:30,5,1,9
2023501282852,2023,501282852,1,1,1,1,64,9,3,0,0,0,0,0,1,4,E01019007,3,1,0.0,1.0,-1,6,30,2,6,2,17:18,3,1,1
2023411309912,2023,411309912,1,1,2,2,46,8,3,0,0,0,4,0,11,3,E01001409,3,1,0.0,1.0,-1,3,40,9,1,-1,13:15,5,1,11
2023041295460,2023,041295460,2,2,1,1,68,10,3,0,0,0,0,0,9,9,E01025021,3,1,0.0,1.0,-1,6,20,8,1,1,11:25,3,2,9
2023311278040,2023,311278040,2,1,2,2,6,2,3,0,0,2,0,0,9,4,E01028380,3,1,0.0,1.0,-1,6,60,1,4,1,18:29,7,2,9
2023421264186,2023,421264186,2,1,1,1,42,7,3,0,0,0,0,0,10,1,E01002280,3,1,0.0,1.0,-1,3,70,1,1,4,07:27,3,2,10
2023501396780,2023,501396780,1,1,1,1,16,4,2,0,0,0,0,0,1,-1,-1,7,1,1.0,0.0,-1,1,30,1,4,1,22:00,5,2,1
2023010422187,2023,010422187,1,2,2,-1,-1,-1,3,0,0,1,0,0,9,3,E01001311,-1,0,0.0,1.0,-1,6,20,1,4,1,23:00,4,2,9
2023131304358,2023,131304358,1,5,2,2,81,11,2,0,0,2,0,0,9,7,E01025593,7,1,1.0,0.0,-1,3,70,1,1,1,10:26,6,3,9
2023201356925,2023,201356925,1,1,1,1,21,5,2,0,0,0,0,0,9,1,E01033621,6,1,1.0,0.0,-1,6,30,1,1,1,17:49,4,3,9
2023320712053,2023,320712053,1,1,1,1,32,6,3,0,0,0,0,0,9,8,E01026237,-1,0,0.07012,0.92988,-1,6,60,1,1,2,08:06,6,2,9
2023451352969,2023,451352969,1,1,1,1,29,6,2,0,0,0,0,0,9,6,E01030570,7,1,1.0,0.0,-1,6,40,1,6,1,22:40,5,2,9
2023451381018,2023,451381018,1,2,2,2,47,8,3,0,0,1,0,0,9,5,E01002948,3,1,0.0,1.0,-1,3,70,1,4,1,21:50,6,2,9
2023320492076,2023,320492076,1,1,1,1,78,11,1,0,0,0,0,0,22,3,E01026311,-1,0,0.0,0.0,-1,6,30,9,1,1,08:00,7,1,22
2023010422065,2023,010422065,1,1,3,2,33,6,3,5,4,0,0,0,0,4,E01004401,-1,0,0.0,1.0,-1,6,20,1,1,1,14:47,4,1,9
2023131301315,2023,131301315,1,1,3,2,26,6,2,8,5,0,0,1,0,1,E01010732,7,1,1.0,0.0,-1,6,30,1,1,1,09:48,3,1,9
2023131375029,2023,131375029,2,1,1,2,51,8,3,0,0,0,0,0,9,1,E01011428,3,1,0.0,1.0,-1,6,30,1,1,1,13:02,4,3,9
2023052301399,2023,052301399,1,1,3,1,81,11,3,5,2,0,0,0,0,2,E01032510,-1,0,0.22748,0.77252,-1,2,30,1,1,1,13:50,3,1,19
2023201393332,2023,201393332,1,1,3,2,56,9,3,5,9,0,0,0,0,1,E01009222,3,1,0.0,1.0,-1,6,30,1,1,1,17:10,3,1,9
2023041375583,2023,041375583,2,2,2,2,49,8,3,0,0,1,0,0,9,7,E01025489,3,1,0.0,1.0,-1,6,30,2,4,2,19:25,5,2,9
2023471263559,2023,471263559,2,5,2,2,-1,-1,3,0,0,1,0,0,9,8,E01021180,3,1,0.0,1.0,-1,6,60,8,1,1,13:20,1,2,9
202360A195164,2023,60A195164,3,3,1,2,42,7,3,0,0,0,0,0,9,-1,-1,-1,0,0.08533,0.91467,-1,3,70,1,1,2,14:47,3,3,9
2023401310090,2023,401310090,1,1,3,2,29,6,3,5,9,0,0,0,0,9,E01017417,3,1,0.0,1.0,-1,6,30,1,4,1,17:26,1,1,8
2023991314701,2023,991314701,1,1,1,2,34,6,2,0,0,0,0,0,5,-1,-1,6,1,1.0,0.0,-1,3,50,1,1,1,09:25,1,1,5
2023010450431,2023,010450431,1,1,1,1,25,5,3,0,0,0,0,0,9,4,E01003440,-1,0,0.0,1.0,-1,6,20,1,1,1,07:15,4,2,9
2023010486587,2023,010486587,2,5,2,2,21,5,3,0,0,0,4,0,11,-1,-1,-1,0,0.0,1.0,-1,3,20,1,1,2,08:51,7,2,11
2023010459356,2023,010459356,1,1,3,2,28,6,3,5,1,0,0,0,0,3,E01001513,-1,0,0.0,1.0,-1,6,30,1,1,1,13:57,2,1,9
2023141259709,2023,141259709,1,1,3,2,61,9,3,5,1,0,0,0,0,3,E01008032,3,1,0.0,1.0,-1,6,30,1,4,2,17:10,4,1,19
2023440050075,2023,440050075,1,1,3,1,84,11,2,5,1,0,0,0,0,3,E01022801,-1,0,1.0,0.0,-1,6,30,1,1,2,10:00,2,1,9
2023320577397,2023,320577397,1,1,1,1,21,5,2,0,0,0,0,0,4,4,E01026725,-1,0,1.0,0.0,-1,6,60,1,1,1,15:40,7,1,4
2023430031390,2023,430031390,1,1,1,1,24,5,3,0,0,0,0,0,8,7,E01016613,-1,0,0.00766,0.99234,-1,6,30,1,1,4,09:35,7,2,8
2023411393899,2023,411393899,1,1,1,2,23,5,3,0,0,0,0,0,9,10,E01023468,3,1,0.0,1.0,-1,1,30,1,1,2,13:13,7,2,9
2023440089247,2023,440089247,1,2,2,1,18,4,1,0,0,1,0,0,9,2,E01017219,-1,0,0.0,0.0,-1,6,30,1,4,1,00:48,1,1,9
2023221343821,2023,221343821,1,1,3,2,30,6,3,9,6,0,0,0,0,6,E01022263,3,1,0.0,1.0,-1,3,60,1,1,1,12:50,4,2,9
2023411394154,2023,411394154,2,1,1,1,39,7,2,0,0,0,0,0,1,10,E01017651,7,1,1.0,0.0,-1,6,60,8,6,1,07:27,2,2,1
2023010431787,2023,010431787,1,1,1,1,54,8,2,0,0,0,0,0,5,8,E01000230,-1,0,1.0,0.0,-1,6,20,1,1,1,16:00,1,2,5
2023052301272,2023,052301272,1,1,2,2,5,1,3,0,0,2,0,0,9,1,E01006741,-1,0,0.03237,0.96763,-1,3,30,1,1,1,13:00,5,2,9
2023122300852,2023,122300852,2,2,1,2,55,8,2,0,0,0,0,0,9,3,E01007632,-1,0,1.0,0.0,-1,6,60,1,1,1,14:57,6,3,9
2023221335916,2023,221335916,2,3,2,1,36,7,3,0,0,2,0,0,9,9,E01032336,3,1,0.0,1.0,-1,6,30,1,1,1,09:25,2,2,9
2023991379180,2023,991379180,3,1,1,2,49,8,3,0,0,0,0,0,9,-1,-1,3,1,0.0,1.0,-1,6,60,1,6,2,15:55,1,3,9
2023421360123,2023,421360123,1,1,3,1,14,3,3,10,9,0,0,-1,0,8,E01033460,3,1,0.0,1.0,-1,6,30,1,1,1,15:30,5,1,9
2023101338020,2023,101338020,2,1,1,1,49,8,2,0,0,0,0,0,1,1,E01008227,7,1,1.0,0.0,-1,7,30,8,1,2,17:50,5,2,1
2023010473015,2023,010473015,2,2,2,2,22,5,3,0,0,0,0,0,3,-1,-1,-1,0,0.0,1.0,-1,6,20,2,4,2,03:30,6,2,3
2023522324075,2023,522324075,1,1,1,1,36,7,3,0,0,0,0,0,4,7,E01014950,-1,0,0.04156,0.95844,-1,6,20,1,1,1,13:17,4,2,4
2023461323309,2023,461323309,2,2,2,2,56,9,3,0,0,1,0,0,9,5,E01024168,3,1,0.0,1.0,-1,3,70,2,1,2,18:50,1,2,9
2023461272636,2023,461272636,1,1,3,1,11,3,3,1,1,0,0,0,0,3,E01024567,3,1,0.0,1.0,-1,6,30,1,1,1,15:10,3,1,9