collision_index,collision_year,collision_ref_no,vehicle_reference,casualty_reference,casualty_class,sex_of_casualty,age_of_casualty,age_band_of_casualty,casualty_severity,pedestrian_location,pedestrian_movement,car_passenger,bus_or_coach_passenger,pedestrian_road_maintenance_worker,casualty_type,casualty_imd_decile,lsoa_of_casualty,enhanced_casualty_severity,casualty_injury_based,casualty_adjusted_severity_serious,casualty_adjusted_severity_slight,casualty_distance_banding,road_type,speed_limit,weather_conditions,light_conditions,road_surface_conditions,time,day_of_week,number_of_vehicles,vehicle_type
2023010478448,2023,010478448,1,1,1,1,36,7,3,0,0,0,0,0,5,5,E01024304,-1,0,0.0,1.0,-1,6,30,1,4,2,19:35,5,2,5
2023010443303,2023,010443303,1,1,3,1,-1,-1,3,5,9,0,0,0,0,2,E01001014,-1,0,0.0,1.0,-1,6,30,9,1,1,15:26,3,1,9
2023052301467,2023,052301467,2,1,1,1,22,5,3,0,0,0,0,0,1,4,E01006528,-1,0,0.06282,0.93718,-1,6,30,1,1,1,07:40,1,2,1
2023451263219,2023,451263219,1,1,1,1,31,6,2,0,0,0,0,0,5,9,E01016196,7,1,1.0,0.0,-1,6,30,2,4,2,02:01,7,1,5
2023302301367,2023,302301367,1,1,1,2,30,6,3,0,0,0,0,0,9,2,E01013588,-1,0,0.02158,0.97842,-1,6,30,1,1,1,17:00,2,2,9
2023421276005,2023,421276005,2,1,1,2,27,6,3,0,0,0,0,0,9,7,E01021792,3,1,0.0,1.0,-1,6,30,1,4,2,17:30,7,3,9
2023430039668,2023,430039668,2,1,1,1,62,9,3,0,0,0,0,0,9,5,E01028494,-1,0,0.00753,0.99247,-1,6,30,1,1,2,11:00,5,2,9
2023451338457,2023,451338457,1,1,1,2,35,6,3,0,0,0,0,0,9,8,E01004498,3,1,0.0,1.0,-1,3,70,1,1,2,12:19,7,1,9
2023311329874,2023,311329874,2,2,1,1,60,9,3,0,0,0,0,0,9,2,E01028230,3,1,0.0,1.0,-1,6,30,1,1,1,06:41,1,2,9
2023522300954,2023,522300954,1,1,1,2,20,4,3,0,0,0,0,0,9,8,E01014824,-1,0,0.01958,0.98042,-1,2,30,1,4,1,00:25,1,2,9
2023371369997,2023,371369997,1,1,3,2,46,8,2,1,3,0,0,0,0,3,E01029916,7,1,1.0,0.0,-1,6,30,5,4,2,17:07,5,1,9
2023131366622,2023,131366622,1,1,1,1,43,7,2,0,0,0,0,0,5,1,E01010737,6,1,1.0,0.0,-1,6,30,1,1,2,16:15,2,1,5
2023332300454,2023,332300454,1,1,1,1,36,7,2,0,0,0,0,0,5,8,E01025948,-1,0,1.0,0.0,-1,6,60,1,1,1,13:50,1,2,5
2023131299121,2023,131299121,1,1,1,1,37,7,2,0,0,0,0,0,1,7,E01011775,5,1,1.0,0.0,-1,6,30,1,4,1,20:47,5,1,1
2023501265528,2023,501265528,2,1,1,1,57,9,2,0,0,0,0,0,1,6,E01020029,7,1,1.0,0.0,-1,6,30,1,1,2,13:20,5,2,1
2023471268516,2023,471268516,2,1,1,2,54,8,2,0,0,0,0,0,9,5,E01016991,7,1,1.0,0.0,-1,6,40,1,1,2,09:23,3,3,9
2023471277968,2023,471277968,1,1,1,2,49,8,3,0,0,0,0,0,9,8,E01016981,3,1,0.0,1.0,-1,9,20,1,4,1,22:00,7,1,9
2023522301664,2023,522301664,1,1,1,2,51,8,3,0,0,0,0,0,9,7,E01014895,-1,0,0.01956,0.98044,-1,6,30,1,1,1,13:35,5,2,9
202360A161415,2023,60A161415,1,1,1,2,28,6,3,0,0,0,0,0,9,-1,-1,-1,0,0.11812,0.88188,-1,6,60,1,1,1,17:25,7,2,9
2023122300683,2023,122300683,2,1,1,1,74,10,3,0,0,0,0,0,9,9,E01013407,-1,0,0.0059,0.9941,-1,7,60,1,1,1,14:45,4,2,9
2023131373138,2023,131373138,1,1,1,1,50,8,2,0,0,0,0,0,9,10,E01027732,6,1,1.0,0.0,-1,6,40,4,4,2,16:10,6,1,9
2023440092574,2023,440092574,1,2,2,1,9,2,3,0,0,1,0,0,9,7,E01023271,-1,0,0.03933,0.96067,-1,6,40,2,1,2,13:32,3,2,9
2023451300681,2023,451300681,1,1,1,-1,30,6,3,0,0,0,0,0,9,-1,-1,3,1,0.0,1.0,-1,6,30,1,1,1,18:02,4,2,9
2023041380752,2023,041380752,2,1,1,2,46,8,3,0,0,0,0,0,9,2,E01012591,3,1,0.0,1.0,-1,6,30,8,1,4,08:01,5,2,9
2023401365913,2023,401365913,1,2,2,2,16,4,3,0,0,1,0,0,9,9,E01017398,3,1,0.0,1.0,-1,6,60,1,6,1,05:45,4,2,9
2023631319562,2023,631319562,2,3,2,1,52,8,2,0,0,0,0,0,19,4,W01000678,6,1,1.0,0.0,-1,6,60,1,1,1,07:55,5,2,19
2023311387321,2023,311387321,1,13,2,2,8,2,3,0,0,0,4,0,11,-1,-1,3,1,0.0,1.0,-1,6,60,2,1,2,13:30,3,1,11
2023010422198,2023,010422198,1,1,1,2,21,5,3,0,0,0,0,0,9,3,E01004020,-1,0,0.0,1.0,-1,6,20,1,1,1,14:18,1,2,9
2023010486378,2023,010486378,2,2,2,1,10,2,3,0,0,2,0,0,9,7,E01001569,-1,0,0.0,1.0,-1,6,30,2,7,2,17:30,5,2,9
2023041309578,2023,041309578,1,4,2,1,17,4,3,0,0,2,0,0,9,7,E01025270,3,1,0.0,1.0,-1,6,60,1,1,1,19:00,7,1,9
2023302301777,2023,302301777,1,1,1,2,28,6,2,0,0,0,0,0,9,3,E01019484,-1,0,1.0,0.0,-1,1,30,2,1,2,11:34,1,2,9
2023201337487,2023,201337487,2,1,1,2,69,10,2,0,0,0,0,0,1,5,E01009907,6,1,1.0,0.0,-1,6,30,1,1,1,07:13,2,2,1
2023201456331,2023,201456331,2,1,1,1,19,4,2,0,0,0,0,0,1,8,E01022189,7,1,1.0,0.0,-1,6,30,2,4,2,09:50,4,2,1
2023332300677,2023,332300677,2,1,1,1,31,6,2,0,0,0,0,0,1,3,E01013611,-1,0,1.0,0.0,-1,6,30,1,1,1,18:38,2,2,1
2023010445231,2023,010445231,1,2,2,-1,-1,-1,3,0,0,1,0,0,9,-1,-1,-1,0,0.0,1.0,-1,3,20,1,1,1,14:26,5,2,9
2023010467029,2023,010467029,1,1,1,1,31,6,3,0,0,0,0,0,9,4,E01004357,-1,0,0.0,1.0,-1,6,20,4,1,1,12:57,3,1,9
2023201389901,2023,201389901,2,2,2,2,46,8,3,0,0,2,0,0,9,1,E01009404,3,1,0.0,1.0,-1,3,30,1,1,1,09:00,2,2,9
2023010426065,2023,010426065,2,1,1,1,50,8,3,0,0,0,0,0,9,-1,-1,-1,0,0.0,1.0,-1,1,40,1,1,1,09:30,4,2,9
2023161392338,2023,161392338,1,2,2,2,49,8,2,0,0,1,0,0,9,1,E01010611,6,1,1.0,0.0,-1,6,60,1,6,1,16:50,3,2,9
2023531330048,2023,531330048,2,2,1,1,32,6,3,0,0,0,0,0,9,5,E01022334,3,1,0.0,1.0,-1,3,60,1,1,2,15:05,5,4,9
2023411303958,2023,411303958,2,1,1,1,41,7,3,0,0,0,0,0,1,10,E01023474,3,1,0.0,1.0,-1,1,40,1,1,1,11:00,1,2,1
2023101289611,2023,101289611,1,1,1,1,29,6,2,0,0,0,0,0,5,8,E01027420,5,1,1.0,0.0,-1,6,40,1,1,1,15:15,3,2,5
2023122301009,2023,122301009,1,1,2,2,38,7,3,0,0,2,0,0,9,2,E01005720,-1,0,0.03514,0.96486,-1,6,40,1,1,1,18:37,1,2,9
2023522400106,2023,522400106,2,1,1,2,32,6,3,0,0,0,0,0,9,8,E01014854,-1,0,0.02037,0.97963,-1,6,30,2,1,2,15:33,5,3,9
2023010423930,2023,010423930,2,1,1,1,39,7,3,0,0,0,0,0,1,1,E01000661,-1,0,0.0,1.0,-1,2,20,1,4,1,21:40,6,2,1
2023991268060,2023,991268060,1,1,3,1,42,7,1,5,9,0,0,0,0,2,-1,1,1,0.0,0.0,-1,3,70,1,1,2,13:24,4,1,9
2023131262180,2023,131262180,2,3,2,1,6,2,3,0,0,2,0,0,9,1,E01010618,3,1,0.0,1.0,-1,2,30,2,1,2,15:12,3,2,9
2023440231411,2023,440231411,1,1,1,1,72,10,3,0,0,0,0,0,9,4,E01017359,-1,0,0.07878,0.92122,-1,6,30,1,1,1,15:25,1,2,9
2023501345273,2023,501345273,1,1,1,1,18,4,3,0,0,0,0,0,3,9,E01020026,3,1,0.0,1.0,-1,6,30,1,4,1,21:14,5,2,3
2023010450056,2023,010450056,1,1,2,2,36,7,3,0,0,1,0,0,9,-1,-1,-1,0,0.0,1.0,-1,6,30,1,1,1,11:50,2,2,9
2023052301673,2023,052301673,2,1,2,2,29,6,3,0,0,1,0,0,9,9,E01006348,-1,0,0.01142,0.98858,-1,3,40,1,1,1,15:48,1,1,9
2023522400960,2023,522400960,1,1,1,2,42,7,2,0,0,0,0,0,9,8,E01014391,-1,0,1.0,0.0,-1,2,30,2,1,2,16:00,1,2,9
202363A000623,2023,63A000623,1,1,1,1,27,6,3,0,0,0,0,0,9,3,W01000657,-1,0,0.1662,0.8338,-1,6,60,1,6,2,19:25,2,1,9
2023520301415,2023,520301415,3,3,1,1,55,8,3,0,0,0,0,0,9,2,W01001538,-1,0,0.06648,0.93352,-1,6,60,1,1,1,17:27,6,3,9
2023622301052,2023,622301052,2,2,1,1,18,4,2,0,0,0,0,0,1,1,W01001144,-1,0,1.0,0.0,-1,6,30,2,5,2,07:43,3,2,1
2023421352576,2023,421352576,2,1,2,1,21,5,3,0,0,1,0,0,9,1,E01015852,3,1,0.0,1.0,-1,3,40,1,1,1,17:15,5,2,9
2023991304647,2023,991304647,1,1,2,2,79,11,2,0,0,1,0,0,9,4,-1,6,1,1.0,0.0,-1,6,30,1,1,1,12:00,6,3,9
2023311369457,2023,311369457,2,1,1,1,42,7,3,0,0,0,0,0,1,7,E01028405,3,1,0.0,1.0,-1,6,20,2,1,2,10:46,3,2,1
2023061365632,2023,061365632,2,1,1,2,26,6,3,0,0,0,0,0,9,-1,-1,3,1,0.0,1.0,-1,6,20,1,1,1,10:34,1,3,9
2023361299773,2023,361299773,1,1,1,1,25,5,3,0,0,0,0,0,9,7,E01026910,3,1,0.0,1.0,-1,6,60,1,6,1,22:00,6,1,9
2023411401124,2023,411401124,2,2,1,1,92,11,3,0,0,0,0,0,9,6,E01023388,3,1,0.0,1.0,-1,6,30,8,1,2,15:20,5,2,9
2023461264179,2023,461264179,1,1,1,2,49,8,3,0,0,0,0,0,9,2,E01024311,3,1,0.0,1.0,-1,6,30,5,1,2,08:50,3,3,9
2023010428992,2023,010428992,1,1,1,1,33,6,3,0,0,0,0,0,3,2,E01003373,-1,0,0.0,1.0,-1,6,20,1,4,1,18:49,6,2,3
2023010482983,2023,010482983,1,1,1,1,58,9,3,0,0,0,0,0,3,4,E01003210,-1,0,0.0,1.0,-1,6,20,1,4,2,17:45,6,2,3
2023461395586,2023,461395586,1,2,3,1,18,4,3,9,7,0,0,0,0,4,E01016137,3,1,0.0,1.0,-1,6,30,1,4,1,00:50,5,1,19
2023991386976,2023,991386976,1,1,3,2,15,3,3,5,1,0,0,0,0,1,-1,3,1,0.0,1.0,-1,6,30,1,4,2,19:00,2,1,9
2023122301176,2023,122301176,2,2,2,1,18,4,3,0,0,0,0,0,3,7,E01013401,-1,0,0.09653,0.90347,-1,6,30,1,4,1,21:20,3,3,3
2023201376310,2023,201376310,1,1,1,2,26,6,3,0,0,0,0,0,9,1,E01009408,3,1,0.0,1.0,-1,6,30,1,1,1,13:52,1,2,9
2023461276899,2023,461276899,2,1,1,1,40,7,3,0,0,0,0,0,3,5,E01024654,3,1,0.0,1.0,-1,6,30,1,1,2,16:50,5,3,3
2023141294742,2023,141294742,1,1,1,1,49,8,2,0,0,0,0,0,9,3,E01032550,7,1,1.0,0.0,-1,6,30,1,1,1,09:06,5,2,9
2023201425946,2023,201425946,2,1,1,1,45,7,3,0,0,0,0,0,9,10,E01009852,3,1,0.0,1.0,-1,6,30,4,1,2,07:28,5,2,9
2023320590308,2023,320590308,2,2,1,2,36,7,3,0,0,0,0,0,9,9,E01026292,-1,0,0.04289,0.95711,-1,6,60,1,1,2,08:00,6,2,9
2023451308102,2023,451308102,2,1,1,1,44,7,3,0,0,0,0,0,9,4,E01022723,3,1,0.0,1.0,-1,6,30,1,1,1,17:45,3,3,9
2023401307526,2023,401307526,1,1,1,2,55,8,3,0,0,0,0,0,19,8,E01016549,3,1,0.0,1.0,-1,3,70,1,1,1,09:50,5,2,19
2023461312722,2023,461312722,1,1,3,1,13,3,2,5,1,0,0,0,0,6,E01024704,7,1,1.0,0.0,-1,6,30,1,1,1,08:30,4,1,9
2023010420968,2023,010420968,1,1,1,1,47,8,3,0,0,0,0,0,9,2,E01000077,-1,0,0.0,1.0,-1,6,20,1,1,2,08:50,5,2,9
2023461359769,2023,461359769,1,1,1,1,48,8,3,0,0,0,0,0,9,4,E01003758,3,1,0.0,1.0,-1,3,70,1,1,1,09:59,3,1,9
2023545582423,2023,545582423,2,1,1,1,33,6,2,0,0,0,0,0,3,8,E01015534,-1,0,1.0,0.0,-1,1,30,9,1,1,15:45,1,2,3
2023440415136,2023,440415136,1,1,1,1,44,7,3,0,0,0,0,0,1,6,E01023140,-1,0,0.06815,0.93185,-1,6,30,1,1,1,16:39,3,2,1
2023161306116,2023,161306116,1,2,2,1,44,7,3,0,0,1,0,0,9,8,E01013033,3,1,0.0,1.0,-1,7,30,1,1,1,11:45,4,2,9
2023221382091,2023,221382091,1,3,2,2,80,11,3,0,0,1,0,0,9,6,E01014030,3,1,0.0,1.0,-1,6,60,1,1,1,15:25,6,2,9
2023522400823,2023,522400823,2,1,2,2,23,5,3,0,0,1,0,0,9,1,E01032514,-1,0,0.01557,0.98443,-1,1,30,1,1,1,16:13,1,2,9
2023201360135,2023,201360135,2,1,1,1,19,4,3,0,0,0,0,0,19,3,E01009221,3,1,0.0,1.0,-1,6,30,1,1,1,13:55,4,3,19
2023061339845,2023,061339845,2,1,1,1,29,6,3,0,0,0,0,0,1,1,E01004827,3,1,0.0,1.0,-1,6,30,1,1,1,15:40,3,2,1
2023451334597,2023,451334597,1,1,1,1,33,6,3,0,0,0,0,0,1,4,E01030709,3,1,0.0,1.0,-1,6,30,2,7,2,21:37,1,2,1
2023010457821,2023,010457821,1,1,1,-1,23,5,3,0,0,0,0,0,3,7,E01002171,-1,0,0.0,1.0,-1,6,30,9,1,9,16:50,6,2,3
2023421328233,2023,421328233,2,1,1,1,22,5,2,0,0,0,0,0,3,5,E01003703,7,1,1.0,0.0,-1,6,30,1,4,1,21:15,1,2,3
2023041381706,2023,041381706,1,5,2,2,43,7,3,0,0,2,0,0,9,2,E01012608,3,1,0.0,1.0,-1,3,70,2,4,2,17:05,7,2,9
2023131313473,2023,131313473,1,3,2,1,7,2,2,0,0,2,0,0,9,9,E01011685,7,1,1.0,0.0,-1,3,40,1,1,1,15:00,4,4,9
2023221282207,2023,221282207,1,1,1,1,35,6,2,0,0,0,0,0,9,5,E01032447,7,1,1.0,0.0,-1,3,40,1,4,1,19:46,6,1,9
2023221290317,2023,221290317,2,1,1,1,58,9,3,0,0,0,0,0,9,5,E01014000,3,1,0.0,1.0,-1,6,30,1,4,1,20:25,6,2,9
2023010463247,2023,010463247,1,2,2,-1,-1,-1,3,0,0,1,0,0,9,4,E01003781,-1,0,0.0,1.0,-1,9,20,1,1,1,17:30,4,1,9
2023211263179,2023,211263179,1,2,2,2,5,1,2,0,0,0,0,0,19,-1,-1,7,1,1.0,0.0,-1,6,30,1,4,1,21:45,6,2,19
2023430030118,2023,430030118,2,1,1,1,25,5,3,0,0,0,0,0,19,1,E01015545,-1,0,0.01195,0.98805,-1,6,60,1,1,4,09:05,6,2,19
2023041353957,2023,041353957,1,1,3,1,14,3,3,9,9,0,0,0,0,9,E01025299,3,1,0.0,1.0,-1,6,30,1,1,1,08:35,2,1,19
2023320236191,2023,320236191,2,3,1,2,38,7,3,0,0,0,0,0,9,5,E01026414,-1,0,0.02839,0.97161,-1,6,60,1,1,1,17:25,4,3,9
2023411283586,2023,411283586,2,2,2,2,12,3,3,0,0,2,0,0,9,6,E01023927,3,1,0.0,1.0,-1,3,70,1,1,1,17:35,6,2,9
202354B322623,2023,54B322623,1,1,1,1,72,10,3,0,0,0,0,0,9,6,E01023022,-1,0,0.07654,0.92346,-1,6,30,1,4,1,20:22,4,2,9
2023131362661,2023,131362661,1,1,1,1,17,4,3,0,0,0,0,0,3,-1,-1,3,1,0.0,1.0,-1,6,30,1,1,1,16:30,6,2,3
2023320386384,2023,320386384,2,1,1,1,62,9,2,0,0,0,0,0,4,6,E01026398,-1,0,1.0,0.0,-1,6,60,1,1,1,17:19,6,2,4
2023461274025,2023,461274025,2,1,1,1,55,8,3,0,0,0,0,0,5,4,E01024204,3,1,0.0,1.0,-1,3,30,5,1,2,08:35,3,2,5
2023411288962,2023,411288962,1,1,3,2,28,6,3,5,1,0,0,0,0,4,E01023870,3,1,0.0,1.0,-1,6,20,2,4,2,20:00,2,1,9
2023161389855,2023,161389855,1,1,1,1,21,5,2,0,0,0,0,0,3,2,E01013281,7,1,1.0,0.0,-1,6,30,1,1,1,10:25,2,2,3
2023991340814,2023,991340814,1,1,1,1,55,8,3,0,0,0,0,0,5,6,-1,3,1,0.0,1.0,-1,1,40,1,1,1,16:05,6,1,5
2023052301629,2023,052301629,2,1,2,1,10,2,3,0,0,2,0,0,9,1,E01006599,-1,0,0.01433,0.98567,-1,3,40,1,1,1,12:05,6,1,9
2023122301289,2023,122301289,1,1,1,1,17,4,2,0,0,0,0,0,9,10,E01013452,-1,0,1.0,0.0,-1,6,60,1,1,1,17:19,1,3,9
2023201401840,2023,201401840,2,1,1,1,43,7,3,0,0,0,0,0,9,1,E01009637,3,1,0.0,1.0,-1,1,30,1,4,1,22:05,7,2,9
2023430026173,2023,430026173,1,1,1,1,50,8,3,0,0,0,0,0,9,-1,-1,-1,0,0.04559,0.95441,-1,6,30,1,1,1,12:20,4,2,9
2023010465081,2023,010465081,1,1,1,2,33,6,3,0,0,0,0,0,1,7,E01004499,-1,0,0.0,1.0,-1,6,30,1,1,1,11:48,5,2,1
2023451312183,2023,451312183,2,1,1,1,13,3,3,0,0,0,0,0,1,6,E01030767,3,1,0.0,1.0,-1,6,30,1,1,1,09:40,7,2,1
2023231320678,2023,231320678,2,1,1,1,23,5,2,0,0,0,0,0,3,3,E01031173,5,1,1.0,0.0,-1,6,30,1,1,1,20:33,6,2,3
2023052301760,2023,052301760,1,1,3,2,34,6,3,9,5,0,0,0,0,3,E01007022,-1,0,0.0793,0.9207,-1,6,30,1,1,1,09:50,2,1,9
2023361331342,2023,361331342,1,1,1,2,17,4,3,0,0,0,0,0,3,4,E01026646,3,1,0.0,1.0,-1,6,30,1,1,1,18:23,7,2,3
2023302300353,2023,302300353,2,1,1,1,63,9,3,0,0,0,0,0,4,2,E01019581,-1,0,0.21076,0.78924,-1,6,30,2,4,2,20:05,4,2,4
2023421311757,2023,421311757,1,1,1,2,82,11,2,0,0,0,0,0,9,7,E01022097,7,1,1.0,0.0,-1,6,30,1,1,1,09:40,6,1,9
2023991277164,2023,991277164,2,1,2,2,52,8,3,0,0,1,0,0,9,5,-1,3,1,0.0,1.0,-1,6,40,1,1,1,11:25,5,2,9
2023010447991,2023,010447991,1,1,3,2,13,3,2,5,1,0,0,0,0,2,E01003150,-1,0,1.0,0.0,-1,6,30,1,1,1,15:22,6,1,9
2023010480467,2023,010480467,1,1,3,2,27,6,3,1,1,0,0,0,0,4,E01001484,-1,0,0.0,1.0,-1,1,20,2,1,2,10:00,2,1,8
2023522301020,2023,522301020,1,1,1,1,23,5,3,0,0,0,0,0,3,3,E01014673,-1,0,0.11013,0.88987,-1,6,20,1,1,1,16:09,4,2,3
2023052301643,2023,052301643,2,2,2,2,19,4,3,0,0,1,0,0,9,8,E01007193,-1,0,0.01683,0.98317,-1,6,30,1,1,1,17:46,6,2,9
2023122301301,2023,122301301,1,1,1,1,79,11,3,0,0,0,0,0,9,5,E01027807,-1,0,0.07943,0.92057,-1,6,30,1,1,1,15:13,2,2,9
2023991361091,2023,991361091,1,1,1,1,57,9,2,0,0,0,0,0,11,10,-1,5,1,1.0,0.0,-1,6,30,2,4,1,23:23,7,1,11
2023141293655,2023,141293655,1,1,1,1,63,9,2,0,0,0,0,0,19,-1,-1,6,1,1.0,0.0,-1,6,30,1,1,1,13:10,3,2,19
2023431347310,2023,431347310,2,1,1,1,35,6,3,0,0,0,0,0,19,7,E01000791,3,1,0.0,1.0,-1,3,70,2,1,2,14:40,5,2,19
2023131277657,2023,131277657,1,1,3,1,7,2,2,5,2,0,0,2,0,2,E01010796,7,1,1.0,0.0,-1,6,30,1,1,1,13:30,6,1,9
2023351301876,2023,351301876,1,1,3,1,6,2,2,10,9,0,0,0,0,3,E01018072,7,1,1.0,0.0,-1,6,30,1,1,1,15:55,4,1,9
2023522300805,2023,522300805,1,1,3,2,32,6,2,1,1,0,0,0,0,8,E01014637,-1,0,1.0,0.0,-1,2,20,1,1,1,17:07,7,1,-1
2023010481203,2023,010481203,2,2,1,-1,-1,-1,3,0,0,0,0,0,1,-1,-1,-1,0,0.0,1.0,-1,6,20,1,1,1,08:25,5,2,1
2023010453456,2023,010453456,3,6,2,2,45,7,3,0,0,2,0,0,8,-1,-1,-1,0,0.0,1.0,-1,1,20,1,4,1,22:20,4,4,8
2023010483939,2023,010483939,1,1,1,1,31,6,3,0,0,0,0,0,3,1,E01000524,-1,0,0.0,1.0,-1,2,20,2,4,2,20:40,4,2,3
2023302300801,2023,302300801,1,1,2,2,63,9,3,0,0,1,0,0,9,1,E01019527,-1,0,0.00845,0.99155,-1,1,30,9,1,1,12:30,6,3,9
2023111383229,2023,111383229,2,1,1,1,32,6,3,0,0,0,0,0,9,4,E01008209,3,1,0.0,1.0,-1,3,60,1,4,2,16:14,1,2,9
2023131285599,2023,131285599,2,1,1,2,36,7,3,0,0,0,0,0,9,1,E01010880,3,1,0.0,1.0,-1,6,30,1,1,2,13:40,6,2,9
2023302300152,2023,302300152,1,1,1,2,33,6,3,0,0,0,0,0,9,8,E01019847,-1,0,0.0611,0.9389,-1,6,60,1,1,2,09:34,4,2,9
2023430550041,2023,430550041,1,1,1,2,34,6,3,0,0,0,0,0,9,7,E01027338,-1,0,0.00375,0.99625,-1,6,40,7,1,-1,09:35,4,3,9
2023440361468,2023,440361468,1,1,1,1,40,7,3,0,0,0,0,0,9,1,E01017120,-1,0,0.1125,0.8875,-1,6,30,1,4,1,20:40,3,3,9
2023501352505,2023,501352505,1,1,1,2,60,9,3,0,0,0,0,0,9,8,E01015098,3,1,0.0,1.0,-1,6,60,1,1,1,07:44,5,3,9
2023552300537,2023,552300537,3,1,1,2,33,6,3,0,0,0,0,0,9,6,E01023023,-1,0,0.06532,0.93468,-1,6,60,1,1,2,10:11,5,3,9
2023991394948,2023,991394948,2,1,1,2,51,8,3,0,0,0,0,0,1,-1,-1,3,1,0.0,1.0,-1,6,60,1,1,1,14:46,1,2,1
2023010446154,2023,010446154,2,4,2,2,15,3,3,0,0,2,0,0,9,10,E01030299,-1,0,0.0,1.0,-1,6,30,1,1,1,10:30,4,2,9
2023111278522,2023,111278522,1,1,2,2,16,4,2,0,0,2,0,0,9,1,E01020885,5,1,1.0,0.0,-1,6,60,1,6,2,20:30,4,1,9
2023131343399,2023,131343399,2,1,2,2,11,3,3,0,0,2,0,0,9,7,E01011067,3,1,0.0,1.0,-1,3,30,1,1,1,12:17,7,2,9
2023161319724,2023,161319724,3,1,1,2,54,8,3,0,0,0,0,0,9,10,E01012925,3,1,0.0,1.0,-1,6,50,1,1,1,09:24,7,4,9
2023421307195,2023,421307195,1,1,1,1,42,7,2,0,0,0,0,0,9,9,E01032611,7,1,1.0,0.0,-1,6,40,1,1,1,18:22,1,1,9
2023522300845,2023,522300845,2,3,2,1,44,7,3,0,0,1,0,0,9,8,E01014773,-1,0,0.04601,0.95399,-1,6,40,1,1,1,14:15,1,2,9
2023991349364,2023,991349364,1,1,2,1,41,7,2,0,0,0,0,0,19,6,-1,6,1,1.0,0.0,-1,6,60,1,6,1,03:30,6,1,19
2023010422939,2023,010422939,1,1,1,1,28,6,3,0,0,0,0,0,3,2,E01003729,-1,0,0.0,1.0,-1,6,30,1,4,2,17:39,1,2,3
2023041317388,2023,041317388,1,1,1,1,48,8,3,0,0,0,0,0,3,1,E01006849,3,1,0.0,1.0,-1,6,30,1,1,1,07:10,5,1,3
2023010441243,2023,010441243,1,1,3,2,27,6,3,5,3,0,0,0,0,4,E01003129,-1,0,0.0,1.0,-1,6,20,1,1,1,07:45,6,1,9
2023411343794,2023,411343794,1,1,3,1,58,9,3,9,7,0,0,0,0,5,E01023303,3,1,0.0,1.0,-1,6,30,1,4,1,21:20,6,1,9
2023211314600,2023,211314600,1,1,3,2,15,3,3,5,2,0,0,0,0,1,E01014247,3,1,0.0,1.0,-1,6,30,1,1,1,17:45,7,1,9
2023471304384,2023,471304384,1,1,3,1,19,4,2,6,9,0,0,0,0,9,E01003837,7,1,1.0,0.0,-1,6,30,1,4,1,00:30,5,1,11
2023010486783,2023,010486783,1,1,1,-1,23,5,3,0,0,0,0,0,3,3,E01003989,-1,0,0.0,1.0,-1,9,30,9,7,9,22:50,7,2,3
2023041338206,2023,041338206,1,2,2,1,14,3,3,0,0,1,0,0,9,6,E01019200,3,1,0.0,1.0,-1,3,70,1,1,1,06:15,6,2,9
2023070074342,2023,070074342,1,1,1,1,23,5,2,0,0,0,0,0,9,1,E01012407,-1,0,1.0,0.0,-1,6,60,1,6,2,22:30,4,2,9
2023501378636,2023,501378636,1,1,2,2,14,3,3,0,0,2,0,0,9,7,E01032670,3,1,0.0,1.0,-1,6,60,1,6,1,22:22,5,1,9
202360A000853,2023,60A000853,1,2,2,2,19,4,2,0,0,1,0,0,9,-1,-1,-1,0,1.0,0.0,-1,6,60,8,6,1,19:20,2,1,9
2023991285345,2023,991285345,2,2,1,2,60,9,2,0,0,0,0,0,9,8,-1,6,1,1.0,0.0,-1,6,60,1,1,3,08:00,5,2,9
2023010482656,2023,010482656,2,1,1,2,81,11,3,0,0,0,0,0,9,6,E01000700,-1,0,0.0,1.0,-1,6,30,1,1,2,14:52,5,3,9
2023041352106,2023,041352106,3,3,1,1,62,9,3,0,0,0,0,0,9,9,E01025377,3,1,0.0,1.0,-1,6,30,1,1,1,08:45,4,3,9
2023471326861,2023,471326861,3,2,2,1,77,11,3,0,0,1,0,0,9,4,E01024162,3,1,0.0,1.0,-1,6,50,1,1,1,11:09,5,3,9
2023501370876,2023,501370876,5,8,1,2,40,7,3,0,0,0,0,0,9,3,E01018856,3,1,0.0,1.0,-1,6,60,2,1,2,12:12,1,7,9
2023430328911,2023,430328911,1,1,1,1,34,6,3,0,0,0,0,0,19,1,E01016441,-1,0,0.00519,0.99481,-1,6,30,2,1,2,09:40,2,2,19
2023010471916,2023,010471916,1,2,3,2,64,9,3,6,9,0,0,0,0,2,E01001761,-1,0,0.0,1.0,-1,6,20,1,1,1,11:56,7,1,9
202360A032782,2023,60A032782,3,4,3,1,48,8,3,6,9,0,0,0,0,-1,-1,-1,0,0.24938,0.75062,-1,6,60,2,4,2,20:20,1,5,9
2023052300997,2023,052300997,2,2,1,2,31,6,3,0,0,0,0,0,9,6,E01025507,-1,0,0.02576,0.97424,-1,6,30,1,1,1,20:15,7,2,9
2023340WN0892,2023,340WN0892,1,1,1,2,17,4,3,0,0,0,0,0,9,10,E01027001,-1,0,0.05066,0.94934,-1,6,60,1,1,1,15:51,7,3,9