collision_index,collision_year,collision_ref_no,vehicle_reference,casualty_reference,casualty_class,sex_of_casualty,age_of_casualty,age_band_of_casualty,casualty_severity,pedestrian_location,pedestrian_movement,car_passenger,bus_or_coach_passenger,pedestrian_road_maintenance_worker,casualty_type,casualty_imd_decile,lsoa_of_casualty,enhanced_casualty_severity,casualty_injury_based,casualty_adjusted_severity_serious,casualty_adjusted_severity_slight,casualty_distance_banding,road_type,speed_limit,weather_conditions,light_conditions,road_surface_conditions,time,day_of_week,number_of_vehicles,vehicle_type
2023231287523,2023,231287523,1,1,1,1,36,7,3,0,0,0,0,0,9,8,E01022754,3,1,0.0,1.0,-1,6,50,1,1,2,09:48,3,1,9
2023461381311,2023,461381311,1,1,1,1,16,4,3,0,0,0,0,0,2,1,E01024666,3,1,0.0,1.0,-1,6,30,1,1,2,11:40,6,3,2
2023302300162,2023,302300162,1,1,3,1,37,7,3,1,9,0,0,0,0,5,E01013509,-1,0,0.13434,0.86566,-1,6,30,1,1,1,14:30,6,1,9
2023131309750,2023,131309750,2,1,1,2,72,10,3,0,0,0,0,0,9,10,E01019653,3,1,0.0,1.0,-1,6,20,1,1,1,15:03,1,2,9
2023161347098,2023,161347098,2,1,2,2,-1,-1,3,0,0,1,0,0,9,8,E01012909,3,1,0.0,1.0,-1,1,30,1,4,1,21:20,4,2,9
2023332301152,2023,332301152,1,1,1,2,47,8,3,0,0,0,0,0,9,8,E01025672,-1,0,0.00576,0.99424,-1,3,70,1,4,2,19:50,6,2,9
2023991288311,2023,991288311,2,3,2,2,59,9,3,0,0,1,0,0,9,6,-1,3,1,0.0,1.0,-1,3,70,1,1,1,07:50,1,2,9
2023010455097,2023,010455097,1,1,1,1,35,6,3,0,0,0,0,0,3,4,E01001174,-1,0,0.0,1.0,-1,9,30,9,1,9,13:10,5,2,3
2023221268392,2023,221268392,2,1,1,1,34,6,3,0,0,0,0,0,9,3,E01014153,3,1,0.0,1.0,-1,6,30,1,1,2,13:01,2,2,9
2023991386967,2023,991386967,1,1,2,2,39,7,3,0,0,2,0,0,9,1,-1,3,1,0.0,1.0,-1,3,70,2,4,2,17:30,2,3,9
2023421393804,2023,421393804,1,1,1,1,35,6,3,0,0,0,0,0,3,-1,-1,3,1,0.0,1.0,-1,1,40,2,4,2,18:10,4,2,3
2023430347644,2023,430347644,1,1,1,1,55,8,3,0,0,0,0,0,8,7,E01027281,-1,0,0.10563,0.89437,-1,6,60,1,7,1,21:30,7,2,8
2023010426950,2023,010426950,1,1,1,1,28,6,3,0,0,0,0,0,1,4,E01003573,-1,0,0.0,1.0,-1,2,30,9,1,9,18:00,5,2,1
2023010474312,2023,010474312,1,1,1,1,31,6,3,0,0,0,0,0,3,2,E01000223,-1,0,0.0,1.0,-1,9,30,9,1,9,16:50,4,2,3
2023131312412,2023,131312412,1,1,1,1,26,6,2,0,0,0,0,0,4,8,E01011536,5,1,1.0,0.0,-1,6,30,1,1,1,16:00,1,1,4
2023131327084,2023,131327084,1,1,3,1,81,11,2,8,1,0,0,2,0,3,E01011608,7,1,1.0,0.0,-1,6,30,1,1,1,08:30,6,1,19
2023461293481,2023,461293481,1,2,3,2,88,11,2,5,3,0,0,0,0,7,E01024547,6,1,1.0,0.0,-1,6,30,2,1,2,14:12,6,1,9
2023430464950,2023,430464950,2,1,1,2,56,9,2,0,0,0,0,0,-1,-1,-1,-1,0,1.0,0.0,-1,1,30,1,1,1,09:00,2,2,-1
2023201375089,2023,201375089,1,1,1,2,21,5,3,0,0,0,0,0,3,2,E01009980,3,1,0.0,1.0,-1,6,30,1,1,1,07:00,5,2,3
2023311277044,2023,311277044,1,1,1,2,25,5,3,0,0,0,0,0,9,-1,-1,3,1,0.0,1.0,-1,3,30,1,4,1,06:00,4,2,9
2023522400384,2023,522400384,1,1,1,2,20,4,3,0,0,0,0,0,9,9,E01014993,-1,0,0.02589,0.97411,-1,6,40,1,1,1,16:57,2,3,9
2023010465119,2023,010465119,2,1,1,2,67,10,2,0,0,0,0,0,22,4,E01003412,-1,0,1.0,0.0,-1,6,30,1,1,1,13:55,1,2,22
202360A128429,2023,60A128429,1,2,2,2,60,9,3,0,0,1,0,0,90,-1,-1,-1,0,0.2955,0.7045,-1,3,70,1,1,1,15:47,7,1,90
2023221307346,2023,221307346,1,1,3,2,12,3,3,5,1,0,0,0,0,10,E01032138,3,1,0.0,1.0,-1,6,30,1,1,1,13:30,7,1,9
2023070565153,2023,070565153,1,1,1,1,33,6,2,0,0,0,0,0,9,2,E01012525,-1,0,1.0,0.0,-1,3,30,1,4,1,00:30,2,1,9
2023161343310,2023,161343310,2,1,1,1,53,8,3,0,0,0,0,0,9,3,E01012980,3,1,0.0,1.0,-1,6,20,1,4,2,05:00,7,2,9
2023201281168,2023,201281168,2,2,2,2,45,7,3,0,0,1,0,0,9,2,E01008919,3,1,0.0,1.0,-1,6,30,1,4,1,18:10,4,2,9
2023302301999,2023,302301999,2,2,2,1,21,5,3,0,0,1,0,0,9,-1,-1,-1,0,0.02516,0.97484,-1,6,30,1,1,1,11:19,4,2,9
2023501329290,2023,501329290,2,2,1,2,17,4,3,0,0,0,0,0,9,4,E01020135,3,1,0.0,1.0,-1,6,60,1,1,1,14:11,5,2,9
2023991357270,2023,991357270,1,2,2,1,5,1,3,0,0,2,0,0,9,1,-1,3,1,0.0,1.0,-1,6,30,1,1,1,12:05,4,2,9
2023010474009,2023,010474009,1,2,3,2,12,3,3,5,3,0,0,0,0,3,E01002404,-1,0,0.0,1.0,-1,6,30,1,4,1,17:52,4,1,9
2023141283278,2023,141283278,1,1,1,1,30,6,1,0,0,0,0,0,1,-1,-1,1,1,0.0,0.0,-1,6,30,1,4,1,20:35,7,1,1
2023340WN2112,2023,340WN2112,2,1,1,1,48,8,2,0,0,0,0,0,1,4,E01027142,-1,0,1.0,0.0,-1,6,30,1,1,1,11:48,1,2,1
2023451369612,2023,451369612,2,1,1,1,51,8,2,0,0,0,0,0,1,9,E01030720,7,1,1.0,0.0,-1,1,40,1,1,2,14:07,4,2,1
2023201356334,2023,201356334,1,1,1,1,27,6,2,0,0,0,0,0,5,1,E01009964,7,1,1.0,0.0,-1,6,30,1,4,1,21:42,6,2,5
2023201274648,2023,201274648,1,1,3,1,89,11,2,5,1,0,0,0,0,10,E01010207,7,1,1.0,0.0,-1,6,30,1,4,4,17:06,3,1,9
2023041447796,2023,041447796,1,1,3,1,45,7,3,10,9,0,0,0,0,3,E01025209,3,1,0.0,1.0,-1,6,20,2,1,2,19:15,6,2,9
2023201304351,2023,201304351,2,1,1,1,61,9,3,0,0,0,0,0,1,3,E01010083,3,1,0.0,1.0,-1,6,30,1,1,1,10:34,3,2,1
2023010476481,2023,010476481,1,1,1,1,25,5,3,0,0,0,0,0,3,2,E01002072,-1,0,0.0,1.0,-1,9,20,1,4,1,17:00,1,2,3
2023131332866,2023,131332866,2,1,1,1,35,6,3,0,0,0,0,0,3,3,E01033032,3,1,0.0,1.0,-1,6,30,1,1,1,12:26,2,2,3
2023041283647,2023,041283647,2,1,1,2,42,7,3,0,0,0,0,0,9,9,E01025242,3,1,0.0,1.0,-1,6,30,1,1,1,12:07,6,2,9
2023061391240,2023,061391240,3,3,2,2,15,3,2,0,0,2,0,0,9,2,E01005526,6,1,1.0,0.0,-1,6,30,2,4,2,00:24,6,3,9
2023122301011,2023,122301011,2,2,2,2,-1,-1,3,0,0,1,0,0,9,3,E01011784,-1,0,0.04206,0.95794,-1,6,60,1,1,1,16:30,5,2,9
2023201339932,2023,201339932,2,1,2,1,12,3,3,0,0,2,0,0,9,2,E01010016,3,1,0.0,1.0,-1,3,30,1,4,1,12:22,2,2,9
2023201377016,2023,201377016,2,2,2,2,30,6,3,0,0,2,0,0,9,-1,-1,3,1,0.0,1.0,-1,6,30,1,4,1,17:55,7,2,9
2023440491828,2023,440491828,2,1,1,2,37,7,3,0,0,0,0,0,9,3,E01017195,-1,0,0.04418,0.95582,-1,6,30,1,4,2,18:22,6,2,9
2023552301021,2023,552301021,2,1,1,1,33,6,3,0,0,0,0,0,9,3,E01015285,-1,0,0.00961,0.99039,-1,1,30,1,4,1,21:10,6,2,9
2023411352756,2023,411352756,1,1,1,1,39,7,2,0,0,0,0,0,9,3,E01023346,6,1,1.0,0.0,-1,3,70,1,1,1,15:42,3,2,9
2023461325808,2023,461325808,1,2,2,2,58,9,3,0,0,1,0,0,9,6,E01032817,3,1,0.0,1.0,-1,3,70,1,1,1,12:14,4,2,9
2023501308955,2023,501308955,2,4,1,2,31,6,3,0,0,0,0,0,9,4,E01020293,3,1,0.0,1.0,-1,6,60,1,1,1,17:28,4,2,9
2023311344650,2023,311344650,2,2,2,1,6,2,3,0,0,2,0,0,9,-1,-1,3,1,0.0,1.0,-1,1,30,1,1,1,15:00,2,2,9
2023320544591,2023,320544591,1,1,2,2,8,2,3,0,0,2,0,0,9,3,E01026042,-1,0,0.09964,0.90036,-1,6,60,1,1,1,17:45,6,2,9
2023552300048,2023,552300048,2,2,1,1,44,7,3,0,0,0,0,0,9,9,E01015360,-1,0,0.02107,0.97893,-1,3,50,2,1,2,08:19,3,3,9
2023522300472,2023,522300472,1,1,1,1,18,4,3,0,0,0,0,0,3,4,E01014401,-1,0,0.16351,0.83649,-1,6,20,1,4,1,04:50,1,1,3
2023010476928,2023,010476928,1,1,3,2,28,6,3,1,1,0,0,0,0,2,E01004679,-1,0,0.0,1.0,-1,3,30,2,4,2,17:20,5,1,3
2023631378419,2023,631378419,1,1,3,2,42,7,3,8,7,0,0,2,0,6,W01000598,3,1,0.0,1.0,-1,6,20,1,4,1,19:30,6,1,9
2023052302923,2023,052302923,2,1,1,2,30,6,3,0,0,0,0,0,1,2,E01006783,-1,0,0.07619,0.92381,-1,6,30,1,4,4,19:00,4,2,1
2023201289389,2023,201289389,2,1,1,1,33,6,2,0,0,0,0,0,3,-1,-1,6,1,1.0,0.0,-1,6,30,5,1,2,07:48,2,2,3
2023430010574,2023,430010574,1,1,1,1,32,6,3,0,0,0,0,0,1,10,E01017869,-1,0,0.04788,0.95212,-1,1,40,2,1,2,08:39,7,2,1
2023010465758,2023,010465758,1,1,1,1,22,5,3,0,0,0,0,0,3,8,E01003845,-1,0,0.0,1.0,-1,3,30,1,1,1,15:10,4,2,3
2023421270012,2023,421270012,2,1,1,2,69,10,2,0,0,0,0,0,9,4,E01023805,6,1,1.0,0.0,-1,3,70,1,4,1,21:38,2,2,9
2023421334194,2023,421334194,2,1,1,2,59,9,3,0,0,0,0,0,9,10,E01015830,3,1,0.0,1.0,-1,6,30,1,1,1,19:14,6,2,9
2023440099405,2023,440099405,1,1,1,2,43,7,3,0,0,0,0,0,9,8,E01023165,-1,0,0.03806,0.96194,-1,6,60,1,1,1,12:20,1,2,9
2023010478090,2023,010478090,1,1,1,1,41,7,3,0,0,0,0,0,19,5,E01024774,-1,0,0.0,1.0,-1,3,50,1,1,2,09:30,4,2,19
2023610022323,2023,610022323,1,1,1,1,16,4,2,0,0,0,0,0,2,8,W01001392,-1,0,1.0,0.0,-1,6,30,1,1,1,19:23,5,2,2
2023010419677,2023,010419677,1,1,1,2,33,6,3,0,0,0,0,0,3,3,E01002587,-1,0,0.0,1.0,-1,9,20,9,1,1,13:30,2,2,3
2023010441733,2023,010441733,1,2,2,-1,-1,-1,3,0,0,1,0,0,9,4,E01002369,-1,0,0.0,1.0,-1,6,20,8,4,1,00:40,2,1,9
2023201298381,2023,201298381,1,1,1,1,37,7,3,0,0,0,0,0,9,6,E01010075,3,1,0.0,1.0,-1,6,20,1,4,1,22:05,3,2,9
2023522300394,2023,522300394,1,1,1,1,53,8,3,0,0,0,0,0,9,7,E01029056,-1,0,0.03696,0.96304,-1,6,60,1,1,4,10:38,3,2,9
2023010425800,2023,010425800,1,1,3,2,13,3,3,5,9,0,0,0,0,2,E01002786,-1,0,0.0,1.0,-1,3,20,1,1,1,08:35,3,1,1
2023340NN4352,2023,340NN4352,1,1,3,2,12,3,3,5,4,0,0,0,0,-1,-1,-1,0,0.13888,0.86112,-1,6,30,2,1,2,15:54,2,1,19
2023351353779,2023,351353779,1,1,3,2,63,9,2,5,1,0,0,0,0,-1,-1,5,1,1.0,0.0,-1,3,70,1,6,1,20:56,2,1,19
2023430216576,2023,430216576,1,1,1,1,24,5,3,0,0,0,0,0,3,7,E01016355,-1,0,0.04996,0.95004,-1,6,30,1,1,1,15:30,4,2,3
2023131310227,2023,131310227,2,1,1,2,8,2,3,0,0,0,0,0,1,2,E01011740,3,1,0.0,1.0,-1,6,20,1,1,1,18:05,2,2,1
2023340WN2622,2023,340WN2622,2,1,1,1,63,9,2,0,0,0,0,0,1,5,E01031168,-1,0,1.0,0.0,-1,7,40,1,4,1,03:35,3,2,1
2023131351856,2023,131351856,2,1,1,1,28,6,3,0,0,0,0,0,1,6,E01010786,3,1,0.0,1.0,-1,6,20,2,4,2,20:00,3,2,1
2023201373961,2023,201373961,2,1,1,1,62,9,3,0,0,0,0,0,1,2,E01009098,3,1,0.0,1.0,-1,3,30,2,1,2,16:40,5,2,1
2023302300666,2023,302300666,1,1,1,1,17,4,2,0,0,0,0,0,3,9,E01019635,-1,0,1.0,0.0,-1,6,60,1,5,1,22:30,4,1,3
2023131367467,2023,131367467,1,1,3,2,13,3,3,8,4,0,0,1,0,1,E01010821,3,1,0.0,1.0,-1,6,30,1,4,1,20:20,5,1,9
2023991268558,2023,991268558,1,1,3,1,12,3,3,8,3,0,0,0,0,2,-1,3,1,0.0,1.0,-1,6,30,1,4,1,18:05,5,1,9
2023010460110,2023,010460110,1,1,1,1,57,9,3,0,0,0,0,0,9,3,E01001752,-1,0,0.0,1.0,-1,3,20,1,1,1,14:30,6,2,9
2023031322187,2023,031322187,1,1,1,2,40,7,3,0,0,0,0,0,9,3,E01019236,3,1,0.0,1.0,-1,6,30,1,1,2,07:20,7,2,9
2023430427835,2023,430427835,1,1,2,1,20,4,2,0,0,1,0,0,9,-1,-1,-1,0,1.0,0.0,-1,6,30,1,1,1,18:23,7,1,9
2023010430414,2023,010430414,2,1,1,1,21,5,3,0,0,0,0,0,3,3,E01001602,-1,0,0.0,1.0,-1,3,30,1,1,1,17:38,7,2,3
2023010459383,2023,010459383,1,1,1,1,47,8,3,0,0,0,0,0,1,2,E01001849,-1,0,0.0,1.0,-1,6,20,1,1,1,19:55,2,2,1
2023552300807,2023,552300807,1,1,3,1,37,7,3,5,1,0,0,0,0,3,E01023018,-1,0,0.11053,0.88947,-1,3,30,1,1,1,16:10,4,1,9
2023461347840,2023,461347840,1,3,2,2,21,5,3,0,0,0,0,0,9,4,E01024167,3,1,0.0,1.0,-1,3,70,1,1,1,16:35,1,2,9
2023010441374,2023,010441374,1,1,1,1,12,3,2,0,0,0,0,0,1,6,E01004017,-1,0,1.0,0.0,-1,6,30,1,1,1,15:50,6,2,1
2023041392501,2023,041392501,2,1,1,1,44,7,2,0,0,0,0,0,1,9,E01006236,6,1,1.0,0.0,-1,6,30,1,1,1,11:00,3,2,1
2023451280595,2023,451280595,1,1,1,1,52,8,2,0,0,0,0,0,1,10,E01003822,7,1,1.0,0.0,-1,1,30,1,1,1,10:11,1,2,1
2023461344399,2023,461344399,2,1,1,1,22,5,3,0,0,0,0,0,3,5,E01024503,3,1,0.0,1.0,-1,6,30,1,1,1,18:17,1,2,3
2023010469686,2023,010469686,2,1,1,1,22,5,3,0,0,0,0,0,-1,6,E01000203,-1,0,0.0,1.0,-1,6,30,1,1,1,10:18,3,2,-1
2023201391023,2023,201391023,2,1,1,1,14,3,3,0,0,0,0,0,1,1,E01009709,3,1,0.0,1.0,-1,6,30,1,7,1,18:30,2,2,1
2023010429278,2023,010429278,1,1,3,2,58,9,2,6,9,0,0,0,0,4,E01000926,-1,0,1.0,0.0,-1,3,20,1,1,1,16:00,7,1,1
2023031276772,2023,031276772,1,1,3,1,7,2,3,5,1,0,0,0,0,3,E01019184,3,1,0.0,1.0,-1,6,30,1,1,1,15:15,4,1,9
2023471316037,2023,471316037,1,1,3,1,18,4,3,9,7,0,0,2,0,5,E01031583,3,1,0.0,1.0,-1,6,30,1,1,1,14:00,4,1,9
2023430516843,2023,430516843,1,1,3,1,19,4,3,5,1,0,0,0,0,7,E01016827,-1,0,0.12489,0.87511,-1,6,30,1,1,1,08:51,6,1,9
2023010426295,2023,010426295,1,1,1,1,36,7,3,0,0,0,0,0,1,7,E01003270,-1,0,0.0,1.0,-1,9,20,1,1,2,11:42,5,2,1
2023522301612,2023,522301612,1,1,1,1,41,7,3,0,0,0,0,0,1,2,E01014624,-1,0,0.03295,0.96705,-1,6,20,1,1,1,09:15,4,2,1
2023401354305,2023,401354305,1,1,1,1,40,7,3,0,0,0,0,0,3,4,E01023401,3,1,0.0,1.0,-1,1,30,2,6,2,17:57,3,2,3
2023430161759,2023,430161759,1,1,1,1,27,6,3,0,0,0,0,0,3,4,E01017850,-1,0,0.04449,0.95551,-1,1,30,1,1,1,18:45,5,2,3
2023991378912,2023,991378912,2,1,1,1,13,3,3,0,0,0,0,0,1,1,-1,3,1,0.0,1.0,-1,6,30,1,4,2,17:30,7,2,1
2023010457705,2023,010457705,1,2,3,1,24,5,3,4,3,0,0,0,0,2,E01002851,-1,0,0.0,1.0,-1,2,20,1,1,1,15:05,6,1,3
2023201267414,2023,201267414,2,1,1,1,21,5,3,0,0,0,0,0,9,2,E01009623,3,1,0.0,1.0,-1,6,30,1,4,1,23:03,7,2,9
2023440221101,2023,440221101,2,3,1,1,62,9,2,0,0,0,0,0,9,9,E01023094,-1,0,1.0,0.0,-1,6,30,1,1,1,18:16,1,2,9
2023440444303,2023,440444303,2,1,1,2,48,8,3,0,0,0,0,0,9,9,E01022922,-1,0,0.01814,0.98186,-1,6,30,1,4,2,18:00,2,2,9
2023461291348,2023,461291348,1,1,1,1,25,5,3,0,0,0,0,0,9,-1,-1,3,1,0.0,1.0,-1,6,60,8,6,2,21:48,6,1,9
2023131343101,2023,131343101,2,2,1,1,61,9,3,0,0,0,0,0,19,1,E01011661,3,1,0.0,1.0,-1,6,30,2,1,2,10:55,6,2,19
2023451278143,2023,451278143,1,1,1,1,55,8,2,0,0,0,0,0,5,10,E01030923,5,1,1.0,0.0,-1,6,30,1,1,1,14:45,1,2,5
2023302300828,2023,302300828,1,1,1,1,62,9,3,0,0,0,0,0,1,1,E01019662,-1,0,0.23348,0.76652,-1,6,30,1,4,1,22:30,7,1,1
2023010463825,2023,010463825,2,1,1,1,29,6,3,0,0,0,0,0,3,3,E01004022,-1,0,0.0,1.0,-1,6,20,1,1,1,11:10,1,2,3
2023311329310,2023,311329310,1,1,3,1,55,8,2,6,8,0,0,0,0,-1,-1,5,1,1.0,0.0,-1,6,30,1,1,1,05:20,3,1,19
2023131282860,2023,131282860,2,1,1,1,37,7,3,0,0,0,0,0,1,7,E01011193,3,1,0.0,1.0,-1,6,60,1,1,1,16:35,6,2,1
2023440466319,2023,440466319,1,1,1,1,28,6,3,0,0,0,0,0,3,4,E01017234,-1,0,0.12508,0.87492,-1,6,40,1,4,2,18:54,3,3,3
2023622300705,2023,622300705,1,1,1,1,17,4,2,0,0,0,0,0,3,3,W01001247,-1,0,1.0,0.0,-1,6,30,1,1,1,15:30,1,2,3
2023010483339,2023,010483339,1,2,2,2,-1,-1,3,0,0,2,0,0,9,3,E01000092,-1,0,0.0,1.0,-1,1,30,1,1,1,15:40,1,2,9
2023101334446,2023,101334446,2,1,1,1,50,8,3,0,0,0,0,0,9,-1,-1,3,1,0.0,1.0,-1,6,30,1,1,1,13:56,6,2,9
2023302300831,2023,302300831,2,2,1,2,62,9,3,0,0,0,0,0,9,8,E01019714,-1,0,0.04299,0.95701,-1,6,30,1,1,1,14:24,1,2,9
2023351276120,2023,351276120,1,1,1,1,23,5,3,0,0,0,0,0,9,1,E01015611,3,1,0.0,1.0,-1,3,60,1,1,2,16:55,6,3,9
2023401366406,2023,401366406,2,1,2,2,21,5,3,0,0,2,0,0,9,3,E01015713,3,1,0.0,1.0,-1,7,50,2,1,2,17:08,7,2,9
2023201339340,2023,201339340,2,1,1,2,57,9,3,0,0,0,0,0,9,4,E01010330,3,1,0.0,1.0,-1,1,30,1,1,1,07:45,2,2,9
2023610011223,2023,610011223,1,1,1,1,-1,-1,3,0,0,1,0,0,9,-1,-1,-1,0,0.12372,0.87628,-1,6,30,1,4,1,20:30,1,1,9
2023351344286,2023,351344286,2,1,1,1,40,7,3,0,0,0,0,0,9,7,E01018064,3,1,0.0,1.0,-1,6,30,1,1,1,17:23,7,2,9
2023430185209,2023,430185209,2,1,1,1,41,7,3,0,0,0,0,0,9,2,E01016847,-1,0,0.06359,0.93641,-1,6,60,1,1,1,18:03,6,2,9
2023010459899,2023,010459899,1,1,2,2,66,10,3,0,0,0,3,0,11,2,E01000626,-1,0,0.0,1.0,-1,6,30,1,1,1,14:20,5,1,11
2023622300267,2023,622300267,1,1,1,1,53,8,3,0,0,0,0,0,21,3,W01000945,-1,0,0.04732,0.95268,-1,3,50,1,1,1,09:59,2,1,21
2023041322398,2023,041322398,2,2,1,1,55,8,3,0,0,0,0,0,9,7,E01027571,3,1,0.0,1.0,-1,6,60,1,1,1,19:17,5,2,9
2023070075286,2023,070075286,1,1,1,1,67,10,3,0,0,0,0,0,9,7,E01018412,-1,0,0.10321,0.89679,-1,6,60,1,1,4,13:38,5,1,9
2023161266205,2023,161266205,2,1,1,1,21,5,3,0,0,0,0,0,9,1,E01007534,3,1,0.0,1.0,-1,3,40,1,4,4,03:57,7,2,9
2023070602584,2023,070602584,1,1,1,1,18,4,2,0,0,0,0,0,9,5,E01005876,-1,0,1.0,0.0,-1,6,60,1,6,1,22:29,3,2,9
2023131282893,2023,131282893,1,2,2,1,18,4,2,0,0,1,0,0,9,1,E01033693,5,1,1.0,0.0,-1,6,30,1,1,1,20:40,6,1,9
2023010419499,2023,010419499,2,1,1,1,33,6,3,0,0,0,0,0,2,4,E01001623,-1,0,0.0,1.0,-1,3,20,2,4,2,18:23,3,2,2
2023501294808,2023,501294808,2,1,1,1,51,8,3,0,0,0,0,0,1,2,E01011758,3,1,0.0,1.0,-1,6,30,1,1,1,11:53,7,2,1
2023610037523,2023,610037523,2,1,1,1,20,4,3,0,0,0,0,0,1,8,W01001677,-1,0,0.1951,0.8049,-1,3,30,2,4,2,04:58,4,2,1
2023451301086,2023,451301086,1,1,3,2,60,9,2,8,1,0,0,0,0,10,E01032624,7,1,1.0,0.0,-1,6,30,1,1,1,10:00,4,1,9
2023302301755,2023,302301755,2,2,1,2,38,7,2,0,0,0,0,0,9,7,E01019429,-1,0,1.0,0.0,-1,6,60,1,1,2,14:30,3,2,9
2023041368325,2023,041368325,2,1,1,1,25,5,3,0,0,0,0,0,1,5,E01024954,3,1,0.0,1.0,-1,6,30,1,1,1,21:25,4,2,1
2023201383726,2023,201383726,1,1,1,1,-1,-1,3,0,0,0,0,0,1,-1,-1,3,1,0.0,1.0,-1,6,30,1,4,1,17:20,1,1,1
2023141346742,2023,141346742,1,1,1,1,77,11,2,0,0,0,0,0,9,10,E01007865,6,1,1.0,0.0,-1,6,30,1,1,1,17:06,5,2,9
2023161313653,2023,161313653,2,2,1,1,27,6,2,0,0,0,0,0,9,5,E01013329,7,1,1.0,0.0,-1,3,40,1,4,1,20:22,4,2,9
2023421389974,2023,421389974,2,1,1,1,37,7,3,0,0,0,0,0,9,8,E01022059,3,1,0.0,1.0,-1,3,70,1,1,2,16:15,3,2,9
2023471282983,2023,471282983,2,1,1,2,32,6,3,0,0,0,0,0,9,5,E01024842,3,1,0.0,1.0,-1,6,50,8,1,2,08:02,4,2,9
2023471386997,2023,471386997,1,1,2,2,44,7,3,0,0,1,0,0,9,9,E01031756,3,1,0.0,1.0,-1,3,70,2,1,2,11:18,7,2,9
2023311324493,2023,311324493,2,1,1,1,13,3,2,0,0,0,0,0,90,-1,-1,7,1,1.0,0.0,-1,6,30,1,1,1,13:05,6,2,90
2023332300575,2023,332300575,1,1,1,1,60,9,2,0,0,0,0,0,3,2,E01028967,-1,0,1.0,0.0,-1,6,50,1,1,1,08:00,4,2,3
2023052300683,2023,052300683,1,1,3,2,12,3,2,5,1,0,0,0,0,9,E01006986,-1,0,1.0,0.0,-1,6,30,1,1,1,16:30,5,1,9
2023320009325,2023,320009325,2,1,1,1,34,6,3,0,0,0,0,0,1,2,E01026378,-1,0,0.09584,0.90416,-1,2,30,8,4,2,21:15,3,2,1
2023010473764,2023,010473764,1,1,1,1,30,6,3,0,0,0,0,0,3,6,E01000555,-1,0,0.0,1.0,-1,6,20,1,1,1,10:30,3,2,3
2023131356644,2023,131356644,1,1,3,1,20,4,3,5,1,0,0,2,0,4,E01011678,3,1,0.0,1.0,-1,3,30,1,1,1,18:15,3,1,9
2023052300754,2023,052300754,1,1,3,2,42,7,3,5,1,0,0,0,0,1,E01006567,-1,0,0.16561,0.83439,-1,6,30,1,4,2,20:39,7,1,9
2023440158938,2023,440158938,1,2,3,1,1,1,3,1,3,0,0,0,0,4,E01017199,-1,0,0.0845,0.9155,-1,6,40,1,1,1,15:42,1,2,9
2023010484756,2023,010484756,2,1,1,2,30,6,3,0,0,0,0,0,1,5,E01032790,-1,0,0.0,1.0,-1,6,20,1,1,1,15:05,2,2,1
2023141388338,2023,141388338,2,1,1,1,43,7,3,0,0,0,0,0,1,3,E01007772,3,1,0.0,1.0,-1,6,30,1,1,2,15:00,5,2,1
2023010460296,2023,010460296,1,3,3,1,42,7,2,6,9,0,0,0,0,4,E01002519,-1,0,1.0,0.0,-1,6,30,1,1,1,19:45,7,1,9
2023010453671,2023,010453671,1,1,1,1,47,8,3,0,0,0,0,0,8,2,E01001692,-1,0,0.0,1.0,-1,9,20,1,1,1,14:40,4,3,8
2023010469476,2023,010469476,1,1,1,2,35,6,3,0,0,0,0,0,3,5,E01001086,-1,0,0.0,1.0,-1,9,20,1,1,1,11:10,6,2,3
2023010447268,2023,010447268,1,1,2,1,51,8,3,0,0,0,0,0,19,9,E01024626,-1,0,0.0,1.0,-1,2,30,1,1,1,10:51,3,2,19
2023451383608,2023,451383608,1,1,3,2,45,7,2,6,9,0,0,0,0,9,E01030766,7,1,1.0,0.0,-1,1,30,1,4,2,18:40,4,1,9
2023401391313,2023,401391313,2,1,1,1,17,4,3,0,0,0,0,0,1,6,E01017481,3,1,0.0,1.0,-1,6,20,1,6,2,16:36,3,2,1
2023052302061,2023,052302061,1,1,3,1,14,3,3,10,1,0,0,0,0,3,E01033754,-1,0,0.17994,0.82006,-1,6,30,1,1,1,17:24,6,1,9
2023131390329,2023,131390329,2,1,1,1,32,6,3,0,0,0,0,0,1,2,E01011502,3,1,0.0,1.0,-1,3,30,1,4,1,20:23,3,2,1
2023302301642,2023,302301642,1,1,1,1,21,5,2,0,0,0,0,0,3,-1,-1,-1,0,1.0,0.0,-1,6,50,1,1,1,15:13,4,2,3
2023351267855,2023,351267855,2,1,1,1,19,4,2,0,0,0,0,0,3,9,E01018275,7,1,1.0,0.0,-1,6,30,2,4,2,07:16,6,2,3
2023421379968,2023,421379968,2,1,1,1,27,6,3,0,0,0,0,0,1,2,E01021686,3,1,0.0,1.0,-1,6,30,1,1,1,11:30,2,2,1
2023010478133,2023,010478133,1,1,3,1,4,1,3,5,1,0,0,0,0,2,E01000063,-1,0,0.0,1.0,-1,6,30,1,1,2,08:43,4,1,9
2023131326342,2023,131326342,2,1,1,1,24,5,3,0,0,0,0,0,1,1,E01011661,3,1,0.0,1.0,-1,6,20,1,1,1,17:54,4,2,1
2023161357132,2023,161357132,1,1,1,2,38,7,3,0,0,0,0,0,9,8,E01013102,3,1,0.0,1.0,-1,3,40,1,1,1,16:30,3,2,9