collision_index,collision_year,collision_ref_no,vehicle_reference,casualty_reference,casualty_class,sex_of_casualty,age_of_casualty,age_band_of_casualty,casualty_severity,pedestrian_location,pedestrian_movement,car_passenger,bus_or_coach_passenger,pedestrian_road_maintenance_worker,casualty_type,casualty_imd_decile,lsoa_of_casualty,enhanced_casualty_severity,casualty_injury_based,casualty_adjusted_severity_serious,casualty_adjusted_severity_slight,casualty_distance_banding,road_type,speed_limit,weather_conditions,light_conditions,road_surface_conditions,time,day_of_week,number_of_vehicles,vehicle_type
2023010448739,2023,010448739,1,2,2,1,10,2,3,0,0,9,0,0,9,1,E01003516,-1,0,0.0,1.0,-1,6,30,1,1,1,15:30,2,1,9
2023052300079,2023,052300079,1,2,1,2,34,6,3,0,0,0,0,0,9,1,E01006979,-1,0,0.05532,0.94468,-1,6,30,8,4,2,19:45,3,2,9
2023201386043,2023,201386043,1,2,1,1,35,6,3,0,0,0,0,0,9,5,E01032592,3,1,0.0,1.0,-1,3,50,1,1,1,08:59,4,3,9
2023010447594,2023,010447594,1,1,1,1,64,9,3,0,0,0,0,0,9,3,E01002215,-1,0,0.0,1.0,-1,6,30,1,1,1,17:09,4,2,9
2023131357069,2023,131357069,1,1,1,1,34,6,3,0,0,0,0,0,9,5,E01010982,3,1,0.0,1.0,-1,6,40,2,4,2,22:30,4,2,9
2023320691408,2023,320691408,1,1,1,2,33,6,2,0,0,0,0,0,9,9,E01026370,-1,0,1.0,0.0,-1,6,60,1,6,1,17:45,3,2,9
2023340WN5512,2023,340WN5512,1,2,2,2,38,7,3,0,0,2,0,0,9,-1,-1,-1,0,0.07234,0.92766,-1,6,60,1,1,1,08:30,1,2,9
2023302300116,2023,302300116,1,1,1,1,37,7,2,0,0,0,0,0,9,5,E01019461,-1,0,1.0,0.0,-1,6,30,1,6,4,22:00,6,2,9
2023991361070,2023,991361070,3,1,1,2,55,8,3,0,0,0,0,0,9,9,-1,3,1,0.0,1.0,-1,6,40,2,6,2,07:32,2,3,9
2023471309653,2023,471309653,3,3,1,2,64,9,3,0,0,0,0,0,9,7,E01031421,3,1,0.0,1.0,-1,3,70,1,1,1,10:00,6,3,9
2023010424710,2023,010424710,2,1,1,1,50,8,3,0,0,0,0,0,-1,7,E01003218,-1,0,0.0,1.0,-1,2,20,1,4,1,21:15,3,2,-1
2023361297419,2023,361297419,1,1,2,2,47,8,3,0,0,1,0,0,9,4,E01026776,3,1,0.0,1.0,-1,6,60,1,1,1,12:30,2,1,9
2023401368899,2023,401368899,1,4,2,1,3,1,3,0,0,-1,0,0,9,4,E01015776,3,1,0.0,1.0,-1,6,30,8,1,1,17:00,4,3,9
2023991355621,2023,991355621,3,2,1,2,56,9,3,0,0,0,0,0,9,4,-1,3,1,0.0,1.0,-1,6,30,1,1,1,18:20,6,3,9
2023111301865,2023,111301865,2,1,1,2,55,8,3,0,0,0,0,0,9,7,E01020684,3,1,0.0,1.0,-1,6,50,1,1,1,15:20,5,2,9
2023141359525,2023,141359525,2,1,1,1,37,7,2,0,0,0,0,0,9,-1,-1,7,1,1.0,0.0,-1,6,20,1,1,1,16:10,4,2,9
2023461357486,2023,461357486,2,1,1,2,34,6,3,0,0,0,0,0,9,8,E01024106,3,1,0.0,1.0,-1,3,50,1,1,1,17:01,2,3,9
202360A002769,2023,60A002769,2,1,1,1,43,7,3,0,0,0,0,0,9,-1,-1,-1,0,0.10339,0.89661,-1,6,30,2,6,2,20:30,6,2,9
202360A186834,2023,60A186834,1,1,1,2,51,8,3,0,0,0,0,0,9,-1,-1,-1,0,0.10175,0.89825,-1,6,20,8,4,1,16:55,7,3,9
2023131379209,2023,131379209,2,1,2,1,9,2,2,0,0,0,0,0,9,4,E01011585,7,1,1.0,0.0,-1,6,30,1,4,1,20:57,1,2,9
2023371347828,2023,371347828,2,3,2,2,11,3,3,0,0,2,0,0,9,1,E01030291,3,1,0.0,1.0,-1,6,50,2,1,2,09:40,5,2,9
2023552300552,2023,552300552,2,1,2,1,63,9,3,0,0,1,0,0,9,9,E01020362,-1,0,0.04033,0.95967,-1,6,60,1,1,1,17:21,3,2,9
2023991305080,2023,991305080,1,2,1,1,26,6,2,0,0,0,0,0,9,9,-1,6,1,1.0,0.0,-1,6,60,1,1,1,17:05,2,3,9
2023471361755,2023,471361755,2,1,1,2,30,6,2,0,0,0,0,0,9,6,E01031743,7,1,1.0,0.0,-1,6,60,1,1,1,08:45,2,2,9
2023201300019,2023,201300019,2,1,1,1,34,6,3,0,0,0,0,0,9,9,E01004937,3,1,0.0,1.0,-1,3,70,1,1,1,10:42,2,3,9
2023501276289,2023,501276289,1,1,1,2,61,9,3,0,0,0,0,0,9,2,E01019047,3,1,0.0,1.0,-1,6,60,1,6,1,18:53,3,2,9
2023041268012,2023,041268012,1,1,3,1,12,3,3,5,3,0,0,0,0,9,E01024970,3,1,0.0,1.0,-1,6,30,1,1,2,15:45,4,1,9
2023141297574,2023,141297574,1,1,1,2,30,6,3,0,0,0,0,0,1,-1,-1,3,1,0.0,1.0,-1,6,30,1,1,1,18:12,2,2,1
2023010469174,2023,010469174,2,1,1,1,52,8,3,0,0,0,0,0,3,3,E01002645,-1,0,0.0,1.0,-1,6,20,1,1,1,13:48,7,2,3
2023991367848,2023,991367848,2,1,1,1,55,8,2,0,0,0,0,0,3,8,-1,5,1,1.0,0.0,-1,6,60,1,4,2,18:30,6,2,3
2023371340580,2023,371340580,2,2,1,1,95,11,3,0,0,0,0,0,1,2,E01030024,3,1,0.0,1.0,-1,3,30,1,1,1,15:41,5,2,1
2023501319587,2023,501319587,1,1,1,1,20,4,2,0,0,0,0,0,3,-1,-1,7,1,1.0,0.0,-1,6,60,1,1,1,15:30,6,3,3
2023061260771,2023,061260771,1,1,2,2,23,5,3,0,0,2,0,0,8,1,-1,3,1,0.0,1.0,-1,3,30,2,4,2,03:05,1,3,8
2023430296086,2023,430296086,1,1,1,1,23,5,3,0,0,0,0,0,9,10,E01017864,-1,0,0.04428,0.95572,-1,6,30,2,1,2,18:04,3,2,9
2023461349929,2023,461349929,1,1,2,1,3,1,3,0,0,2,0,0,9,5,E01024342,3,1,0.0,1.0,-1,7,50,1,1,1,07:30,5,2,9
2023010461283,2023,010461283,2,1,1,2,41,7,3,0,0,0,0,0,1,3,E01003286,-1,0,0.0,1.0,-1,6,30,1,1,1,19:49,6,2,1
2023052301069,2023,052301069,2,1,2,1,18,4,3,0,0,1,0,0,9,1,E01006738,-1,0,0.03853,0.96147,-1,3,40,5,1,2,15:30,5,2,9
2023131359870,2023,131359870,3,1,1,1,55,8,3,0,0,0,0,0,9,7,E01011800,3,1,0.0,1.0,-1,1,20,9,1,1,15:10,3,3,9
2023010451171,2023,010451171,1,1,1,1,50,8,3,0,0,0,0,0,9,8,E01000116,-1,0,0.0,1.0,-1,1,30,8,1,1,15:40,7,2,9
2023010480647,2023,010480647,1,2,2,2,-1,-1,3,0,0,1,0,0,9,8,E01002340,-1,0,0.0,1.0,-1,6,40,1,1,2,08:28,3,2,9
2023041350552,2023,041350552,2,1,1,1,35,6,3,0,0,0,0,0,9,2,E01024926,3,1,0.0,1.0,-1,6,40,1,6,1,22:54,6,2,9
2023430095697,2023,430095697,1,3,1,1,42,7,2,0,0,0,0,0,9,9,E01028648,-1,0,1.0,0.0,-1,6,50,1,6,2,21:00,5,2,9
2023440322769,2023,440322769,1,2,1,2,29,6,3,0,0,0,0,0,9,4,E01022973,-1,0,0.04858,0.95142,-1,6,30,1,1,1,16:38,5,2,9
2023991392113,2023,991392113,2,2,1,1,36,7,3,0,0,0,0,0,9,5,-1,3,1,0.0,1.0,-1,6,30,2,1,2,15:15,2,3,9
2023421339085,2023,421339085,1,3,3,1,0,1,2,6,9,0,0,0,0,5,E01021518,7,1,1.0,0.0,-1,2,30,1,1,1,12:52,2,1,9
2023471354780,2023,471354780,1,2,3,2,34,6,3,5,1,0,0,0,0,1,E01016900,3,1,0.0,1.0,-1,6,30,1,7,1,21:45,3,1,19
2023010421380,2023,010421380,1,1,1,1,33,6,3,0,0,0,0,0,3,3,E01002028,-1,0,0.0,1.0,-1,3,20,1,1,1,16:30,6,2,3
2023041339549,2023,041339549,1,1,1,2,76,11,3,0,0,0,0,0,9,8,E01024993,3,1,0.0,1.0,-1,6,30,1,1,1,14:26,3,3,9
202354D436623,2023,54D436623,1,1,1,2,64,9,3,0,0,0,0,0,9,7,E01032116,-1,0,0.07681,0.92319,-1,6,40,1,1,2,13:56,3,1,9
2023070502161,2023,070502161,1,1,1,2,85,11,3,0,0,0,0,0,9,4,E01018624,-1,0,0.10618,0.89382,-1,6,30,1,1,1,16:42,7,2,9
2023302300549,2023,302300549,1,1,1,2,57,9,3,0,0,0,0,0,9,9,E01022207,-1,0,0.11681,0.88319,-1,3,70,1,1,1,11:42,6,3,9
2023501303191,2023,501303191,1,1,3,1,21,5,3,8,7,0,0,-1,0,4,E01015054,3,1,0.0,1.0,-1,6,30,1,4,1,00:01,4,1,9
2023052300097,2023,052300097,2,1,1,2,40,7,3,0,0,0,0,0,9,1,E01007127,-1,0,0.00682,0.99318,-1,6,30,1,4,2,17:25,4,2,9
2023440457342,2023,440457342,2,2,1,2,30,6,2,0,0,0,0,0,9,10,E01020380,-1,0,1.0,0.0,-1,6,30,1,4,2,17:25,4,2,9
2023031370428,2023,031370428,1,1,1,1,26,6,3,0,0,0,0,0,19,7,E01019214,3,1,0.0,1.0,-1,6,60,1,6,2,17:30,6,2,19
2023501362765,2023,501362765,1,1,2,1,31,6,2,0,0,0,0,0,19,5,E01020147,7,1,1.0,0.0,-1,6,30,1,6,2,02:30,7,1,19
2023320355305,2023,320355305,2,1,1,2,52,8,3,0,0,0,0,0,90,3,E01026134,-1,0,0.0781,0.9219,-1,6,30,1,1,1,09:30,7,2,90
2023010448379,2023,010448379,1,1,2,1,57,9,3,0,0,1,0,0,9,6,E01003367,-1,0,0.0,1.0,-1,6,30,1,1,1,16:39,1,2,9
2023351331858,2023,351331858,1,1,1,1,42,7,2,0,0,0,0,0,9,8,E01018223,7,1,1.0,0.0,-1,6,40,1,4,1,23:38,7,1,9
2023421291535,2023,421291535,2,1,2,2,44,7,3,0,0,1,0,0,9,2,E01015898,3,1,0.0,1.0,-1,6,40,1,1,1,11:50,5,2,9
2023421343304,2023,421343304,1,1,1,2,50,8,3,0,0,0,0,0,9,4,E01003672,3,1,0.0,1.0,-1,6,30,2,1,2,03:40,2,2,9
2023631353707,2023,631353707,2,1,1,1,77,11,3,0,0,0,0,0,9,7,W01000474,3,1,0.0,1.0,-1,6,60,2,1,2,10:18,2,2,9
2023471319056,2023,471319056,2,1,1,2,63,9,3,0,0,0,0,0,-1,1,E01020978,3,1,0.0,1.0,-1,6,30,1,1,1,15:11,5,2,-1
2023320261604,2023,320261604,1,1,1,1,26,6,3,0,0,0,0,0,9,-1,-1,-1,0,0.1031,0.8969,-1,6,60,1,1,1,07:30,2,1,9
2023010429565,2023,010429565,1,1,2,2,65,9,3,0,0,0,3,0,11,4,E01002248,-1,0,0.0,1.0,-1,6,30,1,4,1,00:40,3,1,11
2023010451111,2023,010451111,1,1,3,1,60,9,2,5,3,0,0,0,0,5,E01000516,-1,0,1.0,0.0,-1,7,30,1,1,1,10:14,7,1,9
2023991278501,2023,991278501,1,1,3,1,87,11,2,5,3,0,0,0,0,-1,-1,7,1,1.0,0.0,-1,6,30,1,1,1,09:00,6,1,-1
2023471292091,2023,471292091,1,1,1,2,15,3,3,0,0,0,0,0,-1,4,E01021057,3,1,0.0,1.0,-1,6,30,5,4,2,18:25,4,2,-1
2023052302699,2023,052302699,1,1,3,1,13,3,2,4,2,0,0,0,0,2,E01006866,-1,0,1.0,0.0,-1,3,30,1,1,2,08:10,6,1,8
2023461333138,2023,461333138,1,2,3,2,13,3,3,5,2,0,0,2,0,9,E01024734,3,1,0.0,1.0,-1,6,20,2,1,2,15:10,7,1,3
2023010461137,2023,010461137,1,3,2,2,18,4,3,0,0,2,0,0,9,1,E01004456,-1,0,0.0,1.0,-1,2,30,1,4,1,03:14,6,3,9
2023211327290,2023,211327290,3,1,1,1,74,10,3,0,0,0,0,0,9,-1,-1,3,1,0.0,1.0,-1,6,50,1,1,1,13:51,6,2,9
2023421392282,2023,421392282,1,1,1,2,46,8,2,0,0,0,0,0,9,2,E01002356,7,1,1.0,0.0,-1,6,60,2,6,2,21:46,2,1,9
2023501349778,2023,501349778,1,1,1,2,20,4,3,0,0,0,0,0,9,5,E01019066,3,1,0.0,1.0,-1,6,60,1,1,1,21:10,4,1,9
2023520301430,2023,520301430,1,1,1,1,40,7,3,0,0,0,0,0,9,7,E01020075,-1,0,0.06739,0.93261,-1,1,30,1,4,1,02:34,6,1,9
2023010464338,2023,010464338,1,1,1,1,58,9,2,0,0,0,0,0,1,-1,-1,-1,0,1.0,0.0,-1,6,20,1,1,1,08:15,6,2,1
2023010468288,2023,010468288,1,1,1,2,36,7,3,0,0,0,0,0,9,2,E01001055,-1,0,0.0,1.0,-1,6,20,9,1,9,09:15,7,2,9
2023031285078,2023,031285078,2,1,1,2,25,5,3,0,0,0,0,0,9,3,E01019272,3,1,0.0,1.0,-1,6,60,3,4,2,17:30,5,2,9
2023070259078,2023,070259078,1,2,2,2,80,11,3,0,0,1,0,0,9,4,E01007046,-1,0,0.13728,0.86272,-1,6,50,1,1,1,15:15,2,3,9
2023141330007,2023,141330007,1,1,1,2,-1,-1,3,0,0,0,0,0,9,7,E01007692,3,1,0.0,1.0,-1,6,40,1,1,2,00:50,1,2,9
2023201291167,2023,201291167,1,1,1,1,49,8,3,0,0,0,0,0,9,1,E01010054,3,1,0.0,1.0,-1,6,30,1,1,1,08:16,4,4,9
2023010454215,2023,010454215,2,1,2,2,38,7,3,0,0,1,0,0,9,5,E01000469,-1,0,0.0,1.0,-1,3,50,1,4,1,23:25,1,2,9
2023421338356,2023,421338356,2,4,2,2,61,9,3,0,0,1,0,0,9,5,E01001647,3,1,0.0,1.0,-1,3,70,1,6,1,22:40,6,3,9
2023141343694,2023,141343694,2,1,1,2,80,11,3,0,0,0,0,0,9,2,E01007782,3,1,0.0,1.0,-1,6,30,1,1,1,16:00,1,2,9
2023211278624,2023,211278624,2,2,2,1,15,3,3,0,0,2,0,0,9,-1,-1,3,1,0.0,1.0,-1,6,30,1,1,1,08:30,2,2,9
2023440160792,2023,440160792,2,2,2,1,8,2,3,0,0,2,0,0,9,1,E01017207,-1,0,0.05868,0.94132,-1,6,30,2,1,2,19:06,2,2,9
2023451373192,2023,451373192,2,1,1,1,39,7,3,0,0,0,0,0,9,8,E01030668,3,1,0.0,1.0,-1,6,30,1,4,1,19:46,6,2,9
2023531374549,2023,531374549,2,1,1,2,18,4,3,0,0,0,0,0,9,10,E01022354,3,1,0.0,1.0,-1,6,60,1,1,2,07:12,3,2,9
2023991291068,2023,991291068,1,1,1,1,40,7,3,0,0,0,0,0,9,5,-1,3,1,0.0,1.0,-1,6,40,1,1,1,15:30,2,2,9
2023131343051,2023,131343051,1,1,1,2,37,7,3,0,0,0,0,0,9,1,E01011338,3,1,0.0,1.0,-1,6,20,1,1,1,18:10,1,1,9
2023010442886,2023,010442886,2,1,1,1,29,6,3,0,0,0,0,0,23,3,E01004336,-1,0,0.0,1.0,-1,6,30,1,1,1,12:05,1,2,23
2023010458945,2023,010458945,2,2,1,2,49,8,3,0,0,0,0,0,9,4,E01002425,-1,0,0.0,1.0,-1,3,40,1,1,1,18:10,6,4,9
2023302301838,2023,302301838,1,1,1,1,29,6,3,0,0,0,0,0,9,4,E01019495,-1,0,0.07163,0.92837,-1,6,50,1,6,4,20:46,4,2,9
2023991316933,2023,991316933,2,1,2,2,30,6,3,0,0,1,0,0,9,8,-1,3,1,0.0,1.0,-1,7,50,1,1,1,18:35,6,2,9
2023332301140,2023,332301140,1,1,1,1,35,6,3,0,0,0,0,0,1,5,E01013784,-1,0,0.02135,0.97865,-1,6,30,1,1,1,15:05,3,2,1
2023010476705,2023,010476705,1,1,1,1,26,6,3,0,0,0,0,0,3,1,E01002715,-1,0,0.0,1.0,-1,9,20,2,4,2,04:35,1,2,3
2023010442565,2023,010442565,1,1,1,1,30,6,3,0,0,0,0,0,9,-1,-1,-1,0,0.0,1.0,-1,6,60,1,1,2,12:27,6,2,9
2023041307255,2023,041307255,3,5,2,2,15,3,2,0,0,2,0,0,9,7,E01007067,5,1,1.0,0.0,-1,3,60,1,1,1,16:12,6,3,9
2023101326037,2023,101326037,2,1,1,2,39,7,3,0,0,0,0,0,9,1,E01008389,3,1,0.0,1.0,-1,6,30,1,1,1,17:27,3,2,9
2023631350604,2023,631350604,3,3,2,2,58,9,3,0,0,1,0,0,9,8,E01028875,3,1,0.0,1.0,-1,6,30,1,1,1,12:35,6,3,9
2023411324429,2023,411324429,2,2,1,2,35,6,3,0,0,0,0,0,19,9,E01023507,3,1,0.0,1.0,-1,6,50,1,1,1,16:07,5,3,19
2023010486843,2023,010486843,1,1,1,2,20,4,3,0,0,0,0,0,1,4,E01003929,-1,0,0.0,1.0,-1,1,20,1,7,1,00:30,5,2,1
2023430278838,2023,430278838,1,1,1,1,33,6,3,0,0,0,0,0,5,4,W01001462,-1,0,0.23906,0.76094,-1,6,60,1,1,1,17:49,7,3,5
2023131340960,2023,131340960,2,3,2,2,17,4,1,0,0,1,0,0,9,4,E01012981,1,1,0.0,0.0,-1,3,70,1,1,1,08:26,7,2,9
2023221387833,2023,221387833,2,1,2,2,68,10,2,0,0,1,0,0,9,6,E01032217,7,1,1.0,0.0,-1,6,60,1,6,1,17:07,6,2,9
2023471300813,2023,471300813,1,1,1,2,42,7,3,0,0,0,0,0,9,6,E01016878,3,1,0.0,1.0,-1,6,60,2,1,2,19:30,2,2,9
2023471350929,2023,471350929,2,2,1,1,34,6,3,0,0,0,0,0,9,6,E01021097,3,1,0.0,1.0,-1,6,40,1,1,1,10:55,1,2,9
2023552300911,2023,552300911,2,1,1,1,64,9,3,0,0,0,0,0,9,7,E01020422,-1,0,0.05222,0.94778,-1,1,60,1,1,1,19:11,5,2,9
2023471312454,2023,471312454,1,1,1,1,49,8,1,0,0,0,0,0,97,6,E01031359,1,1,0.0,0.0,-1,6,30,1,1,1,20:04,1,2,97
2023522301729,2023,522301729,1,1,3,2,13,3,3,5,3,0,0,0,0,1,E01032515,-1,0,0.1057,0.8943,-1,6,20,1,1,1,08:36,6,1,9
2023041332514,2023,041332514,2,2,2,1,7,2,3,0,0,2,0,0,9,1,E01025287,3,1,0.0,1.0,-1,6,60,2,1,2,16:30,7,2,9
2023221311394,2023,221311394,2,1,1,2,84,11,3,0,0,0,0,0,9,4,E01029000,3,1,0.0,1.0,-1,6,60,1,6,1,22:20,2,2,9
2023231311693,2023,231311693,1,1,1,2,52,8,3,0,0,0,0,0,9,6,E01025824,3,1,0.0,1.0,-1,3,70,1,1,1,16:35,3,1,9
2023332300334,2023,332300334,1,3,2,1,42,7,3,0,0,1,0,0,9,-1,-1,-1,0,0.00757,0.99243,-1,3,70,2,1,2,20:00,7,2,9
2023451322117,2023,451322117,3,2,2,2,63,9,2,0,0,1,0,0,9,6,E01022548,7,1,1.0,0.0,-1,3,50,1,1,1,18:33,6,3,9
2023061332729,2023,061332729,2,1,1,1,15,3,3,0,0,0,0,0,1,1,E01005380,3,1,0.0,1.0,-1,6,20,1,1,1,18:10,5,2,1
2023010457076,2023,010457076,1,1,1,1,40,7,3,0,0,0,0,0,3,2,E01000935,-1,0,0.0,1.0,-1,6,20,1,4,1,22:30,2,2,3
2023010421879,2023,010421879,1,1,2,-1,-1,-1,3,0,0,2,0,0,8,-1,-1,-1,0,0.0,1.0,-1,6,30,1,4,1,04:14,1,2,8
2023351374917,2023,351374917,2,1,1,1,24,5,3,0,0,0,0,0,9,9,E01015646,3,1,0.0,1.0,-1,7,40,1,1,1,16:01,3,2,9
2023010480767,2023,010480767,1,1,3,2,38,7,3,5,3,0,0,0,0,8,E01002206,-1,0,0.0,1.0,-1,2,20,1,4,1,19:05,3,1,9
2023010437802,2023,010437802,1,1,3,1,37,7,3,7,9,0,0,0,0,5,E01004624,-1,0,0.0,1.0,-1,2,20,1,1,1,08:05,2,1,11
2023501377350,2023,501377350,1,1,3,2,42,7,2,9,8,0,0,-1,0,-1,-1,7,1,1.0,0.0,-1,6,30,1,4,1,22:15,3,1,9
2023010452927,2023,010452927,1,1,1,1,38,7,3,0,0,0,0,0,9,2,E01001351,-1,0,0.0,1.0,-1,7,20,1,1,1,12:35,2,2,9
2023141320208,2023,141320208,1,1,1,1,36,7,3,0,0,0,0,0,9,1,E01007466,3,1,0.0,1.0,-1,6,20,1,1,1,17:30,1,2,9
2023201411006,2023,201411006,1,3,2,2,15,3,2,0,0,2,0,0,9,-1,-1,7,1,1.0,0.0,-1,6,30,1,1,2,08:35,3,2,9
2023440235295,2023,440235295,1,1,1,2,41,7,3,0,0,0,0,0,9,-1,-1,-1,0,0.01912,0.98088,-1,6,40,1,1,1,09:06,4,2,9
2023991338537,2023,991338537,2,2,2,2,62,9,3,0,0,1,0,0,9,9,-1,3,1,0.0,1.0,-1,6,40,2,1,2,17:15,7,2,9
2023522400904,2023,522400904,1,1,3,1,12,3,3,1,3,0,0,0,0,1,E01014585,-1,0,0.09385,0.90615,-1,6,30,1,4,2,16:44,3,1,21
2023010422161,2023,010422161,1,1,1,1,10,2,3,0,0,0,0,0,1,2,E01001780,-1,0,0.0,1.0,-1,9,20,9,1,4,08:33,4,1,1
2023010444834,2023,010444834,1,1,1,2,28,6,2,0,0,0,0,0,1,7,E01002835,-1,0,1.0,0.0,-1,6,20,1,1,1,18:18,4,2,1
2023052302917,2023,052302917,2,1,1,1,72,10,3,0,0,0,0,0,1,3,E01007137,-1,0,0.19765,0.80235,-1,6,20,1,1,1,13:35,3,2,1
2023201366776,2023,201366776,1,1,1,1,39,7,3,0,0,0,0,0,1,1,E01010455,3,1,0.0,1.0,-1,6,30,1,1,1,15:20,7,2,1
2023461383757,2023,461383757,1,1,1,1,17,4,3,0,0,0,0,0,3,3,E01023972,3,1,0.0,1.0,-1,6,60,1,1,1,07:10,4,2,3
2023501341602,2023,501341602,1,1,1,1,30,6,3,0,0,0,0,0,5,5,E01020191,3,1,0.0,1.0,-1,6,60,1,1,1,16:45,2,2,5
2023211346410,2023,211346410,2,2,2,1,34,6,3,0,0,2,0,0,8,2,E01029359,3,1,0.0,1.0,-1,6,30,9,4,1,21:10,1,2,8
2023061270371,2023,061270371,2,1,1,2,18,4,3,0,0,0,0,0,9,5,E01019738,3,1,0.0,1.0,-1,3,30,1,1,1,13:45,4,2,9
2023131314737,2023,131314737,1,1,2,2,1,1,2,0,0,0,0,0,9,3,E01010794,7,1,1.0,0.0,-1,6,30,1,1,1,14:45,1,1,9
2023211395887,2023,211395887,2,1,1,1,37,7,3,0,0,0,0,0,9,1,E01014224,3,1,0.0,1.0,-1,2,30,2,1,2,13:49,6,2,9
2023302301762,2023,302301762,1,1,1,2,40,7,3,0,0,0,0,0,9,5,E01033413,-1,0,0.05696,0.94304,-1,6,40,1,4,1,16:22,5,2,9
2023540656123,2023,540656123,1,1,1,2,34,6,3,0,0,0,0,0,9,8,E01031993,-1,0,0.02412,0.97588,-1,3,50,1,4,1,18:25,5,2,9
2023411364333,2023,411364333,3,2,1,1,69,10,3,0,0,0,0,0,19,9,E01017389,3,1,0.0,1.0,-1,6,30,1,1,1,11:10,3,3,19
2023010455230,2023,010455230,1,1,3,2,11,3,3,5,3,0,0,0,0,2,E01024476,-1,0,0.0,1.0,-1,6,30,2,1,2,16:25,6,1,9
2023991295427,2023,991295427,1,1,3,1,34,6,2,5,9,0,0,2,0,3,-1,7,1,1.0,0.0,-1,9,20,1,1,1,11:40,3,2,9
2023361359766,2023,361359766,2,1,1,2,57,9,3,0,0,0,0,0,9,10,E01026507,3,1,0.0,1.0,-1,6,40,1,1,1,17:59,2,3,9
202360A101471,2023,60A101471,2,2,2,2,4,1,3,0,0,1,0,0,9,-1,-1,-1,0,0.04269,0.95731,-1,6,30,1,1,1,19:43,4,2,9
2023031381870,2023,031381870,1,1,3,1,20,4,3,5,9,0,0,0,0,1,E01019197,3,1,0.0,1.0,-1,6,30,1,4,2,23:18,7,1,9
2023041325520,2023,041325520,1,1,3,2,12,3,2,1,1,0,0,0,0,2,E01025274,7,1,1.0,0.0,-1,6,30,1,5,2,13:07,3,1,9
2023440496883,2023,440496883,1,1,3,2,65,9,2,9,5,0,0,0,0,10,E01023193,-1,0,1.0,0.0,-1,6,30,1,1,2,15:30,3,1,19
2023010429878,2023,010429878,1,1,1,2,34,6,3,0,0,0,0,0,1,2,E01003545,-1,0,0.0,1.0,-1,1,20,1,4,1,19:05,3,2,1
2023061376384,2023,061376384,3,1,1,1,37,7,3,0,0,0,0,0,9,8,E01005329,3,1,0.0,1.0,-1,6,30,1,4,2,21:26,1,3,9
2023430231049,2023,430231049,2,2,1,2,46,8,3,0,0,0,0,0,9,4,E01015712,-1,0,0.06666,0.93334,-1,6,60,1,1,1,08:21,6,2,9
2023031281909,2023,031281909,1,1,2,2,0,1,2,0,0,0,1,0,11,6,E01019514,7,1,1.0,0.0,-1,6,30,1,1,1,13:30,4,1,11
2023421369495,2023,421369495,2,1,2,1,44,7,3,0,0,1,0,0,19,5,E01021499,3,1,0.0,1.0,-1,3,40,1,1,1,13:17,2,2,19
2023421307703,2023,421307703,2,1,1,1,71,10,1,0,0,0,0,0,1,3,E01021418,1,1,0.0,0.0,-1,6,30,1,1,1,16:55,2,2,1
2023010465238,2023,010465238,1,1,1,1,31,6,3,0,0,0,0,0,3,4,E01000565,-1,0,0.0,1.0,-1,6,20,1,1,1,13:28,7,2,3
2023440487222,2023,440487222,2,1,1,1,60,9,2,0,0,0,0,0,5,3,E01017350,-1,0,1.0,0.0,-1,6,30,1,4,1,16:21,3,2,5
2023041315163,2023,041315163,1,2,2,2,25,5,3,0,0,1,0,0,9,1,E01005242,3,1,0.0,1.0,-1,6,30,1,6,1,00:50,4,2,9
2023101293587,2023,101293587,2,1,1,1,51,8,3,0,0,0,0,0,9,4,E01008209,3,1,0.0,1.0,-1,7,30,1,1,1,16:30,5,2,9
2023421349000,2023,421349000,1,1,1,2,58,9,3,0,0,0,0,0,9,8,E01033142,3,1,0.0,1.0,-1,6,20,1,1,1,12:59,5,2,9
2023421389103,2023,421389103,1,1,3,2,54,8,3,10,1,0,0,0,0,-1,-1,3,1,0.0,1.0,-1,6,40,1,1,2,14:38,7,1,9
2023010452134,2023,010452134,1,1,1,1,53,8,3,0,0,0,0,0,3,1,E01000521,-1,0,0.0,1.0,-1,9,20,9,1,9,12:25,4,2,3
2023010430061,2023,010430061,1,1,1,1,54,8,3,0,0,0,0,0,5,2,E01001912,-1,0,0.0,1.0,-1,6,20,1,4,1,20:10,4,2,5
2023010476154,2023,010476154,2,1,1,1,24,5,3,0,0,0,0,0,9,5,E01024494,-1,0,0.0,1.0,-1,6,20,1,4,1,23:54,1,2,9
2023201289756,2023,201289756,2,3,2,1,5,1,3,0,0,1,0,0,9,2,E01010508,3,1,0.0,1.0,-1,6,30,1,4,1,22:17,6,2,9
2023340WN5972,2023,340WN5972,2,2,1,2,62,9,3,0,0,0,0,0,9,4,E01027132,-1,0,0.04034,0.95966,-1,3,30,1,1,2,10:00,1,2,9
2023461377134,2023,461377134,1,1,1,1,29,6,2,0,0,0,0,0,9,7,E01032619,7,1,1.0,0.0,-1,6,30,1,6,1,21:36,6,2,9
2023501278751,2023,501278751,2,1,1,1,35,6,3,0,0,0,0,0,9,4,E01020097,3,1,0.0,1.0,-1,6,30,1,1,1,18:00,6,2,9
2023531259752,2023,531259752,1,1,1,1,27,6,3,0,0,0,0,0,9,7,E01024805,3,1,0.0,1.0,-1,6,60,8,6,2,16:11,4,2,9