collision_index,collision_year,collision_ref_no,vehicle_reference,casualty_reference,casualty_class,sex_of_casualty,age_of_casualty,age_band_of_casualty,casualty_severity,pedestrian_location,pedestrian_movement,car_passenger,bus_or_coach_passenger,pedestrian_road_maintenance_worker,casualty_type,casualty_imd_decile,lsoa_of_casualty,enhanced_casualty_severity,casualty_injury_based,casualty_adjusted_severity_serious,casualty_adjusted_severity_slight,casualty_distance_banding,road_type,speed_limit,weather_conditions,light_conditions,road_surface_conditions,time,day_of_week,number_of_vehicles,vehicle_type
2023201303897,2023,201303897,2,1,1,1,33,6,3,0,0,0,0,0,1,2,E01008964,3,1,0.0,1.0,-1,6,20,1,1,1,18:15,2,2,1
2023302300494,2023,302300494,1,2,2,2,35,6,3,0,0,1,0,0,9,7,E01019553,-1,0,0.12617,0.87383,-1,6,60,1,1,1,13:55,1,1,9
2023302300698,2023,302300698,3,3,1,2,35,6,3,0,0,0,0,0,9,9,E01019879,-1,0,0.049,0.951,-1,6,40,1,1,1,11:48,3,3,9
2023141290017,2023,141290017,2,1,1,1,-1,-1,3,0,0,0,0,0,97,-1,-1,3,1,0.0,1.0,-1,6,30,1,1,1,11:55,1,2,97
2023411303278,2023,411303278,1,1,3,1,13,3,3,5,9,0,0,0,0,4,E01023828,3,1,0.0,1.0,-1,6,20,1,1,1,14:04,4,1,19
2023010449975,2023,010449975,2,1,1,1,47,8,3,0,0,0,0,0,1,2,E01001653,-1,0,0.0,1.0,-1,2,20,1,1,1,07:50,2,2,1
2023010466590,2023,010466590,2,1,1,1,36,7,3,0,0,0,0,0,3,8,E01002657,-1,0,0.0,1.0,-1,6,20,1,1,1,12:31,1,2,3
2023010421819,2023,010421819,1,1,1,1,50,8,3,0,0,0,0,0,9,9,E01003356,-1,0,0.0,1.0,-1,6,30,8,1,2,10:25,3,2,9
2023430208189,2023,430208189,2,3,2,1,19,4,3,0,0,1,0,0,9,7,E01016493,-1,0,0.04511,0.95489,-1,6,30,1,4,2,22:43,6,2,9
2023471297004,2023,471297004,1,1,2,2,76,11,3,0,0,2,0,0,9,8,E01021147,3,1,0.0,1.0,-1,6,50,1,1,1,16:00,7,2,9
2023131302514,2023,131302514,1,1,3,1,8,2,2,5,1,0,0,2,0,1,E01033697,7,1,1.0,0.0,-1,6,30,1,4,1,20:18,1,1,9
2023631343449,2023,631343449,1,2,1,1,11,3,3,0,0,0,0,0,1,1,W01000504,3,1,0.0,1.0,-1,6,30,2,1,1,14:40,6,2,1
2023302301627,2023,302301627,1,2,2,2,19,4,2,0,0,2,0,0,9,4,E01019773,-1,0,1.0,0.0,-1,6,60,2,6,2,06:40,7,1,9
2023430395342,2023,430395342,1,1,1,1,42,7,3,0,0,0,0,0,9,10,E01017882,-1,0,0.0696,0.9304,-1,6,30,1,6,1,00:07,2,2,9
2023471302635,2023,471302635,1,1,1,1,44,7,2,0,0,0,0,0,5,7,E01030429,7,1,1.0,0.0,-1,6,60,1,1,2,14:55,2,1,5
2023141361271,2023,141361271,1,2,1,2,19,4,3,0,0,0,0,0,9,2,E01028029,3,1,0.0,1.0,-1,6,60,1,6,1,04:00,3,1,9
2023991307212,2023,991307212,2,3,2,2,24,5,3,0,0,1,0,0,9,-1,-1,3,1,0.0,1.0,-1,6,30,1,1,1,16:40,1,2,9
2023481371531,2023,481371531,1,1,2,1,60,9,3,0,0,0,3,0,11,-1,-1,3,1,0.0,1.0,-1,6,20,1,1,1,08:10,6,1,11
2023201411242,2023,201411242,1,1,1,1,30,6,3,0,0,0,0,0,9,3,E01009392,3,1,0.0,1.0,-1,6,30,2,4,2,21:00,5,2,9
2023401326615,2023,401326615,2,1,1,1,28,6,3,0,0,0,0,0,9,6,E01015775,3,1,0.0,1.0,-1,3,70,1,1,1,16:21,2,2,9
2023421326122,2023,421326122,2,1,1,1,53,8,3,0,0,0,0,0,9,9,E01021517,3,1,0.0,1.0,-1,6,30,1,1,1,14:00,1,3,9
2023061334655,2023,061334655,1,1,1,1,33,6,2,0,0,0,0,0,3,1,E01004861,7,1,1.0,0.0,-1,3,50,1,1,1,18:25,6,2,3
2023010430527,2023,010430527,1,1,1,1,21,5,3,0,0,0,0,0,9,1,E01004222,-1,0,0.0,1.0,-1,3,40,1,4,1,11:40,6,2,9
2023010466035,2023,010466035,1,1,1,1,46,8,3,0,0,0,0,0,9,3,E01002771,-1,0,0.0,1.0,-1,6,20,1,1,1,17:11,5,2,9
2023010468933,2023,010468933,2,2,1,1,24,5,3,0,0,0,0,0,9,3,E01003788,-1,0,0.0,1.0,-1,6,20,1,1,1,08:20,6,2,9
2023501393601,2023,501393601,2,3,2,2,39,7,3,0,0,1,0,0,9,-1,-1,3,1,0.0,1.0,-1,6,60,4,7,2,19:49,1,2,9
2023141347997,2023,141347997,1,1,3,1,11,3,3,5,9,0,0,0,0,8,E01007705,3,1,0.0,1.0,-1,6,30,1,1,1,16:54,7,1,9
2023010426573,2023,010426573,1,2,2,2,52,8,3,0,0,1,0,0,9,5,E01002586,-1,0,0.0,1.0,-1,1,40,1,4,1,06:07,7,3,9
2023111275780,2023,111275780,2,1,1,2,71,10,3,0,0,0,0,0,9,5,E01020865,3,1,0.0,1.0,-1,6,60,1,1,1,13:25,4,2,9
2023501373171,2023,501373171,1,2,1,1,13,3,2,0,0,0,0,0,17,6,E01020246,7,1,1.0,0.0,-1,6,60,1,6,1,20:30,7,1,17
2023010453303,2023,010453303,2,1,1,1,35,6,2,0,0,0,0,0,1,8,E01030333,-1,0,1.0,0.0,-1,1,20,1,1,1,07:45,4,2,1
2023552300918,2023,552300918,1,1,1,1,23,5,3,0,0,0,0,0,3,7,E01020486,-1,0,0.15077,0.84923,-1,6,30,1,1,1,16:42,2,1,3
2023531340486,2023,531340486,1,1,1,1,30,6,2,0,0,0,0,0,5,7,E01022182,5,1,1.0,0.0,-1,6,30,1,1,1,18:05,5,2,5
2023501344886,2023,501344886,2,3,1,1,56,9,3,0,0,0,0,0,9,5,E01018756,3,1,0.0,1.0,-1,6,60,1,1,1,13:49,2,2,9
2023991282887,2023,991282887,3,2,1,2,57,9,3,0,0,0,0,0,9,10,-1,3,1,0.0,1.0,-1,3,70,1,1,1,15:30,6,4,9
2023161381487,2023,161381487,1,1,1,2,38,7,3,0,0,0,0,0,9,1,E01004866,3,1,0.0,1.0,-1,6,50,7,6,2,17:26,6,1,9
2023351272930,2023,351272930,2,1,1,2,62,9,3,0,0,0,0,0,9,5,E01018179,3,1,0.0,1.0,-1,6,30,1,1,1,10:15,2,2,9
2023461355222,2023,461355222,2,1,1,1,27,6,3,0,0,0,0,0,9,2,E01016039,3,1,0.0,1.0,-1,1,50,9,1,1,07:10,3,2,9
2023471370901,2023,471370901,1,1,1,2,40,7,2,0,0,0,0,0,9,4,E01016882,7,1,1.0,0.0,-1,3,70,4,1,2,13:36,7,2,9
2023031343666,2023,031343666,1,2,2,2,21,5,3,0,0,1,0,0,9,4,E01019364,3,1,0.0,1.0,-1,6,60,1,1,1,12:50,1,1,9
2023211337249,2023,211337249,2,2,1,1,44,7,3,0,0,0,0,0,9,2,E01029359,3,1,0.0,1.0,-1,6,40,1,1,1,16:01,3,2,9
2023231284490,2023,231284490,2,1,1,2,35,6,3,0,0,0,0,0,9,9,E01032891,3,1,0.0,1.0,-1,6,30,1,1,1,15:45,3,2,9
2023010447822,2023,010447822,1,1,3,2,52,8,2,5,3,0,0,0,0,5,E01001611,-1,0,1.0,0.0,-1,6,20,1,1,1,15:21,5,1,19
2023010461131,2023,010461131,1,2,3,2,26,6,2,1,4,0,0,0,0,2,E01003302,-1,0,1.0,0.0,-1,3,30,1,1,1,15:44,5,1,9
2023170M11973,2023,170M11973,2,6,2,2,55,8,3,0,0,2,0,0,8,1,E01012014,-1,0,0.03265,0.96735,-1,7,50,1,1,2,08:30,4,4,8
2023430461014,2023,430461014,1,2,2,2,67,10,3,0,0,1,0,0,9,6,E01002674,-1,0,0.07486,0.92514,-1,3,70,1,1,2,11:42,6,2,9
2023440107082,2023,440107082,2,2,1,2,42,7,3,0,0,0,0,0,9,10,E01022581,-1,0,0.07557,0.92443,-1,6,60,1,1,1,13:05,6,2,9
2023131375456,2023,131375456,1,2,2,2,2,1,3,0,0,2,0,0,9,9,E01013243,3,1,0.0,1.0,-1,3,40,1,4,2,17:44,5,1,9
2023361340784,2023,361340784,1,1,1,1,32,6,3,0,0,0,0,0,20,4,E01026656,3,1,0.0,1.0,-1,6,60,1,1,1,07:43,4,2,20
2023010472130,2023,010472130,2,1,1,1,25,5,2,0,0,0,0,0,3,6,E01030516,-1,0,1.0,0.0,-1,6,30,1,1,1,16:55,1,2,3
2023010472307,2023,010472307,1,2,3,1,67,10,3,1,1,0,0,0,0,5,E01000888,-1,0,0.0,1.0,-1,6,20,1,1,1,17:20,2,2,1
2023201314034,2023,201314034,1,1,1,1,-1,-1,3,0,0,0,0,0,20,-1,-1,3,1,0.0,1.0,-1,6,30,1,1,1,13:20,1,2,20
2023010442161,2023,010442161,1,1,1,1,28,6,3,0,0,0,0,0,4,5,E01021443,-1,0,0.0,1.0,-1,3,30,1,1,1,11:00,4,2,4
2023061362457,2023,061362457,1,2,3,1,4,1,3,5,1,0,0,0,0,1,E01004811,3,1,0.0,1.0,-1,6,30,1,4,2,18:50,6,1,9
2023991343106,2023,991343106,1,1,3,2,3,1,3,1,3,0,0,0,0,-1,-1,3,1,0.0,1.0,-1,2,20,1,1,1,11:23,6,1,9
2023010475597,2023,010475597,2,1,1,1,24,5,3,0,0,0,0,0,3,3,E01001089,-1,0,0.0,1.0,-1,3,30,1,4,2,00:57,6,2,3
2023401362497,2023,401362497,2,1,1,2,21,5,3,0,0,0,0,0,9,4,E01015804,3,1,0.0,1.0,-1,6,30,1,1,-1,07:45,3,2,9
2023010483914,2023,010483914,1,1,1,1,28,6,3,0,0,0,0,0,1,7,E01000862,-1,0,0.0,1.0,-1,6,30,1,1,1,09:15,4,2,1
2023010461114,2023,010461114,2,2,1,1,23,5,3,0,0,0,0,0,9,3,E01001479,-1,0,0.0,1.0,-1,6,30,1,1,1,18:40,5,2,9
2023201362917,2023,201362917,2,1,1,2,55,8,3,0,0,0,0,0,9,-1,-1,3,1,0.0,1.0,-1,3,30,1,1,1,11:19,1,2,9
2023451344879,2023,451344879,2,1,1,1,24,5,3,0,0,0,0,0,9,9,E01030488,3,1,0.0,1.0,-1,6,40,1,1,1,17:30,4,3,9
2023461382365,2023,461382365,1,3,2,2,45,7,3,0,0,1,0,0,9,3,E01016020,3,1,0.0,1.0,-1,6,30,1,1,2,14:25,2,1,9
2023061388108,2023,061388108,1,1,3,1,40,7,3,6,3,0,0,0,0,1,E01005061,3,1,0.0,1.0,-1,6,30,1,4,1,05:15,5,1,9
2023010464837,2023,010464837,2,1,1,1,19,4,3,0,0,0,0,0,1,4,E01001183,-1,0,0.0,1.0,-1,6,20,1,1,1,15:15,6,2,1
2023461367134,2023,461367134,2,1,1,1,65,9,3,0,0,0,0,0,1,10,E01024731,3,1,0.0,1.0,-1,9,40,1,1,1,13:10,7,2,1
2023141290640,2023,141290640,1,2,2,1,26,6,2,0,0,1,0,0,9,6,E01007787,7,1,1.0,0.0,-1,3,30,1,1,1,14:40,7,2,9
2023411371757,2023,411371757,1,1,1,1,66,10,3,0,0,0,0,0,9,6,E01023786,3,1,0.0,1.0,-1,6,60,2,1,2,07:16,5,2,9
2023520400020,2023,520400020,1,1,1,1,58,9,3,0,0,0,0,0,9,8,E01029245,-1,0,0.00785,0.99215,-1,1,30,1,1,1,17:20,2,2,9
2023430509101,2023,430509101,1,1,3,2,18,4,2,5,1,0,0,0,0,-1,-1,-1,0,1.0,0.0,-1,6,20,1,1,1,15:30,1,1,9
2023010448186,2023,010448186,1,1,1,1,21,5,3,0,0,0,0,0,1,2,E01003111,-1,0,0.0,1.0,-1,2,20,1,1,1,17:15,7,2,1
2023010467057,2023,010467057,1,1,1,-1,43,7,3,0,0,0,0,0,1,6,E01021772,-1,0,0.0,1.0,-1,9,30,9,1,9,08:54,3,2,1
2023010451089,2023,010451089,4,2,1,2,23,5,3,0,0,0,0,0,9,3,E01001409,-1,0,0.0,1.0,-1,6,30,1,4,1,00:55,7,4,9
2023101271451,2023,101271451,2,2,2,2,10,2,3,0,0,2,0,0,9,-1,-1,3,1,0.0,1.0,-1,7,30,1,1,1,09:36,4,3,9
2023122300420,2023,122300420,2,2,1,2,35,6,3,0,0,0,0,0,9,6,E01027701,-1,0,0.01049,0.98951,-1,1,30,1,1,1,14:55,6,2,9
2023201279124,2023,201279124,2,3,2,2,25,5,2,0,0,1,0,0,9,-1,-1,6,1,1.0,0.0,-1,3,30,8,4,1,20:19,1,2,9
2023052300693,2023,052300693,1,3,2,2,21,5,3,0,0,2,0,0,9,1,E01006661,-1,0,0.08387,0.91613,-1,3,30,1,4,1,21:20,7,2,9
202354C326723,2023,54C326723,2,1,1,1,65,9,3,0,0,0,0,0,19,9,E01032055,-1,0,0.00437,0.99563,-1,6,30,9,7,1,19:20,1,2,19
2023010454612,2023,010454612,1,2,2,-1,-1,-1,3,0,0,1,0,0,9,2,E01000600,-1,0,0.0,1.0,-1,3,40,1,1,1,17:05,3,2,9
2023010423515,2023,010423515,2,1,1,1,38,7,2,0,0,0,0,0,1,3,E01003969,-1,0,1.0,0.0,-1,6,20,2,4,2,20:45,4,2,1
2023320079743,2023,320079743,1,1,3,1,18,4,3,10,1,0,0,0,0,2,E01026172,-1,0,0.06815,0.93185,-1,6,30,9,1,1,12:00,7,1,9
2023361390214,2023,361390214,1,1,1,2,19,4,3,0,0,0,0,0,9,4,E01026458,3,1,0.0,1.0,-1,6,60,1,1,2,14:03,1,1,9
2023461343751,2023,461343751,1,1,3,1,40,7,3,10,9,0,0,2,0,5,E01016149,3,1,0.0,1.0,-1,6,30,1,1,1,12:50,4,1,19
2023010450209,2023,010450209,2,1,1,1,-1,-1,3,0,0,0,0,0,1,2,E01001316,-1,0,0.0,1.0,-1,1,20,2,1,2,08:20,3,2,1
2023430510829,2023,430510829,2,1,1,1,20,4,2,0,0,0,0,0,4,6,E01028771,-1,0,1.0,0.0,-1,6,30,2,4,2,17:22,2,3,4
2023010453457,2023,010453457,1,1,1,1,53,8,2,0,0,0,0,0,9,10,E01004157,-1,0,1.0,0.0,-1,6,30,1,4,1,22:20,4,3,9
2023440247157,2023,440247157,2,2,2,2,11,3,3,0,0,1,0,0,9,7,E01022634,-1,0,0.0391,0.9609,-1,6,30,1,1,1,15:35,4,2,9
2023461327102,2023,461327102,1,1,1,2,88,11,3,0,0,0,0,0,9,10,E01021202,3,1,0.0,1.0,-1,6,40,1,1,1,17:50,6,2,9
2023991349462,2023,991349462,1,1,1,1,37,7,3,0,0,0,0,0,9,1,-1,3,1,0.0,1.0,-1,6,30,1,1,1,07:36,4,2,9
2023010479888,2023,010479888,1,4,2,2,10,2,3,0,0,0,4,0,11,1,E01002036,-1,0,0.0,1.0,-1,6,20,1,1,1,08:30,6,1,11
2023031294314,2023,031294314,1,1,1,-1,-1,-1,2,0,0,0,0,0,19,-1,-1,7,1,1.0,0.0,-1,3,70,1,1,2,07:11,5,1,19
2023010481209,2023,010481209,1,1,3,2,13,3,3,5,1,0,0,0,0,5,E01016488,-1,0,0.0,1.0,-1,6,20,1,4,1,15:40,5,1,9
2023552301207,2023,552301207,2,1,1,2,51,8,3,0,0,0,0,0,3,5,E01015456,-1,0,0.05302,0.94698,-1,6,30,1,1,1,16:12,2,2,3
2023201297661,2023,201297661,2,1,1,1,61,9,3,0,0,0,0,0,9,-1,-1,3,1,0.0,1.0,-1,6,30,1,1,1,12:00,4,2,9
2023411404032,2023,411404032,3,1,1,1,76,11,1,0,0,0,0,0,9,6,E01023970,1,1,0.0,0.0,-1,6,60,1,1,1,15:00,7,3,9
2023421327977,2023,421327977,1,1,1,1,47,8,3,0,0,0,0,0,19,1,E01022027,3,1,0.0,1.0,-1,3,60,1,1,1,17:10,2,4,19
2023531356530,2023,531356530,2,1,1,1,60,9,3,0,0,0,0,0,1,9,E01022143,3,1,0.0,1.0,-1,6,30,1,1,2,07:20,2,2,1
2023010453770,2023,010453770,1,1,1,1,25,5,3,0,0,0,0,0,3,4,E01003781,-1,0,0.0,1.0,-1,6,30,8,1,1,19:00,5,2,3
2023471264366,2023,471264366,2,1,1,2,46,8,3,0,0,0,0,0,9,2,E01031819,3,1,0.0,1.0,-1,7,70,2,7,2,08:15,2,3,9
2023311294060,2023,311294060,1,1,3,2,60,9,3,5,1,0,0,0,0,-1,-1,3,1,0.0,1.0,-1,6,30,1,1,1,10:00,3,1,9
2023052302034,2023,052302034,2,1,1,2,24,5,3,0,0,0,0,0,9,1,E01006850,-1,0,0.03486,0.96514,-1,6,20,1,1,1,17:30,3,2,9
2023311297577,2023,311297577,1,1,1,1,76,11,2,0,0,0,0,0,9,7,E01007503,6,1,1.0,0.0,-1,6,60,1,1,1,17:45,2,4,9
2023421305557,2023,421305557,2,1,1,2,49,8,3,0,0,0,0,0,9,10,E01023451,3,1,0.0,1.0,-1,1,30,1,4,1,21:50,1,2,9
2023010426062,2023,010426062,1,2,3,1,0,1,3,1,3,0,0,0,0,5,E01001074,-1,0,0.0,1.0,-1,6,30,1,1,1,10:55,4,1,9
2023991343229,2023,991343229,1,2,1,1,26,6,2,0,0,0,0,0,4,2,-1,5,1,1.0,0.0,-1,6,20,1,1,1,17:30,6,2,4
2023320616900,2023,320616900,2,1,1,2,44,7,2,0,0,0,0,0,9,10,E01028359,-1,0,1.0,0.0,-1,6,60,1,1,1,15:24,4,3,9
2023122300939,2023,122300939,2,1,1,1,18,4,2,0,0,0,0,0,3,7,E01027799,-1,0,1.0,0.0,-1,6,40,4,4,1,21:39,1,2,3
2023010460317,2023,010460317,2,4,2,1,37,7,3,0,0,1,0,0,9,3,E01000109,-1,0,0.0,1.0,-1,3,20,1,4,1,02:36,1,2,9
2023211358195,2023,211358195,1,1,1,2,84,11,1,0,0,0,0,0,9,10,E01029573,1,1,0.0,0.0,-1,6,60,2,1,2,07:15,1,1,9
2023221285338,2023,221285338,1,3,2,2,50,8,2,0,0,2,0,0,9,-1,-1,5,1,1.0,0.0,-1,3,70,3,4,3,00:15,5,3,9
2023231294302,2023,231294302,2,3,2,1,7,2,3,0,0,2,0,0,9,5,E01031168,3,1,0.0,1.0,-1,6,30,1,1,2,16:20,6,2,9
2023302300012,2023,302300012,2,1,2,2,42,7,3,0,0,1,0,0,9,7,E01007700,-1,0,0.06826,0.93174,-1,3,70,9,4,1,17:45,1,3,9
2023461356735,2023,461356735,2,2,2,2,61,9,3,0,0,1,0,0,9,6,E01008233,3,1,0.0,1.0,-1,6,60,1,1,1,10:00,7,2,9
2023010445805,2023,010445805,1,1,1,2,26,6,3,0,0,0,0,0,3,7,E01001411,-1,0,0.0,1.0,-1,9,20,9,1,1,15:10,5,2,3
2023101361231,2023,101361231,2,1,1,2,30,6,3,0,0,0,0,0,9,9,E01027502,3,1,0.0,1.0,-1,6,60,2,1,2,11:04,7,2,9
2023430024312,2023,430024312,2,1,3,1,61,9,3,9,9,0,0,0,0,4,E01022993,-1,0,0.20225,0.79775,-1,3,70,1,1,1,10:26,3,2,9
2023170M30393,2023,170M30393,2,1,1,1,35,6,3,0,0,0,0,0,1,7,E01012186,-1,0,0.12314,0.87686,-1,6,40,1,1,1,17:39,4,2,1
2023481355198,2023,481355198,2,1,1,1,35,6,3,0,0,0,0,0,1,-1,-1,3,1,0.0,1.0,-1,6,20,1,1,1,11:40,6,2,1
2023131330958,2023,131330958,2,4,1,2,23,5,3,0,0,0,0,0,9,2,E01032502,3,1,0.0,1.0,-1,6,30,1,1,1,10:18,4,2,9
2023141363512,2023,141363512,1,1,1,2,78,11,3,0,0,0,0,0,9,7,E01007748,3,1,0.0,1.0,-1,6,60,1,1,1,13:00,2,3,9
2023461360056,2023,461360056,1,4,2,2,24,5,3,0,0,1,0,0,9,1,E01024257,3,1,0.0,1.0,-1,6,30,1,1,1,14:17,4,2,9
202363B021823,2023,63B021823,1,1,1,2,21,5,3,0,0,0,0,0,9,5,W01000650,-1,0,0.13384,0.86616,-1,6,40,1,6,1,05:00,1,2,9
2023552300732,2023,552300732,1,1,3,1,6,2,3,8,3,0,0,0,0,1,E01009272,-1,0,0.13061,0.86939,-1,6,30,1,1,1,17:21,4,1,9
2023311357498,2023,311357498,1,1,1,1,18,4,2,0,0,0,0,0,3,9,E01025921,7,1,1.0,0.0,-1,6,50,1,1,1,14:59,3,2,3
2023041384409,2023,041384409,1,1,1,2,32,6,3,0,0,0,0,0,9,6,E01025179,3,1,0.0,1.0,-1,3,70,5,1,2,12:55,6,2,9
2023351343895,2023,351343895,1,1,1,2,51,8,3,0,0,0,0,0,9,8,E01018268,3,1,0.0,1.0,-1,6,60,1,1,1,18:25,6,1,9
2023010434975,2023,010434975,1,1,3,1,74,10,3,2,1,0,0,0,0,7,E01004762,-1,0,0.0,1.0,-1,2,20,2,1,2,11:15,3,1,9
2023010462539,2023,010462539,1,1,1,2,30,6,3,0,0,0,0,0,9,-1,-1,-1,0,0.0,1.0,-1,6,20,2,1,2,16:36,7,2,9
2023501324997,2023,501324997,4,2,1,2,23,5,3,0,0,0,0,0,9,3,E01015162,3,1,0.0,1.0,-1,3,40,8,1,1,17:08,2,4,9
2023430150923,2023,430150923,2,1,1,2,24,5,3,0,0,0,0,0,1,7,E01028545,-1,0,0.11756,0.88244,-1,6,30,1,1,1,10:58,5,2,1
2023010460903,2023,010460903,1,1,1,1,49,8,3,0,0,0,0,0,9,3,E01001327,-1,0,0.0,1.0,-1,7,30,8,1,2,09:10,3,2,9
2023361274421,2023,361274421,1,1,2,1,11,3,3,0,0,-1,0,0,9,4,E01026677,3,1,0.0,1.0,-1,3,40,1,4,1,17:55,3,2,9
2023501350143,2023,501350143,1,1,1,2,24,5,3,0,0,0,0,0,9,1,E01015256,3,1,0.0,1.0,-1,6,30,1,1,1,16:28,5,3,9
2023201339286,2023,201339286,1,1,2,2,1,1,3,0,0,0,0,0,19,2,E01010406,3,1,0.0,1.0,-1,3,30,1,1,1,18:14,7,3,19
2023031300918,2023,031300918,1,1,3,2,5,1,3,9,6,0,0,0,0,-1,-1,3,1,0.0,1.0,-1,6,30,1,1,1,18:15,2,1,9
2023010422644,2023,010422644,1,1,1,1,24,5,3,0,0,0,0,0,3,2,E01000223,-1,0,0.0,1.0,-1,9,20,9,4,1,17:58,5,2,3
2023010423477,2023,010423477,2,1,1,1,63,9,2,0,0,0,0,0,5,4,E01001518,-1,0,1.0,0.0,-1,6,30,2,4,2,16:28,4,2,5
2023041383647,2023,041383647,3,2,2,2,77,11,3,0,0,1,0,0,9,6,E01025334,3,1,0.0,1.0,-1,3,60,1,1,1,13:41,7,3,9
2023451318337,2023,451318337,1,2,2,1,23,5,3,0,0,1,0,0,9,9,E01031721,3,1,0.0,1.0,-1,6,50,1,6,1,21:40,3,1,9
2023010434518,2023,010434518,2,1,1,1,32,6,3,0,0,0,0,0,1,6,E01002818,-1,0,0.0,1.0,-1,6,20,1,1,1,17:30,2,2,1
2023010450505,2023,010450505,1,2,2,2,13,3,3,0,0,2,0,0,9,9,E01030844,-1,0,0.0,1.0,-1,6,30,1,1,1,17:13,4,2,9
2023522301147,2023,522301147,2,1,1,2,22,5,3,0,0,0,0,0,9,2,E01014810,-1,0,0.01134,0.98866,-1,3,30,1,1,1,11:00,3,2,9
202363A034223,2023,63A034223,1,3,2,1,22,5,3,0,0,0,0,0,21,-1,-1,-1,0,0.09546,0.90454,-1,3,40,1,4,2,07:00,2,2,21
2023010436466,2023,010436466,2,1,1,1,24,5,2,0,0,0,0,0,3,3,E01003563,-1,0,1.0,0.0,-1,6,30,1,1,1,13:04,7,2,3
2023340WN6412,2023,340WN6412,2,2,1,2,32,6,3,0,0,0,0,0,9,7,E01027279,-1,0,0.07094,0.92906,-1,6,50,1,6,1,17:25,6,2,9
2023461372799,2023,461372799,2,1,1,2,36,7,3,0,0,0,0,0,9,3,E01024154,3,1,0.0,1.0,-1,1,30,1,7,1,03:25,2,2,9
2023031383820,2023,031383820,2,1,1,1,66,10,2,0,0,0,0,0,-1,-1,-1,5,1,1.0,0.0,-1,6,30,1,1,1,10:00,4,2,-1
2023991304626,2023,991304626,1,1,3,2,85,11,3,8,5,0,0,2,0,-1,-1,3,1,0.0,1.0,-1,6,30,1,1,1,08:55,7,1,9
2023010435519,2023,010435519,2,1,1,2,62,9,3,0,0,0,0,0,1,8,E01003861,-1,0,0.0,1.0,-1,3,20,1,1,1,18:00,1,2,1
2023010465422,2023,010465422,1,1,1,1,19,4,3,0,0,0,0,0,4,4,E01002876,-1,0,0.0,1.0,-1,2,20,1,4,1,21:30,2,2,4
2023010445392,2023,010445392,1,3,2,-1,17,4,3,0,0,2,0,0,9,7,E01024435,-1,0,0.0,1.0,-1,6,30,1,1,1,16:30,6,2,9
2023501292949,2023,501292949,1,2,2,1,73,10,2,0,0,1,0,0,9,2,E01019076,6,1,1.0,0.0,-1,6,30,1,1,1,11:48,4,1,9
2023320077652,2023,320077652,1,1,1,1,65,9,3,0,0,0,0,0,21,6,E01026247,-1,0,0.11124,0.88876,-1,6,40,1,6,4,18:09,2,1,21
2023041378906,2023,041378906,2,1,1,2,45,7,3,0,0,0,0,0,9,6,E01025330,3,1,0.0,1.0,-1,6,30,1,4,1,19:52,6,2,9
2023161336975,2023,161336975,2,4,2,2,8,2,3,0,0,1,0,0,9,1,E01012857,3,1,0.0,1.0,-1,6,30,1,1,1,16:44,6,2,9
2023201448450,2023,201448450,1,1,2,1,6,2,3,0,0,-1,0,0,9,2,E01008919,3,1,0.0,1.0,-1,6,30,1,1,1,19:17,3,2,9
2023461341310,2023,461341310,2,1,2,2,42,7,3,0,0,-1,0,0,9,-1,-1,3,1,0.0,1.0,-1,7,70,1,1,1,17:45,3,2,9
2023010467377,2023,010467377,2,2,1,1,53,8,3,0,0,0,0,0,5,10,E01030398,-1,0,0.0,1.0,-1,6,30,1,1,1,12:17,5,2,5
2023010475109,2023,010475109,1,2,2,-1,-1,-1,3,0,0,1,0,0,9,3,E01002508,-1,0,0.0,1.0,-1,3,30,1,4,1,19:50,2,1,9
2023131266116,2023,131266116,2,1,1,2,21,5,2,0,0,0,0,0,9,1,E01010702,7,1,1.0,0.0,-1,3,60,1,4,2,16:17,6,2,9
2023161373497,2023,161373497,1,1,1,1,33,6,2,0,0,0,0,0,9,4,E01012995,5,1,1.0,0.0,-1,6,60,1,6,1,23:30,7,1,9
2023991380505,2023,991380505,2,4,2,2,28,6,3,0,0,2,0,0,9,3,-1,3,1,0.0,1.0,-1,6,60,1,1,4,13:00,4,2,9
2023041357527,2023,041357527,2,2,1,1,63,9,2,0,0,0,0,0,9,10,E01025008,5,1,1.0,0.0,-1,6,40,1,1,2,07:15,6,2,9
2023131302124,2023,131302124,1,3,1,2,44,7,3,0,0,0,0,0,9,1,E01011471,3,1,0.0,1.0,-1,3,40,1,1,1,18:26,6,2,9
2023451309027,2023,451309027,1,1,1,1,63,9,3,0,0,0,0,0,9,10,E01030331,3,1,0.0,1.0,-1,6,30,1,1,1,15:35,5,2,9
2023010479847,2023,010479847,1,1,3,1,38,7,3,8,9,0,0,0,0,8,E01005549,-1,0,0.0,1.0,-1,6,30,1,1,1,12:20,4,1,19
2023501277308,2023,501277308,1,2,1,1,18,4,3,0,0,0,0,0,3,3,E01018799,3,1,0.0,1.0,-1,1,30,1,4,1,17:50,6,2,3
2023131383469,2023,131383469,3,2,2,1,11,3,3,0,0,1,0,0,9,7,E01011890,3,1,0.0,1.0,-1,3,70,1,4,2,17:42,3,4,9
2023161367425,2023,161367425,1,1,1,2,27,6,3,0,0,0,0,0,9,4,E01012981,3,1,0.0,1.0,-1,6,60,2,1,2,13:55,5,1,9