collision_index,collision_year,collision_ref_no,vehicle_reference,casualty_reference,casualty_class,sex_of_casualty,age_of_casualty,age_band_of_casualty,casualty_severity,pedestrian_location,pedestrian_movement,car_passenger,bus_or_coach_passenger,pedestrian_road_maintenance_worker,casualty_type,casualty_imd_decile,lsoa_of_casualty,enhanced_casualty_severity,casualty_injury_based,casualty_adjusted_severity_serious,casualty_adjusted_severity_slight,casualty_distance_banding,road_type,speed_limit,weather_conditions,light_conditions,road_surface_conditions,time,day_of_week,number_of_vehicles,vehicle_type
2023010425903,2023,010425903,1,1,3,1,19,4,3,4,3,0,0,0,0,3,E01000586,-1,0,0.0,1.0,-1,6,20,1,1,1,13:22,3,1,9
2023201286626,2023,201286626,2,4,2,2,29,6,3,0,0,2,0,0,9,9,E01017914,3,1,0.0,1.0,-1,3,30,1,1,1,14:06,3,3,9
2023221382202,2023,221382202,2,2,1,1,30,6,3,0,0,0,0,0,9,-1,-1,3,1,0.0,1.0,-1,6,60,1,1,2,10:00,7,2,9
2023548451923,2023,548451923,1,1,1,1,65,9,2,0,0,0,0,0,9,6,E01031845,-1,0,1.0,0.0,-1,6,60,1,1,1,06:24,6,1,9
2023010484142,2023,010484142,1,1,3,1,13,3,3,5,1,0,0,0,0,9,E01004387,-1,0,0.0,1.0,-1,6,20,8,1,1,15:45,5,1,9
2023041348015,2023,041348015,1,1,1,1,17,4,3,0,0,0,0,0,1,1,E01012679,3,1,0.0,1.0,-1,6,30,1,1,1,20:00,5,2,1
2023201304295,2023,201304295,2,1,1,1,36,7,2,0,0,0,0,0,1,1,E01010452,7,1,1.0,0.0,-1,6,30,1,1,1,18:10,2,2,1
2023211344079,2023,211344079,2,1,1,1,43,7,2,0,0,0,0,0,5,3,E01010249,5,1,1.0,0.0,-1,6,30,1,1,1,14:00,1,2,5
2023010424730,2023,010424730,1,1,2,1,14,3,3,0,0,1,0,0,9,1,E01016007,-1,0,0.0,1.0,-1,3,30,1,1,1,08:36,4,2,9
2023010472977,2023,010472977,2,1,1,1,34,6,3,0,0,0,0,0,9,2,E01001054,-1,0,0.0,1.0,-1,3,30,5,4,2,03:24,5,2,9
2023041367453,2023,041367453,1,2,1,2,32,6,3,0,0,0,0,0,9,7,E01025489,3,1,0.0,1.0,-1,6,20,1,4,2,17:55,4,2,9
2023221328531,2023,221328531,2,1,1,2,53,8,3,0,0,0,0,0,9,4,E01014206,3,1,0.0,1.0,-1,6,40,1,1,1,08:11,6,3,9
2023421328424,2023,421328424,1,1,1,1,80,11,2,0,0,0,0,0,9,1,E01021304,6,1,1.0,0.0,-1,6,30,1,1,1,14:17,3,3,9
2023552300199,2023,552300199,1,1,1,2,77,11,2,0,0,0,0,0,9,3,E01023018,-1,0,1.0,0.0,-1,6,30,1,1,1,13:31,6,2,9
2023122300464,2023,122300464,2,1,1,1,40,7,3,0,0,0,0,0,9,7,E01013062,-1,0,0.01595,0.98405,-1,6,40,1,1,1,14:45,7,3,9
2023201297824,2023,201297824,1,3,2,1,23,5,2,0,0,2,0,0,9,1,E01010450,6,1,1.0,0.0,-1,1,30,1,4,2,03:54,1,1,9
2023010449067,2023,010449067,2,1,1,2,52,8,3,0,0,0,0,0,9,-1,-1,-1,0,0.0,1.0,-1,6,20,9,1,1,18:00,4,2,9
2023010456690,2023,010456690,1,1,2,1,10,2,3,0,0,1,0,0,9,3,E01000137,-1,0,0.0,1.0,-1,3,70,2,1,2,15:31,7,2,9
2023010462983,2023,010462983,1,1,1,1,27,6,3,0,0,0,0,0,9,5,E01033740,-1,0,0.0,1.0,-1,6,30,1,1,1,14:00,3,2,9
2023401354793,2023,401354793,2,1,2,1,12,3,3,0,0,1,0,0,9,-1,-1,3,1,0.0,1.0,-1,1,30,1,1,1,12:26,3,2,9
2023010486104,2023,010486104,1,1,1,1,25,5,2,0,0,0,0,0,9,5,E01002489,-1,0,1.0,0.0,-1,3,30,2,4,3,03:09,4,2,9
2023991351980,2023,991351980,2,2,2,1,12,3,3,0,0,1,0,0,9,3,-1,3,1,0.0,1.0,-1,6,30,1,1,1,08:32,3,2,9
2023141302073,2023,141302073,1,1,3,1,39,7,3,5,9,0,0,0,0,-1,-1,3,1,0.0,1.0,-1,6,20,1,1,1,15:30,6,1,98
2023522400271,2023,522400271,1,1,3,2,-1,-1,3,9,5,0,0,0,0,-1,-1,-1,0,0.04257,0.95743,-1,6,30,9,4,-1,22:10,5,1,9
2023361319910,2023,361319910,1,1,1,1,31,6,2,0,0,0,0,0,9,2,E01008942,5,1,1.0,0.0,-1,6,60,1,6,1,02:03,1,2,9
2023101350327,2023,101350327,2,2,2,1,23,5,3,0,0,0,0,0,21,-1,-1,3,1,0.0,1.0,-1,6,30,2,1,2,13:10,3,2,21
2023061372052,2023,061372052,2,1,1,1,-1,-1,3,0,0,0,0,0,1,3,E01005297,3,1,0.0,1.0,-1,6,30,8,1,1,13:50,1,2,1
2023010448085,2023,010448085,1,1,1,2,43,7,3,0,0,0,0,0,9,8,E01003876,-1,0,0.0,1.0,-1,6,20,8,4,1,21:50,5,2,9
2023221300170,2023,221300170,1,2,2,2,9,2,3,0,0,1,0,0,9,3,E01032201,3,1,0.0,1.0,-1,6,30,1,1,1,09:45,2,2,9
2023451264064,2023,451264064,2,1,1,2,29,6,3,0,0,0,0,0,9,10,E01023092,3,1,0.0,1.0,-1,3,60,8,7,1,18:15,2,2,9
2023461359390,2023,461359390,2,3,2,1,15,3,2,0,0,1,0,0,9,7,E01024173,7,1,1.0,0.0,-1,6,30,1,1,1,16:20,2,3,9
2023041306741,2023,041306741,2,1,1,1,58,9,3,0,0,0,0,0,9,6,E01025107,3,1,0.0,1.0,-1,6,60,1,1,1,14:47,5,3,9
2023131322661,2023,131322661,1,1,1,2,25,5,3,0,0,0,0,0,9,-1,-1,3,1,0.0,1.0,-1,1,40,1,1,1,07:52,2,2,9
2023141374580,2023,141374580,1,1,1,2,28,6,3,0,0,0,0,0,9,-1,-1,3,1,0.0,1.0,-1,6,30,1,1,1,12:32,1,2,9
2023320746595,2023,320746595,1,1,1,1,84,11,2,0,0,0,0,0,9,4,E01026016,-1,0,1.0,0.0,-1,6,30,8,4,2,17:00,5,2,9
2023010423251,2023,010423251,1,1,3,2,16,4,3,5,3,0,0,0,0,2,E01001433,-1,0,0.0,1.0,-1,6,30,1,1,1,13:12,3,1,9
2023052300910,2023,052300910,2,1,1,1,53,8,3,0,0,0,0,0,1,6,E01006499,-1,0,0.12053,0.87947,-1,6,30,1,1,1,18:00,5,2,1
2023991338555,2023,991338555,1,2,2,1,17,4,2,0,0,2,0,0,9,-1,-1,5,1,1.0,0.0,-1,6,60,1,1,1,17:26,7,4,9
2023010447116,2023,010447116,1,1,1,1,30,6,3,0,0,0,0,0,3,4,E01001497,-1,0,0.0,1.0,-1,9,30,1,1,1,14:07,5,2,3
2023401361085,2023,401361085,2,1,1,-1,45,7,3,0,0,0,0,0,5,6,E01017385,3,1,0.0,1.0,-1,6,30,1,1,1,11:45,6,2,5
2023131361728,2023,131361728,2,1,1,2,30,6,3,0,0,0,0,0,9,3,E01010569,3,1,0.0,1.0,-1,3,30,1,4,1,19:50,3,2,9
2023501323405,2023,501323405,1,1,1,1,33,6,3,0,0,0,0,0,9,2,E01020111,3,1,0.0,1.0,-1,1,60,2,4,2,00:39,4,1,9
2023201278814,2023,201278814,1,1,3,1,10,2,3,5,2,0,0,0,0,1,E01010316,3,1,0.0,1.0,-1,6,30,1,1,2,11:43,7,1,9
2023440318114,2023,440318114,1,1,3,1,3,1,3,4,3,0,0,0,0,8,E01022825,-1,0,0.18523,0.81477,-1,6,30,1,1,1,16:53,2,1,9
2023991387439,2023,991387439,1,1,1,1,66,10,2,0,0,0,0,0,1,6,-1,5,1,1.0,0.0,-1,6,60,1,1,2,13:04,2,1,1
2023061333606,2023,061333606,2,1,1,1,27,6,3,0,0,0,0,0,9,10,E01006094,3,1,0.0,1.0,-1,6,20,1,1,-1,19:15,3,2,9
2023311304583,2023,311304583,1,1,1,2,68,10,1,0,0,0,0,0,22,1,E01027968,1,1,0.0,0.0,-1,6,30,1,1,1,10:57,6,1,22
2023622300859,2023,622300859,1,1,3,1,14,3,3,5,3,0,0,0,0,2,W01001910,-1,0,0.10911,0.89089,-1,6,20,1,1,1,16:35,6,1,9
2023302300058,2023,302300058,2,1,1,1,48,8,3,0,0,0,0,0,5,2,E01019542,-1,0,0.09116,0.90884,-1,6,30,1,1,1,15:40,2,2,5
2023430334353,2023,430334353,1,1,1,1,28,6,3,0,0,0,0,0,5,6,E01017934,-1,0,0.05071,0.94929,-1,6,30,1,1,1,16:40,5,2,5
2023211299929,2023,211299929,1,3,2,1,47,8,3,0,0,1,0,0,9,-1,-1,3,1,0.0,1.0,-1,6,60,1,1,1,14:30,7,2,9
2023520301295,2023,520301295,1,4,2,2,28,6,2,0,0,1,0,0,9,-1,-1,-1,0,1.0,0.0,-1,6,50,2,6,2,19:19,4,2,9
2023548998523,2023,548998523,2,2,1,1,55,8,2,0,0,0,0,0,9,5,E01032075,-1,0,1.0,0.0,-1,6,50,1,1,1,16:46,6,2,9
2023010467701,2023,010467701,1,4,2,2,34,6,3,0,0,0,4,0,11,3,E01003135,-1,0,0.0,1.0,-1,6,30,2,1,2,14:56,6,1,11
2023052300884,2023,052300884,2,1,1,1,59,9,3,0,0,0,0,0,23,7,E01007256,-1,0,0.1387,0.8613,-1,6,30,1,1,1,07:20,4,2,23
2023201281134,2023,201281134,1,1,3,1,25,5,3,5,2,0,0,2,0,1,E01010383,3,1,0.0,1.0,-1,6,30,1,4,1,20:01,3,1,9
2023010448708,2023,010448708,1,1,1,1,22,5,3,0,0,0,0,0,3,2,E01001118,-1,0,0.0,1.0,-1,6,20,1,1,1,18:40,2,2,3
2023461330239,2023,461330239,1,1,1,1,18,4,3,0,0,0,0,0,3,1,E01016063,3,1,0.0,1.0,-1,6,30,1,1,1,10:40,2,1,3
2023010456511,2023,010456511,1,1,1,1,35,6,3,0,0,0,0,0,4,9,E01002134,-1,0,0.0,1.0,-1,6,30,1,1,1,15:50,6,2,4
2023070178934,2023,070178934,1,1,1,1,59,9,3,0,0,0,0,0,9,3,E01032930,-1,0,0.06285,0.93715,-1,6,50,1,1,1,11:23,5,2,9
2023440248702,2023,440248702,1,1,3,1,3,1,3,9,6,0,0,0,0,5,E01017030,-1,0,0.1555,0.8445,-1,6,20,1,1,1,15:31,5,1,9
2023070999684,2023,070999684,2,1,1,2,67,10,3,0,0,0,0,0,4,9,E01018474,-1,0,0.09778,0.90222,-1,6,20,1,1,1,17:49,5,2,4
2023031338319,2023,031338319,1,1,1,1,60,9,2,0,0,0,0,0,5,6,E01019178,6,1,1.0,0.0,-1,6,30,9,1,2,18:15,5,3,5
2023211317299,2023,211317299,1,1,2,1,8,2,3,0,0,2,0,0,9,1,E01014300,3,1,0.0,1.0,-1,6,30,1,1,1,12:34,1,2,9
2023411343964,2023,411343964,1,2,1,1,65,9,3,0,0,0,0,0,9,2,E01001620,3,1,0.0,1.0,-1,3,70,1,1,2,06:35,5,2,9
2023440203061,2023,440203061,2,2,1,2,32,6,3,0,0,0,0,0,9,10,E01023238,-1,0,0.04035,0.95965,-1,6,30,1,1,1,08:32,3,2,9
2023131261247,2023,131261247,1,1,3,1,83,11,2,8,3,0,0,1,0,1,E01011842,7,1,1.0,0.0,-1,6,30,2,4,2,16:25,2,1,9
2023520300977,2023,520300977,1,1,1,1,37,7,3,0,0,0,0,0,1,4,E01029329,-1,0,0.02278,0.97722,-1,6,30,1,1,1,13:30,1,2,1
2023131269954,2023,131269954,2,1,1,1,17,4,2,0,0,0,0,0,3,1,E01011321,7,1,1.0,0.0,-1,6,30,1,4,1,17:40,2,2,3
2023451344038,2023,451344038,1,1,1,1,51,8,2,0,0,0,0,0,1,9,E01001382,7,1,1.0,0.0,-1,6,30,1,1,2,10:05,1,2,1
2023161367997,2023,161367997,1,1,1,1,72,10,3,0,0,0,0,0,9,-1,-1,3,1,0.0,1.0,-1,6,30,1,1,2,11:42,7,2,9
2023201293040,2023,201293040,2,2,2,1,38,7,3,0,0,1,0,0,9,3,E01009086,3,1,0.0,1.0,-1,6,30,2,4,2,20:50,1,2,9
2023451415620,2023,451415620,2,2,2,2,28,6,3,0,0,1,0,0,9,-1,-1,3,1,0.0,1.0,-1,6,30,1,1,1,17:10,1,2,9
2023991303670,2023,991303670,1,1,1,2,29,6,3,0,0,0,0,0,9,6,-1,3,1,0.0,1.0,-1,6,50,1,1,1,14:39,4,2,9
2023131325536,2023,131325536,2,2,3,1,21,5,3,9,5,0,0,1,0,1,E01011430,3,1,0.0,1.0,-1,7,70,1,4,1,11:07,2,2,9
2023201378337,2023,201378337,2,1,1,1,21,5,3,0,0,0,0,0,4,-1,-1,3,1,0.0,1.0,-1,6,40,8,1,2,18:26,6,2,4
2023122301413,2023,122301413,1,1,1,1,36,7,3,0,0,0,0,0,9,2,E01027872,-1,0,0.09928,0.90072,-1,6,60,1,6,1,17:09,3,2,9
2023471368726,2023,471368726,1,1,1,1,59,9,2,0,0,0,0,0,9,3,E01021012,5,1,1.0,0.0,-1,6,30,4,4,2,20:20,2,4,9
2023320552232,2023,320552232,2,1,1,1,54,8,1,0,0,0,0,0,11,1,E01026069,-1,0,0.0,0.0,-1,6,50,1,1,1,16:35,3,2,11
2023111317516,2023,111317516,1,1,3,1,14,3,3,5,1,0,0,0,0,5,E01020604,3,1,0.0,1.0,-1,6,20,1,1,4,07:55,3,1,9
2023201290803,2023,201290803,1,1,3,2,8,2,3,1,3,0,0,0,0,4,E01010007,3,1,0.0,1.0,-1,6,20,1,1,1,08:46,3,1,9
2023401313771,2023,401313771,1,1,3,2,85,11,2,6,9,0,0,0,0,6,E01017616,7,1,1.0,0.0,-1,6,30,2,1,2,16:20,4,1,9
2023520301504,2023,520301504,1,1,3,1,39,7,3,9,9,0,0,0,0,7,E01029278,-1,0,0.07978,0.92022,-1,6,60,1,1,1,20:20,3,1,9
2023211297110,2023,211297110,1,1,1,1,43,7,2,0,0,0,0,0,9,3,E01029810,6,1,1.0,0.0,-1,6,60,2,1,2,14:50,6,2,9
2023440051816,2023,440051816,1,1,1,1,41,7,3,0,0,0,0,0,1,4,E01023088,-1,0,0.10791,0.89209,-1,6,30,1,1,1,09:00,3,2,1
2023061388571,2023,061388571,2,2,2,2,32,6,3,0,0,2,0,0,8,2,E01007176,3,1,0.0,1.0,-1,2,30,1,1,1,11:00,6,2,8
2023401308028,2023,401308028,2,1,1,1,52,8,3,0,0,0,0,0,9,2,E01015802,3,1,0.0,1.0,-1,1,40,2,1,2,15:07,3,2,9
2023451325054,2023,451325054,1,1,1,2,20,4,3,0,0,0,0,0,9,2,E01030599,3,1,0.0,1.0,-1,6,40,1,1,1,19:30,6,2,9
2023052300561,2023,052300561,2,1,1,1,20,4,3,0,0,0,0,0,-1,4,E01006512,-1,0,0.12085,0.87915,-1,6,30,1,1,1,12:00,4,2,-1
2023332300353,2023,332300353,2,1,1,1,32,6,3,0,0,0,0,0,1,2,E01032867,-1,0,0.04464,0.95536,-1,6,30,1,1,1,08:40,2,2,1
2023552301322,2023,552301322,2,1,1,1,39,7,3,0,0,0,0,0,3,3,E01015359,-1,0,0.03604,0.96396,-1,6,30,1,1,1,12:45,6,2,3
2023201383729,2023,201383729,2,2,1,1,64,9,3,0,0,0,0,0,9,1,E01009143,3,1,0.0,1.0,-1,6,30,2,1,2,16:40,7,3,9
2023440101352,2023,440101352,2,1,1,2,28,6,3,0,0,0,0,0,9,4,E01017277,-1,0,0.02569,0.97431,-1,6,40,1,1,1,15:25,2,2,9
2023552300246,2023,552300246,2,1,1,1,42,7,3,0,0,0,0,0,9,1,E01015282,-1,0,0.04085,0.95915,-1,6,30,1,1,1,16:31,3,2,9
2023991376152,2023,991376152,1,2,2,2,17,4,3,0,0,1,0,0,9,6,-1,3,1,0.0,1.0,-1,6,60,7,6,2,18:35,7,1,9
2023052300535,2023,052300535,1,1,1,2,48,8,3,0,0,0,0,0,9,1,E01006644,-1,0,0.06458,0.93542,-1,3,40,1,1,1,15:00,7,2,9
2023161339056,2023,161339056,1,1,1,2,41,7,3,0,0,0,0,0,9,9,E01013257,3,1,0.0,1.0,-1,1,40,2,1,2,15:45,6,2,9
2023302301541,2023,302301541,1,1,1,2,21,5,3,0,0,0,0,0,9,8,E01013469,-1,0,0.0295,0.9705,-1,6,40,1,1,1,12:20,7,2,9
2023010457413,2023,010457413,1,1,2,2,27,6,3,0,0,0,3,0,11,5,E01000564,-1,0,0.0,1.0,-1,6,30,1,1,1,15:25,4,1,11
2023010483120,2023,010483120,1,1,2,2,38,7,3,0,0,0,4,0,11,4,E01001939,-1,0,0.0,1.0,-1,3,40,1,4,1,20:20,7,1,11
2023122300771,2023,122300771,1,2,2,2,30,6,2,0,0,1,0,0,9,10,E01027880,-1,0,1.0,0.0,-1,1,60,1,1,1,06:30,5,2,9
2023421330275,2023,421330275,2,2,2,2,25,5,3,0,0,2,0,0,9,8,-1,3,1,0.0,1.0,-1,3,50,1,1,1,15:00,2,3,9
2023622300077,2023,622300077,2,2,1,1,23,5,3,0,0,0,0,0,9,2,W01001057,-1,0,0.04519,0.95481,-1,6,40,1,1,1,13:35,2,2,9
2023010462585,2023,010462585,1,1,1,1,41,7,3,0,0,0,0,0,9,8,E01002499,-1,0,0.0,1.0,-1,6,20,1,4,1,22:30,7,2,9
2023041380072,2023,041380072,2,3,1,1,43,7,3,0,0,0,0,0,9,3,E01012644,3,1,0.0,1.0,-1,6,50,1,1,1,11:30,3,4,9
2023052302096,2023,052302096,2,2,2,2,8,2,3,0,0,1,0,0,9,1,E01006950,-1,0,0.01205,0.98795,-1,6,30,1,1,1,08:50,4,2,9
2023170L10503,2023,170L10503,1,1,1,2,18,4,3,0,0,0,0,0,9,9,E01012147,-1,0,0.13223,0.86777,-1,6,60,1,1,1,21:00,3,1,9
2023201339351,2023,201339351,2,1,2,2,81,11,3,0,0,-1,0,0,9,9,E01010166,3,1,0.0,1.0,-1,6,30,1,1,-1,13:08,4,2,9
2023320083619,2023,320083619,2,1,1,2,72,10,3,0,0,0,0,0,9,5,E01026290,-1,0,0.10904,0.89096,-1,6,60,1,1,1,09:31,5,2,9
2023421317463,2023,421317463,2,1,1,2,38,7,3,0,0,0,0,0,9,6,E01033458,3,1,0.0,1.0,-1,3,70,1,6,1,22:20,5,2,9
2023522300824,2023,522300824,2,2,1,2,23,5,2,0,0,0,0,0,9,10,E01029128,-1,0,1.0,0.0,-1,6,60,1,1,1,17:35,2,2,9
2023544326723,2023,544326723,2,1,1,2,50,8,3,0,0,0,0,0,9,3,E01015488,-1,0,0.00933,0.99067,-1,6,30,1,1,1,08:39,3,3,9
2023991292919,2023,991292919,2,1,2,1,1,1,3,0,0,2,0,0,9,1,-1,3,1,0.0,1.0,-1,3,30,1,4,1,21:00,4,2,9
2023320031387,2023,320031387,2,1,1,1,14,3,3,0,0,0,0,0,1,6,E01026260,-1,0,0.08634,0.91366,-1,6,30,1,1,1,08:34,6,2,1
2023010421933,2023,010421933,1,1,1,1,23,5,3,0,0,0,0,0,8,4,E01015756,-1,0,0.0,1.0,-1,7,20,2,1,2,11:55,7,2,8
2023161327737,2023,161327737,2,2,1,2,44,7,3,0,0,0,0,0,9,7,E01013024,3,1,0.0,1.0,-1,6,30,1,1,1,12:51,3,2,9
2023543792123,2023,543792123,1,3,2,1,23,5,3,0,0,1,0,0,9,1,E01008097,-1,0,0.03046,0.96954,-1,3,70,1,1,1,10:39,3,2,9
2023440419186,2023,440419186,1,1,3,2,12,3,3,5,1,0,0,0,0,7,E01017046,-1,0,0.11769,0.88231,-1,6,20,1,1,1,08:25,6,1,9
2023430077063,2023,430077063,2,2,1,1,50,8,3,0,0,0,0,0,19,10,E01017785,-1,0,0.0479,0.9521,-1,6,30,1,1,1,14:59,1,2,19
2023131382755,2023,131382755,1,1,3,2,29,6,3,6,8,0,0,2,0,1,E01011293,3,1,0.0,1.0,-1,6,20,2,6,2,07:40,3,1,9
2023552301499,2023,552301499,1,1,3,1,69,10,3,5,1,0,0,0,0,10,E01015399,-1,0,0.14043,0.85957,-1,6,30,1,7,1,20:17,5,1,9
2023010423143,2023,010423143,1,1,1,1,34,6,3,0,0,0,0,0,1,3,E01001789,-1,0,0.0,1.0,-1,6,20,1,1,2,16:20,2,2,1
2023010463764,2023,010463764,1,1,1,1,23,5,3,0,0,0,0,0,9,5,E01004648,-1,0,0.0,1.0,-1,6,20,9,1,9,15:25,6,3,9
2023371337764,2023,371337764,2,1,2,1,67,10,3,0,0,1,0,0,9,5,E01018041,3,1,0.0,1.0,-1,3,70,1,1,1,14:15,6,2,9
2023991366155,2023,991366155,1,1,1,2,59,9,3,0,0,0,0,0,9,5,-1,3,1,0.0,1.0,-1,6,60,1,1,1,14:00,2,1,9
2023010444383,2023,010444383,1,1,1,1,45,7,2,0,0,0,0,0,1,7,E01000675,-1,0,1.0,0.0,-1,6,30,1,1,1,09:45,1,2,1
2023010426243,2023,010426243,1,1,1,1,34,6,3,0,0,0,0,0,3,-1,-1,-1,0,0.0,1.0,-1,6,20,1,1,1,11:00,4,2,3
2023122300391,2023,122300391,1,1,1,1,40,7,3,0,0,0,0,0,9,5,E01027711,-1,0,0.06928,0.93072,-1,6,30,1,1,1,16:35,4,1,9
2023461305119,2023,461305119,3,2,2,2,7,2,3,0,0,-1,0,0,9,-1,-1,3,1,0.0,1.0,-1,1,50,2,1,2,09:37,7,3,9
2023531309060,2023,531309060,1,1,1,2,43,7,3,0,0,0,0,0,9,7,E01022373,3,1,0.0,1.0,-1,6,20,1,6,1,21:45,5,1,9
2023332300190,2023,332300190,1,1,1,1,77,11,3,0,0,0,0,0,21,9,E01025820,-1,0,0.05796,0.94204,-1,6,40,1,1,1,12:54,4,2,21
2023221383530,2023,221383530,1,1,3,2,52,8,2,8,1,0,0,0,0,3,E01032187,7,1,1.0,0.0,-1,6,30,1,1,2,08:36,2,1,9
2023041363529,2023,041363529,2,1,1,1,24,5,3,0,0,0,0,0,1,4,E01025024,3,1,0.0,1.0,-1,6,30,1,7,1,06:10,3,2,1
2023520400281,2023,520400281,1,1,1,2,30,6,3,0,0,0,0,0,3,8,E01032044,-1,0,0.02314,0.97686,-1,6,30,9,1,-1,12:30,4,2,3
2023141291082,2023,141291082,1,1,1,1,21,5,3,0,0,0,0,0,9,2,E01011913,3,1,0.0,1.0,-1,6,30,1,4,1,19:45,1,3,9
2023161349017,2023,161349017,2,1,1,2,41,7,3,0,0,0,0,0,9,4,E01012995,3,1,0.0,1.0,-1,6,60,1,1,1,07:32,3,2,9
2023170H10243,2023,170H10243,1,1,1,2,34,6,2,0,0,0,0,0,9,6,E01020864,-1,0,1.0,0.0,-1,6,40,1,1,1,08:35,4,2,9
2023471367961,2023,471367961,2,3,2,1,35,6,3,0,0,1,0,0,9,6,E01016933,3,1,0.0,1.0,-1,6,60,2,6,5,07:02,7,2,9
2023401332644,2023,401332644,1,1,1,1,31,6,2,0,0,0,0,0,19,2,E01015705,6,1,1.0,0.0,-1,6,30,1,4,1,23:56,4,1,19
2023101367526,2023,101367526,2,1,1,1,31,6,3,0,0,0,0,0,9,10,E01032647,3,1,0.0,1.0,-1,3,70,2,1,2,17:00,5,4,9
2023131382526,2023,131382526,1,2,2,2,17,4,3,0,0,2,0,0,9,4,E01011489,3,1,0.0,1.0,-1,6,30,3,4,3,19:30,1,2,9
2023411341438,2023,411341438,2,1,1,2,43,7,3,0,0,0,0,0,9,7,E01023527,3,1,0.0,1.0,-1,1,30,2,1,2,12:35,3,2,9
2023010477622,2023,010477622,1,1,1,1,44,7,3,0,0,0,0,0,9,5,E01003276,-1,0,0.0,1.0,-1,3,50,2,4,5,05:32,2,2,9
2023061399282,2023,061399282,2,3,2,1,9,2,3,0,0,1,0,0,9,5,E01004913,3,1,0.0,1.0,-1,3,20,1,1,1,18:07,3,2,9
2023141329990,2023,141329990,2,2,1,1,48,8,3,0,0,0,0,0,9,-1,-1,3,1,0.0,1.0,-1,6,30,2,4,2,03:27,1,2,9
2023141389226,2023,141389226,2,1,2,2,43,7,2,0,0,1,0,0,9,10,E01007690,7,1,1.0,0.0,-1,6,40,4,6,1,23:27,7,2,9
2023451338542,2023,451338542,2,3,2,1,4,1,3,0,0,2,0,0,9,10,E01030945,3,1,0.0,1.0,-1,6,30,2,1,2,17:00,7,2,9
2023991357686,2023,991357686,1,1,1,2,48,8,3,0,0,0,0,0,9,3,-1,3,1,0.0,1.0,-1,6,30,1,1,2,07:55,6,3,9
2023991366281,2023,991366281,2,1,1,2,33,6,3,0,0,0,0,0,9,8,-1,3,1,0.0,1.0,-1,6,30,1,1,1,13:40,2,2,9
2023131348890,2023,131348890,1,1,3,1,55,8,3,8,7,0,0,2,0,1,E01010965,3,1,0.0,1.0,-1,3,30,1,1,1,16:20,7,1,9
2023430515697,2023,430515697,2,1,1,2,32,6,2,0,0,0,0,0,1,6,E01028597,-1,0,1.0,0.0,-1,6,20,1,1,1,10:15,5,2,1
2023991382693,2023,991382693,1,1,1,1,71,10,3,0,0,0,0,0,8,4,-1,3,1,0.0,1.0,-1,6,50,1,6,2,07:00,3,2,8
2023010434675,2023,010434675,1,1,2,2,65,9,3,0,0,0,3,0,11,2,E01001842,-1,0,0.0,1.0,-1,3,20,1,1,2,14:11,3,1,11
2023010467281,2023,010467281,1,1,2,1,63,9,3,0,0,0,4,0,11,8,E01000366,-1,0,0.0,1.0,-1,6,30,1,4,2,00:50,5,2,11
2023010449783,2023,010449783,2,2,1,1,35,6,3,0,0,0,0,0,9,5,E01003411,-1,0,0.0,1.0,-1,6,30,1,4,1,01:00,1,2,9
2023991273556,2023,991273556,1,1,1,1,18,4,3,0,0,0,0,0,9,-1,-1,3,1,0.0,1.0,-1,6,40,4,6,1,13:55,3,1,9
2023421285396,2023,421285396,2,1,1,2,29,6,3,0,0,0,0,0,3,-1,-1,3,1,0.0,1.0,-1,6,30,2,1,2,10:00,6,2,3
2023311338008,2023,311338008,1,1,1,1,36,7,3,0,0,0,0,0,5,2,E01028029,3,1,0.0,1.0,-1,6,50,2,1,2,12:26,6,2,5
2023421352257,2023,421352257,1,1,3,2,10,2,3,5,4,0,0,0,0,1,E01015886,3,1,0.0,1.0,-1,6,30,1,1,1,15:45,4,1,9
2023522300774,2023,522300774,1,1,3,2,22,5,3,1,9,0,0,0,0,3,E01014540,-1,0,0.12259,0.87741,-1,3,30,1,4,1,17:15,7,1,3
2023361333721,2023,361333721,2,1,1,1,31,6,2,0,0,0,0,0,5,4,E01026706,5,1,1.0,0.0,-1,6,50,1,1,1,14:30,4,2,5
2023010421840,2023,010421840,1,1,1,1,41,7,3,0,0,0,0,0,3,2,E01003324,-1,0,0.0,1.0,-1,6,30,1,1,2,15:55,2,2,3
2023332300779,2023,332300779,1,1,1,1,27,6,2,0,0,0,0,0,5,8,E01019872,-1,0,1.0,0.0,-1,6,60,1,6,1,21:30,2,2,5
2023061263464,2023,061263464,1,1,3,1,31,6,3,4,1,0,0,0,0,4,E01005491,3,1,0.0,1.0,-1,6,30,1,1,2,14:20,7,1,9
2023010440707,2023,010440707,1,1,1,1,32,6,3,0,0,0,0,0,3,3,E01001449,-1,0,0.0,1.0,-1,9,20,1,1,1,18:00,6,2,3
2023061443105,2023,061443105,1,1,3,2,30,6,2,10,1,0,0,-1,0,-1,-1,7,1,1.0,0.0,-1,6,20,1,1,1,09:38,4,1,9
2023010465711,2023,010465711,1,1,3,2,-1,-1,3,6,9,0,0,0,0,1,E01001155,-1,0,0.0,1.0,-1,3,30,1,1,1,16:00,2,1,23