collision_index,collision_year,collision_ref_no,vehicle_reference,casualty_reference,casualty_class,sex_of_casualty,age_of_casualty,age_band_of_casualty,casualty_severity,pedestrian_location,pedestrian_movement,car_passenger,bus_or_coach_passenger,pedestrian_road_maintenance_worker,casualty_type,casualty_imd_decile,lsoa_of_casualty,enhanced_casualty_severity,casualty_injury_based,casualty_adjusted_severity_serious,casualty_adjusted_severity_slight,casualty_distance_banding,road_type,speed_limit,weather_conditions,light_conditions,road_surface_conditions,time,day_of_week,number_of_vehicles,vehicle_type
2023501271608,2023,501271608,2,1,1,1,42,7,3,0,0,0,0,0,1,8,E01015137,3,1,0.0,1.0,-1,1,30,1,1,1,16:45,4,2,1
2023201345002,2023,201345002,1,1,1,1,25,5,2,0,0,0,0,0,3,3,E01009701,6,1,1.0,0.0,-1,6,30,1,1,1,18:23,3,2,3
2023061384107,2023,061384107,1,1,2,2,8,2,3,0,0,1,0,0,9,2,E01005917,3,1,0.0,1.0,-1,6,30,2,4,2,15:45,5,2,9
2023010423322,2023,010423322,1,1,1,2,34,6,3,0,0,0,0,0,1,3,E01001640,-1,0,0.0,1.0,-1,9,20,1,1,1,15:05,3,2,1
2023122301372,2023,122301372,1,1,1,1,37,7,2,0,0,0,0,0,5,4,E01011286,-1,0,1.0,0.0,-1,6,60,1,1,1,19:00,5,2,5
2023991368669,2023,991368669,1,1,1,1,35,6,2,0,0,0,0,0,9,1,E01008382,5,1,1.0,0.0,-1,3,70,1,1,1,16:20,2,3,9
2023340WN4182,2023,340WN4182,2,1,1,1,44,7,3,0,0,0,0,0,5,7,E01026989,-1,0,0.20014,0.79986,-1,6,30,1,1,1,20:25,5,2,5
2023211351329,2023,211351329,1,1,3,1,82,11,2,5,3,0,0,-1,0,1,E01014358,7,1,1.0,0.0,-1,2,30,1,1,1,18:33,4,1,9
2023311294763,2023,311294763,1,1,3,2,30,6,3,6,9,0,0,0,0,2,E01028299,3,1,0.0,1.0,-1,6,30,1,4,1,04:44,7,1,8
2023161263470,2023,161263470,2,1,1,1,18,4,3,0,0,0,0,0,1,-1,-1,3,1,0.0,1.0,-1,3,30,5,7,2,06:40,1,2,1
2023061297975,2023,061297975,1,2,2,1,10,2,3,0,0,1,0,0,9,-1,-1,3,1,0.0,1.0,-1,6,20,1,4,1,20:34,1,2,9
2023061358110,2023,061358110,1,1,2,2,44,7,3,0,0,2,0,0,9,3,E01004854,3,1,0.0,1.0,-1,6,20,2,1,2,17:05,7,2,9
2023221317830,2023,221317830,1,1,1,2,23,5,3,0,0,0,0,0,9,2,W01001872,3,1,0.0,1.0,-1,6,60,5,1,2,19:52,2,1,9
2023010449716,2023,010449716,1,2,2,2,22,5,3,0,0,1,0,0,9,4,E01001995,-1,0,0.0,1.0,-1,3,40,1,1,1,16:10,7,2,9
2023061312442,2023,061312442,3,3,1,2,36,7,3,0,0,0,0,0,9,3,E01005179,3,1,0.0,1.0,-1,3,70,1,1,1,18:35,1,4,9
2023332300039,2023,332300039,1,1,2,1,23,5,3,0,0,1,0,0,9,5,E01031050,-1,0,0.03731,0.96269,-1,6,30,1,4,2,22:38,7,2,9
2023461373963,2023,461373963,2,1,1,1,36,7,3,0,0,0,0,0,9,8,E01024351,3,1,0.0,1.0,-1,6,30,2,4,2,16:41,5,2,9
2023371346692,2023,371346692,2,1,1,1,38,7,3,0,0,0,0,0,19,9,E01030214,3,1,0.0,1.0,-1,3,40,1,6,1,07:42,3,2,19
2023332301234,2023,332301234,1,2,3,2,38,7,3,10,9,0,0,0,0,8,E01025764,-1,0,0.11761,0.88239,-1,6,30,1,4,2,23:55,3,2,9
2023061260164,2023,061260164,1,1,3,1,74,10,3,5,3,0,0,0,0,3,E01005039,3,1,0.0,1.0,-1,6,30,1,1,2,09:00,5,1,9
2023440181646,2023,440181646,1,1,1,2,65,9,3,0,0,0,0,0,1,3,E01017228,-1,0,0.13956,0.86044,-1,6,30,1,1,1,19:15,6,2,1
2023122300216,2023,122300216,2,1,1,2,54,8,3,0,0,0,0,0,9,6,E01012979,-1,0,0.04894,0.95106,-1,6,60,1,1,2,11:10,3,2,9
2023052302633,2023,052302633,1,2,3,2,4,1,3,1,1,0,0,0,0,3,E01006876,-1,0,0.15433,0.84567,-1,6,30,1,1,2,09:20,5,1,9
2023522400759,2023,522400759,1,1,3,1,65,9,2,1,3,0,0,0,0,6,E01014508,-1,0,1.0,0.0,-1,6,30,1,1,1,11:30,7,1,9
2023461315028,2023,461315028,2,1,1,2,36,7,2,0,0,0,0,0,1,3,E01032830,5,1,1.0,0.0,-1,6,30,1,1,1,12:30,5,2,1
2023010454772,2023,010454772,1,1,3,2,36,7,3,4,1,0,0,0,0,2,E01004237,-1,0,0.0,1.0,-1,6,20,1,1,1,08:50,4,1,9
2023010440797,2023,010440797,2,1,1,1,54,8,3,0,0,0,0,0,3,2,E01004013,-1,0,0.0,1.0,-1,6,20,1,4,1,22:50,3,2,3
2023010475593,2023,010475593,2,1,1,2,52,8,3,0,0,0,0,0,3,6,E01002789,-1,0,0.0,1.0,-1,6,30,5,4,2,17:55,5,2,3
202354B761423,2023,54B761423,2,1,1,1,19,4,2,0,0,0,0,0,3,8,E01032095,-1,0,1.0,0.0,-1,6,30,1,4,2,20:59,2,2,3
2023010471034,2023,010471034,1,1,3,1,23,5,3,4,2,0,0,0,0,9,E01004155,-1,0,0.0,1.0,-1,6,30,1,4,1,20:30,2,1,9
2023010452070,2023,010452070,1,1,1,1,46,8,3,0,0,0,0,0,8,6,E01001159,-1,0,0.0,1.0,-1,6,20,1,1,1,11:36,4,2,8
2023131272179,2023,131272179,3,1,1,2,61,9,3,0,0,0,0,0,9,7,E01011637,3,1,0.0,1.0,-1,6,30,1,4,1,17:27,6,3,9
2023501295817,2023,501295817,1,1,1,1,92,11,2,0,0,0,0,0,9,6,E01018752,6,1,1.0,0.0,-1,6,60,5,1,2,10:50,4,2,9
2023010427520,2023,010427520,1,1,1,1,53,8,2,0,0,0,0,0,1,8,E01002985,-1,0,1.0,0.0,-1,6,30,1,1,1,15:40,4,2,1
2023201376951,2023,201376951,2,1,1,1,25,5,2,0,0,0,0,0,3,2,E01009505,7,1,1.0,0.0,-1,3,20,1,4,1,22:39,4,2,3
2023041308540,2023,041308540,1,1,3,1,57,9,3,6,7,0,0,0,0,6,E01025107,3,1,0.0,1.0,-1,6,60,1,1,1,08:01,5,1,9
2023041442936,2023,041442936,1,1,1,1,38,7,3,0,0,0,0,0,3,1,E01024987,3,1,0.0,1.0,-1,6,30,1,1,1,10:16,5,2,3
2023170S22023,2023,170S22023,1,2,2,1,33,6,3,0,0,1,0,0,9,-1,-1,-1,0,0.01412,0.98588,-1,6,30,1,1,1,08:15,3,2,9
2023211313011,2023,211313011,4,1,1,1,46,8,3,0,0,0,0,0,9,1,E01014254,3,1,0.0,1.0,-1,6,30,1,1,1,15:04,3,4,9
202363C006223,2023,63C006223,1,3,2,2,16,4,3,0,0,2,0,0,9,4,W01000589,-1,0,0.15879,0.84121,-1,6,60,2,6,2,19:00,1,1,9
2023991259961,2023,991259961,1,2,1,1,36,7,3,0,0,0,0,0,9,3,-1,3,1,0.0,1.0,-1,6,60,1,1,4,11:34,5,1,9
2023052301478,2023,052301478,2,1,1,1,26,6,2,0,0,0,0,0,5,4,E01007206,-1,0,1.0,0.0,-1,6,30,2,4,2,00:57,1,2,5
2023361380588,2023,361380588,2,1,1,1,19,4,2,0,0,0,0,0,3,4,E01026694,7,1,1.0,0.0,-1,6,50,1,4,2,17:14,4,2,3
2023991377670,2023,991377670,1,1,3,2,82,11,2,8,7,0,0,2,0,-1,-1,5,1,1.0,0.0,-1,6,30,1,1,1,12:22,4,1,9
2023010429779,2023,010429779,1,1,3,1,17,4,3,7,9,0,0,0,0,4,E01003023,-1,0,0.0,1.0,-1,6,20,1,1,1,09:15,3,1,19
2023031269182,2023,031269182,1,1,1,1,52,8,2,0,0,0,0,0,1,-1,-1,6,1,1.0,0.0,-1,3,30,1,4,1,17:30,6,2,1
2023101383916,2023,101383916,1,1,3,1,36,7,3,5,1,0,0,0,0,1,E01008485,3,1,0.0,1.0,-1,6,30,2,4,2,22:30,6,1,9
2023211333807,2023,211333807,1,1,3,1,13,3,2,5,2,0,0,-1,0,2,E01029679,7,1,1.0,0.0,-1,6,30,1,1,1,10:14,1,1,9
2023010443370,2023,010443370,1,1,1,-1,24,5,3,0,0,0,0,0,1,6,E01000942,-1,0,0.0,1.0,-1,2,20,1,1,1,18:20,3,2,1
2023031330554,2023,031330554,1,1,3,1,10,2,3,9,9,0,0,0,0,6,E01019275,3,1,0.0,1.0,-1,6,30,1,1,1,20:45,2,1,-1
2023471308488,2023,471308488,2,1,1,2,31,6,3,0,0,0,0,0,3,8,E01031543,3,1,0.0,1.0,-1,6,20,1,1,1,13:06,4,2,3
2023041317460,2023,041317460,2,1,1,1,21,5,3,0,0,0,0,0,9,-1,-1,3,1,0.0,1.0,-1,6,30,1,1,1,16:33,6,3,9
2023221320304,2023,221320304,2,1,1,1,77,11,3,0,0,0,0,0,9,9,E01032482,3,1,0.0,1.0,-1,3,30,1,1,1,17:05,1,2,9
2023540702723,2023,540702723,1,1,1,1,68,10,3,0,0,0,0,0,9,5,E01014455,-1,0,0.02466,0.97534,-1,1,30,1,4,4,18:58,6,2,9
2023547350323,2023,547350323,2,1,1,1,32,6,3,0,0,0,0,0,9,1,E01015575,-1,0,0.02158,0.97842,-1,6,60,1,6,1,17:17,5,2,9
2023451317606,2023,451317606,1,1,3,1,12,3,2,8,8,0,0,0,0,9,E01030559,7,1,1.0,0.0,-1,6,30,1,1,1,08:10,2,1,9
2023610036923,2023,610036923,2,1,1,1,62,9,2,0,0,0,0,0,3,2,W01001368,-1,0,1.0,0.0,-1,6,30,2,1,2,14:28,5,2,3
2023101324560,2023,101324560,2,1,1,2,28,6,3,0,0,0,0,0,9,4,E01008483,3,1,0.0,1.0,-1,6,30,1,1,1,19:35,3,2,9
2023430161799,2023,430161799,2,2,2,2,30,6,3,0,0,1,0,0,9,1,E01028576,-1,0,0.00268,0.99732,-1,6,30,1,1,2,15:03,5,2,9
2023622300303,2023,622300303,1,1,1,2,31,6,3,0,0,0,0,0,9,1,W01001876,-1,0,0.02729,0.97271,-1,6,50,1,1,1,14:11,2,2,9
2023991346473,2023,991346473,2,2,2,2,82,11,3,0,0,2,0,0,9,9,E01008723,3,1,0.0,1.0,-1,6,60,1,1,1,16:08,2,2,9
2023010419278,2023,010419278,1,1,3,2,29,6,3,8,1,0,0,0,0,2,E01002045,-1,0,0.0,1.0,-1,3,30,2,4,2,21:15,1,1,9
2023061280056,2023,061280056,1,1,3,2,16,4,1,6,9,0,0,0,0,5,E01005402,1,1,0.0,0.0,-1,6,30,1,1,1,13:31,5,3,9
2023010433757,2023,010433757,1,1,1,1,46,8,3,0,0,0,0,0,1,9,E01001386,-1,0,0.0,1.0,-1,6,20,1,1,1,09:11,4,2,1
2023010466036,2023,010466036,2,1,1,2,27,6,3,0,0,0,0,0,1,2,E01003305,-1,0,0.0,1.0,-1,6,20,1,1,1,18:00,5,2,1
2023411292387,2023,411292387,1,1,1,1,48,8,3,0,0,0,0,0,3,4,E01023957,3,1,0.0,1.0,-1,6,30,1,1,1,13:19,7,1,3
2023010452850,2023,010452850,1,1,1,1,50,8,2,0,0,0,0,0,5,4,E01001635,-1,0,1.0,0.0,-1,6,30,1,4,1,23:06,1,2,5
2023101342058,2023,101342058,1,1,3,1,50,8,3,6,9,0,0,0,0,2,E01008599,3,1,0.0,1.0,-1,6,30,1,5,1,22:10,7,1,23
2023552301187,2023,552301187,2,1,1,1,40,7,3,0,0,0,0,0,1,8,E01020478,-1,0,0.12052,0.87948,-1,6,20,1,1,1,16:56,3,2,1
2023201405340,2023,201405340,2,1,1,1,31,6,3,0,0,0,0,0,1,1,E01009160,3,1,0.0,1.0,-1,6,30,1,1,1,18:30,5,2,1
2023451381511,2023,451381511,1,1,1,1,47,8,3,0,0,0,0,0,1,6,E01002601,3,1,0.0,1.0,-1,6,30,1,7,1,16:45,6,2,1
2023122300779,2023,122300779,1,1,1,1,20,4,2,0,0,0,0,0,3,-1,-1,-1,0,1.0,0.0,-1,6,60,1,1,1,19:38,6,2,3
2023010483692,2023,010483692,1,1,3,2,24,5,3,6,9,0,0,0,0,2,E01001760,-1,0,0.0,1.0,-1,9,20,2,1,2,15:35,3,1,9
2023461325108,2023,461325108,2,1,1,1,73,10,3,0,0,0,0,0,1,6,E01024230,3,1,0.0,1.0,-1,6,30,1,1,1,09:20,3,2,1
2023361332177,2023,361332177,1,1,1,2,21,5,3,0,0,0,0,0,3,4,E01026280,3,1,0.0,1.0,-1,6,30,2,1,2,13:10,7,2,3
2023010483346,2023,010483346,1,1,1,1,19,4,3,0,0,0,0,0,3,1,E01004665,-1,0,0.0,1.0,-1,6,20,1,1,1,14:50,6,2,3
2023201381186,2023,201381186,2,1,1,1,54,8,3,0,0,0,0,0,5,3,E01009552,3,1,0.0,1.0,-1,1,30,1,4,1,05:48,4,2,5
2023010483130,2023,010483130,2,1,1,1,25,5,2,0,0,0,0,0,1,1,E01004309,-1,0,1.0,0.0,-1,3,20,1,4,1,00:30,1,2,1
2023141296025,2023,141296025,1,1,1,2,42,7,3,0,0,0,0,0,9,1,E01007714,3,1,0.0,1.0,-1,6,30,2,1,2,18:50,4,3,9
2023201370360,2023,201370360,2,1,1,2,30,6,3,0,0,0,0,0,9,5,E01025243,3,1,0.0,1.0,-1,6,30,1,1,1,16:20,2,2,9
2023501345827,2023,501345827,1,1,3,1,27,6,3,9,8,0,0,0,0,1,E01018933,3,1,0.0,1.0,-1,6,60,1,1,1,19:20,6,1,9
2023131269264,2023,131269264,2,1,1,1,60,9,2,0,0,0,0,0,1,1,E01010880,7,1,1.0,0.0,-1,1,30,1,4,1,18:30,5,2,1
2023991306285,2023,991306285,2,1,1,1,43,7,3,0,0,0,0,0,1,10,-1,3,1,0.0,1.0,-1,6,30,1,1,1,08:55,4,2,1
2023010463785,2023,010463785,2,1,1,1,24,5,3,0,0,0,0,0,2,9,E01001279,-1,0,0.0,1.0,-1,6,30,1,4,1,23:18,7,2,2
2023010434525,2023,010434525,2,1,1,1,25,5,3,0,0,0,0,0,3,2,E01003964,-1,0,0.0,1.0,-1,6,30,1,1,1,18:00,2,3,3
2023131346161,2023,131346161,1,1,3,2,29,6,3,6,9,0,0,2,0,9,E01027655,3,1,0.0,1.0,-1,6,30,1,1,1,12:36,2,1,9
2023340NN0472,2023,340NN0472,1,1,3,2,27,6,3,8,3,0,0,0,0,-1,-1,-1,0,0.0368,0.9632,-1,6,30,1,4,1,17:45,3,1,9
2023991343495,2023,991343495,1,1,1,1,16,4,3,0,0,0,0,0,2,3,-1,3,1,0.0,1.0,-1,6,30,1,1,1,17:23,7,3,2
2023501375845,2023,501375845,1,1,3,2,20,4,3,5,3,0,0,0,0,4,E01020017,3,1,0.0,1.0,-1,6,30,1,1,1,15:30,6,1,9
2023351281574,2023,351281574,2,1,1,2,48,8,2,0,0,0,0,0,3,-1,-1,6,1,1.0,0.0,-1,6,60,1,1,1,12:48,4,3,3
2023461374260,2023,461374260,2,2,1,1,65,9,3,0,0,0,0,0,8,9,E01024849,3,1,0.0,1.0,-1,6,30,1,1,1,17:22,2,2,8
2023320720508,2023,320720508,1,1,1,1,23,5,3,0,0,0,0,0,3,9,E01026196,-1,0,0.13574,0.86426,-1,6,20,1,5,1,16:00,3,2,3
2023010463249,2023,010463249,1,1,2,2,0,1,3,0,0,0,3,0,11,5,E01000615,-1,0,0.0,1.0,-1,6,30,1,1,1,17:54,4,1,11
2023041329129,2023,041329129,2,1,2,2,62,9,3,0,0,1,0,0,9,8,E01025214,3,1,0.0,1.0,-1,6,60,1,1,2,18:17,4,2,9
2023071324373,2023,071324373,1,1,1,1,76,11,3,0,0,0,0,0,9,7,E01018361,-1,0,0.06461,0.93539,-1,6,20,2,1,2,11:15,4,2,9
2023991371451,2023,991371451,2,1,1,2,25,5,3,0,0,0,0,0,9,5,-1,3,1,0.0,1.0,-1,6,60,1,1,1,12:10,2,2,9
2023010423732,2023,010423732,1,1,1,-1,30,6,2,0,0,0,0,0,9,8,E01000672,-1,0,1.0,0.0,-1,6,20,1,4,1,03:41,4,1,9
2023031312178,2023,031312178,1,3,2,1,18,4,3,0,0,-1,0,0,9,-1,-1,3,1,0.0,1.0,-1,6,30,1,1,1,18:01,7,2,9
2023201291918,2023,201291918,2,1,1,1,20,4,3,0,0,0,0,0,9,2,E01009043,3,1,0.0,1.0,-1,6,30,3,1,2,16:00,5,2,9
2023221301276,2023,221301276,2,1,1,2,73,10,3,0,0,0,0,0,9,1,E01032434,3,1,0.0,1.0,-1,1,40,1,1,1,12:00,5,2,9
2023201311351,2023,201311351,2,2,1,1,46,8,3,0,0,0,0,0,9,1,E01009270,3,1,0.0,1.0,-1,3,30,1,4,1,01:20,3,2,9
2023351305376,2023,351305376,2,1,1,2,73,10,3,0,0,0,0,0,9,10,E01018204,3,1,0.0,1.0,-1,6,60,1,1,1,11:16,3,2,9
2023010471255,2023,010471255,1,1,1,-1,51,8,3,0,0,0,0,0,9,9,E01000396,-1,0,0.0,1.0,-1,9,20,8,1,1,15:55,3,2,9
2023041370145,2023,041370145,2,1,1,2,33,6,3,0,0,0,0,0,9,-1,-1,3,1,0.0,1.0,-1,6,50,2,4,2,09:22,5,2,9
2023141318739,2023,141318739,1,3,2,1,34,6,3,0,0,1,0,0,9,8,E01007431,3,1,0.0,1.0,-1,6,60,1,1,1,18:45,4,2,9
2023161288573,2023,161288573,1,2,2,2,20,4,3,0,0,1,0,0,9,7,E01033108,3,1,0.0,1.0,-1,6,30,1,1,1,08:52,6,2,9
2023332300645,2023,332300645,1,1,1,1,28,6,3,0,0,0,0,0,9,7,E01025937,-1,0,0.05676,0.94324,-1,6,60,1,1,1,20:55,5,2,9
2023411399449,2023,411399449,2,1,1,2,64,9,3,0,0,0,0,0,9,9,E01023465,3,1,0.0,1.0,-1,6,60,1,1,4,11:59,6,2,9
202354A674523,2023,54A674523,3,3,1,1,64,9,3,0,0,0,0,0,9,-1,-1,-1,0,0.02304,0.97696,-1,6,40,1,1,1,14:58,1,3,9
2023991316501,2023,991316501,1,1,1,1,81,11,3,0,0,0,0,0,9,8,-1,3,1,0.0,1.0,-1,6,60,1,1,1,12:11,5,2,9
2023010460739,2023,010460739,2,1,1,1,22,5,3,0,0,0,0,0,23,4,E01024162,-1,0,0.0,1.0,-1,6,30,1,1,1,16:40,3,2,23
2023221330550,2023,221330550,2,1,1,2,34,6,3,0,0,0,0,0,9,-1,-1,3,1,0.0,1.0,-1,6,30,1,1,1,20:23,2,2,9
2023010433089,2023,010433089,1,1,1,1,46,8,3,0,0,0,0,0,1,4,E01033725,-1,0,0.0,1.0,-1,9,40,1,4,1,18:50,3,2,1
2023411312866,2023,411312866,1,1,1,1,59,9,2,0,0,0,0,0,5,6,E01023583,7,1,1.0,0.0,-1,3,30,1,1,1,14:07,7,3,5
2023010431775,2023,010431775,1,1,3,1,10,2,3,5,3,0,0,0,0,3,E01000984,-1,0,0.0,1.0,-1,6,30,1,1,1,13:25,1,1,9
2023430095006,2023,430095006,1,1,1,2,51,8,2,0,0,0,0,0,9,-1,-1,-1,0,1.0,0.0,-1,6,30,1,1,1,13:56,5,2,9
2023451294699,2023,451294699,1,1,1,1,18,4,3,0,0,0,0,0,9,5,E01031731,3,1,0.0,1.0,-1,6,40,1,6,2,21:34,4,2,9
2023520400345,2023,520400345,2,2,1,1,79,11,3,0,0,0,0,0,9,6,E01029320,-1,0,0.04172,0.95828,-1,6,30,2,1,2,16:09,1,2,9
2023411365869,2023,411365869,2,1,1,1,33,6,3,0,0,0,0,0,3,7,E01023517,3,1,0.0,1.0,-1,3,40,1,7,1,05:25,6,2,3
2023311343456,2023,311343456,2,1,1,1,30,6,2,0,0,0,0,0,5,1,E01013893,5,1,1.0,0.0,-1,6,30,1,1,1,19:15,4,2,5
2023622300848,2023,622300848,2,4,2,2,11,3,2,0,0,0,0,0,-1,1,W01000864,-1,0,1.0,0.0,-1,6,20,1,1,1,15:49,6,3,-1
2023371276999,2023,371276999,1,2,2,1,27,6,2,0,0,2,0,0,9,3,E01029985,6,1,1.0,0.0,-1,6,60,7,1,2,08:00,4,2,9
2023371282238,2023,371282238,1,1,1,1,32,6,3,0,0,0,0,0,9,2,E01029988,3,1,0.0,1.0,-1,6,60,1,6,4,06:30,5,1,9
2023520301766,2023,520301766,2,1,1,1,68,10,3,0,0,0,0,0,9,4,E01029186,-1,0,0.02279,0.97721,-1,6,30,2,1,2,17:08,7,3,9
2023161333006,2023,161333006,1,1,1,1,22,5,3,0,0,0,0,0,1,1,E01012917,3,1,0.0,1.0,-1,9,30,2,1,2,21:00,6,2,1
2023340NN1202,2023,340NN1202,1,1,3,1,53,8,3,10,1,0,0,0,0,-1,-1,-1,0,0.07476,0.92524,-1,2,30,1,4,1,19:20,2,1,11
2023010467106,2023,010467106,1,1,1,1,23,5,2,0,0,0,0,0,1,3,E01003938,-1,0,1.0,0.0,-1,2,20,1,1,1,08:27,4,2,1
2023622300366,2023,622300366,1,1,1,1,28,6,3,0,0,0,0,0,1,2,W01001697,-1,0,0.11774,0.88226,-1,6,20,1,4,1,21:26,2,2,1
2023010428780,2023,010428780,1,1,1,1,21,5,3,0,0,0,0,0,1,4,E01000534,-1,0,0.0,1.0,-1,6,20,1,1,1,09:45,5,2,1
2023302301651,2023,302301651,2,1,1,1,36,7,3,0,0,0,0,0,1,3,E01013453,-1,0,0.12199,0.87801,-1,6,30,1,1,1,14:10,6,2,1
2023221316433,2023,221316433,1,1,1,1,40,7,3,0,0,0,0,0,4,7,E01014204,3,1,0.0,1.0,-1,6,60,1,1,1,17:05,1,3,4
2023421334120,2023,421334120,1,1,3,1,10,2,2,6,9,0,0,0,0,6,E01015937,6,1,1.0,0.0,-1,9,30,1,1,1,15:30,4,1,3
2023122300826,2023,122300826,2,1,1,1,22,5,2,0,0,0,0,0,1,6,E01027570,-1,0,1.0,0.0,-1,6,30,1,1,1,16:45,5,2,1
2023010485714,2023,010485714,1,1,3,1,13,3,3,1,1,0,0,0,0,2,E01000600,-1,0,0.0,1.0,-1,6,30,4,1,1,11:40,7,1,19
2023131282882,2023,131282882,1,1,3,1,70,10,2,8,1,0,0,2,0,1,E01011148,7,1,1.0,0.0,-1,6,30,1,4,1,17:45,6,1,9
2023991322619,2023,991322619,1,1,3,1,14,3,3,1,3,0,0,0,0,-1,-1,3,1,0.0,1.0,-1,6,30,1,1,1,21:00,2,1,9
2023010480568,2023,010480568,1,1,1,2,48,8,3,0,0,0,0,0,2,3,E01002645,-1,0,0.0,1.0,-1,6,30,1,4,1,19:30,2,2,2
2023471327052,2023,471327052,2,1,1,1,31,6,3,0,0,0,0,0,1,1,E01020912,3,1,0.0,1.0,-1,6,30,1,1,1,13:45,6,2,1
2023010486664,2023,010486664,1,1,1,1,29,6,3,0,0,0,0,0,3,5,E01000512,-1,0,0.0,1.0,-1,9,20,1,4,2,20:44,7,2,3
2023052302753,2023,052302753,2,1,1,2,73,10,2,0,0,0,0,0,1,3,E01006780,-1,0,1.0,0.0,-1,3,30,1,4,1,16:55,5,2,1
2023201380955,2023,201380955,2,1,1,1,21,5,3,0,0,0,0,0,1,5,E01009690,3,1,0.0,1.0,-1,1,30,2,1,2,11:50,1,2,1
2023010484178,2023,010484178,1,1,1,2,26,6,3,0,0,0,0,0,3,5,E01000975,-1,0,0.0,1.0,-1,9,20,9,1,9,12:25,7,2,3
2023991319765,2023,991319765,1,1,3,2,58,9,2,8,1,0,0,2,0,5,-1,7,1,1.0,0.0,-1,6,20,1,1,1,12:15,7,1,9
2023010470300,2023,010470300,1,1,3,1,72,10,3,10,9,0,0,0,0,9,E01003462,-1,0,0.0,1.0,-1,6,20,1,1,1,16:15,6,1,9
2023221370299,2023,221370299,1,1,3,2,8,2,3,5,4,0,0,0,0,-1,-1,3,1,0.0,1.0,-1,6,30,2,1,2,11:08,5,1,9
2023430452226,2023,430452226,1,1,3,2,21,5,2,8,9,0,0,0,0,8,E01023178,-1,0,1.0,0.0,-1,6,20,1,4,1,19:00,1,2,19
2023622300147,2023,622300147,1,1,3,2,73,10,2,5,9,0,0,0,0,1,W01001095,-1,0,1.0,0.0,-1,2,20,1,1,1,12:31,6,1,8
2023610009323,2023,610009323,1,1,1,1,18,4,2,0,0,0,0,0,3,9,W01001575,-1,0,1.0,0.0,-1,6,60,8,6,2,01:51,4,1,3
2023440089936,2023,440089936,2,3,2,1,14,3,3,0,0,2,0,0,9,3,E01023157,-1,0,0.07824,0.92176,-1,6,40,1,1,1,17:03,1,4,9
2023552301269,2023,552301269,2,1,1,2,59,9,3,0,0,0,0,0,9,9,E01015351,-1,0,0.03726,0.96274,-1,6,30,1,1,2,08:21,2,2,9
2023991370414,2023,991370414,2,2,1,1,31,6,2,0,0,0,0,0,19,2,-1,7,1,1.0,0.0,-1,6,60,2,6,2,16:55,6,3,19
2023141304716,2023,141304716,2,2,2,2,40,7,3,0,0,1,0,0,9,6,E01019782,3,1,0.0,1.0,-1,6,40,2,1,2,14:00,7,2,9
2023461371931,2023,461371931,1,2,2,1,22,5,3,0,0,1,0,0,9,4,E01016137,3,1,0.0,1.0,-1,6,30,1,4,1,06:32,2,3,9
2023991305823,2023,991305823,2,1,1,2,24,5,3,0,0,0,0,0,9,4,-1,3,1,0.0,1.0,-1,6,60,1,1,1,17:13,1,2,9
2023031337996,2023,031337996,1,2,2,1,7,2,3,0,0,2,0,0,9,10,E01007958,3,1,0.0,1.0,-1,6,60,2,6,2,21:01,5,1,9
2023041261660,2023,041261660,1,2,2,2,20,4,2,0,0,1,0,0,9,6,E01025500,5,1,1.0,0.0,-1,6,60,8,6,2,16:20,2,1,9
2023101340120,2023,101340120,1,1,1,2,42,7,3,0,0,0,0,0,9,4,E01008747,3,1,0.0,1.0,-1,6,40,1,1,1,18:12,4,2,9
2023201320177,2023,201320177,1,4,2,2,25,5,3,0,0,1,0,0,9,2,E01008881,3,1,0.0,1.0,-1,6,30,1,1,1,09:52,1,4,9
2023010423701,2023,010423701,1,1,1,1,19,4,3,0,0,0,0,0,9,3,E01001502,-1,0,0.0,1.0,-1,6,30,1,4,2,17:00,5,3,9
2023010478085,2023,010478085,1,1,1,2,46,8,3,0,0,0,0,0,9,8,E01000420,-1,0,0.0,1.0,-1,6,30,2,1,2,08:11,4,2,9
2023131383089,2023,131383089,2,1,1,1,23,5,3,0,0,0,0,0,9,1,E01011916,3,1,0.0,1.0,-1,6,40,1,4,1,20:45,3,2,9
2023201379375,2023,201379375,2,1,1,1,74,10,3,0,0,0,0,0,9,3,E01009928,3,1,0.0,1.0,-1,6,30,1,1,1,08:40,5,2,9
2023351377472,2023,351377472,3,2,1,1,74,10,3,0,0,0,0,0,9,7,E01026267,3,1,0.0,1.0,-1,3,70,1,1,1,16:40,2,3,9
2023401282593,2023,401282593,1,1,2,1,17,4,3,0,0,1,0,0,9,-1,-1,3,1,0.0,1.0,-1,6,30,1,4,1,02:13,3,1,9
2023440377201,2023,440377201,2,1,1,1,50,8,3,0,0,0,0,0,9,8,E01017683,-1,0,0.05162,0.94838,-1,3,70,1,1,1,15:29,6,2,9
2023991292841,2023,991292841,2,1,1,1,61,9,3,0,0,0,0,0,9,10,-1,3,1,0.0,1.0,-1,6,30,1,4,1,19:10,5,2,9
2023161266891,2023,161266891,1,2,2,2,36,7,3,0,0,0,0,0,19,7,E01012983,3,1,0.0,1.0,-1,6,60,1,1,4,08:20,2,2,19
2023070734038,2023,070734038,2,1,1,1,59,9,3,0,0,0,0,0,9,4,E01026082,-1,0,0.04963,0.95037,-1,6,30,1,1,1,10:12,5,2,9