collision_index,collision_year,collision_ref_no,vehicle_reference,casualty_reference,casualty_class,sex_of_casualty,age_of_casualty,age_band_of_casualty,casualty_severity,pedestrian_location,pedestrian_movement,car_passenger,bus_or_coach_passenger,pedestrian_road_maintenance_worker,casualty_type,casualty_imd_decile,lsoa_of_casualty,enhanced_casualty_severity,casualty_injury_based,casualty_adjusted_severity_serious,casualty_adjusted_severity_slight,casualty_distance_banding,road_type,speed_limit,weather_conditions,light_conditions,road_surface_conditions,time,day_of_week,number_of_vehicles,vehicle_type
2023471340887,2023,471340887,3,1,2,2,85,11,3,0,0,1,0,0,9,9,E01030492,3,1,0.0,1.0,-1,6,60,1,1,1,15:07,5,4,9
2023010465616,2023,010465616,1,1,1,1,47,8,3,0,0,0,0,0,9,3,E01002403,-1,0,0.0,1.0,-1,9,30,8,1,1,13:40,1,2,9
2023302300392,2023,302300392,2,1,1,2,59,9,3,0,0,0,0,0,9,3,E01013453,-1,0,0.05359,0.94641,-1,3,40,1,1,1,17:37,3,2,9
2023320567241,2023,320567241,1,1,1,1,39,7,3,0,0,0,0,0,9,6,E01026205,-1,0,0.11049,0.88951,-1,6,60,2,1,2,06:30,3,1,9
2023522300783,2023,522300783,1,1,1,1,33,6,3,0,0,0,0,0,9,1,E01014829,-1,0,0.0257,0.9743,-1,1,40,1,4,1,13:51,2,3,9
2023010449391,2023,010449391,1,1,2,1,22,5,3,0,0,0,4,0,11,2,E01003968,-1,0,0.0,1.0,-1,6,20,1,1,1,10:45,6,2,11
2023302300943,2023,302300943,1,1,1,2,20,4,3,0,0,0,0,0,9,5,E01019598,-1,0,0.04384,0.95616,-1,6,50,1,1,1,12:25,3,1,9
2023320079297,2023,320079297,1,1,1,1,75,10,3,0,0,0,0,0,9,6,E01026031,-1,0,0.03466,0.96534,-1,6,30,1,1,1,12:30,2,2,9
2023440083306,2023,440083306,1,1,1,1,48,8,2,0,0,0,0,0,9,10,E01022467,-1,0,1.0,0.0,-1,6,50,1,1,2,08:22,4,2,9
2023401270703,2023,401270703,1,1,1,1,-1,-1,3,0,0,0,0,0,97,-1,-1,3,1,0.0,1.0,-1,6,20,1,1,-1,16:05,7,2,97
2023010480303,2023,010480303,2,1,1,2,27,6,3,0,0,0,0,0,1,-1,-1,-1,0,0.0,1.0,-1,6,20,2,4,2,16:47,1,2,1
2023430118604,2023,430118604,2,1,1,1,57,9,3,0,0,0,0,0,1,10,E01016603,-1,0,0.13876,0.86124,-1,6,30,1,1,1,12:45,7,2,1
2023430045220,2023,430045220,1,1,2,1,-1,-1,3,0,0,0,0,0,3,-1,-1,-1,0,0.16028,0.83972,-1,6,20,1,4,1,19:43,2,2,3
2023052300965,2023,052300965,1,1,1,1,26,6,2,0,0,0,0,0,5,1,E01012424,-1,0,1.0,0.0,-1,6,30,1,1,1,19:20,4,2,5
2023991324417,2023,991324417,1,1,1,1,51,8,2,0,0,0,0,0,5,8,-1,7,1,1.0,0.0,-1,6,50,1,1,1,08:00,5,2,5
2023010435749,2023,010435749,1,1,2,1,14,3,3,0,0,2,0,0,9,10,E01000694,-1,0,0.0,1.0,-1,6,30,1,4,1,01:30,3,2,9
2023451332412,2023,451332412,2,1,1,2,36,7,3,0,0,0,0,0,9,10,E01030584,3,1,0.0,1.0,-1,6,60,8,1,2,08:49,1,2,9
2023471305788,2023,471305788,1,1,1,2,18,4,3,0,0,0,0,0,9,8,E01031420,3,1,0.0,1.0,-1,6,60,1,1,1,09:10,4,2,9
2023010482432,2023,010482432,2,1,1,2,60,9,3,0,0,0,0,0,1,2,E01001860,-1,0,0.0,1.0,-1,3,20,1,4,1,20:34,4,2,1
2023411374400,2023,411374400,2,1,1,1,39,7,3,0,0,0,0,0,3,4,E01023857,3,1,0.0,1.0,-1,6,30,1,1,-1,09:30,7,2,3
2023211393717,2023,211393717,1,2,1,1,23,5,2,0,0,0,0,0,9,10,E01018293,6,1,1.0,0.0,-1,6,60,2,6,2,17:12,6,2,9
2023440416860,2023,440416860,2,1,1,2,50,8,3,0,0,0,0,0,9,10,E01031502,-1,0,0.07336,0.92664,-1,6,30,1,1,1,17:36,4,2,9
2023031285698,2023,031285698,1,2,3,2,11,3,3,5,4,0,0,0,0,-1,-1,3,1,0.0,1.0,-1,6,40,1,1,1,14:55,7,1,9
2023061276843,2023,061276843,1,1,3,2,14,3,3,5,9,0,0,-1,0,3,E01006376,3,1,0.0,1.0,-1,6,30,9,7,-1,18:50,7,1,9
2023010444339,2023,010444339,1,1,1,1,26,6,3,0,0,0,0,0,9,1,E01033602,-1,0,0.0,1.0,-1,6,20,1,4,1,23:50,1,2,9
2023010448322,2023,010448322,1,1,1,1,24,5,3,0,0,0,0,0,9,2,E01001014,-1,0,0.0,1.0,-1,6,30,1,1,1,12:02,1,2,9
2023010422522,2023,010422522,1,1,1,1,22,5,3,0,0,0,0,0,11,2,E01000091,-1,0,0.0,1.0,-1,6,30,1,4,2,16:35,6,1,11
2023221281305,2023,221281305,1,1,1,2,66,10,3,0,0,0,0,0,9,6,E01028850,3,1,0.0,1.0,-1,6,60,1,1,1,10:15,2,1,9
2023061387630,2023,061387630,2,1,2,2,54,8,3,0,0,1,0,0,9,2,E01004812,3,1,0.0,1.0,-1,6,30,2,1,2,16:30,3,2,9
2023221266406,2023,221266406,2,1,2,2,21,5,2,0,0,0,0,0,19,1,E01032204,7,1,1.0,0.0,-1,6,60,1,1,2,09:20,5,2,19
2023052301724,2023,052301724,2,1,1,1,37,7,2,0,0,0,0,0,-1,3,E01006722,-1,0,1.0,0.0,-1,6,30,1,1,1,19:35,4,2,-1
2023221344923,2023,221344923,2,4,1,1,22,5,2,0,0,0,0,0,9,7,E01029532,5,1,1.0,0.0,-1,3,70,1,4,1,00:08,5,2,9
2023461293450,2023,461293450,2,1,1,1,60,9,3,0,0,0,0,0,9,3,E01024583,3,1,0.0,1.0,-1,6,30,1,1,1,17:15,3,2,9
2023991358146,2023,991358146,1,1,1,2,33,6,3,0,0,0,0,0,9,1,-1,3,1,0.0,1.0,-1,1,30,1,1,1,10:30,6,2,9
2023351298806,2023,351298806,2,4,2,1,9,2,3,0,0,-1,0,0,9,10,E01018204,3,1,0.0,1.0,-1,6,30,1,1,1,15:32,5,2,9
2023430000421,2023,430000421,1,2,2,2,27,6,3,0,0,2,0,0,9,-1,-1,-1,0,0.08497,0.91503,-1,3,30,1,4,1,04:48,1,1,9
2023461377134,2023,461377134,2,2,1,1,18,4,3,0,0,0,0,0,9,7,E01024378,3,1,0.0,1.0,-1,6,30,1,6,1,21:36,6,2,9
2023411328715,2023,411328715,1,1,1,1,20,4,3,0,0,0,0,0,3,6,E01023789,3,1,0.0,1.0,-1,6,30,1,1,1,10:20,3,2,3
2023461340202,2023,461340202,1,1,3,2,58,9,3,5,3,0,0,2,0,5,E01024673,3,1,0.0,1.0,-1,6,30,1,1,1,10:50,3,1,9
2023351356003,2023,351356003,2,1,1,1,24,5,2,0,0,0,0,0,1,9,E01018010,7,1,1.0,0.0,-1,6,30,1,1,1,19:12,2,2,1
2023052300354,2023,052300354,2,1,1,2,26,6,3,0,0,0,0,0,9,1,E01007269,-1,0,0.00603,0.99397,-1,6,30,1,1,1,15:30,3,2,9
2023231281681,2023,231281681,2,2,1,1,59,9,3,0,0,0,0,0,9,9,E01031082,3,1,0.0,1.0,-1,6,30,1,4,1,20:40,5,2,9
2023161342087,2023,161342087,2,2,1,1,55,8,2,0,0,0,0,0,1,4,E01012828,7,1,1.0,0.0,-1,3,40,1,1,1,15:56,2,2,1
2023451290680,2023,451290680,2,4,2,2,20,4,3,0,0,2,0,0,9,9,E01030875,3,1,0.0,1.0,-1,6,30,1,6,1,19:25,7,2,9
2023461360890,2023,461360890,2,1,1,1,-1,-1,3,0,0,0,0,0,9,8,E01024763,3,1,0.0,1.0,-1,3,70,1,1,1,08:00,5,2,9
2023122300693,2023,122300693,1,1,1,2,36,7,3,0,0,0,0,0,19,6,E01008268,-1,0,0.04972,0.95028,-1,9,70,1,6,1,02:59,3,2,19
2023631393461,2023,631393461,1,1,2,2,25,5,3,0,0,2,0,0,9,2,W01000752,3,1,0.0,1.0,-1,6,20,8,1,2,12:50,2,3,9
2023010481142,2023,010481142,1,1,1,2,30,6,3,0,0,0,0,0,9,2,E01002633,-1,0,0.0,1.0,-1,3,40,1,4,1,21:45,4,2,9
2023071059086,2023,071059086,1,1,1,2,21,5,2,0,0,0,0,0,9,8,E01018681,-1,0,1.0,0.0,-1,6,30,1,6,2,20:10,5,2,9
2023161341023,2023,161341023,1,1,1,2,28,6,3,0,0,0,0,0,9,1,E01012787,3,1,0.0,1.0,-1,6,40,1,1,2,15:58,7,1,9
2023201373154,2023,201373154,2,1,1,1,37,7,3,0,0,0,0,0,9,1,E01009358,3,1,0.0,1.0,-1,3,40,1,1,1,14:40,2,2,9
2023461341502,2023,461341502,2,2,2,2,50,8,3,0,0,1,0,0,9,7,E01024273,3,1,0.0,1.0,-1,7,50,1,1,1,18:13,4,2,9
2023461351477,2023,461351477,2,1,1,1,55,8,3,0,0,0,0,0,19,1,E01024308,3,1,0.0,1.0,-1,6,30,1,4,1,22:52,6,2,19
2023010432812,2023,010432812,1,1,1,1,31,6,3,0,0,0,0,0,9,1,E01001427,-1,0,0.0,1.0,-1,6,30,1,4,2,03:25,7,1,9
2023010452142,2023,010452142,1,1,1,1,75,10,3,0,0,0,0,0,1,4,E01004215,-1,0,0.0,1.0,-1,1,20,1,1,1,20:30,4,2,1
2023010464286,2023,010464286,1,1,3,1,7,2,3,5,2,0,0,0,0,2,E01001118,-1,0,0.0,1.0,-1,6,20,8,1,1,08:39,4,1,9
2023010428499,2023,010428499,1,1,1,1,19,4,3,0,0,0,0,0,9,2,E01001010,-1,0,0.0,1.0,-1,3,30,2,4,2,23:45,3,3,9
2023221379905,2023,221379905,2,1,2,1,9,2,3,0,0,2,0,0,9,5,E01028843,3,1,0.0,1.0,-1,6,60,1,1,1,09:12,6,2,9
2023501325885,2023,501325885,1,1,2,2,9,2,3,0,0,2,0,0,9,5,E01018864,3,1,0.0,1.0,-1,6,60,2,1,2,16:00,3,2,9
2023401342672,2023,401342672,1,1,1,1,34,6,3,0,0,0,0,0,19,2,E01010465,3,1,0.0,1.0,-1,3,70,1,6,1,04:18,2,2,19
2023401386847,2023,401386847,2,1,1,2,41,7,3,0,0,0,0,0,9,-1,-1,3,1,0.0,1.0,-1,6,30,2,7,-1,19:40,6,2,9
2023991302353,2023,991302353,1,1,2,1,68,10,2,0,0,0,1,0,11,-1,-1,7,1,1.0,0.0,-1,3,40,1,1,1,13:10,5,1,11
2023010470423,2023,010470423,1,1,1,1,43,7,3,0,0,0,0,0,19,2,E01001191,-1,0,0.0,1.0,-1,6,30,1,1,1,16:35,6,2,19
2023010449271,2023,010449271,1,1,3,1,12,3,3,6,9,0,0,0,0,9,E01001039,-1,0,0.0,1.0,-1,6,20,1,1,1,15:31,5,1,9
2023111264387,2023,111264387,2,1,1,1,26,6,3,0,0,0,0,0,2,3,E01020670,3,1,0.0,1.0,-1,6,60,1,1,1,14:05,6,2,2
2023010432412,2023,010432412,2,1,1,1,24,5,3,0,0,0,0,0,3,2,E01000743,-1,0,0.0,1.0,-1,6,30,1,1,1,14:15,4,2,3
2023010439962,2023,010439962,1,1,1,1,19,4,3,0,0,0,0,0,3,8,E01004171,-1,0,0.0,1.0,-1,6,20,1,1,1,18:07,1,2,3
2023302300449,2023,302300449,1,1,1,1,-1,-1,2,0,0,0,0,0,3,2,E01027983,-1,0,1.0,0.0,-1,6,30,2,1,2,11:50,7,2,3
2023471331958,2023,471331958,2,1,1,1,26,6,3,0,0,0,0,0,3,1,E01016904,3,1,0.0,1.0,-1,6,20,1,1,1,16:40,3,2,3
2023010476131,2023,010476131,1,1,1,1,42,7,3,0,0,0,0,0,5,-1,-1,-1,0,0.0,1.0,-1,6,20,1,4,2,18:09,1,1,5
2023430251148,2023,430251148,2,1,1,1,23,5,2,0,0,0,0,0,5,6,E01016832,-1,0,1.0,0.0,-1,6,50,1,1,1,09:47,5,2,5
202354C523823,2023,54C523823,1,2,2,1,15,3,3,0,0,1,0,0,9,5,E01015519,-1,0,0.09413,0.90587,-1,6,30,1,5,2,21:53,7,1,9
2023010445201,2023,010445201,1,1,1,1,37,7,3,0,0,0,0,0,3,5,E01003233,-1,0,0.0,1.0,-1,6,20,1,1,1,13:27,5,2,3
2023010423742,2023,010423742,1,1,3,2,57,9,2,5,1,0,0,0,0,5,E01021800,-1,0,1.0,0.0,-1,2,20,1,4,1,23:27,5,1,9
2023311277861,2023,311277861,2,1,1,2,63,9,3,0,0,0,0,0,9,8,E01028371,3,1,0.0,1.0,-1,6,30,1,6,1,18:00,5,2,9
2023361299943,2023,361299943,2,4,2,2,63,9,3,0,0,1,0,0,9,3,E01026447,3,1,0.0,1.0,-1,6,60,2,1,2,16:00,1,2,9
2023440529864,2023,440529864,1,1,1,2,77,11,3,0,0,0,0,0,9,9,E01023217,-1,0,0.16086,0.83914,-1,6,60,1,1,2,15:10,6,1,9
2023061310399,2023,061310399,1,1,1,1,47,8,2,0,0,0,0,0,9,3,E01005267,7,1,1.0,0.0,-1,6,30,1,1,-1,17:30,3,2,9
2023471314650,2023,471314650,1,1,2,2,31,6,2,0,0,2,0,0,9,5,E01031599,7,1,1.0,0.0,-1,6,30,1,1,1,18:30,7,2,9
2023010429544,2023,010429544,1,1,1,2,33,6,3,0,0,0,0,0,1,5,E01002769,-1,0,0.0,1.0,-1,3,40,8,1,1,13:45,6,2,1
2023351392785,2023,351392785,1,1,1,2,24,5,3,0,0,0,0,0,9,8,E01018206,3,1,0.0,1.0,-1,6,30,1,6,1,16:28,4,2,9
2023421359625,2023,421359625,1,1,1,2,48,8,3,0,0,0,0,0,9,9,E01021586,3,1,0.0,1.0,-1,3,70,1,1,1,08:06,5,2,9
2023440295722,2023,440295722,1,1,1,1,19,4,3,0,0,0,0,0,9,1,E01017250,-1,0,0.11562,0.88438,-1,6,30,2,4,2,02:13,1,3,9
2023010467664,2023,010467664,1,2,2,2,0,1,3,0,0,0,4,0,11,3,E01002058,-1,0,0.0,1.0,-1,6,30,2,1,2,14:24,6,2,11
202360A030331,2023,60A030331,2,3,2,2,22,5,3,0,0,2,0,0,98,-1,-1,-1,0,0.0552,0.9448,-1,7,30,1,1,1,17:55,4,2,98
2023010470563,2023,010470563,1,1,1,1,22,5,3,0,0,0,0,0,3,4,E01000313,-1,0,0.0,1.0,-1,6,20,1,1,1,11:00,7,2,3
2023010446344,2023,010446344,1,1,3,1,30,6,3,9,5,0,0,0,0,4,E01002717,-1,0,0.0,1.0,-1,6,20,1,1,1,07:40,5,1,19
2023501297268,2023,501297268,1,1,3,1,40,7,3,5,1,0,0,0,0,-1,-1,3,1,0.0,1.0,-1,6,30,2,4,2,20:45,5,1,9
2023010421965,2023,010421965,1,1,1,1,27,6,3,0,0,0,0,0,3,2,E01000523,-1,0,0.0,1.0,-1,6,30,1,4,4,03:40,4,2,3
2023010429730,2023,010429730,1,1,1,2,20,4,3,0,0,0,0,0,3,2,E01001010,-1,0,0.0,1.0,-1,9,30,9,4,1,17:45,3,2,3
2023010486436,2023,010486436,1,1,1,1,25,5,3,0,0,0,0,0,3,3,E01003035,-1,0,0.0,1.0,-1,6,30,1,4,2,17:19,5,2,3
2023010429709,2023,010429709,1,1,1,2,41,7,3,0,0,0,0,0,9,4,E01002593,-1,0,0.0,1.0,-1,3,40,1,1,1,08:17,3,1,9
2023101342352,2023,101342352,2,2,2,2,31,6,3,0,0,1,0,0,9,1,E01008223,3,1,0.0,1.0,-1,3,40,1,1,1,17:30,2,2,9
2023501290409,2023,501290409,2,1,1,1,38,7,3,0,0,0,0,0,9,4,E01019054,3,1,0.0,1.0,-1,6,60,2,1,2,11:30,7,3,9
2023041307345,2023,041307345,1,1,3,1,7,2,2,5,1,0,0,0,0,5,E01025030,7,1,1.0,0.0,-1,6,20,4,1,1,15:22,5,1,9
2023430131776,2023,430131776,1,1,3,1,71,10,1,1,3,0,0,0,0,6,E01031209,-1,0,0.0,0.0,-1,6,30,1,4,1,22:36,6,1,9
2023302301726,2023,302301726,2,1,1,2,38,7,3,0,0,0,0,0,3,9,E01019835,-1,0,0.09276,0.90724,-1,6,30,1,1,2,11:30,6,2,3
2023531381468,2023,531381468,2,1,1,2,36,7,3,0,0,0,0,0,9,5,E01022228,3,1,0.0,1.0,-1,6,40,1,1,1,14:25,6,2,9
2023010466283,2023,010466283,1,1,2,2,12,3,2,0,0,0,3,0,11,3,E01000222,-1,0,1.0,0.0,-1,3,30,1,1,1,17:03,6,1,11
2023421308111,2023,421308111,1,1,1,1,21,5,2,0,0,0,0,0,19,1,E01033130,5,1,1.0,0.0,-1,6,30,2,1,1,16:43,3,2,19
2023131267089,2023,131267089,1,2,2,1,21,5,3,0,0,1,0,0,9,1,E01011144,3,1,0.0,1.0,-1,6,30,1,4,2,20:20,1,2,9
2023520400293,2023,520400293,1,1,1,1,54,8,3,0,0,0,0,0,9,7,E01029267,-1,0,0.02528,0.97472,-1,6,60,1,6,1,21:30,6,1,9
2023522300737,2023,522300737,1,1,2,2,56,9,3,0,0,1,0,0,9,10,E01014932,-1,0,0.00613,0.99387,-1,6,20,1,1,1,07:30,7,2,9
2023631314356,2023,631314356,1,1,1,2,29,6,3,0,0,0,0,0,9,7,W01000475,3,1,0.0,1.0,-1,6,60,1,1,1,17:05,6,2,9
2023010470293,2023,010470293,1,1,3,1,29,6,3,1,1,0,0,0,0,-1,-1,-1,0,0.0,1.0,-1,6,20,1,1,1,10:05,6,1,9
2023010462312,2023,010462312,3,3,2,2,25,5,3,0,0,2,0,0,9,7,E01024405,-1,0,0.0,1.0,-1,3,70,1,1,1,13:04,6,3,9
2023010465442,2023,010465442,1,1,1,1,34,6,3,0,0,0,0,0,9,9,E01004595,-1,0,0.0,1.0,-1,6,20,1,1,1,07:30,3,2,9
2023421366297,2023,421366297,1,1,1,1,27,6,3,0,0,0,0,0,9,-1,-1,3,1,0.0,1.0,-1,3,70,1,7,1,19:39,3,1,9
2023451276217,2023,451276217,1,1,1,1,30,6,3,0,0,0,0,0,9,10,E01030671,3,1,0.0,1.0,-1,6,60,7,6,2,06:45,3,1,9
2023201403513,2023,201403513,1,1,3,2,29,6,3,1,1,0,0,2,0,10,E01029630,3,1,0.0,1.0,-1,6,30,1,1,1,09:47,4,1,9
2023010421078,2023,010421078,2,2,1,1,56,9,3,0,0,0,0,0,8,2,E01001079,-1,0,0.0,1.0,-1,1,30,2,4,2,19:14,5,2,8
2023061291274,2023,061291274,2,1,1,2,27,6,3,0,0,0,0,0,9,6,E01004912,3,1,0.0,1.0,-1,6,30,1,1,1,13:45,2,2,9
2023440019580,2023,440019580,1,1,1,1,36,7,3,0,0,0,0,0,9,6,E01023250,-1,0,0.03169,0.96831,-1,1,60,1,4,1,21:35,1,2,9
2023131390360,2023,131390360,1,1,3,2,42,7,1,1,3,0,0,2,0,1,E01010732,1,1,0.0,0.0,-1,3,30,1,4,1,20:56,3,2,9
2023010470241,2023,010470241,1,1,1,1,30,6,3,0,0,0,0,0,9,3,E01003708,-1,0,0.0,1.0,-1,6,30,8,4,1,20:53,5,2,9
2023061310259,2023,061310259,2,1,1,2,42,7,3,0,0,0,0,0,9,1,E01012739,3,1,0.0,1.0,-1,3,70,1,1,1,20:00,1,3,9
2023141373185,2023,141373185,1,2,2,1,21,5,3,0,0,1,0,0,9,3,E01007447,3,1,0.0,1.0,-1,6,60,1,6,2,20:35,6,2,9
2023371338480,2023,371338480,2,7,2,1,6,2,3,0,0,2,0,0,9,-1,-1,3,1,0.0,1.0,-1,3,70,1,1,1,16:36,6,2,9
2023141369293,2023,141369293,1,1,1,1,76,11,3,0,0,0,0,0,22,1,E01007719,3,1,0.0,1.0,-1,6,30,2,1,2,09:00,2,2,22
2023010484917,2023,010484917,1,1,1,1,27,6,3,0,0,0,0,0,1,2,E01003093,-1,0,0.0,1.0,-1,9,20,1,4,1,01:00,5,2,1
2023531340446,2023,531340446,2,1,1,1,54,8,2,0,0,0,0,0,1,3,E01022153,6,1,1.0,0.0,-1,6,40,8,1,1,17:20,4,2,1
2023201302774,2023,201302774,2,2,1,1,32,6,3,0,0,0,0,0,9,1,E01009134,3,1,0.0,1.0,-1,3,30,2,4,2,21:10,4,2,9
2023201304273,2023,201304273,2,1,1,1,58,9,3,0,0,0,0,0,5,2,E01010021,3,1,0.0,1.0,-1,6,30,1,1,1,12:57,2,2,5
2023302300160,2023,302300160,1,1,3,2,11,3,3,5,3,0,0,0,0,2,E01019543,-1,0,0.11789,0.88211,-1,6,30,1,1,1,16:10,5,1,9
2023531377961,2023,531377961,1,1,3,1,18,4,3,1,1,0,0,0,0,10,E01022316,3,1,0.0,1.0,-1,6,30,7,1,2,08:00,1,1,9
2023010432843,2023,010432843,1,1,1,1,29,6,3,0,0,0,0,0,3,5,E01003945,-1,0,0.0,1.0,-1,6,20,1,4,1,22:15,6,2,3
2023010473381,2023,010473381,1,1,3,2,-1,-1,3,9,9,0,0,0,0,3,E01003923,-1,0,0.0,1.0,-1,6,20,1,1,1,10:25,1,2,9
2023471347547,2023,471347547,1,1,3,1,55,8,3,9,5,0,0,0,0,8,E01031838,3,1,0.0,1.0,-1,6,30,1,1,1,12:30,2,1,19
2023522301497,2023,522301497,1,1,3,1,89,11,3,5,1,0,0,0,0,6,E01014641,-1,0,0.12334,0.87666,-1,6,20,1,1,1,15:30,4,1,9
2023522400019,2023,522400019,1,1,3,2,25,5,3,4,1,0,0,0,0,4,E01014527,-1,0,0.01595,0.98405,-1,6,20,9,4,1,20:45,6,1,9
2023211308753,2023,211308753,2,2,1,2,48,8,2,0,0,0,0,0,1,9,E01031036,6,1,1.0,0.0,-1,6,50,1,1,1,11:00,4,2,1
2023161322769,2023,161322769,1,1,1,1,57,9,3,0,0,0,0,0,5,1,E01012838,3,1,0.0,1.0,-1,6,60,1,1,1,18:10,5,1,5
2023010463471,2023,010463471,1,1,1,1,75,10,3,0,0,0,0,0,9,6,E01015775,-1,0,0.0,1.0,-1,6,20,1,1,2,11:05,5,1,9
2023010475233,2023,010475233,1,1,1,1,26,6,3,0,0,0,0,0,9,2,E01003594,-1,0,0.0,1.0,-1,1,30,1,1,1,12:25,3,2,9
2023070057567,2023,070057567,2,1,1,1,60,9,3,0,0,0,0,0,9,8,E01029534,-1,0,0.01782,0.98218,-1,6,30,8,1,4,09:05,6,2,9
202354B638023,2023,54B638023,2,2,1,1,52,8,3,0,0,0,0,0,9,6,E01031844,-1,0,0.12398,0.87602,-1,6,60,4,1,2,07:08,6,3,9
2023010459615,2023,010459615,2,1,1,1,23,5,3,0,0,0,0,0,23,3,E01004047,-1,0,0.0,1.0,-1,6,30,1,1,2,15:52,3,2,23
2023010468385,2023,010468385,1,1,3,2,68,10,3,4,1,0,0,0,0,2,E01001551,-1,0,0.0,1.0,-1,6,30,1,1,1,12:50,3,1,9
2023161387332,2023,161387332,1,1,3,1,55,8,3,5,1,0,0,0,0,1,E01012834,3,1,0.0,1.0,-1,6,30,1,4,1,00:50,1,1,9
2023041268086,2023,041268086,2,1,1,2,31,6,2,0,0,0,0,0,1,1,E01025236,6,1,1.0,0.0,-1,6,30,1,1,1,13:07,6,2,1
2023522400229,2023,522400229,1,1,1,1,33,6,3,0,0,0,0,0,4,4,E01032516,-1,0,0.02345,0.97655,-1,6,20,1,1,1,12:25,7,2,4
2023211370865,2023,211370865,1,1,1,2,54,8,2,0,0,0,0,0,9,7,E01008967,5,1,1.0,0.0,-1,3,70,2,7,2,02:19,4,3,9
2023546083123,2023,546083123,2,3,1,2,34,6,3,0,0,0,0,0,9,10,E01032017,-1,0,0.0572,0.9428,-1,6,60,1,1,1,14:40,7,3,9
2023010459993,2023,010459993,1,1,1,1,19,4,3,0,0,0,0,0,4,6,E01001269,-1,0,0.0,1.0,-1,1,20,9,1,1,19:30,5,2,4
2023010483661,2023,010483661,1,1,1,1,24,5,3,0,0,0,0,0,9,3,E01003630,-1,0,0.0,1.0,-1,3,40,2,4,2,04:00,4,2,9
2023401297983,2023,401297983,2,1,1,1,62,9,3,0,0,0,0,0,9,5,E01020782,3,1,0.0,1.0,-1,3,60,1,1,-1,11:15,6,2,9
2023991390729,2023,991390729,1,1,1,2,31,6,3,0,0,0,0,0,9,-1,-1,3,1,0.0,1.0,-1,3,70,2,1,2,14:26,4,3,9
2023471365698,2023,471365698,2,1,1,2,51,8,2,0,0,0,0,0,9,7,E01032619,7,1,1.0,0.0,-1,3,70,2,1,2,09:40,7,2,9
2023991343191,2023,991343191,1,1,1,1,66,10,2,0,0,0,0,0,9,2,E01025115,6,1,1.0,0.0,-1,6,20,1,1,1,11:55,6,2,9
2023201292487,2023,201292487,1,2,2,1,7,2,3,0,0,2,0,0,8,1,E01009113,3,1,0.0,1.0,-1,1,20,1,1,1,18:00,5,2,8
2023052300374,2023,052300374,2,5,2,1,19,4,3,0,0,0,4,0,11,1,E01007007,-1,0,0.02851,0.97149,-1,6,20,1,1,1,09:00,5,2,11
2023170S10103,2023,170S10103,1,1,3,2,60,9,2,5,1,0,0,0,0,5,E01012259,-1,0,1.0,0.0,-1,6,30,2,1,2,12:19,5,1,9
2023010486428,2023,010486428,2,1,1,1,21,5,3,0,0,0,0,0,1,2,E01004263,-1,0,0.0,1.0,-1,6,20,1,4,2,23:00,7,2,1
2023131386162,2023,131386162,1,1,1,1,20,4,3,0,0,0,0,0,9,10,E01027700,3,1,0.0,1.0,-1,3,70,5,4,5,18:13,7,1,9
2023421326412,2023,421326412,2,1,1,2,36,7,3,0,0,0,0,0,9,6,E01021794,3,1,0.0,1.0,-1,6,30,1,1,1,18:35,3,4,9
2023041309692,2023,041309692,1,1,1,1,71,10,2,0,0,0,0,0,5,7,E01010908,5,1,1.0,0.0,-1,6,60,1,1,1,10:00,1,1,5
2023522301831,2023,522301831,1,1,3,2,67,10,2,5,1,0,0,0,0,1,E01014581,-1,0,1.0,0.0,-1,1,20,1,1,1,11:00,3,1,19
2023201309296,2023,201309296,2,1,1,1,37,7,3,0,0,0,0,0,1,9,E01009466,3,1,0.0,1.0,-1,1,40,1,1,1,20:00,2,2,1
2023201356318,2023,201356318,2,1,1,2,34,6,2,0,0,0,0,0,9,1,E01008976,7,1,1.0,0.0,-1,6,30,1,7,1,20:50,6,2,9
2023302301005,2023,302301005,1,1,1,1,20,4,2,0,0,0,0,0,9,10,E01004950,-1,0,1.0,0.0,-1,6,50,1,6,1,00:20,1,1,9
2023010458479,2023,010458479,1,5,2,-1,-1,-1,3,0,0,2,0,0,9,2,E01003557,-1,0,0.0,1.0,-1,6,20,1,1,1,19:35,3,2,9
2023201458851,2023,201458851,1,1,1,1,29,6,3,0,0,0,0,0,9,2,E01010555,3,1,0.0,1.0,-1,3,30,1,4,1,15:31,4,4,9
2023231353839,2023,231353839,2,1,2,2,24,5,3,0,0,1,0,0,9,9,E01009557,3,1,0.0,1.0,-1,6,30,1,1,1,14:54,6,2,9
2023610044523,2023,610044523,1,2,2,2,29,6,3,0,0,1,0,0,9,-1,-1,-1,0,0.01376,0.98624,-1,6,20,1,1,1,15:30,6,2,9
2023622300799,2023,622300799,2,2,1,2,63,9,3,0,0,0,0,0,9,1,W01000836,-1,0,0.01368,0.98632,-1,6,30,2,1,2,16:51,6,2,9
2023010460317,2023,010460317,2,6,2,1,28,6,3,0,0,2,0,0,9,4,E01003568,-1,0,0.0,1.0,-1,3,20,1,4,1,02:36,1,2,9
2023010431200,2023,010431200,1,2,2,2,1,1,3,0,0,0,4,0,11,1,E01002842,-1,0,0.0,1.0,-1,6,30,3,1,3,10:08,4,1,11