collision_index,collision_year,collision_ref_no,vehicle_reference,casualty_reference,casualty_class,sex_of_casualty,age_of_casualty,age_band_of_casualty,casualty_severity,pedestrian_location,pedestrian_movement,car_passenger,bus_or_coach_passenger,pedestrian_road_maintenance_worker,casualty_type,casualty_imd_decile,lsoa_of_casualty,enhanced_casualty_severity,casualty_injury_based,casualty_adjusted_severity_serious,casualty_adjusted_severity_slight,casualty_distance_banding,road_type,speed_limit,weather_conditions,light_conditions,road_surface_conditions,time,day_of_week,number_of_vehicles,vehicle_type
2023302301710,2023,302301710,1,2,1,1,57,9,3,0,0,0,0,0,11,3,E01019810,-1,0,0.12398,0.87602,-1,6,50,1,1,1,14:32,4,1,11
2023622300688,2023,622300688,2,2,1,1,29,6,3,0,0,0,0,0,1,4,W01001314,-1,0,0.09554,0.90446,-1,6,30,1,1,1,11:47,6,2,1
2023010455681,2023,010455681,2,1,1,1,46,8,2,0,0,0,0,0,5,4,E01001037,-1,0,1.0,0.0,-1,6,30,1,1,1,15:02,2,2,5
2023010434976,2023,010434976,1,1,1,2,41,7,3,0,0,0,0,0,9,7,E01001996,-1,0,0.0,1.0,-1,6,20,9,1,9,13:00,4,2,9
2023311316552,2023,311316552,1,1,1,1,57,9,3,0,0,0,0,0,9,6,E01028316,3,1,0.0,1.0,-1,3,70,1,1,1,18:46,5,2,9
2023501293324,2023,501293324,2,1,1,1,54,8,3,0,0,0,0,0,9,7,E01020318,3,1,0.0,1.0,-1,6,60,1,1,1,16:10,6,2,9
2023010453115,2023,010453115,1,1,1,1,35,6,3,0,0,0,0,0,3,2,E01002087,-1,0,0.0,1.0,-1,9,30,1,1,1,15:40,6,2,3
2023041372659,2023,041372659,2,1,1,1,48,8,3,0,0,0,0,0,1,1,E01005565,3,1,0.0,1.0,-1,6,30,5,1,5,16:15,2,2,1
2023546786723,2023,546786723,1,1,1,1,19,4,3,0,0,0,0,0,1,2,E01015528,-1,0,0.06457,0.93543,-1,6,30,9,1,1,07:30,3,2,1
2023010456057,2023,010456057,2,1,1,1,17,4,2,0,0,0,0,0,4,6,E01000193,-1,0,1.0,0.0,-1,3,40,2,1,2,09:20,4,2,4
2023122301151,2023,122301151,1,1,2,1,5,1,3,0,0,1,0,0,9,7,E01027496,-1,0,0.04422,0.95578,-1,6,60,1,1,1,10:51,6,2,9
2023221303571,2023,221303571,1,2,1,2,30,6,3,0,0,0,0,0,9,2,E01028934,3,1,0.0,1.0,-1,6,30,1,1,1,17:29,4,2,9
2023010426916,2023,010426916,1,1,3,1,25,5,3,1,1,0,0,0,0,3,E01003618,-1,0,0.0,1.0,-1,6,20,1,4,1,17:40,7,1,9
2023010444784,2023,010444784,1,1,1,2,32,6,3,0,0,0,0,0,1,2,E01004253,-1,0,0.0,1.0,-1,6,20,1,4,1,21:38,3,2,1
2023461285482,2023,461285482,2,1,1,1,26,6,3,0,0,0,0,0,3,3,E01016037,3,1,0.0,1.0,-1,1,30,1,1,1,13:09,7,2,3
2023302300416,2023,302300416,2,1,2,2,-1,-1,3,0,0,1,0,0,9,6,E01029424,-1,0,0.03466,0.96534,-1,6,30,2,1,2,14:27,7,3,9
2023440000718,2023,440000718,1,1,1,2,60,9,3,0,0,0,0,0,9,6,E01023216,-1,0,0.07493,0.92507,-1,6,40,2,6,2,16:14,1,2,9
2023461370134,2023,461370134,2,1,1,1,29,6,3,0,0,0,0,0,9,3,E01024166,3,1,0.0,1.0,-1,3,50,1,1,1,10:43,4,2,9
2023131281074,2023,131281074,2,1,1,1,30,6,2,0,0,0,0,0,21,8,E01011021,7,1,1.0,0.0,-1,6,30,2,4,2,03:06,3,3,21
2023320658123,2023,320658123,2,1,1,1,12,3,3,0,0,0,0,0,1,3,E01026123,-1,0,0.07684,0.92316,-1,6,30,9,1,1,16:30,3,2,1
2023440098213,2023,440098213,2,1,1,1,70,10,2,0,0,0,0,0,1,10,E01022495,-1,0,1.0,0.0,-1,6,30,1,1,1,12:03,7,2,1
2023302301077,2023,302301077,2,1,1,1,43,7,3,0,0,0,0,0,9,7,E01019628,-1,0,0.03947,0.96053,-1,6,30,2,1,2,14:10,6,3,9
2023520400207,2023,520400207,1,1,1,2,63,9,3,0,0,0,0,0,9,5,E01029257,-1,0,0.00358,0.99642,-1,6,30,1,1,1,11:30,4,2,9
2023010438104,2023,010438104,1,1,3,2,36,7,3,8,9,0,0,0,0,3,E01004735,-1,0,0.0,1.0,-1,2,20,1,1,1,15:36,3,1,8
2023010446513,2023,010446513,1,1,1,2,28,6,3,0,0,0,0,0,3,7,E01016470,-1,0,0.0,1.0,-1,6,20,9,1,9,18:20,3,2,3
2023010448318,2023,010448318,1,1,1,1,23,5,3,0,0,0,0,0,9,9,E01002339,-1,0,0.0,1.0,-1,6,30,1,4,1,00:26,1,2,9
2023461356338,2023,461356338,1,1,1,2,41,7,3,0,0,0,0,0,9,1,E01024507,3,1,0.0,1.0,-1,6,30,1,1,1,15:00,6,1,9
2023031319649,2023,031319649,1,1,1,1,16,4,3,0,0,0,0,0,9,-1,-1,3,1,0.0,1.0,-1,6,60,1,6,1,22:16,6,1,9
2023461341961,2023,461341961,2,3,2,2,43,7,3,0,0,1,0,0,9,7,E01024252,3,1,0.0,1.0,-1,6,60,1,1,1,11:32,5,2,9
2023010477782,2023,010477782,3,1,1,2,57,9,3,0,0,0,0,0,1,-1,-1,-1,0,0.0,1.0,-1,3,20,8,4,1,17:15,2,3,1
2023052302706,2023,052302706,1,1,3,1,13,3,3,5,1,0,0,0,0,1,E01006426,-1,0,0.15751,0.84249,-1,6,30,1,4,2,19:00,6,1,9
2023141309184,2023,141309184,1,1,3,2,42,7,2,1,9,0,0,0,0,9,E01007670,5,1,1.0,0.0,-1,3,50,1,1,1,08:24,6,1,98
2023451299478,2023,451299478,1,1,3,2,34,6,3,10,9,0,0,0,0,10,E01030418,3,1,0.0,1.0,-1,6,30,1,1,2,14:30,6,1,98
2023421370439,2023,421370439,2,2,1,2,34,6,3,0,0,0,0,0,9,9,E01029872,3,1,0.0,1.0,-1,6,60,1,6,2,18:50,6,2,9
2023010454637,2023,010454637,1,2,2,2,53,8,3,0,0,0,4,0,11,3,E01002028,-1,0,0.0,1.0,-1,6,20,1,1,1,16:30,3,1,11
2023332300257,2023,332300257,1,1,3,2,11,3,2,1,1,0,0,0,0,1,E01013600,-1,0,1.0,0.0,-1,6,40,1,1,1,13:45,3,1,19
2023501282963,2023,501282963,2,1,1,2,64,9,3,0,0,0,0,0,1,8,E01018855,3,1,0.0,1.0,-1,7,30,1,1,1,09:30,4,2,1
2023010467518,2023,010467518,1,1,1,1,18,4,2,0,0,0,0,0,2,2,E01004398,-1,0,1.0,0.0,-1,1,30,2,4,2,22:18,5,2,2
2023131353188,2023,131353188,2,1,1,2,19,4,3,0,0,0,0,0,9,9,E01010706,3,1,0.0,1.0,-1,6,30,8,4,1,23:27,7,2,9
2023461306622,2023,461306622,2,2,1,1,41,7,3,0,0,0,0,0,9,9,E01024446,3,1,0.0,1.0,-1,7,30,1,1,2,04:15,2,2,9
2023461341149,2023,461341149,2,3,2,1,34,6,3,0,0,1,0,0,9,-1,-1,3,1,0.0,1.0,-1,3,70,1,1,2,09:49,3,6,9
2023461348907,2023,461348907,2,1,1,2,32,6,3,0,0,0,0,0,9,5,E01033087,3,1,0.0,1.0,-1,3,30,1,1,1,11:40,2,2,9
2023991370414,2023,991370414,1,1,1,2,21,5,3,0,0,0,0,0,9,8,-1,3,1,0.0,1.0,-1,6,60,2,6,2,16:55,6,3,9
2023311364388,2023,311364388,1,1,3,1,56,9,3,6,9,0,0,2,0,-1,-1,3,1,0.0,1.0,-1,9,20,1,4,1,20:40,6,1,90
2023101298437,2023,101298437,1,1,1,1,30,6,3,0,0,0,0,0,1,2,E01008252,3,1,0.0,1.0,-1,6,20,1,1,1,18:19,3,2,1
2023545807223,2023,545807223,2,1,1,1,33,6,3,0,0,0,0,0,1,7,E01014483,-1,0,0.12721,0.87279,-1,6,40,1,1,1,14:19,7,2,1
2023010486574,2023,010486574,2,1,1,1,18,4,3,0,0,0,0,0,3,2,E01003300,-1,0,0.0,1.0,-1,2,20,1,4,2,01:02,7,2,3
2023211340118,2023,211340118,1,1,1,1,23,5,3,0,0,0,0,0,9,2,E01009877,3,1,0.0,1.0,-1,6,60,1,6,1,22:51,7,2,9
2023430014793,2023,430014793,1,1,1,1,34,6,3,0,0,0,0,0,9,8,E01017627,-1,0,0.12624,0.87376,-1,3,50,5,6,5,05:40,4,1,9
2023440170477,2023,440170477,2,5,2,2,54,8,3,0,0,1,0,0,9,6,E01017029,-1,0,0.14421,0.85579,-1,3,70,1,1,1,17:01,2,3,9
2023010458589,2023,010458589,1,1,1,1,54,8,3,0,0,0,0,0,1,2,E01032579,-1,0,0.0,1.0,-1,2,20,1,1,9,12:15,3,2,1
2023221341559,2023,221341559,1,1,1,1,17,4,3,0,0,0,0,0,3,7,E01029012,3,1,0.0,1.0,-1,6,30,1,1,1,20:29,5,2,3
2023161355463,2023,161355463,1,1,1,1,29,6,3,0,0,0,0,0,9,5,E01013308,3,1,0.0,1.0,-1,6,40,1,4,1,01:29,1,1,9
2023991341292,2023,991341292,1,1,2,2,17,4,2,0,0,1,0,0,9,10,-1,7,1,1.0,0.0,-1,3,30,1,4,2,00:23,2,1,9
2023010451223,2023,010451223,2,1,1,1,15,3,2,0,0,0,0,0,1,2,E01004242,-1,0,1.0,0.0,-1,6,20,1,1,1,15:36,7,2,1
2023010426477,2023,010426477,1,1,1,2,50,8,3,0,0,0,0,0,9,2,E01023339,-1,0,0.0,1.0,-1,9,20,9,1,9,15:35,4,2,9
2023010481686,2023,010481686,1,1,2,2,56,9,3,0,0,1,0,0,9,8,E01000426,-1,0,0.0,1.0,-1,3,30,1,1,2,14:10,1,3,9
2023061343371,2023,061343371,2,2,1,2,60,9,3,0,0,0,0,0,9,3,E01006034,3,1,0.0,1.0,-1,6,30,1,1,1,10:40,6,2,9
2023421335560,2023,421335560,1,1,1,2,54,8,3,0,0,0,0,0,9,7,E01021407,3,1,0.0,1.0,-1,6,30,2,1,2,07:20,2,2,9
2023031320080,2023,031320080,1,1,1,1,80,11,3,0,0,0,0,0,9,9,E01019326,3,1,0.0,1.0,-1,6,30,2,4,5,21:12,1,2,9
2023052302461,2023,052302461,2,3,2,1,6,2,3,0,0,2,0,0,9,1,E01006443,-1,0,0.00816,0.99184,-1,3,30,1,1,1,18:00,2,2,9
2023451294879,2023,451294879,1,1,1,2,64,9,3,0,0,0,0,0,9,7,E01030569,3,1,0.0,1.0,-1,6,30,1,1,1,16:10,6,2,9
2023010440754,2023,010440754,1,1,3,2,17,4,3,1,3,0,0,0,0,1,E01001558,-1,0,0.0,1.0,-1,6,30,1,1,1,17:35,3,1,11
2023061314664,2023,061314664,1,1,1,1,26,6,2,0,0,0,0,0,4,2,E01005337,7,1,1.0,0.0,-1,6,30,1,1,1,13:50,7,2,4
2023070227013,2023,070227013,2,1,1,1,34,6,3,0,0,0,0,0,17,1,E01005087,-1,0,0.10879,0.89121,-1,1,30,1,1,2,15:25,6,2,17
2023010451906,2023,010451906,2,2,1,1,23,5,2,0,0,0,0,0,5,1,E01004245,-1,0,1.0,0.0,-1,6,30,1,4,1,23:16,3,2,5
2023131343738,2023,131343738,1,5,1,1,30,6,3,0,0,0,0,0,9,6,E01011610,3,1,0.0,1.0,-1,3,70,1,1,1,18:50,1,3,9
2023161350903,2023,161350903,1,1,1,2,36,7,3,0,0,0,0,0,9,8,E01013055,3,1,0.0,1.0,-1,1,60,1,1,1,13:00,1,2,9
2023302301021,2023,302301021,2,2,2,1,73,10,3,0,0,1,0,0,9,-1,-1,-1,0,0.09557,0.90443,-1,6,50,1,1,1,17:51,3,2,9
2023371261467,2023,371261467,2,1,1,1,39,7,3,0,0,0,0,0,9,4,E01030028,3,1,0.0,1.0,-1,6,30,1,4,1,01:44,7,2,9
2023161297233,2023,161297233,2,1,1,1,11,3,3,0,0,0,0,0,1,-1,-1,3,1,0.0,1.0,-1,6,30,1,1,1,08:15,2,2,1
2023041366174,2023,041366174,1,1,1,1,82,11,3,0,0,0,0,0,9,7,E01025029,3,1,0.0,1.0,-1,6,30,1,1,1,17:06,2,2,9
2023552400239,2023,552400239,1,2,2,1,31,6,3,0,0,1,0,0,9,9,E01015453,-1,0,0.0603,0.9397,-1,6,60,1,1,1,14:51,7,2,9
2023531368083,2023,531368083,1,1,1,1,49,8,3,0,0,0,0,0,1,5,E01022334,3,1,0.0,1.0,-1,3,30,1,4,2,19:30,7,2,1
2023552301494,2023,552301494,1,1,1,1,45,7,3,0,0,0,0,0,5,9,E01015395,-1,0,0.2176,0.7824,-1,6,30,1,1,1,07:20,4,1,5
2023451392877,2023,451392877,2,2,1,2,24,5,3,0,0,0,0,0,9,1,E01017036,3,1,0.0,1.0,-1,3,70,1,6,2,16:55,7,3,9
2023540258623,2023,540258623,1,2,2,2,8,2,3,0,0,1,0,0,9,5,E01015479,-1,0,0.01544,0.98456,-1,6,30,2,4,2,18:38,1,2,9
2023340NN3852,2023,340NN3852,1,1,1,1,44,7,3,0,0,0,0,0,9,10,E01018116,-1,0,0.09744,0.90256,-1,6,60,1,1,1,08:20,3,4,9
2023361334738,2023,361334738,1,5,2,1,8,2,3,0,0,1,0,0,9,3,E01026453,3,1,0.0,1.0,-1,6,60,1,6,1,21:01,7,2,9
2023440473141,2023,440473141,1,1,1,1,38,7,3,0,0,0,0,0,9,10,E01022505,-1,0,0.1204,0.8796,-1,3,70,1,1,1,11:55,1,1,9
2023461317934,2023,461317934,1,1,1,1,20,4,1,0,0,0,0,0,9,10,E01024337,1,1,0.0,0.0,-1,3,70,1,1,1,04:22,2,1,9
2023471347151,2023,471347151,2,2,1,1,52,8,3,0,0,0,0,0,9,7,E01031539,3,1,0.0,1.0,-1,6,30,1,1,1,05:41,5,2,9
2023010472344,2023,010472344,2,1,1,1,38,7,3,0,0,0,0,0,4,5,E01004381,-1,0,0.0,1.0,-1,6,40,1,4,1,20:50,2,2,4
2023991389270,2023,991389270,1,1,2,2,57,9,3,0,0,1,0,0,9,10,-1,3,1,0.0,1.0,-1,7,70,5,1,2,09:45,1,2,9
2023010461756,2023,010461756,1,3,2,2,4,1,3,0,0,0,4,0,11,2,E01001792,-1,0,0.0,1.0,-1,6,20,1,1,1,17:19,2,1,11
2023061389166,2023,061389166,1,1,3,2,27,6,2,5,3,0,0,0,0,9,E01005409,7,1,1.0,0.0,-1,6,30,1,4,1,17:30,7,1,9
2023010471247,2023,010471247,1,1,1,1,16,4,2,0,0,0,0,0,1,4,E01004015,-1,0,1.0,0.0,-1,6,20,1,1,1,15:20,3,2,1
2023991378407,2023,991378407,2,1,1,1,56,9,3,0,0,0,0,0,1,7,-1,3,1,0.0,1.0,-1,3,70,1,6,2,06:20,5,2,1
2023122300571,2023,122300571,2,2,1,2,51,8,3,0,0,0,0,0,9,7,E01027693,-1,0,0.04302,0.95698,-1,6,60,1,1,2,10:30,4,2,9
2023131358629,2023,131358629,1,1,1,1,26,6,2,0,0,0,0,0,9,6,E01011228,6,1,1.0,0.0,-1,6,30,1,1,1,10:59,2,5,9
2023131393072,2023,131393072,1,2,2,2,1,1,3,0,0,2,0,0,9,8,E01011276,3,1,0.0,1.0,-1,1,20,4,1,2,12:21,6,2,9
2023141267094,2023,141267094,1,1,1,2,25,5,3,0,0,0,0,0,9,1,E01007628,3,1,0.0,1.0,-1,6,30,1,1,2,15:30,2,2,9
2023440499941,2023,440499941,1,1,1,1,69,10,3,0,0,0,0,0,9,8,E01000671,-1,0,0.10137,0.89863,-1,3,70,2,1,2,14:01,5,1,9
2023161274255,2023,161274255,1,2,2,2,30,6,3,0,0,0,-1,0,11,3,E01013231,3,1,0.0,1.0,-1,6,30,1,4,1,16:05,7,2,11
2023010471739,2023,010471739,2,1,1,1,54,8,2,0,0,0,0,0,19,4,E01000503,-1,0,1.0,0.0,-1,6,20,1,1,1,13:44,6,4,19
2023991380772,2023,991380772,2,1,1,1,35,6,2,0,0,0,0,0,19,1,-1,6,1,1.0,0.0,-1,6,30,1,4,4,19:50,4,2,19
2023010466919,2023,010466919,1,1,1,2,50,8,3,0,0,0,0,0,1,7,E01002654,-1,0,0.0,1.0,-1,1,20,1,1,1,08:15,3,2,1
2023311309114,2023,311309114,1,2,2,1,16,4,3,0,0,0,0,0,19,-1,-1,3,1,0.0,1.0,-1,6,30,1,4,1,22:33,5,1,19
2023111322792,2023,111322792,1,1,3,2,94,11,3,5,1,0,0,0,0,5,E01020650,3,1,0.0,1.0,-1,6,30,1,1,1,13:00,6,1,9
2023141391049,2023,141391049,1,1,3,2,14,3,3,5,1,0,0,0,0,1,E01008075,3,1,0.0,1.0,-1,6,30,1,1,1,15:16,4,1,9
2023991323644,2023,991323644,1,1,3,2,11,3,3,8,1,0,0,2,0,-1,-1,3,1,0.0,1.0,-1,1,30,2,1,2,16:15,3,1,9
2023041334765,2023,041334765,1,1,1,2,24,5,3,0,0,0,0,0,9,1,E01011038,3,1,0.0,1.0,-1,3,70,1,1,1,19:42,5,3,9
2023010465246,2023,010465246,2,1,1,1,32,6,3,0,0,0,0,0,-1,3,E01032785,-1,0,0.0,1.0,-1,6,20,1,1,1,08:40,2,2,-1
2023061352419,2023,061352419,2,1,1,2,34,6,2,0,0,0,0,0,1,6,E01005168,7,1,1.0,0.0,-1,6,30,2,1,2,16:55,2,2,1
2023010475572,2023,010475572,2,1,1,1,23,5,3,0,0,0,0,0,3,6,E01001597,-1,0,0.0,1.0,-1,7,30,5,4,2,19:45,5,2,3
2023501305637,2023,501305637,1,1,1,2,50,8,3,0,0,0,0,0,3,4,E01020055,3,1,0.0,1.0,-1,6,50,1,1,1,18:02,5,1,3
2023430009992,2023,430009992,3,5,1,2,43,7,3,0,0,0,0,0,9,6,E01016469,-1,0,0.08209,0.91791,-1,3,30,1,6,1,21:13,7,3,9
2023010423546,2023,010423546,1,1,3,1,56,9,3,1,1,0,0,0,0,5,E01033573,-1,0,0.0,1.0,-1,6,30,9,7,1,17:00,4,1,9
2023010483446,2023,010483446,1,1,1,1,22,5,3,0,0,0,0,0,9,6,E01001573,-1,0,0.0,1.0,-1,3,40,2,4,2,09:00,2,2,9
2023221392955,2023,221392955,1,1,1,2,41,7,3,0,0,0,0,0,9,3,E01032277,3,1,0.0,1.0,-1,6,40,1,4,1,16:30,7,2,9
2023440261817,2023,440261817,1,2,2,1,8,2,2,0,0,2,0,0,9,7,E01028762,-1,0,1.0,0.0,-1,6,50,2,1,2,16:28,6,2,9
2023052301763,2023,052301763,1,2,3,2,50,8,3,5,1,0,0,0,0,4,W01000038,-1,0,0.178,0.822,-1,6,30,1,1,1,21:00,3,1,9
2023010460852,2023,010460852,2,1,1,2,55,8,2,0,0,0,0,0,9,1,E01001330,-1,0,1.0,0.0,-1,3,40,1,1,1,09:14,4,2,9
2023010481443,2023,010481443,1,1,1,1,27,6,3,0,0,0,0,0,9,7,E01001071,-1,0,0.0,1.0,-1,6,30,1,1,1,15:10,6,2,9
2023041282793,2023,041282793,2,1,2,1,44,7,3,0,0,2,0,0,9,1,E01025592,3,1,0.0,1.0,-1,6,20,1,1,1,10:40,6,2,9
2023061380662,2023,061380662,2,2,1,2,31,6,3,0,0,0,0,0,9,4,E01005327,3,1,0.0,1.0,-1,6,30,1,1,1,12:42,4,2,9
2023010430214,2023,010430214,1,1,2,2,91,11,2,0,0,0,3,0,11,-1,-1,-1,0,1.0,0.0,-1,3,20,1,1,1,10:40,6,1,11
2023010430889,2023,010430889,2,2,1,2,52,8,3,0,0,0,0,0,9,4,E01000980,-1,0,0.0,1.0,-1,1,30,1,4,1,19:10,3,2,9
2023440165504,2023,440165504,1,2,2,2,55,8,3,0,0,1,0,0,9,-1,-1,-1,0,0.14679,0.85321,-1,3,70,2,1,2,19:36,5,1,9
2023471371310,2023,471371310,1,1,3,1,33,6,3,5,9,0,0,2,0,1,E01020984,3,1,0.0,1.0,-1,3,30,1,4,1,18:15,4,1,9
2023111339406,2023,111339406,1,1,1,1,39,7,3,0,0,0,0,0,4,3,E01020616,3,1,0.0,1.0,-1,6,30,8,1,2,13:49,7,2,4
2023010478830,2023,010478830,1,1,1,2,27,6,3,0,0,0,0,0,9,8,E01023511,-1,0,0.0,1.0,-1,3,40,1,4,1,18:25,6,2,9
2023010420806,2023,010420806,2,1,1,2,51,8,3,0,0,0,0,0,9,9,E01002471,-1,0,0.0,1.0,-1,6,30,1,4,2,16:30,4,2,9
2023010430589,2023,010430589,2,2,1,1,40,7,3,0,0,0,0,0,9,2,E01003580,-1,0,0.0,1.0,-1,3,50,1,4,1,23:28,1,3,9
2023201339273,2023,201339273,1,1,1,1,27,6,3,0,0,0,0,0,9,8,E01009949,3,1,0.0,1.0,-1,3,40,1,4,1,22:26,6,2,9
2023311379589,2023,311379589,1,1,1,1,34,6,3,0,0,0,0,0,9,5,E01013914,3,1,0.0,1.0,-1,6,20,1,1,1,11:50,1,4,9
2023010453434,2023,010453434,2,1,1,1,23,5,3,0,0,0,0,0,1,8,E01004557,-1,0,0.0,1.0,-1,6,20,1,4,1,20:55,4,2,1
2023440285773,2023,440285773,1,1,1,1,39,7,3,0,0,0,0,0,4,2,E01017132,-1,0,0.1748,0.8252,-1,6,30,1,1,1,14:05,1,2,4
2023010446961,2023,010446961,1,1,1,2,76,11,3,0,0,0,0,0,9,5,E01003195,-1,0,0.0,1.0,-1,6,20,1,1,1,16:25,1,2,9
2023430231653,2023,430231653,1,2,2,1,36,7,3,0,0,1,0,0,9,9,E01016313,-1,0,0.03732,0.96268,-1,3,40,1,1,1,14:30,6,2,9
2023622300333,2023,622300333,1,3,2,1,12,3,3,0,0,1,0,0,9,10,W01001090,-1,0,0.02275,0.97725,-1,6,30,1,1,1,08:36,3,2,9
2023320686380,2023,320686380,2,1,1,2,58,9,3,0,0,0,0,0,9,2,E01026108,-1,0,0.01379,0.98621,-1,6,30,1,1,1,15:15,1,2,9
2023061333553,2023,061333553,1,1,3,2,5,1,3,5,9,0,0,0,0,-1,-1,3,1,0.0,1.0,-1,6,30,1,1,1,16:39,3,1,9
2023010483390,2023,010483390,1,1,1,2,53,8,3,0,0,0,0,0,1,6,E01000306,-1,0,0.0,1.0,-1,6,30,1,1,1,13:00,5,2,1
2023430131340,2023,430131340,1,1,1,1,24,5,2,0,0,0,0,0,9,6,E01017928,-1,0,1.0,0.0,-1,6,30,2,1,2,16:19,6,2,9
2023122300142,2023,122300142,1,1,3,2,19,4,3,1,3,0,0,0,0,10,E01027786,-1,0,0.08853,0.91147,-1,6,30,1,1,2,15:43,7,1,9
2023052300876,2023,052300876,2,1,1,1,33,6,2,0,0,0,0,0,1,3,E01006743,-1,0,1.0,0.0,-1,6,30,1,1,1,07:45,7,2,1
2023010436235,2023,010436235,1,1,1,1,31,6,3,0,0,0,0,0,3,3,E01003533,-1,0,0.0,1.0,-1,6,20,2,1,2,17:40,4,2,3
2023010484029,2023,010484029,1,1,3,2,12,3,3,5,3,0,0,0,0,5,E01000663,-1,0,0.0,1.0,-1,1,30,1,4,2,14:30,5,1,9
2023411344763,2023,411344763,1,1,3,1,41,7,3,1,3,0,0,0,0,6,E01023903,3,1,0.0,1.0,-1,6,30,1,1,1,17:57,5,1,9
2023141324604,2023,141324604,2,1,1,1,29,6,3,0,0,0,0,0,1,2,E01007654,3,1,0.0,1.0,-1,6,30,1,1,1,20:35,6,2,1
2023010446573,2023,010446573,1,1,1,2,64,9,2,0,0,0,0,0,9,3,E01002151,-1,0,1.0,0.0,-1,6,30,1,1,1,16:33,6,3,9
2023101372771,2023,101372771,3,2,1,2,37,7,3,0,0,0,0,0,9,9,E01020634,3,1,0.0,1.0,-1,3,60,1,4,2,19:14,5,3,9
2023201412938,2023,201412938,2,1,1,1,23,5,3,0,0,0,0,0,9,8,E01010124,3,1,0.0,1.0,-1,6,30,1,1,1,15:31,3,2,9
2023302301207,2023,302301207,2,1,1,1,31,6,3,0,0,0,0,0,9,2,E01013581,-1,0,0.02565,0.97435,-1,6,30,1,1,1,21:12,5,2,9
2023430339671,2023,430339671,1,1,1,2,63,9,3,0,0,0,0,0,9,6,E01021117,-1,0,0.10252,0.89748,-1,6,60,1,1,1,10:28,2,2,9
2023340WN6772,2023,340WN6772,2,1,1,2,49,8,3,0,0,0,0,0,-1,1,E01027244,-1,0,0.04548,0.95452,-1,6,20,1,1,2,09:35,5,2,-1
2023122300255,2023,122300255,1,1,3,1,11,3,3,5,3,0,0,0,0,9,E01027845,-1,0,0.07699,0.92301,-1,6,30,1,6,1,19:30,3,1,9
2023430432344,2023,430432344,1,1,1,2,30,6,3,0,0,0,0,0,9,8,E01017931,-1,0,0.00503,0.99497,-1,6,60,1,1,1,08:05,3,2,9
2023461295335,2023,461295335,2,1,1,2,54,8,3,0,0,0,0,0,9,3,E01016030,3,1,0.0,1.0,-1,6,30,1,1,1,17:06,4,3,9
2023471389428,2023,471389428,1,2,2,2,54,8,2,0,0,1,0,0,9,7,E01022597,5,1,1.0,0.0,-1,6,40,1,1,2,15:05,1,2,9
2023010453681,2023,010453681,1,1,1,1,50,8,2,0,0,0,0,0,5,6,E01001415,-1,0,1.0,0.0,-1,6,30,1,1,1,08:15,6,2,5
2023411310956,2023,411310956,2,2,2,1,47,8,3,0,0,1,0,0,9,10,E01005413,3,1,0.0,1.0,-1,3,70,1,1,1,14:05,3,3,9
2023061358155,2023,061358155,1,1,3,1,12,3,2,5,2,0,0,0,0,6,E01005596,7,1,1.0,0.0,-1,6,30,1,1,1,14:00,4,1,9
2023471263352,2023,471263352,2,1,1,1,69,10,3,0,0,0,0,0,1,4,E01033329,3,1,0.0,1.0,-1,6,30,1,1,1,14:30,6,2,1
2023201338910,2023,201338910,1,1,1,-1,-1,-1,2,0,0,0,0,0,9,-1,-1,7,1,1.0,0.0,-1,6,30,1,1,1,06:03,2,1,9
2023201393331,2023,201393331,1,1,1,2,40,7,3,0,0,0,0,0,9,7,E01010024,3,1,0.0,1.0,-1,1,30,1,1,1,19:34,6,1,9
2023991353032,2023,991353032,1,1,2,2,75,10,3,0,0,0,1,0,11,2,-1,3,1,0.0,1.0,-1,6,30,1,1,1,12:02,3,1,11
2023430324684,2023,430324684,1,7,1,1,22,5,3,0,0,0,0,0,19,3,E01016465,-1,0,0.09119,0.90881,-1,6,60,1,1,1,17:28,6,6,19
2023010438199,2023,010438199,1,1,1,1,32,6,3,0,0,0,0,0,3,2,E01000223,-1,0,0.0,1.0,-1,7,20,1,1,1,17:20,3,2,3
2023010444441,2023,010444441,1,1,1,1,36,7,3,0,0,0,0,0,3,1,E01002036,-1,0,0.0,1.0,-1,2,20,1,1,1,15:00,2,2,3
2023070432980,2023,070432980,1,1,1,1,38,7,3,0,0,0,0,0,9,9,E01018377,-1,0,0.03665,0.96335,-1,3,70,1,1,1,18:28,1,2,9
2023361371776,2023,361371776,2,2,1,1,30,6,2,0,0,0,0,0,1,-1,-1,7,1,1.0,0.0,-1,6,30,1,1,1,14:33,3,2,1
2023041322917,2023,041322917,2,1,1,1,33,6,3,0,0,0,0,0,9,3,E01025076,3,1,0.0,1.0,-1,6,50,1,1,1,10:15,1,2,9
2023010435511,2023,010435511,1,1,2,2,67,10,3,0,0,0,3,0,11,3,E01001733,-1,0,0.0,1.0,-1,2,20,1,1,1,15:15,1,2,11
2023552300266,2023,552300266,1,1,1,1,14,3,2,0,0,0,0,0,1,8,E01020455,-1,0,1.0,0.0,-1,6,40,1,1,1,07:11,2,2,1
2023440407514,2023,440407514,1,1,1,1,31,6,3,0,0,0,0,0,4,8,E01022935,-1,0,0.18849,0.81151,-1,6,30,1,1,1,16:34,5,2,4