collision_index,collision_year,collision_ref_no,vehicle_reference,casualty_reference,casualty_class,sex_of_casualty,age_of_casualty,age_band_of_casualty,casualty_severity,pedestrian_location,pedestrian_movement,car_passenger,bus_or_coach_passenger,pedestrian_road_maintenance_worker,casualty_type,casualty_imd_decile,lsoa_of_casualty,enhanced_casualty_severity,casualty_injury_based,casualty_adjusted_severity_serious,casualty_adjusted_severity_slight,casualty_distance_banding,road_type,speed_limit,weather_conditions,light_conditions,road_surface_conditions,time,day_of_week,number_of_vehicles,vehicle_type
2023101315561,2023,101315561,2,1,1,2,18,4,3,0,0,0,0,0,9,9,E01027535,3,1,0.0,1.0,-1,3,50,1,1,1,12:00,2,2,9
2023451343486,2023,451343486,2,4,2,2,9,2,3,0,0,2,0,0,9,8,E01030908,3,1,0.0,1.0,-1,6,40,1,6,1,17:20,7,2,9
2023991306738,2023,991306738,1,2,1,1,50,8,3,0,0,0,0,0,9,4,-1,3,1,0.0,1.0,-1,6,50,1,1,1,14:38,6,2,9
2023010441958,2023,010441958,1,1,2,2,80,11,3,0,0,0,3,0,11,4,E01003900,-1,0,0.0,1.0,-1,6,20,1,1,1,11:34,3,1,11
2023201332600,2023,201332600,1,1,1,1,17,4,3,0,0,0,0,0,9,8,E01009730,3,1,0.0,1.0,-1,6,30,2,4,2,23:33,7,1,9
2023440458601,2023,440458601,1,1,1,2,63,9,3,0,0,0,0,0,9,10,E01023200,-1,0,0.01318,0.98682,-1,6,30,1,1,1,14:31,5,2,9
2023141351054,2023,141351054,1,1,3,1,25,5,2,5,9,0,0,0,0,1,E01007499,7,1,1.0,0.0,-1,7,70,1,6,1,05:15,2,1,9
2023622300074,2023,622300074,1,1,3,1,26,6,3,9,5,0,0,0,0,8,W01001125,-1,0,0.14736,0.85264,-1,6,40,1,4,4,19:06,2,1,9
2023010462083,2023,010462083,2,1,1,1,24,5,3,0,0,0,0,0,3,5,E01002395,-1,0,0.0,1.0,-1,6,20,1,1,1,14:50,4,2,3
2023061275200,2023,061275200,2,2,2,2,35,6,3,0,0,2,0,0,8,2,E01005563,3,1,0.0,1.0,-1,6,30,1,4,1,18:00,7,2,8
2023010476529,2023,010476529,1,1,1,2,46,8,3,0,0,0,0,0,9,9,E01004191,-1,0,0.0,1.0,-1,6,20,1,7,1,17:44,3,3,9
2023332300691,2023,332300691,2,2,1,2,48,8,3,0,0,0,0,0,9,1,E01009308,-1,0,0.03965,0.96035,-1,3,70,1,1,1,07:30,7,2,9
2023010430299,2023,010430299,1,1,3,1,26,6,3,6,9,0,0,0,0,3,E01000404,-1,0,0.0,1.0,-1,2,30,1,4,1,19:10,6,1,9
2023440239205,2023,440239205,1,1,3,2,10,2,3,1,4,0,0,0,0,3,E01032738,-1,0,0.13408,0.86592,-1,6,30,1,1,1,15:15,6,1,9
202360A122272,2023,60A122272,1,1,1,1,7,2,2,0,0,0,0,0,1,-1,-1,-1,0,1.0,0.0,-1,6,30,1,1,2,17:56,4,2,1
2023061371185,2023,061371185,1,2,2,1,17,4,3,0,0,1,0,0,9,1,E01004861,3,1,0.0,1.0,-1,6,30,2,4,2,17:15,6,2,9
2023440104667,2023,440104667,1,1,1,2,73,10,3,0,0,0,0,0,9,3,E01023055,-1,0,0.06093,0.93907,-1,6,30,1,4,1,20:00,4,2,9
2023201298309,2023,201298309,1,1,2,1,28,6,3,0,0,1,0,0,9,2,E01009044,3,1,0.0,1.0,-1,3,40,1,4,1,03:06,4,1,9
2023461265205,2023,461265205,1,1,1,1,62,9,3,0,0,0,0,0,9,7,E01024743,3,1,0.0,1.0,-1,6,60,1,1,2,07:54,4,2,9
2023461333997,2023,461333997,2,2,1,1,48,8,3,0,0,0,0,0,9,6,E01024428,3,1,0.0,1.0,-1,6,50,1,1,1,15:55,1,2,9
2023010472490,2023,010472490,1,1,3,2,16,4,2,6,9,0,0,0,0,2,E01000470,-1,0,1.0,0.0,-1,6,30,1,1,1,13:30,3,1,9
2023131298606,2023,131298606,1,1,1,1,14,3,3,0,0,0,0,0,1,1,E01010655,3,1,0.0,1.0,-1,6,30,1,1,1,15:10,4,2,1
2023061273037,2023,061273037,3,1,2,1,51,8,3,0,0,2,0,0,8,1,E01005194,3,1,0.0,1.0,-1,6,30,1,4,1,20:27,2,3,8
2023991340376,2023,991340376,1,3,1,1,79,11,3,0,0,0,0,0,9,-1,-1,3,1,0.0,1.0,-1,6,60,1,1,1,12:00,5,2,9
2023041283342,2023,041283342,2,1,1,2,31,6,3,0,0,0,0,0,9,1,E01025068,3,1,0.0,1.0,-1,6,30,2,1,2,08:14,2,2,9
2023201315435,2023,201315435,1,1,2,2,19,4,3,0,0,2,0,0,9,1,E01009359,3,1,0.0,1.0,-1,6,30,1,1,1,07:15,3,2,9
2023211368291,2023,211368291,1,1,2,2,56,9,3,0,0,2,0,0,9,-1,-1,3,1,0.0,1.0,-1,6,30,1,4,1,17:21,7,2,9
2023010446019,2023,010446019,1,1,1,2,44,7,3,0,0,0,0,0,9,2,E01001654,-1,0,0.0,1.0,-1,9,30,9,1,9,08:56,3,2,9
2023201303878,2023,201303878,1,3,2,1,20,4,3,0,0,1,0,0,9,-1,-1,3,1,0.0,1.0,-1,6,30,1,1,1,18:02,2,3,9
2023522401429,2023,522401429,3,1,1,1,53,8,3,0,0,0,0,0,9,9,E01014758,-1,0,0.02092,0.97908,-1,6,30,7,1,4,12:20,7,3,9
2023170S41863,2023,170S41863,2,1,1,2,38,7,3,0,0,0,0,0,1,-1,-1,-1,0,0.10394,0.89606,-1,6,30,1,4,1,20:10,4,2,1
2023430490310,2023,430490310,1,1,1,1,34,6,3,0,0,0,0,0,1,3,E01016377,-1,0,0.04821,0.95179,-1,6,30,1,1,1,15:10,3,2,1
2023371279784,2023,371279784,2,2,1,1,25,5,3,0,0,0,0,0,9,9,E01030268,3,1,0.0,1.0,-1,6,30,1,1,1,15:40,3,2,9
2023471346378,2023,471346378,2,2,1,2,28,6,3,0,0,0,0,0,9,6,E01024406,3,1,0.0,1.0,-1,6,60,1,1,1,09:00,4,2,9
2023052300229,2023,052300229,2,1,1,1,37,7,3,0,0,0,0,0,1,1,E01006430,-1,0,0.1081,0.8919,-1,6,30,1,1,1,14:45,2,2,1
2023231279205,2023,231279205,1,1,1,1,13,3,3,0,0,0,0,0,1,3,E01031081,3,1,0.0,1.0,-1,6,30,1,1,1,13:45,2,1,1
2023010446857,2023,010446857,1,2,2,-1,-1,-1,3,0,0,2,0,0,8,-1,-1,-1,0,0.0,1.0,-1,3,40,1,4,1,23:32,7,2,8
2023010439704,2023,010439704,1,1,3,1,19,4,3,5,3,0,0,0,0,2,E01000484,-1,0,0.0,1.0,-1,6,30,1,1,1,18:30,4,1,9
2023430204528,2023,430204528,1,1,3,1,55,8,3,5,9,0,0,0,0,-1,-1,-1,0,0.20652,0.79348,-1,6,30,1,7,1,01:30,2,1,19
2023010431349,2023,010431349,1,2,3,1,38,7,3,5,1,0,0,0,0,6,E01001040,-1,0,0.0,1.0,-1,6,20,5,1,2,08:30,6,1,8
2023101321078,2023,101321078,1,1,3,1,25,5,3,6,9,0,0,0,0,-1,-1,3,1,0.0,1.0,-1,6,20,2,1,2,13:35,3,1,11
2023010423618,2023,010423618,1,1,1,1,35,6,3,0,0,0,0,0,1,4,E01003447,-1,0,0.0,1.0,-1,6,30,1,1,9,07:52,5,2,1
2023991301991,2023,991301991,1,1,1,1,67,10,2,0,0,0,0,0,8,-1,-1,7,1,1.0,0.0,-1,6,30,1,1,2,06:32,6,2,8
2023052301234,2023,052301234,1,2,2,2,22,5,3,0,0,1,0,0,9,8,E01007268,-1,0,0.074,0.926,-1,6,30,1,4,1,21:51,1,2,9
2023320198815,2023,320198815,4,1,1,2,59,9,3,0,0,0,0,0,9,7,E01013289,-1,0,0.05481,0.94519,-1,6,50,1,1,1,13:30,1,5,9
2023421291066,2023,421291066,1,1,1,1,69,10,3,0,0,0,0,0,9,10,E01021896,3,1,0.0,1.0,-1,6,40,1,1,1,15:46,2,2,9
2023440266786,2023,440266786,1,1,1,1,19,4,2,0,0,0,0,0,9,8,E01031457,-1,0,1.0,0.0,-1,6,60,1,6,1,22:45,2,1,9
2023010466340,2023,010466340,1,1,3,1,36,7,3,5,3,0,0,0,0,5,E01001852,-1,0,0.0,1.0,-1,6,20,1,4,1,22:06,6,1,9
2023440219601,2023,440219601,1,1,3,1,56,9,3,4,3,0,0,0,0,7,E01022823,-1,0,0.13625,0.86375,-1,6,30,1,1,1,12:43,7,1,9
2023522324584,2023,522324584,2,1,1,1,26,6,2,0,0,0,0,0,1,6,E01014975,-1,0,1.0,0.0,-1,6,20,2,4,2,22:33,2,2,1
2023141316502,2023,141316502,2,1,1,2,22,5,3,0,0,0,0,0,9,1,E01007508,3,1,0.0,1.0,-1,6,30,1,6,1,19:55,4,3,9
2023991284010,2023,991284010,1,1,1,2,26,6,3,0,0,0,0,0,9,-1,-1,3,1,0.0,1.0,-1,3,70,3,1,3,07:30,3,1,9
2023320461454,2023,320461454,1,1,1,1,44,7,3,0,0,0,0,0,19,1,E01026308,-1,0,0.06123,0.93877,-1,3,70,1,1,1,08:50,4,2,19
2023111317436,2023,111317436,1,2,2,1,18,4,3,0,0,2,0,0,9,7,E01020710,3,1,0.0,1.0,-1,6,60,1,1,1,21:20,1,1,9
2023320150832,2023,320150832,1,4,2,1,18,4,3,0,0,2,0,0,9,8,E01013166,-1,0,0.14191,0.85809,-1,6,60,2,6,2,23:15,7,1,9
2023501309423,2023,501309423,1,2,2,2,20,4,3,0,0,1,0,0,9,6,E01018852,3,1,0.0,1.0,-1,6,60,1,6,1,22:15,5,1,9
2023552301014,2023,552301014,1,3,1,1,33,6,3,0,0,0,0,0,9,6,E01029228,-1,0,0.09427,0.90573,-1,6,40,2,1,2,14:46,1,3,9
2023622300262,2023,622300262,2,2,1,2,42,7,3,0,0,0,0,0,9,8,W01000704,-1,0,0.01401,0.98599,-1,6,60,1,1,1,08:19,4,4,9
2023010473391,2023,010473391,1,1,2,2,53,8,3,0,0,0,4,0,11,2,-1,-1,0,0.0,1.0,-1,2,20,1,1,1,12:06,1,2,11
2023010457152,2023,010457152,1,2,2,-1,-1,-1,3,0,0,1,0,0,9,2,E01002086,-1,0,0.0,1.0,-1,6,30,1,4,1,00:42,3,3,9
2023041271616,2023,041271616,2,1,1,2,63,9,3,0,0,0,0,0,9,7,E01025417,3,1,0.0,1.0,-1,6,60,2,1,2,11:53,7,2,9
2023361292567,2023,361292567,1,1,1,2,80,11,3,0,0,0,0,0,9,5,E01026767,3,1,0.0,1.0,-1,6,30,1,1,1,16:00,6,2,9
2023430403460,2023,430403460,1,1,1,1,39,7,3,0,0,0,0,0,9,3,E01017654,-1,0,0.01471,0.98529,-1,6,30,1,1,1,19:15,5,2,9
2023552301426,2023,552301426,2,3,2,2,18,4,3,0,0,1,0,0,9,7,E01020498,-1,0,0.02896,0.97104,-1,6,30,1,4,1,18:07,2,2,9
2023481356501,2023,481356501,1,1,1,2,27,6,3,0,0,0,0,0,1,-1,-1,3,1,0.0,1.0,-1,3,20,1,1,1,11:10,5,2,1
2023311268531,2023,311268531,2,1,1,1,45,7,3,0,0,0,0,0,1,10,E01013984,3,1,0.0,1.0,-1,1,30,1,1,1,08:00,5,2,1
2023070611712,2023,070611712,2,1,1,2,86,11,3,0,0,0,0,0,9,9,E01018339,-1,0,0.05552,0.94448,-1,6,30,1,1,1,13:40,6,2,9
2023141389819,2023,141389819,2,2,1,2,34,6,3,0,0,0,0,0,9,10,E01028097,3,1,0.0,1.0,-1,6,30,1,1,2,10:10,2,2,9
2023332301183,2023,332301183,1,1,1,2,19,4,3,0,0,0,0,0,9,3,E01013744,-1,0,0.00116,0.99884,-1,6,30,1,1,1,14:28,3,2,9
2023371349231,2023,371349231,1,2,2,1,71,10,3,0,0,1,0,0,9,-1,-1,3,1,0.0,1.0,-1,3,40,1,1,1,15:35,3,1,9
2023430193019,2023,430193019,1,1,1,1,37,7,3,0,0,0,0,0,9,4,E01016439,-1,0,0.0061,0.9939,-1,3,40,1,1,1,14:30,4,2,9
2023201411202,2023,201411202,1,1,1,1,35,6,3,0,0,0,0,0,9,6,E01010969,3,1,0.0,1.0,-1,3,60,2,1,2,12:00,3,1,9
2023440362291,2023,440362291,1,2,2,2,18,4,3,0,0,1,0,0,9,5,E01017013,-1,0,0.02009,0.97991,-1,3,70,1,1,1,12:40,4,3,9
2023010432587,2023,010432587,1,1,3,1,4,1,2,5,1,0,0,0,0,3,E01001004,-1,0,1.0,0.0,-1,6,30,1,1,1,15:50,5,1,9
2023010470491,2023,010470491,1,1,3,2,11,3,2,8,9,0,0,0,0,3,E01002568,-1,0,1.0,0.0,-1,6,30,1,1,1,16:17,6,1,19
2023991387282,2023,991387282,1,1,3,2,78,11,3,5,3,0,0,0,0,1,-1,3,1,0.0,1.0,-1,6,20,3,1,2,12:30,3,1,9
2023340NN3962,2023,340NN3962,2,1,1,1,30,6,2,0,0,0,0,0,1,2,E01027314,-1,0,1.0,0.0,-1,6,60,1,1,1,06:50,2,2,1
2023010458120,2023,010458120,1,1,1,1,50,8,3,0,0,0,0,0,3,5,E01000264,-1,0,0.0,1.0,-1,6,30,2,1,2,15:00,5,2,3
2023401331329,2023,401331329,2,2,1,1,23,5,2,0,0,0,0,0,9,8,E01017426,5,1,1.0,0.0,-1,6,30,1,1,1,08:05,1,2,9
2023471311575,2023,471311575,1,1,1,1,18,4,3,0,0,0,0,0,9,6,E01020959,3,1,0.0,1.0,-1,6,30,1,1,1,21:11,4,2,9
2023461269919,2023,461269919,1,2,2,2,28,6,3,0,0,0,0,0,11,-1,-1,3,1,0.0,1.0,-1,3,70,3,6,3,00:13,2,2,11
2023201355907,2023,201355907,1,1,1,1,24,5,2,0,0,0,0,0,-1,2,E01009385,6,1,1.0,0.0,-1,6,20,2,1,2,15:53,7,2,-1
2023041331184,2023,041331184,2,2,2,2,55,8,2,0,0,1,0,0,9,4,E01025452,7,1,1.0,0.0,-1,6,30,1,1,1,15:58,4,2,9
2023141391522,2023,141391522,1,1,2,2,14,3,3,0,0,1,0,0,9,2,E01007651,3,1,0.0,1.0,-1,7,40,1,4,1,16:30,6,2,9
2023311388432,2023,311388432,2,2,2,2,33,6,3,0,0,1,0,0,9,-1,-1,3,1,0.0,1.0,-1,3,70,1,6,1,16:36,5,3,9
2023461352315,2023,461352315,2,1,1,1,40,7,3,0,0,0,0,0,9,5,E01024842,3,1,0.0,1.0,-1,6,40,1,1,1,12:10,5,3,9
2023070554372,2023,070554372,1,1,1,1,38,7,2,0,0,0,0,0,1,5,E01018733,-1,0,1.0,0.0,-1,3,70,1,1,1,14:27,6,2,1
2023010453692,2023,010453692,1,1,1,2,19,4,3,0,0,0,0,0,3,1,E01002040,-1,0,0.0,1.0,-1,2,20,1,1,9,13:30,5,2,3
2023041332514,2023,041332514,2,1,2,2,12,3,3,0,0,2,0,0,9,2,E01025247,3,1,0.0,1.0,-1,6,60,2,1,2,16:30,7,2,9
2023061263936,2023,061263936,1,2,2,1,17,4,3,0,0,1,0,0,9,7,E01005778,3,1,0.0,1.0,-1,3,30,1,1,2,12:15,2,1,9
2023201370104,2023,201370104,2,2,1,1,25,5,3,0,0,0,0,0,9,1,E01033639,3,1,0.0,1.0,-1,6,30,1,1,1,17:15,3,2,9
2023320733490,2023,320733490,1,3,2,2,17,4,3,0,0,2,0,0,9,5,E01026361,-1,0,0.11125,0.88875,-1,6,60,2,6,2,20:10,2,1,9
2023340WN6212,2023,340WN6212,2,1,1,1,29,6,3,0,0,0,0,0,9,1,E01027199,-1,0,0.05559,0.94441,-1,6,40,1,1,2,12:03,1,2,9
2023351363858,2023,351363858,4,3,1,2,34,6,3,0,0,0,0,0,9,9,E01018298,3,1,0.0,1.0,-1,6,60,1,1,1,18:01,2,4,9
2023421376602,2023,421376602,1,2,1,2,73,10,3,0,0,0,0,0,9,9,E01021692,3,1,0.0,1.0,-1,6,30,1,1,1,11:09,2,2,9
2023501393086,2023,501393086,2,1,2,2,84,11,3,0,0,1,0,0,9,8,E01015119,3,1,0.0,1.0,-1,3,30,1,1,1,11:48,6,2,9
2023361330216,2023,361330216,1,5,2,2,34,6,3,0,0,1,0,0,9,4,E01028366,3,1,0.0,1.0,-1,6,60,2,1,2,13:22,2,2,9
2023371357624,2023,371357624,1,1,1,2,27,6,2,0,0,0,0,0,9,6,E01033049,7,1,1.0,0.0,-1,6,40,1,1,2,09:08,6,2,9
2023522300535,2023,522300535,3,3,1,1,32,6,3,0,0,0,0,0,9,9,E01014943,-1,0,0.00828,0.99172,-1,1,40,1,1,2,09:15,3,3,9
2023201393303,2023,201393303,2,1,1,1,35,6,2,0,0,0,0,0,19,2,E01009753,7,1,1.0,0.0,-1,1,40,1,1,1,15:25,2,2,19
2023010447889,2023,010447889,1,1,3,1,8,2,2,1,1,0,0,0,0,9,E01000208,-1,0,1.0,0.0,-1,7,30,1,1,1,09:10,6,1,9
2023231313424,2023,231313424,2,1,1,1,28,6,3,0,0,0,0,0,1,-1,-1,3,1,0.0,1.0,-1,6,30,1,1,1,08:10,6,3,1
2023010484153,2023,010484153,1,1,1,1,24,5,3,0,0,0,0,0,3,4,E01003608,-1,0,0.0,1.0,-1,6,30,2,4,2,20:30,4,2,3
2023221363496,2023,221363496,2,1,1,2,29,6,3,0,0,0,0,0,9,6,E01032199,3,1,0.0,1.0,-1,6,50,1,1,1,16:30,5,2,9
2023451318277,2023,451318277,2,1,1,1,41,7,3,0,0,0,0,0,9,4,E01016481,3,1,0.0,1.0,-1,3,50,1,1,1,17:52,3,4,9
2023522400091,2023,522400091,1,1,3,1,37,7,3,5,3,0,0,0,0,4,E01020030,-1,0,0.14697,0.85303,-1,6,20,1,4,1,22:45,7,1,9
2023471302463,2023,471302463,1,1,1,1,52,8,2,0,0,0,0,0,5,6,E01024260,7,1,1.0,0.0,-1,6,60,1,1,1,12:51,1,3,5
2023061301319,2023,061301319,2,1,1,2,56,9,3,0,0,0,0,0,9,5,E01006013,3,1,0.0,1.0,-1,6,30,1,1,1,17:03,4,2,9
2023221354314,2023,221354314,2,2,1,2,45,7,2,0,0,0,0,0,9,4,E01014122,5,1,1.0,0.0,-1,6,60,1,1,1,11:20,5,2,9
2023401362467,2023,401362467,1,1,1,2,21,5,3,0,0,0,0,0,9,10,E01023698,3,1,0.0,1.0,-1,6,60,1,1,-1,20:01,1,2,9
2023991297083,2023,991297083,1,1,1,1,45,7,3,0,0,0,0,0,9,-1,-1,3,1,0.0,1.0,-1,6,30,1,4,2,00:30,1,2,9
2023991378232,2023,991378232,1,1,3,1,12,3,3,5,2,0,0,0,0,-1,-1,3,1,0.0,1.0,-1,6,20,1,1,1,15:50,5,1,9
2023522300129,2023,522300129,1,1,1,1,31,6,3,0,0,0,0,0,4,1,E01033358,-1,0,0.03392,0.96608,-1,6,20,9,1,-1,12:40,4,2,4
2023070230100,2023,070230100,2,2,2,2,43,7,3,0,0,1,0,0,9,4,E01005816,-1,0,0.00917,0.99083,-1,3,50,1,1,1,13:45,7,2,9
2023430368478,2023,430368478,1,1,2,9,71,10,3,0,0,1,0,0,9,8,E01016192,-1,0,0.00387,0.99613,-1,6,30,1,1,1,16:10,4,2,9
2023471333135,2023,471333135,2,1,1,1,68,10,3,0,0,0,0,0,9,-1,-1,3,1,0.0,1.0,-1,3,60,1,1,1,14:35,5,2,9
2023501358486,2023,501358486,1,1,1,1,23,5,3,0,0,0,0,0,9,8,E01026542,3,1,0.0,1.0,-1,6,60,1,1,2,12:35,1,2,9
2023440352540,2023,440352540,2,2,1,1,41,7,3,0,0,0,0,0,19,6,E01022716,-1,0,0.05903,0.94097,-1,6,30,2,1,2,11:22,5,3,19
2023010443500,2023,010443500,1,1,1,1,40,7,3,0,0,0,0,0,1,3,E01001109,-1,0,0.0,1.0,-1,6,20,1,1,1,07:00,4,2,1
2023351320857,2023,351320857,2,1,1,2,25,5,3,0,0,0,0,0,1,8,E01017983,3,1,0.0,1.0,-1,6,30,1,1,1,15:30,7,2,1
2023461345409,2023,461345409,1,1,1,1,40,7,3,0,0,0,0,0,1,8,E01024527,3,1,0.0,1.0,-1,6,30,1,1,1,09:28,1,2,1
2023351310871,2023,351310871,2,1,1,1,57,9,3,0,0,0,0,0,4,-1,-1,3,1,0.0,1.0,-1,6,40,1,1,1,13:50,1,2,4
2023041341634,2023,041341634,2,1,1,1,75,10,2,0,0,0,0,0,9,1,E01012641,6,1,1.0,0.0,-1,6,30,2,1,2,17:20,2,2,9
2023052300767,2023,052300767,1,1,1,2,26,6,3,0,0,0,0,0,9,1,E01006458,-1,0,0.03259,0.96741,-1,3,30,2,1,2,06:22,6,2,9
2023631330765,2023,631330765,1,1,1,2,38,7,2,0,0,0,0,0,9,7,W01000442,5,1,1.0,0.0,-1,6,60,2,1,2,07:30,1,1,9
2023351306606,2023,351306606,2,1,1,1,33,6,3,0,0,0,0,0,-1,2,E01017946,3,1,0.0,1.0,-1,1,30,1,1,1,09:50,3,2,-1
2023010440985,2023,010440985,1,1,1,2,18,4,3,0,0,0,0,0,1,7,E01000845,-1,0,0.0,1.0,-1,6,20,1,4,1,20:30,4,1,1
2023010461978,2023,010461978,1,1,1,1,36,7,3,0,0,0,0,0,1,5,E01030814,-1,0,0.0,1.0,-1,6,20,1,1,1,17:30,3,2,1
2023531326341,2023,531326341,1,2,2,2,56,9,2,0,0,0,0,0,5,5,E01022435,6,1,1.0,0.0,-1,6,60,1,6,1,21:00,5,2,5
2023122300545,2023,122300545,2,1,2,2,64,9,3,0,0,1,0,0,9,10,E01027402,-1,0,0.07829,0.92171,-1,6,60,2,6,1,18:09,4,2,9
2023451316418,2023,451316418,2,2,1,1,31,6,3,0,0,0,0,0,19,4,E01030433,3,1,0.0,1.0,-1,6,40,1,1,1,08:25,5,3,19
2023320502709,2023,320502709,1,1,1,1,23,5,3,0,0,0,0,0,9,2,E01026111,-1,0,0.05252,0.94748,-1,6,40,2,1,2,06:55,2,2,9
2023332300098,2023,332300098,2,1,2,1,24,5,3,0,0,1,0,0,9,8,E01032865,-1,0,0.0127,0.9873,-1,1,30,1,4,1,18:22,4,2,9
2023351309227,2023,351309227,2,4,2,2,47,8,3,0,0,2,0,0,9,9,E01018032,3,1,0.0,1.0,-1,6,50,1,1,2,10:36,5,2,9
2023501279825,2023,501279825,2,1,1,2,39,7,3,0,0,0,0,0,9,8,E01020035,3,1,0.0,1.0,-1,3,50,1,1,2,08:07,4,2,9
2023501389168,2023,501389168,1,1,1,1,65,9,3,0,0,0,0,0,9,2,E01015157,3,1,0.0,1.0,-1,3,60,1,6,2,18:20,7,2,9
2023991347619,2023,991347619,2,2,1,2,39,7,2,0,0,0,0,0,9,9,-1,7,1,1.0,0.0,-1,1,40,1,1,2,10:40,6,2,9
2023010449195,2023,010449195,2,1,1,2,43,7,3,0,0,0,0,0,1,4,E01000478,-1,0,0.0,1.0,-1,6,20,1,1,1,08:50,5,3,1
2023501276784,2023,501276784,2,2,1,2,58,9,3,0,0,0,0,0,1,5,E01018904,3,1,0.0,1.0,-1,6,60,1,4,1,20:45,2,2,1
2023501264358,2023,501264358,2,2,2,1,13,3,3,0,0,-1,0,0,9,2,E01019076,3,1,0.0,1.0,-1,1,30,9,1,-1,08:30,3,2,9
202354B543723,2023,54B543723,1,1,1,1,18,4,3,0,0,0,0,0,9,9,E01031863,-1,0,0.05413,0.94587,-1,6,40,2,4,2,20:34,3,2,9
2023041314845,2023,041314845,1,1,1,1,85,11,2,0,0,0,0,0,5,10,E01030779,5,1,1.0,0.0,-1,3,50,1,1,1,12:27,7,2,5
2023311339366,2023,311339366,2,1,1,2,35,6,3,0,0,0,0,0,9,9,E01033391,3,1,0.0,1.0,-1,6,40,1,1,1,08:59,3,2,9
2023501346755,2023,501346755,1,1,1,1,29,6,3,0,0,0,0,0,21,4,E01032673,3,1,0.0,1.0,-1,6,60,1,1,1,09:17,4,1,21
2023622300599,2023,622300599,2,2,1,2,56,9,2,0,0,0,0,0,9,1,W01001207,-1,0,1.0,0.0,-1,6,40,1,1,2,14:31,1,3,9
2023991378922,2023,991378922,2,1,1,1,50,8,3,0,0,0,0,0,9,3,-1,3,1,0.0,1.0,-1,3,30,1,4,1,20:15,3,2,9
2023111273861,2023,111273861,2,1,1,1,60,9,3,0,0,0,0,0,9,6,E01020642,3,1,0.0,1.0,-1,6,30,1,1,1,14:00,5,2,9
2023131302669,2023,131302669,1,2,2,1,26,6,2,0,0,1,0,0,9,4,E01011727,7,1,1.0,0.0,-1,6,50,1,4,1,22:34,2,2,9
2023201403645,2023,201403645,2,1,1,2,20,4,3,0,0,0,0,0,9,5,E01008888,3,1,0.0,1.0,-1,6,30,1,1,1,16:30,5,3,9
2023311343847,2023,311343847,1,3,1,2,23,5,3,0,0,0,0,0,9,7,E01028290,3,1,0.0,1.0,-1,6,40,8,1,1,10:12,2,3,9
202360A093497,2023,60A093497,1,1,2,1,17,4,3,0,0,1,0,0,9,-1,-1,-1,0,0.14199,0.85801,-1,6,60,1,1,1,18:57,6,2,9
2023211341475,2023,211341475,2,1,1,2,48,8,3,0,0,0,0,0,1,7,E01029618,3,1,0.0,1.0,-1,6,30,2,1,2,12:49,2,2,1
2023201411529,2023,201411529,1,4,2,1,1,1,3,0,0,-1,0,0,9,-1,-1,3,1,0.0,1.0,-1,6,30,2,1,2,14:52,6,3,9
2023991266021,2023,991266021,1,1,2,1,19,4,3,0,0,1,0,0,9,6,-1,3,1,0.0,1.0,-1,6,60,1,6,4,19:54,4,1,9
2023231313162,2023,231313162,1,1,1,2,54,8,2,0,0,0,0,0,9,1,E01031043,7,1,1.0,0.0,-1,6,50,1,1,2,13:37,7,1,9
2023010470333,2023,010470333,2,1,1,1,53,8,3,0,0,0,0,0,5,5,E01000825,-1,0,0.0,1.0,-1,6,30,1,1,1,07:40,6,2,5
2023221343249,2023,221343249,1,1,3,1,7,2,3,5,2,0,0,0,0,2,E01032481,3,1,0.0,1.0,-1,6,30,1,1,1,17:56,5,1,9
2023010479360,2023,010479360,1,1,3,1,48,8,3,1,1,0,0,0,0,5,E01004521,-1,0,0.0,1.0,-1,6,20,1,4,1,17:26,3,1,3
2023320500225,2023,320500225,1,1,1,1,37,7,2,0,0,0,0,0,5,3,E01026663,-1,0,1.0,0.0,-1,6,60,1,1,1,18:00,7,1,5
2023531280617,2023,531280617,1,1,1,1,33,6,2,0,0,0,0,0,5,9,E01014908,7,1,1.0,0.0,-1,1,60,1,1,1,09:45,6,2,5
2023520000785,2023,520000785,1,1,1,1,19,4,3,0,0,0,0,0,9,7,E01030530,-1,0,0.06055,0.93945,-1,6,20,1,4,1,04:30,1,1,9
2023991291427,2023,991291427,1,1,3,1,77,11,2,1,1,0,0,0,0,2,-1,7,1,1.0,0.0,-1,6,20,2,1,2,10:00,3,1,9
2023010455313,2023,010455313,1,1,1,2,26,6,3,0,0,0,0,0,1,3,E01000642,-1,0,0.0,1.0,-1,6,30,2,1,2,18:00,6,2,1
2023161267599,2023,161267599,2,1,1,1,8,2,3,0,0,0,0,0,1,3,E01012817,3,1,0.0,1.0,-1,3,30,1,4,2,19:05,3,2,1
2023071084108,2023,071084108,2,1,1,1,57,9,3,0,0,0,0,0,5,10,E01018468,-1,0,0.14811,0.85189,-1,6,30,1,1,1,14:29,4,2,5
2023302300515,2023,302300515,2,1,1,2,29,6,3,0,0,0,0,0,9,-1,-1,-1,0,0.07419,0.92581,-1,6,50,1,1,1,16:55,7,3,9
202354C573523,2023,54C573523,2,2,1,2,59,9,3,0,0,0,0,0,9,9,E01015504,-1,0,0.00892,0.99108,-1,6,30,2,1,2,13:00,2,2,9