collision_index,collision_year,collision_ref_no,vehicle_reference,casualty_reference,casualty_class,sex_of_casualty,age_of_casualty,age_band_of_casualty,casualty_severity,pedestrian_location,pedestrian_movement,car_passenger,bus_or_coach_passenger,pedestrian_road_maintenance_worker,casualty_type,casualty_imd_decile,lsoa_of_casualty,enhanced_casualty_severity,casualty_injury_based,casualty_adjusted_severity_serious,casualty_adjusted_severity_slight,casualty_distance_banding,road_type,speed_limit,weather_conditions,light_conditions,road_surface_conditions,time,day_of_week,number_of_vehicles,vehicle_type
2023070197223,2023,070197223,2,4,2,1,66,10,3,0,0,2,0,0,10,2,E01029560,-1,0,0.07391,0.92609,-1,3,70,1,6,1,02:04,4,2,10
2023543765923,2023,543765923,1,1,3,1,49,8,2,5,1,0,0,0,0,2,E01015528,-1,0,1.0,0.0,-1,6,20,4,1,1,14:50,2,1,9
2023161303395,2023,161303395,1,1,1,1,15,3,3,0,0,0,0,0,1,1,E01012893,3,1,0.0,1.0,-1,6,30,1,1,1,09:14,3,2,1
2023161310976,2023,161310976,2,1,1,1,35,6,1,0,0,0,0,0,1,3,E01013233,1,1,0.0,0.0,-1,6,30,1,1,1,17:09,1,2,1
2023010452548,2023,010452548,1,1,1,2,26,6,3,0,0,0,0,0,9,1,E01000868,-1,0,0.0,1.0,-1,6,20,1,1,1,19:29,6,2,9
2023052300599,2023,052300599,2,2,2,1,18,4,3,0,0,1,0,0,9,1,E01007120,-1,0,0.00156,0.99844,-1,1,30,3,1,3,08:30,6,2,9
2023351315054,2023,351315054,2,3,2,1,29,6,3,0,0,1,0,0,9,1,E01015603,3,1,0.0,1.0,-1,1,40,1,1,1,18:28,4,2,9
2023471307064,2023,471307064,1,1,1,1,61,9,2,0,0,0,0,0,21,3,E01031441,6,1,1.0,0.0,-1,6,30,1,1,1,07:35,4,1,21
2023440008669,2023,440008669,1,1,1,1,39,7,3,0,0,0,0,0,1,4,E01017058,-1,0,0.12655,0.87345,-1,6,30,1,4,2,17:40,6,2,1
2023101324934,2023,101324934,2,1,1,1,66,10,3,0,0,0,0,0,9,1,E01008800,3,1,0.0,1.0,-1,6,20,1,1,1,17:45,4,2,9
2023131295565,2023,131295565,2,1,1,2,43,7,2,0,0,0,0,0,9,2,E01010942,6,1,1.0,0.0,-1,3,30,2,1,2,16:35,3,2,9
2023010455000,2023,010455000,1,1,1,1,67,10,2,0,0,0,0,0,1,2,E01003093,-1,0,1.0,0.0,-1,9,20,1,1,1,10:00,6,2,1
2023010485225,2023,010485225,1,1,1,1,52,8,3,0,0,0,0,0,5,7,E01002111,-1,0,0.0,1.0,-1,6,30,1,1,1,14:21,4,2,5
2023320202393,2023,320202393,2,1,1,2,69,10,3,0,0,0,0,0,9,9,E01026320,-1,0,0.0493,0.9507,-1,6,30,1,1,1,16:10,4,2,9
2023332300513,2023,332300513,1,1,1,2,32,6,3,0,0,0,0,0,9,7,E01025941,-1,0,0.0035,0.9965,-1,6,30,1,1,1,09:21,5,2,9
2023351267457,2023,351267457,2,2,1,2,36,7,3,0,0,0,0,0,9,2,E01026633,3,1,0.0,1.0,-1,6,60,4,1,2,14:15,5,3,9
2023471358365,2023,471358365,1,2,1,2,20,4,3,0,0,0,0,0,9,6,E01021145,3,1,0.0,1.0,-1,6,60,7,1,1,07:57,2,2,9
2023131371567,2023,131371567,2,1,1,1,40,7,2,0,0,0,0,0,1,4,E01011314,7,1,1.0,0.0,-1,1,40,1,1,2,08:42,3,2,1
2023552300814,2023,552300814,2,1,1,1,12,3,3,0,0,0,0,0,1,6,E01020471,-1,0,0.07659,0.92341,-1,6,40,1,1,1,15:35,4,2,1
2023010448480,2023,010448480,1,1,1,1,31,6,3,0,0,0,0,0,3,10,E01030392,-1,0,0.0,1.0,-1,6,30,9,1,9,19:00,5,2,3
2023411379006,2023,411379006,1,1,1,1,19,4,1,0,0,0,0,0,5,2,E01017117,1,1,0.0,0.0,-1,3,40,1,1,1,20:00,7,2,5
2023041371715,2023,041371715,3,3,1,1,33,6,3,0,0,0,0,0,9,5,E01004779,3,1,0.0,1.0,-1,3,70,1,1,2,08:00,3,4,9
2023141268578,2023,141268578,1,1,2,1,16,4,3,0,0,2,0,0,9,5,E01007803,3,1,0.0,1.0,-1,6,60,1,6,2,19:50,5,1,9
2023302300200,2023,302300200,2,1,1,2,46,8,3,0,0,0,0,0,9,5,E01029433,-1,0,0.0077,0.9923,-1,1,50,1,4,2,18:20,5,2,9
2023451373557,2023,451373557,1,1,1,1,54,8,3,0,0,0,0,0,9,5,E01031583,3,1,0.0,1.0,-1,6,40,1,1,1,11:25,7,2,9
2023991279746,2023,991279746,1,1,1,1,57,9,3,0,0,0,0,0,19,3,-1,3,1,0.0,1.0,-1,3,70,1,1,1,09:55,5,2,19
2023461362999,2023,461362999,2,1,1,1,82,11,3,0,0,0,0,0,9,8,E01024772,3,1,0.0,1.0,-1,6,30,1,1,1,09:11,3,2,9
2023361334583,2023,361334583,1,1,3,1,33,6,3,1,9,0,0,0,0,8,E01026840,3,1,0.0,1.0,-1,3,30,1,1,1,17:03,3,2,-1
2023161319204,2023,161319204,2,1,1,1,46,8,3,0,0,0,0,0,1,-1,-1,3,1,0.0,1.0,-1,6,30,1,1,1,11:00,5,2,1
2023010439840,2023,010439840,1,1,1,1,29,6,3,0,0,0,0,0,3,4,E01003513,-1,0,0.0,1.0,-1,9,20,1,4,1,22:50,4,2,3
2023141348042,2023,141348042,1,1,3,2,-1,-1,2,1,1,0,0,0,0,-1,-1,5,1,1.0,0.0,-1,6,30,1,4,1,23:20,7,1,9
2023201410754,2023,201410754,1,1,1,2,34,6,3,0,0,0,0,0,9,3,E01009209,3,1,0.0,1.0,-1,1,30,1,1,1,08:30,3,2,9
2023461300531,2023,461300531,1,1,1,1,28,6,2,0,0,0,0,0,9,5,E01003638,7,1,1.0,0.0,-1,3,70,1,6,2,21:04,1,1,9
2023461301540,2023,461301540,1,2,2,1,15,3,2,0,0,2,0,0,9,10,E01032826,6,1,1.0,0.0,-1,6,50,1,6,1,19:44,5,2,9
2023522301330,2023,522301330,1,1,1,1,19,4,3,0,0,0,0,0,9,5,E01014925,-1,0,0.02458,0.97542,-1,1,20,5,4,2,21:38,3,2,9
2023991302423,2023,991302423,1,2,2,1,72,10,3,0,0,1,0,0,9,5,-1,3,1,0.0,1.0,-1,6,60,2,1,2,11:00,1,2,9
2023991377851,2023,991377851,2,2,1,1,43,7,3,0,0,0,0,0,9,-1,-1,3,1,0.0,1.0,-1,1,30,2,4,2,19:00,2,2,9
2023991392277,2023,991392277,2,1,2,1,57,9,3,0,0,1,0,0,9,-1,-1,3,1,0.0,1.0,-1,3,70,1,6,2,17:35,3,2,9
2023010431776,2023,010431776,1,1,2,2,46,8,3,0,0,0,4,0,11,3,E01004020,-1,0,0.0,1.0,-1,3,20,1,1,1,12:05,1,2,11
2023061340026,2023,061340026,2,1,2,1,58,9,3,0,0,0,0,0,19,1,E01005386,3,1,0.0,1.0,-1,6,30,1,1,1,19:08,3,3,19
2023070488111,2023,070488111,2,1,1,1,37,7,3,0,0,0,0,0,19,8,E01012565,-1,0,0.01053,0.98947,-1,1,30,1,1,1,17:50,2,2,19
2023501289845,2023,501289845,2,1,1,1,59,9,3,0,0,0,0,0,5,6,E01020304,3,1,0.0,1.0,-1,6,60,1,1,1,09:50,5,2,5
2023361329391,2023,361329391,2,1,1,1,56,9,3,0,0,0,0,0,1,8,E01026691,3,1,0.0,1.0,-1,3,30,1,1,1,07:03,1,2,1
2023461318146,2023,461318146,1,1,1,1,56,9,3,0,0,0,0,0,1,7,E01032820,3,1,0.0,1.0,-1,6,40,1,1,1,10:50,2,2,1
2023010457257,2023,010457257,1,1,1,1,27,6,3,0,0,0,0,0,3,4,E01002583,-1,0,0.0,1.0,-1,6,20,1,4,1,00:52,4,3,3
2023311377337,2023,311377337,2,2,2,2,31,6,3,0,0,1,0,0,9,1,E01013533,3,1,0.0,1.0,-1,6,30,1,4,1,22:47,3,2,9
2023401306107,2023,401306107,1,2,2,1,30,6,2,0,0,2,0,0,9,-1,-1,7,1,1.0,0.0,-1,1,40,1,4,1,02:30,7,1,9
202360A187464,2023,60A187464,1,1,1,1,61,9,3,0,0,0,0,0,9,-1,-1,-1,0,0.16418,0.83582,-1,3,70,2,6,2,01:39,2,1,9
2023451306353,2023,451306353,2,1,3,1,18,4,3,9,8,0,0,0,0,10,E01022865,3,1,0.0,1.0,-1,6,30,1,1,1,11:25,3,1,9
2023010457519,2023,010457519,2,1,2,2,60,9,3,0,0,0,3,0,11,1,E01003184,-1,0,0.0,1.0,-1,6,20,1,1,1,12:50,5,2,11
2023430304092,2023,430304092,1,1,1,1,12,3,3,0,0,0,0,0,1,3,E01028516,-1,0,0.13659,0.86341,-1,6,30,1,1,1,20:50,2,2,1
2023010430334,2023,010430334,1,1,1,2,34,6,2,0,0,0,0,0,9,2,E01004570,-1,0,1.0,0.0,-1,3,30,1,7,1,02:45,7,2,9
2023131343455,2023,131343455,1,2,1,1,50,8,2,0,0,0,0,0,9,9,E01011566,7,1,1.0,0.0,-1,6,30,1,4,2,04:11,7,2,9
2023351287430,2023,351287430,1,1,1,2,73,10,3,0,0,0,0,0,9,5,E01018214,3,1,0.0,1.0,-1,6,30,2,1,2,12:45,2,2,9
2023010427986,2023,010427986,1,1,3,2,43,7,3,7,9,0,0,0,0,6,E01001064,-1,0,0.0,1.0,-1,3,30,1,1,1,10:41,1,1,9
2023101414138,2023,101414138,1,1,3,2,78,11,3,5,3,0,0,0,0,7,E01008558,3,1,0.0,1.0,-1,6,30,1,4,1,16:49,6,1,9
2023421334162,2023,421334162,1,1,3,2,62,9,3,10,3,0,0,0,0,3,E01021871,3,1,0.0,1.0,-1,6,30,1,1,1,15:45,5,1,9
2023010476365,2023,010476365,2,1,1,1,38,7,3,0,0,0,0,0,1,4,E01001247,-1,0,0.0,1.0,-1,1,20,1,1,1,07:03,3,2,1
2023041361771,2023,041361771,3,2,1,1,56,9,3,0,0,0,0,0,9,10,E01025332,3,1,0.0,1.0,-1,6,30,1,1,1,17:30,3,5,9
2023440406642,2023,440406642,1,1,1,1,53,8,3,0,0,0,0,0,19,4,E01023083,-1,0,0.07189,0.92811,-1,6,30,1,1,1,08:45,5,2,19
2023010445134,2023,010445134,1,1,2,1,26,6,2,0,0,0,3,0,11,5,E01001718,-1,0,1.0,0.0,-1,6,20,1,4,1,04:25,6,1,11
2023131312255,2023,131312255,1,1,1,1,23,5,2,0,0,0,0,0,9,-1,-1,5,1,1.0,0.0,-1,3,70,1,1,1,05:07,1,1,9
2023231368805,2023,231368805,1,1,1,1,46,8,3,0,0,0,0,0,9,7,E01009707,3,1,0.0,1.0,-1,6,30,1,1,1,17:30,1,2,9
2023421258725,2023,421258725,2,1,1,2,35,6,3,0,0,0,0,0,9,-1,-1,3,1,0.0,1.0,-1,3,40,1,4,1,16:41,1,2,9
2023451389444,2023,451389444,1,1,1,2,41,7,3,0,0,0,0,0,9,10,E01022518,3,1,0.0,1.0,-1,3,70,1,1,1,14:12,1,3,9
2023501341278,2023,501341278,2,2,2,2,52,8,3,0,0,1,0,0,9,8,E01020306,3,1,0.0,1.0,-1,6,30,2,1,2,19:30,1,2,9
2023131310914,2023,131310914,2,1,1,1,44,7,3,0,0,0,0,0,9,5,E01010678,3,1,0.0,1.0,-1,6,30,8,1,1,08:55,4,2,9
2023170M10213,2023,170M10213,2,1,1,1,44,7,3,0,0,0,0,0,9,1,E01012027,-1,0,0.03966,0.96034,-1,6,30,1,1,2,08:47,2,2,9
2023201453260,2023,201453260,1,1,1,1,20,4,3,0,0,0,0,0,9,1,E01009323,3,1,0.0,1.0,-1,6,30,2,4,2,21:13,7,2,9
2023421375356,2023,421375356,3,2,1,1,33,6,3,0,0,0,0,0,9,9,E01021745,3,1,0.0,1.0,-1,3,40,8,4,1,22:15,7,2,9
2023552300904,2023,552300904,1,1,1,1,72,10,3,0,0,0,0,0,9,7,E01020465,-1,0,0.11555,0.88445,-1,6,60,1,1,1,15:06,6,2,9
2023131317797,2023,131317797,1,1,3,2,51,8,2,8,2,0,0,2,0,2,E01011232,7,1,1.0,0.0,-1,6,30,1,1,1,15:50,2,1,9
2023430196862,2023,430196862,1,1,3,2,53,8,2,6,9,0,0,0,0,10,E01028662,-1,0,1.0,0.0,-1,6,30,1,6,1,22:56,6,3,19
2023520301650,2023,520301650,1,1,3,2,51,8,2,6,9,0,0,0,0,7,E01004730,-1,0,1.0,0.0,-1,6,30,1,7,1,19:17,1,1,9
2023010445734,2023,010445734,2,1,1,1,16,4,3,0,0,0,0,0,1,5,E01000567,-1,0,0.0,1.0,-1,6,30,2,1,1,17:06,1,2,1
2023440365583,2023,440365583,1,1,1,1,16,4,3,0,0,0,0,0,2,5,E01017013,-1,0,0.18933,0.81067,-1,6,30,1,1,1,12:39,6,2,2
2023131347659,2023,131347659,1,1,1,2,52,8,2,0,0,0,0,0,9,9,E01011306,5,1,1.0,0.0,-1,6,60,1,1,1,13:54,6,2,9
2023231344225,2023,231344225,1,2,2,1,20,4,3,0,0,1,0,0,9,1,E01027177,3,1,0.0,1.0,-1,3,70,2,6,2,23:55,4,1,9
2023302301544,2023,302301544,1,1,1,2,37,7,2,0,0,0,0,0,9,2,E01027341,-1,0,1.0,0.0,-1,6,50,1,1,1,16:24,1,3,9
2023201384049,2023,201384049,1,1,3,2,32,6,3,5,1,0,0,2,0,4,E01029851,3,1,0.0,1.0,-1,6,30,8,4,2,07:35,3,1,9
2023320484131,2023,320484131,1,1,3,2,76,11,2,8,8,0,0,0,0,4,E01026268,-1,0,1.0,0.0,-1,2,30,9,1,1,09:30,7,1,22
2023010452272,2023,010452272,1,1,1,1,30,6,3,0,0,0,0,0,1,1,E01001765,-1,0,0.0,1.0,-1,6,20,2,1,2,08:20,5,2,1
2023010442699,2023,010442699,1,1,1,2,25,5,2,0,0,0,0,0,3,-1,-1,-1,0,1.0,0.0,-1,6,30,1,4,1,00:10,7,2,3
2023010434613,2023,010434613,1,1,1,1,35,6,3,0,0,0,0,0,9,8,E01002975,-1,0,0.0,1.0,-1,6,20,1,1,2,12:50,1,2,9
2023122301128,2023,122301128,2,2,2,2,29,6,3,0,0,1,0,0,9,7,E01033394,-1,0,0.01477,0.98523,-1,3,60,1,1,1,16:40,7,2,9
2023340NN4022,2023,340NN4022,1,1,3,1,40,7,2,9,9,0,0,0,0,4,E01027315,-1,0,1.0,0.0,-1,6,30,1,4,2,22:03,2,1,9
2023520400172,2023,520400172,1,1,3,1,81,11,3,10,5,0,0,0,0,3,E01029175,-1,0,0.12622,0.87378,-1,6,30,1,1,1,10:55,6,1,9
2023421281068,2023,421281068,1,1,1,1,19,4,3,0,0,0,0,0,2,6,E01002298,3,1,0.0,1.0,-1,6,30,1,4,1,18:14,7,1,2
2023010434493,2023,010434493,1,1,1,1,40,7,3,0,0,0,0,0,4,4,E01003441,-1,0,0.0,1.0,-1,9,30,5,1,2,17:18,6,2,4
2023631337644,2023,631337644,2,1,1,1,23,5,3,0,0,0,0,0,9,3,E01005039,3,1,0.0,1.0,-1,6,60,1,1,1,17:00,4,2,9
2023371310647,2023,371310647,2,1,1,2,32,6,3,0,0,0,0,0,1,-1,-1,3,1,0.0,1.0,-1,3,30,1,1,-1,19:10,4,2,1
2023061359289,2023,061359289,2,2,2,2,31,6,3,0,0,-1,0,0,9,-1,-1,3,1,0.0,1.0,-1,6,30,1,1,1,15:32,3,2,9
2023170L11183,2023,170L11183,3,1,1,2,20,4,3,0,0,0,0,0,9,9,E01012179,-1,0,0.0205,0.9795,-1,6,60,1,1,2,08:40,4,4,9
2023351318364,2023,351318364,2,1,1,2,33,6,3,0,0,0,0,0,9,1,E01015611,3,1,0.0,1.0,-1,1,30,1,1,-1,16:15,7,2,9
2023430023750,2023,430023750,1,1,1,2,17,4,3,0,0,0,0,0,9,10,E01016270,-1,0,0.04452,0.95548,-1,6,30,1,4,4,21:55,2,2,9
2023501370308,2023,501370308,1,1,1,1,52,8,3,0,0,0,0,0,9,8,E01020504,3,1,0.0,1.0,-1,6,50,2,1,2,10:05,6,2,9
2023031382025,2023,031382025,1,2,3,2,43,7,3,6,9,0,0,0,0,5,E01032066,3,1,0.0,1.0,-1,6,30,3,1,3,12:01,7,3,9
2023991270654,2023,991270654,2,1,1,2,48,8,2,0,0,0,0,0,9,9,-1,7,1,1.0,0.0,-1,6,30,5,1,2,15:00,1,2,9
2023221389248,2023,221389248,2,4,1,1,39,7,3,0,0,0,0,0,10,3,W01001898,3,1,0.0,1.0,-1,3,60,1,1,2,12:25,7,2,10
2023061340255,2023,061340255,2,1,1,1,59,9,2,0,0,0,0,0,5,8,E01006378,5,1,1.0,0.0,-1,3,20,2,1,2,08:48,2,2,5
2023010425557,2023,010425557,1,1,3,1,44,7,3,5,9,0,0,0,0,9,E01021593,-1,0,0.0,1.0,-1,6,20,1,4,1,22:25,1,1,20
2023010441498,2023,010441498,1,1,1,1,22,5,3,0,0,0,0,0,2,2,E01033737,-1,0,0.0,1.0,-1,6,20,2,1,2,13:30,7,2,2
2023101371516,2023,101371516,2,2,2,1,47,8,3,0,0,1,0,0,8,3,E01008396,3,1,0.0,1.0,-1,6,20,2,1,2,11:15,3,2,8
2023430383688,2023,430383688,1,1,1,2,23,5,3,0,0,0,0,0,9,-1,-1,-1,0,0.11934,0.88066,-1,6,30,1,4,1,04:50,1,4,9
2023471393555,2023,471393555,2,2,1,2,78,11,3,0,0,0,0,0,9,6,E01021087,3,1,0.0,1.0,-1,6,30,2,1,2,15:55,7,2,9
2023201288453,2023,201288453,1,1,1,-1,-1,-1,3,0,0,0,0,0,4,-1,-1,3,1,0.0,1.0,-1,6,30,1,1,1,15:50,5,2,4
2023421357825,2023,421357825,1,1,1,2,33,6,3,0,0,0,0,0,19,9,E01021925,3,1,0.0,1.0,-1,6,60,1,1,1,17:30,6,3,19
2023201279121,2023,201279121,1,1,3,2,4,1,3,6,9,0,0,0,0,10,E01032886,3,1,0.0,1.0,-1,6,30,1,1,1,15:35,6,1,19
2023522300063,2023,522300063,1,1,3,1,26,6,1,1,3,0,0,0,0,9,E01033333,-1,0,0.0,0.0,-1,3,40,1,4,1,20:26,2,1,9
2023161342042,2023,161342042,1,1,1,1,10,2,2,0,0,0,0,0,1,1,E01012836,7,1,1.0,0.0,-1,6,30,1,1,1,15:27,3,2,1
2023320026039,2023,320026039,2,1,1,1,23,5,3,0,0,0,0,0,1,5,E01026034,-1,0,0.06569,0.93431,-1,6,30,9,1,2,10:04,5,2,1
2023010457005,2023,010457005,2,1,1,1,61,9,3,0,0,0,0,0,1,6,E01004608,-1,0,0.0,1.0,-1,6,20,1,1,1,14:00,2,2,1
2023010467695,2023,010467695,1,1,1,1,28,6,3,0,0,0,0,0,3,7,E01001950,-1,0,0.0,1.0,-1,6,20,2,1,2,16:20,6,1,3
2023311290687,2023,311290687,1,1,1,1,21,5,3,0,0,0,0,0,3,8,E01028235,3,1,0.0,1.0,-1,6,30,1,1,1,08:20,6,2,3
2023991303755,2023,991303755,1,1,3,2,7,2,3,8,3,0,0,2,0,5,-1,3,1,0.0,1.0,-1,6,30,1,1,1,15:15,6,1,9
2023010465295,2023,010465295,2,2,1,-1,-1,-1,3,0,0,0,0,0,1,-1,-1,-1,0,0.0,1.0,-1,9,50,1,4,1,05:25,2,2,1
2023131362049,2023,131362049,1,1,1,2,33,6,3,0,0,0,0,0,1,8,E01011459,3,1,0.0,1.0,-1,6,30,1,1,1,09:00,4,2,1
2023311334795,2023,311334795,2,1,1,1,22,5,2,0,0,0,0,0,1,5,E01028129,6,1,1.0,0.0,-1,6,30,1,4,1,23:22,7,2,1
2023201317647,2023,201317647,2,3,2,2,31,6,3,0,0,1,0,0,9,4,E01010510,3,1,0.0,1.0,-1,6,30,1,1,1,18:15,1,2,9
2023451270002,2023,451270002,2,1,1,2,28,6,2,0,0,0,0,0,9,7,E01023135,7,1,1.0,0.0,-1,6,40,1,4,1,16:21,2,2,9
2023471345774,2023,471345774,2,2,2,2,64,9,3,0,0,1,0,0,9,8,E01021129,3,1,0.0,1.0,-1,6,40,1,1,1,08:17,6,4,9
2023101346150,2023,101346150,1,1,2,2,-1,-1,3,0,0,0,4,0,11,-1,-1,3,1,0.0,1.0,-1,6,30,1,1,1,09:56,3,1,11
2023302300782,2023,302300782,1,1,3,1,14,3,2,5,3,0,0,0,0,1,E01013535,-1,0,1.0,0.0,-1,6,30,9,1,1,15:50,4,1,9
2023451361562,2023,451361562,1,1,3,2,75,10,2,5,9,0,0,0,0,9,E01030696,6,1,1.0,0.0,-1,6,30,1,1,1,09:52,3,1,9
2023010480736,2023,010480736,1,1,1,2,27,6,3,0,0,0,0,0,1,-1,-1,-1,0,0.0,1.0,-1,6,20,8,4,1,18:13,3,2,1
2023101344884,2023,101344884,1,1,1,1,28,6,3,0,0,0,0,0,9,4,E01027413,3,1,0.0,1.0,-1,6,60,1,1,1,18:00,4,2,9
2023101391906,2023,101391906,2,3,2,2,22,5,3,0,0,2,0,0,9,-1,-1,3,1,0.0,1.0,-1,6,60,1,1,2,10:03,7,2,9
2023543714223,2023,543714223,2,3,2,2,40,7,2,0,0,1,0,0,9,9,E01015473,-1,0,1.0,0.0,-1,6,60,1,6,1,04:46,7,2,9
2023061274420,2023,061274420,2,1,1,1,52,8,3,0,0,0,0,0,1,5,E01019738,3,1,0.0,1.0,-1,6,30,1,4,2,07:39,4,2,1
2023548228623,2023,548228623,1,1,3,1,49,8,3,10,9,0,0,0,0,10,E01031903,-1,0,0.09552,0.90448,-1,6,30,2,1,2,11:15,7,2,9
2023131354318,2023,131354318,1,1,3,1,16,4,3,10,1,0,0,2,0,1,E01010632,3,1,0.0,1.0,-1,6,30,1,1,1,10:37,2,1,9
2023451274031,2023,451274031,2,1,1,1,56,9,2,0,0,0,0,0,1,6,E01030555,7,1,1.0,0.0,-1,6,40,1,6,1,18:30,4,2,1
2023111344556,2023,111344556,1,1,2,2,42,7,2,0,0,2,0,0,9,3,E01012353,7,1,1.0,0.0,-1,1,30,2,1,2,02:00,7,1,9
2023201268390,2023,201268390,1,1,1,1,21,5,3,0,0,0,0,0,9,8,E01010245,3,1,0.0,1.0,-1,6,30,1,1,2,13:00,7,2,9
2023461286301,2023,461286301,2,1,1,2,34,6,3,0,0,0,0,0,9,5,E01024562,3,1,0.0,1.0,-1,6,60,5,6,2,21:44,1,2,9
2023991269495,2023,991269495,1,1,2,1,46,8,3,0,0,1,0,0,9,9,-1,3,1,0.0,1.0,-1,6,60,6,6,3,20:10,1,2,9
2023201305609,2023,201305609,2,2,1,1,24,5,3,0,0,0,0,0,9,1,E01009021,3,1,0.0,1.0,-1,7,40,2,1,2,18:43,6,2,9
2023010473274,2023,010473274,1,3,2,1,18,4,3,0,0,2,0,0,9,2,E01032720,-1,0,0.0,1.0,-1,6,20,2,1,2,14:59,7,5,9
2023061338591,2023,061338591,2,3,2,1,76,11,2,0,0,1,0,0,9,1,E01005753,5,1,1.0,0.0,-1,6,30,1,1,2,11:20,7,2,9
2023101275461,2023,101275461,2,3,2,1,10,2,2,0,0,2,0,0,9,-1,-1,7,1,1.0,0.0,-1,6,30,1,1,1,16:56,1,3,9
2023131376381,2023,131376381,2,2,2,2,54,8,2,0,0,1,0,0,9,1,E01010622,6,1,1.0,0.0,-1,6,30,2,4,2,18:41,1,3,9
202363D029023,2023,63D029023,2,1,1,1,19,4,3,0,0,0,0,0,9,-1,-1,-1,0,0.01594,0.98406,-1,6,30,1,1,2,17:34,6,2,9
2023010432294,2023,010432294,1,1,3,2,16,4,3,3,3,0,0,0,0,3,E01032786,-1,0,0.0,1.0,-1,6,20,1,1,2,08:40,2,1,9
2023221391093,2023,221391093,1,1,3,2,13,3,3,4,2,0,0,0,0,-1,-1,3,1,0.0,1.0,-1,6,20,1,1,1,15:30,5,1,9
2023451381039,2023,451381039,1,1,1,1,32,6,3,0,0,0,0,0,3,5,E01004624,3,1,0.0,1.0,-1,6,20,1,4,1,16:35,4,2,3
2023231375586,2023,231375586,2,2,1,2,34,6,3,0,0,0,0,0,9,2,E01031075,3,1,0.0,1.0,-1,6,40,1,1,1,08:50,6,2,9
2023302300698,2023,302300698,2,2,1,2,65,9,3,0,0,0,0,0,9,3,E01019858,-1,0,0.06272,0.93728,-1,6,40,1,1,1,11:48,3,3,9
2023332301123,2023,332301123,1,1,1,1,22,5,3,0,0,0,0,0,9,5,E01013700,-1,0,0.00164,0.99836,-1,3,30,1,1,1,12:00,7,2,9
2023501360477,2023,501360477,1,1,1,1,80,11,3,0,0,0,0,0,9,3,E01015094,3,1,0.0,1.0,-1,6,30,1,1,1,09:40,7,2,9
2023010474740,2023,010474740,1,1,3,2,66,10,3,1,1,0,0,0,0,5,E01025625,-1,0,0.0,1.0,-1,6,20,2,4,2,17:35,1,1,9
2023031266429,2023,031266429,1,1,1,1,67,10,3,0,0,0,0,0,1,8,E01019353,3,1,0.0,1.0,-1,6,60,9,1,4,16:00,7,2,1
2023351345283,2023,351345283,1,1,1,1,24,5,2,0,0,0,0,0,5,7,E01017963,5,1,1.0,0.0,-1,6,60,1,6,1,20:47,5,1,5
2023052300681,2023,052300681,1,1,3,1,33,6,3,5,9,0,0,0,0,1,E01006877,-1,0,0.16516,0.83484,-1,6,30,1,1,1,15:24,4,1,9
2023411309307,2023,411309307,2,1,1,1,29,6,2,0,0,0,0,0,4,7,E01002470,7,1,1.0,0.0,-1,6,30,1,1,1,19:03,2,2,4
2023052301551,2023,052301551,2,1,1,1,68,10,3,0,0,0,0,0,22,6,E01007105,-1,0,0.10846,0.89154,-1,6,30,1,1,1,14:30,2,2,22
2023010452545,2023,010452545,1,1,1,-1,26,6,3,0,0,0,0,0,3,2,E01001246,-1,0,0.0,1.0,-1,6,20,9,1,9,14:55,6,2,3
2023131264507,2023,131264507,2,2,1,2,55,8,3,0,0,0,0,0,9,2,E01010749,3,1,0.0,1.0,-1,6,30,1,1,1,12:00,3,2,9
2023131272992,2023,131272992,2,3,1,1,42,7,3,0,0,0,0,0,9,3,E01010662,3,1,0.0,1.0,-1,6,30,1,1,1,13:33,2,3,9
2023141318235,2023,141318235,1,1,1,1,84,11,2,0,0,0,0,0,9,9,E01007711,6,1,1.0,0.0,-1,1,50,1,1,1,16:11,3,2,9
2023440451281,2023,440451281,1,1,1,2,52,8,3,0,0,0,0,0,9,10,E01022862,-1,0,0.01849,0.98151,-1,6,30,2,4,2,18:15,6,2,9
2023332301083,2023,332301083,2,2,1,1,14,3,3,0,0,0,0,0,1,2,E01013753,-1,0,0.07202,0.92798,-1,6,40,2,4,2,20:46,7,2,1
2023340NN3942,2023,340NN3942,1,1,2,1,17,4,2,0,0,0,0,0,5,-1,-1,-1,0,1.0,0.0,-1,6,30,1,1,2,12:20,5,2,5
2023131291469,2023,131291469,1,1,1,1,21,5,2,0,0,0,0,0,1,2,E01011232,7,1,1.0,0.0,-1,6,30,1,1,1,17:00,3,2,1
2023010429653,2023,010429653,1,1,1,1,30,6,3,0,0,0,0,0,3,6,E01004529,-1,0,0.0,1.0,-1,6,30,1,1,1,17:30,6,2,3
2023061389514,2023,061389514,2,1,1,2,62,9,3,0,0,0,0,0,9,9,E01018692,3,1,0.0,1.0,-1,6,30,2,1,-1,10:20,2,2,9
2023622300314,2023,622300314,2,2,2,2,23,5,3,0,0,1,0,0,9,2,W01001768,-1,0,0.00812,0.99188,-1,6,20,1,1,1,13:35,7,2,9
2023320778029,2023,320778029,1,2,1,1,26,6,3,0,0,0,0,0,19,3,E01026023,-1,0,0.05097,0.94903,-1,6,30,2,7,2,07:00,3,2,19