collision_index,collision_year,collision_ref_no,vehicle_reference,casualty_reference,casualty_class,sex_of_casualty,age_of_casualty,age_band_of_casualty,casualty_severity,pedestrian_location,pedestrian_movement,car_passenger,bus_or_coach_passenger,pedestrian_road_maintenance_worker,casualty_type,casualty_imd_decile,lsoa_of_casualty,enhanced_casualty_severity,casualty_injury_based,casualty_adjusted_severity_serious,casualty_adjusted_severity_slight,casualty_distance_banding,road_type,speed_limit,weather_conditions,light_conditions,road_surface_conditions,time,day_of_week,number_of_vehicles,vehicle_type
2023311330644,2023,311330644,2,1,1,1,56,9,3,0,0,0,0,0,9,8,E01028094,3,1,0.0,1.0,-1,1,30,1,1,1,11:15,2,2,9
2023461348522,2023,461348522,2,2,1,1,60,9,3,0,0,0,0,0,9,5,E01024673,3,1,0.0,1.0,-1,6,60,1,1,1,11:40,2,2,9
2023991285104,2023,991285104,1,1,1,1,19,4,2,0,0,0,0,0,9,9,-1,6,1,1.0,0.0,-1,6,60,1,1,4,07:15,4,2,9
2023440507565,2023,440507565,1,1,1,1,30,6,3,0,0,0,0,0,-1,3,E01017194,-1,0,0.14822,0.85178,-1,6,30,1,4,2,22:05,3,2,-1
2023052301848,2023,052301848,2,1,1,1,27,6,3,0,0,0,0,0,9,9,E01007096,-1,0,0.03385,0.96615,-1,6,30,1,1,1,07:00,3,2,9
2023421304567,2023,421304567,2,1,1,1,35,6,3,0,0,0,0,0,9,10,E01021938,3,1,0.0,1.0,-1,6,40,1,1,1,13:28,6,2,9
2023451390832,2023,451390832,1,1,1,2,19,4,3,0,0,0,0,0,9,4,E01030551,3,1,0.0,1.0,-1,6,20,1,1,1,15:30,4,2,9
2023552300311,2023,552300311,1,1,1,1,31,6,3,0,0,0,0,0,9,2,E01015338,-1,0,0.08094,0.91906,-1,1,40,2,4,2,06:03,6,1,9
2023010451422,2023,010451422,1,2,2,1,12,3,3,0,0,2,0,0,9,-1,-1,-1,0,0.0,1.0,-1,7,50,1,1,1,17:30,1,5,9
2023302300866,2023,302300866,1,1,1,2,58,9,3,0,0,0,0,0,9,7,E01019812,-1,0,0.04526,0.95474,-1,6,30,1,1,1,10:30,6,2,9
2023548369323,2023,548369323,2,1,1,2,75,10,3,0,0,0,0,0,9,3,E01015510,-1,0,0.0255,0.9745,-1,2,30,2,1,2,11:56,3,4,9
2023010425759,2023,010425759,1,1,3,1,10,2,3,5,3,0,0,0,0,4,E01001194,-1,0,0.0,1.0,-1,6,20,1,4,1,17:30,2,1,9
2023010465211,2023,010465211,1,2,3,2,5,1,3,5,9,0,0,0,0,3,E01004425,-1,0,0.0,1.0,-1,6,20,1,1,1,08:37,5,1,9
2023332301212,2023,332301212,1,1,3,1,5,1,2,5,3,0,0,0,0,8,E01025764,-1,0,1.0,0.0,-1,6,30,1,4,2,16:55,4,1,9
2023010432417,2023,010432417,2,1,1,1,46,8,2,0,0,0,0,0,1,8,E01003830,-1,0,1.0,0.0,-1,6,20,2,1,2,17:02,4,2,1
2023010476256,2023,010476256,1,1,1,1,26,6,3,0,0,0,0,0,3,2,E01001448,-1,0,0.0,1.0,-1,9,20,9,1,9,10:30,2,2,3
2023141366134,2023,141366134,1,1,1,1,17,4,3,0,0,0,0,0,97,-1,-1,3,1,0.0,1.0,-1,6,30,1,1,1,13:19,2,2,97
2023010420525,2023,010420525,2,1,1,1,34,6,3,0,0,0,0,0,5,3,E01004600,-1,0,0.0,1.0,-1,6,20,2,1,2,08:25,3,2,5
2023461304228,2023,461304228,1,1,1,1,41,7,2,0,0,0,0,0,90,2,E01024192,6,1,1.0,0.0,-1,6,30,1,1,1,15:00,7,1,90
2023010457312,2023,010457312,1,2,2,1,-1,-1,3,0,0,9,0,0,9,-1,-1,-1,0,0.0,1.0,-1,2,20,1,1,1,10:39,4,1,9
2023010462442,2023,010462442,2,1,1,2,47,8,3,0,0,0,0,0,9,5,E01024205,-1,0,0.0,1.0,-1,6,20,1,4,1,23:17,6,2,9
2023461341149,2023,461341149,3,1,1,1,32,6,3,0,0,0,0,0,9,4,E01024579,3,1,0.0,1.0,-1,3,70,1,1,2,09:49,3,6,9
2023111377856,2023,111377856,2,1,1,1,19,4,1,0,0,0,0,0,9,-1,-1,1,1,0.0,0.0,-1,6,60,1,6,1,17:39,4,3,9
2023201413558,2023,201413558,2,1,1,1,31,6,3,0,0,0,0,0,9,3,E01009220,3,1,0.0,1.0,-1,3,30,1,4,2,18:45,4,2,9
2023302300129,2023,302300129,2,1,1,2,23,5,3,0,0,0,0,0,9,7,E01019448,-1,0,0.00837,0.99163,-1,6,30,1,4,1,16:36,7,2,9
2023421266621,2023,421266621,1,1,1,1,23,5,3,0,0,0,0,0,19,2,E01021270,3,1,0.0,1.0,-1,3,70,1,1,1,13:55,5,3,19
2023010462429,2023,010462429,1,1,1,1,20,4,3,0,0,0,0,0,9,5,E01001293,-1,0,0.0,1.0,-1,9,20,1,1,1,17:50,6,1,9
2023451274541,2023,451274541,1,2,2,2,16,4,3,0,0,1,0,0,9,10,E01030948,3,1,0.0,1.0,-1,6,30,1,6,2,18:58,5,2,9
2023430328159,2023,430328159,2,1,1,1,55,8,2,0,0,0,0,0,-1,3,E01016353,-1,0,1.0,0.0,-1,6,30,1,1,1,08:53,2,2,-1
2023231380716,2023,231380716,2,2,2,2,27,6,3,0,0,1,0,0,9,9,E01031288,3,1,0.0,1.0,-1,6,60,2,1,2,11:26,1,2,9
2023544479023,2023,544479023,3,3,2,2,26,6,3,0,0,1,0,0,9,-1,-1,-1,0,0.02427,0.97573,-1,6,40,1,1,1,18:05,6,3,9
2023131318464,2023,131318464,1,1,1,1,42,7,2,0,0,0,0,0,21,9,E01005339,7,1,1.0,0.0,-1,6,50,1,1,1,09:15,4,1,21
2023131305678,2023,131305678,1,1,3,1,3,1,2,5,3,0,0,2,0,1,E01011792,7,1,1.0,0.0,-1,6,30,1,1,1,08:44,4,1,9
2023221279681,2023,221279681,1,2,2,1,18,4,2,0,0,1,0,0,9,7,E01029639,5,1,1.0,0.0,-1,6,60,1,6,2,21:30,6,1,9
2023440209823,2023,440209823,2,2,1,1,67,10,3,0,0,0,0,0,9,9,E01001281,-1,0,0.10135,0.89865,-1,6,60,1,1,1,10:15,7,2,9
2023622300836,2023,622300836,1,2,2,2,27,6,3,0,0,1,0,0,9,4,W01001250,-1,0,0.12504,0.87496,-1,6,60,1,4,1,03:22,7,1,9
2023061348735,2023,061348735,2,1,1,2,47,8,3,0,0,0,0,0,9,4,E01006026,3,1,0.0,1.0,-1,6,30,1,1,1,17:30,4,2,9
2023351394038,2023,351394038,2,2,1,1,63,9,3,0,0,0,0,0,9,6,E01018186,3,1,0.0,1.0,-1,7,70,1,6,1,00:40,4,2,9
2023552300438,2023,552300438,2,1,1,2,40,7,3,0,0,0,0,0,9,5,E01015296,-1,0,0.01102,0.98898,-1,1,30,1,1,1,17:00,7,2,9
2023071210020,2023,071210020,2,1,1,1,42,7,3,0,0,0,0,0,1,8,E01018567,-1,0,0.04943,0.95057,-1,6,30,8,4,2,18:20,5,2,1
2023010424431,2023,010424431,1,1,1,1,35,6,3,0,0,0,0,0,3,6,E01004636,-1,0,0.0,1.0,-1,9,20,1,1,1,15:21,2,2,3
2023010437933,2023,010437933,1,1,1,1,23,5,3,0,0,0,0,0,3,1,E01001978,-1,0,0.0,1.0,-1,9,20,1,1,1,15:40,7,2,3
2023340WN3812,2023,340WN3812,1,1,1,1,30,6,3,0,0,0,0,0,5,8,E01027162,-1,0,0.23229,0.76771,-1,6,60,1,1,1,10:36,7,2,5
2023361330157,2023,361330157,2,1,1,2,55,8,3,0,0,0,0,0,9,6,E01030135,3,1,0.0,1.0,-1,6,30,1,1,1,14:30,1,2,9
2023430021607,2023,430021607,2,1,1,1,34,6,3,0,0,0,0,0,9,10,E01033508,-1,0,0.00318,0.99682,-1,6,30,1,1,2,13:15,7,2,9
2023471315949,2023,471315949,3,4,2,1,11,3,3,0,0,2,0,0,9,4,E01020927,3,1,0.0,1.0,-1,6,30,1,1,1,08:29,4,4,9
2023430205697,2023,430205697,1,1,1,1,18,4,2,0,0,0,0,0,2,5,E01016556,-1,0,1.0,0.0,-1,6,30,1,1,1,16:30,5,2,2
2023071164256,2023,071164256,1,1,3,2,23,5,3,6,9,0,0,0,0,4,E01018329,-1,0,0.03255,0.96745,-1,2,30,1,1,1,12:20,2,1,9
2023052302981,2023,052302981,2,2,1,1,71,10,3,0,0,0,0,0,9,6,E01006955,-1,0,0.07782,0.92218,-1,6,30,1,1,1,12:06,4,2,9
2023111374274,2023,111374274,2,1,1,2,58,9,3,0,0,0,0,0,9,8,E01008749,3,1,0.0,1.0,-1,1,30,1,1,1,10:30,3,2,9
2023421272575,2023,421272575,1,1,1,1,18,4,3,0,0,0,0,0,9,7,E01021914,3,1,0.0,1.0,-1,6,40,1,4,2,20:05,1,2,9
2023991330441,2023,991330441,1,1,3,1,29,6,2,8,1,0,0,2,0,-1,-1,7,1,1.0,0.0,-1,6,20,1,4,2,03:00,7,1,9
2023071036266,2023,071036266,2,1,2,2,35,6,3,0,0,1,0,0,9,-1,-1,-1,0,0.01784,0.98216,-1,6,60,1,1,1,11:46,7,2,9
2023351308393,2023,351308393,3,2,1,1,31,6,3,0,0,0,0,0,9,2,E01015599,3,1,0.0,1.0,-1,6,40,1,1,1,12:51,7,3,9
2023010443939,2023,010443939,1,1,3,1,78,11,3,1,3,0,0,0,0,-1,-1,-1,0,0.0,1.0,-1,3,20,1,1,1,15:21,6,1,11
2023371312797,2023,371312797,1,1,1,1,47,8,1,0,0,0,0,0,5,6,E01030006,1,1,0.0,0.0,-1,6,60,1,1,1,13:12,7,2,5
2023201292356,2023,201292356,1,1,1,1,21,5,3,0,0,0,0,0,9,2,E01010310,3,1,0.0,1.0,-1,6,30,1,1,1,19:33,3,2,9
2023211332256,2023,211332256,2,2,1,2,50,8,3,0,0,0,0,0,9,1,E01014336,3,1,0.0,1.0,-1,6,30,2,1,2,13:47,7,3,9
2023440045107,2023,440045107,2,1,1,1,18,4,3,0,0,0,0,0,9,-1,-1,-1,0,0.07737,0.92263,-1,6,50,1,1,2,16:00,5,2,9
2023440278297,2023,440278297,1,1,1,2,35,6,3,0,0,0,0,0,9,6,E01022673,-1,0,0.04704,0.95296,-1,6,20,1,1,1,13:55,3,2,9
2023471290163,2023,471290163,2,1,2,2,52,8,3,0,0,2,0,0,9,4,E01020924,3,1,0.0,1.0,-1,1,70,1,1,1,13:30,6,2,9
2023430275295,2023,430275295,2,1,1,2,45,7,2,0,0,0,0,0,1,4,E01028587,-1,0,1.0,0.0,-1,6,20,1,1,1,09:17,5,2,1
2023471271173,2023,471271173,1,1,1,2,43,7,3,0,0,0,0,0,9,3,E01031482,3,1,0.0,1.0,-1,6,20,1,4,1,22:15,4,2,9
2023531344786,2023,531344786,2,1,1,1,34,6,3,0,0,0,0,0,9,6,E01022341,3,1,0.0,1.0,-1,3,30,1,1,1,12:10,4,2,9
2023041350361,2023,041350361,2,2,1,1,30,6,3,0,0,0,0,0,19,5,E01024989,3,1,0.0,1.0,-1,6,50,1,1,1,09:30,6,2,19
2023010447924,2023,010447924,1,1,1,1,43,7,3,0,0,0,0,0,19,5,E01023862,-1,0,0.0,1.0,-1,7,30,1,1,1,14:30,5,2,19
2023461378383,2023,461378383,2,2,1,1,9,2,3,0,0,0,0,0,1,5,E01024281,3,1,0.0,1.0,-1,6,30,1,1,1,15:27,2,2,1
2023631350971,2023,631350971,1,1,1,1,17,4,3,0,0,0,0,0,9,6,W01000701,3,1,0.0,1.0,-1,6,60,2,1,2,13:35,1,2,9
202360A147656,2023,60A147656,1,1,1,1,23,5,2,0,0,0,0,0,3,-1,-1,-1,0,1.0,0.0,-1,6,30,2,1,2,13:44,3,2,3
2023052302162,2023,052302162,1,1,3,1,57,9,3,8,5,0,0,0,0,1,E01006721,-1,0,0.11461,0.88539,-1,6,20,1,1,1,09:15,7,1,9
2023061351244,2023,061351244,2,2,2,2,68,10,3,0,0,1,0,0,9,5,E01005446,3,1,0.0,1.0,-1,7,70,1,4,1,18:22,7,3,9
2023501317786,2023,501317786,2,2,2,1,21,5,3,0,0,2,0,0,9,9,E01029074,3,1,0.0,1.0,-1,6,60,1,1,1,15:05,1,2,9
2023010448922,2023,010448922,1,1,3,1,40,7,3,5,1,0,0,0,0,-1,-1,-1,0,0.0,1.0,-1,2,20,1,1,1,09:05,4,1,9
2023201400607,2023,201400607,2,1,1,1,76,11,3,0,0,0,0,0,2,3,E01009552,3,1,0.0,1.0,-1,6,30,8,1,1,14:03,7,2,2
2023201411529,2023,201411529,1,1,1,2,31,6,3,0,0,0,0,0,9,4,E01009284,3,1,0.0,1.0,-1,6,30,2,1,2,14:52,6,3,9
2023461329049,2023,461329049,1,2,2,2,5,1,3,0,0,2,0,0,9,1,E01024667,3,1,0.0,1.0,-1,6,30,1,4,1,21:08,4,2,9
2023440099688,2023,440099688,1,1,3,2,66,10,2,6,9,0,0,0,0,9,E01023115,-1,0,1.0,0.0,-1,6,30,1,1,1,10:15,5,1,19
2023371350024,2023,371350024,1,2,1,2,59,9,3,0,0,0,0,0,5,-1,-1,3,1,0.0,1.0,-1,6,30,1,1,1,13:19,5,3,5
2023101363842,2023,101363842,1,2,2,2,60,9,3,0,0,1,0,0,9,2,E01008480,3,1,0.0,1.0,-1,6,30,1,4,2,19:05,4,2,9
2023131298422,2023,131298422,2,1,1,1,40,7,3,0,0,0,0,0,9,7,E01011211,3,1,0.0,1.0,-1,6,30,1,1,1,16:55,3,2,9
2023221280851,2023,221280851,2,1,1,2,38,7,3,0,0,0,0,0,9,2,E01014144,3,1,0.0,1.0,-1,6,30,1,1,1,13:25,7,2,9
2023010474024,2023,010474024,1,1,2,1,24,5,3,0,0,0,4,0,11,-1,-1,-1,0,0.0,1.0,-1,3,30,1,4,1,19:20,4,1,11
2023101303648,2023,101303648,2,2,2,2,33,6,3,0,0,0,0,0,19,-1,-1,3,1,0.0,1.0,-1,6,40,1,1,2,15:00,3,2,19
2023201317705,2023,201317705,2,2,2,1,9,2,3,0,0,2,0,0,9,2,E01010265,3,1,0.0,1.0,-1,6,30,1,1,1,11:36,7,2,9
2023320557553,2023,320557553,2,1,1,2,19,4,3,0,0,0,0,0,9,-1,-1,-1,0,0.04879,0.95121,-1,6,50,1,1,1,19:00,5,2,9
2023991288225,2023,991288225,1,1,2,2,75,10,3,0,0,2,0,0,9,-1,-1,3,1,0.0,1.0,-1,6,30,1,1,2,18:05,7,1,9
2023041368028,2023,041368028,1,1,3,2,80,11,3,9,7,0,0,0,0,1,E01025250,3,1,0.0,1.0,-1,6,30,1,1,1,15:00,6,1,9
2023471330945,2023,471330945,1,1,3,1,48,8,3,10,9,0,0,0,0,2,E01016945,3,1,0.0,1.0,-1,6,20,1,7,1,20:15,4,1,3
2023010430554,2023,010430554,2,1,1,1,52,8,2,0,0,0,0,0,1,2,E01002763,-1,0,1.0,0.0,-1,6,20,1,1,1,15:26,1,2,1
2023010443464,2023,010443464,1,1,1,2,53,8,3,0,0,0,0,0,9,2,E01004089,-1,0,0.0,1.0,-1,6,30,1,1,1,15:10,2,1,9
2023161316005,2023,161316005,1,1,1,2,53,8,3,0,0,0,0,0,9,8,E01012791,3,1,0.0,1.0,-1,6,50,1,1,1,07:46,4,2,9
2023991263582,2023,991263582,2,2,1,2,27,6,3,0,0,0,0,0,9,-1,-1,3,1,0.0,1.0,-1,6,60,2,6,2,23:05,7,2,9
2023111263509,2023,111263509,2,2,1,1,57,9,3,0,0,0,0,0,19,1,E01020902,3,1,0.0,1.0,-1,6,60,5,1,2,14:40,5,3,19
2023010484841,2023,010484841,1,1,1,1,55,8,3,0,0,0,0,0,4,5,E01016768,-1,0,0.0,1.0,-1,6,20,9,7,9,18:45,2,1,4
2023041312719,2023,041312719,1,1,1,1,49,8,2,0,0,0,0,0,5,3,E01006126,6,1,1.0,0.0,-1,3,70,1,1,1,12:22,2,1,5
2023440478103,2023,440478103,1,1,3,1,48,8,3,5,3,0,0,0,0,7,E01023137,-1,0,0.16021,0.83979,-1,3,30,1,1,1,15:17,4,1,9
202360A023956,2023,60A023956,1,1,3,1,12,3,3,5,1,0,0,0,0,-1,-1,-1,0,0.17673,0.82327,-1,6,30,1,1,2,08:18,6,1,9
2023430296007,2023,430296007,1,1,3,2,39,7,3,5,1,0,0,0,0,4,E01028529,-1,0,0.15068,0.84932,-1,6,30,2,1,2,16:50,3,1,5
2023031333344,2023,031333344,2,2,1,2,61,9,3,0,0,0,0,0,9,-1,-1,3,1,0.0,1.0,-1,6,30,1,1,1,18:46,3,2,9
2023421296798,2023,421296798,1,1,1,1,42,7,2,0,0,0,0,0,9,1,E01021703,5,1,1.0,0.0,-1,6,60,2,4,2,19:30,6,3,9
2023361288406,2023,361288406,1,1,2,2,23,5,2,0,0,0,0,0,19,4,E01026679,5,1,1.0,0.0,-1,6,60,2,6,2,00:44,1,1,19
2023061302950,2023,061302950,2,1,1,1,7,2,3,0,0,0,0,0,1,-1,-1,3,1,0.0,1.0,-1,6,30,1,1,1,17:10,4,2,1
2023430201256,2023,430201256,2,2,1,2,50,8,2,0,0,0,0,0,1,-1,-1,-1,0,1.0,0.0,-1,6,60,2,1,2,11:15,6,2,1
2023010470893,2023,010470893,1,1,1,1,33,6,3,0,0,0,0,0,3,2,E01001152,-1,0,0.0,1.0,-1,6,20,1,4,1,19:32,7,2,3
2023131373710,2023,131373710,2,4,1,1,25,5,3,0,0,0,0,0,5,3,E01011786,3,1,0.0,1.0,-1,6,40,2,1,2,16:37,5,3,5
2023010464883,2023,010464883,2,1,1,1,37,7,3,0,0,0,0,0,8,5,E01004601,-1,0,0.0,1.0,-1,2,20,1,4,1,21:45,6,3,8
2023010444736,2023,010444736,1,4,2,1,36,7,3,0,0,2,0,0,9,7,E01000562,-1,0,0.0,1.0,-1,6,30,1,4,1,23:30,3,2,9
2023131301755,2023,131301755,1,2,2,2,9,2,3,0,0,1,0,0,9,1,E01033691,3,1,0.0,1.0,-1,6,30,1,1,1,19:28,5,2,9
2023141364301,2023,141364301,1,2,2,2,82,11,2,0,0,1,0,0,9,10,E01007938,7,1,1.0,0.0,-1,6,20,2,1,2,11:41,4,1,9
2023070876593,2023,070876593,2,2,2,2,12,3,3,0,0,0,4,0,11,-1,-1,-1,0,0.01905,0.98095,-1,9,70,1,1,1,07:55,4,2,11
2023430413018,2023,430413018,2,1,1,1,21,5,2,0,0,0,0,0,4,10,E01016634,-1,0,1.0,0.0,-1,6,30,1,1,1,17:15,5,2,4
2023010464999,2023,010464999,1,2,2,-1,-1,-1,3,0,0,1,0,0,8,4,E01004369,-1,0,0.0,1.0,-1,6,20,8,1,1,09:20,6,2,8
2023131330956,2023,131330956,2,1,1,1,65,9,3,0,0,0,0,0,9,2,E01007579,3,1,0.0,1.0,-1,3,70,1,1,1,07:09,3,3,9
2023131329138,2023,131329138,2,2,2,2,59,9,3,0,0,0,0,0,19,5,E01011537,3,1,0.0,1.0,-1,3,40,1,1,1,17:03,5,2,19
2023461293421,2023,461293421,1,1,1,1,36,7,3,0,0,0,0,0,19,5,E01024623,3,1,0.0,1.0,-1,6,30,1,4,2,21:35,3,1,19
2023010468132,2023,010468132,1,1,2,2,44,7,3,0,0,0,4,0,11,6,E01003030,-1,0,0.0,1.0,-1,6,30,1,1,1,06:13,2,1,11
2023421380838,2023,421380838,2,1,1,1,43,7,3,0,0,0,0,0,9,4,E01033128,3,1,0.0,1.0,-1,6,30,1,1,1,08:40,5,2,9
2023010454667,2023,010454667,1,1,3,1,13,3,2,5,4,0,0,0,0,2,E01001136,-1,0,1.0,0.0,-1,6,20,1,1,1,15:52,3,1,9
2023010445392,2023,010445392,1,1,1,2,46,8,3,0,0,0,0,0,9,7,E01024435,-1,0,0.0,1.0,-1,6,30,1,1,1,16:30,6,2,9
2023061326045,2023,061326045,1,1,2,2,24,5,3,0,0,-1,0,0,9,8,E01005173,3,1,0.0,1.0,-1,6,30,5,1,2,15:45,1,2,9
2023101335424,2023,101335424,2,2,1,2,35,6,3,0,0,0,0,0,9,-1,-1,3,1,0.0,1.0,-1,6,30,2,1,2,12:30,5,2,9
2023461354643,2023,461354643,2,1,2,1,39,7,3,0,0,1,0,0,9,2,E01003338,3,1,0.0,1.0,-1,3,70,1,1,1,09:41,4,2,9
2023471349658,2023,471349658,2,1,1,2,33,6,3,0,0,0,0,0,9,4,E01031455,3,1,0.0,1.0,-1,6,30,1,1,1,16:05,2,2,9
2023401269794,2023,401269794,2,2,2,1,11,3,3,0,0,0,0,0,-1,2,E01015743,3,1,0.0,1.0,-1,6,30,1,1,1,15:22,4,2,-1
2023451376238,2023,451376238,1,1,3,1,37,7,2,8,3,0,0,0,0,4,E01030433,5,1,1.0,0.0,-1,6,30,1,4,1,06:50,3,1,9
2023471385694,2023,471385694,2,1,1,2,33,6,3,0,0,0,0,0,9,8,E01021041,3,1,0.0,1.0,-1,6,20,9,7,2,08:23,6,2,9
2023991377356,2023,991377356,1,1,1,2,50,8,3,0,0,0,0,0,9,5,-1,3,1,0.0,1.0,-1,6,60,1,1,1,15:00,2,1,9
2023010443783,2023,010443783,1,1,1,1,37,7,3,0,0,0,0,0,1,3,E01004448,-1,0,0.0,1.0,-1,9,20,1,1,1,18:52,5,2,1
2023471275320,2023,471275320,2,1,1,1,16,4,3,0,0,0,0,0,2,8,E01031439,3,1,0.0,1.0,-1,6,30,8,1,2,10:45,1,2,2
2023421345991,2023,421345991,2,1,1,1,25,5,2,0,0,0,0,0,5,10,-1,6,1,1.0,0.0,-1,6,60,1,1,1,12:40,1,2,5
2023461348237,2023,461348237,1,1,1,1,40,7,2,0,0,0,0,0,5,1,E01033211,7,1,1.0,0.0,-1,6,30,2,1,2,13:39,6,2,5
2023440188219,2023,440188219,1,1,3,2,82,11,2,5,3,0,0,0,0,-1,-1,-1,0,1.0,0.0,-1,6,30,1,1,1,14:45,7,1,1
2023041259271,2023,041259271,1,1,3,1,16,4,2,1,9,0,0,0,0,5,E01024917,5,1,1.0,0.0,-1,6,40,2,4,2,17:00,3,1,9
2023052300790,2023,052300790,2,1,1,1,40,7,2,0,0,0,0,0,5,1,E01006494,-1,0,1.0,0.0,-1,3,30,1,1,1,14:00,5,2,5
2023451266067,2023,451266067,4,4,2,1,34,6,3,0,0,2,0,0,9,-1,-1,3,1,0.0,1.0,-1,3,70,1,1,4,08:17,4,10,9
2023010446794,2023,010446794,1,2,2,1,56,9,3,0,0,0,4,0,11,4,E01000290,-1,0,0.0,1.0,-1,3,40,1,1,1,19:10,7,1,11
2023101271342,2023,101271342,2,1,1,1,21,5,2,0,0,0,0,0,9,3,E01008706,5,1,1.0,0.0,-1,3,70,1,1,1,12:20,5,2,9
2023201448231,2023,201448231,1,2,2,1,18,4,3,0,0,-1,0,0,9,2,E01009101,3,1,0.0,1.0,-1,6,30,1,1,1,16:30,3,2,9
2023010455961,2023,010455961,1,1,2,2,59,9,3,0,0,0,4,0,11,4,E01003148,-1,0,0.0,1.0,-1,6,30,1,1,1,18:07,3,2,11
2023061368143,2023,061368143,2,1,1,2,37,7,3,0,0,0,0,0,9,4,E01005896,3,1,0.0,1.0,-1,7,40,2,4,2,18:00,7,3,9
2023122300065,2023,122300065,1,1,1,1,17,4,3,0,0,0,0,0,9,6,E01027780,-1,0,0.1035,0.8965,-1,6,60,1,6,1,17:40,6,1,9
2023131308971,2023,131308971,1,3,2,2,37,7,3,0,0,1,0,0,9,2,E01011262,3,1,0.0,1.0,-1,6,30,1,1,1,15:02,5,2,9
2023201419555,2023,201419555,1,1,1,1,26,6,3,0,0,0,0,0,9,4,E01009176,3,1,0.0,1.0,-1,6,30,1,1,1,15:43,2,2,9
2023302301475,2023,302301475,1,1,1,2,46,8,3,0,0,0,0,0,9,9,E01019622,-1,0,0.08701,0.91299,-1,6,60,5,6,2,21:06,1,2,9
2023531422591,2023,531422591,2,1,1,2,34,6,3,0,0,0,0,0,9,6,E01022225,3,1,0.0,1.0,-1,6,60,1,1,1,10:20,2,2,9
202360A029046,2023,60A029046,1,1,1,1,76,11,3,0,0,0,0,0,22,-1,-1,-1,0,0.16117,0.83883,-1,6,30,1,1,2,10:30,1,2,22
2023010426793,2023,010426793,1,1,3,1,16,4,3,5,2,0,0,0,0,1,E01004247,-1,0,0.0,1.0,-1,6,20,1,1,1,12:35,1,1,9
2023351344614,2023,351344614,1,1,3,1,81,11,3,5,1,0,0,0,0,6,E01018196,3,1,0.0,1.0,-1,6,60,1,1,1,09:19,5,1,9
2023471263337,2023,471263337,1,1,3,1,23,5,3,6,9,0,0,0,0,6,E01031658,3,1,0.0,1.0,-1,6,30,1,6,2,16:50,5,1,9
2023991353687,2023,991353687,1,1,3,2,5,1,2,10,1,0,0,2,0,-1,-1,7,1,1.0,0.0,-1,6,30,1,1,1,18:30,6,1,8
2023010442413,2023,010442413,1,1,1,1,63,9,2,0,0,0,0,0,1,10,E01024151,-1,0,1.0,0.0,-1,1,30,8,7,2,22:15,4,2,1
2023421383256,2023,421383256,2,1,1,2,37,7,3,0,0,0,0,0,9,3,E01021269,3,1,0.0,1.0,-1,6,30,9,1,2,08:25,3,3,9
2023010459268,2023,010459268,1,1,1,1,24,5,3,0,0,0,0,0,9,5,E01023342,-1,0,0.0,1.0,-1,6,20,1,4,1,00:24,2,2,9
2023010450331,2023,010450331,1,1,1,1,26,6,3,0,0,0,0,0,3,2,E01003267,-1,0,0.0,1.0,-1,9,20,1,1,1,17:00,3,2,3
2023010477759,2023,010477759,1,1,2,1,1,1,3,0,0,0,4,0,11,4,E01001724,-1,0,0.0,1.0,-1,6,20,9,1,1,12:45,6,1,11
2023131358094,2023,131358094,2,2,1,1,46,8,3,0,0,0,0,0,9,1,E01010966,3,1,0.0,1.0,-1,6,40,1,4,1,20:00,6,2,9
2023320081998,2023,320081998,1,1,1,2,81,11,3,0,0,0,0,0,9,6,E01026404,-1,0,0.10422,0.89578,-1,6,40,1,1,1,14:00,4,1,9
2023471305918,2023,471305918,2,1,1,1,37,7,3,0,0,0,0,0,1,6,E01031801,3,1,0.0,1.0,-1,6,30,1,1,1,07:25,4,2,1
2023010457215,2023,010457215,1,1,2,2,23,5,3,0,0,2,0,0,8,-1,-1,-1,0,0.0,1.0,-1,6,20,1,1,1,19:45,3,2,8
2023010447354,2023,010447354,1,1,1,1,48,8,3,0,0,0,0,0,3,6,E01002124,-1,0,0.0,1.0,-1,6,20,1,1,1,06:11,3,2,3
2023531312602,2023,531312602,1,1,1,1,14,3,2,0,0,0,0,0,3,3,E01022157,6,1,1.0,0.0,-1,6,30,1,1,1,17:50,2,2,3
2023061289676,2023,061289676,1,1,1,1,19,4,3,0,0,0,0,0,9,6,E01004882,3,1,0.0,1.0,-1,6,30,1,4,2,22:30,4,2,9
2023221389625,2023,221389625,1,1,3,1,55,8,3,9,9,0,0,0,0,1,E01013995,3,1,0.0,1.0,-1,3,30,1,1,2,15:40,6,2,9
2023010456282,2023,010456282,1,1,1,1,38,7,3,0,0,0,0,0,3,10,E01030395,-1,0,0.0,1.0,-1,9,30,9,1,9,19:10,7,2,3
2023161350136,2023,161350136,1,1,1,2,38,7,3,0,0,0,0,0,9,3,E01013087,3,1,0.0,1.0,-1,6,60,1,1,1,16:40,5,1,9
202363D007623,2023,63D007623,1,1,1,1,56,9,2,0,0,0,0,0,9,7,W01000475,-1,0,1.0,0.0,-1,6,60,1,6,2,06:45,6,1,9
2023010487245,2023,010487245,1,1,1,1,27,6,3,0,0,0,0,0,1,4,E01004591,-1,0,0.0,1.0,-1,9,30,1,4,1,22:40,4,2,1
2023311315705,2023,311315705,1,1,1,1,40,7,2,0,0,0,0,0,4,7,E01033394,7,1,1.0,0.0,-1,6,30,1,1,1,17:19,1,2,4