collision_index,collision_year,collision_ref_no,vehicle_reference,casualty_reference,casualty_class,sex_of_casualty,age_of_casualty,age_band_of_casualty,casualty_severity,pedestrian_location,pedestrian_movement,car_passenger,bus_or_coach_passenger,pedestrian_road_maintenance_worker,casualty_type,casualty_imd_decile,lsoa_of_casualty,enhanced_casualty_severity,casualty_injury_based,casualty_adjusted_severity_serious,casualty_adjusted_severity_slight,casualty_distance_banding,road_type,speed_limit,weather_conditions,light_conditions,road_surface_conditions,time,day_of_week,number_of_vehicles,vehicle_type
2023010423055,2023,010423055,1,1,1,1,28,6,3,0,0,0,0,0,9,2,E01017946,-1,0,0.0,1.0,-1,6,20,1,1,1,13:42,2,2,9
2023061281375,2023,061281375,2,1,1,2,40,7,3,0,0,0,0,0,9,4,E01006047,3,1,0.0,1.0,-1,6,30,1,1,1,16:17,3,2,9
2023411305724,2023,411305724,1,1,1,2,49,8,3,0,0,0,0,0,9,10,E01023313,3,1,0.0,1.0,-1,1,30,2,1,2,17:51,5,2,9
2023201377405,2023,201377405,1,1,3,2,44,7,2,5,9,0,0,2,0,9,E01009466,7,1,1.0,0.0,-1,3,30,2,1,2,12:07,6,1,9
2023440250736,2023,440250736,1,1,3,1,9,2,3,5,1,0,0,0,0,6,E01023155,-1,0,0.16618,0.83382,-1,6,30,1,1,1,18:43,6,1,9
2023201429478,2023,201429478,1,1,1,-1,29,6,3,0,0,0,0,0,1,2,E01009650,3,1,0.0,1.0,-1,6,30,1,4,2,01:13,1,2,1
2023010479746,2023,010479746,1,1,2,2,39,7,3,0,0,2,0,0,9,7,E01001343,-1,0,0.0,1.0,-1,3,60,1,1,1,15:30,5,2,9
2023052300410,2023,052300410,2,1,2,1,22,5,3,0,0,1,0,0,9,4,E01025508,-1,0,0.03001,0.96999,-1,6,30,2,1,2,09:30,5,2,9
2023061328038,2023,061328038,1,1,2,2,18,4,3,0,0,1,0,0,9,1,E01004801,3,1,0.0,1.0,-1,6,30,1,1,1,23:45,5,4,9
2023320400176,2023,320400176,1,1,1,2,30,6,3,0,0,0,0,0,9,9,E01026320,-1,0,0.03051,0.96949,-1,6,30,1,1,1,10:08,5,2,9
2023351274392,2023,351274392,1,1,3,1,23,5,1,5,1,0,0,0,0,-1,-1,1,1,0.0,0.0,-1,6,50,1,6,1,23:10,4,1,21
2023161321067,2023,161321067,2,1,1,1,10,2,3,0,0,0,0,0,1,1,E01012948,3,1,0.0,1.0,-1,6,20,1,1,1,12:00,4,2,1
2023010476590,2023,010476590,1,1,2,1,39,7,3,0,0,1,0,0,9,2,E01003024,-1,0,0.0,1.0,-1,6,20,1,4,1,23:50,3,2,9
2023131269033,2023,131269033,1,1,1,1,48,8,3,0,0,0,0,0,9,1,E01010674,3,1,0.0,1.0,-1,6,30,1,4,2,02:57,7,1,9
2023201314113,2023,201314113,2,2,2,2,26,6,3,0,0,2,0,0,9,6,E01010167,3,1,0.0,1.0,-1,1,30,1,4,1,00:05,7,2,9
2023231371511,2023,231371511,1,3,2,1,20,4,2,0,0,2,0,0,9,-1,-1,7,1,1.0,0.0,-1,6,60,1,6,1,20:01,7,2,9
2023440045537,2023,440045537,1,1,1,2,61,9,3,0,0,0,0,0,9,6,E01017066,-1,0,0.10413,0.89587,-1,7,70,1,4,1,21:37,5,1,9
2023440087098,2023,440087098,1,5,2,2,59,9,3,0,0,0,0,0,10,3,E01026601,-1,0,0.09362,0.90638,-1,3,70,1,1,2,13:38,6,2,10
2023041314631,2023,041314631,1,2,2,2,67,10,1,0,0,1,0,0,9,2,E01010583,1,1,0.0,0.0,-1,3,70,1,1,1,18:04,7,2,9
2023141285528,2023,141285528,3,2,1,2,24,5,3,0,0,0,0,0,9,7,E01007798,3,1,0.0,1.0,-1,6,60,3,1,2,11:39,5,3,9
2023320598886,2023,320598886,1,1,1,1,18,4,3,0,0,0,0,0,9,4,E01026009,-1,0,0.08028,0.91972,-1,6,60,1,1,1,17:20,3,2,9
2023010461361,2023,010461361,1,1,1,1,38,7,3,0,0,0,0,0,3,4,E01001686,-1,0,0.0,1.0,-1,3,30,1,1,1,12:15,7,2,3
2023371364738,2023,371364738,1,1,1,1,39,7,3,0,0,0,0,0,5,3,E01030253,3,1,0.0,1.0,-1,1,30,2,4,2,23:38,4,2,5
2023041324994,2023,041324994,2,2,2,1,16,4,3,0,0,1,0,0,9,1,E01025575,3,1,0.0,1.0,-1,6,30,4,1,1,12:31,1,2,9
2023991297539,2023,991297539,1,3,2,1,64,9,2,0,0,1,0,0,9,10,E01027704,6,1,1.0,0.0,-1,6,60,1,1,1,13:50,2,2,9
2023010482058,2023,010482058,1,1,3,1,53,8,3,10,9,0,0,0,0,8,E01003660,-1,0,0.0,1.0,-1,9,30,2,4,2,23:15,7,1,97
2023010428633,2023,010428633,1,1,1,1,58,9,3,0,0,0,0,0,1,5,E01004353,-1,0,0.0,1.0,-1,6,20,2,4,2,06:20,4,2,1
2023501362261,2023,501362261,2,1,1,1,32,6,3,0,0,0,0,0,1,5,E01015062,3,1,0.0,1.0,-1,6,30,2,1,2,16:44,5,2,1
2023111390305,2023,111390305,2,1,1,1,50,8,2,0,0,0,0,0,5,4,E01008483,6,1,1.0,0.0,-1,3,50,1,4,2,17:00,3,2,5
2023131329756,2023,131329756,1,1,1,2,79,11,3,0,0,0,0,0,9,5,E01027729,3,1,0.0,1.0,-1,6,30,1,1,1,12:00,7,2,9
2023332301257,2023,332301257,2,1,1,1,55,8,3,0,0,0,0,0,9,1,E01013754,-1,0,0.01221,0.98779,-1,6,30,1,4,2,19:35,7,4,9
2023430388864,2023,430388864,1,1,1,1,36,7,3,0,0,0,0,0,9,4,E01022527,-1,0,0.08142,0.91858,-1,6,40,1,1,1,17:50,4,2,9
2023520301124,2023,520301124,1,1,1,1,83,11,3,0,0,0,0,0,9,7,E01029275,-1,0,0.06222,0.93778,-1,6,30,1,1,2,14:20,5,1,9
2023101370802,2023,101370802,1,1,3,1,17,4,3,5,1,0,0,0,0,1,E01008573,3,1,0.0,1.0,-1,6,20,1,4,1,22:30,3,1,9
2023430203189,2023,430203189,2,1,1,1,61,9,3,0,0,0,0,0,1,10,E01028727,-1,0,0.16083,0.83917,-1,1,50,1,1,1,12:50,4,2,1
2023201286979,2023,201286979,1,1,1,1,50,8,2,0,0,0,0,0,5,9,E01029677,7,1,1.0,0.0,-1,6,30,1,1,2,11:50,1,2,5
2023311319340,2023,311319340,1,1,1,2,26,6,3,0,0,0,0,0,9,5,E01019439,3,1,0.0,1.0,-1,3,30,1,1,1,18:08,5,2,9
2023361336086,2023,361336086,2,1,1,1,85,11,3,0,0,0,0,0,9,9,E01026544,3,1,0.0,1.0,-1,6,30,1,1,1,18:45,2,2,9
2023201344988,2023,201344988,2,1,1,2,70,10,2,0,0,0,0,0,1,6,E01009034,7,1,1.0,0.0,-1,3,30,1,1,1,12:50,6,2,1
2023991394065,2023,991394065,1,1,1,1,21,5,3,0,0,0,0,0,3,5,-1,3,1,0.0,1.0,-1,1,60,3,4,4,06:15,7,1,3
2023101392480,2023,101392480,2,2,2,1,31,6,3,0,0,1,0,0,9,-1,-1,3,1,0.0,1.0,-1,3,40,9,4,2,07:45,4,2,9
2023531417878,2023,531417878,2,2,2,1,0,1,3,0,0,2,0,0,9,9,E01022295,3,1,0.0,1.0,-1,3,40,1,1,1,06:45,1,2,9
202360A093834,2023,60A093834,1,1,2,1,22,5,2,0,0,1,0,0,9,-1,-1,-1,0,1.0,0.0,-1,6,60,1,1,1,08:12,7,2,9
2023430555779,2023,430555779,2,1,1,1,25,5,2,0,0,0,0,0,-1,9,E01016735,-1,0,1.0,0.0,-1,6,30,1,7,1,20:30,3,2,-1
2023010443718,2023,010443718,1,1,3,2,33,6,3,5,3,0,0,0,0,4,E01003784,-1,0,0.0,1.0,-1,6,30,8,1,1,11:55,5,1,1
2023161277502,2023,161277502,2,1,3,2,19,4,3,9,6,0,0,0,0,1,E01012837,3,1,0.0,1.0,-1,6,30,1,1,1,14:30,6,2,9
2023201416317,2023,201416317,1,1,3,1,33,6,3,9,5,0,0,1,0,5,E01010306,3,1,0.0,1.0,-1,6,30,1,4,1,06:30,4,1,90
2023320670475,2023,320670475,2,1,1,1,51,8,3,0,0,0,0,0,1,3,E01026323,-1,0,0.05591,0.94409,-1,6,30,1,1,2,08:23,1,2,1
2023320712341,2023,320712341,2,1,1,1,40,7,3,0,0,0,0,0,9,8,E01032994,-1,0,0.01583,0.98417,-1,6,30,1,1,1,13:05,6,2,9
2023401380345,2023,401380345,2,2,1,1,22,5,2,0,0,0,0,0,9,7,E01017564,6,1,1.0,0.0,-1,6,60,2,6,2,19:12,5,2,9
2023471340043,2023,471340043,2,1,1,2,38,7,2,0,0,0,0,0,9,8,E01021223,7,1,1.0,0.0,-1,6,60,1,1,1,14:55,4,2,9
2023501341846,2023,501341846,2,1,1,2,31,6,3,0,0,0,0,0,9,6,E01018826,3,1,0.0,1.0,-1,1,30,1,1,1,09:30,3,2,9
2023501370328,2023,501370328,2,1,1,2,53,8,3,0,0,0,0,0,9,1,E01015088,3,1,0.0,1.0,-1,6,30,1,1,1,09:39,4,2,9
2023361319683,2023,361319683,2,1,2,2,71,10,2,0,0,0,-1,0,11,2,E01026600,7,1,1.0,0.0,-1,6,20,9,4,-1,18:15,5,2,11
2023131378941,2023,131378941,1,3,2,2,17,4,2,0,0,2,0,0,9,8,E01011929,7,1,1.0,0.0,-1,6,60,1,6,1,21:30,6,1,9
2023541323323,2023,541323323,2,2,2,2,48,8,3,0,0,1,0,0,9,1,E01015507,-1,0,0.01704,0.98296,-1,1,40,1,1,1,11:07,2,2,9
2023010471548,2023,010471548,1,1,1,1,36,7,3,0,0,0,0,0,1,5,E01032783,-1,0,0.0,1.0,-1,9,20,1,1,1,08:10,4,2,1
2023010442624,2023,010442624,1,1,1,1,20,4,3,0,0,0,0,0,3,-1,-1,-1,0,0.0,1.0,-1,9,20,1,1,2,16:02,6,2,3
2023991259613,2023,991259613,1,1,1,2,36,7,3,0,0,0,0,0,9,9,-1,3,1,0.0,1.0,-1,6,60,1,1,4,09:45,2,1,9
2023332300045,2023,332300045,2,1,1,1,29,6,2,0,0,0,0,0,1,1,E01013602,-1,0,1.0,0.0,-1,6,30,8,4,4,18:45,2,2,1
2023131341216,2023,131341216,2,1,1,1,33,6,2,0,0,0,0,0,9,5,E01011077,7,1,1.0,0.0,-1,6,50,1,1,1,06:22,1,2,9
2023201291229,2023,201291229,1,2,2,1,45,7,3,0,0,0,4,0,11,2,E01010419,3,1,0.0,1.0,-1,1,30,1,1,1,18:16,6,2,11
2023010481039,2023,010481039,1,1,1,2,46,8,3,0,0,0,0,0,9,10,E01004105,-1,0,0.0,1.0,-1,3,30,8,1,2,08:30,5,2,9
2023061325212,2023,061325212,2,1,1,2,45,7,3,0,0,0,0,0,9,2,E01025051,3,1,0.0,1.0,-1,6,30,1,1,1,13:20,3,2,9
2023101350930,2023,101350930,1,1,1,1,58,9,2,0,0,0,0,0,9,10,E01013092,7,1,1.0,0.0,-1,6,60,1,1,1,11:00,1,1,9
2023122301355,2023,122301355,2,4,2,1,25,5,3,0,0,1,0,0,9,5,E01027789,-1,0,0.05544,0.94456,-1,6,40,1,6,1,20:10,5,2,9
2023201424160,2023,201424160,2,3,1,-1,-1,-1,3,0,0,0,0,0,9,-1,-1,3,1,0.0,1.0,-1,6,30,8,1,1,08:50,3,3,9
2023311392058,2023,311392058,1,1,1,2,21,5,3,0,0,0,0,0,9,7,E01027988,3,1,0.0,1.0,-1,6,30,1,4,2,03:30,2,2,9
2023371316740,2023,371316740,1,1,1,1,20,4,3,0,0,0,0,0,9,9,E01030072,3,1,0.0,1.0,-1,3,40,1,1,1,16:50,4,2,9
2023440386486,2023,440386486,1,1,1,1,36,7,3,0,0,0,0,0,9,3,E01028553,-1,0,0.03456,0.96544,-1,6,30,1,4,1,20:00,5,2,9
2023520300826,2023,520300826,1,3,2,2,24,5,3,0,0,1,0,0,9,4,E01014450,-1,0,0.06175,0.93825,-1,6,60,1,6,2,19:15,5,2,9
2023141311266,2023,141311266,1,1,1,1,45,7,3,0,0,0,0,0,97,6,E01007695,3,1,0.0,1.0,-1,1,30,1,1,1,18:05,4,2,97
2023131264058,2023,131264058,1,1,1,1,27,6,2,0,0,0,0,0,1,1,E01010730,5,1,1.0,0.0,-1,3,30,1,4,4,18:48,2,2,1
2023170L20943,2023,170L20943,2,1,1,1,23,5,2,0,0,0,0,0,1,-1,-1,-1,0,1.0,0.0,-1,6,30,1,1,1,17:42,3,2,1
2023451365708,2023,451365708,2,1,1,1,32,6,2,0,0,0,0,0,1,9,E01030991,5,1,1.0,0.0,-1,6,30,1,1,1,13:55,1,2,1
2023010447217,2023,010447217,1,1,1,1,37,7,3,0,0,0,0,0,3,1,E01002069,-1,0,0.0,1.0,-1,2,20,8,7,1,23:23,2,2,3
2023131281374,2023,131281374,2,1,1,1,28,6,3,0,0,0,0,0,3,1,E01011899,3,1,0.0,1.0,-1,6,30,1,1,1,13:52,3,2,3
2023361353788,2023,361353788,2,1,1,1,19,4,2,0,0,0,0,0,3,1,E01026597,7,1,1.0,0.0,-1,1,30,1,4,1,22:52,2,2,3
2023201387860,2023,201387860,1,1,1,1,27,6,3,0,0,0,0,0,9,1,E01010054,3,1,0.0,1.0,-1,6,30,2,4,2,20:50,5,2,9
2023351387819,2023,351387819,2,2,1,2,31,6,3,0,0,0,0,0,9,-1,-1,3,1,0.0,1.0,-1,6,60,8,6,4,16:29,3,2,9
2023461382639,2023,461382639,2,2,2,2,40,7,3,0,0,1,0,0,9,6,E01024674,3,1,0.0,1.0,-1,6,50,1,6,2,18:10,4,3,9
2023421376620,2023,421376620,1,1,3,2,24,5,3,10,9,0,0,-1,0,4,E01033140,3,1,0.0,1.0,-1,6,30,1,1,1,16:25,4,1,9
2023201307416,2023,201307416,2,1,1,1,19,4,2,0,0,0,0,0,1,2,E01010560,7,1,1.0,0.0,-1,6,30,1,1,1,12:30,4,2,1
2023010481959,2023,010481959,1,1,1,2,35,6,3,0,0,0,0,0,9,5,E01003945,-1,0,0.0,1.0,-1,6,20,2,4,2,17:10,2,2,9
2023461318189,2023,461318189,1,1,1,2,76,11,3,0,0,0,0,0,9,10,E01024755,3,1,0.0,1.0,-1,3,50,1,1,1,15:49,4,2,9
2023201381965,2023,201381965,2,1,1,1,54,8,3,0,0,0,0,0,19,8,E01010329,3,1,0.0,1.0,-1,3,60,1,1,1,08:04,3,3,19
2023070604266,2023,070604266,1,2,2,1,5,1,3,0,0,1,0,0,9,6,E01012378,-1,0,0.04278,0.95722,-1,6,30,1,1,1,13:56,4,1,9
2023131340960,2023,131340960,1,4,1,1,49,8,2,0,0,0,0,0,9,5,E01032495,5,1,1.0,0.0,-1,3,70,1,1,1,08:26,7,2,9
2023201396107,2023,201396107,1,1,2,1,28,6,3,0,0,1,0,0,9,5,E01009825,3,1,0.0,1.0,-1,6,30,1,4,1,22:45,7,2,9
2023401289014,2023,401289014,1,1,2,1,28,6,3,0,0,1,0,0,9,3,E01017400,3,1,0.0,1.0,-1,6,60,1,1,2,14:17,2,1,9
2023543940823,2023,543940823,2,1,1,1,56,9,3,0,0,0,0,0,9,10,E01015533,-1,0,0.059,0.941,-1,3,40,9,7,1,23:20,6,2,9
2023340NN2042,2023,340NN2042,2,1,1,1,38,7,3,0,0,0,0,0,-1,8,E01027087,-1,0,0.12125,0.87875,-1,6,30,1,1,1,16:20,3,2,-1
2023531327462,2023,531327462,2,4,1,2,19,4,3,0,0,0,0,0,9,5,E01022245,3,1,0.0,1.0,-1,6,40,1,1,1,18:00,1,2,9
2023101321393,2023,101321393,1,1,1,1,30,6,1,0,0,0,0,0,23,3,E01008769,1,1,0.0,0.0,-1,6,20,1,4,1,01:05,5,2,23
2023351333220,2023,351333220,2,1,1,1,17,4,3,0,0,0,0,0,1,1,E01015604,3,1,0.0,1.0,-1,6,30,1,1,1,21:26,5,2,1
2023010466180,2023,010466180,1,1,2,1,-1,-1,3,0,0,2,0,0,8,5,E01001471,-1,0,0.0,1.0,-1,6,30,1,1,1,12:09,6,1,8
2023411271274,2023,411271274,1,1,2,2,55,8,2,0,0,1,0,0,9,6,E01023414,6,1,1.0,0.0,-1,6,30,2,1,2,08:30,2,2,9
2023451350102,2023,451350102,1,1,1,2,49,8,3,0,0,0,0,0,9,9,E01030446,3,1,0.0,1.0,-1,6,40,8,1,1,09:15,5,2,9
2023543269923,2023,543269923,1,1,3,2,17,4,3,5,2,0,0,0,0,8,E01032095,-1,0,0.08501,0.91499,-1,1,30,1,1,1,17:12,2,1,9
2023211297221,2023,211297221,1,1,1,2,27,6,3,0,0,0,0,0,9,-1,-1,3,1,0.0,1.0,-1,6,30,2,4,2,19:06,6,2,9
2023211310996,2023,211310996,2,4,2,2,78,11,3,0,0,1,0,0,9,8,E01014314,3,1,0.0,1.0,-1,1,30,1,1,1,11:14,5,2,9
2023401321607,2023,401321607,1,2,2,2,38,7,3,0,0,1,0,0,9,5,E01016841,3,1,0.0,1.0,-1,6,40,1,6,1,23:36,2,1,9
2023501344295,2023,501344295,1,1,1,2,47,8,3,0,0,0,0,0,9,5,E01020177,3,1,0.0,1.0,-1,3,40,1,1,1,09:45,3,2,9
2023010457105,2023,010457105,2,1,1,1,54,8,3,0,0,0,0,0,1,6,E01004078,-1,0,0.0,1.0,-1,6,20,1,1,1,08:50,3,2,1
2023401305653,2023,401305653,2,1,1,2,44,7,3,0,0,0,0,0,1,3,E01017515,3,1,0.0,1.0,-1,6,40,2,1,1,15:20,5,2,1
2023131275008,2023,131275008,1,2,2,1,25,5,3,0,0,2,0,0,9,1,E01011140,3,1,0.0,1.0,-1,6,30,1,4,1,19:00,6,2,9
2023471356216,2023,471356216,1,1,1,2,39,7,3,0,0,0,0,0,9,4,E01031788,3,1,0.0,1.0,-1,6,30,1,1,1,17:55,2,3,9
2023631377355,2023,631377355,1,1,1,2,21,5,3,0,0,0,0,0,9,2,W01000483,3,1,0.0,1.0,-1,6,60,1,1,1,03:15,4,1,9
2023401335638,2023,401335638,2,1,1,1,35,6,3,0,0,0,0,0,3,2,E01015698,3,1,0.0,1.0,-1,6,30,1,1,-1,20:45,1,2,3
2023071057088,2023,071057088,1,1,1,1,79,11,3,0,0,0,0,0,9,4,E01018315,-1,0,0.06568,0.93432,-1,6,30,1,1,1,12:00,5,2,9
2023131322941,2023,131322941,3,1,1,2,30,6,3,0,0,0,0,0,9,3,E01011333,3,1,0.0,1.0,-1,6,30,1,1,1,15:45,2,3,9
2023201453369,2023,201453369,1,1,1,1,22,5,3,0,0,0,0,0,9,3,E01009392,3,1,0.0,1.0,-1,7,30,1,4,1,23:23,6,2,9
2023461275305,2023,461275305,1,3,2,2,19,4,1,0,0,2,0,0,9,7,E01001608,1,1,0.0,0.0,-1,6,40,1,4,2,22:50,7,2,9
2023552300707,2023,552300707,2,1,1,1,52,8,3,0,0,0,0,0,9,5,E01015334,-1,0,0.05984,0.94016,-1,6,30,1,1,1,19:58,1,3,9
2023131359548,2023,131359548,3,2,1,1,72,10,3,0,0,0,0,0,19,1,E01011695,3,1,0.0,1.0,-1,3,50,1,1,1,16:46,4,3,19
2023010455567,2023,010455567,1,1,1,1,49,8,3,0,0,0,0,0,9,3,E01002701,-1,0,0.0,1.0,-1,6,20,1,4,1,01:48,2,2,9
2023031367775,2023,031367775,2,1,2,2,45,7,2,0,0,1,0,0,9,-1,-1,5,1,1.0,0.0,-1,6,60,1,1,2,13:20,6,2,9
2023201291777,2023,201291777,1,1,1,1,38,7,3,0,0,0,0,0,9,1,E01010286,3,1,0.0,1.0,-1,6,30,1,1,1,11:20,2,2,9
2023311355518,2023,311355518,1,1,1,2,37,7,3,0,0,0,0,0,9,6,E01028183,3,1,0.0,1.0,-1,6,30,1,1,2,12:25,7,2,9
2023461318527,2023,461318527,2,1,1,1,34,6,3,0,0,0,0,0,9,3,E01024529,3,1,0.0,1.0,-1,6,40,1,1,1,18:48,7,2,9
2023501341789,2023,501341789,1,1,1,1,17,4,2,0,0,0,0,0,9,8,E01020520,5,1,1.0,0.0,-1,6,60,2,6,2,04:23,2,1,9
2023520400421,2023,520400421,1,2,2,1,33,6,3,0,0,1,0,0,9,10,E01014793,-1,0,0.02969,0.97031,-1,6,30,1,1,1,13:40,4,2,9
2023552301261,2023,552301261,2,1,1,2,45,7,3,0,0,0,0,0,9,6,E01015440,-1,0,0.03561,0.96439,-1,6,30,2,4,2,20:49,5,2,9
2023471338265,2023,471338265,1,1,1,1,33,6,3,0,0,0,0,0,19,3,E01031400,3,1,0.0,1.0,-1,6,60,1,1,1,15:10,6,2,19
2023522301044,2023,522301044,1,1,1,1,26,6,3,0,0,0,0,0,-1,3,E01014650,-1,0,0.01795,0.98205,-1,6,20,1,1,1,16:15,3,2,-1
2023361349660,2023,361349660,2,1,1,1,53,8,3,0,0,0,0,0,9,5,E01026481,3,1,0.0,1.0,-1,6,30,1,1,1,15:03,3,2,9
2023991332028,2023,991332028,1,1,1,2,65,9,3,0,0,0,0,0,9,5,-1,3,1,0.0,1.0,-1,6,30,1,1,1,17:30,6,2,9
2023010426476,2023,010426476,1,1,1,1,37,7,3,0,0,0,0,0,3,6,E01001393,-1,0,0.0,1.0,-1,9,20,1,1,1,14:20,6,2,3
2023010435114,2023,010435114,1,1,1,2,34,6,3,0,0,0,0,0,3,3,E01000089,-1,0,0.0,1.0,-1,3,20,1,1,1,16:10,4,2,3
2023231387766,2023,231387766,2,1,1,1,18,4,2,0,0,0,0,0,3,10,E01031275,6,1,1.0,0.0,-1,6,50,1,6,2,20:09,2,2,3
2023052300223,2023,052300223,2,1,2,2,0,1,3,0,0,2,0,0,9,-1,-1,-1,0,0.00736,0.99264,-1,3,70,1,5,1,17:30,6,2,9
2023052301075,2023,052301075,2,1,1,2,44,7,3,0,0,0,0,0,9,5,E01006475,-1,0,0.01601,0.98399,-1,6,30,1,1,1,12:10,5,2,9
2023141297585,2023,141297585,2,1,1,2,36,7,2,0,0,0,0,0,9,6,E01013074,7,1,1.0,0.0,-1,6,30,1,1,1,20:23,2,2,9
2023451384232,2023,451384232,1,1,1,1,23,5,3,0,0,0,0,0,9,9,E01030660,3,1,0.0,1.0,-1,6,30,1,7,2,19:30,5,2,9
2023522300391,2023,522300391,2,1,1,2,65,9,3,0,0,0,0,0,9,7,E01032677,-1,0,0.02498,0.97502,-1,6,40,1,1,2,14:52,4,2,9
2023631307469,2023,631307469,2,1,1,1,57,9,3,0,0,0,0,0,9,7,W01001937,3,1,0.0,1.0,-1,6,60,4,1,1,10:20,7,3,9
2023161362138,2023,161362138,1,1,1,1,55,8,2,0,0,0,0,0,9,7,E01013008,7,1,1.0,0.0,-1,3,40,1,1,1,12:45,5,1,9
2023371295623,2023,371295623,1,2,1,1,66,10,2,0,0,0,0,0,9,2,E01009999,6,1,1.0,0.0,-1,6,50,1,1,1,16:40,1,2,9
2023141263275,2023,141263275,2,1,1,1,44,7,3,0,0,0,0,0,9,7,E01019770,3,1,0.0,1.0,-1,6,30,1,4,1,19:00,6,2,9
2023451376527,2023,451376527,2,1,1,2,51,8,3,0,0,0,0,0,9,8,E01030440,3,1,0.0,1.0,-1,6,30,1,1,2,08:30,2,2,9
2023010477023,2023,010477023,1,1,1,1,59,9,3,0,0,0,0,0,9,4,E01015755,-1,0,0.0,1.0,-1,6,20,1,1,1,11:05,5,2,9
2023131356918,2023,131356918,2,2,2,2,68,10,3,0,0,0,0,0,9,4,E01011647,3,1,0.0,1.0,-1,6,30,1,1,1,11:57,4,2,9
2023471263559,2023,471263559,2,4,1,2,69,10,3,0,0,0,0,0,9,7,E01021199,3,1,0.0,1.0,-1,6,60,8,1,1,13:20,1,2,9
2023332301136,2023,332301136,2,1,1,1,20,4,3,0,0,0,0,0,1,1,E01032597,-1,0,0.03626,0.96374,-1,6,30,1,1,1,13:06,4,2,1
2023010484887,2023,010484887,1,1,1,1,53,8,3,0,0,0,0,0,9,1,E01000858,-1,0,0.0,1.0,-1,2,20,1,1,1,14:00,2,2,9
2023471373684,2023,471373684,1,1,1,1,66,10,3,0,0,0,0,0,9,6,E01001319,3,1,0.0,1.0,-1,6,20,2,4,2,17:00,1,1,9
2023010423350,2023,010423350,2,1,1,1,14,3,2,0,0,0,0,0,1,3,E01002283,-1,0,1.0,0.0,-1,6,30,1,4,1,21:20,3,2,1
2023471351492,2023,471351492,1,1,1,1,53,8,1,0,0,0,0,0,1,6,E01021182,1,1,0.0,0.0,-1,6,60,1,1,1,11:58,1,2,1
2023010436906,2023,010436906,1,1,1,1,24,5,3,0,0,0,0,0,3,4,E01004380,-1,0,0.0,1.0,-1,9,20,2,1,2,17:20,6,2,3
2023010472345,2023,010472345,1,1,1,2,26,6,3,0,0,0,0,0,9,7,E01000457,-1,0,0.0,1.0,-1,9,30,9,1,9,18:30,2,2,9
2023440347624,2023,440347624,1,1,1,1,53,8,3,0,0,0,0,0,9,4,E01022549,-1,0,0.12184,0.87816,-1,3,50,1,4,1,21:44,1,1,9
2023552400201,2023,552400201,1,1,1,2,69,10,2,0,0,0,0,0,9,3,E01015439,-1,0,1.0,0.0,-1,6,30,1,1,1,18:05,6,2,9
2023161361374,2023,161361374,1,1,1,1,59,9,3,0,0,0,0,0,5,2,E01012826,3,1,0.0,1.0,-1,6,30,1,1,1,16:25,4,2,5
2023311356287,2023,311356287,1,1,1,1,22,5,3,0,0,0,0,0,9,4,E01013936,3,1,0.0,1.0,-1,6,30,1,1,1,16:40,2,2,9
2023411330617,2023,411330617,1,1,2,1,23,5,3,0,0,-1,0,0,9,4,E01023738,3,1,0.0,1.0,-1,3,40,1,4,2,23:11,4,1,9
2023631357390,2023,631357390,2,1,3,2,61,9,3,10,9,0,0,-1,0,10,E01022317,3,1,0.0,1.0,-1,6,20,1,1,1,12:15,5,2,9
2023010428118,2023,010428118,2,1,1,1,24,5,3,0,0,0,0,0,1,4,E01001167,-1,0,0.0,1.0,-1,6,20,1,4,2,21:45,1,3,1
2023010434642,2023,010434642,2,1,1,1,30,6,3,0,0,0,0,0,1,-1,-1,-1,0,0.0,1.0,-1,6,20,2,1,2,09:30,3,2,1
2023052301344,2023,052301344,2,1,1,1,21,5,3,0,0,0,0,0,1,1,E01006752,-1,0,0.13663,0.86337,-1,6,30,1,1,1,14:05,6,2,1
2023122300864,2023,122300864,1,1,1,1,80,11,2,0,0,0,0,0,5,8,E01027661,-1,0,1.0,0.0,-1,6,30,1,1,1,11:08,7,1,5
2023010454657,2023,010454657,1,5,2,1,16,4,3,0,0,2,0,0,9,2,E01004284,-1,0,0.0,1.0,-1,3,40,1,1,1,19:22,3,2,9
2023522400868,2023,522400868,2,2,2,1,26,6,3,0,0,1,0,0,9,3,E01014684,-1,0,0.02344,0.97656,-1,6,20,1,1,1,14:53,2,4,9
2023010422288,2023,010422288,1,1,1,1,22,5,3,0,0,0,0,0,1,7,E01000118,-1,0,0.0,1.0,-1,1,30,1,1,1,14:04,5,2,1
2023010419727,2023,010419727,1,1,1,2,40,7,3,0,0,0,0,0,3,5,E01033577,-1,0,0.0,1.0,-1,6,20,1,1,2,07:25,5,2,3
2023010481010,2023,010481010,1,1,2,1,54,8,3,0,0,2,0,0,9,2,E01004252,-1,0,0.0,1.0,-1,2,20,1,6,1,23:29,4,17,9
2023430498100,2023,430498100,1,1,1,1,44,7,3,0,0,0,0,0,9,3,E01016444,-1,0,0.00416,0.99584,-1,6,30,1,1,2,12:27,7,2,9
2023430458672,2023,430458672,1,1,3,2,15,3,3,1,1,0,0,0,0,5,E01016518,-1,0,0.04256,0.95744,-1,6,30,1,1,1,15:20,3,1,9