collision_index,collision_year,collision_ref_no,vehicle_reference,casualty_reference,casualty_class,sex_of_casualty,age_of_casualty,age_band_of_casualty,casualty_severity,pedestrian_location,pedestrian_movement,car_passenger,bus_or_coach_passenger,pedestrian_road_maintenance_worker,casualty_type,casualty_imd_decile,lsoa_of_casualty,enhanced_casualty_severity,casualty_injury_based,casualty_adjusted_severity_serious,casualty_adjusted_severity_slight,casualty_distance_banding,road_type,speed_limit,weather_conditions,light_conditions,road_surface_conditions,time,day_of_week,number_of_vehicles,vehicle_type
2023501341811,2023,501341811,1,1,3,1,78,11,2,6,9,0,0,0,0,9,E01028666,7,1,1.0,0.0,-1,6,20,1,1,1,14:08,1,2,9
2023461351193,2023,461351193,2,2,2,2,47,8,2,0,0,2,0,0,9,4,E01024593,7,1,1.0,0.0,-1,6,30,1,1,1,15:44,5,2,9
2023451297548,2023,451297548,1,1,1,1,29,6,3,0,0,0,0,0,3,10,E01030395,3,1,0.0,1.0,-1,6,30,1,1,1,10:50,1,2,3
2023111365528,2023,111365528,1,1,1,1,17,4,3,0,0,0,0,0,9,4,E01020625,3,1,0.0,1.0,-1,6,60,1,6,5,22:00,7,1,9
2023461366259,2023,461366259,2,1,2,2,23,5,3,0,0,1,0,0,9,4,E01004258,3,1,0.0,1.0,-1,6,30,1,1,1,16:33,7,2,9
2023461394969,2023,461394969,2,1,1,2,57,9,3,0,0,0,0,0,9,7,E01016170,3,1,0.0,1.0,-1,6,30,1,4,2,20:00,2,2,9
2023991268998,2023,991268998,2,2,2,2,37,7,2,0,0,0,0,0,19,-1,-1,6,1,1.0,0.0,-1,6,60,1,6,2,19:40,6,2,19
2023501280464,2023,501280464,1,1,1,1,27,6,3,0,0,0,0,0,90,-1,-1,3,1,0.0,1.0,-1,6,60,1,1,1,16:05,7,1,90
2023461291343,2023,461291343,1,1,3,2,47,8,3,9,5,0,0,0,0,3,E01024169,3,1,0.0,1.0,-1,6,30,1,4,1,23:29,6,1,9
2023010471016,2023,010471016,1,1,1,1,34,6,3,0,0,0,0,0,11,8,E01014195,-1,0,0.0,1.0,-1,6,20,1,1,1,18:05,2,2,11
2023010426278,2023,010426278,1,1,3,1,6,2,3,9,7,0,0,0,0,4,E01033725,-1,0,0.0,1.0,-1,3,20,1,1,1,08:57,5,1,9
2023010443900,2023,010443900,1,1,3,2,49,8,3,5,2,0,0,0,0,2,E01003321,-1,0,0.0,1.0,-1,6,30,1,1,1,11:25,6,1,9
2023101284520,2023,101284520,1,1,3,2,-1,-1,3,5,3,0,0,0,0,-1,-1,3,1,0.0,1.0,-1,6,30,1,4,1,19:12,2,1,9
2023471312116,2023,471312116,1,1,3,2,11,3,3,5,1,0,0,0,0,1,E01020972,3,1,0.0,1.0,-1,6,30,1,1,1,14:10,7,1,9
2023131349506,2023,131349506,2,1,1,1,13,3,3,0,0,0,0,0,1,7,E01011410,3,1,0.0,1.0,-1,6,30,1,1,1,08:15,3,2,1
2023122300327,2023,122300327,1,1,1,1,57,9,1,0,0,0,0,0,5,9,E01010773,-1,0,0.0,0.0,-1,6,60,1,1,1,12:08,1,2,5
2023201377165,2023,201377165,1,1,1,1,39,7,3,0,0,0,0,0,9,2,E01011262,3,1,0.0,1.0,-1,6,30,1,4,1,22:25,2,2,9
2023361284919,2023,361284919,1,1,1,1,81,11,3,0,0,0,0,0,9,6,E01026431,3,1,0.0,1.0,-1,6,60,3,1,2,11:33,5,1,9
2023010455069,2023,010455069,1,1,3,1,68,10,2,10,9,0,0,0,0,4,E01002549,-1,0,1.0,0.0,-1,6,20,1,4,1,21:50,5,1,11
2023061305473,2023,061305473,1,1,3,1,80,11,2,4,9,0,0,0,0,1,E01005422,7,1,1.0,0.0,-1,3,30,1,1,1,17:25,3,1,9
2023471328229,2023,471328229,1,1,3,1,57,9,3,6,9,0,0,0,0,4,E01031628,3,1,0.0,1.0,-1,6,30,1,1,1,11:15,2,1,20
2023320675819,2023,320675819,1,1,1,1,65,9,2,0,0,0,0,0,9,3,E01026023,-1,0,1.0,0.0,-1,6,30,1,1,2,13:00,3,2,9
2023440178168,2023,440178168,1,2,2,1,37,7,3,0,0,1,0,0,9,-1,-1,-1,0,0.05549,0.94451,-1,6,30,1,1,2,13:50,7,2,9
2023101350742,2023,101350742,1,2,1,1,38,7,2,0,0,0,0,0,19,4,E01008404,7,1,1.0,0.0,-1,3,50,1,1,1,09:19,6,2,19
2023461310824,2023,461310824,2,1,1,1,59,9,3,0,0,0,0,0,1,5,E01024638,3,1,0.0,1.0,-1,1,70,1,1,1,11:45,2,2,1
2023461289314,2023,461289314,1,1,1,1,44,7,2,0,0,0,0,0,8,5,E01000071,6,1,1.0,0.0,-1,6,60,2,1,2,09:20,6,1,8
2023010478465,2023,010478465,2,2,2,1,41,7,3,0,0,1,0,0,9,6,E01000330,-1,0,0.0,1.0,-1,6,30,1,1,2,07:21,6,2,9
2023430223925,2023,430223925,1,4,1,1,23,5,3,0,0,0,0,0,9,3,E01003431,-1,0,0.06215,0.93785,-1,3,70,1,1,1,12:01,2,2,9
2023010427397,2023,010427397,1,1,3,2,84,11,3,1,4,0,0,0,0,3,E01001784,-1,0,0.0,1.0,-1,6,20,1,1,1,15:49,4,1,19
2023361373215,2023,361373215,1,1,3,2,71,10,1,5,1,0,0,0,0,-1,-1,1,1,0.0,0.0,-1,6,30,1,4,1,17:06,6,1,9
2023061350931,2023,061350931,3,5,2,1,10,2,3,0,0,2,0,0,9,4,E01006278,3,1,0.0,1.0,-1,3,40,1,1,1,14:41,1,3,9
2023211395887,2023,211395887,2,2,2,2,35,6,3,0,0,-1,0,0,9,1,E01014224,3,1,0.0,1.0,-1,2,30,2,1,2,13:49,6,2,9
2023471271125,2023,471271125,2,1,1,2,27,6,3,0,0,0,0,0,9,8,E01031382,3,1,0.0,1.0,-1,6,50,1,1,1,15:52,4,2,9
2023451375256,2023,451375256,1,2,1,1,28,6,3,0,0,0,0,0,19,2,E01011262,3,1,0.0,1.0,-1,3,70,1,1,1,15:10,3,2,19
2023122300912,2023,122300912,1,1,2,1,60,9,3,0,0,1,0,0,9,9,E01027556,-1,0,0.07442,0.92558,-1,6,60,1,1,1,17:30,6,3,9
2023401265937,2023,401265937,6,6,1,2,38,7,3,0,0,0,0,0,9,7,E01017511,3,1,0.0,1.0,-1,3,70,1,4,1,17:34,2,12,9
2023131367584,2023,131367584,1,1,3,2,34,6,2,1,3,0,0,2,0,2,E01032500,6,1,1.0,0.0,-1,6,30,8,1,2,07:57,6,1,9
2023052300081,2023,052300081,2,1,1,1,54,8,3,0,0,0,0,0,1,5,E01006590,-1,0,0.05834,0.94166,-1,6,30,2,1,2,08:10,3,2,1
2023311318446,2023,311318446,1,1,1,1,38,7,3,0,0,0,0,0,3,2,E01032621,3,1,0.0,1.0,-1,6,30,2,1,2,18:54,2,1,3
2023061301853,2023,061301853,2,1,1,2,27,6,3,0,0,0,0,0,9,3,E01005181,3,1,0.0,1.0,-1,6,30,1,1,1,18:55,7,2,9
2023311268742,2023,311268742,2,1,1,2,35,6,3,0,0,0,0,0,9,10,E01028390,3,1,0.0,1.0,-1,6,20,1,1,2,08:35,6,2,9
2023461376393,2023,461376393,1,1,1,1,27,6,2,0,0,0,0,0,9,3,E01023972,7,1,1.0,0.0,-1,6,30,1,4,2,20:50,1,1,9
2023161338911,2023,161338911,1,1,1,1,-1,-1,3,0,0,0,0,0,97,3,E01013087,3,1,0.0,1.0,-1,3,30,1,1,1,09:50,6,2,97
2023311288443,2023,311288443,1,1,1,2,57,9,3,0,0,0,0,0,9,5,E01028314,3,1,0.0,1.0,-1,6,30,1,1,2,17:18,2,1,9
2023371274327,2023,371274327,2,2,2,1,10,2,3,0,0,1,0,0,9,5,E01030030,3,1,0.0,1.0,-1,6,30,2,4,2,07:05,2,2,9
2023421276747,2023,421276747,2,2,1,2,51,8,3,0,0,0,0,0,9,2,E01015899,3,1,0.0,1.0,-1,6,40,1,1,2,13:50,4,3,9
2023440504580,2023,440504580,1,2,2,1,19,4,3,0,0,2,0,0,9,9,E01016683,-1,0,0.18315,0.81685,-1,6,60,1,4,2,23:46,1,1,9
2023061337285,2023,061337285,1,2,2,1,20,4,2,0,0,0,0,0,23,-1,-1,7,1,1.0,0.0,-1,6,30,1,1,1,14:14,3,1,23
2023332300589,2023,332300589,2,1,1,1,23,5,3,0,0,0,0,0,9,7,E01013686,-1,0,0.01616,0.98384,-1,3,30,2,4,2,00:45,1,2,9
2023430107044,2023,430107044,2,1,1,1,45,7,3,0,0,0,0,0,9,-1,-1,-1,0,0.08407,0.91593,-1,3,70,1,6,1,20:36,5,2,9
2023010454087,2023,010454087,1,1,1,1,20,4,3,0,0,0,0,0,9,3,E01000109,-1,0,0.0,1.0,-1,3,70,1,1,2,06:00,1,3,9
2023201328164,2023,201328164,1,1,1,-1,25,5,3,0,0,0,0,0,9,1,E01009303,3,1,0.0,1.0,-1,3,30,2,4,2,21:59,5,3,9
2023221374716,2023,221374716,2,1,2,1,23,5,3,0,0,1,0,0,9,9,E01014170,3,1,0.0,1.0,-1,6,30,1,4,1,19:32,6,2,9
2023131360643,2023,131360643,1,1,2,2,20,4,3,0,0,0,0,0,9,-1,-1,3,1,0.0,1.0,-1,6,30,1,4,1,01:43,1,2,9
2023320160532,2023,320160532,2,1,2,2,44,7,3,0,0,1,0,0,9,6,E01026040,-1,0,0.00851,0.99149,-1,3,40,1,4,1,18:30,2,2,9
2023401351227,2023,401351227,1,2,3,1,10,2,3,6,9,0,0,0,0,3,E01015730,3,1,0.0,1.0,-1,6,30,1,1,1,18:02,1,1,1
2023061370076,2023,061370076,1,1,2,2,24,5,3,0,0,1,0,0,9,8,E01032685,3,1,0.0,1.0,-1,6,30,2,4,2,17:50,1,2,9
2023122301208,2023,122301208,1,1,1,1,28,6,3,0,0,0,0,0,9,-1,-1,-1,0,0.07442,0.92558,-1,6,30,1,1,1,17:18,5,1,9
2023201413915,2023,201413915,1,3,2,1,38,7,3,0,0,1,0,0,9,4,E01010510,3,1,0.0,1.0,-1,6,30,1,1,1,17:47,2,2,9
2023440465862,2023,440465862,1,1,2,1,53,8,3,0,0,1,0,0,9,4,E01022817,-1,0,0.07127,0.92873,-1,6,30,1,1,1,14:49,3,2,9
2023430129797,2023,430129797,1,1,2,2,14,3,3,0,0,2,0,0,9,10,E01028615,-1,0,0.00318,0.99682,-1,6,50,8,1,1,08:24,5,2,9
2023552300548,2023,552300548,2,3,2,2,40,7,3,0,0,1,0,0,9,7,E01020437,-1,0,0.07713,0.92287,-1,6,60,1,1,1,16:41,4,2,9
202363A010523,2023,63A010523,1,1,1,1,29,6,3,0,0,0,0,0,9,6,W01000721,-1,0,0.11107,0.88893,-1,3,70,1,6,2,19:20,6,2,9
2023122300384,2023,122300384,1,1,1,2,60,9,3,0,0,0,0,0,9,6,E01027884,-1,0,0.0702,0.9298,-1,1,60,1,1,1,07:41,3,1,9
2023440109256,2023,440109256,1,1,1,2,23,5,2,0,0,0,0,0,9,9,E01031999,-1,0,1.0,0.0,-1,6,30,1,6,2,01:08,1,1,9
2023131392536,2023,131392536,1,1,3,2,63,9,3,4,3,0,0,2,0,2,E01011558,3,1,0.0,1.0,-1,6,30,5,4,2,17:35,4,1,19
2023101272988,2023,101272988,2,1,1,1,27,6,3,0,0,0,0,0,1,1,E01008668,3,1,0.0,1.0,-1,1,30,1,1,1,12:50,2,2,1
2023302300821,2023,302300821,2,1,1,1,59,9,3,0,0,0,0,0,1,6,E01013528,-1,0,0.18061,0.81939,-1,6,40,8,1,1,13:38,6,2,1
2023501315677,2023,501315677,1,1,1,1,17,4,2,0,0,0,0,0,3,7,E01018775,7,1,1.0,0.0,-1,6,50,1,1,1,18:05,3,1,3
2023101362988,2023,101362988,1,1,2,1,19,4,3,0,0,2,0,0,9,10,E01008621,3,1,0.0,1.0,-1,6,30,1,4,1,01:30,5,1,9
2023201311654,2023,201311654,1,1,1,1,42,7,3,0,0,0,0,0,9,3,E01009989,3,1,0.0,1.0,-1,6,30,1,4,1,17:51,6,2,9
2023451385235,2023,451385235,1,1,1,1,35,6,3,0,0,0,0,0,19,9,E01004161,3,1,0.0,1.0,-1,6,30,4,4,1,23:29,7,1,19
2023471334561,2023,471334561,1,2,1,1,26,6,3,0,0,0,0,0,9,7,E01001580,3,1,0.0,1.0,-1,6,30,1,4,1,00:27,7,1,9
2023010460524,2023,010460524,1,1,1,2,41,7,2,0,0,0,0,0,1,6,E01003013,-1,0,1.0,0.0,-1,6,20,1,1,1,17:05,6,2,1
2023302301270,2023,302301270,2,1,1,1,12,3,3,0,0,0,0,0,-1,2,E01013597,-1,0,0.06517,0.93483,-1,6,30,1,1,1,16:25,3,2,-1
2023010422697,2023,010422697,1,1,1,2,22,5,3,0,0,0,0,0,97,2,E01001506,-1,0,0.0,1.0,-1,6,20,1,1,1,14:30,6,2,97
2023302300383,2023,302300383,1,3,2,1,6,2,3,0,0,2,0,0,9,-1,-1,-1,0,0.12446,0.87554,-1,6,60,1,1,2,15:40,2,1,9
2023481377467,2023,481377467,2,1,1,1,42,7,3,0,0,0,0,0,1,-1,-1,3,1,0.0,1.0,-1,3,20,1,1,1,20:05,4,2,1
2023351345491,2023,351345491,1,1,3,2,88,11,2,6,9,0,0,0,0,10,E01018251,6,1,1.0,0.0,-1,6,30,1,1,1,08:45,3,2,9
2023421357573,2023,421357573,1,3,3,2,3,1,3,10,9,0,0,0,0,-1,-1,3,1,0.0,1.0,-1,6,20,1,1,1,17:11,5,1,9
2023122301445,2023,122301445,2,2,1,1,24,5,3,0,0,0,0,0,1,6,E01027741,-1,0,0.10526,0.89474,-1,6,30,1,1,1,14:10,7,2,1
2023221326678,2023,221326678,2,1,1,2,74,10,2,0,0,0,0,0,1,5,E01032475,6,1,1.0,0.0,-1,6,30,1,1,1,13:45,4,2,1
2023451390359,2023,451390359,2,1,1,1,19,4,3,0,0,0,0,0,3,6,E01030674,3,1,0.0,1.0,-1,6,30,1,4,1,18:50,3,2,3
2023010448659,2023,010448659,2,1,1,1,47,8,3,0,0,0,0,0,9,1,E01002099,-1,0,0.0,1.0,-1,3,40,1,1,1,05:55,3,2,9
2023131269968,2023,131269968,1,1,1,1,33,6,3,0,0,0,0,0,9,9,E01011190,3,1,0.0,1.0,-1,6,60,1,6,1,18:00,2,1,9
2023320473116,2023,320473116,1,1,1,1,37,7,2,0,0,0,0,0,9,7,E01026185,-1,0,1.0,0.0,-1,6,60,8,1,1,07:39,2,1,9
2023421332475,2023,421332475,1,1,1,1,37,7,1,0,0,0,0,0,9,5,E01021901,1,1,0.0,0.0,-1,6,60,1,1,1,16:32,1,1,9
2023471345909,2023,471345909,1,1,2,1,43,7,3,0,0,1,0,0,9,4,E01015948,3,1,0.0,1.0,-1,6,30,1,6,1,01:05,1,2,9
2023543523123,2023,543523123,1,1,1,1,18,4,3,0,0,0,0,0,9,5,E01022480,-1,0,0.05403,0.94597,-1,6,60,1,1,1,10:10,2,3,9
2023991268393,2023,991268393,1,1,2,1,66,10,3,0,0,1,0,0,9,3,-1,3,1,0.0,1.0,-1,6,30,1,1,1,10:45,5,2,9
2023041315758,2023,041315758,1,1,3,2,75,10,3,1,9,0,0,2,0,10,E01025016,3,1,0.0,1.0,-1,6,20,1,1,1,16:10,5,1,9
2023332300923,2023,332300923,2,1,1,1,55,8,2,0,0,0,0,0,1,10,E01025794,-1,0,1.0,0.0,-1,6,60,1,1,2,12:23,1,2,1
2023991337645,2023,991337645,2,1,1,1,24,5,3,0,0,0,0,0,1,-1,-1,3,1,0.0,1.0,-1,6,30,2,4,2,21:15,3,2,1
2023471362757,2023,471362757,2,1,2,2,26,6,3,0,0,1,0,0,9,10,E01031680,3,1,0.0,1.0,-1,6,30,1,4,2,00:02,7,2,9
2023451358249,2023,451358249,1,1,2,1,37,7,3,0,0,0,0,0,19,6,E01004109,3,1,0.0,1.0,-1,6,40,1,1,1,08:15,4,2,19
2023010486109,2023,010486109,1,1,1,1,47,8,3,0,0,0,0,0,1,3,E01000081,-1,0,0.0,1.0,-1,9,30,5,1,2,07:53,2,2,1
2023522301175,2023,522301175,1,1,1,1,33,6,3,0,0,0,0,0,1,3,E01014519,-1,0,0.0347,0.9653,-1,2,30,1,1,1,18:05,2,2,1
2023622300156,2023,622300156,2,2,1,2,25,5,3,0,0,0,0,0,1,2,W01001895,-1,0,0.05404,0.94596,-1,6,20,2,1,2,17:03,6,2,1
2023131348505,2023,131348505,2,1,1,1,17,4,2,0,0,0,0,0,3,6,E01005523,7,1,1.0,0.0,-1,3,30,1,1,1,11:30,5,2,3
2023010475816,2023,010475816,1,2,2,1,22,5,3,0,0,1,0,0,9,-1,-1,-1,0,0.0,1.0,-1,6,20,1,4,2,05:02,7,1,9
2023430396876,2023,430396876,2,1,1,1,48,8,2,0,0,0,0,0,5,10,E01028711,-1,0,1.0,0.0,-1,6,40,1,6,1,20:18,2,2,5
2023161355236,2023,161355236,1,1,1,1,20,4,3,0,0,0,0,0,9,10,E01012926,3,1,0.0,1.0,-1,6,60,1,1,1,11:10,6,1,9
2023161362085,2023,161362085,2,1,1,1,55,8,3,0,0,0,0,0,9,10,E01013012,3,1,0.0,1.0,-1,3,40,1,1,1,10:10,5,2,9
2023320705584,2023,320705584,1,4,1,2,36,7,3,0,0,0,0,0,9,5,E01026724,-1,0,0.05225,0.94775,-1,6,60,9,1,1,15:30,3,2,9
2023421318462,2023,421318462,1,1,1,1,37,7,3,0,0,0,0,0,19,2,E01021685,3,1,0.0,1.0,-1,6,30,1,1,1,19:10,1,3,19
2023141271627,2023,141271627,1,1,1,2,25,5,3,0,0,0,0,0,1,9,E01007863,3,1,0.0,1.0,-1,6,30,4,1,1,08:46,3,2,1
2023010450407,2023,010450407,2,1,1,1,43,7,3,0,0,0,0,0,9,4,E01001444,-1,0,0.0,1.0,-1,1,30,1,1,1,07:10,4,2,9
2023010457572,2023,010457572,1,1,1,2,85,11,2,0,0,0,0,0,9,7,E01000427,-1,0,1.0,0.0,-1,6,30,1,1,1,15:27,5,4,9
2023221314977,2023,221314977,2,2,2,2,20,4,2,0,0,1,0,0,9,1,E01014197,7,1,1.0,0.0,-1,6,30,1,1,1,17:23,6,2,9
2023421319572,2023,421319572,2,2,2,2,31,6,3,0,0,1,0,0,9,6,E01021460,3,1,0.0,1.0,-1,1,60,1,1,1,17:42,6,2,9
2023421377306,2023,421377306,1,1,1,2,70,10,3,0,0,0,0,0,9,10,E01021474,3,1,0.0,1.0,-1,6,30,1,4,1,17:00,3,2,9
2023543880823,2023,543880823,1,1,1,1,30,6,3,0,0,0,0,0,9,4,E01032036,-1,0,0.03571,0.96429,-1,6,30,9,1,1,12:42,5,3,9
2023201339242,2023,201339242,2,2,1,1,34,6,3,0,0,0,0,0,11,1,E01009329,3,1,0.0,1.0,-1,6,30,1,1,1,13:03,4,2,11
2023401369875,2023,401369875,2,1,1,2,30,6,3,0,0,0,0,0,9,7,E01017516,3,1,0.0,1.0,-1,6,40,1,1,-1,16:45,3,2,9
2023440287442,2023,440287442,1,1,1,2,58,9,3,0,0,0,0,0,9,1,E01017163,-1,0,0.0112,0.9888,-1,6,30,1,1,1,14:50,2,2,9
2023052300211,2023,052300211,1,1,3,1,12,3,2,4,1,0,0,0,0,1,E01007131,-1,0,1.0,0.0,-1,6,30,1,1,1,16:18,2,1,9
2023421370791,2023,421370791,1,1,3,1,82,11,3,10,9,0,0,0,0,-1,-1,3,1,0.0,1.0,-1,6,30,1,1,1,14:14,6,1,9
2023522400700,2023,522400700,1,1,3,1,9,2,3,8,4,0,0,0,0,3,E01014835,-1,0,0.09026,0.90974,-1,6,30,1,1,2,16:17,2,1,9
2023440409327,2023,440409327,2,1,1,1,21,5,3,0,0,0,0,0,1,10,E01023072,-1,0,0.16571,0.83429,-1,6,30,1,4,2,19:05,6,2,1
2023451312030,2023,451312030,2,1,1,1,47,8,3,0,0,0,0,0,1,5,E01030971,3,1,0.0,1.0,-1,6,30,1,1,1,07:44,7,2,1
202360A119732,2023,60A119732,2,1,1,1,44,7,2,0,0,0,0,0,5,-1,-1,-1,0,1.0,0.0,-1,6,50,1,1,1,15:47,7,2,5
2023461358323,2023,461358323,2,2,1,2,53,8,3,0,0,0,0,0,9,6,E01024062,3,1,0.0,1.0,-1,6,30,1,1,1,13:10,2,2,9
2023461374770,2023,461374770,1,1,2,2,40,7,3,0,0,1,0,0,9,10,E01024068,3,1,0.0,1.0,-1,6,30,1,1,2,10:54,2,2,9
2023351268317,2023,351268317,1,1,3,2,73,10,2,8,9,0,0,0,0,5,E01017997,7,1,1.0,0.0,-1,6,30,1,1,1,16:05,6,1,9
2023141285577,2023,141285577,1,1,1,1,49,8,3,0,0,0,0,0,9,1,E01007729,3,1,0.0,1.0,-1,6,50,1,4,2,00:15,7,1,9
2023010467051,2023,010467051,1,1,2,2,54,8,2,0,0,0,2,0,11,2,E01004537,-1,0,1.0,0.0,-1,6,20,1,1,1,18:40,3,2,11
2023361359583,2023,361359583,1,1,1,2,46,8,3,0,0,0,0,0,9,3,E01026753,3,1,0.0,1.0,-1,7,70,1,1,1,07:50,6,2,9
2023010479472,2023,010479472,1,1,1,1,48,8,2,0,0,0,0,0,1,5,E01004451,-1,0,1.0,0.0,-1,6,20,1,1,1,08:19,4,1,1
2023231377445,2023,231377445,1,1,3,2,12,3,3,1,1,0,0,0,0,3,E01031173,3,1,0.0,1.0,-1,3,30,1,4,2,15:42,6,1,19
2023010437778,2023,010437778,2,1,1,1,37,7,3,0,0,0,0,0,1,2,E01002076,-1,0,0.0,1.0,-1,3,20,1,4,1,20:50,1,2,1
2023010460751,2023,010460751,1,1,1,1,30,6,3,0,0,0,0,0,3,7,E01001314,-1,0,0.0,1.0,-1,1,30,1,1,1,09:30,3,2,3
2023122300496,2023,122300496,1,1,1,1,50,8,2,0,0,0,0,0,9,2,E01027909,-1,0,1.0,0.0,-1,6,60,1,1,1,15:25,5,2,9
2023122300760,2023,122300760,1,1,1,1,41,7,2,0,0,0,0,0,9,2,E01011378,-1,0,1.0,0.0,-1,6,60,1,1,1,11:40,1,2,9
2023211333291,2023,211333291,2,1,1,1,71,10,3,0,0,0,0,0,9,3,E01029701,3,1,0.0,1.0,-1,1,50,9,1,-1,08:25,2,2,9
2023332301254,2023,332301254,1,7,2,1,34,6,2,0,0,2,0,0,9,5,E01011896,-1,0,1.0,0.0,-1,6,60,8,6,2,20:30,6,2,9
2023440386871,2023,440386871,1,1,1,2,21,5,3,0,0,0,0,0,9,4,E01017192,-1,0,0.04202,0.95798,-1,6,40,1,1,1,08:59,6,2,9
2023522301764,2023,522301764,1,1,1,1,24,5,3,0,0,0,0,0,1,3,E01014682,-1,0,0.01709,0.98291,-1,6,20,1,1,1,10:00,4,2,1
2023161285142,2023,161285142,1,1,1,1,17,4,1,0,0,0,0,0,9,4,E01013280,1,1,0.0,0.0,-1,6,30,5,6,2,22:04,5,1,9
2023340NN0512,2023,340NN0512,1,1,1,2,50,8,3,0,0,0,0,0,9,10,E01027068,-1,0,0.0416,0.9584,-1,6,30,1,1,1,12:30,3,2,9
2023351349580,2023,351349580,2,1,1,1,41,7,3,0,0,0,0,0,9,4,E01033178,3,1,0.0,1.0,-1,1,30,1,1,1,13:34,4,2,9
2023991367826,2023,991367826,1,1,1,2,78,11,2,0,0,0,0,0,9,9,-1,6,1,1.0,0.0,-1,6,40,2,1,2,15:20,6,2,9
2023052302156,2023,052302156,2,1,1,1,55,8,2,0,0,0,0,0,1,7,E01007135,-1,0,1.0,0.0,-1,6,30,1,1,1,08:08,4,2,1
2023361272348,2023,361272348,1,1,1,2,58,9,3,0,0,0,0,0,9,6,E01026737,3,1,0.0,1.0,-1,6,40,1,1,1,14:48,7,2,9
2023131353929,2023,131353929,2,2,1,2,47,8,3,0,0,0,0,0,9,6,E01011738,3,1,0.0,1.0,-1,6,30,2,1,2,10:40,3,2,9
2023411294386,2023,411294386,2,2,1,2,37,7,2,0,0,0,0,0,9,9,E01023728,7,1,1.0,0.0,-1,3,50,2,1,2,08:22,6,3,9
2023061314293,2023,061314293,2,1,1,1,65,9,3,0,0,0,0,0,1,2,E01005661,3,1,0.0,1.0,-1,6,30,1,1,1,18:00,6,2,1
2023041288737,2023,041288737,1,1,3,2,26,6,3,5,1,0,0,0,0,3,E01024943,3,1,0.0,1.0,-1,6,30,1,1,1,16:35,5,1,9
2023052300857,2023,052300857,1,1,1,1,56,9,2,0,0,0,0,0,1,7,E01006589,-1,0,1.0,0.0,-1,6,30,1,1,1,10:30,7,1,1
2023311391911,2023,311391911,2,1,1,1,72,10,3,0,0,0,0,0,1,-1,-1,3,1,0.0,1.0,-1,6,40,1,4,2,20:30,7,2,1
2023430075382,2023,430075382,2,1,1,1,49,8,2,0,0,0,0,0,1,10,E01016629,-1,0,1.0,0.0,-1,6,40,1,1,1,08:09,7,2,1
2023010457206,2023,010457206,2,1,1,1,57,9,3,0,0,0,0,0,5,2,E01002831,-1,0,0.0,1.0,-1,3,20,1,1,1,17:30,3,2,5
2023522301768,2023,522301768,1,1,1,1,67,10,2,0,0,0,0,0,5,8,E01014981,-1,0,1.0,0.0,-1,6,30,1,1,1,15:45,4,1,5
2023411357156,2023,411357156,2,1,1,1,38,7,3,0,0,0,0,0,8,5,E01015700,3,1,0.0,1.0,-1,3,70,1,4,-1,04:30,1,2,8
2023201368174,2023,201368174,2,1,1,1,23,5,3,0,0,0,0,0,9,1,E01033646,3,1,0.0,1.0,-1,6,30,1,4,1,01:25,1,2,9
2023340WN1622,2023,340WN1622,1,1,1,2,31,6,2,0,0,0,0,0,9,9,E01026997,-1,0,1.0,0.0,-1,6,60,2,1,2,12:20,6,3,9
2023131328796,2023,131328796,1,2,1,1,32,6,2,0,0,0,0,0,19,3,E01011786,6,1,1.0,0.0,-1,7,70,1,1,2,18:30,4,2,19
2023122300388,2023,122300388,2,1,3,2,53,8,3,2,4,0,0,0,0,2,E01027812,-1,0,0.12875,0.87125,-1,6,30,1,1,1,12:35,7,2,19
2023351337158,2023,351337158,2,1,1,1,19,4,3,0,0,0,0,0,2,5,E01033176,3,1,0.0,1.0,-1,1,30,1,1,1,08:50,1,2,2
2023201380203,2023,201380203,2,1,1,2,26,6,2,0,0,0,0,0,9,-1,-1,7,1,1.0,0.0,-1,7,30,1,1,1,10:07,7,2,9
2023471363159,2023,471363159,2,2,2,1,32,6,3,0,0,1,0,0,9,8,E01031698,3,1,0.0,1.0,-1,6,60,1,6,1,21:00,1,2,9
2023101355524,2023,101355524,1,1,3,2,35,6,3,5,3,0,0,0,0,1,E01008332,3,1,0.0,1.0,-1,6,30,1,1,1,10:20,5,1,9
2023332300483,2023,332300483,2,1,1,2,57,9,3,0,0,0,0,0,1,-1,-1,-1,0,0.03729,0.96271,-1,6,30,1,1,1,08:30,5,2,1
2023041279624,2023,041279624,1,1,1,2,35,6,3,0,0,0,0,0,9,2,E01006244,3,1,0.0,1.0,-1,3,70,1,1,1,08:10,5,2,9
2023421304685,2023,421304685,1,2,2,2,20,4,3,0,0,1,0,0,9,9,E01021654,3,1,0.0,1.0,-1,6,60,2,1,2,12:50,7,1,9
2023201280905,2023,201280905,2,2,1,1,56,9,3,0,0,0,0,0,19,3,E01010070,3,1,0.0,1.0,-1,6,30,1,4,2,20:06,3,2,19
2023471305838,2023,471305838,1,1,3,1,-1,-1,3,10,7,0,0,0,0,-1,-1,3,1,0.0,1.0,-1,6,30,1,1,1,12:52,4,1,9
2023061276386,2023,061276386,2,1,1,2,-1,-1,3,0,0,0,0,0,9,1,E01005068,3,1,0.0,1.0,-1,9,30,1,1,1,10:35,4,2,9