collision_index,collision_year,collision_ref_no,vehicle_reference,casualty_reference,casualty_class,sex_of_casualty,age_of_casualty,age_band_of_casualty,casualty_severity,pedestrian_location,pedestrian_movement,car_passenger,bus_or_coach_passenger,pedestrian_road_maintenance_worker,casualty_type,casualty_imd_decile,lsoa_of_casualty,enhanced_casualty_severity,casualty_injury_based,casualty_adjusted_severity_serious,casualty_adjusted_severity_slight,casualty_distance_banding,road_type,speed_limit,weather_conditions,light_conditions,road_surface_conditions,time,day_of_week,number_of_vehicles,vehicle_type
2023231361404,2023,231361404,1,1,1,2,35,6,3,0,0,0,0,0,9,5,E01025818,3,1,0.0,1.0,-1,6,40,1,1,1,09:09,7,2,9
2023430025732,2023,430025732,1,1,1,2,30,6,3,0,0,0,0,0,9,6,E01016231,-1,0,0.02704,0.97296,-1,6,30,1,1,1,07:16,4,2,9
2023440197891,2023,440197891,3,1,2,2,15,3,3,0,0,2,0,0,9,10,E01022629,-1,0,0.02145,0.97855,-1,6,40,1,1,1,15:42,6,3,9
2023440418342,2023,440418342,1,1,1,1,18,4,3,0,0,0,0,0,9,-1,-1,-1,0,0.15968,0.84032,-1,6,60,1,1,1,16:06,5,1,9
2023501275372,2023,501275372,1,1,1,1,78,11,1,0,0,0,0,0,9,4,E01018914,1,1,0.0,0.0,-1,3,50,1,1,1,12:16,1,1,9
2023141376173,2023,141376173,1,1,3,2,56,9,2,8,1,0,0,0,0,-1,-1,5,1,1.0,0.0,-1,6,30,1,4,1,16:50,7,1,9
2023161357807,2023,161357807,2,2,1,2,65,9,3,0,0,0,0,0,9,3,E01013310,3,1,0.0,1.0,-1,6,30,1,1,1,17:12,6,2,9
2023311362059,2023,311362059,1,1,1,2,36,7,3,0,0,0,0,0,9,3,E01019487,3,1,0.0,1.0,-1,6,40,1,1,1,14:40,6,2,9
2023501367760,2023,501367760,2,1,1,2,57,9,3,0,0,0,0,0,9,5,E01018847,3,1,0.0,1.0,-1,6,60,1,1,1,14:21,6,2,9
2023622300512,2023,622300512,2,3,2,1,67,10,3,0,0,1,0,0,9,9,W01001119,-1,0,0.04344,0.95656,-1,6,30,1,1,1,13:09,6,2,9
2023991340820,2023,991340820,1,2,2,2,18,4,3,0,0,1,0,0,9,3,-1,3,1,0.0,1.0,-1,6,60,1,1,1,23:26,5,1,9
2023131381825,2023,131381825,2,1,1,2,38,7,2,0,0,0,0,0,1,-1,-1,7,1,1.0,0.0,-1,6,30,4,1,1,14:25,7,2,1
2023061367841,2023,061367841,1,1,1,2,24,5,3,0,0,0,0,0,9,9,E01004989,3,1,0.0,1.0,-1,6,30,1,1,1,15:40,6,4,9
2023501278543,2023,501278543,1,2,2,1,37,7,3,0,0,2,0,0,9,5,E01018831,3,1,0.0,1.0,-1,6,60,1,6,1,19:16,2,2,9
2023991375426,2023,991375426,2,1,1,1,25,5,3,0,0,0,0,0,9,5,-1,3,1,0.0,1.0,-1,6,40,1,4,2,16:30,5,2,9
2023101320267,2023,101320267,1,5,2,1,25,5,3,0,0,0,4,0,11,-1,-1,3,1,0.0,1.0,-1,3,30,1,1,1,09:17,6,1,11
2023471325787,2023,471325787,1,1,1,1,18,4,2,0,0,0,0,0,23,1,E01016964,5,1,1.0,0.0,-1,6,30,1,1,1,18:52,5,2,23
2023010485836,2023,010485836,1,1,2,2,-1,-1,3,0,0,1,0,0,9,3,E01001048,-1,0,0.0,1.0,-1,6,20,8,4,2,07:05,6,3,9
2023101312572,2023,101312572,2,1,1,2,46,8,3,0,0,0,0,0,9,2,E01032650,3,1,0.0,1.0,-1,6,30,1,1,1,13:30,7,2,9
2023231379506,2023,231379506,2,2,1,1,50,8,3,0,0,0,0,0,9,4,E01031073,3,1,0.0,1.0,-1,6,30,5,4,2,06:54,2,2,9
2023522400251,2023,522400251,2,2,1,1,27,6,3,0,0,0,0,0,9,1,E01014654,-1,0,0.02966,0.97034,-1,6,20,2,4,2,21:41,1,2,9
2023201339865,2023,201339865,1,2,2,2,41,7,2,0,0,0,2,0,11,1,E01009406,7,1,1.0,0.0,-1,6,30,1,1,1,16:25,1,1,11
2023302301753,2023,302301753,2,1,1,1,56,9,3,0,0,0,0,0,98,3,E01013517,-1,0,0.07877,0.92123,-1,3,30,1,1,1,09:05,4,2,98
2023201403340,2023,201403340,1,1,3,1,40,7,2,5,1,0,0,2,0,2,E01005674,7,1,1.0,0.0,-1,6,30,1,4,1,20:30,4,1,9
2023991281503,2023,991281503,1,1,3,2,26,6,3,8,8,0,0,0,0,-1,-1,3,1,0.0,1.0,-1,6,30,1,4,1,17:57,3,1,19
2023531262670,2023,531262670,2,1,1,2,53,8,3,0,0,0,0,0,1,2,E01022328,3,1,0.0,1.0,-1,3,30,1,4,2,17:45,2,2,1
2023440322769,2023,440322769,2,1,1,2,45,7,3,0,0,0,0,0,9,8,E01022951,-1,0,0.01721,0.98279,-1,6,30,1,1,1,16:38,5,2,9
2023522301063,2023,522301063,1,3,2,2,15,3,3,0,0,2,0,0,9,10,E01014985,-1,0,0.10723,0.89277,-1,6,60,2,1,2,19:45,7,1,9
2023010467626,2023,010467626,1,1,1,1,41,7,3,0,0,0,0,0,3,1,E01000744,-1,0,0.0,1.0,-1,9,30,9,1,9,11:15,4,2,3
2023440355684,2023,440355684,1,1,1,1,36,7,2,0,0,0,0,0,1,10,E01022987,-1,0,1.0,0.0,-1,6,30,1,1,1,07:02,4,1,1
2023201278193,2023,201278193,2,1,2,2,63,9,3,0,0,1,0,0,9,5,E01031016,3,1,0.0,1.0,-1,6,30,1,1,1,12:43,6,2,9
2023201389298,2023,201389298,2,2,2,2,34,6,3,0,0,-1,0,0,9,2,E01009515,3,1,0.0,1.0,-1,6,30,2,1,2,18:50,7,2,9
2023520300941,2023,520300941,2,3,2,1,11,3,3,0,0,2,0,0,9,6,W01001236,-1,0,0.03945,0.96055,-1,6,60,2,6,2,19:23,6,2,9
2023522300099,2023,522300099,1,1,2,2,51,8,3,0,0,1,0,0,9,9,E01028754,-1,0,0.01168,0.98832,-1,6,30,1,1,1,12:30,6,2,9
2023122300718,2023,122300718,1,1,1,1,17,4,1,0,0,0,0,0,5,-1,-1,-1,0,0.0,0.0,-1,6,30,1,1,1,19:45,5,1,5
2023471331362,2023,471331362,1,1,3,1,33,6,2,8,7,0,0,2,0,4,E01016871,7,1,1.0,0.0,-1,6,30,9,7,1,20:00,7,1,9
2023131359783,2023,131359783,2,1,1,1,47,8,3,0,0,0,0,0,9,4,E01011489,3,1,0.0,1.0,-1,6,60,8,1,1,12:00,5,2,9
2023311266066,2023,311266066,2,2,2,1,34,6,3,0,0,0,0,0,19,2,E01028319,3,1,0.0,1.0,-1,6,40,1,1,1,14:20,6,2,19
2023340WN0042,2023,340WN0042,1,1,3,2,41,7,3,6,9,0,0,0,0,5,E01027192,-1,0,0.07163,0.92837,-1,6,30,1,4,1,17:05,5,1,90
2023161368779,2023,161368779,2,1,1,1,51,8,3,0,0,0,0,0,1,1,E01012842,3,1,0.0,1.0,-1,6,30,1,4,1,06:50,5,2,1
2023302301916,2023,302301916,2,1,1,1,43,7,2,0,0,0,0,0,1,10,E01028136,-1,0,1.0,0.0,-1,6,30,5,1,2,12:16,1,2,1
2023451354172,2023,451354172,1,1,1,1,45,7,3,0,0,0,0,0,1,10,E01003007,3,1,0.0,1.0,-1,6,30,1,1,1,17:35,3,2,1
2023471368180,2023,471368180,2,2,1,1,53,8,3,0,0,0,0,0,1,8,E01031560,3,1,0.0,1.0,-1,1,30,2,1,2,09:30,1,2,1
2023302300332,2023,302300332,1,1,1,1,58,9,2,0,0,0,0,0,3,1,E01005941,-1,0,1.0,0.0,-1,6,60,1,1,1,11:35,7,2,3
2023221293533,2023,221293533,2,1,1,1,54,8,3,0,0,0,0,0,8,3,E01014104,3,1,0.0,1.0,-1,6,20,2,1,2,18:15,6,2,8
2023201288703,2023,201288703,2,1,1,2,20,4,3,0,0,0,0,0,9,6,E01009685,3,1,0.0,1.0,-1,3,40,1,4,1,21:46,6,2,9
2023471331869,2023,471331869,2,1,1,2,65,9,3,0,0,0,0,0,9,5,E01031394,3,1,0.0,1.0,-1,1,70,1,1,1,11:00,3,2,9
2023371309988,2023,371309988,1,1,1,1,18,4,3,0,0,0,0,0,3,6,E01030090,3,1,0.0,1.0,-1,6,60,1,1,1,07:41,2,2,3
2023010477552,2023,010477552,1,1,1,2,22,5,3,0,0,0,0,0,9,3,E01002429,-1,0,0.0,1.0,-1,6,20,2,4,1,17:28,1,3,9
2023052300421,2023,052300421,2,1,2,2,58,9,3,0,0,1,0,0,9,1,E01006812,-1,0,0.03601,0.96399,-1,6,20,1,1,1,09:55,7,2,9
2023531380350,2023,531380350,3,4,1,1,63,9,3,0,0,0,0,0,9,5,E01022312,3,1,0.0,1.0,-1,3,50,1,1,2,07:53,4,3,9
2023991373042,2023,991373042,1,1,1,1,32,6,3,0,0,0,0,0,9,4,-1,3,1,0.0,1.0,-1,6,30,1,4,2,05:10,6,1,9
2023041313000,2023,041313000,2,3,2,1,34,6,3,0,0,0,0,0,19,3,-1,3,1,0.0,1.0,-1,3,70,1,1,1,12:08,2,3,19
2023141356380,2023,141356380,2,2,1,1,47,8,3,0,0,0,0,0,19,1,E01007573,3,1,0.0,1.0,-1,6,30,2,1,2,09:55,3,2,19
2023421328123,2023,421328123,1,1,3,1,-1,-1,3,10,9,0,0,0,0,3,E01021975,3,1,0.0,1.0,-1,6,30,1,7,1,22:50,7,1,9
2023070518998,2023,070518998,2,1,1,1,12,3,3,0,0,0,0,0,1,10,E01018505,-1,0,0.09515,0.90485,-1,6,30,1,1,1,07:45,5,2,1
2023991357754,2023,991357754,1,1,2,2,38,7,3,0,0,1,0,0,9,-1,-1,3,1,0.0,1.0,-1,6,30,5,1,2,14:40,6,2,9
2023010452386,2023,010452386,1,1,1,1,24,5,3,0,0,0,0,0,3,2,E01003128,-1,0,0.0,1.0,-1,6,30,9,1,9,10:30,6,2,3
2023010452018,2023,010452018,1,1,1,1,27,6,3,0,0,0,0,0,9,6,E01000575,-1,0,0.0,1.0,-1,7,20,1,1,1,17:01,2,2,9
2023122300236,2023,122300236,2,1,1,1,44,7,3,0,0,0,0,0,9,6,E01010754,-1,0,0.01032,0.98968,-1,6,60,1,1,1,15:48,5,3,9
2023201311316,2023,201311316,2,1,2,2,78,11,3,0,0,1,0,0,9,1,E01032887,3,1,0.0,1.0,-1,6,30,2,1,2,14:07,7,2,9
2023411320226,2023,411320226,2,2,1,2,45,7,3,0,0,0,0,0,9,8,E01023879,3,1,0.0,1.0,-1,1,30,1,1,1,15:57,1,2,9
2023061310321,2023,061310321,2,5,2,2,8,2,3,0,0,0,4,0,11,4,E01006187,3,1,0.0,1.0,-1,3,30,1,4,1,20:53,7,2,11
2023544224723,2023,544224723,1,1,1,1,91,11,2,0,0,0,0,0,9,7,E01031865,-1,0,1.0,0.0,-1,6,60,1,1,1,11:14,7,1,9
2023401318976,2023,401318976,2,1,1,2,24,5,3,0,0,0,0,0,1,10,E01017429,3,1,0.0,1.0,-1,6,40,1,1,1,19:30,6,2,1
2023010437192,2023,010437192,1,4,2,1,7,2,3,0,0,0,4,0,11,1,E01002069,-1,0,0.0,1.0,-1,2,20,1,1,1,13:28,5,1,11
2023010483511,2023,010483511,1,5,2,-1,-1,-1,3,0,0,2,0,0,9,-1,-1,-1,0,0.0,1.0,-1,6,20,5,4,4,23:22,1,1,9
2023131313082,2023,131313082,2,2,1,1,17,4,3,0,0,0,0,0,9,9,E01011874,3,1,0.0,1.0,-1,6,30,1,4,1,21:25,3,2,9
2023320480121,2023,320480121,1,1,1,2,76,11,3,0,0,0,0,0,9,7,E01026039,-1,0,0.06838,0.93162,-1,1,30,1,1,1,13:30,5,2,9
2023421312570,2023,421312570,1,1,1,1,59,9,2,0,0,0,0,0,9,4,E01021295,6,1,1.0,0.0,-1,1,40,1,1,1,13:42,2,1,9
2023471270374,2023,471270374,2,2,1,1,44,7,3,0,0,0,0,0,9,3,E01021090,3,1,0.0,1.0,-1,6,40,1,6,1,18:00,2,3,9
2023501387477,2023,501387477,1,1,2,2,63,9,3,0,0,1,0,0,9,-1,-1,3,1,0.0,1.0,-1,6,60,2,6,2,22:08,3,2,9
202360A032782,2023,60A032782,3,5,2,2,82,11,2,0,0,1,0,0,9,-1,-1,-1,0,1.0,0.0,-1,6,60,2,4,2,20:20,1,5,9
2023622300404,2023,622300404,1,1,1,1,19,4,3,0,0,0,0,0,9,2,W01000924,-1,0,0.0617,0.9383,-1,6,50,1,6,1,21:08,7,1,9
2023052302991,2023,052302991,1,1,3,1,44,7,2,4,1,0,0,0,0,4,E01006998,-1,0,1.0,0.0,-1,6,30,1,4,2,00:54,7,1,9
2023122300381,2023,122300381,2,1,1,1,14,3,2,0,0,0,0,0,1,7,E01027727,-1,0,1.0,0.0,-1,6,30,2,1,1,14:45,6,2,1
2023161356474,2023,161356474,1,1,1,1,53,8,3,0,0,0,0,0,5,3,E01012963,3,1,0.0,1.0,-1,6,30,1,1,1,15:30,6,2,5
2023170H10213,2023,170H10213,1,2,2,2,18,4,3,0,0,1,0,0,9,1,E01011950,-1,0,0.03484,0.96516,-1,1,30,1,4,1,21:09,6,2,9
2023451300358,2023,451300358,3,1,1,2,46,8,3,0,0,0,0,0,9,8,E01030928,3,1,0.0,1.0,-1,6,40,1,1,1,10:19,2,3,9
2023320600088,2023,320600088,1,1,1,1,17,4,3,0,0,0,0,0,3,10,E01026198,-1,0,0.18111,0.81889,-1,6,60,1,1,1,09:10,4,2,3
2023371317641,2023,371317641,1,1,1,2,40,7,2,0,0,0,0,0,5,3,E01030077,6,1,1.0,0.0,-1,6,60,1,1,1,11:12,1,2,5
2023471375719,2023,471375719,1,1,3,1,71,10,2,6,9,0,0,0,0,5,E01031818,7,1,1.0,0.0,-1,6,30,1,1,1,10:40,6,1,19
2023010445704,2023,010445704,1,1,1,1,28,6,3,0,0,0,0,0,3,2,E01001136,-1,0,0.0,1.0,-1,6,30,1,1,1,13:25,1,2,3
2023010441202,2023,010441202,1,1,2,2,43,7,3,0,0,1,0,0,9,3,E01015927,-1,0,0.0,1.0,-1,6,30,1,1,1,18:03,5,2,9
2023401314983,2023,401314983,2,2,1,2,45,7,3,0,0,0,0,0,9,10,E01017393,3,1,0.0,1.0,-1,6,60,1,1,1,16:31,2,2,9
2023461329296,2023,461329296,2,2,2,2,9,2,3,0,0,2,0,0,9,3,E01016084,3,1,0.0,1.0,-1,6,30,1,1,1,17:52,7,2,9
2023461357094,2023,461357094,1,1,1,2,45,7,3,0,0,0,0,0,9,8,E01024362,3,1,0.0,1.0,-1,6,60,1,1,1,14:39,3,2,9
2023111351958,2023,111351958,2,1,1,1,53,8,2,0,0,0,0,0,9,2,E01020878,5,1,1.0,0.0,-1,6,40,1,1,2,08:08,7,2,9
2023122300593,2023,122300593,2,2,2,1,14,3,3,0,0,1,0,0,9,1,E01027847,-1,0,0.02302,0.97698,-1,2,30,1,1,1,17:20,4,2,9
2023440523827,2023,440523827,1,1,1,1,18,4,3,0,0,0,0,0,9,5,E01023201,-1,0,0.14574,0.85426,-1,6,60,2,6,2,21:57,7,1,9
2023461330433,2023,461330433,1,1,2,1,21,5,3,0,0,2,0,0,9,2,E01000087,3,1,0.0,1.0,-1,3,70,1,1,2,04:43,1,1,9
2023522300806,2023,522300806,1,1,2,2,25,5,3,0,0,1,0,0,9,7,E01014700,-1,0,0.05393,0.94607,-1,3,40,1,6,1,21:55,3,1,9
2023010434501,2023,010434501,1,1,2,2,50,8,3,0,0,0,3,0,11,1,-1,-1,0,0.0,1.0,-1,6,20,1,1,1,16:30,2,1,11
2023010446442,2023,010446442,1,1,1,1,40,7,3,0,0,0,0,0,3,2,E01003607,-1,0,0.0,1.0,-1,6,20,1,1,1,15:02,5,2,3
2023471283903,2023,471283903,2,1,2,1,4,1,3,0,0,2,0,0,9,7,E01021181,3,1,0.0,1.0,-1,9,60,2,1,2,08:00,3,4,9
2023041313908,2023,041313908,2,2,2,1,73,10,3,0,0,0,0,0,98,2,E01012654,3,1,0.0,1.0,-1,6,60,1,1,1,16:32,4,2,98
2023111376745,2023,111376745,2,1,1,2,40,7,3,0,0,0,0,0,9,-1,-1,3,1,0.0,1.0,-1,6,30,1,1,2,13:50,6,2,9
2023161343069,2023,161343069,1,1,1,2,61,9,3,0,0,0,0,0,9,5,E01013081,3,1,0.0,1.0,-1,1,30,1,1,1,12:17,5,2,9
2023201338848,2023,201338848,1,2,1,2,27,6,3,0,0,0,0,0,9,5,E01009447,3,1,0.0,1.0,-1,1,30,1,1,1,20:10,7,1,9
2023451344900,2023,451344900,1,2,2,1,3,1,3,0,0,2,0,0,9,1,E01003048,3,1,0.0,1.0,-1,3,70,1,1,1,18:45,4,1,9
202363B000123,2023,63B000123,1,1,1,2,24,5,3,0,0,0,0,0,9,5,W01000531,-1,0,0.11033,0.88967,-1,6,30,1,5,2,02:55,1,5,9
2023421330728,2023,421330728,2,1,1,1,16,4,2,0,0,0,0,0,1,9,E01021781,7,1,1.0,0.0,-1,6,30,1,1,1,17:01,3,2,1
2023471356448,2023,471356448,2,1,1,2,50,8,3,0,0,0,0,0,1,5,E01031526,3,1,0.0,1.0,-1,6,60,1,1,1,13:30,7,2,1
2023010467300,2023,010467300,1,1,3,2,31,6,3,8,2,0,0,0,0,5,E01001389,-1,0,0.0,1.0,-1,6,20,1,1,2,12:15,4,1,8
2023311363072,2023,311363072,2,1,1,1,34,6,3,0,0,0,0,0,19,-1,-1,3,1,0.0,1.0,-1,3,70,5,1,2,15:40,7,2,19
2023010424923,2023,010424923,1,1,1,2,30,6,3,0,0,0,0,0,9,3,E01003960,-1,0,0.0,1.0,-1,6,30,1,4,1,19:50,4,2,9
2023052302776,2023,052302776,2,1,2,2,17,4,2,0,0,1,0,0,9,4,E01007174,-1,0,1.0,0.0,-1,6,20,1,1,2,13:30,7,2,9
2023481377458,2023,481377458,2,1,2,2,65,9,2,0,0,2,0,0,9,-1,-1,7,1,1.0,0.0,-1,6,20,1,4,1,23:30,6,2,9
2023311283083,2023,311283083,2,1,1,1,41,7,2,0,0,0,0,0,90,-1,-1,7,1,1.0,0.0,-1,6,30,1,1,1,15:29,7,2,90
2023991400168,2023,991400168,1,1,1,1,55,8,2,0,0,0,0,0,5,7,-1,7,1,1.0,0.0,-1,6,60,1,1,1,16:29,4,4,5
2023010461420,2023,010461420,1,1,2,1,0,1,3,0,0,1,0,0,9,1,E01001507,-1,0,0.0,1.0,-1,9,20,1,1,1,14:10,7,2,9
2023201347637,2023,201347637,1,1,1,2,34,6,3,0,0,0,0,0,9,4,E01009226,3,1,0.0,1.0,-1,3,30,2,1,2,19:53,6,2,9
2023421340981,2023,421340981,1,1,3,1,38,7,3,9,5,0,0,0,0,-1,-1,3,1,0.0,1.0,-1,6,60,1,1,1,13:25,7,1,9
2023201287733,2023,201287733,1,1,3,1,40,7,3,4,3,0,0,2,0,1,E01009347,3,1,0.0,1.0,-1,3,30,1,4,1,18:30,3,1,9
2023141355009,2023,141355009,1,1,3,2,43,7,3,9,8,0,0,0,0,-1,-1,3,1,0.0,1.0,-1,9,30,1,1,1,17:30,6,1,9
2023622300445,2023,622300445,1,1,3,1,62,9,3,9,5,0,0,0,0,3,W01000928,-1,0,0.17961,0.82039,-1,6,30,1,1,1,04:28,6,2,19
2023320735141,2023,320735141,1,1,3,1,30,6,3,8,1,0,0,0,0,5,E01026243,-1,0,0.12163,0.87837,-1,6,30,1,1,2,12:40,3,1,9
2023320192338,2023,320192338,2,1,1,1,49,8,2,0,0,0,0,0,1,8,E01026337,-1,0,1.0,0.0,-1,6,30,9,1,1,05:30,2,2,1
2023221283092,2023,221283092,1,1,2,2,23,5,3,0,0,1,0,0,9,2,E01032474,3,1,0.0,1.0,-1,3,40,1,4,1,21:52,6,2,9
2023302300079,2023,302300079,2,2,1,1,20,4,2,0,0,0,0,0,9,7,E01019701,-1,0,1.0,0.0,-1,6,40,1,4,1,22:00,6,2,9
2023302301961,2023,302301961,2,1,1,2,24,5,3,0,0,0,0,0,9,7,E01019424,-1,0,0.09199,0.90801,-1,6,60,1,6,1,07:00,3,2,9
2023522400706,2023,522400706,1,1,1,1,23,5,3,0,0,0,0,0,9,3,E01014579,-1,0,0.00784,0.99216,-1,2,20,1,4,1,21:30,5,2,9
2023430474239,2023,430474239,1,1,1,2,32,6,2,0,0,0,0,0,9,7,E01028762,-1,0,1.0,0.0,-1,6,60,1,1,1,16:40,7,1,9
2023010473660,2023,010473660,1,1,3,1,31,6,3,5,1,0,0,0,0,-1,-1,-1,0,0.0,1.0,-1,6,30,2,4,2,19:20,2,1,3
2023201379114,2023,201379114,1,2,3,2,11,3,3,4,9,0,0,0,0,1,E01010062,3,1,0.0,1.0,-1,6,30,1,1,1,15:40,4,1,-1
2023010419302,2023,010419302,1,1,3,1,49,8,3,1,3,0,0,0,0,3,E01003606,-1,0,0.0,1.0,-1,2,20,8,4,2,06:10,2,1,9
2023010465897,2023,010465897,1,1,3,1,37,7,2,10,9,0,0,0,0,4,E01002718,-1,0,1.0,0.0,-1,2,20,1,1,1,12:07,5,1,19
2023010439727,2023,010439727,2,1,1,1,22,5,3,0,0,0,0,0,1,2,E01003977,-1,0,0.0,1.0,-1,6,20,1,1,1,16:25,4,2,1
2023010444595,2023,010444595,2,1,1,2,46,8,3,0,0,0,0,0,9,8,E01002963,-1,0,0.0,1.0,-1,1,30,1,1,1,13:30,3,2,9
2023010477161,2023,010477161,1,2,2,1,18,4,2,0,0,1,0,0,9,2,E01002314,-1,0,1.0,0.0,-1,3,50,1,4,2,17:13,5,5,9
2023131330777,2023,131330777,2,1,2,2,78,11,3,0,0,2,0,0,9,3,E01010630,3,1,0.0,1.0,-1,6,30,1,1,2,15:55,3,2,9
2023351338242,2023,351338242,2,2,1,1,66,10,3,0,0,0,0,0,9,3,E01018083,3,1,0.0,1.0,-1,6,30,1,1,1,18:42,7,2,9
2023141297585,2023,141297585,1,2,2,2,41,7,2,0,0,1,0,0,9,4,E01007559,7,1,1.0,0.0,-1,6,30,1,1,1,20:23,2,2,9
2023201287844,2023,201287844,1,3,2,2,17,4,3,0,0,1,0,0,9,6,E01029614,3,1,0.0,1.0,-1,6,40,8,4,2,18:51,5,2,9
2023371313748,2023,371313748,6,2,1,1,-1,-1,3,0,0,0,0,0,9,5,E01029941,3,1,0.0,1.0,-1,6,30,1,1,1,16:20,3,6,9
2023451391716,2023,451391716,1,3,1,2,61,9,3,0,0,0,0,0,9,5,W01001925,3,1,0.0,1.0,-1,3,70,1,1,1,10:30,7,5,9
2023010429160,2023,010429160,2,1,1,1,20,4,3,0,0,0,0,0,3,3,E01000081,-1,0,0.0,1.0,-1,2,30,1,4,1,19:51,7,2,3
2023131327531,2023,131327531,2,1,1,2,22,5,3,0,0,0,0,0,9,4,E01010669,3,1,0.0,1.0,-1,6,30,1,1,1,14:30,4,2,9
2023311277346,2023,311277346,1,2,1,2,21,5,2,0,0,0,0,0,9,8,E01028303,7,1,1.0,0.0,-1,3,70,1,4,1,03:07,6,1,9
2023361380794,2023,361380794,1,1,1,2,25,5,3,0,0,0,0,0,9,5,E01026894,3,1,0.0,1.0,-1,6,60,1,1,4,07:56,5,1,9
2023010437212,2023,010437212,1,1,3,1,49,8,3,1,3,0,0,0,0,2,E01021278,-1,0,0.0,1.0,-1,3,20,1,1,1,10:00,3,1,9
2023010445284,2023,010445284,2,1,1,1,-1,-1,3,0,0,0,0,0,1,-1,-1,-1,0,0.0,1.0,-1,7,30,8,1,1,10:00,6,2,1
2023451361263,2023,451361263,2,1,1,1,13,3,3,0,0,0,0,0,1,9,E01031000,3,1,0.0,1.0,-1,6,30,1,1,1,16:37,6,3,1
2023461335754,2023,461335754,2,1,1,1,-1,-1,3,0,0,0,0,0,1,-1,-1,3,1,0.0,1.0,-1,6,30,1,1,1,20:00,1,2,1
2023481380221,2023,481380221,1,1,3,1,30,6,3,5,1,0,0,0,0,-1,-1,3,1,0.0,1.0,-1,6,20,1,4,1,01:19,7,1,9
2023430506274,2023,430506274,2,1,1,2,53,8,2,0,0,0,0,0,1,8,E01028689,-1,0,1.0,0.0,-1,6,30,1,1,1,14:04,6,2,1
2023101301830,2023,101301830,2,1,1,1,22,5,3,0,0,0,0,0,9,-1,-1,3,1,0.0,1.0,-1,6,30,8,4,1,22:15,3,2,9
2023401278266,2023,401278266,1,2,2,2,17,4,3,0,0,1,0,0,9,8,E01017496,3,1,0.0,1.0,-1,6,30,1,1,1,15:30,1,2,9
2023010449719,2023,010449719,1,1,3,1,25,5,3,1,9,0,0,0,0,8,E01003004,-1,0,0.0,1.0,-1,7,20,1,1,1,17:30,7,1,9
2023361299450,2023,361299450,1,2,3,1,5,1,3,1,3,0,0,-1,0,1,E01026687,3,1,0.0,1.0,-1,6,20,1,1,1,14:16,6,1,19
2023421372346,2023,421372346,1,1,3,2,46,8,2,5,3,0,0,0,0,-1,-1,6,1,1.0,0.0,-1,6,30,1,4,2,20:11,4,1,9
2023991384709,2023,991384709,1,1,3,1,46,8,3,1,1,0,0,1,0,7,-1,3,1,0.0,1.0,-1,6,30,1,4,2,21:00,6,1,9
2023052302721,2023,052302721,1,1,3,1,27,6,3,5,9,0,0,0,0,2,E01006751,-1,0,0.1095,0.8905,-1,6,30,4,1,2,16:45,2,1,8
2023471354338,2023,471354338,2,1,1,1,52,8,2,0,0,0,0,0,1,5,E01031467,7,1,1.0,0.0,-1,6,30,1,1,1,16:05,6,2,1
2023131373572,2023,131373572,2,1,1,2,22,5,3,0,0,0,0,0,9,5,E01011765,3,1,0.0,1.0,-1,6,30,1,1,1,11:40,7,2,9
2023461275970,2023,461275970,2,3,2,2,16,4,3,0,0,2,0,0,9,6,E01024276,3,1,0.0,1.0,-1,6,40,1,1,1,08:30,2,2,9
2023201306510,2023,201306510,1,1,3,2,72,10,3,5,1,0,0,0,0,1,E01009000,3,1,0.0,1.0,-1,6,30,2,1,2,09:18,3,1,9
2023622300540,2023,622300540,1,1,3,1,39,7,3,5,1,0,0,0,0,7,W01001943,-1,0,0.12542,0.87458,-1,6,20,1,4,1,19:36,2,1,1
2023201367232,2023,201367232,1,1,3,2,36,7,3,4,2,0,0,2,0,-1,-1,3,1,0.0,1.0,-1,6,30,1,1,1,09:10,7,1,9
2023471344031,2023,471344031,1,1,1,2,27,6,3,0,0,0,0,0,1,6,E01031345,3,1,0.0,1.0,-1,6,30,1,1,1,19:07,6,2,1
2023991368018,2023,991368018,1,1,3,1,37,7,3,5,1,0,0,0,0,8,-1,3,1,0.0,1.0,-1,6,40,1,1,1,15:20,7,1,9
2023010447737,2023,010447737,2,1,1,1,47,8,3,0,0,0,0,0,-1,3,E01004432,-1,0,0.0,1.0,-1,2,20,1,1,1,08:00,5,2,-1
2023311389271,2023,311389271,1,1,3,1,31,6,1,5,3,0,0,0,0,5,E01013938,1,1,0.0,0.0,-1,6,30,1,4,1,03:23,4,1,9
2023010480480,2023,010480480,1,1,1,-1,37,7,3,0,0,0,0,0,3,4,E01003023,-1,0,0.0,1.0,-1,6,20,9,1,9,12:00,7,2,3
2023430227351,2023,430227351,2,3,1,1,64,9,3,0,0,0,0,0,5,9,E01016682,-1,0,0.22719,0.77281,-1,6,40,1,1,1,09:31,4,2,5
2023332300590,2023,332300590,1,1,3,2,17,4,2,1,9,0,0,0,0,3,E01013660,-1,0,1.0,0.0,-1,6,30,1,1,1,16:00,1,1,9
2023481407548,2023,481407548,1,1,3,1,70,10,2,1,1,0,0,0,0,-1,-1,5,1,1.0,0.0,-1,6,20,1,4,1,19:35,6,1,11
2023991313068,2023,991313068,1,1,3,1,31,6,2,5,1,0,0,2,0,2,-1,7,1,1.0,0.0,-1,6,30,1,7,1,00:55,5,1,9