collision_index,collision_year,collision_ref_no,vehicle_reference,casualty_reference,casualty_class,sex_of_casualty,age_of_casualty,age_band_of_casualty,casualty_severity,pedestrian_location,pedestrian_movement,car_passenger,bus_or_coach_passenger,pedestrian_road_maintenance_worker,casualty_type,casualty_imd_decile,lsoa_of_casualty,enhanced_casualty_severity,casualty_injury_based,casualty_adjusted_severity_serious,casualty_adjusted_severity_slight,casualty_distance_banding,road_type,speed_limit,weather_conditions,light_conditions,road_surface_conditions,time,day_of_week,number_of_vehicles,vehicle_type
2023052300611,2023,052300611,1,1,3,2,11,3,3,2,1,0,0,0,0,1,E01007127,-1,0,0.20003,0.79997,-1,6,30,1,4,2,21:00,4,1,9
2023340NN2152,2023,340NN2152,2,1,1,2,36,7,3,0,0,0,0,0,1,-1,-1,-1,0,0.04446,0.95554,-1,6,30,1,1,1,14:40,4,2,1
2023440481724,2023,440481724,2,1,1,1,46,8,3,0,0,0,0,0,1,4,E01017159,-1,0,0.09395,0.90605,-1,6,20,1,4,2,17:30,6,2,1
2023010456975,2023,010456975,1,1,1,1,24,5,3,0,0,0,0,0,3,5,E01003495,-1,0,0.0,1.0,-1,9,30,9,1,1,20:30,2,2,3
2023461278614,2023,461278614,1,1,1,1,53,8,2,0,0,0,0,0,5,7,E01024459,7,1,1.0,0.0,-1,6,60,1,1,2,07:43,4,1,5
2023070972719,2023,070972719,2,1,2,2,85,11,3,0,0,2,0,0,9,1,E01012380,-1,0,0.01243,0.98757,-1,6,30,1,1,1,12:45,6,2,9
2023131343101,2023,131343101,1,1,1,2,30,6,3,0,0,0,0,0,9,6,E01011885,3,1,0.0,1.0,-1,6,30,2,1,2,10:55,6,2,9
2023201389416,2023,201389416,1,1,1,1,27,6,3,0,0,0,0,0,9,1,E01033643,3,1,0.0,1.0,-1,6,30,1,4,1,22:20,2,2,9
2023501282975,2023,501282975,1,1,1,2,56,9,3,0,0,0,0,0,9,7,E01015203,3,1,0.0,1.0,-1,3,70,1,1,1,15:38,4,2,9
2023010423775,2023,010423775,1,1,1,1,45,7,3,0,0,0,0,0,19,4,E01001478,-1,0,0.0,1.0,-1,3,30,1,1,1,09:10,6,2,19
2023010473620,2023,010473620,1,1,1,2,25,5,3,0,0,0,0,0,3,1,E01001155,-1,0,0.0,1.0,-1,6,20,1,1,1,16:20,5,2,3
2023531348120,2023,531348120,1,1,3,1,85,11,2,6,9,0,0,0,0,6,E01022210,6,1,1.0,0.0,-1,6,30,1,1,1,12:08,1,1,90
2023141358319,2023,141358319,1,2,2,2,4,1,3,0,0,0,4,0,11,-1,-1,3,1,0.0,1.0,-1,3,20,1,1,1,15:54,3,1,11
2023471355336,2023,471355336,1,1,1,1,39,7,3,0,0,0,0,0,9,4,E01021017,3,1,0.0,1.0,-1,6,30,1,1,1,15:00,6,2,9
2023501286068,2023,501286068,1,2,1,1,53,8,3,0,0,0,0,0,9,2,E01018771,3,1,0.0,1.0,-1,6,60,1,1,1,13:14,7,2,9
2023010436321,2023,010436321,2,1,1,2,-1,-1,3,0,0,0,0,0,1,-1,-1,-1,0,0.0,1.0,-1,1,30,1,1,1,12:20,6,2,1
2023401322823,2023,401322823,2,1,1,1,40,7,3,0,0,0,0,0,8,6,E01000259,3,1,0.0,1.0,-1,3,70,1,4,-1,23:50,4,2,8
2023311265151,2023,311265151,2,1,1,1,51,8,2,0,0,0,0,0,1,-1,-1,6,1,1.0,0.0,-1,6,30,8,4,4,05:52,4,2,1
2023361374769,2023,361374769,2,1,1,1,63,9,3,0,0,0,0,0,1,6,E01026479,3,1,0.0,1.0,-1,6,60,1,1,2,08:40,4,2,1
2023440450401,2023,440450401,1,1,3,1,56,9,3,5,3,0,0,0,0,2,E01017253,-1,0,0.19401,0.80599,-1,6,30,2,4,2,19:07,6,1,9
2023131387885,2023,131387885,1,1,3,1,63,9,1,8,2,0,0,2,0,3,E01010835,1,1,0.0,0.0,-1,6,30,1,1,2,12:20,4,1,9
2023311295373,2023,311295373,1,1,1,1,32,6,3,0,0,0,0,0,1,-1,-1,3,1,0.0,1.0,-1,6,30,1,1,1,19:00,3,2,1
2023522301233,2023,522301233,1,1,3,1,12,3,3,1,1,0,0,0,0,3,E01014492,-1,0,0.03349,0.96651,-1,2,20,1,1,1,16:15,2,1,-1
2023471261756,2023,471261756,2,1,1,1,16,4,2,0,0,0,0,0,2,3,E01031791,7,1,1.0,0.0,-1,6,30,2,4,2,23:50,3,2,2
2023302300723,2023,302300723,2,1,1,1,54,8,2,0,0,0,0,0,5,5,E01028122,-1,0,1.0,0.0,-1,6,40,1,1,1,14:25,1,2,5
2023131370533,2023,131370533,2,2,2,2,76,11,3,0,0,1,0,0,9,3,E01011940,3,1,0.0,1.0,-1,2,30,1,1,1,09:34,6,3,9
2023010425014,2023,010425014,1,1,1,1,59,9,3,0,0,0,0,0,1,4,E01004330,-1,0,0.0,1.0,-1,6,20,1,4,1,20:30,5,2,1
2023010424563,2023,010424563,1,1,1,1,30,6,3,0,0,0,0,0,3,3,E01002079,-1,0,0.0,1.0,-1,9,20,1,1,1,16:40,2,2,3
2023010477716,2023,010477716,1,1,1,1,22,5,3,0,0,0,0,0,1,2,E01001791,-1,0,0.0,1.0,-1,6,20,1,1,1,10:57,2,2,1
2023501399401,2023,501399401,2,1,1,1,17,4,3,0,0,0,0,0,3,3,E01020282,3,1,0.0,1.0,-1,3,40,1,4,-1,05:58,3,2,3
2023010454405,2023,010454405,1,1,1,1,45,7,3,0,0,0,0,0,8,6,E01002125,-1,0,0.0,1.0,-1,9,30,1,4,1,02:35,2,2,8
2023010461397,2023,010461397,1,1,3,2,42,7,3,5,1,0,0,0,0,6,E01002140,-1,0,0.0,1.0,-1,6,30,1,1,1,15:53,7,1,9
2023421316772,2023,421316772,1,1,3,1,54,8,3,5,2,0,0,0,0,1,E01022031,3,1,0.0,1.0,-1,6,30,1,1,1,10:31,6,1,9
2023302301188,2023,302301188,1,1,1,1,13,3,2,0,0,0,0,0,4,1,E01013550,-1,0,1.0,0.0,-1,6,30,1,1,1,20:45,3,1,4
2023461301684,2023,461301684,1,2,2,2,18,4,3,0,0,1,0,0,9,2,E01023976,3,1,0.0,1.0,-1,6,60,1,1,1,17:17,3,1,9
2023543416123,2023,543416123,2,1,1,2,34,6,3,0,0,0,0,0,9,6,E01031846,-1,0,0.03025,0.96975,-1,6,60,2,1,2,10:20,6,2,9
2023010481914,2023,010481914,1,1,1,2,47,8,3,0,0,0,0,0,9,-1,-1,-1,0,0.0,1.0,-1,1,20,8,1,2,14:25,2,2,9
2023221354382,2023,221354382,2,3,2,2,18,4,2,0,0,2,0,0,9,8,E01028887,5,1,1.0,0.0,-1,6,60,1,1,1,19:34,1,2,9
2023332300719,2023,332300719,1,2,2,2,65,9,3,0,0,1,0,0,9,9,E01025642,-1,0,0.00677,0.99323,-1,6,50,1,1,1,14:35,5,2,9
202360A046465,2023,60A046465,1,1,1,1,21,5,3,0,0,0,0,0,9,-1,-1,-1,0,0.06836,0.93164,-1,6,30,2,4,2,22:17,6,2,9
2023991365442,2023,991365442,1,1,1,1,32,6,2,0,0,0,0,0,9,6,-1,7,1,1.0,0.0,-1,6,30,1,1,1,20:00,6,2,9
2023071027432,2023,071027432,1,1,1,2,43,7,3,0,0,0,0,0,9,-1,-1,-1,0,0.05649,0.94351,-1,6,60,1,1,2,10:28,5,1,9
2023302300400,2023,302300400,1,1,1,1,24,5,3,0,0,0,0,0,9,3,E01019552,-1,0,0.09766,0.90234,-1,6,30,1,4,1,22:00,2,1,9
2023302300490,2023,302300490,1,1,1,2,56,9,3,0,0,0,0,0,9,9,E01019751,-1,0,0.02782,0.97218,-1,6,30,1,1,1,08:10,7,2,9
2023991376215,2023,991376215,1,1,3,1,62,9,2,5,1,0,0,0,0,1,-1,6,1,1.0,0.0,-1,3,30,2,4,2,01:09,1,1,8
2023061265183,2023,061265183,1,2,3,2,42,7,3,5,3,0,0,-1,0,2,E01004849,3,1,0.0,1.0,-1,6,30,1,1,2,15:46,5,1,9
2023351396872,2023,351396872,2,2,1,1,28,6,3,0,0,0,0,0,8,7,E01017969,3,1,0.0,1.0,-1,6,30,1,1,1,14:17,2,2,8
2023401383798,2023,401383798,1,1,3,2,26,6,2,1,3,0,0,0,0,5,E01015739,7,1,1.0,0.0,-1,3,30,1,1,-1,08:55,1,1,9
2023052301243,2023,052301243,2,1,1,1,11,3,3,0,0,0,0,0,1,1,E01006436,-1,0,0.15898,0.84102,-1,3,40,1,1,1,17:15,4,2,1
2023340NN3812,2023,340NN3812,1,1,1,1,34,6,2,0,0,0,0,0,1,2,E01027351,-1,0,1.0,0.0,-1,6,60,1,1,1,17:19,5,2,1
2023211203740,2023,211203740,2,2,1,2,28,6,3,0,0,0,0,0,9,4,E01006022,-1,0,0.05702,0.94298,-1,6,60,1,1,4,09:53,4,2,9
2023430223260,2023,430223260,1,1,1,2,32,6,3,0,0,0,0,0,9,3,E01016511,-1,0,0.00458,0.99542,-1,1,40,1,1,1,08:15,6,2,9
2023522400488,2023,522400488,2,2,1,1,35,6,3,0,0,0,0,0,5,9,E01033333,-1,0,0.17918,0.82082,-1,6,50,1,1,1,16:55,3,2,5
2023311358122,2023,311358122,2,4,2,1,16,4,3,0,0,2,0,0,8,8,E01032622,3,1,0.0,1.0,-1,6,30,2,4,2,01:24,1,2,8
2023010442997,2023,010442997,1,1,1,1,37,7,3,0,0,0,0,0,9,10,E01023567,-1,0,0.0,1.0,-1,6,30,1,1,1,08:11,2,2,9
2023440078562,2023,440078562,1,1,1,1,33,6,3,0,0,0,0,0,9,8,E01017056,-1,0,0.06841,0.93159,-1,6,30,1,4,2,17:45,7,1,9
2023201296592,2023,201296592,1,1,3,1,13,3,2,5,2,0,0,0,0,1,E01010271,7,1,1.0,0.0,-1,6,30,1,1,1,15:31,5,1,9
2023481356305,2023,481356305,1,2,3,1,27,6,2,5,1,0,0,0,0,-1,-1,5,1,1.0,0.0,-1,6,20,2,1,2,09:42,4,1,3
2023471294345,2023,471294345,2,1,1,2,46,8,3,0,0,0,0,0,3,2,E01016949,3,1,0.0,1.0,-1,6,30,1,1,1,13:23,5,2,3
2023451319849,2023,451319849,1,1,2,2,65,9,3,0,0,0,0,0,5,5,E01030814,3,1,0.0,1.0,-1,6,30,1,1,1,17:00,5,1,5
2023332300676,2023,332300676,1,1,3,1,40,7,3,10,9,0,0,0,0,2,E01013774,-1,0,0.09715,0.90285,-1,3,50,1,1,1,13:30,2,1,21
2023421387215,2023,421387215,3,1,1,1,32,6,3,0,0,0,0,0,19,6,E01021355,3,1,0.0,1.0,-1,3,70,1,1,2,10:01,3,5,19
2023010462945,2023,010462945,1,1,3,2,19,4,2,1,1,0,0,0,0,1,E01003060,-1,0,1.0,0.0,-1,3,30,8,4,1,21:15,2,1,9
2023311393845,2023,311393845,2,1,3,2,58,9,3,9,5,0,0,0,0,2,E01014842,3,1,0.0,1.0,-1,6,30,2,5,2,17:10,1,2,19
2023010451478,2023,010451478,1,1,3,1,6,2,2,5,1,0,0,0,0,2,E01003689,-1,0,1.0,0.0,-1,6,30,1,1,1,08:10,2,1,9
2023010457705,2023,010457705,1,1,3,2,25,5,3,4,4,0,0,0,0,2,E01002851,-1,0,0.0,1.0,-1,2,20,1,1,1,15:05,6,1,3
2023061338535,2023,061338535,1,1,3,1,52,8,2,5,3,0,0,0,0,-1,-1,6,1,1.0,0.0,-1,3,30,1,4,1,02:43,7,1,9
2023201366076,2023,201366076,1,1,3,2,29,6,2,10,3,0,0,2,0,1,E01010053,7,1,1.0,0.0,-1,3,30,1,1,1,12:15,2,1,9
2023010484829,2023,010484829,1,1,1,1,34,6,2,0,0,0,0,0,4,5,E01000285,-1,0,1.0,0.0,-1,6,20,1,4,1,21:35,2,3,4
2023622300318,2023,622300318,1,1,1,1,43,7,3,0,0,0,0,0,19,5,W01000650,-1,0,0.0392,0.9608,-1,6,30,1,4,2,21:27,6,1,19
2023010443075,2023,010443075,1,1,3,1,65,9,3,5,1,0,0,0,0,5,E01001556,-1,0,0.0,1.0,-1,6,20,9,7,1,02:10,3,1,2
2023010449334,2023,010449334,1,1,1,1,37,7,3,0,0,0,0,0,3,3,E01001446,-1,0,0.0,1.0,-1,9,30,9,1,9,17:30,5,2,3
2023161391246,2023,161391246,1,1,1,1,24,5,3,0,0,0,0,0,9,-1,-1,3,1,0.0,1.0,-1,3,70,3,1,3,12:47,1,1,9
2023231263771,2023,231263771,1,1,2,2,24,5,3,0,0,1,0,0,9,9,E01009557,3,1,0.0,1.0,-1,6,50,4,4,1,19:11,3,2,9
2023461288605,2023,461288605,2,1,1,1,45,7,3,0,0,0,0,0,9,3,E01024280,3,1,0.0,1.0,-1,3,50,1,4,1,07:15,5,2,9
2023201289756,2023,201289756,2,2,1,1,43,7,3,0,0,0,0,0,9,2,E01010508,3,1,0.0,1.0,-1,6,30,1,4,1,22:17,6,2,9
2023052300575,2023,052300575,2,2,1,1,53,8,3,0,0,0,0,0,9,4,E01006537,-1,0,0.02909,0.97091,-1,6,20,9,1,2,11:43,6,2,9
2023101357763,2023,101357763,1,2,1,1,60,9,3,0,0,0,0,0,9,5,E01007558,3,1,0.0,1.0,-1,6,60,1,1,1,14:16,6,3,9
2023122301276,2023,122301276,2,1,1,1,81,11,2,0,0,0,0,0,9,8,E01027640,-1,0,1.0,0.0,-1,3,30,1,1,1,13:11,3,3,9
2023340WN2262,2023,340WN2262,2,2,2,2,17,4,3,0,0,0,0,0,-1,-1,-1,-1,0,0.04879,0.95121,-1,6,30,1,1,1,17:46,5,2,-1
2023041357364,2023,041357364,1,1,1,1,39,7,2,0,0,0,0,0,9,1,E01006979,6,1,1.0,0.0,-1,6,30,1,1,1,09:34,5,2,9
2023221370128,2023,221370128,1,2,2,2,24,5,2,0,0,1,0,0,9,4,E01032342,7,1,1.0,0.0,-1,6,30,1,4,2,02:00,7,1,9
2023340WN6232,2023,340WN6232,2,1,1,2,18,4,3,0,0,0,0,0,9,3,E01027224,-1,0,0.03137,0.96863,-1,1,40,1,1,1,12:50,2,2,9
2023061309285,2023,061309285,1,1,1,2,28,6,2,0,0,0,0,0,9,7,E01006099,5,1,1.0,0.0,-1,3,70,1,1,1,08:42,5,2,9
2023440144244,2023,440144244,2,1,1,1,70,10,3,0,0,0,0,0,9,9,E01022859,-1,0,0.10808,0.89192,-1,6,60,1,1,1,09:56,5,2,9
2023311343847,2023,311343847,3,4,2,2,80,11,3,0,0,1,0,0,9,8,E01028353,3,1,0.0,1.0,-1,6,40,8,1,1,10:12,2,3,9
2023010437425,2023,010437425,1,1,2,1,17,4,3,0,0,1,0,0,9,1,E01000595,-1,0,0.0,1.0,-1,3,20,1,1,1,17:52,6,2,9
2023010439483,2023,010439483,2,2,1,1,28,6,3,0,0,0,0,0,9,5,E01003741,-1,0,0.0,1.0,-1,6,30,1,5,1,19:50,3,3,9
2023311389470,2023,311389470,2,1,1,2,32,6,3,0,0,0,0,0,9,5,E01028314,3,1,0.0,1.0,-1,6,50,1,1,2,14:35,1,2,9
2023361341782,2023,361341782,2,2,1,2,28,6,1,0,0,0,0,0,9,1,E01030258,1,1,0.0,0.0,-1,6,60,1,1,1,16:30,1,2,9
2023141313169,2023,141313169,1,1,1,1,20,4,2,0,0,0,0,0,9,7,E01007778,5,1,1.0,0.0,-1,6,30,1,4,1,23:05,6,1,9
2023320701280,2023,320701280,1,1,1,1,31,6,3,0,0,0,0,0,9,3,E01026032,-1,0,0.08973,0.91027,-1,6,30,2,4,2,17:30,1,1,9
2023351407668,2023,351407668,2,1,1,2,13,3,3,0,0,0,0,0,-1,1,E01015637,3,1,0.0,1.0,-1,6,30,1,1,1,15:15,2,2,-1
2023041295155,2023,041295155,2,1,1,2,32,6,3,0,0,0,0,0,9,2,E01024902,3,1,0.0,1.0,-1,6,30,8,1,1,16:30,4,2,9
2023351286905,2023,351286905,3,1,1,1,37,7,3,0,0,0,0,0,9,4,E01030108,3,1,0.0,1.0,-1,6,60,1,4,1,18:52,6,3,9
2023440432479,2023,440432479,2,2,1,1,29,6,3,0,0,0,0,0,9,10,E01023279,-1,0,0.06934,0.93066,-1,3,70,1,1,1,09:04,1,2,9
2023041376845,2023,041376845,2,1,1,2,51,8,3,0,0,0,0,0,9,4,E01025308,3,1,0.0,1.0,-1,6,30,1,4,1,19:10,6,2,9
2023421296798,2023,421296798,3,2,1,1,48,8,3,0,0,0,0,0,9,7,E01021722,3,1,0.0,1.0,-1,6,60,2,4,2,19:30,6,3,9
2023010469694,2023,010469694,1,1,1,1,35,6,3,0,0,0,0,0,19,3,E01001673,-1,0,0.0,1.0,-1,6,30,1,1,1,09:59,3,2,19
2023231341878,2023,231341878,1,1,1,1,42,7,2,0,0,0,0,0,5,7,E01009040,5,1,1.0,0.0,-1,6,30,1,1,1,19:50,4,2,5
202354B907423,2023,54B907423,2,1,1,1,45,7,3,0,0,0,0,0,1,8,E01031946,-1,0,0.04496,0.95504,-1,6,30,1,7,1,18:00,4,2,1
2023201415538,2023,201415538,2,1,1,1,-1,-1,3,0,0,0,0,0,-1,2,E01009029,3,1,0.0,1.0,-1,6,30,1,4,1,00:48,3,2,-1
2023010419281,2023,010419281,1,1,1,1,23,5,2,0,0,0,0,0,2,3,E01000974,-1,0,1.0,0.0,-1,6,30,2,4,2,19:37,1,1,2
2023361312348,2023,361312348,2,2,2,1,72,10,3,0,0,1,0,0,9,6,E01026748,3,1,0.0,1.0,-1,6,60,1,1,1,10:40,1,2,9
2023430555304,2023,430555304,3,4,1,2,34,6,3,0,0,0,0,0,9,3,E01016373,-1,0,0.03594,0.96406,-1,3,70,1,1,1,18:10,2,3,9
2023010449284,2023,010449284,1,1,2,2,39,7,3,0,0,0,4,0,11,9,E01017821,-1,0,0.0,1.0,-1,3,20,1,1,1,17:50,5,1,11
2023101284140,2023,101284140,1,1,3,2,15,3,3,1,1,0,0,0,0,2,E01008684,3,1,0.0,1.0,-1,6,30,1,1,1,08:10,2,1,9
2023010463133,2023,010463133,1,1,1,1,55,8,3,0,0,0,0,0,1,6,E01000192,-1,0,0.0,1.0,-1,6,30,1,1,1,16:30,6,2,1
2023430324785,2023,430324785,2,1,1,1,40,7,3,0,0,0,0,0,9,1,E01016743,-1,0,0.007,0.993,-1,6,30,1,1,1,17:45,6,2,9
2023430526950,2023,430526950,2,1,1,1,50,8,3,0,0,0,0,0,19,9,E01030705,-1,0,0.01972,0.98028,-1,6,40,1,1,1,11:29,5,2,19
2023010463107,2023,010463107,1,1,2,1,78,11,3,0,0,0,1,0,11,3,E01003263,-1,0,0.0,1.0,-1,7,20,1,1,1,10:05,4,1,11
2023052302160,2023,052302160,1,1,3,1,77,11,2,5,3,0,0,0,0,8,E01006931,-1,0,1.0,0.0,-1,6,30,1,1,1,09:11,4,1,9
2023122300557,2023,122300557,1,1,3,2,67,10,3,6,9,0,0,0,0,6,E01010855,-1,0,0.15125,0.84875,-1,6,30,1,1,1,13:57,1,1,1
2023010433131,2023,010433131,2,1,1,1,40,7,3,0,0,0,0,0,1,3,E01001043,-1,0,0.0,1.0,-1,6,20,1,4,1,18:50,1,2,1
2023302301849,2023,302301849,2,1,2,2,60,9,3,0,0,1,0,0,9,9,E01033531,-1,0,0.01882,0.98118,-1,1,40,1,1,1,13:30,3,2,9
2023622300405,2023,622300405,1,2,2,2,68,10,3,0,0,1,0,0,9,9,W01001434,-1,0,0.07448,0.92552,-1,6,30,1,1,1,15:22,7,2,9
2023010431134,2023,010431134,1,2,2,1,27,6,3,0,0,1,0,0,9,5,E01000631,-1,0,0.0,1.0,-1,2,30,1,4,2,04:30,5,2,9
2023201448388,2023,201448388,1,1,1,2,30,6,3,0,0,0,0,0,9,2,E01009751,3,1,0.0,1.0,-1,6,30,1,4,1,21:45,6,2,9
2023471292615,2023,471292615,1,1,1,1,30,6,3,0,0,0,0,0,9,4,E01031716,3,1,0.0,1.0,-1,6,60,2,1,2,15:45,6,1,9
2023010455053,2023,010455053,1,1,3,2,47,8,2,1,1,0,0,0,0,2,E01003137,-1,0,1.0,0.0,-1,3,30,1,1,1,19:44,5,1,9
2023131319521,2023,131319521,2,1,2,1,30,6,3,0,0,0,0,0,5,2,E01019863,3,1,0.0,1.0,-1,6,50,1,1,1,14:15,6,2,5
2023131309396,2023,131309396,1,2,2,2,80,11,3,0,0,1,0,0,9,3,E01010846,3,1,0.0,1.0,-1,6,30,1,1,1,17:08,6,4,9
2023340WN4562,2023,340WN4562,2,3,2,2,9,2,3,0,0,2,0,0,9,-1,-1,-1,0,0.01333,0.98667,-1,1,30,1,1,1,16:25,5,2,9
2023320412003,2023,320412003,2,1,1,1,21,5,3,0,0,0,0,0,9,4,E01026256,-1,0,0.01629,0.98371,-1,6,60,1,1,1,17:15,5,2,9
2023461382682,2023,461382682,1,1,1,1,34,6,2,0,0,0,0,0,9,7,E01024812,6,1,1.0,0.0,-1,6,60,2,6,2,00:38,7,1,9
2023991298578,2023,991298578,1,1,1,2,47,8,3,0,0,0,0,0,9,6,-1,3,1,0.0,1.0,-1,6,30,1,1,1,09:45,4,2,9
2023201411223,2023,201411223,2,1,1,1,24,5,3,0,0,0,0,0,9,-1,-1,3,1,0.0,1.0,-1,6,30,1,4,1,01:00,3,2,9
2023302300432,2023,302300432,1,1,2,2,20,4,3,0,0,1,0,0,9,8,E01027348,-1,0,0.00639,0.99361,-1,6,30,1,1,1,11:00,3,2,9
2023540591923,2023,540591923,2,1,1,2,52,8,3,0,0,0,0,0,9,3,E01015502,-1,0,0.00498,0.99502,-1,1,30,3,1,3,08:09,4,2,9
2023010442871,2023,010442871,1,1,1,1,23,5,3,0,0,0,0,0,3,5,E01000606,-1,0,0.0,1.0,-1,6,20,9,7,9,00:05,1,2,3
2023010420638,2023,010420638,1,1,3,2,34,6,3,5,2,0,0,0,0,3,E01001170,-1,0,0.0,1.0,-1,6,20,1,4,1,07:45,6,1,9
2023991328668,2023,991328668,4,3,1,1,55,8,3,0,0,0,0,0,1,9,-1,3,1,0.0,1.0,-1,6,60,1,1,1,11:20,7,7,1
2023061392911,2023,061392911,1,1,3,1,30,6,3,5,1,0,0,0,0,1,E01005698,3,1,0.0,1.0,-1,6,30,1,1,1,11:00,5,1,9
2023141273247,2023,141273247,1,1,3,1,11,3,3,5,9,0,0,0,0,-1,-1,3,1,0.0,1.0,-1,6,30,1,1,1,08:10,3,1,9
2023340NN3532,2023,340NN3532,1,1,1,1,13,3,3,0,0,0,0,0,1,4,E01026982,-1,0,0.1124,0.8876,-1,3,30,1,1,1,08:35,6,2,1
2023010454343,2023,010454343,1,1,1,1,40,7,3,0,0,0,0,0,3,2,E01001506,-1,0,0.0,1.0,-1,6,30,9,1,9,18:20,1,2,3
2023461297747,2023,461297747,1,1,1,2,86,11,3,0,0,0,0,0,9,6,E01024628,3,1,0.0,1.0,-1,6,50,1,1,1,12:13,1,2,9
2023201338782,2023,201338782,2,1,1,1,47,8,2,0,0,0,0,0,9,6,E01010177,6,1,1.0,0.0,-1,6,30,1,4,1,00:30,6,2,9
2023320282498,2023,320282498,2,3,2,1,70,10,2,0,0,1,0,0,9,5,E01026232,-1,0,1.0,0.0,-1,6,60,1,1,1,09:40,4,2,9
2023411301914,2023,411301914,1,2,2,1,-1,-1,3,0,0,-1,0,0,9,-1,-1,3,1,0.0,1.0,-1,6,60,1,1,1,03:33,5,2,9
2023010453640,2023,010453640,1,1,1,1,52,8,3,0,0,0,0,0,9,-1,-1,-1,0,0.0,1.0,-1,6,20,1,1,1,20:00,5,2,9
2023131361676,2023,131361676,2,2,1,1,47,8,3,0,0,0,0,0,9,3,E01011097,3,1,0.0,1.0,-1,6,30,8,4,1,19:30,6,2,9
2023221344923,2023,221344923,1,2,2,1,18,4,2,0,0,2,0,0,9,1,E01010046,5,1,1.0,0.0,-1,3,70,1,4,1,00:08,5,2,9
2023311269475,2023,311269475,2,1,2,1,15,3,3,0,0,2,0,0,9,-1,-1,3,1,0.0,1.0,-1,1,30,1,1,1,16:20,7,2,9
2023461273007,2023,461273007,1,1,1,1,58,9,3,0,0,0,0,0,9,7,E01024388,3,1,0.0,1.0,-1,6,30,1,1,4,11:04,5,2,9
2023461342568,2023,461342568,2,1,1,1,48,8,3,0,0,0,0,0,9,6,E01024130,3,1,0.0,1.0,-1,6,30,1,1,1,12:00,5,2,9
2023010439999,2023,010439999,1,1,1,1,68,10,3,0,0,0,0,0,9,3,E01000610,-1,0,0.0,1.0,-1,6,20,1,1,1,13:11,6,2,9
2023010465347,2023,010465347,2,1,1,1,39,7,3,0,0,0,0,0,9,4,E01029328,-1,0,0.0,1.0,-1,6,30,1,1,1,16:45,2,2,9
2023552300609,2023,552300609,2,1,1,2,18,4,3,0,0,0,0,0,9,4,E01015420,-1,0,0.02942,0.97058,-1,3,70,1,1,1,08:52,5,2,9
2023101285402,2023,101285402,2,1,1,1,50,8,3,0,0,0,0,0,19,2,E01027534,3,1,0.0,1.0,-1,6,60,1,1,1,10:45,3,2,19
2023302300548,2023,302300548,2,1,1,1,73,10,3,0,0,0,0,0,19,2,E01019817,-1,0,0.13102,0.86898,-1,6,60,9,1,1,06:00,5,2,19
2023010445392,2023,010445392,1,2,2,-1,18,4,3,0,0,2,0,0,9,2,E01001621,-1,0,0.0,1.0,-1,6,30,1,1,1,16:30,6,2,9
2023041353301,2023,041353301,1,1,2,2,40,7,3,0,0,1,0,0,9,-1,-1,3,1,0.0,1.0,-1,3,50,1,1,1,16:00,4,2,9
202363D033423,2023,63D033423,1,1,2,2,57,9,3,0,0,0,0,0,90,-1,-1,-1,0,0.23053,0.76947,-1,3,60,1,1,1,13:10,1,2,90
2023010443774,2023,010443774,1,1,1,1,24,5,2,0,0,0,0,0,1,8,E01004593,-1,0,1.0,0.0,-1,6,20,1,1,1,08:28,5,2,1
2023010438157,2023,010438157,1,1,1,1,51,8,3,0,0,0,0,0,5,10,E01023363,-1,0,0.0,1.0,-1,6,20,1,1,1,08:40,4,2,5
2023471368719,2023,471368719,2,1,1,1,38,7,3,0,0,0,0,0,19,9,E01031486,3,1,0.0,1.0,-1,6,40,1,1,2,15:55,2,3,19
2023340WN1022,2023,340WN1022,3,1,1,1,49,8,3,0,0,0,0,0,9,5,E01027237,-1,0,0.04123,0.95877,-1,6,60,2,1,2,08:05,2,3,9
2023010443343,2023,010443343,1,1,2,2,6,2,3,0,0,0,3,0,11,4,E01000418,-1,0,0.0,1.0,-1,3,30,1,1,1,16:00,3,1,11
2023070196251,2023,070196251,1,1,1,2,77,11,3,0,0,0,0,0,9,6,E01012509,-1,0,0.12579,0.87421,-1,6,40,1,1,1,17:29,3,2,9
2023541196823,2023,541196823,2,3,2,2,71,10,2,0,0,1,0,0,9,6,E01032037,-1,0,1.0,0.0,-1,6,60,1,1,1,13:45,5,2,9
2023131350065,2023,131350065,2,1,1,1,68,10,3,0,0,0,0,0,1,-1,-1,3,1,0.0,1.0,-1,1,40,1,1,1,14:25,5,2,1
2023141349745,2023,141349745,1,1,1,2,52,8,3,0,0,0,0,0,9,1,E01007339,3,1,0.0,1.0,-1,6,30,1,1,1,19:27,4,2,9
2023622300878,2023,622300878,1,1,1,2,55,8,3,0,0,0,0,0,9,1,W01001209,-1,0,0.03681,0.96319,-1,6,20,1,1,1,09:35,7,3,9
2023010450771,2023,010450771,1,1,2,1,75,10,2,0,0,0,2,0,11,6,E01001917,-1,0,1.0,0.0,-1,6,20,1,1,1,18:14,5,1,11
2023471347422,2023,471347422,2,1,2,2,-1,-1,3,0,0,0,4,0,11,4,E01020915,3,1,0.0,1.0,-1,6,30,2,1,2,12:29,5,3,11