collision_index,collision_year,collision_ref_no,vehicle_reference,casualty_reference,casualty_class,sex_of_casualty,age_of_casualty,age_band_of_casualty,casualty_severity,pedestrian_location,pedestrian_movement,car_passenger,bus_or_coach_passenger,pedestrian_road_maintenance_worker,casualty_type,casualty_imd_decile,lsoa_of_casualty,enhanced_casualty_severity,casualty_injury_based,casualty_adjusted_severity_serious,casualty_adjusted_severity_slight,casualty_distance_banding,road_type,speed_limit,weather_conditions,light_conditions,road_surface_conditions,time,day_of_week,number_of_vehicles,vehicle_type
2023411273814,2023,411273814,2,1,1,1,44,7,3,0,0,0,0,0,97,3,E01023865,3,1,0.0,1.0,-1,6,20,1,1,-1,13:15,7,2,97
2023211331190,2023,211331190,2,1,1,1,23,5,3,0,0,0,0,0,2,1,E01014251,3,1,0.0,1.0,-1,6,30,1,1,-1,15:15,2,2,2
2023010449464,2023,010449464,2,2,1,2,30,6,3,0,0,0,0,0,9,2,E01003924,-1,0,0.0,1.0,-1,3,20,1,1,1,12:19,6,3,9
2023221315020,2023,221315020,1,1,1,2,41,7,3,0,0,0,0,0,9,5,E01032360,3,1,0.0,1.0,-1,6,30,1,1,1,09:03,2,2,9
2023221370289,2023,221370289,2,2,2,2,20,4,3,0,0,1,0,0,9,-1,-1,3,1,0.0,1.0,-1,3,70,1,1,2,17:20,6,2,9
202363A010523,2023,63A010523,2,2,1,1,25,5,3,0,0,0,0,0,9,5,W01000794,-1,0,0.10309,0.89691,-1,3,70,1,6,2,19:20,6,2,9
2023440492727,2023,440492727,2,1,1,1,66,10,2,0,0,0,0,0,1,10,E01022756,-1,0,1.0,0.0,-1,6,30,1,1,1,13:47,7,2,1
2023411306284,2023,411306284,2,1,1,1,19,4,2,0,0,0,0,0,23,3,E01001546,7,1,1.0,0.0,-1,6,30,1,1,1,12:24,1,2,23
2023440294436,2023,440294436,1,1,3,1,61,9,3,6,9,0,0,0,0,2,E01017340,-1,0,0.17115,0.82885,-1,6,30,1,4,1,01:59,7,1,11
2023010455619,2023,010455619,1,1,1,1,31,6,3,0,0,0,0,0,2,4,E01001396,-1,0,0.0,1.0,-1,9,20,9,1,9,17:25,3,2,2
2023010454213,2023,010454213,2,1,1,2,57,9,3,0,0,0,0,0,9,3,E01000432,-1,0,0.0,1.0,-1,6,30,1,1,1,20:00,1,2,9
2023421285062,2023,421285062,2,1,1,2,23,5,3,0,0,0,0,0,9,10,E01021480,3,1,0.0,1.0,-1,7,40,1,1,1,13:45,1,2,9
2023440095946,2023,440095946,1,1,1,2,24,5,3,0,0,0,0,0,9,3,E01022901,-1,0,0.00684,0.99316,-1,6,30,2,1,2,17:35,5,2,9
2023010449265,2023,010449265,2,1,1,1,53,8,3,0,0,0,0,0,1,10,E01030324,-1,0,0.0,1.0,-1,3,20,1,1,1,18:31,5,2,1
2023010470048,2023,010470048,1,1,1,-1,38,7,3,0,0,0,0,0,3,5,E01001498,-1,0,0.0,1.0,-1,6,30,9,1,9,15:57,1,2,3
2023111329605,2023,111329605,1,1,3,1,14,3,2,5,1,0,0,0,0,1,E01020909,7,1,1.0,0.0,-1,6,30,2,1,2,16:28,6,1,9
2023361298450,2023,361298450,1,1,3,1,68,10,2,5,3,0,0,0,0,9,E01026544,6,1,1.0,0.0,-1,6,30,1,1,1,07:44,4,1,9
2023520300995,2023,520300995,1,1,3,1,21,5,3,10,9,0,0,0,0,5,E01029101,-1,0,0.03246,0.96754,-1,6,20,2,1,2,12:20,7,1,1
2023451359483,2023,451359483,1,1,1,1,23,5,3,0,0,0,0,0,3,10,E01014885,3,1,0.0,1.0,-1,6,20,1,1,1,15:50,2,2,3
2023010453922,2023,010453922,2,2,1,1,23,5,3,0,0,0,0,0,19,6,E01000677,-1,0,0.0,1.0,-1,6,30,1,1,1,09:35,7,2,19
2023471266836,2023,471266836,1,2,3,2,21,5,3,6,5,0,0,0,0,9,E01021208,3,1,0.0,1.0,-1,6,30,1,4,1,22:15,7,1,98
202360A168573,2023,60A168573,1,1,3,2,39,7,3,8,9,0,0,0,0,-1,-1,-1,0,0.26013,0.73987,-1,3,60,5,6,2,22:18,6,1,9
2023141264491,2023,141264491,2,1,1,1,82,11,3,0,0,0,0,0,1,1,E01007492,3,1,0.0,1.0,-1,6,30,8,1,4,08:51,3,2,1
2023122301037,2023,122301037,2,2,1,2,49,8,3,0,0,0,0,0,9,-1,-1,-1,0,0.05942,0.94058,-1,6,30,1,1,1,00:01,3,2,9
2023131302470,2023,131302470,1,1,1,2,62,9,3,0,0,0,0,0,9,7,E01011569,3,1,0.0,1.0,-1,7,50,1,1,1,14:05,1,2,9
2023161362970,2023,161362970,1,1,1,1,34,6,3,0,0,0,0,0,9,1,E01012837,3,1,0.0,1.0,-1,6,30,1,4,1,21:31,7,1,9
2023361327145,2023,361327145,1,1,1,2,56,9,3,0,0,0,0,0,9,4,E01026733,3,1,0.0,1.0,-1,6,60,1,1,1,19:15,6,1,9
2023991316574,2023,991316574,2,2,2,2,31,6,3,0,0,1,0,0,9,1,-1,3,1,0.0,1.0,-1,6,20,1,1,1,20:42,5,2,9
2023991301764,2023,991301764,2,2,1,1,36,7,3,0,0,0,0,0,19,1,-1,3,1,0.0,1.0,-1,6,60,2,1,2,14:25,5,2,19
2023320613543,2023,320613543,2,1,1,2,46,8,3,0,0,0,0,0,1,8,E01026136,-1,0,0.1482,0.8518,-1,6,40,1,1,2,09:59,3,2,1
2023332300862,2023,332300862,2,4,2,2,51,8,2,0,0,2,0,0,8,2,E01019441,-1,0,1.0,0.0,-1,3,30,1,5,1,20:18,7,2,8
2023501347266,2023,501347266,2,2,1,2,65,9,3,0,0,0,0,0,9,7,E01023012,3,1,0.0,1.0,-1,6,30,1,1,1,11:31,4,2,9
2023421280213,2023,421280213,1,1,3,2,4,1,3,5,1,0,0,0,0,9,E01021757,3,1,0.0,1.0,-1,6,30,1,1,1,15:56,6,1,9
2023351337558,2023,351337558,2,1,1,1,19,4,2,0,0,0,0,0,2,9,E01018034,7,1,1.0,0.0,-1,6,30,1,4,1,03:49,4,2,2
2023010435464,2023,010435464,1,1,1,1,47,8,3,0,0,0,0,0,3,2,E01004341,-1,0,0.0,1.0,-1,9,20,9,7,9,01:45,6,1,3
2023471388245,2023,471388245,1,1,1,1,18,4,3,0,0,0,0,0,3,3,E01016879,3,1,0.0,1.0,-1,3,30,2,1,2,12:24,5,2,3
2023031314816,2023,031314816,1,4,2,1,21,5,2,0,0,2,0,0,9,6,E01019360,6,1,1.0,0.0,-1,6,60,1,1,1,19:00,1,2,9
2023440153453,2023,440153453,1,1,1,2,34,6,3,0,0,0,0,0,9,6,E01023118,-1,0,0.05379,0.94621,-1,6,30,1,1,1,19:29,4,2,9
202354C025723,2023,54C025723,1,5,2,1,13,3,2,0,0,0,0,0,10,7,E01031866,-1,0,1.0,0.0,-1,6,60,1,6,1,17:32,2,2,10
2023010425676,2023,010425676,1,1,1,2,36,7,3,0,0,0,0,0,1,8,E01003138,-1,0,0.0,1.0,-1,6,30,1,1,1,08:41,2,2,1
2023170H10293,2023,170H10293,2,4,2,2,39,7,3,0,0,1,0,0,9,-1,-1,-1,0,0.03794,0.96206,-1,3,40,1,4,1,21:57,6,3,9
2023340WN6332,2023,340WN6332,1,1,1,1,29,6,2,0,0,0,0,0,9,9,E01027016,-1,0,1.0,0.0,-1,6,60,9,6,1,22:00,7,1,9
2023552300548,2023,552300548,2,2,1,1,44,7,2,0,0,0,0,0,9,7,E01020437,-1,0,1.0,0.0,-1,6,60,1,1,1,16:41,4,2,9
2023622300589,2023,622300589,1,1,1,1,21,5,3,0,0,0,0,0,9,1,W01001222,-1,0,0.05058,0.94942,-1,6,40,2,6,2,23:20,4,2,9
2023520400861,2023,520400861,1,2,3,1,10,2,3,5,9,0,0,0,0,6,E01029057,-1,0,0.10096,0.89904,-1,6,30,1,1,2,13:30,7,1,9
2023361263431,2023,361263431,1,1,2,2,34,6,2,0,0,1,0,0,9,-1,-1,5,1,1.0,0.0,-1,6,50,1,6,1,19:44,7,1,9
2023131329919,2023,131329919,1,1,3,2,33,6,3,5,3,0,0,2,0,2,E01011236,3,1,0.0,1.0,-1,2,30,2,1,2,16:50,7,1,11
2023061325724,2023,061325724,2,2,2,1,3,1,3,0,0,2,0,0,9,-1,-1,3,1,0.0,1.0,-1,3,30,1,1,1,15:00,3,2,9
2023461323276,2023,461323276,2,1,1,1,69,10,3,0,0,0,0,0,9,6,E01024363,3,1,0.0,1.0,-1,6,30,1,1,1,16:30,6,2,9
2023010437678,2023,010437678,1,1,1,1,35,6,3,0,0,0,0,0,3,5,E01000705,-1,0,0.0,1.0,-1,2,20,1,1,1,12:05,1,2,3
2023010425435,2023,010425435,1,1,3,1,37,7,3,9,9,0,0,0,0,4,E01000805,-1,0,0.0,1.0,-1,2,20,1,1,2,10:25,6,1,9
2023471297598,2023,471297598,1,1,3,1,12,3,2,5,1,0,0,0,0,3,E01021185,5,1,1.0,0.0,-1,6,30,1,1,1,15:39,2,1,5
2023131305050,2023,131305050,1,1,3,1,5,1,3,9,9,0,0,2,0,5,E01011287,3,1,0.0,1.0,-1,6,30,9,1,2,15:15,2,1,9
2023371330419,2023,371330419,1,1,3,1,28,6,2,10,9,0,0,0,0,3,E01029888,5,1,1.0,0.0,-1,6,30,1,5,1,01:13,3,1,9
2023010486864,2023,010486864,1,1,1,-1,35,6,3,0,0,0,0,0,3,4,E01000608,-1,0,0.0,1.0,-1,6,20,9,1,9,15:45,4,2,3
2023141304167,2023,141304167,1,1,2,1,18,4,3,0,0,2,0,0,9,-1,-1,3,1,0.0,1.0,-1,6,50,2,6,2,02:30,6,1,9
2023201385682,2023,201385682,2,1,1,1,29,6,3,0,0,0,0,0,9,-1,-1,3,1,0.0,1.0,-1,3,30,1,1,1,07:44,5,2,9
2023302301412,2023,302301412,1,2,2,2,21,5,2,0,0,1,0,0,9,3,E01019777,-1,0,1.0,0.0,-1,6,60,1,6,1,03:00,1,1,9
2023461390355,2023,461390355,2,1,1,1,41,7,3,0,0,0,0,0,9,6,E01024314,3,1,0.0,1.0,-1,3,70,1,4,2,18:45,3,2,9
2023522400035,2023,522400035,1,1,1,1,46,8,3,0,0,0,0,0,9,4,E01014815,-1,0,0.03031,0.96969,-1,6,30,1,1,1,18:59,6,2,9
2023010450682,2023,010450682,2,1,1,1,30,6,2,0,0,0,0,0,1,2,E01003950,-1,0,1.0,0.0,-1,3,30,1,1,1,10:39,5,2,1
2023010481500,2023,010481500,1,1,1,1,25,5,3,0,0,0,0,0,3,6,E01004216,-1,0,0.0,1.0,-1,2,30,1,4,1,21:10,6,2,3
2023061323807,2023,061323807,2,1,1,1,21,5,2,0,0,0,0,0,9,-1,-1,6,1,1.0,0.0,-1,6,30,1,1,1,18:37,4,2,9
2023201411212,2023,201411212,2,1,1,2,29,6,3,0,0,0,0,0,9,1,E01010283,3,1,0.0,1.0,-1,1,30,2,4,2,21:44,5,2,9
2023401356849,2023,401356849,2,1,1,2,32,6,3,0,0,0,0,0,9,-1,-1,3,1,0.0,1.0,-1,9,20,1,4,-1,20:35,7,2,9
2023471364330,2023,471364330,1,1,1,1,45,7,3,0,0,0,0,0,9,7,E01031782,3,1,0.0,1.0,-1,6,60,1,1,1,08:00,4,2,9
2023531351802,2023,531351802,1,2,2,1,8,2,3,0,0,1,0,0,9,10,E01022197,3,1,0.0,1.0,-1,6,40,1,1,2,16:26,3,1,9
2023991343635,2023,991343635,1,1,2,2,4,1,3,0,0,2,0,0,9,2,-1,3,1,0.0,1.0,-1,6,60,1,1,1,18:09,6,2,9
2023070376465,2023,070376465,1,1,3,2,4,1,3,5,2,0,0,0,0,4,E01018712,-1,0,0.09885,0.90115,-1,6,30,1,1,1,13:25,5,1,9
2023461347696,2023,461347696,2,2,2,2,31,6,3,0,0,0,0,0,5,7,E01024766,3,1,0.0,1.0,-1,6,50,1,1,1,21:20,7,2,5
2023031345554,2023,031345554,2,2,2,1,33,6,3,0,0,1,0,0,9,2,E01019110,3,1,0.0,1.0,-1,6,30,1,1,1,12:35,6,2,9
2023070190258,2023,070190258,2,1,1,2,53,8,3,0,0,0,0,0,9,1,E01014273,-1,0,0.01712,0.98288,-1,7,70,1,4,2,19:47,1,2,9
2023340NN0672,2023,340NN0672,1,1,1,1,35,6,3,0,0,0,0,0,9,6,E01027057,-1,0,0.14437,0.85563,-1,6,60,1,6,1,02:32,2,1,9
2023052300537,2023,052300537,1,2,2,2,74,10,3,0,0,1,0,0,9,1,E01007293,-1,0,0.11961,0.88039,-1,6,30,1,1,1,13:10,1,2,9
2023461359277,2023,461359277,2,1,1,1,19,4,3,0,0,0,0,0,9,5,E01024319,3,1,0.0,1.0,-1,3,40,1,1,1,16:28,4,2,9
2023471326769,2023,471326769,1,1,1,1,19,4,3,0,0,0,0,0,3,5,E01021024,3,1,0.0,1.0,-1,6,60,1,1,1,20:00,5,2,3
2023170S20373,2023,170S20373,2,2,1,1,50,8,3,0,0,0,0,0,9,1,E01012266,-1,0,0.10918,0.89082,-1,6,60,1,1,1,13:10,5,2,9
2023302300952,2023,302300952,1,2,2,1,30,6,3,0,0,1,0,0,9,-1,-1,-1,0,0.06405,0.93595,-1,6,60,2,1,2,10:30,3,1,9
2023302301129,2023,302301129,1,1,1,2,32,6,2,0,0,0,0,0,9,7,E01019539,-1,0,1.0,0.0,-1,6,60,5,6,2,21:52,1,1,9
2023451364726,2023,451364726,1,1,1,2,22,5,3,0,0,0,0,0,9,10,E01030462,3,1,0.0,1.0,-1,6,40,2,1,2,12:38,5,2,9
2023201346717,2023,201346717,1,1,3,2,24,5,3,5,2,0,0,2,0,2,E01009151,3,1,0.0,1.0,-1,6,30,1,1,2,11:57,3,1,9
2023302301643,2023,302301643,1,1,3,1,23,5,2,5,3,0,0,0,0,6,E01019405,-1,0,1.0,0.0,-1,6,30,1,4,2,19:00,4,1,9
2023201440549,2023,201440549,2,2,1,1,40,7,3,0,0,0,0,0,3,1,E01010316,3,1,0.0,1.0,-1,6,30,1,1,1,09:19,5,2,3
2023161282727,2023,161282727,2,1,1,2,22,5,3,0,0,0,0,0,9,3,E01013184,3,1,0.0,1.0,-1,6,30,1,1,1,10:25,6,2,9
2023201453378,2023,201453378,2,2,2,2,64,9,3,0,0,-1,0,0,9,8,E01009067,3,1,0.0,1.0,-1,6,30,2,1,2,15:19,7,2,9
2023071214090,2023,071214090,1,1,3,2,11,3,3,5,1,0,0,0,0,8,E01018465,-1,0,0.10155,0.89845,-1,6,30,5,4,2,16:34,6,1,9
2023991303697,2023,991303697,2,1,1,1,52,8,2,0,0,0,0,0,9,-1,-1,7,1,1.0,0.0,-1,6,30,1,1,1,18:54,4,5,9
2023351390710,2023,351390710,2,1,1,1,60,9,3,0,0,0,0,0,9,8,E01018152,3,1,0.0,1.0,-1,6,60,8,1,4,08:52,5,3,9
2023361279648,2023,361279648,2,1,1,2,27,6,3,0,0,0,0,0,9,9,E01026908,3,1,0.0,1.0,-1,6,30,1,1,1,07:20,5,2,9
2023411369008,2023,411369008,2,1,1,2,22,5,3,0,0,0,0,0,9,3,E01023876,3,1,0.0,1.0,-1,3,40,1,1,1,13:27,6,2,9
2023131304515,2023,131304515,1,1,2,1,18,4,2,0,0,2,0,0,9,1,E01011428,7,1,1.0,0.0,-1,6,30,2,1,2,20:43,6,1,9
2023451296993,2023,451296993,2,2,1,2,28,6,3,0,0,0,0,0,9,10,E01030584,3,1,0.0,1.0,-1,6,30,1,1,2,16:25,6,2,9
202354B958923,2023,54B958923,1,1,1,1,84,11,3,0,0,0,0,0,9,7,E01032046,-1,0,0.05943,0.94057,-1,6,30,8,1,2,15:50,7,1,9
2023010437757,2023,010437757,2,1,2,2,30,6,3,0,0,1,0,0,9,-1,-1,-1,0,0.0,1.0,-1,1,30,1,1,1,14:30,1,2,9
2023010470953,2023,010470953,4,2,1,2,51,8,3,0,0,0,0,0,9,3,E01003725,-1,0,0.0,1.0,-1,3,50,1,1,1,14:40,2,7,9
2023041342734,2023,041342734,2,1,1,1,39,7,3,0,0,0,0,0,9,1,E01012686,3,1,0.0,1.0,-1,6,30,1,1,1,09:45,5,2,9
2023061266687,2023,061266687,2,3,2,2,15,3,3,0,0,2,0,0,9,1,E01005579,3,1,0.0,1.0,-1,6,30,8,1,4,08:25,4,2,9
2023070609267,2023,070609267,1,1,1,1,19,4,3,0,0,0,0,0,9,4,E01012394,-1,0,0.11666,0.88334,-1,6,30,1,4,1,23:28,5,1,9
2023131278970,2023,131278970,2,6,2,2,6,2,3,0,0,2,0,0,9,4,E01011875,3,1,0.0,1.0,-1,6,20,1,1,1,08:20,1,2,9
2023401321514,2023,401321514,2,4,2,1,15,3,3,0,0,1,0,0,9,8,E01017561,3,1,0.0,1.0,-1,6,60,1,1,1,16:24,7,3,9
2023461345191,2023,461345191,1,1,1,2,27,6,3,0,0,0,0,0,9,7,E01024576,3,1,0.0,1.0,-1,1,30,1,1,1,17:05,6,2,9
2023552300462,2023,552300462,2,2,1,1,29,6,3,0,0,0,0,0,9,7,E01028527,-1,0,0.00917,0.99083,-1,6,30,1,1,1,10:41,3,2,9
2023010471893,2023,010471893,1,1,1,2,26,6,3,0,0,0,0,0,1,3,E01004228,-1,0,0.0,1.0,-1,1,20,1,4,2,21:52,5,2,1
2023340NN4482,2023,340NN4482,2,1,1,1,81,11,3,0,0,0,0,0,1,10,E01025787,-1,0,0.19464,0.80536,-1,1,60,2,1,2,11:20,1,2,1
2023991260896,2023,991260896,2,1,1,1,33,6,2,0,0,0,0,0,1,-1,-1,7,1,1.0,0.0,-1,6,30,2,4,2,17:42,1,2,1
2023131310550,2023,131310550,2,3,2,2,47,8,3,0,0,1,0,0,9,1,E01010964,3,1,0.0,1.0,-1,6,30,1,1,1,11:55,3,2,9
2023201276964,2023,201276964,1,2,2,1,26,6,2,0,0,2,0,0,9,1,E01008887,7,1,1.0,0.0,-1,2,30,2,4,2,23:22,7,2,9
2023221325673,2023,221325673,1,1,1,2,75,10,2,0,0,0,0,0,9,5,E01014069,6,1,1.0,0.0,-1,6,60,1,1,1,14:46,6,2,9
2023340WN0542,2023,340WN0542,2,1,1,1,20,4,3,0,0,0,0,0,9,4,E01027061,-1,0,0.00698,0.99302,-1,7,70,1,4,2,17:30,5,2,9
2023351316467,2023,351316467,1,1,1,1,27,6,3,0,0,0,0,0,98,2,E01015592,3,1,0.0,1.0,-1,6,60,1,1,1,07:15,6,1,98
2023622300127,2023,622300127,1,1,1,1,18,4,3,0,0,0,0,0,3,4,W01001283,-1,0,0.11008,0.88992,-1,1,30,1,1,1,09:14,4,1,3
2023010423755,2023,010423755,1,1,2,2,27,6,3,0,0,1,0,0,9,3,E01000392,-1,0,0.0,1.0,-1,3,30,1,4,1,04:11,6,1,9
2023031324229,2023,031324229,1,1,1,2,65,9,3,0,0,0,0,0,9,4,-1,3,1,0.0,1.0,-1,3,70,1,1,1,16:31,5,2,9
2023170S40273,2023,170S40273,1,3,2,1,35,6,3,0,0,1,0,0,9,-1,-1,-1,0,0.097,0.903,-1,3,70,1,6,1,18:47,3,2,9
2023010466120,2023,010466120,2,1,1,2,25,5,1,0,0,0,0,0,1,6,E01002141,-1,0,0.0,0.0,-1,1,30,1,1,1,08:47,6,2,1
2023311270984,2023,311270984,1,2,1,1,53,8,2,0,0,0,0,0,19,3,-1,6,1,1.0,0.0,-1,3,70,1,6,2,21:16,3,2,19
2023631375680,2023,631375680,2,1,1,1,51,8,3,0,0,0,0,0,19,7,W01000573,3,1,0.0,1.0,-1,1,30,2,1,2,08:48,2,2,19
2023991351277,2023,991351277,1,1,3,1,90,11,2,5,1,0,0,2,0,9,-1,7,1,1.0,0.0,-1,6,20,1,1,1,09:30,2,1,19
2023010463772,2023,010463772,1,1,1,1,47,8,3,0,0,0,0,0,8,5,E01015019,-1,0,0.0,1.0,-1,6,20,1,4,1,23:10,6,2,8
2023411346312,2023,411346312,1,1,1,1,35,6,3,0,0,0,0,0,9,6,E01023431,3,1,0.0,1.0,-1,6,60,1,1,1,15:18,3,2,9
2023010432622,2023,010432622,1,2,3,2,24,5,2,5,3,0,0,0,0,3,E01003616,-1,0,1.0,0.0,-1,6,30,9,1,1,20:12,5,1,3
2023041266768,2023,041266768,2,1,1,1,33,6,3,0,0,0,0,0,3,4,E01025407,3,1,0.0,1.0,-1,6,30,8,7,4,10:35,6,2,3
2023052300945,2023,052300945,1,1,2,2,42,7,3,0,0,1,0,0,9,3,E01006671,-1,0,0.06591,0.93409,-1,7,70,1,1,1,15:00,3,3,9
2023161355858,2023,161355858,1,1,1,1,30,6,2,0,0,0,0,0,9,2,E01033104,7,1,1.0,0.0,-1,3,70,1,1,1,14:45,7,3,9
2023991294861,2023,991294861,1,1,2,2,21,5,3,0,0,2,0,0,9,-1,-1,3,1,0.0,1.0,-1,6,60,1,1,1,17:15,7,2,9
2023031295512,2023,031295512,2,1,2,1,22,5,3,0,0,1,0,0,9,4,E01019252,3,1,0.0,1.0,-1,3,70,2,1,2,17:25,3,2,9
2023371288059,2023,371288059,2,1,1,1,36,7,3,0,0,0,0,0,9,6,E01029880,3,1,0.0,1.0,-1,6,60,1,1,1,08:23,6,2,9
202360A191544,2023,60A191544,1,1,3,2,33,6,3,9,5,0,0,0,0,-1,-1,-1,0,0.12557,0.87443,-1,6,30,1,4,1,17:55,3,2,9
2023201296066,2023,201296066,2,1,1,1,26,6,3,0,0,0,0,0,1,2,E01010091,3,1,0.0,1.0,-1,6,30,1,1,1,07:50,6,2,1
2023411325825,2023,411325825,2,2,1,-1,30,6,3,0,0,0,0,0,9,10,E01023408,3,1,0.0,1.0,-1,6,30,1,1,1,18:43,6,3,9
2023451364886,2023,451364886,1,1,1,1,17,4,2,0,0,0,0,0,9,9,E01030960,5,1,1.0,0.0,-1,6,60,2,6,2,23:30,4,1,9
2023461282169,2023,461282169,2,1,1,1,24,5,3,0,0,0,0,0,9,4,E01016143,3,1,0.0,1.0,-1,3,70,1,1,1,08:40,2,2,9
2023520000440,2023,520000440,4,6,2,1,19,4,3,0,0,2,0,0,9,6,E01032051,-1,0,0.05735,0.94265,-1,6,60,1,6,1,21:17,7,4,9
2023010430580,2023,010430580,1,3,3,2,45,7,3,5,9,0,0,0,0,-1,-1,-1,0,0.0,1.0,-1,6,30,1,4,1,21:54,1,1,9
2023061331648,2023,061331648,1,1,3,1,43,7,2,8,3,0,0,0,0,1,E01005242,5,1,1.0,0.0,-1,6,30,1,4,1,00:30,6,1,9
2023010476974,2023,010476974,1,1,1,2,47,8,3,0,0,0,0,0,9,2,E01001115,-1,0,0.0,1.0,-1,6,30,2,5,2,08:10,4,2,9
2023041375458,2023,041375458,2,2,1,1,67,10,2,0,0,0,0,0,9,1,E01024987,5,1,1.0,0.0,-1,6,50,1,1,1,15:05,5,2,9
2023101322938,2023,101322938,2,2,2,2,15,3,3,0,0,1,0,0,9,8,E01008808,3,1,0.0,1.0,-1,6,30,1,1,1,15:50,5,2,9
2023201328509,2023,201328509,2,1,1,1,27,6,3,0,0,0,0,0,9,1,E01009274,3,1,0.0,1.0,-1,6,30,1,1,1,12:26,2,2,9
2023221281453,2023,221281453,1,2,2,1,35,6,3,0,0,1,0,0,9,5,E01033530,3,1,0.0,1.0,-1,6,60,1,6,1,00:50,6,1,9
2023010462196,2023,010462196,1,1,1,1,36,7,2,0,0,0,0,0,1,4,E01000799,-1,0,1.0,0.0,-1,6,30,8,1,1,08:44,4,1,1
2023461356095,2023,461356095,1,1,3,1,14,3,3,5,3,0,0,0,0,5,E01024282,3,1,0.0,1.0,-1,6,30,1,1,1,17:50,2,1,9
2023010448326,2023,010448326,2,1,1,2,39,7,3,0,0,0,0,0,9,9,E01002192,-1,0,0.0,1.0,-1,6,30,1,1,1,13:14,1,2,9
2023231341338,2023,231341338,3,3,1,1,44,7,2,0,0,0,0,0,5,9,E01031315,7,1,1.0,0.0,-1,6,60,1,1,1,19:27,4,4,5
2023141273982,2023,141273982,3,1,2,1,84,11,3,0,0,1,0,0,9,-1,-1,3,1,0.0,1.0,-1,6,40,1,1,1,13:05,2,3,9
2023221302359,2023,221302359,1,2,2,1,19,4,3,0,0,2,0,0,9,7,E01032228,3,1,0.0,1.0,-1,1,40,1,4,1,23:08,7,1,9
2023440402554,2023,440402554,6,1,1,1,29,6,3,0,0,0,0,0,9,10,E01022759,-1,0,0.06874,0.93126,-1,3,70,2,1,2,17:26,2,6,9
2023361365562,2023,361365562,1,1,3,1,60,9,3,10,9,0,0,-1,0,5,E01026940,3,1,0.0,1.0,-1,6,60,9,1,-1,07:10,4,1,98
2023061289240,2023,061289240,2,1,1,1,51,8,3,0,0,0,0,0,4,6,E01004936,3,1,0.0,1.0,-1,1,40,2,4,2,04:20,4,2,4
2023451341547,2023,451341547,1,1,1,1,34,6,3,0,0,0,0,0,9,5,E01030724,3,1,0.0,1.0,-1,3,30,1,1,2,11:12,2,2,9
2023451319364,2023,451319364,1,1,1,1,31,6,3,0,0,0,0,0,3,6,E01030736,3,1,0.0,1.0,-1,3,30,9,1,1,10:38,3,2,3
2023122301340,2023,122301340,1,2,2,1,18,4,2,0,0,2,0,0,9,8,E01027635,-1,0,1.0,0.0,-1,6,60,1,1,2,09:18,6,2,9
2023131367552,2023,131367552,2,1,1,2,28,6,3,0,0,0,0,0,9,9,E01011887,3,1,0.0,1.0,-1,3,30,2,4,2,08:40,6,2,9
2023461318061,2023,461318061,2,1,1,1,50,8,2,0,0,0,0,0,9,6,E01024491,7,1,1.0,0.0,-1,6,30,1,4,1,01:03,7,2,9
2023531301685,2023,531301685,2,2,1,2,49,8,3,0,0,0,0,0,9,6,E01022126,3,1,0.0,1.0,-1,6,60,1,1,1,09:00,5,2,9
2023622300904,2023,622300904,1,1,1,1,56,9,3,0,0,0,0,0,9,3,W01000925,-1,0,0.04166,0.95834,-1,6,20,1,1,2,17:04,6,2,9
2023471305095,2023,471305095,1,1,1,1,30,6,3,0,0,0,0,0,19,4,E01021051,3,1,0.0,1.0,-1,3,70,1,1,1,13:55,5,3,19
2023010443245,2023,010443245,1,1,1,1,35,6,3,0,0,0,0,0,1,10,E01030753,-1,0,0.0,1.0,-1,6,20,1,1,1,08:40,3,2,1
2023131295191,2023,131295191,1,1,2,2,22,5,2,0,0,1,0,0,9,1,E01010966,7,1,1.0,0.0,-1,6,30,2,1,2,18:25,2,1,9
2023440502765,2023,440502765,1,1,1,2,73,10,3,0,0,0,0,0,9,10,E01022750,-1,0,0.08113,0.91887,-1,6,50,2,1,2,09:36,7,2,9
2023991334053,2023,991334053,1,1,2,2,52,8,3,0,0,1,0,0,9,-1,-1,3,1,0.0,1.0,-1,6,60,2,1,2,11:41,5,2,9
2023010447009,2023,010447009,1,2,2,2,19,4,3,0,0,1,0,0,9,-1,-1,-1,0,0.0,1.0,-1,6,30,1,1,1,20:15,1,1,9
2023070304047,2023,070304047,1,1,2,2,50,8,3,0,0,1,0,0,9,-1,-1,-1,0,0.07264,0.92736,-1,3,70,1,1,1,17:55,2,4,9
2023311274949,2023,311274949,2,1,1,2,32,6,3,0,0,0,0,0,9,2,E01013836,3,1,0.0,1.0,-1,3,30,1,1,1,07:20,6,2,9
2023440001482,2023,440001482,1,1,1,1,45,7,3,0,0,0,0,0,9,10,E01022776,-1,0,0.044,0.956,-1,6,30,1,1,1,13:29,2,2,9
2023430230280,2023,430230280,1,1,1,1,33,6,2,0,0,0,0,0,3,4,E01017850,-1,0,1.0,0.0,-1,6,30,1,1,1,19:20,5,2,3
2023501374660,2023,501374660,2,1,1,1,63,9,2,0,0,0,0,0,4,4,E01018881,7,1,1.0,0.0,-1,6,60,4,1,2,13:00,4,2,4
2023010463700,2023,010463700,2,2,1,1,50,8,3,0,0,0,0,0,9,-1,-1,-1,0,0.0,1.0,-1,3,30,1,1,1,15:37,7,2,9