collision_index,collision_year,collision_ref_no,vehicle_reference,casualty_reference,casualty_class,sex_of_casualty,age_of_casualty,age_band_of_casualty,casualty_severity,pedestrian_location,pedestrian_movement,car_passenger,bus_or_coach_passenger,pedestrian_road_maintenance_worker,casualty_type,casualty_imd_decile,lsoa_of_casualty,enhanced_casualty_severity,casualty_injury_based,casualty_adjusted_severity_serious,casualty_adjusted_severity_slight,casualty_distance_banding,road_type,speed_limit,weather_conditions,light_conditions,road_surface_conditions,time,day_of_week,number_of_vehicles,vehicle_type
2023430479815,2023,430479815,1,1,3,1,81,11,1,1,1,0,0,0,0,8,E01016281,-1,0,0.0,0.0,-1,3,40,1,1,2,11:00,4,1,9
2023122300671,2023,122300671,2,1,1,1,19,4,3,0,0,0,0,0,1,5,E01013446,-1,0,0.09975,0.90025,-1,6,20,1,1,1,14:29,2,2,1
2023471347345,2023,471347345,2,2,2,2,40,7,3,0,0,1,0,0,9,9,E01031721,3,1,0.0,1.0,-1,7,60,2,1,2,16:45,5,3,9
2023010438107,2023,010438107,1,1,1,1,36,7,3,0,0,0,0,0,9,4,E01023783,-1,0,0.0,1.0,-1,6,30,1,1,1,14:20,2,3,9
2023052301704,2023,052301704,2,1,1,2,32,6,3,0,0,0,0,0,9,2,E01006910,-1,0,0.02087,0.97913,-1,6,30,1,1,1,08:15,3,2,9
2023451361233,2023,451361233,2,1,1,1,15,3,3,0,0,0,0,0,1,5,E01030572,3,1,0.0,1.0,-1,6,20,1,5,1,20:19,2,2,1
2023131327579,2023,131327579,2,1,1,2,38,7,3,0,0,0,0,0,9,1,E01011363,3,1,0.0,1.0,-1,1,60,2,1,2,19:22,1,3,9
2023451273536,2023,451273536,2,2,1,2,61,9,3,0,0,0,0,0,9,10,E01030461,3,1,0.0,1.0,-1,6,40,2,1,1,11:30,3,2,9
2023041390829,2023,041390829,1,1,3,1,11,3,2,9,5,0,0,0,0,3,E01025429,7,1,1.0,0.0,-1,6,30,1,1,2,15:30,4,1,9
2023351363845,2023,351363845,2,1,1,1,9,2,3,0,0,0,0,0,1,6,E01017951,3,1,0.0,1.0,-1,6,30,1,1,1,15:45,1,2,1
2023440497118,2023,440497118,2,1,1,2,38,7,3,0,0,0,0,0,9,-1,-1,-1,0,0.02571,0.97429,-1,3,70,1,4,2,18:10,3,3,9
2023101375188,2023,101375188,1,1,3,1,55,8,2,5,9,0,0,0,0,-1,-1,7,1,1.0,0.0,-1,6,30,1,4,1,19:30,6,1,9
2023471371252,2023,471371252,1,1,3,1,91,11,3,5,1,0,0,0,0,5,E01021216,3,1,0.0,1.0,-1,6,30,2,4,2,13:04,7,1,9
2023010455489,2023,010455489,1,1,2,2,42,7,3,0,0,9,0,0,9,8,E01000690,-1,0,0.0,1.0,-1,6,20,9,1,9,14:15,1,2,9
2023010470363,2023,010470363,2,2,1,1,54,8,3,0,0,0,0,0,9,9,E01023993,-1,0,0.0,1.0,-1,3,30,1,1,1,14:25,6,2,9
2023041376720,2023,041376720,1,1,1,1,48,8,2,0,0,0,0,0,9,5,E01006366,7,1,1.0,0.0,-1,6,30,1,1,1,07:37,7,1,9
2023071029260,2023,071029260,2,1,1,2,33,6,3,0,0,0,0,0,9,10,W01000285,-1,0,0.02141,0.97859,-1,1,40,1,1,1,17:30,5,2,9
2023101306980,2023,101306980,2,1,2,1,38,7,3,0,0,2,0,0,9,6,E01008750,3,1,0.0,1.0,-1,6,30,1,1,1,14:25,7,2,9
2023131277877,2023,131277877,2,2,2,2,51,8,3,0,0,2,0,0,9,10,E01011380,3,1,0.0,1.0,-1,6,40,4,1,1,13:30,6,3,9
2023552300632,2023,552300632,2,5,2,2,36,7,3,0,0,1,0,0,9,4,E01029186,-1,0,0.08854,0.91146,-1,6,60,1,1,1,16:16,6,2,9
2023401364201,2023,401364201,1,1,1,2,20,4,3,0,0,0,0,0,3,7,E01017437,3,1,0.0,1.0,-1,6,20,1,1,1,16:49,7,2,3
2023041284670,2023,041284670,1,1,1,1,30,6,3,0,0,0,0,0,9,4,E01024919,3,1,0.0,1.0,-1,6,30,1,4,1,19:50,4,2,9
2023221382225,2023,221382225,2,1,1,2,73,10,2,0,0,0,0,0,9,4,E01028838,6,1,1.0,0.0,-1,6,60,1,1,4,11:15,5,2,9
2023991293711,2023,991293711,1,1,1,1,59,9,3,0,0,0,0,0,9,9,-1,3,1,0.0,1.0,-1,6,60,1,1,1,15:40,3,2,9
2023471362831,2023,471362831,2,1,3,2,32,6,3,9,5,0,0,0,0,8,E01021082,3,1,0.0,1.0,-1,6,30,1,1,1,09:32,3,2,9
2023451310383,2023,451310383,1,1,1,2,44,7,3,0,0,0,0,0,1,10,E01030863,3,1,0.0,1.0,-1,1,30,1,1,1,13:10,1,2,1
2023131266369,2023,131266369,2,1,1,1,27,6,3,0,0,0,0,0,9,1,E01011295,3,1,0.0,1.0,-1,3,30,1,1,2,14:22,7,2,9
2023461374669,2023,461374669,2,3,2,1,2,1,3,0,0,2,0,0,9,1,E01024581,3,1,0.0,1.0,-1,6,60,2,1,2,11:43,7,2,9
2023531285572,2023,531285572,1,1,3,2,81,11,3,1,3,0,0,0,0,6,E01022194,3,1,0.0,1.0,-1,6,30,1,1,2,12:25,6,1,21
2023131384133,2023,131384133,1,1,3,1,65,9,3,5,1,0,0,1,0,8,E01010892,3,1,0.0,1.0,-1,9,30,1,1,2,12:05,3,1,9
2023421290568,2023,421290568,1,2,2,1,29,6,1,0,0,1,0,0,9,9,E01021828,1,1,0.0,0.0,-1,6,60,1,6,1,20:25,7,2,9
2023461356754,2023,461356754,2,4,2,1,3,1,3,0,0,2,0,0,9,2,E01024214,3,1,0.0,1.0,-1,6,50,1,1,1,15:00,7,2,9
2023221298994,2023,221298994,1,3,2,1,22,5,3,0,0,0,0,0,19,2,E01009944,3,1,0.0,1.0,-1,6,60,1,6,2,23:00,3,2,19
2023010424977,2023,010424977,2,1,1,1,20,4,3,0,0,0,0,0,4,3,E01003136,-1,0,0.0,1.0,-1,3,30,1,5,1,17:33,5,2,4
2023501371760,2023,501371760,2,1,1,1,59,9,3,0,0,0,0,0,5,9,E01020092,3,1,0.0,1.0,-1,1,60,2,1,2,13:15,3,2,5
2023520001379,2023,520001379,1,1,1,1,63,9,3,0,0,0,0,0,5,5,E01033339,-1,0,0.08738,0.91262,-1,6,60,1,1,1,06:50,4,2,5
2023052301878,2023,052301878,2,2,2,2,0,1,3,0,0,1,0,0,9,-1,-1,-1,0,0.02671,0.97329,-1,6,30,1,1,1,12:25,5,2,9
2023052302869,2023,052302869,2,1,1,2,23,5,3,0,0,0,0,0,9,3,E01007058,-1,0,0.01323,0.98677,-1,6,30,1,1,4,11:10,6,2,9
2023201366912,2023,201366912,1,1,1,1,22,5,2,0,0,0,0,0,9,1,E01009577,7,1,1.0,0.0,-1,6,30,1,1,1,04:53,6,1,9
2023471299799,2023,471299799,1,1,1,1,36,7,3,0,0,0,0,0,9,4,E01031809,3,1,0.0,1.0,-1,3,70,1,4,1,04:35,7,1,9
2023010432842,2023,010432842,1,1,1,1,28,6,3,0,0,0,0,0,1,10,E01030378,-1,0,0.0,1.0,-1,3,30,1,4,2,19:30,6,2,1
2023010451992,2023,010451992,1,1,1,1,21,5,3,0,0,0,0,0,3,2,E01001553,-1,0,0.0,1.0,-1,1,20,1,1,1,08:23,6,2,3
2023201397959,2023,201397959,2,1,1,1,27,6,3,0,0,0,0,0,3,8,E01009067,3,1,0.0,1.0,-1,6,30,1,1,1,07:50,4,2,3
2023440135825,2023,440135825,1,1,1,1,38,7,3,0,0,0,0,0,5,8,E01032871,-1,0,0.1255,0.8745,-1,6,60,1,1,1,11:30,5,2,5
2023471294347,2023,471294347,2,1,1,1,64,9,3,0,0,0,0,0,5,6,E01021021,3,1,0.0,1.0,-1,6,40,1,1,1,16:30,3,2,5
2023211382099,2023,211382099,1,1,1,1,50,8,2,0,0,0,0,0,9,1,E01014269,7,1,1.0,0.0,-1,7,70,3,7,3,20:19,7,2,9
2023320273888,2023,320273888,1,1,1,1,38,7,3,0,0,0,0,0,9,6,E01026038,-1,0,0.07674,0.92326,-1,6,60,1,1,1,10:56,7,2,9
2023461386686,2023,461386686,1,1,2,2,19,4,3,0,0,1,0,0,9,9,E01024338,3,1,0.0,1.0,-1,3,30,1,4,4,01:27,5,2,9
2023471368391,2023,471368391,2,1,1,2,55,8,3,0,0,0,0,0,9,4,E01016872,3,1,0.0,1.0,-1,3,70,1,7,2,19:50,5,2,9
2023991281239,2023,991281239,2,1,1,2,25,5,3,0,0,0,0,0,9,-1,-1,3,1,0.0,1.0,-1,1,60,1,1,2,07:30,3,2,9
2023302301351,2023,302301351,1,1,1,2,29,6,2,0,0,0,0,0,5,2,E01024929,-1,0,1.0,0.0,-1,6,50,1,1,1,12:35,7,1,5
2023302300258,2023,302300258,1,1,2,2,75,10,3,0,0,1,0,0,9,6,E01028024,-1,0,0.10624,0.89376,-1,3,60,1,6,1,17:31,5,2,9
2023401354793,2023,401354793,2,2,1,2,45,7,3,0,0,0,0,0,9,1,E01015736,3,1,0.0,1.0,-1,1,30,1,1,1,12:26,3,2,9
2023010444873,2023,010444873,1,1,2,2,87,11,3,0,0,0,1,0,11,2,E01001334,-1,0,0.0,1.0,-1,6,20,1,1,1,17:15,4,1,11
2023522301381,2023,522301381,1,1,1,1,19,4,3,0,0,0,0,0,-1,1,E01032518,-1,0,0.0132,0.9868,-1,6,20,1,1,1,17:00,1,2,-1
2023131285148,2023,131285148,1,2,2,1,26,6,3,0,0,2,0,0,9,1,E01011491,3,1,0.0,1.0,-1,3,70,6,6,3,22:34,5,1,9
2023161347682,2023,161347682,1,2,2,2,60,9,3,0,0,1,0,0,9,2,E01027909,3,1,0.0,1.0,-1,6,40,1,1,1,14:10,6,2,9
2023531367858,2023,531367858,2,1,2,1,24,5,3,0,0,2,0,0,9,6,E01022361,3,1,0.0,1.0,-1,3,30,1,4,1,22:35,6,2,9
202360A114222,2023,60A114222,1,1,3,1,41,7,3,9,9,0,0,1,0,-1,-1,-1,0,0.17448,0.82552,-1,6,30,1,1,1,10:10,5,1,9
2023010427154,2023,010427154,1,1,1,1,36,7,3,0,0,0,0,0,1,4,E01001247,-1,0,0.0,1.0,-1,3,30,1,4,1,05:45,3,2,1
2023141296054,2023,141296054,1,2,2,2,16,4,3,0,0,2,0,0,9,10,E01007861,3,1,0.0,1.0,-1,3,30,2,4,2,21:30,2,2,9
2023401363458,2023,401363458,1,1,1,2,37,7,3,0,0,0,0,0,9,-1,-1,3,1,0.0,1.0,-1,6,30,1,1,1,07:10,2,3,9
2023010474176,2023,010474176,1,1,1,1,41,7,3,0,0,0,0,0,9,4,E01003740,-1,0,0.0,1.0,-1,6,30,1,1,1,15:46,5,2,9
2023010484319,2023,010484319,4,1,2,1,26,6,2,0,0,1,0,0,9,-1,-1,-1,0,1.0,0.0,-1,6,20,1,5,1,03:30,7,4,9
2023061317073,2023,061317073,1,1,2,2,22,5,3,0,0,1,0,0,9,4,E01005705,3,1,0.0,1.0,-1,6,30,1,1,1,11:45,7,1,9
2023010436939,2023,010436939,1,1,3,2,58,9,3,5,1,0,0,0,0,3,E01003571,-1,0,0.0,1.0,-1,2,30,2,1,2,18:00,3,1,9
2023010461982,2023,010461982,1,2,3,2,78,11,2,1,3,0,0,0,0,8,E01000690,-1,0,1.0,0.0,-1,6,30,1,1,1,12:13,4,1,9
2023131317272,2023,131317272,1,1,1,1,32,6,2,0,0,0,0,0,4,2,E01011927,7,1,1.0,0.0,-1,6,40,1,1,1,08:00,1,2,4
2023461322301,2023,461322301,1,1,1,1,25,5,3,0,0,0,0,0,5,4,E01024570,3,1,0.0,1.0,-1,6,30,1,1,1,07:02,3,2,5
2023991342912,2023,991342912,2,1,1,1,60,9,3,0,0,0,0,0,5,8,-1,3,1,0.0,1.0,-1,6,60,1,1,1,07:18,5,2,5
2023010432767,2023,010432767,1,1,1,2,29,6,3,0,0,0,0,0,9,6,E01002485,-1,0,0.0,1.0,-1,1,20,1,1,1,17:00,6,1,9
2023302301307,2023,302301307,1,1,1,2,27,6,3,0,0,0,0,0,9,8,E01019449,-1,0,0.04396,0.95604,-1,6,30,1,1,1,18:38,3,2,9
2023461368331,2023,461368331,1,1,3,2,71,10,2,5,1,0,0,0,0,6,E01024700,7,1,1.0,0.0,-1,6,30,1,1,1,17:09,3,1,9
2023991329204,2023,991329204,1,1,3,1,29,6,3,6,9,0,0,2,0,1,E01032557,3,1,0.0,1.0,-1,6,20,1,1,1,18:10,5,1,9
2023052301497,2023,052301497,2,2,2,1,0,1,3,0,0,1,0,0,9,-1,-1,-1,0,0.03476,0.96524,-1,6,30,1,1,1,13:52,6,2,9
2023061368981,2023,061368981,2,3,2,1,17,4,3,0,0,2,0,0,9,1,E01005948,3,1,0.0,1.0,-1,3,30,1,4,1,21:40,4,2,9
2023471313706,2023,471313706,1,1,2,1,-1,-1,3,0,0,0,3,0,11,3,E01031372,3,1,0.0,1.0,-1,6,60,1,1,1,19:20,2,1,11
2023340WN7192,2023,340WN7192,1,1,3,1,63,9,3,4,1,0,0,0,0,-1,-1,-1,0,0.24295,0.75705,-1,3,30,1,4,1,21:00,7,1,9
2023010427812,2023,010427812,1,1,1,1,32,6,3,0,0,0,0,0,3,6,E01001245,-1,0,0.0,1.0,-1,3,20,1,4,1,02:00,7,1,3
2023010451135,2023,010451135,1,1,1,1,40,7,3,0,0,0,0,0,3,2,E01003729,-1,0,0.0,1.0,-1,6,30,1,1,1,09:09,7,2,3
2023471376656,2023,471376656,2,1,1,1,32,6,3,0,0,0,0,0,3,4,E01016871,3,1,0.0,1.0,-1,3,30,1,1,2,14:00,5,2,3
2023010452108,2023,010452108,1,1,1,1,37,7,3,0,0,0,0,0,9,2,E01002356,-1,0,0.0,1.0,-1,6,30,1,1,1,09:42,7,2,9
2023440070144,2023,440070144,1,1,1,1,17,4,3,0,0,0,0,0,9,9,E01022755,-1,0,0.03828,0.96172,-1,6,30,1,1,1,08:08,2,2,9
2023461334210,2023,461334210,2,3,2,1,2,1,2,0,0,2,0,0,9,7,E01024809,7,1,1.0,0.0,-1,6,60,1,1,1,16:20,4,2,9
2023332300063,2023,332300063,3,1,1,1,63,9,2,0,0,0,0,0,9,5,E01013766,-1,0,1.0,0.0,-1,6,30,7,4,4,05:25,7,3,9
202354A497223,2023,54A497223,2,1,2,2,35,6,3,0,0,1,0,0,9,8,E01023084,-1,0,0.03744,0.96256,-1,3,70,1,1,1,18:00,3,2,9
2023440468397,2023,440468397,1,1,1,1,17,4,3,0,0,0,0,0,1,5,E01017023,-1,0,0.05135,0.94865,-1,6,30,1,1,1,12:33,4,2,1
2023201414434,2023,201414434,2,2,1,1,19,4,3,0,0,0,0,0,9,1,E01008998,3,1,0.0,1.0,-1,3,40,1,4,1,23:50,1,2,9
2023052302284,2023,052302284,2,1,1,1,47,8,3,0,0,0,0,0,9,9,E01007027,-1,0,0.06795,0.93205,-1,3,30,1,1,1,17:00,3,2,9
2023052302209,2023,052302209,1,1,3,1,25,5,3,10,1,0,0,0,0,1,E01007215,-1,0,0.13105,0.86895,-1,6,30,2,1,2,17:10,2,1,9
2023070419390,2023,070419390,3,2,1,1,60,9,3,0,0,0,0,0,9,1,E01007179,-1,0,0.03034,0.96966,-1,6,50,1,1,1,17:45,4,4,9
2023170L11023,2023,170L11023,1,3,2,1,61,9,3,0,0,1,0,0,9,5,E01027822,-1,0,0.11063,0.88937,-1,3,50,1,1,1,12:45,5,2,9
2023501267328,2023,501267328,1,1,1,2,58,9,3,0,0,0,0,0,9,5,E01019039,3,1,0.0,1.0,-1,6,40,8,6,4,06:45,3,1,9
2023101291876,2023,101291876,1,2,2,1,18,4,3,0,0,1,0,0,9,8,E01027440,3,1,0.0,1.0,-1,6,60,1,6,2,23:38,4,1,9
2023111380663,2023,111380663,2,2,1,1,26,6,2,0,0,0,0,0,9,5,E01020867,7,1,1.0,0.0,-1,6,60,1,4,4,17:58,4,2,9
2023421309104,2023,421309104,2,1,1,2,43,7,3,0,0,0,0,0,9,3,E01021273,3,1,0.0,1.0,-1,6,30,1,1,1,17:50,4,2,9
2023201313295,2023,201313295,1,1,3,1,31,6,3,5,1,0,0,2,0,1,E01010375,3,1,0.0,1.0,-1,6,30,1,1,1,19:00,1,1,9
2023991316897,2023,991316897,1,1,3,1,58,9,2,5,2,0,0,0,0,1,-1,5,1,1.0,0.0,-1,3,30,1,1,1,18:05,3,1,11
2023231371548,2023,231371548,2,1,1,2,30,6,2,0,0,0,0,0,1,6,E01031211,7,1,1.0,0.0,-1,6,30,1,1,1,13:50,2,2,1
2023351351532,2023,351351532,1,2,3,1,41,7,3,6,9,0,0,0,0,-1,-1,3,1,0.0,1.0,-1,6,20,1,1,1,13:50,7,1,9
2023041392484,2023,041392484,1,1,1,2,19,4,3,0,0,0,0,0,9,6,E01024949,3,1,0.0,1.0,-1,6,30,1,1,1,14:00,3,2,9
2023061280126,2023,061280126,2,1,2,2,19,4,3,0,0,1,0,0,9,-1,-1,3,1,0.0,1.0,-1,6,30,1,4,1,10:45,6,2,9
2023161302146,2023,161302146,1,1,1,1,39,7,3,0,0,0,0,0,9,2,E01013315,3,1,0.0,1.0,-1,3,70,5,6,2,05:19,6,1,9
2023320786219,2023,320786219,1,1,2,2,18,4,2,0,0,1,0,0,9,6,E01026282,-1,0,1.0,0.0,-1,6,60,4,6,1,06:40,7,1,9
2023332301271,2023,332301271,2,1,1,1,56,9,3,0,0,0,0,0,9,1,E01013727,-1,0,0.02617,0.97383,-1,6,30,2,4,2,06:05,5,2,9
2023201372795,2023,201372795,2,1,1,2,27,6,3,0,0,0,0,0,1,4,E01009394,3,1,0.0,1.0,-1,6,30,1,1,1,19:06,3,2,1
2023010453234,2023,010453234,1,1,1,2,52,8,3,0,0,0,0,0,9,8,E01002216,-1,0,0.0,1.0,-1,6,30,2,4,2,22:16,3,1,9
2023411326524,2023,411326524,1,1,1,1,34,6,2,0,0,0,0,0,9,2,E01000084,5,1,1.0,0.0,-1,6,60,1,1,2,05:06,7,1,9
2023991388365,2023,991388365,1,1,1,2,53,8,3,0,0,0,0,0,9,1,-1,3,1,0.0,1.0,-1,3,70,1,1,2,17:10,4,3,9
2023122300813,2023,122300813,2,1,1,1,27,6,3,0,0,0,0,0,19,9,E01027920,-1,0,0.05538,0.94462,-1,6,40,1,1,1,17:00,5,2,19
2023451284268,2023,451284268,2,1,1,2,50,8,3,0,0,0,0,0,9,10,E01030296,3,1,0.0,1.0,-1,6,30,2,4,2,18:10,3,2,9
2023610012723,2023,610012723,1,1,1,1,18,4,3,0,0,0,0,0,9,-1,-1,-1,0,0.05045,0.94955,-1,6,40,1,1,1,16:50,5,2,9
2023991374536,2023,991374536,2,3,2,1,66,10,3,0,0,1,0,0,9,-1,-1,3,1,0.0,1.0,-1,6,40,1,1,1,11:55,6,2,9
2023010423249,2023,010423249,1,1,3,1,14,3,2,1,3,0,0,0,0,5,E01004046,-1,0,1.0,0.0,-1,3,30,1,1,1,13:30,3,1,1
2023010455366,2023,010455366,1,1,3,2,11,3,3,5,3,0,0,0,0,2,E01002697,-1,0,0.0,1.0,-1,6,20,1,1,1,17:09,7,1,11
2023071259392,2023,071259392,1,1,3,2,14,3,3,8,1,0,0,0,0,5,E01012474,-1,0,0.1705,0.8295,-1,6,60,1,6,1,07:18,3,1,9
2023471363134,2023,471363134,1,1,1,1,25,5,2,0,0,0,0,0,3,1,E01020979,7,1,1.0,0.0,-1,6,60,1,6,1,17:56,1,3,3
2023052302255,2023,052302255,2,2,1,2,68,10,3,0,0,0,0,0,9,5,E01007235,-1,0,0.11813,0.88187,-1,6,50,1,1,1,17:46,6,2,9
2023351272954,2023,351272954,1,2,1,1,25,5,3,0,0,0,0,0,9,9,E01018154,3,1,0.0,1.0,-1,3,70,1,6,1,17:53,3,2,9
2023351366461,2023,351366461,2,1,1,2,72,10,3,0,0,0,0,0,9,5,E01018214,3,1,0.0,1.0,-1,6,30,1,1,1,16:35,5,2,9
2023421376974,2023,421376974,2,1,1,2,53,8,3,0,0,0,0,0,9,4,E01015958,3,1,0.0,1.0,-1,6,30,1,4,1,18:30,4,2,9
2023131309365,2023,131309365,1,1,3,1,6,2,3,5,3,0,0,2,0,4,E01010652,3,1,0.0,1.0,-1,6,30,1,1,1,15:10,6,1,23
2023552301446,2023,552301446,1,1,3,1,4,1,3,5,1,0,0,0,0,2,E01015384,-1,0,0.07698,0.92302,-1,6,30,1,1,1,15:26,3,1,9
2023010461327,2023,010461327,2,1,1,1,34,6,3,0,0,0,0,0,1,2,E01004720,-1,0,0.0,1.0,-1,6,30,2,4,2,23:30,6,2,1
2023052301697,2023,052301697,1,1,1,1,34,6,3,0,0,0,0,0,1,2,E01006482,-1,0,0.16841,0.83159,-1,6,20,1,1,1,17:31,4,2,1
2023010449415,2023,010449415,1,1,1,2,31,6,3,0,0,0,0,0,9,9,W01001037,-1,0,0.0,1.0,-1,1,30,1,1,1,14:30,5,2,9
2023052301475,2023,052301475,2,2,1,2,40,7,3,0,0,0,0,0,9,3,E01006719,-1,0,0.00581,0.99419,-1,3,30,1,1,1,09:15,3,1,9
2023430416130,2023,430416130,2,3,2,2,33,6,3,0,0,1,0,0,9,4,E01000554,-1,0,0.01683,0.98317,-1,1,30,1,1,1,13:59,7,2,9
2023340WN5332,2023,340WN5332,2,2,1,1,37,7,3,0,0,0,0,0,19,1,E01013811,-1,0,0.08703,0.91297,-1,6,60,1,1,1,06:30,1,2,19
2023451288357,2023,451288357,1,1,1,2,18,4,2,0,0,0,0,0,9,10,E01030543,7,1,1.0,0.0,-1,6,30,1,1,1,10:30,1,2,9
2023543856223,2023,543856223,2,1,1,1,65,9,3,0,0,0,0,0,9,9,E01032055,-1,0,0.09246,0.90754,-1,6,50,2,6,2,21:29,4,2,9
2023361386516,2023,361386516,1,1,1,1,65,9,1,0,0,0,0,0,9,4,E01026659,1,1,0.0,0.0,-1,6,60,1,5,2,06:07,2,3,9
2023221358400,2023,221358400,1,1,1,1,53,8,2,0,0,0,0,0,1,10,E01032148,5,1,1.0,0.0,-1,6,30,1,1,1,14:13,1,1,1
2023010463187,2023,010463187,1,1,3,1,66,10,3,1,1,0,0,0,0,6,E01002523,-1,0,0.0,1.0,-1,6,30,1,1,1,15:30,4,1,9
2023052301965,2023,052301965,1,1,2,1,16,4,2,0,0,0,0,0,3,1,E01006863,-1,0,1.0,0.0,-1,6,30,1,4,1,21:51,2,3,3
2023170M11863,2023,170M11863,1,1,1,2,51,8,3,0,0,0,0,0,9,-1,-1,-1,0,0.01223,0.98777,-1,1,30,1,1,1,16:30,4,2,9
2023351380231,2023,351380231,2,1,1,2,68,10,1,0,0,0,0,0,9,4,E01018044,1,1,0.0,0.0,-1,6,60,1,1,1,14:48,3,3,9
2023461320126,2023,461320126,1,3,2,2,21,5,3,0,0,1,0,0,9,3,E01000725,3,1,0.0,1.0,-1,6,60,1,1,1,13:43,1,2,9
2023411401680,2023,411401680,1,1,3,2,81,11,2,5,1,0,0,0,0,10,E01023355,5,1,1.0,0.0,-1,6,30,2,5,2,08:10,3,1,9
2023052302986,2023,052302986,1,1,3,1,22,5,3,1,1,0,0,0,0,8,W01000439,-1,0,0.16972,0.83028,-1,6,30,1,4,1,21:30,6,1,1
2023501317873,2023,501317873,1,1,3,2,60,9,3,6,9,0,0,0,0,2,E01018857,3,1,0.0,1.0,-1,6,30,1,1,1,21:30,2,3,9
2023201393957,2023,201393957,1,1,3,2,60,9,3,5,1,0,0,0,0,7,E01009858,3,1,0.0,1.0,-1,6,30,2,4,2,19:30,1,1,9
2023440475227,2023,440475227,2,1,1,2,44,7,3,0,0,0,0,0,9,5,E01022957,-1,0,0.05431,0.94569,-1,6,30,2,4,2,19:01,2,2,9
2023451313583,2023,451313583,2,1,1,2,73,10,3,0,0,0,0,0,9,10,E01030319,3,1,0.0,1.0,-1,6,50,1,1,1,14:15,4,2,9
2023010445363,2023,010445363,1,1,2,1,27,6,3,0,0,1,0,0,9,7,E01021294,-1,0,0.0,1.0,-1,6,20,1,1,1,20:43,6,2,9
2023552300810,2023,552300810,1,2,1,2,19,4,3,0,0,0,0,0,9,8,E01015332,-1,0,0.06094,0.93906,-1,6,30,1,4,1,01:21,2,2,9
202363D015523,2023,63D015523,1,1,1,1,41,7,3,0,0,0,0,0,9,5,W01000461,-1,0,0.17627,0.82373,-1,6,60,1,6,2,22:35,4,1,9
2023010451797,2023,010451797,1,2,1,-1,-1,-1,3,0,0,0,0,0,1,-1,-1,-1,0,0.0,1.0,-1,6,20,1,1,1,06:45,2,1,1
2023440098407,2023,440098407,1,1,1,2,73,10,3,0,0,0,0,0,9,10,E01023044,-1,0,0.10988,0.89012,-1,6,30,1,1,2,14:50,7,1,9
2023531338300,2023,531338300,2,3,1,2,36,7,3,0,0,0,0,0,9,9,E01022453,3,1,0.0,1.0,-1,7,40,1,1,1,09:47,1,2,9
2023622300070,2023,622300070,1,1,1,1,43,7,3,0,0,0,0,0,9,6,W01001000,-1,0,0.0916,0.9084,-1,6,40,2,5,2,23:00,7,1,9
2023622300778,2023,622300778,2,2,1,2,23,5,3,0,0,0,0,0,9,3,W01001293,-1,0,0.03832,0.96168,-1,3,70,1,1,1,08:29,2,3,9
2023631346073,2023,631346073,1,1,1,2,17,4,3,0,0,0,0,0,9,4,W01000646,3,1,0.0,1.0,-1,6,30,1,6,2,23:30,1,1,9
2023041286351,2023,041286351,1,1,2,1,26,6,3,0,0,2,0,0,9,1,E01025575,3,1,0.0,1.0,-1,3,30,2,4,2,02:37,3,1,9
2023070501075,2023,070501075,2,3,2,2,16,4,3,0,0,2,0,0,9,5,E01018648,-1,0,0.03613,0.96387,-1,6,60,1,1,1,11:36,7,2,9
2023170S21063,2023,170S21063,1,1,1,1,31,6,3,0,0,0,0,0,9,-1,-1,-1,0,0.08733,0.91267,-1,6,30,1,1,1,21:01,2,2,9
2023311371772,2023,311371772,1,1,2,2,55,8,2,0,0,-1,0,0,9,1,E01028268,6,1,1.0,0.0,-1,6,30,9,1,-1,11:03,1,2,9
2023332300024,2023,332300024,1,1,1,1,71,10,3,0,0,0,0,0,9,7,E01019843,-1,0,0.09712,0.90288,-1,6,50,1,6,1,00:35,3,1,9
2023161365786,2023,161365786,1,2,1,1,38,7,2,0,0,0,0,0,21,8,-1,7,1,1.0,0.0,-1,3,70,1,6,1,02:33,2,1,21
2023540369523,2023,540369523,1,1,3,1,90,11,2,6,9,0,0,0,0,2,E01032023,-1,0,1.0,0.0,-1,6,30,1,1,2,14:51,4,1,9
2023231349378,2023,231349378,1,1,3,2,79,11,3,4,1,0,0,0,0,8,E01025881,3,1,0.0,1.0,-1,6,30,1,1,1,12:00,6,1,9
2023010470901,2023,010470901,1,1,1,2,84,11,3,0,0,0,0,0,9,4,E01004737,-1,0,0.0,1.0,-1,3,20,1,1,1,13:45,7,2,9
2023231279617,2023,231279617,1,1,1,1,66,10,3,0,0,0,0,0,9,6,E01031249,3,1,0.0,1.0,-1,6,50,1,1,1,09:50,4,2,9
2023221338756,2023,221338756,2,2,1,1,33,6,3,0,0,0,0,0,19,4,W01001297,3,1,0.0,1.0,-1,6,40,1,6,1,21:22,1,2,19
2023010479971,2023,010479971,1,2,2,2,37,7,3,0,0,2,0,0,9,4,E01003626,-1,0,0.0,1.0,-1,6,30,1,4,1,18:35,6,2,9
2023131323628,2023,131323628,2,1,1,1,42,7,3,0,0,0,0,0,9,1,E01010817,3,1,0.0,1.0,-1,6,30,1,1,1,08:50,4,2,9