collision_index,collision_year,collision_ref_no,vehicle_reference,casualty_reference,casualty_class,sex_of_casualty,age_of_casualty,age_band_of_casualty,casualty_severity,pedestrian_location,pedestrian_movement,car_passenger,bus_or_coach_passenger,pedestrian_road_maintenance_worker,casualty_type,casualty_imd_decile,lsoa_of_casualty,enhanced_casualty_severity,casualty_injury_based,casualty_adjusted_severity_serious,casualty_adjusted_severity_slight,casualty_distance_banding,road_type,speed_limit,weather_conditions,light_conditions,road_surface_conditions,time,day_of_week,number_of_vehicles,vehicle_type
2023421365924,2023,421365924,2,1,2,2,6,2,3,0,0,2,0,0,9,-1,-1,3,1,0.0,1.0,-1,3,70,1,1,1,14:55,5,2,9
2023991338340,2023,991338340,2,1,1,1,27,6,3,0,0,0,0,0,9,9,-1,3,1,0.0,1.0,-1,6,30,1,4,1,23:40,6,2,9
2023010471039,2023,010471039,1,1,1,1,25,5,3,0,0,0,0,0,1,8,E01001925,-1,0,0.0,1.0,-1,6,20,1,4,1,20:30,2,2,1
2023010477427,2023,010477427,2,1,1,1,69,10,2,0,0,0,0,0,1,4,E01001739,-1,0,1.0,0.0,-1,6,20,1,4,2,21:21,7,2,1
2023070102060,2023,070102060,1,1,1,1,51,8,3,0,0,0,0,0,9,9,E01006889,-1,0,0.06849,0.93151,-1,3,70,1,1,1,13:10,7,2,9
2023320537698,2023,320537698,1,1,1,1,17,4,3,0,0,0,0,0,9,8,E01018099,-1,0,0.10979,0.89021,-1,6,60,1,6,2,22:50,3,1,9
202354B148823,2023,54B148823,2,3,2,2,6,2,2,0,0,2,0,0,9,-1,-1,-1,0,1.0,0.0,-1,1,50,2,1,2,14:52,6,2,9
2023010485427,2023,010485427,2,1,1,1,24,5,2,0,0,0,0,0,1,4,E01002444,-1,0,1.0,0.0,-1,6,20,1,4,1,17:55,5,2,1
2023320133946,2023,320133946,2,1,1,1,36,7,3,0,0,0,0,0,1,8,E01026262,-1,0,0.11106,0.88894,-1,6,30,1,4,1,18:20,6,2,1
2023061396762,2023,061396762,2,1,1,1,37,7,3,0,0,0,0,0,3,6,E01005620,3,1,0.0,1.0,-1,6,30,2,1,2,11:45,2,2,3
2023131281575,2023,131281575,1,1,1,2,19,4,3,0,0,0,0,0,9,8,E01011187,3,1,0.0,1.0,-1,6,30,2,7,2,21:30,3,1,9
2023231299242,2023,231299242,1,1,1,2,77,11,3,0,0,0,0,0,9,8,E01031294,3,1,0.0,1.0,-1,6,50,1,1,1,11:40,1,2,9
2023471392793,2023,471392793,2,1,1,1,38,7,3,0,0,0,0,0,9,4,E01021051,3,1,0.0,1.0,-1,6,60,5,1,2,13:10,5,2,9
2023547391023,2023,547391023,1,1,1,1,27,6,3,0,0,0,0,0,9,8,E01015486,-1,0,0.08177,0.91823,-1,3,40,1,1,2,18:34,6,1,9
202360A045238,2023,60A045238,1,1,1,1,66,10,2,0,0,0,0,0,9,-1,-1,-1,0,1.0,0.0,-1,6,40,1,1,2,17:55,4,2,9
2023361347777,2023,361347777,1,1,1,1,23,5,2,0,0,0,0,0,97,2,E01018068,5,1,1.0,0.0,-1,6,60,1,1,1,19:04,6,2,97
2023010440787,2023,010440787,1,1,3,2,35,6,2,1,1,0,0,0,0,10,E01030996,-1,0,1.0,0.0,-1,6,20,1,4,1,21:03,3,1,9
2023440475171,2023,440475171,2,1,1,2,36,7,3,0,0,0,0,0,9,6,E01015462,-1,0,0.07281,0.92719,-1,3,70,1,4,1,18:12,2,2,9
2023461291609,2023,461291609,1,1,2,2,24,5,3,0,0,1,0,0,9,3,E01001578,3,1,0.0,1.0,-1,6,30,2,7,2,03:57,1,2,9
2023991341513,2023,991341513,2,2,1,1,53,8,3,0,0,0,0,0,9,5,-1,3,1,0.0,1.0,-1,3,50,1,1,1,12:15,2,3,9
2023430234863,2023,430234863,2,1,1,1,50,8,3,0,0,0,0,0,19,9,E01016773,-1,0,0.0069,0.9931,-1,6,60,1,1,1,14:00,1,2,19
2023061292011,2023,061292011,2,4,2,2,11,3,3,0,0,2,0,0,9,2,E01005590,3,1,0.0,1.0,-1,6,20,1,1,1,15:09,5,3,9
2023101361165,2023,101361165,2,1,1,2,40,7,3,0,0,0,0,0,9,4,E01020783,3,1,0.0,1.0,-1,6,30,2,4,2,20:19,6,2,9
2023411339341,2023,411339341,2,2,1,1,29,6,2,0,0,0,0,0,9,-1,-1,5,1,1.0,0.0,-1,6,60,1,1,1,15:45,5,2,9
2023201318430,2023,201318430,1,1,3,2,11,3,2,5,1,0,0,0,0,-1,-1,7,1,1.0,0.0,-1,6,30,1,1,1,15:33,5,1,9
2023471354780,2023,471354780,1,1,3,2,40,7,3,5,4,0,0,2,0,1,E01016900,3,1,0.0,1.0,-1,6,30,1,7,1,21:45,3,1,19
2023552300354,2023,552300354,1,1,1,1,16,4,2,0,0,0,0,0,2,2,E01015288,-1,0,1.0,0.0,-1,6,30,1,4,2,20:26,2,2,2
2023010467806,2023,010467806,2,1,1,2,55,8,3,0,0,0,0,0,9,3,E01001327,-1,0,0.0,1.0,-1,6,40,1,1,1,10:45,7,2,9
2023340NN3202,2023,340NN3202,2,1,1,2,26,6,3,0,0,0,0,0,9,2,E01027161,-1,0,0.03469,0.96531,-1,3,70,1,1,1,08:48,2,2,9
2023430301213,2023,430301213,2,1,1,1,69,10,3,0,0,0,0,0,9,9,E01032954,-1,0,0.13747,0.86253,-1,6,50,1,1,1,19:59,1,3,9
2023010456766,2023,010456766,1,1,1,1,20,4,3,0,0,0,0,0,9,-1,-1,-1,0,0.0,1.0,-1,2,20,1,1,2,05:52,1,4,9
2023161288766,2023,161288766,1,2,1,2,34,6,3,0,0,0,0,0,9,4,E01012990,3,1,0.0,1.0,-1,6,60,1,1,1,11:09,1,2,9
2023351338269,2023,351338269,1,1,1,2,26,6,3,0,0,0,0,0,9,4,E01018086,3,1,0.0,1.0,-1,6,60,1,1,1,11:45,6,1,9
2023371307264,2023,371307264,1,2,2,2,82,11,2,0,0,1,0,0,9,5,E01030093,6,1,1.0,0.0,-1,6,60,1,1,1,15:55,1,1,9
2023421267717,2023,421267717,2,1,1,2,35,6,3,0,0,0,0,0,9,9,E01021661,3,1,0.0,1.0,-1,1,30,1,1,2,07:49,4,2,9
2023421312591,2023,421312591,1,1,1,1,35,6,3,0,0,0,0,0,9,10,E01023441,3,1,0.0,1.0,-1,6,40,1,1,1,17:30,2,2,9
2023430070470,2023,430070470,2,1,2,2,86,11,3,0,0,1,0,0,9,10,E01022554,-1,0,0.08577,0.91423,-1,6,40,1,1,1,10:53,4,2,9
202363B030023,2023,63B030023,1,1,1,1,48,8,3,0,0,0,0,0,9,-1,-1,-1,0,0.18207,0.81793,-1,6,60,1,6,2,02:48,2,1,9
2023201305761,2023,201305761,1,1,3,1,53,8,2,1,1,0,0,2,0,1,E01010111,7,1,1.0,0.0,-1,6,20,1,1,1,09:58,5,1,11
2023061354403,2023,061354403,2,1,1,1,53,8,2,0,0,0,0,0,1,5,E01005025,7,1,1.0,0.0,-1,6,30,1,1,-1,07:30,4,2,1
2023430258139,2023,430258139,1,1,1,1,42,7,3,0,0,0,0,0,3,10,E01016622,-1,0,0.05756,0.94244,-1,6,30,1,1,1,17:00,1,2,3
2023531326382,2023,531326382,3,2,1,1,30,6,3,0,0,0,0,0,5,1,E01022319,3,1,0.0,1.0,-1,6,50,1,1,1,20:32,4,3,5
2023052302898,2023,052302898,4,4,1,1,36,7,3,0,0,0,0,0,9,1,E01005219,-1,0,0.02457,0.97543,-1,3,40,1,1,2,09:30,2,5,9
2023201409820,2023,201409820,2,1,1,2,19,4,3,0,0,0,0,0,9,3,E01010495,3,1,0.0,1.0,-1,6,40,1,1,1,07:52,4,2,9
2023302300346,2023,302300346,2,1,1,2,20,4,3,0,0,0,0,0,9,2,E01019567,-1,0,0.01305,0.98695,-1,6,30,1,1,1,13:10,7,2,9
2023552300592,2023,552300592,2,1,1,2,37,7,3,0,0,0,0,0,9,2,E01015430,-1,0,0.01232,0.98768,-1,3,40,1,1,1,17:14,7,2,9
2023991323404,2023,991323404,1,2,2,1,14,3,3,0,0,2,0,0,9,3,-1,3,1,0.0,1.0,-1,6,30,1,5,2,21:45,3,2,9
2023052303002,2023,052303002,2,1,1,1,22,5,3,0,0,0,0,0,90,1,E01006679,-1,0,0.10898,0.89102,-1,6,30,1,4,1,19:50,1,2,90
2023010488676,2023,010488676,1,1,3,2,51,8,3,9,9,0,0,0,0,3,E01000099,-1,0,0.0,1.0,-1,6,30,1,4,1,16:20,6,1,19
2023010459389,2023,010459389,1,1,1,2,50,8,3,0,0,0,0,0,1,6,E01002609,-1,0,0.0,1.0,-1,6,20,1,1,1,16:22,2,2,1
2023061320161,2023,061320161,1,1,1,2,51,8,3,0,0,0,0,0,1,2,E01005430,3,1,0.0,1.0,-1,6,30,1,1,1,14:35,1,1,1
2023542800723,2023,542800723,1,1,1,1,23,5,3,0,0,0,0,0,9,6,E01022919,-1,0,0.01783,0.98217,-1,6,60,2,1,2,07:30,3,2,9
2023991352635,2023,991352635,1,1,3,1,46,8,1,5,3,0,0,0,0,5,-1,1,1,0.0,0.0,-1,6,30,1,4,1,20:37,5,1,9
2023010464392,2023,010464392,1,1,1,2,27,6,3,0,0,0,0,0,1,6,E01001990,-1,0,0.0,1.0,-1,6,20,1,1,1,13:20,4,2,1
2023010483836,2023,010483836,1,1,1,1,22,5,3,0,0,0,0,0,1,3,E01002595,-1,0,0.0,1.0,-1,6,20,1,1,1,15:45,4,2,1
2023201374996,2023,201374996,2,1,1,1,15,3,3,0,0,0,0,0,1,1,E01009152,3,1,0.0,1.0,-1,6,30,1,1,1,13:16,4,2,1
2023991337987,2023,991337987,1,1,1,1,12,3,2,0,0,0,0,0,1,-1,-1,6,1,1.0,0.0,-1,6,60,1,1,1,15:20,5,2,1
2023991378966,2023,991378966,2,3,1,1,34,6,3,0,0,0,0,0,8,1,-1,3,1,0.0,1.0,-1,6,60,1,6,4,22:35,7,2,8
2023622300627,2023,622300627,1,1,3,1,9,2,3,4,2,0,0,0,0,4,W01000809,-1,0,0.09916,0.90084,-1,6,30,1,1,2,14:19,5,1,9
2023332300367,2023,332300367,1,1,1,1,19,4,3,0,0,0,0,0,9,10,E01033532,-1,0,0.02076,0.97924,-1,6,30,1,4,1,21:00,6,2,9
2023471350646,2023,471350646,2,1,1,1,58,9,3,0,0,0,0,0,1,4,E01031809,3,1,0.0,1.0,-1,6,30,1,5,1,21:32,3,2,1
2023351287071,2023,351287071,1,1,1,1,22,5,3,0,0,0,0,0,9,3,E01018097,3,1,0.0,1.0,-1,6,30,2,4,2,22:14,4,1,9
2023421382642,2023,421382642,2,1,1,1,53,8,3,0,0,0,0,0,9,5,E01021921,3,1,0.0,1.0,-1,6,30,1,1,1,11:40,1,2,9
2023610036723,2023,610036723,1,2,2,2,43,7,3,0,0,1,0,0,9,6,W01001241,-1,0,0.01031,0.98969,-1,6,20,1,1,1,11:35,1,2,9
2023070586592,2023,070586592,2,2,1,2,40,7,3,0,0,0,0,0,19,1,E01005289,-1,0,0.01055,0.98945,-1,3,70,2,1,2,17:35,6,2,19
2023401340802,2023,401340802,2,2,1,2,52,8,3,0,0,0,0,0,19,-1,-1,3,1,0.0,1.0,-1,6,60,1,1,1,15:42,6,2,19
2023471401455,2023,471401455,2,1,3,1,38,7,3,10,9,0,0,0,0,5,E01016876,3,1,0.0,1.0,-1,6,20,1,4,1,17:00,6,2,3
2023501332360,2023,501332360,2,1,1,1,50,8,3,0,0,0,0,0,9,8,E01022829,3,1,0.0,1.0,-1,6,60,1,1,1,18:00,2,2,9
2023010442114,2023,010442114,1,1,1,2,55,8,3,0,0,0,0,0,9,8,E01032620,-1,0,0.0,1.0,-1,3,50,1,1,1,08:10,3,1,9
2023231266704,2023,231266704,2,1,1,1,44,7,3,0,0,0,0,0,9,3,E01031172,3,1,0.0,1.0,-1,6,50,1,6,1,16:50,3,2,9
2023440174320,2023,440174320,1,1,1,1,25,5,3,0,0,0,0,0,9,4,E01017157,-1,0,0.16839,0.83161,-1,6,30,1,4,1,01:12,5,1,9
2023461312638,2023,461312638,1,1,1,2,18,4,2,0,0,0,0,0,9,10,E01016092,6,1,1.0,0.0,-1,6,60,1,1,2,13:13,7,1,9
2023161330029,2023,161330029,2,1,1,1,29,6,3,0,0,0,0,0,9,-1,-1,3,1,0.0,1.0,-1,6,50,4,1,1,12:59,1,2,9
2023201296056,2023,201296056,2,2,1,2,24,5,3,0,0,0,0,0,9,4,E01024624,3,1,0.0,1.0,-1,6,30,2,1,2,07:43,2,2,9
2023461323062,2023,461323062,1,1,1,1,50,8,3,0,0,0,0,0,9,7,E01024140,3,1,0.0,1.0,-1,3,40,1,1,1,16:04,4,2,9
2023161272209,2023,161272209,1,1,2,1,20,4,3,0,0,1,0,0,9,1,E01013084,3,1,0.0,1.0,-1,6,50,1,6,2,19:00,5,2,9
2023332300795,2023,332300795,1,1,1,1,39,7,3,0,0,0,0,0,9,4,E01025766,-1,0,0.00195,0.99805,-1,6,30,1,1,1,17:37,1,2,9
2023351269577,2023,351269577,1,1,1,2,46,8,3,0,0,0,0,0,9,10,E01018189,3,1,0.0,1.0,-1,6,40,8,1,4,08:58,5,2,9
2023351334377,2023,351334377,1,3,2,1,15,3,2,0,0,2,0,0,9,-1,-1,7,1,1.0,0.0,-1,6,60,1,6,1,01:17,3,1,9
2023411318634,2023,411318634,2,3,1,2,40,7,3,0,0,0,0,0,9,7,E01015627,3,1,0.0,1.0,-1,3,70,1,1,1,14:10,5,3,9
2023122300633,2023,122300633,2,1,1,1,33,6,3,0,0,0,0,0,9,4,E01012340,-1,0,0.05965,0.94035,-1,6,60,1,1,1,16:43,2,3,9
2023411359417,2023,411359417,1,1,1,1,16,4,3,0,0,0,0,0,1,6,E01023413,3,1,0.0,1.0,-1,3,30,1,1,-1,08:15,7,2,1
2023471331999,2023,471331999,1,2,3,2,20,4,2,6,5,0,0,0,0,7,E01020970,7,1,1.0,0.0,-1,6,30,1,4,1,00:30,6,1,9
2023010432518,2023,010432518,1,1,3,1,58,9,3,5,3,0,0,0,0,6,E01000914,-1,0,0.0,1.0,-1,3,20,1,1,1,13:30,5,1,19
2023371349616,2023,371349616,1,1,1,2,20,4,3,0,0,0,0,0,9,5,E01030229,3,1,0.0,1.0,-1,6,50,1,1,1,17:25,3,2,9
2023302301962,2023,302301962,1,1,3,1,11,3,3,1,1,0,0,0,0,2,E01019646,-1,0,0.16391,0.83609,-1,6,30,2,1,2,15:25,3,3,97
2023010432285,2023,010432285,2,1,1,2,45,7,3,0,0,0,0,0,3,6,E01004176,-1,0,0.0,1.0,-1,6,20,1,1,2,07:35,4,3,3
2023401301638,2023,401301638,2,1,1,2,26,6,3,0,0,0,0,0,9,4,E01015804,3,1,0.0,1.0,-1,6,50,1,1,1,17:56,4,2,9
2023221389248,2023,221389248,2,2,2,1,68,10,3,0,0,2,0,0,10,3,W01001313,3,1,0.0,1.0,-1,3,60,1,1,2,12:25,7,2,10
2023010438333,2023,010438333,1,1,3,2,26,6,3,9,5,0,0,0,0,2,E01033148,-1,0,0.0,1.0,-1,6,30,1,1,1,17:20,4,1,19
2023320374146,2023,320374146,1,1,1,1,35,6,2,0,0,0,0,0,5,8,E01028182,-1,0,1.0,0.0,-1,6,60,1,1,1,12:45,7,1,5
2023131309702,2023,131309702,2,1,1,1,21,5,3,0,0,0,0,0,9,1,E01011428,3,1,0.0,1.0,-1,6,30,1,4,1,22:30,6,2,9
202363B027023,2023,63B027023,2,3,2,2,37,7,3,0,0,0,4,0,11,-1,-1,-1,0,0.1127,0.8873,-1,6,60,1,1,1,14:27,5,2,11
2023161271334,2023,161271334,2,1,2,1,32,6,3,0,0,0,0,0,19,1,E01012878,3,1,0.0,1.0,-1,6,30,4,1,1,08:10,4,2,19
2023010447456,2023,010447456,1,1,3,1,50,8,3,2,2,0,0,0,0,3,E01001397,-1,0,0.0,1.0,-1,6,30,2,1,1,10:00,4,1,9
2023451326705,2023,451326705,2,1,1,1,73,10,3,0,0,0,0,0,5,10,E01030443,3,1,0.0,1.0,-1,6,50,1,1,1,16:00,5,2,5
2023401337338,2023,401337338,2,1,1,1,50,8,3,0,0,0,0,0,19,3,E01017580,3,1,0.0,1.0,-1,6,30,1,1,1,16:16,3,2,19
202354B104123,2023,54B104123,2,1,1,1,29,6,3,0,0,0,0,0,2,6,E01023155,-1,0,0.1306,0.8694,-1,3,40,1,1,2,12:39,5,2,2
2023010424215,2023,010424215,1,1,1,2,29,6,3,0,0,0,0,0,3,3,E01000531,-1,0,0.0,1.0,-1,9,20,9,1,1,16:35,3,2,3
2023111317360,2023,111317360,1,1,1,1,36,7,2,0,0,0,0,0,5,3,E01020705,6,1,1.0,0.0,-1,6,60,1,1,1,15:30,1,2,5
2023991298683,2023,991298683,2,2,1,1,60,9,3,0,0,0,0,0,5,2,-1,3,1,0.0,1.0,-1,6,50,1,1,1,15:11,7,2,5
2023061301438,2023,061301438,2,1,2,2,42,7,3,0,0,2,0,0,8,1,E01005753,3,1,0.0,1.0,-1,6,30,1,4,1,23:01,7,2,8
2023010485761,2023,010485761,1,1,1,1,34,6,3,0,0,0,0,0,9,4,E01000745,-1,0,0.0,1.0,-1,6,30,1,4,1,18:40,6,2,9
2023131365351,2023,131365351,2,1,1,2,52,8,3,0,0,0,0,0,9,3,E01011601,3,1,0.0,1.0,-1,3,40,5,1,2,16:45,6,2,9
2023131376762,2023,131376762,2,2,2,2,20,4,3,0,0,1,0,0,9,1,E01011357,3,1,0.0,1.0,-1,6,30,1,4,2,18:00,1,2,9
2023421302668,2023,421302668,1,1,2,2,20,4,3,0,0,1,0,0,9,5,E01003663,3,1,0.0,1.0,-1,3,50,1,4,1,01:07,3,1,9
2023440182906,2023,440182906,1,1,1,1,27,6,3,0,0,0,0,0,9,4,E01017185,-1,0,0.13797,0.86203,-1,3,50,1,1,1,07:55,4,1,9
2023531319891,2023,531319891,1,1,1,1,51,8,3,0,0,0,0,0,9,5,E01029327,3,1,0.0,1.0,-1,7,70,1,6,1,01:35,1,2,9
2023631332905,2023,631332905,2,1,1,2,66,10,3,0,0,0,0,0,9,4,W01000672,3,1,0.0,1.0,-1,6,30,2,1,2,15:00,3,2,9
2023361327403,2023,361327403,1,1,3,2,25,5,2,5,3,0,0,-1,0,4,E01026618,6,1,1.0,0.0,-1,7,20,1,4,1,00:50,1,1,8
2023010423532,2023,010423532,2,1,1,1,23,5,3,0,0,0,0,0,1,1,E01004249,-1,0,0.0,1.0,-1,1,30,2,4,2,18:25,4,2,1
2023122301278,2023,122301278,2,1,1,2,33,6,3,0,0,0,0,0,9,4,E01027910,-1,0,0.0069,0.9931,-1,6,30,1,1,1,14:22,5,2,9
2023351375703,2023,351375703,1,1,1,2,32,6,3,0,0,0,0,0,9,6,E01023787,3,1,0.0,1.0,-1,6,40,1,4,1,21:30,5,2,9
2023010450278,2023,010450278,1,1,1,1,44,7,3,0,0,0,0,0,1,10,E01031754,-1,0,0.0,1.0,-1,6,40,8,1,1,20:00,7,2,1
2023332300342,2023,332300342,2,1,1,2,52,8,3,0,0,0,0,0,1,10,E01025714,-1,0,0.06481,0.93519,-1,1,30,1,1,1,19:20,5,2,1
202360A125553,2023,60A125553,1,1,1,1,73,10,3,0,0,0,0,0,19,-1,-1,-1,0,0.14255,0.85745,-1,6,60,1,1,1,09:30,3,2,19
2023010479725,2023,010479725,1,1,3,2,56,9,3,1,3,0,0,0,0,7,E01002136,-1,0,0.0,1.0,-1,6,30,1,1,1,14:50,5,1,9
2023411354934,2023,411354934,1,1,3,1,2,1,2,9,3,0,0,0,0,5,E01018079,7,1,1.0,0.0,-1,6,30,1,1,1,13:45,6,1,9
2023052302296,2023,052302296,2,2,2,2,28,6,3,0,0,1,0,0,9,6,E01007043,-1,0,0.00599,0.99401,-1,1,30,1,1,1,17:00,3,2,9
2023421340592,2023,421340592,2,1,1,2,28,6,3,0,0,0,0,0,9,1,E01015932,3,1,0.0,1.0,-1,9,20,1,1,1,15:35,2,2,9
2023010445138,2023,010445138,2,2,1,1,21,5,3,0,0,0,0,0,19,4,E01004388,-1,0,0.0,1.0,-1,6,20,1,1,1,16:35,3,2,19
2023010425148,2023,010425148,2,1,1,2,24,5,3,0,0,0,0,0,3,1,E01000602,-1,0,0.0,1.0,-1,2,20,1,1,1,13:07,6,2,3
2023461351660,2023,461351660,1,1,1,1,18,4,3,0,0,0,0,0,1,9,E01016112,3,1,0.0,1.0,-1,3,40,1,1,1,15:36,1,2,1
2023131265681,2023,131265681,1,1,1,2,26,6,3,0,0,0,0,0,9,2,E01010619,3,1,0.0,1.0,-1,3,20,1,1,1,16:10,5,2,9
2023161311172,2023,161311172,1,1,1,2,80,11,3,0,0,0,0,0,9,5,E01013048,3,1,0.0,1.0,-1,6,30,1,1,1,16:20,4,1,9
2023451313985,2023,451313985,1,1,2,2,44,7,3,0,0,2,0,0,9,5,E01021262,3,1,0.0,1.0,-1,3,70,1,6,1,22:00,4,2,9
2023461394426,2023,461394426,2,1,1,1,60,9,3,0,0,0,0,0,9,5,E01000467,3,1,0.0,1.0,-1,3,40,1,5,1,05:53,1,2,9
2023430530679,2023,430530679,1,1,3,1,39,7,3,5,1,0,0,0,0,7,E01017846,-1,0,0.15456,0.84544,-1,6,30,1,1,1,14:48,7,1,9
2023031293156,2023,031293156,1,1,3,1,64,9,2,1,3,0,0,0,0,-1,-1,6,1,1.0,0.0,-1,6,30,1,1,1,18:20,1,1,9
2023052300399,2023,052300399,1,1,3,2,30,6,3,6,9,0,0,0,0,1,E01012403,-1,0,0.09046,0.90954,-1,6,30,1,4,1,02:35,1,1,9
2023010461944,2023,010461944,1,1,1,1,24,5,3,0,0,0,0,0,4,2,E01015807,-1,0,0.0,1.0,-1,6,20,1,1,1,08:37,4,1,4
2023411407118,2023,411407118,1,1,1,1,24,5,2,0,0,0,0,0,4,5,E01023780,7,1,1.0,0.0,-1,6,30,2,1,2,17:06,4,2,4
2023320190810,2023,320190810,1,1,1,1,88,11,2,0,0,0,0,0,9,7,E01026392,-1,0,1.0,0.0,-1,6,60,2,6,2,21:04,4,1,9
2023421347753,2023,421347753,1,1,3,2,26,6,3,10,9,0,0,0,0,3,E01021831,3,1,0.0,1.0,-1,6,30,9,1,-1,14:54,1,1,8
2023430368131,2023,430368131,2,1,1,2,54,8,2,0,0,0,0,0,1,10,E01032763,-1,0,1.0,0.0,-1,6,40,1,1,1,13:59,5,2,1
2023520301397,2023,520301397,1,1,1,1,28,6,2,0,0,0,0,0,5,10,E01014969,-1,0,1.0,0.0,-1,6,60,1,1,1,18:52,6,3,5
2023520400123,2023,520400123,1,2,2,1,19,4,3,0,0,0,0,0,5,4,E01029186,-1,0,0.17059,0.82941,-1,6,30,1,4,1,00:51,7,3,5
2023501408748,2023,501408748,1,1,1,1,18,4,3,0,0,0,0,0,9,5,E01015205,3,1,0.0,1.0,-1,6,30,1,4,1,01:13,7,1,9
2023141278083,2023,141278083,2,1,1,1,25,5,3,0,0,0,0,0,5,1,E01007775,3,1,0.0,1.0,-1,6,40,1,1,1,15:15,1,2,5
2023131263176,2023,131263176,1,1,3,1,75,10,1,8,1,0,0,2,0,7,E01011329,1,1,0.0,0.0,-1,6,30,1,4,2,21:05,6,1,9
2023351285006,2023,351285006,1,1,3,1,13,3,3,6,9,0,0,0,0,4,E01018146,3,1,0.0,1.0,-1,6,30,1,1,1,16:42,7,1,8
2023991368104,2023,991368104,1,1,3,1,30,6,2,5,1,0,0,2,0,-1,-1,7,1,1.0,0.0,-1,6,60,1,6,1,22:19,7,1,9
2023010480581,2023,010480581,1,1,1,2,25,5,3,0,0,0,0,0,1,6,E01004476,-1,0,0.0,1.0,-1,6,20,1,1,1,10:15,2,2,1
2023501321925,2023,501321925,2,2,1,1,42,7,2,0,0,0,0,0,1,2,E01020211,7,1,1.0,0.0,-1,6,30,1,1,1,05:20,4,2,1
2023131383469,2023,131383469,1,3,1,1,43,7,3,0,0,0,0,0,9,1,E01011317,3,1,0.0,1.0,-1,3,70,1,4,2,17:42,3,4,9
2023451333648,2023,451333648,1,1,1,2,56,9,3,0,0,0,0,0,9,3,E01004167,3,1,0.0,1.0,-1,6,40,9,1,1,07:40,3,2,9
2023471319199,2023,471319199,2,1,1,2,28,6,3,0,0,0,0,0,9,2,E01020998,3,1,0.0,1.0,-1,6,30,1,1,1,17:23,5,2,9
2023531293950,2023,531293950,2,1,1,1,34,6,3,0,0,0,0,0,9,10,E01021158,3,1,0.0,1.0,-1,1,40,1,1,1,17:50,2,2,9
2023471378310,2023,471378310,1,1,1,1,28,6,3,0,0,0,0,0,9,10,E01031775,3,1,0.0,1.0,-1,6,60,1,6,1,01:15,6,1,9
2023010437192,2023,010437192,1,1,2,2,63,9,3,0,0,0,4,0,11,4,E01002050,-1,0,0.0,1.0,-1,2,20,1,1,1,13:28,5,1,11
2023531343528,2023,531343528,1,1,2,2,30,6,2,0,0,0,0,0,19,8,E01022213,7,1,1.0,0.0,-1,6,60,7,6,2,02:25,1,1,19
2023010475865,2023,010475865,1,1,1,2,30,6,3,0,0,0,0,0,9,2,E01001575,-1,0,0.0,1.0,-1,6,30,2,4,2,16:18,6,2,9
2023430033300,2023,430033300,1,1,1,1,44,7,3,0,0,0,0,0,9,6,E01028757,-1,0,0.07023,0.92977,-1,6,60,1,1,4,08:02,2,3,9
2023461374972,2023,461374972,1,1,1,2,31,6,3,0,0,0,0,0,9,9,E01016172,3,1,0.0,1.0,-1,3,70,2,1,2,09:23,5,2,9
2023041321189,2023,041321189,2,2,1,2,29,6,3,0,0,0,0,0,1,3,E01024897,3,1,0.0,1.0,-1,6,30,1,1,1,18:00,2,2,1
2023351291232,2023,351291232,1,3,2,1,-1,-1,2,0,0,1,0,0,9,10,E01023815,5,1,1.0,0.0,-1,6,50,2,4,2,20:20,6,2,9
2023131289922,2023,131289922,2,1,1,2,24,5,3,0,0,0,0,0,1,3,E01011488,3,1,0.0,1.0,-1,6,30,1,4,2,19:30,1,2,1
2023131357485,2023,131357485,1,3,2,1,18,4,1,0,0,2,0,0,9,1,E01011695,1,1,0.0,0.0,-1,3,70,2,4,2,03:15,6,1,9
2023141304546,2023,141304546,1,2,2,1,26,6,1,0,0,1,0,0,9,-1,-1,1,1,0.0,0.0,-1,3,40,1,4,2,23:58,6,1,9
2023211437522,2023,211437522,1,1,1,1,32,6,2,0,0,0,0,0,9,-1,-1,5,1,1.0,0.0,-1,1,40,8,4,2,19:55,1,1,9
2023471269982,2023,471269982,2,1,1,1,73,10,1,0,0,0,0,0,5,3,E01021090,1,1,0.0,0.0,-1,6,60,1,1,1,16:30,2,2,5
2023010463786,2023,010463786,1,1,1,2,46,8,3,0,0,0,0,0,9,5,E01023838,-1,0,0.0,1.0,-1,6,20,1,4,1,20:55,7,3,9
2023201364977,2023,201364977,1,1,1,1,39,7,3,0,0,0,0,0,9,6,E01010075,3,1,0.0,1.0,-1,6,30,1,1,1,11:44,7,2,9
2023351415307,2023,351415307,1,1,1,2,32,6,3,0,0,0,0,0,9,6,E01026569,3,1,0.0,1.0,-1,6,40,8,5,2,15:47,5,2,9
2023451265673,2023,451265673,3,4,1,1,31,6,3,0,0,0,0,0,19,2,E01019403,3,1,0.0,1.0,-1,3,70,1,6,1,17:00,5,3,19
2023010469896,2023,010469896,1,1,1,1,27,6,3,0,0,0,0,0,3,2,E01001448,-1,0,0.0,1.0,-1,6,20,1,1,1,09:50,3,2,3
2023610005823,2023,610005823,1,1,1,1,16,4,2,0,0,0,0,0,3,1,W01001381,-1,0,1.0,0.0,-1,6,30,1,4,1,18:30,1,1,3