collision_index,collision_year,collision_ref_no,vehicle_reference,casualty_reference,casualty_class,sex_of_casualty,age_of_casualty,age_band_of_casualty,casualty_severity,pedestrian_location,pedestrian_movement,car_passenger,bus_or_coach_passenger,pedestrian_road_maintenance_worker,casualty_type,casualty_imd_decile,lsoa_of_casualty,enhanced_casualty_severity,casualty_injury_based,casualty_adjusted_severity_serious,casualty_adjusted_severity_slight,casualty_distance_banding,road_type,speed_limit,weather_conditions,light_conditions,road_surface_conditions,time,day_of_week,number_of_vehicles,vehicle_type
2023501322990,2023,501322990,1,1,1,1,27,6,2,0,0,0,0,0,5,-1,-1,6,1,1.0,0.0,-1,6,60,1,1,1,15:25,7,2,5
2023061331205,2023,061331205,1,1,3,2,16,4,3,9,9,0,0,2,0,1,E01005270,3,1,0.0,1.0,-1,6,20,1,1,1,17:53,4,1,9
2023061377619,2023,061377619,1,1,3,2,69,10,2,5,1,0,0,0,0,1,E01005258,7,1,1.0,0.0,-1,6,30,1,1,2,12:07,4,1,23
2023361323515,2023,361323515,1,1,3,1,52,8,2,9,9,0,0,0,0,-1,-1,7,1,1.0,0.0,-1,6,60,1,1,1,16:45,3,1,9
2023061321917,2023,061321917,2,3,2,1,30,6,3,0,0,2,0,0,8,-1,-1,3,1,0.0,1.0,-1,6,30,1,1,1,12:30,5,2,8
2023010430127,2023,010430127,1,1,1,1,33,6,3,0,0,0,0,0,1,3,E01001762,-1,0,0.0,1.0,-1,6,20,1,4,1,20:41,5,2,1
2023401407187,2023,401407187,2,1,1,1,52,8,2,0,0,0,0,0,9,9,E01024299,5,1,1.0,0.0,-1,3,70,1,7,1,05:41,4,2,9
2023430388912,2023,430388912,1,1,2,1,34,6,3,0,0,1,0,0,9,-1,-1,-1,0,0.01695,0.98305,-1,6,30,1,1,2,18:20,4,2,9
2023547783223,2023,547783223,2,1,2,1,59,9,3,0,0,2,0,0,9,9,E01007926,-1,0,0.01074,0.98926,-1,1,30,2,1,2,16:38,2,2,9
202354D758323,2023,54D758323,2,1,1,2,37,7,3,0,0,0,0,0,9,8,E01019966,-1,0,0.05047,0.94953,-1,6,60,1,6,2,22:04,6,2,9
2023010449775,2023,010449775,2,1,1,1,22,5,3,0,0,0,0,0,3,2,E01003181,-1,0,0.0,1.0,-1,2,20,1,4,1,00:01,1,2,3
2023010456860,2023,010456860,2,2,1,1,37,7,3,0,0,0,0,0,9,5,E01023727,-1,0,0.0,1.0,-1,6,30,1,1,1,18:30,1,2,9
2023201413945,2023,201413945,1,1,1,1,42,7,3,0,0,0,0,0,9,1,E01009510,3,1,0.0,1.0,-1,1,30,1,4,2,06:30,4,2,9
2023501372228,2023,501372228,1,1,1,2,26,6,3,0,0,0,0,0,9,3,E01020323,3,1,0.0,1.0,-1,6,60,1,1,2,12:30,3,1,9
2023631334012,2023,631334012,2,2,1,2,75,10,3,0,0,0,0,0,9,6,W01000584,3,1,0.0,1.0,-1,6,60,1,1,2,10:14,5,2,9
2023501283296,2023,501283296,2,3,1,1,53,8,3,0,0,0,0,0,17,4,E01020288,3,1,0.0,1.0,-1,6,60,1,4,1,19:40,7,2,17
2023010460949,2023,010460949,1,1,3,1,6,2,2,5,4,0,0,0,0,4,E01001009,-1,0,1.0,0.0,-1,6,20,1,1,1,20:04,4,1,9
2023010463016,2023,010463016,1,1,1,-1,27,6,3,0,0,0,0,0,3,7,E01004499,-1,0,0.0,1.0,-1,7,20,1,4,1,20:20,2,2,3
2023131347069,2023,131347069,1,1,2,1,34,6,2,0,0,1,0,0,9,2,E01011558,5,1,1.0,0.0,-1,3,40,8,4,1,02:17,7,2,9
2023471362923,2023,471362923,1,2,2,1,49,8,3,0,0,1,0,0,9,4,E01016850,3,1,0.0,1.0,-1,6,30,1,1,2,06:28,7,2,9
2023520401037,2023,520401037,1,1,1,2,59,9,3,0,0,0,0,0,9,7,E01029086,-1,0,0.10059,0.89941,-1,6,60,1,1,2,11:07,4,1,9
2023010427867,2023,010427867,1,1,1,1,26,6,3,0,0,0,0,0,9,5,E01032783,-1,0,0.0,1.0,-1,9,30,2,1,1,14:05,7,2,9
2023522400187,2023,522400187,1,1,1,1,33,6,3,0,0,0,0,0,9,4,E01032633,-1,0,0.04684,0.95316,-1,6,60,2,1,2,08:30,2,2,9
2023010470954,2023,010470954,1,1,1,-1,24,5,3,0,0,0,0,0,3,8,E01021436,-1,0,0.0,1.0,-1,6,20,9,1,9,15:15,6,2,3
2023170M11643,2023,170M11643,1,1,3,1,16,4,3,5,1,0,0,0,0,-1,-1,-1,0,0.14751,0.85249,-1,6,30,1,1,1,16:09,6,1,9
2023991264679,2023,991264679,1,1,3,1,19,4,2,1,2,0,0,0,0,6,-1,7,1,1.0,0.0,-1,3,50,8,4,2,17:04,6,2,9
2023010464000,2023,010464000,1,1,1,1,31,6,3,0,0,0,0,0,9,7,E01004496,-1,0,0.0,1.0,-1,9,20,9,7,9,16:25,3,2,9
2023131315223,2023,131315223,1,1,1,1,17,4,3,0,0,0,0,0,9,8,E01011769,3,1,0.0,1.0,-1,9,60,1,4,1,22:06,2,1,9
2023221362282,2023,221362282,1,1,1,1,21,5,3,0,0,0,0,0,9,7,E01022229,3,1,0.0,1.0,-1,3,70,2,6,2,18:10,4,1,9
2023548383723,2023,548383723,1,1,1,1,23,5,3,0,0,0,0,0,9,7,E01033509,-1,0,0.06816,0.93184,-1,6,60,1,1,1,13:03,4,2,9
2023010477381,2023,010477381,1,1,3,1,75,10,3,5,1,0,0,0,0,-1,-1,-1,0,0.0,1.0,-1,6,30,1,1,1,13:40,7,1,19
2023311269811,2023,311269811,2,1,1,2,73,10,3,0,0,0,0,0,1,8,E01028052,3,1,0.0,1.0,-1,6,30,1,1,1,12:23,2,2,1
2023991362199,2023,991362199,2,14,2,1,14,3,3,0,0,0,4,0,11,-1,-1,3,1,0.0,1.0,-1,6,30,1,1,1,09:15,5,2,11
2023161294147,2023,161294147,2,1,1,1,24,5,3,0,0,0,0,0,19,9,E01012955,3,1,0.0,1.0,-1,3,70,1,1,1,16:00,3,2,19
2023411273934,2023,411273934,2,1,1,1,17,4,3,0,0,0,0,0,2,1,E01015771,3,1,0.0,1.0,-1,6,30,2,1,2,13:15,2,2,2
2023010470403,2023,010470403,2,1,1,1,44,7,3,0,0,0,0,0,4,3,E01004573,-1,0,0.0,1.0,-1,6,20,1,1,1,16:15,6,2,4
2023440527330,2023,440527330,1,1,3,1,51,8,3,1,1,0,0,0,0,10,E01017062,-1,0,0.21418,0.78582,-1,7,70,4,4,2,18:30,4,1,9
2023010446571,2023,010446571,2,1,1,1,36,7,3,0,0,0,0,0,1,3,E01004446,-1,0,0.0,1.0,-1,6,20,1,1,1,15:43,6,2,1
2023122300460,2023,122300460,1,1,1,1,47,8,3,0,0,0,0,0,1,6,E01012261,-1,0,0.08709,0.91291,-1,6,30,1,1,2,15:14,7,2,1
2023010437518,2023,010437518,1,1,1,2,-1,-1,3,0,0,0,0,0,3,4,E01003914,-1,0,0.0,1.0,-1,3,20,1,1,1,17:50,6,2,3
2023461378068,2023,461378068,1,1,3,2,19,4,3,1,1,0,0,0,0,-1,-1,3,1,0.0,1.0,-1,6,30,9,7,1,19:17,2,1,9
202360A018751,2023,60A018751,1,1,3,1,23,5,2,6,9,0,0,0,0,-1,-1,-1,0,1.0,0.0,-1,6,30,1,4,1,18:00,3,1,4
2023522400303,2023,522400303,1,1,1,1,40,7,3,0,0,0,0,0,1,1,E01014585,-1,0,0.0366,0.9634,-1,6,20,1,1,1,14:00,4,2,1
2023461345156,2023,461345156,1,1,1,1,23,5,3,0,0,0,0,0,9,9,E01024791,3,1,0.0,1.0,-1,6,30,1,1,1,17:43,7,2,9
2023501360827,2023,501360827,1,1,2,1,55,8,3,0,0,1,0,0,9,10,E01019943,3,1,0.0,1.0,-1,6,50,1,4,1,20:55,1,2,9
2023131288300,2023,131288300,1,1,3,2,13,3,2,8,8,0,0,2,0,5,E01011269,7,1,1.0,0.0,-1,6,30,1,7,1,19:16,5,1,9
202360A188298,2023,60A188298,1,1,1,2,17,4,3,0,0,0,0,0,2,-1,-1,-1,0,0.1917,0.8083,-1,6,30,2,6,2,19:51,3,1,2
2023311305031,2023,311305031,1,1,1,1,21,5,3,0,0,0,0,0,4,10,E01028199,3,1,0.0,1.0,-1,6,30,1,1,1,19:29,1,2,4
2023010459144,2023,010459144,1,1,1,1,29,6,3,0,0,0,0,0,9,5,E01004451,-1,0,0.0,1.0,-1,6,30,1,4,1,04:07,1,2,9
2023041335903,2023,041335903,2,2,2,1,82,11,3,0,0,1,0,0,9,-1,-1,3,1,0.0,1.0,-1,6,30,2,1,2,10:15,2,2,9
2023052302073,2023,052302073,3,1,1,2,27,6,3,0,0,0,0,0,9,5,E01006853,-1,0,0.03175,0.96825,-1,3,30,1,1,1,18:15,1,3,9
2023122400032,2023,122400032,2,1,1,1,73,10,2,0,0,0,0,0,9,8,E01027859,-1,0,1.0,0.0,-1,6,30,1,1,1,09:46,6,2,9
2023161344426,2023,161344426,2,1,2,2,4,1,3,0,0,2,0,0,9,4,E01013146,3,1,0.0,1.0,-1,1,50,1,1,1,09:00,3,2,9
2023201431392,2023,201431392,2,1,1,2,63,9,3,0,0,0,0,0,9,1,E01009351,3,1,0.0,1.0,-1,6,30,2,4,2,18:54,1,2,9
2023461380186,2023,461380186,1,1,1,2,59,9,3,0,0,0,0,0,9,-1,-1,3,1,0.0,1.0,-1,6,50,2,1,2,10:05,7,3,9
2023520400645,2023,520400645,1,1,1,1,93,11,3,0,0,0,0,0,9,8,E01020495,-1,0,0.10429,0.89571,-1,6,60,1,1,1,13:51,5,2,9
2023211293724,2023,211293724,1,1,3,1,4,1,3,3,1,0,0,0,0,4,E01029715,3,1,0.0,1.0,-1,6,30,1,1,1,16:42,3,1,9
2023991289187,2023,991289187,1,1,3,2,13,3,3,5,4,0,0,0,0,1,-1,3,1,0.0,1.0,-1,6,20,1,1,2,17:00,3,1,9
2023010424009,2023,010424009,2,1,1,2,54,8,2,0,0,0,0,0,1,8,E01000311,-1,0,1.0,0.0,-1,3,30,1,1,1,10:04,7,2,1
2023311381722,2023,311381722,2,1,1,1,14,3,3,0,0,0,0,0,1,3,E01028027,3,1,0.0,1.0,-1,3,30,1,7,1,19:30,7,2,1
2023221390989,2023,221390989,2,1,1,1,19,4,3,0,0,0,0,0,1,5,E01032414,3,1,0.0,1.0,-1,6,30,1,1,2,16:30,2,2,1
2023010420795,2023,010420795,1,1,1,1,27,6,3,0,0,0,0,0,3,5,E01001988,-1,0,0.0,1.0,-1,6,20,1,1,1,13:30,4,2,3
2023010434373,2023,010434373,1,1,3,2,-1,-1,3,1,1,0,0,0,0,6,E01002555,-1,0,0.0,1.0,-1,6,30,9,1,1,19:30,1,1,9
2023010485651,2023,010485651,1,1,3,1,21,5,3,10,9,0,0,0,0,3,E01032784,-1,0,0.0,1.0,-1,7,20,4,4,1,21:23,6,1,9
2023010434387,2023,010434387,3,6,2,2,12,3,3,0,0,2,0,0,8,-1,-1,-1,0,0.0,1.0,-1,6,20,1,4,1,04:37,2,3,8
2023061316961,2023,061316961,1,1,3,2,35,6,3,5,1,0,0,0,0,3,E01004834,3,1,0.0,1.0,-1,6,30,1,1,1,12:15,4,1,9
2023302301798,2023,302301798,1,1,1,1,23,5,3,0,0,0,0,0,3,6,E01019815,-1,0,0.13186,0.86814,-1,6,30,1,1,1,10:30,7,2,3
2023010473273,2023,010473273,3,1,1,2,58,9,3,0,0,0,0,0,9,6,E01000259,-1,0,0.0,1.0,-1,1,40,2,1,2,15:35,7,3,9
2023201380507,2023,201380507,2,1,1,2,41,7,2,0,0,0,0,0,9,7,E01009975,5,1,1.0,0.0,-1,3,70,1,1,1,13:39,4,2,9
2023201413497,2023,201413497,1,1,1,2,77,11,3,0,0,0,0,0,9,8,E01009949,3,1,0.0,1.0,-1,6,30,8,1,1,15:54,7,2,9
2023547743823,2023,547743823,2,1,1,1,28,6,3,0,0,0,0,0,9,3,E01015527,-1,0,0.00793,0.99207,-1,6,30,1,1,1,17:26,1,2,9
2023010440526,2023,010440526,1,1,2,1,26,6,3,0,0,1,0,0,9,6,E01000166,-1,0,0.0,1.0,-1,3,40,1,1,1,12:55,2,1,9
2023010458221,2023,010458221,1,1,1,1,32,6,3,0,0,0,0,0,9,3,E01003575,-1,0,0.0,1.0,-1,9,30,1,1,1,08:50,2,2,9
2023071028669,2023,071028669,2,1,2,2,84,11,2,0,0,1,0,0,9,2,W01001079,-1,0,1.0,0.0,-1,3,70,1,1,1,15:24,5,3,9
2023430128453,2023,430128453,2,1,1,1,19,4,3,0,0,0,0,0,9,7,E01028713,-1,0,0.01977,0.98023,-1,6,60,1,1,1,14:00,4,2,9
2023631385331,2023,631385331,1,1,1,1,36,7,3,0,0,0,0,0,9,7,W01000430,3,1,0.0,1.0,-1,6,60,4,1,2,14:33,7,2,9
2023010436246,2023,010436246,2,2,2,2,39,7,3,0,0,1,0,0,9,3,E01015785,-1,0,0.0,1.0,-1,3,70,2,1,2,18:50,5,3,9
2023351404475,2023,351404475,2,2,1,1,20,4,3,0,0,0,0,0,9,2,E01015601,3,1,0.0,1.0,-1,6,30,1,4,1,21:03,5,2,9
2023411353948,2023,411353948,2,4,2,2,11,3,2,0,0,2,0,0,9,5,E01023643,5,1,1.0,0.0,-1,3,70,1,1,1,17:22,2,2,9
2023161379300,2023,161379300,1,1,1,1,40,7,2,0,0,0,0,0,1,2,E01012763,7,1,1.0,0.0,-1,6,30,1,1,1,12:30,4,2,1
2023552300224,2023,552300224,2,1,1,1,37,7,3,0,0,0,0,0,3,-1,-1,-1,0,0.14644,0.85356,-1,6,30,1,4,1,20:40,6,2,3
2023451361650,2023,451361650,2,3,1,2,54,8,3,0,0,0,0,0,9,7,E01030423,3,1,0.0,1.0,-1,6,30,1,1,1,16:28,3,2,9
2023101375800,2023,101375800,1,1,3,1,79,11,3,5,3,0,0,0,0,3,E01008187,3,1,0.0,1.0,-1,6,20,1,1,1,15:15,3,1,-1
2023451381635,2023,451381635,1,1,3,2,20,4,3,5,3,0,0,0,0,8,E01030409,3,1,0.0,1.0,-1,6,30,1,4,1,18:30,5,1,9
2023520000710,2023,520000710,1,1,3,2,55,8,3,8,8,0,0,0,0,9,E01014443,-1,0,0.13331,0.86669,-1,6,20,1,1,1,15:07,2,1,9
2023201415683,2023,201415683,2,1,2,1,15,3,2,0,0,0,0,0,2,1,E01010283,7,1,1.0,0.0,-1,6,30,1,1,1,14:16,5,2,2
2023600A06213,2023,600A06213,2,1,1,1,32,6,2,0,0,0,0,0,3,-1,-1,-1,0,1.0,0.0,-1,6,30,1,1,1,18:41,6,2,3
2023010433635,2023,010433635,2,1,1,1,29,6,3,0,0,0,0,0,3,3,E01002780,-1,0,0.0,1.0,-1,6,30,1,4,1,19:10,4,2,3
2023141391953,2023,141391953,1,1,1,2,46,8,3,0,0,0,0,0,9,-1,-1,3,1,0.0,1.0,-1,6,40,1,1,2,10:46,1,2,9
2023320098548,2023,320098548,1,2,1,2,19,4,3,0,0,0,0,0,9,3,E01026023,-1,0,0.01755,0.98245,-1,3,40,2,1,2,08:00,5,2,9
2023010432614,2023,010432614,1,1,3,1,32,6,3,1,9,0,0,0,0,5,E01002446,-1,0,0.0,1.0,-1,9,20,1,7,2,22:17,5,1,9
2023311375313,2023,311375313,1,2,3,2,14,3,3,5,1,0,0,0,0,1,E01013859,3,1,0.0,1.0,-1,3,30,1,1,1,11:00,7,1,9
2023101280147,2023,101280147,2,1,1,2,23,5,3,0,0,0,0,0,9,9,E01008498,3,1,0.0,1.0,-1,6,30,1,1,1,07:45,3,2,9
2023361375734,2023,361375734,2,4,2,2,45,7,3,0,0,2,0,0,9,3,E01026843,3,1,0.0,1.0,-1,6,30,1,1,1,12:26,4,2,9
2023430031108,2023,430031108,3,2,1,1,53,8,3,0,0,0,0,0,9,5,E01018947,-1,0,0.05183,0.94817,-1,3,70,1,1,4,11:21,7,4,9
2023010448440,2023,010448440,1,1,1,1,44,7,3,0,0,0,0,0,3,2,E01003297,-1,0,0.0,1.0,-1,6,30,1,4,1,00:30,2,2,3
2023461285216,2023,461285216,2,1,1,1,15,3,2,0,0,0,0,0,3,2,E01024741,7,1,1.0,0.0,-1,6,50,1,4,1,17:46,2,2,3
2023522300516,2023,522300516,2,1,1,1,14,3,2,0,0,0,0,0,3,7,E01014922,-1,0,1.0,0.0,-1,6,30,2,4,2,19:37,2,2,3
2023471342083,2023,471342083,1,1,3,1,31,6,2,9,8,0,0,2,0,9,E01030425,7,1,1.0,0.0,-1,6,40,1,1,1,18:35,3,1,9
2023061285376,2023,061285376,2,1,1,-1,66,10,3,0,0,0,0,0,1,4,E01006188,3,1,0.0,1.0,-1,6,30,2,1,2,13:17,2,2,1
202363D024323,2023,63D024323,1,1,1,1,55,8,2,0,0,0,0,0,5,8,W01000466,-1,0,1.0,0.0,-1,6,60,2,1,2,14:30,3,1,5
2023041331927,2023,041331927,1,1,3,2,53,8,3,6,9,0,0,0,0,8,E01024939,3,1,0.0,1.0,-1,6,30,1,1,1,13:00,4,1,19
2023302300303,2023,302300303,2,1,1,1,14,3,3,0,0,0,0,0,-1,3,E01013508,-1,0,0.11349,0.88651,-1,6,30,1,1,1,12:34,7,2,-1
2023010458199,2023,010458199,1,1,3,1,-1,-1,3,10,9,0,0,0,0,4,E01033320,-1,0,0.0,1.0,-1,6,30,1,1,1,13:16,2,1,3
2023471360438,2023,471360438,1,1,3,2,11,3,3,1,1,0,0,0,0,6,E01031468,3,1,0.0,1.0,-1,6,30,1,1,1,16:25,4,1,9
2023052300484,2023,052300484,2,1,1,1,28,6,3,0,0,0,0,0,1,1,E01007290,-1,0,0.08402,0.91598,-1,6,30,1,1,1,17:15,6,1,1
2023302301244,2023,302301244,1,1,1,1,56,9,3,0,0,0,0,0,1,2,E01028269,-1,0,0.18655,0.81345,-1,6,30,1,1,1,17:56,6,2,1
2023332300336,2023,332300336,1,1,1,1,45,7,3,0,0,0,0,0,1,8,E01025981,-1,0,0.02878,0.97122,-1,1,30,1,1,1,06:45,3,2,1
2023501371355,2023,501371355,2,1,1,2,39,7,3,0,0,0,0,0,1,5,E01020182,3,1,0.0,1.0,-1,6,30,5,4,2,19:22,2,2,1
2023501276055,2023,501276055,1,1,3,2,9,2,3,8,9,0,0,0,0,1,E01015087,3,1,0.0,1.0,-1,6,30,1,4,1,17:40,2,1,9
2023010436967,2023,010436967,2,1,1,1,49,8,2,0,0,0,0,0,1,6,E01004491,-1,0,1.0,0.0,-1,1,20,1,1,1,07:05,4,2,1
2023201397270,2023,201397270,1,1,3,1,10,2,3,1,3,0,0,0,0,1,E01010484,3,1,0.0,1.0,-1,6,30,1,1,4,13:59,6,1,9
2023991332297,2023,991332297,1,1,1,1,60,9,2,0,0,0,0,0,5,7,-1,6,1,1.0,0.0,-1,6,60,1,1,1,18:49,7,2,5
2023340WN1352,2023,340WN1352,2,1,1,2,28,6,3,0,0,0,0,0,9,6,E01027079,-1,0,0.00324,0.99676,-1,6,60,3,1,3,07:52,5,2,9
2023501350920,2023,501350920,1,3,2,1,85,11,3,0,0,0,4,0,11,6,E01028413,3,1,0.0,1.0,-1,6,30,1,1,1,15:20,2,2,11
2023440328592,2023,440328592,2,1,1,1,24,5,2,0,0,0,0,0,1,4,E01023068,-1,0,1.0,0.0,-1,6,30,1,1,1,19:07,2,2,1
2023471321405,2023,471321405,1,1,3,2,68,10,2,9,7,0,0,2,0,2,E01031361,5,1,1.0,0.0,-1,7,70,1,1,1,05:25,5,1,98
2023131316572,2023,131316572,1,1,2,2,56,9,3,0,0,2,0,0,9,-1,-1,3,1,0.0,1.0,-1,3,70,1,1,1,11:51,2,2,9
2023351372092,2023,351372092,2,1,1,1,34,6,3,0,0,0,0,0,1,2,E01017948,3,1,0.0,1.0,-1,1,30,1,4,1,18:30,3,2,1
2023371314402,2023,371314402,2,1,1,2,27,6,3,0,0,0,0,0,1,5,E01030174,3,1,0.0,1.0,-1,6,40,1,1,1,15:30,6,2,1
2023122300897,2023,122300897,1,1,3,2,84,11,2,1,1,0,0,0,0,-1,-1,-1,0,1.0,0.0,-1,6,30,1,1,1,19:52,2,1,9
2023430379364,2023,430379364,1,1,3,2,75,10,2,5,3,0,0,0,0,-1,-1,-1,0,1.0,0.0,-1,6,40,1,1,1,13:53,5,1,9
2023010466468,2023,010466468,2,1,1,2,19,4,3,0,0,0,0,0,2,8,E01033338,-1,0,0.0,1.0,-1,6,20,1,1,1,18:00,7,2,2
2023010480156,2023,010480156,1,2,3,-1,5,1,3,5,2,0,0,0,0,4,E01001173,-1,0,0.0,1.0,-1,9,20,8,1,1,13:00,7,1,9
2023161334230,2023,161334230,1,1,3,2,28,6,3,6,7,0,0,0,0,6,E01013169,3,1,0.0,1.0,-1,6,30,1,1,1,11:57,6,1,3
2023010486661,2023,010486661,1,1,1,1,36,7,3,0,0,0,0,0,1,8,E01004054,-1,0,0.0,1.0,-1,6,20,1,1,1,13:10,6,2,1
2023461266541,2023,461266541,1,2,2,1,27,6,2,0,0,0,0,0,4,4,E01016130,7,1,1.0,0.0,-1,6,30,1,4,2,22:12,4,2,4
2023061314329,2023,061314329,1,1,3,1,36,7,3,10,8,0,0,2,0,2,E01005670,3,1,0.0,1.0,-1,6,20,1,1,1,20:15,6,1,9
2023010469093,2023,010469093,1,1,3,1,13,3,3,10,9,0,0,0,0,-1,-1,-1,0,0.0,1.0,-1,6,30,1,4,9,19:48,6,1,97
2023430132472,2023,430132472,1,1,3,1,43,7,3,5,3,0,0,0,0,4,E01016391,-1,0,0.1457,0.8543,-1,6,30,1,1,1,14:00,7,1,9
2023010435327,2023,010435327,1,1,1,1,26,6,3,0,0,0,0,0,3,6,E01000513,-1,0,0.0,1.0,-1,9,20,1,1,1,16:00,4,2,3
2023010458305,2023,010458305,1,1,1,1,37,7,3,0,0,0,0,0,3,10,E01021284,-1,0,0.0,1.0,-1,3,30,1,1,1,09:15,3,2,3
2023010432188,2023,010432188,2,1,1,1,30,6,2,0,0,0,0,0,5,4,E01030816,-1,0,1.0,0.0,-1,6,30,1,1,1,15:34,3,2,5
2023010429587,2023,010429587,2,1,3,-1,12,3,3,10,9,0,0,0,0,10,E01002920,-1,0,0.0,1.0,-1,6,20,8,1,1,08:35,3,2,9
2023010439273,2023,010439273,1,1,1,1,30,6,3,0,0,0,0,0,3,3,E01003533,-1,0,0.0,1.0,-1,3,30,9,4,2,22:14,2,1,3
2023010446003,2023,010446003,1,1,2,2,30,6,3,0,0,0,2,0,11,-1,-1,-1,0,0.0,1.0,-1,6,30,1,1,1,13:19,3,1,11
2023361330216,2023,361330216,2,2,1,1,31,6,3,0,0,0,0,0,9,4,E01026458,3,1,0.0,1.0,-1,6,60,2,1,2,13:22,2,2,9
2023461383995,2023,461383995,1,1,1,1,32,6,3,0,0,0,0,0,9,6,E01023985,3,1,0.0,1.0,-1,6,60,1,4,1,22:52,1,2,9
2023501305955,2023,501305955,2,1,1,1,57,9,3,0,0,0,0,0,9,8,E01019966,3,1,0.0,1.0,-1,6,30,1,1,1,18:22,4,2,9
202354C791223,2023,54C791223,2,1,1,1,32,6,3,0,0,0,0,0,9,9,E01015471,-1,0,0.01581,0.98419,-1,6,30,1,1,2,14:07,7,3,9
2023610008123,2023,610008123,1,1,1,1,39,7,3,0,0,0,0,0,9,10,W01001533,-1,0,0.09191,0.90809,-1,6,50,1,1,1,08:18,4,2,9
2023010432930,2023,010432930,2,2,2,2,29,6,3,0,0,0,4,0,11,2,E01003947,-1,0,0.0,1.0,-1,6,20,1,1,1,15:45,7,2,11
202363A031223,2023,63A031223,3,3,1,1,50,8,3,0,0,0,0,0,9,-1,-1,-1,0,0.0285,0.9715,-1,3,40,1,1,1,12:04,1,3,9
2023991288146,2023,991288146,1,1,1,1,22,5,3,0,0,0,0,0,9,6,-1,3,1,0.0,1.0,-1,6,60,1,1,1,11:05,7,1,9
2023340NN9032,2023,340NN9032,1,1,1,1,23,5,1,0,0,0,0,0,9,7,E01027216,-1,0,0.0,0.0,-1,3,60,1,6,2,19:40,7,4,9
2023411313031,2023,411313031,1,2,1,1,88,11,3,0,0,0,0,0,9,10,E01023966,3,1,0.0,1.0,-1,6,40,1,1,1,13:37,4,2,9
2023351318052,2023,351318052,1,1,3,1,56,9,2,5,3,0,0,0,0,5,E01015688,7,1,1.0,0.0,-1,6,30,2,4,2,21:00,7,1,9
2023201389403,2023,201389403,2,1,1,1,52,8,3,0,0,0,0,0,1,2,E01009934,3,1,0.0,1.0,-1,6,30,1,1,1,15:45,2,2,1
2023010440954,2023,010440954,1,1,1,1,20,4,3,0,0,0,0,0,4,-1,-1,-1,0,0.0,1.0,-1,3,50,1,1,1,14:07,4,2,4
2023010435385,2023,010435385,1,1,1,1,23,5,3,0,0,0,0,0,3,4,E01002088,-1,0,0.0,1.0,-1,3,20,1,1,1,17:45,5,2,3
2023010452524,2023,010452524,1,1,3,2,14,3,3,10,9,0,0,0,0,8,E01000320,-1,0,0.0,1.0,-1,2,30,1,1,1,14:35,6,1,9
2023430324505,2023,430324505,1,1,3,1,10,2,3,5,3,0,0,0,0,7,E01016221,-1,0,0.12403,0.87597,-1,6,30,1,1,1,16:05,6,1,9
2023311362927,2023,311362927,1,1,1,1,19,4,3,0,0,0,0,0,-1,-1,-1,3,1,0.0,1.0,-1,6,40,1,4,1,18:40,7,2,-1
2023010481670,2023,010481670,1,1,1,2,21,5,3,0,0,0,0,0,9,6,E01002126,-1,0,0.0,1.0,-1,6,30,1,1,1,15:00,7,2,9
2023131372472,2023,131372472,1,1,3,1,13,3,3,5,3,0,0,2,0,7,E01011442,3,1,0.0,1.0,-1,6,30,1,7,2,18:35,3,1,9
2023546604823,2023,546604823,1,1,3,1,58,9,3,9,9,0,0,0,0,4,E01031895,-1,0,0.0827,0.9173,-1,6,50,1,1,1,10:50,6,2,9
2023010476551,2023,010476551,1,1,1,1,23,5,2,0,0,0,0,0,1,2,E01004242,-1,0,1.0,0.0,-1,6,20,1,4,1,20:05,3,2,1
2023010431367,2023,010431367,1,1,1,1,33,6,3,0,0,0,0,0,4,2,E01002033,-1,0,0.0,1.0,-1,6,20,1,1,2,14:54,5,2,4
2023061280493,2023,061280493,1,2,2,1,18,4,3,0,0,2,0,0,9,-1,-1,3,1,0.0,1.0,-1,6,30,1,4,1,23:39,6,3,9
2023430032575,2023,430032575,1,1,1,2,-1,-1,3,0,0,0,0,0,9,10,E01030375,-1,0,0.00705,0.99295,-1,6,30,1,1,2,15:54,1,2,9
2023440200744,2023,440200744,2,1,1,1,24,5,3,0,0,0,0,0,9,6,E01032844,-1,0,0.05629,0.94371,-1,6,30,1,1,1,16:55,1,2,9
2023440482384,2023,440482384,2,1,1,1,42,7,3,0,0,0,0,0,9,7,E01022584,-1,0,0.02274,0.97726,-1,6,30,1,1,1,08:16,7,2,9
2023471269002,2023,471269002,2,2,1,2,69,10,2,0,0,0,0,0,9,5,E01021195,5,1,1.0,0.0,-1,6,30,1,1,1,17:05,6,2,9
202363D036223,2023,63D036223,1,2,2,1,74,10,3,0,0,0,4,0,11,-1,-1,-1,0,0.09135,0.90865,-1,6,20,1,1,1,08:35,3,1,11
2023501299868,2023,501299868,2,3,2,2,63,9,3,0,0,0,0,0,19,4,E01018781,3,1,0.0,1.0,-1,3,70,1,1,1,07:55,1,2,19
2023010419645,2023,010419645,3,3,1,1,44,7,3,0,0,0,0,0,9,10,E01000756,-1,0,0.0,1.0,-1,6,30,1,1,1,15:23,4,5,9
2023010464376,2023,010464376,1,1,1,2,35,6,3,0,0,0,0,0,9,1,E01002081,-1,0,0.0,1.0,-1,3,20,1,1,1,08:20,4,2,9