collision_index,collision_year,collision_ref_no,vehicle_reference,casualty_reference,casualty_class,sex_of_casualty,age_of_casualty,age_band_of_casualty,casualty_severity,pedestrian_location,pedestrian_movement,car_passenger,bus_or_coach_passenger,pedestrian_road_maintenance_worker,casualty_type,casualty_imd_decile,lsoa_of_casualty,enhanced_casualty_severity,casualty_injury_based,casualty_adjusted_severity_serious,casualty_adjusted_severity_slight,casualty_distance_banding,road_type,speed_limit,weather_conditions,light_conditions,road_surface_conditions,time,day_of_week,number_of_vehicles,vehicle_type
2023471311189,2023,471311189,1,4,2,1,23,5,3,0,0,2,0,0,9,4,E01017071,3,1,0.0,1.0,-1,6,60,1,6,1,21:58,7,1,9
2023052300475,2023,052300475,1,1,3,1,14,3,3,5,2,0,0,0,0,1,E01006720,-1,0,0.2014,0.7986,-1,3,40,1,4,1,18:25,7,1,19
2023010457497,2023,010457497,1,1,2,2,-1,-1,3,0,0,2,0,0,8,3,E01001327,-1,0,0.0,1.0,-1,3,60,1,1,1,13:39,3,1,8
2023211276028,2023,211276028,2,1,1,1,55,8,3,0,0,0,0,0,1,5,E01014225,3,1,0.0,1.0,-1,6,30,1,1,1,15:40,2,2,1
2023010475466,2023,010475466,1,4,3,2,27,6,3,6,9,0,0,0,0,10,E01003846,-1,0,0.0,1.0,-1,6,20,2,1,2,09:52,5,2,19
2023031392576,2023,031392576,1,4,3,1,29,6,2,7,5,0,0,0,0,-1,-1,5,1,1.0,0.0,-1,3,70,6,6,2,20:40,4,2,9
2023010443384,2023,010443384,1,1,3,1,59,9,2,10,9,0,0,0,0,7,E01001346,-1,0,1.0,0.0,-1,6,30,1,4,1,23:04,3,1,9
2023351390600,2023,351390600,1,1,1,2,45,7,3,0,0,0,0,0,19,6,E01018182,3,1,0.0,1.0,-1,6,50,7,1,2,09:28,7,3,19
2023361347181,2023,361347181,2,2,2,1,19,4,3,0,0,0,0,0,19,7,E01026240,3,1,0.0,1.0,-1,6,60,1,1,1,06:16,5,2,19
202360A133752,2023,60A133752,2,1,1,1,-1,-1,2,0,0,0,0,0,5,-1,-1,-1,0,1.0,0.0,-1,6,30,1,1,1,08:25,2,2,5
2023351390100,2023,351390100,1,1,3,2,38,7,2,5,9,0,0,-1,0,10,E01018116,7,1,1.0,0.0,-1,1,50,8,1,-1,09:20,2,1,9
2023471289660,2023,471289660,1,1,3,2,29,6,2,5,3,0,0,0,0,5,E01028859,7,1,1.0,0.0,-1,3,30,2,4,2,21:25,4,1,9
2023302301009,2023,302301009,2,2,1,1,64,9,3,0,0,0,0,0,1,4,E01028130,-1,0,0.19468,0.80532,-1,6,30,1,1,1,09:42,1,3,1
2023010472173,2023,010472173,1,1,1,1,26,6,3,0,0,0,0,0,3,2,E01003540,-1,0,0.0,1.0,-1,6,20,2,4,2,19:50,6,2,3
2023421389291,2023,421389291,2,2,1,1,58,9,2,0,0,0,0,0,3,7,E01015979,7,1,1.0,0.0,-1,3,50,1,1,1,11:56,1,2,3
2023010420050,2023,010420050,1,1,3,1,33,6,3,9,5,0,0,0,0,-1,-1,-1,0,0.0,1.0,-1,6,30,1,4,1,02:19,7,1,8
2023010465213,2023,010465213,1,1,3,2,32,6,3,1,1,0,0,0,0,2,E01004023,-1,0,0.0,1.0,-1,3,30,1,4,1,20:35,1,1,97
2023131329933,2023,131329933,1,1,3,1,24,5,2,5,1,0,0,2,0,3,E01033690,7,1,1.0,0.0,-1,3,30,2,1,2,17:05,7,1,90
2023421316622,2023,421316622,1,2,3,2,72,10,3,10,9,0,0,2,0,-1,-1,3,1,0.0,1.0,-1,6,30,1,1,1,12:45,3,1,9
2023461272385,2023,461272385,1,1,3,2,62,9,3,4,2,0,0,0,0,1,E01024610,3,1,0.0,1.0,-1,6,30,1,1,2,11:35,5,1,9
2023141320212,2023,141320212,1,1,1,1,49,8,3,0,0,0,0,0,1,-1,-1,3,1,0.0,1.0,-1,6,20,1,1,2,11:10,1,2,1
2023332301022,2023,332301022,2,1,1,1,13,3,2,0,0,0,0,0,1,5,E01025670,-1,0,1.0,0.0,-1,6,60,1,6,2,19:25,2,2,1
2023010441616,2023,010441616,2,1,1,2,41,7,2,0,0,0,0,0,5,8,E01001967,-1,0,1.0,0.0,-1,6,20,1,1,1,10:54,1,2,5
2023141391870,2023,141391870,2,4,2,1,22,5,3,0,0,2,0,0,9,-1,-1,3,1,0.0,1.0,-1,3,40,4,4,2,21:15,7,2,9
2023161311176,2023,161311176,1,1,1,1,53,8,3,0,0,0,0,0,9,1,E01013208,3,1,0.0,1.0,-1,9,30,1,1,1,18:38,4,2,9
2023411275525,2023,411275525,2,1,1,1,30,6,3,0,0,0,0,0,9,8,E01023837,3,1,0.0,1.0,-1,1,30,1,1,-1,17:34,5,2,9
2023421321130,2023,421321130,1,1,1,2,38,7,3,0,0,0,0,0,9,2,E01015899,3,1,0.0,1.0,-1,6,30,1,1,1,07:56,4,3,9
2023440080244,2023,440080244,2,1,2,1,9,2,3,0,0,2,0,0,9,2,E01017153,-1,0,0.03997,0.96003,-1,6,30,1,1,1,08:39,2,2,9
2023543941823,2023,543941823,1,2,2,1,30,6,3,0,0,1,0,0,9,5,E01032530,-1,0,0.09307,0.90693,-1,6,60,2,6,2,21:15,6,1,9
2023041393580,2023,041393580,1,1,1,2,30,6,2,0,0,0,0,0,9,4,E01017903,6,1,1.0,0.0,-1,3,70,2,6,2,19:29,1,1,9
2023340NN3392,2023,340NN3392,2,2,1,2,23,5,3,0,0,0,0,0,9,7,E01027354,-1,0,0.06008,0.93992,-1,6,60,1,1,1,13:10,7,2,9
2023340WN2692,2023,340WN2692,2,2,2,1,18,4,3,0,0,1,0,0,9,3,E01026988,-1,0,0.04086,0.95914,-1,6,30,1,1,1,19:40,5,2,9
2023552300727,2023,552300727,1,1,2,2,87,11,2,0,0,1,0,0,9,3,E01015289,-1,0,1.0,0.0,-1,7,50,1,1,1,11:48,1,1,9
2023010446015,2023,010446015,2,1,2,-1,-1,-1,3,0,0,1,0,0,9,-1,-1,-1,0,0.0,1.0,-1,6,30,1,1,1,19:06,1,2,9
2023041265146,2023,041265146,2,1,1,1,25,5,3,0,0,0,0,0,9,9,E01025451,3,1,0.0,1.0,-1,6,60,1,4,2,18:00,4,2,9
2023471349949,2023,471349949,1,1,2,1,43,7,3,0,0,1,0,0,9,4,E01031443,3,1,0.0,1.0,-1,6,30,1,4,1,02:45,5,3,9
2023010465992,2023,010465992,1,2,2,2,38,7,3,0,0,0,3,0,11,2,E01004404,-1,0,0.0,1.0,-1,6,30,1,1,1,17:25,5,2,11
2023101355455,2023,101355455,1,1,2,1,17,4,2,0,0,2,0,0,9,8,E01027370,7,1,1.0,0.0,-1,6,50,1,1,1,11:43,6,1,9
2023501292572,2023,501292572,1,1,1,1,61,9,3,0,0,0,0,0,9,9,E01019958,3,1,0.0,1.0,-1,3,70,5,1,2,10:20,6,1,9
2023991327459,2023,991327459,1,1,1,2,19,4,3,0,0,0,0,0,9,2,-1,3,1,0.0,1.0,-1,3,70,1,1,1,11:04,1,2,9
2023101371306,2023,101371306,2,1,2,1,6,2,3,0,0,2,0,0,9,5,E01008346,3,1,0.0,1.0,-1,1,70,1,4,2,19:00,6,2,9
2023411339089,2023,411339089,2,2,1,2,81,11,1,0,0,0,0,0,9,8,E01023511,1,1,0.0,0.0,-1,6,50,2,1,2,12:40,7,2,9
2023531305025,2023,531305025,2,3,2,2,13,3,3,0,0,2,0,0,9,8,E01022213,3,1,0.0,1.0,-1,6,50,1,1,1,13:55,1,2,9
2023552300655,2023,552300655,2,3,2,2,34,6,3,0,0,2,0,0,9,3,E01015359,-1,0,0.04802,0.95198,-1,1,60,1,1,1,21:32,7,2,9
2023041304459,2023,041304459,1,1,1,1,46,8,3,0,0,0,0,0,9,1,E01025493,3,1,0.0,1.0,-1,6,30,1,1,1,12:19,5,2,9
2023522400319,2023,522400319,2,1,1,2,50,8,3,0,0,0,0,0,9,5,E01014861,-1,0,0.01608,0.98392,-1,1,40,1,1,1,08:22,5,2,9
2023010461067,2023,010461067,1,1,1,2,60,9,3,0,0,0,0,0,9,-1,-1,-1,0,0.0,1.0,-1,6,20,1,1,1,17:20,5,2,9
2023052301341,2023,052301341,1,1,1,1,40,7,2,0,0,0,0,0,9,1,E01007293,-1,0,1.0,0.0,-1,3,30,1,4,1,00:25,6,1,9
2023520301213,2023,520301213,1,1,1,1,42,7,3,0,0,0,0,0,9,-1,-1,-1,0,0.07456,0.92544,-1,1,60,2,4,2,21:45,7,1,9
2023991274037,2023,991274037,1,1,1,2,29,6,3,0,0,0,0,0,9,1,-1,3,1,0.0,1.0,-1,6,20,1,1,1,14:45,4,2,9
2023201402767,2023,201402767,1,1,1,2,49,8,2,0,0,0,0,0,9,4,E01009766,6,1,1.0,0.0,-1,6,30,1,1,1,13:46,1,2,9
2023010475113,2023,010475113,1,1,3,1,53,8,3,5,3,0,0,0,0,3,E01000929,-1,0,0.0,1.0,-1,2,20,1,1,1,13:07,3,1,9
2023141346556,2023,141346556,2,1,1,1,13,3,2,0,0,0,0,0,-1,2,E01007965,7,1,1.0,0.0,-1,3,30,1,1,1,19:25,3,2,-1
2023041318703,2023,041318703,1,1,3,1,19,4,3,5,1,0,0,0,0,1,E01024878,3,1,0.0,1.0,-1,6,30,1,1,1,17:51,6,1,9
2023201382199,2023,201382199,1,1,3,1,12,3,3,5,4,0,0,0,0,1,E01009355,3,1,0.0,1.0,-1,6,30,1,1,2,17:01,5,1,9
2023501285911,2023,501285911,3,2,1,1,16,4,2,0,0,0,0,0,2,4,E01018969,7,1,1.0,0.0,-1,6,60,2,1,2,16:35,1,3,2
2023161354925,2023,161354925,1,1,1,1,38,7,3,0,0,0,0,0,1,6,E01012771,3,1,0.0,1.0,-1,3,30,9,1,1,13:00,6,2,1
2023501317267,2023,501317267,2,1,1,1,43,7,2,0,0,0,0,0,5,4,E01019073,7,1,1.0,0.0,-1,6,60,1,1,1,11:00,7,2,5
2023041321867,2023,041321867,1,1,3,2,14,3,3,10,3,0,0,0,0,1,E01012698,3,1,0.0,1.0,-1,6,30,1,1,1,15:30,5,1,9
2023131373554,2023,131373554,2,2,2,1,13,3,3,0,0,1,0,0,9,1,E01011431,3,1,0.0,1.0,-1,3,70,2,7,2,17:30,5,2,9
2023340WN0342,2023,340WN0342,2,1,1,2,57,9,3,0,0,0,0,0,9,8,E01018341,-1,0,0.00642,0.99358,-1,3,70,2,7,2,16:55,2,2,9
2023010466516,2023,010466516,2,1,1,1,19,4,2,0,0,0,0,0,3,2,E01001971,-1,0,1.0,0.0,-1,3,30,1,4,1,20:25,7,2,3
2023411291336,2023,411291336,2,1,1,2,32,6,3,0,0,0,0,0,9,10,E01017727,3,1,0.0,1.0,-1,3,70,2,1,2,08:30,4,2,9
2023520400810,2023,520400810,1,1,1,2,69,10,2,0,0,0,0,0,22,1,E01029106,-1,0,1.0,0.0,-1,6,30,2,1,2,15:50,5,1,22
2023010419457,2023,010419457,1,1,1,2,26,6,3,0,0,0,0,0,9,2,E01001010,-1,0,0.0,1.0,-1,9,20,9,1,9,12:20,3,2,9
2023010445279,2023,010445279,2,4,1,1,31,6,3,0,0,0,0,0,9,2,E01000057,-1,0,0.0,1.0,-1,3,40,1,1,1,13:55,6,3,9
2023141319596,2023,141319596,1,1,2,2,20,4,3,0,0,1,0,0,9,7,E01007683,3,1,0.0,1.0,-1,6,30,1,1,1,20:50,6,2,9
2023401286096,2023,401286096,2,1,1,1,19,4,3,0,0,0,0,0,-1,6,E01015766,3,1,0.0,1.0,-1,1,30,2,4,2,21:03,5,2,-1
2023141332342,2023,141332342,2,1,1,1,28,6,3,0,0,0,0,0,97,2,E01007491,3,1,0.0,1.0,-1,6,30,1,1,1,15:00,5,2,97
2023340WN6742,2023,340WN6742,2,1,1,2,49,8,3,0,0,0,0,0,9,7,E01026987,-1,0,0.01091,0.98909,-1,6,30,1,4,1,17:20,5,2,9
2023522400749,2023,522400749,1,1,1,2,23,5,3,0,0,0,0,0,9,3,E01014572,-1,0,0.01886,0.98114,-1,6,20,1,1,1,12:17,4,2,9
2023041280645,2023,041280645,1,1,3,1,23,5,2,8,1,0,0,0,0,2,E01025244,7,1,1.0,0.0,-1,6,20,1,4,1,23:07,5,1,9
2023311263116,2023,311263116,1,1,3,2,61,9,3,6,9,0,0,0,0,10,E01028393,3,1,0.0,1.0,-1,1,30,2,4,2,16:35,6,2,9
2023421296203,2023,421296203,1,1,3,2,21,5,2,6,9,0,0,0,0,1,E01015897,7,1,1.0,0.0,-1,6,30,1,1,2,13:00,4,1,9
202354D236423,2023,54D236423,1,1,3,2,87,11,3,1,3,0,0,0,0,7,E01031974,-1,0,0.18866,0.81134,-1,1,30,1,1,1,09:13,5,1,9
2023471306639,2023,471306639,1,1,1,1,23,5,3,0,0,0,0,0,3,1,E01016866,3,1,0.0,1.0,-1,6,20,2,1,2,18:50,2,2,3
2023010458857,2023,010458857,2,1,1,2,49,8,3,0,0,0,0,0,9,1,E01033585,-1,0,0.0,1.0,-1,3,30,1,1,1,11:40,6,2,9
2023340WN0912,2023,340WN0912,1,1,1,2,19,4,3,0,0,0,0,0,9,6,E01032968,-1,0,0.10767,0.89233,-1,6,60,1,1,2,15:30,6,1,9
2023361387133,2023,361387133,2,1,1,1,40,7,3,0,0,0,0,0,9,5,E01026866,3,1,0.0,1.0,-1,6,30,8,4,2,18:20,2,2,9
2023411279283,2023,411279283,1,1,1,2,54,8,3,0,0,0,0,0,9,2,E01015787,3,1,0.0,1.0,-1,6,30,1,1,1,14:15,2,3,9
2023451303645,2023,451303645,1,1,1,1,79,11,2,0,0,0,0,0,9,6,E01030912,7,1,1.0,0.0,-1,6,30,1,1,1,12:15,4,3,9
2023451325059,2023,451325059,1,1,1,1,25,5,3,0,0,0,0,0,9,10,E01030642,3,1,0.0,1.0,-1,6,30,1,1,1,17:30,6,2,9
2023461328072,2023,461328072,3,2,1,2,64,9,3,0,0,0,0,0,9,10,E01016091,3,1,0.0,1.0,-1,3,50,1,1,1,16:20,5,3,9
2023430150800,2023,430150800,2,1,1,1,68,10,3,0,0,0,0,0,9,6,E01033525,-1,0,0.01737,0.98263,-1,6,30,1,1,1,09:32,5,2,9
2023610012423,2023,610012423,2,2,2,2,34,6,3,0,0,1,0,0,9,3,W01001546,-1,0,0.12538,0.87462,-1,6,60,2,1,2,17:42,6,3,9
2023991293795,2023,991293795,1,4,2,1,21,5,2,0,0,2,0,0,9,1,-1,6,1,1.0,0.0,-1,6,60,1,1,2,14:00,6,2,9
2023461364630,2023,461364630,1,1,1,1,43,7,3,0,0,0,0,0,9,9,E01024145,3,1,0.0,1.0,-1,6,30,1,1,2,09:10,6,2,9
2023552301390,2023,552301390,2,1,1,1,69,10,2,0,0,0,0,0,9,7,E01020542,-1,0,1.0,0.0,-1,6,60,1,1,1,18:31,5,3,9
2023141330789,2023,141330789,1,1,3,1,42,7,2,10,9,0,0,2,0,1,E01007509,7,1,1.0,0.0,-1,6,30,1,4,1,23:25,3,1,9
2023451312202,2023,451312202,1,1,1,1,28,6,2,0,0,0,0,0,4,9,E01003872,7,1,1.0,0.0,-1,6,30,1,1,1,20:05,7,2,4
2023461313671,2023,461313671,1,1,1,1,62,9,2,0,0,0,0,0,90,6,E01016113,5,1,1.0,0.0,-1,6,30,1,4,1,22:58,3,3,90
2023471303926,2023,471303926,1,1,3,2,69,10,3,9,7,0,0,0,0,1,E01016885,3,1,0.0,1.0,-1,6,20,1,1,1,11:00,5,1,9
2023371337482,2023,371337482,1,1,2,1,4,1,3,0,0,1,0,0,9,6,E01030091,3,1,0.0,1.0,-1,6,30,1,1,1,11:15,1,2,9
2023010441300,2023,010441300,1,1,1,1,50,8,3,0,0,0,0,0,1,7,E01004585,-1,0,0.0,1.0,-1,6,20,1,1,2,12:05,6,2,1
2023141294388,2023,141294388,2,1,1,1,39,7,2,0,0,0,0,0,1,3,E01007538,7,1,1.0,0.0,-1,6,30,1,1,1,11:50,5,2,1
2023122300932,2023,122300932,1,1,1,1,17,4,3,0,0,0,0,0,9,7,E01027585,-1,0,0.12572,0.87428,-1,6,60,2,1,2,05:15,4,1,9
2023131304181,2023,131304181,2,1,1,2,65,9,2,0,0,0,0,0,9,5,E01011197,6,1,1.0,0.0,-1,6,50,1,1,1,16:17,3,2,9
2023201440611,2023,201440611,2,4,2,2,55,8,3,0,0,1,0,0,9,1,E01010416,3,1,0.0,1.0,-1,6,30,1,1,1,14:15,7,3,9
2023320181946,2023,320181946,2,1,2,1,67,10,3,0,0,2,0,0,9,8,E01026212,-1,0,0.10494,0.89506,-1,6,60,1,4,2,20:30,7,2,9
2023552300762,2023,552300762,2,1,1,2,77,11,2,0,0,0,0,0,9,4,E01004468,-1,0,1.0,0.0,-1,6,50,1,1,1,16:07,4,2,9
2023522300753,2023,522300753,2,1,1,2,-1,-1,3,0,0,0,0,0,-1,-1,-1,-1,0,0.01233,0.98767,-1,2,30,9,4,-1,20:30,7,2,-1
2023201315332,2023,201315332,2,1,1,2,47,8,3,0,0,0,0,0,9,1,E01009360,3,1,0.0,1.0,-1,6,30,1,1,1,19:28,3,2,9
2023311265123,2023,311265123,2,2,1,1,42,7,3,0,0,0,0,0,9,9,E01027992,3,1,0.0,1.0,-1,3,70,1,4,2,17:14,4,2,9
2023010435459,2023,010435459,1,1,1,-1,51,8,3,0,0,0,0,0,9,4,E01003056,-1,0,0.0,1.0,-1,9,30,9,1,9,15:30,7,2,9
2023122300346,2023,122300346,2,2,2,2,27,6,3,0,0,1,0,0,9,2,E01027825,-1,0,0.01512,0.98488,-1,6,30,1,1,1,13:09,5,2,9
2023430119230,2023,430119230,1,1,1,1,40,7,3,0,0,0,0,0,9,4,E01016512,-1,0,0.02463,0.97537,-1,6,30,1,1,2,11:12,6,2,9
2023141367187,2023,141367187,2,1,1,1,73,10,1,0,0,0,0,0,22,7,E01007356,1,1,0.0,0.0,-1,6,30,2,6,2,07:33,5,2,22
2023421317086,2023,421317086,2,2,1,1,35,6,3,0,0,0,0,0,9,2,E01021711,3,1,0.0,1.0,-1,6,50,1,1,1,11:00,7,3,9
2023461377286,2023,461377286,1,1,1,2,71,10,3,0,0,0,0,0,9,-1,-1,3,1,0.0,1.0,-1,6,60,1,5,1,17:15,3,2,9
2023461304305,2023,461304305,1,1,2,2,63,9,3,0,0,-1,0,0,9,6,E01024096,3,1,0.0,1.0,-1,1,30,1,1,1,14:24,7,2,9
2023501360509,2023,501360509,2,1,1,1,68,10,3,0,0,0,0,0,9,8,E01019913,3,1,0.0,1.0,-1,6,30,1,1,1,11:25,7,3,9
2023010460948,2023,010460948,1,1,1,1,25,5,3,0,0,0,0,0,9,3,E01001338,-1,0,0.0,1.0,-1,7,30,8,1,1,17:25,2,2,9
2023170S31163,2023,170S31163,3,4,2,2,61,9,3,0,0,1,0,0,9,1,E01012083,-1,0,0.10174,0.89826,-1,6,40,1,1,1,20:35,1,3,9
2023201365661,2023,201365661,1,1,1,1,45,7,3,0,0,0,0,0,9,2,E01009050,3,1,0.0,1.0,-1,7,50,4,1,1,11:28,2,2,9
2023201410182,2023,201410182,1,2,2,2,52,8,3,0,0,1,0,0,9,-1,-1,3,1,0.0,1.0,-1,6,30,5,4,2,17:16,7,3,9
2023430537512,2023,430537512,1,2,2,2,33,6,3,0,0,1,0,0,9,6,E01017911,-1,0,0.00256,0.99744,-1,6,30,8,1,2,15:00,4,2,9
2023201339242,2023,201339242,2,7,2,1,70,10,3,0,0,0,4,0,11,1,E01033645,3,1,0.0,1.0,-1,6,30,1,1,1,13:03,4,2,11
2023010433307,2023,010433307,1,1,3,1,11,3,3,1,1,0,0,0,0,2,E01001931,-1,0,0.0,1.0,-1,6,20,9,1,9,08:52,5,1,9
2023010420448,2023,010420448,1,1,1,1,23,5,3,0,0,0,0,0,9,10,E01003813,-1,0,0.0,1.0,-1,6,20,1,4,1,18:11,2,2,9
2023010471911,2023,010471911,1,2,2,2,14,3,3,0,0,1,0,0,9,5,E01021810,-1,0,0.0,1.0,-1,6,20,8,1,1,17:25,6,2,9
2023131307377,2023,131307377,2,1,1,1,18,4,3,0,0,0,0,0,9,3,E01011222,3,1,0.0,1.0,-1,6,30,1,1,1,16:10,7,2,9
2023201326226,2023,201326226,1,1,1,1,59,9,3,0,0,0,0,0,9,1,E01008909,3,1,0.0,1.0,-1,6,30,1,1,2,15:20,7,2,9
2023552300293,2023,552300293,1,1,1,2,46,8,3,0,0,0,0,0,9,1,E01020552,-1,0,0.04743,0.95257,-1,6,60,1,1,1,08:43,6,4,9
2023351390706,2023,351390706,1,1,1,2,20,4,3,0,0,0,0,0,9,2,E01015654,3,1,0.0,1.0,-1,3,40,8,4,2,19:45,5,2,9
2023010436465,2023,010436465,1,1,1,1,29,6,3,0,0,0,0,0,3,3,E01002043,-1,0,0.0,1.0,-1,6,20,8,4,2,21:05,5,2,3
2023471349498,2023,471349498,2,1,1,1,37,7,3,0,0,0,0,0,3,-1,-1,3,1,0.0,1.0,-1,6,30,1,1,1,09:00,4,2,3
2023631338493,2023,631338493,2,2,1,1,26,6,2,0,0,0,0,0,5,2,W01000762,7,1,1.0,0.0,-1,6,30,1,1,1,15:41,7,2,5
2023101327138,2023,101327138,2,2,2,1,11,3,3,0,0,1,0,0,8,1,E01033547,3,1,0.0,1.0,-1,6,30,1,1,1,19:36,6,2,8
2023131367767,2023,131367767,2,1,1,1,45,7,2,0,0,0,0,0,9,1,E01010610,6,1,1.0,0.0,-1,6,30,1,1,1,10:17,6,2,9
2023421379537,2023,421379537,1,1,1,2,26,6,3,0,0,0,0,0,9,7,E01015849,3,1,0.0,1.0,-1,3,70,1,1,2,13:53,2,3,9
2023131281023,2023,131281023,2,1,2,2,72,10,2,0,0,0,4,0,11,8,E01010997,6,1,1.0,0.0,-1,6,30,1,1,1,12:10,7,2,11
2023010426600,2023,010426600,1,1,3,2,62,9,2,8,1,0,0,0,0,1,E01001554,-1,0,1.0,0.0,-1,3,20,1,1,1,11:39,7,1,3
2023221272673,2023,221272673,1,1,1,2,51,8,2,0,0,0,0,0,9,2,E01032464,7,1,1.0,0.0,-1,6,30,1,4,1,06:00,2,2,9
2023461317476,2023,461317476,1,1,1,2,65,9,3,0,0,0,0,0,9,9,E01024416,3,1,0.0,1.0,-1,6,30,1,1,1,16:18,6,2,9
2023111301208,2023,111301208,2,2,2,1,36,7,3,0,0,0,0,0,19,1,E01007127,3,1,0.0,1.0,-1,6,30,1,1,1,17:05,3,2,19
2023201418669,2023,201418669,1,1,2,1,19,4,3,0,0,1,0,0,20,10,E01032246,3,1,0.0,1.0,-1,3,40,2,1,2,09:31,5,2,20
2023421359098,2023,421359098,2,1,1,1,59,9,3,0,0,0,0,0,3,2,E01015899,3,1,0.0,1.0,-1,3,30,1,4,1,19:07,3,2,3
2023201370120,2023,201370120,2,1,2,1,14,3,3,0,0,0,0,0,-1,4,E01010467,3,1,0.0,1.0,-1,6,30,1,1,2,00:24,3,2,-1
2023141311141,2023,141311141,1,1,1,2,57,9,3,0,0,0,0,0,9,7,E01007400,3,1,0.0,1.0,-1,6,30,1,1,1,18:50,4,2,9
2023201322654,2023,201322654,2,3,2,2,53,8,3,0,0,1,0,0,9,1,E01010130,3,1,0.0,1.0,-1,6,30,1,1,1,12:10,7,2,9
2023340WN3332,2023,340WN3332,2,3,2,2,9,2,3,0,0,2,0,0,9,-1,-1,-1,0,0.00874,0.99126,-1,6,30,1,1,1,17:00,3,2,9
2023351363382,2023,351363382,1,1,1,1,46,8,3,0,0,0,0,0,9,10,E01018248,3,1,0.0,1.0,-1,6,60,1,1,1,16:22,3,2,9
2023622300302,2023,622300302,2,2,1,1,55,8,3,0,0,0,0,0,1,2,W01001255,-1,0,0.10823,0.89177,-1,6,30,1,1,1,10:02,7,2,1
2023440191522,2023,440191522,2,1,1,1,26,6,3,0,0,0,0,0,1,7,E01017197,-1,0,0.16434,0.83566,-1,6,30,1,1,1,18:42,2,2,1
2023131299611,2023,131299611,1,1,1,1,39,7,3,0,0,0,0,0,9,1,E01033035,3,1,0.0,1.0,-1,6,30,1,4,1,21:25,5,2,9
2023461295247,2023,461295247,1,1,1,1,56,9,3,0,0,0,0,0,9,6,E01024512,3,1,0.0,1.0,-1,6,20,1,1,1,20:56,6,1,9
2023371292582,2023,371292582,1,1,1,1,52,8,2,0,0,0,0,0,21,5,E01030092,5,1,1.0,0.0,-1,3,70,1,1,1,18:00,5,3,21
2023221312720,2023,221312720,2,1,1,1,28,6,2,0,0,0,0,0,1,8,E01032446,7,1,1.0,0.0,-1,6,60,1,1,1,10:00,6,2,1
2023430494632,2023,430494632,2,1,1,2,45,7,3,0,0,0,0,0,1,2,E01028577,-1,0,0.02419,0.97581,-1,6,20,1,1,1,08:35,3,2,1
2023010444049,2023,010444049,1,1,1,1,33,6,3,0,0,0,0,0,3,7,E01016470,-1,0,0.0,1.0,-1,6,20,1,1,1,15:30,6,2,3
2023991373041,2023,991373041,1,1,2,1,19,4,2,0,0,2,0,0,8,-1,-1,7,1,1.0,0.0,-1,6,20,1,4,1,23:30,6,2,8
2023552301104,2023,552301104,1,1,3,1,50,8,3,6,9,0,0,0,0,3,E01015439,-1,0,0.17154,0.82846,-1,6,30,1,4,1,00:35,1,2,9
2023361347181,2023,361347181,2,1,1,1,40,7,3,0,0,0,0,0,19,7,E01026240,3,1,0.0,1.0,-1,6,60,1,1,1,06:16,5,2,19
2023061362457,2023,061362457,1,1,3,2,31,6,3,5,1,0,0,0,0,1,E01004811,3,1,0.0,1.0,-1,6,30,1,4,2,18:50,6,1,9
2023430132624,2023,430132624,2,1,3,2,41,7,3,9,5,0,0,0,0,8,E01017770,-1,0,0.04203,0.95797,-1,2,30,1,1,1,08:47,5,2,9
2023010470841,2023,010470841,1,1,1,1,33,6,3,0,0,0,0,0,3,4,E01003220,-1,0,0.0,1.0,-1,9,30,9,1,9,17:01,5,2,3
2023201293870,2023,201293870,2,1,1,2,47,8,3,0,0,0,0,0,4,7,E01031023,3,1,0.0,1.0,-1,6,30,1,1,-1,18:00,4,2,4
2023010474612,2023,010474612,1,1,1,2,28,6,3,0,0,0,0,0,9,4,E01003029,-1,0,0.0,1.0,-1,9,20,2,4,2,22:57,7,2,9
2023010480139,2023,010480139,1,2,2,2,58,9,3,0,0,1,0,0,9,5,E01003951,-1,0,0.0,1.0,-1,6,20,1,1,1,15:42,7,2,9
2023010486496,2023,010486496,1,1,1,-1,34,6,3,0,0,0,0,0,9,2,E01032805,-1,0,0.0,1.0,-1,9,30,9,1,9,09:50,5,2,9
2023411346466,2023,411346466,1,1,1,1,18,4,2,0,0,0,0,0,9,7,E01023506,7,1,1.0,0.0,-1,6,30,1,1,1,13:36,4,2,9
202354B577723,2023,54B577723,1,2,2,2,18,4,3,0,0,1,0,0,9,7,E01031882,-1,0,0.05365,0.94635,-1,6,60,5,6,2,19:34,4,2,9
2023101322308,2023,101322308,1,1,2,2,60,9,3,0,0,0,4,0,11,-1,-1,3,1,0.0,1.0,-1,6,30,1,1,1,12:55,4,1,11
2023061343679,2023,061343679,1,1,1,1,43,7,2,0,0,0,0,0,23,-1,-1,6,1,1.0,0.0,-1,6,30,1,1,1,11:24,1,2,23
2023311297150,2023,311297150,2,1,1,1,18,4,2,0,0,0,0,0,97,8,E01025692,6,1,1.0,0.0,-1,6,60,1,1,1,13:15,1,2,97
2023361357005,2023,361357005,2,1,1,1,31,6,2,0,0,0,0,0,3,4,E01026762,7,1,1.0,0.0,-1,6,60,1,1,1,14:45,4,2,3
2023131391483,2023,131391483,2,1,1,2,59,9,3,0,0,0,0,0,9,9,E01027921,3,1,0.0,1.0,-1,3,70,1,1,1,14:40,5,2,9