collision_index,collision_year,collision_ref_no,vehicle_reference,casualty_reference,casualty_class,sex_of_casualty,age_of_casualty,age_band_of_casualty,casualty_severity,pedestrian_location,pedestrian_movement,car_passenger,bus_or_coach_passenger,pedestrian_road_maintenance_worker,casualty_type,casualty_imd_decile,lsoa_of_casualty,enhanced_casualty_severity,casualty_injury_based,casualty_adjusted_severity_serious,casualty_adjusted_severity_slight,casualty_distance_banding,road_type,speed_limit,weather_conditions,light_conditions,road_surface_conditions,time,day_of_week,number_of_vehicles,vehicle_type
2023351268357,2023,351268357,2,1,1,2,55,8,3,0,0,0,0,0,9,4,E01018086,3,1,0.0,1.0,-1,6,50,1,1,2,14:31,7,2,9
2023531351058,2023,531351058,2,3,2,2,25,5,3,0,0,2,0,0,9,8,E01022394,3,1,0.0,1.0,-1,6,30,1,1,1,10:50,7,2,9
2023371339499,2023,371339499,1,1,3,2,12,3,2,1,1,0,0,0,0,5,E01030030,7,1,1.0,0.0,-1,6,30,1,1,1,15:20,3,1,9
2023622300609,2023,622300609,1,1,3,2,57,9,3,6,8,0,0,0,0,3,W01001231,-1,0,0.11225,0.88775,-1,6,20,8,6,2,23:16,6,1,9
2023141383082,2023,141383082,1,1,1,1,81,11,1,0,0,0,0,0,9,1,E01007977,1,1,0.0,0.0,-1,6,30,1,4,2,19:19,3,4,9
2023201291722,2023,201291722,1,1,1,2,34,6,2,0,0,0,0,0,9,1,E01010039,6,1,1.0,0.0,-1,6,30,2,4,2,20:41,3,2,9
2023471369575,2023,471369575,2,2,1,1,47,8,3,0,0,0,0,0,9,4,E01020957,3,1,0.0,1.0,-1,6,60,2,1,2,15:10,4,2,9
2023311353299,2023,311353299,1,1,2,1,25,5,3,0,0,0,-1,0,11,2,E01028112,3,1,0.0,1.0,-1,6,30,1,1,1,16:02,6,1,11
2023010427183,2023,010427183,1,1,3,-1,-1,-1,3,10,9,0,0,0,0,-1,-1,-1,0,0.0,1.0,-1,7,20,1,1,1,17:07,3,1,9
2023010443062,2023,010443062,2,1,1,1,38,7,3,0,0,0,0,0,1,5,E01004601,-1,0,0.0,1.0,-1,6,20,1,1,1,12:05,2,2,1
2023991285656,2023,991285656,2,1,1,1,64,9,2,0,0,0,0,0,1,-1,-1,7,1,1.0,0.0,-1,1,30,1,1,1,13:49,6,2,1
2023111349800,2023,111349800,1,1,2,1,27,6,2,0,0,1,0,0,9,4,E01020826,7,1,1.0,0.0,-1,1,60,1,1,1,19:44,4,1,9
2023421342005,2023,421342005,1,1,1,1,18,4,1,0,0,0,0,0,97,9,E01021526,1,1,0.0,0.0,-1,6,30,1,1,1,14:27,3,1,97
2023131321122,2023,131321122,1,1,3,1,81,11,3,1,9,0,0,2,0,1,E01011373,3,1,0.0,1.0,-1,6,30,1,1,1,12:36,3,1,9
2023221377490,2023,221377490,1,1,1,1,55,8,2,0,0,0,0,0,9,6,E01028923,6,1,1.0,0.0,-1,6,60,2,6,2,20:58,6,1,9
2023991283946,2023,991283946,2,2,1,1,50,8,3,0,0,0,0,0,9,1,-1,3,1,0.0,1.0,-1,3,70,1,1,4,07:45,3,4,9
2023010433193,2023,010433193,1,1,1,1,40,7,3,0,0,0,0,0,19,6,E01002422,-1,0,0.0,1.0,-1,3,20,1,1,1,08:55,2,2,19
2023461382192,2023,461382192,1,1,3,2,55,8,2,10,1,0,0,0,0,5,E01024537,7,1,1.0,0.0,-1,3,30,1,1,1,10:30,6,1,9
2023201411626,2023,201411626,1,1,1,1,28,6,3,0,0,0,0,0,9,-1,-1,3,1,0.0,1.0,-1,3,40,2,4,2,19:29,5,2,9
2023401337889,2023,401337889,2,1,1,1,29,6,3,0,0,0,0,0,9,8,E01017726,3,1,0.0,1.0,-1,6,50,1,1,1,07:30,5,3,9
2023421282425,2023,421282425,1,1,1,2,41,7,2,0,0,0,0,0,9,7,E01021628,6,1,1.0,0.0,-1,6,30,1,1,1,14:59,5,2,9
2023421381111,2023,421381111,1,3,1,2,40,7,3,0,0,0,0,0,9,-1,-1,3,1,0.0,1.0,-1,6,30,8,4,4,23:28,5,2,9
2023451285258,2023,451285258,1,1,1,1,54,8,3,0,0,0,0,0,9,10,E01030989,3,1,0.0,1.0,-1,6,30,2,4,2,18:57,5,2,9
2023010475578,2023,010475578,1,1,3,1,44,7,3,5,3,0,0,0,0,2,E01004385,-1,0,0.0,1.0,-1,6,20,1,4,2,17:30,5,1,3
2023221316407,2023,221316407,2,1,1,1,68,10,2,0,0,0,0,0,1,-1,-1,6,1,1.0,0.0,-1,6,40,1,1,1,16:47,7,2,1
2023430181830,2023,430181830,2,2,1,1,18,4,3,0,0,0,0,0,9,-1,-1,-1,0,0.0178,0.9822,-1,6,60,1,1,1,15:58,4,2,9
2023471299981,2023,471299981,1,1,1,1,43,7,3,0,0,0,0,0,9,10,E01031699,3,1,0.0,1.0,-1,3,70,2,4,2,21:45,1,2,9
2023430420182,2023,430420182,2,1,1,1,45,7,3,0,0,0,0,0,-1,4,E01028525,-1,0,0.02987,0.97013,-1,6,30,2,1,2,11:15,2,2,-1
2023010453662,2023,010453662,1,1,1,1,26,6,3,0,0,0,0,0,3,6,E01003226,-1,0,0.0,1.0,-1,9,20,8,4,1,23:10,5,1,3
2023320521566,2023,320521566,1,2,1,1,72,10,3,0,0,0,0,0,5,6,E01026047,-1,0,0.28586,0.71414,-1,6,60,1,1,1,11:00,3,1,5
202360A080349,2023,60A080349,2,2,2,2,44,7,2,0,0,2,0,0,5,-1,-1,-1,0,1.0,0.0,-1,6,60,1,1,1,11:16,1,2,5
2023421266621,2023,421266621,2,2,1,2,60,9,3,0,0,0,0,0,8,7,E01024140,3,1,0.0,1.0,-1,3,70,1,1,1,13:55,5,3,8
2023221274073,2023,221274073,2,1,1,1,34,6,3,0,0,0,0,0,9,7,E01009870,3,1,0.0,1.0,-1,3,70,1,4,1,22:11,4,5,9
2023461316202,2023,461316202,2,1,1,2,19,4,3,0,0,0,0,0,9,6,E01032653,3,1,0.0,1.0,-1,2,30,1,1,1,08:35,7,3,9
2023010448919,2023,010448919,1,1,3,2,3,1,3,5,1,0,0,0,0,8,E01001022,-1,0,0.0,1.0,-1,6,30,1,1,1,08:40,4,1,9
2023010426153,2023,010426153,1,1,1,1,27,6,3,0,0,0,0,0,3,7,E01001495,-1,0,0.0,1.0,-1,6,30,1,4,1,20:30,4,2,3
2023010461698,2023,010461698,1,1,1,2,25,5,3,0,0,0,0,0,3,3,E01001177,-1,0,0.0,1.0,-1,9,30,1,1,1,13:30,1,2,3
2023201415526,2023,201415526,1,2,2,2,9,2,3,0,0,-1,0,0,9,5,E01010418,3,1,0.0,1.0,-1,6,30,1,1,1,16:50,5,3,9
2023351307934,2023,351307934,2,1,1,1,50,8,3,0,0,0,0,0,9,6,E01018169,3,1,0.0,1.0,-1,6,30,1,1,1,17:15,6,2,9
2023401333121,2023,401333121,1,1,1,2,37,7,3,0,0,0,0,0,9,7,E01017516,3,1,0.0,1.0,-1,6,60,1,1,1,17:54,5,2,9
2023547684623,2023,547684623,1,1,1,1,84,11,3,0,0,0,0,0,9,6,E01015579,-1,0,0.09075,0.90925,-1,6,30,1,1,1,16:17,6,3,9
2023320005062,2023,320005062,1,2,2,2,18,4,3,0,0,1,0,0,9,3,E01026270,-1,0,0.10558,0.89442,-1,6,60,5,6,2,20:42,3,1,9
2023622300840,2023,622300840,2,2,1,1,61,9,3,0,0,0,0,0,9,4,W01000688,-1,0,0.05031,0.94969,-1,3,70,1,1,1,16:05,6,4,9
2023221282174,2023,221282174,1,2,1,1,31,6,3,0,0,0,0,0,19,1,E01010415,3,1,0.0,1.0,-1,6,30,1,1,1,14:55,2,2,19
2023010486795,2023,010486795,2,2,1,1,39,7,3,0,0,0,0,0,9,6,E01000330,-1,0,0.0,1.0,-1,6,30,2,4,2,22:10,1,2,9
2023131373710,2023,131373710,1,5,1,1,85,11,3,0,0,0,0,0,9,7,E01011835,3,1,0.0,1.0,-1,6,40,2,1,2,16:37,5,3,9
2023010430967,2023,010430967,1,1,1,1,42,7,3,0,0,0,0,0,1,-1,-1,-1,0,0.0,1.0,-1,6,20,3,1,2,07:50,4,2,1
2023010459045,2023,010459045,2,1,1,1,29,6,2,0,0,0,0,0,3,5,E01003946,-1,0,1.0,0.0,-1,6,30,2,1,2,12:40,7,2,3
2023101325046,2023,101325046,2,1,1,1,54,8,3,0,0,0,0,0,9,3,E01008704,3,1,0.0,1.0,-1,3,50,1,1,1,15:35,5,2,9
2023211335522,2023,211335522,1,1,1,1,21,5,3,0,0,0,0,0,9,7,E01028899,3,1,0.0,1.0,-1,7,70,1,6,1,01:10,1,2,9
2023010452595,2023,010452595,5,7,2,2,65,9,3,0,0,1,0,0,9,5,E01002682,-1,0,0.0,1.0,-1,3,70,1,1,1,13:11,7,5,9
2023161350754,2023,161350754,3,1,1,2,61,9,3,0,0,0,0,0,9,9,E01013265,3,1,0.0,1.0,-1,6,30,1,1,1,17:37,5,3,9
2023461382704,2023,461382704,1,1,1,1,24,5,3,0,0,0,0,0,9,4,E01024195,3,1,0.0,1.0,-1,6,30,1,4,2,22:07,5,2,9
2023010452915,2023,010452915,1,1,1,1,23,5,3,0,0,0,0,0,3,3,E01000499,-1,0,0.0,1.0,-1,9,20,9,4,9,00:40,1,2,3
2023201308339,2023,201308339,2,1,1,1,21,5,2,0,0,0,0,0,3,3,E01009757,7,1,1.0,0.0,-1,3,40,2,1,2,16:45,6,2,3
2023010465183,2023,010465183,1,1,1,1,54,8,3,0,0,0,0,0,9,6,E01001347,-1,0,0.0,1.0,-1,3,70,1,1,1,16:00,5,2,9
2023010482103,2023,010482103,1,1,1,1,21,5,3,0,0,0,0,0,9,5,E01021261,-1,0,0.0,1.0,-1,3,70,1,1,1,16:00,6,2,9
2023131389636,2023,131389636,1,1,1,1,78,11,3,0,0,0,0,0,9,3,E01011024,3,1,0.0,1.0,-1,6,20,1,1,1,07:30,2,2,9
2023302301645,2023,302301645,2,2,2,2,21,5,2,0,0,0,4,0,11,1,E01019728,-1,0,1.0,0.0,-1,6,30,1,1,1,17:30,4,2,11
2023101326835,2023,101326835,2,2,2,2,31,6,3,0,0,-1,0,0,9,-1,-1,3,1,0.0,1.0,-1,6,30,1,4,1,22:10,2,2,9
2023122301437,2023,122301437,2,1,1,1,37,7,3,0,0,0,0,0,9,3,E01013385,-1,0,0.00735,0.99265,-1,6,30,1,4,1,23:18,6,2,9
2023221323116,2023,221323116,1,1,1,2,40,7,3,0,0,0,0,0,9,5,E01032426,3,1,0.0,1.0,-1,6,30,1,1,1,18:52,7,2,9
2023520400171,2023,520400171,2,1,1,1,86,11,2,0,0,0,0,0,1,1,E01029046,-1,0,1.0,0.0,-1,6,30,1,1,1,12:20,6,2,1
2023451368235,2023,451368235,1,1,1,1,20,4,2,0,0,0,0,0,3,9,E01030766,7,1,1.0,0.0,-1,6,40,1,1,1,17:15,6,2,3
2023430205736,2023,430205736,1,1,1,1,55,8,2,0,0,0,0,0,5,10,E01023853,-1,0,1.0,0.0,-1,6,40,1,1,1,17:01,5,2,5
2023010438767,2023,010438767,1,1,2,2,24,5,2,0,0,2,0,0,9,4,E01000290,-1,0,1.0,0.0,-1,3,20,1,1,1,06:08,7,1,9
2023010484154,2023,010484154,1,1,1,1,22,5,2,0,0,0,0,0,9,5,E01000240,-1,0,1.0,0.0,-1,3,70,1,1,1,12:17,5,2,9
2023991285787,2023,991285787,1,2,2,1,65,9,2,0,0,1,0,0,9,8,E01026881,5,1,1.0,0.0,-1,6,60,1,1,1,16:00,4,2,9
2023010426539,2023,010426539,1,1,1,1,31,6,3,0,0,0,0,0,-1,2,E01001202,-1,0,0.0,1.0,-1,1,20,1,1,1,19:22,6,2,-1
2023010482623,2023,010482623,1,1,1,1,39,7,3,0,0,0,0,0,2,5,E01003878,-1,0,0.0,1.0,-1,6,30,2,4,2,15:48,5,1,2
2023547822323,2023,547822323,2,1,1,1,32,6,3,0,0,0,0,0,3,6,E01015497,-1,0,0.1162,0.8838,-1,1,40,1,1,1,17:13,3,2,3
2023231320805,2023,231320805,2,1,2,2,19,4,3,0,0,1,0,0,9,6,E01032395,3,1,0.0,1.0,-1,6,30,1,1,1,16:36,1,2,9
2023221289875,2023,221289875,2,1,1,1,72,10,3,0,0,0,0,0,9,7,E01032228,3,1,0.0,1.0,-1,6,40,1,1,1,09:55,5,2,9
2023311353496,2023,311353496,1,1,1,2,60,9,1,0,0,0,0,0,9,6,E01028349,1,1,0.0,0.0,-1,6,60,7,6,1,04:19,7,1,9
2023340NN1052,2023,340NN1052,2,1,1,1,73,10,3,0,0,0,0,0,9,4,E01026982,-1,0,0.13647,0.86353,-1,6,60,1,6,1,18:30,4,2,9
2023451324869,2023,451324869,1,1,1,1,50,8,3,0,0,0,0,0,9,9,E01030421,3,1,0.0,1.0,-1,1,60,1,1,1,20:00,7,2,9
2023461373046,2023,461373046,2,1,1,1,21,5,3,0,0,0,0,0,9,3,E01024149,3,1,0.0,1.0,-1,6,30,9,7,1,17:05,6,2,9
2023361368468,2023,361368468,1,1,1,2,39,7,2,0,0,0,0,0,9,1,E01026595,6,1,1.0,0.0,-1,6,30,1,1,1,08:52,4,2,9
2023221376983,2023,221376983,1,1,1,1,49,8,3,0,0,0,0,0,-1,2,E01014162,3,1,0.0,1.0,-1,6,30,1,1,2,15:00,6,2,-1
2023052300829,2023,052300829,1,1,3,1,33,6,2,5,9,0,0,0,0,1,E01006673,-1,0,1.0,0.0,-1,6,30,1,4,1,21:20,3,1,9
2023010453870,2023,010453870,1,1,1,1,29,6,3,0,0,0,0,0,3,-1,-1,-1,0,0.0,1.0,-1,3,20,1,1,1,17:22,4,2,3
2023041272231,2023,041272231,1,1,2,1,29,6,3,0,0,1,0,0,9,2,E01025124,3,1,0.0,1.0,-1,6,30,1,4,1,04:45,7,1,9
2023332300985,2023,332300985,1,2,2,1,22,5,3,0,0,1,0,0,9,3,E01013779,-1,0,0.0218,0.9782,-1,6,30,8,4,2,21:25,6,2,9
2023440052972,2023,440052972,1,1,1,2,40,7,3,0,0,0,0,0,9,6,E01022715,-1,0,0.01747,0.98253,-1,1,40,1,4,1,20:45,2,2,9
2023440273680,2023,440273680,1,1,2,1,26,6,3,0,0,1,0,0,9,10,E01022747,-1,0,0.03171,0.96829,-1,6,30,1,1,1,15:05,6,2,9
2023010461119,2023,010461119,1,4,2,1,43,7,2,0,0,0,0,0,19,6,E01022919,-1,0,1.0,0.0,-1,6,20,1,1,1,18:34,5,1,19
2023041321962,2023,041321962,1,1,3,1,13,3,3,8,1,0,0,0,0,2,E01024926,3,1,0.0,1.0,-1,6,30,1,1,1,16:11,5,1,9
2023131275832,2023,131275832,2,1,3,2,33,6,2,5,3,0,0,2,0,4,E01004612,6,1,1.0,0.0,-1,6,30,1,7,1,19:19,2,3,9
2023430266712,2023,430266712,2,1,1,1,30,6,3,0,0,0,0,0,1,3,E01028519,-1,0,0.05362,0.94638,-1,6,30,1,4,1,00:11,7,2,1
2023320205684,2023,320205684,1,2,1,1,20,4,3,0,0,0,0,0,4,3,E01026140,-1,0,0.07605,0.92395,-1,6,30,1,1,2,17:00,2,1,4
2023122300044,2023,122300044,1,1,1,2,20,4,3,0,0,0,0,0,9,6,E01027780,-1,0,0.10984,0.89016,-1,6,60,5,6,2,20:18,1,1,9
2023122300962,2023,122300962,1,1,1,2,77,11,3,0,0,0,0,0,9,4,E01027710,-1,0,0.06377,0.93623,-1,6,30,4,1,1,00:01,2,2,9
2023170S11913,2023,170S11913,1,1,2,2,46,8,3,0,0,1,0,0,9,1,E01012273,-1,0,0.03864,0.96136,-1,6,30,1,1,1,12:55,4,2,9
2023031356655,2023,031356655,1,1,3,1,56,9,3,8,9,0,0,0,0,4,E01019137,3,1,0.0,1.0,-1,6,30,2,4,2,19:30,3,1,9
2023010428595,2023,010428595,1,1,1,1,38,7,3,0,0,0,0,0,1,6,E01004513,-1,0,0.0,1.0,-1,9,20,1,1,2,09:26,4,2,1
2023501333366,2023,501333366,1,1,1,1,49,8,1,0,0,0,0,0,5,4,E01018759,1,1,0.0,0.0,-1,6,60,1,1,1,21:08,3,2,5
2023170L10863,2023,170L10863,1,1,1,1,22,5,3,0,0,0,0,0,9,1,E01012148,-1,0,0.14463,0.85537,-1,6,60,1,6,2,22:40,7,1,9
2023440032798,2023,440032798,1,1,1,2,21,5,3,0,0,0,0,0,9,1,E01017154,-1,0,0.03578,0.96422,-1,6,30,1,1,2,09:29,4,2,9
2023451328292,2023,451328292,1,1,1,1,32,6,3,0,0,0,0,0,9,5,E01030531,3,1,0.0,1.0,-1,6,30,8,1,1,11:40,3,2,9
2023010474034,2023,010474034,1,1,3,1,32,6,3,1,3,0,0,0,0,3,E01001004,-1,0,0.0,1.0,-1,6,30,1,4,1,09:10,4,1,9
2023010479565,2023,010479565,1,1,1,2,41,7,3,0,0,0,0,0,9,1,E01004382,-1,0,0.0,1.0,-1,6,20,1,4,1,16:09,4,2,9
2023071174006,2023,071174006,1,1,1,1,62,9,3,0,0,0,0,0,9,5,E01018657,-1,0,0.05512,0.94488,-1,6,30,1,1,1,15:06,4,2,9
2023061291902,2023,061291902,1,1,3,2,26,6,2,2,3,0,0,0,0,-1,-1,7,1,1.0,0.0,-1,6,30,1,1,2,09:26,2,1,19
2023010431571,2023,010431571,2,2,1,1,41,7,3,0,0,0,0,0,3,2,E01002097,-1,0,0.0,1.0,-1,6,30,1,1,1,11:50,7,2,3
2023010458953,2023,010458953,4,2,2,1,33,6,3,0,0,1,0,0,9,7,E01000675,-1,0,0.0,1.0,-1,3,30,1,1,1,17:12,6,4,9
2023430241098,2023,430241098,1,1,2,2,70,10,3,0,0,1,0,0,9,10,E01016663,-1,0,0.04674,0.95326,-1,1,30,1,1,1,18:38,5,2,9
2023451308773,2023,451308773,1,1,2,2,10,2,3,0,0,2,0,0,9,5,E01030464,3,1,0.0,1.0,-1,6,60,1,1,1,07:50,5,2,9
2023631345530,2023,631345530,1,1,3,1,78,11,2,5,1,0,0,2,0,8,W01000715,7,1,1.0,0.0,-1,6,20,1,1,1,13:00,6,3,9
2023131334523,2023,131334523,1,1,2,2,16,4,3,0,0,2,0,0,9,4,E01011875,3,1,0.0,1.0,-1,6,30,1,4,1,21:01,6,2,9
2023211349771,2023,211349771,1,1,2,1,22,5,3,0,0,1,0,0,9,2,E01009944,3,1,0.0,1.0,-1,6,30,1,4,1,22:00,4,1,9
2023221295964,2023,221295964,1,1,1,2,18,4,3,0,0,0,0,0,9,5,E01014035,3,1,0.0,1.0,-1,6,60,1,1,2,09:51,4,1,9
2023161309575,2023,161309575,1,1,3,2,97,11,2,6,9,0,0,0,0,10,E01013060,6,1,1.0,0.0,-1,6,30,1,1,1,12:00,7,1,9
2023010469872,2023,010469872,1,1,1,1,33,6,3,0,0,0,0,0,5,3,E01003250,-1,0,0.0,1.0,-1,3,40,1,1,1,08:30,4,4,5
2023471297575,2023,471297575,2,1,1,2,35,6,3,0,0,0,0,0,9,1,E01016865,3,1,0.0,1.0,-1,6,40,1,1,1,18:30,2,2,9
2023052300740,2023,052300740,1,1,1,1,15,3,3,0,0,0,0,0,-1,2,E01006912,-1,0,0.15067,0.84933,-1,6,30,1,1,1,17:00,5,3,-1
2023461264705,2023,461264705,1,1,3,1,17,4,2,2,1,0,0,0,0,3,E01024688,7,1,1.0,0.0,-1,6,30,1,5,2,19:14,7,1,9
2023010477978,2023,010477978,1,1,1,1,49,8,3,0,0,0,0,0,1,4,E01003117,-1,0,0.0,1.0,-1,6,20,1,4,2,17:35,3,2,1
2023471307164,2023,471307164,2,2,1,1,42,7,2,0,0,0,0,0,1,6,E01016996,6,1,1.0,0.0,-1,6,20,1,1,1,14:35,1,2,1
2023991300585,2023,991300585,2,1,1,1,57,9,3,0,0,0,0,0,1,-1,-1,3,1,0.0,1.0,-1,1,30,1,1,1,09:30,3,2,1
2023010444450,2023,010444450,1,1,1,1,24,5,3,0,0,0,0,0,3,4,E01003608,-1,0,0.0,1.0,-1,7,20,1,1,1,20:40,7,2,3
2023010461137,2023,010461137,1,2,2,2,17,4,3,0,0,1,0,0,9,2,E01004390,-1,0,0.0,1.0,-1,2,30,1,4,1,03:14,6,3,9
2023010463183,2023,010463183,1,1,1,1,49,8,3,0,0,0,0,0,9,2,E01003918,-1,0,0.0,1.0,-1,6,30,1,1,1,13:45,4,2,9
2023010479425,2023,010479425,2,1,1,1,18,4,3,0,0,0,0,0,9,3,E01004266,-1,0,0.0,1.0,-1,6,20,1,4,1,05:21,4,3,9
2023440160890,2023,440160890,1,2,2,1,27,6,3,0,0,1,0,0,9,4,E01022523,-1,0,0.05586,0.94414,-1,1,30,8,4,2,20:56,2,2,9
2023010422419,2023,010422419,1,1,1,1,57,9,3,0,0,0,0,0,19,2,E01015716,-1,0,0.0,1.0,-1,6,30,1,4,2,06:55,6,2,19
2023041282037,2023,041282037,2,1,1,1,54,8,3,0,0,0,0,0,9,4,E01025308,3,1,0.0,1.0,-1,3,70,1,6,1,17:30,3,2,9
2023161392902,2023,161392902,1,3,2,2,20,4,3,0,0,2,0,0,9,3,E01013099,3,1,0.0,1.0,-1,6,60,5,6,2,22:20,5,1,9
2023461381641,2023,461381641,1,2,2,1,18,4,3,0,0,0,0,0,2,-1,-1,3,1,0.0,1.0,-1,6,30,1,4,2,22:05,1,3,2
2023461377886,2023,461377886,2,1,1,2,61,9,3,0,0,0,0,0,9,8,E01000453,3,1,0.0,1.0,-1,3,30,1,1,1,19:20,6,2,9
2023351375250,2023,351375250,1,1,1,1,27,6,3,0,0,0,0,0,3,5,E01018158,3,1,0.0,1.0,-1,6,50,1,7,1,19:43,6,2,3
2023052301457,2023,052301457,2,2,1,2,24,5,3,0,0,0,0,0,9,7,E01006884,-1,0,0.05051,0.94949,-1,3,60,2,1,2,07:40,3,2,9
2023451358222,2023,451358222,1,2,1,1,22,5,3,0,0,0,0,0,9,6,E01030336,3,1,0.0,1.0,-1,6,30,1,1,1,10:45,1,2,9
2023010428306,2023,010428306,1,1,2,-1,-1,-1,3,0,0,2,0,0,9,4,E01002507,-1,0,0.0,1.0,-1,6,20,1,4,1,11:25,1,2,9
2023070455829,2023,070455829,2,2,1,1,51,8,3,0,0,0,0,0,9,10,E01018724,-1,0,0.05633,0.94367,-1,3,40,1,1,1,10:47,1,3,9
2023201328539,2023,201328539,2,2,1,2,33,6,3,0,0,0,0,0,9,2,E01010503,3,1,0.0,1.0,-1,6,30,1,1,1,16:28,6,2,9
2023430075810,2023,430075810,2,2,2,2,47,8,2,0,0,1,0,0,9,6,E01016304,-1,0,1.0,0.0,-1,6,50,1,1,1,14:35,7,2,9
202354D522123,2023,54D522123,1,1,1,2,73,10,2,0,0,0,0,0,9,7,E01020390,-1,0,1.0,0.0,-1,6,60,2,1,1,12:27,5,2,9
2023411363337,2023,411363337,1,1,1,1,34,6,3,0,0,0,0,0,9,6,E01033308,3,1,0.0,1.0,-1,6,30,1,1,1,15:39,4,2,9
2023111307772,2023,111307772,2,1,1,1,57,9,2,0,0,0,0,0,1,4,E01020818,7,1,1.0,0.0,-1,6,30,1,1,1,13:00,2,2,1
2023471379547,2023,471379547,1,1,3,2,71,10,2,10,9,0,0,0,0,4,E01031364,7,1,1.0,0.0,-1,6,20,1,1,1,13:00,7,1,22
2023141262904,2023,141262904,1,1,2,2,39,7,2,0,0,2,0,0,8,-1,-1,7,1,1.0,0.0,-1,6,30,5,4,2,06:50,6,1,8
2023010473495,2023,010473495,2,2,2,2,50,8,3,0,0,1,0,0,9,3,E01000642,-1,0,0.0,1.0,-1,6,30,1,1,1,16:28,1,4,9
2023231296237,2023,231296237,1,1,1,1,28,6,3,0,0,0,0,0,9,1,E01005108,3,1,0.0,1.0,-1,6,60,1,1,1,07:00,4,2,9
2023430095610,2023,430095610,1,1,1,2,42,7,3,0,0,0,0,0,9,5,E01017908,-1,0,0.0072,0.9928,-1,6,30,1,1,1,16:46,5,2,9
2023543922823,2023,543922823,1,1,1,2,26,6,3,0,0,0,0,0,9,9,E01031909,-1,0,0.02574,0.97426,-1,1,50,1,1,1,13:05,6,2,9
2023010434843,2023,010434843,2,1,1,1,36,7,2,0,0,0,0,0,-1,2,E01002068,-1,0,1.0,0.0,-1,6,20,1,1,1,12:56,4,2,-1
2023471309409,2023,471309409,2,1,1,1,-1,-1,3,0,0,0,0,0,-1,-1,-1,3,1,0.0,1.0,-1,6,40,1,1,1,20:43,6,2,-1
2023010424650,2023,010424650,1,2,2,1,24,5,2,0,0,0,0,0,90,3,E01003096,-1,0,1.0,0.0,-1,3,20,1,4,1,23:07,3,2,90
2023122300283,2023,122300283,1,1,1,1,54,8,2,0,0,0,0,0,21,7,E01020859,-1,0,1.0,0.0,-1,6,60,1,1,2,12:15,5,1,21
2023340NN2432,2023,340NN2432,1,1,3,1,48,8,3,6,9,0,0,0,0,6,E01032970,-1,0,0.12376,0.87624,-1,6,40,1,1,1,17:35,3,2,-1
202354B190223,2023,54B190223,1,1,3,2,32,6,3,9,5,0,0,0,0,9,E01032099,-1,0,0.04735,0.95265,-1,6,30,9,1,1,08:58,7,1,9
2023010458811,2023,010458811,1,1,1,1,25,5,3,0,0,0,0,0,19,7,E01024719,-1,0,0.0,1.0,-1,7,30,1,1,1,17:05,5,2,19
2023401339931,2023,401339931,2,1,1,1,56,9,2,0,0,0,0,0,1,7,E01017485,6,1,1.0,0.0,-1,6,60,1,1,1,10:30,5,2,1
2023010429020,2023,010429020,1,1,1,1,43,7,3,0,0,0,0,0,3,2,E01000482,-1,0,0.0,1.0,-1,3,30,1,4,1,00:16,7,3,3
2023610052823,2023,610052823,1,1,1,1,35,6,3,0,0,0,0,0,5,1,W01001428,-1,0,0.26821,0.73179,-1,6,20,1,4,1,23:30,6,3,5
2023010453337,2023,010453337,1,1,1,2,35,6,3,0,0,0,0,0,9,6,E01002360,-1,0,0.0,1.0,-1,1,30,2,1,2,15:45,3,3,9
2023311258859,2023,311258859,1,1,2,2,94,11,3,0,0,2,0,0,9,3,E01005604,3,1,0.0,1.0,-1,3,70,1,6,1,17:49,2,2,9
2023461377600,2023,461377600,3,1,1,2,70,10,3,0,0,0,0,0,9,6,E01024266,3,1,0.0,1.0,-1,6,50,2,1,2,15:02,2,3,9
2023332301135,2023,332301135,1,1,3,1,48,8,2,4,1,0,0,0,0,2,E01013654,-1,0,1.0,0.0,-1,6,30,1,1,1,15:10,3,1,8
2023501334665,2023,501334665,1,1,1,1,11,3,3,0,0,0,0,0,1,3,E01019042,3,1,0.0,1.0,-1,6,30,1,1,2,13:00,7,2,1
2023070819795,2023,070819795,1,1,1,2,29,6,3,0,0,0,0,0,9,2,E01005220,-1,0,0.03626,0.96374,-1,6,40,8,1,2,10:03,4,1,9
2023501354579,2023,501354579,1,1,1,1,49,8,3,0,0,0,0,0,9,6,E01020295,3,1,0.0,1.0,-1,6,60,1,1,1,08:59,6,2,9
2023122300206,2023,122300206,1,1,1,1,47,8,3,0,0,0,0,0,21,2,E01027864,-1,0,0.10918,0.89082,-1,3,70,1,6,1,07:01,6,1,21
2023201326118,2023,201326118,2,1,1,1,32,6,3,0,0,0,0,0,9,7,E01009260,3,1,0.0,1.0,-1,6,30,1,1,1,08:54,2,2,9
2023461395891,2023,461395891,2,1,1,1,36,7,3,0,0,0,0,0,9,3,E01016020,3,1,0.0,1.0,-1,6,30,1,4,1,20:42,2,2,9
2023991313595,2023,991313595,2,1,1,2,22,5,3,0,0,0,0,0,9,1,-1,3,1,0.0,1.0,-1,6,60,9,1,1,18:30,5,2,9