collision_index,collision_year,collision_ref_no,vehicle_reference,casualty_reference,casualty_class,sex_of_casualty,age_of_casualty,age_band_of_casualty,casualty_severity,pedestrian_location,pedestrian_movement,car_passenger,bus_or_coach_passenger,pedestrian_road_maintenance_worker,casualty_type,casualty_imd_decile,lsoa_of_casualty,enhanced_casualty_severity,casualty_injury_based,casualty_adjusted_severity_serious,casualty_adjusted_severity_slight,casualty_distance_banding,road_type,speed_limit,weather_conditions,light_conditions,road_surface_conditions,time,day_of_week,number_of_vehicles,vehicle_type
2023101384154,2023,101384154,2,2,1,1,85,11,3,0,0,0,0,0,9,6,-1,3,1,0.0,1.0,-1,3,70,5,6,2,18:00,5,2,9
2023010435698,2023,010435698,2,2,3,1,39,7,3,1,3,0,0,0,0,2,E01004197,-1,0,0.0,1.0,-1,6,20,1,1,1,16:35,2,2,9
2023010472104,2023,010472104,1,1,3,2,15,3,3,6,9,0,0,0,0,4,E01001503,-1,0,0.0,1.0,-1,9,20,9,1,9,16:52,6,1,9
2023211313927,2023,211313927,1,1,3,1,-1,-1,3,5,1,0,0,0,0,-1,-1,3,1,0.0,1.0,-1,6,30,1,1,1,16:30,5,1,9
2023471287451,2023,471287451,1,1,3,2,27,6,3,1,3,0,0,0,0,1,E01020983,3,1,0.0,1.0,-1,6,30,2,4,2,20:00,2,1,9
2023131348606,2023,131348606,1,1,1,-1,14,3,3,0,0,0,0,0,1,1,E01011483,3,1,0.0,1.0,-1,6,20,1,1,1,15:53,5,2,1
2023122301034,2023,122301034,2,1,1,1,31,6,3,0,0,0,0,0,5,9,E01013365,-1,0,0.15563,0.84437,-1,6,60,1,1,1,09:27,6,2,5
2023052302616,2023,052302616,2,2,2,2,57,9,3,0,0,1,0,0,9,1,E01007291,-1,0,0.05048,0.94952,-1,6,30,1,1,2,15:46,3,2,9
2023320008623,2023,320008623,2,1,2,1,32,6,3,0,0,2,0,0,9,6,E01026147,-1,0,0.02284,0.97716,-1,7,70,1,5,2,07:15,5,2,9
2023421328916,2023,421328916,1,1,1,2,22,5,3,0,0,0,0,0,9,2,E01030079,3,1,0.0,1.0,-1,3,70,1,1,1,05:36,5,2,9
2023991324152,2023,991324152,1,1,1,2,31,6,3,0,0,0,0,0,9,2,-1,3,1,0.0,1.0,-1,3,70,1,1,1,11:15,5,3,9
2023141292234,2023,141292234,2,3,1,2,29,6,3,0,0,0,0,0,9,7,E01019801,3,1,0.0,1.0,-1,6,50,1,1,2,16:10,5,2,9
2023141300849,2023,141300849,1,1,1,1,31,6,2,0,0,0,0,0,9,1,E01007716,7,1,1.0,0.0,-1,1,40,1,1,1,15:20,3,2,9
2023461369066,2023,461369066,2,1,1,1,74,10,3,0,0,0,0,0,9,4,E01024533,3,1,0.0,1.0,-1,6,40,1,1,1,11:48,3,2,9
2023520300841,2023,520300841,1,1,1,2,42,7,3,0,0,0,0,0,9,-1,-1,-1,0,0.04958,0.95042,-1,6,60,1,1,1,14:21,5,2,9
2023440017777,2023,440017777,1,1,3,2,85,11,2,9,9,0,0,0,0,5,E01017045,-1,0,1.0,0.0,-1,6,30,1,1,2,10:02,7,1,8
2023311343887,2023,311343887,1,1,1,1,61,9,3,0,0,0,0,0,9,-1,-1,3,1,0.0,1.0,-1,6,30,1,1,1,13:49,6,1,9
2023421327615,2023,421327615,1,2,2,2,17,4,3,0,0,2,0,0,9,8,E01021533,3,1,0.0,1.0,-1,6,40,1,4,1,23:25,1,1,9
2023361262435,2023,361262435,2,1,1,2,33,6,3,0,0,0,0,0,9,2,E01026459,3,1,0.0,1.0,-1,6,30,2,1,2,11:48,5,2,9
2023430382636,2023,430382636,1,1,1,2,42,7,3,0,0,0,0,0,9,8,E01004919,-1,0,0.08299,0.91701,-1,3,70,1,1,1,12:56,7,2,9
2023131281997,2023,131281997,2,2,2,2,58,9,3,0,0,1,0,0,9,2,E01011359,3,1,0.0,1.0,-1,6,30,1,1,1,14:05,3,2,9
2023201291976,2023,201291976,2,2,2,2,39,7,3,0,0,1,0,0,9,4,E01009767,3,1,0.0,1.0,-1,3,30,2,4,2,18:30,7,2,9
2023010448775,2023,010448775,1,1,3,1,23,5,3,10,9,0,0,0,0,1,E01004199,-1,0,0.0,1.0,-1,9,20,1,1,1,10:03,4,1,9
2023131342069,2023,131342069,1,1,3,1,9,2,2,1,3,0,0,2,0,1,E01011133,6,1,1.0,0.0,-1,6,30,2,4,2,22:00,2,1,9
2023041307034,2023,041307034,1,1,2,1,20,4,2,0,0,1,0,0,9,3,E01006925,6,1,1.0,0.0,-1,6,60,1,1,1,21:00,7,1,9
2023070945877,2023,070945877,2,1,1,2,54,8,3,0,0,0,0,0,9,9,E01018644,-1,0,0.01159,0.98841,-1,3,70,1,1,1,14:55,6,2,9
2023231357373,2023,231357373,1,3,2,2,29,6,3,0,0,1,0,0,9,5,E01009548,3,1,0.0,1.0,-1,6,60,1,1,2,07:51,2,2,9
2023501342826,2023,501342826,1,1,1,2,66,10,3,0,0,0,0,0,9,6,E01029219,3,1,0.0,1.0,-1,6,60,1,1,1,14:59,5,2,9
2023991338555,2023,991338555,1,3,1,1,56,9,3,0,0,0,0,0,9,-1,-1,3,1,0.0,1.0,-1,6,60,1,1,1,17:26,7,4,9
2023010453384,2023,010453384,1,1,3,1,30,6,3,5,9,0,0,0,0,3,E01001264,-1,0,0.0,1.0,-1,6,20,1,1,1,17:00,4,1,3
2023131354062,2023,131354062,1,1,1,1,52,8,2,0,0,0,0,0,1,3,E01033690,6,1,1.0,0.0,-1,6,30,2,4,2,21:15,2,2,1
2023421267634,2023,421267634,1,1,1,1,40,7,2,0,0,0,0,0,5,5,E01021261,7,1,1.0,0.0,-1,3,70,1,1,1,10:38,6,3,5
2023531357665,2023,531357665,1,1,1,1,63,9,2,0,0,0,0,0,5,10,E01031214,6,1,1.0,0.0,-1,6,60,1,1,1,09:55,2,1,5
2023111310281,2023,111310281,2,3,2,1,37,7,3,0,0,1,0,0,9,2,E01020820,3,1,0.0,1.0,-1,6,60,1,1,1,15:05,2,4,9
2023211373165,2023,211373165,2,1,1,2,36,7,3,0,0,0,0,0,9,6,E01029667,3,1,0.0,1.0,-1,3,50,1,4,2,19:30,6,2,9
2023991283815,2023,991283815,2,6,2,2,31,6,3,0,0,2,0,0,9,5,E01019363,3,1,0.0,1.0,-1,6,50,1,1,1,11:24,7,3,9
2023170S11883,2023,170S11883,2,1,1,1,43,7,3,0,0,0,0,0,1,-1,-1,-1,0,0.09489,0.90511,-1,6,30,1,1,2,07:22,4,2,1
2023111393211,2023,111393211,1,2,2,2,16,4,3,0,0,1,0,0,9,3,E01020662,3,1,0.0,1.0,-1,6,60,1,1,2,15:14,6,1,9
2023131383112,2023,131383112,2,2,2,1,24,5,3,0,0,1,0,0,9,1,E01010737,3,1,0.0,1.0,-1,3,40,8,4,4,23:52,3,2,9
2023440019579,2023,440019579,1,1,1,2,30,6,3,0,0,0,0,0,9,4,E01023105,-1,0,0.0281,0.9719,-1,6,30,1,4,1,21:42,1,2,9
2023471326149,2023,471326149,2,2,2,2,6,2,3,0,0,2,0,0,9,7,E01031782,3,1,0.0,1.0,-1,1,30,1,1,1,16:15,5,2,9
2023542308023,2023,542308023,1,1,1,2,44,7,3,0,0,0,0,0,9,5,E01015554,-1,0,0.0288,0.9712,-1,3,40,1,1,1,16:51,5,2,9
2023041344643,2023,041344643,1,1,1,2,65,9,3,0,0,0,0,0,9,4,E01024945,3,1,0.0,1.0,-1,6,30,1,1,1,13:47,7,1,9
2023231357373,2023,231357373,2,2,1,2,39,7,3,0,0,0,0,0,9,7,E01031247,3,1,0.0,1.0,-1,6,60,1,1,2,07:51,2,2,9
2023340WN4752,2023,340WN4752,2,1,1,2,20,4,3,0,0,0,0,0,9,2,E01027161,-1,0,0.0057,0.9943,-1,6,40,1,1,1,11:20,6,2,9
2023111277446,2023,111277446,1,1,3,1,68,10,3,6,8,0,0,0,0,7,E01020601,3,1,0.0,1.0,-1,6,30,1,4,1,20:19,6,1,9
2023041262715,2023,041262715,1,1,1,1,80,11,2,0,0,0,0,0,9,6,E01012730,6,1,1.0,0.0,-1,6,30,5,4,2,17:47,5,1,9
2023461312638,2023,461312638,1,2,2,1,18,4,2,0,0,-1,0,0,9,9,E01016081,7,1,1.0,0.0,-1,6,60,1,1,2,13:13,7,1,9
2023451356194,2023,451356194,2,1,1,1,15,3,3,0,0,0,0,0,1,6,E01030336,3,1,0.0,1.0,-1,6,40,1,1,1,08:14,2,2,1
2023340WN5982,2023,340WN5982,3,3,1,1,31,6,3,0,0,0,0,0,9,8,E01013643,-1,0,0.10754,0.89246,-1,6,60,1,6,1,06:40,2,3,9
2023010431115,2023,010431115,1,1,3,1,27,6,3,9,9,0,0,0,0,2,E01032722,-1,0,0.0,1.0,-1,6,30,3,4,2,22:30,4,1,9
2023231308740,2023,231308740,1,1,1,1,35,6,3,0,0,0,0,0,4,3,E01025852,3,1,0.0,1.0,-1,6,30,1,1,1,07:32,3,2,4
2023010484853,2023,010484853,1,1,2,1,26,6,3,0,0,2,0,0,8,5,E01003742,-1,0,0.0,1.0,-1,6,30,1,4,1,22:40,2,1,8
2023401360183,2023,401360183,1,1,1,1,25,5,3,0,0,0,0,0,9,5,E01023593,3,1,0.0,1.0,-1,6,30,2,4,2,19:58,3,2,9
2023991356208,2023,991356208,2,2,1,1,63,9,3,0,0,0,0,0,9,-1,-1,3,1,0.0,1.0,-1,6,60,1,1,2,18:04,2,2,9
2023010438666,2023,010438666,2,1,1,1,-1,-1,3,0,0,0,0,0,1,3,E01004274,-1,0,0.0,1.0,-1,6,20,1,1,1,15:09,6,2,1
2023471332768,2023,471332768,2,1,1,1,23,5,3,0,0,0,0,0,1,9,E01031393,3,1,0.0,1.0,-1,3,50,1,1,2,07:33,2,2,1
2023052300671,2023,052300671,1,1,3,1,49,8,3,5,9,0,0,0,0,5,E01006848,-1,0,0.11103,0.88897,-1,6,30,1,4,1,20:30,3,1,9
2023201345024,2023,201345024,2,3,2,1,21,5,3,0,0,2,0,0,9,5,E01008951,3,1,0.0,1.0,-1,6,20,1,4,1,23:10,5,2,9
2023421348065,2023,421348065,1,2,1,1,36,7,3,0,0,0,0,0,9,1,E01021302,3,1,0.0,1.0,-1,6,30,1,7,1,05:15,1,1,9
2023010476015,2023,010476015,1,1,1,2,39,7,3,0,0,0,0,0,1,3,E01001789,-1,0,0.0,1.0,-1,9,20,1,1,2,11:45,1,2,1
2023052300317,2023,052300317,1,1,3,2,48,8,3,9,9,0,0,0,0,3,E01007022,-1,0,0.09981,0.90019,-1,6,30,1,1,1,16:00,5,1,9
2023411402131,2023,411402131,1,3,3,1,29,6,3,10,9,0,0,0,0,-1,-1,3,1,0.0,1.0,-1,6,30,1,4,2,21:57,4,2,9
2023010462607,2023,010462607,3,5,2,1,25,5,2,0,0,2,0,0,8,6,E01001565,-1,0,1.0,0.0,-1,3,30,1,4,1,03:09,1,3,8
2023041371423,2023,041371423,2,1,1,1,21,5,3,0,0,0,0,0,9,10,E01022687,3,1,0.0,1.0,-1,3,70,2,4,2,02:46,3,4,9
2023991325974,2023,991325974,2,2,1,1,32,6,3,0,0,0,0,0,11,-1,-1,3,1,0.0,1.0,-1,6,40,1,4,1,22:26,3,2,11
2023991391524,2023,991391524,1,2,3,2,68,10,2,6,9,0,0,2,0,-1,-1,7,1,1.0,0.0,-1,6,20,4,1,1,15:00,6,1,9
2023070557404,2023,070557404,1,1,1,1,23,5,2,0,0,0,0,0,3,4,E01018549,-1,0,1.0,0.0,-1,6,20,1,1,1,03:58,7,1,3
2023070925253,2023,070925253,1,1,2,1,20,4,2,0,0,1,0,0,9,1,E01025504,-1,0,1.0,0.0,-1,3,70,1,1,1,11:53,1,2,9
2023340WN3222,2023,340WN3222,2,1,1,1,24,5,3,0,0,0,0,0,9,7,E01026989,-1,0,0.03654,0.96346,-1,6,40,1,1,1,17:25,2,2,9
2023461301572,2023,461301572,1,1,1,1,29,6,2,0,0,0,0,0,9,2,E01024246,5,1,1.0,0.0,-1,6,50,1,1,1,06:26,5,1,9
2023311301236,2023,311301236,2,1,2,2,60,9,2,0,0,0,2,0,11,2,E01013916,7,1,1.0,0.0,-1,6,30,2,1,2,11:55,6,2,11
2023440428845,2023,440428845,1,1,1,1,31,6,3,0,0,0,0,0,11,4,E01023202,-1,0,0.08335,0.91665,-1,6,60,2,1,2,16:42,5,2,11
2023520300610,2023,520300610,2,12,2,1,45,7,3,0,0,0,4,0,11,8,E01004073,-1,0,0.06432,0.93568,-1,6,40,1,6,4,06:00,3,3,11
2023061364421,2023,061364421,2,1,1,2,56,9,3,0,0,0,0,0,9,5,E01006364,3,1,0.0,1.0,-1,6,30,1,4,1,21:00,3,2,9
2023411364257,2023,411364257,1,1,1,1,49,8,2,0,0,0,0,0,9,10,E01023614,6,1,1.0,0.0,-1,6,40,1,1,1,13:23,6,3,9
2023471324129,2023,471324129,2,1,2,1,26,6,3,0,0,1,0,0,9,6,E01031499,3,1,0.0,1.0,-1,6,50,1,1,1,12:32,4,2,9
2023010443135,2023,010443135,2,1,1,1,79,11,2,0,0,0,0,0,1,5,E01004377,-1,0,1.0,0.0,-1,6,30,1,1,1,20:05,2,2,1
2023161310167,2023,161310167,1,1,2,1,15,3,3,0,0,1,0,0,9,1,E01012915,3,1,0.0,1.0,-1,6,30,1,1,1,20:51,1,2,9
2023320069091,2023,320069091,1,2,1,2,22,5,3,0,0,0,0,0,9,1,E01026374,-1,0,0.04432,0.95568,-1,6,30,1,1,1,13:35,5,2,9
2023351336967,2023,351336967,2,3,2,1,25,5,3,0,0,1,0,0,9,8,E01027181,3,1,0.0,1.0,-1,6,30,1,4,1,22:44,3,2,9
2023461284346,2023,461284346,2,2,1,1,58,9,3,0,0,0,0,0,9,3,E01024222,3,1,0.0,1.0,-1,1,50,1,1,1,06:29,6,2,9
2023010440372,2023,010440372,1,3,2,-1,-1,-1,3,0,0,2,0,0,9,4,E01001939,-1,0,0.0,1.0,-1,6,20,1,1,1,17:50,7,2,9
2023401363896,2023,401363896,2,1,1,1,38,7,3,0,0,0,0,0,9,8,E01017461,3,1,0.0,1.0,-1,6,30,2,4,2,00:02,5,2,9
2023421390951,2023,421390951,1,1,1,2,29,6,3,0,0,0,0,0,9,6,E01001309,3,1,0.0,1.0,-1,6,40,1,1,2,08:20,5,1,9
2023161328061,2023,161328061,1,1,3,1,35,6,3,4,1,0,0,0,0,3,E01012759,3,1,0.0,1.0,-1,6,30,2,1,2,06:55,6,1,3
2023071169988,2023,071169988,1,1,1,2,28,6,2,0,0,0,0,0,9,7,E01018429,-1,0,1.0,0.0,-1,6,60,1,6,1,17:11,3,1,9
2023471347857,2023,471347857,2,1,1,2,46,8,3,0,0,0,0,0,9,7,E01021009,3,1,0.0,1.0,-1,6,30,9,7,2,18:10,6,2,9
2023010476557,2023,010476557,1,1,3,2,52,8,3,1,1,0,0,0,0,8,E01000673,-1,0,0.0,1.0,-1,6,30,1,1,1,18:05,3,1,9
2023141379878,2023,141379878,1,1,3,1,71,10,2,10,9,0,0,0,0,4,E01007816,7,1,1.0,0.0,-1,6,30,1,7,1,22:05,2,1,9
2023421358884,2023,421358884,2,1,1,1,14,3,3,0,0,0,0,0,1,-1,-1,3,1,0.0,1.0,-1,6,30,1,1,1,07:45,1,2,1
2023221359138,2023,221359138,2,1,1,2,25,5,3,0,0,0,0,0,9,7,E01009811,3,1,0.0,1.0,-1,6,60,2,1,2,18:30,5,2,9
2023430526471,2023,430526471,1,1,1,1,53,8,3,0,0,0,0,0,9,2,E01016397,-1,0,0.00896,0.99104,-1,1,30,2,4,2,19:40,4,2,9
2023501275760,2023,501275760,2,1,1,1,50,8,3,0,0,0,0,0,1,4,E01015175,3,1,0.0,1.0,-1,1,30,1,4,1,18:40,6,2,1
2023122300416,2023,122300416,2,1,1,1,41,7,3,0,0,0,0,0,9,2,E01008280,-1,0,0.0425,0.9575,-1,6,60,1,1,1,13:30,4,2,9
2023131383583,2023,131383583,4,1,1,2,36,7,3,0,0,0,0,0,9,8,E01006287,3,1,0.0,1.0,-1,3,70,1,4,1,17:55,4,4,9
2023201405948,2023,201405948,2,3,2,2,16,4,3,0,0,-1,0,0,9,2,E01009161,3,1,0.0,1.0,-1,7,40,1,1,1,15:30,4,2,9
2023451305197,2023,451305197,1,1,1,2,61,9,2,0,0,0,0,0,9,6,E01030524,7,1,1.0,0.0,-1,6,30,1,1,2,08:30,3,3,9
2023471321351,2023,471321351,1,1,1,2,68,10,3,0,0,0,0,0,9,7,E01031813,3,1,0.0,1.0,-1,6,30,1,1,1,15:27,4,1,9
2023991328317,2023,991328317,2,2,2,2,38,7,3,0,0,1,0,0,9,6,-1,3,1,0.0,1.0,-1,3,70,9,1,2,18:40,7,2,9
2023010421873,2023,010421873,1,1,1,1,26,6,3,0,0,0,0,0,3,4,E01000780,-1,0,0.0,1.0,-1,6,20,1,1,1,10:00,3,2,3
2023041304842,2023,041304842,1,1,1,1,59,9,3,0,0,0,0,0,5,4,E01025170,3,1,0.0,1.0,-1,3,40,1,1,1,10:43,1,1,5
2023010459618,2023,010459618,2,3,2,1,36,7,3,0,0,2,0,0,9,3,E01004217,-1,0,0.0,1.0,-1,6,20,2,4,2,22:25,3,2,9
2023201433825,2023,201433825,1,1,1,2,23,5,3,0,0,0,0,0,9,9,E01009816,3,1,0.0,1.0,-1,6,30,1,4,1,23:03,6,1,9
2023041395545,2023,041395545,1,1,3,2,29,6,3,9,5,0,0,0,0,5,E01024998,3,1,0.0,1.0,-1,6,30,1,1,1,11:30,4,1,9
2023311263478,2023,311263478,1,1,3,1,10,2,3,5,4,0,0,0,0,2,E01028238,3,1,0.0,1.0,-1,6,30,9,1,1,15:15,5,1,8
2023052302406,2023,052302406,1,1,1,1,35,6,3,0,0,0,0,0,1,-1,-1,-1,0,0.17215,0.82785,-1,6,30,1,1,1,17:20,3,2,1
2023131360326,2023,131360326,1,1,1,2,44,7,3,0,0,0,0,0,9,5,E01011921,3,1,0.0,1.0,-1,6,30,2,6,2,18:20,6,1,9
2023201305685,2023,201305685,2,2,2,1,27,6,2,0,0,1,0,0,9,1,E01009367,7,1,1.0,0.0,-1,6,30,1,4,1,01:57,1,2,9
2023461393848,2023,461393848,2,1,1,2,24,5,3,0,0,0,0,0,9,10,E01021754,3,1,0.0,1.0,-1,3,70,1,4,1,17:23,6,2,9
2023421304566,2023,421304566,2,1,1,1,40,7,3,0,0,0,0,0,3,3,E01003587,3,1,0.0,1.0,-1,6,30,1,1,1,15:10,6,2,3
2023041279905,2023,041279905,2,1,1,2,79,11,2,0,0,0,0,0,9,8,E01025539,6,1,1.0,0.0,-1,6,30,1,6,1,19:00,5,2,9
2023201297353,2023,201297353,1,1,1,1,49,8,3,0,0,0,0,0,9,2,E01010266,3,1,0.0,1.0,-1,3,50,2,5,2,06:31,6,2,9
2023522300471,2023,522300471,1,1,1,2,24,5,3,0,0,0,0,0,9,1,E01014658,-1,0,0.04721,0.95279,-1,6,20,2,4,2,02:41,7,1,9
2023010429824,2023,010429824,1,1,1,1,34,6,3,0,0,0,0,0,9,4,E01004401,-1,0,0.0,1.0,-1,6,30,1,1,1,09:07,4,2,9
2023131273023,2023,131273023,1,2,1,1,29,6,3,0,0,0,0,0,9,3,E01011903,3,1,0.0,1.0,-1,6,30,1,4,1,21:00,2,2,9
2023221354382,2023,221354382,2,2,2,2,37,7,2,0,0,1,0,0,9,8,E01028887,6,1,1.0,0.0,-1,6,60,1,1,1,19:34,1,2,9
2023361353424,2023,361353424,1,1,1,2,55,8,3,0,0,0,0,0,9,7,E01027216,3,1,0.0,1.0,-1,6,60,1,1,1,18:10,6,2,9
2023211365057,2023,211365057,1,1,3,2,85,11,1,5,3,0,0,0,0,8,E01029509,1,1,0.0,0.0,-1,6,30,2,7,2,19:45,5,1,19
2023401337601,2023,401337601,1,1,1,1,32,6,3,0,0,0,0,0,9,5,E01015763,3,1,0.0,1.0,-1,6,30,2,1,2,12:35,7,2,9
2023411279155,2023,411279155,2,1,1,2,37,7,3,0,0,0,0,0,9,8,E01023552,3,1,0.0,1.0,-1,6,30,1,1,1,13:28,6,2,9
2023010466796,2023,010466796,1,1,1,1,30,6,3,0,0,0,0,0,3,4,E01001165,-1,0,0.0,1.0,-1,9,20,9,1,9,12:30,2,2,3
2023010441906,2023,010441906,1,1,1,2,35,6,3,0,0,0,0,0,9,6,E01029157,-1,0,0.0,1.0,-1,3,70,1,1,1,06:50,3,3,9
2023122300237,2023,122300237,1,1,3,2,19,4,3,6,9,0,0,0,0,5,E01027795,-1,0,0.0192,0.9808,-1,6,30,9,1,9,14:29,6,1,9
2023010485220,2023,010485220,2,1,1,1,41,7,3,0,0,0,0,0,1,6,E01004181,-1,0,0.0,1.0,-1,6,30,1,4,1,19:10,4,2,1
2023351322853,2023,351322853,2,1,1,2,24,5,2,0,0,0,0,0,1,2,E01015610,7,1,1.0,0.0,-1,1,30,1,1,1,13:15,4,2,1
2023430303019,2023,430303019,1,9,2,2,34,6,2,0,0,2,0,0,8,9,E01028723,-1,0,1.0,0.0,-1,6,60,1,6,2,00:11,1,2,8
2023031385920,2023,031385920,1,1,1,1,57,9,3,0,0,0,0,0,9,9,-1,3,1,0.0,1.0,-1,3,70,5,6,2,17:04,1,1,9
2023122301367,2023,122301367,2,2,1,1,48,8,2,0,0,0,0,0,9,6,E01027742,-1,0,1.0,0.0,-1,6,60,2,6,2,17:15,2,2,9
2023031277647,2023,031277647,2,2,1,1,53,8,3,0,0,0,0,0,19,-1,-1,3,1,0.0,1.0,-1,6,60,1,1,1,13:07,6,2,19
2023041351762,2023,041351762,1,1,3,1,11,3,2,5,1,0,0,0,0,1,E01012637,7,1,1.0,0.0,-1,6,30,1,1,1,15:16,3,1,9
2023471359825,2023,471359825,2,1,1,1,52,8,3,0,0,0,0,0,5,9,E01021042,3,1,0.0,1.0,-1,3,70,1,1,1,14:20,4,2,5
2023010479362,2023,010479362,1,1,1,2,21,5,3,0,0,0,0,0,9,2,E01003624,-1,0,0.0,1.0,-1,6,30,1,1,1,14:50,3,2,9
2023131340960,2023,131340960,2,2,2,2,17,4,2,0,0,2,0,0,9,7,E01012989,6,1,1.0,0.0,-1,3,70,1,1,1,08:26,7,2,9
2023522400987,2023,522400987,2,1,1,2,37,7,3,0,0,0,0,0,1,8,E01014553,-1,0,0.08227,0.91773,-1,2,20,2,4,2,20:15,1,2,1
2023122300288,2023,122300288,1,1,1,1,16,4,2,0,0,0,0,0,2,8,E01013373,-1,0,1.0,0.0,-1,6,60,1,1,1,10:15,7,2,2
2023552400015,2023,552400015,2,1,2,2,91,11,2,0,0,1,0,0,9,-1,-1,-1,0,1.0,0.0,-1,6,30,1,1,1,14:40,4,2,9
2023440278568,2023,440278568,1,1,1,1,18,4,2,0,0,0,0,0,3,3,E01032738,-1,0,1.0,0.0,-1,6,30,1,1,1,15:40,3,2,3
2023631354248,2023,631354248,1,1,2,2,20,4,3,0,0,2,0,0,8,7,W01000475,3,1,0.0,1.0,-1,6,50,1,7,1,04:30,1,1,8
2023010468054,2023,010468054,1,1,1,1,23,5,3,0,0,0,0,0,9,2,E01003238,-1,0,0.0,1.0,-1,3,20,1,4,1,23:25,1,1,9
2023991292835,2023,991292835,1,1,1,1,27,6,3,0,0,0,0,0,9,10,-1,3,1,0.0,1.0,-1,6,30,1,1,1,15:00,7,2,9
2023991395191,2023,991395191,2,1,1,1,33,6,3,0,0,0,0,0,9,-1,-1,3,1,0.0,1.0,-1,3,70,2,6,2,18:49,7,2,9
2023211270644,2023,211270644,1,2,3,2,32,6,2,1,3,0,0,0,0,3,E01029448,7,1,1.0,0.0,-1,6,30,1,4,1,16:55,5,1,9
2023411297467,2023,411297467,1,1,1,1,18,4,3,0,0,0,0,0,9,6,E01023845,3,1,0.0,1.0,-1,6,30,1,4,1,20:24,6,4,9
2023522400448,2023,522400448,1,1,2,2,24,5,3,0,0,2,0,0,9,10,E01014911,-1,0,0.01622,0.98378,-1,6,30,1,1,1,13:32,1,2,9
2023010431808,2023,010431808,1,1,1,1,30,6,3,0,0,0,0,0,9,4,E01001635,-1,0,0.0,1.0,-1,6,30,2,4,2,17:48,1,2,9
2023010438934,2023,010438934,2,2,1,1,56,9,3,0,0,0,0,0,9,1,E01002782,-1,0,0.0,1.0,-1,6,30,2,1,2,11:11,1,2,9
2023332300626,2023,332300626,1,1,1,1,25,5,3,0,0,0,0,0,9,1,E01007332,-1,0,0.0537,0.9463,-1,3,70,2,4,2,23:05,7,1,9
2023461332771,2023,461332771,2,1,1,1,85,11,3,0,0,0,0,0,9,8,E01024057,3,1,0.0,1.0,-1,6,30,1,1,1,16:12,6,2,9
2023471321391,2023,471321391,1,1,1,1,25,5,3,0,0,0,0,0,9,8,E01031560,3,1,0.0,1.0,-1,7,70,1,1,1,18:51,4,2,9
2023010461276,2023,010461276,1,1,1,1,22,5,3,0,0,0,0,0,1,2,E01001202,-1,0,0.0,1.0,-1,6,30,9,4,1,01:30,1,1,1
2023991338543,2023,991338543,2,5,2,2,55,8,2,0,0,2,0,0,9,7,E01013290,5,1,1.0,0.0,-1,6,60,1,1,2,13:58,7,2,9
2023361360547,2023,361360547,2,1,1,1,64,9,3,0,0,0,0,0,1,4,E01015776,3,1,0.0,1.0,-1,6,30,1,1,1,14:30,7,2,1
2023991295991,2023,991295991,2,1,1,1,26,6,3,0,0,0,0,0,9,6,-1,3,1,0.0,1.0,-1,3,30,1,1,1,13:05,4,4,9
2023010419877,2023,010419877,1,1,3,1,36,7,3,9,9,0,0,0,0,3,E01004430,-1,0,0.0,1.0,-1,6,30,2,4,2,23:37,5,1,9
2023520301604,2023,520301604,1,1,3,2,17,4,3,5,1,0,0,0,0,6,E01029084,-1,0,0.02628,0.97372,-1,6,30,1,1,1,14:43,6,1,9
2023010453777,2023,010453777,1,1,1,2,48,8,3,0,0,0,0,0,9,5,E01002515,-1,0,0.0,1.0,-1,3,30,1,1,1,16:03,6,2,9
2023221307317,2023,221307317,2,1,1,2,20,4,3,0,0,0,0,0,9,10,E01031250,3,1,0.0,1.0,-1,3,70,1,1,1,14:30,5,2,9
2023461320168,2023,461320168,1,1,1,2,21,5,3,0,0,0,0,0,9,8,E01024015,3,1,0.0,1.0,-1,3,70,1,1,1,17:26,3,1,9
2023131379670,2023,131379670,2,1,1,1,27,6,3,0,0,0,0,0,3,5,E01033008,3,1,0.0,1.0,-1,6,30,1,4,1,16:55,1,2,3
2023010455078,2023,010455078,2,1,1,2,26,6,3,0,0,0,0,0,2,2,E01002033,-1,0,0.0,1.0,-1,3,30,1,1,1,22:22,5,2,2
2023010472844,2023,010472844,1,1,3,2,33,6,3,5,1,0,0,0,0,4,E01001097,-1,0,0.0,1.0,-1,3,30,2,1,2,17:20,4,1,9
202360A172002,2023,60A172002,1,1,3,2,11,3,3,1,1,0,0,0,0,-1,-1,-1,0,0.18274,0.81726,-1,6,20,1,1,2,15:35,6,1,9
2023061301001,2023,061301001,1,1,2,2,50,8,2,0,0,-1,0,0,8,-1,-1,7,1,1.0,0.0,-1,6,30,1,4,1,02:20,7,2,8
2023221326471,2023,221326471,1,1,1,1,58,9,3,0,0,0,0,0,19,4,W01001415,3,1,0.0,1.0,-1,6,30,1,1,1,17:30,3,2,19
2023122400250,2023,122400250,2,2,1,1,56,9,3,0,0,0,0,0,19,7,E01019240,-1,0,0.10592,0.89408,-1,6,60,1,6,2,03:50,6,2,19
2023351264930,2023,351264930,2,1,1,2,26,6,3,0,0,0,0,0,9,7,E01018168,3,1,0.0,1.0,-1,6,30,2,4,2,18:10,7,2,9
2023991302323,2023,991302323,2,3,2,2,65,9,2,0,0,1,0,0,9,9,-1,6,1,1.0,0.0,-1,6,60,1,1,1,16:28,7,2,9