collision_index,collision_year,collision_ref_no,vehicle_reference,casualty_reference,casualty_class,sex_of_casualty,age_of_casualty,age_band_of_casualty,casualty_severity,pedestrian_location,pedestrian_movement,car_passenger,bus_or_coach_passenger,pedestrian_road_maintenance_worker,casualty_type,casualty_imd_decile,lsoa_of_casualty,enhanced_casualty_severity,casualty_injury_based,casualty_adjusted_severity_serious,casualty_adjusted_severity_slight,casualty_distance_banding,road_type,speed_limit,weather_conditions,light_conditions,road_surface_conditions,time,day_of_week,number_of_vehicles,vehicle_type
2023010455748,2023,010455748,1,1,3,2,13,3,3,6,9,0,0,0,0,6,E01003311,-1,0,0.0,1.0,-1,7,20,1,1,1,15:50,2,1,11
2023010446588,2023,010446588,1,1,3,2,72,10,2,6,9,0,0,0,0,5,E01002745,-1,0,1.0,0.0,-1,6,20,1,1,1,14:53,6,1,9
2023010431892,2023,010431892,1,1,3,1,39,7,2,1,1,0,0,0,0,6,E01002485,-1,0,1.0,0.0,-1,9,30,2,4,9,08:36,1,1,9
2023010421248,2023,010421248,2,1,1,1,38,7,3,0,0,0,0,0,3,3,E01004571,-1,0,0.0,1.0,-1,6,30,1,4,1,20:06,6,2,3
2023371391518,2023,371391518,2,1,1,1,38,7,2,0,0,0,0,0,4,6,E01029919,7,1,1.0,0.0,-1,6,20,4,4,1,17:29,6,2,4
2023471311173,2023,471311173,1,1,1,1,55,8,3,0,0,0,0,0,97,4,E01016973,3,1,0.0,1.0,-1,6,60,1,1,1,19:40,4,1,97
2023332301084,2023,332301084,1,1,1,1,30,6,3,0,0,0,0,0,5,9,E01019678,-1,0,0.01017,0.98983,-1,6,40,2,1,2,16:55,2,2,5
2023211324719,2023,211324719,1,1,3,2,17,4,3,5,1,0,0,0,0,6,E01029389,3,1,0.0,1.0,-1,6,30,1,1,1,13:59,5,1,9
2023041381581,2023,041381581,1,1,3,2,64,9,2,5,3,0,0,0,0,1,E01012574,5,1,1.0,0.0,-1,6,30,8,4,4,21:34,6,1,9
2023471361006,2023,471361006,1,1,3,2,60,9,3,5,9,0,0,0,0,7,E01031782,3,1,0.0,1.0,-1,6,30,1,1,1,12:00,1,1,9
2023010453731,2023,010453731,1,1,1,1,35,6,3,0,0,0,0,0,3,4,E01003118,-1,0,0.0,1.0,-1,9,30,9,1,9,14:30,5,2,3
202354A399423,2023,54A399423,2,1,1,1,58,9,2,0,0,0,0,0,5,6,E01032065,-1,0,1.0,0.0,-1,1,60,1,1,1,18:02,7,2,5
2023010428484,2023,010428484,1,1,1,1,39,7,3,0,0,0,0,0,9,3,E01027245,-1,0,0.0,1.0,-1,9,20,1,1,1,15:09,3,2,9
2023052300657,2023,052300657,2,1,1,1,23,5,3,0,0,0,0,0,9,5,E01006491,-1,0,0.00394,0.99606,-1,6,30,1,1,1,18:00,7,2,9
2023131326282,2023,131326282,2,1,2,2,30,6,3,0,0,1,0,0,9,4,E01010669,3,1,0.0,1.0,-1,3,30,1,1,1,11:35,4,2,9
2023231337219,2023,231337219,2,2,2,2,16,4,3,0,0,2,0,0,9,-1,-1,3,1,0.0,1.0,-1,6,60,1,1,1,21:42,6,3,9
2023520301315,2023,520301315,2,1,1,1,26,6,3,0,0,0,0,0,9,-1,-1,-1,0,0.01684,0.98316,-1,7,30,1,1,1,19:28,7,2,9
2023122300738,2023,122300738,2,4,2,2,54,8,3,0,0,1,0,0,9,4,E01027787,-1,0,0.06092,0.93908,-1,6,30,1,1,1,20:42,1,2,9
2023221295964,2023,221295964,1,2,2,2,17,4,3,0,0,1,0,0,9,8,E01032189,3,1,0.0,1.0,-1,6,60,1,1,2,09:51,4,1,9
2023451329212,2023,451329212,2,2,1,1,39,7,3,0,0,0,0,0,9,6,E01030862,3,1,0.0,1.0,-1,6,30,2,1,2,18:45,5,2,9
2023131291987,2023,131291987,2,1,1,1,32,6,3,0,0,0,0,0,9,4,E01011810,3,1,0.0,1.0,-1,2,20,2,1,2,18:40,4,2,9
2023221286174,2023,221286174,1,2,2,2,27,6,2,0,0,1,0,0,9,-1,-1,6,1,1.0,0.0,-1,3,70,1,1,1,12:24,2,1,9
2023361278924,2023,361278924,1,1,1,1,46,8,3,0,0,0,0,0,9,6,E01026778,3,1,0.0,1.0,-1,6,40,1,1,1,14:09,1,3,9
202360A136437,2023,60A136437,1,2,2,1,32,6,3,0,0,1,0,0,9,-1,-1,-1,0,0.05204,0.94796,-1,6,30,1,1,1,15:46,6,2,9
2023010423981,2023,010423981,1,2,2,2,-1,-1,3,0,0,1,0,0,9,2,E01004296,-1,0,0.0,1.0,-1,3,30,1,4,1,19:15,6,2,9
2023170L10263,2023,170L10263,2,2,1,2,24,5,3,0,0,0,0,0,9,6,E01027814,-1,0,0.05399,0.94601,-1,6,60,1,1,1,10:50,7,2,9
2023201321458,2023,201321458,1,3,2,1,12,3,3,0,0,1,0,0,9,1,E01009331,3,1,0.0,1.0,-1,6,30,1,1,1,08:54,5,2,9
2023201380340,2023,201380340,2,1,1,1,36,7,3,0,0,0,0,0,9,-1,-1,3,1,0.0,1.0,-1,6,30,1,4,1,15:00,7,2,9
2023332301128,2023,332301128,1,1,1,1,-1,-1,3,0,0,0,0,0,9,8,E01031284,-1,0,0.02846,0.97154,-1,6,60,1,6,2,17:10,2,2,9
202360A188766,2023,60A188766,2,1,2,1,13,3,3,0,0,1,0,0,9,-1,-1,-1,0,0.03138,0.96862,-1,6,50,1,4,1,18:27,4,2,9
2023131291986,2023,131291986,2,2,1,2,30,6,3,0,0,0,0,0,9,6,E01010689,3,1,0.0,1.0,-1,6,60,2,6,2,08:00,5,3,9
2023201348333,2023,201348333,1,2,2,2,25,5,3,0,0,2,0,0,9,1,E01009892,3,1,0.0,1.0,-1,3,40,1,1,1,17:05,1,2,9
2023471298125,2023,471298125,1,1,1,1,39,7,3,0,0,0,0,0,9,6,E01024833,3,1,0.0,1.0,-1,6,30,1,1,1,17:50,3,2,9
2023471341721,2023,471341721,1,3,1,1,63,9,3,0,0,0,0,0,9,4,E01020966,3,1,0.0,1.0,-1,1,30,1,4,1,04:15,3,2,9
2023991348182,2023,991348182,1,1,1,2,69,10,3,0,0,0,0,0,9,5,-1,3,1,0.0,1.0,-1,6,60,1,1,1,17:30,7,1,9
2023010439159,2023,010439159,1,1,1,2,38,7,3,0,0,0,0,0,9,-1,-1,-1,0,0.0,1.0,-1,1,30,1,4,2,22:48,1,3,9
2023201420214,2023,201420214,2,1,1,1,47,8,3,0,0,0,0,0,9,8,E01022446,3,1,0.0,1.0,-1,6,30,2,4,2,18:59,2,2,9
2023231390796,2023,231390796,2,1,1,1,22,5,3,0,0,0,0,0,9,8,E01029489,3,1,0.0,1.0,-1,3,50,1,6,2,19:00,5,2,9
2023440046354,2023,440046354,1,1,1,2,34,6,3,0,0,0,0,0,9,6,E01017014,-1,0,0.0272,0.9728,-1,6,30,1,1,1,13:05,6,2,9
2023010446282,2023,010446282,1,1,1,1,21,5,3,0,0,0,0,0,19,4,E01000801,-1,0,0.0,1.0,-1,6,30,1,4,1,23:00,4,1,19
2023311308599,2023,311308599,2,1,1,2,25,5,2,0,0,0,0,0,9,4,E01028343,5,1,1.0,0.0,-1,6,50,1,1,1,18:10,4,2,9
2023332301120,2023,332301120,1,1,1,1,59,9,3,0,0,0,0,0,9,2,E01013676,-1,0,0.04887,0.95113,-1,6,30,2,1,2,10:15,1,1,9
2023221340468,2023,221340468,2,2,1,1,40,7,1,0,0,0,0,0,9,9,E01032351,1,1,0.0,0.0,-1,6,60,1,1,1,20:30,5,4,9
2023231265946,2023,231265946,2,1,1,1,20,4,3,0,0,0,0,0,9,4,E01031096,3,1,0.0,1.0,-1,6,30,1,1,2,11:13,4,3,9
2023302300932,2023,302300932,1,4,1,1,26,6,3,0,0,0,0,0,9,2,E01019498,-1,0,0.1069,0.8931,-1,6,60,2,1,2,09:25,3,3,9
2023071016186,2023,071016186,2,2,2,2,10,2,3,0,0,1,0,0,9,8,E01018567,-1,0,0.01174,0.98826,-1,1,30,1,1,1,16:15,2,2,9
202360A142479,2023,60A142479,2,2,1,2,25,5,3,0,0,0,0,0,9,-1,-1,-1,0,0.06693,0.93307,-1,6,30,1,1,1,16:15,2,2,9
2023010467887,2023,010467887,1,1,1,2,61,9,3,0,0,0,0,0,9,5,E01016577,-1,0,0.0,1.0,-1,3,30,1,1,1,18:23,7,3,9
2023052300283,2023,052300283,1,1,1,2,79,11,3,0,0,0,0,0,9,3,E01006799,-1,0,0.07168,0.92832,-1,3,30,4,4,2,17:28,2,1,9
2023401375618,2023,401375618,2,2,2,1,15,3,3,0,0,2,0,0,9,1,E01009346,3,1,0.0,1.0,-1,3,70,2,1,2,13:15,1,2,9
2023010458682,2023,010458682,2,1,1,1,36,7,3,0,0,0,0,0,3,1,E01000524,-1,0,0.0,1.0,-1,1,30,1,1,1,13:32,5,2,3
2023041375101,2023,041375101,1,1,1,2,24,5,2,0,0,0,0,0,3,9,E01005017,6,1,1.0,0.0,-1,6,50,2,1,2,15:30,3,2,3
2023440473576,2023,440473576,2,2,1,1,21,5,2,0,0,0,0,0,3,1,E01017036,-1,0,1.0,0.0,-1,6,30,2,4,2,18:09,1,2,3
2023010478268,2023,010478268,1,1,3,2,38,7,3,1,3,0,0,0,0,3,E01003565,-1,0,0.0,1.0,-1,6,30,1,1,1,08:50,5,1,9
2023111393420,2023,111393420,2,2,2,1,10,2,3,0,0,2,0,0,1,2,E01020838,3,1,0.0,1.0,-1,6,30,2,4,2,18:22,7,2,1
2023010437263,2023,010437263,1,1,3,2,42,7,3,1,9,0,0,0,0,5,E01004624,-1,0,0.0,1.0,-1,6,20,1,1,1,18:30,5,1,1
2023351285281,2023,351285281,2,1,1,2,19,4,3,0,0,0,0,0,2,7,E01018210,3,1,0.0,1.0,-1,6,30,3,1,-1,13:05,4,2,2
2023010439980,2023,010439980,1,1,1,1,54,8,3,0,0,0,0,0,5,7,E01030864,-1,0,0.0,1.0,-1,6,20,2,1,2,19:19,5,2,5
2023544676123,2023,544676123,2,1,1,1,59,9,3,0,0,0,0,0,5,9,E01015482,-1,0,0.12761,0.87239,-1,1,40,1,1,1,11:37,5,2,5
2023010458946,2023,010458946,1,1,1,2,31,6,3,0,0,0,0,0,9,8,E01025981,-1,0,0.0,1.0,-1,6,20,1,1,1,16:57,6,2,9
2023041310279,2023,041310279,1,2,2,2,18,4,3,0,0,1,0,0,9,4,E01033072,3,1,0.0,1.0,-1,6,60,1,6,1,21:40,2,1,9
2023201295664,2023,201295664,2,1,1,1,44,7,3,0,0,0,0,0,9,10,E01010183,3,1,0.0,1.0,-1,6,30,1,1,1,18:00,1,2,9
2023361358274,2023,361358274,1,1,1,1,52,8,3,0,0,0,0,0,9,10,E01026927,3,1,0.0,1.0,-1,6,60,1,1,1,16:09,1,3,9
2023421379719,2023,421379719,2,1,1,1,34,6,3,0,0,0,0,0,19,9,E01021682,3,1,0.0,1.0,-1,6,30,1,4,1,18:28,2,2,19
2023451327235,2023,451327235,1,1,3,1,58,9,3,10,8,0,0,0,0,10,E01030899,3,1,0.0,1.0,-1,6,30,1,1,1,15:25,6,1,20
2023211306494,2023,211306494,2,1,1,1,82,11,3,0,0,0,0,0,9,-1,-1,3,1,0.0,1.0,-1,6,30,1,1,1,11:50,3,3,9
2023471340223,2023,471340223,2,1,1,2,-1,-1,3,0,0,0,0,0,9,3,E01016911,3,1,0.0,1.0,-1,6,30,1,1,1,17:50,2,2,9
202354C005223,2023,54C005223,2,1,2,2,58,9,3,0,0,0,4,0,11,-1,-1,-1,0,0.03419,0.96581,-1,3,70,1,1,1,17:05,2,2,11
2023071282184,2023,071282184,1,1,2,2,26,6,2,0,0,1,0,0,9,5,E01005873,-1,0,1.0,0.0,-1,3,70,1,6,1,02:58,1,2,9
2023010449050,2023,010449050,1,1,1,-1,26,6,3,0,0,0,0,0,3,3,E01033464,-1,0,0.0,1.0,-1,6,20,9,1,9,15:30,4,2,3
2023010438734,2023,010438734,1,1,1,2,56,9,3,0,0,0,0,0,9,6,E01001347,-1,0,0.0,1.0,-1,6,30,1,4,1,00:20,7,2,9
2023552300557,2023,552300557,2,2,2,1,10,2,3,0,0,2,0,0,9,2,E01015312,-1,0,0.00584,0.99416,-1,6,30,1,1,1,16:32,4,2,9
2023201414546,2023,201414546,1,1,1,1,23,5,3,0,0,0,0,0,9,1,E01009963,3,1,0.0,1.0,-1,6,30,1,5,2,17:52,7,3,9
2023440283723,2023,440283723,1,1,1,1,28,6,3,0,0,0,0,0,9,1,E01017332,-1,0,0.16212,0.83788,-1,6,60,5,1,2,20:32,6,1,9
2023041380892,2023,041380892,2,2,1,1,21,5,3,0,0,0,0,0,9,1,E01012675,3,1,0.0,1.0,-1,6,30,1,4,1,15:23,1,2,9
2023340NN3392,2023,340NN3392,1,1,1,1,54,8,3,0,0,0,0,0,9,9,E01027053,-1,0,0.08153,0.91847,-1,6,60,1,1,1,13:10,7,2,9
2023421319834,2023,421319834,2,2,1,1,76,11,2,0,0,0,0,0,9,6,E01021907,6,1,1.0,0.0,-1,6,40,1,1,1,15:42,7,2,9
2023461383240,2023,461383240,2,1,1,1,76,11,2,0,0,0,0,0,9,3,E01016102,7,1,1.0,0.0,-1,3,30,1,4,1,23:10,4,2,9
2023501362982,2023,501362982,1,4,2,2,77,11,3,0,0,1,0,0,9,7,E01018818,3,1,0.0,1.0,-1,6,60,1,6,1,21:35,7,2,9
2023061346481,2023,061346481,1,2,2,1,4,1,3,0,0,2,0,0,9,2,E01005449,3,1,0.0,1.0,-1,6,30,1,1,1,15:24,7,2,9
2023111282178,2023,111282178,2,1,1,2,31,6,3,0,0,0,0,0,9,10,E01020713,3,1,0.0,1.0,-1,1,30,2,1,2,16:51,4,2,9
2023122300857,2023,122300857,1,1,1,1,51,8,3,0,0,0,0,0,9,4,E01005304,-1,0,0.12932,0.87068,-1,6,60,1,1,1,14:55,1,3,9
2023131302837,2023,131302837,2,1,1,1,28,6,3,0,0,0,0,0,9,1,E01011658,3,1,0.0,1.0,-1,6,30,1,1,1,15:35,6,2,9
2023332300470,2023,332300470,1,1,1,2,55,8,3,0,0,0,0,0,9,7,E01013791,-1,0,0.00884,0.99116,-1,7,60,1,1,1,15:18,1,2,9
2023421275024,2023,421275024,2,1,1,1,77,11,2,0,0,0,0,0,9,3,E01021974,6,1,1.0,0.0,-1,6,30,1,4,1,19:29,5,3,9
2023010474368,2023,010474368,1,2,2,-1,-1,-1,3,0,0,1,0,0,9,-1,-1,-1,0,0.0,1.0,-1,3,70,2,4,2,21:00,2,3,9
2023041363946,2023,041363946,2,1,1,2,40,7,3,0,0,0,0,0,9,1,E01012603,3,1,0.0,1.0,-1,3,70,1,5,1,09:18,2,2,9
2023991326819,2023,991326819,1,1,1,1,24,5,3,0,0,0,0,0,9,-1,-1,3,1,0.0,1.0,-1,6,60,1,1,2,07:37,6,1,9
2023430166965,2023,430166965,1,1,1,2,16,4,3,0,0,0,0,0,-1,-1,-1,-1,0,0.14205,0.85795,-1,3,70,1,1,1,17:37,2,2,-1
2023471323553,2023,471323553,1,1,3,1,34,6,3,5,1,0,0,0,0,4,E01016857,3,1,0.0,1.0,-1,6,30,1,1,1,09:08,4,2,9
2023201289366,2023,201289366,1,1,3,2,40,7,3,5,2,0,0,0,0,3,E01010094,3,1,0.0,1.0,-1,6,30,1,1,1,15:10,2,1,9
2023010471242,2023,010471242,2,1,1,1,39,7,2,0,0,0,0,0,1,4,E01000547,-1,0,1.0,0.0,-1,6,20,1,1,1,16:00,3,2,1
2023041281183,2023,041281183,2,1,1,1,47,8,3,0,0,0,0,0,1,6,E01025586,3,1,0.0,1.0,-1,1,30,1,1,1,08:00,3,2,1
2023311346392,2023,311346392,1,1,3,1,7,2,3,1,3,0,0,0,0,2,E01028147,3,1,0.0,1.0,-1,6,30,1,1,1,16:14,2,1,8
2023430512670,2023,430512670,1,1,3,2,58,9,3,5,1,0,0,0,0,4,E01016710,-1,0,0.05753,0.94247,-1,6,30,8,1,1,15:45,3,1,9
2023010474156,2023,010474156,1,1,1,1,53,8,3,0,0,0,0,0,9,3,E01001298,-1,0,0.0,1.0,-1,9,30,8,1,1,15:45,4,2,9
2023061364422,2023,061364422,1,3,1,1,25,5,3,0,0,0,0,0,9,1,E01005464,3,1,0.0,1.0,-1,6,30,4,4,1,20:38,3,2,9
2023351270939,2023,351270939,2,1,1,1,42,7,3,0,0,0,0,0,9,3,E01015677,3,1,0.0,1.0,-1,6,40,7,1,2,13:55,1,2,9
2023061354498,2023,061354498,2,2,1,1,31,6,3,0,0,0,0,0,8,3,E01005372,3,1,0.0,1.0,-1,6,30,1,1,1,15:10,4,4,8
2023451281428,2023,451281428,1,1,1,1,31,6,3,0,0,0,0,0,19,8,E01030485,3,1,0.0,1.0,-1,6,40,1,1,1,14:15,1,3,19
2023010466197,2023,010466197,1,2,2,2,26,6,3,0,0,1,0,0,9,4,E01000039,-1,0,0.0,1.0,-1,6,30,1,4,1,08:24,4,2,9
2023201307348,2023,201307348,1,3,2,1,21,5,2,0,0,2,0,0,9,1,E01013570,7,1,1.0,0.0,-1,3,30,1,4,1,03:01,7,2,9
2023991346243,2023,991346243,1,1,2,2,59,9,2,0,0,1,0,0,9,-1,-1,5,1,1.0,0.0,-1,6,30,1,1,1,14:05,7,2,9
2023161275945,2023,161275945,1,1,1,1,33,6,3,0,0,0,0,0,9,8,E01013226,3,1,0.0,1.0,-1,3,70,1,1,1,07:44,3,1,9
2023361367095,2023,361367095,2,4,1,2,44,7,3,0,0,0,0,0,9,7,E01026533,3,1,0.0,1.0,-1,6,60,1,6,2,20:17,4,2,9
2023411384408,2023,411384408,2,2,1,2,29,6,3,0,0,0,0,0,9,10,E01023498,3,1,0.0,1.0,-1,3,40,1,4,1,17:05,3,2,9
2023471310213,2023,471310213,1,1,1,1,22,5,2,0,0,0,0,0,97,4,E01031573,7,1,1.0,0.0,-1,6,30,1,1,1,16:31,2,1,97
2023031296935,2023,031296935,1,1,1,1,20,4,3,0,0,0,0,0,9,5,E01019314,3,1,0.0,1.0,-1,6,60,1,1,1,09:00,7,1,9
2023231320544,2023,231320544,5,4,1,1,56,9,3,0,0,0,0,0,9,3,E01028232,3,1,0.0,1.0,-1,3,70,1,1,1,06:31,5,5,9
2023401363372,2023,401363372,2,1,1,2,24,5,3,0,0,0,0,0,9,6,E01017623,3,1,0.0,1.0,-1,3,30,1,4,1,06:40,4,2,9
2023411312699,2023,411312699,2,2,1,1,44,7,3,0,0,0,0,0,9,4,E01021844,3,1,0.0,1.0,-1,1,50,1,1,2,17:24,6,2,9
2023501286847,2023,501286847,1,1,1,2,50,8,3,0,0,0,0,0,9,6,E01020226,3,1,0.0,1.0,-1,6,40,2,1,2,12:20,5,3,9
2023531291070,2023,531291070,2,1,1,2,53,8,3,0,0,0,0,0,9,10,E01022354,3,1,0.0,1.0,-1,6,30,1,1,1,16:55,2,2,9
2023332300200,2023,332300200,1,1,1,1,63,9,2,0,0,0,0,0,9,9,E01025947,-1,0,1.0,0.0,-1,6,50,2,1,2,13:10,7,2,9
2023340WN4482,2023,340WN4482,1,1,1,2,60,9,3,0,0,0,0,0,9,4,E01027252,-1,0,0.06215,0.93785,-1,6,40,1,1,1,16:56,3,2,9
2023440410200,2023,440410200,1,2,2,2,30,6,3,0,0,1,0,0,9,5,E01020364,-1,0,0.1207,0.8793,-1,3,60,1,1,1,11:20,7,4,9
2023131343738,2023,131343738,2,4,2,2,35,6,3,0,0,1,0,0,9,2,E01009788,3,1,0.0,1.0,-1,3,70,1,1,1,18:50,1,3,9
2023061303750,2023,061303750,1,1,1,1,54,8,3,0,0,0,0,0,9,4,E01005300,3,1,0.0,1.0,-1,6,30,2,5,-1,22:00,5,1,9
2023010442137,2023,010442137,1,1,1,1,38,7,3,0,0,0,0,0,97,-1,-1,-1,0,0.0,1.0,-1,6,20,1,1,1,17:15,5,2,97
2023320778676,2023,320778676,1,2,1,1,25,5,3,0,0,0,0,0,9,4,E01026044,-1,0,0.03172,0.96828,-1,6,30,1,1,2,14:35,3,2,9
2023141330698,2023,141330698,2,2,1,1,60,9,3,0,0,0,0,0,9,5,E01007785,3,1,0.0,1.0,-1,6,60,2,1,2,14:43,3,2,9
2023010468007,2023,010468007,1,1,2,2,79,11,3,0,0,0,3,0,11,4,E01032639,-1,0,0.0,1.0,-1,6,30,1,1,1,16:55,1,1,11
2023010482604,2023,010482604,2,1,1,1,32,6,3,0,0,0,0,0,3,3,E01001117,-1,0,0.0,1.0,-1,6,30,1,1,2,14:59,5,2,3
2023471380164,2023,471380164,2,1,1,1,19,4,2,0,0,0,0,0,3,1,E01016915,7,1,1.0,0.0,-1,3,30,1,4,1,23:10,3,2,3
2023031381461,2023,031381461,2,2,1,1,73,10,3,0,0,0,0,0,9,2,E01019299,3,1,0.0,1.0,-1,6,60,1,1,2,10:55,6,2,9
2023302301491,2023,302301491,2,1,1,2,36,7,3,0,0,0,0,0,9,3,E01019792,-1,0,0.04878,0.95122,-1,6,30,1,1,1,12:30,5,3,9
2023991264347,2023,991264347,3,2,1,1,51,8,2,0,0,0,0,0,9,9,-1,7,1,1.0,0.0,-1,3,70,1,6,1,07:08,3,3,9
2023371280052,2023,371280052,2,1,1,1,20,4,2,0,0,0,0,0,1,3,E01029962,7,1,1.0,0.0,-1,1,30,2,4,2,07:00,4,2,1
2023161285483,2023,161285483,2,1,1,2,30,6,3,0,0,0,0,0,9,-1,-1,3,1,0.0,1.0,-1,6,60,3,1,3,08:25,6,3,9
2023211384705,2023,211384705,1,1,1,1,54,8,3,0,0,0,0,0,21,-1,-1,3,1,0.0,1.0,-1,3,70,1,6,2,18:28,6,2,21
2023010483329,2023,010483329,1,1,1,1,29,6,3,0,0,0,0,0,8,2,E01001842,-1,0,0.0,1.0,-1,9,20,1,1,1,11:40,6,2,8
2023631350198,2023,631350198,2,3,2,2,77,11,3,0,0,0,4,0,11,8,E01019101,3,1,0.0,1.0,-1,6,60,1,1,1,14:10,3,3,11
2023031330750,2023,031330750,2,1,1,2,38,7,2,0,0,0,0,0,9,-1,-1,7,1,1.0,0.0,-1,6,30,1,1,1,15:15,2,2,9
2023131285148,2023,131285148,1,3,2,1,23,5,3,0,0,1,0,0,9,1,E01011491,3,1,0.0,1.0,-1,3,70,6,6,3,22:34,5,1,9
2023131376381,2023,131376381,1,4,2,1,20,4,2,0,0,2,0,0,9,1,E01010624,7,1,1.0,0.0,-1,6,30,2,4,2,18:41,1,3,9
2023320761374,2023,320761374,3,1,1,2,45,7,3,0,0,0,0,0,9,3,E01026122,-1,0,0.0186,0.9814,-1,6,50,1,6,2,18:05,2,3,9
2023520301823,2023,520301823,1,1,2,1,2,1,3,0,0,2,0,0,9,4,E01029334,-1,0,0.01057,0.98943,-1,6,50,1,1,1,11:10,7,2,9
2023991365652,2023,991365652,1,2,2,1,44,7,2,0,0,1,0,0,9,8,-1,7,1,1.0,0.0,-1,6,60,2,1,2,16:30,1,1,9
2023122301229,2023,122301229,1,1,3,1,76,11,3,6,6,0,0,0,0,8,E01027666,-1,0,0.16539,0.83461,-1,6,30,1,1,1,17:45,5,1,9
2023041349318,2023,041349318,2,1,1,1,49,8,3,0,0,0,0,0,1,7,E01024990,3,1,0.0,1.0,-1,6,30,9,1,1,08:34,7,2,1
2023122301043,2023,122301043,2,1,1,1,59,9,3,0,0,0,0,0,1,9,E01027848,-1,0,0.14062,0.85938,-1,6,30,1,1,1,13:20,6,2,1
2023471329839,2023,471329839,1,3,2,1,38,7,3,0,0,2,0,0,9,1,E01032575,3,1,0.0,1.0,-1,6,50,4,6,2,23:30,7,1,9
2023522300824,2023,522300824,1,3,2,1,49,8,3,0,0,2,0,0,9,1,E01032518,-1,0,0.04894,0.95106,-1,6,60,1,1,1,17:35,2,2,9
2023522400440,2023,522400440,1,3,2,2,15,3,3,0,0,2,0,0,9,10,E01014901,-1,0,0.02822,0.97178,-1,1,30,2,4,2,21:15,1,2,9
2023610049123,2023,610049123,1,1,1,1,23,5,3,0,0,1,0,0,9,7,W01001377,-1,0,0.11852,0.88148,-1,6,60,2,6,2,16:50,2,1,9
2023332301104,2023,332301104,3,2,1,1,45,7,2,0,0,0,0,0,19,7,E01013685,-1,0,1.0,0.0,-1,6,30,1,4,2,06:50,4,3,19
2023340NN9082,2023,340NN9082,1,1,3,1,62,9,1,8,7,0,0,0,0,3,E01027104,-1,0,0.0,0.0,-1,3,40,1,1,1,14:22,6,1,21
2023501399745,2023,501399745,2,1,1,2,63,9,3,0,0,0,0,0,9,2,E01018857,3,1,0.0,1.0,-1,3,50,1,1,1,14:15,6,2,9
2023520301033,2023,520301033,1,1,1,2,54,8,3,0,0,0,0,0,9,3,E01029072,-1,0,0.02712,0.97288,-1,6,30,1,1,1,10:20,3,2,9
2023471301728,2023,471301728,2,1,1,1,33,6,3,0,0,0,0,0,19,10,E01021210,3,1,0.0,1.0,-1,6,60,2,1,2,16:40,5,2,19
2023131389117,2023,131389117,1,1,3,2,56,9,2,7,1,0,0,2,0,3,E01011824,7,1,1.0,0.0,-1,6,30,8,1,1,10:45,7,1,9
2023440300570,2023,440300570,2,1,1,1,32,6,3,0,0,0,0,0,19,3,E01017105,-1,0,0.03444,0.96556,-1,6,30,1,1,1,11:50,4,2,19
2023520300912,2023,520300912,1,2,2,1,23,5,3,0,0,1,0,0,9,5,E01029322,-1,0,0.09794,0.90206,-1,6,60,1,6,1,22:54,3,2,9
2023991362199,2023,991362199,2,7,2,2,14,3,2,0,0,0,4,0,11,5,-1,7,1,1.0,0.0,-1,6,30,1,1,1,09:15,5,2,11
2023010486653,2023,010486653,2,2,1,1,27,6,3,0,0,0,0,0,9,7,E01000723,-1,0,0.0,1.0,-1,6,20,2,1,2,14:40,7,2,9
2023031300177,2023,031300177,3,2,1,2,34,6,3,0,0,0,0,0,9,5,E01019170,3,1,0.0,1.0,-1,6,40,1,1,1,10:25,2,4,9
2023421376851,2023,421376851,1,1,1,2,79,11,2,0,0,0,0,0,9,3,E01015884,6,1,1.0,0.0,-1,3,40,1,4,2,19:38,2,4,9
2023041341242,2023,041341242,3,7,1,1,36,7,3,0,0,0,0,0,19,4,E01019276,3,1,0.0,1.0,-1,3,70,1,1,1,16:50,6,3,19
2023471372723,2023,471372723,1,1,3,2,29,6,3,4,1,0,0,0,0,5,E01016849,3,1,0.0,1.0,-1,6,20,1,4,2,18:30,5,1,19
2023010460740,2023,010460740,1,3,2,-1,-1,-1,3,0,0,2,0,0,9,8,E01002181,-1,0,0.0,1.0,-1,6,20,8,1,1,15:20,4,2,9
2023070232095,2023,070232095,1,4,2,2,16,4,1,0,0,2,0,0,9,2,E01005280,-1,0,0.0,0.0,-1,6,30,2,4,2,03:15,1,2,9
2023311260690,2023,311260690,1,1,1,1,18,4,2,0,0,0,0,0,9,8,E01028047,5,1,1.0,0.0,-1,6,60,1,1,2,14:17,7,1,9
2023071018783,2023,071018783,2,2,1,1,57,9,3,0,0,0,0,0,19,5,E01018444,-1,0,0.09346,0.90654,-1,6,60,1,1,2,08:43,3,2,19
2023010427751,2023,010427751,1,1,1,1,27,6,3,0,0,0,0,0,21,2,E01001464,-1,0,0.0,1.0,-1,3,40,1,4,1,19:00,6,2,21
2023122300298,2023,122300298,2,1,1,1,55,8,3,0,0,0,0,0,5,9,E01012297,-1,0,0.13864,0.86136,-1,6,30,1,1,1,13:44,4,2,5
2023201419563,2023,201419563,1,1,1,1,51,8,3,0,0,0,0,0,9,1,E01009033,3,1,0.0,1.0,-1,6,30,1,1,1,12:35,5,2,9
2023332300595,2023,332300595,1,2,3,2,52,8,3,6,9,0,0,0,0,1,E01013653,-1,0,0.09374,0.90626,-1,3,30,1,4,1,18:32,1,1,9