collision_index,collision_year,collision_ref_no,vehicle_reference,casualty_reference,casualty_class,sex_of_casualty,age_of_casualty,age_band_of_casualty,casualty_severity,pedestrian_location,pedestrian_movement,car_passenger,bus_or_coach_passenger,pedestrian_road_maintenance_worker,casualty_type,casualty_imd_decile,lsoa_of_casualty,enhanced_casualty_severity,casualty_injury_based,casualty_adjusted_severity_serious,casualty_adjusted_severity_slight,casualty_distance_banding,road_type,speed_limit,weather_conditions,light_conditions,road_surface_conditions,time,day_of_week,number_of_vehicles,vehicle_type
2023041362651,2023,041362651,1,1,1,1,41,7,3,0,0,0,0,0,9,1,E01012595,3,1,0.0,1.0,-1,6,20,2,1,2,13:55,4,3,9
2023122300150,2023,122300150,2,1,1,2,35,6,3,0,0,0,0,0,9,3,E01011817,-1,0,0.03742,0.96258,-1,6,40,1,7,2,18:14,3,2,9
2023302301278,2023,302301278,1,1,1,1,19,4,3,0,0,0,0,0,9,4,E01028098,-1,0,0.07267,0.92733,-1,6,30,1,4,1,00:11,6,1,9
2023440354603,2023,440354603,1,3,2,2,5,1,3,0,0,2,0,0,9,10,E01022883,-1,0,0.08182,0.91818,-1,6,40,1,1,1,17:47,6,2,9
2023010445304,2023,010445304,1,1,3,1,34,6,2,5,1,0,0,0,0,5,E01002632,-1,0,1.0,0.0,-1,6,20,1,1,1,16:15,6,1,9
2023010436349,2023,010436349,1,1,1,1,37,7,3,0,0,0,0,0,19,5,E01000158,-1,0,0.0,1.0,-1,7,20,1,1,1,10:33,6,2,19
2023010485016,2023,010485016,1,2,3,2,57,9,2,8,1,0,0,0,0,2,E01000952,-1,0,1.0,0.0,-1,2,20,1,4,2,16:50,3,1,1
2023052301136,2023,052301136,1,1,3,2,15,3,2,5,1,0,0,0,0,1,E01006467,-1,0,1.0,0.0,-1,6,30,1,1,1,17:05,5,1,3
2023010453519,2023,010453519,1,1,1,1,37,7,3,0,0,0,0,0,3,2,E01004246,-1,0,0.0,1.0,-1,6,20,1,1,1,17:28,4,2,3
2023010424073,2023,010424073,1,1,3,2,12,3,3,1,1,0,0,0,0,1,E01003577,-1,0,0.0,1.0,-1,7,20,8,4,1,17:51,7,1,9
2023302300778,2023,302300778,2,1,1,1,26,6,2,0,0,0,0,0,3,1,E01019664,-1,0,1.0,0.0,-1,6,30,1,1,1,19:19,4,2,3
2023531304151,2023,531304151,2,3,1,1,52,8,3,0,0,0,0,0,9,10,E01022350,3,1,0.0,1.0,-1,6,30,1,4,1,01:30,5,2,9
2023531302067,2023,531302067,2,1,1,1,12,3,3,0,0,0,0,0,-1,1,E01022289,3,1,0.0,1.0,-1,6,20,9,1,1,12:20,2,2,-1
2023010472473,2023,010472473,1,1,3,2,16,4,3,1,1,0,0,0,0,4,E01032773,-1,0,0.0,1.0,-1,6,20,1,1,1,11:27,3,1,3
2023131307917,2023,131307917,1,1,3,1,9,2,3,6,9,0,0,1,0,1,E01011791,3,1,0.0,1.0,-1,6,30,1,1,1,15:35,2,2,9
2023010453228,2023,010453228,2,1,1,2,47,8,3,0,0,0,0,0,9,8,E01002385,-1,0,0.0,1.0,-1,7,30,2,4,2,20:00,3,2,9
2023131387377,2023,131387377,2,1,1,1,63,9,3,0,0,0,0,0,1,7,E01011692,3,1,0.0,1.0,-1,6,30,1,1,2,15:40,1,2,1
2023501333760,2023,501333760,1,1,1,1,45,7,3,0,0,0,0,0,9,4,E01018820,3,1,0.0,1.0,-1,6,60,1,1,1,09:00,3,3,9
2023131379581,2023,131379581,2,1,1,1,24,5,3,0,0,0,0,0,9,4,E01026090,3,1,0.0,1.0,-1,6,40,1,1,1,13:00,1,3,9
2023201461584,2023,201461584,2,2,2,2,31,6,3,0,0,1,0,0,9,6,E01010223,3,1,0.0,1.0,-1,6,30,1,1,1,12:45,2,2,9
2023211331993,2023,211331993,2,2,1,1,44,7,3,0,0,0,0,0,9,6,E01014338,3,1,0.0,1.0,-1,6,30,1,1,1,17:37,6,3,9
2023361339138,2023,361339138,2,1,1,1,71,10,3,0,0,0,0,0,9,7,E01026528,3,1,0.0,1.0,-1,3,40,1,1,1,17:41,2,3,9
2023461277355,2023,461277355,1,1,1,1,36,7,3,0,0,0,0,0,9,8,E01024089,3,1,0.0,1.0,-1,3,70,1,1,1,11:53,3,2,9
2023501265023,2023,501265023,1,1,3,1,32,6,3,5,9,0,0,0,0,1,E01015256,3,1,0.0,1.0,-1,6,30,1,1,2,14:47,4,1,9
2023501330679,2023,501330679,1,1,3,1,42,7,3,1,9,0,0,0,0,8,E01019921,3,1,0.0,1.0,-1,6,30,1,1,1,14:45,2,1,9
2023101332351,2023,101332351,1,1,2,1,13,3,3,0,0,2,0,0,9,-1,-1,3,1,0.0,1.0,-1,6,60,2,1,2,14:40,7,1,9
2023201410138,2023,201410138,2,2,1,1,58,9,3,0,0,0,0,0,9,1,E01009404,3,1,0.0,1.0,-1,6,30,2,1,2,13:58,6,3,9
2023061347803,2023,061347803,1,1,3,1,63,9,2,5,2,0,0,0,0,3,E01005686,5,1,1.0,0.0,-1,6,30,1,4,1,21:41,6,3,9
2023440339465,2023,440339465,1,1,3,2,90,11,2,5,1,0,0,0,0,10,E01022644,-1,0,1.0,0.0,-1,6,30,1,1,1,11:15,3,1,19
2023010457904,2023,010457904,2,1,1,1,17,4,2,0,0,0,0,0,3,5,E01004046,-1,0,1.0,0.0,-1,6,20,1,1,1,19:15,7,2,3
2023430416325,2023,430416325,2,3,2,2,9,2,3,0,0,9,0,0,9,5,E01017907,-1,0,0.03894,0.96106,-1,6,30,1,1,1,16:46,7,3,9
2023031322894,2023,031322894,2,2,2,2,56,9,3,0,0,0,0,0,19,7,-1,3,1,0.0,1.0,-1,6,40,1,1,1,14:51,7,2,19
2023201289488,2023,201289488,2,1,1,1,30,6,3,0,0,0,0,0,1,-1,-1,3,1,0.0,1.0,-1,1,30,1,4,2,21:55,5,2,1
2023010428641,2023,010428641,2,1,1,2,50,8,3,0,0,0,0,0,9,5,E01004483,-1,0,0.0,1.0,-1,6,20,2,1,2,16:45,4,2,9
2023231364575,2023,231364575,1,1,2,2,29,6,3,0,0,1,0,0,9,3,E01031065,3,1,0.0,1.0,-1,6,30,1,4,1,19:20,3,1,9
2023421356248,2023,421356248,1,3,2,2,20,4,3,0,0,2,0,0,9,5,E01021551,3,1,0.0,1.0,-1,3,70,1,1,1,22:55,2,1,9
2023471326764,2023,471326764,1,1,2,1,11,3,3,0,0,1,0,0,9,2,E01016918,3,1,0.0,1.0,-1,6,20,1,1,1,18:40,5,2,9
2023221310353,2023,221310353,1,2,2,2,24,5,3,0,0,1,0,0,9,5,E01014178,3,1,0.0,1.0,-1,6,30,1,1,1,19:30,1,1,9
2023351271202,2023,351271202,2,1,1,1,43,7,3,0,0,0,0,0,9,2,E01015662,3,1,0.0,1.0,-1,3,40,2,1,2,09:42,7,3,9
2023451389141,2023,451389141,1,1,1,1,68,10,3,0,0,0,0,0,9,8,E01030538,3,1,0.0,1.0,-1,3,50,1,1,2,14:50,7,1,9
2023461300595,2023,461300595,1,2,2,2,21,5,3,0,0,1,0,0,9,6,E01033091,3,1,0.0,1.0,-1,6,60,1,1,1,16:42,2,3,9
2023501329809,2023,501329809,1,1,1,2,32,6,3,0,0,0,0,0,9,9,E01030757,3,1,0.0,1.0,-1,3,70,5,1,2,12:56,6,1,9
2023547385523,2023,547385523,3,3,2,1,19,4,3,0,0,1,0,0,9,-1,-1,-1,0,0.00891,0.99109,-1,3,70,5,1,2,15:48,6,3,9
2023421342907,2023,421342907,2,2,1,1,47,8,3,0,0,0,0,0,19,2,E01021488,3,1,0.0,1.0,-1,3,70,1,1,1,17:06,5,3,19
2023010462819,2023,010462819,1,1,1,1,22,5,3,0,0,0,0,0,3,3,E01000640,-1,0,0.0,1.0,-1,6,20,1,1,1,15:14,1,2,3
2023131343459,2023,131343459,1,1,2,2,22,5,3,0,0,1,0,0,9,1,E01011735,3,1,0.0,1.0,-1,3,40,1,1,1,19:20,7,1,9
2023340NN1572,2023,340NN1572,2,1,1,2,48,8,3,0,0,0,0,0,9,8,E01027335,-1,0,0.05038,0.94962,-1,6,30,1,1,1,16:00,6,2,9
2023451369655,2023,451369655,2,2,1,1,22,5,2,0,0,0,0,0,9,9,E01030783,5,1,1.0,0.0,-1,3,70,1,1,1,17:30,4,2,9
2023010434680,2023,010434680,1,1,1,2,53,8,3,0,0,0,0,0,9,2,E01004267,-1,0,0.0,1.0,-1,6,20,1,1,1,17:20,2,2,9
2023540254923,2023,540254923,2,2,1,2,20,4,3,0,0,0,0,0,9,9,E01031920,-1,0,0.04241,0.95759,-1,6,60,1,1,1,14:47,1,2,9
2023041365475,2023,041365475,2,1,1,1,18,4,3,0,0,0,0,0,3,9,E01024966,3,1,0.0,1.0,-1,6,30,1,4,1,18:08,7,2,3
2023052300112,2023,052300112,1,1,3,1,53,8,3,5,9,0,0,0,0,4,E01006466,-1,0,0.15515,0.84485,-1,6,30,1,4,1,20:30,4,1,19
2023010461929,2023,010461929,1,1,1,1,76,11,3,0,0,0,0,0,9,3,E01003405,-1,0,0.0,1.0,-1,6,20,1,4,1,23:35,3,2,9
2023631368731,2023,631368731,1,1,1,1,25,5,2,0,0,0,0,0,3,3,W01000626,6,1,1.0,0.0,-1,6,20,2,4,2,22:20,2,2,3
2023131320895,2023,131320895,1,2,1,1,33,6,3,0,0,0,0,0,9,9,E01011628,3,1,0.0,1.0,-1,6,60,2,1,2,13:21,3,2,9
2023371313931,2023,371313931,1,1,2,2,9,2,3,0,0,1,0,0,9,-1,-1,3,1,0.0,1.0,-1,6,30,1,1,1,17:47,5,2,9
2023461305890,2023,461305890,1,1,3,2,69,10,2,1,4,0,0,0,0,5,E01024356,7,1,1.0,0.0,-1,3,30,1,1,1,11:30,7,1,5
2023631311516,2023,631311516,2,1,1,1,38,7,3,0,0,0,0,0,1,8,W01000517,3,1,0.0,1.0,-1,6,20,1,1,1,19:20,3,2,1
2023010421008,2023,010421008,1,1,1,1,30,6,3,0,0,0,0,0,3,6,E01003366,-1,0,0.0,1.0,-1,9,30,1,1,2,15:35,5,2,3
2023552300355,2023,552300355,2,1,1,1,20,4,2,0,0,0,0,0,5,8,E01020344,-1,0,1.0,0.0,-1,6,40,1,4,1,11:16,7,2,5
2023061381847,2023,061381847,1,1,1,1,23,5,3,0,0,0,0,0,9,4,E01005327,3,1,0.0,1.0,-1,6,20,3,4,2,18:50,7,3,9
2023631390045,2023,631390045,1,1,1,1,26,6,3,0,0,0,0,0,9,9,W01000527,3,1,0.0,1.0,-1,6,60,2,6,2,06:45,3,2,9
2023311358176,2023,311358176,2,1,1,1,21,5,2,0,0,0,0,0,1,9,E01001096,5,1,1.0,0.0,-1,6,50,1,1,2,10:57,1,3,1
2023471337972,2023,471337972,2,4,1,2,53,8,3,0,0,0,0,0,9,7,E01031500,3,1,0.0,1.0,-1,3,70,1,5,1,17:50,5,3,9
2023501269821,2023,501269821,1,1,1,1,24,5,3,0,0,0,0,0,9,7,E01020317,3,1,0.0,1.0,-1,6,60,1,1,1,08:45,2,2,9
2023610043923,2023,610043923,1,1,1,1,19,4,3,0,0,1,0,0,9,2,W01001333,-1,0,0.1787,0.8213,-1,6,50,1,4,1,20:32,2,1,9
2023010476448,2023,010476448,1,1,3,2,83,11,1,1,1,0,0,0,0,-1,-1,-1,0,0.0,0.0,-1,6,20,8,1,1,11:17,3,1,9
2023461305547,2023,461305547,1,1,3,2,12,3,3,5,1,0,0,0,0,5,E01024156,3,1,0.0,1.0,-1,6,30,1,1,1,14:15,4,1,9
2023471258639,2023,471258639,1,1,3,1,21,5,3,5,1,0,0,0,0,8,E01016995,3,1,0.0,1.0,-1,6,20,4,4,2,00:20,1,1,9
2023221293529,2023,221293529,2,1,1,1,61,9,3,0,0,0,0,0,9,10,E01028613,3,1,0.0,1.0,-1,6,40,1,1,1,14:30,3,2,9
2023421352039,2023,421352039,2,1,1,2,46,8,3,0,0,0,0,0,9,9,E01030124,3,1,0.0,1.0,-1,1,60,1,1,1,16:25,6,2,9
2023471299189,2023,471299189,2,1,1,1,27,6,3,0,0,0,0,0,9,5,E01031401,3,1,0.0,1.0,-1,6,60,1,1,1,18:20,4,2,9
2023471302639,2023,471302639,3,2,1,1,45,7,3,0,0,0,0,0,9,4,E01016986,3,1,0.0,1.0,-1,6,20,1,1,1,17:10,2,3,9
202354D375823,2023,54D375823,1,1,3,1,14,3,3,2,3,0,0,0,0,8,E01032071,-1,0,0.05146,0.94854,-1,6,30,1,1,1,08:10,2,1,9
2023070341775,2023,070341775,1,1,1,1,16,4,3,0,0,0,0,0,1,5,E01018483,-1,0,0.11274,0.88726,-1,6,30,1,1,2,13:33,2,2,1
2023430506468,2023,430506468,2,1,1,1,53,8,2,0,0,0,0,0,1,3,E01028553,-1,0,1.0,0.0,-1,6,20,2,1,2,09:05,4,2,1
2023010441409,2023,010441409,1,1,1,2,37,7,2,0,0,0,0,0,9,7,E01000156,-1,0,1.0,0.0,-1,3,30,1,1,1,18:42,6,2,9
2023201309946,2023,201309946,1,3,2,2,84,11,2,0,0,1,0,0,9,9,E01009912,7,1,1.0,0.0,-1,6,30,1,1,1,11:12,2,2,9
2023010452713,2023,010452713,1,2,2,1,25,5,3,0,0,1,0,0,9,4,E01001148,-1,0,0.0,1.0,-1,6,30,1,4,1,23:28,7,1,9
2023070890007,2023,070890007,2,1,1,2,82,11,3,0,0,0,0,0,9,8,E01012373,-1,0,0.01618,0.98382,-1,6,30,1,1,1,09:00,6,2,9
2023522400165,2023,522400165,1,1,1,1,54,8,3,0,0,0,0,0,9,6,E01032669,-1,0,0.03091,0.96909,-1,6,30,1,1,1,14:23,5,2,9
2023010427541,2023,010427541,2,1,1,1,-1,-1,3,0,0,0,0,0,1,-1,-1,-1,0,0.0,1.0,-1,7,30,1,1,2,16:50,5,2,1
2023421325667,2023,421325667,2,1,1,2,31,6,3,0,0,0,0,0,9,4,E01021809,3,1,0.0,1.0,-1,6,40,1,1,1,12:00,1,2,9
2023010471849,2023,010471849,2,1,1,1,27,6,3,0,0,0,0,0,3,4,E01000976,-1,0,0.0,1.0,-1,1,30,2,4,2,19:55,6,2,3
2023010434424,2023,010434424,1,1,1,2,48,8,3,0,0,0,0,0,9,7,E01001965,-1,0,0.0,1.0,-1,1,20,1,1,1,12:12,3,2,9
2023041363008,2023,041363008,2,1,1,1,35,6,3,0,0,0,0,0,9,4,E01025034,3,1,0.0,1.0,-1,6,50,8,1,2,08:05,6,3,9
2023201298405,2023,201298405,4,1,1,1,30,6,3,0,0,0,0,0,9,-1,-1,3,1,0.0,1.0,-1,6,20,2,4,2,21:33,4,7,9
2023201325768,2023,201325768,1,2,2,2,12,3,3,0,0,1,0,0,9,6,E01032462,3,1,0.0,1.0,-1,6,30,1,1,2,10:00,6,2,9
2023221302359,2023,221302359,1,1,1,2,18,4,3,0,0,0,0,0,9,10,E01032271,3,1,0.0,1.0,-1,1,40,1,4,1,23:08,7,1,9
2023451370523,2023,451370523,2,2,2,2,10,2,3,0,0,1,0,0,9,5,E01030572,3,1,0.0,1.0,-1,6,30,1,1,1,15:05,3,2,9
2023371279108,2023,371279108,2,2,1,1,67,10,3,0,0,0,0,0,19,9,E01026552,3,1,0.0,1.0,-1,6,60,1,1,1,08:00,5,2,19
2023430486513,2023,430486513,1,1,3,2,18,4,3,5,1,0,0,0,0,5,E01016502,-1,0,0.04598,0.95402,-1,6,30,5,4,2,19:20,7,1,9
2023201320268,2023,201320268,1,2,2,2,57,9,3,0,0,1,0,0,9,3,E01031095,3,1,0.0,1.0,-1,3,30,2,1,2,11:53,4,2,9
2023501369579,2023,501369579,1,1,2,2,40,7,3,0,0,1,0,0,9,-1,-1,3,1,0.0,1.0,-1,3,30,5,4,2,20:55,4,2,9
2023522324471,2023,522324471,1,1,1,1,32,6,3,0,0,0,0,0,1,7,E01014512,-1,0,0.03229,0.96771,-1,6,20,1,4,1,16:43,7,2,1
2023461275098,2023,461275098,2,2,1,1,51,8,3,0,0,0,0,0,9,6,E01023985,3,1,0.0,1.0,-1,6,50,1,6,1,07:18,6,2,9
202360A066054,2023,60A066054,2,1,1,2,54,8,3,0,0,0,0,0,9,-1,-1,-1,0,0.01285,0.98715,-1,6,30,1,1,1,17:30,5,2,9
2023991316501,2023,991316501,2,3,2,2,36,7,3,0,0,2,0,0,9,-1,-1,3,1,0.0,1.0,-1,6,60,1,1,1,12:11,5,2,9
2023991358721,2023,991358721,1,2,1,1,19,4,2,0,0,0,0,0,9,9,-1,7,1,1.0,0.0,-1,6,60,1,6,1,23:05,2,2,9
2023010430053,2023,010430053,1,1,3,2,28,6,3,5,9,0,0,0,0,3,E01002445,-1,0,0.0,1.0,-1,6,30,1,1,1,12:40,5,1,9
2023010461692,2023,010461692,1,1,2,2,89,11,3,0,0,2,0,0,8,5,E01003411,-1,0,0.0,1.0,-1,6,20,1,1,1,12:05,2,3,8
2023991317379,2023,991317379,1,2,2,2,12,3,3,0,0,1,0,0,9,7,-1,3,1,0.0,1.0,-1,3,50,1,1,1,14:50,1,2,9
2023010434204,2023,010434204,1,2,2,-1,-1,-1,3,0,0,1,0,0,9,2,E01000013,-1,0,0.0,1.0,-1,3,30,2,1,2,17:04,6,1,9
2023061326960,2023,061326960,2,2,2,1,45,7,3,0,0,-1,0,0,9,-1,-1,3,1,0.0,1.0,-1,6,30,2,1,-1,07:35,7,2,9
2023430270924,2023,430270924,2,3,2,2,10,2,3,0,0,2,0,0,9,10,E01028622,-1,0,0.05685,0.94315,-1,6,60,2,1,2,09:07,3,2,9
2023631363257,2023,631363257,1,2,1,1,31,6,3,0,0,0,0,0,9,6,W01000540,3,1,0.0,1.0,-1,6,60,1,1,1,09:10,2,2,9
2023061388069,2023,061388069,2,1,1,1,18,4,3,0,0,0,0,0,1,-1,-1,3,1,0.0,1.0,-1,6,30,1,4,-1,19:50,1,2,1
2023461273654,2023,461273654,1,1,1,1,17,4,3,0,0,0,0,0,5,5,E01032654,3,1,0.0,1.0,-1,6,30,1,4,1,21:17,5,2,5
2023161396723,2023,161396723,1,1,1,1,49,8,3,0,0,0,0,0,9,4,E01027830,3,1,0.0,1.0,-1,1,60,1,6,1,17:30,7,1,9
2023201349562,2023,201349562,2,1,1,2,54,8,3,0,0,0,0,0,9,1,E01009222,3,1,0.0,1.0,-1,6,30,1,1,1,19:21,4,4,9
2023302300740,2023,302300740,2,1,1,1,28,6,3,0,0,0,0,0,9,5,E01013582,-1,0,0.00651,0.99349,-1,6,30,1,1,1,17:40,5,2,9
2023340WN5232,2023,340WN5232,1,1,1,1,28,6,3,0,0,0,0,0,9,-1,-1,-1,0,0.18319,0.81681,-1,3,70,1,6,1,01:35,1,2,9
2023451296843,2023,451296843,2,1,1,2,32,6,3,0,0,0,0,0,9,8,E01002915,3,1,0.0,1.0,-1,6,50,2,4,2,23:06,6,3,9
202363B016723,2023,63B016723,1,1,1,2,21,5,3,0,0,0,0,0,9,9,W01000534,-1,0,0.10271,0.89729,-1,6,60,1,1,1,10:20,2,1,9
2023010474251,2023,010474251,1,2,2,2,18,4,2,0,0,1,0,0,9,2,E01000429,-1,0,1.0,0.0,-1,6,30,1,4,1,00:30,6,1,9
2023041299942,2023,041299942,2,2,2,2,32,6,3,0,0,1,0,0,9,1,E01025042,3,1,0.0,1.0,-1,6,30,8,1,1,18:00,7,2,9
2023221379152,2023,221379152,1,1,1,2,26,6,2,0,0,0,0,0,9,10,E01033061,6,1,1.0,0.0,-1,6,30,1,4,1,17:09,7,2,9
2023440091661,2023,440091661,1,1,1,1,36,7,3,0,0,0,0,0,9,2,E01022833,-1,0,0.06131,0.93869,-1,6,40,2,4,2,19:43,2,2,9
2023061299114,2023,061299114,1,1,3,1,57,9,3,1,3,0,0,0,0,6,E01005391,3,1,0.0,1.0,-1,6,30,1,4,1,22:00,4,1,9
2023351363765,2023,351363765,2,1,1,1,43,7,3,0,0,0,0,0,1,6,E01018170,3,1,0.0,1.0,-1,1,30,1,1,1,16:57,1,2,1
2023411315799,2023,411315799,2,1,1,2,24,5,3,0,0,0,0,0,3,10,E01023595,3,1,0.0,1.0,-1,6,30,1,1,-1,12:30,6,2,3
202354A767623,2023,54A767623,1,1,1,2,24,5,3,0,0,0,0,0,3,8,E01032712,-1,0,0.14449,0.85551,-1,3,40,1,4,1,20:03,3,1,3
2023421335466,2023,421335466,2,1,1,2,47,8,3,0,0,0,0,0,9,7,E01021413,3,1,0.0,1.0,-1,6,60,2,1,2,11:14,1,2,9
2023552300441,2023,552300441,1,1,1,1,66,10,3,0,0,0,0,0,1,9,E01031965,-1,0,0.1491,0.8509,-1,6,30,1,1,1,09:55,5,2,1
2023141321574,2023,141321574,1,1,1,2,26,6,3,0,0,0,0,0,9,1,E01007402,3,1,0.0,1.0,-1,1,30,1,1,1,16:20,4,2,9
2023991302601,2023,991302601,1,1,1,1,65,9,2,0,0,0,0,0,5,-1,-1,7,1,1.0,0.0,-1,6,60,2,1,2,11:02,2,2,5
2023010425713,2023,010425713,2,2,2,1,6,2,3,0,0,2,0,0,9,2,E01003303,-1,0,0.0,1.0,-1,6,20,1,1,1,16:05,2,3,9
2023010436395,2023,010436395,1,1,1,1,40,7,3,0,0,0,0,0,9,2,E01003093,-1,0,0.0,1.0,-1,6,20,1,1,1,18:53,6,2,9
2023430367993,2023,430367993,1,1,1,2,40,7,3,0,0,0,0,0,9,-1,-1,-1,0,0.08602,0.91398,-1,6,40,1,1,1,12:30,5,1,9
2023501314469,2023,501314469,2,1,1,1,42,7,3,0,0,0,0,0,9,6,E01014591,3,1,0.0,1.0,-1,6,60,1,1,1,20:50,2,2,9
2023122300236,2023,122300236,3,2,2,1,26,6,3,0,0,0,0,0,19,-1,-1,-1,0,0.00687,0.99313,-1,6,60,1,1,1,15:48,5,3,19
2023411326588,2023,411326588,1,1,3,2,53,8,3,9,9,0,0,0,0,9,E01022073,3,1,0.0,1.0,-1,6,30,1,1,-1,16:30,5,1,10
2023010462338,2023,010462338,2,1,1,1,27,6,3,0,0,0,0,0,1,5,E01002556,-1,0,0.0,1.0,-1,6,30,1,1,1,13:56,6,2,1
2023010462648,2023,010462648,1,1,1,1,61,9,3,0,0,0,0,0,9,8,E01002318,-1,0,0.0,1.0,-1,6,30,1,1,1,11:35,1,2,9
2023221368377,2023,221368377,2,1,1,2,40,7,3,0,0,0,0,0,9,6,E01032431,3,1,0.0,1.0,-1,6,60,1,1,2,16:58,5,3,9
2023471357083,2023,471357083,2,2,1,2,60,9,3,0,0,0,0,0,9,10,E01031646,3,1,0.0,1.0,-1,6,30,1,4,1,01:38,5,2,9
2023501339158,2023,501339158,1,1,1,1,18,4,3,0,0,0,0,0,9,-1,-1,3,1,0.0,1.0,-1,6,60,1,6,1,23:15,2,1,9
2023991286112,2023,991286112,2,1,1,2,32,6,3,0,0,0,0,0,9,2,-1,3,1,0.0,1.0,-1,6,30,1,1,1,12:20,6,2,9
2023531331278,2023,531331278,2,1,1,1,51,8,3,0,0,0,0,0,1,4,E01022309,3,1,0.0,1.0,-1,6,30,1,1,1,13:15,7,2,1
2023010422277,2023,010422277,1,1,1,2,28,6,3,0,0,0,0,0,3,5,E01017835,-1,0,0.0,1.0,-1,9,20,9,1,9,12:26,6,2,3
2023010427347,2023,010427347,1,1,1,1,43,7,3,0,0,0,0,0,3,3,E01004429,-1,0,0.0,1.0,-1,6,20,1,1,1,08:40,4,2,3
2023131302638,2023,131302638,2,1,1,2,74,10,3,0,0,0,0,0,9,1,E01010845,3,1,0.0,1.0,-1,6,30,1,1,1,16:40,2,2,9
2023332300417,2023,332300417,1,1,1,2,48,8,3,0,0,0,0,0,9,7,E01025937,-1,0,0.00285,0.99715,-1,6,30,2,1,2,19:20,5,2,9
2023340NN2482,2023,340NN2482,2,1,1,2,64,9,2,0,0,0,0,0,9,8,E01025804,-1,0,1.0,0.0,-1,6,60,2,1,2,17:00,3,2,9
2023631332198,2023,631332198,1,1,1,1,78,11,2,0,0,0,0,0,9,6,E01025514,6,1,1.0,0.0,-1,6,30,2,1,2,12:00,7,2,9
2023991357086,2023,991357086,1,1,1,1,22,5,3,0,0,0,0,0,9,4,-1,3,1,0.0,1.0,-1,6,30,5,6,2,01:30,5,1,9
2023471371888,2023,471371888,2,1,1,1,24,5,3,0,0,0,0,0,1,4,E01021224,3,1,0.0,1.0,-1,1,40,1,1,1,07:15,3,2,1
2023010447214,2023,010447214,1,1,1,1,40,7,3,0,0,0,0,0,4,4,E01001444,-1,0,0.0,1.0,-1,1,20,1,1,1,15:36,2,2,4
2023010476578,2023,010476578,1,1,1,1,25,5,3,0,0,0,0,0,4,3,E01000553,-1,0,0.0,1.0,-1,3,20,4,4,1,21:29,3,2,4
2023101349850,2023,101349850,1,1,3,2,51,8,3,1,1,0,0,0,0,6,E01008869,3,1,0.0,1.0,-1,6,20,1,1,1,19:00,1,1,2
2023010433873,2023,010433873,2,1,1,1,56,9,3,0,0,0,0,0,1,5,E01004152,-1,0,0.0,1.0,-1,6,30,8,7,2,00:07,6,2,1
2023991365646,2023,991365646,2,3,1,2,35,6,3,0,0,0,0,0,9,9,-1,3,1,0.0,1.0,-1,6,60,1,1,1,14:41,7,2,9
2023010435422,2023,010435422,1,1,1,1,41,7,3,0,0,0,0,0,1,2,E01004044,-1,0,0.0,1.0,-1,9,20,1,1,2,17:32,5,2,1
2023201319360,2023,201319360,2,1,1,1,39,7,3,0,0,0,0,0,3,1,E01009013,3,1,0.0,1.0,-1,1,30,1,1,1,04:48,4,2,3
2023070059025,2023,070059025,1,1,1,1,35,6,2,0,0,0,0,0,9,3,E01012522,-1,0,1.0,0.0,-1,6,40,1,4,2,17:39,6,2,9
2023440210396,2023,440210396,2,2,2,2,9,2,3,0,0,1,0,0,9,2,E01024193,-1,0,0.06099,0.93901,-1,6,40,1,1,1,17:20,7,3,9
2023991291488,2023,991291488,1,1,1,2,23,5,3,0,0,0,0,0,9,-1,-1,3,1,0.0,1.0,-1,3,70,1,4,1,17:20,3,4,9
2023471390722,2023,471390722,2,1,1,1,49,8,3,0,0,0,0,0,1,5,E01021000,3,1,0.0,1.0,-1,1,30,1,1,1,07:54,4,2,1
2023010424312,2023,010424312,1,1,1,1,28,6,3,0,0,0,0,0,3,2,E01001152,-1,0,0.0,1.0,-1,1,20,1,1,1,13:30,1,2,3
2023131262430,2023,131262430,2,1,1,1,24,5,3,0,0,0,0,0,3,1,E01011106,3,1,0.0,1.0,-1,6,40,2,4,2,19:35,4,2,3
2023552300626,2023,552300626,1,1,1,1,18,4,2,0,0,0,0,0,3,-1,-1,-1,0,1.0,0.0,-1,6,60,1,1,1,15:35,7,2,3
2023041368570,2023,041368570,2,1,1,1,76,11,2,0,0,0,0,0,9,10,E01025464,5,1,1.0,0.0,-1,6,30,8,1,2,10:51,2,2,9
2023071101406,2023,071101406,2,2,1,2,55,8,3,0,0,0,0,0,9,9,E01018585,-1,0,0.03719,0.96281,-1,6,30,1,4,2,21:44,1,2,9
2023302300668,2023,302300668,1,1,2,2,18,4,3,0,0,1,0,0,9,6,E01026058,-1,0,0.05641,0.94359,-1,1,60,1,1,1,18:45,4,2,9
2023320499799,2023,320499799,2,2,1,2,62,9,3,0,0,0,0,0,9,8,E01026191,-1,0,0.03918,0.96082,-1,6,60,1,1,1,12:15,3,2,9
2023361285659,2023,361285659,4,2,1,2,21,5,3,0,0,0,0,0,9,4,E01026733,3,1,0.0,1.0,-1,6,50,3,1,3,15:40,6,8,9
2023451352461,2023,451352461,1,1,1,2,23,5,3,0,0,0,0,0,9,3,E01030788,3,1,0.0,1.0,-1,7,70,1,1,1,10:30,3,2,9