collision_index,collision_year,collision_ref_no,vehicle_reference,casualty_reference,casualty_class,sex_of_casualty,age_of_casualty,age_band_of_casualty,casualty_severity,pedestrian_location,pedestrian_movement,car_passenger,bus_or_coach_passenger,pedestrian_road_maintenance_worker,casualty_type,casualty_imd_decile,lsoa_of_casualty,enhanced_casualty_severity,casualty_injury_based,casualty_adjusted_severity_serious,casualty_adjusted_severity_slight,casualty_distance_banding,road_type,speed_limit,weather_conditions,light_conditions,road_surface_conditions,time,day_of_week,number_of_vehicles,vehicle_type
2023010431151,2023,010431151,1,2,2,2,-1,-1,3,0,0,1,0,0,9,5,E01004610,-1,0,0.0,1.0,-1,9,30,9,7,9,20:00,4,2,9
2023302300396,2023,302300396,1,1,1,1,36,7,3,0,0,0,0,0,9,1,E01019561,-1,0,0.06319,0.93681,-1,6,30,1,4,1,19:36,1,2,9
2023430563112,2023,430563112,2,4,1,1,36,7,3,0,0,0,0,0,9,4,E01016716,-1,0,0.08534,0.91466,-1,3,70,1,7,1,18:06,7,3,9
2023440038678,2023,440038678,1,1,3,1,9,2,3,5,1,0,0,0,0,6,E01017026,-1,0,0.14546,0.85454,-1,6,30,1,1,1,10:33,1,1,9
2023231313603,2023,231313603,1,4,2,1,65,9,3,0,0,2,0,0,9,8,E01031284,3,1,0.0,1.0,-1,6,30,1,1,1,19:59,5,2,9
2023332300324,2023,332300324,1,1,2,2,28,6,3,0,0,1,0,0,9,3,E01013762,-1,0,0.00721,0.99279,-1,6,30,1,1,1,16:50,6,2,9
2023461264668,2023,461264668,1,1,1,2,64,9,2,0,0,0,0,0,9,5,E01024643,7,1,1.0,0.0,-1,6,30,1,4,1,16:46,4,3,9
202354A242723,2023,54A242723,2,2,2,1,30,6,3,0,0,1,0,0,9,7,E01032084,-1,0,0.0211,0.9789,-1,6,30,1,1,1,09:50,4,2,9
2023061398341,2023,061398341,2,1,1,1,20,4,3,0,0,0,0,0,9,6,E01005519,3,1,0.0,1.0,-1,6,30,1,1,2,10:25,6,2,9
2023201360954,2023,201360954,1,1,2,2,69,10,3,0,0,2,0,0,9,5,E01029382,3,1,0.0,1.0,-1,6,60,1,4,1,23:22,5,2,9
2023340NN0642,2023,340NN0642,1,2,2,2,87,11,3,0,0,1,0,0,9,-1,-1,-1,0,0.19532,0.80468,-1,6,60,1,1,2,10:00,5,3,9
2023501349914,2023,501349914,1,1,1,2,22,5,3,0,0,0,0,0,9,7,E01020318,3,1,0.0,1.0,-1,3,70,1,1,1,07:50,5,2,9
2023421355392,2023,421355392,1,1,1,1,19,4,3,0,0,0,0,0,3,3,E01016012,3,1,0.0,1.0,-1,6,30,2,4,2,19:54,6,2,3
2023010435463,2023,010435463,1,1,1,1,26,6,3,0,0,0,0,0,9,7,E01001026,-1,0,0.0,1.0,-1,1,40,9,1,1,17:30,4,2,9
2023471346899,2023,471346899,2,1,1,2,79,11,3,0,0,0,0,0,9,9,E01031340,3,1,0.0,1.0,-1,6,30,1,1,1,11:23,4,2,9
2023461297611,2023,461297611,2,1,1,1,34,6,3,0,0,0,0,0,1,8,E01023983,3,1,0.0,1.0,-1,6,30,1,1,1,12:45,4,2,1
2023991311572,2023,991311572,1,1,1,1,40,7,2,0,0,0,0,0,5,2,-1,7,1,1.0,0.0,-1,6,30,1,1,1,20:00,5,2,5
2023440517702,2023,440517702,2,1,1,2,67,10,3,0,0,0,0,0,9,6,E01023008,-1,0,0.15842,0.84158,-1,6,60,1,6,1,17:36,3,2,9
2023141391208,2023,141391208,1,1,3,1,14,3,3,5,1,0,0,0,0,4,E01007821,3,1,0.0,1.0,-1,6,20,2,1,2,20:54,5,1,9
2023010428647,2023,010428647,1,1,1,1,28,6,2,0,0,0,0,0,3,5,E01004076,-1,0,1.0,0.0,-1,3,30,1,4,1,19:10,4,2,3
2023010466219,2023,010466219,1,1,1,-1,35,6,3,0,0,0,0,0,3,5,E01002221,-1,0,0.0,1.0,-1,9,40,9,1,9,10:53,6,2,3
2023141371837,2023,141371837,2,2,1,1,19,4,3,0,0,0,0,0,9,1,E01007734,3,1,0.0,1.0,-1,3,30,2,4,2,18:02,3,3,9
2023340WN2362,2023,340WN2362,1,1,1,1,54,8,3,0,0,0,0,0,9,2,E01027105,-1,0,0.05573,0.94427,-1,6,30,1,1,1,17:15,5,2,9
2023010482178,2023,010482178,1,2,3,1,12,3,3,10,9,0,0,0,0,3,E01000742,-1,0,0.0,1.0,-1,6,30,1,1,2,15:34,3,1,3
2023520301141,2023,520301141,1,1,1,1,57,9,3,0,0,0,0,0,3,3,E01029110,-1,0,0.13286,0.86714,-1,6,30,1,1,1,13:54,6,2,3
2023031385333,2023,031385333,1,1,1,2,31,6,3,0,0,0,0,0,9,7,E01019092,3,1,0.0,1.0,-1,6,30,1,6,2,23:12,2,1,9
2023010476810,2023,010476810,1,1,1,1,28,6,3,0,0,0,0,0,3,2,E01003120,-1,0,0.0,1.0,-1,6,20,1,4,1,17:50,3,2,3
2023211327095,2023,211327095,3,3,1,1,57,9,3,0,0,0,0,0,9,1,E01029835,3,1,0.0,1.0,-1,3,60,1,1,1,16:30,6,3,9
2023351374868,2023,351374868,2,1,1,2,40,7,3,0,0,0,0,0,9,6,E01015675,3,1,0.0,1.0,-1,6,40,1,1,2,08:10,3,2,9
2023440348059,2023,440348059,3,3,1,1,25,5,3,0,0,0,0,0,9,2,E01030599,-1,0,0.0332,0.9668,-1,3,70,1,1,1,11:26,2,3,9
2023440462195,2023,440462195,1,1,1,2,46,8,2,0,0,0,0,0,-1,2,E01017076,-1,0,1.0,0.0,-1,6,30,2,4,2,21:40,7,2,-1
2023351337570,2023,351337570,1,1,3,1,49,8,2,1,3,0,0,0,0,2,E01015599,5,1,1.0,0.0,-1,3,40,2,4,2,23:11,7,1,9
2023052302285,2023,052302285,2,1,1,1,25,5,3,0,0,0,0,0,1,1,E01007228,-1,0,0.11054,0.88946,-1,6,30,1,1,1,19:40,3,2,1
2023221326497,2023,221326497,1,2,2,2,19,4,3,0,0,1,0,0,9,9,E01014039,3,1,0.0,1.0,-1,6,60,1,6,1,03:04,2,1,9
2023361389714,2023,361389714,1,1,1,1,57,9,3,0,0,0,0,0,21,2,E01026097,3,1,0.0,1.0,-1,6,60,1,1,1,11:40,2,3,21
2023052300115,2023,052300115,1,1,3,1,54,8,3,10,3,0,0,0,0,3,E01006452,-1,0,0.1768,0.8232,-1,6,30,2,4,2,01:30,7,1,9
2023070025719,2023,070025719,1,1,3,2,41,7,3,8,3,0,0,0,0,10,E01018419,-1,0,0.10392,0.89608,-1,6,30,2,1,2,13:31,2,1,9
2023991346441,2023,991346441,1,1,1,1,57,9,2,0,0,0,0,0,4,6,-1,7,1,1.0,0.0,-1,3,30,1,1,1,12:20,3,1,4
2023010462378,2023,010462378,2,2,1,2,26,6,3,0,0,0,0,0,9,3,E01002303,-1,0,0.0,1.0,-1,6,30,1,1,1,16:40,6,3,9
2023320299298,2023,320299298,1,1,1,2,69,10,3,0,0,0,0,0,9,9,E01026196,-1,0,0.03812,0.96188,-1,6,60,9,1,1,18:00,5,2,9
2023440296557,2023,440296557,2,2,1,2,31,6,3,0,0,0,0,0,9,7,E01017094,-1,0,0.0643,0.9357,-1,3,40,1,1,1,17:24,1,2,9
2023991329065,2023,991329065,1,1,1,1,85,11,3,0,0,0,0,0,9,8,-1,3,1,0.0,1.0,-1,3,70,1,1,1,10:30,5,2,9
2023991258854,2023,991258854,1,1,3,2,10,2,2,1,3,0,0,0,0,7,-1,7,1,1.0,0.0,-1,6,30,1,4,1,17:20,2,1,9
2023031294468,2023,031294468,1,1,1,1,44,7,2,0,0,0,0,0,5,3,E01019291,6,1,1.0,0.0,-1,6,40,1,1,1,16:46,5,3,5
2023991307128,2023,991307128,2,1,1,1,45,7,2,0,0,0,0,0,5,6,-1,7,1,1.0,0.0,-1,6,50,1,1,1,13:30,7,2,5
2023052302046,2023,052302046,2,1,1,1,54,8,2,0,0,0,0,0,8,1,E01007291,-1,0,1.0,0.0,-1,6,30,1,4,1,22:00,4,2,8
2023041331532,2023,041331532,2,1,1,2,34,6,3,0,0,0,0,0,9,7,E01025270,3,1,0.0,1.0,-1,6,30,1,1,1,13:50,4,2,9
2023430551474,2023,430551474,2,2,1,1,24,5,3,0,0,0,0,0,9,5,E01028538,-1,0,0.05651,0.94349,-1,6,50,1,6,1,17:55,6,2,9
2023531287550,2023,531287550,2,4,2,2,71,10,3,0,0,1,0,0,9,10,E01022366,3,1,0.0,1.0,-1,6,30,2,1,2,11:29,5,2,9
2023991376158,2023,991376158,3,2,2,2,54,8,2,0,0,1,0,0,9,1,-1,7,1,1.0,0.0,-1,3,40,2,7,2,19:05,7,3,9
2023131317760,2023,131317760,2,1,1,1,60,9,3,0,0,0,0,0,1,8,E01010672,3,1,0.0,1.0,-1,6,30,1,1,1,10:01,1,2,1
2023141337326,2023,141337326,1,1,1,1,64,9,3,0,0,0,0,0,9,7,E01009474,3,1,0.0,1.0,-1,3,70,2,6,2,20:30,4,2,9
2023161272209,2023,161272209,1,2,1,1,40,7,3,0,0,0,0,0,9,1,E01013084,3,1,0.0,1.0,-1,6,50,1,6,2,19:00,5,2,9
2023311279239,2023,311279239,1,1,2,2,10,2,3,0,0,0,0,0,90,-1,-1,3,1,0.0,1.0,-1,6,30,1,1,1,16:23,2,2,90
2023101328426,2023,101328426,1,1,3,1,4,1,3,5,2,0,0,0,0,1,E01008437,3,1,0.0,1.0,-1,6,30,2,1,2,15:00,7,1,9
2023211307228,2023,211307228,1,1,1,1,33,6,3,0,0,0,0,0,5,-1,-1,3,1,0.0,1.0,-1,6,60,1,1,1,20:34,1,1,5
2023461378550,2023,461378550,1,1,3,1,48,8,3,6,9,0,0,0,0,3,E01016047,3,1,0.0,1.0,-1,6,20,1,7,1,21:55,7,1,11
2023010458058,2023,010458058,1,1,1,1,25,5,3,0,0,0,0,0,1,4,E01004495,-1,0,0.0,1.0,-1,9,20,1,1,9,15:15,1,2,1
2023411287005,2023,411287005,2,1,1,1,42,7,3,0,0,0,0,0,3,2,E01001448,3,1,0.0,1.0,-1,3,40,1,1,1,14:50,1,2,3
2023141388988,2023,141388988,2,1,2,1,40,7,3,0,0,1,0,0,9,-1,-1,3,1,0.0,1.0,-1,6,30,2,4,2,17:50,7,2,9
2023451282926,2023,451282926,1,2,2,2,30,6,3,0,0,1,0,0,9,8,E01030782,3,1,0.0,1.0,-1,6,40,1,4,1,04:00,7,1,9
2023471374629,2023,471374629,2,2,1,1,37,7,3,0,0,0,0,0,9,6,E01031408,3,1,0.0,1.0,-1,1,40,1,6,2,19:00,3,2,9
2023501285044,2023,501285044,2,1,1,2,49,8,3,0,0,0,0,0,9,9,E01019017,3,1,0.0,1.0,-1,6,60,1,1,1,11:41,5,4,9
2023531370409,2023,531370409,1,1,1,2,34,6,3,0,0,0,0,0,9,9,E01022357,3,1,0.0,1.0,-1,6,50,2,1,2,12:40,6,2,9
2023052302945,2023,052302945,1,1,3,1,3,1,3,1,3,0,0,0,0,1,E01006556,-1,0,0.15458,0.84542,-1,3,30,1,1,1,16:00,6,1,9
2023340WN5872,2023,340WN5872,1,1,3,1,25,5,3,7,7,0,0,0,0,2,E01027161,-1,0,0.14345,0.85655,-1,6,30,1,4,1,19:19,3,1,9
2023201276516,2023,201276516,2,1,1,1,23,5,2,0,0,0,0,0,1,-1,-1,7,1,1.0,0.0,-1,6,30,1,4,1,21:55,4,2,1
2023010472268,2023,010472268,1,1,1,1,22,5,3,0,0,0,0,0,3,2,E01004321,-1,0,0.0,1.0,-1,2,30,1,4,1,20:18,7,2,3
2023991365490,2023,991365490,1,1,1,2,41,7,3,0,0,0,0,0,9,1,-1,3,1,0.0,1.0,-1,6,40,5,1,2,13:06,5,2,9
2023302300485,2023,302300485,1,1,1,1,21,5,2,0,0,0,0,0,19,9,E01006037,-1,0,1.0,0.0,-1,6,60,2,1,2,08:25,7,1,19
2023010460130,2023,010460130,1,1,1,1,20,4,3,0,0,0,0,0,9,3,E01003235,-1,0,0.0,1.0,-1,6,30,1,1,1,18:32,6,2,9
2023131258809,2023,131258809,2,2,1,2,32,6,2,0,0,0,0,0,9,10,E01011932,7,1,1.0,0.0,-1,6,30,1,1,2,09:18,2,2,9
2023501318603,2023,501318603,1,1,1,1,24,5,3,0,0,0,0,0,9,8,E01015124,3,1,0.0,1.0,-1,6,30,1,4,1,01:15,7,2,9
2023061328793,2023,061328793,1,1,3,1,7,2,2,1,1,0,0,0,0,1,E01005196,7,1,1.0,0.0,-1,6,20,1,1,1,16:30,4,1,8
2023201416068,2023,201416068,1,1,3,2,25,5,3,8,5,0,0,2,0,1,E01009270,3,1,0.0,1.0,-1,6,30,1,4,1,22:35,6,1,9
2023430093233,2023,430093233,1,1,3,2,75,10,2,5,1,0,0,0,0,3,E01016249,-1,0,1.0,0.0,-1,6,30,1,1,1,13:42,4,1,9
2023131267175,2023,131267175,2,1,1,1,32,6,2,0,0,0,0,0,1,6,E01011877,7,1,1.0,0.0,-1,6,30,1,1,1,07:32,3,2,1
2023010458957,2023,010458957,1,1,1,1,39,7,3,0,0,0,0,0,3,1,E01004407,-1,0,0.0,1.0,-1,6,20,1,1,1,18:37,6,1,3
2023332300852,2023,332300852,1,1,1,1,44,7,3,0,0,0,0,0,5,10,E01025696,-1,0,0.0413,0.9587,-1,3,40,1,7,1,19:52,7,2,5
2023052300618,2023,052300618,2,3,2,1,5,1,3,0,0,2,0,0,9,1,E01006791,-1,0,0.01997,0.98003,-1,6,30,1,1,1,12:50,3,3,9
2023231382921,2023,231382921,1,1,1,1,18,4,3,0,0,0,0,0,9,2,E01031044,3,1,0.0,1.0,-1,6,50,1,1,1,07:34,5,2,9
2023411266890,2023,411266890,2,1,1,2,32,6,3,0,0,0,0,0,9,4,E01023857,3,1,0.0,1.0,-1,6,30,2,1,2,07:30,5,2,9
2023421360787,2023,421360787,2,2,2,2,26,6,3,0,0,1,0,0,9,4,E01021651,3,1,0.0,1.0,-1,6,60,1,1,1,14:23,1,3,9
2023522400187,2023,522400187,2,2,1,2,31,6,3,0,0,0,0,0,9,8,E01014821,-1,0,0.02748,0.97252,-1,6,60,2,1,2,08:30,2,2,9
2023010458176,2023,010458176,1,1,3,2,81,11,2,6,9,0,0,0,0,9,E01021748,-1,0,1.0,0.0,-1,6,30,1,1,1,10:15,7,1,9
2023041388817,2023,041388817,1,2,2,2,16,4,2,0,0,2,0,0,9,4,E01019364,7,1,1.0,0.0,-1,6,60,1,6,2,17:50,6,1,9
2023421379700,2023,421379700,2,1,1,1,58,9,3,0,0,0,0,0,9,4,E01015905,3,1,0.0,1.0,-1,6,30,2,4,2,00:11,3,2,9
2023471338586,2023,471338586,1,1,1,2,73,10,3,0,0,0,0,0,9,2,E01031371,3,1,0.0,1.0,-1,6,30,2,1,2,12:10,7,3,9
2023201371742,2023,201371742,2,3,2,1,25,5,3,0,0,1,0,0,9,-1,-1,3,1,0.0,1.0,-1,3,30,1,4,2,00:12,3,2,9
2023430013772,2023,430013772,1,2,2,1,17,4,3,0,0,1,0,0,9,6,E01028526,-1,0,0.01632,0.98368,-1,6,20,8,4,2,20:00,2,2,9
2023430456074,2023,430456074,2,2,2,2,14,3,3,0,0,1,0,0,9,9,E01028627,-1,0,0.00953,0.99047,-1,6,30,1,1,1,17:40,3,2,9
2023451316979,2023,451316979,1,1,1,1,21,5,3,0,0,0,0,0,9,7,E01027771,3,1,0.0,1.0,-1,6,40,1,4,1,03:25,7,1,9
2023461298195,2023,461298195,1,1,1,1,23,5,3,0,0,0,0,0,9,5,E01024796,3,1,0.0,1.0,-1,6,60,1,6,2,20:02,2,1,9
2023010426568,2023,010426568,1,1,2,1,55,8,1,0,0,1,0,0,9,1,E01001850,-1,0,0.0,0.0,-1,3,50,1,4,2,03:15,7,1,9
2023010467482,2023,010467482,1,2,2,1,-1,-1,3,0,0,2,0,0,9,2,E01004231,-1,0,0.0,1.0,-1,9,20,1,1,1,17:18,5,1,9
2023302300185,2023,302300185,2,1,1,2,53,8,3,0,0,0,0,0,9,9,E01007863,-1,0,0.08212,0.91788,-1,6,50,1,1,2,08:30,4,2,9
2023311258658,2023,311258658,1,1,1,1,30,6,2,0,0,0,0,0,9,10,E01028373,7,1,1.0,0.0,-1,3,70,1,4,1,03:27,1,1,9
2023401304048,2023,401304048,1,2,2,2,92,11,2,0,0,1,0,0,9,4,E01017570,5,1,1.0,0.0,-1,9,20,1,1,1,15:07,3,1,9
2023451294531,2023,451294531,1,1,2,2,18,4,2,0,0,1,0,0,9,10,E01030439,7,1,1.0,0.0,-1,3,40,1,6,1,01:40,6,1,9
2023991322113,2023,991322113,1,1,1,1,40,7,2,0,0,0,0,0,9,-1,-1,6,1,1.0,0.0,-1,3,30,1,1,1,16:15,6,3,9
2023010477299,2023,010477299,1,1,1,1,34,6,2,0,0,0,0,0,3,3,E01004006,-1,0,1.0,0.0,-1,2,20,2,1,2,07:20,5,2,3
2023531369096,2023,531369096,1,1,1,1,20,4,2,0,0,0,0,0,3,3,E01022159,7,1,1.0,0.0,-1,6,30,1,1,1,14:20,3,4,3
2023052300773,2023,052300773,1,1,3,2,14,3,2,9,8,0,0,0,0,7,E01006685,-1,0,1.0,0.0,-1,6,30,1,1,1,12:15,3,1,9
2023211353770,2023,211353770,1,1,3,2,12,3,3,5,1,0,0,0,0,7,E01029484,3,1,0.0,1.0,-1,6,30,1,1,1,15:50,2,1,9
2023010474113,2023,010474113,1,1,1,1,23,5,3,0,0,0,0,0,3,2,E01002090,-1,0,0.0,1.0,-1,6,20,1,1,1,17:17,1,2,3
2023070419615,2023,070419615,1,1,1,2,54,8,3,0,0,0,0,0,9,7,E01018540,-1,0,0.02064,0.97936,-1,6,30,1,1,1,18:51,4,2,9
2023201370376,2023,201370376,1,1,1,1,23,5,3,0,0,0,0,0,9,1,E01010292,3,1,0.0,1.0,-1,6,30,1,1,1,07:40,7,1,9
2023332300067,2023,332300067,1,1,1,1,21,5,3,0,0,0,0,0,9,3,E01013665,-1,0,0.02711,0.97289,-1,6,30,8,4,4,01:01,1,2,9
2023421279046,2023,421279046,2,1,1,1,29,6,3,0,0,0,0,0,9,3,E01000044,3,1,0.0,1.0,-1,6,40,1,4,2,17:25,1,2,9
2023302300995,2023,302300995,2,1,1,2,22,5,3,0,0,0,0,0,1,6,E01019816,-1,0,0.06359,0.93641,-1,6,30,1,1,1,18:48,5,2,1
2023010431565,2023,010431565,1,1,1,1,20,4,3,0,0,0,0,0,3,5,E01003415,-1,0,0.0,1.0,-1,6,20,1,1,2,12:00,6,2,3
2023010467510,2023,010467510,1,2,1,1,66,10,3,0,0,0,0,0,9,9,E01023834,-1,0,0.0,1.0,-1,6,20,8,6,2,18:32,5,2,9
2023010483655,2023,010483655,1,1,1,1,21,5,3,0,0,0,0,0,9,8,E01000828,-1,0,0.0,1.0,-1,6,30,2,1,2,13:37,6,2,9
2023041343144,2023,041343144,2,2,1,1,49,8,2,0,0,0,0,0,9,7,E01025279,6,1,1.0,0.0,-1,6,60,1,1,1,12:15,5,2,9
2023111327724,2023,111327724,2,1,1,2,28,6,3,0,0,0,0,0,9,5,E01020695,3,1,0.0,1.0,-1,1,70,1,1,1,11:40,6,2,9
2023161348824,2023,161348824,2,1,1,2,40,7,3,0,0,0,0,0,9,10,E01013171,3,1,0.0,1.0,-1,6,30,1,1,1,15:55,7,2,9
2023302300231,2023,302300231,2,2,2,2,6,2,3,0,0,1,0,0,9,1,E01013496,-1,0,0.0242,0.9758,-1,6,30,1,1,1,15:30,3,2,9
2023411330221,2023,411330221,2,1,1,2,61,9,3,0,0,0,0,0,9,5,E01023592,3,1,0.0,1.0,-1,6,30,1,1,1,09:00,7,2,9
2023131296998,2023,131296998,1,1,1,1,25,5,3,0,0,0,0,0,9,-1,-1,3,1,0.0,1.0,-1,2,30,8,4,2,22:50,6,1,9
2023421275278,2023,421275278,1,1,1,1,63,9,3,0,0,0,0,0,9,8,E01021578,3,1,0.0,1.0,-1,6,60,1,6,1,18:35,7,3,9
2023430326818,2023,430326818,1,2,2,2,22,5,3,0,0,2,0,0,9,2,E01016458,-1,0,0.05991,0.94009,-1,3,30,1,1,1,05:42,1,1,9
2023131381085,2023,131381085,1,1,3,2,25,5,3,8,7,0,0,1,0,1,E01011081,3,1,0.0,1.0,-1,6,30,1,4,2,17:12,5,1,9
2023010480647,2023,010480647,1,1,1,2,52,8,3,0,0,0,0,0,9,8,E01002340,-1,0,0.0,1.0,-1,6,40,1,1,2,08:28,3,2,9
2023401337420,2023,401337420,2,2,1,1,27,6,3,0,0,0,0,0,9,1,E01015795,3,1,0.0,1.0,-1,3,30,1,1,1,22:01,7,3,9
2023361387782,2023,361387782,3,2,1,1,72,10,3,0,0,0,0,0,9,5,E01018084,3,1,0.0,1.0,-1,3,50,1,1,1,10:27,6,4,9
2023010450537,2023,010450537,2,1,1,1,25,5,2,0,0,0,0,0,1,5,E01001038,-1,0,1.0,0.0,-1,6,30,1,1,1,15:40,4,2,1
2023461346416,2023,461346416,1,1,1,2,24,5,2,0,0,0,0,0,3,10,E01024467,7,1,1.0,0.0,-1,6,60,1,1,1,09:49,3,1,3
2023010426912,2023,010426912,1,1,1,1,24,5,3,0,0,0,0,0,3,2,E01002076,-1,0,0.0,1.0,-1,6,20,9,1,9,14:07,6,2,3
2023070441437,2023,070441437,1,1,1,1,34,6,3,0,0,0,0,0,8,2,E01018542,-1,0,0.0499,0.9501,-1,6,30,1,1,1,09:10,4,3,8
2023010469671,2023,010469671,1,1,1,2,42,7,3,0,0,0,0,0,9,3,E01002532,-1,0,0.0,1.0,-1,6,30,1,1,1,15:49,7,2,9
2023041287594,2023,041287594,2,1,2,1,4,1,3,0,0,2,0,0,9,1,E01012672,3,1,0.0,1.0,-1,1,30,9,4,1,21:35,3,2,9
2023010432861,2023,010432861,2,1,1,2,38,7,3,0,0,0,0,0,9,2,E01001361,-1,0,0.0,1.0,-1,6,20,2,1,2,11:29,7,2,9
202360A100574,2023,60A100574,2,2,1,1,30,6,3,0,0,0,0,0,9,-1,-1,-1,0,0.05426,0.94574,-1,6,30,1,1,1,13:35,3,2,9
2023631340777,2023,631340777,2,1,1,2,45,7,3,0,0,0,0,0,9,3,W01000695,3,1,0.0,1.0,-1,6,30,1,1,1,18:00,2,2,9
2023061340855,2023,061340855,1,1,3,1,19,4,2,5,3,0,0,0,0,2,E01006352,7,1,1.0,0.0,-1,6,20,1,4,1,22:51,6,1,9
2023440056332,2023,440056332,1,1,3,2,10,2,2,5,3,0,0,0,0,5,E01023010,-1,0,1.0,0.0,-1,6,30,1,1,1,08:40,6,1,9
202360A028328,2023,60A028328,2,1,1,1,18,4,2,0,0,0,0,0,1,-1,-1,-1,0,1.0,0.0,-1,6,60,1,1,1,09:30,7,2,1
2023221299608,2023,221299608,1,1,1,1,22,5,3,0,0,0,0,0,9,4,W01000927,3,1,0.0,1.0,-1,6,60,2,6,2,22:57,6,1,9
2023421381660,2023,421381660,1,2,2,2,29,6,3,0,0,1,0,0,9,-1,-1,3,1,0.0,1.0,-1,6,40,1,1,1,08:45,6,2,9
2023010419880,2023,010419880,2,1,1,1,22,5,3,0,0,0,0,0,3,2,E01003298,-1,0,0.0,1.0,-1,3,30,1,4,2,22:13,5,2,3
2023010470066,2023,010470066,1,1,1,2,37,7,3,0,0,0,0,0,9,5,E01002119,-1,0,0.0,1.0,-1,6,30,1,1,1,11:05,4,1,9
2023430343808,2023,430343808,1,1,1,1,60,9,3,0,0,0,0,0,9,-1,-1,-1,0,0.06878,0.93122,-1,6,30,2,1,2,15:37,4,1,9
2023451330319,2023,451330319,1,3,2,2,2,1,3,0,0,2,0,0,9,10,E01030558,3,1,0.0,1.0,-1,6,40,1,1,1,18:09,2,2,9
2023531384901,2023,531384901,1,1,1,1,52,8,3,0,0,0,0,0,9,6,E01022198,3,1,0.0,1.0,-1,6,30,2,4,2,05:30,7,3,9
2023010458776,2023,010458776,1,1,1,2,28,6,3,0,0,0,0,0,1,4,E01002696,-1,0,0.0,1.0,-1,6,30,9,4,9,21:30,5,2,1
2023010481722,2023,010481722,1,1,1,1,27,6,3,0,0,0,0,0,1,6,E01001951,-1,0,0.0,1.0,-1,2,30,8,1,2,07:50,1,2,1
2023010473015,2023,010473015,2,1,1,1,32,6,3,0,0,0,0,0,3,2,E01001977,-1,0,0.0,1.0,-1,6,20,2,4,2,03:30,6,2,3
2023052302748,2023,052302748,2,1,2,1,28,6,3,0,0,1,0,0,9,-1,-1,-1,0,0.03534,0.96466,-1,6,30,1,4,1,19:20,4,2,9
2023991338631,2023,991338631,1,2,2,2,40,7,3,0,0,1,0,0,9,-1,-1,3,1,0.0,1.0,-1,6,30,1,1,1,17:50,5,2,9
2023501352657,2023,501352657,1,1,1,2,27,6,3,0,0,0,0,0,4,5,E01033291,3,1,0.0,1.0,-1,6,60,1,6,1,05:21,6,1,4
2023201409590,2023,201409590,2,2,2,2,-1,-1,3,0,0,1,0,0,9,-1,-1,3,1,0.0,1.0,-1,1,30,2,1,2,09:49,3,2,9
2023371337698,2023,371337698,1,1,1,1,23,5,2,0,0,0,0,0,9,8,E01029890,7,1,1.0,0.0,-1,6,60,2,1,2,16:25,4,2,9
2023451391533,2023,451391533,2,2,2,2,66,10,2,0,0,1,0,0,9,10,E01030878,6,1,1.0,0.0,-1,6,30,1,4,1,17:35,6,3,9
2023552300608,2023,552300608,1,1,1,2,22,5,3,0,0,0,0,0,9,9,E01017064,-1,0,0.08272,0.91728,-1,6,60,1,1,1,20:00,6,1,9
2023010471460,2023,010471460,1,1,3,2,11,3,3,8,1,0,0,0,0,4,E01002248,-1,0,0.0,1.0,-1,3,30,2,1,2,17:35,4,1,9
2023010422235,2023,010422235,1,1,1,1,35,6,3,0,0,0,0,0,1,1,E01002099,-1,0,0.0,1.0,-1,6,30,1,1,1,12:01,4,2,1
2023131310725,2023,131310725,2,1,1,1,22,5,3,0,0,0,0,0,1,1,E01011911,3,1,0.0,1.0,-1,6,30,1,1,1,15:40,3,2,1
2023401306586,2023,401306586,2,2,2,2,6,2,3,0,0,2,0,0,9,3,E01015724,3,1,0.0,1.0,-1,1,30,1,4,1,22:15,7,2,9
2023440463565,2023,440463565,1,1,1,1,63,9,3,0,0,0,0,0,9,10,E01022553,-1,0,0.07781,0.92219,-1,6,60,1,1,1,08:54,2,1,9
2023111401067,2023,111401067,1,1,1,1,58,9,2,0,0,0,0,0,9,6,E01027479,6,1,1.0,0.0,-1,1,30,1,4,1,17:45,6,2,9
2023351359234,2023,351359234,1,4,2,1,39,7,3,0,0,1,0,0,9,10,E01026567,3,1,0.0,1.0,-1,3,70,1,6,1,19:29,7,2,9
2023201306591,2023,201306591,1,1,3,2,29,6,3,1,3,0,0,2,0,2,E01008919,3,1,0.0,1.0,-1,6,30,1,1,1,14:18,1,1,-1
2023311304342,2023,311304342,2,1,1,1,15,3,3,0,0,0,0,0,1,10,E01028216,3,1,0.0,1.0,-1,6,20,1,1,1,15:00,5,2,1
2023311358122,2023,311358122,1,5,2,1,25,5,3,0,0,2,0,0,8,2,E01013829,3,1,0.0,1.0,-1,6,30,2,4,2,01:24,1,2,8
2023010472939,2023,010472939,1,1,1,2,55,8,3,0,0,0,0,0,9,5,E01002232,-1,0,0.0,1.0,-1,1,30,1,4,1,21:45,7,2,9
2023332300286,2023,332300286,2,2,2,2,44,7,2,0,0,1,0,0,9,6,E01025788,-1,0,1.0,0.0,-1,6,50,1,1,1,15:45,6,3,9
2023411269673,2023,411269673,1,1,1,1,38,7,3,0,0,0,0,0,9,7,E01023572,3,1,0.0,1.0,-1,6,40,2,4,2,04:30,5,1,9
2023631330283,2023,631330283,1,2,1,1,87,11,2,0,0,0,0,0,9,10,W01000525,7,1,1.0,0.0,-1,6,30,1,1,1,14:00,2,1,9