collision_index,collision_year,collision_ref_no,vehicle_reference,casualty_reference,casualty_class,sex_of_casualty,age_of_casualty,age_band_of_casualty,casualty_severity,pedestrian_location,pedestrian_movement,car_passenger,bus_or_coach_passenger,pedestrian_road_maintenance_worker,casualty_type,casualty_imd_decile,lsoa_of_casualty,enhanced_casualty_severity,casualty_injury_based,casualty_adjusted_severity_serious,casualty_adjusted_severity_slight,casualty_distance_banding,road_type,speed_limit,weather_conditions,light_conditions,road_surface_conditions,time,day_of_week,number_of_vehicles,vehicle_type
2023161361998,2023,161361998,2,1,1,2,28,6,3,0,0,0,0,0,1,1,E01012859,3,1,0.0,1.0,-1,6,30,1,1,1,17:45,6,2,1
2023061382181,2023,061382181,2,1,1,1,53,8,3,0,0,0,0,0,9,5,E01005175,3,1,0.0,1.0,-1,3,70,1,1,1,14:55,4,2,9
2023201284478,2023,201284478,2,2,2,1,28,6,3,0,0,1,0,0,9,-1,-1,3,1,0.0,1.0,-1,6,30,1,1,1,16:00,1,2,9
202360A014868,2023,60A014868,1,1,3,2,82,11,3,5,9,0,0,0,0,-1,-1,-1,0,0.13027,0.86973,-1,6,30,1,1,2,12:45,3,1,9
2023010427780,2023,010427780,1,1,1,1,29,6,2,0,0,0,0,0,3,1,E01000105,-1,0,1.0,0.0,-1,1,30,1,4,1,20:20,6,2,3
2023010456150,2023,010456150,2,1,1,1,21,5,3,0,0,0,0,0,9,10,E01030416,-1,0,0.0,1.0,-1,6,30,1,1,1,16:20,4,2,9
2023991369135,2023,991369135,1,5,2,2,6,2,3,0,0,2,0,0,9,-1,-1,3,1,0.0,1.0,-1,6,60,1,6,1,18:10,3,2,9
2023010445227,2023,010445227,2,1,1,1,32,6,3,0,0,0,0,0,1,6,E01033083,-1,0,0.0,1.0,-1,6,20,1,4,1,21:55,5,2,1
2023010485229,2023,010485229,1,2,1,-1,-1,-1,3,0,0,0,0,0,1,-1,-1,-1,0,0.0,1.0,-1,6,20,7,5,2,17:00,3,1,1
2023010441313,2023,010441313,2,1,1,2,58,9,3,0,0,0,0,0,1,3,E01001793,-1,0,0.0,1.0,-1,1,20,1,1,1,10:35,6,2,1
2023440387608,2023,440387608,1,1,1,2,7,2,2,0,0,0,0,0,1,8,E01023235,-1,0,1.0,0.0,-1,6,40,1,1,1,15:52,6,2,1
2023211309536,2023,211309536,1,1,3,2,8,2,3,5,1,0,0,-1,0,5,E01014253,3,1,0.0,1.0,-1,6,30,1,1,-1,08:40,6,2,9
2023041340456,2023,041340456,2,1,1,1,71,10,3,0,0,0,0,0,9,1,E01004960,3,1,0.0,1.0,-1,6,30,1,1,1,16:00,5,3,9
2023201412618,2023,201412618,1,1,1,1,23,5,2,0,0,0,0,0,9,2,E01009565,6,1,1.0,0.0,-1,6,20,1,1,1,18:30,2,1,9
2023430397008,2023,430397008,1,1,1,1,17,4,3,0,0,0,0,0,9,-1,-1,-1,0,0.07574,0.92426,-1,6,30,1,7,1,22:19,2,1,9
2023052302715,2023,052302715,1,1,3,1,31,6,3,4,3,0,0,0,0,3,E01006944,-1,0,0.15293,0.84707,-1,6,30,4,4,2,17:35,2,1,9
2023010447880,2023,010447880,1,1,1,1,37,7,3,0,0,0,0,0,1,10,E01022085,-1,0,0.0,1.0,-1,6,20,1,1,1,13:20,5,2,1
2023131325058,2023,131325058,2,1,1,1,17,4,3,0,0,0,0,0,1,1,E01011467,3,1,0.0,1.0,-1,6,30,1,1,1,19:25,1,2,1
2023451365903,2023,451365903,2,1,1,1,15,3,3,0,0,0,0,0,1,-1,-1,3,1,0.0,1.0,-1,6,30,1,1,1,15:15,6,2,1
2023052302478,2023,052302478,2,1,1,1,40,7,3,0,0,0,0,0,3,2,E01032506,-1,0,0.10465,0.89535,-1,6,20,1,1,1,13:36,4,2,3
2023161305619,2023,161305619,2,1,1,1,18,4,3,0,0,0,0,0,9,8,E01027896,3,1,0.0,1.0,-1,6,60,1,1,1,06:55,4,2,9
2023320733490,2023,320733490,1,1,1,2,17,4,3,0,0,0,0,0,9,9,E01026234,-1,0,0.12384,0.87616,-1,6,60,2,6,2,20:10,2,1,9
2023461308302,2023,461308302,2,3,2,1,10,2,3,0,0,1,0,0,9,6,E01024557,3,1,0.0,1.0,-1,6,60,1,1,1,15:30,7,2,9
202360A109273,2023,60A109273,2,3,2,1,26,6,3,0,0,1,0,0,9,-1,-1,-1,0,0.06807,0.93193,-1,6,30,1,1,1,20:38,3,2,9
2023622300425,2023,622300425,1,1,1,2,26,6,3,0,0,0,0,0,9,4,W01000750,-1,0,0.03245,0.96755,-1,6,30,1,1,1,14:55,7,1,9
2023052302392,2023,052302392,1,1,1,2,70,10,3,0,0,0,0,0,9,9,E01006974,-1,0,0.05942,0.94058,-1,6,30,1,1,1,14:42,7,2,9
2023421338364,2023,421338364,1,3,2,2,28,6,3,0,0,1,0,0,9,2,E01021816,3,1,0.0,1.0,-1,6,40,1,5,1,01:59,7,2,9
2023461321886,2023,461321886,2,1,1,1,74,10,3,0,0,0,0,0,9,6,E01004109,3,1,0.0,1.0,-1,6,60,1,1,1,15:44,7,2,9
2023131329160,2023,131329160,1,1,1,1,13,3,2,0,0,0,0,0,1,1,E01011122,7,1,1.0,0.0,-1,6,30,1,1,1,18:30,5,2,1
2023061360933,2023,061360933,2,1,2,2,47,8,3,0,0,-1,0,0,9,2,E01006112,3,1,0.0,1.0,-1,6,30,1,4,2,06:45,1,2,9
2023231297753,2023,231297753,2,1,2,2,7,2,3,0,0,1,0,0,9,8,E01025942,3,1,0.0,1.0,-1,6,50,1,1,1,17:36,2,2,9
2023010466813,2023,010466813,1,1,1,2,30,6,3,0,0,0,0,0,1,4,E01004697,-1,0,0.0,1.0,-1,6,20,1,1,1,18:20,5,2,1
2023131345525,2023,131345525,1,2,2,2,56,9,3,0,0,1,0,0,9,8,E01010575,3,1,0.0,1.0,-1,6,30,1,1,1,13:01,6,1,9
2023141350658,2023,141350658,1,1,2,2,27,6,3,0,0,1,0,0,9,5,E01007608,3,1,0.0,1.0,-1,7,70,1,1,1,16:30,6,2,9
2023201420670,2023,201420670,2,2,1,2,50,8,3,0,0,0,0,0,9,5,E01009843,3,1,0.0,1.0,-1,6,30,1,4,2,19:35,4,2,9
2023440122429,2023,440122429,2,2,1,1,39,7,3,0,0,0,0,0,9,10,E01023276,-1,0,0.07935,0.92065,-1,6,30,2,1,2,06:43,3,2,9
2023421275342,2023,421275342,1,2,1,1,26,6,3,0,0,0,0,0,9,8,E01023875,3,1,0.0,1.0,-1,6,60,1,1,2,12:18,1,2,9
2023451393468,2023,451393468,2,1,2,2,35,6,3,0,0,2,0,0,9,9,E01030731,3,1,0.0,1.0,-1,6,30,2,4,2,02:35,1,2,9
2023631351229,2023,631351229,1,1,2,2,23,5,2,0,0,2,0,0,9,-1,-1,5,1,1.0,0.0,-1,6,40,1,5,1,04:30,1,1,9
2023461390103,2023,461390103,1,1,3,2,11,3,3,5,1,0,0,0,0,7,E01016167,3,1,0.0,1.0,-1,6,30,1,1,1,15:30,5,1,9
2023991317846,2023,991317846,1,2,2,1,24,5,3,0,0,0,0,0,19,9,-1,3,1,0.0,1.0,-1,6,60,1,1,1,15:55,2,2,19
2023010473019,2023,010473019,1,1,3,1,25,5,3,9,7,0,0,0,0,-1,-1,-1,0,0.0,1.0,-1,6,30,1,4,2,06:49,6,1,9
2023531341379,2023,531341379,1,1,3,2,45,7,3,5,1,0,0,0,0,-1,-1,3,1,0.0,1.0,-1,6,30,1,1,2,17:50,6,1,9
2023991328013,2023,991328013,2,1,1,2,66,10,3,0,0,0,0,0,1,9,-1,3,1,0.0,1.0,-1,6,60,1,1,1,14:40,1,2,1
2023451314812,2023,451314812,1,1,2,1,22,5,3,0,0,1,0,0,9,8,E01030697,3,1,0.0,1.0,-1,3,50,1,1,1,18:40,1,4,9
2023471334181,2023,471334181,1,1,1,1,29,6,3,0,0,0,0,0,9,1,E01020982,3,1,0.0,1.0,-1,6,30,1,4,2,00:27,6,3,9
2023141334728,2023,141334728,1,1,3,2,9,2,3,5,2,0,0,0,0,-1,-1,3,1,0.0,1.0,-1,6,20,1,1,1,19:18,7,1,9
2023010447892,2023,010447892,1,1,1,1,31,6,3,0,0,0,0,0,3,2,E01003046,-1,0,0.0,1.0,-1,9,20,9,1,9,17:25,5,2,3
2023131289208,2023,131289208,1,2,1,1,15,3,2,0,0,0,0,0,5,2,E01010682,7,1,1.0,0.0,-1,6,30,2,4,2,18:50,3,3,5
2023170S21413,2023,170S21413,1,1,1,1,49,8,3,0,0,0,0,0,9,-1,-1,-1,0,0.0778,0.9222,-1,6,50,1,1,1,09:28,6,2,9
2023332301196,2023,332301196,2,2,1,2,33,6,2,0,0,0,0,0,9,8,E01032601,-1,0,1.0,0.0,-1,6,60,1,1,2,11:01,2,2,9
2023421356432,2023,421356432,2,1,1,2,20,4,3,0,0,0,0,0,9,7,E01021412,3,1,0.0,1.0,-1,6,60,1,1,1,10:36,3,2,9
2023010462066,2023,010462066,2,1,1,2,-1,-1,3,0,0,0,0,0,-1,3,E01000973,-1,0,0.0,1.0,-1,6,30,8,1,2,15:15,3,2,-1
2023991374524,2023,991374524,1,1,3,1,31,6,2,9,9,0,0,2,0,-1,-1,5,1,1.0,0.0,-1,6,30,1,1,1,15:55,2,1,9
2023421350871,2023,421350871,2,1,1,1,27,6,2,0,0,0,0,0,4,3,E01033051,7,1,1.0,0.0,-1,3,70,1,1,1,06:37,1,2,4
2023451352570,2023,451352570,1,1,1,1,83,11,3,0,0,0,0,0,9,6,E01030548,3,1,0.0,1.0,-1,6,30,1,1,1,10:45,5,1,9
2023461285965,2023,461285965,1,1,1,2,33,6,3,0,0,0,0,0,9,7,E01024067,3,1,0.0,1.0,-1,6,30,1,4,1,19:00,1,1,9
2023430279711,2023,430279711,1,1,1,1,20,4,3,0,0,0,0,0,3,10,E01017768,-1,0,0.14906,0.85094,-1,1,30,1,1,1,06:26,1,1,3
2023101363989,2023,101363989,2,4,2,1,17,4,3,0,0,2,0,0,9,6,E01025740,3,1,0.0,1.0,-1,6,60,1,1,1,11:59,1,2,9
2023991266250,2023,991266250,2,1,1,2,43,7,3,0,0,0,0,0,9,1,-1,3,1,0.0,1.0,-1,6,30,8,1,2,09:47,5,2,9
2023010479179,2023,010479179,1,1,3,1,43,7,2,5,1,0,0,0,0,6,E01000576,-1,0,1.0,0.0,-1,2,20,1,4,1,21:20,2,1,9
2023010425686,2023,010425686,2,1,1,1,22,5,3,0,0,0,0,0,1,2,E01002969,-1,0,0.0,1.0,-1,6,30,1,1,1,16:35,2,2,1
2023061265520,2023,061265520,2,1,1,1,56,9,3,0,0,0,0,0,9,7,E01006368,3,1,0.0,1.0,-1,3,30,1,4,2,17:25,6,2,9
2023170H10693,2023,170H10693,1,1,1,1,36,7,2,0,0,0,0,0,9,3,E01011961,-1,0,1.0,0.0,-1,6,30,1,4,1,21:35,5,3,9
2023332301149,2023,332301149,1,1,1,2,50,8,3,0,0,0,0,0,9,5,E01031168,-1,0,0.02927,0.97073,-1,6,30,1,1,2,13:45,1,2,9
2023361306409,2023,361306409,2,4,1,1,54,8,3,0,0,0,0,0,9,6,E01026494,3,1,0.0,1.0,-1,6,30,1,1,1,19:41,5,2,9
202360A098106,2023,60A098106,2,1,1,2,48,8,3,0,0,0,0,0,9,-1,-1,-1,0,0.09612,0.90388,-1,6,60,7,1,2,19:58,6,2,9
202360A072517,2023,60A072517,2,1,1,1,20,4,2,0,0,0,0,0,1,-1,-1,-1,0,1.0,0.0,-1,6,30,1,1,1,06:15,3,2,1
2023010456244,2023,010456244,1,1,1,1,29,6,3,0,0,0,0,0,3,2,E01003604,-1,0,0.0,1.0,-1,9,30,9,1,9,12:10,4,2,3
2023302300950,2023,302300950,1,1,1,1,19,4,2,0,0,0,0,0,3,2,E01019563,-1,0,1.0,0.0,-1,6,30,1,1,1,17:02,5,2,3
2023061352147,2023,061352147,1,1,1,1,60,9,2,0,0,0,0,0,5,6,E01025444,7,1,1.0,0.0,-1,3,70,1,1,1,12:10,4,1,5
2023201394899,2023,201394899,1,1,1,2,36,7,3,0,0,0,0,0,9,5,E01009023,3,1,0.0,1.0,-1,6,30,1,1,1,13:43,5,3,9
2023351337762,2023,351337762,1,1,2,2,10,2,3,0,0,-1,0,0,9,9,E01018299,3,1,0.0,1.0,-1,6,60,1,1,1,14:30,6,1,9
2023131364897,2023,131364897,1,1,1,2,26,6,2,0,0,0,0,0,9,-1,-1,7,1,1.0,0.0,-1,3,30,1,4,2,21:44,5,2,9
2023340WN0352,2023,340WN0352,2,3,2,1,65,9,3,0,0,1,0,0,9,8,E01027273,-1,0,0.0672,0.9328,-1,6,30,1,1,2,12:45,6,2,9
2023991294633,2023,991294633,1,1,1,1,28,6,3,0,0,0,0,0,9,10,-1,3,1,0.0,1.0,-1,6,60,1,1,1,14:50,6,2,9
2023430010187,2023,430010187,2,2,1,1,42,7,2,0,0,0,0,0,19,8,E01016327,-1,0,1.0,0.0,-1,6,60,1,4,2,00:12,1,2,19
2023052300772,2023,052300772,1,1,3,2,38,7,3,5,1,0,0,0,0,1,E01006676,-1,0,0.12873,0.87127,-1,6,30,1,4,1,20:00,6,1,9
2023061330544,2023,061330544,1,2,3,2,50,8,3,6,9,0,0,0,0,2,E01005230,3,1,0.0,1.0,-1,6,20,1,1,1,09:07,3,2,9
2023010485801,2023,010485801,1,1,1,1,53,8,3,0,0,0,0,0,9,1,E01004288,-1,0,0.0,1.0,-1,6,20,2,4,2,01:48,1,2,9
2023041276783,2023,041276783,2,2,1,2,67,10,3,0,0,0,0,0,9,10,E01006321,3,1,0.0,1.0,-1,6,30,1,1,1,15:25,4,2,9
2023061345280,2023,061345280,2,1,2,2,59,9,3,0,0,1,0,0,9,4,E01006012,3,1,0.0,1.0,-1,6,30,1,1,1,20:00,5,2,9
2023421362952,2023,421362952,2,1,1,2,47,8,3,0,0,0,0,0,9,1,E01021968,3,1,0.0,1.0,-1,3,70,1,6,1,22:45,7,3,9
2023501294680,2023,501294680,1,6,2,1,19,4,2,0,0,1,0,0,9,2,E01018774,6,1,1.0,0.0,-1,6,50,1,6,1,21:30,5,3,9
2023552300995,2023,552300995,1,1,1,1,35,6,3,0,0,0,0,0,9,4,E01015343,-1,0,0.02449,0.97551,-1,6,30,1,1,1,18:34,7,3,9
2023141371788,2023,141371788,1,1,3,1,27,6,3,1,1,0,0,0,0,7,E01007867,3,1,0.0,1.0,-1,6,30,2,4,2,17:35,3,1,9
2023010473669,2023,010473669,2,1,1,1,35,6,3,0,0,0,0,0,1,1,E01004674,-1,0,0.0,1.0,-1,1,20,2,4,2,20:00,2,2,1
2023351381388,2023,351381388,1,1,3,1,39,7,3,10,9,0,0,0,0,2,E01015612,3,1,0.0,1.0,-1,6,30,1,1,1,15:40,2,2,9
2023471284855,2023,471284855,1,1,3,2,31,6,3,9,5,0,0,0,0,5,E01016989,3,1,0.0,1.0,-1,6,30,2,1,2,11:20,4,1,19
2023991290859,2023,991290859,1,1,3,1,78,11,2,5,3,0,0,2,0,-1,-1,5,1,1.0,0.0,-1,6,30,1,1,1,08:47,2,1,9
2023340WN4692,2023,340WN4692,1,1,1,1,17,4,3,0,0,0,0,0,1,10,E01028565,-1,0,0.16783,0.83217,-1,6,30,1,1,1,11:30,6,2,1
2023501344491,2023,501344491,2,1,1,2,21,5,2,0,0,0,0,0,4,7,E01029127,7,1,1.0,0.0,-1,6,60,1,6,1,21:37,3,2,4
2023041310279,2023,041310279,1,3,2,1,16,4,2,0,0,2,0,0,9,4,E01033072,7,1,1.0,0.0,-1,6,60,1,6,1,21:40,2,1,9
2023131343035,2023,131343035,2,1,1,1,52,8,3,0,0,0,0,0,9,7,E01010587,3,1,0.0,1.0,-1,6,30,1,1,1,14:30,4,2,9
2023332300458,2023,332300458,1,1,1,1,31,6,3,0,0,0,0,0,9,1,E01013675,-1,0,0.00551,0.99449,-1,6,30,1,1,1,15:29,7,2,9
2023401325681,2023,401325681,2,3,2,2,17,4,3,0,0,1,0,0,9,7,E01015800,3,1,0.0,1.0,-1,6,60,1,1,1,18:36,6,3,9
2023991290248,2023,991290248,13,4,1,1,23,5,3,0,0,0,0,0,9,10,-1,3,1,0.0,1.0,-1,3,70,2,1,2,12:41,6,17,9
2023552300717,2023,552300717,2,1,1,1,49,8,3,0,0,0,0,0,1,7,E01020428,-1,0,0.08317,0.91683,-1,6,30,1,1,1,11:30,3,2,1
2023052301016,2023,052301016,1,1,3,2,19,4,2,5,1,0,0,0,0,8,E01012532,-1,0,1.0,0.0,-1,3,40,1,1,1,13:15,4,1,9
2023010470472,2023,010470472,1,1,1,-1,27,6,3,0,0,0,0,0,1,4,E01004150,-1,0,0.0,1.0,-1,1,30,1,1,1,07:30,5,2,1
2023411315932,2023,411315932,1,1,1,1,21,5,3,0,0,0,0,0,5,6,E01023903,3,1,0.0,1.0,-1,6,30,1,1,1,09:25,4,2,5
2023320062991,2023,320062991,2,2,1,1,30,6,2,0,0,0,0,0,9,5,E01018059,-1,0,1.0,0.0,-1,3,60,1,7,1,18:05,2,2,9
2023351383452,2023,351383452,1,1,1,1,18,4,3,0,0,0,0,0,9,6,E01026020,3,1,0.0,1.0,-1,6,30,1,4,1,02:34,6,2,9
2023440419227,2023,440419227,2,2,1,2,34,6,3,0,0,0,0,0,9,5,E01017113,-1,0,0.03338,0.96662,-1,6,30,2,1,2,09:10,6,2,9
202354B921723,2023,54B921723,2,1,1,1,61,9,3,0,0,0,0,0,9,9,E01032032,-1,0,0.03956,0.96044,-1,6,40,1,1,5,10:26,6,2,9
2023320786116,2023,320786116,1,1,1,1,59,9,3,0,0,0,0,0,21,1,E01015661,-1,0,0.13642,0.86358,-1,6,50,4,6,1,05:55,7,1,21
2023461338408,2023,461338408,1,1,1,1,60,9,3,0,0,0,0,0,1,5,E01024168,3,1,0.0,1.0,-1,6,30,1,1,1,18:35,7,2,1
2023161342087,2023,161342087,1,1,1,1,19,4,3,0,0,0,0,0,3,2,E01012763,3,1,0.0,1.0,-1,3,40,1,1,1,15:56,2,2,3
2023421313035,2023,421313035,2,1,1,1,68,10,3,0,0,0,0,0,9,5,E01021399,3,1,0.0,1.0,-1,6,60,1,1,1,17:14,3,3,9
2023461327576,2023,461327576,2,1,1,1,15,3,1,0,0,0,0,0,-1,5,E01024342,1,1,0.0,0.0,-1,6,30,1,4,1,22:01,7,3,-1
2023440400994,2023,440400994,1,1,3,1,13,3,3,5,2,0,0,0,0,10,E01022546,-1,0,0.16383,0.83617,-1,6,30,1,1,1,17:48,1,1,9
2023451377295,2023,451377295,2,1,1,1,16,4,3,0,0,0,0,0,2,-1,-1,3,1,0.0,1.0,-1,6,30,1,1,2,11:11,2,2,2
2023501284065,2023,501284065,1,1,1,1,21,5,3,0,0,0,0,0,5,1,E01015030,3,1,0.0,1.0,-1,3,70,2,1,2,11:11,1,1,5
2023010454514,2023,010454514,2,1,1,2,24,5,2,0,0,0,0,0,9,2,E01000533,-1,0,1.0,0.0,-1,6,30,1,1,1,06:40,3,5,9
2023340NN4172,2023,340NN4172,2,1,1,2,28,6,3,0,0,0,0,0,9,8,E01025793,-1,0,0.0541,0.9459,-1,3,70,1,1,1,11:30,4,2,9
2023131299941,2023,131299941,2,1,1,1,27,6,3,0,0,0,0,0,1,1,E01011038,3,1,0.0,1.0,-1,6,40,1,1,1,16:35,1,2,1
2023161390764,2023,161390764,1,1,1,2,65,9,3,0,0,0,0,0,9,9,E01013016,3,1,0.0,1.0,-1,6,30,1,1,1,09:25,4,2,9
2023170H10443,2023,170H10443,2,1,1,2,32,6,3,0,0,0,0,0,9,9,E01011997,-1,0,0.01779,0.98221,-1,3,40,1,1,1,18:56,5,3,9
2023302301165,2023,302301165,1,1,1,-1,22,5,2,0,0,0,0,0,9,10,E01019593,-1,0,1.0,0.0,-1,6,50,1,6,1,00:20,7,2,9
2023361368706,2023,361368706,1,2,2,2,14,3,3,0,0,2,0,0,9,5,E01026902,3,1,0.0,1.0,-1,6,60,1,6,1,21:00,2,2,9
2023302301764,2023,302301764,1,1,1,1,46,8,3,0,0,0,0,0,9,8,E01010329,-1,0,0.03597,0.96403,-1,6,30,1,1,2,09:03,6,2,9
2023440034593,2023,440034593,1,2,2,1,52,8,3,0,0,1,0,0,9,3,E01032745,-1,0,0.0272,0.9728,-1,6,20,1,1,1,09:37,5,2,9
2023543426223,2023,543426223,1,1,1,1,80,11,3,0,0,0,0,0,9,4,E01015578,-1,0,0.08759,0.91241,-1,6,30,2,1,2,12:57,6,1,9
2023991312607,2023,991312607,1,1,1,2,79,11,3,0,0,0,0,0,9,5,-1,3,1,0.0,1.0,-1,6,40,1,1,1,15:02,6,2,9
2023010449005,2023,010449005,1,1,1,2,31,6,3,0,0,0,0,0,1,4,E01001727,-1,0,0.0,1.0,-1,6,20,8,1,1,02:30,4,2,1
2023010483903,2023,010483903,2,1,1,1,43,7,3,0,0,0,0,0,1,9,E01003799,-1,0,0.0,1.0,-1,6,20,1,1,1,09:00,5,2,1
2023010485741,2023,010485741,1,1,1,2,26,6,3,0,0,0,0,0,1,5,E01001407,-1,0,0.0,1.0,-1,6,30,1,1,9,07:30,4,1,1
2023010442827,2023,010442827,1,1,1,1,68,10,3,0,0,0,0,0,9,-1,-1,-1,0,0.0,1.0,-1,6,30,1,1,1,17:56,7,2,9
2023471261817,2023,471261817,1,1,1,2,55,8,3,0,0,0,0,0,9,6,E01031538,3,1,0.0,1.0,-1,6,50,2,1,2,15:30,3,1,9
2023411398442,2023,411398442,1,1,1,-1,-1,-1,3,0,0,0,0,0,3,-1,-1,3,1,0.0,1.0,-1,6,30,1,4,-1,18:53,4,2,3
2023010437314,2023,010437314,2,1,1,1,46,8,3,0,0,0,0,0,9,9,E01003365,-1,0,0.0,1.0,-1,6,30,9,4,1,05:42,6,2,9
2023201312665,2023,201312665,2,1,1,1,33,6,3,0,0,0,0,0,9,2,E01008881,3,1,0.0,1.0,-1,3,30,1,1,1,09:11,4,3,9
2023231369628,2023,231369628,2,2,1,2,57,9,3,0,0,0,0,0,9,4,E01031170,3,1,0.0,1.0,-1,6,30,1,1,2,13:52,4,2,9
2023421324257,2023,421324257,1,1,1,1,24,5,3,0,0,0,0,0,9,5,E01021715,3,1,0.0,1.0,-1,6,30,1,6,1,23:15,5,1,9
2023991319977,2023,991319977,1,1,1,1,22,5,3,0,0,0,0,0,9,7,-1,3,1,0.0,1.0,-1,3,40,1,1,1,13:31,1,2,9
2023991361651,2023,991361651,2,6,2,1,15,3,3,0,0,1,0,0,9,7,-1,3,1,0.0,1.0,-1,6,60,5,1,2,18:00,3,2,9
2023201379542,2023,201379542,1,1,1,1,33,6,3,0,0,0,0,0,19,-1,-1,3,1,0.0,1.0,-1,3,40,1,4,1,09:50,1,2,19
2023631352951,2023,631352951,1,1,3,2,62,9,3,5,9,0,0,2,0,7,W01000428,3,1,0.0,1.0,-1,6,30,1,1,1,08:30,6,1,9
2023101327138,2023,101327138,2,3,2,2,27,6,3,0,0,2,0,0,8,1,E01033547,3,1,0.0,1.0,-1,6,30,1,1,1,19:36,6,2,8
2023010460287,2023,010460287,2,1,1,1,23,5,3,0,0,0,0,0,3,1,E01004469,-1,0,0.0,1.0,-1,3,40,1,1,1,19:30,7,2,3
2023161375591,2023,161375591,1,1,1,2,23,5,3,0,0,0,0,0,9,1,E01007377,3,1,0.0,1.0,-1,6,40,1,1,1,12:11,6,2,9
2023201426466,2023,201426466,2,2,2,1,22,5,3,0,0,2,0,0,9,5,E01009290,3,1,0.0,1.0,-1,6,30,1,4,2,04:50,1,2,9
2023332300635,2023,332300635,1,1,1,1,35,6,3,0,0,0,0,0,9,7,E01025819,-1,0,0.0311,0.9689,-1,6,50,2,1,2,09:30,2,2,9
2023522400248,2023,522400248,2,1,1,1,22,5,3,0,0,0,0,0,9,10,E01014995,-1,0,0.02922,0.97078,-1,6,30,1,1,1,06:30,1,2,9
2023311369995,2023,311369995,1,1,1,1,20,4,3,0,0,0,0,0,-1,-1,-1,3,1,0.0,1.0,-1,6,30,2,4,2,18:20,5,2,-1
2023421331800,2023,421331800,1,1,3,1,10,2,2,5,1,0,0,0,0,10,E01021452,7,1,1.0,0.0,-1,6,30,1,1,1,08:30,6,1,9
2023010464571,2023,010464571,2,1,1,1,33,6,3,0,0,0,0,0,1,6,E01001070,-1,0,0.0,1.0,-1,1,20,1,1,1,09:00,5,2,1
2023010452490,2023,010452490,2,1,1,1,34,6,3,0,0,0,0,0,3,4,E01004526,-1,0,0.0,1.0,-1,6,20,2,4,2,20:15,6,3,3
2023421323231,2023,421323231,2,1,1,2,24,5,3,0,0,0,0,0,3,4,E01016008,3,1,0.0,1.0,-1,6,30,9,1,1,16:58,5,2,3
2023552301437,2023,552301437,1,1,1,1,34,6,3,0,0,0,0,0,9,6,E01020561,-1,0,0.08163,0.91837,-1,6,30,5,5,2,06:18,2,1,9
2023411363822,2023,411363822,1,1,1,1,61,9,3,0,0,0,0,0,19,4,E01018077,3,1,0.0,1.0,-1,3,70,1,1,1,18:40,5,2,19
2023010436066,2023,010436066,1,1,1,2,40,7,3,0,0,0,0,0,5,9,E01003893,-1,0,0.0,1.0,-1,1,30,8,1,1,17:57,4,2,5
2023201381260,2023,201381260,2,1,1,1,47,8,3,0,0,0,0,0,1,5,E01008981,3,1,0.0,1.0,-1,6,30,1,1,1,18:20,7,2,1
2023101275129,2023,101275129,2,3,1,1,35,6,3,0,0,0,0,0,9,5,E01008622,3,1,0.0,1.0,-1,6,60,1,1,1,15:10,6,2,9
2023430474464,2023,430474464,2,1,1,2,34,6,3,0,0,0,0,0,9,10,E01028457,-1,0,0.00574,0.99426,-1,6,30,2,4,2,18:15,6,2,9
2023451374445,2023,451374445,5,2,1,2,43,7,3,0,0,0,0,0,9,10,E01030881,3,1,0.0,1.0,-1,6,40,1,6,1,23:18,2,6,9
2023471356039,2023,471356039,2,1,1,2,54,8,3,0,0,0,0,0,1,3,E01016891,3,1,0.0,1.0,-1,6,30,1,1,1,09:20,6,2,1
2023451287250,2023,451287250,3,2,1,1,36,7,3,0,0,0,0,0,9,2,E01001977,3,1,0.0,1.0,-1,3,70,2,6,2,22:55,4,3,9
2023010474563,2023,010474563,1,1,1,1,21,5,3,0,0,0,0,0,19,5,E01000747,-1,0,0.0,1.0,-1,6,40,2,6,2,17:48,7,2,19
2023141261480,2023,141261480,3,2,1,1,43,7,2,0,0,0,0,0,19,-1,-1,7,1,1.0,0.0,-1,6,60,5,1,2,09:00,3,3,19
2023041289239,2023,041289239,1,1,1,1,17,4,2,0,0,0,0,0,3,6,E01025444,7,1,1.0,0.0,-1,6,30,1,1,1,16:15,3,2,3
2023471347259,2023,471347259,2,1,1,1,31,6,3,0,0,0,0,0,3,2,E01016945,3,1,0.0,1.0,-1,6,20,2,4,2,20:00,5,2,3
2023461337877,2023,461337877,1,1,1,1,58,9,3,0,0,0,0,0,5,-1,-1,3,1,0.0,1.0,-1,6,60,1,1,1,15:30,5,2,5
2023131355750,2023,131355750,2,1,1,1,48,8,2,0,0,0,0,0,9,1,E01011422,7,1,1.0,0.0,-1,3,40,1,4,1,22:32,7,2,9
2023340NN1782,2023,340NN1782,2,2,1,1,65,9,3,0,0,0,0,0,9,9,E01027042,-1,0,0.10185,0.89815,-1,6,60,1,1,1,08:00,4,2,9
2023351404475,2023,351404475,1,1,1,1,47,8,2,0,0,0,0,0,9,4,E01015622,7,1,1.0,0.0,-1,6,30,1,4,1,21:03,5,2,9
2023471369276,2023,471369276,1,1,1,1,57,9,3,0,0,0,0,0,9,9,E01022836,3,1,0.0,1.0,-1,3,30,2,1,2,07:15,4,1,9
2023991347662,2023,991347662,2,1,1,1,74,10,2,0,0,0,0,0,9,2,-1,6,1,1.0,0.0,-1,6,30,1,1,1,11:44,3,2,9