collision_index,collision_year,collision_ref_no,vehicle_reference,casualty_reference,casualty_class,sex_of_casualty,age_of_casualty,age_band_of_casualty,casualty_severity,pedestrian_location,pedestrian_movement,car_passenger,bus_or_coach_passenger,pedestrian_road_maintenance_worker,casualty_type,casualty_imd_decile,lsoa_of_casualty,enhanced_casualty_severity,casualty_injury_based,casualty_adjusted_severity_serious,casualty_adjusted_severity_slight,casualty_distance_banding,road_type,speed_limit,weather_conditions,light_conditions,road_surface_conditions,time,day_of_week,number_of_vehicles,vehicle_type
202360A144997,2023,60A144997,1,1,1,2,58,9,3,0,0,0,0,0,9,-1,-1,-1,0,0.12391,0.87609,-1,6,30,1,1,1,13:10,6,3,9
2023010457195,2023,010457195,2,1,2,2,35,6,3,0,0,2,0,0,9,8,E01000828,-1,0,0.0,1.0,-1,6,20,1,1,1,18:40,3,2,9
2023141358643,2023,141358643,1,1,1,2,31,6,3,0,0,0,0,0,9,3,E01007632,3,1,0.0,1.0,-1,1,40,1,1,1,08:35,2,2,9
2023411348249,2023,411348249,2,3,2,2,7,2,2,0,0,2,0,0,9,7,E01023888,6,1,1.0,0.0,-1,9,30,1,4,1,20:50,5,2,9
202360A104387,2023,60A104387,2,3,2,2,16,4,2,0,0,1,0,0,9,-1,-1,-1,0,1.0,0.0,-1,6,30,1,1,1,20:46,2,3,9
2023440216682,2023,440216682,2,2,1,1,87,11,3,0,0,0,0,0,9,8,E01022627,-1,0,0.10044,0.89956,-1,6,30,1,1,1,12:15,5,2,9
2023061263755,2023,061263755,2,1,1,1,28,6,3,0,0,0,0,0,9,1,E01005321,3,1,0.0,1.0,-1,6,30,2,1,2,08:35,5,2,9
2023131304070,2023,131304070,1,1,2,2,11,3,3,0,0,1,0,0,9,2,E01011502,3,1,0.0,1.0,-1,6,30,1,1,1,14:35,5,2,9
2023302301662,2023,302301662,2,1,1,1,35,6,3,0,0,0,0,0,9,4,E01019431,-1,0,0.02182,0.97818,-1,6,30,2,4,2,06:10,3,2,9
2023351349636,2023,351349636,2,1,1,2,44,7,2,0,0,0,0,0,9,2,E01018075,6,1,1.0,0.0,-1,6,60,1,1,1,16:48,6,2,9
2023451334112,2023,451334112,3,1,1,2,44,7,3,0,0,0,0,0,9,5,E01016566,3,1,0.0,1.0,-1,3,70,1,1,2,07:12,5,3,9
2023461293343,2023,461293343,1,1,1,2,26,6,3,0,0,0,0,0,9,-1,-1,3,1,0.0,1.0,-1,3,60,1,1,1,08:45,4,4,9
2023061305746,2023,061305746,2,1,1,2,36,7,3,0,0,0,0,0,9,2,E01005026,3,1,0.0,1.0,-1,6,30,8,7,1,20:00,2,2,9
2023501402924,2023,501402924,2,1,1,2,47,8,3,0,0,0,0,0,9,5,E01020122,3,1,0.0,1.0,-1,6,30,1,1,2,13:20,4,2,9
2023421395031,2023,421395031,1,1,3,2,66,10,2,5,3,0,0,0,0,8,E01022057,7,1,1.0,0.0,-1,6,30,1,1,1,08:00,6,1,9
2023010451661,2023,010451661,1,1,1,1,31,6,3,0,0,0,0,0,1,4,E01003255,-1,0,0.0,1.0,-1,6,30,1,1,1,19:10,2,2,1
2023340NN1662,2023,340NN1662,1,1,3,2,23,5,3,1,3,0,0,0,0,-1,-1,-1,0,0.05259,0.94741,-1,6,30,2,1,2,17:45,7,1,9
2023010485803,2023,010485803,2,1,1,1,41,7,2,0,0,0,0,0,-1,2,E01004535,-1,0,1.0,0.0,-1,3,30,2,4,2,00:10,1,2,-1
2023010439597,2023,010439597,1,1,1,2,46,8,3,0,0,0,0,0,9,5,E01000747,-1,0,0.0,1.0,-1,1,30,1,1,1,08:09,4,2,9
2023010482285,2023,010482285,1,1,1,1,47,8,3,0,0,0,0,0,9,2,E01001442,-1,0,0.0,1.0,-1,1,20,2,4,2,16:55,3,2,9
2023520300610,2023,520300610,2,14,2,1,46,8,3,0,0,0,4,0,11,4,W01000605,-1,0,0.06771,0.93229,-1,6,40,1,6,4,06:00,3,3,11
2023451306557,2023,451306557,2,1,1,1,70,10,3,0,0,0,0,0,19,10,E01017864,3,1,0.0,1.0,-1,6,40,1,1,1,09:30,6,2,19
2023991322981,2023,991322981,2,2,1,1,59,9,3,0,0,0,0,0,90,10,-1,3,1,0.0,1.0,-1,6,60,2,1,2,13:50,2,2,90
2023351370256,2023,351370256,1,1,1,1,16,4,3,0,0,0,0,0,97,4,E01015667,3,1,0.0,1.0,-1,6,30,2,4,-1,17:50,4,2,97
2023041307069,2023,041307069,1,1,3,2,8,2,2,5,1,0,0,0,0,2,E01025244,7,1,1.0,0.0,-1,6,30,1,1,1,20:57,7,1,9
2023010448829,2023,010448829,2,1,1,1,-1,-1,2,0,0,0,0,0,1,-1,-1,-1,0,1.0,0.0,-1,6,30,1,1,1,17:30,3,2,1
2023131280419,2023,131280419,3,2,1,1,50,8,3,0,0,0,0,0,9,9,E01027898,3,1,0.0,1.0,-1,6,30,1,1,1,08:00,6,4,9
2023421317086,2023,421317086,1,1,2,2,60,9,3,0,0,-1,0,0,9,6,E01015821,3,1,0.0,1.0,-1,6,50,1,1,1,11:00,7,3,9
2023631309042,2023,631309042,2,3,1,1,29,6,2,0,0,0,0,0,9,9,W01000441,6,1,1.0,0.0,-1,6,60,1,1,1,18:45,5,2,9
2023430178192,2023,430178192,1,1,1,1,64,9,3,0,0,0,0,0,9,-1,-1,-1,0,0.09844,0.90156,-1,6,60,2,1,2,16:30,2,2,9
2023451345824,2023,451345824,1,1,1,1,18,4,3,0,0,0,0,0,9,8,E01030979,3,1,0.0,1.0,-1,6,30,1,1,2,17:15,7,2,9
2023631367018,2023,631367018,2,1,1,2,27,6,3,0,0,0,0,0,9,9,W01000534,3,1,0.0,1.0,-1,6,60,8,1,1,11:25,4,3,9
2023991261258,2023,991261258,2,1,1,2,48,8,2,0,0,0,0,0,1,2,-1,7,1,1.0,0.0,-1,6,30,1,1,2,15:40,2,2,1
2023122300605,2023,122300605,1,1,1,1,31,6,3,0,0,0,0,0,2,7,E01027788,-1,0,0.04628,0.95372,-1,6,30,1,1,1,20:15,3,2,2
2023461363446,2023,461363446,1,1,1,2,73,10,3,0,0,0,0,0,9,6,E01024276,3,1,0.0,1.0,-1,6,40,2,1,2,16:10,6,1,9
2023461282177,2023,461282177,2,1,1,2,23,5,3,0,0,0,0,0,97,1,E01024710,3,1,0.0,1.0,-1,6,30,1,7,1,21:00,7,2,97
2023010451502,2023,010451502,1,1,1,-1,41,7,3,0,0,0,0,0,1,4,E01001945,-1,0,0.0,1.0,-1,6,20,8,1,1,20:40,1,2,1
2023141346195,2023,141346195,2,1,1,2,11,3,2,0,0,0,0,0,1,9,E01007624,7,1,1.0,0.0,-1,6,40,1,1,1,17:50,2,2,1
2023010457183,2023,010457183,1,1,1,1,18,4,3,0,0,0,0,0,3,4,E01004576,-1,0,0.0,1.0,-1,6,20,8,1,1,17:30,3,2,3
2023070312747,2023,070312747,2,2,2,2,17,4,3,0,0,1,0,0,9,5,E01012544,-1,0,0.00932,0.99068,-1,6,30,1,1,1,13:13,5,2,9
2023010440372,2023,010440372,1,2,2,-1,-1,-1,3,0,0,1,0,0,9,4,E01000612,-1,0,0.0,1.0,-1,6,20,1,1,1,17:50,7,2,9
2023201291266,2023,201291266,2,1,1,2,22,5,3,0,0,0,0,0,9,6,E01009319,3,1,0.0,1.0,-1,1,30,1,1,1,09:30,5,2,9
2023311349646,2023,311349646,1,1,1,1,40,7,3,0,0,0,0,0,9,6,E01028308,3,1,0.0,1.0,-1,6,30,1,1,1,13:34,4,2,9
2023451323054,2023,451323054,1,1,1,1,23,5,3,0,0,0,0,0,9,-1,-1,3,1,0.0,1.0,-1,6,30,1,1,1,04:50,3,5,9
2023131267566,2023,131267566,1,1,1,1,21,5,2,0,0,0,0,0,23,1,E01011360,6,1,1.0,0.0,-1,6,30,1,1,2,14:30,3,1,23
2023052301512,2023,052301512,2,2,2,2,39,7,3,0,0,1,0,0,9,7,E01007071,-1,0,0.00784,0.99216,-1,6,30,1,1,1,14:50,7,2,9
2023201285330,2023,201285330,2,2,2,1,5,1,3,0,0,2,0,0,9,4,E01009162,3,1,0.0,1.0,-1,3,40,1,1,1,09:37,6,2,9
2023351316439,2023,351316439,1,3,2,2,57,9,3,0,0,1,0,0,9,10,E01018245,3,1,0.0,1.0,-1,6,50,1,1,1,16:31,5,2,9
2023631317682,2023,631317682,1,2,1,2,20,4,3,0,0,0,0,0,9,7,W01000523,3,1,0.0,1.0,-1,6,60,1,1,1,10:15,2,2,9
2023361299098,2023,361299098,1,1,1,1,20,4,3,0,0,0,0,0,9,7,E01026472,3,1,0.0,1.0,-1,6,60,2,1,2,17:15,5,2,9
2023052301031,2023,052301031,1,1,2,1,34,6,3,0,0,1,0,0,9,1,E01007089,-1,0,0.04111,0.95889,-1,6,30,1,1,1,19:38,1,2,9
2023522300158,2023,522300158,1,1,1,1,49,8,3,0,0,0,0,0,9,7,E01014847,-1,0,0.00246,0.99754,-1,6,30,1,1,2,10:08,6,2,9
2023471299379,2023,471299379,2,1,2,1,21,5,3,0,0,2,0,0,9,2,E01031819,3,1,0.0,1.0,-1,1,50,1,1,1,14:45,2,2,9
2023052300943,2023,052300943,2,2,2,2,76,11,3,0,0,1,0,0,9,8,E01012532,-1,0,0.06819,0.93181,-1,3,30,1,1,1,11:25,3,2,9
2023061395844,2023,061395844,1,1,1,2,43,7,3,0,0,0,0,0,9,3,E01005115,3,1,0.0,1.0,-1,6,30,1,4,2,19:25,3,4,9
2023010428501,2023,010428501,1,1,1,2,39,7,3,0,0,0,0,0,9,8,E01002963,-1,0,0.0,1.0,-1,6,30,2,4,2,04:32,4,1,9
2023041296453,2023,041296453,2,1,1,2,45,7,2,0,0,0,0,0,9,9,E01025324,6,1,1.0,0.0,-1,6,30,2,1,2,18:30,4,2,9
2023070014187,2023,070014187,2,1,1,1,58,9,3,0,0,0,0,0,9,10,E01018680,-1,0,0.00738,0.99262,-1,1,30,8,4,2,07:07,5,2,9
2023311291490,2023,311291490,2,1,1,2,69,10,3,0,0,0,0,0,9,2,E01027980,3,1,0.0,1.0,-1,6,50,1,6,2,21:17,2,2,9
2023231301605,2023,231301605,2,2,1,1,54,8,3,0,0,0,0,0,9,7,E01031091,3,1,0.0,1.0,-1,6,60,1,6,1,20:01,6,2,9
2023302300850,2023,302300850,1,1,1,2,74,10,3,0,0,0,0,0,9,9,E01019624,-1,0,0.02673,0.97327,-1,6,30,1,1,1,18:30,3,1,9
2023340WN0842,2023,340WN0842,1,1,1,1,73,10,3,0,0,0,0,0,9,7,E01027277,-1,0,0.09259,0.90741,-1,6,30,1,1,1,13:45,4,2,9
2023430209527,2023,430209527,2,3,2,2,9,2,3,0,0,1,0,0,9,-1,-1,-1,0,0.00573,0.99427,-1,6,60,1,1,1,19:50,6,2,9
2023610013823,2023,610013823,1,1,2,2,83,11,3,0,0,0,4,0,11,3,W01001430,-1,0,0.12195,0.87805,-1,6,30,1,1,1,13:30,3,2,11
2023010420547,2023,010420547,1,1,1,2,24,5,3,0,0,0,0,0,1,8,E01004589,-1,0,0.0,1.0,-1,6,30,1,4,2,17:25,2,2,1
2023501365387,2023,501365387,2,1,1,2,55,8,3,0,0,0,0,0,1,7,E01020219,3,1,0.0,1.0,-1,6,30,1,1,1,16:20,3,2,1
2023471290861,2023,471290861,2,1,1,2,55,8,3,0,0,0,0,0,9,6,E01021182,3,1,0.0,1.0,-1,6,30,9,1,1,08:00,4,2,9
2023631337269,2023,631337269,1,1,1,2,79,11,2,0,0,0,0,0,9,5,W01000599,5,1,1.0,0.0,-1,6,30,1,1,1,15:30,3,1,9
2023131375816,2023,131375816,2,1,2,1,58,9,2,0,0,0,0,0,90,5,E01011820,6,1,1.0,0.0,-1,3,40,1,1,1,12:35,6,2,90
2023991260971,2023,991260971,1,1,1,1,50,8,3,0,0,0,0,0,9,8,-1,3,1,0.0,1.0,-1,6,60,1,6,4,07:20,2,1,9
2023991309605,2023,991309605,1,1,1,1,37,7,3,0,0,0,0,0,9,5,-1,3,1,0.0,1.0,-1,6,60,7,6,2,01:30,1,2,9
2023101284664,2023,101284664,2,1,1,1,53,8,2,0,0,0,0,0,1,3,E01008171,7,1,1.0,0.0,-1,3,40,1,1,1,17:33,4,2,1
2023010427606,2023,010427606,1,1,1,1,40,7,3,0,0,0,0,0,9,6,E01002614,-1,0,0.0,1.0,-1,6,30,8,4,1,21:15,5,2,9
2023010455678,2023,010455678,2,2,1,2,47,8,3,0,0,0,0,0,9,3,E01004355,-1,0,0.0,1.0,-1,6,20,1,1,1,13:57,2,3,9
2023041286827,2023,041286827,3,1,1,1,19,4,3,0,0,0,0,0,9,7,E01012727,3,1,0.0,1.0,-1,3,30,1,1,2,17:49,3,3,9
2023170M11063,2023,170M11063,1,1,1,1,26,6,3,0,0,0,0,0,9,1,E01012093,-1,0,0.05646,0.94354,-1,6,30,1,1,1,08:30,1,1,9
2023461362346,2023,461362346,2,2,1,1,58,9,3,0,0,0,0,0,9,2,E01024585,3,1,0.0,1.0,-1,6,30,1,1,1,11:42,3,2,9
2023991379022,2023,991379022,2,2,1,1,21,5,3,0,0,0,0,0,9,-1,-1,3,1,0.0,1.0,-1,6,20,2,4,2,20:40,3,2,9
2023520400577,2023,520400577,2,1,1,1,15,3,2,0,0,0,0,0,-1,8,E01029296,-1,0,1.0,0.0,-1,6,30,1,1,1,16:30,3,2,-1
2023010453771,2023,010453771,1,1,1,2,41,7,3,0,0,0,0,0,1,5,E01003260,-1,0,0.0,1.0,-1,6,20,1,1,1,16:30,5,2,1
2023520301709,2023,520301709,2,1,1,1,32,6,2,0,0,0,0,0,5,6,E01029084,-1,0,1.0,0.0,-1,6,60,1,1,1,14:25,1,2,5
2023522301190,2023,522301190,1,1,3,2,14,3,3,1,3,0,0,0,0,7,E01014554,-1,0,0.09762,0.90238,-1,6,20,2,1,2,18:00,2,1,8
2023010433460,2023,010433460,1,1,3,1,83,11,3,5,1,0,0,0,0,7,E01000217,-1,0,0.0,1.0,-1,6,20,1,1,1,17:01,3,1,19
2023041390739,2023,041390739,2,1,1,2,25,5,3,0,0,0,0,0,9,8,E01024939,3,1,0.0,1.0,-1,6,30,1,1,1,08:00,2,2,9
2023101332128,2023,101332128,2,1,1,2,64,9,3,0,0,0,0,0,9,-1,-1,3,1,0.0,1.0,-1,7,50,1,1,1,11:30,3,2,9
202360A144097,2023,60A144097,1,2,2,1,38,7,3,0,0,1,0,0,9,-1,-1,-1,0,0.16676,0.83324,-1,6,60,1,1,1,06:10,5,1,9
2023010461985,2023,010461985,2,1,1,1,-1,-1,3,0,0,0,0,0,1,-1,-1,-1,0,0.0,1.0,-1,1,30,1,1,1,18:00,3,2,1
2023041309669,2023,041309669,1,1,3,1,48,8,3,9,8,0,0,0,0,3,E01025294,3,1,0.0,1.0,-1,6,20,1,1,1,15:22,3,1,19
2023101272524,2023,101272524,3,1,1,1,49,8,3,0,0,0,0,0,9,8,E01033465,3,1,0.0,1.0,-1,3,40,1,1,1,12:40,1,3,9
2023522400028,2023,522400028,2,1,1,2,30,6,3,0,0,0,0,0,9,7,E01032671,-1,0,0.03272,0.96728,-1,1,60,1,1,2,09:00,3,2,9
2023061372767,2023,061372767,1,1,3,2,20,4,3,5,1,0,0,0,0,4,E01006242,3,1,0.0,1.0,-1,6,30,2,4,2,21:40,5,1,9
2023041365143,2023,041365143,2,1,1,2,29,6,3,0,0,0,0,0,9,1,E01012574,3,1,0.0,1.0,-1,7,70,5,1,2,13:45,6,2,9
2023010468084,2023,010468084,1,1,3,2,31,6,3,5,3,0,0,0,0,1,E01001562,-1,0,0.0,1.0,-1,6,30,1,1,1,08:10,3,1,9
2023101290501,2023,101290501,1,1,3,2,50,8,3,5,1,0,0,0,0,-1,-1,3,1,0.0,1.0,-1,6,60,1,1,1,12:30,7,1,9
2023070456488,2023,070456488,1,1,1,2,26,6,3,0,0,0,0,0,9,9,E01012488,-1,0,0.04181,0.95819,-1,6,30,1,1,1,15:35,1,3,9
2023430290428,2023,430290428,1,2,2,1,20,4,2,0,0,1,0,0,9,-1,-1,-1,0,1.0,0.0,-1,3,50,1,1,1,10:16,7,1,9
2023010420388,2023,010420388,2,1,1,2,52,8,3,0,0,0,0,0,1,4,E01000491,-1,0,0.0,1.0,-1,6,20,1,1,2,09:00,2,2,1
2023041279488,2023,041279488,1,1,1,1,23,5,3,0,0,0,0,0,1,6,E01025546,3,1,0.0,1.0,-1,6,30,1,4,1,18:12,4,2,1
2023052300629,2023,052300629,2,1,1,2,22,5,3,0,0,0,0,0,1,1,E01007005,-1,0,0.088,0.912,-1,6,30,1,1,1,07:20,6,2,1
2023170M11333,2023,170M11333,2,1,1,1,13,3,2,0,0,0,0,0,1,7,E01012064,-1,0,1.0,0.0,-1,6,30,1,1,1,16:10,3,2,1
2023320373381,2023,320373381,2,2,1,2,43,7,2,0,0,0,0,0,1,3,E01026075,-1,0,1.0,0.0,-1,6,60,1,1,1,17:00,7,3,1
2023141294075,2023,141294075,1,1,1,1,30,6,3,0,0,0,0,0,9,-1,-1,3,1,0.0,1.0,-1,6,30,2,1,2,13:17,4,2,9
2023201286883,2023,201286883,2,2,2,1,24,5,3,0,0,1,0,0,9,1,E01010430,3,1,0.0,1.0,-1,6,30,4,4,2,19:28,7,2,9
2023451294090,2023,451294090,2,1,1,2,38,7,3,0,0,0,0,0,9,7,E01030684,3,1,0.0,1.0,-1,6,30,1,1,1,11:45,4,2,9
2023991388401,2023,991388401,1,1,3,2,36,7,3,1,3,0,0,0,0,1,-1,3,1,0.0,1.0,-1,3,30,1,4,1,17:00,5,1,9
2023501313700,2023,501313700,2,1,1,1,69,10,3,0,0,0,0,0,1,5,E01018976,3,1,0.0,1.0,-1,6,20,8,1,1,10:30,5,2,1
2023010442742,2023,010442742,1,1,1,1,27,6,3,0,0,0,0,0,8,3,E01001004,-1,0,0.0,1.0,-1,2,20,8,1,1,19:34,5,2,8
2023131330036,2023,131330036,1,1,1,2,45,7,3,0,0,0,0,0,9,9,E01010953,3,1,0.0,1.0,-1,3,30,1,1,1,14:03,1,2,9
2023461325844,2023,461325844,1,2,2,1,20,4,3,0,0,2,0,0,9,1,E01015729,3,1,0.0,1.0,-1,3,40,1,1,1,12:23,4,1,9
2023991358059,2023,991358059,2,2,1,2,40,7,3,0,0,0,0,0,9,1,-1,3,1,0.0,1.0,-1,6,30,2,1,2,16:10,7,2,9
2023010471960,2023,010471960,1,1,3,2,18,4,3,6,9,0,0,0,0,6,E01003030,-1,0,0.0,1.0,-1,9,30,1,1,1,04:40,7,1,1
2023122300210,2023,122300210,1,1,1,1,20,4,3,0,0,0,0,0,9,9,E01027687,-1,0,0.10244,0.89756,-1,6,60,1,6,1,23:25,1,1,9
2023211390687,2023,211390687,2,1,1,1,29,6,3,0,0,0,0,0,9,-1,-1,3,1,0.0,1.0,-1,6,30,1,1,1,12:45,4,2,9
2023231405494,2023,231405494,1,3,2,2,3,1,3,0,0,2,0,0,9,9,E01031184,3,1,0.0,1.0,-1,6,30,1,1,1,09:11,5,2,9
202360A093941,2023,60A093941,2,3,2,1,57,9,3,0,0,2,0,0,9,-1,-1,-1,0,0.03268,0.96732,-1,6,30,1,1,1,12:42,7,2,9
2023302300625,2023,302300625,1,1,1,1,23,5,3,0,0,0,0,0,3,10,E01013564,-1,0,0.11386,0.88614,-1,6,20,1,1,2,15:30,1,2,3
2023122300366,2023,122300366,2,1,1,1,20,4,3,0,0,0,0,0,9,4,E01027906,-1,0,0.06343,0.93657,-1,6,60,1,1,1,00:01,2,2,9
2023471372760,2023,471372760,1,1,1,1,90,11,3,0,0,0,0,0,9,6,E01031636,3,1,0.0,1.0,-1,6,30,1,4,1,19:25,5,2,9
2023471261108,2023,471261108,1,1,3,2,25,5,2,8,3,0,0,0,0,9,E01031753,5,1,1.0,0.0,-1,6,50,1,6,2,07:03,2,2,9
2023010442177,2023,010442177,1,1,1,1,42,7,3,0,0,0,0,0,1,5,E01003222,-1,0,0.0,1.0,-1,6,30,1,1,1,16:14,4,2,1
2023141317451,2023,141317451,2,1,2,1,40,7,2,0,0,1,0,0,9,1,E01007369,7,1,1.0,0.0,-1,6,30,1,4,1,02:05,2,3,9
2023543351223,2023,543351223,1,2,2,2,14,3,3,0,0,0,0,0,10,6,E01032011,-1,0,0.03185,0.96815,-1,6,60,2,1,2,16:23,4,2,10
2023201370357,2023,201370357,1,1,3,2,-1,-1,3,1,1,0,0,2,0,-1,-1,3,1,0.0,1.0,-1,3,40,1,1,1,17:35,5,1,9
2023010427914,2023,010427914,1,1,3,2,65,9,3,1,9,0,0,0,0,6,E01003434,-1,0,0.0,1.0,-1,6,20,1,4,1,20:36,7,1,9
2023101296005,2023,101296005,2,1,1,2,45,7,3,0,0,0,0,0,1,10,E01008422,3,1,0.0,1.0,-1,6,20,1,1,1,08:05,4,2,1
2023010422371,2023,010422371,1,1,1,2,32,6,3,0,0,0,0,0,3,6,E01001592,-1,0,0.0,1.0,-1,6,20,1,4,4,18:30,5,2,3
2023010472358,2023,010472358,2,1,1,1,39,7,3,0,0,0,0,0,1,2,E01032805,-1,0,0.0,1.0,-1,6,30,9,1,1,15:44,2,2,1
2023461363016,2023,461363016,2,1,1,1,48,8,2,0,0,0,0,0,2,3,E01016155,7,1,1.0,0.0,-1,6,30,1,1,1,06:56,6,2,2
2023010453959,2023,010453959,2,1,1,1,43,7,3,0,0,0,0,0,5,4,E01002607,-1,0,0.0,1.0,-1,6,30,2,1,2,13:40,7,2,5
2023351387737,2023,351387737,2,2,1,1,37,7,3,0,0,0,0,0,9,2,E01015605,3,1,0.0,1.0,-1,6,30,1,4,1,18:38,7,3,9
2023522301734,2023,522301734,1,1,1,1,45,7,3,0,0,0,0,0,1,9,E01014789,-1,0,0.03163,0.96837,-1,1,30,1,1,1,17:00,1,2,1
2023052300310,2023,052300310,2,1,1,1,19,4,3,0,0,0,0,0,3,1,E01006448,-1,0,0.2054,0.7946,-1,6,40,1,1,1,07:30,5,2,3
2023141294020,2023,141294020,1,1,1,2,53,8,3,0,0,0,0,0,9,4,E01007353,3,1,0.0,1.0,-1,6,30,1,1,1,13:00,4,3,9
2023231269849,2023,231269849,1,1,1,1,69,10,2,0,0,0,0,0,9,5,E01032530,6,1,1.0,0.0,-1,6,30,1,1,2,07:10,5,2,9
2023552301259,2023,552301259,2,2,2,1,20,4,2,0,0,2,0,0,9,2,E01004251,-1,0,1.0,0.0,-1,6,60,1,1,1,15:32,1,2,9
2023991346455,2023,991346455,1,1,1,2,40,7,3,0,0,0,0,0,9,7,-1,3,1,0.0,1.0,-1,6,60,1,1,2,17:05,1,1,9
2023010439058,2023,010439058,1,2,3,1,22,5,2,5,9,0,0,0,0,1,E01002069,-1,0,1.0,0.0,-1,6,20,1,4,2,04:37,2,1,3
2023451388654,2023,451388654,1,1,3,1,32,6,2,8,1,0,0,0,0,6,E01030862,6,1,1.0,0.0,-1,6,30,1,1,2,10:45,6,1,9
2023161351431,2023,161351431,1,1,1,1,65,9,2,0,0,0,0,0,4,8,E01013123,7,1,1.0,0.0,-1,6,60,2,6,2,23:20,2,2,4
2023311383648,2023,311383648,1,1,2,2,19,4,3,0,0,1,0,0,9,3,E01028259,3,1,0.0,1.0,-1,6,40,8,4,2,22:36,4,2,9
2023421282140,2023,421282140,2,1,1,2,26,6,3,0,0,0,0,0,9,9,E01022099,3,1,0.0,1.0,-1,6,60,1,1,2,06:34,5,3,9
2023010433254,2023,010433254,1,1,2,1,45,7,3,0,0,1,0,0,9,2,E01000152,-1,0,0.0,1.0,-1,6,20,1,1,1,13:10,2,1,9
2023421353001,2023,421353001,2,1,1,1,63,9,2,0,0,0,0,0,9,7,E01015946,6,1,1.0,0.0,-1,3,40,1,4,1,21:59,6,3,9
2023461261442,2023,461261442,2,1,1,1,39,7,3,0,0,0,0,0,9,7,E01024361,3,1,0.0,1.0,-1,3,70,1,1,1,06:35,1,2,9
2023622300631,2023,622300631,2,2,1,2,28,6,3,0,0,0,0,0,9,3,W01001176,-1,0,0.01994,0.98006,-1,6,30,1,1,1,12:56,6,2,9
2023041325973,2023,041325973,2,1,1,1,24,5,3,0,0,0,0,0,3,6,E01007072,3,1,0.0,1.0,-1,6,20,1,1,2,07:00,3,2,3
2023010425122,2023,010425122,1,1,1,1,32,6,3,0,0,0,0,0,5,5,E01000619,-1,0,0.0,1.0,-1,9,20,1,1,1,13:41,5,2,5
2023401300292,2023,401300292,1,2,2,1,36,7,3,0,0,1,0,0,9,8,E01017627,3,1,0.0,1.0,-1,6,60,1,6,1,19:08,6,1,9
2023461269599,2023,461269599,1,1,2,2,23,5,3,0,0,1,0,0,9,8,E01024113,3,1,0.0,1.0,-1,6,60,1,1,1,15:40,1,1,9
2023302300535,2023,302300535,2,1,1,2,12,3,3,0,0,0,0,0,-1,-1,-1,-1,0,0.10582,0.89418,-1,6,30,9,1,1,15:00,3,2,-1
2023010444998,2023,010444998,1,1,1,1,32,6,3,0,0,0,0,0,3,5,E01000224,-1,0,0.0,1.0,-1,6,20,9,1,9,14:30,4,2,3
2023501384575,2023,501384575,1,1,1,2,53,8,3,0,0,0,0,0,3,7,E01020233,3,1,0.0,1.0,-1,6,60,1,1,2,09:27,5,1,3
2023131348633,2023,131348633,2,1,1,2,20,4,3,0,0,0,0,0,9,2,E01011913,3,1,0.0,1.0,-1,2,30,1,1,1,14:40,5,2,9
2023401366008,2023,401366008,2,1,1,1,26,6,3,0,0,0,0,0,9,5,E01015767,3,1,0.0,1.0,-1,1,60,1,1,1,13:20,6,2,9
2023991266640,2023,991266640,2,1,1,2,43,7,3,0,0,0,0,0,9,1,-1,3,1,0.0,1.0,-1,6,30,1,1,1,13:30,1,2,9
2023041352064,2023,041352064,1,1,1,1,23,5,2,0,0,0,0,0,19,8,E01012584,6,1,1.0,0.0,-1,6,30,1,1,1,14:00,4,2,19
2023010446859,2023,010446859,2,1,1,2,27,6,2,0,0,0,0,0,1,4,E01003029,-1,0,1.0,0.0,-1,3,20,1,4,1,23:00,7,2,1
2023546326923,2023,546326923,1,1,3,1,7,2,3,5,4,0,0,0,0,1,E01015545,-1,0,0.08106,0.91894,-1,6,20,1,1,1,17:20,6,1,9
2023351272023,2023,351272023,2,1,1,1,21,5,3,0,0,0,0,0,1,8,E01018003,3,1,0.0,1.0,-1,6,30,1,1,1,09:50,5,2,1
2023430407721,2023,430407721,2,1,1,1,15,3,2,0,0,0,0,0,1,4,E01028809,-1,0,1.0,0.0,-1,6,20,1,1,1,08:20,2,2,1
2023131348693,2023,131348693,1,1,1,-1,18,4,2,0,0,0,0,0,3,6,E01011774,6,1,1.0,0.0,-1,6,30,2,1,2,17:45,2,2,3
2023010434094,2023,010434094,1,1,1,1,32,6,3,0,0,0,0,0,9,3,E01024567,-1,0,0.0,1.0,-1,3,70,1,1,1,06:45,6,3,9
2023302300080,2023,302300080,1,1,1,2,52,8,3,0,0,0,0,0,9,10,E01019587,-1,0,0.05473,0.94527,-1,6,30,1,1,1,10:00,4,2,9
2023440287624,2023,440287624,1,1,1,2,35,6,3,0,0,0,0,0,9,10,E01022729,-1,0,0.02092,0.97908,-1,6,30,1,1,1,18:00,4,2,9
2023010461126,2023,010461126,1,2,2,1,45,7,3,0,0,2,0,0,9,3,E01000092,-1,0,0.0,1.0,-1,6,30,9,1,1,20:00,5,2,9
2023131357395,2023,131357395,2,1,1,1,53,8,3,0,0,0,0,0,9,9,E01011311,3,1,0.0,1.0,-1,3,40,1,1,1,08:41,5,3,9
2023520300128,2023,520300128,1,1,1,1,30,6,3,0,0,0,0,0,9,4,E01029187,-1,0,0.03992,0.96008,-1,6,60,2,6,2,20:25,2,1,9