collision_index,collision_year,collision_ref_no,vehicle_reference,casualty_reference,casualty_class,sex_of_casualty,age_of_casualty,age_band_of_casualty,casualty_severity,pedestrian_location,pedestrian_movement,car_passenger,bus_or_coach_passenger,pedestrian_road_maintenance_worker,casualty_type,casualty_imd_decile,lsoa_of_casualty,enhanced_casualty_severity,casualty_injury_based,casualty_adjusted_severity_serious,casualty_adjusted_severity_slight,casualty_distance_banding,road_type,speed_limit,weather_conditions,light_conditions,road_surface_conditions,time,day_of_week,number_of_vehicles,vehicle_type
2023131289452,2023,131289452,2,7,2,2,23,5,3,0,0,2,0,0,9,1,E01010625,3,1,0.0,1.0,-1,3,30,1,1,1,08:07,4,2,9
2023522300779,2023,522300779,2,3,2,2,66,10,3,0,0,1,0,0,9,7,E01014772,-1,0,0.02448,0.97552,-1,6,40,1,1,1,13:09,3,3,9
2023411337147,2023,411337147,1,1,3,1,31,6,3,5,2,0,0,0,0,3,E01023793,3,1,0.0,1.0,-1,9,20,1,1,1,21:19,7,1,9
2023430015916,2023,430015916,1,1,3,2,27,6,2,5,3,0,0,0,0,9,E01016201,-1,0,1.0,0.0,-1,1,40,2,4,2,19:25,5,1,9
2023131283901,2023,131283901,2,1,1,1,28,6,2,0,0,0,0,0,1,2,E01011481,7,1,1.0,0.0,-1,1,40,1,1,1,08:37,3,2,1
2023201426387,2023,201426387,2,1,1,1,63,9,3,0,0,0,0,0,1,2,E01010096,3,1,0.0,1.0,-1,6,30,1,1,1,14:14,3,2,1
2023010480488,2023,010480488,1,1,1,2,42,7,3,0,0,0,0,0,9,2,E01001423,-1,0,0.0,1.0,-1,6,20,1,4,1,19:45,1,2,9
2023010469138,2023,010469138,2,2,1,1,56,9,3,0,0,0,0,0,9,4,E01003166,-1,0,0.0,1.0,-1,3,20,1,1,1,10:30,7,3,9
2023010483139,2023,010483139,1,1,1,2,30,6,2,0,0,0,0,0,9,5,E01000454,-1,0,1.0,0.0,-1,1,30,4,4,1,06:25,1,1,9
2023101377704,2023,101377704,2,1,1,2,55,8,3,0,0,0,0,0,9,9,E01008316,3,1,0.0,1.0,-1,6,30,1,4,2,23:01,7,2,9
2023302301542,2023,302301542,1,1,1,1,25,5,3,0,0,0,0,0,9,1,E01013484,-1,0,0.02523,0.97477,-1,6,30,1,1,1,17:50,7,2,9
2023991372758,2023,991372758,2,1,1,2,32,6,3,0,0,0,0,0,9,4,-1,3,1,0.0,1.0,-1,6,60,1,1,2,09:40,6,3,9
2023101350728,2023,101350728,2,1,1,1,85,11,3,0,0,0,0,0,22,2,E01008571,3,1,0.0,1.0,-1,6,20,1,1,1,17:10,7,2,22
2023010429007,2023,010429007,2,2,1,1,-1,-1,3,0,0,0,0,0,9,8,E01031659,-1,0,0.0,1.0,-1,3,40,1,4,2,22:40,6,2,9
2023131333329,2023,131333329,1,2,2,1,54,8,3,0,0,1,0,0,9,5,E01011788,3,1,0.0,1.0,-1,6,60,1,1,1,18:17,3,2,9
2023211298470,2023,211298470,2,4,2,1,4,1,3,0,0,2,0,0,9,10,E01029565,3,1,0.0,1.0,-1,3,50,1,1,-1,11:12,5,2,9
2023401344172,2023,401344172,2,1,1,2,39,7,3,0,0,0,0,0,9,-1,-1,3,1,0.0,1.0,-1,6,30,2,1,2,16:59,7,2,9
2023430076895,2023,430076895,2,1,2,1,12,3,2,0,0,2,0,0,9,1,E01004839,-1,0,1.0,0.0,-1,3,70,1,1,1,12:34,1,3,9
2023461397598,2023,461397598,1,1,1,2,45,7,2,0,0,0,0,0,9,7,E01001125,7,1,1.0,0.0,-1,3,70,5,1,2,10:50,7,1,9
2023371394229,2023,371394229,1,1,1,1,82,11,3,0,0,0,0,0,9,4,E01030201,3,1,0.0,1.0,-1,6,60,1,1,4,10:42,4,1,9
2023421390982,2023,421390982,2,1,1,1,41,7,3,0,0,0,0,0,9,10,E01030166,3,1,0.0,1.0,-1,6,30,1,1,1,08:44,2,2,9
2023010428912,2023,010428912,1,1,2,1,79,11,3,0,0,0,2,0,11,5,E01002481,-1,0,0.0,1.0,-1,2,30,1,1,1,10:50,6,1,11
2023052301044,2023,052301044,2,3,2,2,16,4,3,0,0,0,4,0,11,1,E01007124,-1,0,0.02355,0.97645,-1,6,30,1,1,1,15:00,3,2,11
2023161295221,2023,161295221,1,3,2,1,14,3,3,0,0,2,0,0,9,3,E01013830,3,1,0.0,1.0,-1,6,30,1,1,2,15:48,2,1,9
2023531402065,2023,531402065,1,1,1,2,26,6,3,0,0,0,0,0,9,4,E01022440,3,1,0.0,1.0,-1,1,40,1,4,1,22:39,6,2,9
2023010429130,2023,010429130,1,1,1,1,35,6,3,0,0,0,0,0,9,3,E01001368,-1,0,0.0,1.0,-1,9,20,1,1,1,15:15,7,2,9
2023071095746,2023,071095746,2,1,1,1,24,5,3,0,0,0,0,0,9,-1,-1,-1,0,0.02176,0.97824,-1,3,30,2,1,2,12:30,7,2,9
2023430031006,2023,430031006,2,2,1,2,61,9,3,0,0,0,0,0,9,9,E01017811,-1,0,0.05119,0.94881,-1,6,30,8,1,4,08:53,7,2,9
2023610053323,2023,610053323,1,1,2,2,69,10,3,0,0,1,0,0,9,8,W01001508,-1,0,0.07062,0.92938,-1,6,20,4,1,1,14:06,5,3,9
2023010435606,2023,010435606,1,1,3,1,74,10,2,1,1,0,0,0,0,9,E01003775,-1,0,1.0,0.0,-1,6,30,1,1,1,09:45,2,1,9
2023340NN0492,2023,340NN0492,2,1,1,1,24,5,2,0,0,0,0,0,1,6,E01027039,-1,0,1.0,0.0,-1,6,30,1,4,1,06:50,6,2,1
2023010482047,2023,010482047,1,1,1,1,24,5,3,0,0,0,0,0,3,3,E01000613,-1,0,0.0,1.0,-1,6,20,8,1,1,13:30,2,2,3
2023161299230,2023,161299230,1,3,2,2,16,4,3,0,0,2,0,0,9,1,E01013208,3,1,0.0,1.0,-1,6,30,1,1,2,15:20,6,2,9
2023221337066,2023,221337066,1,1,1,1,22,5,2,0,0,0,0,0,9,9,E01018201,7,1,1.0,0.0,-1,6,50,1,1,2,19:52,2,2,9
2023010424645,2023,010424645,1,1,2,1,34,6,3,0,0,0,0,0,19,1,E01004318,-1,0,0.0,1.0,-1,6,30,1,4,1,22:30,3,2,19
2023552300428,2023,552300428,1,1,1,1,74,10,2,0,0,0,0,0,5,6,E01031996,-1,0,1.0,0.0,-1,6,60,1,1,1,10:27,5,1,5
2023010449588,2023,010449588,1,1,1,1,29,6,3,0,0,0,0,0,9,-1,-1,-1,0,0.0,1.0,-1,6,30,1,7,1,19:41,6,1,9
2023111325474,2023,111325474,1,1,2,1,4,1,3,0,0,2,0,0,9,-1,-1,3,1,0.0,1.0,-1,7,70,1,1,1,09:00,3,4,9
2023122300151,2023,122300151,1,1,2,1,1,1,3,0,0,1,0,0,9,-1,-1,-1,0,0.06792,0.93208,-1,6,60,5,1,2,11:27,7,1,9
2023010423465,2023,010423465,1,1,1,1,34,6,3,0,0,0,0,0,9,2,E01003988,-1,0,0.0,1.0,-1,6,20,1,1,1,10:35,4,2,9
2023122301177,2023,122301177,1,1,1,1,23,5,3,0,0,0,0,0,9,6,E01027560,-1,0,0.15966,0.84034,-1,6,60,1,1,1,02:40,7,1,9
2023471355450,2023,471355450,1,1,2,1,37,7,3,0,0,1,0,0,9,4,E01021006,3,1,0.0,1.0,-1,6,30,1,1,1,09:47,6,1,9
2023052302347,2023,052302347,2,1,1,2,21,5,3,0,0,0,0,0,9,8,E01007260,-1,0,0.01366,0.98634,-1,3,30,2,1,2,17:55,2,2,9
2023201410075,2023,201410075,1,1,1,1,23,5,3,0,0,0,0,0,9,-1,-1,3,1,0.0,1.0,-1,6,30,1,1,2,10:45,6,3,9
2023371280387,2023,371280387,1,3,1,2,26,6,3,0,0,0,0,0,9,-1,-1,3,1,0.0,1.0,-1,6,30,1,1,2,11:30,7,3,9
2023401383479,2023,401383479,1,1,1,1,63,9,3,0,0,0,0,0,9,10,W01001780,3,1,0.0,1.0,-1,6,50,1,1,1,16:30,5,2,9
2023545653223,2023,545653223,2,1,1,1,60,9,3,0,0,0,0,0,9,9,E01032106,-1,0,0.03969,0.96031,-1,6,30,1,1,1,16:41,3,2,9
2023131319179,2023,131319179,1,1,3,2,12,3,2,10,1,0,0,2,0,1,E01011468,7,1,1.0,0.0,-1,6,20,1,1,1,16:06,5,1,9
2023141326363,2023,141326363,1,1,3,2,11,3,2,1,1,0,0,0,0,-1,-1,7,1,1.0,0.0,-1,3,40,1,1,1,16:30,4,1,9
2023501344143,2023,501344143,2,1,1,1,13,3,2,0,0,0,0,0,1,5,E01020147,7,1,1.0,0.0,-1,6,30,1,1,1,10:26,5,2,1
2023340NN0082,2023,340NN0082,1,3,1,2,30,6,3,0,0,0,0,0,9,4,E01027059,-1,0,0.08403,0.91597,-1,3,70,2,4,2,07:45,3,3,9
2023471370011,2023,471370011,2,1,1,2,48,8,3,0,0,0,0,0,9,7,E01031534,3,1,0.0,1.0,-1,6,60,8,6,2,17:50,5,2,9
2023170S11483,2023,170S11483,3,2,1,1,56,9,2,0,0,0,0,0,9,5,E01012295,-1,0,1.0,0.0,-1,6,60,1,1,1,14:16,4,3,9
2023221281894,2023,221281894,1,1,1,1,26,6,3,0,0,0,0,0,9,-1,-1,3,1,0.0,1.0,-1,6,60,1,6,1,18:24,6,2,9
2023411351951,2023,411351951,2,2,2,2,35,6,3,0,0,1,0,0,9,4,E01023333,3,1,0.0,1.0,-1,6,30,1,1,1,20:25,1,3,9
2023991274034,2023,991274034,2,1,1,2,33,6,2,0,0,0,0,0,9,5,-1,5,1,1.0,0.0,-1,7,60,1,6,1,20:50,3,2,9
2023141300858,2023,141300858,3,1,1,2,11,3,2,0,0,0,0,0,1,2,E01008077,7,1,1.0,0.0,-1,6,30,1,1,1,15:35,3,3,1
2023070839208,2023,070839208,1,1,1,1,68,10,3,0,0,0,0,0,1,2,E01012425,-1,0,0.14965,0.85035,-1,1,40,1,1,1,13:00,2,2,1
2023010425098,2023,010425098,1,1,1,1,30,6,3,0,0,0,0,0,5,2,E01004389,-1,0,0.0,1.0,-1,9,20,9,1,9,11:20,1,2,5
2023351390629,2023,351390629,1,1,1,1,80,11,3,0,0,0,0,0,9,6,E01018151,3,1,0.0,1.0,-1,6,60,2,4,2,19:15,5,2,9
2023531400732,2023,531400732,2,2,1,1,50,8,3,0,0,0,0,0,9,6,E01022260,3,1,0.0,1.0,-1,6,50,1,1,1,16:40,7,2,9
2023070469237,2023,070469237,2,1,1,2,57,9,3,0,0,0,0,0,9,5,E01018706,-1,0,0.00792,0.99208,-1,1,30,1,1,1,11:48,5,2,9
2023131354327,2023,131354327,1,1,1,1,41,7,3,0,0,0,0,0,9,1,E01010622,3,1,0.0,1.0,-1,6,30,2,1,2,10:30,4,2,9
2023131371376,2023,131371376,1,2,2,1,17,4,3,0,0,2,0,0,9,8,E01011397,3,1,0.0,1.0,-1,6,60,1,6,2,20:00,2,1,9
2023461353794,2023,461353794,1,1,2,2,13,3,3,0,0,-1,0,0,9,3,E01001589,3,1,0.0,1.0,-1,7,70,1,1,1,10:40,3,1,9
2023501360052,2023,501360052,2,1,1,1,54,8,3,0,0,0,0,0,9,4,E01015175,3,1,0.0,1.0,-1,6,30,1,1,1,17:05,3,2,9
2023631383008,2023,631383008,2,1,1,1,67,10,2,0,0,0,0,0,9,6,W01000666,6,1,1.0,0.0,-1,6,60,1,1,2,12:25,3,2,9
2023991290380,2023,991290380,1,2,1,1,18,4,2,0,0,0,0,0,9,4,-1,5,1,1.0,0.0,-1,6,60,2,6,2,18:57,6,2,9
2023010482684,2023,010482684,1,1,3,1,75,10,2,1,1,0,0,0,0,4,E01003034,-1,0,1.0,0.0,-1,6,20,2,4,2,19:25,5,1,9
2023161318381,2023,161318381,2,1,1,1,22,5,3,0,0,0,0,0,1,10,E01013118,3,1,0.0,1.0,-1,3,30,1,1,1,10:00,4,2,1
2023552300992,2023,552300992,2,1,1,2,19,4,3,0,0,0,0,0,1,10,E01015315,-1,0,0.05651,0.94349,-1,6,30,1,1,1,15:20,4,2,1
2023131314335,2023,131314335,1,1,1,1,18,4,2,0,0,0,0,0,3,3,E01011298,7,1,1.0,0.0,-1,6,60,1,1,1,17:16,6,2,3
2023131273577,2023,131273577,1,2,2,2,34,6,3,0,0,1,0,0,9,2,E01010628,3,1,0.0,1.0,-1,6,30,1,4,1,04:07,3,2,9
2023231368541,2023,231368541,1,1,1,2,33,6,3,0,0,0,0,0,9,2,E01032389,3,1,0.0,1.0,-1,6,50,1,1,1,10:28,7,1,9
2023461283828,2023,461283828,1,1,1,1,46,8,3,0,0,0,0,0,90,9,E01024431,3,1,0.0,1.0,-1,6,40,1,6,2,20:50,3,1,90
2023010430743,2023,010430743,1,1,3,2,23,5,2,6,9,0,0,0,0,1,E01009321,-1,0,1.0,0.0,-1,6,30,9,1,1,18:21,2,1,9
2023010485450,2023,010485450,1,1,3,1,-1,-1,3,5,1,0,0,0,0,4,E01001216,-1,0,0.0,1.0,-1,6,20,1,4,2,20:30,5,1,9
2023332301127,2023,332301127,2,1,1,2,28,6,2,0,0,0,0,0,1,4,E01013696,-1,0,1.0,0.0,-1,6,30,1,1,1,09:05,2,2,1
2023421383683,2023,421383683,2,1,1,1,22,5,2,0,0,0,0,0,1,1,E01015852,7,1,1.0,0.0,-1,3,30,1,7,1,18:15,3,2,1
2023161299614,2023,161299614,1,1,1,1,41,7,3,0,0,0,0,0,9,1,E01012788,3,1,0.0,1.0,-1,6,30,1,1,1,14:46,6,1,9
2023421387215,2023,421387215,2,2,1,2,62,9,3,0,0,0,0,0,9,9,E01021675,3,1,0.0,1.0,-1,3,70,1,1,2,10:01,3,5,9
2023131373620,2023,131373620,1,1,1,1,62,9,3,0,0,0,0,0,11,2,E01011166,3,1,0.0,1.0,-1,6,30,2,1,2,14:05,1,1,11
2023531287092,2023,531287092,1,1,1,1,53,8,2,0,0,0,0,0,19,7,E01022376,6,1,1.0,0.0,-1,6,60,1,1,1,08:48,4,2,19
2023451285215,2023,451285215,1,1,1,1,26,6,3,0,0,0,0,0,2,7,E01023124,3,1,0.0,1.0,-1,1,30,2,1,2,17:30,5,2,2
2023070041463,2023,070041463,2,1,1,1,36,7,2,0,0,0,0,0,4,5,E01018648,-1,0,1.0,0.0,-1,6,30,1,4,1,16:30,7,2,4
2023440325158,2023,440325158,1,1,1,1,51,8,2,0,0,0,0,0,1,7,E01023039,-1,0,1.0,0.0,-1,6,30,1,1,1,09:00,7,2,1
2023041338206,2023,041338206,1,3,2,1,11,3,2,0,0,2,0,0,9,6,E01019200,6,1,1.0,0.0,-1,3,70,1,1,1,06:15,6,2,9
2023543195123,2023,543195123,2,2,1,1,43,7,3,0,0,0,0,0,9,6,E01032011,-1,0,0.08375,0.91625,-1,6,40,4,4,1,03:00,7,2,9
2023010441561,2023,010441561,1,1,1,2,19,4,3,0,0,0,0,0,-1,2,E01004201,-1,0,0.0,1.0,-1,7,20,8,4,2,22:00,7,1,-1
2023010453668,2023,010453668,1,1,3,2,26,6,3,6,9,0,0,0,0,2,E01003966,-1,0,0.0,1.0,-1,9,30,1,1,1,14:09,5,1,1
2023440057406,2023,440057406,1,1,1,1,29,6,2,0,0,0,0,0,3,3,E01017343,-1,0,1.0,0.0,-1,6,30,1,4,1,19:34,6,2,3
2023052301968,2023,052301968,2,1,2,1,42,7,3,0,0,2,0,0,9,1,E01007090,-1,0,0.01456,0.98544,-1,3,30,1,1,1,17:00,5,2,9
2023141311234,2023,141311234,3,2,2,1,37,7,3,0,0,1,0,0,9,2,E01011104,3,1,0.0,1.0,-1,3,70,1,4,1,22:15,3,4,9
2023201355976,2023,201355976,1,1,1,1,17,4,3,0,0,0,0,0,9,1,E01010541,3,1,0.0,1.0,-1,6,30,2,1,2,15:58,2,1,9
2023401364579,2023,401364579,1,1,1,1,34,6,3,0,0,0,0,0,9,6,E01023606,3,1,0.0,1.0,-1,6,60,1,6,1,20:50,2,2,9
2023440256766,2023,440256766,2,1,1,1,41,7,3,0,0,0,0,0,9,10,E01022580,-1,0,0.05691,0.94309,-1,6,40,1,1,1,15:48,3,2,9
2023440526949,2023,440526949,2,1,1,1,50,8,3,0,0,0,0,0,9,5,E01017243,-1,0,0.04813,0.95187,-1,6,30,1,1,2,13:19,4,2,9
2023552300755,2023,552300755,2,1,1,1,75,10,2,0,0,0,0,0,9,6,E01020453,-1,0,1.0,0.0,-1,6,60,1,1,1,15:29,7,2,9
2023991351591,2023,991351591,2,1,1,2,65,9,3,0,0,0,0,0,9,3,-1,3,1,0.0,1.0,-1,6,30,1,1,1,11:00,3,2,9
2023141383303,2023,141383303,1,1,1,2,58,9,3,0,0,0,0,0,9,3,E01007550,3,1,0.0,1.0,-1,6,30,8,1,4,08:12,4,2,9
2023221359171,2023,221359171,1,1,1,2,49,8,3,0,0,0,0,0,9,5,E01032156,3,1,0.0,1.0,-1,6,40,1,1,1,18:11,5,2,9
2023440247196,2023,440247196,1,2,2,1,25,5,3,0,0,1,0,0,9,4,E01020311,-1,0,0.03218,0.96782,-1,6,60,1,1,1,16:04,4,2,9
2023010440085,2023,010440085,1,1,1,2,44,7,3,0,0,0,0,0,1,3,E01001970,-1,0,0.0,1.0,-1,6,20,1,1,1,17:15,3,2,1
2023070392539,2023,070392539,1,1,1,1,20,4,3,0,0,0,0,0,1,3,E01018731,-1,0,0.09614,0.90386,-1,6,40,1,1,1,17:31,3,2,1
2023231261865,2023,231261865,2,1,1,2,29,6,3,0,0,0,0,0,1,3,E01031053,3,1,0.0,1.0,-1,2,30,1,1,1,03:35,6,2,1
2023371353886,2023,371353886,2,1,1,1,29,6,3,0,0,0,0,0,1,1,E01030277,3,1,0.0,1.0,-1,1,30,1,4,1,22:40,5,2,1
2023440418568,2023,440418568,2,1,1,1,15,3,3,0,0,0,0,0,1,-1,-1,-1,0,0.10968,0.89032,-1,6,30,1,1,1,17:57,5,2,1
2023131332738,2023,131332738,1,1,3,1,48,8,3,5,3,0,0,2,0,1,E01011661,3,1,0.0,1.0,-1,6,30,1,1,1,13:32,2,1,11
2023141321307,2023,141321307,1,1,3,2,43,7,3,10,9,0,0,0,0,5,E01019791,3,1,0.0,1.0,-1,6,30,1,1,1,12:35,7,1,19
202354B541823,2023,54B541823,1,1,3,2,7,2,3,5,1,0,0,0,0,8,E01032695,-1,0,0.09279,0.90721,-1,6,30,2,4,2,17:44,3,1,9
2023341353686,2023,341353686,2,1,1,1,20,4,3,0,0,0,0,0,1,7,E01017545,3,1,0.19065,0.80935,-1,6,60,1,1,1,12:37,5,2,1
2023061301691,2023,061301691,3,1,1,1,57,9,3,0,0,0,0,0,2,2,E01005563,3,1,0.0,1.0,-1,6,30,1,1,1,12:12,5,3,2
2023320678476,2023,320678476,2,1,2,2,58,9,3,0,0,1,0,0,9,3,E01013641,-1,0,0.12744,0.87256,-1,6,60,1,6,1,16:30,4,3,9
2023041342990,2023,041342990,2,1,1,1,51,8,3,0,0,0,0,0,23,1,E01012649,3,1,0.0,1.0,-1,6,30,1,1,1,07:30,6,2,23
2023361315424,2023,361315424,1,1,3,2,43,7,3,10,9,0,0,0,0,10,E01026562,3,1,0.0,1.0,-1,6,20,9,1,-1,09:45,2,1,9
2023010474691,2023,010474691,1,1,1,1,41,7,3,0,0,0,0,0,3,4,E01001635,-1,0,0.0,1.0,-1,6,20,8,1,2,14:40,1,2,3
2023451362836,2023,451362836,1,2,2,2,42,7,3,0,0,1,0,0,9,9,E01003382,3,1,0.0,1.0,-1,6,60,1,1,1,11:10,7,2,9
2023211302488,2023,211302488,1,1,2,2,78,11,3,0,0,0,-1,0,11,5,E01019852,3,1,0.0,1.0,-1,6,30,1,1,-1,11:12,2,2,11
2023141305833,2023,141305833,1,1,3,2,87,11,3,4,9,0,0,0,0,1,E01007655,3,1,0.0,1.0,-1,6,20,1,1,1,13:20,3,1,9
2023340WN1372,2023,340WN1372,1,1,3,1,16,4,2,5,1,0,0,0,0,-1,-1,-1,0,1.0,0.0,-1,6,30,1,1,2,08:30,3,1,9
2023061272667,2023,061272667,2,1,1,1,31,6,3,0,0,0,0,0,9,3,E01006217,3,1,0.0,1.0,-1,6,30,9,1,1,16:20,5,2,9
2023141311892,2023,141311892,1,1,3,1,23,5,3,5,3,0,0,0,0,-1,-1,3,1,0.0,1.0,-1,6,20,1,1,1,18:00,3,1,98
2023010436959,2023,010436959,1,1,1,1,22,5,3,0,0,0,0,0,9,6,E01002630,-1,0,0.0,1.0,-1,7,30,2,4,2,00:35,4,2,9
2023302301240,2023,302301240,2,2,1,1,61,9,3,0,0,0,0,0,9,9,E01019804,-1,0,0.05321,0.94679,-1,6,30,1,1,1,06:45,6,2,9
2023311391438,2023,311391438,2,1,2,1,44,7,3,0,0,1,0,0,9,6,E01028074,3,1,0.0,1.0,-1,3,30,2,1,2,10:05,2,2,9
2023041275285,2023,041275285,1,1,3,2,57,9,2,9,8,0,0,0,0,6,E01025548,7,1,1.0,0.0,-1,6,30,2,6,1,09:12,5,1,19
2023122300310,2023,122300310,1,1,3,2,44,7,2,10,9,0,0,0,0,7,E01027658,-1,0,1.0,0.0,-1,6,30,1,6,1,19:30,5,1,9
2023481374349,2023,481374349,1,1,1,1,36,7,3,0,0,0,0,0,1,-1,-1,3,1,0.0,1.0,-1,6,20,1,1,1,17:30,5,2,1
2023461362556,2023,461362556,1,1,1,1,78,11,2,0,0,0,0,0,3,10,E01024329,7,1,1.0,0.0,-1,3,70,1,1,1,11:01,7,2,3
2023111272127,2023,111272127,1,1,1,1,68,10,2,0,0,0,0,0,5,8,E01020750,7,1,1.0,0.0,-1,6,60,1,1,1,14:03,6,1,5
2023471325087,2023,471325087,2,2,2,2,28,6,3,0,0,1,0,0,9,8,E01024077,3,1,0.0,1.0,-1,6,50,1,4,1,23:05,1,2,9
2023161370485,2023,161370485,2,2,2,1,25,5,3,0,0,0,0,0,19,-1,-1,3,1,0.0,1.0,-1,6,50,1,6,1,17:45,6,3,19
2023201388384,2023,201388384,2,1,2,2,8,2,3,0,0,1,0,0,9,1,E01033632,3,1,0.0,1.0,-1,3,30,1,1,1,09:13,5,2,9
2023221292850,2023,221292850,1,1,2,2,52,8,3,0,0,1,0,0,9,8,E01029001,3,1,0.0,1.0,-1,6,40,1,6,1,21:00,7,1,9
2023430222254,2023,430222254,1,1,2,1,10,2,3,0,0,2,0,0,9,6,-1,-1,0,0.01075,0.98925,-1,6,30,1,1,1,10:30,1,2,9
2023501362223,2023,501362223,1,1,2,2,15,3,3,0,0,1,0,0,9,2,E01020280,3,1,0.0,1.0,-1,6,30,1,1,2,14:34,5,1,9
2023520301480,2023,520301480,1,3,2,2,60,9,3,0,0,1,0,0,9,9,E01023254,-1,0,0.05451,0.94549,-1,6,60,2,1,2,10:51,7,2,9
2023531272594,2023,531272594,1,1,1,1,26,6,2,0,0,0,0,0,9,5,E01014062,7,1,1.0,0.0,-1,6,50,1,6,4,20:31,1,2,9
2023010461965,2023,010461965,2,1,2,2,-1,-1,3,0,0,2,0,0,9,8,E01024271,-1,0,0.0,1.0,-1,1,30,1,1,1,07:00,4,2,9
2023122301436,2023,122301436,2,1,1,2,68,10,3,0,0,0,0,0,9,-1,-1,-1,0,0.03723,0.96277,-1,3,70,1,1,1,11:55,2,2,9
2023401314139,2023,401314139,2,2,1,2,61,9,3,0,0,0,0,0,9,7,E01033432,3,1,0.0,1.0,-1,6,30,1,1,1,17:25,2,2,9
2023401369710,2023,401369710,2,1,1,2,44,7,3,0,0,0,0,0,9,4,E01017555,3,1,0.0,1.0,-1,6,30,2,4,2,19:15,4,3,9
2023430325534,2023,430325534,1,1,1,1,24,5,3,0,0,0,0,0,9,-1,-1,-1,0,0.11863,0.88137,-1,6,50,1,1,2,06:55,7,1,9
2023351395271,2023,351395271,2,2,1,2,79,11,2,0,0,0,0,0,9,4,E01026259,5,1,1.0,0.0,-1,6,60,1,6,1,18:05,6,2,9
2023041340884,2023,041340884,1,1,1,1,39,7,3,0,0,0,0,0,9,3,E01012691,3,1,0.0,1.0,-1,6,30,1,4,1,05:00,1,3,9
2023161297274,2023,161297274,1,1,1,2,24,5,3,0,0,0,0,0,9,1,E01013219,3,1,0.0,1.0,-1,6,30,1,1,1,13:05,2,2,9
2023201380119,2023,201380119,1,1,2,2,18,4,3,0,0,1,0,0,9,2,E01009210,3,1,0.0,1.0,-1,6,30,2,4,2,03:43,4,2,9
2023320152564,2023,320152564,2,1,1,1,20,4,3,0,0,0,0,0,9,8,E01026347,-1,0,0.04767,0.95233,-1,6,60,2,6,2,20:30,1,2,9
2023421378895,2023,421378895,1,2,2,1,0,1,3,0,0,2,0,0,9,8,E01021513,3,1,0.0,1.0,-1,1,40,1,1,1,16:10,7,2,9
2023201340137,2023,201340137,1,1,1,1,42,7,3,0,0,0,0,0,1,-1,-1,3,1,0.0,1.0,-1,3,30,1,1,1,17:20,1,2,1
2023010438191,2023,010438191,2,2,1,1,46,8,3,0,0,0,0,0,21,6,E01021473,-1,0,0.0,1.0,-1,6,50,1,1,1,08:30,4,4,21
2023351311840,2023,351311840,1,1,1,1,31,6,3,0,0,0,0,0,21,10,E01023591,3,1,0.0,1.0,-1,6,60,1,6,2,05:52,5,1,21
2023131353717,2023,131353717,1,1,3,1,53,8,3,8,7,0,0,2,0,4,E01011546,3,1,0.0,1.0,-1,6,30,9,7,1,21:28,5,1,9
2023340NN1222,2023,340NN1222,1,2,3,2,13,3,3,8,3,0,0,0,0,-1,-1,-1,0,0.14041,0.85959,-1,6,30,1,1,1,17:00,1,1,9
2023031269489,2023,031269489,1,1,1,1,30,6,2,0,0,0,0,0,9,9,E01019396,5,1,1.0,0.0,-1,6,30,1,1,2,15:00,1,1,9
2023122300356,2023,122300356,2,2,2,2,93,11,3,0,0,1,0,0,9,6,E01027800,-1,0,0.12789,0.87211,-1,6,40,1,1,1,15:29,4,2,9
2023161290235,2023,161290235,2,3,2,2,55,8,3,0,0,2,0,0,9,1,E01012878,3,1,0.0,1.0,-1,6,30,1,1,1,14:15,6,2,9
2023991375737,2023,991375737,1,1,1,1,33,6,2,0,0,0,0,0,9,8,-1,7,1,1.0,0.0,-1,3,50,1,1,1,17:17,2,2,9
2023221324296,2023,221324296,1,3,3,2,42,7,3,6,9,0,0,0,0,9,E01028986,3,1,0.0,1.0,-1,6,30,1,1,1,11:45,4,2,9
2023010434535,2023,010434535,2,2,2,1,11,3,3,0,0,0,0,0,3,3,E01001116,-1,0,0.0,1.0,-1,6,30,1,1,1,18:19,2,2,3
2023041339118,2023,041339118,1,1,1,1,78,11,2,0,0,0,0,0,9,-1,-1,7,1,1.0,0.0,-1,6,60,1,1,1,15:30,2,1,9
2023161316316,2023,161316316,1,1,1,2,53,8,2,0,0,0,0,0,9,3,E01013259,7,1,1.0,0.0,-1,6,30,1,1,1,08:00,5,2,9
2023302300268,2023,302300268,1,3,2,2,9,2,3,0,0,2,0,0,9,5,E01019442,-1,0,0.04244,0.95756,-1,3,70,1,4,1,19:30,6,2,9
2023520300396,2023,520300396,1,1,1,2,42,7,3,0,0,0,0,0,9,9,E01014762,-1,0,0.02869,0.97131,-1,6,60,8,1,4,08:25,3,2,9
2023010457696,2023,010457696,1,1,3,1,20,4,3,6,9,0,0,0,0,4,E01002406,-1,0,0.0,1.0,-1,3,20,1,1,1,13:16,6,1,11
2023201416055,2023,201416055,2,3,2,2,17,4,3,0,0,2,0,0,9,1,E01010482,3,1,0.0,1.0,-1,6,30,1,4,1,01:26,4,2,9
2023461369880,2023,461369880,2,1,1,2,61,9,2,0,0,0,0,0,9,10,E01032655,7,1,1.0,0.0,-1,3,70,1,1,1,12:05,6,2,9