collision_index,collision_year,collision_ref_no,vehicle_reference,casualty_reference,casualty_class,sex_of_casualty,age_of_casualty,age_band_of_casualty,casualty_severity,pedestrian_location,pedestrian_movement,car_passenger,bus_or_coach_passenger,pedestrian_road_maintenance_worker,casualty_type,casualty_imd_decile,lsoa_of_casualty,enhanced_casualty_severity,casualty_injury_based,casualty_adjusted_severity_serious,casualty_adjusted_severity_slight,casualty_distance_banding,road_type,speed_limit,weather_conditions,light_conditions,road_surface_conditions,time,day_of_week,number_of_vehicles,vehicle_type
2023991317938,2023,991317938,1,1,1,1,23,5,3,0,0,0,0,0,19,9,-1,3,1,0.0,1.0,-1,3,70,1,1,1,16:44,4,3,19
2023131322516,2023,131322516,1,1,1,1,36,7,3,0,0,0,0,0,9,2,E01011837,3,1,0.0,1.0,-1,6,40,1,1,1,15:50,1,2,9
2023501352930,2023,501352930,2,1,1,2,59,9,2,0,0,0,0,0,9,3,E01018942,5,1,1.0,0.0,-1,6,40,1,1,1,14:30,6,2,9
2023052300969,2023,052300969,1,1,3,1,60,9,2,5,1,0,0,0,0,8,E01007142,-1,0,1.0,0.0,-1,6,30,1,1,1,16:05,5,1,9
2023041280278,2023,041280278,1,1,3,1,9,2,3,6,5,0,0,0,0,2,E01012608,3,1,0.0,1.0,-1,6,20,1,1,1,16:35,6,1,9
2023421364416,2023,421364416,1,1,1,1,17,4,2,0,0,0,0,0,1,2,E01021354,6,1,1.0,0.0,-1,6,30,5,5,5,17:45,4,2,1
2023440500125,2023,440500125,1,1,1,1,60,9,3,0,0,0,0,0,3,6,E01023199,-1,0,0.15287,0.84713,-1,6,30,1,1,1,15:25,5,2,3
2023010421674,2023,010421674,1,1,1,1,21,5,3,0,0,0,0,0,3,2,E01000523,-1,0,0.0,1.0,-1,9,30,1,4,1,02:32,7,2,3
2023542929623,2023,542929623,2,1,1,1,55,8,3,0,0,0,0,0,5,8,E01015588,-1,0,0.18727,0.81273,-1,6,60,1,1,1,16:17,7,2,5
2023201342968,2023,201342968,2,2,1,1,34,6,2,0,0,0,0,0,3,4,E01010426,7,1,1.0,0.0,-1,6,30,1,1,1,11:57,5,2,3
2023010432098,2023,010432098,1,1,3,2,13,3,3,1,1,0,0,0,0,5,E01002661,-1,0,0.0,1.0,-1,6,30,1,1,1,08:17,3,1,9
2023101286632,2023,101286632,1,1,3,1,37,7,2,1,1,0,0,0,0,1,E01008223,7,1,1.0,0.0,-1,6,20,1,4,1,18:30,1,1,9
2023522301666,2023,522301666,1,1,3,1,45,7,2,9,8,0,0,0,0,7,E01014848,-1,0,1.0,0.0,-1,6,60,1,1,2,11:00,2,1,9
2023201418473,2023,201418473,2,1,2,2,60,9,3,0,0,2,0,0,9,2,E01009028,3,1,0.0,1.0,-1,3,30,2,4,2,16:28,7,2,9
2023201448227,2023,201448227,1,1,1,1,23,5,3,0,0,0,0,0,9,1,E01033632,3,1,0.0,1.0,-1,6,30,2,1,2,08:59,2,3,9
2023421394753,2023,421394753,2,1,1,1,30,6,3,0,0,0,0,0,9,1,E01022032,3,1,0.0,1.0,-1,6,30,1,1,1,10:19,6,2,9
2023430530472,2023,430530472,2,1,1,2,59,9,3,0,0,0,0,0,9,8,E01017720,-1,0,0.06324,0.93676,-1,6,60,1,1,1,11:17,7,2,9
2023340WN5712,2023,340WN5712,2,1,1,1,44,7,3,0,0,0,0,0,1,7,E01027219,-1,0,0.21813,0.78187,-1,2,30,1,4,1,05:45,7,2,1
2023221285201,2023,221285201,1,1,3,2,74,10,2,10,9,0,0,0,0,8,E01032126,7,1,1.0,0.0,-1,6,60,1,4,1,04:40,1,1,9
2023111330564,2023,111330564,1,1,1,2,10,2,3,0,0,0,0,0,1,3,E01033206,3,1,0.0,1.0,-1,6,30,1,1,1,16:55,7,2,1
2023010455161,2023,010455161,2,1,1,1,41,7,3,0,0,0,0,0,3,4,E01004612,-1,0,0.0,1.0,-1,3,20,2,1,2,12:47,6,2,3
2023131355025,2023,131355025,2,1,1,1,35,6,2,0,0,0,0,0,5,2,E01011041,7,1,1.0,0.0,-1,6,40,1,1,1,17:32,5,2,5
2023010477794,2023,010477794,1,1,3,1,46,8,3,10,9,0,0,0,0,4,E01004401,-1,0,0.0,1.0,-1,2,20,1,4,1,18:01,2,1,9
2023041339219,2023,041339219,1,1,1,1,23,5,3,0,0,0,0,0,1,1,E01012681,3,1,0.0,1.0,-1,6,30,1,1,1,12:45,2,2,1
2023622300549,2023,622300549,2,2,1,1,31,6,3,0,0,0,0,0,1,2,W01001855,-1,0,0.06354,0.93646,-1,3,30,1,1,1,20:41,4,2,1
2023010442814,2023,010442814,2,1,1,2,53,8,3,0,0,0,0,0,3,3,E01001547,-1,0,0.0,1.0,-1,6,20,1,1,1,17:05,7,2,3
2023010467538,2023,010467538,1,1,1,1,28,6,3,0,0,0,0,0,3,5,E01013317,-1,0,0.0,1.0,-1,9,30,9,1,9,18:50,4,2,3
2023221342306,2023,221342306,2,2,1,2,83,11,3,0,0,0,0,0,9,5,E01014050,3,1,0.0,1.0,-1,6,60,1,1,1,11:16,6,2,9
2023302400083,2023,302400083,2,5,2,2,59,9,3,0,0,1,0,0,9,7,E01013562,-1,0,0.06347,0.93653,-1,7,70,2,4,2,19:00,7,2,9
2023010425215,2023,010425215,1,1,1,1,32,6,3,0,0,0,0,0,9,3,E01024399,-1,0,0.0,1.0,-1,9,20,1,4,1,20:35,6,2,9
2023501286170,2023,501286170,2,1,1,2,48,8,3,0,0,0,0,0,9,5,E01020340,3,1,0.0,1.0,-1,6,30,4,1,2,08:15,2,2,9
2023461351753,2023,461351753,3,3,2,2,56,9,3,0,0,1,0,0,9,3,E01000441,3,1,0.0,1.0,-1,6,30,1,1,1,13:36,7,3,9
2023501369809,2023,501369809,2,3,1,2,40,7,3,0,0,0,0,0,9,5,E01020339,3,1,0.0,1.0,-1,6,60,2,6,2,19:44,3,2,9
2023010446288,2023,010446288,1,1,3,1,-1,-1,3,10,9,0,0,0,0,6,E01004359,-1,0,0.0,1.0,-1,9,30,9,4,9,21:40,4,1,1
2023010436410,2023,010436410,2,1,1,1,33,6,3,0,0,0,0,0,5,9,E01016575,-1,0,0.0,1.0,-1,6,20,1,1,1,19:20,6,2,5
2023010446865,2023,010446865,1,1,3,2,26,6,2,4,3,0,0,0,0,5,E01004523,-1,0,1.0,0.0,-1,3,20,1,4,1,02:13,1,1,9
202363A029123,2023,63A029123,1,1,1,1,43,7,3,0,0,0,0,0,9,-1,-1,-1,0,0.14543,0.85457,-1,6,30,1,1,2,04:30,7,4,9
2023201363426,2023,201363426,1,1,2,1,16,4,3,0,0,2,0,0,9,2,E01022332,3,1,0.0,1.0,-1,6,30,1,1,1,21:30,6,2,9
2023991303309,2023,991303309,2,1,1,2,71,10,3,0,0,0,0,0,9,3,-1,3,1,0.0,1.0,-1,6,60,3,1,3,13:30,3,2,9
2023010478321,2023,010478321,2,1,1,2,29,6,2,0,0,0,0,0,3,4,E01004487,-1,0,1.0,0.0,-1,6,20,1,1,2,11:35,5,2,3
2023010461918,2023,010461918,1,1,3,2,43,7,3,5,2,0,0,0,0,2,E01001202,-1,0,0.0,1.0,-1,6,20,1,4,1,22:46,3,1,9
2023302300291,2023,302300291,1,1,3,2,23,5,3,5,1,0,0,0,0,1,E01013480,-1,0,0.10027,0.89973,-1,6,30,9,4,1,00:01,7,1,9
2023010425369,2023,010425369,1,1,1,1,34,6,3,0,0,0,0,0,9,2,E01000126,-1,0,0.0,1.0,-1,1,20,1,4,1,00:02,7,2,9
2023031348071,2023,031348071,1,1,1,2,51,8,2,0,0,0,0,0,9,7,-1,6,1,1.0,0.0,-1,6,60,1,6,1,01:28,2,2,9
2023531271656,2023,531271656,1,2,1,2,21,5,3,0,0,0,0,0,9,10,E01015014,3,1,0.0,1.0,-1,6,50,1,6,1,19:41,5,1,9
2023311377277,2023,311377277,2,1,1,1,14,3,3,0,0,0,0,0,1,-1,-1,3,1,0.0,1.0,-1,3,30,1,1,1,15:15,2,2,1
2023351325989,2023,351325989,1,1,3,1,65,9,3,10,9,0,0,0,0,8,E01018280,3,1,0.0,1.0,-1,6,30,1,1,-1,19:09,6,1,-1
2023411346431,2023,411346431,1,1,3,1,49,8,3,9,9,0,0,0,0,6,E01023762,3,1,0.0,1.0,-1,6,30,1,1,-1,20:01,3,1,9
2023451292821,2023,451292821,2,1,1,1,75,10,3,0,0,0,0,0,1,10,E01030808,3,1,0.0,1.0,-1,6,30,1,1,2,14:50,7,2,1
2023010427844,2023,010427844,1,1,1,1,32,6,3,0,0,0,0,0,3,4,E01001939,-1,0,0.0,1.0,-1,9,20,1,1,1,13:18,6,2,3
2023041343262,2023,041343262,2,1,1,2,52,8,2,0,0,0,0,0,1,6,E01025458,7,1,1.0,0.0,-1,6,30,1,1,1,18:15,5,2,1
2023440298840,2023,440298840,2,1,1,1,72,10,2,0,0,0,0,0,1,1,E01017154,-1,0,1.0,0.0,-1,6,30,1,1,1,10:05,3,2,1
2023622300227,2023,622300227,2,2,1,1,25,5,3,0,0,0,0,0,1,9,W01001719,-1,0,0.1234,0.8766,-1,3,30,1,4,1,23:06,6,2,1
2023371351451,2023,371351451,1,1,3,2,29,6,3,5,9,0,0,-1,0,8,E01030173,3,1,0.0,1.0,-1,6,30,1,1,1,08:45,2,1,9
2023010444546,2023,010444546,2,1,1,1,14,3,3,0,0,0,0,0,1,5,E01004521,-1,0,0.0,1.0,-1,6,20,1,1,1,08:23,3,2,1
2023340NN3872,2023,340NN3872,2,1,1,1,38,7,3,0,0,0,0,0,1,4,E01027316,-1,0,0.14362,0.85638,-1,6,30,1,1,2,11:13,6,2,1
2023010471069,2023,010471069,1,1,3,1,42,7,3,1,3,0,0,0,0,7,E01000384,-1,0,0.0,1.0,-1,9,30,1,1,1,07:35,3,1,9
2023522301061,2023,522301061,1,1,3,2,72,10,2,4,1,0,0,0,0,1,E01014596,-1,0,1.0,0.0,-1,6,30,1,1,1,05:35,2,1,9
2023010442172,2023,010442172,1,1,1,1,32,6,3,0,0,0,0,0,3,3,E01002027,-1,0,0.0,1.0,-1,2,20,1,1,1,15:25,4,2,3
2023461291443,2023,461291443,1,1,1,1,35,6,3,0,0,0,0,0,4,3,E01024154,3,1,0.0,1.0,-1,6,30,1,1,2,17:16,6,2,4
2023122300351,2023,122300351,1,1,3,2,51,8,3,5,1,0,0,0,0,6,E01013363,-1,0,0.1395,0.8605,-1,6,30,1,4,1,17:50,4,1,9
2023501369977,2023,501369977,1,1,3,1,73,10,3,6,9,0,0,-1,0,1,E01019020,3,1,0.0,1.0,-1,6,20,1,1,1,15:54,7,1,9
2023010478500,2023,010478500,2,1,1,2,40,7,3,0,0,0,0,0,19,3,E01002325,-1,0,0.0,1.0,-1,6,30,1,1,2,10:01,6,2,19
2023010456946,2023,010456946,1,2,3,-1,8,2,3,10,9,0,0,0,0,2,E01002633,-1,0,0.0,1.0,-1,7,20,1,1,1,09:30,2,1,9
2023332300464,2023,332300464,1,1,3,2,85,11,3,5,1,0,0,0,0,5,E01025610,-1,0,0.0888,0.9112,-1,2,30,1,1,1,14:10,3,1,9
2023440286070,2023,440286070,1,1,1,2,20,4,3,0,0,0,0,0,3,10,E01022776,-1,0,0.19997,0.80003,-1,6,40,1,1,1,18:25,1,1,3
2023161309061,2023,161309061,1,1,1,1,29,6,2,0,0,0,0,0,5,8,E01013185,7,1,1.0,0.0,-1,6,30,1,1,1,19:50,5,3,5
2023991341513,2023,991341513,1,1,1,2,34,6,3,0,0,0,0,0,9,4,-1,3,1,0.0,1.0,-1,3,50,1,1,1,12:15,2,3,9
2023201370261,2023,201370261,2,3,2,2,27,6,3,0,0,-1,0,0,9,1,E01009025,3,1,0.0,1.0,-1,6,30,2,4,2,21:00,2,2,9
2023221330662,2023,221330662,1,1,1,2,23,5,3,0,0,0,0,0,9,2,E01014074,3,1,0.0,1.0,-1,6,60,2,1,2,18:35,6,4,9
2023421398366,2023,421398366,2,1,1,2,18,4,3,0,0,0,0,0,9,6,E01021313,3,1,0.0,1.0,-1,6,30,9,4,1,17:56,2,2,9
2023430532199,2023,430532199,2,1,2,2,74,10,3,0,0,1,0,0,9,8,E01017591,-1,0,0.06642,0.93358,-1,3,70,1,7,2,17:36,1,2,9
2023010422826,2023,010422826,1,1,1,1,49,8,3,0,0,0,0,0,19,6,E01001451,-1,0,0.0,1.0,-1,6,30,1,1,2,08:37,1,1,19
2023440247922,2023,440247922,1,1,1,1,35,6,3,0,0,0,0,0,21,8,E01022569,-1,0,0.07579,0.92421,-1,6,30,1,1,1,07:27,4,1,21
2023041316432,2023,041316432,1,1,1,1,26,6,2,0,0,0,0,0,9,7,E01012722,7,1,1.0,0.0,-1,6,40,1,1,1,07:15,5,2,9
2023471274611,2023,471274611,2,2,2,1,37,7,3,0,0,2,0,0,9,4,E01023997,3,1,0.0,1.0,-1,6,20,1,1,1,12:40,4,3,9
2023991362199,2023,991362199,2,8,2,2,15,3,3,0,0,0,4,0,11,1,-1,3,1,0.0,1.0,-1,6,30,1,1,1,09:15,5,2,11
2023010437525,2023,010437525,1,1,1,1,29,6,3,0,0,0,0,0,9,4,E01003568,-1,0,0.0,1.0,-1,9,30,5,4,2,23:16,6,2,9
2023101364769,2023,101364769,2,1,1,1,28,6,3,0,0,0,0,0,9,3,E01008683,3,1,0.0,1.0,-1,6,30,1,1,1,07:40,3,2,9
2023131343562,2023,131343562,1,1,1,1,-1,-1,2,0,0,0,0,0,9,-1,-1,7,1,1.0,0.0,-1,6,30,1,1,1,09:55,1,4,9
2023311312944,2023,311312944,3,1,1,2,56,9,3,0,0,0,0,0,9,1,E01013962,3,1,0.0,1.0,-1,6,30,1,4,1,21:50,7,2,9
2023010433531,2023,010433531,1,3,2,2,58,9,3,0,0,0,4,0,11,2,E01002032,-1,0,0.0,1.0,-1,2,20,2,1,2,08:42,4,1,11
2023131299874,2023,131299874,3,2,2,1,31,6,2,0,0,2,0,0,9,5,E01010604,7,1,1.0,0.0,-1,6,30,1,1,1,08:35,1,4,9
2023161285545,2023,161285545,1,1,1,2,65,9,3,0,0,0,0,0,9,9,E01013252,3,1,0.0,1.0,-1,6,60,8,6,2,18:10,6,2,9
2023401282770,2023,401282770,1,1,1,2,89,11,2,0,0,0,0,0,9,5,E01000285,7,1,1.0,0.0,-1,9,20,1,4,2,09:35,5,1,9
2023430458646,2023,430458646,1,1,1,1,-1,-1,3,0,0,0,0,0,9,4,E01016359,-1,0,0.01121,0.98879,-1,1,30,1,4,2,21:30,4,2,9
2023501351403,2023,501351403,2,1,2,1,55,8,3,0,0,1,0,0,9,5,E01020332,3,1,0.0,1.0,-1,6,60,1,1,2,17:47,2,3,9
2023540034823,2023,540034823,2,1,1,2,51,8,3,0,0,0,0,0,9,7,E01031872,-1,0,0.05603,0.94397,-1,6,60,1,6,2,16:20,2,2,9
2023991384269,2023,991384269,2,2,2,1,18,4,3,0,0,1,0,0,9,-1,-1,3,1,0.0,1.0,-1,6,20,1,1,1,12:30,5,3,9
2023320061234,2023,320061234,1,1,1,1,64,9,3,0,0,0,0,0,90,4,E01026288,-1,0,0.1669,0.8331,-1,6,30,1,1,1,13:00,6,1,90
2023010482449,2023,010482449,1,1,3,1,56,9,3,9,8,0,0,0,0,2,E01004014,-1,0,0.0,1.0,-1,6,30,9,1,9,07:15,2,1,98
2023401278319,2023,401278319,1,1,3,1,27,6,3,6,9,0,0,2,0,1,E01015736,3,1,0.0,1.0,-1,6,20,1,1,-1,11:30,3,1,9
2023622300354,2023,622300354,1,1,3,2,15,3,1,1,3,0,0,0,0,1,W01001708,-1,0,0.0,0.0,-1,6,30,1,4,1,21:32,2,1,9
2023041377825,2023,041377825,1,1,3,1,4,1,2,8,1,0,0,0,0,8,E01025174,7,1,1.0,0.0,-1,6,30,2,1,2,15:30,4,1,9
2023552300423,2023,552300423,1,1,1,1,17,4,1,0,0,0,0,0,5,-1,-1,-1,0,0.0,0.0,-1,6,30,1,4,1,00:21,1,1,5
2023010465300,2023,010465300,2,1,1,1,18,4,3,0,0,0,0,0,1,5,E01002977,-1,0,0.0,1.0,-1,6,20,1,1,1,12:35,2,2,1
2023010471131,2023,010471131,1,1,1,-1,23,5,3,0,0,0,0,0,3,3,E01004183,-1,0,0.0,1.0,-1,9,30,9,4,9,23:30,7,2,3
2023320305412,2023,320305412,1,1,3,1,16,4,2,5,1,0,0,0,0,4,E01026081,-1,0,1.0,0.0,-1,6,30,1,1,1,07:50,2,1,9
2023340NN2822,2023,340NN2822,1,1,3,1,20,4,2,6,9,0,0,0,0,-1,-1,-1,0,1.0,0.0,-1,6,60,1,1,1,16:10,6,1,19
2023991333336,2023,991333336,1,1,3,2,5,1,3,8,4,0,0,0,0,1,-1,3,1,0.0,1.0,-1,6,30,1,1,1,15:59,3,1,9
2023991334764,2023,991334764,2,4,2,2,63,9,3,0,0,2,0,0,8,1,-1,3,1,0.0,1.0,-1,6,30,1,4,2,21:55,7,2,8
2023201291142,2023,201291142,2,1,1,1,27,6,2,0,0,0,0,0,3,2,E01009044,7,1,1.0,0.0,-1,6,30,2,4,2,05:20,3,2,3
2023411331704,2023,411331704,2,1,1,1,23,5,3,0,0,0,0,0,3,9,E01023309,3,1,0.0,1.0,-1,6,30,1,1,1,21:29,6,2,3
2023170S10803,2023,170S10803,2,1,1,2,42,7,3,0,0,0,0,0,9,7,E01012209,-1,0,0.03524,0.96476,-1,6,30,1,1,1,14:45,4,2,9
2023201278679,2023,201278679,1,1,1,2,26,6,3,0,0,0,0,0,9,8,E01031042,3,1,0.0,1.0,-1,6,30,1,1,1,15:44,2,2,9
2023211279510,2023,211279510,1,1,1,1,32,6,3,0,0,0,0,0,9,3,E01009777,3,1,0.0,1.0,-1,6,30,1,1,1,17:25,4,2,9
2023010422061,2023,010422061,1,2,2,2,41,7,3,0,0,1,0,0,9,6,E01004637,-1,0,0.0,1.0,-1,6,20,1,1,1,14:04,4,2,9
2023041353378,2023,041353378,2,2,1,2,46,8,2,0,0,0,0,0,9,10,E01025467,7,1,1.0,0.0,-1,6,40,2,4,2,21:35,1,2,9
2023071310481,2023,071310481,2,2,1,2,51,8,3,0,0,0,0,0,9,7,E01018604,-1,0,0.07082,0.92918,-1,6,60,1,4,2,15:48,7,2,9
2023131324959,2023,131324959,2,1,1,2,35,6,3,0,0,0,0,0,9,1,E01005592,3,1,0.0,1.0,-1,6,30,1,1,1,19:25,7,2,9
2023221270995,2023,221270995,1,1,1,2,72,10,3,0,0,0,0,0,9,4,E01032275,3,1,0.0,1.0,-1,6,30,1,1,2,16:10,2,1,9
2023421376136,2023,421376136,1,1,1,1,39,7,3,0,0,0,0,0,9,10,E01021616,3,1,0.0,1.0,-1,6,40,1,6,2,15:48,7,2,9
2023451360484,2023,451360484,2,1,1,2,33,6,3,0,0,0,0,0,9,2,E01003305,3,1,0.0,1.0,-1,3,70,1,1,1,11:02,7,3,9
2023061335644,2023,061335644,1,1,1,1,23,5,3,0,0,0,0,0,9,3,E01005719,3,1,0.0,1.0,-1,7,40,2,1,-1,12:30,1,2,9
2023131283298,2023,131283298,1,1,2,1,25,5,2,0,0,1,0,0,9,7,E01010636,7,1,1.0,0.0,-1,6,30,2,4,2,23:38,1,1,9
2023351362056,2023,351362056,1,1,1,1,62,9,3,0,0,0,0,0,5,10,E01023657,3,1,0.0,1.0,-1,1,60,1,1,1,17:10,6,2,5
2023031379820,2023,031379820,1,1,2,1,42,7,3,0,0,1,0,0,9,1,E01019160,3,1,0.0,1.0,-1,6,60,2,1,2,06:40,4,1,9
2023041260859,2023,041260859,2,4,1,2,68,10,2,0,0,0,0,0,9,-1,-1,5,1,1.0,0.0,-1,6,30,2,1,2,12:33,1,4,9
2023161352584,2023,161352584,1,2,2,1,54,8,3,0,0,1,0,0,9,8,E01028000,3,1,0.0,1.0,-1,3,70,1,1,1,15:23,4,2,9
2023991389281,2023,991389281,2,1,1,2,56,9,3,0,0,0,0,0,9,6,-1,3,1,0.0,1.0,-1,3,70,4,1,1,14:00,4,2,9
2023010450090,2023,010450090,2,1,2,2,-1,-1,3,0,0,1,0,0,9,9,E01000201,-1,0,0.0,1.0,-1,6,20,1,1,1,08:46,2,2,9
2023201411224,2023,201411224,2,1,1,1,61,9,3,0,0,0,0,0,9,1,E01010142,3,1,0.0,1.0,-1,6,20,1,5,1,18:10,3,2,9
2023440102944,2023,440102944,1,1,1,2,34,6,3,0,0,0,0,0,9,10,E01022643,-1,0,0.05365,0.94635,-1,6,60,1,1,1,17:24,3,2,9
2023440315233,2023,440315233,1,1,1,1,37,7,3,0,0,0,0,0,9,6,E01029040,-1,0,0.11391,0.88609,-1,3,70,2,1,2,12:33,7,1,9
2023010427828,2023,010427828,1,1,1,2,36,7,2,0,0,0,0,0,1,3,E01004047,-1,0,1.0,0.0,-1,6,30,9,4,9,17:40,2,2,1
2023520300133,2023,520300133,1,1,1,1,17,4,3,0,0,0,0,0,3,6,E01029138,-1,0,0.04491,0.95509,-1,6,30,1,7,1,18:00,2,2,3
2023221392336,2023,221392336,2,2,2,2,20,4,3,0,0,1,0,0,9,5,E01029569,3,1,0.0,1.0,-1,6,30,1,4,2,17:30,7,2,9
2023430166306,2023,430166306,2,1,1,2,31,6,2,0,0,0,0,0,9,7,E01017792,-1,0,1.0,0.0,-1,6,40,1,1,1,12:02,2,2,9
2023991389860,2023,991389860,2,3,2,2,56,9,3,0,0,2,0,0,9,2,-1,3,1,0.0,1.0,-1,6,30,1,4,2,15:45,2,3,9
2023320049965,2023,320049965,2,2,2,1,25,5,3,0,0,2,0,0,19,6,E01015644,-1,0,0.06779,0.93221,-1,6,60,1,1,2,07:32,4,2,19
2023010446672,2023,010446672,2,1,1,1,26,6,3,0,0,0,0,0,9,2,E01004044,-1,0,0.0,1.0,-1,6,30,9,7,9,05:00,7,2,9
2023010459504,2023,010459504,1,1,1,2,31,6,3,0,0,0,0,0,9,7,E01002255,-1,0,0.0,1.0,-1,6,30,1,1,1,17:20,2,1,9
2023071048366,2023,071048366,3,3,1,2,29,6,3,0,0,0,0,0,9,3,W01000226,-1,0,0.01701,0.98299,-1,3,70,1,1,2,08:43,3,6,9
2023131312298,2023,131312298,2,2,2,2,39,7,3,0,0,1,0,0,9,1,E01011363,3,1,0.0,1.0,-1,3,40,1,4,1,03:50,7,2,9
2023552300802,2023,552300802,2,1,1,2,80,11,3,0,0,0,0,0,9,7,E01015387,-1,0,0.05472,0.94528,-1,6,30,1,1,1,13:37,4,2,9
2023991353716,2023,991353716,2,1,1,2,27,6,3,0,0,0,0,0,9,-1,-1,3,1,0.0,1.0,-1,6,20,1,4,1,22:00,3,2,9
2023052302599,2023,052302599,1,1,3,2,20,4,3,10,9,0,0,0,0,4,E01006513,-1,0,0.04027,0.95973,-1,6,30,1,1,1,12:30,1,1,9
2023332300686,2023,332300686,1,1,1,1,13,3,2,0,0,0,0,0,-1,5,E01025818,-1,0,1.0,0.0,-1,6,20,1,1,1,15:40,5,1,-1
2023471375974,2023,471375974,2,1,1,1,32,6,3,0,0,0,0,0,1,7,E01031379,3,1,0.0,1.0,-1,1,30,1,1,1,12:35,6,2,1
2023010438991,2023,010438991,1,1,2,2,45,7,3,0,0,0,3,0,11,7,E01002972,-1,0,0.0,1.0,-1,6,30,1,1,1,16:15,1,1,11
2023010468703,2023,010468703,1,1,1,2,35,6,3,0,0,0,0,0,9,6,E01016492,-1,0,0.0,1.0,-1,3,40,1,1,1,07:47,4,2,9
2023041320961,2023,041320961,2,2,2,2,59,9,3,0,0,1,0,0,9,7,E01012747,3,1,0.0,1.0,-1,6,30,1,1,1,15:10,2,2,9
2023141323821,2023,141323821,2,1,1,1,30,6,3,0,0,0,0,0,9,1,E01010625,3,1,0.0,1.0,-1,3,70,2,1,2,18:57,4,2,9
2023351380255,2023,351380255,1,1,1,1,24,5,3,0,0,0,0,0,9,7,E01011642,3,1,0.0,1.0,-1,3,70,1,6,1,18:03,6,3,9
2023041343517,2023,041343517,1,1,2,1,24,5,3,0,0,2,0,0,9,-1,-1,3,1,0.0,1.0,-1,6,30,1,4,1,01:30,1,2,9
2023340NN0512,2023,340NN0512,2,2,1,2,30,6,3,0,0,0,0,0,9,2,E01027342,-1,0,0.03274,0.96726,-1,6,30,1,1,1,12:30,3,2,9
2023501346820,2023,501346820,1,1,1,1,21,5,2,0,0,0,0,0,9,6,E01020226,7,1,1.0,0.0,-1,3,70,1,1,1,13:02,4,1,9
2023010444899,2023,010444899,2,1,1,1,46,8,3,0,0,0,0,0,9,4,E01002342,-1,0,0.0,1.0,-1,3,60,1,1,1,16:35,4,2,9
2023320421444,2023,320421444,1,1,1,1,19,4,3,0,0,0,0,0,9,9,E01013157,-1,0,0.09755,0.90245,-1,6,60,1,1,1,17:50,7,1,9
2023340WN5552,2023,340WN5552,1,1,1,1,48,8,3,0,0,0,0,0,9,7,E01027338,-1,0,0.15048,0.84952,-1,3,70,1,6,1,18:43,5,2,9
2023061330513,2023,061330513,1,1,1,1,29,6,2,0,0,0,0,0,90,8,E01032685,7,1,1.0,0.0,-1,3,20,1,1,-1,14:20,1,2,90
2023010431906,2023,010431906,1,1,1,2,44,7,3,0,0,0,0,0,9,9,E01003824,-1,0,0.0,1.0,-1,1,20,2,1,2,07:30,5,2,9
2023131350717,2023,131350717,1,1,1,2,82,11,3,0,0,0,0,0,9,4,E01011822,3,1,0.0,1.0,-1,6,30,1,1,1,10:52,7,2,9
2023421327615,2023,421327615,1,3,2,1,18,4,3,0,0,1,0,0,9,10,E01021896,3,1,0.0,1.0,-1,6,40,1,4,1,23:25,1,1,9
2023520300610,2023,520300610,2,68,2,1,31,6,3,0,0,0,4,0,11,2,E01029107,-1,0,0.05833,0.94167,-1,6,40,1,6,4,06:00,3,3,11
2023351391016,2023,351391016,2,2,2,1,22,5,3,0,0,1,0,0,9,4,E01018184,3,1,0.0,1.0,-1,6,60,1,1,4,08:03,4,2,9
2023552300474,2023,552300474,3,3,1,2,47,8,3,0,0,0,0,0,9,10,E01015399,-1,0,0.01314,0.98686,-1,6,30,2,1,2,14:39,5,3,9
2023991282445,2023,991282445,1,1,1,1,63,9,3,0,0,0,0,0,9,9,-1,3,1,0.0,1.0,-1,6,60,2,1,2,06:34,5,2,9
2023991312436,2023,991312436,1,1,1,1,19,4,2,0,0,0,0,0,9,9,-1,6,1,1.0,0.0,-1,6,60,1,1,1,15:16,1,1,9
2023302301870,2023,302301870,1,1,1,1,21,5,3,0,0,0,0,0,9,8,E01013580,-1,0,0.04749,0.95251,-1,6,30,1,4,4,21:10,3,2,9
2023991382028,2023,991382028,1,1,2,2,85,11,2,0,0,1,0,0,9,-1,-1,6,1,1.0,0.0,-1,6,30,8,1,4,13:52,7,1,9
2023440445032,2023,440445032,1,1,1,1,43,7,2,0,0,0,0,0,-1,8,E01022566,-1,0,1.0,0.0,-1,6,30,1,1,2,17:00,5,2,-1
2023010428965,2023,010428965,1,1,2,-1,-1,-1,3,0,0,1,0,0,9,9,E01002156,-1,0,0.0,1.0,-1,1,30,1,1,2,17:38,6,1,9
2023010456739,2023,010456739,1,1,1,1,64,9,3,0,0,0,0,0,9,8,E01000230,-1,0,0.0,1.0,-1,6,20,2,4,2,22:06,7,1,9
2023010420866,2023,010420866,1,1,1,1,34,6,3,0,0,0,0,0,1,1,E01001787,-1,0,0.0,1.0,-1,6,30,1,4,2,00:01,1,2,1
2023430175141,2023,430175141,1,1,3,1,61,9,3,6,9,0,0,0,0,4,E01016356,-1,0,0.08115,0.91885,-1,6,30,1,4,1,21:25,6,1,1
2023552300578,2023,552300578,2,1,1,2,36,7,3,0,0,0,0,0,9,6,E01015440,-1,0,0.00527,0.99473,-1,6,30,1,1,1,15:25,3,2,9