collision_index,collision_year,collision_ref_no,vehicle_reference,casualty_reference,casualty_class,sex_of_casualty,age_of_casualty,age_band_of_casualty,casualty_severity,pedestrian_location,pedestrian_movement,car_passenger,bus_or_coach_passenger,pedestrian_road_maintenance_worker,casualty_type,casualty_imd_decile,lsoa_of_casualty,enhanced_casualty_severity,casualty_injury_based,casualty_adjusted_severity_serious,casualty_adjusted_severity_slight,casualty_distance_banding,road_type,speed_limit,weather_conditions,light_conditions,road_surface_conditions,time,day_of_week,number_of_vehicles,vehicle_type
2023221297714,2023,221297714,3,2,1,2,20,4,3,0,0,0,0,0,9,7,E01028950,3,1,0.0,1.0,-1,6,50,1,1,1,17:50,7,4,9
2023440307688,2023,440307688,1,1,1,1,36,7,3,0,0,0,0,0,9,2,E01017186,-1,0,0.01136,0.98864,-1,6,30,1,1,1,12:53,2,3,9
2023311364341,2023,311364341,1,1,2,2,96,11,3,0,0,0,2,0,11,3,E01013863,3,1,0.0,1.0,-1,6,30,1,1,1,11:30,4,1,11
2023010451445,2023,010451445,1,2,3,-1,34,6,3,1,1,0,0,0,0,1,E01001729,-1,0,0.0,1.0,-1,6,30,1,4,1,23:01,7,1,9
2023010482729,2023,010482729,1,1,3,1,53,8,1,1,1,0,0,0,0,-1,-1,-1,0,0.0,0.0,-1,3,30,2,4,2,22:05,5,1,19
2023440082802,2023,440082802,1,1,3,1,41,7,3,5,1,0,0,0,0,5,E01023285,-1,0,0.17072,0.82928,-1,6,30,1,4,1,17:58,3,1,9
2023010439907,2023,010439907,1,1,1,1,26,6,3,0,0,0,0,0,1,1,E01033584,-1,0,0.0,1.0,-1,6,20,2,1,2,07:45,5,2,1
2023010459849,2023,010459849,1,1,1,1,52,8,3,0,0,0,0,0,1,10,E01030623,-1,0,0.0,1.0,-1,6,30,1,1,1,07:55,4,2,1
2023010457811,2023,010457811,1,1,2,1,23,5,3,0,0,1,0,0,9,4,E01032777,-1,0,0.0,1.0,-1,3,30,1,4,1,02:04,7,2,9
2023031337716,2023,031337716,1,2,2,1,31,6,2,0,0,1,0,0,9,-1,-1,5,1,1.0,0.0,-1,6,60,1,6,2,00:17,5,2,9
2023010484586,2023,010484586,2,1,1,1,20,4,3,0,0,0,0,0,1,2,E01002031,-1,0,0.0,1.0,-1,3,20,1,4,1,18:39,1,2,1
2023010435792,2023,010435792,1,1,3,2,25,5,3,7,9,0,0,0,0,3,E01033744,-1,0,0.0,1.0,-1,3,20,1,1,1,11:30,3,1,9
2023461297935,2023,461297935,2,2,1,2,21,5,2,0,0,0,0,0,9,8,E01024816,7,1,1.0,0.0,-1,6,30,1,4,1,19:50,7,2,9
2023471341414,2023,471341414,1,1,1,2,39,7,3,0,0,0,0,0,9,9,E01031756,3,1,0.0,1.0,-1,6,50,1,1,1,08:24,2,2,9
2023201367593,2023,201367593,2,1,1,1,36,7,2,0,0,0,0,0,5,5,E01009888,7,1,1.0,0.0,-1,6,30,1,1,1,07:45,4,2,5
2023010431675,2023,010431675,2,1,1,2,41,7,3,0,0,0,0,0,9,3,E01002532,-1,0,0.0,1.0,-1,6,30,2,4,2,20:58,7,2,9
2023440403987,2023,440403987,2,1,1,2,26,6,3,0,0,0,0,0,9,4,E01022552,-1,0,0.05502,0.94498,-1,6,40,1,1,1,16:03,3,2,9
2023471384747,2023,471384747,1,1,1,2,40,7,3,0,0,0,0,0,9,10,E01027355,3,1,0.0,1.0,-1,6,60,4,1,2,13:50,7,1,9
2023440470298,2023,440470298,1,1,1,1,17,4,3,0,0,0,0,0,3,6,E01022907,-1,0,0.10509,0.89491,-1,6,30,1,1,2,11:20,6,1,3
2023010447684,2023,010447684,1,1,1,1,51,8,3,0,0,0,0,0,9,9,E01000647,-1,0,0.0,1.0,-1,6,30,1,1,1,08:18,5,2,9
2023070930044,2023,070930044,2,2,1,1,65,9,3,0,0,0,0,0,9,8,E01012565,-1,0,0.04959,0.95041,-1,6,30,1,1,1,15:16,2,2,9
2023371394206,2023,371394206,1,1,1,1,46,8,3,0,0,0,0,0,8,1,E01030035,3,1,0.0,1.0,-1,6,60,1,1,2,15:30,6,2,8
2023451343591,2023,451343591,1,1,1,1,42,7,2,0,0,0,0,0,19,1,E01000661,7,1,1.0,0.0,-1,3,70,1,6,1,00:01,2,1,19
2023543523323,2023,543523323,2,2,1,1,62,9,3,0,0,0,0,0,19,9,E01032099,-1,0,0.06218,0.93782,-1,6,60,1,1,1,08:29,2,2,19
2023201383357,2023,201383357,1,1,3,2,16,4,3,1,2,0,0,0,0,1,E01010125,3,1,0.0,1.0,-1,6,30,1,1,1,15:16,2,1,3
2023610002223,2023,610002223,1,1,3,1,16,4,3,9,6,0,0,0,0,-1,-1,-1,0,0.09433,0.90567,-1,6,30,3,1,4,15:50,4,1,19
2023010465714,2023,010465714,2,1,1,2,-1,-1,3,0,0,0,0,0,1,-1,-1,-1,0,0.0,1.0,-1,6,20,8,4,2,21:00,3,2,1
2023141377252,2023,141377252,1,1,1,1,82,11,2,0,0,0,0,0,9,3,E01007494,6,1,1.0,0.0,-1,3,40,1,1,1,12:45,3,2,9
2023201276909,2023,201276909,1,4,2,2,9,2,3,0,0,1,0,0,9,6,E01010469,3,1,0.0,1.0,-1,6,30,1,4,1,17:00,4,2,9
2023052301044,2023,052301044,2,2,1,1,53,8,3,0,0,0,0,0,11,4,E01006959,-1,0,0.04681,0.95319,-1,6,30,1,1,1,15:00,3,2,11
2023421377319,2023,421377319,2,2,1,1,60,9,3,0,0,0,0,0,19,9,E01027353,3,1,0.0,1.0,-1,3,50,1,4,1,17:05,3,2,19
2023201298321,2023,201298321,2,1,1,1,18,4,3,0,0,0,0,0,97,-1,-1,3,1,0.0,1.0,-1,6,30,1,1,1,13:30,3,2,97
2023041339493,2023,041339493,2,1,1,1,68,10,3,0,0,0,0,0,97,5,E01025080,3,1,0.0,1.0,-1,6,30,1,1,1,11:40,3,2,97
2023010433173,2023,010433173,1,1,1,1,24,5,3,0,0,0,0,0,3,5,E01003415,-1,0,0.0,1.0,-1,6,30,9,1,9,21:15,6,2,3
2023361277814,2023,361277814,1,1,1,1,29,6,2,0,0,0,0,0,90,6,E01026722,6,1,1.0,0.0,-1,6,60,1,1,2,06:38,7,2,90
2023221340171,2023,221340171,1,5,3,1,66,10,3,6,9,0,0,0,0,7,E01032209,3,1,0.0,1.0,-1,6,30,1,1,1,12:00,3,4,9
2023122301393,2023,122301393,1,1,1,1,37,7,2,0,0,0,0,0,9,-1,-1,-1,0,1.0,0.0,-1,3,70,1,1,2,11:00,2,1,9
2023010454475,2023,010454475,1,1,1,1,64,9,3,0,0,0,0,0,11,2,E01002637,-1,0,0.0,1.0,-1,6,20,1,1,1,09:31,2,2,11
2023471327406,2023,471327406,2,1,1,1,54,8,3,0,0,0,0,0,1,4,E01031596,3,1,0.0,1.0,-1,3,50,1,1,1,08:54,7,2,1
2023421308021,2023,421308021,1,7,1,1,26,6,2,0,0,0,0,0,9,6,E01021334,7,1,1.0,0.0,-1,3,70,1,1,1,07:41,3,5,9
2023552301083,2023,552301083,1,2,1,1,17,4,3,0,0,0,0,0,9,5,E01020410,-1,0,0.11831,0.88169,-1,6,30,1,6,1,23:26,2,2,9
2023631346035,2023,631346035,1,1,1,1,19,4,3,0,0,0,0,0,9,6,W01000541,3,1,0.0,1.0,-1,6,60,2,1,2,19:30,1,1,9
2023131389921,2023,131389921,1,1,1,1,49,8,2,0,0,0,0,0,19,4,E01011012,5,1,1.0,0.0,-1,3,70,2,4,2,16:10,2,1,19
2023010448232,2023,010448232,3,1,1,1,32,6,3,0,0,0,0,0,9,5,E01003953,-1,0,0.0,1.0,-1,3,40,1,1,1,19:30,7,5,9
2023122300794,2023,122300794,1,1,1,1,34,6,1,0,0,0,0,0,9,3,E01012057,-1,0,0.0,0.0,-1,6,60,1,1,1,20:20,1,3,9
2023430549276,2023,430549276,2,1,1,2,47,8,3,0,0,0,0,0,9,7,E01028474,-1,0,0.00531,0.99469,-1,1,30,2,4,2,17:15,2,2,9
2023320395872,2023,320395872,1,1,3,2,14,3,2,1,1,0,0,0,0,8,E01026022,-1,0,1.0,0.0,-1,6,30,1,1,1,15:30,4,1,9
2023010433590,2023,010433590,1,1,1,1,31,6,3,0,0,0,0,0,3,1,E01002852,-1,0,0.0,1.0,-1,6,20,9,7,9,14:45,6,2,3
2023061279131,2023,061279131,2,1,1,2,30,6,3,0,0,0,0,0,9,7,E01006132,3,1,0.0,1.0,-1,3,30,1,1,1,15:05,7,2,9
2023201399586,2023,201399586,1,2,2,2,15,3,3,0,0,1,0,0,9,2,E01032333,3,1,0.0,1.0,-1,3,30,1,4,1,20:13,4,2,9
2023544508023,2023,544508023,1,1,1,2,53,8,3,0,0,0,0,0,9,4,E01031980,-1,0,0.08852,0.91148,-1,6,30,1,1,1,19:36,7,1,9
2023010440982,2023,010440982,1,1,3,1,35,6,3,1,1,0,0,0,0,5,E01004564,-1,0,0.0,1.0,-1,3,20,1,4,1,20:30,4,1,9
2023052302747,2023,052302747,2,2,1,1,72,10,3,0,0,0,0,0,9,7,E01006973,-1,0,0.0598,0.9402,-1,6,30,1,4,1,18:15,4,2,9
2023141328398,2023,141328398,1,1,1,2,23,5,2,0,0,0,0,0,9,9,E01007624,7,1,1.0,0.0,-1,6,30,1,1,1,19:33,3,3,9
2023622300343,2023,622300343,1,1,1,2,41,7,3,0,0,0,0,0,9,4,W01000681,-1,0,0.0247,0.9753,-1,6,40,1,1,1,13:39,6,2,9
2023010421118,2023,010421118,1,1,3,1,20,4,3,4,3,0,0,0,0,2,E01004226,-1,0,0.0,1.0,-1,7,20,4,1,1,11:04,6,1,3
2023010484616,2023,010484616,1,1,3,2,9,2,3,10,9,0,0,0,0,3,E01016511,-1,0,0.0,1.0,-1,6,20,1,1,1,15:30,1,1,9
2023522400289,2023,522400289,1,1,1,1,20,4,3,0,0,0,0,0,1,10,E01015001,-1,0,0.02098,0.97902,-1,6,30,1,1,1,19:30,3,2,1
2023111317668,2023,111317668,1,1,1,1,19,4,3,0,0,0,0,0,3,8,E01020597,3,1,0.0,1.0,-1,6,60,1,4,1,22:58,4,1,3
2023052300202,2023,052300202,1,1,1,2,68,10,3,0,0,0,0,0,9,9,E01006886,-1,0,0.0772,0.9228,-1,3,50,1,1,1,11:37,1,2,9
2023411375638,2023,411375638,2,1,1,1,58,9,3,0,0,0,0,0,9,5,E01023593,3,1,0.0,1.0,-1,3,70,1,4,-1,17:20,4,2,9
2023461344801,2023,461344801,1,2,2,1,37,7,2,0,0,2,0,0,9,-1,-1,5,1,1.0,0.0,-1,3,70,1,1,1,06:52,4,1,9
2023010437453,2023,010437453,1,1,3,1,24,5,3,1,1,0,0,0,0,3,E01003525,-1,0,0.0,1.0,-1,6,30,2,4,2,21:26,6,2,9
2023501298866,2023,501298866,1,1,3,2,46,8,3,9,8,0,0,0,0,9,E01020316,3,1,0.0,1.0,-1,6,30,1,1,1,10:00,4,1,9
2023010423612,2023,010423612,2,1,1,1,38,7,2,0,0,0,0,0,5,3,E01004274,-1,0,1.0,0.0,-1,3,30,1,1,2,11:05,5,2,5
2023141295936,2023,141295936,2,2,1,1,63,9,3,0,0,0,0,0,5,6,E01008005,3,1,0.0,1.0,-1,6,30,1,1,1,14:17,3,2,5
2023010441180,2023,010441180,1,2,2,-1,-1,-1,3,0,0,1,0,0,9,6,E01021449,-1,0,0.0,1.0,-1,3,30,1,1,1,16:50,3,2,9
2023052300653,2023,052300653,2,3,2,2,73,10,3,0,0,2,0,0,9,9,E01006796,-1,0,0.00798,0.99202,-1,6,30,1,1,1,11:15,1,2,9
2023461389332,2023,461389332,1,1,1,1,41,7,2,0,0,0,0,0,9,9,E01000396,6,1,1.0,0.0,-1,6,60,1,6,2,20:00,7,2,9
202363C014323,2023,63C014323,1,1,2,2,10,2,3,0,0,1,0,0,9,7,W01000578,-1,0,0.00973,0.99027,-1,6,30,1,1,1,08:58,3,2,9
2023010448431,2023,010448431,1,1,3,1,65,9,2,5,3,0,0,0,0,8,E01002181,-1,0,1.0,0.0,-1,6,30,1,1,1,20:05,1,1,9
2023010450325,2023,010450325,2,2,1,2,58,9,3,0,0,0,0,0,9,10,E01000839,-1,0,0.0,1.0,-1,6,30,1,1,1,16:25,3,3,9
2023041377447,2023,041377447,1,1,1,2,17,4,3,0,0,0,0,0,9,6,E01025066,3,1,0.0,1.0,-1,6,30,1,4,1,16:50,3,2,9
2023122400158,2023,122400158,1,1,1,1,54,8,3,0,0,0,0,0,9,2,E01008602,-1,0,0.11868,0.88132,-1,6,60,1,1,2,12:00,3,1,9
2023520400866,2023,520400866,1,1,1,2,35,6,3,0,0,0,0,0,9,9,E01029065,-1,0,0.01099,0.98901,-1,6,60,1,1,2,09:12,2,2,9
2023131311977,2023,131311977,1,1,2,1,16,4,3,0,0,2,0,0,9,2,E01010804,3,1,0.0,1.0,-1,6,30,1,4,1,01:14,7,2,9
2023201284830,2023,201284830,2,2,2,2,10,2,3,0,0,2,0,0,9,-1,-1,3,1,0.0,1.0,-1,3,30,1,1,1,16:39,2,2,9
2023010440654,2023,010440654,1,1,1,2,25,5,3,0,0,0,0,0,1,6,E01004485,-1,0,0.0,1.0,-1,1,20,1,1,1,18:10,6,2,1
2023421314507,2023,421314507,1,1,1,2,84,11,2,0,0,0,0,0,9,5,E01021720,6,1,1.0,0.0,-1,6,30,1,1,1,14:19,6,2,9
2023010423686,2023,010423686,1,1,1,1,40,7,3,0,0,0,0,0,90,3,E01000945,-1,0,0.0,1.0,-1,6,20,8,4,4,22:00,3,2,90
2023401270242,2023,401270242,1,1,3,1,18,4,3,6,9,0,0,0,0,5,E01017418,3,1,0.0,1.0,-1,6,30,1,1,1,17:55,5,1,9
2023010444474,2023,010444474,1,1,1,1,33,6,3,0,0,0,0,0,3,4,E01000699,-1,0,0.0,1.0,-1,2,20,8,1,1,15:30,2,2,3
2023010469452,2023,010469452,1,1,2,2,25,5,3,0,0,1,0,0,9,6,E01001990,-1,0,0.0,1.0,-1,1,40,1,1,1,16:23,7,2,9
2023471306952,2023,471306952,1,1,1,2,19,4,3,0,0,0,0,0,9,10,E01031775,3,1,0.0,1.0,-1,6,40,9,1,1,17:35,5,2,9
2023631323705,2023,631323705,1,1,1,1,29,6,2,0,0,0,0,0,9,3,W01000588,7,1,1.0,0.0,-1,6,40,2,1,2,13:52,4,2,9
2023991284225,2023,991284225,2,1,2,2,10,2,3,0,0,1,0,0,9,8,-1,3,1,0.0,1.0,-1,6,60,1,6,1,23:20,3,2,9
2023131379168,2023,131379168,2,1,1,1,61,9,2,0,0,0,0,0,4,1,E01010845,7,1,1.0,0.0,-1,6,30,1,1,1,15:30,4,2,4
2023010469774,2023,010469774,2,1,1,1,28,6,2,0,0,0,0,0,90,7,E01001231,-1,0,1.0,0.0,-1,6,20,1,1,1,14:30,3,2,90
2023221303941,2023,221303941,1,1,3,2,84,11,2,5,1,0,0,0,0,5,E01032133,7,1,1.0,0.0,-1,6,30,1,1,1,16:30,4,1,9
2023010460475,2023,010460475,2,1,1,1,36,7,3,0,0,0,0,0,3,3,E01003565,-1,0,0.0,1.0,-1,3,20,1,4,1,23:00,1,3,3
2023170S20483,2023,170S20483,2,1,1,2,49,8,3,0,0,0,0,0,9,7,E01027751,-1,0,0.01418,0.98582,-1,1,70,1,1,1,11:35,6,2,9
2023440026564,2023,440026564,2,2,2,2,1,1,3,0,0,2,0,0,9,9,E01022582,-1,0,0.02017,0.97983,-1,6,30,1,1,1,12:58,6,2,9
2023451347821,2023,451347821,2,1,2,2,32,6,3,0,0,1,0,0,9,-1,-1,3,1,0.0,1.0,-1,6,30,1,1,1,17:00,6,2,9
2023010475707,2023,010475707,1,1,2,2,58,9,3,0,0,0,3,0,11,3,E01003635,-1,0,0.0,1.0,-1,6,30,1,1,1,13:40,6,1,11
2023991341651,2023,991341651,2,2,2,1,19,4,2,0,0,0,4,0,11,-1,-1,7,1,1.0,0.0,-1,6,60,1,1,1,17:15,2,2,11
2023041364892,2023,041364892,2,2,2,2,16,4,3,0,0,1,0,0,9,6,E01024870,3,1,0.0,1.0,-1,6,30,1,1,1,20:40,7,2,9
2023122300675,2023,122300675,2,1,1,1,81,11,3,0,0,0,0,0,9,7,E01027782,-1,0,0.12545,0.87455,-1,6,60,1,1,1,14:05,6,2,9
2023201314185,2023,201314185,1,2,2,2,10,2,3,0,0,2,0,0,9,2,E01010419,3,1,0.0,1.0,-1,6,30,2,1,2,12:39,1,2,9
2023461321848,2023,461321848,1,1,1,1,24,5,3,0,0,0,0,0,9,4,E01024086,3,1,0.0,1.0,-1,1,40,1,4,1,03:11,1,2,9
2023451320069,2023,451320069,1,1,2,2,45,7,3,0,0,2,0,0,9,10,E01030584,3,1,0.0,1.0,-1,6,40,1,1,1,17:00,6,1,9
2023010478043,2023,010478043,1,1,1,2,36,7,3,0,0,0,0,0,1,5,E01003955,-1,0,0.0,1.0,-1,6,20,1,7,2,18:55,3,2,1
2023552301383,2023,552301383,2,1,1,1,45,7,3,0,0,0,0,0,1,8,E01015370,-1,0,0.05226,0.94774,-1,6,30,1,1,1,15:28,6,2,1
2023161357592,2023,161357592,1,1,1,2,36,7,3,0,0,0,0,0,9,5,E01012824,3,1,0.0,1.0,-1,6,30,1,1,1,08:50,5,2,9
2023471329366,2023,471329366,1,1,1,1,23,5,3,0,0,0,0,0,9,9,E01022958,3,1,0.0,1.0,-1,6,30,2,1,2,09:45,6,3,9
2023201416973,2023,201416973,1,1,2,2,26,6,3,0,0,0,4,0,11,-1,-1,3,1,0.0,1.0,-1,6,30,1,1,1,14:30,7,2,11
2023141282903,2023,141282903,2,2,1,1,43,7,3,0,0,0,0,0,98,5,E01019791,3,1,0.0,1.0,-1,3,70,1,6,1,22:29,6,2,98
2023552400148,2023,552400148,2,1,1,2,46,8,3,0,0,0,0,0,9,2,E01015379,-1,0,0.00564,0.99436,-1,1,70,1,1,1,11:37,4,2,9
2023201287139,2023,201287139,2,1,1,1,20,4,3,0,0,0,0,0,1,3,E01009411,3,1,0.0,1.0,-1,6,30,1,7,1,07:40,4,2,1
2023111287074,2023,111287074,2,2,1,1,28,6,3,0,0,0,0,0,9,8,E01012316,3,1,0.0,1.0,-1,1,30,1,4,1,22:35,1,2,9
2023302301056,2023,302301056,2,2,1,1,26,6,3,0,0,0,0,0,9,3,E01013453,-1,0,0.03632,0.96368,-1,6,30,1,1,1,14:35,2,3,9
2023332300714,2023,332300714,2,1,1,2,39,7,3,0,0,0,0,0,9,3,E01013611,-1,0,0.01873,0.98127,-1,3,50,1,1,1,14:44,3,3,9
2023371322223,2023,371322223,1,1,2,2,26,6,3,0,0,1,0,0,9,2,E01030079,3,1,0.0,1.0,-1,6,60,1,1,1,11:00,5,2,9
2023421308021,2023,421308021,1,6,2,1,22,5,3,0,0,2,0,0,9,4,E01021260,3,1,0.0,1.0,-1,3,70,1,1,1,07:41,3,5,9
2023052300971,2023,052300971,1,1,3,2,5,1,2,1,3,0,0,0,0,3,E01007237,-1,0,1.0,0.0,-1,6,30,1,1,1,17:00,6,1,9
2023421379595,2023,421379595,1,1,3,2,11,3,3,5,1,0,0,0,0,7,E01021381,3,1,0.0,1.0,-1,6,30,1,1,2,15:15,2,1,9
2023131275783,2023,131275783,2,1,1,1,33,6,3,0,0,0,0,0,1,1,E01011317,3,1,0.0,1.0,-1,6,30,1,1,1,16:18,2,2,1
2023010458778,2023,010458778,1,1,1,1,32,6,3,0,0,0,0,0,9,3,E01002731,-1,0,0.0,1.0,-1,1,30,1,1,1,16:00,5,2,9
2023401314978,2023,401314978,1,2,2,2,-1,-1,3,0,0,-1,0,0,9,-1,-1,3,1,0.0,1.0,-1,6,30,1,1,1,15:08,3,2,9
2023451297597,2023,451297597,2,2,1,2,29,6,3,0,0,0,0,0,9,8,E01023136,3,1,0.0,1.0,-1,3,60,1,1,1,17:00,2,3,9
202354A305823,2023,54A305823,2,1,1,1,12,3,3,0,0,0,0,0,1,7,E01015582,-1,0,0.11507,0.88493,-1,6,30,1,1,1,16:03,5,2,1
2023010447749,2023,010447749,1,1,1,1,27,6,3,0,0,0,0,0,3,2,E01001824,-1,0,0.0,1.0,-1,9,20,9,1,9,16:00,4,2,3
2023461334307,2023,461334307,1,1,1,1,19,4,3,0,0,0,0,0,9,3,E01024567,3,1,0.0,1.0,-1,6,60,2,1,2,07:41,5,2,9
2023991271576,2023,991271576,2,2,2,1,20,4,3,0,0,1,0,0,9,-1,-1,3,1,0.0,1.0,-1,6,30,1,1,2,15:00,4,2,9
2023131282431,2023,131282431,1,1,3,2,25,5,3,9,5,0,0,2,0,2,E01011237,3,1,0.0,1.0,-1,6,30,1,1,1,07:45,4,1,9
2023010435551,2023,010435551,2,1,1,1,28,6,2,0,0,0,0,0,2,3,E01000806,-1,0,1.0,0.0,-1,3,20,1,1,1,17:35,1,2,2
2023471345982,2023,471345982,2,1,1,1,63,9,2,0,0,0,0,0,5,6,E01031606,7,1,1.0,0.0,-1,3,70,1,1,1,13:01,1,2,5
2023131284574,2023,131284574,2,1,1,2,58,9,3,0,0,0,0,0,9,5,E01011523,3,1,0.0,1.0,-1,6,50,3,5,2,13:51,4,2,9
2023320050840,2023,320050840,1,1,1,1,17,4,3,0,0,0,0,0,9,3,E01026386,-1,0,0.07579,0.92421,-1,6,60,2,1,2,11:05,4,1,9
2023041289618,2023,041289618,2,1,1,1,19,4,3,0,0,0,0,0,9,9,E01033219,3,1,0.0,1.0,-1,3,70,1,1,1,16:11,4,2,9
2023471384585,2023,471384585,1,1,2,1,44,7,1,0,0,1,0,0,9,5,E01022616,1,1,0.0,0.0,-1,3,60,1,1,2,14:48,6,1,9
2023010433694,2023,010433694,1,1,1,1,22,5,3,0,0,0,0,0,9,1,E01002758,-1,0,0.0,1.0,-1,6,20,1,4,1,01:05,5,1,9
2023131262180,2023,131262180,2,4,2,1,39,7,3,0,0,2,0,0,9,1,E01010618,3,1,0.0,1.0,-1,2,30,2,1,2,15:12,3,2,9
2023201393077,2023,201393077,2,2,1,1,33,6,2,0,0,0,0,0,9,3,E01009118,7,1,1.0,0.0,-1,6,30,2,1,2,18:22,7,2,9
2023451344258,2023,451344258,3,1,1,1,50,8,3,0,0,0,0,0,9,7,E01022946,3,1,0.0,1.0,-1,3,70,2,1,2,15:20,2,5,9
2023471265218,2023,471265218,1,1,2,2,20,4,3,0,0,1,0,0,9,10,E01021132,3,1,0.0,1.0,-1,6,60,1,6,4,06:58,5,1,9
2023440280812,2023,440280812,1,1,1,2,22,5,2,0,0,0,0,0,9,7,E01017231,-1,0,1.0,0.0,-1,6,60,1,6,1,23:28,4,1,9
2023101398542,2023,101398542,2,1,1,1,11,3,3,0,0,0,0,0,1,1,E01008689,3,1,0.0,1.0,-1,6,30,1,1,1,15:01,4,2,1
2023010459834,2023,010459834,1,1,1,1,47,8,3,0,0,0,0,0,5,5,E01001157,-1,0,0.0,1.0,-1,3,30,1,1,1,07:30,5,2,5
2023010444629,2023,010444629,1,1,1,1,32,6,3,0,0,0,0,0,9,-1,-1,-1,0,0.0,1.0,-1,2,30,8,4,1,00:23,4,2,9
2023071182975,2023,071182975,2,1,1,2,41,7,3,0,0,0,0,0,9,3,E01018720,-1,0,0.0706,0.9294,-1,3,50,1,1,1,15:00,6,2,9
2023170L30153,2023,170L30153,1,1,1,2,83,11,3,0,0,0,0,0,9,2,E01012101,-1,0,0.09359,0.90641,-1,6,30,1,4,1,18:00,1,2,9
2023320269767,2023,320269767,2,1,1,2,58,9,3,0,0,0,0,0,9,7,E01026326,-1,0,0.0363,0.9637,-1,6,30,1,1,1,14:15,5,2,9
2023421363155,2023,421363155,1,1,1,1,48,8,3,0,0,0,0,0,9,4,E01021642,3,1,0.0,1.0,-1,1,30,1,4,1,21:20,1,2,9
2023451378118,2023,451378118,1,1,1,1,22,5,3,0,0,0,0,0,9,10,E01030937,3,1,0.0,1.0,-1,6,60,1,6,1,22:00,3,1,9
2023991287886,2023,991287886,1,1,3,2,72,10,2,6,7,0,0,2,0,-1,-1,6,1,1.0,0.0,-1,6,30,1,1,1,13:13,6,1,8
2023161295321,2023,161295321,2,1,1,2,-1,-1,3,0,0,0,0,0,1,-1,-1,3,1,0.0,1.0,-1,6,30,1,4,1,17:50,7,2,1
2023361355876,2023,361355876,2,1,1,1,50,8,2,0,0,0,0,0,5,1,E01026662,7,1,1.0,0.0,-1,1,40,1,1,1,06:50,2,2,5
2023111273904,2023,111273904,2,1,1,2,53,8,3,0,0,0,0,0,9,9,E01020692,3,1,0.0,1.0,-1,3,60,1,4,1,07:15,3,2,9
2023320346231,2023,320346231,1,1,1,1,24,5,1,0,0,0,0,0,9,1,E01026072,-1,0,0.0,0.0,-1,6,60,1,6,1,00:30,4,1,9
2023340NN4672,2023,340NN4672,1,1,3,1,33,6,2,8,1,0,0,0,0,5,E01026971,-1,0,1.0,0.0,-1,6,20,2,4,2,21:00,5,1,9
2023541689823,2023,541689823,2,1,1,1,19,4,2,0,0,0,0,0,1,2,E01015570,-1,0,1.0,0.0,-1,6,30,1,1,1,06:52,4,2,1
2023610016623,2023,610016623,1,1,1,1,76,11,2,0,0,0,0,0,3,6,E01022249,-1,0,1.0,0.0,-1,6,30,1,1,1,11:15,6,2,3
2023041310761,2023,041310761,1,1,2,2,17,4,3,0,0,1,0,0,9,3,E01025577,3,1,0.0,1.0,-1,6,60,1,6,1,00:20,4,1,9
2023131273562,2023,131273562,1,1,1,1,19,4,2,0,0,0,0,0,9,7,E01018604,7,1,1.0,0.0,-1,3,60,1,6,1,19:27,3,2,9
2023991331217,2023,991331217,2,2,1,2,30,6,2,0,0,0,0,0,9,7,-1,6,1,1.0,0.0,-1,6,60,1,1,1,16:45,4,2,9
2023010438532,2023,010438532,1,1,3,2,21,5,3,5,1,0,0,0,0,1,E01001145,-1,0,0.0,1.0,-1,7,20,1,4,1,03:30,6,1,9
2023010462411,2023,010462411,2,1,1,1,22,5,3,0,0,0,0,0,1,3,E01004735,-1,0,0.0,1.0,-1,3,20,1,4,1,20:46,6,2,1
2023041370341,2023,041370341,2,1,1,1,18,4,3,0,0,0,0,0,1,10,E01025530,3,1,0.0,1.0,-1,6,30,9,4,1,06:30,2,2,1
2023361336996,2023,361336996,2,1,1,1,34,6,2,0,0,0,0,0,5,1,E01026868,5,1,1.0,0.0,-1,6,30,1,1,1,11:28,2,3,5
2023010440991,2023,010440991,1,3,2,2,6,2,3,0,0,2,0,0,9,8,E01030846,-1,0,0.0,1.0,-1,6,30,8,4,1,21:30,1,2,9
2023231394628,2023,231394628,1,2,2,1,22,5,3,0,0,2,0,0,9,2,E01009641,3,1,0.0,1.0,-1,7,70,1,6,2,04:29,7,1,9
2023340WN6122,2023,340WN6122,1,1,1,1,77,11,3,0,0,0,0,0,9,10,E01027287,-1,0,0.12159,0.87841,-1,6,30,1,5,2,17:15,2,2,9
2023440009345,2023,440009345,1,1,1,1,26,6,3,0,0,0,0,0,9,4,E01017262,-1,0,0.1263,0.8737,-1,6,60,2,1,2,10:13,1,1,9
2023421356161,2023,421356161,2,1,1,2,52,8,3,0,0,0,0,0,19,10,E01021379,3,1,0.0,1.0,-1,3,70,1,1,1,13:47,2,2,19
2023320735436,2023,320735436,1,1,3,1,12,3,3,1,1,0,0,0,0,1,E01026157,-1,0,0.13589,0.86411,-1,6,30,1,1,1,15:13,3,1,9
2023401342159,2023,401342159,1,1,3,2,13,3,3,10,9,0,0,0,0,6,E01017578,3,1,0.0,1.0,-1,9,20,1,1,1,16:45,6,1,1
2023991355003,2023,991355003,1,1,3,1,11,3,3,5,4,0,0,2,0,1,-1,3,1,0.0,1.0,-1,6,30,1,1,1,16:20,5,1,9