collision_index,collision_year,collision_ref_no,vehicle_reference,casualty_reference,casualty_class,sex_of_casualty,age_of_casualty,age_band_of_casualty,casualty_severity,pedestrian_location,pedestrian_movement,car_passenger,bus_or_coach_passenger,pedestrian_road_maintenance_worker,casualty_type,casualty_imd_decile,lsoa_of_casualty,enhanced_casualty_severity,casualty_injury_based,casualty_adjusted_severity_serious,casualty_adjusted_severity_slight,casualty_distance_banding,road_type,speed_limit,weather_conditions,light_conditions,road_surface_conditions,time,day_of_week,number_of_vehicles,vehicle_type
2023010483306,2023,010483306,1,1,1,2,33,6,3,0,0,0,0,0,3,-1,-1,-1,0,0.0,1.0,-1,9,20,9,1,9,13:50,6,2,3
2023631338706,2023,631338706,1,1,1,1,42,7,3,0,0,0,0,0,9,3,W01000454,3,1,0.0,1.0,-1,6,60,8,1,2,14:00,1,1,9
2023340NN1852,2023,340NN1852,2,2,1,1,29,6,3,0,0,0,0,0,5,4,E01027187,-1,0,0.21611,0.78389,-1,6,60,1,1,1,12:50,4,2,5
2023411380394,2023,411380394,2,2,1,2,20,4,3,0,0,0,0,0,9,7,E01023495,3,1,0.0,1.0,-1,6,40,1,1,1,12:10,3,2,9
2023501363656,2023,501363656,1,1,3,1,18,4,3,10,9,0,0,0,0,5,E01019067,3,1,0.0,1.0,-1,6,30,1,1,1,13:51,3,1,19
202360A095905,2023,60A095905,2,1,3,2,49,8,3,9,5,0,0,0,0,-1,-1,-1,0,0.10539,0.89461,-1,6,30,1,1,1,14:05,3,2,9
2023221356861,2023,221356861,1,1,1,2,37,7,3,0,0,0,0,0,9,3,E01014141,3,1,0.0,1.0,-1,6,40,1,1,1,16:39,1,1,9
2023430582579,2023,430582579,1,3,2,2,27,6,3,0,0,2,0,0,9,6,E01030759,-1,0,0.06543,0.93457,-1,1,30,1,6,1,02:45,1,1,9
2023471302639,2023,471302639,2,1,1,1,62,9,3,0,0,0,0,0,9,4,E01016890,3,1,0.0,1.0,-1,6,20,1,1,1,17:10,2,3,9
2023522300931,2023,522300931,1,1,1,1,47,8,3,0,0,0,0,0,5,4,E01014523,-1,0,0.03053,0.96947,-1,6,20,1,1,1,17:39,5,2,5
2023320055406,2023,320055406,1,1,1,1,25,5,3,0,0,0,0,0,9,2,E01026111,-1,0,0.12397,0.87603,-1,6,60,1,1,2,15:35,6,1,9
2023451288264,2023,451288264,1,1,1,1,22,5,3,0,0,0,0,0,19,5,E01030464,3,1,0.0,1.0,-1,6,40,2,6,2,01:00,1,1,19
2023010435303,2023,010435303,2,1,1,1,35,6,3,0,0,0,0,0,23,1,E01001562,-1,0,0.0,1.0,-1,3,30,2,7,2,21:58,6,2,23
2023522301052,2023,522301052,1,1,1,1,17,4,3,0,0,0,0,0,-1,1,E01014654,-1,0,0.0205,0.9795,-1,6,20,1,1,1,09:55,4,2,-1
2023552300219,2023,552300219,1,1,1,1,36,7,3,0,0,0,0,0,3,5,E01015435,-1,0,0.15997,0.84003,-1,6,30,1,1,1,13:36,5,2,3
2023061341053,2023,061341053,4,2,1,2,61,9,3,0,0,0,0,0,9,1,E01005195,3,1,0.0,1.0,-1,6,30,1,1,1,18:18,7,4,9
2023131362395,2023,131362395,1,1,1,2,25,5,3,0,0,0,0,0,9,4,E01011876,3,1,0.0,1.0,-1,7,70,2,1,2,07:50,6,3,9
2023041339928,2023,041339928,1,1,3,1,69,10,3,5,1,0,0,0,0,7,E01025373,3,1,0.0,1.0,-1,6,20,1,1,1,13:09,4,1,9
2023401280831,2023,401280831,1,1,3,2,29,6,3,6,9,0,0,0,0,3,E01017501,3,1,0.0,1.0,-1,9,30,1,1,1,09:38,5,1,19
2023122300530,2023,122300530,1,1,1,1,55,8,3,0,0,0,0,0,9,8,E01027702,-1,0,0.0288,0.9712,-1,6,40,1,1,1,17:03,4,3,9
2023351338934,2023,351338934,2,1,1,2,60,9,3,0,0,0,0,0,9,1,E01018103,3,1,0.0,1.0,-1,6,30,2,1,2,15:19,1,2,9
2023440147903,2023,440147903,1,1,2,1,21,5,3,0,0,2,0,0,9,-1,-1,-1,0,0.05407,0.94593,-1,6,30,1,4,1,22:54,7,2,9
2023471368713,2023,471368713,1,1,1,2,32,6,3,0,0,0,0,0,9,3,E01020922,3,1,0.0,1.0,-1,6,30,2,4,2,17:30,2,2,9
2023010438527,2023,010438527,1,1,3,2,16,4,3,9,5,0,0,0,0,2,E01001692,-1,0,0.0,1.0,-1,6,30,1,4,1,00:18,6,1,9
2023991337278,2023,991337278,1,1,3,2,51,8,3,5,1,0,0,0,0,2,-1,3,1,0.0,1.0,-1,6,20,1,1,1,18:40,3,1,8
2023552301060,2023,552301060,1,1,1,1,16,4,2,0,0,0,0,0,1,8,E01019961,-1,0,1.0,0.0,-1,6,60,1,1,2,09:20,1,1,1
2023461354677,2023,461354677,2,1,1,2,17,4,3,0,0,0,0,0,2,9,E01024454,3,1,0.0,1.0,-1,6,30,1,1,1,09:00,2,2,2
2023320454141,2023,320454141,2,1,1,1,46,8,3,0,0,0,0,0,9,8,E01026035,-1,0,0.05679,0.94321,-1,6,40,2,6,2,21:56,7,2,9
2023522300845,2023,522300845,1,1,1,1,24,5,3,0,0,0,0,0,9,2,E01014602,-1,0,0.0521,0.9479,-1,6,40,1,1,1,14:15,1,2,9
2023122301013,2023,122301013,1,1,2,2,87,11,3,0,0,0,2,0,11,2,E01027854,-1,0,0.13524,0.86476,-1,6,30,1,1,1,11:59,7,1,11
2023031350149,2023,031350149,1,1,3,2,55,8,3,5,9,0,0,0,0,3,E01019215,3,1,0.0,1.0,-1,6,30,1,1,1,16:15,5,1,1
2023471297007,2023,471297007,1,1,1,1,22,5,1,0,0,0,0,0,4,-1,-1,1,1,0.0,0.0,-1,6,50,1,1,1,13:53,7,3,4
2023010477185,2023,010477185,1,2,2,2,14,3,3,0,0,2,0,0,9,6,E01002919,-1,0,0.0,1.0,-1,1,20,8,4,2,15:30,6,2,9
2023122300602,2023,122300602,1,1,1,1,33,6,3,0,0,0,0,0,9,9,E01013120,-1,0,0.01717,0.98283,-1,6,30,1,1,1,16:20,5,2,9
2023302301412,2023,302301412,1,5,2,2,30,6,2,0,0,2,0,0,9,2,E01019799,-1,0,1.0,0.0,-1,6,60,1,6,1,03:00,1,1,9
2023010485902,2023,010485902,1,1,1,1,37,7,3,0,0,0,0,0,1,3,E01003923,-1,0,0.0,1.0,-1,9,20,1,4,1,23:20,2,2,1
2023010463425,2023,010463425,1,1,2,2,26,6,3,0,0,2,0,0,9,2,E01000470,-1,0,0.0,1.0,-1,3,40,1,4,1,01:44,4,2,9
2023061364422,2023,061364422,2,2,2,2,21,5,3,0,0,1,0,0,9,-1,-1,3,1,0.0,1.0,-1,6,30,4,4,1,20:38,3,2,9
2023010467509,2023,010467509,1,1,3,1,11,3,3,8,9,0,0,0,0,5,E01001910,-1,0,0.0,1.0,-1,6,20,2,4,2,21:13,5,1,9
2023631375116,2023,631375116,1,1,1,1,27,6,3,0,0,0,0,0,4,6,W01000433,3,1,0.0,1.0,-1,6,60,1,6,2,21:15,4,1,4
2023131357673,2023,131357673,2,1,1,2,53,8,3,0,0,0,0,0,9,2,E01010628,3,1,0.0,1.0,-1,6,30,9,1,2,08:07,6,2,9
2023411305724,2023,411305724,1,3,2,2,12,3,3,0,0,1,0,0,9,10,E01023313,3,1,0.0,1.0,-1,1,30,2,1,2,17:51,5,2,9
2023440035083,2023,440035083,1,1,1,1,37,7,3,0,0,0,0,0,9,9,E01023270,-1,0,0.05112,0.94888,-1,1,30,1,1,1,15:34,5,3,9
2023471295474,2023,471295474,1,1,3,1,-1,-1,3,8,5,0,0,0,0,-1,-1,3,1,0.0,1.0,-1,6,30,1,1,1,18:00,2,1,9
2023052300991,2023,052300991,2,1,1,2,13,3,3,0,0,0,0,0,1,6,E01006949,-1,0,0.13613,0.86387,-1,6,30,1,1,1,14:40,2,2,1
2023161368670,2023,161368670,1,2,2,2,12,3,3,0,0,2,0,0,9,4,E01028225,3,1,0.0,1.0,-1,6,60,1,1,1,15:56,2,2,9
2023221303781,2023,221303781,1,1,1,1,31,6,3,0,0,0,0,0,9,3,E01032282,3,1,0.0,1.0,-1,6,30,1,1,1,08:18,3,2,9
2023421318768,2023,421318768,2,1,2,1,34,6,3,0,0,2,0,0,9,6,E01021472,3,1,0.0,1.0,-1,6,30,1,6,1,22:25,4,2,9
2023401353954,2023,401353954,1,1,3,2,70,10,3,10,9,0,0,0,0,-1,-1,3,1,0.0,1.0,-1,6,20,1,1,-1,19:07,4,1,-1
2023010464182,2023,010464182,1,1,1,2,35,6,3,0,0,0,0,0,9,2,E01001667,-1,0,0.0,1.0,-1,3,30,1,1,1,09:30,3,2,9
2023451392489,2023,451392489,2,1,2,2,33,6,3,0,0,1,0,0,9,10,E01030839,3,1,0.0,1.0,-1,6,30,1,1,1,12:25,3,2,9
2023201277429,2023,201277429,2,1,2,2,46,8,3,0,0,1,0,0,9,2,E01009090,3,1,0.0,1.0,-1,6,30,1,1,1,08:50,2,2,9
2023201281120,2023,201281120,1,1,1,1,26,6,2,0,0,0,0,0,9,5,E01010256,6,1,1.0,0.0,-1,6,30,1,1,1,00:08,1,1,9
2023440217200,2023,440217200,2,1,2,2,25,5,3,0,0,1,0,0,9,6,E01023118,-1,0,0.02982,0.97018,-1,6,20,1,1,1,17:12,5,2,9
2023461386375,2023,461386375,2,1,1,2,36,7,3,0,0,0,0,0,9,1,E01024148,3,1,0.0,1.0,-1,1,30,2,1,2,09:38,6,2,9
2023070632730,2023,070632730,1,1,3,2,28,6,3,1,3,0,0,0,0,-1,-1,-1,0,0.0956,0.9044,-1,6,30,2,1,2,15:52,6,1,9
2023010477699,2023,010477699,1,1,1,1,61,9,2,0,0,0,0,0,1,1,E01001850,-1,0,1.0,0.0,-1,2,30,1,1,1,09:29,6,2,1
2023061270226,2023,061270226,2,1,1,1,42,7,2,0,0,0,0,0,1,-1,-1,7,1,1.0,0.0,-1,6,30,1,1,1,08:10,4,2,1
2023010430686,2023,010430686,1,1,1,1,35,6,3,0,0,0,0,0,3,4,E01001723,-1,0,0.0,1.0,-1,3,20,1,4,1,18:48,7,2,3
2023010443097,2023,010443097,1,1,1,-1,31,6,3,0,0,0,0,0,3,3,E01003615,-1,0,0.0,1.0,-1,9,20,9,1,9,07:30,2,2,3
2023131276743,2023,131276743,1,1,1,2,50,8,3,0,0,0,0,0,9,10,E01011593,3,1,0.0,1.0,-1,3,40,4,1,2,12:35,6,2,9
2023131340479,2023,131340479,2,3,2,1,16,4,3,0,0,2,0,0,9,1,E01010842,3,1,0.0,1.0,-1,6,30,1,4,1,22:42,5,2,9
2023131387024,2023,131387024,1,1,1,1,54,8,3,0,0,0,0,0,9,10,E01010586,3,1,0.0,1.0,-1,6,50,1,1,2,14:00,2,1,9
202354D401923,2023,54D401923,1,1,1,2,83,11,3,0,0,0,0,0,9,6,E01032696,-1,0,0.11643,0.88357,-1,6,60,1,6,1,17:38,2,6,9
2023041295518,2023,041295518,1,1,1,2,80,11,3,0,0,0,0,0,9,7,E01007067,3,1,0.0,1.0,-1,6,30,2,1,2,15:29,3,3,9
2023440315452,2023,440315452,1,1,1,1,37,7,3,0,0,0,0,0,9,10,E01022644,-1,0,0.06789,0.93211,-1,6,30,2,1,2,15:30,7,3,9
2023522400811,2023,522400811,1,1,1,1,59,9,3,0,0,0,0,0,9,7,E01020258,-1,0,0.06381,0.93619,-1,3,70,1,1,2,16:44,5,2,9
2023010458551,2023,010458551,1,1,3,2,36,7,3,1,9,0,0,0,0,1,E01004304,-1,0,0.0,1.0,-1,9,30,1,1,2,07:00,4,1,1
2023010457578,2023,010457578,2,1,1,1,43,7,3,0,0,0,0,0,1,3,E01000638,-1,0,0.0,1.0,-1,3,30,1,1,1,16:20,5,2,1
2023010472648,2023,010472648,1,1,1,1,20,4,3,0,0,0,0,0,3,-1,-1,-1,0,0.0,1.0,-1,6,30,1,1,2,10:00,4,2,3
2023221295216,2023,221295216,1,1,1,1,18,4,3,0,0,0,0,0,9,10,E01032298,3,1,0.0,1.0,-1,3,60,1,6,1,01:29,3,1,9
2023991334139,2023,991334139,2,1,1,2,24,5,3,0,0,0,0,0,9,8,-1,3,1,0.0,1.0,-1,6,30,1,1,2,18:26,5,2,9
2023010471252,2023,010471252,2,1,1,1,32,6,2,0,0,0,0,0,1,1,E01004256,-1,0,1.0,0.0,-1,1,20,1,4,1,19:35,3,2,1
2023991308573,2023,991308573,2,1,1,1,44,7,2,0,0,0,0,0,11,4,-1,7,1,1.0,0.0,-1,6,60,1,1,1,14:52,4,2,11
2023070292245,2023,070292245,1,1,1,1,37,7,3,0,0,0,0,0,19,8,E01006401,-1,0,0.07549,0.92451,-1,3,70,1,1,-1,16:11,5,3,19
2023131352013,2023,131352013,2,1,1,1,26,6,2,0,0,0,0,0,3,6,E01011425,6,1,1.0,0.0,-1,2,30,1,1,1,08:25,4,2,3
2023041393451,2023,041393451,1,3,2,2,19,4,2,0,0,1,0,0,9,5,E01025522,7,1,1.0,0.0,-1,6,30,1,5,2,22:41,7,2,9
2023311307572,2023,311307572,1,1,1,2,79,11,3,0,0,0,0,0,9,9,E01028151,3,1,0.0,1.0,-1,6,30,2,1,2,14:00,5,2,9
2023052301339,2023,052301339,1,1,3,2,4,1,3,6,9,0,0,0,0,2,E01006725,-1,0,0.04571,0.95429,-1,6,20,1,1,1,18:37,5,1,97
2023421283727,2023,421283727,2,1,1,1,41,7,3,0,0,0,0,0,1,7,E01021978,3,1,0.0,1.0,-1,6,60,1,1,1,16:00,1,2,1
2023010445329,2023,010445329,2,1,1,1,35,6,3,0,0,0,0,0,3,1,E01003252,-1,0,0.0,1.0,-1,3,30,1,1,1,14:50,6,2,3
2023501286068,2023,501286068,1,1,2,2,67,10,2,0,0,1,0,0,9,2,E01018771,6,1,1.0,0.0,-1,6,60,1,1,1,13:14,7,2,9
2023501311710,2023,501311710,2,1,1,2,61,9,3,0,0,0,0,0,9,3,E01020285,3,1,0.0,1.0,-1,3,70,1,1,1,18:00,3,3,9
2023991389199,2023,991389199,1,1,1,1,48,8,2,0,0,0,0,0,19,5,-1,7,1,1.0,0.0,-1,6,60,1,6,1,06:59,6,2,19
2023421328041,2023,421328041,2,1,1,1,28,6,2,0,0,0,0,0,5,3,E01021503,7,1,1.0,0.0,-1,6,30,1,1,1,10:37,2,2,5
2023522400130,2023,522400130,2,1,1,2,54,8,2,0,0,0,0,0,-1,1,E01033358,-1,0,1.0,0.0,-1,2,30,1,4,1,21:45,4,2,-1
2023332300951,2023,332300951,2,1,1,1,17,4,3,0,0,0,0,0,3,6,E01025677,-1,0,0.05088,0.94912,-1,6,30,1,4,1,18:58,6,2,3
2023351375670,2023,351375670,3,2,1,1,41,7,3,0,0,0,0,0,9,-1,-1,3,1,0.0,1.0,-1,6,30,1,1,1,16:50,5,3,9
2023421313417,2023,421313417,1,1,1,2,37,7,3,0,0,0,0,0,9,6,E01021448,3,1,0.0,1.0,-1,6,60,1,1,1,11:36,4,1,9
2023421327489,2023,421327489,1,1,1,1,79,11,3,0,0,0,0,0,9,8,E01021389,3,1,0.0,1.0,-1,6,60,1,1,1,12:15,1,2,9
2023622400008,2023,622400008,2,2,1,1,40,7,3,0,0,0,0,0,9,5,W01001161,-1,0,0.02702,0.97298,-1,3,70,5,6,2,19:16,1,2,9
2023041374551,2023,041374551,1,1,3,1,17,4,3,5,1,0,0,2,0,5,E01024998,3,1,0.0,1.0,-1,6,50,1,1,1,11:00,6,1,9
2023201319339,2023,201319339,1,1,3,1,1,1,3,6,9,0,0,0,0,2,E01009744,3,1,0.0,1.0,-1,6,30,1,1,1,20:38,6,1,9
2023440161110,2023,440161110,1,1,3,1,54,8,3,9,8,0,0,0,0,4,E01022524,-1,0,0.25069,0.74931,-1,6,30,1,4,1,05:17,3,1,1
2023141321703,2023,141321703,2,1,1,1,36,7,2,0,0,0,0,0,4,-1,-1,7,1,1.0,0.0,-1,6,30,1,1,1,10:59,5,2,4
2023471334440,2023,471334440,2,5,2,2,43,7,3,0,0,1,0,0,9,7,E01021007,3,1,0.0,1.0,-1,6,40,1,1,1,14:36,6,2,9
202363D001123,2023,63D001123,1,1,1,1,34,6,3,0,0,0,0,0,9,9,W01000481,-1,0,0.07978,0.92022,-1,6,60,1,4,1,17:35,4,2,9
2023010466089,2023,010466089,2,1,1,1,32,6,2,0,0,0,0,0,4,2,E01003607,-1,0,1.0,0.0,-1,6,30,1,4,1,21:43,5,2,4
2023451269105,2023,451269105,1,2,2,2,36,7,2,0,0,1,0,0,9,3,E01030547,6,1,1.0,0.0,-1,3,30,1,4,2,07:30,6,2,9
2023610028823,2023,610028823,1,1,1,1,47,8,2,0,0,0,0,0,9,10,W01001669,-1,0,1.0,0.0,-1,1,30,1,1,1,18:25,6,2,9
2023010459918,2023,010459918,1,1,1,1,72,10,3,0,0,0,0,0,9,5,E01001658,-1,0,0.0,1.0,-1,7,30,1,1,1,15:30,5,2,9
2023201276892,2023,201276892,2,1,1,1,46,8,3,0,0,0,0,0,9,1,E01009057,3,1,0.0,1.0,-1,6,30,1,1,1,20:10,2,2,9
2023231274831,2023,231274831,2,2,1,2,31,6,3,0,0,0,0,0,9,8,E01031217,3,1,0.0,1.0,-1,6,30,1,1,1,13:23,2,2,9
2023311320669,2023,311320669,2,2,1,2,39,7,3,0,0,0,0,0,9,1,E01013867,3,1,0.0,1.0,-1,6,30,2,1,2,09:30,3,2,9
2023320201092,2023,320201092,2,3,2,1,29,6,3,0,0,2,0,0,9,3,E01027414,-1,0,0.02452,0.97548,-1,6,60,1,1,1,14:10,2,2,9
2023351363678,2023,351363678,1,1,2,2,38,7,3,0,0,1,0,0,9,9,E01018133,3,1,0.0,1.0,-1,6,30,8,5,2,19:15,2,1,9
2023501321526,2023,501321526,2,2,2,1,15,3,3,0,0,-1,0,0,9,8,E01023221,3,1,0.0,1.0,-1,6,40,1,1,1,20:01,1,2,9
2023010479590,2023,010479590,1,1,3,1,12,3,2,1,1,0,0,0,0,6,E01000273,-1,0,1.0,0.0,-1,3,30,9,1,1,08:05,4,1,9
2023010476300,2023,010476300,1,1,1,1,27,6,3,0,0,0,0,0,1,7,E01001890,-1,0,0.0,1.0,-1,9,20,8,4,1,17:00,2,4,1
2023311260222,2023,311260222,2,1,1,1,46,8,3,0,0,0,0,0,1,1,E01013833,3,1,0.0,1.0,-1,1,30,1,4,1,07:19,6,2,1
2023052300355,2023,052300355,2,1,1,1,38,7,3,0,0,0,0,0,3,6,E01006935,-1,0,0.14753,0.85247,-1,6,20,1,1,1,09:50,3,2,3
2023122300126,2023,122300126,2,2,2,1,35,6,3,0,0,1,0,0,9,1,E01012848,-1,0,0.05524,0.94476,-1,6,60,2,6,2,21:24,5,2,9
2023161356447,2023,161356447,1,1,1,1,45,7,3,0,0,0,0,0,9,5,E01012964,3,1,0.0,1.0,-1,6,30,1,1,2,08:50,1,2,9
2023170L10863,2023,170L10863,1,2,2,2,20,4,3,0,0,1,0,0,9,-1,-1,-1,0,0.12348,0.87652,-1,6,60,1,6,2,22:40,7,1,9
2023351380013,2023,351380013,2,1,1,1,31,6,3,0,0,0,0,0,9,9,E01018154,3,1,0.0,1.0,-1,1,30,2,4,2,16:33,2,2,9
2023010459245,2023,010459245,1,1,1,2,44,7,3,0,0,0,0,0,9,2,E01001667,-1,0,0.0,1.0,-1,3,30,1,1,1,14:30,1,2,9
2023201379034,2023,201379034,2,3,2,2,12,3,3,0,0,2,0,0,9,5,E01008971,3,1,0.0,1.0,-1,6,30,1,4,1,17:20,4,2,9
2023221316226,2023,221316226,1,1,1,1,18,4,3,0,0,0,0,0,9,4,E01032254,3,1,0.0,1.0,-1,7,70,1,4,1,00:30,3,1,9
2023221335881,2023,221335881,1,2,2,1,21,5,2,0,0,2,0,0,9,8,E01032441,7,1,1.0,0.0,-1,6,50,1,6,1,01:49,7,1,9
2023302301239,2023,302301239,2,2,1,1,19,4,3,0,0,0,0,0,9,2,E01019567,-1,0,0.06621,0.93379,-1,6,40,1,1,1,12:08,7,3,9
2023451370898,2023,451370898,2,1,1,1,47,8,3,0,0,0,0,0,9,8,E01030686,3,1,0.0,1.0,-1,6,30,1,1,1,10:12,1,3,9
2023552400039,2023,552400039,3,2,1,1,60,9,3,0,0,0,0,0,9,6,E01020471,-1,0,0.02293,0.97707,-1,3,70,1,1,1,08:21,6,5,9
2023430412408,2023,430412408,2,1,1,1,22,5,3,0,0,0,0,0,1,7,E01028521,-1,0,0.04576,0.95424,-1,6,60,1,1,1,09:05,7,2,1
2023010457579,2023,010457579,1,1,1,1,37,7,3,0,0,0,0,0,9,3,E01000640,-1,0,0.0,1.0,-1,1,30,1,1,1,07:25,4,1,9
2023101329601,2023,101329601,2,1,1,1,43,7,2,0,0,0,0,0,9,7,E01027516,7,1,1.0,0.0,-1,6,30,1,1,2,05:10,7,2,9
2023991264443,2023,991264443,1,1,1,1,48,8,3,0,0,0,0,0,9,3,-1,3,1,0.0,1.0,-1,6,40,1,1,4,09:20,3,3,9
2023991324889,2023,991324889,5,12,1,1,49,8,3,0,0,0,0,0,9,7,-1,3,1,0.0,1.0,-1,3,60,1,4,2,02:05,1,6,9
2023041285575,2023,041285575,1,3,2,1,19,4,2,0,0,2,0,0,9,1,E01024908,7,1,1.0,0.0,-1,6,20,1,4,1,01:50,7,1,9
2023201379821,2023,201379821,2,1,1,2,-1,-1,3,0,0,0,0,0,9,-1,-1,3,1,0.0,1.0,-1,6,30,1,1,1,12:32,6,3,9
2023610023723,2023,610023723,2,1,1,1,41,7,3,0,0,0,0,0,3,3,W01001137,-1,0,0.19684,0.80316,-1,1,70,1,1,1,16:14,5,2,3
2023010463500,2023,010463500,1,1,2,2,38,7,3,0,0,2,0,0,9,8,E01003674,-1,0,0.0,1.0,-1,1,30,1,1,2,09:00,6,2,9
2023070735284,2023,070735284,2,1,1,2,33,6,3,0,0,0,0,0,9,4,E01018329,-1,0,0.01276,0.98724,-1,3,30,1,1,1,15:15,5,2,9
2023991289017,2023,991289017,1,2,1,2,33,6,3,0,0,0,0,0,9,7,-1,3,1,0.0,1.0,-1,6,30,1,1,2,08:40,3,2,9
2023131343966,2023,131343966,1,1,1,2,10,2,3,0,0,0,0,0,-1,1,E01011283,3,1,0.0,1.0,-1,6,20,1,1,1,21:05,2,2,-1
2023221331263,2023,221331263,1,1,3,2,16,4,2,1,3,0,0,0,0,10,E01033062,7,1,1.0,0.0,-1,6,30,1,1,1,17:00,4,1,9
2023211301548,2023,211301548,2,1,1,1,14,3,3,0,0,0,0,0,1,-1,-1,3,1,0.0,1.0,-1,3,30,1,1,1,08:10,3,2,1
2023122400133,2023,122400133,1,2,2,1,28,6,1,0,0,1,0,0,9,5,E01012796,-1,0,0.0,0.0,-1,6,60,1,1,5,11:48,5,1,9
2023302301364,2023,302301364,2,2,1,1,56,9,3,0,0,0,0,0,9,6,E01031099,-1,0,0.08072,0.91928,-1,6,50,1,1,1,13:30,2,2,9
2023031283123,2023,031283123,2,1,1,2,22,5,3,0,0,0,0,0,9,1,E01019140,3,1,0.0,1.0,-1,6,30,1,4,1,18:00,7,2,9
2023461355272,2023,461355272,3,4,1,2,48,8,3,0,0,0,0,0,9,8,E01000655,3,1,0.0,1.0,-1,6,30,1,1,1,07:40,5,3,9
2023631329775,2023,631329775,1,1,1,1,71,10,2,0,0,0,0,0,9,5,W01000537,7,1,1.0,0.0,-1,6,30,1,1,2,12:40,7,1,9
2023421295040,2023,421295040,2,2,2,2,16,4,3,0,0,1,0,0,9,9,E01021727,3,1,0.0,1.0,-1,6,60,1,1,1,19:38,1,2,9
2023061334103,2023,061334103,2,1,1,1,27,6,2,0,0,0,0,0,1,9,E01006017,7,1,1.0,0.0,-1,6,30,1,1,1,16:08,5,2,1
2023070875712,2023,070875712,2,1,1,1,13,3,3,0,0,0,0,0,1,8,E01012530,-1,0,0.05592,0.94408,-1,3,30,1,1,1,15:15,6,2,1
2023520301348,2023,520301348,2,1,1,1,58,9,2,0,0,0,0,0,1,7,E01031857,-1,0,1.0,0.0,-1,6,60,1,1,1,10:43,7,2,1
2023052300769,2023,052300769,1,1,3,2,72,10,3,5,3,0,0,0,0,1,-1,-1,0,0.10274,0.89726,-1,6,20,1,1,1,16:15,6,1,9
2023430185356,2023,430185356,1,1,3,1,55,8,3,6,9,0,0,0,0,3,E01017711,-1,0,0.06677,0.93323,-1,6,30,8,1,1,16:30,6,1,-1
2023131344706,2023,131344706,2,1,1,2,83,11,3,0,0,0,0,0,9,6,E01010787,3,1,0.0,1.0,-1,3,30,1,1,1,12:10,6,2,9
2023371342746,2023,371342746,2,3,2,2,-1,-1,3,0,0,-1,0,0,9,-1,-1,3,1,0.0,1.0,-1,6,30,1,4,1,21:40,2,3,9
2023421382708,2023,421382708,1,1,1,2,18,4,3,0,0,0,0,0,9,2,E01021268,3,1,0.0,1.0,-1,3,50,2,1,2,07:30,2,2,9
2023010451219,2023,010451219,1,1,1,2,23,5,3,0,0,0,0,0,9,3,E01001983,-1,0,0.0,1.0,-1,6,20,1,1,1,17:01,7,2,9
2023061373546,2023,061373546,2,2,2,2,32,6,3,0,0,1,0,0,9,4,E01005895,3,1,0.0,1.0,-1,3,50,1,1,1,14:40,7,2,9
2023101384730,2023,101384730,2,1,1,2,54,8,3,0,0,0,0,0,9,3,E01008656,3,1,0.0,1.0,-1,6,30,1,1,2,12:35,7,3,9
2023170M11413,2023,170M11413,1,2,2,2,70,10,3,0,0,1,0,0,9,1,E01012036,-1,0,0.09303,0.90697,-1,6,30,1,1,1,15:10,3,2,9
2023522300417,2023,522300417,2,2,1,1,40,7,3,0,0,0,0,0,1,3,E01014684,-1,0,0.10075,0.89925,-1,6,30,1,4,1,18:40,2,2,1
2023430175480,2023,430175480,2,1,1,1,17,4,3,0,0,0,0,0,3,6,E01028451,-1,0,0.05516,0.94484,-1,6,20,2,4,2,21:05,6,2,3
2023010440384,2023,010440384,2,1,1,1,33,6,3,0,0,0,0,0,9,2,E01004310,-1,0,0.0,1.0,-1,6,20,1,1,1,18:11,1,2,9
2023411350290,2023,411350290,2,2,1,2,24,5,3,0,0,0,0,0,9,5,E01015767,3,1,0.0,1.0,-1,7,70,1,1,1,08:58,3,2,9
2023451314580,2023,451314580,1,1,1,1,21,5,3,0,0,0,0,0,9,5,E01031594,3,1,0.0,1.0,-1,6,40,1,1,1,17:25,7,3,9
2023010431138,2023,010431138,1,1,2,1,56,9,3,0,0,1,0,0,9,3,E01002823,-1,0,0.0,1.0,-1,6,20,1,4,1,20:41,6,1,9
2023010495782,2023,010495782,1,1,1,1,56,9,3,0,0,0,0,0,9,5,E01001301,-1,0,0.0,1.0,-1,9,30,1,4,1,19:35,3,1,9
2023221377384,2023,221377384,2,1,1,2,39,7,3,0,0,0,0,0,9,9,E01018571,3,1,0.0,1.0,-1,3,50,1,1,1,08:00,3,2,9
2023061382010,2023,061382010,1,1,1,2,22,5,2,0,0,0,0,0,9,9,E01006233,5,1,1.0,0.0,-1,6,50,1,6,4,06:40,6,2,9
2023141362292,2023,141362292,1,1,1,1,33,6,3,0,0,0,0,0,9,1,E01010674,3,1,0.0,1.0,-1,6,40,1,4,1,19:13,5,2,9
2023010435275,2023,010435275,2,1,1,2,31,6,2,0,0,0,0,0,1,2,E01003546,-1,0,1.0,0.0,-1,1,30,2,4,2,20:38,6,2,1
2023010478721,2023,010478721,1,1,3,2,61,9,3,10,9,0,0,0,0,5,E01001530,-1,0,0.0,1.0,-1,7,20,2,1,2,06:55,7,1,19
2023991334490,2023,991334490,1,1,1,1,22,5,2,0,0,0,0,0,5,5,-1,7,1,1.0,0.0,-1,6,60,1,1,2,12:00,6,1,5