collision_index,collision_year,collision_ref_no,vehicle_reference,casualty_reference,casualty_class,sex_of_casualty,age_of_casualty,age_band_of_casualty,casualty_severity,pedestrian_location,pedestrian_movement,car_passenger,bus_or_coach_passenger,pedestrian_road_maintenance_worker,casualty_type,casualty_imd_decile,lsoa_of_casualty,enhanced_casualty_severity,casualty_injury_based,casualty_adjusted_severity_serious,casualty_adjusted_severity_slight,casualty_distance_banding,road_type,speed_limit,weather_conditions,light_conditions,road_surface_conditions,time,day_of_week,number_of_vehicles,vehicle_type
2023041304863,2023,041304863,1,1,1,2,83,11,2,0,0,0,0,0,9,9,E01012598,6,1,1.0,0.0,-1,6,30,1,1,1,13:48,1,1,9
2023131375943,2023,131375943,2,4,2,1,26,6,2,0,0,2,0,0,9,1,E01001740,6,1,1.0,0.0,-1,6,30,2,4,2,01:00,7,2,9
2023211379811,2023,211379811,1,1,1,1,20,4,3,0,0,0,0,0,9,4,E01029386,3,1,0.0,1.0,-1,6,30,1,1,2,08:00,3,2,9
2023340WN6642,2023,340WN6642,2,1,1,2,27,6,3,0,0,0,0,0,9,8,E01027162,-1,0,0.01184,0.98816,-1,6,30,1,4,1,18:50,4,2,9
2023010441633,2023,010441633,1,1,3,2,24,5,3,1,3,0,0,0,0,2,E01004033,-1,0,0.0,1.0,-1,6,20,1,1,1,10:51,1,1,9
2023161370832,2023,161370832,1,1,3,1,82,11,1,8,3,0,0,2,0,1,E01012856,1,1,0.0,0.0,-1,6,30,2,4,2,17:49,7,1,9
2023430361199,2023,430361199,1,1,3,1,57,9,3,5,3,0,0,0,0,10,E01016706,-1,0,0.19205,0.80795,-1,6,30,1,1,1,16:02,6,1,9
2023061318421,2023,061318421,2,1,1,1,14,3,3,0,0,0,0,0,1,2,E01005471,3,1,0.0,1.0,-1,6,30,8,1,1,19:00,2,2,1
2023461313178,2023,461313178,1,1,1,1,89,11,3,0,0,0,0,0,9,7,E01024630,3,1,0.0,1.0,-1,6,60,1,1,1,12:05,3,2,9
2023501264099,2023,501264099,2,2,1,2,49,8,3,0,0,0,0,0,9,4,E01020055,3,1,0.0,1.0,-1,6,30,8,4,2,17:32,1,2,9
2023201444957,2023,201444957,1,1,1,1,28,6,2,0,0,0,0,0,9,7,E01008949,6,1,1.0,0.0,-1,6,30,8,1,1,19:27,7,2,9
2023211299929,2023,211299929,1,1,1,1,61,9,3,0,0,0,0,0,9,10,E01018633,3,1,0.0,1.0,-1,6,60,1,1,1,14:30,7,2,9
2023531367504,2023,531367504,1,1,1,2,19,4,2,0,0,0,0,0,9,6,E01022253,6,1,1.0,0.0,-1,6,60,1,6,2,22:40,5,2,9
2023332300010,2023,332300010,1,1,3,2,47,8,2,1,1,0,0,0,0,4,E01013741,-1,0,1.0,0.0,-1,6,30,5,4,2,16:50,7,1,9
2023451291552,2023,451291552,2,1,1,1,22,5,2,0,0,0,0,0,3,6,E01030751,6,1,1.0,0.0,-1,6,30,1,1,2,13:10,3,2,3
2023010467973,2023,010467973,2,1,1,1,43,7,3,0,0,0,0,0,5,7,E01031351,-1,0,0.0,1.0,-1,6,20,1,1,1,12:45,1,2,5
2023421392060,2023,421392060,1,1,1,1,33,6,2,0,0,0,0,0,5,3,E01000109,7,1,1.0,0.0,-1,7,70,1,4,1,00:55,2,1,5
2023991311572,2023,991311572,2,2,1,1,43,7,2,0,0,0,0,0,5,-1,-1,7,1,1.0,0.0,-1,6,30,1,1,1,20:00,5,2,5
2023010426388,2023,010426388,1,1,1,2,28,6,3,0,0,0,0,0,9,3,E01003143,-1,0,0.0,1.0,-1,6,20,1,1,1,11:10,5,2,9
2023201405219,2023,201405219,2,3,2,2,52,8,3,0,0,1,0,0,9,2,E01010312,3,1,0.0,1.0,-1,6,30,1,4,1,16:52,6,2,9
2023501347823,2023,501347823,2,1,1,2,39,7,3,0,0,0,0,0,9,6,E01019058,3,1,0.0,1.0,-1,1,30,2,1,2,13:30,7,2,9
2023201289700,2023,201289700,2,2,1,1,53,8,3,0,0,0,0,0,9,1,E01009338,3,1,0.0,1.0,-1,6,30,1,1,1,23:04,7,2,9
2023361321675,2023,361321675,2,1,2,1,37,7,3,0,0,-1,0,0,9,5,E01026487,3,1,0.0,1.0,-1,6,50,1,1,2,15:45,5,3,9
2023211405377,2023,211405377,2,2,3,2,27,6,2,10,9,0,0,2,0,-1,-1,6,1,1.0,0.0,-1,3,30,5,1,2,09:15,5,2,9
2023010477531,2023,010477531,2,1,1,1,18,4,3,0,0,0,0,0,3,1,E01004665,-1,0,0.0,1.0,-1,6,20,1,4,2,16:28,1,2,3
2023101283612,2023,101283612,2,1,1,1,22,5,3,0,0,0,0,0,9,1,E01020759,3,1,0.0,1.0,-1,6,40,1,4,1,21:30,7,2,9
2023141292209,2023,141292209,2,1,1,1,52,8,3,0,0,0,0,0,9,4,E01007444,3,1,0.0,1.0,-1,6,30,2,1,2,16:29,5,3,9
2023311268048,2023,311268048,2,1,1,2,52,8,2,0,0,0,0,0,9,6,E01028162,7,1,1.0,0.0,-1,6,30,1,1,1,13:00,3,2,9
2023332300864,2023,332300864,1,1,1,1,59,9,2,0,0,0,0,0,9,3,E01025994,-1,0,1.0,0.0,-1,6,30,1,4,1,22:30,7,2,9
2023451304530,2023,451304530,1,1,1,2,45,7,3,0,0,0,0,0,9,6,E01031743,3,1,0.0,1.0,-1,3,70,1,1,1,11:05,4,2,9
2023101319108,2023,101319108,2,1,1,1,52,8,3,0,0,0,0,0,5,6,E01008872,3,1,0.0,1.0,-1,7,50,1,1,1,13:35,5,2,5
2023461289087,2023,461289087,2,1,1,1,24,5,3,0,0,0,0,0,9,3,E01024392,3,1,0.0,1.0,-1,6,60,2,1,2,07:33,6,3,9
2023161372103,2023,161372103,1,3,1,1,34,6,3,0,0,0,0,0,19,1,E01012894,3,1,0.0,1.0,-1,3,30,2,1,2,08:00,4,2,19
2023320259548,2023,320259548,1,1,3,1,25,5,3,5,1,0,0,0,0,-1,-1,-1,0,0.20554,0.79446,-1,6,40,1,4,1,01:35,1,1,9
2023010430232,2023,010430232,1,1,2,2,47,8,3,0,0,9,0,0,9,3,E01001763,-1,0,0.0,1.0,-1,7,20,1,1,1,14:30,5,2,9
2023061304154,2023,061304154,2,4,2,2,7,2,2,0,0,2,0,0,9,-1,-1,7,1,1.0,0.0,-1,6,30,1,1,1,20:13,5,2,9
2023070224810,2023,070224810,2,1,1,1,40,7,3,0,0,0,0,0,9,9,E01012569,-1,0,0.01032,0.98968,-1,6,40,2,4,2,20:20,5,2,9
2023471263091,2023,471263091,1,1,1,1,31,6,3,0,0,0,0,0,9,6,E01031365,3,1,0.0,1.0,-1,6,40,4,1,1,10:55,6,2,9
2023471313986,2023,471313986,1,3,1,1,20,4,3,0,0,0,0,0,9,10,E01031485,3,1,0.0,1.0,-1,7,50,1,4,1,21:33,5,2,9
2023052301943,2023,052301943,3,1,1,1,43,7,3,0,0,0,0,0,19,2,E01006308,-1,0,0.0201,0.9799,-1,2,30,1,1,1,09:40,4,3,19
2023061389656,2023,061389656,2,1,1,1,36,7,3,0,0,0,0,0,9,6,E01006595,3,1,0.0,1.0,-1,3,30,5,4,-1,22:47,7,2,9
2023440201367,2023,440201367,1,1,1,1,32,6,3,0,0,0,0,0,9,7,E01023135,-1,0,0.0703,0.9297,-1,6,50,1,6,1,02:50,1,1,9
2023421357531,2023,421357531,2,1,1,1,8,2,3,0,0,0,0,0,1,8,E01022091,3,1,0.0,1.0,-1,6,30,1,1,1,15:30,4,2,1
2023461346475,2023,461346475,2,1,1,2,48,8,3,0,0,0,0,0,9,6,E01016178,3,1,0.0,1.0,-1,6,40,1,1,1,20:19,6,4,9
2023311271481,2023,311271481,1,1,3,1,16,4,3,5,1,0,0,0,0,-1,-1,3,1,0.0,1.0,-1,6,30,1,4,2,20:00,3,1,9
2023161348368,2023,161348368,2,1,1,1,63,9,3,0,0,0,0,0,1,-1,-1,3,1,0.0,1.0,-1,6,30,9,4,1,04:07,2,2,1
2023461351520,2023,461351520,2,1,2,1,10,2,3,0,0,1,0,0,9,6,E01032814,3,1,0.0,1.0,-1,6,30,1,1,1,08:20,5,2,9
2023070618019,2023,070618019,1,1,1,1,43,7,3,0,0,0,0,0,1,10,E01018561,-1,0,0.1477,0.8523,-1,6,40,1,1,1,06:43,2,2,1
2023351270390,2023,351270390,1,1,1,1,27,6,3,0,0,0,0,0,9,6,E01015691,3,1,0.0,1.0,-1,3,70,1,6,4,20:15,2,2,9
2023010445981,2023,010445981,1,1,2,2,3,1,3,0,0,0,3,0,11,1,E01005194,-1,0,0.0,1.0,-1,6,20,1,1,1,13:00,3,1,11
2023010467394,2023,010467394,1,1,2,1,30,6,3,0,0,0,9,0,11,5,E01002446,-1,0,0.0,1.0,-1,9,30,9,1,9,07:40,5,1,11
2023622300960,2023,622300960,2,2,1,2,55,8,3,0,0,0,0,0,9,2,W01001751,-1,0,0.01193,0.98807,-1,6,30,1,1,1,12:39,4,2,9
2023991356506,2023,991356506,1,1,1,2,27,6,3,0,0,0,0,0,9,7,-1,3,1,0.0,1.0,-1,6,30,5,1,2,11:50,3,3,9
2023010423877,2023,010423877,1,1,1,-1,27,6,3,0,0,0,0,0,1,5,E01000142,-1,0,0.0,1.0,-1,6,30,1,4,1,18:15,6,2,1
2023122301345,2023,122301345,2,2,1,1,53,8,3,0,0,0,0,0,9,5,E01010783,-1,0,0.08659,0.91341,-1,6,60,5,6,2,22:50,7,2,9
2023440523641,2023,440523641,2,1,1,2,40,7,2,0,0,0,0,0,9,3,E01022904,-1,0,1.0,0.0,-1,6,30,1,4,2,18:10,7,3,9
2023520301575,2023,520301575,2,2,1,1,61,9,3,0,0,0,0,0,9,8,E01029204,-1,0,0.01596,0.98404,-1,6,40,1,1,1,16:25,6,2,9
2023010469899,2023,010469899,1,1,1,1,36,7,2,0,0,0,0,0,19,6,E01000566,-1,0,1.0,0.0,-1,6,30,1,1,1,11:30,4,2,19
2023421278955,2023,421278955,2,1,1,2,23,5,3,0,0,0,0,0,2,9,E01021682,3,1,0.0,1.0,-1,6,30,1,1,1,08:05,3,2,2
2023010449023,2023,010449023,1,1,1,1,29,6,3,0,0,0,0,0,8,5,E01003312,-1,0,0.0,1.0,-1,6,20,1,1,1,15:30,4,2,8
2023231325606,2023,231325606,1,1,1,1,34,6,3,0,0,0,0,0,9,8,E01031042,3,1,0.0,1.0,-1,6,30,1,1,1,20:30,7,2,9
2023371293944,2023,371293944,1,2,1,1,51,8,3,0,0,0,0,0,9,7,E01029875,3,1,0.0,1.0,-1,6,60,1,1,1,12:30,3,2,9
2023451298029,2023,451298029,2,1,1,1,37,7,3,0,0,0,0,0,9,10,E01022590,3,1,0.0,1.0,-1,3,70,1,1,1,06:54,3,2,9
2023501326334,2023,501326334,1,1,1,2,56,9,3,0,0,0,0,0,9,8,E01020120,3,1,0.0,1.0,-1,6,30,1,1,1,17:27,4,1,9
2023122300429,2023,122300429,2,1,2,2,48,8,3,0,0,0,4,0,11,3,E01013416,-1,0,0.02215,0.97785,-1,6,30,1,1,2,17:15,7,2,11
2023010436419,2023,010436419,1,1,1,1,35,6,3,0,0,0,0,0,19,9,E01024143,-1,0,0.0,1.0,-1,6,30,1,4,1,23:14,6,1,19
2023302301939,2023,302301939,1,1,1,2,54,8,3,0,0,0,0,0,19,2,E01027983,-1,0,0.10954,0.89046,-1,6,50,1,1,1,07:10,6,3,19
2023531384710,2023,531384710,2,1,1,2,31,6,3,0,0,0,0,0,9,7,E01022221,3,1,0.0,1.0,-1,6,60,1,6,2,19:45,4,2,9
2023991355621,2023,991355621,2,3,1,2,22,5,3,0,0,0,0,0,9,1,-1,3,1,0.0,1.0,-1,6,30,1,1,1,18:20,6,3,9
202354A818723,2023,54A818723,1,1,1,1,24,5,3,0,0,0,0,0,9,8,E01031861,-1,0,0.13771,0.86229,-1,6,60,1,6,2,06:03,5,1,9
2023170M10873,2023,170M10873,2,2,1,1,37,7,3,0,0,0,0,0,9,4,E01012026,-1,0,0.02506,0.97494,-1,3,50,1,1,1,15:37,1,2,9
2023440102949,2023,440102949,1,1,1,1,24,5,3,0,0,0,0,0,9,-1,-1,-1,0,0.05256,0.94744,-1,6,40,1,1,1,17:15,3,3,9
2023440158792,2023,440158792,1,1,1,1,37,7,3,0,0,0,0,0,9,1,E01032882,-1,0,0.01547,0.98453,-1,6,50,1,1,1,11:16,1,2,9
2023461369914,2023,461369914,1,1,1,2,38,7,3,0,0,0,0,0,9,4,E01024566,3,1,0.0,1.0,-1,6,60,2,1,2,10:11,4,2,9
2023201289701,2023,201289701,2,1,1,1,25,5,3,0,0,0,0,0,9,10,E01009780,3,1,0.0,1.0,-1,6,30,1,4,1,17:15,6,4,9
2023201291579,2023,201291579,2,1,1,1,44,7,3,0,0,0,0,0,9,3,E01010242,3,1,0.0,1.0,-1,1,30,1,1,1,08:30,2,2,9
2023461384167,2023,461384167,2,1,1,2,18,4,3,0,0,0,0,0,9,9,E01024256,3,1,0.0,1.0,-1,1,20,1,1,1,08:45,3,2,9
2023991265986,2023,991265986,2,1,1,1,62,9,3,0,0,0,0,0,9,4,-1,3,1,0.0,1.0,-1,1,30,8,1,4,09:45,6,2,9
2023010485197,2023,010485197,1,1,3,2,58,9,3,5,1,0,0,0,0,1,E01003963,-1,0,0.0,1.0,-1,2,20,1,4,1,17:01,4,1,1
2023061342894,2023,061342894,1,1,3,2,6,2,3,5,4,0,0,0,0,-1,-1,3,1,0.0,1.0,-1,6,20,1,1,1,19:00,5,1,9
2023061344276,2023,061344276,1,2,3,2,7,2,3,9,5,0,0,0,0,2,E01005400,3,1,0.0,1.0,-1,6,30,2,1,2,18:22,2,1,9
2023351363747,2023,351363747,1,3,3,2,66,10,3,10,9,0,0,0,0,9,E01018171,3,1,0.0,1.0,-1,6,30,1,1,1,10:54,2,1,9
2023010484366,2023,010484366,1,1,3,1,71,10,3,5,1,0,0,0,0,6,E01000513,-1,0,0.0,1.0,-1,7,30,9,1,2,10:20,7,1,9
2023101363499,2023,101363499,1,4,3,1,19,4,1,6,9,0,0,0,0,2,E01008300,1,1,0.0,0.0,-1,3,30,1,1,1,16:12,1,1,9
2023201263917,2023,201263917,1,1,3,1,76,11,2,5,1,0,0,0,0,1,E01010532,6,1,1.0,0.0,-1,6,30,1,7,1,23:30,6,1,9
2023010461601,2023,010461601,1,1,1,1,22,5,3,0,0,0,0,0,9,5,E01002626,-1,0,0.0,1.0,-1,9,30,1,1,1,18:50,1,2,9
2023101374925,2023,101374925,1,1,1,2,27,6,3,0,0,0,0,0,9,-1,-1,3,1,0.0,1.0,-1,6,30,1,1,2,11:50,4,2,9
2023101398332,2023,101398332,2,2,2,2,24,5,3,0,0,1,0,0,9,1,E01020901,3,1,0.0,1.0,-1,6,50,2,4,2,17:00,7,2,9
2023440522633,2023,440522633,1,2,2,2,17,4,2,0,0,1,0,0,9,6,E01016304,-1,0,1.0,0.0,-1,6,30,1,6,2,22:05,6,1,9
2023991300430,2023,991300430,1,2,2,2,75,10,2,0,0,1,0,0,9,5,-1,5,1,1.0,0.0,-1,3,50,1,1,1,15:10,2,1,9
2023061352741,2023,061352741,2,1,1,2,56,9,3,0,0,0,0,0,22,1,E01005094,3,1,0.0,1.0,-1,6,20,1,1,1,10:30,6,2,22
2023052300510,2023,052300510,2,1,1,1,55,8,2,0,0,0,0,0,1,7,E01007071,-1,0,1.0,0.0,-1,6,30,2,1,2,16:00,4,2,1
2023430441545,2023,430441545,2,1,1,1,16,4,3,0,0,0,0,0,1,3,E01016373,-1,0,0.13687,0.86313,-1,6,30,1,1,1,08:18,2,2,1
2023440243651,2023,440243651,1,1,1,1,58,9,3,0,0,0,0,0,1,-1,-1,-1,0,0.04494,0.95506,-1,1,30,1,1,1,17:00,3,2,1
2023201395474,2023,201395474,1,3,2,1,33,6,3,0,0,-1,0,0,9,5,E01009186,3,1,0.0,1.0,-1,6,30,1,4,1,00:33,1,2,9
2023401324411,2023,401324411,1,1,1,1,25,5,2,0,0,0,0,0,9,7,E01016722,7,1,1.0,0.0,-1,3,70,1,1,1,17:28,6,4,9
2023010478059,2023,010478059,1,1,1,1,58,9,2,0,0,0,0,0,1,1,E01000939,-1,0,1.0,0.0,-1,1,20,1,4,2,01:55,4,2,1
2023061345563,2023,061345563,2,1,1,1,46,8,2,0,0,0,0,0,1,10,E01005407,7,1,1.0,0.0,-1,6,30,1,1,1,16:40,5,2,1
2023461320331,2023,461320331,1,1,1,1,12,3,3,0,0,0,0,0,1,2,E01024685,3,1,0.0,1.0,-1,6,30,1,1,1,15:20,4,2,1
2023010437252,2023,010437252,1,1,1,1,29,6,3,0,0,0,0,0,3,4,E01001185,-1,0,0.0,1.0,-1,9,20,1,1,1,13:38,5,2,3
2023010445687,2023,010445687,1,1,1,2,24,5,3,0,0,0,0,0,9,2,E01001316,-1,0,0.0,1.0,-1,6,30,1,1,1,13:15,1,2,9
2023061386507,2023,061386507,2,1,1,2,34,6,3,0,0,0,0,0,9,1,E01006016,3,1,0.0,1.0,-1,6,30,1,4,-1,20:40,6,2,9
2023122301310,2023,122301310,1,3,2,2,15,3,1,0,0,1,0,0,9,4,E01027706,-1,0,0.0,0.0,-1,6,60,1,1,1,14:21,1,3,9
2023351291232,2023,351291232,2,2,1,2,27,6,3,0,0,0,0,0,9,6,E01031468,3,1,0.0,1.0,-1,6,50,2,4,2,20:20,6,2,9
2023131296731,2023,131296731,2,2,1,1,67,10,2,0,0,0,0,0,9,8,E01011086,7,1,1.0,0.0,-1,6,30,5,1,2,15:10,6,2,9
2023131362322,2023,131362322,1,1,1,1,22,5,3,0,0,0,0,0,9,4,E01011039,3,1,0.0,1.0,-1,6,30,8,4,1,22:45,5,2,9
2023010440778,2023,010440778,1,2,3,1,15,3,3,1,2,0,0,0,0,2,E01002217,-1,0,0.0,1.0,-1,6,30,1,4,1,21:15,3,1,3
2023010444576,2023,010444576,1,1,1,1,23,5,3,0,0,0,0,0,3,2,E01001448,-1,0,0.0,1.0,-1,9,20,1,1,1,15:30,2,2,3
2023031373518,2023,031373518,1,1,2,2,21,5,3,0,0,1,0,0,9,-1,-1,3,1,0.0,1.0,-1,6,40,7,6,4,03:06,1,1,9
2023010426195,2023,010426195,1,1,3,1,70,10,2,9,7,0,0,0,0,1,E01004316,-1,0,1.0,0.0,-1,2,30,1,4,1,06:20,5,1,9
2023010448250,2023,010448250,1,1,1,1,39,7,3,0,0,0,0,0,5,-1,-1,-1,0,0.0,1.0,-1,6,30,1,1,1,19:07,7,2,5
2023201373839,2023,201373839,2,1,1,1,54,8,3,0,0,0,0,0,5,7,E01029858,3,1,0.0,1.0,-1,6,30,1,1,1,15:30,3,2,5
2023201422183,2023,201422183,1,1,2,1,18,4,3,0,0,1,0,0,9,4,E01009818,3,1,0.0,1.0,-1,6,30,2,7,2,00:01,6,1,9
2023451331992,2023,451331992,1,1,1,2,90,11,2,0,0,0,0,0,9,10,E01030340,6,1,1.0,0.0,-1,1,30,1,1,1,17:15,6,1,9
2023522301571,2023,522301571,2,1,1,2,66,10,3,0,0,0,0,0,9,3,E01014515,-1,0,0.02964,0.97036,-1,6,30,1,1,1,19:02,4,2,9
2023010477850,2023,010477850,2,1,1,1,36,7,2,0,0,0,0,0,1,2,E01001337,-1,0,1.0,0.0,-1,3,30,1,1,2,08:30,3,2,1
2023131287982,2023,131287982,2,1,1,1,26,6,3,0,0,0,0,0,9,1,E01011355,3,1,0.0,1.0,-1,6,40,1,1,1,16:30,4,2,9
2023351379834,2023,351379834,1,1,1,1,21,5,3,0,0,0,0,0,9,3,E01018066,3,1,0.0,1.0,-1,6,60,1,1,1,12:59,2,1,9
2023430060200,2023,430060200,1,4,2,1,18,4,3,0,0,2,0,0,9,4,E01016705,-1,0,0.0929,0.9071,-1,6,60,1,6,2,22:25,4,1,9
2023430538894,2023,430538894,1,1,1,1,43,7,3,0,0,0,0,0,9,5,E01016488,-1,0,0.01668,0.98332,-1,6,30,1,1,1,11:05,5,2,9
2023161302356,2023,161302356,2,2,1,1,50,8,3,0,0,0,0,0,10,7,E01027766,3,1,0.0,1.0,-1,6,60,1,1,1,19:00,6,2,10
2023631313415,2023,631313415,2,1,1,1,46,8,3,0,0,0,0,0,-1,1,W01000734,3,1,0.0,1.0,-1,6,30,1,1,1,13:30,3,2,-1
2023010430212,2023,010430212,2,1,1,2,47,8,2,0,0,0,0,0,1,1,E01003075,-1,0,1.0,0.0,-1,6,20,1,4,1,18:25,4,2,1
2023440236444,2023,440236444,1,1,1,1,25,5,2,0,0,0,0,0,5,-1,-1,-1,0,1.0,0.0,-1,6,30,1,1,1,19:25,4,2,5
2023411383299,2023,411383299,1,1,3,2,77,11,2,6,8,0,0,0,0,10,E01023523,7,1,1.0,0.0,-1,6,30,1,1,1,13:00,2,1,9
2023201277845,2023,201277845,1,1,1,2,32,6,3,0,0,0,0,0,9,5,E01009248,3,1,0.0,1.0,-1,3,30,1,4,1,06:37,7,2,9
2023211370703,2023,211370703,1,1,2,2,86,11,3,0,0,2,0,0,9,8,E01029769,3,1,0.0,1.0,-1,6,20,1,1,1,14:15,2,1,9
2023991364882,2023,991364882,1,1,1,1,56,9,1,0,0,0,0,0,19,5,-1,1,1,0.0,0.0,-1,6,50,5,1,2,17:03,5,1,19
2023451361673,2023,451361673,1,1,3,2,11,3,3,7,1,0,0,0,0,5,E01030983,3,1,0.0,1.0,-1,6,30,2,1,2,15:35,2,1,9
2023010453636,2023,010453636,1,1,1,1,28,6,3,0,0,0,0,0,1,7,E01003789,-1,0,0.0,1.0,-1,6,20,1,1,1,19:10,5,2,1
2023141311055,2023,141311055,1,1,3,1,62,9,3,5,9,0,0,0,0,2,E01007340,3,1,0.0,1.0,-1,6,30,1,1,1,10:03,4,1,19
2023061279268,2023,061279268,1,1,1,1,29,6,2,0,0,0,0,0,3,-1,-1,5,1,1.0,0.0,-1,6,30,1,1,1,16:09,2,2,3
2023430268409,2023,430268409,1,1,2,2,33,6,3,0,0,2,0,0,8,7,E01017593,-1,0,0.01402,0.98598,-1,6,30,1,4,1,00:05,1,1,8
2023010469897,2023,010469897,1,1,1,2,39,7,3,0,0,0,0,0,9,4,E01001261,-1,0,0.0,1.0,-1,1,20,1,1,1,11:00,6,2,9
2023041307846,2023,041307846,2,1,1,2,56,9,3,0,0,0,0,0,9,3,E01024904,3,1,0.0,1.0,-1,6,30,1,1,1,06:00,3,2,9
2023061322697,2023,061322697,2,2,1,2,24,5,3,0,0,0,0,0,9,1,E01010607,3,1,0.0,1.0,-1,6,30,1,1,1,18:13,3,2,9
2023221402932,2023,221402932,2,3,1,2,34,6,3,0,0,0,0,0,9,10,E01028972,3,1,0.0,1.0,-1,6,30,1,4,1,19:00,5,2,9
2023610043323,2023,610043323,1,1,1,2,20,4,3,0,0,1,0,0,9,1,W01001666,-1,0,0.11034,0.88966,-1,6,20,2,4,2,20:33,7,2,9
2023010424241,2023,010424241,1,1,3,2,19,4,3,5,1,0,0,0,0,8,E01002109,-1,0,0.0,1.0,-1,9,20,1,1,1,12:00,1,1,9
2023531356987,2023,531356987,1,1,3,1,89,11,3,5,3,0,0,0,0,10,E01022113,3,1,0.0,1.0,-1,6,30,1,1,2,16:08,3,1,9
2023122300369,2023,122300369,2,1,1,1,45,7,3,0,0,0,0,0,1,7,E01013401,-1,0,0.08509,0.91491,-1,6,30,1,1,2,00:01,1,2,1
2023311358437,2023,311358437,2,1,1,2,35,6,3,0,0,0,0,0,9,5,E01028243,3,1,0.0,1.0,-1,6,40,1,1,1,07:24,2,2,9
2023041258856,2023,041258856,1,3,2,1,28,6,3,0,0,2,0,0,9,1,E01012679,3,1,0.0,1.0,-1,6,30,2,4,2,20:20,1,1,9
2023010441295,2023,010441295,1,1,1,1,28,6,3,0,0,0,0,0,1,3,E01004540,-1,0,0.0,1.0,-1,3,20,1,1,1,14:45,5,3,1
2023221367906,2023,221367906,2,1,1,1,12,3,2,0,0,0,0,0,1,1,E01028957,7,1,1.0,0.0,-1,6,30,1,1,1,09:30,6,2,1
2023221374466,2023,221374466,2,1,1,2,49,8,3,0,0,0,0,0,9,6,E01014173,3,1,0.0,1.0,-1,3,40,1,4,1,18:10,2,2,9
2023421314374,2023,421314374,1,1,1,1,17,4,3,0,0,0,0,0,9,6,E01021930,3,1,0.0,1.0,-1,6,50,1,6,1,00:20,7,1,9
2023440493956,2023,440493956,2,3,2,2,61,9,3,0,0,0,0,0,19,10,E01017883,-1,0,0.05021,0.94979,-1,6,60,1,1,2,15:14,1,3,19
2023401276156,2023,401276156,2,1,3,2,36,7,3,9,5,0,0,0,0,4,E01015776,3,1,0.0,1.0,-1,1,30,1,1,1,15:00,2,2,8
2023430437186,2023,430437186,1,1,3,1,73,10,3,5,1,0,0,0,0,-1,-1,-1,0,0.13966,0.86034,-1,6,30,1,1,1,15:05,5,1,8
2023010473995,2023,010473995,2,1,1,1,20,4,3,0,0,0,0,0,3,5,E01000299,-1,0,0.0,1.0,-1,6,20,8,1,1,17:10,4,2,3
2023010433785,2023,010433785,2,3,1,1,39,7,2,0,0,0,0,0,9,-1,-1,-1,0,1.0,0.0,-1,3,40,8,4,2,23:50,2,2,9
2023320317254,2023,320317254,2,1,1,2,31,6,3,0,0,0,0,0,9,5,E01026224,-1,0,0.05649,0.94351,-1,6,60,1,1,1,17:35,4,2,9
2023340NN3322,2023,340NN3322,2,1,1,1,44,7,3,0,0,0,0,0,9,5,E01027073,-1,0,0.03253,0.96747,-1,1,40,1,1,1,10:24,3,2,9
2023440128104,2023,440128104,2,1,1,2,36,7,2,0,0,0,0,0,9,8,E01023016,-1,0,1.0,0.0,-1,6,30,5,1,2,16:10,6,3,9
2023440325757,2023,440325757,1,1,1,2,34,6,3,0,0,0,0,0,9,2,E01015312,-1,0,0.0094,0.9906,-1,3,70,1,1,1,17:36,6,2,9
2023461383841,2023,461383841,1,1,1,1,79,11,3,0,0,0,0,0,9,10,E01024326,3,1,0.0,1.0,-1,6,30,1,1,1,13:44,2,4,9
2023501365574,2023,501365574,1,1,1,1,19,4,3,0,0,0,0,0,9,4,E01018760,3,1,0.0,1.0,-1,6,60,1,1,1,08:22,7,1,9
2023401320353,2023,401320353,2,1,1,2,46,8,3,0,0,0,0,0,1,3,E01015752,3,1,0.0,1.0,-1,9,30,1,1,-1,08:50,5,2,1
2023430398930,2023,430398930,2,1,1,1,52,8,3,0,0,0,0,0,1,6,E01032959,-1,0,0.19193,0.80807,-1,6,30,1,4,1,05:49,4,2,1
2023351307574,2023,351307574,1,1,2,1,20,4,3,0,0,1,0,0,9,7,E01015817,3,1,0.0,1.0,-1,7,70,2,6,2,00:53,6,1,9
2023461343745,2023,461343745,1,1,1,2,60,9,2,0,0,0,0,0,9,10,E01024644,5,1,1.0,0.0,-1,6,40,1,1,1,13:00,5,1,9
2023010464502,2023,010464502,1,1,1,2,50,8,3,0,0,0,0,0,9,4,E01001736,-1,0,0.0,1.0,-1,3,30,1,4,1,20:45,4,2,9
2023430243080,2023,430243080,1,2,1,2,26,6,3,0,0,0,0,0,9,4,E01016484,-1,0,0.01587,0.98413,-1,6,30,1,4,1,00:20,7,2,9
2023991393057,2023,991393057,2,3,2,1,78,11,3,0,0,1,0,0,9,9,-1,3,1,0.0,1.0,-1,3,30,1,4,2,17:10,5,2,9
2023010435817,2023,010435817,1,1,3,2,56,9,3,1,1,0,0,0,0,7,E01011890,-1,0,0.0,1.0,-1,2,30,1,1,1,11:05,2,1,1
2023010474085,2023,010474085,1,1,1,-1,-1,-1,3,0,0,0,0,0,1,-1,-1,-1,0,0.0,1.0,-1,6,30,9,1,1,16:30,6,2,1