collision_index,collision_year,collision_ref_no,vehicle_reference,casualty_reference,casualty_class,sex_of_casualty,age_of_casualty,age_band_of_casualty,casualty_severity,pedestrian_location,pedestrian_movement,car_passenger,bus_or_coach_passenger,pedestrian_road_maintenance_worker,casualty_type,casualty_imd_decile,lsoa_of_casualty,enhanced_casualty_severity,casualty_injury_based,casualty_adjusted_severity_serious,casualty_adjusted_severity_slight,casualty_distance_banding,road_type,speed_limit,weather_conditions,light_conditions,road_surface_conditions,time,day_of_week,number_of_vehicles,vehicle_type
2023010452702,2023,010452702,1,1,3,2,25,5,2,5,2,0,0,0,0,4,E01004232,-1,0,1.0,0.0,-1,3,20,1,4,1,22:55,7,1,9
2023161329913,2023,161329913,1,1,3,1,10,2,2,8,4,0,0,2,0,1,E01013221,7,1,1.0,0.0,-1,6,30,4,1,1,11:40,1,1,9
2023131342275,2023,131342275,2,1,1,1,54,8,2,0,0,0,0,0,1,6,E01011651,7,1,1.0,0.0,-1,3,30,1,1,2,07:45,2,2,1
2023320345963,2023,320345963,2,1,1,1,10,2,3,0,0,0,0,0,1,7,E01026014,-1,0,0.08501,0.91499,-1,6,30,1,1,1,08:00,1,2,1
2023332300880,2023,332300880,2,1,1,1,10,2,3,0,0,0,0,0,1,-1,-1,-1,0,0.01418,0.98582,-1,6,30,1,1,1,15:08,4,2,1
2023201410722,2023,201410722,1,1,1,2,29,6,3,0,0,0,0,0,9,3,E01010085,3,1,0.0,1.0,-1,6,30,1,4,1,22:20,5,3,9
2023461377936,2023,461377936,3,3,2,2,12,3,3,0,0,2,0,0,9,8,E01024730,3,1,0.0,1.0,-1,6,20,1,1,2,16:04,6,3,9
2023070301307,2023,070301307,1,2,2,1,18,4,2,0,0,2,0,0,9,5,E01028893,-1,0,1.0,0.0,-1,6,60,1,1,1,18:25,1,1,9
2023201315735,2023,201315735,1,2,2,2,41,7,3,0,0,1,0,0,9,2,E01009674,3,1,0.0,1.0,-1,6,30,1,1,1,15:48,5,3,9
2023451319661,2023,451319661,1,1,1,1,45,7,3,0,0,0,0,0,9,8,E01030782,3,1,0.0,1.0,-1,3,60,1,1,1,08:10,4,2,9
2023121369859,2023,121369859,1,1,1,1,59,9,3,0,0,0,0,0,21,6,W01001906,3,1,0.0,1.0,-1,3,70,2,1,2,12:50,5,1,21
2023440039845,2023,440039845,2,1,1,2,65,9,3,0,0,0,0,0,9,-1,-1,-1,0,0.02564,0.97436,-1,6,30,1,1,1,10:36,2,3,9
2023471299189,2023,471299189,2,2,2,2,27,6,3,0,0,1,0,0,9,5,E01031401,3,1,0.0,1.0,-1,6,60,1,1,1,18:20,4,2,9
2023010462733,2023,010462733,1,1,1,2,24,5,3,0,0,0,0,0,9,5,E01002363,-1,0,0.0,1.0,-1,6,30,1,4,1,23:45,1,2,9
2023201409349,2023,201409349,1,1,1,1,53,8,3,0,0,0,0,0,9,1,E01009957,3,1,0.0,1.0,-1,6,30,1,4,2,23:56,6,2,9
2023170L10873,2023,170L10873,1,1,1,1,31,6,3,0,0,0,0,0,9,2,E01012276,-1,0,0.04082,0.95918,-1,6,60,1,1,1,10:12,4,2,9
2023430324684,2023,430324684,3,1,1,2,19,4,2,0,0,0,0,0,9,6,E01016310,-1,0,1.0,0.0,-1,6,60,1,1,1,17:28,6,6,9
2023501269397,2023,501269397,1,1,1,1,19,4,3,0,0,0,0,0,9,7,E01020249,3,1,0.0,1.0,-1,6,60,1,1,1,16:25,7,1,9
2023991389668,2023,991389668,2,1,1,1,70,10,3,0,0,0,0,0,9,3,-1,3,1,0.0,1.0,-1,3,30,2,4,2,07:48,2,2,9
2023070352515,2023,070352515,1,1,1,1,19,4,3,0,0,0,0,0,9,10,E01018414,-1,0,0.03132,0.96868,-1,6,60,8,1,1,17:24,4,2,9
2023122300060,2023,122300060,2,2,2,2,16,4,3,0,0,1,0,0,9,8,E01027750,-1,0,0.00655,0.99345,-1,6,60,2,6,2,08:20,5,3,9
2023131348545,2023,131348545,1,1,1,2,52,8,3,0,0,0,0,0,9,5,E01011215,3,1,0.0,1.0,-1,6,30,1,1,1,15:00,7,2,9
2023520000770,2023,520000770,2,2,1,2,35,6,3,0,0,0,0,0,9,-1,-1,-1,0,0.01927,0.98073,-1,6,30,1,1,1,17:47,3,2,9
2023052300835,2023,052300835,1,1,1,1,46,8,3,0,0,0,0,0,9,4,E01006570,-1,0,0.09635,0.90365,-1,3,30,1,1,1,19:37,4,1,9
2023201413930,2023,201413930,2,1,1,2,40,7,3,0,0,0,0,0,9,4,E01008997,3,1,0.0,1.0,-1,6,30,1,1,1,09:25,2,2,9
2023010457009,2023,010457009,1,1,2,2,0,1,3,0,0,0,9,0,11,5,E01001074,-1,0,0.0,1.0,-1,9,30,9,1,9,08:06,4,1,11
2023332301045,2023,332301045,1,2,2,2,24,5,3,0,0,0,0,0,19,9,E01025998,-1,0,0.0061,0.9939,-1,1,30,1,1,1,10:55,4,2,19
2023201430982,2023,201430982,2,1,1,2,28,6,3,0,0,0,0,0,9,7,E01010544,3,1,0.0,1.0,-1,3,30,1,1,1,07:45,5,2,9
2023451384323,2023,451384323,1,1,2,2,30,6,3,0,0,1,0,0,9,5,E01030609,3,1,0.0,1.0,-1,3,70,1,1,1,10:40,6,3,9
2023010446913,2023,010446913,1,1,1,1,66,10,3,0,0,0,0,0,9,9,E01000716,-1,0,0.0,1.0,-1,3,30,1,1,1,11:55,1,3,9
2023544858023,2023,544858023,1,2,2,1,14,3,3,0,0,1,0,0,9,8,E01032095,-1,0,0.01908,0.98092,-1,6,60,2,1,2,16:44,3,2,9
2023371391743,2023,371391743,2,4,2,2,20,4,3,0,0,2,0,0,9,3,E01030010,3,1,0.0,1.0,-1,6,60,4,6,1,15:58,6,2,9
2023430196212,2023,430196212,1,1,1,2,54,8,3,0,0,0,0,0,9,7,E01028800,-1,0,0.06477,0.93523,-1,6,60,1,1,1,16:17,6,2,9
2023991305034,2023,991305034,1,2,2,1,28,6,3,0,0,1,0,0,9,5,-1,3,1,0.0,1.0,-1,6,60,2,1,2,07:45,2,1,9
2023010459884,2023,010459884,1,1,3,1,25,5,2,9,7,0,0,0,0,3,E01003588,-1,0,1.0,0.0,-1,6,20,1,1,1,09:00,5,1,19
2023010473191,2023,010473191,3,1,1,1,26,6,3,0,0,0,0,0,3,1,E01002081,-1,0,0.0,1.0,-1,1,30,1,4,1,23:46,6,3,3
2023546918623,2023,546918623,1,1,1,1,28,6,2,0,0,0,0,0,5,2,E01023973,-1,0,1.0,0.0,-1,6,60,1,1,1,18:19,1,2,5
2023451387459,2023,451387459,1,1,3,2,56,9,3,10,3,0,0,0,0,4,E01003452,3,1,0.0,1.0,-1,6,20,1,4,1,20:15,2,2,3
2023061387062,2023,061387062,2,1,1,2,56,9,3,0,0,0,0,0,1,4,E01005084,3,1,0.0,1.0,-1,6,30,1,4,2,19:50,2,2,1
2023451361240,2023,451361240,2,2,1,2,21,5,2,0,0,0,0,0,9,10,E01030436,6,1,1.0,0.0,-1,6,40,1,1,1,15:34,2,3,9
2023501363213,2023,501363213,1,1,1,1,64,9,3,0,0,0,0,0,9,10,E01028622,3,1,0.0,1.0,-1,6,60,1,1,2,14:24,6,2,9
2023520000503,2023,520000503,2,1,1,2,31,6,3,0,0,0,0,0,9,4,E01014450,-1,0,0.00633,0.99367,-1,6,20,1,1,1,07:44,5,2,9
2023231291917,2023,231291917,2,1,1,1,48,8,3,0,0,0,0,0,11,10,E01031158,3,1,0.0,1.0,-1,1,30,1,1,1,14:42,3,2,11
2023531318791,2023,531318791,1,1,3,2,75,10,2,5,4,0,0,0,0,6,E01022126,7,1,1.0,0.0,-1,6,30,1,1,1,16:00,3,1,9
2023010466970,2023,010466970,1,1,1,1,30,6,2,0,0,0,0,0,1,8,E01002868,-1,0,1.0,0.0,-1,6,20,1,4,1,01:30,7,2,1
2023011380373,2023,011380373,1,1,1,1,23,5,2,0,0,0,0,0,1,-1,-1,5,1,1.0,0.0,-1,6,20,1,1,1,12:51,7,2,1
2023131383164,2023,131383164,2,1,1,1,29,6,3,0,0,0,0,0,2,2,E01011167,3,1,0.0,1.0,-1,6,30,1,4,2,07:00,4,2,2
2023010423735,2023,010423735,1,1,1,1,20,4,3,0,0,0,0,0,3,6,E01000160,-1,0,0.0,1.0,-1,7,30,1,4,1,20:27,5,2,3
2023320055743,2023,320055743,2,2,1,2,21,5,3,0,0,0,0,0,9,8,E01026238,-1,0,0.00955,0.99045,-1,6,30,1,4,2,17:15,6,2,9
2023070753095,2023,070753095,1,1,1,1,57,9,3,0,0,0,0,0,9,3,E01006671,-1,0,0.03576,0.96424,-1,3,40,1,1,1,18:45,2,2,9
2023201316186,2023,201316186,2,1,1,2,35,6,3,0,0,0,0,0,9,3,E01009315,3,1,0.0,1.0,-1,1,30,1,1,1,12:30,3,2,9
2023371357423,2023,371357423,2,1,1,2,29,6,3,0,0,0,0,0,9,4,E01026884,3,1,0.0,1.0,-1,6,60,1,1,1,18:30,5,2,9
2023471319851,2023,471319851,2,1,1,2,21,5,3,0,0,0,0,0,9,5,E01031750,3,1,0.0,1.0,-1,6,60,1,6,1,23:40,6,2,9
2023471335844,2023,471335844,1,1,3,2,71,10,3,6,9,0,0,0,0,8,E01016928,3,1,0.0,1.0,-1,6,20,1,1,1,11:10,7,1,9
2023501400203,2023,501400203,1,1,3,2,18,4,3,5,3,0,0,0,0,4,E01030251,3,1,0.0,1.0,-1,6,30,2,1,2,16:00,2,1,9
2023010465039,2023,010465039,2,1,1,2,-1,-1,3,0,0,0,0,0,1,-1,-1,-1,0,0.0,1.0,-1,6,20,8,4,1,22:32,6,2,1
2023141354406,2023,141354406,2,1,1,1,33,6,3,0,0,0,0,0,9,-1,-1,3,1,0.0,1.0,-1,6,30,2,1,2,12:30,4,2,9
2023501370876,2023,501370876,2,6,2,2,83,11,3,0,0,1,0,0,9,5,E01018957,3,1,0.0,1.0,-1,6,60,2,1,2,12:12,1,7,9
2023622300576,2023,622300576,1,2,2,1,29,6,3,0,0,1,0,0,9,4,W01001168,-1,0,0.11473,0.88527,-1,3,40,1,4,1,03:42,1,1,9
2023991306246,2023,991306246,2,1,1,1,51,8,3,0,0,0,0,0,9,7,-1,3,1,0.0,1.0,-1,6,60,1,1,2,08:10,5,2,9
2023211261662,2023,211261662,1,1,1,2,31,6,3,0,0,0,0,0,9,-1,-1,3,1,0.0,1.0,-1,3,70,1,1,2,12:04,1,1,9
2023371277026,2023,371277026,3,1,2,2,15,3,3,0,0,-1,0,0,9,-1,-1,3,1,0.0,1.0,-1,3,70,8,1,4,08:35,5,3,9
2023411295789,2023,411295789,2,1,2,2,42,7,3,0,0,-1,0,0,9,10,E01023812,3,1,0.0,1.0,-1,3,40,1,1,-1,09:45,5,2,9
2023131365238,2023,131365238,1,1,3,2,13,3,3,8,7,0,0,1,0,1,E01011491,3,1,0.0,1.0,-1,6,40,2,1,2,16:07,6,1,9
2023010455848,2023,010455848,1,1,1,1,37,7,3,0,0,0,0,0,9,5,E01000593,-1,0,0.0,1.0,-1,6,20,1,1,1,09:30,3,2,9
2023010426179,2023,010426179,1,1,2,1,28,6,3,0,0,1,0,0,9,5,E01002261,-1,0,0.0,1.0,-1,6,40,1,4,4,00:15,5,1,9
2023201387065,2023,201387065,1,1,2,1,3,1,3,0,0,2,0,0,9,-1,-1,3,1,0.0,1.0,-1,6,30,1,1,1,07:55,6,2,9
2023411394020,2023,411394020,1,1,1,2,54,8,3,0,0,0,0,0,9,6,E01002475,3,1,0.0,1.0,-1,6,40,2,7,2,07:42,5,2,9
2023421281994,2023,421281994,2,2,2,1,66,10,3,0,0,1,0,0,9,3,E01021328,3,1,0.0,1.0,-1,6,40,1,4,1,18:20,4,2,9
2023631333524,2023,631333524,1,2,2,2,17,4,3,0,0,1,0,0,9,6,E01014006,3,1,0.0,1.0,-1,6,60,1,1,1,09:00,3,3,9
2023311296245,2023,311296245,1,1,1,2,76,11,2,0,0,0,0,0,9,9,E01028360,6,1,1.0,0.0,-1,3,60,1,1,1,10:50,5,2,9
2023311365247,2023,311365247,1,1,1,2,24,5,3,0,0,0,0,0,9,2,E01013905,3,1,0.0,1.0,-1,3,30,2,4,2,20:02,6,2,9
2023461298982,2023,461298982,1,1,2,2,18,4,3,0,0,1,0,0,9,4,E01024142,3,1,0.0,1.0,-1,1,30,2,1,3,10:57,7,1,9
2023552301139,2023,552301139,3,1,1,2,59,9,2,0,0,0,0,0,9,2,E01018316,-1,0,1.0,0.0,-1,6,30,1,1,1,09:38,4,3,9
2023501333775,2023,501333775,2,2,1,1,74,10,3,0,0,0,0,0,20,2,E01019076,3,1,0.0,1.0,-1,6,30,2,1,2,18:51,4,2,20
2023010448731,2023,010448731,2,1,1,1,24,5,2,0,0,0,0,0,5,2,E01004398,-1,0,1.0,0.0,-1,7,20,1,1,1,09:18,3,2,5
2023010437157,2023,010437157,1,1,3,1,28,6,3,6,9,0,0,0,0,4,E01000976,-1,0,0.0,1.0,-1,2,30,1,1,1,03:30,5,1,97
2023131393678,2023,131393678,1,1,3,2,49,8,2,6,8,0,0,2,0,8,E01011047,7,1,1.0,0.0,-1,6,30,1,4,2,20:20,1,1,9
2023052301802,2023,052301802,1,4,2,2,20,4,3,0,0,2,0,0,8,-1,-1,-1,0,0.04869,0.95131,-1,6,30,1,4,1,22:50,6,2,8
2023302300542,2023,302300542,2,1,2,2,10,2,3,0,0,2,0,0,9,2,E01013477,-1,0,0.00804,0.99196,-1,1,40,2,1,2,13:28,4,2,9
2023221392677,2023,221392677,1,1,1,1,15,3,3,0,0,0,0,0,1,2,E01032333,3,1,0.0,1.0,-1,6,30,1,1,2,08:15,6,2,1
2023471327389,2023,471327389,2,1,1,2,60,9,3,0,0,0,0,0,19,2,E01031808,3,1,0.0,1.0,-1,6,60,1,6,1,01:44,1,2,19
2023010476117,2023,010476117,1,1,1,1,27,6,3,0,0,0,0,0,9,1,E01001798,-1,0,0.0,1.0,-1,7,30,5,7,2,07:00,7,2,9
2023031357415,2023,031357415,1,2,2,2,40,7,3,0,0,-1,0,0,9,6,E01019239,3,1,0.0,1.0,-1,6,60,1,1,1,16:11,5,2,9
2023101373462,2023,101373462,1,1,1,1,24,5,2,0,0,0,0,0,9,2,-1,6,1,1.0,0.0,-1,6,60,1,1,1,11:35,6,5,9
2023131283260,2023,131283260,3,1,1,1,27,6,3,0,0,0,0,0,9,5,E01011666,3,1,0.0,1.0,-1,6,40,1,1,1,09:43,1,3,9
2023421288321,2023,421288321,2,2,1,1,32,6,3,0,0,0,0,0,9,3,E01021639,3,1,0.0,1.0,-1,6,40,1,1,1,12:11,1,2,9
2023061296841,2023,061296841,2,1,1,2,49,8,3,0,0,0,0,0,9,9,E01005793,3,1,0.0,1.0,-1,3,50,1,4,1,23:56,6,2,9
2023071121878,2023,071121878,2,1,2,1,10,2,3,0,0,1,0,0,9,-1,-1,-1,0,0.00385,0.99615,-1,6,30,1,1,1,15:15,6,2,9
2023211391251,2023,211391251,1,1,2,1,12,3,3,0,0,2,0,0,9,-1,-1,3,1,0.0,1.0,-1,3,70,5,4,2,06:05,6,1,9
2023552300522,2023,552300522,1,1,1,2,38,7,3,0,0,0,0,0,9,8,E01015394,-1,0,0.02278,0.97722,-1,6,30,1,1,1,10:28,4,2,9
2023010420242,2023,010420242,1,1,1,2,51,8,3,0,0,0,0,0,9,6,E01002544,-1,0,0.0,1.0,-1,6,20,1,4,1,22:45,7,1,9
2023010435482,2023,010435482,2,2,1,1,39,7,3,0,0,0,0,0,9,5,E01015926,-1,0,0.0,1.0,-1,6,20,1,1,1,13:25,1,2,9
2023041326222,2023,041326222,2,1,1,1,61,9,2,0,0,0,0,0,9,9,E01019176,6,1,1.0,0.0,-1,3,70,2,6,2,19:50,1,3,9
2023161347683,2023,161347683,1,1,1,2,27,6,3,0,0,0,0,0,9,-1,-1,3,1,0.0,1.0,-1,1,60,1,1,1,08:08,5,1,9
2023361323980,2023,361323980,1,1,1,1,42,7,3,0,0,0,0,0,9,8,E01018223,3,1,0.0,1.0,-1,6,60,1,1,1,10:31,7,2,9
2023010438903,2023,010438903,1,1,1,1,30,6,3,0,0,0,0,0,9,5,E01004225,-1,0,0.0,1.0,-1,1,20,2,4,2,01:05,1,2,9
2023011276795,2023,011276795,1,1,1,1,60,9,3,0,0,0,0,0,9,5,E01017856,3,1,0.0,1.0,-1,6,50,1,4,1,19:53,4,3,9
2023131309604,2023,131309604,1,2,2,1,18,4,3,0,0,1,0,0,9,2,E01010724,3,1,0.0,1.0,-1,6,30,1,1,1,17:19,7,4,9
2023131389318,2023,131389318,1,1,1,1,21,5,1,0,0,0,0,0,9,8,E01010686,1,1,0.0,0.0,-1,7,70,4,4,1,06:15,1,4,9
2023340WN5262,2023,340WN5262,2,2,1,1,43,7,3,0,0,0,0,0,9,6,E01016813,-1,0,0.03894,0.96106,-1,6,60,1,1,2,08:43,5,3,9
2023421362298,2023,421362298,1,2,2,1,23,5,3,0,0,1,0,0,9,3,E01015956,3,1,0.0,1.0,-1,6,50,1,1,1,18:23,5,2,9
2023520301669,2023,520301669,1,1,1,1,31,6,3,0,0,0,0,0,9,4,E01018840,-1,0,0.05102,0.94898,-1,6,60,1,1,1,10:45,5,2,9
2023991334048,2023,991334048,2,1,1,1,50,8,3,0,0,0,0,0,9,3,-1,3,1,0.0,1.0,-1,6,50,1,1,1,11:42,5,3,9
2023991348010,2023,991348010,1,2,1,1,42,7,2,0,0,0,0,0,9,4,-1,6,1,1.0,0.0,-1,6,40,1,1,1,16:55,7,2,9
2023010467553,2023,010467553,2,1,1,1,37,7,3,0,0,0,0,0,1,3,E01001363,-1,0,0.0,1.0,-1,1,30,1,1,1,07:53,6,2,1
2023201355284,2023,201355284,2,1,1,1,13,3,3,0,0,0,0,0,1,-1,-1,3,1,0.0,1.0,-1,6,30,1,5,1,19:45,1,2,1
2023201382678,2023,201382678,2,1,1,1,56,9,2,0,0,0,0,0,1,3,E01009655,5,1,1.0,0.0,-1,6,30,8,4,4,20:46,7,2,1
2023440403902,2023,440403902,1,1,1,1,60,9,2,0,0,0,0,0,1,4,E01022988,-1,0,1.0,0.0,-1,6,30,1,1,1,15:20,3,2,1
2023010480792,2023,010480792,1,1,3,2,22,5,3,1,1,0,0,0,0,1,E01004244,-1,0,0.0,1.0,-1,6,30,1,4,1,21:15,3,1,9
2023320612297,2023,320612297,1,2,2,1,6,2,1,0,0,2,0,0,9,4,E01026044,-1,0,0.0,0.0,-1,6,50,1,1,2,15:30,2,2,9
2023131352153,2023,131352153,1,1,1,1,69,10,3,0,0,0,0,0,19,6,E01010705,3,1,0.0,1.0,-1,6,30,1,1,1,12:35,4,3,19
2023061338591,2023,061338591,2,2,1,2,74,10,2,0,0,0,0,0,9,1,E01005753,5,1,1.0,0.0,-1,6,30,1,1,2,11:20,7,2,9
2023201373969,2023,201373969,2,1,1,2,29,6,3,0,0,0,0,0,9,1,E01009503,3,1,0.0,1.0,-1,1,30,1,1,1,15:59,6,2,9
2023311386367,2023,311386367,1,1,2,1,18,4,3,0,0,2,0,0,9,7,E01001851,3,1,0.0,1.0,-1,6,60,2,6,2,03:25,2,1,9
2023340WN3352,2023,340WN3352,2,1,1,1,51,8,3,0,0,0,0,0,9,9,E01027148,-1,0,0.12438,0.87562,-1,6,50,1,1,1,17:00,6,3,9
2023461342761,2023,461342761,2,1,1,2,26,6,3,0,0,0,0,0,9,7,E01024812,3,1,0.0,1.0,-1,6,60,1,1,1,09:35,5,2,9
2023520301168,2023,520301168,2,2,2,2,16,4,3,0,0,2,0,0,9,5,E01029108,-1,0,0.04357,0.95643,-1,6,60,1,6,1,21:20,2,2,9
2023010482623,2023,010482623,1,2,3,2,9,2,3,1,1,0,0,0,0,5,E01001149,-1,0,0.0,1.0,-1,6,30,2,4,2,15:48,5,1,2
2023991263764,2023,991263764,1,1,3,2,40,7,3,10,7,0,0,2,0,-1,-1,3,1,0.0,1.0,-1,6,30,9,7,2,08:21,4,1,9
2023010451656,2023,010451656,1,1,1,2,23,5,3,0,0,0,0,0,1,1,E01000521,-1,0,0.0,1.0,-1,6,20,1,1,1,15:12,1,2,1
2023010457755,2023,010457755,2,1,1,1,20,4,3,0,0,0,0,0,1,-1,-1,-1,0,0.0,1.0,-1,3,20,1,1,1,18:26,6,2,1
2023131355611,2023,131355611,2,1,1,1,41,7,3,0,0,0,0,0,1,2,E01011760,3,1,0.0,1.0,-1,3,40,1,1,1,18:26,7,2,1
202354A730923,2023,54A730923,2,1,1,2,40,7,3,0,0,0,0,0,1,5,E01031986,-1,0,0.03153,0.96847,-1,6,20,1,4,1,19:15,6,2,1
2023991359748,2023,991359748,2,1,1,1,52,8,3,0,0,0,0,0,5,-1,-1,3,1,0.0,1.0,-1,3,30,8,1,2,13:00,4,2,5
2023031309569,2023,031309569,2,1,1,1,22,5,3,0,0,0,0,0,9,7,E01019212,3,1,0.0,1.0,-1,6,20,1,1,1,14:00,7,2,9
2023041295934,2023,041295934,1,2,2,2,4,1,3,0,0,2,0,0,9,5,E01025095,3,1,0.0,1.0,-1,6,60,5,6,2,11:15,4,1,9
2023371356134,2023,371356134,2,2,2,1,66,10,3,0,0,0,0,0,90,6,E01029975,3,1,0.0,1.0,-1,3,70,1,1,1,11:31,2,2,90
2023010454956,2023,010454956,1,1,1,1,27,6,3,0,0,0,0,0,3,7,E01001455,-1,0,0.0,1.0,-1,9,20,1,1,1,20:00,3,2,3
2023520300572,2023,520300572,1,1,3,2,64,9,2,5,3,0,0,0,0,7,E01029120,-1,0,1.0,0.0,-1,6,30,1,4,2,18:00,6,1,9
2023340WN1032,2023,340WN1032,2,1,1,1,80,11,3,0,0,0,0,0,9,6,E01027025,-1,0,0.05865,0.94135,-1,6,30,1,1,2,13:00,2,2,9
2023421316569,2023,421316569,2,1,1,1,82,11,3,0,0,0,0,0,22,-1,-1,3,1,0.0,1.0,-1,6,30,1,1,1,16:45,3,2,22
2023010419383,2023,010419383,1,2,2,2,80,11,2,0,0,1,0,0,9,-1,-1,-1,0,1.0,0.0,-1,3,30,1,4,1,18:14,2,1,9
2023332301106,2023,332301106,1,1,1,2,38,7,3,0,0,0,0,0,9,6,E01031017,-1,0,0.04055,0.95945,-1,3,70,2,4,2,20:07,7,1,9
2023471365252,2023,471365252,1,1,1,2,20,4,3,0,0,0,0,0,9,10,E01030941,3,1,0.0,1.0,-1,6,60,1,1,1,08:30,4,1,9
2023010484123,2023,010484123,1,1,3,1,48,8,3,10,9,0,0,0,0,5,E01003713,-1,0,0.0,1.0,-1,6,30,9,1,9,16:30,3,1,9
2023451291505,2023,451291505,1,1,3,2,13,3,3,1,3,0,0,0,0,6,E01030957,3,1,0.0,1.0,-1,6,30,1,1,1,08:48,5,1,9
2023451290543,2023,451290543,1,2,1,2,30,6,3,0,0,0,0,0,9,3,E01030483,3,1,0.0,1.0,-1,3,70,2,6,2,02:15,1,2,9
2023010420572,2023,010420572,1,1,1,1,39,7,3,0,0,0,0,0,19,9,E01000759,-1,0,0.0,1.0,-1,6,30,2,1,2,14:05,3,2,19
2023161358797,2023,161358797,1,1,1,2,46,8,3,0,0,0,0,0,19,7,E01013062,3,1,0.0,1.0,-1,3,70,1,1,2,14:41,2,1,19
2023010440020,2023,010440020,1,1,1,1,34,6,3,0,0,0,0,0,3,4,E01002603,-1,0,0.0,1.0,-1,6,30,1,1,1,09:23,6,2,3
2023010445445,2023,010445445,1,1,1,1,22,5,3,0,0,0,0,0,3,5,E01003413,-1,0,0.0,1.0,-1,3,20,8,1,1,12:10,7,2,3
2023351300687,2023,351300687,1,2,3,2,31,6,1,8,9,0,0,0,0,4,E01029950,1,1,0.0,0.0,-1,3,70,1,6,1,22:39,7,1,9
2023430499692,2023,430499692,1,1,3,1,68,10,3,1,3,0,0,0,0,4,E01016391,-1,0,0.20335,0.79665,-1,6,30,1,4,1,17:44,2,1,9
2023991368979,2023,991368979,2,1,1,1,32,6,3,0,0,0,0,0,8,1,-1,3,1,0.0,1.0,-1,6,30,1,4,1,19:55,2,2,8
2023141360743,2023,141360743,1,1,1,2,-1,-1,2,0,0,0,0,0,1,9,E01007428,6,1,1.0,0.0,-1,6,60,1,1,1,10:30,1,2,1
2023010451281,2023,010451281,2,1,1,1,21,5,2,0,0,0,0,0,3,2,E01001014,-1,0,1.0,0.0,-1,6,20,1,4,1,23:40,7,2,3
2023622300736,2023,622300736,2,2,1,1,35,6,3,0,0,0,0,0,9,5,W01001829,-1,0,0.02269,0.97731,-1,6,20,1,1,1,15:09,6,2,9
202354C025723,2023,54C025723,1,10,2,1,15,3,3,0,0,0,0,0,10,3,E01031856,-1,0,0.03746,0.96254,-1,6,60,1,6,1,17:32,2,2,10
2023451281919,2023,451281919,1,1,3,2,35,6,3,5,9,0,0,0,0,10,E01030931,3,1,0.0,1.0,-1,6,30,1,1,1,16:45,5,1,9
2023010453453,2023,010453453,2,1,1,2,60,9,3,0,0,0,0,0,9,-1,-1,-1,0,0.0,1.0,-1,6,30,1,4,1,00:40,5,2,9
2023320273888,2023,320273888,2,3,1,1,74,10,3,0,0,0,0,0,9,8,E01026561,-1,0,0.11979,0.88021,-1,6,60,1,1,1,10:56,7,2,9
2023351268517,2023,351268517,2,1,1,2,49,8,3,0,0,0,0,0,9,6,E01015644,3,1,0.0,1.0,-1,6,30,1,7,1,18:00,4,2,9
2023320761197,2023,320761197,1,1,1,1,53,8,3,0,0,0,0,0,21,5,E01026367,-1,0,0.16088,0.83912,-1,6,60,1,1,2,15:00,2,1,21
2023320338942,2023,320338942,2,2,1,1,61,9,3,0,0,0,0,0,9,2,E01026084,-1,0,0.03828,0.96172,-1,6,60,1,1,1,11:20,7,2,9
2023461314232,2023,461314232,1,2,2,2,26,6,2,0,0,1,0,0,9,1,E01024667,6,1,1.0,0.0,-1,6,30,1,1,1,13:03,1,2,9
2023411373036,2023,411373036,1,1,3,1,23,5,3,10,1,0,0,0,0,5,E01023867,3,1,0.0,1.0,-1,6,30,1,1,1,14:47,6,1,9
2023052301309,2023,052301309,2,1,1,2,31,6,3,0,0,0,0,0,9,-1,-1,-1,0,0.00763,0.99237,-1,3,70,1,1,1,08:55,2,2,9
2023131302448,2023,131302448,1,3,2,1,12,3,3,0,0,2,0,0,9,2,E01033689,3,1,0.0,1.0,-1,3,60,1,1,1,12:59,1,2,9
2023401395941,2023,401395941,2,1,1,2,23,5,3,0,0,0,0,0,9,10,E01017572,3,1,0.0,1.0,-1,6,40,1,1,2,14:35,1,2,9
2023501386922,2023,501386922,1,1,1,2,71,10,3,0,0,0,0,0,9,6,E01019893,3,1,0.0,1.0,-1,6,60,2,1,2,15:06,2,1,9
2023351318131,2023,351318131,2,2,1,2,33,6,3,0,0,0,0,0,19,2,E01018075,3,1,0.0,1.0,-1,6,30,1,1,-1,07:32,5,2,19
2023340WN5322,2023,340WN5322,2,1,1,1,26,6,3,0,0,0,0,0,1,8,E01026990,-1,0,0.04975,0.95025,-1,6,50,1,1,2,07:00,2,2,1
2023041353780,2023,041353780,2,2,1,1,44,7,3,0,0,0,0,0,9,2,E01025185,3,1,0.0,1.0,-1,6,40,1,1,1,12:45,4,2,9
2023552300537,2023,552300537,3,2,2,1,2,1,3,0,0,1,0,0,9,6,E01023023,-1,0,0.0568,0.9432,-1,6,60,1,1,2,10:11,5,3,9
2023610003923,2023,610003923,2,2,1,1,36,7,3,0,0,0,0,0,9,1,W01001364,-1,0,0.04774,0.95226,-1,3,30,1,1,2,13:26,1,2,9
2023052302695,2023,052302695,1,1,3,2,12,3,3,5,4,0,0,0,0,8,E01006532,-1,0,0.1606,0.8394,-1,6,30,1,1,1,15:40,6,1,9