collision_index,collision_year,collision_ref_no,vehicle_reference,casualty_reference,casualty_class,sex_of_casualty,age_of_casualty,age_band_of_casualty,casualty_severity,pedestrian_location,pedestrian_movement,car_passenger,bus_or_coach_passenger,pedestrian_road_maintenance_worker,casualty_type,casualty_imd_decile,lsoa_of_casualty,enhanced_casualty_severity,casualty_injury_based,casualty_adjusted_severity_serious,casualty_adjusted_severity_slight,casualty_distance_banding,road_type,speed_limit,weather_conditions,light_conditions,road_surface_conditions,time,day_of_week,number_of_vehicles,vehicle_type
2023010449920,2023,010449920,1,1,1,1,37,7,3,0,0,0,0,0,9,10,E01021452,-1,0,0.0,1.0,-1,6,20,2,1,2,18:13,1,2,9
2023430550027,2023,430550027,1,1,1,1,46,8,3,0,0,0,0,0,9,9,E01017714,-1,0,0.01564,0.98436,-1,1,30,1,4,2,05:45,5,2,9
2023010478961,2023,010478961,1,1,1,1,23,5,3,0,0,0,0,0,1,10,E01004478,-1,0,0.0,1.0,-1,6,20,2,4,2,17:20,6,2,1
2023311327781,2023,311327781,1,1,1,1,22,5,3,0,0,0,0,0,1,-1,-1,3,1,0.0,1.0,-1,6,30,1,1,1,13:00,3,2,1
2023061378226,2023,061378226,2,1,1,2,66,10,3,0,0,0,0,0,9,3,E01006220,3,1,0.0,1.0,-1,6,30,2,4,2,15:30,5,2,9
2023332300949,2023,332300949,1,1,2,1,15,3,3,0,0,1,0,0,9,5,E01013627,-1,0,0.00368,0.99632,-1,6,30,1,4,2,21:37,2,2,9
2023101308424,2023,101308424,1,1,3,2,76,11,3,1,1,0,0,0,0,1,E01027424,3,1,0.0,1.0,-1,6,30,1,1,2,14:55,6,1,9
2023340WN0332,2023,340WN0332,1,1,3,1,27,6,2,8,3,0,0,0,0,9,E01027208,-1,0,1.0,0.0,-1,6,30,8,4,4,06:20,6,1,9
2023411363731,2023,411363731,2,1,1,1,63,9,2,0,0,0,0,0,1,7,E01023719,7,1,1.0,0.0,-1,6,30,1,7,1,19:00,1,2,1
2023401307973,2023,401307973,2,1,1,1,50,8,3,0,0,0,0,0,8,3,E01016746,3,1,0.0,1.0,-1,3,50,2,4,2,00:45,3,2,8
2023421304887,2023,421304887,1,2,1,2,21,5,3,0,0,0,0,0,9,1,E01021576,3,1,0.0,1.0,-1,6,60,1,1,1,15:46,1,1,9
202360A049273,2023,60A049273,2,1,1,1,53,8,2,0,0,0,0,0,19,-1,-1,-1,0,1.0,0.0,-1,6,50,1,1,1,17:28,4,3,19
2023440445156,2023,440445156,2,1,1,1,83,11,3,0,0,0,0,0,9,7,E01023034,-1,0,0.12976,0.87024,-1,6,40,1,1,2,12:20,3,2,9
2023131312014,2023,131312014,2,1,1,1,26,6,3,0,0,0,0,0,9,1,E01011863,3,1,0.0,1.0,-1,6,40,1,1,1,18:30,6,2,9
2023531295577,2023,531295577,1,2,2,1,50,8,3,0,0,1,0,0,9,2,E01027241,3,1,0.0,1.0,-1,6,60,5,1,2,19:25,3,3,9
2023401291400,2023,401291400,2,1,2,1,1,1,3,0,0,2,0,0,9,8,E01026258,3,1,0.0,1.0,-1,3,70,2,1,2,09:30,6,2,9
2023991280365,2023,991280365,1,1,2,2,70,10,3,0,0,0,4,0,11,8,-1,3,1,0.0,1.0,-1,6,40,1,1,1,15:42,2,2,11
2023010446421,2023,010446421,1,1,1,2,26,6,3,0,0,0,0,0,9,5,E01030725,-1,0,0.0,1.0,-1,1,30,8,1,1,19:20,5,2,9
2023052302030,2023,052302030,2,1,1,2,60,9,3,0,0,0,0,0,9,9,E01012392,-1,0,0.00928,0.99072,-1,6,30,1,1,1,17:45,1,2,9
2023122301316,2023,122301316,1,1,1,1,25,5,3,0,0,0,0,0,9,1,E01026598,-1,0,0.06553,0.93447,-1,3,70,1,6,1,01:57,2,1,9
2023201419519,2023,201419519,1,1,1,1,39,7,3,0,0,0,0,0,9,5,E01009716,3,1,0.0,1.0,-1,3,50,1,1,2,11:20,1,2,9
2023351318125,2023,351318125,2,1,1,2,45,7,3,0,0,0,0,0,9,9,E01018202,3,1,0.0,1.0,-1,3,70,1,1,1,07:00,5,2,9
2023421293323,2023,421293323,2,4,2,2,34,6,3,0,0,1,0,0,9,7,E01002366,3,1,0.0,1.0,-1,3,70,1,1,1,15:18,2,2,9
2023421334601,2023,421334601,2,2,2,2,21,5,3,0,0,1,0,0,9,-1,-1,3,1,0.0,1.0,-1,1,30,1,1,1,09:31,7,2,9
2023531260842,2023,531260842,1,5,2,1,12,3,3,0,0,2,0,0,9,6,E01023250,3,1,0.0,1.0,-1,6,60,1,1,2,12:30,1,2,9
2023052301389,2023,052301389,2,1,2,2,29,6,3,0,0,2,0,0,9,2,E01012388,-1,0,0.03968,0.96032,-1,1,70,1,1,1,10:45,1,3,9
2023170M10753,2023,170M10753,2,3,2,1,24,5,3,0,0,1,0,0,9,1,E01012027,-1,0,0.01386,0.98614,-1,6,30,1,1,1,16:37,6,2,9
2023122300758,2023,122300758,1,1,3,2,58,9,3,5,1,0,0,0,0,10,E01027623,-1,0,0.07297,0.92703,-1,6,30,1,1,1,10:50,4,1,9
2023440145660,2023,440145660,1,1,3,1,43,7,3,6,9,0,0,0,0,4,E01023144,-1,0,0.07747,0.92253,-1,6,30,1,1,1,16:00,6,1,20
2023131368267,2023,131368267,2,1,1,1,17,4,2,0,0,0,0,0,1,3,E01011014,7,1,1.0,0.0,-1,6,30,2,4,2,18:35,1,2,1
2023501372663,2023,501372663,2,2,1,1,34,6,3,0,0,0,0,0,8,3,E01015161,3,1,0.0,1.0,-1,3,40,2,1,2,11:35,7,2,8
2023010421294,2023,010421294,1,2,2,2,22,5,3,0,0,2,0,0,9,5,E01000285,-1,0,0.0,1.0,-1,6,20,1,4,2,23:25,6,3,9
2023461286134,2023,461286134,1,1,2,2,75,10,3,0,0,1,0,0,9,10,E01024817,3,1,0.0,1.0,-1,6,30,1,1,1,16:35,5,2,9
2023461315199,2023,461315199,1,1,1,1,42,7,3,0,0,0,0,0,9,5,E01000443,3,1,0.0,1.0,-1,3,50,1,6,1,21:54,3,1,9
2023041304507,2023,041304507,1,1,3,2,13,3,3,5,3,0,0,0,0,10,E01025341,3,1,0.0,1.0,-1,6,30,1,1,1,13:20,7,1,9
2023991391441,2023,991391441,1,1,3,1,14,3,3,5,4,0,0,0,0,9,-1,3,1,0.0,1.0,-1,6,30,2,4,2,16:05,4,1,9
2023411288655,2023,411288655,2,1,1,1,28,6,3,0,0,0,0,0,1,4,E01023530,3,1,0.0,1.0,-1,6,30,1,1,1,07:20,3,2,1
2023991310237,2023,991310237,2,1,1,1,28,6,3,0,0,0,0,0,8,1,-1,3,1,0.0,1.0,-1,3,40,8,1,1,17:40,6,2,8
2023101335889,2023,101335889,2,1,1,1,38,7,3,0,0,0,0,0,9,9,E01019191,3,1,0.0,1.0,-1,6,30,2,1,2,12:21,2,2,9
2023471287131,2023,471287131,2,1,1,2,27,6,3,0,0,0,0,0,9,9,E01031769,3,1,0.0,1.0,-1,3,30,1,1,1,13:16,1,2,9
2023552300839,2023,552300839,2,1,1,2,21,5,3,0,0,0,0,0,9,9,E01015463,-1,0,0.01007,0.98993,-1,6,30,1,1,1,18:30,7,2,9
2023471339984,2023,471339984,2,1,1,1,21,5,2,0,0,0,0,0,3,2,E01020911,7,1,1.0,0.0,-1,6,60,1,1,1,10:10,4,2,3
2023340WN5262,2023,340WN5262,1,4,2,2,81,11,3,0,0,2,0,0,9,-1,-1,-1,0,0.2106,0.7894,-1,6,60,1,1,2,08:43,5,3,9
2023430353727,2023,430353727,2,1,1,1,27,6,2,0,0,0,0,0,9,5,E01016807,-1,0,1.0,0.0,-1,3,70,1,7,1,22:02,1,2,9
2023201300616,2023,201300616,1,1,1,2,50,8,3,0,0,0,0,0,9,2,E01010474,3,1,0.0,1.0,-1,6,30,1,1,1,16:40,5,2,9
2023361328785,2023,361328785,2,1,1,2,61,9,3,0,0,0,0,0,9,2,E01026680,3,1,0.0,1.0,-1,6,40,1,1,1,15:35,4,2,9
2023421345801,2023,421345801,1,1,2,2,67,10,3,0,0,1,0,0,9,9,E01021947,3,1,0.0,1.0,-1,6,30,1,1,1,09:15,7,2,9
2023430519098,2023,430519098,2,1,1,2,50,8,3,0,0,0,0,0,9,10,E01028669,-1,0,0.02608,0.97392,-1,6,50,2,1,2,12:48,7,2,9
2023440084903,2023,440084903,1,1,1,1,67,10,3,0,0,0,0,0,19,8,E01022984,-1,0,0.10173,0.89827,-1,6,40,1,1,2,08:02,5,3,19
2023131393689,2023,131393689,2,1,1,1,71,10,3,0,0,0,0,0,9,3,E01011488,3,1,0.0,1.0,-1,6,30,1,4,2,17:30,1,2,9
2023311355327,2023,311355327,1,1,1,1,19,4,3,0,0,0,0,0,9,7,E01033394,3,1,0.0,1.0,-1,6,30,1,6,2,22:30,5,1,9
2023461303627,2023,461303627,1,1,1,1,54,8,3,0,0,0,0,0,9,5,E01024494,3,1,0.0,1.0,-1,6,30,2,1,2,17:09,2,2,9
2023471392153,2023,471392153,3,2,1,1,30,6,3,0,0,0,0,0,9,9,E01021190,3,1,0.0,1.0,-1,6,30,2,6,2,18:25,1,3,9
2023531330035,2023,531330035,1,3,1,1,24,5,2,0,0,0,0,0,9,5,E01022228,5,1,1.0,0.0,-1,6,60,1,1,1,14:58,1,2,9
2023552301487,2023,552301487,1,1,1,2,88,11,3,0,0,0,0,0,9,9,E01020524,-1,0,0.09366,0.90634,-1,6,30,1,1,2,11:44,3,2,9
2023440008688,2023,440008688,3,2,1,1,32,6,3,0,0,0,0,0,19,6,E01023023,-1,0,0.04803,0.95197,-1,6,60,1,6,2,17:30,7,3,19
2023451266605,2023,451266605,1,1,3,2,55,8,3,9,5,0,0,0,0,4,E01030702,3,1,0.0,1.0,-1,6,20,1,1,1,12:55,7,1,19
2023430057651,2023,430057651,2,1,1,1,67,10,3,0,0,0,0,0,1,-1,-1,-1,0,0.19368,0.80632,-1,3,30,1,1,1,13:00,3,2,1
2023991306858,2023,991306858,1,1,1,1,25,5,2,0,0,0,0,0,1,8,-1,7,1,1.0,0.0,-1,6,30,1,4,1,00:55,7,2,1
2023041302078,2023,041302078,1,1,1,1,55,8,3,0,0,0,0,0,5,7,E01010639,3,1,0.0,1.0,-1,6,30,1,1,1,15:47,5,2,5
2023010453014,2023,010453014,1,1,1,2,25,5,3,0,0,0,0,0,9,-1,-1,-1,0,0.0,1.0,-1,6,30,1,1,1,18:00,2,2,9
2023041295180,2023,041295180,2,1,1,1,22,5,3,0,0,0,0,0,9,3,E01025578,3,1,0.0,1.0,-1,1,30,2,4,2,20:01,6,2,9
2023201320780,2023,201320780,1,1,1,1,41,7,2,0,0,0,0,0,9,1,E01008978,7,1,1.0,0.0,-1,6,30,1,7,2,18:07,2,3,9
202360A009942,2023,60A009942,1,1,1,1,59,9,3,0,0,0,0,0,9,-1,-1,-1,0,0.09476,0.90524,-1,6,30,1,5,1,16:30,7,2,9
202360A179371,2023,60A179371,1,2,2,1,19,4,3,0,0,1,0,0,9,-1,-1,-1,0,0.08319,0.91681,-1,6,40,5,7,2,21:44,6,1,9
2023991360330,2023,991360330,2,1,1,2,42,7,3,0,0,0,0,0,9,-1,-1,3,1,0.0,1.0,-1,6,60,1,1,1,14:31,6,2,9
2023440147943,2023,440147943,2,1,1,1,20,4,2,0,0,0,0,0,5,9,E01022950,-1,0,1.0,0.0,-1,6,30,1,4,1,22:15,7,2,5
2023131365492,2023,131365492,2,3,1,1,20,4,3,0,0,0,0,0,9,1,E01011723,3,1,0.0,1.0,-1,3,40,1,4,1,18:45,7,3,9
2023332300646,2023,332300646,1,1,2,2,26,6,3,0,0,1,0,0,9,1,E01013727,-1,0,0.03156,0.96844,-1,6,30,1,7,1,21:31,5,2,9
2023501325951,2023,501325951,1,1,1,1,17,4,2,0,0,0,0,0,9,8,E01029319,5,1,1.0,0.0,-1,6,60,2,6,2,23:17,3,2,9
2023031316769,2023,031316769,1,1,1,1,63,9,3,0,0,0,0,0,90,10,E01028385,3,1,0.0,1.0,-1,3,70,1,1,1,11:50,5,1,90
2023430260616,2023,430260616,1,1,3,1,34,6,3,5,1,0,0,0,0,6,E01004651,-1,0,0.05678,0.94322,-1,6,30,1,1,1,17:05,3,1,9
2023221315348,2023,221315348,1,1,1,1,40,7,3,0,0,0,0,0,1,9,E01032219,3,1,0.0,1.0,-1,6,60,1,1,1,11:48,6,2,1
2023332300739,2023,332300739,1,1,1,1,41,7,3,0,0,0,0,0,1,5,E01025673,-1,0,0.03455,0.96545,-1,6,30,1,1,1,12:15,7,3,1
2023101341238,2023,101341238,1,1,1,1,79,11,3,0,0,0,0,0,9,6,E01027368,3,1,0.0,1.0,-1,6,60,1,1,1,13:00,6,3,9
2023371393323,2023,371393323,1,3,2,1,94,11,2,0,0,1,0,0,9,8,E01030293,5,1,1.0,0.0,-1,6,50,1,1,1,13:33,6,2,9
2023541894123,2023,541894123,1,1,1,2,62,9,3,0,0,0,0,0,9,2,E01032118,-1,0,0.05921,0.94079,-1,6,30,1,1,1,13:11,2,3,9
2023010474984,2023,010474984,1,1,3,2,65,9,2,4,1,0,0,0,0,5,E01003484,-1,0,1.0,0.0,-1,7,30,2,4,2,17:30,2,1,9
2023131283659,2023,131283659,1,1,3,2,11,3,3,5,1,0,0,2,0,2,E01011852,3,1,0.0,1.0,-1,6,30,1,1,1,16:05,2,1,9
2023201330102,2023,201330102,2,1,1,1,45,7,3,0,0,0,0,0,1,1,E01010236,3,1,0.0,1.0,-1,6,30,1,1,1,05:30,4,2,1
2023010486150,2023,010486150,1,1,1,2,33,6,3,0,0,0,0,0,3,2,E01002031,-1,0,0.0,1.0,-1,7,30,1,1,1,16:14,1,2,3
2023010434997,2023,010434997,1,1,3,1,16,4,2,10,9,0,0,0,0,2,E01003551,-1,0,1.0,0.0,-1,2,30,9,1,9,16:25,2,1,2
2023461355073,2023,461355073,1,1,3,2,74,10,3,5,1,0,0,0,0,7,E01024637,3,1,0.0,1.0,-1,6,30,1,1,1,15:12,5,1,19
2023332301206,2023,332301206,1,2,2,1,29,6,3,0,0,1,0,0,9,8,E01025959,-1,0,0.04209,0.95791,-1,6,50,2,6,2,16:15,3,2,9
2023411273491,2023,411273491,2,1,1,2,39,7,2,0,0,0,0,0,9,4,E01023401,7,1,1.0,0.0,-1,6,30,1,1,1,12:39,5,2,9
202360A087211,2023,60A087211,1,1,1,1,68,10,2,0,0,0,0,0,19,-1,-1,-1,0,1.0,0.0,-1,6,60,1,1,1,17:35,4,2,19
2023201270662,2023,201270662,1,1,3,1,15,3,3,5,1,0,0,0,0,1,E01010103,3,1,0.0,1.0,-1,6,30,1,4,1,18:40,3,1,-1
2023311316848,2023,311316848,1,1,1,1,25,5,3,0,0,0,0,0,3,2,E01027942,3,1,0.0,1.0,-1,6,30,1,1,1,14:22,6,2,3
2023010421660,2023,010421660,2,1,1,1,67,10,3,0,0,0,0,0,9,10,E01030395,-1,0,0.0,1.0,-1,3,30,4,1,2,11:24,2,2,9
2023440378564,2023,440378564,2,1,1,2,19,4,3,0,0,0,0,0,9,4,E01022993,-1,0,0.03661,0.96339,-1,6,30,1,1,1,16:07,7,2,9
2023610001723,2023,610001723,2,2,1,1,65,9,3,0,0,0,0,0,11,-1,-1,-1,0,0.07184,0.92816,-1,1,30,1,4,2,17:48,2,2,11
2023010446641,2023,010446641,2,1,1,2,23,5,3,0,0,0,0,0,9,4,E01003704,-1,0,0.0,1.0,-1,3,20,1,4,1,00:50,7,2,9
2023061322617,2023,061322617,2,2,2,2,21,5,3,0,0,1,0,0,9,3,E01005115,3,1,0.0,1.0,-1,7,20,1,1,1,14:45,3,2,9
2023101332801,2023,101332801,3,2,1,2,69,10,3,0,0,0,0,0,9,9,E01008516,3,1,0.0,1.0,-1,6,60,1,1,1,09:58,2,4,9
2023501404112,2023,501404112,1,1,1,1,42,7,2,0,0,0,0,0,9,4,E01019063,7,1,1.0,0.0,-1,6,30,1,1,1,15:00,6,1,9
2023311337933,2023,311337933,2,1,1,1,60,9,3,0,0,0,0,0,1,2,E01013891,3,1,0.0,1.0,-1,6,30,1,1,1,08:15,5,2,1
2023010460476,2023,010460476,2,1,2,1,6,2,3,0,0,1,0,0,9,-1,-1,-1,0,0.0,1.0,-1,3,30,1,4,1,23:48,1,2,9
2023010475109,2023,010475109,1,5,2,-1,-1,-1,3,0,0,2,0,0,9,5,E01002426,-1,0,0.0,1.0,-1,3,30,1,4,1,19:50,2,1,9
2023411369382,2023,411369382,2,1,1,1,52,8,3,0,0,0,0,0,98,3,E01017536,3,1,0.0,1.0,-1,3,70,2,6,2,19:55,6,2,98
2023201409117,2023,201409117,2,1,1,1,54,8,3,0,0,0,0,0,2,5,E01009234,3,1,0.0,1.0,-1,6,30,1,1,1,15:37,5,2,2
2023411286616,2023,411286616,1,4,2,1,22,5,3,0,0,1,0,0,9,4,E01004215,3,1,0.0,1.0,-1,7,70,1,4,1,19:08,6,2,9
2023141305925,2023,141305925,1,1,2,2,73,10,3,0,0,0,3,0,11,4,E01007382,3,1,0.0,1.0,-1,6,30,1,1,1,10:15,3,1,11
2023211312634,2023,211312634,1,2,2,1,19,4,3,0,0,2,0,0,9,-1,-1,3,1,0.0,1.0,-1,6,60,1,6,1,00:18,3,1,9
2023471344174,2023,471344174,5,2,1,1,60,9,3,0,0,0,0,0,9,1,E01021015,3,1,0.0,1.0,-1,6,30,1,1,1,12:48,2,5,9
2023631348154,2023,631348154,4,1,2,2,14,3,2,0,0,2,0,0,9,7,E01007062,7,1,1.0,0.0,-1,6,40,1,1,1,12:05,1,5,9
2023010482363,2023,010482363,1,1,1,1,38,7,3,0,0,0,0,0,1,-1,-1,-1,0,0.0,1.0,-1,6,20,1,1,1,09:10,4,2,1
2023552300715,2023,552300715,1,1,2,1,9,2,3,0,0,0,0,0,1,1,E01015309,-1,0,0.11766,0.88234,-1,6,30,1,1,1,14:13,7,2,1
2023201371508,2023,201371508,1,1,1,1,23,5,3,0,0,0,0,0,9,1,E01032471,3,1,0.0,1.0,-1,6,30,2,4,2,03:30,1,3,9
2023302300125,2023,302300125,3,1,2,2,67,10,3,0,0,2,0,0,9,9,E01013540,-1,0,0.02468,0.97532,-1,1,60,1,1,2,11:15,7,4,9
2023340NN3032,2023,340NN3032,2,1,1,2,53,8,3,0,0,0,0,0,9,-1,-1,-1,0,0.02394,0.97606,-1,6,60,1,1,1,15:20,6,2,9
2023361266382,2023,361266382,2,1,1,2,46,8,3,0,0,0,0,0,9,4,E01026429,3,1,0.0,1.0,-1,6,60,1,1,2,15:52,7,2,9
2023522301258,2023,522301258,1,1,1,2,46,8,3,0,0,0,0,0,9,4,E01033364,-1,0,0.03679,0.96321,-1,6,20,1,1,1,20:33,7,2,9
2023010449854,2023,010449854,1,1,1,1,35,6,3,0,0,0,0,0,1,3,E01004421,-1,0,0.0,1.0,-1,3,20,1,1,1,13:30,1,2,1
2023010432949,2023,010432949,1,1,3,1,68,10,3,5,9,0,0,0,0,3,E01004458,-1,0,0.0,1.0,-1,6,30,8,4,2,20:03,7,1,9
2023421326808,2023,421326808,1,1,3,2,-1,-1,3,5,2,0,0,0,0,-1,-1,3,1,0.0,1.0,-1,6,30,1,1,1,12:30,1,1,9
2023141374265,2023,141374265,2,1,2,1,11,3,3,0,0,1,0,0,9,-1,-1,3,1,0.0,1.0,-1,3,70,2,6,2,05:24,1,2,9
2023351387737,2023,351387737,1,1,1,1,21,5,3,0,0,0,0,0,9,2,E01015608,3,1,0.0,1.0,-1,6,30,1,4,1,18:38,7,3,9
2023552400140,2023,552400140,3,1,1,2,38,7,2,0,0,0,0,0,9,9,E01032642,-1,0,1.0,0.0,-1,3,60,1,1,1,15:27,4,3,9
2023991339000,2023,991339000,1,1,1,1,19,4,1,0,0,0,0,0,9,5,-1,1,1,0.0,0.0,-1,6,60,1,1,1,05:55,2,2,9
2023430571355,2023,430571355,1,1,1,1,26,6,1,0,0,0,0,0,19,9,E01017813,-1,0,0.0,0.0,-1,6,30,1,4,1,20:34,5,5,19
2023101269150,2023,101269150,2,1,1,1,58,9,3,0,0,0,0,0,9,1,E01008712,3,1,0.0,1.0,-1,6,20,1,1,1,12:45,5,2,9
2023451384561,2023,451384561,2,2,1,2,22,5,3,0,0,0,0,0,9,4,E01030914,3,1,0.0,1.0,-1,6,60,1,6,2,20:30,6,2,9
2023520400995,2023,520400995,2,1,1,1,31,6,3,0,0,0,0,0,9,9,E01029273,-1,0,0.07682,0.92318,-1,6,60,1,6,2,18:30,3,3,9
2023340NN0562,2023,340NN0562,1,1,3,1,15,3,3,5,3,0,0,0,0,-1,-1,-1,0,0.12592,0.87408,-1,6,30,1,1,1,16:20,6,1,9
2023332301156,2023,332301156,2,1,1,1,54,8,2,0,0,0,0,0,1,3,E01025994,-1,0,1.0,0.0,-1,6,30,1,1,1,09:15,2,2,1
2023010440951,2023,010440951,1,2,2,-1,-1,-1,3,0,0,1,0,0,9,4,E01003317,-1,0,0.0,1.0,-1,6,20,1,4,1,22:30,1,2,9
2023430027432,2023,430027432,1,1,1,2,48,8,3,0,0,0,0,0,9,4,E01016514,-1,0,0.04796,0.95204,-1,6,30,1,1,4,07:57,5,3,9
2023501320963,2023,501320963,1,1,1,1,36,7,3,0,0,0,0,0,19,2,E01010472,3,1,0.0,1.0,-1,6,60,2,6,2,06:10,3,1,19
2023461387136,2023,461387136,2,1,1,2,52,8,3,0,0,0,0,0,9,6,E01024728,3,1,0.0,1.0,-1,7,50,1,1,-1,06:30,2,2,9
2023610026023,2023,610026023,1,4,2,2,8,2,3,0,0,2,0,0,9,2,W01001503,-1,0,0.01112,0.98888,-1,3,50,1,1,1,09:45,7,2,9
2023211376264,2023,211376264,2,3,1,2,22,5,2,0,0,0,0,0,9,3,E01010479,7,1,1.0,0.0,-1,6,30,2,1,2,09:38,1,2,9
2023631330986,2023,631330986,2,2,2,2,73,10,3,0,0,1,0,0,9,9,E01000446,3,1,0.0,1.0,-1,6,60,1,1,2,18:00,2,2,9
2023311325011,2023,311325011,2,1,1,2,17,4,3,0,0,0,0,0,1,3,E01028166,3,1,0.0,1.0,-1,6,30,9,1,1,15:45,5,2,1
2023421275759,2023,421275759,1,1,3,1,8,2,3,10,9,0,0,0,0,2,E01015839,3,1,0.0,1.0,-1,9,30,1,1,1,14:30,2,1,-1
2023440479514,2023,440479514,1,1,1,1,28,6,3,0,0,0,0,0,3,4,E01022523,-1,0,0.08641,0.91359,-1,6,30,1,1,1,12:14,5,2,3
2023041350189,2023,041350189,1,4,2,2,18,4,2,0,0,2,0,0,9,-1,-1,7,1,1.0,0.0,-1,6,60,1,6,1,21:20,5,1,9
2023061393466,2023,061393466,1,2,2,2,82,11,3,0,0,1,0,0,9,7,E01012476,3,1,0.0,1.0,-1,3,60,2,1,2,12:00,7,1,9
2023201409883,2023,201409883,1,1,2,1,60,9,3,0,0,1,0,0,9,2,E01029734,3,1,0.0,1.0,-1,6,30,1,1,2,14:45,6,2,9
2023041355022,2023,041355022,1,1,1,1,55,8,3,0,0,0,0,0,3,-1,-1,3,1,0.0,1.0,-1,6,30,1,4,1,19:37,5,2,3
2023071277200,2023,071277200,1,1,3,1,23,5,3,5,3,0,0,0,0,1,E01012408,-1,0,0.12612,0.87388,-1,6,30,1,4,1,23:30,6,1,9
2023010441406,2023,010441406,1,1,3,2,22,5,3,1,3,0,0,0,0,5,E01001685,-1,0,0.0,1.0,-1,6,20,1,1,1,16:38,6,1,9
2023010461964,2023,010461964,1,3,3,1,7,2,3,1,2,0,0,0,0,4,E01002643,-1,0,0.0,1.0,-1,6,30,1,1,1,10:56,4,1,2
2023122300415,2023,122300415,1,2,3,1,55,8,3,5,9,0,0,0,0,8,E01027568,-1,0,0.14001,0.85999,-1,6,30,1,4,1,22:00,1,1,8
2023010469532,2023,010469532,1,1,1,1,25,5,3,0,0,0,0,0,3,5,E01033325,-1,0,0.0,1.0,-1,9,30,9,1,9,12:20,1,2,3
2023991341600,2023,991341600,2,2,2,2,64,9,1,0,0,0,0,0,3,9,-1,1,1,0.0,0.0,-1,6,60,1,1,1,12:39,2,2,3
2023010468125,2023,010468125,1,1,1,1,28,6,3,0,0,0,0,0,9,-1,-1,-1,0,0.0,1.0,-1,6,40,1,1,1,11:10,1,2,9
2023131308101,2023,131308101,1,1,1,2,75,10,3,0,0,0,0,0,9,2,E01010929,3,1,0.0,1.0,-1,6,30,1,1,1,18:37,3,2,9
2023302301945,2023,302301945,1,1,1,2,33,6,3,0,0,0,0,0,9,9,E01033531,-1,0,0.01634,0.98366,-1,1,40,2,5,2,06:45,7,3,9
2023401287534,2023,401287534,1,1,1,1,19,4,3,0,0,0,0,0,9,6,E01023633,3,1,0.0,1.0,-1,3,70,1,1,1,17:00,5,2,9
2023430245561,2023,430245561,1,1,1,1,21,5,3,0,0,0,0,0,9,8,E01032951,-1,0,0.07322,0.92678,-1,6,30,1,1,1,21:06,1,1,9
2023070298324,2023,070298324,2,1,2,2,71,10,3,0,0,0,2,0,11,1,E01012445,-1,0,0.06301,0.93699,-1,2,30,1,1,1,16:00,7,2,11
2023111360640,2023,111360640,2,3,2,2,38,7,3,0,0,0,0,0,19,5,E01020858,3,1,0.0,1.0,-1,6,60,1,1,2,17:28,7,2,19
2023201370203,2023,201370203,2,3,1,1,47,8,3,0,0,0,0,0,21,-1,-1,3,1,0.0,1.0,-1,3,70,1,6,2,22:30,6,2,21
2023421354729,2023,421354729,1,4,2,2,14,3,3,0,0,0,4,0,11,9,E01022061,3,1,0.0,1.0,-1,6,60,1,1,1,08:16,5,2,11
2023010455970,2023,010455970,1,1,1,1,37,7,3,0,0,0,0,0,9,7,E01000169,-1,0,0.0,1.0,-1,6,30,1,1,1,08:20,5,2,9
2023052300148,2023,052300148,1,1,2,2,34,6,3,0,0,1,0,0,9,-1,-1,-1,0,0.04156,0.95844,-1,6,30,3,4,4,07:59,3,2,9
2023201452231,2023,201452231,1,1,1,1,35,6,3,0,0,0,0,0,9,1,E01009929,3,1,0.0,1.0,-1,6,30,2,1,2,14:51,5,1,9
2023451265127,2023,451265127,3,1,1,1,72,10,3,0,0,0,0,0,9,9,E01016576,3,1,0.0,1.0,-1,3,70,1,1,1,16:52,4,3,9
2023501347982,2023,501347982,1,4,2,2,6,2,3,0,0,2,0,0,9,4,E01020140,3,1,0.0,1.0,-1,6,60,1,1,1,15:42,1,2,9
2023991295025,2023,991295025,2,1,1,1,28,6,3,0,0,0,0,0,9,5,-1,3,1,0.0,1.0,-1,6,60,1,1,1,06:45,6,2,9
2023061457750,2023,061457750,2,1,1,1,6,2,2,0,0,0,0,0,1,-1,-1,7,1,1.0,0.0,-1,6,20,1,1,1,18:45,5,2,1
2023131390637,2023,131390637,2,1,2,1,39,7,2,0,0,1,0,0,9,1,E01010809,7,1,1.0,0.0,-1,3,70,4,1,2,13:10,4,2,9
2023471302609,2023,471302609,2,2,1,1,48,8,3,0,0,0,0,0,9,3,E01021565,3,1,0.0,1.0,-1,3,40,1,1,1,08:45,2,2,9
2023522401014,2023,522401014,1,1,1,1,50,8,3,0,0,0,0,0,9,10,E01014876,-1,0,0.01055,0.98945,-1,1,40,1,1,1,15:10,4,2,9
2023991299803,2023,991299803,1,2,1,1,18,4,3,0,0,0,0,0,9,5,-1,3,1,0.0,1.0,-1,6,60,1,6,2,21:00,7,2,9
2023041330320,2023,041330320,1,1,3,2,26,6,2,5,3,0,0,0,0,3,E01025306,7,1,1.0,0.0,-1,3,30,1,1,2,17:37,3,1,9
2023311386915,2023,311386915,1,1,3,2,70,10,3,5,1,0,0,0,0,4,E01019679,3,1,0.0,1.0,-1,6,30,1,1,1,12:15,2,1,90