collision_index,collision_year,collision_ref_no,vehicle_reference,casualty_reference,casualty_class,sex_of_casualty,age_of_casualty,age_band_of_casualty,casualty_severity,pedestrian_location,pedestrian_movement,car_passenger,bus_or_coach_passenger,pedestrian_road_maintenance_worker,casualty_type,casualty_imd_decile,lsoa_of_casualty,enhanced_casualty_severity,casualty_injury_based,casualty_adjusted_severity_serious,casualty_adjusted_severity_slight,casualty_distance_banding,road_type,speed_limit,weather_conditions,light_conditions,road_surface_conditions,time,day_of_week,number_of_vehicles,vehicle_type
2023320731387,2023,320731387,2,3,1,1,29,6,3,0,0,0,0,0,9,3,E01010571,-1,0,0.09795,0.90205,-1,6,60,1,6,1,18:01,1,2,9
2023340NN2992,2023,340NN2992,2,1,1,2,21,5,3,0,0,0,0,0,16,6,E01027043,-1,0,0.12203,0.87797,-1,6,60,1,1,1,10:45,5,2,16
2023430446043,2023,430446043,2,1,1,1,72,10,3,0,0,0,0,0,1,8,E01028584,-1,0,0.07876,0.92124,-1,6,30,1,1,1,13:45,4,2,1
2023451290266,2023,451290266,1,1,1,1,62,9,2,0,0,0,0,0,1,8,E01030538,7,1,1.0,0.0,-1,1,40,2,4,2,18:30,5,2,1
2023041345248,2023,041345248,1,1,3,1,8,2,3,8,9,0,0,0,0,1,E01025186,3,1,0.0,1.0,-1,6,30,1,1,1,19:09,5,1,9
2023211303027,2023,211303027,1,1,3,1,77,11,3,5,3,0,0,0,0,-1,-1,3,1,0.0,1.0,-1,6,30,1,1,1,09:00,5,1,9
2023131265640,2023,131265640,2,1,1,2,58,9,3,0,0,0,0,0,9,1,E01010743,3,1,0.0,1.0,-1,6,30,1,1,1,07:50,3,2,9
2023041272468,2023,041272468,1,1,1,1,18,4,2,0,0,0,0,0,9,1,E01010046,7,1,1.0,0.0,-1,6,30,1,4,2,03:02,1,4,9
2023401342341,2023,401342341,2,1,1,2,25,5,3,0,0,0,0,0,9,9,E01033193,3,1,0.0,1.0,-1,6,30,2,1,-1,18:30,6,2,9
2023411289386,2023,411289386,2,1,1,2,49,8,3,0,0,0,0,0,9,7,E01023944,3,1,0.0,1.0,-1,3,40,1,1,-1,08:39,2,2,9
2023471373002,2023,471373002,1,1,1,1,22,5,2,0,0,0,0,0,9,8,E01031642,7,1,1.0,0.0,-1,6,60,1,1,2,12:53,3,1,9
2023991358178,2023,991358178,1,1,1,1,32,6,3,0,0,0,0,0,9,6,-1,3,1,0.0,1.0,-1,6,30,1,1,1,15:26,2,2,9
2023991388704,2023,991388704,2,1,1,2,29,6,3,0,0,0,0,0,9,7,-1,3,1,0.0,1.0,-1,3,50,1,1,2,10:00,3,2,9
2023421306770,2023,421306770,2,1,1,1,26,6,3,0,0,0,0,0,1,7,E01021878,3,1,0.0,1.0,-1,6,30,1,1,1,17:57,5,2,1
2023061280024,2023,061280024,1,1,3,1,13,3,3,4,3,0,0,-1,0,6,E01005885,3,1,0.0,1.0,-1,6,30,9,1,-1,15:30,3,1,9
2023041264635,2023,041264635,2,4,2,1,14,3,3,0,0,0,0,0,11,6,E01025107,3,1,0.0,1.0,-1,6,60,1,1,1,14:22,2,2,11
2023010461326,2023,010461326,1,1,1,1,57,9,3,0,0,0,0,0,9,4,E01004187,-1,0,0.0,1.0,-1,6,30,1,1,2,05:30,7,2,9
2023122300848,2023,122300848,1,1,1,1,30,6,3,0,0,0,0,0,9,6,E01027569,-1,0,0.06427,0.93573,-1,6,60,1,1,1,15:25,6,2,9
2023201316788,2023,201316788,1,1,1,2,60,9,3,0,0,0,0,0,9,6,E01009614,3,1,0.0,1.0,-1,3,30,1,1,1,13:54,7,2,9
2023332300063,2023,332300063,1,2,1,1,22,5,3,0,0,0,0,0,9,1,E01013760,-1,0,0.03146,0.96854,-1,6,30,7,4,4,05:25,7,3,9
2023361306342,2023,361306342,2,1,2,2,8,2,3,0,0,2,0,0,9,-1,-1,3,1,0.0,1.0,-1,6,30,1,1,1,15:45,5,2,9
2023401325988,2023,401325988,2,2,2,1,-1,-1,3,0,0,-1,0,0,9,-1,-1,3,1,0.0,1.0,-1,3,70,1,1,-1,10:58,6,2,9
2023522301688,2023,522301688,1,1,1,2,26,6,3,0,0,0,0,0,9,5,E01014642,-1,0,0.02435,0.97565,-1,6,30,1,1,1,09:03,3,2,9
2023546455823,2023,546455823,2,1,1,2,66,10,3,0,0,0,0,0,9,9,E01031955,-1,0,0.01155,0.98845,-1,6,30,1,1,2,11:04,3,3,9
2023461287921,2023,461287921,1,1,3,1,6,2,3,4,1,0,0,2,0,2,E01024294,3,1,0.0,1.0,-1,6,30,2,4,2,18:18,1,1,9
2023311352191,2023,311352191,2,3,2,2,53,8,2,0,0,1,0,0,9,9,E01028376,5,1,1.0,0.0,-1,6,60,1,6,2,19:29,3,2,9
2023131322984,2023,131322984,1,1,3,1,12,3,2,5,1,0,0,2,0,3,E01010703,6,1,1.0,0.0,-1,6,30,1,1,1,17:30,2,1,3
2023522301289,2023,522301289,1,2,3,1,14,3,3,5,9,0,0,0,0,3,E01014736,-1,0,0.12772,0.87228,-1,6,20,1,1,1,18:30,1,1,3
2023010422936,2023,010422936,1,2,3,2,41,7,3,6,9,0,0,0,0,1,E01002037,-1,0,0.0,1.0,-1,6,20,1,4,1,19:12,1,2,9
2023052302907,2023,052302907,2,1,1,1,18,4,2,0,0,0,0,0,1,2,E01006723,-1,0,1.0,0.0,-1,6,30,1,4,4,17:45,7,2,1
2023631342528,2023,631342528,1,2,2,2,40,7,3,0,0,0,0,0,5,6,W01000456,3,1,0.0,1.0,-1,6,60,1,1,1,19:44,3,2,5
2023010464068,2023,010464068,2,1,1,1,40,7,3,0,0,0,0,0,3,1,E01002099,-1,0,0.0,1.0,-1,1,30,1,1,1,19:31,2,2,3
2023061376224,2023,061376224,1,1,3,1,9,2,3,5,3,0,0,0,0,-1,-1,3,1,0.0,1.0,-1,6,30,1,4,2,17:00,4,1,9
2023161357440,2023,161357440,1,1,3,2,11,3,3,1,1,0,0,2,0,1,E01033110,3,1,0.0,1.0,-1,6,20,1,1,1,16:03,5,1,9
2023991351783,2023,991351783,2,1,1,1,20,4,3,0,0,0,0,0,16,-1,-1,3,1,0.0,1.0,-1,6,30,1,1,1,10:52,6,2,16
2023010469677,2023,010469677,1,1,1,1,28,6,3,0,0,0,0,0,3,4,E01000617,-1,0,0.0,1.0,-1,9,30,1,1,1,17:00,1,2,3
2023010450058,2023,010450058,1,1,1,1,25,5,3,0,0,0,0,0,3,1,E01001356,-1,0,0.0,1.0,-1,6,20,2,1,2,18:38,1,2,3
2023010483931,2023,010483931,2,3,2,1,11,3,3,0,0,1,0,0,9,9,E01024446,-1,0,0.0,1.0,-1,3,30,2,1,2,08:03,5,2,9
2023101366271,2023,101366271,2,1,1,1,54,8,3,0,0,0,0,0,9,2,E01008457,3,1,0.0,1.0,-1,3,40,4,1,1,14:25,5,2,9
2023201405581,2023,201405581,2,1,1,-1,38,7,3,0,0,0,0,0,9,1,E01032888,3,1,0.0,1.0,-1,6,30,1,7,1,20:30,1,2,9
2023461328828,2023,461328828,2,1,1,2,40,7,3,0,0,0,0,0,9,6,E01024401,3,1,0.0,1.0,-1,6,30,1,1,1,19:05,1,2,9
2023101363059,2023,101363059,1,1,1,2,9,2,3,0,0,0,0,0,1,1,E01027416,3,1,0.0,1.0,-1,6,20,1,1,1,08:25,6,2,1
2023010473785,2023,010473785,2,1,1,1,31,6,3,0,0,0,0,0,5,1,E01004721,-1,0,0.0,1.0,-1,2,20,1,1,1,15:00,3,2,5
2023501344148,2023,501344148,2,1,1,1,60,9,3,0,0,0,0,0,5,6,E01015102,3,1,0.0,1.0,-1,6,30,1,1,1,15:00,5,2,5
2023421344750,2023,421344750,2,1,1,1,44,7,3,0,0,0,0,0,1,9,E01021947,3,1,0.0,1.0,-1,6,30,1,1,1,18:00,2,2,1
2023010429407,2023,010429407,1,1,3,1,35,6,2,6,9,0,0,0,0,5,E01003139,-1,0,1.0,0.0,-1,6,20,1,1,1,09:05,2,1,19
2023361288683,2023,361288683,1,1,3,1,43,7,3,6,9,0,0,0,0,10,E01026811,3,1,0.0,1.0,-1,6,30,2,1,2,13:45,6,1,11
2023332300139,2023,332300139,2,1,1,1,54,8,2,0,0,0,0,0,1,7,E01033386,-1,0,1.0,0.0,-1,6,30,1,7,1,06:45,6,2,1
2023201367564,2023,201367564,2,4,2,1,25,5,3,0,0,-1,0,0,9,-1,-1,3,1,0.0,1.0,-1,6,30,1,4,-1,23:16,6,2,9
2023010485573,2023,010485573,1,1,1,1,25,5,3,0,0,0,0,0,9,9,E01016600,-1,0,0.0,1.0,-1,9,30,8,4,1,17:40,5,3,9
2023052301561,2023,052301561,2,1,1,1,63,9,3,0,0,0,0,0,9,5,E01025517,-1,0,0.07758,0.92242,-1,6,30,1,1,1,15:05,5,2,9
2023131322947,2023,131322947,1,4,2,1,14,3,3,0,0,2,0,0,9,1,E01010812,3,1,0.0,1.0,-1,6,30,1,1,1,15:44,2,3,9
2023221316698,2023,221316698,1,1,1,2,34,6,3,0,0,0,0,0,9,7,E01028884,3,1,0.0,1.0,-1,6,60,1,1,1,18:10,1,2,9
2023371349616,2023,371349616,1,2,2,2,20,4,3,0,0,1,0,0,9,4,E01030251,3,1,0.0,1.0,-1,6,50,1,1,1,17:25,3,2,9
2023440391247,2023,440391247,2,1,1,1,72,10,3,0,0,0,0,0,9,6,E01017300,-1,0,0.08009,0.91991,-1,6,30,1,1,1,10:30,2,2,9
2023061310596,2023,061310596,1,1,1,-1,30,6,3,0,0,0,0,0,19,4,E01006349,3,1,0.0,1.0,-1,6,20,4,1,1,20:20,5,2,19
2023041375486,2023,041375486,1,1,3,2,71,10,2,1,3,0,0,0,0,2,E01025124,7,1,1.0,0.0,-1,6,30,2,4,2,19:00,5,1,9
2023141268951,2023,141268951,1,1,3,2,18,4,3,5,1,0,0,0,0,7,E01007684,3,1,0.0,1.0,-1,6,30,1,1,2,16:00,6,1,9
2023501286378,2023,501286378,1,1,3,1,12,3,1,1,3,0,0,0,0,1,E01018878,1,1,0.0,0.0,-1,6,30,1,1,1,15:34,2,1,20
2023010480279,2023,010480279,8,2,1,1,38,7,3,0,0,0,0,0,9,4,E01021835,-1,0,0.0,1.0,-1,3,70,1,1,1,10:50,7,8,9
2023520301667,2023,520301667,1,1,1,1,18,4,2,0,0,0,0,0,9,8,E01029277,-1,0,1.0,0.0,-1,6,30,1,1,1,17:20,4,3,9
2023010424883,2023,010424883,2,1,1,1,28,6,3,0,0,0,0,0,4,4,E01003919,-1,0,0.0,1.0,-1,6,20,1,1,1,15:17,4,3,4
2023010437150,2023,010437150,1,1,1,1,25,5,3,0,0,0,0,0,3,6,E01001245,-1,0,0.0,1.0,-1,6,20,2,1,2,18:59,3,2,3
2023141277855,2023,141277855,1,1,3,1,7,2,3,9,9,0,0,0,0,1,E01007370,3,1,0.0,1.0,-1,6,30,9,7,1,18:45,3,1,4
2023531344239,2023,531344239,1,1,3,1,71,10,3,5,9,0,0,0,0,6,E01022222,3,1,0.0,1.0,-1,6,30,1,1,1,11:15,7,1,1
2023430159528,2023,430159528,1,1,1,2,49,8,2,0,0,0,0,0,9,10,E01017675,-1,0,1.0,0.0,-1,6,60,2,1,2,16:25,4,2,9
2023010458848,2023,010458848,1,1,1,-1,43,7,3,0,0,0,0,0,2,3,E01002130,-1,0,0.0,1.0,-1,1,20,9,1,9,09:45,5,2,2
2023371358434,2023,371358434,1,1,1,2,23,5,3,0,0,0,0,0,3,1,E01030249,3,1,0.0,1.0,-1,6,30,1,1,1,10:34,1,2,3
2023451380606,2023,451380606,2,2,1,1,19,4,3,0,0,0,0,0,3,4,E01031657,3,1,0.0,1.0,-1,6,50,1,6,1,17:09,4,2,3
2023010430396,2023,010430396,1,1,3,2,28,6,3,5,4,0,0,0,0,3,E01033593,-1,0,0.0,1.0,-1,3,20,1,1,1,14:44,7,1,9
2023010483595,2023,010483595,1,1,3,1,59,9,3,1,1,0,0,0,0,10,E01000753,-1,0,0.0,1.0,-1,6,30,1,4,2,16:07,3,1,9
2023221395960,2023,221395960,2,3,2,2,70,10,3,0,0,1,0,0,9,4,E01014098,3,1,0.0,1.0,-1,6,40,1,1,1,12:30,5,2,9
2023451373557,2023,451373557,1,2,2,2,52,8,3,0,0,1,0,0,9,10,E01030585,3,1,0.0,1.0,-1,6,40,1,1,1,11:25,7,2,9
2023010461422,2023,010461422,2,1,1,2,50,8,3,0,0,0,0,0,1,2,E01002799,-1,0,0.0,1.0,-1,6,20,1,1,1,14:20,7,2,1
2023010474096,2023,010474096,1,1,1,1,36,7,3,0,0,0,0,0,3,4,E01003784,-1,0,0.0,1.0,-1,6,20,9,7,9,18:00,3,2,3
202360A196304,2023,60A196304,1,1,1,1,19,4,3,0,0,0,0,0,4,-1,-1,-1,0,0.27656,0.72344,-1,6,60,1,6,2,18:54,5,1,4
2023111291332,2023,111291332,1,1,1,1,32,6,2,0,0,0,0,0,5,5,E01020812,5,1,1.0,0.0,-1,1,30,2,4,2,02:35,7,2,5
2023131289102,2023,131289102,2,1,1,2,48,8,3,0,0,0,0,0,3,7,E01011402,3,1,0.0,1.0,-1,6,20,1,1,1,14:05,2,2,3
2023161373901,2023,161373901,1,1,3,2,11,3,3,8,3,0,0,2,0,4,E01013207,3,1,0.0,1.0,-1,6,30,2,1,2,09:10,2,1,9
202363A007423,2023,63A007423,1,1,3,1,14,3,2,6,8,0,0,0,0,9,W01000722,-1,0,1.0,0.0,-1,6,30,1,1,1,18:00,4,1,19
2023010485657,2023,010485657,1,1,3,2,48,8,1,5,1,0,0,0,0,3,E01003725,-1,0,0.0,0.0,-1,6,30,1,4,1,17:07,6,1,9
2023010473922,2023,010473922,2,1,1,1,47,8,3,0,0,0,0,0,1,9,E01002929,-1,0,0.0,1.0,-1,1,40,1,1,2,08:37,4,2,1
2023461279548,2023,461279548,1,1,3,2,-1,-1,3,5,1,0,0,0,0,7,E01024522,3,1,0.0,1.0,-1,6,20,1,1,2,09:05,6,1,9
2023501349375,2023,501349375,1,1,1,1,38,7,3,0,0,0,0,0,1,9,E01020038,3,1,0.0,1.0,-1,6,30,1,1,2,08:48,5,2,1
2023371346285,2023,371346285,2,4,2,2,7,2,3,0,0,2,0,0,9,6,E01030209,3,1,0.0,1.0,-1,6,60,1,6,1,22:50,1,2,9
2023540668523,2023,540668523,2,1,1,1,28,6,3,0,0,0,0,0,1,8,E01031954,-1,0,0.12695,0.87305,-1,6,50,1,1,1,07:35,6,2,1
2023070451137,2023,070451137,2,3,1,1,41,7,2,0,0,0,0,0,5,-1,-1,-1,0,1.0,0.0,-1,6,60,1,1,1,21:24,6,2,5
2023421272994,2023,421272994,1,1,3,1,35,6,3,9,9,0,0,0,0,-1,-1,3,1,0.0,1.0,-1,6,30,1,1,1,16:10,2,1,11
2023440496136,2023,440496136,1,1,3,2,27,6,3,6,9,0,0,0,0,8,E01022636,-1,0,0.13676,0.86324,-1,6,30,2,1,2,09:03,3,1,9
2023131316494,2023,131316494,2,3,2,1,17,4,3,0,0,1,0,0,9,5,E01011731,3,1,0.0,1.0,-1,6,30,1,1,1,16:05,5,2,9
2023411364703,2023,411364703,2,2,2,1,21,5,3,0,0,1,0,0,9,3,E01023300,3,1,0.0,1.0,-1,6,30,1,4,1,05:59,4,2,9
2023421260724,2023,421260724,1,1,1,1,42,7,3,0,0,0,0,0,9,7,E01021971,3,1,0.0,1.0,-1,6,30,5,4,2,18:00,7,1,9
2023010452423,2023,010452423,1,1,1,1,44,7,3,0,0,0,0,0,1,2,E01004404,-1,0,0.0,1.0,-1,6,20,1,1,1,15:56,6,2,1
2023131392873,2023,131392873,2,1,1,1,17,4,2,0,0,0,0,0,1,1,E01010742,7,1,1.0,0.0,-1,6,30,2,4,2,19:00,5,2,1
2023221378586,2023,221378586,2,1,1,1,64,9,3,0,0,0,0,0,1,7,E01032380,3,1,0.0,1.0,-1,6,30,1,1,1,07:05,6,2,1
2023010427859,2023,010427859,1,1,1,1,18,4,3,0,0,0,0,0,3,1,E01002074,-1,0,0.0,1.0,-1,6,20,1,1,1,13:15,7,2,3
2023052300366,2023,052300366,1,1,1,1,62,9,3,0,0,0,0,0,9,1,E01006759,-1,0,0.07503,0.92497,-1,6,30,1,1,2,09:40,4,2,9
2023122300355,2023,122300355,2,1,1,1,26,6,3,0,0,0,0,0,9,9,E01025596,-1,0,0.04902,0.95098,-1,6,60,1,1,1,18:10,7,2,9
2023201425124,2023,201425124,1,1,1,2,35,6,3,0,0,0,0,0,9,1,E01008896,3,1,0.0,1.0,-1,6,30,8,4,1,00:20,2,1,9
2023451370983,2023,451370983,1,1,1,2,33,6,2,0,0,0,0,0,9,-1,-1,7,1,1.0,0.0,-1,6,40,1,1,1,13:08,7,2,9
2023451374554,2023,451374554,1,1,1,1,37,7,3,0,0,0,0,0,9,3,E01002559,3,1,0.0,1.0,-1,3,70,2,1,2,13:42,3,2,9
2023552301259,2023,552301259,2,3,1,1,47,8,3,0,0,0,0,0,9,2,E01004251,-1,0,0.08473,0.91527,-1,6,60,1,1,1,15:32,1,2,9
2023132300299,2023,132300299,1,1,3,1,84,11,3,10,5,0,0,0,0,9,E01027690,-1,0,0.07004,0.92996,-1,9,30,1,1,1,10:35,2,1,9
2023161285499,2023,161285499,1,1,3,2,9,2,2,8,1,0,0,2,0,2,E01013002,5,1,1.0,0.0,-1,6,30,1,1,1,16:48,2,1,9
2023052302421,2023,052302421,1,1,3,1,43,7,3,6,9,0,0,0,0,4,E01007160,-1,0,0.06422,0.93578,-1,6,20,2,1,2,08:33,6,1,9
2023010426359,2023,010426359,1,1,1,2,44,7,3,0,0,0,0,0,1,6,E01000259,-1,0,0.0,1.0,-1,6,30,1,4,1,18:05,5,2,1
2023010464227,2023,010464227,1,1,1,1,33,6,3,0,0,0,0,0,4,4,E01003645,-1,0,0.0,1.0,-1,6,30,1,1,1,18:00,3,2,4
2023170M11163,2023,170M11163,1,1,3,1,45,7,3,5,2,0,0,0,0,4,E01012043,-1,0,0.09767,0.90233,-1,6,30,1,4,1,03:45,7,1,8
2023501263100,2023,501263100,1,1,3,1,12,3,3,5,1,0,0,2,0,3,E01020218,3,1,0.0,1.0,-1,6,30,9,1,2,15:10,5,1,9
2023010435680,2023,010435680,1,1,3,2,7,2,3,8,1,0,0,0,0,3,E01001807,-1,0,0.0,1.0,-1,6,20,1,1,1,15:40,2,1,9
2023411375189,2023,411375189,1,1,3,1,60,9,3,6,1,0,0,0,0,8,E01023486,3,1,0.0,1.0,-1,6,30,1,1,1,15:00,7,1,9
2023991321421,2023,991321421,1,1,1,1,37,7,2,0,0,0,0,0,4,4,-1,5,1,1.0,0.0,-1,6,40,1,1,1,07:25,5,2,4
2023461286204,2023,461286204,2,1,1,1,-1,-1,3,0,0,0,0,0,5,5,E01024025,3,1,0.0,1.0,-1,6,40,1,1,1,12:51,5,3,5
2023061366395,2023,061366395,1,1,1,1,19,4,2,0,0,0,0,0,4,2,E01006167,5,1,1.0,0.0,-1,6,30,1,4,1,19:55,2,2,4
2023361329606,2023,361329606,2,1,1,1,41,7,2,0,0,0,0,0,5,9,E01026901,7,1,1.0,0.0,-1,6,60,1,1,1,06:45,7,2,5
2023111316347,2023,111316347,1,1,1,1,48,8,2,0,0,0,0,0,9,1,E01011950,7,1,1.0,0.0,-1,3,70,1,1,1,12:53,3,1,9
2023161373114,2023,161373114,1,1,1,2,56,9,3,0,0,0,0,0,9,3,E01012759,3,1,0.0,1.0,-1,6,20,1,1,1,07:28,6,2,9
2023440185389,2023,440185389,2,1,1,2,73,10,3,0,0,0,0,0,9,10,E01022596,-1,0,0.08574,0.91426,-1,3,70,1,1,1,16:19,5,2,9
2023471342293,2023,471342293,1,1,1,1,28,6,3,0,0,0,0,0,9,8,E01031491,3,1,0.0,1.0,-1,6,30,1,1,1,18:40,1,2,9
2023010472372,2023,010472372,1,1,3,2,11,3,3,9,6,0,0,0,0,5,E01003495,-1,0,0.0,1.0,-1,6,30,1,1,1,14:40,2,1,9
2023161311260,2023,161311260,1,2,1,1,53,8,3,0,0,0,0,0,8,-1,-1,3,1,0.0,1.0,-1,6,30,1,4,1,23:15,6,2,8
2023010470231,2023,010470231,1,1,3,2,33,6,3,1,9,0,0,0,0,3,E01000511,-1,0,0.0,1.0,-1,2,20,1,1,1,17:30,5,1,1
2023010478824,2023,010478824,1,1,3,1,66,10,2,9,5,0,0,0,0,-1,-1,-1,0,1.0,0.0,-1,6,20,1,4,1,20:54,7,1,23
2023010448278,2023,010448278,2,1,1,1,55,8,3,0,0,0,0,0,1,2,E01003120,-1,0,0.0,1.0,-1,6,30,1,1,1,11:15,7,2,1
2023010459123,2023,010459123,1,2,3,2,8,2,3,5,2,0,0,0,0,3,E01001111,-1,0,0.0,1.0,-1,3,20,2,1,2,17:02,7,1,4
2023440504896,2023,440504896,1,1,3,1,80,11,3,5,1,0,0,0,0,3,E01023145,-1,0,0.23739,0.76261,-1,6,30,1,1,1,09:34,2,1,9
2023131329671,2023,131329671,2,1,1,-1,-1,-1,3,0,0,0,0,0,1,-1,-1,3,1,0.0,1.0,-1,6,30,1,1,1,17:15,6,2,1
2023131388673,2023,131388673,2,1,1,1,49,8,2,0,0,0,0,0,1,6,E01010787,7,1,1.0,0.0,-1,6,30,1,7,1,07:00,5,2,1
2023010437048,2023,010437048,1,1,1,1,33,6,3,0,0,0,0,0,3,3,E01003154,-1,0,0.0,1.0,-1,6,20,1,1,1,09:36,3,2,3
2023010449917,2023,010449917,1,1,1,1,17,4,3,0,0,0,0,0,3,4,E01001285,-1,0,0.0,1.0,-1,6,30,2,1,2,17:30,1,3,3
2023010462840,2023,010462840,2,1,1,1,35,6,2,0,0,0,0,0,4,5,E01000360,-1,0,1.0,0.0,-1,6,20,1,1,1,18:26,2,2,4
2023010447106,2023,010447106,1,1,2,2,68,10,3,0,0,0,4,0,11,3,E01004563,-1,0,0.0,1.0,-1,6,20,1,1,1,13:45,2,1,11
2023311353826,2023,311353826,1,1,1,1,24,5,3,0,0,0,0,0,9,8,E01028060,3,1,0.0,1.0,-1,2,30,1,7,1,04:50,2,2,9
2023471309542,2023,471309542,1,1,1,1,18,4,3,0,0,0,0,0,9,9,E01031496,3,1,0.0,1.0,-1,6,30,1,1,1,13:52,7,2,9
2023052302928,2023,052302928,2,1,1,2,52,8,3,0,0,0,0,0,9,3,E01007047,-1,0,0.04396,0.95604,-1,3,30,1,4,2,17:29,5,2,9
2023451337633,2023,451337633,1,2,2,2,85,11,2,0,0,1,0,0,9,10,E01032727,6,1,1.0,0.0,-1,6,40,2,1,2,10:45,2,2,9
2023010444911,2023,010444911,1,1,1,1,44,7,3,0,0,0,0,0,9,4,E01000472,-1,0,0.0,1.0,-1,1,30,1,1,1,20:38,4,2,9
2023540795523,2023,540795523,2,1,1,2,54,8,3,0,0,0,0,0,9,4,E01032040,-1,0,0.01734,0.98266,-1,1,60,1,1,4,15:40,2,3,9
2023610035623,2023,610035623,1,1,2,1,-1,-1,3,0,0,0,3,0,11,-1,-1,-1,0,0.05892,0.94108,-1,6,30,1,1,1,08:44,5,1,11
2023201364173,2023,201364173,1,1,1,1,-1,-1,3,0,0,0,0,0,-1,-1,-1,3,1,0.0,1.0,-1,6,30,1,4,1,19:50,7,2,-1
2023031392576,2023,031392576,1,2,2,2,37,7,3,0,0,1,0,0,9,5,-1,3,1,0.0,1.0,-1,3,70,6,6,2,20:40,4,2,9
2023131279479,2023,131279479,2,1,1,2,39,7,2,0,0,0,0,0,9,1,E01011434,6,1,1.0,0.0,-1,3,40,1,4,1,17:07,4,2,9
2023421319015,2023,421319015,2,1,1,2,51,8,3,0,0,0,0,0,9,7,E01015837,3,1,0.0,1.0,-1,3,60,1,1,1,09:15,3,2,9
2023161329002,2023,161329002,1,3,1,1,23,5,3,0,0,0,0,0,19,2,E01007394,3,1,0.0,1.0,-1,3,70,1,1,1,08:06,5,3,19
2023101305135,2023,101305135,2,1,1,2,12,3,3,0,0,0,0,0,1,4,E01008640,3,1,0.0,1.0,-1,6,30,1,1,1,15:00,4,2,1
2023010460821,2023,010460821,2,1,1,1,60,9,3,0,0,0,0,0,1,10,E01003851,-1,0,0.0,1.0,-1,1,20,1,1,1,07:27,4,2,1
2023010456331,2023,010456331,1,1,1,1,36,7,3,0,0,0,0,0,3,4,E01002101,-1,0,0.0,1.0,-1,9,30,9,1,9,18:00,4,2,3
2023010424025,2023,010424025,2,2,1,1,43,7,3,0,0,0,0,0,9,7,E01002428,-1,0,0.0,1.0,-1,3,70,1,1,1,14:38,7,2,9
2023041392175,2023,041392175,1,1,2,2,17,4,2,0,0,2,0,0,9,8,E01025301,6,1,1.0,0.0,-1,6,30,1,4,1,22:27,2,1,9
2023101277872,2023,101277872,2,2,1,1,24,5,3,0,0,0,0,0,9,8,E01027425,3,1,0.0,1.0,-1,6,30,1,4,1,17:53,4,2,9
2023501332970,2023,501332970,1,1,3,1,13,3,3,5,9,0,0,0,0,4,E01020065,3,1,0.0,1.0,-1,6,30,1,1,1,08:17,4,1,9
2023351268406,2023,351268406,2,1,1,1,46,8,3,0,0,0,0,0,1,7,E01018022,3,1,0.0,1.0,-1,6,60,1,1,2,09:15,7,2,1
2023430379688,2023,430379688,2,1,1,1,29,6,2,0,0,0,0,0,4,-1,-1,-1,0,1.0,0.0,-1,6,30,1,1,1,16:36,5,2,4
2023451308145,2023,451308145,1,1,1,1,33,6,3,0,0,0,0,0,5,8,E01004143,3,1,0.0,1.0,-1,6,30,8,4,1,23:42,2,1,5
2023041351211,2023,041351211,1,1,1,1,35,6,3,0,0,0,0,0,9,7,E01025576,3,1,0.0,1.0,-1,7,70,1,1,2,09:55,2,1,9
2023070909238,2023,070909238,1,1,1,1,54,8,3,0,0,0,0,0,9,1,W01000409,-1,0,0.05945,0.94055,-1,1,30,1,1,1,18:30,4,2,9
2023122300699,2023,122300699,2,1,1,2,67,10,3,0,0,0,0,0,9,9,E01013351,-1,0,0.04672,0.95328,-1,6,60,1,1,1,10:29,3,2,9
2023131304358,2023,131304358,3,1,1,1,55,8,3,0,0,0,0,0,9,9,E01027885,3,1,0.0,1.0,-1,3,70,1,1,1,10:26,6,3,9
2023361330157,2023,361330157,2,2,2,2,28,6,3,0,0,1,0,0,9,6,E01030135,3,1,0.0,1.0,-1,6,30,1,1,1,14:30,1,2,9
2023401311305,2023,401311305,2,1,1,2,43,7,3,0,0,0,0,0,9,4,E01015782,3,1,0.0,1.0,-1,6,30,1,1,1,15:43,1,2,9
2023461362586,2023,461362586,2,1,1,1,39,7,3,0,0,0,0,0,9,2,E01016110,3,1,0.0,1.0,-1,6,30,1,1,1,19:10,5,2,9
2023061347797,2023,061347797,1,1,3,2,24,5,2,10,5,0,0,0,0,1,E01005088,5,1,1.0,0.0,-1,9,30,1,6,1,00:33,7,1,18
2023010458097,2023,010458097,1,1,1,1,14,3,3,0,0,0,0,0,9,3,E01000130,-1,0,0.0,1.0,-1,6,30,2,4,2,01:52,2,3,9
2023041370728,2023,041370728,2,1,2,1,41,7,3,0,0,2,0,0,9,4,E01025262,3,1,0.0,1.0,-1,6,30,1,4,1,18:12,4,2,9
2023131354487,2023,131354487,2,1,1,1,18,4,3,0,0,0,0,0,9,7,E01011056,3,1,0.0,1.0,-1,6,30,2,4,2,06:53,4,2,9
2023061323567,2023,061323567,2,1,1,1,75,10,2,0,0,0,0,0,1,1,E01005240,7,1,1.0,0.0,-1,6,30,2,1,1,18:30,2,2,1
2023111272233,2023,111272233,1,1,3,1,13,3,3,6,9,0,0,0,0,4,E01020871,3,1,0.0,1.0,-1,6,30,1,1,1,08:25,6,2,9