collision_index,collision_year,collision_ref_no,vehicle_reference,casualty_reference,casualty_class,sex_of_casualty,age_of_casualty,age_band_of_casualty,casualty_severity,pedestrian_location,pedestrian_movement,car_passenger,bus_or_coach_passenger,pedestrian_road_maintenance_worker,casualty_type,casualty_imd_decile,lsoa_of_casualty,enhanced_casualty_severity,casualty_injury_based,casualty_adjusted_severity_serious,casualty_adjusted_severity_slight,casualty_distance_banding,road_type,speed_limit,weather_conditions,light_conditions,road_surface_conditions,time,day_of_week,number_of_vehicles,vehicle_type
2023440052462,2023,440052462,2,1,1,2,43,7,3,0,0,0,0,0,1,9,E01023264,-1,0,0.13729,0.86271,-1,1,30,1,4,1,17:59,3,2,1
2023010466405,2023,010466405,1,1,1,1,38,7,3,0,0,0,0,0,3,2,E01032805,-1,0,0.0,1.0,-1,6,20,1,1,1,14:35,6,2,3
2023991313838,2023,991313838,2,2,1,1,64,9,3,0,0,0,0,0,8,5,-1,3,1,0.0,1.0,-1,6,20,1,1,1,12:45,5,2,8
2023471314312,2023,471314312,1,1,1,1,58,9,3,0,0,0,0,0,5,1,E01020979,3,1,0.0,1.0,-1,6,30,1,1,1,18:40,6,1,5
2023010457473,2023,010457473,1,1,3,1,35,6,2,10,9,0,0,0,0,-1,-1,-1,0,1.0,0.0,-1,9,20,9,7,9,00:02,5,1,9
2023471361745,2023,471361745,2,1,1,1,73,10,2,0,0,0,0,0,1,9,E01031422,7,1,1.0,0.0,-1,1,30,1,1,1,10:15,4,2,1
2023351413259,2023,351413259,1,1,3,2,6,2,3,5,1,0,0,0,0,6,E01015691,3,1,0.0,1.0,-1,6,30,1,1,1,15:21,6,1,9
2023421343198,2023,421343198,1,1,3,2,76,11,2,6,9,0,0,0,0,8,E01021433,7,1,1.0,0.0,-1,6,20,1,1,1,10:20,6,1,9
2023401315396,2023,401315396,2,1,1,1,42,7,3,0,0,0,0,0,1,6,E01017592,3,1,0.0,1.0,-1,3,30,1,1,1,17:20,6,2,1
2023010444281,2023,010444281,1,1,1,1,25,5,3,0,0,0,0,0,3,7,E01000562,-1,0,0.0,1.0,-1,9,20,1,1,1,19:20,7,2,3
2023221265597,2023,221265597,2,1,1,1,26,6,2,0,0,0,0,0,3,9,E01014183,7,1,1.0,0.0,-1,6,30,1,1,2,12:39,5,2,3
2023522400333,2023,522400333,1,1,2,2,21,5,3,0,0,2,0,0,8,1,E01014729,-1,0,0.00765,0.99235,-1,6,20,1,1,1,14:00,7,2,8
2023421372303,2023,421372303,1,1,1,1,24,5,3,0,0,0,0,0,9,5,E01021399,3,1,0.0,1.0,-1,6,60,1,6,2,18:18,4,2,9
2023622300358,2023,622300358,2,2,1,1,57,9,3,0,0,0,0,0,9,6,W01000541,-1,0,0.04029,0.95971,-1,3,70,1,1,1,17:03,6,3,9
202363B030423,2023,63B030423,2,2,1,2,20,4,3,0,0,0,0,0,9,-1,-1,-1,0,0.02986,0.97014,-1,6,60,1,1,1,14:05,3,2,9
2023161334720,2023,161334720,2,2,1,2,35,6,3,0,0,0,0,0,9,6,E01013105,3,1,0.0,1.0,-1,6,30,1,1,1,16:50,7,2,9
2023440507949,2023,440507949,3,1,1,1,80,11,3,0,0,0,0,0,9,4,E01017277,-1,0,0.10166,0.89834,-1,6,40,1,1,2,09:30,4,4,9
2023471355451,2023,471355451,2,1,1,2,59,9,3,0,0,0,0,0,9,5,E01031524,3,1,0.0,1.0,-1,6,30,1,5,1,13:41,6,2,9
2023010486950,2023,010486950,2,1,1,1,54,8,3,0,0,0,0,0,-1,5,E01002590,-1,0,0.0,1.0,-1,2,30,1,4,1,15:30,4,2,-1
2023451366167,2023,451366167,2,1,2,2,45,7,3,0,0,0,0,0,97,-1,-1,3,1,0.0,1.0,-1,6,30,1,1,1,13:45,2,2,97
2023131294679,2023,131294679,2,1,1,1,78,11,3,0,0,0,0,0,9,4,E01011153,3,1,0.0,1.0,-1,6,40,1,1,1,16:45,5,2,9
2023471311921,2023,471311921,1,1,1,2,57,9,3,0,0,0,0,0,9,6,E01016935,3,1,0.0,1.0,-1,6,30,1,1,1,17:50,6,3,9
2023471321380,2023,471321380,1,1,2,1,17,4,3,0,0,2,0,0,9,7,E01030921,3,1,0.0,1.0,-1,6,60,1,6,1,21:30,4,1,9
2023010456596,2023,010456596,1,1,1,1,20,4,2,0,0,0,0,0,9,1,E01033455,-1,0,1.0,0.0,-1,6,30,1,1,1,20:28,6,1,9
2023131281045,2023,131281045,1,1,1,1,35,6,2,0,0,0,0,0,9,6,E01011885,7,1,1.0,0.0,-1,6,30,1,4,1,02:53,2,4,9
2023201312784,2023,201312784,2,2,1,1,43,7,3,0,0,0,0,0,9,4,E01010149,3,1,0.0,1.0,-1,6,30,1,1,1,10:21,1,4,9
2023520400399,2023,520400399,1,1,1,1,26,6,2,0,0,0,0,0,9,4,E01029186,-1,0,1.0,0.0,-1,6,60,1,6,1,00:30,1,2,9
2023010491862,2023,010491862,1,1,1,1,54,8,3,0,0,0,0,0,9,8,E01003417,-1,0,0.0,1.0,-1,9,30,9,1,9,13:12,6,2,9
2023052300142,2023,052300142,2,3,2,2,36,7,3,0,0,2,0,0,9,1,E01007215,-1,0,0.0151,0.9849,-1,6,30,1,4,1,07:35,6,1,9
2023461274533,2023,461274533,1,2,2,2,33,6,3,0,0,1,0,0,9,4,E01004371,3,1,0.0,1.0,-1,3,70,1,1,1,13:39,6,2,9
2023320442812,2023,320442812,1,1,1,1,27,6,2,0,0,0,0,0,19,3,E01026415,-1,0,1.0,0.0,-1,6,60,1,1,1,06:53,3,2,19
2023010429741,2023,010429741,1,1,1,1,60,9,3,0,0,0,0,0,9,4,E01003560,-1,0,0.0,1.0,-1,6,20,1,1,1,08:09,3,2,9
2023010452640,2023,010452640,2,1,1,2,40,7,3,0,0,0,0,0,9,2,E01001842,-1,0,0.0,1.0,-1,2,20,1,1,1,16:50,7,2,9
2023031299221,2023,031299221,1,1,1,2,35,6,3,0,0,0,0,0,9,-1,-1,3,1,0.0,1.0,-1,6,30,1,1,1,08:03,6,3,9
2023311319484,2023,311319484,1,1,1,2,30,6,3,0,0,0,0,0,9,8,E01027999,3,1,0.0,1.0,-1,6,60,1,1,1,12:28,3,1,9
2023451373619,2023,451373619,2,1,1,1,34,6,3,0,0,0,0,0,9,10,E01030308,3,1,0.0,1.0,-1,6,30,1,4,1,17:00,7,2,9
2023461352108,2023,461352108,2,2,1,1,39,7,3,0,0,0,0,0,9,6,E01003952,3,1,0.0,1.0,-1,6,30,1,4,1,01:22,7,2,9
2023471345541,2023,471345541,1,1,2,2,86,11,3,0,0,0,4,0,11,5,E01016989,3,1,0.0,1.0,-1,6,30,1,1,1,10:26,6,1,11
2023411298484,2023,411298484,2,1,1,2,30,6,3,0,0,0,0,0,9,5,E01017748,3,1,0.0,1.0,-1,3,70,2,6,2,23:38,6,3,9
2023440151636,2023,440151636,1,1,1,1,55,8,3,0,0,0,0,0,9,5,E01017023,-1,0,0.02033,0.97967,-1,6,30,1,1,1,13:00,3,2,9
2023471345649,2023,471345649,4,3,1,1,25,5,3,0,0,0,0,0,9,4,E01021057,3,1,0.0,1.0,-1,6,50,1,1,1,15:54,6,4,9
2023501380191,2023,501380191,1,2,2,2,16,4,3,0,0,1,0,0,9,4,E01018926,3,1,0.0,1.0,-1,6,30,1,1,1,12:56,3,2,9
2023131322521,2023,131322521,1,1,1,1,29,6,2,0,0,0,0,0,90,6,E01011070,7,1,1.0,0.0,-1,6,60,1,1,1,14:38,1,1,90
2023041323709,2023,041323709,1,1,1,1,20,4,3,0,0,0,0,0,9,5,E01025095,3,1,0.0,1.0,-1,3,70,1,1,2,14:41,4,2,9
2023471280303,2023,471280303,1,1,1,2,63,9,3,0,0,0,0,0,9,4,E01021004,3,1,0.0,1.0,-1,6,40,1,4,1,19:05,6,2,9
2023471331889,2023,471331889,1,1,1,1,38,7,3,0,0,0,0,0,9,9,E01030660,3,1,0.0,1.0,-1,3,70,1,1,1,10:42,6,2,9
2023311374851,2023,311374851,1,1,1,1,40,7,3,0,0,0,0,0,9,7,E01028240,3,1,0.0,1.0,-1,6,30,1,5,1,19:22,4,2,9
2023411362372,2023,411362372,1,1,1,2,54,8,3,0,0,0,0,0,9,9,E01015806,3,1,0.0,1.0,-1,3,70,1,1,1,09:24,2,2,9
202354D036723,2023,54D036723,1,1,1,2,23,5,2,0,0,0,0,0,9,3,E01016336,-1,0,1.0,0.0,-1,3,70,1,6,1,18:06,6,2,9
2023211395546,2023,211395546,2,1,1,1,21,5,3,0,0,0,0,0,9,8,E01006078,3,1,0.0,1.0,-1,3,70,1,6,2,16:28,5,2,9
2023302301116,2023,302301116,2,1,2,2,54,8,3,0,0,1,0,0,9,4,E01013494,-1,0,0.02115,0.97885,-1,3,40,1,1,1,15:00,6,2,9
2023430118015,2023,430118015,2,2,1,2,20,4,3,0,0,0,0,0,9,6,E01030699,-1,0,0.02864,0.97136,-1,3,40,1,1,1,15:45,5,3,9
2023552301376,2023,552301376,2,1,1,1,57,9,3,0,0,0,0,0,9,4,E01020581,-1,0,0.01977,0.98023,-1,6,30,1,1,1,14:11,2,3,9
2023371296406,2023,371296406,1,1,1,1,32,6,3,0,0,0,0,0,19,6,E01030209,3,1,0.0,1.0,-1,6,60,1,1,1,16:10,5,2,19
2023461358375,2023,461358375,1,1,2,1,25,5,3,0,0,0,0,0,19,4,E01024647,3,1,0.0,1.0,-1,6,30,1,4,1,00:45,6,1,19
2023010463169,2023,010463169,1,1,1,1,17,4,3,0,0,0,0,0,3,6,E01003386,-1,0,0.0,1.0,-1,6,20,1,1,1,18:40,6,2,3
2023010473986,2023,010473986,1,1,1,-1,31,6,3,0,0,0,0,0,3,4,E01033725,-1,0,0.0,1.0,-1,9,30,9,4,9,18:40,3,2,3
2023010443150,2023,010443150,2,1,1,1,53,8,3,0,0,0,0,0,4,8,E01000399,-1,0,0.0,1.0,-1,6,30,1,1,1,19:06,2,2,4
2023471358052,2023,471358052,2,1,1,1,65,9,2,0,0,0,0,0,5,6,E01030524,7,1,1.0,0.0,-1,6,30,1,1,1,16:00,7,2,5
2023552300628,2023,552300628,2,1,1,1,25,5,3,0,0,0,0,0,3,9,E01020372,-1,0,0.04286,0.95714,-1,6,30,1,1,1,17:07,3,2,3
2023061304764,2023,061304764,1,1,2,1,24,5,3,0,0,1,0,0,9,-1,-1,3,1,0.0,1.0,-1,3,30,1,1,1,16:30,6,1,9
2023320487251,2023,320487251,1,2,2,2,27,6,2,0,0,1,0,0,9,-1,-1,-1,0,1.0,0.0,-1,6,60,1,1,1,07:55,2,2,9
2023631356621,2023,631356621,2,1,1,2,41,7,3,0,0,0,0,0,9,9,W01001934,3,1,0.0,1.0,-1,6,30,1,1,1,16:00,6,2,9
2023430374057,2023,430374057,1,1,1,1,35,6,3,0,0,0,0,0,1,3,E01016382,-1,0,0.14043,0.85957,-1,6,30,1,1,1,12:15,2,2,1
2023461355121,2023,461355121,1,1,1,1,27,6,2,0,0,0,0,0,3,1,E01024667,7,1,1.0,0.0,-1,6,30,1,1,1,15:45,1,1,3
2023622300969,2023,622300969,2,2,1,1,20,4,3,0,0,0,0,0,5,1,W01000991,-1,0,0.09211,0.90789,-1,6,30,1,1,1,13:15,7,2,5
2023131309840,2023,131309840,2,5,2,1,31,6,2,0,0,1,0,0,9,3,E01010789,7,1,1.0,0.0,-1,6,30,1,4,1,23:24,1,3,9
2023201288488,2023,201288488,2,1,1,2,35,6,3,0,0,0,0,0,9,7,E01031244,3,1,0.0,1.0,-1,6,30,1,1,1,12:00,6,2,9
2023010461248,2023,010461248,1,1,1,2,59,9,3,0,0,0,0,0,9,1,E01002093,-1,0,0.0,1.0,-1,6,20,1,1,1,16:20,5,2,9
2023010472172,2023,010472172,2,2,1,1,38,7,2,0,0,0,0,0,9,5,E01032726,-1,0,1.0,0.0,-1,6,30,1,4,1,22:11,1,2,9
2023430516896,2023,430516896,2,2,2,2,65,9,3,0,0,1,0,0,9,9,E01028618,-1,0,0.0955,0.9045,-1,6,60,1,1,2,09:26,6,4,9
2023351334361,2023,351334361,2,1,1,1,73,10,1,0,0,0,0,0,5,9,E01018054,1,1,0.0,0.0,-1,6,50,1,1,1,12:05,7,2,5
2023122301168,2023,122301168,1,1,1,2,23,5,3,0,0,0,0,0,9,3,E01007569,-1,0,0.07985,0.92015,-1,6,60,1,1,1,18:19,4,1,9
2023201284412,2023,201284412,2,4,2,1,66,10,3,0,0,2,0,0,9,1,E01009350,3,1,0.0,1.0,-1,3,70,5,4,2,18:38,3,2,9
2023421363065,2023,421363065,2,3,1,2,61,9,3,0,0,0,0,0,9,5,E01021089,3,1,0.0,1.0,-1,6,40,1,1,1,13:40,1,3,9
2023471364621,2023,471364621,2,2,2,1,25,5,3,0,0,1,0,0,9,5,E01020921,3,1,0.0,1.0,-1,1,40,1,1,1,15:25,7,2,9
2023052300351,2023,052300351,2,2,2,2,31,6,3,0,0,1,0,0,9,1,E01006771,-1,0,0.0062,0.9938,-1,6,30,1,1,1,09:05,2,2,9
2023231387236,2023,231387236,2,1,1,2,24,5,2,0,0,0,0,0,9,6,E01031130,7,1,1.0,0.0,-1,6,30,1,1,4,08:12,4,2,9
2023501296724,2023,501296724,2,2,1,1,74,10,2,0,0,0,0,0,9,2,E01015055,6,1,1.0,0.0,-1,9,30,1,1,1,11:20,7,2,9
2023622301005,2023,622301005,2,1,1,2,56,9,3,0,0,0,0,0,9,9,W01000772,-1,0,0.01702,0.98298,-1,6,30,1,1,1,07:47,4,2,9
2023010452085,2023,010452085,1,2,3,2,11,3,3,1,1,0,0,0,0,3,E01001969,-1,0,0.0,1.0,-1,6,30,1,1,1,19:23,4,1,1
2023010462095,2023,010462095,1,1,3,1,26,6,3,5,1,0,0,0,0,-1,-1,-1,0,0.0,1.0,-1,6,20,1,4,1,23:03,4,1,9
2023371372649,2023,371372649,1,2,3,2,8,2,3,5,3,0,0,0,0,4,E01030263,3,1,0.0,1.0,-1,6,30,1,1,1,11:29,6,1,1
2023052301565,2023,052301565,2,1,1,1,38,7,3,0,0,0,0,0,4,1,E01006571,-1,0,0.10173,0.89827,-1,6,30,2,1,2,09:15,6,2,4
2023161309598,2023,161309598,1,1,1,2,30,6,3,0,0,0,0,0,9,5,E01013244,3,1,0.0,1.0,-1,6,60,1,1,1,18:05,7,2,9
2023320056438,2023,320056438,1,1,1,2,23,5,3,0,0,0,0,0,9,5,E01026100,-1,0,0.09151,0.90849,-1,6,60,8,6,2,06:18,7,1,9
2023320079091,2023,320079091,1,1,2,2,18,4,3,0,0,1,0,0,9,6,E01026020,-1,0,0.02699,0.97301,-1,6,40,1,1,4,10:30,3,1,9
2023411277401,2023,411277401,1,1,1,2,64,9,3,0,0,0,0,0,9,7,E01023801,3,1,0.0,1.0,-1,6,60,1,1,4,16:00,4,2,9
2023451361644,2023,451361644,2,2,1,2,44,7,3,0,0,0,0,0,9,2,E01030599,3,1,0.0,1.0,-1,6,30,1,1,1,18:12,2,4,9
2023041362938,2023,041362938,2,1,1,1,40,7,2,0,0,0,0,0,9,2,E01012576,7,1,1.0,0.0,-1,6,30,1,4,2,21:25,7,2,9
2023052300312,2023,052300312,2,1,1,1,69,10,3,0,0,0,0,0,9,6,E01007045,-1,0,0.04971,0.95029,-1,6,20,1,1,1,13:00,5,2,9
2023131378693,2023,131378693,2,1,1,2,24,5,2,0,0,0,0,0,9,3,E01033542,6,1,1.0,0.0,-1,6,30,8,4,1,20:30,6,2,9
2023332300708,2023,332300708,1,1,1,1,48,8,3,0,0,0,0,0,9,3,E01013641,-1,0,0.02309,0.97691,-1,6,30,2,1,2,16:15,6,2,9
2023471374183,2023,471374183,3,2,1,1,40,7,3,0,0,0,0,0,9,9,E01021053,3,1,0.0,1.0,-1,6,50,1,5,1,16:55,2,3,9
2023991258755,2023,991258755,2,3,2,2,26,6,2,0,0,1,0,0,9,-1,-1,6,1,1.0,0.0,-1,6,60,1,6,2,17:20,1,3,9
2023010431223,2023,010431223,1,1,1,2,27,6,3,0,0,0,0,0,9,9,E01031733,-1,0,0.0,1.0,-1,3,70,2,1,2,11:19,5,2,9
2023131316097,2023,131316097,1,1,1,2,22,5,2,0,0,0,0,0,9,1,E01010842,7,1,1.0,0.0,-1,3,40,1,1,1,20:09,2,2,9
2023411318093,2023,411318093,4,4,1,1,57,9,3,0,0,0,0,0,9,5,E01023755,3,1,0.0,1.0,-1,3,70,1,1,1,16:05,3,4,9
2023010454778,2023,010454778,1,1,1,1,25,5,3,0,0,0,0,0,3,2,E01003196,-1,0,0.0,1.0,-1,9,30,9,1,9,16:40,2,2,3
2023131393367,2023,131393367,2,1,3,2,21,5,2,10,9,0,0,1,0,1,E01010732,7,1,1.0,0.0,-1,6,30,2,1,2,14:35,7,5,9
2023010448037,2023,010448037,1,2,2,2,19,4,3,0,0,1,0,0,9,4,E01003662,-1,0,0.0,1.0,-1,6,30,1,1,1,19:20,6,1,9
2023131363061,2023,131363061,2,2,1,2,54,8,3,0,0,0,0,0,9,6,E01013253,3,1,0.0,1.0,-1,6,60,1,1,1,14:11,1,4,9
2023351395161,2023,351395161,2,2,2,1,38,7,3,0,0,1,0,0,9,1,E01027820,3,1,0.0,1.0,-1,6,60,1,1,1,11:22,7,2,9
2023440433115,2023,440433115,1,1,2,2,28,6,3,0,0,1,0,0,9,3,E01017348,-1,0,0.04937,0.95063,-1,6,30,1,4,1,20:31,1,2,9
2023010465822,2023,010465822,1,1,1,2,36,7,3,0,0,0,0,0,1,3,E01004630,-1,0,0.0,1.0,-1,6,20,1,1,1,16:55,4,2,1
2023320267661,2023,320267661,1,1,1,1,63,9,3,0,0,0,0,0,1,6,E01026344,-1,0,0.12393,0.87607,-1,6,30,1,1,1,10:25,2,2,1
2023461267696,2023,461267696,2,1,1,1,50,8,3,0,0,0,0,0,1,-1,-1,3,1,0.0,1.0,-1,6,60,1,6,1,06:50,4,2,1
2023211305360,2023,211305360,1,2,1,2,59,9,3,0,0,0,0,0,9,1,E01029372,3,1,0.0,1.0,-1,3,60,2,1,2,19:34,2,2,9
2023302301307,2023,302301307,2,4,1,2,34,6,3,0,0,0,0,0,9,7,E01019548,-1,0,0.0459,0.9541,-1,6,30,1,1,1,18:38,3,2,9
2023302301826,2023,302301826,1,1,1,1,49,8,3,0,0,0,0,0,9,1,E01010364,-1,0,0.02298,0.97702,-1,6,40,1,1,2,09:00,3,2,9
2023170S11643,2023,170S11643,2,1,1,2,22,5,3,0,0,0,0,0,9,4,E01012264,-1,0,0.01565,0.98435,-1,6,30,1,1,1,11:34,2,3,9
2023201277494,2023,201277494,1,1,1,1,31,6,3,0,0,0,0,0,9,8,E01010553,3,1,0.0,1.0,-1,6,40,2,4,2,00:02,5,1,9
2023421292875,2023,421292875,1,1,1,1,20,4,3,0,0,0,0,0,-1,8,E01021299,3,1,0.0,1.0,-1,3,50,1,1,1,13:26,2,1,-1
2023010458565,2023,010458565,2,2,2,1,21,5,3,0,0,2,0,0,9,4,E01004380,-1,0,0.0,1.0,-1,6,30,2,1,2,17:47,4,5,9
2023131356568,2023,131356568,2,1,1,1,28,6,3,0,0,0,0,0,9,1,E01010650,3,1,0.0,1.0,-1,3,30,1,1,1,14:31,2,2,9
2023201314062,2023,201314062,2,1,1,1,31,6,3,0,0,0,0,0,9,1,E01008914,3,1,0.0,1.0,-1,6,30,1,1,1,13:56,2,2,9
2023221402499,2023,221402499,2,1,1,2,39,7,3,0,0,0,0,0,9,9,E01009860,3,1,0.0,1.0,-1,6,50,1,6,2,16:35,1,3,9
2023131294783,2023,131294783,1,1,1,2,24,5,3,0,0,0,0,0,9,9,E01033475,3,1,0.0,1.0,-1,3,70,1,1,1,16:10,6,4,9
2023201328514,2023,201328514,1,1,1,1,30,6,3,0,0,0,0,0,9,1,E01010364,3,1,0.0,1.0,-1,3,40,1,1,1,16:00,4,2,9
2023461327102,2023,461327102,2,2,1,1,20,4,3,0,0,0,0,0,9,10,E01024820,3,1,0.0,1.0,-1,6,40,1,1,1,17:50,6,2,9
2023461387547,2023,461387547,2,1,1,1,28,6,3,0,0,0,0,0,9,2,E01024840,3,1,0.0,1.0,-1,6,30,1,1,2,22:00,6,2,9
2023991260501,2023,991260501,1,1,1,2,35,6,3,0,0,0,0,0,9,3,-1,3,1,0.0,1.0,-1,6,30,1,4,2,17:53,6,2,9
2023411309912,2023,411309912,1,2,2,2,48,8,3,0,0,0,4,0,11,2,E01001560,3,1,0.0,1.0,-1,3,40,9,1,-1,13:15,5,1,11
2023041266412,2023,041266412,2,2,2,2,92,11,2,0,0,1,0,0,9,9,E01025453,5,1,1.0,0.0,-1,3,40,1,1,2,12:42,7,2,9
2023131361459,2023,131361459,2,1,1,2,27,6,3,0,0,0,0,0,9,6,E01011071,3,1,0.0,1.0,-1,2,30,1,1,1,09:12,2,2,9
2023440195423,2023,440195423,1,1,1,2,40,7,3,0,0,0,0,0,9,10,E01022663,-1,0,0.0074,0.9926,-1,6,30,1,1,1,10:20,7,2,9
2023440367136,2023,440367136,3,4,2,2,56,9,3,0,0,1,0,0,9,6,E01020439,-1,0,0.09871,0.90129,-1,3,70,1,1,1,09:50,7,3,9
2023311366473,2023,311366473,1,2,2,2,46,8,3,0,0,0,4,0,11,3,E01013873,3,1,0.0,1.0,-1,3,30,8,1,-1,12:53,6,1,11
2023461320928,2023,461320928,1,1,1,1,45,7,3,0,0,0,0,0,9,6,E01024520,3,1,0.0,1.0,-1,6,30,1,1,1,16:12,6,2,9
2023991348218,2023,991348218,1,1,1,1,56,9,1,0,0,0,0,0,9,8,-1,1,1,0.0,0.0,-1,3,70,1,4,1,22:45,1,1,9
2023010452050,2023,010452050,1,1,1,1,29,6,3,0,0,0,0,0,23,3,E01002243,-1,0,0.0,1.0,-1,3,50,1,1,1,19:45,4,1,23
2023411308804,2023,411308804,1,1,1,1,45,7,3,0,0,0,0,0,3,10,E01023502,3,1,0.0,1.0,-1,6,20,2,1,2,19:30,3,2,3
2023531319838,2023,531319838,1,1,2,2,21,5,3,0,0,2,0,0,9,2,E01022133,3,1,0.0,1.0,-1,3,40,1,4,1,22:50,6,2,9
2023991302546,2023,991302546,1,1,1,2,55,8,2,0,0,0,0,0,9,-1,-1,7,1,1.0,0.0,-1,6,60,2,1,2,16:05,1,2,9
2023991325974,2023,991325974,1,1,1,1,42,7,3,0,0,0,0,0,19,4,-1,3,1,0.0,1.0,-1,6,40,1,4,1,22:26,3,2,19
2023010451930,2023,010451930,2,1,1,1,20,4,3,0,0,0,0,0,1,3,E01003154,-1,0,0.0,1.0,-1,3,30,1,1,1,07:47,3,2,1
2023061268079,2023,061268079,1,2,2,1,10,2,3,0,0,2,0,0,9,7,E01012053,3,1,0.0,1.0,-1,6,30,1,4,1,21:35,4,2,9
2023332300155,2023,332300155,2,1,1,1,56,9,3,0,0,0,0,0,9,10,E01028388,-1,0,0.02236,0.97764,-1,6,40,2,1,2,09:00,2,2,9
2023430276319,2023,430276319,1,1,1,2,24,5,3,0,0,0,0,0,9,6,E01026986,-1,0,0.00369,0.99631,-1,1,30,1,4,1,01:15,6,2,9
2023010428148,2023,010428148,2,1,1,1,32,6,3,0,0,0,0,0,1,2,E01004242,-1,0,0.0,1.0,-1,3,20,9,4,1,23:20,4,2,1
2023201341360,2023,201341360,2,1,1,1,23,5,2,0,0,0,0,0,3,1,E01009365,6,1,1.0,0.0,-1,3,40,1,1,1,19:23,1,2,3
2023371345311,2023,371345311,1,3,2,2,55,8,3,0,0,1,0,0,9,8,E01029909,3,1,0.0,1.0,-1,7,60,1,1,1,17:25,4,2,9
2023552301516,2023,552301516,1,1,3,1,37,7,2,5,3,0,0,0,0,5,E01015346,-1,0,1.0,0.0,-1,6,30,1,4,1,21:31,3,1,9
2023010486579,2023,010486579,1,2,2,2,22,5,2,0,0,1,0,0,9,1,E01003961,-1,0,1.0,0.0,-1,6,20,5,4,2,02:30,2,3,9
2023340WN3272,2023,340WN3272,1,2,2,2,20,4,3,0,0,1,0,0,9,-1,-1,-1,0,0.04373,0.95627,-1,6,50,1,1,1,15:15,5,2,9
2023421297455,2023,421297455,1,1,3,2,36,7,2,6,9,0,0,-1,0,3,E01015854,7,1,1.0,0.0,-1,6,30,1,4,2,20:30,2,1,9
2023131351483,2023,131351483,2,1,1,2,42,7,3,0,0,0,0,0,9,1,E01010626,3,1,0.0,1.0,-1,6,30,2,1,2,08:41,3,2,9
2023070361052,2023,070361052,1,1,1,1,55,8,2,0,0,0,0,0,1,9,E01018634,-1,0,1.0,0.0,-1,6,30,1,1,1,12:50,7,2,1
2023311285295,2023,311285295,2,1,1,1,37,7,3,0,0,0,0,0,1,7,E01028207,3,1,0.0,1.0,-1,6,30,1,1,1,08:25,5,3,1
2023141284496,2023,141284496,1,1,1,1,53,8,3,0,0,0,0,0,22,1,E01007768,3,1,0.0,1.0,-1,9,30,1,1,1,10:23,4,2,22
2023411394622,2023,411394622,2,1,1,1,21,5,3,0,0,0,0,0,3,1,E01002093,3,1,0.0,1.0,-1,6,30,1,4,1,18:45,7,2,3
2023061285260,2023,061285260,1,1,1,1,57,9,3,0,0,0,0,0,1,-1,-1,3,1,0.0,1.0,-1,6,30,1,1,-1,14:15,5,2,1
2023010483441,2023,010483441,1,1,1,1,19,4,2,0,0,0,0,0,3,4,E01001259,-1,0,1.0,0.0,-1,3,40,1,4,1,18:45,2,2,3
2023141373517,2023,141373517,1,2,2,1,18,4,2,0,0,2,0,0,9,-1,-1,6,1,1.0,0.0,-1,6,20,1,4,1,23:11,7,1,9
2023401364307,2023,401364307,2,1,2,2,6,2,3,0,0,0,0,0,-1,4,E01017473,3,1,0.0,1.0,-1,6,30,1,1,1,08:45,6,2,-1
2023052302868,2023,052302868,1,1,3,1,4,1,3,1,9,0,0,0,0,1,E01006637,-1,0,0.08312,0.91688,-1,6,30,1,1,4,08:30,6,1,9
202360A061777,2023,60A061777,1,1,3,1,-1,-1,3,5,3,0,0,0,0,-1,-1,-1,0,0.12932,0.87068,-1,6,30,9,1,1,18:30,5,1,19
2023610012523,2023,610012523,2,2,3,2,12,3,3,6,9,0,0,0,0,1,W01001421,-1,0,0.15923,0.84077,-1,6,30,1,1,1,14:44,6,3,19
2023010477225,2023,010477225,1,1,1,1,37,7,3,0,0,0,0,0,1,2,E01003557,-1,0,0.0,1.0,-1,6,30,1,1,2,07:15,6,2,1
202360A054087,2023,60A054087,2,1,1,1,13,3,3,0,0,0,0,0,1,-1,-1,-1,0,0.17381,0.82619,-1,6,30,1,1,2,15:11,6,2,1
2023010440353,2023,010440353,1,1,1,2,38,7,3,0,0,0,0,0,9,5,E01002347,-1,0,0.0,1.0,-1,6,20,1,1,1,05:16,7,2,9
2023211331418,2023,211331418,2,1,1,2,45,7,3,0,0,0,0,0,9,2,E01014236,3,1,0.0,1.0,-1,6,30,1,1,1,16:30,2,2,9
2023520300610,2023,520300610,2,41,2,1,30,6,2,0,0,0,4,0,11,7,E01002198,-1,0,1.0,0.0,-1,6,40,1,6,4,06:00,3,3,11
2023440066689,2023,440066689,2,1,1,2,23,5,3,0,0,0,0,0,3,-1,-1,-1,0,0.15988,0.84012,-1,6,40,1,1,1,11:36,6,2,3
2023041364039,2023,041364039,2,1,1,1,24,5,3,0,0,0,0,0,4,6,E01025402,3,1,0.0,1.0,-1,6,30,1,1,2,06:39,5,2,4
2023071091107,2023,071091107,1,1,1,2,84,11,3,0,0,0,0,0,9,6,E01018570,-1,0,0.08163,0.91837,-1,6,50,1,1,1,10:30,6,2,9
2023101330167,2023,101330167,2,3,1,1,46,8,3,0,0,0,0,0,9,-1,-1,3,1,0.0,1.0,-1,3,70,1,1,1,11:50,7,2,9