collision_index,collision_year,collision_ref_no,vehicle_reference,casualty_reference,casualty_class,sex_of_casualty,age_of_casualty,age_band_of_casualty,casualty_severity,pedestrian_location,pedestrian_movement,car_passenger,bus_or_coach_passenger,pedestrian_road_maintenance_worker,casualty_type,casualty_imd_decile,lsoa_of_casualty,enhanced_casualty_severity,casualty_injury_based,casualty_adjusted_severity_serious,casualty_adjusted_severity_slight,casualty_distance_banding,road_type,speed_limit,weather_conditions,light_conditions,road_surface_conditions,time,day_of_week,number_of_vehicles,vehicle_type
2023131272379,2023,131272379,2,1,1,1,51,8,3,0,0,0,0,0,9,6,E01010915,3,1,0.0,1.0,-1,6,20,1,1,1,11:32,7,2,9
2023131300437,2023,131300437,2,2,2,1,20,4,3,0,0,1,0,0,9,2,E01010667,3,1,0.0,1.0,-1,6,30,1,4,1,20:28,2,2,9
2023201415186,2023,201415186,1,1,3,2,21,5,3,1,1,0,0,2,0,-1,-1,3,1,0.0,1.0,-1,3,30,2,1,2,15:18,2,1,9
2023546607323,2023,546607323,2,1,1,2,8,2,3,0,0,0,0,0,1,8,E01031910,-1,0,0.05,0.95,-1,6,30,1,1,1,19:46,6,2,1
2023461276383,2023,461276383,2,2,2,2,0,1,3,0,0,1,0,0,9,1,E01024257,3,1,0.0,1.0,-1,6,30,2,1,2,15:20,5,3,9
202360A134849,2023,60A134849,1,1,1,1,26,6,3,0,0,0,0,0,9,-1,-1,-1,0,0.10659,0.89341,-1,6,30,1,4,1,22:01,3,4,9
202363B025523,2023,63B025523,1,1,1,1,18,4,3,0,0,0,0,0,9,-1,-1,-1,0,0.10822,0.89178,-1,6,60,1,1,1,17:05,1,1,9
2023991373714,2023,991373714,1,1,3,1,36,7,2,8,9,0,0,2,0,1,-1,7,1,1.0,0.0,-1,6,20,1,4,2,17:19,1,1,9
2023522300819,2023,522300819,2,1,1,2,36,7,3,0,0,0,0,0,1,1,E01014653,-1,0,0.06452,0.93548,-1,6,20,2,1,2,08:21,4,2,1
2023010466640,2023,010466640,1,1,1,1,40,7,2,0,0,0,0,0,19,4,E01002583,-1,0,1.0,0.0,-1,6,30,1,4,1,18:55,1,1,19
2023552300586,2023,552300586,2,1,1,1,56,9,2,0,0,0,0,0,5,10,E01020559,-1,0,1.0,0.0,-1,6,60,1,1,1,11:42,4,2,5
2023461262755,2023,461262755,2,1,1,1,39,7,3,0,0,0,0,0,9,8,E01031732,3,1,0.0,1.0,-1,6,30,2,5,2,06:45,3,2,9
2023401379441,2023,401379441,1,1,3,1,9,2,3,5,4,0,0,0,0,8,E01017467,3,1,0.0,1.0,-1,6,30,1,1,1,16:34,3,1,9
2023421302368,2023,421302368,1,1,3,1,45,7,3,6,9,0,0,0,0,6,E01021263,3,1,0.0,1.0,-1,6,30,1,4,1,23:28,7,1,-1
2023010472641,2023,010472641,2,2,1,1,23,5,3,0,0,0,0,0,9,2,E01003256,-1,0,0.0,1.0,-1,6,20,1,1,1,07:14,4,2,9
2023201379898,2023,201379898,2,1,1,1,26,6,3,0,0,0,0,0,9,3,E01009989,3,1,0.0,1.0,-1,3,40,2,4,2,16:30,5,2,9
2023549903523,2023,549903523,2,1,1,1,52,8,3,0,0,0,0,0,9,10,W01001821,-1,0,0.01561,0.98439,-1,1,40,1,1,1,17:02,2,2,9
2023991267966,2023,991267966,1,2,1,1,57,9,3,0,0,0,0,0,19,8,-1,3,1,0.0,1.0,-1,6,60,2,1,2,07:52,4,2,19
2023010469589,2023,010469589,1,1,1,1,30,6,2,0,0,0,0,0,1,3,E01001814,-1,0,1.0,0.0,-1,6,30,2,1,2,17:20,2,2,1
2023332301102,2023,332301102,5,2,2,2,11,3,3,0,0,2,0,0,8,7,E01025946,-1,0,0.0229,0.9771,-1,6,60,1,1,2,08:00,4,5,8
2023041402541,2023,041402541,1,1,3,2,53,8,2,1,1,0,0,0,0,-1,-1,7,1,1.0,0.0,-1,6,30,1,1,1,13:00,5,1,9
2023501292628,2023,501292628,1,1,3,2,10,2,2,10,4,0,0,0,0,3,E01015060,7,1,1.0,0.0,-1,6,30,1,1,1,20:27,6,1,9
2023991302692,2023,991302692,1,1,3,1,11,3,2,5,1,0,0,0,0,4,-1,7,1,1.0,0.0,-1,6,30,1,1,1,19:45,6,1,9
2023010477979,2023,010477979,2,3,1,2,27,6,3,0,0,0,0,0,9,3,E01001970,-1,0,0.0,1.0,-1,6,30,1,4,2,17:10,3,2,9
2023430461543,2023,430461543,1,2,2,1,17,4,3,0,0,1,0,0,9,6,E01017929,-1,0,0.07444,0.92556,-1,6,60,2,1,2,16:09,6,2,9
2023070214742,2023,070214742,1,1,1,1,10,2,3,0,0,0,0,0,-1,-1,-1,-1,0,0.06538,0.93462,-1,6,30,1,1,1,16:30,2,2,-1
2023101381435,2023,101381435,2,1,1,2,51,8,3,0,0,0,0,0,9,10,E01008475,3,1,0.0,1.0,-1,3,70,2,4,2,16:30,4,2,9
2023332301152,2023,332301152,1,2,2,1,36,7,3,0,0,1,0,0,9,8,E01025672,-1,0,0.0048,0.9952,-1,3,70,1,4,2,19:50,6,2,9
2023311362858,2023,311362858,2,2,1,1,58,9,3,0,0,0,0,0,1,-1,-1,3,1,0.0,1.0,-1,6,50,1,1,1,08:35,7,2,1
2023010422550,2023,010422550,1,1,1,1,16,4,3,0,0,0,0,0,2,8,E01000680,-1,0,0.0,1.0,-1,6,30,8,1,4,07:50,3,1,2
2023010449514,2023,010449514,1,1,1,2,59,9,3,0,0,0,0,0,9,9,E01024265,-1,0,0.0,1.0,-1,6,30,1,1,1,15:25,6,2,9
2023111369344,2023,111369344,2,2,2,1,8,2,3,0,0,-1,0,0,9,6,E01012317,3,1,0.0,1.0,-1,6,30,1,1,1,10:15,1,2,9
2023461379234,2023,461379234,1,1,1,1,45,7,3,0,0,0,0,0,9,4,E01024179,3,1,0.0,1.0,-1,6,30,1,1,2,07:14,1,2,9
2023542800723,2023,542800723,2,2,1,2,32,6,3,0,0,0,0,0,9,6,E01031877,-1,0,0.00408,0.99592,-1,6,60,2,1,2,07:30,3,2,9
2023010453321,2023,010453321,1,1,1,1,72,10,3,0,0,0,0,0,9,2,E01002316,-1,0,0.0,1.0,-1,1,30,1,1,1,19:00,3,2,9
2023161354953,2023,161354953,2,1,1,1,67,10,3,0,0,0,0,0,9,1,E01012798,3,1,0.0,1.0,-1,6,30,9,1,1,12:26,2,2,9
2023231341532,2023,231341532,2,1,1,2,31,6,3,0,0,0,0,0,9,3,E01031065,3,1,0.0,1.0,-1,1,50,1,1,1,13:30,5,2,9
2023211366121,2023,211366121,1,1,1,2,43,7,2,0,0,0,0,0,1,-1,-1,5,1,1.0,0.0,-1,6,30,2,1,2,17:18,1,1,1
2023371375027,2023,371375027,2,1,1,1,28,6,3,0,0,0,0,0,1,7,E01030235,3,1,0.0,1.0,-1,6,30,1,4,1,00:30,1,2,1
2023010441847,2023,010441847,1,2,1,1,-1,-1,3,0,0,0,0,0,9,6,E01002541,-1,0,0.0,1.0,-1,6,20,1,1,1,17:00,2,2,9
2023131315118,2023,131315118,2,3,2,2,-1,-1,3,0,0,1,0,0,9,-1,-1,3,1,0.0,1.0,-1,3,30,9,1,1,13:04,1,2,9
2023311293445,2023,311293445,1,1,3,1,39,7,3,9,8,0,0,0,0,9,E01010390,3,1,0.0,1.0,-1,6,20,8,7,-1,20:40,7,1,9
2023041282029,2023,041282029,2,1,1,2,31,6,3,0,0,0,0,0,9,6,E01025338,3,1,0.0,1.0,-1,6,30,1,4,1,18:00,5,2,9
2023201396789,2023,201396789,1,1,1,1,58,9,3,0,0,0,0,0,9,1,E01009019,3,1,0.0,1.0,-1,6,30,2,1,2,13:56,2,2,9
2023471320451,2023,471320451,2,1,1,2,25,5,3,0,0,0,0,0,9,9,E01021028,3,1,0.0,1.0,-1,6,40,1,1,1,14:32,2,2,9
2023201284518,2023,201284518,1,1,3,1,51,8,3,10,9,0,0,2,0,-1,-1,3,1,0.0,1.0,-1,2,30,1,1,1,13:40,3,1,9
2023010429043,2023,010429043,1,1,1,2,52,8,3,0,0,0,0,0,1,6,E01002714,-1,0,0.0,1.0,-1,6,20,1,1,1,11:40,6,2,1
2023041266800,2023,041266800,3,1,1,1,60,9,3,0,0,0,0,0,1,1,E01025575,3,1,0.0,1.0,-1,6,30,1,1,1,11:30,6,3,1
2023101345577,2023,101345577,2,2,1,2,44,7,3,0,0,0,0,0,9,-1,-1,3,1,0.0,1.0,-1,7,70,1,1,1,14:50,3,2,9
2023201295834,2023,201295834,2,1,2,1,13,3,3,0,0,1,0,0,9,1,E01010485,3,1,0.0,1.0,-1,6,30,1,4,1,23:53,7,2,9
2023440284391,2023,440284391,1,1,1,1,19,4,3,0,0,0,0,0,9,9,E01022618,-1,0,0.12362,0.87638,-1,6,60,4,1,2,11:53,7,1,9
2023010486241,2023,010486241,1,1,1,1,29,6,3,0,0,0,0,0,9,8,E01001392,-1,0,0.0,1.0,-1,3,40,1,4,1,01:03,2,3,9
2023070493413,2023,070493413,2,1,1,2,31,6,3,0,0,0,0,0,9,6,E01010750,-1,0,0.0039,0.9961,-1,3,70,9,1,-1,10:47,5,2,9
2023471332542,2023,471332542,1,1,1,1,65,9,3,0,0,0,0,0,9,4,E01031553,3,1,0.0,1.0,-1,3,50,1,4,1,01:45,2,1,9
2023610045823,2023,610045823,1,3,2,2,3,1,3,0,0,2,0,0,9,2,W01001325,-1,0,0.097,0.903,-1,6,20,1,1,2,09:20,2,3,9
2023361334088,2023,361334088,1,1,1,1,32,6,3,0,0,0,0,0,19,9,E01018013,3,1,0.0,1.0,-1,3,70,1,1,1,13:10,5,1,19
2023461382662,2023,461382662,1,1,3,2,38,7,3,5,1,0,0,0,0,3,E01016036,3,1,0.0,1.0,-1,6,30,1,7,2,06:20,3,1,19
2023101372369,2023,101372369,2,1,1,1,20,4,3,0,0,0,0,0,3,1,E01008290,3,1,0.0,1.0,-1,1,30,8,1,1,16:18,7,2,3
2023221362666,2023,221362666,1,1,1,1,42,7,2,0,0,0,0,0,5,5,E01028961,5,1,1.0,0.0,-1,6,60,1,1,1,18:38,7,2,5
2023141277711,2023,141277711,1,1,1,1,56,9,3,0,0,0,0,0,19,3,E01007368,3,1,0.0,1.0,-1,6,20,1,1,1,11:52,5,2,19
2023440052688,2023,440052688,1,1,1,1,41,7,3,0,0,0,0,0,19,3,E01022670,-1,0,0.08332,0.91668,-1,3,40,1,6,1,20:59,3,2,19
2023010435108,2023,010435108,1,1,1,1,29,6,3,0,0,0,0,0,9,8,E01017688,-1,0,0.0,1.0,-1,6,30,2,4,2,00:49,6,1,9
2023332300137,2023,332300137,2,1,1,2,41,7,3,0,0,0,0,0,9,8,E01031103,-1,0,0.02244,0.97756,-1,6,50,1,1,2,14:00,5,2,9
2023461379076,2023,461379076,2,1,1,1,20,4,2,0,0,0,0,0,4,9,E01024823,7,1,1.0,0.0,-1,6,20,1,4,2,20:30,4,3,4
2023421308159,2023,421308159,2,1,1,1,47,8,3,0,0,0,0,0,19,7,E01015966,3,1,0.0,1.0,-1,6,30,1,6,1,23:15,6,2,19
2023010442163,2023,010442163,1,1,1,1,20,4,3,0,0,0,0,0,9,9,E01002983,-1,0,0.0,1.0,-1,1,20,2,1,2,14:49,4,2,9
2023311322665,2023,311322665,2,1,1,2,29,6,3,0,0,0,0,0,1,-1,-1,3,1,0.0,1.0,-1,6,30,1,1,1,08:07,2,3,1
2023041328822,2023,041328822,1,1,1,1,28,6,2,0,0,0,0,0,97,1,E01024908,7,1,1.0,0.0,-1,6,30,1,1,1,20:19,7,2,97
2023010423976,2023,010423976,1,1,3,2,73,10,3,5,1,0,0,0,0,8,E01002690,-1,0,0.0,1.0,-1,6,20,1,4,1,17:02,6,1,1
2023461297116,2023,461297116,1,1,3,2,-1,-1,2,5,2,0,0,0,0,-1,-1,7,1,1.0,0.0,-1,6,30,5,1,2,14:05,4,1,9
2023010447504,2023,010447504,1,1,1,1,23,5,3,0,0,0,0,0,4,4,E01001459,-1,0,0.0,1.0,-1,6,20,1,1,1,13:32,4,2,4
2023010422915,2023,010422915,1,1,2,-1,10,2,3,0,0,2,0,0,9,4,E01001613,-1,0,0.0,1.0,-1,7,30,1,1,1,13:17,1,2,9
2023361361357,2023,361361357,2,1,1,1,28,6,3,0,0,0,0,0,9,4,E01026445,3,1,0.0,1.0,-1,6,40,1,1,1,08:45,3,3,9
2023531335945,2023,531335945,1,2,2,2,12,3,3,0,0,2,0,0,9,-1,-1,3,1,0.0,1.0,-1,6,60,1,1,1,14:50,2,3,9
2023991340879,2023,991340879,1,1,1,1,20,4,2,0,0,0,0,0,9,3,-1,7,1,1.0,0.0,-1,6,50,1,1,2,21:25,6,3,9
2023010440761,2023,010440761,1,1,3,1,63,9,2,1,1,0,0,0,0,4,E01004416,-1,0,1.0,0.0,-1,6,20,1,1,1,13:30,2,1,97
2023131357253,2023,131357253,1,1,3,2,32,6,3,9,8,0,0,2,0,2,E01011235,3,1,0.0,1.0,-1,6,30,1,1,1,11:02,5,1,11
2023010484750,2023,010484750,1,1,1,2,25,5,3,0,0,0,0,0,1,7,E01003456,-1,0,0.0,1.0,-1,1,20,1,1,1,11:30,1,2,1
2023471366443,2023,471366443,2,1,1,1,40,7,3,0,0,0,0,0,1,3,E01016860,3,1,0.0,1.0,-1,6,20,1,4,1,18:05,2,2,1
2023010450435,2023,010450435,1,1,1,2,24,5,3,0,0,0,0,0,3,5,E01001345,-1,0,0.0,1.0,-1,3,20,1,1,1,08:48,4,1,3
2023451329196,2023,451329196,2,1,1,1,20,4,3,0,0,0,0,0,3,4,E01030615,3,1,0.0,1.0,-1,6,50,1,1,1,15:00,5,2,3
2023010466403,2023,010466403,2,2,2,2,14,3,3,0,0,1,0,0,9,3,E01002564,-1,0,0.0,1.0,-1,2,20,1,1,1,13:43,7,2,9
2023201371234,2023,201371234,1,1,1,1,45,7,3,0,0,0,0,0,9,1,E01032465,3,1,0.0,1.0,-1,6,30,1,4,2,16:03,5,2,9
2023010439866,2023,010439866,1,1,2,1,78,11,3,0,0,0,1,0,11,5,E01002083,-1,0,0.0,1.0,-1,6,30,1,1,2,15:34,5,1,11
2023531367423,2023,531367423,2,1,1,1,28,6,3,0,0,0,0,0,3,8,E01022437,3,1,0.0,1.0,-1,6,30,1,1,1,15:25,5,2,3
2023111269722,2023,111269722,2,1,1,2,65,9,3,0,0,0,0,0,9,5,E01012310,3,1,0.0,1.0,-1,6,30,1,1,2,08:21,7,2,9
2023201279138,2023,201279138,1,1,1,2,51,8,3,0,0,0,0,0,9,5,E01029348,3,1,0.0,1.0,-1,3,30,1,1,1,11:54,3,3,9
2023010449100,2023,010449100,2,1,3,2,-1,-1,3,10,9,0,0,0,0,-1,-1,-1,0,0.0,1.0,-1,6,20,1,1,1,17:30,4,2,9
2023010467420,2023,010467420,2,1,1,1,19,4,3,0,0,0,0,0,1,4,E01003178,-1,0,0.0,1.0,-1,6,20,1,1,1,11:08,5,2,1
2023320790311,2023,320790311,2,1,1,1,17,4,3,0,0,0,0,0,3,6,E01026040,-1,0,0.07709,0.92291,-1,2,30,1,1,1,18:00,7,2,3
2023010484486,2023,010484486,1,1,1,2,46,8,3,0,0,0,0,0,9,1,E01004222,-1,0,0.0,1.0,-1,9,30,8,4,1,16:25,7,2,9
2023070584329,2023,070584329,2,1,1,1,52,8,3,0,0,0,0,0,9,6,E01018689,-1,0,0.04225,0.95775,-1,1,60,1,1,1,07:13,6,2,9
2023991328615,2023,991328615,2,1,1,1,36,7,3,0,0,0,0,0,8,3,-1,3,1,0.0,1.0,-1,6,30,1,1,1,15:31,7,2,8
2023010433554,2023,010433554,1,1,1,2,65,9,2,0,0,0,0,0,9,4,E01001150,-1,0,1.0,0.0,-1,1,20,1,1,2,08:31,4,2,9
2023501399485,2023,501399485,2,2,2,1,12,3,3,0,0,-1,0,0,9,7,E01015099,3,1,0.0,1.0,-1,3,30,2,4,2,18:10,1,2,9
2023061288656,2023,061288656,1,1,3,2,15,3,3,5,3,0,0,-1,0,2,E01004828,3,1,0.0,1.0,-1,6,20,1,1,1,08:00,3,1,9
2023552300920,2023,552300920,1,1,1,1,52,8,3,0,0,0,0,0,4,7,E01015424,-1,0,0.15898,0.84102,-1,6,30,1,1,2,18:45,4,2,4
2023010481647,2023,010481647,1,1,1,2,28,6,3,0,0,0,0,0,9,5,E01000738,-1,0,0.0,1.0,-1,6,20,1,4,2,17:41,6,2,9
2023061386553,2023,061386553,2,1,1,1,31,6,3,0,0,0,0,0,1,8,E01005155,3,1,0.0,1.0,-1,6,30,1,4,-1,19:20,7,2,1
2023122300134,2023,122300134,1,1,1,2,37,7,2,0,0,0,0,0,9,6,E01027601,-1,0,1.0,0.0,-1,6,60,2,6,2,17:00,2,1,9
2023161307238,2023,161307238,1,3,2,2,23,5,2,0,0,2,0,0,9,-1,-1,7,1,1.0,0.0,-1,6,30,1,1,1,16:15,1,2,9
2023302301194,2023,302301194,2,1,1,1,28,6,3,0,0,0,0,0,9,6,E01028331,-1,0,0.007,0.993,-1,1,70,1,1,1,17:30,3,2,9
2023010424484,2023,010424484,1,1,3,1,12,3,3,1,1,0,0,0,0,3,E01002044,-1,0,0.0,1.0,-1,6,20,1,1,1,08:08,3,1,19
2023520000183,2023,520000183,1,1,1,1,75,10,1,0,0,0,0,0,3,3,E01014370,-1,0,0.0,0.0,-1,9,40,1,1,1,09:25,5,1,3
2023041369308,2023,041369308,2,2,2,2,10,2,2,0,0,1,0,0,9,4,E01012755,7,1,1.0,0.0,-1,3,40,1,1,1,14:30,2,2,9
2023061319652,2023,061319652,2,3,1,1,38,7,3,0,0,0,0,0,9,3,E01006034,3,1,0.0,1.0,-1,6,30,1,1,1,18:55,4,2,9
2023461343760,2023,461343760,2,2,1,2,28,6,2,0,0,0,0,0,9,5,E01016149,7,1,1.0,0.0,-1,1,30,1,1,1,11:59,2,2,9
2023991338484,2023,991338484,2,1,1,1,54,8,2,0,0,0,0,0,9,1,E01024295,5,1,1.0,0.0,-1,6,60,2,1,2,12:35,7,2,9
2023991270640,2023,991270640,1,1,3,1,64,9,3,1,3,0,0,0,0,5,-1,3,1,0.0,1.0,-1,3,40,2,4,2,22:00,3,1,9
2023201284288,2023,201284288,2,1,1,1,28,6,2,0,0,0,0,0,1,4,E01009249,7,1,1.0,0.0,-1,1,30,1,4,2,22:44,4,2,1
2023351325264,2023,351325264,2,1,1,1,15,3,3,0,0,0,0,0,1,10,E01018121,3,1,0.0,1.0,-1,6,60,1,1,1,08:57,4,2,1
2023010451203,2023,010451203,2,1,2,2,35,6,3,0,0,1,0,0,9,10,E01000697,-1,0,0.0,1.0,-1,6,30,1,1,1,16:45,7,2,9
202360A042997,2023,60A042997,1,1,3,1,59,9,3,6,9,0,0,0,0,-1,-1,-1,0,0.11236,0.88764,-1,2,30,1,1,1,15:39,7,1,9
2023302300055,2023,302300055,2,1,1,1,34,6,3,0,0,0,0,0,2,-1,-1,-1,0,0.0856,0.9144,-1,6,30,9,4,2,18:05,1,2,2
2023421272828,2023,421272828,1,1,1,2,35,6,2,0,0,0,0,0,4,8,E01021717,7,1,1.0,0.0,-1,3,70,1,1,1,02:15,2,2,4
2023201393234,2023,201393234,2,3,2,2,26,6,3,0,0,2,0,0,9,-1,-1,3,1,0.0,1.0,-1,6,20,1,4,1,23:34,5,2,9
2023302300783,2023,302300783,2,1,1,1,21,5,3,0,0,0,0,0,9,6,E01013589,-1,0,0.04628,0.95372,-1,6,60,1,1,1,16:45,4,2,9
2023311384241,2023,311384241,1,1,1,2,65,9,3,0,0,0,0,0,9,1,E01013871,3,1,0.0,1.0,-1,1,30,2,1,2,14:15,5,2,9
2023461282553,2023,461282553,2,1,1,1,59,9,3,0,0,0,0,0,9,3,E01024529,3,1,0.0,1.0,-1,3,40,1,1,1,13:21,3,2,9
2023461316695,2023,461316695,2,5,2,2,7,2,2,0,0,2,0,0,9,7,E01024274,7,1,1.0,0.0,-1,3,60,1,1,1,12:51,5,3,9
2023031302971,2023,031302971,1,3,2,1,77,11,3,0,0,2,0,0,9,7,E01020843,3,1,0.0,1.0,-1,7,60,1,1,1,13:19,3,2,9
2023421316066,2023,421316066,1,1,2,1,17,4,3,0,0,1,0,0,9,4,E01021295,3,1,0.0,1.0,-1,1,60,1,1,1,12:32,4,1,9
2023201312915,2023,201312915,2,1,1,2,71,10,2,0,0,0,0,0,1,9,E01009694,7,1,1.0,0.0,-1,6,30,1,1,1,15:20,7,2,1
2023522301505,2023,522301505,1,1,1,1,13,3,3,0,0,0,0,0,1,1,E01014802,-1,0,0.03631,0.96369,-1,6,30,1,1,1,15:15,3,2,1
2023010421698,2023,010421698,1,1,1,1,35,6,3,0,0,0,0,0,3,2,E01002051,-1,0,0.0,1.0,-1,6,20,1,1,1,16:30,1,2,3
2023131319040,2023,131319040,2,1,1,2,63,9,3,0,0,0,0,0,9,7,E01011959,3,1,0.0,1.0,-1,9,70,1,1,1,11:09,5,3,9
2023131330382,2023,131330382,2,1,1,2,37,7,2,0,0,0,0,0,9,1,E01010654,7,1,1.0,0.0,-1,6,30,1,4,1,23:30,2,4,9
2023141292515,2023,141292515,1,1,1,2,47,8,2,0,0,0,0,0,9,6,E01008128,7,1,1.0,0.0,-1,6,50,5,6,2,23:41,6,2,9
2023302300689,2023,302300689,1,1,1,-1,27,6,3,0,0,0,0,0,9,5,E01019402,-1,0,0.07286,0.92714,-1,6,30,1,4,1,01:41,7,1,9
2023201293891,2023,201293891,5,1,1,1,50,8,3,0,0,0,0,0,98,-1,-1,3,1,0.0,1.0,-1,3,70,1,1,2,09:16,3,5,98
2023122300190,2023,122300190,1,1,3,2,66,10,3,5,1,0,0,0,0,7,E01019203,-1,0,0.09166,0.90834,-1,6,30,1,1,2,15:00,6,1,9
2023131329843,2023,131329843,1,1,1,1,25,5,2,0,0,0,0,0,9,7,E01010587,7,1,1.0,0.0,-1,6,30,2,4,2,00:35,1,4,9
2023311294676,2023,311294676,1,3,2,2,70,10,3,0,0,1,0,0,9,-1,-1,3,1,0.0,1.0,-1,6,50,1,1,1,14:55,6,3,9
2023501321915,2023,501321915,2,1,1,1,39,7,2,0,0,0,0,0,1,2,E01018860,7,1,1.0,0.0,-1,1,30,1,1,1,16:15,4,2,1
2023010439166,2023,010439166,1,1,1,1,56,9,3,0,0,0,0,0,9,1,E01032512,-1,0,0.0,1.0,-1,3,20,1,1,1,20:00,6,2,9
2023141370878,2023,141370878,2,1,1,1,43,7,3,0,0,0,0,0,9,-1,-1,3,1,0.0,1.0,-1,3,40,2,1,2,14:40,7,3,9
2023302300661,2023,302300661,1,1,1,1,31,6,3,0,0,0,0,0,19,2,E01013521,-1,0,0.05381,0.94619,-1,6,30,2,1,2,20:25,5,1,19
2023451313806,2023,451313806,1,1,1,1,17,4,3,0,0,0,0,0,3,2,E01030599,3,1,0.0,1.0,-1,3,30,1,4,1,20:30,2,2,3
2023411394266,2023,411394266,1,1,1,2,76,11,3,0,0,0,0,0,9,2,E01026095,3,1,0.0,1.0,-1,3,40,1,1,1,12:15,7,4,9
2023471393266,2023,471393266,2,1,1,1,40,7,3,0,0,0,0,0,9,4,E01016966,3,1,0.0,1.0,-1,6,30,1,4,2,19:30,4,2,9
2023061280030,2023,061280030,2,1,1,1,40,7,2,0,0,0,0,0,1,1,E01005186,7,1,1.0,0.0,-1,6,30,1,4,1,18:20,6,2,1
2023201271340,2023,201271340,2,1,1,1,15,3,3,0,0,0,0,0,1,4,E01010459,3,1,0.0,1.0,-1,6,30,1,1,1,08:20,3,2,1
2023010445723,2023,010445723,1,1,1,1,23,5,3,0,0,0,0,0,4,5,E01021522,-1,0,0.0,1.0,-1,3,70,1,4,1,21:26,1,1,4
2023101343196,2023,101343196,1,1,1,1,73,10,2,0,0,0,0,0,5,-1,-1,6,1,1.0,0.0,-1,6,60,1,1,1,10:33,5,2,5
2023361328321,2023,361328321,1,2,1,1,21,5,3,0,0,0,0,0,9,5,E01026785,3,1,0.0,1.0,-1,3,70,1,1,1,12:05,6,2,9
2023440514363,2023,440514363,2,1,1,1,59,9,3,0,0,0,0,0,3,4,E01023154,-1,0,0.21103,0.78897,-1,6,30,1,1,1,14:59,1,2,3
2023052301626,2023,052301626,2,1,1,1,18,4,3,0,0,0,0,0,9,10,E01027674,-1,0,0.04395,0.95605,-1,3,30,1,1,1,14:07,6,2,9
2023141318042,2023,141318042,1,1,1,1,17,4,3,0,0,0,0,0,9,10,E01027699,3,1,0.0,1.0,-1,6,30,1,1,1,09:10,3,2,9
2023302300865,2023,302300865,1,1,2,2,85,11,2,0,0,1,0,0,9,2,E01013512,-1,0,1.0,0.0,-1,6,30,1,1,1,08:51,6,3,9
2023421368819,2023,421368819,2,2,2,1,66,10,3,0,0,1,0,0,9,6,E01021356,3,1,0.0,1.0,-1,6,30,1,4,1,18:40,4,4,9
2023052300103,2023,052300103,2,1,1,1,23,5,2,0,0,0,0,0,-1,1,E01006515,-1,0,1.0,0.0,-1,3,30,1,1,1,08:05,5,2,-1
2023351270462,2023,351270462,1,1,3,2,11,3,3,1,3,0,0,0,0,2,E01015632,3,1,0.0,1.0,-1,6,30,1,1,1,15:30,6,1,9
2023501394582,2023,501394582,2,1,1,1,54,8,3,0,0,0,0,0,1,8,E01019989,3,1,0.0,1.0,-1,6,30,1,1,1,15:25,1,2,1
2023201277192,2023,201277192,2,1,1,1,41,7,3,0,0,0,0,0,9,-1,-1,3,1,0.0,1.0,-1,6,30,1,1,1,12:25,6,2,9
2023052302114,2023,052302114,1,1,1,2,57,9,3,0,0,0,0,0,9,1,E01006444,-1,0,0.04561,0.95439,-1,6,30,1,1,1,13:02,6,2,9
2023531314647,2023,531314647,1,1,1,1,44,7,2,0,0,0,0,0,9,6,E01032200,5,1,1.0,0.0,-1,6,50,1,1,1,18:50,6,1,9
2023622300269,2023,622300269,1,1,1,1,72,10,3,0,0,0,0,0,9,1,W01000835,-1,0,0.1014,0.8986,-1,7,50,1,4,1,22:14,1,2,9
2023622300547,2023,622300547,2,2,1,2,45,7,3,0,0,0,0,0,9,5,W01001446,-1,0,0.01653,0.98347,-1,2,30,2,1,2,12:45,4,2,9
2023201337712,2023,201337712,1,1,3,1,15,3,2,5,4,0,0,0,0,2,E01010521,7,1,1.0,0.0,-1,6,30,1,4,1,22:15,6,1,9
2023041312350,2023,041312350,2,1,1,1,70,10,2,0,0,0,0,0,1,7,E01025594,7,1,1.0,0.0,-1,1,60,1,1,2,10:15,2,2,1
2023461349883,2023,461349883,2,1,1,1,19,4,3,0,0,0,0,0,3,8,E01016121,3,1,0.0,1.0,-1,2,30,1,1,1,12:40,7,2,3
2023411337377,2023,411337377,2,4,2,2,7,2,3,0,0,2,0,0,9,4,E01023781,3,1,0.0,1.0,-1,1,30,1,1,1,22:28,5,2,9
2023471287581,2023,471287581,2,1,1,1,72,10,3,0,0,0,0,0,9,9,E01021229,3,1,0.0,1.0,-1,6,40,1,1,1,15:20,5,2,9
2023131389801,2023,131389801,2,1,1,1,56,9,3,0,0,0,0,0,11,6,E01027774,3,1,0.0,1.0,-1,3,30,1,1,1,13:50,6,2,11
2023161277420,2023,161277420,1,1,1,1,34,6,3,0,0,0,0,0,23,1,E01012808,3,1,0.0,1.0,-1,6,30,4,1,1,08:20,6,1,23
2023041307705,2023,041307705,1,1,3,2,21,5,3,1,1,0,0,0,0,1,E01012724,3,1,0.0,1.0,-1,6,20,1,1,1,17:15,4,1,9
2023201384342,2023,201384342,1,1,1,2,37,7,3,0,0,0,0,0,9,4,E01009176,3,1,0.0,1.0,-1,1,30,1,1,2,08:30,4,2,9
2023010462899,2023,010462899,1,1,3,2,32,6,3,6,9,0,0,0,0,2,E01032722,-1,0,0.0,1.0,-1,9,30,1,1,1,17:48,6,1,1