collision_index,collision_year,collision_ref_no,vehicle_reference,casualty_reference,casualty_class,sex_of_casualty,age_of_casualty,age_band_of_casualty,casualty_severity,pedestrian_location,pedestrian_movement,car_passenger,bus_or_coach_passenger,pedestrian_road_maintenance_worker,casualty_type,casualty_imd_decile,lsoa_of_casualty,enhanced_casualty_severity,casualty_injury_based,casualty_adjusted_severity_serious,casualty_adjusted_severity_slight,casualty_distance_banding,road_type,speed_limit,weather_conditions,light_conditions,road_surface_conditions,time,day_of_week,number_of_vehicles,vehicle_type
2023201384255,2023,201384255,1,1,3,2,11,3,3,5,1,0,0,0,0,3,E01009763,3,1,0.0,1.0,-1,6,30,2,4,2,15:45,2,1,9
2023501377773,2023,501377773,1,1,1,1,39,7,3,0,0,0,0,0,3,1,E01015155,3,1,0.0,1.0,-1,6,30,1,1,1,14:12,3,2,3
2023052301717,2023,052301717,1,1,1,1,52,8,2,0,0,0,0,0,23,1,E01006574,-1,0,1.0,0.0,-1,6,30,1,1,1,14:48,7,1,23
2023041358126,2023,041358126,1,1,1,1,45,7,2,0,0,0,0,0,9,8,E01025516,6,1,1.0,0.0,-1,3,40,9,4,2,22:30,7,1,9
2023991328231,2023,991328231,1,1,1,1,92,11,2,0,0,0,0,0,9,9,-1,7,1,1.0,0.0,-1,6,20,1,1,1,11:51,3,1,9
2023461274598,2023,461274598,2,1,1,2,38,7,2,0,0,0,0,0,1,1,E01024563,7,1,1.0,0.0,-1,6,30,1,7,1,12:00,6,2,1
2023010426585,2023,010426585,2,1,1,1,32,6,3,0,0,0,0,0,5,9,E01000205,-1,0,0.0,1.0,-1,6,20,1,1,1,06:55,7,2,5
2023430138314,2023,430138314,1,1,1,2,75,10,2,0,0,0,0,0,9,7,E01017792,-1,0,1.0,0.0,-1,6,60,2,1,2,11:25,4,2,9
2023430430955,2023,430430955,1,1,1,2,64,9,3,0,0,0,0,0,9,7,E01023424,-1,0,0.00919,0.99081,-1,6,40,1,1,1,15:05,2,2,9
2023010454854,2023,010454854,1,2,2,2,57,9,3,0,0,0,4,0,11,1,E01001786,-1,0,0.0,1.0,-1,6,20,1,1,1,17:00,4,1,11
2023211391165,2023,211391165,2,1,1,1,32,6,3,0,0,0,0,0,9,1,E01014317,3,1,0.0,1.0,-1,6,30,2,4,2,18:20,6,2,9
2023302300052,2023,302300052,1,1,1,1,-1,-1,2,0,0,0,0,0,9,7,E01019711,-1,0,1.0,0.0,-1,6,30,1,6,2,03:29,3,1,9
2023421260873,2023,421260873,1,1,1,1,36,7,3,0,0,0,0,0,9,5,E01033459,3,1,0.0,1.0,-1,6,60,1,1,1,12:52,1,3,9
2023440081889,2023,440081889,1,1,1,1,41,7,3,0,0,0,0,0,9,8,E01017215,-1,0,0.07836,0.92164,-1,6,40,1,1,1,09:28,3,3,9
2023010447294,2023,010447294,1,1,3,1,47,8,2,1,9,0,0,0,0,3,E01003141,-1,0,1.0,0.0,-1,6,30,1,1,1,12:30,3,1,9
2023010457453,2023,010457453,1,1,3,-1,-1,-1,3,5,1,0,0,0,0,4,E01001180,-1,0,0.0,1.0,-1,6,20,2,4,2,21:10,4,1,9
2023451378873,2023,451378873,1,1,1,1,53,8,3,0,0,0,0,0,19,6,E01003888,3,1,0.0,1.0,-1,6,40,1,1,1,15:05,7,1,19
2023010481582,2023,010481582,2,1,1,1,34,6,3,0,0,0,0,0,3,5,E01000571,-1,0,0.0,1.0,-1,6,20,1,4,1,18:04,7,2,3
2023320591443,2023,320591443,1,1,1,1,23,5,2,0,0,0,0,0,3,1,E01028055,-1,0,1.0,0.0,-1,6,50,9,6,1,21:05,4,1,3
2023421279473,2023,421279473,1,1,1,2,19,4,3,0,0,0,0,0,9,3,E01021490,3,1,0.0,1.0,-1,6,30,1,1,1,13:00,3,2,9
2023430188603,2023,430188603,2,2,2,2,28,6,3,0,0,1,0,0,9,7,E01007242,-1,0,0.00567,0.99433,-1,6,60,1,1,1,14:45,1,2,9
2023501343280,2023,501343280,1,2,2,1,11,3,3,0,0,-1,0,0,9,4,E01018962,3,1,0.0,1.0,-1,6,30,5,4,2,23:12,6,2,9
2023041317577,2023,041317577,1,1,1,1,31,6,3,0,0,0,0,0,19,1,-1,3,1,0.0,1.0,-1,3,70,1,1,1,08:24,2,1,19
2023451328391,2023,451328391,2,1,1,1,52,8,2,0,0,0,0,0,4,5,E01030983,5,1,1.0,0.0,-1,6,40,1,1,1,16:50,3,2,4
2023302300684,2023,302300684,2,1,2,2,28,6,3,0,0,1,0,0,9,10,E01019829,-1,0,0.02484,0.97516,-1,6,50,8,1,1,15:00,6,2,9
2023461343121,2023,461343121,2,1,1,1,34,6,3,0,0,0,0,0,9,2,E01002723,3,1,0.0,1.0,-1,6,30,1,1,1,16:00,1,2,9
2023231313305,2023,231313305,1,1,3,1,12,3,3,5,4,0,0,0,0,4,E01031030,3,1,0.0,1.0,-1,6,30,1,1,1,15:50,5,1,9
2023421349996,2023,421349996,1,1,3,2,83,11,2,5,3,0,0,0,0,4,E01021365,6,1,1.0,0.0,-1,6,30,1,1,1,11:24,5,1,9
2023122300411,2023,122300411,2,1,1,2,59,9,2,0,0,0,0,0,1,10,E01013402,-1,0,1.0,0.0,-1,9,30,1,1,1,16:30,6,2,1
2023201384251,2023,201384251,2,1,1,1,39,7,2,0,0,0,0,0,1,5,E01009179,7,1,1.0,0.0,-1,1,30,1,1,1,08:36,2,2,1
2023302301802,2023,302301802,1,1,1,1,63,9,3,0,0,0,0,0,9,10,E01013465,-1,0,0.1433,0.8567,-1,6,60,1,1,1,07:48,5,2,9
2023010429867,2023,010429867,1,1,2,1,36,7,3,0,0,0,4,0,11,-1,-1,-1,0,0.0,1.0,-1,3,30,2,1,1,13:15,4,1,11
2023010481396,2023,010481396,2,2,1,2,24,5,3,0,0,0,0,0,3,2,E01001249,-1,0,0.0,1.0,-1,6,20,1,4,2,17:44,6,2,3
2023061346512,2023,061346512,3,1,2,2,2,1,3,0,0,2,0,0,9,-1,-1,3,1,0.0,1.0,-1,6,30,1,1,1,05:05,1,4,9
2023070987378,2023,070987378,2,1,1,2,39,7,3,0,0,0,0,0,9,9,E01012392,-1,0,0.01093,0.98907,-1,6,30,1,1,1,10:10,3,2,9
2023421359490,2023,421359490,1,1,1,1,62,9,3,0,0,0,0,0,9,10,E01021244,3,1,0.0,1.0,-1,6,30,1,1,2,06:02,7,2,9
2023471258871,2023,471258871,1,2,2,2,29,6,3,0,0,1,0,0,9,8,E01024012,3,1,0.0,1.0,-1,6,30,2,4,2,17:34,1,2,9
2023440330865,2023,440330865,2,1,1,2,13,3,2,0,0,0,0,0,-1,10,E01022789,-1,0,1.0,0.0,-1,6,30,1,1,1,12:30,4,2,-1
2023041374230,2023,041374230,1,1,3,2,27,6,3,8,1,0,0,0,0,5,E01012645,3,1,0.0,1.0,-1,6,20,1,1,1,14:40,4,1,9
2023411270973,2023,411270973,2,1,1,2,15,3,3,0,0,0,0,0,1,7,E01023886,3,1,0.0,1.0,-1,6,30,2,1,2,08:30,5,2,1
2023010437414,2023,010437414,1,1,1,1,27,6,3,0,0,0,0,0,3,3,E01002028,-1,0,0.0,1.0,-1,6,20,1,1,1,15:15,3,2,3
2023351432973,2023,351432973,1,2,1,1,21,5,3,0,0,0,0,0,9,10,E01018176,3,1,0.0,1.0,-1,6,60,1,1,1,15:25,7,3,9
2023461309244,2023,461309244,2,2,2,2,47,8,3,0,0,1,0,0,9,10,E01000684,3,1,0.0,1.0,-1,3,70,1,1,1,13:33,7,2,9
2023201270489,2023,201270489,1,1,3,2,17,4,3,6,9,0,0,0,0,9,E01009816,3,1,0.0,1.0,-1,3,30,1,1,1,08:30,2,1,11
2023041276783,2023,041276783,1,1,1,1,77,11,2,0,0,0,0,0,9,8,E01024944,7,1,1.0,0.0,-1,6,30,1,1,1,15:25,4,2,9
2023061381048,2023,061381048,1,1,2,1,6,2,3,0,0,2,0,0,9,10,E01005413,3,1,0.0,1.0,-1,6,30,1,1,4,15:23,5,2,9
2023991343241,2023,991343241,1,1,1,2,17,4,3,0,0,0,0,0,9,5,-1,3,1,0.0,1.0,-1,6,60,1,6,1,22:15,5,1,9
2023010457588,2023,010457588,1,1,3,1,38,7,3,1,1,0,0,0,0,1,E01002081,-1,0,0.0,1.0,-1,2,20,1,1,1,16:30,5,1,11
2023052302034,2023,052302034,2,4,2,1,1,1,3,0,0,2,0,0,9,1,E01006919,-1,0,0.03132,0.96868,-1,6,20,1,1,1,17:30,3,2,9
2023231368907,2023,231368907,1,2,2,2,70,10,2,0,0,1,0,0,9,5,E01031401,6,1,1.0,0.0,-1,6,50,1,1,1,10:20,6,2,9
2023401382824,2023,401382824,1,2,2,2,64,9,3,0,0,1,0,0,9,2,E01015720,3,1,0.0,1.0,-1,6,30,1,1,1,14:00,6,2,9
2023332300180,2023,332300180,1,1,3,2,55,8,2,6,9,0,0,0,0,8,E01025881,-1,0,1.0,0.0,-1,6,60,1,1,1,14:41,6,1,9
2023501326385,2023,501326385,2,1,1,1,64,9,2,0,0,0,0,0,1,7,E01020027,7,1,1.0,0.0,-1,6,30,1,4,1,23:02,4,2,1
2023440506273,2023,440506273,2,1,1,1,29,6,3,0,0,0,0,0,9,8,E01022757,-1,0,0.03317,0.96683,-1,6,30,1,4,1,07:55,3,2,9
2023451370972,2023,451370972,3,4,1,2,31,6,3,0,0,0,0,0,9,5,E01031599,3,1,0.0,1.0,-1,3,60,1,6,2,17:45,1,3,9
2023991391975,2023,991391975,3,8,1,1,47,8,3,0,0,0,0,0,9,2,-1,3,1,0.0,1.0,-1,3,70,1,6,2,21:10,7,4,9
2023010471483,2023,010471483,1,1,3,1,12,3,2,5,1,0,0,0,0,1,E01003070,-1,0,1.0,0.0,-1,6,20,1,1,2,08:15,5,1,21
2023461304225,2023,461304225,1,1,3,1,12,3,3,5,1,0,0,0,0,1,E01024697,3,1,0.0,1.0,-1,6,30,1,1,1,19:48,4,1,9
2023361289736,2023,361289736,2,1,1,2,33,6,3,0,0,0,0,0,9,3,E01026696,3,1,0.0,1.0,-1,6,60,1,1,1,07:55,5,2,9
2023451327872,2023,451327872,2,2,1,2,53,8,3,0,0,0,0,0,9,6,E01030371,3,1,0.0,1.0,-1,3,50,1,1,2,13:50,7,3,9
2023401286209,2023,401286209,2,1,1,1,26,6,3,0,0,0,0,0,19,-1,-1,3,1,0.0,1.0,-1,1,30,2,4,2,06:12,5,2,19
2023111307086,2023,111307086,1,1,3,1,31,6,2,5,1,0,0,0,0,2,E01020797,7,1,1.0,0.0,-1,6,30,1,4,1,23:40,7,1,9
2023311304898,2023,311304898,1,1,3,1,11,3,2,5,9,0,0,0,0,-1,-1,7,1,1.0,0.0,-1,6,30,1,1,1,16:50,1,1,9
2023010424448,2023,010424448,1,1,1,2,28,6,3,0,0,0,0,0,3,10,E01004114,-1,0,0.0,1.0,-1,6,30,1,4,1,19:00,2,2,3
2023010427703,2023,010427703,1,1,1,1,34,6,3,0,0,0,0,0,5,1,E01033455,-1,0,0.0,1.0,-1,6,20,1,1,1,14:08,5,2,5
2023501295560,2023,501295560,1,3,1,2,40,7,3,0,0,0,0,0,9,2,E01019069,3,1,0.0,1.0,-1,6,60,1,1,1,15:26,2,2,9
2023552301321,2023,552301321,1,1,1,1,67,10,3,0,0,0,0,0,9,-1,-1,-1,0,0.03644,0.96356,-1,1,30,4,1,1,11:59,4,2,9
2023522400602,2023,522400602,1,1,3,1,7,2,3,1,9,0,0,0,0,4,E01014488,-1,0,0.02287,0.97713,-1,6,20,1,1,1,10:25,7,1,9
2023010451831,2023,010451831,1,1,1,1,36,7,3,0,0,0,0,0,3,7,E01002203,-1,0,0.0,1.0,-1,7,30,1,1,1,16:30,3,2,3
2023131286693,2023,131286693,2,1,1,1,21,5,2,0,0,0,0,0,3,3,E01011328,7,1,1.0,0.0,-1,6,30,1,1,1,13:38,3,2,3
202363D003423,2023,63D003423,1,1,1,1,50,8,3,0,0,0,0,0,9,6,W01000496,-1,0,0.05782,0.94218,-1,6,60,5,6,2,19:30,6,1,9
2023201450877,2023,201450877,1,1,1,-1,22,5,3,0,0,0,0,0,9,4,E01033099,3,1,0.0,1.0,-1,6,30,1,1,1,11:51,4,2,9
2023010422534,2023,010422534,1,1,3,1,43,7,2,1,1,0,0,0,0,7,E01032656,-1,0,1.0,0.0,-1,3,20,1,4,1,17:40,6,1,9
2023320484911,2023,320484911,2,1,1,1,24,5,3,0,0,0,0,0,2,5,E01026133,-1,0,0.15044,0.84956,-1,6,30,1,4,1,20:45,7,2,2
2023010444044,2023,010444044,1,1,1,1,34,6,3,0,0,0,0,0,9,9,E01002164,-1,0,0.0,1.0,-1,3,30,1,1,1,10:20,7,2,9
2023122300935,2023,122300935,2,3,1,1,41,7,3,0,0,0,0,0,9,2,E01027852,-1,0,0.02006,0.97994,-1,6,60,1,1,1,10:52,2,2,9
2023010474630,2023,010474630,1,1,3,1,23,5,2,1,3,0,0,0,0,8,E01004480,-1,0,1.0,0.0,-1,6,20,2,4,2,00:39,1,1,9
2023010478640,2023,010478640,1,1,3,2,19,4,3,4,1,0,0,0,0,3,E01003536,-1,0,0.0,1.0,-1,6,30,1,7,1,18:16,6,2,5
2023010429900,2023,010429900,2,1,1,1,26,6,3,0,0,0,0,0,3,2,E01001151,-1,0,0.0,1.0,-1,6,30,1,4,1,17:47,4,2,3
2023010456132,2023,010456132,1,1,2,1,8,2,3,0,0,2,0,0,9,3,E01002568,-1,0,0.0,1.0,-1,6,20,1,1,1,17:00,4,2,9
2023302301333,2023,302301333,2,1,1,2,36,7,3,0,0,0,0,0,9,5,E01019442,-1,0,0.0168,0.9832,-1,6,30,1,1,1,15:40,5,2,9
202360A055303,2023,60A055303,1,1,1,2,22,5,3,0,0,0,0,0,9,-1,-1,-1,0,0.08047,0.91953,-1,6,40,1,1,1,17:44,1,2,9
2023311341005,2023,311341005,1,1,1,1,34,6,3,0,0,0,0,0,97,-1,-1,3,1,0.0,1.0,-1,6,40,1,1,1,14:30,4,1,97
2023311266435,2023,311266435,1,1,2,2,91,11,3,0,0,1,0,0,9,-1,-1,3,1,0.0,1.0,-1,6,30,1,4,4,20:13,7,2,9
2023401354343,2023,401354343,2,1,1,1,16,4,3,0,0,0,0,0,1,3,E01015715,3,1,0.0,1.0,-1,6,20,1,1,1,11:00,3,2,1
2023031355738,2023,031355738,1,1,1,1,85,11,2,0,0,0,0,0,9,3,E01019194,7,1,1.0,0.0,-1,1,40,1,1,2,11:21,1,1,9
2023430525902,2023,430525902,1,1,1,2,50,8,3,0,0,0,0,0,9,2,E01016451,-1,0,0.00856,0.99144,-1,6,30,2,1,2,08:20,2,2,9
2023010466267,2023,010466267,1,1,1,2,26,6,3,0,0,0,0,0,1,3,E01001779,-1,0,0.0,1.0,-1,6,20,1,1,1,19:10,4,2,1
2023010455880,2023,010455880,1,1,1,1,24,5,3,0,0,0,0,0,1,5,E01004624,-1,0,0.0,1.0,-1,6,20,2,1,2,19:50,6,2,1
2023471329810,2023,471329810,1,1,1,1,12,3,2,0,0,0,0,0,1,1,E01021005,7,1,1.0,0.0,-1,6,30,1,1,1,16:22,7,2,1
2023631312364,2023,631312364,1,1,1,1,18,4,2,0,0,0,0,0,9,9,W01000615,6,1,1.0,0.0,-1,6,60,1,1,1,12:40,1,2,9
2023131297261,2023,131297261,1,1,3,1,7,2,3,5,3,0,0,2,0,3,E01011341,3,1,0.0,1.0,-1,6,20,1,1,1,08:41,2,1,9
2023201354210,2023,201354210,1,1,3,1,13,3,2,5,2,0,0,0,0,1,E01032531,7,1,1.0,0.0,-1,6,30,1,1,1,16:10,6,1,9
2023430366033,2023,430366033,1,1,1,1,33,6,2,0,0,0,0,0,19,10,E01028804,-1,0,1.0,0.0,-1,6,50,1,1,1,18:32,7,2,19
2023440061413,2023,440061413,1,1,3,1,25,5,2,5,3,0,0,0,0,1,E01023029,-1,0,1.0,0.0,-1,6,40,1,5,1,18:11,2,1,9
2023991295146,2023,991295146,1,1,3,2,84,11,2,4,1,0,0,0,0,5,-1,7,1,1.0,0.0,-1,6,20,1,1,1,13:02,1,1,9
2023010429710,2023,010429710,1,1,1,1,24,5,3,0,0,0,0,0,3,2,E01004723,-1,0,0.0,1.0,-1,6,20,1,1,1,05:10,3,2,3
2023520400233,2023,520400233,1,1,1,1,40,7,3,0,0,0,0,0,4,4,E01029187,-1,0,0.0692,0.9308,-1,6,40,1,1,1,07:06,6,2,4
2023471345757,2023,471345757,2,1,1,2,23,5,3,0,0,0,0,0,9,7,E01016913,3,1,0.0,1.0,-1,3,50,1,1,1,17:25,6,2,9
2023411271302,2023,411271302,2,1,1,1,47,8,3,0,0,0,0,0,19,6,E01026486,3,1,0.0,1.0,-1,6,30,8,1,2,09:30,4,2,19
2023320492887,2023,320492887,1,1,1,1,81,11,3,0,0,0,0,0,9,2,E01008109,-1,0,0.1281,0.8719,-1,6,60,1,1,1,13:00,4,2,9
2023010443158,2023,010443158,1,1,1,1,59,9,3,0,0,0,0,0,9,9,E01002354,-1,0,0.0,1.0,-1,3,30,1,1,1,15:32,2,1,9
2023411328125,2023,411328125,3,3,1,2,45,7,3,0,0,0,0,0,9,8,E01023480,3,1,0.0,1.0,-1,6,40,1,1,1,13:00,1,3,9
2023991357180,2023,991357180,2,3,2,2,13,3,2,0,0,1,0,0,9,9,-1,7,1,1.0,0.0,-1,7,50,1,1,1,12:21,1,2,9
2023421327962,2023,421327962,1,1,3,2,10,2,3,10,9,0,0,0,0,1,E01016006,3,1,0.0,1.0,-1,6,30,1,1,1,15:30,3,1,9
2023622300917,2023,622300917,1,1,3,2,2,1,3,10,2,0,0,0,0,4,W01000922,-1,0,0.09218,0.90782,-1,6,30,1,1,1,15:25,6,1,9
2023371375745,2023,371375745,1,1,1,1,16,4,3,0,0,0,0,0,2,6,E01030135,3,1,0.0,1.0,-1,6,30,1,1,1,09:18,4,2,2
2023411346430,2023,411346430,2,1,1,2,45,7,3,0,0,0,0,0,3,2,E01001442,3,1,0.0,1.0,-1,1,50,1,1,1,14:50,2,2,3
2023010485927,2023,010485927,1,1,1,1,54,8,3,0,0,0,0,0,8,3,E01000099,-1,0,0.0,1.0,-1,1,30,2,4,2,03:56,2,2,8
2023332300261,2023,332300261,1,3,2,2,17,4,3,0,0,2,0,0,9,10,E01025676,-1,0,0.04444,0.95556,-1,6,60,2,6,2,22:19,4,2,9
2023201461815,2023,201461815,2,1,1,2,27,6,3,0,0,0,0,0,9,5,E01009032,3,1,0.0,1.0,-1,6,30,2,1,2,12:55,5,2,9
2023401287032,2023,401287032,1,1,1,1,51,8,3,0,0,0,0,0,9,1,E01005328,3,1,0.0,1.0,-1,1,40,1,1,2,08:23,4,2,9
2023461316560,2023,461316560,1,1,1,1,22,5,3,0,0,0,0,0,9,7,E01021165,3,1,0.0,1.0,-1,6,60,1,1,1,17:02,3,1,9
2023552400009,2023,552400009,2,1,1,1,34,6,3,0,0,0,0,0,9,6,E01020439,-1,0,0.03795,0.96205,-1,6,30,2,5,2,17:54,1,2,9
2023010456172,2023,010456172,1,1,3,2,40,7,3,1,1,0,0,0,0,6,E01003153,-1,0,0.0,1.0,-1,3,20,1,1,1,17:16,4,1,11
2023451388089,2023,451388089,1,1,1,1,21,5,3,0,0,0,0,0,19,6,E01023118,3,1,0.0,1.0,-1,6,40,1,6,2,07:00,5,1,19
2023332300844,2023,332300844,1,1,1,2,36,7,3,0,0,0,0,0,1,3,E01025852,-1,0,0.01843,0.98157,-1,6,30,2,1,2,09:25,3,2,1
2023041313943,2023,041313943,2,1,1,1,62,9,3,0,0,0,0,0,9,1,E01025068,3,1,0.0,1.0,-1,6,30,1,4,1,00:01,5,3,9
2023070847402,2023,070847402,1,1,1,1,40,7,3,0,0,0,0,0,9,1,E01018459,-1,0,0.08333,0.91667,-1,6,60,1,1,1,08:40,4,1,9
2023201339700,2023,201339700,2,1,1,2,26,6,3,0,0,0,0,0,9,1,E01008914,3,1,0.0,1.0,-1,6,30,1,1,1,18:36,3,2,9
2023430133615,2023,430133615,1,1,1,2,52,8,3,0,0,0,0,0,9,10,E01017882,-1,0,0.01095,0.98905,-1,6,30,8,1,1,14:45,1,2,9
2023131273060,2023,131273060,2,2,1,2,48,8,3,0,0,0,0,0,9,10,E01005407,3,1,0.0,1.0,-1,6,30,1,1,1,12:00,2,2,9
2023170L21233,2023,170L21233,1,1,1,2,29,6,2,0,0,0,0,0,9,5,E01012110,-1,0,1.0,0.0,-1,6,30,1,1,1,15:08,4,2,9
2023201371197,2023,201371197,1,1,1,1,40,7,3,0,0,0,0,0,9,2,E01010065,3,1,0.0,1.0,-1,3,50,1,1,1,05:10,7,1,9
2023991387450,2023,991387450,2,1,1,1,70,10,3,0,0,0,0,0,9,10,-1,3,1,0.0,1.0,-1,6,30,1,4,2,20:24,3,2,9
2023332300395,2023,332300395,2,1,1,1,16,4,3,0,0,0,0,0,1,5,E01025865,-1,0,0.06856,0.93144,-1,6,30,1,1,1,17:55,5,2,1
2023010427673,2023,010427673,2,1,1,1,29,6,3,0,0,0,0,0,2,2,E01004467,-1,0,0.0,1.0,-1,6,30,1,1,1,11:55,6,3,2
2023010455807,2023,010455807,1,1,1,1,36,7,3,0,0,0,0,0,5,3,E01003481,-1,0,0.0,1.0,-1,3,40,1,1,1,06:40,3,2,5
2023430267328,2023,430267328,2,1,1,1,34,6,3,0,0,0,0,0,9,3,E01000046,-1,0,0.00742,0.99258,-1,3,70,1,1,1,11:25,7,2,9
2023461377389,2023,461377389,2,1,2,1,-1,-1,3,0,0,1,0,0,9,3,E01024717,3,1,0.0,1.0,-1,6,20,1,1,1,09:40,6,2,9
2023221299849,2023,221299849,1,1,1,1,57,9,2,0,0,0,0,0,5,8,E01021395,7,1,1.0,0.0,-1,6,60,1,1,1,13:20,7,2,5
2023010424542,2023,010424542,1,1,1,1,42,7,3,0,0,0,0,0,9,8,E01000774,-1,0,0.0,1.0,-1,3,30,1,1,1,12:38,3,3,9
2023010462799,2023,010462799,1,1,2,2,35,6,3,0,0,1,0,0,9,-1,-1,-1,0,0.0,1.0,-1,6,20,1,4,1,20:20,1,2,9
2023041294674,2023,041294674,2,1,2,2,68,10,2,0,0,2,0,0,9,4,E01025073,6,1,1.0,0.0,-1,6,30,1,1,1,17:08,6,4,9
2023010464448,2023,010464448,1,1,3,1,32,6,3,10,9,0,0,0,0,1,E01002715,-1,0,0.0,1.0,-1,9,30,8,4,1,20:15,3,1,1
2023010475040,2023,010475040,2,1,1,1,23,5,3,0,0,0,0,0,3,2,E01004719,-1,0,0.0,1.0,-1,6,20,1,1,1,09:45,3,2,3
2023070734038,2023,070734038,1,2,1,2,33,6,3,0,0,0,0,0,9,3,E01014141,-1,0,0.02387,0.97613,-1,6,30,1,1,1,10:12,5,2,9
2023471307158,2023,471307158,1,2,2,2,18,4,3,0,0,1,0,0,9,6,E01031362,3,1,0.0,1.0,-1,6,40,1,1,1,13:50,1,3,9
2023111359890,2023,111359890,1,2,2,2,16,4,3,0,0,2,0,0,9,4,E01020808,3,1,0.0,1.0,-1,3,70,1,1,2,12:16,5,1,9
2023131282851,2023,131282851,1,2,2,2,4,1,3,0,0,2,0,0,9,4,E01007607,3,1,0.0,1.0,-1,6,30,1,1,1,16:40,6,2,9
2023451363161,2023,451363161,1,1,1,2,18,4,3,0,0,0,0,0,9,10,E01030541,3,1,0.0,1.0,-1,6,30,1,1,1,08:40,3,2,9
2023010483601,2023,010483601,1,1,3,2,50,8,3,1,1,0,0,0,0,1,E01003245,-1,0,0.0,1.0,-1,6,20,1,4,2,07:30,6,1,9
2023302300295,2023,302300295,1,1,3,2,14,3,3,5,3,0,0,0,0,5,E01013545,-1,0,0.10152,0.89848,-1,6,30,1,1,2,08:20,5,1,9
2023131282851,2023,131282851,1,1,1,2,37,7,3,0,0,0,0,0,9,4,E01007607,3,1,0.0,1.0,-1,6,30,1,1,1,16:40,6,2,9
2023161355819,2023,161355819,2,1,1,1,33,6,3,0,0,0,0,0,9,4,E01013258,3,1,0.0,1.0,-1,6,60,1,1,1,12:50,7,3,9
2023421311628,2023,421311628,3,1,1,1,47,8,3,0,0,0,0,0,9,7,E01000668,3,1,0.0,1.0,-1,3,70,1,1,1,18:00,6,3,9
2023520000971,2023,520000971,3,2,2,1,17,4,3,0,0,2,0,0,9,-1,-1,-1,0,0.00484,0.99516,-1,6,30,1,1,4,14:47,5,4,9
2023031276022,2023,031276022,1,1,1,2,58,9,3,0,0,0,0,0,9,3,E01019126,3,1,0.0,1.0,-1,6,60,4,6,2,18:42,4,1,9
2023101260691,2023,101260691,2,3,2,2,7,2,3,0,0,2,0,0,9,-1,-1,3,1,0.0,1.0,-1,6,30,1,1,2,14:02,7,2,9
2023010436095,2023,010436095,1,1,3,1,73,10,2,5,1,0,0,0,0,4,E01003354,-1,0,1.0,0.0,-1,6,20,2,4,2,20:50,4,1,3
2023311344135,2023,311344135,1,1,3,1,76,11,2,6,9,0,0,0,0,6,E01027971,7,1,1.0,0.0,-1,6,30,1,1,1,17:43,4,1,1
2023010483005,2023,010483005,1,1,1,1,22,5,3,0,0,0,0,0,3,3,E01003352,-1,0,0.0,1.0,-1,6,30,1,1,1,13:45,7,2,3
2023010424806,2023,010424806,1,1,1,2,42,7,3,0,0,0,0,0,9,5,E01000619,-1,0,0.0,1.0,-1,6,30,1,1,1,16:15,4,1,9
2023201384181,2023,201384181,1,2,2,1,20,4,3,0,0,-1,0,0,9,3,E01010018,3,1,0.0,1.0,-1,6,30,1,4,1,04:18,7,2,9
2023211373512,2023,211373512,2,1,1,1,48,8,3,0,0,0,0,0,9,8,E01029790,3,1,0.0,1.0,-1,6,30,1,4,2,21:45,7,3,9
2023351284100,2023,351284100,2,1,1,2,43,7,3,0,0,0,0,0,9,1,E01015663,3,1,0.0,1.0,-1,6,30,1,4,1,18:13,6,2,9
2023421332169,2023,421332169,1,1,2,1,68,10,3,0,0,1,0,0,9,6,E01000069,3,1,0.0,1.0,-1,3,70,1,1,1,11:24,7,2,9
2023522301172,2023,522301172,1,6,2,1,30,6,3,0,0,1,0,0,9,2,W01001668,-1,0,0.08667,0.91333,-1,3,70,1,6,2,00:05,2,2,9
2023522301172,2023,522301172,2,2,2,2,58,9,1,0,0,2,0,0,9,3,E01014681,-1,0,0.0,0.0,-1,3,70,1,6,2,00:05,2,2,9
2023440418355,2023,440418355,2,2,1,1,51,8,3,0,0,0,0,0,19,4,E01017362,-1,0,0.08634,0.91366,-1,6,60,2,1,2,16:04,5,2,19
2023411365108,2023,411365108,1,1,3,1,32,6,2,10,9,0,0,0,0,2,E01033586,7,1,1.0,0.0,-1,6,30,1,1,1,17:31,1,1,9
2023332301240,2023,332301240,1,2,2,2,59,9,3,0,0,2,0,0,9,7,E01025983,-1,0,0.00395,0.99605,-1,6,30,1,4,1,17:45,6,2,9
2023461265784,2023,461265784,2,2,1,1,61,9,3,0,0,0,0,0,9,6,E01026877,3,1,0.0,1.0,-1,6,60,1,1,1,14:49,2,2,9
2023010435867,2023,010435867,1,1,1,1,26,6,3,0,0,0,0,0,1,7,E01002171,-1,0,0.0,1.0,-1,9,30,1,4,1,21:30,1,2,1
2023010480698,2023,010480698,1,1,1,1,23,5,3,0,0,0,0,0,3,5,E01002361,-1,0,0.0,1.0,-1,6,30,1,4,1,15:35,3,1,3
2023440338206,2023,440338206,1,2,2,2,49,8,3,0,0,0,0,0,4,10,E01031934,-1,0,0.1422,0.8578,-1,6,60,1,1,1,14:04,2,2,4
2023010434217,2023,010434217,1,1,1,1,27,6,3,0,0,0,0,0,1,5,E01004523,-1,0,0.0,1.0,-1,6,20,1,1,1,14:45,7,2,1