collision_index,collision_year,collision_ref_no,vehicle_reference,casualty_reference,casualty_class,sex_of_casualty,age_of_casualty,age_band_of_casualty,casualty_severity,pedestrian_location,pedestrian_movement,car_passenger,bus_or_coach_passenger,pedestrian_road_maintenance_worker,casualty_type,casualty_imd_decile,lsoa_of_casualty,enhanced_casualty_severity,casualty_injury_based,casualty_adjusted_severity_serious,casualty_adjusted_severity_slight,casualty_distance_banding,road_type,speed_limit,weather_conditions,light_conditions,road_surface_conditions,time,day_of_week,number_of_vehicles,vehicle_type
2023552300394,2023,552300394,1,1,2,2,26,6,3,0,0,0,0,0,19,3,E01015289,-1,0,0.03102,0.96898,-1,1,40,1,1,1,19:07,7,2,19
2023471383095,2023,471383095,2,3,2,2,34,6,3,0,0,0,4,0,11,3,E01027931,3,1,0.0,1.0,-1,6,40,2,6,2,15:48,3,1,11
2023161352166,2023,161352166,1,1,1,1,74,10,3,0,0,0,0,0,9,2,E01011815,3,1,0.0,1.0,-1,6,60,1,1,1,11:10,7,2,9
2023201303778,2023,201303778,1,2,2,2,50,8,3,0,0,2,0,0,9,-1,-1,3,1,0.0,1.0,-1,3,40,2,1,2,18:12,6,2,9
2023991268439,2023,991268439,1,1,1,1,28,6,3,0,0,0,0,0,9,8,-1,3,1,0.0,1.0,-1,6,60,1,1,2,09:02,5,1,9
2023010437850,2023,010437850,1,1,1,1,26,6,3,0,0,0,0,0,3,1,E01000528,-1,0,0.0,1.0,-1,6,20,1,1,1,16:14,4,2,3
2023010472190,2023,010472190,1,1,1,1,46,8,3,0,0,0,0,0,3,3,E01000522,-1,0,0.0,1.0,-1,6,30,1,1,1,10:32,7,2,3
2023302301943,2023,302301943,1,1,1,1,21,5,2,0,0,0,0,0,4,2,E01019579,-1,0,1.0,0.0,-1,6,40,1,4,1,18:35,6,3,4
2023221326436,2023,221326436,2,1,1,1,36,7,3,0,0,0,0,0,5,4,E01032132,3,1,0.0,1.0,-1,6,40,1,1,1,17:30,1,2,5
2023010475417,2023,010475417,1,2,2,1,-1,-1,3,0,0,1,0,0,9,-1,-1,-1,0,0.0,1.0,-1,3,20,2,4,2,00:50,5,2,9
2023522400451,2023,522400451,1,1,1,2,33,6,3,0,0,0,0,0,9,3,E01014499,-1,0,0.00471,0.99529,-1,6,20,1,1,1,14:48,2,2,9
2023531259217,2023,531259217,2,2,1,1,38,7,3,0,0,0,0,0,9,9,E01022104,3,1,0.0,1.0,-1,6,30,1,1,2,14:21,3,3,9
2023610019523,2023,610019523,1,1,1,2,83,11,3,0,0,0,0,0,9,7,W01000430,-1,0,0.09285,0.90715,-1,6,20,1,1,1,13:47,7,1,9
2023101363093,2023,101363093,2,1,1,1,12,3,3,0,0,0,0,0,1,1,E01008459,3,1,0.0,1.0,-1,6,30,1,1,1,16:00,6,2,1
2023531338199,2023,531338199,2,1,1,1,41,7,3,0,0,0,0,0,5,4,E01022240,3,1,0.0,1.0,-1,6,60,1,1,1,11:20,6,2,5
2023052301683,2023,052301683,2,2,1,1,32,6,3,0,0,0,0,0,9,9,E01007070,-1,0,0.11868,0.88132,-1,6,60,1,6,1,22:50,6,2,9
2023161364909,2023,161364909,1,2,2,1,19,4,3,0,0,1,0,0,9,1,E01012850,3,1,0.0,1.0,-1,6,30,1,4,2,21:13,5,1,9
2023332300717,2023,332300717,1,4,2,1,35,6,3,0,0,1,0,0,9,-1,-1,-1,0,0.0235,0.9765,-1,3,30,1,4,1,03:09,4,2,9
2023361286737,2023,361286737,1,1,3,2,5,1,3,5,1,0,0,0,0,8,E01026454,3,1,0.0,1.0,-1,6,30,1,1,4,08:45,6,1,9
2023010440303,2023,010440303,1,1,2,2,42,7,3,0,0,2,0,0,8,7,E01000297,-1,0,0.0,1.0,-1,6,20,1,4,1,01:35,1,1,8
2023010448701,2023,010448701,1,1,1,1,46,8,3,0,0,0,0,0,9,5,E01028456,-1,0,0.0,1.0,-1,7,30,1,1,1,06:20,3,2,9
2023461372142,2023,461372142,2,1,1,2,71,10,2,0,0,0,0,0,9,6,E01024555,7,1,1.0,0.0,-1,6,40,1,1,1,10:15,5,2,9
2023991268422,2023,991268422,2,2,2,2,64,9,3,0,0,1,0,0,9,1,-1,3,1,0.0,1.0,-1,6,30,1,1,1,12:10,5,2,9
2023010439971,2023,010439971,1,1,1,1,33,6,3,0,0,0,0,0,1,4,E01000875,-1,0,0.0,1.0,-1,9,30,1,1,1,12:45,5,2,1
2023010477635,2023,010477635,1,1,1,1,23,5,3,0,0,0,0,0,3,5,E01000310,-1,0,0.0,1.0,-1,6,30,9,7,9,00:30,6,2,3
202360A190768,2023,60A190768,1,1,1,1,22,5,3,0,0,0,0,0,3,-1,-1,-1,0,0.25761,0.74239,-1,3,70,2,6,2,07:27,2,4,3
2023010450181,2023,010450181,1,1,1,2,32,6,3,0,0,0,0,0,9,3,E01016490,-1,0,0.0,1.0,-1,3,50,8,1,1,13:20,1,1,9
2023201415561,2023,201415561,1,1,1,1,40,7,3,0,0,0,0,0,9,1,E01009025,3,1,0.0,1.0,-1,6,20,1,4,2,18:10,1,2,9
2023991282808,2023,991282808,3,2,1,2,37,7,3,0,0,0,0,0,9,10,-1,3,1,0.0,1.0,-1,7,30,1,4,1,21:00,5,3,9
2023131325526,2023,131325526,1,1,3,1,28,6,3,1,3,0,0,2,0,3,E01010835,3,1,0.0,1.0,-1,6,30,1,4,1,22:40,2,1,9
2023440004829,2023,440004829,1,1,3,1,25,5,2,1,1,0,0,0,0,4,E01023144,-1,0,1.0,0.0,-1,3,30,1,4,1,22:24,4,1,9
2023010446779,2023,010446779,1,1,1,1,33,6,3,0,0,0,0,0,3,5,E01002232,-1,0,0.0,1.0,-1,6,20,8,1,1,04:22,7,2,3
2023010457394,2023,010457394,1,1,1,1,22,5,3,0,0,0,0,0,3,5,E01003413,-1,0,0.0,1.0,-1,6,20,9,1,9,20:09,2,2,3
2023101380257,2023,101380257,1,1,1,1,47,8,2,0,0,0,0,0,9,3,E01008706,6,1,1.0,0.0,-1,6,30,2,1,2,07:25,2,1,9
2023141389352,2023,141389352,1,3,2,2,23,5,3,0,0,2,0,0,9,-1,-1,3,1,0.0,1.0,-1,6,30,1,1,1,12:15,7,3,9
2023201304307,2023,201304307,1,2,2,1,53,8,3,0,0,-1,0,0,9,-1,-1,3,1,0.0,1.0,-1,3,30,1,1,1,14:20,3,3,9
2023501365311,2023,501365311,1,1,1,1,17,4,3,0,0,0,0,0,9,9,E01020266,3,1,0.0,1.0,-1,6,60,2,6,2,02:30,7,1,9
2023522300936,2023,522300936,5,3,1,1,40,7,3,0,0,0,0,0,9,4,E01020496,-1,0,0.04064,0.95936,-1,3,70,1,1,2,07:26,5,5,9
2023631350198,2023,631350198,2,11,2,2,-1,-1,3,0,0,0,4,0,11,4,E01019094,3,1,0.0,1.0,-1,6,60,1,1,1,14:10,3,3,11
2023010475068,2023,010475068,1,1,1,1,32,6,3,0,0,0,0,0,3,2,E01001439,-1,0,0.0,1.0,-1,9,20,1,1,1,16:55,6,2,3
2023221350544,2023,221350544,1,1,1,1,32,6,1,0,0,0,0,0,5,3,E01032422,1,1,0.0,0.0,-1,6,60,1,1,1,16:30,2,2,5
2023010450007,2023,010450007,1,1,1,2,32,6,3,0,0,0,0,0,9,5,E01021415,-1,0,0.0,1.0,-1,3,40,1,1,1,12:03,6,1,9
2023122301316,2023,122301316,1,2,2,2,46,8,3,0,0,1,0,0,9,1,E01026598,-1,0,0.07223,0.92777,-1,3,70,1,6,1,01:57,2,1,9
2023231347486,2023,231347486,1,2,2,2,45,7,3,0,0,1,0,0,9,9,E01031136,3,1,0.0,1.0,-1,6,30,1,1,1,09:14,3,1,9
2023991260655,2023,991260655,1,4,1,2,37,7,3,0,0,0,0,0,9,4,-1,3,1,0.0,1.0,-1,6,50,1,1,2,12:00,7,2,9
2023522301516,2023,522301516,1,1,1,1,32,6,3,0,0,0,0,0,-1,3,E01014501,-1,0,0.02256,0.97744,-1,2,30,1,1,1,17:20,2,2,-1
2023010481923,2023,010481923,1,1,1,1,42,7,3,0,0,0,0,0,3,2,E01003179,-1,0,0.0,1.0,-1,6,20,1,4,2,19:00,4,2,3
2023631316136,2023,631316136,1,1,1,2,49,8,3,0,0,0,0,0,9,8,W01000634,3,1,0.0,1.0,-1,6,30,1,1,1,17:03,4,4,9
2023991272064,2023,991272064,2,3,1,1,32,6,3,0,0,0,0,0,9,5,-1,3,1,0.0,1.0,-1,6,30,2,1,2,14:32,1,2,9
2023061304764,2023,061304764,1,2,3,2,55,8,3,6,9,0,0,0,0,2,E01005226,3,1,0.0,1.0,-1,3,30,1,1,1,16:30,6,1,9
2023430125792,2023,430125792,2,1,1,1,28,6,3,0,0,0,0,0,1,-1,-1,-1,0,0.14989,0.85011,-1,3,40,1,1,1,14:34,3,2,1
2023010484649,2023,010484649,1,1,1,1,28,6,3,0,0,0,0,0,3,2,E01004211,-1,0,0.0,1.0,-1,6,20,1,1,2,15:40,5,2,3
2023041281070,2023,041281070,2,1,1,1,32,6,3,0,0,0,0,0,9,7,E01025033,3,1,0.0,1.0,-1,7,70,1,1,1,17:22,7,2,9
2023111304742,2023,111304742,1,1,2,1,25,5,2,0,0,2,0,0,9,-1,-1,7,1,1.0,0.0,-1,6,60,7,6,2,01:55,7,1,9
2023141391429,2023,141391429,4,2,2,1,36,7,2,0,0,1,0,0,9,-1,-1,6,1,1.0,0.0,-1,6,30,4,1,1,11:20,6,5,9
2023471358132,2023,471358132,1,5,2,2,33,6,3,0,0,2,0,0,9,4,E01031608,3,1,0.0,1.0,-1,6,30,1,4,1,04:15,1,2,9
2023552300714,2023,552300714,1,1,1,2,17,4,3,0,0,0,0,0,9,4,E01020585,-1,0,0.06487,0.93513,-1,6,60,1,1,1,09:24,6,2,9
2023522300887,2023,522300887,1,1,1,1,51,8,3,0,0,0,0,0,1,3,E01014540,-1,0,0.05409,0.94591,-1,1,20,2,4,2,07:30,5,2,1
2023461362171,2023,461362171,2,1,1,2,37,7,3,0,0,0,0,0,9,9,E01024376,3,1,0.0,1.0,-1,3,70,1,1,1,09:50,6,3,9
2023101285502,2023,101285502,1,1,3,2,11,3,3,5,2,0,0,0,0,4,E01008471,3,1,0.0,1.0,-1,6,20,1,1,1,15:50,5,1,9
2023010433347,2023,010433347,1,1,1,2,40,7,3,0,0,0,0,0,1,5,E01000505,-1,0,0.0,1.0,-1,6,40,9,1,9,06:50,3,2,1
2023461344765,2023,461344765,6,6,1,2,34,6,3,0,0,0,0,0,9,5,E01024223,3,1,0.0,1.0,-1,6,30,1,1,1,13:14,6,6,9
2023061387599,2023,061387599,2,1,1,2,20,4,3,0,0,0,0,0,1,3,E01005312,3,1,0.0,1.0,-1,6,30,2,1,2,16:15,3,2,1
2023041370109,2023,041370109,2,2,2,1,54,8,3,0,0,1,0,0,9,6,E01023988,3,1,0.0,1.0,-1,6,30,1,7,1,19:47,5,2,9
2023201298682,2023,201298682,2,2,1,2,26,6,3,0,0,0,0,0,9,2,E01010420,3,1,0.0,1.0,-1,6,30,1,1,2,09:56,4,2,9
2023501337732,2023,501337732,1,1,1,1,30,6,3,0,0,0,0,0,19,3,E01028064,3,1,0.0,1.0,-1,6,60,7,1,2,20:14,3,2,19
2023411321903,2023,411321903,1,1,3,1,7,2,3,5,1,0,0,0,0,7,E01023335,3,1,0.0,1.0,-1,6,30,1,1,1,08:28,5,1,9
2023010461426,2023,010461426,1,1,2,-1,-1,-1,3,0,0,2,0,0,9,8,E01023656,-1,0,0.0,1.0,-1,6,20,1,1,1,18:19,7,2,9
2023041389768,2023,041389768,2,2,1,1,58,9,3,0,0,0,0,0,9,7,E01025557,3,1,0.0,1.0,-1,6,30,2,1,2,07:41,2,2,9
2023170L20743,2023,170L20743,3,2,1,1,36,7,3,0,0,0,0,0,9,4,E01012043,-1,0,0.04014,0.95986,-1,3,70,2,1,2,19:00,3,3,9
2023201412948,2023,201412948,2,1,1,1,9,2,3,0,0,0,0,0,1,1,E01010076,3,1,0.0,1.0,-1,6,30,2,1,2,15:30,2,2,1
2023351390427,2023,351390427,1,1,1,1,21,5,3,0,0,0,0,0,3,4,E01033178,3,1,0.0,1.0,-1,6,40,1,1,1,16:17,4,1,3
2023552300388,2023,552300388,2,1,1,1,27,6,3,0,0,0,0,0,5,4,E01015326,-1,0,0.08142,0.91858,-1,6,30,2,1,2,14:36,2,2,5
2023010429735,2023,010429735,1,1,1,2,30,6,3,0,0,0,0,0,9,7,E01002255,-1,0,0.0,1.0,-1,7,20,1,4,1,20:15,3,2,9
2023201303878,2023,201303878,1,1,1,1,20,4,3,0,0,0,0,0,9,-1,-1,3,1,0.0,1.0,-1,6,30,1,1,1,18:02,2,3,9
2023440237835,2023,440237835,1,1,1,2,38,7,3,0,0,0,0,0,9,-1,-1,-1,0,0.01353,0.98647,-1,6,30,1,1,1,18:00,4,2,9
2023461311263,2023,461311263,2,1,1,2,43,7,3,0,0,0,0,0,9,7,E01024242,3,1,0.0,1.0,-1,6,50,1,1,1,14:10,6,3,9
2023451375256,2023,451375256,2,1,2,1,34,6,3,0,0,0,0,0,19,-1,-1,3,1,0.0,1.0,-1,3,70,1,1,1,15:10,3,2,19
2023070417050,2023,070417050,2,1,1,2,38,7,3,0,0,0,0,0,9,9,E01012569,-1,0,0.01305,0.98695,-1,3,40,1,1,1,07:55,4,2,9
2023201289868,2023,201289868,1,1,2,1,36,7,3,0,0,2,0,0,9,-1,-1,3,1,0.0,1.0,-1,6,30,1,4,2,02:09,1,2,9
2023501376072,2023,501376072,1,1,1,2,21,5,3,0,0,0,0,0,9,8,E01020270,3,1,0.0,1.0,-1,6,40,2,6,2,06:50,7,1,9
2023552301335,2023,552301335,1,1,2,2,3,1,3,0,0,2,0,0,9,10,E01016290,-1,0,0.04269,0.95731,-1,6,60,1,1,2,15:22,2,2,9
2023010428111,2023,010428111,1,4,3,1,8,2,1,1,3,0,0,0,0,4,E01001711,-1,0,0.0,0.0,-1,2,30,1,4,1,19:31,1,5,5
2023010479280,2023,010479280,1,1,1,-1,27,6,3,0,0,0,0,0,3,2,E01001651,-1,0,0.0,1.0,-1,9,30,9,7,9,20:05,7,2,3
2023031348158,2023,031348158,1,1,1,1,65,9,3,0,0,0,0,0,9,6,E01019083,3,1,0.0,1.0,-1,6,60,1,1,1,14:50,1,1,9
2023161351363,2023,161351363,1,2,1,1,49,8,3,0,0,0,0,0,9,5,E01013297,3,1,0.0,1.0,-1,6,40,1,1,1,15:49,2,3,9
2023610016323,2023,610016323,3,1,1,1,57,9,3,0,0,0,0,0,9,4,W01001413,-1,0,0.02903,0.97097,-1,6,30,1,1,1,17:03,3,3,9
2023061345645,2023,061345645,1,2,3,1,19,4,3,6,9,0,0,0,0,2,E01005946,3,1,0.0,1.0,-1,6,30,1,4,1,22:23,6,3,9
2023421259584,2023,421259584,2,1,3,2,28,6,3,6,9,0,0,0,0,5,E01021387,3,1,0.0,1.0,-1,6,30,1,4,2,18:00,3,2,19
2023010426177,2023,010426177,2,1,1,1,16,4,3,0,0,0,0,0,1,2,E01001283,-1,0,0.0,1.0,-1,6,20,1,1,1,15:50,4,2,1
2023440414317,2023,440414317,1,1,1,1,15,3,3,0,0,0,0,0,1,8,E01022652,-1,0,0.07335,0.92665,-1,6,30,1,1,1,08:00,3,2,1
2023122301299,2023,122301299,3,8,2,2,73,10,2,0,0,1,0,0,9,10,E01002389,-1,0,1.0,0.0,-1,6,60,1,1,1,17:15,6,3,9
2023351322682,2023,351322682,1,2,1,2,52,8,3,0,0,0,0,0,9,5,E01018195,3,1,0.0,1.0,-1,6,30,1,1,1,08:50,4,2,9
2023401341549,2023,401341549,2,3,2,1,3,1,3,0,0,-1,0,0,9,5,E01017388,3,1,0.0,1.0,-1,6,30,2,1,2,07:30,4,2,9
2023461366337,2023,461366337,2,2,2,2,34,6,3,0,0,1,0,0,9,-1,-1,3,1,0.0,1.0,-1,6,40,1,1,1,16:14,1,2,9
2023311361629,2023,311361629,1,2,1,1,12,3,3,0,0,0,0,0,-1,2,E01028269,3,1,0.0,1.0,-1,6,20,1,4,1,19:33,2,1,-1
2023010465526,2023,010465526,1,1,1,1,64,9,3,0,0,0,0,0,9,4,E01030709,-1,0,0.0,1.0,-1,6,20,1,1,1,10:40,2,2,9
2023471364830,2023,471364830,2,2,1,2,71,10,3,0,0,0,0,0,9,2,E01031558,3,1,0.0,1.0,-1,1,50,1,1,2,13:50,5,2,9
2023010465302,2023,010465302,1,1,1,1,22,5,3,0,0,0,0,0,1,1,E01033207,-1,0,0.0,1.0,-1,6,30,1,4,1,00:22,1,2,1
2023031288135,2023,031288135,2,1,1,1,44,7,3,0,0,0,0,0,1,2,E01019299,3,1,0.0,1.0,-1,6,30,1,1,2,11:00,6,2,1
2023501302526,2023,501302526,1,1,1,1,38,7,3,0,0,0,0,0,9,2,E01018897,3,1,0.0,1.0,-1,3,70,2,1,2,18:41,4,1,9
2023041269492,2023,041269492,1,2,3,1,7,2,2,1,1,0,0,0,0,7,E01025462,7,1,1.0,0.0,-1,6,30,1,4,2,19:45,7,1,9
2023131388624,2023,131388624,1,1,3,2,27,6,3,5,1,0,0,2,0,1,E01010994,3,1,0.0,1.0,-1,6,30,1,4,1,17:15,5,1,9
2023201344549,2023,201344549,2,4,3,1,44,7,3,6,9,0,0,2,0,-1,-1,3,1,0.0,1.0,-1,6,30,1,4,1,23:35,3,2,9
2023471376928,2023,471376928,1,5,3,1,51,8,3,10,5,0,0,0,0,8,E01031653,3,1,0.0,1.0,-1,6,60,1,6,2,21:50,2,1,9
2023031324829,2023,031324829,2,1,1,1,20,4,3,0,0,0,0,0,3,5,E01019363,3,1,0.0,1.0,-1,6,30,2,1,2,18:08,6,2,3
2023052301927,2023,052301927,1,1,1,1,68,10,3,0,0,0,0,0,9,5,E01033748,-1,0,0.05276,0.94724,-1,1,30,1,1,1,12:33,4,2,9
2023141294141,2023,141294141,1,1,1,2,18,4,3,0,0,0,0,0,9,9,E01013243,3,1,0.0,1.0,-1,6,60,2,6,2,18:40,4,2,9
2023041312441,2023,041312441,1,2,2,2,47,8,2,0,0,0,0,0,5,2,E01012685,7,1,1.0,0.0,-1,6,50,1,1,1,16:35,1,2,5
2023541622323,2023,541622323,1,1,1,1,41,7,2,0,0,0,0,0,19,6,E01032078,-1,0,1.0,0.0,-1,6,50,1,1,1,14:30,2,3,19
2023122300649,2023,122300649,1,3,3,2,54,8,2,6,9,0,0,0,0,-1,-1,-1,0,1.0,0.0,-1,6,30,1,1,1,20:27,6,1,9
2023430052964,2023,430052964,2,1,1,1,34,6,2,0,0,0,0,0,5,3,E01016475,-1,0,1.0,0.0,-1,6,30,1,1,1,14:44,7,2,5
2023010471594,2023,010471594,1,1,1,1,28,6,3,0,0,0,0,0,9,6,E01016507,-1,0,0.0,1.0,-1,6,20,1,1,2,14:58,5,2,9
2023061346142,2023,061346142,1,1,1,2,23,5,2,0,0,0,0,0,9,1,E01004979,7,1,1.0,0.0,-1,6,30,1,1,1,11:30,2,2,9
2023451390795,2023,451390795,1,1,1,2,37,7,3,0,0,0,0,0,9,8,E01030580,3,1,0.0,1.0,-1,6,30,1,1,1,12:10,4,2,9
2023440034226,2023,440034226,1,1,1,1,25,5,3,0,0,0,0,0,19,6,E01031996,-1,0,0.09638,0.90362,-1,3,70,1,6,1,07:19,5,4,19
2023461271072,2023,461271072,1,1,3,2,59,9,3,4,7,0,0,2,0,6,E01024728,3,1,0.0,1.0,-1,6,20,1,1,1,10:21,7,1,19
2023302301879,2023,302301879,2,1,1,2,31,6,3,0,0,0,0,0,9,6,E01025925,-1,0,0.03878,0.96122,-1,3,70,1,1,2,09:12,4,2,9
2023461268673,2023,461268673,2,1,1,2,64,9,3,0,0,0,0,0,9,3,E01024713,3,1,0.0,1.0,-1,6,30,1,1,1,08:25,6,2,9
2023501275136,2023,501275136,1,1,1,1,28,6,3,0,0,0,0,0,9,8,E01010876,3,1,0.0,1.0,-1,6,60,1,1,2,12:00,7,2,9
2023622300218,2023,622300218,1,1,1,1,21,5,3,0,0,0,0,0,9,7,W01001228,-1,0,0.13116,0.86884,-1,6,60,1,6,2,23:49,3,2,9
2023010441483,2023,010441483,1,1,2,2,49,8,3,0,0,9,0,0,9,7,E01000364,-1,0,0.0,1.0,-1,6,30,1,1,1,14:20,6,2,9
2023421353778,2023,421353778,2,2,2,1,3,1,3,0,0,2,0,0,9,6,E01015864,3,1,0.0,1.0,-1,6,30,1,1,1,11:53,2,2,9
2023991276818,2023,991276818,1,2,2,1,17,4,3,0,0,2,0,0,9,9,-1,3,1,0.0,1.0,-1,6,60,1,6,1,22:54,3,1,9
2023010450886,2023,010450886,1,1,1,1,31,6,3,0,0,0,0,0,9,4,E01001323,-1,0,0.0,1.0,-1,6,20,8,1,1,09:30,6,2,9
2023041343654,2023,041343654,1,2,1,1,28,6,3,0,0,0,0,0,9,-1,-1,3,1,0.0,1.0,-1,6,30,1,1,1,13:30,1,2,9
2023131366576,2023,131366576,1,1,1,1,52,8,3,0,0,0,0,0,9,7,E01011067,3,1,0.0,1.0,-1,6,30,2,1,2,14:05,3,1,9
2023541061323,2023,541061323,2,2,2,1,36,7,3,0,0,1,0,0,9,6,E01031902,-1,0,0.00626,0.99374,-1,6,60,9,6,1,18:15,5,2,9
2023311267679,2023,311267679,2,1,1,1,12,3,3,0,0,0,0,0,1,9,E01013979,3,1,0.0,1.0,-1,3,30,1,1,1,08:00,3,2,1
2023041379171,2023,041379171,2,2,2,1,18,4,3,0,0,1,0,0,9,1,E01025583,3,1,0.0,1.0,-1,1,50,3,1,2,13:55,1,2,9
2023471278130,2023,471278130,2,2,2,2,35,6,2,0,0,1,0,0,9,3,E01003969,5,1,1.0,0.0,-1,3,70,1,1,1,17:00,7,4,9
2023543325023,2023,543325023,2,2,1,1,23,5,3,0,0,0,0,0,9,9,E01031890,-1,0,0.03141,0.96859,-1,6,30,1,1,2,07:40,4,3,9
202360A168601,2023,60A168601,1,1,1,1,37,7,3,0,0,0,0,0,9,-1,-1,-1,0,0.09818,0.90182,-1,6,30,1,7,2,23:38,6,2,9
2023340WN4732,2023,340WN4732,2,1,1,1,20,4,3,0,0,0,0,0,-1,9,E01027148,-1,0,0.10968,0.89032,-1,6,30,1,1,1,14:40,1,2,-1
2023010447007,2023,010447007,2,1,1,2,56,9,3,0,0,0,0,0,9,-1,-1,-1,0,0.0,1.0,-1,7,30,1,1,1,22:50,1,3,9
2023131350547,2023,131350547,3,1,1,1,37,7,3,0,0,0,0,0,9,-1,-1,3,1,0.0,1.0,-1,6,50,1,1,1,16:06,6,4,9
2023170L20743,2023,170L20743,2,1,1,1,34,6,3,0,0,0,0,0,9,6,E01012012,-1,0,0.07044,0.92956,-1,3,70,2,1,2,19:00,3,3,9
2023201350036,2023,201350036,2,1,1,1,82,11,3,0,0,0,0,0,9,3,E01032534,3,1,0.0,1.0,-1,3,40,1,1,1,18:49,5,2,9
2023552301111,2023,552301111,2,2,1,1,24,5,3,0,0,0,0,0,9,10,E01015399,-1,0,0.02707,0.97293,-1,3,60,1,1,1,08:18,3,4,9
2023421359437,2023,421359437,1,1,3,1,50,8,3,5,1,0,0,0,0,10,E01005052,3,1,0.0,1.0,-1,6,30,1,1,1,09:10,4,1,9
2023041306816,2023,041306816,1,1,1,1,14,3,3,0,0,0,0,0,1,3,E01024959,3,1,0.0,1.0,-1,6,30,1,1,1,19:26,5,2,1
2023121345088,2023,121345088,2,1,1,2,69,10,3,0,0,0,0,0,1,10,E01010771,3,1,0.0,1.0,-1,6,50,1,1,1,12:00,3,2,1
2023201379244,2023,201379244,2,1,1,1,17,4,2,0,0,0,0,0,3,6,E01009682,7,1,1.0,0.0,-1,6,30,2,1,2,10:15,5,2,3
2023052301523,2023,052301523,2,1,1,2,57,9,3,0,0,0,0,0,9,2,E01007271,-1,0,0.01415,0.98585,-1,6,30,1,1,1,08:00,3,2,9
2023311300901,2023,311300901,1,1,1,1,87,11,3,0,0,0,0,0,9,7,E01028411,3,1,0.0,1.0,-1,6,50,1,1,1,12:50,3,2,9
2023371331272,2023,371331272,2,1,1,2,65,9,3,0,0,0,0,0,9,7,E01029899,3,1,0.0,1.0,-1,6,30,1,1,1,12:29,3,2,9
2023461341298,2023,461341298,1,1,1,1,18,4,3,0,0,0,0,0,9,4,E01024694,3,1,0.0,1.0,-1,6,30,1,7,2,01:40,7,1,9
2023552301268,2023,552301268,1,1,2,2,79,11,3,0,0,1,0,0,9,3,E01015310,-1,0,0.07527,0.92473,-1,3,30,2,1,2,11:17,4,2,9
2023411351281,2023,411351281,2,1,1,1,58,9,3,0,0,0,0,0,1,5,E01023796,3,1,0.0,1.0,-1,6,30,1,1,1,15:00,4,2,1
2023010444737,2023,010444737,2,1,1,1,54,8,2,0,0,0,0,0,1,2,E01003112,-1,0,1.0,0.0,-1,6,30,1,4,1,23:39,3,2,1
2023340NN0732,2023,340NN0732,1,1,1,1,56,9,3,0,0,0,0,0,9,7,E01027076,-1,0,0.06182,0.93818,-1,6,40,1,4,1,18:00,1,2,9
2023520301245,2023,520301245,1,1,1,2,24,5,3,0,0,0,0,0,9,5,E01032111,-1,0,0.04253,0.95747,-1,6,40,2,1,2,14:59,4,4,9
2023170L20533,2023,170L20533,1,1,3,1,65,9,2,6,9,0,0,0,0,2,E01012171,-1,0,1.0,0.0,-1,6,30,1,1,1,21:24,6,1,97
2023520400455,2023,520400455,1,1,3,2,57,9,3,1,9,0,0,0,0,6,E01029156,-1,0,0.04435,0.95565,-1,6,30,9,1,2,12:10,2,1,9
2023332300953,2023,332300953,2,1,1,1,9,2,3,0,0,0,0,0,1,1,E01013603,-1,0,0.05428,0.94572,-1,6,30,1,1,1,15:25,7,2,1
2023010443238,2023,010443238,1,1,1,2,25,5,3,0,0,0,0,0,3,4,E01001480,-1,0,0.0,1.0,-1,1,20,1,4,1,23:50,1,2,3
2023371370193,2023,371370193,2,1,1,1,60,9,3,0,0,0,0,0,9,9,E01030062,3,1,0.0,1.0,-1,3,70,2,6,5,06:00,5,2,9
2023430148329,2023,430148329,1,1,1,2,66,10,3,0,0,0,0,0,9,8,E01016549,-1,0,0.12627,0.87373,-1,6,30,1,1,1,18:03,3,1,9
2023991352449,2023,991352449,2,1,1,1,26,6,3,0,0,0,0,0,9,1,-1,3,1,0.0,1.0,-1,3,30,1,1,1,17:50,3,2,9
2023131309629,2023,131309629,1,1,1,2,23,5,3,0,0,0,0,0,9,1,E01010607,3,1,0.0,1.0,-1,6,30,1,4,1,23:21,7,6,9
2023320380844,2023,320380844,1,2,1,2,43,7,3,0,0,0,0,0,9,10,E01026352,-1,0,0.05886,0.94114,-1,6,60,1,1,1,09:32,4,3,9
2023451287958,2023,451287958,1,2,2,2,17,4,3,0,0,1,0,0,9,-1,-1,3,1,0.0,1.0,-1,1,70,1,1,1,15:52,3,2,9
2023461346491,2023,461346491,4,3,1,2,55,8,2,0,0,0,0,0,9,7,E01016078,7,1,1.0,0.0,-1,6,30,1,1,1,11:20,5,4,9
2023010477423,2023,010477423,1,1,1,1,28,6,3,0,0,0,0,0,8,2,E01003566,-1,0,0.0,1.0,-1,9,30,8,4,1,09:35,7,1,8
2023010463079,2023,010463079,3,1,1,2,19,4,3,0,0,0,0,0,9,9,E01000667,-1,0,0.0,1.0,-1,6,20,1,4,1,00:43,4,6,9
2023010473192,2023,010473192,1,1,1,1,35,6,3,0,0,0,0,0,9,4,E01003062,-1,0,0.0,1.0,-1,6,20,1,4,1,03:07,7,7,9
202360A062112,2023,60A062112,1,1,2,2,17,4,3,0,0,2,0,0,9,-1,-1,-1,0,0.09012,0.90988,-1,6,60,1,1,1,18:00,6,2,9