collision_index,collision_year,collision_ref_no,vehicle_reference,casualty_reference,casualty_class,sex_of_casualty,age_of_casualty,age_band_of_casualty,casualty_severity,pedestrian_location,pedestrian_movement,car_passenger,bus_or_coach_passenger,pedestrian_road_maintenance_worker,casualty_type,casualty_imd_decile,lsoa_of_casualty,enhanced_casualty_severity,casualty_injury_based,casualty_adjusted_severity_serious,casualty_adjusted_severity_slight,casualty_distance_banding,road_type,speed_limit,weather_conditions,light_conditions,road_surface_conditions,time,day_of_week,number_of_vehicles,vehicle_type
2023221381173,2023,221381173,1,1,1,1,50,8,1,0,0,0,0,0,9,1,E01009124,1,1,0.0,0.0,-1,6,60,1,1,2,15:16,4,4,9
2023401363893,2023,401363893,2,1,1,1,59,9,3,0,0,0,0,0,9,3,E01015783,3,1,0.0,1.0,-1,6,60,1,1,1,16:48,5,4,9
2023010449906,2023,010449906,2,1,1,2,41,7,2,0,0,0,0,0,9,6,E01004109,-1,0,1.0,0.0,-1,6,30,1,1,2,17:25,1,2,9
2023320021448,2023,320021448,2,2,1,1,26,6,3,0,0,0,0,0,9,3,E01026043,-1,0,0.02189,0.97811,-1,6,60,1,6,2,16:49,3,2,9
2023320390138,2023,320390138,1,4,2,2,10,2,3,0,0,2,0,0,9,1,E01026308,-1,0,0.09989,0.90011,-1,6,60,1,1,1,14:05,1,3,9
2023411369414,2023,411369414,2,1,1,1,42,7,3,0,0,0,0,0,9,10,E01023655,3,1,0.0,1.0,-1,3,70,2,6,2,07:21,3,2,9
2023061342476,2023,061342476,2,1,2,2,8,2,3,0,0,2,0,0,9,-1,-1,3,1,0.0,1.0,-1,6,30,1,1,1,12:36,4,2,9
2023411393847,2023,411393847,2,2,1,2,31,6,3,0,0,0,0,0,9,5,E01021810,3,1,0.0,1.0,-1,3,70,1,1,1,17:18,3,3,9
2023430303019,2023,430303019,2,7,1,1,75,10,3,0,0,0,0,0,9,9,E01028785,-1,0,0.16382,0.83618,-1,6,60,1,6,2,00:11,1,2,9
2023552300961,2023,552300961,1,1,1,2,70,10,3,0,0,0,0,0,9,5,E01020448,-1,0,0.07418,0.92582,-1,6,60,1,1,1,11:17,6,1,9
2023010441700,2023,010441700,1,1,1,1,27,6,3,0,0,0,0,0,9,3,E01002795,-1,0,0.0,1.0,-1,6,20,1,1,1,19:55,1,2,9
2023351316260,2023,351316260,2,1,2,1,20,4,3,0,0,1,0,0,9,6,E01026707,3,1,0.0,1.0,-1,6,40,1,1,-1,08:35,3,2,9
2023010458259,2023,010458259,1,1,2,2,52,8,2,0,0,1,0,0,9,6,E01003434,-1,0,1.0,0.0,-1,6,20,1,1,1,18:45,3,2,9
2023161351973,2023,161351973,1,1,1,2,45,7,3,0,0,0,0,0,9,7,E01012935,3,1,0.0,1.0,-1,6,30,1,1,1,16:55,2,2,9
2023221262747,2023,221262747,1,1,1,2,49,8,3,0,0,0,0,0,9,5,E01014008,3,1,0.0,1.0,-1,6,60,5,6,2,18:00,5,2,9
2023421300228,2023,421300228,1,3,1,2,65,9,2,0,0,0,0,0,9,2,E01021977,6,1,1.0,0.0,-1,6,30,1,1,1,09:12,2,3,9
2023461374886,2023,461374886,1,1,1,1,37,7,3,0,0,0,0,0,9,9,E01024851,3,1,0.0,1.0,-1,6,30,1,1,2,12:23,6,1,9
202354A674523,2023,54A674523,1,1,1,1,54,8,3,0,0,0,0,0,9,10,E01033254,-1,0,0.05472,0.94528,-1,6,40,1,1,1,14:58,1,3,9
202354C768323,2023,54C768323,3,4,2,1,31,6,3,0,0,0,0,0,19,6,E01032065,-1,0,0.06513,0.93487,-1,6,60,1,6,1,16:45,6,5,19
2023010463139,2023,010463139,1,1,1,1,27,6,3,0,0,0,0,0,3,3,E01003352,-1,0,0.0,1.0,-1,6,30,1,4,1,18:35,3,2,3
2023010465257,2023,010465257,1,1,1,1,47,8,3,0,0,0,0,0,1,9,E01002929,-1,0,0.0,1.0,-1,6,30,1,1,1,07:28,2,2,1
2023371364607,2023,371364607,2,1,1,1,17,4,3,0,0,0,0,0,3,6,E01030100,3,1,0.0,1.0,-1,6,60,1,1,1,16:16,6,2,3
2023010462850,2023,010462850,1,1,3,1,78,11,2,4,4,0,0,0,0,3,E01003979,-1,0,1.0,0.0,-1,6,20,1,1,1,18:45,2,1,9
2023010483462,2023,010483462,1,1,3,1,71,10,2,8,1,0,0,0,0,5,E01000038,-1,0,1.0,0.0,-1,6,30,1,4,1,18:15,2,1,9
2023041391850,2023,041391850,1,1,3,1,67,10,3,5,3,0,0,2,0,1,E01025226,3,1,0.0,1.0,-1,6,30,5,4,2,20:40,7,1,9
2023430400649,2023,430400649,1,1,3,2,15,3,3,1,1,0,0,0,0,7,E01017705,-1,0,0.13734,0.86266,-1,6,30,8,1,1,08:06,7,2,9
2023010474971,2023,010474971,1,1,1,1,22,5,3,0,0,0,0,0,1,2,E01000856,-1,0,0.0,1.0,-1,2,20,8,1,1,13:47,2,2,1
2023311312934,2023,311312934,1,1,3,2,21,5,2,1,3,0,0,0,0,2,E01013961,7,1,1.0,0.0,-1,6,30,1,1,1,13:15,3,1,9
2023010478541,2023,010478541,1,1,2,2,-1,-1,3,0,0,1,0,0,9,3,E01001412,-1,0,0.0,1.0,-1,2,20,1,4,1,17:13,3,2,9
2023041326740,2023,041326740,2,1,1,2,35,6,3,0,0,0,0,0,9,9,E01025425,3,1,0.0,1.0,-1,6,30,1,1,1,12:40,1,2,9
2023161305280,2023,161305280,1,1,1,2,51,8,3,0,0,0,0,0,9,4,E01027608,3,1,0.0,1.0,-1,6,30,1,1,1,09:29,3,2,9
2023340WN3692,2023,340WN3692,2,3,2,1,27,6,3,0,0,2,0,0,9,-1,-1,-1,0,0.03403,0.96597,-1,3,30,1,4,1,01:39,1,3,9
2023131352834,2023,131352834,1,1,3,2,22,5,3,9,5,0,0,1,0,1,E01011336,3,1,0.0,1.0,-1,6,30,1,1,1,10:13,6,1,9
2023141367981,2023,141367981,1,1,3,1,74,10,2,5,3,0,0,0,0,5,E01007484,7,1,1.0,0.0,-1,6,30,1,1,2,13:12,7,1,9
2023440034506,2023,440034506,2,1,1,1,46,8,3,0,0,0,0,0,1,8,E01022829,-1,0,0.09776,0.90224,-1,6,30,9,1,2,08:25,5,2,1
2023061386313,2023,061386313,1,1,2,1,25,5,2,0,0,1,0,0,9,1,E01005568,6,1,1.0,0.0,-1,3,60,2,4,2,22:14,1,2,9
2023520401280,2023,520401280,1,4,2,1,19,4,3,0,0,2,0,0,9,7,E01020075,-1,0,0.07617,0.92383,-1,6,60,2,6,2,00:30,7,1,9
2023131294628,2023,131294628,2,1,2,2,37,7,3,0,0,0,0,0,9,1,E01010830,3,1,0.0,1.0,-1,6,20,1,1,1,18:00,5,2,9
2023010426729,2023,010426729,1,1,1,1,24,5,2,0,0,0,0,0,9,7,E01024764,-1,0,1.0,0.0,-1,3,50,1,1,1,11:37,7,3,9
2023010445646,2023,010445646,1,1,1,2,79,11,3,0,0,0,0,0,9,2,E01004424,-1,0,0.0,1.0,-1,6,20,1,1,1,14:00,1,3,9
2023461351475,2023,461351475,2,1,1,2,26,6,3,0,0,0,0,0,9,8,E01016175,3,1,0.0,1.0,-1,3,70,1,1,1,14:40,4,2,9
2023411279799,2023,411279799,1,1,3,1,40,7,3,10,9,0,0,0,0,7,E01023795,3,1,0.0,1.0,-1,6,40,1,1,-1,08:55,6,1,9
2023451309448,2023,451309448,1,1,3,1,62,9,3,5,3,0,0,0,0,9,E01030731,3,1,0.0,1.0,-1,6,30,1,4,1,00:28,7,1,9
2023231305239,2023,231305239,1,1,1,1,51,8,2,0,0,0,0,0,5,7,E01003839,7,1,1.0,0.0,-1,3,70,1,1,1,16:23,6,2,5
2023501274571,2023,501274571,1,1,1,1,22,5,3,0,0,0,0,0,9,-1,-1,3,1,0.0,1.0,-1,6,60,1,6,1,00:48,6,1,9
2023010455320,2023,010455320,1,1,1,1,45,7,3,0,0,0,0,0,9,2,E01003298,-1,0,0.0,1.0,-1,6,30,1,1,1,11:39,7,2,9
2023221336993,2023,221336993,1,1,1,2,64,9,2,0,0,0,0,0,9,3,E01014141,5,1,1.0,0.0,-1,6,30,1,1,1,11:15,6,2,9
2023501317128,2023,501317128,1,1,1,2,31,6,3,0,0,0,0,0,9,5,E01020308,3,1,0.0,1.0,-1,6,60,1,1,2,14:28,7,2,9
2023552300185,2023,552300185,2,1,1,2,58,9,2,0,0,0,0,0,1,8,E01020369,-1,0,1.0,0.0,-1,6,30,1,1,1,13:20,5,2,1
2023070597502,2023,070597502,1,1,1,1,41,7,3,0,0,0,0,0,90,10,W01000326,-1,0,0.11006,0.88994,-1,3,50,2,1,2,11:50,2,2,90
2023522301136,2023,522301136,1,1,3,1,54,8,3,9,9,0,0,0,0,5,E01014746,-1,0,0.03973,0.96027,-1,6,30,1,1,2,08:33,6,1,9
2023531354905,2023,531354905,2,1,1,1,27,6,3,0,0,0,0,0,1,4,E01022102,3,1,0.0,1.0,-1,3,40,1,1,1,09:00,5,2,1
2023471271109,2023,471271109,1,1,1,1,20,4,3,0,0,0,0,0,3,8,E01021215,3,1,0.0,1.0,-1,3,70,1,1,1,15:27,4,1,3
2023010447896,2023,010447896,2,2,1,1,42,7,2,0,0,0,0,0,4,9,E01000658,-1,0,1.0,0.0,-1,1,30,1,1,1,06:28,6,2,4
2023010467612,2023,010467612,2,1,1,1,33,6,2,0,0,0,0,0,4,3,E01003533,-1,0,1.0,0.0,-1,6,30,1,1,1,13:05,6,2,4
2023010435070,2023,010435070,2,1,1,1,27,6,3,0,0,0,0,0,1,2,E01003922,-1,0,0.0,1.0,-1,6,20,1,1,1,16:20,5,2,1
2023481374241,2023,481374241,1,1,1,1,33,6,3,0,0,0,0,0,1,-1,-1,3,1,0.0,1.0,-1,6,20,1,1,1,08:12,6,1,1
2023231378338,2023,231378338,1,1,3,1,22,5,3,6,8,0,0,0,0,9,E01031227,3,1,0.0,1.0,-1,6,30,1,4,2,18:15,1,1,9
2023501348301,2023,501348301,1,1,3,1,12,3,2,5,1,0,0,2,0,7,E01018970,7,1,1.0,0.0,-1,6,30,8,1,2,16:45,6,1,9
2023101367499,2023,101367499,2,1,1,1,69,10,1,0,0,0,0,0,9,-1,-1,1,1,0.0,0.0,-1,6,60,1,1,1,12:57,1,2,9
2023991340743,2023,991340743,2,1,2,2,33,6,3,0,0,2,0,0,9,3,-1,3,1,0.0,1.0,-1,3,30,1,1,1,13:11,6,3,9
2023010457726,2023,010457726,1,1,1,2,36,7,3,0,0,0,0,0,9,7,E01002424,-1,0,0.0,1.0,-1,3,30,1,1,1,15:25,5,2,9
2023010468078,2023,010468078,1,1,1,1,32,6,3,0,0,0,0,0,9,4,E01027059,-1,0,0.0,1.0,-1,6,20,1,4,1,22:00,1,2,9
2023041315683,2023,041315683,2,1,2,2,28,6,3,0,0,1,0,0,9,7,E01025565,3,1,0.0,1.0,-1,6,30,1,1,1,14:56,1,2,9
2023201328509,2023,201328509,2,3,2,2,48,8,3,0,0,1,0,0,9,1,E01009274,3,1,0.0,1.0,-1,6,30,1,1,1,12:26,2,2,9
2023311275112,2023,311275112,1,1,1,1,22,5,3,0,0,0,0,0,9,9,E01028394,3,1,0.0,1.0,-1,6,30,1,4,2,07:02,4,2,9
2023401339097,2023,401339097,1,1,1,1,65,9,2,0,0,0,0,0,19,3,E01015715,7,1,1.0,0.0,-1,7,70,1,1,1,09:38,6,5,19
2023010462649,2023,010462649,1,1,2,2,58,9,3,0,0,2,0,0,9,6,E01030643,-1,0,0.0,1.0,-1,3,30,2,1,2,13:37,1,2,9
2023361331715,2023,361331715,1,1,1,1,78,11,3,0,0,0,0,0,9,8,E01020455,3,1,0.0,1.0,-1,3,50,1,1,1,09:07,6,2,9
2023061366030,2023,061366030,1,3,1,1,53,8,2,0,0,0,0,0,9,5,E01005677,5,1,1.0,0.0,-1,3,70,2,4,2,06:15,6,2,9
2023131311573,2023,131311573,1,1,1,1,35,6,3,0,0,0,0,0,9,6,E01010975,3,1,0.0,1.0,-1,6,30,1,1,1,20:05,5,1,9
2023131360806,2023,131360806,2,4,2,2,57,9,3,0,0,1,0,0,9,9,E01027687,3,1,0.0,1.0,-1,6,30,1,4,1,19:16,1,2,9
2023430506556,2023,430506556,2,1,1,1,44,7,3,0,0,0,0,0,9,10,E01022893,-1,0,0.02444,0.97556,-1,3,70,1,6,1,17:01,6,4,9
2023991263605,2023,991263605,1,1,1,1,19,4,3,0,0,0,0,0,9,7,-1,3,1,0.0,1.0,-1,6,30,2,4,2,21:30,1,2,9
2023111310235,2023,111310235,2,2,2,1,10,2,3,0,0,1,0,0,9,2,E01012314,3,1,0.0,1.0,-1,6,30,1,1,1,07:46,6,2,9
202363A007923,2023,63A007923,1,1,1,1,32,6,3,0,0,0,0,0,9,1,W01000742,-1,0,0.09515,0.90485,-1,3,70,1,1,2,09:45,6,1,9
2023451277599,2023,451277599,1,1,1,2,58,9,3,0,0,0,0,0,9,10,E01031725,3,1,0.0,1.0,-1,6,50,1,6,2,10:00,6,2,9
2023010461336,2023,010461336,2,1,1,1,30,6,2,0,0,0,0,0,1,2,E01032765,-1,0,1.0,0.0,-1,6,30,1,1,1,09:44,7,2,1
2023010434646,2023,010434646,1,1,3,1,35,6,2,5,3,0,0,0,0,2,E01001877,-1,0,1.0,0.0,-1,6,20,2,1,2,11:50,3,2,8
2023161324185,2023,161324185,1,1,1,2,49,8,3,0,0,0,0,0,9,9,E01012998,3,1,0.0,1.0,-1,6,30,1,1,1,14:54,5,2,9
2023332300432,2023,332300432,1,1,2,1,63,9,3,0,0,1,0,0,9,8,E01032599,-1,0,0.02806,0.97194,-1,6,30,1,1,1,19:25,3,2,9
202360A052126,2023,60A052126,2,2,2,2,47,8,3,0,0,1,0,0,10,-1,-1,-1,0,0.06454,0.93546,-1,1,40,1,1,2,19:50,2,2,10
2023411395069,2023,411395069,1,3,2,2,57,9,3,0,0,1,0,0,9,5,E01021329,3,1,0.0,1.0,-1,6,60,1,1,1,20:50,5,2,9
2023451291626,2023,451291626,1,1,1,1,56,9,3,0,0,0,0,0,1,5,E01030814,3,1,0.0,1.0,-1,6,40,1,6,2,23:00,3,2,1
2023201379080,2023,201379080,2,1,1,2,26,6,3,0,0,0,0,0,9,7,E01010122,3,1,0.0,1.0,-1,1,30,1,1,1,09:45,4,2,9
2023221384405,2023,221384405,1,1,1,1,27,6,3,0,0,0,0,0,9,4,E01032342,3,1,0.0,1.0,-1,2,30,1,1,2,12:50,3,2,9
2023421325905,2023,421325905,2,1,1,1,30,6,3,0,0,0,0,0,9,8,E01021257,3,1,0.0,1.0,-1,6,50,5,1,2,16:11,3,2,9
2023070426129,2023,070426129,1,1,1,2,75,10,2,0,0,0,0,0,9,7,E01018673,-1,0,1.0,0.0,-1,6,40,1,1,1,15:42,6,2,9
2023201395573,2023,201395573,1,1,1,2,20,4,3,0,0,0,0,0,9,4,E01009750,3,1,0.0,1.0,-1,6,30,9,4,1,00:10,7,2,9
2023221328319,2023,221328319,2,2,1,1,22,5,3,0,0,0,0,0,9,6,E01014080,3,1,0.0,1.0,-1,6,50,1,1,1,07:36,4,2,9
2023522301093,2023,522301093,1,1,1,1,20,4,3,0,0,0,0,0,9,9,W01001549,-1,0,0.05529,0.94471,-1,6,20,1,4,1,23:30,2,1,9
2023542138723,2023,542138723,1,2,2,1,55,8,3,0,0,1,0,0,9,5,E01020454,-1,0,0.13523,0.86477,-1,6,60,1,6,1,23:51,1,1,9
2023520301255,2023,520301255,1,1,1,1,29,6,3,0,0,0,0,0,19,5,E01029200,-1,0,0.05471,0.94529,-1,6,60,2,6,2,23:00,5,2,19
2023631369375,2023,631369375,2,1,1,1,47,8,2,0,0,0,0,0,19,2,W01000937,5,1,1.0,0.0,-1,6,60,9,1,2,13:56,6,2,19
2023101369837,2023,101369837,1,1,2,1,9,2,3,0,0,0,-1,0,11,-1,-1,3,1,0.0,1.0,-1,6,30,2,1,2,13:30,3,1,11
2023010437807,2023,010437807,1,1,1,1,36,7,3,0,0,0,0,0,9,2,E01001827,-1,0,0.0,1.0,-1,6,30,1,1,1,09:00,2,2,9
2023141334723,2023,141334723,1,1,1,1,19,4,2,0,0,0,0,0,9,10,E01008146,7,1,1.0,0.0,-1,6,60,1,1,1,16:00,7,2,9
2023461377494,2023,461377494,2,1,1,1,29,6,3,0,0,0,0,0,9,4,E01024339,3,1,0.0,1.0,-1,6,60,2,4,2,14:58,7,2,9
2023010465592,2023,010465592,1,1,3,1,63,9,2,6,9,0,0,0,0,2,E01001054,-1,0,1.0,0.0,-1,6,30,1,1,1,15:04,3,1,11
2023061286859,2023,061286859,2,1,1,1,52,8,3,0,0,0,0,0,1,3,E01006115,3,1,0.0,1.0,-1,6,30,1,1,1,16:15,1,2,1
2023440491563,2023,440491563,1,1,1,1,51,8,3,0,0,0,0,0,9,-1,-1,-1,0,0.09028,0.90972,-1,6,60,1,1,2,15:12,6,2,9
2023501342914,2023,501342914,2,2,1,1,20,4,3,0,0,0,0,0,19,4,E01015042,3,1,0.0,1.0,-1,6,60,1,1,1,19:08,5,2,19
2023010436783,2023,010436783,1,1,1,1,27,6,3,0,0,0,0,0,3,3,E01003570,-1,0,0.0,1.0,-1,6,20,1,4,1,23:37,2,2,3
2023461307304,2023,461307304,2,1,1,1,42,7,2,0,0,0,0,0,3,1,E01024580,5,1,1.0,0.0,-1,6,30,1,4,1,21:27,2,2,3
2023131354770,2023,131354770,1,1,3,1,12,3,3,5,4,0,0,2,0,3,E01011379,3,1,0.0,1.0,-1,6,30,1,1,1,08:00,5,1,9
2023201389170,2023,201389170,1,2,3,2,81,11,2,1,3,0,0,0,0,6,E01010379,5,1,1.0,0.0,-1,3,20,1,4,2,20:06,7,1,9
2023111261895,2023,111261895,2,1,1,1,41,7,3,0,0,0,0,0,1,7,E01012366,3,1,0.0,1.0,-1,1,30,1,4,2,20:15,2,2,1
2023010433166,2023,010433166,2,1,1,1,27,6,2,0,0,0,0,0,5,9,E01003467,-1,0,1.0,0.0,-1,3,40,1,1,1,08:15,2,2,5
2023461339010,2023,461339010,1,1,1,1,58,9,3,0,0,0,0,0,9,8,E01024017,3,1,0.0,1.0,-1,6,30,1,1,1,09:45,7,3,9
2023201300486,2023,201300486,2,1,1,1,28,6,3,0,0,0,0,0,1,3,E01009838,3,1,0.0,1.0,-1,6,30,1,1,1,12:35,5,2,1
2023430406554,2023,430406554,1,1,1,1,30,6,3,0,0,0,0,0,3,3,E01016353,-1,0,0.05484,0.94516,-1,6,30,1,1,1,11:56,4,2,3
2023010469757,2023,010469757,1,1,3,1,58,9,2,8,9,0,0,0,0,1,E01033456,-1,0,1.0,0.0,-1,6,30,9,1,1,14:25,3,1,19
2023991390794,2023,991390794,1,2,1,1,17,4,2,0,0,0,0,0,19,10,-1,7,1,1.0,0.0,-1,6,60,1,6,1,17:04,4,3,19
2023340WN3992,2023,340WN3992,1,1,1,2,23,5,3,0,0,0,0,0,9,5,E01027179,-1,0,0.02754,0.97246,-1,6,30,1,1,1,07:47,4,2,9
2023991383105,2023,991383105,2,1,1,1,49,8,3,0,0,0,0,0,9,1,-1,3,1,0.0,1.0,-1,6,30,2,4,2,22:51,3,2,9
2023141362485,2023,141362485,1,2,2,2,59,9,2,0,0,2,0,0,9,-1,-1,6,1,1.0,0.0,-1,6,30,2,1,2,08:45,6,4,9
2023211335514,2023,211335514,1,2,2,2,24,5,3,0,0,1,0,0,9,1,E01005225,3,1,0.0,1.0,-1,3,70,1,1,1,06:00,1,1,9
2023471302075,2023,471302075,1,1,1,1,20,4,3,0,0,0,0,0,9,3,E01020996,3,1,0.0,1.0,-1,1,60,2,4,2,22:55,5,1,9
2023552400005,2023,552400005,1,1,1,1,28,6,3,0,0,0,0,0,9,5,E01000240,-1,0,0.03512,0.96488,-1,6,30,2,1,2,08:15,5,2,9
2023440036281,2023,440036281,1,2,2,2,34,6,3,0,0,0,4,0,11,4,E01022910,-1,0,0.04404,0.95596,-1,6,30,1,1,1,13:46,6,2,11
2023211301773,2023,211301773,1,1,3,2,46,8,3,1,1,0,0,0,0,-1,-1,3,1,0.0,1.0,-1,6,30,1,1,1,15:20,4,1,9
2023010434301,2023,010434301,1,1,1,1,59,9,3,0,0,0,0,0,1,2,E01004041,-1,0,0.0,1.0,-1,9,30,1,1,1,13:00,7,2,1
2023332300798,2023,332300798,2,1,1,1,50,8,3,0,0,0,0,0,1,1,E01013653,-1,0,0.02383,0.97617,-1,1,30,1,1,1,18:35,2,2,1
2023201365875,2023,201365875,1,1,1,1,26,6,2,0,0,0,0,0,5,1,E01009096,7,1,1.0,0.0,-1,6,40,1,1,1,18:05,5,2,5
2023141343580,2023,141343580,1,2,2,1,-1,-1,3,0,0,1,0,0,9,2,E01007805,3,1,0.0,1.0,-1,6,30,1,1,1,11:45,7,2,9
2023531319246,2023,531319246,1,3,1,1,19,4,3,0,0,0,0,0,9,6,E01022211,3,1,0.0,1.0,-1,6,60,1,6,1,01:08,6,1,9
2023991329130,2023,991329130,2,1,1,1,19,4,3,0,0,0,0,0,9,8,-1,3,1,0.0,1.0,-1,6,30,2,1,2,10:52,3,2,9
2023010463765,2023,010463765,1,1,1,1,56,9,3,0,0,0,0,0,11,4,E01001317,-1,0,0.0,1.0,-1,6,30,1,1,1,15:02,7,2,11
2023161267017,2023,161267017,1,1,3,1,61,9,3,5,3,0,0,2,0,1,E01012836,3,1,0.0,1.0,-1,6,30,1,1,1,13:58,2,1,9
2023010470944,2023,010470944,1,1,1,1,32,6,2,0,0,0,0,0,5,-1,-1,-1,0,1.0,0.0,-1,6,30,1,1,1,12:46,2,1,5
2023461284737,2023,461284737,1,1,1,1,74,10,3,0,0,0,0,0,9,7,E01024405,3,1,0.0,1.0,-1,6,30,1,4,1,19:05,7,4,9
2023201279257,2023,201279257,1,1,3,2,18,4,3,4,1,0,0,2,0,1,E01010413,3,1,0.0,1.0,-1,6,30,1,4,1,21:20,3,1,9
2023071213244,2023,071213244,1,1,3,1,61,9,2,9,8,0,0,0,0,9,E01018688,-1,0,1.0,0.0,-1,6,60,1,1,1,13:50,6,1,9
2023201285417,2023,201285417,1,1,3,2,20,4,3,5,1,0,0,2,0,-1,-1,3,1,0.0,1.0,-1,6,30,1,1,1,11:00,6,1,9
2023201294327,2023,201294327,1,1,3,1,46,8,3,1,1,0,0,0,0,2,E01010372,3,1,0.0,1.0,-1,3,40,1,1,1,19:55,6,1,9
2023201370823,2023,201370823,1,1,3,1,23,5,3,5,5,0,0,-1,0,3,E01009239,3,1,0.0,1.0,-1,6,30,1,4,1,02:10,3,1,8
202360A078613,2023,60A078613,2,1,1,1,41,7,3,0,0,0,0,0,1,-1,-1,-1,0,0.20953,0.79047,-1,6,60,1,1,1,19:02,5,2,1
2023451380625,2023,451380625,1,1,1,1,25,5,3,0,0,0,0,0,3,5,E01000975,3,1,0.0,1.0,-1,6,30,1,4,1,23:00,4,2,3
2023170M10653,2023,170M10653,1,1,2,1,44,7,3,0,0,2,0,0,8,1,E01012059,-1,0,0.02321,0.97679,-1,6,20,1,1,1,14:30,2,2,8
2023302300710,2023,302300710,1,1,3,1,80,11,3,9,5,0,0,0,0,5,E01013509,-1,0,0.19141,0.80859,-1,6,30,8,1,2,15:00,4,2,9
2023071044934,2023,071044934,1,1,1,1,88,11,2,0,0,0,0,0,9,4,E01018613,-1,0,1.0,0.0,-1,6,60,1,1,1,13:48,2,2,9
2023141293799,2023,141293799,2,1,1,1,60,9,3,0,0,0,0,0,9,6,E01007688,3,1,0.0,1.0,-1,6,30,1,1,1,10:30,2,2,9
2023421341737,2023,421341737,2,1,1,2,40,7,3,0,0,0,0,0,9,9,E01021560,3,1,0.0,1.0,-1,1,30,2,4,2,21:05,7,2,9
2023302301845,2023,302301845,1,1,3,2,14,3,3,2,3,0,0,0,0,-1,-1,-1,0,0.13403,0.86597,-1,6,30,1,4,4,19:56,5,1,9
2023421288065,2023,421288065,1,1,3,1,64,9,1,9,9,0,0,0,0,4,E01015888,1,1,0.0,0.0,-1,6,30,1,6,2,20:46,6,1,9
2023430212018,2023,430212018,2,1,1,1,61,9,3,0,0,0,0,0,1,9,E01017940,-1,0,0.19285,0.80715,-1,6,50,1,1,1,12:39,2,2,1
2023071294534,2023,071294534,2,1,1,1,20,4,3,0,0,0,0,0,3,10,E01012489,-1,0,0.08997,0.91003,-1,6,30,1,4,2,22:18,3,2,3
2023010455041,2023,010455041,1,1,1,1,46,8,3,0,0,0,0,0,8,5,E01003415,-1,0,0.0,1.0,-1,9,30,1,1,1,08:30,5,2,8
2023501357461,2023,501357461,1,2,2,2,22,5,3,0,0,1,0,0,9,6,E01018752,3,1,0.0,1.0,-1,6,30,2,4,2,00:01,6,1,9
2023332300487,2023,332300487,1,1,1,1,26,6,2,0,0,0,0,0,-1,-1,-1,-1,0,1.0,0.0,-1,6,30,1,7,1,04:06,3,2,-1
2023221330912,2023,221330912,1,1,1,1,32,6,3,0,0,0,0,0,9,5,E01014021,3,1,0.0,1.0,-1,6,60,1,6,1,23:48,6,1,9
2023451356681,2023,451356681,1,1,1,2,78,11,3,0,0,0,0,0,9,3,E01030744,3,1,0.0,1.0,-1,6,20,1,4,1,23:10,3,3,9
2023302301857,2023,302301857,2,1,1,1,62,9,3,0,0,0,0,0,9,2,E01013827,-1,0,0.04991,0.95009,-1,6,30,7,1,2,11:20,7,2,9
2023311323400,2023,311323400,2,1,1,1,26,6,3,0,0,0,0,0,9,10,E01028363,3,1,0.0,1.0,-1,6,30,1,7,1,00:11,4,2,9
2023010483618,2023,010483618,1,1,3,2,33,6,3,1,4,0,0,0,0,2,E01002638,-1,0,0.0,1.0,-1,6,30,1,4,2,18:30,3,1,3
2023010475713,2023,010475713,1,1,1,1,33,6,3,0,0,0,0,0,3,4,E01000618,-1,0,0.0,1.0,-1,6,30,1,1,1,12:50,6,2,3
2023061293050,2023,061293050,2,1,1,2,33,6,3,0,0,0,0,0,9,10,E01005805,3,1,0.0,1.0,-1,6,30,1,1,1,11:05,4,2,9
2023531387208,2023,531387208,1,1,1,2,37,7,2,0,0,0,0,0,3,6,E01022400,6,1,1.0,0.0,-1,6,60,1,1,4,08:35,6,1,3
2023010458016,2023,010458016,1,1,1,2,32,6,3,0,0,0,0,0,9,3,E01000195,-1,0,0.0,1.0,-1,7,30,2,1,2,15:09,1,2,9
2023320585642,2023,320585642,1,1,1,2,31,6,3,0,0,0,0,0,9,4,E01015614,-1,0,0.07671,0.92329,-1,6,60,5,1,2,13:30,4,1,9
2023371391255,2023,371391255,1,2,1,1,27,6,3,0,0,0,0,0,9,8,E01029917,3,1,0.0,1.0,-1,6,40,5,7,2,06:17,6,2,9
2023547182123,2023,547182123,2,1,1,1,61,9,3,0,0,0,0,0,9,9,E01032038,-1,0,0.03171,0.96829,-1,1,30,1,1,1,19:28,1,2,9
2023131261257,2023,131261257,1,1,1,1,26,6,2,0,0,0,0,0,23,3,E01010569,5,1,1.0,0.0,-1,6,20,2,4,2,17:20,2,2,23
2023010421043,2023,010421043,1,1,2,1,32,6,3,0,0,0,3,0,11,9,E01002107,-1,0,0.0,1.0,-1,6,30,1,4,1,19:45,5,1,11
2023161342258,2023,161342258,1,1,2,1,72,10,3,0,0,0,3,0,11,5,E01012796,3,1,0.0,1.0,-1,3,30,1,1,1,11:50,6,1,11
2023141370753,2023,141370753,1,1,3,1,22,5,3,1,1,0,0,0,0,4,E01030295,3,1,0.0,1.0,-1,6,30,2,4,2,21:26,7,1,9
2023552400043,2023,552400043,1,1,3,1,48,8,3,9,9,0,0,0,0,3,E01015285,-1,0,0.14958,0.85042,-1,6,30,1,1,1,13:51,4,1,9