collision_index,collision_year,collision_ref_no,vehicle_reference,casualty_reference,casualty_class,sex_of_casualty,age_of_casualty,age_band_of_casualty,casualty_severity,pedestrian_location,pedestrian_movement,car_passenger,bus_or_coach_passenger,pedestrian_road_maintenance_worker,casualty_type,casualty_imd_decile,lsoa_of_casualty,enhanced_casualty_severity,casualty_injury_based,casualty_adjusted_severity_serious,casualty_adjusted_severity_slight,casualty_distance_banding,road_type,speed_limit,weather_conditions,light_conditions,road_surface_conditions,time,day_of_week,number_of_vehicles,vehicle_type
2023421271693,2023,421271693,2,1,1,2,20,4,3,0,0,0,0,0,19,4,E01003721,3,1,0.0,1.0,-1,6,30,2,1,2,09:25,3,2,19
2023010429988,2023,010429988,2,1,1,2,57,9,3,0,0,0,0,0,9,2,E01004230,-1,0,0.0,1.0,-1,7,40,1,1,1,07:50,5,2,9
2023201339334,2023,201339334,1,1,1,2,58,9,3,0,0,0,0,0,9,1,E01009836,3,1,0.0,1.0,-1,6,30,1,1,1,06:45,7,1,9
2023201392088,2023,201392088,2,4,2,1,15,3,3,0,0,2,0,0,9,3,E01029448,3,1,0.0,1.0,-1,3,30,1,4,1,17:30,7,2,9
2023320785174,2023,320785174,1,2,1,1,19,4,3,0,0,0,0,0,9,6,E01026431,-1,0,0.06123,0.93877,-1,6,60,1,1,1,13:15,6,2,9
2023522400960,2023,522400960,1,2,2,2,43,7,3,0,0,1,0,0,9,7,E01014945,-1,0,0.00572,0.99428,-1,2,30,2,1,2,16:00,1,2,9
2023451293659,2023,451293659,2,1,1,1,51,8,2,0,0,0,0,0,1,4,E01030914,7,1,1.0,0.0,-1,6,30,1,1,1,13:30,3,2,1
2023111307813,2023,111307813,2,1,1,2,39,7,3,0,0,0,0,0,9,5,E01012310,3,1,0.0,1.0,-1,6,30,1,1,1,17:02,7,3,9
2023010481340,2023,010481340,1,2,3,1,28,6,3,6,9,0,0,0,0,-1,-1,-1,0,0.0,1.0,-1,1,20,1,1,2,14:20,6,1,9
2023631321977,2023,631321977,1,1,3,2,85,11,3,10,1,0,0,2,0,8,W01000444,3,1,0.0,1.0,-1,2,30,1,1,1,12:00,6,1,9
2023010431433,2023,010431433,1,1,2,2,87,11,2,0,0,0,1,0,11,6,E01004726,-1,0,1.0,0.0,-1,6,20,1,1,1,15:40,6,1,11
2023340NN2792,2023,340NN2792,1,1,1,1,10,2,3,0,0,0,0,0,1,10,E01033244,-1,0,0.14089,0.85911,-1,6,20,1,1,1,13:30,3,2,1
202360A047048,2023,60A047048,1,1,1,1,36,7,3,0,0,0,0,0,1,-1,-1,-1,0,0.19449,0.80551,-1,2,30,1,4,2,21:30,7,2,1
2023101334640,2023,101334640,1,1,3,1,34,6,3,9,7,0,0,0,0,6,E01008433,3,1,0.0,1.0,-1,6,30,8,1,1,16:20,4,2,9
2023351316813,2023,351316813,2,1,1,1,71,10,3,0,0,0,0,0,19,4,E01018062,3,1,0.0,1.0,-1,9,30,1,1,-1,10:15,7,2,19
2023111265854,2023,111265854,1,1,3,1,67,10,3,5,1,0,0,0,0,2,E01020820,3,1,0.0,1.0,-1,6,30,1,1,2,11:20,5,1,9
2023010431841,2023,010431841,2,1,2,1,-1,-1,3,0,0,2,0,0,9,6,E01000581,-1,0,0.0,1.0,-1,6,20,1,1,1,13:40,1,2,9
2023010468638,2023,010468638,2,1,1,1,30,6,3,0,0,0,0,0,9,2,E01000856,-1,0,0.0,1.0,-1,6,30,1,1,1,16:06,4,3,9
2023302300904,2023,302300904,1,1,1,1,79,11,3,0,0,0,0,0,9,5,E01019827,-1,0,0.08474,0.91526,-1,3,40,1,1,1,09:30,6,2,9
2023501345675,2023,501345675,2,1,2,1,18,4,3,0,0,2,0,0,9,-1,-1,3,1,0.0,1.0,-1,3,70,1,6,2,23:58,6,2,9
2023471292950,2023,471292950,1,1,1,2,44,7,3,0,0,0,0,0,5,10,E01021227,3,1,0.0,1.0,-1,6,60,1,1,1,14:05,1,1,5
2023231344290,2023,231344290,1,1,1,1,31,6,2,0,0,0,0,0,9,7,E01031160,5,1,1.0,0.0,-1,6,60,1,1,1,15:13,5,1,9
2023501316941,2023,501316941,1,2,2,1,3,1,3,0,0,2,0,0,9,4,E01018914,3,1,0.0,1.0,-1,6,30,2,1,2,19:57,6,3,9
2023461369914,2023,461369914,2,2,1,1,34,6,3,0,0,0,0,0,21,2,E01024505,3,1,0.0,1.0,-1,6,60,2,1,2,10:11,4,2,21
2023991352218,2023,991352218,2,1,1,1,55,8,2,0,0,0,0,0,5,7,-1,6,1,1.0,0.0,-1,6,20,1,1,1,16:35,4,2,5
2023041320503,2023,041320503,1,2,2,1,18,4,2,0,0,2,0,0,9,1,E01012619,7,1,1.0,0.0,-1,6,60,1,1,1,19:54,2,1,9
2023052301577,2023,052301577,2,1,1,1,56,9,3,0,0,0,0,0,9,4,E01006570,-1,0,0.04774,0.95226,-1,6,40,2,1,2,14:22,6,2,9
2023421370071,2023,421370071,3,1,1,1,32,6,3,0,0,0,0,0,19,5,E01021732,3,1,0.0,1.0,-1,6,60,2,1,2,09:57,5,3,19
2023141316998,2023,141316998,1,2,3,2,15,3,3,5,9,0,0,0,0,-1,-1,3,1,0.0,1.0,-1,6,30,1,1,1,16:40,6,1,9
2023061285981,2023,061285981,1,1,1,1,25,5,3,0,0,0,0,0,9,2,E01005122,3,1,0.0,1.0,-1,6,30,1,4,1,20:00,2,3,9
2023170M10093,2023,170M10093,2,1,1,2,22,5,3,0,0,0,0,0,9,1,E01012019,-1,0,0.05031,0.94969,-1,6,30,1,4,1,21:33,6,2,9
2023332300695,2023,332300695,2,2,2,2,17,4,3,0,0,2,0,0,9,5,E01013767,-1,0,0.01661,0.98339,-1,6,30,2,1,2,19:41,3,2,9
202360A048100,2023,60A048100,1,1,1,2,50,8,2,0,0,0,0,0,9,-1,-1,-1,0,1.0,0.0,-1,6,60,1,1,1,18:47,2,4,9
2023141386858,2023,141386858,2,1,1,1,24,5,2,0,0,0,0,0,97,1,E01007575,6,1,1.0,0.0,-1,6,30,1,4,2,19:15,6,2,97
2023010434982,2023,010434982,1,1,1,1,40,7,2,0,0,0,0,0,1,1,E01004702,-1,0,1.0,0.0,-1,2,30,8,1,1,10:10,1,1,1
2023440423617,2023,440423617,2,1,1,2,39,7,3,0,0,0,0,0,1,2,E01017032,-1,0,0.14745,0.85255,-1,6,20,1,1,1,12:27,2,2,1
2023101330291,2023,101330291,2,1,1,2,67,10,3,0,0,0,0,0,9,-1,-1,3,1,0.0,1.0,-1,6,40,1,1,1,11:20,6,2,9
2023421352290,2023,421352290,1,1,1,1,36,7,3,0,0,0,0,0,9,9,E01021681,3,1,0.0,1.0,-1,3,70,1,4,1,01:01,5,2,9
2023430090255,2023,430090255,2,2,1,2,28,6,3,0,0,0,0,0,9,-1,-1,-1,0,0.03735,0.96265,-1,6,30,1,4,1,18:43,2,2,9
2023461283384,2023,461283384,2,1,1,2,46,8,3,0,0,0,0,0,9,1,E01024240,3,1,0.0,1.0,-1,6,50,2,7,2,21:08,3,2,9
2023501323034,2023,501323034,1,1,2,1,19,4,3,0,0,1,0,0,9,5,E01020046,3,1,0.0,1.0,-1,3,70,1,1,1,08:10,5,1,9
2023522301172,2023,522301172,2,3,2,2,16,4,2,0,0,2,0,0,9,3,E01014681,-1,0,1.0,0.0,-1,3,70,1,6,2,00:05,2,2,9
2023531376813,2023,531376813,2,2,2,2,34,6,3,0,0,1,0,0,9,5,E01014027,3,1,0.0,1.0,-1,6,30,1,1,2,14:08,2,2,9
202354C903023,2023,54C903023,2,1,2,1,46,8,3,0,0,2,0,0,9,9,E01031913,-1,0,0.04553,0.95447,-1,6,30,1,6,2,16:53,3,4,9
2023041268495,2023,041268495,2,5,2,1,16,4,3,0,0,0,4,0,11,3,E01025310,3,1,0.0,1.0,-1,6,30,1,1,1,11:20,5,2,11
2023201301390,2023,201301390,2,1,1,1,32,6,3,0,0,0,0,0,9,1,E01008935,3,1,0.0,1.0,-1,6,30,1,1,1,15:30,2,2,9
2023201338879,2023,201338879,2,1,1,1,60,9,3,0,0,0,0,0,9,1,E01009748,3,1,0.0,1.0,-1,6,30,1,4,1,22:20,5,2,9
2023531338210,2023,531338210,2,1,1,1,47,8,3,0,0,0,0,0,9,4,E01018343,3,1,0.0,1.0,-1,6,40,1,1,1,10:30,5,2,9
2023010465961,2023,010465961,1,1,3,2,27,6,3,5,4,0,0,0,0,3,E01003250,-1,0,0.0,1.0,-1,6,30,8,1,1,15:13,2,1,9
2023430470889,2023,430470889,1,1,3,1,30,6,3,6,9,0,0,0,0,8,E01017833,-1,0,0.23101,0.76899,-1,6,60,1,1,2,15:44,5,1,9
2023451309573,2023,451309573,1,1,1,1,27,6,3,0,0,0,0,0,9,9,E01030636,3,1,0.0,1.0,-1,6,30,1,1,1,16:03,7,2,9
2023451374073,2023,451374073,1,1,3,2,49,8,2,8,8,0,0,0,0,8,E01022604,7,1,1.0,0.0,-1,6,30,4,1,2,09:47,2,1,9
2023411271883,2023,411271883,2,1,1,1,32,6,3,0,0,0,0,0,3,4,E01023395,3,1,0.0,1.0,-1,6,30,1,4,1,22:20,4,2,3
2023070663076,2023,070663076,1,1,1,2,19,4,3,0,0,0,0,0,9,-1,-1,-1,0,0.041,0.959,-1,6,60,2,6,2,22:00,6,2,9
2023351359455,2023,351359455,1,1,1,1,21,5,3,0,0,0,0,0,9,1,E01015642,3,1,0.0,1.0,-1,6,60,1,1,1,17:20,4,4,9
2023421350825,2023,421350825,1,2,1,1,20,4,3,0,0,0,0,0,9,4,E01015957,3,1,0.0,1.0,-1,1,70,1,4,1,00:35,1,2,9
2023122300405,2023,122300405,1,2,1,1,29,6,3,0,0,0,0,0,19,5,E01011732,-1,0,0.07567,0.92433,-1,3,70,1,1,1,15:29,5,3,19
2023451329783,2023,451329783,2,1,1,1,41,7,3,0,0,0,0,0,97,8,E01030549,3,1,0.0,1.0,-1,6,30,1,1,2,06:19,7,2,97
2023622300057,2023,622300057,1,1,3,1,50,8,3,5,3,0,0,0,0,2,W01000834,-1,0,0.07832,0.92168,-1,1,30,1,4,2,07:42,6,1,19
2023991268138,2023,991268138,2,1,1,2,42,7,3,0,0,0,0,0,1,9,-1,3,1,0.0,1.0,-1,1,30,1,1,1,13:20,4,2,1
2023411380845,2023,411380845,2,1,1,2,52,8,3,0,0,0,0,0,9,3,E01023866,3,1,0.0,1.0,-1,6,30,1,1,1,15:40,4,2,9
2023010443732,2023,010443732,1,1,3,1,14,3,3,5,3,0,0,0,0,4,E01003441,-1,0,0.0,1.0,-1,3,30,1,1,1,16:40,5,1,9
2023311382821,2023,311382821,2,2,1,1,38,7,3,0,0,0,0,0,8,1,E01013920,3,1,0.0,1.0,-1,6,30,2,1,2,10:50,3,2,8
2023361367095,2023,361367095,1,1,1,2,26,6,2,0,0,0,0,0,9,-1,-1,6,1,1.0,0.0,-1,6,60,1,6,2,20:17,4,2,9
2023430209158,2023,430209158,1,1,1,1,45,7,3,0,0,0,0,0,9,9,E01017830,-1,0,0.00801,0.99199,-1,6,30,1,1,1,08:55,4,3,9
2023461276577,2023,461276577,1,1,1,1,53,8,2,0,0,0,0,0,9,6,E01024628,6,1,1.0,0.0,-1,7,70,1,1,1,07:04,6,2,9
2023531273069,2023,531273069,2,1,1,2,33,6,2,0,0,0,0,0,9,10,E01022106,7,1,1.0,0.0,-1,6,40,1,1,4,07:00,2,4,9
2023041259411,2023,041259411,1,1,3,1,38,7,3,8,8,0,0,0,0,3,E01012658,3,1,0.0,1.0,-1,6,30,2,1,2,15:20,3,1,9
2023451376036,2023,451376036,1,1,3,1,79,11,2,5,1,0,0,0,0,8,E01030860,6,1,1.0,0.0,-1,6,30,8,7,1,17:37,4,1,9
2023161377611,2023,161377611,1,1,1,1,31,6,3,0,0,0,0,0,9,7,E01013011,3,1,0.0,1.0,-1,3,30,1,1,2,08:45,7,2,9
2023170S20373,2023,170S20373,2,3,2,2,44,7,2,0,0,1,0,0,9,1,E01012266,-1,0,1.0,0.0,-1,6,60,1,1,1,13:10,5,2,9
2023340NN1172,2023,340NN1172,2,4,2,2,38,7,3,0,0,1,0,0,9,-1,-1,-1,0,0.05465,0.94535,-1,6,30,1,1,1,15:25,6,2,9
2023461316257,2023,461316257,2,1,1,2,22,5,3,0,0,0,0,0,9,2,E01016161,3,1,0.0,1.0,-1,6,30,1,1,1,15:29,2,2,9
2023471324541,2023,471324541,1,1,3,2,12,3,2,10,7,0,0,0,0,3,E01021102,7,1,1.0,0.0,-1,6,30,1,1,1,15:40,6,1,9
2023520301737,2023,520301737,1,1,3,1,30,6,3,6,9,0,0,0,0,8,E01029205,-1,0,0.08487,0.91513,-1,6,60,1,7,1,23:20,6,1,19
2023141381789,2023,141381789,1,1,1,1,25,5,3,0,0,0,0,0,9,4,E01007704,3,1,0.0,1.0,-1,3,40,1,7,2,18:45,5,2,9
2023401391319,2023,401391319,1,1,1,1,57,9,2,0,0,0,0,0,9,9,E01033433,6,1,1.0,0.0,-1,3,70,2,4,2,18:00,3,4,9
2023471265717,2023,471265717,1,1,1,1,17,4,3,0,0,0,0,0,9,8,E01021141,3,1,0.0,1.0,-1,6,60,1,6,4,21:20,5,1,9
2023010473413,2023,010473413,1,1,3,1,12,3,3,5,1,0,0,0,0,2,E01002282,-1,0,0.0,1.0,-1,6,30,1,1,1,16:20,7,1,9
2023451358615,2023,451358615,1,1,1,1,23,5,2,0,0,0,0,0,3,2,E01000604,6,1,1.0,0.0,-1,6,40,1,1,2,17:00,6,2,3
2023351268800,2023,351268800,2,2,1,1,26,6,2,0,0,0,0,0,9,1,E01015600,7,1,1.0,0.0,-1,6,40,1,1,2,12:35,1,2,9
2023461296717,2023,461296717,1,1,1,2,37,7,3,0,0,0,0,0,9,10,E01000707,3,1,0.0,1.0,-1,3,70,2,1,2,10:30,2,1,9
2023991324889,2023,991324889,3,3,1,1,40,7,3,0,0,0,0,0,9,1,-1,3,1,0.0,1.0,-1,3,60,1,4,2,02:05,1,6,9
2023070012575,2023,070012575,2,1,1,1,49,8,3,0,0,0,0,0,1,2,E01012525,-1,0,0.13125,0.86875,-1,6,30,1,1,1,14:50,4,2,1
2023522300568,2023,522300568,1,2,2,2,87,11,1,0,0,1,0,0,9,6,E01014989,-1,0,0.0,0.0,-1,6,30,1,1,1,10:40,5,1,9
202360A132686,2023,60A132686,1,1,3,1,72,10,3,5,1,0,0,0,0,-1,-1,-1,0,0.21006,0.78994,-1,6,30,1,1,1,14:23,7,1,9
2023010432076,2023,010432076,1,1,1,1,35,6,3,0,0,0,0,0,3,9,E01002571,-1,0,0.0,1.0,-1,6,20,8,1,2,05:35,3,1,3
2023520300610,2023,520300610,2,3,2,1,55,8,3,0,0,0,4,0,11,3,E01005546,-1,0,0.07322,0.92678,-1,6,40,1,6,4,06:00,3,3,11
2023141280721,2023,141280721,1,1,1,2,35,6,3,0,0,0,0,0,9,1,E01007411,3,1,0.0,1.0,-1,6,60,1,1,2,06:45,2,2,9
2023351306532,2023,351306532,1,1,1,1,23,5,3,0,0,0,0,0,9,8,E01018238,3,1,0.0,1.0,-1,6,60,1,6,1,23:00,6,1,9
2023501295734,2023,501295734,2,1,2,2,21,5,3,0,0,2,0,0,9,8,E01020190,3,1,0.0,1.0,-1,6,30,1,1,1,15:20,3,2,9
2023010454630,2023,010454630,1,1,3,1,22,5,3,5,1,0,0,0,0,2,E01003351,-1,0,0.0,1.0,-1,6,30,1,1,1,07:12,3,1,19
2023991299626,2023,991299626,2,1,1,1,18,4,3,0,0,0,0,0,3,-1,-1,3,1,0.0,1.0,-1,6,30,1,1,1,09:15,6,2,3
2023340WN1972,2023,340WN1972,2,2,2,2,6,2,3,0,0,1,0,0,9,-1,-1,-1,0,0.03879,0.96121,-1,6,30,2,1,2,15:28,6,2,9
2023421338356,2023,421338356,3,3,2,1,10,2,3,0,0,2,0,0,9,4,E01021863,3,1,0.0,1.0,-1,3,70,1,6,1,22:40,6,3,9
2023131349291,2023,131349291,1,1,1,1,65,9,3,0,0,0,0,0,21,10,E01011845,3,1,0.0,1.0,-1,3,50,1,1,1,14:40,3,1,21
2023461384361,2023,461384361,4,1,1,2,31,6,3,0,0,0,0,0,9,4,E01024690,3,1,0.0,1.0,-1,3,70,2,1,4,06:37,6,7,9
2023141321070,2023,141321070,1,1,2,1,17,4,2,0,0,0,0,0,97,1,E01007626,5,1,1.0,0.0,-1,6,30,1,1,1,16:42,3,3,97
2023430417810,2023,430417810,2,1,1,1,55,8,2,0,0,0,0,0,97,10,E01016318,-1,0,1.0,0.0,-1,1,40,1,7,1,18:43,1,2,97
2023421382327,2023,421382327,1,1,3,2,47,8,3,10,9,0,0,0,0,9,E01021376,3,1,0.0,1.0,-1,6,30,1,1,1,13:05,4,1,19
2023010428994,2023,010428994,2,1,1,1,42,7,2,0,0,0,0,0,3,4,E01024262,-1,0,1.0,0.0,-1,6,30,1,1,1,16:11,6,2,3
2023161344326,2023,161344326,1,1,2,2,78,11,2,0,0,1,0,0,9,8,E01013226,5,1,1.0,0.0,-1,3,50,1,1,1,08:57,3,2,9
2023221332288,2023,221332288,1,1,1,1,31,6,3,0,0,0,0,0,9,4,E01010072,3,1,0.0,1.0,-1,3,70,2,6,2,21:17,7,1,9
2023501324048,2023,501324048,1,1,2,2,18,4,3,0,0,-1,0,0,9,5,E01018837,3,1,0.0,1.0,-1,6,60,1,1,1,09:40,5,2,9
2023552300530,2023,552300530,2,1,1,1,74,10,3,0,0,0,0,0,9,5,E01020460,-1,0,0.09605,0.90395,-1,6,60,1,1,1,12:14,4,2,9
2023991329237,2023,991329237,1,1,1,1,64,9,3,0,0,0,0,0,19,-1,-1,3,1,0.0,1.0,-1,1,70,1,4,1,02:15,6,1,19
2023471265544,2023,471265544,1,1,3,1,46,8,3,5,3,0,0,0,0,4,E01031547,3,1,0.0,1.0,-1,6,30,1,4,1,19:30,1,1,9
2023131272379,2023,131272379,2,3,2,1,13,3,2,0,0,1,0,0,9,3,E01010794,7,1,1.0,0.0,-1,6,20,1,1,1,11:32,7,2,9
2023501316546,2023,501316546,2,2,2,2,8,2,3,0,0,1,0,0,9,3,E01020155,3,1,0.0,1.0,-1,6,30,1,1,1,16:51,5,3,9
2023122300136,2023,122300136,2,2,1,1,25,5,3,0,0,0,0,0,19,7,E01013396,-1,0,0.02019,0.97981,-1,6,60,1,1,1,11:41,4,4,19
2023122300650,2023,122300650,1,1,3,1,10,2,3,5,1,0,0,0,0,7,E01027799,-1,0,0.10275,0.89725,-1,6,30,1,1,1,12:56,4,1,9
2023351349072,2023,351349072,1,1,1,1,39,7,1,0,0,0,0,0,9,-1,-1,1,1,0.0,0.0,-1,3,70,1,6,1,04:48,3,2,9
2023421294644,2023,421294644,1,1,1,1,81,11,2,0,0,0,0,0,9,8,E01033142,6,1,1.0,0.0,-1,6,60,1,1,1,15:02,6,1,9
2023552300474,2023,552300474,3,4,2,1,14,3,3,0,0,1,0,0,9,10,E01015399,-1,0,0.01064,0.98936,-1,6,30,2,1,2,14:39,5,3,9
2023010483479,2023,010483479,1,1,1,1,32,6,2,0,0,0,0,0,19,5,E01004099,-1,0,1.0,0.0,-1,6,30,2,4,2,06:55,3,2,19
2023031345836,2023,031345836,1,1,1,1,19,4,3,0,0,0,0,0,3,7,E01019091,3,1,0.0,1.0,-1,6,40,1,1,1,18:44,7,2,3
2023991393586,2023,991393586,2,1,1,1,31,6,3,0,0,0,0,0,4,5,-1,3,1,0.0,1.0,-1,6,20,1,4,1,22:00,2,2,4
2023131288228,2023,131288228,2,5,2,2,20,4,3,0,0,2,0,0,9,1,E01010840,3,1,0.0,1.0,-1,3,30,1,1,2,17:10,7,2,9
2023361268053,2023,361268053,1,1,2,1,49,8,2,0,0,1,0,0,9,4,E01026739,6,1,1.0,0.0,-1,6,60,1,6,2,18:46,4,1,9
2023991278115,2023,991278115,2,2,2,1,65,9,3,0,0,1,0,0,9,10,-1,3,1,0.0,1.0,-1,3,70,4,1,1,16:40,1,2,9
2023991367823,2023,991367823,1,1,2,1,34,6,3,0,0,0,0,0,19,6,-1,3,1,0.0,1.0,-1,6,40,1,4,2,19:45,6,2,19
2023131373121,2023,131373121,2,1,1,1,31,6,3,0,0,0,0,0,1,3,E01011327,3,1,0.0,1.0,-1,6,30,1,1,1,16:25,6,2,1
2023061376431,2023,061376431,2,1,1,-1,61,9,2,0,0,0,0,0,2,10,E01005932,6,1,1.0,0.0,-1,6,30,8,1,-1,18:20,5,2,2
2023131375943,2023,131375943,1,8,2,1,20,4,2,0,0,2,0,0,9,8,E01032945,7,1,1.0,0.0,-1,6,30,2,4,2,01:00,7,2,9
2023320128526,2023,320128526,2,1,1,2,78,11,3,0,0,0,0,0,9,1,E01026109,-1,0,0.07708,0.92292,-1,6,40,1,1,1,12:54,4,3,9
2023421373906,2023,421373906,1,1,1,2,20,4,3,0,0,0,0,0,9,9,E01021564,3,1,0.0,1.0,-1,6,30,1,1,2,09:56,1,2,9
202363A029123,2023,63A029123,1,2,2,2,38,7,3,0,0,1,0,0,9,-1,-1,-1,0,0.12928,0.87072,-1,6,30,1,1,2,04:30,7,4,9
2023061260159,2023,061260159,2,1,1,1,30,6,3,0,0,0,0,0,19,1,E01004979,3,1,0.0,1.0,-1,6,30,1,4,2,02:34,6,3,19
2023141317168,2023,141317168,1,1,1,1,65,9,3,0,0,0,0,0,21,-1,-1,3,1,0.0,1.0,-1,7,70,1,1,1,12:55,6,1,21
2023010422061,2023,010422061,1,1,1,1,47,8,3,0,0,0,0,0,9,6,E01004637,-1,0,0.0,1.0,-1,6,20,1,1,1,14:04,4,2,9
2023010466709,2023,010466709,1,1,1,1,19,4,3,0,0,0,0,0,9,9,E01000991,-1,0,0.0,1.0,-1,6,30,2,1,2,07:30,2,2,9
2023501378235,2023,501378235,1,1,1,1,87,11,3,0,0,0,0,0,9,5,E01020308,3,1,0.0,1.0,-1,6,60,1,1,1,13:30,4,1,9
2023010445229,2023,010445229,2,1,1,1,40,7,2,0,0,0,0,0,5,10,E01030403,-1,0,1.0,0.0,-1,6,30,1,1,1,13:40,6,2,5
2023211354602,2023,211354602,1,2,2,1,22,5,3,0,0,-1,0,0,9,6,E01029446,3,1,0.0,1.0,-1,3,70,1,1,1,16:10,7,1,9
2023401310479,2023,401310479,2,1,1,2,23,5,3,0,0,0,0,0,9,5,E01026591,3,1,0.0,1.0,-1,6,30,1,4,-1,22:15,1,2,9
2023461348448,2023,461348448,1,1,1,1,18,4,3,0,0,0,0,0,9,8,E01024527,3,1,0.0,1.0,-1,7,70,1,4,1,05:15,1,1,9
2023520301086,2023,520301086,2,2,1,2,49,8,3,0,0,0,0,0,9,5,E01029283,-1,0,0.03216,0.96784,-1,6,60,3,1,3,06:00,3,2,9
2023061277997,2023,061277997,2,3,2,1,22,5,3,0,0,2,0,0,9,1,E01005287,3,1,0.0,1.0,-1,3,40,2,4,2,22:10,6,2,9
2023201287920,2023,201287920,1,1,3,2,45,7,3,5,1,0,0,2,0,9,E01009727,3,1,0.0,1.0,-1,2,30,1,4,2,17:00,3,1,9
2023201345009,2023,201345009,1,1,3,2,12,3,3,6,9,0,0,0,0,4,E01009813,3,1,0.0,1.0,-1,6,20,1,1,1,12:45,6,1,9
2023010423188,2023,010423188,1,1,1,2,31,6,3,0,0,0,0,0,2,4,E01003119,-1,0,0.0,1.0,-1,3,30,1,4,1,06:40,3,2,2
2023351267897,2023,351267897,2,1,1,2,18,4,3,0,0,0,0,0,3,8,E01018217,3,1,0.0,1.0,-1,6,30,8,4,2,20:00,7,2,3
2023122300532,2023,122300532,2,1,1,2,25,5,3,0,0,0,0,0,9,7,E01013406,-1,0,0.03804,0.96196,-1,6,60,1,1,1,07:59,2,2,9
2023131292317,2023,131292317,1,1,1,2,52,8,3,0,0,0,0,0,9,2,E01010682,3,1,0.0,1.0,-1,6,30,1,1,2,09:00,6,3,9
2023451282926,2023,451282926,1,1,2,2,38,7,3,0,0,2,0,0,9,10,E01022860,3,1,0.0,1.0,-1,6,40,1,4,1,04:00,7,1,9
2023351294193,2023,351294193,2,1,1,1,56,9,3,0,0,0,0,0,20,2,E01015654,3,1,0.0,1.0,-1,6,20,1,1,-1,16:35,2,2,20
2023010443417,2023,010443417,1,3,2,1,24,5,3,0,0,0,3,0,11,2,E01004013,-1,0,0.0,1.0,-1,2,20,1,1,1,12:33,3,2,11
2023061332304,2023,061332304,1,2,1,1,25,5,3,0,0,0,0,0,9,-1,-1,3,1,0.0,1.0,-1,7,70,2,1,2,20:23,7,2,9
2023201424134,2023,201424134,2,2,2,1,16,4,3,0,0,-1,0,0,9,8,E01009668,3,1,0.0,1.0,-1,3,50,1,4,1,19:00,7,2,9
2023440316159,2023,440316159,1,2,1,1,21,5,2,0,0,0,0,0,9,2,E01020348,-1,0,1.0,0.0,-1,6,40,1,1,1,06:37,1,1,9
2023471387366,2023,471387366,2,2,2,1,55,8,3,0,0,1,0,0,9,3,E01021012,3,1,0.0,1.0,-1,1,30,2,4,2,04:21,7,2,9
2023010485484,2023,010485484,2,1,1,1,61,9,2,0,0,0,0,0,1,4,E01002845,-1,0,1.0,0.0,-1,6,20,9,7,9,07:30,6,2,1
2023010463138,2023,010463138,1,1,1,1,73,10,3,0,0,0,0,0,9,2,E01004524,-1,0,0.0,1.0,-1,9,30,9,1,9,15:30,6,2,9
2023131331921,2023,131331921,3,1,1,2,22,5,3,0,0,0,0,0,9,9,E01015323,3,1,0.0,1.0,-1,3,70,1,1,1,17:20,5,3,9
2023332300915,2023,332300915,2,1,1,1,60,9,3,0,0,0,0,0,9,2,E01013610,-1,0,0.01444,0.98556,-1,6,30,1,1,1,08:30,7,3,9
2023461338444,2023,461338444,1,1,1,1,18,4,3,0,0,0,0,0,9,6,E01023988,3,1,0.0,1.0,-1,6,30,1,4,1,21:13,1,2,9
2023542032223,2023,542032223,2,1,1,2,36,7,3,0,0,0,0,0,9,8,E01015561,-1,0,0.00773,0.99227,-1,6,30,1,1,1,09:09,6,2,9
202360A034365,2023,60A034365,2,1,1,2,34,6,3,0,0,0,0,0,9,-1,-1,-1,0,0.03655,0.96345,-1,6,30,3,1,4,07:42,5,2,9
2023010472012,2023,010472012,1,1,1,1,26,6,3,0,0,0,0,0,3,5,E01003067,-1,0,0.0,1.0,-1,6,30,1,1,1,18:00,7,2,3
2023311325284,2023,311325284,2,1,1,1,40,7,2,0,0,0,0,0,4,8,E01028138,7,1,1.0,0.0,-1,3,40,1,1,1,11:30,2,2,4
2023041329253,2023,041329253,1,1,1,1,86,11,2,0,0,0,0,0,9,8,E01025550,6,1,1.0,0.0,-1,6,40,1,1,1,05:31,6,2,9
2023991262606,2023,991262606,1,1,3,2,67,10,2,8,8,0,0,2,0,-1,-1,7,1,1.0,0.0,-1,1,20,2,1,2,10:25,5,1,9
2023061325360,2023,061325360,2,1,1,1,43,7,3,0,0,0,0,0,1,-1,-1,3,1,0.0,1.0,-1,6,30,1,1,1,17:08,5,2,1
2023010478811,2023,010478811,1,1,1,1,30,6,3,0,0,0,0,0,4,3,E01001116,-1,0,0.0,1.0,-1,6,20,1,4,2,16:47,7,2,4
2023201418466,2023,201418466,2,2,2,2,16,4,3,0,0,1,0,0,9,-1,-1,3,1,0.0,1.0,-1,6,30,1,1,1,11:10,7,2,9
2023231379737,2023,231379737,2,1,1,2,64,9,3,0,0,0,0,0,9,10,E01032895,3,1,0.0,1.0,-1,3,40,1,7,1,19:55,3,2,9
2023430081264,2023,430081264,2,1,1,1,33,6,3,0,0,0,0,0,9,7,E01016827,-1,0,0.00974,0.99026,-1,6,30,1,7,1,19:15,3,2,9