collision_index,collision_year,collision_ref_no,vehicle_reference,casualty_reference,casualty_class,sex_of_casualty,age_of_casualty,age_band_of_casualty,casualty_severity,pedestrian_location,pedestrian_movement,car_passenger,bus_or_coach_passenger,pedestrian_road_maintenance_worker,casualty_type,casualty_imd_decile,lsoa_of_casualty,enhanced_casualty_severity,casualty_injury_based,casualty_adjusted_severity_serious,casualty_adjusted_severity_slight,casualty_distance_banding,road_type,speed_limit,weather_conditions,light_conditions,road_surface_conditions,time,day_of_week,number_of_vehicles,vehicle_type
2023991355783,2023,991355783,1,1,1,2,39,7,3,0,0,0,0,0,9,-1,-1,3,1,0.0,1.0,-1,6,30,1,1,2,15:35,1,1,9
2023010461146,2023,010461146,2,1,1,1,18,4,2,0,0,0,0,0,1,5,E01026523,-1,0,1.0,0.0,-1,6,20,1,1,1,07:30,6,2,1
2023010475303,2023,010475303,1,1,1,1,65,9,3,0,0,0,0,0,1,8,E01003421,-1,0,0.0,1.0,-1,3,30,1,1,2,07:45,4,1,1
2023471318233,2023,471318233,2,2,1,2,51,8,3,0,0,0,0,0,9,7,E01031781,3,1,0.0,1.0,-1,6,30,1,1,1,14:06,3,2,9
2023070032817,2023,070032817,2,2,2,2,63,9,3,0,0,1,0,0,9,10,E01018366,-1,0,0.00722,0.99278,-1,1,50,1,1,1,13:30,4,2,9
2023302300099,2023,302300099,1,1,1,2,63,9,3,0,0,0,0,0,9,9,E01019597,-1,0,0.02054,0.97946,-1,6,40,1,1,2,10:25,3,2,9
2023421347480,2023,421347480,2,1,1,1,26,6,2,0,0,0,0,0,9,3,E01030114,7,1,1.0,0.0,-1,3,70,1,1,1,14:05,7,3,9
2023221337875,2023,221337875,1,1,1,2,18,4,3,0,0,0,0,0,9,4,E01028838,3,1,0.0,1.0,-1,6,30,1,6,1,21:05,5,1,9
2023421283651,2023,421283651,2,1,1,2,35,6,3,0,0,0,0,0,9,8,E01021537,3,1,0.0,1.0,-1,6,60,2,1,2,13:15,2,2,9
2023101340434,2023,101340434,2,1,2,2,25,5,3,0,0,1,0,0,9,-1,-1,3,1,0.0,1.0,-1,6,30,1,7,1,21:40,2,2,9
2023201291148,2023,201291148,2,1,1,2,79,11,3,0,0,0,0,0,9,9,E01009830,3,1,0.0,1.0,-1,6,30,1,1,1,08:45,4,2,9
2023201367564,2023,201367564,1,3,2,1,36,7,3,0,0,-1,0,0,9,2,E01009414,3,1,0.0,1.0,-1,6,30,1,4,-1,23:16,6,2,9
2023201402689,2023,201402689,2,2,1,2,57,9,3,0,0,0,0,0,9,2,E01010302,3,1,0.0,1.0,-1,6,30,1,6,1,23:25,3,2,9
2023631328406,2023,631328406,1,1,1,2,18,4,3,0,0,0,0,0,9,3,W01001902,3,1,0.0,1.0,-1,6,60,2,1,2,21:29,3,1,9
2023622300280,2023,622300280,3,3,1,1,48,8,3,0,0,0,0,0,21,1,W01001856,-1,0,0.0478,0.9522,-1,1,50,1,1,1,07:40,3,3,21
2023311327704,2023,311327704,1,1,3,2,3,1,3,5,2,0,0,0,0,8,E01033389,3,1,0.0,1.0,-1,6,30,1,1,1,11:50,3,1,9
2023010462407,2023,010462407,2,1,1,2,25,5,3,0,0,0,0,0,1,8,E01000910,-1,0,0.0,1.0,-1,6,20,1,4,1,20:55,6,2,1
2023010473989,2023,010473989,2,1,1,2,23,5,3,0,0,0,0,0,3,5,E01000994,-1,0,0.0,1.0,-1,6,30,1,1,1,15:52,4,2,3
2023010459652,2023,010459652,1,1,1,2,29,6,3,0,0,0,0,0,9,9,E01002263,-1,0,0.0,1.0,-1,6,30,2,4,2,22:56,3,2,9
2023122300357,2023,122300357,1,1,1,1,60,9,2,0,0,0,0,0,9,2,E01013347,-1,0,1.0,0.0,-1,6,30,1,1,1,13:13,1,2,9
2023122301232,2023,122301232,1,1,1,1,48,8,3,0,0,0,0,0,9,5,E01027594,-1,0,0.07231,0.92769,-1,6,60,4,6,2,17:15,3,2,9
2023170L10703,2023,170L10703,1,4,2,2,62,9,3,0,0,2,0,0,9,6,E01027676,-1,0,0.10077,0.89923,-1,6,50,1,1,1,10:40,7,2,9
2023430551681,2023,430551681,2,1,1,1,65,9,3,0,0,0,0,0,9,8,E01014805,-1,0,0.03075,0.96925,-1,3,70,1,6,2,21:25,6,2,9
2023622400006,2023,622400006,2,2,1,1,57,9,2,0,0,0,0,0,9,1,W01000884,-1,0,1.0,0.0,-1,3,70,1,6,1,16:45,4,4,9
2023010429927,2023,010429927,1,1,3,2,70,10,3,1,1,0,0,0,0,4,E01001009,-1,0,0.0,1.0,-1,6,20,1,4,1,21:00,4,1,9
2023231303916,2023,231303916,2,2,1,2,54,8,3,0,0,0,0,0,9,6,E01032390,3,1,0.0,1.0,-1,6,30,1,1,1,10:42,1,2,9
2023430077063,2023,430077063,1,1,1,1,80,11,3,0,0,0,0,0,9,10,E01017785,-1,0,0.04998,0.95002,-1,6,30,1,1,1,14:59,1,2,9
2023010463168,2023,010463168,1,1,1,1,25,5,3,0,0,0,0,0,5,5,E01000402,-1,0,0.0,1.0,-1,6,30,1,1,1,08:27,4,2,5
2023010473005,2023,010473005,3,2,1,1,30,6,3,0,0,0,0,0,9,5,E01017378,-1,0,0.0,1.0,-1,3,70,2,6,2,22:20,5,3,9
2023991288740,2023,991288740,1,1,1,1,30,6,3,0,0,0,0,0,19,6,-1,3,1,0.0,1.0,-1,6,60,8,1,2,15:40,2,3,19
2023041372235,2023,041372235,1,1,3,1,16,4,2,5,1,0,0,2,0,7,E01007067,7,1,1.0,0.0,-1,6,20,8,1,1,12:10,4,1,9
2023111392178,2023,111392178,1,1,1,2,73,10,3,0,0,0,0,0,9,-1,-1,3,1,0.0,1.0,-1,6,30,1,4,4,21:03,4,1,9
2023451307036,2023,451307036,1,4,1,2,80,11,2,0,0,0,0,0,9,7,E01030921,5,1,1.0,0.0,-1,6,40,1,1,1,17:00,7,2,9
2023610000923,2023,610000923,1,1,1,1,54,8,3,0,0,0,0,0,9,4,W01001329,-1,0,0.0498,0.9502,-1,6,30,5,4,2,18:20,5,1,9
2023111308266,2023,111308266,1,1,3,1,53,8,3,9,5,0,0,0,0,4,E01020607,3,1,0.0,1.0,-1,6,30,1,1,1,08:45,2,2,9
2023461321611,2023,461321611,1,2,3,2,14,3,3,6,9,0,0,0,0,5,E01024716,3,1,0.0,1.0,-1,3,40,1,1,1,12:01,3,3,9
2023531266046,2023,531266046,1,1,3,2,27,6,2,10,9,0,0,0,0,8,E01022116,7,1,1.0,0.0,-1,6,30,1,1,1,13:55,6,1,10
202363D032023,2023,63D032023,1,1,3,2,83,11,3,5,3,0,0,0,0,-1,-1,-1,0,0.09038,0.90962,-1,2,30,1,1,1,09:55,2,1,19
2023991378019,2023,991378019,1,1,3,1,54,8,3,9,9,0,0,0,0,5,-1,3,1,0.0,1.0,-1,6,60,1,1,1,15:00,4,3,9
2023010426310,2023,010426310,1,1,1,1,8,2,3,0,0,0,0,0,1,5,E01004225,-1,0,0.0,1.0,-1,6,20,1,1,1,15:30,5,2,1
2023071315124,2023,071315124,2,1,1,2,44,7,3,0,0,0,0,0,9,2,E01018314,-1,0,0.02267,0.97733,-1,3,70,1,4,1,19:00,1,2,9
2023131298114,2023,131298114,2,1,1,1,49,8,3,0,0,0,0,0,9,3,E01010810,3,1,0.0,1.0,-1,6,30,1,1,1,19:05,3,2,9
2023340NN0932,2023,340NN0932,2,1,1,1,20,4,2,0,0,0,0,0,9,5,E01027158,-1,0,1.0,0.0,-1,6,60,1,6,1,18:16,1,2,9
2023501309334,2023,501309334,2,1,1,2,71,10,3,0,0,0,0,0,9,3,E01020294,3,1,0.0,1.0,-1,6,60,2,1,2,17:45,3,2,9
2023622300122,2023,622300122,2,2,1,2,44,7,3,0,0,0,0,0,9,3,W01000848,-1,0,0.0115,0.9885,-1,6,40,1,4,1,17:06,3,2,9
2023041327161,2023,041327161,1,2,2,2,15,3,1,0,0,0,0,0,19,1,E01025062,1,1,0.0,0.0,-1,6,60,1,1,1,19:20,6,1,19
2023010452034,2023,010452034,1,1,1,2,33,6,2,0,0,0,0,0,9,2,E01000730,-1,0,1.0,0.0,-1,6,30,1,1,1,17:16,4,2,9
2023070781186,2023,070781186,1,1,1,2,20,4,3,0,0,0,0,0,9,2,E01018400,-1,0,0.04003,0.95997,-1,6,60,1,1,1,12:30,2,1,9
2023440376993,2023,440376993,1,1,1,2,85,11,1,0,0,0,0,0,9,5,E01032156,-1,0,0.0,0.0,-1,7,60,1,1,1,15:04,6,1,9
2023991325076,2023,991325076,1,1,1,2,36,7,2,0,0,0,0,0,1,6,-1,7,1,1.0,0.0,-1,6,60,9,1,1,14:30,4,2,1
2023351347543,2023,351347543,1,2,1,1,21,5,3,0,0,0,0,0,3,9,E01017439,3,1,0.0,1.0,-1,6,30,1,1,1,19:40,3,2,3
2023031334549,2023,031334549,1,1,1,2,22,5,3,0,0,0,0,0,9,5,E01019327,3,1,0.0,1.0,-1,6,60,1,6,1,22:41,6,1,9
2023401332085,2023,401332085,1,1,1,1,63,9,1,0,0,0,0,0,9,3,E01015769,1,1,0.0,0.0,-1,6,30,1,1,1,19:36,5,5,9
2023430188603,2023,430188603,2,3,2,2,27,6,3,0,0,2,0,0,9,5,E01016841,-1,0,0.00535,0.99465,-1,6,60,1,1,1,14:45,1,2,9
2023010463022,2023,010463022,2,1,1,1,25,5,2,0,0,0,0,0,1,2,E01004321,-1,0,1.0,0.0,-1,2,20,1,1,1,17:56,3,2,1
2023451346096,2023,451346096,1,1,1,2,24,5,3,0,0,0,0,0,3,9,E01001067,3,1,0.0,1.0,-1,6,40,1,1,1,09:15,7,2,3
2023311357823,2023,311357823,1,1,1,1,29,6,3,0,0,0,0,0,2,1,E01013846,3,1,0.0,1.0,-1,6,20,1,4,1,22:09,6,2,2
2023361341307,2023,361341307,1,1,1,1,25,5,3,0,0,0,0,0,4,2,E01026796,3,1,0.0,1.0,-1,6,60,2,1,2,07:05,2,2,4
2023131278127,2023,131278127,2,1,1,1,62,9,2,0,0,0,0,0,9,7,E01011650,6,1,1.0,0.0,-1,6,30,1,4,1,17:21,1,2,9
2023161290701,2023,161290701,2,1,2,1,7,2,3,0,0,1,0,0,9,1,E01012843,3,1,0.0,1.0,-1,6,30,1,1,1,16:50,6,2,9
2023552300935,2023,552300935,2,1,1,2,57,9,3,0,0,0,0,0,9,9,E01029176,-1,0,0.02356,0.97644,-1,6,30,1,1,1,18:50,7,2,9
2023061326405,2023,061326405,1,1,3,1,41,7,2,9,9,0,0,0,0,4,E01005621,6,1,1.0,0.0,-1,6,30,1,4,1,01:58,5,1,9
2023430420278,2023,430420278,2,1,1,1,26,6,3,0,0,0,0,0,1,9,E01016565,-1,0,0.0982,0.9018,-1,6,30,1,1,1,10:15,3,2,1
202360A076553,2023,60A076553,1,1,3,2,30,6,3,9,5,0,0,0,0,-1,-1,-1,0,0.11539,0.88461,-1,6,30,1,1,1,12:13,2,2,9
2023231374947,2023,231374947,2,1,1,1,22,5,3,0,0,0,0,0,9,8,E01010171,3,1,0.0,1.0,-1,6,60,4,1,2,10:00,2,2,9
2023421341938,2023,421341938,2,1,3,1,24,5,3,1,1,0,0,0,0,-1,-1,3,1,0.0,1.0,-1,6,30,1,1,1,10:27,3,2,9
2023010456992,2023,010456992,3,1,1,1,55,8,3,0,0,0,0,0,1,6,E01000252,-1,0,0.0,1.0,-1,3,30,1,1,1,13:00,2,3,1
2023010463003,2023,010463003,2,1,1,1,17,4,3,0,0,0,0,0,3,5,E01002913,-1,0,0.0,1.0,-1,3,30,1,1,1,16:10,3,2,3
2023010442138,2023,010442138,1,1,1,2,63,9,3,0,0,0,0,0,9,8,E01004158,-1,0,0.0,1.0,-1,6,20,1,1,1,08:45,4,2,9
2023302301583,2023,302301583,1,1,2,2,20,4,3,0,0,1,0,0,9,2,E01013504,-1,0,0.14714,0.85286,-1,6,60,1,5,1,22:00,6,1,9
2023471273566,2023,471273566,1,1,1,2,44,7,3,0,0,0,0,0,9,8,E01031767,3,1,0.0,1.0,-1,6,60,1,6,1,18:37,3,2,9
2023531357478,2023,531357478,2,1,1,2,61,9,3,0,0,0,0,0,9,9,E01022207,3,1,0.0,1.0,-1,6,40,1,1,1,11:45,5,3,9
2023010478594,2023,010478594,1,1,3,1,12,3,3,4,2,0,0,0,0,2,E01002735,-1,0,0.0,1.0,-1,6,20,1,1,1,16:00,6,1,23
2023010452703,2023,010452703,2,2,1,1,43,7,3,0,0,0,0,0,8,2,E01003508,-1,0,0.0,1.0,-1,3,30,1,4,1,01:54,1,2,8
2023991295130,2023,991295130,1,2,2,2,80,11,2,0,0,1,0,0,9,8,-1,6,1,1.0,0.0,-1,6,30,2,1,2,16:20,4,2,9
2023010480271,2023,010480271,1,1,1,1,41,7,3,0,0,0,0,0,1,8,E01001228,-1,0,0.0,1.0,-1,6,30,1,1,1,14:00,7,2,1
2023552301486,2023,552301486,2,1,1,1,40,7,3,0,0,0,0,0,1,5,E01015461,-1,0,0.14687,0.85313,-1,6,30,1,4,1,17:40,5,2,1
2023010457685,2023,010457685,1,1,1,1,31,6,3,0,0,0,0,0,3,5,E01003140,-1,0,0.0,1.0,-1,9,20,1,1,1,14:35,5,2,3
2023461384174,2023,461384174,2,1,2,2,72,10,3,0,0,-1,0,0,9,10,E01024320,3,1,0.0,1.0,-1,3,70,1,5,1,20:19,7,2,9
2023991353056,2023,991353056,1,1,1,-1,51,8,3,0,0,0,0,0,9,8,-1,3,1,0.0,1.0,-1,6,30,1,1,1,15:30,3,2,9
2023010451196,2023,010451196,1,1,2,2,69,10,3,0,0,0,4,0,11,2,E01029237,-1,0,0.0,1.0,-1,2,20,1,1,1,12:29,7,1,11
2023131278059,2023,131278059,2,1,1,1,54,8,2,0,0,0,0,0,9,3,E01025368,6,1,1.0,0.0,-1,6,30,1,1,1,10:52,1,2,9
2023131305849,2023,131305849,2,1,1,1,58,9,3,0,0,0,0,0,9,6,E01010592,3,1,0.0,1.0,-1,6,30,1,1,1,10:52,5,2,9
2023131331634,2023,131331634,1,2,2,2,77,11,3,0,0,1,0,0,9,7,E01011893,3,1,0.0,1.0,-1,6,40,1,4,1,21:27,5,1,9
2023340WN0092,2023,340WN0092,2,1,1,2,30,6,3,0,0,0,0,0,9,6,E01027029,-1,0,0.05446,0.94554,-1,6,60,8,6,2,07:30,5,2,9
2023010470130,2023,010470130,2,1,2,2,25,5,3,0,0,1,0,0,9,6,E01003285,-1,0,0.0,1.0,-1,6,20,8,1,1,11:23,5,2,9
2023471266563,2023,471266563,2,1,1,2,39,7,3,0,0,0,0,0,9,9,E01031338,3,1,0.0,1.0,-1,6,30,1,1,2,12:15,1,2,9
2023471275000,2023,471275000,3,3,1,1,29,6,3,0,0,0,0,0,9,10,E01031695,3,1,0.0,1.0,-1,6,60,1,1,1,09:30,2,4,9
2023991358922,2023,991358922,2,1,1,2,53,8,3,0,0,0,0,0,9,7,-1,3,1,0.0,1.0,-1,6,30,2,1,2,10:55,5,2,9
2023052302981,2023,052302981,2,1,2,2,56,9,3,0,0,1,0,0,9,6,E01006955,-1,0,0.06098,0.93902,-1,6,30,1,1,1,12:06,4,2,9
2023201342261,2023,201342261,2,1,1,1,33,6,3,0,0,0,0,0,9,5,E01009882,3,1,0.0,1.0,-1,6,30,1,4,1,22:23,1,2,9
2023461294729,2023,461294729,1,3,2,2,63,9,3,0,0,1,0,0,9,8,E01024085,3,1,0.0,1.0,-1,6,60,2,1,2,09:40,6,2,9
2023471290894,2023,471290894,1,1,1,2,66,10,3,0,0,0,0,0,9,7,E01021010,3,1,0.0,1.0,-1,6,30,1,1,1,11:20,2,2,9
2023461355889,2023,461355889,2,1,1,1,17,4,2,0,0,0,0,0,3,1,E01024687,7,1,1.0,0.0,-1,6,30,1,1,1,08:55,4,2,3
2023411329353,2023,411329353,2,1,1,1,29,6,3,0,0,0,0,0,3,7,E01023508,3,1,0.0,1.0,-1,6,40,1,1,1,10:20,6,2,3
2023070904170,2023,070904170,1,1,1,1,18,4,3,0,0,0,0,0,2,7,E01019711,-1,0,0.20859,0.79141,-1,6,40,2,6,2,03:10,4,1,2
2023010427635,2023,010427635,1,1,3,1,55,8,3,5,2,0,0,0,0,2,E01004460,-1,0,0.0,1.0,-1,6,20,1,1,1,07:05,6,1,9
2023031371907,2023,031371907,1,1,3,2,12,3,3,5,9,0,0,0,0,-1,-1,3,1,0.0,1.0,-1,6,30,1,1,1,15:35,3,1,19
2023010468043,2023,010468043,2,1,1,1,36,7,3,0,0,0,0,0,3,3,E01004303,-1,0,0.0,1.0,-1,6,30,1,1,1,15:40,1,2,3
2023010427332,2023,010427332,2,1,2,2,-1,-1,3,0,0,9,0,0,9,9,E01023580,-1,0,0.0,1.0,-1,9,30,1,4,1,02:00,7,2,9
2023052300441,2023,052300441,1,1,1,2,75,10,3,0,0,0,0,0,9,5,E01006687,-1,0,0.05119,0.94881,-1,6,20,1,1,1,12:20,3,1,9
2023131315118,2023,131315118,2,2,2,1,11,3,3,0,0,2,0,0,9,10,E01010771,3,1,0.0,1.0,-1,3,30,9,1,1,13:04,1,2,9
2023231320608,2023,231320608,2,2,2,2,49,8,3,0,0,1,0,0,9,7,E01031055,3,1,0.0,1.0,-1,3,70,1,1,1,15:43,5,2,9
2023471295543,2023,471295543,1,1,2,2,41,7,3,0,0,1,0,0,9,7,E01031471,3,1,0.0,1.0,-1,3,40,2,1,2,16:05,3,2,9
2023471317096,2023,471317096,2,1,1,2,54,8,3,0,0,0,0,0,9,3,E01031789,3,1,0.0,1.0,-1,3,30,1,1,1,18:22,6,2,9
2023531380422,2023,531380422,2,1,1,2,62,9,3,0,0,0,0,0,9,8,E01022298,3,1,0.0,1.0,-1,3,70,9,7,1,18:45,2,2,9
202360A057491,2023,60A057491,2,1,1,2,49,8,3,0,0,0,0,0,9,-1,-1,-1,0,0.0175,0.9825,-1,6,30,1,1,1,15:20,5,2,9
2023440035447,2023,440035447,1,1,3,1,43,7,2,8,9,0,0,0,0,10,E01022954,-1,0,1.0,0.0,-1,7,70,1,4,1,22:29,5,1,19
2023451300937,2023,451300937,1,1,1,1,27,6,3,0,0,0,0,0,3,5,E01030984,3,1,0.0,1.0,-1,6,30,1,1,1,14:59,3,2,3
2023010454935,2023,010454935,1,1,2,2,56,9,3,0,0,1,0,0,9,3,E01003264,-1,0,0.0,1.0,-1,6,20,1,1,1,10:15,5,2,9
2023141273480,2023,141273480,2,3,2,2,-1,-1,3,0,0,2,0,0,9,-1,-1,3,1,0.0,1.0,-1,3,40,1,1,1,13:41,3,2,9
2023522300504,2023,522300504,1,3,2,2,18,4,2,0,0,2,0,0,9,6,E01015002,-1,0,1.0,0.0,-1,6,40,5,4,2,23:30,4,1,9
2023010441123,2023,010441123,1,1,1,1,61,9,3,0,0,0,0,0,9,1,E01004272,-1,0,0.0,1.0,-1,6,20,1,1,1,08:55,5,2,9
2023471389943,2023,471389943,1,1,1,1,69,10,3,0,0,0,0,0,9,4,E01020997,3,1,0.0,1.0,-1,6,30,1,1,2,11:04,4,2,9
2023501301406,2023,501301406,1,1,1,1,40,7,2,0,0,0,0,0,4,-1,-1,7,1,1.0,0.0,-1,6,60,1,1,1,08:35,4,2,4
2023451376363,2023,451376363,1,1,3,2,85,11,2,9,5,0,0,0,0,10,E01030671,7,1,1.0,0.0,-1,6,30,1,1,2,16:25,7,1,9
2023471305954,2023,471305954,1,1,1,2,34,6,3,0,0,0,0,0,9,3,E01031752,3,1,0.0,1.0,-1,6,40,1,1,2,17:15,4,2,9
2023101369245,2023,101369245,1,1,3,2,7,2,3,1,3,0,0,0,0,3,E01008401,3,1,0.0,1.0,-1,6,20,1,1,2,15:30,7,1,9
2023991368264,2023,991368264,1,1,3,1,50,8,3,6,9,0,0,0,0,5,-1,3,1,0.0,1.0,-1,6,30,1,1,2,12:30,7,1,9
2023010434361,2023,010434361,1,1,1,1,25,5,3,0,0,0,0,0,3,7,E01001204,-1,0,0.0,1.0,-1,6,20,1,4,1,20:42,1,2,3
2023552300623,2023,552300623,2,1,1,1,29,6,3,0,0,0,0,0,4,3,E01033242,-1,0,0.09204,0.90796,-1,6,30,1,1,1,17:52,2,2,4
2023061387555,2023,061387555,2,1,1,1,48,8,3,0,0,0,0,0,9,2,E01006845,3,1,0.0,1.0,-1,3,70,1,4,1,18:54,7,2,9
2023549369123,2023,549369123,2,1,1,2,19,4,3,0,0,0,0,0,9,6,E01031884,-1,0,0.03323,0.96677,-1,1,40,1,1,1,19:01,3,2,9
2023010466181,2023,010466181,2,1,1,1,19,4,3,0,0,0,0,0,3,10,E01030307,-1,0,0.0,1.0,-1,3,20,1,1,1,11:40,6,2,3
2023201296512,2023,201296512,2,2,1,1,32,6,3,0,0,0,0,0,1,1,E01008928,3,1,0.0,1.0,-1,6,30,1,1,1,09:00,7,2,1
2023031312327,2023,031312327,2,1,1,2,44,7,3,0,0,0,0,0,5,4,E01019202,3,1,0.0,1.0,-1,6,60,1,1,1,10:30,1,2,5
2023430569387,2023,430569387,1,1,1,1,29,6,3,0,0,0,0,0,21,10,E01025774,-1,0,0.02277,0.97723,-1,6,60,1,1,1,12:27,4,2,21
2023522400395,2023,522400395,2,1,1,1,41,7,2,0,0,0,0,0,5,7,E01014649,-1,0,1.0,0.0,-1,6,50,1,1,1,15:05,5,2,5
2023461395586,2023,461395586,1,1,1,1,39,7,3,0,0,0,0,0,19,7,E01016058,3,1,0.0,1.0,-1,6,30,1,4,1,00:50,5,1,19
2023101349545,2023,101349545,1,1,3,2,39,7,3,5,9,0,0,0,0,7,E01008677,3,1,0.0,1.0,-1,6,30,1,1,1,10:30,2,1,9
2023010470455,2023,010470455,2,1,1,1,21,5,3,0,0,0,0,0,1,6,E01001566,-1,0,0.0,1.0,-1,6,20,1,1,1,16:50,6,2,1
2023010460837,2023,010460837,1,1,1,1,23,5,3,0,0,0,0,0,3,2,E01000628,-1,0,0.0,1.0,-1,9,30,9,1,9,16:05,3,2,3
2023131322890,2023,131322890,1,1,3,1,18,4,3,9,8,0,0,1,0,8,E01011399,3,1,0.0,1.0,-1,3,20,1,4,1,22:57,1,1,9
2023471374605,2023,471374605,1,1,3,2,85,11,2,5,9,0,0,0,0,3,E01021037,6,1,1.0,0.0,-1,6,20,1,4,2,16:05,3,1,9
2023131356241,2023,131356241,1,1,2,2,21,5,3,0,0,2,0,0,9,1,E01011338,3,1,0.0,1.0,-1,3,30,1,4,1,20:05,2,2,9
2023101324807,2023,101324807,1,1,3,2,43,7,2,9,8,0,0,0,0,4,E01008583,5,1,1.0,0.0,-1,6,30,1,1,1,10:10,7,1,19
2023010444638,2023,010444638,1,1,1,1,43,7,2,0,0,0,0,0,1,2,E01003024,-1,0,1.0,0.0,-1,6,20,1,1,1,14:30,2,2,1
2023010461435,2023,010461435,2,1,1,1,35,6,3,0,0,0,0,0,3,9,E01003775,-1,0,0.0,1.0,-1,3,20,1,4,1,20:00,7,2,3
2023221397266,2023,221397266,2,1,1,2,30,6,3,0,0,0,0,0,9,3,E01014010,3,1,0.0,1.0,-1,6,60,2,6,2,17:28,5,2,9
2023141365443,2023,141365443,1,1,3,1,27,6,2,5,9,0,0,0,0,2,E01007767,7,1,1.0,0.0,-1,6,30,1,1,1,15:55,7,1,9
2023010422234,2023,010422234,2,1,1,1,43,7,3,0,0,0,0,0,1,2,E01002807,-1,0,0.0,1.0,-1,3,20,1,1,1,09:20,5,2,1
2023161335811,2023,161335811,1,1,1,2,35,6,3,0,0,0,0,0,1,1,E01012808,3,1,0.0,1.0,-1,6,30,1,1,1,08:36,3,2,1
2023041314439,2023,041314439,1,1,1,1,24,5,2,0,0,0,0,0,5,4,E01025394,6,1,1.0,0.0,-1,6,20,1,1,1,15:50,6,2,5
2023010453990,2023,010453990,1,1,3,2,37,7,3,1,3,0,0,0,0,2,E01001833,-1,0,0.0,1.0,-1,6,20,1,1,1,14:54,6,1,19
2023010463550,2023,010463550,1,1,1,1,30,6,3,0,0,0,0,0,3,6,E01001160,-1,0,0.0,1.0,-1,9,20,9,1,9,10:45,6,2,3
2023010479627,2023,010479627,2,1,1,1,19,4,3,0,0,0,0,0,9,2,E01002087,-1,0,0.0,1.0,-1,3,30,8,4,2,23:00,4,2,9
2023421310418,2023,421310418,2,1,1,1,25,5,3,0,0,0,0,0,9,-1,-1,3,1,0.0,1.0,-1,6,30,1,1,1,08:16,3,2,9
2023031371359,2023,031371359,1,1,1,2,86,11,3,0,0,0,0,0,9,10,E01019244,3,1,0.0,1.0,-1,6,30,1,4,1,17:15,2,1,9
2023061349263,2023,061349263,2,4,2,2,82,11,3,0,0,1,0,0,9,6,E01006221,3,1,0.0,1.0,-1,6,30,1,1,1,12:50,3,2,9
2023221382202,2023,221382202,1,4,2,2,70,10,2,0,0,1,0,0,9,4,E01019742,6,1,1.0,0.0,-1,6,60,1,1,2,10:00,7,2,9
2023991332200,2023,991332200,1,1,2,2,82,11,3,0,0,1,0,0,9,5,-1,3,1,0.0,1.0,-1,6,40,1,1,1,16:16,6,2,9
2023471299537,2023,471299537,2,1,1,1,30,6,3,0,0,0,0,0,19,10,E01020942,3,1,0.0,1.0,-1,6,40,2,1,2,17:05,5,3,19
2023552300018,2023,552300018,2,1,1,1,86,11,3,0,0,0,0,0,1,7,E01020542,-1,0,0.16794,0.83206,-1,6,30,1,1,1,14:06,2,2,1
2023010467446,2023,010467446,1,1,3,2,34,6,3,8,8,0,0,0,0,5,E01001677,-1,0,0.0,1.0,-1,2,20,1,1,2,17:25,5,1,1
2023302301604,2023,302301604,1,1,3,1,45,7,3,9,5,0,0,0,0,1,E01019662,-1,0,0.17168,0.82832,-1,6,30,2,5,5,00:29,7,1,9
2023361291241,2023,361291241,1,1,3,2,31,6,3,9,5,0,0,0,0,1,E01026827,3,1,0.0,1.0,-1,9,30,1,1,1,08:55,1,1,8
2023471283085,2023,471283085,1,1,3,2,21,5,2,1,1,0,0,0,0,6,E01020959,7,1,1.0,0.0,-1,6,30,8,4,1,18:00,7,1,9
2023010445049,2023,010445049,1,1,1,1,23,5,3,0,0,0,0,0,3,4,E01000570,-1,0,0.0,1.0,-1,9,30,1,1,1,19:54,4,2,3
2023010500924,2023,010500924,2,1,1,2,37,7,3,0,0,0,0,0,9,2,E01001054,-1,0,0.0,1.0,-1,3,40,1,1,1,11:18,3,2,9
2023161380543,2023,161380543,2,1,1,2,28,6,3,0,0,0,0,0,9,1,E01012873,3,1,0.0,1.0,-1,6,30,1,1,2,14:00,4,2,9
2023461278575,2023,461278575,3,2,1,2,30,6,3,0,0,0,0,0,9,2,E01024397,3,1,0.0,1.0,-1,6,60,1,1,1,10:05,6,3,9
2023461368244,2023,461368244,2,1,1,1,35,6,3,0,0,0,0,0,9,3,E01031459,3,1,0.0,1.0,-1,3,70,1,6,2,14:10,4,3,9
2023552301529,2023,552301529,1,1,1,1,20,4,3,0,0,0,0,0,9,2,E01020575,-1,0,0.10218,0.89782,-1,6,30,1,4,2,06:42,1,1,9
2023010430242,2023,010430242,1,1,1,1,39,7,3,0,0,0,0,0,3,8,E01004195,-1,0,0.0,1.0,-1,9,20,1,1,1,11:43,5,2,3
2023010435043,2023,010435043,2,1,1,1,39,7,3,0,0,0,0,0,4,4,E01023828,-1,0,0.0,1.0,-1,6,20,1,1,1,16:56,5,2,4
2023302301459,2023,302301459,2,1,1,1,27,6,3,0,0,0,0,0,3,4,E01019554,-1,0,0.15338,0.84662,-1,6,30,1,1,2,15:45,4,2,3
2023122300576,2023,122300576,1,1,1,1,64,9,2,0,0,0,0,0,5,3,E01032923,-1,0,1.0,0.0,-1,6,60,1,1,1,11:11,6,2,5