collision_index,collision_year,collision_ref_no,vehicle_reference,casualty_reference,casualty_class,sex_of_casualty,age_of_casualty,age_band_of_casualty,casualty_severity,pedestrian_location,pedestrian_movement,car_passenger,bus_or_coach_passenger,pedestrian_road_maintenance_worker,casualty_type,casualty_imd_decile,lsoa_of_casualty,enhanced_casualty_severity,casualty_injury_based,casualty_adjusted_severity_serious,casualty_adjusted_severity_slight,casualty_distance_banding,road_type,speed_limit,weather_conditions,light_conditions,road_surface_conditions,time,day_of_week,number_of_vehicles,vehicle_type
2023010444498,2023,010444498,1,2,2,1,18,4,3,0,0,2,0,0,9,2,E01003267,-1,0,0.0,1.0,-1,6,30,1,1,1,20:15,2,2,9
2023302301693,2023,302301693,2,1,1,1,27,6,3,0,0,0,0,0,9,6,E01019619,-1,0,0.00555,0.99445,-1,3,30,1,1,2,08:12,2,2,9
2023351388120,2023,351388120,1,1,2,2,43,7,3,0,0,1,0,0,9,3,E01018093,3,1,0.0,1.0,-1,6,60,1,1,4,07:16,4,1,9
202360A147772,2023,60A147772,2,2,1,2,50,8,3,0,0,0,0,0,9,-1,-1,-1,0,0.04408,0.95592,-1,6,20,2,1,2,16:30,3,2,9
2023320677800,2023,320677800,1,1,3,1,11,3,2,5,3,0,0,0,0,8,E01026289,-1,0,1.0,0.0,-1,6,30,7,4,2,17:15,3,1,9
2023522400945,2023,522400945,1,1,3,1,39,7,3,5,3,0,0,0,0,8,E01014896,-1,0,0.12684,0.87316,-1,6,20,1,4,1,18:53,5,1,9
2023010422329,2023,010422329,1,1,1,1,30,6,3,0,0,0,0,0,2,3,E01001368,-1,0,0.0,1.0,-1,6,20,8,1,2,16:00,5,2,2
2023010480528,2023,010480528,1,1,1,1,30,6,3,0,0,0,0,0,3,4,E01001674,-1,0,0.0,1.0,-1,6,30,2,4,2,18:30,2,2,3
2023361266616,2023,361266616,1,2,1,1,34,6,3,0,0,0,0,0,9,4,E01018044,3,1,0.0,1.0,-1,6,60,1,6,2,17:35,1,2,9
2023041365785,2023,041365785,1,1,3,2,35,6,2,10,9,0,0,0,0,1,E01025295,7,1,1.0,0.0,-1,6,30,1,4,1,02:45,2,1,9
2023421326322,2023,421326322,1,1,3,1,66,10,3,5,1,0,0,0,0,5,E01021297,3,1,0.0,1.0,-1,6,30,1,1,1,14:00,4,1,9
2023052300434,2023,052300434,2,1,1,1,45,7,2,0,0,0,0,0,1,7,E01007196,-1,0,1.0,0.0,-1,6,30,1,1,1,11:43,2,2,1
2023302300349,2023,302300349,2,1,1,2,50,8,3,0,0,0,0,0,1,7,E01013529,-1,0,0.14788,0.85212,-1,6,30,1,4,2,19:10,3,2,1
2023010463609,2023,010463609,2,1,1,1,53,8,3,0,0,0,0,0,1,3,E01000090,-1,0,0.0,1.0,-1,6,30,1,1,1,16:20,6,2,1
2023052300039,2023,052300039,2,1,1,1,45,7,3,0,0,0,0,0,19,6,E01007159,-1,0,0.01928,0.98072,-1,6,30,1,1,1,09:00,4,2,19
2023461366378,2023,461366378,1,1,3,2,91,11,3,5,1,0,0,0,0,8,E01024642,3,1,0.0,1.0,-1,6,30,1,1,1,11:50,7,1,9
2023311284635,2023,311284635,1,1,1,1,36,7,3,0,0,0,0,0,1,5,E01033413,3,1,0.0,1.0,-1,6,30,1,1,2,06:27,4,2,1
2023201394810,2023,201394810,1,1,3,2,54,8,3,5,1,0,0,2,0,-1,-1,3,1,0.0,1.0,-1,6,30,1,7,1,17:25,1,1,9
2023411305869,2023,411305869,1,1,3,1,62,9,1,9,8,0,0,1,0,2,E01002227,1,1,0.0,0.0,-1,6,30,1,1,2,11:27,6,1,90
2023061352795,2023,061352795,2,1,1,1,40,7,3,0,0,0,0,0,1,8,E01005852,3,1,0.0,1.0,-1,6,30,1,1,1,18:00,4,2,1
2023010457155,2023,010457155,1,1,2,-1,-1,-1,3,0,0,1,0,0,9,10,E01002430,-1,0,0.0,1.0,-1,6,30,1,1,1,14:20,3,2,9
2023201310128,2023,201310128,1,1,1,2,50,8,3,0,0,0,0,0,9,1,E01010148,3,1,0.0,1.0,-1,3,30,1,1,1,14:50,5,2,9
2023101315285,2023,101315285,1,1,3,2,16,4,2,1,3,0,0,0,0,10,E01008784,6,1,1.0,0.0,-1,1,30,1,1,1,15:15,2,1,97
2023010463789,2023,010463789,1,1,1,1,29,6,3,0,0,0,0,0,1,1,E01004309,-1,0,0.0,1.0,-1,6,20,1,4,1,21:30,5,2,1
2023061320737,2023,061320737,2,1,1,1,-1,-1,3,0,0,0,0,0,1,-1,-1,3,1,0.0,1.0,-1,6,20,1,1,1,20:00,3,2,1
2023052303079,2023,052303079,1,1,3,1,40,7,3,5,9,0,0,0,0,1,E01006721,-1,0,0.15881,0.84119,-1,6,30,1,4,2,01:45,7,1,9
2023361272472,2023,361272472,1,1,3,1,-1,-1,3,6,1,0,0,-1,0,-1,-1,3,1,0.0,1.0,-1,6,30,9,1,1,08:00,6,1,9
2023461275485,2023,461275485,2,2,1,2,21,5,3,0,0,0,0,0,9,7,E01024572,3,1,0.0,1.0,-1,6,60,1,1,2,14:02,1,2,9
2023111270201,2023,111270201,2,1,1,1,23,5,3,0,0,0,0,0,3,2,E01020894,3,1,0.0,1.0,-1,3,50,1,1,2,14:51,3,2,3
2023421282403,2023,421282403,2,2,1,1,61,9,3,0,0,0,0,0,19,7,E01021752,3,1,0.0,1.0,-1,6,30,1,1,1,17:13,4,2,19
2023340WN2962,2023,340WN2962,2,1,1,1,69,10,3,0,0,0,0,0,9,2,E01026992,-1,0,0.07244,0.92756,-1,1,60,1,1,1,18:57,6,2,9
2023430474492,2023,430474492,1,1,2,2,25,5,3,0,0,1,0,0,9,-1,-1,-1,0,0.00777,0.99223,-1,6,50,1,1,2,12:35,7,2,9
2023302301261,2023,302301261,1,1,1,1,23,5,3,0,0,0,0,0,5,2,E01019463,-1,0,0.14736,0.85264,-1,3,70,1,1,1,16:10,3,2,5
2023010483007,2023,010483007,1,1,3,1,50,8,3,5,1,0,0,0,0,4,E01003573,-1,0,0.0,1.0,-1,2,20,2,1,2,12:20,7,1,9
2023041371293,2023,041371293,2,4,2,1,32,6,3,0,0,1,0,0,19,5,E01012635,3,1,0.0,1.0,-1,6,30,2,4,2,21:40,1,2,19
2023010451888,2023,010451888,1,1,3,1,76,11,3,5,1,0,0,0,0,3,E01001318,-1,0,0.0,1.0,-1,7,20,1,1,1,20:28,3,1,5
2023221306690,2023,221306690,1,1,1,1,47,8,2,0,0,0,0,0,5,2,E01032470,6,1,1.0,0.0,-1,6,60,1,1,1,17:27,1,2,5
2023010477686,2023,010477686,1,1,1,1,29,6,3,0,0,0,0,0,1,-1,-1,-1,0,0.0,1.0,-1,6,20,1,1,2,08:51,2,2,1
2023061282644,2023,061282644,2,1,1,2,41,7,3,0,0,0,0,0,1,1,E01005756,3,1,0.0,1.0,-1,6,30,1,1,1,09:30,2,2,1
202363A027723,2023,63A027723,1,1,1,1,49,8,2,0,0,0,0,0,5,-1,-1,-1,0,1.0,0.0,-1,6,50,1,1,1,17:40,7,1,5
2023522301001,2023,522301001,1,1,2,2,31,6,3,0,0,2,0,0,8,8,E01014921,-1,0,0.00412,0.99588,-1,6,20,9,1,-1,20:34,6,2,8
2023161260773,2023,161260773,1,1,3,2,25,5,3,9,5,0,0,0,0,1,E01013139,3,1,0.0,1.0,-1,6,30,1,4,2,02:38,1,1,8
2023010452493,2023,010452493,2,1,1,1,30,6,3,0,0,0,0,0,4,5,E01000631,-1,0,0.0,1.0,-1,6,30,1,4,1,23:30,6,2,4
2023041362850,2023,041362850,1,1,1,1,70,10,2,0,0,0,0,0,3,5,E01024969,7,1,1.0,0.0,-1,6,30,1,1,1,16:30,1,2,3
2023340WN5192,2023,340WN5192,2,1,1,1,53,8,3,0,0,0,0,0,9,1,E01027153,-1,0,0.06749,0.93251,-1,1,30,1,4,1,01:10,2,2,9
2023141280148,2023,141280148,1,1,1,1,42,7,3,0,0,0,0,0,3,4,E01007765,3,1,0.0,1.0,-1,3,30,1,1,1,08:40,5,2,3
2023052300881,2023,052300881,2,1,1,1,51,8,3,0,0,0,0,0,1,8,E01025498,-1,0,0.1226,0.8774,-1,6,30,1,1,1,07:30,3,2,1
2023201284797,2023,201284797,1,1,1,1,34,6,3,0,0,0,0,0,3,3,E01010105,3,1,0.0,1.0,-1,6,30,2,4,2,20:32,4,2,3
2023461361927,2023,461361927,1,1,1,1,23,5,2,0,0,0,0,0,3,3,E01024497,7,1,1.0,0.0,-1,6,60,1,1,1,18:00,4,1,3
2023501296830,2023,501296830,1,1,1,1,17,4,2,0,0,0,0,0,3,-1,-1,7,1,1.0,0.0,-1,6,30,4,1,2,18:30,4,2,3
2023041337978,2023,041337978,1,1,3,1,12,3,2,8,2,0,0,0,0,1,E01012577,6,1,1.0,0.0,-1,6,30,1,1,2,19:05,4,1,9
2023991282894,2023,991282894,2,1,1,1,17,4,3,0,0,0,0,0,3,-1,-1,3,1,0.0,1.0,-1,6,20,1,4,1,22:00,6,2,3
2023010453824,2023,010453824,1,1,1,1,22,5,3,0,0,0,0,0,4,1,E01002071,-1,0,0.0,1.0,-1,2,20,1,1,1,14:20,6,2,4
2023531321790,2023,531321790,1,1,1,1,33,6,2,0,0,0,0,0,5,-1,-1,7,1,1.0,0.0,-1,6,50,1,1,1,16:45,4,3,5
2023440381742,2023,440381742,1,1,1,1,4,1,2,0,0,0,0,0,1,4,E01017234,-1,0,1.0,0.0,-1,6,30,1,1,1,17:30,2,2,1
2023991288407,2023,991288407,1,1,2,2,80,11,2,0,0,2,0,0,8,10,-1,7,1,1.0,0.0,-1,6,40,1,1,1,13:40,1,1,8
2023061292198,2023,061292198,1,1,1,1,43,7,3,0,0,0,0,0,9,5,E01006008,3,1,0.0,1.0,-1,6,30,1,1,1,02:42,3,4,9
2023430058841,2023,430058841,2,1,1,2,28,6,3,0,0,0,0,0,9,7,E01017909,-1,0,0.0192,0.9808,-1,6,30,1,7,1,20:23,6,2,9
2023461373963,2023,461373963,2,2,2,2,33,6,3,0,0,1,0,0,9,8,E01024351,3,1,0.0,1.0,-1,6,30,2,4,2,16:41,5,2,9
2023501285593,2023,501285593,1,2,2,1,39,7,3,0,0,1,0,0,9,4,E01018861,3,1,0.0,1.0,-1,6,30,1,6,2,21:12,2,2,9
2023351293274,2023,351293274,2,2,2,1,-1,-1,3,0,0,1,0,0,9,-1,-1,3,1,0.0,1.0,-1,6,60,1,1,-1,16:30,7,2,9
2023031343666,2023,031343666,1,1,1,2,20,4,3,0,0,0,0,0,9,8,E01019383,3,1,0.0,1.0,-1,6,60,1,1,1,12:50,1,1,9
2023031289613,2023,031289613,1,1,1,1,53,8,2,0,0,0,0,0,21,4,E01007536,5,1,1.0,0.0,-1,3,70,4,6,2,04:35,4,1,21
2023131275127,2023,131275127,3,1,2,2,93,11,3,0,0,1,0,0,9,8,E01011055,3,1,0.0,1.0,-1,6,30,1,1,1,11:01,7,3,9
2023201311691,2023,201311691,2,1,1,1,61,9,3,0,0,0,0,0,9,7,E01010027,3,1,0.0,1.0,-1,6,30,1,1,1,14:13,4,2,9
2023471358422,2023,471358422,2,1,1,1,29,6,3,0,0,0,0,0,9,6,E01031557,3,1,0.0,1.0,-1,1,60,1,1,1,08:40,2,2,9
2023552300795,2023,552300795,1,1,1,1,62,9,3,0,0,0,0,0,9,-1,-1,-1,0,0.08635,0.91365,-1,6,30,1,1,1,20:58,4,2,9
2023461366243,2023,461366243,1,1,1,1,66,10,2,0,0,0,0,0,19,7,E01021160,6,1,1.0,0.0,-1,6,30,1,1,1,13:35,7,2,19
2023131261706,2023,131261706,2,1,1,1,40,7,3,0,0,0,0,0,9,1,E01010807,3,1,0.0,1.0,-1,6,30,1,1,2,15:15,3,2,9
2023131282406,2023,131282406,1,1,2,2,63,9,3,0,0,2,0,0,9,5,E01010598,3,1,0.0,1.0,-1,6,40,1,1,1,13:59,5,2,9
2023161381813,2023,161381813,1,4,2,1,8,2,3,0,0,1,0,0,9,3,E01012860,3,1,0.0,1.0,-1,6,30,1,4,2,18:00,7,2,9
2023320449706,2023,320449706,1,2,2,1,50,8,2,0,0,2,0,0,9,1,W01001300,-1,0,1.0,0.0,-1,6,50,1,1,1,14:55,4,2,9
2023501285658,2023,501285658,2,1,1,1,30,6,3,0,0,0,0,0,19,-1,-1,3,1,0.0,1.0,-1,6,40,1,1,1,09:03,7,2,19
2023361346652,2023,361346652,1,1,3,2,86,11,2,6,8,0,0,0,0,3,E01033038,7,1,1.0,0.0,-1,6,30,1,1,1,11:26,3,1,22
2023010463342,2023,010463342,1,1,1,2,40,7,3,0,0,0,0,0,3,5,E01002083,-1,0,0.0,1.0,-1,6,30,8,1,1,12:30,5,2,3
2023371291374,2023,371291374,1,1,1,1,39,7,3,0,0,0,0,0,10,8,E01033443,3,1,0.0,1.0,-1,3,70,2,1,2,12:00,3,3,10
202360A153731,2023,60A153731,1,1,1,1,47,8,2,0,0,0,0,0,3,-1,-1,-1,0,1.0,0.0,-1,6,50,2,6,2,03:42,7,1,3
2023010431540,2023,010431540,1,1,2,1,19,4,3,0,0,2,0,0,9,2,E01000151,-1,0,0.0,1.0,-1,3,30,2,4,2,03:49,7,1,9
2023010448986,2023,010448986,1,1,2,2,73,10,3,0,0,1,0,0,9,7,E01000427,-1,0,0.0,1.0,-1,3,30,1,1,1,13:00,4,2,9
2023610032523,2023,610032523,1,2,2,2,69,10,3,0,0,0,0,0,9,8,W01001423,-1,0,0.096,0.904,-1,6,30,1,1,1,11:56,3,2,9
2023302301170,2023,302301170,3,1,2,2,86,11,3,0,0,1,0,0,9,10,E01007933,-1,0,0.11479,0.88521,-1,6,60,1,1,1,11:45,7,4,9
2023552300114,2023,552300114,2,2,1,1,59,9,3,0,0,0,0,0,19,9,E01020558,-1,0,0.02935,0.97065,-1,6,60,1,1,1,15:57,2,2,19
2023010441032,2023,010441032,1,1,1,1,24,5,3,0,0,0,0,0,3,4,E01003090,-1,0,0.0,1.0,-1,9,30,1,1,1,09:30,4,1,3
2023991391473,2023,991391473,1,1,3,2,26,6,3,1,3,0,0,0,0,6,-1,3,1,0.0,1.0,-1,6,30,1,1,2,17:15,5,1,9
2023201320115,2023,201320115,1,1,1,1,30,6,2,0,0,0,0,0,9,2,E01009414,6,1,1.0,0.0,-1,6,30,1,1,1,11:03,4,2,9
2023302300747,2023,302300747,1,1,1,2,57,9,2,0,0,0,0,0,9,6,E01013589,-1,0,1.0,0.0,-1,6,30,1,1,1,14:10,6,2,9
2023141312114,2023,141312114,1,1,2,1,14,3,2,0,0,0,0,0,3,5,E01007608,5,1,1.0,0.0,-1,7,30,1,1,1,09:40,7,2,3
2023421401181,2023,421401181,2,1,1,1,39,7,3,0,0,0,0,0,5,3,E01003727,3,1,0.0,1.0,-1,6,60,1,1,2,01:30,5,2,5
2023131266334,2023,131266334,1,1,1,1,18,4,2,0,0,0,0,0,3,2,E01011656,5,1,1.0,0.0,-1,6,30,7,1,2,12:22,7,3,3
2023371272369,2023,371272369,1,1,1,1,82,11,3,0,0,0,0,0,4,5,E01029990,3,1,0.0,1.0,-1,6,60,1,1,1,13:00,7,1,4
2023541515923,2023,541515923,1,1,3,2,10,2,3,5,2,0,0,0,0,8,E01015498,-1,0,0.07142,0.92858,-1,6,30,1,1,1,14:02,6,1,9
2023201396806,2023,201396806,1,2,2,1,29,6,3,0,0,1,0,0,19,3,E01009209,3,1,0.0,1.0,-1,6,30,1,4,2,04:16,4,1,19
2023351293065,2023,351293065,2,1,1,2,40,7,3,0,0,0,0,0,1,10,E01018232,3,1,0.0,1.0,-1,6,30,1,1,2,08:00,5,2,1
2023471384789,2023,471384789,1,1,3,1,48,8,3,9,5,0,0,0,0,2,E01031779,3,1,0.0,1.0,-1,6,30,4,4,2,17:25,7,1,9
2023471320835,2023,471320835,1,1,1,1,-1,-1,2,0,0,0,0,0,1,3,E01031441,7,1,1.0,0.0,-1,6,50,1,1,1,18:30,2,2,1
2023201284784,2023,201284784,2,1,1,1,14,3,3,0,0,0,0,0,1,1,E01010430,3,1,0.0,1.0,-1,6,30,1,4,1,18:30,6,2,1
2023010476839,2023,010476839,1,1,1,1,42,7,3,0,0,0,0,0,3,-1,-1,-1,0,0.0,1.0,-1,6,20,1,4,2,17:50,4,2,3
2023061363844,2023,061363844,1,1,3,1,47,8,2,6,9,0,0,0,0,1,E01005328,7,1,1.0,0.0,-1,6,30,9,1,-1,15:30,3,1,1
2023010468455,2023,010468455,1,1,1,2,41,7,3,0,0,0,0,0,1,4,E01004395,-1,0,0.0,1.0,-1,6,20,1,1,1,09:15,3,2,1
2023041334744,2023,041334744,2,3,2,2,8,2,3,0,0,2,0,0,9,8,E01005570,3,1,0.0,1.0,-1,6,30,1,1,1,16:57,7,4,9
2023302300844,2023,302300844,3,2,1,1,34,6,3,0,0,0,0,0,9,2,E01012318,-1,0,0.04794,0.95206,-1,3,40,1,1,1,14:41,3,3,9
2023371280387,2023,371280387,2,1,1,2,51,8,3,0,0,0,0,0,9,5,E01030185,3,1,0.0,1.0,-1,6,30,1,1,2,11:30,7,3,9
2023471314555,2023,471314555,1,2,1,1,43,7,3,0,0,0,0,0,9,8,E01003812,3,1,0.0,1.0,-1,6,40,1,1,1,14:00,7,2,9
2023101341272,2023,101341272,2,4,2,1,23,5,3,0,0,1,0,0,9,3,E01008298,3,1,0.0,1.0,-1,6,30,1,1,1,16:57,7,2,9
2023141379229,2023,141379229,1,1,1,1,25,5,2,0,0,0,0,0,9,2,E01007815,6,1,1.0,0.0,-1,6,30,2,4,2,23:36,1,5,9
2023461318365,2023,461318365,2,2,2,2,52,8,3,0,0,1,0,0,9,9,E01021512,3,1,0.0,1.0,-1,3,50,1,1,1,18:15,7,2,9
2023041353196,2023,041353196,2,1,1,1,31,6,3,0,0,0,0,0,-1,1,E01025297,3,1,0.0,1.0,-1,6,30,1,1,1,12:07,6,2,-1
2023421368050,2023,421368050,2,1,1,1,34,6,2,0,0,0,0,0,9,2,E01000045,6,1,1.0,0.0,-1,6,60,2,4,2,18:32,7,2,9
2023010448714,2023,010448714,2,1,1,2,36,7,3,0,0,0,0,0,9,3,E01003997,-1,0,0.0,1.0,-1,2,30,1,1,1,09:02,3,2,9
2023052302163,2023,052302163,2,1,1,2,35,6,3,0,0,0,0,0,9,1,E01006771,-1,0,0.01256,0.98744,-1,6,30,1,1,1,13:30,3,1,9
2023451288963,2023,451288963,2,2,1,1,25,5,3,0,0,0,0,0,9,4,E01017093,3,1,0.0,1.0,-1,3,70,2,6,2,05:21,3,2,9
2023552300909,2023,552300909,1,1,1,2,24,5,3,0,0,0,0,0,9,3,E01033242,-1,0,0.07034,0.92966,-1,6,30,1,4,1,01:55,7,1,9
2023201375508,2023,201375508,2,2,1,2,21,5,3,0,0,0,0,0,9,10,E01029868,3,1,0.0,1.0,-1,6,30,1,4,2,21:00,5,3,9
2023471374662,2023,471374662,1,1,2,2,20,4,3,0,0,1,0,0,9,8,E01021073,3,1,0.0,1.0,-1,6,60,1,1,2,14:20,3,2,9
202363D002423,2023,63D002423,1,1,1,1,24,5,2,0,0,0,0,0,9,8,W01000429,-1,0,1.0,0.0,-1,6,60,2,1,2,08:35,4,2,9
2023351273300,2023,351273300,2,2,1,1,46,8,3,0,0,0,0,0,9,5,E01018105,3,1,0.0,1.0,-1,6,30,1,1,1,13:35,1,2,9
2023451280542,2023,451280542,1,1,1,2,71,10,3,0,0,0,0,0,9,10,E01016054,3,1,0.0,1.0,-1,3,70,1,6,1,05:00,1,1,9
2023471392395,2023,471392395,1,2,2,1,17,4,3,0,0,1,0,0,9,2,E01021091,3,1,0.0,1.0,-1,6,60,1,1,2,14:13,4,1,9
2023991341578,2023,991341578,1,1,2,2,45,7,2,0,0,1,0,0,9,-1,-1,7,1,1.0,0.0,-1,6,60,1,1,1,07:45,3,2,9
2023010476990,2023,010476990,2,1,2,1,43,7,3,0,0,0,0,0,19,5,E01002411,-1,0,0.0,1.0,-1,2,20,1,4,2,20:49,5,2,19
2023010439928,2023,010439928,1,1,1,1,24,5,3,0,0,0,0,0,9,2,E01002002,-1,0,0.0,1.0,-1,3,20,2,4,2,00:32,6,2,9
2023221372249,2023,221372249,1,1,1,2,68,10,1,0,0,0,0,0,9,5,E01028834,1,1,0.0,0.0,-1,6,60,1,1,1,12:49,2,2,9
2023010429054,2023,010429054,1,1,1,1,55,8,3,0,0,0,0,0,9,6,E01021629,-1,0,0.0,1.0,-1,3,70,1,1,1,11:05,7,2,9
2023111263509,2023,111263509,1,1,1,1,68,10,3,0,0,0,0,0,9,8,E01020862,3,1,0.0,1.0,-1,6,60,5,1,2,14:40,5,3,9
2023131344421,2023,131344421,2,1,1,1,38,7,3,0,0,0,0,0,9,2,E01011015,3,1,0.0,1.0,-1,3,40,1,1,1,14:40,3,2,9
2023302300888,2023,302300888,2,1,1,1,55,8,3,0,0,0,0,0,9,4,E01019823,-1,0,0.03093,0.96907,-1,3,70,1,1,1,16:25,3,2,9
2023052301795,2023,052301795,2,1,2,1,47,8,3,0,0,1,0,0,9,1,E01007129,-1,0,0.02998,0.97002,-1,6,30,2,4,2,21:00,1,2,9
2023161393462,2023,161393462,1,1,1,1,26,6,3,0,0,0,0,0,9,10,E01012958,3,1,0.0,1.0,-1,6,40,2,6,2,02:45,7,1,9
2023201292356,2023,201292356,2,2,1,1,49,8,3,0,0,0,0,0,9,6,E01013285,3,1,0.0,1.0,-1,6,30,1,1,1,19:33,3,2,9
2023461383272,2023,461383272,2,1,1,1,20,4,3,0,0,0,0,0,9,7,E01024302,3,1,0.0,1.0,-1,6,30,1,1,2,13:53,6,2,9
2023522401071,2023,522401071,1,3,2,2,14,3,3,0,0,2,0,0,9,2,E01023860,-1,0,0.04209,0.95791,-1,3,70,1,1,2,11:40,5,4,9
2023141285163,2023,141285163,1,1,1,1,43,7,2,0,0,0,0,0,19,2,E01007417,7,1,1.0,0.0,-1,1,30,3,4,3,01:15,6,1,19
2023501373151,2023,501373151,2,1,1,2,56,9,2,0,0,0,0,0,3,3,E01018888,7,1,1.0,0.0,-1,6,30,2,1,2,11:19,5,2,3
2023010476504,2023,010476504,1,1,3,2,12,3,3,5,1,0,0,0,0,4,E01002346,-1,0,0.0,1.0,-1,6,30,1,1,1,15:30,3,1,9
2023161391544,2023,161391544,2,1,1,1,31,6,3,0,0,0,0,0,1,-1,-1,3,1,0.0,1.0,-1,6,30,1,4,1,19:15,6,2,1
2023010459484,2023,010459484,1,1,1,1,27,6,3,0,0,0,0,0,3,5,E01003140,-1,0,0.0,1.0,-1,9,20,9,1,9,09:46,3,2,3
2023311366695,2023,311366695,2,1,1,1,56,9,3,0,0,0,0,0,5,3,E01013930,3,1,0.0,1.0,-1,6,30,1,4,1,06:45,4,2,5
2023430354288,2023,430354288,1,1,3,2,59,9,2,4,2,0,0,0,0,3,E01033421,-1,0,1.0,0.0,-1,2,30,1,1,1,08:48,4,1,19
2023340506790,2023,340506790,2,2,1,1,44,7,3,0,0,0,0,0,9,5,E01028441,-1,0,0.0392,0.9608,-1,3,70,1,6,1,18:25,6,2,9
2023522300935,2023,522300935,3,2,1,1,50,8,3,0,0,0,0,0,9,1,E01014647,-1,0,0.0079,0.9921,-1,6,30,1,1,2,09:30,5,3,9
2023010420122,2023,010420122,1,1,1,1,45,7,3,0,0,0,0,0,97,2,E01003089,-1,0,0.0,1.0,-1,2,20,1,4,2,18:00,6,2,97
2023332300703,2023,332300703,3,2,1,1,58,9,3,0,0,0,0,0,19,7,E01032206,-1,0,0.01227,0.98773,-1,3,70,1,1,1,14:25,6,4,19
2023371301435,2023,371301435,1,1,1,1,36,7,3,0,0,0,0,0,3,6,E01029891,3,1,0.0,1.0,-1,6,30,1,1,1,06:30,2,2,3
2023311386407,2023,311386407,2,1,1,2,21,5,3,0,0,0,0,0,9,6,E01027997,3,1,0.0,1.0,-1,7,70,1,4,1,15:00,6,2,9
2023131272879,2023,131272879,1,1,1,1,75,10,3,0,0,0,0,0,9,5,E01011772,3,1,0.0,1.0,-1,6,40,1,1,2,11:10,2,2,9
2023131292629,2023,131292629,1,1,1,1,34,6,2,0,0,0,0,0,9,8,E01027568,7,1,1.0,0.0,-1,3,40,2,4,2,02:01,6,2,9
2023311298150,2023,311298150,1,1,1,1,20,4,3,0,0,0,0,0,9,-1,-1,3,1,0.0,1.0,-1,6,50,1,6,1,01:15,4,1,9
2023010453036,2023,010453036,1,1,2,2,90,11,2,0,0,0,3,0,11,-1,-1,-1,0,1.0,0.0,-1,2,20,1,1,1,15:45,2,1,11
2023201358430,2023,201358430,1,1,3,2,6,2,2,5,1,0,0,0,0,1,E01009273,5,1,1.0,0.0,-1,6,30,1,1,1,17:45,6,1,9
2023010435263,2023,010435263,1,1,1,1,42,7,3,0,0,0,0,0,3,2,E01032787,-1,0,0.0,1.0,-1,6,20,2,4,2,20:10,6,2,3
2023471332538,2023,471332538,2,1,1,1,48,8,2,0,0,0,0,0,9,6,E01021213,7,1,1.0,0.0,-1,3,40,1,4,1,22:10,1,2,9
2023501317527,2023,501317527,1,1,1,1,22,5,3,0,0,0,0,0,9,4,E01018968,3,1,0.0,1.0,-1,6,60,1,6,1,03:28,7,1,9
2023531266478,2023,531266478,1,1,1,1,59,9,2,0,0,0,0,0,9,7,E01022216,6,1,1.0,0.0,-1,6,30,1,1,2,10:00,6,2,9
2023010470110,2023,010470110,2,1,1,1,21,5,2,0,0,0,0,0,-1,9,E01003880,-1,0,1.0,0.0,-1,6,20,1,1,1,09:35,5,2,-1
2023340NN3712,2023,340NN3712,2,1,1,2,24,5,3,0,0,0,0,0,9,7,E01027129,-1,0,0.08418,0.91582,-1,3,60,2,1,2,17:15,4,2,9
2023411333687,2023,411333687,1,1,1,1,35,6,3,0,0,0,0,0,9,2,E01015705,3,1,0.0,1.0,-1,3,40,2,1,2,17:50,6,2,9
2023991331580,2023,991331580,1,2,2,2,41,7,3,0,0,1,0,0,9,-1,-1,3,1,0.0,1.0,-1,6,60,2,1,2,18:00,1,2,9
2023201304444,2023,201304444,1,1,3,2,57,9,3,5,9,0,0,2,0,6,E01009066,3,1,0.0,1.0,-1,6,30,2,1,2,17:17,2,1,9
2023010425220,2023,010425220,1,1,1,1,29,6,3,0,0,0,0,0,3,3,E01003588,-1,0,0.0,1.0,-1,6,30,1,4,1,21:01,6,2,3
2023544251123,2023,544251123,2,3,2,2,75,10,3,0,0,1,0,0,9,7,E01015490,-1,0,0.041,0.959,-1,6,40,1,1,2,13:31,1,2,9
2023031264390,2023,031264390,1,1,2,2,48,8,3,0,0,1,0,0,9,-1,-1,3,1,0.0,1.0,-1,6,30,8,1,4,09:55,3,4,9
2023061276603,2023,061276603,1,1,1,2,59,9,3,0,0,0,0,0,9,10,E01005410,3,1,0.0,1.0,-1,6,30,1,4,1,17:45,3,1,9
2023061355388,2023,061355388,2,1,1,1,36,7,3,0,0,0,0,0,9,2,E01004829,3,1,0.0,1.0,-1,7,70,5,1,2,14:00,3,2,9
2023552300542,2023,552300542,1,1,1,1,18,4,3,0,0,0,0,0,9,6,E01020586,-1,0,0.12191,0.87809,-1,6,60,1,6,1,23:30,7,1,9
2023351283880,2023,351283880,2,2,1,1,46,8,3,0,0,0,0,0,9,6,E01015636,3,1,0.0,1.0,-1,3,70,2,1,2,17:25,3,2,9
2023552301139,2023,552301139,1,2,1,1,52,8,2,0,0,0,0,0,9,6,E01015440,-1,0,1.0,0.0,-1,6,30,1,1,1,09:38,4,3,9
2023201356947,2023,201356947,1,2,3,2,21,5,2,1,1,0,0,0,0,5,E01008975,6,1,1.0,0.0,-1,6,30,1,1,1,08:51,5,2,9
2023320640572,2023,320640572,1,1,3,1,55,8,3,9,5,0,0,0,0,8,E01026269,-1,0,0.13083,0.86917,-1,6,30,1,6,1,21:34,7,1,19