collision_index,collision_year,collision_ref_no,vehicle_reference,casualty_reference,casualty_class,sex_of_casualty,age_of_casualty,age_band_of_casualty,casualty_severity,pedestrian_location,pedestrian_movement,car_passenger,bus_or_coach_passenger,pedestrian_road_maintenance_worker,casualty_type,casualty_imd_decile,lsoa_of_casualty,enhanced_casualty_severity,casualty_injury_based,casualty_adjusted_severity_serious,casualty_adjusted_severity_slight,casualty_distance_banding,road_type,speed_limit,weather_conditions,light_conditions,road_surface_conditions,time,day_of_week,number_of_vehicles,vehicle_type
2023010475860,2023,010475860,2,3,2,1,15,3,3,0,0,1,0,0,9,5,E01001473,-1,0,0.0,1.0,-1,6,30,1,1,2,12:05,7,3,9
2023440239298,2023,440239298,2,1,1,1,43,7,3,0,0,0,0,0,9,6,E01023143,-1,0,0.06196,0.93804,-1,6,40,1,1,1,16:00,6,2,9
2023440440556,2023,440440556,1,1,1,1,81,11,2,0,0,0,0,0,9,10,E01023265,-1,0,1.0,0.0,-1,3,60,1,4,2,18:13,6,2,9
2023991390166,2023,991390166,1,1,1,1,22,5,2,0,0,0,0,0,9,5,-1,6,1,1.0,0.0,-1,6,60,1,1,2,10:25,3,2,9
2023101350742,2023,101350742,1,5,2,1,15,3,2,0,0,0,0,0,19,2,E01008330,7,1,1.0,0.0,-1,3,50,1,1,1,09:19,6,2,19
2023131327894,2023,131327894,2,1,1,2,39,7,3,0,0,0,0,0,9,1,E01010731,3,1,0.0,1.0,-1,6,40,2,1,2,19:35,1,2,9
2023131348700,2023,131348700,2,2,1,2,19,4,2,0,0,0,0,0,9,8,E01011931,6,1,1.0,0.0,-1,3,30,2,1,2,13:10,2,2,9
2023211361575,2023,211361575,2,1,2,2,64,9,2,0,0,1,0,0,9,1,E01014229,6,1,1.0,0.0,-1,3,30,1,1,1,09:38,7,2,9
2023340NN3052,2023,340NN3052,1,1,1,1,23,5,3,0,0,0,0,0,9,7,E01027343,-1,0,0.04273,0.95727,-1,6,30,1,1,1,14:18,1,2,9
2023440017746,2023,440017746,2,3,2,2,58,9,3,0,0,1,0,0,9,9,E01023050,-1,0,0.08284,0.91716,-1,6,40,2,1,2,09:16,7,2,9
2023440146158,2023,440146158,1,1,1,2,69,10,3,0,0,0,0,0,9,10,E01016629,-1,0,0.11183,0.88817,-1,3,70,2,1,2,14:40,6,2,9
2023471384726,2023,471384726,2,3,2,2,-1,-1,3,0,0,1,0,0,9,3,E01001942,3,1,0.0,1.0,-1,6,60,2,1,2,13:10,7,2,9
2023122300755,2023,122300755,2,1,1,2,57,9,3,0,0,0,0,0,1,7,E01027821,-1,0,0.21406,0.78594,-1,6,60,1,1,1,15:30,7,2,1
2023141263780,2023,141263780,1,1,1,1,38,7,3,0,0,0,0,0,1,2,E01007654,3,1,0.0,1.0,-1,6,20,1,1,1,14:00,1,2,1
2023041276148,2023,041276148,1,3,2,2,8,2,3,0,0,2,0,0,9,7,E01025033,3,1,0.0,1.0,-1,6,40,1,1,1,10:35,3,2,9
2023122301102,2023,122301102,1,4,2,2,18,4,3,0,0,2,0,0,9,1,E01011918,-1,0,0.10055,0.89945,-1,6,60,1,1,1,17:15,6,1,9
2023141388411,2023,141388411,1,1,2,1,12,3,3,0,0,2,0,0,9,1,E01007373,3,1,0.0,1.0,-1,6,30,1,4,2,18:00,5,2,9
2023461382673,2023,461382673,1,1,1,1,21,5,3,0,0,0,0,0,-1,1,E01024278,3,1,0.0,1.0,-1,3,30,1,1,1,10:30,1,2,-1
2023070432969,2023,070432969,1,1,1,1,6,2,3,0,0,0,0,0,1,-1,-1,-1,0,0.10887,0.89113,-1,9,20,1,1,1,18:23,1,2,1
2023131317548,2023,131317548,2,1,1,1,17,4,3,0,0,0,0,0,4,3,E01010747,3,1,0.0,1.0,-1,6,30,1,1,1,17:45,7,2,4
2023131299617,2023,131299617,2,1,1,1,55,8,3,0,0,0,0,0,9,1,E01010659,3,1,0.0,1.0,-1,3,40,1,1,1,14:32,6,2,9
2023201337794,2023,201337794,1,1,3,2,12,3,3,6,9,0,0,0,0,3,E01008970,3,1,0.0,1.0,-1,6,30,1,1,1,15:05,5,1,9
2023221302644,2023,221302644,1,1,1,1,57,9,2,0,0,0,0,0,9,5,E01014060,6,1,1.0,0.0,-1,6,60,1,1,1,16:15,2,2,9
2023461376454,2023,461376454,1,2,2,2,81,11,2,0,0,1,0,0,9,5,E01024025,7,1,1.0,0.0,-1,6,60,2,1,2,10:50,2,2,9
2023552301313,2023,552301313,1,2,1,1,60,9,3,0,0,0,0,0,9,9,E01002935,-1,0,0.12125,0.87875,-1,6,60,1,6,1,17:16,6,1,9
2023010454205,2023,010454205,1,1,3,2,59,9,3,10,9,0,0,0,0,3,E01004709,-1,0,0.0,1.0,-1,6,20,1,4,1,21:25,1,2,9
2023101369443,2023,101369443,2,2,1,2,65,9,3,0,0,0,0,0,9,3,E01008185,3,1,0.0,1.0,-1,7,70,9,1,2,15:00,1,2,9
2023010421577,2023,010421577,1,1,1,1,49,8,3,0,0,0,0,0,9,4,E01001194,-1,0,0.0,1.0,-1,6,30,1,4,1,19:35,1,1,9
2023471335516,2023,471335516,2,1,2,2,60,9,3,0,0,1,0,0,9,1,E01016908,3,1,0.0,1.0,-1,6,30,1,1,1,17:10,1,2,9
2023501355715,2023,501355715,1,1,1,1,31,6,2,0,0,0,0,0,9,3,E01018907,6,1,1.0,0.0,-1,6,30,1,4,1,01:01,1,4,9
2023991266030,2023,991266030,2,2,1,1,31,6,3,0,0,0,0,0,9,10,-1,3,1,0.0,1.0,-1,6,40,8,4,4,07:45,6,2,9
2023010477249,2023,010477249,1,1,2,1,24,5,3,0,0,2,0,0,9,1,E01004309,-1,0,0.0,1.0,-1,6,20,1,4,1,19:50,6,2,9
2023052302982,2023,052302982,2,1,2,2,69,10,3,0,0,1,0,0,9,1,E01006571,-1,0,0.05998,0.94002,-1,6,30,1,4,1,11:15,5,2,9
2023451286053,2023,451286053,1,1,1,1,44,7,3,0,0,0,0,0,9,3,E01031548,3,1,0.0,1.0,-1,3,70,1,1,1,15:44,6,2,9
2023622300245,2023,622300245,1,1,1,1,53,8,2,0,0,0,0,0,9,4,W01001121,-1,0,1.0,0.0,-1,6,60,1,4,2,19:47,3,1,9
2023061296176,2023,061296176,1,1,3,1,6,2,3,5,1,0,0,0,0,1,E01006254,3,1,0.0,1.0,-1,6,20,1,1,2,08:15,5,1,9
2023131354456,2023,131354456,1,1,3,1,32,6,2,1,3,0,0,2,0,3,E01011014,7,1,1.0,0.0,-1,6,30,5,1,2,13:57,3,1,9
2023010448326,2023,010448326,2,2,2,1,9,2,3,0,0,2,0,0,9,9,E01002192,-1,0,0.0,1.0,-1,6,30,1,1,1,13:14,1,2,9
2023201305118,2023,201305118,1,1,1,1,36,7,2,0,0,0,0,0,9,4,E01009970,6,1,1.0,0.0,-1,6,30,1,6,1,02:49,5,1,9
2023201322772,2023,201322772,2,2,2,1,49,8,2,0,0,1,0,0,9,1,E01010374,7,1,1.0,0.0,-1,6,30,1,1,1,20:04,6,2,9
202363A017023,2023,63A017023,2,1,1,2,28,6,2,0,0,0,0,0,9,8,W01000649,-1,0,1.0,0.0,-1,6,60,1,5,1,21:01,2,2,9
2023010424703,2023,010424703,1,1,1,2,54,8,3,0,0,0,0,0,1,4,E01001336,-1,0,0.0,1.0,-1,1,20,1,1,1,09:15,4,2,1
2023010477785,2023,010477785,2,1,1,2,32,6,3,0,0,0,0,0,1,4,E01003914,-1,0,0.0,1.0,-1,1,20,1,4,2,17:00,2,2,1
2023451267059,2023,451267059,1,1,1,1,42,7,2,0,0,0,0,0,1,9,E01030813,6,1,1.0,0.0,-1,6,40,1,6,1,19:45,5,1,1
2023010451760,2023,010451760,1,1,1,1,25,5,3,0,0,0,0,0,3,4,E01003076,-1,0,0.0,1.0,-1,6,20,1,1,1,10:50,3,1,3
2023061388790,2023,061388790,1,1,1,1,73,10,2,0,0,0,0,0,9,4,E01004776,5,1,1.0,0.0,-1,6,40,1,1,1,16:10,6,3,9
2023451381107,2023,451381107,1,1,1,1,58,9,3,0,0,0,0,0,9,8,E01031812,3,1,0.0,1.0,-1,6,40,1,4,4,20:30,5,1,9
2023546674723,2023,546674723,1,1,1,1,33,6,3,0,0,0,0,0,9,4,E01032014,-1,0,0.1018,0.8982,-1,6,60,1,1,1,08:05,2,1,9
2023531375909,2023,531375909,2,1,1,1,18,4,2,0,0,0,0,0,3,2,E01022324,7,1,1.0,0.0,-1,6,30,2,4,2,22:00,6,2,3
2023010468709,2023,010468709,1,1,1,1,27,6,2,0,0,0,0,0,9,2,E01000014,-1,0,1.0,0.0,-1,6,30,1,4,1,03:40,5,3,9
2023061269502,2023,061269502,2,3,1,1,22,5,3,0,0,0,0,0,9,2,E01005471,3,1,0.0,1.0,-1,3,40,1,4,2,02:24,2,2,9
2023991297083,2023,991297083,2,3,2,1,29,6,3,0,0,1,0,0,9,-1,-1,3,1,0.0,1.0,-1,6,30,1,4,2,00:30,1,2,9
2023010455718,2023,010455718,1,1,1,1,33,6,3,0,0,0,0,0,3,6,E01001496,-1,0,0.0,1.0,-1,6,20,2,1,2,18:57,6,2,3
2023552301122,2023,552301122,1,1,1,1,23,5,3,0,0,0,0,0,4,7,E01020486,-1,0,0.23653,0.76347,-1,6,40,1,1,1,10:40,6,1,4
2023061362625,2023,061362625,3,2,1,2,30,6,2,0,0,0,0,0,9,5,E01005521,7,1,1.0,0.0,-1,6,30,1,1,2,13:57,6,4,9
2023131320912,2023,131320912,1,1,1,1,25,5,3,0,0,0,0,0,9,2,E01011370,3,1,0.0,1.0,-1,6,30,1,1,2,15:41,3,2,9
2023161262707,2023,161262707,2,2,1,1,65,9,3,0,0,0,0,0,9,3,E01012825,3,1,0.0,1.0,-1,3,40,2,4,2,17:19,5,2,9
2023361300452,2023,361300452,2,1,1,1,21,5,3,0,0,0,0,0,9,4,E01026651,3,1,0.0,1.0,-1,6,60,1,1,1,17:01,7,2,9
2023421310256,2023,421310256,1,1,2,1,39,7,3,0,0,1,0,0,9,1,E01022027,3,1,0.0,1.0,-1,1,70,1,1,1,19:33,2,2,9
2023010434237,2023,010434237,1,1,3,1,54,8,2,5,2,0,0,0,0,6,E01002602,-1,0,1.0,0.0,-1,6,20,1,4,1,20:13,7,1,8
2023361319203,2023,361319203,2,1,1,-1,-1,-1,3,0,0,0,0,0,1,-1,-1,3,1,0.0,1.0,-1,9,30,1,1,1,20:05,5,2,1
2023122300143,2023,122300143,1,1,1,1,55,8,3,0,0,0,0,0,3,6,E01027871,-1,0,0.22177,0.77823,-1,6,60,1,1,2,11:04,2,1,3
2023421328633,2023,421328633,2,1,2,1,7,2,3,0,0,2,0,0,9,1,E01016007,3,1,0.0,1.0,-1,6,50,1,1,1,09:00,4,3,9
2023991364868,2023,991364868,2,2,1,1,81,11,3,0,0,0,0,0,9,7,-1,3,1,0.0,1.0,-1,6,20,1,4,2,19:10,5,2,9
2023061290848,2023,061290848,2,1,1,1,18,4,3,0,0,0,0,0,23,-1,-1,3,1,0.0,1.0,-1,3,30,2,4,2,22:00,3,2,23
2023010462457,2023,010462457,1,1,1,2,34,6,3,0,0,0,0,0,9,-1,-1,-1,0,0.0,1.0,-1,3,30,1,1,1,16:45,6,2,9
2023010464377,2023,010464377,1,1,1,1,43,7,3,0,0,0,0,0,9,3,E01002235,-1,0,0.0,1.0,-1,2,20,1,1,1,12:30,4,2,9
2023501316550,2023,501316550,1,1,1,2,29,6,3,0,0,0,0,0,9,4,E01018994,3,1,0.0,1.0,-1,6,60,1,1,1,18:37,5,2,9
2023141376502,2023,141376502,2,1,1,2,34,6,3,0,0,0,0,0,9,2,E01007495,3,1,0.0,1.0,-1,6,30,1,5,1,06:45,2,4,9
2023520000655,2023,520000655,2,2,1,1,32,6,3,0,0,0,0,0,9,6,E01014923,-1,0,0.03435,0.96565,-1,6,50,1,1,1,14:47,6,2,9
2023211274450,2023,211274450,1,1,3,2,72,10,3,5,1,0,0,0,0,9,E01029518,3,1,0.0,1.0,-1,6,30,8,1,1,13:55,5,1,9
2023421390869,2023,421390869,1,1,3,1,-1,-1,3,1,3,0,0,0,0,1,E01015852,3,1,0.0,1.0,-1,6,40,1,1,1,15:46,2,1,9
2023501390814,2023,501390814,1,1,3,2,18,4,3,5,1,0,0,0,0,2,E01015170,3,1,0.0,1.0,-1,6,30,2,4,2,19:20,4,1,9
2023061345901,2023,061345901,2,1,2,2,28,6,3,0,0,2,0,0,9,1,E01005422,3,1,0.0,1.0,-1,6,40,1,1,1,14:40,7,3,9
2023070418622,2023,070418622,1,1,1,2,81,11,3,0,0,0,0,0,9,-1,-1,-1,0,0.09683,0.90317,-1,6,40,1,1,1,14:36,4,2,9
2023461273940,2023,461273940,2,1,2,2,24,5,3,0,0,1,0,0,9,10,E01024483,3,1,0.0,1.0,-1,6,60,1,1,1,15:35,5,2,9
2023461372734,2023,461372734,1,1,1,1,40,7,2,0,0,0,0,0,9,8,E01024158,6,1,1.0,0.0,-1,6,40,2,1,2,15:21,6,2,9
2023471356659,2023,471356659,2,1,1,2,58,9,2,0,0,0,0,0,9,10,E01031412,7,1,1.0,0.0,-1,6,30,1,1,1,13:52,3,3,9
2023501327510,2023,501327510,1,1,1,1,76,11,3,0,0,0,0,0,9,4,E01020288,3,1,0.0,1.0,-1,6,60,1,1,1,11:35,5,2,9
2023531302406,2023,531302406,1,2,1,2,18,4,3,0,0,0,0,0,9,9,E01031486,3,1,0.0,1.0,-1,6,50,1,4,1,01:15,3,1,9
2023991370817,2023,991370817,1,1,1,1,18,4,3,0,0,0,0,0,9,4,-1,3,1,0.0,1.0,-1,6,60,8,1,2,14:30,7,1,9
2023461299184,2023,461299184,1,1,1,1,13,3,3,0,0,0,0,0,-1,2,E01024664,3,1,0.0,1.0,-1,1,30,1,1,1,08:29,2,2,-1
2023302301856,2023,302301856,1,1,3,2,65,9,2,6,9,0,0,0,0,9,E01019486,-1,0,1.0,0.0,-1,6,30,8,4,2,16:55,6,1,9
2023041276771,2023,041276771,2,1,1,1,60,9,3,0,0,0,0,0,9,1,E01024893,3,1,0.0,1.0,-1,6,20,1,1,1,16:40,4,2,9
2023122300924,2023,122300924,2,2,2,1,53,8,3,0,0,2,0,0,9,1,E01010702,-1,0,0.04079,0.95921,-1,6,30,1,1,1,16:15,1,2,9
2023451334115,2023,451334115,2,1,1,1,63,9,3,0,0,0,0,0,9,9,E01030976,3,1,0.0,1.0,-1,6,50,1,1,1,14:30,5,2,9
2023122301279,2023,122301279,2,4,2,2,21,5,2,0,0,2,0,0,8,1,E01033468,-1,0,1.0,0.0,-1,6,40,1,1,1,08:33,3,2,8
2023201318401,2023,201318401,1,1,2,1,36,7,2,0,0,1,0,0,9,2,E01009088,7,1,1.0,0.0,-1,6,30,1,4,1,22:54,5,2,9
2023421291009,2023,421291009,2,1,1,2,30,6,3,0,0,0,0,0,9,-1,-1,3,1,0.0,1.0,-1,6,40,2,6,2,22:43,4,2,9
2023451292596,2023,451292596,2,1,2,1,10,2,3,0,0,1,0,0,9,6,E01001656,3,1,0.0,1.0,-1,1,60,2,1,2,17:33,6,2,9
2023501310188,2023,501310188,1,1,2,2,12,3,3,0,0,2,0,0,9,8,E01030877,3,1,0.0,1.0,-1,6,50,1,1,1,15:10,2,3,9
2023131376124,2023,131376124,1,1,3,2,62,9,3,10,7,0,0,2,0,10,E01011380,3,1,0.0,1.0,-1,9,20,2,1,2,11:15,5,1,9
2023131378923,2023,131378923,1,1,3,1,79,11,3,10,7,0,0,1,0,5,E01011275,3,1,0.0,1.0,-1,7,20,1,1,1,12:55,7,1,9
2023520400693,2023,520400693,1,1,3,2,-1,-1,3,5,1,0,0,0,0,-1,-1,-1,0,0.03284,0.96716,-1,6,30,1,1,1,15:15,6,1,9
2023101328037,2023,101328037,2,1,1,1,61,9,3,0,0,0,0,0,5,5,E01008835,3,1,0.0,1.0,-1,6,60,1,1,1,13:40,2,2,5
2023010469183,2023,010469183,1,1,2,2,39,7,3,0,0,1,0,0,9,6,E01015863,-1,0,0.0,1.0,-1,3,40,1,1,1,14:40,7,2,9
2023141373103,2023,141373103,1,1,1,1,51,8,3,0,0,0,0,0,9,-1,-1,3,1,0.0,1.0,-1,6,30,1,1,1,15:35,6,2,9
2023421388541,2023,421388541,2,1,1,2,21,5,3,0,0,0,0,0,9,-1,-1,3,1,0.0,1.0,-1,3,60,1,6,2,07:30,5,2,9
2023010453088,2023,010453088,1,1,1,1,37,7,3,0,0,0,0,0,19,8,E01030698,-1,0,0.0,1.0,-1,6,30,1,1,1,08:20,3,2,19
2023010444914,2023,010444914,1,1,3,2,8,2,3,4,3,0,0,0,0,5,E01003415,-1,0,0.0,1.0,-1,6,30,1,1,1,19:30,4,1,9
2023451263933,2023,451263933,2,1,1,2,58,9,3,0,0,0,0,0,1,6,E01030995,3,1,0.0,1.0,-1,1,30,1,1,2,08:45,1,2,1
2023440506690,2023,440506690,1,1,1,1,24,5,3,0,0,0,0,0,3,3,E01032738,-1,0,0.24023,0.75977,-1,6,30,2,1,2,12:10,3,3,3
2023010425846,2023,010425846,1,1,1,1,57,9,3,0,0,0,0,0,9,5,E01001611,-1,0,0.0,1.0,-1,6,20,1,1,1,09:15,3,2,9
2023041329155,2023,041329155,2,2,1,1,21,5,3,0,0,0,0,0,9,2,E01025285,3,1,0.0,1.0,-1,6,30,1,1,1,16:40,5,2,9
2023170S21243,2023,170S21243,2,2,1,1,51,8,2,0,0,0,0,0,9,9,E01012228,-1,0,1.0,0.0,-1,6,40,1,1,1,15:51,1,2,9
2023461281087,2023,461281087,3,2,2,2,57,9,3,0,0,1,0,0,9,5,E01024588,3,1,0.0,1.0,-1,6,30,1,1,1,06:57,2,4,9
2023991378271,2023,991378271,2,1,1,1,18,4,2,0,0,0,0,0,17,4,-1,6,1,1.0,0.0,-1,6,60,1,1,1,08:00,5,2,17
2023010420203,2023,010420203,1,1,1,1,52,8,3,0,0,0,0,0,9,3,E01003686,-1,0,0.0,1.0,-1,1,30,1,4,1,22:49,7,2,9
2023131299390,2023,131299390,1,1,3,2,35,6,3,9,9,0,0,2,0,-1,-1,3,1,0.0,1.0,-1,6,30,1,1,1,14:30,5,1,9
2023010432584,2023,010432584,1,3,2,1,19,4,3,0,0,1,0,0,9,1,E01002038,-1,0,0.0,1.0,-1,6,20,1,4,1,19:00,5,4,9
2023461394133,2023,461394133,2,1,1,2,35,6,3,0,0,0,0,0,9,3,E01024497,3,1,0.0,1.0,-1,6,60,1,1,2,13:44,6,2,9
2023421279923,2023,421279923,2,1,2,1,30,6,3,0,0,0,0,0,19,7,E01016078,3,1,0.0,1.0,-1,6,60,1,6,1,01:20,6,2,19
2023430391449,2023,430391449,2,1,1,2,37,7,3,0,0,0,0,0,19,9,E01017821,-1,0,0.04752,0.95248,-1,6,40,2,1,2,10:07,6,2,19
2023549580923,2023,549580923,2,1,1,1,56,9,3,0,0,0,0,0,9,5,W01000761,-1,0,0.01978,0.98022,-1,3,70,9,7,1,02:00,7,2,9
2023361266106,2023,361266106,1,1,3,1,24,5,2,1,9,0,0,0,0,1,E01026867,7,1,1.0,0.0,-1,6,20,1,1,4,12:22,3,1,9
2023401313258,2023,401313258,2,1,1,2,40,7,2,0,0,0,0,0,2,9,E01033193,6,1,1.0,0.0,-1,6,30,1,1,2,16:56,3,2,2
2023041329956,2023,041329956,2,3,2,2,53,8,3,0,0,1,0,0,9,7,E01025109,3,1,0.0,1.0,-1,6,60,4,1,1,17:38,1,2,9
2023070793847,2023,070793847,2,2,2,2,50,8,3,0,0,1,0,0,9,10,E01018411,-1,0,0.03791,0.96209,-1,3,70,1,1,1,11:20,5,2,9
2023131283260,2023,131283260,2,2,1,1,52,8,3,0,0,0,0,0,9,5,E01011063,3,1,0.0,1.0,-1,6,40,1,1,1,09:43,1,3,9
2023340WN3292,2023,340WN3292,1,1,1,1,33,6,2,0,0,0,0,0,9,2,E01027156,-1,0,1.0,0.0,-1,6,30,1,4,1,00:30,2,3,9
2023421380277,2023,421380277,1,2,1,1,62,9,3,0,0,0,0,0,9,9,E01022099,3,1,0.0,1.0,-1,6,60,1,1,4,08:05,4,2,9
2023201388389,2023,201388389,1,1,2,2,26,6,3,0,0,-1,0,0,9,2,E01010048,3,1,0.0,1.0,-1,6,30,1,1,1,07:55,6,2,9
2023221379358,2023,221379358,2,3,2,2,53,8,3,0,0,1,0,0,9,8,E01032171,3,1,0.0,1.0,-1,7,70,1,1,1,14:30,7,2,9
202363B018223,2023,63B018223,1,1,1,1,47,8,3,0,0,0,0,0,9,6,W01000541,-1,0,0.16844,0.83156,-1,6,60,2,1,2,17:20,2,3,9
202360A110048,2023,60A110048,1,1,3,2,38,7,3,6,8,0,0,0,0,-1,-1,-1,0,0.05473,0.94527,-1,6,30,1,1,1,08:54,5,1,11
2023201413732,2023,201413732,1,1,1,-1,17,4,3,0,0,0,0,0,1,3,E01009239,3,1,0.0,1.0,-1,3,30,2,1,2,14:34,6,2,1
2023061323754,2023,061323754,2,1,1,1,51,8,2,0,0,0,0,0,4,3,E01005480,7,1,1.0,0.0,-1,6,30,1,1,1,21:11,2,2,4
2023201291946,2023,201291946,2,1,1,1,25,5,3,0,0,0,0,0,9,2,E01009934,3,1,0.0,1.0,-1,6,30,1,1,1,15:32,3,2,9
2023411366399,2023,411366399,3,1,1,2,41,7,2,0,0,0,0,0,9,5,E01023542,7,1,1.0,0.0,-1,6,60,2,4,2,20:54,7,3,9
2023101384706,2023,101384706,1,1,3,1,47,8,3,5,9,0,0,0,0,1,E01008212,3,1,0.0,1.0,-1,6,20,2,4,2,22:00,5,1,9
2023451338320,2023,451338320,1,2,3,1,83,11,3,4,1,0,0,2,0,10,E01022705,3,1,0.0,1.0,-1,2,30,1,1,1,14:25,6,1,19
2023440508904,2023,440508904,2,1,1,1,46,8,3,0,0,0,0,0,1,-1,-1,-1,0,0.20196,0.79804,-1,3,40,1,4,2,17:03,4,2,1
2023501294854,2023,501294854,2,2,1,1,79,11,3,0,0,0,0,0,9,7,E01018879,3,1,0.0,1.0,-1,6,20,1,1,1,18:20,7,3,9
2023052300113,2023,052300113,1,1,3,1,88,11,3,5,9,0,0,0,0,1,E01006518,-1,0,0.20248,0.79752,-1,6,30,1,1,1,15:40,5,1,9
2023552300393,2023,552300393,2,1,1,1,52,8,3,0,0,0,0,0,1,3,E01015292,-1,0,0.05278,0.94722,-1,1,30,1,1,1,14:08,2,2,1
2023010423901,2023,010423901,1,1,1,1,40,7,3,0,0,0,0,0,9,8,E01002322,-1,0,0.0,1.0,-1,6,30,1,4,1,20:45,6,2,9
2023430243340,2023,430243340,2,1,1,1,25,5,3,0,0,0,0,0,1,-1,-1,-1,0,0.11329,0.88671,-1,6,30,1,1,1,09:20,7,2,1
2023010421384,2023,010421384,1,1,1,1,41,7,3,0,0,0,0,0,5,3,E01003609,-1,0,0.0,1.0,-1,6,20,1,4,1,18:40,6,2,5
2023131361797,2023,131361797,1,2,2,2,71,10,3,0,0,1,0,0,9,1,E01010721,3,1,0.0,1.0,-1,6,20,1,1,1,16:28,4,2,9
2023141353793,2023,141353793,2,2,1,1,17,4,3,0,0,0,0,0,9,1,E01007716,3,1,0.0,1.0,-1,6,40,2,4,1,05:20,3,2,9
2023311351471,2023,311351471,2,1,1,1,37,7,3,0,0,0,0,0,9,6,E01013894,3,1,0.0,1.0,-1,6,30,1,1,1,18:00,5,2,9
2023332300815,2023,332300815,1,3,2,2,4,1,1,0,0,2,0,0,9,2,E01010341,-1,0,0.0,0.0,-1,6,40,1,1,1,16:24,6,2,9
2023361329611,2023,361329611,1,1,1,2,48,8,3,0,0,0,0,0,9,-1,-1,3,1,0.0,1.0,-1,6,60,1,1,1,19:49,6,1,9
2023361375734,2023,361375734,2,2,1,1,54,8,3,0,0,0,0,0,9,8,E01033538,3,1,0.0,1.0,-1,6,30,1,1,1,12:26,4,2,9
2023520300808,2023,520300808,2,1,3,1,-1,-1,3,10,9,0,0,0,0,-1,-1,-1,0,0.01464,0.98536,-1,6,30,1,1,1,11:15,3,2,8
2023010439610,2023,010439610,1,1,1,1,27,6,3,0,0,0,0,0,1,9,E01004640,-1,0,0.0,1.0,-1,6,30,4,1,1,13:45,2,2,1
2023101293594,2023,101293594,1,1,1,1,39,7,3,0,0,0,0,0,9,1,E01027451,3,1,0.0,1.0,-1,6,60,4,1,2,10:25,7,1,9
2023201313765,2023,201313765,3,2,1,1,28,6,3,0,0,0,0,0,9,2,E01010559,3,1,0.0,1.0,-1,3,30,2,1,2,11:18,5,3,9
2023411343194,2023,411343194,2,1,1,1,49,8,3,0,0,0,0,0,9,5,W01001710,3,1,0.0,1.0,-1,3,70,2,1,2,20:31,1,2,9
2023501382888,2023,501382888,1,1,1,2,48,8,3,0,0,0,0,0,9,4,E01020065,3,1,0.0,1.0,-1,6,60,8,1,4,08:47,6,1,9
2023361333590,2023,361333590,2,2,1,1,40,7,3,0,0,0,0,0,9,-1,-1,3,1,0.0,1.0,-1,6,40,1,1,2,10:05,2,5,9
2023411374848,2023,411374848,2,2,2,2,60,9,3,0,0,1,0,0,9,5,E01030663,3,1,0.0,1.0,-1,6,40,1,1,1,14:23,4,3,9
2023501329900,2023,501329900,1,1,1,1,80,11,3,0,0,0,0,0,9,4,E01020041,3,1,0.0,1.0,-1,6,30,1,1,2,16:00,7,1,9
202363B018223,2023,63B018223,2,3,2,2,20,4,3,0,0,1,0,0,9,6,W01000524,-1,0,0.09371,0.90629,-1,6,60,2,1,2,17:20,2,3,9
2023010425927,2023,010425927,1,1,1,2,41,7,3,0,0,0,0,0,1,3,E01004734,-1,0,0.0,1.0,-1,9,20,1,4,1,17:15,3,1,1
2023010447402,2023,010447402,1,1,1,1,28,6,3,0,0,0,0,0,3,4,E01000995,-1,0,0.0,1.0,-1,2,30,1,1,1,16:43,3,2,3
2023010428027,2023,010428027,1,1,1,1,42,7,3,0,0,0,0,0,9,3,E01001752,-1,0,0.0,1.0,-1,6,30,1,1,1,12:38,1,7,9
2023161298047,2023,161298047,1,1,1,2,66,10,3,0,0,0,0,0,9,8,E01007427,3,1,0.0,1.0,-1,6,60,2,1,2,13:29,2,1,9
2023421353525,2023,421353525,1,1,1,1,83,11,3,0,0,0,0,0,9,3,E01021594,3,1,0.0,1.0,-1,1,60,1,1,1,09:00,2,2,9
2023161378199,2023,161378199,2,1,1,1,34,6,3,0,0,0,0,0,1,1,E01012874,3,1,0.0,1.0,-1,6,30,1,1,1,14:00,5,2,1
2023122301298,2023,122301298,2,2,2,2,12,3,3,0,0,1,0,0,9,6,E01027842,-1,0,0.02829,0.97171,-1,6,30,1,4,2,19:10,2,2,9
2023131281986,2023,131281986,2,2,2,2,18,4,3,0,0,1,0,0,9,1,E01011432,3,1,0.0,1.0,-1,3,30,2,1,2,15:55,4,2,9
2023520300876,2023,520300876,1,3,2,1,18,4,3,0,0,2,0,0,9,5,E01029200,-1,0,0.10443,0.89557,-1,6,50,1,6,1,00:09,6,1,9
2023131329173,2023,131329173,2,1,1,1,33,6,2,0,0,0,0,0,90,1,E01010743,7,1,1.0,0.0,-1,6,30,1,1,1,17:45,5,2,90
2023061293858,2023,061293858,2,1,1,-1,29,6,3,0,0,0,0,0,97,5,E01005444,3,1,0.0,1.0,-1,6,30,1,4,2,19:30,5,2,97
2023451365683,2023,451365683,1,1,3,1,17,4,2,6,8,0,0,0,0,10,E01030937,7,1,1.0,0.0,-1,9,40,1,1,1,09:15,4,1,19
2023161356135,2023,161356135,2,1,1,1,34,6,2,0,0,0,0,0,1,6,E01012959,7,1,1.0,0.0,-1,3,30,1,1,1,11:33,6,2,1
2023401347199,2023,401347199,2,2,1,1,42,7,3,0,0,0,0,0,9,7,E01015695,3,1,0.0,1.0,-1,6,30,1,1,1,19:19,4,4,9