collision_index,collision_year,collision_ref_no,vehicle_reference,casualty_reference,casualty_class,sex_of_casualty,age_of_casualty,age_band_of_casualty,casualty_severity,pedestrian_location,pedestrian_movement,car_passenger,bus_or_coach_passenger,pedestrian_road_maintenance_worker,casualty_type,casualty_imd_decile,lsoa_of_casualty,enhanced_casualty_severity,casualty_injury_based,casualty_adjusted_severity_serious,casualty_adjusted_severity_slight,casualty_distance_banding,road_type,speed_limit,weather_conditions,light_conditions,road_surface_conditions,time,day_of_week,number_of_vehicles,vehicle_type
2023361306933,2023,361306933,1,1,3,1,15,3,1,1,1,0,0,2,0,2,E01026477,1,1,0.0,0.0,-1,6,30,1,1,1,11:44,7,1,9
2023451380012,2023,451380012,2,2,1,2,40,7,3,0,0,0,0,0,9,7,E01032728,3,1,0.0,1.0,-1,3,40,1,1,1,11:13,3,2,9
2023122301181,2023,122301181,1,1,1,1,17,4,2,0,0,0,0,0,3,9,E01013407,-1,0,1.0,0.0,-1,6,60,2,1,2,07:22,6,1,3
2023531303125,2023,531303125,1,1,1,1,38,7,3,0,0,0,0,0,3,10,E01022386,3,1,0.0,1.0,-1,6,20,1,1,1,19:45,3,2,3
2023332300492,2023,332300492,2,1,1,1,35,6,3,0,0,0,0,0,5,5,E01026162,-1,0,0.07461,0.92539,-1,6,30,1,1,1,17:52,7,2,5
2023201372525,2023,201372525,1,4,2,2,28,6,3,0,0,2,0,0,9,4,E01009218,3,1,0.0,1.0,-1,6,30,1,1,2,15:21,7,2,9
2023211265706,2023,211265706,1,1,1,1,47,8,3,0,0,0,0,0,9,2,E01014340,3,1,0.0,1.0,-1,6,30,1,1,4,17:30,5,2,9
2023041360005,2023,041360005,1,1,2,2,35,6,2,0,0,1,0,0,9,2,E01024910,7,1,1.0,0.0,-1,3,70,2,6,2,05:24,6,1,9
2023421360716,2023,421360716,2,1,1,2,37,7,3,0,0,0,0,0,9,6,E01021502,3,1,0.0,1.0,-1,6,30,1,1,1,13:03,1,3,9
2023461385112,2023,461385112,3,1,1,1,51,8,2,0,0,0,0,0,9,8,E01024063,6,1,1.0,0.0,-1,3,70,4,6,1,23:55,7,3,9
2023052300540,2023,052300540,1,1,3,2,13,3,2,5,3,0,0,0,0,-1,-1,-1,0,1.0,0.0,-1,6,30,1,1,1,12:48,1,1,8
2023361387398,2023,361387398,1,1,3,1,7,2,2,5,4,0,0,0,0,2,E01026477,7,1,1.0,0.0,-1,6,20,1,5,2,17:29,3,1,9
2023361314541,2023,361314541,2,2,1,1,68,10,3,0,0,0,0,0,9,-1,-1,3,1,0.0,1.0,-1,6,60,1,1,1,15:59,7,2,9
2023411298395,2023,411298395,2,2,2,2,34,6,3,0,0,1,0,0,9,3,E01000052,3,1,0.0,1.0,-1,3,70,1,7,-1,05:30,1,2,9
2023440511994,2023,440511994,1,1,1,1,44,7,3,0,0,0,0,0,9,5,E01023201,-1,0,0.10014,0.89986,-1,6,60,1,1,2,14:10,6,2,9
2023361300874,2023,361300874,1,3,1,2,37,7,3,0,0,0,0,0,9,1,E01026595,3,1,0.0,1.0,-1,6,20,1,1,2,08:50,2,3,9
2023440332192,2023,440332192,1,2,2,2,83,11,3,0,0,1,0,0,9,4,E01017258,-1,0,0.07637,0.92363,-1,6,30,1,1,1,09:30,5,2,9
2023461377406,2023,461377406,1,2,2,2,29,6,2,0,0,1,0,0,9,6,E01024245,7,1,1.0,0.0,-1,6,30,2,1,2,11:05,4,2,9
2023520300884,2023,520300884,1,1,1,1,27,6,3,0,0,0,0,0,9,5,E01029059,-1,0,0.04227,0.95773,-1,6,60,1,1,1,12:42,6,2,9
2023451319129,2023,451319129,1,1,1,1,35,6,3,0,0,0,0,0,1,10,E01004117,3,1,0.0,1.0,-1,6,30,1,1,1,08:00,5,2,1
2023010441736,2023,010441736,4,1,1,1,36,7,3,0,0,0,0,0,9,-1,-1,-1,0,0.0,1.0,-1,6,30,1,4,1,02:33,2,4,9
2023041319959,2023,041319959,2,3,2,2,2,1,2,0,0,2,0,0,9,2,E01012580,7,1,1.0,0.0,-1,6,30,1,1,1,12:10,6,2,9
2023302300414,2023,302300414,1,1,1,1,24,5,1,0,0,0,0,0,9,-1,-1,-1,0,0.0,0.0,-1,6,40,1,6,4,04:25,7,1,9
2023471282187,2023,471282187,1,2,1,1,30,6,3,0,0,0,0,0,9,7,E01031421,3,1,0.0,1.0,-1,6,30,1,1,2,07:27,5,2,9
2023122301052,2023,122301052,2,1,1,1,15,3,3,0,0,0,0,0,1,10,E01027717,-1,0,0.09834,0.90166,-1,6,30,1,1,1,14:10,4,2,1
2023471369841,2023,471369841,2,2,2,1,-1,-1,3,0,0,1,0,0,9,-1,-1,3,1,0.0,1.0,-1,6,30,2,4,2,21:20,3,2,9
2023421371775,2023,421371775,2,1,1,1,44,7,3,0,0,0,0,0,3,3,E01001436,3,1,0.0,1.0,-1,6,30,1,7,1,18:30,3,2,3
2023131314514,2023,131314514,2,1,3,2,30,6,2,9,5,0,0,2,0,2,E01010778,7,1,1.0,0.0,-1,6,30,1,1,1,19:20,6,2,9
2023010432765,2023,010432765,1,1,1,1,33,6,3,0,0,0,0,0,19,5,E01031594,-1,0,0.0,1.0,-1,6,40,1,1,1,17:00,6,2,19
2023101272115,2023,101272115,1,1,3,1,11,3,3,1,3,0,0,0,0,2,E01008301,3,1,0.0,1.0,-1,6,20,1,1,1,08:53,6,1,9
2023451335521,2023,451335521,2,1,1,1,32,6,2,0,0,0,0,0,3,10,E01030762,6,1,1.0,0.0,-1,6,30,2,1,2,14:30,1,2,3
2023501302131,2023,501302131,1,1,1,1,22,5,1,0,0,0,0,0,5,8,E01018811,1,1,0.0,0.0,-1,6,40,1,1,1,18:43,6,1,5
2023461320553,2023,461320553,2,1,1,2,-1,-1,3,0,0,0,0,0,9,10,E01016026,3,1,0.0,1.0,-1,3,50,1,1,1,16:35,7,2,9
2023471325503,2023,471325503,2,2,1,2,31,6,3,0,0,0,0,0,9,-1,-1,3,1,0.0,1.0,-1,6,60,1,1,1,18:05,2,2,9
2023010474024,2023,010474024,1,2,2,2,24,5,3,0,0,0,4,0,11,-1,-1,-1,0,0.0,1.0,-1,3,30,1,4,1,19:20,4,1,11
2023131270422,2023,131270422,1,1,3,2,14,3,3,5,3,0,0,1,0,8,E01011405,3,1,0.0,1.0,-1,6,20,4,1,1,07:55,3,1,9
2023010472347,2023,010472347,1,1,1,1,38,7,2,0,0,0,0,0,3,3,E01003537,-1,0,1.0,0.0,-1,3,50,1,1,1,17:40,2,3,3
2023010452504,2023,010452504,1,1,1,1,23,5,3,0,0,0,0,0,9,3,E01021806,-1,0,0.0,1.0,-1,2,30,1,4,1,02:36,7,3,9
2023010487537,2023,010487537,1,1,1,1,28,6,3,0,0,0,0,0,9,7,E01002199,-1,0,0.0,1.0,-1,9,20,9,1,9,10:00,7,2,9
2023340NN2622,2023,340NN2622,2,1,1,2,58,9,3,0,0,0,0,0,9,7,E01027338,-1,0,0.066,0.934,-1,6,30,2,1,2,14:04,5,2,9
2023411368827,2023,411368827,2,1,1,2,36,7,3,0,0,0,0,0,9,4,E01023547,3,1,0.0,1.0,-1,6,20,1,1,1,03:50,2,2,9
2023421345614,2023,421345614,1,1,1,1,32,6,2,0,0,0,0,0,9,-1,-1,5,1,1.0,0.0,-1,6,60,1,1,1,18:35,6,2,9
2023440076302,2023,440076302,2,1,1,1,45,7,3,0,0,0,0,0,20,5,E01017209,-1,0,0.01595,0.98405,-1,6,50,1,1,1,16:25,5,2,20
2023401354895,2023,401354895,1,2,2,2,28,6,2,0,0,1,0,0,9,2,E01028234,6,1,1.0,0.0,-1,3,70,1,1,2,14:20,1,2,9
202360A043535,2023,60A043535,2,2,2,1,12,3,3,0,0,1,0,0,9,-1,-1,-1,0,0.03089,0.96911,-1,3,70,1,1,1,13:37,1,3,9
2023622300823,2023,622300823,1,1,1,1,51,8,3,0,0,0,0,0,9,9,W01001113,-1,0,0.01815,0.98185,-1,6,50,2,1,2,19:16,4,2,9
2023010444600,2023,010444600,1,1,1,1,36,7,3,0,0,0,0,0,9,4,E01002369,-1,0,0.0,1.0,-1,6,30,9,7,1,05:10,3,2,9
2023141360631,2023,141360631,1,1,1,1,30,6,3,0,0,0,0,0,9,-1,-1,3,1,0.0,1.0,-1,6,30,1,4,1,01:06,1,2,9
2023421264626,2023,421264626,2,1,2,2,39,7,3,0,0,1,0,0,9,9,E01022063,3,1,0.0,1.0,-1,6,40,8,4,4,21:47,3,2,9
2023471381329,2023,471381329,2,1,1,2,24,5,3,0,0,0,0,0,9,-1,-1,3,1,0.0,1.0,-1,6,60,2,6,2,16:28,2,2,9
2023010430622,2023,010430622,1,1,1,1,23,5,3,0,0,0,0,0,3,5,E01004225,-1,0,0.0,1.0,-1,6,30,9,7,9,18:01,7,2,3
2023010450109,2023,010450109,1,1,1,1,37,7,3,0,0,0,0,0,3,2,E01000015,-1,0,0.0,1.0,-1,6,30,1,1,1,15:20,2,2,3
2023540501823,2023,540501823,2,2,1,2,18,4,3,0,0,0,0,0,9,10,E01032700,-1,0,0.05082,0.94918,-1,6,40,1,4,1,19:22,1,4,9
2023411309265,2023,411309265,1,1,1,1,26,6,3,0,0,0,0,0,19,5,E01016472,3,1,0.0,1.0,-1,1,30,1,1,1,16:00,5,2,19
2023131381480,2023,131381480,2,2,2,1,58,9,3,0,0,1,0,0,9,1,E01020777,3,1,0.0,1.0,-1,9,70,7,6,2,16:17,6,3,9
2023531316098,2023,531316098,2,3,2,2,14,3,3,0,0,2,0,0,9,3,E01022256,3,1,0.0,1.0,-1,6,40,1,1,1,18:46,4,2,9
2023552300213,2023,552300213,1,1,2,2,17,4,3,0,0,2,0,0,9,6,E01020490,-1,0,0.10465,0.89535,-1,6,60,1,1,1,14:27,4,1,9
2023010474831,2023,010474831,1,1,1,1,20,4,1,0,0,0,0,0,5,-1,-1,-1,0,0.0,0.0,-1,6,30,1,1,2,06:44,2,2,5
2023010422824,2023,010422824,1,1,1,1,25,5,3,0,0,0,0,0,9,2,E01001361,-1,0,0.0,1.0,-1,6,20,1,4,1,01:03,1,2,9
2023320547821,2023,320547821,3,4,1,1,62,9,2,0,0,0,0,0,9,-1,-1,-1,0,1.0,0.0,-1,6,60,1,1,1,16:30,1,4,9
2023501357972,2023,501357972,1,1,1,1,59,9,3,0,0,0,0,0,9,1,E01019033,3,1,0.0,1.0,-1,6,40,1,6,1,00:17,4,1,9
2023522300732,2023,522300732,3,3,1,1,27,6,3,0,0,0,0,0,9,1,E01014596,-1,0,0.04091,0.95909,-1,6,40,1,1,2,16:27,5,4,9
2023547126923,2023,547126923,2,1,1,1,33,6,3,0,0,0,0,0,19,10,E01031969,-1,0,0.00924,0.99076,-1,1,30,1,1,1,14:15,6,2,19
2023010478523,2023,010478523,1,1,1,1,34,6,3,0,0,0,0,0,9,4,E01003690,-1,0,0.0,1.0,-1,3,40,1,1,2,07:27,6,2,9
2023201377790,2023,201377790,2,1,2,2,-1,-1,3,0,0,1,0,0,9,-1,-1,3,1,0.0,1.0,-1,1,30,1,1,1,14:00,4,2,9
2023320631366,2023,320631366,1,2,1,1,17,4,3,0,0,0,0,0,9,8,E01013185,-1,0,0.06987,0.93013,-1,6,30,1,6,1,21:00,3,1,9
2023461380477,2023,461380477,2,2,1,1,47,8,3,0,0,0,0,0,9,8,E01024434,3,1,0.0,1.0,-1,6,60,1,1,2,11:18,6,2,9
202363D013223,2023,63D013223,1,2,1,1,35,6,3,0,0,0,0,0,9,8,W01000450,-1,0,0.13303,0.86697,-1,6,60,1,1,2,09:10,3,1,9
2023010435150,2023,010435150,2,1,1,1,24,5,3,0,0,0,0,0,1,3,E01001141,-1,0,0.0,1.0,-1,6,20,2,1,2,10:32,6,2,1
2023340WN1572,2023,340WN1572,1,1,3,1,24,5,3,8,3,0,0,0,0,3,E01027238,-1,0,0.1315,0.8685,-1,3,30,1,1,1,14:10,6,1,20
2023501303014,2023,501303014,2,1,1,1,18,4,3,0,0,0,0,0,3,1,E01015058,3,1,0.0,1.0,-1,6,30,2,1,2,16:00,2,2,3
2023010470560,2023,010470560,1,1,1,1,27,6,3,0,0,0,0,0,4,3,E01001489,-1,0,0.0,1.0,-1,6,20,1,1,1,13:30,3,2,4
2023010439168,2023,010439168,1,1,1,2,29,6,3,0,0,0,0,0,9,3,E01000381,-1,0,0.0,1.0,-1,6,20,1,4,1,20:30,7,2,9
2023161289993,2023,161289993,2,2,1,1,40,7,3,0,0,0,0,0,9,10,E01013067,3,1,0.0,1.0,-1,3,40,1,1,1,09:20,5,2,9
2023231346740,2023,231346740,2,1,1,1,53,8,3,0,0,0,0,0,9,5,E01031274,3,1,0.0,1.0,-1,6,30,8,4,2,21:30,6,2,9
2023041313012,2023,041313012,1,1,3,2,71,10,3,6,9,0,0,0,0,1,E01025583,3,1,0.0,1.0,-1,6,20,1,1,1,12:30,4,1,9
2023471304139,2023,471304139,1,1,1,2,40,7,3,0,0,0,0,0,9,3,E01031752,3,1,0.0,1.0,-1,6,30,1,1,1,15:14,5,1,9
2023622300216,2023,622300216,3,3,1,2,68,10,3,0,0,0,0,0,9,1,W01001002,-1,0,0.01281,0.98719,-1,6,20,1,1,1,12:31,7,4,9
2023610047423,2023,610047423,1,1,3,1,40,7,2,8,8,0,0,0,0,1,W01001661,-1,0,1.0,0.0,-1,6,20,2,4,2,18:50,5,1,9
2023131266329,2023,131266329,1,1,1,1,35,6,3,0,0,0,0,0,9,3,E01007465,3,1,0.0,1.0,-1,6,20,8,1,4,12:47,7,3,9
2023361361177,2023,361361177,1,3,2,1,21,5,3,0,0,1,0,0,9,7,E01007400,3,1,0.0,1.0,-1,6,60,1,1,1,13:19,2,2,9
2023010469224,2023,010469224,2,1,2,1,38,7,3,0,0,0,0,0,20,4,E01000418,-1,0,0.0,1.0,-1,3,20,1,1,1,15:45,7,2,20
2023201390419,2023,201390419,2,1,2,1,55,8,3,0,0,-1,0,0,9,1,E01010273,3,1,0.0,1.0,-1,6,30,1,1,1,14:15,3,2,9
2023471264197,2023,471264197,1,1,1,2,23,5,2,0,0,0,0,0,9,10,E01021158,7,1,1.0,0.0,-1,6,40,8,1,4,08:30,3,1,9
2023501295424,2023,501295424,1,1,1,2,58,9,2,0,0,0,0,0,9,9,E01014993,6,1,1.0,0.0,-1,6,30,4,1,1,17:14,2,2,9
2023421357573,2023,421357573,1,1,3,2,33,6,3,10,9,0,0,0,0,9,E01015815,3,1,0.0,1.0,-1,6,20,1,1,1,17:11,5,1,9
2023010439618,2023,010439618,1,1,1,1,23,5,3,0,0,0,0,0,3,6,E01003149,-1,0,0.0,1.0,-1,3,20,9,1,9,19:01,3,2,3
2023231352424,2023,231352424,1,3,2,1,10,2,3,0,0,1,0,0,9,4,E01031045,3,1,0.0,1.0,-1,6,30,1,1,1,11:37,1,3,9
2023461301073,2023,461301073,1,1,1,2,53,8,3,0,0,0,0,0,9,5,E01000337,3,1,0.0,1.0,-1,3,70,1,1,1,19:10,5,2,9
2023010447981,2023,010447981,1,1,2,2,77,11,3,0,0,0,3,0,11,3,E01004633,-1,0,0.0,1.0,-1,6,20,1,1,1,16:18,6,1,11
2023010433946,2023,010433946,1,1,1,1,75,10,3,0,0,0,0,0,9,8,E01003845,-1,0,0.0,1.0,-1,1,40,1,1,1,11:15,6,2,9
2023991349032,2023,991349032,1,2,1,1,17,4,3,0,0,0,0,0,9,8,-1,3,1,0.0,1.0,-1,6,60,1,1,1,20:04,6,2,9
2023991388353,2023,991388353,1,2,1,2,17,4,1,0,0,0,0,0,9,-1,-1,1,1,0.0,0.0,-1,6,60,1,1,2,10:00,5,2,9
2023430149885,2023,430149885,1,1,1,1,22,5,3,0,0,0,0,0,3,5,E01016405,-1,0,0.06232,0.93768,-1,2,30,1,4,1,22:33,3,2,3
2023430359922,2023,430359922,2,1,1,2,58,9,3,0,0,0,0,0,9,6,E01028458,-1,0,0.01352,0.98648,-1,6,30,1,1,1,11:33,7,2,9
2023010451097,2023,010451097,1,1,1,1,41,7,3,0,0,0,0,0,9,3,E01000257,-1,0,0.0,1.0,-1,3,40,8,1,1,12:10,7,2,9
2023070312747,2023,070312747,2,1,1,2,30,6,3,0,0,0,0,0,9,5,E01012544,-1,0,0.01234,0.98766,-1,6,30,1,1,1,13:13,5,2,9
2023101317886,2023,101317886,3,3,1,1,26,6,3,0,0,0,0,0,9,-1,-1,3,1,0.0,1.0,-1,3,70,1,1,1,17:00,2,3,9
2023501367260,2023,501367260,2,1,1,2,31,6,3,0,0,0,0,0,9,3,E01018937,3,1,0.0,1.0,-1,6,30,1,1,1,19:05,3,2,9
2023052300974,2023,052300974,1,1,3,1,34,6,3,9,7,0,0,0,0,1,E01006706,-1,0,0.14249,0.85751,-1,3,30,1,1,1,10:00,7,1,9
2023122300877,2023,122300877,1,1,1,1,18,4,3,0,0,0,0,0,4,4,E01027835,-1,0,0.11163,0.88837,-1,1,30,1,1,1,17:00,5,1,4
2023111380934,2023,111380934,1,1,2,2,77,11,3,0,0,1,0,0,9,-1,-1,3,1,0.0,1.0,-1,6,30,3,1,2,12:16,5,3,9
2023141304722,2023,141304722,1,1,1,2,38,7,3,0,0,0,0,0,9,8,E01007527,3,1,0.0,1.0,-1,6,30,1,1,1,14:30,7,2,9
2023311276154,2023,311276154,1,1,1,1,24,5,3,0,0,0,0,0,9,8,E01027959,3,1,0.0,1.0,-1,6,30,1,4,2,17:47,7,2,9
2023061302612,2023,061302612,1,1,1,1,24,5,3,0,0,0,0,0,-1,-1,-1,3,1,0.0,1.0,-1,7,30,1,1,1,11:30,2,2,-1
2023440019258,2023,440019258,1,1,1,1,53,8,3,0,0,0,0,0,4,4,E01023153,-1,0,0.19315,0.80685,-1,6,30,1,1,2,15:57,1,2,4
2023991276728,2023,991276728,2,1,1,1,48,8,3,0,0,0,0,0,5,5,-1,3,1,0.0,1.0,-1,6,50,1,6,1,17:55,3,2,5
2023631337254,2023,631337254,2,1,1,1,59,9,3,0,0,0,0,0,9,5,E01014414,3,1,0.0,1.0,-1,6,60,1,1,1,15:55,3,2,9
2023320688583,2023,320688583,1,1,3,1,12,3,3,8,3,0,0,0,0,4,E01026076,-1,0,0.16579,0.83421,-1,6,40,1,1,1,15:40,2,1,10
2023522400218,2023,522400218,1,1,1,2,17,4,3,0,0,0,0,0,5,5,E01029152,-1,0,0.0258,0.9742,-1,6,30,1,7,2,18:30,6,2,5
2023421322057,2023,421322057,1,1,2,2,25,5,3,0,0,2,0,0,8,6,E01021884,3,1,0.0,1.0,-1,6,30,9,7,1,22:30,7,1,8
2023010470836,2023,010470836,1,1,1,1,18,4,3,0,0,0,0,0,9,3,E01001688,-1,0,0.0,1.0,-1,2,20,1,4,1,04:00,2,1,9
2023061333897,2023,061333897,2,1,1,2,38,7,3,0,0,0,0,0,9,1,E01032921,3,1,0.0,1.0,-1,2,30,1,4,1,02:00,4,2,9
2023461280738,2023,461280738,2,4,2,2,16,4,3,0,0,-1,0,0,9,3,E01024218,3,1,0.0,1.0,-1,6,30,1,6,1,19:18,5,2,9
2023061318417,2023,061318417,2,2,1,2,30,6,3,0,0,0,0,0,9,5,E01025030,3,1,0.0,1.0,-1,6,30,1,1,1,08:40,6,2,9
2023552300483,2023,552300483,2,1,1,2,53,8,3,0,0,0,0,0,9,9,E01031751,-1,0,0.01439,0.98561,-1,3,70,1,1,1,15:06,1,2,9
2023501327423,2023,501327423,1,1,1,1,22,5,3,0,0,0,0,0,19,-1,-1,3,1,0.0,1.0,-1,6,60,2,1,2,15:39,6,2,19
2023010453196,2023,010453196,1,1,1,2,22,5,3,0,0,0,0,0,9,4,E01021642,-1,0,0.0,1.0,-1,3,50,2,1,2,17:45,3,2,9
2023302301494,2023,302301494,1,1,1,1,33,6,3,0,0,0,0,0,9,5,E01019456,-1,0,0.10345,0.89655,-1,6,60,2,6,2,20:31,5,1,9
2023411325825,2023,411325825,3,5,2,2,66,10,2,0,0,1,0,0,9,9,E01023407,7,1,1.0,0.0,-1,6,30,1,1,1,18:43,6,3,9
2023501329596,2023,501329596,1,1,1,1,33,6,1,0,0,0,0,0,9,2,E01018984,1,1,0.0,0.0,-1,6,30,1,6,2,00:32,7,1,9
2023991392007,2023,991392007,2,1,1,1,56,9,2,0,0,0,0,0,9,7,-1,7,1,1.0,0.0,-1,6,60,5,6,2,16:50,5,2,9
2023440466613,2023,440466613,2,1,1,1,14,3,3,0,0,0,0,0,1,1,E01017250,-1,0,0.05697,0.94303,-1,6,30,1,1,1,15:20,3,2,1
2023421391067,2023,421391067,2,1,1,1,30,6,2,0,0,0,0,0,1,4,E01021365,7,1,1.0,0.0,-1,6,30,1,4,2,17:01,6,2,1
2023070915659,2023,070915659,1,1,2,2,32,6,3,0,0,1,0,0,9,1,E01018745,-1,0,0.0337,0.9663,-1,6,60,1,1,1,08:35,6,2,9
2023231267520,2023,231267520,2,1,1,1,44,7,3,0,0,0,0,0,9,5,E01031037,3,1,0.0,1.0,-1,1,60,1,4,1,18:30,4,2,9
2023991389324,2023,991389324,2,1,1,2,25,5,3,0,0,0,0,0,9,9,-1,3,1,0.0,1.0,-1,6,60,1,1,1,07:37,2,2,9
2023501323975,2023,501323975,2,1,1,1,54,8,3,0,0,0,0,0,4,4,E01018829,3,1,0.0,1.0,-1,6,30,1,1,1,10:25,3,2,4
2023101280047,2023,101280047,1,1,3,2,16,4,3,5,1,0,0,0,0,-1,-1,3,1,0.0,1.0,-1,6,30,1,5,1,18:30,3,1,9
2023010461910,2023,010461910,1,1,3,2,32,6,3,8,2,0,0,0,0,4,E01003357,-1,0,0.0,1.0,-1,6,30,8,1,1,20:22,3,1,9
2023010471487,2023,010471487,1,1,1,1,29,6,3,0,0,0,0,0,3,4,E01003410,-1,0,0.0,1.0,-1,6,20,1,1,1,09:00,3,2,3
2023101358268,2023,101358268,1,1,1,1,20,4,2,0,0,0,0,0,4,1,E01008743,7,1,1.0,0.0,-1,6,60,1,1,1,16:05,6,2,4
2023311388432,2023,311388432,2,1,1,1,33,6,3,0,0,0,0,0,9,-1,-1,3,1,0.0,1.0,-1,3,70,1,6,1,16:36,5,3,9
2023461293849,2023,461293849,2,2,1,2,57,9,3,0,0,0,0,0,9,3,E01024656,3,1,0.0,1.0,-1,6,30,1,1,2,13:24,3,2,9
2023131260688,2023,131260688,1,1,1,2,61,9,2,0,0,0,0,0,9,4,E01010595,6,1,1.0,0.0,-1,6,20,1,1,2,15:20,7,1,9
2023371325934,2023,371325934,1,1,1,2,33,6,2,0,0,0,0,0,9,6,E01030063,7,1,1.0,0.0,-1,6,60,2,1,2,19:30,3,2,9
2023401433323,2023,401433323,1,2,2,2,90,11,3,0,0,2,0,0,9,7,E01015694,3,1,0.0,1.0,-1,6,60,1,1,1,16:23,7,3,9
2023451383009,2023,451383009,1,1,1,2,77,11,3,0,0,0,0,0,9,10,E01030808,3,1,0.0,1.0,-1,3,50,1,1,2,15:35,3,2,9
2023461271723,2023,461271723,1,1,1,1,34,6,3,0,0,0,0,0,9,7,E01000190,3,1,0.0,1.0,-1,3,70,1,4,1,04:55,2,3,9
2023131280261,2023,131280261,1,1,3,1,11,3,2,9,8,0,0,2,0,1,E01010925,7,1,1.0,0.0,-1,6,20,1,1,1,16:14,6,1,9
2023010453842,2023,010453842,1,1,1,1,39,7,3,0,0,0,0,0,1,2,E01003556,-1,0,0.0,1.0,-1,6,30,1,1,1,05:40,6,2,1
2023010474202,2023,010474202,1,1,1,1,18,4,3,0,0,0,0,0,1,2,E01000057,-1,0,0.0,1.0,-1,9,30,8,1,9,17:00,7,2,1
2023221293405,2023,221293405,1,2,2,1,22,5,3,0,0,1,0,0,9,8,E01032195,3,1,0.0,1.0,-1,6,40,1,6,1,01:45,3,1,9
2023351354708,2023,351354708,1,1,1,2,26,6,3,0,0,0,0,0,9,1,E01015602,3,1,0.0,1.0,-1,6,60,1,1,2,06:40,5,1,9
2023461351098,2023,461351098,2,2,1,2,44,7,3,0,0,0,0,0,9,2,E01024019,3,1,0.0,1.0,-1,6,30,1,1,1,18:38,2,2,9
2023991282887,2023,991282887,3,3,2,1,61,9,3,0,0,1,0,0,9,10,-1,3,1,0.0,1.0,-1,3,70,1,1,1,15:30,6,4,9
2023010423856,2023,010423856,1,1,3,1,7,2,3,6,9,0,0,0,0,2,E01003151,-1,0,0.0,1.0,-1,3,30,1,1,1,17:00,6,1,3
2023010422110,2023,010422110,1,1,1,1,25,5,3,0,0,0,0,0,3,2,E01001748,-1,0,0.0,1.0,-1,6,20,1,4,1,18:35,4,2,3
2023101387014,2023,101387014,1,2,1,2,24,5,3,0,0,0,0,0,9,2,E01008430,3,1,0.0,1.0,-1,3,50,1,1,2,12:47,7,2,9
2023201415196,2023,201415196,2,2,1,1,27,6,3,0,0,0,0,0,9,10,E01009780,3,1,0.0,1.0,-1,3,30,1,1,1,10:05,2,2,9
2023991378541,2023,991378541,1,1,1,1,24,5,2,0,0,0,0,0,19,4,-1,7,1,1.0,0.0,-1,6,60,1,1,1,10:40,6,3,19
2023070108476,2023,070108476,1,1,1,2,34,6,3,0,0,0,0,0,9,9,E01018474,-1,0,0.01563,0.98437,-1,6,30,1,4,1,19:30,2,2,9
2023361352932,2023,361352932,1,3,1,1,56,9,3,0,0,0,0,0,9,7,E01026502,3,1,0.0,1.0,-1,6,20,1,1,1,12:40,3,2,9
2023411349538,2023,411349538,2,2,1,2,33,6,2,0,0,0,0,0,9,7,E01017705,7,1,1.0,0.0,-1,3,70,1,1,1,08:01,3,2,9
2023141275838,2023,141275838,1,1,1,1,39,7,2,0,0,0,0,0,19,3,E01007487,6,1,1.0,0.0,-1,6,60,1,1,1,16:30,1,1,19
2023170S11503,2023,170S11503,1,1,1,1,24,5,3,0,0,0,0,0,19,7,E01012209,-1,0,0.00729,0.99271,-1,6,30,1,1,1,14:50,5,2,19
2023010447551,2023,010447551,1,1,3,2,45,7,2,5,1,0,0,0,0,2,E01000954,-1,0,1.0,0.0,-1,6,20,1,1,1,15:00,4,1,20
2023052301125,2023,052301125,1,2,2,1,9,2,3,0,0,1,0,0,9,4,E01007001,-1,0,0.04307,0.95693,-1,6,20,1,1,1,17:19,4,2,9
2023201383284,2023,201383284,2,2,2,2,5,1,3,0,0,-1,0,0,9,2,E01009018,3,1,0.0,1.0,-1,6,30,1,1,1,16:20,2,2,9
2023332300503,2023,332300503,1,1,1,1,38,7,3,0,0,0,0,0,9,9,E01025838,-1,0,0.00413,0.99587,-1,6,30,1,1,1,16:15,6,2,9
2023421370358,2023,421370358,1,1,1,1,33,6,3,0,0,0,0,0,9,3,E01004411,3,1,0.0,1.0,-1,3,70,2,1,2,13:57,6,2,9
2023010479727,2023,010479727,2,1,1,1,20,4,3,0,0,0,0,0,-1,2,E01003993,-1,0,0.0,1.0,-1,6,20,1,1,1,13:45,5,2,-1
2023440307217,2023,440307217,1,1,1,1,25,5,3,0,0,0,0,0,1,1,E01017077,-1,0,0.12518,0.87482,-1,6,20,1,4,1,22:20,6,2,1
2023122301022,2023,122301022,1,1,1,2,70,10,3,0,0,0,0,0,9,-1,-1,-1,0,0.06236,0.93764,-1,3,70,2,1,2,12:20,6,3,9
2023451355599,2023,451355599,2,2,2,2,54,8,2,0,0,1,0,0,9,10,E01030940,7,1,1.0,0.0,-1,6,60,1,1,1,14:45,7,3,9
2023430441545,2023,430441545,2,2,2,1,17,4,3,0,0,0,0,0,1,7,E01016680,-1,0,0.12801,0.87199,-1,6,30,1,1,1,08:18,2,2,1
2023131275230,2023,131275230,1,1,3,1,33,6,3,5,1,0,0,2,0,3,E01010988,3,1,0.0,1.0,-1,6,30,1,4,1,17:57,7,1,9