collision_index,collision_year,collision_ref_no,vehicle_reference,casualty_reference,casualty_class,sex_of_casualty,age_of_casualty,age_band_of_casualty,casualty_severity,pedestrian_location,pedestrian_movement,car_passenger,bus_or_coach_passenger,pedestrian_road_maintenance_worker,casualty_type,casualty_imd_decile,lsoa_of_casualty,enhanced_casualty_severity,casualty_injury_based,casualty_adjusted_severity_serious,casualty_adjusted_severity_slight,casualty_distance_banding,road_type,speed_limit,weather_conditions,light_conditions,road_surface_conditions,time,day_of_week,number_of_vehicles,vehicle_type
2023361349229,2023,361349229,2,1,1,1,46,8,3,0,0,0,0,0,3,4,E01026859,3,1,0.0,1.0,-1,6,30,1,1,1,09:30,4,2,3
2023201393228,2023,201393228,2,1,1,1,46,8,3,0,0,0,0,0,9,8,E01009785,3,1,0.0,1.0,-1,1,30,2,1,2,13:58,7,2,9
2023332300481,2023,332300481,1,1,1,2,36,7,3,0,0,0,0,0,9,8,E01025812,-1,0,0.00792,0.99208,-1,6,40,1,1,1,10:55,1,2,9
2023622300954,2023,622300954,1,1,1,1,17,4,3,0,0,0,0,0,97,1,W01000833,-1,0,0.15639,0.84361,-1,6,20,1,1,1,14:23,3,2,97
2023061294307,2023,061294307,1,1,3,2,33,6,3,7,1,0,0,-1,0,2,E01005351,3,1,0.0,1.0,-1,6,20,1,1,1,08:49,4,1,9
2023131372309,2023,131372309,1,2,3,2,11,3,3,10,9,0,0,1,0,1,E01010677,3,1,0.0,1.0,-1,6,30,1,1,1,14:05,4,1,9
2023201284771,2023,201284771,1,1,3,2,76,11,3,10,1,0,0,2,0,4,E01009011,3,1,0.0,1.0,-1,3,30,1,1,1,12:39,3,1,19
2023311327226,2023,311327226,1,1,3,1,43,7,2,1,1,0,0,0,0,5,E01028003,7,1,1.0,0.0,-1,6,30,2,1,2,10:32,7,1,9
2023010461295,2023,010461295,1,1,3,1,63,9,3,6,9,0,0,0,0,1,E01001178,-1,0,0.0,1.0,-1,2,20,8,1,1,12:35,1,1,19
2023161272136,2023,161272136,1,1,3,2,49,8,3,5,1,0,0,2,0,1,E01012851,3,1,0.0,1.0,-1,6,30,1,1,1,15:14,5,1,9
2023131305758,2023,131305758,2,1,1,1,35,6,2,0,0,0,0,0,1,9,E01011576,6,1,1.0,0.0,-1,6,30,1,1,1,08:26,4,2,1
2023430252935,2023,430252935,3,2,1,2,52,8,3,0,0,0,0,0,5,4,E01028781,-1,0,0.23738,0.76262,-1,6,60,1,1,1,20:16,6,3,5
2023010420459,2023,010420459,2,2,1,2,54,8,3,0,0,0,0,0,9,5,E01002249,-1,0,0.0,1.0,-1,1,30,1,4,1,20:10,2,2,9
2023201279053,2023,201279053,1,1,2,2,58,9,3,0,0,1,0,0,9,4,E01009250,3,1,0.0,1.0,-1,6,30,2,1,2,12:57,7,2,9
2023340NN2242,2023,340NN2242,2,2,1,1,37,7,3,0,0,0,0,0,9,3,E01027154,-1,0,0.05055,0.94945,-1,6,30,1,1,2,07:36,5,2,9
2023411287815,2023,411287815,2,2,2,1,48,8,3,0,0,-1,0,0,9,5,E01023829,3,1,0.0,1.0,-1,6,30,4,1,1,17:53,2,2,9
2023451328412,2023,451328412,2,3,2,2,24,5,3,0,0,0,4,0,11,10,E01030416,3,1,0.0,1.0,-1,3,30,1,1,1,16:45,3,2,11
2023141381839,2023,141381839,1,1,3,1,34,6,2,10,9,0,0,0,0,-1,-1,7,1,1.0,0.0,-1,6,30,1,4,4,00:20,7,1,9
2023531292432,2023,531292432,2,1,1,1,17,4,3,0,0,0,0,0,1,2,E01022120,3,1,0.0,1.0,-1,6,30,1,1,2,15:10,6,2,1
2023010470237,2023,010470237,1,1,1,1,21,5,3,0,0,0,0,0,3,5,E01002212,-1,0,0.0,1.0,-1,3,30,1,1,1,17:22,5,2,3
2023052302414,2023,052302414,2,1,1,2,50,8,3,0,0,0,0,0,9,4,E01006681,-1,0,0.0562,0.9438,-1,6,30,1,1,2,16:30,4,2,9
2023131367222,2023,131367222,1,1,1,1,25,5,3,0,0,0,0,0,9,1,E01010964,3,1,0.0,1.0,-1,6,30,2,1,2,07:57,5,2,9
2023501288793,2023,501288793,1,1,3,1,39,7,3,4,9,0,0,-1,0,-1,-1,3,1,0.0,1.0,-1,6,30,2,4,2,22:50,2,1,9
2023231265189,2023,231265189,1,1,1,1,21,5,2,0,0,0,0,0,1,4,E01029831,5,1,1.0,0.0,-1,3,50,3,4,2,05:44,4,2,1
2023010480205,2023,010480205,1,1,1,1,22,5,3,0,0,0,0,0,3,2,E01003258,-1,0,0.0,1.0,-1,3,20,1,4,1,01:02,1,2,3
2023061317454,2023,061317454,1,2,2,2,21,5,3,0,0,1,0,0,9,8,W01000235,3,1,0.0,1.0,-1,7,30,1,1,1,03:15,2,2,9
2023070006917,2023,070006917,1,1,1,2,74,10,3,0,0,0,0,0,9,8,E01012450,-1,0,0.04461,0.95539,-1,6,30,1,1,1,09:24,2,2,9
2023141328327,2023,141328327,1,2,1,1,44,7,2,0,0,0,0,0,9,2,E01033279,5,1,1.0,0.0,-1,6,30,1,1,2,06:34,3,1,9
2023501357404,2023,501357404,1,2,1,2,29,6,3,0,0,0,0,0,9,10,E01026838,3,1,0.0,1.0,-1,6,60,4,1,1,16:59,4,3,9
2023010454829,2023,010454829,1,1,3,2,13,3,3,5,3,0,0,0,0,2,E01004535,-1,0,0.0,1.0,-1,6,20,1,1,1,14:55,4,1,9
2023991285938,2023,991285938,1,1,3,1,23,5,2,9,8,0,0,2,0,-1,-1,5,1,1.0,0.0,-1,6,30,2,4,2,23:37,1,1,9
2023010481749,2023,010481749,2,1,1,2,25,5,3,0,0,0,0,0,1,7,E01004505,-1,0,0.0,1.0,-1,6,30,2,4,2,19:15,1,2,1
2023131272996,2023,131272996,1,1,1,2,37,7,3,0,0,0,0,0,9,1,E01011321,3,1,0.0,1.0,-1,6,30,1,1,1,15:17,2,2,9
2023471320072,2023,471320072,2,1,2,2,68,10,3,0,0,2,0,0,9,9,E01000765,3,1,0.0,1.0,-1,3,70,8,5,2,19:24,1,2,9
2023440331754,2023,440331754,2,1,1,1,56,9,1,0,0,0,0,0,1,7,E01022777,-1,0,0.0,0.0,-1,6,50,1,7,1,22:34,4,2,1
2023451293397,2023,451293397,2,1,1,1,48,8,2,0,0,0,0,0,5,10,E01022853,7,1,1.0,0.0,-1,6,40,1,1,1,18:42,2,2,5
2023340WN0052,2023,340WN0052,2,1,1,1,48,8,3,0,0,0,0,0,9,5,E01027237,-1,0,0.01512,0.98488,-1,3,30,1,1,2,09:30,6,2,9
2023471321380,2023,471321380,1,3,1,1,24,5,3,0,0,0,0,0,9,8,E01030927,3,1,0.0,1.0,-1,6,60,1,6,1,21:30,4,1,9
2023991340828,2023,991340828,2,1,1,2,18,4,3,0,0,0,0,0,9,5,-1,3,1,0.0,1.0,-1,6,30,1,1,1,20:45,5,2,9
2023221340774,2023,221340774,1,2,2,1,40,7,3,0,0,2,0,0,9,-1,-1,3,1,0.0,1.0,-1,6,60,1,1,1,14:50,6,1,9
2023451349625,2023,451349625,1,1,1,2,28,6,3,0,0,0,0,0,9,10,E01022605,3,1,0.0,1.0,-1,7,70,1,1,1,12:50,7,2,9
2023631339125,2023,631339125,2,4,2,2,37,7,2,0,0,1,0,0,9,10,E01024327,6,1,1.0,0.0,-1,6,30,2,1,2,17:00,2,2,9
2023010474638,2023,010474638,2,1,1,1,30,6,3,0,0,0,0,0,1,2,E01003302,-1,0,0.0,1.0,-1,6,20,1,1,1,07:55,1,2,1
2023031335805,2023,031335805,1,1,1,2,60,9,2,0,0,0,0,0,1,-1,-1,5,1,1.0,0.0,-1,6,30,1,1,2,10:20,2,1,1
2023361292550,2023,361292550,2,1,1,1,45,7,3,0,0,0,0,0,1,1,E01026626,3,1,0.0,1.0,-1,1,50,1,1,1,14:20,5,2,1
2023991299882,2023,991299882,2,1,1,1,79,11,3,0,0,0,0,0,1,4,-1,3,1,0.0,1.0,-1,6,20,1,5,1,10:12,1,2,1
2023052302971,2023,052302971,1,1,2,2,35,6,3,0,0,1,0,0,9,2,E01006962,-1,0,0.05537,0.94463,-1,6,20,1,1,2,10:41,4,2,9
2023061303542,2023,061303542,2,1,1,1,26,6,3,0,0,0,0,0,9,2,E01005461,3,1,0.0,1.0,-1,6,30,1,1,-1,10:10,6,2,9
2023101297132,2023,101297132,2,1,1,1,60,9,3,0,0,0,0,0,9,9,E01027410,3,1,0.0,1.0,-1,6,30,1,1,2,19:30,6,2,9
2023101328827,2023,101328827,1,1,1,2,80,11,3,0,0,0,0,0,9,4,E01008404,3,1,0.0,1.0,-1,6,30,1,1,1,16:49,4,2,9
2023131325462,2023,131325462,1,3,2,2,8,2,3,0,0,2,0,0,9,10,E01010954,3,1,0.0,1.0,-1,6,30,1,1,1,17:05,2,2,9
2023201301205,2023,201301205,2,2,2,2,48,8,3,0,0,1,0,0,9,10,E01016603,3,1,0.0,1.0,-1,3,60,1,1,1,10:49,2,2,9
2023201356280,2023,201356280,1,2,2,1,23,5,3,0,0,-1,0,0,9,8,E01031218,3,1,0.0,1.0,-1,6,30,1,1,1,16:20,1,3,9
2023430095598,2023,430095598,2,1,1,1,41,7,3,0,0,0,0,0,1,5,E01028505,-1,0,0.05011,0.94989,-1,6,30,1,1,1,14:24,5,2,1
2023531394482,2023,531394482,2,1,1,1,53,8,3,0,0,0,0,0,1,7,E01022190,3,1,0.0,1.0,-1,6,60,1,1,1,11:27,7,2,1
2023010485214,2023,010485214,1,1,3,2,48,8,2,5,4,0,0,0,0,9,E01004147,-1,0,1.0,0.0,-1,6,30,1,4,1,18:10,4,1,9
2023010451495,2023,010451495,2,1,1,1,50,8,3,0,0,0,0,0,1,8,E01002019,-1,0,0.0,1.0,-1,6,20,1,1,1,08:36,2,2,1
2023340WN3502,2023,340WN3502,2,1,1,1,56,9,3,0,0,0,0,0,1,4,E01027171,-1,0,0.09979,0.90021,-1,2,30,1,1,1,21:11,3,3,1
2023411362017,2023,411362017,1,1,1,1,28,6,3,0,0,0,0,0,3,6,E01023394,3,1,0.0,1.0,-1,6,30,1,1,1,15:31,2,2,3
2023320105430,2023,320105430,2,1,1,1,54,8,2,0,0,0,0,0,5,2,E01015596,-1,0,1.0,0.0,-1,6,60,1,1,1,06:43,6,2,5
2023010440557,2023,010440557,1,1,1,1,20,4,2,0,0,0,0,0,3,2,E01001079,-1,0,1.0,0.0,-1,6,20,8,1,1,10:00,2,3,3
2023231301850,2023,231301850,1,1,1,1,67,10,2,0,0,0,0,0,5,6,E01031085,6,1,1.0,0.0,-1,6,50,1,1,1,10:43,3,1,5
2023991283666,2023,991283666,1,1,3,2,69,10,2,6,9,0,0,0,0,9,-1,7,1,1.0,0.0,-1,6,30,1,1,1,13:50,6,1,22
2023471316319,2023,471316319,2,1,3,2,35,6,3,9,6,0,0,0,0,5,E01021074,3,1,0.0,1.0,-1,6,30,1,1,1,19:20,2,2,9
2023041331232,2023,041331232,2,1,1,1,50,8,3,0,0,0,0,0,1,1,E01025068,3,1,0.0,1.0,-1,6,20,1,1,1,22:00,7,2,1
2023122300137,2023,122300137,1,1,1,1,32,6,2,0,0,0,0,0,1,4,E01013382,-1,0,1.0,0.0,-1,6,60,2,4,2,22:16,5,2,1
2023451324755,2023,451324755,1,1,1,1,31,6,3,0,0,0,0,0,9,7,E01030938,3,1,0.0,1.0,-1,6,30,1,1,1,12:40,7,2,9
2023041354886,2023,041354886,2,1,1,2,29,6,3,0,0,0,0,0,9,7,E01025465,3,1,0.0,1.0,-1,6,40,1,1,1,16:29,4,4,9
2023141339630,2023,141339630,1,1,1,2,46,8,2,0,0,0,0,0,9,3,E01007789,5,1,1.0,0.0,-1,6,60,1,1,1,19:35,3,1,9
2023010480210,2023,010480210,1,2,2,1,57,9,2,0,0,2,0,0,8,-1,-1,-1,0,1.0,0.0,-1,2,20,1,4,1,02:20,1,2,8
2023010457849,2023,010457849,1,1,1,1,25,5,3,0,0,0,0,0,19,1,E01009269,-1,0,0.0,1.0,-1,7,30,1,1,1,08:16,7,2,19
2023010458494,2023,010458494,1,1,3,1,49,8,3,1,1,0,0,0,0,4,E01004376,-1,0,0.0,1.0,-1,6,20,2,1,2,08:44,4,1,9
2023201384037,2023,201384037,1,1,3,2,6,2,2,10,9,0,0,0,0,3,E01009838,7,1,1.0,0.0,-1,6,30,1,1,1,08:20,3,1,98
2023010478950,2023,010478950,1,1,2,2,6,2,3,0,0,2,0,0,9,5,E01001149,-1,0,0.0,1.0,-1,6,30,1,1,2,13:22,1,2,9
2023131327413,2023,131327413,1,1,1,2,38,7,3,0,0,0,0,0,9,7,E01011652,3,1,0.0,1.0,-1,6,30,1,1,1,18:02,6,2,9
2023201328081,2023,201328081,1,1,1,1,24,5,3,0,0,0,0,0,9,1,E01009406,3,1,0.0,1.0,-1,3,30,1,5,1,07:30,4,2,9
2023351358974,2023,351358974,3,1,1,2,-1,-1,3,0,0,0,0,0,9,9,E01025901,3,1,0.0,1.0,-1,3,70,1,1,1,07:55,3,3,9
2023430218825,2023,430218825,1,1,1,2,35,6,3,0,0,0,0,0,9,6,E01028597,-1,0,0.08534,0.91466,-1,6,20,1,1,1,06:34,6,2,9
2023430268585,2023,430268585,2,2,1,1,18,4,3,0,0,0,0,0,9,9,E01033503,-1,0,0.05761,0.94239,-1,6,60,1,7,1,22:04,1,2,9
2023501321017,2023,501321017,2,1,1,2,61,9,3,0,0,0,0,0,9,6,E01020168,3,1,0.0,1.0,-1,6,30,1,1,1,20:25,2,2,9
2023501393128,2023,501393128,2,1,1,1,41,7,3,0,0,0,0,0,9,5,E01019954,3,1,0.0,1.0,-1,6,30,2,4,2,20:30,5,2,9
2023622301044,2023,622301044,1,1,1,1,78,11,3,0,0,0,0,0,9,9,W01001104,-1,0,0.06167,0.93833,-1,6,20,1,1,1,13:39,1,1,9
2023991396987,2023,991396987,2,1,1,1,50,8,3,0,0,0,0,0,23,4,-1,3,1,0.0,1.0,-1,6,30,1,1,1,13:40,7,2,23
2023031378354,2023,031378354,1,1,1,1,20,4,3,0,0,0,0,0,9,-1,-1,3,1,0.0,1.0,-1,6,60,1,1,1,07:47,5,2,9
2023430385244,2023,430385244,1,1,1,1,61,9,2,0,0,0,0,0,9,8,E01016763,-1,0,1.0,0.0,-1,6,60,1,1,1,12:25,2,2,9
2023461341992,2023,461341992,1,2,2,1,17,4,3,0,0,1,0,0,9,9,E01033614,3,1,0.0,1.0,-1,3,70,1,1,1,11:22,1,2,9
2023501272580,2023,501272580,3,1,1,2,45,7,3,0,0,0,0,0,9,7,E01018787,3,1,0.0,1.0,-1,6,40,1,1,2,14:20,6,4,9
2023122300752,2023,122300752,2,1,1,1,74,10,3,0,0,0,0,0,19,-1,-1,-1,0,0.02901,0.97099,-1,6,60,1,1,1,10:48,5,4,19
2023122300205,2023,122300205,2,1,1,2,20,4,3,0,0,0,0,0,9,7,E01027585,-1,0,0.00803,0.99197,-1,6,30,1,4,1,18:29,5,2,9
2023501316625,2023,501316625,1,1,1,1,66,10,2,0,0,0,0,0,5,4,E01029232,6,1,1.0,0.0,-1,6,30,1,1,1,15:34,5,4,5
2023421323737,2023,421323737,1,1,3,2,3,1,3,6,9,0,0,0,0,5,E01021647,3,1,0.0,1.0,-1,9,20,1,1,1,12:20,3,1,-1
2023320025248,2023,320025248,2,1,2,1,17,4,3,0,0,1,0,0,19,5,E01013255,-1,0,0.08419,0.91581,-1,6,60,1,1,1,11:23,6,2,19
2023010435619,2023,010435619,1,1,3,1,24,5,3,5,1,0,0,0,0,5,E01003751,-1,0,0.0,1.0,-1,9,20,1,1,1,12:30,1,1,9
2023131392043,2023,131392043,1,1,3,1,80,11,2,5,3,0,0,2,0,4,E01010669,6,1,1.0,0.0,-1,6,30,4,4,2,16:47,1,1,9
2023141390708,2023,141390708,2,1,1,1,35,6,2,0,0,0,0,0,1,-1,-1,6,1,1.0,0.0,-1,6,30,8,4,4,05:47,4,2,1
2023052302210,2023,052302210,1,3,2,1,27,6,3,0,0,2,0,0,8,3,E01016501,-1,0,0.11364,0.88636,-1,3,70,2,4,2,01:05,2,1,8
2023522401103,2023,522401103,1,1,1,1,52,8,3,0,0,0,0,0,9,10,E01015014,-1,0,0.0455,0.9545,-1,6,60,1,6,2,17:35,5,2,9
2023991390846,2023,991390846,1,1,3,2,35,6,1,9,8,0,0,0,0,3,-1,1,1,0.0,0.0,-1,6,30,4,4,1,22:35,4,1,9
2023010478929,2023,010478929,1,1,1,1,30,6,3,0,0,0,0,0,1,3,E01004443,-1,0,0.0,1.0,-1,6,20,1,4,1,20:35,6,1,1
2023332300892,2023,332300892,2,1,1,1,12,3,3,0,0,0,0,0,1,9,E01025737,-1,0,0.06183,0.93817,-1,6,30,1,1,1,15:30,2,2,1
2023010433419,2023,010433419,1,1,1,1,40,7,2,0,0,0,0,0,3,4,E01000476,-1,0,1.0,0.0,-1,1,20,1,1,1,13:10,4,2,3
2023010465908,2023,010465908,1,1,1,1,55,8,3,0,0,0,0,0,3,2,E01003302,-1,0,0.0,1.0,-1,6,30,1,1,1,07:31,5,2,3
2023302301433,2023,302301433,1,1,3,2,65,9,3,6,9,0,0,0,0,5,E01019837,-1,0,0.09319,0.90681,-1,6,30,1,1,1,15:30,2,1,1
2023070364162,2023,070364162,1,1,1,1,56,9,3,0,0,0,0,0,19,8,E01029570,-1,0,0.07417,0.92583,-1,3,70,2,1,2,13:07,1,3,19
2023451340443,2023,451340443,1,1,1,1,40,7,3,0,0,0,0,0,1,7,E01004499,3,1,0.0,1.0,-1,6,30,1,1,1,10:00,5,2,1
2023010446440,2023,010446440,2,1,1,1,22,5,3,0,0,0,0,0,3,1,E01004428,-1,0,0.0,1.0,-1,3,20,1,1,1,19:40,5,2,3
2023010435520,2023,010435520,1,1,3,2,39,7,3,4,1,0,0,0,0,-1,-1,-1,0,0.0,1.0,-1,2,20,1,1,1,18:11,1,1,9
2023010443039,2023,010443039,2,1,1,1,22,5,2,0,0,0,0,0,3,4,E01003452,-1,0,1.0,0.0,-1,6,30,1,1,1,12:00,2,2,3
2023010462893,2023,010462893,1,1,1,1,23,5,3,0,0,0,0,0,9,1,E01002082,-1,0,0.0,1.0,-1,6,20,1,1,1,05:35,2,2,9
2023201288633,2023,201288633,1,2,2,1,19,4,3,0,0,2,0,0,9,2,E01009405,3,1,0.0,1.0,-1,6,30,1,4,1,20:42,7,2,9
2023302301154,2023,302301154,1,1,1,2,18,4,3,0,0,0,0,0,9,1,E01013496,-1,0,0.03467,0.96533,-1,6,30,2,1,2,20:28,4,2,9
2023302301828,2023,302301828,1,1,2,1,22,5,2,0,0,1,0,0,9,4,E01007810,-1,0,1.0,0.0,-1,6,30,1,1,1,13:30,3,1,9
2023052301484,2023,052301484,2,1,1,1,56,9,3,0,0,0,0,0,1,2,E01006855,-1,0,0.13272,0.86728,-1,6,20,1,1,1,19:00,3,2,1
2023211375492,2023,211375492,2,1,1,1,12,3,3,0,0,0,0,0,1,7,E01029490,3,1,0.0,1.0,-1,6,30,1,4,1,17:00,4,2,1
2023010447008,2023,010447008,1,1,1,1,24,5,3,0,0,0,0,0,3,-1,-1,-1,0,0.0,1.0,-1,6,30,1,4,1,22:04,1,2,3
2023340NN3592,2023,340NN3592,2,2,2,2,42,7,3,0,0,2,0,0,8,2,E01016726,-1,0,0.04458,0.95542,-1,6,30,8,4,1,22:15,7,2,8
2023991382938,2023,991382938,1,6,2,2,14,3,3,0,0,0,4,0,11,10,-1,3,1,0.0,1.0,-1,6,60,1,1,4,10:25,3,2,11
2023061395733,2023,061395733,2,1,1,1,54,8,3,0,0,0,0,0,9,2,E01004855,3,1,0.0,1.0,-1,6,30,1,1,1,16:28,1,2,9
2023010456481,2023,010456481,2,1,1,1,31,6,3,0,0,0,0,0,1,2,E01001731,-1,0,0.0,1.0,-1,6,30,1,1,1,10:30,6,2,1
2023052301799,2023,052301799,2,1,1,1,8,2,3,0,0,0,0,0,1,1,E01006571,-1,0,0.08314,0.91686,-1,6,30,1,1,1,16:30,6,2,1
2023522301864,2023,522301864,1,1,1,2,23,5,3,0,0,0,0,0,1,9,E01014619,-1,0,0.07599,0.92401,-1,6,30,1,1,1,18:37,3,2,1
2023131309277,2023,131309277,2,1,1,1,29,6,3,0,0,0,0,0,3,2,E01011082,3,1,0.0,1.0,-1,6,30,4,1,1,18:00,5,2,3
2023061333875,2023,061333875,1,1,1,1,15,3,3,0,0,0,0,0,3,1,E01005948,3,1,0.0,1.0,-1,3,30,1,1,1,15:10,4,3,3
2023010424828,2023,010424828,2,1,1,1,41,7,2,0,0,0,0,0,4,3,E01001141,-1,0,1.0,0.0,-1,6,30,1,4,1,02:20,5,3,4
2023371320388,2023,371320388,1,1,1,1,36,7,3,0,0,0,0,0,5,1,E01029982,3,1,0.0,1.0,-1,6,30,1,1,1,12:23,1,1,5
2023302300391,2023,302300391,1,2,3,1,10,2,3,5,3,0,0,0,0,2,E01019863,-1,0,0.13143,0.86857,-1,6,30,1,1,1,17:00,3,2,8
2023522400910,2023,522400910,1,1,3,2,23,5,3,2,1,0,0,0,0,8,E01032685,-1,0,0.10471,0.89529,-1,6,20,1,1,1,10:50,4,1,5
2023421269951,2023,421269951,1,1,3,2,19,4,2,1,3,0,0,0,0,-1,-1,7,1,1.0,0.0,-1,3,60,1,4,1,18:00,2,1,9
2023052301694,2023,052301694,1,1,1,1,46,8,3,0,0,0,0,0,9,10,E01025475,-1,0,0.17711,0.82289,-1,6,30,1,1,2,06:47,1,2,9
2023131334523,2023,131334523,1,2,1,1,18,4,2,0,0,0,0,0,9,2,E01011915,7,1,1.0,0.0,-1,6,30,1,4,1,21:01,6,2,9
2023371367544,2023,371367544,1,1,1,1,21,5,3,0,0,0,0,0,9,9,E01029973,3,1,0.0,1.0,-1,3,70,7,1,2,07:39,6,2,9
2023461380486,2023,461380486,1,1,1,2,21,5,3,0,0,0,0,0,9,6,E01003311,3,1,0.0,1.0,-1,6,60,1,1,1,14:45,1,1,9
2023111275161,2023,111275161,2,1,1,2,44,7,2,0,0,0,0,0,9,5,E01020890,7,1,1.0,0.0,-1,6,30,1,4,1,17:15,2,2,9
2023361370990,2023,361370990,1,1,1,1,37,7,2,0,0,0,0,0,9,-1,-1,5,1,1.0,0.0,-1,6,60,2,1,2,11:08,7,1,9
2023471316895,2023,471316895,1,1,1,1,29,6,3,0,0,0,0,0,9,7,E01031766,3,1,0.0,1.0,-1,6,40,1,1,1,15:00,5,2,9
2023531349305,2023,531349305,2,1,1,1,28,6,3,0,0,0,0,0,9,8,E01022446,3,1,0.0,1.0,-1,3,40,1,4,1,22:50,3,2,9
2023010452045,2023,010452045,1,1,1,2,28,6,3,0,0,0,0,0,9,4,E01003282,-1,0,0.0,1.0,-1,6,30,1,1,1,07:59,4,2,9
2023170M21113,2023,170M21113,1,1,1,2,45,7,2,0,0,0,0,0,9,1,E01012074,-1,0,1.0,0.0,-1,6,30,1,1,1,17:29,3,2,9
2023320348439,2023,320348439,1,1,2,1,58,9,3,0,0,1,0,0,9,1,E01026126,-1,0,0.04902,0.95098,-1,6,30,1,1,1,17:15,4,2,9
2023131291039,2023,131291039,1,1,3,1,13,3,2,1,1,0,0,2,0,1,E01011664,7,1,1.0,0.0,-1,6,30,1,1,1,16:12,2,1,9
2023440020891,2023,440020891,2,1,1,1,31,6,3,0,0,0,0,0,5,2,E01017140,-1,0,0.13848,0.86152,-1,6,30,1,4,1,17:26,2,2,5
2023010435715,2023,010435715,1,1,3,1,5,1,3,1,9,0,0,0,0,2,E01002793,-1,0,0.0,1.0,-1,6,20,1,1,1,17:44,2,1,1
2023010458279,2023,010458279,1,1,1,1,47,8,3,0,0,0,0,0,1,7,E01030851,-1,0,0.0,1.0,-1,6,30,1,1,1,19:21,2,2,1
2023041389476,2023,041389476,1,1,1,1,44,7,3,0,0,0,0,0,5,1,E01025528,3,1,0.0,1.0,-1,6,60,1,1,1,12:00,1,1,5
2023302301408,2023,302301408,2,2,2,2,25,5,3,0,0,0,0,0,5,7,E01019765,-1,0,0.14404,0.85596,-1,6,30,1,1,1,17:50,7,2,5
2023010471590,2023,010471590,1,1,1,2,58,9,3,0,0,0,0,0,9,2,E01004308,-1,0,0.0,1.0,-1,2,30,8,1,1,08:40,4,2,9
2023031347288,2023,031347288,2,1,1,1,58,9,3,0,0,0,0,0,9,6,E01025473,3,1,0.0,1.0,-1,6,30,1,1,1,11:39,5,5,9
2023111376700,2023,111376700,2,2,1,1,48,8,2,0,0,0,0,0,9,9,E01012003,7,1,1.0,0.0,-1,6,60,2,1,2,08:15,2,2,9
2023361355287,2023,361355287,1,1,1,1,82,11,3,0,0,0,0,0,9,4,E01029900,3,1,0.0,1.0,-1,6,60,1,1,1,14:25,6,1,9
2023461359277,2023,461359277,2,2,2,2,20,4,3,0,0,1,0,0,9,5,E01024319,3,1,0.0,1.0,-1,3,40,1,1,1,16:28,4,2,9
2023010432029,2023,010432029,1,1,1,1,35,6,3,0,0,0,0,0,1,8,E01004498,-1,0,0.0,1.0,-1,6,20,1,4,1,20:18,2,2,1
2023461340922,2023,461340922,2,1,1,1,29,6,3,0,0,0,0,0,4,3,E01024524,3,1,0.0,1.0,-1,6,30,1,1,1,09:10,4,2,4
2023501290216,2023,501290216,1,1,2,2,41,7,3,0,0,1,0,0,8,1,E01015028,3,1,0.0,1.0,-1,6,60,2,1,2,08:50,2,1,8
2023211378655,2023,211378655,3,1,2,2,80,11,3,0,0,1,0,0,9,6,E01025168,3,1,0.0,1.0,-1,3,70,1,1,1,15:20,6,3,9
2023361340898,2023,361340898,2,4,2,1,8,2,3,0,0,2,0,0,9,7,E01026883,3,1,0.0,1.0,-1,6,60,1,1,1,08:53,7,2,9
2023211303173,2023,211303173,2,1,1,1,55,8,3,0,0,0,0,0,8,1,E01010368,3,1,0.0,1.0,-1,3,70,1,1,1,16:32,5,2,8
2023131384986,2023,131384986,1,1,3,1,75,10,2,8,3,0,0,2,0,4,E01011823,6,1,1.0,0.0,-1,6,30,5,4,2,20:34,7,1,9
2023010485983,2023,010485983,2,1,1,1,56,9,3,0,0,0,0,0,1,2,E01032722,-1,0,0.0,1.0,-1,6,20,2,4,2,20:11,2,2,1
2023010460922,2023,010460922,1,1,1,1,23,5,3,0,0,0,0,0,3,2,E01003108,-1,0,0.0,1.0,-1,3,20,1,1,1,18:05,4,2,3
2023131349759,2023,131349759,1,1,1,1,42,7,2,0,0,0,0,0,5,5,E01010982,7,1,1.0,0.0,-1,6,60,1,1,1,17:52,4,2,5
2023010448130,2023,010448130,1,1,1,1,53,8,3,0,0,0,0,0,9,5,E01001658,-1,0,0.0,1.0,-1,3,40,8,1,1,12:50,6,2,9
2023041283226,2023,041283226,1,1,1,1,47,8,3,0,0,0,0,0,9,5,E01024998,3,1,0.0,1.0,-1,6,50,1,1,1,13:00,1,2,9
2023052300296,2023,052300296,1,1,2,2,82,11,3,0,0,1,0,0,9,3,E01006521,-1,0,0.11957,0.88043,-1,6,30,1,1,1,15:30,2,2,9
2023122301320,2023,122301320,1,1,1,2,40,7,2,0,0,0,0,0,9,1,E01025083,-1,0,1.0,0.0,-1,6,40,2,5,2,04:55,4,1,9
2023101263534,2023,101263534,1,1,3,2,11,3,3,6,9,0,0,0,0,6,E01008284,3,1,0.0,1.0,-1,6,30,1,1,2,08:30,6,1,9
2023401347642,2023,401347642,1,1,3,1,50,8,2,6,9,0,0,0,0,5,E01018135,5,1,1.0,0.0,-1,6,30,1,4,1,22:30,1,1,19
2023010421740,2023,010421740,2,1,1,1,47,8,3,0,0,0,0,0,3,2,E01004140,-1,0,0.0,1.0,-1,1,30,1,1,2,15:07,2,2,3