collision_index,collision_year,collision_ref_no,vehicle_reference,casualty_reference,casualty_class,sex_of_casualty,age_of_casualty,age_band_of_casualty,casualty_severity,pedestrian_location,pedestrian_movement,car_passenger,bus_or_coach_passenger,pedestrian_road_maintenance_worker,casualty_type,casualty_imd_decile,lsoa_of_casualty,enhanced_casualty_severity,casualty_injury_based,casualty_adjusted_severity_serious,casualty_adjusted_severity_slight,casualty_distance_banding,road_type,speed_limit,weather_conditions,light_conditions,road_surface_conditions,time,day_of_week,number_of_vehicles,vehicle_type
2023411282091,2023,411282091,2,1,1,2,25,5,3,0,0,0,0,0,9,6,E01023600,3,1,0.0,1.0,-1,6,30,1,1,2,07:19,3,2,9
2023461379723,2023,461379723,1,1,3,2,54,8,2,1,3,0,0,0,0,1,E01024657,6,1,1.0,0.0,-1,6,30,5,4,2,18:20,4,1,9
202360A031631,2023,60A031631,2,1,1,1,38,7,3,0,0,0,0,0,1,-1,-1,-1,0,0.12826,0.87174,-1,6,60,1,1,1,16:40,6,2,1
2023010426804,2023,010426804,2,1,1,2,31,6,3,0,0,0,0,0,9,5,E01033731,-1,0,0.0,1.0,-1,3,50,1,4,2,17:50,1,2,9
2023041390292,2023,041390292,1,1,1,2,85,11,3,0,0,0,0,0,9,5,E01025009,3,1,0.0,1.0,-1,6,30,2,4,2,15:44,3,1,9
2023440218413,2023,440218413,2,1,1,1,38,7,3,0,0,0,0,0,1,5,E01017068,-1,0,0.16551,0.83449,-1,6,30,1,1,1,15:40,6,2,1
2023332300873,2023,332300873,1,1,1,1,29,6,3,0,0,0,0,0,9,2,E01013647,-1,0,0.00559,0.99441,-1,6,30,2,1,2,18:40,4,2,9
2023340WN5502,2023,340WN5502,2,1,1,2,31,6,3,0,0,0,0,0,9,-1,-1,-1,0,0.00666,0.99334,-1,6,30,1,1,1,12:14,7,2,9
2023461354296,2023,461354296,1,1,1,2,68,10,3,0,0,0,0,0,9,2,E01024664,3,1,0.0,1.0,-1,6,30,1,1,1,17:18,4,2,9
2023501285166,2023,501285166,1,1,1,2,60,9,3,0,0,0,0,0,9,4,E01019002,3,1,0.0,1.0,-1,3,70,5,6,2,03:04,6,1,9
2023430546149,2023,430546149,2,1,1,1,26,6,3,0,0,0,0,0,-1,6,E01028558,-1,0,0.03455,0.96545,-1,6,30,2,4,2,07:15,3,2,-1
2023221287492,2023,221287492,2,1,2,2,28,6,3,0,0,1,0,0,9,8,W01000439,3,1,0.0,1.0,-1,3,70,2,6,5,18:45,7,2,9
2023610038423,2023,610038423,1,1,1,2,26,6,3,0,0,1,0,0,9,9,W01001398,-1,0,0.02652,0.97348,-1,6,30,1,1,1,12:30,1,2,9
2023302301200,2023,302301200,2,1,1,1,19,4,3,0,0,0,0,0,1,6,E01019475,-1,0,0.08573,0.91427,-1,6,30,1,1,1,18:30,2,2,1
2023010455258,2023,010455258,1,1,3,2,31,6,3,5,1,0,0,0,0,2,E01003205,-1,0,0.0,1.0,-1,6,30,1,4,1,00:20,7,1,9
2023141362790,2023,141362790,1,1,1,1,25,5,3,0,0,0,0,0,9,3,E01007777,3,1,0.0,1.0,-1,6,60,2,4,2,19:30,6,2,9
2023401338121,2023,401338121,2,2,1,1,61,9,3,0,0,0,0,0,9,2,E01015781,3,1,0.0,1.0,-1,6,60,1,1,1,07:09,3,3,9
2023501345323,2023,501345323,1,1,1,2,58,9,3,0,0,0,0,0,9,8,E01019951,3,1,0.0,1.0,-1,6,30,1,1,1,15:15,6,2,9
2023531329941,2023,531329941,1,1,1,1,44,7,3,0,0,0,0,0,9,7,E01022252,3,1,0.0,1.0,-1,6,40,2,1,2,14:43,7,2,9
2023010464518,2023,010464518,1,1,3,2,35,6,3,5,1,0,0,0,0,6,E01004481,-1,0,0.0,1.0,-1,6,30,1,1,1,18:35,4,1,9
2023501352208,2023,501352208,2,1,1,1,23,5,3,0,0,0,0,0,2,6,E01018917,3,1,0.0,1.0,-1,6,60,1,1,1,18:00,3,2,2
2023041353102,2023,041353102,1,2,2,2,19,4,3,0,0,0,0,0,4,4,E01024988,3,1,0.0,1.0,-1,6,30,1,1,1,12:20,7,2,4
2023141280666,2023,141280666,1,1,1,1,54,8,3,0,0,0,0,0,9,1,E01007764,3,1,0.0,1.0,-1,6,60,2,6,2,21:11,1,1,9
2023440057171,2023,440057171,2,1,1,1,62,9,3,0,0,0,0,0,9,9,E01022496,-1,0,0.01694,0.98306,-1,1,30,1,1,1,16:40,6,2,9
2023010481567,2023,010481567,1,1,3,1,2,1,3,1,3,0,0,0,0,3,E01001774,-1,0,0.0,1.0,-1,6,20,1,4,1,17:15,7,1,9
2023302301875,2023,302301875,1,1,1,2,72,10,2,0,0,0,0,0,9,-1,-1,-1,0,1.0,0.0,-1,6,60,2,6,2,15:56,3,2,9
2023421371198,2023,421371198,1,1,1,1,40,7,3,0,0,0,0,0,9,3,E01021641,3,1,0.0,1.0,-1,6,60,1,1,2,07:47,2,2,9
2023610036723,2023,610036723,1,1,1,1,37,7,3,0,0,0,0,0,9,6,W01001241,-1,0,0.01153,0.98847,-1,6,20,1,1,1,11:35,1,2,9
2023010420758,2023,010420758,1,1,1,1,39,7,3,0,0,0,0,0,9,8,E01002942,-1,0,0.0,1.0,-1,1,30,1,4,1,17:20,3,2,9
2023340WN2732,2023,340WN2732,1,1,1,1,62,9,3,0,0,0,0,0,9,5,E01027176,-1,0,0.2278,0.7722,-1,6,30,1,4,1,00:30,2,1,9
2023631311555,2023,631311555,2,2,2,2,43,7,3,0,0,1,0,0,9,5,W01000567,3,1,0.0,1.0,-1,6,30,1,1,1,10:45,4,2,9
2023332300638,2023,332300638,1,1,3,1,3,1,3,5,3,0,0,0,0,5,E01025884,-1,0,0.06265,0.93735,-1,6,30,1,1,1,14:40,4,1,9
2023302301744,2023,302301744,2,1,1,1,60,9,2,0,0,0,0,0,1,1,E01019650,-1,0,1.0,0.0,-1,6,20,1,4,2,21:30,2,2,1
2023061293101,2023,061293101,2,1,1,1,20,4,3,0,0,0,0,0,9,1,E01005239,3,1,0.0,1.0,-1,6,20,1,4,1,00:42,3,2,9
2023170S11543,2023,170S11543,1,2,2,1,32,6,3,0,0,2,0,0,9,2,E01012249,-1,0,0.14926,0.85074,-1,6,30,1,4,1,00:43,5,1,9
2023201298303,2023,201298303,1,1,1,1,43,7,3,0,0,0,0,0,9,1,E01009309,3,1,0.0,1.0,-1,6,30,1,4,2,23:53,7,2,9
2023351305376,2023,351305376,2,2,2,2,51,8,3,0,0,1,0,0,9,10,E01018204,3,1,0.0,1.0,-1,6,60,1,1,1,11:16,3,2,9
2023991326296,2023,991326296,1,1,1,2,24,5,3,0,0,0,0,0,9,3,-1,3,1,0.0,1.0,-1,6,30,1,1,1,14:56,4,2,9
2023010425430,2023,010425430,1,1,1,1,29,6,3,0,0,0,0,0,97,1,E01002071,-1,0,0.0,1.0,-1,9,20,8,1,9,16:08,5,2,97
2023122300928,2023,122300928,2,3,2,-1,94,11,3,0,0,2,0,0,9,3,E01027824,-1,0,0.0877,0.9123,-1,6,60,1,1,1,13:07,1,2,9
2023101278807,2023,101278807,1,1,3,2,20,4,3,1,3,0,0,0,0,1,E01008333,3,1,0.0,1.0,-1,6,30,1,1,1,14:55,2,1,9
2023010486622,2023,010486622,1,1,1,2,21,5,3,0,0,0,0,0,3,4,E01000621,-1,0,0.0,1.0,-1,9,20,9,7,9,20:25,6,2,3
2023131277875,2023,131277875,2,1,1,1,31,6,3,0,0,0,0,0,9,1,E01010739,3,1,0.0,1.0,-1,6,30,9,4,2,01:15,7,2,9
2023141281041,2023,141281041,1,4,2,2,15,3,3,0,0,2,0,0,9,3,E01007433,3,1,0.0,1.0,-1,7,30,1,4,2,19:39,2,2,9
2023401395841,2023,401395841,1,1,1,1,43,7,3,0,0,0,0,0,9,3,E01017522,3,1,0.0,1.0,-1,1,70,1,4,1,19:54,7,2,9
2023161278987,2023,161278987,2,3,2,1,43,7,3,0,0,0,0,0,19,6,E01013250,3,1,0.0,1.0,-1,6,30,1,1,1,14:30,1,2,19
2023340NN0242,2023,340NN0242,1,1,1,1,44,7,3,0,0,0,0,0,-1,2,E01027314,-1,0,0.20207,0.79793,-1,6,30,1,4,1,22:00,6,2,-1
2023101310045,2023,101310045,3,1,1,2,53,8,2,0,0,0,0,0,9,2,E01020618,6,1,1.0,0.0,-1,1,30,1,1,1,08:35,2,3,9
2023201364179,2023,201364179,2,2,1,2,31,6,3,0,0,0,0,0,9,1,E01010414,3,1,0.0,1.0,-1,6,30,1,1,1,16:20,7,2,9
2023010478449,2023,010478449,1,1,3,1,79,11,2,5,1,0,0,0,0,4,E01033082,-1,0,1.0,0.0,-1,6,20,2,1,2,15:41,5,1,19
2023010502179,2023,010502179,1,1,3,1,28,6,1,5,1,0,0,0,0,-1,-1,-1,0,0.0,0.0,-1,6,30,1,7,1,22:28,2,1,11
2023131302422,2023,131302422,1,1,3,2,22,5,3,5,2,0,0,2,0,2,E01011450,3,1,0.0,1.0,-1,6,30,1,1,1,11:20,1,1,9
2023501290427,2023,501290427,1,1,1,1,26,6,3,0,0,0,0,0,3,7,E01015065,3,1,0.0,1.0,-1,1,60,1,1,2,12:08,6,1,3
2023170S11963,2023,170S11963,1,1,1,2,51,8,3,0,0,0,0,0,9,3,E01012289,-1,0,0.01989,0.98011,-1,6,30,1,4,2,19:35,6,2,9
2023421347442,2023,421347442,2,2,2,2,33,6,3,0,0,1,0,0,9,5,E01023295,3,1,0.0,1.0,-1,3,70,2,1,2,06:02,6,2,9
2023991273529,2023,991273529,1,2,1,1,17,4,3,0,0,0,0,0,9,6,-1,3,1,0.0,1.0,-1,6,60,2,6,2,00:10,3,1,9
2023010431545,2023,010431545,1,1,1,2,33,6,3,0,0,0,0,0,1,4,E01003115,-1,0,0.0,1.0,-1,6,20,1,1,1,17:15,6,2,1
2023010480988,2023,010480988,1,1,2,1,84,11,3,0,0,1,0,0,9,6,E01000727,-1,0,0.0,1.0,-1,6,30,1,4,1,17:09,4,2,9
2023471360591,2023,471360591,1,1,1,2,76,11,3,0,0,0,0,0,9,2,E01031456,3,1,0.0,1.0,-1,6,20,1,1,1,15:30,4,2,9
2023052301228,2023,052301228,2,1,1,1,25,5,3,0,0,0,0,0,9,8,E01025477,-1,0,0.04461,0.95539,-1,3,40,1,1,1,17:10,7,2,9
2023122301117,2023,122301117,2,2,1,2,58,9,3,0,0,0,0,0,9,7,E01027809,-1,0,0.04618,0.95382,-1,6,30,2,4,2,20:44,5,2,9
2023061284859,2023,061284859,2,1,1,-1,44,7,3,0,0,0,0,0,1,7,E01005771,3,1,0.0,1.0,-1,9,30,1,1,1,16:50,6,2,1
2023231361326,2023,231361326,2,1,1,1,11,3,3,0,0,0,0,0,1,4,E01031231,3,1,0.0,1.0,-1,6,30,1,1,1,08:20,5,2,1
2023052302785,2023,052302785,2,1,1,1,57,9,3,0,0,0,0,0,9,-1,-1,-1,0,0.03067,0.96933,-1,6,30,1,4,1,17:48,5,2,9
2023991382088,2023,991382088,2,1,1,2,43,7,3,0,0,0,0,0,9,6,-1,3,1,0.0,1.0,-1,3,30,2,1,2,14:50,1,2,9
2023010476124,2023,010476124,1,1,1,1,44,7,3,0,0,0,0,0,8,6,E01004634,-1,0,0.0,1.0,-1,6,20,9,6,2,03:25,7,2,8
2023461369634,2023,461369634,2,1,2,2,4,1,3,0,0,2,0,0,9,6,E01023979,3,1,0.0,1.0,-1,6,60,1,1,1,10:05,7,2,9
2023991276818,2023,991276818,1,1,1,1,17,4,3,0,0,0,0,0,9,6,-1,3,1,0.0,1.0,-1,6,60,1,6,1,22:54,3,1,9
2023010427405,2023,010427405,1,1,3,2,82,11,2,5,3,0,0,0,0,2,E01001006,-1,0,1.0,0.0,-1,1,20,1,1,1,14:10,4,1,9
2023010447284,2023,010447284,1,1,3,2,26,6,3,1,1,0,0,0,0,2,E01000095,-1,0,0.0,1.0,-1,6,20,1,1,1,08:05,2,1,9
2023052301911,2023,052301911,1,1,3,1,16,4,3,1,1,0,0,0,0,7,E01006940,-1,0,0.14363,0.85637,-1,6,30,1,1,1,14:00,6,1,11
2023201384731,2023,201384731,1,1,3,1,31,6,3,9,6,0,0,2,0,4,E01009012,3,1,0.0,1.0,-1,6,30,8,4,2,07:37,5,1,9
2023010465777,2023,010465777,1,1,1,1,36,7,3,0,0,0,0,0,3,3,E01000020,-1,0,0.0,1.0,-1,3,50,1,1,1,17:06,3,2,3
2023101390380,2023,101390380,1,1,1,2,23,5,2,0,0,0,0,0,9,-1,-1,7,1,1.0,0.0,-1,6,20,1,4,2,16:55,3,2,9
2023161281498,2023,161281498,2,2,2,2,40,7,3,0,0,2,0,0,9,6,E01012793,3,1,0.0,1.0,-1,3,70,1,4,1,18:45,3,2,9
2023451325849,2023,451325849,1,1,1,2,56,9,3,0,0,0,0,0,9,6,E01030842,3,1,0.0,1.0,-1,6,30,1,1,1,09:53,3,2,9
2023501287147,2023,501287147,1,2,1,2,53,8,3,0,0,0,0,0,9,-1,-1,3,1,0.0,1.0,-1,7,70,1,1,1,07:31,2,2,9
2023421390904,2023,421390904,2,3,2,2,16,4,3,0,0,2,0,0,9,9,E01021923,3,1,0.0,1.0,-1,6,30,9,4,2,20:13,6,2,9
2023440092574,2023,440092574,1,5,2,1,9,2,3,0,0,2,0,0,9,9,E01022689,-1,0,0.03737,0.96263,-1,6,40,2,1,2,13:32,3,2,9
2023440238822,2023,440238822,2,3,1,1,52,8,3,0,0,0,0,0,90,10,E01022928,-1,0,0.16216,0.83784,-1,6,30,1,1,1,11:33,6,2,90
2023451372208,2023,451372208,1,1,1,1,33,6,3,0,0,0,0,0,3,-1,-1,3,1,0.0,1.0,-1,3,30,8,4,1,20:00,3,2,3
2023010442852,2023,010442852,1,1,1,2,23,5,3,0,0,0,0,0,9,2,E01016004,-1,0,0.0,1.0,-1,6,20,1,4,1,02:50,1,1,9
2023010461611,2023,010461611,1,1,1,2,51,8,3,0,0,0,0,0,9,8,E01001541,-1,0,0.0,1.0,-1,6,30,1,4,1,22:10,1,2,9
2023101291559,2023,101291559,2,1,1,2,39,7,3,0,0,0,0,0,9,-1,-1,3,1,0.0,1.0,-1,6,30,1,4,1,20:35,7,2,9
2023501290342,2023,501290342,1,1,1,1,53,8,3,0,0,0,0,0,9,6,E01020152,3,1,0.0,1.0,-1,6,30,1,7,1,23:00,1,1,9
2023541295523,2023,541295523,1,2,2,1,28,6,3,0,0,1,0,0,9,5,E01023201,-1,0,0.04919,0.95081,-1,6,30,1,1,1,13:00,1,1,9
2023471374801,2023,471374801,1,1,3,1,-1,-1,3,8,5,0,0,0,0,-1,-1,3,1,0.0,1.0,-1,6,30,1,1,1,14:55,3,1,9
2023010486369,2023,010486369,1,1,1,1,17,4,3,0,0,0,0,0,2,3,E01003430,-1,0,0.0,1.0,-1,6,20,2,1,2,11:50,5,2,2
2023131304849,2023,131304849,2,1,1,1,74,10,2,0,0,0,0,0,4,8,E01025868,7,1,1.0,0.0,-1,6,30,1,1,1,11:12,7,2,4
2023201381428,2023,201381428,2,1,1,2,49,8,3,0,0,0,0,0,9,6,E01009778,3,1,0.0,1.0,-1,3,40,1,4,1,17:00,2,2,9
2023411370170,2023,411370170,2,3,2,2,25,5,3,0,0,-1,0,0,9,7,E01022087,3,1,0.0,1.0,-1,6,60,1,6,2,17:33,2,2,9
2023430124404,2023,430124404,2,1,1,1,30,6,2,0,0,0,0,0,1,6,E01016813,-1,0,1.0,0.0,-1,6,30,1,1,2,18:00,2,2,1
2023211369250,2023,211369250,1,1,1,1,18,4,2,0,0,0,0,0,3,8,E01029432,7,1,1.0,0.0,-1,6,30,1,1,1,15:25,1,2,3
2023170S22263,2023,170S22263,1,1,1,2,40,7,3,0,0,0,0,0,9,3,E01012278,-1,0,0.01815,0.98185,-1,6,30,1,4,1,16:30,3,2,9
2023010463203,2023,010463203,1,1,2,2,62,9,3,0,0,0,3,0,11,5,E01000360,-1,0,0.0,1.0,-1,6,30,1,1,1,17:12,4,1,11
2023320115481,2023,320115481,2,1,1,1,70,10,3,0,0,0,0,0,9,9,E01026211,-1,0,0.03307,0.96693,-1,6,50,1,1,1,15:42,5,2,9
2023332300274,2023,332300274,2,1,1,2,23,5,3,0,0,0,0,0,9,7,E01025654,-1,0,0.01018,0.98982,-1,6,30,1,4,1,20:30,1,2,9
2023430143030,2023,430143030,2,1,2,2,20,4,3,0,0,1,0,0,9,-1,-1,-1,0,0.03425,0.96575,-1,6,30,2,4,2,23:40,6,2,9
2023010420066,2023,010420066,1,1,1,1,55,8,3,0,0,0,0,0,9,4,E01002369,-1,0,0.0,1.0,-1,3,40,2,1,2,09:03,7,2,9
2023201325764,2023,201325764,2,1,1,2,-1,-1,3,0,0,0,0,0,9,2,E01010019,3,1,0.0,1.0,-1,6,30,1,1,1,13:30,5,2,9
2023421312418,2023,421312418,1,1,1,2,38,7,3,0,0,0,0,0,9,1,E01022026,3,1,0.0,1.0,-1,6,30,1,1,1,15:23,1,2,9
2023231401901,2023,231401901,2,1,1,2,38,7,3,0,0,0,0,0,9,6,E01031084,3,1,0.0,1.0,-1,6,30,1,4,2,16:46,1,2,9
2023522301664,2023,522301664,2,2,1,2,29,6,3,0,0,0,0,0,9,7,E01015010,-1,0,0.01462,0.98538,-1,6,30,1,1,1,13:35,5,2,9
2023401315509,2023,401315509,1,1,3,2,14,3,3,10,9,0,0,0,0,2,E01015759,3,1,0.0,1.0,-1,6,30,1,1,-1,14:30,5,1,9
2023552300372,2023,552300372,1,1,3,1,25,5,2,1,1,0,0,0,0,3,E01015449,-1,0,1.0,0.0,-1,6,30,1,1,1,11:53,2,1,9
2023010436638,2023,010436638,1,1,1,1,27,6,3,0,0,0,0,0,9,4,E01002607,-1,0,0.0,1.0,-1,3,50,1,4,1,20:35,1,2,9
2023461329296,2023,461329296,2,5,1,1,34,6,3,0,0,0,0,0,9,5,E01016034,3,1,0.0,1.0,-1,6,30,1,1,1,17:52,7,2,9
2023520301840,2023,520301840,1,1,1,2,73,10,3,0,0,0,0,0,9,6,E01022679,-1,0,0.06156,0.93844,-1,3,60,5,1,5,15:21,3,1,9
2023520401055,2023,520401055,1,1,1,2,35,6,3,0,0,0,0,0,9,4,E01029183,-1,0,0.01268,0.98732,-1,6,20,2,1,2,14:10,4,2,9
2023371390361,2023,371390361,1,3,2,1,93,11,1,0,0,2,0,0,20,6,E01029952,1,1,0.0,0.0,-1,6,60,1,6,2,19:30,3,2,20
2023991314483,2023,991314483,1,1,2,2,74,10,2,0,0,0,3,0,11,-1,-1,5,1,1.0,0.0,-1,6,30,1,1,1,12:30,7,1,11
2023221333542,2023,221333542,1,1,1,1,21,5,1,0,0,0,0,0,9,8,E01032146,1,1,0.0,0.0,-1,6,40,1,1,1,07:47,4,2,9
2023340NN2842,2023,340NN2842,2,3,1,1,21,5,3,0,0,0,0,0,9,7,E01027102,-1,0,0.05706,0.94294,-1,6,30,2,1,2,15:40,7,3,9
2023461355091,2023,461355091,2,1,2,2,26,6,3,0,0,2,0,0,9,3,E01016154,3,1,0.0,1.0,-1,6,30,1,1,1,18:32,1,2,9
2023461356314,2023,461356314,1,1,3,1,5,1,3,5,1,0,0,0,0,6,E01024180,3,1,0.0,1.0,-1,6,30,1,1,1,15:10,5,1,9
2023010449084,2023,010449084,2,1,1,1,20,4,3,0,0,0,0,0,1,2,E01003636,-1,0,0.0,1.0,-1,6,30,1,1,1,19:00,4,2,1
2023131368181,2023,131368181,2,1,1,2,39,7,2,0,0,0,0,0,1,-1,-1,7,1,1.0,0.0,-1,1,30,8,1,2,09:38,1,2,1
2023991363073,2023,991363073,1,1,1,1,58,9,2,0,0,0,0,0,5,4,-1,7,1,1.0,0.0,-1,6,60,1,1,1,15:00,1,1,5
2023201339197,2023,201339197,2,1,1,1,65,9,3,0,0,0,0,0,9,2,E01010058,3,1,0.0,1.0,-1,2,30,1,4,1,00:55,4,2,9
2023631326727,2023,631326727,1,1,1,1,22,5,2,0,0,0,0,0,22,3,W01000480,7,1,1.0,0.0,-1,6,30,1,1,1,17:35,5,2,22
2023401340012,2023,401340012,1,1,3,2,76,11,3,10,9,0,0,0,0,8,E01017488,3,1,0.0,1.0,-1,6,30,1,1,1,12:00,3,1,90
2023311311744,2023,311311744,2,1,1,2,26,6,3,0,0,0,0,0,9,7,E01028157,3,1,0.0,1.0,-1,6,30,1,1,1,16:36,5,3,9
2023440005938,2023,440005938,3,1,1,1,62,9,3,0,0,0,0,0,9,3,E01017181,-1,0,0.0268,0.9732,-1,3,70,1,6,1,16:48,5,3,9
2023991295162,2023,991295162,1,1,3,1,70,10,3,10,5,0,0,2,0,2,-1,3,1,0.0,1.0,-1,6,20,1,1,1,13:50,2,1,9
2023010450150,2023,010450150,1,1,1,1,24,5,3,0,0,0,0,0,1,5,E01003085,-1,0,0.0,1.0,-1,6,20,1,1,1,14:00,2,2,1
2023302300215,2023,302300215,2,2,1,1,61,9,2,0,0,0,0,0,9,-1,-1,-1,0,1.0,0.0,-1,6,30,1,1,1,12:47,1,2,9
2023340WN1452,2023,340WN1452,2,1,1,2,43,7,3,0,0,0,0,0,9,1,E01027168,-1,0,0.04843,0.95157,-1,6,30,1,1,2,17:05,3,2,9
2023991338421,2023,991338421,1,1,2,1,17,4,3,0,0,1,0,0,9,-1,-1,3,1,0.0,1.0,-1,6,60,1,1,1,11:25,7,1,9
2023131383630,2023,131383630,2,1,1,2,42,7,2,0,0,0,0,0,9,8,E01011051,7,1,1.0,0.0,-1,6,30,8,4,4,17:02,4,3,9
2023332300334,2023,332300334,1,2,2,2,11,3,3,0,0,2,0,0,9,2,E01009592,-1,0,0.00658,0.99342,-1,3,70,2,1,2,20:00,7,2,9
2023501299560,2023,501299560,2,2,1,1,31,6,3,0,0,0,0,0,9,3,E01019062,3,1,0.0,1.0,-1,6,30,1,1,2,17:33,6,3,9
2023522301543,2023,522301543,2,2,1,1,59,9,3,0,0,0,0,0,21,9,E01028775,-1,0,0.0387,0.9613,-1,6,40,1,1,1,09:28,3,3,21
2023041320103,2023,041320103,1,1,3,1,15,3,3,1,1,0,0,0,0,1,E01025181,3,1,0.0,1.0,-1,6,30,1,1,1,20:20,6,1,9
2023010461633,2023,010461633,1,1,1,1,25,5,3,0,0,0,0,0,1,6,E01004474,-1,0,0.0,1.0,-1,6,20,1,1,1,17:50,4,2,1
2023010438875,2023,010438875,1,1,1,1,44,7,2,0,0,0,0,0,9,3,E01003734,-1,0,1.0,0.0,-1,3,20,1,1,1,18:35,7,2,9
2023101331967,2023,101331967,1,3,2,2,51,8,3,0,0,1,0,0,9,3,E01008251,3,1,0.0,1.0,-1,6,30,1,1,2,14:59,6,2,9
2023141369328,2023,141369328,2,2,1,2,68,10,3,0,0,0,0,0,9,1,E01007474,3,1,0.0,1.0,-1,6,60,2,6,2,18:05,3,2,9
2023311329589,2023,311329589,1,1,2,2,52,8,3,0,0,1,0,0,9,3,E01027927,3,1,0.0,1.0,-1,6,30,2,4,2,01:24,7,2,9
2023545273323,2023,545273323,1,3,2,1,61,9,3,0,0,1,0,0,9,2,E01003968,-1,0,0.10788,0.89212,-1,6,60,1,1,1,06:29,7,2,9
2023991361378,2023,991361378,2,1,1,2,48,8,2,0,0,0,0,0,9,-1,-1,6,1,1.0,0.0,-1,6,60,1,1,1,14:00,6,2,9
2023520300610,2023,520300610,2,40,2,1,35,6,2,0,0,0,4,0,11,4,W01000605,-1,0,1.0,0.0,-1,6,40,1,6,4,06:00,3,3,11
2023631346141,2023,631346141,2,2,1,1,59,9,3,0,0,0,0,0,19,9,W01000203,3,1,0.0,1.0,-1,6,60,1,1,1,07:08,2,2,19
2023010468898,2023,010468898,1,1,1,1,48,8,3,0,0,0,0,0,1,1,E01001562,-1,0,0.0,1.0,-1,6,20,1,1,1,07:46,6,2,1
2023131373862,2023,131373862,2,1,1,1,44,7,2,0,0,0,0,0,9,7,E01011350,7,1,1.0,0.0,-1,6,30,2,7,2,08:35,2,2,9
2023161325110,2023,161325110,2,1,1,1,72,10,2,0,0,0,0,0,9,3,E01012759,7,1,1.0,0.0,-1,6,30,1,1,1,16:00,7,3,9
2023451263551,2023,451263551,1,1,1,1,36,7,3,0,0,0,0,0,9,6,E01030312,3,1,0.0,1.0,-1,6,20,1,1,1,12:30,1,2,9
2023101285576,2023,101285576,1,1,1,1,22,5,3,0,0,0,0,0,97,-1,-1,3,1,0.0,1.0,-1,6,30,1,1,1,14:01,5,2,97
2023430471162,2023,430471162,2,1,1,1,46,8,2,0,0,0,0,0,1,6,E01016310,-1,0,1.0,0.0,-1,6,30,2,4,2,19:30,5,2,1
2023201300734,2023,201300734,1,1,1,2,21,5,3,0,0,0,0,0,9,1,E01006950,3,1,0.0,1.0,-1,3,30,1,4,1,10:44,2,2,9
2023522400332,2023,522400332,1,1,1,2,47,8,3,0,0,0,0,0,9,9,E01014710,-1,0,0.00265,0.99735,-1,3,70,2,1,2,17:00,1,2,9
2023101319502,2023,101319502,1,1,3,2,11,3,3,1,1,0,0,0,0,-1,-1,3,1,0.0,1.0,-1,3,30,1,1,1,15:30,3,1,9
2023332301176,2023,332301176,1,1,3,2,15,3,3,4,9,0,0,0,0,6,E01025646,-1,0,0.08434,0.91566,-1,3,30,1,4,1,19:30,7,1,9
2023411354500,2023,411354500,2,1,1,2,67,10,3,0,0,0,0,0,9,9,E01023823,3,1,0.0,1.0,-1,6,30,1,1,1,16:05,4,2,9
2023471334734,2023,471334734,3,3,2,2,73,10,3,0,0,1,0,0,9,4,E01016130,3,1,0.0,1.0,-1,3,50,1,1,1,17:30,7,3,9
2023520001406,2023,520001406,2,2,1,1,62,9,3,0,0,0,0,0,9,-1,-1,-1,0,0.01691,0.98309,-1,6,30,1,1,1,12:00,5,3,9
2023101346229,2023,101346229,2,1,1,1,21,5,2,0,0,0,0,0,1,4,E01008582,7,1,1.0,0.0,-1,6,30,1,4,1,21:07,2,2,1
2023010457174,2023,010457174,1,1,1,-1,36,7,3,0,0,0,0,0,3,5,E01001310,-1,0,0.0,1.0,-1,6,20,9,7,9,19:15,7,2,3
2023351321599,2023,351321599,1,2,2,2,22,5,3,0,0,1,0,0,9,4,E01018044,3,1,0.0,1.0,-1,6,30,1,1,1,17:12,6,2,9
2023361269471,2023,361269471,1,1,2,1,55,8,3,0,0,0,0,0,90,5,E01026493,3,1,0.0,1.0,-1,6,30,1,4,1,19:15,7,1,90
2023101374451,2023,101374451,2,1,1,1,22,5,3,0,0,0,0,0,1,-1,-1,3,1,0.0,1.0,-1,3,40,1,1,1,08:10,7,2,1
2023201310398,2023,201310398,1,1,1,1,31,6,3,0,0,0,0,0,9,6,E01032462,3,1,0.0,1.0,-1,3,40,1,4,1,20:20,5,2,9
2023131355784,2023,131355784,2,4,1,1,28,6,2,0,0,0,0,0,9,-1,-1,7,1,1.0,0.0,-1,3,70,2,1,2,14:55,1,2,9
2023131367431,2023,131367431,1,1,1,2,37,7,3,0,0,0,0,0,9,3,E01011843,3,1,0.0,1.0,-1,6,30,1,7,1,17:15,5,2,9
2023161383189,2023,161383189,2,2,1,2,41,7,2,0,0,0,0,0,9,3,E01012784,6,1,1.0,0.0,-1,6,60,1,6,4,06:41,4,4,9
2023440507391,2023,440507391,1,1,1,1,61,9,3,0,0,0,0,0,9,6,E01023104,-1,0,0.0286,0.9714,-1,6,30,1,4,1,18:56,3,2,9
2023010441953,2023,010441953,1,1,1,1,37,7,3,0,0,0,0,0,9,2,E01001761,-1,0,0.0,1.0,-1,6,20,8,1,1,20:10,6,2,9
2023010456239,2023,010456239,1,1,1,2,38,7,3,0,0,0,0,0,9,4,E01003115,-1,0,0.0,1.0,-1,6,20,1,1,1,17:56,4,2,9