collision_index,collision_year,collision_ref_no,vehicle_reference,casualty_reference,casualty_class,sex_of_casualty,age_of_casualty,age_band_of_casualty,casualty_severity,pedestrian_location,pedestrian_movement,car_passenger,bus_or_coach_passenger,pedestrian_road_maintenance_worker,casualty_type,casualty_imd_decile,lsoa_of_casualty,enhanced_casualty_severity,casualty_injury_based,casualty_adjusted_severity_serious,casualty_adjusted_severity_slight,casualty_distance_banding,road_type,speed_limit,weather_conditions,light_conditions,road_surface_conditions,time,day_of_week,number_of_vehicles,vehicle_type
2023010457522,2023,010457522,1,1,2,1,37,7,3,0,0,2,0,0,9,7,E01002514,-1,0,0.0,1.0,-1,6,20,1,1,1,13:15,5,2,9
2023440056603,2023,440056603,2,2,1,2,59,9,3,0,0,0,0,0,9,10,E01023229,-1,0,0.05072,0.94928,-1,6,30,1,1,1,11:35,6,2,9
2023471381127,2023,471381127,1,1,1,1,19,4,3,0,0,0,0,0,9,5,E01016884,3,1,0.0,1.0,-1,6,30,1,4,1,01:25,6,2,9
2023010450155,2023,010450155,1,1,2,1,0,1,3,0,0,0,4,0,11,7,E01000862,-1,0,0.0,1.0,-1,6,20,1,1,1,18:50,2,1,11
2023302301622,2023,302301622,1,3,2,1,64,9,3,0,0,2,0,0,9,9,E01019464,-1,0,0.06373,0.93627,-1,6,30,1,1,1,09:38,1,2,9
2023451355625,2023,451355625,1,2,2,1,31,6,2,0,0,2,0,0,9,5,E01016392,7,1,1.0,0.0,-1,3,70,1,1,1,16:25,7,3,9
2023471391887,2023,471391887,1,1,2,2,96,11,2,0,0,1,0,0,9,9,E01016786,5,1,1.0,0.0,-1,6,30,4,4,1,19:40,7,2,9
202360A010944,2023,60A010944,2,1,1,1,47,8,3,0,0,0,0,0,9,-1,-1,-1,0,0.10604,0.89396,-1,6,30,1,4,2,18:50,2,2,9
2023061267810,2023,061267810,2,1,1,1,13,3,3,0,0,0,0,0,1,2,E01005974,3,1,0.0,1.0,-1,6,20,1,4,2,20:20,3,2,1
2023231386869,2023,231386869,1,3,2,1,2,1,3,0,0,2,0,0,9,5,E01031009,3,1,0.0,1.0,-1,6,50,2,6,2,20:45,1,1,9
2023631350198,2023,631350198,2,4,2,1,79,11,2,0,0,0,4,0,11,8,E01019101,7,1,1.0,0.0,-1,6,60,1,1,1,14:10,3,3,11
2023201355924,2023,201355924,2,1,1,2,20,4,2,0,0,0,0,0,9,3,E01031080,7,1,1.0,0.0,-1,6,60,2,1,2,13:43,2,2,9
2023311327124,2023,311327124,1,1,1,1,21,5,3,0,0,0,0,0,9,9,E01028149,3,1,0.0,1.0,-1,6,50,1,1,1,18:57,6,2,9
2023430427523,2023,430427523,1,1,1,2,25,5,3,0,0,0,0,0,9,-1,-1,-1,0,0.05352,0.94648,-1,3,70,1,1,1,14:37,7,4,9
2023010449888,2023,010449888,2,1,1,1,32,6,3,0,0,0,0,0,9,3,E01015619,-1,0,0.0,1.0,-1,3,50,1,1,1,13:53,1,4,9
2023340WN3942,2023,340WN3942,1,1,1,1,79,11,3,0,0,0,0,0,9,8,E01031180,-1,0,0.13667,0.86333,-1,6,30,1,1,2,12:30,7,2,9
2023520300051,2023,520300051,2,1,1,2,46,8,3,0,0,0,0,0,9,5,E01029314,-1,0,0.02326,0.97674,-1,6,60,2,1,2,19:35,3,2,9
2023221261327,2023,221261327,1,1,3,1,32,6,3,9,5,0,0,1,0,2,E01009890,3,1,0.0,1.0,-1,6,60,1,1,2,08:30,4,1,9
2023522300798,2023,522300798,1,1,1,1,18,4,3,0,0,0,0,0,1,3,E01014644,-1,0,0.03262,0.96738,-1,1,40,5,1,2,14:45,5,2,1
2023461270177,2023,461270177,2,1,1,1,35,6,3,0,0,0,0,0,4,3,E01024482,3,1,0.0,1.0,-1,6,40,1,7,2,11:15,1,2,4
2023010430589,2023,010430589,1,1,2,2,10,2,3,0,0,2,0,0,9,2,E01003783,-1,0,0.0,1.0,-1,3,50,1,4,1,23:28,1,3,9
2023010467690,2023,010467690,1,1,1,1,23,5,3,0,0,0,0,0,3,2,E01001893,-1,0,0.0,1.0,-1,6,20,1,1,1,09:17,6,2,3
2023461296646,2023,461296646,1,1,3,2,13,3,2,4,2,0,0,0,0,8,E01016082,7,1,1.0,0.0,-1,6,30,1,1,1,12:36,7,1,9
2023010465947,2023,010465947,1,1,1,2,37,7,3,0,0,0,0,0,5,2,E01015781,-1,0,0.0,1.0,-1,6,20,1,4,1,19:15,4,2,5
202360A064590,2023,60A064590,2,3,2,1,33,6,3,0,0,2,0,0,8,-1,-1,-1,0,0.0682,0.9318,-1,6,30,1,1,1,17:39,3,2,8
2023010464471,2023,010464471,1,1,1,1,40,7,3,0,0,0,0,0,9,3,E01000372,-1,0,0.0,1.0,-1,9,30,1,4,1,21:50,4,2,9
2023041292639,2023,041292639,2,1,1,2,72,10,3,0,0,0,0,0,9,8,E01025564,3,1,0.0,1.0,-1,6,40,1,1,1,15:55,6,3,9
2023411337377,2023,411337377,2,2,2,1,19,4,3,0,0,2,0,0,9,6,E01023762,3,1,0.0,1.0,-1,1,30,1,1,1,22:28,5,2,9
2023440482133,2023,440482133,1,1,1,2,34,6,3,0,0,0,0,0,9,9,E01022717,-1,0,0.10719,0.89281,-1,6,40,1,6,1,23:03,6,2,9
2023430001559,2023,430001559,1,1,1,1,36,7,2,0,0,0,0,0,2,3,E01017711,-1,0,1.0,0.0,-1,6,30,1,1,2,11:43,2,2,2
2023461341974,2023,461341974,1,1,1,2,24,5,3,0,0,0,0,0,3,8,E01024845,3,1,0.0,1.0,-1,6,60,1,1,1,06:16,7,1,3
2023052300163,2023,052300163,2,1,2,2,47,8,3,0,0,1,0,0,9,2,E01006657,-1,0,0.02135,0.97865,-1,3,30,1,4,2,18:15,3,2,9
2023122301235,2023,122301235,2,2,2,1,19,4,3,0,0,1,0,0,9,8,E01027887,-1,0,0.0393,0.9607,-1,6,60,1,6,1,20:20,1,2,9
2023461312863,2023,461312863,2,2,1,2,29,6,3,0,0,0,0,0,9,4,E01016129,3,1,0.0,1.0,-1,6,30,1,1,1,19:30,7,2,9
2023161322825,2023,161322825,2,1,1,1,49,8,3,0,0,0,0,0,-1,-1,-1,3,1,0.0,1.0,-1,6,30,1,1,1,13:25,6,2,-1
2023211351531,2023,211351531,2,1,2,2,17,4,3,0,0,2,0,0,9,-1,-1,3,1,0.0,1.0,-1,2,30,1,1,-1,08:30,6,2,9
2023231275557,2023,231275557,2,1,1,2,49,8,3,0,0,0,0,0,9,5,E01009556,3,1,0.0,1.0,-1,6,50,1,1,1,09:34,4,3,9
2023302300600,2023,302300600,2,1,1,1,17,4,3,0,0,0,0,0,1,1,E01019444,-1,0,0.08177,0.91823,-1,6,30,1,1,1,06:30,3,2,1
2023401275522,2023,401275522,1,1,3,2,24,5,3,6,9,0,0,0,0,-1,-1,3,1,0.0,1.0,-1,6,30,9,1,-1,16:15,4,1,98
2023622300891,2023,622300891,1,1,3,2,66,10,3,10,3,0,0,0,0,10,W01000770,-1,0,0.10245,0.89755,-1,6,20,2,4,2,11:54,3,1,8
2023351283548,2023,351283548,2,1,1,2,50,8,3,0,0,0,0,0,3,4,E01018046,3,1,0.0,1.0,-1,6,60,1,1,2,11:34,7,2,3
2023522400617,2023,522400617,2,2,2,2,11,3,3,0,0,1,0,0,9,3,E01014501,-1,0,0.01625,0.98375,-1,3,30,1,1,1,08:30,2,2,9
2023440391896,2023,440391896,1,1,1,1,51,8,2,0,0,0,0,0,-1,3,E01017020,-1,0,1.0,0.0,-1,6,30,1,1,1,17:35,2,3,-1
2023111349797,2023,111349797,2,3,1,1,27,6,3,0,0,0,0,0,9,2,E01020897,3,1,0.0,1.0,-1,6,60,1,1,1,17:46,4,2,9
2023161329439,2023,161329439,2,1,1,1,29,6,3,0,0,0,0,0,9,5,E01013107,3,1,0.0,1.0,-1,3,70,2,1,2,11:10,6,3,9
2023332300201,2023,332300201,2,4,2,2,64,9,3,0,0,2,0,0,9,8,E01025671,-1,0,0.05111,0.94889,-1,6,50,8,1,1,14:09,1,2,9
2023461279181,2023,461279181,2,1,1,1,63,9,3,0,0,0,0,0,9,6,E01023977,3,1,0.0,1.0,-1,6,30,1,1,1,11:50,7,2,9
2023991326313,2023,991326313,1,2,2,2,5,1,3,0,0,2,0,0,9,-1,-1,3,1,0.0,1.0,-1,6,60,1,1,1,14:15,4,1,9
2023010485398,2023,010485398,2,1,1,1,30,6,3,0,0,0,0,0,1,4,E01002744,-1,0,0.0,1.0,-1,6,20,1,1,1,15:40,5,2,1
2023231281611,2023,231281611,2,1,1,1,12,3,3,0,0,0,0,0,1,4,E01031054,3,1,0.0,1.0,-1,6,30,1,1,1,14:40,5,2,1
2023010435297,2023,010435297,2,2,2,1,18,4,3,0,0,0,0,0,3,6,E01023121,-1,0,0.0,1.0,-1,6,30,1,4,2,22:55,6,2,3
2023031353357,2023,031353357,1,1,1,2,33,6,3,0,0,0,0,0,9,8,E01025086,3,1,0.0,1.0,-1,3,70,1,1,1,13:20,5,2,9
2023061260718,2023,061260718,1,1,1,1,39,7,3,0,0,0,0,0,9,1,E01033258,3,1,0.0,1.0,-1,6,30,1,4,2,17:07,7,2,9
2023141329890,2023,141329890,1,1,1,1,64,9,3,0,0,0,0,0,9,-1,-1,3,1,0.0,1.0,-1,6,50,1,1,1,10:00,1,1,9
2023201420246,2023,201420246,2,1,1,2,61,9,3,0,0,0,0,0,9,7,E01010122,3,1,0.0,1.0,-1,3,30,1,1,1,16:30,2,3,9
2023302400083,2023,302400083,1,3,2,1,19,4,3,0,0,2,0,0,9,6,E01019594,-1,0,0.06308,0.93692,-1,7,70,2,4,2,19:00,7,2,9
2023010449441,2023,010449441,1,1,3,1,26,6,3,4,1,0,0,0,0,3,E01003625,-1,0,0.0,1.0,-1,6,30,1,1,1,13:25,6,1,9
2023302301075,2023,302301075,2,1,1,1,18,4,3,0,0,0,0,0,1,1,E01019650,-1,0,0.07498,0.92502,-1,6,30,1,1,1,16:40,4,2,1
2023201450835,2023,201450835,1,1,1,1,54,8,3,0,0,0,0,0,9,5,E01010069,3,1,0.0,1.0,-1,1,30,1,4,1,13:34,6,2,9
2023552300954,2023,552300954,1,1,1,1,18,4,3,0,0,0,0,0,9,6,E01029156,-1,0,0.04928,0.95072,-1,6,60,1,1,1,16:29,2,2,9
2023991299886,2023,991299886,2,1,1,2,51,8,2,0,0,0,0,0,9,3,-1,7,1,1.0,0.0,-1,6,60,1,1,1,11:42,1,2,9
2023430487327,2023,430487327,1,1,1,2,17,4,3,0,0,0,0,0,3,6,E01016588,-1,0,0.18308,0.81692,-1,6,60,1,1,2,08:35,2,2,3
2023010478024,2023,010478024,1,1,1,1,31,6,3,0,0,0,0,0,5,7,E01016123,-1,0,0.0,1.0,-1,6,20,1,4,2,05:10,3,2,5
2023522400333,2023,522400333,1,2,2,2,23,5,3,0,0,2,0,0,8,5,E01014518,-1,0,0.00689,0.99311,-1,6,20,1,1,1,14:00,7,2,8
2023041381706,2023,041381706,2,1,1,1,64,9,3,0,0,0,0,0,9,6,E01025598,3,1,0.0,1.0,-1,3,70,2,4,2,17:05,7,2,9
2023101359554,2023,101359554,1,1,2,2,76,11,2,0,0,1,0,0,9,1,E01008703,6,1,1.0,0.0,-1,6,30,2,4,2,21:40,4,2,9
2023221280977,2023,221280977,2,2,1,1,31,6,3,0,0,0,0,0,9,1,E01007511,3,1,0.0,1.0,-1,6,60,1,1,1,14:56,5,2,9
2023320353274,2023,320353274,2,2,2,2,3,1,3,0,0,2,0,0,9,8,E01028358,-1,0,0.05818,0.94182,-1,6,60,1,1,1,15:26,6,2,9
2023440026373,2023,440026373,2,1,1,2,35,6,3,0,0,0,0,0,9,3,E01022902,-1,0,0.02995,0.97005,-1,6,30,1,1,1,13:04,6,2,9
2023991283574,2023,991283574,1,1,1,2,35,6,2,0,0,0,0,0,9,2,-1,5,1,1.0,0.0,-1,6,30,1,1,1,10:15,2,2,9
2023302300299,2023,302300299,2,1,1,1,58,9,3,0,0,0,0,0,4,5,E01019642,-1,0,0.04634,0.95366,-1,1,40,9,1,1,14:15,5,2,4
2023041309388,2023,041309388,2,1,1,1,62,9,3,0,0,0,0,0,5,6,E01025546,3,1,0.0,1.0,-1,6,30,1,1,1,16:02,6,2,5
2023430033179,2023,430033179,2,1,1,1,48,8,2,0,0,0,0,0,5,9,E01017783,-1,0,1.0,0.0,-1,1,60,1,4,1,06:24,2,2,5
2023522400462,2023,522400462,1,1,1,2,27,6,3,0,0,0,0,0,9,10,E01014903,-1,0,0.00735,0.99265,-1,6,30,2,6,2,11:00,6,3,9
2023340NN1072,2023,340NN1072,2,1,1,1,26,6,2,0,0,0,0,0,2,7,E01026979,-1,0,1.0,0.0,-1,6,60,1,1,2,13:52,6,2,2
2023471301951,2023,471301951,2,1,2,2,20,4,3,0,0,2,0,0,9,3,E01021090,3,1,0.0,1.0,-1,6,30,2,1,2,18:15,5,2,9
2023501351394,2023,501351394,1,2,1,1,18,4,3,0,0,0,0,0,9,2,E01015023,3,1,0.0,1.0,-1,6,30,1,1,1,11:42,6,1,9
2023451350144,2023,451350144,1,2,2,2,61,9,3,0,0,1,0,0,9,5,E01030984,3,1,0.0,1.0,-1,7,70,1,1,1,18:50,4,2,9
2023991317620,2023,991317620,2,2,1,2,19,4,3,0,0,0,0,0,9,-1,-1,3,1,0.0,1.0,-1,6,60,1,1,1,11:20,5,3,9
2023221357797,2023,221357797,1,1,1,1,9,2,3,0,0,0,0,0,1,5,E01032309,3,1,0.0,1.0,-1,6,30,1,1,1,15:29,3,2,1
2023122300601,2023,122300601,1,1,3,2,74,10,3,5,9,0,0,0,0,5,E01027564,-1,0,0.0651,0.9349,-1,6,30,2,1,2,15:35,3,1,9
2023010434476,2023,010434476,2,1,1,1,38,7,3,0,0,0,0,0,1,9,E01030438,-1,0,0.0,1.0,-1,6,20,1,1,1,08:41,2,2,1
2023340WN1972,2023,340WN1972,2,4,2,1,11,3,3,0,0,2,0,0,9,-1,-1,-1,0,0.04242,0.95758,-1,6,30,2,1,2,15:28,6,2,9
2023430388864,2023,430388864,2,3,1,2,32,6,3,0,0,0,0,0,9,9,E01022536,-1,0,0.05245,0.94755,-1,6,40,1,1,1,17:50,4,2,9
2023010458257,2023,010458257,1,1,3,1,21,5,3,5,2,0,0,0,0,4,E01004642,-1,0,0.0,1.0,-1,6,20,1,1,1,17:19,2,1,9
2023302300028,2023,302300028,1,1,3,1,18,4,1,5,1,0,0,0,0,10,E01033532,-1,0,0.0,0.0,-1,7,70,1,6,2,02:00,6,1,9
2023070116144,2023,070116144,2,1,1,1,51,8,3,0,0,0,0,0,1,7,E01018393,-1,0,0.07659,0.92341,-1,6,30,1,1,1,09:30,5,2,1
2023231379806,2023,231379806,2,1,1,1,44,7,3,0,0,0,0,0,5,-1,-1,3,1,0.0,1.0,-1,6,30,1,1,1,08:01,2,3,5
2023141354916,2023,141354916,1,1,2,2,39,7,2,0,0,1,0,0,9,-1,-1,7,1,1.0,0.0,-1,6,30,1,1,1,14:56,4,2,9
2023141378813,2023,141378813,2,1,1,2,33,6,3,0,0,0,0,0,9,4,E01011892,3,1,0.0,1.0,-1,3,30,1,4,1,12:11,7,2,9
2023401274306,2023,401274306,2,1,1,1,38,7,3,0,0,0,0,0,9,8,E01017461,3,1,0.0,1.0,-1,3,70,1,1,2,17:18,2,5,9
2023471344729,2023,471344729,1,2,2,1,18,4,3,0,0,0,0,0,19,10,E01021227,3,1,0.0,1.0,-1,6,50,1,1,1,09:50,4,3,19
2023122300165,2023,122300165,1,1,3,1,42,7,2,1,1,0,0,0,0,9,E01027664,-1,0,1.0,0.0,-1,6,30,1,4,1,17:10,2,1,9
2023421303600,2023,421303600,1,1,1,1,47,8,3,0,0,0,0,0,1,3,E01003727,3,1,0.0,1.0,-1,6,30,1,1,1,19:05,3,2,1
2023430038003,2023,430038003,2,1,1,1,62,9,3,0,0,0,0,0,1,8,E01028462,-1,0,0.07332,0.92668,-1,6,30,8,1,2,16:00,4,2,1
2023010422390,2023,010422390,4,4,1,1,36,7,3,0,0,0,0,0,9,6,E01023720,-1,0,0.0,1.0,-1,3,50,1,4,1,19:20,5,5,9
2023340WN5982,2023,340WN5982,3,4,2,1,39,7,3,0,0,1,0,0,9,-1,-1,-1,0,0.11319,0.88681,-1,6,60,1,6,1,06:40,2,3,9
2023501294512,2023,501294512,1,1,1,2,40,7,3,0,0,0,0,0,9,2,E01015218,3,1,0.0,1.0,-1,6,30,1,4,1,19:46,5,1,9
2023161325287,2023,161325287,1,1,1,2,30,6,2,0,0,0,0,0,3,5,E01013030,5,1,1.0,0.0,-1,1,30,1,1,1,20:00,6,2,3
2023231371672,2023,231371672,1,2,2,2,19,4,3,0,0,1,0,0,9,6,E01031193,3,1,0.0,1.0,-1,6,50,2,6,2,00:03,1,1,9
2023461388145,2023,461388145,2,1,2,2,36,7,3,0,0,1,0,0,9,3,E01024001,3,1,0.0,1.0,-1,6,30,2,1,2,10:45,7,2,9
2023631393432,2023,631393432,1,1,1,1,31,6,2,0,0,0,0,0,9,3,W01000515,6,1,1.0,0.0,-1,6,60,1,6,5,18:15,7,1,9
2023610023923,2023,610023923,1,1,1,1,27,6,2,0,0,0,0,0,3,7,E01022248,-1,0,1.0,0.0,-1,6,30,1,1,1,15:09,4,1,3
2023131361709,2023,131361709,2,1,1,2,52,8,3,0,0,0,0,0,9,5,E01011782,3,1,0.0,1.0,-1,9,30,1,1,1,13:10,2,2,9
2023201381777,2023,201381777,2,1,1,2,23,5,3,0,0,0,0,0,9,2,E01009751,3,1,0.0,1.0,-1,3,30,1,4,2,06:40,3,2,9
2023320270149,2023,320270149,1,2,1,2,34,6,3,0,0,0,0,0,9,2,E01026166,-1,0,0.06889,0.93111,-1,6,50,1,1,1,17:30,5,2,9
2023401262324,2023,401262324,3,1,1,1,30,6,3,0,0,0,0,0,19,8,E01015706,3,1,0.0,1.0,-1,6,30,1,4,-1,17:45,5,4,19
2023010456468,2023,010456468,1,1,1,1,33,6,3,0,0,0,0,0,1,3,E01003164,-1,0,0.0,1.0,-1,6,30,1,1,1,12:45,6,2,1
2023131381089,2023,131381089,1,1,1,1,22,5,2,0,0,0,0,0,9,6,E01011425,6,1,1.0,0.0,-1,6,30,1,4,2,22:20,4,4,9
2023451286856,2023,451286856,2,2,1,1,49,8,3,0,0,0,0,0,9,6,E01000487,3,1,0.0,1.0,-1,3,70,1,1,2,09:30,3,2,9
2023041362370,2023,041362370,2,1,2,2,75,10,3,0,0,0,3,0,11,4,E01025198,3,1,0.0,1.0,-1,6,30,1,1,1,15:00,4,2,11
2023010428363,2023,010428363,2,1,1,1,48,8,3,0,0,0,0,0,9,7,E01002578,-1,0,0.0,1.0,-1,6,30,1,1,1,10:25,3,3,9
2023320549670,2023,320549670,4,1,2,2,56,9,3,0,0,1,0,0,9,1,E01007320,-1,0,0.03828,0.96172,-1,6,60,1,1,1,13:19,2,6,9
2023421370514,2023,421370514,1,3,1,2,36,7,3,0,0,0,0,0,9,1,E01016007,3,1,0.0,1.0,-1,6,40,1,1,1,14:40,6,2,9
2023991322721,2023,991322721,2,1,1,1,64,9,3,0,0,0,0,0,9,1,E01019197,3,1,0.0,1.0,-1,3,70,2,1,5,13:34,1,2,9
2023010484275,2023,010484275,1,1,1,1,34,6,3,0,0,0,0,0,1,1,E01004464,-1,0,0.0,1.0,-1,9,20,1,4,1,18:50,6,2,1
2023201311226,2023,201311226,2,1,1,1,21,5,3,0,0,0,0,0,9,2,E01009840,3,1,0.0,1.0,-1,6,30,1,4,1,20:00,1,2,9
2023361377810,2023,361377810,1,1,1,2,36,7,3,0,0,0,0,0,9,6,E01026707,3,1,0.0,1.0,-1,6,60,1,6,1,18:44,4,2,9
2023471297103,2023,471297103,1,2,2,2,27,6,3,0,0,1,0,0,9,8,E01030529,3,1,0.0,1.0,-1,6,60,1,1,1,09:37,7,1,9
2023991353172,2023,991353172,1,1,1,2,59,9,3,0,0,0,0,0,9,3,-1,3,1,0.0,1.0,-1,6,60,1,1,1,15:55,7,2,9
2023061276437,2023,061276437,1,1,1,1,25,5,3,0,0,0,0,0,9,3,E01005215,3,1,0.0,1.0,-1,3,50,1,4,1,01:30,1,1,9
2023131310759,2023,131310759,2,1,1,1,38,7,2,0,0,0,0,0,9,5,E01010708,7,1,1.0,0.0,-1,6,30,1,4,1,21:37,3,2,9
2023440379784,2023,440379784,1,1,1,2,23,5,3,0,0,0,0,0,9,10,E01016322,-1,0,0.05824,0.94176,-1,3,50,2,1,2,15:06,1,2,9
2023411400048,2023,411400048,2,1,1,2,34,6,3,0,0,0,0,0,9,4,E01021843,3,1,0.0,1.0,-1,3,40,2,7,2,08:15,4,2,9
2023461358425,2023,461358425,2,2,1,2,35,6,3,0,0,0,0,0,9,7,E01032811,3,1,0.0,1.0,-1,6,30,1,1,1,14:55,2,2,9
2023461384639,2023,461384639,2,1,1,1,52,8,2,0,0,0,0,0,1,1,E01024563,6,1,1.0,0.0,-1,6,30,1,1,1,13:04,6,2,1
2023401382915,2023,401382915,1,1,1,1,22,5,3,0,0,0,0,0,3,3,E01027317,3,1,0.0,1.0,-1,6,30,1,1,4,08:41,4,1,3
2023302300702,2023,302300702,1,1,1,1,80,11,3,0,0,0,0,0,5,4,E01019458,-1,0,0.2695,0.7305,-1,6,30,1,1,1,16:15,3,2,5
2023332300335,2023,332300335,1,1,1,1,55,8,2,0,0,0,0,0,5,-1,-1,-1,0,1.0,0.0,-1,3,70,1,1,1,10:00,4,2,5
2023340WN4562,2023,340WN4562,2,1,1,2,38,7,3,0,0,0,0,0,9,8,E01027160,-1,0,0.01995,0.98005,-1,1,30,1,1,1,16:25,5,2,9
2023991349802,2023,991349802,1,1,2,2,73,10,2,0,0,1,0,0,9,8,-1,6,1,1.0,0.0,-1,6,60,1,1,1,17:27,2,2,9
2023411356122,2023,411356122,2,2,2,1,55,8,3,0,0,2,0,0,9,5,E01000606,3,1,0.0,1.0,-1,3,70,8,4,1,04:43,7,2,9
2023010446234,2023,010446234,1,1,1,2,41,7,3,0,0,0,0,0,1,2,E01000935,-1,0,0.0,1.0,-1,9,20,1,1,1,18:20,3,2,1
2023302301372,2023,302301372,1,1,1,1,22,5,3,0,0,0,0,0,3,2,E01019563,-1,0,0.09992,0.90008,-1,6,30,1,1,1,11:30,3,2,3
2023111316347,2023,111316347,1,2,2,2,25,5,3,0,0,1,0,0,9,-1,-1,3,1,0.0,1.0,-1,3,70,1,1,1,12:53,3,1,9
2023201296480,2023,201296480,1,1,1,1,35,6,3,0,0,0,0,0,9,-1,-1,3,1,0.0,1.0,-1,3,30,2,4,2,03:35,3,1,9
2023421368793,2023,421368793,2,2,2,1,10,2,3,0,0,1,0,0,9,10,E01021465,3,1,0.0,1.0,-1,3,70,1,1,1,07:56,3,2,9
2023622300663,2023,622300663,1,1,1,1,16,4,3,0,0,0,0,0,97,4,W01000749,-1,0,0.07532,0.92468,-1,6,20,1,1,1,19:32,4,2,97
2023610045323,2023,610045323,2,1,1,2,36,7,3,0,0,1,0,0,9,3,W01001909,-1,0,0.02738,0.97262,-1,6,50,1,1,2,10:25,6,3,9
2023101296416,2023,101296416,2,1,1,1,37,7,3,0,0,0,0,0,9,2,E01033545,3,1,0.0,1.0,-1,3,40,1,1,1,09:25,5,2,9
2023201398923,2023,201398923,1,1,1,1,17,4,2,0,0,0,0,0,9,4,E01010377,5,1,1.0,0.0,-1,6,30,2,4,2,23:40,1,2,9
2023440379784,2023,440379784,2,2,1,1,43,7,3,0,0,0,0,0,9,10,E01022862,-1,0,0.06896,0.93104,-1,3,50,2,1,2,15:06,1,2,9
2023471361809,2023,471361809,2,1,1,1,59,9,3,0,0,0,0,0,9,4,E01031562,3,1,0.0,1.0,-1,6,30,1,1,1,17:34,4,2,9
2023520400838,2023,520400838,1,1,1,1,31,6,3,0,0,0,0,0,22,9,E01029076,-1,0,0.0601,0.9399,-1,6,40,2,6,2,05:20,7,2,22
2023101289945,2023,101289945,1,1,3,2,27,6,3,5,1,0,0,0,0,3,E01008476,3,1,0.0,1.0,-1,6,30,1,1,1,08:30,4,1,9
2023471294791,2023,471294791,2,1,1,1,12,3,3,0,0,0,0,0,1,6,E01021125,3,1,0.0,1.0,-1,6,30,1,1,1,11:50,4,2,1
2023010445586,2023,010445586,2,3,1,1,53,8,3,0,0,0,0,0,8,4,E01001323,-1,0,0.0,1.0,-1,6,20,1,4,1,03:50,1,2,8
2023991361888,2023,991361888,1,1,3,2,76,11,2,5,3,0,0,0,0,4,-1,5,1,1.0,0.0,-1,6,30,4,1,1,08:34,4,1,9
2023411304323,2023,411304323,2,1,1,1,42,7,3,0,0,0,0,0,1,9,E01023634,3,1,0.0,1.0,-1,6,30,1,1,1,17:47,3,2,1
2023340WN6872,2023,340WN6872,2,2,1,2,37,7,3,0,0,0,0,0,3,10,E01027293,-1,0,0.16075,0.83925,-1,6,30,2,1,2,08:00,3,2,3
2023122300657,2023,122300657,1,1,1,1,57,9,3,0,0,0,0,0,5,1,E01007204,-1,0,0.26267,0.73733,-1,6,60,1,1,1,14:44,1,1,5
2023221342366,2023,221342366,2,1,1,1,53,8,2,0,0,0,0,0,5,6,E01014173,7,1,1.0,0.0,-1,6,60,1,1,1,17:13,1,2,5
2023010428982,2023,010428982,1,1,1,1,57,9,3,0,0,0,0,0,9,3,E01003379,-1,0,0.0,1.0,-1,6,20,8,1,1,16:04,6,2,9
2023421347392,2023,421347392,1,1,2,2,24,5,3,0,0,1,0,0,9,8,E01021544,3,1,0.0,1.0,-1,3,40,1,4,1,21:53,5,2,9
2023101276820,2023,101276820,2,2,2,1,17,4,2,0,0,0,0,0,3,4,E01008219,5,1,1.0,0.0,-1,6,30,1,4,1,20:44,4,2,3
2023991373025,2023,991373025,1,1,1,1,57,9,2,0,0,0,0,0,5,2,-1,5,1,1.0,0.0,-1,3,70,1,1,2,08:10,6,2,5
2023010457931,2023,010457931,1,1,1,1,69,10,3,0,0,0,0,0,9,7,E01000258,-1,0,0.0,1.0,-1,6,20,1,1,1,16:00,7,2,9
2023361332378,2023,361332378,2,1,2,2,65,9,2,0,0,2,0,0,9,6,E01010035,6,1,1.0,0.0,-1,3,40,1,1,2,15:30,7,3,9
2023201373781,2023,201373781,1,1,3,2,67,10,3,9,5,0,0,0,0,6,E01031188,3,1,0.0,1.0,-1,2,30,1,1,1,13:15,4,1,9
2023371415513,2023,371415513,1,1,3,2,64,9,3,5,2,0,0,0,0,1,E01030250,3,1,0.0,1.0,-1,6,30,1,1,2,10:14,2,1,9
2023471344647,2023,471344647,1,1,3,1,20,4,3,9,7,0,0,2,0,9,E01031623,3,1,0.0,1.0,-1,6,30,1,6,1,00:23,1,1,9
2023131319904,2023,131319904,2,1,1,1,9,2,2,0,0,0,0,0,1,1,E01011667,7,1,1.0,0.0,-1,6,20,1,1,1,14:30,1,2,1
2023010477315,2023,010477315,1,1,1,1,31,6,3,0,0,0,0,0,5,9,E01001119,-1,0,0.0,1.0,-1,2,20,1,1,2,15:37,6,2,5
2023010454685,2023,010454685,2,1,1,1,52,8,3,0,0,0,0,0,9,7,E01000786,-1,0,0.0,1.0,-1,6,20,1,1,1,16:40,3,2,9
2023231323428,2023,231323428,1,1,2,2,28,6,3,0,0,1,0,0,9,1,E01007325,3,1,0.0,1.0,-1,6,40,1,1,1,21:15,6,2,9
2023440054114,2023,440054114,1,1,1,1,24,5,2,0,0,0,0,0,9,5,E01015748,-1,0,1.0,0.0,-1,6,30,1,1,2,16:55,4,2,9
2023501314226,2023,501314226,1,1,1,1,64,9,3,0,0,0,0,0,9,6,E01019061,3,1,0.0,1.0,-1,6,60,1,1,1,11:20,2,2,9