collision_index,collision_year,collision_ref_no,vehicle_reference,casualty_reference,casualty_class,sex_of_casualty,age_of_casualty,age_band_of_casualty,casualty_severity,pedestrian_location,pedestrian_movement,car_passenger,bus_or_coach_passenger,pedestrian_road_maintenance_worker,casualty_type,casualty_imd_decile,lsoa_of_casualty,enhanced_casualty_severity,casualty_injury_based,casualty_adjusted_severity_serious,casualty_adjusted_severity_slight,casualty_distance_banding,road_type,speed_limit,weather_conditions,light_conditions,road_surface_conditions,time,day_of_week,number_of_vehicles,vehicle_type
2023311296073,2023,311296073,2,2,1,2,23,5,3,0,0,0,0,0,19,3,E01028025,3,1,0.0,1.0,-1,6,50,2,1,2,16:51,4,2,19
2023520301248,2023,520301248,1,1,1,2,30,6,3,0,0,0,0,0,22,5,E01029286,-1,0,0.02344,0.97656,-1,6,30,1,1,1,11:27,7,2,22
2023010419393,2023,010419393,1,1,3,1,36,7,2,9,5,0,0,0,0,2,-1,-1,0,1.0,0.0,-1,6,20,1,4,1,22:20,2,2,9
2023010467936,2023,010467936,1,1,1,1,26,6,3,0,0,0,0,0,2,2,E01003128,-1,0,0.0,1.0,-1,9,20,9,1,9,14:30,7,2,2
2023430031889,2023,430031889,1,1,1,1,43,7,3,0,0,0,0,0,4,7,E01028493,-1,0,0.27627,0.72373,-1,3,50,1,6,4,23:55,7,1,4
2023552300843,2023,552300843,1,2,2,1,21,5,3,0,0,0,0,0,4,3,E01033285,-1,0,0.12593,0.87407,-1,1,30,1,1,1,18:12,5,2,4
2023471344415,2023,471344415,1,1,3,2,30,6,2,1,1,0,0,0,0,3,E01016858,7,1,1.0,0.0,-1,6,20,1,1,1,14:29,3,1,-1
2023052302678,2023,052302678,1,1,1,1,26,6,2,0,0,0,0,0,4,7,E01018338,-1,0,1.0,0.0,-1,6,30,1,4,1,17:25,4,1,4
2023340NN3472,2023,340NN3472,2,1,1,2,48,8,3,0,0,0,0,0,9,8,E01027089,-1,0,0.07358,0.92642,-1,6,30,1,4,1,04:50,1,2,9
2023461389515,2023,461389515,2,1,2,2,82,11,3,0,0,1,0,0,9,2,E01024685,3,1,0.0,1.0,-1,6,30,1,1,1,15:40,7,2,9
2023131341060,2023,131341060,2,1,1,1,24,5,3,0,0,0,0,0,90,6,E01010945,3,1,0.0,1.0,-1,6,30,1,1,1,15:07,4,2,90
2023401261879,2023,401261879,1,1,3,2,32,6,3,10,9,0,0,0,0,10,E01017406,3,1,0.0,1.0,-1,6,30,1,1,1,10:45,2,1,9
2023201371055,2023,201371055,2,1,1,2,28,6,3,0,0,0,0,0,1,6,E01033253,3,1,0.0,1.0,-1,6,30,1,1,2,16:30,6,2,1
2023201459028,2023,201459028,1,1,1,1,72,10,3,0,0,0,0,0,9,1,E01010236,3,1,0.0,1.0,-1,1,30,1,1,2,15:34,4,2,9
2023211378560,2023,211378560,1,1,1,1,56,9,2,0,0,0,0,0,90,-1,-1,5,1,1.0,0.0,-1,6,30,1,4,1,16:52,4,2,90
2023131304684,2023,131304684,3,1,1,1,59,9,3,0,0,0,0,0,9,7,E01011524,3,1,0.0,1.0,-1,6,50,1,1,1,10:25,7,4,9
2023451332464,2023,451332464,1,1,1,1,18,4,3,0,0,0,0,0,3,4,E01030702,3,1,0.0,1.0,-1,6,30,1,1,1,15:30,1,1,3
2023010446078,2023,010446078,1,2,2,-1,-1,-1,3,0,0,1,0,0,9,5,E01003751,-1,0,0.0,1.0,-1,9,20,1,1,1,20:16,3,2,9
2023010483973,2023,010483973,1,1,1,1,79,11,2,0,0,0,0,0,9,10,E01000694,-1,0,1.0,0.0,-1,6,30,2,1,2,13:57,5,1,9
2023052302343,2023,052302343,2,1,1,1,40,7,3,0,0,0,0,0,9,6,E01007108,-1,0,0.02717,0.97283,-1,1,40,2,4,2,21:10,7,2,9
2023141356263,2023,141356263,1,1,1,1,20,4,3,0,0,0,0,0,9,1,E01007317,3,1,0.0,1.0,-1,6,60,1,6,1,21:30,2,1,9
2023201303878,2023,201303878,1,2,2,1,12,3,3,0,0,2,0,0,9,-1,-1,3,1,0.0,1.0,-1,6,30,1,1,1,18:02,2,3,9
2023471337321,2023,471337321,1,1,1,1,22,5,3,0,0,0,0,0,9,9,E01031625,3,1,0.0,1.0,-1,3,70,1,5,2,09:00,3,2,9
2023522400588,2023,522400588,1,2,2,2,12,3,3,0,0,0,0,0,-1,1,E01014653,-1,0,0.07788,0.92212,-1,6,20,1,1,1,18:40,5,2,-1
2023010436400,2023,010436400,1,1,3,1,24,5,3,9,8,0,0,0,0,-1,-1,-1,0,0.0,1.0,-1,6,30,1,4,1,21:23,6,1,9
2023010473017,2023,010473017,1,1,3,1,59,9,3,1,3,0,0,0,0,7,E01002165,-1,0,0.0,1.0,-1,6,20,2,4,2,00:12,6,1,9
2023451304152,2023,451304152,2,1,1,1,19,4,3,0,0,0,0,0,1,5,E01030493,3,1,0.0,1.0,-1,7,30,1,1,1,09:10,5,2,1
2023041373116,2023,041373116,1,1,1,1,56,9,2,0,0,0,0,0,9,7,E01025361,5,1,1.0,0.0,-1,6,30,1,1,1,13:35,3,4,9
2023131296036,2023,131296036,1,1,1,1,32,6,3,0,0,0,0,0,9,4,E01010877,3,1,0.0,1.0,-1,6,30,5,4,2,01:14,5,2,9
2023170S21823,2023,170S21823,2,2,2,2,15,3,3,0,0,1,0,0,9,-1,-1,-1,0,0.03868,0.96132,-1,7,70,1,1,1,17:20,3,2,9
2023201298260,2023,201298260,1,1,1,2,27,6,3,0,0,0,0,0,9,1,E01009298,3,1,0.0,1.0,-1,6,30,1,1,1,12:48,6,2,9
2023411273867,2023,411273867,2,1,1,2,33,6,3,0,0,0,0,0,9,9,E01017432,3,1,0.0,1.0,-1,3,70,1,6,1,19:33,6,2,9
2023421291877,2023,421291877,1,1,1,-1,50,8,2,0,0,0,0,0,9,-1,-1,7,1,1.0,0.0,-1,6,30,2,6,2,21:40,4,1,9
2023421313996,2023,421313996,1,1,1,1,52,8,3,0,0,0,0,0,9,-1,-1,3,1,0.0,1.0,-1,6,60,1,6,1,11:23,5,1,9
2023010484059,2023,010484059,1,2,2,2,11,3,3,0,0,1,0,0,9,2,E01001515,-1,0,0.0,1.0,-1,3,40,1,4,2,21:10,5,3,9
2023430555273,2023,430555273,2,1,1,2,60,9,3,0,0,0,0,0,1,6,E01016310,-1,0,0.13956,0.86044,-1,6,30,1,4,1,17:53,2,2,1
2023052300970,2023,052300970,2,4,2,2,20,4,3,0,0,0,4,0,11,2,E01007263,-1,0,0.0486,0.9514,-1,6,30,2,1,2,07:10,6,4,11
2023302300719,2023,302300719,1,2,2,2,51,8,3,0,0,1,0,0,9,1,E01013484,-1,0,0.02575,0.97425,-1,6,40,1,1,1,09:38,1,3,9
2023320427309,2023,320427309,2,1,1,2,50,8,3,0,0,0,0,0,9,7,E01026397,-1,0,0.07464,0.92536,-1,6,60,1,1,1,10:20,3,2,9
2023351339961,2023,351339961,2,1,1,1,23,5,3,0,0,0,0,0,1,7,E01017980,3,1,0.0,1.0,-1,1,40,1,4,-1,22:30,1,2,1
2023520300610,2023,520300610,2,19,2,1,28,6,3,0,0,0,4,0,11,2,E01029109,-1,0,0.05805,0.94195,-1,6,40,1,6,4,06:00,3,3,11
2023031351171,2023,031351171,1,1,1,1,26,6,3,0,0,0,0,0,9,6,E01019315,3,1,0.0,1.0,-1,6,60,2,1,2,08:38,2,2,9
2023041376525,2023,041376525,1,1,1,1,30,6,2,0,0,0,0,0,9,2,E01025263,7,1,1.0,0.0,-1,6,40,1,1,2,08:15,2,2,9
2023302300750,2023,302300750,2,1,1,1,28,6,3,0,0,0,0,0,9,7,E01032039,-1,0,0.05857,0.94143,-1,6,30,1,4,1,00:01,7,2,9
2023401284756,2023,401284756,1,1,2,2,81,11,3,0,0,2,0,0,9,6,E01023903,3,1,0.0,1.0,-1,6,30,1,1,1,14:37,7,2,9
2023430491632,2023,430491632,1,1,1,2,47,8,3,0,0,0,0,0,9,8,E01016775,-1,0,0.05326,0.94674,-1,6,60,1,1,2,13:22,4,2,9
2023461328172,2023,461328172,1,1,1,2,28,6,3,0,0,0,0,0,9,5,E01024191,3,1,0.0,1.0,-1,6,60,2,1,2,14:32,4,2,9
2023520400911,2023,520400911,1,3,2,2,9,2,3,0,0,2,0,0,9,3,E01029235,-1,0,0.02342,0.97658,-1,6,30,1,1,1,16:49,3,2,9
2023332300199,2023,332300199,1,1,3,2,45,7,3,5,9,0,0,0,0,-1,-1,-1,0,0.06091,0.93909,-1,6,30,2,1,2,11:20,7,1,9
2023991342053,2023,991342053,1,1,3,2,33,6,3,8,2,0,0,2,0,1,-1,3,1,0.0,1.0,-1,6,20,2,1,2,16:21,3,1,9
2023010442187,2023,010442187,2,2,1,1,-1,-1,3,0,0,0,0,0,1,-1,-1,-1,0,0.0,1.0,-1,9,40,2,1,2,18:45,3,2,1
2023161272214,2023,161272214,1,1,1,1,52,8,2,0,0,0,0,0,1,7,E01013186,7,1,1.0,0.0,-1,6,30,1,4,1,19:40,6,2,1
2023131379654,2023,131379654,1,2,2,1,11,3,3,0,0,2,0,0,9,3,E01011085,3,1,0.0,1.0,-1,6,40,1,4,2,18:00,2,2,9
2023231274412,2023,231274412,2,1,1,1,75,10,3,0,0,0,0,0,9,9,E01032379,3,1,0.0,1.0,-1,6,50,1,1,1,13:40,4,2,9
2023461275897,2023,461275897,2,1,1,2,86,11,3,0,0,0,0,0,9,8,E01024362,3,1,0.0,1.0,-1,6,60,1,1,1,09:40,3,2,9
2023522300881,2023,522300881,1,1,1,1,32,6,3,0,0,0,0,0,9,7,E01014562,-1,0,0.02473,0.97527,-1,6,20,1,1,1,12:13,1,2,9
2023332300093,2023,332300093,1,1,1,1,44,7,2,0,0,0,0,0,5,8,E01025698,-1,0,1.0,0.0,-1,6,30,1,1,1,11:00,1,1,5
2023010470552,2023,010470552,1,1,3,2,68,10,2,10,9,0,0,0,0,3,E01002105,-1,0,1.0,0.0,-1,6,20,1,1,1,10:45,7,1,9
2023201378336,2023,201378336,1,1,3,1,22,5,2,1,1,0,0,2,0,2,E01009090,7,1,1.0,0.0,-1,6,30,2,1,2,21:52,5,1,9
2023031385163,2023,031385163,1,1,3,1,46,8,3,5,5,0,0,0,0,-1,-1,3,1,0.0,1.0,-1,6,20,1,1,1,13:20,5,1,19
2023440421124,2023,440421124,1,1,1,1,33,6,3,0,0,0,0,0,3,7,E01022526,-1,0,0.18307,0.81693,-1,6,30,1,1,1,13:03,7,2,3
2023411391322,2023,411391322,1,1,1,2,23,5,3,0,0,0,0,0,9,7,E01023886,3,1,0.0,1.0,-1,6,30,1,1,1,10:40,6,2,9
2023501376338,2023,501376338,2,4,2,1,70,10,2,0,0,1,0,0,9,5,E01020082,6,1,1.0,0.0,-1,6,60,1,1,1,15:24,7,3,9
2023471381598,2023,471381598,1,2,3,2,27,6,3,10,9,0,0,2,0,3,E01016891,3,1,0.0,1.0,-1,6,60,1,6,4,03:30,7,2,9
2023311359932,2023,311359932,1,1,2,1,35,6,2,0,0,1,0,0,9,-1,-1,7,1,1.0,0.0,-1,6,60,1,4,1,00:33,5,1,9
2023552301208,2023,552301208,1,1,1,1,41,7,2,0,0,0,0,0,9,10,E01020423,-1,0,1.0,0.0,-1,6,40,1,1,1,16:50,2,1,9
2023451313523,2023,451313523,1,1,1,1,18,4,3,0,0,0,0,0,3,10,E01030863,3,1,0.0,1.0,-1,6,30,1,1,1,15:20,4,2,3
2023361349286,2023,361349286,1,2,1,1,57,9,2,0,0,0,0,0,5,1,E01026832,5,1,1.0,0.0,-1,6,60,1,1,1,19:29,3,2,5
2023440212761,2023,440212761,1,1,2,1,35,6,2,0,0,0,0,0,19,10,E01022534,-1,0,1.0,0.0,-1,6,60,1,1,1,18:30,2,1,19
2023991292969,2023,991292969,1,1,3,1,51,8,2,6,9,0,0,0,0,-1,-1,7,1,1.0,0.0,-1,6,30,1,4,1,20:20,7,1,-1
2023451295101,2023,451295101,2,1,1,1,53,8,3,0,0,0,0,0,1,5,E01030981,3,1,0.0,1.0,-1,1,30,2,1,2,08:04,2,2,1
2023991311544,2023,991311544,2,1,1,1,46,8,2,0,0,0,0,0,1,1,-1,7,1,1.0,0.0,-1,1,30,1,1,1,16:59,5,2,1
2023010449326,2023,010449326,1,1,1,1,42,7,3,0,0,0,0,0,8,3,E01000257,-1,0,0.0,1.0,-1,1,20,1,4,1,22:09,5,2,8
2023061296205,2023,061296205,1,1,1,1,21,5,2,0,0,0,0,0,9,-1,-1,6,1,1.0,0.0,-1,3,30,4,1,2,10:00,5,1,9
2023471315359,2023,471315359,2,2,1,1,23,5,3,0,0,0,0,0,9,4,E01033329,3,1,0.0,1.0,-1,6,60,1,1,1,08:20,3,2,9
2023552301372,2023,552301372,2,2,1,1,24,5,3,0,0,0,0,0,9,5,E01020512,-1,0,0.02956,0.97044,-1,6,30,4,1,1,13:30,2,2,9
2023461377749,2023,461377749,1,2,2,1,18,4,3,0,0,1,0,0,9,5,E01000375,3,1,0.0,1.0,-1,1,60,2,1,2,11:25,5,1,9
2023010466912,2023,010466912,1,1,1,1,27,6,3,0,0,0,0,0,3,4,E01003714,-1,0,0.0,1.0,-1,9,20,1,1,1,13:14,2,2,3
2023031264649,2023,031264649,1,1,3,1,9,2,3,5,1,0,0,0,0,5,E01019371,3,1,0.0,1.0,-1,6,30,1,1,4,15:36,2,1,9
2023201284295,2023,201284295,1,1,3,1,5,1,3,5,1,0,0,0,0,2,E01009953,3,1,0.0,1.0,-1,6,20,1,1,1,15:19,6,1,9
2023991260441,2023,991260441,1,1,3,1,50,8,3,10,8,0,0,2,0,10,-1,3,1,0.0,1.0,-1,7,30,1,1,2,08:15,5,1,9
2023122400068,2023,122400068,2,2,1,1,57,9,3,0,0,0,0,0,19,5,E01025200,-1,0,0.05341,0.94659,-1,6,30,2,1,2,15:41,2,2,19
2023361290448,2023,361290448,1,1,1,1,25,5,2,0,0,0,0,0,19,3,E01026784,7,1,1.0,0.0,-1,6,40,1,1,2,07:44,5,2,19
2023070953171,2023,070953171,1,1,1,2,80,11,3,0,0,0,0,0,9,9,W01000158,-1,0,0.07087,0.92913,-1,6,30,1,4,1,19:35,1,2,9
2023430102143,2023,430102143,1,1,1,2,27,6,3,0,0,0,0,0,9,9,E01030573,-1,0,0.00576,0.99424,-1,1,30,2,1,2,17:15,2,2,9
2023320069915,2023,320069915,1,1,1,1,26,6,3,0,0,0,0,0,19,10,E01025893,-1,0,0.13675,0.86325,-1,6,60,1,6,2,05:55,6,1,19
2023010458479,2023,010458479,1,2,2,-1,7,2,3,0,0,2,0,0,9,1,E01033584,-1,0,0.0,1.0,-1,6,20,1,1,1,19:35,3,2,9
2023421331315,2023,421331315,2,1,1,2,30,6,3,0,0,0,0,0,9,5,E01021518,3,1,0.0,1.0,-1,6,30,1,1,1,08:25,5,2,9
2023471320367,2023,471320367,1,1,1,1,69,10,3,0,0,0,0,0,9,8,E01020963,3,1,0.0,1.0,-1,3,70,1,1,1,11:10,1,2,9
2023010432752,2023,010432752,1,1,1,1,35,6,3,0,0,0,0,0,4,4,E01001756,-1,0,0.0,1.0,-1,9,20,1,4,1,19:45,5,2,4
2023010439520,2023,010439520,2,1,1,1,34,6,3,0,0,0,0,0,5,6,E01030748,-1,0,0.0,1.0,-1,3,40,1,1,1,12:40,3,2,5
2023340WN3582,2023,340WN3582,2,1,1,1,52,8,3,0,0,0,0,0,19,8,E01027181,-1,0,0.02782,0.97218,-1,6,30,1,1,1,09:35,5,3,19
2023302301847,2023,302301847,1,1,1,1,21,5,3,0,0,0,0,0,1,6,E01013505,-1,0,0.05341,0.94659,-1,6,30,1,1,1,08:00,3,2,1
2023311275117,2023,311275117,1,1,1,2,49,8,2,0,0,0,0,0,1,10,E01028201,6,1,1.0,0.0,-1,6,30,1,1,1,10:56,7,1,1
202354B328323,2023,54B328323,1,1,1,2,58,9,2,0,0,0,0,0,1,3,E01015488,-1,0,1.0,0.0,-1,6,50,1,1,1,09:56,4,2,1
2023411298995,2023,411298995,2,1,1,1,30,6,3,0,0,0,0,0,3,8,E01023893,3,1,0.0,1.0,-1,6,30,1,1,1,13:40,7,2,3
2023320699354,2023,320699354,1,1,1,1,28,6,3,0,0,0,0,0,5,3,E01026318,-1,0,0.17243,0.82757,-1,6,30,1,1,1,11:59,7,3,5
2023552301178,2023,552301178,2,1,1,1,60,9,3,0,0,0,0,0,5,5,E01015427,-1,0,0.09685,0.90315,-1,6,30,1,1,1,11:53,6,2,5
202354D126323,2023,54D126323,1,2,3,1,6,2,3,1,1,0,0,0,0,7,E01015474,-1,0,0.11733,0.88267,-1,6,30,1,1,1,15:13,2,1,9
2023411388556,2023,411388556,1,1,3,1,40,7,3,6,9,0,0,1,0,5,E01024381,3,1,0.0,1.0,-1,6,30,1,1,1,13:33,5,1,9
2023461379536,2023,461379536,1,1,3,1,7,2,2,5,1,0,0,0,0,1,E01024306,7,1,1.0,0.0,-1,6,30,1,1,1,16:03,3,1,9
2023320676487,2023,320676487,1,1,3,1,33,6,2,5,9,0,0,0,0,1,E01026093,-1,0,1.0,0.0,-1,6,30,2,4,2,00:30,4,1,9
2023430274309,2023,430274309,2,1,1,1,24,5,2,0,0,0,0,0,1,4,E01028587,-1,0,1.0,0.0,-1,6,30,1,1,1,18:50,7,2,1
2023010453534,2023,010453534,2,1,1,1,23,5,2,0,0,0,0,0,3,2,E01004574,-1,0,1.0,0.0,-1,6,20,1,1,1,12:30,5,2,3
2023411281408,2023,411281408,2,1,1,1,30,6,2,0,0,0,0,0,3,7,E01023871,7,1,1.0,0.0,-1,6,30,1,4,1,22:25,1,2,3
2023501315176,2023,501315176,2,1,1,1,18,4,2,0,0,0,0,0,3,5,E01020060,7,1,1.0,0.0,-1,6,30,1,1,1,09:07,4,2,3
2023610018823,2023,610018823,2,1,1,2,50,8,2,0,0,0,0,0,5,2,W01001482,-1,0,1.0,0.0,-1,1,70,2,1,2,16:59,3,2,5
2023010444564,2023,010444564,1,1,1,1,30,6,3,0,0,0,0,0,9,6,E01002353,-1,0,0.0,1.0,-1,3,50,1,1,1,09:30,3,2,9
2023041260431,2023,041260431,1,1,1,1,15,3,2,0,0,0,0,0,90,5,E01012633,7,1,1.0,0.0,-1,3,30,1,1,1,11:35,6,3,90
2023010456448,2023,010456448,2,1,3,1,-1,-1,3,9,9,0,0,0,0,3,E01002508,-1,0,0.0,1.0,-1,9,20,9,1,9,16:15,7,2,11
2023122300519,2023,122300519,1,1,1,1,40,7,2,0,0,0,0,0,5,6,E01027736,-1,0,1.0,0.0,-1,6,20,1,1,2,09:45,7,1,5
2023991310258,2023,991310258,2,1,1,2,37,7,2,0,0,0,0,0,9,10,-1,7,1,1.0,0.0,-1,6,30,1,1,1,18:00,2,2,9
2023141322867,2023,141322867,1,1,3,1,76,11,2,5,1,0,0,0,0,2,E01007967,7,1,1.0,0.0,-1,6,30,1,1,1,11:30,2,1,10
2023010466071,2023,010466071,1,1,1,1,37,7,3,0,0,0,0,0,4,3,E01000099,-1,0,0.0,1.0,-1,6,30,1,1,1,18:15,5,2,4
2023351321153,2023,351321153,2,1,1,1,33,6,3,0,0,0,0,0,1,6,E01033120,3,1,0.0,1.0,-1,6,30,1,1,-1,07:37,2,2,1
2023010458953,2023,010458953,2,1,1,1,39,7,3,0,0,0,0,0,3,5,E01003327,-1,0,0.0,1.0,-1,3,30,1,1,1,17:12,6,4,3
2023501317276,2023,501317276,1,3,2,1,58,9,2,0,0,0,0,0,19,8,E01032651,6,1,1.0,0.0,-1,6,60,1,1,1,12:00,7,2,19
2023070118120,2023,070118120,1,1,1,1,61,9,3,0,0,0,0,0,9,6,E01018749,-1,0,0.09183,0.90817,-1,6,60,1,4,1,00:12,6,2,9
2023231286635,2023,231286635,2,4,1,1,44,7,3,0,0,0,0,0,9,3,E01009624,3,1,0.0,1.0,-1,6,30,1,4,1,22:55,7,2,9
2023471270461,2023,471270461,2,1,1,2,30,6,3,0,0,0,0,0,9,-1,-1,3,1,0.0,1.0,-1,6,30,1,1,1,12:40,3,2,9
2023531330380,2023,531330380,2,2,2,1,25,5,3,0,0,1,0,0,9,5,E01022420,3,1,0.0,1.0,-1,6,60,1,6,1,00:01,3,2,9
2023010424076,2023,010424076,1,2,2,-1,-1,-1,3,0,0,2,0,0,9,4,E01001187,-1,0,0.0,1.0,-1,6,30,1,1,1,16:21,7,2,9
2023010471911,2023,010471911,1,1,1,2,54,8,3,0,0,0,0,0,9,5,E01021810,-1,0,0.0,1.0,-1,6,20,8,1,1,17:25,6,2,9
2023991268213,2023,991268213,2,1,1,1,27,6,2,0,0,0,0,0,1,-1,-1,5,1,1.0,0.0,-1,6,20,1,1,1,09:00,5,2,1
2023461383943,2023,461383943,1,1,3,1,-1,-1,3,10,9,0,0,0,0,-1,-1,3,1,0.0,1.0,-1,6,30,9,7,1,17:00,1,1,9
2023471368519,2023,471368519,1,1,2,1,-1,-1,3,0,0,0,3,0,11,-1,-1,3,1,0.0,1.0,-1,6,20,9,7,2,08:14,6,1,11
2023421335466,2023,421335466,1,2,1,2,30,6,3,0,0,0,0,0,9,7,E01022088,3,1,0.0,1.0,-1,6,60,2,1,2,11:14,1,2,9
2023451378234,2023,451378234,1,1,3,2,24,5,3,5,3,0,0,0,0,7,E01030993,3,1,0.0,1.0,-1,6,30,1,1,1,08:15,5,1,9
2023531368296,2023,531368296,1,1,3,1,54,8,2,6,9,0,0,0,0,4,E01022310,7,1,1.0,0.0,-1,6,40,1,4,2,16:40,1,1,9
2023451345562,2023,451345562,1,1,3,2,68,10,2,8,3,0,0,0,0,8,E01030449,7,1,1.0,0.0,-1,6,30,1,1,1,13:50,6,1,9
2023010434827,2023,010434827,1,1,1,1,22,5,3,0,0,0,0,0,3,3,E01001397,-1,0,0.0,1.0,-1,2,20,1,1,1,15:37,2,2,3
2023340WN3262,2023,340WN3262,1,1,1,1,58,9,2,0,0,0,0,0,19,5,E01031169,-1,0,1.0,0.0,-1,3,70,1,1,1,05:25,3,1,19
2023302300932,2023,302300932,3,3,2,2,35,6,3,0,0,2,0,0,9,9,E01019790,-1,0,0.06349,0.93651,-1,6,60,2,1,2,09:25,3,3,9
2023451391068,2023,451391068,1,1,1,1,56,9,3,0,0,0,0,0,9,-1,-1,3,1,0.0,1.0,-1,6,30,1,1,1,16:20,4,2,9
2023131301332,2023,131301332,1,1,3,2,48,8,2,6,9,0,0,2,0,3,E01010759,7,1,1.0,0.0,-1,6,30,1,1,1,15:50,4,1,17
2023131319866,2023,131319866,1,1,3,1,40,7,2,5,1,0,0,2,0,5,E01010633,5,1,1.0,0.0,-1,6,30,1,1,1,10:22,7,1,9
2023622300582,2023,622300582,1,1,3,1,2,1,2,5,1,0,0,0,0,4,W01001071,-1,0,1.0,0.0,-1,6,30,1,1,1,14:50,6,1,9
2023430374067,2023,430374067,2,1,1,1,63,9,3,0,0,0,0,0,1,-1,-1,-1,0,0.0893,0.9107,-1,1,30,1,1,1,12:12,2,2,1
2023010455924,2023,010455924,1,1,1,1,28,6,3,0,0,0,0,0,3,2,E01001977,-1,0,0.0,1.0,-1,9,30,9,1,9,17:00,2,2,3
2023461359230,2023,461359230,1,1,1,1,70,10,3,0,0,0,0,0,5,6,E01016075,3,1,0.0,1.0,-1,6,40,1,1,1,17:46,3,2,5
2023071023356,2023,071023356,1,1,3,1,5,1,3,5,1,0,0,0,0,4,E01012521,-1,0,0.09601,0.90399,-1,6,20,8,1,1,09:05,4,1,9
2023010484227,2023,010484227,2,1,1,1,21,5,2,0,0,0,0,0,3,9,E01003363,-1,0,1.0,0.0,-1,6,30,1,4,1,17:55,6,2,3
2023401275535,2023,401275535,1,1,3,1,-1,-1,3,5,9,0,0,0,0,-1,-1,3,1,0.0,1.0,-1,6,20,1,1,1,08:56,5,1,9
2023320404752,2023,320404752,1,2,1,1,23,5,3,0,0,0,0,0,3,9,E01026274,-1,0,0.16559,0.83441,-1,6,30,8,1,2,17:55,6,3,3
2023010482217,2023,010482217,1,1,1,1,33,6,3,0,0,0,0,0,1,2,E01002851,-1,0,0.0,1.0,-1,1,20,2,5,2,16:03,3,2,1
2023440284839,2023,440284839,1,1,1,1,32,6,2,0,0,0,0,0,5,10,E01022512,-1,0,1.0,0.0,-1,6,50,2,1,2,18:50,7,1,5
2023010428982,2023,010428982,2,2,1,2,31,6,3,0,0,0,0,0,19,3,E01001089,-1,0,0.0,1.0,-1,6,20,8,1,1,16:04,6,2,19
2023131301734,2023,131301734,1,1,3,1,5,1,2,1,3,0,0,2,0,1,E01010824,7,1,1.0,0.0,-1,6,30,1,1,1,16:00,5,1,9
2023201416133,2023,201416133,1,1,3,2,37,7,3,10,9,0,0,2,0,5,E01010534,3,1,0.0,1.0,-1,3,40,1,4,1,00:38,1,1,9
2023411337434,2023,411337434,2,1,1,1,17,4,3,0,0,0,0,0,3,4,E01023870,3,1,0.0,1.0,-1,6,30,2,1,2,18:30,4,2,3
2023991280483,2023,991280483,2,1,1,1,36,7,3,0,0,0,0,0,8,3,-1,3,1,0.0,1.0,-1,6,30,1,4,1,18:30,7,2,8
2023622300299,2023,622300299,1,1,3,2,13,3,3,1,3,0,0,0,0,10,W01001797,-1,0,0.03594,0.96406,-1,6,30,1,1,1,07:50,4,1,8
2023010446591,2023,010446591,1,1,1,1,27,6,3,0,0,0,0,0,3,3,E01003635,-1,0,0.0,1.0,-1,9,20,1,1,1,19:15,3,2,3
2023501379943,2023,501379943,2,1,1,1,43,7,3,0,0,0,0,0,5,4,E01018892,3,1,0.0,1.0,-1,6,60,1,1,1,11:15,7,2,5
2023131378918,2023,131378918,1,1,3,1,50,8,3,8,7,0,0,2,0,-1,-1,3,1,0.0,1.0,-1,6,30,1,4,1,15:12,7,1,9
2023501286888,2023,501286888,1,1,3,2,60,9,1,9,8,0,0,0,0,7,E01019942,1,1,0.0,0.0,-1,6,60,1,1,2,11:30,5,1,17
2023991288240,2023,991288240,1,1,3,2,19,4,2,4,3,0,0,0,0,7,-1,6,1,1.0,0.0,-1,6,30,1,4,2,20:30,7,1,8
2023010474270,2023,010474270,1,1,3,2,32,6,2,1,3,0,0,0,0,8,E01001044,-1,0,1.0,0.0,-1,6,30,1,1,1,07:33,6,1,19
2023010422134,2023,010422134,1,1,1,1,28,6,3,0,0,0,0,0,4,1,E01002758,-1,0,0.0,1.0,-1,6,20,1,4,9,17:35,3,2,4
2023311270021,2023,311270021,2,2,2,2,19,4,3,0,0,2,0,0,8,-1,-1,3,1,0.0,1.0,-1,3,30,1,4,1,23:31,2,2,8
2023430142690,2023,430142690,1,1,1,2,27,6,3,0,0,0,0,0,9,8,E01028715,-1,0,0.09929,0.90071,-1,6,50,2,6,2,22:27,6,1,9
2023461375603,2023,461375603,1,1,1,2,50,8,3,0,0,0,0,0,9,4,E01024179,3,1,0.0,1.0,-1,3,30,2,1,2,12:26,3,2,9
2023461384163,2023,461384163,1,1,1,1,34,6,2,0,0,0,0,0,9,2,E01024128,6,1,1.0,0.0,-1,6,60,1,1,1,21:35,7,2,9
2023991310569,2023,991310569,2,2,2,1,64,9,3,0,0,1,0,0,9,2,-1,3,1,0.0,1.0,-1,6,40,1,1,1,11:11,7,3,9
2023101351404,2023,101351404,1,1,1,1,49,8,3,0,0,0,0,0,9,4,E01033077,3,1,0.0,1.0,-1,6,30,2,1,2,15:52,2,1,9
2023010467481,2023,010467481,2,1,1,1,37,7,3,0,0,0,0,0,1,7,E01003853,-1,0,0.0,1.0,-1,7,30,2,1,2,17:30,5,2,1
2023520301255,2023,520301255,2,2,1,1,36,7,3,0,0,0,0,0,1,2,E01029236,-1,0,0.18086,0.81914,-1,6,60,2,6,2,23:00,5,2,1