collision_index,collision_year,collision_ref_no,vehicle_reference,casualty_reference,casualty_class,sex_of_casualty,age_of_casualty,age_band_of_casualty,casualty_severity,pedestrian_location,pedestrian_movement,car_passenger,bus_or_coach_passenger,pedestrian_road_maintenance_worker,casualty_type,casualty_imd_decile,lsoa_of_casualty,enhanced_casualty_severity,casualty_injury_based,casualty_adjusted_severity_serious,casualty_adjusted_severity_slight,casualty_distance_banding,road_type,speed_limit,weather_conditions,light_conditions,road_surface_conditions,time,day_of_week,number_of_vehicles,vehicle_type
2023010444901,2023,010444901,2,1,1,2,46,8,3,0,0,0,0,0,9,5,E01033741,-1,0,0.0,1.0,-1,3,50,1,1,1,19:10,4,2,9
2023070627811,2023,070627811,1,2,2,2,21,5,3,0,0,2,0,0,9,10,E01018349,-1,0,0.14041,0.85959,-1,6,60,1,1,1,05:30,5,1,9
2023340NN0872,2023,340NN0872,1,1,1,1,26,6,2,0,0,0,0,0,9,3,E01027317,-1,0,1.0,0.0,-1,6,20,1,4,1,19:35,3,2,9
2023161346101,2023,161346101,2,1,1,1,36,7,3,0,0,0,0,0,9,3,E01012807,3,1,0.0,1.0,-1,6,30,1,4,1,22:14,3,2,9
2023201292329,2023,201292329,1,1,1,-1,58,9,3,0,0,0,0,0,9,4,E01029648,3,1,0.0,1.0,-1,3,40,1,4,1,18:32,2,1,9
2023010469972,2023,010469972,1,1,1,2,58,9,2,0,0,0,0,0,9,4,E01001645,-1,0,1.0,0.0,-1,6,30,1,1,1,17:43,4,2,9
2023411311434,2023,411311434,1,1,1,2,50,8,3,0,0,0,0,0,9,5,E01023904,3,1,0.0,1.0,-1,6,30,1,5,1,02:21,6,3,9
2023430399288,2023,430399288,1,1,1,1,34,6,3,0,0,0,0,0,9,3,E01017712,-1,0,0.01059,0.98941,-1,6,30,1,1,1,09:00,3,2,9
2023122300199,2023,122300199,1,1,1,1,15,3,2,0,0,0,0,0,1,7,E01027816,-1,0,1.0,0.0,-1,6,30,1,4,1,16:18,2,2,1
2023141363209,2023,141363209,2,1,1,1,38,7,2,0,0,0,0,0,3,-1,-1,7,1,1.0,0.0,-1,6,30,1,5,1,06:27,2,2,3
2023010462257,2023,010462257,1,1,3,2,52,8,3,1,9,0,0,0,0,-1,-1,-1,0,0.0,1.0,-1,9,30,1,1,1,17:15,2,1,9
2023201279051,2023,201279051,1,1,3,1,15,3,3,5,2,0,0,0,0,-1,-1,3,1,0.0,1.0,-1,6,30,1,1,1,09:01,2,1,9
2023221340171,2023,221340171,1,4,3,1,66,10,3,6,9,0,0,0,0,8,E01032218,3,1,0.0,1.0,-1,6,30,1,1,1,12:00,3,4,9
2023501290650,2023,501290650,1,1,3,2,23,5,3,1,3,0,0,0,0,4,E01019043,3,1,0.0,1.0,-1,6,30,1,1,1,15:20,1,1,9
2023010474858,2023,010474858,2,1,1,1,39,7,3,0,0,0,0,0,9,1,E01004757,-1,0,0.0,1.0,-1,6,20,1,1,1,11:23,2,3,9
2023131266517,2023,131266517,1,1,2,1,28,6,3,0,0,0,0,0,9,6,E01011420,3,1,0.0,1.0,-1,6,20,1,1,1,14:55,6,1,9
2023332300083,2023,332300083,2,1,1,2,25,5,3,0,0,0,0,0,9,4,E01031054,-1,0,0.02624,0.97376,-1,3,30,1,1,1,08:53,5,2,9
2023010479348,2023,010479348,2,2,1,1,22,5,3,0,0,0,0,0,19,3,E01001366,-1,0,0.0,1.0,-1,2,20,1,1,2,15:49,3,2,19
2023010464812,2023,010464812,1,1,3,1,3,1,2,6,9,0,0,0,0,1,E01004420,-1,0,1.0,0.0,-1,2,20,1,1,1,15:30,6,1,9
2023161346664,2023,161346664,1,1,1,1,71,10,3,0,0,0,0,0,9,7,E01013008,3,1,0.0,1.0,-1,3,40,1,1,2,16:00,1,2,9
2023411374795,2023,411374795,1,1,1,1,30,6,3,0,0,0,0,0,9,9,E01031200,3,1,0.0,1.0,-1,6,30,1,1,1,11:20,1,3,9
2023430558621,2023,430558621,1,1,1,1,46,8,3,0,0,0,0,0,9,7,E01017878,-1,0,0.00585,0.99415,-1,7,70,1,4,1,07:01,4,3,9
2023340NN0112,2023,340NN0112,2,1,1,1,14,3,2,0,0,0,0,0,1,7,E01032967,-1,0,1.0,0.0,-1,3,40,1,4,1,17:49,6,2,1
2023011274124,2023,011274124,1,4,2,2,20,4,2,0,0,2,0,0,9,9,E01030672,7,1,1.0,0.0,-1,3,70,1,1,1,23:25,6,1,9
2023141392794,2023,141392794,1,1,1,1,17,4,2,0,0,0,0,0,9,7,E01027696,7,1,1.0,0.0,-1,6,60,5,1,2,12:45,5,4,9
2023231307930,2023,231307930,1,1,1,1,22,5,3,0,0,0,0,0,9,9,E01031227,3,1,0.0,1.0,-1,6,50,1,1,2,16:10,7,1,9
2023351330505,2023,351330505,1,1,1,1,47,8,2,0,0,0,0,0,-1,4,E01017947,5,1,1.0,0.0,-1,6,20,1,7,1,19:12,5,1,-1
2023231270746,2023,231270746,1,1,3,2,55,8,3,1,1,0,0,0,0,6,E01032532,3,1,0.0,1.0,-1,6,30,1,1,1,17:00,4,1,9
2023461321817,2023,461321817,1,2,2,2,32,6,3,0,0,1,0,0,9,3,E01024480,3,1,0.0,1.0,-1,6,40,1,1,1,19:00,6,2,9
2023141347876,2023,141347876,1,1,3,1,28,6,3,9,9,0,0,0,0,-1,-1,3,1,0.0,1.0,-1,6,30,1,1,1,11:19,7,1,9
2023010480146,2023,010480146,1,1,2,1,18,4,3,0,0,1,0,0,9,5,E01002481,-1,0,0.0,1.0,-1,6,30,1,4,1,16:27,7,3,9
2023401323185,2023,401323185,2,1,2,2,43,7,3,0,0,1,0,0,9,3,E01004448,3,1,0.0,1.0,-1,3,70,1,1,1,08:42,3,2,9
2023101272368,2023,101272368,1,1,2,1,46,8,3,0,0,0,4,0,11,-1,-1,3,1,0.0,1.0,-1,6,30,1,4,1,17:00,5,1,11
2023501371580,2023,501371580,2,1,1,2,-1,-1,3,0,0,0,0,0,1,-1,-1,3,1,0.0,1.0,-1,6,30,1,1,1,16:00,5,2,1
202360A131576,2023,60A131576,1,1,1,1,38,7,2,0,0,0,0,0,5,-1,-1,-1,0,1.0,0.0,-1,6,30,1,1,2,17:31,5,2,5
2023061322628,2023,061322628,2,1,1,2,35,6,3,0,0,0,0,0,9,6,E01006042,3,1,0.0,1.0,-1,6,30,1,1,1,17:22,4,2,9
2023141281493,2023,141281493,2,2,1,1,22,5,3,0,0,0,0,0,9,-1,-1,3,1,0.0,1.0,-1,6,30,2,4,2,20:22,2,2,9
2023231314953,2023,231314953,3,1,1,1,24,5,3,0,0,0,0,0,9,-1,-1,3,1,0.0,1.0,-1,6,30,1,4,1,22:05,6,3,9
2023541476923,2023,541476923,3,1,1,2,34,6,3,0,0,0,0,0,9,4,E01023154,-1,0,0.0167,0.9833,-1,6,60,1,1,2,13:42,5,3,9
2023991302423,2023,991302423,2,1,1,1,83,11,3,0,0,0,0,0,9,7,-1,3,1,0.0,1.0,-1,6,60,2,1,2,11:00,1,2,9
2023351310497,2023,351310497,1,1,1,1,41,7,3,0,0,0,0,0,19,1,E01015603,3,1,0.0,1.0,-1,6,50,9,1,-1,10:45,1,2,19
2023221311353,2023,221311353,1,1,3,1,47,8,2,9,9,0,0,1,0,5,E01032196,7,1,1.0,0.0,-1,6,30,1,1,1,11:45,4,1,9
2023522400306,2023,522400306,2,1,1,1,60,9,3,0,0,0,0,0,1,10,E01014617,-1,0,0.13023,0.86977,-1,6,20,1,1,1,13:05,1,2,1
2023991294997,2023,991294997,1,1,1,1,33,6,3,0,0,0,0,0,5,4,-1,3,1,0.0,1.0,-1,6,60,1,1,1,13:44,1,1,5
2023211301192,2023,211301192,1,1,1,1,51,8,3,0,0,0,0,0,9,-1,-1,3,1,0.0,1.0,-1,6,60,1,1,1,09:04,3,3,9
2023340WN6252,2023,340WN6252,1,1,1,1,49,8,3,0,0,0,0,0,9,10,E01025785,-1,0,0.1864,0.8136,-1,6,60,1,7,2,06:00,3,1,9
2023010463217,2023,010463217,1,1,3,2,25,5,2,4,1,0,0,0,0,6,E01004513,-1,0,1.0,0.0,-1,6,20,1,1,1,18:22,4,1,5
2023111293075,2023,111293075,1,1,3,2,72,10,3,8,1,0,0,0,0,-1,-1,3,1,0.0,1.0,-1,6,30,1,1,1,15:00,3,1,19
2023010479637,2023,010479637,1,1,2,2,31,6,2,0,0,2,0,0,9,6,E01002170,-1,0,1.0,0.0,-1,6,20,1,4,1,22:40,4,3,9
2023010483763,2023,010483763,1,2,2,2,-1,-1,3,0,0,1,0,0,9,2,E01001961,-1,0,0.0,1.0,-1,9,20,2,1,2,02:04,4,2,9
2023332300661,2023,332300661,2,2,1,1,20,4,3,0,0,0,0,0,9,5,E01025842,-1,0,0.0261,0.9739,-1,6,30,1,4,1,21:05,3,2,9
2023501262748,2023,501262748,1,1,1,2,25,5,3,0,0,0,0,0,9,3,E01015168,3,1,0.0,1.0,-1,6,30,2,1,2,11:26,5,3,9
2023010430879,2023,010430879,1,1,1,1,29,6,3,0,0,0,0,0,3,6,E01003698,-1,0,0.0,1.0,-1,9,30,1,1,1,17:10,5,2,3
2023501394515,2023,501394515,1,1,1,1,20,4,3,0,0,0,0,0,3,-1,-1,3,1,0.0,1.0,-1,6,30,1,4,2,23:18,7,2,3
2023430574002,2023,430574002,1,1,1,2,37,7,3,0,0,0,0,0,9,7,E01016409,-1,0,0.00811,0.99189,-1,6,30,1,1,1,12:20,3,2,9
2023041279896,2023,041279896,1,1,3,2,42,7,3,8,8,0,0,0,0,7,E01018338,3,1,0.0,1.0,-1,6,20,1,1,1,16:43,3,1,9
2023201317686,2023,201317686,2,2,2,1,26,6,3,0,0,2,0,0,8,-1,-1,3,1,0.0,1.0,-1,6,20,1,4,1,01:42,1,2,8
2023430292437,2023,430292437,1,1,1,1,43,7,3,0,0,0,0,0,9,8,E01016760,-1,0,0.09783,0.90217,-1,6,60,1,1,1,19:29,1,2,9
2023451332913,2023,451332913,1,1,1,1,63,9,3,0,0,0,0,0,9,10,E01030866,3,1,0.0,1.0,-1,6,50,1,1,1,14:45,2,2,9
2023461333516,2023,461333516,2,1,1,2,55,8,2,0,0,0,0,0,9,6,E01031464,7,1,1.0,0.0,-1,3,70,1,1,1,14:15,3,2,9
2023501374077,2023,501374077,1,1,1,2,86,11,2,0,0,0,0,0,9,7,E01019960,6,1,1.0,0.0,-1,6,30,1,1,1,12:48,2,2,9
2023440256900,2023,440256900,1,1,1,1,63,9,2,0,0,0,0,0,5,9,E01017284,-1,0,1.0,0.0,-1,6,30,1,1,1,17:15,3,1,5
2023520400305,2023,520400305,2,1,1,1,52,8,2,0,0,0,0,0,5,6,E01032031,-1,0,1.0,0.0,-1,6,60,1,1,1,15:29,3,2,5
2023010428263,2023,010428263,1,1,1,2,53,8,3,0,0,0,0,0,3,3,E01033710,-1,0,0.0,1.0,-1,6,20,1,7,1,21:30,1,2,3
2023041340085,2023,041340085,2,1,2,2,50,8,2,0,0,1,0,0,9,1,E01024856,5,1,1.0,0.0,-1,3,70,1,1,1,19:07,4,2,9
2023131314369,2023,131314369,1,3,2,1,20,4,3,0,0,2,0,0,9,4,E01011597,3,1,0.0,1.0,-1,6,30,1,6,2,00:27,7,1,9
2023549937323,2023,549937323,1,1,1,1,44,7,3,0,0,0,0,0,20,2,E01022290,-1,0,0.06448,0.93552,-1,6,60,1,1,2,12:19,3,2,20
2023471349519,2023,471349519,1,2,1,2,40,7,2,0,0,0,0,0,3,6,E01016938,7,1,1.0,0.0,-1,6,20,1,1,1,10:15,4,1,3
2023622300561,2023,622300561,2,2,1,1,54,8,3,0,0,0,0,0,1,1,W01001694,-1,0,0.09255,0.90745,-1,6,20,1,1,1,14:18,2,2,1
2023031260429,2023,031260429,2,1,1,1,24,5,3,0,0,0,0,0,2,-1,-1,3,1,0.0,1.0,-1,6,20,1,1,1,14:50,6,2,2
2023070488615,2023,070488615,1,2,3,1,35,6,3,5,1,0,0,0,0,-1,-1,-1,0,0.17916,0.82084,-1,6,30,1,4,1,23:25,3,1,1
2023311357699,2023,311357699,1,1,3,1,55,8,3,10,9,0,0,0,0,1,E01027939,3,1,0.0,1.0,-1,6,30,1,1,1,18:30,5,1,9
2023421388511,2023,421388511,2,1,1,1,32,6,3,0,0,0,0,0,1,10,E01021738,3,1,0.0,1.0,-1,6,30,1,4,2,18:15,4,2,1
2023544985323,2023,544985323,1,1,1,1,25,5,3,0,0,0,0,0,1,4,E01015509,-1,0,0.11272,0.88728,-1,6,30,1,1,1,13:11,6,2,1
2023111326069,2023,111326069,2,1,1,2,10,2,3,0,0,0,0,0,1,4,E01020801,3,1,0.0,1.0,-1,6,30,1,1,1,12:40,6,2,1
2023421264629,2023,421264629,1,1,1,2,30,6,2,0,0,0,0,0,9,7,E01021878,7,1,1.0,0.0,-1,6,60,8,6,4,21:00,3,1,9
2023471312557,2023,471312557,1,1,1,2,55,8,2,0,0,0,0,0,9,7,E01021112,5,1,1.0,0.0,-1,6,60,1,1,1,05:37,2,1,9
202354D656223,2023,54D656223,2,2,1,2,50,8,3,0,0,0,0,0,9,10,E01015564,-1,0,0.05992,0.94008,-1,3,40,1,4,2,17:30,3,2,9
2023531375464,2023,531375464,2,1,1,1,19,4,3,0,0,0,0,0,1,4,E01022331,3,1,0.0,1.0,-1,6,30,4,4,1,18:00,2,2,1
2023031312120,2023,031312120,2,1,1,1,35,6,3,0,0,0,0,0,5,1,E01024878,3,1,0.0,1.0,-1,6,50,1,1,1,11:48,7,2,5
2023451323006,2023,451323006,1,1,1,1,20,4,3,0,0,0,0,0,9,3,E01000736,3,1,0.0,1.0,-1,7,50,1,1,1,06:16,2,2,9
2023201283392,2023,201283392,2,2,1,1,72,10,3,0,0,0,0,0,11,1,E01010482,3,1,0.0,1.0,-1,6,30,1,1,1,07:21,7,2,11
2023311329395,2023,311329395,2,1,1,1,67,10,3,0,0,0,0,0,9,7,E01028240,3,1,0.0,1.0,-1,6,60,9,1,1,17:02,2,2,9
2023622300600,2023,622300600,1,1,1,1,35,6,3,0,0,0,0,0,9,1,W01001238,-1,0,0.04945,0.95055,-1,6,30,2,1,2,06:13,6,5,9
2023041374955,2023,041374955,1,1,3,2,28,6,2,10,3,0,0,0,0,6,E01025587,6,1,1.0,0.0,-1,6,20,1,1,1,09:30,4,3,19
2023622300870,2023,622300870,1,1,1,1,18,4,3,0,0,0,0,0,1,2,W01001766,-1,0,0.1015,0.8985,-1,6,20,1,1,1,15:36,3,2,1
2023010443442,2023,010443442,1,1,1,1,29,6,3,0,0,0,0,0,3,3,E01000973,-1,0,0.0,1.0,-1,9,30,9,1,9,20:01,1,2,3
2023010475552,2023,010475552,1,1,1,1,25,5,3,0,0,0,0,0,3,4,E01000591,-1,0,0.0,1.0,-1,9,20,1,1,9,16:00,4,2,3
2023061320144,2023,061320144,2,1,1,2,56,9,3,0,0,0,0,0,9,6,E01005743,3,1,0.0,1.0,-1,3,30,1,1,1,08:30,6,2,9
2023440484419,2023,440484419,2,2,2,1,65,9,3,0,0,1,0,0,9,1,E01017031,-1,0,0.11805,0.88195,-1,3,70,1,6,2,22:41,1,2,9
2023501296006,2023,501296006,2,2,2,2,57,9,3,0,0,1,0,0,9,2,E01019076,3,1,0.0,1.0,-1,6,60,2,1,2,12:27,3,2,9
2023401354093,2023,401354093,1,1,3,2,39,7,3,9,5,0,0,0,0,10,E01033244,3,1,0.0,1.0,-1,6,20,1,1,1,17:40,6,2,19
2023451370016,2023,451370016,1,1,3,2,48,8,3,8,3,0,0,0,0,6,E01030618,3,1,0.0,1.0,-1,6,30,1,4,2,17:00,5,1,9
2023031347961,2023,031347961,1,1,2,1,18,4,3,0,0,2,0,0,9,-1,-1,3,1,0.0,1.0,-1,6,60,1,1,1,13:53,7,1,9
2023201384479,2023,201384479,2,2,1,2,53,8,3,0,0,0,0,0,9,-1,-1,3,1,0.0,1.0,-1,3,30,1,1,1,14:00,4,2,9
2023221306701,2023,221306701,1,1,2,1,19,4,3,0,0,1,0,0,9,2,E01032474,3,1,0.0,1.0,-1,6,60,1,1,1,13:55,5,6,9
2023421362953,2023,421362953,2,1,1,1,22,5,3,0,0,0,0,0,3,5,E01021921,3,1,0.0,1.0,-1,6,30,1,4,2,23:55,7,2,3
2023401339552,2023,401339552,2,2,2,1,23,5,3,0,0,1,0,0,9,5,E01015768,3,1,0.0,1.0,-1,6,30,2,4,2,20:20,4,2,9
2023451281428,2023,451281428,3,4,1,1,28,6,3,0,0,0,0,0,9,10,E01030892,3,1,0.0,1.0,-1,6,40,1,1,1,14:15,1,3,9
2023631349215,2023,631349215,1,3,2,2,52,8,3,0,0,2,0,0,9,7,E01007203,3,1,0.0,1.0,-1,6,60,1,1,1,13:25,3,1,9
2023010467848,2023,010467848,1,1,1,2,50,8,3,0,0,0,0,0,1,6,E01002609,-1,0,0.0,1.0,-1,9,20,9,1,9,18:00,1,2,1
2023351339411,2023,351339411,1,3,2,1,45,7,2,0,0,1,0,0,9,5,E01018080,7,1,1.0,0.0,-1,6,60,1,1,1,08:03,2,2,9
2023041308642,2023,041308642,1,1,2,2,14,3,3,0,0,1,0,0,9,3,E01024891,3,1,0.0,1.0,-1,3,30,1,1,1,08:24,5,2,9
2023201403269,2023,201403269,1,1,2,1,40,7,3,0,0,2,0,0,9,-1,-1,3,1,0.0,1.0,-1,6,20,1,1,1,15:50,2,2,9
2023552301083,2023,552301083,2,1,1,1,46,8,2,0,0,0,0,0,9,10,E01020383,-1,0,1.0,0.0,-1,6,30,1,6,1,23:26,2,2,9
2023991389924,2023,991389924,2,2,2,2,60,9,3,0,0,1,0,0,9,10,-1,3,1,0.0,1.0,-1,6,60,1,6,2,16:37,1,2,9
2023302301671,2023,302301671,1,1,3,1,26,6,2,5,1,0,0,0,0,6,E01019782,-1,0,1.0,0.0,-1,6,30,1,1,2,12:50,4,1,9
2023991384861,2023,991384861,1,1,3,2,13,3,3,4,3,0,0,0,0,8,-1,3,1,0.0,1.0,-1,6,30,2,4,2,17:02,7,1,9
2023201321033,2023,201321033,1,1,3,2,13,3,3,1,3,0,0,0,0,2,E01009509,3,1,0.0,1.0,-1,6,30,1,1,1,18:42,7,1,9
2023201397134,2023,201397134,1,1,3,1,11,3,3,5,3,0,0,0,0,1,E01032890,3,1,0.0,1.0,-1,6,30,1,1,2,08:09,3,1,9
2023221266154,2023,221266154,1,1,3,1,32,6,3,1,1,0,0,2,0,-1,-1,3,1,0.0,1.0,-1,6,30,1,4,4,05:15,3,1,9
2023070897300,2023,070897300,2,1,1,1,56,9,3,0,0,0,0,0,1,9,E01018359,-1,0,0.13147,0.86853,-1,6,60,1,1,1,09:14,2,2,1
2023041388846,2023,041388846,3,3,1,1,61,9,3,0,0,0,0,0,9,3,W01000226,3,1,0.0,1.0,-1,3,70,1,4,1,16:28,6,5,9
2023201334345,2023,201334345,1,1,1,1,75,10,3,0,0,0,0,0,9,4,E01010489,3,1,0.0,1.0,-1,6,30,1,1,1,08:14,3,2,9
2023451371147,2023,451371147,1,1,1,2,60,9,3,0,0,0,0,0,1,10,E01030487,3,1,0.0,1.0,-1,6,30,2,1,2,16:02,6,2,1
2023421337760,2023,421337760,3,1,2,1,39,7,3,0,0,1,0,0,9,9,E01023439,3,1,0.0,1.0,-1,3,70,1,1,1,15:24,2,3,9
2023101364391,2023,101364391,1,1,2,1,72,10,3,0,0,0,0,0,10,-1,-1,3,1,0.0,1.0,-1,7,70,1,1,1,12:30,1,2,10
2023041331532,2023,041331532,2,2,2,1,11,3,3,0,0,2,0,0,9,7,E01025270,3,1,0.0,1.0,-1,6,30,1,1,1,13:50,4,2,9
2023421308626,2023,421308626,1,1,1,1,42,7,3,0,0,0,0,0,9,10,E01023455,3,1,0.0,1.0,-1,3,70,1,4,1,22:16,4,2,9
2023552400039,2023,552400039,2,1,1,2,31,6,3,0,0,0,0,0,9,8,E01020477,-1,0,0.01871,0.98129,-1,3,70,1,1,1,08:21,6,5,9
2023440457296,2023,440457296,1,1,1,1,28,6,3,0,0,0,0,0,3,7,E01017231,-1,0,0.07531,0.92469,-1,6,30,2,1,2,12:00,4,2,3
2023311374236,2023,311374236,2,2,2,1,31,6,3,0,0,1,0,0,9,-1,-1,3,1,0.0,1.0,-1,6,60,1,1,1,12:15,4,2,9
2023622300766,2023,622300766,2,2,1,2,35,6,3,0,0,0,0,0,9,2,W01000964,-1,0,0.01264,0.98736,-1,7,70,1,4,1,21:48,3,2,9
2023991315944,2023,991315944,2,1,1,1,32,6,3,0,0,0,0,0,5,3,-1,3,1,0.0,1.0,-1,6,30,8,1,1,20:15,3,2,5
2023401361990,2023,401361990,2,1,1,1,62,9,3,0,0,0,0,0,9,5,E01017486,3,1,0.0,1.0,-1,6,30,1,1,1,13:34,1,2,9
2023991303710,2023,991303710,2,3,2,1,38,7,3,0,0,1,0,0,9,-1,-1,3,1,0.0,1.0,-1,6,60,1,1,1,16:12,4,2,9
2023221273875,2023,221273875,2,1,1,1,86,11,3,0,0,0,0,0,9,5,E01014000,3,1,0.0,1.0,-1,6,60,1,1,2,12:29,4,2,9
2023471283126,2023,471283126,1,2,2,2,27,6,3,0,0,1,0,0,9,5,E01031501,3,1,0.0,1.0,-1,6,30,1,6,1,18:55,7,2,9
2023471332529,2023,471332529,2,3,1,2,44,7,3,0,0,0,0,0,9,5,E01030834,3,1,0.0,1.0,-1,6,40,1,1,1,10:42,5,2,9
2023501364009,2023,501364009,1,1,1,1,19,4,3,0,0,0,0,0,9,5,E01020093,3,1,0.0,1.0,-1,6,60,1,1,1,18:10,5,2,9
2023070989090,2023,070989090,2,1,1,1,36,7,3,0,0,0,0,0,1,9,E01012487,-1,0,0.10102,0.89898,-1,1,30,1,1,1,16:54,3,2,1
2023501345582,2023,501345582,2,1,1,1,27,6,3,0,0,0,0,0,1,4,E01015178,3,1,0.0,1.0,-1,6,30,1,1,1,19:51,5,2,1
2023311287227,2023,311287227,1,1,1,1,34,6,3,0,0,0,0,0,9,-1,-1,3,1,0.0,1.0,-1,6,30,2,1,2,17:10,4,2,9
2023332300427,2023,332300427,2,1,1,1,44,7,3,0,0,0,0,0,9,5,E01025884,-1,0,0.03009,0.96991,-1,6,30,1,1,1,08:30,2,3,9
2023411379551,2023,411379551,2,1,1,1,70,10,2,0,0,0,0,0,9,10,E01023718,6,1,1.0,0.0,-1,6,30,1,1,1,13:20,6,2,9
2023631382437,2023,631382437,2,1,1,2,37,7,3,0,0,0,0,0,9,1,W01000631,3,1,0.0,1.0,-1,6,20,2,1,2,09:15,2,2,9
2023320691732,2023,320691732,2,1,1,1,12,3,3,0,0,0,0,0,1,8,E01032996,-1,0,0.1307,0.8693,-1,6,30,1,4,1,17:50,7,2,1
2023010467507,2023,010467507,2,2,1,2,53,8,3,0,0,0,0,0,9,9,E01004111,-1,0,0.0,1.0,-1,3,40,1,1,1,16:00,5,2,9
2023401275603,2023,401275603,2,1,1,2,38,7,3,0,0,0,0,0,9,9,E01015708,3,1,0.0,1.0,-1,1,30,8,1,-1,10:40,7,2,9
2023522300971,2023,522300971,1,6,2,1,14,3,3,0,0,2,0,0,9,8,E01014824,-1,0,0.00954,0.99046,-1,6,20,1,1,1,14:35,3,4,9
2023631317856,2023,631317856,2,1,1,1,36,7,3,0,0,0,0,0,19,8,W01000609,3,1,0.0,1.0,-1,6,30,1,1,1,15:20,2,2,19
2023991290503,2023,991290503,1,1,3,2,4,1,2,9,5,0,0,0,0,2,-1,7,1,1.0,0.0,-1,6,30,1,1,1,14:49,6,1,90
2023052302363,2023,052302363,2,1,1,1,32,6,3,0,0,0,0,0,1,7,E01007242,-1,0,0.09462,0.90538,-1,6,30,2,1,2,08:20,5,2,1
2023052302713,2023,052302713,1,1,1,2,55,8,3,0,0,0,0,0,1,1,E01006963,-1,0,0.17406,0.82594,-1,6,30,2,4,2,19:21,1,2,1
2023430170130,2023,430170130,1,1,1,1,44,7,3,0,0,0,0,0,1,5,E01017557,-1,0,0.09216,0.90784,-1,6,60,1,1,1,18:25,2,2,1
2023451266235,2023,451266235,1,1,1,1,60,9,3,0,0,0,0,0,1,8,E01030732,3,1,0.0,1.0,-1,6,30,1,1,1,12:30,6,2,1
2023340WN4392,2023,340WN4392,2,2,2,2,37,7,3,0,0,1,0,0,9,6,E01027234,-1,0,0.05537,0.94463,-1,6,40,1,1,1,15:50,5,2,9
2023546639523,2023,546639523,1,1,2,1,15,3,3,0,0,2,0,0,9,2,E01031896,-1,0,0.07131,0.92869,-1,6,40,1,7,1,21:20,7,1,9
2023010421891,2023,010421891,1,1,3,2,-1,-1,3,5,1,0,0,0,0,-1,-1,-1,0,0.0,1.0,-1,6,30,1,5,1,15:15,3,1,9
2023070675626,2023,070675626,2,2,1,1,39,7,3,0,0,0,0,0,9,8,E01012532,-1,0,0.06147,0.93853,-1,6,60,1,1,1,19:00,3,2,9
2023131349603,2023,131349603,2,1,1,2,29,6,3,0,0,0,0,0,9,6,E01011517,3,1,0.0,1.0,-1,6,30,1,1,1,17:20,3,2,9
2023010433954,2023,010433954,1,1,3,2,12,3,3,6,9,0,0,0,0,7,E01002328,-1,0,0.0,1.0,-1,6,30,9,1,1,14:50,3,1,23
2023061352082,2023,061352082,1,2,2,1,17,4,3,0,0,0,0,0,4,-1,-1,3,1,0.0,1.0,-1,6,30,1,1,1,13:00,2,1,4
2023010472169,2023,010472169,1,1,1,1,48,8,3,0,0,0,0,0,8,1,E01004285,-1,0,0.0,1.0,-1,6,20,8,4,1,02:04,1,2,8
2023361342755,2023,361342755,1,1,1,1,19,4,2,0,0,0,0,0,9,3,E01026639,7,1,1.0,0.0,-1,6,30,1,4,1,22:00,2,1,9
2023501366837,2023,501366837,2,1,1,2,38,7,3,0,0,0,0,0,9,5,E01020049,3,1,0.0,1.0,-1,6,30,1,1,1,08:15,5,2,9
2023010453609,2023,010453609,1,1,2,2,71,10,3,0,0,0,4,0,11,6,E01002565,-1,0,0.0,1.0,-1,3,40,1,1,1,18:00,5,1,11
2023522400829,2023,522400829,1,1,1,2,24,5,3,0,0,0,0,0,-1,5,E01014915,-1,0,0.00832,0.99168,-1,6,40,9,1,9,20:30,3,2,-1
2023041309397,2023,041309397,2,1,1,1,25,5,3,0,0,0,0,0,9,9,E01025533,3,1,0.0,1.0,-1,6,40,1,1,1,17:55,4,2,9
2023101259724,2023,101259724,1,1,1,2,59,9,3,0,0,0,0,0,9,10,E01020829,3,1,0.0,1.0,-1,6,30,1,1,2,15:30,2,1,9
2023440326847,2023,440326847,1,1,1,2,38,7,3,0,0,0,0,0,9,3,E01017225,-1,0,0.07373,0.92627,-1,3,70,1,1,1,14:59,1,3,9
2023231286699,2023,231286699,1,1,1,1,29,6,3,0,0,0,0,0,9,3,E01031077,3,1,0.0,1.0,-1,6,30,3,1,4,08:52,5,2,9
2023401342726,2023,401342726,1,1,1,1,19,4,3,0,0,0,0,0,9,9,E01017398,3,1,0.0,1.0,-1,6,40,2,6,2,04:28,5,1,9
2023351393010,2023,351393010,1,2,3,1,23,5,2,5,1,0,0,0,0,7,E01032795,7,1,1.0,0.0,-1,6,20,1,1,1,08:50,2,1,1
2023131312298,2023,131312298,2,1,1,1,38,7,3,0,0,0,0,0,9,1,E01011363,3,1,0.0,1.0,-1,3,40,1,4,1,03:50,7,2,9
2023161291563,2023,161291563,2,1,1,1,39,7,3,0,0,0,0,0,9,8,E01013262,3,1,0.0,1.0,-1,6,30,2,1,2,13:27,3,2,9
2023451283233,2023,451283233,1,1,2,1,17,4,3,0,0,1,0,0,9,8,E01002989,3,1,0.0,1.0,-1,6,60,1,6,1,21:30,1,2,9