collision_index,collision_year,collision_ref_no,vehicle_reference,casualty_reference,casualty_class,sex_of_casualty,age_of_casualty,age_band_of_casualty,casualty_severity,pedestrian_location,pedestrian_movement,car_passenger,bus_or_coach_passenger,pedestrian_road_maintenance_worker,casualty_type,casualty_imd_decile,lsoa_of_casualty,enhanced_casualty_severity,casualty_injury_based,casualty_adjusted_severity_serious,casualty_adjusted_severity_slight,casualty_distance_banding,road_type,speed_limit,weather_conditions,light_conditions,road_surface_conditions,time,day_of_week,number_of_vehicles,vehicle_type
2023531276621,2023,531276621,1,1,1,2,38,7,2,0,0,0,0,0,9,8,E01031885,7,1,1.0,0.0,-1,6,60,1,1,1,11:25,4,1,9
2023991372559,2023,991372559,1,3,2,1,61,9,3,0,0,1,0,0,9,-1,-1,3,1,0.0,1.0,-1,6,60,1,1,1,14:10,4,2,9
2023010445238,2023,010445238,1,1,1,1,43,7,3,0,0,0,0,0,3,2,E01001485,-1,0,0.0,1.0,-1,6,20,1,4,9,23:00,5,2,3
2023201404008,2023,201404008,2,1,1,2,80,11,3,0,0,0,0,0,9,4,E01009228,3,1,0.0,1.0,-1,6,30,1,1,1,13:55,3,2,9
2023302300904,2023,302300904,2,2,1,2,33,6,3,0,0,0,0,0,9,2,E01019542,-1,0,0.069,0.931,-1,3,40,1,1,1,09:30,6,2,9
2023101297129,2023,101297129,1,1,3,2,22,5,3,1,1,0,0,0,0,2,E01008664,3,1,0.0,1.0,-1,3,30,1,1,1,16:00,6,1,9
2023991308523,2023,991308523,1,1,3,2,17,4,3,1,1,0,0,2,0,-1,-1,3,1,0.0,1.0,-1,6,30,1,1,1,16:27,4,1,9
2023061335541,2023,061335541,1,1,2,1,28,6,3,0,0,1,0,0,9,9,E01004897,3,1,0.0,1.0,-1,6,30,1,4,1,22:25,1,11,9
2023101372711,2023,101372711,2,1,1,2,42,7,3,0,0,0,0,0,9,7,E01008856,3,1,0.0,1.0,-1,6,20,1,4,1,19:50,1,2,9
2023311365269,2023,311365269,2,2,2,2,41,7,3,0,0,1,0,0,9,7,E01026333,3,1,0.0,1.0,-1,3,70,2,6,2,19:53,6,2,9
2023010460137,2023,010460137,1,1,1,1,68,10,3,0,0,0,0,0,5,6,E01023314,-1,0,0.0,1.0,-1,3,70,1,1,1,19:55,6,3,5
2023010484709,2023,010484709,1,1,1,1,50,8,3,0,0,0,0,0,5,1,E01001178,-1,0,0.0,1.0,-1,6,20,1,1,1,07:10,2,2,5
2023041351019,2023,041351019,2,1,1,2,36,7,3,0,0,0,0,0,9,7,E01025003,3,1,0.0,1.0,-1,6,50,1,1,1,14:25,6,2,9
2023052302321,2023,052302321,2,2,1,2,73,10,3,0,0,0,0,0,9,1,E01006500,-1,0,0.06303,0.93697,-1,3,20,2,1,2,16:24,7,2,9
2023101271635,2023,101271635,1,1,3,1,81,11,3,6,9,0,0,0,0,6,E01008464,3,1,0.0,1.0,-1,6,30,1,1,1,12:30,4,1,11
2023010451057,2023,010451057,2,1,1,1,31,6,3,0,0,0,0,0,1,1,E01002732,-1,0,0.0,1.0,-1,6,20,1,1,1,19:29,6,3,1
2023061283502,2023,061283502,2,1,1,1,60,9,3,0,0,0,0,0,9,3,E01005702,3,1,0.0,1.0,-1,6,30,1,1,1,07:10,3,2,9
2023440143316,2023,440143316,1,1,2,2,78,11,3,0,0,1,0,0,9,5,E01017025,-1,0,0.02643,0.97357,-1,6,30,1,1,1,10:45,4,2,9
2023122300813,2023,122300813,1,2,1,2,65,9,2,0,0,0,0,0,9,9,E01011641,-1,0,1.0,0.0,-1,6,40,1,1,1,17:00,5,2,9
2023461283328,2023,461283328,2,1,1,2,30,6,3,0,0,0,0,0,9,8,E01024803,3,1,0.0,1.0,-1,6,50,1,1,1,17:20,2,2,9
2023371316612,2023,371316612,1,1,1,1,49,8,3,0,0,0,0,0,21,8,E01030197,3,1,0.0,1.0,-1,3,70,1,1,1,05:00,6,1,21
2023070050393,2023,070050393,1,1,3,2,15,3,3,5,3,0,0,0,0,4,E01018489,-1,0,0.06723,0.93277,-1,6,30,3,4,2,18:45,3,1,9
2023520400755,2023,520400755,1,1,3,1,30,6,3,6,9,0,0,0,0,5,E01029259,-1,0,0.11177,0.88823,-1,3,70,2,6,2,22:00,5,2,9
2023201359386,2023,201359386,1,1,1,1,40,7,3,0,0,0,0,0,9,1,E01010450,3,1,0.0,1.0,-1,6,30,1,1,1,10:49,2,2,9
2023361263737,2023,361263737,2,1,1,2,53,8,3,0,0,0,0,0,9,2,E01026633,3,1,0.0,1.0,-1,3,70,1,6,2,19:43,4,2,9
2023991370469,2023,991370469,3,2,1,2,38,7,2,0,0,0,0,0,9,8,-1,5,1,1.0,0.0,-1,6,40,1,1,1,14:30,4,3,9
2023531261951,2023,531261951,1,1,3,2,26,6,3,1,3,0,0,0,0,4,E01022102,3,1,0.0,1.0,-1,6,30,9,4,1,17:10,1,1,9
2023471374159,2023,471374159,1,1,1,1,71,10,2,0,0,0,0,0,5,10,E01022928,5,1,1.0,0.0,-1,6,60,1,1,1,12:30,7,1,5
2023332300193,2023,332300193,1,1,1,1,58,9,3,0,0,0,0,0,9,5,E01025865,-1,0,0.07508,0.92492,-1,6,40,2,6,2,00:30,5,1,9
2023371374437,2023,371374437,2,1,2,1,41,7,3,0,0,1,0,0,9,6,E01032525,3,1,0.0,1.0,-1,6,30,1,1,1,15:45,3,2,9
2023421279537,2023,421279537,1,1,1,2,67,10,3,0,0,0,0,0,9,3,E01022019,3,1,0.0,1.0,-1,6,60,1,1,1,15:40,4,1,9
2023430389930,2023,430389930,1,1,3,1,86,11,3,4,3,0,0,0,0,-1,-1,-1,0,0.21781,0.78219,-1,6,40,1,1,1,12:12,5,1,9
2023161327030,2023,161327030,1,1,1,1,19,4,3,0,0,0,0,0,2,8,E01013035,3,1,0.0,1.0,-1,6,30,1,1,1,17:04,3,2,2
2023302301555,2023,302301555,2,1,1,1,56,9,3,0,0,0,0,0,5,2,E01033172,-1,0,0.1771,0.8229,-1,6,30,1,1,2,09:07,4,2,5
2023361372498,2023,361372498,1,1,1,1,45,7,3,0,0,0,0,0,5,5,E01026726,3,1,0.0,1.0,-1,6,60,1,6,1,16:10,1,1,5
2023401291690,2023,401291690,2,2,2,1,33,6,3,0,0,2,0,0,9,4,E01017487,3,1,0.0,1.0,-1,3,70,2,6,-1,22:25,6,2,9
2023461375215,2023,461375215,1,1,1,2,54,8,3,0,0,0,0,0,9,6,E01024245,3,1,0.0,1.0,-1,1,40,1,1,1,12:02,3,2,9
2023991351048,2023,991351048,1,2,1,1,22,5,2,0,0,0,0,0,9,2,-1,5,1,1.0,0.0,-1,6,30,1,4,1,21:37,1,1,9
2023411310437,2023,411310437,2,1,1,1,-1,-1,3,0,0,0,0,0,90,-1,-1,3,1,0.0,1.0,-1,6,30,1,1,-1,07:15,2,2,90
2023440202865,2023,440202865,1,1,1,1,45,7,3,0,0,0,0,0,5,8,E01022798,-1,0,0.2521,0.7479,-1,3,70,1,4,1,01:13,3,1,5
2023991388774,2023,991388774,3,3,1,1,69,10,3,0,0,0,0,0,9,-1,-1,3,1,0.0,1.0,-1,6,30,2,1,2,14:47,6,3,9
2023411344285,2023,411344285,1,1,1,2,37,7,3,0,0,0,0,0,9,9,E01023713,3,1,0.0,1.0,-1,7,70,1,1,1,08:55,2,2,9
2023991291869,2023,991291869,2,3,1,2,49,8,3,0,0,0,0,0,9,10,E01021234,3,1,0.0,1.0,-1,6,60,2,6,2,17:37,4,2,9
2023461274096,2023,461274096,2,1,1,1,39,7,3,0,0,0,0,0,3,4,E01024090,3,1,0.0,1.0,-1,6,30,1,1,1,11:00,2,2,3
2023061299050,2023,061299050,1,2,1,1,-1,-1,2,0,0,0,0,0,9,8,E01005775,7,1,1.0,0.0,-1,3,40,1,1,1,11:15,2,2,9
2023071091942,2023,071091942,1,1,1,1,33,6,3,0,0,0,0,0,9,1,E01012453,-1,0,0.02598,0.97402,-1,6,30,1,1,2,13:55,6,2,9
2023411277218,2023,411277218,3,1,1,2,45,7,3,0,0,0,0,0,9,10,E01023510,3,1,0.0,1.0,-1,3,40,1,1,1,07:25,2,3,9
2023541303223,2023,541303223,1,1,1,2,24,5,3,0,0,0,0,0,9,5,E01031986,-1,0,0.02621,0.97379,-1,6,30,1,4,1,19:30,1,2,9
2023010463328,2023,010463328,1,1,2,2,4,1,3,0,0,0,4,0,11,10,E01002196,-1,0,0.0,1.0,-1,6,30,1,1,1,11:50,5,1,11
2023070624676,2023,070624676,2,1,1,2,40,7,3,0,0,0,0,0,9,1,E01012546,-1,0,0.00392,0.99608,-1,6,30,1,1,1,08:00,4,2,9
2023340WN7232,2023,340WN7232,2,1,1,1,40,7,3,0,0,0,0,0,9,5,E01027176,-1,0,0.00293,0.99707,-1,2,20,1,1,1,11:35,1,2,9
2023371374362,2023,371374362,3,1,1,2,41,7,3,0,0,0,0,0,9,8,E01029957,3,1,0.0,1.0,-1,6,60,1,6,1,18:10,2,3,9
2023332300541,2023,332300541,2,1,1,1,19,4,3,0,0,0,0,0,1,2,E01013753,-1,0,0.02232,0.97768,-1,2,30,1,1,1,20:20,6,2,1
2023010485143,2023,010485143,1,1,1,1,43,7,3,0,0,0,0,0,9,5,E01002214,-1,0,0.0,1.0,-1,6,30,1,1,1,13:00,4,2,9
2023070200781,2023,070200781,1,1,1,2,28,6,3,0,0,0,0,0,9,9,E01029773,-1,0,0.01994,0.98006,-1,6,30,6,1,3,10:30,5,1,9
2023141326227,2023,141326227,2,1,1,1,37,7,2,0,0,0,0,0,9,1,E01007723,7,1,1.0,0.0,-1,6,60,1,1,1,09:22,4,3,9
2023010449341,2023,010449341,1,1,1,2,21,5,3,0,0,0,0,0,9,1,E01002588,-1,0,0.0,1.0,-1,1,30,1,1,1,14:20,5,1,9
2023010471887,2023,010471887,1,1,2,1,38,7,3,0,0,2,0,0,9,2,E01004436,-1,0,0.0,1.0,-1,3,50,1,1,1,08:28,7,4,9
2023061379409,2023,061379409,2,3,2,1,3,1,3,0,0,2,0,0,9,-1,-1,3,1,0.0,1.0,-1,6,30,1,1,-1,18:10,4,2,9
2023320770235,2023,320770235,1,1,1,2,79,11,3,0,0,0,0,0,9,7,E01026257,-1,0,0.13029,0.86971,-1,6,30,1,1,2,14:00,6,3,9
2023552300860,2023,552300860,1,1,1,2,24,5,3,0,0,0,0,0,9,8,E01024414,-1,0,0.05678,0.94322,-1,6,40,1,1,1,11:56,1,2,9
2023101366579,2023,101366579,1,1,3,1,50,8,3,6,9,0,0,0,0,3,E01008432,3,1,0.0,1.0,-1,6,30,1,1,1,13:55,7,1,97
2023332301019,2023,332301019,2,1,1,1,61,9,3,0,0,0,0,0,1,5,E01013736,-1,0,0.04186,0.95814,-1,1,30,2,1,2,15:42,5,2,1
2023101322720,2023,101322720,2,1,1,1,60,9,3,0,0,0,0,0,5,3,E01008742,3,1,0.0,1.0,-1,6,30,1,1,1,11:30,7,2,5
2023991337642,2023,991337642,2,1,1,2,26,6,3,0,0,0,0,0,9,-1,-1,3,1,0.0,1.0,-1,1,70,1,1,1,16:15,2,2,9
202360A078736,2023,60A078736,1,1,3,1,36,7,3,6,8,0,0,0,0,-1,-1,-1,0,0.1257,0.8743,-1,6,30,1,4,1,23:30,5,1,9
2023010438703,2023,010438703,1,1,1,1,23,5,3,0,0,0,0,0,3,3,E01000613,-1,0,0.0,1.0,-1,9,20,3,1,2,13:15,6,2,3
2023101326180,2023,101326180,1,2,2,1,8,2,3,0,0,1,0,0,9,4,E01008455,3,1,0.0,1.0,-1,6,30,1,1,1,15:43,3,2,9
2023332300561,2023,332300561,2,1,1,2,32,6,3,0,0,0,0,0,9,8,E01025853,-1,0,0.01676,0.98324,-1,6,30,1,1,1,15:15,1,2,9
2023111393819,2023,111393819,1,1,3,2,38,7,2,1,1,0,0,2,0,8,E01012360,6,1,1.0,0.0,-1,6,30,1,1,1,12:42,6,1,9
2023131304951,2023,131304951,2,5,2,2,34,6,2,0,0,1,0,0,9,1,E01010925,7,1,1.0,0.0,-1,6,40,1,1,1,17:35,1,3,9
2023231405494,2023,231405494,1,4,2,2,57,9,3,0,0,1,0,0,9,5,E01031186,3,1,0.0,1.0,-1,6,30,1,1,1,09:11,5,2,9
2023461283606,2023,461283606,1,1,2,1,22,5,3,0,0,1,0,0,9,4,E01024195,3,1,0.0,1.0,-1,6,30,1,1,1,17:04,2,2,9
202360A016942,2023,60A016942,2,1,1,2,56,9,3,0,0,0,0,0,9,-1,-1,-1,0,0.22253,0.77747,-1,6,60,1,1,1,13:30,7,3,9
2023141358284,2023,141358284,2,2,2,2,34,6,3,0,0,0,0,0,98,5,E01005961,3,1,0.0,1.0,-1,3,70,2,1,2,18:21,7,2,98
2023010430952,2023,010430952,1,1,3,1,26,6,3,9,5,0,0,0,0,7,E01001657,-1,0,0.0,1.0,-1,6,20,1,4,1,22:15,3,4,9
2023010442854,2023,010442854,2,1,1,1,31,6,3,0,0,0,0,0,1,3,E01032786,-1,0,0.0,1.0,-1,6,20,1,4,1,23:08,7,2,1
2023010439061,2023,010439061,2,1,1,1,19,4,3,0,0,0,0,0,4,8,E01004143,-1,0,0.0,1.0,-1,6,30,2,4,2,21:02,1,2,4
2023122400060,2023,122400060,1,3,2,2,71,10,2,0,0,1,0,0,9,-1,-1,-1,0,1.0,0.0,-1,6,60,1,1,2,15:15,2,2,9
2023430190921,2023,430190921,2,1,1,2,57,9,2,0,0,0,0,0,9,8,E01017736,-1,0,1.0,0.0,-1,6,60,1,1,1,16:28,3,3,9
2023461373812,2023,461373812,2,1,1,2,72,10,3,0,0,0,0,0,9,7,E01024712,3,1,0.0,1.0,-1,6,30,1,1,1,14:01,1,3,9
2023542168423,2023,542168423,1,1,1,1,60,9,3,0,0,0,0,0,9,6,E01032037,-1,0,0.09355,0.90645,-1,6,60,1,1,1,14:20,2,3,9
2023161277238,2023,161277238,1,1,3,1,16,4,3,4,1,0,0,0,0,10,E01013223,3,1,0.0,1.0,-1,6,30,1,1,1,08:47,5,1,8
2023501360773,2023,501360773,1,2,1,1,65,9,2,0,0,0,0,0,5,3,E01019042,5,1,1.0,0.0,-1,6,60,1,1,1,15:28,1,2,5
2023201292099,2023,201292099,2,3,2,2,41,7,3,0,0,1,0,0,9,6,E01029699,3,1,0.0,1.0,-1,6,30,5,4,2,21:30,2,2,9
2023371432704,2023,371432704,1,2,2,1,30,6,3,0,0,1,0,0,9,2,E01033122,3,1,0.0,1.0,-1,6,60,2,1,2,07:50,3,1,9
2023451299833,2023,451299833,1,1,1,1,41,7,3,0,0,0,0,0,9,7,E01030741,3,1,0.0,1.0,-1,6,30,2,4,2,00:21,1,2,9
2023991269112,2023,991269112,1,1,1,2,30,6,3,0,0,0,0,0,9,6,-1,3,1,0.0,1.0,-1,6,60,1,1,4,08:00,7,1,9
2023101371929,2023,101371929,1,1,1,1,15,3,3,0,0,0,0,0,2,1,E01008817,3,1,0.0,1.0,-1,6,20,4,4,2,18:15,2,2,2
2023201389386,2023,201389386,2,1,1,1,24,5,3,0,0,0,0,0,4,2,E01010528,3,1,0.0,1.0,-1,6,30,1,4,1,21:00,7,2,4
2023461283554,2023,461283554,2,1,1,1,32,6,3,0,0,0,0,0,19,4,E01024702,3,1,0.0,1.0,-1,6,30,1,1,1,12:00,6,2,19
2023010464554,2023,010464554,1,1,3,2,29,6,2,5,1,0,0,0,0,2,E01004729,-1,0,1.0,0.0,-1,6,20,1,1,1,10:43,5,1,9
2023061302439,2023,061302439,2,1,1,1,31,6,2,0,0,0,0,0,1,7,E01006379,7,1,1.0,0.0,-1,6,30,1,1,1,10:00,1,2,1
2023010481037,2023,010481037,1,1,1,1,29,6,3,0,0,0,0,0,3,5,E01001149,-1,0,0.0,1.0,-1,6,20,1,1,1,14:21,4,2,3
2023991374638,2023,991374638,2,3,1,1,56,9,3,0,0,0,0,0,8,9,-1,3,1,0.0,1.0,-1,6,60,2,6,2,19:30,3,2,8
2023010440156,2023,010440156,2,2,1,2,57,9,3,0,0,0,0,0,9,7,E01002366,-1,0,0.0,1.0,-1,6,30,1,1,1,11:30,7,2,9
2023010442547,2023,010442547,1,2,2,2,48,8,2,0,0,1,0,0,9,10,E01000345,-1,0,1.0,0.0,-1,3,30,8,1,2,12:05,6,2,9
2023302301565,2023,302301565,1,1,1,2,65,9,3,0,0,0,0,0,9,8,E01019806,-1,0,0.06495,0.93505,-1,6,40,1,4,1,22:00,6,2,9
2023440109800,2023,440109800,2,1,1,2,42,7,3,0,0,0,0,0,9,5,E01022542,-1,0,0.01335,0.98665,-1,6,30,1,1,1,15:03,1,2,9
2023991338489,2023,991338489,1,1,1,1,21,5,2,0,0,0,0,0,9,8,-1,7,1,1.0,0.0,-1,6,60,2,1,2,16:15,7,1,9
2023010477976,2023,010477976,1,1,3,2,12,3,2,4,1,0,0,0,0,3,E01002413,-1,0,1.0,0.0,-1,7,30,2,1,2,15:36,3,1,10
2023361324728,2023,361324728,2,2,2,2,48,8,3,0,0,-1,0,0,9,2,E01030246,3,1,0.0,1.0,-1,3,40,1,1,1,12:46,7,2,9
2023010468500,2023,010468500,2,1,1,1,39,7,3,0,0,0,0,0,1,8,E01004472,-1,0,0.0,1.0,-1,6,30,1,4,1,06:03,4,2,1
2023010475541,2023,010475541,1,1,1,2,21,5,3,0,0,0,0,0,1,5,E01001889,-1,0,0.0,1.0,-1,1,20,1,4,2,19:00,3,2,1
2023010470350,2023,010470350,2,1,1,1,51,8,3,0,0,0,0,0,3,7,E01000573,-1,0,0.0,1.0,-1,3,30,1,1,1,11:57,6,2,3
2023131352483,2023,131352483,2,1,1,2,22,5,2,0,0,0,0,0,9,1,E01010611,7,1,1.0,0.0,-1,6,30,1,4,1,21:20,4,2,9
2023161317828,2023,161317828,1,2,2,1,3,1,3,0,0,2,0,0,9,3,E01013238,3,1,0.0,1.0,-1,7,70,1,1,1,12:50,1,2,9
2023622300836,2023,622300836,1,1,1,1,20,4,3,0,0,0,0,0,9,8,W01001252,-1,0,0.12226,0.87774,-1,6,60,1,4,1,03:22,7,1,9
2023141354504,2023,141354504,1,1,3,1,34,6,3,1,1,0,0,0,0,1,E01007496,3,1,0.0,1.0,-1,3,40,2,1,2,14:54,4,1,9
2023311299111,2023,311299111,1,1,3,2,3,1,3,5,2,0,0,0,0,-1,-1,3,1,0.0,1.0,-1,6,20,1,1,1,18:11,5,1,9
2023031382756,2023,031382756,2,1,1,1,53,8,2,0,0,0,0,0,1,4,E01019247,7,1,1.0,0.0,-1,6,30,1,1,2,10:00,3,2,1
2023440132548,2023,440132548,1,1,1,2,63,9,3,0,0,0,0,0,9,7,E01022946,-1,0,0.02069,0.97931,-1,7,70,1,1,1,18:30,2,3,9
2023052301168,2023,052301168,1,2,2,1,34,6,2,0,0,0,0,0,19,2,E01006551,-1,0,1.0,0.0,-1,6,30,1,1,1,18:33,1,2,19
2023131348178,2023,131348178,1,1,1,1,23,5,3,0,0,0,0,0,9,2,E01011943,3,1,0.0,1.0,-1,1,40,1,1,1,17:47,1,1,9
2023991318219,2023,991318219,1,1,1,1,31,6,2,0,0,0,0,0,9,1,-1,7,1,1.0,0.0,-1,6,30,1,1,1,09:15,3,2,9
2023231277563,2023,231277563,1,1,1,2,46,8,3,0,0,0,0,0,9,7,E01004553,3,1,0.0,1.0,-1,6,60,8,6,4,18:08,3,2,9
2023332300287,2023,332300287,1,1,1,1,24,5,2,0,0,0,0,0,9,4,E01013733,-1,0,1.0,0.0,-1,6,30,2,1,2,08:59,1,1,9
2023501281539,2023,501281539,2,2,2,1,57,9,3,0,0,1,0,0,9,3,E01020323,3,1,0.0,1.0,-1,6,60,1,1,1,14:18,6,3,9
2023991390783,2023,991390783,1,1,3,2,13,3,2,5,3,0,0,0,0,10,-1,7,1,1.0,0.0,-1,6,30,1,1,2,16:10,2,1,9
2023041358529,2023,041358529,2,1,1,1,40,7,2,0,0,0,0,0,1,1,E01025297,7,1,1.0,0.0,-1,6,20,1,1,1,12:00,5,2,1
2023451343197,2023,451343197,1,1,2,2,70,10,3,0,0,1,0,0,9,10,E01030350,3,1,0.0,1.0,-1,6,30,1,1,1,15:00,6,2,9
2023010455335,2023,010455335,2,1,2,2,60,9,3,0,0,1,0,0,9,5,E01000467,-1,0,0.0,1.0,-1,3,30,1,1,1,10:42,7,2,9
2023010481133,2023,010481133,2,2,1,2,51,8,2,0,0,0,0,0,9,3,E01003979,-1,0,1.0,0.0,-1,6,30,1,1,1,14:55,5,2,9
2023131292874,2023,131292874,1,2,2,1,19,4,3,0,0,2,0,0,9,1,E01010719,3,1,0.0,1.0,-1,6,30,1,4,2,21:50,7,2,9
2023211371543,2023,211371543,1,1,1,1,21,5,1,0,0,0,0,0,9,6,E01032968,1,1,0.0,0.0,-1,3,70,1,6,2,18:34,2,1,9
2023411285335,2023,411285335,1,1,1,2,37,7,3,0,0,0,0,0,9,9,E01022063,3,1,0.0,1.0,-1,3,70,2,1,2,09:51,6,2,9
2023421380097,2023,421380097,1,1,2,2,85,11,3,0,0,1,0,0,9,9,E01021740,3,1,0.0,1.0,-1,6,30,1,1,1,13:46,3,3,9
2023501317276,2023,501317276,2,7,2,2,4,1,3,0,0,2,0,0,9,4,E01020130,3,1,0.0,1.0,-1,6,60,1,1,1,12:00,7,2,9
2023070342427,2023,070342427,1,1,1,2,56,9,3,0,0,0,0,0,9,9,E01012375,-1,0,0.0574,0.9426,-1,9,20,1,1,1,17:40,1,2,9
2023122300212,2023,122300212,3,2,1,1,32,6,3,0,0,0,0,0,9,5,E01025201,-1,0,0.03765,0.96235,-1,6,60,1,6,2,17:50,5,4,9
2023430032702,2023,430032702,2,1,1,2,46,8,3,0,0,0,0,0,1,7,E01016680,-1,0,0.09071,0.90929,-1,6,30,1,4,1,17:40,1,2,1
2023041345601,2023,041345601,2,2,1,2,20,4,3,0,0,0,0,0,9,3,E01012726,3,1,0.0,1.0,-1,6,20,1,1,1,18:24,6,2,9
2023101352588,2023,101352588,1,1,2,1,40,7,3,0,0,1,0,0,9,-1,-1,3,1,0.0,1.0,-1,6,30,1,1,1,15:15,3,2,9
2023631343999,2023,631343999,1,1,1,1,49,8,3,0,0,0,0,0,9,8,E01014123,3,1,0.0,1.0,-1,6,60,1,1,1,12:38,2,2,9
2023010440235,2023,010440235,2,1,1,2,33,6,3,0,0,0,0,0,9,3,E01003587,-1,0,0.0,1.0,-1,3,30,1,1,1,14:40,7,2,9
2023461357113,2023,461357113,2,1,1,1,66,10,3,0,0,0,0,0,9,2,E01033212,3,1,0.0,1.0,-1,6,30,1,1,1,17:20,6,2,9
2023061337829,2023,061337829,1,2,3,1,41,7,3,1,3,0,0,0,0,-1,-1,3,1,0.0,1.0,-1,7,30,2,4,2,01:26,1,1,9
2023631319625,2023,631319625,1,1,1,1,16,4,2,0,0,0,0,0,1,3,W01000480,7,1,1.0,0.0,-1,6,30,1,1,1,12:50,4,2,1
2023451284681,2023,451284681,1,1,1,1,40,7,3,0,0,0,0,0,3,10,E01030888,3,1,0.0,1.0,-1,6,30,1,1,1,13:30,7,2,3
2023211333377,2023,211333377,2,1,1,2,47,8,3,0,0,0,0,0,9,1,E01012687,3,1,0.0,1.0,-1,3,70,1,1,1,21:35,3,3,9
2023552301366,2023,552301366,1,1,2,2,76,11,2,0,0,1,0,0,9,8,E01020425,-1,0,1.0,0.0,-1,6,60,1,1,1,11:48,3,2,9
2023471338407,2023,471338407,1,1,2,1,-1,-1,3,0,0,0,2,0,11,7,E01021094,3,1,0.0,1.0,-1,6,30,9,1,1,15:25,2,1,11
2023520300610,2023,520300610,2,10,2,1,25,5,3,0,0,0,4,0,11,5,E01010432,-1,0,0.05397,0.94603,-1,6,40,1,6,4,06:00,3,3,11
2023201300063,2023,201300063,2,2,1,1,32,6,3,0,0,0,0,0,9,8,E01009794,3,1,0.0,1.0,-1,6,30,1,1,1,07:41,6,2,9
2023320210260,2023,320210260,1,4,1,2,50,8,3,0,0,0,0,0,9,4,E01026082,-1,0,0.09179,0.90821,-1,6,50,1,1,1,16:20,6,3,9
2023421375138,2023,421375138,1,1,1,2,65,9,3,0,0,0,0,0,9,6,E01021761,3,1,0.0,1.0,-1,6,40,1,1,1,14:25,4,2,9
2023451381737,2023,451381737,1,1,1,1,38,7,3,0,0,0,0,0,9,8,E01030722,3,1,0.0,1.0,-1,6,30,1,1,2,15:50,6,2,9
2023610012023,2023,610012023,2,1,1,1,63,9,3,0,0,0,0,0,9,6,W01001599,-1,0,0.08027,0.91973,-1,3,50,2,1,2,12:24,5,2,9
2023461387853,2023,461387853,1,1,2,2,33,6,3,0,0,1,0,0,9,5,E01024492,3,1,0.0,1.0,-1,6,40,6,1,3,06:05,7,2,9
2023522301158,2023,522301158,2,2,1,1,19,4,3,0,0,0,0,0,9,3,E01014690,-1,0,0.01806,0.98194,-1,6,30,2,1,2,15:15,1,2,9
2023991370027,2023,991370027,1,1,3,1,56,9,2,7,1,0,0,0,0,-1,-1,6,1,1.0,0.0,-1,6,30,1,4,2,18:00,5,1,9
2023161354980,2023,161354980,1,1,1,1,38,7,3,0,0,0,0,0,3,1,E01012895,3,1,0.0,1.0,-1,6,30,9,4,1,23:20,7,2,3
2023522300631,2023,522300631,1,1,1,1,24,5,3,0,0,0,0,0,3,3,E01014499,-1,0,0.02279,0.97721,-1,6,20,1,1,1,17:55,3,2,3
2023201366794,2023,201366794,2,1,1,2,34,6,2,0,0,0,0,0,9,5,E01009779,7,1,1.0,0.0,-1,3,30,1,1,1,15:50,7,2,9
2023211382624,2023,211382624,1,1,1,1,24,5,3,0,0,0,0,0,9,9,E01029479,3,1,0.0,1.0,-1,3,70,2,6,2,03:25,7,2,9
2023421305771,2023,421305771,2,1,1,2,44,7,3,0,0,0,0,0,9,4,E01021777,3,1,0.0,1.0,-1,6,30,2,1,2,17:50,2,2,9
2023201309168,2023,201309168,2,1,2,2,51,8,3,0,0,1,0,0,9,5,E01009108,3,1,0.0,1.0,-1,6,30,1,4,1,23:07,7,2,9
2023010470486,2023,010470486,1,1,1,1,36,7,3,0,0,0,0,0,3,-1,-1,-1,0,0.0,1.0,-1,6,30,1,1,1,16:06,6,2,3
202354C701723,2023,54C701723,2,1,1,1,44,7,3,0,0,0,0,0,5,7,E01032116,-1,0,0.10187,0.89813,-1,6,30,8,1,2,07:49,5,2,5
2023520401063,2023,520401063,1,1,3,2,85,11,3,8,9,0,0,0,0,5,E01029081,-1,0,0.1924,0.8076,-1,6,20,1,1,1,15:14,5,1,9
2023010438504,2023,010438504,1,1,3,1,24,5,3,5,3,0,0,0,0,2,E01001696,-1,0,0.0,1.0,-1,2,30,1,1,1,18:55,5,1,9
2023010485783,2023,010485783,1,2,3,2,13,3,3,10,9,0,0,0,0,3,E01003926,-1,0,0.0,1.0,-1,9,30,1,4,1,23:00,7,1,9
2023010463161,2023,010463161,2,1,1,1,37,7,3,0,0,0,0,0,1,3,E01033704,-1,0,0.0,1.0,-1,1,20,1,1,1,12:59,4,2,1
2023332300582,2023,332300582,2,1,1,1,20,4,3,0,0,0,0,0,2,10,E01025729,-1,0,0.08467,0.91533,-1,6,30,1,1,1,19:00,5,3,2
2023440385968,2023,440385968,2,1,1,1,16,4,3,0,0,0,0,0,2,10,E01023045,-1,0,0.04775,0.95225,-1,6,30,2,1,2,16:20,4,2,2
2023041329787,2023,041329787,3,1,1,2,21,5,3,0,0,0,0,0,9,5,E01025212,3,1,0.0,1.0,-1,6,30,5,1,2,17:27,7,3,9
2023440062897,2023,440062897,1,1,1,2,26,6,2,0,0,0,0,0,9,3,E01022803,-1,0,1.0,0.0,-1,6,30,1,4,1,18:23,3,1,9