collision_index,collision_year,collision_ref_no,vehicle_reference,casualty_reference,casualty_class,sex_of_casualty,age_of_casualty,age_band_of_casualty,casualty_severity,pedestrian_location,pedestrian_movement,car_passenger,bus_or_coach_passenger,pedestrian_road_maintenance_worker,casualty_type,casualty_imd_decile,lsoa_of_casualty,enhanced_casualty_severity,casualty_injury_based,casualty_adjusted_severity_serious,casualty_adjusted_severity_slight,casualty_distance_banding,road_type,speed_limit,weather_conditions,light_conditions,road_surface_conditions,time,day_of_week,number_of_vehicles,vehicle_type
2023302300898,2023,302300898,2,1,1,2,25,5,3,0,0,0,0,0,9,8,E01019659,-1,0,0.01949,0.98051,-1,6,30,1,1,1,19:25,5,2,9
2023311386568,2023,311386568,2,2,2,2,26,6,3,0,0,1,0,0,9,-1,-1,3,1,0.0,1.0,-1,6,50,1,1,1,13:30,5,2,9
2023010445873,2023,010445873,1,1,1,1,47,8,3,0,0,0,0,0,1,3,E01003485,-1,0,0.0,1.0,-1,6,20,1,1,1,20:05,2,1,1
2023411325780,2023,411325780,1,1,1,1,30,6,3,0,0,0,0,0,5,9,E01002362,3,1,0.0,1.0,-1,3,70,1,1,1,07:42,6,2,5
2023010442446,2023,010442446,1,2,2,-1,-1,-1,3,0,0,1,0,0,9,-1,-1,-1,0,0.0,1.0,-1,3,40,1,1,1,16:33,5,1,9
2023010451067,2023,010451067,2,2,1,1,58,9,2,0,0,0,0,0,9,3,E01033100,-1,0,1.0,0.0,-1,6,30,1,1,1,19:31,6,2,9
2023052300982,2023,052300982,2,3,2,1,0,1,3,0,0,2,0,0,9,4,E01006982,-1,0,0.01616,0.98384,-1,6,30,1,1,1,14:40,7,2,9
2023141352149,2023,141352149,1,1,1,1,39,7,3,0,0,0,0,0,9,4,E01007536,3,1,0.0,1.0,-1,6,50,1,1,1,13:40,4,2,9
2023631350198,2023,631350198,2,7,2,2,69,10,3,0,0,0,4,0,11,5,E01019327,3,1,0.0,1.0,-1,6,60,1,1,1,14:10,3,3,11
2023430404818,2023,430404818,1,1,3,1,43,7,2,3,2,0,0,0,0,5,E01016460,-1,0,1.0,0.0,-1,6,30,1,4,1,21:00,7,1,9
2023522301026,2023,522301026,1,1,1,1,47,8,2,0,0,0,0,0,3,2,E01014640,-1,0,1.0,0.0,-1,6,20,1,1,1,16:43,2,2,3
2023041322811,2023,041322811,1,1,3,2,12,3,2,5,1,0,0,0,0,7,E01025561,7,1,1.0,0.0,-1,6,30,1,1,1,13:40,6,1,9
2023311306855,2023,311306855,2,1,1,1,37,7,3,0,0,0,0,0,1,9,E01013981,3,1,0.0,1.0,-1,6,30,1,1,1,17:43,4,2,1
2023471320660,2023,471320660,2,1,1,1,62,9,3,0,0,0,0,0,5,4,E01031386,3,1,0.0,1.0,-1,6,30,1,1,1,13:00,1,2,5
2023201407945,2023,201407945,2,2,1,2,24,5,3,0,0,0,0,0,9,2,E01010284,3,1,0.0,1.0,-1,6,30,1,1,1,14:55,5,2,9
2023302300952,2023,302300952,1,1,1,2,34,6,3,0,0,0,0,0,9,1,E01029427,-1,0,0.06768,0.93232,-1,6,60,2,1,2,10:30,3,1,9
2023302301818,2023,302301818,2,1,1,1,32,6,3,0,0,0,0,0,9,3,E01019776,-1,0,0.02432,0.97568,-1,6,60,1,1,4,08:45,7,3,9
2023622300257,2023,622300257,2,2,1,1,63,9,3,0,0,0,0,0,1,10,W01001793,-1,0,0.11017,0.88983,-1,6,30,1,1,1,12:54,7,2,1
2023010486647,2023,010486647,1,1,1,1,39,7,3,0,0,0,0,0,3,3,E01004325,-1,0,0.0,1.0,-1,6,20,1,4,2,17:58,7,2,3
2023122300242,2023,122300242,2,2,1,1,34,6,3,0,0,0,0,0,9,4,E01012947,-1,0,0.07203,0.92797,-1,6,60,2,1,2,16:20,3,2,9
2023451278967,2023,451278967,2,1,1,2,23,5,3,0,0,0,0,0,3,2,E01030497,3,1,0.0,1.0,-1,2,30,1,1,1,17:38,3,2,3
2023430186179,2023,430186179,1,1,1,1,24,5,2,0,0,0,0,0,5,9,E01028425,-1,0,1.0,0.0,-1,6,60,1,1,1,11:15,7,2,5
2023631341966,2023,631341966,1,1,3,1,61,9,2,9,9,0,0,2,0,7,W01000564,6,1,1.0,0.0,-1,6,60,7,1,1,07:10,3,1,9
2023421280567,2023,421280567,1,1,3,1,11,3,3,5,1,0,0,0,0,3,E01021289,3,1,0.0,1.0,-1,6,30,1,1,1,15:20,4,1,9
2023461307793,2023,461307793,1,1,3,1,84,11,2,5,3,0,0,0,0,7,E01024232,7,1,1.0,0.0,-1,6,20,1,1,1,16:05,4,1,9
2023010474407,2023,010474407,1,1,1,2,21,5,3,0,0,0,0,0,3,5,E01000211,-1,0,0.0,1.0,-1,6,30,1,1,1,12:50,6,2,3
2023302301533,2023,302301533,2,1,1,2,29,6,3,0,0,0,0,0,3,1,E01013586,-1,0,0.14434,0.85566,-1,6,60,1,4,1,04:30,6,2,3
2023131324717,2023,131324717,1,1,1,2,51,8,3,0,0,0,0,0,9,5,E01011924,3,1,0.0,1.0,-1,6,30,1,1,1,17:00,6,2,9
2023010462428,2023,010462428,3,5,2,1,43,7,3,0,0,1,0,0,9,7,E01002013,-1,0,0.0,1.0,-1,6,30,1,1,1,16:07,6,3,9
2023131352600,2023,131352600,1,2,2,1,57,9,2,0,0,0,0,0,9,5,E01011860,7,1,1.0,0.0,-1,6,30,1,1,1,18:20,1,2,9
2023520301290,2023,520301290,1,1,1,1,44,7,3,0,0,0,0,0,9,6,E01029135,-1,0,0.0805,0.9195,-1,6,50,1,1,1,14:50,2,1,9
2023201339273,2023,201339273,2,3,2,1,22,5,3,0,0,1,0,0,9,6,E01010012,3,1,0.0,1.0,-1,3,40,1,4,1,22:26,6,2,9
2023211383570,2023,211383570,2,1,1,1,43,7,2,0,0,0,0,0,9,-1,-1,7,1,1.0,0.0,-1,1,40,1,6,1,17:50,4,2,9
2023010461230,2023,010461230,1,1,3,2,34,6,3,1,3,0,0,0,0,3,E01004274,-1,0,0.0,1.0,-1,9,30,9,1,9,17:30,3,1,8
2023211324120,2023,211324120,1,1,3,2,57,9,3,6,5,0,0,0,0,5,E01029627,3,1,0.0,1.0,-1,6,30,1,1,1,17:20,4,1,9
2023361358894,2023,361358894,1,1,3,2,39,7,3,6,9,0,0,0,0,1,E01026599,3,1,0.0,1.0,-1,6,30,1,1,1,15:37,2,1,9
2023201282934,2023,201282934,1,1,3,1,24,5,3,5,1,0,0,2,0,2,E01009906,3,1,0.0,1.0,-1,6,30,1,1,1,06:50,5,1,9
2023501306981,2023,501306981,2,1,1,1,50,8,3,0,0,0,0,0,5,9,E01033233,3,1,0.0,1.0,-1,6,30,1,1,1,12:15,7,2,5
2023052301459,2023,052301459,1,1,3,1,56,9,3,9,9,0,0,0,0,1,E01006769,-1,0,0.09587,0.90413,-1,6,40,1,1,1,13:25,7,1,99
2023010483327,2023,010483327,2,1,1,1,51,8,2,0,0,0,0,0,1,4,E01000799,-1,0,1.0,0.0,-1,2,30,1,1,2,10:55,2,2,1
2023131275115,2023,131275115,2,1,1,1,24,5,3,0,0,0,0,0,1,2,E01011149,3,1,0.0,1.0,-1,7,30,1,4,1,07:17,6,2,1
2023440412013,2023,440412013,1,1,1,1,17,4,3,0,0,0,0,0,1,4,E01017135,-1,0,0.10124,0.89876,-1,6,30,1,4,1,19:00,1,2,1
2023010465552,2023,010465552,1,1,1,1,40,7,3,0,0,0,0,0,3,3,E01001467,-1,0,0.0,1.0,-1,9,20,1,1,1,14:36,3,2,3
2023991366859,2023,991366859,1,1,1,1,44,7,2,0,0,0,0,0,5,2,-1,6,1,1.0,0.0,-1,6,40,1,5,2,07:00,4,2,5
2023141384328,2023,141384328,1,1,1,2,45,7,3,0,0,0,0,0,1,10,E01007937,3,1,0.0,1.0,-1,1,30,2,1,2,14:00,5,2,1
2023161357807,2023,161357807,1,1,1,1,42,7,3,0,0,0,0,0,19,4,E01013239,3,1,0.0,1.0,-1,6,30,1,1,1,17:12,6,2,19
2023311278558,2023,311278558,1,1,3,1,52,8,2,5,3,0,0,0,0,-1,-1,7,1,1.0,0.0,-1,6,30,1,1,1,15:30,1,1,9
2023440016854,2023,440016854,2,1,1,1,63,9,2,0,0,0,0,0,5,8,E01023016,-1,0,1.0,0.0,-1,1,60,1,7,1,16:02,6,2,5
2023401332742,2023,401332742,2,3,2,1,32,6,2,0,0,2,0,0,9,2,E01017618,7,1,1.0,0.0,-1,6,30,1,1,1,15:50,2,2,9
2023201379172,2023,201379172,2,1,1,2,27,6,3,0,0,0,0,0,9,1,E01010543,3,1,0.0,1.0,-1,6,30,1,7,1,17:34,6,2,9
2023522400720,2023,522400720,1,1,3,1,31,6,3,9,5,0,0,0,0,10,E01014793,-1,0,0.12243,0.87757,-1,6,30,4,4,2,16:55,6,1,9
2023131387704,2023,131387704,2,1,1,1,15,3,3,0,0,0,0,0,1,7,E01011127,3,1,0.0,1.0,-1,6,30,1,1,1,08:30,5,2,1
2023010444581,2023,010444581,1,1,1,1,36,7,3,0,0,0,0,0,3,3,E01000499,-1,0,0.0,1.0,-1,6,20,1,1,1,10:55,3,2,3
2023302301880,2023,302301880,1,1,1,1,19,4,3,0,0,0,0,0,3,2,E01028300,-1,0,0.12132,0.87868,-1,6,30,8,1,4,09:56,4,1,3
2023010482468,2023,010482468,2,1,1,1,39,7,3,0,0,0,0,0,8,3,E01003734,-1,0,0.0,1.0,-1,6,30,1,4,2,22:57,4,3,8
2023010436831,2023,010436831,1,1,1,1,25,5,3,0,0,0,0,0,9,4,E01004366,-1,0,0.0,1.0,-1,6,20,2,1,2,18:15,2,2,9
2023010462565,2023,010462565,1,2,2,1,8,2,3,0,0,2,0,0,9,2,E01003607,-1,0,0.0,1.0,-1,3,30,1,1,2,19:03,7,2,9
2023010441870,2023,010441870,2,1,1,1,25,5,3,0,0,0,0,0,9,2,E01032772,-1,0,0.0,1.0,-1,6,20,2,4,2,23:19,2,2,9
2023101423251,2023,101423251,2,3,2,1,13,3,3,0,0,1,0,0,9,-1,-1,3,1,0.0,1.0,-1,6,60,2,4,5,18:45,5,2,9
2023161319724,2023,161319724,3,2,2,2,11,3,3,0,0,2,0,0,9,10,E01012925,3,1,0.0,1.0,-1,6,50,1,1,1,09:24,7,4,9
2023302301855,2023,302301855,1,1,1,1,38,7,3,0,0,0,0,0,9,10,E01027027,-1,0,0.04516,0.95484,-1,3,70,1,6,2,16:15,6,4,9
2023320098422,2023,320098422,2,1,1,1,20,4,3,0,0,0,0,0,9,10,E01032990,-1,0,0.03774,0.96226,-1,3,70,2,6,2,06:00,5,2,9
2023131357839,2023,131357839,1,1,1,1,19,4,2,0,0,0,0,0,97,2,E01010942,7,1,1.0,0.0,-1,6,30,1,1,1,17:53,6,2,97
2023461359184,2023,461359184,1,1,2,2,4,1,3,0,0,0,4,0,11,7,E01024737,3,1,0.0,1.0,-1,6,30,1,1,1,08:39,6,2,11
2023010444723,2023,010444723,1,2,2,1,-1,-1,3,0,0,1,0,0,9,8,E01000210,-1,0,0.0,1.0,-1,6,30,1,1,1,15:21,2,2,9
2023302300181,2023,302300181,2,1,1,2,30,6,3,0,0,0,0,0,9,-1,-1,-1,0,0.04359,0.95641,-1,6,60,1,6,1,05:30,2,2,9
2023461366360,2023,461366360,2,1,1,2,35,6,3,0,0,0,0,0,9,5,E01024181,3,1,0.0,1.0,-1,6,40,1,1,1,18:35,6,2,9
2023010428292,2023,010428292,1,1,3,1,72,10,3,5,1,0,0,0,0,2,E01003310,-1,0,0.0,1.0,-1,6,20,1,1,1,14:50,2,1,20
2023421337956,2023,421337956,1,1,3,2,61,9,3,10,9,0,0,0,0,6,E01021464,3,1,0.0,1.0,-1,9,20,1,1,1,16:11,5,1,9
2023131306396,2023,131306396,1,1,1,1,36,7,2,0,0,0,0,0,1,4,E01011314,7,1,1.0,0.0,-1,6,30,1,1,1,20:00,5,2,1
2023131321760,2023,131321760,2,1,1,1,19,4,2,0,0,0,0,0,1,6,E01027923,7,1,1.0,0.0,-1,3,40,1,1,1,20:16,5,2,1
2023170M21113,2023,170M21113,2,2,1,1,29,6,2,0,0,0,0,0,5,-1,-1,-1,0,1.0,0.0,-1,6,30,1,1,1,17:29,3,2,5
2023010421889,2023,010421889,1,1,2,1,0,1,3,0,0,2,0,0,8,3,E01003209,-1,0,0.0,1.0,-1,6,30,2,1,9,11:30,7,1,8
2023010428164,2023,010428164,1,1,1,1,22,5,3,0,0,0,0,0,3,4,E01001182,-1,0,0.0,1.0,-1,9,30,9,4,9,21:40,6,2,3
2023010466933,2023,010466933,2,2,1,2,37,7,3,0,0,0,0,0,19,7,E01024187,-1,0,0.0,1.0,-1,3,40,1,1,1,09:35,3,3,19
2023552300856,2023,552300856,2,2,1,1,31,6,3,0,0,0,0,0,9,8,E01015407,-1,0,0.04427,0.95573,-1,6,30,2,1,2,11:18,7,3,9
2023231376537,2023,231376537,1,1,1,1,58,9,3,0,0,0,0,0,19,4,E01032254,3,1,0.0,1.0,-1,6,30,8,4,2,06:17,2,2,19
2023451370835,2023,451370835,1,1,3,1,28,6,3,6,9,0,0,0,0,7,E01030414,3,1,0.0,1.0,-1,6,30,1,4,2,19:42,7,1,9
2023471279299,2023,471279299,1,1,1,1,39,7,3,0,0,0,0,0,4,5,E01020947,3,1,0.0,1.0,-1,6,30,1,1,1,15:07,3,2,4
2023070545289,2023,070545289,1,2,2,2,18,4,2,0,0,1,0,0,9,2,E01018467,-1,0,1.0,0.0,-1,6,30,1,1,1,14:25,4,2,9
2023461355072,2023,461355072,1,1,1,1,33,6,3,0,0,0,0,0,9,3,E01024714,3,1,0.0,1.0,-1,3,70,1,1,1,17:17,5,2,9
2023471367363,2023,471367363,2,2,2,2,9,2,3,0,0,2,0,0,9,9,E01021023,3,1,0.0,1.0,-1,6,30,1,1,1,12:58,7,2,9
2023010467995,2023,010467995,1,1,3,2,73,10,3,5,2,0,0,0,0,10,E01023379,-1,0,0.0,1.0,-1,6,20,1,4,1,22:20,7,1,8
2023131346940,2023,131346940,1,1,1,1,9,2,3,0,0,0,0,0,1,5,E01011820,3,1,0.0,1.0,-1,6,30,1,1,1,14:53,4,2,1
2023010451351,2023,010451351,1,2,3,2,23,5,3,6,9,0,0,0,0,7,E01033093,-1,0,0.0,1.0,-1,6,20,1,1,1,06:12,1,1,9
2023221349570,2023,221349570,1,1,3,1,73,10,2,5,3,0,0,0,0,4,E01028882,7,1,1.0,0.0,-1,6,60,1,1,1,16:00,6,1,19
2023161354540,2023,161354540,1,1,1,1,17,4,2,0,0,0,0,0,3,4,E01027830,7,1,1.0,0.0,-1,6,30,2,1,2,15:50,4,3,3
2023461384171,2023,461384171,1,2,3,2,38,7,3,8,3,0,0,0,0,3,E01016020,3,1,0.0,1.0,-1,6,30,1,1,2,15:00,7,1,19
2023461366708,2023,461366708,2,1,1,1,11,3,3,0,0,0,0,0,1,7,E01032822,3,1,0.0,1.0,-1,6,30,1,1,1,17:24,3,2,1
2023010431246,2023,010431246,1,1,1,1,39,7,3,0,0,0,0,0,3,2,E01002080,-1,0,0.0,1.0,-1,9,30,9,1,9,09:50,4,2,3
2023430048589,2023,430048589,1,1,1,1,56,9,3,0,0,0,0,0,3,8,E01028595,-1,0,0.18205,0.81795,-1,6,30,1,4,1,16:58,4,2,3
2023311383767,2023,311383767,1,1,3,2,68,10,2,8,1,0,0,2,0,6,E01028076,7,1,1.0,0.0,-1,6,30,1,4,2,18:30,5,1,9
2023622300247,2023,622300247,1,1,3,1,4,1,3,1,1,0,0,0,0,1,W01000862,-1,0,0.08217,0.91783,-1,1,30,1,1,1,16:31,3,1,9
2023471382568,2023,471382568,1,1,3,1,55,8,3,8,1,0,0,0,0,10,E01031424,3,1,0.0,1.0,-1,6,30,2,4,2,17:30,2,1,9
2023430167559,2023,430167559,2,1,1,1,64,9,3,0,0,0,0,0,1,6,E01028676,-1,0,0.12246,0.87754,-1,1,30,1,1,1,12:21,3,2,1
2023351359254,2023,351359254,2,3,2,1,19,4,3,0,0,2,0,0,9,8,E01033117,3,1,0.0,1.0,-1,6,60,1,1,1,15:45,1,2,9
2023461354258,2023,461354258,1,1,1,2,49,8,3,0,0,0,0,0,9,6,E01024230,3,1,0.0,1.0,-1,6,60,1,1,1,11:15,2,2,9
2023991333226,2023,991333226,1,1,1,2,66,10,2,0,0,0,0,0,9,9,-1,7,1,1.0,0.0,-1,3,50,1,1,1,13:05,3,2,9
2023010482278,2023,010482278,1,1,1,1,33,6,3,0,0,0,0,0,3,1,E01004304,-1,0,0.0,1.0,-1,9,30,9,1,9,06:55,1,2,3
2023421286355,2023,421286355,2,1,1,1,30,6,3,0,0,0,0,0,1,7,E01033720,3,1,0.0,1.0,-1,1,30,1,1,1,06:50,6,2,1
2023052301601,2023,052301601,4,5,1,1,54,8,3,0,0,0,0,0,9,2,E01006718,-1,0,0.02248,0.97752,-1,6,30,1,1,1,16:00,3,4,9
2023061352649,2023,061352649,2,1,1,1,39,7,2,0,0,0,0,0,9,1,E01005071,7,1,1.0,0.0,-1,3,40,2,4,2,04:37,5,2,9
2023340NN4052,2023,340NN4052,1,1,2,1,19,4,3,0,0,1,0,0,9,9,E01027053,-1,0,0.07931,0.92069,-1,6,30,1,4,1,20:00,7,2,9
2023010440861,2023,010440861,1,1,1,1,57,9,3,0,0,0,0,0,5,7,E01033093,-1,0,0.0,1.0,-1,6,30,1,1,1,11:20,4,3,5
2023631312841,2023,631312841,2,1,1,1,63,9,2,0,0,0,0,0,5,9,W01001198,7,1,1.0,0.0,-1,6,60,1,1,1,12:55,1,2,5
2023010423432,2023,010423432,2,1,1,2,33,6,3,0,0,0,0,0,9,1,E01004382,-1,0,0.0,1.0,-1,6,20,1,1,1,12:20,4,2,9
2023471384926,2023,471384926,1,1,1,1,28,6,3,0,0,0,0,0,9,7,E01024809,3,1,0.0,1.0,-1,6,30,1,4,2,23:40,5,1,9
2023991281046,2023,991281046,2,3,2,2,3,1,3,0,0,2,0,0,9,1,-1,3,1,0.0,1.0,-1,6,60,1,1,1,14:40,2,2,9
2023010447522,2023,010447522,1,1,1,1,26,6,3,0,0,0,0,0,3,4,E01000621,-1,0,0.0,1.0,-1,9,20,1,4,1,21:40,3,2,3
2023010457779,2023,010457779,1,1,3,2,67,10,3,5,1,0,0,0,0,4,E01002867,-1,0,0.0,1.0,-1,3,20,1,1,1,18:58,6,1,8
2023041285868,2023,041285868,1,1,3,1,77,11,3,10,7,0,0,2,0,5,E01025329,3,1,0.0,1.0,-1,6,20,2,1,2,13:00,5,1,9
2023201277786,2023,201277786,1,1,3,1,31,6,3,6,9,0,0,2,0,1,E01009305,3,1,0.0,1.0,-1,6,30,1,1,1,16:12,4,1,-1
2023010445937,2023,010445937,1,1,1,1,35,6,3,0,0,0,0,0,8,5,E01003697,-1,0,0.0,1.0,-1,9,30,1,4,1,23:00,2,2,8
2023991387258,2023,991387258,1,1,3,1,57,9,3,10,1,0,0,0,0,2,-1,3,1,0.0,1.0,-1,6,30,2,1,2,08:53,3,1,9
2023010462084,2023,010462084,2,1,1,1,62,9,3,0,0,0,0,0,1,7,E01001343,-1,0,0.0,1.0,-1,6,20,1,1,1,18:41,4,2,1
2023622300141,2023,622300141,1,1,1,1,58,9,2,0,0,0,0,0,5,4,W01001061,-1,0,1.0,0.0,-1,3,50,1,1,1,13:30,2,1,5
2023131284897,2023,131284897,1,2,3,2,11,3,3,4,3,0,0,2,0,3,E01011752,3,1,0.0,1.0,-1,6,30,3,1,2,08:32,5,1,9
2023201365014,2023,201365014,1,2,3,1,10,2,2,5,2,0,0,0,0,1,E01009182,7,1,1.0,0.0,-1,6,30,1,1,1,15:57,4,1,9
2023010470943,2023,010470943,1,1,1,2,24,5,3,0,0,0,0,0,9,4,E01023333,-1,0,0.0,1.0,-1,3,40,1,1,1,07:53,2,2,9
2023401287009,2023,401287009,2,1,1,2,49,8,3,0,0,0,0,0,9,-1,-1,3,1,0.0,1.0,-1,6,30,1,1,1,17:30,6,2,9
2023111341127,2023,111341127,1,1,3,2,9,2,3,5,1,0,0,0,0,-1,-1,3,1,0.0,1.0,-1,6,30,1,1,1,08:08,7,1,9
2023010473275,2023,010473275,1,1,1,1,32,6,3,0,0,0,0,0,3,8,E01000878,-1,0,0.0,1.0,-1,6,30,1,1,1,17:20,6,2,3
2023421324204,2023,421324204,1,1,1,1,25,5,3,0,0,0,0,0,3,7,E01021792,3,1,0.0,1.0,-1,6,30,1,1,1,18:15,5,2,3
2023052300675,2023,052300675,1,1,1,1,39,7,2,0,0,0,0,0,1,1,E01006730,-1,0,1.0,0.0,-1,6,30,2,4,2,22:30,3,1,1
2023991374649,2023,991374649,1,1,3,1,31,6,2,5,1,0,0,0,0,5,-1,7,1,1.0,0.0,-1,6,20,2,4,2,22:45,3,2,9
2023201298179,2023,201298179,2,1,1,1,51,8,3,0,0,0,0,0,1,1,E01009270,3,1,0.0,1.0,-1,1,30,2,4,2,06:15,4,2,1
2023531289648,2023,531289648,2,1,1,1,61,9,3,0,0,0,0,0,1,9,E01022314,3,1,0.0,1.0,-1,1,30,1,1,1,08:40,5,2,1
2023440396723,2023,440396723,2,1,1,1,24,5,3,0,0,0,0,0,2,2,E01017345,-1,0,0.16421,0.83579,-1,6,30,2,1,2,18:22,5,2,2
2023471325414,2023,471325414,2,1,1,1,25,5,3,0,0,0,0,0,3,8,E01031620,3,1,0.0,1.0,-1,6,30,2,1,2,07:10,5,2,3
2023471380993,2023,471380993,2,1,3,2,34,6,3,9,9,0,0,0,0,5,E01031663,3,1,0.0,1.0,-1,6,20,1,1,1,15:10,4,2,9
2023430140848,2023,430140848,2,1,1,2,52,8,3,0,0,0,0,0,1,6,E01028558,-1,0,0.05,0.95,-1,6,20,2,1,2,13:30,3,2,1
2023522301174,2023,522301174,1,1,1,1,43,7,3,0,0,0,0,0,1,8,E01014511,-1,0,0.02003,0.97997,-1,1,20,1,1,1,17:32,2,2,1
2023131352790,2023,131352790,2,1,1,2,25,5,3,0,0,0,0,0,9,3,E01032923,3,1,0.0,1.0,-1,1,30,1,1,1,09:50,6,2,9
2023211375046,2023,211375046,1,2,2,1,16,4,3,0,0,-1,0,0,9,6,E01029428,3,1,0.0,1.0,-1,6,30,1,1,1,14:46,4,3,9
2023031355315,2023,031355315,1,4,2,2,1,1,3,0,0,2,0,0,9,-1,-1,3,1,0.0,1.0,-1,6,60,1,1,2,14:40,6,1,9
2023041283169,2023,041283169,1,1,1,1,22,5,3,0,0,0,0,0,9,1,E01025184,3,1,0.0,1.0,-1,6,20,1,1,1,09:05,1,1,9
2023141297600,2023,141297600,1,1,1,1,33,6,2,0,0,0,0,0,9,1,E01007790,6,1,1.0,0.0,-1,6,60,1,1,1,18:40,2,2,9
2023421372531,2023,421372531,2,2,2,1,29,6,3,0,0,1,0,0,9,8,E01021735,3,1,0.0,1.0,-1,6,40,1,1,1,12:00,7,3,9
2023031274595,2023,031274595,1,1,1,2,52,8,3,0,0,0,0,0,9,9,E01019377,3,1,0.0,1.0,-1,6,60,1,1,2,16:14,5,1,9
2023461362176,2023,461362176,2,1,1,1,32,6,3,0,0,0,0,0,9,7,E01024576,3,1,0.0,1.0,-1,1,30,1,1,1,14:30,5,2,9
2023522300692,2023,522300692,2,3,2,1,43,7,3,0,0,1,0,0,9,4,E01029298,-1,0,0.03002,0.96998,-1,6,40,1,1,1,14:05,4,2,9
2023101294653,2023,101294653,1,1,2,2,17,4,3,0,0,1,0,0,9,8,E01027356,3,1,0.0,1.0,-1,6,60,1,6,2,20:32,6,1,9
2023101392800,2023,101392800,2,1,1,1,76,11,3,0,0,0,0,0,9,7,E01020701,3,1,0.0,1.0,-1,3,30,1,1,1,11:22,4,2,9
2023421384506,2023,421384506,2,1,1,2,27,6,3,0,0,0,0,0,9,3,E01021391,3,1,0.0,1.0,-1,6,40,1,1,4,08:51,3,2,9
2023141325451,2023,141325451,2,1,1,1,27,6,3,0,0,0,0,0,19,2,E01007349,3,1,0.0,1.0,-1,3,40,2,1,2,06:02,2,2,19
2023010473192,2023,010473192,4,3,1,1,38,7,3,0,0,0,0,0,9,-1,-1,-1,0,0.0,1.0,-1,6,20,1,4,1,03:07,7,7,9
2023111326215,2023,111326215,2,1,1,2,39,7,3,0,0,0,0,0,9,7,E01020843,3,1,0.0,1.0,-1,6,30,1,1,1,15:45,2,2,9
2023101320889,2023,101320889,2,1,2,2,55,8,3,0,0,0,4,0,11,-1,-1,3,1,0.0,1.0,-1,6,30,1,1,1,16:35,5,2,11
2023401326048,2023,401326048,1,1,1,1,26,6,2,0,0,0,0,0,19,3,E01002552,7,1,1.0,0.0,-1,6,60,1,6,1,23:43,7,1,19
2023101283075,2023,101283075,1,1,3,2,49,8,3,1,3,0,0,0,0,2,E01027429,3,1,0.0,1.0,-1,6,30,1,4,2,19:27,1,1,9
2023010428933,2023,010428933,2,1,1,1,20,4,3,0,0,0,0,0,1,4,E01001153,-1,0,0.0,1.0,-1,6,30,8,1,1,08:40,6,2,1
2023131385486,2023,131385486,1,1,3,1,42,7,3,10,9,0,0,2,0,4,E01010989,3,1,0.0,1.0,-1,6,20,9,1,1,15:30,5,1,9
2023201378420,2023,201378420,1,1,3,2,44,7,2,5,1,0,0,2,0,5,E01033619,7,1,1.0,0.0,-1,6,30,2,1,1,08:05,6,1,9
2023010419645,2023,010419645,1,1,2,2,21,5,3,0,0,2,0,0,8,6,E01001619,-1,0,0.0,1.0,-1,6,30,1,1,1,15:23,4,5,8
2023010457572,2023,010457572,3,2,1,2,39,7,3,0,0,0,0,0,9,3,E01001688,-1,0,0.0,1.0,-1,6,30,1,1,1,15:27,5,4,9
2023131278970,2023,131278970,2,1,1,1,36,7,3,0,0,0,0,0,9,4,E01011875,3,1,0.0,1.0,-1,6,20,1,1,1,08:20,1,2,9
2023201461555,2023,201461555,1,1,1,2,63,9,2,0,0,0,0,0,9,2,E01009014,7,1,1.0,0.0,-1,6,30,1,1,1,13:42,1,2,9
2023361306672,2023,361306672,1,1,3,1,9,2,3,5,9,0,0,0,0,9,E01026503,3,1,0.0,1.0,-1,6,20,1,1,1,16:10,3,1,9
2023471311157,2023,471311157,1,1,3,2,76,11,2,10,1,0,0,0,0,6,E01021066,7,1,1.0,0.0,-1,6,30,1,1,1,16:00,4,1,9
2023522400018,2023,522400018,1,1,1,2,26,6,3,0,0,0,0,0,1,1,E01014658,-1,0,0.03556,0.96444,-1,6,20,1,1,1,18:20,4,2,1
2023332301025,2023,332301025,1,1,1,1,44,7,3,0,0,0,0,0,3,6,E01013710,-1,0,0.06754,0.93246,-1,6,30,1,1,1,13:20,2,2,3
2023991335586,2023,991335586,1,1,1,1,56,9,2,0,0,0,0,0,5,-1,-1,5,1,1.0,0.0,-1,3,50,1,1,2,14:35,1,2,5
2023131304920,2023,131304920,1,1,1,1,23,5,2,0,0,0,0,0,9,5,E01011820,7,1,1.0,0.0,-1,6,30,1,1,1,19:37,1,2,9
2023411308877,2023,411308877,2,2,2,2,-1,-1,3,0,0,1,0,0,9,-1,-1,3,1,0.0,1.0,-1,6,30,1,1,-1,17:45,6,2,9
2023451285557,2023,451285557,3,3,1,1,18,4,3,0,0,0,0,0,9,10,E01030487,3,1,0.0,1.0,-1,6,40,1,1,2,16:15,6,3,9
2023461341480,2023,461341480,1,4,2,1,11,3,3,0,0,2,0,0,9,5,E01024205,3,1,0.0,1.0,-1,7,60,1,1,1,18:35,1,2,9
2023061342950,2023,061342950,1,1,1,1,18,4,2,0,0,0,0,0,3,8,E01004944,7,1,1.0,0.0,-1,3,30,1,1,1,12:40,5,2,3
2023010486092,2023,010486092,1,1,1,2,26,6,3,0,0,0,0,0,9,8,E01031103,-1,0,0.0,1.0,-1,3,30,1,1,1,14:53,3,1,9