collision_index,collision_year,collision_ref_no,vehicle_reference,casualty_reference,casualty_class,sex_of_casualty,age_of_casualty,age_band_of_casualty,casualty_severity,pedestrian_location,pedestrian_movement,car_passenger,bus_or_coach_passenger,pedestrian_road_maintenance_worker,casualty_type,casualty_imd_decile,lsoa_of_casualty,enhanced_casualty_severity,casualty_injury_based,casualty_adjusted_severity_serious,casualty_adjusted_severity_slight,casualty_distance_banding,road_type,speed_limit,weather_conditions,light_conditions,road_surface_conditions,time,day_of_week,number_of_vehicles,vehicle_type
2023451277333,2023,451277333,1,1,2,1,15,3,3,0,0,1,0,0,9,10,E01030523,3,1,0.0,1.0,-1,6,30,1,4,4,00:50,4,2,9
2023461333011,2023,461333011,1,1,1,1,80,11,3,0,0,0,0,0,9,8,E01016131,3,1,0.0,1.0,-1,6,20,1,1,1,09:30,3,4,9
2023991261458,2023,991261458,1,1,1,1,27,6,3,0,0,0,0,0,19,-1,-1,3,1,0.0,1.0,-1,6,30,2,1,2,08:15,3,3,19
2023302301364,2023,302301364,2,1,2,2,52,8,3,0,0,1,0,0,9,6,E01031099,-1,0,0.07847,0.92153,-1,6,50,1,1,1,13:30,2,2,9
2023451271217,2023,451271217,1,4,2,2,18,4,3,0,0,2,0,0,9,9,E01030394,3,1,0.0,1.0,-1,1,70,1,4,2,00:06,7,1,9
2023471317391,2023,471317391,1,2,2,1,17,4,3,0,0,2,0,0,9,8,E01031815,3,1,0.0,1.0,-1,6,30,8,1,1,14:15,1,4,9
2023991305497,2023,991305497,1,1,1,2,50,8,3,0,0,0,0,0,9,1,-1,3,1,0.0,1.0,-1,6,30,1,1,1,16:45,3,3,9
2023041366138,2023,041366138,1,1,3,1,15,3,3,10,9,0,0,0,0,6,E01025562,3,1,0.0,1.0,-1,6,30,1,1,1,17:50,6,1,19
2023471263608,2023,471263608,1,1,3,1,69,10,2,8,8,0,0,0,0,5,E01031403,5,1,1.0,0.0,-1,6,30,1,4,2,16:40,7,1,9
2023010420965,2023,010420965,1,1,1,1,45,7,3,0,0,0,0,0,3,3,E01001154,-1,0,0.0,1.0,-1,6,20,1,1,1,12:06,4,2,3
2023052300491,2023,052300491,2,1,1,1,31,6,3,0,0,0,0,0,9,2,E01006763,-1,0,0.038,0.962,-1,6,30,1,1,1,15:45,2,2,9
2023201289399,2023,201289399,2,1,1,1,33,6,3,0,0,0,0,0,9,6,E01009452,3,1,0.0,1.0,-1,3,40,1,1,1,13:30,4,2,9
2023131319509,2023,131319509,2,1,1,1,16,4,3,0,0,0,0,0,2,8,E01011066,3,1,0.0,1.0,-1,6,30,1,1,1,13:36,5,2,2
2023010485990,2023,010485990,2,1,1,1,33,6,3,0,0,0,0,0,1,9,E01000303,-1,0,0.0,1.0,-1,6,30,2,4,2,22:35,2,2,1
2023052300453,2023,052300453,1,1,1,1,46,8,2,0,0,0,0,0,1,1,E01006730,-1,0,1.0,0.0,-1,6,30,1,1,1,08:15,5,2,1
2023320404262,2023,320404262,2,1,1,1,48,8,3,0,0,0,0,0,8,1,E01015604,-1,0,0.06626,0.93374,-1,6,40,1,1,1,04:02,7,2,8
2023361374826,2023,361374826,1,1,3,1,23,5,3,9,8,0,0,0,0,3,E01013779,3,1,0.0,1.0,-1,6,30,1,1,1,07:39,3,1,19
2023231316754,2023,231316754,1,2,2,2,75,10,2,0,0,0,0,0,5,10,E01009461,7,1,1.0,0.0,-1,6,60,1,1,1,10:43,4,2,5
2023010425548,2023,010425548,1,4,2,1,18,4,1,0,0,2,0,0,9,7,E01003696,-1,0,0.0,0.0,-1,6,40,1,4,1,20:30,1,2,9
2023101294830,2023,101294830,1,1,2,1,56,9,2,0,0,1,0,0,9,-1,-1,6,1,1.0,0.0,-1,6,50,1,1,1,14:53,7,2,9
2023440507773,2023,440507773,1,1,1,2,23,5,3,0,0,0,0,0,9,8,E01017293,-1,0,0.01293,0.98707,-1,6,30,2,4,2,17:45,2,2,9
2023501289635,2023,501289635,1,1,1,1,49,8,3,0,0,0,0,0,9,4,E01020289,3,1,0.0,1.0,-1,6,60,1,1,1,16:13,4,1,9
2023010424877,2023,010424877,1,1,3,1,10,2,2,5,1,0,0,0,0,1,E01000661,-1,0,1.0,0.0,-1,6,30,1,1,1,08:00,5,1,9
2023010463812,2023,010463812,1,4,2,-1,33,6,3,0,0,2,0,0,9,-1,-1,-1,0,0.0,1.0,-1,6,20,1,1,1,11:11,5,1,9
2023440234857,2023,440234857,1,1,1,2,20,4,3,0,0,0,0,0,9,9,E01022653,-1,0,0.06525,0.93475,-1,6,30,1,1,1,19:45,3,3,9
2023010485233,2023,010485233,1,1,3,2,15,3,2,5,4,0,0,0,0,4,E01003658,-1,0,1.0,0.0,-1,6,20,1,1,1,14:00,4,1,9
2023340NN3892,2023,340NN3892,1,1,3,1,54,8,2,6,9,0,0,0,0,4,E01027320,-1,0,1.0,0.0,-1,1,60,1,1,2,09:40,1,1,9
2023010486975,2023,010486975,1,1,1,1,28,6,3,0,0,0,0,0,3,3,E01001445,-1,0,0.0,1.0,-1,9,20,1,1,1,13:50,6,2,3
2023320063525,2023,320063525,2,1,1,1,33,6,3,0,0,0,0,0,9,5,E01026121,-1,0,0.05559,0.94441,-1,6,50,1,6,2,17:45,3,2,9
2023201299466,2023,201299466,1,1,1,1,22,5,3,0,0,0,0,0,9,2,E01010442,3,1,0.0,1.0,-1,6,30,1,1,1,16:47,6,2,9
2023440322588,2023,440322588,2,2,1,1,72,10,3,0,0,0,0,0,9,9,E01023053,-1,0,0.09548,0.90452,-1,6,40,1,1,1,15:00,5,2,9
2023451302976,2023,451302976,1,1,1,1,73,10,3,0,0,0,0,0,9,4,-1,3,1,0.0,1.0,-1,3,70,1,1,1,10:40,3,1,9
2023461348375,2023,461348375,2,1,1,2,35,6,3,0,0,0,0,0,9,4,E01024164,3,1,0.0,1.0,-1,7,70,1,1,1,09:23,6,2,9
2023061381609,2023,061381609,1,1,3,1,93,11,2,1,1,0,0,0,0,-1,-1,7,1,1.0,0.0,-1,6,30,1,1,2,09:49,6,1,-1
202354A629423,2023,54A629423,1,1,3,1,5,1,2,5,9,0,0,0,0,2,E01015540,-1,0,1.0,0.0,-1,6,30,9,1,1,17:30,3,1,19
2023221276050,2023,221276050,2,1,1,1,54,8,3,0,0,0,0,0,1,4,E01014187,3,1,0.0,1.0,-1,6,30,1,1,1,13:15,7,2,1
2023041297584,2023,041297584,2,1,1,2,48,8,3,0,0,0,0,0,9,9,E01025488,3,1,0.0,1.0,-1,6,30,1,1,1,17:20,2,2,9
2023231388706,2023,231388706,1,1,1,2,35,6,3,0,0,0,0,0,9,4,E01020669,3,1,0.0,1.0,-1,3,70,1,4,1,15:51,6,2,9
2023351289023,2023,351289023,1,1,2,2,38,7,3,0,0,-1,0,0,9,4,E01015614,3,1,0.0,1.0,-1,1,70,1,1,1,18:16,1,2,9
2023340NN3602,2023,340NN3602,1,1,3,1,17,4,3,1,1,0,0,0,0,-1,-1,-1,0,0.04351,0.95649,-1,6,30,1,1,1,14:15,2,1,9
2023010455140,2023,010455140,1,1,1,1,32,6,3,0,0,0,0,0,9,-1,-1,-1,0,0.0,1.0,-1,1,50,2,1,2,11:25,6,2,9
2023371285233,2023,371285233,2,1,1,1,63,9,2,0,0,0,0,0,9,6,E01026613,7,1,1.0,0.0,-1,6,30,2,4,2,06:30,2,2,9
2023461304179,2023,461304179,1,1,1,1,75,10,3,0,0,0,0,0,9,1,E01016033,3,1,0.0,1.0,-1,6,30,1,1,1,14:20,5,1,9
2023471352591,2023,471352591,2,1,1,2,34,6,3,0,0,0,0,0,90,7,E01021022,3,1,0.0,1.0,-1,6,50,1,1,1,14:40,5,2,90
2023010468923,2023,010468923,1,1,1,2,27,6,3,0,0,0,0,0,1,4,E01002018,-1,0,0.0,1.0,-1,6,20,8,1,1,08:05,6,2,1
2023461367000,2023,461367000,1,1,3,1,13,3,3,5,3,0,0,0,0,8,E01024261,3,1,0.0,1.0,-1,6,30,1,1,1,15:33,6,1,9
2023111278747,2023,111278747,2,2,2,2,23,5,3,0,0,-1,0,0,9,9,E01008498,3,1,0.0,1.0,-1,6,30,7,6,2,18:25,3,2,9
2023231286673,2023,231286673,1,1,1,2,53,8,3,0,0,0,0,0,9,4,E01031030,3,1,0.0,1.0,-1,6,30,3,1,2,14:46,4,3,9
2023421273288,2023,421273288,1,1,1,1,25,5,3,0,0,0,0,0,9,4,E01015873,3,1,0.0,1.0,-1,6,40,8,1,4,11:00,3,1,9
2023451350890,2023,451350890,1,2,2,1,51,8,3,0,0,1,0,0,9,5,E01003131,3,1,0.0,1.0,-1,6,40,1,1,1,09:41,1,1,9
2023451356078,2023,451356078,1,1,1,2,44,7,3,0,0,0,0,0,9,5,E01016963,3,1,0.0,1.0,-1,6,30,1,1,2,07:10,2,2,9
2023501297208,2023,501297208,2,1,1,1,36,7,2,0,0,0,0,0,9,7,E01020071,7,1,1.0,0.0,-1,6,30,1,1,1,19:10,1,2,9
2023010427634,2023,010427634,1,1,1,1,25,5,3,0,0,0,0,0,9,3,E01000545,-1,0,0.0,1.0,-1,9,20,1,1,1,16:45,5,2,9
2023201416488,2023,201416488,2,1,1,-1,30,6,3,0,0,0,0,0,9,-1,-1,3,1,0.0,1.0,-1,6,30,1,1,1,15:10,5,2,9
2023430173807,2023,430173807,1,1,1,1,19,4,3,0,0,0,0,0,9,8,E01016610,-1,0,0.04721,0.95279,-1,6,40,1,1,1,17:49,6,2,9
2023541323323,2023,541323323,2,1,1,2,64,9,3,0,0,0,0,0,9,1,E01015507,-1,0,0.02392,0.97608,-1,1,40,1,1,1,11:07,2,2,9
2023041282859,2023,041282859,2,1,1,1,35,6,3,0,0,0,0,0,9,5,E01012411,3,1,0.0,1.0,-1,6,30,8,1,1,14:45,2,2,9
2023061402623,2023,061402623,1,2,2,1,27,6,3,0,0,2,0,0,9,3,-1,3,1,0.0,1.0,-1,1,30,8,4,4,03:07,1,1,9
2023440392979,2023,440392979,1,1,1,2,43,7,3,0,0,0,0,0,9,5,E01000520,-1,0,0.14758,0.85242,-1,6,60,1,1,1,13:30,3,1,9
2023010470922,2023,010470922,1,3,2,1,13,3,3,0,0,0,4,0,11,5,E01033731,-1,0,0.0,1.0,-1,3,20,1,1,1,08:30,2,1,11
2023451331120,2023,451331120,1,1,1,1,33,6,3,0,0,0,0,0,2,3,E01003143,3,1,0.0,1.0,-1,6,30,2,1,2,19:27,5,2,2
2023010486662,2023,010486662,2,1,1,1,20,4,3,0,0,0,0,0,4,7,E01002428,-1,0,0.0,1.0,-1,6,20,5,4,2,21:55,7,2,4
2023161358156,2023,161358156,4,1,2,1,35,6,2,0,0,0,0,0,19,-1,-1,7,1,1.0,0.0,-1,6,30,2,1,2,16:33,7,3,19
202354A152623,2023,54A152623,1,1,1,2,31,6,3,0,0,0,0,0,9,9,E01032713,-1,0,0.0277,0.9723,-1,6,30,1,1,1,08:23,2,3,9
2023552301335,2023,552301335,1,2,1,2,46,8,3,0,0,0,0,0,9,10,E01016290,-1,0,0.05052,0.94948,-1,6,60,1,1,2,15:22,2,2,9
2023010453961,2023,010453961,1,1,3,1,26,6,2,9,6,0,0,1,0,-1,-1,-1,0,1.0,0.0,-1,3,30,2,1,2,12:35,7,1,9
2023552300607,2023,552300607,2,1,1,1,63,9,3,0,0,0,0,0,19,5,E01015374,-1,0,0.02577,0.97423,-1,6,60,1,1,2,15:41,6,2,19
2023010467156,2023,010467156,1,1,1,1,40,7,3,0,0,0,0,0,1,1,E01001822,-1,0,0.0,1.0,-1,9,30,9,1,9,19:20,7,2,1
2023161295221,2023,161295221,1,4,2,1,22,5,3,0,0,2,0,0,9,3,E01013830,3,1,0.0,1.0,-1,6,30,1,1,2,15:48,2,1,9
2023052301266,2023,052301266,2,1,1,1,15,3,2,0,0,0,0,0,1,1,E01006678,-1,0,1.0,0.0,-1,6,20,1,1,1,14:05,2,2,1
2023170H10303,2023,170H10303,1,1,1,1,17,4,3,0,0,0,0,0,3,1,E01033466,-1,0,0.15276,0.84724,-1,6,50,1,1,1,06:40,5,2,3
2023010426054,2023,010426054,1,1,1,1,33,6,3,0,0,0,0,0,9,3,E01001884,-1,0,0.0,1.0,-1,6,20,1,1,1,15:10,3,2,9
2023010466588,2023,010466588,1,1,1,-1,52,8,3,0,0,0,0,0,9,6,E01000709,-1,0,0.0,1.0,-1,9,20,9,1,9,13:10,7,2,9
2023010482942,2023,010482942,1,1,1,1,27,6,3,0,0,0,0,0,9,2,E01002002,-1,0,0.0,1.0,-1,9,30,1,4,1,17:55,6,2,9
2023141319983,2023,141319983,1,2,2,2,57,9,3,0,0,1,0,0,9,-1,-1,3,1,0.0,1.0,-1,6,40,1,1,1,14:38,1,1,9
2023361277849,2023,361277849,2,3,1,2,60,9,3,0,0,0,0,0,9,7,E01026421,3,1,0.0,1.0,-1,6,60,4,1,1,09:00,7,2,9
2023991299443,2023,991299443,1,1,1,1,31,6,3,0,0,0,0,0,9,3,-1,3,1,0.0,1.0,-1,1,40,1,1,1,10:50,6,2,9
2023991312995,2023,991312995,1,1,2,2,72,10,3,0,0,1,0,0,9,8,-1,3,1,0.0,1.0,-1,6,60,1,1,1,19:40,2,2,9
2023010443923,2023,010443923,2,1,1,1,14,3,3,0,0,0,0,0,1,4,E01000557,-1,0,0.0,1.0,-1,1,30,1,1,1,15:09,6,2,1
2023351383249,2023,351383249,2,1,1,1,38,7,3,0,0,0,0,0,1,6,E01023499,3,1,0.0,1.0,-1,6,30,1,4,-1,16:45,2,2,1
2023010434438,2023,010434438,1,1,1,2,38,7,3,0,0,0,0,0,9,9,E01000761,-1,0,0.0,1.0,-1,6,20,1,1,1,10:39,2,1,9
2023440171574,2023,440171574,2,1,1,2,53,8,3,0,0,0,0,0,9,9,E01030890,-1,0,0.05221,0.94779,-1,6,30,1,1,1,11:50,3,2,9
2023131372748,2023,131372748,1,1,3,1,14,3,3,4,3,0,0,2,0,1,E01010735,3,1,0.0,1.0,-1,6,30,1,1,1,15:30,4,1,9
2023340WN4832,2023,340WN4832,2,1,1,1,50,8,3,0,0,0,0,0,5,-1,-1,-1,0,0.24571,0.75429,-1,6,50,1,1,1,06:48,5,2,5
2023461286850,2023,461286850,3,4,2,2,56,9,3,0,0,1,0,0,9,6,E01024163,3,1,0.0,1.0,-1,6,40,1,1,1,16:38,7,3,9
2023501272526,2023,501272526,2,1,1,2,38,7,3,0,0,0,0,0,9,-1,-1,3,1,0.0,1.0,-1,6,30,1,1,1,13:18,1,2,9
2023552301550,2023,552301550,2,2,1,2,25,5,3,0,0,0,0,0,9,3,E01020564,-1,0,0.0439,0.9561,-1,6,30,1,1,1,15:26,3,2,9
2023501265175,2023,501265175,1,1,1,1,33,6,3,0,0,0,0,0,90,7,E01020011,3,1,0.0,1.0,-1,9,60,1,6,4,03:22,5,1,90
2023461362550,2023,461362550,2,1,1,1,40,7,3,0,0,0,0,0,9,5,E01024673,3,1,0.0,1.0,-1,6,30,1,1,1,11:35,2,2,9
2023610016123,2023,610016123,1,1,1,1,25,5,3,0,0,1,0,0,9,-1,-1,-1,0,0.04725,0.95275,-1,6,30,1,1,1,07:07,7,2,9
2023061271959,2023,061271959,1,1,3,1,48,8,2,1,3,0,0,2,0,-1,-1,7,1,1.0,0.0,-1,6,20,2,1,2,15:10,7,1,9
2023461371044,2023,461371044,1,1,3,2,-1,-1,3,10,9,0,0,2,0,3,E01016037,3,1,0.0,1.0,-1,6,30,1,1,1,19:19,3,1,9
2023991266500,2023,991266500,1,1,3,1,3,1,2,5,2,0,0,0,0,1,-1,7,1,1.0,0.0,-1,6,20,1,1,1,12:55,6,1,9
2023010452893,2023,010452893,1,1,1,1,31,6,3,0,0,0,0,0,3,4,E01003053,-1,0,0.0,1.0,-1,9,20,1,4,1,20:55,5,2,3
2023371358040,2023,371358040,1,1,1,1,18,4,2,0,0,0,0,0,5,1,E01030249,7,1,1.0,0.0,-1,6,30,1,1,1,15:59,7,3,5
2023101367348,2023,101367348,2,2,1,2,44,7,3,0,0,0,0,0,9,7,E01008552,3,1,0.0,1.0,-1,7,30,1,4,1,19:15,2,2,9
2023351321892,2023,351321892,2,1,1,2,44,7,3,0,0,0,0,0,9,-1,-1,3,1,0.0,1.0,-1,6,30,1,4,1,03:28,2,2,9
2023421347253,2023,421347253,2,1,1,1,34,6,3,0,0,0,0,0,9,3,E01033051,3,1,0.0,1.0,-1,6,30,1,1,1,08:17,6,2,9
2023501294512,2023,501294512,1,2,2,2,21,5,3,0,0,1,0,0,9,5,E01015215,3,1,0.0,1.0,-1,6,30,1,4,1,19:46,5,1,9
2023991328687,2023,991328687,1,2,1,2,25,5,3,0,0,0,0,0,9,8,-1,3,1,0.0,1.0,-1,6,20,1,1,1,19:00,3,2,9
2023991297587,2023,991297587,2,1,3,1,30,6,3,10,5,0,0,2,0,2,-1,3,1,0.0,1.0,-1,6,30,1,1,1,14:00,5,2,9
2023010468634,2023,010468634,1,1,1,1,26,6,3,0,0,0,0,0,1,2,E01004584,-1,0,0.0,1.0,-1,3,20,1,1,1,16:30,4,2,1
2023311306455,2023,311306455,1,1,1,1,18,4,3,0,0,0,0,0,3,-1,-1,3,1,0.0,1.0,-1,6,30,9,1,1,14:50,5,2,3
2023201422894,2023,201422894,1,1,1,2,24,5,3,0,0,0,0,0,9,4,E01009518,3,1,0.0,1.0,-1,6,30,1,4,2,00:31,1,4,9
2023411390580,2023,411390580,2,1,1,1,36,7,3,0,0,0,0,0,9,4,E01015810,3,1,0.0,1.0,-1,7,70,1,4,2,22:48,5,2,9
2023010486200,2023,010486200,1,1,1,1,24,5,2,0,0,0,0,0,1,6,E01003434,-1,0,1.0,0.0,-1,6,20,1,1,1,13:10,3,2,1
2023170S11563,2023,170S11563,2,1,1,1,47,8,2,0,0,0,0,0,1,6,E01012261,-1,0,1.0,0.0,-1,1,40,4,1,1,08:30,7,2,1
2023361367095,2023,361367095,2,5,2,1,45,7,3,0,0,-1,0,0,9,7,E01026533,3,1,0.0,1.0,-1,6,60,1,6,2,20:17,4,2,9
2023541320623,2023,541320623,2,2,1,2,29,6,3,0,0,0,0,0,9,9,E01022207,-1,0,0.00838,0.99162,-1,3,70,1,1,1,08:07,2,2,9
2023991355745,2023,991355745,1,2,2,2,71,10,1,0,0,0,0,0,90,4,-1,1,1,0.0,0.0,-1,6,30,1,1,1,10:25,1,2,90
2023201314843,2023,201314843,2,3,2,2,7,2,3,0,0,2,0,0,9,1,E01009502,3,1,0.0,1.0,-1,6,30,2,1,2,00:24,1,2,9
2023451320406,2023,451320406,1,1,1,2,88,11,3,0,0,0,0,0,9,9,E01030560,3,1,0.0,1.0,-1,6,30,1,1,1,13:21,2,1,9
2023471345774,2023,471345774,1,1,1,1,32,6,3,0,0,0,0,0,9,3,E01020930,3,1,0.0,1.0,-1,6,40,1,1,1,08:17,6,4,9
2023010424697,2023,010424697,1,1,1,1,28,6,2,0,0,0,0,0,1,7,E01004597,-1,0,1.0,0.0,-1,6,20,1,1,1,10:40,4,2,1
2023131342455,2023,131342455,2,1,1,1,5,1,3,0,0,0,0,0,1,3,E01011175,3,1,0.0,1.0,-1,6,30,1,1,1,18:20,4,2,1
2023332301283,2023,332301283,1,1,1,1,19,4,2,0,0,0,0,0,1,1,E01013725,-1,0,1.0,0.0,-1,6,30,1,1,1,12:55,3,2,1
2023010445987,2023,010445987,1,1,1,1,31,6,3,0,0,0,0,0,3,1,E01002855,-1,0,0.0,1.0,-1,6,20,1,1,1,08:32,3,2,3
2023052302826,2023,052302826,1,1,1,1,28,6,2,0,0,0,0,0,8,2,E01025072,-1,0,1.0,0.0,-1,6,30,1,4,1,21:27,1,2,8
2023201383990,2023,201383990,1,2,2,2,29,6,3,0,0,1,0,0,9,1,E01009401,3,1,0.0,1.0,-1,6,20,1,1,1,16:46,1,2,9
2023471365710,2023,471365710,1,1,1,2,29,6,3,0,0,0,0,0,9,6,E01031408,3,1,0.0,1.0,-1,6,30,1,1,1,16:00,1,2,9
2023991347620,2023,991347620,2,1,1,1,24,5,3,0,0,0,0,0,9,2,-1,3,1,0.0,1.0,-1,6,20,1,1,1,18:50,5,2,9
2023141267531,2023,141267531,1,1,1,1,63,9,3,0,0,0,0,0,9,-1,-1,3,1,0.0,1.0,-1,6,20,1,4,1,17:52,2,2,9
2023010462419,2023,010462419,1,1,3,1,21,5,3,1,3,0,0,0,0,2,E01001055,-1,0,0.0,1.0,-1,6,30,1,1,1,19:07,6,1,9
2023010485613,2023,010485613,1,1,3,2,66,10,2,6,9,0,0,0,0,9,E01024445,-1,0,1.0,0.0,-1,9,20,1,4,1,17:00,5,1,22
2023302300781,2023,302300781,1,1,3,2,17,4,2,5,1,0,0,0,0,9,E01019758,-1,0,1.0,0.0,-1,6,40,1,1,1,11:30,4,2,9
2023141388139,2023,141388139,1,1,1,2,32,6,3,0,0,0,0,0,9,7,E01007621,3,1,0.0,1.0,-1,6,30,1,1,1,10:55,4,2,9
2023991343362,2023,991343362,1,1,1,2,62,9,3,0,0,0,0,0,9,7,-1,3,1,0.0,1.0,-1,3,70,4,1,1,11:37,7,3,9
2023520400381,2023,520400381,2,1,1,2,21,5,3,0,0,0,0,0,16,10,E01014417,-1,0,0.03792,0.96208,-1,6,30,1,1,1,09:52,7,2,16
2023471293629,2023,471293629,2,1,1,1,31,6,3,0,0,0,0,0,19,8,E01021030,3,1,0.0,1.0,-1,6,30,1,1,1,17:00,2,2,19
2023201320650,2023,201320650,2,5,2,1,3,1,3,0,0,2,0,0,9,1,E01009013,3,1,0.0,1.0,-1,6,30,1,1,1,18:59,4,2,9
2023302301925,2023,302301925,2,1,2,2,72,10,2,0,0,1,0,0,9,8,E01007672,-1,0,1.0,0.0,-1,6,60,2,1,2,12:47,2,3,9
2023451273454,2023,451273454,1,1,1,1,45,7,3,0,0,0,0,0,9,7,E01030943,3,1,0.0,1.0,-1,6,60,1,1,1,09:20,3,2,9
2023610054423,2023,610054423,1,1,1,1,74,10,3,0,0,1,0,0,9,1,W01001334,-1,0,0.08435,0.91565,-1,6,20,1,1,1,09:46,7,2,9
2023631333287,2023,631333287,2,1,2,2,16,4,3,0,0,2,0,0,9,1,W01000570,3,1,0.0,1.0,-1,6,30,1,1,1,15:30,3,2,9
2023010425758,2023,010425758,1,2,3,1,38,7,2,5,3,0,0,0,0,6,E01003459,-1,0,1.0,0.0,-1,6,20,1,4,1,21:20,2,1,9
2023111380084,2023,111380084,1,1,1,2,42,7,3,0,0,0,0,0,9,-1,-1,3,1,0.0,1.0,-1,6,60,8,1,1,09:58,3,2,9
2023161315425,2023,161315425,2,1,1,2,46,8,3,0,0,0,0,0,9,9,E01013157,3,1,0.0,1.0,-1,6,30,1,1,1,09:23,3,2,9
2023471259660,2023,471259660,1,1,1,1,33,6,2,0,0,0,0,0,9,9,E01021023,7,1,1.0,0.0,-1,6,50,5,6,2,07:00,1,1,9
2023991394077,2023,991394077,1,1,2,1,46,8,2,0,0,1,0,0,9,2,-1,5,1,1.0,0.0,-1,6,60,4,6,2,20:40,1,1,9
2023311331176,2023,311331176,1,1,1,1,57,9,3,0,0,0,0,0,21,10,E01028292,3,1,0.0,1.0,-1,6,60,1,1,1,19:29,3,1,21
2023141328871,2023,141328871,1,1,3,1,39,7,3,9,9,0,0,0,0,2,E01007784,3,1,0.0,1.0,-1,6,30,1,1,1,12:30,4,1,9
2023010430283,2023,010430283,2,1,1,1,76,11,2,0,0,0,0,0,1,4,E01004215,-1,0,1.0,0.0,-1,6,20,1,1,1,15:20,6,2,1
2023010449137,2023,010449137,1,1,1,1,23,5,3,0,0,0,0,0,1,6,E01001741,-1,0,0.0,1.0,-1,6,20,1,1,1,06:40,5,2,1
2023440448792,2023,440448792,1,1,1,1,50,8,3,0,0,0,0,0,1,9,E01022881,-1,0,0.13852,0.86148,-1,6,30,1,4,2,17:00,5,2,1
2023141312430,2023,141312430,1,1,1,1,29,6,3,0,0,0,0,0,5,2,E01007539,3,1,0.0,1.0,-1,6,30,1,1,1,20:00,1,2,5
2023041390799,2023,041390799,2,4,2,2,40,7,2,0,0,2,0,0,9,-1,-1,7,1,1.0,0.0,-1,6,60,4,6,2,18:29,4,2,9
2023141319087,2023,141319087,2,3,2,2,76,11,3,0,0,1,0,0,9,4,E01007572,3,1,0.0,1.0,-1,6,40,1,1,1,13:00,5,2,9
2023010445851,2023,010445851,1,1,3,2,77,11,2,1,1,0,0,0,0,8,E01002889,-1,0,1.0,0.0,-1,6,30,1,1,1,09:10,5,1,1
2023461333433,2023,461333433,1,1,3,1,10,2,3,5,3,0,0,0,0,2,E01016042,3,1,0.0,1.0,-1,6,30,1,1,1,15:28,6,1,9
2023481387831,2023,481387831,2,1,1,1,29,6,3,0,0,0,0,0,1,-1,-1,3,1,0.0,1.0,-1,3,20,1,4,1,18:10,5,2,1
2023010463856,2023,010463856,1,2,2,2,-1,-1,3,0,0,1,0,0,9,8,E01001062,-1,0,0.0,1.0,-1,3,20,1,1,1,16:00,7,2,9
2023010478146,2023,010478146,1,1,1,1,24,5,3,0,0,0,0,0,19,3,E01003164,-1,0,0.0,1.0,-1,3,20,1,1,1,09:45,4,2,19
2023461280701,2023,461280701,1,2,2,2,17,4,2,0,0,0,0,0,19,7,E01024732,5,1,1.0,0.0,-1,6,60,1,6,1,22:15,7,1,19
2023991383602,2023,991383602,1,1,3,1,3,1,2,5,1,0,0,2,0,-1,-1,6,1,1.0,0.0,-1,6,30,1,1,2,15:05,4,1,9
2023201332652,2023,201332652,2,1,1,1,45,7,3,0,0,0,0,0,1,3,E01009732,3,1,0.0,1.0,-1,6,30,1,1,2,11:40,2,2,1
2023201377262,2023,201377262,1,1,1,1,79,11,3,0,0,0,0,0,9,2,E01009014,3,1,0.0,1.0,-1,6,30,1,1,1,13:09,3,2,9
2023501322426,2023,501322426,2,1,1,2,21,5,3,0,0,0,0,0,9,2,E01019076,3,1,0.0,1.0,-1,3,40,1,1,1,15:00,6,2,9
2023010485924,2023,010485924,1,1,1,1,25,5,2,0,0,0,0,0,4,2,E01002051,-1,0,1.0,0.0,-1,6,20,5,4,2,02:28,2,1,4
2023320340704,2023,320340704,2,3,2,2,60,9,3,0,0,1,0,0,9,4,E01026250,-1,0,0.05121,0.94879,-1,6,50,1,1,1,10:40,1,2,9
2023461291360,2023,461291360,1,1,1,1,26,6,3,0,0,0,0,0,9,2,E01016061,3,1,0.0,1.0,-1,6,30,4,4,1,22:47,6,2,9
2023622300055,2023,622300055,2,2,1,1,36,7,3,0,0,0,0,0,9,5,W01001759,-1,0,0.0181,0.9819,-1,6,30,1,1,1,15:57,4,2,9
2023351301891,2023,351301891,2,1,1,2,61,9,3,0,0,0,0,0,1,8,E01015589,3,1,0.0,1.0,-1,6,60,1,1,-1,15:30,7,2,1
2023221364771,2023,221364771,1,1,3,1,14,3,3,5,3,0,0,0,0,10,E01014190,3,1,0.0,1.0,-1,6,30,1,1,1,16:33,6,1,9
2023471347390,2023,471347390,1,1,3,2,13,3,3,8,1,0,0,0,0,9,E01016940,3,1,0.0,1.0,-1,6,20,2,4,2,21:00,5,1,9
2023010433203,2023,010433203,1,1,1,1,38,7,3,0,0,0,0,0,3,2,E01004033,-1,0,0.0,1.0,-1,6,20,8,1,1,02:26,1,2,3
2023010455686,2023,010455686,1,1,1,1,23,5,3,0,0,0,0,0,5,3,E01001175,-1,0,0.0,1.0,-1,9,20,1,1,1,08:25,2,2,5
2023131272521,2023,131272521,2,1,1,1,29,6,3,0,0,0,0,0,9,1,E01010631,3,1,0.0,1.0,-1,6,30,1,7,1,15:25,7,2,9
2023320583360,2023,320583360,1,1,1,2,50,8,3,0,0,0,0,0,9,9,E01026293,-1,0,0.03006,0.96994,-1,2,30,4,1,1,12:15,3,1,9