collision_index,collision_year,collision_ref_no,vehicle_reference,casualty_reference,casualty_class,sex_of_casualty,age_of_casualty,age_band_of_casualty,casualty_severity,pedestrian_location,pedestrian_movement,car_passenger,bus_or_coach_passenger,pedestrian_road_maintenance_worker,casualty_type,casualty_imd_decile,lsoa_of_casualty,enhanced_casualty_severity,casualty_injury_based,casualty_adjusted_severity_serious,casualty_adjusted_severity_slight,casualty_distance_banding,road_type,speed_limit,weather_conditions,light_conditions,road_surface_conditions,time,day_of_week,number_of_vehicles,vehicle_type
2023421284173,2023,421284173,2,1,1,2,59,9,2,0,0,0,0,0,9,5,E01021664,7,1,1.0,0.0,-1,6,30,1,1,1,09:55,7,2,9
2023471342357,2023,471342357,1,1,1,2,51,8,3,0,0,0,0,0,20,5,E01031498,3,1,0.0,1.0,-1,6,60,1,1,1,15:15,3,2,20
2023010420374,2023,010420374,1,1,3,-1,-1,-1,3,10,9,0,0,0,0,-1,-1,-1,0,0.0,1.0,-1,9,20,1,6,1,06:50,2,1,9
2023031316993,2023,031316993,1,1,3,1,38,7,3,6,9,0,0,-1,0,9,E01031714,3,1,0.0,1.0,-1,6,30,1,4,1,22:10,6,1,9
2023622300882,2023,622300882,1,1,3,2,60,9,3,8,8,0,0,0,0,7,W01001048,-1,0,0.09394,0.90606,-1,6,20,5,1,2,16:13,4,1,9
2023520301843,2023,520301843,1,1,1,1,31,6,3,0,0,0,0,0,1,-1,-1,-1,0,0.02838,0.97162,-1,1,30,1,1,1,17:55,5,2,1
2023101374606,2023,101374606,1,1,1,1,40,7,3,0,0,0,0,0,9,8,E01027425,3,1,0.0,1.0,-1,3,70,1,6,1,22:30,6,1,9
2023302301125,2023,302301125,1,2,2,2,20,4,3,0,0,1,0,0,9,4,E01013459,-1,0,0.05015,0.94985,-1,6,40,1,1,1,16:15,1,2,9
2023401268365,2023,401268365,2,2,2,2,41,7,3,0,0,-1,0,0,9,7,E01017423,3,1,0.0,1.0,-1,3,60,1,4,1,16:58,7,2,9
2023471381046,2023,471381046,1,1,1,2,83,11,3,0,0,0,0,0,9,10,E01031735,3,1,0.0,1.0,-1,6,30,1,4,1,17:15,5,2,9
2023010446654,2023,010446654,1,1,2,1,56,9,2,0,0,0,4,0,11,3,E01002612,-1,0,1.0,0.0,-1,6,30,1,4,1,03:31,7,1,11
2023010434742,2023,010434742,1,1,1,1,33,6,3,0,0,0,0,0,9,6,E01002128,-1,0,0.0,1.0,-1,6,30,2,4,2,20:50,3,1,9
2023061326950,2023,061326950,2,1,1,2,42,7,3,0,0,0,0,0,9,1,E01004979,3,1,0.0,1.0,-1,6,30,1,1,1,16:10,4,2,9
2023461320614,2023,461320614,1,1,1,1,34,6,3,0,0,0,0,0,5,6,E01024704,3,1,0.0,1.0,-1,6,30,4,1,1,19:10,2,2,5
2023010436244,2023,010436244,1,1,1,1,83,11,3,0,0,0,0,0,9,7,E01003039,-1,0,0.0,1.0,-1,7,20,1,1,1,13:05,5,1,9
2023010476158,2023,010476158,1,1,1,1,27,6,3,0,0,0,0,0,9,3,E01003572,-1,0,0.0,1.0,-1,6,30,1,4,2,23:25,1,4,9
2023071031461,2023,071031461,3,2,1,2,52,8,3,0,0,0,0,0,9,6,E01018749,-1,0,0.04301,0.95699,-1,6,50,2,4,2,07:09,6,3,9
2023201291193,2023,201291193,2,1,1,2,46,8,3,0,0,0,0,0,9,3,E01010491,3,1,0.0,1.0,-1,1,30,1,1,1,08:30,4,2,9
2023522301519,2023,522301519,2,1,2,2,74,10,2,0,0,1,0,0,9,2,E01014810,-1,0,1.0,0.0,-1,6,30,1,1,1,07:30,7,2,9
2023010466817,2023,010466817,3,2,2,1,42,7,3,0,0,0,4,0,11,3,E01000800,-1,0,0.0,1.0,-1,3,20,1,1,1,15:37,2,3,11
2023131332324,2023,131332324,2,2,2,1,34,6,3,0,0,2,0,0,9,7,E01011416,3,1,0.0,1.0,-1,3,40,2,4,2,00:38,1,3,9
2023161346080,2023,161346080,1,2,2,2,17,4,2,0,0,2,0,0,9,3,E01013158,7,1,1.0,0.0,-1,6,30,1,4,1,22:37,1,2,9
2023991265986,2023,991265986,2,2,2,2,61,9,3,0,0,1,0,0,9,4,-1,3,1,0.0,1.0,-1,1,30,8,1,4,09:45,6,2,9
2023552400012,2023,552400012,1,1,3,2,56,9,3,6,9,0,0,0,0,9,E01020580,-1,0,0.10361,0.89639,-1,6,40,1,4,1,16:50,7,1,19
2023041324487,2023,041324487,2,1,1,1,53,8,3,0,0,0,0,0,9,2,E01012580,3,1,0.0,1.0,-1,6,20,1,1,1,21:37,7,2,9
2023451376243,2023,451376243,1,1,1,2,28,6,3,0,0,0,0,0,9,9,E01031623,3,1,0.0,1.0,-1,1,30,2,1,2,14:35,7,2,9
2023610022223,2023,610022223,1,1,1,1,18,4,3,0,0,0,0,0,23,1,W01001643,-1,0,0.1905,0.8095,-1,6,30,2,4,2,19:53,4,1,23
2023311297193,2023,311297193,1,1,1,2,35,6,3,0,0,0,0,0,9,7,E01019513,3,1,0.0,1.0,-1,3,60,1,1,2,16:31,1,2,9
2023411359712,2023,411359712,1,1,1,1,85,11,2,0,0,0,0,0,9,8,E01023549,7,1,1.0,0.0,-1,6,30,1,1,1,15:08,3,2,9
2023161357704,2023,161357704,1,1,3,2,69,10,3,6,8,0,0,0,0,9,E01013252,3,1,0.0,1.0,-1,6,30,1,1,1,10:55,5,1,9
2023531324268,2023,531324268,1,1,1,2,33,6,2,0,0,0,0,0,1,2,E01022120,7,1,1.0,0.0,-1,6,30,1,1,1,21:20,5,3,1
2023361305313,2023,361305313,1,2,2,2,81,11,2,0,0,1,0,0,9,6,E01030053,7,1,1.0,0.0,-1,6,60,1,1,1,15:00,6,2,9
2023401378485,2023,401378485,2,3,2,2,37,7,3,0,0,1,0,0,9,3,E01017514,3,1,0.0,1.0,-1,1,60,1,4,2,01:53,5,2,9
2023411330959,2023,411330959,2,1,1,2,51,8,3,0,0,0,0,0,9,9,E01023854,3,1,0.0,1.0,-1,6,40,1,1,1,20:20,5,2,9
2023231346318,2023,231346318,2,1,1,2,44,7,3,0,0,0,0,0,9,3,E01032527,3,1,0.0,1.0,-1,6,50,1,1,1,13:25,4,3,9
2023471308823,2023,471308823,1,1,2,2,60,9,3,0,0,2,0,0,9,10,E01031729,3,1,0.0,1.0,-1,3,70,1,1,1,09:35,5,1,9
2023111376665,2023,111376665,2,1,1,1,12,3,3,0,0,0,0,0,1,1,E01020671,3,1,0.0,1.0,-1,6,30,1,1,2,15:30,6,2,1
2023451383043,2023,451383043,1,1,1,2,19,4,3,0,0,0,0,0,1,5,E01030494,3,1,0.0,1.0,-1,1,30,1,4,2,20:45,2,2,1
2023411311466,2023,411311466,1,1,1,1,20,4,3,0,0,0,0,0,9,10,E01023452,3,1,0.0,1.0,-1,6,60,1,1,1,17:07,6,2,9
2023421345286,2023,421345286,2,2,2,2,18,4,3,0,0,2,0,0,9,3,E01000163,3,1,0.0,1.0,-1,3,70,1,4,1,23:35,5,2,9
2023440054278,2023,440054278,1,1,1,2,42,7,3,0,0,0,0,0,9,3,E01017348,-1,0,0.00918,0.99082,-1,6,30,1,6,1,18:48,4,2,9
2023451275840,2023,451275840,1,1,1,1,24,5,2,0,0,0,0,0,9,9,E01030571,5,1,1.0,0.0,-1,6,40,1,4,1,04:36,2,2,9
2023041296348,2023,041296348,1,1,3,1,41,7,3,8,7,0,0,0,0,5,E01012710,3,1,0.0,1.0,-1,6,30,8,1,1,18:49,6,1,9
2023010434500,2023,010434500,1,1,1,1,39,7,3,0,0,0,0,0,4,4,E01001444,-1,0,0.0,1.0,-1,6,20,1,1,1,15:16,2,2,4
2023131303103,2023,131303103,1,1,2,1,13,3,2,0,0,2,0,0,9,1,E01010832,7,1,1.0,0.0,-1,6,30,1,1,1,13:55,1,2,9
2023361299622,2023,361299622,1,1,2,2,27,6,2,0,0,2,0,0,9,5,E01026730,5,1,1.0,0.0,-1,6,30,1,6,1,21:54,6,1,9
2023531278560,2023,531278560,2,4,1,2,59,9,2,0,0,0,0,0,9,6,E01022341,6,1,1.0,0.0,-1,3,30,1,4,1,19:00,2,2,9
2023101329117,2023,101329117,2,1,1,1,58,9,2,0,0,0,0,0,1,1,E01008257,7,1,1.0,0.0,-1,6,30,1,1,1,06:27,5,2,1
2023411396620,2023,411396620,2,1,1,1,37,7,2,0,0,0,0,0,4,9,E01023439,7,1,1.0,0.0,-1,6,30,8,1,2,15:45,3,2,4
2023041382594,2023,041382594,2,1,1,2,40,7,3,0,0,0,0,0,9,9,E01025470,3,1,0.0,1.0,-1,6,30,1,4,2,17:35,6,2,9
2023546153223,2023,546153223,1,3,2,2,18,4,3,0,0,2,0,0,9,10,E01031966,-1,0,0.07892,0.92108,-1,6,50,1,1,1,17:06,2,1,9
2023332300606,2023,332300606,1,3,2,2,42,7,3,0,0,0,0,0,19,7,E01025969,-1,0,0.05357,0.94643,-1,6,60,8,1,2,11:30,2,3,19
2023340WN6222,2023,340WN6222,2,1,1,1,22,5,3,0,0,0,0,0,3,5,E01027237,-1,0,0.18836,0.81164,-1,6,30,2,4,2,00:50,2,2,3
2023451316011,2023,451316011,2,1,1,1,53,8,3,0,0,0,0,0,3,8,E01030405,3,1,0.0,1.0,-1,6,30,1,1,1,08:40,4,2,3
2023549913523,2023,549913523,2,2,1,1,18,4,2,0,0,0,0,0,3,6,E01031996,-1,0,1.0,0.0,-1,6,60,1,6,2,20:58,2,2,3
2023010484589,2023,010484589,1,1,1,2,33,6,3,0,0,0,0,0,9,1,E01004273,-1,0,0.0,1.0,-1,6,20,1,4,1,17:15,1,2,9
2023131260804,2023,131260804,1,1,1,1,86,11,3,0,0,0,0,0,9,9,E01010642,3,1,0.0,1.0,-1,6,30,1,1,1,10:43,1,1,9
2023201285988,2023,201285988,2,2,1,1,34,6,3,0,0,0,0,0,9,9,W01001123,3,1,0.0,1.0,-1,3,30,8,4,1,04:06,4,2,9
2023320283468,2023,320283468,1,1,1,1,40,7,3,0,0,0,0,0,9,-1,-1,-1,0,0.05596,0.94404,-1,6,30,1,1,1,18:35,4,1,9
2023451351396,2023,451351396,1,2,1,1,59,9,2,0,0,0,0,0,9,10,E01030561,7,1,1.0,0.0,-1,6,30,1,1,1,16:31,2,1,9
2023461261717,2023,461261717,2,1,1,1,33,6,3,0,0,0,0,0,9,2,E01024081,3,1,0.0,1.0,-1,6,40,1,7,1,16:50,4,2,9
2023201391514,2023,201391514,1,1,3,1,50,8,3,6,9,0,0,2,0,5,E01032156,3,1,0.0,1.0,-1,6,30,1,1,1,12:10,2,1,-1
2023430253650,2023,430253650,1,1,1,1,35,6,3,0,0,0,0,0,9,7,E01028497,-1,0,0.06415,0.93585,-1,6,60,1,1,1,16:28,6,2,9
2023501338455,2023,501338455,2,4,2,2,62,9,2,0,0,-1,0,0,9,2,E01020113,5,1,1.0,0.0,-1,6,60,4,1,2,13:58,7,2,9
2023010424514,2023,010424514,1,1,3,1,42,7,3,5,9,0,0,0,0,8,E01001604,-1,0,0.0,1.0,-1,7,20,1,1,1,09:40,3,1,9
2023010474945,2023,010474945,1,1,3,2,32,6,3,1,1,0,0,0,0,3,E01002048,-1,0,0.0,1.0,-1,6,20,1,1,1,13:57,2,1,9
2023320733086,2023,320733086,1,1,3,2,5,1,3,1,1,0,0,0,0,4,E01026389,-1,0,0.08585,0.91415,-1,6,30,9,1,1,16:45,4,1,9
2023401354895,2023,401354895,1,1,1,1,29,6,3,0,0,0,0,0,9,2,E01028234,3,1,0.0,1.0,-1,3,70,1,1,2,14:20,1,2,9
2023010419559,2023,010419559,1,1,2,2,17,4,3,0,0,0,3,0,11,-1,-1,-1,0,0.0,1.0,-1,6,20,1,1,2,08:00,4,1,11
2023340WN0452,2023,340WN0452,1,2,2,2,32,6,2,0,0,0,4,0,11,-1,-1,-1,0,1.0,0.0,-1,6,40,1,1,1,08:42,2,2,11
2023070070787,2023,070070787,1,2,1,2,58,9,3,0,0,0,0,0,9,6,E01018674,-1,0,0.0508,0.9492,-1,6,30,1,4,1,19:30,3,2,9
2023461382332,2023,461382332,2,1,1,2,30,6,3,0,0,0,0,0,9,6,E01032798,3,1,0.0,1.0,-1,6,30,1,1,2,11:29,4,4,9
2023552300696,2023,552300696,1,1,1,1,70,10,3,0,0,0,0,0,9,5,E01022800,-1,0,0.07839,0.92161,-1,6,60,1,1,1,16:10,4,2,9
2023131269383,2023,131269383,1,1,1,1,55,8,3,0,0,0,0,0,3,1,E01010938,3,1,0.0,1.0,-1,6,30,1,1,2,11:25,1,2,3
2023531310674,2023,531310674,2,1,1,1,61,9,3,0,0,0,0,0,4,9,E01022207,3,1,0.0,1.0,-1,6,20,1,1,1,12:48,2,2,4
2023440316513,2023,440316513,2,1,1,2,51,8,3,0,0,0,0,0,9,8,E01022829,-1,0,0.05989,0.94011,-1,6,30,1,1,1,14:54,1,2,9
2023622400005,2023,622400005,1,1,1,1,28,6,3,0,0,0,0,0,9,10,W01000824,-1,0,0.04952,0.95048,-1,6,50,2,1,2,10:47,1,4,9
2023520301375,2023,520301375,2,1,1,1,32,6,2,0,0,0,0,0,5,2,E01029236,-1,0,1.0,0.0,-1,6,30,1,4,1,21:50,4,2,5
2023070951161,2023,070951161,1,1,1,2,17,4,3,0,0,0,0,0,9,9,E01018386,-1,0,0.12435,0.87565,-1,6,60,2,6,2,03:00,1,1,9
2023071003521,2023,071003521,1,1,1,1,25,5,3,0,0,0,0,0,9,1,E01006690,-1,0,0.06545,0.93455,-1,3,70,1,1,2,15:15,6,3,9
2023010420529,2023,010420529,1,3,2,-1,12,3,3,0,0,0,0,0,19,5,E01003084,-1,0,0.0,1.0,-1,6,20,2,1,2,15:10,1,2,19
2023131380635,2023,131380635,1,1,2,1,29,6,3,0,0,1,0,0,9,8,E01011459,3,1,0.0,1.0,-1,1,40,3,4,2,22:40,4,2,9
2023622300587,2023,622300587,1,1,1,2,26,6,3,0,0,0,0,0,9,2,W01000789,-1,0,0.01516,0.98484,-1,1,30,1,1,1,14:03,3,2,9
2023991293711,2023,991293711,2,3,2,1,50,8,3,0,0,1,0,0,9,8,-1,3,1,0.0,1.0,-1,6,60,1,1,1,15:40,3,2,9
2023522400773,2023,522400773,2,1,1,1,23,5,3,0,0,0,0,0,19,8,E01014894,-1,0,0.01685,0.98315,-1,6,40,1,1,1,08:12,1,2,19
2023421354156,2023,421354156,1,1,1,2,16,4,3,0,0,0,0,0,-1,2,E01015954,3,1,0.0,1.0,-1,6,30,1,1,1,17:07,3,2,-1
2023141280998,2023,141280998,1,1,3,1,23,5,3,1,9,0,0,0,0,2,E01007651,3,1,0.0,1.0,-1,3,40,1,1,2,15:40,2,1,9
2023610037823,2023,610037823,2,1,1,1,48,8,2,0,0,0,0,0,1,7,W01001548,-1,0,1.0,0.0,-1,6,60,1,1,1,12:42,6,2,1
2023471384463,2023,471384463,1,3,2,1,80,11,1,0,0,1,0,0,9,9,E01021231,1,1,0.0,0.0,-1,6,60,1,1,2,12:47,6,2,9
2023991318024,2023,991318024,2,1,1,1,32,6,3,0,0,0,0,0,9,7,-1,3,1,0.0,1.0,-1,3,70,1,1,1,07:50,3,2,9
2023010436268,2023,010436268,1,1,1,1,26,6,3,0,0,0,0,0,1,-1,-1,-1,0,0.0,1.0,-1,9,20,9,1,1,19:15,7,2,1
2023161368670,2023,161368670,2,4,1,2,58,9,2,0,0,0,0,0,9,5,E01013048,6,1,1.0,0.0,-1,6,60,1,1,1,15:56,2,2,9
2023430142974,2023,430142974,1,1,1,2,29,6,3,0,0,0,0,0,9,3,E01016520,-1,0,0.00277,0.99723,-1,6,30,2,1,2,12:10,6,2,9
2023010446179,2023,010446179,1,1,2,2,30,6,3,0,0,0,3,0,11,4,E01000618,-1,0,0.0,1.0,-1,3,20,1,1,1,10:25,4,1,11
2023231289306,2023,231289306,1,1,1,1,31,6,3,0,0,0,0,0,19,8,E01025958,3,1,0.0,1.0,-1,6,30,1,4,2,00:11,7,2,19
2023991260446,2023,991260446,2,1,2,2,65,9,3,0,0,0,3,0,11,1,-1,3,1,0.0,1.0,-1,6,30,1,1,1,15:02,6,2,11
2023201318816,2023,201318816,2,3,1,2,50,8,2,0,0,0,0,0,9,1,E01008928,5,1,1.0,0.0,-1,3,70,1,1,1,07:50,4,4,9
2023481367301,2023,481367301,1,1,1,1,45,7,3,0,0,0,0,0,1,-1,-1,3,1,0.0,1.0,-1,3,20,1,1,1,16:19,6,1,1
2023010420697,2023,010420697,1,1,1,1,45,7,3,0,0,0,0,0,9,6,E01002381,-1,0,0.0,1.0,-1,1,30,1,4,1,17:10,3,2,9
2023052302716,2023,052302716,1,1,1,1,54,8,3,0,0,0,0,0,9,7,E01006685,-1,0,0.04353,0.95647,-1,3,30,1,1,1,08:30,6,2,9
2023101305039,2023,101305039,2,1,1,2,34,6,3,0,0,0,0,0,9,2,E01008744,3,1,0.0,1.0,-1,6,30,1,1,1,12:30,7,3,9
2023411286155,2023,411286155,1,1,1,1,85,11,2,0,0,0,0,0,9,10,E01023595,6,1,1.0,0.0,-1,1,30,1,1,2,14:30,5,2,9
2023461380289,2023,461380289,1,1,1,2,18,4,3,0,0,0,0,0,9,10,E01024781,3,1,0.0,1.0,-1,6,50,1,1,4,08:41,4,1,9
2023461308657,2023,461308657,1,1,2,2,44,7,3,0,0,0,-1,0,11,8,E01024475,3,1,0.0,1.0,-1,6,30,1,1,1,07:09,6,1,11
2023161346080,2023,161346080,1,3,2,2,17,4,2,0,0,2,0,0,9,8,E01013185,7,1,1.0,0.0,-1,6,30,1,4,1,22:37,1,2,9
2023332300181,2023,332300181,1,1,1,2,82,11,3,0,0,0,0,0,9,4,E01013618,-1,0,0.02916,0.97084,-1,6,30,8,1,2,10:40,7,2,9
2023411267954,2023,411267954,2,1,1,2,27,6,3,0,0,0,0,0,9,7,E01023434,3,1,0.0,1.0,-1,3,70,1,1,2,15:14,1,3,9
2023430080005,2023,430080005,1,1,1,2,33,6,3,0,0,0,0,0,9,3,E01016373,-1,0,0.00209,0.99791,-1,2,30,1,1,1,08:42,3,2,9
2023461320885,2023,461320885,1,1,1,1,20,4,3,0,0,0,0,0,9,7,E01024361,3,1,0.0,1.0,-1,6,30,1,1,1,07:46,6,2,9
202363A014823,2023,63A014823,1,3,1,1,59,9,3,0,0,0,0,0,9,8,W01000704,-1,0,0.05715,0.94285,-1,6,30,2,1,2,11:48,2,2,9
2023010426822,2023,010426822,1,1,1,1,40,7,3,0,0,0,0,0,9,5,E01001677,-1,0,0.0,1.0,-1,6,30,1,4,1,21:08,1,2,9
2023302300493,2023,302300493,1,1,1,1,33,6,3,0,0,0,0,0,9,3,E01013454,-1,0,0.05281,0.94719,-1,6,30,1,4,1,21:50,7,2,9
2023440387563,2023,440387563,1,1,2,1,8,2,3,0,0,2,0,0,9,8,E01022762,-1,0,0.02331,0.97669,-1,3,50,1,1,1,15:29,6,2,9
2023440362925,2023,440362925,1,1,1,1,58,9,2,0,0,0,0,0,5,10,E01030989,-1,0,1.0,0.0,-1,6,60,1,1,1,18:27,4,1,5
2023031324773,2023,031324773,2,1,2,1,17,4,3,0,0,1,0,0,9,-1,-1,3,1,0.0,1.0,-1,6,30,1,1,1,15:15,7,2,9
2023141285154,2023,141285154,1,2,2,2,42,7,3,0,0,1,0,0,9,7,E01008033,3,1,0.0,1.0,-1,6,30,3,4,3,23:05,5,1,9
2023451296858,2023,451296858,1,1,1,1,30,6,3,0,0,0,0,0,9,5,E01030482,3,1,0.0,1.0,-1,3,30,1,4,2,02:30,7,1,9
2023010463744,2023,010463744,2,1,1,1,24,5,3,0,0,0,0,0,3,4,E01002775,-1,0,0.0,1.0,-1,6,20,1,4,1,20:36,7,3,3
2023622300838,2023,622300838,2,3,2,2,28,6,3,0,0,1,0,0,8,2,W01001885,-1,0,0.03325,0.96675,-1,1,40,1,4,1,23:00,5,2,8
2023401309198,2023,401309198,2,1,1,2,55,8,3,0,0,0,0,0,9,5,E01017615,3,1,0.0,1.0,-1,6,30,1,1,1,16:15,4,2,9
2023440295478,2023,440295478,1,1,1,2,21,5,3,0,0,0,0,0,9,10,E01030902,-1,0,0.06432,0.93568,-1,3,70,2,6,2,21:41,7,1,9
2023421286258,2023,421286258,1,1,3,1,12,3,3,6,9,0,0,0,0,7,E01021511,3,1,0.0,1.0,-1,6,30,4,1,1,15:10,2,2,9
2023010449392,2023,010449392,1,1,1,1,35,6,3,0,0,0,0,0,1,6,E01003152,-1,0,0.0,1.0,-1,3,20,1,1,1,18:45,5,2,1
2023320547821,2023,320547821,4,1,2,2,18,4,3,0,0,1,0,0,9,7,E01028018,-1,0,0.04059,0.95941,-1,6,60,1,1,1,16:30,1,4,9
2023440229973,2023,440229973,3,2,2,1,51,8,3,0,0,1,0,0,9,10,E01022790,-1,0,0.08822,0.91178,-1,3,50,1,1,1,13:55,7,3,9
2023531327946,2023,531327946,1,1,1,2,29,6,2,0,0,0,0,0,9,3,E01022294,7,1,1.0,0.0,-1,6,30,1,1,1,15:20,2,1,9
2023010461756,2023,010461756,1,1,2,2,24,5,3,0,0,0,4,0,11,2,E01001792,-1,0,0.0,1.0,-1,6,20,1,1,1,17:19,2,1,11
2023061377579,2023,061377579,1,1,1,2,44,7,2,0,0,0,0,0,9,1,E01005266,7,1,1.0,0.0,-1,3,70,1,4,1,19:30,3,4,9
2023411351087,2023,411351087,2,1,1,2,25,5,2,0,0,0,0,0,9,9,E01021547,7,1,1.0,0.0,-1,3,50,1,1,1,15:50,3,2,9
2023311331133,2023,311331133,1,1,2,2,26,6,3,0,0,1,0,0,9,-1,-1,3,1,0.0,1.0,-1,6,30,1,1,2,12:42,2,1,9
2023991275064,2023,991275064,1,1,1,2,44,7,3,0,0,0,0,0,9,8,-1,3,1,0.0,1.0,-1,6,60,1,6,1,21:30,3,1,9
2023421313280,2023,421313280,2,1,1,2,58,9,3,0,0,0,0,0,1,7,E01021882,3,1,0.0,1.0,-1,6,30,1,1,1,10:23,4,2,1
2023991287893,2023,991287893,2,1,1,1,40,7,2,0,0,0,0,0,1,9,-1,7,1,1.0,0.0,-1,6,30,2,1,2,08:50,5,2,1
2023361300832,2023,361300832,1,1,3,1,4,1,2,8,4,0,0,0,0,-1,-1,7,1,1.0,0.0,-1,6,30,1,1,1,08:25,3,1,9
2023991269959,2023,991269959,1,1,2,2,18,4,3,0,0,1,0,0,9,8,-1,3,1,0.0,1.0,-1,6,60,8,6,4,01:18,6,2,9
2023451313566,2023,451313566,1,2,2,1,54,8,3,0,0,0,0,0,19,4,E01028305,3,1,0.0,1.0,-1,7,40,1,4,1,23:50,4,1,19
2023010452215,2023,010452215,1,1,1,1,30,6,3,0,0,0,0,0,9,4,E01004375,-1,0,0.0,1.0,-1,6,20,1,1,1,15:44,5,2,9
2023340WN5012,2023,340WN5012,2,1,1,2,25,5,3,0,0,0,0,0,9,7,E01027221,-1,0,0.03037,0.96963,-1,3,30,1,1,1,16:00,5,2,9
2023461300781,2023,461300781,2,2,1,2,40,7,3,0,0,0,0,0,9,8,E01024803,3,1,0.0,1.0,-1,6,30,1,1,1,12:15,7,2,9
2023461309067,2023,461309067,2,1,1,1,18,4,3,0,0,0,0,0,9,4,E01016163,3,1,0.0,1.0,-1,6,30,1,1,1,15:35,5,3,9
2023522301257,2023,522301257,2,1,1,1,38,7,2,0,0,0,0,0,9,3,E01014807,-1,0,1.0,0.0,-1,6,30,1,1,1,14:35,2,3,9
2023010422930,2023,010422930,2,1,1,-1,-1,-1,3,0,0,0,0,0,1,-1,-1,-1,0,0.0,1.0,-1,6,30,1,4,2,20:15,1,2,1
2023010447386,2023,010447386,2,1,1,1,30,6,3,0,0,0,0,0,5,7,E01004605,-1,0,0.0,1.0,-1,3,20,1,1,1,19:20,3,2,5
2023010426220,2023,010426220,1,1,3,2,42,7,3,5,2,0,0,0,0,7,E01003815,-1,0,0.0,1.0,-1,6,20,1,1,1,09:30,5,1,3
2023061363193,2023,061363193,1,1,3,2,11,3,2,5,3,0,0,0,0,2,E01006030,7,1,1.0,0.0,-1,6,30,1,1,1,18:29,3,1,19
2023061317930,2023,061317930,2,1,1,1,51,8,2,0,0,0,0,0,1,2,E01005548,6,1,1.0,0.0,-1,6,30,1,1,1,10:19,3,2,1
2023461316191,2023,461316191,2,1,1,2,26,6,3,0,0,0,0,0,1,2,E01024091,3,1,0.0,1.0,-1,1,30,1,1,1,07:00,5,2,1
2023131264588,2023,131264588,1,1,1,2,51,8,3,0,0,0,0,0,9,5,E01011178,3,1,0.0,1.0,-1,6,30,3,1,3,10:30,3,1,9
2023141350522,2023,141350522,1,1,1,2,37,7,3,0,0,0,0,0,9,3,E01007510,3,1,0.0,1.0,-1,1,50,1,1,1,14:40,6,3,9
2023010443258,2023,010443258,1,1,1,1,-1,-1,2,0,0,0,0,0,1,10,E01030396,-1,0,1.0,0.0,-1,9,30,9,1,9,19:00,1,1,1
2023371341901,2023,371341901,1,1,3,2,87,11,3,5,3,0,0,0,0,6,E01030091,3,1,0.0,1.0,-1,6,30,1,1,1,14:30,5,1,9
2023401282731,2023,401282731,2,1,1,1,14,3,3,0,0,0,0,0,1,7,E01033192,3,1,0.0,1.0,-1,6,30,1,1,2,08:15,6,2,1
2023440449280,2023,440449280,2,1,1,2,19,4,2,0,0,0,0,0,1,1,E01017167,-1,0,1.0,0.0,-1,6,30,1,4,1,06:42,6,2,1
2023010423788,2023,010423788,2,1,2,1,27,6,3,0,0,1,0,0,9,3,E01004440,-1,0,0.0,1.0,-1,6,20,1,1,2,07:17,6,2,9
2023010469382,2023,010469382,1,3,2,-1,-1,-1,3,0,0,1,0,0,9,2,E01000431,-1,0,0.0,1.0,-1,6,30,1,1,1,11:00,1,3,9
2023141311878,2023,141311878,1,1,1,1,33,6,3,0,0,0,0,0,9,2,E01007555,3,1,0.0,1.0,-1,6,30,1,1,1,14:09,6,2,9
2023201382728,2023,201382728,1,1,1,1,29,6,3,0,0,0,0,0,9,10,E01009854,3,1,0.0,1.0,-1,6,30,2,4,2,07:32,3,2,9
2023201389026,2023,201389026,2,1,1,2,23,5,3,0,0,0,0,0,9,-1,-1,3,1,0.0,1.0,-1,6,30,1,1,1,13:36,7,2,9
2023991393154,2023,991393154,1,1,3,1,54,8,2,8,1,0,0,0,0,5,-1,7,1,1.0,0.0,-1,6,30,1,4,2,16:25,6,1,9
2023101348732,2023,101348732,2,1,1,1,52,8,3,0,0,0,0,0,1,10,E01027458,3,1,0.0,1.0,-1,6,30,1,1,1,14:56,2,2,1
2023010474584,2023,010474584,1,1,1,1,46,8,3,0,0,0,0,0,9,2,E01001006,-1,0,0.0,1.0,-1,3,20,1,4,2,18:30,7,2,9
2023041339618,2023,041339618,2,3,2,1,56,9,3,0,0,1,0,0,9,6,E01032686,3,1,0.0,1.0,-1,6,30,1,1,1,16:33,1,3,9
2023141337653,2023,141337653,1,4,2,2,2,1,3,0,0,2,0,0,9,-1,-1,3,1,0.0,1.0,-1,1,30,1,1,1,15:30,3,2,9
2023461313210,2023,461313210,2,1,1,1,56,9,3,0,0,0,0,0,9,7,E01024140,3,1,0.0,1.0,-1,7,70,1,1,1,08:07,3,2,9
2023991299960,2023,991299960,1,1,1,2,39,7,3,0,0,0,0,0,9,10,-1,3,1,0.0,1.0,-1,6,30,1,1,2,16:20,1,1,9
2023010449276,2023,010449276,1,1,3,1,10,2,3,5,3,0,0,0,0,-1,-1,-1,0,0.0,1.0,-1,6,30,1,1,1,19:00,5,1,9
2023361304293,2023,361304293,1,1,1,1,62,9,2,0,0,0,0,0,5,9,E01026548,6,1,1.0,0.0,-1,6,60,1,1,1,13:01,7,1,5