collision_index,collision_year,collision_ref_no,vehicle_reference,casualty_reference,casualty_class,sex_of_casualty,age_of_casualty,age_band_of_casualty,casualty_severity,pedestrian_location,pedestrian_movement,car_passenger,bus_or_coach_passenger,pedestrian_road_maintenance_worker,casualty_type,casualty_imd_decile,lsoa_of_casualty,enhanced_casualty_severity,casualty_injury_based,casualty_adjusted_severity_serious,casualty_adjusted_severity_slight,casualty_distance_banding,road_type,speed_limit,weather_conditions,light_conditions,road_surface_conditions,time,day_of_week,number_of_vehicles,vehicle_type
2023421343126,2023,421343126,1,2,1,1,32,6,2,0,0,0,0,0,19,9,E01018037,6,1,1.0,0.0,-1,6,60,1,1,1,11:16,6,2,19
2023471320508,2023,471320508,1,1,3,2,7,2,3,5,2,0,0,0,0,1,E01031429,3,1,0.0,1.0,-1,6,30,1,1,1,19:35,2,1,9
2023010475430,2023,010475430,1,1,1,1,34,6,3,0,0,0,0,0,1,3,E01002768,-1,0,0.0,1.0,-1,6,20,2,1,2,07:45,4,2,1
2023010463745,2023,010463745,2,1,1,1,55,8,2,0,0,0,0,0,4,4,E01033099,-1,0,1.0,0.0,-1,6,20,1,1,1,19:00,7,2,4
2023122300829,2023,122300829,1,1,3,2,77,11,3,9,5,0,0,0,0,6,E01027790,-1,0,0.17921,0.82079,-1,6,30,1,1,1,15:50,6,1,9
2023010455355,2023,010455355,2,1,1,1,22,5,2,0,0,0,0,0,4,6,E01001075,-1,0,1.0,0.0,-1,6,30,1,1,1,15:00,7,2,4
2023430327028,2023,430327028,2,1,1,1,39,7,3,0,0,0,0,0,5,1,E01016842,-1,0,0.19822,0.80178,-1,6,60,1,1,1,11:57,1,2,5
2023052301961,2023,052301961,2,1,2,2,11,3,3,0,0,2,0,0,9,3,E01006534,-1,0,0.0114,0.9886,-1,6,30,1,1,1,14:04,1,2,9
2023991280183,2023,991280183,2,2,1,1,72,10,3,0,0,0,0,0,9,8,-1,3,1,0.0,1.0,-1,6,60,1,1,2,14:45,6,2,9
2023070795108,2023,070795108,2,1,1,2,63,9,3,0,0,0,0,0,9,6,E01012515,-1,0,0.03871,0.96129,-1,3,70,1,1,1,16:13,5,3,9
2023131355823,2023,131355823,3,2,1,1,29,6,3,0,0,0,0,0,9,5,E01011006,3,1,0.0,1.0,-1,6,30,1,1,1,16:16,7,3,9
2023170S11483,2023,170S11483,2,1,1,1,33,6,3,0,0,0,0,0,9,3,E01012017,-1,0,0.11791,0.88209,-1,6,60,1,1,1,14:16,4,3,9
2023231378455,2023,231378455,1,1,1,1,58,9,3,0,0,0,0,0,9,9,E01031082,3,1,0.0,1.0,-1,6,30,1,4,1,16:36,6,1,9
2023161319162,2023,161319162,1,2,2,1,16,4,2,0,0,1,0,0,9,-1,-1,7,1,1.0,0.0,-1,6,60,1,1,1,18:15,4,1,9
2023520401064,2023,520401064,1,1,1,1,38,7,3,0,0,0,0,0,9,9,E01019900,-1,0,0.05006,0.94994,-1,6,30,1,4,2,18:44,5,2,9
2023622300079,2023,622300079,1,1,1,2,73,10,3,0,0,0,0,0,9,5,W01001346,-1,0,0.06284,0.93716,-1,6,30,8,1,4,08:57,3,1,9
2023451352292,2023,451352292,1,2,2,1,20,4,3,0,0,0,4,0,11,1,E01028301,3,1,0.0,1.0,-1,3,30,1,5,1,12:20,1,1,11
2023351307443,2023,351307443,2,1,1,1,21,5,2,0,0,0,0,0,1,9,E01017958,6,1,1.0,0.0,-1,6,30,1,1,2,12:12,6,2,1
2023111260910,2023,111260910,2,1,1,2,71,10,3,0,0,0,0,0,9,5,E01012310,3,1,0.0,1.0,-1,6,30,1,4,1,19:04,1,2,9
2023411279136,2023,411279136,2,1,1,1,50,8,3,0,0,0,0,0,9,10,E01023562,3,1,0.0,1.0,-1,1,60,2,4,2,19:14,3,2,9
2023111347418,2023,111347418,1,1,1,2,36,7,3,0,0,0,0,0,9,3,E01020789,3,1,0.0,1.0,-1,6,30,1,6,2,03:00,2,1,9
2023520401095,2023,520401095,1,1,1,1,24,5,2,0,0,0,0,0,3,9,W01001342,-1,0,1.0,0.0,-1,6,30,1,1,2,05:26,5,2,3
2023522300605,2023,522300605,1,1,1,1,52,8,2,0,0,0,0,0,4,7,E01032677,-1,0,1.0,0.0,-1,6,30,8,4,4,20:22,2,1,4
2023371345412,2023,371345412,1,1,1,1,36,7,3,0,0,0,0,0,9,10,E01030104,3,1,0.0,1.0,-1,6,60,1,1,1,10:18,6,2,9
2023010458767,2023,010458767,2,2,1,1,28,6,3,0,0,0,0,0,9,9,E01000751,-1,0,0.0,1.0,-1,6,40,1,1,1,18:30,5,2,9
2023311358104,2023,311358104,1,1,1,1,31,6,2,0,0,0,0,0,9,2,E01013872,6,1,1.0,0.0,-1,6,30,2,4,2,22:26,7,2,9
2023461317465,2023,461317465,2,1,1,1,30,6,3,0,0,0,0,0,9,4,E01024042,3,1,0.0,1.0,-1,6,20,1,1,1,18:10,2,2,9
202360A053183,2023,60A053183,1,1,3,2,9,2,3,5,3,0,0,0,0,-1,-1,-1,0,0.1744,0.8256,-1,6,30,4,1,2,18:33,4,1,3
2023010452516,2023,010452516,2,1,1,1,26,6,3,0,0,0,0,0,-1,4,E01000546,-1,0,0.0,1.0,-1,6,20,2,1,2,05:02,7,2,-1
2023411363923,2023,411363923,2,1,1,1,21,5,3,0,0,0,0,0,1,-1,-1,3,1,0.0,1.0,-1,1,40,1,1,1,08:15,3,2,1
2023010448209,2023,010448209,2,1,1,1,15,3,2,0,0,0,0,0,3,5,E01004644,-1,0,1.0,0.0,-1,6,20,1,1,1,18:21,7,2,3
2023052301003,2023,052301003,2,1,1,1,31,6,3,0,0,0,0,0,3,1,E01006741,-1,0,0.07896,0.92104,-1,1,30,1,1,1,16:00,1,2,3
2023320470877,2023,320470877,2,1,1,1,22,5,3,0,0,0,0,0,3,3,E01026085,-1,0,0.1302,0.8698,-1,6,30,2,1,2,09:10,1,2,3
2023461343735,2023,461343735,1,1,1,1,55,8,3,0,0,0,0,0,17,6,E01024513,3,1,0.0,1.0,-1,6,30,1,1,1,14:39,2,1,17
2023430299542,2023,430299542,1,4,2,1,24,5,3,0,0,2,0,0,9,5,E01000632,-1,0,0.12795,0.87205,-1,3,70,1,5,1,21:01,5,1,9
2023070028538,2023,070028538,1,1,1,1,32,6,3,0,0,0,0,0,1,1,E01012453,-1,0,0.10411,0.89589,-1,6,30,5,4,2,06:40,3,1,1
2023201416738,2023,201416738,1,1,2,2,25,5,2,0,0,-1,0,0,9,2,E01008881,6,1,1.0,0.0,-1,6,30,1,1,1,10:00,6,3,9
2023302301164,2023,302301164,1,4,2,1,68,10,3,0,0,1,0,0,9,6,E01019619,-1,0,0.09727,0.90273,-1,6,40,1,1,1,15:00,7,2,9
2023461296688,2023,461296688,2,2,1,1,61,9,3,0,0,0,0,0,9,5,E01024379,3,1,0.0,1.0,-1,6,60,1,1,1,20:04,1,3,9
2023520400063,2023,520400063,1,1,1,2,22,5,3,0,0,0,0,0,9,8,E01032095,-1,0,0.00348,0.99652,-1,6,60,1,1,1,17:10,1,2,9
202354B149323,2023,54B149323,2,1,2,2,68,10,3,0,0,1,0,0,9,9,E01029065,-1,0,0.0203,0.9797,-1,3,70,9,1,1,15:10,5,2,9
2023552400024,2023,552400024,2,1,1,2,25,5,3,0,0,0,0,0,9,3,E01015283,-1,0,0.0072,0.9928,-1,6,30,1,1,1,13:30,2,2,9
2023010459275,2023,010459275,1,1,1,1,30,6,3,0,0,0,0,0,9,4,E01001898,-1,0,0.0,1.0,-1,6,20,1,4,1,05:06,2,2,9
2023061300923,2023,061300923,2,1,1,2,45,7,3,0,0,0,0,0,9,3,E01005062,3,1,0.0,1.0,-1,6,30,1,1,-1,17:03,2,2,9
2023201338833,2023,201338833,2,5,2,1,21,5,3,0,0,1,0,0,9,-1,-1,3,1,0.0,1.0,-1,3,40,1,4,1,21:30,2,2,9
2023201444957,2023,201444957,2,2,1,2,25,5,2,0,0,0,0,0,9,7,E01032170,6,1,1.0,0.0,-1,6,30,8,1,1,19:27,7,2,9
2023321297529,2023,321297529,2,1,1,2,35,6,3,0,0,0,0,0,9,7,E01026397,3,1,0.0,1.0,-1,6,50,1,1,1,14:50,2,2,9
2023411314890,2023,411314890,2,2,2,2,20,4,3,0,0,-1,0,0,9,3,E01023842,3,1,0.0,1.0,-1,3,30,2,4,2,23:28,3,2,9
2023421319597,2023,421319597,1,1,1,1,49,8,3,0,0,0,0,0,9,2,E01033148,3,1,0.0,1.0,-1,3,70,1,1,1,16:49,6,3,9
2023991269205,2023,991269205,1,2,2,2,11,3,3,0,0,1,0,0,9,6,-1,3,1,0.0,1.0,-1,6,30,1,1,1,13:20,7,1,9
2023141375129,2023,141375129,1,1,1,2,26,6,3,0,0,0,0,0,9,-1,-1,3,1,0.0,1.0,-1,3,30,1,4,1,21:35,4,2,9
2023545319523,2023,545319523,1,4,2,1,4,1,3,0,0,2,0,0,9,4,E01032090,-1,0,0.05146,0.94854,-1,6,30,1,1,1,18:02,1,3,9
2023991376565,2023,991376565,2,1,2,2,81,11,2,0,0,0,4,0,11,1,-1,5,1,1.0,0.0,-1,6,30,1,1,1,10:51,5,2,11
2023052302086,2023,052302086,2,1,1,2,18,4,3,0,0,0,0,0,9,9,E01006828,-1,0,0.01464,0.98536,-1,6,20,1,1,1,12:35,1,2,9
2023141350522,2023,141350522,3,3,2,2,7,2,3,0,0,2,0,0,9,3,E01007487,3,1,0.0,1.0,-1,1,50,1,1,1,14:40,6,3,9
2023052300170,2023,052300170,1,1,1,2,18,4,3,0,0,0,0,0,-1,6,E01011774,-1,0,0.09105,0.90895,-1,2,30,4,1,2,15:00,4,1,-1
2023101288745,2023,101288745,1,1,1,1,36,7,3,0,0,0,0,0,9,-1,-1,3,1,0.0,1.0,-1,6,30,1,1,2,16:48,2,3,9
2023421362824,2023,421362824,2,1,1,2,75,10,3,0,0,0,0,0,9,4,E01021295,3,1,0.0,1.0,-1,6,30,1,1,1,10:00,7,2,9
2023501378959,2023,501378959,1,1,3,1,28,6,2,9,5,0,0,0,0,6,E01020207,7,1,1.0,0.0,-1,6,30,1,5,1,23:02,7,4,9
2023041381861,2023,041381861,1,1,1,1,20,4,2,0,0,0,0,0,-1,1,E01012596,7,1,1.0,0.0,-1,3,30,1,4,2,19:58,7,2,-1
2023052302505,2023,052302505,2,2,2,1,47,8,3,0,0,2,0,0,9,3,E01006671,-1,0,0.02945,0.97055,-1,6,30,2,1,2,12:40,6,2,9
2023471328302,2023,471328302,1,2,2,2,78,11,3,0,0,1,0,0,9,9,E01021208,3,1,0.0,1.0,-1,6,30,1,1,1,13:47,1,1,9
2023141260251,2023,141260251,1,1,3,1,40,7,3,9,8,0,0,0,0,-1,-1,3,1,0.0,1.0,-1,6,50,1,6,1,01:30,1,1,9
2023211332252,2023,211332252,1,1,1,1,27,6,3,0,0,0,0,0,19,1,E01010842,3,1,0.0,1.0,-1,3,50,1,1,2,14:20,2,2,19
2023122300192,2023,122300192,2,4,2,2,54,8,3,0,0,2,0,0,9,10,E01025403,-1,0,0.06199,0.93801,-1,9,60,1,1,1,10:13,4,2,9
2023361324939,2023,361324939,1,4,1,2,67,10,3,0,0,0,0,0,9,4,E01026705,3,1,0.0,1.0,-1,6,30,1,1,1,11:30,1,2,9
2023010433853,2023,010433853,2,1,1,1,29,6,2,0,0,0,0,0,1,2,E01033085,-1,0,1.0,0.0,-1,6,20,2,4,2,18:37,5,2,1
2023411301952,2023,411301952,2,1,1,2,60,9,2,0,0,0,0,0,1,4,E01023403,7,1,1.0,0.0,-1,6,20,2,1,2,11:45,5,2,1
2023010442999,2023,010442999,1,1,1,1,5,1,3,0,0,0,0,0,1,8,E01003861,-1,0,0.0,1.0,-1,3,30,9,1,9,15:40,6,2,1
2023010473356,2023,010473356,3,1,1,1,25,5,2,0,0,0,0,0,5,3,E01004203,-1,0,1.0,0.0,-1,3,40,1,1,5,13:04,7,3,5
2023201403468,2023,201403468,1,3,2,1,42,7,3,0,0,1,0,0,9,-1,-1,3,1,0.0,1.0,-1,6,30,1,1,1,18:37,4,2,9
2023440271327,2023,440271327,2,1,1,1,42,7,3,0,0,0,0,0,19,1,E01009479,-1,0,0.07556,0.92444,-1,6,60,1,1,1,19:00,5,2,19
2023111288060,2023,111288060,2,1,1,1,70,10,2,0,0,0,0,0,1,10,E01020683,7,1,1.0,0.0,-1,6,40,1,1,1,06:40,6,2,1
2023201391785,2023,201391785,1,1,3,1,20,4,3,5,1,0,0,2,0,2,E01001977,3,1,0.0,1.0,-1,6,30,1,1,1,20:13,7,1,9
2023010430371,2023,010430371,2,1,1,2,28,6,3,0,0,0,0,0,-1,6,E01001951,-1,0,0.0,1.0,-1,3,30,1,1,1,13:07,7,2,-1
2023131268378,2023,131268378,1,1,3,2,32,6,3,9,5,0,0,2,0,1,E01010607,3,1,0.0,1.0,-1,6,30,1,1,1,08:40,3,1,9
2023161373988,2023,161373988,1,1,1,1,41,7,3,0,0,0,0,0,9,7,E01013186,3,1,0.0,1.0,-1,3,70,1,4,1,17:35,6,2,9
202360A117683,2023,60A117683,1,1,3,1,56,9,3,5,3,0,0,0,0,-1,-1,-1,0,0.13964,0.86036,-1,6,30,1,1,2,11:39,4,1,19
2023501315514,2023,501315514,2,1,1,1,58,9,3,0,0,0,0,0,5,3,E01015115,3,1,0.0,1.0,-1,6,30,1,1,1,13:25,2,2,5
2023101359694,2023,101359694,2,1,1,1,59,9,3,0,0,0,0,0,9,3,E01027395,3,1,0.0,1.0,-1,6,30,2,1,1,16:30,6,2,9
2023010472993,2023,010472993,1,2,1,1,16,4,3,0,0,0,0,0,-1,4,E01000588,-1,0,0.0,1.0,-1,6,30,1,1,2,15:13,5,2,-1
2023631311070,2023,631311070,2,1,1,1,48,8,3,0,0,0,0,0,19,4,W01000589,3,1,0.0,1.0,-1,6,60,1,1,1,13:20,4,2,19
2023010485901,2023,010485901,1,1,1,1,45,7,2,0,0,0,0,0,3,-1,-1,-1,0,1.0,0.0,-1,6,20,1,4,2,20:40,1,2,3
2023010436969,2023,010436969,1,1,3,2,24,5,3,6,9,0,0,0,0,9,E01004092,-1,0,0.0,1.0,-1,2,20,1,4,1,22:40,1,1,9
2023221376594,2023,221376594,1,2,3,1,79,11,3,5,3,0,0,0,0,5,E01028897,3,1,0.0,1.0,-1,6,30,1,1,1,09:18,2,1,9
2023201403298,2023,201403298,1,1,1,2,21,5,3,0,0,0,0,0,9,4,E01031087,3,1,0.0,1.0,-1,6,30,1,4,1,21:33,1,2,9
2023471278730,2023,471278730,2,2,1,1,-1,-1,3,0,0,0,0,0,9,6,E01021034,3,1,0.0,1.0,-1,6,30,1,1,1,07:59,3,2,9
2023471325509,2023,471325509,1,2,1,1,43,7,3,0,0,0,0,0,9,7,E01031357,3,1,0.0,1.0,-1,6,30,1,1,1,16:20,2,2,9
2023401337338,2023,401337338,2,2,2,1,17,4,3,0,0,0,0,0,19,2,E01015720,3,1,0.0,1.0,-1,6,30,1,1,1,16:16,3,2,19
2023542145923,2023,542145923,1,1,3,2,35,6,3,1,1,0,0,0,0,8,E01015513,-1,0,0.11188,0.88812,-1,6,30,9,1,1,07:33,2,1,19
2023411271886,2023,411271886,2,1,1,1,16,4,3,0,0,0,0,0,1,7,E01023556,3,1,0.0,1.0,-1,6,30,1,1,2,08:15,6,2,1
2023451285461,2023,451285461,2,1,1,1,17,4,3,0,0,0,0,0,3,10,E01031002,3,1,0.0,1.0,-1,1,30,1,1,1,14:10,6,2,3
2023552301502,2023,552301502,2,2,1,2,47,8,3,0,0,0,0,0,9,4,E01020438,-1,0,0.07319,0.92681,-1,6,60,2,6,2,19:54,7,2,9
202360A078709,2023,60A078709,2,2,2,2,67,10,3,0,0,1,0,0,9,-1,-1,-1,0,0.07237,0.92763,-1,3,70,1,1,1,18:50,5,3,9
2023622300503,2023,622300503,1,2,2,1,17,4,3,0,0,1,0,0,9,10,W01000781,-1,0,0.0734,0.9266,-1,6,30,1,1,1,21:14,1,2,9
2023041262555,2023,041262555,2,3,2,2,45,7,3,0,0,0,-1,0,11,2,E01025220,3,1,0.0,1.0,-1,6,30,1,1,1,15:34,4,2,11
2023010450591,2023,010450591,2,1,1,1,21,5,3,0,0,0,0,0,3,2,E01001437,-1,0,0.0,1.0,-1,6,30,1,1,1,20:14,4,2,3
2023622300457,2023,622300457,2,2,1,1,37,7,3,0,0,0,0,0,3,1,W01001345,-1,0,0.14018,0.85982,-1,3,40,1,1,1,20:11,3,2,3
2023010436330,2023,010436330,2,3,1,1,57,9,3,0,0,0,0,0,9,7,E01000339,-1,0,0.0,1.0,-1,6,30,1,1,1,08:30,6,2,9
2023440326086,2023,440326086,1,1,1,1,50,8,3,0,0,0,0,0,9,-1,-1,-1,0,0.08706,0.91294,-1,6,30,1,6,1,23:03,7,2,9
202354D656223,2023,54D656223,1,1,1,2,37,7,3,0,0,0,0,0,9,8,E01031954,-1,0,0.04401,0.95599,-1,3,40,1,4,2,17:30,3,2,9
2023440442595,2023,440442595,1,2,2,1,9,2,3,0,0,0,0,0,19,2,E01022913,-1,0,0.05222,0.94778,-1,6,30,1,1,2,13:10,1,2,19
2023221354652,2023,221354652,1,1,3,2,16,4,3,1,1,0,0,0,0,3,E01013992,3,1,0.0,1.0,-1,6,30,1,1,1,13:27,5,1,9
2023302300596,2023,302300596,1,1,3,1,16,4,3,10,9,0,0,0,0,5,E01019883,-1,0,0.05576,0.94424,-1,6,30,1,1,1,15:06,2,1,9
2023451329203,2023,451329203,2,1,1,1,41,7,3,0,0,0,0,0,1,8,E01030622,3,1,0.0,1.0,-1,6,30,1,1,1,17:20,4,2,1
2023010444196,2023,010444196,1,1,1,1,26,6,3,0,0,0,0,0,9,10,E01016665,-1,0,0.0,1.0,-1,3,40,1,4,1,12:35,7,2,9
2023010464412,2023,010464412,1,1,3,1,43,7,3,10,9,0,0,0,0,2,E01004455,-1,0,0.0,1.0,-1,9,20,1,1,1,14:12,4,1,9
2023010437029,2023,010437029,1,1,1,1,26,6,3,0,0,0,0,0,1,-1,-1,-1,0,0.0,1.0,-1,2,20,1,1,1,18:45,2,2,1
2023141371335,2023,141371335,1,1,1,1,19,4,3,0,0,0,0,0,3,-1,-1,3,1,0.0,1.0,-1,6,30,1,1,2,13:19,7,2,3
2023041317795,2023,041317795,1,1,1,2,25,5,3,0,0,0,0,0,9,1,E01012578,3,1,0.0,1.0,-1,3,70,1,1,1,10:00,1,1,9
2023451392877,2023,451392877,3,1,1,2,20,4,3,0,0,0,0,0,9,5,E01022603,3,1,0.0,1.0,-1,3,70,1,6,2,16:55,7,3,9
2023461337121,2023,461337121,2,2,2,2,33,6,3,0,0,1,0,0,9,1,E01024611,3,1,0.0,1.0,-1,6,30,1,1,1,14:52,3,3,9
2023170L31303,2023,170L31303,1,1,3,2,56,9,3,5,3,0,0,0,0,-1,-1,-1,0,0.13697,0.86303,-1,6,30,2,4,2,18:00,5,1,9
2023010425842,2023,010425842,2,1,1,2,26,6,3,0,0,0,0,0,1,-1,-1,-1,0,0.0,1.0,-1,3,20,1,1,1,08:00,3,2,1
2023451310153,2023,451310153,1,1,1,1,19,4,3,0,0,0,0,0,3,10,E01030307,3,1,0.0,1.0,-1,6,30,1,1,1,10:51,2,2,3
2023010453831,2023,010453831,1,1,2,1,23,5,3,0,0,1,0,0,9,3,E01002695,-1,0,0.0,1.0,-1,6,20,1,1,1,16:36,6,3,9
2023141309361,2023,141309361,1,3,2,1,30,6,3,0,0,1,0,0,9,1,E01010235,3,1,0.0,1.0,-1,3,60,1,1,1,17:54,6,2,9
2023302300672,2023,302300672,2,2,1,2,77,11,3,0,0,0,0,0,9,9,E01013599,-1,0,0.04389,0.95611,-1,6,40,1,1,1,13:38,5,3,9
2023320711027,2023,320711027,1,1,1,2,23,5,3,0,0,0,0,0,9,4,E01026250,-1,0,0.08684,0.91316,-1,6,60,1,6,2,06:20,6,1,9
2023401305352,2023,401305352,1,1,2,1,18,4,3,0,0,-1,0,0,9,6,E01017513,3,1,0.0,1.0,-1,6,30,8,7,1,02:41,7,3,9
2023401372624,2023,401372624,2,1,1,2,21,5,3,0,0,0,0,0,9,3,E01017609,3,1,0.0,1.0,-1,6,30,1,1,1,14:40,4,2,9
2023010441364,2023,010441364,1,1,1,2,28,6,3,0,0,0,0,0,1,2,E01004240,-1,0,0.0,1.0,-1,6,20,1,1,1,17:48,6,2,1
2023010480860,2023,010480860,1,1,1,1,43,7,3,0,0,0,0,0,3,7,E01000438,-1,0,0.0,1.0,-1,9,20,9,1,9,14:30,2,2,3
2023131384001,2023,131384001,2,1,1,2,19,4,3,0,0,0,0,0,9,1,E01011494,3,1,0.0,1.0,-1,6,30,2,1,2,13:47,5,2,9
2023052302893,2023,052302893,1,1,3,1,80,11,3,8,1,0,0,0,0,1,E01006613,-1,0,0.22259,0.77741,-1,3,30,2,5,2,16:46,1,1,9
2023531292982,2023,531292982,2,1,1,1,22,5,3,0,0,0,0,0,4,8,W01000450,3,1,0.0,1.0,-1,1,60,1,1,1,17:49,1,2,4
2023552301453,2023,552301453,1,1,1,1,42,7,3,0,0,0,0,0,9,3,E01015308,-1,0,0.03788,0.96212,-1,6,30,1,1,1,14:52,4,3,9
2023320435846,2023,320435846,2,1,1,1,22,5,3,0,0,0,0,0,9,1,E01026074,-1,0,0.02879,0.97121,-1,6,30,5,1,2,18:30,6,2,9
2023351365133,2023,351365133,2,2,1,1,33,6,3,0,0,0,0,0,9,1,E01016743,3,1,0.0,1.0,-1,6,60,2,1,2,07:55,5,2,9
2023010455093,2023,010455093,1,1,1,1,28,6,3,0,0,0,0,0,8,4,E01016013,-1,0,0.0,1.0,-1,3,50,1,4,1,00:15,6,1,8
202363B027623,2023,63B027623,1,1,1,1,71,10,3,0,0,0,0,0,9,-1,-1,-1,0,0.1144,0.8856,-1,6,60,1,1,1,10:35,7,2,9
2023061276794,2023,061276794,1,1,3,1,40,7,3,5,1,0,0,0,0,-1,-1,3,1,0.0,1.0,-1,6,30,1,4,2,00:40,3,1,9
2023311292188,2023,311292188,1,1,3,1,13,3,3,1,1,0,0,0,0,-1,-1,3,1,0.0,1.0,-1,6,30,1,1,1,16:22,5,1,9
2023622300741,2023,622300741,2,2,1,1,57,9,3,0,0,0,0,0,4,1,W01001267,-1,0,0.14997,0.85003,-1,6,40,1,1,1,13:47,6,2,4
2023211381875,2023,211381875,2,2,1,2,30,6,3,0,0,0,0,0,9,3,E01029404,3,1,0.0,1.0,-1,1,50,1,4,2,18:26,7,2,9
2023501368659,2023,501368659,1,1,2,2,49,8,3,0,0,1,0,0,9,5,E01010418,3,1,0.0,1.0,-1,6,40,2,1,2,16:13,5,3,9
2023541985323,2023,541985323,1,1,1,1,61,9,3,0,0,0,0,0,21,5,E01020448,-1,0,0.07799,0.92201,-1,6,50,2,1,2,17:17,4,1,21
2023471385932,2023,471385932,1,1,3,1,94,11,3,9,8,0,0,0,0,10,E01031681,3,1,0.0,1.0,-1,6,20,1,1,2,14:00,7,1,19
2023122301280,2023,122301280,1,1,1,1,54,8,2,0,0,0,0,0,5,10,E01027712,-1,0,1.0,0.0,-1,1,60,1,1,1,11:09,1,1,5
2023451320893,2023,451320893,2,1,2,2,30,6,2,0,0,2,0,0,8,10,E01030507,7,1,1.0,0.0,-1,6,30,1,1,1,10:10,2,2,8
2023010444409,2023,010444409,1,1,1,2,49,8,3,0,0,0,0,0,9,5,E01002374,-1,0,0.0,1.0,-1,6,30,1,1,1,08:54,2,1,9
2023231286404,2023,231286404,2,3,2,2,33,6,3,0,0,1,0,0,9,2,E01002637,3,1,0.0,1.0,-1,3,70,1,1,1,15:27,1,2,9
2023061320562,2023,061320562,2,1,1,1,25,5,3,0,0,0,0,0,9,9,E01006037,3,1,0.0,1.0,-1,6,30,1,1,1,15:25,6,2,9
2023351379262,2023,351379262,1,1,1,2,46,8,3,0,0,0,0,0,9,8,E01018203,3,1,0.0,1.0,-1,6,60,2,6,2,13:55,6,2,9
2023430253540,2023,430253540,2,2,1,2,40,7,3,0,0,0,0,0,9,-1,-1,-1,0,0.02791,0.97209,-1,1,70,1,1,1,15:26,6,2,9
2023522400972,2023,522400972,2,1,2,2,30,6,3,0,0,1,0,0,9,8,E01014456,-1,0,0.02361,0.97639,-1,6,30,1,6,4,18:29,6,2,9
2023451378432,2023,451378432,3,3,1,1,59,9,3,0,0,0,0,0,9,5,E01030834,3,1,0.0,1.0,-1,6,50,1,6,1,06:17,6,3,9
2023471349937,2023,471349937,1,1,3,2,77,11,2,5,1,0,0,0,0,2,E01004023,5,1,1.0,0.0,-1,6,30,1,1,1,13:50,4,1,19
2023461333882,2023,461333882,1,4,2,1,22,5,3,0,0,1,0,0,9,10,E01024272,3,1,0.0,1.0,-1,7,40,1,1,1,19:37,5,3,9
2023461342944,2023,461342944,1,1,1,1,19,4,2,0,0,0,0,0,9,10,E01000458,5,1,1.0,0.0,-1,6,60,1,1,1,20:05,1,2,9
2023471300613,2023,471300613,2,1,1,2,64,9,3,0,0,0,0,0,9,4,E01031455,3,1,0.0,1.0,-1,6,50,1,1,1,16:30,5,2,9
2023552300856,2023,552300856,2,3,2,2,30,6,3,0,0,1,0,0,9,8,E01015407,-1,0,0.04025,0.95975,-1,6,30,2,1,2,11:18,7,3,9
2023610048923,2023,610048923,1,1,1,1,22,5,3,0,0,1,0,0,9,7,W01001515,-1,0,0.08923,0.91077,-1,1,70,1,1,2,09:43,4,1,9
2023401366451,2023,401366451,2,1,1,1,60,9,3,0,0,0,0,0,1,10,E01017462,3,1,0.0,1.0,-1,6,30,1,1,1,13:17,4,2,1
2023061323772,2023,061323772,1,1,1,1,32,6,3,0,0,0,0,0,20,2,E01006326,3,1,0.0,1.0,-1,3,60,1,1,1,18:00,4,1,20
2023522301826,2023,522301826,1,1,1,2,49,8,3,0,0,0,0,0,2,8,E01014981,-1,0,0.04642,0.95358,-1,6,20,2,1,2,07:15,4,2,2
2023010465159,2023,010465159,1,1,2,-1,-1,-1,3,0,0,0,0,0,8,6,E01001237,-1,0,0.0,1.0,-1,9,20,9,1,9,15:42,1,1,8
2023010434619,2023,010434619,1,1,1,1,35,6,3,0,0,0,0,0,1,1,E01000524,-1,0,0.0,1.0,-1,9,20,1,1,1,09:20,2,2,1
2023010464186,2023,010464186,2,1,1,1,36,7,3,0,0,0,0,0,5,4,E01016011,-1,0,0.0,1.0,-1,3,50,1,1,1,06:50,3,2,5
2023170M10193,2023,170M10193,2,1,1,1,55,8,3,0,0,0,0,0,8,-1,-1,-1,0,0.04735,0.95265,-1,6,30,1,1,2,15:45,3,2,8
2023201366093,2023,201366093,2,2,2,2,1,1,3,0,0,-1,0,0,9,1,E01009327,3,1,0.0,1.0,-1,6,30,1,1,1,17:00,4,2,9
2023501324681,2023,501324681,1,1,2,1,21,5,3,0,0,2,0,0,9,3,E01015085,3,1,0.0,1.0,-1,6,30,1,1,1,09:21,7,2,9
2023440087098,2023,440087098,1,3,2,2,50,8,3,0,0,0,0,0,10,10,E01017373,-1,0,0.0833,0.9167,-1,3,70,1,1,2,13:38,6,2,10
2023311274042,2023,311274042,1,1,1,1,67,10,3,0,0,0,0,0,9,9,E01028070,3,1,0.0,1.0,-1,3,40,1,1,1,16:09,2,2,9
2023421262240,2023,421262240,1,1,1,1,38,7,2,0,0,0,0,0,9,7,E01022098,6,1,1.0,0.0,-1,3,70,5,6,2,01:30,5,1,9
2023552301450,2023,552301450,2,1,1,1,37,7,3,0,0,0,0,0,3,5,E01015441,-1,0,0.04192,0.95808,-1,6,30,1,4,1,21:20,6,2,3