collision_index,collision_year,collision_ref_no,vehicle_reference,casualty_reference,casualty_class,sex_of_casualty,age_of_casualty,age_band_of_casualty,casualty_severity,pedestrian_location,pedestrian_movement,car_passenger,bus_or_coach_passenger,pedestrian_road_maintenance_worker,casualty_type,casualty_imd_decile,lsoa_of_casualty,enhanced_casualty_severity,casualty_injury_based,casualty_adjusted_severity_serious,casualty_adjusted_severity_slight,casualty_distance_banding,road_type,speed_limit,weather_conditions,light_conditions,road_surface_conditions,time,day_of_week,number_of_vehicles,vehicle_type
2023545948323,2023,545948323,1,1,1,1,30,6,2,0,0,0,0,0,5,5,E01031982,-1,0,1.0,0.0,-1,3,40,1,1,1,09:08,4,1,5
2023010462706,2023,010462706,1,1,1,2,75,10,3,0,0,0,0,0,9,3,E01003263,-1,0,0.0,1.0,-1,6,20,1,1,1,16:14,1,1,9
2023041384859,2023,041384859,1,1,1,2,19,4,3,0,0,0,0,0,9,7,E01025559,3,1,0.0,1.0,-1,6,50,5,7,2,15:20,7,2,9
2023052400063,2023,052400063,1,2,2,1,15,3,2,0,0,1,0,0,9,1,E01007138,-1,0,1.0,0.0,-1,6,60,1,6,2,21:40,5,1,9
2023552301489,2023,552301489,1,1,3,1,2,1,3,1,1,0,0,0,0,3,E01015285,-1,0,0.14979,0.85021,-1,6,30,1,1,1,14:53,5,1,3
2023531371843,2023,531371843,2,1,1,1,49,8,2,0,0,0,0,0,5,6,E01022341,5,1,1.0,0.0,-1,6,50,1,6,1,18:00,3,2,5
2023421301356,2023,421301356,1,1,3,1,57,9,1,5,1,0,0,0,0,2,E01015938,1,1,0.0,0.0,-1,6,30,1,4,1,21:08,4,1,9
2023201291728,2023,201291728,1,1,1,1,37,7,3,0,0,0,0,0,3,3,E01009633,3,1,0.0,1.0,-1,6,30,1,1,1,15:18,2,2,3
2023545307623,2023,545307623,1,1,1,1,65,9,3,0,0,0,0,0,5,3,E01028543,-1,0,0.17159,0.82841,-1,1,40,1,1,1,12:05,1,1,5
2023010437584,2023,010437584,1,1,1,2,36,7,3,0,0,0,0,0,9,2,E01002097,-1,0,0.0,1.0,-1,6,30,1,4,1,20:47,5,2,9
2023061350218,2023,061350218,2,1,1,1,52,8,3,0,0,0,0,0,9,4,E01005853,3,1,0.0,1.0,-1,1,30,1,4,1,22:00,7,2,9
2023231394650,2023,231394650,2,2,2,2,28,6,3,0,0,1,0,0,9,1,E01031118,3,1,0.0,1.0,-1,1,30,1,1,1,14:09,7,2,9
2023201379099,2023,201379099,2,1,2,2,8,2,3,0,0,2,0,0,9,1,E01009351,3,1,0.0,1.0,-1,6,30,1,1,1,16:30,1,2,9
2023991382587,2023,991382587,1,1,3,1,29,6,2,5,3,0,0,0,0,4,-1,7,1,1.0,0.0,-1,6,30,2,4,2,19:00,2,1,9
2023010443861,2023,010443861,1,1,1,2,39,7,3,0,0,0,0,0,3,5,E01003142,-1,0,0.0,1.0,-1,9,20,9,1,9,15:40,5,2,3
2023461379087,2023,461379087,2,1,1,1,45,7,3,0,0,0,0,0,3,4,E01024358,3,1,0.0,1.0,-1,6,30,1,1,1,10:15,1,2,3
2023010448134,2023,010448134,1,3,2,2,8,2,3,0,0,2,0,0,9,4,E01000491,-1,0,0.0,1.0,-1,6,20,1,1,1,17:03,6,2,9
2023061358790,2023,061358790,2,1,1,2,24,5,3,0,0,0,0,0,9,2,E01005220,3,1,0.0,1.0,-1,3,30,8,4,2,20:13,4,2,9
2023131294668,2023,131294668,1,1,1,1,18,4,3,0,0,0,0,0,9,9,E01010589,3,1,0.0,1.0,-1,6,40,1,1,1,20:02,6,1,9
2023451300255,2023,451300255,1,1,1,2,67,10,2,0,0,0,0,0,9,8,E01030384,7,1,1.0,0.0,-1,6,30,1,1,1,10:20,2,1,9
2023461343908,2023,461343908,4,3,1,2,31,6,3,0,0,0,0,0,9,5,E01016157,3,1,0.0,1.0,-1,3,30,1,1,1,16:38,2,4,9
2023052301494,2023,052301494,1,1,3,1,47,8,3,6,5,0,0,0,0,-1,-1,-1,0,0.13316,0.86684,-1,6,30,1,1,1,21:20,6,1,8
2023221295800,2023,221295800,1,2,1,1,60,9,3,0,0,0,0,0,5,-1,-1,3,1,0.0,1.0,-1,6,30,1,1,1,13:07,1,1,5
2023631347020,2023,631347020,1,1,1,1,27,6,3,0,0,0,0,0,9,3,E01011018,3,1,0.0,1.0,-1,6,40,1,6,1,00:50,5,1,9
2023201334345,2023,201334345,2,2,1,1,21,5,2,0,0,0,0,0,3,1,E01010490,7,1,1.0,0.0,-1,6,30,1,1,1,08:14,3,2,3
2023010430434,2023,010430434,1,3,2,-1,-1,-1,3,0,0,2,0,0,9,4,E01002103,-1,0,0.0,1.0,-1,7,30,1,1,1,03:00,7,2,9
2023101384193,2023,101384193,2,1,1,1,40,7,3,0,0,0,0,0,9,3,E01008401,3,1,0.0,1.0,-1,3,30,9,4,1,18:16,3,2,9
2023440384710,2023,440384710,1,1,1,2,30,6,3,0,0,0,0,0,9,10,E01022512,-1,0,0.00787,0.99213,-1,3,70,5,1,2,17:38,4,2,9
2023471325882,2023,471325882,1,1,1,2,32,6,3,0,0,0,0,0,9,4,E01021017,3,1,0.0,1.0,-1,6,30,1,1,1,14:40,3,1,9
2023141295550,2023,141295550,1,1,1,1,38,7,3,0,0,0,0,0,1,-1,-1,3,1,0.0,1.0,-1,6,30,1,1,1,15:10,1,2,1
2023430423839,2023,430423839,2,1,1,1,17,4,3,0,0,0,0,0,1,7,E01017705,-1,0,0.101,0.899,-1,6,30,1,1,1,10:20,5,2,1
2023010479807,2023,010479807,1,1,1,1,54,8,3,0,0,0,0,0,5,5,E01003131,-1,0,0.0,1.0,-1,6,30,2,4,2,22:10,5,1,5
2023041303077,2023,041303077,2,1,1,2,50,8,3,0,0,0,0,0,9,6,E01012667,3,1,0.0,1.0,-1,1,30,1,1,1,13:48,1,2,9
2023520301251,2023,520301251,1,1,1,2,86,11,3,0,0,0,0,0,9,5,E01029144,-1,0,0.05807,0.94193,-1,6,30,1,1,2,09:43,5,2,9
2023311309155,2023,311309155,1,1,3,1,7,2,3,6,5,0,0,0,0,4,E01028158,3,1,0.0,1.0,-1,6,30,1,1,1,15:10,4,1,22
2023430268421,2023,430268421,1,1,1,1,43,7,3,0,0,0,0,0,1,2,E01016397,-1,0,0.06728,0.93272,-1,6,30,1,1,1,18:20,3,2,1
2023522301500,2023,522301500,2,1,1,1,55,8,3,0,0,0,0,0,2,10,E01014903,-1,0,0.11739,0.88261,-1,6,20,1,1,1,08:03,3,2,2
2023101387659,2023,101387659,2,1,1,2,59,9,3,0,0,0,0,0,9,1,E01033547,3,1,0.0,1.0,-1,6,50,1,1,1,12:24,4,2,9
2023461275305,2023,461275305,1,6,2,1,20,4,3,0,0,2,0,0,9,8,E01024730,3,1,0.0,1.0,-1,6,40,1,4,2,22:50,7,2,9
2023211436359,2023,211436359,1,2,2,2,21,5,3,0,0,1,0,0,9,-1,-1,3,1,0.0,1.0,-1,6,60,2,6,2,16:48,4,2,9
2023231301605,2023,231301605,1,1,1,1,60,9,2,0,0,0,0,0,9,8,E01031029,7,1,1.0,0.0,-1,6,60,1,6,1,20:01,6,2,9
2023201420149,2023,201420149,2,3,2,2,65,9,3,0,0,-1,0,0,8,10,E01029366,3,1,0.0,1.0,-1,3,70,1,1,2,11:50,1,2,8
2023061333487,2023,061333487,2,1,1,1,31,6,3,0,0,0,0,0,9,8,E01005570,3,1,0.0,1.0,-1,6,30,1,4,1,10:45,2,2,9
2023371325028,2023,371325028,2,2,1,1,27,6,2,0,0,0,0,0,9,3,E01030255,5,1,1.0,0.0,-1,6,40,1,1,1,16:50,1,2,9
2023401314978,2023,401314978,1,1,1,2,33,6,3,0,0,0,0,0,9,5,E01023737,3,1,0.0,1.0,-1,6,30,1,1,1,15:08,3,2,9
2023010431552,2023,010431552,1,3,2,1,64,9,3,0,0,0,4,0,11,6,E01028850,-1,0,0.0,1.0,-1,6,20,1,1,1,09:35,7,1,11
2023010479831,2023,010479831,2,1,1,1,50,8,2,0,0,0,0,0,3,9,E01000382,-1,0,1.0,0.0,-1,6,30,1,4,1,23:45,5,2,3
2023010446968,2023,010446968,2,1,2,1,10,2,3,0,0,2,0,0,9,3,E01015765,-1,0,0.0,1.0,-1,2,20,1,1,1,16:57,1,2,9
2023201279124,2023,201279124,1,1,1,1,40,7,3,0,0,0,0,0,9,1,E01009360,3,1,0.0,1.0,-1,3,30,8,4,1,20:19,1,2,9
2023371304264,2023,371304264,3,1,2,2,15,3,2,0,0,-1,0,0,9,-1,-1,7,1,1.0,0.0,-1,6,20,9,1,-1,18:45,3,3,9
2023010467482,2023,010467482,1,1,1,1,21,5,3,0,0,0,0,0,9,2,E01004231,-1,0,0.0,1.0,-1,9,20,1,1,1,17:18,5,1,9
2023421366323,2023,421366323,1,1,1,1,19,4,3,0,0,0,0,0,9,3,E01016036,3,1,0.0,1.0,-1,7,30,2,6,2,04:30,6,4,9
2023501356669,2023,501356669,2,2,1,1,57,9,2,0,0,0,0,0,9,4,E01020314,6,1,1.0,0.0,-1,6,60,1,1,1,18:15,2,2,9
2023531288324,2023,531288324,3,2,1,2,53,8,3,0,0,0,0,0,9,10,E01022426,3,1,0.0,1.0,-1,6,30,1,1,1,10:15,1,3,9
2023010458348,2023,010458348,2,1,1,2,34,6,3,0,0,0,0,0,1,4,E01003053,-1,0,0.0,1.0,-1,3,20,1,1,1,07:04,3,2,1
2023311360429,2023,311360429,2,1,1,2,57,9,3,0,0,0,0,0,9,2,E01027986,3,1,0.0,1.0,-1,6,30,1,1,1,07:30,2,2,9
2023320571023,2023,320571023,1,1,2,2,76,11,3,0,0,1,0,0,9,6,E01026128,-1,0,0.1192,0.8808,-1,6,60,1,1,1,18:42,4,2,9
2023440021108,2023,440021108,1,1,1,2,61,9,3,0,0,0,0,0,9,7,E01023012,-1,0,0.04831,0.95169,-1,6,50,1,6,4,21:05,2,3,9
2023461268022,2023,461268022,1,2,2,1,60,9,3,0,0,1,0,0,9,7,E01033728,3,1,0.0,1.0,-1,3,70,1,1,1,15:51,7,3,9
2023131363534,2023,131363534,1,1,3,1,10,2,2,1,9,0,0,2,0,1,E01033035,7,1,1.0,0.0,-1,6,30,1,1,1,15:17,2,1,1
2023111384095,2023,111384095,1,1,3,1,26,6,2,5,1,0,0,-1,0,-1,-1,7,1,1.0,0.0,-1,6,30,2,7,2,18:10,5,1,9
2023411391372,2023,411391372,1,1,1,1,51,8,3,0,0,0,0,0,9,6,E01023317,3,1,0.0,1.0,-1,3,70,1,6,1,17:36,7,2,9
2023010444247,2023,010444247,1,1,1,1,26,6,3,0,0,0,0,0,8,2,E01001726,-1,0,0.0,1.0,-1,6,20,8,4,1,23:05,7,2,8
2023061281192,2023,061281192,2,1,1,1,37,7,3,0,0,0,0,0,9,-1,-1,3,1,0.0,1.0,-1,6,30,1,4,1,20:34,6,2,9
2023131357441,2023,131357441,1,1,1,2,43,7,2,0,0,0,0,0,9,1,E01010710,7,1,1.0,0.0,-1,6,30,1,4,1,21:50,3,3,9
2023141351423,2023,141351423,1,1,1,1,18,4,3,0,0,0,0,0,9,2,E01007967,3,1,0.0,1.0,-1,6,30,2,4,2,04:30,3,3,9
2023302300208,2023,302300208,1,1,2,2,20,4,3,0,0,1,0,0,9,5,E01026100,-1,0,0.04587,0.95413,-1,6,50,1,6,2,17:40,6,2,9
2023461381532,2023,461381532,1,1,1,2,69,10,3,0,0,0,0,0,9,6,E01024230,3,1,0.0,1.0,-1,3,70,1,1,2,10:50,2,2,9
2023471350418,2023,471350418,2,1,1,2,22,5,3,0,0,0,0,0,9,8,E01016920,3,1,0.0,1.0,-1,6,30,1,1,1,16:10,5,2,9
2023320049965,2023,320049965,2,1,2,1,33,6,3,0,0,1,0,0,19,3,E01015643,-1,0,0.07958,0.92042,-1,6,60,1,1,2,07:32,4,2,19
2023031332615,2023,031332615,1,1,3,1,59,9,2,8,1,0,0,0,0,-1,-1,6,1,1.0,0.0,-1,3,30,1,1,1,07:15,2,1,8
2023221262334,2023,221262334,1,1,3,2,32,6,3,9,6,0,0,0,0,7,E01032170,3,1,0.0,1.0,-1,6,30,2,4,2,17:00,3,1,9
2023010440605,2023,010440605,2,1,1,2,16,4,3,0,0,0,0,0,1,4,E01033725,-1,0,0.0,1.0,-1,6,30,1,1,1,17:00,2,2,1
2023010472472,2023,010472472,1,1,1,1,40,7,3,0,0,0,0,0,3,2,E01001110,-1,0,0.0,1.0,-1,6,20,1,1,1,10:00,3,2,3
2023544159423,2023,544159423,2,1,1,1,18,4,3,0,0,0,0,0,3,10,E01031934,-1,0,0.07018,0.92982,-1,6,30,1,1,1,16:01,5,2,3
2023010436701,2023,010436701,1,2,2,-1,-1,-1,3,0,0,1,0,0,9,2,E01001651,-1,0,0.0,1.0,-1,9,20,1,4,1,22:55,7,2,9
2023161335869,2023,161335869,1,1,1,1,33,6,3,0,0,0,0,0,9,1,E01012880,3,1,0.0,1.0,-1,6,30,1,1,1,17:00,5,2,9
2023061324000,2023,061324000,1,1,3,2,54,8,2,5,9,0,0,0,0,8,E01005001,7,1,1.0,0.0,-1,6,30,1,1,1,08:35,5,1,10
2023010460317,2023,010460317,2,5,2,1,28,6,3,0,0,2,0,0,9,3,E01003688,-1,0,0.0,1.0,-1,3,20,1,4,1,02:36,1,2,9
2023061394320,2023,061394320,2,1,1,2,33,6,3,0,0,0,0,0,9,1,E01005252,3,1,0.0,1.0,-1,1,30,1,1,1,17:00,3,2,9
2023131290067,2023,131290067,1,1,2,2,73,10,3,0,0,1,0,0,9,9,E01018415,3,1,0.0,1.0,-1,3,70,2,1,2,15:18,5,3,9
2023170S11083,2023,170S11083,1,1,1,1,65,9,3,0,0,0,0,0,9,9,E01012226,-1,0,0.17547,0.82453,-1,3,50,1,1,1,14:55,2,1,9
2023991301328,2023,991301328,1,1,2,1,53,8,3,0,0,1,0,0,9,6,-1,3,1,0.0,1.0,-1,3,40,2,1,2,14:55,1,2,9
2023010451864,2023,010451864,1,1,3,1,36,7,3,1,1,0,0,0,0,3,E01032743,-1,0,0.0,1.0,-1,6,30,1,1,1,15:00,3,1,9
2023541476923,2023,541476923,2,4,2,2,35,6,3,0,0,1,0,0,9,4,E01032019,-1,0,0.02019,0.97981,-1,6,60,1,1,2,13:42,5,3,9
2023131327152,2023,131327152,1,1,2,1,26,6,3,0,0,0,0,0,19,1,E01010965,3,1,0.0,1.0,-1,6,30,1,6,1,22:25,6,1,19
2023522400354,2023,522400354,1,1,3,1,17,4,3,6,9,0,0,0,0,3,E01014644,-1,0,0.02477,0.97523,-1,6,30,1,1,1,19:00,4,1,19
2023071020676,2023,071020676,1,1,1,2,28,6,3,0,0,0,0,0,9,4,E01018535,-1,0,0.08828,0.91172,-1,3,60,1,1,1,17:15,3,2,9
2023071093152,2023,071093152,2,1,2,1,49,8,3,0,0,2,0,0,9,-1,-1,-1,0,0.0207,0.9793,-1,6,30,1,4,2,18:12,6,2,9
2023411284445,2023,411284445,1,1,1,2,25,5,3,0,0,0,0,0,9,10,E01023512,3,1,0.0,1.0,-1,6,60,2,1,2,08:45,4,4,9
2023411377881,2023,411377881,1,1,3,2,28,6,2,10,9,0,0,0,0,6,E01023494,5,1,1.0,0.0,-1,6,60,1,6,1,01:48,7,1,9
2023010457570,2023,010457570,1,1,1,1,22,5,3,0,0,0,0,0,2,2,E01001943,-1,0,0.0,1.0,-1,6,30,1,1,1,18:20,5,2,2
2023131304729,2023,131304729,1,1,1,1,34,6,3,0,0,0,0,0,9,8,E01011055,3,1,0.0,1.0,-1,6,30,1,1,1,17:35,7,2,9
2023332300980,2023,332300980,1,1,1,1,19,4,3,0,0,0,0,0,9,1,E01013761,-1,0,0.03553,0.96447,-1,6,30,2,4,2,05:45,6,1,9
2023451274515,2023,451274515,1,1,1,2,31,6,3,0,0,0,0,0,9,10,E01016604,3,1,0.0,1.0,-1,6,40,1,1,2,13:15,4,2,9
2023010422050,2023,010422050,1,2,2,-1,-1,-1,3,0,0,1,0,0,9,9,E01023895,-1,0,0.0,1.0,-1,3,60,1,1,1,16:18,3,2,9
2023440290624,2023,440290624,1,1,1,1,19,4,3,0,0,0,0,0,9,9,E01022653,-1,0,0.08821,0.91179,-1,6,60,1,1,1,18:50,4,2,9
2023501284159,2023,501284159,1,1,1,1,19,4,2,0,0,0,0,0,3,8,E01018886,7,1,1.0,0.0,-1,6,30,1,1,1,14:50,6,1,3
2023320290498,2023,320290498,2,1,2,2,23,5,3,0,0,1,0,0,9,2,E01020773,-1,0,0.04445,0.95555,-1,6,60,1,1,1,17:05,7,2,9
2023010426378,2023,010426378,2,1,1,1,34,6,3,0,0,0,0,0,1,4,E01003117,-1,0,0.0,1.0,-1,6,30,1,1,1,16:45,5,2,1
2023061377250,2023,061377250,2,2,2,2,21,5,3,0,0,1,0,0,9,4,E01006390,3,1,0.0,1.0,-1,6,30,1,4,2,17:50,4,2,9
2023421321314,2023,421321314,2,2,1,1,78,11,3,0,0,0,0,0,9,9,E01021661,3,1,0.0,1.0,-1,6,30,1,1,1,15:24,4,3,9
2023010441166,2023,010441166,1,1,1,1,44,7,3,0,0,0,0,0,9,7,E01001583,-1,0,0.0,1.0,-1,2,50,1,1,1,17:46,4,2,9
2023542354123,2023,542354123,2,1,1,2,50,8,3,0,0,0,0,0,9,5,E01031867,-1,0,0.01177,0.98823,-1,1,40,2,1,1,16:04,6,2,9
202354B300923,2023,54B300923,1,1,1,1,19,4,3,0,0,0,0,0,9,8,E01015517,-1,0,0.04053,0.95947,-1,6,60,1,7,1,09:14,4,1,9
2023131362879,2023,131362879,1,1,3,1,21,5,3,8,3,0,0,2,0,9,E01013077,3,1,0.0,1.0,-1,6,30,2,4,2,20:15,6,1,9
2023461351428,2023,461351428,1,1,3,2,-1,-1,3,1,3,0,0,0,0,5,E01024595,3,1,0.0,1.0,-1,6,30,1,1,1,15:10,4,1,9
2023552301358,2023,552301358,2,1,1,1,51,8,3,0,0,0,0,0,1,6,E01020488,-1,0,0.09916,0.90084,-1,6,30,1,1,2,07:35,6,2,1
2023041327976,2023,041327976,1,1,1,2,71,10,3,0,0,0,0,0,9,7,E01025594,3,1,0.0,1.0,-1,6,20,2,1,2,17:15,2,2,9
2023131364889,2023,131364889,2,1,1,1,40,7,3,0,0,0,0,0,9,7,E01011775,3,1,0.0,1.0,-1,3,30,8,4,2,18:32,5,2,9
2023471353322,2023,471353322,1,1,1,2,25,5,2,0,0,0,0,0,9,7,E01021146,7,1,1.0,0.0,-1,6,60,1,1,2,14:11,1,2,9
2023552301212,2023,552301212,1,1,1,1,35,6,3,0,0,0,0,0,9,8,E01020376,-1,0,0.04209,0.95791,-1,6,30,1,1,1,14:34,7,2,9
2023991294136,2023,991294136,1,1,1,2,88,11,3,0,0,0,0,0,9,-1,-1,3,1,0.0,1.0,-1,6,30,1,1,1,16:45,4,1,9
2023522401009,2023,522401009,2,1,1,1,17,4,3,0,0,0,0,0,1,2,E01014685,-1,0,0.09211,0.90789,-1,6,30,1,4,1,17:15,2,2,1
2023332300998,2023,332300998,2,1,1,1,27,6,3,0,0,0,0,0,3,3,E01025844,-1,0,0.11069,0.88931,-1,6,30,1,4,1,20:58,2,2,3
2023122300838,2023,122300838,1,1,3,1,16,4,3,5,1,0,0,0,0,1,E01027817,-1,0,0.08737,0.91263,-1,6,20,1,1,2,16:30,6,1,9
2023471283130,2023,471283130,1,1,3,1,47,8,2,8,1,0,0,2,0,9,E01016934,7,1,1.0,0.0,-1,6,20,1,4,1,18:30,7,1,9
2023010466320,2023,010466320,1,1,2,-1,-1,-1,3,0,0,2,0,0,9,1,E01003065,-1,0,0.0,1.0,-1,1,20,1,1,1,20:10,3,1,9
2023221399813,2023,221399813,2,4,2,2,10,2,3,0,0,2,0,0,9,4,E01028838,3,1,0.0,1.0,-1,6,60,1,1,1,14:46,3,2,9
2023041350361,2023,041350361,1,1,1,1,32,6,3,0,0,0,0,0,19,2,E01027579,3,1,0.0,1.0,-1,6,50,1,1,1,09:30,6,2,19
2023451282724,2023,451282724,1,1,3,2,20,4,2,1,3,0,0,0,0,-1,-1,7,1,1.0,0.0,-1,2,30,2,4,2,20:55,3,1,9
2023991326607,2023,991326607,1,1,3,1,31,6,2,5,3,0,0,2,0,1,-1,7,1,1.0,0.0,-1,6,30,1,4,1,20:30,7,1,9
2023010464083,2023,010464083,1,1,1,2,39,7,3,0,0,0,0,0,9,3,E01009256,-1,0,0.0,1.0,-1,1,30,1,1,1,19:25,2,2,9
2023041345601,2023,041345601,1,1,1,2,63,9,3,0,0,0,0,0,9,1,E01025286,3,1,0.0,1.0,-1,6,20,1,1,1,18:24,6,2,9
2023461316630,2023,461316630,4,3,1,2,39,7,3,0,0,0,0,0,9,2,E01024248,3,1,0.0,1.0,-1,6,40,1,1,1,18:14,4,4,9
2023501293350,2023,501293350,1,1,2,2,38,7,3,0,0,1,0,0,9,2,E01018854,3,1,0.0,1.0,-1,6,60,1,1,1,17:00,2,2,9
2023501375700,2023,501375700,2,1,1,1,38,7,3,0,0,0,0,0,9,5,E01015037,3,1,0.0,1.0,-1,6,30,1,1,1,09:50,6,3,9
2023440184616,2023,440184616,1,1,1,1,30,6,3,0,0,0,0,0,21,6,E01001159,-1,0,0.09057,0.90943,-1,3,70,1,1,1,09:34,5,4,21
2023061278284,2023,061278284,1,1,3,1,11,3,2,4,1,0,0,0,0,-1,-1,5,1,1.0,0.0,-1,6,30,1,1,1,08:34,6,1,8
2023221297002,2023,221297002,1,1,3,1,12,3,3,4,1,0,0,0,0,4,E01032445,3,1,0.0,1.0,-1,6,30,2,1,2,17:39,6,1,9
2023351268364,2023,351268364,2,1,1,1,38,7,3,0,0,0,0,0,9,7,E01018294,3,1,0.0,1.0,-1,6,30,2,1,1,11:00,7,2,9
2023351334277,2023,351334277,2,2,1,1,50,8,3,0,0,0,0,0,9,6,E01018169,3,1,0.0,1.0,-1,3,70,5,1,2,18:44,6,2,9
2023991299054,2023,991299054,2,1,1,1,46,8,2,0,0,0,0,0,5,9,-1,5,1,1.0,0.0,-1,1,40,1,1,1,12:49,5,2,5
2023131362934,2023,131362934,2,1,1,1,21,5,3,0,0,0,0,0,9,3,E01011783,3,1,0.0,1.0,-1,3,30,1,4,1,20:52,7,2,9
2023461382639,2023,461382639,2,1,1,2,-1,-1,3,0,0,0,0,0,9,7,E01024712,3,1,0.0,1.0,-1,6,50,1,6,2,18:10,4,3,9
2023061380649,2023,061380649,1,1,3,1,76,11,2,1,1,0,0,0,0,-1,-1,5,1,1.0,0.0,-1,6,30,1,1,4,09:55,4,1,9
2023010459098,2023,010459098,1,1,1,2,37,7,3,0,0,0,0,0,9,7,E01002683,-1,0,0.0,1.0,-1,3,40,2,1,3,19:30,7,3,9
2023041316080,2023,041316080,2,1,1,2,56,9,3,0,0,0,0,0,9,2,E01025579,3,1,0.0,1.0,-1,6,30,1,1,1,15:10,3,2,9
2023131389202,2023,131389202,2,2,1,1,34,6,3,0,0,0,0,0,9,1,E01011349,3,1,0.0,1.0,-1,6,30,1,4,2,23:46,7,2,9
2023201295667,2023,201295667,2,1,1,2,39,7,3,0,0,0,0,0,9,3,E01010336,3,1,0.0,1.0,-1,6,30,1,4,1,19:30,3,2,9
2023302301119,2023,302301119,3,2,1,2,24,5,3,0,0,0,0,0,9,7,E01019770,-1,0,0.01056,0.98944,-1,6,30,1,1,1,12:45,6,4,9
2023461332440,2023,461332440,2,3,2,2,4,1,3,0,0,2,0,0,9,6,E01024460,3,1,0.0,1.0,-1,6,30,1,1,1,13:37,6,2,9
2023430260196,2023,430260196,1,1,1,1,57,9,3,0,0,0,0,0,1,3,E01016490,-1,0,0.059,0.941,-1,1,30,1,1,2,20:20,2,2,1
2023052301317,2023,052301317,2,1,1,2,41,7,3,0,0,0,0,0,9,4,E01006878,-1,0,0.02532,0.97468,-1,1,60,1,5,1,00:10,7,2,9
2023201318044,2023,201318044,1,1,1,1,25,5,3,0,0,0,0,0,9,4,E01009688,3,1,0.0,1.0,-1,6,20,2,4,2,18:56,2,1,9
2023161262608,2023,161262608,1,1,3,2,75,10,2,8,7,0,0,2,0,10,E01012958,7,1,1.0,0.0,-1,6,30,2,1,2,13:00,5,1,9
2023622300086,2023,622300086,2,2,1,1,14,3,3,0,0,0,0,0,1,1,W01000958,-1,0,0.09271,0.90729,-1,6,30,1,1,1,16:13,2,2,1
2023010451521,2023,010451521,1,1,1,1,20,4,3,0,0,0,0,0,3,8,E01000173,-1,0,0.0,1.0,-1,6,30,1,1,1,17:30,1,2,3
2023461333227,2023,461333227,1,1,1,1,27,6,3,0,0,0,0,0,9,10,E01016050,3,1,0.0,1.0,-1,6,60,1,1,1,12:59,2,2,9
2023991319766,2023,991319766,1,1,1,2,51,8,3,0,0,0,0,0,9,-1,-1,3,1,0.0,1.0,-1,6,30,1,1,1,15:40,5,2,9
2023061367317,2023,061367317,2,1,1,1,17,4,3,0,0,0,0,0,1,-1,-1,3,1,0.0,1.0,-1,6,30,1,4,1,19:05,4,2,1
2023320626038,2023,320626038,1,2,1,2,65,9,3,0,0,0,0,0,9,3,E01026122,-1,0,0.06139,0.93861,-1,6,40,1,4,1,19:30,1,2,9
2023401316235,2023,401316235,2,3,1,2,35,6,3,0,0,0,0,0,9,2,E01010059,3,1,0.0,1.0,-1,1,30,1,1,1,14:03,4,2,9
2023461399066,2023,461399066,2,2,1,1,32,6,3,0,0,0,0,0,9,9,E01024268,3,1,0.0,1.0,-1,3,70,5,1,2,10:57,1,2,9
2023552301000,2023,552301000,2,2,2,2,72,10,2,0,0,2,0,0,9,4,E01023068,-1,0,1.0,0.0,-1,3,70,1,5,1,21:28,5,2,9
2023991321720,2023,991321720,2,1,1,2,48,8,2,0,0,0,0,0,9,2,-1,5,1,1.0,0.0,-1,6,60,1,1,1,17:05,5,2,9
2023070817037,2023,070817037,2,5,2,1,35,6,3,0,0,1,0,0,19,-1,-1,-1,0,0.05768,0.94232,-1,3,70,1,1,1,15:55,3,3,19
2023531335680,2023,531335680,1,1,3,2,86,11,3,10,9,0,0,0,0,6,E01022162,3,1,0.0,1.0,-1,6,30,1,1,1,15:30,6,1,-1
2023320527425,2023,320527425,2,1,1,2,42,7,3,0,0,0,0,0,9,7,E01026372,-1,0,0.0382,0.9618,-1,6,60,1,1,1,17:52,5,3,9
2023991289273,2023,991289273,4,2,1,1,51,8,3,0,0,0,0,0,9,5,-1,3,1,0.0,1.0,-1,6,50,2,1,2,07:40,3,4,9
2023631386991,2023,631386991,1,1,3,1,77,11,3,10,8,0,0,1,0,4,W01000591,3,1,0.0,1.0,-1,2,20,1,1,1,12:40,2,1,9
2023010474288,2023,010474288,1,1,1,2,29,6,3,0,0,0,0,0,1,1,E01001730,-1,0,0.0,1.0,-1,6,20,1,4,1,19:00,5,2,1
2023010444316,2023,010444316,1,1,1,1,45,7,2,0,0,0,0,0,5,-1,-1,-1,0,1.0,0.0,-1,6,20,1,1,1,19:06,1,2,5
2023061328384,2023,061328384,2,2,2,1,64,9,3,0,0,1,0,0,9,3,E01006035,3,1,0.0,1.0,-1,6,20,1,1,2,15:52,3,3,9
2023221387796,2023,221387796,1,1,1,2,27,6,3,0,0,0,0,0,9,6,E01014089,3,1,0.0,1.0,-1,6,50,2,1,2,07:30,5,1,9
2023311283541,2023,311283541,1,1,1,2,43,7,2,0,0,0,0,0,9,-1,-1,7,1,1.0,0.0,-1,6,30,1,1,1,10:18,2,2,9
2023411372509,2023,411372509,2,3,2,1,24,5,3,0,0,2,0,0,9,5,E01023862,3,1,0.0,1.0,-1,6,30,8,4,1,00:45,4,2,9