collision_index,collision_year,collision_ref_no,vehicle_reference,casualty_reference,casualty_class,sex_of_casualty,age_of_casualty,age_band_of_casualty,casualty_severity,pedestrian_location,pedestrian_movement,car_passenger,bus_or_coach_passenger,pedestrian_road_maintenance_worker,casualty_type,casualty_imd_decile,lsoa_of_casualty,enhanced_casualty_severity,casualty_injury_based,casualty_adjusted_severity_serious,casualty_adjusted_severity_slight,casualty_distance_banding,road_type,speed_limit,weather_conditions,light_conditions,road_surface_conditions,time,day_of_week,number_of_vehicles,vehicle_type
2023010423709,2023,010423709,2,1,1,2,69,10,3,0,0,0,0,0,9,4,E01003353,-1,0,0.0,1.0,-1,3,30,1,4,1,19:36,5,2,9
2023052301026,2023,052301026,1,2,3,1,13,3,3,10,9,0,0,0,0,1,E01006644,-1,0,0.13123,0.86877,-1,6,20,1,1,1,10:04,1,1,9
2023052301448,2023,052301448,2,1,1,1,-1,-1,3,0,0,0,0,0,1,6,E01007108,-1,0,0.10559,0.89441,-1,6,30,1,1,1,22:23,5,2,1
2023451387155,2023,451387155,1,1,1,1,17,4,2,0,0,0,0,0,1,9,E01030330,7,1,1.0,0.0,-1,6,30,1,1,2,08:45,2,2,1
2023520400268,2023,520400268,2,1,1,-1,-1,-1,3,0,0,0,0,0,3,-1,-1,-1,0,0.01212,0.98788,-1,6,30,9,1,-1,18:30,4,2,3
2023421290479,2023,421290479,4,1,1,1,70,10,3,0,0,0,0,0,9,8,E01023315,3,1,0.0,1.0,-1,6,50,1,1,2,14:49,7,5,9
2023991323340,2023,991323340,1,1,1,1,30,6,3,0,0,0,0,0,19,9,-1,3,1,0.0,1.0,-1,3,70,2,1,2,16:42,3,3,19
202354C506923,2023,54C506923,2,1,1,1,41,7,3,0,0,0,0,0,19,4,E01032070,-1,0,0.00833,0.99167,-1,6,30,1,1,1,10:38,7,2,19
2023010476878,2023,010476878,1,1,1,2,51,8,3,0,0,0,0,0,1,4,E01002873,-1,0,0.0,1.0,-1,6,30,2,1,2,12:45,4,1,1
2023010479457,2023,010479457,2,1,1,1,17,4,3,0,0,0,0,0,1,2,E01001745,-1,0,0.0,1.0,-1,6,20,1,1,1,08:30,4,2,1
2023440329995,2023,440329995,1,1,1,2,45,7,3,0,0,0,0,0,9,5,E01017358,-1,0,0.01009,0.98991,-1,6,30,1,1,1,17:40,3,2,9
2023061295504,2023,061295504,2,1,1,1,68,10,3,0,0,0,0,0,1,3,E01006126,3,1,0.0,1.0,-1,6,30,1,1,1,08:20,6,2,1
2023010428121,2023,010428121,1,1,2,2,59,9,3,0,0,2,0,0,9,-1,-1,-1,0,0.0,1.0,-1,6,30,1,4,1,03:01,2,2,9
2023010479584,2023,010479584,1,1,1,1,73,10,2,0,0,0,0,0,9,5,E01000277,-1,0,1.0,0.0,-1,6,30,1,1,1,15:19,4,2,9
2023010435700,2023,010435700,1,1,1,1,29,6,3,0,0,0,0,0,3,2,E01003082,-1,0,0.0,1.0,-1,6,20,1,1,1,09:00,2,2,3
2023041392037,2023,041392037,1,1,1,1,30,6,2,0,0,0,0,0,1,3,E01025312,7,1,1.0,0.0,-1,6,20,1,4,2,02:45,1,2,1
2023531339983,2023,531339983,2,2,1,1,35,6,3,0,0,0,0,0,8,2,E01022332,3,1,0.0,1.0,-1,6,40,2,1,2,17:00,2,2,8
2023622301029,2023,622301029,1,1,3,1,14,3,2,5,3,0,0,0,0,3,W01001154,-1,0,1.0,0.0,-1,6,60,2,4,2,20:04,7,1,9
2023131365094,2023,131365094,2,1,1,2,55,8,3,0,0,0,0,0,1,6,E01011645,3,1,0.0,1.0,-1,6,30,2,1,2,09:15,5,2,1
2023461315721,2023,461315721,2,1,1,1,-1,-1,3,0,0,0,0,0,1,9,E01000452,3,1,0.0,1.0,-1,3,40,1,1,1,08:53,5,2,1
2023546472923,2023,546472923,2,1,1,2,49,8,3,0,0,0,0,0,1,6,E01031842,-1,0,0.12493,0.87507,-1,6,30,1,1,1,18:20,3,2,1
202360A073474,2023,60A073474,2,1,1,1,75,10,3,0,0,0,0,0,1,-1,-1,-1,0,0.18866,0.81134,-1,6,30,1,1,1,14:23,4,2,1
2023131279467,2023,131279467,1,1,1,1,35,6,2,0,0,0,0,0,5,3,E01011776,6,1,1.0,0.0,-1,6,30,1,1,2,16:45,4,2,5
202360A132704,2023,60A132704,2,1,1,1,71,10,2,0,0,0,0,0,5,-1,-1,-1,0,1.0,0.0,-1,6,60,1,1,1,14:50,7,2,5
2023501277694,2023,501277694,1,1,1,1,58,9,3,0,0,0,0,0,9,4,E01020293,3,1,0.0,1.0,-1,6,60,1,6,2,06:00,4,1,9
2023041364796,2023,041364796,3,3,1,1,50,8,3,0,0,0,0,0,9,1,E01024876,3,1,0.0,1.0,-1,6,30,2,1,2,15:26,4,3,9
2023201393125,2023,201393125,2,4,2,1,19,4,3,0,0,2,0,0,9,-1,-1,3,1,0.0,1.0,-1,6,30,1,4,1,23:30,4,2,9
2023461337318,2023,461337318,2,1,1,2,56,9,3,0,0,0,0,0,9,9,E01016133,3,1,0.0,1.0,-1,3,70,2,1,2,15:00,7,3,9
2023531333071,2023,531333071,2,2,1,2,26,6,3,0,0,0,0,0,9,4,E01032516,3,1,0.0,1.0,-1,3,60,1,1,1,10:00,7,2,9
2023340WN1502,2023,340WN1502,1,1,3,2,10,2,2,5,3,0,0,0,0,-1,-1,-1,0,1.0,0.0,-1,6,30,1,1,1,08:30,3,1,9
2023010457404,2023,010457404,2,1,1,1,61,9,2,0,0,0,0,0,1,6,E01004163,-1,0,1.0,0.0,-1,6,20,2,1,2,18:20,4,2,1
2023302301113,2023,302301113,1,1,1,1,40,7,2,0,0,0,0,0,5,6,E01004904,-1,0,1.0,0.0,-1,6,50,1,1,1,19:22,5,1,5
2023221313598,2023,221313598,1,2,1,1,46,8,3,0,0,0,0,0,9,8,E01028875,3,1,0.0,1.0,-1,1,60,1,4,1,23:02,7,2,9
2023631314687,2023,631314687,1,2,2,1,7,2,2,0,0,2,0,0,9,5,W01000629,7,1,1.0,0.0,-1,6,30,1,1,1,09:40,1,2,9
2023430206466,2023,430206466,1,1,1,1,17,4,3,0,0,0,0,0,-1,-1,-1,-1,0,0.03725,0.96275,-1,6,30,1,1,1,11:50,5,2,-1
2023010444799,2023,010444799,1,1,1,1,27,6,3,0,0,0,0,0,9,2,E01000599,-1,0,0.0,1.0,-1,6,30,1,4,1,01:57,3,2,9
2023201277192,2023,201277192,2,2,2,1,25,5,3,0,0,2,0,0,9,-1,-1,3,1,0.0,1.0,-1,6,30,1,1,1,12:25,6,2,9
2023201287134,2023,201287134,2,1,1,1,-1,-1,3,0,0,0,0,0,9,5,E01009234,3,1,0.0,1.0,-1,6,30,2,4,2,00:15,5,2,9
2023991352413,2023,991352413,2,1,1,2,38,7,3,0,0,0,0,0,9,8,-1,3,1,0.0,1.0,-1,3,70,1,1,2,07:12,5,3,9
2023991341055,2023,991341055,1,1,3,2,59,9,3,9,5,0,0,0,0,-1,-1,3,1,0.0,1.0,-1,6,30,1,1,1,14:00,7,1,9
2023351390706,2023,351390706,2,2,1,2,33,6,3,0,0,0,0,0,9,6,E01015679,3,1,0.0,1.0,-1,3,40,8,4,2,19:45,5,2,9
2023440386486,2023,440386486,1,2,2,2,38,7,3,0,0,1,0,0,9,4,E01017162,-1,0,0.03035,0.96965,-1,6,30,1,4,1,20:00,5,2,9
2023501381812,2023,501381812,2,1,1,1,37,7,3,0,0,0,0,0,9,4,E01020322,3,1,0.0,1.0,-1,1,30,1,4,2,19:00,7,2,9
2023161326805,2023,161326805,1,1,1,2,35,6,3,0,0,0,0,0,9,3,E01012777,3,1,0.0,1.0,-1,3,40,1,1,1,17:37,1,2,9
2023201310430,2023,201310430,2,1,1,2,29,6,3,0,0,0,0,0,9,2,E01009163,3,1,0.0,1.0,-1,6,30,1,1,1,10:30,5,2,9
2023211302443,2023,211302443,1,2,2,1,21,5,2,0,0,1,0,0,9,9,E01014318,6,1,1.0,0.0,-1,6,40,2,4,2,21:26,5,1,9
2023991361651,2023,991361651,2,7,2,2,13,3,3,0,0,2,0,0,9,7,-1,3,1,0.0,1.0,-1,6,60,5,1,2,18:00,3,2,9
2023131293729,2023,131293729,2,1,1,1,38,7,3,0,0,0,0,0,1,1,E01010828,3,1,0.0,1.0,-1,6,30,1,4,1,19:50,2,2,1
2023010434337,2023,010434337,1,1,3,2,63,9,3,6,9,0,0,0,0,7,E01002198,-1,0,0.0,1.0,-1,6,30,1,1,2,13:46,1,3,9
2023041381448,2023,041381448,2,1,1,1,60,9,2,0,0,0,0,0,1,-1,-1,6,1,1.0,0.0,-1,6,60,8,6,4,15:30,6,2,1
2023010475860,2023,010475860,2,4,2,2,12,3,3,0,0,2,0,0,9,5,E01001473,-1,0,0.0,1.0,-1,6,30,1,1,2,12:05,7,3,9
2023131324242,2023,131324242,1,2,2,2,21,5,3,0,0,1,0,0,9,1,E01010673,3,1,0.0,1.0,-1,6,30,1,4,1,22:40,5,2,9
2023201284517,2023,201284517,2,2,2,2,-1,-1,3,0,0,-1,0,0,9,1,E01010062,3,1,0.0,1.0,-1,6,30,1,1,1,16:10,5,3,9
2023340NN3612,2023,340NN3612,2,3,2,1,17,4,3,0,0,2,0,0,9,-1,-1,-1,0,0.01192,0.98808,-1,3,70,1,4,1,18:55,3,2,9
2023501287180,2023,501287180,3,1,1,2,70,10,3,0,0,0,0,0,9,4,E01018955,3,1,0.0,1.0,-1,6,60,1,1,1,15:35,3,3,9
2023991316104,2023,991316104,1,1,2,2,86,11,3,0,0,0,3,0,11,2,-1,3,1,0.0,1.0,-1,6,20,1,1,1,15:50,4,1,11
2023141353216,2023,141353216,1,2,2,1,29,6,3,0,0,-1,0,0,9,-1,-1,3,1,0.0,1.0,-1,6,30,1,4,1,00:11,1,1,9
2023111384470,2023,111384470,1,1,3,1,11,3,2,5,4,0,0,0,0,3,E01020760,7,1,1.0,0.0,-1,6,40,2,4,2,15:50,6,1,9
2023010435169,2023,010435169,1,1,1,1,27,6,2,0,0,0,0,0,5,8,E01002915,-1,0,1.0,0.0,-1,3,50,1,1,2,19:14,5,1,5
2023010435526,2023,010435526,1,1,1,2,62,9,3,0,0,0,0,0,9,9,E01002535,-1,0,0.0,1.0,-1,6,20,1,1,1,17:30,1,2,9
2023010452264,2023,010452264,1,1,2,2,23,5,3,0,0,1,0,0,9,4,E01000497,-1,0,0.0,1.0,-1,6,20,2,1,1,17:25,5,1,9
2023131291495,2023,131291495,1,1,1,1,36,7,2,0,0,0,0,0,9,4,E01011585,7,1,1.0,0.0,-1,6,30,1,1,1,15:00,3,2,9
2023361337864,2023,361337864,2,1,2,2,36,7,3,0,0,1,0,0,9,7,E01026928,3,1,0.0,1.0,-1,6,60,1,1,1,12:00,5,2,9
2023201416127,2023,201416127,1,1,1,1,22,5,3,0,0,0,0,0,19,1,E01010095,3,1,0.0,1.0,-1,6,30,8,1,4,14:56,6,2,19
2023522301513,2023,522301513,1,1,1,2,28,6,2,0,0,0,0,0,-1,4,E01033342,-1,0,1.0,0.0,-1,6,20,9,1,-1,09:20,3,2,-1
2023010428922,2023,010428922,1,1,1,1,24,5,3,0,0,0,0,0,3,5,E01001157,-1,0,0.0,1.0,-1,9,20,9,4,9,21:35,4,2,3
2023010435772,2023,010435772,1,1,1,1,40,7,3,0,0,0,0,0,3,7,E01016613,-1,0,0.0,1.0,-1,6,20,1,1,2,18:15,6,2,3
2023141318042,2023,141318042,2,3,1,1,33,6,3,0,0,0,0,0,9,6,E01028034,3,1,0.0,1.0,-1,6,30,1,1,1,09:10,3,2,9
2023141391003,2023,141391003,2,2,2,2,73,10,3,0,0,2,0,0,9,9,E01007808,3,1,0.0,1.0,-1,3,40,4,1,2,08:32,5,2,9
2023471264512,2023,471264512,2,2,2,2,73,10,2,0,0,1,0,0,9,10,E01031686,6,1,1.0,0.0,-1,6,60,2,1,4,10:42,3,2,9
2023631328755,2023,631328755,1,1,2,1,34,6,2,0,0,1,0,0,9,1,W01000606,7,1,1.0,0.0,-1,6,40,1,1,1,13:30,4,1,9
2023340WN0392,2023,340WN0392,2,1,1,1,78,11,3,0,0,0,0,0,1,3,E01027245,-1,0,0.22372,0.77628,-1,6,30,1,1,2,14:37,4,2,1
2023461333272,2023,461333272,2,1,1,2,65,9,3,0,0,0,0,0,1,3,E01024218,3,1,0.0,1.0,-1,6,30,9,7,1,19:17,6,2,1
2023010467746,2023,010467746,2,1,1,1,22,5,3,0,0,0,0,0,3,3,E01001492,-1,0,0.0,1.0,-1,6,30,1,4,2,23:47,6,2,3
2023031292897,2023,031292897,1,1,1,1,61,9,2,0,0,0,0,0,9,-1,-1,7,1,1.0,0.0,-1,6,60,1,1,1,15:28,7,2,9
2023351272954,2023,351272954,1,3,2,2,13,3,3,0,0,-1,0,0,9,9,E01018278,3,1,0.0,1.0,-1,3,70,1,6,1,17:53,3,2,9
2023430105657,2023,430105657,2,1,1,2,32,6,3,0,0,0,0,0,9,6,E01016753,-1,0,0.00366,0.99634,-1,6,30,3,1,3,07:48,4,2,9
2023991277950,2023,991277950,1,1,2,2,18,4,2,0,0,2,0,0,9,10,-1,7,1,1.0,0.0,-1,3,70,2,6,2,17:58,7,1,9
2023461278206,2023,461278206,1,1,1,1,21,5,3,0,0,0,0,0,9,10,E01021474,3,1,0.0,1.0,-1,6,30,1,1,1,04:04,5,1,9
2023631314092,2023,631314092,2,2,1,1,42,7,3,0,0,0,0,0,9,7,W01001937,3,1,0.0,1.0,-1,6,40,1,1,1,07:15,6,2,9
2023320124415,2023,320124415,1,1,3,1,11,3,2,5,3,0,0,0,0,4,E01026366,-1,0,1.0,0.0,-1,6,30,1,4,2,18:45,2,1,9
2023991291349,2023,991291349,1,1,3,1,76,11,2,4,1,0,0,0,0,6,-1,6,1,1.0,0.0,-1,6,20,2,1,2,12:10,3,1,9
2023371324858,2023,371324858,1,1,1,1,16,4,3,0,0,0,0,0,2,10,E01030192,3,1,0.0,1.0,-1,1,70,1,4,1,22:52,7,2,2
2023440494140,2023,440494140,2,2,2,2,13,3,3,0,0,1,0,0,9,3,E01017228,-1,0,0.04841,0.95159,-1,6,30,1,4,2,18:00,1,2,9
2023010467729,2023,010467729,1,1,1,1,28,6,3,0,0,0,0,0,8,3,E01003493,-1,0,0.0,1.0,-1,6,30,1,4,2,20:15,6,2,8
2023201416165,2023,201416165,1,1,1,1,47,8,3,0,0,0,0,0,9,4,E01009866,3,1,0.0,1.0,-1,6,30,1,4,1,20:10,6,3,9
2023451272726,2023,451272726,2,1,2,2,1,1,3,0,0,2,0,0,9,10,E01030798,3,1,0.0,1.0,-1,6,30,1,4,1,06:45,2,3,9
2023520300813,2023,520300813,1,1,1,2,62,9,3,0,0,0,0,0,9,8,E01029114,-1,0,0.00308,0.99692,-1,6,30,9,1,1,16:00,3,2,9
2023041294670,2023,041294670,1,1,3,2,6,2,2,5,3,0,0,0,0,1,E01033231,5,1,1.0,0.0,-1,6,20,1,1,1,16:05,6,1,9
2023201354390,2023,201354390,1,1,3,1,17,4,2,5,3,0,0,2,0,4,E01009111,7,1,1.0,0.0,-1,6,30,1,1,1,18:00,3,1,9
2023451294873,2023,451294873,1,1,1,1,16,4,2,0,0,0,0,0,3,8,E01030359,7,1,1.0,0.0,-1,6,30,1,4,1,21:27,7,1,3
2023430078235,2023,430078235,2,3,2,2,5,1,3,0,0,2,0,0,8,6,E01016745,-1,0,0.00454,0.99546,-1,6,60,1,1,1,13:50,6,2,8
2023201318846,2023,201318846,1,5,2,1,39,7,3,0,0,2,0,0,9,2,E01010508,3,1,0.0,1.0,-1,6,30,1,1,1,14:28,1,2,9
2023201389737,2023,201389737,2,1,1,1,14,3,3,0,0,0,0,0,1,4,E01009715,3,1,0.0,1.0,-1,6,30,1,4,1,17:22,1,1,1
2023610043423,2023,610043423,1,2,2,1,15,3,2,0,0,0,0,0,-1,9,W01001653,-1,0,1.0,0.0,-1,6,20,1,1,1,11:03,2,2,-1
2023031314816,2023,031314816,2,5,1,2,23,5,3,0,0,0,0,0,9,6,E01025495,3,1,0.0,1.0,-1,6,60,1,1,1,19:00,1,2,9
2023041312304,2023,041312304,2,2,1,1,40,7,3,0,0,0,0,0,9,2,E01006323,3,1,0.0,1.0,-1,3,70,1,1,1,13:05,7,2,9
2023041314880,2023,041314880,1,1,2,1,26,6,3,0,0,2,0,0,9,6,E01025591,3,1,0.0,1.0,-1,6,30,1,1,1,15:15,6,2,9
2023071124735,2023,071124735,1,1,1,2,81,11,3,0,0,0,0,0,9,5,E01006502,-1,0,0.05343,0.94657,-1,3,30,1,1,1,10:50,7,2,9
2023991375359,2023,991375359,2,1,1,2,79,11,2,0,0,0,0,0,9,5,-1,5,1,1.0,0.0,-1,6,60,2,1,2,11:15,4,2,9
2023131304395,2023,131304395,1,1,3,2,40,7,3,8,2,0,0,2,0,1,E01011559,3,1,0.0,1.0,-1,6,30,1,1,1,13:15,6,1,9
2023311358176,2023,311358176,3,2,1,2,20,4,2,0,0,0,0,0,1,6,E01028074,7,1,1.0,0.0,-1,6,50,1,1,2,10:57,1,3,1
2023131348689,2023,131348689,1,2,2,1,21,5,2,0,0,1,0,0,9,1,E01033691,5,1,1.0,0.0,-1,6,30,2,4,2,03:35,3,1,9
2023201416088,2023,201416088,1,1,2,1,18,4,3,0,0,-1,0,0,9,1,E01009360,3,1,0.0,1.0,-1,6,30,1,4,1,23:54,4,3,9
2023471338396,2023,471338396,1,1,1,1,26,6,2,0,0,0,0,0,9,6,E01021152,7,1,1.0,0.0,-1,6,60,1,6,1,21:42,7,1,9
2023201372044,2023,201372044,1,1,3,1,3,1,3,10,2,0,0,2,0,-1,-1,3,1,0.0,1.0,-1,6,30,1,1,1,19:38,6,1,9
2023302300117,2023,302300117,2,1,1,1,16,4,3,0,0,0,0,0,2,1,E01019663,-1,0,0.05134,0.94866,-1,6,30,2,1,2,17:00,7,2,2
2023010471992,2023,010471992,1,1,1,1,19,4,3,0,0,0,0,0,3,1,E01001957,-1,0,0.0,1.0,-1,6,20,1,4,1,20:30,7,2,3
2023332300846,2023,332300846,2,1,2,2,96,11,1,0,0,2,0,0,9,10,E01028368,-1,0,0.0,0.0,-1,6,60,1,1,1,12:01,4,2,9
2023421361564,2023,421361564,2,1,2,1,36,7,3,0,0,1,0,0,9,5,E01021996,3,1,0.0,1.0,-1,6,30,1,1,1,18:20,7,3,9
2023010440610,2023,010440610,1,1,1,2,41,7,3,0,0,0,0,0,9,3,E01000054,-1,0,0.0,1.0,-1,6,30,1,4,1,22:43,2,2,9
2023122300818,2023,122300818,2,2,1,2,56,9,3,0,0,0,0,0,9,9,E01020850,-1,0,0.10469,0.89531,-1,6,60,1,1,1,17:18,7,2,9
2023201297315,2023,201297315,2,2,1,1,31,6,3,0,0,0,0,0,9,2,E01009890,3,1,0.0,1.0,-1,6,30,1,1,1,16:14,2,2,9
2023320498179,2023,320498179,1,1,2,2,48,8,3,0,0,1,0,0,9,2,E01019761,-1,0,0.10546,0.89454,-1,6,40,1,1,1,16:00,6,2,9
2023471338662,2023,471338662,2,1,1,1,57,9,3,0,0,0,0,0,9,6,E01031452,3,1,0.0,1.0,-1,3,70,5,1,2,16:27,7,2,9
2023622300888,2023,622300888,2,3,2,2,23,5,3,0,0,2,0,0,9,2,W01001803,-1,0,0.01754,0.98246,-1,6,50,8,1,1,12:25,6,2,9
2023991377174,2023,991377174,2,2,1,1,30,6,3,0,0,0,0,0,9,1,-1,3,1,0.0,1.0,-1,3,30,1,4,1,18:30,2,2,9
2023421371346,2023,421371346,2,1,1,1,37,7,2,0,0,0,0,0,1,7,E01015847,6,1,1.0,0.0,-1,6,30,1,4,1,17:19,2,2,1
2023061320141,2023,061320141,2,1,1,1,52,8,3,0,0,0,0,0,9,3,E01005889,3,1,0.0,1.0,-1,6,30,1,1,-1,14:40,2,2,9
2023010421908,2023,010421908,2,1,1,2,35,6,3,0,0,0,0,0,1,-1,-1,-1,0,0.0,1.0,-1,6,20,1,4,1,18:20,3,2,1
2023010463782,2023,010463782,1,1,1,2,25,5,3,0,0,0,0,0,9,3,E01002527,-1,0,0.0,1.0,-1,6,30,1,4,1,00:50,1,2,9
2023421331642,2023,421331642,1,2,2,1,36,7,2,0,0,1,0,0,9,3,E01015935,5,1,1.0,0.0,-1,3,70,2,1,2,20:36,5,1,9
2023531324227,2023,531324227,1,1,1,2,57,9,3,0,0,0,0,0,9,7,E01022252,3,1,0.0,1.0,-1,6,30,1,1,1,19:35,5,2,9
2023010465920,2023,010465920,1,1,2,1,47,8,3,0,0,0,4,0,11,5,E01004086,-1,0,0.0,1.0,-1,2,20,1,1,1,14:30,5,2,11
2023031285948,2023,031285948,1,1,1,1,58,9,2,0,0,0,0,0,9,9,E01012998,7,1,1.0,0.0,-1,6,60,5,6,2,03:30,2,2,9
2023041366141,2023,041366141,1,1,1,2,42,7,2,0,0,0,0,0,9,4,E01025374,7,1,1.0,0.0,-1,6,30,1,1,1,13:15,2,1,9
2023332300143,2023,332300143,1,1,1,1,20,4,3,0,0,0,0,0,9,7,E01025946,-1,0,0.01613,0.98387,-1,6,30,1,1,1,09:55,1,2,9
2023421319217,2023,421319217,1,1,1,1,76,11,2,0,0,0,0,0,9,1,E01013218,6,1,1.0,0.0,-1,6,60,1,1,1,17:47,5,2,9
2023451278146,2023,451278146,1,1,1,2,23,5,2,0,0,0,0,0,9,9,E01030817,6,1,1.0,0.0,-1,3,40,1,4,1,22:20,1,2,9
2023631341626,2023,631341626,1,2,2,2,23,5,3,0,0,2,0,0,9,2,E01013852,3,1,0.0,1.0,-1,6,60,1,1,2,17:00,2,2,9
2023010444586,2023,010444586,1,1,1,2,30,6,3,0,0,0,0,0,1,4,E01033320,-1,0,0.0,1.0,-1,2,20,1,1,1,13:25,2,2,1
2023010469630,2023,010469630,2,1,1,2,51,8,3,0,0,0,0,0,1,4,E01004457,-1,0,0.0,1.0,-1,6,20,1,1,1,08:22,3,2,1
2023010435036,2023,010435036,2,1,1,1,69,10,3,0,0,0,0,0,1,7,E01003906,-1,0,0.0,1.0,-1,6,30,1,1,1,14:12,5,2,1
2023010428899,2023,010428899,2,1,1,2,33,6,3,0,0,0,0,0,3,3,E01033464,-1,0,0.0,1.0,-1,6,20,1,1,1,08:40,6,2,3
2023131343738,2023,131343738,2,2,2,2,26,6,3,0,0,2,0,0,9,6,E01028295,3,1,0.0,1.0,-1,3,70,1,1,1,18:50,1,3,9
2023221379364,2023,221379364,2,3,2,1,75,10,2,0,0,1,0,0,9,-1,-1,5,1,1.0,0.0,-1,6,30,1,4,2,17:40,1,2,9
2023371347828,2023,371347828,2,1,1,2,34,6,3,0,0,0,0,0,9,1,E01030291,3,1,0.0,1.0,-1,6,50,2,1,2,09:40,5,2,9
2023161268055,2023,161268055,2,2,1,1,50,8,3,0,0,0,0,0,19,1,E01013136,3,1,0.0,1.0,-1,6,30,1,1,2,12:22,3,2,19
2023010447283,2023,010447283,1,1,3,2,51,8,3,4,2,0,0,0,0,3,E01003146,-1,0,0.0,1.0,-1,3,30,1,1,1,06:50,3,1,9
2023991332283,2023,991332283,1,1,1,1,30,6,1,0,0,0,0,0,5,3,E01025950,1,1,0.0,0.0,-1,6,60,1,1,1,13:30,6,5,5
2023141387220,2023,141387220,1,1,2,2,71,10,3,0,0,2,0,0,8,-1,-1,3,1,0.0,1.0,-1,6,30,1,1,1,11:00,7,2,8
2023010481661,2023,010481661,1,1,1,1,43,7,3,0,0,0,0,0,9,10,E01003362,-1,0,0.0,1.0,-1,1,20,1,4,1,17:52,7,2,9
2023070112430,2023,070112430,1,1,1,1,39,7,3,0,0,0,0,0,9,6,E01018625,-1,0,0.04496,0.95504,-1,6,30,1,1,1,07:15,4,1,9
2023141343627,2023,141343627,1,1,1,2,52,8,3,0,0,0,0,0,9,7,E01007743,3,1,0.0,1.0,-1,1,30,1,1,1,15:50,7,2,9
2023631365788,2023,631365788,2,1,1,2,20,4,3,0,0,0,0,0,9,6,W01000701,3,1,0.0,1.0,-1,6,60,4,1,2,16:40,7,2,9
2023010430580,2023,010430580,1,2,3,1,25,5,2,5,9,0,0,0,0,-1,-1,-1,0,1.0,0.0,-1,6,30,1,4,1,21:54,1,1,9
2023010441672,2023,010441672,1,1,3,1,37,7,3,5,1,0,0,0,0,3,E01002052,-1,0,0.0,1.0,-1,6,20,1,1,1,17:30,1,1,9
2023070174029,2023,070174029,1,1,3,1,55,8,2,9,9,0,0,0,0,8,E01012385,-1,0,1.0,0.0,-1,1,30,1,1,1,15:30,3,1,9
2023010454863,2023,010454863,2,1,1,2,21,5,3,0,0,0,0,0,1,10,E01031485,-1,0,0.0,1.0,-1,6,20,1,1,1,19:10,4,2,1
2023010424696,2023,010424696,2,1,1,1,74,10,3,0,0,0,0,0,5,9,E01023962,-1,0,0.0,1.0,-1,6,30,1,1,1,11:30,4,2,5
2023010446616,2023,010446616,1,2,2,2,27,6,3,0,0,1,0,0,9,4,E01001259,-1,0,0.0,1.0,-1,3,40,1,1,1,15:55,5,5,9
2023010480586,2023,010480586,1,1,1,1,90,11,2,0,0,0,0,0,9,9,E01000658,-1,0,1.0,0.0,-1,7,30,2,4,2,23:50,2,1,9
2023111396313,2023,111396313,2,1,2,1,51,8,3,0,0,1,0,0,9,-1,-1,3,1,0.0,1.0,-1,6,30,2,1,2,13:00,5,2,9
2023131377798,2023,131377798,2,1,1,1,36,7,3,0,0,0,0,0,9,2,E01010749,3,1,0.0,1.0,-1,3,70,1,4,2,18:04,4,2,9
2023430582829,2023,430582829,2,1,1,1,-1,-1,3,0,0,0,0,0,1,1,E01028568,-1,0,0.0404,0.9596,-1,6,20,1,4,1,17:18,5,2,1
2023031376200,2023,031376200,1,1,1,1,54,8,3,0,0,0,0,0,9,1,E01019280,3,1,0.0,1.0,-1,6,30,8,4,2,04:28,7,4,9
2023201416094,2023,201416094,2,1,1,1,46,8,3,0,0,0,0,0,9,4,E01010325,3,1,0.0,1.0,-1,6,30,1,1,1,11:57,1,4,9
2023430518149,2023,430518149,2,1,2,1,18,4,3,0,0,1,0,0,9,4,E01028819,-1,0,0.01097,0.98903,-1,6,20,1,4,1,18:55,6,2,9
2023302300413,2023,302300413,2,1,2,1,17,4,3,0,0,2,0,0,9,2,E01013957,-1,0,0.11815,0.88185,-1,3,70,1,1,1,17:37,6,4,9
2023361349137,2023,361349137,2,2,2,1,55,8,3,0,0,1,0,0,9,9,E01025921,3,1,0.0,1.0,-1,6,30,1,1,1,13:07,3,2,9
2023421383906,2023,421383906,4,1,1,1,36,7,3,0,0,0,0,0,9,8,E01004072,3,1,0.0,1.0,-1,3,70,2,6,2,17:34,1,4,9
2023991291859,2023,991291859,1,2,2,1,22,5,2,0,0,1,0,0,9,10,-1,7,1,1.0,0.0,-1,6,60,5,6,2,19:07,4,1,9
2023010435345,2023,010435345,2,1,1,1,29,6,2,0,0,0,0,0,3,-1,-1,-1,0,1.0,0.0,-1,6,20,1,1,1,06:30,7,2,3
2023010422797,2023,010422797,1,1,1,1,81,11,3,0,0,0,0,0,9,6,E01000244,-1,0,0.0,1.0,-1,3,30,1,4,2,23:45,7,2,9
2023010433282,2023,010433282,1,3,2,1,-1,-1,3,0,0,9,0,0,9,3,E01004630,-1,0,0.0,1.0,-1,6,30,8,1,1,14:02,1,2,9
2023010458668,2023,010458668,1,2,2,1,22,5,3,0,0,1,0,0,9,2,E01016463,-1,0,0.0,1.0,-1,3,70,2,4,2,20:55,4,1,9
2023111395003,2023,111395003,2,1,1,2,42,7,3,0,0,0,0,0,9,5,E01020706,3,1,0.0,1.0,-1,6,60,1,1,1,14:30,7,2,9
2023131383510,2023,131383510,2,1,2,1,22,5,3,0,0,1,0,0,9,7,E01011849,3,1,0.0,1.0,-1,6,30,2,4,2,17:00,3,2,9