collision_index,collision_year,collision_ref_no,vehicle_reference,casualty_reference,casualty_class,sex_of_casualty,age_of_casualty,age_band_of_casualty,casualty_severity,pedestrian_location,pedestrian_movement,car_passenger,bus_or_coach_passenger,pedestrian_road_maintenance_worker,casualty_type,casualty_imd_decile,lsoa_of_casualty,enhanced_casualty_severity,casualty_injury_based,casualty_adjusted_severity_serious,casualty_adjusted_severity_slight,casualty_distance_banding,road_type,speed_limit,weather_conditions,light_conditions,road_surface_conditions,time,day_of_week,number_of_vehicles,vehicle_type
2023010435381,2023,010435381,2,1,1,2,27,6,3,0,0,0,0,0,3,7,E01003407,-1,0,0.0,1.0,-1,2,30,1,1,1,16:44,7,2,3
2023010462147,2023,010462147,1,1,1,2,45,7,3,0,0,0,0,0,9,3,E01003081,-1,0,0.0,1.0,-1,3,70,1,1,1,17:06,4,2,9
2023201383655,2023,201383655,2,1,1,2,28,6,3,0,0,0,0,0,9,3,E01009977,3,1,0.0,1.0,-1,6,30,2,4,2,21:35,4,2,9
2023351338154,2023,351338154,2,1,1,1,35,6,3,0,0,0,0,0,9,6,E01018208,3,1,0.0,1.0,-1,6,30,1,1,1,18:20,7,2,9
2023501307518,2023,501307518,1,1,1,1,78,11,2,0,0,0,0,0,9,6,E01018959,6,1,1.0,0.0,-1,6,30,2,1,2,16:02,6,2,9
2023061377316,2023,061377316,2,1,1,1,28,6,3,0,0,0,0,0,97,1,E01005225,3,1,0.0,1.0,-1,6,30,1,4,1,18:56,3,2,97
2023471355578,2023,471355578,1,1,3,1,23,5,3,9,5,0,0,0,0,1,E01020979,3,1,0.0,1.0,-1,6,30,1,1,1,07:40,4,1,9
2023631339513,2023,631339513,1,1,3,1,59,9,3,10,9,0,0,1,0,10,W01000792,3,1,0.0,1.0,-1,6,20,9,7,2,12:00,2,1,9
2023991304441,2023,991304441,1,1,3,2,26,6,3,5,4,0,0,0,0,-1,-1,3,1,0.0,1.0,-1,6,20,2,1,1,15:00,6,1,8
2023010451062,2023,010451062,1,3,2,-1,-1,-1,3,0,0,2,0,0,9,7,E01030707,-1,0,0.0,1.0,-1,1,30,1,1,1,15:23,6,1,9
2023231396125,2023,231396125,2,1,1,1,59,9,3,0,0,0,0,0,9,7,E01029863,3,1,0.0,1.0,-1,6,60,1,1,1,11:55,6,3,9
2023622300826,2023,622300826,2,3,2,2,54,8,3,0,0,1,0,0,8,2,W01001150,-1,0,0.03294,0.96706,-1,1,40,5,4,2,20:08,4,2,8
2023010463629,2023,010463629,1,1,2,1,48,8,3,0,0,1,0,0,9,9,E01000771,-1,0,0.0,1.0,-1,3,40,1,1,1,06:20,7,2,9
2023122301385,2023,122301385,3,7,2,1,45,7,3,0,0,1,0,0,9,10,E01027719,-1,0,0.0289,0.9711,-1,3,70,1,1,2,11:40,5,3,9
2023471338233,2023,471338233,1,5,2,1,27,6,3,0,0,1,0,0,9,4,E01031576,3,1,0.0,1.0,-1,6,60,1,1,2,06:25,6,4,9
2023440058109,2023,440058109,2,1,1,1,34,6,3,0,0,0,0,0,1,10,E01022643,-1,0,0.09033,0.90967,-1,6,30,1,1,1,07:30,5,2,1
2023111363985,2023,111363985,1,1,3,1,44,7,2,8,3,0,0,0,0,6,E01020814,7,1,1.0,0.0,-1,6,40,1,1,1,17:15,3,1,9
2023411347454,2023,411347454,1,1,3,1,-1,-1,3,5,1,0,0,0,0,9,E01023309,3,1,0.0,1.0,-1,6,30,1,1,1,10:10,5,1,9
2023221291981,2023,221291981,2,1,1,1,52,8,2,0,0,0,0,0,5,8,E01022463,5,1,1.0,0.0,-1,6,60,1,1,1,13:55,7,2,5
2023411394285,2023,411394285,2,1,1,2,57,9,3,0,0,0,0,0,9,4,E01023951,3,1,0.0,1.0,-1,1,30,1,1,1,15:00,7,2,9
2023471361394,2023,471361394,1,1,1,1,59,9,3,0,0,0,0,0,9,8,E01016920,3,1,0.0,1.0,-1,6,30,9,1,1,17:25,2,2,9
2023201367239,2023,201367239,1,1,1,1,4,1,3,0,0,0,0,0,1,1,E01032531,3,1,0.0,1.0,-1,6,30,1,1,1,18:00,3,2,1
2023101320898,2023,101320898,1,1,3,1,30,6,3,6,9,0,0,0,0,-1,-1,3,1,0.0,1.0,-1,6,30,1,1,1,17:30,4,1,11
2023201350344,2023,201350344,1,1,3,2,36,7,3,9,5,0,0,2,0,2,E01010408,3,1,0.0,1.0,-1,2,30,1,1,1,13:20,6,1,9
2023501321332,2023,501321332,1,1,3,2,36,7,2,5,1,0,0,0,0,10,E01020004,6,1,1.0,0.0,-1,6,20,1,1,1,15:20,4,1,9
2023010454051,2023,010454051,1,1,1,1,22,5,3,0,0,0,0,0,8,2,E01003950,-1,0,0.0,1.0,-1,2,20,1,4,1,23:00,7,2,8
2023421370230,2023,421370230,1,1,3,1,15,3,1,6,9,0,0,0,0,5,E01021602,1,1,0.0,0.0,-1,6,30,1,1,1,08:21,6,2,9
2023010438654,2023,010438654,1,1,1,1,32,6,3,0,0,0,0,0,1,2,E01033726,-1,0,0.0,1.0,-1,6,30,1,1,2,12:02,6,2,1
2023201338868,2023,201338868,1,1,1,1,-1,-1,3,0,0,0,0,0,1,-1,-1,3,1,0.0,1.0,-1,6,30,1,1,1,12:15,7,2,1
2023302301612,2023,302301612,1,1,1,2,18,4,3,0,0,0,0,0,9,-1,-1,-1,0,0.0509,0.9491,-1,6,60,1,1,2,14:45,3,1,9
2023010432411,2023,010432411,1,1,3,1,51,8,2,5,3,0,0,0,0,2,E01003299,-1,0,1.0,0.0,-1,3,30,2,4,2,19:30,4,1,9
2023131327148,2023,131327148,1,1,3,2,18,4,2,5,3,0,0,-1,0,2,E01011913,7,1,1.0,0.0,-1,6,30,1,4,1,23:16,6,1,9
2023332300405,2023,332300405,2,1,1,1,48,8,2,0,0,0,0,0,1,1,E01013651,-1,0,1.0,0.0,-1,6,30,1,1,1,07:20,1,2,1
2023010460117,2023,010460117,2,1,1,1,23,5,3,0,0,0,0,0,3,2,E01001982,-1,0,0.0,1.0,-1,2,20,1,1,1,15:55,6,2,3
2023010480019,2023,010480019,1,1,1,1,24,5,3,0,0,0,0,0,3,4,E01001613,-1,0,0.0,1.0,-1,6,30,1,4,1,19:15,6,2,3
2023141387264,2023,141387264,1,1,1,2,58,9,3,0,0,0,0,0,9,8,E01007866,3,1,0.0,1.0,-1,6,30,2,1,2,09:17,2,1,9
202360A088927,2023,60A088927,1,2,2,1,11,3,3,0,0,2,0,0,9,-1,-1,-1,0,0.09691,0.90309,-1,3,70,1,1,1,09:58,7,3,9
2023610014423,2023,610014423,1,1,1,1,19,4,1,0,0,0,0,0,9,-1,-1,-1,0,0.0,0.0,-1,6,60,1,6,1,03:05,7,1,9
2023010425339,2023,010425339,1,1,1,1,23,5,3,0,0,0,0,0,9,1,E01024615,-1,0,0.0,1.0,-1,3,50,1,1,1,15:43,7,1,9
2023010433286,2023,010433286,1,1,1,2,60,9,3,0,0,0,0,0,9,3,E01002568,-1,0,0.0,1.0,-1,3,30,1,1,1,14:43,2,2,9
2023302301070,2023,302301070,1,3,2,1,28,6,3,0,0,1,0,0,9,3,E01033387,-1,0,0.08522,0.91478,-1,6,60,8,1,2,17:47,3,2,9
2023010465920,2023,010465920,1,2,2,2,23,5,3,0,0,0,4,0,11,6,E01003394,-1,0,0.0,1.0,-1,2,20,1,1,1,14:30,5,2,11
2023010473449,2023,010473449,1,1,3,1,32,6,3,1,1,0,0,0,0,1,E01004309,-1,0,0.0,1.0,-1,6,30,1,1,1,12:00,1,1,9
2023052400094,2023,052400094,1,1,3,2,75,10,3,8,1,0,0,0,0,2,E01006751,-1,0,0.20244,0.79756,-1,6,30,1,1,1,14:16,5,1,9
2023031391278,2023,031391278,2,2,1,1,47,8,3,0,0,0,0,0,9,1,E01019142,3,1,0.0,1.0,-1,3,30,4,1,2,12:40,5,2,9
2023061379145,2023,061379145,2,1,1,2,63,9,3,0,0,0,0,0,9,7,E01018168,3,1,0.0,1.0,-1,3,30,1,4,1,16:59,1,2,9
2023201384671,2023,201384671,2,1,1,2,38,7,3,0,0,0,0,0,9,2,E01010265,3,1,0.0,1.0,-1,6,30,1,1,2,12:50,3,2,9
2023461389981,2023,461389981,2,1,1,2,24,5,3,0,0,0,0,0,9,-1,-1,3,1,0.0,1.0,-1,3,30,1,1,2,15:56,3,2,9
2023471306830,2023,471306830,2,1,1,1,59,9,3,0,0,0,0,0,9,3,E01031752,3,1,0.0,1.0,-1,6,30,1,4,1,22:30,6,2,9
2023991312995,2023,991312995,2,3,2,2,8,2,3,0,0,2,0,0,9,2,-1,3,1,0.0,1.0,-1,6,60,1,1,1,19:40,2,2,9
2023010464257,2023,010464257,1,1,1,2,17,4,3,0,0,0,0,0,3,5,E01000194,-1,0,0.0,1.0,-1,6,30,1,1,1,15:20,3,2,3
2023231375726,2023,231375726,2,1,1,1,48,8,3,0,0,0,0,0,9,3,E01031261,3,1,0.0,1.0,-1,6,40,1,4,2,18:18,5,2,9
2023451313766,2023,451313766,1,2,2,1,53,8,3,0,0,2,0,0,9,10,E01030316,3,1,0.0,1.0,-1,6,40,1,1,1,13:45,4,2,9
2023010450905,2023,010450905,2,1,2,1,27,6,3,0,0,0,0,0,-1,4,E01001635,-1,0,0.0,1.0,-1,1,30,1,1,1,09:40,6,2,-1
2023622301027,2023,622301027,1,1,1,2,15,3,2,0,0,0,0,0,-1,2,W01000741,-1,0,1.0,0.0,-1,6,20,2,4,2,16:18,1,1,-1
2023010454977,2023,010454977,1,2,3,2,16,4,3,1,1,0,0,0,0,6,E01002541,-1,0,0.0,1.0,-1,6,20,1,1,1,12:56,5,1,9
2023010453358,2023,010453358,2,1,1,1,33,6,3,0,0,0,0,0,3,3,E01000245,-1,0,0.0,1.0,-1,2,20,1,1,1,13:15,4,2,3
2023161321418,2023,161321418,1,1,3,1,14,3,3,5,3,0,0,0,0,1,E01013161,3,1,0.0,1.0,-1,6,30,1,4,1,17:56,3,1,9
2023461344517,2023,461344517,2,1,1,1,28,6,3,0,0,0,0,0,2,9,E01024821,3,1,0.0,1.0,-1,6,30,1,1,1,14:45,2,2,2
2023010438044,2023,010438044,2,1,1,1,33,6,3,0,0,0,0,0,3,4,E01000995,-1,0,0.0,1.0,-1,6,20,1,1,1,13:30,3,2,3
2023141353033,2023,141353033,1,1,1,1,31,6,3,0,0,0,0,0,3,-1,-1,3,1,0.0,1.0,-1,6,30,1,4,1,19:45,2,2,3
2023010426868,2023,010426868,1,1,1,2,34,6,3,0,0,0,0,0,3,6,E01003394,-1,0,0.0,1.0,-1,6,20,1,1,1,14:55,6,2,3
2023010444840,2023,010444840,1,1,2,2,52,8,3,0,0,2,0,0,8,4,E01002369,-1,0,0.0,1.0,-1,3,40,1,1,1,15:07,4,2,8
2023302300499,2023,302300499,2,1,1,1,76,11,1,0,0,0,0,0,9,5,E01019870,-1,0,0.0,0.0,-1,6,50,2,1,2,15:35,3,2,9
2023440080015,2023,440080015,1,1,1,1,27,6,3,0,0,0,0,0,9,9,E01020373,-1,0,0.19112,0.80888,-1,6,60,1,6,1,23:09,1,1,9
2023461364068,2023,461364068,2,2,1,2,58,9,3,0,0,0,0,0,9,10,E01024404,3,1,0.0,1.0,-1,6,30,1,1,1,16:45,4,2,9
2023010467326,2023,010467326,1,1,3,1,-1,-1,3,8,9,0,0,0,0,2,E01001486,-1,0,0.0,1.0,-1,9,30,9,4,9,06:46,4,1,9
2023201328556,2023,201328556,1,1,3,1,85,11,3,5,1,0,0,0,0,1,E01033643,3,1,0.0,1.0,-1,6,30,2,4,2,00:05,6,1,9
2023061299212,2023,061299212,2,1,1,1,37,7,3,0,0,0,0,0,1,2,E01025369,3,1,0.0,1.0,-1,6,30,1,1,1,08:02,4,2,1
2023010438503,2023,010438503,1,1,1,1,28,6,3,0,0,0,0,0,3,3,E01004411,-1,0,0.0,1.0,-1,6,20,1,4,1,21:16,5,2,3
2023010425789,2023,010425789,2,2,1,1,48,8,3,0,0,0,0,0,9,2,E01002633,-1,0,0.0,1.0,-1,3,30,1,1,2,07:41,3,2,9
2023041324131,2023,041324131,2,1,2,1,62,9,3,0,0,1,0,0,9,9,E01025476,3,1,0.0,1.0,-1,1,60,1,1,1,17:50,3,2,9
2023201378787,2023,201378787,1,1,1,1,17,4,3,0,0,0,0,0,9,6,E01010232,3,1,0.0,1.0,-1,6,30,2,4,2,22:30,3,2,9
2023010436762,2023,010436762,2,1,1,1,53,8,3,0,0,0,0,0,19,10,E01003859,-1,0,0.0,1.0,-1,3,20,2,1,1,18:05,2,2,19
2023010455806,2023,010455806,1,1,1,1,37,7,3,0,0,0,0,0,19,4,E01015948,-1,0,0.0,1.0,-1,3,20,1,1,1,08:00,2,2,19
2023010433125,2023,010433125,2,1,1,1,47,8,2,0,0,0,0,0,1,3,E01004022,-1,0,1.0,0.0,-1,6,20,1,1,1,15:45,1,2,1
2023010455147,2023,010455147,1,1,1,1,25,5,3,0,0,0,0,0,1,3,E01003581,-1,0,0.0,1.0,-1,6,30,2,1,2,10:29,6,2,1
2023221363021,2023,221363021,1,2,2,2,27,6,1,0,0,0,0,0,4,3,E01014141,1,1,0.0,0.0,-1,3,60,1,6,1,19:05,5,3,4
2023451348124,2023,451348124,2,1,1,1,67,10,3,0,0,0,0,0,5,10,E01030953,3,1,0.0,1.0,-1,1,50,1,1,1,12:40,1,2,5
2023231353644,2023,231353644,1,1,1,1,34,6,2,0,0,0,0,0,9,5,E01031078,7,1,1.0,0.0,-1,6,50,1,1,1,09:35,3,2,9
2023411307922,2023,411307922,1,1,1,1,33,6,3,0,0,0,0,0,9,3,E01000441,3,1,0.0,1.0,-1,3,70,1,6,1,02:18,1,1,9
2023522301041,2023,522301041,1,1,3,1,12,3,3,5,4,0,0,0,0,9,E01014559,-1,0,0.11349,0.88651,-1,6,30,1,1,1,14:45,1,1,9
2023610039023,2023,610039023,1,1,3,1,2,1,3,5,3,0,0,0,0,1,W01001530,-1,0,0.13438,0.86562,-1,6,30,1,1,1,15:10,6,1,9
2023991262604,2023,991262604,1,1,3,2,29,6,3,5,1,0,0,0,0,-1,-1,3,1,0.0,1.0,-1,6,30,1,1,2,13:45,4,1,9
2023010470397,2023,010470397,1,1,1,1,30,6,2,0,0,0,0,0,1,3,E01003113,-1,0,1.0,0.0,-1,6,20,1,1,1,09:10,6,2,1
2023371359927,2023,371359927,2,1,1,1,17,4,3,0,0,0,0,0,1,2,E01030023,3,1,0.0,1.0,-1,6,30,1,5,1,20:00,5,2,1
2023552301157,2023,552301157,2,1,1,1,29,6,2,0,0,0,0,0,5,7,E01020546,-1,0,1.0,0.0,-1,6,30,1,4,1,20:30,6,2,5
2023332301193,2023,332301193,1,1,2,2,29,6,3,0,0,2,0,0,8,9,E01025877,-1,0,0.06728,0.93272,-1,3,40,3,4,3,02:30,1,1,8
2023421363380,2023,421363380,2,2,2,1,26,6,3,0,0,-1,0,0,9,9,E01022060,3,1,0.0,1.0,-1,3,30,1,1,1,16:40,4,2,9
2023461276998,2023,461276998,2,1,1,1,26,6,3,0,0,0,0,0,9,9,E01016052,3,1,0.0,1.0,-1,6,30,1,7,2,23:00,7,2,9
2023991320294,2023,991320294,2,1,1,1,86,11,3,0,0,0,0,0,9,5,-1,3,1,0.0,1.0,-1,6,60,1,1,1,14:02,5,2,9
2023010482994,2023,010482994,1,1,1,2,58,9,3,0,0,0,0,0,3,3,E01000130,-1,0,0.0,1.0,-1,1,30,1,4,1,17:35,5,2,3
2023471267573,2023,471267573,2,1,1,1,17,4,2,0,0,0,0,0,3,6,E01020960,6,1,1.0,0.0,-1,6,30,1,1,2,12:15,2,2,3
2023421387440,2023,421387440,1,1,3,1,20,4,2,1,3,0,0,0,0,3,E01016012,7,1,1.0,0.0,-1,3,40,2,4,2,18:32,3,1,9
2023161362658,2023,161362658,2,1,1,1,28,6,3,0,0,0,0,0,9,7,E01013295,3,1,0.0,1.0,-1,6,40,1,1,1,16:43,5,2,9
2023201287308,2023,201287308,2,1,1,2,30,6,3,0,0,0,0,0,9,2,E01009412,3,1,0.0,1.0,-1,3,40,1,1,1,09:43,6,3,9
2023320747529,2023,320747529,1,1,1,1,21,5,3,0,0,0,0,0,9,1,E01026112,-1,0,0.09548,0.90452,-1,6,50,2,6,2,02:00,3,2,9
2023501388849,2023,501388849,1,1,1,2,50,8,3,0,0,0,0,0,9,8,E01019898,3,1,0.0,1.0,-1,3,70,2,6,2,18:57,6,1,9
2023522301642,2023,522301642,2,2,1,1,-1,-1,3,0,0,0,0,0,9,10,E01014793,-1,0,0.04204,0.95796,-1,2,30,1,4,1,02:19,1,12,9
2023010485986,2023,010485986,2,2,2,1,76,11,3,0,0,1,0,0,9,10,E01002920,-1,0,0.0,1.0,-1,1,30,2,1,2,15:30,2,2,9
2023201332600,2023,201332600,1,2,2,1,17,4,2,0,0,1,0,0,9,8,E01009730,7,1,1.0,0.0,-1,6,30,2,4,2,23:33,7,1,9
2023401348362,2023,401348362,1,2,2,1,16,4,3,0,0,2,0,0,9,-1,-1,3,1,0.0,1.0,-1,7,70,2,1,2,13:10,7,2,9
2023471359111,2023,471359111,1,1,1,1,30,6,3,0,0,0,0,0,9,7,E01024804,3,1,0.0,1.0,-1,6,50,1,6,1,19:08,3,2,9
2023421310523,2023,421310523,2,4,2,2,54,8,3,0,0,0,4,0,11,2,E01001977,3,1,0.0,1.0,-1,6,50,1,1,1,11:38,3,2,11
2023231287474,2023,231287474,1,1,2,2,18,4,2,0,0,1,0,0,9,2,E01009565,7,1,1.0,0.0,-1,6,30,1,6,2,21:28,1,1,9
2023332301265,2023,332301265,1,1,1,1,21,5,3,0,0,0,0,0,9,8,E01032598,-1,0,0.00252,0.99748,-1,6,30,1,1,-1,08:45,6,2,9
2023061325220,2023,061325220,2,1,1,-1,46,8,3,0,0,0,0,0,9,1,E01005234,3,1,0.0,1.0,-1,6,30,1,1,1,18:40,4,2,9
2023340NN4152,2023,340NN4152,1,1,1,1,36,7,3,0,0,0,0,0,19,4,E01026972,-1,0,0.07925,0.92075,-1,6,60,1,1,2,11:33,3,1,19
2023991451985,2023,991451985,2,1,1,1,37,7,3,0,0,0,0,0,19,10,-1,3,1,0.0,1.0,-1,3,70,1,6,1,01:30,1,2,19
2023010435259,2023,010435259,1,1,1,1,18,4,3,0,0,0,0,0,9,3,E01003588,-1,0,0.0,1.0,-1,3,50,2,1,2,18:22,6,3,9
2023010467124,2023,010467124,1,1,1,2,49,8,3,0,0,0,0,0,9,8,E01017814,-1,0,0.0,1.0,-1,9,30,1,1,1,18:40,2,2,9
2023052301571,2023,052301571,1,2,2,2,17,4,3,0,0,1,0,0,9,9,E01025470,-1,0,0.08716,0.91284,-1,6,60,2,1,2,15:45,6,1,9
2023070658563,2023,070658563,1,1,1,2,69,10,3,0,0,0,0,0,9,10,E01006136,-1,0,0.03122,0.96878,-1,9,70,1,1,1,18:05,5,2,9
2023141356686,2023,141356686,1,1,1,1,48,8,2,0,0,0,0,0,9,7,E01007973,7,1,1.0,0.0,-1,6,20,1,4,1,21:45,3,3,9
2023221351575,2023,221351575,1,4,2,1,13,3,2,0,0,2,0,0,9,10,E01014177,5,1,1.0,0.0,-1,3,60,1,4,1,02:10,3,1,9
2023351374320,2023,351374320,2,1,1,1,33,6,3,0,0,0,0,0,9,7,E01030054,3,1,0.0,1.0,-1,3,70,1,4,1,17:45,6,2,9
2023531294008,2023,531294008,1,1,3,2,26,6,3,5,1,0,0,0,0,6,E01022341,3,1,0.0,1.0,-1,3,40,2,1,2,13:16,4,1,9
2023411366437,2023,411366437,2,1,1,1,20,4,3,0,0,0,0,0,3,8,E01023708,3,1,0.0,1.0,-1,6,40,1,1,1,14:45,1,2,3
2023010466612,2023,010466612,1,2,2,2,53,8,3,0,0,1,0,0,9,3,E01003686,-1,0,0.0,1.0,-1,6,30,1,1,2,15:00,1,2,9
2023421339480,2023,421339480,2,1,1,2,28,6,3,0,0,0,0,0,9,8,E01021382,3,1,0.0,1.0,-1,1,30,1,1,1,09:54,3,2,9
2023461276167,2023,461276167,2,1,1,1,44,7,3,0,0,0,0,0,9,-1,-1,3,1,0.0,1.0,-1,1,60,1,1,2,08:02,4,3,9
2023552300660,2023,552300660,1,1,1,1,26,6,3,0,0,0,0,0,9,10,E01015397,-1,0,0.07347,0.92653,-1,3,40,1,1,1,17:36,6,3,9
2023520301383,2023,520301383,1,2,2,1,37,7,3,0,0,0,0,0,19,-1,-1,-1,0,0.00911,0.99089,-1,6,30,9,1,2,13:20,5,2,19
2023440241135,2023,440241135,2,1,1,1,22,5,3,0,0,0,0,0,3,5,E01017090,-1,0,0.17998,0.82002,-1,6,30,1,1,1,17:59,7,2,3
2023052301144,2023,052301144,2,1,1,1,65,9,2,0,0,0,0,0,5,1,E01006761,-1,0,1.0,0.0,-1,6,30,1,1,1,17:39,5,2,5
2023440174054,2023,440174054,1,1,1,1,25,5,3,0,0,0,0,0,5,6,E01015291,-1,0,0.2857,0.7143,-1,6,40,1,1,1,19:57,4,1,5
2023201420419,2023,201420419,2,2,2,2,24,5,3,0,0,1,0,0,9,2,E01009028,3,1,0.0,1.0,-1,6,30,1,4,1,16:50,2,4,9
2023501362863,2023,501362863,2,2,1,1,39,7,3,0,0,0,0,0,19,8,E01019976,3,1,0.0,1.0,-1,6,60,1,1,2,10:02,7,2,19
2023010479178,2023,010479178,1,1,3,2,38,7,3,1,1,0,0,0,0,1,E01000153,-1,0,0.0,1.0,-1,6,30,1,1,1,12:45,6,1,9
2023052302221,2023,052302221,1,1,3,2,67,10,3,9,9,0,0,0,0,1,E01006676,-1,0,0.12507,0.87493,-1,6,20,1,1,1,16:45,6,1,8
2023201293053,2023,201293053,1,1,3,1,51,8,3,5,1,0,0,2,0,1,E01009378,3,1,0.0,1.0,-1,6,30,1,4,2,03:07,1,1,-1
2023361379659,2023,361379659,1,1,3,2,75,10,3,5,3,0,0,0,0,7,E01026489,3,1,0.0,1.0,-1,6,30,9,1,2,09:00,5,1,11
2023201300131,2023,201300131,2,1,1,2,49,8,3,0,0,0,0,0,1,2,E01009414,3,1,0.0,1.0,-1,3,30,1,1,1,08:50,5,2,1
202360A130829,2023,60A130829,2,1,1,1,62,9,3,0,0,0,0,0,5,-1,-1,-1,0,0.22632,0.77368,-1,6,30,1,1,1,14:30,4,2,5
2023543974423,2023,543974423,1,1,1,1,24,5,3,0,0,0,0,0,9,4,E01020578,-1,0,0.07927,0.92073,-1,1,40,1,4,1,01:00,1,1,9
2023141268590,2023,141268590,1,1,3,1,14,3,1,8,7,0,0,0,0,6,E01007787,1,1,0.0,0.0,-1,6,60,1,6,2,18:23,5,2,9
2023010448552,2023,010448552,1,1,1,2,36,7,3,0,0,0,0,0,9,4,E01003278,-1,0,0.0,1.0,-1,6,20,2,1,2,15:54,2,2,9
2023010469169,2023,010469169,1,1,1,2,34,6,3,0,0,0,0,0,9,6,E01004107,-1,0,0.0,1.0,-1,1,30,1,1,1,11:30,7,2,9
2023320467234,2023,320467234,2,1,1,2,32,6,3,0,0,0,0,0,9,7,E01001411,-1,0,0.0709,0.9291,-1,3,70,1,1,1,17:30,6,2,9
2023461362339,2023,461362339,1,1,1,2,18,4,3,0,0,0,0,0,9,2,E01016035,3,1,0.0,1.0,-1,3,70,1,6,1,22:18,3,1,9
2023471264279,2023,471264279,1,1,1,1,54,8,3,0,0,0,0,0,19,6,E01031579,3,1,0.0,1.0,-1,6,50,8,1,4,07:35,3,1,19
2023061332852,2023,061332852,2,2,2,2,48,8,3,0,0,-1,0,0,9,8,E01006378,3,1,0.0,1.0,-1,3,70,1,1,-1,13:58,5,2,9
2023461359215,2023,461359215,1,1,1,2,83,11,3,0,0,0,0,0,9,7,E01024064,3,1,0.0,1.0,-1,6,30,2,1,2,15:01,4,3,9
202363B027023,2023,63B027023,2,5,1,1,54,8,3,0,0,0,0,0,11,-1,-1,-1,0,0.1525,0.8475,-1,6,60,1,1,1,14:27,5,2,11
2023010454392,2023,010454392,1,5,2,1,22,5,3,0,0,0,4,0,11,1,E01001730,-1,0,0.0,1.0,-1,6,20,1,1,1,15:45,2,2,11
2023010480727,2023,010480727,2,1,1,2,22,5,3,0,0,0,0,0,1,6,E01002968,-1,0,0.0,1.0,-1,6,20,1,1,1,15:04,3,2,1
2023161314717,2023,161314717,1,1,1,1,22,5,2,0,0,0,0,0,3,1,E01012895,7,1,1.0,0.0,-1,6,30,1,1,1,07:00,1,1,3
2023361350348,2023,361350348,1,1,2,2,1,1,3,0,0,2,0,0,9,4,E01026739,3,1,0.0,1.0,-1,6,30,1,1,1,11:47,6,3,9
2023411377512,2023,411377512,2,1,1,2,50,8,3,0,0,0,0,0,9,9,E01023854,3,1,0.0,1.0,-1,6,30,1,1,1,16:10,3,2,9
2023610023623,2023,610023623,1,1,1,1,56,9,1,0,0,0,0,0,19,7,W01001316,-1,0,0.0,0.0,-1,1,30,1,1,1,14:19,3,1,19
2023320031463,2023,320031463,2,1,1,1,23,5,3,0,0,0,0,0,3,8,E01026289,-1,0,0.1184,0.8816,-1,6,30,1,1,1,12:45,2,2,3
2023221270957,2023,221270957,2,1,1,1,67,10,3,0,0,0,0,0,5,7,E01022401,3,1,0.0,1.0,-1,6,40,1,1,2,10:45,2,2,5
2023010441652,2023,010441652,1,1,1,2,36,7,3,0,0,0,0,0,9,-1,-1,-1,0,0.0,1.0,-1,6,20,1,1,1,14:30,1,1,9
2023101389667,2023,101389667,2,1,1,2,39,7,3,0,0,0,0,0,9,2,E01008307,3,1,0.0,1.0,-1,6,30,2,4,2,10:30,3,2,9
2023111357695,2023,111357695,2,1,1,2,43,7,3,0,0,0,0,0,9,2,E01012362,3,1,0.0,1.0,-1,6,60,1,1,1,06:50,5,2,9
2023461355248,2023,461355248,1,1,1,2,21,5,2,0,0,0,0,0,9,4,E01024694,6,1,1.0,0.0,-1,6,30,1,4,1,19:20,6,2,9
2023421350109,2023,421350109,2,3,2,1,21,5,3,0,0,1,0,0,19,9,E01021661,3,1,0.0,1.0,-1,6,30,1,1,1,16:34,5,2,19
2023471338196,2023,471338196,2,1,1,1,56,9,3,0,0,0,0,0,5,9,E01031630,3,1,0.0,1.0,-1,6,60,1,1,1,10:27,6,3,5
2023052400001,2023,052400001,2,2,2,2,5,1,3,0,0,2,0,0,9,4,E01006851,-1,0,0.05823,0.94177,-1,3,50,4,4,1,07:50,6,2,9
2023311291029,2023,311291029,1,1,1,2,45,7,3,0,0,0,0,0,9,2,E01013916,3,1,0.0,1.0,-1,1,30,1,1,1,15:39,6,2,9
2023461287168,2023,461287168,2,2,1,1,49,8,3,0,0,0,0,0,9,3,E01003221,3,1,0.0,1.0,-1,6,30,2,1,2,22:50,4,4,9
2023361306712,2023,361306712,1,1,3,1,17,4,3,5,3,0,0,0,0,6,E01026612,3,1,0.0,1.0,-1,6,30,1,1,1,12:45,4,3,97
2023061356496,2023,061356496,2,1,1,1,23,5,2,0,0,0,0,0,1,3,E01005208,7,1,1.0,0.0,-1,3,30,1,1,1,18:15,4,2,1
2023010472843,2023,010472843,1,1,1,1,29,6,3,0,0,0,0,0,3,3,E01000148,-1,0,0.0,1.0,-1,9,20,9,1,9,08:34,4,2,3
2023010440241,2023,010440241,1,1,1,1,33,6,3,0,0,0,0,0,8,2,E01001861,-1,0,0.0,1.0,-1,6,20,1,4,1,21:20,7,2,8
2023010477333,2023,010477333,2,1,2,2,49,8,3,0,0,1,0,0,9,-1,-1,-1,0,0.0,1.0,-1,3,20,4,1,1,07:34,7,2,9
2023451373631,2023,451373631,1,1,1,2,23,5,3,0,0,0,0,0,9,4,E01030432,3,1,0.0,1.0,-1,6,40,1,1,2,10:35,1,1,9