collision_index,collision_year,collision_ref_no,vehicle_reference,casualty_reference,casualty_class,sex_of_casualty,age_of_casualty,age_band_of_casualty,casualty_severity,pedestrian_location,pedestrian_movement,car_passenger,bus_or_coach_passenger,pedestrian_road_maintenance_worker,casualty_type,casualty_imd_decile,lsoa_of_casualty,enhanced_casualty_severity,casualty_injury_based,casualty_adjusted_severity_serious,casualty_adjusted_severity_slight,casualty_distance_banding,road_type,speed_limit,weather_conditions,light_conditions,road_surface_conditions,time,day_of_week,number_of_vehicles,vehicle_type
2023531326988,2023,531326988,1,1,2,1,15,3,2,0,0,0,0,0,23,1,E01022147,7,1,1.0,0.0,-1,6,30,1,1,1,12:45,6,2,23
2023430493515,2023,430493515,1,1,3,2,16,4,3,1,3,0,0,0,0,-1,-1,-1,0,0.02814,0.97186,-1,1,20,2,1,2,11:15,4,1,9
2023461274219,2023,461274219,1,1,1,1,26,6,2,0,0,0,0,0,3,7,E01024067,6,1,1.0,0.0,-1,6,30,1,4,1,21:20,6,3,3
2023501329174,2023,501329174,1,1,1,2,59,9,2,0,0,0,0,0,9,4,E01029343,7,1,1.0,0.0,-1,6,60,1,1,1,14:50,5,2,9
2023122300760,2023,122300760,1,3,2,2,40,7,2,0,0,1,0,0,9,2,E01011378,-1,0,1.0,0.0,-1,6,60,1,1,1,11:40,1,2,9
2023320649031,2023,320649031,2,1,1,2,56,9,3,0,0,0,0,0,9,10,E01026233,-1,0,0.08084,0.91916,-1,6,60,1,1,2,18:10,4,2,9
2023201364106,2023,201364106,1,1,3,2,29,6,3,6,9,0,0,2,0,2,E01008987,3,1,0.0,1.0,-1,6,30,1,1,1,06:55,5,1,9
2023340WN6732,2023,340WN6732,2,2,2,1,38,7,3,0,0,1,0,0,9,-1,-1,-1,0,0.03706,0.96294,-1,3,30,1,4,4,18:49,5,2,9
2023421303760,2023,421303760,2,2,2,2,6,2,3,0,0,2,0,0,9,3,E01002264,3,1,0.0,1.0,-1,7,70,8,1,1,10:18,7,3,9
2023991309304,2023,991309304,2,2,1,2,55,8,3,0,0,0,0,0,9,10,-1,3,1,0.0,1.0,-1,6,60,1,1,1,12:50,6,2,9
2023991355678,2023,991355678,1,2,1,2,63,9,3,0,0,0,0,0,9,7,-1,3,1,0.0,1.0,-1,6,30,1,1,1,15:00,7,2,9
2023991403489,2023,991403489,1,1,1,1,23,5,3,0,0,0,0,0,9,3,-1,3,1,0.0,1.0,-1,6,60,2,6,2,05:00,6,1,9
2023430276037,2023,430276037,2,1,1,1,28,6,3,0,0,0,0,0,3,1,E01016842,-1,0,0.21637,0.78363,-1,3,70,1,7,1,00:13,6,2,3
2023010429680,2023,010429680,1,1,1,2,38,7,3,0,0,0,0,0,9,6,E01000778,-1,0,0.0,1.0,-1,9,20,8,1,1,07:58,2,2,9
2023041343671,2023,041343671,2,1,2,1,57,9,3,0,0,1,0,0,9,7,E01004933,3,1,0.0,1.0,-1,3,70,1,1,1,15:25,1,3,9
2023201304919,2023,201304919,2,4,1,1,32,6,3,0,0,0,0,0,9,-1,-1,3,1,0.0,1.0,-1,3,70,1,1,1,14:15,6,2,9
2023221354314,2023,221354314,1,1,1,2,57,9,2,0,0,0,0,0,9,4,E01029015,5,1,1.0,0.0,-1,6,60,1,1,1,11:20,5,2,9
2023461393783,2023,461393783,1,1,1,1,25,5,3,0,0,0,0,0,9,4,E01016168,3,1,0.0,1.0,-1,7,70,1,1,1,10:10,5,1,9
2023501286754,2023,501286754,2,1,1,2,25,5,3,0,0,0,0,0,9,8,E01029220,3,1,0.0,1.0,-1,6,30,2,4,2,07:00,3,2,9
2023430485782,2023,430485782,1,1,3,1,30,6,3,5,1,0,0,0,0,7,E01028515,-1,0,0.1812,0.8188,-1,6,20,1,4,1,00:51,1,1,8
2023461364555,2023,461364555,1,1,3,1,15,3,2,5,1,0,0,0,0,2,E01024741,7,1,1.0,0.0,-1,6,30,1,1,1,16:45,6,1,9
2023302301661,2023,302301661,1,1,1,1,59,9,3,0,0,0,0,0,3,1,E01013550,-1,0,0.1474,0.8526,-1,6,30,1,4,2,06:40,2,1,3
2023320513589,2023,320513589,2,1,2,2,82,11,3,0,0,1,0,0,9,7,E01026372,-1,0,0.09315,0.90685,-1,6,60,1,1,1,13:01,6,2,9
2023351288574,2023,351288574,1,1,3,1,60,9,3,6,9,0,0,0,0,9,E01018123,3,1,0.0,1.0,-1,6,30,1,1,1,06:20,4,1,9
2023440178023,2023,440178023,1,1,3,1,58,9,2,5,1,0,0,0,0,10,E01000645,-1,0,1.0,0.0,-1,6,30,2,1,2,11:45,7,1,8
2023631315508,2023,631315508,2,2,1,1,59,9,2,0,0,0,0,0,1,5,W01000617,7,1,1.0,0.0,-1,6,60,1,1,1,14:20,1,2,1
2023010424217,2023,010424217,1,1,1,1,26,6,3,0,0,0,0,0,3,3,E01000977,-1,0,0.0,1.0,-1,1,20,1,4,1,23:55,7,2,3
2023061280569,2023,061280569,2,1,1,1,29,6,3,0,0,0,0,0,9,1,E01006289,3,1,0.0,1.0,-1,6,20,1,1,1,09:18,1,2,9
2023111380663,2023,111380663,1,1,1,2,54,8,3,0,0,0,0,0,9,7,E01020853,3,1,0.0,1.0,-1,6,60,1,4,4,17:58,4,2,9
2023421355862,2023,421355862,1,1,1,1,62,9,3,0,0,0,0,0,9,10,E01021569,3,1,0.0,1.0,-1,6,30,1,6,1,22:44,1,2,9
2023201415088,2023,201415088,1,1,1,2,75,10,3,0,0,0,0,0,9,2,E01009403,3,1,0.0,1.0,-1,3,30,1,1,1,13:10,2,2,9
2023421327615,2023,421327615,1,1,1,1,17,4,3,0,0,0,0,0,9,6,E01021419,3,1,0.0,1.0,-1,6,40,1,4,1,23:25,1,1,9
2023501360846,2023,501360846,1,1,1,2,32,6,3,0,0,0,0,0,19,4,E01020302,3,1,0.0,1.0,-1,6,60,1,6,1,23:35,1,1,19
2023061330372,2023,061330372,1,1,3,2,82,11,2,3,3,0,0,0,0,1,E01005094,7,1,1.0,0.0,-1,7,30,2,1,2,11:02,6,1,9
2023010449642,2023,010449642,1,1,1,2,37,7,3,0,0,0,0,0,3,6,E01002984,-1,0,0.0,1.0,-1,9,30,1,1,1,20:15,6,2,3
2023421311299,2023,421311299,1,1,1,2,37,7,3,0,0,0,0,0,9,3,E01015825,3,1,0.0,1.0,-1,6,30,1,1,1,07:55,5,2,9
2023440155947,2023,440155947,3,1,1,1,62,9,3,0,0,0,0,0,9,2,E01022970,-1,0,0.04086,0.95914,-1,3,70,1,1,2,12:25,6,3,9
2023552301179,2023,552301179,1,1,3,1,38,7,3,9,7,0,0,0,0,3,E01015285,-1,0,0.14724,0.85276,-1,6,30,1,1,1,15:48,6,1,11
2023501389387,2023,501389387,2,1,1,1,35,6,3,0,0,0,0,0,5,-1,-1,3,1,0.0,1.0,-1,6,30,1,1,1,12:31,1,3,5
2023161361373,2023,161361373,2,3,1,1,39,7,3,0,0,0,0,0,9,9,E01033297,3,1,0.0,1.0,-1,1,30,1,1,1,14:30,7,3,9
2023201375050,2023,201375050,1,1,2,1,37,7,3,0,0,1,0,0,9,3,E01033562,3,1,0.0,1.0,-1,3,30,1,1,1,20:38,6,2,9
2023451299995,2023,451299995,2,1,1,2,36,7,3,0,0,0,0,0,9,4,E01030634,3,1,0.0,1.0,-1,6,40,1,1,2,13:55,1,2,9
2023522300653,2023,522300653,2,2,1,2,28,6,3,0,0,0,0,0,9,1,E01014596,-1,0,0.01614,0.98386,-1,6,20,1,1,1,16:14,2,2,9
2023010470398,2023,010470398,1,1,3,1,80,11,3,5,1,0,0,0,0,7,E01002115,-1,0,0.0,1.0,-1,6,30,1,1,1,14:20,6,1,21
2023471370276,2023,471370276,1,1,3,2,36,7,3,9,9,0,0,2,0,5,E01024788,3,1,0.0,1.0,-1,6,30,8,1,2,08:40,6,1,9
2023201288647,2023,201288647,1,1,1,1,47,8,3,0,0,0,0,0,9,2,E01010476,3,1,0.0,1.0,-1,6,30,1,4,1,18:20,7,2,9
2023332300147,2023,332300147,2,1,2,2,47,8,3,0,0,1,0,0,9,4,E01013696,-1,0,0.01079,0.98921,-1,1,30,1,1,1,15:30,2,3,9
2023010469604,2023,010469604,1,1,3,1,58,9,3,5,1,0,0,0,0,7,E01002372,-1,0,0.0,1.0,-1,6,30,1,4,2,18:54,2,1,9
2023522300901,2023,522300901,1,1,3,1,18,4,3,9,9,0,0,0,0,8,E01014824,-1,0,0.06532,0.93468,-1,6,20,9,7,1,20:05,6,1,9
2023351294519,2023,351294519,2,1,1,1,40,7,1,0,0,0,0,0,5,5,E01018047,1,1,0.0,0.0,-1,6,60,1,4,1,21:05,5,2,5
2023010430535,2023,010430535,2,2,1,1,58,9,3,0,0,0,0,0,9,6,E01001059,-1,0,0.0,1.0,-1,6,30,1,1,1,16:10,1,2,9
2023101274667,2023,101274667,2,1,1,2,45,7,3,0,0,0,0,0,9,2,E01008757,3,1,0.0,1.0,-1,6,30,1,5,1,22:40,7,2,9
2023131361621,2023,131361621,2,2,2,2,27,6,3,0,0,1,0,0,9,-1,-1,3,1,0.0,1.0,-1,6,40,1,1,1,17:35,3,2,9
2023010439994,2023,010439994,1,1,2,2,93,11,3,0,0,0,1,0,11,6,E01000566,-1,0,0.0,1.0,-1,6,30,1,1,1,10:50,6,1,11
2023501366258,2023,501366258,1,1,3,2,16,4,3,5,1,0,0,0,0,5,E01018780,3,1,0.0,1.0,-1,6,30,1,4,1,21:22,5,1,9
2023010442887,2023,010442887,1,1,1,1,25,5,3,0,0,0,0,0,9,-1,-1,-1,0,0.0,1.0,-1,6,30,1,1,1,13:06,1,3,9
2023010481796,2023,010481796,1,1,1,1,39,7,3,0,0,0,0,0,9,5,E01003681,-1,0,0.0,1.0,-1,6,30,2,4,2,19:46,1,3,9
2023141312157,2023,141312157,1,1,1,2,39,7,2,0,0,0,0,0,9,-1,-1,7,1,1.0,0.0,-1,3,40,1,1,1,08:00,7,2,9
2023010444696,2023,010444696,1,1,3,1,3,1,3,1,1,0,0,0,0,1,E01004757,-1,0,0.0,1.0,-1,6,30,8,1,1,18:05,3,2,9
2023061290466,2023,061290466,1,1,1,1,-1,-1,2,0,0,0,0,0,1,-1,-1,7,1,1.0,0.0,-1,6,20,3,1,2,15:00,5,2,1
2023622300643,2023,622300643,2,1,1,1,11,3,3,0,0,0,0,0,1,3,W01000767,-1,0,0.05648,0.94352,-1,6,30,1,1,1,18:49,3,2,1
2023201431705,2023,201431705,2,4,2,1,19,4,2,0,0,-1,0,0,9,1,E01010076,7,1,1.0,0.0,-1,3,40,1,4,1,21:50,3,2,9
2023430392291,2023,430392291,2,1,2,1,17,4,3,0,0,1,0,0,9,10,E01032852,-1,0,0.02779,0.97221,-1,3,70,1,1,1,18:40,6,2,9
2023440263148,2023,440263148,1,2,2,1,5,1,3,0,0,1,0,0,9,7,E01016321,-1,0,0.0944,0.9056,-1,6,60,1,1,1,14:28,7,2,9
2023461382660,2023,461382660,1,1,1,1,49,8,3,0,0,0,0,0,21,1,E01024278,3,1,0.0,1.0,-1,1,40,1,1,1,08:05,4,1,21
2023010447954,2023,010447954,2,1,1,2,29,6,2,0,0,0,0,0,1,1,E01000521,-1,0,1.0,0.0,-1,6,30,1,1,1,14:20,6,2,1
2023010429518,2023,010429518,1,1,1,1,31,6,3,0,0,0,0,0,2,3,E01001467,-1,0,0.0,1.0,-1,6,30,1,4,1,19:40,2,2,2
2023010463853,2023,010463853,1,1,1,2,52,8,3,0,0,0,0,0,9,1,E01000595,-1,0,0.0,1.0,-1,9,20,1,1,1,14:11,1,1,9
2023440070144,2023,440070144,2,2,1,1,39,7,3,0,0,0,0,0,9,10,E01022752,-1,0,0.04972,0.95028,-1,6,30,1,1,1,08:08,2,2,9
2023070155331,2023,070155331,1,1,1,1,90,11,3,0,0,0,0,0,9,7,E01018597,-1,0,0.20346,0.79654,-1,6,60,1,1,1,15:45,4,2,9
2023440142524,2023,440142524,1,2,2,1,29,6,2,0,0,1,0,0,9,10,E01022643,-1,0,1.0,0.0,-1,6,40,1,4,2,22:02,3,1,9
2023520000675,2023,520000675,1,1,1,2,17,4,3,0,0,0,0,0,9,6,E01014471,-1,0,0.03663,0.96337,-1,6,30,1,1,1,16:57,6,1,9
2023010422936,2023,010422936,1,5,3,2,43,7,2,6,9,0,0,0,0,3,E01001479,-1,0,1.0,0.0,-1,6,20,1,4,1,19:12,1,2,9
2023440275504,2023,440275504,1,1,3,2,76,11,2,4,3,0,0,0,0,5,E01017021,-1,0,1.0,0.0,-1,6,30,1,1,1,16:32,1,1,9
2023440343162,2023,440343162,1,1,3,2,88,11,2,8,1,0,0,0,0,10,E01023043,-1,0,1.0,0.0,-1,6,30,2,1,2,16:17,5,1,9
2023010435810,2023,010435810,1,1,1,1,36,7,3,0,0,0,0,0,9,4,E01016512,-1,0,0.0,1.0,-1,6,20,1,4,1,05:15,2,1,9
2023141372736,2023,141372736,2,1,1,1,64,9,2,0,0,0,0,0,9,1,E01007730,6,1,1.0,0.0,-1,6,50,1,1,1,15:24,5,2,9
2023610003123,2023,610003123,1,1,1,1,22,5,3,0,0,0,0,0,9,8,W01001563,-1,0,0.13239,0.86761,-1,6,30,2,6,2,23:00,5,1,9
2023010423713,2023,010423713,1,1,3,2,25,5,3,5,1,0,0,0,0,5,E01004461,-1,0,0.0,1.0,-1,3,20,1,4,2,19:50,5,1,9
2023991361642,2023,991361642,1,1,3,2,23,5,3,4,1,0,0,0,0,4,-1,3,1,0.0,1.0,-1,6,20,1,1,1,15:58,3,1,3
2023010476163,2023,010476163,2,1,1,1,49,8,3,0,0,0,0,0,2,2,E01000600,-1,0,0.0,1.0,-1,6,30,1,4,1,22:35,1,2,2
2023010423956,2023,010423956,2,2,1,2,51,8,3,0,0,0,0,0,9,3,E01000368,-1,0,0.0,1.0,-1,1,30,8,4,4,21:14,6,2,9
2023010428019,2023,010428019,2,2,1,1,36,7,3,0,0,0,0,0,9,7,E01000376,-1,0,0.0,1.0,-1,6,30,1,1,1,13:18,1,2,9
2023041264789,2023,041264789,1,1,1,1,34,6,2,0,0,0,0,0,9,1,E01025227,7,1,1.0,0.0,-1,6,30,1,1,4,08:45,4,1,9
2023471380623,2023,471380623,2,3,2,1,42,7,3,0,0,1,0,0,9,2,E01022966,3,1,0.0,1.0,-1,3,70,1,4,2,18:00,4,2,9
2023622300700,2023,622300700,1,1,1,2,24,5,3,0,0,0,0,0,9,3,W01001313,-1,0,0.0605,0.9395,-1,6,30,1,4,1,01:02,4,3,9
2023461297329,2023,461297329,2,1,1,2,27,6,3,0,0,0,0,0,9,6,E01032817,3,1,0.0,1.0,-1,6,30,1,1,1,16:38,1,2,9
2023471355714,2023,471355714,1,1,1,2,42,7,2,0,0,0,0,0,9,-1,-1,6,1,1.0,0.0,-1,6,60,1,1,1,09:45,1,2,9
2023501347981,2023,501347981,1,2,2,1,26,6,2,0,0,1,0,0,9,2,E01004253,5,1,1.0,0.0,-1,6,60,1,1,2,18:11,6,2,9
2023010445521,2023,010445521,1,1,3,2,28,6,3,3,3,0,0,0,0,1,E01000308,-1,0,0.0,1.0,-1,6,30,8,1,1,19:00,6,1,9
2023451348738,2023,451348738,2,2,1,2,26,6,3,0,0,0,0,0,3,10,E01030500,3,1,0.0,1.0,-1,6,30,1,1,1,15:15,2,2,3
2023010462063,2023,010462063,1,1,1,2,39,7,3,0,0,0,0,0,9,2,E01033090,-1,0,0.0,1.0,-1,6,30,1,1,1,18:42,4,2,9
2023010466708,2023,010466708,2,1,1,1,-1,-1,3,0,0,0,0,0,1,-1,-1,-1,0,0.0,1.0,-1,7,30,1,1,1,08:30,2,2,1
2023552301525,2023,552301525,2,2,1,1,17,4,2,0,0,0,0,0,3,7,E01020538,-1,0,1.0,0.0,-1,6,30,2,1,2,15:44,4,2,3
2023451366624,2023,451366624,1,1,1,1,27,6,3,0,0,0,0,0,9,4,E01030746,3,1,0.0,1.0,-1,6,30,1,1,1,16:23,3,2,9
2023010440876,2023,010440876,1,1,2,2,45,7,3,0,0,0,3,0,11,3,E01003405,-1,0,0.0,1.0,-1,6,30,1,1,1,13:03,4,2,11
2023440190742,2023,440190742,1,1,1,1,57,9,3,0,0,0,0,0,19,5,E01028441,-1,0,0.09321,0.90679,-1,3,70,1,1,1,12:11,2,3,19
2023531305001,2023,531305001,2,1,1,2,15,3,3,0,0,0,0,0,97,9,E01022363,3,1,0.0,1.0,-1,6,30,1,1,1,15:10,5,2,97
2023522300846,2023,522300846,2,2,2,2,14,3,3,0,0,0,0,0,1,6,E01014865,-1,0,0.09557,0.90443,-1,6,30,1,1,2,19:30,6,2,1
2023991299521,2023,991299521,1,1,1,1,16,4,3,0,0,0,0,0,3,6,-1,3,1,0.0,1.0,-1,1,30,1,1,1,16:30,6,2,3
2023010434320,2023,010434320,1,3,2,-1,-1,-1,3,0,0,9,0,0,9,8,E01001384,-1,0,0.0,1.0,-1,7,30,2,1,2,18:03,6,2,9
2023010466535,2023,010466535,1,1,1,2,30,6,3,0,0,0,0,0,9,2,E01002804,-1,0,0.0,1.0,-1,6,20,1,4,1,23:50,7,2,9
2023461321819,2023,461321819,1,1,1,1,53,8,3,0,0,0,0,0,9,8,E01016126,3,1,0.0,1.0,-1,1,30,1,1,1,16:15,1,2,9
2023520400646,2023,520400646,1,1,1,1,44,7,3,0,0,0,0,0,9,-1,-1,-1,0,0.08206,0.91794,-1,6,60,2,1,2,17:48,5,2,9
202363D002523,2023,63D002523,2,2,1,1,60,9,3,0,0,0,0,0,9,9,W01001294,-1,0,0.08251,0.91749,-1,6,40,1,1,2,13:35,4,3,9
2023440402094,2023,440402094,2,1,1,1,21,5,2,0,0,0,0,0,3,7,E01017247,-1,0,1.0,0.0,-1,6,30,1,1,1,13:59,2,2,3
2023041360594,2023,041360594,1,3,1,2,19,4,3,0,0,0,0,0,9,4,E01025213,3,1,0.0,1.0,-1,3,30,1,1,1,17:42,7,2,9
2023211425181,2023,211425181,1,2,1,2,44,7,3,0,0,0,0,0,9,-1,-1,3,1,0.0,1.0,-1,6,30,1,1,1,16:52,3,2,9
2023440229952,2023,440229952,1,2,2,1,44,7,3,0,0,1,0,0,9,2,E01017132,-1,0,0.13042,0.86958,-1,3,50,1,1,1,13:51,7,1,9
2023101268409,2023,101268409,1,1,3,1,10,2,3,5,1,0,0,0,0,-1,-1,3,1,0.0,1.0,-1,6,30,1,1,1,15:30,3,1,9
2023991406882,2023,991406882,1,1,3,1,45,7,2,6,9,0,0,2,0,8,-1,6,1,1.0,0.0,-1,6,30,1,4,1,00:27,1,1,8
2023010425639,2023,010425639,1,1,1,1,37,7,3,0,0,0,0,0,9,5,E01002213,-1,0,0.0,1.0,-1,6,20,1,1,1,12:20,2,2,9
2023010454883,2023,010454883,1,1,1,1,76,11,3,0,0,0,0,0,9,9,E01000775,-1,0,0.0,1.0,-1,6,20,1,1,1,15:10,4,3,9
2023320680566,2023,320680566,1,1,1,2,22,5,3,0,0,0,0,0,9,7,E01026098,-1,0,0.07319,0.92681,-1,6,60,2,1,2,15:35,5,2,9
2023320735760,2023,320735760,1,1,1,1,18,4,3,0,0,0,0,0,9,9,E01026211,-1,0,0.11258,0.88742,-1,6,60,1,6,2,20:45,3,1,9
2023991299108,2023,991299108,2,3,2,1,3,1,3,0,0,2,0,0,9,-1,-1,3,1,0.0,1.0,-1,6,60,1,1,1,17:00,5,2,9
2023131373626,2023,131373626,1,1,3,1,45,7,3,5,1,0,0,2,0,5,E01011158,3,1,0.0,1.0,-1,6,30,1,1,1,11:48,1,1,19
2023552300938,2023,552300938,1,1,1,2,64,9,3,0,0,0,0,0,9,7,E01015428,-1,0,0.03607,0.96393,-1,6,30,1,1,1,10:35,4,2,9
2023170L30083,2023,170L30083,2,1,1,1,40,7,3,0,0,0,0,0,19,7,E01012244,-1,0,0.05149,0.94851,-1,6,50,1,1,1,12:20,2,2,19
2023010459751,2023,010459751,2,1,1,1,37,7,3,0,0,0,0,0,1,8,E01000371,-1,0,0.0,1.0,-1,3,30,1,1,1,17:10,4,2,1
2023010473194,2023,010473194,1,2,2,2,-1,-1,3,0,0,1,0,0,9,-1,-1,-1,0,0.0,1.0,-1,3,30,1,4,1,02:10,7,2,9
2023201387492,2023,201387492,2,1,1,2,83,11,2,0,0,0,0,0,9,10,E01009845,6,1,1.0,0.0,-1,6,30,1,1,1,12:08,6,6,9
2023320011484,2023,320011484,1,1,1,1,30,6,3,0,0,0,0,0,9,3,E01026178,-1,0,0.13714,0.86286,-1,6,60,1,6,2,19:48,6,1,9
2023041295940,2023,041295940,1,1,3,2,89,11,2,5,9,0,0,0,0,7,E01025048,6,1,1.0,0.0,-1,6,30,8,1,1,18:00,1,1,9
2023311305502,2023,311305502,1,1,1,1,38,7,3,0,0,0,0,0,9,2,E01028234,3,1,0.0,1.0,-1,6,40,1,1,1,18:00,3,2,9
2023371274327,2023,371274327,2,1,1,2,45,7,3,0,0,0,0,0,9,5,E01030030,3,1,0.0,1.0,-1,6,30,2,4,2,07:05,2,2,9
2023622300867,2023,622300867,1,1,3,2,19,4,2,8,7,0,0,0,0,5,W01000802,-1,0,1.0,0.0,-1,3,20,2,4,2,22:37,5,1,9
2023201411002,2023,201411002,1,1,1,2,30,6,3,0,0,0,0,0,9,2,E01010567,3,1,0.0,1.0,-1,3,30,1,4,1,21:44,1,1,9
2023430305413,2023,430305413,1,1,3,2,79,11,3,6,9,0,0,0,0,8,E01028704,-1,0,0.0436,0.9564,-1,6,30,1,1,1,13:00,5,1,9
2023052300892,2023,052300892,1,1,1,1,21,5,2,0,0,0,0,0,1,9,E01006882,-1,0,1.0,0.0,-1,6,30,1,1,1,17:20,4,2,1
2023311324865,2023,311324865,1,2,2,1,83,11,2,0,0,1,0,0,9,8,E01028131,7,1,1.0,0.0,-1,6,20,1,4,1,00:22,1,2,9
2023371264075,2023,371264075,1,1,1,1,18,4,2,0,0,0,0,0,9,8,E01030065,7,1,1.0,0.0,-1,6,60,8,6,4,23:45,2,1,9
2023430223167,2023,430223167,2,1,1,1,37,7,3,0,0,0,0,0,9,9,E01023580,-1,0,0.06333,0.93667,-1,6,30,1,4,1,23:56,1,2,9
2023421340687,2023,421340687,1,1,2,2,9,2,3,0,0,0,0,0,19,3,E01003405,3,1,0.0,1.0,-1,3,70,1,1,1,11:34,6,3,19
2023421350161,2023,421350161,1,2,1,2,59,9,3,0,0,0,0,0,19,6,E01030827,3,1,0.0,1.0,-1,6,60,1,6,1,19:38,5,3,19
2023010439683,2023,010439683,1,1,3,2,19,4,3,5,1,0,0,0,0,1,E01001562,-1,0,0.0,1.0,-1,9,30,1,1,1,05:00,2,1,9
2023201415164,2023,201415164,2,1,1,1,32,6,3,0,0,0,0,0,9,1,E01010371,3,1,0.0,1.0,-1,3,40,1,1,1,17:21,1,2,9
2023361260570,2023,361260570,3,1,1,1,58,9,2,0,0,0,0,0,9,6,E01026842,7,1,1.0,0.0,-1,6,30,1,1,1,11:55,1,5,9
2023010451987,2023,010451987,1,1,1,2,59,9,3,0,0,0,0,0,11,7,E01000714,-1,0,0.0,1.0,-1,6,30,1,1,1,10:59,4,2,11
2023302301414,2023,302301414,1,1,1,1,58,9,3,0,0,0,0,0,90,9,E01019589,-1,0,0.22811,0.77189,-1,6,60,1,1,1,19:15,7,2,90
2023451282388,2023,451282388,1,1,3,1,60,9,3,8,1,0,0,0,0,10,E01030923,3,1,0.0,1.0,-1,6,30,1,1,1,12:35,5,1,9
2023141389535,2023,141389535,2,1,1,1,43,7,3,0,0,0,0,0,1,-1,-1,3,1,0.0,1.0,-1,6,20,1,4,2,07:00,2,2,1
2023991307171,2023,991307171,1,1,1,1,82,11,2,0,0,0,0,0,1,6,-1,6,1,1.0,0.0,-1,3,40,1,1,1,14:53,1,1,1
2023340WN5952,2023,340WN5952,1,1,1,1,48,8,3,0,0,0,0,0,5,4,E01026972,-1,0,0.26542,0.73458,-1,3,70,1,1,1,14:50,7,3,5
2023052301208,2023,052301208,2,1,1,2,47,8,3,0,0,0,0,0,9,2,E01007125,-1,0,0.05948,0.94052,-1,6,30,1,1,1,17:40,5,2,9
2023010436482,2023,010436482,2,1,2,1,15,3,3,0,0,0,0,0,23,6,E01004078,-1,0,0.0,1.0,-1,6,30,1,1,1,14:09,7,2,23
2023461295736,2023,461295736,1,1,1,1,55,8,2,0,0,0,0,0,9,-1,-1,7,1,1.0,0.0,-1,6,60,1,1,1,17:55,2,2,9
2023430392231,2023,430392231,1,1,1,1,22,5,3,0,0,0,0,0,4,-1,-1,-1,0,0.19916,0.80084,-1,6,60,1,1,1,18:02,6,2,4
2023010469732,2023,010469732,2,1,1,1,57,9,2,0,0,0,0,0,5,4,E01001187,-1,0,1.0,0.0,-1,6,20,1,1,1,09:00,3,2,5
2023131370891,2023,131370891,2,1,1,1,36,7,3,0,0,0,0,0,9,5,E01010668,3,1,0.0,1.0,-1,3,40,1,1,2,12:00,7,2,9
2023631341120,2023,631341120,1,4,2,1,17,4,3,0,0,2,0,0,9,7,W01000573,3,1,0.0,1.0,-1,6,30,4,6,1,22:39,7,1,9
2023061270413,2023,061270413,1,1,3,2,58,9,2,2,1,0,0,0,0,8,E01006183,7,1,1.0,0.0,-1,6,30,1,1,2,10:00,3,1,19
2023531419508,2023,531419508,1,1,3,1,30,6,3,6,9,0,0,0,0,8,E01022394,3,1,0.0,1.0,-1,6,30,9,4,2,20:02,6,1,9
2023010477274,2023,010477274,1,1,1,1,37,7,3,0,0,0,0,0,8,6,E01002062,-1,0,0.0,1.0,-1,6,20,1,4,1,03:45,7,2,8
2023141319235,2023,141319235,1,1,1,1,52,8,3,0,0,0,0,0,9,4,E01007842,3,1,0.0,1.0,-1,6,30,1,4,1,23:08,5,1,9
2023161285142,2023,161285142,1,2,2,1,16,4,3,0,0,1,0,0,9,6,E01013318,3,1,0.0,1.0,-1,6,30,5,6,2,22:04,5,1,9
2023170S12393,2023,170S12393,1,3,2,2,37,7,3,0,0,1,0,0,9,-1,-1,-1,0,0.07387,0.92613,-1,3,40,1,4,2,17:30,7,2,9
2023201329465,2023,201329465,1,3,2,2,-1,-1,3,0,0,2,0,0,9,8,E01031069,3,1,0.0,1.0,-1,3,40,1,1,1,11:20,6,2,9
2023471273566,2023,471273566,2,2,2,1,11,3,3,0,0,1,0,0,9,8,E01031659,3,1,0.0,1.0,-1,6,60,1,6,1,18:37,3,2,9
2023122301071,2023,122301071,1,3,2,1,8,2,3,0,0,0,0,0,19,8,E01012032,-1,0,0.06552,0.93448,-1,6,60,1,1,1,15:18,7,2,19
2023161294107,2023,161294107,3,1,1,1,30,6,3,0,0,0,0,0,9,2,E01011251,3,1,0.0,1.0,-1,6,30,1,1,1,13:50,2,3,9
2023101341239,2023,101341239,2,1,1,2,19,4,3,0,0,0,0,0,9,10,E01008365,3,1,0.0,1.0,-1,6,60,1,1,1,08:50,6,2,9
2023421350897,2023,421350897,2,1,2,2,70,10,2,0,0,1,0,0,9,5,E01021880,7,1,1.0,0.0,-1,6,60,1,1,1,12:00,7,2,9
2023010458670,2023,010458670,1,1,1,1,29,6,3,0,0,0,0,0,1,8,E01001024,-1,0,0.0,1.0,-1,9,20,8,1,1,14:00,4,2,1
2023131365488,2023,131365488,1,1,3,1,35,6,2,8,1,0,0,2,0,5,E01011392,5,1,1.0,0.0,-1,6,20,1,4,1,20:02,7,2,9
2023461364715,2023,461364715,1,1,3,2,35,6,3,5,9,0,0,0,0,6,E01024371,3,1,0.0,1.0,-1,6,20,1,1,1,12:50,4,1,9
202360A104932,2023,60A104932,2,1,1,1,17,4,3,0,0,0,0,0,4,-1,-1,-1,0,0.17325,0.82675,-1,6,30,1,1,1,18:56,3,2,4