collision_index,collision_year,collision_ref_no,vehicle_reference,casualty_reference,casualty_class,sex_of_casualty,age_of_casualty,age_band_of_casualty,casualty_severity,pedestrian_location,pedestrian_movement,car_passenger,bus_or_coach_passenger,pedestrian_road_maintenance_worker,casualty_type,casualty_imd_decile,lsoa_of_casualty,enhanced_casualty_severity,casualty_injury_based,casualty_adjusted_severity_serious,casualty_adjusted_severity_slight,casualty_distance_banding,road_type,speed_limit,weather_conditions,light_conditions,road_surface_conditions,time,day_of_week,number_of_vehicles,vehicle_type
2023471319603,2023,471319603,2,1,2,2,4,1,2,0,0,2,0,0,9,6,E01031557,7,1,1.0,0.0,-1,1,50,1,4,1,20:35,6,2,9
2023531340088,2023,531340088,1,2,1,2,17,4,3,0,0,0,0,0,9,6,W01000107,3,1,0.0,1.0,-1,6,60,1,6,1,21:53,4,2,9
2023010443196,2023,010443196,2,1,1,2,38,7,3,0,0,0,0,0,9,5,E01023537,-1,0,0.0,1.0,-1,6,30,1,1,1,07:45,3,2,9
2023221353563,2023,221353563,1,1,2,1,14,3,3,0,0,1,0,0,9,4,E01014017,3,1,0.0,1.0,-1,6,60,1,1,1,13:27,1,3,9
2023461287719,2023,461287719,1,1,2,2,30,6,3,0,0,2,0,0,9,3,E01003728,3,1,0.0,1.0,-1,6,30,1,1,1,10:40,7,3,9
2023041314631,2023,041314631,1,1,1,1,86,11,2,0,0,0,0,0,9,2,E01010583,6,1,1.0,0.0,-1,3,70,1,1,1,18:04,7,2,9
2023131340858,2023,131340858,4,8,2,1,19,4,3,0,0,2,0,0,9,1,E01011081,3,1,0.0,1.0,-1,6,40,1,1,1,20:50,6,6,9
2023010482112,2023,010482112,1,1,1,1,32,6,3,0,0,0,0,0,3,3,E01003127,-1,0,0.0,1.0,-1,9,30,2,4,2,20:00,1,2,3
2023161332505,2023,161332505,1,1,2,2,39,7,3,0,0,1,0,0,9,1,E01012856,3,1,0.0,1.0,-1,6,30,1,1,2,15:45,1,2,9
2023421283687,2023,421283687,1,1,1,1,26,6,3,0,0,0,0,0,9,2,E01015851,3,1,0.0,1.0,-1,6,30,1,1,2,14:00,2,4,9
2023461309848,2023,461309848,2,1,1,2,25,5,3,0,0,0,0,0,9,9,E01024256,3,1,0.0,1.0,-1,7,40,1,1,1,17:08,4,2,9
2023522300756,2023,522300756,1,1,1,2,25,5,3,0,0,0,0,0,-1,-1,-1,-1,0,0.02999,0.97001,-1,6,20,1,4,1,20:30,2,2,-1
2023631391056,2023,631391056,2,1,1,1,55,8,3,0,0,0,0,0,19,4,E01028992,3,1,0.0,1.0,-1,6,20,1,1,1,14:25,1,2,19
2023522300950,2023,522300950,2,1,1,1,59,9,3,0,0,0,0,0,2,5,E01014524,-1,0,0.1183,0.8817,-1,6,30,2,1,2,08:15,2,2,2
2023440507752,2023,440507752,1,1,1,1,26,6,1,0,0,0,0,0,3,10,E01022595,-1,0,0.0,0.0,-1,3,70,1,6,2,05:30,4,1,3
2023221330120,2023,221330120,1,1,1,2,44,7,3,0,0,0,0,0,9,10,E01028972,3,1,0.0,1.0,-1,6,30,1,1,2,14:30,3,2,9
2023302300639,2023,302300639,1,1,2,1,4,1,3,0,0,2,0,0,9,7,E01019677,-1,0,0.01942,0.98058,-1,6,30,1,1,1,10:58,5,2,9
2023401280020,2023,401280020,1,1,1,2,19,4,3,0,0,0,0,0,9,5,E01015748,3,1,0.0,1.0,-1,6,20,1,4,1,00:30,7,2,9
2023631327069,2023,631327069,2,1,1,2,19,4,3,0,0,0,0,0,9,6,W01000667,3,1,0.0,1.0,-1,6,30,9,1,1,18:00,6,2,9
2023131266480,2023,131266480,1,1,3,2,29,6,2,5,3,0,0,-1,0,7,E01011642,7,1,1.0,0.0,-1,6,30,7,4,4,23:55,7,1,9
2023131379924,2023,131379924,1,1,3,2,83,11,2,5,1,0,0,2,0,1,E01011472,7,1,1.0,0.0,-1,6,30,1,1,2,11:25,3,1,9
2023351316640,2023,351316640,1,1,3,2,78,11,3,10,9,0,0,0,0,10,E01018198,3,1,0.0,1.0,-1,6,30,1,1,1,12:35,6,1,9
2023201317686,2023,201317686,2,1,1,1,-1,-1,3,0,0,0,0,0,8,4,E01009628,3,1,0.0,1.0,-1,6,20,1,4,1,01:42,1,2,8
2023041265020,2023,041265020,1,1,1,1,34,6,2,0,0,0,0,0,9,3,E01025397,6,1,1.0,0.0,-1,6,40,3,1,3,09:40,4,2,9
2023131355823,2023,131355823,1,4,1,1,35,6,3,0,0,0,0,0,9,1,E01011081,3,1,0.0,1.0,-1,6,30,1,1,1,16:16,7,3,9
2023141376378,2023,141376378,3,3,2,2,8,2,3,0,0,1,0,0,9,1,E01007462,3,1,0.0,1.0,-1,6,30,2,4,2,17:10,1,3,9
2023351282728,2023,351282728,1,3,2,2,27,6,3,0,0,2,0,0,9,5,E01017945,3,1,0.0,1.0,-1,3,70,1,4,1,18:34,6,1,9
2023461392681,2023,461392681,1,2,2,2,26,6,3,0,0,2,0,0,9,3,E01000092,3,1,0.0,1.0,-1,6,30,2,1,2,18:56,4,1,9
2023471311082,2023,471311082,1,1,1,1,12,3,2,0,0,0,0,0,3,1,E01020972,7,1,1.0,0.0,-1,6,30,1,1,1,12:47,4,3,3
2023201409863,2023,201409863,1,1,3,2,24,5,3,5,1,0,0,2,0,3,E01032587,3,1,0.0,1.0,-1,6,30,1,6,1,17:57,5,1,9
2023311293310,2023,311293310,1,1,3,2,57,9,2,1,2,0,0,0,0,2,E01013972,7,1,1.0,0.0,-1,2,30,1,1,1,18:06,5,1,9
2023052300874,2023,052300874,2,1,1,2,18,4,2,0,0,0,0,0,3,6,E01018373,-1,0,1.0,0.0,-1,6,30,1,1,2,17:20,1,2,3
2023421346232,2023,421346232,1,2,1,1,26,6,3,0,0,0,0,0,3,-1,-1,3,1,0.0,1.0,-1,6,30,1,5,2,22:58,2,1,3
2023010439718,2023,010439718,2,1,1,1,25,5,3,0,0,0,0,0,9,4,E01000699,-1,0,0.0,1.0,-1,6,30,1,1,1,19:00,4,3,9
2023041307716,2023,041307716,2,1,1,1,49,8,3,0,0,0,0,0,9,3,E01025076,3,1,0.0,1.0,-1,3,20,9,1,1,16:25,4,2,9
2023010466227,2023,010466227,2,1,1,1,33,6,3,0,0,0,0,0,1,9,E01002469,-1,0,0.0,1.0,-1,6,20,1,1,1,16:10,6,2,1
2023010426897,2023,010426897,2,1,1,1,25,5,2,0,0,0,0,0,4,4,E01002346,-1,0,1.0,0.0,-1,6,30,1,1,1,09:16,2,2,4
2023471314640,2023,471314640,1,4,2,2,8,2,3,0,0,2,0,0,9,1,E01031427,3,1,0.0,1.0,-1,6,60,1,1,1,18:27,7,4,9
2023311384623,2023,311384623,1,1,3,2,32,6,3,4,2,0,0,0,0,5,E01028161,3,1,0.0,1.0,-1,6,30,1,1,1,13:22,5,1,9
2023991285994,2023,991285994,2,1,2,1,65,9,3,0,0,0,3,0,11,7,-1,3,1,0.0,1.0,-1,6,30,1,4,1,17:52,7,2,11
2023041385039,2023,041385039,2,2,2,2,59,9,2,0,0,2,0,0,9,2,E01025521,6,1,1.0,0.0,-1,6,30,5,4,2,22:15,7,2,9
2023131272191,2023,131272191,1,1,1,1,62,9,3,0,0,0,0,0,9,5,E01007459,3,1,0.0,1.0,-1,6,30,1,1,2,15:47,6,2,9
2023170M10833,2023,170M10833,1,1,1,1,20,4,3,0,0,0,0,0,9,-1,-1,-1,0,0.02892,0.97108,-1,6,30,1,1,1,09:01,6,2,9
2023471392263,2023,471392263,1,2,2,1,23,5,3,0,0,1,0,0,9,1,E01022968,3,1,0.0,1.0,-1,3,70,2,4,2,17:33,2,2,9
2023531331517,2023,531331517,1,2,2,1,18,4,3,0,0,1,0,0,9,6,E01022233,3,1,0.0,1.0,-1,6,50,1,1,1,20:40,1,2,9
2023010448588,2023,010448588,2,1,1,1,36,7,2,0,0,0,0,0,3,2,E01001014,-1,0,1.0,0.0,-1,6,20,1,1,1,15:33,2,2,3
2023122300336,2023,122300336,1,1,3,1,66,10,3,6,8,0,0,0,0,8,E01027863,-1,0,0.04505,0.95495,-1,2,20,1,1,1,14:30,7,1,9
2023302300134,2023,302300134,1,1,1,1,29,6,2,0,0,0,0,0,2,1,E01019527,-1,0,1.0,0.0,-1,6,30,1,4,2,16:30,1,1,2
2023061273037,2023,061273037,3,2,1,1,46,8,3,0,0,0,0,0,8,2,E01005236,3,1,0.0,1.0,-1,6,30,1,4,1,20:27,2,3,8
2023061311356,2023,061311356,1,1,3,1,14,3,2,5,1,0,0,0,0,6,E01005973,7,1,1.0,0.0,-1,6,30,1,4,1,15:00,5,1,9
2023302300374,2023,302300374,1,1,3,1,15,3,3,5,3,0,0,0,0,2,E01013852,-1,0,0.12316,0.87684,-1,6,30,1,1,1,09:04,6,1,9
2023440471945,2023,440471945,1,1,3,1,81,11,2,1,3,0,0,0,0,6,E01017016,-1,0,1.0,0.0,-1,6,30,1,5,1,17:00,6,1,9
2023061391902,2023,061391902,1,2,2,2,16,4,3,0,0,1,0,0,9,4,E01018747,3,1,0.0,1.0,-1,6,30,2,4,2,03:10,1,2,9
2023430176869,2023,430176869,1,3,2,2,10,2,3,0,0,2,0,0,9,5,E01022488,-1,0,0.07573,0.92427,-1,6,50,1,6,2,23:04,1,2,9
2023501370795,2023,501370795,1,1,2,1,2,1,3,0,0,2,0,0,9,2,E01019047,3,1,0.0,1.0,-1,6,40,2,1,2,16:30,7,2,9
2023010470359,2023,010470359,1,1,1,1,34,6,2,0,0,0,0,0,-1,6,E01001237,-1,0,1.0,0.0,-1,6,20,1,1,1,12:11,6,2,-1
2023010447434,2023,010447434,1,1,3,2,42,7,3,1,3,0,0,0,0,-1,-1,-1,0,0.0,1.0,-1,6,20,9,1,1,06:49,4,1,19
2023332300021,2023,332300021,1,1,3,2,11,3,2,5,1,0,0,0,0,8,E01025942,-1,0,1.0,0.0,-1,6,30,1,1,2,15:15,2,1,9
2023052300511,2023,052300511,1,1,1,1,25,5,3,0,0,0,0,0,1,1,E01006463,-1,0,0.14432,0.85568,-1,6,30,1,1,2,07:59,4,2,1
2023351323199,2023,351323199,2,1,1,2,24,5,2,0,0,0,0,0,1,9,E01018275,7,1,1.0,0.0,-1,6,50,1,1,1,20:19,4,2,1
2023340NN2742,2023,340NN2742,1,1,1,1,83,11,3,0,0,0,0,0,9,7,E01027102,-1,0,0.10565,0.89435,-1,6,30,1,1,1,07:40,3,2,9
2023311328739,2023,311328739,1,1,3,1,10,2,3,4,4,0,0,0,0,-1,-1,3,1,0.0,1.0,-1,6,30,1,1,1,15:24,4,1,9
2023131305369,2023,131305369,2,1,1,1,35,6,3,0,0,0,0,0,1,8,E01032503,3,1,0.0,1.0,-1,6,30,1,1,1,07:40,3,2,1
2023201425935,2023,201425935,2,1,1,1,22,5,3,0,0,0,0,0,1,1,E01010453,3,1,0.0,1.0,-1,6,30,2,4,2,21:45,6,2,1
2023421338665,2023,421338665,2,1,1,1,36,7,2,0,0,0,0,0,1,8,E01015913,5,1,1.0,0.0,-1,6,30,1,1,1,12:35,6,2,1
2023461322855,2023,461322855,1,1,1,1,39,7,3,0,0,0,0,0,1,4,E01016164,3,1,0.0,1.0,-1,6,30,1,1,1,17:51,7,1,1
2023010487195,2023,010487195,1,1,1,-1,42,7,3,0,0,0,0,0,3,2,E01003502,-1,0,0.0,1.0,-1,6,20,9,4,9,16:00,6,2,3
2023010453182,2023,010453182,1,1,1,1,52,8,3,0,0,0,0,0,1,6,E01003281,-1,0,0.0,1.0,-1,6,30,1,1,1,08:15,3,2,1
2023461333699,2023,461333699,1,1,1,2,73,10,3,0,0,0,0,0,9,9,E01024143,3,1,0.0,1.0,-1,6,30,1,4,1,20:09,5,2,9
2023451305960,2023,451305960,3,2,1,1,56,9,3,0,0,0,0,0,9,9,E01030298,3,1,0.0,1.0,-1,6,30,2,1,2,17:30,4,3,9
2023411282691,2023,411282691,2,2,2,2,17,4,3,0,0,2,0,0,9,5,E01003697,3,1,0.0,1.0,-1,3,70,1,4,1,23:09,4,2,9
2023430312139,2023,430312139,2,2,2,2,17,4,3,0,0,2,0,0,9,5,E01028718,-1,0,0.00883,0.99117,-1,6,30,1,1,1,11:44,2,2,9
2023010446781,2023,010446781,1,1,2,2,47,8,2,0,0,0,3,0,11,2,E01004467,-1,0,1.0,0.0,-1,6,30,1,1,1,15:45,7,1,11
2023010467332,2023,010467332,2,1,1,2,54,8,3,0,0,0,0,0,1,4,E01003308,-1,0,0.0,1.0,-1,6,20,1,1,1,08:00,5,2,1
2023061353222,2023,061353222,2,1,1,1,45,7,2,0,0,0,0,0,3,4,E01005866,7,1,1.0,0.0,-1,6,40,1,1,1,10:40,4,3,3
2023401264870,2023,401264870,2,1,1,1,40,7,2,0,0,0,0,0,5,1,E01015795,7,1,1.0,0.0,-1,3,30,2,4,2,23:57,6,2,5
2023041378901,2023,041378901,2,1,1,1,64,9,3,0,0,0,0,0,9,1,E01011667,3,1,0.0,1.0,-1,3,70,2,4,2,18:25,5,2,9
2023421288403,2023,421288403,1,1,3,2,7,2,3,6,9,0,0,0,0,8,E01021347,3,1,0.0,1.0,-1,6,30,1,1,1,17:25,1,2,9
2023552300448,2023,552300448,2,1,1,1,43,7,3,0,0,0,0,0,1,8,E01015299,-1,0,0.04692,0.95308,-1,6,30,1,1,1,09:50,1,2,1
2023461330901,2023,461330901,1,1,3,2,3,1,3,6,9,0,0,0,0,10,E01024463,3,1,0.0,1.0,-1,6,30,1,1,1,11:30,7,1,9
2023010440379,2023,010440379,1,1,3,1,15,3,3,5,2,0,0,0,0,2,E01001331,-1,0,0.0,1.0,-1,6,30,1,1,1,15:45,1,1,9
2023010424678,2023,010424678,1,1,1,2,39,7,3,0,0,0,0,0,9,4,E01003702,-1,0,0.0,1.0,-1,6,20,1,1,1,09:20,3,2,9
2023101394327,2023,101394327,2,1,1,1,51,8,3,0,0,0,0,0,11,3,E01008851,3,1,0.0,1.0,-1,1,30,1,1,1,11:50,6,2,11
2023041387329,2023,041387329,1,1,3,1,57,9,3,7,3,0,0,2,0,10,E01022791,3,1,0.0,1.0,-1,3,30,1,4,1,19:30,2,1,9
2023332300453,2023,332300453,1,1,1,2,56,9,2,0,0,0,0,0,1,6,E01013801,-1,0,1.0,0.0,-1,6,60,1,1,1,13:09,1,2,1
2023610020923,2023,610020923,2,1,1,1,28,6,2,0,0,0,0,0,1,2,W01001474,-1,0,1.0,0.0,-1,6,30,1,1,1,08:47,2,2,1
2023010436131,2023,010436131,1,1,1,1,29,6,3,0,0,0,0,0,3,8,E01000671,-1,0,0.0,1.0,-1,9,30,2,4,2,21:53,4,2,3
2023010479983,2023,010479983,1,1,1,1,37,7,3,0,0,0,0,0,3,6,E01023868,-1,0,0.0,1.0,-1,3,20,1,4,1,17:21,6,2,3
2023010451600,2023,010451600,1,1,3,1,34,6,2,1,1,0,0,0,0,7,E01004138,-1,0,1.0,0.0,-1,6,20,1,1,1,16:03,2,1,9
2023010427711,2023,010427711,2,1,1,1,30,6,2,0,0,0,0,0,1,3,E01003585,-1,0,1.0,0.0,-1,6,30,1,5,1,06:15,6,2,1
2023302301039,2023,302301039,2,1,1,1,51,8,3,0,0,0,0,0,1,7,E01019419,-1,0,0.08089,0.91911,-1,1,30,1,1,1,18:23,6,2,1
2023161350753,2023,161350753,2,1,1,1,51,8,2,0,0,0,0,0,5,3,E01007667,7,1,1.0,0.0,-1,6,60,1,1,1,12:37,7,3,5
2023231320769,2023,231320769,2,1,1,1,39,7,3,0,0,0,0,0,5,10,E01022197,3,1,0.0,1.0,-1,6,50,1,1,1,14:30,7,2,5
2023010472750,2023,010472750,1,1,1,2,29,6,3,0,0,0,0,0,9,5,E01004616,-1,0,0.0,1.0,-1,3,20,3,4,2,19:03,4,2,9
2023141286667,2023,141286667,1,1,2,2,33,6,3,0,0,1,0,0,9,-1,-1,3,1,0.0,1.0,-1,6,30,2,1,2,13:57,2,2,9
2023231356752,2023,231356752,2,2,2,1,32,6,3,0,0,1,0,0,9,3,E01031332,3,1,0.0,1.0,-1,6,40,1,1,1,13:50,6,2,9
2023340NN3122,2023,340NN3122,2,2,1,1,75,10,3,0,0,0,0,0,9,6,E01027034,-1,0,0.13825,0.86175,-1,6,60,1,1,1,10:50,7,2,9
2023471282907,2023,471282907,1,1,1,1,74,10,3,0,0,0,0,0,9,6,E01031676,3,1,0.0,1.0,-1,6,30,1,1,1,17:37,6,2,9
2023501370876,2023,501370876,4,3,2,1,13,3,3,0,0,2,0,0,9,6,E01018845,3,1,0.0,1.0,-1,6,60,2,1,2,12:12,1,7,9
2023501389061,2023,501389061,1,1,1,2,22,5,2,0,0,0,0,0,9,4,E01019071,7,1,1.0,0.0,-1,6,60,2,1,2,12:50,7,2,9
2023010480691,2023,010480691,1,1,1,-1,29,6,3,0,0,0,0,0,3,8,E01004131,-1,0,0.0,1.0,-1,9,30,9,4,9,17:40,7,2,3
2023471353362,2023,471353362,2,1,1,1,25,5,3,0,0,0,0,0,1,7,E01016946,3,1,0.0,1.0,-1,1,30,1,4,1,19:40,1,2,1
2023010434733,2023,010434733,1,1,3,1,9,2,3,1,3,0,0,0,0,2,E01000958,-1,0,0.0,1.0,-1,3,20,9,1,9,15:30,5,1,1
2023010438749,2023,010438749,2,3,2,2,14,3,3,0,0,0,0,0,19,2,E01032565,-1,0,0.0,1.0,-1,3,20,1,4,1,05:40,7,2,19
2023111300573,2023,111300573,1,1,3,2,17,4,3,5,1,0,0,0,0,3,E01012358,3,1,0.0,1.0,-1,6,30,1,1,1,08:22,4,1,9
2023311304083,2023,311304083,1,1,1,1,12,3,2,0,0,0,0,0,1,5,E01027943,7,1,1.0,0.0,-1,6,30,1,1,1,15:24,5,2,1
2023010433474,2023,010433474,1,1,1,1,24,5,3,0,0,0,0,0,3,7,E01003709,-1,0,0.0,1.0,-1,9,30,1,1,1,17:20,3,2,3
2023471372335,2023,471372335,2,1,1,1,78,11,2,0,0,0,0,0,9,7,E01031387,6,1,1.0,0.0,-1,6,30,1,4,2,18:30,4,2,9
2023501306969,2023,501306969,2,3,2,2,63,9,3,0,0,1,0,0,9,3,E01020010,3,1,0.0,1.0,-1,6,60,1,1,1,11:45,7,2,9
2023320545868,2023,320545868,1,1,1,1,59,9,3,0,0,0,0,0,5,8,E01026269,-1,0,0.18877,0.81123,-1,6,50,1,1,1,16:45,7,1,5
2023131402336,2023,131402336,1,1,3,1,19,4,3,8,1,0,0,1,0,1,E01010736,3,1,0.0,1.0,-1,2,20,1,1,1,14:45,1,1,9
2023070626177,2023,070626177,2,1,1,1,12,3,3,0,0,0,0,0,1,4,E01018638,-1,0,0.08523,0.91477,-1,3,30,1,1,1,15:23,4,2,1
2023161324504,2023,161324504,1,1,1,2,28,6,3,0,0,0,0,0,1,3,E01012899,3,1,0.0,1.0,-1,3,30,1,1,1,17:55,4,2,1
2023010462045,2023,010462045,2,1,1,1,50,8,3,0,0,0,0,0,9,8,W01001940,-1,0,0.0,1.0,-1,6,30,8,1,1,15:05,4,2,9
2023221329354,2023,221329354,2,1,1,2,28,6,3,0,0,0,0,0,9,5,E01028989,3,1,0.0,1.0,-1,6,30,1,1,2,15:38,1,2,9
2023351390471,2023,351390471,1,1,1,1,56,9,3,0,0,0,0,0,9,5,E01018157,3,1,0.0,1.0,-1,6,30,1,1,2,12:00,2,1,9
2023371293004,2023,371293004,1,2,1,1,26,6,3,0,0,0,0,0,9,5,E01030093,3,1,0.0,1.0,-1,6,30,1,1,1,17:43,1,2,9
2023411330675,2023,411330675,2,1,1,1,12,3,3,0,0,0,0,0,97,7,E01023462,3,1,0.0,1.0,-1,6,60,1,1,-1,18:20,2,2,97
2023010424481,2023,010424481,2,1,1,1,48,8,3,0,0,0,0,0,-1,3,E01000872,-1,0,0.0,1.0,-1,6,20,1,1,1,07:10,3,2,-1
2023520300674,2023,520300674,1,3,2,2,7,2,3,0,0,1,0,0,9,1,E01029293,-1,0,0.01959,0.98041,-1,6,30,1,1,1,09:09,3,2,9
2023340WN4702,2023,340WN4702,1,2,1,1,49,8,3,0,0,0,0,0,19,7,E01026994,-1,0,0.06602,0.93398,-1,6,30,2,4,2,21:15,6,2,19
2023471333116,2023,471333116,1,1,1,1,18,4,3,0,0,0,0,0,3,10,E01021078,3,1,0.0,1.0,-1,6,30,1,1,1,08:17,3,2,3
2023010446243,2023,010446243,1,1,1,1,26,6,3,0,0,0,0,0,3,7,E01002165,-1,0,0.0,1.0,-1,1,30,1,1,1,15:46,1,1,3
2023061305542,2023,061305542,1,1,1,1,54,8,3,0,0,0,0,0,5,3,E01006282,3,1,0.0,1.0,-1,6,30,1,1,1,17:20,1,2,5
2023031391838,2023,031391838,1,1,3,1,82,11,3,10,1,0,0,0,0,4,E01019202,3,1,0.0,1.0,-1,6,30,5,4,2,18:50,6,1,9
2023010467458,2023,010467458,2,1,1,1,36,7,3,0,0,0,0,0,3,3,E01004747,-1,0,0.0,1.0,-1,1,20,2,1,2,17:10,5,2,3
2023548429423,2023,548429423,1,1,1,1,52,8,3,0,0,0,0,0,5,8,E01033580,-1,0,0.1992,0.8008,-1,6,60,1,1,1,13:30,5,2,5
202360A168601,2023,60A168601,2,2,1,1,40,7,2,0,0,0,0,0,8,-1,-1,-1,0,1.0,0.0,-1,6,30,1,7,2,23:38,6,2,8
2023170M22003,2023,170M22003,1,1,3,1,33,6,2,8,9,0,0,0,0,1,E01012076,-1,0,1.0,0.0,-1,6,30,1,4,2,03:45,6,1,1
2023340WN4942,2023,340WN4942,1,1,3,2,16,4,3,8,4,0,0,0,0,2,E01027178,-1,0,0.14264,0.85736,-1,6,30,1,1,1,16:52,3,1,9
2023461298255,2023,461298255,2,2,1,1,43,7,3,0,0,0,0,0,9,4,E01024142,3,1,0.0,1.0,-1,3,40,2,4,2,21:10,3,2,9
2023052301868,2023,052301868,1,1,3,2,57,9,3,1,9,0,0,0,0,4,E01006459,-1,0,0.12944,0.87056,-1,3,30,1,1,1,19:15,1,1,1
2023622301017,2023,622301017,1,1,3,1,39,7,3,5,9,0,0,0,0,9,W01000943,-1,0,0.10273,0.89727,-1,6,20,1,7,1,20:10,5,1,9
2023471311561,2023,471311561,2,2,1,1,19,4,3,0,0,0,0,0,3,6,E01022761,3,1,0.0,1.0,-1,6,60,1,1,1,20:15,5,2,3
2023302301968,2023,302301968,1,1,3,1,10,2,3,1,1,0,0,0,0,3,E01019400,-1,0,0.0674,0.9326,-1,6,30,2,1,2,08:45,4,1,9
2023010433933,2023,010433933,1,1,1,1,44,7,3,0,0,0,0,0,4,6,E01001741,-1,0,0.0,1.0,-1,3,30,1,4,2,21:15,5,2,4
2023010460648,2023,010460648,1,1,3,2,28,6,2,8,9,0,0,0,0,8,E01004623,-1,0,1.0,0.0,-1,6,20,1,4,1,23:15,2,1,9
2023201337476,2023,201337476,1,1,3,1,57,9,3,5,1,0,0,2,0,2,E01009263,3,1,0.0,1.0,-1,6,30,1,1,1,04:54,5,1,19
2023010421095,2023,010421095,1,1,1,1,53,8,2,0,0,0,0,0,1,6,E01000219,-1,0,1.0,0.0,-1,6,20,1,1,1,07:38,6,2,1
2023010450928,2023,010450928,1,1,1,1,30,6,3,0,0,0,0,0,3,8,E01002181,-1,0,0.0,1.0,-1,3,30,1,1,1,09:50,6,2,3
2023320736816,2023,320736816,1,1,1,1,21,5,3,0,0,0,0,0,3,4,E01026280,-1,0,0.23643,0.76357,-1,6,60,8,4,2,22:25,5,2,3
2023451373466,2023,451373466,1,1,1,2,36,7,3,0,0,0,0,0,3,9,E01030766,3,1,0.0,1.0,-1,6,30,1,1,2,16:49,7,2,3
2023010442293,2023,010442293,1,1,1,2,28,6,3,0,0,0,0,0,9,-1,-1,-1,0,0.0,1.0,-1,6,30,8,4,1,03:20,5,1,9
2023010446141,2023,010446141,1,1,1,2,30,6,2,0,0,0,0,0,9,5,E01001189,-1,0,1.0,0.0,-1,6,30,1,1,1,11:24,4,2,9
2023122300927,2023,122300927,2,3,2,2,21,5,3,0,0,1,0,0,9,10,E01012301,-1,0,0.04677,0.95323,-1,6,60,1,1,1,19:07,4,2,9
2023211438763,2023,211438763,1,1,2,2,41,7,3,0,0,1,0,0,9,-1,-1,3,1,0.0,1.0,-1,6,30,1,1,2,16:30,5,2,9
2023461265770,2023,461265770,2,2,1,1,27,6,2,0,0,0,0,0,9,-1,-1,6,1,1.0,0.0,-1,6,40,1,4,1,19:37,6,2,9
2023201278704,2023,201278704,2,2,1,2,42,7,3,0,0,0,0,0,9,2,E01009985,3,1,0.0,1.0,-1,6,30,8,4,4,21:41,4,2,9
2023421337650,2023,421337650,2,3,2,1,8,2,3,0,0,2,0,0,9,7,E01021627,3,1,0.0,1.0,-1,6,60,1,1,2,18:47,4,2,9
2023430379667,2023,430379667,1,1,2,1,22,5,3,0,0,1,0,0,9,10,E01028791,-1,0,0.06381,0.93619,-1,6,50,1,4,1,03:00,5,1,9
2023440011292,2023,440011292,1,2,2,2,22,5,3,0,0,1,0,0,9,4,E01023204,-1,0,0.14639,0.85361,-1,6,60,8,6,2,19:40,2,1,9
202360A112647,2023,60A112647,2,1,1,1,32,6,3,0,0,0,0,0,9,-1,-1,-1,0,0.03953,0.96047,-1,6,30,1,1,1,15:45,2,2,9
2023010473871,2023,010473871,1,2,2,2,18,4,3,0,0,2,0,0,9,5,E01033734,-1,0,0.0,1.0,-1,3,30,1,4,2,03:29,4,1,9
2023320150553,2023,320150553,2,1,1,2,31,6,3,0,0,0,0,0,9,7,E01026029,-1,0,0.04845,0.95155,-1,6,60,1,4,1,19:15,7,2,9
2023461297263,2023,461297263,2,1,1,2,45,7,3,0,0,0,0,0,9,8,E01024414,3,1,0.0,1.0,-1,6,30,1,1,1,12:06,2,2,9
2023461382172,2023,461382172,1,1,1,1,44,7,3,0,0,0,0,0,9,8,E01024779,3,1,0.0,1.0,-1,6,60,1,6,2,00:13,1,2,9
2023471292864,2023,471292864,1,1,2,2,25,5,2,0,0,1,0,0,9,4,E01031428,7,1,1.0,0.0,-1,1,40,1,4,1,22:35,7,1,9
2023010465431,2023,010465431,1,1,1,1,55,8,3,0,0,0,0,0,9,1,E01002071,-1,0,0.0,1.0,-1,6,20,1,4,1,01:40,3,2,9
2023231369857,2023,231369857,1,1,1,1,20,4,3,0,0,0,0,0,9,-1,-1,3,1,0.0,1.0,-1,6,50,1,6,2,23:27,2,1,9
2023430353532,2023,430353532,2,1,1,2,29,6,3,0,0,0,0,0,9,1,E01013871,-1,0,0.01086,0.98914,-1,3,70,2,1,2,13:40,3,2,9
2023010441847,2023,010441847,1,1,2,-1,-1,-1,3,0,0,1,0,0,9,3,E01001213,-1,0,0.0,1.0,-1,6,20,1,1,1,17:00,2,2,9
2023332300703,2023,332300703,2,4,2,1,25,5,3,0,0,2,0,0,9,8,E01026163,-1,0,0.00908,0.99092,-1,3,70,1,1,1,14:25,6,4,9
2023421315472,2023,421315472,2,1,1,2,59,9,3,0,0,0,0,0,9,-1,-1,3,1,0.0,1.0,-1,6,40,1,1,1,11:03,3,2,9
2023451276461,2023,451276461,1,1,1,1,23,5,3,0,0,0,0,0,9,5,E01030834,3,1,0.0,1.0,-1,6,50,1,1,2,08:38,4,2,9
2023520300610,2023,520300610,2,34,2,1,30,6,2,0,0,0,4,0,11,3,E01029110,-1,0,1.0,0.0,-1,6,40,1,6,4,06:00,3,3,11
2023010462534,2023,010462534,2,1,1,1,26,6,3,0,0,0,0,0,1,3,E01003250,-1,0,0.0,1.0,-1,6,30,1,1,2,18:25,7,2,1