collision_index,collision_year,collision_ref_no,vehicle_reference,casualty_reference,casualty_class,sex_of_casualty,age_of_casualty,age_band_of_casualty,casualty_severity,pedestrian_location,pedestrian_movement,car_passenger,bus_or_coach_passenger,pedestrian_road_maintenance_worker,casualty_type,casualty_imd_decile,lsoa_of_casualty,enhanced_casualty_severity,casualty_injury_based,casualty_adjusted_severity_serious,casualty_adjusted_severity_slight,casualty_distance_banding,road_type,speed_limit,weather_conditions,light_conditions,road_surface_conditions,time,day_of_week,number_of_vehicles,vehicle_type
2023161279483,2023,161279483,2,1,1,1,72,10,2,0,0,0,0,0,1,6,E01013072,5,1,1.0,0.0,-1,6,30,1,5,1,10:10,3,2,1
2023041278484,2023,041278484,1,1,1,1,33,6,3,0,0,0,0,0,5,6,E01025121,3,1,0.0,1.0,-1,6,50,1,1,1,11:45,1,1,5
2023122300980,2023,122300980,1,1,1,1,28,6,2,0,0,0,0,0,9,6,E01012012,-1,0,1.0,0.0,-1,6,60,4,6,1,19:00,1,2,9
2023991365208,2023,991365208,2,5,2,1,11,3,3,0,0,1,0,0,9,-1,-1,3,1,0.0,1.0,-1,1,30,5,1,2,15:55,6,2,9
2023361291284,2023,361291284,1,1,3,1,12,3,3,1,3,0,0,0,0,7,E01026710,3,1,0.0,1.0,-1,3,30,1,1,1,15:15,5,1,9
2023531293368,2023,531293368,2,2,1,1,45,7,3,0,0,0,0,0,9,8,E01022213,3,1,0.0,1.0,-1,6,60,1,1,2,11:30,1,4,9
2023991335534,2023,991335534,2,2,1,1,36,7,3,0,0,0,0,0,9,-1,-1,3,1,0.0,1.0,-1,6,60,1,1,1,14:30,1,2,9
2023991393174,2023,991393174,1,2,1,2,31,6,3,0,0,0,0,0,9,7,-1,3,1,0.0,1.0,-1,6,50,2,6,4,19:12,6,1,9
2023161342998,2023,161342998,2,3,2,2,30,6,3,0,0,2,0,0,8,-1,-1,3,1,0.0,1.0,-1,3,30,1,1,1,19:15,4,2,8
2023201363426,2023,201363426,1,3,2,2,11,3,3,0,0,1,0,0,9,2,E01022332,3,1,0.0,1.0,-1,6,30,1,1,1,21:30,6,2,9
2023622300480,2023,622300480,1,1,1,1,34,6,3,0,0,0,0,0,9,1,W01001811,-1,0,0.08114,0.91886,-1,3,50,1,1,1,07:59,2,3,9
2023010426438,2023,010426438,1,1,3,1,38,7,3,9,9,0,0,0,0,2,E01032744,-1,0,0.0,1.0,-1,9,20,1,1,1,14:09,5,1,9
2023010456338,2023,010456338,2,1,1,2,26,6,3,0,0,0,0,0,1,1,E01001839,-1,0,0.0,1.0,-1,7,20,1,1,1,16:23,5,2,1
2023461357557,2023,461357557,1,1,1,1,20,4,2,0,0,0,0,0,2,-1,-1,7,1,1.0,0.0,-1,6,30,1,1,1,19:01,1,1,2
2023010469740,2023,010469740,1,1,1,1,32,6,3,0,0,0,0,0,3,2,E01001977,-1,0,0.0,1.0,-1,9,30,9,1,9,15:20,2,2,3
2023610040323,2023,610040323,2,1,1,1,53,8,3,0,0,0,0,0,1,5,W01001367,-1,0,0.15156,0.84844,-1,6,30,1,1,1,19:05,4,2,1
2023052301608,2023,052301608,1,1,3,2,9,2,3,6,9,0,0,0,0,1,E01006821,-1,0,0.03624,0.96376,-1,6,20,1,1,1,15:20,3,1,9
2023471350534,2023,471350534,1,1,3,1,12,3,3,5,3,0,0,0,0,9,E01031630,3,1,0.0,1.0,-1,6,30,1,1,1,15:28,6,1,9
2023430468606,2023,430468606,2,1,1,2,26,6,2,0,0,0,0,0,5,8,E01017921,-1,0,1.0,0.0,-1,6,30,1,1,1,11:36,4,2,5
2023440195721,2023,440195721,1,1,1,1,68,10,2,0,0,0,0,0,3,7,E01017303,-1,0,1.0,0.0,-1,6,30,1,1,1,11:00,5,2,3
2023141370597,2023,141370597,1,2,3,2,10,2,3,1,9,0,0,0,0,1,E01007655,3,1,0.0,1.0,-1,6,30,1,1,1,15:20,4,1,1
2023010453517,2023,010453517,1,1,1,1,39,7,3,0,0,0,0,0,3,1,E01001155,-1,0,0.0,1.0,-1,9,30,9,1,9,13:32,4,2,3
2023010437019,2023,010437019,1,1,1,1,25,5,3,0,0,0,0,0,3,5,E01000607,-1,0,0.0,1.0,-1,6,20,2,1,2,16:43,3,2,3
2023361298059,2023,361298059,1,1,1,1,62,9,3,0,0,0,0,0,2,4,E01026765,3,1,0.0,1.0,-1,6,20,1,1,1,16:20,3,1,2
2023451381548,2023,451381548,1,1,1,2,13,3,3,0,0,0,0,0,-1,6,E01030681,3,1,0.0,1.0,-1,6,30,1,4,2,19:30,6,1,-1
2023061324266,2023,061324266,2,1,1,1,30,6,3,0,0,0,0,0,9,4,E01005730,3,1,0.0,1.0,-1,6,20,1,4,1,00:49,6,2,9
2023401362408,2023,401362408,2,1,1,2,34,6,3,0,0,0,0,0,9,2,E01016906,3,1,0.0,1.0,-1,3,40,1,1,-1,16:39,2,2,9
2023440117526,2023,440117526,1,1,1,1,60,9,3,0,0,0,0,0,9,1,E01017039,-1,0,0.01757,0.98243,-1,6,30,1,1,1,10:15,6,2,9
2023161285545,2023,161285545,2,2,2,1,3,1,3,0,0,2,0,0,9,3,E01007525,3,1,0.0,1.0,-1,6,60,8,6,2,18:10,6,2,9
2023122301199,2023,122301199,2,3,2,2,67,10,2,0,0,1,0,0,9,6,E01027797,-1,0,1.0,0.0,-1,6,60,1,1,1,14:06,1,2,9
2023501393479,2023,501393479,1,1,1,2,39,7,3,0,0,0,0,0,9,3,E01015161,3,1,0.0,1.0,-1,6,60,4,1,2,10:50,7,1,9
2023430108615,2023,430108615,1,1,1,1,36,7,3,0,0,0,0,0,9,7,E01017705,-1,0,0.00421,0.99579,-1,1,30,1,4,1,18:30,6,2,9
2023170L20203,2023,170L20203,1,1,1,2,39,7,3,0,0,0,0,0,9,7,E01012186,-1,0,0.01099,0.98901,-1,6,30,1,1,1,07:57,5,2,9
2023461306123,2023,461306123,3,3,2,2,48,8,3,0,0,1,0,0,9,7,E01001049,3,1,0.0,1.0,-1,3,50,1,1,1,15:20,1,3,9
2023451286532,2023,451286532,1,1,1,1,46,8,3,0,0,0,0,0,19,9,E01030904,3,1,0.0,1.0,-1,6,30,3,1,2,10:30,4,2,19
2023010440055,2023,010440055,1,1,1,2,33,6,3,0,0,0,0,0,9,6,E01001064,-1,0,0.0,1.0,-1,6,20,1,1,1,17:35,6,2,9
2023041276763,2023,041276763,2,3,1,2,33,6,3,0,0,0,0,0,9,7,E01025079,3,1,0.0,1.0,-1,3,50,1,1,1,12:28,2,2,9
2023161361373,2023,161361373,2,2,2,1,12,3,3,0,0,1,0,0,9,9,E01033297,3,1,0.0,1.0,-1,1,30,1,1,1,14:30,7,3,9
2023451329577,2023,451329577,1,4,2,2,18,4,3,0,0,2,0,0,9,10,E01030965,3,1,0.0,1.0,-1,3,70,1,6,2,22:45,6,1,9
2023010459725,2023,010459725,1,1,2,2,77,11,3,0,0,0,3,0,11,2,E01003932,-1,0,0.0,1.0,-1,3,20,1,1,1,16:24,4,1,11
2023010437306,2023,010437306,1,1,1,1,36,7,3,0,0,0,0,0,20,4,E01023681,-1,0,0.0,1.0,-1,9,30,1,4,1,01:03,6,2,20
2023411264976,2023,411264976,2,1,1,1,23,5,3,0,0,0,0,0,9,9,E01018029,3,1,0.0,1.0,-1,6,60,8,6,4,20:51,3,2,9
2023622300522,2023,622300522,1,1,1,1,35,6,3,0,0,0,0,0,9,4,W01000966,-1,0,0.04885,0.95115,-1,6,30,1,4,1,00:59,4,2,9
2023131393203,2023,131393203,1,1,1,2,32,6,2,0,0,0,0,0,9,3,E01010569,7,1,1.0,0.0,-1,3,70,2,5,2,00:05,7,2,9
2023161355900,2023,161355900,1,1,1,2,45,7,3,0,0,0,0,0,9,4,E01012904,3,1,0.0,1.0,-1,3,30,1,1,1,16:42,3,2,9
2023221304826,2023,221304826,1,1,1,1,53,8,3,0,0,0,0,0,9,6,E01032188,3,1,0.0,1.0,-1,6,30,2,1,2,09:53,7,2,9
2023411366809,2023,411366809,1,1,1,1,80,11,3,0,0,0,0,0,9,10,E01023966,3,1,0.0,1.0,-1,3,70,1,1,1,11:50,1,1,9
2023061346551,2023,061346551,2,1,1,1,44,7,3,0,0,0,0,0,9,3,E01006073,3,1,0.0,1.0,-1,6,30,1,1,1,15:30,1,3,9
2023351377220,2023,351377220,2,1,1,1,34,6,3,0,0,0,0,0,9,2,E01015610,3,1,0.0,1.0,-1,3,30,1,1,-1,13:00,2,2,9
2023010450977,2023,010450977,1,1,1,2,28,6,3,0,0,0,0,0,9,-1,-1,-1,0,0.0,1.0,-1,6,20,1,1,1,14:50,4,2,9
2023061294910,2023,061294910,1,3,2,1,22,5,2,0,0,1,0,0,9,2,E01012605,5,1,1.0,0.0,-1,6,20,1,4,1,01:18,1,1,9
2023421284606,2023,421284606,2,1,1,1,35,6,3,0,0,0,0,0,9,4,E01021293,3,1,0.0,1.0,-1,3,40,1,1,1,13:20,1,2,9
2023531329795,2023,531329795,1,2,1,1,83,11,2,0,0,0,0,0,9,-1,-1,6,1,1.0,0.0,-1,6,60,1,1,1,16:40,7,3,9
2023991361935,2023,991361935,2,1,2,2,18,4,3,0,0,1,0,0,9,1,-1,3,1,0.0,1.0,-1,6,30,1,4,2,18:40,3,2,9
2023010460144,2023,010460144,1,1,3,2,77,11,3,5,3,0,0,0,0,6,E01004714,-1,0,0.0,1.0,-1,6,20,1,1,1,17:48,6,1,9
2023520301031,2023,520301031,1,1,3,2,3,1,3,5,9,0,0,0,0,4,E01029119,-1,0,0.09297,0.90703,-1,6,20,1,1,1,15:45,4,1,9
2023010423469,2023,010423469,1,1,1,1,40,7,3,0,0,0,0,0,1,6,E01001952,-1,0,0.0,1.0,-1,6,20,1,4,9,21:25,3,2,1
2023010443524,2023,010443524,1,1,1,1,27,6,3,0,0,0,0,0,3,6,E01001573,-1,0,0.0,1.0,-1,9,20,1,1,1,16:36,4,2,3
2023010443289,2023,010443289,1,1,3,-1,6,2,3,1,9,0,0,0,0,7,E01004018,-1,0,0.0,1.0,-1,3,20,1,1,1,15:50,3,1,3
2023061315275,2023,061315275,2,1,1,1,48,8,3,0,0,0,0,0,1,1,E01005285,3,1,0.0,1.0,-1,3,30,1,1,1,14:45,5,2,1
2023010465249,2023,010465249,1,1,2,1,65,9,3,0,0,0,3,0,11,2,E01001491,-1,0,0.0,1.0,-1,6,20,1,1,1,09:37,2,1,11
2023610047723,2023,610047723,1,1,1,1,-1,-1,3,0,0,0,0,0,4,-1,-1,-1,0,0.15074,0.84926,-1,1,20,1,1,2,15:57,6,2,4
2023010443788,2023,010443788,1,1,1,2,52,8,3,0,0,0,0,0,9,2,E01000072,-1,0,0.0,1.0,-1,6,30,1,1,1,17:19,5,1,9
2023041307031,2023,041307031,1,1,1,1,22,5,2,0,0,0,0,0,9,3,E01025246,7,1,1.0,0.0,-1,6,30,2,1,1,19:50,7,2,9
2023340NN3652,2023,340NN3652,2,2,1,2,29,6,3,0,0,0,0,0,9,8,E01027094,-1,0,0.01224,0.98776,-1,6,30,1,1,1,13:30,5,2,9
2023461296472,2023,461296472,2,2,1,1,48,8,3,0,0,0,0,0,9,7,E01030832,3,1,0.0,1.0,-1,3,70,2,1,2,13:00,6,3,9
202363D004423,2023,63D004423,1,1,2,1,14,3,3,0,0,1,0,0,9,8,W01000453,-1,0,0.07941,0.92059,-1,6,60,1,1,3,08:45,4,1,9
2023101354083,2023,101354083,2,2,2,2,62,9,3,0,0,1,0,0,9,10,-1,3,1,0.0,1.0,-1,6,60,1,1,2,13:07,3,2,9
2023320387065,2023,320387065,2,1,1,1,74,10,3,0,0,0,0,0,9,8,E01028303,-1,0,0.1437,0.8563,-1,6,60,1,1,1,17:15,6,2,9
2023501299489,2023,501299489,1,1,1,2,18,4,3,0,0,0,0,0,9,5,E01020068,3,1,0.0,1.0,-1,6,60,1,1,1,11:22,6,1,9
2023041376319,2023,041376319,1,1,3,1,51,8,2,5,9,0,0,0,0,5,E01025009,7,1,1.0,0.0,-1,6,30,2,1,2,14:23,7,1,9
2023421356551,2023,421356551,1,1,3,1,78,11,3,1,1,0,0,0,0,1,E01015916,3,1,0.0,1.0,-1,6,30,1,1,1,11:50,1,1,9
2023141303676,2023,141303676,1,1,2,2,47,8,3,0,0,0,0,0,5,7,E01007400,3,1,0.0,1.0,-1,6,30,1,1,1,18:30,2,2,5
2023061292190,2023,061292190,1,4,2,2,21,5,3,0,0,2,0,0,9,2,E01004873,3,1,0.0,1.0,-1,6,30,1,1,1,11:52,5,2,9
2023411364333,2023,411364333,2,1,1,1,80,11,3,0,0,0,0,0,9,7,E01018227,3,1,0.0,1.0,-1,6,30,1,1,1,11:10,3,3,9
2023421307369,2023,421307369,2,1,1,2,34,6,3,0,0,0,0,0,9,5,E01021338,3,1,0.0,1.0,-1,3,30,1,1,1,13:27,1,2,9
2023302301999,2023,302301999,2,1,1,2,26,6,3,0,0,0,0,0,9,-1,-1,-1,0,0.02858,0.97142,-1,6,30,1,1,1,11:19,4,2,9
2023351329543,2023,351329543,2,2,1,1,48,8,2,0,0,0,0,0,9,10,E01018284,7,1,1.0,0.0,-1,3,70,5,1,5,15:55,6,3,9
2023451284228,2023,451284228,1,1,1,2,80,11,3,0,0,0,0,0,9,6,E01030677,3,1,0.0,1.0,-1,6,30,1,4,2,20:33,3,1,9
2023451352111,2023,451352111,2,1,1,1,44,7,3,0,0,0,0,0,9,6,E01030653,3,1,0.0,1.0,-1,6,30,1,1,1,08:30,4,3,9
2023991297034,2023,991297034,1,1,1,1,31,6,2,0,0,0,0,0,9,9,-1,5,1,1.0,0.0,-1,6,30,1,1,1,17:52,7,1,9
2023461317680,2023,461317680,2,1,1,2,19,4,2,0,0,0,0,0,9,6,E01024225,7,1,1.0,0.0,-1,6,30,1,1,1,11:02,7,2,9
2023131281194,2023,131281194,2,2,2,2,8,2,3,0,0,1,0,0,9,4,E01010784,3,1,0.0,1.0,-1,6,30,1,1,1,15:20,1,2,9
2023170S11453,2023,170S11453,2,1,2,1,43,7,3,0,0,2,0,0,9,7,E01012270,-1,0,0.01747,0.98253,-1,6,30,1,1,1,14:40,1,3,9
2023302300139,2023,302300139,2,2,1,2,43,7,3,0,0,0,0,0,9,7,E01019711,-1,0,0.01148,0.98852,-1,6,30,3,4,3,07:01,4,2,9
2023451362563,2023,451362563,1,1,1,2,25,5,3,0,0,0,0,0,9,7,E01023135,3,1,0.0,1.0,-1,6,30,1,1,2,12:48,6,2,9
2023552300343,2023,552300343,2,2,2,2,67,10,3,0,0,1,0,0,9,5,E01020454,-1,0,0.10108,0.89892,-1,6,50,1,1,1,13:51,3,2,9
2023622300363,2023,622300363,2,2,1,2,48,8,3,0,0,0,0,0,9,10,W01001842,-1,0,0.00655,0.99345,-1,3,70,1,1,1,11:17,2,2,9
2023010436029,2023,010436029,1,1,1,1,38,7,3,0,0,0,0,0,1,5,E01003080,-1,0,0.0,1.0,-1,2,30,1,1,1,08:15,4,2,1
2023991389824,2023,991389824,1,1,1,1,64,9,3,0,0,0,0,0,21,3,-1,3,1,0.0,1.0,-1,6,60,2,1,2,09:45,2,2,21
2023010457568,2023,010457568,2,1,1,1,20,4,3,0,0,0,0,0,3,2,E01004024,-1,0,0.0,1.0,-1,6,20,1,1,1,14:30,5,2,3
2023010484181,2023,010484181,1,1,1,1,43,7,3,0,0,0,0,0,4,2,E01002056,-1,0,0.0,1.0,-1,3,20,1,1,1,14:30,6,2,4
2023010466631,2023,010466631,1,1,3,1,50,8,3,10,9,0,0,0,0,6,E01001937,-1,0,0.0,1.0,-1,9,20,9,4,9,22:30,2,1,9
2023101383582,2023,101383582,2,1,1,1,36,7,2,0,0,0,0,0,4,-1,-1,6,1,1.0,0.0,-1,6,30,1,4,1,18:04,4,2,4
2023211388883,2023,211388883,1,1,3,1,25,5,2,9,9,0,0,0,0,9,E01010515,5,1,1.0,0.0,-1,6,40,1,6,1,00:52,7,1,9
2023461346762,2023,461346762,1,1,3,1,27,6,2,9,6,0,0,2,0,5,E01016065,7,1,1.0,0.0,-1,6,20,2,1,2,15:19,5,2,9
2023041329948,2023,041329948,1,1,1,2,31,6,3,0,0,0,0,0,1,9,E01025491,3,1,0.0,1.0,-1,3,50,1,1,1,08:15,7,2,1
2023010455742,2023,010455742,1,1,3,1,12,3,2,4,1,0,0,0,0,3,E01002528,-1,0,1.0,0.0,-1,6,30,1,1,1,16:06,2,1,9
2023061333304,2023,061333304,1,1,3,1,6,2,2,5,4,0,0,0,0,2,E01005616,7,1,1.0,0.0,-1,6,30,1,1,1,15:34,3,1,9
2023201344127,2023,201344127,1,1,3,1,23,5,2,6,9,0,0,2,0,1,E01009638,7,1,1.0,0.0,-1,6,30,1,1,1,18:09,6,1,9
2023451300314,2023,451300314,3,4,2,2,22,5,3,0,0,2,0,0,9,10,E01030811,3,1,0.0,1.0,-1,6,50,1,1,1,15:35,1,3,9
2023991302599,2023,991302599,1,2,2,2,42,7,3,0,0,1,0,0,9,2,-1,3,1,0.0,1.0,-1,6,30,1,1,2,19:40,1,2,9
2023010466197,2023,010466197,1,1,1,1,26,6,3,0,0,0,0,0,9,4,E01000039,-1,0,0.0,1.0,-1,6,30,1,4,1,08:24,4,2,9
2023061270185,2023,061270185,2,1,1,2,39,7,3,0,0,0,0,0,9,9,E01018420,3,1,0.0,1.0,-1,6,30,1,4,2,20:45,7,2,9
2023231265859,2023,231265859,2,1,1,2,47,8,3,0,0,0,0,0,9,9,E01026998,3,1,0.0,1.0,-1,6,40,1,6,1,21:36,7,2,9
2023461393177,2023,461393177,2,1,1,1,60,9,3,0,0,0,0,0,9,4,E01026280,3,1,0.0,1.0,-1,7,50,1,4,1,22:26,6,2,9
2023351406863,2023,351406863,1,5,2,1,13,3,3,0,0,0,4,0,11,2,E01026716,3,1,0.0,1.0,-1,6,60,2,7,2,16:36,2,2,11
2023471350128,2023,471350128,3,1,1,1,23,5,3,0,0,0,0,0,9,4,E01021802,3,1,0.0,1.0,-1,6,30,1,1,1,13:33,5,3,9
2023131267050,2023,131267050,2,1,1,1,60,9,2,0,0,0,0,0,9,1,E01011838,6,1,1.0,0.0,-1,6,30,1,1,1,13:45,2,3,9
2023351360120,2023,351360120,2,1,1,2,28,6,2,0,0,0,0,0,9,10,E01033428,7,1,1.0,0.0,-1,6,40,1,1,-1,15:45,6,3,9
2023543974423,2023,543974423,1,2,2,1,21,5,3,0,0,1,0,0,9,5,E01020587,-1,0,0.07323,0.92677,-1,1,40,1,4,1,01:00,1,1,9
2023010426633,2023,010426633,1,1,2,1,5,1,3,0,0,0,1,0,11,2,E01033581,-1,0,0.0,1.0,-1,6,30,1,1,1,11:30,7,1,11
2023351311218,2023,351311218,3,3,1,1,58,9,3,0,0,0,0,0,9,5,E01018017,3,1,0.0,1.0,-1,6,30,1,1,1,17:24,5,4,9
2023461288929,2023,461288929,1,1,1,2,20,4,3,0,0,0,0,0,9,9,E01024275,3,1,0.0,1.0,-1,6,30,1,4,1,19:00,3,3,9
2023552301147,2023,552301147,2,2,1,1,48,8,3,0,0,0,0,0,9,6,E01020493,-1,0,0.03384,0.96616,-1,6,30,1,1,1,16:21,5,2,9
2023991327259,2023,991327259,2,3,1,1,47,8,3,0,0,0,0,0,9,-1,-1,3,1,0.0,1.0,-1,6,60,1,1,1,11:00,7,2,9
2023340WN5782,2023,340WN5782,1,1,1,1,47,8,3,0,0,0,0,0,19,1,E01021306,-1,0,0.06295,0.93705,-1,3,70,1,1,1,07:45,3,2,19
2023552300270,2023,552300270,2,2,1,2,53,8,3,0,0,0,0,0,9,7,E01020509,-1,0,0.01991,0.98009,-1,6,60,1,6,1,18:05,2,2,9
2023010424731,2023,010424731,1,1,1,1,26,6,3,0,0,0,0,0,19,2,E01000154,-1,0,0.0,1.0,-1,6,30,1,4,1,06:30,4,2,19
2023010434044,2023,010434044,1,1,1,1,34,6,3,0,0,0,0,0,3,3,E01000138,-1,0,0.0,1.0,-1,6,20,1,1,1,13:15,6,2,3
2023010461338,2023,010461338,1,1,1,1,35,6,3,0,0,0,0,0,3,3,E01000622,-1,0,0.0,1.0,-1,9,30,9,1,9,11:15,6,2,3
2023471272094,2023,471272094,1,1,1,2,24,5,3,0,0,0,0,0,-1,4,E01016857,3,1,0.0,1.0,-1,6,20,1,1,1,13:35,6,2,-1
2023430527688,2023,430527688,1,1,2,2,80,11,3,0,0,1,0,0,9,10,E01017754,-1,0,0.10666,0.89334,-1,6,20,1,6,1,18:33,5,2,9
2023631377968,2023,631377968,1,1,1,1,54,8,2,0,0,0,0,0,19,4,E01025843,5,1,1.0,0.0,-1,6,60,2,6,2,02:06,6,1,19
2023122300596,2023,122300596,2,2,1,2,44,7,3,0,0,0,0,0,9,8,E01027635,-1,0,0.00967,0.99033,-1,3,70,1,1,1,08:46,3,2,9
2023461282564,2023,461282564,1,1,3,1,26,6,3,10,9,0,0,0,0,5,E01033087,3,1,0.0,1.0,-1,6,30,1,4,1,19:14,2,1,9
2023201291597,2023,201291597,2,1,1,1,57,9,3,0,0,0,0,0,1,1,E01009929,3,1,0.0,1.0,-1,6,30,1,1,1,08:30,3,2,1
2023101341271,2023,101341271,1,2,2,2,85,11,3,0,0,1,0,0,9,9,E01008442,3,1,0.0,1.0,-1,6,60,1,1,1,16:29,7,1,9
2023141281495,2023,141281495,1,1,1,1,29,6,3,0,0,0,0,0,9,-1,-1,3,1,0.0,1.0,-1,3,40,2,1,2,17:28,3,2,9
2023311295967,2023,311295967,1,1,1,1,36,7,2,0,0,0,0,0,21,-1,-1,7,1,1.0,0.0,-1,1,50,2,1,2,15:51,4,1,21
2023451356676,2023,451356676,2,1,1,1,18,4,1,0,0,0,0,0,3,8,E01030915,1,1,0.0,0.0,-1,6,40,1,4,1,20:30,3,2,3
2023520301635,2023,520301635,1,1,1,1,31,6,2,0,0,0,0,0,5,7,E01029250,-1,0,1.0,0.0,-1,6,60,1,1,1,11:35,5,2,5
2023061289699,2023,061289699,2,1,1,2,30,6,3,0,0,0,0,0,9,9,E01018390,3,1,0.0,1.0,-1,3,30,9,4,1,20:23,3,2,9
2023061354983,2023,061354983,2,2,2,1,18,4,3,0,0,1,0,0,9,5,E01005362,3,1,0.0,1.0,-1,3,30,1,1,1,12:45,7,2,9
2023201312818,2023,201312818,2,1,1,1,66,10,3,0,0,0,0,0,9,7,E01029613,3,1,0.0,1.0,-1,3,70,2,4,2,22:20,2,2,9
2023201409993,2023,201409993,1,1,3,2,27,6,3,5,9,0,0,0,0,1,E01008940,3,1,0.0,1.0,-1,3,40,1,1,1,09:35,7,1,9
2023201295818,2023,201295818,1,1,1,1,20,4,3,0,0,0,0,0,9,4,E01009289,3,1,0.0,1.0,-1,6,30,1,1,1,06:16,6,1,9
2023552300830,2023,552300830,1,1,1,1,33,6,2,0,0,0,0,0,9,6,E01020586,-1,0,1.0,0.0,-1,6,50,1,7,1,23:03,3,2,9
2023991339159,2023,991339159,1,1,3,1,70,10,3,10,9,0,0,0,0,2,-1,3,1,0.0,1.0,-1,6,30,1,1,1,15:10,2,1,11
2023010453341,2023,010453341,2,1,1,2,58,9,3,0,0,0,0,0,1,7,E01002577,-1,0,0.0,1.0,-1,6,20,1,1,1,08:16,4,2,1
2023320789507,2023,320789507,1,1,1,2,67,10,3,0,0,0,0,0,9,7,E01026014,-1,0,0.08685,0.91315,-1,6,60,2,1,2,14:45,2,1,9
2023340WN7052,2023,340WN7052,1,1,1,1,34,6,3,0,0,0,0,0,21,3,E01027009,-1,0,0.13808,0.86192,-1,6,60,1,6,2,18:45,7,2,21
2023440408858,2023,440408858,2,1,1,1,57,9,2,0,0,0,0,0,1,2,E01017276,-1,0,1.0,0.0,-1,6,30,1,1,1,14:20,6,2,1
2023101382013,2023,101382013,2,1,1,1,59,9,3,0,0,0,0,0,4,10,E01008551,3,1,0.0,1.0,-1,6,20,3,4,3,18:00,5,2,4
2023041334744,2023,041334744,2,2,2,2,41,7,3,0,0,1,0,0,9,9,E01005587,3,1,0.0,1.0,-1,6,30,1,1,1,16:57,7,4,9
2023201310416,2023,201310416,2,1,2,2,20,4,3,0,0,1,0,0,9,4,E01009231,3,1,0.0,1.0,-1,3,40,1,1,1,16:20,7,2,9
2023471325005,2023,471325005,1,1,1,1,23,5,2,0,0,0,0,0,9,10,E01021052,7,1,1.0,0.0,-1,6,60,1,1,1,15:16,7,2,9
2023161272812,2023,161272812,1,1,2,2,-1,-1,3,0,0,0,4,0,11,1,E01012857,3,1,0.0,1.0,-1,3,30,2,1,2,15:31,6,3,11
2023010484025,2023,010484025,1,1,1,1,21,5,3,0,0,0,0,0,90,3,E01002728,-1,0,0.0,1.0,-1,6,30,8,4,1,20:40,4,1,90
2023010461458,2023,010461458,2,1,1,1,23,5,2,0,0,0,0,0,4,7,E01001343,-1,0,1.0,0.0,-1,6,20,2,4,2,21:40,6,2,4
2023461371014,2023,461371014,1,2,2,2,22,5,3,0,0,0,0,0,19,10,E01024778,3,1,0.0,1.0,-1,6,40,1,1,2,12:16,7,1,19
2023070710399,2023,070710399,1,2,2,2,50,8,3,0,0,1,0,0,21,-1,-1,-1,0,0.05725,0.94275,-1,6,60,1,1,1,12:25,6,2,21
2023041327834,2023,041327834,1,1,1,1,17,4,3,0,0,0,0,0,97,8,E01025038,3,1,0.0,1.0,-1,6,20,1,1,1,07:52,2,2,97
2023440487842,2023,440487842,2,2,1,1,40,7,2,0,0,0,0,0,19,8,E01023004,-1,0,1.0,0.0,-1,6,40,1,1,2,07:41,4,2,19
2023041281070,2023,041281070,2,2,2,1,62,9,3,0,0,1,0,0,9,7,E01025033,3,1,0.0,1.0,-1,7,70,1,1,1,17:22,7,2,9
2023052300970,2023,052300970,2,1,2,1,4,1,3,0,0,0,4,0,11,7,E01007305,-1,0,0.06151,0.93849,-1,6,30,2,1,2,07:10,6,4,11
2023010485027,2023,010485027,1,1,1,1,36,7,3,0,0,0,0,0,1,6,E01000407,-1,0,0.0,1.0,-1,6,20,8,4,1,20:00,3,2,1
2023101333426,2023,101333426,2,1,1,2,30,6,3,0,0,0,0,0,1,2,E01008693,3,1,0.0,1.0,-1,6,30,1,1,1,19:14,2,2,1
2023122300991,2023,122300991,1,1,1,2,76,11,2,0,0,0,0,0,9,9,E01027737,-1,0,1.0,0.0,-1,6,60,2,1,2,15:41,6,3,9
2023302301986,2023,302301986,1,1,1,2,41,7,3,0,0,0,0,0,9,5,E01019501,-1,0,0.02589,0.97411,-1,6,30,1,4,1,21:12,5,2,9
2023991367076,2023,991367076,2,1,1,2,19,4,3,0,0,0,0,0,9,7,-1,3,1,0.0,1.0,-1,3,70,2,1,2,16:20,4,2,9
2023991327539,2023,991327539,1,1,1,1,15,3,2,0,0,0,0,0,-1,8,-1,7,1,1.0,0.0,-1,6,20,1,1,1,14:30,1,1,-1
2023010425211,2023,010425211,2,1,2,1,26,6,3,0,0,2,0,0,9,5,E01023358,-1,0,0.0,1.0,-1,3,30,1,4,1,20:10,6,2,9
2023031271649,2023,031271649,1,1,1,1,41,7,3,0,0,0,0,0,9,5,E01025100,3,1,0.0,1.0,-1,3,70,1,6,1,18:56,5,1,9
2023320101641,2023,320101641,3,2,1,1,17,4,3,0,0,0,0,0,3,6,E01026244,-1,0,0.05983,0.94017,-1,6,30,1,1,1,17:00,5,3,3
2023622300391,2023,622300391,1,1,1,1,41,7,3,0,0,0,0,0,3,6,W01001263,-1,0,0.13155,0.86845,-1,6,30,1,1,2,17:17,3,2,3
2023122301139,2023,122301139,1,1,1,1,30,6,3,0,0,0,0,0,9,5,E01027776,-1,0,0.10719,0.89281,-1,6,60,1,1,1,20:13,4,1,9
2023311360602,2023,311360602,2,1,2,2,6,2,3,0,0,2,0,0,9,-1,-1,3,1,0.0,1.0,-1,6,20,1,4,1,21:35,7,2,9