collision_index,collision_year,collision_ref_no,vehicle_reference,casualty_reference,casualty_class,sex_of_casualty,age_of_casualty,age_band_of_casualty,casualty_severity,pedestrian_location,pedestrian_movement,car_passenger,bus_or_coach_passenger,pedestrian_road_maintenance_worker,casualty_type,casualty_imd_decile,lsoa_of_casualty,enhanced_casualty_severity,casualty_injury_based,casualty_adjusted_severity_serious,casualty_adjusted_severity_slight,casualty_distance_banding,road_type,speed_limit,weather_conditions,light_conditions,road_surface_conditions,time,day_of_week,number_of_vehicles,vehicle_type
2023010447998,2023,010447998,1,1,1,2,27,6,3,0,0,0,0,0,9,2,E01003066,-1,0,0.0,1.0,-1,6,30,1,1,1,19:03,5,2,9
2023010457657,2023,010457657,1,1,1,2,40,7,3,0,0,0,0,0,9,7,E01002871,-1,0,0.0,1.0,-1,6,20,8,1,1,08:40,6,2,9
2023351372847,2023,351372847,22,1,1,1,56,9,3,0,0,0,0,0,9,9,E01018124,3,1,0.0,1.0,-1,3,30,1,1,1,12:04,1,2,9
2023371346772,2023,371346772,2,1,1,1,19,4,3,0,0,0,0,0,9,4,E01030295,3,1,0.0,1.0,-1,6,30,1,1,1,16:30,6,2,9
2023371375330,2023,371375330,2,2,1,2,28,6,2,0,0,0,0,0,9,5,E01030185,7,1,1.0,0.0,-1,6,30,2,1,2,13:40,1,2,9
2023461371170,2023,461371170,2,1,2,2,23,5,3,0,0,2,0,0,9,3,E01016022,3,1,0.0,1.0,-1,1,20,1,4,1,05:40,3,2,9
2023010485307,2023,010485307,2,1,1,1,21,5,3,0,0,0,0,0,19,4,E01001321,-1,0,0.0,1.0,-1,1,40,4,1,2,10:02,5,2,19
2023161317437,2023,161317437,1,3,3,2,40,7,3,5,3,0,0,0,0,1,E01013300,3,1,0.0,1.0,-1,6,30,1,1,1,11:13,6,1,9
2023010475314,2023,010475314,1,1,1,1,30,6,3,0,0,0,0,0,9,8,E01002499,-1,0,0.0,1.0,-1,1,20,2,1,2,12:10,4,2,9
2023041365700,2023,041365700,1,3,1,1,48,8,3,0,0,0,0,0,9,5,E01024917,3,1,0.0,1.0,-1,6,50,1,1,1,14:20,1,2,9
2023552301056,2023,552301056,1,1,2,2,16,4,2,0,0,2,0,0,9,5,E01020469,-1,0,1.0,0.0,-1,6,60,1,6,1,00:07,5,1,9
2023552301082,2023,552301082,1,1,2,1,10,2,2,0,0,2,0,0,9,9,E01032642,-1,0,1.0,0.0,-1,3,40,1,1,1,12:37,2,2,9
2023631373094,2023,631373094,2,1,1,1,57,9,3,0,0,0,0,0,90,5,W01000971,3,1,0.0,1.0,-1,6,60,1,1,1,13:00,6,2,90
2023010432311,2023,010432311,1,1,3,2,81,11,2,5,3,0,0,0,0,2,E01000870,-1,0,1.0,0.0,-1,6,20,1,1,1,12:00,4,1,11
2023010424802,2023,010424802,2,1,1,1,27,6,3,0,0,0,0,0,1,5,E01000194,-1,0,0.0,1.0,-1,3,30,1,4,1,19:39,4,2,1
2023010437586,2023,010437586,2,1,1,1,37,7,3,0,0,0,0,0,1,2,E01000151,-1,0,0.0,1.0,-1,6,30,1,1,1,18:21,7,2,1
2023131281523,2023,131281523,1,1,1,2,37,7,3,0,0,0,0,0,9,3,E01011125,3,1,0.0,1.0,-1,6,20,2,4,2,20:10,3,2,9
2023122301279,2023,122301279,2,2,1,1,52,8,2,0,0,0,0,0,8,1,E01033468,-1,0,1.0,0.0,-1,6,40,1,1,1,08:33,3,2,8
2023052302505,2023,052302505,2,1,1,1,45,7,3,0,0,0,0,0,9,2,E01006441,-1,0,0.03033,0.96967,-1,6,30,2,1,2,12:40,6,2,9
2023440389772,2023,440389772,2,1,1,2,80,11,3,0,0,0,0,0,9,9,E01022496,-1,0,0.10386,0.89614,-1,6,50,1,1,1,11:34,1,2,9
2023501350572,2023,501350572,1,1,1,1,22,5,3,0,0,0,0,0,9,4,E01018783,3,1,0.0,1.0,-1,6,60,4,6,1,00:16,7,1,9
2023520300781,2023,520300781,1,1,1,2,21,5,3,0,0,0,0,0,9,6,E01029195,-1,0,0.02873,0.97127,-1,6,30,1,4,1,19:37,5,2,9
2023052300486,2023,052300486,2,1,1,2,38,7,2,0,0,0,0,0,9,9,E01006597,-1,0,1.0,0.0,-1,3,40,1,1,1,17:00,4,2,9
2023131284193,2023,131284193,1,1,1,2,42,7,3,0,0,0,0,0,9,3,E01011137,3,1,0.0,1.0,-1,3,30,1,1,1,07:55,3,4,9
2023320337345,2023,320337345,1,4,2,2,61,9,3,0,0,1,0,0,9,1,E01012900,-1,0,0.07501,0.92499,-1,6,60,1,1,1,13:10,6,2,9
2023552300524,2023,552300524,1,1,1,2,70,10,3,0,0,0,0,0,9,7,E01020507,-1,0,0.09221,0.90779,-1,6,60,1,1,1,08:59,4,2,9
2023010469026,2023,010469026,1,1,1,1,57,9,3,0,0,0,0,0,1,9,E01002467,-1,0,0.0,1.0,-1,6,30,1,1,1,18:35,5,2,1
2023111364839,2023,111364839,1,1,1,2,32,6,3,0,0,0,0,0,9,9,E01020666,3,1,0.0,1.0,-1,3,70,2,4,5,04:00,5,2,9
2023311286791,2023,311286791,3,1,1,2,25,5,3,0,0,0,0,0,9,8,E01028138,3,1,0.0,1.0,-1,3,70,2,1,2,17:13,3,5,9
2023010480526,2023,010480526,1,1,3,1,27,6,2,1,1,0,0,0,0,6,E01002618,-1,0,1.0,0.0,-1,3,30,2,4,2,18:10,2,1,11
2023361366413,2023,361366413,1,1,1,1,49,8,2,0,0,0,0,0,1,8,E01026855,6,1,1.0,0.0,-1,6,30,2,1,2,18:00,1,2,1
2023010427191,2023,010427191,1,1,1,1,49,8,3,0,0,0,0,0,9,5,E01000662,-1,0,0.0,1.0,-1,6,30,1,4,1,18:52,3,2,9
2023440516334,2023,440516334,1,1,1,1,18,4,3,0,0,0,0,0,9,10,E01022581,-1,0,0.07483,0.92517,-1,6,30,1,6,2,21:12,2,1,9
202363A109624,2023,63A109624,1,1,1,1,57,9,2,0,0,0,0,0,4,-1,-1,-1,0,1.0,0.0,-1,6,60,1,1,1,14:23,4,1,4
2023122300849,2023,122300849,1,1,1,2,32,6,3,0,0,0,0,0,9,7,E01012935,-1,0,0.06919,0.93081,-1,6,60,1,1,1,09:00,2,1,9
2023340WN6152,2023,340WN6152,1,2,1,1,30,6,3,0,0,0,0,0,9,7,W01001882,-1,0,0.07398,0.92602,-1,6,60,1,6,2,18:05,4,2,9
2023501288565,2023,501288565,2,1,1,2,43,7,3,0,0,0,0,0,9,7,E01020045,3,1,0.0,1.0,-1,6,30,1,1,1,16:40,6,2,9
202360A123537,2023,60A123537,2,1,1,2,29,6,3,0,0,0,0,0,9,-1,-1,-1,0,0.00981,0.99019,-1,6,30,1,1,1,16:00,6,2,9
2023221364105,2023,221364105,2,2,1,1,57,9,3,0,0,0,0,0,19,6,E01010082,3,1,0.0,1.0,-1,6,60,1,1,1,08:50,6,3,19
2023010426575,2023,010426575,2,1,1,1,30,6,3,0,0,0,0,0,9,3,E01001999,-1,0,0.0,1.0,-1,6,20,1,4,1,03:45,7,2,9
2023041392032,2023,041392032,1,2,2,2,90,11,3,0,0,1,0,0,9,7,E01005005,3,1,0.0,1.0,-1,6,40,8,4,2,16:00,1,3,9
2023311287628,2023,311287628,1,1,1,1,22,5,3,0,0,0,0,0,9,5,E01028036,3,1,0.0,1.0,-1,6,60,1,6,2,21:57,6,2,9
2023440247157,2023,440247157,1,1,1,2,41,7,3,0,0,0,0,0,9,6,E01022640,-1,0,0.04728,0.95272,-1,6,30,1,1,1,15:35,4,2,9
2023471364415,2023,471364415,2,1,1,2,56,9,3,0,0,0,0,0,9,7,E01031837,3,1,0.0,1.0,-1,3,70,5,6,2,17:36,4,3,9
2023311260693,2023,311260693,1,1,1,1,33,6,3,0,0,0,0,0,9,3,E01027931,3,1,0.0,1.0,-1,3,50,1,1,2,15:38,7,1,9
2023351358441,2023,351358441,1,1,1,1,86,11,2,0,0,0,0,0,9,9,E01018161,6,1,1.0,0.0,-1,6,60,1,1,1,12:00,7,3,9
2023471282187,2023,471282187,2,3,1,1,59,9,3,0,0,0,0,0,9,7,E01031536,3,1,0.0,1.0,-1,6,30,1,1,2,07:27,5,2,9
2023010426626,2023,010426626,2,1,1,1,25,5,3,0,0,0,0,0,1,3,E01003606,-1,0,0.0,1.0,-1,6,30,1,1,1,13:15,7,2,1
2023320348307,2023,320348307,1,1,1,1,79,11,3,0,0,0,0,0,5,7,E01007798,-1,0,0.22203,0.77797,-1,6,30,1,1,1,14:00,4,2,5
2023471359756,2023,471359756,1,1,2,1,62,9,3,0,0,0,4,0,11,1,E01016885,3,1,0.0,1.0,-1,1,40,9,7,1,18:08,1,1,11
2023451393429,2023,451393429,3,4,2,2,23,5,3,0,0,1,0,0,9,7,E01030583,3,1,0.0,1.0,-1,3,70,4,1,1,14:11,5,3,9
2023461387337,2023,461387337,2,2,1,2,74,10,3,0,0,0,0,0,9,6,E01024054,3,1,0.0,1.0,-1,6,50,1,6,2,16:33,6,3,9
2023211365389,2023,211365389,1,2,1,1,26,6,3,0,0,0,0,0,19,5,E01013582,3,1,0.0,1.0,-1,6,60,1,1,2,13:10,6,2,19
2023622300352,2023,622300352,1,1,3,1,13,3,3,1,1,0,0,0,0,1,W01001222,-1,0,0.10512,0.89488,-1,6,30,1,1,1,15:38,1,1,9
2023302301667,2023,302301667,2,2,1,1,16,4,2,0,0,0,0,0,-1,1,E01013487,-1,0,1.0,0.0,-1,6,30,2,4,2,23:45,4,2,-1
2023311368402,2023,311368402,1,1,2,2,60,9,3,0,0,0,4,0,11,4,E01028252,3,1,0.0,1.0,-1,6,30,1,1,1,17:20,6,1,11
2023411314086,2023,411314086,2,1,1,1,39,7,3,0,0,0,0,0,9,8,E01016121,3,1,0.0,1.0,-1,3,70,1,1,1,08:40,5,2,9
2023161359907,2023,161359907,1,1,1,1,34,6,1,0,0,0,0,0,23,1,E01012833,1,1,0.0,0.0,-1,1,30,1,1,2,09:59,5,2,23
2023548526423,2023,548526423,2,1,1,1,48,8,3,0,0,0,0,0,3,8,E01015552,-1,0,0.10798,0.89202,-1,1,30,1,1,1,13:55,1,2,3
2023010434829,2023,010434829,1,1,3,1,46,8,3,1,1,0,0,0,0,2,E01001976,-1,0,0.0,1.0,-1,6,20,1,1,1,10:35,4,1,9
2023010477997,2023,010477997,1,1,3,2,46,8,3,5,3,0,0,0,0,3,E01001505,-1,0,0.0,1.0,-1,6,30,8,4,2,19:30,4,1,9
2023371341190,2023,371341190,1,1,3,1,61,9,2,10,9,0,0,0,0,5,E01029992,7,1,1.0,0.0,-1,6,30,1,1,1,11:46,1,3,9
2023991376217,2023,991376217,1,1,3,2,42,7,2,5,9,0,0,2,0,7,-1,7,1,1.0,0.0,-1,6,30,8,4,2,00:25,1,1,11
2023010458995,2023,010458995,1,1,1,2,29,6,3,0,0,0,0,0,1,1,E01001944,-1,0,0.0,1.0,-1,2,20,1,4,1,22:17,6,2,1
2023070186111,2023,070186111,1,1,1,1,16,4,2,0,0,0,0,0,1,3,E01018423,-1,0,1.0,0.0,-1,9,20,1,1,1,12:00,7,2,1
2023010477182,2023,010477182,1,1,1,1,26,6,3,0,0,0,0,0,3,4,E01001087,-1,0,0.0,1.0,-1,6,20,1,4,2,17:07,4,2,3
2023141389112,2023,141389112,2,1,1,1,62,9,3,0,0,0,0,0,4,6,E01019816,3,1,0.0,1.0,-1,6,30,1,1,2,10:18,7,2,4
2023010437855,2023,010437855,1,2,2,1,2,1,3,0,0,2,0,0,9,3,E01003339,-1,0,0.0,1.0,-1,3,20,1,1,1,13:00,2,2,9
2023061264611,2023,061264611,2,2,1,1,69,10,3,0,0,0,0,0,9,2,E01005674,3,1,0.0,1.0,-1,6,30,1,4,2,16:55,3,2,9
2023332300580,2023,332300580,1,1,2,2,41,7,3,0,0,1,0,0,9,10,E01025860,-1,0,0.01081,0.98919,-1,6,30,1,1,1,14:20,5,2,9
2023440363828,2023,440363828,1,1,1,2,55,8,3,0,0,0,0,0,9,8,E01023089,-1,0,0.05233,0.94767,-1,6,20,1,1,1,11:50,5,2,9
2023461275454,2023,461275454,2,1,1,2,47,8,3,0,0,0,0,0,9,7,E01024388,3,1,0.0,1.0,-1,6,30,1,4,1,19:00,3,2,9
2023451354576,2023,451354576,1,1,1,1,48,8,2,0,0,0,0,0,1,8,E01030565,7,1,1.0,0.0,-1,6,30,5,6,2,19:40,4,1,1
2023481359369,2023,481359369,2,1,1,1,18,4,3,0,0,0,0,0,1,-1,-1,3,1,0.0,1.0,-1,3,20,1,4,1,05:24,5,2,1
2023010441697,2023,010441697,1,1,1,2,55,8,3,0,0,0,0,0,9,2,E01002392,-1,0,0.0,1.0,-1,3,40,1,1,1,18:45,1,1,9
2023421355417,2023,421355417,1,1,2,2,16,4,2,0,0,2,0,0,9,5,E01021810,5,1,1.0,0.0,-1,6,30,1,4,1,12:47,6,1,9
2023531284086,2023,531284086,1,1,3,1,56,9,3,8,8,0,0,0,0,6,E01022187,3,1,0.0,1.0,-1,6,30,1,1,1,10:50,3,1,9
2023161288361,2023,161288361,1,3,2,1,14,3,3,0,0,2,0,0,9,6,E01013276,3,1,0.0,1.0,-1,7,70,1,1,1,10:45,1,1,9
2023461362171,2023,461362171,2,2,2,2,15,3,3,0,0,2,0,0,9,9,E01024376,3,1,0.0,1.0,-1,3,70,1,1,1,09:50,6,3,9
2023471316018,2023,471316018,2,1,1,1,22,5,3,0,0,0,0,0,9,1,E01016885,3,1,0.0,1.0,-1,6,20,1,1,1,07:45,2,2,9
2023131353647,2023,131353647,1,1,3,2,89,11,3,6,9,0,0,2,0,4,E01032489,3,1,0.0,1.0,-1,9,20,9,1,1,10:30,7,1,22
2023010468023,2023,010468023,1,1,1,1,40,7,3,0,0,0,0,0,9,9,E01002376,-1,0,0.0,1.0,-1,7,50,1,1,1,17:40,1,5,9
2023052300470,2023,052300470,1,1,2,2,91,11,3,0,0,1,0,0,9,10,E01007191,-1,0,0.12079,0.87921,-1,1,40,1,1,1,15:35,6,2,9
2023520300691,2023,520300691,2,2,1,1,69,10,2,0,0,0,0,0,9,5,E01029066,-1,0,1.0,0.0,-1,6,60,1,1,1,12:30,1,2,9
2023122300402,2023,122300402,2,1,1,1,50,8,3,0,0,0,0,0,1,5,E01008969,-1,0,0.12685,0.87315,-1,6,30,1,1,1,17:45,4,2,1
2023471356139,2023,471356139,2,2,1,2,30,6,3,0,0,0,0,0,9,4,E01020918,3,1,0.0,1.0,-1,6,30,1,1,1,11:50,2,3,9
2023520301540,2023,520301540,1,1,1,1,33,6,3,0,0,0,0,0,9,7,E01014808,-1,0,0.04791,0.95209,-1,3,70,5,1,2,09:00,4,3,9
2023141307630,2023,141307630,2,1,1,2,41,7,3,0,0,0,0,0,9,3,E01007772,3,1,0.0,1.0,-1,6,30,1,1,1,16:35,2,2,9
2023201277800,2023,201277800,2,1,1,1,32,6,3,0,0,0,0,0,9,2,E01009043,3,1,0.0,1.0,-1,6,30,1,4,1,18:46,7,3,9
2023351388612,2023,351388612,2,2,1,2,75,10,2,0,0,0,0,0,9,9,E01033426,7,1,1.0,0.0,-1,6,40,2,7,2,18:42,4,2,9
2023430442663,2023,430442663,1,2,2,1,68,10,3,0,0,1,0,0,9,10,E01017607,-1,0,0.09928,0.90072,-1,6,60,2,1,2,16:57,2,2,9
202354C178723,2023,54C178723,2,1,1,1,77,11,3,0,0,0,0,0,1,7,E01032067,-1,0,0.14361,0.85639,-1,6,20,9,1,1,12:00,3,2,1
2023061377373,2023,061377373,1,1,3,2,31,6,2,10,9,0,0,0,0,6,E01005176,6,1,1.0,0.0,-1,3,30,2,4,2,20:10,2,1,9
2023010444875,2023,010444875,2,1,1,1,41,7,3,0,0,0,0,0,9,3,E01001547,-1,0,0.0,1.0,-1,3,50,1,1,1,17:15,4,2,9
2023201283957,2023,201283957,2,2,1,2,60,9,2,0,0,0,0,0,9,3,E01009772,7,1,1.0,0.0,-1,6,30,1,1,1,16:03,5,2,9
2023201291903,2023,201291903,1,1,1,1,28,6,3,0,0,0,0,0,9,2,E01010268,3,1,0.0,1.0,-1,3,30,1,1,2,10:30,2,1,9
2023201292356,2023,201292356,1,3,2,2,21,5,3,0,0,1,0,0,9,1,E01010316,3,1,0.0,1.0,-1,6,30,1,1,1,19:33,3,2,9
2023421294775,2023,421294775,1,1,1,1,36,7,3,0,0,0,0,0,9,5,E01021387,3,1,0.0,1.0,-1,6,60,1,6,1,05:40,6,3,9
2023461303740,2023,461303740,1,1,1,1,36,7,3,0,0,0,0,0,9,9,E01023995,3,1,0.0,1.0,-1,3,40,1,1,1,13:08,6,2,9
2023332300859,2023,332300859,1,1,1,1,34,6,2,0,0,0,0,0,3,10,E01013793,-1,0,1.0,0.0,-1,6,50,1,1,1,14:55,6,2,3
2023471258933,2023,471258933,2,2,1,2,65,9,3,0,0,0,0,0,9,7,E01021212,3,1,0.0,1.0,-1,6,30,1,1,2,08:44,3,2,9
2023610034923,2023,610034923,1,2,2,1,20,4,3,0,0,2,0,0,9,6,W01001344,-1,0,0.12587,0.87413,-1,6,40,1,4,1,22:56,7,1,9
2023010474928,2023,010474928,1,1,3,1,6,2,2,1,3,0,0,0,0,2,E01001947,-1,0,1.0,0.0,-1,1,20,8,4,2,17:12,2,1,9
2023010431342,2023,010431342,1,1,1,1,46,8,3,0,0,0,0,0,9,4,E01001150,-1,0,0.0,1.0,-1,6,30,8,4,1,11:09,5,2,9
2023070405396,2023,070405396,2,3,2,2,39,7,3,0,0,1,0,0,9,7,E01018409,-1,0,0.01223,0.98777,-1,6,40,1,1,1,15:15,7,3,9
2023471311513,2023,471311513,1,1,1,2,58,9,3,0,0,0,0,0,9,6,E01020999,3,1,0.0,1.0,-1,6,30,1,1,1,15:50,5,1,9
202354C768323,2023,54C768323,5,5,1,2,27,6,3,0,0,0,0,0,9,8,E01031910,-1,0,0.05188,0.94812,-1,6,60,1,6,1,16:45,6,5,9
2023461278577,2023,461278577,1,1,1,1,52,8,2,0,0,0,0,0,5,3,E01021016,6,1,1.0,0.0,-1,6,40,1,1,1,14:00,7,2,5
2023201313115,2023,201313115,1,1,1,1,52,8,2,0,0,0,0,0,9,2,E01009890,7,1,1.0,0.0,-1,6,30,1,1,1,20:53,1,2,9
2023430387424,2023,430387424,2,2,2,1,53,8,3,0,0,2,0,0,9,10,E01028714,-1,0,0.04215,0.95785,-1,1,50,1,1,1,16:17,5,2,9
2023461289057,2023,461289057,1,1,1,1,79,11,3,0,0,0,0,0,9,10,E01024320,3,1,0.0,1.0,-1,6,30,1,1,1,15:52,2,1,9
2023320150516,2023,320150516,1,1,3,2,51,8,3,1,3,0,0,0,0,6,E01031107,-1,0,0.15939,0.84061,-1,6,30,1,4,1,20:40,7,1,9
202354A945223,2023,54A945223,1,1,1,1,53,8,3,0,0,0,0,0,1,1,E01015544,-1,0,0.15663,0.84337,-1,6,30,1,1,1,17:55,1,2,1
2023010431521,2023,010431521,1,1,1,1,33,6,3,0,0,0,0,0,9,8,E01003138,-1,0,0.0,1.0,-1,6,30,9,7,1,00:00,7,2,9
2023501348188,2023,501348188,2,2,1,2,25,5,3,0,0,0,0,0,9,5,E01020072,3,1,0.0,1.0,-1,6,60,1,1,1,16:32,1,2,9
202354D684523,2023,54D684523,2,3,2,2,4,1,3,0,0,2,0,0,9,10,E01023059,-1,0,0.04274,0.95726,-1,6,60,5,1,2,14:53,4,3,9
2023991275781,2023,991275781,1,1,1,2,17,4,3,0,0,0,0,0,9,7,-1,3,1,0.0,1.0,-1,6,60,1,1,1,09:19,6,1,9
2023101269644,2023,101269644,1,1,2,2,55,8,3,0,0,0,4,0,11,-1,-1,3,1,0.0,1.0,-1,6,30,1,4,2,18:43,7,2,11
2023461263657,2023,461263657,2,1,1,1,19,4,3,0,0,0,0,0,3,6,E01024130,3,1,0.0,1.0,-1,6,30,2,4,2,19:40,1,2,3
2023522300873,2023,522300873,1,1,1,2,29,6,3,0,0,0,0,0,3,1,E01014583,-1,0,0.06757,0.93243,-1,6,30,1,1,1,17:20,5,2,3
2023010486078,2023,010486078,1,1,1,2,30,6,3,0,0,0,0,0,9,7,E01001027,-1,0,0.0,1.0,-1,3,20,1,5,1,20:38,3,2,9
2023211304650,2023,211304650,2,1,1,1,37,7,3,0,0,0,0,0,9,-1,-1,3,1,0.0,1.0,-1,2,30,1,1,1,20:20,2,2,9
2023131323312,2023,131323312,1,1,1,1,28,6,3,0,0,0,0,0,1,1,E01011433,3,1,0.0,1.0,-1,9,30,1,1,1,13:58,3,2,1
2023471358985,2023,471358985,2,1,1,1,61,9,2,0,0,0,0,0,5,3,E01020930,7,1,1.0,0.0,-1,6,60,1,1,1,07:50,3,3,5
2023161316527,2023,161316527,1,1,1,2,32,6,3,0,0,0,0,0,9,2,E01012863,3,1,0.0,1.0,-1,3,40,1,1,1,16:32,5,5,9
2023411330203,2023,411330203,1,1,1,1,22,5,3,0,0,0,0,0,9,9,E01023964,3,1,0.0,1.0,-1,6,30,1,1,1,07:15,7,1,9
2023471388859,2023,471388859,2,1,1,1,32,6,3,0,0,0,0,0,5,5,E01031818,3,1,0.0,1.0,-1,6,30,1,4,1,16:40,4,2,5
2023041345235,2023,041345235,1,1,1,2,25,5,3,0,0,0,0,0,9,3,E01005421,3,1,0.0,1.0,-1,6,30,1,5,1,16:05,5,2,9
2023311269017,2023,311269017,1,1,3,1,38,7,3,9,5,0,0,0,0,-1,-1,3,1,0.0,1.0,-1,6,30,1,1,1,16:57,5,1,19
2023010465409,2023,010465409,1,1,1,1,26,6,2,0,0,0,0,0,3,5,E01000194,-1,0,1.0,0.0,-1,6,20,1,4,1,20:06,2,3,3
2023010486969,2023,010486969,1,1,1,1,26,6,3,0,0,0,0,0,3,1,E01033455,-1,0,0.0,1.0,-1,9,20,9,7,9,17:30,3,2,3
2023010436646,2023,010436646,1,2,2,1,19,4,3,0,0,1,0,0,9,2,E01002227,-1,0,0.0,1.0,-1,6,40,1,1,1,16:37,1,2,9
2023311314404,2023,311314404,1,1,1,2,18,4,3,0,0,0,0,0,9,8,E01026291,3,1,0.0,1.0,-1,3,30,1,1,1,18:00,6,2,9
2023320146473,2023,320146473,1,1,1,1,46,8,3,0,0,0,0,0,9,1,E01026074,-1,0,0.05293,0.94707,-1,6,30,2,4,2,18:48,5,2,9
2023010462161,2023,010462161,1,1,3,1,70,10,3,9,6,0,0,0,0,9,E01000201,-1,0,0.0,1.0,-1,2,20,1,1,1,16:00,3,2,9
2023010464220,2023,010464220,2,1,1,2,57,9,3,0,0,0,0,0,1,10,E01030753,-1,0,0.0,1.0,-1,1,20,1,1,1,15:50,3,2,1
2023010463927,2023,010463927,1,1,1,1,28,6,3,0,0,0,0,0,9,6,E01002240,-1,0,0.0,1.0,-1,7,70,1,4,1,00:10,2,1,9
2023010467399,2023,010467399,1,1,1,1,26,6,3,0,0,0,0,0,9,5,E01032779,-1,0,0.0,1.0,-1,3,30,1,1,1,13:10,5,2,9
202360A091946,2023,60A091946,2,2,1,1,48,8,3,0,0,0,0,0,20,-1,-1,-1,0,0.14836,0.85164,-1,6,40,1,1,1,18:11,4,2,20
2023010474072,2023,010474072,1,1,3,2,26,6,2,6,9,0,0,0,0,2,E01002566,-1,0,1.0,0.0,-1,6,30,2,4,1,23:25,4,1,11
2023471350128,2023,471350128,2,2,1,1,69,10,2,0,0,0,0,0,9,6,E01031392,7,1,1.0,0.0,-1,6,30,1,1,1,13:33,5,3,9
2023010448371,2023,010448371,1,1,3,2,37,7,2,1,2,0,0,0,0,-1,-1,-1,0,1.0,0.0,-1,3,30,1,1,1,17:03,1,1,3
2023302300123,2023,302300123,1,1,3,1,9,2,3,5,1,0,0,0,0,3,E01013453,-1,0,0.0874,0.9126,-1,6,30,9,4,2,18:00,6,1,9
2023461278356,2023,461278356,1,1,3,2,75,10,2,8,9,0,0,0,0,1,E01024657,7,1,1.0,0.0,-1,6,30,1,1,1,17:45,6,1,9
2023471260143,2023,471260143,1,1,3,1,41,7,2,5,3,0,0,0,0,2,E01020910,7,1,1.0,0.0,-1,6,30,2,4,2,16:59,5,1,9
2023501354168,2023,501354168,1,1,1,1,26,6,2,0,0,0,0,0,5,8,E01015068,7,1,1.0,0.0,-1,6,30,1,1,2,17:19,3,2,5
2023332301214,2023,332301214,1,2,2,1,20,4,3,0,0,2,0,0,8,6,E01025720,-1,0,0.02883,0.97117,-1,6,40,2,4,2,02:55,5,2,8
2023010444209,2023,010444209,1,1,1,2,29,6,3,0,0,0,0,0,9,3,E01032582,-1,0,0.0,1.0,-1,9,20,9,1,9,07:50,5,2,9
2023010449002,2023,010449002,2,2,1,1,56,9,3,0,0,0,0,0,9,2,E01004413,-1,0,0.0,1.0,-1,6,30,1,1,1,14:37,4,2,9
2023170S31163,2023,170S31163,1,1,1,1,51,8,3,0,0,0,0,0,9,1,E01012033,-1,0,0.14247,0.85753,-1,6,40,1,1,1,20:35,1,3,9
2023201453244,2023,201453244,2,1,2,2,27,6,3,0,0,2,0,0,9,3,E01010496,3,1,0.0,1.0,-1,6,30,1,1,2,13:16,4,3,9
2023311334177,2023,311334177,2,1,1,1,30,6,3,0,0,0,0,0,9,2,E01028269,3,1,0.0,1.0,-1,6,30,1,4,1,22:57,5,2,9
2023161373333,2023,161373333,1,1,1,2,30,6,3,0,0,0,0,0,9,8,E01027593,3,1,0.0,1.0,-1,6,30,1,1,1,10:43,7,2,9
2023332301170,2023,332301170,1,1,2,2,69,10,3,0,0,1,0,0,9,3,E01013660,-1,0,0.02873,0.97127,-1,3,30,1,1,1,14:10,5,2,9
2023471273566,2023,471273566,2,4,1,2,44,7,3,0,0,0,0,0,9,8,E01031659,3,1,0.0,1.0,-1,6,60,1,6,1,18:37,3,2,9
2023010441571,2023,010441571,1,1,1,1,50,8,3,0,0,0,0,0,9,5,E01030740,-1,0,0.0,1.0,-1,3,40,1,1,1,18:10,4,1,9
2023401367728,2023,401367728,2,1,1,1,29,6,3,0,0,0,0,0,9,10,E01017483,3,1,0.0,1.0,-1,6,30,1,4,-1,19:30,4,2,9
2023411291795,2023,411291795,2,1,1,1,37,7,3,0,0,0,0,0,9,7,E01023513,3,1,0.0,1.0,-1,6,30,1,1,1,14:15,7,2,9
2023302301574,2023,302301574,1,2,3,2,43,7,2,6,9,0,0,0,0,9,E01019772,-1,0,1.0,0.0,-1,6,30,1,4,1,23:22,7,1,9
2023010451473,2023,010451473,1,1,1,1,39,7,3,0,0,0,0,0,3,5,E01003314,-1,0,0.0,1.0,-1,9,40,9,1,9,12:55,6,2,3
2023131365296,2023,131365296,1,1,1,1,19,4,1,0,0,0,0,0,9,8,E01010758,1,1,0.0,0.0,-1,6,20,2,4,2,23:17,6,2,9
2023430224616,2023,430224616,1,1,1,1,55,8,3,0,0,0,0,0,9,5,E01016787,-1,0,0.11296,0.88704,-1,6,60,1,1,1,17:51,2,3,9
2023010479569,2023,010479569,2,1,1,1,74,10,3,0,0,0,0,0,22,1,E01003047,-1,0,0.0,1.0,-1,6,20,1,4,1,17:21,4,2,22
2023141327090,2023,141327090,1,1,3,1,10,2,3,5,1,0,0,0,0,6,E01007725,3,1,0.0,1.0,-1,6,30,1,1,1,17:31,6,1,9
2023991328668,2023,991328668,6,2,1,1,55,8,2,0,0,0,0,0,1,4,-1,7,1,1.0,0.0,-1,6,60,1,1,1,11:20,7,7,1
2023302300306,2023,302300306,1,2,2,2,6,2,3,0,0,1,0,0,9,3,E01019496,-1,0,0.02174,0.97826,-1,6,60,9,1,1,15:40,2,3,9