collision_index,collision_year,collision_ref_no,vehicle_reference,casualty_reference,casualty_class,sex_of_casualty,age_of_casualty,age_band_of_casualty,casualty_severity,pedestrian_location,pedestrian_movement,car_passenger,bus_or_coach_passenger,pedestrian_road_maintenance_worker,casualty_type,casualty_imd_decile,lsoa_of_casualty,enhanced_casualty_severity,casualty_injury_based,casualty_adjusted_severity_serious,casualty_adjusted_severity_slight,casualty_distance_banding,road_type,speed_limit,weather_conditions,light_conditions,road_surface_conditions,time,day_of_week,number_of_vehicles,vehicle_type
2023451282048,2023,451282048,2,1,1,1,50,8,3,0,0,0,0,0,9,10,E01030773,3,1,0.0,1.0,-1,3,70,1,4,1,18:12,4,4,9
2023052300638,2023,052300638,1,2,2,2,31,6,3,0,0,0,4,0,11,-1,-1,-1,0,0.02966,0.97034,-1,6,30,1,1,1,13:20,7,2,11
2023311275313,2023,311275313,2,2,2,2,16,4,3,0,0,0,0,0,19,2,E01013907,3,1,0.0,1.0,-1,3,40,1,1,1,14:40,6,2,19
2023061273883,2023,061273883,2,1,1,1,47,8,3,0,0,0,0,0,9,9,E01006080,3,1,0.0,1.0,-1,7,30,1,1,1,15:25,6,2,9
2023201431705,2023,201431705,2,2,1,1,50,8,3,0,0,0,0,0,9,6,E01009778,3,1,0.0,1.0,-1,3,40,1,4,1,21:50,3,2,9
2023401341840,2023,401341840,1,1,1,2,26,6,3,0,0,0,0,0,9,3,E01017501,3,1,0.0,1.0,-1,6,30,1,1,1,18:10,3,2,9
2023351383276,2023,351383276,1,1,1,1,59,9,3,0,0,0,0,0,21,9,E01011628,3,1,0.0,1.0,-1,7,70,1,1,1,16:15,2,3,21
2023010460565,2023,010460565,1,1,1,2,83,11,3,0,0,0,0,0,9,8,E01002148,-1,0,0.0,1.0,-1,6,20,2,1,2,14:00,2,3,9
2023131328350,2023,131328350,1,1,2,2,58,9,3,0,0,1,0,0,9,3,E01011936,3,1,0.0,1.0,-1,6,30,1,1,2,15:30,3,2,9
2023302300268,2023,302300268,1,2,2,1,39,7,3,0,0,1,0,0,9,1,E01019444,-1,0,0.05841,0.94159,-1,3,70,1,4,1,19:30,6,2,9
2023302301106,2023,302301106,2,1,1,2,38,7,3,0,0,0,0,0,9,7,E01019419,-1,0,0.00899,0.99101,-1,3,40,1,1,1,16:40,4,2,9
2023351339774,2023,351339774,2,1,1,2,41,7,3,0,0,0,0,0,9,7,E01033177,3,1,0.0,1.0,-1,3,50,1,1,1,17:00,4,2,9
2023610027723,2023,610027723,1,3,2,1,26,6,3,0,0,2,0,0,9,5,W01001320,-1,0,0.04423,0.95577,-1,6,40,1,7,1,21:51,4,2,9
2023991310757,2023,991310757,2,1,1,1,19,4,3,0,0,0,0,0,9,9,-1,3,1,0.0,1.0,-1,6,60,1,1,1,17:35,3,2,9
2023010434819,2023,010434819,2,1,1,1,52,8,3,0,0,0,0,0,3,3,E01003172,-1,0,0.0,1.0,-1,6,30,1,1,1,07:15,4,2,3
2023201320780,2023,201320780,2,2,1,2,32,6,2,0,0,0,0,0,9,3,E01009164,7,1,1.0,0.0,-1,6,30,1,7,2,18:07,2,3,9
2023440213765,2023,440213765,2,1,1,1,44,7,3,0,0,0,0,0,9,7,E01022526,-1,0,0.06061,0.93939,-1,6,30,1,1,1,12:20,3,2,9
2023131354214,2023,131354214,1,1,1,2,27,6,3,0,0,0,0,0,9,-1,-1,3,1,0.0,1.0,-1,1,30,1,1,1,13:30,4,2,9
2023542226823,2023,542226823,1,1,1,1,87,11,2,0,0,0,0,0,9,7,E01031865,-1,0,1.0,0.0,-1,6,50,1,1,1,15:37,3,2,9
2023010479700,2023,010479700,1,1,1,-1,42,7,3,0,0,0,0,0,3,2,E01003991,-1,0,0.0,1.0,-1,9,20,9,1,9,14:30,4,2,3
2023471327988,2023,471327988,2,1,1,2,23,5,2,0,0,0,0,0,3,3,E01031400,7,1,1.0,0.0,-1,6,30,1,1,1,18:25,2,2,3
2023201363595,2023,201363595,2,2,1,2,35,6,3,0,0,0,0,0,9,5,E01031078,3,1,0.0,1.0,-1,3,40,1,1,1,07:47,6,2,9
2023161360380,2023,161360380,1,1,1,1,38,7,3,0,0,0,0,0,9,1,E01013229,3,1,0.0,1.0,-1,1,30,1,4,1,22:10,6,2,9
2023201295743,2023,201295743,1,1,1,1,51,8,3,0,0,0,0,0,9,1,E01009298,3,1,0.0,1.0,-1,3,30,1,4,1,21:00,4,2,9
2023301264035,2023,301264035,2,1,1,2,28,6,3,0,0,0,0,0,9,9,E01025951,3,1,0.0,1.0,-1,6,30,1,1,1,08:30,2,2,9
2023461279130,2023,461279130,1,1,1,1,28,6,3,0,0,0,0,0,9,4,E01024312,3,1,0.0,1.0,-1,6,30,1,4,1,18:40,6,2,9
2023131275641,2023,131275641,1,1,3,1,72,10,3,1,1,0,0,0,0,5,E01010668,3,1,0.0,1.0,-1,3,30,1,1,2,11:04,2,1,19
2023010457780,2023,010457780,2,1,1,1,29,6,3,0,0,0,0,0,1,3,E01033704,-1,0,0.0,1.0,-1,2,20,1,4,1,23:13,6,2,1
2023131388405,2023,131388405,2,1,1,1,48,8,2,0,0,0,0,0,9,1,E01010609,6,1,1.0,0.0,-1,6,30,1,4,2,19:00,5,4,9
2023421307130,2023,421307130,1,1,2,1,4,1,3,0,0,2,0,0,9,5,E01021338,3,1,0.0,1.0,-1,7,70,1,1,1,11:29,1,1,9
2023010424924,2023,010424924,1,1,3,2,10,2,3,1,3,0,0,0,0,3,E01000088,-1,0,0.0,1.0,-1,6,30,1,1,1,08:30,5,1,9
2023141325899,2023,141325899,1,1,3,1,14,3,3,5,1,0,0,0,0,2,E01008010,3,1,0.0,1.0,-1,6,20,1,1,1,15:05,3,1,9
2023010480111,2023,010480111,1,1,1,2,42,7,3,0,0,0,0,0,4,3,E01000511,-1,0,0.0,1.0,-1,6,20,1,1,1,13:55,7,2,4
2023421347103,2023,421347103,2,3,2,1,8,2,3,0,0,2,0,0,9,9,E01021256,3,1,0.0,1.0,-1,6,30,1,1,1,17:30,5,3,9
2023010453426,2023,010453426,2,1,1,1,21,5,3,0,0,0,0,0,1,5,E01002447,-1,0,0.0,1.0,-1,3,20,1,1,1,20:30,4,2,1
2023122300539,2023,122300539,2,1,1,1,49,8,3,0,0,0,0,0,1,9,E01013432,-1,0,0.13039,0.86961,-1,6,30,1,1,1,15:58,4,2,1
2023401370258,2023,401370258,2,1,1,1,27,6,3,0,0,0,0,0,19,9,E01017403,3,1,0.0,1.0,-1,6,60,1,1,1,14:27,4,2,19
2023010454915,2023,010454915,2,1,1,2,46,8,3,0,0,0,0,0,1,3,E01000866,-1,0,0.0,1.0,-1,6,20,1,1,1,08:23,5,2,1
2023430131104,2023,430131104,1,1,1,1,23,5,3,0,0,0,0,0,1,10,E01028594,-1,0,0.04909,0.95091,-1,6,20,1,1,1,16:50,4,1,1
2023070025032,2023,070025032,2,2,2,2,1,1,3,0,0,2,0,0,9,6,E01018570,-1,0,0.03979,0.96021,-1,6,60,1,1,2,09:15,2,2,9
2023351394280,2023,351394280,1,1,2,2,49,8,3,0,0,-1,0,0,9,3,E01015613,3,1,0.0,1.0,-1,7,30,1,1,1,13:40,1,3,9
2023451286289,2023,451286289,1,2,1,1,64,9,3,0,0,0,0,0,9,8,E01030794,3,1,0.0,1.0,-1,6,30,2,5,2,17:15,2,2,9
2023201393111,2023,201393111,1,1,3,2,71,10,3,5,9,0,0,0,0,1,E01010060,3,1,0.0,1.0,-1,6,30,2,1,2,17:00,7,1,9
2023101353701,2023,101353701,2,1,1,1,5,1,3,0,0,0,0,0,1,3,E01027359,3,1,0.0,1.0,-1,6,20,1,1,1,15:50,2,2,1
2023332300749,2023,332300749,2,1,1,1,18,4,2,0,0,0,0,0,3,7,E01013615,-1,0,1.0,0.0,-1,6,30,1,1,1,14:03,6,2,3
2023131299993,2023,131299993,1,1,2,1,30,6,3,0,0,0,0,0,9,3,E01010836,3,1,0.0,1.0,-1,6,30,1,4,1,01:30,2,3,9
2023041285802,2023,041285802,1,1,3,1,14,3,3,9,8,0,0,0,0,5,E01025589,3,1,0.0,1.0,-1,6,30,1,1,1,15:15,2,1,98
2023430087345,2023,430087345,1,1,1,1,-1,-1,3,0,0,0,0,0,1,-1,-1,-1,0,0.05158,0.94842,-1,6,30,1,1,1,14:30,7,2,1
2023010485375,2023,010485375,1,1,1,1,37,7,3,0,0,0,0,0,3,5,E01004644,-1,0,0.0,1.0,-1,6,20,1,1,1,15:44,5,2,3
2023501311537,2023,501311537,2,2,2,2,6,2,3,0,0,0,0,0,5,6,E01020121,3,1,0.0,1.0,-1,6,60,1,1,1,17:36,5,2,5
2023471370576,2023,471370576,2,1,1,2,60,9,3,0,0,0,0,0,9,8,E01022952,3,1,0.0,1.0,-1,6,30,5,7,2,18:15,6,2,9
2023010447567,2023,010447567,1,1,3,2,13,3,3,1,1,0,0,0,0,2,E01003121,-1,0,0.0,1.0,-1,9,30,1,1,9,07:50,4,1,1
2023131271082,2023,131271082,1,1,3,1,17,4,3,6,5,0,0,2,0,1,E01010674,3,1,0.0,1.0,-1,3,20,4,4,1,17:00,2,1,9
2023440079299,2023,440079299,1,1,3,1,2,1,2,1,1,0,0,0,0,-1,-1,-1,0,1.0,0.0,-1,6,30,1,1,1,11:08,1,1,9
2023031302249,2023,031302249,2,2,2,1,42,7,3,0,0,-1,0,0,9,-1,-1,3,1,0.0,1.0,-1,3,70,1,1,1,12:10,7,2,9
2023411348367,2023,411348367,1,1,1,1,42,7,3,0,0,0,0,0,19,9,E01030519,3,1,0.0,1.0,-1,6,30,1,1,1,14:35,6,2,19
2023451342154,2023,451342154,1,1,1,2,37,7,2,0,0,0,0,0,1,8,E01030655,7,1,1.0,0.0,-1,6,30,1,1,1,07:54,3,2,1
2023010452671,2023,010452671,2,1,2,2,33,6,3,0,0,1,0,0,9,8,E01001126,-1,0,0.0,1.0,-1,1,30,1,4,1,20:30,7,2,9
2023231352344,2023,231352344,2,1,1,1,23,5,2,0,0,0,0,0,3,4,E01029851,7,1,1.0,0.0,-1,1,70,1,1,2,16:35,5,2,3
2023501351011,2023,501351011,1,1,1,1,33,6,2,0,0,0,0,0,5,1,E01015263,5,1,1.0,0.0,-1,6,30,1,1,1,19:15,1,2,5
2023311384834,2023,311384834,1,1,1,1,58,9,1,0,0,0,0,0,8,5,E01028189,1,1,0.0,0.0,-1,3,70,3,4,3,02:55,1,1,8
2023170S10983,2023,170S10983,1,1,1,1,24,5,3,0,0,0,0,0,9,1,E01012251,-1,0,0.0405,0.9595,-1,6,30,1,1,1,17:00,5,2,9
2023201400608,2023,201400608,1,1,1,2,85,11,3,0,0,0,0,0,9,2,E01009054,3,1,0.0,1.0,-1,6,30,1,4,1,21:00,7,3,9
2023531329110,2023,531329110,2,1,1,2,25,5,3,0,0,0,0,0,9,7,E01022239,3,1,0.0,1.0,-1,6,60,2,1,2,16:30,1,2,9
2023361342492,2023,361342492,1,1,3,1,47,8,2,9,8,0,0,0,0,5,E01026766,7,1,1.0,0.0,-1,6,30,1,1,1,20:10,4,1,19
2023332300602,2023,332300602,1,1,1,1,44,7,2,0,0,0,0,0,3,3,E01026311,-1,0,1.0,0.0,-1,6,60,2,1,2,17:40,6,2,3
2023052300258,2023,052300258,2,1,1,2,32,6,3,0,0,0,0,0,9,5,E01007057,-1,0,0.02474,0.97526,-1,6,40,1,1,1,15:50,4,2,9
2023201311334,2023,201311334,1,1,1,1,83,11,2,0,0,0,0,0,9,9,E01009696,5,1,1.0,0.0,-1,6,30,1,1,1,20:27,4,2,9
2023401356278,2023,401356278,1,1,1,1,42,7,3,0,0,0,0,0,9,2,E01015703,3,1,0.0,1.0,-1,6,30,1,1,1,10:14,7,1,9
2023041301309,2023,041301309,6,3,2,1,62,9,3,0,0,0,0,0,19,3,E01006260,3,1,0.0,1.0,-1,3,70,1,1,1,07:33,2,6,19
2023430246281,2023,430246281,2,1,1,1,35,6,2,0,0,0,0,0,1,5,E01028542,-1,0,1.0,0.0,-1,6,20,1,1,1,16:07,2,2,1
2023451320444,2023,451320444,1,1,1,1,30,6,3,0,0,0,0,0,3,5,E01003139,3,1,0.0,1.0,-1,6,30,1,1,1,20:30,7,2,3
2023131319038,2023,131319038,2,1,1,1,20,4,3,0,0,0,0,0,9,1,E01011340,3,1,0.0,1.0,-1,6,30,1,1,1,12:27,5,2,9
2023201364148,2023,201364148,1,1,1,1,21,5,3,0,0,0,0,0,9,5,E01009042,3,1,0.0,1.0,-1,6,30,1,1,1,12:31,1,2,9
2023991332019,2023,991332019,2,1,1,2,43,7,3,0,0,0,0,0,9,-1,-1,3,1,0.0,1.0,-1,3,30,1,1,1,18:20,6,2,9
2023991384246,2023,991384246,2,1,1,1,67,10,3,0,0,0,0,0,9,-1,-1,3,1,0.0,1.0,-1,1,20,1,1,2,10:15,5,3,9
2023531323463,2023,531323463,3,3,1,1,21,5,3,0,0,0,0,0,9,10,E01032940,3,1,0.0,1.0,-1,6,40,1,1,1,17:26,3,4,9
2023541292923,2023,541292923,2,3,2,1,27,6,3,0,0,1,0,0,9,2,E01015541,-1,0,0.01466,0.98534,-1,6,40,1,1,1,12:47,1,2,9
2023991333694,2023,991333694,1,1,2,2,61,9,2,0,0,1,0,0,9,6,-1,6,1,1.0,0.0,-1,6,30,1,1,1,19:33,3,2,9
2023351372908,2023,351372908,2,2,2,2,23,5,3,0,0,1,0,0,19,1,E01015600,3,1,0.0,1.0,-1,3,70,1,6,1,19:00,3,2,19
2023010440151,2023,010440151,2,1,1,1,60,9,3,0,0,0,0,0,1,4,E01002309,-1,0,0.0,1.0,-1,6,30,1,1,1,12:00,7,2,1
2023471275492,2023,471275492,2,1,1,1,34,6,3,0,0,0,0,0,3,1,E01016865,3,1,0.0,1.0,-1,6,20,1,1,1,16:10,7,2,3
2023010454371,2023,010454371,1,2,2,-1,-1,-1,3,0,0,2,0,0,9,2,E01033591,-1,0,0.0,1.0,-1,6,30,1,4,1,21:45,1,1,9
2023201327804,2023,201327804,2,1,1,-1,26,6,3,0,0,0,0,0,9,6,E01010035,3,1,0.0,1.0,-1,6,30,1,1,1,14:27,3,2,9
2023371389348,2023,371389348,1,1,2,1,2,1,3,0,0,0,0,0,19,-1,-1,3,1,0.0,1.0,-1,3,70,1,1,1,14:20,1,2,19
2023421319870,2023,421319870,1,2,2,2,41,7,2,0,0,2,0,0,9,8,E01022093,5,1,1.0,0.0,-1,6,40,1,4,1,23:03,7,2,9
2023541718623,2023,541718623,1,1,1,1,22,5,3,0,0,0,0,0,9,8,E01015551,-1,0,0.0499,0.9501,-1,6,40,1,4,1,20:02,4,2,9
2023545183623,2023,545183623,2,1,2,2,27,6,3,0,0,1,0,0,9,9,E01028748,-1,0,0.05524,0.94476,-1,6,50,1,6,1,23:23,4,2,9
2023520301425,2023,520301425,2,1,1,1,74,10,3,0,0,0,0,0,1,8,E01029251,-1,0,0.08216,0.91784,-1,1,30,1,1,1,13:26,4,2,1
2023010479120,2023,010479120,1,1,2,1,16,4,3,0,0,0,3,0,11,6,E01000691,-1,0,0.0,1.0,-1,6,30,8,4,2,14:30,2,1,11
2023141331861,2023,141331861,1,1,2,2,23,5,3,0,0,2,0,0,9,-1,-1,3,1,0.0,1.0,-1,6,30,1,1,2,07:00,6,2,9
2023311393194,2023,311393194,1,2,2,1,22,5,3,0,0,1,0,0,9,-1,-1,3,1,0.0,1.0,-1,6,30,1,4,2,00:31,7,1,9
2023547153523,2023,547153523,1,1,1,1,19,4,2,0,0,0,0,0,9,6,E01029027,-1,0,1.0,0.0,-1,6,50,1,1,1,13:51,7,2,9
2023010476912,2023,010476912,1,1,1,1,26,6,3,0,0,0,0,0,3,6,E01003397,-1,0,0.0,1.0,-1,2,40,1,4,1,01:12,1,2,3
2023421344926,2023,421344926,1,1,3,2,18,4,3,1,1,0,0,0,0,1,E01021970,3,1,0.0,1.0,-1,6,30,1,1,1,13:44,4,1,9
2023101328353,2023,101328353,1,1,3,2,89,11,2,5,3,0,0,0,0,9,E01008498,7,1,1.0,0.0,-1,6,20,1,1,1,12:35,3,1,9
2023070429247,2023,070429247,2,1,1,1,53,8,3,0,0,0,0,0,9,9,W01000415,-1,0,0.07497,0.92503,-1,6,60,1,1,1,14:55,7,2,9
2023141374639,2023,141374639,1,1,1,1,31,6,2,0,0,0,0,0,9,1,E01007735,7,1,1.0,0.0,-1,6,30,1,1,2,15:10,7,2,9
2023401345040,2023,401345040,1,1,1,1,24,5,3,0,0,0,0,0,9,-1,-1,3,1,0.0,1.0,-1,6,60,1,1,1,08:12,4,3,9
2023421260506,2023,421260506,2,1,1,2,39,7,2,0,0,0,0,0,9,10,E01021366,6,1,1.0,0.0,-1,3,30,1,4,2,21:20,6,2,9
2023421270425,2023,421270425,2,1,1,2,51,8,1,0,0,0,0,0,9,4,E01021367,1,1,0.0,0.0,-1,3,70,1,1,1,15:50,2,2,9
2023451323700,2023,451323700,1,1,1,1,50,8,3,0,0,0,0,0,9,9,E01030875,3,1,0.0,1.0,-1,6,20,1,1,1,13:30,4,2,9
2023311353089,2023,311353089,1,1,1,1,75,10,2,0,0,0,0,0,9,9,E01027992,7,1,1.0,0.0,-1,6,60,1,1,1,09:47,7,2,9
2023421332381,2023,421332381,1,1,1,1,20,4,3,0,0,0,0,0,9,6,E01021678,3,1,0.0,1.0,-1,3,70,1,1,2,08:21,1,3,9
2023622300296,2023,622300296,1,1,1,1,20,4,3,0,0,0,0,0,9,4,W01001152,-1,0,0.09394,0.90606,-1,6,50,1,6,1,20:27,3,1,9
2023070401000,2023,070401000,2,1,1,2,53,8,3,0,0,0,0,0,9,5,E01019356,-1,0,0.01243,0.98757,-1,3,70,9,1,1,15:18,5,2,9
2023531284698,2023,531284698,1,1,1,2,17,4,3,0,0,0,0,0,9,6,E01022249,3,1,0.0,1.0,-1,6,40,3,6,3,21:00,4,1,9
2023991278551,2023,991278551,1,1,3,1,15,3,2,1,1,0,0,2,0,8,-1,7,1,1.0,0.0,-1,6,40,4,4,1,19:00,2,1,9
2023161304468,2023,161304468,2,1,1,2,43,7,3,0,0,0,0,0,1,2,E01012884,3,1,0.0,1.0,-1,6,30,1,1,1,14:23,6,2,1
2023531281545,2023,531281545,2,1,1,1,49,8,2,0,0,0,0,0,1,4,E01022296,7,1,1.0,0.0,-1,6,30,1,1,1,15:24,2,3,1
2023010448170,2023,010448170,2,2,2,2,73,10,2,0,0,1,0,0,9,9,E01000168,-1,0,1.0,0.0,-1,6,30,1,1,1,15:10,7,2,9
2023531273797,2023,531273797,2,1,2,2,59,9,3,0,0,1,0,0,9,7,E01022230,3,1,0.0,1.0,-1,6,30,1,1,1,11:30,6,2,9
2023010421975,2023,010421975,1,2,2,-1,-1,-1,3,0,0,2,0,0,9,9,E01002239,-1,0,0.0,1.0,-1,9,30,1,4,1,20:10,3,1,9
2023010425754,2023,010425754,1,1,1,2,28,6,3,0,0,0,0,0,9,3,E01002564,-1,0,0.0,1.0,-1,9,20,8,1,1,13:20,2,2,9
2023041288767,2023,041288767,1,1,2,2,21,5,3,0,0,1,0,0,9,4,E01025057,3,1,0.0,1.0,-1,6,40,1,1,1,17:50,2,2,9
2023041313521,2023,041313521,1,2,2,2,28,6,3,0,0,1,0,0,9,4,E01025262,3,1,0.0,1.0,-1,6,50,1,1,1,20:11,4,3,9
2023131313485,2023,131313485,1,1,1,1,48,8,3,0,0,0,0,0,9,3,E01005332,3,1,0.0,1.0,-1,3,70,1,1,1,16:30,4,4,9
2023131315161,2023,131315161,1,1,2,2,16,4,2,0,0,1,0,0,9,5,E01011441,7,1,1.0,0.0,-1,6,30,1,1,1,15:56,2,2,9
2023411284095,2023,411284095,2,1,1,2,63,9,3,0,0,0,0,0,9,8,E01033028,3,1,0.0,1.0,-1,6,30,1,1,1,11:01,5,2,9
2023421313590,2023,421313590,2,1,1,1,39,7,2,0,0,0,0,0,9,3,E01000372,7,1,1.0,0.0,-1,6,30,1,1,1,07:14,5,2,9
2023991316931,2023,991316931,1,2,2,2,76,11,3,0,0,1,0,0,9,-1,-1,3,1,0.0,1.0,-1,7,50,1,1,1,15:10,6,2,9
2023061317250,2023,061317250,2,1,1,1,23,5,2,0,0,0,0,0,23,2,E01005376,6,1,1.0,0.0,-1,6,30,1,1,1,15:10,7,2,23
2023552301030,2023,552301030,2,1,1,1,25,5,3,0,0,0,0,0,-1,5,E01020427,-1,0,0.07046,0.92954,-1,6,30,1,1,1,19:09,3,2,-1
2023010463132,2023,010463132,1,1,1,1,36,7,3,0,0,0,0,0,3,3,E01004563,-1,0,0.0,1.0,-1,6,20,8,4,1,01:08,3,2,3
2023010454861,2023,010454861,1,1,1,1,50,8,3,0,0,0,0,0,4,2,E01003542,-1,0,0.0,1.0,-1,3,20,1,1,1,17:00,4,1,4
2023122301325,2023,122301325,1,1,1,2,54,8,3,0,0,0,0,0,9,3,E01011834,-1,0,0.07191,0.92809,-1,6,60,1,1,1,15:47,4,2,9
2023201289777,2023,201289777,1,1,1,1,42,7,3,0,0,0,0,0,9,2,E01008889,3,1,0.0,1.0,-1,3,30,1,4,2,23:21,1,1,9
2023211382387,2023,211382387,1,1,1,1,78,11,1,0,0,0,0,0,9,6,E01029753,1,1,0.0,0.0,-1,6,50,1,1,2,14:00,6,3,9
2023401323486,2023,401323486,1,1,1,1,-1,-1,3,0,0,0,0,0,9,-1,-1,3,1,0.0,1.0,-1,3,30,1,1,1,13:21,4,2,9
2023010439106,2023,010439106,1,4,2,1,38,7,3,0,0,0,4,0,11,2,E01001181,-1,0,0.0,1.0,-1,6,20,1,1,1,09:00,2,2,11
2023131287432,2023,131287432,2,1,2,1,31,6,3,0,0,1,0,0,9,5,E01010873,3,1,0.0,1.0,-1,7,30,1,4,2,19:30,7,2,9
2023211261926,2023,211261926,2,1,2,2,46,8,3,0,0,2,0,0,9,-1,-1,3,1,0.0,1.0,-1,6,30,1,4,2,00:08,4,3,9
2023221301719,2023,221301719,2,3,1,1,20,4,3,0,0,0,0,0,9,7,E01014092,3,1,0.0,1.0,-1,6,30,1,4,1,20:50,4,2,9
2023311379953,2023,311379953,2,2,1,2,33,6,3,0,0,0,0,0,9,8,E01028327,3,1,0.0,1.0,-1,1,50,1,1,1,09:30,7,2,9
2023361333508,2023,361333508,2,1,1,2,36,7,2,0,0,0,0,0,9,3,E01026775,7,1,1.0,0.0,-1,6,60,1,1,1,16:47,6,2,9
2023531392608,2023,531392608,1,1,1,1,26,6,3,0,0,0,0,0,9,9,E01022276,3,1,0.0,1.0,-1,6,60,5,1,2,08:11,4,2,9
2023548798023,2023,548798023,1,1,1,1,75,10,3,0,0,0,0,0,9,7,E01022506,-1,0,0.11163,0.88837,-1,3,70,1,1,1,16:38,1,2,9
2023991365306,2023,991365306,1,1,1,2,35,6,1,0,0,0,0,0,9,4,-1,1,1,0.0,0.0,-1,6,60,1,6,1,20:00,6,1,9
2023361346224,2023,361346224,1,1,1,1,25,5,3,0,0,0,0,0,1,9,E01026875,3,1,0.0,1.0,-1,6,30,1,1,1,18:30,2,2,1
2023010483258,2023,010483258,1,1,1,1,24,5,3,0,0,0,0,0,1,1,E01003347,-1,0,0.0,1.0,-1,6,30,1,4,1,19:20,1,2,1
2023501322111,2023,501322111,1,1,1,1,37,7,2,0,0,0,0,0,5,9,E01020058,5,1,1.0,0.0,-1,6,30,1,1,1,18:35,6,2,5
2023010445919,2023,010445919,3,5,1,1,59,9,3,0,0,0,0,0,9,6,E01000180,-1,0,0.0,1.0,-1,3,70,1,4,1,22:08,2,3,9
2023991310821,2023,991310821,1,1,3,2,61,9,3,6,9,0,0,0,0,4,-1,3,1,0.0,1.0,-1,2,20,1,1,1,12:32,5,1,9
2023010439632,2023,010439632,2,1,1,2,53,8,3,0,0,0,0,0,1,4,E01002762,-1,0,0.0,1.0,-1,2,20,1,1,1,14:45,4,2,1
2023131394307,2023,131394307,2,1,1,1,29,6,3,0,0,0,0,0,1,7,E01011942,3,1,0.0,1.0,-1,6,30,9,7,2,18:00,5,2,1
2023052301935,2023,052301935,2,2,2,2,71,10,3,0,0,2,0,0,9,-1,-1,-1,0,0.05969,0.94031,-1,3,40,1,4,1,01:35,6,2,9
2023061341848,2023,061341848,2,4,2,2,12,3,3,0,0,2,0,0,9,9,E01005573,3,1,0.0,1.0,-1,6,30,1,4,1,22:55,4,2,9
2023101317709,2023,101317709,1,1,1,1,71,10,3,0,0,0,0,0,9,-1,-1,3,1,0.0,1.0,-1,3,50,1,1,1,14:35,2,1,9
2023411326121,2023,411326121,2,2,1,1,28,6,3,0,0,0,0,0,9,7,E01021792,3,1,0.0,1.0,-1,6,30,1,1,1,15:35,4,2,9
2023622300459,2023,622300459,1,1,1,2,54,8,3,0,0,0,0,0,9,5,W01000913,-1,0,0.01126,0.98874,-1,6,30,1,1,1,17:53,3,2,9
2023991400955,2023,991400955,2,1,1,2,35,6,3,0,0,0,0,0,9,10,-1,3,1,0.0,1.0,-1,6,30,2,4,2,23:30,2,2,9
2023010457739,2023,010457739,2,4,2,1,5,1,3,0,0,2,0,0,9,3,E01001156,-1,0,0.0,1.0,-1,3,30,1,1,1,17:20,6,3,9
2023052302436,2023,052302436,1,1,1,2,35,6,3,0,0,0,0,0,9,3,E01006535,-1,0,0.05703,0.94297,-1,6,30,2,6,2,19:40,7,1,9
2023522400627,2023,522400627,1,1,1,1,31,6,3,0,0,0,0,0,9,6,E01014670,-1,0,0.00197,0.99803,-1,6,30,1,1,1,12:10,7,2,9
202360A148081,2023,60A148081,2,2,2,1,8,2,3,0,0,1,0,0,9,-1,-1,-1,0,0.02881,0.97119,-1,6,30,1,1,1,08:56,4,2,9
2023361325376,2023,361325376,1,1,3,2,62,9,2,5,3,0,0,0,0,7,E01026773,7,1,1.0,0.0,-1,6,30,1,1,1,12:00,2,1,9
2023010426351,2023,010426351,1,1,1,1,40,7,3,0,0,0,0,0,3,5,E01000268,-1,0,0.0,1.0,-1,7,30,1,4,1,17:50,3,2,3
2023071080805,2023,071080805,2,1,1,2,60,9,3,0,0,0,0,0,9,10,W01000416,-1,0,0.00976,0.99024,-1,1,30,1,4,2,17:30,3,2,9
2023351387304,2023,351387304,2,1,1,2,41,7,3,0,0,0,0,0,9,5,E01033176,3,1,0.0,1.0,-1,6,20,1,1,1,11:12,5,2,9
2023401329346,2023,401329346,2,1,1,1,11,3,3,0,0,0,0,0,1,4,E01015756,3,1,0.0,1.0,-1,6,30,1,1,1,17:10,7,2,1
202360A141214,2023,60A141214,1,1,1,1,73,10,3,0,0,0,0,0,4,-1,-1,-1,0,0.27347,0.72653,-1,6,30,1,1,1,16:11,7,1,4
2023991355346,2023,991355346,1,1,2,1,65,9,3,0,0,2,0,0,9,10,-1,3,1,0.0,1.0,-1,3,50,1,1,1,16:17,6,1,9
2023010480223,2023,010480223,2,1,1,1,55,8,3,0,0,0,0,0,19,3,E01002623,-1,0,0.0,1.0,-1,1,50,9,1,1,14:30,7,2,19
2023461394153,2023,461394153,2,1,1,1,25,5,3,0,0,0,0,0,97,3,E01024291,3,1,0.0,1.0,-1,6,30,1,1,1,13:02,1,2,97
2023041390799,2023,041390799,2,1,2,1,46,8,2,0,0,2,0,0,9,-1,-1,7,1,1.0,0.0,-1,6,60,4,6,2,18:29,4,2,9
2023471366826,2023,471366826,2,3,2,2,16,4,3,0,0,1,0,0,9,8,E01021232,3,1,0.0,1.0,-1,6,30,9,7,1,20:40,3,2,9
2023010460384,2023,010460384,1,1,3,2,31,6,3,6,9,0,0,0,0,4,E01004027,-1,0,0.0,1.0,-1,6,20,1,1,1,19:00,7,1,1
2023161276079,2023,161276079,1,1,3,1,48,8,3,4,1,0,0,0,0,1,E01012918,3,1,0.0,1.0,-1,6,30,1,1,1,16:21,2,1,9