collision_index,collision_year,collision_ref_no,vehicle_reference,casualty_reference,casualty_class,sex_of_casualty,age_of_casualty,age_band_of_casualty,casualty_severity,pedestrian_location,pedestrian_movement,car_passenger,bus_or_coach_passenger,pedestrian_road_maintenance_worker,casualty_type,casualty_imd_decile,lsoa_of_casualty,enhanced_casualty_severity,casualty_injury_based,casualty_adjusted_severity_serious,casualty_adjusted_severity_slight,casualty_distance_banding,road_type,speed_limit,weather_conditions,light_conditions,road_surface_conditions,time,day_of_week,number_of_vehicles,vehicle_type
2023052301157,2023,052301157,1,1,1,2,25,5,3,0,0,0,0,0,9,3,E01006433,-1,0,0.06009,0.93991,-1,3,40,1,1,1,17:15,6,2,9
2023991260684,2023,991260684,2,2,1,2,46,8,2,0,0,0,0,0,9,-1,-1,6,1,1.0,0.0,-1,6,40,2,1,2,11:10,7,2,9
2023211281037,2023,211281037,2,1,1,1,50,8,3,0,0,0,0,0,19,7,E01029814,3,1,0.0,1.0,-1,6,30,1,1,1,06:45,5,2,19
2023010463769,2023,010463769,1,1,1,1,61,9,2,0,0,0,0,0,1,3,E01002079,-1,0,1.0,0.0,-1,9,20,9,1,1,17:00,7,2,1
2023622300959,2023,622300959,1,1,1,1,24,5,3,0,0,0,0,0,1,8,W01001725,-1,0,0.07618,0.92382,-1,3,20,1,4,2,19:04,5,2,1
2023041263520,2023,041263520,1,2,2,2,23,5,3,0,0,1,0,0,9,-1,-1,3,1,0.0,1.0,-1,6,30,2,1,2,11:30,1,3,9
2023010477617,2023,010477617,1,1,2,1,23,5,3,0,0,1,0,0,9,4,E01000534,-1,0,0.0,1.0,-1,2,20,2,4,2,04:50,2,1,9
2023141277327,2023,141277327,1,4,2,2,15,3,2,0,0,2,0,0,9,4,E01011858,7,1,1.0,0.0,-1,6,60,8,6,2,20:30,5,2,9
2023401314983,2023,401314983,1,1,1,2,33,6,3,0,0,0,0,0,9,10,E01017438,3,1,0.0,1.0,-1,6,60,1,1,1,16:31,2,2,9
2023430166273,2023,430166273,2,1,1,1,33,6,3,0,0,0,0,0,9,10,E01028599,-1,0,0.01343,0.98657,-1,6,30,1,1,1,11:05,1,2,9
2023440128843,2023,440128843,1,1,1,1,30,6,3,0,0,0,0,0,9,6,E01022816,-1,0,0.01014,0.98986,-1,3,50,1,1,2,11:30,6,2,9
2023501262731,2023,501262731,1,1,1,1,32,6,3,0,0,0,0,0,9,2,E01018999,3,1,0.0,1.0,-1,6,60,5,6,2,22:00,5,1,9
2023141291971,2023,141291971,1,1,2,2,75,10,2,0,0,1,0,0,9,2,E01007815,7,1,1.0,0.0,-1,3,40,2,1,2,12:10,3,2,9
2023170H10953,2023,170H10953,1,1,1,2,62,9,3,0,0,0,0,0,9,5,E01011966,-1,0,0.05144,0.94856,-1,6,30,1,1,1,13:01,4,2,9
2023421367175,2023,421367175,2,1,1,1,38,7,3,0,0,0,0,0,9,2,E01021851,3,1,0.0,1.0,-1,1,40,1,1,1,19:04,3,2,9
2023520400769,2023,520400769,2,2,1,2,71,10,3,0,0,0,0,0,19,5,E01020530,-1,0,0.07919,0.92081,-1,6,60,1,1,2,09:32,4,3,19
2023141360802,2023,141360802,2,1,1,1,46,8,3,0,0,0,0,0,98,1,E01005501,3,1,0.0,1.0,-1,7,70,1,1,1,10:50,2,2,98
2023010426907,2023,010426907,2,2,2,1,6,2,3,0,0,2,0,0,9,2,E01004062,-1,0,0.0,1.0,-1,6,20,1,1,1,12:15,2,2,9
2023201285330,2023,201285330,1,1,1,2,28,6,3,0,0,0,0,0,9,2,E01009505,3,1,0.0,1.0,-1,3,40,1,1,1,09:37,6,2,9
2023411325846,2023,411325846,2,2,1,2,50,8,2,0,0,0,0,0,9,7,E01023492,7,1,1.0,0.0,-1,3,70,1,1,1,10:30,7,2,9
2023010435068,2023,010435068,2,1,1,1,19,4,3,0,0,0,0,0,1,1,E01033207,-1,0,0.0,1.0,-1,6,20,1,4,1,19:40,5,2,1
2023010449472,2023,010449472,1,1,1,-1,19,4,3,0,0,0,0,0,3,5,E01000505,-1,0,0.0,1.0,-1,6,20,9,1,9,20:04,4,2,3
2023010482121,2023,010482121,1,1,1,1,33,6,3,0,0,0,0,0,3,3,E01000872,-1,0,0.0,1.0,-1,9,20,1,4,1,17:30,6,2,3
2023041266376,2023,041266376,1,1,2,1,77,11,2,0,0,1,0,0,9,-1,-1,6,1,1.0,0.0,-1,6,30,1,1,2,13:14,7,2,9
2023201284796,2023,201284796,2,1,1,1,45,7,3,0,0,0,0,0,9,3,E01009006,3,1,0.0,1.0,-1,1,30,1,4,1,22:55,4,2,9
2023361279475,2023,361279475,1,1,1,1,34,6,3,0,0,0,0,0,9,5,E01026894,3,1,0.0,1.0,-1,6,60,1,1,2,16:30,4,1,9
2023451309622,2023,451309622,1,1,2,2,25,5,2,0,0,2,0,0,9,5,E01002411,6,1,1.0,0.0,-1,6,30,8,4,1,23:35,7,2,9
2023302300867,2023,302300867,2,1,2,1,-1,-1,3,0,0,1,0,0,19,5,E01019456,-1,0,0.01266,0.98734,-1,6,40,1,1,1,09:00,6,2,19
2023010438945,2023,010438945,1,1,1,1,36,7,3,0,0,0,0,0,9,-1,-1,-1,0,0.0,1.0,-1,6,30,2,1,2,13:11,1,2,9
2023010487074,2023,010487074,1,1,1,1,20,4,3,0,0,0,0,0,9,7,E01030569,-1,0,0.0,1.0,-1,6,20,1,4,1,23:30,6,1,9
2023201298405,2023,201298405,4,3,2,1,5,1,3,0,0,2,0,0,9,-1,-1,3,1,0.0,1.0,-1,6,20,2,4,2,21:33,4,7,9
2023201382244,2023,201382244,2,2,2,1,55,8,2,0,0,-1,0,0,9,7,E01029613,7,1,1.0,0.0,-1,3,30,1,1,1,15:10,7,2,9
2023440487768,2023,440487768,1,2,2,1,26,6,3,0,0,1,0,0,9,4,E01022474,-1,0,0.05331,0.94669,-1,1,70,1,4,2,04:55,4,2,9
2023340NN2912,2023,340NN2912,1,1,1,1,57,9,2,0,0,0,0,0,-1,1,E01027231,-1,0,1.0,0.0,-1,6,30,1,1,2,20:00,6,1,-1
2023520301595,2023,520301595,1,1,1,2,32,6,3,0,0,0,0,0,9,7,E01029130,-1,0,0.02993,0.97007,-1,6,30,1,1,1,12:00,4,2,9
2023010468836,2023,010468836,1,1,3,1,24,5,3,6,9,0,0,0,0,3,E01002803,-1,0,0.0,1.0,-1,9,20,4,4,9,22:20,4,1,9
2023070711688,2023,070711688,2,1,1,1,46,8,3,0,0,0,0,0,3,7,E01018540,-1,0,0.14041,0.85959,-1,6,30,1,1,1,17:00,6,2,3
2023161379370,2023,161379370,1,1,3,2,12,3,3,4,3,0,0,0,0,6,E01013334,3,1,0.0,1.0,-1,6,30,1,1,1,13:25,6,1,9
2023461313616,2023,461313616,1,1,3,1,14,3,3,5,1,0,0,2,0,4,E01016164,3,1,0.0,1.0,-1,6,30,1,1,1,14:02,6,1,9
2023131377034,2023,131377034,2,1,1,2,10,2,3,0,0,0,0,0,1,1,E01011332,3,1,0.0,1.0,-1,6,30,2,4,2,16:15,1,2,1
2023351334100,2023,351334100,2,1,1,2,17,4,3,0,0,0,0,0,1,5,E01018183,3,1,0.0,1.0,-1,6,30,1,1,1,14:45,5,2,1
2023320364834,2023,320364834,1,1,1,1,31,6,3,0,0,0,0,0,5,4,E01026132,-1,0,0.15988,0.84012,-1,6,30,1,1,1,18:20,4,1,5
2023010434653,2023,010434653,1,1,2,1,20,4,3,0,0,0,3,0,11,3,E01001779,-1,0,0.0,1.0,-1,6,40,2,1,2,13:15,3,1,11
2023041267832,2023,041267832,1,1,1,1,28,6,3,0,0,0,0,0,9,3,E01025312,3,1,0.0,1.0,-1,6,20,1,1,2,09:00,4,2,9
2023351354332,2023,351354332,1,1,1,1,39,7,3,0,0,0,0,0,9,6,E01017962,3,1,0.0,1.0,-1,6,30,1,1,1,18:32,5,2,9
2023401291304,2023,401291304,2,2,2,2,68,10,3,0,0,2,0,0,9,3,E01015783,3,1,0.0,1.0,-1,6,40,2,4,2,23:20,4,3,9
2023552300559,2023,552300559,2,1,1,2,27,6,3,0,0,0,0,0,9,-1,-1,-1,0,0.00541,0.99459,-1,6,30,1,1,1,15:50,4,2,9
2023010433343,2023,010433343,1,1,1,1,61,9,3,0,0,0,0,0,9,8,E01002864,-1,0,0.0,1.0,-1,9,20,2,4,2,19:30,2,2,9
2023340WN4382,2023,340WN4382,3,1,1,2,40,7,3,0,0,0,0,0,9,9,E01027016,-1,0,0.0317,0.9683,-1,6,60,1,1,1,17:28,5,4,9
2023201415332,2023,201415332,1,1,1,1,23,5,3,0,0,0,0,0,9,4,E01010330,3,1,0.0,1.0,-1,3,30,2,1,2,15:40,6,2,9
2023461348476,2023,461348476,1,3,2,1,19,4,3,0,0,1,0,0,9,-1,-1,3,1,0.0,1.0,-1,3,70,1,4,1,00:20,2,1,9
2023461390756,2023,461390756,2,2,1,1,31,6,3,0,0,0,0,0,9,9,E01016176,3,1,0.0,1.0,-1,3,70,2,4,2,16:54,4,3,9
2023991333776,2023,991333776,3,1,1,1,21,5,3,0,0,0,0,0,9,-1,-1,3,1,0.0,1.0,-1,9,60,1,1,1,15:42,4,3,9
2023010479817,2023,010479817,1,1,1,1,69,10,3,0,0,0,0,0,9,5,E01002591,-1,0,0.0,1.0,-1,3,40,1,4,1,20:56,5,2,9
2023320589206,2023,320589206,1,1,2,1,38,7,1,0,0,2,0,0,9,1,E01026383,-1,0,0.0,0.0,-1,6,30,1,4,1,02:32,6,3,9
2023411313636,2023,411313636,2,1,2,2,16,4,3,0,0,-1,0,0,9,3,E01023346,3,1,0.0,1.0,-1,6,20,1,1,1,20:00,5,2,9
2023052300168,2023,052300168,2,1,1,2,56,9,3,0,0,0,0,0,9,5,E01006475,-1,0,0.0109,0.9891,-1,6,30,8,1,4,18:50,2,2,9
2023141310575,2023,141310575,1,1,1,1,72,10,3,0,0,0,0,0,9,5,E01007681,3,1,0.0,1.0,-1,6,30,2,1,1,07:58,3,2,9
2023451290412,2023,451290412,1,2,2,2,54,8,3,0,0,1,0,0,9,10,E01030581,3,1,0.0,1.0,-1,6,30,8,1,2,15:45,6,2,9
2023543857323,2023,543857323,1,2,2,2,26,6,3,0,0,2,0,0,9,6,E01015579,-1,0,0.03537,0.96463,-1,6,20,1,4,1,23:09,4,2,9
2023010432765,2023,010432765,2,2,1,1,50,8,3,0,0,0,0,0,9,7,E01030530,-1,0,0.0,1.0,-1,6,40,1,1,1,17:00,6,2,9
2023520300990,2023,520300990,2,2,1,1,27,6,3,0,0,0,0,0,9,8,E01014425,-1,0,0.04346,0.95654,-1,6,60,1,6,2,18:43,6,2,9
2023041358639,2023,041358639,2,1,1,1,51,8,3,0,0,0,0,0,1,8,E01025378,3,1,0.0,1.0,-1,6,30,1,1,1,15:27,4,2,1
2023471279506,2023,471279506,1,1,1,2,87,11,2,0,0,0,0,0,22,5,E01021120,6,1,1.0,0.0,-1,6,20,2,4,2,18:28,4,1,22
2023340NN3832,2023,340NN3832,2,2,2,2,27,6,3,0,0,2,0,0,8,-1,-1,-1,0,0.02863,0.97137,-1,6,30,2,1,2,15:10,6,2,8
2023461344765,2023,461344765,1,1,1,2,26,6,3,0,0,0,0,0,9,3,E01024222,3,1,0.0,1.0,-1,6,30,1,1,1,13:14,6,6,9
2023501380868,2023,501380868,1,1,1,2,36,7,3,0,0,0,0,0,9,6,E01019061,3,1,0.0,1.0,-1,6,60,3,1,3,08:03,5,3,9
2023010449268,2023,010449268,1,2,2,2,66,10,3,0,0,0,4,0,11,2,E01000990,-1,0,0.0,1.0,-1,6,20,8,1,1,17:00,5,2,11
2023052300306,2023,052300306,1,1,1,2,59,9,3,0,0,0,0,0,9,2,E01006845,-1,0,0.06323,0.93677,-1,6,30,1,1,1,08:00,3,2,9
2023302300413,2023,302300413,1,4,2,2,69,10,3,0,0,1,0,0,9,9,E01019684,-1,0,0.10558,0.89442,-1,3,70,1,1,1,17:37,6,4,9
2023430223925,2023,430223925,1,1,2,2,23,5,1,0,0,2,0,0,9,4,E01001182,-1,0,0.0,0.0,-1,3,70,1,1,1,12:01,2,2,9
2023552300119,2023,552300119,1,1,1,1,29,6,3,0,0,0,0,0,9,9,E01023270,-1,0,0.10169,0.89831,-1,3,50,7,1,2,08:10,4,2,9
2023101306475,2023,101306475,2,3,2,2,19,4,3,0,0,0,4,0,11,4,E01008832,3,1,0.0,1.0,-1,6,20,1,1,1,18:00,4,2,11
2023552300815,2023,552300815,2,1,1,1,46,8,2,0,0,0,0,0,4,5,E01015296,-1,0,1.0,0.0,-1,6,30,1,4,1,21:58,4,2,4
2023122300617,2023,122300617,4,9,2,2,12,3,3,0,0,2,0,0,9,6,E01008154,-1,0,0.01328,0.98672,-1,6,50,2,1,2,18:00,6,4,9
2023131369524,2023,131369524,2,1,2,2,65,9,3,0,0,0,4,0,11,3,E01011123,3,1,0.0,1.0,-1,6,30,1,1,2,12:55,1,2,11
2023201416928,2023,201416928,1,1,3,1,-1,-1,3,5,1,0,0,-1,0,-1,-1,3,1,0.0,1.0,-1,6,30,2,1,-1,12:55,6,1,11
2023122301326,2023,122301326,2,2,1,1,20,4,3,0,0,0,0,0,9,8,E01027586,-1,0,0.04592,0.95408,-1,6,60,2,6,2,20:44,5,2,9
2023201382455,2023,201382455,2,2,1,2,40,7,3,0,0,0,0,0,9,3,E01009209,3,1,0.0,1.0,-1,6,30,1,1,2,20:25,4,3,9
2023351272899,2023,351272899,4,3,2,2,24,5,3,0,0,2,0,0,9,9,E01024785,3,1,0.0,1.0,-1,6,60,1,6,2,16:53,6,5,9
2023101290451,2023,101290451,2,2,1,1,23,5,3,0,0,0,0,0,5,2,E01008810,3,1,0.0,1.0,-1,6,30,1,1,1,15:30,6,2,5
2023991370197,2023,991370197,1,2,3,1,54,8,3,6,9,0,0,0,0,-1,-1,3,1,0.0,1.0,-1,6,20,1,4,2,18:55,5,2,9
2023010430795,2023,010430795,1,1,1,1,66,10,3,0,0,0,0,0,9,5,E01015926,-1,0,0.0,1.0,-1,7,30,1,4,1,18:10,5,1,9
2023161390111,2023,161390111,1,1,1,2,28,6,3,0,0,0,0,0,9,5,E01013306,3,1,0.0,1.0,-1,6,30,1,4,1,16:45,6,2,9
2023421266358,2023,421266358,2,2,1,1,58,9,3,0,0,0,0,0,9,3,E01021892,3,1,0.0,1.0,-1,6,50,1,1,4,12:40,7,3,9
2023061317844,2023,061317844,1,1,1,1,41,7,2,0,0,0,0,0,1,1,E01005692,6,1,1.0,0.0,-1,6,30,2,1,2,19:30,2,1,1
2023501355694,2023,501355694,2,1,1,1,42,7,3,0,0,0,0,0,1,4,E01015050,3,1,0.0,1.0,-1,6,30,1,1,1,15:20,7,2,1
2023141392129,2023,141392129,1,1,3,2,14,3,3,5,1,0,0,0,0,1,E01007461,3,1,0.0,1.0,-1,6,30,1,1,1,14:40,2,1,9
2023531358227,2023,531358227,1,1,1,1,53,8,2,0,0,0,0,0,1,6,E01022374,7,1,1.0,0.0,-1,6,30,1,1,1,12:25,1,2,1
2023061297040,2023,061297040,2,2,1,1,26,6,3,0,0,0,0,0,9,-1,-1,3,1,0.0,1.0,-1,6,30,1,4,1,01:08,7,3,9
2023520300585,2023,520300585,1,3,2,2,18,4,3,0,0,1,0,0,9,5,E01032636,-1,0,0.12782,0.87218,-1,6,60,1,6,1,23:06,1,1,9
2023522400523,2023,522400523,1,1,1,1,30,6,3,0,0,0,0,0,9,1,E01014706,-1,0,0.00176,0.99824,-1,2,30,1,1,1,10:35,3,2,9
2023101338017,2023,101338017,1,1,3,2,74,10,2,6,5,0,0,0,0,-1,-1,7,1,1.0,0.0,-1,3,30,2,1,2,16:45,5,1,3
2023411360058,2023,411360058,2,1,1,1,69,10,3,0,0,0,0,0,1,6,E01023399,3,1,0.0,1.0,-1,1,30,1,1,1,10:56,7,2,1
2023421275547,2023,421275547,2,1,1,1,19,4,3,0,0,0,0,0,9,3,E01002243,3,1,0.0,1.0,-1,6,60,1,5,2,14:05,7,2,9
2023451307007,2023,451307007,1,2,2,1,17,4,3,0,0,1,0,0,9,8,E01001072,3,1,0.0,1.0,-1,6,30,1,1,1,17:41,6,1,9
2023471329556,2023,471329556,1,1,1,1,52,8,3,0,0,0,0,0,9,7,E01021212,3,1,0.0,1.0,-1,6,60,1,1,2,19:00,6,1,9
2023501278543,2023,501278543,1,1,2,1,22,5,3,0,0,2,0,0,9,5,E01018831,3,1,0.0,1.0,-1,6,60,1,6,1,19:16,2,2,9
2023351424475,2023,351424475,2,1,2,1,26,6,3,0,0,1,0,0,19,10,E01018303,3,1,0.0,1.0,-1,3,70,1,6,2,16:22,5,2,19
2023010420856,2023,010420856,2,1,1,1,27,6,3,0,0,0,0,0,3,6,E01002140,-1,0,0.0,1.0,-1,6,30,2,4,2,15:15,4,3,3
2023041351720,2023,041351720,2,1,1,1,48,8,3,0,0,0,0,0,3,2,E01025313,3,1,0.0,1.0,-1,6,30,1,1,1,18:00,6,2,3
2023010486153,2023,010486153,2,2,1,2,49,8,3,0,0,0,0,0,9,1,E01000661,-1,0,0.0,1.0,-1,6,30,2,4,2,03:45,4,5,9
2023351347471,2023,351347471,3,2,2,1,58,9,3,0,0,1,0,0,9,7,E01032943,3,1,0.0,1.0,-1,3,60,1,1,1,14:30,3,3,9
2023401341990,2023,401341990,1,2,2,1,26,6,3,0,0,-1,0,0,9,7,E01023923,3,1,0.0,1.0,-1,6,30,1,1,1,16:36,1,2,9
2023440216959,2023,440216959,1,1,1,1,60,9,3,0,0,0,0,0,9,5,E01016233,-1,0,0.18891,0.81109,-1,6,60,1,1,1,14:30,5,1,9
2023440363834,2023,440363834,1,1,1,2,65,9,2,0,0,0,0,0,9,4,E01017297,-1,0,1.0,0.0,-1,6,40,1,1,1,08:20,5,2,9
2023522300586,2023,522300586,2,1,1,1,26,6,3,0,0,0,0,0,9,7,E01014808,-1,0,0.02495,0.97505,-1,6,30,2,1,1,10:09,7,4,9
2023340NN4092,2023,340NN4092,2,1,1,1,18,4,3,0,0,0,0,0,-1,3,E01026976,-1,0,0.12526,0.87474,-1,6,30,1,4,2,16:40,5,3,-1
2023052400589,2023,052400589,2,2,2,2,2,1,3,0,0,2,0,0,9,2,E01006945,-1,0,0.03222,0.96778,-1,6,30,1,1,1,15:20,3,2,9
2023311334718,2023,311334718,1,2,1,2,86,11,3,0,0,0,0,0,9,6,E01028016,3,1,0.0,1.0,-1,6,60,1,1,1,17:40,7,2,9
2023371301945,2023,371301945,1,1,2,2,27,6,3,0,0,1,0,0,9,4,E01030109,3,1,0.0,1.0,-1,6,40,2,1,2,07:00,6,1,9
2023440492148,2023,440492148,1,1,1,2,22,5,3,0,0,0,0,0,9,6,E01022679,-1,0,0.08395,0.91605,-1,6,30,1,4,1,23:58,6,2,9
2023461320807,2023,461320807,1,1,1,1,55,8,3,0,0,0,0,0,9,7,E01024465,3,1,0.0,1.0,-1,1,40,1,1,1,10:35,6,2,9
2023052301280,2023,052301280,1,1,3,1,50,8,3,6,9,0,0,0,0,8,E01012550,-1,0,0.08247,0.91753,-1,6,30,1,1,1,18:30,4,1,9
2023052302900,2023,052302900,1,1,3,1,70,10,3,5,9,0,0,0,0,1,E01006603,-1,0,0.11551,0.88449,-1,6,30,1,4,4,18:00,6,1,9
2023010452634,2023,010452634,1,1,1,2,36,7,3,0,0,0,0,0,1,5,E01002456,-1,0,0.0,1.0,-1,3,40,1,1,1,17:10,7,2,1
2023101364391,2023,101364391,2,2,1,2,65,9,3,0,0,0,0,0,9,8,E01008294,3,1,0.0,1.0,-1,7,70,1,1,1,12:30,1,2,9
2023440074219,2023,440074219,1,1,1,1,48,8,3,0,0,0,0,0,9,2,E01023108,-1,0,0.03421,0.96579,-1,6,30,1,4,1,17:54,4,2,9
2023461361377,2023,461361377,2,1,1,1,23,5,3,0,0,0,0,0,3,7,E01024109,3,1,0.0,1.0,-1,6,30,1,1,1,15:54,2,2,3
2023461261425,2023,461261425,2,1,1,2,37,7,2,0,0,0,0,0,5,5,E01024831,7,1,1.0,0.0,-1,6,30,1,1,1,00:45,1,2,5
2023302300528,2023,302300528,2,1,1,1,64,9,3,0,0,0,0,0,9,5,E01013587,-1,0,0.01958,0.98042,-1,6,30,8,1,2,06:15,1,2,9
2023552301418,2023,552301418,2,2,1,2,54,8,3,0,0,0,0,0,9,10,E01020395,-1,0,0.03207,0.96793,-1,6,30,1,1,1,09:32,6,2,9
2023010424107,2023,010424107,2,2,1,1,48,8,3,0,0,0,0,0,9,4,E01001609,-1,0,0.0,1.0,-1,6,30,1,4,1,00:55,1,3,9
2023991343014,2023,991343014,1,2,2,2,83,11,2,0,0,1,0,0,9,9,-1,5,1,1.0,0.0,-1,6,40,1,1,1,16:05,5,2,9
2023991364999,2023,991364999,1,1,1,1,44,7,3,0,0,0,0,0,9,-1,-1,3,1,0.0,1.0,-1,6,40,8,1,2,07:47,6,2,9
2023161347694,2023,161347694,2,1,1,1,82,11,3,0,0,0,0,0,22,1,E01013140,3,1,0.0,1.0,-1,6,30,1,1,1,14:58,6,2,22
2023010451425,2023,010451425,2,1,1,1,33,6,2,0,0,0,0,0,-1,3,E01003177,-1,0,1.0,0.0,-1,6,30,1,5,2,21:28,1,2,-1
2023531332925,2023,531332925,1,1,3,2,8,2,3,5,1,0,0,0,0,8,E01022413,3,1,0.0,1.0,-1,6,40,1,1,1,10:15,1,1,9
2023010446751,2023,010446751,1,1,1,1,51,8,3,0,0,0,0,0,1,7,E01004620,-1,0,0.0,1.0,-1,6,30,1,1,1,13:45,2,2,1
2023461359282,2023,461359282,1,2,2,2,55,8,2,0,0,0,0,0,5,-1,-1,7,1,1.0,0.0,-1,6,40,1,1,1,09:14,3,1,5
2023010469429,2023,010469429,1,1,1,2,31,6,3,0,0,0,0,0,1,5,E01003058,-1,0,0.0,1.0,-1,6,20,1,1,1,15:30,1,2,1
2023131364784,2023,131364784,2,1,1,1,53,8,3,0,0,0,0,0,1,5,E01011215,3,1,0.0,1.0,-1,6,30,1,1,1,16:47,4,2,1
2023010465393,2023,010465393,1,1,1,1,38,7,3,0,0,0,0,0,9,2,E01004224,-1,0,0.0,1.0,-1,1,40,1,1,1,16:57,2,1,9
2023131383421,2023,131383421,1,1,1,2,22,5,2,0,0,0,0,0,9,9,E01011278,7,1,1.0,0.0,-1,6,50,8,1,4,08:25,4,2,9
2023440382663,2023,440382663,1,1,1,2,23,5,3,0,0,0,0,0,9,6,E01022761,-1,0,0.04324,0.95676,-1,6,30,2,1,2,12:45,3,2,9
2023552300728,2023,552300728,2,2,1,1,31,6,3,0,0,0,0,0,9,7,E01020513,-1,0,0.03005,0.96995,-1,6,60,1,1,1,11:02,7,4,9
2023010457207,2023,010457207,1,1,1,1,20,4,3,0,0,0,0,0,1,5,E01000632,-1,0,0.0,1.0,-1,9,20,1,1,1,12:50,3,2,1
2023371352400,2023,371352400,2,1,1,2,40,7,3,0,0,0,0,0,1,2,E01030032,3,1,0.0,1.0,-1,1,30,1,1,1,07:23,2,2,1
2023332300244,2023,332300244,2,1,1,1,66,10,3,0,0,0,0,0,9,5,E01002123,-1,0,0.04222,0.95778,-1,3,70,1,1,1,16:47,3,2,9
2023451266519,2023,451266519,1,1,1,1,30,6,3,0,0,0,0,0,9,4,E01001146,3,1,0.0,1.0,-1,3,70,7,1,2,09:20,1,1,9
2023421290396,2023,421290396,1,1,1,1,56,9,3,0,0,0,0,0,21,-1,-1,3,1,0.0,1.0,-1,3,70,1,1,1,07:36,6,1,21
2023141300425,2023,141300425,1,1,3,1,11,3,2,1,9,0,0,0,0,7,E01019802,7,1,1.0,0.0,-1,6,30,9,1,1,15:30,6,1,9
2023122400209,2023,122400209,2,1,1,2,59,9,3,0,0,0,0,0,9,5,E01033070,-1,0,0.03928,0.96072,-1,6,30,1,4,1,05:50,3,2,9
2023471380418,2023,471380418,1,1,1,2,43,7,3,0,0,0,0,0,9,5,E01031498,3,1,0.0,1.0,-1,6,60,8,1,2,08:00,2,2,9
2023010470938,2023,010470938,1,1,1,2,39,7,3,0,0,0,0,0,9,-1,-1,-1,0,0.0,1.0,-1,6,20,1,1,1,08:50,2,2,9
2023041265722,2023,041265722,1,2,2,1,18,4,2,0,0,2,0,0,9,8,E01025162,5,1,1.0,0.0,-1,3,40,1,4,2,22:50,7,1,9
2023371284208,2023,371284208,2,1,1,2,34,6,3,0,0,0,0,0,9,4,E01029927,3,1,0.0,1.0,-1,6,30,1,1,1,10:20,6,2,9
2023010464877,2023,010464877,1,1,1,1,34,6,2,0,0,0,0,0,1,2,E01002712,-1,0,1.0,0.0,-1,6,30,1,1,1,11:50,4,2,1
2023010440313,2023,010440313,2,3,1,1,23,5,3,0,0,0,0,0,9,2,E01000431,-1,0,0.0,1.0,-1,6,30,1,1,1,09:15,1,2,9
2023010455459,2023,010455459,2,2,2,1,23,5,3,0,0,2,0,0,9,2,E01001698,-1,0,0.0,1.0,-1,3,50,1,1,1,16:12,7,2,9
2023070005051,2023,070005051,3,2,1,1,29,6,3,0,0,0,0,0,9,1,E01014305,-1,0,0.02719,0.97281,-1,6,30,2,1,2,14:45,7,3,9
2023201328132,2023,201328132,1,1,1,1,54,8,3,0,0,0,0,0,9,8,E01010561,3,1,0.0,1.0,-1,6,30,1,1,1,14:19,5,2,9
2023421289166,2023,421289166,1,1,2,2,56,9,3,0,0,0,4,0,11,-1,-1,3,1,0.0,1.0,-1,6,40,1,6,2,18:46,6,2,11
2023351391036,2023,351391036,1,1,1,1,29,6,3,0,0,0,0,0,22,2,E01017948,3,1,0.0,1.0,-1,6,20,1,1,2,14:34,7,2,22
2023201293943,2023,201293943,1,1,3,2,17,4,3,5,3,0,0,2,0,4,E01009879,3,1,0.0,1.0,-1,6,30,1,1,1,17:05,1,1,9
2023141303040,2023,141303040,1,1,3,1,31,6,3,9,5,0,0,0,0,3,E01007458,3,1,0.0,1.0,-1,6,30,1,1,1,12:32,2,1,9
2023111263818,2023,111263818,2,1,1,1,34,6,2,0,0,0,0,0,1,10,E01020704,6,1,1.0,0.0,-1,6,60,3,6,3,07:45,2,2,1
2023041376195,2023,041376195,2,1,1,1,29,6,2,0,0,0,0,0,5,4,E01025567,5,1,1.0,0.0,-1,6,40,1,4,2,20:15,7,2,5
2023010455071,2023,010455071,1,1,1,2,40,7,3,0,0,0,0,0,9,3,E01002589,-1,0,0.0,1.0,-1,1,30,1,1,1,19:08,5,2,9
2023010461824,2023,010461824,1,1,1,1,22,5,3,0,0,0,0,0,9,6,E01000555,-1,0,0.0,1.0,-1,9,30,1,1,1,11:15,3,2,9
2023061293522,2023,061293522,2,1,1,-1,38,7,3,0,0,0,0,0,9,5,E01032559,3,1,0.0,1.0,-1,6,20,2,4,2,20:29,7,2,9
2023141313864,2023,141313864,1,1,1,1,77,11,3,0,0,0,0,0,9,3,E01012784,3,1,0.0,1.0,-1,3,30,1,1,1,09:33,5,2,9
2023201282134,2023,201282134,1,3,2,1,19,4,3,0,0,1,0,0,9,1,E01009021,3,1,0.0,1.0,-1,1,30,1,1,1,14:52,1,2,9
2023231341971,2023,231341971,2,1,1,1,59,9,3,0,0,0,0,0,9,-1,-1,3,1,0.0,1.0,-1,6,50,1,6,1,23:12,6,2,9
2023552300723,2023,552300723,2,1,1,2,40,7,3,0,0,0,0,0,9,6,E01020516,-1,0,0.00597,0.99403,-1,6,30,1,1,1,21:47,4,2,9
2023052301674,2023,052301674,2,1,2,2,55,8,3,0,0,0,2,0,11,1,E01006694,-1,0,0.0702,0.9298,-1,6,30,1,1,1,14:10,4,2,11