collision_index,collision_year,collision_ref_no,vehicle_reference,casualty_reference,casualty_class,sex_of_casualty,age_of_casualty,age_band_of_casualty,casualty_severity,pedestrian_location,pedestrian_movement,car_passenger,bus_or_coach_passenger,pedestrian_road_maintenance_worker,casualty_type,casualty_imd_decile,lsoa_of_casualty,enhanced_casualty_severity,casualty_injury_based,casualty_adjusted_severity_serious,casualty_adjusted_severity_slight,casualty_distance_banding,road_type,speed_limit,weather_conditions,light_conditions,road_surface_conditions,time,day_of_week,number_of_vehicles,vehicle_type
2023010476781,2023,010476781,1,1,1,1,35,6,2,0,0,0,0,0,3,5,E01003314,-1,0,1.0,0.0,-1,6,20,2,4,2,16:29,4,2,3
2023201403355,2023,201403355,1,1,3,2,11,3,3,1,3,0,0,0,0,1,E01009104,3,1,0.0,1.0,-1,3,30,1,1,1,09:30,5,1,19
2023440148763,2023,440148763,2,1,1,1,13,3,3,0,0,0,0,0,1,-1,-1,-1,0,0.06437,0.93563,-1,6,30,1,1,1,16:00,1,2,1
2023231313751,2023,231313751,3,2,1,2,21,5,3,0,0,0,0,0,9,10,E01029854,3,1,0.0,1.0,-1,6,50,2,6,2,21:19,1,3,9
2023421288279,2023,421288279,2,2,1,2,51,8,3,0,0,0,0,0,9,7,E01021900,3,1,0.0,1.0,-1,6,40,2,1,2,15:05,7,2,9
2023991372442,2023,991372442,2,1,1,2,59,9,2,0,0,0,0,0,9,-1,-1,7,1,1.0,0.0,-1,6,40,1,1,1,16:45,3,2,9
2023161364446,2023,161364446,1,2,2,1,8,2,3,0,0,0,0,0,19,1,E01013278,3,1,0.0,1.0,-1,6,30,5,4,2,20:10,4,2,19
2023332300190,2023,332300190,1,2,2,2,77,11,3,0,0,1,0,0,21,9,E01025820,-1,0,0.05211,0.94789,-1,6,40,1,1,1,12:54,4,2,21
2023401374316,2023,401374316,1,1,3,1,3,1,3,5,4,0,0,0,0,7,E01015800,3,1,0.0,1.0,-1,6,30,1,1,2,12:30,5,1,9
2023010482765,2023,010482765,1,1,1,1,18,4,3,0,0,0,0,0,3,9,E01003804,-1,0,0.0,1.0,-1,9,20,2,4,2,19:35,5,2,3
2023010431537,2023,010431537,1,1,1,1,26,6,2,0,0,0,0,0,9,2,E01004444,-1,0,1.0,0.0,-1,6,30,1,4,4,02:28,7,2,9
2023340NN3122,2023,340NN3122,1,3,2,1,1,1,3,0,0,2,0,0,9,3,E01027041,-1,0,0.10191,0.89809,-1,6,60,1,1,1,10:50,7,2,9
2023471301230,2023,471301230,1,1,3,1,-1,-1,3,6,9,0,0,0,0,4,E01016871,3,1,0.0,1.0,-1,6,20,1,1,1,16:24,3,1,11
2023471297130,2023,471297130,1,1,1,1,34,6,2,0,0,0,0,0,5,1,E01020978,7,1,1.0,0.0,-1,1,30,1,1,1,09:58,1,2,5
2023332300210,2023,332300210,1,1,2,1,26,6,2,0,0,1,0,0,9,4,E01032862,-1,0,1.0,0.0,-1,6,30,1,4,1,20:15,7,1,9
2023010428301,2023,010428301,2,1,1,1,38,7,3,0,0,0,0,0,23,2,E01002702,-1,0,0.0,1.0,-1,3,30,9,4,1,18:06,2,2,23
2023131371311,2023,131371311,2,1,1,2,41,7,2,0,0,0,0,0,9,6,E01011083,7,1,1.0,0.0,-1,6,30,1,4,1,19:17,1,2,9
2023311375809,2023,311375809,2,1,1,2,52,8,3,0,0,0,0,0,9,-1,-1,3,1,0.0,1.0,-1,3,50,1,1,1,13:54,3,2,9
2023421380026,2023,421380026,2,2,2,2,36,7,3,0,0,1,0,0,9,-1,-1,3,1,0.0,1.0,-1,6,30,1,1,2,13:30,7,2,9
2023471269776,2023,471269776,2,2,1,2,34,6,3,0,0,0,0,0,9,-1,-1,3,1,0.0,1.0,-1,6,60,1,1,1,11:00,2,3,9
2023520400609,2023,520400609,1,1,1,2,38,7,3,0,0,0,0,0,9,8,E01029319,-1,0,0.00944,0.99056,-1,6,60,9,1,2,11:15,1,2,9
2023010471795,2023,010471795,1,1,3,1,13,3,3,9,9,0,0,0,0,1,E01003246,-1,0,0.0,1.0,-1,6,30,1,1,1,16:16,6,1,9
2023131300377,2023,131300377,1,1,1,1,31,6,3,0,0,0,0,0,3,4,E01011908,3,1,0.0,1.0,-1,6,30,1,1,2,15:26,2,2,3
2023430446066,2023,430446066,1,1,1,1,26,6,3,0,0,0,0,0,3,10,E01016335,-1,0,0.03941,0.96059,-1,6,40,1,1,1,16:45,3,2,3
2023440107581,2023,440107581,1,1,1,1,49,8,3,0,0,0,0,0,4,6,E01003038,-1,0,0.22865,0.77135,-1,3,70,1,1,1,17:47,6,1,4
2023111370994,2023,111370994,1,1,1,2,70,10,2,0,0,0,0,0,9,-1,-1,7,1,1.0,0.0,-1,3,70,1,6,1,20:34,1,4,9
2023201319376,2023,201319376,1,1,3,1,-1,-1,3,1,1,0,0,2,0,3,E01009045,3,1,0.0,1.0,-1,3,30,2,1,2,17:15,3,1,19
2023010464460,2023,010464460,2,1,1,1,33,6,3,0,0,0,0,0,1,3,E01000918,-1,0,0.0,1.0,-1,6,20,1,1,1,17:53,4,2,1
2023311350172,2023,311350172,1,1,1,2,53,8,3,0,0,0,0,0,9,7,E01028154,3,1,0.0,1.0,-1,6,30,1,4,1,21:37,6,2,9
2023332300603,2023,332300603,1,1,2,2,22,5,3,0,0,1,0,0,9,6,E01025925,-1,0,0.0625,0.9375,-1,6,60,2,6,2,22:51,6,1,9
2023991307245,2023,991307245,1,1,1,2,29,6,3,0,0,0,0,0,9,1,-1,3,1,0.0,1.0,-1,6,30,1,4,1,22:10,6,2,9
2023010483644,2023,010483644,1,1,3,1,45,7,2,10,9,0,0,0,0,2,E01003390,-1,0,1.0,0.0,-1,7,20,2,1,2,14:00,3,1,8
2023451391156,2023,451391156,1,1,1,1,52,8,3,0,0,0,0,0,1,10,E01030584,3,1,0.0,1.0,-1,6,30,1,1,1,12:00,1,2,1
2023010469260,2023,010469260,1,3,2,-1,-1,-1,3,0,0,2,0,0,9,3,E01003143,-1,0,0.0,1.0,-1,6,30,1,4,1,23:43,7,2,9
2023430425279,2023,430425279,1,2,2,1,10,2,3,0,0,1,0,0,9,-1,-1,-1,0,0.01573,0.98427,-1,1,30,1,1,1,08:15,5,2,9
2023610031823,2023,610031823,1,1,1,1,17,4,3,0,0,0,0,0,9,3,W01001321,-1,0,0.08685,0.91315,-1,6,40,2,4,2,22:49,7,1,9
2023401265937,2023,401265937,4,4,1,1,57,9,3,0,0,0,0,0,19,4,E01017520,3,1,0.0,1.0,-1,3,70,1,4,1,17:34,2,12,19
2023010427940,2023,010427940,1,1,1,1,33,6,3,0,0,0,0,0,3,4,E01000995,-1,0,0.0,1.0,-1,6,20,2,4,2,22:10,6,2,3
2023010473707,2023,010473707,1,1,1,1,53,8,2,0,0,0,0,0,5,2,E01000101,-1,0,1.0,0.0,-1,3,20,2,1,2,07:00,3,3,5
2023401365000,2023,401365000,2,2,1,1,29,6,3,0,0,0,0,0,9,4,E01017600,3,1,0.0,1.0,-1,6,60,1,1,1,18:16,3,3,9
2023411323455,2023,411323455,1,1,1,1,60,9,3,0,0,0,0,0,9,3,E01023920,3,1,0.0,1.0,-1,6,30,1,1,1,16:12,6,2,9
2023010445600,2023,010445600,2,1,1,2,84,11,3,0,0,0,0,0,9,7,E01000156,-1,0,0.0,1.0,-1,6,20,1,1,1,09:00,1,2,9
2023010451896,2023,010451896,1,1,1,1,38,7,3,0,0,0,0,0,9,3,E01004489,-1,0,0.0,1.0,-1,9,20,8,1,1,04:30,6,2,9
2023010483339,2023,010483339,2,4,2,2,-1,-1,3,0,0,2,0,0,9,3,E01000092,-1,0,0.0,1.0,-1,1,30,1,1,1,15:40,1,2,9
2023471288207,2023,471288207,1,3,2,1,67,10,2,0,0,2,0,0,9,5,E01031394,7,1,1.0,0.0,-1,6,30,1,1,2,12:46,6,1,9
2023471389944,2023,471389944,1,1,1,2,25,5,3,0,0,0,0,0,9,6,E01021133,3,1,0.0,1.0,-1,6,40,1,6,1,19:26,2,2,9
2023201364567,2023,201364567,1,1,3,2,11,3,3,5,9,0,0,0,0,2,E01010284,3,1,0.0,1.0,-1,6,30,1,1,1,08:20,4,1,19
2023131299086,2023,131299086,2,1,1,2,38,7,3,0,0,0,0,0,9,8,E01011414,3,1,0.0,1.0,-1,6,30,1,1,1,08:45,3,2,9
2023201371447,2023,201371447,1,1,1,1,36,7,3,0,0,0,0,0,9,-1,-1,3,1,0.0,1.0,-1,7,30,2,1,2,18:09,1,1,9
2023302300993,2023,302300993,2,1,2,1,20,4,2,0,0,2,0,0,9,9,E01019621,-1,0,1.0,0.0,-1,6,50,1,1,1,12:05,7,3,9
2023361304893,2023,361304893,2,1,1,2,59,9,2,0,0,0,0,0,9,7,E01026608,6,1,1.0,0.0,-1,6,30,1,1,1,12:16,1,2,9
2023461276781,2023,461276781,1,1,1,1,21,5,3,0,0,0,0,0,9,2,E01024214,3,1,0.0,1.0,-1,6,50,1,6,1,18:55,5,2,9
2023201377690,2023,201377690,1,1,3,1,30,6,2,1,3,0,0,2,0,1,E01009951,7,1,1.0,0.0,-1,3,30,1,4,1,00:08,6,1,9
2023547594023,2023,547594023,2,1,1,2,57,9,2,0,0,0,0,0,1,10,E01032005,-1,0,1.0,0.0,-1,6,30,1,1,1,12:10,4,2,1
2023010484071,2023,010484071,1,1,1,1,33,6,3,0,0,0,0,0,3,4,E01003494,-1,0,0.0,1.0,-1,1,30,1,4,1,21:30,5,2,3
2023430186593,2023,430186593,1,1,1,1,23,5,2,0,0,0,0,0,3,9,E01032950,-1,0,1.0,0.0,-1,6,50,1,1,1,17:30,7,3,3
2023501370811,2023,501370811,1,1,1,1,24,5,3,0,0,0,0,0,3,3,E01020096,3,1,0.0,1.0,-1,6,60,2,1,2,06:25,1,1,3
2023522400404,2023,522400404,2,1,1,1,19,4,3,0,0,0,0,0,3,1,E01014593,-1,0,0.0928,0.9072,-1,6,30,1,1,1,19:20,1,2,3
2023401346826,2023,401346826,3,1,1,2,22,5,3,0,0,0,0,0,9,9,E01017585,3,1,0.0,1.0,-1,3,70,1,1,1,08:28,4,3,9
2023430353345,2023,430353345,1,1,1,1,21,5,3,0,0,0,0,0,19,7,E01016305,-1,0,0.08846,0.91154,-1,6,60,1,1,1,17:05,3,1,19
2023010460811,2023,010460811,1,1,1,1,19,4,3,0,0,0,0,0,9,10,E01000681,-1,0,0.0,1.0,-1,6,30,1,4,1,00:15,4,2,9
2023421361176,2023,421361176,2,2,2,1,24,5,3,0,0,1,0,0,9,6,E01021472,3,1,0.0,1.0,-1,6,40,1,1,1,15:30,6,2,9
2023122400084,2023,122400084,3,2,1,1,67,10,3,0,0,0,0,0,9,10,E01010771,-1,0,0.09795,0.90205,-1,6,60,1,1,2,14:50,6,3,9
2023201289756,2023,201289756,1,1,1,1,67,10,3,0,0,0,0,0,9,2,E01010420,3,1,0.0,1.0,-1,6,30,1,4,1,22:17,6,2,9
2023421312175,2023,421312175,2,1,1,2,28,6,2,0,0,0,0,0,9,4,E01033140,7,1,1.0,0.0,-1,6,30,1,1,1,16:55,7,2,9
2023010469746,2023,010469746,4,1,1,2,60,9,2,0,0,0,0,0,1,2,E01002722,-1,0,1.0,0.0,-1,6,20,1,1,1,15:50,3,4,1
2023622300473,2023,622300473,2,2,1,1,27,6,3,0,0,0,0,0,1,-1,-1,-1,0,0.08682,0.91318,-1,6,30,1,1,1,17:16,6,2,1
2023010458922,2023,010458922,2,1,1,1,19,4,3,0,0,0,0,0,3,2,E01000934,-1,0,0.0,1.0,-1,6,20,1,1,1,16:40,6,2,3
2023010465307,2023,010465307,1,1,1,1,20,4,3,0,0,0,0,0,3,2,E01004405,-1,0,0.0,1.0,-1,6,20,8,1,1,13:15,5,2,3
2023451355687,2023,451355687,1,2,2,1,19,4,2,0,0,0,0,0,5,4,E01030745,5,1,1.0,0.0,-1,3,50,1,6,1,01:52,1,1,5
2023131365268,2023,131365268,1,2,1,1,20,4,2,0,0,0,0,0,9,9,E01010953,6,1,1.0,0.0,-1,6,60,5,6,5,19:16,6,2,9
2023141370977,2023,141370977,1,1,1,2,40,7,3,0,0,0,0,0,9,10,E01019787,3,1,0.0,1.0,-1,6,30,1,1,1,15:30,1,3,9
2023440045852,2023,440045852,1,1,1,1,60,9,3,0,0,0,0,0,9,-1,-1,-1,0,0.09119,0.90881,-1,6,30,1,6,2,07:14,6,2,9
2023141324531,2023,141324531,2,1,1,1,23,5,2,0,0,0,0,0,1,6,E01007620,7,1,1.0,0.0,-1,3,30,1,1,1,14:42,6,2,1
2023010454812,2023,010454812,1,1,1,1,34,6,3,0,0,0,0,0,3,1,E01032575,-1,0,0.0,1.0,-1,9,20,9,1,9,17:30,3,2,3
2023201330905,2023,201330905,2,1,1,1,-1,-1,3,0,0,0,0,0,9,2,E01009935,3,1,0.0,1.0,-1,6,30,1,1,1,08:25,5,2,9
2023010459018,2023,010459018,1,1,1,1,28,6,2,0,0,0,0,0,9,3,E01016021,-1,0,1.0,0.0,-1,6,30,1,1,1,06:30,7,1,9
2023131285069,2023,131285069,2,1,1,1,46,8,3,0,0,0,0,0,9,2,E01011914,3,1,0.0,1.0,-1,3,40,6,4,4,16:43,5,2,9
2023141357505,2023,141357505,1,1,1,2,26,6,2,0,0,0,0,0,9,1,E01007377,7,1,1.0,0.0,-1,6,30,1,1,2,06:32,6,2,9
2023201422180,2023,201422180,2,2,2,1,21,5,3,0,0,2,0,0,9,3,E01010050,3,1,0.0,1.0,-1,1,30,1,4,1,06:01,7,2,9
2023501391383,2023,501391383,2,1,1,1,48,8,3,0,0,0,0,0,1,6,E01020226,3,1,0.0,1.0,-1,6,30,1,1,1,10:05,1,2,1
2023131311956,2023,131311956,2,1,1,1,56,9,2,0,0,0,0,0,9,-1,-1,7,1,1.0,0.0,-1,6,40,8,4,1,17:30,6,2,9
2023351378428,2023,351378428,2,3,2,1,4,1,3,0,0,-1,0,0,9,8,E01018152,3,1,0.0,1.0,-1,6,30,1,1,1,16:15,3,2,9
2023421309814,2023,421309814,2,1,1,2,53,8,2,0,0,0,0,0,9,8,E01023485,6,1,1.0,0.0,-1,6,30,1,4,1,21:46,7,2,9
2023161277160,2023,161277160,1,1,1,2,35,6,3,0,0,0,0,0,9,1,E01012856,3,1,0.0,1.0,-1,3,30,1,4,1,20:32,4,2,9
2023451353366,2023,451353366,1,2,2,1,31,6,3,0,0,1,0,0,9,-1,-1,3,1,0.0,1.0,-1,6,30,1,4,1,23:42,7,2,9
2023631312986,2023,631312986,2,3,1,1,54,8,2,0,0,0,0,0,9,8,E01032218,5,1,1.0,0.0,-1,6,60,1,1,1,14:00,3,2,9
2023010468079,2023,010468079,1,1,1,1,33,6,3,0,0,0,0,0,1,2,E01004001,-1,0,0.0,1.0,-1,6,30,1,1,1,08:43,7,3,1
2023440467859,2023,440467859,1,1,1,2,56,9,3,0,0,0,0,0,1,3,E01017267,-1,0,0.1106,0.8894,-1,6,30,1,1,1,10:40,4,2,1
2023010479610,2023,010479610,2,1,1,1,30,6,2,0,0,0,0,0,3,3,E01000176,-1,0,1.0,0.0,-1,6,30,1,4,1,21:45,4,2,3
2023141321746,2023,141321746,1,1,1,1,34,6,3,0,0,0,0,0,5,6,E01007455,3,1,0.0,1.0,-1,3,60,1,1,1,17:40,5,2,5
2023010466849,2023,010466849,1,1,1,1,26,6,3,0,0,0,0,0,3,9,E01001300,-1,0,0.0,1.0,-1,6,20,1,1,1,15:40,2,2,3
2023421355366,2023,421355366,2,2,1,1,23,5,3,0,0,0,0,0,4,7,E01021582,3,1,0.0,1.0,-1,6,30,1,1,1,17:38,6,2,4
2023430387192,2023,430387192,2,1,1,1,63,9,3,0,0,0,0,0,9,7,E01027292,-1,0,0.01579,0.98421,-1,6,30,1,1,1,17:04,3,2,9
202354C039023,2023,54C039023,2,1,1,2,23,5,3,0,0,0,0,0,9,6,E01031871,-1,0,0.00593,0.99407,-1,1,30,1,4,1,23:00,7,2,9
2023991325927,2023,991325927,2,1,1,1,29,6,3,0,0,0,0,0,9,-1,-1,3,1,0.0,1.0,-1,6,30,1,1,1,17:19,3,3,9
2023351285008,2023,351285008,2,2,1,1,34,6,3,0,0,0,0,0,9,1,E01015607,3,1,0.0,1.0,-1,3,40,1,1,1,19:01,7,2,9
2023411374891,2023,411374891,1,2,2,2,5,1,3,0,0,2,0,0,9,-1,-1,3,1,0.0,1.0,-1,3,70,1,1,1,16:38,5,1,9
2023471357516,2023,471357516,2,2,1,2,40,7,3,0,0,0,0,0,9,8,E01030575,3,1,0.0,1.0,-1,7,40,1,4,2,06:10,6,2,9
2023010442734,2023,010442734,1,1,1,1,41,7,3,0,0,0,0,0,5,4,E01002042,-1,0,0.0,1.0,-1,6,20,1,1,2,11:45,6,2,5
2023010462374,2023,010462374,1,1,1,2,73,10,3,0,0,0,0,0,9,4,E01001047,-1,0,0.0,1.0,-1,6,30,1,1,1,16:29,6,1,9
2023041319526,2023,041319526,2,1,1,2,34,6,3,0,0,0,0,0,9,3,E01025232,3,1,0.0,1.0,-1,6,30,1,1,1,12:05,6,4,9
2023052302661,2023,052302661,2,1,1,2,37,7,3,0,0,0,0,0,9,6,E01007044,-1,0,0.00593,0.99407,-1,6,30,1,1,2,11:00,2,2,9
2023531329142,2023,531329142,2,2,1,1,22,5,3,0,0,0,0,0,9,4,E01018919,3,1,0.0,1.0,-1,3,70,1,1,2,15:00,5,2,9
2023010456069,2023,010456069,1,1,3,1,25,5,3,6,9,0,0,0,0,2,E01003057,-1,0,0.0,1.0,-1,6,20,1,1,1,17:14,3,1,11
2023471317223,2023,471317223,2,1,1,1,17,4,3,0,0,0,0,0,3,3,E01016858,3,1,0.0,1.0,-1,1,30,1,1,1,17:15,7,2,3
2023141373414,2023,141373414,1,1,1,1,57,9,2,0,0,0,0,0,9,3,E01028064,5,1,1.0,0.0,-1,6,60,1,1,2,12:50,7,3,9
2023201282958,2023,201282958,2,1,1,1,40,7,3,0,0,0,0,0,9,4,E01009218,3,1,0.0,1.0,-1,6,30,1,1,1,15:40,7,2,9
2023631330986,2023,631330986,2,1,1,1,69,10,3,0,0,0,0,0,9,9,E01000446,3,1,0.0,1.0,-1,6,60,1,1,2,18:00,2,2,9
2023010483929,2023,010483929,1,1,3,2,22,5,3,1,3,0,0,0,0,8,E01003399,-1,0,0.0,1.0,-1,6,20,1,1,2,11:50,5,1,11
2023131357419,2023,131357419,1,1,1,2,45,7,3,0,0,0,0,0,9,1,E01011616,3,1,0.0,1.0,-1,3,40,1,1,1,15:15,5,1,9
2023302300790,2023,302300790,2,2,2,2,75,10,3,0,0,2,0,0,9,10,E01019587,-1,0,0.11428,0.88572,-1,6,50,1,1,1,11:00,7,2,9
2023451287656,2023,451287656,1,1,1,1,76,11,1,0,0,0,0,0,9,6,E01030524,1,1,0.0,0.0,-1,6,40,1,4,1,18:51,5,2,9
2023161298793,2023,161298793,1,1,3,2,57,9,2,1,1,0,0,0,0,10,E01013116,7,1,1.0,0.0,-1,6,30,1,1,1,17:57,1,1,9
2023010487425,2023,010487425,1,1,1,1,19,4,3,0,0,0,0,0,9,6,E01003755,-1,0,0.0,1.0,-1,1,30,1,4,1,06:33,3,2,9
2023340NN9122,2023,340NN9122,1,1,1,1,42,7,3,0,0,0,0,0,9,8,E01027348,-1,0,0.13308,0.86692,-1,6,60,1,6,1,18:40,6,3,9
2023440504023,2023,440504023,1,1,1,2,82,11,3,0,0,0,0,0,9,10,E01022530,-1,0,0.0989,0.9011,-1,6,30,1,1,1,12:52,1,2,9
2023461320220,2023,461320220,1,1,1,2,58,9,3,0,0,0,0,0,9,9,E01023995,3,1,0.0,1.0,-1,6,30,1,1,1,17:19,5,2,9
2023471288263,2023,471288263,2,3,2,1,12,3,3,0,0,2,0,0,9,9,E01021156,3,1,0.0,1.0,-1,6,40,7,4,2,22:04,7,2,9
2023520300610,2023,520300610,2,63,2,1,61,9,3,0,0,0,4,0,11,7,W01000573,-1,0,0.08088,0.91912,-1,6,40,1,6,4,06:00,3,3,11
2023061326157,2023,061326157,2,1,1,1,15,3,3,0,0,0,0,0,1,7,E01005780,3,1,0.0,1.0,-1,6,20,2,1,2,07:43,3,2,1
2023531334721,2023,531334721,1,1,1,2,41,7,2,0,0,0,0,0,1,9,E01022107,7,1,1.0,0.0,-1,6,30,1,1,1,21:00,6,2,1
2023320775270,2023,320775270,1,1,1,2,75,10,3,0,0,0,0,0,9,3,E01026113,-1,0,0.12919,0.87081,-1,6,60,1,1,2,11:49,2,1,9
2023421330717,2023,421330717,2,1,1,1,47,8,3,0,0,0,0,0,9,8,E01021725,3,1,0.0,1.0,-1,3,70,1,1,1,16:53,3,2,9
2023141322321,2023,141322321,1,1,2,2,-1,-1,3,0,0,0,4,0,11,-1,-1,3,1,0.0,1.0,-1,6,40,1,1,1,16:27,7,2,11
2023311293890,2023,311293890,1,1,1,2,44,7,3,0,0,0,0,0,9,1,E01013868,3,1,0.0,1.0,-1,6,40,1,1,1,08:57,4,1,9
2023440282035,2023,440282035,2,1,2,2,41,7,3,0,0,1,0,0,9,3,E01017225,-1,0,0.05473,0.94527,-1,6,40,1,1,1,17:29,5,2,9
2023170L30313,2023,170L30313,2,1,1,1,56,9,3,0,0,0,0,0,1,1,E01032561,-1,0,0.14213,0.85787,-1,6,30,1,4,2,22:00,6,2,1
2023070137909,2023,070137909,1,1,1,1,47,8,2,0,0,0,0,0,9,4,E01012469,-1,0,1.0,0.0,-1,6,40,1,1,1,17:26,5,1,9
2023131278009,2023,131278009,1,1,1,2,60,9,3,0,0,0,0,0,9,5,E01010818,3,1,0.0,1.0,-1,3,30,1,1,1,10:02,5,2,9
2023221265186,2023,221265186,2,1,1,2,34,6,3,0,0,0,0,0,9,9,E01032143,3,1,0.0,1.0,-1,6,30,1,1,4,08:45,3,2,9
2023421296413,2023,421296413,2,1,1,2,50,8,3,0,0,0,0,0,9,5,E01003790,3,1,0.0,1.0,-1,3,70,1,1,1,16:50,5,3,9
2023622301049,2023,622301049,2,3,2,2,56,9,3,0,0,1,0,0,9,4,W01000086,-1,0,0.02762,0.97238,-1,3,40,1,1,1,12:41,6,2,9
2023991318290,2023,991318290,1,1,3,1,7,2,3,5,3,0,0,0,0,7,-1,3,1,0.0,1.0,-1,6,30,1,1,1,19:20,3,1,9
2023311353310,2023,311353310,2,1,1,1,23,5,2,0,0,0,0,0,1,1,E01019664,5,1,1.0,0.0,-1,6,40,2,1,2,15:45,5,2,1
2023221305300,2023,221305300,1,1,1,1,23,5,3,0,0,0,0,0,3,5,E01014027,3,1,0.0,1.0,-1,6,60,1,1,1,10:02,3,1,3
2023461364592,2023,461364592,2,1,1,1,35,6,3,0,0,0,0,0,9,8,E01024784,3,1,0.0,1.0,-1,3,50,1,1,1,08:48,3,2,9
2023501295128,2023,501295128,2,1,1,1,62,9,3,0,0,0,0,0,9,2,E01015259,3,1,0.0,1.0,-1,6,30,1,1,1,11:20,2,2,9
2023010470565,2023,010470565,1,1,3,1,72,10,3,5,9,0,0,0,0,-1,-1,-1,0,0.0,1.0,-1,6,20,1,1,1,12:05,7,1,1
2023010453503,2023,010453503,2,1,1,2,54,8,3,0,0,0,0,0,1,3,E01001749,-1,0,0.0,1.0,-1,6,20,1,1,1,10:40,5,2,1
2023010469776,2023,010469776,2,1,1,1,11,3,2,0,0,0,0,0,1,1,E01001431,-1,0,1.0,0.0,-1,6,20,1,1,1,15:32,3,2,1
2023471383122,2023,471383122,2,1,1,1,39,7,2,0,0,0,0,0,1,5,E01031385,7,1,1.0,0.0,-1,6,50,1,4,1,00:12,4,2,1
2023522400926,2023,522400926,1,1,1,1,23,5,3,0,0,0,0,0,4,7,E01014895,-1,0,0.14142,0.85858,-1,3,40,1,4,2,18:30,6,2,4
2023010465420,2023,010465420,1,1,3,1,51,8,2,10,9,0,0,0,0,2,E01033712,-1,0,1.0,0.0,-1,6,20,1,1,1,18:00,6,1,1
2023141267882,2023,141267882,1,1,3,2,26,6,3,1,1,0,0,0,0,8,E01033259,3,1,0.0,1.0,-1,9,30,1,1,1,13:55,3,1,9
2023471341344,2023,471341344,1,1,3,1,22,5,2,5,3,0,0,0,0,2,E01031361,6,1,1.0,0.0,-1,6,20,1,1,1,08:00,2,1,9
2023061351392,2023,061351392,2,1,1,2,48,8,3,0,0,0,0,0,1,9,E01005508,3,1,0.0,1.0,-1,6,30,1,1,1,13:00,6,2,1
2023101286913,2023,101286913,1,1,3,2,83,11,2,8,3,0,0,0,0,9,E01008207,7,1,1.0,0.0,-1,6,20,8,1,2,12:52,6,1,9
2023010479754,2023,010479754,2,1,1,1,17,4,3,0,0,0,0,0,2,2,E01001754,-1,0,0.0,1.0,-1,6,30,1,4,1,16:10,5,2,2
2023010460978,2023,010460978,1,1,1,1,30,6,3,0,0,0,0,0,5,2,E01003582,-1,0,0.0,1.0,-1,3,50,1,1,1,08:00,5,2,5
2023451326316,2023,451326316,1,1,1,1,59,9,3,0,0,0,0,0,5,10,E01030355,3,1,0.0,1.0,-1,6,30,5,1,2,18:00,3,2,5
2023041351985,2023,041351985,1,1,1,1,72,10,3,0,0,0,0,0,9,7,E01025365,3,1,0.0,1.0,-1,6,30,1,1,1,09:50,4,2,9
2023451386983,2023,451386983,1,2,1,1,79,11,3,0,0,0,0,0,9,7,E01030361,3,1,0.0,1.0,-1,6,30,1,4,1,16:09,2,1,9
2023010421176,2023,010421176,1,1,1,1,24,5,3,0,0,0,0,0,1,2,E01001750,-1,0,0.0,1.0,-1,6,20,1,1,2,00:15,5,2,1
2023351320771,2023,351320771,1,1,1,2,68,10,2,0,0,0,0,0,9,9,E01018221,6,1,1.0,0.0,-1,3,70,1,1,1,16:37,2,2,9
2023131354165,2023,131354165,1,1,1,2,25,5,3,0,0,0,0,0,9,2,E01032487,3,1,0.0,1.0,-1,6,30,1,1,1,16:25,3,2,9
2023501355060,2023,501355060,1,1,2,1,11,3,3,0,0,2,0,0,9,9,E01020266,3,1,0.0,1.0,-1,6,60,1,1,1,12:39,2,1,9
2023131352251,2023,131352251,1,1,1,1,42,7,2,0,0,0,0,0,1,1,E01011739,5,1,1.0,0.0,-1,6,30,1,1,1,16:03,4,2,1
2023141338688,2023,141338688,1,2,2,2,31,6,3,0,0,2,0,0,9,2,E01011785,3,1,0.0,1.0,-1,6,60,1,1,1,10:28,1,2,9
2023361264569,2023,361264569,2,1,1,1,32,6,2,0,0,0,0,0,9,9,E01026587,7,1,1.0,0.0,-1,6,60,1,6,2,16:45,3,3,9
2023471303021,2023,471303021,1,1,2,1,14,3,2,0,0,1,0,0,9,4,E01021177,7,1,1.0,0.0,-1,6,60,1,1,1,16:40,3,1,9
2023531366581,2023,531366581,2,2,2,2,10,2,3,0,0,1,0,0,9,-1,-1,3,1,0.0,1.0,-1,6,30,1,1,1,14:00,1,2,9
2023010446659,2023,010446659,1,1,1,1,49,8,3,0,0,0,0,0,9,-1,-1,-1,0,0.0,1.0,-1,1,40,1,1,1,05:07,7,1,9
2023031391956,2023,031391956,1,2,1,2,28,6,2,0,0,0,0,0,9,9,E01019190,7,1,1.0,0.0,-1,6,30,2,1,2,10:11,6,2,9
2023201310096,2023,201310096,2,2,2,1,23,5,3,0,0,1,0,0,9,1,E01009141,3,1,0.0,1.0,-1,6,30,1,1,1,17:15,4,2,9
2023430070342,2023,430070342,3,1,1,1,50,8,3,0,0,0,0,0,9,-1,-1,-1,0,0.06449,0.93551,-1,6,60,1,1,1,08:20,4,4,9
2023010449002,2023,010449002,1,1,1,1,26,6,3,0,0,0,0,0,9,2,E01001486,-1,0,0.0,1.0,-1,6,30,1,1,1,14:37,4,2,9
2023451266067,2023,451266067,4,3,1,1,39,7,3,0,0,0,0,0,9,4,E01016516,3,1,0.0,1.0,-1,3,70,1,1,4,08:17,4,10,9