collision_index,collision_year,collision_ref_no,vehicle_reference,casualty_reference,casualty_class,sex_of_casualty,age_of_casualty,age_band_of_casualty,casualty_severity,pedestrian_location,pedestrian_movement,car_passenger,bus_or_coach_passenger,pedestrian_road_maintenance_worker,casualty_type,casualty_imd_decile,lsoa_of_casualty,enhanced_casualty_severity,casualty_injury_based,casualty_adjusted_severity_serious,casualty_adjusted_severity_slight,casualty_distance_banding,road_type,speed_limit,weather_conditions,light_conditions,road_surface_conditions,time,day_of_week,number_of_vehicles,vehicle_type
2023122301222,2023,122301222,2,1,1,1,52,8,2,0,0,0,0,0,1,10,E01027606,-1,0,1.0,0.0,-1,1,30,8,1,1,17:11,6,2,1
2023131375260,2023,131375260,2,1,1,2,33,6,3,0,0,0,0,0,1,1,E01011292,3,1,0.0,1.0,-1,6,40,4,1,1,14:57,4,2,1
2023991315888,2023,991315888,2,1,1,1,61,9,2,0,0,0,0,0,5,-1,-1,5,1,1.0,0.0,-1,6,60,1,1,1,07:43,4,2,5
2023131359939,2023,131359939,1,1,3,1,15,3,3,6,9,0,0,-1,0,1,E01010944,3,1,0.0,1.0,-1,6,20,5,4,2,19:15,5,1,9
2023451262727,2023,451262727,1,1,3,2,65,9,2,8,1,0,0,0,0,6,E01031676,6,1,1.0,0.0,-1,6,30,2,4,2,17:10,5,1,9
2023010445384,2023,010445384,2,1,1,1,31,6,3,0,0,0,0,0,1,4,E01004330,-1,0,0.0,1.0,-1,3,20,1,4,1,01:10,7,2,1
2023010457758,2023,010457758,2,1,1,1,36,7,2,0,0,0,0,0,1,2,E01003918,-1,0,1.0,0.0,-1,6,20,1,1,1,17:00,5,2,1
2023332300682,2023,332300682,2,1,1,2,48,8,3,0,0,0,0,0,5,7,E01025618,-1,0,0.07957,0.92043,-1,6,30,1,1,1,17:30,4,2,5
2023101309320,2023,101309320,2,1,1,1,34,6,3,0,0,0,0,0,9,3,E01008298,3,1,0.0,1.0,-1,6,30,1,1,2,09:22,6,2,9
2023201311519,2023,201311519,1,1,1,1,88,11,3,0,0,0,0,0,9,9,E01009850,3,1,0.0,1.0,-1,6,40,2,1,2,14:11,1,1,9
2023061309564,2023,061309564,3,2,1,2,60,9,3,0,0,0,0,0,9,8,E01006285,3,1,0.0,1.0,-1,6,40,1,1,1,15:15,7,5,9
2023520400507,2023,520400507,2,2,1,1,62,9,3,0,0,0,0,0,9,5,E01029330,-1,0,0.01883,0.98117,-1,6,30,1,1,1,13:09,6,2,9
2023122300126,2023,122300126,1,1,1,2,28,6,3,0,0,0,0,0,9,2,E01027825,-1,0,0.08775,0.91225,-1,6,60,2,6,2,21:24,5,2,9
2023131310254,2023,131310254,2,1,1,1,24,5,3,0,0,0,0,0,9,1,E01006728,3,1,0.0,1.0,-1,6,30,1,1,1,20:25,2,2,9
2023201340124,2023,201340124,2,1,1,1,39,7,3,0,0,0,0,0,9,1,E01031015,3,1,0.0,1.0,-1,6,30,1,1,1,16:20,7,2,9
2023211356027,2023,211356027,2,1,1,1,40,7,3,0,0,0,0,0,9,-1,-1,3,1,0.0,1.0,-1,6,30,1,4,-1,21:50,5,2,9
2023361285487,2023,361285487,1,6,1,2,43,7,3,0,0,0,0,0,9,5,E01026777,3,1,0.0,1.0,-1,6,50,3,1,3,15:50,6,2,9
2023010419952,2023,010419952,1,1,3,1,23,5,3,4,3,0,0,0,0,4,E01032766,-1,0,0.0,1.0,-1,3,20,1,1,1,13:15,6,1,19
2023010444890,2023,010444890,1,1,1,1,57,9,3,0,0,0,0,0,3,4,E01003441,-1,0,0.0,1.0,-1,6,20,1,1,1,18:15,4,2,3
2023451350610,2023,451350610,1,1,1,2,26,6,3,0,0,0,0,0,1,8,E01030474,3,1,0.0,1.0,-1,6,30,1,1,1,08:20,5,2,1
2023231281806,2023,231281806,2,4,2,1,28,6,2,0,0,0,0,0,21,1,E01031116,7,1,1.0,0.0,-1,6,60,1,1,1,12:34,5,2,21
2023991383945,2023,991383945,1,1,1,2,46,8,1,0,0,0,0,0,-1,3,-1,1,1,0.0,0.0,-1,6,30,2,4,2,17:20,2,1,-1
2023122300126,2023,122300126,1,3,2,-1,22,5,3,0,0,2,0,0,9,1,E01012262,-1,0,0.03966,0.96034,-1,6,60,2,6,2,21:24,5,2,9
2023320653525,2023,320653525,1,4,1,1,63,9,2,0,0,0,0,0,9,4,E01013740,-1,0,1.0,0.0,-1,6,60,2,6,2,19:25,6,1,9
2023461269516,2023,461269516,1,1,1,2,26,6,3,0,0,0,0,0,9,9,E01024814,3,1,0.0,1.0,-1,6,50,1,5,1,01:24,1,1,9
2023471338342,2023,471338342,2,1,1,2,44,7,2,0,0,0,0,0,9,10,E01021202,7,1,1.0,0.0,-1,7,60,1,1,1,11:25,3,2,9
2023311359486,2023,311359486,1,1,3,1,6,2,2,5,3,0,0,0,0,-1,-1,5,1,1.0,0.0,-1,6,30,1,1,1,15:20,4,1,9
2023010447382,2023,010447382,2,1,1,1,23,5,2,0,0,0,0,0,5,2,E01001367,-1,0,1.0,0.0,-1,3,20,1,1,1,20:40,3,2,5
2023052302634,2023,052302634,1,2,1,1,71,10,3,0,0,0,0,0,9,6,E01014351,-1,0,0.07371,0.92629,-1,3,70,2,1,2,12:21,5,3,9
2023101393453,2023,101393453,2,5,1,2,36,7,2,0,0,0,0,0,9,4,E01027550,7,1,1.0,0.0,-1,6,60,2,6,2,21:30,6,3,9
2023131301910,2023,131301910,2,1,1,1,31,6,3,0,0,0,0,0,9,2,E01011255,3,1,0.0,1.0,-1,6,30,2,4,2,21:30,5,2,9
2023161341037,2023,161341037,1,2,2,1,0,1,3,0,0,1,0,0,9,-1,-1,3,1,0.0,1.0,-1,1,30,1,1,1,15:00,7,1,9
2023401337838,2023,401337838,2,4,1,2,46,8,3,0,0,0,0,0,9,5,E01023611,3,1,0.0,1.0,-1,6,60,2,1,2,14:20,1,2,9
2023122301269,2023,122301269,1,1,3,2,51,8,2,5,9,0,0,0,0,5,E01027789,-1,0,1.0,0.0,-1,9,20,1,1,1,14:40,2,1,9
2023311306949,2023,311306949,1,1,3,1,69,10,3,9,6,0,0,0,0,2,E01028231,3,1,0.0,1.0,-1,6,30,1,1,1,10:45,6,1,9
2023461274862,2023,461274862,1,1,3,2,17,4,3,10,9,0,0,0,0,2,E01024193,3,1,0.0,1.0,-1,6,30,1,1,1,17:15,5,1,9
2023010452838,2023,010452838,1,1,2,2,64,9,3,0,0,1,0,0,9,-1,-1,-1,0,0.0,1.0,-1,2,30,1,4,1,22:25,2,2,9
2023010427931,2023,010427931,1,1,2,2,23,5,3,0,0,0,0,0,4,7,E01002438,-1,0,0.0,1.0,-1,6,30,1,1,1,16:43,7,2,4
2023041319969,2023,041319969,1,1,1,1,60,9,3,0,0,0,0,0,5,1,E01025189,3,1,0.0,1.0,-1,6,60,1,1,1,10:45,7,2,5
2023010460958,2023,010460958,1,1,3,1,25,5,3,5,9,0,0,0,0,1,E01000308,-1,0,0.0,1.0,-1,6,30,1,4,1,23:30,4,1,9
2023010471211,2023,010471211,1,1,3,1,31,6,3,1,3,0,0,0,0,6,E01003149,-1,0,0.0,1.0,-1,6,30,1,1,1,17:05,3,1,5
2023010471832,2023,010471832,3,6,2,2,43,7,3,0,0,2,0,0,8,2,E01001113,-1,0,0.0,1.0,-1,6,30,1,4,2,21:15,6,3,8
2023302301760,2023,302301760,2,1,1,1,31,6,1,0,0,0,0,0,1,3,E01013547,-1,0,0.0,0.0,-1,1,40,1,1,1,14:45,5,2,1
2023430190908,2023,430190908,2,1,1,1,16,4,3,0,0,0,0,0,1,2,E01016438,-1,0,0.09588,0.90412,-1,6,30,1,1,1,16:21,3,2,1
2023010484024,2023,010484024,1,1,1,1,33,6,3,0,0,0,0,0,3,8,E01002157,-1,0,0.0,1.0,-1,6,30,1,1,1,15:50,5,2,3
2023311375235,2023,311375235,2,1,1,1,43,7,3,0,0,0,0,0,3,3,E01028248,3,1,0.0,1.0,-1,6,30,1,1,1,08:26,5,2,3
2023622300554,2023,622300554,1,1,3,2,14,3,3,5,1,0,0,0,0,3,W01001321,-1,0,0.133,0.867,-1,6,60,8,1,2,16:47,6,1,9
2023161350743,2023,161350743,2,1,1,1,56,9,3,0,0,0,0,0,3,1,E01012864,3,1,0.0,1.0,-1,6,30,1,1,1,10:26,7,2,3
2023010455767,2023,010455767,2,1,1,1,49,8,3,0,0,0,0,0,5,2,E01003093,-1,0,0.0,1.0,-1,6,30,1,1,1,17:25,2,2,5
2023031312090,2023,031312090,1,1,3,1,3,1,3,9,9,0,0,0,0,-1,-1,3,1,0.0,1.0,-1,6,30,1,1,1,14:25,7,1,9
2023302300014,2023,302300014,1,1,3,1,77,11,2,5,1,0,0,0,0,-1,-1,-1,0,1.0,0.0,-1,6,30,2,4,2,17:15,3,1,9
2023010445153,2023,010445153,1,1,1,1,54,8,3,0,0,0,0,0,1,2,E01003108,-1,0,0.0,1.0,-1,6,20,1,1,1,18:55,6,2,1
2023010437686,2023,010437686,1,1,1,1,25,5,3,0,0,0,0,0,3,3,E01003533,-1,0,0.0,1.0,-1,6,30,1,1,1,12:52,1,2,3
2023010451982,2023,010451982,1,1,1,1,31,6,3,0,0,0,0,0,3,6,E01004029,-1,0,0.0,1.0,-1,9,30,9,1,9,12:04,3,2,3
202360A012616,2023,60A012616,1,3,1,1,73,10,3,0,0,0,0,0,9,-1,-1,-1,0,0.10219,0.89781,-1,6,30,8,4,1,06:35,6,2,9
202360A108493,2023,60A108493,4,1,1,2,27,6,3,0,0,0,0,0,9,-1,-1,-1,0,0.04774,0.95226,-1,6,30,1,1,1,17:01,2,4,9
2023543714223,2023,543714223,2,2,1,1,40,7,3,0,0,0,0,0,9,9,E01015473,-1,0,0.11085,0.88915,-1,6,60,1,6,1,04:46,7,2,9
2023041370052,2023,041370052,1,1,1,2,79,11,2,0,0,0,0,0,9,2,E01012728,6,1,1.0,0.0,-1,6,30,1,1,1,13:30,4,2,9
2023010462113,2023,010462113,1,1,1,2,34,6,3,0,0,0,0,0,9,4,E01003919,-1,0,0.0,1.0,-1,2,20,1,1,1,13:33,7,2,9
2023061306141,2023,061306141,2,1,1,2,25,5,3,0,0,0,0,0,9,5,E01004864,3,1,0.0,1.0,-1,6,30,1,1,1,07:34,5,2,9
2023451289217,2023,451289217,1,1,2,2,3,1,3,0,0,1,0,0,9,6,E01030312,3,1,0.0,1.0,-1,6,30,1,1,1,17:12,3,2,9
2023471355854,2023,471355854,2,2,2,2,59,9,3,0,0,2,0,0,9,7,E01030423,3,1,0.0,1.0,-1,6,60,1,6,1,18:25,7,2,9
2023161374435,2023,161374435,2,1,2,2,44,7,3,0,0,1,0,0,9,-1,-1,3,1,0.0,1.0,-1,6,30,1,1,1,07:35,3,2,9
2023440463660,2023,440463660,1,1,1,1,52,8,3,0,0,0,0,0,9,1,E01002040,-1,0,0.1203,0.8797,-1,6,30,1,1,2,10:06,2,1,9
2023531298949,2023,531298949,2,1,1,1,56,9,3,0,0,0,0,0,9,3,E01022121,3,1,0.0,1.0,-1,7,60,1,1,1,12:10,2,2,9
2023010445000,2023,010445000,2,2,1,1,49,8,3,0,0,0,0,0,9,4,E01033320,-1,0,0.0,1.0,-1,6,30,1,1,1,11:40,5,3,9
2023461289550,2023,461289550,1,1,1,2,82,11,3,0,0,0,0,0,9,3,E01024656,3,1,0.0,1.0,-1,6,30,2,1,2,13:52,6,2,9
2023141376113,2023,141376113,1,1,1,2,29,6,3,0,0,0,0,0,9,-1,-1,3,1,0.0,1.0,-1,6,20,1,1,1,15:14,7,2,9
2023430250981,2023,430250981,1,1,1,2,65,9,2,0,0,0,0,0,9,10,E01028763,-1,0,1.0,0.0,-1,6,50,1,1,1,07:03,5,2,9
2023211325508,2023,211325508,1,1,1,1,57,9,2,0,0,0,0,0,19,3,E01029701,5,1,1.0,0.0,-1,6,60,4,1,1,04:10,2,2,19
2023991320497,2023,991320497,2,2,1,1,46,8,2,0,0,0,0,0,21,1,-1,6,1,1.0,0.0,-1,6,60,1,1,1,18:08,2,2,21
2023320227737,2023,320227737,1,1,1,1,36,7,3,0,0,0,0,0,9,6,E01026282,-1,0,0.01803,0.98197,-1,6,50,2,1,2,17:25,6,2,9
2023340NN1082,2023,340NN1082,1,1,2,1,31,6,3,0,0,1,0,0,9,-1,-1,-1,0,0.05904,0.94096,-1,6,30,3,4,3,18:30,4,2,9
2023361283060,2023,361283060,2,1,1,2,68,10,3,0,0,0,0,0,9,7,E01026579,3,1,0.0,1.0,-1,6,30,1,1,2,14:43,7,2,9
2023411363807,2023,411363807,1,2,2,2,31,6,3,0,0,-1,0,0,9,4,E01016784,3,1,0.0,1.0,-1,7,40,1,1,1,18:30,4,2,9
2023141311970,2023,141311970,2,1,2,2,10,2,3,0,0,1,0,0,9,3,E01007368,3,1,0.0,1.0,-1,6,40,1,1,1,18:40,5,2,9
2023351266964,2023,351266964,1,4,2,1,42,7,3,0,0,1,0,0,9,6,E01027051,3,1,0.0,1.0,-1,6,30,2,1,2,12:11,5,2,9
2023440490488,2023,440490488,1,1,1,1,39,7,3,0,0,0,0,0,9,6,E01022677,-1,0,0.06153,0.93847,-1,6,30,1,4,1,18:55,5,2,9
2023631365011,2023,631365011,1,1,1,2,31,6,2,0,0,0,0,0,9,5,W01000544,6,1,1.0,0.0,-1,6,60,2,1,2,08:34,6,1,9
2023070861229,2023,070861229,1,1,3,1,57,9,3,4,1,0,0,0,0,2,E01018327,-1,0,0.06897,0.93103,-1,6,30,1,1,1,16:45,7,1,9
2023201459046,2023,201459046,1,1,1,1,43,7,3,0,0,0,0,0,19,-1,-1,3,1,0.0,1.0,-1,3,70,5,4,2,03:14,5,2,19
2023041342884,2023,041342884,1,1,3,1,3,1,3,5,1,0,0,0,0,-1,-1,3,1,0.0,1.0,-1,6,30,1,1,1,18:35,4,1,9
2023411329010,2023,411329010,1,1,3,1,5,1,3,10,9,0,0,0,0,4,E01023785,3,1,0.0,1.0,-1,6,30,1,1,1,08:50,4,1,9
2023440216635,2023,440216635,1,1,3,1,40,7,2,4,1,0,0,0,0,3,E01017123,-1,0,1.0,0.0,-1,6,30,1,1,1,11:00,5,1,9
2023061271786,2023,061271786,1,1,3,1,11,3,3,5,1,0,0,-1,0,-1,-1,3,1,0.0,1.0,-1,3,30,1,1,1,08:00,2,1,9
2023231268510,2023,231268510,2,1,1,1,70,10,3,0,0,0,0,0,1,5,E01008981,3,1,0.0,1.0,-1,6,50,1,1,1,15:25,2,2,1
2023451314592,2023,451314592,1,1,3,1,8,2,3,5,4,0,0,0,0,9,E01031001,3,1,0.0,1.0,-1,6,30,1,1,1,18:15,7,1,9
2023031298910,2023,031298910,2,1,1,1,63,9,3,0,0,0,0,0,9,6,E01025107,3,1,0.0,1.0,-1,6,30,1,1,1,09:00,5,2,9
2023061363578,2023,061363578,3,1,1,2,45,7,3,0,0,0,0,0,9,1,E01006283,3,1,0.0,1.0,-1,3,60,1,1,1,17:32,2,3,9
2023010446479,2023,010446479,1,1,1,1,67,10,3,0,0,0,0,0,19,-1,-1,-1,0,0.0,1.0,-1,6,20,1,1,1,09:30,1,2,19
2023131323331,2023,131323331,1,1,3,1,56,9,2,5,3,0,0,2,0,5,E01011197,7,1,1.0,0.0,-1,6,30,1,1,1,14:56,3,1,9
2023320272376,2023,320272376,1,1,1,1,12,3,2,0,0,0,0,0,1,7,E01026130,-1,0,1.0,0.0,-1,6,40,1,1,1,17:26,6,2,1
2023451292215,2023,451292215,2,2,1,1,49,8,3,0,0,0,0,0,5,10,E01030308,3,1,0.0,1.0,-1,6,30,4,1,2,17:57,5,2,5
2023351316307,2023,351316307,1,1,2,2,30,6,3,0,0,1,0,0,9,6,E01032612,3,1,0.0,1.0,-1,6,30,1,1,1,17:13,6,2,9
2023411364541,2023,411364541,1,2,2,2,30,6,3,0,0,1,0,0,9,-1,-1,3,1,0.0,1.0,-1,3,70,1,4,1,23:05,7,3,9
2023461320807,2023,461320807,1,3,2,2,39,7,3,0,0,1,0,0,9,7,E01024465,3,1,0.0,1.0,-1,1,40,1,1,1,10:35,6,2,9
2023161358978,2023,161358978,1,1,2,1,49,8,3,0,0,1,0,0,9,3,E01013192,3,1,0.0,1.0,-1,3,30,2,4,2,19:20,7,2,9
2023201331760,2023,201331760,2,2,1,1,33,6,2,0,0,0,0,0,9,-1,-1,6,1,1.0,0.0,-1,6,30,1,1,-1,09:20,6,2,9
2023501383618,2023,501383618,1,2,3,1,16,4,3,4,4,0,0,0,0,6,E01020033,3,1,0.0,1.0,-1,6,30,1,1,1,08:34,4,1,3
2023131356232,2023,131356232,2,1,1,1,40,7,2,0,0,0,0,0,5,4,E01005675,6,1,1.0,0.0,-1,3,70,1,1,1,16:43,2,2,5
2023031392825,2023,031392825,1,2,1,2,21,5,3,0,0,0,0,0,9,2,E01019284,3,1,0.0,1.0,-1,6,60,1,1,2,14:25,5,1,9
2023061365814,2023,061365814,2,1,1,2,34,6,3,0,0,0,0,0,9,8,E01004892,3,1,0.0,1.0,-1,6,30,1,1,1,15:49,4,2,9
2023201318522,2023,201318522,1,7,2,1,21,5,3,0,0,1,0,0,9,4,E01009423,3,1,0.0,1.0,-1,6,40,1,1,1,19:10,7,2,9
2023451283655,2023,451283655,1,1,1,1,30,6,3,0,0,0,0,0,9,10,E01004093,3,1,0.0,1.0,-1,3,70,2,1,2,07:49,2,3,9
2023622300646,2023,622300646,2,3,2,2,35,6,3,0,0,1,0,0,9,1,W01001081,-1,0,0.00565,0.99435,-1,6,30,1,1,1,13:33,5,2,9
202363A032623,2023,63A032623,1,1,2,1,17,4,3,0,0,1,0,0,9,-1,-1,-1,0,0.12977,0.87023,-1,6,60,2,6,2,21:30,5,1,9
2023052300142,2023,052300142,2,1,1,1,55,8,3,0,0,0,0,0,9,1,E01007273,-1,0,0.02272,0.97728,-1,6,30,1,4,1,07:35,6,1,9
2023101357514,2023,101357514,2,1,1,1,19,4,3,0,0,0,0,0,9,7,E01008797,3,1,0.0,1.0,-1,3,70,1,4,1,00:30,5,2,9
2023371389744,2023,371389744,1,1,1,1,26,6,2,0,0,0,0,0,9,-1,-1,7,1,1.0,0.0,-1,6,60,1,6,2,03:15,7,1,9
2023430060014,2023,430060014,2,1,1,1,13,3,3,0,0,0,0,0,1,10,E01028628,-1,0,0.03754,0.96246,-1,6,30,1,1,1,15:30,4,2,1
2023501383618,2023,501383618,1,1,1,2,48,8,2,0,0,0,0,0,3,8,E01019908,7,1,1.0,0.0,-1,6,30,1,1,1,08:34,4,1,3
2023201282955,2023,201282955,2,1,1,1,27,6,3,0,0,0,0,0,9,7,E01031319,3,1,0.0,1.0,-1,3,50,9,4,1,18:10,7,2,9
2023351345081,2023,351345081,2,2,1,1,59,9,3,0,0,0,0,0,19,5,E01017412,3,1,0.0,1.0,-1,3,40,8,4,2,02:16,2,2,19
2023041351019,2023,041351019,2,2,2,1,10,2,3,0,0,1,0,0,9,7,E01025003,3,1,0.0,1.0,-1,6,50,1,1,1,14:25,6,2,9
2023361358460,2023,361358460,1,4,1,1,34,6,2,0,0,0,0,0,9,3,E01029962,7,1,1.0,0.0,-1,6,60,1,6,1,20:00,1,2,9
2023501266114,2023,501266114,1,1,1,2,27,6,2,0,0,0,0,0,9,6,E01015244,7,1,1.0,0.0,-1,6,30,1,1,1,10:15,5,2,9
2023010434620,2023,010434620,1,1,2,2,23,5,2,0,0,0,3,0,11,2,E01001660,-1,0,1.0,0.0,-1,3,40,1,1,9,10:30,5,1,11
2023101338189,2023,101338189,2,1,1,2,64,9,3,0,0,0,0,0,9,5,E01027441,3,1,0.0,1.0,-1,3,30,1,1,1,14:00,7,2,9
2023332300694,2023,332300694,1,3,2,2,20,4,3,0,0,1,0,0,9,-1,-1,-1,0,0.01644,0.98356,-1,6,40,1,1,1,08:30,3,2,9
2023061328558,2023,061328558,1,1,3,1,12,3,2,5,9,0,0,0,0,-1,-1,5,1,1.0,0.0,-1,6,30,1,1,1,16:45,5,1,98
2023041351444,2023,041351444,2,1,1,2,17,4,2,0,0,0,0,0,3,8,E01025411,7,1,1.0,0.0,-1,6,30,1,4,1,20:20,7,2,3
2023010457514,2023,010457514,1,1,3,1,19,4,3,6,9,0,0,0,0,-1,-1,-1,0,0.0,1.0,-1,6,20,1,1,1,10:05,5,1,11
2023010487449,2023,010487449,1,2,2,2,-1,-1,3,0,0,0,0,0,5,5,E01001344,-1,0,0.0,1.0,-1,6,20,8,1,1,02:15,6,3,5
2023111261937,2023,111261937,1,1,3,2,48,8,3,9,9,0,0,0,0,9,E01020850,3,1,0.0,1.0,-1,6,30,7,4,2,19:30,3,2,9
2023010442330,2023,010442330,1,1,1,1,42,7,3,0,0,0,0,0,9,1,E01003487,-1,0,0.0,1.0,-1,6,30,1,1,1,09:00,5,2,9
2023211304650,2023,211304650,2,3,2,1,3,1,3,0,0,2,0,0,9,-1,-1,3,1,0.0,1.0,-1,2,30,1,1,1,20:20,2,2,9
2023320776260,2023,320776260,1,1,1,1,17,4,2,0,0,0,0,0,9,1,E01026376,-1,0,1.0,0.0,-1,6,60,1,6,1,17:21,2,2,9
2023622300513,2023,622300513,1,1,1,1,42,7,3,0,0,0,0,0,9,9,W01001921,-1,0,0.05877,0.94123,-1,3,30,1,1,1,03:34,7,1,9
2023991338537,2023,991338537,2,5,2,2,1,1,3,0,0,2,0,0,9,-1,-1,3,1,0.0,1.0,-1,6,40,2,1,2,17:15,7,2,9
2023201308312,2023,201308312,2,1,1,1,46,8,3,0,0,0,0,0,1,3,E01008921,3,1,0.0,1.0,-1,3,40,1,1,1,14:25,6,2,1
2023411269712,2023,411269712,2,1,1,1,22,5,3,0,0,0,0,0,1,-1,-1,3,1,0.0,1.0,-1,6,40,1,1,-1,08:45,2,2,1
2023520300709,2023,520300709,1,1,1,1,11,3,3,0,0,0,0,0,1,7,E01029164,-1,0,0.06327,0.93673,-1,6,60,1,1,1,07:30,6,2,1
2023332300919,2023,332300919,1,1,1,2,35,6,3,0,0,0,0,0,9,9,E01028121,-1,0,0.04716,0.95284,-1,6,50,1,6,2,23:06,7,1,9
2023351322005,2023,351322005,2,1,1,1,20,4,3,0,0,0,0,0,9,9,E01018054,3,1,0.0,1.0,-1,6,60,1,1,-1,19:18,3,2,9
2023430540427,2023,430540427,1,4,2,2,11,3,3,0,0,1,0,0,9,9,E01016513,-1,0,0.08667,0.91333,-1,6,30,1,6,1,16:00,6,3,9
2023440215745,2023,440215745,1,2,2,1,13,3,2,0,0,2,0,0,9,9,E01023170,-1,0,1.0,0.0,-1,6,50,1,1,1,16:50,4,1,9
2023440389550,2023,440389550,1,1,1,1,26,6,3,0,0,0,0,0,9,10,E01022878,-1,0,0.02929,0.97071,-1,6,30,1,1,1,18:05,7,2,9
2023351324363,2023,351324363,1,1,2,1,21,5,2,0,0,2,0,0,9,7,E01018192,7,1,1.0,0.0,-1,6,30,1,1,1,15:05,2,1,9
2023401307296,2023,401307296,2,1,1,2,32,6,3,0,0,0,0,0,9,4,E01017493,3,1,0.0,1.0,-1,6,30,1,1,1,11:30,2,2,9
2023411295362,2023,411295362,2,2,1,2,31,6,3,0,0,0,0,0,9,7,E01023719,3,1,0.0,1.0,-1,1,30,1,1,1,12:00,1,2,9
2023231330092,2023,231330092,2,1,1,1,12,3,3,0,0,0,0,0,97,8,E01031011,3,1,0.0,1.0,-1,6,30,1,1,1,08:19,5,2,97
2023041342621,2023,041342621,2,2,1,2,23,5,3,0,0,0,0,0,9,2,E01012621,3,1,0.0,1.0,-1,3,30,1,4,1,09:08,5,2,9
2023122300728,2023,122300728,2,2,1,2,71,10,3,0,0,0,0,0,9,8,E01019372,-1,0,0.06824,0.93176,-1,6,60,1,1,1,16:26,4,2,9
2023131264574,2023,131264574,2,1,1,1,45,7,3,0,0,0,0,0,9,8,E01011796,3,1,0.0,1.0,-1,6,30,1,1,1,14:47,3,2,9
2023531288251,2023,531288251,3,2,1,2,20,4,3,0,0,0,0,0,9,5,E01022228,3,1,0.0,1.0,-1,6,60,1,1,1,17:25,7,3,9
2023131302231,2023,131302231,2,2,2,2,44,7,3,0,0,1,0,0,9,1,E01011737,3,1,0.0,1.0,-1,3,70,1,1,1,15:30,4,2,9
2023340NN1172,2023,340NN1172,2,1,1,1,41,7,3,0,0,0,0,0,9,3,E01027112,-1,0,0.06607,0.93393,-1,6,30,1,1,1,15:25,6,2,9
2023547998023,2023,547998023,2,4,2,2,61,9,3,0,0,1,0,0,9,7,W01001230,-1,0,0.09945,0.90055,-1,3,60,2,1,2,14:12,1,4,9
2023311307114,2023,311307114,1,1,1,2,57,9,3,0,0,0,0,0,9,5,E01028022,3,1,0.0,1.0,-1,6,30,1,1,1,11:57,1,2,9
2023351388186,2023,351388186,1,1,1,1,64,9,3,0,0,0,0,0,9,6,E01017961,3,1,0.0,1.0,-1,1,40,2,1,2,08:26,7,1,9
2023421285075,2023,421285075,2,1,1,1,57,9,3,0,0,0,0,0,9,4,E01024179,3,1,0.0,1.0,-1,3,70,1,1,1,08:34,4,2,9
2023471310642,2023,471310642,2,1,1,1,30,6,3,0,0,0,0,0,9,1,E01017167,3,1,0.0,1.0,-1,6,40,1,1,1,17:56,1,2,9
2023461378448,2023,461378448,1,1,3,1,42,7,2,9,5,0,0,0,0,-1,-1,7,1,1.0,0.0,-1,3,70,1,1,1,07:24,6,1,9
2023201453235,2023,201453235,2,3,2,1,7,2,3,0,0,1,0,0,9,2,E01010059,3,1,0.0,1.0,-1,1,30,5,1,2,11:37,5,2,9
2023440356991,2023,440356991,1,1,1,2,23,5,3,0,0,0,0,0,9,10,E01023213,-1,0,0.02377,0.97623,-1,6,60,1,1,1,12:08,1,2,9
2023471356007,2023,471356007,2,1,1,2,31,6,3,0,0,0,0,0,9,3,E01021185,3,1,0.0,1.0,-1,6,30,1,1,1,08:30,2,2,9
2023010439726,2023,010439726,1,1,2,2,29,6,2,0,0,0,3,0,11,5,E01001381,-1,0,1.0,0.0,-1,6,20,1,4,1,22:38,4,1,11
2023311315636,2023,311315636,1,1,2,2,70,10,2,0,0,0,3,0,11,4,E01033408,7,1,1.0,0.0,-1,3,30,1,1,1,10:07,6,1,11
2023201365363,2023,201365363,1,1,1,1,58,9,3,0,0,0,0,0,9,1,E01009881,3,1,0.0,1.0,-1,6,30,3,1,2,10:39,7,2,9
2023401296168,2023,401296168,2,1,1,2,34,6,3,0,0,0,0,0,9,4,E01015792,3,1,0.0,1.0,-1,3,30,1,1,1,16:51,7,2,9
2023010446921,2023,010446921,1,2,2,2,54,8,3,0,0,0,4,0,11,1,E01001364,-1,0,0.0,1.0,-1,6,20,1,1,1,07:42,1,1,11
2023010477771,2023,010477771,1,1,2,2,70,10,2,0,0,0,3,0,11,8,E01004514,-1,0,1.0,0.0,-1,3,20,1,4,2,18:45,2,1,11
2023501338510,2023,501338510,1,2,3,1,21,5,2,5,1,0,0,0,0,4,E01018861,7,1,1.0,0.0,-1,6,30,1,1,1,14:40,7,1,5
2023170L30443,2023,170L30443,1,3,2,2,19,4,3,0,0,1,0,0,9,1,E01032561,-1,0,0.06156,0.93844,-1,6,30,2,1,2,06:00,1,2,9
2023221297328,2023,221297328,1,2,1,2,45,7,3,0,0,0,0,0,9,3,E01017107,3,1,0.0,1.0,-1,6,60,1,1,1,19:20,2,1,9
2023421370362,2023,421370362,3,1,1,1,18,4,3,0,0,0,0,0,9,-1,-1,3,1,0.0,1.0,-1,3,70,4,1,2,14:10,6,3,9
2023471337750,2023,471337750,1,1,3,2,11,3,3,5,9,0,0,2,0,3,E01031555,3,1,0.0,1.0,-1,6,30,1,1,1,16:54,7,1,9
2023201316384,2023,201316384,1,1,1,1,29,6,3,0,0,0,0,0,9,2,E01009885,3,1,0.0,1.0,-1,3,30,1,4,2,23:41,4,1,9