collision_index,collision_year,collision_ref_no,vehicle_reference,casualty_reference,casualty_class,sex_of_casualty,age_of_casualty,age_band_of_casualty,casualty_severity,pedestrian_location,pedestrian_movement,car_passenger,bus_or_coach_passenger,pedestrian_road_maintenance_worker,casualty_type,casualty_imd_decile,lsoa_of_casualty,enhanced_casualty_severity,casualty_injury_based,casualty_adjusted_severity_serious,casualty_adjusted_severity_slight,casualty_distance_banding,road_type,speed_limit,weather_conditions,light_conditions,road_surface_conditions,time,day_of_week,number_of_vehicles,vehicle_type
2023010481648,2023,010481648,1,1,2,1,21,5,3,0,0,0,0,0,19,3,E01002612,-1,0,0.0,1.0,-1,6,20,1,4,2,00:47,1,3,19
2023411409696,2023,411409696,1,1,1,1,32,6,2,0,0,0,0,0,5,8,E01023627,7,1,1.0,0.0,-1,3,70,1,1,1,10:07,7,2,5
2023010482577,2023,010482577,1,1,2,1,61,9,2,0,0,0,3,0,11,7,E01002683,-1,0,1.0,0.0,-1,6,20,2,1,2,12:00,5,1,11
2023061296841,2023,061296841,1,2,1,1,18,4,3,0,0,0,0,0,9,10,E01005786,3,1,0.0,1.0,-1,3,50,1,4,1,23:56,6,2,9
2023111267873,2023,111267873,2,2,1,2,46,8,3,0,0,0,0,0,9,2,E01020618,3,1,0.0,1.0,-1,6,30,3,1,3,08:45,2,3,9
2023471302629,2023,471302629,2,1,1,1,51,8,2,0,0,0,0,0,1,8,E01031651,5,1,1.0,0.0,-1,1,30,1,1,1,15:30,2,2,1
2023461345138,2023,461345138,3,4,2,1,22,5,3,0,0,1,0,0,9,7,E01002268,3,1,0.0,1.0,-1,3,70,1,1,1,18:29,1,3,9
2023520300876,2023,520300876,1,2,2,2,19,4,2,0,0,2,0,0,9,8,E01029201,-1,0,1.0,0.0,-1,6,50,1,6,1,00:09,6,1,9
2023991389525,2023,991389525,2,1,1,2,57,9,3,0,0,0,0,0,9,-1,-1,3,1,0.0,1.0,-1,6,30,9,1,2,14:10,4,2,9
2023340NN1302,2023,340NN1302,2,1,1,1,11,3,2,0,0,0,0,0,1,4,E01027069,-1,0,1.0,0.0,-1,6,30,1,1,2,18:24,2,2,1
2023010471105,2023,010471105,1,1,1,1,44,7,3,0,0,0,0,0,3,4,E01001276,-1,0,0.0,1.0,-1,9,20,1,1,1,14:30,2,2,3
2023991289640,2023,991289640,2,2,2,2,62,9,3,0,0,2,0,0,8,10,-1,3,1,0.0,1.0,-1,6,30,5,4,2,20:00,4,2,8
2023201390919,2023,201390919,2,1,1,1,34,6,2,0,0,0,0,0,1,4,E01010324,7,1,1.0,0.0,-1,6,30,1,1,1,19:26,4,2,1
2023010439965,2023,010439965,2,2,2,2,5,1,3,0,0,2,0,0,9,7,E01002514,-1,0,0.0,1.0,-1,3,40,1,1,1,10:44,6,2,9
2023161374096,2023,161374096,1,1,1,2,45,7,3,0,0,0,0,0,9,2,E01013202,3,1,0.0,1.0,-1,1,30,1,1,2,09:24,2,2,9
2023302300866,2023,302300866,2,2,2,-1,-1,-1,3,0,0,1,0,0,9,5,E01019456,-1,0,0.01457,0.98543,-1,6,30,1,1,1,10:30,6,2,9
2023501351857,2023,501351857,1,1,1,1,20,4,2,0,0,0,0,0,3,10,E01019943,6,1,1.0,0.0,-1,6,30,1,4,1,00:24,4,1,3
2023351291232,2023,351291232,1,4,2,1,-1,-1,3,0,0,2,0,0,9,10,E01023853,3,1,0.0,1.0,-1,6,50,2,4,2,20:20,6,2,9
2023421389152,2023,421389152,1,1,3,2,71,10,2,1,1,0,0,0,0,7,E01021416,7,1,1.0,0.0,-1,6,30,1,4,1,17:14,7,1,9
2023430095741,2023,430095741,1,2,3,1,35,6,2,6,9,0,0,0,0,2,E01016726,-1,0,1.0,0.0,-1,3,40,1,7,1,21:42,5,1,9
2023440021502,2023,440021502,1,1,1,1,60,9,3,0,0,0,0,0,1,1,E01022968,-1,0,0.15936,0.84064,-1,6,30,1,1,4,08:08,3,2,1
2023010468700,2023,010468700,1,1,1,1,40,7,3,0,0,0,0,0,3,5,E01001389,-1,0,0.0,1.0,-1,1,20,1,1,1,15:30,2,2,3
2023010459433,2023,010459433,1,3,2,2,-1,-1,3,0,0,2,0,0,8,-1,-1,-1,0,0.0,1.0,-1,3,50,1,1,1,10:00,2,2,8
2023031307778,2023,031307778,1,1,1,2,51,8,3,0,0,0,0,0,9,7,E01019352,3,1,0.0,1.0,-1,6,40,1,1,1,08:15,3,2,9
2023451365109,2023,451365109,1,1,1,1,58,9,3,0,0,0,0,0,9,10,E01031650,3,1,0.0,1.0,-1,6,30,1,4,2,07:05,6,2,9
2023141369328,2023,141369328,1,1,1,1,21,5,3,0,0,0,0,0,9,1,E01007529,3,1,0.0,1.0,-1,6,60,2,6,2,18:05,3,2,9
2023141380769,2023,141380769,2,2,2,1,33,6,3,0,0,2,0,0,9,4,E01007797,3,1,0.0,1.0,-1,6,30,1,1,2,09:10,5,2,9
2023010454543,2023,010454543,1,1,3,2,57,9,2,1,3,0,0,0,0,6,E01002724,-1,0,1.0,0.0,-1,6,20,1,1,1,12:20,3,1,21
2023052302568,2023,052302568,1,1,3,2,17,4,3,5,1,0,0,0,0,3,E01006535,-1,0,0.13114,0.86886,-1,6,20,1,1,2,13:05,5,1,9
2023471318641,2023,471318641,2,1,1,1,32,6,3,0,0,0,0,0,1,8,E01016931,3,1,0.0,1.0,-1,6,20,1,1,1,07:45,2,2,1
2023131294765,2023,131294765,1,1,1,1,77,11,2,0,0,0,0,0,3,4,E01011390,6,1,1.0,0.0,-1,6,30,1,1,1,11:00,7,1,3
2023010468822,2023,010468822,1,4,2,-1,12,3,3,0,0,2,0,0,9,-1,-1,-1,0,0.0,1.0,-1,2,20,1,1,1,17:25,5,2,9
2023031284850,2023,031284850,1,2,2,1,17,4,3,0,0,2,0,0,9,4,E01019389,3,1,0.0,1.0,-1,6,60,1,1,1,12:40,4,2,9
2023170S11153,2023,170S11153,2,2,2,1,13,3,3,0,0,2,0,0,9,-1,-1,-1,0,0.04197,0.95803,-1,6,30,1,1,1,17:50,6,2,9
2023430407815,2023,430407815,1,1,1,2,51,8,3,0,0,0,0,0,9,10,E01016214,-1,0,0.01023,0.98977,-1,6,30,1,1,1,17:31,2,2,9
202354A064923,2023,54A064923,1,1,3,1,77,11,2,7,1,0,0,0,0,7,E01015574,-1,0,1.0,0.0,-1,6,30,1,4,1,20:31,5,1,19
2023010428957,2023,010428957,1,1,1,1,22,5,3,0,0,0,0,0,3,5,E01002183,-1,0,0.0,1.0,-1,2,20,1,4,1,21:20,5,2,3
2023131366106,2023,131366106,1,1,3,2,11,3,2,8,3,0,0,1,0,4,E01010591,7,1,1.0,0.0,-1,6,30,1,1,1,15:12,5,1,9
2023302301452,2023,302301452,1,1,1,1,30,6,3,0,0,0,0,0,4,4,E01019417,-1,0,0.08983,0.91017,-1,6,40,1,1,1,17:45,2,2,4
2023440310891,2023,440310891,2,1,1,2,29,6,3,0,0,0,0,0,1,5,E01017030,-1,0,0.07744,0.92256,-1,6,20,1,1,1,14:45,4,2,1
2023131328537,2023,131328537,1,1,2,2,35,6,3,0,0,2,0,0,9,1,E01011103,3,1,0.0,1.0,-1,1,40,1,1,1,07:25,4,2,9
2023231271864,2023,231271864,1,2,2,2,17,4,2,0,0,1,0,0,9,5,E01029503,7,1,1.0,0.0,-1,6,60,1,6,2,23:15,6,1,9
2023451352519,2023,451352519,2,2,1,1,50,8,3,0,0,0,0,0,9,8,E01030954,3,1,0.0,1.0,-1,6,50,1,1,1,13:15,5,2,9
2023461373841,2023,461373841,1,5,2,2,23,5,3,0,0,2,0,0,9,6,E01001419,3,1,0.0,1.0,-1,3,70,2,6,2,00:30,1,1,9
2023302300514,2023,302300514,1,1,1,1,29,6,2,0,0,0,0,0,19,5,E01016488,-1,0,1.0,0.0,-1,3,70,2,6,2,03:30,6,3,19
2023311355467,2023,311355467,2,1,2,1,59,9,3,0,0,1,0,0,9,5,E01028286,3,1,0.0,1.0,-1,3,70,1,1,1,08:00,7,2,9
2023471371892,2023,471371892,1,1,1,1,81,11,3,0,0,0,0,0,9,3,E01021016,3,1,0.0,1.0,-1,6,30,1,1,1,13:08,2,2,9
2023161335619,2023,161335619,2,1,2,2,-1,-1,3,0,0,0,-1,0,11,3,E01012899,3,1,0.0,1.0,-1,6,30,1,1,1,13:30,7,2,11
2023201286133,2023,201286133,1,1,3,1,53,8,3,5,3,0,0,2,0,4,E01010324,3,1,0.0,1.0,-1,6,30,1,4,1,23:10,6,1,9
2023010461966,2023,010461966,1,1,1,1,54,8,3,0,0,0,0,0,8,6,E01016588,-1,0,0.0,1.0,-1,6,20,1,1,1,08:35,4,2,8
2023231349651,2023,231349651,1,1,1,1,29,6,3,0,0,0,0,0,9,7,E01028940,3,1,0.0,1.0,-1,3,70,1,1,1,10:11,6,1,9
202360A006825,2023,60A006825,2,2,1,1,60,9,3,0,0,0,0,0,90,-1,-1,-1,0,0.19643,0.80357,-1,6,30,2,1,2,12:06,1,2,90
2023010450234,2023,010450234,3,3,1,1,41,7,3,0,0,0,0,0,9,5,E01002443,-1,0,0.0,1.0,-1,6,30,1,1,1,11:36,3,3,9
2023131272379,2023,131272379,1,2,1,2,33,6,2,0,0,0,0,0,9,3,E01010794,6,1,1.0,0.0,-1,6,20,1,1,1,11:32,7,2,9
2023141310287,2023,141310287,2,2,1,2,30,6,2,0,0,0,0,0,9,6,E01027883,7,1,1.0,0.0,-1,6,60,1,1,1,18:02,2,2,9
2023231396223,2023,231396223,1,1,1,1,38,7,3,0,0,0,0,0,9,3,E01009624,3,1,0.0,1.0,-1,6,50,1,6,2,21:31,1,1,9
2023371280372,2023,371280372,2,1,1,2,29,6,3,0,0,0,0,0,9,2,E01030023,3,1,0.0,1.0,-1,6,60,1,6,2,21:40,6,2,9
2023430290214,2023,430290214,1,1,3,2,49,8,3,1,3,0,0,0,0,8,E01017688,-1,0,0.05757,0.94243,-1,6,30,2,1,2,16:30,6,1,9
2023461353611,2023,461353611,2,1,1,1,17,4,3,0,0,0,0,0,1,1,E01024257,3,1,0.0,1.0,-1,6,30,1,1,1,17:06,2,2,1
2023010455257,2023,010455257,1,1,1,2,22,5,3,0,0,0,0,0,9,9,E01002263,-1,0,0.0,1.0,-1,6,30,1,4,2,00:56,7,1,9
2023161269288,2023,161269288,1,3,2,2,26,6,3,0,0,2,0,0,9,4,E01005632,3,1,0.0,1.0,-1,3,70,1,6,1,18:15,7,2,9
2023161370998,2023,161370998,1,1,1,2,29,6,2,0,0,0,0,0,9,1,E01013161,7,1,1.0,0.0,-1,3,30,1,4,1,23:30,1,1,9
2023471384552,2023,471384552,1,2,1,1,27,6,3,0,0,0,0,0,9,5,E01031671,3,1,0.0,1.0,-1,6,50,4,6,2,02:25,6,2,9
2023440296200,2023,440296200,1,1,1,2,34,6,3,0,0,0,0,0,9,-1,-1,-1,0,0.01017,0.98983,-1,3,50,1,1,1,13:23,1,2,9
2023451313824,2023,451313824,2,1,2,2,74,10,3,0,0,1,0,0,9,8,E01030867,3,1,0.0,1.0,-1,6,30,1,1,1,10:25,5,2,9
2023631360323,2023,631360323,1,1,2,2,8,2,3,0,0,2,0,0,9,6,W01000803,3,1,0.0,1.0,-1,3,70,1,1,2,17:40,6,2,9
2023991316865,2023,991316865,2,2,1,1,43,7,3,0,0,0,0,0,9,6,-1,3,1,0.0,1.0,-1,6,30,1,1,1,17:30,4,2,9
2023552300756,2023,552300756,2,1,1,2,79,11,3,0,0,0,0,0,22,4,E01015328,-1,0,0.11452,0.88548,-1,6,30,1,1,1,15:40,7,2,22
2023010441464,2023,010441464,2,1,1,2,39,7,3,0,0,0,0,0,1,4,E01002648,-1,0,0.0,1.0,-1,6,30,2,1,2,10:00,7,2,1
2023010464835,2023,010464835,2,1,1,1,15,3,3,0,0,0,0,0,1,3,E01033583,-1,0,0.0,1.0,-1,6,20,1,1,1,16:45,6,2,1
2023010420644,2023,010420644,1,1,1,1,24,5,2,0,0,0,0,0,3,3,E01001263,-1,0,1.0,0.0,-1,3,50,2,4,2,17:26,3,2,3
2023340NN2562,2023,340NN2562,1,1,1,1,27,6,3,0,0,0,0,0,9,1,E01009094,-1,0,0.09543,0.90457,-1,3,70,1,4,1,21:00,1,2,9
2023052300409,2023,052300409,2,2,2,1,0,1,3,0,0,1,0,0,9,2,E01006660,-1,0,0.02488,0.97512,-1,6,30,1,1,1,10:10,3,4,9
2023421295546,2023,421295546,1,1,2,2,18,4,2,0,0,1,0,0,9,3,E01002276,5,1,1.0,0.0,-1,6,30,1,1,1,14:22,6,2,9
2023461337120,2023,461337120,1,1,2,2,77,11,3,0,0,1,0,0,9,4,E01024747,3,1,0.0,1.0,-1,6,40,1,1,1,15:05,6,2,9
2023010480931,2023,010480931,2,1,1,1,-1,-1,3,0,0,0,0,0,1,-1,-1,-1,0,0.0,1.0,-1,6,30,1,1,1,15:30,3,2,1
2023010427049,2023,010427049,1,1,1,1,26,6,3,0,0,0,0,0,3,3,E01003589,-1,0,0.0,1.0,-1,9,20,1,1,1,15:55,1,2,3
2023440485853,2023,440485853,1,1,1,1,24,5,2,0,0,0,0,0,19,-1,-1,-1,0,1.0,0.0,-1,1,50,1,4,1,20:20,2,2,19
2023010445428,2023,010445428,1,1,1,2,94,11,3,0,0,0,0,0,9,4,E01000616,-1,0,0.0,1.0,-1,6,30,1,1,1,10:10,7,2,9
2023340WN1342,2023,340WN1342,1,1,2,1,23,5,3,0,0,1,0,0,9,-1,-1,-1,0,0.07279,0.92721,-1,3,30,2,4,2,23:30,7,1,9
2023522401024,2023,522401024,2,1,1,1,73,10,3,0,0,0,0,0,9,2,E01014578,-1,0,0.04283,0.95717,-1,1,40,1,1,1,15:00,5,2,9
2023430219243,2023,430219243,2,2,1,1,73,10,2,0,0,0,0,0,9,10,E01017873,-1,0,1.0,0.0,-1,1,30,1,1,1,11:35,6,2,9
2023010446143,2023,010446143,1,1,2,1,33,6,3,0,0,0,0,0,90,-1,-1,-1,0,0.0,1.0,-1,6,30,9,1,9,09:44,2,1,90
2023101390532,2023,101390532,1,1,3,2,14,3,2,5,4,0,0,0,0,7,E01008314,7,1,1.0,0.0,-1,6,30,1,4,1,15:54,3,1,9
2023201381968,2023,201381968,2,3,2,2,7,2,3,0,0,2,0,0,9,1,E01009020,3,1,0.0,1.0,-1,6,30,1,1,1,15:10,3,2,9
2023010449277,2023,010449277,1,1,1,1,34,6,3,0,0,0,0,0,1,9,E01004053,-1,0,0.0,1.0,-1,6,20,1,1,1,19:00,5,2,1
2023320213323,2023,320213323,1,1,1,1,78,11,3,0,0,0,0,0,5,7,E01026372,-1,0,0.25384,0.74616,-1,6,60,1,1,1,12:15,1,2,5
2023061308402,2023,061308402,1,1,3,2,11,3,2,1,9,0,0,0,0,8,E01005775,7,1,1.0,0.0,-1,6,30,1,1,1,10:15,7,1,-1
2023201376961,2023,201376961,1,1,3,2,13,3,2,6,9,0,0,0,0,3,E01010422,7,1,1.0,0.0,-1,6,30,1,1,1,15:00,6,1,9
2023010423725,2023,010423725,1,1,3,1,27,6,3,5,3,0,0,0,0,8,E01033724,-1,0,0.0,1.0,-1,6,30,2,4,2,21:41,5,1,9
2023471282748,2023,471282748,1,1,3,2,67,10,2,5,1,0,0,0,0,8,E01031346,7,1,1.0,0.0,-1,6,30,1,1,1,11:20,6,1,9
2023010449418,2023,010449418,1,1,1,2,28,6,3,0,0,0,0,0,3,3,E01003113,-1,0,0.0,1.0,-1,9,20,9,1,1,10:04,6,2,3
2023201443013,2023,201443013,2,1,1,1,44,7,3,0,0,0,0,0,9,3,E01008952,3,1,0.0,1.0,-1,6,30,1,4,1,05:59,6,3,9
2023361320555,2023,361320555,1,1,1,1,83,11,2,0,0,0,0,0,9,6,E01026900,5,1,1.0,0.0,-1,6,30,1,1,1,16:11,2,2,9
2023421360606,2023,421360606,1,1,1,1,23,5,3,0,0,0,0,0,9,9,E01015984,3,1,0.0,1.0,-1,6,60,1,6,1,21:13,7,1,9
2023131325114,2023,131325114,2,1,1,2,23,5,3,0,0,0,0,0,3,1,E01033258,3,1,0.0,1.0,-1,6,20,2,1,2,07:45,2,2,3
2023041381887,2023,041381887,1,1,1,1,32,6,3,0,0,0,0,0,9,2,E01012745,3,1,0.0,1.0,-1,3,30,8,4,2,12:20,1,2,9
2023070455829,2023,070455829,1,1,1,1,83,11,3,0,0,0,0,0,9,7,E01018606,-1,0,0.11407,0.88593,-1,3,40,1,1,1,10:47,1,3,9
2023201420447,2023,201420447,1,2,2,2,33,6,3,0,0,2,0,0,9,-1,-1,3,1,0.0,1.0,-1,6,30,1,4,1,20:39,6,2,9
2023340WN0172,2023,340WN0172,2,3,2,1,54,8,3,0,0,1,0,0,9,5,E01017659,-1,0,0.03772,0.96228,-1,6,60,1,1,2,10:42,2,2,9
2023231345320,2023,231345320,1,1,3,1,72,10,3,5,1,0,0,0,0,6,E01031316,3,1,0.0,1.0,-1,6,30,2,1,2,12:02,6,1,9
2023461265802,2023,461265802,1,1,3,2,50,8,3,10,9,0,0,0,0,2,E01024502,3,1,0.0,1.0,-1,6,30,1,5,2,17:12,6,1,9
2023501262635,2023,501262635,1,1,3,2,34,6,3,5,1,0,0,0,0,6,E01020209,3,1,0.0,1.0,-1,6,30,2,1,2,08:15,5,1,9
2023101367348,2023,101367348,1,1,1,2,91,11,3,0,0,0,0,0,9,8,E01008521,3,1,0.0,1.0,-1,7,30,1,4,1,19:15,2,2,9
2023371292719,2023,371292719,1,1,1,1,30,6,3,0,0,0,0,0,9,8,E01021574,3,1,0.0,1.0,-1,6,30,2,4,2,01:35,1,1,9
2023411356080,2023,411356080,2,3,2,2,18,4,3,0,0,1,0,0,9,-1,-1,3,1,0.0,1.0,-1,6,30,8,4,-1,20:05,7,2,9
2023451359717,2023,451359717,1,1,1,1,34,6,3,0,0,0,0,0,9,4,E01031657,3,1,0.0,1.0,-1,1,40,1,1,1,17:35,4,2,9
2023010437450,2023,010437450,1,2,3,1,10,2,3,10,9,0,0,0,0,-1,-1,-1,0,0.0,1.0,-1,1,20,2,4,2,21:00,6,1,8
2023010482198,2023,010482198,4,4,1,1,35,6,3,0,0,0,0,0,9,2,E01001441,-1,0,0.0,1.0,-1,6,40,9,1,2,14:30,3,4,9
2023991350443,2023,991350443,2,2,1,2,59,9,3,0,0,0,0,0,9,9,-1,3,1,0.0,1.0,-1,6,60,1,1,1,13:50,6,2,9
2023471273574,2023,471273574,1,1,3,1,43,7,3,6,9,0,0,0,0,2,E01021020,3,1,0.0,1.0,-1,6,30,1,4,1,20:00,3,2,9
2023201454498,2023,201454498,2,1,1,1,26,6,3,0,0,0,0,0,3,1,E01009024,3,1,0.0,1.0,-1,6,30,1,4,2,20:00,3,2,3
2023010471166,2023,010471166,1,1,2,2,-1,-1,2,0,0,2,0,0,8,-1,-1,-1,0,1.0,0.0,-1,2,30,1,1,1,17:10,3,2,8
2023101328018,2023,101328018,2,2,1,2,54,8,3,0,0,0,0,0,9,10,E01027494,3,1,0.0,1.0,-1,6,30,1,1,1,12:45,2,2,9
2023430172076,2023,430172076,2,2,1,1,22,5,3,0,0,0,0,0,9,8,E01017718,-1,0,0.01556,0.98444,-1,7,70,1,1,1,17:44,5,3,9
2023991384543,2023,991384543,1,1,2,1,11,3,3,0,0,1,0,0,9,5,-1,3,1,0.0,1.0,-1,6,30,1,4,2,19:20,5,2,9
2023302301531,2023,302301531,2,1,1,1,36,7,3,0,0,0,0,0,1,6,E01019557,-1,0,0.16768,0.83232,-1,6,40,1,1,1,10:40,5,2,1
2023010468476,2023,010468476,1,1,1,2,58,9,3,0,0,0,0,0,1,6,E01002024,-1,0,0.0,1.0,-1,6,20,1,4,1,20:00,3,2,1
2023141267098,2023,141267098,1,1,1,1,48,8,3,0,0,0,0,0,9,1,E01007716,3,1,0.0,1.0,-1,6,30,8,4,4,22:11,2,2,9
2023411337163,2023,411337163,1,1,1,1,60,9,3,0,0,0,0,0,9,10,E01023440,3,1,0.0,1.0,-1,3,60,1,1,1,12:45,4,2,9
2023631363257,2023,631363257,2,1,2,2,22,5,3,0,0,1,0,0,9,5,W01000544,3,1,0.0,1.0,-1,6,60,1,1,1,09:10,2,2,9
2023991375942,2023,991375942,1,2,2,1,18,4,3,0,0,1,0,0,9,3,-1,3,1,0.0,1.0,-1,6,60,1,6,2,23:10,6,1,9
2023010425260,2023,010425260,1,1,3,1,46,8,3,9,7,0,0,0,0,8,E01021911,-1,0,0.0,1.0,-1,2,20,1,4,1,05:32,7,1,9
2023010482207,2023,010482207,2,1,1,1,53,8,1,0,0,0,0,0,1,-1,-1,-1,0,0.0,0.0,-1,3,20,1,4,2,18:36,3,2,1
2023411393881,2023,411393881,1,1,1,1,19,4,2,0,0,0,0,0,3,6,E01023570,7,1,1.0,0.0,-1,6,30,1,1,1,17:27,2,2,3
2023010444935,2023,010444935,1,1,1,1,18,4,3,0,0,0,0,0,9,4,E01003492,-1,0,0.0,1.0,-1,3,40,1,4,1,01:06,5,2,9
2023010462678,2023,010462678,1,1,1,2,50,8,3,0,0,0,0,0,9,3,E01032743,-1,0,0.0,1.0,-1,1,20,1,1,1,17:30,1,2,9
2023031277140,2023,031277140,1,1,1,2,29,6,3,0,0,0,0,0,9,4,E01019202,3,1,0.0,1.0,-1,3,30,1,1,1,12:20,5,2,9
2023361353722,2023,361353722,2,1,1,1,28,6,3,0,0,0,0,0,9,2,E01026633,3,1,0.0,1.0,-1,6,60,1,1,1,14:48,2,2,9
2023141275748,2023,141275748,1,1,1,1,25,5,3,0,0,0,0,0,9,1,E01013330,3,1,0.0,1.0,-1,3,70,1,1,1,14:12,2,1,9
2023340NN9112,2023,340NN9112,1,1,1,1,74,10,1,0,0,0,0,0,9,8,E01027055,-1,0,0.0,0.0,-1,3,70,1,6,1,21:21,6,2,9
2023421299064,2023,421299064,2,1,1,2,29,6,3,0,0,0,0,0,9,10,E01015890,3,1,0.0,1.0,-1,3,30,1,1,2,09:01,2,2,9
2023547549623,2023,547549623,1,1,1,2,24,5,3,0,0,0,0,0,9,6,E01020443,-1,0,0.01232,0.98768,-1,1,40,1,1,1,13:37,3,2,9
2023010426066,2023,010426066,1,1,1,1,23,5,3,0,0,0,0,0,1,-1,-1,-1,0,0.0,1.0,-1,6,30,1,1,1,10:07,4,1,1
2023122301115,2023,122301115,1,1,1,2,17,4,3,0,0,0,0,0,3,2,E01013443,-1,0,0.12609,0.87391,-1,6,30,2,1,2,17:31,7,1,3
2023201339288,2023,201339288,1,4,2,1,17,4,1,0,0,2,0,0,9,1,E01010283,1,1,0.0,0.0,-1,6,30,1,4,1,23:56,6,2,9
2023302300547,2023,302300547,2,2,1,1,34,6,3,0,0,0,0,0,9,1,E01013484,-1,0,0.04385,0.95615,-1,6,30,2,7,2,01:07,5,2,9
2023451281016,2023,451281016,1,1,1,1,67,10,3,0,0,0,0,0,9,9,E01016576,3,1,0.0,1.0,-1,6,30,1,1,1,13:54,2,4,9
2023501265964,2023,501265964,2,1,1,1,31,6,3,0,0,0,0,0,9,4,E01020116,3,1,0.0,1.0,-1,6,30,8,1,4,09:00,6,2,9
2023520000078,2023,520000078,1,2,2,2,39,7,3,0,0,1,0,0,9,7,E01014403,-1,0,0.00603,0.99397,-1,1,30,2,1,2,11:44,1,2,9
2023311357088,2023,311357088,1,1,3,1,20,4,2,1,3,0,0,0,0,2,E01013814,7,1,1.0,0.0,-1,2,20,1,4,1,01:50,5,1,8
2023461384283,2023,461384283,2,1,1,1,30,6,3,0,0,0,0,0,1,4,E01024647,3,1,0.0,1.0,-1,6,30,1,4,1,21:40,3,2,1
2023371332613,2023,371332613,1,2,2,1,22,5,2,0,0,0,0,0,3,1,E01029986,6,1,1.0,0.0,-1,3,70,5,4,2,00:58,4,2,3
2023302301561,2023,302301561,1,1,1,1,33,6,3,0,0,0,0,0,8,4,E01013493,-1,0,0.15379,0.84621,-1,6,40,1,4,1,03:24,5,1,8
2023041307612,2023,041307612,1,1,1,1,19,4,3,0,0,0,0,0,9,3,E01012697,3,1,0.0,1.0,-1,3,30,1,1,1,13:43,2,2,9
2023411404280,2023,411404280,1,1,1,1,86,11,3,0,0,0,0,0,9,10,E01023380,3,1,0.0,1.0,-1,6,30,1,1,1,10:28,4,2,9
2023471327951,2023,471327951,2,2,1,1,84,11,3,0,0,0,0,0,9,5,E01031530,3,1,0.0,1.0,-1,6,30,1,1,1,10:36,2,4,9
2023622300872,2023,622300872,1,1,1,2,65,9,3,0,0,0,0,0,9,6,W01000918,-1,0,0.03143,0.96857,-1,6,20,1,1,1,11:47,1,2,9
2023041361654,2023,041361654,2,1,2,1,15,3,3,0,0,0,3,0,11,8,E01025547,3,1,0.0,1.0,-1,6,30,1,1,1,16:34,2,2,11
2023311284308,2023,311284308,2,1,1,2,58,9,3,0,0,0,0,0,9,8,E01028206,3,1,0.0,1.0,-1,6,30,1,1,1,15:02,7,2,9
2023061396201,2023,061396201,1,1,3,1,35,6,2,1,3,0,0,-1,0,2,E01005526,7,1,1.0,0.0,-1,6,30,2,4,2,17:03,2,1,9
2023421314355,2023,421314355,1,1,3,1,24,5,2,1,1,0,0,0,0,8,E01021784,7,1,1.0,0.0,-1,6,30,1,6,1,22:18,6,4,9
2023010441196,2023,010441196,1,1,1,1,50,8,3,0,0,0,0,0,9,6,E01001619,-1,0,0.0,1.0,-1,2,30,1,1,1,14:14,3,2,9
2023461266469,2023,461266469,1,3,1,1,27,6,1,0,0,0,0,0,9,4,E01024665,1,1,0.0,0.0,-1,6,30,1,4,1,22:20,7,1,9
2023461292157,2023,461292157,3,2,1,2,22,5,3,0,0,0,0,0,9,2,E01024247,3,1,0.0,1.0,-1,3,70,1,1,1,17:25,2,3,9
2023501343934,2023,501343934,2,1,1,2,65,9,2,0,0,0,0,0,16,6,E01020175,5,1,1.0,0.0,-1,6,60,1,1,1,15:53,4,2,16
2023111295827,2023,111295827,1,1,1,1,34,6,2,0,0,0,0,0,97,3,E01012350,7,1,1.0,0.0,-1,6,30,1,1,1,19:42,1,1,97
2023111364716,2023,111364716,2,1,1,2,68,10,3,0,0,0,0,0,1,1,E01020907,3,1,0.0,1.0,-1,1,30,1,1,1,19:53,4,2,1
2023010457643,2023,010457643,1,1,1,1,34,6,3,0,0,0,0,0,3,4,E01004643,-1,0,0.0,1.0,-1,9,30,9,1,9,19:50,4,2,3
2023010433298,2023,010433298,1,2,2,-1,-1,-1,3,0,0,1,0,0,9,-1,-1,-1,0,0.0,1.0,-1,6,30,1,1,1,07:18,2,2,9
2023131348541,2023,131348541,1,1,1,1,19,4,3,0,0,0,0,0,9,2,E01011220,3,1,0.0,1.0,-1,6,30,2,1,2,20:23,7,1,9
2023231269888,2023,231269888,5,1,1,2,30,6,3,0,0,0,0,0,9,7,E01009562,3,1,0.0,1.0,-1,3,70,1,6,2,20:11,5,6,9
2023010477334,2023,010477334,1,2,2,2,8,2,3,0,0,9,0,0,9,5,E01004488,-1,0,0.0,1.0,-1,6,20,8,4,1,17:50,6,3,9
2023201422869,2023,201422869,2,1,1,1,33,6,3,0,0,0,0,0,9,4,E01010377,3,1,0.0,1.0,-1,6,30,1,1,1,12:58,1,3,9
2023451299885,2023,451299885,1,1,3,2,54,8,2,1,1,0,0,0,0,7,E01030826,6,1,1.0,0.0,-1,6,30,2,1,2,10:55,1,1,9
2023010449240,2023,010449240,1,1,1,1,33,6,3,0,0,0,0,0,1,2,E01000548,-1,0,0.0,1.0,-1,2,20,1,4,9,01:19,5,2,1
2023430229019,2023,430229019,1,1,2,1,22,5,3,0,0,2,0,0,8,-1,-1,-1,0,0.0174,0.9826,-1,6,30,1,7,1,23:30,4,2,8