collision_index,collision_year,collision_ref_no,vehicle_reference,casualty_reference,casualty_class,sex_of_casualty,age_of_casualty,age_band_of_casualty,casualty_severity,pedestrian_location,pedestrian_movement,car_passenger,bus_or_coach_passenger,pedestrian_road_maintenance_worker,casualty_type,casualty_imd_decile,lsoa_of_casualty,enhanced_casualty_severity,casualty_injury_based,casualty_adjusted_severity_serious,casualty_adjusted_severity_slight,casualty_distance_banding,road_type,speed_limit,weather_conditions,light_conditions,road_surface_conditions,time,day_of_week,number_of_vehicles,vehicle_type
2023302300487,2023,302300487,1,3,2,1,17,4,2,0,0,2,0,0,9,-1,-1,-1,0,1.0,0.0,-1,6,60,1,1,1,13:02,6,2,9
2023411287130,2023,411287130,2,1,1,1,32,6,3,0,0,0,0,0,9,7,E01023901,3,1,0.0,1.0,-1,3,50,9,4,1,19:18,1,2,9
2023991338543,2023,991338543,2,6,2,2,61,9,2,0,0,2,0,0,9,7,E01013290,5,1,1.0,0.0,-1,6,60,1,1,2,13:58,7,2,9
2023010482534,2023,010482534,2,1,2,1,39,7,3,0,0,0,9,0,11,7,E01000791,-1,0,0.0,1.0,-1,9,30,9,1,9,07:51,5,2,11
2023991381259,2023,991381259,2,3,2,1,29,6,3,0,0,2,0,0,21,-1,-1,3,1,0.0,1.0,-1,3,70,1,1,2,09:30,6,2,21
2023010471215,2023,010471215,1,1,1,2,77,11,3,0,0,0,0,0,9,9,E01004147,-1,0,0.0,1.0,-1,6,30,8,1,1,12:30,2,2,9
2023221276379,2023,221276379,1,2,2,2,4,1,2,0,0,2,0,0,9,2,E01014105,5,1,1.0,0.0,-1,6,30,1,1,1,15:40,3,2,9
202354C903023,2023,54C903023,4,4,1,2,53,8,3,0,0,0,0,0,9,8,E01032689,-1,0,0.0348,0.9652,-1,6,30,1,6,2,16:53,3,4,9
2023201412884,2023,201412884,1,1,3,2,41,7,3,6,9,0,0,2,0,1,E01008972,3,1,0.0,1.0,-1,6,30,2,1,2,07:50,3,1,9
2023421302096,2023,421302096,1,1,3,1,29,6,3,4,1,0,0,0,0,3,E01021687,3,1,0.0,1.0,-1,6,30,1,1,1,15:56,4,1,9
2023361368187,2023,361368187,1,3,2,1,22,5,3,0,0,2,0,0,9,8,E01026913,3,1,0.0,1.0,-1,6,60,1,1,1,13:13,1,2,9
2023501320498,2023,501320498,1,1,1,2,35,6,3,0,0,0,0,0,9,4,E01018952,3,1,0.0,1.0,-1,3,70,1,1,1,20:13,2,1,9
2023010426092,2023,010426092,1,1,2,2,64,9,3,0,0,1,0,0,9,7,E01002366,-1,0,0.0,1.0,-1,6,30,8,1,1,11:25,4,2,9
2023141342467,2023,141342467,1,1,2,1,16,4,2,0,0,2,0,0,9,-1,-1,7,1,1.0,0.0,-1,3,30,1,4,1,02:04,4,1,9
2023201325768,2023,201325768,1,1,1,2,44,7,3,0,0,0,0,0,9,6,E01032462,3,1,0.0,1.0,-1,6,30,1,1,2,10:00,6,2,9
2023320302037,2023,320302037,2,1,1,2,40,7,2,0,0,0,0,0,1,9,E01026274,-1,0,1.0,0.0,-1,6,60,1,1,1,11:00,1,2,1
2023501324843,2023,501324843,2,1,1,1,43,7,2,0,0,0,0,0,1,8,E01015119,7,1,1.0,0.0,-1,6,30,1,1,1,12:00,7,2,1
2023201365603,2023,201365603,1,1,3,2,6,2,3,5,2,0,0,0,0,3,E01009777,3,1,0.0,1.0,-1,6,30,1,1,1,16:00,1,1,9
2023501283100,2023,501283100,2,1,1,1,69,10,3,0,0,0,0,0,1,2,E01015026,3,1,0.0,1.0,-1,6,40,1,1,1,06:50,3,2,1
2023201308358,2023,201308358,1,1,1,1,34,6,3,0,0,0,0,0,9,1,E01010288,3,1,0.0,1.0,-1,6,30,2,1,2,17:25,6,2,9
2023471301284,2023,471301284,2,2,1,1,34,6,2,0,0,0,0,0,9,2,E01031432,6,1,1.0,0.0,-1,6,60,1,1,1,08:44,4,2,9
2023552300143,2023,552300143,2,1,1,1,76,11,2,0,0,0,0,0,1,7,E01015425,-1,0,1.0,0.0,-1,6,30,1,1,1,11:30,6,2,1
2023031301592,2023,031301592,2,1,1,1,47,8,3,0,0,0,0,0,9,-1,-1,3,1,0.0,1.0,-1,6,60,1,1,1,11:12,5,2,9
2023052303087,2023,052303087,1,1,1,1,30,6,3,0,0,0,0,0,9,2,E01006428,-1,0,0.06082,0.93918,-1,6,30,2,4,2,00:10,1,2,9
2023311332558,2023,311332558,2,2,2,2,24,5,2,0,0,1,0,0,9,4,E01028294,5,1,1.0,0.0,-1,6,30,2,4,2,23:00,1,5,9
2023451312167,2023,451312167,1,1,1,1,40,7,3,0,0,0,0,0,9,-1,-1,3,1,0.0,1.0,-1,6,30,1,1,1,15:05,7,2,9
2023631309378,2023,631309378,1,3,1,1,26,6,3,0,0,0,0,0,9,1,W01000810,3,1,0.0,1.0,-1,6,60,1,1,1,10:15,4,2,9
2023161333340,2023,161333340,1,1,1,1,16,4,3,0,0,0,0,0,2,6,E01012953,3,1,0.0,1.0,-1,6,40,1,1,2,18:15,3,2,2
2023010444817,2023,010444817,1,1,1,1,37,7,3,0,0,0,0,0,3,-1,-1,-1,0,0.0,1.0,-1,6,20,1,1,1,12:30,4,2,3
2023111361433,2023,111361433,2,1,1,2,33,6,3,0,0,0,0,0,9,9,E01020702,3,1,0.0,1.0,-1,6,30,1,4,2,06:57,5,2,9
2023411265836,2023,411265836,2,2,1,1,23,5,3,0,0,0,0,0,9,10,E01033114,3,1,0.0,1.0,-1,3,70,2,6,2,21:00,1,2,9
2023440147934,2023,440147934,1,1,1,2,17,4,3,0,0,0,0,0,9,2,E01022900,-1,0,0.07371,0.92629,-1,6,30,1,6,2,23:31,7,1,9
2023545793623,2023,545793623,2,1,1,1,40,7,3,0,0,0,0,0,5,9,E01032711,-1,0,0.15354,0.84646,-1,3,30,1,4,1,23:12,6,2,5
2023430322930,2023,430322930,1,1,2,2,28,6,3,0,0,1,0,0,9,5,E01017913,-1,0,0.03826,0.96174,-1,6,30,1,1,1,17:42,5,2,9
2023141373488,2023,141373488,1,1,3,1,37,7,2,5,1,0,0,2,0,1,E01007534,7,1,1.0,0.0,-1,6,40,1,4,1,18:10,7,1,9
2023010427294,2023,010427294,1,1,1,1,38,7,3,0,0,0,0,0,3,2,E01000627,-1,0,0.0,1.0,-1,6,20,1,1,1,16:25,7,2,3
2023221318460,2023,221318460,2,1,1,1,17,4,3,0,0,0,0,0,4,3,E01014005,3,1,0.0,1.0,-1,6,60,1,1,1,13:20,1,2,4
2023052301728,2023,052301728,2,1,1,1,48,8,1,0,0,0,0,0,5,1,E01006448,-1,0,0.0,0.0,-1,6,30,1,4,1,23:05,4,2,5
2023141299804,2023,141299804,1,1,1,2,20,4,3,0,0,0,0,0,9,1,E01007369,3,1,0.0,1.0,-1,6,30,1,4,1,20:42,7,2,9
2023231347119,2023,231347119,2,1,1,2,24,5,3,0,0,0,0,0,9,4,E01031109,3,1,0.0,1.0,-1,6,30,1,5,2,20:35,3,2,9
2023401377093,2023,401377093,2,2,1,2,41,7,3,0,0,0,0,0,9,7,E01017577,3,1,0.0,1.0,-1,6,50,7,1,2,08:24,6,2,9
2023010444097,2023,010444097,1,1,1,2,27,6,3,0,0,0,0,0,9,3,E01002647,-1,0,0.0,1.0,-1,6,20,1,1,1,15:16,6,2,9
2023010470906,2023,010470906,1,1,1,2,29,6,3,0,0,0,0,0,9,5,E01003790,-1,0,0.0,1.0,-1,9,20,8,4,1,23:00,6,1,9
2023010481426,2023,010481426,1,1,1,2,31,6,3,0,0,0,0,0,9,3,E01002554,-1,0,0.0,1.0,-1,1,30,1,1,1,13:04,6,2,9
2023351363858,2023,351363858,3,2,1,1,40,7,2,0,0,0,0,0,9,5,E01018041,6,1,1.0,0.0,-1,6,60,1,1,1,18:01,2,4,9
2023421262899,2023,421262899,1,1,1,1,42,7,3,0,0,0,0,0,9,3,E01021726,3,1,0.0,1.0,-1,6,60,4,1,1,10:48,6,1,9
2023351379947,2023,351379947,2,1,1,1,36,7,2,0,0,0,0,0,1,8,E01018236,7,1,1.0,0.0,-1,6,30,1,1,1,14:07,2,2,1
2023302301306,2023,302301306,1,1,1,1,17,4,3,0,0,0,0,0,1,7,E01019457,-1,0,0.05906,0.94094,-1,6,30,9,1,1,10:53,3,2,1
2023010445087,2023,010445087,1,1,1,1,28,6,3,0,0,0,0,0,3,2,E01001447,-1,0,0.0,1.0,-1,6,20,1,1,1,14:20,5,2,3
2023501309050,2023,501309050,1,2,2,2,18,4,2,0,0,2,0,0,9,5,E01018756,5,1,1.0,0.0,-1,6,60,1,6,1,00:05,6,1,9
2023522400447,2023,522400447,1,1,1,1,17,4,3,0,0,0,0,0,9,7,E01014947,-1,0,0.02868,0.97132,-1,6,30,1,4,2,23:00,3,2,9
2023543905623,2023,543905623,2,1,1,1,47,8,3,0,0,0,0,0,1,10,W01001852,-1,0,0.03489,0.96511,-1,6,20,1,1,1,09:20,3,2,1
2023430192648,2023,430192648,2,1,1,1,22,5,3,0,0,0,0,0,3,5,E01016593,-1,0,0.15066,0.84934,-1,6,30,1,1,1,15:51,4,3,3
2023332300531,2023,332300531,2,1,1,1,33,6,1,0,0,0,0,0,5,4,E01014085,-1,0,0.0,0.0,-1,6,40,1,1,1,15:00,6,2,5
2023340WN5982,2023,340WN5982,3,5,2,1,35,6,3,0,0,2,0,0,9,-1,-1,-1,0,0.10856,0.89144,-1,6,60,1,6,1,06:40,2,3,9
2023520400788,2023,520400788,1,1,1,1,18,4,3,0,0,0,0,0,9,3,E01029175,-1,0,0.02449,0.97551,-1,6,30,1,1,1,16:14,1,2,9
2023991323404,2023,991323404,1,3,2,1,30,6,3,0,0,1,0,0,9,3,-1,3,1,0.0,1.0,-1,6,30,1,5,2,21:45,3,2,9
2023430158140,2023,430158140,1,13,2,1,16,4,3,0,0,0,4,0,11,-1,-1,-1,0,0.05037,0.94963,-1,3,70,2,4,2,19:52,3,4,11
2023141331099,2023,141331099,1,1,2,1,56,9,2,0,0,0,0,0,90,6,E01007665,7,1,1.0,0.0,-1,6,60,1,1,2,12:35,4,2,90
2023552400054,2023,552400054,1,1,1,1,36,7,3,0,0,0,0,0,1,5,E01015375,-1,0,0.22464,0.77536,-1,6,30,1,4,2,05:44,4,1,1
2023010455744,2023,010455744,1,1,3,2,35,6,2,3,1,0,0,0,0,2,E01000550,-1,0,1.0,0.0,-1,6,30,1,1,1,15:10,2,3,9
202360A172244,2023,60A172244,1,1,3,1,18,4,3,1,3,0,0,0,0,-1,-1,-1,0,0.22086,0.77914,-1,6,30,1,4,1,22:27,6,1,9
2023320707054,2023,320707054,2,1,1,1,36,7,3,0,0,0,0,0,9,1,E01026150,-1,0,0.02599,0.97401,-1,6,30,9,1,1,08:00,4,2,9
2023340WN4572,2023,340WN4572,2,1,1,2,49,8,3,0,0,0,0,0,9,3,E01027188,-1,0,0.06451,0.93549,-1,6,30,1,1,1,14:53,6,3,9
2023010425635,2023,010425635,1,1,3,2,99,11,3,1,1,0,0,0,0,1,E01004244,-1,0,0.0,1.0,-1,6,30,1,1,1,10:45,2,1,9
2023471335519,2023,471335519,1,1,3,1,29,6,2,4,1,0,0,0,0,4,E01031608,5,1,1.0,0.0,-1,3,30,1,1,1,14:48,7,1,9
2023522400202,2023,522400202,1,1,1,1,29,6,3,0,0,0,0,0,1,1,E01033359,-1,0,0.04188,0.95812,-1,6,20,1,1,1,08:55,4,2,1
2023010421837,2023,010421837,1,1,1,1,33,6,2,0,0,0,0,0,3,-1,-1,-1,0,1.0,0.0,-1,6,20,1,1,1,11:04,3,1,3
2023010444043,2023,010444043,1,1,1,1,55,8,3,0,0,0,0,0,3,9,E01000344,-1,0,0.0,1.0,-1,6,20,1,1,1,11:00,3,2,3
2023010431787,2023,010431787,2,2,2,2,-1,-1,2,0,0,2,0,0,9,-1,-1,-1,0,1.0,0.0,-1,6,20,1,1,1,16:00,1,2,9
2023010446868,2023,010446868,1,1,1,1,37,7,3,0,0,0,0,0,9,2,E01000796,-1,0,0.0,1.0,-1,6,30,1,4,1,01:45,1,1,9
2023231368559,2023,231368559,2,1,1,1,27,6,3,0,0,0,0,0,9,1,E01009345,3,1,0.0,1.0,-1,1,40,1,1,1,14:02,5,2,9
2023411343194,2023,411343194,2,3,2,1,20,4,3,0,0,2,0,0,9,5,W01001710,3,1,0.0,1.0,-1,3,70,2,1,2,20:31,1,2,9
2023522300528,2023,522300528,1,1,1,2,37,7,3,0,0,0,0,0,1,4,E01014675,-1,0,0.03655,0.96345,-1,6,30,1,1,1,08:25,3,2,1
2023101360455,2023,101360455,2,1,1,2,28,6,3,0,0,0,0,0,9,3,E01008432,3,1,0.0,1.0,-1,6,30,1,1,1,12:00,4,2,9
2023010443675,2023,010443675,1,1,2,2,65,9,3,0,0,0,4,0,11,2,E01001485,-1,0,0.0,1.0,-1,6,20,1,1,1,10:48,5,1,11
2023332300080,2023,332300080,1,1,1,2,37,7,2,0,0,0,0,0,9,2,E01032873,-1,0,1.0,0.0,-1,6,30,1,1,2,15:30,4,2,9
2023501298123,2023,501298123,2,1,1,1,33,6,3,0,0,0,0,0,9,3,E01020067,3,1,0.0,1.0,-1,6,60,1,1,1,16:00,3,2,9
2023501332364,2023,501332364,1,1,1,1,80,11,3,0,0,0,0,0,9,3,E01015193,3,1,0.0,1.0,-1,6,30,1,1,2,07:00,1,4,9
2023070429537,2023,070429537,1,2,1,2,22,5,3,0,0,0,0,0,9,9,E01018526,-1,0,0.01832,0.98168,-1,6,30,1,1,1,16:40,7,2,9
2023201319014,2023,201319014,1,1,1,2,39,7,3,0,0,0,0,0,9,1,E01010095,3,1,0.0,1.0,-1,6,20,1,1,1,10:24,5,2,9
2023231267147,2023,231267147,1,1,1,1,48,8,2,0,0,0,0,0,9,2,E01031010,7,1,1.0,0.0,-1,6,50,8,6,4,17:15,2,1,9
2023361339145,2023,361339145,1,1,1,1,40,7,3,0,0,0,0,0,9,1,E01026625,3,1,0.0,1.0,-1,2,30,1,4,1,23:23,2,1,9
2023440160890,2023,440160890,2,3,1,1,18,4,3,0,0,0,0,0,9,4,E01022484,-1,0,0.06207,0.93793,-1,1,30,8,4,2,20:56,2,2,9
2023411295790,2023,411295790,2,1,1,1,19,4,3,0,0,0,0,0,1,5,E01023905,3,1,0.0,1.0,-1,6,30,1,4,1,19:40,7,2,1
2023201333048,2023,201333048,1,1,1,1,20,4,3,0,0,0,0,0,9,6,E01009776,3,1,0.0,1.0,-1,6,30,1,4,1,01:48,7,1,9
2023101265208,2023,101265208,2,1,1,1,35,6,3,0,0,0,0,0,9,3,E01008639,3,1,0.0,1.0,-1,1,20,1,1,1,07:24,4,2,9
2023131353184,2023,131353184,2,2,1,1,67,10,3,0,0,0,0,0,9,4,E01011841,3,1,0.0,1.0,-1,6,30,1,1,1,18:55,7,2,9
2023440097134,2023,440097134,1,1,1,1,40,7,3,0,0,0,0,0,9,6,E01022677,-1,0,0.01972,0.98028,-1,6,30,1,1,1,15:35,6,2,9
202354A941423,2023,54A941423,1,2,2,2,19,4,3,0,0,1,0,0,9,7,E01032003,-1,0,0.03063,0.96937,-1,1,30,1,1,1,14:48,1,1,9
2023430457350,2023,430457350,1,1,1,2,20,4,3,0,0,0,0,0,1,-1,-1,-1,0,0.04615,0.95385,-1,6,20,1,1,1,07:20,4,2,1
2023311381486,2023,311381486,1,1,3,1,51,8,2,5,3,0,0,0,0,-1,-1,6,1,1.0,0.0,-1,6,30,7,4,1,17:13,6,1,9
2023010480174,2023,010480174,1,1,1,1,18,4,3,0,0,0,0,0,3,4,E01001090,-1,0,0.0,1.0,-1,6,20,1,4,1,20:20,7,2,3
2023010447539,2023,010447539,1,1,1,1,60,9,3,0,0,0,0,0,9,3,E01004575,-1,0,0.0,1.0,-1,6,30,1,1,1,15:38,4,2,9
2023010450344,2023,010450344,1,1,1,2,77,11,3,0,0,0,0,0,9,7,E01002679,-1,0,0.0,1.0,-1,3,40,1,1,1,19:00,3,2,9
2023131310234,2023,131310234,2,1,1,1,19,4,3,0,0,0,0,0,9,2,E01011771,3,1,0.0,1.0,-1,6,40,1,4,1,22:00,6,3,9
2023231316181,2023,231316181,1,1,1,2,25,5,3,0,0,0,0,0,9,1,E01009104,3,1,0.0,1.0,-1,6,50,1,1,1,11:05,1,2,9
2023531384640,2023,531384640,2,2,2,2,7,2,3,0,0,2,0,0,9,9,E01022427,3,1,0.0,1.0,-1,6,40,1,7,2,17:35,7,2,9
2023451365493,2023,451365493,1,1,1,1,25,5,3,0,0,0,0,0,21,1,E01024615,3,1,0.0,1.0,-1,3,70,2,4,2,04:45,7,1,21
2023622300157,2023,622300157,1,1,3,2,15,3,3,5,3,0,0,0,0,1,W01000738,-1,0,0.03425,0.96575,-1,6,30,1,1,1,17:57,6,1,19
2023041381723,2023,041381723,2,1,1,1,39,7,2,0,0,0,0,0,5,9,E01006348,6,1,1.0,0.0,-1,6,60,1,1,1,16:24,4,2,5
2023131355027,2023,131355027,2,2,2,2,26,6,2,0,0,0,0,0,5,8,E01010977,6,1,1.0,0.0,-1,6,60,1,1,1,18:43,5,2,5
202360A109258,2023,60A109258,1,1,1,1,42,7,1,0,0,0,0,0,5,-1,-1,-1,0,0.0,0.0,-1,6,30,1,1,1,20:05,3,1,5
2023031387914,2023,031387914,1,2,1,1,54,8,3,0,0,0,0,0,9,4,E01019389,3,1,0.0,1.0,-1,6,30,1,6,1,18:28,4,2,9
2023201287493,2023,201287493,2,1,1,1,26,6,3,0,0,0,0,0,9,2,E01010104,3,1,0.0,1.0,-1,6,30,1,1,1,15:00,7,2,9
2023351293995,2023,351293995,2,4,2,2,20,4,3,0,0,1,0,0,9,6,E01029951,3,1,0.0,1.0,-1,6,60,1,6,1,19:24,3,2,9
2023141373751,2023,141373751,1,1,2,1,35,6,3,0,0,2,0,0,9,-1,-1,3,1,0.0,1.0,-1,6,30,2,4,2,02:50,2,1,9
2023361355440,2023,361355440,2,1,1,1,24,5,2,0,0,0,0,0,9,1,E01026597,5,1,1.0,0.0,-1,6,60,1,6,1,23:30,7,2,9
2023440031727,2023,440031727,1,1,1,2,61,9,2,0,0,0,0,0,9,6,E01022520,-1,0,1.0,0.0,-1,1,50,1,1,1,12:42,3,2,9
2023010482338,2023,010482338,2,1,1,1,46,8,3,0,0,0,0,0,1,4,E01000570,-1,0,0.0,1.0,-1,6,20,1,1,1,07:45,4,2,1
2023041299128,2023,041299128,1,1,1,1,58,9,2,0,0,0,0,0,3,4,E01025335,6,1,1.0,0.0,-1,6,60,1,1,1,18:06,5,1,3
2023461375284,2023,461375284,2,1,1,1,43,7,3,0,0,0,0,0,9,1,E01024678,3,1,0.0,1.0,-1,6,30,1,4,1,06:54,5,2,9
2023631391500,2023,631391500,2,2,1,2,59,9,2,0,0,0,0,0,9,6,W01000701,6,1,1.0,0.0,-1,6,40,1,6,1,16:45,6,2,9
2023421389946,2023,421389946,1,2,3,1,75,10,2,9,8,0,0,0,0,10,E01021570,5,1,1.0,0.0,-1,2,20,1,6,2,21:35,2,1,9
2023311312690,2023,311312690,1,1,1,1,20,4,2,0,0,0,0,0,5,9,E01013985,5,1,1.0,0.0,-1,3,70,9,1,1,19:30,1,1,5
2023440268699,2023,440268699,1,1,1,1,60,9,2,0,0,0,0,0,5,9,E01022611,-1,0,1.0,0.0,-1,6,40,1,1,1,08:55,4,2,5
2023201279081,2023,201279081,2,2,1,1,61,9,3,0,0,0,0,0,9,5,E01010069,3,1,0.0,1.0,-1,6,30,2,7,2,18:07,5,2,9
2023302300745,2023,302300745,1,2,2,1,28,6,3,0,0,1,0,0,9,4,E01013515,-1,0,0.08449,0.91551,-1,7,30,1,4,1,22:00,1,1,9
2023052301118,2023,052301118,1,1,1,1,14,3,3,0,0,0,0,0,1,1,E01007179,-1,0,0.13548,0.86452,-1,6,30,1,1,1,08:33,4,2,1
2023010477542,2023,010477542,2,1,2,2,34,6,3,0,0,1,0,0,9,4,E01002016,-1,0,0.0,1.0,-1,6,20,2,4,2,17:50,1,2,9
2023122300836,2023,122300836,3,3,1,1,40,7,3,0,0,0,0,0,9,5,E01027828,-1,0,0.05892,0.94108,-1,6,40,1,1,1,11:30,6,3,9
2023131305691,2023,131305691,2,1,1,2,29,6,3,0,0,0,0,0,9,3,E01010847,3,1,0.0,1.0,-1,6,30,1,1,1,11:59,3,2,9
2023401347193,2023,401347193,1,1,1,1,49,8,3,0,0,0,0,0,9,-1,-1,3,1,0.0,1.0,-1,3,30,1,1,1,01:20,7,3,9
2023430047064,2023,430047064,1,1,2,1,26,6,3,0,0,0,0,0,19,5,E01028538,-1,0,0.02481,0.97519,-1,6,60,7,6,1,07:05,4,1,19
2023302301949,2023,302301949,2,1,1,1,27,6,3,0,0,0,0,0,3,2,E01013569,-1,0,0.14542,0.85458,-1,6,30,1,4,1,17:15,1,2,3
2023052302836,2023,052302836,2,1,2,2,65,9,3,0,0,1,0,0,9,3,E01006575,-1,0,0.02132,0.97868,-1,3,30,1,1,2,14:30,2,2,9
2023101307609,2023,101307609,1,1,1,2,59,9,3,0,0,0,0,0,9,9,E01008311,3,1,0.0,1.0,-1,6,30,1,1,1,11:45,2,2,9
2023340NN0622,2023,340NN0622,1,1,2,2,17,4,3,0,0,1,0,0,9,1,E01027127,-1,0,0.08503,0.91497,-1,6,30,1,4,2,22:45,7,1,9
2023340WN2232,2023,340WN2232,2,1,1,2,32,6,3,0,0,0,0,0,9,7,E01027202,-1,0,0.00304,0.99696,-1,6,30,1,1,1,13:26,3,2,9
2023471311189,2023,471311189,1,1,1,1,21,5,3,0,0,0,0,0,9,6,E01017092,3,1,0.0,1.0,-1,6,60,1,6,1,21:58,7,1,9
2023501287386,2023,501287386,1,1,1,2,71,10,3,0,0,0,0,0,9,4,E01018861,3,1,0.0,1.0,-1,3,70,5,1,2,08:37,5,1,9
2023991259586,2023,991259586,1,1,2,1,17,4,3,0,0,1,0,0,9,9,-1,3,1,0.0,1.0,-1,6,30,1,1,4,11:20,2,1,9
2023991333918,2023,991333918,2,3,2,2,25,5,3,0,0,1,0,0,9,6,-1,3,1,0.0,1.0,-1,6,60,1,1,1,13:55,7,2,9
2023111392324,2023,111392324,1,1,3,2,43,7,3,1,3,0,0,0,0,2,E01020820,3,1,0.0,1.0,-1,6,30,1,1,2,15:20,5,1,9
2023991282056,2023,991282056,1,1,1,2,19,4,2,0,0,0,0,0,1,9,E01021229,7,1,1.0,0.0,-1,6,20,1,4,1,02:03,5,1,1
2023340WN6072,2023,340WN6072,1,1,1,1,17,4,3,0,0,0,0,0,3,7,E01027216,-1,0,0.18678,0.81322,-1,7,50,1,1,1,13:25,2,2,3
2023010421697,2023,010421697,1,1,2,2,-1,-1,3,0,0,2,0,0,9,9,E01017147,-1,0,0.0,1.0,-1,6,50,1,1,1,08:49,6,1,9
2023332300198,2023,332300198,1,1,2,1,26,6,1,0,0,1,0,0,9,6,E01025683,-1,0,0.0,0.0,-1,6,40,1,1,2,10:20,7,1,9
2023421275847,2023,421275847,2,2,2,2,29,6,3,0,0,1,0,0,9,6,E01021761,3,1,0.0,1.0,-1,6,30,1,1,1,13:50,7,2,9
2023141279387,2023,141279387,1,1,3,2,17,4,2,8,9,0,0,0,0,5,E01007331,7,1,1.0,0.0,-1,6,30,1,1,1,11:40,4,1,9
2023991374192,2023,991374192,2,1,1,2,20,4,3,0,0,0,0,0,1,-1,-1,3,1,0.0,1.0,-1,6,30,2,4,2,18:26,4,2,1
2023010471577,2023,010471577,1,1,3,1,28,6,2,1,3,0,0,0,0,9,E01004555,-1,0,1.0,0.0,-1,6,20,2,1,2,10:15,5,1,9
2023041272483,2023,041272483,1,1,3,1,30,6,3,8,9,0,0,0,0,3,E01012658,3,1,0.0,1.0,-1,6,30,1,4,1,17:45,7,1,9
2023041378748,2023,041378748,1,1,3,1,19,4,2,5,1,0,0,1,0,1,E01025295,6,1,1.0,0.0,-1,3,30,1,5,4,05:06,7,1,9
2023211341229,2023,211341229,2,1,1,1,-1,-1,3,0,0,0,0,0,1,-1,-1,3,1,0.0,1.0,-1,6,30,1,4,1,21:25,7,2,1
2023010430685,2023,010430685,1,1,1,2,33,6,3,0,0,0,0,0,9,8,E01000426,-1,0,0.0,1.0,-1,6,30,2,1,2,15:45,2,2,9
2023131280479,2023,131280479,1,1,1,1,21,5,3,0,0,0,0,0,9,1,E01010802,3,1,0.0,1.0,-1,3,40,1,4,2,18:08,7,2,9
2023141366475,2023,141366475,2,1,1,2,77,11,3,0,0,0,0,0,9,7,E01007814,3,1,0.0,1.0,-1,6,20,1,1,1,11:40,3,2,9
2023531309060,2023,531309060,1,2,2,1,45,7,3,0,0,1,0,0,9,8,E01022352,3,1,0.0,1.0,-1,6,20,1,6,1,21:45,5,1,9
2023231281806,2023,231281806,2,5,2,1,26,6,2,0,0,0,0,0,21,1,E01031116,7,1,1.0,0.0,-1,6,60,1,1,1,12:34,5,2,21
2023201389880,2023,201389880,1,1,3,1,37,7,3,9,8,0,0,2,0,4,E01010510,3,1,0.0,1.0,-1,6,30,1,7,1,00:30,7,1,9
2023101378768,2023,101378768,1,1,1,1,28,6,2,0,0,0,0,0,3,3,E01008217,5,1,1.0,0.0,-1,7,60,1,4,1,05:27,7,1,3
2023461302677,2023,461302677,2,1,1,1,44,7,3,0,0,0,0,0,3,2,E01024315,3,1,0.0,1.0,-1,6,30,1,1,1,14:47,3,2,3
2023421383454,2023,421383454,2,1,1,1,18,4,2,0,0,0,0,0,4,7,E01021655,7,1,1.0,0.0,-1,6,60,1,1,2,10:47,4,2,4
2023131278365,2023,131278365,2,1,1,1,20,4,3,0,0,0,0,0,1,7,E01010638,3,1,0.0,1.0,-1,6,20,4,1,1,11:58,2,2,1
2023531273002,2023,531273002,2,1,1,1,50,8,3,0,0,0,0,0,1,5,E01022312,3,1,0.0,1.0,-1,3,50,1,1,2,08:18,2,4,1
2023010476940,2023,010476940,1,1,1,1,27,6,3,0,0,0,0,0,3,2,E01001257,-1,0,0.0,1.0,-1,6,30,1,4,2,17:15,5,2,3
2023031384656,2023,031384656,1,1,1,1,52,8,3,0,0,0,0,0,9,-1,-1,3,1,0.0,1.0,-1,6,30,2,4,2,06:40,7,2,9
2023111396599,2023,111396599,2,3,2,1,30,6,3,0,0,1,0,0,9,-1,-1,3,1,0.0,1.0,-1,6,30,1,4,1,18:01,5,2,9
2023131358702,2023,131358702,2,1,1,1,49,8,3,0,0,0,0,0,9,1,E01010966,3,1,0.0,1.0,-1,6,30,2,5,2,22:17,2,2,9
2023010440195,2023,010440195,1,1,1,-1,33,6,3,0,0,0,0,0,1,7,E01004508,-1,0,0.0,1.0,-1,3,20,1,1,1,16:05,7,2,1
2023010444917,2023,010444917,1,1,1,2,48,8,3,0,0,0,0,0,9,2,E01004524,-1,0,0.0,1.0,-1,6,30,8,4,1,22:10,4,2,9
2023141338331,2023,141338331,1,3,2,1,11,3,2,0,0,2,0,0,9,2,E01007726,5,1,1.0,0.0,-1,6,30,1,4,1,21:57,6,4,9
2023501342597,2023,501342597,1,1,2,2,19,4,3,0,0,1,0,0,9,6,E01020154,3,1,0.0,1.0,-1,6,60,7,1,1,06:10,5,1,9
2023320498808,2023,320498808,1,1,1,1,20,4,3,0,0,0,0,0,9,3,E01026064,-1,0,0.09579,0.90421,-1,6,30,1,4,1,01:30,7,1,9
2023552301154,2023,552301154,2,1,2,2,72,10,3,0,0,1,0,0,9,2,E01015312,-1,0,0.00943,0.99057,-1,6,30,2,1,2,10:15,1,3,9
2023991332935,2023,991332935,2,1,1,1,50,8,3,0,0,0,0,0,9,7,-1,3,1,0.0,1.0,-1,6,40,1,1,1,11:50,5,2,9