collision_index,collision_year,collision_ref_no,vehicle_reference,casualty_reference,casualty_class,sex_of_casualty,age_of_casualty,age_band_of_casualty,casualty_severity,pedestrian_location,pedestrian_movement,car_passenger,bus_or_coach_passenger,pedestrian_road_maintenance_worker,casualty_type,casualty_imd_decile,lsoa_of_casualty,enhanced_casualty_severity,casualty_injury_based,casualty_adjusted_severity_serious,casualty_adjusted_severity_slight,casualty_distance_banding,road_type,speed_limit,weather_conditions,light_conditions,road_surface_conditions,time,day_of_week,number_of_vehicles,vehicle_type
2023010430798,2023,010430798,2,2,2,-1,-1,-1,3,0,0,1,0,0,9,1,E01001426,-1,0,0.0,1.0,-1,6,20,1,1,1,09:04,3,2,9
2023991311115,2023,991311115,1,1,3,1,2,1,3,1,1,0,0,0,0,6,-1,3,1,0.0,1.0,-1,6,30,1,1,1,17:30,4,1,9
2023010478898,2023,010478898,1,1,1,1,43,7,3,0,0,0,0,0,8,3,E01001192,-1,0,0.0,1.0,-1,2,20,1,4,1,00:45,1,3,8
2023302300487,2023,302300487,1,1,1,1,21,5,2,0,0,0,0,0,9,2,E01027976,-1,0,1.0,0.0,-1,6,60,1,1,1,13:02,6,2,9
2023361375883,2023,361375883,1,1,1,1,20,4,3,0,0,0,0,0,9,5,E01026727,3,1,0.0,1.0,-1,6,60,1,1,1,13:45,6,3,9
2023501387719,2023,501387719,1,1,1,1,55,8,3,0,0,0,0,0,9,6,E01015200,3,1,0.0,1.0,-1,6,30,2,1,2,10:46,4,2,9
2023131321972,2023,131321972,2,1,1,1,59,9,2,0,0,0,0,0,1,10,E01010954,7,1,1.0,0.0,-1,3,40,1,1,1,10:57,6,2,1
2023010445866,2023,010445866,1,1,1,1,39,7,3,0,0,0,0,0,5,-1,-1,-1,0,0.0,1.0,-1,6,20,1,4,1,22:00,1,2,5
2023531346983,2023,531346983,1,1,1,1,24,5,1,0,0,0,0,0,5,2,E01022458,1,1,0.0,0.0,-1,6,40,1,1,1,15:50,4,2,5
2023302300640,2023,302300640,1,1,1,1,19,4,3,0,0,0,0,0,9,3,E01013554,-1,0,0.11445,0.88555,-1,6,60,1,1,1,08:50,5,1,9
2023302301399,2023,302301399,1,2,1,2,36,7,3,0,0,0,0,0,9,4,E01019544,-1,0,0.04164,0.95836,-1,6,30,1,1,1,15:45,7,2,9
2023061366664,2023,061366664,1,1,3,1,51,8,2,5,1,0,0,0,0,-1,-1,5,1,1.0,0.0,-1,6,30,1,4,1,21:25,3,1,9
2023010437789,2023,010437789,1,1,1,1,28,6,3,0,0,0,0,0,1,3,E01004328,-1,0,0.0,1.0,-1,9,30,8,4,2,22:30,6,2,1
2023101313052,2023,101313052,1,4,2,2,19,4,2,0,0,1,0,0,9,4,E01008468,6,1,1.0,0.0,-1,6,60,1,1,1,12:40,1,2,9
2023361291437,2023,361291437,2,1,2,2,69,10,3,0,0,1,0,0,9,8,E01026930,3,1,0.0,1.0,-1,6,60,2,1,2,16:15,3,2,9
2023501353363,2023,501353363,1,1,1,2,20,4,3,0,0,0,0,0,9,5,E01019923,3,1,0.0,1.0,-1,6,40,1,4,2,21:20,1,1,9
2023061318766,2023,061318766,1,1,1,1,27,6,1,0,0,0,0,0,5,1,E01004841,1,1,0.0,0.0,-1,3,30,1,4,1,23:52,3,1,5
2023122301260,2023,122301260,1,1,3,1,61,9,3,10,3,0,0,0,0,5,E01027613,-1,0,0.05526,0.94474,-1,6,20,1,1,1,15:26,6,1,19
2023501285285,2023,501285285,1,1,3,2,11,3,3,5,1,0,0,0,0,3,E01019053,3,1,0.0,1.0,-1,6,30,1,5,2,08:30,2,1,19
2023201388682,2023,201388682,1,1,3,2,15,3,3,1,1,0,0,0,0,2,E01009744,3,1,0.0,1.0,-1,3,30,4,4,1,20:30,7,1,8
2023440373670,2023,440373670,1,1,1,2,30,6,2,0,0,0,0,0,1,9,E01022639,-1,0,1.0,0.0,-1,6,30,1,1,1,15:30,4,2,1
2023440363166,2023,440363166,1,1,1,1,34,6,2,0,0,0,0,0,5,2,E01015280,-1,0,1.0,0.0,-1,6,40,1,6,1,21:12,4,1,5
2023371370354,2023,371370354,2,1,1,1,38,7,3,0,0,0,0,0,1,1,E01033129,3,1,0.0,1.0,-1,6,30,1,4,1,06:15,6,2,1
2023320351028,2023,320351028,4,1,1,1,33,6,3,0,0,0,0,0,9,10,E01026204,-1,0,0.03909,0.96091,-1,6,60,1,1,1,16:15,5,5,9
2023430140272,2023,430140272,1,1,1,1,34,6,2,0,0,0,0,0,9,-1,-1,-1,0,1.0,0.0,-1,3,70,2,1,2,14:12,5,1,9
2023451264051,2023,451264051,1,1,1,1,20,4,2,0,0,0,0,0,9,8,E01030622,7,1,1.0,0.0,-1,6,40,8,6,4,20:00,2,1,9
2023531339622,2023,531339622,2,1,1,1,80,11,3,0,0,0,0,0,9,8,E01022413,3,1,0.0,1.0,-1,6,60,1,1,1,20:05,5,2,9
2023991301765,2023,991301765,1,1,1,1,35,6,1,0,0,0,0,0,9,4,-1,1,1,0.0,0.0,-1,6,40,2,1,2,16:30,5,2,9
2023552301308,2023,552301308,1,1,3,1,36,7,2,5,1,0,0,0,0,5,E01032660,-1,0,1.0,0.0,-1,6,20,1,1,2,13:00,2,1,19
2023010425034,2023,010425034,1,1,1,2,29,6,3,0,0,0,0,0,1,2,E01004306,-1,0,0.0,1.0,-1,6,20,1,4,1,22:15,5,2,1
2023361289651,2023,361289651,1,1,1,1,30,6,3,0,0,0,0,0,4,1,E01026603,3,1,0.0,1.0,-1,7,50,1,1,1,15:19,4,2,4
2023101383864,2023,101383864,2,3,2,2,12,3,2,0,0,2,0,0,9,7,E01008313,7,1,1.0,0.0,-1,6,30,1,1,4,12:25,1,2,9
2023231264501,2023,231264501,2,2,1,1,33,6,3,0,0,0,0,0,9,1,E01013675,3,1,0.0,1.0,-1,6,60,1,6,1,18:30,6,2,9
2023471270460,2023,471270460,1,1,3,1,28,6,3,6,9,0,0,0,0,8,E01021221,3,1,0.0,1.0,-1,6,30,9,7,1,17:22,1,1,11
2023201289836,2023,201289836,1,1,2,2,67,10,3,0,0,1,0,0,9,2,E01010299,3,1,0.0,1.0,-1,6,20,1,4,1,20:10,2,3,9
2023451292256,2023,451292256,1,1,1,1,64,9,3,0,0,0,0,0,9,4,E01003559,3,1,0.0,1.0,-1,3,70,5,4,2,04:45,6,1,9
2023041272204,2023,041272204,2,1,1,1,20,4,2,0,0,0,0,0,9,6,E01025026,7,1,1.0,0.0,-1,6,40,1,6,1,22:13,6,2,9
2023991362619,2023,991362619,1,2,2,1,27,6,3,0,0,1,0,0,9,-1,-1,3,1,0.0,1.0,-1,6,60,1,6,1,19:20,5,1,9
2023302301668,2023,302301668,1,1,1,1,17,4,3,0,0,0,0,0,3,2,E01019556,-1,0,0.09307,0.90693,-1,6,30,1,1,2,11:28,2,2,3
2023311368855,2023,311368855,1,1,3,1,62,9,2,5,9,0,0,0,0,2,E01028284,5,1,1.0,0.0,-1,6,30,1,1,1,17:30,7,1,9
2023320488380,2023,320488380,2,1,1,1,7,2,3,0,0,0,0,0,1,10,E01026359,-1,0,0.08384,0.91616,-1,6,30,1,1,1,17:15,6,2,1
2023010456341,2023,010456341,1,1,1,1,19,4,3,0,0,0,0,0,3,2,E01033148,-1,0,0.0,1.0,-1,9,20,1,1,1,14:10,2,2,3
2023010461820,2023,010461820,1,1,1,1,34,6,3,0,0,0,0,0,3,3,E01033464,-1,0,0.0,1.0,-1,7,20,1,4,1,20:30,2,2,3
2023101375128,2023,101375128,2,1,1,2,18,4,3,0,0,0,0,0,9,3,E01027530,3,1,0.0,1.0,-1,1,30,1,4,2,23:15,4,2,9
2023501353874,2023,501353874,2,1,1,1,76,11,3,0,0,0,0,0,9,8,E01020080,3,1,0.0,1.0,-1,1,60,1,1,1,14:58,2,2,9
2023631371778,2023,631371778,1,1,1,1,31,6,3,0,0,0,0,0,9,3,E01010512,3,1,0.0,1.0,-1,6,60,1,1,1,04:20,3,1,9
2023471369903,2023,471369903,1,1,1,1,48,8,3,0,0,0,0,0,19,5,E01003217,3,1,0.0,1.0,-1,6,60,5,1,2,07:25,5,1,19
2023430546937,2023,430546937,1,1,2,2,6,2,3,0,0,0,0,0,-1,3,E01016804,-1,0,0.08783,0.91217,-1,6,30,1,1,1,08:45,4,2,-1
2023061285225,2023,061285225,2,1,1,1,48,8,3,0,0,0,0,0,1,1,E01005097,3,1,0.0,1.0,-1,6,30,2,4,2,23:10,1,2,1
2023010480060,2023,010480060,2,1,1,1,47,8,3,0,0,0,0,0,9,2,E01004226,-1,0,0.0,1.0,-1,3,50,1,1,1,11:11,7,3,9
2023161290235,2023,161290235,2,1,1,1,30,6,3,0,0,0,0,0,9,1,E01012876,3,1,0.0,1.0,-1,6,30,1,1,1,14:15,6,2,9
2023430338120,2023,430338120,1,1,1,2,28,6,3,0,0,0,0,0,9,10,E01017883,-1,0,0.01065,0.98935,-1,6,30,1,1,1,17:00,7,2,9
2023010462234,2023,010462234,1,1,1,1,31,6,3,0,0,0,0,0,20,4,E01003448,-1,0,0.0,1.0,-1,7,30,2,1,2,15:25,5,2,20
2023070529734,2023,070529734,2,1,2,2,30,6,3,0,0,1,0,0,9,9,E01012376,-1,0,0.00528,0.99472,-1,3,30,1,1,1,18:20,7,2,9
2023340WN1522,2023,340WN1522,2,1,1,1,41,7,3,0,0,0,0,0,9,-1,-1,-1,0,0.05518,0.94482,-1,3,70,1,6,2,05:50,4,2,9
2023991378922,2023,991378922,2,2,2,2,60,9,3,0,0,1,0,0,9,-1,-1,3,1,0.0,1.0,-1,3,30,1,4,1,20:15,3,2,9
2023991386544,2023,991386544,1,1,1,2,30,6,3,0,0,0,0,0,9,2,-1,3,1,0.0,1.0,-1,6,30,1,1,2,09:10,2,2,9
2023421291066,2023,421291066,2,3,1,1,50,8,3,0,0,0,0,0,9,7,E01015979,3,1,0.0,1.0,-1,6,40,1,1,1,15:46,2,2,9
2023471363927,2023,471363927,2,1,1,1,23,5,3,0,0,0,0,0,9,9,E01031622,3,1,0.0,1.0,-1,6,30,1,1,1,13:20,6,3,9
2023991269956,2023,991269956,2,3,2,2,70,10,3,0,0,1,0,0,9,3,-1,3,1,0.0,1.0,-1,6,30,1,1,2,15:50,2,2,9
2023031375806,2023,031375806,1,1,1,1,41,7,3,0,0,0,0,0,19,-1,-1,3,1,0.0,1.0,-1,6,60,1,1,1,10:24,6,5,19
2023131261404,2023,131261404,1,1,3,1,53,8,3,8,5,0,0,2,0,1,E01011349,3,1,0.0,1.0,-1,6,30,5,4,2,08:10,3,1,9
2023010441626,2023,010441626,2,3,2,2,56,9,2,0,0,2,0,0,9,10,E01001101,-1,0,1.0,0.0,-1,1,20,1,1,1,11:30,1,2,9
2023061261665,2023,061261665,1,2,2,1,0,1,3,0,0,2,0,0,9,-1,-1,3,1,0.0,1.0,-1,3,40,2,1,2,10:55,3,2,9
2023311262736,2023,311262736,1,1,1,2,38,7,3,0,0,0,0,0,9,8,E01028195,3,1,0.0,1.0,-1,6,30,1,1,2,16:13,2,3,9
2023320355148,2023,320355148,2,2,1,1,49,8,3,0,0,0,0,0,9,7,E01026267,-1,0,0.08862,0.91138,-1,6,60,1,1,1,14:00,7,2,9
2023471262379,2023,471262379,1,1,1,2,37,7,2,0,0,0,0,0,9,9,E01021229,7,1,1.0,0.0,-1,6,60,2,6,2,07:13,5,1,9
2023610035423,2023,610035423,1,1,1,1,22,5,3,0,0,0,0,0,9,3,W01001448,-1,0,0.11053,0.88947,-1,3,70,2,1,2,08:26,6,1,9
2023320470558,2023,320470558,2,2,1,1,33,6,2,0,0,0,0,0,9,5,E01012280,-1,0,1.0,0.0,-1,6,50,1,1,1,12:00,1,2,9
2023471258878,2023,471258878,2,1,1,2,71,10,3,0,0,0,0,0,9,3,E01031400,3,1,0.0,1.0,-1,6,60,1,1,2,15:13,2,3,9
2023101263543,2023,101263543,1,1,3,2,56,9,3,1,1,0,0,0,0,9,E01008680,3,1,0.0,1.0,-1,6,20,4,4,1,17:30,4,1,1
2023201364573,2023,201364573,2,1,1,1,12,3,2,0,0,0,0,0,1,1,E01010294,7,1,1.0,0.0,-1,6,30,1,4,1,08:14,4,2,1
2023351311774,2023,351311774,2,1,1,1,67,10,3,0,0,0,0,0,1,5,E01018226,3,1,0.0,1.0,-1,6,30,1,1,1,18:34,6,2,1
2023332301282,2023,332301282,1,1,3,2,27,6,3,4,3,0,0,0,0,1,E01013754,-1,0,0.04566,0.95434,-1,2,30,1,1,2,12:40,3,1,9
2023311357149,2023,311357149,1,1,3,1,42,7,3,5,1,0,0,0,0,9,E01028355,3,1,0.0,1.0,-1,6,30,8,1,1,08:30,5,1,9
2023010469827,2023,010469827,1,1,1,1,27,6,3,0,0,0,0,0,9,-1,-1,-1,0,0.0,1.0,-1,3,50,1,4,1,01:07,4,2,9
2023101269266,2023,101269266,2,1,1,1,69,10,3,0,0,0,0,0,9,9,E01008556,3,1,0.0,1.0,-1,3,30,1,1,1,09:40,6,2,9
2023161326671,2023,161326671,1,1,2,2,9,2,3,0,0,1,0,0,9,1,E01013162,3,1,0.0,1.0,-1,6,30,1,1,1,11:18,7,2,9
2023421351201,2023,421351201,2,1,1,1,67,10,3,0,0,0,0,0,9,-1,-1,3,1,0.0,1.0,-1,6,60,1,1,1,09:54,2,2,9
2023131268508,2023,131268508,1,1,1,1,48,8,3,0,0,0,0,0,20,1,E01011312,3,1,0.0,1.0,-1,6,30,1,1,1,15:30,5,1,20
2023010431295,2023,010431295,1,1,3,2,36,7,3,5,1,0,0,0,0,6,E01001207,-1,0,0.0,1.0,-1,6,20,2,4,2,19:55,5,1,9
2023131308082,2023,131308082,1,1,3,1,40,7,3,5,1,0,0,2,0,5,E01011855,3,1,0.0,1.0,-1,6,30,1,1,1,16:25,3,1,9
2023991349002,2023,991349002,2,1,1,1,31,6,3,0,0,0,0,0,9,4,-1,3,1,0.0,1.0,-1,3,30,9,4,1,23:30,4,2,9
2023061370951,2023,061370951,1,1,3,1,48,8,2,6,9,0,0,0,0,-1,-1,6,1,1.0,0.0,-1,6,30,2,4,2,18:25,7,5,9
2023131361757,2023,131361757,1,1,3,1,11,3,2,1,3,0,0,2,0,2,E01011618,7,1,1.0,0.0,-1,9,30,1,1,1,08:30,3,1,9
2023131273577,2023,131273577,1,1,1,1,28,6,3,0,0,0,0,0,9,2,E01010619,3,1,0.0,1.0,-1,6,30,1,4,1,04:07,3,2,9
2023371362007,2023,371362007,1,2,1,2,69,10,3,0,0,0,0,0,9,10,E01030166,3,1,0.0,1.0,-1,6,30,1,1,1,13:30,1,2,9
2023540413823,2023,540413823,2,1,1,1,60,9,3,0,0,0,0,0,9,9,E01032069,-1,0,0.03718,0.96282,-1,6,30,1,4,2,19:19,5,2,9
2023991325073,2023,991325073,2,2,2,2,14,3,3,0,0,2,0,0,9,3,-1,3,1,0.0,1.0,-1,6,30,1,5,2,18:50,1,2,9
2023991313039,2023,991313039,2,2,2,2,14,3,3,0,0,0,4,0,11,-1,-1,3,1,0.0,1.0,-1,3,30,1,1,1,16:20,3,2,11
2023052301699,2023,052301699,1,1,1,1,40,7,2,0,0,0,0,0,-1,1,E01006673,-1,0,1.0,0.0,-1,6,30,1,1,2,18:05,6,2,-1
2023340WN3882,2023,340WN3882,2,1,1,1,30,6,3,0,0,0,0,0,-1,5,E01003110,-1,0,0.10219,0.89781,-1,1,30,1,1,1,16:52,5,2,-1
2023010483874,2023,010483874,1,1,3,2,12,3,3,9,9,0,0,0,0,7,E01002338,-1,0,0.0,1.0,-1,3,50,2,4,2,07:27,4,1,11
2023010422169,2023,010422169,1,1,1,1,48,8,3,0,0,0,0,0,1,6,E01004497,-1,0,0.0,1.0,-1,2,20,1,1,1,15:20,4,2,1
2023010439466,2023,010439466,2,1,1,2,37,7,2,0,0,0,0,0,1,9,E01004604,-1,0,1.0,0.0,-1,6,20,1,1,1,17:39,3,2,1
2023010472805,2023,010472805,2,1,1,1,54,8,3,0,0,0,0,0,1,9,E01001993,-1,0,0.0,1.0,-1,1,30,3,1,2,07:02,5,2,1
2023010445022,2023,010445022,2,1,1,2,38,7,3,0,0,0,0,0,2,9,E01000455,-1,0,0.0,1.0,-1,2,30,1,1,1,09:50,5,2,2
2023340WN6112,2023,340WN6112,2,1,1,1,22,5,3,0,0,0,0,0,5,7,E01027004,-1,0,0.19489,0.80511,-1,6,50,1,6,1,19:00,3,2,5
2023201327819,2023,201327819,2,2,2,2,52,8,3,0,0,1,0,0,9,1,E01010423,3,1,0.0,1.0,-1,3,40,1,1,1,12:15,4,2,9
2023401360183,2023,401360183,2,2,1,1,23,5,3,0,0,0,0,0,9,-1,-1,3,1,0.0,1.0,-1,6,30,2,4,2,19:58,3,2,9
2023430022333,2023,430022333,2,2,1,1,45,7,3,0,0,0,0,0,9,7,E01023835,-1,0,0.05569,0.94431,-1,6,40,2,4,2,06:50,2,2,9
2023991299443,2023,991299443,2,2,1,1,38,7,3,0,0,0,0,0,9,6,-1,3,1,0.0,1.0,-1,1,40,1,1,1,10:50,6,2,9
2023010453578,2023,010453578,1,1,1,2,23,5,3,0,0,0,0,0,9,3,E01003603,-1,0,0.0,1.0,-1,1,20,1,1,2,17:25,7,2,9
2023161337659,2023,161337659,2,2,1,2,28,6,3,0,0,0,0,0,9,1,E01012894,3,1,0.0,1.0,-1,6,20,2,1,2,19:00,4,2,9
2023201304371,2023,201304371,1,1,1,1,20,4,3,0,0,0,0,0,9,-1,-1,3,1,0.0,1.0,-1,6,30,1,4,1,20:00,5,3,9
2023320743032,2023,320743032,2,1,1,2,30,6,3,0,0,0,0,0,9,9,E01026231,-1,0,0.00784,0.99216,-1,6,30,8,1,1,12:00,7,2,9
2023131380135,2023,131380135,2,1,1,1,50,8,2,0,0,0,0,0,1,8,E01011938,7,1,1.0,0.0,-1,6,30,1,1,1,21:38,4,2,1
2023010439319,2023,010439319,1,1,3,2,12,3,3,1,1,0,0,0,0,2,E01002799,-1,0,0.0,1.0,-1,3,20,1,1,1,07:25,3,1,11
2023311384006,2023,311384006,1,2,3,1,19,4,3,4,1,0,0,0,0,-1,-1,3,1,0.0,1.0,-1,2,30,1,4,1,21:18,2,1,9
2023451353405,2023,451353405,1,1,3,1,35,6,2,7,1,0,0,0,0,7,E01030968,7,1,1.0,0.0,-1,6,30,1,1,1,19:33,2,1,9
2023451368001,2023,451368001,1,1,3,1,40,7,3,10,1,0,0,0,0,-1,-1,3,1,0.0,1.0,-1,6,30,1,7,1,18:45,6,1,9
2023401328717,2023,401328717,2,2,1,2,70,10,3,0,0,0,0,0,9,10,E01017632,3,1,0.0,1.0,-1,6,30,1,1,1,16:20,3,2,9
2023320781358,2023,320781358,2,1,1,1,30,6,3,0,0,0,0,0,90,1,E01026149,-1,0,0.12198,0.87802,-1,6,30,1,4,1,00:12,5,2,90
2023010464930,2023,010464930,1,1,1,1,29,6,3,0,0,0,0,0,3,6,E01001494,-1,0,0.0,1.0,-1,3,30,1,1,1,20:30,5,2,3
2023010481733,2023,010481733,1,1,1,2,38,7,3,0,0,0,0,0,9,5,E01003700,-1,0,0.0,1.0,-1,6,30,2,1,2,15:55,1,2,9
2023141299531,2023,141299531,1,2,2,1,6,2,3,0,0,2,0,0,9,3,E01007635,3,1,0.0,1.0,-1,6,60,1,1,1,17:29,6,2,9
2023201276964,2023,201276964,1,3,2,1,24,5,3,0,0,2,0,0,9,5,E01009187,3,1,0.0,1.0,-1,2,30,2,4,2,23:22,7,2,9
2023531332353,2023,531332353,2,1,2,2,17,4,2,0,0,1,0,0,9,7,E01015583,5,1,1.0,0.0,-1,6,60,2,1,1,16:30,7,2,9
2023201275981,2023,201275981,1,1,3,2,14,3,3,1,4,0,0,0,0,1,E01009564,3,1,0.0,1.0,-1,6,30,1,1,1,08:45,2,1,9
2023991304757,2023,991304757,1,1,3,2,7,2,3,1,3,0,0,0,0,1,-1,3,1,0.0,1.0,-1,6,30,1,1,1,18:15,7,1,9
2023041378967,2023,041378967,1,3,2,1,19,4,2,0,0,2,0,0,9,1,E01012577,5,1,1.0,0.0,-1,3,50,1,4,1,18:40,7,2,9
2023421294798,2023,421294798,1,2,1,1,43,7,3,0,0,0,0,0,9,3,E01021303,3,1,0.0,1.0,-1,6,30,1,1,1,13:28,7,2,9
2023061281159,2023,061281159,2,1,1,1,48,8,3,0,0,0,0,0,1,6,E01005620,3,1,0.0,1.0,-1,6,30,1,4,1,17:50,7,3,1
2023131306996,2023,131306996,2,1,2,2,66,10,3,0,0,1,0,0,9,5,E01011798,3,1,0.0,1.0,-1,6,30,1,1,1,16:28,7,2,9
2023351315993,2023,351315993,2,2,1,1,22,5,3,0,0,0,0,0,9,1,E01015663,3,1,0.0,1.0,-1,6,30,1,4,1,22:56,6,2,9
2023131390269,2023,131390269,1,1,3,2,44,7,3,5,1,0,0,2,0,3,E01011920,3,1,0.0,1.0,-1,6,30,1,4,1,17:35,2,1,9
2023061349550,2023,061349550,1,1,1,1,31,6,2,0,0,0,0,0,3,-1,-1,7,1,1.0,0.0,-1,6,20,1,1,1,17:52,3,2,3
2023231396192,2023,231396192,1,1,1,1,27,6,3,0,0,0,0,0,4,8,E01025771,3,1,0.0,1.0,-1,1,20,2,1,2,15:52,2,1,4
2023161317819,2023,161317819,1,1,2,1,9,2,3,0,0,0,0,0,19,-1,-1,3,1,0.0,1.0,-1,6,30,1,1,1,13:30,1,3,19
2023041352924,2023,041352924,2,1,1,1,17,4,3,0,0,0,0,0,9,1,E01025067,3,1,0.0,1.0,-1,6,30,1,1,1,16:21,3,2,9
2023061393786,2023,061393786,2,1,2,2,31,6,3,0,0,1,0,0,9,8,E01006378,3,1,0.0,1.0,-1,3,70,2,4,2,21:50,1,2,9
2023221359860,2023,221359860,1,1,2,1,22,5,3,0,0,1,0,0,9,3,E01009086,3,1,0.0,1.0,-1,6,60,2,6,2,21:59,2,1,9
2023311379677,2023,311379677,1,1,1,1,24,5,3,0,0,0,0,0,9,6,E01025690,3,1,0.0,1.0,-1,6,60,2,6,2,20:50,2,1,9
2023451274541,2023,451274541,1,1,1,1,18,4,3,0,0,0,0,0,9,10,E01030948,3,1,0.0,1.0,-1,6,30,1,6,2,18:58,5,2,9
2023010440179,2023,010440179,1,1,1,1,24,5,3,0,0,0,0,0,1,4,E01003031,-1,0,0.0,1.0,-1,6,30,1,1,9,17:00,6,2,1
2023471283256,2023,471283256,1,1,1,2,80,11,2,0,0,0,0,0,9,10,E01031748,5,1,1.0,0.0,-1,1,30,1,1,1,11:52,5,1,9
2023531357067,2023,531357067,1,2,1,2,39,7,2,0,0,0,0,0,9,7,E01022252,7,1,1.0,0.0,-1,6,50,1,1,1,13:25,2,4,9
2023010456395,2023,010456395,1,1,3,1,40,7,3,1,1,0,0,0,0,4,E01001739,-1,0,0.0,1.0,-1,6,20,1,1,1,20:57,5,1,9
2023141284508,2023,141284508,2,1,1,1,53,8,2,0,0,0,0,0,9,-1,-1,7,1,1.0,0.0,-1,3,30,1,1,1,08:15,4,3,9
2023010465707,2023,010465707,1,1,3,2,35,6,3,10,9,0,0,0,0,4,E01002594,-1,0,0.0,1.0,-1,6,30,8,1,1,07:15,4,1,2
2023401311403,2023,401311403,1,1,3,1,12,3,3,6,1,0,0,0,0,2,E01015791,3,1,0.0,1.0,-1,6,40,1,1,1,08:10,6,1,8
2023351309901,2023,351309901,2,1,1,2,60,9,3,0,0,0,0,0,9,8,E01018003,3,1,0.0,1.0,-1,6,30,1,1,1,14:48,5,2,9
2023041365739,2023,041365739,1,1,3,2,-1,-1,2,10,9,0,0,2,0,1,E01012655,7,1,1.0,0.0,-1,6,30,1,1,1,15:20,3,1,9
2023471319059,2023,471319059,1,1,1,-1,-1,-1,3,0,0,0,0,0,1,-1,-1,3,1,0.0,1.0,-1,6,30,1,1,1,18:10,3,2,1
2023461351230,2023,461351230,1,2,2,2,34,6,2,0,0,0,0,0,4,-1,-1,5,1,1.0,0.0,-1,1,60,1,1,1,12:26,4,1,4
2023010462553,2023,010462553,1,1,1,1,36,7,3,0,0,0,0,0,5,2,E01002906,-1,0,0.0,1.0,-1,6,30,2,1,2,15:30,7,2,5
2023041381387,2023,041381387,1,1,1,2,90,11,3,0,0,0,0,0,9,9,E01024981,3,1,0.0,1.0,-1,6,30,1,1,1,11:15,5,2,9
2023547968023,2023,547968023,2,1,2,1,15,3,3,0,0,1,0,0,9,-1,-1,-1,0,0.01758,0.98242,-1,6,60,1,1,1,13:14,3,3,9
2023552300921,2023,552300921,1,1,3,2,70,10,3,6,9,0,0,0,0,10,E01015295,-1,0,0.08928,0.91072,-1,6,30,1,1,1,17:00,5,1,-1
2023010453207,2023,010453207,1,1,1,1,26,6,3,0,0,0,0,0,1,5,E01004548,-1,0,0.0,1.0,-1,6,20,2,1,2,17:45,3,2,1
2023010477821,2023,010477821,2,1,1,1,18,4,3,0,0,0,0,0,1,3,E01004411,-1,0,0.0,1.0,-1,6,20,1,4,1,21:50,2,2,1
2023991341196,2023,991341196,1,1,1,1,33,6,2,0,0,0,0,0,3,2,-1,7,1,1.0,0.0,-1,6,60,1,6,1,22:30,3,1,3
2023010450151,2023,010450151,1,1,2,1,-1,-1,3,0,0,1,0,0,9,2,E01003229,-1,0,0.0,1.0,-1,6,30,1,1,1,17:00,1,2,9
2023061269094,2023,061269094,2,1,1,1,26,6,3,0,0,0,0,0,9,1,E01005202,3,1,0.0,1.0,-1,6,30,1,1,1,12:07,6,3,9
2023061337180,2023,061337180,2,1,1,1,31,6,2,0,0,0,0,0,9,1,E01005473,5,1,1.0,0.0,-1,6,30,1,1,1,16:35,2,2,9
2023131361494,2023,131361494,2,1,1,2,43,7,3,0,0,0,0,0,9,1,E01011918,3,1,0.0,1.0,-1,6,30,1,7,1,18:45,2,2,9
2023141327240,2023,141327240,1,2,2,2,54,8,3,0,0,1,0,0,9,7,E01007846,3,1,0.0,1.0,-1,6,30,1,1,1,08:20,7,2,9
2023501328185,2023,501328185,1,1,1,1,17,4,3,0,0,0,0,0,9,6,E01019945,3,1,0.0,1.0,-1,6,60,1,1,2,18:15,6,1,9
2023501393601,2023,501393601,2,1,1,1,42,7,3,0,0,0,0,0,9,3,E01018990,3,1,0.0,1.0,-1,6,60,4,7,2,19:49,1,2,9
2023552301432,2023,552301432,2,1,1,2,35,6,3,0,0,0,0,0,9,2,E01015430,-1,0,0.00733,0.99267,-1,6,30,8,1,1,08:33,4,2,9
2023122400162,2023,122400162,2,1,1,2,37,7,3,0,0,0,0,0,1,9,E01013431,-1,0,0.13932,0.86068,-1,6,40,2,4,2,06:47,5,2,1
2023010451733,2023,010451733,1,1,1,2,39,7,3,0,0,0,0,0,3,4,E01004338,-1,0,0.0,1.0,-1,6,30,1,1,1,13:15,1,2,3
2023010426002,2023,010426002,2,1,1,1,25,5,3,0,0,0,0,0,9,6,E01000582,-1,0,0.0,1.0,-1,2,30,1,1,1,08:50,4,2,9
2023010464128,2023,010464128,1,1,1,1,24,5,3,0,0,0,0,0,9,1,E01033456,-1,0,0.0,1.0,-1,3,40,1,1,1,19:18,2,3,9
2023371358387,2023,371358387,1,1,1,1,33,6,2,0,0,0,0,0,9,5,E01030210,5,1,1.0,0.0,-1,1,60,1,1,1,09:14,6,3,9
2023461321682,2023,461321682,2,1,1,2,28,6,3,0,0,0,0,0,9,8,E01024237,3,1,0.0,1.0,-1,6,60,1,1,2,20:40,1,2,9
2023549903523,2023,549903523,2,3,2,1,40,7,3,0,0,1,0,0,9,-1,-1,-1,0,0.01143,0.98857,-1,1,40,1,1,1,17:02,2,2,9
2023991314651,2023,991314651,2,1,1,1,26,6,2,0,0,0,0,0,9,4,-1,7,1,1.0,0.0,-1,6,30,1,4,1,23:12,7,3,9
2023070285953,2023,070285953,2,1,1,1,41,7,3,0,0,0,0,0,1,8,E01018434,-1,0,0.07846,0.92154,-1,6,30,1,1,1,15:30,3,2,1