collision_index,collision_year,collision_ref_no,vehicle_reference,casualty_reference,casualty_class,sex_of_casualty,age_of_casualty,age_band_of_casualty,casualty_severity,pedestrian_location,pedestrian_movement,car_passenger,bus_or_coach_passenger,pedestrian_road_maintenance_worker,casualty_type,casualty_imd_decile,lsoa_of_casualty,enhanced_casualty_severity,casualty_injury_based,casualty_adjusted_severity_serious,casualty_adjusted_severity_slight,casualty_distance_banding,road_type,speed_limit,weather_conditions,light_conditions,road_surface_conditions,time,day_of_week,number_of_vehicles,vehicle_type
2023201410016,2023,201410016,1,1,1,2,30,6,3,0,0,0,0,0,9,5,E01009765,3,1,0.0,1.0,-1,6,30,1,1,1,07:00,2,2,9
2023411368422,2023,411368422,2,1,2,2,65,9,2,0,0,1,0,0,9,-1,-1,7,1,1.0,0.0,-1,6,30,2,1,2,09:00,6,2,9
2023471341730,2023,471341730,1,1,1,2,59,9,3,0,0,0,0,0,9,9,E01031816,3,1,0.0,1.0,-1,6,30,1,1,1,07:35,3,3,9
2023991360418,2023,991360418,1,1,1,1,29,6,3,0,0,0,0,0,9,4,-1,3,1,0.0,1.0,-1,3,70,2,6,2,20:04,6,1,9
2023991372264,2023,991372264,2,6,2,1,11,3,3,0,0,-1,0,0,9,9,-1,3,1,0.0,1.0,-1,3,70,1,1,1,14:59,4,3,9
2023421390132,2023,421390132,2,1,1,1,37,7,3,0,0,0,0,0,9,10,E01021452,3,1,0.0,1.0,-1,3,70,2,1,2,11:05,3,2,9
2023010461465,2023,010461465,1,1,1,2,42,7,3,0,0,0,0,0,9,8,E01003660,-1,0,0.0,1.0,-1,3,50,1,1,1,14:38,7,2,9
2023010465372,2023,010465372,2,1,2,1,23,5,3,0,0,0,0,0,19,3,E01006217,-1,0,0.0,1.0,-1,3,20,1,1,1,17:09,2,2,19
2023010447510,2023,010447510,1,1,1,1,62,9,3,0,0,0,0,0,1,9,E01004625,-1,0,0.0,1.0,-1,6,20,1,1,1,18:05,3,2,1
2023201340129,2023,201340129,2,1,1,1,48,8,3,0,0,0,0,0,1,2,E01010404,3,1,0.0,1.0,-1,6,30,8,1,1,16:04,5,2,1
2023991330966,2023,991330966,2,1,1,1,28,6,3,0,0,0,0,0,1,5,-1,3,1,0.0,1.0,-1,6,60,1,1,1,19:40,5,2,1
2023031363583,2023,031363583,1,2,2,1,28,6,1,0,0,1,0,0,9,6,E01019336,1,1,0.0,0.0,-1,3,70,1,6,1,19:50,2,1,9
2023061371812,2023,061371812,1,1,1,1,29,6,3,0,0,0,0,0,9,3,E01004874,3,1,0.0,1.0,-1,6,20,2,4,2,05:46,3,2,9
2023520400320,2023,520400320,1,1,1,1,37,7,2,0,0,0,0,0,9,5,E01029167,-1,0,1.0,0.0,-1,6,60,1,6,1,05:11,5,1,9
2023170M10513,2023,170M10513,2,1,1,1,19,4,3,0,0,0,0,0,-1,-1,-1,-1,0,0.12585,0.87415,-1,6,30,1,1,1,06:06,5,2,-1
2023010483906,2023,010483906,1,1,3,2,52,8,3,1,1,0,0,0,0,4,E01024262,-1,0,0.0,1.0,-1,2,20,2,1,2,10:30,6,1,-1
2023111370946,2023,111370946,1,1,3,1,78,11,2,5,3,0,0,0,0,2,E01020618,7,1,1.0,0.0,-1,6,40,2,4,2,20:15,7,1,9
2023610005523,2023,610005523,2,2,1,1,46,8,3,0,0,0,0,0,9,7,W01001594,-1,0,0.10306,0.89694,-1,7,70,1,6,2,19:27,7,2,9
2023010463665,2023,010463665,1,1,1,2,35,6,3,0,0,0,0,0,9,2,E01001361,-1,0,0.0,1.0,-1,1,20,1,1,1,01:00,7,2,9
2023061366404,2023,061366404,2,1,1,1,38,7,3,0,0,0,0,0,9,2,E01005368,3,1,0.0,1.0,-1,3,30,1,1,1,15:40,4,2,9
2023501333775,2023,501333775,1,1,1,1,36,7,3,0,0,0,0,0,9,3,E01019053,3,1,0.0,1.0,-1,6,30,2,1,2,18:51,4,2,9
2023101275129,2023,101275129,1,1,1,2,80,11,3,0,0,0,0,0,9,1,E01008398,3,1,0.0,1.0,-1,6,60,1,1,1,15:10,6,2,9
2023201393560,2023,201393560,1,1,2,1,19,4,3,0,0,2,0,0,9,-1,-1,3,1,0.0,1.0,-1,6,30,1,4,1,21:26,5,1,9
2023311359401,2023,311359401,1,1,1,1,21,5,2,0,0,0,0,0,9,10,E01028136,6,1,1.0,0.0,-1,6,30,1,1,1,09:05,4,2,9
2023991284665,2023,991284665,2,1,1,2,24,5,3,0,0,0,0,0,9,9,-1,3,1,0.0,1.0,-1,3,70,1,1,1,17:35,4,2,9
2023471338318,2023,471338318,2,2,1,2,20,4,3,0,0,0,0,0,9,8,E01031542,3,1,0.0,1.0,-1,6,40,1,1,1,19:45,6,2,9
2023401310020,2023,401310020,2,1,1,1,17,4,3,0,0,0,0,0,-1,3,E01017596,3,1,0.0,1.0,-1,6,30,1,1,1,14:17,5,2,-1
2023010473851,2023,010473851,1,1,2,2,21,5,3,0,0,1,0,0,9,4,E01002744,-1,0,0.0,1.0,-1,3,20,8,4,2,20:31,3,2,9
2023161358552,2023,161358552,2,1,1,2,47,8,3,0,0,0,0,0,9,9,E01013103,3,1,0.0,1.0,-1,6,30,1,1,1,07:15,2,2,9
2023161359044,2023,161359044,2,1,1,1,37,7,3,0,0,0,0,0,9,8,E01013226,3,1,0.0,1.0,-1,6,40,1,1,1,16:00,3,2,9
2023401267968,2023,401267968,1,1,3,2,-1,-1,3,4,1,0,0,0,0,-1,-1,3,1,0.0,1.0,-1,6,30,1,4,2,17:33,3,1,9
2023421366634,2023,421366634,1,1,3,2,11,3,2,8,4,0,0,0,0,9,E01021527,6,1,1.0,0.0,-1,6,30,1,1,1,15:51,3,1,19
2023010456551,2023,010456551,1,1,1,1,65,9,3,0,0,0,0,0,1,3,E01003829,-1,0,0.0,1.0,-1,6,30,1,1,1,19:22,6,2,1
2023340NN3272,2023,340NN3272,2,2,1,2,32,6,3,0,0,0,0,0,9,3,E01013697,-1,0,0.05233,0.94767,-1,6,40,1,1,1,08:30,6,3,9
2023451272952,2023,451272952,1,1,2,1,32,6,3,0,0,1,0,0,9,10,E01030695,3,1,0.0,1.0,-1,6,30,1,1,1,10:45,1,2,9
2023010439524,2023,010439524,3,1,1,1,32,6,3,0,0,0,0,0,4,2,E01016062,-1,0,0.0,1.0,-1,3,30,1,1,1,08:00,4,3,4
2023010480708,2023,010480708,1,1,1,2,88,11,2,0,0,0,0,0,9,9,E01002976,-1,0,1.0,0.0,-1,6,30,1,1,1,15:20,3,2,9
2023041348202,2023,041348202,1,1,1,1,45,7,2,0,0,0,0,0,9,8,E01025089,6,1,1.0,0.0,-1,6,30,1,4,1,01:45,1,2,9
2023131355711,2023,131355711,2,4,2,2,4,1,3,0,0,1,0,0,9,5,E01011407,3,1,0.0,1.0,-1,3,40,1,1,1,11:39,1,2,9
2023351321619,2023,351321619,2,2,1,1,44,7,3,0,0,0,0,0,9,7,E01020075,3,1,0.0,1.0,-1,6,40,1,1,1,15:25,5,4,9
2023991373182,2023,991373182,3,4,2,1,25,5,3,0,0,0,0,0,19,-1,-1,3,1,0.0,1.0,-1,6,60,1,1,1,15:50,6,3,19
2023010481458,2023,010481458,1,1,1,1,51,8,3,0,0,0,0,0,8,4,E01002346,-1,0,0.0,1.0,-1,6,20,1,4,4,23:01,6,2,8
2023061393603,2023,061393603,1,2,2,1,24,5,2,0,0,1,0,0,9,1,E01010813,7,1,1.0,0.0,-1,3,70,5,4,5,20:43,1,4,9
2023320061430,2023,320061430,2,2,1,1,22,5,3,0,0,0,0,0,9,7,E01026080,-1,0,0.05747,0.94253,-1,6,60,1,4,1,17:20,2,2,9
2023340NN3612,2023,340NN3612,2,1,1,2,37,7,3,0,0,0,0,0,9,-1,-1,-1,0,0.0169,0.9831,-1,3,70,1,4,1,18:55,3,2,9
2023631385208,2023,631385208,1,1,1,1,41,7,3,0,0,0,0,0,9,6,W01000541,3,1,0.0,1.0,-1,6,30,1,6,2,00:20,1,1,9
2023991266925,2023,991266925,1,1,3,1,11,3,3,5,2,0,0,0,0,-1,-1,3,1,0.0,1.0,-1,6,30,1,1,1,15:10,3,1,9
2023311296245,2023,311296245,2,4,2,2,3,1,3,0,0,2,0,0,9,10,E01028407,3,1,0.0,1.0,-1,3,60,1,1,1,10:50,5,2,9
2023311328368,2023,311328368,1,1,1,1,43,7,2,0,0,0,0,0,9,5,E01028336,5,1,1.0,0.0,-1,6,50,1,1,1,07:17,3,2,9
2023041319230,2023,041319230,1,1,1,1,26,6,2,0,0,0,0,0,1,8,E01025090,5,1,1.0,0.0,-1,6,30,1,1,1,19:10,5,1,1
2023010427613,2023,010427613,1,1,1,2,81,11,3,0,0,0,0,0,9,4,E01000787,-1,0,0.0,1.0,-1,6,30,1,4,1,01:46,6,1,9
2023371352327,2023,371352327,2,2,1,1,22,5,3,0,0,0,0,0,9,5,E01030189,3,1,0.0,1.0,-1,6,60,1,1,1,12:53,5,3,9
2023010468019,2023,010468019,1,1,1,1,22,5,3,0,0,0,0,0,3,2,E01000905,-1,0,0.0,1.0,-1,6,20,1,1,1,18:10,1,2,3
2023010479697,2023,010479697,1,1,1,1,26,6,3,0,0,0,0,0,9,4,E01003230,-1,0,0.0,1.0,-1,3,20,1,1,1,08:12,5,2,9
2023101362935,2023,101362935,2,2,1,2,47,8,3,0,0,0,0,0,9,-1,-1,3,1,0.0,1.0,-1,6,30,1,1,1,14:58,5,2,9
2023122301100,2023,122301100,1,1,1,2,22,5,3,0,0,0,0,0,9,8,E01013421,-1,0,0.02851,0.97149,-1,6,40,1,1,2,16:15,7,4,9
2023201295721,2023,201295721,1,1,1,1,19,4,3,0,0,0,0,0,9,2,E01010003,3,1,0.0,1.0,-1,1,30,1,4,2,00:02,4,3,9
2023430110617,2023,430110617,1,1,1,2,29,6,2,0,0,0,0,0,9,10,E01016526,-1,0,1.0,0.0,-1,3,70,1,1,2,06:00,1,2,9
2023501384571,2023,501384571,2,3,2,2,22,5,3,0,0,-1,0,0,9,3,E01018769,3,1,0.0,1.0,-1,6,60,1,6,2,17:00,6,3,9
2023122301122,2023,122301122,2,1,1,1,57,9,3,0,0,0,0,0,19,6,E01027648,-1,0,0.00485,0.99515,-1,6,40,1,1,1,10:00,6,2,19
2023471357735,2023,471357735,1,1,3,2,70,10,2,5,1,0,0,0,0,8,E01021150,7,1,1.0,0.0,-1,2,30,1,1,1,11:27,5,1,9
2023451360808,2023,451360808,1,1,1,1,55,8,3,0,0,0,0,0,1,10,E01030543,3,1,0.0,1.0,-1,6,50,1,4,1,19:12,1,1,1
2023031302249,2023,031302249,2,4,2,2,47,8,3,0,0,-1,0,0,9,-1,-1,3,1,0.0,1.0,-1,3,70,1,1,1,12:10,7,2,9
2023131389060,2023,131389060,1,1,1,1,40,7,3,0,0,0,0,0,9,1,E01010612,3,1,0.0,1.0,-1,6,30,1,1,1,11:35,7,1,9
2023421325738,2023,421325738,1,1,3,2,12,3,3,5,1,0,0,0,0,5,E01022004,3,1,0.0,1.0,-1,6,30,1,1,1,08:18,3,1,9
2023351284284,2023,351284284,1,1,1,1,24,5,3,0,0,0,0,0,9,1,E01015600,3,1,0.0,1.0,-1,6,60,1,1,1,19:05,7,1,9
2023451332191,2023,451332191,1,2,2,1,17,4,2,0,0,1,0,0,9,-1,-1,7,1,1.0,0.0,-1,6,30,1,4,1,00:15,7,2,9
2023461311263,2023,461311263,3,2,1,2,20,4,3,0,0,0,0,0,9,3,E01021090,3,1,0.0,1.0,-1,6,50,1,1,1,14:10,6,3,9
2023991263332,2023,991263332,1,1,1,2,59,9,2,0,0,0,0,0,9,9,-1,5,1,1.0,0.0,-1,3,70,1,1,2,14:00,7,1,9
2023101340874,2023,101340874,1,1,1,2,56,9,3,0,0,0,0,0,9,10,E01027520,3,1,0.0,1.0,-1,3,70,1,1,1,14:49,6,2,9
2023231351479,2023,231351479,2,1,1,2,33,6,3,0,0,0,0,0,9,10,E01009560,3,1,0.0,1.0,-1,1,40,1,1,1,09:40,7,2,9
2023320019253,2023,320019253,2,1,1,2,48,8,3,0,0,0,0,0,9,4,E01026132,-1,0,0.02997,0.97003,-1,6,60,1,6,2,16:30,3,3,9
2023451372576,2023,451372576,2,1,2,1,2,1,3,0,0,2,0,0,9,10,E01030460,3,1,0.0,1.0,-1,3,40,1,1,2,09:25,5,3,9
2023471264071,2023,471264071,1,2,2,1,14,3,3,0,0,1,0,0,9,6,E01021149,3,1,0.0,1.0,-1,6,60,1,6,4,22:30,2,2,9
2023211289705,2023,211289705,1,1,1,1,22,5,2,0,0,0,0,0,5,3,E01025987,5,1,1.0,0.0,-1,6,40,1,4,1,20:00,4,2,5
2023991297395,2023,991297395,1,1,2,2,22,5,3,0,0,2,0,0,8,2,-1,3,1,0.0,1.0,-1,6,60,1,1,2,17:54,1,1,8
2023041391815,2023,041391815,1,1,1,1,82,11,3,0,0,0,0,0,9,1,E01025382,3,1,0.0,1.0,-1,6,30,1,4,2,17:10,7,3,9
2023471375455,2023,471375455,1,1,3,2,19,4,3,5,3,0,0,0,0,2,E01031348,3,1,0.0,1.0,-1,6,30,2,7,2,15:35,5,1,9
2023131317677,2023,131317677,1,1,1,1,38,7,2,0,0,0,0,0,1,10,E01027574,6,1,1.0,0.0,-1,3,70,1,1,1,08:30,2,2,1
2023010441055,2023,010441055,1,1,1,1,25,5,3,0,0,0,0,0,3,2,E01001912,-1,0,0.0,1.0,-1,9,20,1,1,1,18:05,2,2,3
2023010499372,2023,010499372,1,1,1,1,29,6,3,0,0,0,0,0,9,8,E01002106,-1,0,0.0,1.0,-1,9,20,2,1,2,13:30,6,2,9
2023141277327,2023,141277327,1,1,1,2,20,4,3,0,0,0,0,0,9,4,E01011858,3,1,0.0,1.0,-1,6,60,8,6,2,20:30,5,2,9
2023540168623,2023,540168623,1,1,1,1,21,5,3,0,0,0,0,0,9,7,E01032116,-1,0,0.07306,0.92694,-1,6,50,2,6,2,22:54,5,1,9
2023631362942,2023,631362942,1,1,1,1,43,7,3,0,0,0,0,0,9,3,E01012997,3,1,0.0,1.0,-1,6,30,2,1,2,14:41,7,2,9
2023010471002,2023,010471002,1,1,1,2,41,7,3,0,0,0,0,0,9,5,E01002344,-1,0,0.0,1.0,-1,6,30,1,1,1,09:00,2,2,9
2023061309159,2023,061309159,2,1,1,2,37,7,3,0,0,0,0,0,9,9,E01005508,3,1,0.0,1.0,-1,6,30,1,1,1,12:06,5,2,9
2023141287385,2023,141287385,1,2,2,2,16,4,3,0,0,2,0,0,9,-1,-1,3,1,0.0,1.0,-1,6,40,1,4,1,01:20,7,1,9
2023461300511,2023,461300511,2,1,2,2,16,4,3,0,0,1,0,0,9,6,E01024065,3,1,0.0,1.0,-1,6,60,1,1,2,17:53,5,2,9
2023041361241,2023,041361241,2,1,1,2,65,9,3,0,0,0,0,0,1,5,E01012690,3,1,0.0,1.0,-1,6,30,1,4,1,21:38,2,2,1
2023122300198,2023,122300198,2,1,1,2,29,6,3,0,0,0,0,0,1,4,E01013359,-1,0,0.0873,0.9127,-1,6,30,1,4,1,18:25,6,2,1
2023471313882,2023,471313882,2,1,1,2,35,6,3,0,0,0,0,0,1,6,E01031392,3,1,0.0,1.0,-1,1,30,1,1,1,08:50,4,2,1
2023371407264,2023,371407264,1,1,1,1,16,4,3,0,0,0,0,0,2,8,E01033443,3,1,0.0,1.0,-1,6,30,2,4,2,17:50,3,2,2
2023010469180,2023,010469180,2,1,1,1,25,5,2,0,0,0,0,0,3,9,E01001273,-1,0,1.0,0.0,-1,6,20,1,1,1,11:20,7,2,3
2023131326353,2023,131326353,1,1,1,2,43,7,3,0,0,0,0,0,9,2,E01011378,3,1,0.0,1.0,-1,6,30,1,1,1,18:43,4,2,9
2023141305265,2023,141305265,1,1,1,2,33,6,3,0,0,0,0,0,9,4,E01007646,3,1,0.0,1.0,-1,3,40,1,1,1,11:44,3,2,9
2023320228592,2023,320228592,1,1,1,1,31,6,3,0,0,0,0,0,9,2,E01026084,-1,0,0.11722,0.88278,-1,6,60,1,6,1,23:45,1,1,9
2023332300891,2023,332300891,1,1,1,1,56,9,1,0,0,0,0,0,9,1,E01013675,-1,0,0.0,0.0,-1,3,50,8,1,2,08:17,2,2,9
2023461325806,2023,461325806,4,1,1,2,44,7,3,0,0,0,0,0,5,2,E01024247,3,1,0.0,1.0,-1,9,30,1,1,1,17:41,3,4,5
2023141296799,2023,141296799,1,1,1,1,62,9,3,0,0,0,0,0,9,4,E01008001,3,1,0.0,1.0,-1,6,20,2,1,2,13:34,2,2,9
2023401433323,2023,401433323,2,3,1,1,64,9,2,0,0,0,0,0,9,3,E01015801,7,1,1.0,0.0,-1,6,60,1,1,1,16:23,7,3,9
2023430553208,2023,430553208,1,1,1,1,37,7,3,0,0,0,0,0,9,4,E01015509,-1,0,0.1122,0.8878,-1,6,50,1,1,2,08:39,1,2,9
2023440232092,2023,440232092,2,1,1,1,37,7,2,0,0,0,0,0,9,2,E01015379,-1,0,1.0,0.0,-1,3,70,1,1,1,07:45,2,3,9
2023010425186,2023,010425186,1,1,1,1,18,4,3,0,0,0,0,0,1,6,E01002496,-1,0,0.0,1.0,-1,3,20,1,4,1,20:20,5,2,1
2023421294872,2023,421294872,1,1,1,1,10,2,3,0,0,0,0,0,1,3,E01015819,3,1,0.0,1.0,-1,6,20,8,1,1,14:10,3,2,1
2023231313812,2023,231313812,2,2,1,2,57,9,2,0,0,0,0,0,9,10,E01029864,6,1,1.0,0.0,-1,6,50,1,1,1,19:00,6,2,9
2023401287413,2023,401287413,2,2,1,1,20,4,3,0,0,0,0,0,9,7,E01028467,3,1,0.0,1.0,-1,6,60,2,6,2,19:53,2,2,9
2023201409947,2023,201409947,1,1,3,1,42,7,3,9,5,0,0,2,0,2,E01010279,3,1,0.0,1.0,-1,6,30,1,1,1,10:00,4,1,9
2023622300985,2023,622300985,1,2,3,2,45,7,2,8,7,0,0,0,0,1,W01001881,-1,0,1.0,0.0,-1,6,20,2,4,2,01:49,5,1,19
2023010475066,2023,010475066,2,1,1,1,-1,-1,3,0,0,0,0,0,1,-1,-1,-1,0,0.0,1.0,-1,6,20,8,1,1,10:23,3,2,1
2023440197693,2023,440197693,2,1,1,1,54,8,2,0,0,0,0,0,1,5,E01017282,-1,0,1.0,0.0,-1,6,30,1,1,1,13:54,6,2,1
2023010464487,2023,010464487,2,1,1,1,22,5,3,0,0,0,0,0,3,3,E01000089,-1,0,0.0,1.0,-1,3,50,1,1,1,06:55,5,3,3
2023031317041,2023,031317041,2,1,1,1,56,9,3,0,0,0,0,0,4,5,E01019327,3,1,0.0,1.0,-1,6,60,1,1,1,09:50,7,2,4
2023131278975,2023,131278975,2,1,1,1,37,7,3,0,0,0,0,0,21,9,E01024966,3,1,0.0,1.0,-1,3,70,1,7,1,23:52,2,2,21
2023501338332,2023,501338332,1,1,3,2,60,9,3,6,9,0,0,0,0,4,E01020184,3,1,0.0,1.0,-1,6,30,1,1,1,18:09,6,1,9
2023221268764,2023,221268764,2,1,1,1,50,8,3,0,0,0,0,0,19,4,E01009524,3,1,0.0,1.0,-1,1,30,1,1,2,07:45,6,2,19
2023302301439,2023,302301439,2,1,1,2,24,5,3,0,0,0,0,0,9,1,E01013570,-1,0,0.01506,0.98494,-1,6,30,2,1,2,19:47,5,2,9
2023131367709,2023,131367709,1,1,1,1,30,6,3,0,0,0,0,0,1,1,E01011143,3,1,0.0,1.0,-1,6,30,1,1,2,12:30,6,2,1
2023041317455,2023,041317455,2,1,1,1,18,4,2,0,0,0,0,0,3,3,E01025312,6,1,1.0,0.0,-1,3,30,1,4,1,23:00,1,2,3
2023520301104,2023,520301104,1,1,1,1,31,6,3,0,0,0,0,0,19,4,E01029090,-1,0,0.02304,0.97696,-1,6,30,1,1,1,18:15,3,2,19
2023052301426,2023,052301426,1,1,1,1,61,9,3,0,0,0,0,0,9,1,E01007124,-1,0,0.05532,0.94468,-1,6,30,1,1,1,13:00,6,2,9
2023430198902,2023,430198902,1,1,1,1,18,4,3,0,0,0,0,0,9,-1,-1,-1,0,0.01714,0.98286,-1,6,40,1,4,1,01:37,1,2,9
2023440370423,2023,440370423,1,1,1,2,65,9,3,0,0,0,0,0,9,8,E01020400,-1,0,0.11161,0.88839,-1,3,70,1,1,1,15:07,2,1,9
2023041373000,2023,041373000,1,1,1,2,22,5,3,0,0,0,0,0,9,3,E01006273,3,1,0.0,1.0,-1,6,40,1,1,2,06:30,1,1,9
2023010445176,2023,010445176,2,1,1,1,37,7,2,0,0,0,0,0,1,2,E01004219,-1,0,1.0,0.0,-1,2,20,1,1,1,10:15,6,2,1
2023010420164,2023,010420164,1,1,3,2,30,6,3,9,9,0,0,0,0,1,E01004042,-1,0,0.0,1.0,-1,3,30,2,4,2,18:00,7,1,9
2023631365436,2023,631365436,1,1,3,2,58,9,3,10,3,0,0,1,0,6,W01000524,3,1,0.0,1.0,-1,6,20,8,1,2,13:31,6,1,9
2023991326750,2023,991326750,1,1,1,2,39,7,2,0,0,0,0,0,1,6,-1,7,1,1.0,0.0,-1,6,30,9,1,1,09:25,4,2,1
2023010445651,2023,010445651,2,1,1,2,26,6,3,0,0,0,0,0,9,7,E01000413,-1,0,0.0,1.0,-1,6,30,1,1,1,14:40,1,2,9
2023161293615,2023,161293615,1,1,1,1,63,9,3,0,0,0,0,0,9,6,E01013276,3,1,0.0,1.0,-1,6,60,1,1,1,12:45,7,2,9
2023471338233,2023,471338233,3,3,1,1,62,9,2,0,0,0,0,0,9,6,E01021021,5,1,1.0,0.0,-1,6,60,1,1,2,06:25,6,4,9
2023501346124,2023,501346124,2,1,2,2,32,6,3,0,0,0,0,0,19,6,E01018915,3,1,0.0,1.0,-1,6,60,1,1,2,09:46,7,2,19
2023141315569,2023,141315569,2,1,1,1,45,7,3,0,0,0,0,0,22,-1,-1,3,1,0.0,1.0,-1,6,30,1,1,1,16:30,1,2,22
2023010419303,2023,010419303,2,1,1,1,35,6,3,0,0,0,0,0,9,2,E01003351,-1,0,0.0,1.0,-1,6,30,2,4,2,00:40,2,3,9
2023141345567,2023,141345567,2,1,1,1,60,9,3,0,0,0,0,0,9,4,E01007653,3,1,0.0,1.0,-1,6,60,1,1,1,14:35,6,2,9
2023351303939,2023,351303939,2,1,1,1,43,7,3,0,0,0,0,0,9,7,E01030117,3,1,0.0,1.0,-1,1,40,1,1,1,07:55,3,2,9
2023361341655,2023,361341655,2,2,1,1,75,10,3,0,0,0,0,0,9,8,E01026889,3,1,0.0,1.0,-1,6,30,1,1,2,16:10,2,2,9
2023010459423,2023,010459423,1,1,1,1,57,9,3,0,0,0,0,0,3,1,E01002093,-1,0,0.0,1.0,-1,2,20,1,1,1,16:40,2,2,3
2023340NN3162,2023,340NN3162,1,1,3,2,29,6,3,9,9,0,0,0,0,3,E01027104,-1,0,0.14257,0.85743,-1,6,30,1,1,1,07:00,4,1,19
2023131354097,2023,131354097,2,1,1,1,21,5,3,0,0,0,0,0,9,1,E01010735,3,1,0.0,1.0,-1,3,30,1,4,1,20:20,1,2,9
2023421362741,2023,421362741,1,1,2,1,24,5,3,0,0,1,0,0,9,-1,-1,3,1,0.0,1.0,-1,6,30,2,6,2,12:18,6,1,9
2023101282624,2023,101282624,2,1,1,2,44,7,3,0,0,0,0,0,9,2,E01008653,3,1,0.0,1.0,-1,6,20,1,1,2,10:00,5,2,9
2023451329649,2023,451329649,2,4,1,1,41,7,3,0,0,0,0,0,9,5,E01030464,3,1,0.0,1.0,-1,3,40,1,1,2,08:50,7,2,9
2023451329883,2023,451329883,2,1,1,2,37,7,3,0,0,0,0,0,9,6,E01030586,3,1,0.0,1.0,-1,6,30,2,1,2,15:33,6,2,9
2023010420601,2023,010420601,1,1,1,1,36,7,3,0,0,0,0,0,1,2,E01002686,-1,0,0.0,1.0,-1,6,20,1,1,2,13:45,3,2,1
2023010424084,2023,010424084,1,1,1,1,18,4,3,0,0,0,0,0,1,1,E01033153,-1,0,0.0,1.0,-1,2,20,1,4,1,18:50,6,2,1
2023010433403,2023,010433403,1,1,1,1,52,8,3,0,0,0,0,0,11,3,E01001638,-1,0,0.0,1.0,-1,6,20,1,1,1,12:57,3,3,11
202363A026723,2023,63A026723,1,1,3,1,12,3,3,5,3,0,0,0,0,6,W01000691,-1,0,0.06251,0.93749,-1,6,30,9,1,1,18:50,6,1,9
2023031275121,2023,031275121,2,1,1,1,16,4,3,0,0,0,0,0,1,-1,-1,3,1,0.0,1.0,-1,6,30,1,1,1,08:30,4,2,1
2023010476461,2023,010476461,1,1,1,1,39,7,3,0,0,0,0,0,3,2,E01001151,-1,0,0.0,1.0,-1,9,20,1,1,1,16:20,2,2,3
2023201412464,2023,201412464,1,1,1,1,32,6,3,0,0,0,0,0,4,-1,-1,3,1,0.0,1.0,-1,6,30,1,1,1,16:13,5,2,4
2023010441998,2023,010441998,1,3,2,-1,-1,-1,3,0,0,2,0,0,9,6,E01003738,-1,0,0.0,1.0,-1,7,30,8,1,9,15:30,3,2,9
2023471282455,2023,471282455,1,2,2,2,6,2,3,0,0,2,0,0,9,1,E01020993,3,1,0.0,1.0,-1,6,30,1,1,1,16:02,5,2,9
2023131376382,2023,131376382,2,1,1,1,14,3,3,0,0,0,0,0,1,1,E01010650,3,1,0.0,1.0,-1,6,30,1,1,1,15:58,7,2,1
2023010458827,2023,010458827,1,1,1,1,46,8,3,0,0,0,0,0,8,2,E01032580,-1,0,0.0,1.0,-1,1,30,1,1,1,11:36,5,2,8
2023010437955,2023,010437955,2,2,2,2,22,5,3,0,0,1,0,0,9,-1,-1,-1,0,0.0,1.0,-1,6,20,1,4,1,02:40,3,2,9
2023332300007,2023,332300007,1,1,1,1,35,6,2,0,0,0,0,0,9,1,E01013632,-1,0,1.0,0.0,-1,6,30,1,1,1,13:53,6,2,9
2023610020723,2023,610020723,1,1,1,1,37,7,3,0,0,0,0,0,19,1,W01001421,-1,0,0.10962,0.89038,-1,6,30,1,1,1,14:10,3,4,19
2023631333109,2023,631333109,2,1,1,1,36,7,2,0,0,0,0,0,1,10,E01023617,5,1,1.0,0.0,-1,6,30,1,1,1,09:40,3,2,1
2023041356653,2023,041356653,1,2,1,1,55,8,3,0,0,0,0,0,9,7,E01025155,3,1,0.0,1.0,-1,6,30,1,4,1,23:45,7,2,9
2023430314268,2023,430314268,2,2,1,2,26,6,3,0,0,0,0,0,9,10,E01028788,-1,0,0.0025,0.9975,-1,3,40,1,1,1,11:00,7,2,9
2023501392630,2023,501392630,2,1,1,1,34,6,3,0,0,0,0,0,17,6,E01018967,3,1,0.0,1.0,-1,6,60,2,1,2,13:00,2,2,17
2023430287637,2023,430287637,1,1,1,1,17,4,2,0,0,0,0,0,97,-1,-1,-1,0,1.0,0.0,-1,6,30,1,1,1,18:31,5,1,97
2023061265183,2023,061265183,1,1,3,2,16,4,3,5,3,0,0,-1,0,2,E01004849,3,1,0.0,1.0,-1,6,30,1,1,2,15:46,5,1,9
2023421293971,2023,421293971,2,1,1,2,32,6,3,0,0,0,0,0,1,6,E01021536,3,1,0.0,1.0,-1,3,50,1,1,1,16:45,3,2,1
2023501376338,2023,501376338,2,3,1,2,65,9,2,0,0,0,0,0,9,5,E01020082,7,1,1.0,0.0,-1,6,60,1,1,1,15:24,7,3,9
2023546851023,2023,546851023,1,1,1,2,28,6,3,0,0,0,0,0,9,-1,-1,-1,0,0.03854,0.96146,-1,6,60,1,1,1,08:39,6,2,9
2023622300906,2023,622300906,1,3,2,2,20,4,3,0,0,1,0,0,9,1,W01000866,-1,0,0.01554,0.98446,-1,6,30,2,1,2,16:30,5,2,9
2023351289083,2023,351289083,2,2,1,2,63,9,2,0,0,0,0,0,9,10,E01031300,7,1,1.0,0.0,-1,6,40,2,1,2,15:39,5,2,9