collision_index,collision_year,collision_ref_no,vehicle_reference,casualty_reference,casualty_class,sex_of_casualty,age_of_casualty,age_band_of_casualty,casualty_severity,pedestrian_location,pedestrian_movement,car_passenger,bus_or_coach_passenger,pedestrian_road_maintenance_worker,casualty_type,casualty_imd_decile,lsoa_of_casualty,enhanced_casualty_severity,casualty_injury_based,casualty_adjusted_severity_serious,casualty_adjusted_severity_slight,casualty_distance_banding,road_type,speed_limit,weather_conditions,light_conditions,road_surface_conditions,time,day_of_week,number_of_vehicles,vehicle_type
2023070254633,2023,070254633,2,1,1,1,47,8,3,0,0,0,0,0,9,-1,-1,-1,0,0.10009,0.89991,-1,3,70,1,6,1,03:18,1,2,9
2023471275371,2023,471275371,2,2,1,2,46,8,3,0,0,0,0,0,9,4,E01031575,3,1,0.0,1.0,-1,6,30,1,1,2,14:15,1,3,9
2023991260790,2023,991260790,1,1,2,2,20,4,3,0,0,0,0,0,19,1,-1,3,1,0.0,1.0,-1,3,70,1,7,2,07:30,1,1,19
2023991391534,2023,991391534,1,1,1,1,56,9,2,0,0,0,0,0,21,-1,-1,5,1,1.0,0.0,-1,6,60,5,6,2,07:35,5,1,21
2023010443902,2023,010443902,1,4,2,-1,9,2,3,0,0,2,0,0,9,6,E01014952,-1,0,0.0,1.0,-1,3,30,1,1,1,14:00,5,2,9
2023122300617,2023,122300617,4,8,2,1,46,8,3,0,0,1,0,0,9,6,E01008154,-1,0,0.01762,0.98238,-1,6,50,2,1,2,18:00,6,4,9
2023131286250,2023,131286250,2,2,2,1,30,6,3,0,0,2,0,0,9,1,E01011916,3,1,0.0,1.0,-1,3,30,2,1,2,14:20,2,2,9
2023430040591,2023,430040591,2,1,1,1,49,8,3,0,0,0,0,0,9,9,E01028792,-1,0,0.00823,0.99177,-1,1,30,1,4,2,07:15,6,2,9
2023471275333,2023,471275333,1,1,2,1,1,1,2,0,0,2,0,0,9,4,E01021002,5,1,1.0,0.0,-1,6,30,1,1,2,11:00,1,2,9
2023631381866,2023,631381866,1,1,1,2,77,11,3,0,0,0,0,0,9,7,W01000492,3,1,0.0,1.0,-1,6,40,8,6,2,17:00,7,1,9
2023010486025,2023,010486025,1,1,1,-1,61,9,3,0,0,0,0,0,9,1,E01022045,-1,0,0.0,1.0,-1,3,60,1,4,1,18:00,6,2,9
2023131288811,2023,131288811,1,1,1,2,21,5,3,0,0,0,0,0,9,8,E01012584,3,1,0.0,1.0,-1,6,30,1,1,2,11:17,2,2,9
2023451365441,2023,451365441,2,1,1,1,28,6,3,0,0,0,0,0,9,10,E01024353,3,1,0.0,1.0,-1,6,30,1,1,1,20:00,6,2,9
2023052300694,2023,052300694,2,1,1,2,25,5,3,0,0,0,0,0,9,1,E01007004,-1,0,0.06079,0.93921,-1,3,40,1,1,1,15:29,7,2,9
2023221289375,2023,221289375,2,2,1,2,26,6,3,0,0,0,0,0,9,5,E01032444,3,1,0.0,1.0,-1,6,30,1,1,2,08:54,6,3,9
2023421373073,2023,421373073,1,1,1,2,44,7,3,0,0,0,0,0,9,4,E01021957,3,1,0.0,1.0,-1,6,30,1,1,1,14:38,6,2,9
2023041371829,2023,041371829,1,1,1,1,76,11,2,0,0,0,0,0,9,9,E01005019,5,1,1.0,0.0,-1,3,40,5,4,2,18:59,3,1,9
2023131266040,2023,131266040,1,6,2,1,33,6,2,0,0,2,0,0,9,5,E01011099,7,1,1.0,0.0,-1,3,40,1,1,2,13:35,6,2,9
2023201388993,2023,201388993,2,1,1,1,21,5,3,0,0,0,0,0,9,3,E01009831,3,1,0.0,1.0,-1,6,40,5,1,2,12:51,7,2,9
2023010420102,2023,010420102,1,1,1,1,32,6,3,0,0,0,0,0,3,6,E01003375,-1,0,0.0,1.0,-1,1,20,2,4,1,22:40,5,2,3
2023010444664,2023,010444664,1,1,1,-1,28,6,3,0,0,0,0,0,3,5,E01002202,-1,0,0.0,1.0,-1,6,20,9,1,9,18:25,3,2,3
2023010455842,2023,010455842,1,1,1,1,33,6,3,0,0,0,0,0,3,3,E01003141,-1,0,0.0,1.0,-1,9,30,9,1,9,14:00,1,2,3
2023031317854,2023,031317854,2,2,1,1,10,2,3,0,0,0,0,0,1,-1,-1,3,1,0.0,1.0,-1,6,30,1,1,1,20:05,2,2,1
2023010469936,2023,010469936,1,1,1,1,32,6,3,0,0,0,0,0,3,2,E01003267,-1,0,0.0,1.0,-1,9,20,2,1,1,16:50,3,2,3
2023010456865,2023,010456865,1,1,1,1,44,7,2,0,0,0,0,0,5,9,E01030394,-1,0,1.0,0.0,-1,9,30,9,1,9,19:00,6,2,5
2023131282948,2023,131282948,1,1,3,2,12,3,3,1,3,0,0,2,0,10,E01010570,3,1,0.0,1.0,-1,6,30,1,1,1,14:57,2,1,9
2023061258785,2023,061258785,2,2,1,2,41,7,3,0,0,0,0,0,9,3,E01006272,3,1,0.0,1.0,-1,6,30,1,1,2,11:15,1,2,9
2023131322378,2023,131322378,1,4,1,1,17,4,3,0,0,0,0,0,9,8,E01011496,3,1,0.0,1.0,-1,6,60,1,6,1,01:32,1,1,9
2023421261704,2023,421261704,2,1,1,2,18,4,3,0,0,0,0,0,9,7,E01029875,3,1,0.0,1.0,-1,6,40,1,4,1,17:47,3,2,9
2023451321731,2023,451321731,3,2,1,1,59,9,3,0,0,0,0,0,9,9,E01030720,3,1,0.0,1.0,-1,6,30,1,1,1,17:30,5,3,9
2023552300276,2023,552300276,2,2,2,2,41,7,3,0,0,0,0,0,19,2,E01020347,-1,0,0.01298,0.98702,-1,3,70,1,1,1,11:27,4,2,19
2023201400705,2023,201400705,1,1,3,1,12,3,2,1,1,0,0,0,0,2,E01009054,7,1,1.0,0.0,-1,6,30,1,1,1,15:15,6,1,9
2023351287825,2023,351287825,1,2,2,2,76,11,3,0,0,1,0,0,9,7,E01026672,3,1,0.0,1.0,-1,6,60,1,1,1,14:04,2,2,9
2023122300066,2023,122300066,1,1,1,1,17,4,3,0,0,0,0,0,9,9,E01013426,-1,0,0.08549,0.91451,-1,6,60,2,6,2,02:00,7,1,9
2023461343908,2023,461343908,3,4,2,1,22,5,3,0,0,1,0,0,9,5,E01016151,3,1,0.0,1.0,-1,3,30,1,1,1,16:38,2,4,9
2023622300056,2023,622300056,2,2,1,1,41,7,3,0,0,0,0,0,9,1,W01001698,-1,0,0.00928,0.99072,-1,6,30,1,1,2,11:33,4,3,9
2023991362816,2023,991362816,2,1,1,1,25,5,3,0,0,0,0,0,1,-1,-1,3,1,0.0,1.0,-1,6,30,1,4,1,21:50,3,2,1
2023010462520,2023,010462520,1,1,1,1,47,8,3,0,0,0,0,0,9,3,E01003625,-1,0,0.0,1.0,-1,9,30,1,1,1,06:40,7,2,9
2023041319518,2023,041319518,2,1,2,2,36,7,3,0,0,1,0,0,9,1,E01012657,3,1,0.0,1.0,-1,6,30,1,1,1,14:30,6,3,9
2023131374655,2023,131374655,2,1,1,1,40,7,3,0,0,0,0,0,9,9,E01011508,3,1,0.0,1.0,-1,6,30,2,4,2,23:00,3,2,9
2023201414661,2023,201414661,1,1,1,2,50,8,3,0,0,0,0,0,9,1,E01009222,3,1,0.0,1.0,-1,6,30,1,1,1,17:07,7,2,9
2023371384614,2023,371384614,2,1,1,1,55,8,3,0,0,0,0,0,9,6,E01015925,3,1,0.0,1.0,-1,6,30,8,1,2,09:30,2,2,9
2023070116564,2023,070116564,1,2,2,2,79,11,3,0,0,1,0,0,9,7,E01018708,-1,0,0.1105,0.8895,-1,6,30,1,1,1,14:40,5,1,9
2023311386250,2023,311386250,1,1,1,2,48,8,3,0,0,0,0,0,9,-1,-1,3,1,0.0,1.0,-1,6,30,2,4,1,17:24,6,2,9
2023461372180,2023,461372180,2,1,1,1,19,4,3,0,0,0,0,0,9,9,E01024186,3,1,0.0,1.0,-1,6,40,1,4,1,22:07,3,2,9
2023430185916,2023,430185916,1,1,1,1,15,3,3,0,0,0,0,0,-1,2,E01016741,-1,0,0.12808,0.87192,-1,6,30,1,1,1,17:55,6,2,-1
2023010485921,2023,010485921,2,1,1,1,30,6,3,0,0,0,0,0,9,-1,-1,-1,0,0.0,1.0,-1,3,50,2,4,2,23:50,1,2,9
2023041275169,2023,041275169,1,2,1,1,78,11,3,0,0,0,0,0,9,6,E01025563,3,1,0.0,1.0,-1,6,40,1,1,1,09:30,5,2,9
2023221322156,2023,221322156,2,3,2,2,59,9,2,0,0,1,0,0,9,5,E01032212,5,1,1.0,0.0,-1,6,60,1,1,1,20:30,6,3,9
2023421323359,2023,421323359,2,2,1,1,25,5,2,0,0,0,0,0,9,3,E01021687,7,1,1.0,0.0,-1,6,40,1,1,1,16:42,3,2,9
2023501370981,2023,501370981,1,2,2,2,32,6,3,0,0,1,0,0,9,-1,-1,3,1,0.0,1.0,-1,1,30,2,1,2,13:10,4,2,9
2023122301265,2023,122301265,2,2,2,2,72,10,3,0,0,1,0,0,9,9,E01011278,-1,0,0.04191,0.95809,-1,6,60,1,1,1,11:20,6,2,9
2023430310870,2023,430310870,3,1,1,2,34,6,3,0,0,0,0,0,9,9,E01017796,-1,0,0.02158,0.97842,-1,3,70,1,1,1,17:09,5,4,9
2023501268960,2023,501268960,2,1,1,2,46,8,3,0,0,0,0,0,9,3,E01020048,3,1,0.0,1.0,-1,6,30,1,4,1,18:04,6,2,9
2023161350512,2023,161350512,1,1,1,1,20,4,3,0,0,0,0,0,9,1,E01012875,3,1,0.0,1.0,-1,3,30,1,1,1,14:45,5,2,9
2023010460861,2023,010460861,1,1,1,1,30,6,3,0,0,0,0,0,1,2,E01004284,-1,0,0.0,1.0,-1,6,20,1,1,1,10:25,6,2,1
2023170L20793,2023,170L20793,2,1,1,1,13,3,3,0,0,0,0,0,1,-1,-1,-1,0,0.08848,0.91152,-1,6,30,1,1,1,12:30,6,2,1
2023170S31783,2023,170S31783,1,1,1,1,52,8,3,0,0,0,0,0,1,9,E01012346,-1,0,0.18242,0.81758,-1,6,30,1,1,1,16:30,4,2,1
2023522400762,2023,522400762,1,1,1,1,25,5,2,0,0,0,0,0,5,10,E01014932,-1,0,1.0,0.0,-1,6,40,1,1,1,16:31,1,1,5
2023161308232,2023,161308232,2,1,1,1,30,6,3,0,0,0,0,0,1,1,E01012876,3,1,0.0,1.0,-1,6,20,1,1,1,10:45,7,2,1
2023101356536,2023,101356536,2,1,1,1,20,4,3,0,0,0,0,0,9,2,E01008335,3,1,0.0,1.0,-1,6,30,1,4,1,21:00,1,2,9
2023520401073,2023,520401073,1,1,1,1,32,6,3,0,0,0,0,0,1,1,E01029106,-1,0,0.04013,0.95987,-1,6,30,1,7,1,17:05,4,2,1
2023131299148,2023,131299148,2,2,2,1,23,5,3,0,0,1,0,0,9,3,E01010703,3,1,0.0,1.0,-1,6,30,1,4,1,00:48,6,2,9
2023131343281,2023,131343281,1,1,1,1,25,5,3,0,0,0,0,0,9,8,E01032491,3,1,0.0,1.0,-1,6,40,2,4,2,01:42,7,1,9
2023430031544,2023,430031544,1,2,1,1,19,4,3,0,0,0,0,0,9,8,E01028507,-1,0,0.06971,0.93029,-1,6,60,1,6,4,17:58,7,1,9
2023320053555,2023,320053555,2,2,1,1,28,6,3,0,0,0,0,0,19,5,E01026133,-1,0,0.04206,0.95794,-1,6,60,2,6,2,16:46,5,2,19
2023201284429,2023,201284429,2,1,1,1,39,7,2,0,0,0,0,0,97,2,E01010016,7,1,1.0,0.0,-1,1,40,1,1,1,08:13,2,2,97
2023010475794,2023,010475794,1,1,2,1,18,4,3,0,0,2,0,0,9,1,E01001013,-1,0,0.0,1.0,-1,6,20,1,4,2,21:36,6,3,9
2023201300948,2023,201300948,2,1,1,1,39,7,2,0,0,0,0,0,9,4,E01009835,6,1,1.0,0.0,-1,6,30,1,1,1,18:37,3,3,9
2023501376008,2023,501376008,2,1,1,2,19,4,3,0,0,0,0,0,9,2,E01018868,3,1,0.0,1.0,-1,6,30,1,1,1,17:35,1,2,9
2023451346116,2023,451346116,1,1,1,1,10,2,2,0,0,0,0,0,-1,7,E01030423,5,1,1.0,0.0,-1,6,30,1,1,1,10:00,1,2,-1
2023052300309,2023,052300309,2,1,1,2,29,6,2,0,0,0,0,0,9,1,E01006776,-1,0,1.0,0.0,-1,6,30,1,1,1,14:05,5,2,9
2023010475315,2023,010475315,1,1,1,1,62,9,3,0,0,0,0,0,9,2,E01001172,-1,0,0.0,1.0,-1,6,30,9,1,2,11:40,4,2,9
2023010479414,2023,010479414,1,2,2,1,74,10,3,0,0,1,0,0,9,-1,-1,-1,0,0.0,1.0,-1,6,30,1,4,1,20:38,3,3,9
2023371346256,2023,371346256,2,2,2,2,7,2,3,0,0,2,0,0,9,9,E01026422,3,1,0.0,1.0,-1,6,30,1,4,1,21:18,4,2,9
2023471259748,2023,471259748,2,1,1,2,18,4,3,0,0,0,0,0,9,8,E01021197,3,1,0.0,1.0,-1,6,30,1,4,1,19:05,4,3,9
20231700H1822,2023,1700H1822,2,2,1,1,34,6,3,0,0,0,0,0,9,1,E01012038,-1,0,0.05731,0.94269,-1,6,30,1,1,1,13:35,3,3,9
2023501322764,2023,501322764,1,1,1,2,39,7,3,0,0,0,0,0,9,3,E01019005,3,1,0.0,1.0,-1,6,60,1,1,1,17:33,4,2,9
2023411291602,2023,411291602,2,2,2,1,-1,-1,3,0,0,0,0,0,19,-1,-1,3,1,0.0,1.0,-1,7,70,2,1,2,16:23,4,3,19
2023131394386,2023,131394386,2,3,2,2,6,2,3,0,0,2,0,0,9,1,E01011622,3,1,0.0,1.0,-1,6,30,2,4,2,19:00,1,2,9
2023201335640,2023,201335640,1,3,2,2,14,3,3,0,0,2,0,0,9,2,E01009872,3,1,0.0,1.0,-1,1,40,1,4,1,21:46,1,1,9
2023401305223,2023,401305223,2,1,1,2,58,9,3,0,0,0,0,0,9,8,E01017480,3,1,0.0,1.0,-1,6,30,1,1,1,17:15,2,2,9
2023461320996,2023,461320996,2,1,1,2,34,6,3,0,0,0,0,0,9,2,E01016018,3,1,0.0,1.0,-1,3,70,1,1,1,16:50,2,3,9
2023991375147,2023,991375147,3,1,1,2,19,4,3,0,0,0,0,0,9,-1,-1,3,1,0.0,1.0,-1,3,70,1,6,1,07:00,5,3,9
2023010422495,2023,010422495,1,1,1,2,21,5,3,0,0,0,0,0,1,4,E01001883,-1,0,0.0,1.0,-1,7,20,1,1,1,15:30,5,2,1
2023520400454,2023,520400454,1,1,1,1,17,4,3,0,0,0,0,0,3,1,E01029247,-1,0,0.0177,0.9823,-1,6,30,2,1,2,09:03,3,2,3
2023552300849,2023,552300849,2,1,1,1,19,4,2,0,0,0,0,0,2,3,E01015359,-1,0,1.0,0.0,-1,6,30,1,1,1,15:45,4,2,2
2023101340201,2023,101340201,2,1,2,1,33,6,3,0,0,1,0,0,9,4,E01005540,3,1,0.0,1.0,-1,1,40,1,4,1,01:10,1,2,9
2023991340094,2023,991340094,1,1,2,2,32,6,3,0,0,1,0,0,9,4,-1,3,1,0.0,1.0,-1,6,60,1,1,1,13:50,1,2,9
2023010449833,2023,010449833,4,4,1,1,64,9,3,0,0,0,0,0,9,2,E01003336,-1,0,0.0,1.0,-1,6,20,1,1,1,08:40,1,4,9
2023010455027,2023,010455027,1,1,1,2,52,8,3,0,0,0,0,0,9,6,E01002351,-1,0,0.0,1.0,-1,6,20,8,1,1,19:50,4,2,9
2023231390999,2023,231390999,1,1,1,2,51,8,3,0,0,0,0,0,9,4,E01031027,3,1,0.0,1.0,-1,6,40,1,6,2,23:49,7,1,9
2023461338146,2023,461338146,2,1,1,1,42,7,3,0,0,0,0,0,9,3,E01024717,3,1,0.0,1.0,-1,3,40,1,4,1,00:40,3,4,9
2023471348963,2023,471348963,2,2,1,1,30,6,3,0,0,0,0,0,9,3,E01031555,3,1,0.0,1.0,-1,6,30,1,1,1,08:15,3,2,9
202360A190001,2023,60A190001,2,4,2,2,16,4,3,0,0,1,0,0,9,-1,-1,-1,0,0.02104,0.97896,-1,6,40,1,1,4,11:31,7,3,9
2023311353084,2023,311353084,1,1,2,2,78,11,3,0,0,0,2,0,11,-1,-1,3,1,0.0,1.0,-1,6,30,1,1,1,13:00,7,1,11
2023430281879,2023,430281879,1,1,3,1,66,10,3,6,9,0,0,0,0,9,E01028463,-1,0,0.06243,0.93757,-1,6,30,1,1,1,08:30,4,1,-1
2023201378426,2023,201378426,2,3,2,1,6,2,3,0,0,-1,0,0,9,-1,-1,3,1,0.0,1.0,-1,3,40,1,1,2,15:15,3,2,9
2023471272375,2023,471272375,1,1,1,2,60,9,3,0,0,0,0,0,9,10,E01025968,3,1,0.0,1.0,-1,6,50,1,1,1,16:00,6,2,9
2023010420754,2023,010420754,2,2,1,1,48,8,3,0,0,0,0,0,4,8,E01001987,-1,0,0.0,1.0,-1,6,30,1,1,1,12:20,4,3,4
2023010484719,2023,010484719,2,1,1,2,36,7,3,0,0,0,0,0,9,3,E01000381,-1,0,0.0,1.0,-1,6,30,1,1,1,12:38,2,2,9
2023052400060,2023,052400060,1,2,2,2,33,6,2,0,0,1,0,0,9,1,E01006436,-1,0,1.0,0.0,-1,3,40,1,4,2,01:50,2,3,9
2023471314555,2023,471314555,2,1,2,2,75,10,2,0,0,0,0,0,19,6,E01031825,7,1,1.0,0.0,-1,6,40,1,1,1,14:00,7,2,19
2023421375138,2023,421375138,2,2,1,1,73,10,3,0,0,0,0,0,9,9,E01022069,3,1,0.0,1.0,-1,6,40,1,1,1,14:25,4,2,9
2023430470846,2023,430470846,1,1,1,1,52,8,3,0,0,0,0,0,9,8,E01017836,-1,0,0.01381,0.98619,-1,6,30,1,1,2,08:17,5,2,9
2023451327872,2023,451327872,2,4,2,1,61,9,3,0,0,2,0,0,9,6,E01030371,3,1,0.0,1.0,-1,3,50,1,1,2,13:50,7,3,9
2023461322914,2023,461322914,1,1,1,2,19,4,3,0,0,0,0,0,9,6,E01024406,3,1,0.0,1.0,-1,6,50,1,1,1,13:20,5,1,9
2023501303287,2023,501303287,1,1,1,1,42,7,3,0,0,0,0,0,9,6,E01019971,3,1,0.0,1.0,-1,3,70,1,1,1,10:45,3,2,9
2023440306232,2023,440306232,2,1,1,2,56,9,2,0,0,0,0,0,1,5,E01033229,-1,0,1.0,0.0,-1,6,40,1,1,1,08:56,1,2,1
2023010453854,2023,010453854,2,1,1,1,27,6,3,0,0,0,0,0,1,2,E01003943,-1,0,0.0,1.0,-1,6,20,1,1,1,19:45,6,2,1
2023010437978,2023,010437978,1,1,1,1,37,7,3,0,0,0,0,0,3,5,E01002492,-1,0,0.0,1.0,-1,3,30,1,1,1,08:30,1,2,3
2023010480494,2023,010480494,1,1,1,1,69,10,3,0,0,0,0,0,9,8,E01023486,-1,0,0.0,1.0,-1,1,30,1,1,2,15:55,2,2,9
2023302301412,2023,302301412,1,3,2,1,40,7,2,0,0,2,0,0,9,3,E01019776,-1,0,1.0,0.0,-1,6,60,1,6,1,03:00,1,1,9
2023451302347,2023,451302347,1,1,1,1,19,4,3,0,0,0,0,0,9,5,E01030971,3,1,0.0,1.0,-1,6,30,1,1,1,18:55,7,1,9
2023471351158,2023,471351158,2,2,1,2,55,8,3,0,0,0,0,0,9,9,E01031461,3,1,0.0,1.0,-1,2,60,1,1,1,09:04,2,3,9
2023501284707,2023,501284707,1,1,1,2,25,5,3,0,0,0,0,0,9,1,E01032514,3,1,0.0,1.0,-1,6,60,1,1,2,13:09,6,2,9
2023622300557,2023,622300557,1,3,2,2,24,5,3,0,0,1,0,0,9,4,W01000787,-1,0,0.02623,0.97377,-1,6,40,1,1,1,16:45,6,2,9
2023302300477,2023,302300477,1,1,1,1,43,7,2,0,0,0,0,0,2,5,E01013551,-1,0,1.0,0.0,-1,3,40,1,1,1,08:45,5,2,2
2023522401022,2023,522401022,1,1,3,1,60,9,2,5,1,0,0,0,0,1,E01014497,-1,0,1.0,0.0,-1,6,30,1,4,1,19:26,5,1,9
2023421353662,2023,421353662,2,1,2,1,50,8,3,0,0,2,0,0,9,5,E01021770,3,1,0.0,1.0,-1,6,30,1,1,1,13:57,7,2,9
2023451278000,2023,451278000,1,1,1,2,49,8,3,0,0,0,0,0,9,8,E01030544,3,1,0.0,1.0,-1,3,50,1,1,1,12:13,7,2,9
2023451307078,2023,451307078,1,1,1,1,40,7,3,0,0,0,0,0,9,9,E01022743,3,1,0.0,1.0,-1,6,40,1,6,1,23:32,7,2,9
202363C014723,2023,63C014723,1,1,1,1,88,11,3,0,0,0,0,0,9,5,W01000566,-1,0,0.13005,0.86995,-1,6,30,1,1,1,14:35,1,2,9
2023010469612,2023,010469612,1,1,3,2,25,5,3,1,3,0,0,0,0,3,E01000432,-1,0,0.0,1.0,-1,6,30,2,4,2,19:12,2,1,9
2023010431476,2023,010431476,2,1,1,1,41,7,3,0,0,0,0,0,1,3,E01003014,-1,0,0.0,1.0,-1,6,20,1,4,1,17:45,6,2,1
2023141363839,2023,141363839,1,1,1,1,36,7,3,0,0,0,0,0,1,9,E01008159,3,1,0.0,1.0,-1,6,20,1,4,1,22:30,2,2,1
2023351347147,2023,351347147,2,2,1,2,34,6,2,0,0,0,0,0,9,7,E01017965,7,1,1.0,0.0,-1,6,60,1,1,2,05:10,1,2,9
2023421314133,2023,421314133,1,1,2,2,5,1,3,0,0,2,0,0,9,5,E01020232,3,1,0.0,1.0,-1,3,70,1,1,1,10:05,6,4,9
2023531266497,2023,531266497,1,1,1,1,34,6,2,0,0,0,0,0,9,6,E01022210,7,1,1.0,0.0,-1,6,50,1,1,2,15:08,7,2,9
2023010455621,2023,010455621,1,1,3,2,11,3,3,5,3,0,0,0,0,3,E01000511,-1,0,0.0,1.0,-1,7,20,1,1,2,04:05,7,1,9
2023302300196,2023,302300196,1,1,3,1,12,3,2,5,3,0,0,0,0,2,E01013483,-1,0,1.0,0.0,-1,6,30,1,1,1,15:51,5,1,9
2023061358790,2023,061358790,2,2,2,2,26,6,3,0,0,1,0,0,9,3,E01005972,3,1,0.0,1.0,-1,3,30,8,4,2,20:13,4,2,9
2023311287048,2023,311287048,2,1,1,1,19,4,3,0,0,0,0,0,9,1,E01010616,3,1,0.0,1.0,-1,3,30,3,4,2,03:40,6,2,9
2023451314698,2023,451314698,3,3,2,1,6,2,3,0,0,2,0,0,9,5,E01000594,3,1,0.0,1.0,-1,3,40,1,1,1,14:50,7,3,9
2023471359089,2023,471359089,2,1,1,2,49,8,3,0,0,0,0,0,9,10,E01021218,3,1,0.0,1.0,-1,6,40,1,1,1,16:30,3,2,9
2023010430984,2023,010430984,2,1,1,1,32,6,3,0,0,0,0,0,1,6,E01000924,-1,0,0.0,1.0,-1,6,20,3,1,2,09:10,4,2,1
2023052300462,2023,052300462,2,1,1,1,12,3,3,0,0,0,0,0,1,2,E01006977,-1,0,0.04876,0.95124,-1,6,30,1,1,1,08:30,5,2,1
2023010430148,2023,010430148,1,1,1,2,64,9,2,0,0,0,0,0,9,9,E01017415,-1,0,1.0,0.0,-1,6,30,1,4,1,21:11,5,5,9
2023531345604,2023,531345604,2,2,1,1,25,5,3,0,0,0,0,0,19,10,E01022106,3,1,0.0,1.0,-1,6,50,1,1,1,13:20,4,3,19
2023131284639,2023,131284639,1,1,3,1,15,3,3,10,9,0,0,2,0,1,E01011667,3,1,0.0,1.0,-1,6,30,1,1,1,08:05,3,1,9
2023010475486,2023,010475486,2,1,1,2,22,5,3,0,0,0,0,0,1,2,E01003024,-1,0,0.0,1.0,-1,6,30,2,1,2,08:53,5,2,1
2023010429084,2023,010429084,1,1,1,1,21,5,3,0,0,0,0,0,3,-1,-1,-1,0,0.0,1.0,-1,6,20,9,1,9,12:30,7,2,3
2023041358021,2023,041358021,1,1,1,2,41,7,3,0,0,0,0,0,9,1,E01012595,3,1,0.0,1.0,-1,6,30,2,1,2,15:40,6,2,9
2023041368877,2023,041368877,2,2,1,2,22,5,2,0,0,0,0,0,9,8,E01012581,6,1,1.0,0.0,-1,6,30,2,1,2,08:40,3,2,9
2023141325929,2023,141325929,1,1,1,1,28,6,3,0,0,0,0,0,9,-1,-1,3,1,0.0,1.0,-1,3,30,8,1,2,18:45,3,2,9
202354B964023,2023,54B964023,2,1,1,1,26,6,3,0,0,0,0,0,9,1,E01015572,-1,0,0.01185,0.98815,-1,6,30,1,4,1,18:54,7,3,9
2023610032723,2023,610032723,1,1,1,2,55,8,3,0,0,1,0,0,9,2,W01001406,-1,0,0.01854,0.98146,-1,1,60,1,1,1,17:26,2,2,9
2023070331331,2023,070331331,1,1,2,1,36,7,3,0,0,1,0,0,9,3,E01018326,-1,0,0.02256,0.97744,-1,6,30,1,7,1,01:00,1,2,9
2023070923676,2023,070923676,2,3,2,2,2,1,3,0,0,2,0,0,9,6,E01029563,-1,0,0.01185,0.98815,-1,9,30,8,1,1,16:00,7,2,9
2023411348249,2023,411348249,2,2,2,2,3,1,3,0,0,2,0,0,9,7,E01023888,3,1,0.0,1.0,-1,9,30,1,4,1,20:50,5,2,9
2023421381834,2023,421381834,2,1,1,1,48,8,3,0,0,0,0,0,9,7,E01021887,3,1,0.0,1.0,-1,6,60,7,6,2,19:26,7,2,9
2023041275079,2023,041275079,2,1,1,1,22,5,3,0,0,0,0,0,1,-1,-1,3,1,0.0,1.0,-1,6,30,1,7,1,20:51,1,2,1
2023461276107,2023,461276107,1,1,1,1,60,9,2,0,0,0,0,0,5,7,E01021146,7,1,1.0,0.0,-1,6,60,1,1,2,14:30,2,1,5
2023070101741,2023,070101741,2,1,1,2,28,6,3,0,0,0,0,0,9,7,E01006577,-1,0,0.00961,0.99039,-1,3,70,1,1,1,07:33,4,2,9
2023070955846,2023,070955846,2,1,1,2,60,9,3,0,0,0,0,0,9,9,E01018628,-1,0,0.02471,0.97529,-1,1,30,1,1,2,15:50,2,2,9
2023221319714,2023,221319714,1,1,1,2,32,6,3,0,0,0,0,0,9,7,E01029012,3,1,0.0,1.0,-1,6,60,2,1,2,11:00,7,1,9
2023451338764,2023,451338764,1,1,2,1,37,7,2,0,0,1,0,0,9,4,E01030383,6,1,1.0,0.0,-1,1,40,1,4,1,00:15,2,1,9
2023010427070,2023,010427070,1,1,1,1,46,8,3,0,0,0,0,0,11,3,E01003589,-1,0,0.0,1.0,-1,6,30,1,1,1,08:00,3,2,11
2023522301477,2023,522301477,2,2,1,1,33,6,3,0,0,0,0,0,19,9,E01014853,-1,0,0.06255,0.93745,-1,3,60,1,1,2,10:35,7,3,19
2023010448590,2023,010448590,2,1,1,-1,-1,-1,3,0,0,0,0,0,1,-1,-1,-1,0,0.0,1.0,-1,6,20,1,1,1,15:00,2,2,1
2023622300771,2023,622300771,2,2,1,1,66,10,3,0,0,0,0,0,4,3,W01001247,-1,0,0.12077,0.87923,-1,6,30,2,1,2,11:12,5,2,4
2023010423780,2023,010423780,1,1,3,2,57,9,3,1,1,0,0,0,0,10,E01030888,-1,0,0.0,1.0,-1,9,30,1,1,1,09:35,6,1,1
2023201390715,2023,201390715,2,1,2,2,27,6,3,0,0,1,0,0,9,2,E01010400,3,1,0.0,1.0,-1,6,30,1,1,1,17:04,1,2,9
2023430203473,2023,430203473,1,1,1,1,87,11,3,0,0,0,0,0,9,4,E01016673,-1,0,0.09638,0.90362,-1,6,30,1,1,5,14:35,4,1,9
2023421295507,2023,421295507,1,1,1,1,29,6,3,0,0,0,0,0,19,1,E01004257,3,1,0.0,1.0,-1,6,30,1,1,1,15:40,3,3,19
2023010433079,2023,010433079,1,1,1,1,24,5,3,0,0,0,0,0,9,9,E01000897,-1,0,0.0,1.0,-1,6,20,1,1,1,14:35,1,3,9
2023010478772,2023,010478772,2,1,2,2,26,6,3,0,0,1,0,0,9,-1,-1,-1,0,0.0,1.0,-1,6,20,2,1,2,11:06,7,2,9