collision_index,collision_year,collision_ref_no,vehicle_reference,casualty_reference,casualty_class,sex_of_casualty,age_of_casualty,age_band_of_casualty,casualty_severity,pedestrian_location,pedestrian_movement,car_passenger,bus_or_coach_passenger,pedestrian_road_maintenance_worker,casualty_type,casualty_imd_decile,lsoa_of_casualty,enhanced_casualty_severity,casualty_injury_based,casualty_adjusted_severity_serious,casualty_adjusted_severity_slight,casualty_distance_banding,road_type,speed_limit,weather_conditions,light_conditions,road_surface_conditions,time,day_of_week,number_of_vehicles,vehicle_type
2023440058141,2023,440058141,2,2,1,1,21,5,3,0,0,0,0,0,9,3,E01017189,-1,0,0.06433,0.93567,-1,6,40,1,1,1,10:51,7,2,9
2023010467621,2023,010467621,1,1,1,1,28,6,3,0,0,0,0,0,9,7,E01001125,-1,0,0.0,1.0,-1,6,30,2,1,1,08:57,6,2,9
2023122301046,2023,122301046,1,1,1,1,28,6,3,0,0,0,0,0,9,2,E01012318,-1,0,0.03758,0.96242,-1,6,60,1,6,2,05:50,3,2,9
2023161371270,2023,161371270,1,1,1,2,42,7,3,0,0,0,0,0,9,4,E01013076,3,1,0.0,1.0,-1,6,30,2,4,2,19:58,7,2,9
2023161314553,2023,161314553,1,1,1,1,74,10,2,0,0,0,0,0,9,7,E01013075,7,1,1.0,0.0,-1,6,60,1,1,1,08:40,5,2,9
2023411289745,2023,411289745,1,1,1,2,28,6,3,0,0,0,0,0,9,5,E01023593,3,1,0.0,1.0,-1,6,60,1,1,1,07:50,6,1,9
2023531310023,2023,531310023,2,3,1,2,37,7,3,0,0,0,0,0,9,6,E01022405,3,1,0.0,1.0,-1,7,30,1,1,1,16:55,1,2,9
2023361265168,2023,361265168,1,1,1,1,21,5,2,0,0,0,0,0,9,4,E01026661,5,1,1.0,0.0,-1,6,60,1,7,2,06:30,4,5,9
2023010469324,2023,010469324,1,2,2,-1,-1,-1,3,0,0,2,0,0,9,4,E01003722,-1,0,0.0,1.0,-1,1,30,9,1,1,10:30,1,2,9
2023041341314,2023,041341314,2,1,1,1,55,8,3,0,0,0,0,0,9,1,E01012577,3,1,0.0,1.0,-1,6,30,1,1,1,17:55,7,2,9
2023201410522,2023,201410522,1,1,2,1,-1,-1,3,0,0,-1,0,0,9,-1,-1,3,1,0.0,1.0,-1,6,30,1,1,2,09:35,4,3,9
2023461298043,2023,461298043,2,2,1,2,39,7,3,0,0,0,0,0,9,2,E01016061,3,1,0.0,1.0,-1,6,30,1,4,2,20:55,3,3,9
2023501308324,2023,501308324,1,1,1,1,27,6,3,0,0,0,0,0,9,-1,-1,3,1,0.0,1.0,-1,6,30,1,6,1,00:01,2,1,9
2023991344397,2023,991344397,2,1,1,2,36,7,2,0,0,0,0,0,9,6,-1,5,1,1.0,0.0,-1,6,60,1,1,1,18:45,2,2,9
2023440450580,2023,440450580,1,1,1,1,28,6,3,0,0,0,0,0,1,6,E01022925,-1,0,0.20899,0.79101,-1,6,30,1,4,2,21:30,6,1,1
2023010443504,2023,010443504,1,3,2,1,30,6,3,0,0,0,0,0,10,5,E01001038,-1,0,0.0,1.0,-1,6,30,1,1,1,14:16,4,2,10
2023010471568,2023,010471568,1,1,1,2,-1,-1,3,0,0,0,0,0,3,3,E01002048,-1,0,0.0,1.0,-1,6,20,1,1,1,15:34,3,2,3
2023320701555,2023,320701555,1,1,3,1,76,11,1,1,1,0,0,0,0,5,E01026133,-1,0,0.0,0.0,-1,6,30,1,4,2,22:00,1,1,9
2023622300785,2023,622300785,1,1,3,1,63,9,3,10,5,0,0,0,0,7,W01000766,-1,0,0.07611,0.92389,-1,6,30,9,1,1,15:37,5,1,3
2023311345557,2023,311345557,1,1,3,1,85,11,2,6,9,0,0,0,0,2,E01028029,5,1,1.0,0.0,-1,6,30,1,1,1,14:35,4,1,9
2023010450532,2023,010450532,2,1,1,1,57,9,3,0,0,0,0,0,5,8,E01023315,-1,0,0.0,1.0,-1,3,40,1,1,1,16:47,4,2,5
2023201390093,2023,201390093,2,2,1,1,21,5,3,0,0,0,0,0,9,-1,-1,3,1,0.0,1.0,-1,6,30,1,1,1,15:42,3,2,9
2023440339017,2023,440339017,1,1,1,1,45,7,3,0,0,0,0,0,9,-1,-1,-1,0,0.12938,0.87062,-1,3,70,1,6,1,01:16,3,1,9
2023531274333,2023,531274333,1,2,2,2,37,7,3,0,0,1,0,0,9,7,E01022205,3,1,0.0,1.0,-1,6,60,1,1,2,08:50,5,2,9
2023010471642,2023,010471642,1,1,3,2,42,7,2,6,9,0,0,0,0,1,E01003318,-1,0,1.0,0.0,-1,2,30,1,1,1,15:30,5,1,9
2023471337603,2023,471337603,1,1,3,2,47,8,3,5,3,0,0,0,0,8,E01016901,3,1,0.0,1.0,-1,6,20,1,1,1,14:32,6,1,11
2023010471612,2023,010471612,1,1,1,2,37,7,3,0,0,0,0,0,9,7,E01000145,-1,0,0.0,1.0,-1,9,30,2,1,2,10:00,5,2,9
2023361353564,2023,361353564,2,4,2,1,85,11,3,0,0,1,0,0,9,-1,-1,3,1,0.0,1.0,-1,6,50,1,1,1,10:25,2,2,9
202354C208823,2023,54C208823,2,2,1,2,47,8,2,0,0,0,0,0,9,6,E01020445,-1,0,1.0,0.0,-1,6,50,2,6,2,18:03,6,2,9
2023440497937,2023,440497937,1,1,1,1,64,9,3,0,0,0,0,0,20,3,E01032745,-1,0,0.13753,0.86247,-1,6,40,1,1,1,11:15,4,2,20
2023041313930,2023,041313930,1,1,1,1,31,6,2,0,0,0,0,0,9,-1,-1,7,1,1.0,0.0,-1,6,30,1,1,1,16:30,5,2,9
2023311260693,2023,311260693,1,3,2,1,5,1,3,0,0,2,0,0,9,3,E01027931,3,1,0.0,1.0,-1,3,50,1,1,2,15:38,7,1,9
2023371303746,2023,371303746,2,2,1,1,51,8,3,0,0,0,0,0,9,2,E01028284,3,1,0.0,1.0,-1,6,60,1,1,1,19:20,4,2,9
2023401378079,2023,401378079,1,1,1,1,85,11,3,0,0,0,0,0,9,7,E01023594,3,1,0.0,1.0,-1,6,30,8,4,2,17:56,3,3,9
2023010482828,2023,010482828,1,1,3,2,76,11,2,2,1,0,0,0,0,3,E01001186,-1,0,1.0,0.0,-1,6,30,1,1,1,12:45,6,1,9
2023161365564,2023,161365564,2,1,1,1,60,9,3,0,0,0,0,0,9,3,E01012986,3,1,0.0,1.0,-1,1,50,8,4,2,18:41,1,2,9
2023170S20863,2023,170S20863,2,2,1,2,25,5,3,0,0,0,0,0,9,2,E01012247,-1,0,0.03035,0.96965,-1,1,40,1,1,1,08:55,6,2,9
2023351360232,2023,351360232,3,2,2,2,-1,-1,3,0,0,1,0,0,9,6,E01030087,3,1,0.0,1.0,-1,3,70,1,1,1,17:44,6,3,9
2023010436046,2023,010436046,1,4,2,-1,-1,-1,3,0,0,2,0,0,8,-1,-1,-1,0,0.0,1.0,-1,6,20,1,1,1,07:51,2,1,8
2023061325230,2023,061325230,2,2,2,2,-1,-1,3,0,0,-1,0,0,9,2,E01005670,3,1,0.0,1.0,-1,6,30,1,1,1,08:00,1,2,9
2023411268133,2023,411268133,1,1,1,1,51,8,3,0,0,0,0,0,1,6,E01033308,3,1,0.0,1.0,-1,6,30,1,4,4,19:15,5,2,1
2023010481261,2023,010481261,1,1,1,1,32,6,3,0,0,0,0,0,3,5,E01000779,-1,0,0.0,1.0,-1,9,30,9,7,9,18:00,3,2,3
2023010439806,2023,010439806,1,1,1,2,26,6,3,0,0,0,0,0,9,3,E01000054,-1,0,0.0,1.0,-1,6,20,1,1,1,14:00,7,2,9
2023231357631,2023,231357631,2,1,1,1,36,7,3,0,0,0,0,0,9,7,E01031212,3,1,0.0,1.0,-1,6,60,1,1,1,07:10,3,2,9
2023440208467,2023,440208467,1,1,1,2,32,6,3,0,0,0,0,0,9,10,E01022772,-1,0,0.04776,0.95224,-1,6,40,1,1,1,13:45,6,2,9
2023451312196,2023,451312196,1,1,1,1,28,6,2,0,0,0,0,0,5,9,E01023130,7,1,1.0,0.0,-1,3,70,1,1,1,17:50,5,1,5
2023991346473,2023,991346473,2,1,2,2,56,9,2,0,0,1,0,0,9,6,-1,7,1,1.0,0.0,-1,6,60,1,1,1,16:08,2,2,9
2023031314583,2023,031314583,1,1,3,1,10,2,3,4,3,0,0,0,0,-1,-1,3,1,0.0,1.0,-1,6,30,1,1,1,18:27,7,1,9
2023061276547,2023,061276547,1,1,3,1,44,7,3,5,9,0,0,-1,0,-1,-1,3,1,0.0,1.0,-1,6,30,9,1,1,14:00,7,1,-1
2023201374499,2023,201374499,2,1,1,1,61,9,3,0,0,0,0,0,1,1,E01009639,3,1,0.0,1.0,-1,1,30,2,1,2,10:16,3,2,1
2023302301020,2023,302301020,2,1,1,-1,15,3,3,0,0,0,0,0,1,3,E01033388,-1,0,0.03408,0.96592,-1,6,30,1,1,1,15:50,3,2,1
2023010460171,2023,010460171,2,1,1,1,20,4,2,0,0,0,0,0,4,3,E01000148,-1,0,1.0,0.0,-1,6,30,1,4,1,00:20,7,2,4
2023201282134,2023,201282134,2,4,2,2,-1,-1,2,0,0,2,0,0,9,1,E01010235,7,1,1.0,0.0,-1,1,30,1,1,1,14:52,1,2,9
2023371363464,2023,371363464,2,1,1,2,38,7,3,0,0,0,0,0,9,3,E01030025,3,1,0.0,1.0,-1,6,30,1,1,1,08:45,3,2,9
2023451384423,2023,451384423,1,1,3,1,19,4,2,5,3,0,0,0,0,3,E01030385,7,1,1.0,0.0,-1,6,30,1,7,1,23:45,7,1,9
2023101316055,2023,101316055,2,1,1,1,16,4,3,0,0,0,0,0,1,-1,-1,3,1,0.0,1.0,-1,6,30,1,1,1,16:00,4,2,1
2023440087454,2023,440087454,1,1,1,1,53,8,2,0,0,0,0,0,4,9,E01022555,-1,0,1.0,0.0,-1,6,30,1,1,1,16:36,6,1,4
2023440011243,2023,440011243,1,1,3,1,67,10,2,1,1,0,0,0,0,9,E01022837,-1,0,1.0,0.0,-1,6,30,2,4,2,18:46,2,1,9
2023010443382,2023,010443382,3,1,2,1,47,8,3,0,0,1,0,0,9,2,E01003566,-1,0,0.0,1.0,-1,6,30,1,1,1,19:24,3,4,9
2023010444391,2023,010444391,3,2,1,2,49,8,3,0,0,0,0,0,9,4,E01001137,-1,0,0.0,1.0,-1,6,30,1,1,1,13:15,2,3,9
2023010461790,2023,010461790,1,1,1,2,53,8,3,0,0,0,0,0,9,4,E01024690,-1,0,0.0,1.0,-1,3,70,1,1,1,19:46,5,2,9
2023201363824,2023,201363824,2,2,1,2,38,7,3,0,0,0,0,0,9,8,E01005043,3,1,0.0,1.0,-1,3,70,1,1,1,18:26,4,3,9
2023430044976,2023,430044976,1,1,1,1,65,9,3,0,0,0,0,0,9,7,E01027305,-1,0,0.08114,0.91886,-1,6,60,1,6,1,16:40,2,2,9
2023201297281,2023,201297281,1,1,2,2,-1,-1,3,0,0,0,0,0,19,-1,-1,3,1,0.0,1.0,-1,1,30,1,1,1,16:18,3,2,19
2023430380997,2023,430380997,1,1,2,1,32,6,3,0,0,0,0,0,21,8,E01028715,-1,0,0.03204,0.96796,-1,1,30,1,1,1,11:59,6,1,21
2023010429398,2023,010429398,1,1,1,1,47,8,3,0,0,0,0,0,1,7,E01000442,-1,0,0.0,1.0,-1,6,30,1,1,1,08:00,2,2,1
2023010433339,2023,010433339,2,2,1,1,34,6,2,0,0,0,0,0,3,2,E01003502,-1,0,1.0,0.0,-1,3,20,1,1,1,08:13,3,2,3
2023122301191,2023,122301191,1,1,1,1,18,4,3,0,0,0,0,0,3,6,E01027842,-1,0,0.11992,0.88008,-1,6,30,2,1,2,17:50,3,2,3
2023440255858,2023,440255858,1,1,1,1,46,8,3,0,0,0,0,0,1,7,E01017291,-1,0,0.12438,0.87562,-1,6,30,1,1,1,18:30,2,2,1
2023131343988,2023,131343988,2,1,1,1,20,4,3,0,0,0,0,0,3,4,E01011799,3,1,0.0,1.0,-1,9,30,1,1,1,09:45,2,2,3
2023101260345,2023,101260345,2,1,1,2,41,7,3,0,0,0,0,0,9,1,E01008756,3,1,0.0,1.0,-1,6,30,1,1,2,08:43,6,2,9
2023221342986,2023,221342986,2,1,1,1,19,4,3,0,0,0,0,0,9,6,E01028970,3,1,0.0,1.0,-1,6,60,1,1,1,09:00,4,2,9
2023231352373,2023,231352373,2,2,1,1,77,11,2,0,0,0,0,0,9,9,E01031219,5,1,1.0,0.0,-1,6,40,1,1,1,13:00,4,5,9
2023461374820,2023,461374820,2,1,1,2,38,7,2,0,0,0,0,0,9,4,E01016097,7,1,1.0,0.0,-1,6,60,1,1,1,16:50,5,2,9
2023010445582,2023,010445582,2,1,1,1,53,8,3,0,0,0,0,0,8,1,E01003047,-1,0,0.0,1.0,-1,6,20,1,4,1,22:10,7,2,8
2023061290471,2023,061290471,1,1,2,2,26,6,3,0,0,2,0,0,8,8,E01033331,3,1,0.0,1.0,-1,6,30,8,4,2,21:45,6,2,8
2023351387789,2023,351387789,2,4,2,1,29,6,3,0,0,-1,0,0,9,-1,-1,3,1,0.0,1.0,-1,6,30,1,4,1,23:46,1,2,9
2023371364202,2023,371364202,2,2,1,1,57,9,3,0,0,0,0,0,9,9,E01029893,3,1,0.0,1.0,-1,6,60,1,4,2,18:35,7,2,9
2023520400299,2023,520400299,1,1,2,2,68,10,3,0,0,1,0,0,9,10,E01015399,-1,0,0.00353,0.99647,-1,6,30,1,1,1,11:20,7,2,9
2023221298994,2023,221298994,1,1,1,1,20,4,2,0,0,0,0,0,19,1,E01008927,6,1,1.0,0.0,-1,6,60,1,6,2,23:00,3,2,19
2023010465618,2023,010465618,2,1,1,1,22,5,3,0,0,0,0,0,1,3,E01000404,-1,0,0.0,1.0,-1,6,20,1,4,2,22:20,3,2,1
2023430480312,2023,430480312,2,1,1,2,73,10,2,0,0,0,0,0,1,10,E01032554,-1,0,1.0,0.0,-1,6,20,1,1,1,15:34,4,2,1
2023010482166,2023,010482166,1,1,1,1,34,6,3,0,0,0,0,0,3,3,E01003439,-1,0,0.0,1.0,-1,9,20,2,1,2,07:30,2,3,3
2023320538224,2023,320538224,1,2,1,1,20,4,3,0,0,0,0,0,9,7,E01026275,-1,0,0.02058,0.97942,-1,6,30,1,1,1,12:00,2,2,9
2023430295256,2023,430295256,2,1,1,2,63,9,3,0,0,0,0,0,9,10,E01017682,-1,0,0.00722,0.99278,-1,6,40,1,1,1,12:30,2,2,9
2023440486163,2023,440486163,1,1,1,1,50,8,1,0,0,0,0,0,9,4,E01017074,-1,0,0.0,0.0,-1,3,50,1,4,1,05:39,3,2,9
2023471286195,2023,471286195,1,1,1,2,19,4,3,0,0,0,0,0,9,5,E01031574,3,1,0.0,1.0,-1,6,30,1,1,1,09:00,2,2,9
2023440167246,2023,440167246,1,1,3,1,22,5,3,4,3,0,0,0,0,10,E01022747,-1,0,0.20358,0.79642,-1,6,30,1,4,1,21:11,6,1,9
2023520300943,2023,520300943,1,1,3,1,65,9,3,8,9,0,0,0,0,2,E01029236,-1,0,0.17779,0.82221,-1,6,30,1,4,1,00:01,7,1,9
2023052301767,2023,052301767,2,1,1,1,16,4,3,0,0,0,0,0,1,5,E01007069,-1,0,0.05235,0.94765,-1,6,30,1,1,1,12:00,4,2,1
2023010474547,2023,010474547,1,1,1,1,26,6,2,0,0,0,0,0,3,1,E01002751,-1,0,1.0,0.0,-1,6,20,2,1,2,14:30,7,2,3
2023501350844,2023,501350844,1,3,1,1,47,8,2,0,0,0,0,0,5,4,E01019007,6,1,1.0,0.0,-1,6,60,1,1,1,10:15,7,2,5
2023010422427,2023,010422427,1,1,1,2,28,6,3,0,0,0,0,0,8,2,E01003508,-1,0,0.0,1.0,-1,6,20,1,1,1,10:45,6,1,8
2023052302219,2023,052302219,2,2,2,2,77,11,3,0,0,1,0,0,9,4,E01006837,-1,0,0.01702,0.98298,-1,6,30,1,1,1,12:13,7,3,9
2023141275175,2023,141275175,2,1,1,1,24,5,3,0,0,0,0,0,9,4,E01007445,3,1,0.0,1.0,-1,6,60,1,1,1,14:10,7,3,9
2023141287101,2023,141287101,2,1,1,2,50,8,3,0,0,0,0,0,9,6,E01007408,3,1,0.0,1.0,-1,3,30,1,1,1,12:30,3,2,9
2023201315804,2023,201315804,1,3,2,1,19,4,3,0,0,1,0,0,9,-1,-1,3,1,0.0,1.0,-1,3,40,1,4,1,22:29,5,2,9
2023201393141,2023,201393141,2,1,1,2,48,8,3,0,0,0,0,0,9,2,E01010531,3,1,0.0,1.0,-1,6,30,1,1,1,13:46,6,2,9
2023221302644,2023,221302644,2,2,1,1,79,11,2,0,0,0,0,0,9,7,W01001548,6,1,1.0,0.0,-1,6,60,1,1,1,16:15,2,2,9
2023320633542,2023,320633542,2,2,2,2,9,2,3,0,0,1,0,0,9,9,E01026320,-1,0,0.03598,0.96402,-1,6,40,2,4,2,17:11,4,2,9
2023501311164,2023,501311164,2,2,1,2,74,10,3,0,0,0,0,0,9,4,E01018754,3,1,0.0,1.0,-1,6,30,1,1,1,18:09,3,2,9
2023311311563,2023,311311563,1,1,1,1,25,5,2,0,0,0,0,0,-1,2,E01013943,7,1,1.0,0.0,-1,6,30,1,1,1,19:30,4,2,-1
2023041341113,2023,041341113,1,1,2,1,10,2,3,0,0,1,0,0,9,3,E01025143,3,1,0.0,1.0,-1,6,30,1,6,1,03:00,1,2,9
2023061342657,2023,061342657,2,1,1,1,39,7,3,0,0,0,0,0,9,2,E01005593,3,1,0.0,1.0,-1,6,30,2,1,2,13:00,6,2,9
2023302301622,2023,302301622,1,2,2,2,68,10,3,0,0,1,0,0,9,4,E01019689,-1,0,0.07436,0.92564,-1,6,30,1,1,1,09:38,1,2,9
2023131304752,2023,131304752,2,1,1,1,27,6,3,0,0,0,0,0,1,8,E01011694,3,1,0.0,1.0,-1,6,30,1,1,2,18:00,6,2,1
2023221286546,2023,221286546,1,1,1,2,25,5,3,0,0,0,0,0,9,5,E01032391,3,1,0.0,1.0,-1,6,50,2,1,2,17:20,5,2,9
2023401358950,2023,401358950,2,3,2,1,28,6,3,0,0,-1,0,0,9,-1,-1,3,1,0.0,1.0,-1,6,30,1,4,1,01:33,2,2,9
202354A588823,2023,54A588823,2,2,2,2,11,3,3,0,0,2,0,0,9,7,W01000486,-1,0,0.0471,0.9529,-1,3,40,1,4,1,22:26,5,2,9
2023430254557,2023,430254557,1,1,1,1,63,9,3,0,0,0,0,0,9,8,E01016298,-1,0,0.00737,0.99263,-1,6,30,1,1,1,20:50,6,2,9
2023501353281,2023,501353281,2,1,1,2,75,10,3,0,0,0,0,0,9,8,E01020261,3,1,0.0,1.0,-1,1,30,1,1,2,09:34,7,2,9
2023010432246,2023,010432246,2,1,1,1,20,4,3,0,0,0,0,0,1,4,E01032778,-1,0,0.0,1.0,-1,1,20,1,4,1,00:12,4,2,1
2023010475780,2023,010475780,1,1,1,1,45,7,3,0,0,0,0,0,1,3,E01004200,-1,0,0.0,1.0,-1,9,20,8,4,9,20:00,6,2,1
2023201296482,2023,201296482,1,1,1,1,-1,-1,3,0,0,0,0,0,3,4,E01010072,3,1,0.0,1.0,-1,6,30,1,1,1,11:00,7,2,3
2023141359707,2023,141359707,1,1,1,2,33,6,3,0,0,0,0,0,9,-1,-1,3,1,0.0,1.0,-1,6,50,1,1,1,08:35,5,2,9
2023421362741,2023,421362741,1,4,2,1,20,4,3,0,0,2,0,0,9,6,E01030112,3,1,0.0,1.0,-1,6,30,2,6,2,12:18,6,1,9
2023522300454,2023,522300454,1,1,2,2,44,7,3,0,0,2,0,0,9,2,E01029100,-1,0,0.00425,0.99575,-1,6,20,1,1,1,16:00,2,2,9
202363D011623,2023,63D011623,1,1,1,2,17,4,3,0,0,0,0,0,9,8,W01000439,-1,0,0.0766,0.9234,-1,6,60,1,6,1,18:20,3,2,9
2023991348818,2023,991348818,1,1,2,1,33,6,2,0,0,0,3,0,11,-1,-1,7,1,1.0,0.0,-1,6,30,1,4,1,00:01,3,1,11
2023041327547,2023,041327547,1,1,1,1,24,5,3,0,0,0,0,0,5,7,E01025079,3,1,0.0,1.0,-1,6,30,1,4,1,22:24,4,2,5
2023522400839,2023,522400839,1,1,3,1,-1,-1,3,8,9,0,0,0,0,-1,-1,-1,0,0.0297,0.9703,-1,6,20,1,1,1,08:30,6,1,9
202360A037756,2023,60A037756,1,1,3,2,60,9,3,6,9,0,0,0,0,-1,-1,-1,0,0.17987,0.82013,-1,6,60,1,1,1,17:50,3,1,9
2023122300991,2023,122300991,2,2,1,2,60,9,3,0,0,0,0,0,8,1,E01033468,-1,0,0.06994,0.93006,-1,6,60,2,1,2,15:41,6,3,8
2023421293160,2023,421293160,2,1,1,1,47,8,3,0,0,0,0,0,19,10,E01021622,3,1,0.0,1.0,-1,3,70,1,4,1,05:58,2,2,19
2023071174794,2023,071174794,1,1,3,1,14,3,3,4,3,0,0,0,0,2,E01033302,-1,0,0.13178,0.86822,-1,6,30,1,4,1,17:39,4,1,9
2023430062217,2023,430062217,1,1,1,2,20,4,3,0,0,0,0,0,9,4,E01016378,-1,0,0.00402,0.99598,-1,2,30,1,4,1,00:34,6,2,9
2023461384979,2023,461384979,1,1,1,2,33,6,3,0,0,0,0,0,9,8,E01024354,3,1,0.0,1.0,-1,3,70,1,4,2,00:57,7,1,9
2023501363930,2023,501363930,1,1,1,2,41,7,3,0,0,0,0,0,9,7,E01018934,3,1,0.0,1.0,-1,6,60,1,1,1,11:01,2,1,9
2023430442216,2023,430442216,2,1,2,1,30,6,3,0,0,0,2,0,11,-1,-1,-1,0,0.01367,0.98633,-1,6,30,1,1,1,13:05,1,2,11
2023520400324,2023,520400324,1,2,2,2,74,10,3,0,0,1,0,0,8,9,E01019790,-1,0,0.09142,0.90858,-1,6,40,1,1,1,16:30,6,1,8
2023010426856,2023,010426856,1,1,1,1,23,5,3,0,0,0,0,0,9,2,E01000626,-1,0,0.0,1.0,-1,6,20,1,7,1,03:17,2,1,9
2023010465102,2023,010465102,1,1,1,1,70,10,3,0,0,0,0,0,9,6,E01004618,-1,0,0.0,1.0,-1,6,40,1,4,1,00:45,1,2,9
2023221373908,2023,221373908,2,3,2,1,5,1,2,0,0,2,0,0,9,3,E01032321,5,1,1.0,0.0,-1,6,50,2,4,2,15:40,1,2,9
2023501388248,2023,501388248,2,2,1,2,29,6,3,0,0,0,0,0,19,4,E01015069,3,1,0.0,1.0,-1,2,30,1,1,1,07:44,2,2,19
2023010453673,2023,010453673,1,1,1,1,37,7,3,0,0,0,0,0,3,4,E01004643,-1,0,0.0,1.0,-1,6,20,8,1,1,07:11,6,2,3
2023461330066,2023,461330066,2,1,1,1,60,9,3,0,0,0,0,0,5,4,E01016115,3,1,0.0,1.0,-1,6,30,1,1,1,13:57,3,2,5
2023131371461,2023,131371461,1,1,3,2,11,3,2,10,1,0,0,1,0,10,E01011797,7,1,1.0,0.0,-1,6,30,1,1,1,14:51,2,1,9
2023201298924,2023,201298924,2,3,2,1,19,4,3,0,0,2,0,0,9,1,E01009002,3,1,0.0,1.0,-1,6,30,1,1,1,19:23,2,2,9
2023340NN1592,2023,340NN1592,1,1,1,1,34,6,2,0,0,0,0,0,9,3,E01014156,-1,0,1.0,0.0,-1,3,40,1,4,1,00:35,4,2,9
2023371349514,2023,371349514,2,2,1,2,52,8,3,0,0,0,0,0,9,6,E01029915,3,1,0.0,1.0,-1,6,30,1,1,1,13:39,3,2,9
2023010433801,2023,010433801,1,1,1,1,27,6,3,0,0,0,0,0,1,7,E01001204,-1,0,0.0,1.0,-1,6,20,1,1,1,10:30,5,2,1
2023311326522,2023,311326522,1,1,3,1,35,6,3,1,3,0,0,0,0,4,E01013889,3,1,0.0,1.0,-1,6,30,1,1,1,17:45,5,1,9
2023501362271,2023,501362271,1,1,3,2,72,10,3,6,9,0,0,0,0,6,E01020168,3,1,0.0,1.0,-1,6,30,2,4,2,18:00,5,1,9
2023302301102,2023,302301102,1,1,1,2,22,5,3,0,0,0,0,0,9,1,E01013487,-1,0,0.05143,0.94857,-1,6,30,1,1,1,11:20,4,2,9
2023430461573,2023,430461573,2,4,2,1,7,2,3,0,0,2,0,0,9,4,E01028466,-1,0,0.01133,0.98867,-1,3,40,2,1,2,16:21,6,2,9
2023451294416,2023,451294416,2,2,1,1,50,8,3,0,0,0,0,0,9,9,E01030660,3,1,0.0,1.0,-1,3,70,1,1,1,08:30,3,2,9
2023010462734,2023,010462734,1,1,1,1,35,6,3,0,0,0,0,0,3,2,E01033148,-1,0,0.0,1.0,-1,6,20,1,4,1,01:11,2,1,3
2023211311467,2023,211311467,1,2,2,2,63,9,3,0,0,0,0,0,4,3,E01010407,3,1,0.0,1.0,-1,6,60,1,1,1,14:50,5,1,4
2023010431111,2023,010431111,1,1,3,1,-1,-1,3,10,9,0,0,0,0,-1,-1,-1,0,0.0,1.0,-1,6,30,2,7,2,18:10,4,1,9
2023010445109,2023,010445109,1,1,3,2,19,4,3,1,3,0,0,0,0,4,E01001355,-1,0,0.0,1.0,-1,6,30,1,1,1,14:10,5,1,9
2023131369065,2023,131369065,1,1,3,2,83,11,1,10,3,0,0,1,0,1,E01010713,1,1,0.0,0.0,-1,6,30,8,1,2,11:14,3,1,9
2023440378970,2023,440378970,1,1,3,1,32,6,2,9,8,0,0,0,0,4,E01017359,-1,0,1.0,0.0,-1,6,40,1,6,1,22:11,7,1,9
2023131325013,2023,131325013,1,1,1,1,32,6,2,0,0,0,0,0,1,2,E01011760,7,1,1.0,0.0,-1,6,30,1,1,1,14:30,1,2,1
2023031294692,2023,031294692,1,1,1,1,16,4,3,0,0,0,0,0,2,2,E01019165,3,1,0.0,1.0,-1,6,30,1,1,1,19:00,6,2,2
2023052301327,2023,052301327,2,1,1,2,56,9,3,0,0,0,0,0,9,1,E01006729,-1,0,0.01993,0.98007,-1,6,30,1,1,1,16:50,6,2,9
2023340WN4382,2023,340WN4382,1,2,1,2,32,6,3,0,0,0,0,0,9,2,E01026992,-1,0,0.10206,0.89794,-1,6,60,1,1,1,17:28,5,4,9
2023010459782,2023,010459782,1,1,1,1,29,6,3,0,0,0,0,0,3,4,E01003684,-1,0,0.0,1.0,-1,2,30,1,1,1,20:36,4,2,3
2023052300204,2023,052300204,1,1,3,1,23,5,3,5,2,0,0,0,0,1,E01006697,-1,0,0.13855,0.86145,-1,6,30,1,1,2,11:09,6,1,9
2023131296660,2023,131296660,1,1,3,1,9,2,3,5,3,0,0,2,0,3,E01011379,3,1,0.0,1.0,-1,6,20,1,1,1,15:12,5,1,9
2023010420645,2023,010420645,2,1,1,1,49,8,2,0,0,0,0,0,1,3,E01003025,-1,0,1.0,0.0,-1,6,20,1,1,1,15:25,3,2,1
2023170L30893,2023,170L30893,1,1,3,1,10,2,3,5,4,0,0,0,0,7,E01012186,-1,0,0.09575,0.90425,-1,6,30,1,1,1,17:05,4,1,97
2023471358038,2023,471358038,2,1,1,1,52,8,3,0,0,0,0,0,5,2,E01031819,3,1,0.0,1.0,-1,6,60,1,1,2,14:06,7,2,5
2023471377137,2023,471377137,2,2,2,2,55,8,3,0,0,1,0,0,5,8,E01017010,3,1,0.0,1.0,-1,6,30,1,1,1,07:56,3,2,5
2023010452280,2023,010452280,1,1,3,2,33,6,3,10,9,0,0,0,0,4,E01001216,-1,0,0.0,1.0,-1,9,20,1,1,1,17:00,3,1,19
2023440098447,2023,440098447,1,1,1,1,14,3,3,0,0,0,0,0,1,6,E01022802,-1,0,0.19031,0.80969,-1,6,40,1,1,1,15:18,7,2,1
2023010450683,2023,010450683,2,1,1,1,50,8,3,0,0,0,0,0,1,9,E01000768,-1,0,0.0,1.0,-1,6,20,9,4,9,22:25,3,2,1
2023421371490,2023,421371490,2,1,1,2,34,6,3,0,0,0,0,0,1,2,E01015861,3,1,0.0,1.0,-1,6,30,8,1,-1,11:15,6,2,1