collision_index,collision_year,collision_ref_no,vehicle_reference,casualty_reference,casualty_class,sex_of_casualty,age_of_casualty,age_band_of_casualty,casualty_severity,pedestrian_location,pedestrian_movement,car_passenger,bus_or_coach_passenger,pedestrian_road_maintenance_worker,casualty_type,casualty_imd_decile,lsoa_of_casualty,enhanced_casualty_severity,casualty_injury_based,casualty_adjusted_severity_serious,casualty_adjusted_severity_slight,casualty_distance_banding,road_type,speed_limit,weather_conditions,light_conditions,road_surface_conditions,time,day_of_week,number_of_vehicles,vehicle_type
2023302301860,2023,302301860,1,1,2,1,18,4,2,0,0,1,0,0,9,10,E01019604,-1,0,1.0,0.0,-1,6,60,3,1,3,11:44,1,1,9
2023340NN2392,2023,340NN2392,2,2,2,1,29,6,3,0,0,1,0,0,9,-1,-1,-1,0,0.04224,0.95776,-1,3,70,1,1,1,14:15,3,2,9
2023401394004,2023,401394004,2,1,1,2,23,5,3,0,0,0,0,0,9,2,E01015807,3,1,0.0,1.0,-1,6,20,9,1,-1,13:00,5,2,9
2023451393762,2023,451393762,2,1,1,2,40,7,3,0,0,0,0,0,9,8,E01030800,3,1,0.0,1.0,-1,3,70,1,4,1,21:15,3,2,9
2023320796491,2023,320796491,1,1,1,1,43,7,3,0,0,0,0,0,9,6,E01026058,-1,0,0.07808,0.92192,-1,6,60,1,6,1,06:50,2,1,9
2023340NN0392,2023,340NN0392,1,1,1,1,78,11,3,0,0,0,0,0,9,6,E01027079,-1,0,0.13274,0.86726,-1,6,60,1,1,1,11:00,2,2,9
2023010444139,2023,010444139,2,1,1,1,21,5,3,0,0,0,0,0,9,5,E01033592,-1,0,0.0,1.0,-1,6,20,1,1,1,19:30,7,2,9
2023010486269,2023,010486269,1,1,1,1,18,4,2,0,0,0,0,0,3,-1,-1,-1,0,1.0,0.0,-1,6,20,9,4,2,23:50,4,2,3
2023010479871,2023,010479871,1,1,3,1,0,1,3,10,9,0,0,0,0,4,E01002425,-1,0,0.0,1.0,-1,6,20,1,1,1,08:59,6,1,11
2023471348849,2023,471348849,2,1,1,2,71,10,2,0,0,0,0,0,1,3,E01031483,7,1,1.0,0.0,-1,1,30,1,1,1,11:34,2,2,1
2023522300802,2023,522300802,2,1,1,1,13,3,3,0,0,0,0,0,1,10,E01014822,-1,0,0.11141,0.88859,-1,6,40,2,1,2,08:17,3,2,1
2023501353518,2023,501353518,1,1,1,1,21,5,3,0,0,0,0,0,4,-1,-1,3,1,0.0,1.0,-1,6,60,1,1,1,07:44,5,3,4
2023010461469,2023,010461469,1,1,3,2,17,4,3,1,3,0,0,0,0,2,E01001651,-1,0,0.0,1.0,-1,6,30,1,1,1,19:40,7,1,9
2023991266063,2023,991266063,1,1,3,2,71,10,2,3,1,0,0,0,0,5,-1,7,1,1.0,0.0,-1,6,30,1,1,2,14:55,6,1,9
2023161355437,2023,161355437,1,1,1,1,16,4,3,0,0,0,0,0,-1,1,E01013311,3,1,0.0,1.0,-1,6,30,1,1,1,14:50,2,1,-1
2023041354994,2023,041354994,2,1,1,1,29,6,3,0,0,0,0,0,1,10,E01025255,3,1,0.0,1.0,-1,1,30,8,1,1,17:58,5,2,1
2023131381945,2023,131381945,1,1,3,2,10,2,3,1,1,0,0,2,0,7,E01011569,3,1,0.0,1.0,-1,6,30,1,1,1,12:25,7,1,9
2023320288753,2023,320288753,1,4,2,1,27,6,2,0,0,2,0,0,9,7,E01026267,-1,0,1.0,0.0,-1,6,60,1,1,1,15:16,6,3,9
2023451298122,2023,451298122,1,1,1,1,54,8,3,0,0,0,0,0,9,3,E01023142,3,1,0.0,1.0,-1,6,30,1,1,1,17:15,3,3,9
2023520300872,2023,520300872,2,2,1,2,67,10,2,0,0,0,0,0,9,6,E01029290,-1,0,1.0,0.0,-1,6,60,2,1,2,14:10,3,2,9
2023010433921,2023,010433921,1,1,3,2,39,7,3,5,1,0,0,0,0,2,E01032579,-1,0,0.0,1.0,-1,2,20,1,1,1,10:56,6,1,9
2023361346181,2023,361346181,2,3,1,1,39,7,1,0,0,0,0,0,1,5,E01026935,1,1,0.0,0.0,-1,6,50,1,5,2,21:24,1,4,1
2023421292201,2023,421292201,1,1,1,1,50,8,2,0,0,0,0,0,1,-1,-1,5,1,1.0,0.0,-1,6,40,1,1,1,05:13,5,2,1
2023010429435,2023,010429435,1,1,1,1,40,7,3,0,0,0,0,0,9,2,E01003729,-1,0,0.0,1.0,-1,6,30,1,1,1,10:27,2,2,9
2023041293013,2023,041293013,1,1,2,2,26,6,3,0,0,1,0,0,9,2,E01025059,3,1,0.0,1.0,-1,6,50,1,1,1,19:00,1,2,9
2023041324799,2023,041324799,1,1,2,2,21,5,3,0,0,1,0,0,9,1,E01012650,3,1,0.0,1.0,-1,6,20,1,1,1,16:52,6,2,9
2023430582579,2023,430582579,1,2,2,1,40,7,3,0,0,2,0,0,9,9,E01030760,-1,0,0.07637,0.92363,-1,1,30,1,6,1,02:45,1,1,9
2023501268450,2023,501268450,1,1,1,2,56,9,3,0,0,0,0,0,9,4,E01020334,3,1,0.0,1.0,-1,6,60,1,1,4,10:00,5,1,9
2023552301442,2023,552301442,2,1,2,1,3,1,3,0,0,2,0,0,9,4,E01020551,-1,0,0.01553,0.98447,-1,6,60,2,4,2,07:28,2,2,9
2023201293635,2023,201293635,1,1,1,1,41,7,3,0,0,0,0,0,9,1,E01009360,3,1,0.0,1.0,-1,6,30,2,4,2,21:44,4,2,9
2023332300261,2023,332300261,1,2,2,2,18,4,3,0,0,2,0,0,9,8,E01025732,-1,0,0.04628,0.95372,-1,6,60,2,6,2,22:19,4,2,9
2023201416274,2023,201416274,2,1,1,1,29,6,2,0,0,0,0,0,22,3,E01010237,7,1,1.0,0.0,-1,6,30,1,1,1,12:16,2,2,22
2023010434652,2023,010434652,1,2,3,1,26,6,2,1,2,0,0,0,0,-1,-1,-1,0,1.0,0.0,-1,3,20,2,1,2,08:50,3,1,5
2023010481134,2023,010481134,1,1,3,1,59,9,3,1,3,0,0,0,0,9,-1,-1,0,0.0,1.0,-1,3,20,1,1,1,14:16,4,1,1
2023010466896,2023,010466896,2,1,1,1,18,4,3,0,0,0,0,0,4,2,E01004226,-1,0,0.0,1.0,-1,6,20,1,4,1,02:10,3,2,4
2023122300552,2023,122300552,2,2,1,1,19,4,2,0,0,0,0,0,9,8,E01027643,-1,0,1.0,0.0,-1,6,60,1,1,1,14:19,7,2,9
2023131355823,2023,131355823,2,1,1,1,29,6,3,0,0,0,0,0,9,7,E01011142,3,1,0.0,1.0,-1,6,30,1,1,1,16:16,7,3,9
2023170L20933,2023,170L20933,2,3,2,2,64,9,3,0,0,2,0,0,9,5,E01012173,-1,0,0.07896,0.92104,-1,3,50,1,1,1,12:38,4,2,9
2023451325065,2023,451325065,2,2,1,1,31,6,3,0,0,0,0,0,9,8,E01001924,3,1,0.0,1.0,-1,6,40,1,1,1,13:04,7,2,9
2023631341066,2023,631341066,1,1,1,1,24,5,2,0,0,0,0,0,9,3,W01000480,6,1,1.0,0.0,-1,6,60,1,1,2,17:40,7,1,9
2023131268424,2023,131268424,2,2,2,1,33,6,3,0,0,1,0,0,9,-1,-1,3,1,0.0,1.0,-1,3,70,1,1,1,13:52,5,2,9
2023522400940,2023,522400940,1,1,1,2,43,7,3,0,0,0,0,0,9,5,E01014518,-1,0,0.00173,0.99827,-1,6,20,9,4,-1,16:46,3,2,9
2023010469602,2023,010469602,1,1,1,1,19,4,3,0,0,0,0,0,9,1,E01004241,-1,0,0.0,1.0,-1,3,40,8,1,1,18:19,7,3,9
2023010474368,2023,010474368,3,3,1,2,-1,-1,3,0,0,0,0,0,9,5,E01002305,-1,0,0.0,1.0,-1,3,70,2,4,2,21:00,2,3,9
2023161324962,2023,161324962,1,3,2,2,41,7,3,0,0,1,0,0,9,1,E01011375,3,1,0.0,1.0,-1,6,40,1,1,1,11:09,1,2,9
2023302301294,2023,302301294,2,1,1,2,28,6,3,0,0,0,0,0,9,6,E01019871,-1,0,0.01212,0.98788,-1,6,30,1,4,1,20:00,1,2,9
2023531365659,2023,531365659,1,1,3,2,68,10,3,10,2,0,0,0,0,6,E01022194,3,1,0.0,1.0,-1,6,30,1,1,1,11:50,1,1,9
2023010458378,2023,010458378,2,1,1,1,25,5,2,0,0,0,0,0,1,6,E01000513,-1,0,1.0,0.0,-1,3,30,1,1,1,18:14,3,3,1
2023451372940,2023,451372940,2,1,1,2,22,5,3,0,0,0,0,0,3,4,E01030433,3,1,0.0,1.0,-1,6,40,1,1,2,08:20,6,2,3
2023531297851,2023,531297851,2,1,1,1,72,10,2,0,0,0,0,0,5,4,E01032381,7,1,1.0,0.0,-1,6,50,1,1,1,10:18,3,2,5
2023131269898,2023,131269898,2,1,3,2,59,9,3,10,9,0,0,2,0,8,E01011536,3,1,0.0,1.0,-1,6,30,1,1,1,13:00,2,2,9
2023010471535,2023,010471535,1,1,1,2,31,6,3,0,0,0,0,0,1,4,E01004612,-1,0,0.0,1.0,-1,6,20,2,4,2,06:15,5,2,1
2023122301158,2023,122301158,1,1,1,1,30,6,3,0,0,0,0,0,1,8,E01013344,-1,0,0.01558,0.98442,-1,6,30,1,1,2,18:23,3,2,1
2023141346492,2023,141346492,1,1,1,2,48,8,3,0,0,0,0,0,9,1,E01007341,3,1,0.0,1.0,-1,1,40,1,1,1,07:30,3,2,9
2023371375346,2023,371375346,2,1,1,1,-1,-1,3,0,0,0,0,0,19,8,E01030065,3,1,0.0,1.0,-1,3,50,1,7,1,18:08,3,2,19
2023421330689,2023,421330689,1,1,1,1,34,6,3,0,0,0,0,0,19,5,E01022017,3,1,0.0,1.0,-1,6,30,1,1,1,20:16,5,1,19
2023010440009,2023,010440009,2,1,1,2,35,6,3,0,0,0,0,0,9,5,E01000994,-1,0,0.0,1.0,-1,6,30,1,1,1,10:55,6,2,9
2023302301361,2023,302301361,2,2,2,2,54,8,3,0,0,1,0,0,9,7,E01019419,-1,0,0.01162,0.98838,-1,6,40,1,1,1,15:45,2,2,9
2023332300279,2023,332300279,2,2,1,2,41,7,3,0,0,0,0,0,9,6,E01013759,-1,0,0.01627,0.98373,-1,6,30,1,1,1,17:50,3,2,9
2023421284895,2023,421284895,2,1,1,1,19,4,3,0,0,0,0,0,9,9,E01021386,3,1,0.0,1.0,-1,6,30,2,4,2,23:30,5,2,9
2023031390192,2023,031390192,1,1,1,2,76,11,3,0,0,0,0,0,9,-1,-1,3,1,0.0,1.0,-1,6,60,1,1,2,12:00,3,1,9
2023522400556,2023,522400556,1,2,2,1,-1,-1,3,0,0,1,0,0,9,8,E01032681,-1,0,0.04413,0.95587,-1,6,20,1,4,1,02:44,6,2,9
2023471326358,2023,471326358,1,1,1,1,81,11,2,0,0,0,0,0,9,6,E01021182,5,1,1.0,0.0,-1,6,50,1,1,1,17:34,4,2,9
2023522301448,2023,522301448,2,2,1,1,34,6,3,0,0,0,0,0,9,8,E01014672,-1,0,0.0354,0.9646,-1,6,30,1,1,2,18:15,4,2,9
2023421342895,2023,421342895,1,1,1,1,30,6,3,0,0,0,0,0,9,4,E01003739,3,1,0.0,1.0,-1,3,70,1,1,1,19:16,5,2,9
2023451312561,2023,451312561,3,3,1,1,68,10,2,0,0,0,0,0,9,9,E01025023,6,1,1.0,0.0,-1,7,70,1,1,1,10:05,2,3,9
2023061327021,2023,061327021,2,1,1,1,49,8,3,0,0,0,0,0,1,9,E01005049,3,1,0.0,1.0,-1,6,30,1,1,-1,10:25,1,2,1
2023010462340,2023,010462340,1,1,1,1,39,7,3,0,0,0,0,0,3,4,E01003119,-1,0,0.0,1.0,-1,9,20,9,1,9,13:25,6,2,3
2023010471218,2023,010471218,1,1,1,1,34,6,3,0,0,0,0,0,3,9,E01000768,-1,0,0.0,1.0,-1,1,30,1,1,1,18:20,3,2,3
2023302301728,2023,302301728,2,1,1,1,30,6,3,0,0,0,0,0,3,5,E01019861,-1,0,0.16619,0.83381,-1,6,30,1,4,1,18:04,6,2,3
2023131293303,2023,131293303,1,1,3,1,10,2,3,8,7,0,0,2,0,6,E01011083,3,1,0.0,1.0,-1,6,30,1,1,1,11:20,2,1,9
2023010459982,2023,010459982,1,1,1,1,61,9,3,0,0,0,0,0,8,3,E01002795,-1,0,0.0,1.0,-1,6,20,1,4,1,22:00,5,2,8
2023010433983,2023,010433983,1,1,1,1,42,7,3,0,0,0,0,0,9,3,E01001794,-1,0,0.0,1.0,-1,6,20,5,1,2,15:01,6,2,9
2023031371444,2023,031371444,1,1,1,2,30,6,3,0,0,0,0,0,9,6,E01019088,3,1,0.0,1.0,-1,6,30,1,1,2,14:10,2,1,9
2023061381105,2023,061381105,1,1,2,2,22,5,3,0,0,1,0,0,9,2,E01024857,3,1,0.0,1.0,-1,3,70,1,4,4,20:15,5,1,9
2023351355157,2023,351355157,2,1,1,1,43,7,3,0,0,0,0,0,9,5,E01018080,3,1,0.0,1.0,-1,6,30,1,1,1,18:20,4,2,9
2023520401280,2023,520401280,1,1,1,1,19,4,3,0,0,0,0,0,9,7,E01020074,-1,0,0.08625,0.91375,-1,6,60,2,6,2,00:30,7,1,9
2023461354242,2023,461354242,1,1,1,2,87,11,3,0,0,0,0,0,9,9,E01024298,3,1,0.0,1.0,-1,6,30,1,1,1,17:36,1,1,9
2023201379372,2023,201379372,1,1,1,1,-1,-1,3,0,0,0,0,0,-1,-1,-1,3,1,0.0,1.0,-1,6,30,1,1,2,15:30,6,3,-1
2023010481045,2023,010481045,1,1,3,2,50,8,2,1,4,0,0,0,0,3,E01004303,-1,0,1.0,0.0,-1,6,30,1,1,2,08:35,5,1,9
2023201416460,2023,201416460,1,1,1,1,19,4,3,0,0,0,0,0,9,4,E01009085,3,1,0.0,1.0,-1,3,30,1,1,1,13:27,1,2,9
2023231394628,2023,231394628,1,4,1,1,38,7,3,0,0,0,0,0,9,6,E01031145,3,1,0.0,1.0,-1,7,70,1,6,2,04:29,7,1,9
2023351293620,2023,351293620,1,1,1,1,74,10,3,0,0,0,0,0,9,2,E01015605,3,1,0.0,1.0,-1,9,30,1,1,1,10:39,5,3,9
2023061358820,2023,061358820,2,1,1,2,54,8,3,0,0,0,0,0,10,1,E01004839,3,1,0.0,1.0,-1,6,30,9,1,-1,15:45,3,2,10
2023411427552,2023,411427552,1,1,1,1,37,7,3,0,0,0,0,0,1,4,E01023859,3,1,0.0,1.0,-1,6,20,1,1,1,18:17,2,2,1
2023170H10373,2023,170H10373,1,1,3,2,25,5,2,9,9,0,0,0,0,4,E01032553,-1,0,1.0,0.0,-1,6,30,1,1,1,17:52,3,2,19
2023010444124,2023,010444124,1,1,1,1,45,7,3,0,0,0,0,0,9,2,E01004537,-1,0,0.0,1.0,-1,9,20,9,1,9,12:12,7,1,9
2023010449113,2023,010449113,1,1,1,2,50,8,3,0,0,0,0,0,9,7,E01024140,-1,0,0.0,1.0,-1,6,30,1,1,1,18:12,4,1,9
2023122300242,2023,122300242,1,4,2,1,51,8,3,0,0,2,0,0,9,5,E01027796,-1,0,0.09216,0.90784,-1,6,60,2,1,2,16:20,3,2,9
2023170M10233,2023,170M10233,2,1,2,2,16,4,3,0,0,1,0,0,9,1,E01012076,-1,0,0.03909,0.96091,-1,6,30,1,4,2,18:20,1,2,9
2023501328189,2023,501328189,1,3,2,1,31,6,3,0,0,0,0,0,21,3,E01031174,3,1,0.0,1.0,-1,3,70,1,6,1,00:27,6,2,21
2023141304716,2023,141304716,1,1,1,2,25,5,3,0,0,0,0,0,9,-1,-1,3,1,0.0,1.0,-1,6,40,2,1,2,14:00,7,2,9
2023430030097,2023,430030097,1,2,2,1,7,2,3,0,0,1,0,0,9,10,E01028473,-1,0,0.02309,0.97691,-1,6,30,1,1,2,16:26,6,3,9
2023421387601,2023,421387601,2,1,1,2,46,8,3,0,0,0,0,0,9,-1,-1,3,1,0.0,1.0,-1,6,30,1,1,1,08:15,2,2,9
2023010437553,2023,010437553,1,1,1,1,35,6,3,0,0,0,0,0,19,8,W01000130,-1,0,0.0,1.0,-1,3,40,1,1,1,11:20,7,5,19
2023010476773,2023,010476773,2,1,1,2,58,9,2,0,0,0,0,0,1,2,E01001796,-1,0,1.0,0.0,-1,2,20,1,4,2,20:30,4,2,1
2023201288959,2023,201288959,1,1,3,1,32,6,3,9,6,0,0,1,0,1,E01009756,3,1,0.0,1.0,-1,6,30,2,1,2,06:52,2,2,9
2023991274999,2023,991274999,1,1,3,1,26,6,3,7,3,0,0,2,0,1,-1,3,1,0.0,1.0,-1,1,30,1,4,1,22:35,6,1,9
2023991281526,2023,991281526,2,4,2,1,13,3,3,0,0,1,0,0,9,3,-1,3,1,0.0,1.0,-1,6,40,1,4,1,18:46,3,2,9
2023351305432,2023,351305432,2,3,2,1,3,1,3,0,0,2,0,0,9,-1,-1,3,1,0.0,1.0,-1,6,60,1,1,1,07:57,4,2,9
2023531372312,2023,531372312,1,3,2,2,27,6,3,0,0,1,0,0,9,1,E01009611,3,1,0.0,1.0,-1,3,50,1,4,1,18:24,4,2,9
2023010454681,2023,010454681,2,1,1,1,13,3,2,0,0,0,0,0,-1,5,E01002394,-1,0,1.0,0.0,-1,6,30,1,1,1,18:25,3,2,-1
2023231360871,2023,231360871,2,3,1,1,58,9,3,0,0,0,0,0,19,6,E01031031,3,1,0.0,1.0,-1,6,50,1,1,1,14:15,2,3,19
2023061295083,2023,061295083,1,1,3,1,58,9,3,5,1,0,0,1,0,4,E01005293,3,1,0.0,1.0,-1,3,30,2,4,2,00:30,2,1,19
2023520301614,2023,520301614,1,1,1,1,50,8,3,0,0,0,0,0,9,5,E01029081,-1,0,0.04626,0.95374,-1,6,60,1,1,1,09:26,2,2,9
2023610011923,2023,610011923,2,1,1,1,48,8,3,0,0,0,0,0,9,1,W01001659,-1,0,0.09384,0.90616,-1,3,70,1,1,1,17:00,3,2,9
2023010475586,2023,010475586,2,1,1,1,22,5,2,0,0,0,0,0,4,-1,-1,-1,0,1.0,0.0,-1,6,30,2,4,2,21:15,5,2,4
2023421310690,2023,421310690,2,1,1,1,45,7,2,0,0,0,0,0,5,2,E01015861,5,1,1.0,0.0,-1,6,30,1,1,1,13:30,3,2,5
2023122300782,2023,122300782,1,1,1,1,79,11,2,0,0,0,0,0,9,5,E01025206,-1,0,1.0,0.0,-1,6,60,1,1,1,10:45,1,3,9
2023631319798,2023,631319798,1,3,2,2,27,6,3,0,0,1,0,0,9,9,W01000854,3,1,0.0,1.0,-1,3,50,1,1,1,15:15,7,2,9
2023010458511,2023,010458511,1,1,3,2,73,10,2,4,1,0,0,0,0,9,E01000201,-1,0,1.0,0.0,-1,2,30,1,1,1,12:31,3,1,19
2023231288966,2023,231288966,1,1,3,2,12,3,3,5,9,0,0,0,0,3,E01031047,3,1,0.0,1.0,-1,6,30,1,1,1,13:15,4,1,9
2023461265204,2023,461265204,2,1,1,1,41,7,2,0,0,0,0,0,1,4,E01024002,7,1,1.0,0.0,-1,6,30,2,1,2,16:29,5,2,1
2023531263916,2023,531263916,2,1,1,1,11,3,2,0,0,0,0,0,1,2,E01022288,6,1,1.0,0.0,-1,3,40,1,1,1,08:20,2,2,1
2023201302774,2023,201302774,1,1,1,1,27,6,3,0,0,0,0,0,9,4,E01009085,3,1,0.0,1.0,-1,3,30,2,4,2,21:10,4,2,9
2023332300767,2023,332300767,1,1,1,2,36,7,3,0,0,0,0,0,9,4,E01013607,-1,0,0.02623,0.97377,-1,6,20,1,1,1,19:00,6,3,9
2023461294213,2023,461294213,1,2,2,1,3,1,3,0,0,2,0,0,9,6,E01002662,3,1,0.0,1.0,-1,6,20,2,4,2,19:02,6,2,9
2023010465992,2023,010465992,1,4,2,2,49,8,3,0,0,0,4,0,11,2,E01004404,-1,0,0.0,1.0,-1,6,30,1,1,1,17:25,5,2,11
2023101327378,2023,101327378,2,1,1,1,65,9,3,0,0,0,0,0,19,4,E01008198,3,1,0.0,1.0,-1,6,60,2,1,2,20:03,7,2,19
2023010434889,2023,010434889,1,1,1,1,28,6,3,0,0,0,0,0,3,3,E01001449,-1,0,0.0,1.0,-1,1,20,1,1,1,15:06,4,2,3
2023010445235,2023,010445235,1,1,1,-1,32,6,3,0,0,0,0,0,3,5,E01031565,-1,0,0.0,1.0,-1,6,20,9,1,9,11:35,6,2,3
2023201279124,2023,201279124,2,2,1,1,30,6,3,0,0,0,0,0,9,2,E01009098,3,1,0.0,1.0,-1,3,30,8,4,1,20:19,1,2,9
2023311298555,2023,311298555,2,1,1,2,48,8,2,0,0,0,0,0,9,4,E01019433,5,1,1.0,0.0,-1,3,40,1,1,1,11:44,3,2,9
2023010420093,2023,010420093,1,1,3,2,42,7,3,1,3,0,0,0,0,1,E01003761,-1,0,0.0,1.0,-1,3,40,1,1,1,11:50,7,1,9
2023201392854,2023,201392854,1,1,3,1,47,8,3,5,3,0,0,2,0,-1,-1,3,1,0.0,1.0,-1,6,30,1,4,2,17:40,5,1,9
2023991302299,2023,991302299,1,1,3,2,7,2,3,1,4,0,0,2,0,3,-1,3,1,0.0,1.0,-1,6,30,1,1,1,16:49,7,1,9
2023010472151,2023,010472151,1,1,1,1,33,6,3,0,0,0,0,0,9,5,E01004519,-1,0,0.0,1.0,-1,1,30,1,4,1,21:00,1,3,9
2023302301917,2023,302301917,1,1,2,1,28,6,3,0,0,1,0,0,9,-1,-1,-1,0,0.04939,0.95061,-1,6,30,1,1,1,15:30,1,2,9
2023361393127,2023,361393127,2,3,2,1,50,8,3,0,0,1,0,0,9,6,E01026436,3,1,0.0,1.0,-1,6,40,1,6,2,15:55,6,2,9
202354D316623,2023,54D316623,1,1,1,1,28,6,3,0,0,0,0,0,9,-1,-1,-1,0,0.10138,0.89862,-1,6,60,2,6,2,01:48,7,1,9
2023430277105,2023,430277105,2,1,1,1,-1,-1,3,0,0,0,0,0,97,-1,-1,-1,0,0.04219,0.95781,-1,6,30,1,1,1,16:13,5,2,97
2023010440000,2023,010440000,1,1,3,1,51,8,2,1,2,0,0,0,0,10,E01016612,-1,0,1.0,0.0,-1,6,30,2,4,2,23:00,5,1,3
2023421294914,2023,421294914,1,1,3,2,35,6,3,10,9,0,0,0,0,2,E01000097,3,1,0.0,1.0,-1,9,20,1,4,1,21:21,7,1,9
2023622300543,2023,622300543,1,1,1,1,26,6,3,0,0,0,0,0,1,5,E01023303,-1,0,0.13714,0.86286,-1,6,40,1,1,1,15:54,1,2,1
2023622300140,2023,622300140,1,1,1,1,59,9,2,0,0,0,0,0,3,3,W01001695,-1,0,1.0,0.0,-1,6,30,1,4,1,18:12,2,2,3
2023201395499,2023,201395499,1,1,3,1,9,2,3,5,2,0,0,0,0,-1,-1,3,1,0.0,1.0,-1,6,30,1,1,1,17:00,7,1,8
2023010447542,2023,010447542,1,1,1,-1,43,7,3,0,0,0,0,0,3,4,E01000558,-1,0,0.0,1.0,-1,9,30,9,1,9,13:30,3,2,3
2023501322951,2023,501322951,1,1,1,1,64,9,3,0,0,0,0,0,5,4,E01018843,3,1,0.0,1.0,-1,6,60,1,1,1,16:44,2,3,5
2023010438088,2023,010438088,1,1,2,2,4,1,3,0,0,1,0,0,9,3,E01004039,-1,0,0.0,1.0,-1,6,30,1,1,1,16:06,3,2,9
2023010492095,2023,010492095,1,1,1,1,49,8,3,0,0,0,0,0,9,6,E01001033,-1,0,0.0,1.0,-1,6,20,1,4,1,17:02,6,2,9
2023010420172,2023,010420172,1,1,3,2,21,5,3,5,1,0,0,0,0,3,E01003734,-1,0,0.0,1.0,-1,6,30,1,4,2,19:33,7,1,9
2023010450735,2023,010450735,2,1,1,2,41,7,3,0,0,0,0,0,9,5,E01033573,-1,0,0.0,1.0,-1,6,30,1,1,1,13:30,5,2,9
2023311332558,2023,311332558,2,1,1,1,21,5,3,0,0,0,0,0,9,5,E01013913,3,1,0.0,1.0,-1,6,30,2,4,2,23:00,1,5,9
2023371354003,2023,371354003,2,2,2,2,76,11,3,0,0,1,0,0,9,10,E01030203,3,1,0.0,1.0,-1,6,40,2,1,2,13:25,7,2,9
2023201393148,2023,201393148,2,1,1,1,50,8,3,0,0,0,0,0,9,1,E01009581,3,1,0.0,1.0,-1,1,40,1,1,1,13:20,6,2,9
2023430027515,2023,430027515,1,1,1,2,53,8,3,0,0,0,0,0,9,9,E01028642,-1,0,0.07289,0.92711,-1,6,60,8,1,4,07:38,5,1,9
2023440470935,2023,440470935,2,2,1,2,68,10,3,0,0,0,0,0,9,8,E01022992,-1,0,0.08356,0.91644,-1,3,60,2,6,2,16:38,6,2,9
2023440368810,2023,440368810,2,2,2,2,79,11,3,0,0,1,0,0,9,8,E01015448,-1,0,0.12826,0.87174,-1,6,40,1,1,1,14:32,1,2,9
2023552400020,2023,552400020,2,1,1,1,57,9,3,0,0,0,0,0,9,2,E01029236,-1,0,0.01575,0.98425,-1,1,30,1,1,1,08:39,3,2,9
2023010438424,2023,010438424,1,1,3,2,43,7,3,9,9,0,0,0,0,6,E01032780,-1,0,0.0,1.0,-1,6,30,9,1,1,15:30,3,1,9
2023991309416,2023,991309416,1,1,1,2,16,4,2,0,0,0,0,0,2,6,-1,7,1,1.0,0.0,-1,6,60,1,6,1,21:57,6,1,2
2023221323127,2023,221323127,2,2,1,1,49,8,3,0,0,0,0,0,9,8,W01000375,3,1,0.0,1.0,-1,3,60,1,1,1,16:43,1,2,9
2023471358909,2023,471358909,1,1,1,2,69,10,3,0,0,0,0,0,9,8,E01021232,3,1,0.0,1.0,-1,6,30,1,1,1,16:19,2,2,9
2023371387446,2023,371387446,2,1,1,1,47,8,3,0,0,0,0,0,19,7,E01030051,3,1,0.0,1.0,-1,6,30,2,4,2,20:30,3,3,19
2023141309361,2023,141309361,1,2,1,1,30,6,3,0,0,0,0,0,9,2,E01008883,3,1,0.0,1.0,-1,3,60,1,1,1,17:54,6,2,9
2023461323437,2023,461323437,1,1,1,1,29,6,3,0,0,0,0,0,9,2,E01024214,3,1,0.0,1.0,-1,3,70,2,1,2,14:00,2,1,9
2023010473391,2023,010473391,1,4,2,1,30,6,3,0,0,0,4,0,11,-1,-1,-1,0,0.0,1.0,-1,2,20,1,1,1,12:06,1,2,11
2023371304593,2023,371304593,2,1,1,1,37,7,2,0,0,0,0,0,1,2,E01030264,5,1,1.0,0.0,-1,1,30,1,1,1,19:45,3,2,1
2023520400116,2023,520400116,1,1,1,1,33,6,1,0,0,0,0,0,3,-1,-1,-1,0,0.0,0.0,-1,6,30,2,6,2,21:00,6,2,3
2023631320274,2023,631320274,2,2,1,2,28,6,2,0,0,0,0,0,9,3,W01001900,7,1,1.0,0.0,-1,6,30,1,1,1,09:00,2,2,9
2023101296425,2023,101296425,3,2,1,1,40,7,3,0,0,0,0,0,9,-1,-1,3,1,0.0,1.0,-1,6,30,1,1,2,15:30,5,3,9
2023430213466,2023,430213466,2,1,2,2,17,4,3,0,0,2,0,0,9,3,E01016442,-1,0,0.00795,0.99205,-1,6,30,1,1,1,07:51,3,2,9
2023440158824,2023,440158824,1,1,1,1,39,7,3,0,0,0,0,0,9,10,E01022850,-1,0,0.06032,0.93968,-1,6,30,1,1,1,14:19,1,2,9
2023010480793,2023,010480793,1,1,1,1,47,8,3,0,0,0,0,0,9,2,E01000077,-1,0,0.0,1.0,-1,6,30,1,4,1,20:06,3,2,9
2023471280269,2023,471280269,1,1,1,1,18,4,3,0,0,0,0,0,9,9,E01031721,3,1,0.0,1.0,-1,6,40,1,1,2,15:39,4,2,9
2023211339656,2023,211339656,2,1,1,1,35,6,2,0,0,0,0,0,3,1,E01014286,6,1,1.0,0.0,-1,6,30,1,1,1,14:30,1,2,3
2023161304173,2023,161304173,1,1,1,1,48,8,3,0,0,0,0,0,5,9,E01013260,3,1,0.0,1.0,-1,6,60,2,6,2,19:35,5,1,5