collision_index,collision_year,collision_ref_no,vehicle_reference,casualty_reference,casualty_class,sex_of_casualty,age_of_casualty,age_band_of_casualty,casualty_severity,pedestrian_location,pedestrian_movement,car_passenger,bus_or_coach_passenger,pedestrian_road_maintenance_worker,casualty_type,casualty_imd_decile,lsoa_of_casualty,enhanced_casualty_severity,casualty_injury_based,casualty_adjusted_severity_serious,casualty_adjusted_severity_slight,casualty_distance_banding,road_type,speed_limit,weather_conditions,light_conditions,road_surface_conditions,time,day_of_week,number_of_vehicles,vehicle_type
2023401274684,2023,401274684,1,1,1,1,28,6,2,0,0,0,0,0,5,4,E01015755,6,1,1.0,0.0,-1,6,20,1,4,1,16:48,1,2,5
2023010462504,2023,010462504,1,1,2,2,64,9,3,0,0,0,4,0,11,4,E01001618,-1,0,0.0,1.0,-1,6,30,1,1,1,11:45,7,2,11
2023461321251,2023,461321251,3,4,1,1,51,8,3,0,0,0,0,0,11,2,E01024672,3,1,0.0,1.0,-1,6,30,1,4,1,23:48,1,3,11
2023010458370,2023,010458370,1,1,1,2,55,8,3,0,0,0,0,0,9,4,E01003776,-1,0,0.0,1.0,-1,3,40,1,1,1,17:00,3,2,9
2023371273338,2023,371273338,2,1,1,1,31,6,3,0,0,0,0,0,9,5,E01030286,3,1,0.0,1.0,-1,6,60,1,1,1,09:58,5,2,9
2023531378411,2023,531378411,1,1,3,2,50,8,3,7,3,0,0,0,0,1,E01032937,3,1,0.0,1.0,-1,7,40,1,1,1,09:45,6,1,9
2023010471056,2023,010471056,2,1,1,1,65,9,3,0,0,0,0,0,9,2,E01001700,-1,0,0.0,1.0,-1,6,20,1,7,1,01:10,3,2,9
2023141260503,2023,141260503,1,1,2,2,29,6,3,0,0,1,0,0,9,1,E01007461,3,1,0.0,1.0,-1,6,30,8,4,1,17:04,6,2,9
2023340NN3152,2023,340NN3152,2,2,2,2,32,6,3,0,0,1,0,0,9,-1,-1,-1,0,0.02072,0.97928,-1,3,70,1,1,1,10:45,5,2,9
2023520400697,2023,520400697,2,2,1,1,33,6,3,0,0,0,0,0,9,10,E01014793,-1,0,0.02703,0.97297,-1,6,30,2,1,2,14:49,2,3,9
2023552301105,2023,552301105,1,2,2,2,16,4,3,0,0,0,0,0,3,-1,-1,-1,0,0.1649,0.8351,-1,6,30,1,1,1,15:20,7,2,3
2023631333347,2023,631333347,1,2,2,1,28,6,2,0,0,0,0,0,5,4,W01000750,6,1,1.0,0.0,-1,6,60,1,1,1,18:00,3,2,5
2023010471561,2023,010471561,1,1,3,1,48,8,3,8,5,0,0,0,0,4,E01003568,-1,0,0.0,1.0,-1,2,30,2,1,2,11:58,5,1,19
2023010433908,2023,010433908,1,1,1,1,23,5,3,0,0,0,0,0,3,2,E01002003,-1,0,0.0,1.0,-1,9,20,1,1,1,15:45,4,2,3
2023010454248,2023,010454248,1,1,1,1,34,6,3,0,0,0,0,0,3,1,E01032575,-1,0,0.0,1.0,-1,9,20,1,1,1,11:00,6,2,3
2023461364083,2023,461364083,1,1,1,1,15,3,3,0,0,0,0,0,3,2,E01024277,3,1,0.0,1.0,-1,6,30,1,1,1,19:00,5,2,3
2023991344062,2023,991344062,2,1,1,1,54,8,2,0,0,0,0,0,3,5,-1,5,1,1.0,0.0,-1,3,30,1,1,2,17:30,7,2,3
2023131373177,2023,131373177,2,2,2,2,28,6,3,0,0,0,0,0,5,3,E01011478,3,1,0.0,1.0,-1,6,30,1,4,1,19:17,6,2,5
2023010463226,2023,010463226,1,1,1,1,49,8,3,0,0,0,0,0,9,2,E01003558,-1,0,0.0,1.0,-1,9,20,1,1,1,17:40,3,3,9
2023351338242,2023,351338242,1,1,1,1,27,6,3,0,0,0,0,0,9,5,E01018080,3,1,0.0,1.0,-1,6,30,1,1,1,18:42,7,2,9
2023991396173,2023,991396173,3,3,2,2,31,6,3,0,0,1,0,0,9,-1,-1,3,1,0.0,1.0,-1,3,70,1,6,1,17:15,2,3,9
202360A030496,2023,60A030496,2,1,2,2,88,11,3,0,0,0,4,0,11,-1,-1,-1,0,0.06842,0.93158,-1,2,30,1,1,1,15:15,4,2,11
2023131269177,2023,131269177,1,1,3,2,64,9,3,10,1,0,0,2,0,4,E01010902,3,1,0.0,1.0,-1,2,20,1,1,1,12:55,7,1,9
2023471277911,2023,471277911,1,1,3,1,5,1,3,5,1,0,0,0,0,4,E01031428,3,1,0.0,1.0,-1,6,30,1,1,1,11:00,5,1,9
2023010483131,2023,010483131,1,1,1,2,19,4,3,0,0,0,0,0,9,4,E01000162,-1,0,0.0,1.0,-1,6,20,2,4,2,06:30,7,2,9
2023131271116,2023,131271116,1,1,1,1,70,10,1,0,0,0,0,0,9,5,E01010992,1,1,0.0,0.0,-1,6,30,2,1,2,14:27,4,1,9
2023361352699,2023,361352699,1,1,1,2,24,5,2,0,0,0,0,0,9,8,E01029277,7,1,1.0,0.0,-1,6,60,1,1,1,14:24,4,2,9
2023440200618,2023,440200618,1,1,1,2,17,4,3,0,0,0,0,0,9,6,E01017043,-1,0,0.04038,0.95962,-1,1,50,1,1,1,15:17,1,2,9
2023332300827,2023,332300827,1,1,1,2,22,5,3,0,0,0,0,0,9,4,E01025689,-1,0,0.00632,0.99368,-1,1,40,1,1,1,17:14,4,2,9
2023991294144,2023,991294144,1,2,1,2,25,5,3,0,0,0,0,0,9,2,-1,3,1,0.0,1.0,-1,6,60,2,6,2,21:25,4,2,9
2023340WN3532,2023,340WN3532,1,1,1,1,44,7,3,0,0,0,0,0,9,9,E01027016,-1,0,0.07647,0.92353,-1,6,60,1,1,1,14:00,2,2,9
2023141343510,2023,141343510,1,1,3,1,53,8,3,5,1,0,0,0,0,2,E01007340,3,1,0.0,1.0,-1,3,40,1,4,1,01:08,1,1,9
2023010428713,2023,010428713,1,1,1,2,37,7,3,0,0,0,0,0,1,4,E01003147,-1,0,0.0,1.0,-1,9,20,1,1,1,15:47,4,2,1
2023131310912,2023,131310912,1,1,1,1,28,6,2,0,0,0,0,0,1,4,E01033673,7,1,1.0,0.0,-1,6,30,1,1,1,08:30,4,2,1
2023010424960,2023,010424960,1,1,1,2,30,6,3,0,0,0,0,0,3,3,E01000586,-1,0,0.0,1.0,-1,9,20,1,1,1,14:25,4,2,3
2023010443253,2023,010443253,1,1,1,1,34,6,3,0,0,0,0,0,3,2,E01004140,-1,0,0.0,1.0,-1,3,20,1,1,1,10:30,3,2,3
2023010481339,2023,010481339,1,1,1,1,45,7,3,0,0,0,0,0,3,6,E01002126,-1,0,0.0,1.0,-1,9,20,9,1,1,14:00,3,2,3
2023201291341,2023,201291341,1,1,2,1,12,3,3,0,0,1,0,0,9,1,E01008913,3,1,0.0,1.0,-1,6,30,1,1,1,16:34,1,2,9
2023320149538,2023,320149538,1,1,1,2,38,7,3,0,0,0,0,0,9,5,E01026018,-1,0,0.0053,0.9947,-1,6,30,3,1,3,09:00,6,2,9
2023520300610,2023,520300610,2,6,2,1,28,6,2,0,0,0,4,0,11,5,E01029108,-1,0,1.0,0.0,-1,6,40,1,6,4,06:00,3,3,11
2023122301073,2023,122301073,1,1,1,1,35,6,2,0,0,0,0,0,1,5,E01027763,-1,0,1.0,0.0,-1,6,60,1,1,1,06:00,5,1,1
2023010438267,2023,010438267,1,3,2,2,32,6,3,0,0,2,0,0,9,3,E01002695,-1,0,0.0,1.0,-1,6,20,1,1,1,16:45,4,2,9
2023010456215,2023,010456215,1,1,1,2,40,7,3,0,0,0,0,0,9,-1,-1,-1,0,0.0,1.0,-1,2,20,8,1,1,21:34,4,2,9
2023052300046,2023,052300046,2,1,1,1,69,10,3,0,0,0,0,0,9,1,E01006865,-1,0,0.04044,0.95956,-1,6,30,1,1,1,18:15,4,2,9
2023461349872,2023,461349872,2,2,1,2,37,7,3,0,0,0,0,0,9,3,E01016044,3,1,0.0,1.0,-1,6,30,1,1,1,17:43,6,2,9
2023549793823,2023,549793823,2,1,1,1,17,4,3,0,0,0,0,0,9,10,E01015521,-1,0,0.01873,0.98127,-1,1,40,1,1,1,17:29,6,2,9
2023010482726,2023,010482726,3,2,1,1,27,6,3,0,0,0,0,0,9,-1,-1,-1,0,0.0,1.0,-1,3,20,1,4,2,01:00,6,6,9
2023520300667,2023,520300667,1,2,2,2,19,4,3,0,0,1,0,0,9,10,E01029160,-1,0,0.06212,0.93788,-1,6,40,9,6,4,00:08,6,1,9
2023501275400,2023,501275400,2,1,1,2,50,8,3,0,0,0,0,0,19,4,E01018778,3,1,0.0,1.0,-1,6,60,1,6,2,17:59,1,2,19
2023010430007,2023,010430007,2,1,1,1,24,5,3,0,0,0,0,0,1,5,E01003949,-1,0,0.0,1.0,-1,6,20,1,1,1,07:30,5,2,1
2023440423190,2023,440423190,2,1,1,1,11,3,3,0,0,0,0,0,1,2,E01017188,-1,0,0.11744,0.88256,-1,6,20,1,1,1,08:24,2,2,1
2023451347811,2023,451347811,2,1,1,1,65,9,2,0,0,0,0,0,1,6,E01030818,6,1,1.0,0.0,-1,6,30,1,4,1,22:13,6,2,1
2023501342125,2023,501342125,2,1,1,1,53,8,3,0,0,0,0,0,1,6,E01020231,3,1,0.0,1.0,-1,6,30,1,1,1,19:49,1,2,1
2023610046023,2023,610046023,1,1,1,1,39,7,3,0,0,0,0,0,3,1,W01001667,-1,0,0.20463,0.79537,-1,6,40,1,6,2,18:15,5,2,3
2023041296373,2023,041296373,2,2,2,2,38,7,3,0,0,1,0,0,9,1,E01012603,3,1,0.0,1.0,-1,6,30,2,1,2,12:25,4,2,9
2023622300535,2023,622300535,2,2,1,1,66,10,3,0,0,0,0,0,9,1,W01001221,-1,0,0.07158,0.92842,-1,6,60,1,1,1,07:50,6,2,9
2023010440249,2023,010440249,2,1,1,1,51,8,3,0,0,0,0,0,-1,6,E01000306,-1,0,0.0,1.0,-1,6,30,1,1,1,14:27,7,2,-1
2023031345612,2023,031345612,1,1,1,2,17,4,3,0,0,0,0,0,9,6,E01019239,3,1,0.0,1.0,-1,6,40,1,1,2,19:15,6,1,9
2023471341903,2023,471341903,1,1,1,1,53,8,3,0,0,0,0,0,9,2,E01016945,3,1,0.0,1.0,-1,6,30,2,4,2,21:10,4,1,9
2023471375828,2023,471375828,1,1,1,1,43,7,3,0,0,0,0,0,9,9,E01031711,3,1,0.0,1.0,-1,6,30,1,1,1,12:28,6,2,9
2023522301820,2023,522301820,1,1,3,2,18,4,3,1,1,0,0,0,0,1,E01014580,-1,0,0.09422,0.90578,-1,6,20,1,1,1,13:10,1,1,9
2023320629317,2023,320629317,2,1,1,1,39,7,3,0,0,0,0,0,5,-1,-1,-1,0,0.19825,0.80175,-1,6,40,1,4,1,06:20,3,2,5
2023010475341,2023,010475341,1,1,1,1,59,9,3,0,0,0,0,0,9,3,E01002133,-1,0,0.0,1.0,-1,6,30,2,4,2,18:34,3,2,9
2023010484794,2023,010484794,1,1,1,1,46,8,3,0,0,0,0,0,9,3,E01000062,-1,0,0.0,1.0,-1,3,30,1,4,1,04:35,2,2,9
2023041390810,2023,041390810,1,2,2,1,26,6,2,0,0,1,0,0,9,4,E01025011,7,1,1.0,0.0,-1,6,30,2,4,2,16:50,4,1,9
2023141365359,2023,141365359,1,3,1,1,23,5,3,0,0,0,0,0,9,-1,-1,3,1,0.0,1.0,-1,6,40,2,1,2,08:50,7,2,9
2023522400440,2023,522400440,1,2,2,1,18,4,3,0,0,1,0,0,9,6,E01014960,-1,0,0.02811,0.97189,-1,1,30,2,4,2,21:15,1,2,9
2023991292656,2023,991292656,2,1,2,2,51,8,3,0,0,1,0,0,9,2,-1,3,1,0.0,1.0,-1,3,70,2,6,2,00:36,7,2,9
2023010481493,2023,010481493,1,1,1,1,42,7,3,0,0,0,0,0,3,3,E01003315,-1,0,0.0,1.0,-1,6,20,1,4,1,16:26,6,2,3
2023010457917,2023,010457917,1,1,2,2,53,8,3,0,0,1,0,0,9,5,E01023575,-1,0,0.0,1.0,-1,6,30,1,1,1,18:20,7,2,9
2023061398363,2023,061398363,1,1,1,1,78,11,3,0,0,0,0,0,9,-1,-1,3,1,0.0,1.0,-1,1,30,2,4,2,00:26,3,1,9
2023141295935,2023,141295935,1,2,2,1,17,4,3,0,0,1,0,0,9,2,E01007451,3,1,0.0,1.0,-1,6,30,1,1,2,14:18,4,2,9
2023421264469,2023,421264469,2,2,1,2,74,10,2,0,0,0,0,0,9,5,E01003791,6,1,1.0,0.0,-1,6,60,1,1,4,10:51,3,3,9
2023501374944,2023,501374944,2,1,1,1,53,8,3,0,0,0,0,0,19,7,E01020258,3,1,0.0,1.0,-1,6,60,1,1,2,10:45,4,2,19
2023302301690,2023,302301690,1,1,3,2,36,7,3,5,3,0,0,0,0,3,E01013453,-1,0,0.15554,0.84446,-1,2,30,1,4,1,21:35,2,1,9
2023622300817,2023,622300817,1,1,3,1,33,6,3,5,1,0,0,0,0,6,W01000189,-1,0,0.10548,0.89452,-1,6,30,2,6,2,21:00,4,1,8
2023201335616,2023,201335616,1,1,1,2,45,7,2,0,0,0,0,0,9,1,E01010401,6,1,1.0,0.0,-1,6,30,1,4,2,19:39,1,2,9
2023371326516,2023,371326516,1,3,2,2,42,7,2,0,0,-1,0,0,9,8,E01033443,6,1,1.0,0.0,-1,6,60,1,1,1,08:32,4,2,9
2023411299308,2023,411299308,2,2,1,1,28,6,3,0,0,0,0,0,9,2,E01023860,3,1,0.0,1.0,-1,1,30,1,1,-1,17:48,5,2,9
2023010479399,2023,010479399,1,1,1,1,49,8,2,0,0,0,0,0,3,3,E01004030,-1,0,1.0,0.0,-1,6,20,1,1,2,09:45,2,2,3
2023430259656,2023,430259656,1,1,1,1,46,8,1,0,0,0,0,0,3,7,E01028640,-1,0,0.0,0.0,-1,6,50,1,1,1,13:20,3,2,3
2023070471272,2023,070471272,1,1,1,1,43,7,3,0,0,0,0,0,4,7,E01018353,-1,0,0.07128,0.92872,-1,6,30,1,1,1,18:40,5,2,4
2023101277405,2023,101277405,2,1,1,1,63,9,3,0,0,0,0,0,5,2,E01008754,3,1,0.0,1.0,-1,6,20,2,4,2,16:45,4,2,5
2023141265505,2023,141265505,1,1,1,1,71,10,2,0,0,0,0,0,9,3,E01007510,6,1,1.0,0.0,-1,6,30,1,4,1,16:40,2,3,9
2023461297836,2023,461297836,1,1,3,1,-1,-1,3,1,9,0,0,0,0,1,E01024621,3,1,0.0,1.0,-1,6,30,1,1,1,14:05,5,1,9
2023010427107,2023,010427107,1,1,1,1,49,8,3,0,0,0,0,0,5,7,E01003696,-1,0,0.0,1.0,-1,6,30,1,1,1,07:04,3,2,5
2023061335746,2023,061335746,2,1,1,1,63,9,3,0,0,0,0,0,9,1,E01005106,3,1,0.0,1.0,-1,6,30,2,1,-1,11:50,1,2,9
2023320663546,2023,320663546,1,1,1,2,17,4,3,0,0,0,0,0,9,4,E01026060,-1,0,0.08059,0.91941,-1,6,60,5,6,5,22:30,4,1,9
2023421327489,2023,421327489,2,2,1,1,30,6,2,0,0,0,0,0,9,1,E01021665,7,1,1.0,0.0,-1,6,60,1,1,1,12:15,1,2,9
2023501299921,2023,501299921,1,1,1,2,48,8,3,0,0,0,0,0,9,7,E01020109,3,1,0.0,1.0,-1,6,60,1,1,1,12:17,1,2,9
2023421319648,2023,421319648,1,3,2,1,30,6,2,0,0,0,0,0,19,7,E01027299,5,1,1.0,0.0,-1,7,70,1,1,1,15:30,5,1,19
2023010447247,2023,010447247,1,1,3,1,14,3,2,5,2,0,0,0,0,10,E01000325,-1,0,1.0,0.0,-1,6,20,1,1,1,08:19,3,1,9
2023131321456,2023,131321456,1,2,3,1,42,7,3,5,4,0,0,2,0,3,E01033690,3,1,0.0,1.0,-1,3,30,1,1,1,08:20,5,2,3
2023010455459,2023,010455459,2,1,2,1,19,4,3,0,0,1,0,0,9,2,E01001633,-1,0,0.0,1.0,-1,3,50,1,1,1,16:12,7,2,9
2023141281849,2023,141281849,1,2,2,2,24,5,3,0,0,1,0,0,9,-1,-1,3,1,0.0,1.0,-1,1,40,1,1,1,11:37,3,2,9
2023201380583,2023,201380583,2,1,1,2,28,6,3,0,0,0,0,0,9,2,E01008946,3,1,0.0,1.0,-1,6,30,2,1,2,16:40,1,2,9
2023522400383,2023,522400383,2,1,2,1,48,8,3,0,0,1,0,0,9,10,E01030314,-1,0,0.00827,0.99173,-1,3,70,1,1,1,12:20,1,2,9
2023552300824,2023,552300824,2,1,1,1,27,6,3,0,0,0,0,0,1,2,E01015288,-1,0,0.08467,0.91533,-1,1,30,1,4,1,22:28,1,2,1
2023010442676,2023,010442676,2,1,1,1,50,8,3,0,0,0,0,0,3,7,E01000427,-1,0,0.0,1.0,-1,6,30,1,1,1,17:50,6,2,3
2023311367145,2023,311367145,1,2,1,1,19,4,3,0,0,0,0,0,3,3,E01027954,3,1,0.0,1.0,-1,6,60,1,1,1,07:02,5,2,3
2023052302158,2023,052302158,1,1,1,2,26,6,3,0,0,0,0,0,9,5,E01025243,-1,0,0.02866,0.97134,-1,6,30,1,1,1,09:00,4,2,9
2023122300471,2023,122300471,2,1,1,2,51,8,3,0,0,0,0,0,9,5,E01027590,-1,0,0.05523,0.94477,-1,6,60,1,1,1,15:00,7,2,9
2023211339165,2023,211339165,1,1,1,1,33,6,3,0,0,0,0,0,9,9,W01000394,3,1,0.0,1.0,-1,6,60,1,6,1,23:00,2,2,9
2023351360232,2023,351360232,3,1,1,1,36,7,3,0,0,0,0,0,9,6,E01030087,3,1,0.0,1.0,-1,3,70,1,1,1,17:44,6,3,9
2023411293872,2023,411293872,2,2,2,1,14,3,3,0,0,1,0,0,9,7,E01000169,3,1,0.0,1.0,-1,1,40,1,1,1,18:29,1,2,9
2023471308617,2023,471308617,2,1,1,1,29,6,3,0,0,0,0,0,9,6,E01031692,3,1,0.0,1.0,-1,6,30,1,4,1,22:20,4,2,9
2023052301851,2023,052301851,1,1,3,1,24,5,2,6,9,0,0,0,0,3,E01007276,-1,0,1.0,0.0,-1,6,30,1,1,1,07:00,2,1,11
2023302300722,2023,302300722,1,1,3,2,3,1,3,5,1,0,0,0,0,1,E01019663,-1,0,0.13142,0.86858,-1,6,30,9,1,1,15:15,1,2,9
2023010464694,2023,010464694,1,1,1,1,35,6,3,0,0,0,0,0,8,1,E01004204,-1,0,0.0,1.0,-1,2,20,1,4,1,01:16,6,2,8
2023361309737,2023,361309737,2,2,2,2,78,11,3,0,0,1,0,0,9,3,E01018090,3,1,0.0,1.0,-1,6,60,1,1,1,13:34,6,3,9
2023010474012,2023,010474012,2,1,1,1,55,8,3,0,0,0,0,0,4,3,E01003136,-1,0,0.0,1.0,-1,6,20,1,1,1,14:25,4,2,4
2023201339735,2023,201339735,2,2,2,2,23,5,3,0,0,1,0,0,9,9,E01009469,3,1,0.0,1.0,-1,2,30,2,1,2,14:23,1,2,9
202360A156900,2023,60A156900,1,1,1,2,60,9,3,0,0,0,0,0,9,-1,-1,-1,0,0.05222,0.94778,-1,6,30,1,1,1,11:12,6,3,9
2023141324632,2023,141324632,1,1,3,1,23,5,3,10,9,0,0,0,0,1,E01007714,3,1,0.0,1.0,-1,6,20,1,4,1,23:40,6,1,9
2023052301775,2023,052301775,2,1,1,1,13,3,3,0,0,0,0,0,1,3,E01007038,-1,0,0.06446,0.93554,-1,6,30,1,1,1,16:00,4,2,1
2023991393317,2023,991393317,1,1,2,1,5,1,3,0,0,1,0,0,9,5,-1,3,1,0.0,1.0,-1,6,60,1,1,2,11:00,7,2,9
2023991281060,2023,991281060,2,1,1,2,27,6,3,0,0,0,0,0,19,5,-1,3,1,0.0,1.0,-1,6,30,1,4,1,22:14,2,3,19
2023351377550,2023,351377550,1,1,1,1,57,9,2,0,0,0,0,0,5,10,E01018303,6,1,1.0,0.0,-1,6,60,1,1,1,11:49,6,2,5
2023141292137,2023,141292137,1,1,1,2,47,8,3,0,0,0,0,0,9,3,E01007546,3,1,0.0,1.0,-1,1,40,1,1,1,08:28,6,2,9
2023421351574,2023,421351574,2,2,2,1,10,2,3,0,0,2,0,0,9,6,E01004078,3,1,0.0,1.0,-1,3,70,1,1,1,18:30,1,2,9
2023991383060,2023,991383060,1,2,2,1,59,9,3,0,0,1,0,0,9,5,-1,3,1,0.0,1.0,-1,6,60,1,6,2,17:15,3,2,9
2023010471345,2023,010471345,1,1,1,1,22,5,3,0,0,0,0,0,3,2,E01001977,-1,0,0.0,1.0,-1,6,20,1,4,1,21:47,2,2,3
2023052302424,2023,052302424,1,1,1,1,74,10,3,0,0,0,0,0,9,1,E01006756,-1,0,0.07129,0.92871,-1,6,30,2,1,2,09:15,6,2,9
2023991330395,2023,991330395,1,1,1,2,53,8,2,0,0,0,0,0,9,4,-1,6,1,1.0,0.0,-1,6,60,1,1,2,11:40,2,3,9
2023031294574,2023,031294574,1,2,2,2,47,8,3,0,0,1,0,0,9,-1,-1,3,1,0.0,1.0,-1,3,60,1,1,1,10:00,6,2,9
2023010447496,2023,010447496,1,1,1,2,42,7,3,0,0,0,0,0,9,3,E01002028,-1,0,0.0,1.0,-1,6,30,9,1,9,19:39,6,2,9
2023451306791,2023,451306791,1,1,1,2,45,7,3,0,0,0,0,0,9,8,E01028531,3,1,0.0,1.0,-1,3,70,4,1,1,13:00,6,2,9
2023061318590,2023,061318590,1,1,3,2,20,4,3,9,9,0,0,-1,0,2,E01005974,3,1,0.0,1.0,-1,6,20,8,1,-1,17:30,7,1,8
2023041325034,2023,041325034,2,1,2,1,25,5,3,0,0,1,0,0,9,3,E01025312,3,1,0.0,1.0,-1,6,30,1,1,1,16:15,1,2,9
2023061286841,2023,061286841,2,2,1,2,41,7,3,0,0,0,0,0,9,3,E01005605,3,1,0.0,1.0,-1,6,30,1,4,2,01:45,3,2,9
2023061326402,2023,061326402,1,4,2,1,18,4,3,0,0,1,0,0,9,1,E01010831,3,1,0.0,1.0,-1,6,60,1,6,2,02:36,5,1,9
2023231365100,2023,231365100,1,1,1,1,20,4,1,0,0,0,0,0,9,4,E01022440,1,1,0.0,0.0,-1,6,50,1,6,2,20:39,6,2,9
2023471325714,2023,471325714,2,1,1,1,41,7,3,0,0,0,0,0,9,2,E01016955,3,1,0.0,1.0,-1,1,40,1,1,1,17:46,1,2,9
2023501272169,2023,501272169,1,1,1,2,65,9,3,0,0,0,0,0,9,4,E01020138,3,1,0.0,1.0,-1,6,60,1,1,2,16:28,6,1,9
2023546269423,2023,546269423,2,1,1,2,57,9,3,0,0,0,0,0,9,9,E01032099,-1,0,0.01038,0.98962,-1,3,30,1,1,1,12:16,2,3,9
2023501390578,2023,501390578,2,1,1,2,33,6,3,0,0,0,0,0,1,6,E01020159,3,1,0.0,1.0,-1,3,30,2,4,2,17:39,4,2,1
2023070604266,2023,070604266,1,1,1,1,34,6,3,0,0,0,0,0,9,6,E01012378,-1,0,0.05305,0.94695,-1,6,30,1,1,1,13:56,4,1,9
2023201389341,2023,201389341,2,2,1,1,28,6,3,0,0,0,0,0,9,1,E01010054,3,1,0.0,1.0,-1,1,30,1,1,1,11:11,3,2,9
2023302301974,2023,302301974,1,1,1,1,37,7,3,0,0,0,0,0,9,1,E01013573,-1,0,0.09219,0.90781,-1,6,50,4,6,1,05:12,5,1,9
2023361392485,2023,361392485,1,1,1,2,72,10,2,0,0,0,0,0,9,5,E01026591,7,1,1.0,0.0,-1,6,30,1,1,1,14:18,3,2,9
2023401302811,2023,401302811,2,2,2,2,51,8,3,0,0,1,0,0,9,2,E01015702,3,1,0.0,1.0,-1,3,30,1,1,1,17:00,4,2,9
2023552301547,2023,552301547,1,1,1,1,78,11,3,0,0,0,0,0,9,8,E01020520,-1,0,0.12483,0.87517,-1,6,30,1,1,1,14:38,2,1,9
2023131296727,2023,131296727,1,1,1,1,56,9,3,0,0,0,0,0,11,1,E01010677,3,1,0.0,1.0,-1,6,30,1,1,2,12:21,6,2,11
2023010428067,2023,010428067,1,1,3,2,56,9,3,1,3,0,0,0,0,7,E01021412,-1,0,0.0,1.0,-1,6,20,1,1,1,17:02,1,1,1
2023552300823,2023,552300823,1,1,3,2,26,6,3,5,9,0,0,0,0,7,E01015466,-1,0,0.08301,0.91699,-1,6,30,1,1,1,17:05,5,1,9
2023010458485,2023,010458485,1,1,1,1,14,3,3,0,0,0,0,0,1,10,E01004599,-1,0,0.0,1.0,-1,6,20,1,1,1,12:05,4,2,1
2023320679458,2023,320679458,2,1,1,1,19,4,3,0,0,0,0,0,1,1,E01026129,-1,0,0.09127,0.90873,-1,6,30,9,1,1,06:45,2,2,1
2023010480837,2023,010480837,1,1,1,-1,20,4,3,0,0,0,0,0,3,2,E01001878,-1,0,0.0,1.0,-1,6,30,9,1,9,13:40,7,2,3
2023010436562,2023,010436562,1,1,1,1,25,5,3,0,0,0,0,0,9,5,E01000571,-1,0,0.0,1.0,-1,7,20,1,4,1,20:32,1,2,9
2023522300886,2023,522300886,1,1,1,1,57,9,3,0,0,0,0,0,9,4,E01014991,-1,0,0.07924,0.92076,-1,1,40,1,4,1,17:30,7,1,9
2023631319562,2023,631319562,1,1,1,1,29,6,3,0,0,0,0,0,9,5,W01000685,3,1,0.0,1.0,-1,6,60,1,1,1,07:55,5,2,9
2023231393043,2023,231393043,2,1,1,1,43,7,3,0,0,0,0,0,19,3,E01008930,3,1,0.0,1.0,-1,3,70,2,4,2,07:00,2,4,19
2023052302959,2023,052302959,2,1,1,2,39,7,2,0,0,0,0,0,-1,5,E01007042,-1,0,1.0,0.0,-1,6,30,1,4,2,20:05,2,2,-1
2023991359654,2023,991359654,2,1,1,1,37,7,2,0,0,0,0,0,1,-1,-1,7,1,1.0,0.0,-1,6,30,1,1,2,12:12,3,2,1
2023332300614,2023,332300614,1,1,1,2,45,7,3,0,0,0,0,0,9,6,E01013737,-1,0,0.00214,0.99786,-1,6,30,1,1,1,16:22,2,2,9
2023430132058,2023,430132058,1,1,1,1,27,6,3,0,0,0,0,0,9,-1,-1,-1,0,0.05439,0.94561,-1,6,30,1,4,2,08:49,7,1,9
2023010479614,2023,010479614,2,1,1,1,28,6,3,0,0,0,0,0,-1,5,E01001659,-1,0,0.0,1.0,-1,6,30,1,1,1,12:30,4,2,-1
2023141304510,2023,141304510,2,1,1,1,9,2,3,0,0,0,0,0,1,6,E01007750,3,1,0.0,1.0,-1,6,40,1,1,2,19:20,6,2,1
2023201329465,2023,201329465,2,2,1,1,87,11,3,0,0,0,0,0,9,4,E01009689,3,1,0.0,1.0,-1,3,40,1,1,1,11:20,6,2,9
2023461333716,2023,461333716,2,1,1,2,27,6,3,0,0,0,0,0,9,1,E01016019,3,1,0.0,1.0,-1,3,70,1,1,1,18:40,5,2,9
2023041327125,2023,041327125,1,1,1,1,64,9,2,0,0,0,0,0,9,1,E01025590,5,1,1.0,0.0,-1,6,20,1,1,1,11:13,6,5,9
2023320759261,2023,320759261,1,2,2,1,-1,-1,3,0,0,1,0,0,9,-1,-1,-1,0,0.07278,0.92722,-1,6,60,2,1,2,15:20,1,2,9
2023501345335,2023,501345335,1,1,1,1,33,6,3,0,0,0,0,0,9,7,E01018899,3,1,0.0,1.0,-1,3,60,1,1,1,07:20,3,2,9
2023610021923,2023,610021923,1,2,2,1,21,5,2,0,0,2,0,0,9,5,W01001562,-1,0,1.0,0.0,-1,6,30,1,4,1,02:22,7,1,9
2023631310150,2023,631310150,1,1,1,2,79,11,2,0,0,0,0,0,9,2,E01009744,5,1,1.0,0.0,-1,6,40,1,1,1,12:00,2,1,9
2023031347333,2023,031347333,1,1,3,1,61,9,3,6,9,0,0,0,0,6,E01019100,3,1,0.0,1.0,-1,9,20,1,1,1,07:45,5,1,9