collision_index,collision_year,collision_ref_no,vehicle_reference,casualty_reference,casualty_class,sex_of_casualty,age_of_casualty,age_band_of_casualty,casualty_severity,pedestrian_location,pedestrian_movement,car_passenger,bus_or_coach_passenger,pedestrian_road_maintenance_worker,casualty_type,casualty_imd_decile,lsoa_of_casualty,enhanced_casualty_severity,casualty_injury_based,casualty_adjusted_severity_serious,casualty_adjusted_severity_slight,casualty_distance_banding,road_type,speed_limit,weather_conditions,light_conditions,road_surface_conditions,time,day_of_week,number_of_vehicles,vehicle_type
2023471330764,2023,471330764,1,1,3,2,48,8,2,5,1,0,0,0,0,4,E01031834,7,1,1.0,0.0,-1,6,30,1,1,1,15:05,3,1,9
2023010420530,2023,010420530,1,1,1,1,30,6,3,0,0,0,0,0,1,4,E01003095,-1,0,0.0,1.0,-1,6,30,1,4,1,18:45,6,2,1
2023991316309,2023,991316309,1,1,1,1,42,7,2,0,0,0,0,0,5,1,-1,5,1,1.0,0.0,-1,6,30,1,1,1,21:22,7,2,5
2023010452582,2023,010452582,2,1,2,2,7,2,3,0,0,2,0,0,9,6,E01002335,-1,0,0.0,1.0,-1,6,30,1,1,1,11:18,7,2,9
2023070923988,2023,070923988,2,1,1,2,53,8,3,0,0,0,0,0,9,5,W01000319,-1,0,0.00546,0.99454,-1,6,30,1,1,1,15:00,7,2,9
2023311368074,2023,311368074,2,2,1,1,75,10,3,0,0,0,0,0,9,8,E01028246,3,1,0.0,1.0,-1,6,30,1,1,1,12:47,5,3,9
2023440271193,2023,440271193,1,1,1,1,47,8,3,0,0,0,0,0,9,6,E01022486,-1,0,0.05489,0.94511,-1,6,30,1,1,1,17:36,5,2,9
2023991298667,2023,991298667,1,3,1,1,29,6,3,0,0,0,0,0,9,4,-1,3,1,0.0,1.0,-1,6,60,1,1,1,12:20,4,4,9
2023010455139,2023,010455139,1,1,3,2,74,10,2,4,3,0,0,0,0,6,E01001269,-1,0,1.0,0.0,-1,6,20,2,1,2,12:11,6,1,9
2023351345050,2023,351345050,1,1,3,1,14,3,2,10,9,0,0,0,0,8,E01033429,7,1,1.0,0.0,-1,6,20,1,1,1,17:30,2,1,19
2023401359762,2023,401359762,1,1,1,1,45,7,3,0,0,0,0,0,9,2,E01015787,3,1,0.0,1.0,-1,6,60,1,5,1,23:09,4,2,9
2023522300639,2023,522300639,1,1,1,2,45,7,3,0,0,0,0,0,9,10,E01014393,-1,0,0.0027,0.9973,-1,6,30,1,1,1,16:15,3,2,9
2023131367357,2023,131367357,1,1,1,1,58,9,3,0,0,0,0,0,9,1,E01010731,3,1,0.0,1.0,-1,6,30,1,4,1,00:22,1,2,9
2023221356313,2023,221356313,1,1,1,2,33,6,3,0,0,0,0,0,9,9,E01014176,3,1,0.0,1.0,-1,6,60,1,1,1,08:30,2,3,9
2023361363537,2023,361363537,1,1,1,1,37,7,3,0,0,0,0,0,9,-1,-1,3,1,0.0,1.0,-1,6,60,1,1,1,17:04,2,2,9
2023411326121,2023,411326121,1,1,1,2,35,6,3,0,0,0,0,0,9,10,E01023512,3,1,0.0,1.0,-1,6,30,1,1,1,15:35,4,2,9
2023031287210,2023,031287210,1,1,1,1,23,5,3,0,0,0,0,0,19,1,E01019122,3,1,0.0,1.0,-1,6,60,2,1,2,14:53,4,3,19
2023520400671,2023,520400671,1,1,1,1,66,10,3,0,0,0,0,0,1,6,E01029285,-1,0,0.12832,0.87168,-1,6,60,9,1,1,11:58,6,2,1
2023010428762,2023,010428762,1,1,1,1,29,6,3,0,0,0,0,0,3,4,E01002088,-1,0,0.0,1.0,-1,9,20,1,4,1,19:31,4,2,3
2023010464775,2023,010464775,1,1,1,1,35,6,3,0,0,0,0,0,3,3,E01002587,-1,0,0.0,1.0,-1,6,30,1,1,1,12:00,6,2,3
2023010447028,2023,010447028,1,1,1,1,31,6,3,0,0,0,0,0,9,4,E01001087,-1,0,0.0,1.0,-1,3,40,1,4,1,00:28,2,3,9
2023122301212,2023,122301212,1,1,1,1,54,8,3,0,0,0,0,0,9,9,E01027596,-1,0,0.0511,0.9489,-1,6,30,2,1,2,15:45,3,2,9
2023440014885,2023,440014885,1,1,1,2,30,6,3,0,0,0,0,0,9,2,E01022903,-1,0,0.02137,0.97863,-1,3,60,2,1,2,11:32,5,2,9
202360A104811,2023,60A104811,2,4,2,1,99,11,3,0,0,2,0,0,9,-1,-1,-1,0,0.11049,0.88951,-1,6,60,1,1,1,16:16,3,3,9
2023991292917,2023,991292917,1,1,1,2,19,4,3,0,0,0,0,0,9,9,-1,3,1,0.0,1.0,-1,3,30,1,1,1,09:20,1,1,9
2023421379126,2023,421379126,2,1,3,1,63,9,3,9,5,0,0,0,0,3,E01015843,3,1,0.0,1.0,-1,6,30,1,1,1,15:10,1,2,9
2023522301222,2023,522301222,2,2,2,1,17,4,3,0,0,0,0,0,2,2,E01014660,-1,0,0.10025,0.89975,-1,6,30,1,1,1,12:40,5,2,2
2023531383198,2023,531383198,2,2,2,1,7,2,3,0,0,2,0,0,9,1,E01022122,3,1,0.0,1.0,-1,6,30,1,1,2,09:00,2,2,9
2023231274798,2023,231274798,1,1,1,2,17,4,3,0,0,0,0,0,9,3,E01031081,3,1,0.0,1.0,-1,6,30,1,1,1,17:46,7,2,9
2023340WN7012,2023,340WN7012,1,1,1,1,68,10,3,0,0,0,0,0,19,8,E01027209,-1,0,0.09745,0.90255,-1,6,40,8,1,2,08:43,6,2,19
2023201368217,2023,201368217,2,1,1,1,43,7,3,0,0,0,0,0,9,-1,-1,3,1,0.0,1.0,-1,6,30,1,1,1,18:50,2,2,9
2023421271204,2023,421271204,2,1,1,1,20,4,3,0,0,0,0,0,9,1,E01016863,3,1,0.0,1.0,-1,3,70,1,4,2,02:30,6,2,9
2023471326273,2023,471326273,2,1,1,1,54,8,3,0,0,0,0,0,9,3,E01031609,3,1,0.0,1.0,-1,6,30,1,1,1,17:00,3,2,9
2023631348239,2023,631348239,1,1,3,1,73,10,3,9,7,0,0,2,0,5,W01000629,3,1,0.0,1.0,-1,6,20,1,4,1,21:30,1,1,9
2023010430175,2023,010430175,1,1,1,1,25,5,2,0,0,0,0,0,9,-1,-1,-1,0,1.0,0.0,-1,6,30,1,4,1,05:45,6,2,9
2023440329325,2023,440329325,2,1,1,1,53,8,2,0,0,0,0,0,1,7,E01022584,-1,0,1.0,0.0,-1,6,60,1,1,1,10:55,3,2,1
2023041357892,2023,041357892,2,1,1,2,21,5,3,0,0,0,0,0,3,1,E01012704,3,1,0.0,1.0,-1,6,30,1,4,1,21:07,6,2,3
2023991311899,2023,991311899,2,1,1,1,65,9,3,0,0,0,0,0,8,-1,-1,3,1,0.0,1.0,-1,3,40,1,1,1,15:45,6,3,8
2023461356470,2023,461356470,1,1,1,1,53,8,3,0,0,0,0,0,9,8,E01024057,3,1,0.0,1.0,-1,6,60,1,1,1,17:51,7,3,9
2023991320923,2023,991320923,1,1,2,2,36,7,2,0,0,0,2,0,11,1,-1,7,1,1.0,0.0,-1,6,30,1,1,1,19:45,3,1,11
2023010430475,2023,010430475,2,1,2,-1,-1,-1,3,0,0,1,0,0,9,2,E01001191,-1,0,0.0,1.0,-1,2,20,1,4,1,17:30,7,2,9
2023070118131,2023,070118131,1,1,2,1,20,4,2,0,0,2,0,0,9,-1,-1,-1,0,1.0,0.0,-1,6,30,1,4,1,00:17,6,1,9
2023101330704,2023,101330704,2,1,1,1,32,6,3,0,0,0,0,0,9,7,E01008518,3,1,0.0,1.0,-1,3,40,1,1,2,13:30,3,2,9
2023440452128,2023,440452128,2,2,1,2,24,5,3,0,0,0,0,0,9,6,E01022816,-1,0,0.0425,0.9575,-1,6,40,1,1,2,08:03,1,2,9
2023010450367,2023,010450367,1,1,1,1,47,8,3,0,0,0,0,0,1,10,E01000830,-1,0,0.0,1.0,-1,6,20,1,1,2,08:50,3,2,1
2023631343158,2023,631343158,1,1,1,1,11,3,3,0,0,0,0,0,1,2,W01000498,3,1,0.0,1.0,-1,6,30,1,1,1,09:45,2,2,1
2023201409309,2023,201409309,1,1,1,2,55,8,3,0,0,0,0,0,9,2,E01010104,3,1,0.0,1.0,-1,6,30,1,1,2,16:33,4,2,9
2023010451148,2023,010451148,1,1,1,-1,49,8,3,0,0,0,0,0,1,6,E01002005,-1,0,0.0,1.0,-1,6,20,1,1,1,17:10,3,2,1
2023471368865,2023,471368865,2,1,1,1,64,9,2,0,0,0,0,0,1,1,E01016964,7,1,1.0,0.0,-1,3,30,1,1,1,11:00,2,2,1
2023371325372,2023,371325372,1,1,3,1,30,6,3,9,9,0,0,1,0,7,E01030184,3,1,0.0,1.0,-1,6,30,1,1,1,10:20,4,1,19
2023991305497,2023,991305497,3,2,1,1,50,8,3,0,0,0,0,0,8,5,-1,3,1,0.0,1.0,-1,6,30,1,1,1,16:45,3,3,8
2023061318767,2023,061318767,3,4,2,1,31,6,3,0,0,2,0,0,9,1,E01005246,3,1,0.0,1.0,-1,3,30,1,4,1,23:05,4,3,9
2023451389939,2023,451389939,2,2,2,1,36,7,3,0,0,0,0,0,19,3,E01030483,3,1,0.0,1.0,-1,6,50,1,6,1,17:03,2,2,19
2023991265114,2023,991265114,1,1,3,2,79,11,2,4,3,0,0,0,0,5,-1,5,1,1.0,0.0,-1,6,30,1,1,2,15:19,4,1,9
2023311291891,2023,311291891,2,1,1,1,18,4,3,0,0,0,0,0,3,-1,-1,3,1,0.0,1.0,-1,6,30,1,1,2,15:15,6,2,3
2023111283426,2023,111283426,2,1,1,1,24,5,3,0,0,0,0,0,5,3,E01020729,3,1,0.0,1.0,-1,6,60,2,4,2,18:10,4,2,5
2023061355646,2023,061355646,2,2,1,1,42,7,3,0,0,0,0,0,8,4,E01005491,3,1,0.0,1.0,-1,6,30,2,4,2,00:15,1,2,8
2023010457164,2023,010457164,1,1,2,1,49,8,3,0,0,9,0,0,9,5,E01002632,-1,0,0.0,1.0,-1,6,20,1,1,1,12:09,3,2,9
2023320181946,2023,320181946,2,2,2,2,65,9,3,0,0,1,0,0,9,8,E01026212,-1,0,0.08423,0.91577,-1,6,60,1,4,2,20:30,7,2,9
2023332300750,2023,332300750,3,1,1,2,55,8,3,0,0,0,0,0,9,4,E01031522,-1,0,0.01806,0.98194,-1,6,50,1,1,1,18:11,6,3,9
2023430234598,2023,430234598,1,2,1,1,83,11,2,0,0,0,0,0,9,7,E01031198,-1,0,1.0,0.0,-1,6,50,1,1,1,15:10,1,2,9
2023440517709,2023,440517709,1,1,1,2,23,5,3,0,0,0,0,0,9,-1,-1,-1,0,0.00866,0.99134,-1,6,30,1,4,1,17:39,3,2,9
2023451345980,2023,451345980,1,2,2,2,36,7,3,0,0,1,0,0,9,7,E01003839,3,1,0.0,1.0,-1,3,30,2,1,2,11:40,7,2,9
2023461268028,2023,461268028,2,1,1,2,28,6,3,0,0,0,0,0,9,8,E01007705,3,1,0.0,1.0,-1,3,70,1,1,1,13:00,6,2,9
2023543814123,2023,543814123,2,2,1,1,63,9,1,0,0,0,0,0,9,3,E01029029,-1,0,0.0,0.0,-1,6,50,2,1,2,16:28,3,2,9
2023991279309,2023,991279309,1,3,2,2,81,11,3,0,0,1,0,0,9,5,-1,3,1,0.0,1.0,-1,6,40,1,1,1,12:45,4,2,9
2023401349942,2023,401349942,1,2,1,1,-1,-1,3,0,0,0,0,0,-1,-1,-1,3,1,0.0,1.0,-1,6,40,1,1,1,07:25,1,1,-1
2023010433965,2023,010433965,1,1,1,1,35,6,3,0,0,0,0,0,3,2,E01033148,-1,0,0.0,1.0,-1,2,20,1,1,1,14:30,7,2,3
2023332300564,2023,332300564,2,1,1,1,54,8,3,0,0,0,0,0,9,7,E01025620,-1,0,0.03738,0.96262,-1,3,50,1,4,2,21:00,2,2,9
2023430566738,2023,430566738,2,1,1,2,36,7,3,0,0,0,0,0,9,1,E01016441,-1,0,0.02247,0.97753,-1,3,30,2,1,2,08:05,3,2,9
2023421384506,2023,421384506,1,2,2,2,64,9,3,0,0,0,0,0,10,-1,-1,3,1,0.0,1.0,-1,6,40,1,1,4,08:51,3,2,10
2023010479133,2023,010479133,1,1,2,1,24,5,3,0,0,2,0,0,9,1,E01001885,-1,0,0.0,1.0,-1,6,20,1,4,1,17:00,2,2,9
2023041371293,2023,041371293,1,1,2,1,18,4,3,0,0,2,0,0,9,1,E01025041,3,1,0.0,1.0,-1,6,30,2,4,2,21:40,1,2,9
2023231387508,2023,231387508,2,1,1,2,28,6,3,0,0,0,0,0,9,7,E01031035,3,1,0.0,1.0,-1,6,40,1,6,1,17:15,2,2,9
2023440231690,2023,440231690,2,1,1,1,20,4,3,0,0,0,0,0,9,9,E01023134,-1,0,0.05647,0.94353,-1,6,30,1,1,1,19:25,1,2,9
2023542630123,2023,542630123,1,1,1,1,60,9,3,0,0,0,0,0,9,5,E01029053,-1,0,0.09515,0.90485,-1,6,50,1,1,1,15:04,6,1,9
2023991266431,2023,991266431,1,1,1,1,18,4,2,0,0,0,0,0,9,8,-1,7,1,1.0,0.0,-1,6,60,1,1,2,14:30,7,1,9
2023991296726,2023,991296726,1,1,1,1,47,8,2,0,0,0,0,0,9,1,-1,7,1,1.0,0.0,-1,6,30,1,1,2,07:35,6,2,9
2023141338688,2023,141338688,2,3,1,2,37,7,2,0,0,0,0,0,9,3,E01011786,7,1,1.0,0.0,-1,6,60,1,1,1,10:28,1,2,9
2023320203654,2023,320203654,1,1,1,2,79,11,2,0,0,0,0,0,9,10,E01026302,-1,0,1.0,0.0,-1,6,30,1,1,1,17:15,3,2,9
202360A173663,2023,60A173663,1,1,2,2,27,6,3,0,0,2,0,0,9,-1,-1,-1,0,0.04471,0.95529,-1,1,40,1,1,1,16:19,2,2,9
2023010469644,2023,010469644,1,1,1,1,38,7,3,0,0,0,0,0,1,5,E01000738,-1,0,0.0,1.0,-1,3,50,1,1,2,08:02,3,2,1
2023061369036,2023,061369036,2,1,1,1,-1,-1,2,0,0,0,0,0,1,6,E01005083,7,1,1.0,0.0,-1,6,30,1,1,1,08:30,5,2,1
2023991304663,2023,991304663,2,2,1,1,53,8,3,0,0,0,0,0,1,4,-1,3,1,0.0,1.0,-1,3,40,1,1,1,12:40,7,2,1
2023010446404,2023,010446404,2,1,1,1,44,7,3,0,0,0,0,0,1,2,E01001828,-1,0,0.0,1.0,-1,6,20,1,1,1,18:20,5,2,1
2023041307830,2023,041307830,2,2,2,2,38,7,3,0,0,1,0,0,9,10,E01012567,3,1,0.0,1.0,-1,7,60,1,1,1,17:45,7,2,9
2023131302994,2023,131302994,2,2,1,1,28,6,3,0,0,0,0,0,9,4,E01010834,3,1,0.0,1.0,-1,6,30,1,1,1,13:09,2,2,9
2023411374869,2023,411374869,1,2,2,2,36,7,3,0,0,1,0,0,9,-1,-1,3,1,0.0,1.0,-1,6,30,1,6,-1,06:28,7,1,9
2023101367523,2023,101367523,1,1,3,2,47,8,3,1,1,0,0,0,0,3,E01008375,3,1,0.0,1.0,-1,6,30,1,1,1,11:35,3,1,1
2023010464019,2023,010464019,1,1,1,1,35,6,3,0,0,0,0,0,9,5,E01003284,-1,0,0.0,1.0,-1,6,20,1,1,1,08:14,2,3,9
2023201328486,2023,201328486,1,1,1,2,21,5,3,0,0,0,0,0,9,2,E01010447,3,1,0.0,1.0,-1,6,30,1,1,1,18:50,6,2,9
2023351293995,2023,351293995,1,5,2,1,2,1,3,0,0,-1,0,0,9,7,E01018011,3,1,0.0,1.0,-1,6,60,1,6,1,19:24,3,2,9
2023141373414,2023,141373414,3,6,1,2,50,8,3,0,0,0,0,0,9,7,E01007754,3,1,0.0,1.0,-1,6,60,1,1,2,12:50,7,3,9
2023221379190,2023,221379190,1,1,1,1,48,8,1,0,0,0,0,0,9,9,W01000203,1,1,0.0,0.0,-1,6,60,2,6,2,19:22,1,2,9
2023610004223,2023,610004223,2,2,1,1,51,8,3,0,0,0,0,0,9,4,W01001688,-1,0,0.05873,0.94127,-1,3,40,1,1,1,12:16,2,2,9
2023991294797,2023,991294797,2,1,1,2,50,8,3,0,0,0,0,0,9,8,-1,3,1,0.0,1.0,-1,6,40,1,1,1,11:00,6,4,9
2023131331265,2023,131331265,1,1,1,2,23,5,3,0,0,0,0,0,9,10,E01011570,3,1,0.0,1.0,-1,6,30,1,1,1,06:10,5,2,9
2023430007341,2023,430007341,2,3,1,1,52,8,2,0,0,0,0,0,17,4,E01016716,-1,0,1.0,0.0,-1,3,70,1,6,1,06:20,6,2,17
2023302300940,2023,302300940,1,1,1,2,39,7,3,0,0,0,0,0,21,2,E01010293,-1,0,0.06077,0.93923,-1,6,50,1,6,1,04:34,3,2,21
2023471310676,2023,471310676,1,1,1,1,20,4,3,0,0,0,0,0,3,-1,-1,3,1,0.0,1.0,-1,6,50,1,1,1,12:26,1,2,3
2023131290304,2023,131290304,1,2,2,1,18,4,2,0,0,1,0,0,9,5,E01011158,5,1,1.0,0.0,-1,6,60,4,4,1,23:20,6,2,9
2023161295307,2023,161295307,1,1,1,1,50,8,3,0,0,0,0,0,21,4,E01011033,3,1,0.0,1.0,-1,3,70,1,1,1,06:25,3,1,21
2023010455688,2023,010455688,1,3,2,2,0,1,3,0,0,2,0,0,9,4,E01002307,-1,0,0.0,1.0,-1,1,30,1,1,1,10:14,7,2,9
2023351344607,2023,351344607,2,1,1,1,29,6,3,0,0,0,0,0,1,7,E01018294,3,1,0.0,1.0,-1,6,30,1,1,1,18:05,2,3,1
2023531260842,2023,531260842,1,4,2,1,38,7,3,0,0,1,0,0,9,6,E01023250,3,1,0.0,1.0,-1,6,60,1,1,2,12:30,1,2,9
2023430552553,2023,430552553,2,1,1,1,37,7,3,0,0,0,0,0,9,-1,-1,-1,0,0.0406,0.9594,-1,6,30,1,4,1,18:53,7,2,9
2023471387366,2023,471387366,2,4,2,2,36,7,3,0,0,2,0,0,9,6,E01021021,3,1,0.0,1.0,-1,1,30,2,4,2,04:21,7,2,9
2023631320420,2023,631320420,2,1,1,2,54,8,2,0,0,0,0,0,9,2,W01000729,6,1,1.0,0.0,-1,6,40,1,1,1,14:55,2,3,9
2023010445976,2023,010445976,1,1,1,1,31,6,3,0,0,0,0,0,1,2,E01003159,-1,0,0.0,1.0,-1,1,20,8,1,1,10:00,3,2,1
2023430469931,2023,430469931,2,1,1,1,45,7,2,0,0,0,0,0,1,7,E01028753,-1,0,1.0,0.0,-1,6,30,2,4,2,07:45,5,2,1
2023052300195,2023,052300195,1,1,2,2,67,10,3,0,0,1,0,0,9,1,E01007119,-1,0,0.06755,0.93245,-1,6,30,1,1,1,10:30,6,2,9
2023061303071,2023,061303071,1,2,2,1,24,5,3,0,0,1,0,0,9,1,E01033411,3,1,0.0,1.0,-1,7,50,1,4,1,00:01,3,1,9
2023991393411,2023,991393411,2,2,1,1,19,4,3,0,0,0,0,0,9,6,-1,3,1,0.0,1.0,-1,1,30,2,4,2,18:46,7,2,9
2023010442075,2023,010442075,1,1,3,1,52,8,3,9,5,0,0,0,0,5,E01002443,-1,0,0.0,1.0,-1,3,40,1,1,1,19:28,2,1,9
2023010484188,2023,010484188,1,1,1,2,23,5,3,0,0,0,0,0,1,3,E01002027,-1,0,0.0,1.0,-1,2,20,1,4,2,16:16,5,2,1
2023141345983,2023,141345983,1,1,2,1,8,2,3,0,0,2,0,0,9,9,E01016313,3,1,0.0,1.0,-1,6,40,1,1,1,14:35,1,2,9
2023311338669,2023,311338669,2,1,2,1,37,7,3,0,0,1,0,0,9,-1,-1,3,1,0.0,1.0,-1,6,30,1,1,1,14:21,1,2,9
202354A541923,2023,54A541923,1,4,2,1,41,7,3,0,0,1,0,0,9,2,E01015528,-1,0,0.09101,0.90899,-1,6,60,1,6,1,19:12,4,2,9
2023010463710,2023,010463710,1,1,1,1,28,6,3,0,0,0,0,0,3,3,E01004203,-1,0,0.0,1.0,-1,6,30,9,1,9,20:30,7,2,3
2023061280926,2023,061280926,4,1,1,2,25,5,3,0,0,0,0,0,9,1,E01005070,3,1,0.0,1.0,-1,3,70,1,4,1,05:45,6,5,9
2023501309506,2023,501309506,1,1,2,2,17,4,3,0,0,1,0,0,9,3,E01020218,3,1,0.0,1.0,-1,6,60,1,1,1,10:40,7,1,9
2023101310985,2023,101310985,1,1,3,2,15,3,3,5,1,0,0,0,0,9,E01033714,3,1,0.0,1.0,-1,6,30,1,1,1,09:00,4,1,9
2023111383225,2023,111383225,1,1,3,2,22,5,2,6,9,0,0,0,0,6,E01008768,7,1,1.0,0.0,-1,3,70,3,4,3,04:00,6,1,9
2023552301471,2023,552301471,1,1,3,1,50,8,2,10,1,0,0,0,0,8,E01016920,-1,0,1.0,0.0,-1,6,20,1,4,2,17:17,2,1,9
2023010463248,2023,010463248,1,1,1,1,26,6,3,0,0,0,0,0,9,3,E01001445,-1,0,0.0,1.0,-1,6,20,1,4,1,22:30,4,2,9
2023010470692,2023,010470692,1,1,1,1,33,6,3,0,0,0,0,0,9,2,E01002722,-1,0,0.0,1.0,-1,6,20,1,1,1,15:55,7,2,9
2023061323528,2023,061323528,2,3,2,2,72,10,3,0,0,-1,0,0,9,-1,-1,3,1,0.0,1.0,-1,6,30,1,4,1,23:21,1,3,9
2023122301348,2023,122301348,1,1,1,2,-1,-1,3,0,0,0,0,0,9,9,E01027844,-1,0,0.01952,0.98048,-1,6,60,2,1,2,13:50,4,2,9
2023332300330,2023,332300330,2,1,1,1,17,4,3,0,0,0,0,0,9,7,E01028411,-1,0,0.04578,0.95422,-1,6,60,2,1,2,20:00,2,2,9
2023451290372,2023,451290372,1,1,1,1,72,10,2,0,0,0,0,0,9,3,E01004633,7,1,1.0,0.0,-1,6,30,1,1,1,10:22,7,1,9
2023461265185,2023,461265185,1,1,1,1,66,10,2,0,0,0,0,0,9,2,E01016161,7,1,1.0,0.0,-1,7,70,1,1,2,11:55,5,4,9
2023501349544,2023,501349544,1,1,1,1,20,4,3,0,0,0,0,0,9,-1,-1,3,1,0.0,1.0,-1,6,60,1,1,2,17:10,6,3,9
2023010467381,2023,010467381,1,1,3,2,66,10,2,1,3,0,0,0,0,7,E01002817,-1,0,1.0,0.0,-1,3,20,5,1,9,10:30,3,1,-1
2023041392175,2023,041392175,1,4,2,1,17,4,2,0,0,2,0,0,9,7,E01025003,7,1,1.0,0.0,-1,6,30,1,4,1,22:27,2,1,9
2023161328112,2023,161328112,1,2,1,1,80,11,3,0,0,0,0,0,9,1,E01012790,3,1,0.0,1.0,-1,6,30,1,1,1,11:43,3,2,9
2023302300814,2023,302300814,1,1,2,2,37,7,2,0,0,1,0,0,9,2,E01019581,-1,0,1.0,0.0,-1,6,30,1,6,1,04:30,4,1,9
2023440006825,2023,440006825,1,1,1,2,71,10,2,0,0,0,0,0,9,7,E01022979,-1,0,1.0,0.0,-1,6,60,2,1,2,10:08,6,2,9
2023010462385,2023,010462385,1,1,3,2,51,8,2,6,9,0,0,0,0,-1,-1,-1,0,1.0,0.0,-1,6,20,1,1,1,15:26,6,3,9
2023371328836,2023,371328836,1,1,3,1,49,8,3,9,5,0,0,0,0,3,E01030026,3,1,0.0,1.0,-1,3,30,2,4,2,00:45,1,1,9
2023302300590,2023,302300590,2,1,1,1,11,3,3,0,0,0,0,0,1,9,E01019706,-1,0,0.11369,0.88631,-1,6,40,9,1,1,07:55,3,2,1
2023170S21023,2023,170S21023,1,2,2,2,50,8,3,0,0,1,0,0,9,-1,-1,-1,0,0.01696,0.98304,-1,6,30,1,1,1,16:10,5,2,9
2023421367857,2023,421367857,2,4,2,2,18,4,2,0,0,1,0,0,9,-1,-1,6,1,1.0,0.0,-1,6,30,1,4,1,21:36,6,3,9
2023131369421,2023,131369421,2,1,2,2,43,7,3,0,0,2,0,0,9,6,E01011599,3,1,0.0,1.0,-1,2,30,2,1,2,13:50,3,2,9
2023440392982,2023,440392982,1,1,1,2,49,8,3,0,0,0,0,0,9,3,E01017350,-1,0,0.02645,0.97355,-1,6,60,1,1,1,08:35,3,2,9
2023501266506,2023,501266506,2,2,2,1,10,2,3,0,0,2,0,0,9,4,E01020087,3,1,0.0,1.0,-1,6,60,1,1,4,10:27,7,2,9
2023010460999,2023,010460999,2,1,1,2,30,6,2,0,0,0,0,0,1,3,E01003972,-1,0,1.0,0.0,-1,6,20,1,1,1,09:03,5,2,1
2023430280077,2023,430280077,2,1,1,2,-1,-1,3,0,0,0,0,0,9,-1,-1,-1,0,0.00594,0.99406,-1,6,30,1,1,1,14:15,1,2,9
2023440146803,2023,440146803,1,1,1,1,60,9,1,0,0,0,0,0,9,8,E01023277,-1,0,0.0,0.0,-1,6,60,1,6,2,00:25,7,1,9
2023461309171,2023,461309171,2,1,1,1,41,7,3,0,0,0,0,0,9,2,E01024135,3,1,0.0,1.0,-1,6,30,1,5,1,16:10,7,2,9
2023501283001,2023,501283001,1,1,1,1,24,5,3,0,0,0,0,0,9,3,E01020155,3,1,0.0,1.0,-1,6,30,1,4,1,23:15,4,1,9
2023070563328,2023,070563328,2,4,2,2,68,10,3,0,0,1,0,0,9,10,E01018471,-1,0,0.06679,0.93321,-1,6,40,2,1,2,15:30,1,2,9
2023421347007,2023,421347007,1,3,2,2,11,3,3,0,0,2,0,0,9,10,E01021939,3,1,0.0,1.0,-1,6,30,1,1,1,17:13,3,1,9
2023010486678,2023,010486678,2,1,1,1,24,5,3,0,0,0,0,0,1,-1,-1,-1,0,0.0,1.0,-1,6,20,2,4,2,10:02,7,2,1
2023061278321,2023,061278321,1,1,3,1,36,7,3,5,1,0,0,1,0,1,E01005660,3,1,0.0,1.0,-1,6,30,1,1,1,11:35,3,1,9
2023461382344,2023,461382344,1,1,3,2,39,7,3,1,1,0,0,0,0,3,E01016114,3,1,0.0,1.0,-1,6,30,1,1,1,08:30,3,1,9
2023061323033,2023,061323033,2,1,1,1,32,6,3,0,0,0,0,0,1,-1,-1,3,1,0.0,1.0,-1,6,30,1,1,1,17:15,5,2,1
2023131281521,2023,131281521,1,1,1,1,36,7,3,0,0,0,0,0,9,2,E01011282,3,1,0.0,1.0,-1,6,30,2,4,2,20:00,3,2,9
2023161274182,2023,161274182,3,2,1,1,59,9,3,0,0,0,0,0,9,5,E01013009,3,1,0.0,1.0,-1,6,30,1,4,1,18:23,7,3,9
2023161324253,2023,161324253,2,1,1,1,47,8,3,0,0,0,0,0,9,8,E01012984,3,1,0.0,1.0,-1,6,30,1,4,1,21:40,5,2,9
2023170H10223,2023,170H10223,1,1,1,2,60,9,3,0,0,0,0,0,9,3,E01011991,-1,0,0.00776,0.99224,-1,1,30,3,1,3,08:10,6,2,9
2023010440751,2023,010440751,2,1,1,1,55,8,3,0,0,0,0,0,1,1,E01003047,-1,0,0.0,1.0,-1,6,30,1,1,1,16:10,3,2,1
2023201274098,2023,201274098,2,1,1,1,20,4,2,0,0,0,0,0,3,1,E01009272,7,1,1.0,0.0,-1,6,30,1,4,1,20:00,7,3,3
2023201394899,2023,201394899,1,3,2,1,12,3,3,0,0,1,0,0,9,5,E01009023,3,1,0.0,1.0,-1,6,30,1,1,1,13:43,5,3,9
2023221289296,2023,221289296,1,1,1,2,41,7,3,0,0,0,0,0,9,6,E01032436,3,1,0.0,1.0,-1,6,50,1,1,2,09:45,5,2,9
2023340WN7312,2023,340WN7312,1,2,2,2,80,11,3,0,0,0,0,0,10,-1,-1,-1,0,0.15367,0.84633,-1,3,70,1,6,2,20:40,4,2,10
2023010434012,2023,010434012,2,1,1,1,29,6,3,0,0,0,0,0,1,7,E01004586,-1,0,0.0,1.0,-1,1,20,2,1,2,17:53,6,3,1
2023010431858,2023,010431858,1,1,1,1,18,4,3,0,0,0,0,0,9,3,E01000032,-1,0,0.0,1.0,-1,6,30,2,5,2,23:54,1,2,9
2023041272196,2023,041272196,1,1,1,1,19,4,3,0,0,0,0,0,9,9,E01025566,3,1,0.0,1.0,-1,6,40,1,6,1,22:25,6,1,9
2023451368527,2023,451368527,1,1,1,2,55,8,3,0,0,0,0,0,9,10,E01022578,3,1,0.0,1.0,-1,6,60,1,1,2,09:35,2,2,9