collision_index,collision_year,collision_ref_no,vehicle_reference,casualty_reference,casualty_class,sex_of_casualty,age_of_casualty,age_band_of_casualty,casualty_severity,pedestrian_location,pedestrian_movement,car_passenger,bus_or_coach_passenger,pedestrian_road_maintenance_worker,casualty_type,casualty_imd_decile,lsoa_of_casualty,enhanced_casualty_severity,casualty_injury_based,casualty_adjusted_severity_serious,casualty_adjusted_severity_slight,casualty_distance_banding,road_type,speed_limit,weather_conditions,light_conditions,road_surface_conditions,time,day_of_week,number_of_vehicles,vehicle_type
2023548879323,2023,548879323,1,1,1,2,41,7,3,0,0,0,0,0,9,8,E01031977,-1,0,0.02741,0.97259,-1,6,60,1,1,1,15:08,3,2,9
2023141319770,2023,141319770,2,1,1,1,20,4,3,0,0,0,0,0,23,-1,-1,3,1,0.0,1.0,-1,6,20,1,1,1,19:00,5,2,23
2023010424048,2023,010424048,1,1,3,2,54,8,3,9,5,0,0,0,0,9,E01004638,-1,0,0.0,1.0,-1,3,20,1,4,1,16:19,7,2,9
2023170M10453,2023,170M10453,1,1,3,2,12,3,3,8,3,0,0,0,0,2,E01012051,-1,0,0.11899,0.88101,-1,6,30,1,1,1,12:10,7,1,9
2023010471630,2023,010471630,2,1,1,1,51,8,2,0,0,0,0,0,1,2,E01003256,-1,0,1.0,0.0,-1,6,30,1,1,2,15:09,5,2,1
2023111310024,2023,111310024,2,1,1,1,5,1,3,0,0,0,0,0,1,1,E01020724,3,1,0.0,1.0,-1,6,30,1,1,1,12:30,1,2,1
2023141311088,2023,141311088,1,1,1,1,55,8,3,0,0,0,0,0,9,7,E01008025,3,1,0.0,1.0,-1,3,30,1,1,1,15:01,4,2,9
2023141381084,2023,141381084,1,1,1,1,59,9,3,0,0,0,0,0,9,-1,-1,3,1,0.0,1.0,-1,6,30,1,4,2,21:00,5,2,9
2023221377184,2023,221377184,1,1,1,1,32,6,2,0,0,0,0,0,9,1,E01032471,7,1,1.0,0.0,-1,6,30,1,1,2,11:35,3,2,9
2023430239935,2023,430239935,1,1,1,1,31,6,3,0,0,0,0,0,9,7,E01016216,-1,0,0.0058,0.9942,-1,3,70,1,1,1,17:41,4,2,9
2023622300774,2023,622300774,1,2,2,2,51,8,3,0,0,0,0,0,19,3,W01001663,-1,0,0.10221,0.89779,-1,3,70,1,6,1,01:42,1,1,19
2023010475465,2023,010475465,1,1,1,1,29,6,3,0,0,0,0,0,1,2,E01032579,-1,0,0.0,1.0,-1,3,30,1,4,1,18:36,4,2,1
2023131354987,2023,131354987,1,1,2,1,24,5,3,0,0,1,0,0,9,6,E01011548,3,1,0.0,1.0,-1,6,60,1,1,1,17:10,5,2,9
2023361338266,2023,361338266,1,1,1,1,36,7,3,0,0,0,0,0,21,7,E01026275,3,1,0.0,1.0,-1,3,70,1,1,2,16:04,6,3,21
2023041391217,2023,041391217,1,1,3,1,30,6,2,5,1,0,0,0,0,-1,-1,7,1,1.0,0.0,-1,6,30,4,4,2,17:00,5,1,9
2023010473795,2023,010473795,1,1,1,1,28,6,3,0,0,0,0,0,9,1,W01001835,-1,0,0.0,1.0,-1,6,20,1,1,1,16:35,2,2,9
2023010482865,2023,010482865,1,1,1,1,26,6,3,0,0,0,0,0,9,1,E01004205,-1,0,0.0,1.0,-1,3,40,2,4,2,21:15,4,2,9
2023061389514,2023,061389514,2,2,2,1,62,9,3,0,0,1,0,0,9,9,E01018692,3,1,0.0,1.0,-1,6,30,2,1,-1,10:20,2,2,9
2023501291387,2023,501291387,1,1,1,2,81,11,3,0,0,0,0,0,9,4,E01018784,3,1,0.0,1.0,-1,6,20,2,1,2,14:49,5,1,9
2023041311586,2023,041311586,2,1,1,1,11,3,2,0,0,0,0,0,1,5,E01025100,5,1,1.0,0.0,-1,6,30,1,1,1,20:25,5,2,1
2023201418992,2023,201418992,1,1,1,1,-1,-1,3,0,0,0,0,0,3,-1,-1,3,1,0.0,1.0,-1,6,30,1,1,2,09:00,3,2,3
2023010484620,2023,010484620,2,3,1,1,32,6,3,0,0,0,0,0,9,4,E01032566,-1,0,0.0,1.0,-1,6,20,1,4,2,17:10,1,3,9
2023451298630,2023,451298630,1,1,2,1,15,3,2,0,0,0,0,0,17,10,E01030367,7,1,1.0,0.0,-1,6,30,1,1,1,16:38,3,2,17
2023430095006,2023,430095006,2,3,2,1,20,4,2,0,0,0,0,0,19,5,E01002590,-1,0,1.0,0.0,-1,6,30,1,1,1,13:56,5,2,19
2023131307193,2023,131307193,2,1,1,1,37,7,2,0,0,0,0,0,1,1,E01010653,7,1,1.0,0.0,-1,6,30,1,1,1,14:00,1,2,1
2023201309218,2023,201309218,2,1,1,1,73,10,3,0,0,0,0,0,1,5,E01010558,3,1,0.0,1.0,-1,1,30,1,1,1,07:30,4,2,1
2023010461880,2023,010461880,2,1,1,1,21,5,2,0,0,0,0,0,4,2,E01002703,-1,0,1.0,0.0,-1,6,30,1,1,1,17:38,3,2,4
2023011276795,2023,011276795,2,2,1,1,65,9,3,0,0,0,0,0,9,4,E01017487,3,1,0.0,1.0,-1,6,50,1,4,1,19:53,4,3,9
2023421341570,2023,421341570,1,1,1,1,19,4,3,0,0,0,0,0,9,5,E01021982,3,1,0.0,1.0,-1,6,30,1,1,1,19:51,1,2,9
2023430270542,2023,430270542,1,2,2,1,18,4,1,0,0,2,0,0,9,10,E01028736,-1,0,0.0,0.0,-1,6,30,1,6,1,00:13,3,1,9
2023461337799,2023,461337799,2,1,1,2,27,6,2,0,0,0,0,0,9,9,E01024442,7,1,1.0,0.0,-1,3,60,1,1,1,19:35,4,2,9
2023501276247,2023,501276247,1,1,1,2,28,6,3,0,0,0,0,0,9,2,E01018751,3,1,0.0,1.0,-1,6,60,1,1,1,09:01,4,2,9
2023010433481,2023,010433481,1,1,3,1,27,6,3,5,9,0,0,0,0,6,E01002484,-1,0,0.0,1.0,-1,6,20,1,4,1,19:40,3,1,9
2023010483726,2023,010483726,1,1,1,1,38,7,3,0,0,0,0,0,1,2,E01032787,-1,0,0.0,1.0,-1,1,20,8,4,1,03:25,5,2,1
2023351298968,2023,351298968,2,1,1,1,55,8,3,0,0,0,0,0,1,2,E01015601,3,1,0.0,1.0,-1,6,30,2,4,2,05:52,4,2,1
2023430461940,2023,430461940,2,1,1,1,36,7,3,0,0,0,0,0,1,3,E01016464,-1,0,0.1552,0.8448,-1,6,30,1,4,2,21:01,2,2,1
2023010445080,2023,010445080,2,1,1,1,39,7,3,0,0,0,0,0,3,3,E01004393,-1,0,0.0,1.0,-1,6,20,1,1,1,19:15,5,2,3
2023061362625,2023,061362625,3,5,2,2,0,1,3,0,0,2,0,0,9,5,E01005521,3,1,0.0,1.0,-1,6,30,1,1,2,13:57,6,4,9
2023451357277,2023,451357277,2,2,1,2,23,5,3,0,0,0,0,0,9,10,E01031645,3,1,0.0,1.0,-1,6,30,1,1,1,13:30,4,2,9
2023122300329,2023,122300329,1,1,3,2,42,7,3,6,5,0,0,0,0,6,E01027831,-1,0,0.03114,0.96886,-1,6,20,9,1,9,08:30,2,1,11
2023031274237,2023,031274237,2,1,1,1,23,5,3,0,0,0,0,0,3,4,E01019260,3,1,0.0,1.0,-1,6,60,8,1,-1,15:25,4,2,3
2023522301696,2023,522301696,1,1,1,1,38,7,3,0,0,0,0,0,4,-1,-1,-1,0,0.04488,0.95512,-1,6,20,1,1,2,16:20,6,2,4
2023010465852,2023,010465852,1,1,3,1,61,9,2,1,1,0,0,0,0,2,E01004423,-1,0,1.0,0.0,-1,6,20,1,4,1,22:32,4,1,9
2023471305946,2023,471305946,1,1,1,1,53,8,2,0,0,0,0,0,9,7,E01021222,6,1,1.0,0.0,-1,6,60,1,1,2,17:08,4,1,9
2023631335557,2023,631335557,2,1,1,2,25,5,3,0,0,0,0,0,9,-1,-1,3,1,0.0,1.0,-1,6,30,1,1,1,15:00,6,2,9
202363C023923,2023,63C023923,1,1,1,2,52,8,3,0,0,0,0,0,9,3,W01000607,-1,0,0.0719,0.9281,-1,6,60,2,1,2,13:45,3,2,9
2023430199250,2023,430199250,2,1,1,2,21,5,3,0,0,0,0,0,9,4,E01017902,-1,0,0.02989,0.97011,-1,6,30,1,1,1,19:57,1,2,9
2023010463127,2023,010463127,1,1,1,2,21,5,3,0,0,0,0,0,9,10,E01030855,-1,0,0.0,1.0,-1,3,30,1,1,1,08:22,4,1,9
2023052301887,2023,052301887,2,2,2,2,55,8,2,0,0,0,4,0,11,1,E01006778,-1,0,1.0,0.0,-1,3,30,1,1,1,15:35,7,2,11
2023010484809,2023,010484809,5,4,1,1,34,6,3,0,0,0,0,0,19,6,E01017623,-1,0,0.0,1.0,-1,6,20,1,4,1,17:14,2,5,19
2023520301616,2023,520301616,1,2,3,2,77,11,2,8,9,0,0,0,0,8,E01029296,-1,0,1.0,0.0,-1,6,30,1,1,1,12:30,4,1,9
2023010486553,2023,010486553,1,1,1,2,66,10,3,0,0,0,0,0,9,7,E01003270,-1,0,0.0,1.0,-1,6,20,1,1,1,13:40,6,2,9
2023010429947,2023,010429947,1,1,3,2,26,6,3,9,8,0,0,0,0,3,E01004734,-1,0,0.0,1.0,-1,6,20,1,4,1,23:55,4,1,9
2023501292611,2023,501292611,2,1,1,1,61,9,3,0,0,0,0,0,1,5,E01018992,3,1,0.0,1.0,-1,6,30,4,1,1,17:00,6,2,1
2023010451509,2023,010451509,1,1,1,1,63,9,3,0,0,0,0,0,5,4,E01017667,-1,0,0.0,1.0,-1,2,20,1,1,1,18:55,6,3,5
2023071057088,2023,071057088,2,2,1,2,55,8,3,0,0,0,0,0,9,8,E01018567,-1,0,0.03419,0.96581,-1,6,30,1,1,1,12:00,5,2,9
2023302301676,2023,302301676,1,1,1,1,21,5,3,0,0,0,0,0,9,9,E01019599,-1,0,0.14568,0.85432,-1,6,60,7,6,2,20:15,3,2,9
2023371356348,2023,371356348,1,1,1,2,32,6,3,0,0,0,0,0,9,6,E01029944,3,1,0.0,1.0,-1,6,30,1,1,1,19:14,5,2,9
2023501328477,2023,501328477,1,1,1,2,24,5,3,0,0,0,0,0,9,3,E01020323,3,1,0.0,1.0,-1,6,60,2,1,2,16:22,3,1,9
2023010425713,2023,010425713,2,1,1,2,35,6,3,0,0,0,0,0,9,2,E01003303,-1,0,0.0,1.0,-1,6,20,1,1,1,16:05,2,3,9
2023221296159,2023,221296159,1,1,1,2,57,9,3,0,0,0,0,0,9,10,E01032346,3,1,0.0,1.0,-1,6,30,1,1,1,13:30,4,2,9
2023552301238,2023,552301238,2,1,1,2,32,6,3,0,0,0,0,0,9,3,E01015273,-1,0,0.00576,0.99424,-1,6,30,1,1,1,18:00,3,2,9
2023201354375,2023,201354375,1,1,1,1,42,7,2,0,0,0,0,0,9,4,E01009078,7,1,1.0,0.0,-1,6,30,1,1,1,15:28,5,3,9
2023131330713,2023,131330713,1,1,1,1,82,11,3,0,0,0,0,0,9,8,E01011115,3,1,0.0,1.0,-1,6,30,2,1,2,14:45,3,3,9
2023211389220,2023,211389220,1,1,1,2,41,7,3,0,0,0,0,0,9,7,E01029405,3,1,0.0,1.0,-1,3,70,1,6,2,22:15,7,1,9
2023543043123,2023,543043123,1,1,1,2,28,6,3,0,0,0,0,0,9,9,E01032713,-1,0,0.01232,0.98768,-1,1,30,1,1,1,17:35,3,2,9
2023461354240,2023,461354240,1,1,3,1,64,9,2,5,3,0,0,0,0,5,E01024082,6,1,1.0,0.0,-1,6,30,1,1,1,03:58,6,1,9
2023471372586,2023,471372586,2,1,1,1,30,6,3,0,0,0,0,0,1,7,E01031837,3,1,0.0,1.0,-1,6,30,1,1,1,11:00,5,2,1
2023131260778,2023,131260778,1,1,1,1,23,5,3,0,0,0,0,0,9,3,E01011257,3,1,0.0,1.0,-1,2,30,1,1,1,13:23,7,2,9
2023141373874,2023,141373874,3,1,1,1,60,9,3,0,0,0,0,0,9,5,E01007682,3,1,0.0,1.0,-1,7,70,5,1,2,07:40,2,4,9
2023401380349,2023,401380349,1,1,1,2,26,6,3,0,0,0,0,0,9,6,E01017385,3,1,0.0,1.0,-1,6,50,5,6,2,18:27,1,2,9
2023501267967,2023,501267967,2,1,1,2,73,10,3,0,0,0,0,0,9,1,E01018875,3,1,0.0,1.0,-1,6,40,1,1,1,14:38,7,3,9
2023320495577,2023,320495577,1,1,3,2,74,10,3,10,3,0,0,0,0,2,E01026175,-1,0,0.07113,0.92887,-1,6,30,1,1,1,12:20,5,1,19
2023451284236,2023,451284236,1,1,3,2,46,8,2,6,9,0,0,0,0,10,E01004093,5,1,1.0,0.0,-1,3,60,1,1,2,16:50,3,2,9
2023451387017,2023,451387017,1,1,2,2,43,7,3,0,0,0,0,0,97,4,E01030383,3,1,0.0,1.0,-1,3,40,4,4,2,01:00,3,1,97
2023010423925,2023,010423925,1,1,3,1,69,10,3,5,1,0,0,0,0,3,E01003296,-1,0,0.0,1.0,-1,6,20,1,4,1,17:10,6,1,19
2023010431443,2023,010431443,1,1,3,1,9,2,3,1,3,0,0,0,0,-1,-1,-1,0,0.0,1.0,-1,3,20,4,1,1,10:09,6,1,19
2023421338730,2023,421338730,1,1,3,1,29,6,3,1,4,0,0,0,0,6,E01025995,3,1,0.0,1.0,-1,6,30,1,1,1,19:03,1,1,9
2023991388198,2023,991388198,1,1,3,1,67,10,3,4,3,0,0,0,0,7,-1,3,1,0.0,1.0,-1,6,30,1,1,2,08:45,5,1,9
2023010449534,2023,010449534,2,1,1,2,55,8,3,0,0,0,0,0,1,3,E01000164,-1,0,0.0,1.0,-1,6,20,1,1,1,18:09,6,2,1
2023221332272,2023,221332272,1,1,1,1,46,8,3,0,0,0,0,0,1,7,E01014007,3,1,0.0,1.0,-1,6,30,2,1,2,19:15,7,2,1
2023451375926,2023,451375926,1,1,1,1,55,8,3,0,0,0,0,0,1,8,E01003823,3,1,0.0,1.0,-1,1,20,2,4,2,00:30,7,1,1
2023631330283,2023,631330283,1,1,2,2,70,10,3,0,0,2,0,0,9,3,E01015884,3,1,0.0,1.0,-1,6,30,1,1,1,14:00,2,1,9
2023461341495,2023,461341495,1,1,1,1,59,9,3,0,0,0,0,0,19,-1,-1,3,1,0.0,1.0,-1,3,70,5,1,2,14:56,4,1,19
2023401283759,2023,401283759,1,1,3,1,79,11,1,10,1,0,0,0,0,3,E01017580,1,1,0.0,0.0,-1,3,40,1,1,1,12:05,2,1,11
2023141357306,2023,141357306,1,1,1,1,66,10,3,0,0,0,0,0,3,4,E01018512,3,1,0.0,1.0,-1,6,30,2,1,2,16:30,7,1,3
2023471268936,2023,471268936,2,1,1,1,27,6,3,0,0,0,0,0,3,2,E01016978,3,1,0.0,1.0,-1,6,20,1,4,1,17:45,6,3,3
2023011347831,2023,011347831,1,1,1,1,19,4,3,0,0,0,0,0,9,9,E01000656,3,1,0.0,1.0,-1,6,60,8,4,2,21:16,5,2,9
2023340WN2022,2023,340WN2022,1,1,1,1,35,6,3,0,0,0,0,0,9,1,E01015732,-1,0,0.05287,0.94713,-1,3,70,1,1,1,12:05,1,2,9
2023461383813,2023,461383813,2,1,1,2,29,6,3,0,0,0,0,0,9,2,E01024108,3,1,0.0,1.0,-1,7,40,1,1,2,15:20,2,2,9
2023451343864,2023,451343864,1,1,1,2,50,8,3,0,0,0,0,0,1,10,E01003364,3,1,0.0,1.0,-1,1,30,1,1,1,10:00,1,2,1
2023070015845,2023,070015845,1,1,1,1,61,9,3,0,0,0,0,0,3,1,E01007126,-1,0,0.22077,0.77923,-1,6,30,1,6,2,18:00,5,2,3
2023010437589,2023,010437589,1,1,1,1,16,4,2,0,0,0,0,0,2,1,E01003051,-1,0,1.0,0.0,-1,6,30,1,1,1,17:05,7,2,2
2023010422642,2023,010422642,1,1,3,1,36,7,2,9,8,0,0,1,0,2,E01004718,-1,0,1.0,0.0,-1,6,20,1,1,1,09:00,5,1,9
2023010457508,2023,010457508,2,1,1,1,32,6,3,0,0,0,0,0,1,5,E01033322,-1,0,0.0,1.0,-1,7,20,1,1,1,11:20,5,2,1
2023041326920,2023,041326920,2,1,1,1,39,7,3,0,0,0,0,0,1,7,E01025448,3,1,0.0,1.0,-1,6,30,1,1,1,08:25,3,2,1
2023461268009,2023,461268009,1,1,1,1,29,6,3,0,0,0,0,0,4,2,E01016153,3,1,0.0,1.0,-1,3,70,2,1,2,07:47,3,3,4
2023340NN1082,2023,340NN1082,2,3,2,2,9,2,3,0,0,1,0,0,9,-1,-1,-1,0,0.01493,0.98507,-1,6,30,3,4,3,18:30,4,2,9
2023401343118,2023,401343118,2,1,1,1,57,9,3,0,0,0,0,0,9,3,E01003193,3,1,0.0,1.0,-1,6,60,1,1,1,12:48,2,2,9
2023522400736,2023,522400736,2,1,1,1,35,6,3,0,0,0,0,0,-1,-1,-1,-1,0,0.06539,0.93461,-1,6,20,1,1,1,17:56,3,2,-1
2023061384526,2023,061384526,1,1,2,1,30,6,3,0,0,1,0,0,9,8,E01019757,3,1,0.0,1.0,-1,6,30,2,4,2,18:50,6,2,9
2023170M10973,2023,170M10973,1,1,1,2,40,7,3,0,0,0,0,0,9,1,E01012011,-1,0,0.00572,0.99428,-1,1,30,1,1,1,14:15,5,2,9
2023501356243,2023,501356243,2,1,1,1,75,10,3,0,0,0,0,0,9,5,E01020256,3,1,0.0,1.0,-1,6,60,2,1,2,08:33,4,2,9
2023041387156,2023,041387156,2,1,1,2,63,9,2,0,0,0,0,0,1,10,E01025328,7,1,1.0,0.0,-1,6,30,1,4,1,11:06,3,2,1
2023501295538,2023,501295538,1,1,1,1,20,4,3,0,0,0,0,0,5,5,E01020177,3,1,0.0,1.0,-1,6,60,5,1,2,16:23,3,2,5
2023430075574,2023,430075574,1,1,3,2,78,11,2,5,4,0,0,0,0,10,E01016634,-1,0,1.0,0.0,-1,6,30,1,1,1,11:45,7,1,19
2023610035023,2023,610035023,1,1,1,1,22,5,2,0,0,0,0,0,9,1,W01001453,-1,0,1.0,0.0,-1,6,60,1,4,1,23:10,7,1,9
2023622300304,2023,622300304,1,2,2,1,19,4,2,0,0,0,0,0,3,4,W01000927,-1,0,1.0,0.0,-1,6,30,1,1,1,15:14,1,1,3
2023101279800,2023,101279800,1,3,2,1,-1,-1,3,0,0,0,4,0,11,3,E01020694,3,1,0.0,1.0,-1,6,20,9,1,1,15:15,1,1,11
2023010473873,2023,010473873,2,2,1,1,70,10,3,0,0,0,0,0,9,7,E01002165,-1,0,0.0,1.0,-1,6,30,1,1,2,07:30,4,2,9
2023061352438,2023,061352438,1,1,1,1,35,6,3,0,0,0,0,0,9,2,E01005902,3,1,0.0,1.0,-1,6,30,1,1,1,10:32,4,2,9
2023070462872,2023,070462872,1,1,1,2,23,5,2,0,0,0,0,0,9,8,E01018681,-1,0,1.0,0.0,-1,3,70,1,1,1,15:40,3,2,9
2023070755289,2023,070755289,1,1,1,2,36,7,3,0,0,0,0,0,9,9,E01012376,-1,0,0.02224,0.97776,-1,6,30,1,1,1,09:10,3,2,9
2023451282048,2023,451282048,3,2,1,1,63,9,3,0,0,0,0,0,9,8,E01030803,3,1,0.0,1.0,-1,3,70,1,4,1,18:12,4,4,9
2023461267045,2023,461267045,2,1,1,1,30,6,3,0,0,0,0,0,9,4,E01023981,3,1,0.0,1.0,-1,3,40,1,4,1,17:00,3,2,9
2023141264962,2023,141264962,1,1,3,1,91,11,2,5,3,0,0,0,0,3,E01007673,7,1,1.0,0.0,-1,6,30,1,1,1,12:25,4,1,9
2023141325442,2023,141325442,1,1,3,1,48,8,2,5,9,0,0,0,0,-1,-1,5,1,1.0,0.0,-1,6,20,1,1,1,13:48,2,1,9
2023010421405,2023,010421405,2,1,1,1,37,7,3,0,0,0,0,0,1,3,E01002808,-1,0,0.0,1.0,-1,6,20,1,4,1,18:43,7,2,1
2023231313683,2023,231313683,2,1,1,1,21,5,2,0,0,0,0,0,2,6,E01031206,7,1,1.0,0.0,-1,6,30,1,1,1,10:15,7,2,2
2023010433735,2023,010433735,1,1,1,1,58,9,3,0,0,0,0,0,4,5,E01004127,-1,0,0.0,1.0,-1,6,30,1,1,1,06:35,5,2,4
2023430148197,2023,430148197,2,1,1,2,79,11,2,0,0,0,0,0,22,9,E01017796,-1,0,1.0,0.0,-1,6,30,1,1,1,16:23,3,2,22
2023111383153,2023,111383153,1,1,3,2,71,10,2,4,3,0,0,0,0,5,E01008224,7,1,1.0,0.0,-1,6,30,1,4,2,17:41,1,1,9
2023211303894,2023,211303894,1,1,3,1,23,5,3,10,9,0,0,-1,0,-1,-1,3,1,0.0,1.0,-1,6,30,8,1,-1,20:30,7,1,9
2023311292833,2023,311292833,1,1,3,1,33,6,3,5,3,0,0,2,0,-1,-1,3,1,0.0,1.0,-1,6,30,2,4,2,20:10,7,1,9
202354C486023,2023,54C486023,1,1,1,1,16,4,3,0,0,0,0,0,1,7,E01015583,-1,0,0.10275,0.89725,-1,6,20,9,1,1,14:52,6,2,1
2023010440251,2023,010440251,1,1,3,2,40,7,3,4,9,0,0,0,0,-1,-1,-1,0,0.0,1.0,-1,2,20,1,1,1,18:58,7,1,9
2023552300573,2023,552300573,2,1,1,1,56,9,3,0,0,0,0,0,1,3,E01033242,-1,0,0.09777,0.90223,-1,6,30,1,1,1,12:15,7,2,1
2023041362311,2023,041362311,2,1,1,1,56,9,2,0,0,0,0,0,9,2,E01006508,7,1,1.0,0.0,-1,6,50,1,1,1,14:42,6,2,9
2023131387892,2023,131387892,1,1,1,2,66,10,3,0,0,0,0,0,9,6,E01010705,3,1,0.0,1.0,-1,6,50,1,5,2,16:12,4,1,9
2023201351188,2023,201351188,2,2,2,1,19,4,3,0,0,1,0,0,9,7,E01031244,3,1,0.0,1.0,-1,6,30,1,4,1,04:50,1,3,9
2023552300484,2023,552300484,2,2,1,2,49,8,3,0,0,0,0,0,9,10,E01022995,-1,0,0.05604,0.94396,-1,6,60,1,1,1,14:20,7,2,9
202360A162967,2023,60A162967,1,1,1,2,47,8,3,0,0,0,0,0,9,-1,-1,-1,0,0.01185,0.98815,-1,6,20,1,1,1,11:05,3,2,9
2023131284028,2023,131284028,1,2,2,1,64,9,2,0,0,0,4,0,11,8,E01010709,7,1,1.0,0.0,-1,3,70,1,1,1,08:56,3,2,11
2023041341800,2023,041341800,1,2,2,2,45,7,3,0,0,1,0,0,9,3,E01025291,3,1,0.0,1.0,-1,6,30,1,1,1,18:45,4,2,9
2023070365095,2023,070365095,2,1,1,2,26,6,3,0,0,0,0,0,9,3,E01012427,-1,0,0.03915,0.96085,-1,6,30,1,1,1,19:16,1,2,9
2023052301533,2023,052301533,1,1,3,2,49,8,3,10,9,0,0,0,0,1,E01006648,-1,0,0.10483,0.89517,-1,6,30,1,1,1,20:00,3,1,9
2023010427958,2023,010427958,2,2,1,1,42,7,3,0,0,0,0,0,3,9,E01003360,-1,0,0.0,1.0,-1,6,30,8,4,2,23:45,7,2,3
2023201340147,2023,201340147,1,1,3,1,44,7,3,5,1,0,0,0,0,1,E01009047,3,1,0.0,1.0,-1,6,30,1,1,1,19:53,7,1,9
2023461375642,2023,461375642,1,1,3,2,17,4,3,5,2,0,0,0,0,10,E01032809,3,1,0.0,1.0,-1,6,30,1,1,1,15:30,2,1,19
2023311297037,2023,311297037,2,1,1,1,26,6,3,0,0,0,0,0,-1,-1,-1,3,1,0.0,1.0,-1,6,30,1,1,1,18:14,7,2,-1
2023052302356,2023,052302356,1,1,3,2,21,5,2,5,9,0,0,0,0,1,E01006746,-1,0,1.0,0.0,-1,6,30,2,4,2,02:28,1,1,8
2023371373330,2023,371373330,1,1,3,2,22,5,2,6,9,0,0,0,0,5,E01029960,7,1,1.0,0.0,-1,6,30,1,7,1,23:00,6,1,8
2023201370813,2023,201370813,2,1,1,2,64,9,3,0,0,0,0,0,9,9,E01010398,3,1,0.0,1.0,-1,3,30,1,1,1,08:05,6,2,9
2023461305582,2023,461305582,1,1,1,1,26,6,3,0,0,0,0,0,9,4,E01024086,3,1,0.0,1.0,-1,6,40,1,1,1,16:18,5,2,9
2023520301259,2023,520301259,2,2,2,1,29,6,2,0,0,2,0,0,9,-1,-1,-1,0,1.0,0.0,-1,6,60,1,1,1,17:25,3,4,9
2023320701207,2023,320701207,1,1,2,2,20,4,3,0,0,1,0,0,9,3,E01026068,-1,0,0.05451,0.94549,-1,6,60,1,1,2,09:28,7,2,9
2023411306699,2023,411306699,3,1,1,1,55,8,3,0,0,0,0,0,9,3,E01016714,3,1,0.0,1.0,-1,3,70,2,4,2,21:03,5,3,9
2023461269798,2023,461269798,1,1,1,2,55,8,3,0,0,0,0,0,9,9,E01024814,3,1,0.0,1.0,-1,1,50,1,1,4,09:50,3,2,9
2023101327138,2023,101327138,2,1,2,2,37,7,3,0,0,2,0,0,8,1,E01033547,3,1,0.0,1.0,-1,6,30,1,1,1,19:36,6,2,8
2023010453624,2023,010453624,1,1,3,1,83,11,3,6,9,0,0,0,0,5,E01003083,-1,0,0.0,1.0,-1,3,30,1,1,1,15:39,5,1,11
2023052301268,2023,052301268,1,1,3,2,30,6,3,6,9,0,0,0,0,1,E01007016,-1,0,0.04355,0.95645,-1,6,20,1,1,1,13:30,5,1,9
2023070979108,2023,070979108,1,1,3,2,41,7,2,5,1,0,0,0,0,8,E01012538,-1,0,1.0,0.0,-1,6,30,1,1,1,12:33,1,1,9
2023221291887,2023,221291887,1,1,3,1,32,6,2,5,1,0,0,0,0,9,E01032379,7,1,1.0,0.0,-1,6,30,1,4,2,21:07,6,1,9
2023302301163,2023,302301163,1,1,3,1,28,6,3,9,5,0,0,0,0,5,E01019582,-1,0,0.09857,0.90143,-1,6,30,1,1,1,08:30,5,2,9
2023061347328,2023,061347328,1,1,1,1,46,8,2,0,0,0,0,0,1,-1,-1,7,1,1.0,0.0,-1,3,30,1,1,1,14:35,5,2,1
2023010450157,2023,010450157,1,1,1,1,54,8,3,0,0,0,0,0,8,2,E01001477,-1,0,0.0,1.0,-1,6,20,1,4,1,21:23,2,2,8
2023010464803,2023,010464803,1,1,1,1,33,6,3,0,0,0,0,0,3,3,E01002504,-1,0,0.0,1.0,-1,6,20,9,7,9,16:40,5,2,3
2023302300874,2023,302300874,2,2,1,1,41,7,3,0,0,0,0,0,5,4,E01013617,-1,0,0.24921,0.75079,-1,6,50,1,1,1,14:25,1,4,5
2023052302255,2023,052302255,2,5,2,1,8,2,3,0,0,2,0,0,9,5,E01007235,-1,0,0.06357,0.93643,-1,6,50,1,1,1,17:46,6,2,9
2023340NN4222,2023,340NN4222,2,1,2,2,11,3,3,0,0,2,0,0,9,-1,-1,-1,0,0.03634,0.96366,-1,3,40,1,1,1,13:43,7,2,9
2023471374158,2023,471374158,2,2,2,2,58,9,3,0,0,1,0,0,9,10,E01031823,3,1,0.0,1.0,-1,3,30,1,1,2,09:18,7,2,9
2023010436908,2023,010436908,1,1,3,1,30,6,2,6,9,0,0,0,0,5,E01002682,-1,0,1.0,0.0,-1,9,30,1,1,1,12:00,1,1,9
2023052302992,2023,052302992,1,1,1,1,20,4,3,0,0,0,0,0,3,1,E01006871,-1,0,0.23594,0.76406,-1,6,20,1,4,1,03:38,7,1,3
2023052302362,2023,052302362,4,3,1,1,51,8,3,0,0,0,0,0,8,-1,-1,-1,0,0.0679,0.9321,-1,3,70,2,1,2,07:15,5,5,8
2023631328205,2023,631328205,1,1,1,1,36,7,2,0,0,0,0,0,5,9,E01000346,6,1,1.0,0.0,-1,6,60,2,1,2,12:00,3,1,5
2023010432972,2023,010432972,1,1,1,1,42,7,3,0,0,0,0,0,9,2,E01000080,-1,0,0.0,1.0,-1,3,30,1,4,2,23:21,7,2,9