collision_index,collision_year,collision_ref_no,vehicle_reference,casualty_reference,casualty_class,sex_of_casualty,age_of_casualty,age_band_of_casualty,casualty_severity,pedestrian_location,pedestrian_movement,car_passenger,bus_or_coach_passenger,pedestrian_road_maintenance_worker,casualty_type,casualty_imd_decile,lsoa_of_casualty,enhanced_casualty_severity,casualty_injury_based,casualty_adjusted_severity_serious,casualty_adjusted_severity_slight,casualty_distance_banding,road_type,speed_limit,weather_conditions,light_conditions,road_surface_conditions,time,day_of_week,number_of_vehicles,vehicle_type
2023440335645,2023,440335645,1,1,1,1,18,4,3,0,0,0,0,0,3,2,E01017168,-1,0,0.17305,0.82695,-1,6,30,1,1,1,14:15,7,1,3
2023010448777,2023,010448777,1,1,1,1,64,9,3,0,0,0,0,0,9,3,E01004676,-1,0,0.0,1.0,-1,6,30,1,1,1,13:00,3,2,9
2023031369515,2023,031369515,2,1,1,1,69,10,3,0,0,0,0,0,9,6,E01019133,3,1,0.0,1.0,-1,6,50,2,1,2,14:30,4,2,9
2023141302998,2023,141302998,2,1,1,2,38,7,3,0,0,0,0,0,9,3,E01007701,3,1,0.0,1.0,-1,6,60,1,6,1,19:45,1,2,9
2023552301318,2023,552301318,2,1,1,2,22,5,3,0,0,0,0,0,9,8,E01015333,-1,0,0.00983,0.99017,-1,1,30,1,1,1,08:10,3,2,9
2023991343550,2023,991343550,2,2,2,2,26,6,3,0,0,1,0,0,9,2,-1,3,1,0.0,1.0,-1,6,30,1,1,1,14:20,6,2,9
2023010462727,2023,010462727,2,1,1,1,-1,-1,2,0,0,0,0,0,1,7,E01000198,-1,0,1.0,0.0,-1,6,30,2,1,2,18:30,7,2,1
2023440373490,2023,440373490,1,1,1,1,24,5,3,0,0,0,0,0,1,8,E01017190,-1,0,0.06229,0.93771,-1,6,30,2,1,2,18:05,3,2,1
2023501353628,2023,501353628,2,1,1,2,23,5,2,0,0,0,0,0,1,7,E01018879,5,1,1.0,0.0,-1,6,30,1,1,1,10:45,6,2,1
2023320406787,2023,320406787,1,1,1,2,26,6,3,0,0,0,0,0,9,5,E01026133,-1,0,0.01087,0.98913,-1,6,30,9,1,1,12:00,1,2,9
2023430154083,2023,430154083,1,1,1,2,78,11,3,0,0,0,0,0,9,9,E01033194,-1,0,0.09735,0.90265,-1,6,60,1,1,1,10:08,3,2,9
2023430556640,2023,430556640,2,2,2,1,20,4,3,0,0,1,0,0,9,-1,-1,-1,0,0.00457,0.99543,-1,6,20,2,4,2,17:40,2,2,9
2023122300447,2023,122300447,2,1,1,1,58,9,2,0,0,0,0,0,1,10,E01013375,-1,0,1.0,0.0,-1,6,60,1,1,1,11:09,1,2,1
2023201318900,2023,201318900,2,1,1,1,18,4,2,0,0,0,0,0,1,6,E01009462,5,1,1.0,0.0,-1,6,30,1,4,1,22:47,6,2,1
2023010468762,2023,010468762,1,1,2,1,38,7,3,0,0,1,0,0,9,5,E01003433,-1,0,0.0,1.0,-1,6,20,1,1,1,12:48,5,2,9
2023552301381,2023,552301381,2,1,1,2,49,8,3,0,0,0,0,0,9,6,E01020452,-1,0,0.04416,0.95584,-1,6,60,2,1,1,13:16,5,2,9
202360A086010,2023,60A086010,1,1,3,2,17,4,3,9,6,0,0,0,0,-1,-1,-1,0,0.05042,0.94958,-1,2,30,1,1,1,15:30,4,1,9
2023302301319,2023,302301319,1,1,1,2,41,7,3,0,0,0,0,0,9,4,E01019742,-1,0,0.10128,0.89872,-1,6,60,1,1,1,14:47,7,1,9
2023430016336,2023,430016336,1,1,2,1,39,7,2,0,0,2,0,0,9,7,E01014856,-1,0,1.0,0.0,-1,6,60,2,6,5,05:33,5,1,9
2023541329423,2023,541329423,3,1,1,2,67,10,3,0,0,0,0,0,9,5,E01029045,-1,0,0.02033,0.97967,-1,6,60,1,1,1,11:24,2,3,9
2023471305979,2023,471305979,2,2,1,1,59,9,3,0,0,0,0,0,9,2,E01031436,3,1,0.0,1.0,-1,6,30,1,1,2,18:51,2,2,9
2023170L30623,2023,170L30623,2,1,1,1,23,5,2,0,0,0,0,0,1,3,E01012109,-1,0,1.0,0.0,-1,6,50,1,1,1,16:20,4,2,1
2023041262224,2023,041262224,1,1,1,1,23,5,3,0,0,0,0,0,9,4,E01025187,3,1,0.0,1.0,-1,7,70,2,4,2,22:05,4,1,9
2023041313074,2023,041313074,2,2,1,2,43,7,2,0,0,0,0,0,9,9,E01025324,7,1,1.0,0.0,-1,3,70,1,1,1,15:32,2,2,9
2023161288401,2023,161288401,1,1,1,1,40,7,3,0,0,0,0,0,9,10,E01033495,3,1,0.0,1.0,-1,1,30,1,4,2,21:00,7,1,9
2023311295046,2023,311295046,2,1,1,1,46,8,3,0,0,0,0,0,9,2,E01013961,3,1,0.0,1.0,-1,3,30,1,4,1,21:48,1,2,9
2023461299625,2023,461299625,1,1,1,1,48,8,3,0,0,0,0,0,9,4,E01016067,3,1,0.0,1.0,-1,7,70,1,1,1,08:56,6,3,9
2023061363978,2023,061363978,3,6,2,1,57,9,3,0,0,0,4,0,11,1,E01004818,3,1,0.0,1.0,-1,6,30,1,1,1,13:20,3,3,11
2023010437905,2023,010437905,1,1,3,1,39,7,2,5,4,0,0,0,0,2,E01004409,-1,0,1.0,0.0,-1,6,30,1,1,1,17:45,2,1,19
2023991302401,2023,991302401,1,1,3,2,53,8,3,5,2,0,0,0,0,-1,-1,3,1,0.0,1.0,-1,6,30,1,1,1,08:45,2,1,9
2023122300846,2023,122300846,1,1,1,2,40,7,3,0,0,0,0,0,1,9,E01013431,-1,0,0.06623,0.93377,-1,6,30,1,1,1,16:28,5,2,1
2023061346570,2023,061346570,1,1,1,1,39,7,2,0,0,0,0,0,9,4,E01005840,5,1,1.0,0.0,-1,3,50,1,4,1,20:53,3,1,9
2023371309947,2023,371309947,2,1,2,2,35,6,3,0,0,1,0,0,9,2,E01030031,3,1,0.0,1.0,-1,1,30,1,1,1,09:30,2,2,9
2023010477645,2023,010477645,1,1,2,2,40,7,3,0,0,0,2,0,11,3,E01001394,-1,0,0.0,1.0,-1,6,20,1,1,2,09:48,2,1,11
2023201298992,2023,201298992,2,1,1,1,62,9,3,0,0,0,0,0,19,1,E01009259,3,1,0.0,1.0,-1,1,40,2,4,1,22:00,4,2,19
2023131319681,2023,131319681,1,1,3,1,18,4,3,9,7,0,0,2,0,-1,-1,3,1,0.0,1.0,-1,6,30,1,1,1,09:11,7,1,90
2023991280517,2023,991280517,1,1,1,1,26,6,3,0,0,0,0,0,9,1,-1,3,1,0.0,1.0,-1,6,30,1,4,1,18:41,7,2,9
2023991311850,2023,991311850,1,1,1,1,18,4,1,0,0,0,0,0,9,4,-1,1,1,0.0,0.0,-1,6,60,1,1,1,06:05,6,2,9
2023361384963,2023,361384963,2,1,1,1,20,4,2,0,0,0,0,0,-1,4,E01026804,5,1,1.0,0.0,-1,6,30,5,4,2,21:02,7,2,-1
2023010430544,2023,010430544,1,1,1,1,45,7,2,0,0,0,0,0,1,2,E01002051,-1,0,1.0,0.0,-1,9,30,8,1,1,07:15,6,2,1
2023461316815,2023,461316815,1,1,1,2,29,6,3,0,0,0,0,0,9,6,E01016113,3,1,0.0,1.0,-1,6,30,1,1,1,15:16,1,3,9
2023201281725,2023,201281725,1,1,1,1,40,7,3,0,0,0,0,0,1,-1,-1,3,1,0.0,1.0,-1,3,20,1,4,1,17:40,3,2,1
2023421320908,2023,421320908,2,1,1,1,71,10,2,0,0,0,0,0,5,1,E01015842,7,1,1.0,0.0,-1,6,30,1,1,1,17:08,3,2,5
2023041273848,2023,041273848,1,1,2,2,80,11,2,0,0,1,0,0,9,8,E01025602,6,1,1.0,0.0,-1,3,40,1,1,1,08:23,4,2,9
2023161269430,2023,161269430,1,1,1,1,52,8,3,0,0,0,0,0,9,4,E01013303,3,1,0.0,1.0,-1,6,30,1,6,2,21:40,1,1,9
2023340NN9032,2023,340NN9032,1,3,2,1,33,6,2,0,0,1,0,0,9,-1,-1,-1,0,1.0,0.0,-1,3,60,1,6,2,19:40,7,4,9
2023471351666,2023,471351666,2,2,2,1,9,2,3,0,0,2,0,0,9,3,E01021016,3,1,0.0,1.0,-1,6,30,1,1,1,16:30,1,2,9
2023122300538,2023,122300538,1,2,2,2,19,4,2,0,0,1,0,0,9,1,E01012074,-1,0,1.0,0.0,-1,6,40,1,1,1,14:24,1,1,9
2023010477450,2023,010477450,1,1,3,2,39,7,3,10,9,0,0,0,0,6,-1,-1,0,0.0,1.0,-1,6,20,1,4,1,04:50,1,1,9
2023010457171,2023,010457171,2,1,1,1,14,3,3,0,0,0,0,0,1,2,E01001791,-1,0,0.0,1.0,-1,1,20,1,1,1,16:31,3,2,1
202360A107845,2023,60A107845,1,1,1,1,35,6,3,0,0,0,0,0,5,-1,-1,-1,0,0.16838,0.83162,-1,6,30,2,1,2,15:08,1,2,5
2023010433030,2023,010433030,1,1,1,2,38,7,3,0,0,0,0,0,9,7,E01000748,-1,0,0.0,1.0,-1,6,30,8,1,1,15:57,6,2,9
2023451380162,2023,451380162,2,1,1,2,70,10,3,0,0,0,0,0,9,10,E01030448,3,1,0.0,1.0,-1,6,40,1,1,2,15:10,3,3,9
2023531314126,2023,531314126,2,1,1,2,21,5,3,0,0,0,0,0,9,8,E01022101,3,1,0.0,1.0,-1,6,30,1,1,1,17:04,6,2,9
202360A145220,2023,60A145220,1,2,2,2,18,4,3,0,0,2,0,0,9,-1,-1,-1,0,0.1369,0.8631,-1,6,60,1,1,1,18:15,6,2,9
2023141367282,2023,141367282,1,1,3,1,50,8,3,9,5,0,0,0,0,-1,-1,3,1,0.0,1.0,-1,6,30,1,1,1,16:29,2,1,9
2023311333416,2023,311333416,2,1,1,1,28,6,3,0,0,0,0,0,1,-1,-1,3,1,0.0,1.0,-1,6,30,1,4,1,22:15,1,2,1
2023101268684,2023,101268684,1,2,3,2,30,6,3,5,4,0,0,0,0,3,E01008831,3,1,0.0,1.0,-1,3,30,1,4,1,17:30,5,3,3
2023101349999,2023,101349999,2,1,1,2,16,4,3,0,0,0,0,0,1,-1,-1,3,1,0.0,1.0,-1,6,30,1,1,1,13:00,3,2,1
2023161386359,2023,161386359,2,3,2,2,66,10,3,0,0,1,0,0,9,4,E01013050,3,1,0.0,1.0,-1,6,60,1,1,2,14:45,1,2,9
2023440059930,2023,440059930,2,1,1,2,56,9,3,0,0,0,0,0,9,4,E01017277,-1,0,0.04647,0.95353,-1,6,30,1,4,1,20:01,1,2,9
2023440455758,2023,440455758,4,1,1,2,51,8,3,0,0,0,0,0,9,4,E01022841,-1,0,0.04989,0.95011,-1,6,40,1,6,1,17:15,3,5,9
2023991262109,2023,991262109,1,1,2,2,39,7,2,0,0,1,0,0,9,7,-1,7,1,1.0,0.0,-1,6,30,1,4,1,04:00,1,1,9
2023320390576,2023,320390576,1,1,1,1,30,6,3,0,0,0,0,0,1,-1,-1,-1,0,0.17573,0.82427,-1,6,30,1,1,1,20:00,1,2,1
2023340NN1512,2023,340NN1512,2,1,1,2,35,6,3,0,0,0,0,0,1,7,E01026978,-1,0,0.15453,0.84547,-1,6,60,1,1,1,16:35,7,2,1
2023010481019,2023,010481019,1,1,1,2,43,7,3,0,0,0,0,0,9,-1,-1,-1,0,0.0,1.0,-1,6,20,1,4,1,02:00,5,2,9
2023141309349,2023,141309349,2,1,1,1,82,11,3,0,0,0,0,0,9,7,E01007596,3,1,0.0,1.0,-1,3,60,1,1,1,15:25,6,2,9
2023332300491,2023,332300491,1,1,1,1,74,10,3,0,0,0,0,0,9,6,E01013737,-1,0,0.01629,0.98371,-1,6,30,1,1,1,12:30,3,2,9
2023010485413,2023,010485413,2,1,1,1,-1,-1,3,0,0,0,0,0,1,4,E01002681,-1,0,0.0,1.0,-1,6,30,1,4,1,17:00,5,2,1
2023201400627,2023,201400627,2,2,2,2,7,2,3,0,0,2,0,0,9,6,E01009586,3,1,0.0,1.0,-1,6,30,1,1,1,16:04,4,2,9
2023631348943,2023,631348943,1,1,1,1,64,9,3,0,0,0,0,0,9,4,W01000586,3,1,0.0,1.0,-1,3,30,1,5,1,14:50,2,2,9
2023221323892,2023,221323892,1,1,1,1,39,7,3,0,0,0,0,0,19,5,E01032305,3,1,0.0,1.0,-1,6,60,1,1,1,07:40,5,2,19
2023010479779,2023,010479779,1,1,1,1,15,3,3,0,0,0,0,0,1,2,E01000482,-1,0,0.0,1.0,-1,6,20,1,4,2,17:00,5,2,1
2023631343659,2023,631343659,1,1,1,1,51,8,2,0,0,0,0,0,5,1,W01001202,7,1,1.0,0.0,-1,6,60,1,1,1,16:40,1,2,5
2023201360072,2023,201360072,1,1,1,1,37,7,3,0,0,0,0,0,9,3,E01010178,3,1,0.0,1.0,-1,6,30,1,1,1,20:53,3,2,9
2023221390396,2023,221390396,2,1,1,1,20,4,3,0,0,0,0,0,9,1,E01009137,3,1,0.0,1.0,-1,6,60,1,6,1,16:30,6,2,9
2023520400622,2023,520400622,1,1,1,1,24,5,3,0,0,0,0,0,9,9,E01032055,-1,0,0.08853,0.91147,-1,6,60,2,6,2,02:30,2,1,9
2023201448432,2023,201448432,1,1,2,1,38,7,3,0,0,-1,0,0,9,2,E01032464,3,1,0.0,1.0,-1,3,30,1,4,1,13:47,7,2,9
2023421332708,2023,421332708,1,1,1,1,63,9,3,0,0,0,0,0,9,8,E01022052,3,1,0.0,1.0,-1,3,30,1,1,1,10:57,2,3,9
2023421354358,2023,421354358,1,1,1,1,8,2,2,0,0,0,0,0,1,4,E01022012,7,1,1.0,0.0,-1,6,30,1,1,1,08:41,4,2,1
2023010458599,2023,010458599,1,1,1,1,54,8,3,0,0,0,0,0,8,2,E01004264,-1,0,0.0,1.0,-1,6,20,2,4,2,23:25,4,1,8
2023221371743,2023,221371743,2,1,1,2,35,6,3,0,0,0,0,0,9,6,E01014146,3,1,0.0,1.0,-1,6,30,1,4,1,20:00,3,2,9
2023430059546,2023,430059546,1,1,1,1,24,5,3,0,0,0,0,0,9,9,E01017842,-1,0,0.00393,0.99607,-1,6,30,1,1,2,12:25,6,2,9
2023440292806,2023,440292806,1,1,1,1,47,8,3,0,0,0,0,0,19,2,E01017202,-1,0,0.02438,0.97562,-1,6,20,1,1,1,15:45,4,3,19
2023061294379,2023,061294379,2,1,1,2,28,6,3,0,0,0,0,0,9,7,E01025373,3,1,0.0,1.0,-1,3,70,1,1,1,10:33,5,2,9
2023101272359,2023,101272359,1,1,2,2,18,4,3,0,0,1,0,0,9,1,E01012019,3,1,0.0,1.0,-1,3,70,1,1,1,14:05,7,1,9
2023122300745,2023,122300745,2,1,1,2,66,10,3,0,0,0,0,0,9,8,E01027867,-1,0,0.02464,0.97536,-1,6,40,1,1,1,13:55,5,2,9
2023131287275,2023,131287275,1,2,2,1,17,4,2,0,0,2,0,0,9,5,E01011300,7,1,1.0,0.0,-1,6,60,1,1,2,11:38,7,3,9
2023351375612,2023,351375612,1,1,1,1,20,4,1,0,0,0,0,0,9,-1,-1,1,1,0.0,0.0,-1,6,60,1,6,2,06:38,6,4,9
2023991384218,2023,991384218,1,1,1,2,49,8,3,0,0,0,0,0,9,-1,-1,3,1,0.0,1.0,-1,6,30,1,1,2,15:20,4,2,9
2023430305769,2023,430305769,1,1,1,2,61,9,3,0,0,0,0,0,1,10,E01022891,-1,0,0.06098,0.93902,-1,6,30,1,1,1,11:10,3,2,1
2023010451022,2023,010451022,1,1,1,2,33,6,3,0,0,0,0,0,9,4,E01033727,-1,0,0.0,1.0,-1,6,30,1,1,1,18:00,6,2,9
2023161332347,2023,161332347,1,1,1,1,49,8,3,0,0,0,0,0,9,1,E01012854,3,1,0.0,1.0,-1,6,30,2,4,2,01:10,1,3,9
2023201377165,2023,201377165,2,2,2,2,26,6,3,0,0,1,0,0,9,1,E01009259,3,1,0.0,1.0,-1,6,30,1,4,1,22:25,2,2,9
2023010482407,2023,010482407,1,1,2,2,51,8,3,0,0,0,3,0,11,3,E01001856,-1,0,0.0,1.0,-1,6,20,1,4,1,18:12,4,2,11
2023101293660,2023,101293660,2,1,1,1,59,9,3,0,0,0,0,0,9,-1,-1,3,1,0.0,1.0,-1,6,30,1,1,1,09:00,2,2,9
2023131264266,2023,131264266,1,1,1,1,42,7,3,0,0,0,0,0,9,1,E01011671,3,1,0.0,1.0,-1,6,30,1,1,2,09:37,3,2,9
2023201291586,2023,201291586,1,1,1,-1,22,5,3,0,0,0,0,0,9,-1,-1,3,1,0.0,1.0,-1,6,30,1,7,1,23:00,5,2,9
2023221275996,2023,221275996,1,1,1,1,25,5,2,0,0,0,0,0,9,7,W01000449,6,1,1.0,0.0,-1,6,60,1,1,4,08:21,2,2,9
2023421260744,2023,421260744,2,1,1,1,32,6,3,0,0,0,0,0,9,6,E01021597,3,1,0.0,1.0,-1,6,30,5,6,2,17:45,7,2,9
2023991289654,2023,991289654,1,3,2,1,18,4,3,0,0,2,0,0,9,-1,-1,3,1,0.0,1.0,-1,7,50,2,4,2,21:55,3,2,9
2023991328995,2023,991328995,1,1,1,1,44,7,2,0,0,0,0,0,9,7,-1,7,1,1.0,0.0,-1,3,60,1,1,1,11:40,5,1,9
2023991345663,2023,991345663,2,4,2,2,10,2,2,0,0,1,0,0,9,-1,-1,7,1,1.0,0.0,-1,6,40,1,1,2,18:35,6,2,9
2023010435454,2023,010435454,1,1,3,1,28,6,1,5,3,0,0,0,0,-1,-1,-1,0,0.0,0.0,-1,6,20,4,4,1,02:40,1,1,11
2023440279477,2023,440279477,1,1,1,1,29,6,3,0,0,0,0,0,3,4,E01032847,-1,0,0.02362,0.97638,-1,6,30,1,1,1,13:00,3,2,3
2023201307980,2023,201307980,2,1,1,1,62,9,3,0,0,0,0,0,4,5,E01009719,3,1,0.0,1.0,-1,3,40,1,1,1,07:54,6,3,4
2023010465728,2023,010465728,1,1,1,1,38,7,3,0,0,0,0,0,8,3,E01003531,-1,0,0.0,1.0,-1,7,20,1,1,1,11:48,2,2,8
2023052302049,2023,052302049,2,1,1,1,61,9,3,0,0,0,0,0,8,5,E01007106,-1,0,0.016,0.984,-1,3,30,1,4,1,01:20,1,2,8
2023531323463,2023,531323463,2,2,1,2,37,7,3,0,0,0,0,0,9,-1,-1,3,1,0.0,1.0,-1,6,40,1,1,1,17:26,3,4,9
2023620014223,2023,620014223,1,1,1,1,21,5,3,0,0,0,0,0,3,-1,-1,-1,0,0.14994,0.85006,-1,3,40,1,1,1,18:12,5,2,3
2023421338763,2023,421338763,1,1,1,1,49,8,2,0,0,0,0,0,4,7,E01021832,5,1,1.0,0.0,-1,6,40,1,6,1,01:30,2,2,4
2023041280282,2023,041280282,2,1,1,1,45,7,3,0,0,0,0,0,9,5,E01012645,3,1,0.0,1.0,-1,6,30,1,1,1,16:15,6,2,9
2023141362485,2023,141362485,1,1,1,2,33,6,2,0,0,0,0,0,9,1,E01007573,6,1,1.0,0.0,-1,6,30,2,1,2,08:45,6,4,9
2023421284767,2023,421284767,2,1,1,2,42,7,3,0,0,0,0,0,9,7,E01021657,3,1,0.0,1.0,-1,3,70,1,4,1,06:48,3,2,9
2023622300238,2023,622300238,1,1,1,1,19,4,3,0,0,0,0,0,9,4,W01001235,-1,0,0.0483,0.9517,-1,6,30,2,4,2,20:08,2,3,9
2023131276734,2023,131276734,1,2,1,1,29,6,3,0,0,0,0,0,21,1,E01012834,3,1,0.0,1.0,-1,3,70,1,1,1,13:30,4,3,21
2023122400007,2023,122400007,1,1,3,1,32,6,3,1,1,0,0,0,0,10,E01013339,-1,0,0.17723,0.82277,-1,6,30,2,4,2,01:25,7,1,9
2023302301866,2023,302301866,1,1,3,2,15,3,3,5,3,0,0,0,0,5,E01028132,-1,0,0.09342,0.90658,-1,6,30,1,4,2,16:00,2,1,9
2023010431653,2023,010431653,2,1,1,1,25,5,3,0,0,0,0,0,3,3,E01003587,-1,0,0.0,1.0,-1,3,40,2,4,2,19:19,7,2,3
2023101275461,2023,101275461,2,2,2,2,46,8,3,0,0,1,0,0,9,2,E01008334,3,1,0.0,1.0,-1,6,30,1,1,1,16:56,1,3,9
2023101373593,2023,101373593,2,1,1,2,52,8,3,0,0,0,0,0,9,10,E01027455,3,1,0.0,1.0,-1,6,30,1,1,1,12:30,5,2,9
2023451272849,2023,451272849,1,1,1,2,75,10,3,0,0,0,0,0,9,5,E01030913,3,1,0.0,1.0,-1,6,30,1,1,1,10:25,2,2,9
2023991351980,2023,991351980,2,1,1,2,32,6,2,0,0,0,0,0,9,3,-1,6,1,1.0,0.0,-1,6,30,1,1,1,08:32,3,2,9
2023122300649,2023,122300649,1,2,3,1,52,8,3,6,9,0,0,0,0,1,E01027806,-1,0,0.22094,0.77906,-1,6,30,1,1,1,20:27,6,1,9
2023371356783,2023,371356783,1,1,1,1,67,10,3,0,0,0,0,0,9,7,E01029885,3,1,0.0,1.0,-1,6,30,1,1,1,14:42,2,1,9
2023311278173,2023,311278173,2,1,1,1,54,8,3,0,0,0,0,0,9,10,E01019653,3,1,0.0,1.0,-1,3,50,1,4,2,18:15,5,3,9
2023440061455,2023,440061455,1,1,1,2,45,7,3,0,0,0,0,0,9,6,E01032697,-1,0,0.12148,0.87852,-1,6,60,1,6,1,18:53,2,1,9
2023010425450,2023,010425450,1,3,2,1,14,3,3,0,0,0,4,0,11,2,E01001055,-1,0,0.0,1.0,-1,6,30,1,1,1,09:33,1,2,11
2023411344763,2023,411344763,1,2,3,2,40,7,3,1,3,0,0,0,0,6,E01023903,3,1,0.0,1.0,-1,6,30,1,1,1,17:57,5,1,9
2023421296266,2023,421296266,1,1,3,1,40,7,2,9,9,0,0,0,0,7,E01021932,7,1,1.0,0.0,-1,6,30,1,1,1,11:10,3,2,9
2023501361611,2023,501361611,1,1,3,1,37,7,3,4,1,0,0,0,0,1,E01014201,3,1,0.0,1.0,-1,6,60,1,1,1,17:31,3,1,9
2023451259853,2023,451259853,1,1,1,2,50,8,3,0,0,0,0,0,3,9,E01022874,3,1,0.0,1.0,-1,1,20,1,6,2,20:10,1,2,3
2023131309702,2023,131309702,2,3,2,2,52,8,3,0,0,2,0,0,9,1,E01011428,3,1,0.0,1.0,-1,6,30,1,4,1,22:30,6,2,9
2023010429432,2023,010429432,1,1,2,2,26,6,3,0,0,2,0,0,9,5,E01001322,-1,0,0.0,1.0,-1,3,30,8,1,1,13:00,2,3,9
2023131271937,2023,131271937,2,2,2,1,0,1,3,0,0,2,0,0,9,1,E01011029,3,1,0.0,1.0,-1,9,30,1,1,1,09:30,6,2,9
2023221328974,2023,221328974,2,1,1,2,67,10,3,0,0,0,0,0,9,7,E01032180,3,1,0.0,1.0,-1,6,40,1,1,1,18:05,2,2,9
2023311332445,2023,311332445,1,1,1,2,32,6,3,0,0,0,0,0,9,7,E01019700,3,1,0.0,1.0,-1,6,30,1,1,1,09:39,1,2,9
2023010455047,2023,010455047,3,1,1,1,42,7,2,0,0,0,0,0,1,2,E01002669,-1,0,1.0,0.0,-1,6,30,1,1,1,17:24,5,3,1
2023010477586,2023,010477586,1,1,1,1,43,7,2,0,0,0,0,0,1,1,E01004256,-1,0,1.0,0.0,-1,1,30,4,4,1,18:45,4,1,1
2023101289800,2023,101289800,2,1,1,2,31,6,2,0,0,0,0,0,9,5,E01027384,6,1,1.0,0.0,-1,6,30,4,1,1,08:00,5,2,9
2023451368019,2023,451368019,1,1,2,2,30,6,2,0,0,1,0,0,9,8,E01019976,7,1,1.0,0.0,-1,6,50,2,1,2,13:40,7,2,9
2023311341179,2023,311341179,1,1,3,2,40,7,3,5,1,0,0,0,0,1,E01013876,3,1,0.0,1.0,-1,6,30,1,1,1,12:55,7,1,9
2023010459790,2023,010459790,2,1,1,1,17,4,3,0,0,0,0,0,1,3,E01002043,-1,0,0.0,1.0,-1,6,20,1,1,1,19:45,4,2,1
2023201287845,2023,201287845,2,2,2,2,11,3,3,0,0,2,0,0,9,2,E01028517,3,1,0.0,1.0,-1,3,50,1,1,1,08:00,1,3,9
2023361352699,2023,361352699,2,2,1,1,45,7,3,0,0,0,0,0,9,9,E01026871,3,1,0.0,1.0,-1,6,60,1,1,1,14:24,4,2,9
2023440364474,2023,440364474,1,1,1,1,21,5,2,0,0,0,0,0,3,4,E01022484,-1,0,1.0,0.0,-1,6,50,1,1,1,17:17,5,2,3
2023010463682,2023,010463682,1,1,1,1,45,7,3,0,0,0,0,0,4,1,E01004244,-1,0,0.0,1.0,-1,2,20,8,4,1,00:00,5,2,4
2023361340638,2023,361340638,1,1,1,2,51,8,2,0,0,0,0,0,9,7,E01026746,7,1,1.0,0.0,-1,6,60,1,1,1,11:07,6,2,9
2023361286128,2023,361286128,1,1,1,1,33,6,3,0,0,0,0,0,19,1,E01026832,3,1,0.0,1.0,-1,6,60,4,1,1,11:35,2,3,19
2023101294466,2023,101294466,1,1,3,1,6,2,3,5,2,0,0,0,0,3,E01008780,3,1,0.0,1.0,-1,6,30,1,1,1,16:02,5,1,9
2023201323440,2023,201323440,1,1,3,1,11,3,3,5,4,0,0,0,0,2,E01009266,3,1,0.0,1.0,-1,6,30,1,1,1,18:00,1,1,9
2023131296250,2023,131296250,1,1,1,1,32,6,2,0,0,0,0,0,3,6,E01010975,7,1,1.0,0.0,-1,6,30,2,1,2,07:43,5,2,3
2023211358145,2023,211358145,1,1,1,1,62,9,3,0,0,0,0,0,4,-1,-1,3,1,0.0,1.0,-1,6,30,1,1,1,08:15,6,2,4
2023991296991,2023,991296991,1,1,1,1,65,9,1,0,0,0,0,0,5,5,-1,1,1,0.0,0.0,-1,6,60,1,1,1,11:11,7,2,5
2023302301437,2023,302301437,1,2,1,2,34,6,3,0,0,0,0,0,9,3,E01013532,-1,0,0.03693,0.96307,-1,6,30,9,1,1,15:30,4,1,9
2023340NN1752,2023,340NN1752,1,1,1,1,65,9,3,0,0,0,0,0,11,3,E01026976,-1,0,0.07163,0.92837,-1,6,30,1,1,1,14:06,4,2,11
2023131358234,2023,131358234,2,1,1,1,22,5,3,0,0,0,0,0,9,9,E01013059,3,1,0.0,1.0,-1,1,70,2,1,2,13:25,1,2,9
2023141316828,2023,141316828,1,1,1,1,52,8,3,0,0,0,0,0,9,1,E01007645,3,1,0.0,1.0,-1,3,40,1,1,1,09:10,6,2,9
2023411325361,2023,411325361,1,2,2,1,45,7,3,0,0,1,0,0,9,5,E01011921,3,1,0.0,1.0,-1,3,70,1,1,1,17:30,1,3,9
2023520301328,2023,520301328,1,1,1,2,55,8,3,0,0,0,0,0,9,6,E01029121,-1,0,0.03937,0.96063,-1,6,50,4,1,2,08:03,4,3,9
2023010481705,2023,010481705,1,2,2,-1,-1,-1,3,0,0,1,0,0,9,3,E01002805,-1,0,0.0,1.0,-1,6,20,1,1,1,14:35,1,1,9
2023161295755,2023,161295755,1,1,2,2,61,9,3,0,0,1,0,0,9,2,E01013240,3,1,0.0,1.0,-1,6,60,1,1,1,10:30,1,2,9
2023320151644,2023,320151644,2,1,1,1,88,11,2,0,0,0,0,0,9,2,E01026165,-1,0,1.0,0.0,-1,6,60,1,1,1,11:10,1,2,9
2023340NN4252,2023,340NN4252,1,1,3,1,64,9,3,6,9,0,0,0,0,-1,-1,-1,0,0.09412,0.90588,-1,6,60,1,1,2,08:20,6,1,19
2023010474390,2023,010474390,2,1,1,2,36,7,2,0,0,0,0,0,1,4,E01004591,-1,0,1.0,0.0,-1,6,30,2,1,2,14:30,6,2,1
2023131389084,2023,131389084,2,1,1,1,16,4,3,0,0,0,0,0,1,9,E01011844,3,1,0.0,1.0,-1,6,30,1,4,1,21:00,6,2,1
2023401291709,2023,401291709,2,1,1,2,43,7,3,0,0,0,0,0,1,10,E01017625,3,1,0.0,1.0,-1,6,20,1,1,-1,08:50,5,2,1
2023141300587,2023,141300587,1,1,1,1,33,6,3,0,0,0,0,0,9,-1,-1,3,1,0.0,1.0,-1,6,40,1,1,1,07:49,3,2,9