collision_index,collision_year,collision_ref_no,vehicle_reference,casualty_reference,casualty_class,sex_of_casualty,age_of_casualty,age_band_of_casualty,casualty_severity,pedestrian_location,pedestrian_movement,car_passenger,bus_or_coach_passenger,pedestrian_road_maintenance_worker,casualty_type,casualty_imd_decile,lsoa_of_casualty,enhanced_casualty_severity,casualty_injury_based,casualty_adjusted_severity_serious,casualty_adjusted_severity_slight,casualty_distance_banding,road_type,speed_limit,weather_conditions,light_conditions,road_surface_conditions,time,day_of_week,number_of_vehicles,vehicle_type
2023332301157,2023,332301157,1,1,1,2,19,4,3,0,0,0,0,0,9,7,E01025825,-1,0,0.00442,0.99558,-1,6,30,1,1,2,11:45,7,2,9
2023430100505,2023,430100505,2,1,1,1,20,4,3,0,0,0,0,0,9,5,E01028505,-1,0,0.00561,0.99439,-1,6,30,1,1,1,17:17,1,2,9
2023061366610,2023,061366610,3,2,1,1,48,8,2,0,0,0,0,0,9,9,E01016432,7,1,1.0,0.0,-1,3,70,2,1,2,12:28,3,4,9
2023122301321,2023,122301321,2,4,2,1,13,3,3,0,0,1,0,0,9,7,E01027753,-1,0,0.05179,0.94821,-1,6,60,2,6,2,16:26,1,2,9
2023991380445,2023,991380445,1,1,1,1,75,10,3,0,0,0,0,0,9,-1,-1,3,1,0.0,1.0,-1,6,30,1,1,2,11:41,4,3,9
2023010456011,2023,010456011,2,1,1,1,31,6,3,0,0,0,0,0,9,4,E01003666,-1,0,0.0,1.0,-1,2,30,1,4,1,01:40,4,2,9
2023231305035,2023,231305035,1,1,1,1,23,5,2,0,0,0,0,0,9,3,E01009633,7,1,1.0,0.0,-1,6,60,2,1,2,05:05,6,1,9
2023332301291,2023,332301291,1,2,1,2,23,5,3,0,0,0,0,0,9,4,E01013740,-1,0,0.02323,0.97677,-1,1,50,8,1,1,08:50,6,2,9
2023340NN2842,2023,340NN2842,1,2,1,1,24,5,3,0,0,0,0,0,9,8,E01032974,-1,0,0.05797,0.94203,-1,6,30,2,1,2,15:40,7,3,9
2023430382636,2023,430382636,1,3,2,2,11,3,3,0,0,2,0,0,9,8,E01004919,-1,0,0.06466,0.93534,-1,3,70,1,1,1,12:56,7,2,9
2023451260378,2023,451260378,1,1,1,2,62,9,3,0,0,0,0,0,9,8,E01001106,3,1,0.0,1.0,-1,6,30,4,1,1,09:58,6,2,9
2023461397950,2023,461397950,1,1,1,1,64,9,3,0,0,0,0,0,9,1,E01020979,3,1,0.0,1.0,-1,6,30,2,1,2,12:35,6,2,9
2023471305979,2023,471305979,2,1,2,2,62,9,3,0,0,2,0,0,9,3,E01031444,3,1,0.0,1.0,-1,6,30,1,1,2,18:51,2,2,9
2023010453010,2023,010453010,1,1,3,1,61,9,2,5,3,0,0,0,0,2,E01004470,-1,0,1.0,0.0,-1,3,20,1,1,1,16:09,2,1,9
2023161326392,2023,161326392,2,1,1,1,56,9,2,0,0,0,0,0,1,1,E01013196,5,1,1.0,0.0,-1,6,30,1,1,1,17:40,4,2,1
2023170M11913,2023,170M11913,1,1,3,1,21,5,3,8,3,0,0,0,0,1,E01012059,-1,0,0.15131,0.84869,-1,6,30,1,4,1,18:45,3,1,9
2023991370784,2023,991370784,1,1,3,1,7,2,3,5,1,0,0,0,0,2,-1,3,1,0.0,1.0,-1,6,30,1,4,1,16:00,7,1,9
2023010448108,2023,010448108,1,1,1,1,37,7,3,0,0,0,0,0,1,2,E01004264,-1,0,0.0,1.0,-1,6,20,1,1,1,19:41,6,2,1
2023031274486,2023,031274486,1,1,1,1,26,6,3,0,0,0,0,0,9,-1,-1,3,1,0.0,1.0,-1,6,60,1,1,1,16:15,5,1,9
2023061307055,2023,061307055,2,1,1,2,38,7,1,0,0,0,0,0,9,-1,-1,1,1,0.0,0.0,-1,3,70,1,1,1,15:10,7,2,9
2023311334155,2023,311334155,1,1,3,2,40,7,3,1,1,0,0,0,0,1,E01033399,3,1,0.0,1.0,-1,6,30,1,1,1,11:23,1,1,9
2023010452285,2023,010452285,2,2,1,1,23,5,3,0,0,0,0,0,4,2,E01003239,-1,0,0.0,1.0,-1,6,20,1,1,1,16:25,5,2,4
2023052301752,2023,052301752,2,1,2,2,31,6,3,0,0,1,0,0,9,3,E01007240,-1,0,0.03909,0.96091,-1,6,30,2,1,2,12:05,1,2,9
2023052303068,2023,052303068,3,8,2,1,23,5,3,0,0,2,0,0,9,6,E01025495,-1,0,0.02561,0.97439,-1,6,30,1,4,2,19:20,2,3,9
2023201356004,2023,201356004,2,2,1,1,59,9,3,0,0,0,0,0,9,1,E01028173,3,1,0.0,1.0,-1,6,30,1,1,1,11:50,5,3,9
2023201413555,2023,201413555,3,2,1,1,39,7,3,0,0,0,0,0,9,1,E01009309,3,1,0.0,1.0,-1,6,20,1,1,1,14:40,5,3,9
2023421384566,2023,421384566,1,2,2,2,20,4,3,0,0,1,0,0,9,8,E01021400,3,1,0.0,1.0,-1,6,30,1,4,2,22:19,6,2,9
2023440093928,2023,440093928,2,3,2,2,62,9,2,0,0,1,0,0,9,9,E01022633,-1,0,1.0,0.0,-1,6,50,2,1,2,11:54,4,2,9
2023440352297,2023,440352297,1,1,1,2,52,8,3,0,0,0,0,0,9,7,E01017048,-1,0,0.01409,0.98591,-1,6,30,2,1,2,09:13,5,2,9
2023991291491,2023,991291491,1,1,1,1,56,9,2,0,0,0,0,0,9,-1,-1,5,1,1.0,0.0,-1,6,60,1,1,1,15:22,2,3,9
2023411295771,2023,411295771,3,1,1,1,28,6,3,0,0,0,0,0,9,2,E01000729,3,1,0.0,1.0,-1,3,70,1,1,1,18:19,5,4,9
2023421275847,2023,421275847,2,1,1,1,30,6,3,0,0,0,0,0,9,6,E01021761,3,1,0.0,1.0,-1,6,30,1,1,1,13:50,7,2,9
2023052302498,2023,052302498,1,1,3,2,24,5,3,1,1,0,0,0,0,8,E01007031,-1,0,0.18821,0.81179,-1,6,50,1,6,2,18:45,5,1,9
2023351354405,2023,351354405,1,1,3,1,55,8,2,10,1,0,0,0,0,2,E01033111,5,1,1.0,0.0,-1,3,30,1,1,1,16:30,5,1,21
2023010471832,2023,010471832,3,5,1,1,26,6,3,0,0,0,0,0,8,1,E01003535,-1,0,0.0,1.0,-1,6,30,1,4,2,21:15,6,3,8
2023201390279,2023,201390279,1,1,1,2,40,7,3,0,0,0,0,0,9,5,E01009973,3,1,0.0,1.0,-1,3,30,1,1,4,09:40,6,2,9
2023201415120,2023,201415120,2,1,2,1,33,6,3,0,0,2,0,0,9,1,E01010524,3,1,0.0,1.0,-1,3,30,1,1,1,11:16,2,2,9
2023430404990,2023,430404990,2,2,1,1,37,7,3,0,0,0,0,0,9,5,E01016390,-1,0,0.04278,0.95722,-1,6,30,1,4,1,23:30,7,2,9
2023401278265,2023,401278265,2,2,1,2,21,5,3,0,0,0,0,0,16,7,E01017545,3,1,0.0,1.0,-1,6,60,1,1,1,13:40,7,2,16
2023010422123,2023,010422123,2,1,1,1,58,9,3,0,0,0,0,0,1,9,E01003882,-1,0,0.0,1.0,-1,6,20,1,4,4,19:30,4,2,1
2023010451535,2023,010451535,2,1,1,2,39,7,2,0,0,0,0,0,1,5,E01033592,-1,0,1.0,0.0,-1,3,30,1,1,1,09:11,2,2,1
2023010454490,2023,010454490,1,1,1,1,33,6,3,0,0,0,0,0,1,3,E01001759,-1,0,0.0,1.0,-1,6,20,1,1,1,08:19,2,2,1
2023010461378,2023,010461378,1,1,1,1,39,7,3,0,0,0,0,0,1,3,E01000800,-1,0,0.0,1.0,-1,6,30,1,1,1,13:27,7,2,1
2023010426734,2023,010426734,1,1,3,1,15,3,3,1,9,0,0,0,0,5,E01033577,-1,0,0.0,1.0,-1,6,30,1,1,1,08:57,1,1,9
2023471264045,2023,471264045,1,1,3,1,61,9,2,5,1,0,0,0,0,6,E01021145,5,1,1.0,0.0,-1,6,60,1,6,2,17:05,2,1,9
2023351324062,2023,351324062,2,1,1,1,-1,-1,3,0,0,0,0,0,1,8,E01018003,3,1,0.0,1.0,-1,6,60,1,1,1,21:05,4,2,1
2023010423361,2023,010423361,1,1,1,1,28,6,3,0,0,0,0,0,9,7,E01002349,-1,0,0.0,1.0,-1,3,40,8,7,4,23:33,3,1,9
2023161375501,2023,161375501,2,2,2,2,11,3,3,0,0,1,0,0,9,2,E01013284,3,1,0.0,1.0,-1,6,30,2,4,2,18:15,4,2,9
2023451261842,2023,451261842,1,1,1,2,22,5,2,0,0,0,0,0,9,-1,-1,7,1,1.0,0.0,-1,6,30,2,4,2,17:44,3,2,9
2023991311927,2023,991311927,2,1,1,1,45,7,3,0,0,0,0,0,9,1,-1,3,1,0.0,1.0,-1,1,30,1,4,1,21:50,2,2,9
2023440238222,2023,440238222,1,2,1,1,50,8,3,0,0,0,0,0,9,2,E01017219,-1,0,0.11313,0.88687,-1,6,30,1,4,1,22:48,5,1,9
2023531307368,2023,531307368,2,2,2,1,24,5,3,0,0,1,0,0,9,-1,-1,3,1,0.0,1.0,-1,1,30,1,1,1,15:57,6,2,9
2023010468119,2023,010468119,1,1,1,2,28,6,3,0,0,0,0,0,1,7,E01002060,-1,0,0.0,1.0,-1,6,20,8,1,1,08:00,2,2,1
2023101363499,2023,101363499,1,1,3,2,17,4,3,6,9,0,0,0,0,2,E01008377,3,1,0.0,1.0,-1,3,30,1,1,1,16:12,1,1,9
2023010427888,2023,010427888,2,1,1,1,25,5,3,0,0,0,0,0,1,5,E01001646,-1,0,0.0,1.0,-1,2,30,2,1,2,15:25,7,2,1
2023501272167,2023,501272167,2,1,1,1,47,8,3,0,0,0,0,0,1,5,E01018936,3,1,0.0,1.0,-1,6,30,1,4,1,00:04,6,2,1
2023461273132,2023,461273132,1,1,1,1,30,6,2,0,0,0,0,0,9,4,E01024118,7,1,1.0,0.0,-1,6,30,1,4,1,02:40,1,3,9
2023471300813,2023,471300813,2,5,2,1,56,9,3,0,0,2,0,0,9,7,E01031632,3,1,0.0,1.0,-1,6,60,2,1,2,19:30,2,2,9
2023541603023,2023,541603023,2,1,2,2,23,5,3,0,0,1,0,0,9,-1,-1,-1,0,0.00401,0.99599,-1,6,30,9,7,1,18:00,6,2,9
2023161332241,2023,161332241,1,1,1,1,17,4,3,0,0,0,0,0,3,-1,-1,3,1,0.0,1.0,-1,6,30,5,1,2,16:20,7,1,3
2023552301022,2023,552301022,1,1,1,1,20,4,3,0,0,0,0,0,3,3,E01033285,-1,0,0.16219,0.83781,-1,6,30,1,4,1,20:53,2,1,3
2023201325195,2023,201325195,2,1,1,1,48,8,3,0,0,0,0,0,5,2,E01014162,3,1,0.0,1.0,-1,1,30,1,1,1,12:48,7,2,5
2023471290467,2023,471290467,1,1,1,1,60,9,3,0,0,0,0,0,19,7,E01024809,3,1,0.0,1.0,-1,6,30,1,1,1,12:48,7,1,19
2023401351206,2023,401351206,1,1,1,1,43,7,2,0,0,0,0,0,9,5,E01002529,7,1,1.0,0.0,-1,6,30,1,1,1,14:39,7,1,9
2023131360329,2023,131360329,1,1,3,2,11,3,2,5,1,0,0,2,0,1,E01011673,7,1,1.0,0.0,-1,6,30,5,4,2,18:50,6,1,19
2023041311948,2023,041311948,1,1,1,1,17,4,3,0,0,0,0,0,3,7,E01024938,3,1,0.0,1.0,-1,6,30,1,4,1,20:37,4,2,3
2023451380566,2023,451380566,1,1,1,1,37,7,3,0,0,0,0,0,3,8,E01030450,3,1,0.0,1.0,-1,6,30,1,1,1,10:18,4,2,3
2023211309638,2023,211309638,1,1,2,2,34,6,3,0,0,1,0,0,9,10,E01029747,3,1,0.0,1.0,-1,1,50,1,4,1,00:12,1,2,9
2023311388847,2023,311388847,2,1,1,2,32,6,3,0,0,0,0,0,9,2,E01019688,3,1,0.0,1.0,-1,3,40,1,4,1,20:40,6,2,9
2023552300776,2023,552300776,2,2,2,2,75,10,2,0,0,1,0,0,9,6,E01020433,-1,0,1.0,0.0,-1,6,60,1,1,1,10:10,4,2,9
202360A128241,2023,60A128241,2,3,2,1,15,3,3,0,0,1,0,0,9,-1,-1,-1,0,0.01111,0.98889,-1,6,30,1,1,1,12:31,6,2,9
2023451272822,2023,451272822,2,1,1,1,62,9,3,0,0,0,0,0,19,7,E01030502,3,1,0.0,1.0,-1,6,30,1,1,2,09:57,2,2,19
2023991314252,2023,991314252,2,1,1,1,39,7,2,0,0,0,0,0,-1,2,-1,7,1,1.0,0.0,-1,6,30,1,1,1,19:00,5,2,-1
2023320760155,2023,320760155,2,1,1,2,48,8,3,0,0,0,0,0,9,5,E01032988,-1,0,0.02096,0.97904,-1,6,40,8,1,1,08:15,2,2,9
2023440020682,2023,440020682,1,1,1,2,33,6,3,0,0,0,0,0,9,2,E01017119,-1,0,0.05621,0.94379,-1,6,30,1,1,1,14:46,2,3,9
2023122300626,2023,122300626,1,1,1,2,29,6,3,0,0,0,0,0,9,8,E01013391,-1,0,0.03285,0.96715,-1,2,20,1,4,2,20:40,3,2,9
2023201371426,2023,201371426,1,3,1,2,41,7,3,0,0,0,0,0,9,3,E01009597,3,1,0.0,1.0,-1,6,30,2,4,2,21:30,7,2,9
2023401337251,2023,401337251,1,1,2,1,4,1,3,0,0,2,0,0,9,3,E01017605,3,1,0.0,1.0,-1,3,60,5,1,2,16:28,7,1,9
2023461342944,2023,461342944,1,2,2,1,17,4,2,0,0,2,0,0,9,7,E01024141,5,1,1.0,0.0,-1,6,60,1,1,1,20:05,1,2,9
2023461359998,2023,461359998,2,1,1,1,38,7,3,0,0,0,0,0,9,5,E01024654,3,1,0.0,1.0,-1,3,70,1,1,1,17:25,2,2,9
2023141317438,2023,141317438,1,1,3,1,30,6,2,9,9,0,0,0,0,1,E01007648,6,1,1.0,0.0,-1,6,30,1,1,1,19:58,1,2,9
2023421261263,2023,421261263,3,2,2,2,55,8,2,0,0,1,0,0,9,2,E01021370,7,1,1.0,0.0,-1,3,70,2,1,2,13:20,1,3,9
2023471272088,2023,471272088,2,1,2,2,53,8,3,0,0,2,0,0,9,10,E01030953,3,1,0.0,1.0,-1,3,40,2,5,1,23:15,7,2,9
2023471287590,2023,471287590,2,1,1,1,48,8,3,0,0,0,0,0,9,8,E01021086,3,1,0.0,1.0,-1,6,30,2,1,2,15:40,4,2,9
202360A172157,2023,60A172157,2,5,1,1,27,6,3,0,0,0,0,0,9,-1,-1,-1,0,0.07717,0.92283,-1,6,30,1,6,1,19:25,6,2,9
2023991260815,2023,991260815,1,1,2,2,28,6,3,0,0,1,0,0,9,8,-1,3,1,0.0,1.0,-1,3,70,5,1,2,11:00,1,1,9
2023471380459,2023,471380459,2,1,1,1,18,4,2,0,0,0,0,0,3,4,E01020916,6,1,1.0,0.0,-1,6,60,1,1,2,08:24,4,2,3
2023141370564,2023,141370564,1,2,2,1,47,8,3,0,0,1,0,0,9,10,E01007430,3,1,0.0,1.0,-1,6,60,1,1,2,09:06,7,2,9
2023221299152,2023,221299152,1,1,1,1,81,11,3,0,0,0,0,0,9,6,E01032436,3,1,0.0,1.0,-1,6,30,1,1,1,09:50,4,3,9
2023122300741,2023,122300741,1,1,3,1,6,2,2,9,9,0,0,0,0,5,E01027843,-1,0,1.0,0.0,-1,6,30,1,1,1,18:30,6,1,9
2023522400223,2023,522400223,1,1,3,2,36,7,3,1,1,0,0,0,0,5,E01014973,-1,0,0.01283,0.98717,-1,6,30,1,1,1,17:50,6,2,9
2023440371340,2023,440371340,1,1,1,1,50,8,3,0,0,0,0,0,1,9,E01023275,-1,0,0.12044,0.87956,-1,6,30,1,1,1,08:20,3,2,1
2023351347088,2023,351347088,1,2,2,2,33,6,3,0,0,2,0,0,8,5,E01029955,3,1,0.0,1.0,-1,6,40,1,4,1,21:56,3,1,8
2023131306992,2023,131306992,1,1,1,2,56,9,3,0,0,0,0,0,9,4,E01010675,3,1,0.0,1.0,-1,6,30,1,1,1,16:32,7,2,9
2023320064959,2023,320064959,1,1,1,2,26,6,3,0,0,0,0,0,9,9,E01026209,-1,0,0.09086,0.90914,-1,6,60,1,1,1,08:16,4,1,9
2023411300198,2023,411300198,2,1,2,1,55,8,3,0,0,1,0,0,9,7,E01023508,3,1,0.0,1.0,-1,3,30,1,1,1,16:40,2,2,9
2023421374757,2023,421374757,2,1,1,1,37,7,2,0,0,0,0,0,1,1,E01015895,7,1,1.0,0.0,-1,6,30,2,4,2,05:50,5,2,1
2023361402654,2023,361402654,2,1,1,1,18,4,3,0,0,0,0,0,3,2,E01026633,3,1,0.0,1.0,-1,6,30,2,1,2,15:32,5,2,3
2023201297749,2023,201297749,2,2,1,1,20,4,3,0,0,0,0,0,9,1,E01031090,3,1,0.0,1.0,-1,3,50,1,1,1,14:30,3,4,9
2023201298770,2023,201298770,2,1,1,1,32,6,3,0,0,0,0,0,9,1,E01010064,3,1,0.0,1.0,-1,3,40,1,4,1,20:45,1,2,9
2023061373190,2023,061373190,1,1,3,1,87,11,3,5,3,0,0,0,0,9,E01006373,3,1,0.0,1.0,-1,6,20,2,1,2,12:01,5,1,9
2023131319718,2023,131319718,2,1,1,2,34,6,3,0,0,0,0,0,1,-1,-1,3,1,0.0,1.0,-1,3,40,1,1,1,17:10,4,2,1
2023161350052,2023,161350052,1,1,1,1,36,7,2,0,0,0,0,0,2,3,E01012839,6,1,1.0,0.0,-1,6,30,1,1,1,12:00,5,2,2
2023421282796,2023,421282796,1,1,1,1,71,10,3,0,0,0,0,0,4,4,E01015947,3,1,0.0,1.0,-1,3,30,1,1,1,10:55,6,2,4
2023231447113,2023,231447113,1,1,1,2,25,5,3,0,0,0,0,0,9,7,E01032892,3,1,0.0,1.0,-1,6,50,1,1,1,13:39,3,2,9
2023371346285,2023,371346285,2,3,2,2,28,6,2,0,0,1,0,0,9,6,E01030209,7,1,1.0,0.0,-1,6,60,1,6,1,22:50,1,2,9
2023991292761,2023,991292761,1,5,1,1,24,5,3,0,0,0,0,0,9,1,-1,3,1,0.0,1.0,-1,6,30,1,1,1,10:15,7,2,9
2023061265677,2023,061265677,2,1,1,1,39,7,3,0,0,0,0,0,9,2,E01005244,3,1,0.0,1.0,-1,3,70,1,4,1,18:15,5,2,9
2023131365111,2023,131365111,2,1,1,2,62,9,3,0,0,0,0,0,9,5,E01010783,3,1,0.0,1.0,-1,6,30,2,1,2,12:51,6,2,9
2023371374819,2023,371374819,2,2,1,2,66,10,3,0,0,0,0,0,9,6,E01021372,3,1,0.0,1.0,-1,6,30,1,1,1,10:38,7,2,9
2023411356058,2023,411356058,1,4,2,1,32,6,3,0,0,1,0,0,9,4,E01015756,3,1,0.0,1.0,-1,3,70,1,1,1,06:55,6,1,9
2023440113277,2023,440113277,1,2,2,2,45,7,3,0,0,1,0,0,9,10,E01023273,-1,0,0.04918,0.95082,-1,6,40,1,6,1,19:40,3,1,9
2023622300732,2023,622300732,2,3,2,1,25,5,3,0,0,1,0,0,9,2,W01001855,-1,0,0.0146,0.9854,-1,6,30,2,1,2,09:52,5,2,9
2023010473499,2023,010473499,2,2,1,2,31,6,3,0,0,0,0,0,9,2,E01000079,-1,0,0.0,1.0,-1,6,30,1,4,1,21:39,1,3,9
2023546601723,2023,546601723,1,1,1,2,17,4,3,0,0,0,0,0,9,10,E01020463,-1,0,0.04454,0.95546,-1,6,60,1,1,1,16:30,6,2,9
2023041297594,2023,041297594,1,1,1,1,78,11,2,0,0,0,0,0,9,9,E01025211,5,1,1.0,0.0,-1,6,30,1,1,1,14:30,1,3,9
2023610031423,2023,610031423,2,1,1,1,37,7,3,0,0,0,0,0,9,-1,-1,-1,0,0.05354,0.94646,-1,6,30,1,1,1,15:32,3,2,9
2023010429755,2023,010429755,1,1,1,1,38,7,3,0,0,0,0,0,9,3,E01000032,-1,0,0.0,1.0,-1,6,30,8,4,1,21:15,3,2,9
2023070146459,2023,070146459,2,1,1,2,51,8,3,0,0,0,0,0,9,3,E01012459,-1,0,0.05633,0.94367,-1,3,60,1,4,1,17:26,1,2,9
2023471368160,2023,471368160,1,1,1,1,75,10,3,0,0,0,0,0,9,7,E01021189,3,1,0.0,1.0,-1,6,60,2,1,2,09:15,1,1,9
202354A307723,2023,54A307723,2,2,2,2,5,1,3,0,0,2,0,0,9,7,E01032007,-1,0,0.02318,0.97682,-1,6,40,1,1,1,15:30,5,2,9
2023122400134,2023,122400134,1,1,1,1,58,9,2,0,0,0,0,0,1,9,E01027897,-1,0,1.0,0.0,-1,6,60,4,1,1,13:09,1,1,1
2023131342477,2023,131342477,1,1,1,1,35,6,2,0,0,0,0,0,5,1,E01011922,5,1,1.0,0.0,-1,6,30,1,1,1,16:00,3,1,5
2023311379966,2023,311379966,1,2,3,1,65,9,3,8,1,0,0,0,0,4,E01028144,3,1,0.0,1.0,-1,6,30,1,1,1,11:30,3,1,9
2023052301665,2023,052301665,2,1,1,1,30,6,3,0,0,0,0,0,1,1,E01007090,-1,0,0.15719,0.84281,-1,6,30,1,1,1,17:24,3,2,1
2023401272958,2023,401272958,2,1,1,1,34,6,3,0,0,0,0,0,9,9,E01017551,3,1,0.0,1.0,-1,6,60,1,4,1,17:30,2,3,9
2023111380406,2023,111380406,1,1,3,1,62,9,2,5,3,0,0,0,0,2,E01020823,6,1,1.0,0.0,-1,6,30,1,1,1,11:15,4,1,9
2023010473176,2023,010473176,1,1,1,1,28,6,3,0,0,0,0,0,3,2,E01004251,-1,0,0.0,1.0,-1,6,20,1,4,2,18:40,6,2,3
2023320176399,2023,320176399,1,1,2,2,34,6,3,0,0,1,0,0,9,3,E01026024,-1,0,0.06988,0.93012,-1,6,30,1,1,2,07:15,5,1,9
2023440125546,2023,440125546,1,1,1,1,42,7,3,0,0,0,0,0,9,10,E01022476,-1,0,0.07189,0.92811,-1,6,60,2,1,2,08:05,5,2,9
2023010446016,2023,010446016,1,1,3,-1,22,5,3,10,9,0,0,0,0,7,E01001950,-1,0,0.0,1.0,-1,6,20,1,1,1,14:50,3,1,9
2023221348250,2023,221348250,2,1,1,1,29,6,2,0,0,0,0,0,1,2,E01032470,7,1,1.0,0.0,-1,6,30,1,4,1,05:45,4,2,1
2023543198023,2023,543198023,1,4,2,2,1,1,3,0,0,2,0,0,9,5,E01031947,-1,0,0.05359,0.94641,-1,6,30,1,1,1,15:40,7,2,9
2023161314891,2023,161314891,2,1,1,1,57,9,3,0,0,0,0,0,1,6,E01013253,3,1,0.0,1.0,-1,1,30,1,1,1,07:08,2,2,1
2023010440384,2023,010440384,2,2,2,2,68,10,3,0,0,1,0,0,9,2,E01004310,-1,0,0.0,1.0,-1,6,20,1,1,1,18:11,1,2,9
2023302301151,2023,302301151,1,2,2,1,92,11,3,0,0,1,0,0,9,7,E01019770,-1,0,0.16105,0.83895,-1,6,30,2,1,2,16:25,4,1,9
2023131302531,2023,131302531,2,1,2,2,47,8,2,0,0,0,0,0,90,-1,-1,7,1,1.0,0.0,-1,3,30,1,4,2,22:04,1,3,90
2023201355902,2023,201355902,1,1,2,1,17,4,2,0,0,1,0,0,9,2,E01008942,5,1,1.0,0.0,-1,6,30,1,4,1,03:50,1,1,9
2023451355721,2023,451355721,1,1,1,1,21,5,3,0,0,0,0,0,9,7,E01022938,3,1,0.0,1.0,-1,6,40,1,1,1,09:20,1,3,9
2023520300736,2023,520300736,2,2,1,2,25,5,2,0,0,0,0,0,9,6,E01029289,-1,0,1.0,0.0,-1,3,70,1,1,4,07:45,3,2,9
2023010460705,2023,010460705,1,1,1,1,23,5,3,0,0,0,0,0,4,2,E01004060,-1,0,0.0,1.0,-1,3,30,1,1,1,12:03,3,2,4
2023070487733,2023,070487733,2,1,1,1,50,8,3,0,0,0,0,0,5,-1,-1,-1,0,0.11531,0.88469,-1,6,50,1,1,1,17:45,3,2,5
2023131319879,2023,131319879,1,1,2,1,16,4,3,0,0,1,0,0,9,6,E01011636,3,1,0.0,1.0,-1,6,60,1,6,1,00:32,1,1,9
2023221300220,2023,221300220,1,1,1,2,49,8,3,0,0,0,0,0,9,5,E01014001,3,1,0.0,1.0,-1,6,30,2,6,2,21:52,6,1,9
2023501311872,2023,501311872,1,1,2,2,65,9,2,0,0,2,0,0,9,-1,-1,6,1,1.0,0.0,-1,6,60,1,1,1,15:21,6,2,9
2023531302659,2023,531302659,1,3,2,1,2,1,3,0,0,2,0,0,9,9,E01022279,3,1,0.0,1.0,-1,6,60,1,1,1,16:35,2,2,9
2023549988223,2023,549988223,2,1,1,2,27,6,3,0,0,0,0,0,9,9,E01015504,-1,0,0.01665,0.98335,-1,6,40,2,1,2,12:50,4,3,9
2023061318060,2023,061318060,2,1,1,1,-1,-1,3,0,0,0,0,0,1,1,E01033679,3,1,0.0,1.0,-1,7,40,1,1,1,17:35,2,2,1
2023010459479,2023,010459479,1,1,1,1,21,5,3,0,0,0,0,0,9,6,E01003755,-1,0,0.0,1.0,-1,6,30,1,1,1,14:00,6,1,9
2023161371856,2023,161371856,2,1,1,1,49,8,2,0,0,0,0,0,9,7,E01013018,7,1,1.0,0.0,-1,3,40,1,4,1,17:40,3,2,9
2023401377050,2023,401377050,2,2,1,1,23,5,3,0,0,0,0,0,9,-1,-1,3,1,0.0,1.0,-1,6,40,4,1,2,07:28,2,4,9
2023451296828,2023,451296828,2,1,1,2,51,8,3,0,0,0,0,0,9,9,E01033569,3,1,0.0,1.0,-1,7,30,1,1,1,17:10,5,2,9
2023522401024,2023,522401024,1,2,1,1,33,6,3,0,0,0,0,0,9,1,E01014581,-1,0,0.01426,0.98574,-1,1,40,1,1,1,15:00,5,2,9
2023010478695,2023,010478695,1,1,3,1,32,6,3,5,3,0,0,0,0,3,E01003639,-1,0,0.0,1.0,-1,3,50,8,4,2,18:51,6,1,9
2023351402864,2023,351402864,2,1,1,1,31,6,3,0,0,0,0,0,3,9,E01017993,3,1,0.0,1.0,-1,6,30,1,4,4,20:00,5,2,3
2023991362639,2023,991362639,1,1,3,2,85,11,3,5,2,0,0,0,0,7,-1,3,1,0.0,1.0,-1,6,20,1,1,1,15:15,6,1,5
2023471394536,2023,471394536,2,1,1,1,16,4,3,0,0,0,0,0,2,8,E01031466,3,1,0.0,1.0,-1,6,30,1,1,1,18:40,6,2,2
2023371371330,2023,371371330,2,1,1,1,35,6,3,0,0,0,0,0,5,7,E01030007,3,1,0.0,1.0,-1,3,70,1,1,1,12:38,2,2,5
2023351388705,2023,351388705,2,1,1,2,41,7,3,0,0,0,0,0,9,8,E01018003,3,1,0.0,1.0,-1,6,30,1,1,1,12:17,4,2,9
2023991390287,2023,991390287,1,1,3,2,17,4,3,7,8,0,0,1,0,-1,-1,3,1,0.0,1.0,-1,6,30,9,1,1,14:00,1,1,9
2023010482401,2023,010482401,1,1,1,1,26,6,3,0,0,0,0,0,1,5,E01002950,-1,0,0.0,1.0,-1,9,30,8,4,2,18:03,4,2,1
2023170S10533,2023,170S10533,1,1,1,1,37,7,3,0,0,0,0,0,4,-1,-1,-1,0,0.24038,0.75962,-1,6,40,2,4,2,23:37,4,1,4
2023041334305,2023,041334305,1,1,3,2,66,10,3,5,9,0,0,0,0,4,E01033072,3,1,0.0,1.0,-1,1,30,1,1,1,10:34,4,1,9
2023010433588,2023,010433588,1,1,1,1,37,7,3,0,0,0,0,0,3,3,E01001900,-1,0,0.0,1.0,-1,9,30,9,1,9,17:00,3,2,3
2023010445800,2023,010445800,1,1,1,1,38,7,3,0,0,0,0,0,3,8,E01015534,-1,0,0.0,1.0,-1,6,20,1,1,1,15:15,6,2,3
2023302301273,2023,302301273,1,1,3,1,32,6,3,5,1,0,0,0,0,10,E01028139,-1,0,0.07278,0.92722,-1,6,30,1,1,1,15:51,3,1,9
2023332300526,2023,332300526,2,2,1,1,32,6,3,0,0,0,0,0,9,1,E01013628,-1,0,0.02193,0.97807,-1,6,30,1,1,1,13:00,4,2,9