collision_index,collision_year,collision_ref_no,vehicle_reference,casualty_reference,casualty_class,sex_of_casualty,age_of_casualty,age_band_of_casualty,casualty_severity,pedestrian_location,pedestrian_movement,car_passenger,bus_or_coach_passenger,pedestrian_road_maintenance_worker,casualty_type,casualty_imd_decile,lsoa_of_casualty,enhanced_casualty_severity,casualty_injury_based,casualty_adjusted_severity_serious,casualty_adjusted_severity_slight,casualty_distance_banding,road_type,speed_limit,weather_conditions,light_conditions,road_surface_conditions,time,day_of_week,number_of_vehicles,vehicle_type
2023211320437,2023,211320437,2,1,1,1,21,5,3,0,0,0,0,0,9,6,E01029446,3,1,0.0,1.0,-1,6,60,1,1,1,15:47,2,2,9
2023501274917,2023,501274917,1,1,1,1,36,7,3,0,0,0,0,0,19,3,E01015161,3,1,0.0,1.0,-1,7,60,1,1,2,08:42,6,2,19
2023221334508,2023,221334508,1,1,1,1,46,8,3,0,0,0,0,0,9,-1,-1,3,1,0.0,1.0,-1,6,60,8,6,2,01:19,6,1,9
2023631368284,2023,631368284,2,3,2,1,22,5,2,0,0,1,0,0,9,8,W01000443,7,1,1.0,0.0,-1,6,60,1,6,2,20:15,1,2,9
2023010431372,2023,010431372,1,1,1,1,37,7,3,0,0,0,0,0,3,1,E01001549,-1,0,0.0,1.0,-1,9,20,2,4,2,19:40,4,2,3
2023320203281,2023,320203281,2,1,1,1,27,6,3,0,0,0,0,0,3,2,E01018063,-1,0,0.20004,0.79996,-1,6,60,1,1,1,08:45,3,2,3
2023010462154,2023,010462154,2,1,1,1,31,6,3,0,0,0,0,0,4,4,E01004628,-1,0,0.0,1.0,-1,6,20,1,1,1,11:20,5,2,4
2023101262320,2023,101262320,1,1,1,1,71,10,2,0,0,0,0,0,5,3,E01020799,7,1,1.0,0.0,-1,6,60,5,1,2,10:59,4,1,5
2023070196245,2023,070196245,2,2,1,1,21,5,3,0,0,0,0,0,9,5,E01011924,-1,0,0.05656,0.94344,-1,6,60,8,1,2,17:25,3,2,9
2023320314273,2023,320314273,1,1,1,2,20,4,3,0,0,0,0,0,9,7,E01013173,-1,0,0.0414,0.9586,-1,6,60,1,1,1,13:40,3,2,9
2023430195449,2023,430195449,2,1,1,2,22,5,2,0,0,0,0,0,9,10,E01016199,-1,0,1.0,0.0,-1,3,50,1,1,2,07:51,6,3,9
2023440286654,2023,440286654,1,2,2,1,38,7,3,0,0,1,0,0,9,-1,-1,-1,0,0.09132,0.90868,-1,6,60,1,1,2,07:19,2,2,9
2023522400360,2023,522400360,1,1,3,1,47,8,2,8,9,0,0,0,0,1,E01014844,-1,0,1.0,0.0,-1,6,30,1,1,1,15:30,6,1,9
2023010427756,2023,010427756,2,1,1,1,32,6,2,0,0,0,0,0,1,2,E01002763,-1,0,1.0,0.0,-1,7,20,1,4,1,18:30,6,2,1
2023201316756,2023,201316756,2,1,1,1,43,7,1,0,0,0,0,0,1,1,E01033646,1,1,0.0,0.0,-1,6,30,1,1,1,17:31,4,2,1
2023010430727,2023,010430727,1,1,1,1,28,6,3,0,0,0,0,0,3,2,E01004613,-1,0,0.0,1.0,-1,6,20,2,6,2,19:50,2,2,3
2023161319653,2023,161319653,1,1,1,2,60,9,3,0,0,0,0,0,9,3,E01013282,3,1,0.0,1.0,-1,1,40,1,1,1,16:16,6,2,9
2023311383629,2023,311383629,1,1,1,1,21,5,3,0,0,0,0,0,9,6,E01028295,3,1,0.0,1.0,-1,6,60,8,6,4,17:59,4,1,9
2023320621054,2023,320621054,1,1,1,1,39,7,2,0,0,0,0,0,9,5,E01026414,-1,0,1.0,0.0,-1,6,60,2,6,2,04:50,6,1,9
2023430404062,2023,430404062,2,1,1,2,33,6,3,0,0,0,0,0,1,10,E01017787,-1,0,0.15917,0.84083,-1,6,30,1,1,1,08:49,7,3,1
2023991383088,2023,991383088,1,1,3,1,36,7,2,5,1,0,0,2,0,5,-1,7,1,1.0,0.0,-1,6,20,1,4,2,19:00,3,1,19
2023041276270,2023,041276270,2,1,1,1,24,5,3,0,0,0,0,0,9,1,E01033231,3,1,0.0,1.0,-1,6,30,1,4,1,00:25,3,2,9
2023201390261,2023,201390261,1,1,1,2,36,7,3,0,0,0,0,0,9,2,E01010021,3,1,0.0,1.0,-1,3,40,2,6,2,08:41,6,2,9
2023520401212,2023,520401212,1,1,1,1,32,6,3,0,0,0,0,0,9,5,E01020489,-1,0,0.05839,0.94161,-1,6,60,1,6,1,19:49,3,2,9
2023101285846,2023,101285846,1,1,1,1,71,10,3,0,0,0,0,0,9,2,E01008180,3,1,0.0,1.0,-1,6,30,1,1,1,10:15,1,2,9
2023101339731,2023,101339731,1,1,1,1,22,5,3,0,0,0,0,0,9,2,E01008664,3,1,0.0,1.0,-1,6,30,1,1,1,18:15,3,2,9
2023320271276,2023,320271276,2,1,1,2,51,8,3,0,0,0,0,0,9,7,E01026228,-1,0,0.08631,0.91369,-1,6,60,1,1,2,08:30,6,3,9
2023461295869,2023,461295869,1,1,1,2,52,8,3,0,0,0,0,0,9,5,E01016158,3,1,0.0,1.0,-1,6,20,1,1,1,06:22,2,2,9
202360A167931,2023,60A167931,1,1,1,1,39,7,2,0,0,0,0,0,9,-1,-1,-1,0,1.0,0.0,-1,6,50,1,1,2,07:20,6,2,9
2023421327634,2023,421327634,1,1,1,2,33,6,3,0,0,0,0,0,19,2,E01021864,3,1,0.0,1.0,-1,6,30,1,1,1,16:46,5,2,19
2023201291781,2023,201291781,1,1,1,1,46,8,3,0,0,0,0,0,9,1,E01032888,3,1,0.0,1.0,-1,3,30,1,4,1,21:30,6,2,9
2023201387744,2023,201387744,2,2,1,1,24,5,2,0,0,0,0,0,9,7,E01017800,7,1,1.0,0.0,-1,3,40,1,1,1,13:12,1,2,9
2023041324160,2023,041324160,1,1,3,2,67,10,2,5,9,0,0,0,0,-1,-1,7,1,1.0,0.0,-1,6,30,1,1,1,14:45,2,1,9
2023201274635,2023,201274635,1,1,3,1,26,6,2,5,9,0,0,0,0,3,E01009001,7,1,1.0,0.0,-1,6,30,1,4,1,19:46,6,1,9
2023010460969,2023,010460969,2,1,1,1,41,7,3,0,0,0,0,0,1,2,E01004755,-1,0,0.0,1.0,-1,6,20,1,4,1,22:35,4,2,1
2023010486629,2023,010486629,1,1,1,1,22,5,3,0,0,0,0,0,1,2,E01002053,-1,0,0.0,1.0,-1,6,30,2,6,2,17:55,7,2,1
2023221357200,2023,221357200,1,1,1,1,79,11,3,0,0,0,0,0,1,5,E01014046,3,1,0.0,1.0,-1,6,30,1,1,1,16:40,2,2,1
2023010433752,2023,010433752,2,1,1,1,37,7,3,0,0,0,0,0,5,6,E01024436,-1,0,0.0,1.0,-1,1,20,1,1,1,07:00,5,3,5
2023320448715,2023,320448715,2,1,1,1,33,6,3,0,0,0,0,0,9,3,E01026123,-1,0,0.02577,0.97423,-1,6,30,1,1,1,12:30,5,2,9
2023430417257,2023,430417257,2,1,1,1,14,3,3,0,0,0,0,0,1,-1,-1,-1,0,0.07715,0.92285,-1,6,30,1,1,1,10:11,1,2,1
2023010462787,2023,010462787,1,2,2,-1,-1,-1,3,0,0,1,0,0,9,4,E01001355,-1,0,0.0,1.0,-1,6,20,1,1,1,13:19,2,1,9
2023031287607,2023,031287607,2,1,2,1,7,2,3,0,0,2,0,0,9,6,E01019339,3,1,0.0,1.0,-1,3,70,2,1,2,17:59,5,2,9
2023101385870,2023,101385870,2,1,1,2,70,10,2,0,0,0,0,0,9,5,E01027441,6,1,1.0,0.0,-1,6,30,2,1,2,13:30,1,2,9
2023340WN1472,2023,340WN1472,2,1,1,1,44,7,3,0,0,0,0,0,9,7,E01027204,-1,0,0.02153,0.97847,-1,3,70,3,1,3,08:40,5,2,9
2023430132318,2023,430132318,1,1,1,1,30,6,3,0,0,0,0,0,9,8,E01016797,-1,0,0.0795,0.9205,-1,6,60,1,1,1,11:11,7,3,9
2023610020523,2023,610020523,2,1,1,1,43,7,1,0,0,1,0,0,9,1,W01001471,-1,0,0.0,0.0,-1,6,60,1,1,1,05:47,5,3,9
2023010424237,2023,010424237,2,3,2,1,15,3,3,0,0,0,0,0,3,6,E01017808,-1,0,0.0,1.0,-1,6,30,1,4,1,17:01,1,3,3
2023131357994,2023,131357994,2,1,1,1,56,9,3,0,0,0,0,0,4,9,E01010900,3,1,0.0,1.0,-1,6,30,1,1,2,12:30,7,2,4
2023552301085,2023,552301085,1,1,3,1,67,10,3,6,9,0,0,0,0,5,E01020530,-1,0,0.1082,0.8918,-1,6,30,1,1,1,17:15,7,1,-1
2023010460738,2023,010460738,1,1,2,1,6,2,3,0,0,0,1,0,11,2,E01002277,-1,0,0.0,1.0,-1,6,30,1,1,1,13:15,3,1,11
2023131294064,2023,131294064,2,1,1,1,31,6,3,0,0,0,0,0,9,2,E01011760,3,1,0.0,1.0,-1,6,30,2,1,2,13:18,4,3,9
2023131353386,2023,131353386,1,1,2,1,28,6,2,0,0,1,0,0,9,1,E01011422,7,1,1.0,0.0,-1,3,40,2,4,2,00:28,2,1,9
2023340WN2722,2023,340WN2722,1,1,1,2,41,7,3,0,0,0,0,0,9,8,E01027028,-1,0,0.05286,0.94714,-1,1,40,1,1,1,10:14,1,2,9
2023471275678,2023,471275678,1,1,1,1,52,8,3,0,0,0,0,0,9,3,E01031451,3,1,0.0,1.0,-1,3,50,1,1,2,10:35,2,1,9
2023501390599,2023,501390599,1,3,2,1,16,4,3,0,0,-1,0,0,9,-1,-1,3,1,0.0,1.0,-1,6,60,1,6,2,08:42,6,2,9
2023622300848,2023,622300848,1,1,1,1,24,5,2,0,0,0,0,0,3,1,W01000833,-1,0,1.0,0.0,-1,6,20,1,1,1,15:49,6,3,3
2023531328363,2023,531328363,5,3,3,1,20,4,3,8,5,0,0,0,0,1,E01032331,3,1,0.0,1.0,-1,3,70,2,1,2,15:12,3,5,9
2023991337991,2023,991337991,1,1,3,1,35,6,3,9,8,0,0,0,0,3,-1,3,1,0.0,1.0,-1,6,20,1,4,1,23:24,4,1,9
2023010478202,2023,010478202,1,1,1,1,57,9,2,0,0,0,0,0,1,9,E01017825,-1,0,1.0,0.0,-1,6,30,1,1,1,12:30,4,2,1
2023461348319,2023,461348319,2,1,1,1,29,6,2,0,0,0,0,0,3,8,E01023983,6,1,1.0,0.0,-1,6,30,1,1,2,17:40,5,2,3
2023340NN1272,2023,340NN1272,1,1,3,1,20,4,2,5,9,0,0,0,0,-1,-1,-1,0,1.0,0.0,-1,6,40,1,4,1,20:45,1,1,99
2023010469164,2023,010469164,1,1,1,1,44,7,3,0,0,0,0,0,2,4,E01003106,-1,0,0.0,1.0,-1,1,20,1,1,1,09:50,7,2,2
2023421307221,2023,421307221,1,1,1,1,39,7,2,0,0,0,0,0,5,2,E01022039,7,1,1.0,0.0,-1,6,60,1,1,1,19:47,1,2,5
2023141262108,2023,141262108,1,1,1,2,76,11,3,0,0,0,0,0,9,2,E01007343,3,1,0.0,1.0,-1,6,40,2,1,2,12:20,4,2,9
2023440292009,2023,440292009,1,1,1,1,46,8,3,0,0,0,0,0,9,2,E01028454,-1,0,0.03239,0.96761,-1,6,30,1,1,1,14:28,5,2,9
2023501338285,2023,501338285,2,1,1,2,69,10,3,0,0,0,0,0,9,5,E01020068,3,1,0.0,1.0,-1,6,60,1,1,1,15:32,6,3,9
2023991325016,2023,991325016,1,1,2,2,29,6,2,0,0,1,0,0,9,5,-1,7,1,1.0,0.0,-1,7,70,1,1,1,14:30,1,2,9
2023010435294,2023,010435294,2,1,1,1,36,7,3,0,0,0,0,0,3,3,E01003788,-1,0,0.0,1.0,-1,6,30,8,4,2,01:08,7,2,3
2023311315760,2023,311315760,1,2,2,1,18,4,2,0,0,1,0,0,9,-1,-1,7,1,1.0,0.0,-1,6,60,1,6,1,21:45,1,1,9
2023451272337,2023,451272337,1,1,1,1,79,11,3,0,0,0,0,0,9,8,E01002900,3,1,0.0,1.0,-1,6,30,1,1,2,13:30,7,1,9
2023991380637,2023,991380637,3,2,2,2,56,9,3,0,0,1,0,0,9,2,-1,3,1,0.0,1.0,-1,3,70,1,6,1,23:12,4,3,9
2023010422764,2023,010422764,1,1,3,1,21,5,3,1,3,0,0,0,0,7,E01002203,-1,0,0.0,1.0,-1,6,30,1,4,4,20:58,7,1,9
2023131302124,2023,131302124,2,1,1,1,22,5,3,0,0,0,0,0,9,2,E01011284,3,1,0.0,1.0,-1,3,40,1,1,1,18:26,6,2,9
2023221299130,2023,221299130,1,2,2,2,38,7,3,0,0,1,0,0,9,6,E01032352,3,1,0.0,1.0,-1,6,60,1,6,1,20:37,5,2,9
2023332300651,2023,332300651,1,3,2,1,19,4,3,0,0,2,0,0,9,4,E01015606,-1,0,0.06771,0.93229,-1,6,60,1,6,1,00:10,7,1,9
2023361266373,2023,361266373,2,1,1,2,70,10,3,0,0,0,0,0,9,4,E01026640,3,1,0.0,1.0,-1,6,30,1,1,2,09:45,5,2,9
202360A032782,2023,60A032782,4,3,1,2,34,6,3,0,0,0,0,0,9,-1,-1,-1,0,0.03694,0.96306,-1,6,60,2,4,2,20:20,1,5,9
2023610043723,2023,610043723,1,1,1,2,77,11,3,0,0,1,0,0,9,10,W01001651,-1,0,0.17348,0.82652,-1,6,20,1,1,1,17:00,2,3,9
202363A012923,2023,63A012923,1,1,1,2,61,9,3,0,0,0,0,0,9,4,W01000678,-1,0,0.03088,0.96912,-1,6,60,1,1,1,16:02,1,1,9
2023010468056,2023,010468056,1,1,3,1,25,5,3,10,9,0,0,0,0,2,E01001161,-1,0,0.0,1.0,-1,6,20,1,4,1,01:15,2,2,9
2023411372163,2023,411372163,1,1,3,1,68,10,3,4,3,0,0,0,0,3,E01023348,3,1,0.0,1.0,-1,6,30,1,1,1,12:20,4,1,9
2023471270445,2023,471270445,1,1,3,1,28,6,3,6,9,0,0,0,0,8,E01021221,3,1,0.0,1.0,-1,6,30,9,7,1,18:00,7,1,9
2023010445002,2023,010445002,2,1,1,1,23,5,3,0,0,0,0,0,1,6,E01001964,-1,0,0.0,1.0,-1,6,20,1,1,1,12:40,5,2,1
2023430055350,2023,430055350,2,1,1,1,44,7,2,0,0,0,0,0,1,9,E01027274,-1,0,1.0,0.0,-1,6,60,1,1,1,07:39,2,2,1
2023451366683,2023,451366683,2,1,1,1,40,7,1,0,0,0,0,0,1,10,E01030887,1,1,0.0,0.0,-1,3,70,1,6,1,20:55,3,3,1
2023010483379,2023,010483379,1,1,1,2,51,8,3,0,0,0,0,0,2,2,E01001796,-1,0,0.0,1.0,-1,6,20,1,4,1,18:50,3,2,2
2023010423721,2023,010423721,1,1,1,1,25,5,3,0,0,0,0,0,3,2,E01004305,-1,0,0.0,1.0,-1,3,50,1,4,2,20:10,5,2,3
2023332301270,2023,332301270,1,1,1,1,53,8,3,0,0,0,0,0,5,7,E01031091,-1,0,0.03204,0.96796,-1,6,30,2,4,2,18:10,3,2,5
2023411430763,2023,411430763,1,1,1,1,36,7,2,0,0,0,0,0,9,8,E01023666,7,1,1.0,0.0,-1,6,30,8,4,2,21:40,5,2,9
2023201328570,2023,201328570,2,1,1,1,47,8,3,0,0,0,0,0,9,-1,-1,3,1,0.0,1.0,-1,3,40,1,1,1,17:52,5,2,9
2023201346327,2023,201346327,1,1,1,2,81,11,2,0,0,0,0,0,9,10,E01010210,5,1,1.0,0.0,-1,6,30,1,1,1,18:55,3,2,9
2023010467910,2023,010467910,1,1,1,1,48,8,3,0,0,0,0,0,8,-1,-1,-1,0,0.0,1.0,-1,6,20,1,4,1,01:05,1,2,8
2023201393222,2023,201393222,1,1,1,1,25,5,3,0,0,0,0,0,9,3,E01009118,3,1,0.0,1.0,-1,6,30,2,1,2,09:20,7,1,9
2023552300206,2023,552300206,1,1,1,1,84,11,3,0,0,0,0,0,9,7,E01015450,-1,0,0.11806,0.88194,-1,6,30,1,1,1,16:53,3,2,9
2023991355344,2023,991355344,2,1,1,1,11,3,3,0,0,0,0,0,97,7,-1,3,1,0.0,1.0,-1,6,30,1,1,1,16:17,6,2,97
2023010426217,2023,010426217,1,1,3,1,53,8,3,7,9,0,0,0,0,8,E01000823,-1,0,0.0,1.0,-1,6,20,1,7,1,18:15,5,1,9
2023361382953,2023,361382953,1,1,3,1,73,10,2,4,1,0,0,0,0,3,E01026735,7,1,1.0,0.0,-1,6,30,1,1,1,14:00,3,1,9
2023501341718,2023,501341718,3,1,3,2,43,7,3,10,9,0,0,0,0,1,E01015030,3,1,0.0,1.0,-1,6,30,1,1,1,13:29,2,3,19
2023131284246,2023,131284246,2,1,1,1,50,8,2,0,0,0,0,0,3,4,E01011810,7,1,1.0,0.0,-1,6,30,1,4,1,05:30,4,2,3
2023141303803,2023,141303803,1,1,1,1,28,6,2,0,0,0,0,0,3,7,E01007700,7,1,1.0,0.0,-1,3,40,9,1,1,08:30,6,2,3
2023440200614,2023,440200614,1,1,1,1,56,9,3,0,0,0,0,0,3,5,E01017023,-1,0,0.19129,0.80871,-1,6,30,1,1,1,15:16,1,2,3
2023010478792,2023,010478792,1,1,1,1,39,7,3,0,0,0,0,0,5,10,E01023846,-1,0,0.0,1.0,-1,9,20,1,4,2,20:20,6,2,5
2023231294322,2023,231294322,1,1,1,1,51,8,3,0,0,0,0,0,8,4,E01014571,3,1,0.0,1.0,-1,3,70,2,1,2,13:08,6,3,8
2023061343729,2023,061343729,1,1,1,1,41,7,3,0,0,0,0,0,-1,-1,-1,3,1,0.0,1.0,-1,6,20,1,4,1,23:34,7,1,-1
2023421352190,2023,421352190,1,1,3,2,11,3,3,2,1,0,0,0,0,1,E01016010,3,1,0.0,1.0,-1,6,30,1,1,1,16:17,4,1,9
2023010486392,2023,010486392,1,1,1,1,26,6,3,0,0,0,0,0,2,6,E01002204,-1,0,0.0,1.0,-1,6,30,2,4,2,19:50,5,2,2
2023221261008,2023,221261008,1,1,2,2,9,2,3,0,0,2,0,0,9,1,E01032245,3,1,0.0,1.0,-1,6,30,1,1,1,16:49,4,2,9
2023411303508,2023,411303508,1,1,1,1,19,4,3,0,0,0,0,0,9,4,E01021853,3,1,0.0,1.0,-1,6,30,1,1,2,18:07,7,1,9
2023440071321,2023,440071321,1,1,1,1,41,7,3,0,0,0,0,0,1,7,E01023066,-1,0,0.1135,0.8865,-1,6,30,1,4,1,19:58,2,2,1
2023221359749,2023,221359749,1,1,1,2,16,4,3,0,0,0,0,0,2,5,E01014099,3,1,0.0,1.0,-1,6,30,2,1,2,18:40,2,2,2
2023201370155,2023,201370155,2,1,1,1,35,6,3,0,0,0,0,0,3,8,E01010357,3,1,0.0,1.0,-1,3,30,1,1,1,12:19,4,2,3
2023161344273,2023,161344273,2,1,1,1,59,9,2,0,0,0,0,0,4,6,E01012941,7,1,1.0,0.0,-1,1,60,1,1,1,16:34,2,2,4
2023631331564,2023,631331564,2,1,2,1,30,6,2,0,0,0,0,0,5,7,E01014403,7,1,1.0,0.0,-1,3,70,1,1,1,17:40,4,2,5
2023122300349,2023,122300349,2,1,1,2,63,9,3,0,0,0,0,0,9,4,E01027803,-1,0,0.03533,0.96467,-1,6,40,1,1,1,18:42,6,2,9
2023461286229,2023,461286229,1,1,1,1,33,6,2,0,0,0,0,0,9,10,E01024748,7,1,1.0,0.0,-1,6,40,1,4,2,23:55,6,2,9
2023461296708,2023,461296708,1,1,1,1,19,4,3,0,0,0,0,0,9,8,E01024761,3,1,0.0,1.0,-1,6,60,2,6,2,20:18,5,2,9
2023522300429,2023,522300429,1,1,1,2,25,5,3,0,0,0,0,0,9,9,E01033333,-1,0,0.00186,0.99814,-1,6,30,2,1,2,07:50,6,2,9
2023451377638,2023,451377638,1,1,1,1,13,3,2,0,0,0,0,0,1,3,E01030711,7,1,1.0,0.0,-1,3,30,1,4,1,19:00,3,2,1
2023061305710,2023,061305710,2,1,1,1,22,5,2,0,0,0,0,0,5,-1,-1,6,1,1.0,0.0,-1,6,30,1,1,1,20:25,3,2,5
2023131291129,2023,131291129,1,1,1,2,20,4,3,0,0,0,0,0,9,5,E01011352,3,1,0.0,1.0,-1,6,60,1,6,1,05:52,3,1,9
2023311378266,2023,311378266,1,2,1,1,17,4,2,0,0,0,0,0,9,10,E01028361,7,1,1.0,0.0,-1,6,60,2,6,2,21:19,5,1,9
2023340WN4722,2023,340WN4722,1,1,1,1,56,9,3,0,0,0,0,0,9,8,E01027174,-1,0,0.14186,0.85814,-1,6,40,1,4,1,03:20,1,1,9
2023351360069,2023,351360069,2,2,1,2,40,7,3,0,0,0,0,0,9,7,E01018058,3,1,0.0,1.0,-1,6,60,1,1,1,08:15,5,2,9
2023401272009,2023,401272009,1,1,1,1,34,6,3,0,0,0,0,0,9,8,E01017488,3,1,0.0,1.0,-1,3,70,7,4,2,02:54,1,1,9
2023411308761,2023,411308761,2,1,1,2,69,10,3,0,0,0,0,0,9,4,E01023955,3,1,0.0,1.0,-1,6,30,1,1,1,15:30,2,2,9
2023421363596,2023,421363596,1,1,1,1,50,8,3,0,0,0,0,0,9,8,E01021405,3,1,0.0,1.0,-1,1,60,1,5,1,06:00,3,1,9
2023430064105,2023,430064105,3,1,1,2,24,5,3,0,0,0,0,0,9,9,E01028738,-1,0,0.00511,0.99489,-1,6,30,1,4,1,19:13,6,3,9
2023461265770,2023,461265770,2,3,2,2,24,5,3,0,0,1,0,0,9,-1,-1,3,1,0.0,1.0,-1,6,40,1,4,1,19:37,6,2,9
2023461295241,2023,461295241,1,1,1,1,83,11,3,0,0,0,0,0,9,2,E01016110,3,1,0.0,1.0,-1,1,70,1,1,1,13:45,3,4,9
2023471266754,2023,471266754,2,1,2,2,-1,-1,3,0,0,0,4,0,11,10,E01016939,3,1,0.0,1.0,-1,6,20,1,1,1,10:25,1,2,11
2023302301567,2023,302301567,1,1,2,1,52,8,3,0,0,1,0,0,9,9,E01028241,-1,0,0.12383,0.87617,-1,6,50,8,6,4,06:42,1,1,9
2023451288125,2023,451288125,1,2,2,2,18,4,3,0,0,1,0,0,9,-1,-1,3,1,0.0,1.0,-1,6,30,1,4,1,20:00,6,2,9
2023231331697,2023,231331697,1,1,3,2,12,3,2,5,1,0,0,0,0,4,E01031185,7,1,1.0,0.0,-1,6,30,1,1,1,15:49,3,1,9
2023031369100,2023,031369100,1,1,1,1,32,6,3,0,0,0,0,0,9,2,E01019227,3,1,0.0,1.0,-1,6,60,2,4,1,17:28,3,3,9
2023332300064,2023,332300064,1,1,1,2,31,6,3,0,0,0,0,0,9,7,E01033386,-1,0,0.00525,0.99475,-1,6,30,1,1,2,13:40,7,2,9
2023340WN3862,2023,340WN3862,1,1,1,1,57,9,3,0,0,0,0,0,19,4,E01014191,-1,0,0.10401,0.89599,-1,6,60,1,1,1,13:15,4,2,19
2023010447111,2023,010447111,1,1,1,1,23,5,3,0,0,0,0,0,3,3,E01002079,-1,0,0.0,1.0,-1,9,20,1,1,1,20:45,7,2,3
2023461295736,2023,461295736,1,3,2,2,56,9,3,0,0,-1,0,0,9,-1,-1,3,1,0.0,1.0,-1,6,60,1,1,1,17:55,2,2,9
2023552300890,2023,552300890,1,1,1,2,22,5,3,0,0,0,0,0,9,8,E01020583,-1,0,0.00997,0.99003,-1,1,40,1,1,1,13:41,7,2,9
2023041328006,2023,041328006,2,1,1,1,43,7,3,0,0,0,0,0,9,3,E01012741,3,1,0.0,1.0,-1,6,30,2,1,2,18:15,2,2,9
2023201409937,2023,201409937,1,1,1,1,51,8,3,0,0,0,0,0,9,1,E01009326,3,1,0.0,1.0,-1,6,30,1,1,1,14:30,4,3,9
2023010442906,2023,010442906,2,1,1,2,31,6,3,0,0,0,0,0,1,2,E01033085,-1,0,0.0,1.0,-1,6,20,1,1,1,12:20,1,2,1
2023010475165,2023,010475165,1,1,1,1,63,9,3,0,0,0,0,0,1,1,E01004665,-1,0,0.0,1.0,-1,6,20,2,4,2,16:30,3,2,1
2023010477455,2023,010477455,2,1,1,1,35,6,3,0,0,0,0,0,1,4,E01000746,-1,0,0.0,1.0,-1,6,20,1,1,2,07:45,1,2,1
2023061352329,2023,061352329,2,1,1,2,37,7,3,0,0,0,0,0,1,8,E01006401,3,1,0.0,1.0,-1,6,30,1,1,1,11:10,7,2,1
2023161322862,2023,161322862,1,1,1,1,32,6,2,0,0,0,0,0,1,4,E01012870,7,1,1.0,0.0,-1,6,30,1,1,1,11:22,6,2,1
2023552301473,2023,552301473,1,1,1,1,24,5,3,0,0,0,0,0,4,3,E01020393,-1,0,0.08856,0.91144,-1,6,30,1,1,1,13:12,3,1,4
2023010426612,2023,010426612,1,1,1,1,56,9,3,0,0,0,0,0,9,10,E01031734,-1,0,0.0,1.0,-1,3,30,1,4,1,23:30,6,2,9
2023211437686,2023,211437686,1,1,1,2,24,5,3,0,0,0,0,0,9,9,E01029619,3,1,0.0,1.0,-1,3,60,1,4,1,22:24,7,2,9
2023401332742,2023,401332742,2,1,1,2,61,9,2,0,0,0,0,0,9,3,E01015765,7,1,1.0,0.0,-1,6,30,1,1,1,15:50,2,2,9
2023421351164,2023,421351164,2,1,1,1,87,11,3,0,0,0,0,0,22,3,E01021358,3,1,0.0,1.0,-1,6,30,1,1,1,09:26,2,2,22
2023201405848,2023,201405848,1,2,3,1,42,7,3,1,3,0,0,2,0,1,E01009147,3,1,0.0,1.0,-1,6,30,1,1,1,11:31,3,1,9
2023211296623,2023,211296623,1,1,3,2,5,1,3,6,9,0,0,0,0,2,E01014359,3,1,0.0,1.0,-1,6,30,1,1,2,10:20,6,1,8
2023430464792,2023,430464792,4,1,1,1,7,2,3,0,0,0,0,0,1,9,E01032954,-1,0,0.05324,0.94676,-1,6,60,1,1,1,16:00,1,4,1
2023311298795,2023,311298795,2,1,1,1,24,5,3,0,0,0,0,0,3,3,E01028014,3,1,0.0,1.0,-1,1,30,9,1,1,18:46,4,2,3
2023010434612,2023,010434612,1,1,1,1,59,9,3,0,0,0,0,0,9,-1,-1,-1,0,0.0,1.0,-1,6,30,2,1,2,10:00,3,2,9
2023052300119,2023,052300119,1,1,1,2,48,8,3,0,0,0,0,0,9,1,E01006721,-1,0,0.07914,0.92086,-1,6,30,1,1,1,11:50,6,2,9
2023131316896,2023,131316896,3,3,2,2,79,11,2,0,0,1,0,0,9,8,E01010698,6,1,1.0,0.0,-1,6,60,1,1,1,15:53,6,3,9
2023131356696,2023,131356696,1,2,2,2,18,4,3,0,0,1,0,0,9,10,E01011458,3,1,0.0,1.0,-1,6,60,1,6,1,22:30,3,1,9
2023430174060,2023,430174060,1,3,2,1,13,3,3,0,0,1,0,0,9,3,E01028516,-1,0,0.09315,0.90685,-1,6,60,1,6,1,20:16,6,2,9
2023440516094,2023,440516094,2,1,1,1,13,3,3,0,0,0,0,0,1,10,E01022791,-1,0,0.10896,0.89104,-1,1,30,1,4,1,17:20,2,2,1
2023010469432,2023,010469432,1,1,1,1,24,5,3,0,0,0,0,0,4,3,E01001832,-1,0,0.0,1.0,-1,6,20,1,1,1,16:50,6,2,4
2023201390740,2023,201390740,2,1,1,1,-1,-1,3,0,0,0,0,0,9,1,E01013456,3,1,0.0,1.0,-1,3,30,1,1,1,13:45,3,2,9
2023311281511,2023,311281511,2,1,1,2,59,9,3,0,0,0,0,0,9,-1,-1,3,1,0.0,1.0,-1,6,50,1,1,2,16:20,2,2,9
2023332301289,2023,332301289,1,1,1,1,28,6,3,0,0,0,0,0,9,1,E01013661,-1,0,0.00896,0.99104,-1,3,70,1,4,-1,20:00,4,2,9
2023430366624,2023,430366624,1,1,1,1,44,7,3,0,0,0,0,0,9,1,E01010622,-1,0,0.0308,0.9692,-1,1,30,1,1,1,14:00,7,2,9
2023440381571,2023,440381571,1,1,1,2,27,6,3,0,0,0,0,0,9,10,E01022588,-1,0,0.09938,0.90062,-1,3,70,1,1,1,16:39,2,1,9