collision_index,collision_year,collision_ref_no,vehicle_reference,casualty_reference,casualty_class,sex_of_casualty,age_of_casualty,age_band_of_casualty,casualty_severity,pedestrian_location,pedestrian_movement,car_passenger,bus_or_coach_passenger,pedestrian_road_maintenance_worker,casualty_type,casualty_imd_decile,lsoa_of_casualty,enhanced_casualty_severity,casualty_injury_based,casualty_adjusted_severity_serious,casualty_adjusted_severity_slight,casualty_distance_banding,road_type,speed_limit,weather_conditions,light_conditions,road_surface_conditions,time,day_of_week,number_of_vehicles,vehicle_type
2023991312201,2023,991312201,1,1,1,1,72,10,2,0,0,0,0,0,9,9,-1,7,1,1.0,0.0,-1,6,60,1,1,1,16:05,7,1,9
2023010475119,2023,010475119,1,1,3,1,79,11,2,5,2,0,0,0,0,1,E01033086,-1,0,1.0,0.0,-1,6,20,1,1,2,13:15,3,1,19
2023041319044,2023,041319044,1,1,3,1,39,7,3,5,1,0,0,0,0,1,E01006598,3,1,0.0,1.0,-1,6,30,1,1,1,12:44,5,1,9
2023010465604,2023,010465604,1,1,1,1,27,6,3,0,0,0,0,0,4,2,E01003350,-1,0,0.0,1.0,-1,6,20,1,1,1,15:00,3,2,4
2023371321694,2023,371321694,3,2,1,1,54,8,3,0,0,0,0,0,9,-1,-1,3,1,0.0,1.0,-1,6,30,2,1,2,15:48,5,3,9
2023522300763,2023,522300763,1,1,1,1,52,8,3,0,0,0,0,0,9,5,E01014915,-1,0,0.00606,0.99394,-1,6,20,1,1,1,18:45,5,2,9
2023221309346,2023,221309346,1,2,3,1,59,9,3,6,9,0,0,0,0,4,E01029646,3,1,0.0,1.0,-1,6,20,1,1,1,13:25,6,1,19
2023471322251,2023,471322251,1,1,3,2,47,8,3,10,9,0,0,0,0,-1,-1,3,1,0.0,1.0,-1,6,30,1,1,1,05:45,7,1,9
2023991369054,2023,991369054,2,1,1,1,36,7,2,0,0,0,0,0,9,-1,-1,5,1,1.0,0.0,-1,6,60,1,1,1,11:40,7,2,9
2023201285438,2023,201285438,2,1,1,1,13,3,3,0,0,0,0,0,1,1,E01009494,3,1,0.0,1.0,-1,6,30,1,1,2,09:00,3,3,1
2023361333020,2023,361333020,1,2,2,1,16,4,3,0,0,1,0,0,9,8,E01026881,3,1,0.0,1.0,-1,6,60,1,1,2,12:56,2,1,9
202363C010023,2023,63C010023,2,5,2,1,-1,-1,3,0,0,2,0,0,9,6,W01000614,-1,0,0.0369,0.9631,-1,6,60,1,1,1,13:25,5,3,9
2023010433790,2023,010433790,1,1,3,1,21,5,2,1,9,0,0,0,0,-1,-1,-1,0,1.0,0.0,-1,6,20,1,1,2,15:15,5,1,11
2023122300915,2023,122300915,2,1,1,2,37,7,3,0,0,0,0,0,9,5,E01027711,-1,0,0.02288,0.97712,-1,9,30,1,1,1,15:55,5,2,9
2023161388824,2023,161388824,1,1,1,1,74,10,3,0,0,0,0,0,9,6,E01027884,3,1,0.0,1.0,-1,6,60,1,6,1,18:00,6,1,9
2023552300061,2023,552300061,1,1,3,1,89,11,3,4,1,0,0,0,0,8,E01020515,-1,0,0.23433,0.76567,-1,6,30,1,1,2,11:44,2,1,9
2023010460842,2023,010460842,1,1,1,1,22,5,3,0,0,0,0,0,3,8,E01023576,-1,0,0.0,1.0,-1,9,30,9,1,9,16:20,2,2,3
2023552300595,2023,552300595,2,1,1,2,31,6,3,0,0,0,0,0,3,3,E01033242,-1,0,0.02686,0.97314,-1,3,30,1,1,1,19:20,3,2,3
2023010475286,2023,010475286,1,1,1,1,42,7,3,0,0,0,0,0,9,3,E01002726,-1,0,0.0,1.0,-1,3,20,2,1,2,09:26,4,2,9
2023461411420,2023,461411420,2,2,1,1,55,8,3,0,0,0,0,0,9,9,E01021231,3,1,0.0,1.0,-1,3,70,1,6,1,21:39,2,2,9
2023991327259,2023,991327259,1,5,1,1,60,9,3,0,0,0,0,0,9,-1,-1,3,1,0.0,1.0,-1,6,60,1,1,1,11:00,7,2,9
2023031347956,2023,031347956,2,1,1,1,62,9,1,0,0,0,0,0,5,8,E01019253,1,1,0.0,0.0,-1,6,60,1,1,1,15:36,7,2,5
2023052301224,2023,052301224,2,1,1,2,56,9,3,0,0,0,0,0,9,6,E01006955,-1,0,0.04761,0.95239,-1,6,20,1,1,1,13:13,7,2,9
2023411325807,2023,411325807,2,3,2,2,40,7,3,0,0,1,0,0,9,6,E01033308,3,1,0.0,1.0,-1,6,40,1,1,1,16:34,2,2,9
2023411337807,2023,411337807,2,2,2,2,50,8,3,0,0,1,0,0,9,5,E01023796,3,1,0.0,1.0,-1,3,40,1,1,1,18:45,3,2,9
2023520300610,2023,520300610,2,24,2,1,42,7,3,0,0,0,4,0,11,1,-1,-1,0,0.06309,0.93691,-1,6,40,1,6,4,06:00,3,3,11
2023201320710,2023,201320710,1,1,1,1,45,7,3,0,0,0,0,0,-1,-1,-1,3,1,0.0,1.0,-1,2,30,1,1,1,15:04,6,2,-1
2023010427455,2023,010427455,1,1,2,1,23,5,3,0,0,1,0,0,9,2,E01002282,-1,0,0.0,1.0,-1,6,20,1,1,1,07:44,5,1,9
2023302300021,2023,302300021,2,1,1,2,36,7,3,0,0,0,0,0,9,2,E01019572,-1,0,0.01994,0.98006,-1,6,30,1,4,2,18:25,4,2,9
2023520400957,2023,520400957,2,1,1,1,62,9,2,0,0,0,0,0,5,1,E01029105,-1,0,1.0,0.0,-1,3,50,1,1,1,13:22,7,2,5
2023141308537,2023,141308537,1,1,1,2,42,7,3,0,0,0,0,0,9,4,E01007396,3,1,0.0,1.0,-1,3,40,1,1,1,17:00,4,2,9
2023441313575,2023,441313575,2,1,1,1,48,8,3,0,0,0,0,0,9,9,E01016616,3,1,0.0,1.0,-1,3,50,1,6,1,23:30,4,2,9
2023141277110,2023,141277110,1,1,2,1,-1,-1,3,0,0,0,4,0,11,1,E01007462,3,1,0.0,1.0,-1,6,30,1,1,1,10:45,5,2,11
2023201312715,2023,201312715,2,1,1,1,-1,-1,3,0,0,0,0,0,9,1,E01009362,3,1,0.0,1.0,-1,3,30,1,4,1,21:09,7,3,9
2023320737505,2023,320737505,1,1,1,2,24,5,3,0,0,0,0,0,9,4,E01026019,-1,0,0.04399,0.95601,-1,6,60,1,1,4,09:20,4,2,9
2023421327977,2023,421327977,4,2,1,1,28,6,3,0,0,0,0,0,9,-1,-1,3,1,0.0,1.0,-1,3,60,1,1,1,17:10,2,4,9
2023421343473,2023,421343473,1,1,1,2,30,6,3,0,0,0,0,0,9,7,E01030159,3,1,0.0,1.0,-1,6,40,1,1,1,14:10,7,1,9
2023440377976,2023,440377976,1,1,1,1,41,7,2,0,0,0,0,0,9,2,E01022833,-1,0,1.0,0.0,-1,3,70,1,1,1,07:10,7,1,9
2023451329525,2023,451329525,1,1,1,2,40,7,3,0,0,0,0,0,9,8,E01030422,3,1,0.0,1.0,-1,6,30,1,1,2,18:00,6,3,9
2023547762023,2023,547762023,2,2,1,2,53,8,3,0,0,0,0,0,9,9,E01014421,-1,0,0.04771,0.95229,-1,6,60,1,1,1,08:00,2,2,9
2023141388756,2023,141388756,1,1,3,2,71,10,2,1,1,0,0,0,0,8,E01008048,7,1,1.0,0.0,-1,6,30,1,1,2,14:35,6,1,9
2023201296499,2023,201296499,2,1,1,1,55,8,3,0,0,0,0,0,9,-1,-1,3,1,0.0,1.0,-1,3,30,1,7,1,23:20,7,2,9
2023430407067,2023,430407067,2,1,1,2,60,9,3,0,0,0,0,0,9,10,E01016430,-1,0,0.03809,0.96191,-1,6,30,1,1,1,11:54,2,2,9
2023501381383,2023,501381383,2,1,1,1,41,7,3,0,0,0,0,0,19,3,E01015093,3,1,0.0,1.0,-1,6,60,1,1,4,13:35,6,2,19
2023010464266,2023,010464266,1,1,1,2,35,6,3,0,0,0,0,0,9,2,E01001006,-1,0,0.0,1.0,-1,7,30,1,1,1,12:33,3,2,9
2023031360442,2023,031360442,1,1,2,2,21,5,2,0,0,2,0,0,9,-1,-1,7,1,1.0,0.0,-1,6,60,1,1,1,08:58,7,1,9
2023421390187,2023,421390187,2,1,1,2,22,5,3,0,0,0,0,0,9,6,E01021668,3,1,0.0,1.0,-1,6,60,1,6,2,18:00,5,2,9
2023461309187,2023,461309187,2,1,1,1,21,5,3,0,0,0,0,0,9,1,E01024196,3,1,0.0,1.0,-1,6,60,1,1,1,17:05,4,2,9
2023052301817,2023,052301817,1,1,3,2,76,11,1,6,9,0,0,0,0,9,E01006922,-1,0,0.0,0.0,-1,6,20,1,1,1,16:15,4,3,9
2023131342512,2023,131342512,3,1,1,1,30,6,2,0,0,0,0,0,1,2,E01011370,7,1,1.0,0.0,-1,6,30,1,1,1,16:30,4,3,1
2023531315884,2023,531315884,2,1,1,1,-1,-1,3,0,0,0,0,0,1,5,E01022420,3,1,0.0,1.0,-1,6,30,1,1,1,18:30,5,2,1
2023201381991,2023,201381991,2,1,1,1,-1,-1,3,0,0,0,0,0,9,-1,-1,3,1,0.0,1.0,-1,6,30,2,1,2,15:50,3,2,9
2023451324606,2023,451324606,1,1,1,1,44,7,3,0,0,0,0,0,9,4,E01003277,3,1,0.0,1.0,-1,6,30,1,4,1,21:45,6,2,9
2023061369006,2023,061369006,2,1,1,1,45,7,3,0,0,0,0,0,8,2,E01033657,3,1,0.0,1.0,-1,6,30,1,4,1,19:40,1,2,8
2023052301476,2023,052301476,2,2,2,2,7,2,3,0,0,2,0,0,9,1,E01006440,-1,0,0.01411,0.98589,-1,6,20,1,1,1,08:40,4,2,9
2023430133814,2023,430133814,1,2,2,1,22,5,3,0,0,1,0,0,9,-1,-1,-1,0,0.16781,0.83219,-1,6,50,2,6,2,03:56,1,1,9
2023501273554,2023,501273554,2,1,2,2,13,3,3,0,0,2,0,0,9,-1,-1,3,1,0.0,1.0,-1,3,30,1,4,2,20:00,1,2,9
2023520400754,2023,520400754,1,1,1,2,34,6,3,0,0,0,0,0,9,-1,-1,-1,0,0.03546,0.96454,-1,6,30,2,1,2,11:10,5,3,9
2023010454392,2023,010454392,1,1,2,2,53,8,3,0,0,0,4,0,11,1,E01003051,-1,0,0.0,1.0,-1,6,20,1,1,1,15:45,2,2,11
2023471372351,2023,471372351,1,1,1,1,37,7,3,0,0,0,0,0,19,10,E01016318,3,1,0.0,1.0,-1,6,40,2,1,2,15:31,4,2,19
2023522400076,2023,522400076,1,2,3,1,49,8,3,1,3,0,0,0,0,8,E01014668,-1,0,0.15009,0.84991,-1,6,20,2,4,2,20:33,5,1,3
2023302301622,2023,302301622,1,1,1,1,70,10,3,0,0,0,0,0,9,4,E01019689,-1,0,0.08612,0.91388,-1,6,30,1,1,1,09:38,1,2,9
2023361339071,2023,361339071,2,1,1,1,52,8,3,0,0,0,0,0,19,4,E01021844,3,1,0.0,1.0,-1,3,70,1,1,1,07:10,4,3,19
2023010465364,2023,010465364,1,1,1,1,25,5,3,0,0,0,0,0,9,9,E01001039,-1,0,0.0,1.0,-1,3,50,1,1,1,16:50,2,2,9
2023131359888,2023,131359888,1,1,1,1,30,6,3,0,0,0,0,0,9,5,E01011275,3,1,0.0,1.0,-1,6,60,1,1,2,16:50,5,2,9
2023545562123,2023,545562123,2,1,2,2,26,6,3,0,0,1,0,0,9,9,E01015501,-1,0,0.01659,0.98341,-1,1,30,1,1,1,14:51,7,2,9
2023471378261,2023,471378261,3,3,1,1,50,8,3,0,0,0,0,0,19,4,E01017199,3,1,0.0,1.0,-1,6,30,1,6,1,16:42,5,4,19
2023302300655,2023,302300655,1,1,1,1,30,6,2,0,0,0,0,0,97,2,E01013504,-1,0,1.0,0.0,-1,6,30,1,1,1,15:56,7,2,97
2023411362037,2023,411362037,1,1,3,2,13,3,3,1,3,0,0,0,0,10,E01023851,3,1,0.0,1.0,-1,6,30,1,1,1,16:24,3,1,9
2023010433449,2023,010433449,1,1,1,1,41,7,3,0,0,0,0,0,1,6,E01033582,-1,0,0.0,1.0,-1,6,30,1,4,1,20:00,2,2,1
2023430219386,2023,430219386,2,1,1,1,75,10,3,0,0,0,0,0,1,6,E01028581,-1,0,0.18209,0.81791,-1,6,20,1,1,1,13:20,7,2,1
2023622300701,2023,622300701,2,2,1,2,36,7,3,0,0,0,0,0,1,6,W01001076,-1,0,0.04269,0.95731,-1,6,30,1,1,1,10:31,4,2,1
2023010486587,2023,010486587,1,1,1,1,30,6,2,0,0,0,0,0,9,7,E01003218,-1,0,1.0,0.0,-1,3,20,1,1,2,08:51,7,2,9
2023340WN2242,2023,340WN2242,2,1,1,2,30,6,3,0,0,0,0,0,9,1,E01013754,-1,0,0.01968,0.98032,-1,1,50,1,1,1,06:36,3,2,9
2023461344122,2023,461344122,2,1,1,2,54,8,3,0,0,0,0,0,9,5,E01024342,3,1,0.0,1.0,-1,3,70,1,4,2,21:56,2,3,9
2023631349215,2023,631349215,1,1,1,1,50,8,3,0,0,0,0,0,9,7,E01007203,3,1,0.0,1.0,-1,6,60,1,1,1,13:25,3,1,9
2023010425187,2023,010425187,2,1,1,1,32,6,3,0,0,0,0,0,3,3,E01003572,-1,0,0.0,1.0,-1,6,20,1,1,1,13:39,6,2,3
2023440031179,2023,440031179,1,1,1,1,35,6,3,0,0,0,0,0,5,4,E01017083,-1,0,0.19045,0.80955,-1,1,30,1,4,2,05:56,3,1,5
2023010426847,2023,010426847,1,1,1,2,59,9,3,0,0,0,0,0,9,6,E01000700,-1,0,0.0,1.0,-1,6,30,1,4,1,22:25,1,2,9
2023141327271,2023,141327271,1,1,1,-1,68,10,3,0,0,0,0,0,9,3,E01007487,3,1,0.0,1.0,-1,6,30,1,1,1,13:00,7,1,9
2023141346545,2023,141346545,1,1,1,1,84,11,3,0,0,0,0,0,9,2,E01007968,3,1,0.0,1.0,-1,6,30,1,1,1,14:57,3,2,9
2023161358313,2023,161358313,1,1,1,1,18,4,3,0,0,0,0,0,9,6,E01013072,3,1,0.0,1.0,-1,6,30,1,4,2,22:50,7,1,9
2023131299785,2023,131299785,1,1,3,1,12,3,2,10,9,0,0,2,0,3,E01011330,7,1,1.0,0.0,-1,6,30,1,1,1,18:50,7,1,11
2023061399821,2023,061399821,2,1,1,1,75,10,3,0,0,0,0,0,1,-1,-1,3,1,0.0,1.0,-1,6,30,1,4,1,16:30,3,2,1
2023052300497,2023,052300497,2,1,1,1,40,7,3,0,0,0,0,0,3,1,E01006963,-1,0,0.10979,0.89021,-1,3,30,1,1,1,07:20,1,2,3
2023141339945,2023,141339945,3,1,1,2,45,7,3,0,0,0,0,0,9,3,E01007895,3,1,0.0,1.0,-1,6,30,1,1,1,11:57,4,3,9
2023201320780,2023,201320780,3,3,1,-1,43,7,3,0,0,0,0,0,9,3,E01008977,3,1,0.0,1.0,-1,6,30,1,7,2,18:07,2,3,9
2023311335430,2023,311335430,1,1,1,2,31,6,3,0,0,0,0,0,9,2,E01028112,3,1,0.0,1.0,-1,6,50,1,1,1,07:55,1,2,9
2023351356121,2023,351356121,2,2,2,1,61,9,3,0,0,1,0,0,9,3,E01004562,3,1,0.0,1.0,-1,3,70,1,1,1,15:13,6,2,9
202354C270323,2023,54C270323,2,1,1,1,87,11,2,0,0,0,0,0,1,9,E01031841,-1,0,1.0,0.0,-1,6,30,1,1,1,09:30,6,2,1
2023010443660,2023,010443660,1,2,2,2,53,8,3,0,0,1,0,0,9,3,E01022038,-1,0,0.0,1.0,-1,1,30,1,1,1,10:05,5,2,9
2023010464092,2023,010464092,1,1,1,2,42,7,3,0,0,0,0,0,9,5,E01002363,-1,0,0.0,1.0,-1,6,30,1,1,1,16:24,2,2,9
2023111280842,2023,111280842,2,1,1,1,26,6,3,0,0,0,0,0,22,3,E01012353,3,1,0.0,1.0,-1,6,30,1,4,1,18:28,6,2,22
2023320100638,2023,320100638,2,1,1,1,70,10,3,0,0,0,0,0,22,1,E01026069,-1,0,0.22211,0.77789,-1,6,30,1,4,1,00:33,6,2,22
2023061311891,2023,061311891,1,1,3,1,10,2,3,5,9,0,0,-1,0,-1,-1,3,1,0.0,1.0,-1,6,30,1,1,1,15:41,6,1,9
2023430154097,2023,430154097,1,1,1,2,39,7,2,0,0,0,0,0,3,8,E01016274,-1,0,1.0,0.0,-1,6,60,1,1,1,17:04,7,2,3
2023421315674,2023,421315674,2,1,1,1,26,6,3,0,0,0,0,0,5,9,E01021912,3,1,0.0,1.0,-1,6,60,1,1,1,20:40,3,2,5
2023440530356,2023,440530356,1,2,2,1,20,4,2,0,0,1,0,0,9,-1,-1,-1,0,1.0,0.0,-1,6,30,1,4,1,23:17,6,2,9
2023010456321,2023,010456321,1,1,1,2,59,9,2,0,0,0,0,0,1,4,E01003343,-1,0,1.0,0.0,-1,6,20,1,1,1,08:50,2,2,1
2023548613323,2023,548613323,1,1,1,1,56,9,2,0,0,0,0,0,4,9,E01031955,-1,0,1.0,0.0,-1,6,60,1,1,1,16:39,3,3,4
2023041368871,2023,041368871,2,1,1,2,37,7,3,0,0,0,0,0,9,2,E01012608,3,1,0.0,1.0,-1,6,20,2,1,2,09:00,3,2,9
2023231392797,2023,231392797,3,2,1,1,31,6,3,0,0,0,0,0,9,7,E01029379,3,1,0.0,1.0,-1,6,50,2,6,2,16:52,3,4,9
2023311296245,2023,311296245,2,3,2,2,5,1,3,0,0,2,0,0,9,10,E01028407,3,1,0.0,1.0,-1,3,60,1,1,1,10:50,5,2,9
2023421359054,2023,421359054,2,1,1,2,33,6,3,0,0,0,0,0,9,5,E01021241,3,1,0.0,1.0,-1,1,40,1,1,1,15:55,1,2,9
2023421392436,2023,421392436,1,3,1,2,35,6,2,0,0,0,0,0,9,-1,-1,6,1,1.0,0.0,-1,6,40,1,1,2,08:17,4,2,9
2023501278069,2023,501278069,1,1,3,1,7,2,1,9,9,0,0,0,0,8,E01015165,1,1,0.0,0.0,-1,6,30,1,1,1,11:09,1,3,9
2023991365617,2023,991365617,1,1,3,2,21,5,2,8,7,0,0,2,0,1,-1,7,1,1.0,0.0,-1,6,40,1,1,1,10:38,7,1,9
2023010450393,2023,010450393,1,1,1,1,31,6,3,0,0,0,0,0,3,6,E01003378,-1,0,0.0,1.0,-1,9,20,1,1,1,18:18,4,2,3
2023010420656,2023,010420656,1,1,1,1,84,11,3,0,0,0,0,0,9,8,E01000655,-1,0,0.0,1.0,-1,6,40,2,4,2,18:55,3,1,9
2023061351062,2023,061351062,1,3,2,2,-1,-1,3,0,0,-1,0,0,9,4,E01005675,3,1,0.0,1.0,-1,6,30,1,1,1,15:00,2,2,9
2023122300439,2023,122300439,1,1,1,2,85,11,3,0,0,0,0,0,9,10,E01027638,-1,0,0.11733,0.88267,-1,6,60,1,1,1,13:30,7,1,9
2023010427834,2023,010427834,2,1,1,1,38,7,3,0,0,0,0,0,1,5,E01001301,-1,0,0.0,1.0,-1,1,30,1,1,1,10:50,7,2,1
2023311319790,2023,311319790,2,1,1,1,50,8,2,0,0,0,0,0,1,-1,-1,5,1,1.0,0.0,-1,3,70,1,1,1,12:00,7,2,1
2023010448178,2023,010448178,1,1,1,1,32,6,2,0,0,0,0,0,9,3,E01000872,-1,0,1.0,0.0,-1,6,20,1,1,1,17:15,7,4,9
2023141306820,2023,141306820,2,2,1,2,39,7,3,0,0,0,0,0,9,10,E01019785,3,1,0.0,1.0,-1,1,30,1,1,1,17:00,6,2,9
2023311262736,2023,311262736,3,3,1,1,25,5,2,0,0,0,0,0,9,5,E01027943,6,1,1.0,0.0,-1,6,30,1,1,2,16:13,2,3,9
2023311310067,2023,311310067,1,1,1,2,47,8,3,0,0,0,0,0,9,3,E01028340,3,1,0.0,1.0,-1,3,50,1,1,1,06:40,2,2,9
2023351305226,2023,351305226,1,1,1,1,40,7,3,0,0,0,0,0,9,4,E01015630,3,1,0.0,1.0,-1,6,60,1,1,1,17:10,3,2,9
2023522400115,2023,522400115,1,1,1,2,34,6,2,0,0,0,0,0,9,5,E01020308,-1,0,1.0,0.0,-1,6,50,1,6,1,00:02,7,3,9
2023542022723,2023,542022723,1,1,1,1,60,9,3,0,0,0,0,0,9,8,E01028807,-1,0,0.09802,0.90198,-1,6,60,1,1,1,17:08,5,6,9
2023451262114,2023,451262114,2,1,1,1,46,8,3,0,0,0,0,0,19,6,E01030767,3,1,0.0,1.0,-1,3,70,1,1,1,11:20,4,2,19
2023101339168,2023,101339168,1,5,2,1,17,4,2,0,0,2,0,0,9,9,E01027502,6,1,1.0,0.0,-1,6,60,1,6,1,23:21,2,1,9
2023211378150,2023,211378150,1,1,1,2,48,8,3,0,0,0,0,0,9,2,E01029346,3,1,0.0,1.0,-1,6,50,1,1,1,14:49,5,2,9
2023131270621,2023,131270621,1,1,3,2,30,6,2,8,3,0,0,2,0,1,E01011750,5,1,1.0,0.0,-1,6,30,4,4,1,18:30,3,1,23
2023010426181,2023,010426181,2,2,2,1,24,5,3,0,0,2,0,0,9,2,E01004239,-1,0,0.0,1.0,-1,7,20,1,4,2,00:55,5,2,9
2023010452623,2023,010452623,1,1,2,2,1,1,3,0,0,0,4,0,11,4,E01004565,-1,0,0.0,1.0,-1,6,20,1,1,1,16:40,7,1,11
2023010441997,2023,010441997,1,1,3,2,63,9,2,1,2,0,0,0,0,3,E01004540,-1,0,1.0,0.0,-1,6,20,1,1,1,16:00,1,1,8
2023440125312,2023,440125312,1,1,3,1,37,7,3,5,3,0,0,0,0,5,E01024122,-1,0,0.21952,0.78048,-1,6,30,1,4,1,22:33,4,1,9
2023010469043,2023,010469043,1,1,1,2,31,6,3,0,0,0,0,0,1,2,E01003604,-1,0,0.0,1.0,-1,6,20,1,1,1,08:30,6,2,1
2023421367984,2023,421367984,1,1,1,2,30,6,2,0,0,0,0,0,3,4,E01021688,7,1,1.0,0.0,-1,6,40,1,1,1,14:17,7,2,3
2023522400709,2023,522400709,2,1,1,1,44,7,3,0,0,0,0,0,5,4,E01014946,-1,0,0.10655,0.89345,-1,6,20,1,1,1,15:10,3,2,5
2023061365927,2023,061365927,1,1,1,-1,34,6,2,0,0,0,0,0,9,1,E01004857,6,1,1.0,0.0,-1,6,20,1,1,1,15:35,3,2,9
2023211358692,2023,211358692,2,1,1,1,52,8,3,0,0,0,0,0,9,9,E01029402,3,1,0.0,1.0,-1,3,70,2,1,2,12:57,1,3,9
2023311375059,2023,311375059,1,1,2,2,29,6,3,0,0,1,0,0,9,4,E01028239,3,1,0.0,1.0,-1,6,60,1,1,1,17:55,2,1,9
2023101273599,2023,101273599,3,1,1,1,24,5,3,0,0,0,0,0,9,1,E01008332,3,1,0.0,1.0,-1,1,30,1,4,1,20:40,6,2,9
2023041283112,2023,041283112,2,1,1,2,28,6,3,0,0,0,0,0,9,1,E01025493,3,1,0.0,1.0,-1,7,40,1,6,1,20:28,7,2,9
2023122301245,2023,122301245,1,1,1,1,33,6,1,0,0,0,0,0,9,1,E01027804,-1,0,0.0,0.0,-1,6,60,1,1,4,14:27,1,1,9
2023131319610,2023,131319610,2,1,1,2,70,10,2,0,0,0,0,0,9,8,E01011520,5,1,1.0,0.0,-1,3,70,1,1,1,19:50,6,2,9
2023440295372,2023,440295372,1,1,1,1,18,4,3,0,0,0,0,0,9,7,E01002494,-1,0,0.06962,0.93038,-1,3,70,2,1,2,19:52,7,2,9
2023302300772,2023,302300772,1,1,3,1,17,4,3,6,9,0,0,0,0,4,E01019433,-1,0,0.04908,0.95092,-1,6,30,1,1,1,08:30,4,1,9
2023552301523,2023,552301523,2,1,1,1,37,7,3,0,0,0,0,0,3,2,E01015288,-1,0,0.03682,0.96318,-1,6,30,1,1,1,08:48,3,2,3
2023111299293,2023,111299293,1,1,1,1,44,7,2,0,0,0,0,0,9,5,E01020890,7,1,1.0,0.0,-1,6,60,2,6,2,21:45,1,1,9
2023010448228,2023,010448228,1,1,3,1,25,5,2,5,1,0,0,0,0,3,E01001188,-1,0,1.0,0.0,-1,3,30,8,1,1,20:30,7,1,9
2023231282569,2023,231282569,1,2,3,1,60,9,3,10,9,0,0,0,0,-1,-1,3,1,0.0,1.0,-1,6,50,1,1,1,13:41,5,2,9
2023440214156,2023,440214156,1,2,3,1,13,3,3,10,9,0,0,0,0,7,E01023137,-1,0,0.18555,0.81445,-1,6,30,1,1,1,15:51,3,1,-1
2023340NN3762,2023,340NN3762,2,1,2,2,48,8,3,0,0,1,0,0,9,-1,-1,-1,0,0.02516,0.97484,-1,6,30,1,1,1,13:00,7,2,9
2023010448617,2023,010448617,1,1,1,1,68,10,3,0,0,0,0,0,19,8,E01004135,-1,0,0.0,1.0,-1,6,30,1,1,1,16:30,2,2,19
2023221369935,2023,221369935,1,1,1,1,51,8,3,0,0,0,0,0,21,8,E01032226,3,1,0.0,1.0,-1,6,60,1,1,2,11:42,3,2,21
2023010470068,2023,010470068,1,1,3,1,27,6,2,5,3,0,0,0,0,2,E01000019,-1,0,1.0,0.0,-1,6,30,9,1,1,08:30,5,1,9
2023052302977,2023,052302977,1,1,3,1,69,10,3,5,3,0,0,0,0,2,E01006586,-1,0,0.20088,0.79912,-1,6,20,2,5,2,07:15,5,1,9
2023211391881,2023,211391881,1,1,3,1,42,7,2,5,3,0,0,0,0,1,E01013921,7,1,1.0,0.0,-1,6,30,2,4,2,20:58,7,1,9
2023371378739,2023,371378739,1,1,3,1,52,8,2,1,9,0,0,0,0,-1,-1,5,1,1.0,0.0,-1,6,30,2,7,2,02:45,7,1,-1
2023471326380,2023,471326380,1,1,1,1,31,6,2,0,0,0,0,0,1,3,E01020981,7,1,1.0,0.0,-1,6,30,1,4,1,22:45,4,1,1
202354A524123,2023,54A524123,2,1,1,1,13,3,3,0,0,0,0,0,1,-1,-1,-1,0,0.08859,0.91141,-1,6,30,9,1,1,08:20,3,2,1
2023010424569,2023,010424569,1,1,1,1,32,6,3,0,0,0,0,0,3,4,E01000557,-1,0,0.0,1.0,-1,3,30,1,4,1,19:55,6,2,3
2023411297874,2023,411297874,2,2,1,1,44,7,3,0,0,0,0,0,9,8,-1,3,1,0.0,1.0,-1,3,70,1,1,1,11:33,6,3,9
2023461276781,2023,461276781,2,2,1,1,42,7,3,0,0,0,0,0,9,4,E01024243,3,1,0.0,1.0,-1,6,50,1,6,1,18:55,5,2,9
2023471296979,2023,471296979,2,1,1,2,46,8,3,0,0,0,0,0,9,10,E01020942,3,1,0.0,1.0,-1,6,30,2,1,2,11:30,6,2,9
2023010477548,2023,010477548,1,1,1,2,36,7,3,0,0,0,0,0,9,8,E01023666,-1,0,0.0,1.0,-1,6,30,2,6,2,17:00,1,2,9
2023170S41423,2023,170S41423,1,1,1,2,23,5,3,0,0,0,0,0,9,8,E01012235,-1,0,0.05433,0.94567,-1,6,40,1,1,1,18:00,5,2,9
2023340WN3922,2023,340WN3922,2,2,2,1,57,9,3,0,0,1,0,0,9,-1,-1,-1,0,0.02553,0.97447,-1,6,40,1,1,1,10:25,7,3,9
2023221271731,2023,221271731,2,1,1,2,30,6,3,0,0,0,0,0,9,8,W01000458,3,1,0.0,1.0,-1,6,40,1,1,2,15:54,5,3,9
202360A143850,2023,60A143850,2,1,1,2,30,6,3,0,0,0,0,0,9,-1,-1,-1,0,0.01801,0.98199,-1,3,30,1,1,1,07:15,4,2,9
2023010446119,2023,010446119,1,1,1,2,18,4,3,0,0,0,0,0,1,7,E01001204,-1,0,0.0,1.0,-1,2,20,1,1,1,08:00,4,2,1
2023010440186,2023,010440186,1,1,1,1,43,7,3,0,0,0,0,0,3,3,E01032574,-1,0,0.0,1.0,-1,9,20,2,1,2,16:35,5,2,3
2023111334695,2023,111334695,1,3,2,2,25,5,2,0,0,2,0,0,9,5,E01020904,6,1,1.0,0.0,-1,6,60,1,1,1,06:46,7,2,9