collision_index,collision_year,collision_ref_no,vehicle_reference,casualty_reference,casualty_class,sex_of_casualty,age_of_casualty,age_band_of_casualty,casualty_severity,pedestrian_location,pedestrian_movement,car_passenger,bus_or_coach_passenger,pedestrian_road_maintenance_worker,casualty_type,casualty_imd_decile,lsoa_of_casualty,enhanced_casualty_severity,casualty_injury_based,casualty_adjusted_severity_serious,casualty_adjusted_severity_slight,casualty_distance_banding,road_type,speed_limit,weather_conditions,light_conditions,road_surface_conditions,time,day_of_week,number_of_vehicles,vehicle_type
2023010433981,2023,010433981,2,1,1,1,37,7,3,0,0,0,0,0,3,3,E01004280,-1,0,0.0,1.0,-1,6,30,1,1,1,15:17,6,2,3
2023041316532,2023,041316532,2,1,1,2,53,8,2,0,0,0,0,0,9,10,E01025353,7,1,1.0,0.0,-1,6,60,1,1,1,08:40,6,3,9
2023320543922,2023,320543922,2,1,1,1,75,10,3,0,0,0,0,0,9,2,E01008125,-1,0,0.11986,0.88014,-1,6,60,1,1,1,08:55,6,2,9
2023430290714,2023,430290714,2,2,2,1,23,5,3,0,0,2,0,0,9,5,E01016374,-1,0,0.02979,0.97021,-1,3,70,1,1,1,15:05,7,2,9
2023531319899,2023,531319899,1,3,2,1,17,4,2,0,0,2,0,0,9,2,E01022238,6,1,1.0,0.0,-1,6,60,1,1,1,21:25,7,1,9
2023131290088,2023,131290088,2,1,3,1,31,6,3,10,5,0,0,2,0,8,E01011931,3,1,0.0,1.0,-1,6,30,1,1,1,15:07,5,2,9
2023430334861,2023,430334861,1,1,1,2,34,6,3,0,0,0,0,0,3,4,E01017905,-1,0,0.04803,0.95197,-1,6,30,1,1,1,19:43,5,2,3
2023010478450,2023,010478450,1,2,2,1,-1,-1,3,0,0,1,0,0,9,2,E01000065,-1,0,0.0,1.0,-1,6,20,1,4,2,00:08,6,2,9
2023411281367,2023,411281367,2,1,1,1,46,8,2,0,0,0,0,0,9,8,E01023576,7,1,1.0,0.0,-1,1,40,1,1,-1,14:36,5,2,9
2023461339897,2023,461339897,2,1,1,1,31,6,2,0,0,0,0,0,1,7,E01024766,7,1,1.0,0.0,-1,6,30,2,1,2,13:45,4,2,1
2023010458531,2023,010458531,1,1,1,1,28,6,3,0,0,0,0,0,3,2,E01001246,-1,0,0.0,1.0,-1,3,30,2,1,2,15:15,4,2,3
2023010482455,2023,010482455,1,1,2,1,-1,-1,3,0,0,9,0,0,8,7,E01002579,-1,0,0.0,1.0,-1,1,20,1,4,9,19:57,4,2,8
2023161368670,2023,161368670,1,1,1,2,76,11,2,0,0,0,0,0,9,4,E01019503,5,1,1.0,0.0,-1,6,60,1,1,1,15:56,2,2,9
2023311329604,2023,311329604,1,1,1,2,59,9,3,0,0,0,0,0,9,6,E01025747,3,1,0.0,1.0,-1,6,50,2,1,2,11:21,6,2,9
2023320735690,2023,320735690,1,1,1,1,50,8,3,0,0,0,0,0,21,7,E01012024,-1,0,0.12672,0.87328,-1,3,70,1,6,1,20:35,3,1,21
2023361359636,2023,361359636,1,1,1,1,13,3,3,0,0,0,0,0,1,9,E01026570,3,1,0.0,1.0,-1,1,40,1,1,1,17:07,3,2,1
2023440523698,2023,440523698,2,1,1,1,18,4,2,0,0,0,0,0,4,2,E01022970,-1,0,1.0,0.0,-1,6,40,1,4,1,19:43,7,2,4
2023430013255,2023,430013255,1,1,3,2,40,7,2,1,3,0,0,0,0,-1,-1,-1,0,1.0,0.0,-1,6,30,1,6,2,07:35,3,1,19
2023161336975,2023,161336975,2,3,2,1,1,1,3,0,0,2,0,0,9,1,E01012857,3,1,0.0,1.0,-1,6,30,1,1,1,16:44,6,2,9
2023401301049,2023,401301049,1,1,1,2,24,5,3,0,0,0,0,0,9,3,E01017562,3,1,0.0,1.0,-1,1,30,1,1,2,08:02,7,1,9
2023451368326,2023,451368326,1,1,1,2,70,10,3,0,0,0,0,0,9,8,E01030884,3,1,0.0,1.0,-1,6,30,1,1,1,12:15,3,2,9
2023010486394,2023,010486394,1,1,1,1,44,7,3,0,0,0,0,0,9,3,E01003088,-1,0,0.0,1.0,-1,6,20,2,4,2,00:00,5,2,9
2023221347258,2023,221347258,1,1,1,1,19,4,3,0,0,0,0,0,9,8,E01013990,3,1,0.0,1.0,-1,6,40,4,1,1,08:27,1,1,9
2023302300833,2023,302300833,2,1,1,1,78,11,3,0,0,0,0,0,9,10,E01019413,-1,0,0.0619,0.9381,-1,6,40,1,1,1,17:35,1,2,9
202354A904823,2023,54A904823,1,1,1,1,59,9,3,0,0,0,0,0,9,2,E01032023,-1,0,0.03132,0.96868,-1,6,30,1,1,1,08:04,7,1,9
2023010428132,2023,010428132,1,1,3,1,33,6,2,1,1,0,0,0,0,3,E01001363,-1,0,1.0,0.0,-1,3,40,1,1,1,06:43,2,1,9
2023041379491,2023,041379491,1,1,1,2,51,8,2,0,0,0,0,0,9,9,E01007070,7,1,1.0,0.0,-1,3,70,2,1,5,09:52,2,1,9
2023421329594,2023,421329594,1,1,1,1,35,6,3,0,0,0,0,0,9,1,E01033207,3,1,0.0,1.0,-1,3,40,1,4,2,00:50,7,1,9
2023501344063,2023,501344063,1,2,2,1,22,5,3,0,0,2,0,0,9,7,E01019077,3,1,0.0,1.0,-1,6,60,1,6,2,12:00,5,1,9
2023221264208,2023,221264208,1,1,3,1,13,3,3,5,2,0,0,0,0,8,E01032349,3,1,0.0,1.0,-1,6,30,1,1,2,16:00,6,1,19
2023531294832,2023,531294832,1,1,3,1,54,8,2,8,1,0,0,0,0,4,E01022151,7,1,1.0,0.0,-1,6,30,1,1,1,14:30,7,1,9
2023010431443,2023,010431443,1,2,3,2,14,3,3,1,3,0,0,0,0,-1,-1,-1,0,0.0,1.0,-1,3,20,4,1,1,10:09,6,1,19
2023010484891,2023,010484891,1,1,3,1,9,2,3,5,3,0,0,0,0,5,E01000430,-1,0,0.0,1.0,-1,3,20,2,7,2,07:30,3,1,8
2023522300444,2023,522300444,1,1,1,2,31,6,3,0,0,0,0,0,1,4,E01014676,-1,0,0.01181,0.98819,-1,6,30,1,4,1,17:15,5,2,1
2023991356203,2023,991356203,2,1,1,1,53,8,2,0,0,0,0,0,1,-1,-1,7,1,1.0,0.0,-1,1,30,1,1,1,15:30,2,2,1
2023340WN1302,2023,340WN1302,3,1,1,2,57,9,3,0,0,0,0,0,9,2,E01027229,-1,0,0.06035,0.93965,-1,6,30,3,4,2,18:25,4,3,9
2023421278994,2023,421278994,1,2,1,1,37,7,3,0,0,0,0,0,9,3,E01002243,3,1,0.0,1.0,-1,6,60,1,6,1,19:27,3,2,9
2023991283942,2023,991283942,2,1,1,2,39,7,2,0,0,0,0,0,9,-1,-1,7,1,1.0,0.0,-1,6,60,6,1,3,07:30,3,2,9
2023010453257,2023,010453257,1,1,2,2,19,4,3,0,0,0,0,0,3,2,E01002493,-1,0,0.0,1.0,-1,6,20,2,4,2,01:27,4,2,3
2023131296426,2023,131296426,1,1,2,1,16,4,2,0,0,0,0,0,4,5,E01011124,7,1,1.0,0.0,-1,6,30,1,1,1,18:47,5,2,4
2023010440916,2023,010440916,1,1,3,1,13,3,3,1,1,0,0,0,0,6,E01003427,-1,0,0.0,1.0,-1,6,30,1,1,1,15:42,4,1,9
2023201395491,2023,201395491,1,1,3,1,-1,-1,3,6,9,0,0,2,0,-1,-1,3,1,0.0,1.0,-1,6,30,9,1,1,22:15,7,1,8
2023451309859,2023,451309859,2,1,1,1,63,9,2,0,0,0,0,0,5,8,E01000749,6,1,1.0,0.0,-1,6,50,1,1,1,12:25,1,2,5
2023501343649,2023,501343649,2,1,1,1,62,9,3,0,0,0,0,0,5,4,E01020321,3,1,0.0,1.0,-1,6,60,1,1,1,14:34,1,2,5
2023010454564,2023,010454564,1,1,1,1,29,6,3,0,0,0,0,0,3,10,E01003463,-1,0,0.0,1.0,-1,9,30,9,1,9,17:00,4,2,3
2023010477169,2023,010477169,1,1,1,-1,41,7,3,0,0,0,0,0,3,1,E01001979,-1,0,0.0,1.0,-1,9,20,9,1,9,15:20,4,2,3
2023610001323,2023,610001323,1,1,3,1,12,3,3,9,5,0,0,0,0,1,W01001687,-1,0,0.17488,0.82512,-1,6,30,1,1,2,15:43,3,1,9
2023010461267,2023,010461267,1,1,1,2,33,6,3,0,0,0,0,0,1,2,E01004284,-1,0,0.0,1.0,-1,6,30,1,1,1,18:45,6,2,1
2023430335846,2023,430335846,1,1,1,1,61,9,3,0,0,0,0,0,1,-1,-1,-1,0,0.07832,0.92168,-1,6,30,1,1,1,10:45,6,2,1
2023451331225,2023,451331225,1,1,1,1,35,6,3,0,0,0,0,0,5,3,E01016499,3,1,0.0,1.0,-1,6,30,1,1,1,17:40,4,1,5
2023411344640,2023,411344640,1,1,3,1,34,6,3,6,9,0,0,0,0,6,E01023855,3,1,0.0,1.0,-1,6,30,1,1,1,10:10,1,1,9
2023302301415,2023,302301415,3,1,1,1,60,9,2,0,0,0,0,0,1,6,E01013528,-1,0,1.0,0.0,-1,6,30,1,1,1,11:55,2,3,1
2023010446970,2023,010446970,3,3,2,2,27,6,3,0,0,1,0,0,9,5,E01003156,-1,0,0.0,1.0,-1,3,40,1,1,1,17:45,1,3,9
2023061260770,2023,061260770,2,2,1,1,29,6,3,0,0,0,0,0,9,1,E01004979,3,1,0.0,1.0,-1,6,30,1,4,2,21:54,7,2,9
2023010430737,2023,010430737,1,1,3,2,55,8,2,5,3,0,0,0,0,2,E01032805,-1,0,1.0,0.0,-1,6,20,2,4,2,18:18,2,1,9
2023010434298,2023,010434298,1,1,3,1,31,6,3,5,3,0,0,0,0,5,E01001962,-1,0,0.0,1.0,-1,6,20,2,4,2,06:30,1,1,9
2023010440536,2023,010440536,1,1,3,-1,79,11,2,10,9,0,0,0,0,1,E01002694,-1,0,1.0,0.0,-1,3,20,9,1,9,12:00,2,1,1
2023531359590,2023,531359590,2,1,1,1,19,4,3,0,0,0,0,0,1,10,E01022103,3,1,0.0,1.0,-1,6,30,1,1,1,14:15,4,2,1
2023501369679,2023,501369679,2,1,1,1,34,6,3,0,0,0,0,0,3,4,E01020328,3,1,0.0,1.0,-1,6,20,1,1,1,13:30,7,2,3
2023010429319,2023,010429319,1,1,1,1,47,8,2,0,0,0,0,0,9,9,E01021826,-1,0,1.0,0.0,-1,6,30,1,4,1,21:00,1,2,9
2023141359523,2023,141359523,1,1,1,2,32,6,3,0,0,0,0,0,9,1,E01019527,3,1,0.0,1.0,-1,3,40,1,1,1,19:08,4,2,9
2023302300635,2023,302300635,1,1,1,1,71,10,3,0,0,0,0,0,9,8,E01025892,-1,0,0.11777,0.88223,-1,6,50,1,1,1,14:12,4,2,9
2023340WN4172,2023,340WN4172,2,3,2,1,2,1,3,0,0,2,0,0,9,-1,-1,-1,0,0.00413,0.99587,-1,6,30,2,1,2,15:02,7,2,9
2023411315444,2023,411315444,1,1,1,2,91,11,3,0,0,0,0,0,9,6,E01023409,3,1,0.0,1.0,-1,9,20,1,1,1,09:16,5,2,9
2023501373074,2023,501373074,2,2,1,2,38,7,3,0,0,0,0,0,9,7,E01015250,3,1,0.0,1.0,-1,3,30,1,1,2,11:29,6,2,9
202360A144740,2023,60A144740,1,1,1,2,19,4,3,0,0,0,0,0,9,-1,-1,-1,0,0.20263,0.79737,-1,6,60,1,6,1,23:49,5,1,9
2023061300194,2023,061300194,1,1,3,2,49,8,3,5,3,0,0,-1,0,4,E01005298,3,1,0.0,1.0,-1,6,20,1,1,1,14:37,6,1,9
2023471292862,2023,471292862,1,1,3,2,52,8,2,8,1,0,0,0,0,5,E01031671,7,1,1.0,0.0,-1,1,30,1,1,1,14:45,7,1,9
2023351382337,2023,351382337,2,1,1,1,58,9,3,0,0,0,0,0,1,9,E01018054,3,1,0.0,1.0,-1,6,60,1,1,-1,14:30,5,2,1
2023520000786,2023,520000786,1,1,1,2,48,8,3,0,0,0,0,0,1,10,E01014460,-1,0,0.03702,0.96298,-1,6,30,1,1,1,09:41,1,2,1
2023010452959,2023,010452959,1,1,1,1,28,6,3,0,0,0,0,0,3,3,E01003431,-1,0,0.0,1.0,-1,9,30,1,1,1,13:55,1,2,3
2023052302987,2023,052302987,1,1,3,2,22,5,3,10,9,0,0,0,0,1,E01006696,-1,0,0.21857,0.78143,-1,6,30,1,4,1,19:34,6,1,9
2023070784684,2023,070784684,1,1,3,1,24,5,3,5,3,0,0,0,0,2,E01018364,-1,0,0.13252,0.86748,-1,3,30,1,1,1,06:58,3,1,9
2023311383307,2023,311383307,2,1,1,1,46,8,3,0,0,0,0,0,1,9,E01028099,3,1,0.0,1.0,-1,6,30,1,4,2,17:10,2,2,1
2023010432381,2023,010432381,1,1,1,1,36,7,2,0,0,0,0,0,3,3,E01003736,-1,0,1.0,0.0,-1,6,20,2,1,2,17:45,4,2,3
2023311384444,2023,311384444,1,1,1,2,44,7,3,0,0,0,0,0,3,1,E01028261,3,1,0.0,1.0,-1,6,30,8,1,1,13:14,4,2,3
2023010423821,2023,010423821,1,2,2,-1,-1,-1,3,0,0,1,0,0,9,5,E01003638,-1,0,0.0,1.0,-1,6,30,1,1,1,09:35,6,2,9
2023351324302,2023,351324302,2,1,1,2,50,8,3,0,0,0,0,0,9,5,E01015651,3,1,0.0,1.0,-1,6,40,1,1,-1,18:20,4,2,9
2023622300933,2023,622300933,1,1,1,2,39,7,3,0,0,0,0,0,9,2,W01000799,-1,0,0.03198,0.96802,-1,3,30,1,1,1,11:16,3,2,9
2023361383507,2023,361383507,2,2,1,1,55,8,3,0,0,0,0,0,9,6,E01026701,3,1,0.0,1.0,-1,6,30,1,6,4,06:27,4,2,9
2023451311919,2023,451311919,1,1,2,2,8,2,3,0,0,1,0,0,9,10,E01030584,3,1,0.0,1.0,-1,3,40,1,1,1,16:35,6,2,9
2023451362836,2023,451362836,1,1,1,1,52,8,3,0,0,0,0,0,9,9,E01003382,3,1,0.0,1.0,-1,6,60,1,1,1,11:10,7,2,9
2023991288781,2023,991288781,1,2,2,2,42,7,3,0,0,1,0,0,9,3,-1,3,1,0.0,1.0,-1,6,30,2,4,2,19:55,2,2,9
2023052300022,2023,052300022,2,2,1,1,24,5,3,0,0,0,0,0,9,9,E01006582,-1,0,0.03256,0.96744,-1,3,30,1,1,1,11:17,2,3,9
2023161382201,2023,161382201,2,1,1,1,18,4,3,0,0,0,0,0,9,6,E01012941,3,1,0.0,1.0,-1,3,30,1,4,1,21:09,5,2,9
2023522401054,2023,522401054,2,1,1,1,47,8,2,0,0,0,0,0,1,2,E01033352,-1,0,1.0,0.0,-1,6,20,1,7,1,16:00,4,2,1
2023461323840,2023,461323840,1,1,1,1,28,6,3,0,0,0,0,0,5,8,E01032812,3,1,0.0,1.0,-1,3,40,1,1,1,16:44,2,1,5
2023010453504,2023,010453504,1,3,3,2,38,7,2,10,9,0,0,0,0,-1,-1,-1,0,1.0,0.0,-1,6,20,1,1,1,09:54,5,1,9
2023010476479,2023,010476479,1,1,3,1,10,2,3,5,9,0,0,0,0,2,E01033737,-1,0,0.0,1.0,-1,6,30,1,1,9,15:20,2,1,9
2023471291524,2023,471291524,1,1,3,1,21,5,3,10,9,0,0,0,0,5,E01031378,3,1,0.0,1.0,-1,6,20,1,6,2,22:45,3,1,9
2023010483800,2023,010483800,3,2,2,1,45,7,3,0,0,1,0,0,9,9,E01015982,-1,0,0.0,1.0,-1,3,40,8,4,2,05:27,4,3,9
2023052300077,2023,052300077,1,1,1,1,43,7,2,0,0,0,0,0,9,1,E01006850,-1,0,1.0,0.0,-1,6,30,2,7,2,17:50,3,2,9
2023211337249,2023,211337249,1,1,1,1,60,9,3,0,0,0,0,0,9,3,E01010382,3,1,0.0,1.0,-1,6,40,1,1,1,16:01,3,2,9
2023520300500,2023,520300500,2,1,2,2,11,3,2,0,0,1,0,0,9,5,E01020127,-1,0,1.0,0.0,-1,3,60,8,1,2,10:55,7,2,9
2023101351126,2023,101351126,1,1,3,1,12,3,3,10,1,0,0,0,0,4,E01027523,3,1,0.0,1.0,-1,6,30,1,1,1,07:50,5,1,9
2023461380650,2023,461380650,2,1,3,2,80,11,2,6,9,0,0,0,0,6,E01024589,5,1,1.0,0.0,-1,6,30,1,1,1,09:49,5,4,9
2023010484021,2023,010484021,1,1,1,1,38,7,3,0,0,0,0,0,5,4,E01015957,-1,0,0.0,1.0,-1,3,70,2,7,2,07:10,4,2,5
2023501290643,2023,501290643,2,1,1,1,59,9,2,0,0,0,0,0,3,2,E01015218,7,1,1.0,0.0,-1,6,30,1,1,1,10:52,1,3,3
2023010431121,2023,010431121,1,1,1,1,18,4,3,0,0,0,0,0,2,4,E01000611,-1,0,0.0,1.0,-1,6,30,2,4,2,20:00,4,1,2
2023471293658,2023,471293658,1,1,3,1,-1,-1,3,5,2,0,0,0,0,-1,-1,3,1,0.0,1.0,-1,6,30,1,1,1,13:20,7,1,9
2023421271821,2023,421271821,2,1,2,2,22,5,3,0,0,2,0,0,9,7,E01015977,3,1,0.0,1.0,-1,1,40,1,4,1,18:39,4,2,9
202360A194182,2023,60A194182,1,1,1,2,21,5,3,0,0,0,0,0,9,-1,-1,-1,0,0.10393,0.89607,-1,3,30,1,4,1,17:30,1,1,9
2023991293002,2023,991293002,1,2,2,1,12,3,3,0,0,0,0,0,11,10,-1,3,1,0.0,1.0,-1,3,20,1,1,1,19:19,1,1,11
2023122301295,2023,122301295,1,1,1,1,28,6,3,0,0,0,0,0,1,3,E01013416,-1,0,0.06282,0.93718,-1,1,30,1,1,1,16:34,3,2,1
2023461310877,2023,461310877,1,1,1,1,33,6,3,0,0,0,0,0,3,-1,-1,3,1,0.0,1.0,-1,6,30,1,1,1,18:10,2,2,3
2023122301157,2023,122301157,2,2,2,2,67,10,2,0,0,0,0,0,5,6,E01027797,-1,0,1.0,0.0,-1,9,60,1,1,1,15:15,6,2,5
2023361337872,2023,361337872,1,1,3,2,58,9,3,10,9,0,0,0,0,6,E01027085,3,1,0.0,1.0,-1,6,20,1,1,1,15:18,3,1,9
2023440407313,2023,440407313,1,1,1,1,60,9,2,0,0,0,0,0,1,6,E01022679,-1,0,1.0,0.0,-1,6,30,1,1,1,08:10,5,1,1
2023031374115,2023,031374115,1,2,2,1,18,4,3,0,0,2,0,0,9,-1,-1,3,1,0.0,1.0,-1,6,60,2,1,2,15:10,2,1,9
2023061386507,2023,061386507,2,2,2,1,36,7,3,0,0,1,0,0,9,1,E01006016,3,1,0.0,1.0,-1,6,30,1,4,-1,20:40,6,2,9
2023141326388,2023,141326388,2,3,1,1,68,10,2,0,0,0,0,0,9,7,E01007552,7,1,1.0,0.0,-1,6,30,1,4,1,23:09,4,2,9
2023201393227,2023,201393227,3,2,1,1,57,9,3,0,0,0,0,0,9,1,E01010526,3,1,0.0,1.0,-1,6,30,1,1,1,19:10,6,3,9
2023471341414,2023,471341414,2,2,1,2,45,7,3,0,0,0,0,0,9,1,E01016867,3,1,0.0,1.0,-1,6,50,1,1,1,08:24,2,2,9
2023622300187,2023,622300187,2,2,1,1,35,6,3,0,0,0,0,0,1,3,W01001167,-1,0,0.06367,0.93633,-1,6,30,1,1,1,13:11,4,2,1
2023010438558,2023,010438558,1,1,1,1,35,6,3,0,0,0,0,0,1,-1,-1,-1,0,0.0,1.0,-1,9,20,9,4,9,21:30,7,2,1
2023061353935,2023,061353935,3,2,1,2,35,6,3,0,0,0,0,0,1,4,E01005296,3,1,0.0,1.0,-1,6,30,2,1,2,18:40,2,3,1
2023010484636,2023,010484636,2,1,1,1,17,4,3,0,0,0,0,0,3,2,E01001115,-1,0,0.0,1.0,-1,6,20,1,4,1,22:37,1,2,3
2023201278406,2023,201278406,1,2,3,2,13,3,3,5,1,0,0,0,0,5,E01009774,3,1,0.0,1.0,-1,6,30,1,1,1,16:17,6,1,9
2023010482370,2023,010482370,1,1,3,1,5,1,3,5,3,0,0,0,0,-1,-1,-1,0,0.0,1.0,-1,6,20,7,1,2,09:03,4,1,9
2023010459456,2023,010459456,1,1,3,1,52,8,3,9,9,0,0,0,0,3,E01033150,-1,0,0.0,1.0,-1,6,20,1,1,1,07:05,3,1,9
2023131269006,2023,131269006,1,1,3,2,35,6,3,4,1,0,0,2,0,5,E01011391,3,1,0.0,1.0,-1,6,30,1,4,1,16:55,6,1,9
2023411329392,2023,411329392,1,1,3,2,68,10,3,10,9,0,0,0,0,3,E01023958,3,1,0.0,1.0,-1,6,20,1,1,1,10:06,2,2,9
2023991328668,2023,991328668,3,1,1,1,53,8,3,0,0,0,0,0,1,10,-1,3,1,0.0,1.0,-1,6,60,1,1,1,11:20,7,7,1
2023010475186,2023,010475186,1,1,1,1,63,9,3,0,0,0,0,0,2,9,E01002025,-1,0,0.0,1.0,-1,6,20,1,4,2,18:57,3,2,2
2023440020796,2023,440020796,1,1,3,1,77,11,3,5,3,0,0,0,0,2,E01017149,-1,0,0.13441,0.86559,-1,6,30,1,1,1,12:30,2,1,8
2023311363018,2023,311363018,1,1,3,1,11,3,3,5,1,0,0,0,0,7,E01028323,3,1,0.0,1.0,-1,6,30,1,1,1,15:45,5,2,9
2023411344366,2023,411344366,2,1,1,1,22,5,3,0,0,0,0,0,3,6,E01023922,3,1,0.0,1.0,-1,1,60,1,1,1,17:10,3,2,3
2023471304102,2023,471304102,1,1,1,1,73,10,2,0,0,0,0,0,9,10,E01016930,5,1,1.0,0.0,-1,6,20,1,1,1,14:44,5,2,9
2023631340928,2023,631340928,1,2,1,2,18,4,3,0,0,0,0,0,9,4,W01000681,3,1,0.0,1.0,-1,6,30,5,1,2,08:30,7,1,9
2023010454133,2023,010454133,1,1,1,2,29,6,3,0,0,0,0,0,1,4,E01001883,-1,0,0.0,1.0,-1,6,20,1,1,1,13:10,1,4,1
2023131364917,2023,131364917,2,1,1,1,58,9,2,0,0,0,0,0,1,9,E01011880,7,1,1.0,0.0,-1,6,30,2,4,2,22:21,4,2,1
2023041316600,2023,041316600,1,1,1,1,32,6,2,0,0,0,0,0,3,1,E01025151,7,1,1.0,0.0,-1,6,60,1,1,1,19:55,4,1,3
2023052300655,2023,052300655,1,1,3,2,38,7,3,5,9,0,0,0,0,1,E01033763,-1,0,0.09768,0.90232,-1,6,30,1,1,1,17:00,1,1,9
2023010443950,2023,010443950,1,1,1,1,29,6,3,0,0,0,0,0,3,4,E01000609,-1,0,0.0,1.0,-1,6,30,9,1,9,17:00,6,2,3
2023451373507,2023,451373507,1,1,2,2,44,7,3,0,0,2,0,0,9,4,E01030383,3,1,0.0,1.0,-1,6,30,1,6,1,23:45,7,2,9
2023552301325,2023,552301325,2,1,1,2,68,10,3,0,0,0,0,0,9,10,E01020470,-1,0,0.06265,0.93735,-1,6,60,5,1,2,16:45,4,2,9
2023131311910,2023,131311910,2,1,1,1,55,8,3,0,0,0,0,0,1,7,E01011351,3,1,0.0,1.0,-1,6,30,1,1,1,07:05,5,2,1
2023501315666,2023,501315666,2,2,1,2,65,9,3,0,0,0,0,0,1,7,E01019955,3,1,0.0,1.0,-1,6,30,1,1,1,16:25,3,2,1
2023411340773,2023,411340773,1,1,1,2,39,7,3,0,0,0,0,0,3,7,E01023947,3,1,0.0,1.0,-1,6,30,1,1,1,19:20,4,2,3
2023131296967,2023,131296967,1,2,1,2,19,4,3,0,0,0,0,0,9,3,E01032550,3,1,0.0,1.0,-1,6,30,1,1,1,08:30,6,2,9
2023461276346,2023,461276346,2,1,1,2,48,8,3,0,0,0,0,0,9,2,E01024627,3,1,0.0,1.0,-1,6,40,1,1,1,14:10,6,2,9
2023461367550,2023,461367550,2,1,1,2,21,5,3,0,0,0,0,0,9,10,E01031734,3,1,0.0,1.0,-1,6,30,1,1,1,10:30,1,2,9
2023430108540,2023,430108540,1,1,1,2,21,5,2,0,0,0,0,0,3,4,E01017905,-1,0,1.0,0.0,-1,1,30,1,1,1,17:51,6,2,3
2023131347075,2023,131347075,2,1,1,1,44,7,3,0,0,0,0,0,1,10,E01010586,3,1,0.0,1.0,-1,6,30,1,1,1,06:50,5,2,1
2023631311146,2023,631311146,1,1,3,2,2,1,2,8,4,0,0,2,0,8,W01000439,7,1,1.0,0.0,-1,6,30,1,1,1,17:30,4,1,9
2023161390178,2023,161390178,1,1,3,2,39,7,3,1,3,0,0,0,0,2,E01012763,3,1,0.0,1.0,-1,6,30,1,4,1,07:30,7,1,9
2023010454521,2023,010454521,2,1,1,1,41,7,3,0,0,0,0,0,1,10,E01003805,-1,0,0.0,1.0,-1,6,20,1,1,1,07:20,3,3,1
2023010430529,2023,010430529,2,1,1,1,17,4,3,0,0,0,0,0,4,2,E01004471,-1,0,0.0,1.0,-1,6,20,1,1,1,16:00,1,2,4
2023010449316,2023,010449316,2,1,1,1,56,9,2,0,0,0,0,0,1,3,E01004037,-1,0,1.0,0.0,-1,6,20,1,1,1,19:30,5,2,1
2023010475256,2023,010475256,1,1,1,2,29,6,3,0,0,0,0,0,1,-1,-1,-1,0,0.0,1.0,-1,3,30,9,1,1,11:25,7,2,1
2023522301777,2023,522301777,1,1,1,1,38,7,3,0,0,0,0,0,1,5,E01014534,-1,0,0.04246,0.95754,-1,6,20,1,1,2,09:00,5,2,1
2023332300594,2023,332300594,1,1,3,2,11,3,3,1,1,0,0,0,0,1,E01013679,-1,0,0.0755,0.9245,-1,6,30,1,4,1,18:25,1,1,9
2023141392794,2023,141392794,3,4,2,2,47,8,2,0,0,1,0,0,9,1,E01007372,6,1,1.0,0.0,-1,6,60,5,1,2,12:45,5,4,9
2023161389527,2023,161389527,1,1,1,2,27,6,3,0,0,0,0,0,9,2,E01012886,3,1,0.0,1.0,-1,6,30,1,4,2,20:06,3,2,9
2023461371014,2023,461371014,1,1,1,1,34,6,3,0,0,0,0,0,19,4,E01024747,3,1,0.0,1.0,-1,6,40,1,1,2,12:16,7,1,19
2023440162123,2023,440162123,1,1,3,2,11,3,2,5,1,0,0,0,0,9,E01022564,-1,0,1.0,0.0,-1,6,20,1,1,1,15:50,3,1,20
2023320496283,2023,320496283,2,1,1,1,64,9,3,0,0,0,0,0,1,6,E01026120,-1,0,0.18563,0.81437,-1,6,30,1,1,1,18:40,5,2,1
2023161317228,2023,161317228,1,1,1,1,52,8,3,0,0,0,0,0,5,2,E01013332,3,1,0.0,1.0,-1,3,70,1,1,1,20:03,7,1,5
2023531330286,2023,531330286,2,1,1,1,61,9,3,0,0,0,0,0,5,10,E01022318,3,1,0.0,1.0,-1,3,60,1,1,1,09:45,2,2,5
2023461288815,2023,461288815,1,1,3,2,45,7,2,2,1,0,0,0,0,8,E01024564,7,1,1.0,0.0,-1,6,20,2,4,2,18:05,3,1,9
2023201326898,2023,201326898,1,1,1,1,34,6,2,0,0,0,0,0,4,6,E01010177,7,1,1.0,0.0,-1,6,30,1,1,1,13:52,7,2,4
2023430014201,2023,430014201,1,1,3,2,18,4,3,5,3,0,0,0,0,9,E01016773,-1,0,0.1708,0.8292,-1,3,40,2,7,2,18:00,3,1,9
2023440209931,2023,440209931,1,1,1,1,28,6,3,0,0,0,0,0,1,5,E01017024,-1,0,0.07656,0.92344,-1,6,30,1,1,1,12:17,7,2,1
2023010465167,2023,010465167,1,1,1,2,49,8,3,0,0,0,0,0,9,4,E01002593,-1,0,0.0,1.0,-1,6,30,1,1,1,16:39,1,2,9
2023122300297,2023,122300297,1,1,1,2,31,6,3,0,0,0,0,0,9,7,E01027821,-1,0,0.01531,0.98469,-1,6,60,3,1,3,09:30,2,2,9
2023131328770,2023,131328770,2,2,1,1,33,6,3,0,0,0,0,0,9,1,E01011363,3,1,0.0,1.0,-1,6,30,1,1,1,17:52,4,2,9
2023141284923,2023,141284923,1,1,1,1,43,7,3,0,0,0,0,0,9,-1,-1,3,1,0.0,1.0,-1,3,30,1,4,1,03:56,7,2,9