collision_index,collision_year,collision_ref_no,vehicle_reference,casualty_reference,casualty_class,sex_of_casualty,age_of_casualty,age_band_of_casualty,casualty_severity,pedestrian_location,pedestrian_movement,car_passenger,bus_or_coach_passenger,pedestrian_road_maintenance_worker,casualty_type,casualty_imd_decile,lsoa_of_casualty,enhanced_casualty_severity,casualty_injury_based,casualty_adjusted_severity_serious,casualty_adjusted_severity_slight,casualty_distance_banding,road_type,speed_limit,weather_conditions,light_conditions,road_surface_conditions,time,day_of_week,number_of_vehicles,vehicle_type
2023010469555,2023,010469555,1,1,3,2,44,7,3,1,9,0,0,0,0,1,E01002082,-1,0,0.0,1.0,-1,2,30,1,1,1,19:20,6,1,9
2023332300583,2023,332300583,2,1,1,1,18,4,3,0,0,0,0,0,5,4,E01025766,-1,0,0.08065,0.91935,-1,3,40,1,1,1,16:30,5,2,5
2023461345138,2023,461345138,3,2,1,2,60,9,2,0,0,0,0,0,9,7,E01002268,7,1,1.0,0.0,-1,3,70,1,1,1,18:29,1,3,9
2023041332423,2023,041332423,1,1,1,1,34,6,3,0,0,0,0,0,19,2,E01012654,3,1,0.0,1.0,-1,3,70,5,1,2,12:12,1,1,19
2023131278110,2023,131278110,1,1,3,1,21,5,3,1,1,0,0,1,0,1,E01011107,3,1,0.0,1.0,-1,6,30,1,4,1,18:19,1,1,9
2023201377554,2023,201377554,1,1,3,2,57,9,3,6,9,0,0,2,0,5,E01009211,3,1,0.0,1.0,-1,3,30,1,1,1,14:20,4,1,1
2023010463949,2023,010463949,2,2,1,2,23,5,3,0,0,0,0,0,9,1,E01001013,-1,0,0.0,1.0,-1,6,30,1,1,1,07:31,2,2,9
2023332300033,2023,332300033,2,1,1,1,57,9,3,0,0,0,0,0,9,6,E01025824,-1,0,0.0318,0.9682,-1,3,30,2,4,2,19:30,6,3,9
2023401388517,2023,401388517,1,1,1,1,17,4,3,0,0,0,0,0,9,4,E01015711,3,1,0.0,1.0,-1,6,30,2,4,2,18:38,4,2,9
2023311269567,2023,311269567,1,1,2,1,3,1,3,0,0,0,3,0,11,-1,-1,3,1,0.0,1.0,-1,6,30,1,1,1,14:30,1,1,11
2023411335860,2023,411335860,2,1,1,1,32,6,2,0,0,0,0,0,3,8,E01023627,6,1,1.0,0.0,-1,6,60,1,1,1,13:13,1,2,3
2023201293523,2023,201293523,1,2,2,1,26,6,3,0,0,1,0,0,9,2,E01010521,3,1,0.0,1.0,-1,3,30,1,1,1,16:08,6,2,9
2023451360837,2023,451360837,1,2,2,2,18,4,3,0,0,2,0,0,9,10,E01031735,3,1,0.0,1.0,-1,6,60,1,6,1,00:06,2,1,9
2023520000427,2023,520000427,1,1,1,1,47,8,3,0,0,0,0,0,9,6,E01014459,-1,0,0.04361,0.95639,-1,6,20,1,1,1,15:50,1,2,9
2023501342524,2023,501342524,1,2,2,2,18,4,3,0,0,1,0,0,9,3,E01018953,3,1,0.0,1.0,-1,9,60,1,1,1,13:42,3,2,9
2023520400585,2023,520400585,1,1,1,2,45,7,3,0,0,0,0,0,9,9,E01029076,-1,0,0.06192,0.93808,-1,6,60,2,1,2,16:28,4,2,9
2023010453616,2023,010453616,2,2,3,1,42,7,2,6,9,0,0,0,0,2,E01000867,-1,0,1.0,0.0,-1,6,20,1,1,1,18:20,5,3,9
2023131307582,2023,131307582,1,2,1,1,30,6,3,0,0,0,0,0,9,2,E01011865,3,1,0.0,1.0,-1,6,30,1,1,1,14:45,2,2,9
2023332300067,2023,332300067,2,2,1,1,27,6,3,0,0,0,0,0,9,-1,-1,-1,0,0.02217,0.97783,-1,6,30,8,4,4,01:01,1,2,9
2023461339482,2023,461339482,2,2,1,2,42,7,3,0,0,0,0,0,9,-1,-1,3,1,0.0,1.0,-1,6,30,2,1,2,14:37,1,2,9
2023461361863,2023,461361863,1,1,3,2,16,4,3,5,3,0,0,0,0,6,E01032653,3,1,0.0,1.0,-1,6,30,1,4,1,21:31,5,1,9
2023461394593,2023,461394593,1,1,3,2,54,8,2,10,3,0,0,0,0,10,E01024483,7,1,1.0,0.0,-1,6,30,9,7,1,07:36,4,1,9
2023010420753,2023,010420753,1,1,1,1,56,9,3,0,0,0,0,0,3,4,E01004652,-1,0,0.0,1.0,-1,9,20,2,1,2,13:05,3,2,3
2023010482341,2023,010482341,1,1,1,1,36,7,3,0,0,0,0,0,3,7,E01000275,-1,0,0.0,1.0,-1,6,20,1,1,1,12:30,4,2,3
2023010425689,2023,010425689,1,1,1,1,39,7,3,0,0,0,0,0,9,3,E01000062,-1,0,0.0,1.0,-1,6,30,8,1,1,13:20,2,2,9
2023302301805,2023,302301805,2,2,1,2,37,7,3,0,0,0,0,0,9,7,E01019460,-1,0,0.08925,0.91075,-1,6,50,1,6,1,06:14,6,3,9
2023421262473,2023,421262473,2,2,1,1,44,7,3,0,0,0,0,0,9,1,E01021703,3,1,0.0,1.0,-1,3,70,1,1,1,11:25,5,2,9
2023351320866,2023,351320866,2,1,1,2,57,9,3,0,0,0,0,0,19,6,E01018111,3,1,0.0,1.0,-1,6,30,1,1,-1,19:15,6,2,19
202354A804223,2023,54A804223,2,1,1,1,17,4,3,0,0,0,0,0,19,7,E01032015,-1,0,0.00761,0.99239,-1,3,40,1,1,1,16:33,3,2,19
2023421288259,2023,421288259,2,1,1,1,19,4,3,0,0,0,0,0,-1,8,E01021574,3,1,0.0,1.0,-1,6,30,1,4,2,18:57,7,2,-1
2023010435291,2023,010435291,2,1,1,1,53,8,3,0,0,0,0,0,1,2,E01003925,-1,0,0.0,1.0,-1,6,20,2,4,2,23:45,6,2,1
2023201319053,2023,201319053,2,1,1,1,18,4,3,0,0,0,0,0,1,2,E01009517,3,1,0.0,1.0,-1,6,30,1,5,1,23:00,1,2,1
2023430420215,2023,430420215,1,1,1,1,36,7,2,0,0,0,0,0,1,-1,-1,-1,0,1.0,0.0,-1,6,30,4,1,1,09:36,3,2,1
2023010443884,2023,010443884,1,1,1,1,38,7,3,0,0,0,0,0,3,6,E01033457,-1,0,0.0,1.0,-1,2,20,1,1,1,16:00,4,2,3
2023520300422,2023,520300422,1,1,1,2,26,6,3,0,0,0,0,0,3,2,E01029109,-1,0,0.03493,0.96507,-1,6,30,5,7,2,20:15,6,2,3
2023010456387,2023,010456387,3,2,1,1,37,7,2,0,0,0,0,0,4,5,E01001973,-1,0,1.0,0.0,-1,6,30,1,1,1,20:42,5,3,4
2023302300458,2023,302300458,2,1,2,2,67,10,2,0,0,1,0,0,9,5,E01019611,-1,0,1.0,0.0,-1,6,30,2,4,2,20:05,2,2,9
2023552400041,2023,552400041,1,1,3,2,80,11,3,8,3,0,0,0,0,7,E01020546,-1,0,0.15272,0.84728,-1,6,30,1,1,1,16:35,5,1,9
2023052300927,2023,052300927,1,1,1,2,25,5,3,0,0,0,0,0,9,7,E01007066,-1,0,0.03722,0.96278,-1,3,30,1,1,1,18:50,7,2,9
2023122300549,2023,122300549,1,3,2,1,20,4,2,0,0,2,0,0,9,6,E01011607,-1,0,1.0,0.0,-1,6,60,1,6,1,21:15,1,1,9
2023010434248,2023,010434248,1,1,3,1,57,9,3,4,1,0,0,0,0,4,E01000475,-1,0,0.0,1.0,-1,6,30,1,4,1,21:35,7,1,9
2023010483431,2023,010483431,2,1,1,1,53,8,2,0,0,0,0,0,1,3,E01001752,-1,0,1.0,0.0,-1,6,30,1,4,1,19:00,2,2,1
2023010456572,2023,010456572,2,1,1,1,29,6,2,0,0,0,0,0,3,-1,-1,-1,0,1.0,0.0,-1,1,30,1,1,1,20:15,6,2,3
2023010467874,2023,010467874,1,1,2,2,60,9,3,0,0,2,0,0,8,1,E01004702,-1,0,0.0,1.0,-1,6,30,9,1,1,11:23,6,1,8
2023501332448,2023,501332448,1,1,1,1,38,7,3,0,0,0,0,0,9,4,E01026982,3,1,0.0,1.0,-1,6,60,1,1,1,14:41,1,2,9
2023010450599,2023,010450599,2,2,1,1,63,9,3,0,0,0,0,0,9,9,E01000751,-1,0,0.0,1.0,-1,6,30,1,4,1,21:10,4,2,9
2023010474406,2023,010474406,1,2,2,1,30,6,3,0,0,1,0,0,9,5,E01033573,-1,0,0.0,1.0,-1,3,40,1,1,1,17:30,6,2,9
2023421295452,2023,421295452,2,1,1,1,28,6,2,0,0,0,0,0,9,5,E01032802,7,1,1.0,0.0,-1,6,30,1,1,1,09:00,4,3,9
2023430296497,2023,430296497,2,1,1,1,48,8,3,0,0,0,0,0,9,10,E01028789,-1,0,0.00425,0.99575,-1,6,20,1,1,2,08:16,3,2,9
2023501350857,2023,501350857,1,1,1,1,18,4,3,0,0,0,0,0,9,8,E01020110,3,1,0.0,1.0,-1,6,40,1,6,1,03:47,3,1,9
2023430461272,2023,430461272,2,1,1,1,34,6,3,0,0,0,0,0,1,2,E01028520,-1,0,0.11866,0.88134,-1,6,30,2,1,2,13:38,6,2,1
2023010458005,2023,010458005,1,1,1,1,30,6,3,0,0,0,0,0,3,7,E01021797,-1,0,0.0,1.0,-1,9,30,1,1,1,15:00,6,2,3
2023010456737,2023,010456737,1,2,2,2,6,2,3,0,0,2,0,0,9,6,E01003711,-1,0,0.0,1.0,-1,6,30,2,4,2,22:16,7,2,9
2023061343059,2023,061343059,2,1,1,2,37,7,3,0,0,0,0,0,9,5,E01005040,3,1,0.0,1.0,-1,6,30,1,1,1,16:50,1,2,9
2023122300213,2023,122300213,1,1,1,1,68,10,3,0,0,0,0,0,9,10,E01013379,-1,0,0.05586,0.94414,-1,6,30,1,1,1,12:00,5,2,9
2023141314380,2023,141314380,2,1,1,2,42,7,3,0,0,0,0,0,9,-1,-1,3,1,0.0,1.0,-1,6,30,1,4,1,00:10,7,3,9
2023221342224,2023,221342224,2,2,2,2,36,7,3,0,0,1,0,0,9,7,E01032967,3,1,0.0,1.0,-1,3,70,1,1,1,14:00,6,2,9
2023401327837,2023,401327837,2,1,1,1,25,5,3,0,0,0,0,0,9,9,E01022060,3,1,0.0,1.0,-1,9,60,2,1,-1,17:10,3,2,9
2023501304631,2023,501304631,1,1,2,2,28,6,2,0,0,-1,0,0,9,3,E01018950,7,1,1.0,0.0,-1,6,40,2,1,2,10:49,7,1,9
2023041380123,2023,041380123,2,1,1,1,63,9,3,0,0,0,0,0,1,6,E01025433,3,1,0.0,1.0,-1,6,30,1,6,2,17:11,3,2,1
2023010466419,2023,010466419,1,1,1,1,21,5,3,0,0,0,0,0,3,3,E01001488,-1,0,0.0,1.0,-1,9,20,1,1,1,16:56,3,2,3
2023010461255,2023,010461255,1,1,1,1,47,8,3,0,0,0,0,0,5,2,E01004400,-1,0,0.0,1.0,-1,6,20,1,1,1,14:15,6,2,5
2023320014083,2023,320014083,1,1,1,1,88,11,3,0,0,0,0,0,9,9,E01026320,-1,0,0.10338,0.89662,-1,1,30,1,1,2,15:40,7,1,9
2023461311217,2023,461311217,1,1,1,2,22,5,2,0,0,0,0,0,9,6,E01024303,7,1,1.0,0.0,-1,3,70,1,1,1,13:00,2,2,9
2023122300171,2023,122300171,1,1,1,1,55,8,2,0,0,0,0,0,21,-1,-1,-1,0,1.0,0.0,-1,3,70,4,1,1,07:50,4,1,21
2023451338320,2023,451338320,1,1,3,2,78,11,2,8,1,0,0,0,0,10,E01022705,7,1,1.0,0.0,-1,2,30,1,1,1,14:25,6,1,19
2023351286552,2023,351286552,2,1,1,1,-1,-1,3,0,0,0,0,0,1,-1,-1,3,1,0.0,1.0,-1,6,60,1,1,1,09:26,7,2,1
2023991258755,2023,991258755,2,1,1,2,26,6,3,0,0,0,0,0,9,8,-1,3,1,0.0,1.0,-1,6,60,1,6,2,17:20,1,3,9
2023010466697,2023,010466697,1,1,1,1,24,5,3,0,0,0,0,0,97,5,E01001471,-1,0,0.0,1.0,-1,2,20,2,1,2,08:20,2,2,97
2023351315290,2023,351315290,2,1,1,2,38,7,3,0,0,0,0,0,9,10,E01018222,3,1,0.0,1.0,-1,7,60,1,1,1,13:00,7,2,9
2023471295367,2023,471295367,1,1,2,2,-1,-1,3,0,0,0,3,0,11,4,E01016925,3,1,0.0,1.0,-1,6,20,1,1,2,14:03,5,1,11
2023411337924,2023,411337924,2,1,1,1,29,6,2,0,0,0,0,0,1,6,E01023751,7,1,1.0,0.0,-1,6,30,1,4,1,22:43,5,2,1
2023010442302,2023,010442302,1,1,1,1,35,6,3,0,0,0,0,0,3,4,E01001724,-1,0,0.0,1.0,-1,6,20,1,1,1,16:00,3,2,3
2023440019048,2023,440019048,2,1,2,2,56,9,3,0,0,1,0,0,9,6,E01023121,-1,0,0.05466,0.94534,-1,3,60,1,1,1,12:33,1,4,9
2023631345605,2023,631345605,1,2,2,1,29,6,3,0,0,1,0,0,9,9,W01001294,3,1,0.0,1.0,-1,6,60,1,1,1,15:45,6,1,9
2023461263901,2023,461263901,2,1,1,1,35,6,3,0,0,0,0,0,1,1,E01024148,3,1,0.0,1.0,-1,6,30,2,1,2,08:31,3,2,1
2023351317685,2023,351317685,2,1,1,1,51,8,3,0,0,0,0,0,9,6,E01018208,3,1,0.0,1.0,-1,6,60,1,1,1,07:20,5,2,9
2023531263435,2023,531263435,1,1,1,2,28,6,2,0,0,0,0,0,9,4,E01032936,7,1,1.0,0.0,-1,1,30,1,4,1,00:55,1,1,9
202360A085969,2023,60A085969,1,1,1,1,17,4,3,0,0,0,0,0,4,-1,-1,-1,0,0.10994,0.89006,-1,6,30,1,1,1,17:30,2,2,4
2023052302502,2023,052302502,1,1,3,2,55,8,2,9,9,0,0,0,0,1,E01006426,-1,0,1.0,0.0,-1,6,30,9,1,1,17:20,5,1,8
2023141370747,2023,141370747,1,1,3,1,41,7,3,1,1,0,0,0,0,-1,-1,3,1,0.0,1.0,-1,3,30,2,4,2,20:58,7,1,9
2023421292625,2023,421292625,1,1,3,2,40,7,3,5,1,0,0,0,0,7,E01021679,3,1,0.0,1.0,-1,6,40,2,4,2,04:15,6,1,9
2023031387451,2023,031387451,1,1,2,2,13,3,3,0,0,1,0,0,9,-1,-1,3,1,0.0,1.0,-1,6,60,2,1,2,15:20,3,2,9
2023231377970,2023,231377970,2,1,1,2,54,8,3,0,0,0,0,0,9,5,E01031016,3,1,0.0,1.0,-1,1,70,1,1,1,10:14,3,2,9
2023501331380,2023,501331380,2,1,1,1,38,7,3,0,0,0,0,0,1,5,E01018943,3,1,0.0,1.0,-1,6,60,1,1,1,06:40,4,2,1
2023010449562,2023,010449562,2,1,1,1,31,6,3,0,0,0,0,0,3,7,E01002161,-1,0,0.0,1.0,-1,6,30,1,1,1,13:00,6,2,3
2023430177031,2023,430177031,1,1,1,1,33,6,3,0,0,0,0,0,9,5,E01016594,-1,0,0.00671,0.99329,-1,6,30,2,1,2,18:42,5,2,9
2023471388385,2023,471388385,2,2,2,2,36,7,3,0,0,2,0,0,9,3,E01031444,3,1,0.0,1.0,-1,6,50,1,1,2,16:10,5,4,9
2023991367840,2023,991367840,2,4,1,1,24,5,3,0,0,0,0,0,9,1,-1,3,1,0.0,1.0,-1,3,70,1,4,1,20:40,6,2,9
2023131372692,2023,131372692,2,1,1,1,22,5,2,0,0,0,0,0,90,1,E01011677,6,1,1.0,0.0,-1,6,30,1,4,1,18:22,6,2,90
2023201378605,2023,201378605,1,1,3,1,35,6,2,1,1,0,0,0,0,3,E01009294,7,1,1.0,0.0,-1,3,30,1,1,1,15:50,5,1,9
2023401315071,2023,401315071,1,1,3,1,60,9,3,10,9,0,0,0,0,9,E01017428,3,1,0.0,1.0,-1,6,20,1,1,1,12:37,3,1,9
2023501330437,2023,501330437,2,1,1,1,15,3,3,0,0,0,0,0,1,7,E01015036,3,1,0.0,1.0,-1,6,30,2,1,2,11:30,1,2,1
2023010430279,2023,010430279,1,1,1,1,26,6,3,0,0,0,0,0,3,4,E01001247,-1,0,0.0,1.0,-1,9,20,9,1,1,15:40,5,2,3
2023501334226,2023,501334226,2,1,1,1,34,6,3,0,0,0,0,0,3,2,E01015026,3,1,0.0,1.0,-1,6,30,1,1,1,14:16,5,2,3
2023101352354,2023,101352354,2,1,1,1,38,7,3,0,0,0,0,0,9,1,E01008641,3,1,0.0,1.0,-1,6,30,1,1,1,20:48,2,2,9
2023101354438,2023,101354438,2,2,2,2,11,3,2,0,0,2,0,0,9,1,E01033076,7,1,1.0,0.0,-1,6,30,1,1,1,12:50,7,2,9
2023991281513,2023,991281513,1,1,1,1,35,6,3,0,0,0,0,0,3,-1,-1,3,1,0.0,1.0,-1,1,30,1,4,1,19:15,3,2,3
2023501346895,2023,501346895,1,1,1,1,20,4,3,0,0,0,0,0,4,3,E01018950,3,1,0.0,1.0,-1,6,30,1,1,1,12:00,6,1,4
2023141325458,2023,141325458,1,1,1,2,48,8,3,0,0,0,0,0,9,-1,-1,3,1,0.0,1.0,-1,6,60,8,1,2,17:34,2,2,9
2023141377221,2023,141377221,2,2,2,2,65,9,3,0,0,1,0,0,9,-1,-1,3,1,0.0,1.0,-1,6,30,2,4,2,06:27,3,2,9
2023201261491,2023,201261491,2,2,1,1,57,9,3,0,0,0,0,0,9,1,E01009147,3,1,0.0,1.0,-1,3,40,1,1,1,12:50,2,2,9
2023211319337,2023,211319337,2,1,1,1,46,8,3,0,0,0,0,0,19,9,E01029375,3,1,0.0,1.0,-1,6,50,1,1,1,14:30,5,4,19
2023010436192,2023,010436192,1,1,1,1,40,7,2,0,0,0,0,0,-1,3,E01001045,-1,0,1.0,0.0,-1,6,30,9,4,9,00:00,4,1,-1
2023010459320,2023,010459320,1,1,1,1,23,5,3,0,0,0,0,0,3,8,E01021436,-1,0,0.0,1.0,-1,6,20,1,1,1,18:40,6,2,3
2023010454418,2023,010454418,1,1,1,1,56,9,3,0,0,0,0,0,9,2,E01003542,-1,0,0.0,1.0,-1,6,20,1,1,1,17:10,2,2,9
2023061359553,2023,061359553,2,1,1,2,44,7,3,0,0,0,0,0,9,2,E01004813,3,1,0.0,1.0,-1,6,30,1,4,1,19:45,4,2,9
2023201291781,2023,201291781,1,3,2,2,12,3,3,0,0,2,0,0,9,1,E01032888,3,1,0.0,1.0,-1,3,30,1,4,1,21:30,6,2,9
2023010454134,2023,010454134,1,1,2,1,44,7,3,0,0,0,3,0,11,-1,-1,-1,0,0.0,1.0,-1,6,30,1,1,1,07:15,1,1,11
2023421354729,2023,421354729,1,11,2,2,13,3,3,0,0,0,4,0,11,8,E01022071,3,1,0.0,1.0,-1,6,60,1,1,1,08:16,5,2,11
2023201408319,2023,201408319,1,1,1,-1,27,6,3,0,0,0,0,0,9,9,E01031268,3,1,0.0,1.0,-1,6,30,1,6,1,04:16,6,1,9
2023111266873,2023,111266873,1,1,1,1,12,3,3,0,0,0,0,0,1,3,E01012307,3,1,0.0,1.0,-1,6,30,1,1,2,12:15,5,2,1
2023010441375,2023,010441375,2,1,1,2,55,8,3,0,0,0,0,0,1,9,E01003806,-1,0,0.0,1.0,-1,6,20,1,4,1,17:50,6,2,1
2023010431661,2023,010431661,1,1,1,2,24,5,3,0,0,0,0,0,9,10,E01002917,-1,0,0.0,1.0,-1,6,20,2,4,2,18:20,7,3,9
2023411341824,2023,411341824,1,2,2,2,88,11,1,0,0,1,0,0,9,10,E01023749,1,1,0.0,0.0,-1,1,70,1,1,1,13:20,5,1,9
2023440446491,2023,440446491,2,2,1,2,65,9,3,0,0,0,0,0,9,10,E01023193,-1,0,0.07192,0.92808,-1,6,40,5,1,2,09:26,4,2,9
2023622300633,2023,622300633,2,3,2,1,6,2,3,0,0,1,0,0,9,5,W01000764,-1,0,0.01108,0.98892,-1,6,30,2,1,2,12:17,1,2,9
2023131361172,2023,131361172,1,1,1,1,74,10,3,0,0,0,0,0,19,4,E01011909,3,1,0.0,1.0,-1,6,30,1,1,1,12:05,2,2,19
2023371308499,2023,371308499,1,1,3,1,82,11,3,1,1,0,0,0,0,6,E01030005,3,1,0.0,1.0,-1,6,30,1,1,1,12:46,4,1,9
2023481359391,2023,481359391,2,1,1,2,35,6,3,0,0,0,0,0,1,-1,-1,3,1,0.0,1.0,-1,6,20,1,1,1,17:55,4,2,1
2023061392126,2023,061392126,2,4,2,2,15,3,3,0,0,2,0,0,9,-1,-1,3,1,0.0,1.0,-1,6,30,2,4,2,15:40,2,2,9
2023332300543,2023,332300543,2,1,1,1,53,8,3,0,0,0,0,0,9,8,E01025830,-1,0,0.02581,0.97419,-1,3,70,1,1,1,07:40,3,2,9
2023411393885,2023,411393885,1,1,1,1,18,4,3,0,0,0,0,0,9,7,E01023935,3,1,0.0,1.0,-1,6,60,1,4,1,01:20,5,2,9
2023501353894,2023,501353894,2,1,1,1,67,10,3,0,0,0,0,0,9,-1,-1,3,1,0.0,1.0,-1,1,40,2,1,2,10:07,7,2,9
2023010478101,2023,010478101,1,1,1,1,49,8,3,0,0,0,0,0,19,9,E01009727,-1,0,0.0,1.0,-1,6,20,8,1,2,09:00,4,2,19
2023122300064,2023,122300064,1,2,2,1,19,4,3,0,0,0,0,0,19,-1,-1,-1,0,0.05146,0.94854,-1,9,60,5,6,2,17:10,5,2,19
2023520301586,2023,520301586,2,2,1,1,33,6,3,0,0,0,0,0,20,7,E01029166,-1,0,0.02727,0.97273,-1,3,70,1,1,1,15:08,3,2,20
2023231283717,2023,231283717,1,2,3,1,1,1,3,6,9,0,0,0,0,-1,-1,3,1,0.0,1.0,-1,6,30,1,1,2,08:30,4,1,9
2023010468016,2023,010468016,2,1,1,1,29,6,3,0,0,0,0,0,1,7,E01023913,-1,0,0.0,1.0,-1,3,20,1,1,1,17:15,1,2,1
2023332300170,2023,332300170,2,1,1,1,23,5,3,0,0,0,0,0,1,2,E01013688,-1,0,0.02727,0.97273,-1,6,30,1,1,1,16:00,1,2,1
2023461281437,2023,461281437,1,1,1,1,63,9,3,0,0,0,0,0,5,2,E01024505,3,1,0.0,1.0,-1,6,30,1,1,2,15:30,4,1,5
2023111340162,2023,111340162,1,1,1,2,46,8,3,0,0,0,0,0,9,4,E01012356,3,1,0.0,1.0,-1,6,30,1,1,1,19:11,3,2,9
2023501290355,2023,501290355,1,1,3,1,15,3,3,5,1,0,0,0,0,-1,-1,3,1,0.0,1.0,-1,6,60,1,1,1,15:40,6,1,9
2023010470034,2023,010470034,2,1,1,1,42,7,3,0,0,0,0,0,3,2,E01004001,-1,0,0.0,1.0,-1,6,30,1,4,1,04:35,5,2,3
2023320733239,2023,320733239,1,1,1,2,42,7,3,0,0,0,0,0,9,8,E01026400,-1,0,0.05519,0.94481,-1,6,50,2,6,2,16:10,2,2,9
2023351287721,2023,351287721,1,1,1,1,52,8,2,0,0,0,0,0,9,9,E01018124,6,1,1.0,0.0,-1,3,70,1,1,5,06:51,6,1,9
2023471260921,2023,471260921,1,1,1,1,41,7,2,0,0,0,0,0,9,4,E01031553,7,1,1.0,0.0,-1,6,60,2,6,2,22:02,1,2,9
2023991387450,2023,991387450,2,2,2,2,85,11,3,0,0,1,0,0,9,10,-1,3,1,0.0,1.0,-1,6,30,1,4,2,20:24,3,2,9
2023201285332,2023,201285332,2,1,1,2,43,7,3,0,0,0,0,0,9,2,E01010260,3,1,0.0,1.0,-1,3,30,1,1,1,08:16,3,2,9
2023451372086,2023,451372086,1,1,1,1,76,11,2,0,0,0,0,0,9,9,E01031728,6,1,1.0,0.0,-1,3,70,1,4,1,18:30,1,1,9
2023531365466,2023,531365466,1,2,1,1,19,4,3,0,0,0,0,0,9,8,E01022313,3,1,0.0,1.0,-1,6,30,1,4,1,19:21,1,2,9
2023440461903,2023,440461903,1,1,1,1,20,4,3,0,0,0,0,0,1,5,E01023201,-1,0,0.10706,0.89294,-1,6,30,1,4,1,18:29,7,2,1
2023231311303,2023,231311303,2,1,1,1,62,9,1,0,0,0,0,0,5,7,E01031194,1,1,0.0,0.0,-1,6,40,1,1,1,19:37,1,2,5
2023010424193,2023,010424193,1,2,2,1,60,9,3,0,0,2,0,0,9,3,E01003720,-1,0,0.0,1.0,-1,6,30,1,1,1,16:04,1,2,9
2023041316927,2023,041316927,1,2,2,1,80,11,3,0,0,1,0,0,9,6,E01025315,3,1,0.0,1.0,-1,6,20,1,1,1,17:38,6,4,9
2023041391129,2023,041391129,1,1,1,1,83,11,3,0,0,0,0,0,9,7,E01025585,3,1,0.0,1.0,-1,6,30,5,1,2,12:50,5,1,9
2023071058254,2023,071058254,2,1,1,2,19,4,3,0,0,0,0,0,9,6,E01018722,-1,0,0.01174,0.98826,-1,6,30,1,1,1,16:00,5,2,9
2023131299216,2023,131299216,2,1,2,1,5,1,3,0,0,2,0,0,9,1,E01011816,3,1,0.0,1.0,-1,6,30,1,1,1,15:30,5,2,9
2023546006723,2023,546006723,2,3,2,1,11,3,3,0,0,2,0,0,9,9,E01031847,-1,0,0.06296,0.93704,-1,6,60,1,1,1,15:24,5,2,9
2023201283681,2023,201283681,1,1,1,1,41,7,2,0,0,0,0,0,5,9,E01010346,6,1,1.0,0.0,-1,6,30,1,1,1,06:24,1,2,5
2023010432008,2023,010432008,1,1,1,1,46,8,3,0,0,0,0,0,9,3,E01001238,-1,0,0.0,1.0,-1,9,20,1,1,1,13:35,2,2,9
2023041393451,2023,041393451,2,2,1,1,48,8,3,0,0,0,0,0,9,5,E01025543,3,1,0.0,1.0,-1,6,30,1,5,2,22:41,7,2,9
2023451272093,2023,451272093,3,3,1,1,39,7,3,0,0,0,0,0,9,8,E01030860,3,1,0.0,1.0,-1,7,70,1,4,1,17:00,5,3,9
2023451353230,2023,451353230,1,1,1,1,63,9,3,0,0,0,0,0,9,6,E01030586,3,1,0.0,1.0,-1,3,70,1,1,1,17:50,7,2,9
2023991268426,2023,991268426,1,2,2,1,64,9,3,0,0,1,0,0,9,1,-1,3,1,0.0,1.0,-1,3,50,1,1,1,13:43,4,3,9
2023501342855,2023,501342855,1,1,1,1,44,7,3,0,0,0,0,0,19,2,E01020103,3,1,0.0,1.0,-1,6,60,1,1,1,16:45,5,2,19
2023991445470,2023,991445470,1,1,3,2,24,5,2,5,3,0,0,0,0,9,-1,7,1,1.0,0.0,-1,6,30,1,4,2,19:02,5,1,9
2023010472812,2023,010472812,1,1,1,1,27,6,3,0,0,0,0,0,1,2,E01004010,-1,0,0.0,1.0,-1,2,20,1,1,2,12:00,4,2,1
2023451277702,2023,451277702,1,1,1,1,53,8,2,0,0,0,0,0,9,8,E01030479,7,1,1.0,0.0,-1,6,40,1,1,2,16:00,6,1,9
2023451327446,2023,451327446,3,4,1,1,71,10,3,0,0,0,0,0,9,5,E01024640,3,1,0.0,1.0,-1,3,70,1,1,2,11:50,6,3,9
2023061363978,2023,061363978,3,13,2,2,72,10,2,0,0,0,4,0,11,8,E01024939,7,1,1.0,0.0,-1,6,30,1,1,1,13:20,3,3,11
2023371352557,2023,371352557,2,1,1,1,33,6,3,0,0,0,0,0,1,8,E01021375,3,1,0.0,1.0,-1,6,30,1,1,1,14:00,5,2,1
2023041344500,2023,041344500,1,1,1,1,20,4,3,0,0,0,0,0,3,6,E01025401,3,1,0.0,1.0,-1,6,60,1,1,1,18:30,3,1,3
2023161261006,2023,161261006,1,1,1,1,22,5,3,0,0,0,0,0,3,1,E01012761,3,1,0.0,1.0,-1,6,60,4,1,2,08:00,2,1,3
2023122300687,2023,122300687,1,1,1,1,74,10,3,0,0,0,0,0,5,7,E01026267,-1,0,0.19783,0.80217,-1,3,70,1,1,1,14:20,6,2,5
2023041391189,2023,041391189,1,1,1,1,44,7,3,0,0,0,0,0,9,3,E01025442,3,1,0.0,1.0,-1,1,70,1,4,2,21:40,1,1,9
2023231341338,2023,231341338,2,2,1,1,20,4,3,0,0,0,0,0,9,-1,-1,3,1,0.0,1.0,-1,6,60,1,1,1,19:27,4,4,9
202360A034358,2023,60A034358,2,1,2,2,24,5,3,0,0,1,0,0,9,-1,-1,-1,0,0.04341,0.95659,-1,6,30,3,1,3,07:46,5,2,9