collision_index,collision_year,collision_ref_no,vehicle_reference,casualty_reference,casualty_class,sex_of_casualty,age_of_casualty,age_band_of_casualty,casualty_severity,pedestrian_location,pedestrian_movement,car_passenger,bus_or_coach_passenger,pedestrian_road_maintenance_worker,casualty_type,casualty_imd_decile,lsoa_of_casualty,enhanced_casualty_severity,casualty_injury_based,casualty_adjusted_severity_serious,casualty_adjusted_severity_slight,casualty_distance_banding,road_type,speed_limit,weather_conditions,light_conditions,road_surface_conditions,time,day_of_week,number_of_vehicles,vehicle_type
2023010469068,2023,010469068,2,1,1,1,52,8,3,0,0,0,0,0,2,10,E01000841,-1,0,0.0,1.0,-1,6,30,1,1,1,17:59,6,3,2
2023010428950,2023,010428950,1,1,1,2,30,6,3,0,0,0,0,0,3,4,E01001618,-1,0,0.0,1.0,-1,3,20,1,1,1,13:03,6,2,3
2023320743740,2023,320743740,1,1,1,1,33,6,3,0,0,0,0,0,9,2,E01026111,-1,0,0.06409,0.93591,-1,6,30,2,4,4,20:45,7,1,9
2023440491894,2023,440491894,1,1,1,1,26,6,2,0,0,0,0,0,9,6,E01022911,-1,0,1.0,0.0,-1,6,20,1,4,1,18:43,6,2,9
2023131282871,2023,131282871,1,1,3,1,13,3,2,5,3,0,0,1,0,1,E01011474,7,1,1.0,0.0,-1,6,30,1,4,1,19:45,6,1,9
2023061260771,2023,061260771,1,2,2,2,26,6,3,0,0,2,0,0,8,1,E01005729,3,1,0.0,1.0,-1,3,30,2,4,2,03:05,1,3,8
2023131370723,2023,131370723,1,1,2,1,1,1,3,0,0,2,0,0,9,1,E01011354,3,1,0.0,1.0,-1,9,30,2,4,2,17:30,7,2,9
2023221274597,2023,221274597,1,1,1,2,36,7,3,0,0,0,0,0,9,9,E01032178,3,1,0.0,1.0,-1,6,60,1,1,1,15:55,4,2,9
2023052301555,2023,052301555,1,1,3,1,12,3,3,10,1,0,0,0,0,5,E01006593,-1,0,0.12554,0.87446,-1,6,20,1,1,1,09:00,5,1,9
2023421301800,2023,421301800,1,1,3,1,13,3,2,5,3,0,0,0,0,-1,-1,7,1,1.0,0.0,-1,6,30,1,1,1,16:26,4,1,9
2023501345867,2023,501345867,1,1,3,1,76,11,3,5,1,0,0,0,0,4,E01019057,3,1,0.0,1.0,-1,6,30,1,1,1,10:33,6,1,9
2023141275188,2023,141275188,1,1,1,1,35,6,3,0,0,0,0,0,1,2,E01007656,3,1,0.0,1.0,-1,6,30,1,1,1,17:10,7,2,1
2023440495755,2023,440495755,2,1,1,1,36,7,3,0,0,0,0,0,1,9,E01030768,-1,0,0.06665,0.93335,-1,6,30,2,4,2,21:10,2,2,1
2023131299359,2023,131299359,2,1,1,1,23,5,3,0,0,0,0,0,3,1,E01010826,3,1,0.0,1.0,-1,6,30,1,1,1,16:30,5,2,3
2023041317174,2023,041317174,2,4,2,1,38,7,3,0,0,1,0,0,9,2,E01025245,3,1,0.0,1.0,-1,3,40,1,1,1,17:53,7,2,9
2023122301164,2023,122301164,2,1,1,2,37,7,3,0,0,0,0,0,9,-1,-1,-1,0,0.03673,0.96327,-1,3,70,2,1,2,08:20,5,4,9
2023430500644,2023,430500644,1,1,3,1,57,9,2,5,1,0,0,0,0,9,E01016196,-1,0,1.0,0.0,-1,6,30,1,1,1,11:13,3,1,9
2023010436326,2023,010436326,1,1,1,1,26,6,2,0,0,0,0,0,4,2,E01000628,-1,0,1.0,0.0,-1,6,30,1,1,1,10:50,6,2,4
2023131268506,2023,131268506,2,1,2,1,62,9,3,0,0,0,0,0,8,8,E01011203,3,1,0.0,1.0,-1,3,30,1,4,1,21:40,4,2,8
2023545060223,2023,545060223,2,2,1,2,27,6,3,0,0,0,0,0,9,9,E01031897,-1,0,0.03928,0.96072,-1,6,50,1,1,1,07:30,2,2,9
2023311364479,2023,311364479,1,1,3,2,15,3,3,9,8,0,0,0,0,7,E01028329,3,1,0.0,1.0,-1,6,60,9,6,1,20:45,1,1,9
2023131378597,2023,131378597,1,1,1,1,-1,-1,3,0,0,0,0,0,3,1,E01011430,3,1,0.0,1.0,-1,3,30,1,1,1,14:07,6,2,3
2023461322692,2023,461322692,2,1,2,2,60,9,3,0,0,-1,0,0,9,3,E01016046,3,1,0.0,1.0,-1,2,30,1,1,1,09:24,6,2,9
2023542727023,2023,542727023,2,3,2,2,5,1,3,0,0,1,0,0,9,8,E01020514,-1,0,0.01711,0.98289,-1,6,50,1,1,1,11:35,2,3,9
2023010477983,2023,010477983,1,1,1,1,29,6,3,0,0,0,0,0,3,5,E01004492,-1,0,0.0,1.0,-1,6,30,2,1,2,13:26,3,2,3
2023522400296,2023,522400296,1,1,1,1,27,6,3,0,0,0,0,0,4,6,E01014914,-1,0,0.06862,0.93138,-1,3,40,1,1,1,18:00,4,2,4
2023131308236,2023,131308236,1,1,1,2,36,7,3,0,0,0,0,0,9,3,E01011369,3,1,0.0,1.0,-1,3,40,1,1,1,08:31,4,1,9
2023221393825,2023,221393825,2,1,1,1,29,6,3,0,0,0,0,0,9,4,E01014044,3,1,0.0,1.0,-1,6,50,2,1,2,11:55,4,2,9
2023332301254,2023,332301254,1,4,2,1,18,4,2,0,0,2,0,0,9,4,E01011757,-1,0,1.0,0.0,-1,6,60,8,6,2,20:30,6,2,9
2023430271834,2023,430271834,1,2,2,1,30,6,3,0,0,2,0,0,9,7,E01016582,-1,0,0.02037,0.97963,-1,6,30,1,4,1,23:11,5,2,9
2023501332227,2023,501332227,2,2,1,2,18,4,3,0,0,0,0,0,9,7,E01019892,3,1,0.0,1.0,-1,3,40,2,1,2,15:35,7,2,9
2023141295072,2023,141295072,1,1,3,1,23,5,3,5,9,0,0,0,0,1,E01015607,3,1,0.0,1.0,-1,6,30,2,4,2,03:35,2,1,9
2023161353441,2023,161353441,1,1,1,1,28,6,3,0,0,0,0,0,1,4,E01012820,3,1,0.0,1.0,-1,1,30,2,1,2,07:20,3,2,1
2023010460906,2023,010460906,1,1,1,1,31,6,3,0,0,0,0,0,3,3,E01001440,-1,0,0.0,1.0,-1,9,20,9,1,9,21:20,2,2,3
2023041329845,2023,041329845,1,1,1,1,37,7,2,0,0,0,0,0,9,1,E01025049,7,1,1.0,0.0,-1,6,50,2,6,2,02:30,1,1,9
2023131297210,2023,131297210,1,1,1,1,53,8,3,0,0,0,0,0,9,3,E01011532,3,1,0.0,1.0,-1,1,40,1,4,1,22:50,1,1,9
2023201300555,2023,201300555,2,2,1,1,26,6,3,0,0,0,0,0,9,1,E01009390,3,1,0.0,1.0,-1,6,30,1,1,1,12:56,7,2,9
2023311323478,2023,311323478,1,2,2,1,47,8,3,0,0,2,0,0,9,5,E01033413,3,1,0.0,1.0,-1,6,60,1,1,1,07:15,4,2,9
2023461322783,2023,461322783,1,1,1,1,54,8,3,0,0,0,0,0,9,3,E01016171,3,1,0.0,1.0,-1,6,30,1,1,1,10:49,5,2,9
2023461297108,2023,461297108,1,1,3,1,39,7,3,5,3,0,0,0,0,1,E01016023,3,1,0.0,1.0,-1,6,20,4,1,1,13:10,2,1,9
2023610031123,2023,610031123,1,1,3,1,32,6,2,9,7,0,0,0,0,-1,-1,-1,0,1.0,0.0,-1,6,30,1,1,1,15:15,4,1,9
2023010429516,2023,010429516,1,1,1,1,41,7,3,0,0,0,0,0,1,2,E01004315,-1,0,0.0,1.0,-1,3,20,8,1,1,16:10,2,2,1
2023361347021,2023,361347021,2,1,1,1,57,9,3,0,0,0,0,0,1,6,E01026919,3,1,0.0,1.0,-1,6,60,1,1,2,06:16,4,2,1
2023201297238,2023,201297238,2,1,1,1,-1,-1,3,0,0,0,0,0,5,5,E01009234,3,1,0.0,1.0,-1,7,30,1,5,1,18:30,4,2,5
2023122300357,2023,122300357,1,2,2,2,68,10,3,0,0,1,0,0,9,2,E01013347,-1,0,0.03988,0.96012,-1,6,30,1,1,1,13:13,1,2,9
2023010481177,2023,010481177,1,1,3,1,30,6,3,4,3,0,0,0,0,2,E01000015,-1,0,0.0,1.0,-1,6,30,1,4,1,16:50,5,1,9
2023340WN2902,2023,340WN2902,1,1,3,1,42,7,3,6,9,0,0,0,0,7,E01027019,-1,0,0.15115,0.84885,-1,6,30,1,1,1,17:00,2,1,9
2023421273397,2023,421273397,1,1,1,1,61,9,3,0,0,0,0,0,3,4,E01015835,3,1,0.0,1.0,-1,3,70,1,1,1,07:50,3,2,3
2023131363802,2023,131363802,1,1,1,1,19,4,2,0,0,0,0,0,9,1,E01033697,7,1,1.0,0.0,-1,6,60,1,4,2,20:15,3,1,9
202360A099103,2023,60A099103,1,1,1,1,32,6,3,0,0,0,0,0,9,-1,-1,-1,0,0.15601,0.84399,-1,6,60,1,1,1,08:10,1,1,9
2023631341120,2023,631341120,1,3,2,1,17,4,3,0,0,2,0,0,9,1,W01000570,3,1,0.0,1.0,-1,6,30,4,6,1,22:39,7,1,9
2023101366058,2023,101366058,2,2,1,2,37,7,3,0,0,0,0,0,9,4,E01027524,3,1,0.0,1.0,-1,3,50,1,1,1,10:57,2,2,9
2023320657123,2023,320657123,1,2,2,1,18,4,3,0,0,2,0,0,9,7,E01026267,-1,0,0.1399,0.8601,-1,6,60,1,6,2,21:50,1,1,9
2023351370326,2023,351370326,2,1,1,1,41,7,2,0,0,0,0,0,9,4,E01015782,7,1,1.0,0.0,-1,6,40,1,1,1,08:19,4,2,9
2023421362257,2023,421362257,2,2,1,1,18,4,3,0,0,0,0,0,9,10,E01021645,3,1,0.0,1.0,-1,6,30,2,4,2,20:10,4,2,9
2023451261609,2023,451261609,1,1,1,1,76,11,3,0,0,0,0,0,9,9,E01030412,3,1,0.0,1.0,-1,3,40,2,1,2,12:49,3,1,9
2023440458079,2023,440458079,1,1,3,2,16,4,3,1,1,0,0,0,0,7,E01022760,-1,0,0.18139,0.81861,-1,3,40,1,1,2,10:13,5,1,9
2023041260499,2023,041260499,1,1,3,1,56,9,3,8,3,0,0,0,0,-1,-1,3,1,0.0,1.0,-1,6,30,8,4,2,19:10,6,1,11
2023010478590,2023,010478590,1,1,1,2,30,6,3,0,0,0,0,0,9,3,E01001188,-1,0,0.0,1.0,-1,3,40,2,4,2,17:33,5,2,9
2023031368674,2023,031368674,1,1,1,1,32,6,2,0,0,0,0,0,9,4,E01019118,7,1,1.0,0.0,-1,6,60,1,6,1,17:25,2,3,9
2023052301893,2023,052301893,1,2,2,2,39,7,3,0,0,2,0,0,9,1,E01006504,-1,0,0.07624,0.92376,-1,6,40,1,7,1,06:28,1,1,9
2023522400837,2023,522400837,1,1,1,2,49,8,3,0,0,0,0,0,9,2,E01014489,-1,0,0.00294,0.99706,-1,3,30,1,1,1,19:45,4,2,9
2023122300432,2023,122300432,2,1,1,2,39,7,3,0,0,0,0,0,1,2,E01013448,-1,0,0.0884,0.9116,-1,6,30,1,1,1,16:00,7,2,1
2023122300933,2023,122300933,1,1,1,1,52,8,2,0,0,0,0,0,5,2,E01020793,-1,0,1.0,0.0,-1,6,60,1,1,1,13:22,1,1,5
2023010436642,2023,010436642,1,3,2,-1,-1,-1,3,0,0,2,0,0,9,2,E01003598,-1,0,0.0,1.0,-1,6,30,1,1,1,11:35,1,2,9
2023041331478,2023,041331478,2,1,1,2,70,10,3,0,0,0,0,0,9,6,E01007063,3,1,0.0,1.0,-1,6,60,1,1,1,12:00,5,2,9
2023041391510,2023,041391510,2,1,2,2,47,8,3,0,0,2,0,0,9,2,E01025385,3,1,0.0,1.0,-1,3,70,5,6,2,18:00,6,3,9
2023371389584,2023,371389584,1,1,1,1,35,6,2,0,0,0,0,0,9,-1,-1,6,1,1.0,0.0,-1,6,60,1,1,1,06:41,2,3,9
2023501285498,2023,501285498,1,1,1,2,28,6,3,0,0,0,0,0,9,3,E01019053,3,1,0.0,1.0,-1,6,60,2,1,2,17:49,6,2,9
2023991309406,2023,991309406,1,1,1,1,32,6,3,0,0,0,0,0,9,8,-1,3,1,0.0,1.0,-1,6,30,1,1,1,16:45,6,2,9
2023010419599,2023,010419599,2,1,1,2,48,8,3,0,0,0,0,0,1,5,E01003314,-1,0,0.0,1.0,-1,6,30,1,1,1,07:54,4,2,1
2023201393938,2023,201393938,2,1,1,1,56,9,3,0,0,0,0,0,8,5,E01009283,3,1,0.0,1.0,-1,6,30,2,4,2,03:38,1,2,8
2023161375130,2023,161375130,1,1,1,1,43,7,2,0,0,0,0,0,9,6,E01013041,7,1,1.0,0.0,-1,6,40,7,6,2,01:20,5,1,9
2023231379506,2023,231379506,1,3,2,1,44,7,3,0,0,1,0,0,9,3,E01009589,3,1,0.0,1.0,-1,6,30,5,4,2,06:54,2,2,9
2023991375445,2023,991375445,1,1,1,1,68,10,3,0,0,0,0,0,9,-1,-1,3,1,0.0,1.0,-1,3,50,1,4,1,19:05,5,3,9
2023430020648,2023,430020648,1,1,3,2,3,1,3,5,3,0,0,0,0,6,E01033306,-1,0,0.05472,0.94528,-1,6,20,2,1,2,15:27,7,1,1
2023471335147,2023,471335147,2,1,1,1,52,8,2,0,0,0,0,0,1,6,E01031440,7,1,1.0,0.0,-1,6,30,1,4,1,02:30,1,2,1
2023131299801,2023,131299801,2,2,2,2,65,9,3,0,0,2,0,0,9,2,E01010804,3,1,0.0,1.0,-1,6,30,1,1,1,17:20,7,2,9
2023311366238,2023,311366238,1,2,1,1,27,6,3,0,0,0,0,0,9,8,E01028119,3,1,0.0,1.0,-1,3,30,2,4,2,05:33,3,2,9
2023451334554,2023,451334554,1,1,1,1,41,7,3,0,0,0,0,0,3,10,E01030871,3,1,0.0,1.0,-1,6,60,1,6,1,23:45,6,2,3
2023061382154,2023,061382154,2,1,1,2,38,7,3,0,0,0,0,0,9,8,E01005443,3,1,0.0,1.0,-1,6,30,1,1,1,16:03,4,2,9
2023302300387,2023,302300387,1,2,2,2,78,11,2,0,0,1,0,0,9,9,E01019610,-1,0,1.0,0.0,-1,6,40,2,1,2,13:57,2,2,9
2023622300578,2023,622300578,2,2,1,1,19,4,3,0,0,0,0,0,11,1,W01001179,-1,0,0.01726,0.98274,-1,6,20,1,1,1,17:28,3,2,11
2023302300135,2023,302300135,4,2,1,2,48,8,3,0,0,0,0,0,9,8,E01007671,-1,0,0.04682,0.95318,-1,3,70,1,1,2,07:30,2,4,9
202354C899823,2023,54C899823,1,1,1,2,82,11,3,0,0,0,0,0,9,8,E01015486,-1,0,0.09306,0.90694,-1,6,40,1,1,2,14:03,3,2,9
2023101341130,2023,101341130,1,1,2,2,81,11,3,0,0,0,-1,0,11,5,E01033718,3,1,0.0,1.0,-1,9,20,1,1,1,13:00,5,1,11
2023141370484,2023,141370484,1,1,3,2,34,6,3,10,1,0,0,0,0,-1,-1,3,1,0.0,1.0,-1,6,30,1,4,2,00:20,7,1,9
2023421285945,2023,421285945,1,1,3,1,79,11,1,10,9,0,0,0,0,10,E01027086,1,1,0.0,0.0,-1,6,30,2,6,2,22:15,1,1,9
2023010421087,2023,010421087,1,1,2,2,53,8,3,0,0,2,0,0,9,7,E01024137,-1,0,0.0,1.0,-1,6,20,9,1,1,08:50,6,1,9
2023010453818,2023,010453818,2,3,1,2,44,7,3,0,0,0,0,0,9,3,E01001229,-1,0,0.0,1.0,-1,3,70,1,1,1,17:51,6,6,9
2023332300754,2023,332300754,2,1,1,2,57,9,3,0,0,0,0,0,9,10,E01033103,-1,0,0.02226,0.97774,-1,6,40,2,1,2,16:35,7,2,9
2023631316021,2023,631316021,1,1,1,1,46,8,2,0,0,0,0,0,9,7,W01001716,6,1,1.0,0.0,-1,6,60,1,1,1,18:20,3,3,9
2023010476590,2023,010476590,2,2,2,2,28,6,3,0,0,1,0,0,9,2,E01003191,-1,0,0.0,1.0,-1,6,20,1,4,1,23:50,3,2,9
2023070030450,2023,070030450,1,4,2,1,23,5,3,0,0,2,0,0,9,9,E01012492,-1,0,0.05338,0.94662,-1,3,40,2,4,2,00:33,4,2,9
2023221321689,2023,221321689,2,1,1,2,52,8,3,0,0,0,0,0,9,4,E01032406,3,1,0.0,1.0,-1,6,30,1,1,1,19:25,5,2,9
2023231377970,2023,231377970,2,3,2,2,36,7,3,0,0,2,0,0,9,5,E01031016,3,1,0.0,1.0,-1,1,70,1,1,1,10:14,3,2,9
2023141301711,2023,141301711,1,1,1,1,32,6,3,0,0,0,0,0,19,2,E01008109,3,1,0.0,1.0,-1,6,60,1,1,1,09:37,5,2,19
2023440528162,2023,440528162,2,1,1,1,56,9,3,0,0,0,0,0,-1,5,E01017024,-1,0,0.13256,0.86744,-1,6,30,1,1,2,12:47,5,2,-1
2023221369862,2023,221369862,2,1,1,2,49,8,3,0,0,0,0,0,9,1,E01014247,3,1,0.0,1.0,-1,6,60,2,1,5,10:35,5,2,9
2023471326297,2023,471326297,1,1,1,1,41,7,3,0,0,0,0,0,9,10,E01031758,3,1,0.0,1.0,-1,6,60,1,5,1,03:30,4,1,9
2023041371715,2023,041371715,4,4,1,1,57,9,3,0,0,0,0,0,19,5,E01006258,3,1,0.0,1.0,-1,3,70,1,1,2,08:00,3,4,19
2023010456505,2023,010456505,1,1,3,2,41,7,3,10,9,0,0,0,0,2,E01001745,-1,0,0.0,1.0,-1,7,20,1,1,1,12:00,4,1,9
2023552301251,2023,552301251,1,1,3,1,6,2,2,8,1,0,0,0,0,7,E01020549,-1,0,1.0,0.0,-1,6,30,1,1,1,16:02,3,1,9
2023201304187,2023,201304187,2,1,1,1,-1,-1,3,0,0,0,0,0,1,1,E01032888,3,1,0.0,1.0,-1,6,20,1,1,1,18:05,5,2,1
2023430206469,2023,430206469,1,1,1,2,50,8,3,0,0,0,0,0,1,8,E01016686,-1,0,0.05849,0.94151,-1,1,30,1,1,1,06:45,5,2,1
2023122300407,2023,122300407,1,1,2,2,19,4,3,0,0,1,0,0,9,-1,-1,-1,0,0.07962,0.92038,-1,6,60,1,1,1,20:00,5,1,9
2023471307082,2023,471307082,2,3,2,2,21,5,3,0,0,2,0,0,9,10,E01021228,3,1,0.0,1.0,-1,6,30,1,4,1,00:35,1,2,9
2023010483658,2023,010483658,1,1,1,1,39,7,3,0,0,0,0,0,9,5,E01001310,-1,0,0.0,1.0,-1,3,30,1,4,2,00:31,4,1,9
2023201421347,2023,201421347,2,1,1,1,48,8,3,0,0,0,0,0,9,3,E01009599,3,1,0.0,1.0,-1,3,50,1,1,2,09:30,3,2,9
2023131390285,2023,131390285,1,1,1,1,57,9,3,0,0,0,0,0,19,1,E01011660,3,1,0.0,1.0,-1,6,30,1,1,2,12:36,3,2,19
2023010463159,2023,010463159,2,1,1,2,27,6,1,0,0,0,0,0,1,-1,-1,-1,0,0.0,0.0,-1,6,20,1,1,1,07:55,5,2,1
2023231354043,2023,231354043,2,1,1,2,38,7,3,0,0,0,0,0,9,9,E01031328,3,1,0.0,1.0,-1,6,30,1,1,1,13:25,7,2,9
2023302300569,2023,302300569,1,1,2,1,14,3,3,0,0,1,0,0,9,2,E01019497,-1,0,0.06032,0.93968,-1,6,50,1,1,1,08:27,4,3,9
2023170S21223,2023,170S21223,1,1,1,1,35,6,3,0,0,0,0,0,10,1,E01011992,-1,0,0.06729,0.93271,-1,6,40,1,1,1,13:10,6,2,10
2023471314313,2023,471314313,2,1,1,1,50,8,3,0,0,0,0,0,1,6,E01021068,3,1,0.0,1.0,-1,6,30,1,1,1,15:20,4,2,1
2023501317276,2023,501317276,2,6,2,1,11,3,3,0,0,2,0,0,9,4,E01020130,3,1,0.0,1.0,-1,6,60,1,1,1,12:00,7,2,9
2023041357527,2023,041357527,1,1,1,1,53,8,2,0,0,0,0,0,9,9,E01025569,5,1,1.0,0.0,-1,6,40,1,1,2,07:15,6,2,9
2023141324524,2023,141324524,2,3,2,2,80,11,3,0,0,1,0,0,9,9,E01007890,3,1,0.0,1.0,-1,6,30,1,1,1,13:00,5,3,9
2023430275190,2023,430275190,1,1,1,2,75,10,3,0,0,0,0,0,9,10,E01032962,-1,0,0.14543,0.85457,-1,6,60,1,1,1,14:49,5,2,9
2023201411222,2023,201411222,1,1,1,1,23,5,3,0,0,0,0,0,9,7,E01009529,3,1,0.0,1.0,-1,3,60,1,1,1,12:28,5,1,9
2023991373515,2023,991373515,1,2,2,1,17,4,3,0,0,1,0,0,9,-1,-1,3,1,0.0,1.0,-1,6,60,4,6,1,21:21,7,1,9
2023010456262,2023,010456262,1,1,1,1,46,8,3,0,0,0,0,0,3,2,E01004327,-1,0,0.0,1.0,-1,1,20,1,1,1,18:00,4,2,3
2023311278996,2023,311278996,1,1,1,1,34,6,2,0,0,0,0,0,3,10,E01028364,7,1,1.0,0.0,-1,6,20,1,4,1,19:45,3,2,3
2023471295376,2023,471295376,2,1,1,1,63,9,3,0,0,0,0,0,3,9,E01031395,3,1,0.0,1.0,-1,6,30,9,1,1,17:10,3,2,3
2023010453188,2023,010453188,2,1,1,1,20,4,3,0,0,0,0,0,4,5,E01001344,-1,0,0.0,1.0,-1,6,20,1,1,2,17:12,3,2,4
2023332301081,2023,332301081,1,1,1,2,51,8,3,0,0,0,0,0,9,8,E01027026,-1,0,0.03747,0.96253,-1,6,60,2,1,2,09:30,7,1,9
2023440131381,2023,440131381,2,2,1,1,26,6,3,0,0,0,0,0,9,4,E01022635,-1,0,0.02215,0.97785,-1,6,50,1,1,1,11:17,2,3,9
2023451339094,2023,451339094,1,1,1,1,26,6,3,0,0,0,0,0,9,3,E01032851,3,1,0.0,1.0,-1,6,30,1,1,1,12:00,2,2,9
2023221326603,2023,221326603,1,1,3,2,3,1,2,1,1,0,0,0,0,4,E01014122,5,1,1.0,0.0,-1,6,40,1,1,1,08:20,5,1,9
2023131290000,2023,131290000,1,1,3,1,43,7,3,10,9,0,0,2,0,1,E01010745,3,1,0.0,1.0,-1,6,20,1,1,1,09:30,3,1,9
2023471375774,2023,471375774,2,1,1,1,47,8,3,0,0,0,0,0,3,5,E01016886,3,1,0.0,1.0,-1,6,20,1,4,1,19:18,7,2,3
2023471309600,2023,471309600,1,2,2,2,75,10,2,0,0,1,0,0,9,4,E01031657,5,1,1.0,0.0,-1,6,60,1,1,1,15:37,7,1,9
2023430015920,2023,430015920,2,1,1,2,58,9,3,0,0,0,0,0,1,2,E01028518,-1,0,0.04727,0.95273,-1,6,20,1,1,2,14:05,4,2,1
2023010438708,2023,010438708,1,1,1,2,32,6,3,0,0,0,0,0,9,6,E01001989,-1,0,0.0,1.0,-1,9,20,9,1,9,17:51,6,2,9
2023010483432,2023,010483432,1,1,1,1,33,6,3,0,0,0,0,0,9,6,E01023858,-1,0,0.0,1.0,-1,1,30,9,4,9,06:30,6,2,9
2023070555743,2023,070555743,2,1,1,2,20,4,3,0,0,0,0,0,9,10,E01012463,-1,0,0.00288,0.99712,-1,1,30,1,1,2,18:23,6,2,9
2023010450413,2023,010450413,1,1,1,1,42,7,3,0,0,0,0,0,9,2,E01000527,-1,0,0.0,1.0,-1,6,30,1,1,1,07:45,4,2,9
2023010459436,2023,010459436,1,1,2,1,48,8,2,0,0,1,0,0,9,-1,-1,-1,0,1.0,0.0,-1,6,30,1,4,1,22:30,2,2,9
2023052302015,2023,052302015,1,1,1,1,20,4,3,0,0,0,0,0,9,1,E01006752,-1,0,0.08761,0.91239,-1,3,30,2,4,2,23:30,7,2,9
2023610011623,2023,610011623,1,1,2,2,20,4,3,0,0,1,0,0,9,3,W01001527,-1,0,0.08895,0.91105,-1,1,40,2,4,2,06:03,4,1,9
2023991294124,2023,991294124,1,3,1,1,19,4,3,0,0,0,0,0,9,5,-1,3,1,0.0,1.0,-1,6,40,2,6,2,17:00,4,2,9
2023141319803,2023,141319803,1,1,1,2,64,9,3,0,0,0,0,0,9,9,E01013251,3,1,0.0,1.0,-1,3,40,1,1,1,13:55,7,2,9
2023461376226,2023,461376226,2,4,2,2,63,9,2,0,0,-1,0,0,9,4,E01024510,5,1,1.0,0.0,-1,3,60,2,1,2,09:40,7,2,9
2023061371262,2023,061371262,2,1,1,1,38,7,3,0,0,0,0,0,1,4,E01006189,3,1,0.0,1.0,-1,6,30,1,1,1,07:09,1,2,1
2023010432822,2023,010432822,1,1,3,2,54,8,3,1,1,0,0,0,0,2,E01004008,-1,0,0.0,1.0,-1,6,20,1,1,1,08:20,7,1,9
2023302300328,2023,302300328,2,1,1,1,52,8,3,0,0,0,0,0,1,7,E01019698,-1,0,0.06016,0.93984,-1,6,30,1,1,2,07:30,4,2,1
2023311266493,2023,311266493,1,2,2,2,79,11,3,0,0,1,0,0,9,8,E01033412,3,1,0.0,1.0,-1,6,30,1,1,2,12:07,7,1,9
2023320662364,2023,320662364,2,1,1,1,57,9,3,0,0,0,0,0,9,7,E01026014,-1,0,0.02272,0.97728,-1,6,40,7,7,2,06:45,4,2,9
2023371378393,2023,371378393,2,1,1,2,38,7,3,0,0,0,0,0,9,8,E01030046,3,1,0.0,1.0,-1,6,30,1,1,1,10:00,6,2,9
2023451355625,2023,451355625,1,1,2,2,22,5,3,0,0,2,0,0,9,9,E01023163,3,1,0.0,1.0,-1,3,70,1,1,1,16:25,7,3,9
2023471325968,2023,471325968,2,3,2,2,19,4,3,0,0,2,0,0,9,10,E01022784,3,1,0.0,1.0,-1,1,50,1,1,2,05:05,4,2,9
2023010436051,2023,010436051,1,2,2,2,35,6,3,0,0,1,0,0,9,3,E01000099,-1,0,0.0,1.0,-1,6,30,2,1,2,18:54,4,2,9
2023010443369,2023,010443369,2,1,1,-1,-1,-1,3,0,0,0,0,0,1,-1,-1,-1,0,0.0,1.0,-1,6,20,1,1,1,18:40,7,3,1
2023010446182,2023,010446182,2,1,1,1,22,5,2,0,0,0,0,0,3,3,E01001000,-1,0,1.0,0.0,-1,6,30,1,1,1,12:38,4,2,3
2023010473243,2023,010473243,1,1,1,2,31,6,3,0,0,0,0,0,3,6,E01023314,-1,0,0.0,1.0,-1,9,20,9,5,9,22:30,6,2,3
2023522301699,2023,522301699,1,1,1,2,36,7,3,0,0,0,0,0,-1,3,E01014681,-1,0,0.01759,0.98241,-1,1,20,1,1,1,13:15,6,2,-1
2023440258449,2023,440258449,1,1,3,1,32,6,2,5,1,0,0,0,0,9,E01022909,-1,0,1.0,0.0,-1,6,30,1,1,1,15:51,4,1,9
2023201348271,2023,201348271,2,1,1,1,36,7,3,0,0,0,0,0,9,3,E01010092,3,1,0.0,1.0,-1,6,30,1,1,2,11:55,6,2,9
2023351294000,2023,351294000,2,3,1,2,69,10,2,0,0,0,0,0,9,9,E01011456,6,1,1.0,0.0,-1,3,70,1,1,1,10:57,1,4,9
202360A112263,2023,60A112263,1,1,1,2,17,4,3,0,0,0,0,0,9,-1,-1,-1,0,0.13497,0.86503,-1,6,40,1,6,1,22:41,1,1,9
2023320663922,2023,320663922,1,1,1,2,24,5,3,0,0,0,0,0,9,2,E01026094,-1,0,0.04969,0.95031,-1,6,30,9,7,2,02:55,5,1,9
2023361282390,2023,361282390,2,2,1,1,19,4,3,0,0,0,0,0,9,5,E01026768,3,1,0.0,1.0,-1,6,60,1,1,1,14:29,5,2,9
2023991325481,2023,991325481,1,2,1,2,37,7,3,0,0,0,0,0,9,1,-1,3,1,0.0,1.0,-1,6,30,1,1,1,15:35,2,3,9
2023010434106,2023,010434106,2,1,1,2,33,6,3,0,0,0,0,0,1,6,E01001870,-1,0,0.0,1.0,-1,3,20,4,1,1,09:51,7,2,1
2023010427632,2023,010427632,1,1,3,1,33,6,1,5,9,0,0,0,0,2,E01000422,-1,0,0.0,0.0,-1,3,50,1,6,1,05:20,6,1,9
2023010433540,2023,010433540,1,1,1,1,39,7,2,0,0,0,0,0,5,10,E01023420,-1,0,1.0,0.0,-1,1,30,2,4,2,05:50,4,2,5