collision_index,collision_year,collision_ref_no,vehicle_reference,casualty_reference,casualty_class,sex_of_casualty,age_of_casualty,age_band_of_casualty,casualty_severity,pedestrian_location,pedestrian_movement,car_passenger,bus_or_coach_passenger,pedestrian_road_maintenance_worker,casualty_type,casualty_imd_decile,lsoa_of_casualty,enhanced_casualty_severity,casualty_injury_based,casualty_adjusted_severity_serious,casualty_adjusted_severity_slight,casualty_distance_banding,road_type,speed_limit,weather_conditions,light_conditions,road_surface_conditions,time,day_of_week,number_of_vehicles,vehicle_type
2023991367966,2023,991367966,2,1,2,2,80,11,3,0,0,1,0,0,9,-1,-1,3,1,0.0,1.0,-1,3,50,1,1,1,14:30,6,2,9
2023501341896,2023,501341896,2,1,1,2,52,8,3,0,0,0,0,0,5,7,E01018800,3,1,0.0,1.0,-1,6,60,2,1,2,14:15,1,2,5
2023010444116,2023,010444116,2,2,1,1,30,6,3,0,0,0,0,0,9,4,E01001497,-1,0,0.0,1.0,-1,6,20,1,1,1,17:18,7,2,9
2023231274357,2023,231274357,2,2,1,2,56,9,2,0,0,0,0,0,9,7,E01032892,7,1,1.0,0.0,-1,6,60,1,1,4,08:31,5,2,9
2023411318634,2023,411318634,1,1,1,1,43,7,2,0,0,0,0,0,9,8,E01001596,7,1,1.0,0.0,-1,3,70,1,1,1,14:10,5,3,9
202360A198991,2023,60A198991,1,1,1,2,25,5,2,0,0,0,0,0,9,-1,-1,-1,0,1.0,0.0,-1,6,20,1,4,2,20:58,3,1,9
2023010479063,2023,010479063,2,1,1,1,20,4,3,0,0,0,0,0,5,4,E01004148,-1,0,0.0,1.0,-1,2,30,1,1,1,11:56,2,2,5
2023451326343,2023,451326343,1,1,1,1,39,7,3,0,0,0,0,0,5,5,E01030982,3,1,0.0,1.0,-1,6,30,2,1,2,18:15,3,2,5
2023471307173,2023,471307173,2,1,1,1,54,8,3,0,0,0,0,0,5,9,E01022857,3,1,0.0,1.0,-1,6,30,1,1,1,15:25,1,2,5
2023061322135,2023,061322135,1,3,3,2,52,8,3,6,7,0,0,0,0,4,E01018452,3,1,0.0,1.0,-1,3,30,1,1,2,18:57,6,1,9
2023440523405,2023,440523405,1,1,3,2,53,8,3,9,9,0,0,0,0,7,E01017247,-1,0,0.06926,0.93074,-1,6,30,1,1,1,12:05,7,1,-1
2023552300467,2023,552300467,1,2,3,2,26,6,3,1,2,0,0,0,0,3,E01015287,-1,0,0.12535,0.87465,-1,6,30,2,4,2,18:25,4,1,9
2023440429313,2023,440429313,1,1,3,1,54,8,3,1,1,0,0,0,0,7,E01006303,-1,0,0.23431,0.76569,-1,6,30,5,4,2,23:08,5,1,9
2023610046623,2023,610046623,1,1,1,1,59,9,2,0,0,0,0,0,3,4,W01001314,-1,0,1.0,0.0,-1,6,30,1,1,2,09:55,6,2,3
2023201424670,2023,201424670,1,1,1,1,45,7,3,0,0,0,0,0,5,7,E01010121,3,1,0.0,1.0,-1,6,30,7,4,4,20:52,6,1,5
2023010422940,2023,010422940,1,1,1,2,40,7,3,0,0,0,0,0,9,10,E01021780,-1,0,0.0,1.0,-1,6,20,1,1,1,15:30,1,2,9
2023332300008,2023,332300008,1,1,1,1,47,8,3,0,0,0,0,0,9,1,E01025725,-1,0,0.0321,0.9679,-1,3,40,1,1,2,13:50,6,3,9
2023471329143,2023,471329143,2,1,1,1,48,8,3,0,0,0,0,0,9,4,E01016973,3,1,0.0,1.0,-1,9,30,1,1,1,17:17,5,2,9
2023231263714,2023,231263714,1,1,1,1,41,7,2,0,0,0,0,0,19,1,E01010111,6,1,1.0,0.0,-1,6,60,4,6,1,18:03,3,1,19
2023052303045,2023,052303045,2,1,1,2,36,7,3,0,0,0,0,0,9,1,E01007006,-1,0,0.00514,0.99486,-1,3,30,2,1,2,14:00,6,2,9
2023201411047,2023,201411047,2,2,2,2,5,1,3,0,0,2,0,0,9,2,E01010302,3,1,0.0,1.0,-1,1,30,1,1,1,16:47,7,2,9
2023451341138,2023,451341138,1,1,1,1,32,6,2,0,0,0,0,0,9,5,E01030482,7,1,1.0,0.0,-1,7,30,1,1,1,06:30,5,2,9
2023061309120,2023,061309120,2,3,2,1,12,3,3,0,0,2,0,0,9,-1,-1,3,1,0.0,1.0,-1,6,30,1,1,1,16:55,7,2,9
2023421344340,2023,421344340,2,1,2,2,8,2,3,0,0,1,0,0,9,7,E01021378,3,1,0.0,1.0,-1,6,40,1,1,1,12:45,3,3,9
2023131269745,2023,131269745,2,2,1,1,32,6,3,0,0,0,0,0,1,2,E01011167,3,1,0.0,1.0,-1,6,30,1,1,2,11:40,2,2,1
2023170H10763,2023,170H10763,2,2,2,1,56,9,3,0,0,1,0,0,9,9,E01011965,-1,0,0.05207,0.94793,-1,6,30,1,1,1,14:38,2,2,9
2023201381732,2023,201381732,2,2,2,1,20,4,3,0,0,2,0,0,9,1,E01032937,3,1,0.0,1.0,-1,3,30,1,1,1,18:51,4,2,9
2023010468595,2023,010468595,1,1,1,1,47,8,3,0,0,0,0,0,1,5,E01003084,-1,0,0.0,1.0,-1,6,20,1,1,1,09:49,3,2,1
2023430258884,2023,430258884,1,1,1,1,29,6,3,0,0,0,0,0,9,2,E01000527,-1,0,0.14678,0.85322,-1,3,70,1,6,1,02:21,3,1,9
2023461281451,2023,461281451,2,1,1,1,33,6,3,0,0,0,0,0,9,1,E01024148,3,1,0.0,1.0,-1,3,70,1,1,1,17:21,5,2,9
2023501268588,2023,501268588,1,1,1,1,81,11,3,0,0,0,0,0,9,4,E01019927,3,1,0.0,1.0,-1,6,40,1,1,1,16:16,5,2,9
2023501399334,2023,501399334,2,2,2,2,36,7,3,0,0,1,0,0,20,5,E01020147,3,1,0.0,1.0,-1,6,30,1,1,1,08:32,6,2,20
2023010419381,2023,010419381,1,1,2,1,6,2,3,0,0,0,4,0,11,3,E01024481,-1,0,0.0,1.0,-1,1,30,8,1,1,15:45,2,1,11
2023545051623,2023,545051623,1,1,2,2,59,9,3,0,0,1,0,0,9,10,E01020374,-1,0,0.07075,0.92925,-1,6,60,1,1,1,16:05,1,2,9
2023631376874,2023,631376874,1,1,1,1,75,10,3,0,0,0,0,0,9,6,W01000653,3,1,0.0,1.0,-1,6,20,1,7,1,16:30,5,3,9
2023522324525,2023,522324525,1,1,1,1,31,6,3,0,0,0,0,0,1,4,E01014488,-1,0,0.04757,0.95243,-1,6,20,1,1,2,08:27,5,2,1
2023131298652,2023,131298652,2,1,1,1,19,4,2,0,0,0,0,0,3,3,E01010864,7,1,1.0,0.0,-1,6,30,1,4,1,22:00,4,2,3
2023010480321,2023,010480321,1,1,3,-1,36,7,3,6,9,0,0,0,0,4,E01016406,-1,0,0.0,1.0,-1,9,20,1,4,1,18:01,5,1,9
2023302300843,2023,302300843,1,1,3,1,5,1,3,6,9,0,0,0,0,7,E01019736,-1,0,0.12178,0.87822,-1,6,60,1,1,1,16:00,1,2,9
2023622400196,2023,622400196,1,1,3,2,65,9,2,4,1,0,0,0,0,4,W01001071,-1,0,1.0,0.0,-1,6,30,1,4,1,19:30,5,1,19
2023201418532,2023,201418532,2,1,2,1,47,8,3,0,0,2,0,0,9,3,E01009221,3,1,0.0,1.0,-1,6,30,1,4,1,20:40,6,2,9
2023991362199,2023,991362199,2,16,2,1,12,3,3,0,0,0,4,0,11,5,-1,3,1,0.0,1.0,-1,6,30,1,1,1,09:15,5,2,11
2023010442728,2023,010442728,1,1,3,2,70,10,3,1,9,0,0,0,0,6,E01001034,-1,0,0.0,1.0,-1,6,30,1,1,1,15:15,4,1,9
2023010461982,2023,010461982,1,1,3,2,78,11,3,1,3,0,0,0,0,8,E01001596,-1,0,0.0,1.0,-1,6,30,1,1,1,12:13,4,1,9
2023131367424,2023,131367424,1,1,3,1,6,2,3,8,8,0,0,2,0,1,E01011622,3,1,0.0,1.0,-1,6,30,8,1,2,15:30,5,1,9
2023552301421,2023,552301421,1,1,1,1,16,4,3,0,0,0,0,0,3,7,E01020437,-1,0,0.1378,0.8622,-1,6,40,2,4,2,18:20,1,2,3
2023141358090,2023,141358090,1,1,1,2,33,6,3,0,0,0,0,0,9,5,E01007459,3,1,0.0,1.0,-1,6,30,2,5,2,18:19,7,2,9
2023221313658,2023,221313658,1,2,2,1,19,4,1,0,0,2,0,0,9,9,E01028854,1,1,0.0,0.0,-1,6,30,1,4,1,00:20,7,1,9
2023401274676,2023,401274676,2,1,2,2,85,11,3,0,0,1,0,0,9,5,E01010431,3,1,0.0,1.0,-1,1,30,2,4,2,17:50,7,2,9
2023471267297,2023,471267297,1,1,2,2,-1,-1,3,0,0,0,3,0,11,-1,-1,3,1,0.0,1.0,-1,6,30,1,1,1,16:20,7,1,11
2023522300669,2023,522300669,2,1,1,1,21,5,3,0,0,0,0,0,1,5,E01014746,-1,0,0.09833,0.90167,-1,6,30,1,1,1,12:24,6,2,1
2023010442233,2023,010442233,1,1,1,1,49,8,3,0,0,0,0,0,3,5,E01030743,-1,0,0.0,1.0,-1,6,20,2,1,2,19:15,3,2,3
2023461317721,2023,461317721,1,1,1,2,62,9,3,0,0,0,0,0,9,3,E01020981,3,1,0.0,1.0,-1,6,60,1,1,1,11:01,7,4,9
2023631314657,2023,631314657,1,1,1,1,31,6,3,0,0,0,0,0,9,6,W01000720,3,1,0.0,1.0,-1,6,30,1,4,1,00:10,1,1,9
2023201403262,2023,201403262,1,1,3,1,20,4,3,5,1,0,0,2,0,1,E01013755,3,1,0.0,1.0,-1,6,30,1,1,1,16:20,3,1,9
2023010434771,2023,010434771,1,1,1,2,36,7,3,0,0,0,0,0,1,3,E01033492,-1,0,0.0,1.0,-1,6,20,1,4,1,22:50,3,2,1
2023141263191,2023,141263191,2,1,1,1,35,6,3,0,0,0,0,0,5,3,E01007971,3,1,0.0,1.0,-1,3,30,1,4,1,22:10,6,2,5
2023010441953,2023,010441953,1,4,2,-1,-1,-1,3,0,0,2,0,0,9,-1,-1,-1,0,0.0,1.0,-1,6,20,8,1,1,20:10,6,2,9
2023141340965,2023,141340965,1,6,2,1,27,6,3,0,0,2,0,0,9,1,E01007723,3,1,0.0,1.0,-1,3,70,1,1,1,12:45,6,4,9
2023351379307,2023,351379307,2,2,1,2,33,6,3,0,0,0,0,0,9,5,E01018079,3,1,0.0,1.0,-1,6,60,1,1,1,09:52,3,2,9
2023421388173,2023,421388173,2,1,1,1,69,10,3,0,0,0,0,0,9,3,E01001508,3,1,0.0,1.0,-1,3,70,1,1,1,09:48,5,2,9
2023461382874,2023,461382874,2,1,1,1,67,10,3,0,0,0,0,0,90,6,E01024245,3,1,0.0,1.0,-1,6,30,1,1,1,10:48,7,2,90
2023991360086,2023,991360086,2,1,1,2,42,7,3,0,0,0,0,0,9,6,-1,3,1,0.0,1.0,-1,1,70,4,1,2,07:20,5,2,9
2023161391600,2023,161391600,1,1,3,1,39,7,3,9,8,0,0,2,0,7,E01012966,3,1,0.0,1.0,-1,6,60,4,6,1,00:58,7,1,9
2023010422273,2023,010422273,1,1,1,1,28,6,3,0,0,0,0,0,3,5,E01003292,-1,0,0.0,1.0,-1,6,30,1,1,2,08:54,5,2,3
2023231352668,2023,231352668,1,1,1,1,24,5,2,0,0,0,0,0,5,7,E01028995,7,1,1.0,0.0,-1,3,40,1,1,1,13:52,4,2,5
2023010454634,2023,010454634,1,1,1,2,45,7,3,0,0,0,0,0,9,3,E01000257,-1,0,0.0,1.0,-1,3,70,1,1,1,14:32,3,1,9
2023061307746,2023,061307746,1,1,2,1,-1,-1,3,0,0,1,0,0,9,-1,-1,3,1,0.0,1.0,-1,6,30,1,1,1,09:40,1,2,9
2023211278624,2023,211278624,2,3,2,1,7,2,3,0,0,1,0,0,9,-1,-1,3,1,0.0,1.0,-1,6,30,1,1,1,08:30,2,2,9
2023041266590,2023,041266590,1,1,3,1,39,7,2,8,1,0,0,0,0,3,E01005297,7,1,1.0,0.0,-1,6,20,2,4,2,17:20,1,1,9
2023430082507,2023,430082507,2,1,1,1,67,10,3,0,0,0,0,0,1,8,E01028715,-1,0,0.10311,0.89689,-1,6,60,1,1,2,15:40,4,2,1
2023421324186,2023,421324186,1,1,1,2,55,8,2,0,0,0,0,0,9,6,E01021539,5,1,1.0,0.0,-1,6,60,1,1,1,16:49,5,1,9
2023131326864,2023,131326864,2,1,1,1,37,7,2,0,0,0,0,0,1,5,E01010688,6,1,1.0,0.0,-1,6,30,1,1,1,08:25,6,2,1
2023010477226,2023,010477226,2,1,1,1,26,6,3,0,0,0,0,0,3,3,E01001492,-1,0,0.0,1.0,-1,6,30,1,4,1,18:17,6,2,3
2023631319553,2023,631319553,1,1,1,1,17,4,3,0,0,0,0,0,3,7,W01000642,3,1,0.0,1.0,-1,6,60,1,1,1,15:53,5,2,3
2023332300251,2023,332300251,2,2,2,2,24,5,3,0,0,2,0,0,9,3,E01013656,-1,0,0.03149,0.96851,-1,6,30,1,4,1,05:10,3,2,9
2023471259739,2023,471259739,1,1,1,1,39,7,3,0,0,0,0,0,9,2,E01003553,3,1,0.0,1.0,-1,7,70,1,6,1,18:08,4,2,9
2023111300468,2023,111300468,1,2,3,1,3,1,2,5,1,0,0,0,0,3,E01020770,7,1,1.0,0.0,-1,6,30,1,1,1,16:20,2,2,9
2023141379224,2023,141379224,1,1,3,1,16,4,2,6,9,0,0,0,0,2,E01011872,7,1,1.0,0.0,-1,6,60,1,4,2,18:10,7,1,9
2023221368070,2023,221368070,1,1,3,2,36,7,3,10,9,0,0,0,0,7,E01032398,3,1,0.0,1.0,-1,6,20,2,4,2,22:26,7,1,9
2023991368256,2023,991368256,3,1,1,1,48,8,3,0,0,0,0,0,1,2,-1,3,1,0.0,1.0,-1,6,30,1,1,1,12:00,7,3,1
2023451272601,2023,451272601,2,2,1,2,27,6,3,0,0,0,0,0,9,9,E01031742,3,1,0.0,1.0,-1,3,70,1,1,2,07:27,2,3,9
2023546240923,2023,546240923,1,1,2,2,72,10,3,0,0,1,0,0,9,7,E01032079,-1,0,0.07669,0.92331,-1,6,30,1,1,1,18:26,4,1,9
2023141379229,2023,141379229,1,2,2,2,47,8,1,0,0,1,0,0,9,2,E01007745,1,1,0.0,0.0,-1,6,30,2,4,2,23:36,1,5,9
2023302300224,2023,302300224,2,2,2,2,28,6,3,0,0,1,0,0,9,10,E01033533,-1,0,0.00979,0.99021,-1,3,70,1,1,1,15:40,2,2,9
2023141312184,2023,141312184,2,3,1,2,36,7,2,0,0,0,0,0,9,3,E01011784,5,1,1.0,0.0,-1,6,60,1,1,1,19:45,7,2,9
2023461378197,2023,461378197,1,1,1,2,28,6,3,0,0,0,0,0,9,1,E01024389,3,1,0.0,1.0,-1,6,30,1,1,1,16:16,3,2,9
2023170S12083,2023,170S12083,2,1,1,1,13,3,2,0,0,0,0,0,1,1,E01012258,-1,0,1.0,0.0,-1,6,30,1,1,1,08:15,6,2,1
2023131376049,2023,131376049,2,2,2,2,10,2,3,0,0,2,0,0,9,1,E01011737,3,1,0.0,1.0,-1,6,30,2,4,2,17:50,6,2,9
2023421356908,2023,421356908,2,1,1,1,18,4,3,0,0,0,0,0,9,9,E01021555,3,1,0.0,1.0,-1,3,40,1,1,1,17:06,2,2,9
2023451259266,2023,451259266,1,2,1,2,22,5,3,0,0,0,0,0,9,7,E01030451,3,1,0.0,1.0,-1,3,30,2,4,2,19:20,3,2,9
2023430282304,2023,430282304,1,1,1,1,25,5,3,0,0,0,0,0,-1,-1,-1,-1,0,0.16458,0.83542,-1,6,30,1,1,1,21:01,2,1,-1
2023340WN5072,2023,340WN5072,1,1,2,2,37,7,3,0,0,1,0,0,9,-1,-1,-1,0,0.14563,0.85437,-1,3,60,1,4,1,02:50,1,1,9
2023471292263,2023,471292263,2,2,2,1,35,6,3,0,0,2,0,0,9,7,E01014949,3,1,0.0,1.0,-1,6,60,1,1,2,11:08,5,2,9
2023531392162,2023,531392162,2,1,1,2,25,5,3,0,0,0,0,0,9,5,E01022435,3,1,0.0,1.0,-1,6,30,8,4,2,21:59,2,3,9
2023552300418,2023,552300418,1,1,1,1,33,6,3,0,0,0,0,0,9,7,E01020549,-1,0,0.03319,0.96681,-1,6,30,2,1,2,08:06,6,2,9
2023131260119,2023,131260119,2,1,1,1,49,8,3,0,0,0,0,0,1,2,E01011227,3,1,0.0,1.0,-1,6,20,2,4,2,16:12,5,2,1
2023010480360,2023,010480360,1,1,1,1,31,6,3,0,0,0,0,0,9,4,E01003771,-1,0,0.0,1.0,-1,9,20,2,4,2,21:47,1,1,9
2023631357616,2023,631357616,1,1,1,2,72,10,2,0,0,0,0,0,9,4,W01000602,7,1,1.0,0.0,-1,6,30,1,1,1,10:32,6,2,9
2023461354632,2023,461354632,1,1,1,1,-1,-1,3,0,0,0,0,0,1,8,E01030803,3,1,0.0,1.0,-1,6,60,1,1,1,14:30,7,3,1
2023122300637,2023,122300637,1,1,1,1,37,7,3,0,0,0,0,0,5,8,E01027738,-1,0,0.18581,0.81419,-1,6,60,1,1,1,12:45,5,2,5
2023332301066,2023,332301066,2,2,2,1,40,7,3,0,0,1,0,0,9,8,E01025908,-1,0,0.04242,0.95758,-1,6,40,1,4,2,23:26,2,2,9
2023991374589,2023,991374589,1,1,3,1,14,3,3,3,1,0,0,0,0,4,-1,3,1,0.0,1.0,-1,6,40,1,1,2,13:14,3,1,98
2023622300865,2023,622300865,2,2,1,1,40,7,3,0,0,0,0,0,3,1,W01001266,-1,0,0.10319,0.89681,-1,6,30,1,1,1,12:19,7,2,3
2023111348221,2023,111348221,1,2,2,1,29,6,1,0,0,1,0,0,9,-1,-1,1,1,0.0,0.0,-1,6,60,1,6,1,23:35,1,1,9
2023010449372,2023,010449372,1,1,1,1,44,7,3,0,0,0,0,0,4,4,E01000557,-1,0,0.0,1.0,-1,7,20,1,1,9,18:00,4,2,4
2023552300932,2023,552300932,2,1,1,1,57,9,2,0,0,0,0,0,5,4,E01020563,-1,0,1.0,0.0,-1,6,60,1,1,1,17:01,7,2,5
2023201292269,2023,201292269,2,2,2,2,21,5,3,0,0,1,0,0,9,1,E01009153,3,1,0.0,1.0,-1,6,30,1,4,1,01:17,7,2,9
2023440164201,2023,440164201,1,1,1,1,19,4,3,0,0,0,0,0,9,10,E01023175,-1,0,0.11397,0.88603,-1,6,40,1,6,1,01:05,5,1,9
2023010477743,2023,010477743,1,1,3,2,60,9,2,5,9,0,0,0,0,5,E01000264,-1,0,1.0,0.0,-1,1,30,1,4,1,17:00,2,1,9
2023201377370,2023,201377370,2,1,1,1,18,4,2,0,0,0,0,0,1,-1,-1,7,1,1.0,0.0,-1,6,30,1,1,1,18:15,2,2,1
2023320261088,2023,320261088,2,1,1,2,34,6,3,0,0,0,0,0,9,7,E01026319,-1,0,0.01416,0.98584,-1,6,30,2,1,2,16:00,1,2,9
2023061266464,2023,061266464,1,1,3,1,16,4,3,4,3,0,0,0,0,1,E01004846,3,1,0.0,1.0,-1,6,30,1,4,2,04:12,7,1,9
2023311348019,2023,311348019,1,1,1,1,38,7,2,0,0,0,0,0,5,1,E01028068,7,1,1.0,0.0,-1,6,30,1,1,1,18:10,7,3,5
2023430413936,2023,430413936,2,1,1,1,51,8,3,0,0,0,0,0,9,9,E01016786,-1,0,0.00404,0.99596,-1,6,30,1,1,1,16:38,5,2,9
2023522400115,2023,522400115,2,3,2,1,43,7,3,0,0,2,0,0,9,9,E01014748,-1,0,0.0736,0.9264,-1,6,50,1,6,1,00:02,7,3,9
2023010468683,2023,010468683,1,1,3,1,48,8,3,10,9,0,0,0,0,-1,-1,-1,0,0.0,1.0,-1,6,20,1,4,1,19:30,4,1,11
2023991341957,2023,991341957,1,1,3,1,11,3,3,10,1,0,0,2,0,-1,-1,3,1,0.0,1.0,-1,6,30,2,1,2,13:32,3,1,9
2023010445140,2023,010445140,2,1,1,2,13,3,3,0,0,0,0,0,1,2,E01001698,-1,0,0.0,1.0,-1,6,20,1,1,1,08:15,6,2,1
2023302300096,2023,302300096,2,1,1,2,55,8,3,0,0,0,0,0,9,10,E01019830,-1,0,0.00791,0.99209,-1,6,30,1,1,1,14:30,2,2,9
2023421344530,2023,421344530,1,1,3,1,20,4,3,5,1,0,0,0,0,8,E01021436,3,1,0.0,1.0,-1,1,30,1,1,1,12:40,1,1,9
2023010475406,2023,010475406,2,1,1,1,30,6,3,0,0,0,0,0,1,9,E01001916,-1,0,0.0,1.0,-1,6,20,2,4,2,21:35,4,2,1
2023010454283,2023,010454283,1,1,1,1,32,6,3,0,0,0,0,0,9,7,E01024141,-1,0,0.0,1.0,-1,6,30,1,1,1,18:50,3,2,9
2023010473306,2023,010473306,1,1,1,2,51,8,3,0,0,0,0,0,9,-1,-1,-1,0,0.0,1.0,-1,6,20,2,1,2,16:50,7,2,9
2023052300563,2023,052300563,1,1,1,2,43,7,3,0,0,0,0,0,9,1,E01005532,-1,0,0.04999,0.95001,-1,3,40,1,1,1,08:25,3,2,9
2023430003358,2023,430003358,1,1,1,2,31,6,3,0,0,0,0,0,9,3,E01017906,-1,0,0.01622,0.98378,-1,2,30,2,4,2,16:50,3,2,9
2023430178265,2023,430178265,2,1,1,1,25,5,3,0,0,0,0,0,9,6,E01017858,-1,0,0.02968,0.97032,-1,6,30,2,1,2,17:15,2,2,9
2023231382939,2023,231382939,1,1,3,1,60,9,3,5,3,0,0,0,0,2,E01031063,3,1,0.0,1.0,-1,6,30,2,4,2,20:00,2,1,9
2023201338836,2023,201338836,2,1,1,2,27,6,3,0,0,0,0,0,9,4,E01009423,3,1,0.0,1.0,-1,1,30,1,1,1,21:19,7,2,9
2023211395546,2023,211395546,2,2,2,2,20,4,3,0,0,1,0,0,9,8,E01006090,3,1,0.0,1.0,-1,3,70,1,6,2,16:28,5,2,9
2023320118242,2023,320118242,2,1,1,1,19,4,3,0,0,0,0,0,9,8,E01028035,-1,0,0.03092,0.96908,-1,6,30,1,6,1,20:00,6,2,9
2023451349602,2023,451349602,2,2,1,2,62,9,3,0,0,0,0,0,9,6,E01030843,3,1,0.0,1.0,-1,6,30,1,1,1,09:20,4,2,9
2023471263108,2023,471263108,2,1,1,2,38,7,3,0,0,0,0,0,9,9,E01022958,3,1,0.0,1.0,-1,3,70,1,1,2,12:20,4,2,9
2023471360432,2023,471360432,2,1,1,1,48,8,3,0,0,0,0,0,9,10,E01031619,3,1,0.0,1.0,-1,6,50,1,1,1,16:05,5,2,9
2023041264635,2023,041264635,2,3,2,1,28,6,3,0,0,0,0,0,11,1,E01025154,3,1,0.0,1.0,-1,6,60,1,1,1,14:22,2,2,11
2023101299910,2023,101299910,1,1,2,2,30,6,3,0,0,0,4,0,11,-1,-1,3,1,0.0,1.0,-1,3,30,1,1,1,17:45,4,2,11
2023061396242,2023,061396242,2,1,1,2,22,5,3,0,0,0,0,0,9,3,E01005498,3,1,0.0,1.0,-1,6,40,1,4,2,10:25,1,2,9
2023131304637,2023,131304637,2,1,2,2,18,4,3,0,0,1,0,0,9,5,E01011465,3,1,0.0,1.0,-1,6,30,1,1,1,18:15,5,2,9
2023351358769,2023,351358769,1,1,1,1,72,10,3,0,0,0,0,0,9,7,E01018026,3,1,0.0,1.0,-1,6,60,1,1,1,13:50,7,2,9
2023430267864,2023,430267864,2,1,1,1,64,9,2,0,0,0,0,0,1,9,E01017394,-1,0,1.0,0.0,-1,6,60,1,1,1,10:02,1,2,1
2023461339380,2023,461339380,2,1,1,1,26,6,3,0,0,0,0,0,1,1,E01010441,3,1,0.0,1.0,-1,3,30,1,1,1,14:30,2,2,1
2023010428724,2023,010428724,1,1,1,1,47,8,3,0,0,0,0,0,3,1,E01002071,-1,0,0.0,1.0,-1,3,30,8,1,2,07:25,5,2,3
2023501345620,2023,501345620,2,1,1,2,18,4,2,0,0,0,0,0,3,8,E01015068,7,1,1.0,0.0,-1,6,30,1,1,2,17:49,6,2,3
2023031376337,2023,031376337,2,1,1,2,65,9,2,0,0,0,0,0,9,-1,-1,6,1,1.0,0.0,-1,6,30,1,1,2,14:20,7,2,9
2023401274675,2023,401274675,2,1,1,1,45,7,3,0,0,0,0,0,9,1,E01015773,3,1,0.0,1.0,-1,3,30,2,4,2,07:16,3,2,9
2023461337029,2023,461337029,3,2,2,1,75,10,3,0,0,2,0,0,9,7,E01024737,3,1,0.0,1.0,-1,6,30,1,1,1,12:10,4,3,9
2023461354506,2023,461354506,2,1,2,2,78,11,3,0,0,1,0,0,9,3,E01024529,3,1,0.0,1.0,-1,6,40,1,1,1,12:29,4,2,9
2023461359593,2023,461359593,2,2,2,2,15,3,3,0,0,1,0,0,9,4,E01024086,3,1,0.0,1.0,-1,6,30,1,1,1,18:06,2,2,9
2023221297286,2023,221297286,2,3,2,1,6,2,3,0,0,2,0,0,9,6,E01032374,3,1,0.0,1.0,-1,6,60,2,1,2,17:07,6,2,9
2023430518151,2023,430518151,1,1,1,1,50,8,3,0,0,0,0,0,9,9,E01017714,-1,0,0.07811,0.92189,-1,3,70,1,6,1,18:59,6,2,9
2023451266983,2023,451266983,1,1,1,1,61,9,3,0,0,0,0,0,9,6,E01031477,3,1,0.0,1.0,-1,6,30,2,1,4,13:05,2,1,9
2023010466957,2023,010466957,1,1,1,2,34,6,3,0,0,0,0,0,1,2,E01001735,-1,0,0.0,1.0,-1,6,20,1,1,1,09:00,3,2,1
2023991328668,2023,991328668,5,4,1,1,57,9,3,0,0,0,0,0,1,-1,-1,3,1,0.0,1.0,-1,6,60,1,1,1,11:20,7,7,1
2023440485899,2023,440485899,1,2,2,1,16,4,3,0,0,1,0,0,9,9,E01014789,-1,0,0.16303,0.83697,-1,6,60,1,6,1,21:10,2,1,9
2023552300560,2023,552300560,1,1,1,2,62,9,3,0,0,0,0,0,9,6,E01015366,-1,0,0.05191,0.94809,-1,6,30,1,1,1,14:07,3,2,9
2023440506294,2023,440506294,1,1,1,1,31,6,3,0,0,0,0,0,3,3,E01022739,-1,0,0.17142,0.82858,-1,6,30,1,1,1,08:10,3,2,3
2023031294581,2023,031294581,1,1,1,1,45,7,3,0,0,0,0,0,5,-1,-1,3,1,0.0,1.0,-1,6,60,1,1,1,12:20,6,2,5
2023061373807,2023,061373807,3,1,1,1,28,6,3,0,0,0,0,0,5,-1,-1,3,1,0.0,1.0,-1,6,30,2,1,2,13:30,1,3,5
2023052300536,2023,052300536,2,1,1,1,43,7,3,0,0,0,0,0,9,8,E01007075,-1,0,0.09871,0.90129,-1,3,40,1,1,1,07:10,1,2,9
2023131265125,2023,131265125,1,1,1,1,26,6,3,0,0,0,0,0,9,6,E01011026,3,1,0.0,1.0,-1,6,30,1,4,4,19:19,4,2,9
2023411335628,2023,411335628,2,2,1,1,56,9,3,0,0,0,0,0,9,10,E01017612,3,1,0.0,1.0,-1,6,60,1,1,1,05:09,5,2,9
2023411296361,2023,411296361,1,1,1,1,36,7,3,0,0,0,0,0,19,1,E01023536,3,1,0.0,1.0,-1,6,30,1,4,1,17:12,4,2,19
2023141390711,2023,141390711,1,1,3,1,68,10,2,10,9,0,0,0,0,1,E01007760,7,1,1.0,0.0,-1,6,30,9,7,1,00:10,1,1,9
2023543413823,2023,543413823,1,1,1,1,18,4,3,0,0,0,0,0,3,5,E01031898,-1,0,0.18913,0.81087,-1,6,30,5,1,2,11:33,6,1,3
2023371283873,2023,371283873,1,2,1,1,22,5,3,0,0,0,0,0,9,-1,-1,3,1,0.0,1.0,-1,6,30,1,1,2,13:48,2,3,9
2023421342839,2023,421342839,1,1,1,2,17,4,2,0,0,0,0,0,23,-1,-1,7,1,1.0,0.0,-1,6,30,1,1,1,11:22,7,1,23
2023010472735,2023,010472735,1,1,1,1,21,5,3,0,0,0,0,0,1,2,E01003093,-1,0,0.0,1.0,-1,2,20,5,4,2,18:20,4,2,1