collision_index,collision_year,collision_ref_no,vehicle_reference,casualty_reference,casualty_class,sex_of_casualty,age_of_casualty,age_band_of_casualty,casualty_severity,pedestrian_location,pedestrian_movement,car_passenger,bus_or_coach_passenger,pedestrian_road_maintenance_worker,casualty_type,casualty_imd_decile,lsoa_of_casualty,enhanced_casualty_severity,casualty_injury_based,casualty_adjusted_severity_serious,casualty_adjusted_severity_slight,casualty_distance_banding,road_type,speed_limit,weather_conditions,light_conditions,road_surface_conditions,time,day_of_week,number_of_vehicles,vehicle_type
2023010436412,2023,010436412,2,2,2,2,57,9,3,0,0,1,0,0,9,1,E01002280,-1,0,0.0,1.0,-1,6,30,1,1,1,12:40,6,2,9
2023101332801,2023,101332801,3,5,2,2,9,2,3,0,0,2,0,0,9,9,E01027549,3,1,0.0,1.0,-1,6,60,1,1,1,09:58,2,4,9
2023131276108,2023,131276108,1,1,2,2,68,10,2,0,0,0,0,0,9,1,E01010624,7,1,1.0,0.0,-1,6,30,1,1,1,11:10,3,2,9
2023141376378,2023,141376378,1,1,1,2,24,5,2,0,0,0,0,0,9,2,E01007348,6,1,1.0,0.0,-1,6,30,2,4,2,17:10,1,3,9
2023340WN6862,2023,340WN6862,2,1,1,1,70,10,3,0,0,0,0,0,9,8,E01027000,-1,0,0.07426,0.92574,-1,6,30,1,1,2,14:20,2,2,9
2023421348055,2023,421348055,3,2,2,1,29,6,3,0,0,1,0,0,9,5,E01015949,3,1,0.0,1.0,-1,3,70,1,1,1,09:50,7,3,9
2023440133451,2023,440133451,2,1,1,1,31,6,3,0,0,0,0,0,9,1,E01017280,-1,0,0.02761,0.97239,-1,7,70,1,1,1,17:42,3,2,9
2023549283123,2023,549283123,2,1,1,2,37,7,3,0,0,0,0,0,9,8,E01015536,-1,0,0.02518,0.97482,-1,3,40,1,1,1,10:13,1,2,9
2023622300100,2023,622300100,1,1,1,1,41,7,3,0,0,0,0,0,9,10,W01001100,-1,0,0.05325,0.94675,-1,6,30,1,4,4,04:35,5,2,9
2023361347129,2023,361347129,2,1,1,2,41,7,3,0,0,0,0,0,9,5,E01026693,3,1,0.0,1.0,-1,6,40,1,1,1,10:06,5,2,9
2023361388080,2023,361388080,1,2,1,2,29,6,3,0,0,0,0,0,9,7,E01026588,3,1,0.0,1.0,-1,6,30,2,1,2,06:44,4,2,9
2023302300916,2023,302300916,2,2,2,2,36,7,3,0,0,0,0,0,5,2,E01019581,-1,0,0.19357,0.80643,-1,6,60,1,1,1,18:30,7,2,5
2023131389745,2023,131389745,1,1,1,1,70,10,3,0,0,0,0,0,9,6,E01010588,3,1,0.0,1.0,-1,6,30,1,1,2,12:42,2,1,9
2023430257207,2023,430257207,1,1,1,1,32,6,3,0,0,0,0,0,1,10,E01016632,-1,0,0.06176,0.93824,-1,6,30,1,1,1,11:47,1,2,1
2023546199623,2023,546199623,1,1,1,1,17,4,3,0,0,0,0,0,1,9,E01031858,-1,0,0.13429,0.86571,-1,6,30,1,1,1,20:23,3,2,1
2023010419316,2023,010419316,1,1,1,1,33,6,3,0,0,0,0,0,4,3,E01004427,-1,0,0.0,1.0,-1,1,30,1,1,1,14:15,1,2,4
2023052300198,2023,052300198,2,1,1,1,-1,-1,3,0,0,0,0,0,9,1,E01006678,-1,0,0.03414,0.96586,-1,3,30,1,4,1,23:30,7,3,9
2023451378432,2023,451378432,2,2,2,1,52,8,3,0,0,1,0,0,9,1,E01001410,3,1,0.0,1.0,-1,6,50,1,6,1,06:17,6,3,9
2023991409632,2023,991409632,2,1,2,2,56,9,2,0,0,1,0,0,9,-1,-1,5,1,1.0,0.0,-1,6,60,1,1,2,12:15,4,3,9
202360A091282,2023,60A091282,2,1,2,1,-1,-1,3,0,0,0,4,0,11,-1,-1,-1,0,0.02324,0.97676,-1,6,40,9,1,1,15:44,6,3,11
2023545497623,2023,545497623,3,3,2,1,55,8,2,0,0,0,0,0,19,3,E01029602,-1,0,1.0,0.0,-1,6,60,1,1,1,19:33,5,3,19
2023631352642,2023,631352642,2,1,1,1,49,8,3,0,0,0,0,0,19,3,W01000478,3,1,0.0,1.0,-1,6,60,1,1,1,14:40,5,2,19
2023522301340,2023,522301340,1,1,1,1,50,8,1,0,0,0,0,0,5,5,E01014530,-1,0,0.0,0.0,-1,6,20,1,4,1,21:38,6,1,5
2023010486032,2023,010486032,1,1,1,1,43,7,3,0,0,0,0,0,9,4,E01002369,-1,0,0.0,1.0,-1,3,50,1,1,1,07:50,4,2,9
2023430350570,2023,430350570,1,1,1,1,59,9,3,0,0,0,0,0,9,7,E01028560,-1,0,0.11827,0.88173,-1,3,50,1,1,1,06:54,2,2,9
2023451334749,2023,451334749,2,2,1,1,52,8,3,0,0,0,0,0,9,3,E01004183,3,1,0.0,1.0,-1,6,40,1,1,1,16:27,6,2,9
2023010462124,2023,010462124,1,1,1,1,46,8,3,0,0,0,0,0,1,10,E01030323,-1,0,0.0,1.0,-1,6,30,1,1,1,18:40,4,2,1
2023302301637,2023,302301637,1,1,3,1,39,7,3,1,3,0,0,0,0,5,E01019456,-1,0,0.13346,0.86654,-1,2,30,1,1,2,08:31,3,1,19
2023010473007,2023,010473007,1,1,1,1,18,4,2,0,0,0,0,0,3,5,E01000512,-1,0,1.0,0.0,-1,6,20,2,4,2,00:47,6,2,3
2023221339177,2023,221339177,1,3,1,1,28,6,2,0,0,0,0,0,9,6,E01014082,5,1,1.0,0.0,-1,6,50,1,6,1,05:02,3,2,9
2023221383513,2023,221383513,1,2,2,1,17,4,3,0,0,1,0,0,9,5,E01033529,3,1,0.0,1.0,-1,6,60,1,1,2,15:40,6,2,9
2023340WN2032,2023,340WN2032,1,1,1,2,42,7,3,0,0,0,0,0,9,4,E01027252,-1,0,0.06769,0.93231,-1,3,40,1,1,1,12:00,2,3,9
2023371391276,2023,371391276,2,1,1,1,37,7,3,0,0,0,0,0,9,9,E01029893,3,1,0.0,1.0,-1,6,30,1,1,1,09:34,2,2,9
2023052300078,2023,052300078,2,1,1,1,32,6,3,0,0,0,0,0,1,4,E01006554,-1,0,0.12766,0.87234,-1,6,30,2,4,2,16:45,3,2,1
2023231321894,2023,231321894,2,1,1,1,57,9,3,0,0,0,0,0,1,7,E01009558,3,1,0.0,1.0,-1,6,30,1,1,1,17:10,4,2,1
2023010425283,2023,010425283,1,1,1,1,43,7,3,0,0,0,0,0,9,5,E01002636,-1,0,0.0,1.0,-1,9,30,8,1,1,15:05,6,2,9
2023010453189,2023,010453189,2,1,1,1,43,7,3,0,0,0,0,0,9,2,E01003920,-1,0,0.0,1.0,-1,6,30,2,1,2,15:30,3,2,9
2023991318301,2023,991318301,1,1,1,1,19,4,3,0,0,0,0,0,9,10,-1,3,1,0.0,1.0,-1,3,70,1,1,1,16:10,3,2,9
2023010424726,2023,010424726,2,1,1,1,49,8,3,0,0,0,0,0,3,3,E01004425,-1,0,0.0,1.0,-1,6,30,1,1,1,11:02,4,2,3
2023451378705,2023,451378705,2,1,1,2,53,8,3,0,0,0,0,0,9,5,E01023110,3,1,0.0,1.0,-1,3,70,1,4,1,17:35,4,3,9
2023991362199,2023,991362199,2,13,2,2,14,3,3,0,0,0,4,0,11,-1,-1,3,1,0.0,1.0,-1,6,30,1,1,1,09:15,5,2,11
2023440417458,2023,440417458,2,1,1,1,29,6,3,0,0,0,0,0,1,1,E01017130,-1,0,0.10691,0.89309,-1,1,30,2,4,2,07:00,5,2,1
2023201293448,2023,201293448,2,1,1,1,35,6,3,0,0,0,0,0,3,2,E01010408,3,1,0.0,1.0,-1,3,30,1,1,1,07:34,3,2,3
2023302301952,2023,302301952,1,1,1,1,37,7,3,0,0,0,0,0,9,4,E01019710,-1,0,0.09785,0.90215,-1,6,30,8,4,4,00:25,5,1,9
2023361280646,2023,361280646,1,1,2,2,66,10,3,0,0,1,0,0,9,8,E01029942,3,1,0.0,1.0,-1,1,60,1,4,1,18:24,1,2,9
2023461307837,2023,461307837,2,2,2,2,64,9,3,0,0,1,0,0,9,6,E01024038,3,1,0.0,1.0,-1,6,30,2,1,2,11:15,6,2,9
2023991355865,2023,991355865,1,1,1,1,21,5,3,0,0,0,0,0,9,1,-1,3,1,0.0,1.0,-1,6,30,4,4,2,00:10,2,1,9
2023471351253,2023,471351253,2,1,1,1,42,7,3,0,0,0,0,0,1,10,E01030340,3,1,0.0,1.0,-1,6,30,1,1,1,15:30,1,3,1
2023122300291,2023,122300291,1,2,2,1,19,4,3,0,0,2,0,0,9,7,E01027891,-1,0,0.0344,0.9656,-1,6,30,1,1,2,11:18,2,2,9
2023201295732,2023,201295732,2,1,1,1,47,8,3,0,0,0,0,0,9,1,E01009062,3,1,0.0,1.0,-1,6,30,9,1,1,17:35,5,2,9
2023471313933,2023,471313933,1,1,1,2,46,8,2,0,0,0,0,0,9,10,E01021218,6,1,1.0,0.0,-1,6,60,1,1,1,14:55,5,3,9
2023320324276,2023,320324276,1,1,3,2,81,11,2,6,9,0,0,0,0,1,E01007474,-1,0,1.0,0.0,-1,6,30,8,1,1,13:50,7,1,22
2023070286752,2023,070286752,1,1,1,1,16,4,3,0,0,0,0,0,1,2,E01018596,-1,0,0.06697,0.93303,-1,1,30,1,4,1,22:30,3,2,1
2023010481993,2023,010481993,1,1,1,1,46,8,3,0,0,0,0,0,5,2,E01015754,-1,0,0.0,1.0,-1,2,20,2,4,2,20:20,2,2,5
2023302300252,2023,302300252,3,2,1,2,50,8,3,0,0,0,0,0,9,5,E01029433,-1,0,0.0527,0.9473,-1,6,50,8,1,1,08:17,5,4,9
2023332300841,2023,332300841,1,1,1,2,20,4,3,0,0,0,0,0,9,7,E01025909,-1,0,0.0275,0.9725,-1,6,50,2,1,2,14:45,3,2,9
2023401313447,2023,401313447,1,1,1,2,55,8,3,0,0,0,0,0,9,5,E01017388,3,1,0.0,1.0,-1,3,40,1,4,1,21:35,3,2,9
2023461348476,2023,461348476,1,1,1,1,20,4,3,0,0,0,0,0,9,-1,-1,3,1,0.0,1.0,-1,3,70,1,4,1,00:20,2,1,9
2023461315491,2023,461315491,2,1,2,2,68,10,3,0,0,0,-1,0,11,1,E01024390,3,1,0.0,1.0,-1,6,30,1,1,1,09:27,3,2,11
2023141291992,2023,141291992,1,1,3,2,11,3,3,5,1,0,0,0,0,2,E01007784,3,1,0.0,1.0,-1,9,30,1,1,1,08:25,4,1,9
2023991293002,2023,991293002,1,1,3,1,11,3,3,10,9,0,0,0,0,1,-1,3,1,0.0,1.0,-1,3,20,1,1,1,19:19,1,1,11
2023501274407,2023,501274407,2,1,1,1,20,4,3,0,0,0,0,0,9,3,E01019034,3,1,0.0,1.0,-1,6,60,2,1,2,07:50,4,2,9
2023471340482,2023,471340482,1,1,2,2,-1,-1,2,0,0,0,0,0,19,-1,-1,5,1,1.0,0.0,-1,6,30,2,1,2,17:11,3,3,19
2023070658267,2023,070658267,1,4,2,1,70,10,2,0,0,2,0,0,90,3,E01018729,-1,0,1.0,0.0,-1,6,30,1,1,1,17:50,5,2,90
2023010432743,2023,010432743,1,1,3,-1,-1,-1,3,5,2,0,0,0,0,-1,-1,-1,0,0.0,1.0,-1,7,20,2,1,2,12:30,6,1,9
2023010431538,2023,010431538,1,1,1,1,27,6,3,0,0,0,0,0,9,3,E01001640,-1,0,0.0,1.0,-1,6,30,1,4,2,03:54,7,1,9
2023440246327,2023,440246327,1,1,1,2,44,7,2,0,0,0,0,0,9,-1,-1,-1,0,1.0,0.0,-1,6,40,1,1,1,06:20,4,2,9
2023211309355,2023,211309355,1,1,1,1,54,8,2,0,0,0,0,0,17,9,E01028241,5,1,1.0,0.0,-1,3,70,2,1,2,16:09,6,1,17
2023991339712,2023,991339712,2,1,1,2,26,6,2,0,0,0,0,0,1,9,-1,7,1,1.0,0.0,-1,6,30,1,1,1,07:30,4,2,1
2023010446609,2023,010446609,2,1,1,1,31,6,2,0,0,0,0,0,3,6,E01003843,-1,0,1.0,0.0,-1,6,20,1,1,1,19:58,6,2,3
202360A077408,2023,60A077408,1,1,1,1,54,8,2,0,0,0,0,0,5,-1,-1,-1,0,1.0,0.0,-1,6,60,1,1,1,18:10,3,2,5
2023610036623,2023,610036623,2,2,1,1,41,7,3,0,0,1,0,0,8,2,W01001325,-1,0,0.06301,0.93699,-1,6,30,1,1,1,09:41,5,2,8
2023010474512,2023,010474512,1,1,3,1,-1,-1,3,10,9,0,0,0,0,-1,-1,-1,0,0.0,1.0,-1,6,20,8,1,2,16:00,6,1,9
2023010460183,2023,010460183,1,1,2,2,17,4,3,0,0,2,0,0,9,8,E01001987,-1,0,0.0,1.0,-1,6,20,1,4,1,02:18,7,2,9
2023061368600,2023,061368600,2,1,1,2,29,6,3,0,0,0,0,0,9,-1,-1,3,1,0.0,1.0,-1,6,20,1,1,2,13:35,2,2,9
2023211359858,2023,211359858,1,2,1,2,56,9,3,0,0,0,0,0,9,9,E01033534,3,1,0.0,1.0,-1,6,30,1,1,1,13:33,5,3,9
2023411305598,2023,411305598,1,1,1,1,48,8,3,0,0,0,0,0,9,3,E01002400,3,1,0.0,1.0,-1,1,40,1,1,1,12:40,2,2,9
2023461339678,2023,461339678,2,1,1,1,68,10,3,0,0,0,0,0,9,6,E01024363,3,1,0.0,1.0,-1,6,40,1,1,1,17:46,3,2,9
2023552300456,2023,552300456,2,1,1,2,18,4,3,0,0,0,0,0,9,9,E01020351,-1,0,0.03302,0.96698,-1,6,30,1,1,1,18:12,5,2,9
202360A073436,2023,60A073436,2,1,1,2,53,8,3,0,0,0,0,0,9,-1,-1,-1,0,0.03157,0.96843,-1,6,30,1,1,1,13:04,4,2,9
2023320025248,2023,320025248,2,2,1,1,25,5,3,0,0,0,0,0,19,4,E01013258,-1,0,0.08351,0.91649,-1,6,60,1,1,1,11:23,6,2,19
2023041371868,2023,041371868,1,1,3,1,42,7,3,1,3,0,0,0,0,7,E01025487,3,1,0.0,1.0,-1,6,30,2,4,2,18:38,3,1,9
2023631337828,2023,631337828,1,1,3,1,56,9,2,6,8,0,0,0,0,7,W01000445,7,1,1.0,0.0,-1,6,60,2,6,2,22:50,1,1,9
2023351380280,2023,351380280,1,1,1,1,46,8,3,0,0,0,0,0,3,3,E01017944,3,1,0.0,1.0,-1,6,30,1,1,1,14:15,6,2,3
2023010440440,2023,010440440,1,1,1,1,22,5,3,0,0,0,0,0,9,4,E01000976,-1,0,0.0,1.0,-1,6,30,1,4,1,22:42,1,2,9
2023302300674,2023,302300674,1,2,2,2,32,6,3,0,0,1,0,0,9,2,E01013538,-1,0,0.0259,0.9741,-1,6,30,1,1,1,11:50,5,2,9
2023351337775,2023,351337775,2,3,2,2,31,6,3,0,0,1,0,0,9,6,E01030112,3,1,0.0,1.0,-1,6,60,1,1,1,16:30,6,2,9
2023531364293,2023,531364293,2,1,1,2,37,7,3,0,0,0,0,0,9,5,E01014062,3,1,0.0,1.0,-1,3,50,1,4,1,19:15,3,2,9
2023991314475,2023,991314475,2,3,2,1,3,1,3,0,0,2,0,0,9,10,-1,3,1,0.0,1.0,-1,6,50,1,1,1,09:45,7,3,9
2023161325851,2023,161325851,2,1,1,1,14,3,3,0,0,0,0,0,1,4,E01012883,3,1,0.0,1.0,-1,6,20,1,1,1,18:16,3,2,1
2023201339794,2023,201339794,1,1,1,1,19,4,3,0,0,0,0,0,9,2,E01010088,3,1,0.0,1.0,-1,3,40,1,1,1,17:52,1,1,9
2023471357772,2023,471357772,1,2,1,1,49,8,2,0,0,0,0,0,9,5,E01031750,6,1,1.0,0.0,-1,6,60,1,1,1,16:28,6,2,9
2023010434878,2023,010434878,1,1,1,2,39,7,3,0,0,0,0,0,9,-1,-1,-1,0,0.0,1.0,-1,3,20,1,1,1,17:49,4,2,9
2023421260435,2023,421260435,1,1,1,1,42,7,3,0,0,0,0,0,9,-1,-1,3,1,0.0,1.0,-1,6,30,1,1,1,14:06,6,4,9
2023991316860,2023,991316860,2,1,2,2,51,8,3,0,0,1,0,0,9,3,-1,3,1,0.0,1.0,-1,6,60,1,1,1,10:15,6,2,9
2023010465322,2023,010465322,1,1,1,-1,28,6,3,0,0,0,0,0,3,1,E01003291,-1,0,0.0,1.0,-1,6,30,9,1,9,12:10,6,2,3
2023010432849,2023,010432849,1,1,1,1,26,6,3,0,0,0,0,0,9,2,E01003229,-1,0,0.0,1.0,-1,6,30,2,1,2,08:30,7,2,9
2023010486228,2023,010486228,1,1,1,2,26,6,3,0,0,0,0,0,9,3,E01001076,-1,0,0.0,1.0,-1,6,30,5,4,2,19:55,4,1,9
2023052302895,2023,052302895,1,1,3,1,14,3,3,5,3,0,0,0,0,1,E01006762,-1,0,0.13414,0.86586,-1,6,30,2,4,2,17:30,2,1,9
2023361282008,2023,361282008,2,1,3,1,19,4,3,6,9,0,0,0,0,1,E01026848,3,1,0.0,1.0,-1,6,20,1,4,1,18:10,4,2,9
2023440045248,2023,440045248,1,1,1,1,61,9,3,0,0,0,0,0,9,10,E01032761,-1,0,0.12788,0.87212,-1,6,50,1,6,1,18:05,5,4,9
2023010454233,2023,010454233,2,2,1,1,50,8,3,0,0,0,0,0,19,9,E01000358,-1,0,0.0,1.0,-1,6,30,1,1,1,06:30,2,2,19
2023451351397,2023,451351397,1,1,1,1,59,9,2,0,0,0,0,0,9,10,E01030561,7,1,1.0,0.0,-1,6,30,1,1,1,16:42,2,2,9
2023461297691,2023,461297691,2,1,1,1,25,5,3,0,0,0,0,0,9,3,E01024696,3,1,0.0,1.0,-1,3,60,1,1,1,14:30,2,3,9
2023471266146,2023,471266146,2,1,1,2,27,6,3,0,0,0,0,0,9,9,E01022613,3,1,0.0,1.0,-1,6,60,1,1,4,12:48,6,2,9
2023991358088,2023,991358088,1,1,1,1,27,6,3,0,0,0,0,0,9,1,-1,3,1,0.0,1.0,-1,6,30,2,4,2,21:00,7,2,9
2023010487030,2023,010487030,1,1,2,1,43,7,2,0,0,0,4,0,11,2,E01004014,-1,0,1.0,0.0,-1,3,30,1,1,1,14:22,6,1,11
2023010475389,2023,010475389,1,1,3,1,46,8,3,9,9,0,0,0,0,3,E01000622,-1,0,0.0,1.0,-1,6,20,8,1,1,09:15,4,1,20
2023201292063,2023,201292063,1,2,2,1,16,4,3,0,0,2,0,0,9,3,E01009086,3,1,0.0,1.0,-1,3,30,1,1,1,15:21,4,3,9
2023421390496,2023,421390496,2,1,2,2,36,7,3,0,0,1,0,0,9,5,E01030061,3,1,0.0,1.0,-1,3,70,1,1,2,12:00,6,2,9
2023991388395,2023,991388395,2,1,1,2,26,6,3,0,0,0,0,0,9,-1,-1,3,1,0.0,1.0,-1,6,30,1,1,4,15:19,4,2,9
2023061314705,2023,061314705,1,1,2,1,27,6,3,0,0,1,0,0,9,-1,-1,3,1,0.0,1.0,-1,6,30,1,4,1,20:39,7,3,9
2023070017843,2023,070017843,2,1,1,1,32,6,3,0,0,0,0,0,9,8,W01000073,-1,0,0.00457,0.99543,-1,6,30,1,1,1,12:24,6,2,9
2023361346255,2023,361346255,2,1,2,2,42,7,3,0,0,1,0,0,9,4,E01026841,3,1,0.0,1.0,-1,1,30,1,1,1,06:30,3,2,9
2023430431860,2023,430431860,2,1,1,1,27,6,3,0,0,0,0,0,3,6,E01028559,-1,0,0.04101,0.95899,-1,6,30,1,1,1,10:30,4,2,3
2023991303232,2023,991303232,1,1,1,1,19,4,2,0,0,0,0,0,3,7,-1,7,1,1.0,0.0,-1,3,30,1,1,1,12:19,3,2,3
2023061310557,2023,061310557,1,1,3,1,23,5,3,1,9,0,0,-1,0,1,E01005828,3,1,0.0,1.0,-1,6,30,1,1,1,18:30,2,1,9
2023302301052,2023,302301052,1,1,3,1,52,8,2,9,5,0,0,1,0,5,E01013530,-1,0,1.0,0.0,-1,6,30,1,1,1,09:45,2,1,9
2023010452860,2023,010452860,1,1,1,2,33,6,3,0,0,0,0,0,9,4,E01003268,-1,0,0.0,1.0,-1,3,50,1,1,1,06:40,2,2,9
2023061327452,2023,061327452,2,1,1,2,76,11,3,0,0,0,0,0,9,4,E01005712,3,1,0.0,1.0,-1,6,30,1,1,1,11:09,7,2,9
2023070828749,2023,070828749,1,1,1,2,39,7,2,0,0,0,0,0,9,5,E01019723,-1,0,1.0,0.0,-1,6,50,1,1,1,16:40,6,2,9
2023471266495,2023,471266495,2,1,1,2,68,10,3,0,0,0,0,0,9,8,E01031629,3,1,0.0,1.0,-1,6,60,8,1,4,09:02,7,2,9
2023631317682,2023,631317682,2,1,1,1,38,7,2,0,0,0,0,0,9,7,E01028884,7,1,1.0,0.0,-1,6,60,1,1,1,10:15,2,2,9
2023501392718,2023,501392718,1,1,3,2,78,11,2,5,1,0,0,0,0,6,E01019920,7,1,1.0,0.0,-1,6,20,1,1,1,11:15,6,1,9
2023451389123,2023,451389123,1,1,1,1,28,6,3,0,0,0,0,0,19,10,E01029576,3,1,0.0,1.0,-1,6,30,1,1,1,01:30,7,2,19
2023010448027,2023,010448027,1,1,3,1,30,6,3,5,3,0,0,0,0,4,E01004617,-1,0,0.0,1.0,-1,6,30,1,1,1,16:40,5,1,8
2023031357463,2023,031357463,3,3,2,1,31,6,2,0,0,1,0,0,9,3,E01019114,7,1,1.0,0.0,-1,6,30,1,4,2,20:42,3,2,9
2023161340437,2023,161340437,1,2,2,2,78,11,2,0,0,1,0,0,9,4,E01013197,6,1,1.0,0.0,-1,6,40,1,1,1,16:15,5,3,9
2023201292063,2023,201292063,3,3,1,1,30,6,3,0,0,0,0,0,9,-1,-1,3,1,0.0,1.0,-1,3,30,1,1,1,15:21,4,3,9
2023421267556,2023,421267556,2,1,1,1,52,8,3,0,0,0,0,0,9,3,E01021889,3,1,0.0,1.0,-1,6,30,1,4,1,17:00,3,2,9
2023461347818,2023,461347818,2,2,2,1,75,10,3,0,0,1,0,0,9,5,E01024532,3,1,0.0,1.0,-1,7,70,1,1,1,11:03,4,2,9
2023501331426,2023,501331426,1,1,3,1,47,8,2,9,8,0,0,0,0,4,E01019012,7,1,1.0,0.0,-1,6,20,1,1,1,10:00,5,1,9
2023010425130,2023,010425130,1,1,1,1,29,6,3,0,0,0,0,0,1,4,E01000916,-1,0,0.0,1.0,-1,2,20,1,1,1,08:30,6,2,1
2023122400055,2023,122400055,2,1,1,1,11,3,3,0,0,0,0,0,1,9,E01013434,-1,0,0.07244,0.92756,-1,6,40,1,1,1,15:30,3,2,1
2023461318163,2023,461318163,2,1,1,1,46,8,3,0,0,0,0,0,5,-1,-1,3,1,0.0,1.0,-1,6,60,1,1,1,18:07,4,2,5
2023211290249,2023,211290249,2,2,2,2,37,7,3,0,0,1,0,0,9,-1,-1,3,1,0.0,1.0,-1,6,50,1,1,2,16:30,6,3,9
2023010484604,2023,010484604,1,1,1,1,43,7,3,0,0,0,0,0,1,5,E01001407,-1,0,0.0,1.0,-1,6,30,1,4,1,17:25,5,2,1
2023311369536,2023,311369536,2,1,1,2,30,6,3,0,0,0,0,0,9,3,E01012832,3,1,0.0,1.0,-1,3,70,1,4,1,17:45,4,2,9
2023320691408,2023,320691408,2,2,1,2,47,8,2,0,0,0,0,0,9,5,E01026373,-1,0,1.0,0.0,-1,6,60,1,6,1,17:45,3,2,9
2023991279873,2023,991279873,1,1,3,1,10,2,2,1,1,0,0,2,0,7,-1,7,1,1.0,0.0,-1,6,20,1,6,1,15:16,5,1,9
2023201411286,2023,201411286,1,1,1,1,28,6,3,0,0,0,0,0,1,1,E01009147,3,1,0.0,1.0,-1,6,30,1,1,1,09:00,6,2,1
2023540277223,2023,540277223,1,1,1,1,24,5,3,0,0,0,0,0,5,8,E01031918,-1,0,0.19886,0.80114,-1,6,60,1,1,2,11:16,2,2,5
2023131376049,2023,131376049,2,1,1,2,34,6,3,0,0,0,0,0,9,1,E01011737,3,1,0.0,1.0,-1,6,30,2,4,2,17:50,6,2,9
2023010456594,2023,010456594,1,1,3,1,4,1,3,1,4,0,0,0,0,1,E01004322,-1,0,0.0,1.0,-1,6,30,1,1,1,13:50,6,1,1
2023201320715,2023,201320715,1,1,3,1,17,4,2,5,1,0,0,0,0,2,E01009890,7,1,1.0,0.0,-1,6,30,1,1,1,18:35,5,1,9
2023501288779,2023,501288779,2,1,2,2,30,6,3,0,0,1,0,0,9,3,E01015148,3,1,0.0,1.0,-1,6,40,2,1,2,12:10,4,2,9
2023052300339,2023,052300339,1,1,2,2,0,1,3,0,0,1,0,0,9,-1,-1,-1,0,0.02838,0.97162,-1,6,30,1,1,1,12:20,2,2,9
2023141308149,2023,141308149,1,1,2,2,15,3,3,0,0,2,0,0,9,-1,-1,3,1,0.0,1.0,-1,6,30,1,6,1,01:36,4,2,9
2023231367579,2023,231367579,1,1,1,2,36,7,3,0,0,0,0,0,9,8,E01031152,3,1,0.0,1.0,-1,6,60,1,1,1,14:25,4,1,9
2023070946604,2023,070946604,1,1,3,1,60,9,3,1,3,0,0,0,0,8,E01011829,-1,0,0.0794,0.9206,-1,6,30,1,1,1,16:55,6,1,9
2023131322511,2023,131322511,1,1,3,1,30,6,3,9,5,0,0,2,0,-1,-1,3,1,0.0,1.0,-1,6,30,1,1,1,11:30,4,1,9
2023622300084,2023,622300084,2,2,1,1,65,9,2,0,0,0,0,0,1,-1,-1,-1,0,1.0,0.0,-1,6,20,1,1,1,15:16,2,2,1
2023211443404,2023,211443404,1,1,1,1,57,9,2,0,0,0,0,0,4,-1,-1,5,1,1.0,0.0,-1,1,30,1,1,1,06:12,3,1,4
2023052302295,2023,052302295,2,1,1,2,37,7,3,0,0,0,0,0,9,4,E01007302,-1,0,0.00637,0.99363,-1,3,30,1,1,1,16:04,3,2,9
2023501352966,2023,501352966,2,1,1,1,63,9,2,0,0,0,0,0,9,4,E01019040,7,1,1.0,0.0,-1,6,60,1,6,2,18:40,6,2,9
2023010447364,2023,010447364,1,1,1,1,61,9,3,0,0,0,0,0,3,2,E01000075,-1,0,0.0,1.0,-1,6,30,1,1,1,11:30,3,2,3
2023010474456,2023,010474456,1,1,2,2,48,8,3,0,0,2,0,0,9,4,E01003447,-1,0,0.0,1.0,-1,6,20,2,4,2,02:42,7,2,9
2023421274573,2023,421274573,2,1,1,1,28,6,3,0,0,0,0,0,9,7,E01000326,3,1,0.0,1.0,-1,3,70,1,1,1,10:23,2,2,9
2023361348251,2023,361348251,1,1,3,1,34,6,2,9,5,0,0,1,0,3,E01026717,7,1,1.0,0.0,-1,6,30,1,1,1,14:53,5,1,9
2023401286186,2023,401286186,1,1,3,1,20,4,3,10,9,0,0,0,0,3,E01023637,3,1,0.0,1.0,-1,6,30,9,7,-1,03:00,1,1,-1
2023010434659,2023,010434659,2,1,1,1,37,7,3,0,0,0,0,0,3,5,E01003274,-1,0,0.0,1.0,-1,6,30,1,1,2,13:35,3,2,3
2023010475538,2023,010475538,1,1,1,1,-1,-1,3,0,0,0,0,0,3,2,E01033601,-1,0,0.0,1.0,-1,6,30,1,1,1,13:24,5,2,3
2023421362229,2023,421362229,2,1,1,2,31,6,3,0,0,0,0,0,9,5,E01030030,3,1,0.0,1.0,-1,3,40,1,4,1,00:26,4,3,9
2023010433549,2023,010433549,1,1,1,1,43,7,3,0,0,0,0,0,3,2,E01001115,-1,0,0.0,1.0,-1,3,30,1,1,1,11:05,3,3,3
2023461295265,2023,461295265,2,1,1,1,69,10,2,0,0,0,0,0,4,8,E01016094,6,1,1.0,0.0,-1,6,40,1,1,1,20:54,6,2,4
2023430296004,2023,430296004,1,1,1,1,17,4,3,0,0,0,0,0,9,9,E01016575,-1,0,0.00773,0.99227,-1,6,30,2,1,5,16:30,3,2,9
2023440456816,2023,440456816,1,1,1,2,17,4,3,0,0,0,0,0,9,9,E01023064,-1,0,0.14309,0.85691,-1,6,40,1,6,5,00:01,4,1,9
2023471329998,2023,471329998,2,1,1,2,35,6,3,0,0,0,0,0,9,5,E01021064,3,1,0.0,1.0,-1,6,30,1,4,1,21:40,1,2,9