collision_index,collision_year,collision_ref_no,vehicle_reference,casualty_reference,casualty_class,sex_of_casualty,age_of_casualty,age_band_of_casualty,casualty_severity,pedestrian_location,pedestrian_movement,car_passenger,bus_or_coach_passenger,pedestrian_road_maintenance_worker,casualty_type,casualty_imd_decile,lsoa_of_casualty,enhanced_casualty_severity,casualty_injury_based,casualty_adjusted_severity_serious,casualty_adjusted_severity_slight,casualty_distance_banding,road_type,speed_limit,weather_conditions,light_conditions,road_surface_conditions,time,day_of_week,number_of_vehicles,vehicle_type
2023320688737,2023,320688737,1,1,3,1,27,6,3,1,1,0,0,0,0,6,E01026147,-1,0,0.08265,0.91735,-1,6,30,2,4,2,11:29,2,1,9
2023010430436,2023,010430436,2,1,1,1,18,4,3,0,0,0,0,0,3,2,E01000905,-1,0,0.0,1.0,-1,2,20,1,4,1,20:00,7,3,3
2023052300707,2023,052300707,2,1,1,1,41,7,3,0,0,0,0,0,3,1,E01006690,-1,0,0.08905,0.91095,-1,6,20,1,1,1,12:00,2,2,3
2023421362882,2023,421362882,1,1,1,1,23,5,3,0,0,0,0,0,4,3,E01021291,3,1,0.0,1.0,-1,3,70,2,1,2,08:52,5,2,4
2023131319521,2023,131319521,2,2,1,1,29,6,3,0,0,0,0,0,5,5,E01019149,3,1,0.0,1.0,-1,6,50,1,1,1,14:15,6,2,5
2023010458180,2023,010458180,1,1,1,1,29,6,3,0,0,0,0,0,9,3,E01001504,-1,0,0.0,1.0,-1,9,30,9,1,9,20:00,1,2,9
2023332300091,2023,332300091,1,1,1,1,85,11,3,0,0,0,0,0,9,6,E01025978,-1,0,0.04479,0.95521,-1,6,30,1,1,1,09:00,7,1,9
2023430450549,2023,430450549,1,1,2,2,4,1,3,0,0,1,0,0,9,9,E01016345,-1,0,0.05438,0.94562,-1,6,40,1,1,1,11:20,7,3,9
2023010462296,2023,010462296,1,1,2,2,41,7,3,0,0,0,4,0,11,2,E01002722,-1,0,0.0,1.0,-1,6,20,1,1,1,19:40,5,1,11
2023111347527,2023,111347527,2,2,2,2,21,5,2,0,0,1,0,0,9,2,E01020823,7,1,1.0,0.0,-1,6,30,1,1,1,18:37,4,2,9
2023320169938,2023,320169938,2,1,1,2,56,9,3,0,0,0,0,0,9,6,E01026167,-1,0,0.03831,0.96169,-1,6,40,2,1,2,10:40,2,2,9
2023430131514,2023,430131514,2,1,1,2,40,7,3,0,0,0,0,0,9,3,E01016804,-1,0,0.00496,0.99504,-1,6,60,1,1,1,10:40,5,2,9
2023471330388,2023,471330388,1,1,1,1,21,5,2,0,0,0,0,0,9,5,E01031401,5,1,1.0,0.0,-1,6,50,1,6,1,20:57,5,2,9
2023161320797,2023,161320797,1,1,1,1,42,7,3,0,0,0,0,0,1,8,E01013104,3,1,0.0,1.0,-1,6,40,1,1,2,08:10,3,2,1
2023461353601,2023,461353601,1,1,1,1,63,9,3,0,0,0,0,0,1,2,E01016117,3,1,0.0,1.0,-1,2,30,1,1,1,21:48,6,2,1
2023351301518,2023,351301518,2,1,1,1,33,6,3,0,0,0,0,0,4,6,E01018190,3,1,0.0,1.0,-1,6,30,1,1,-1,17:40,3,2,4
2023041375388,2023,041375388,2,1,1,1,21,5,3,0,0,0,0,0,9,2,E01025244,3,1,0.0,1.0,-1,6,30,1,4,1,17:15,4,3,9
2023552300348,2023,552300348,2,2,1,1,26,6,3,0,0,0,0,0,9,4,E01015327,-1,0,0.05822,0.94178,-1,6,30,2,4,2,19:23,5,2,9
2023070442473,2023,070442473,1,1,1,1,20,4,3,0,0,0,0,0,3,2,E01012482,-1,0,0.17287,0.82713,-1,3,30,1,1,1,13:55,4,1,3
2023131322287,2023,131322287,2,1,2,2,21,5,3,0,0,2,0,0,8,1,E01033003,3,1,0.0,1.0,-1,6,20,1,1,1,13:55,7,2,8
2023070603064,2023,070603064,2,1,1,1,50,8,3,0,0,0,0,0,9,-1,-1,-1,0,0.08241,0.91759,-1,3,60,1,1,2,05:50,4,2,9
2023201299411,2023,201299411,1,1,1,1,19,4,3,0,0,0,0,0,9,-1,-1,3,1,0.0,1.0,-1,6,40,1,4,1,21:44,1,2,9
2023421328601,2023,421328601,1,2,2,1,52,8,2,0,0,2,0,0,9,4,E01015948,7,1,1.0,0.0,-1,6,30,1,1,1,09:55,4,1,9
202360A192795,2023,60A192795,1,1,2,2,36,7,3,0,0,1,0,0,8,-1,-1,-1,0,0.04948,0.95052,-1,1,50,2,1,2,09:37,6,1,8
2023522400728,2023,522400728,2,1,1,1,6,2,3,0,0,0,0,0,1,1,E01014658,-1,0,0.08881,0.91119,-1,6,30,1,1,1,19:00,6,2,1
2023010446398,2023,010446398,1,1,1,1,33,6,3,0,0,0,0,0,3,5,E01001646,-1,0,0.0,1.0,-1,6,30,1,1,1,14:34,5,2,3
2023010455565,2023,010455565,1,1,1,1,25,5,3,0,0,0,0,0,3,1,E01004241,-1,0,0.0,1.0,-1,1,20,4,6,1,21:26,1,2,3
2023010463581,2023,010463581,1,1,2,1,24,5,3,0,0,1,0,0,9,3,E01000222,-1,0,0.0,1.0,-1,6,30,8,1,1,18:09,5,2,9
2023501343664,2023,501343664,2,2,1,1,19,4,3,0,0,0,0,0,9,4,E01020305,3,1,0.0,1.0,-1,6,60,1,1,1,15:21,7,2,9
2023010439772,2023,010439772,1,1,3,2,41,7,2,1,1,0,0,0,0,3,E01001394,-1,0,1.0,0.0,-1,6,20,1,1,1,15:33,7,1,5
2023461275485,2023,461275485,1,1,1,1,20,4,3,0,0,0,0,0,9,7,E01024572,3,1,0.0,1.0,-1,6,60,1,1,2,14:02,1,2,9
2023522300666,2023,522300666,2,3,2,1,36,7,3,0,0,2,0,0,9,1,E01014658,-1,0,0.02885,0.97115,-1,6,40,1,1,1,14:10,6,2,9
2023010434139,2023,010434139,2,1,1,1,35,6,3,0,0,0,0,0,3,5,E01001217,-1,0,0.0,1.0,-1,3,20,1,1,1,13:21,7,2,3
2023131302994,2023,131302994,2,1,2,2,31,6,3,0,0,1,0,0,9,4,E01010834,3,1,0.0,1.0,-1,6,30,1,1,1,13:09,2,2,9
2023302300621,2023,302300621,1,1,1,1,-1,-1,3,0,0,0,0,0,9,6,E01019545,-1,0,0.05267,0.94733,-1,6,30,1,1,1,11:00,7,2,9
2023320783194,2023,320783194,1,1,1,2,43,7,3,0,0,0,0,0,9,-1,-1,-1,0,0.07138,0.92862,-1,6,60,5,6,2,17:00,5,2,9
2023461328696,2023,461328696,2,1,1,1,48,8,3,0,0,0,0,0,1,-1,-1,3,1,0.0,1.0,-1,6,30,1,4,1,22:35,4,2,1
2023010449572,2023,010449572,1,1,1,1,42,7,3,0,0,0,0,0,9,1,E01004236,-1,0,0.0,1.0,-1,6,20,1,1,1,10:45,6,2,9
2023201422745,2023,201422745,2,3,2,2,23,5,3,0,0,1,0,0,9,2,E01010016,3,1,0.0,1.0,-1,6,30,1,4,2,19:55,7,2,9
2023440470484,2023,440470484,1,1,2,1,13,3,3,0,0,1,0,0,9,10,E01023180,-1,0,0.09279,0.90721,-1,6,60,1,1,2,13:02,6,1,9
2023531384067,2023,531384067,1,1,1,2,41,7,3,0,0,0,0,0,9,7,E01022224,3,1,0.0,1.0,-1,3,70,2,4,2,15:10,5,1,9
2023041345290,2023,041345290,1,1,3,1,38,7,3,5,9,0,0,2,0,9,E01025211,3,1,0.0,1.0,-1,6,60,1,1,1,10:35,5,1,9
2023041374737,2023,041374737,1,1,3,1,30,6,3,8,1,0,0,0,0,3,E01025310,3,1,0.0,1.0,-1,3,30,1,1,1,16:12,5,1,9
2023421344103,2023,421344103,1,1,3,2,25,5,3,6,9,0,0,0,0,10,E01021626,3,1,0.0,1.0,-1,6,30,1,1,1,13:00,3,1,1
2023311306910,2023,311306910,2,1,1,1,8,2,2,0,0,0,0,0,1,3,E01028064,6,1,1.0,0.0,-1,6,30,1,1,1,19:45,7,2,1
2023061264042,2023,061264042,1,1,1,1,34,6,2,0,0,0,0,0,9,1,E01024906,5,1,1.0,0.0,-1,3,70,1,6,4,19:33,2,3,9
2023501390599,2023,501390599,1,1,1,1,21,5,3,0,0,0,0,0,9,5,E01020088,3,1,0.0,1.0,-1,6,60,1,6,2,08:42,6,2,9
2023010446985,2023,010446985,1,1,1,1,43,7,3,0,0,0,0,0,19,6,E01017592,-1,0,0.0,1.0,-1,6,20,8,1,1,11:20,6,2,19
2023010449508,2023,010449508,1,1,1,2,35,6,3,0,0,0,0,0,20,2,E01003190,-1,0,0.0,1.0,-1,3,40,1,1,1,15:10,6,2,20
2023451303511,2023,451303511,2,2,1,1,59,9,2,0,0,0,0,0,21,7,E01030889,7,1,1.0,0.0,-1,3,30,1,1,1,11:03,4,2,21
2023430422499,2023,430422499,2,1,1,1,17,4,3,0,0,0,0,0,3,10,E01028806,-1,0,0.16127,0.83873,-1,6,50,2,1,2,14:41,4,2,3
2023010425941,2023,010425941,1,1,1,2,37,7,3,0,0,0,0,0,9,1,E01001549,-1,0,0.0,1.0,-1,6,30,1,4,1,18:53,3,2,9
2023430472899,2023,430472899,2,1,1,1,66,10,3,0,0,0,0,0,9,10,E01032949,-1,0,0.08406,0.91594,-1,6,50,1,4,2,19:20,6,2,9
2023461313904,2023,461313904,1,1,1,2,33,6,3,0,0,0,0,0,9,5,E01024191,3,1,0.0,1.0,-1,7,70,1,1,1,09:37,3,2,9
2023991288018,2023,991288018,1,1,3,1,54,8,2,5,3,0,0,0,0,4,-1,6,1,1.0,0.0,-1,6,30,1,4,2,19:10,6,1,98
2023031258798,2023,031258798,1,1,1,1,71,10,2,0,0,0,0,0,1,8,E01019372,6,1,1.0,0.0,-1,6,60,1,1,4,12:00,2,1,1
2023520400324,2023,520400324,1,1,1,1,74,10,3,0,0,0,0,0,8,9,E01019790,-1,0,0.10211,0.89789,-1,6,40,1,1,1,16:30,6,1,8
2023101330314,2023,101330314,2,1,1,2,48,8,3,0,0,0,0,0,9,1,E01008730,3,1,0.0,1.0,-1,1,30,1,1,1,17:08,6,2,9
2023201306229,2023,201306229,1,1,2,2,53,8,2,0,0,2,0,0,9,8,E01010373,7,1,1.0,0.0,-1,6,30,1,1,1,14:35,3,2,9
2023221378643,2023,221378643,1,1,2,1,6,2,3,0,0,2,0,0,9,-1,-1,3,1,0.0,1.0,-1,3,70,1,1,1,13:07,6,4,9
2023401378099,2023,401378099,2,2,1,2,81,11,3,0,0,0,0,0,9,3,E01015783,3,1,0.0,1.0,-1,6,30,8,1,2,13:10,7,2,9
2023546164623,2023,546164623,1,1,1,2,41,7,3,0,0,0,0,0,9,1,E01015507,-1,0,0.04773,0.95227,-1,1,40,1,1,1,06:18,3,1,9
2023991388748,2023,991388748,2,1,1,1,38,7,3,0,0,0,0,0,9,4,-1,3,1,0.0,1.0,-1,6,60,1,6,2,16:00,6,2,9
2023221389248,2023,221389248,2,5,2,2,43,7,3,0,0,2,0,0,10,3,W01001313,3,1,0.0,1.0,-1,3,60,1,1,2,12:25,7,2,10
2023061302002,2023,061302002,2,1,3,1,25,5,2,6,9,0,0,0,0,4,E01004964,7,1,1.0,0.0,-1,6,30,1,1,1,06:25,5,2,9
2023351319455,2023,351319455,1,1,3,2,52,8,2,1,2,0,0,0,0,6,E01018741,7,1,1.0,0.0,-1,6,20,1,1,1,16:30,5,1,1
2023991293761,2023,991293761,1,2,3,2,9,2,2,5,1,0,0,2,0,-1,-1,5,1,1.0,0.0,-1,6,30,1,1,1,17:45,3,1,11
2023201415069,2023,201415069,1,1,1,1,43,7,2,0,0,0,0,0,9,3,E01006073,7,1,1.0,0.0,-1,6,30,1,4,1,16:02,2,3,9
2023610025723,2023,610025723,2,2,1,1,18,4,3,0,0,0,0,0,19,-1,-1,-1,0,0.12946,0.87054,-1,6,60,1,6,1,01:39,6,2,19
2023041375877,2023,041375877,1,1,1,1,23,5,2,0,0,0,0,0,1,1,E01025248,7,1,1.0,0.0,-1,6,30,1,4,1,18:17,6,2,1
2023041376848,2023,041376848,2,1,1,2,44,7,3,0,0,0,0,0,9,6,E01025444,3,1,0.0,1.0,-1,6,30,1,6,2,19:29,2,2,9
2023052301165,2023,052301165,1,2,2,1,20,4,2,0,0,2,0,0,9,3,E01006876,-1,0,1.0,0.0,-1,6,20,1,4,2,02:20,1,3,9
2023440208501,2023,440208501,1,1,1,2,36,7,3,0,0,0,0,0,9,4,E01023261,-1,0,0.0367,0.9633,-1,6,30,1,1,1,14:00,6,2,9
2023520400252,2023,520400252,1,1,2,1,17,4,3,0,0,1,0,0,9,4,E01029090,-1,0,0.07455,0.92545,-1,6,50,1,6,1,04:17,1,1,9
2023552301347,2023,552301347,2,1,1,1,23,5,3,0,0,0,0,0,9,3,E01015293,-1,0,0.01597,0.98403,-1,6,30,2,1,2,08:55,4,2,9
2023471278514,2023,471278514,1,1,1,1,27,6,2,0,0,0,0,0,3,4,E01016872,7,1,1.0,0.0,-1,6,30,1,4,1,17:00,2,2,3
2023991339921,2023,991339921,1,1,1,1,50,8,3,0,0,0,0,0,5,2,-1,3,1,0.0,1.0,-1,3,70,1,1,1,13:15,4,1,5
2023041337077,2023,041337077,2,2,2,2,62,9,3,0,0,1,0,0,9,3,E01025356,3,1,0.0,1.0,-1,6,30,1,1,1,11:54,1,2,9
2023061334190,2023,061334190,2,2,1,1,40,7,3,0,0,0,0,0,9,2,E01005887,3,1,0.0,1.0,-1,6,30,1,1,1,18:44,5,2,9
2023170S31933,2023,170S31933,1,1,1,2,25,5,2,0,0,0,0,0,9,-1,-1,-1,0,1.0,0.0,-1,6,30,1,4,2,20:16,4,2,9
2023201296316,2023,201296316,2,1,2,2,16,4,3,0,0,1,0,0,9,7,E01010078,3,1,0.0,1.0,-1,3,40,1,4,1,21:40,7,2,9
2023320379960,2023,320379960,2,1,2,2,20,4,3,0,0,1,0,0,9,6,E01026344,-1,0,0.02331,0.97669,-1,6,60,1,1,1,08:51,4,2,9
2023471360589,2023,471360589,1,1,1,1,68,10,3,0,0,0,0,0,9,5,E01021089,3,1,0.0,1.0,-1,6,40,1,6,1,19:24,7,3,9
2023010474191,2023,010474191,1,1,3,2,60,9,3,5,3,0,0,0,0,3,E01001548,-1,0,0.0,1.0,-1,6,30,2,4,2,06:05,5,1,9
2023010474105,2023,010474105,1,1,1,1,36,7,3,0,0,0,0,0,3,4,E01001183,-1,0,0.0,1.0,-1,6,30,1,1,1,12:29,4,2,3
2023320210972,2023,320210972,1,1,1,1,19,4,3,0,0,0,0,0,3,9,E01015684,-1,0,0.23666,0.76334,-1,6,60,1,6,1,20:50,6,1,3
2023531307233,2023,531307233,2,1,1,1,17,4,3,0,0,0,0,0,3,4,E01022188,3,1,0.0,1.0,-1,1,40,1,4,1,21:30,1,2,3
2023421322302,2023,421322302,1,1,1,1,56,9,2,0,0,0,0,0,5,5,E01021572,6,1,1.0,0.0,-1,6,40,1,1,1,15:35,7,2,5
2023302300779,2023,302300779,2,2,1,1,41,7,2,0,0,0,0,0,9,10,E01033169,-1,0,1.0,0.0,-1,6,30,1,4,1,23:40,4,2,9
2023401298896,2023,401298896,2,1,2,1,45,7,3,0,0,1,0,0,9,3,E01015801,3,1,0.0,1.0,-1,6,30,1,1,1,10:56,5,2,9
2023552300757,2023,552300757,2,1,1,2,47,8,3,0,0,0,0,0,9,2,E01015312,-1,0,0.01139,0.98861,-1,6,30,2,1,2,18:30,3,2,9
2023010466259,2023,010466259,1,1,3,1,16,4,2,1,1,0,0,0,0,7,E01000462,-1,0,1.0,0.0,-1,3,20,1,1,1,16:20,6,1,9
2023101377865,2023,101377865,1,1,3,1,48,8,3,5,3,0,0,0,0,5,E01008397,3,1,0.0,1.0,-1,6,30,1,4,2,17:22,4,1,9
2023010434279,2023,010434279,1,2,2,-1,-1,-1,3,0,0,1,0,0,9,1,E01004042,-1,0,0.0,1.0,-1,9,30,1,1,1,13:20,7,2,9
2023991362998,2023,991362998,2,1,1,1,36,7,3,0,0,0,0,0,8,10,-1,3,1,0.0,1.0,-1,6,20,1,4,1,02:25,7,2,8
2023471334094,2023,471334094,2,2,1,1,45,7,2,0,0,0,0,0,9,4,E01031834,7,1,1.0,0.0,-1,6,30,1,1,1,14:15,5,2,9
2023991372264,2023,991372264,3,2,2,2,62,9,3,0,0,-1,0,0,9,10,-1,3,1,0.0,1.0,-1,3,70,1,1,1,14:59,4,3,9
2023041371854,2023,041371854,1,3,2,1,3,1,3,0,0,2,0,0,9,2,E01024951,3,1,0.0,1.0,-1,6,30,1,4,2,17:50,3,2,9
2023101331539,2023,101331539,1,1,1,2,37,7,3,0,0,0,0,0,9,3,E01008186,3,1,0.0,1.0,-1,6,60,1,1,1,12:00,5,2,9
2023211373239,2023,211373239,2,1,1,2,36,7,3,0,0,0,0,0,9,2,E01029824,3,1,0.0,1.0,-1,6,30,8,4,1,23:39,6,2,9
2023320003006,2023,320003006,1,1,1,2,18,4,3,0,0,0,0,0,9,7,E01026066,-1,0,0.07182,0.92818,-1,6,60,1,6,1,17:05,2,3,9
2023451316553,2023,451316553,2,2,2,2,58,9,3,0,0,2,0,0,9,10,E01016632,3,1,0.0,1.0,-1,3,70,1,6,1,01:22,5,2,9
2023010450609,2023,010450609,2,1,1,2,11,3,2,0,0,0,0,0,-1,1,E01003252,-1,0,1.0,0.0,-1,6,20,1,1,1,15:46,4,2,-1
2023340NN4292,2023,340NN4292,2,1,1,1,18,4,3,0,0,0,0,0,97,3,E01027060,-1,0,0.05316,0.94684,-1,6,30,2,1,2,13:20,1,2,97
2023061310964,2023,061310964,1,1,3,1,43,7,3,10,9,0,0,0,0,-1,-1,3,1,0.0,1.0,-1,3,30,1,4,1,22:45,4,1,9
2023170L21323,2023,170L21323,2,1,1,1,23,5,3,0,0,0,0,0,9,7,E01012055,-1,0,0.03454,0.96546,-1,6,30,1,4,1,19:21,1,2,9
2023340WN2422,2023,340WN2422,2,1,1,2,28,6,3,0,0,0,0,0,9,6,E01027029,-1,0,0.06427,0.93573,-1,6,60,1,1,1,15:59,5,2,9
2023544675523,2023,544675523,2,1,1,2,82,11,3,0,0,0,0,0,9,10,E01032009,-1,0,0.04625,0.95375,-1,6,30,1,1,1,10:22,5,2,9
2023991334111,2023,991334111,1,1,2,1,23,5,2,0,0,2,0,0,9,6,-1,7,1,1.0,0.0,-1,6,40,2,1,2,15:45,5,2,9
2023991352477,2023,991352477,1,2,1,2,17,4,3,0,0,0,0,0,9,10,-1,3,1,0.0,1.0,-1,3,30,1,1,1,07:35,4,2,9
2023531351058,2023,531351058,2,1,1,1,23,5,3,0,0,0,0,0,9,6,E01022400,3,1,0.0,1.0,-1,6,30,1,1,1,10:50,7,2,9
2023991393430,2023,991393430,1,1,2,2,20,4,2,0,0,2,0,0,9,-1,-1,7,1,1.0,0.0,-1,6,30,1,4,2,21:16,7,1,9
2023010479184,2023,010479184,1,1,3,2,31,6,3,1,9,0,0,0,0,5,E01001988,-1,0,0.0,1.0,-1,6,20,1,1,1,13:00,6,1,1
2023522301343,2023,522301343,1,1,3,1,80,11,3,6,9,0,0,0,0,3,E01014841,-1,0,0.0316,0.9684,-1,6,30,1,1,1,09:35,3,1,9
2023070560077,2023,070560077,2,1,1,2,28,6,3,0,0,0,0,0,3,3,E01012470,-1,0,0.06321,0.93679,-1,6,40,1,1,1,16:00,7,2,3
2023041352057,2023,041352057,2,1,2,1,25,5,2,0,0,2,0,0,9,3,E01012623,7,1,1.0,0.0,-1,6,20,2,1,2,11:30,3,2,9
2023440162448,2023,440162448,2,2,1,2,58,9,3,0,0,0,0,0,9,10,E01022849,-1,0,0.07065,0.92935,-1,6,30,1,4,2,21:55,3,2,9
2023451316050,2023,451316050,1,2,2,1,38,7,3,0,0,1,0,0,9,10,E01030754,3,1,0.0,1.0,-1,3,50,1,1,1,14:00,4,2,9
2023010457333,2023,010457333,1,1,1,1,25,5,3,0,0,0,0,0,1,3,E01004270,-1,0,0.0,1.0,-1,6,20,1,1,1,19:00,3,2,1
2023052302446,2023,052302446,2,1,1,1,50,8,3,0,0,0,0,0,1,3,E01007156,-1,0,0.07542,0.92458,-1,6,30,1,1,2,16:40,6,2,1
2023461325475,2023,461325475,2,1,1,1,71,10,3,0,0,0,0,0,9,4,E01003230,3,1,0.0,1.0,-1,3,70,1,1,1,06:40,7,2,9
2023320507681,2023,320507681,1,1,1,1,70,10,3,0,0,0,0,0,5,7,E01021910,-1,0,0.27707,0.72293,-1,6,60,1,1,1,08:45,4,2,5
2023010452129,2023,010452129,1,1,1,2,56,9,3,0,0,0,0,0,9,2,E01002829,-1,0,0.0,1.0,-1,9,20,9,1,9,09:00,5,2,9
2023041381034,2023,041381034,2,2,1,2,19,4,3,0,0,0,0,0,9,9,E01024983,3,1,0.0,1.0,-1,6,30,1,1,4,12:00,5,2,9
2023320460067,2023,320460067,2,2,1,2,36,7,3,0,0,0,0,0,9,10,E01026300,-1,0,0.01146,0.98854,-1,6,30,1,1,1,16:02,3,2,9
2023430139525,2023,430139525,1,1,1,1,30,6,3,0,0,0,0,0,9,5,E01016519,-1,0,0.0422,0.9578,-1,3,60,2,4,2,19:36,4,1,9
2023440170477,2023,440170477,2,3,1,2,25,5,3,0,0,0,0,0,9,6,E01017066,-1,0,0.11506,0.88494,-1,3,70,1,1,1,17:01,2,3,9
2023010478090,2023,010478090,1,2,2,1,33,6,3,0,0,0,0,0,19,3,E01024149,-1,0,0.0,1.0,-1,3,50,1,1,2,09:30,4,2,19
2023531329717,2023,531329717,1,1,3,1,53,8,3,9,8,0,0,0,0,9,W01001549,3,1,0.0,1.0,-1,6,20,1,1,1,14:32,1,1,9
2023531306363,2023,531306363,1,1,2,1,16,4,3,0,0,1,0,0,9,7,E01022180,3,1,0.0,1.0,-1,6,60,1,1,1,13:30,5,1,9
2023552301195,2023,552301195,2,1,1,2,51,8,3,0,0,0,0,0,9,9,E01020417,-1,0,0.01448,0.98552,-1,6,30,1,1,1,13:18,5,2,9
2023991300430,2023,991300430,1,1,1,2,65,9,3,0,0,0,0,0,9,3,-1,3,1,0.0,1.0,-1,3,50,1,1,1,15:10,2,1,9
2023991379920,2023,991379920,2,1,1,1,17,4,3,0,0,0,0,0,9,6,-1,3,1,0.0,1.0,-1,6,60,1,6,1,21:14,6,3,9
2023010465137,2023,010465137,1,1,3,1,60,9,3,9,9,0,0,0,0,4,E01000405,-1,0,0.0,1.0,-1,6,20,1,1,1,15:15,1,2,9
2023041343240,2023,041343240,2,1,1,2,21,5,2,0,0,0,0,0,9,8,E01012611,6,1,1.0,0.0,-1,6,30,1,1,1,18:08,6,3,9
2023131283042,2023,131283042,1,1,1,1,77,11,3,0,0,0,0,0,9,4,E01010798,3,1,0.0,1.0,-1,6,30,1,1,1,13:15,5,1,9
2023302301321,2023,302301321,1,1,1,1,26,6,2,0,0,0,0,0,9,1,E01011036,-1,0,1.0,0.0,-1,6,50,1,1,1,15:36,7,2,9
2023461386894,2023,461386894,1,2,1,1,48,8,3,0,0,0,0,0,9,4,E01024382,3,1,0.0,1.0,-1,6,40,1,1,1,12:55,2,2,9
2023522300466,2023,522300466,1,1,1,1,51,8,3,0,0,0,0,0,9,10,E01014903,-1,0,0.00728,0.99272,-1,3,30,1,1,1,11:51,5,2,9
2023631382788,2023,631382788,1,1,3,1,54,8,3,10,5,0,0,2,0,3,W01000510,3,1,0.0,1.0,-1,6,30,8,6,4,09:20,6,1,9
202360A077637,2023,60A077637,2,1,1,1,30,6,3,0,0,0,0,0,4,-1,-1,-1,0,0.1945,0.8055,-1,6,30,1,1,1,07:54,4,2,4
2023421268567,2023,421268567,2,2,1,1,18,4,3,0,0,0,0,0,9,7,E01021967,3,1,0.0,1.0,-1,6,60,1,6,2,17:13,5,2,9
2023481359178,2023,481359178,1,1,3,1,25,5,3,9,9,0,0,1,0,-1,-1,3,1,0.0,1.0,-1,6,20,1,1,1,13:35,5,1,20
2023471353667,2023,471353667,2,1,1,1,24,5,2,0,0,0,0,0,3,2,E01016914,5,1,1.0,0.0,-1,6,30,1,4,1,23:11,6,2,3
2023131354924,2023,131354924,2,2,2,1,18,4,2,0,0,2,0,0,9,1,E01011922,7,1,1.0,0.0,-1,6,60,1,1,2,17:20,4,2,9
2023340NN1772,2023,340NN1772,1,3,2,1,15,3,3,0,0,1,0,0,9,7,E01017545,-1,0,0.07876,0.92124,-1,6,60,1,1,1,16:45,5,2,9
2023340WN9082,2023,340WN9082,1,1,1,1,38,7,1,0,0,0,0,0,9,2,E01016726,-1,0,0.0,0.0,-1,6,50,1,6,1,00:20,3,2,9
2023440161261,2023,440161261,2,3,2,1,9,2,3,0,0,1,0,0,9,2,E01022820,-1,0,0.03891,0.96109,-1,6,30,1,1,1,08:55,3,2,9
2023501299650,2023,501299650,2,1,1,2,19,4,3,0,0,0,0,0,9,6,E01019030,3,1,0.0,1.0,-1,1,30,1,1,1,09:10,5,2,9
2023010446310,2023,010446310,1,1,1,1,41,7,3,0,0,0,0,0,97,7,E01016613,-1,0,0.0,1.0,-1,6,20,1,1,1,19:00,4,2,97
2023131302130,2023,131302130,4,1,1,2,50,8,3,0,0,0,0,0,9,2,E01010889,3,1,0.0,1.0,-1,6,30,1,1,1,16:12,6,4,9
2023411383848,2023,411383848,2,2,1,1,28,6,3,0,0,0,0,0,9,10,E01023609,3,1,0.0,1.0,-1,6,30,2,1,2,13:04,1,2,9
2023461326441,2023,461326441,2,1,1,1,58,9,3,0,0,0,0,0,9,7,E01024317,3,1,0.0,1.0,-1,6,30,1,1,1,11:10,7,2,9
2023991277763,2023,991277763,1,1,1,-1,35,6,3,0,0,0,0,0,9,4,-1,3,1,0.0,1.0,-1,3,70,2,6,2,22:55,6,1,9
2023010432425,2023,010432425,1,2,2,-1,-1,-1,3,0,0,1,0,0,9,4,E01002593,-1,0,0.0,1.0,-1,6,30,2,4,2,21:42,4,2,9
2023211331993,2023,211331993,1,1,1,2,55,8,3,0,0,0,0,0,9,2,E01014276,3,1,0.0,1.0,-1,6,30,1,1,1,17:37,6,3,9
2023451290110,2023,451290110,2,2,2,2,80,11,2,0,0,1,0,0,9,9,E01030817,7,1,1.0,0.0,-1,6,40,1,1,1,17:45,3,2,9
2023545281023,2023,545281023,2,1,1,2,24,5,2,0,0,0,0,0,9,10,E01031984,-1,0,1.0,0.0,-1,6,30,9,1,1,10:15,7,2,9
2023552300417,2023,552300417,1,1,1,2,66,10,3,0,0,0,0,0,9,8,E01015322,-1,0,0.09092,0.90908,-1,3,70,2,6,2,10:05,6,1,9
2023010456411,2023,010456411,2,1,1,1,34,6,3,0,0,0,0,0,1,2,E01003924,-1,0,0.0,1.0,-1,3,30,1,1,1,08:20,5,2,1
2023141375650,2023,141375650,1,1,1,2,43,7,3,0,0,0,0,0,1,10,E01019604,3,1,0.0,1.0,-1,6,30,2,1,2,20:20,4,2,1
2023010433690,2023,010433690,1,1,3,2,25,5,2,10,9,0,0,0,0,-1,-1,-1,0,1.0,0.0,-1,3,20,5,4,2,23:18,4,1,19
2023070017136,2023,070017136,2,1,1,2,57,9,3,0,0,0,0,0,1,8,E01012389,-1,0,0.10324,0.89676,-1,1,30,1,1,1,08:20,6,2,1
2023311293008,2023,311293008,2,1,1,1,12,3,3,0,0,0,0,0,1,2,E01028279,3,1,0.0,1.0,-1,6,30,1,1,1,19:18,1,2,1
2023010435870,2023,010435870,1,3,2,1,-1,-1,3,0,0,9,0,0,9,4,E01024142,-1,0,0.0,1.0,-1,6,40,1,1,1,18:10,3,1,9
2023211344535,2023,211344535,2,2,1,2,77,11,2,0,0,0,0,0,9,1,E01008896,7,1,1.0,0.0,-1,3,70,1,1,1,16:40,3,2,9