collision_index,collision_year,collision_ref_no,vehicle_reference,casualty_reference,casualty_class,sex_of_casualty,age_of_casualty,age_band_of_casualty,casualty_severity,pedestrian_location,pedestrian_movement,car_passenger,bus_or_coach_passenger,pedestrian_road_maintenance_worker,casualty_type,casualty_imd_decile,lsoa_of_casualty,enhanced_casualty_severity,casualty_injury_based,casualty_adjusted_severity_serious,casualty_adjusted_severity_slight,casualty_distance_banding,road_type,speed_limit,weather_conditions,light_conditions,road_surface_conditions,time,day_of_week,number_of_vehicles,vehicle_type
2023161372791,2023,161372791,1,1,3,1,3,1,3,5,4,0,0,2,0,10,E01013118,3,1,0.0,1.0,-1,6,20,1,1,2,11:00,5,1,9
2023411345475,2023,411345475,1,1,3,1,56,9,3,10,9,0,0,0,0,10,E01023459,3,1,0.0,1.0,-1,6,20,1,6,1,22:11,3,1,19
2023141302484,2023,141302484,2,1,1,1,68,10,3,0,0,0,0,0,1,9,E01007890,3,1,0.0,1.0,-1,1,30,1,1,1,13:30,1,2,1
2023161291464,2023,161291464,1,2,1,1,12,3,3,0,0,0,0,0,1,1,E01012834,3,1,0.0,1.0,-1,6,30,1,1,1,08:25,2,2,1
2023141391233,2023,141391233,2,1,1,1,57,9,3,0,0,0,0,0,9,4,E01007536,3,1,0.0,1.0,-1,6,40,4,4,2,16:33,5,2,9
2023170S10773,2023,170S10773,1,1,1,2,40,7,3,0,0,0,0,0,9,1,E01012016,-1,0,0.09685,0.90315,-1,6,60,2,1,2,15:55,5,2,9
2023401365913,2023,401365913,2,3,1,1,42,7,3,0,0,0,0,0,9,9,E01027250,3,1,0.0,1.0,-1,6,60,1,6,1,05:45,4,2,9
2023401281768,2023,401281768,1,1,3,2,13,3,2,1,3,0,0,0,0,9,E01017389,6,1,1.0,0.0,-1,6,30,2,1,-1,07:30,4,1,9
2023371279388,2023,371279388,2,1,1,2,62,9,2,0,0,0,0,0,1,5,E01030165,7,1,1.0,0.0,-1,6,30,1,1,1,12:40,6,2,1
2023010452831,2023,010452831,1,2,2,2,-1,-1,3,0,0,2,0,0,9,-1,-1,-1,0,0.0,1.0,-1,9,20,1,1,1,17:15,1,2,9
2023141345717,2023,141345717,2,1,2,2,8,2,3,0,0,2,0,0,9,-1,-1,3,1,0.0,1.0,-1,3,70,1,1,1,10:05,7,2,9
2023430118015,2023,430118015,2,1,2,2,28,6,3,0,0,2,0,0,9,7,E01016584,-1,0,0.03738,0.96262,-1,3,40,1,1,1,15:45,5,3,9
2023991291862,2023,991291862,2,1,2,1,19,4,3,0,0,1,0,0,9,-1,-1,3,1,0.0,1.0,-1,6,60,1,1,2,18:30,4,2,9
2023430157024,2023,430157024,2,1,2,2,43,7,3,0,0,0,0,0,19,10,E01016284,-1,0,0.01195,0.98805,-1,6,30,1,1,2,20:00,2,2,19
2023421356512,2023,421356512,2,1,1,1,40,7,3,0,0,0,0,0,9,6,E01001522,3,1,0.0,1.0,-1,3,70,5,7,2,23:00,6,2,9
2023991352073,2023,991352073,2,2,1,2,44,7,3,0,0,0,0,0,9,-1,-1,3,1,0.0,1.0,-1,6,30,1,1,1,19:20,3,2,9
2023041267019,2023,041267019,2,2,1,1,51,8,3,0,0,0,0,0,9,8,E01024957,3,1,0.0,1.0,-1,3,50,1,1,2,12:00,2,2,9
2023061323604,2023,061323604,2,1,1,2,27,6,3,0,0,0,0,0,9,5,E01005002,3,1,0.0,1.0,-1,6,20,9,1,-1,19:00,6,2,9
2023010425043,2023,010425043,1,1,3,1,31,6,3,5,9,0,0,0,0,-1,-1,-1,0,0.0,1.0,-1,6,30,1,4,1,00:20,6,1,9
2023052301424,2023,052301424,2,1,1,1,14,3,3,0,0,0,0,0,1,1,E01006505,-1,0,0.07787,0.92213,-1,6,30,1,1,1,21:15,4,2,1
2023440052583,2023,440052583,1,1,1,1,27,6,2,0,0,0,0,0,4,3,E01017360,-1,0,1.0,0.0,-1,6,40,1,6,1,19:31,3,1,4
2023010430913,2023,010430913,1,1,1,1,33,6,3,0,0,0,0,0,9,5,E01023843,-1,0,0.0,1.0,-1,1,30,1,4,1,19:30,3,2,9
2023010482243,2023,010482243,1,1,1,2,39,7,3,0,0,0,0,0,9,2,E01003325,-1,0,0.0,1.0,-1,3,40,8,4,2,20:55,3,2,9
2023041340738,2023,041340738,2,2,1,1,77,11,3,0,0,0,0,0,9,7,E01025593,3,1,0.0,1.0,-1,6,30,1,1,1,13:24,6,4,9
2023302301037,2023,302301037,2,1,1,2,34,6,3,0,0,0,0,0,9,3,E01019667,-1,0,0.01573,0.98427,-1,6,30,1,1,1,09:00,5,2,9
2023471344174,2023,471344174,2,4,1,1,52,8,3,0,0,0,0,0,9,7,E01021010,3,1,0.0,1.0,-1,6,30,1,1,1,12:48,2,5,9
2023549462723,2023,549462723,1,1,1,1,17,4,3,0,0,0,0,0,9,8,E01015561,-1,0,0.04923,0.95077,-1,6,30,1,4,1,23:35,5,1,9
2023552301120,2023,552301120,1,1,1,1,33,6,3,0,0,0,0,0,9,6,E01020445,-1,0,0.07731,0.92269,-1,6,60,2,1,2,14:52,2,1,9
2023010445068,2023,010445068,1,1,1,1,38,7,3,0,0,0,0,0,1,3,E01004202,-1,0,0.0,1.0,-1,9,20,1,1,1,14:30,2,2,1
2023010441361,2023,010441361,1,1,1,-1,22,5,3,0,0,0,0,0,3,5,E01000615,-1,0,0.0,1.0,-1,6,20,1,1,1,14:35,4,2,3
2023311373366,2023,311373366,2,1,1,1,42,7,3,0,0,0,0,0,1,-1,-1,3,1,0.0,1.0,-1,6,30,1,1,1,10:15,6,2,1
2023430206978,2023,430206978,1,1,1,1,22,5,3,0,0,0,0,0,1,5,E01016374,-1,0,0.03717,0.96283,-1,6,30,1,1,1,18:40,5,2,1
2023451383926,2023,451383926,2,1,1,2,68,10,2,0,0,0,0,0,1,10,E01030443,6,1,1.0,0.0,-1,6,30,1,1,2,09:40,5,2,1
2023311261690,2023,311261690,2,1,1,1,34,6,2,0,0,0,0,0,3,5,E01028242,7,1,1.0,0.0,-1,6,50,8,4,2,22:30,2,3,3
2023421312418,2023,421312418,2,2,1,1,58,9,3,0,0,0,0,0,9,10,E01021643,3,1,0.0,1.0,-1,6,30,1,1,1,15:23,1,2,9
2023061363978,2023,061363978,3,5,2,1,74,10,3,0,0,0,4,0,11,5,E01006292,3,1,0.0,1.0,-1,6,30,1,1,1,13:20,3,3,11
2023361275434,2023,361275434,2,1,1,1,37,7,3,0,0,0,0,0,9,3,E01026631,3,1,0.0,1.0,-1,6,40,1,1,1,06:57,2,2,9
2023211322410,2023,211322410,2,1,2,2,18,4,3,0,0,2,0,0,8,10,E01029678,3,1,0.0,1.0,-1,1,50,1,1,1,16:31,7,2,8
2023320436643,2023,320436643,1,1,1,1,28,6,3,0,0,0,0,0,9,4,E01026259,-1,0,0.10494,0.89506,-1,6,60,2,1,2,07:11,7,1,9
2023401339514,2023,401339514,2,1,2,2,34,6,3,0,0,1,0,0,9,1,E01015732,3,1,0.0,1.0,-1,6,30,1,1,1,19:42,5,2,9
2023991319527,2023,991319527,2,1,1,2,31,6,3,0,0,0,0,0,9,1,-1,3,1,0.0,1.0,-1,3,30,1,1,1,15:55,6,2,9
2023320352614,2023,320352614,2,1,1,1,61,9,3,0,0,0,0,0,5,3,E01013474,-1,0,0.2249,0.7751,-1,6,60,1,1,1,11:50,6,2,5
2023041282040,2023,041282040,1,1,1,1,19,4,2,0,0,0,0,0,9,8,E01025280,7,1,1.0,0.0,-1,6,50,2,4,2,20:31,4,2,9
2023631328388,2023,631328388,2,1,1,1,57,9,3,0,0,0,0,0,9,7,W01000428,3,1,0.0,1.0,-1,6,50,1,1,2,17:15,3,3,9
2023041312319,2023,041312319,2,1,1,1,36,7,3,0,0,0,0,0,1,5,E01025206,3,1,0.0,1.0,-1,6,20,1,1,1,08:12,6,2,1
2023320297557,2023,320297557,1,1,1,1,53,8,3,0,0,0,0,0,9,8,E01028337,-1,0,0.06301,0.93699,-1,3,60,1,1,1,08:11,3,2,9
2023552300817,2023,552300817,2,1,1,1,40,7,3,0,0,0,0,0,90,4,E01015326,-1,0,0.09662,0.90338,-1,6,30,1,1,1,13:54,3,2,90
2023131261715,2023,131261715,2,1,1,1,54,8,2,0,0,0,0,0,1,10,E01011572,7,1,1.0,0.0,-1,6,30,2,4,2,17:06,3,2,1
2023481361953,2023,481361953,2,1,1,1,46,8,3,0,0,0,0,0,1,-1,-1,3,1,0.0,1.0,-1,6,20,1,1,1,07:00,1,2,1
2023010435140,2023,010435140,1,1,1,1,46,8,3,0,0,0,0,0,4,8,E01000848,-1,0,0.0,1.0,-1,9,20,9,7,9,20:20,5,2,4
2023622301053,2023,622301053,1,1,1,1,21,5,3,0,0,0,0,0,5,2,W01000739,-1,0,0.21188,0.78812,-1,3,50,1,6,2,23:30,3,1,5
2023131348709,2023,131348709,2,2,2,2,5,1,3,0,0,2,0,0,8,3,E01011807,3,1,0.0,1.0,-1,6,20,1,1,1,09:40,2,2,8
2023311298088,2023,311298088,2,1,1,1,71,10,2,0,0,0,0,0,9,5,E01027946,6,1,1.0,0.0,-1,6,60,1,1,1,17:12,3,2,9
2023430087285,2023,430087285,2,1,1,2,40,7,3,0,0,0,0,0,9,9,E01028463,-1,0,0.0046,0.9954,-1,3,70,1,1,1,11:40,7,2,9
2023461348448,2023,461348448,1,4,2,1,18,4,3,0,0,2,0,0,9,5,E01024489,3,1,0.0,1.0,-1,7,70,1,4,1,05:15,1,1,9
2023622300406,2023,622300406,1,1,1,2,72,10,3,0,0,0,0,0,9,5,W01001068,-1,0,0.0358,0.9642,-1,6,30,1,1,1,10:35,6,2,9
2023631350606,2023,631350606,2,1,1,1,59,9,3,0,0,0,0,0,9,10,E01017639,3,1,0.0,1.0,-1,6,60,1,1,1,15:40,6,2,9
2023010472469,2023,010472469,2,1,1,1,55,8,2,0,0,0,0,0,1,9,E01000382,-1,0,1.0,0.0,-1,6,30,1,1,1,12:00,3,2,1
2023052302812,2023,052302812,2,1,1,1,70,10,3,0,0,0,0,0,1,2,E01006653,-1,0,0.13812,0.86188,-1,3,30,1,1,1,10:53,6,2,1
2023101381574,2023,101381574,2,1,1,1,50,8,3,0,0,0,0,0,5,2,E01008341,3,1,0.0,1.0,-1,7,30,1,1,1,10:23,4,2,5
2023070637552,2023,070637552,2,1,1,2,37,7,3,0,0,0,0,0,9,9,E01018585,-1,0,0.01151,0.98849,-1,6,30,1,1,1,14:27,6,2,9
2023141337326,2023,141337326,2,2,1,1,20,4,3,0,0,0,0,0,9,5,E01007366,3,1,0.0,1.0,-1,3,70,2,6,2,20:30,4,2,9
2023141337653,2023,141337653,1,2,2,1,13,3,3,0,0,2,0,0,9,-1,-1,3,1,0.0,1.0,-1,1,30,1,1,1,15:30,3,2,9
2023010484020,2023,010484020,1,1,2,1,55,8,2,0,0,0,1,0,11,6,E01000590,-1,0,1.0,0.0,-1,6,30,1,4,2,15:56,5,1,11
2023351357214,2023,351357214,2,1,1,1,36,7,3,0,0,0,0,0,9,6,E01018170,3,1,0.0,1.0,-1,1,60,1,1,-1,07:22,4,2,9
2023421390008,2023,421390008,2,1,1,1,70,10,3,0,0,0,0,0,9,7,E01021146,3,1,0.0,1.0,-1,3,70,2,6,2,18:20,3,2,9
2023471389546,2023,471389546,1,1,1,2,25,5,3,0,0,0,0,0,9,-1,-1,3,1,0.0,1.0,-1,1,70,1,4,1,06:14,2,2,9
2023991281091,2023,991281091,2,1,1,1,61,9,3,0,0,0,0,0,9,6,-1,3,1,0.0,1.0,-1,6,60,2,6,1,20:15,5,2,9
2023010472159,2023,010472159,1,1,3,2,72,10,3,5,9,0,0,0,0,3,E01000638,-1,0,0.0,1.0,-1,6,30,1,1,1,16:42,1,1,9
2023131271599,2023,131271599,1,1,3,1,58,9,2,10,9,0,0,-1,0,2,E01010722,7,1,1.0,0.0,-1,6,30,1,4,2,17:50,4,1,23
2023522400109,2023,522400109,2,1,1,1,37,7,3,0,0,0,0,0,2,6,E01014769,-1,0,0.08874,0.91126,-1,1,30,1,1,1,14:18,5,2,2
2023010443329,2023,010443329,1,1,1,2,35,6,3,0,0,0,0,0,9,8,E01000673,-1,0,0.0,1.0,-1,3,30,1,4,1,20:56,3,2,9
2023221401747,2023,221401747,1,2,2,2,17,4,2,0,0,1,0,0,9,9,E01014094,7,1,1.0,0.0,-1,6,40,1,1,2,13:48,6,2,9
2023411330672,2023,411330672,1,1,1,1,60,9,3,0,0,0,0,0,9,5,E01023529,3,1,0.0,1.0,-1,6,30,1,1,1,13:30,3,1,9
2023201295311,2023,201295311,2,1,1,1,52,8,3,0,0,0,0,0,1,9,E01009557,3,1,0.0,1.0,-1,1,30,1,1,1,10:40,3,2,1
2023461302762,2023,461302762,2,1,1,1,-1,-1,3,0,0,0,0,0,3,3,E01024696,3,1,0.0,1.0,-1,6,30,1,1,1,18:30,3,2,3
2023361283375,2023,361283375,2,1,1,1,55,8,3,0,0,0,0,0,9,6,E01026737,3,1,0.0,1.0,-1,6,40,1,1,2,08:45,2,2,9
202363B027923,2023,63B027923,1,1,1,2,22,5,3,0,0,0,0,0,9,-1,-1,-1,0,0.16378,0.83622,-1,6,60,1,6,1,01:35,1,1,9
2023501358923,2023,501358923,2,1,1,2,43,7,3,0,0,0,0,0,9,8,E01019962,3,1,0.0,1.0,-1,1,30,1,1,1,16:00,6,2,9
2023610004523,2023,610004523,1,1,1,2,29,6,3,0,0,0,0,0,9,8,W01001517,-1,0,0.02829,0.97171,-1,6,30,2,4,2,17:20,6,2,9
2023010438136,2023,010438136,1,1,1,1,39,7,2,0,0,0,0,0,3,3,E01003374,-1,0,1.0,0.0,-1,6,30,1,4,1,22:44,3,2,3
2023411323930,2023,411323930,2,1,1,1,28,6,3,0,0,0,0,0,4,3,E01003603,3,1,0.0,1.0,-1,6,20,1,1,-1,12:50,4,2,4
2023010457586,2023,010457586,2,3,2,2,10,2,3,0,0,2,0,0,9,6,E01004581,-1,0,0.0,1.0,-1,6,20,1,1,1,18:15,5,2,9
2023010456387,2023,010456387,2,1,1,1,37,7,2,0,0,0,0,0,4,4,E01002016,-1,0,1.0,0.0,-1,6,30,1,1,1,20:42,5,3,4
2023041304141,2023,041304141,2,1,1,1,42,7,2,0,0,0,0,0,97,4,E01006349,6,1,1.0,0.0,-1,6,30,1,1,1,17:00,5,2,97
2023430002153,2023,430002153,2,1,1,1,-1,-1,3,0,0,0,0,0,1,-1,-1,-1,0,0.0408,0.9592,-1,6,30,1,1,1,16:05,2,2,1
2023010434346,2023,010434346,2,2,1,2,37,7,3,0,0,0,0,0,9,4,E01016705,-1,0,0.0,1.0,-1,3,50,1,1,1,17:00,1,2,9
2023052300552,2023,052300552,2,1,2,2,14,3,3,0,0,1,0,0,9,7,E01006856,-1,0,0.01128,0.98872,-1,6,30,1,1,1,08:45,3,3,9
2023070070787,2023,070070787,2,1,1,1,24,5,3,0,0,0,0,0,9,9,E01018365,-1,0,0.04579,0.95421,-1,6,30,1,4,1,19:30,3,2,9
2023010482240,2023,010482240,1,1,2,2,9,2,3,0,0,2,0,0,9,3,E01003143,-1,0,0.0,1.0,-1,6,20,1,4,1,17:45,3,2,9
2023351367679,2023,351367679,2,2,1,2,57,9,3,0,0,0,0,0,9,7,E01023662,3,1,0.0,1.0,-1,6,50,1,1,2,15:00,6,4,9
2023430453528,2023,430453528,2,1,2,2,66,10,3,0,0,1,0,0,9,10,E01017749,-1,0,0.07547,0.92453,-1,6,50,1,1,1,12:10,2,2,9
2023451353361,2023,451353361,2,1,1,1,39,7,3,0,0,0,0,0,9,8,E01030893,3,1,0.0,1.0,-1,6,60,1,6,1,23:40,7,2,9
2023401379299,2023,401379299,2,1,1,2,40,7,3,0,0,0,0,0,9,3,E01017580,3,1,0.0,1.0,-1,6,30,8,1,2,08:42,4,2,9
2023451368475,2023,451368475,1,1,1,2,42,7,3,0,0,0,0,0,9,8,E01030552,3,1,0.0,1.0,-1,6,30,9,1,1,09:30,5,2,9
2023430078235,2023,430078235,2,2,2,2,8,2,3,0,0,2,0,0,8,6,E01016745,-1,0,0.00458,0.99542,-1,6,60,1,1,1,13:50,6,2,8
2023010445530,2023,010445530,1,1,3,2,6,2,3,10,9,0,0,0,0,2,E01001441,-1,0,0.0,1.0,-1,2,30,1,1,1,18:45,7,1,2
2023010437229,2023,010437229,2,1,1,1,55,8,3,0,0,0,0,0,1,2,E01001118,-1,0,0.0,1.0,-1,6,20,1,1,1,17:02,5,2,1
2023052300831,2023,052300831,2,1,1,1,14,3,3,0,0,0,0,0,1,1,E01006571,-1,0,0.11218,0.88782,-1,3,40,1,1,1,18:50,3,2,1
2023201301184,2023,201301184,1,1,1,1,36,7,3,0,0,0,0,0,9,2,E01010408,3,1,0.0,1.0,-1,6,30,1,1,1,15:15,2,2,9
2023302300909,2023,302300909,1,1,1,2,35,6,2,0,0,0,0,0,9,4,E01033408,-1,0,1.0,0.0,-1,6,40,1,6,1,23:20,6,2,9
2023430023564,2023,430023564,2,1,1,1,32,6,3,0,0,0,0,0,1,-1,-1,-1,0,0.06191,0.93809,-1,6,40,1,4,1,21:33,6,2,1
2023010433323,2023,010433323,1,1,1,1,30,6,3,0,0,0,0,0,9,2,E01003988,-1,0,0.0,1.0,-1,3,30,1,4,2,02:43,3,1,9
2023340WN6762,2023,340WN6762,2,2,2,2,23,5,3,0,0,2,0,0,9,-1,-1,-1,0,0.00312,0.99688,-1,6,20,1,4,1,16:55,4,2,9
2023311352869,2023,311352869,2,1,1,2,68,10,3,0,0,0,0,0,1,-1,-1,3,1,0.0,1.0,-1,6,20,1,1,1,13:04,4,2,1
2023010436258,2023,010436258,1,1,1,1,18,4,3,0,0,0,0,0,3,6,E01002200,-1,0,0.0,1.0,-1,6,40,1,4,1,18:57,5,2,3
2023010456158,2023,010456158,1,1,1,2,40,7,3,0,0,0,0,0,9,3,E01001043,-1,0,0.0,1.0,-1,3,50,1,1,1,13:00,1,2,9
2023361340638,2023,361340638,2,2,1,1,60,9,3,0,0,0,0,0,9,4,E01026749,3,1,0.0,1.0,-1,6,60,1,1,1,11:07,6,2,9
202363C009423,2023,63C009423,1,1,2,1,87,11,3,0,0,2,0,0,9,8,W01000555,-1,0,0.18825,0.81175,-1,6,60,1,6,1,19:10,2,2,9
2023010427235,2023,010427235,1,1,2,2,38,7,3,0,0,0,3,0,11,2,E01003971,-1,0,0.0,1.0,-1,3,20,1,4,1,20:10,3,1,11
2023231337139,2023,231337139,2,2,1,1,38,7,3,0,0,0,0,0,3,9,E01031113,3,1,0.0,1.0,-1,6,50,1,1,1,09:35,3,2,3
2023201284329,2023,201284329,2,1,1,1,30,6,3,0,0,0,0,0,9,3,E01010262,3,1,0.0,1.0,-1,6,30,1,1,2,16:18,4,2,9
2023201411228,2023,201411228,2,1,1,1,70,10,3,0,0,0,0,0,9,7,E01009707,3,1,0.0,1.0,-1,3,50,1,1,1,16:00,5,2,9
2023332300571,2023,332300571,1,2,2,1,19,4,2,0,0,1,0,0,9,-1,-1,-1,0,1.0,0.0,-1,6,60,8,1,2,18:54,3,1,9
2023501374562,2023,501374562,4,2,1,1,21,5,3,0,0,0,0,0,9,6,E01018753,3,1,0.0,1.0,-1,6,60,2,1,2,12:21,1,4,9
2023991359935,2023,991359935,2,2,1,1,51,8,2,0,0,0,0,0,9,1,-1,7,1,1.0,0.0,-1,6,30,1,1,1,06:25,1,2,9
2023332300152,2023,332300152,1,1,1,1,18,4,2,0,0,0,0,0,3,5,E01025842,-1,0,1.0,0.0,-1,6,60,1,1,1,16:22,5,2,3
2023461331763,2023,461331763,1,1,1,1,19,4,3,0,0,0,0,0,4,2,E01016018,3,1,0.0,1.0,-1,3,40,2,1,2,18:14,1,1,4
2023070317007,2023,070317007,1,3,2,2,31,6,3,0,0,2,0,0,9,6,W01000395,-1,0,0.03208,0.96792,-1,6,40,8,1,1,19:00,6,2,9
2023201418068,2023,201418068,1,1,1,1,55,8,3,0,0,0,0,0,9,5,E01010402,3,1,0.0,1.0,-1,6,30,1,1,1,15:56,6,3,9
2023401274683,2023,401274683,2,1,1,1,78,11,3,0,0,0,0,0,9,8,E01017498,3,1,0.0,1.0,-1,6,30,1,1,1,09:52,2,2,9
2023501301419,2023,501301419,2,1,1,1,38,7,3,0,0,0,0,0,1,4,E01018754,3,1,0.0,1.0,-1,6,30,1,1,1,12:03,5,2,1
2023351383793,2023,351383793,2,1,1,1,19,4,2,0,0,0,0,0,3,8,E01033116,7,1,1.0,0.0,-1,6,40,1,4,1,17:44,2,2,3
2023131343738,2023,131343738,2,1,1,1,25,5,3,0,0,0,0,0,9,10,E01028347,3,1,0.0,1.0,-1,3,70,1,1,1,18:50,1,3,9
2023461285967,2023,461285967,3,2,2,1,6,2,3,0,0,2,0,0,9,2,E01033090,3,1,0.0,1.0,-1,6,30,1,4,1,21:39,2,3,9
2023131322090,2023,131322090,2,1,2,1,15,3,3,0,0,0,0,0,97,8,E01010901,3,1,0.0,1.0,-1,6,30,1,1,1,15:40,5,2,97
2023010454649,2023,010454649,1,1,3,1,69,10,3,1,1,0,0,0,0,5,E01003480,-1,0,0.0,1.0,-1,6,20,2,1,1,16:18,3,1,9
2023461326413,2023,461326413,2,1,1,1,26,6,3,0,0,0,0,0,3,6,E01024180,3,1,0.0,1.0,-1,6,30,1,1,1,15:35,6,2,3
2023010423046,2023,010423046,1,1,1,2,69,10,3,0,0,0,0,0,9,4,E01001582,-1,0,0.0,1.0,-1,6,20,1,4,1,17:30,4,2,9
2023231341723,2023,231341723,2,1,1,1,50,8,3,0,0,0,0,0,9,4,E01010330,3,1,0.0,1.0,-1,3,70,1,1,1,14:15,7,2,9
2023430325816,2023,430325816,1,1,2,2,5,1,3,0,0,1,0,0,9,6,E01017834,-1,0,0.09072,0.90928,-1,6,60,2,1,2,12:46,7,1,9
2023101303445,2023,101303445,1,1,3,2,62,9,2,1,3,0,0,0,0,-1,-1,7,1,1.0,0.0,-1,3,30,1,1,1,11:30,3,1,22
2023131285607,2023,131285607,1,1,3,2,21,5,3,5,1,0,0,2,0,-1,-1,3,1,0.0,1.0,-1,6,30,3,4,4,18:46,6,1,9
2023161363852,2023,161363852,1,1,1,1,45,7,3,0,0,0,0,0,1,-1,-1,3,1,0.0,1.0,-1,6,30,1,1,1,11:30,3,2,1
2023471301480,2023,471301480,2,1,1,2,59,9,3,0,0,0,0,0,1,6,E01031743,3,1,0.0,1.0,-1,3,30,1,1,1,09:20,5,2,1
2023101326180,2023,101326180,1,1,1,2,38,7,3,0,0,0,0,0,9,4,E01008455,3,1,0.0,1.0,-1,6,30,1,1,1,15:43,3,2,9
2023061364013,2023,061364013,1,1,3,2,11,3,2,5,2,0,0,0,0,-1,-1,7,1,1.0,0.0,-1,6,30,1,1,1,15:10,3,2,9
2023340WN7132,2023,340WN7132,1,1,3,1,12,3,3,4,1,0,0,0,0,-1,-1,-1,0,0.15339,0.84661,-1,3,30,2,1,2,08:58,3,1,8
2023010486156,2023,010486156,2,1,1,1,17,4,2,0,0,0,0,0,1,10,E01023948,-1,0,1.0,0.0,-1,6,20,1,1,2,12:25,4,2,1
2023010438714,2023,010438714,1,1,1,1,24,5,3,0,0,0,0,0,1,2,E01004306,-1,0,0.0,1.0,-1,9,20,1,1,1,18:15,6,2,1
2023351312864,2023,351312864,2,1,1,1,12,3,3,0,0,0,0,0,1,2,E01018063,3,1,0.0,1.0,-1,6,30,1,1,1,07:50,3,2,1
2023361373278,2023,361373278,2,1,1,1,28,6,3,0,0,0,0,0,1,7,E01026627,3,1,0.0,1.0,-1,6,30,1,1,1,17:00,1,2,1
2023070922323,2023,070922323,1,1,1,1,23,5,2,0,0,0,0,0,3,3,E01018461,-1,0,1.0,0.0,-1,3,70,1,1,1,15:12,7,1,3
2023061376994,2023,061376994,2,1,2,1,67,10,3,0,0,1,0,0,9,2,E01004795,3,1,0.0,1.0,-1,6,30,2,1,2,12:38,1,2,9
2023141378703,2023,141378703,2,1,1,1,33,6,2,0,0,0,0,0,9,2,E01011002,7,1,1.0,0.0,-1,3,70,1,6,1,18:09,5,3,9
2023201422654,2023,201422654,3,1,1,1,51,8,3,0,0,0,0,0,9,4,E01009236,3,1,0.0,1.0,-1,6,30,1,1,1,12:30,1,3,9
2023231377582,2023,231377582,2,3,2,2,68,10,3,0,0,1,0,0,9,8,E01031252,3,1,0.0,1.0,-1,6,30,1,1,1,13:31,7,2,9
2023471263402,2023,471263402,2,2,1,1,17,4,2,0,0,0,0,0,9,3,E01020937,6,1,1.0,0.0,-1,3,40,1,6,1,19:46,7,2,9
2023170L21233,2023,170L21233,2,2,1,1,61,9,3,0,0,0,0,0,19,2,E01012168,-1,0,0.06334,0.93666,-1,6,30,1,1,1,15:08,4,2,19
2023311369797,2023,311369797,1,1,3,2,40,7,3,8,3,0,0,0,0,4,E01027982,3,1,0.0,1.0,-1,6,30,1,4,1,19:15,7,1,9
2023010431478,2023,010431478,1,1,1,1,23,5,2,0,0,0,0,0,1,4,E01001009,-1,0,1.0,0.0,-1,1,20,1,4,1,19:45,2,2,1
2023010477243,2023,010477243,1,1,1,1,46,8,2,0,0,0,0,0,1,10,E01002434,-1,0,1.0,0.0,-1,6,30,1,1,1,14:47,6,2,1
2023351282324,2023,351282324,2,1,1,1,24,5,3,0,0,0,0,0,1,9,E01017958,3,1,0.0,1.0,-1,6,30,1,4,1,18:30,6,2,1
2023421282496,2023,421282496,1,2,2,2,67,10,3,0,0,1,0,0,9,3,E01021594,3,1,0.0,1.0,-1,6,60,1,5,1,23:01,5,1,9
2023010461227,2023,010461227,2,2,1,1,32,6,3,0,0,0,0,0,9,2,E01002345,-1,0,0.0,1.0,-1,1,50,1,1,1,15:28,6,3,9
2023122300472,2023,122300472,1,1,1,2,46,8,3,0,0,0,0,0,9,5,E01027793,-1,0,0.0887,0.9113,-1,6,60,1,1,2,09:50,4,1,9
2023161379309,2023,161379309,1,1,1,1,20,4,3,0,0,0,0,0,9,-1,-1,3,1,0.0,1.0,-1,3,70,5,4,2,19:50,7,1,9
2023340WN4792,2023,340WN4792,1,1,1,2,78,11,2,0,0,0,0,0,9,-1,-1,-1,0,1.0,0.0,-1,6,50,1,1,1,12:43,5,4,9
2023440361316,2023,440361316,1,1,1,2,41,7,3,0,0,0,0,0,9,9,E01022653,-1,0,0.00591,0.99409,-1,1,30,1,1,1,10:10,5,2,9
202360A121533,2023,60A121533,2,1,1,2,73,10,2,0,0,0,0,0,9,-1,-1,-1,0,1.0,0.0,-1,6,60,1,1,1,15:15,3,2,9
2023010428567,2023,010428567,1,1,1,1,51,8,3,0,0,0,0,0,1,9,E01002935,-1,0,0.0,1.0,-1,9,30,1,4,1,07:05,4,2,1
2023122300714,2023,122300714,2,1,1,1,22,5,3,0,0,0,0,0,1,7,E01011581,-1,0,0.11985,0.88015,-1,6,40,1,1,1,10:40,7,3,1
2023231260322,2023,231260322,2,1,1,1,49,8,2,0,0,0,0,0,1,7,E01031253,7,1,1.0,0.0,-1,1,50,1,1,1,14:20,2,2,1
2023052300766,2023,052300766,2,2,1,1,33,6,3,0,0,0,0,0,9,9,E01006300,-1,0,0.07541,0.92459,-1,3,60,1,1,1,19:00,5,2,9
2023991317670,2023,991317670,3,3,1,1,45,7,3,0,0,0,0,0,9,9,-1,3,1,0.0,1.0,-1,6,30,1,1,1,12:55,1,3,9
2023201397243,2023,201397243,1,1,3,1,10,2,3,5,1,0,0,0,0,1,E01032887,3,1,0.0,1.0,-1,6,30,1,1,1,15:28,6,1,9
2023041369702,2023,041369702,2,1,1,1,14,3,3,0,0,0,0,0,1,8,E01025411,3,1,0.0,1.0,-1,6,30,1,1,1,20:15,3,2,1