collision_index,collision_year,collision_ref_no,vehicle_reference,casualty_reference,casualty_class,sex_of_casualty,age_of_casualty,age_band_of_casualty,casualty_severity,pedestrian_location,pedestrian_movement,car_passenger,bus_or_coach_passenger,pedestrian_road_maintenance_worker,casualty_type,casualty_imd_decile,lsoa_of_casualty,enhanced_casualty_severity,casualty_injury_based,casualty_adjusted_severity_serious,casualty_adjusted_severity_slight,casualty_distance_banding,road_type,speed_limit,weather_conditions,light_conditions,road_surface_conditions,time,day_of_week,number_of_vehicles,vehicle_type
2023010450813,2023,010450813,1,1,1,1,45,7,3,0,0,0,0,0,4,-1,-1,-1,0,0.0,1.0,-1,3,30,1,1,1,18:00,5,1,4
2023101366671,2023,101366671,1,1,2,1,19,4,3,0,0,2,0,0,9,-1,-1,3,1,0.0,1.0,-1,7,30,1,4,1,00:08,4,2,9
2023451362732,2023,451362732,1,1,1,2,41,7,3,0,0,0,0,0,9,3,E01030711,3,1,0.0,1.0,-1,6,30,4,4,2,23:20,6,2,9
2023610013023,2023,610013023,1,1,1,1,19,4,3,0,0,0,0,0,9,4,W01001433,-1,0,0.07153,0.92847,-1,6,30,1,1,1,14:45,1,1,9
2023520301295,2023,520301295,2,2,1,2,58,9,3,0,0,0,0,0,21,5,E01020448,-1,0,0.06275,0.93725,-1,6,50,2,6,2,19:19,4,2,21
2023552301135,2023,552301135,1,1,3,2,14,3,3,5,1,0,0,0,0,7,E01015348,-1,0,0.07236,0.92764,-1,6,30,1,1,1,09:30,5,1,19
2023141309736,2023,141309736,1,1,1,1,17,4,3,0,0,0,0,0,1,1,E01007542,3,1,0.0,1.0,-1,6,30,1,1,1,13:45,6,2,1
2023481387809,2023,481387809,2,1,1,1,38,7,3,0,0,0,0,0,1,-1,-1,3,1,0.0,1.0,-1,6,20,1,1,2,17:33,5,2,1
2023430414831,2023,430414831,1,1,1,1,33,6,3,0,0,0,0,0,3,5,E01016233,-1,0,0.06026,0.93974,-1,6,40,1,1,1,18:35,5,2,3
2023461291772,2023,461291772,2,1,1,1,21,5,3,0,0,0,0,0,3,4,E01024029,3,1,0.0,1.0,-1,6,30,2,1,2,16:20,1,2,3
2023320096499,2023,320096499,1,1,1,2,68,10,3,0,0,0,0,0,9,4,E01026076,-1,0,0.13255,0.86745,-1,6,60,1,6,1,20:30,3,1,9
2023531301664,2023,531301664,2,2,1,1,58,9,2,0,0,0,0,0,90,5,E01022327,7,1,1.0,0.0,-1,6,50,2,1,2,13:20,5,2,90
2023010461431,2023,010461431,1,4,2,1,11,3,3,0,0,2,0,0,9,4,E01000112,-1,0,0.0,1.0,-1,3,50,1,1,1,19:50,7,8,9
2023131296725,2023,131296725,2,1,2,1,20,4,3,0,0,1,0,0,9,1,E01011133,3,1,0.0,1.0,-1,6,30,2,1,2,12:40,6,2,9
2023320230430,2023,320230430,2,1,1,2,25,5,3,0,0,0,0,0,9,9,E01026234,-1,0,0.01897,0.98103,-1,6,30,1,1,1,06:50,5,2,9
2023010425593,2023,010425593,1,1,1,1,48,8,3,0,0,0,0,0,1,10,E01000449,-1,0,0.0,1.0,-1,2,30,1,4,1,06:30,2,2,1
2023211264463,2023,211264463,2,1,1,2,38,7,3,0,0,0,0,0,9,6,E01014363,3,1,0.0,1.0,-1,3,70,2,6,2,07:25,5,2,9
2023401276100,2023,401276100,1,1,1,1,19,4,3,0,0,0,0,0,9,10,E01017404,3,1,0.0,1.0,-1,6,30,1,1,4,08:10,3,1,9
2023311344951,2023,311344951,1,1,1,1,19,4,2,0,0,0,0,0,1,3,E01027991,7,1,1.0,0.0,-1,6,30,1,1,1,08:38,6,1,1
2023161389436,2023,161389436,2,1,1,2,31,6,3,0,0,0,0,0,9,-1,-1,3,1,0.0,1.0,-1,3,50,1,4,1,17:56,6,3,9
2023421376136,2023,421376136,2,2,1,1,49,8,3,0,0,0,0,0,9,10,E01021622,3,1,0.0,1.0,-1,6,40,1,6,2,15:48,7,2,9
2023531261334,2023,531261334,2,2,1,2,28,6,3,0,0,0,0,0,9,7,E01031887,3,1,0.0,1.0,-1,6,60,1,6,1,17:40,2,2,9
2023041343491,2023,041343491,1,1,3,1,13,3,3,4,3,0,0,0,0,2,E01012605,3,1,0.0,1.0,-1,6,30,1,1,1,19:35,7,1,9
2023010476629,2023,010476629,1,1,2,2,-1,-1,3,0,0,9,0,0,8,8,E01016595,-1,0,0.0,1.0,-1,7,20,2,1,2,15:05,2,2,8
202363A015023,2023,63A015023,1,1,1,1,-1,-1,3,0,0,0,0,0,9,5,W01000698,-1,0,0.08181,0.91819,-1,3,70,2,1,2,10:28,2,3,9
2023471315981,2023,471315981,1,1,2,1,-1,-1,3,0,0,0,3,0,11,8,E01016893,3,1,0.0,1.0,-1,6,20,9,1,1,10:30,4,1,11
2023211383965,2023,211383965,1,1,1,1,19,4,3,0,0,0,0,0,19,9,E01006331,3,1,0.0,1.0,-1,3,70,2,1,2,10:50,5,4,19
2023010447317,2023,010447317,2,2,1,1,19,4,2,0,0,0,0,0,3,1,E01033207,-1,0,1.0,0.0,-1,6,30,1,1,1,15:45,3,2,3
2023010450128,2023,010450128,1,1,1,1,26,6,3,0,0,0,0,0,4,3,E01000499,-1,0,0.0,1.0,-1,6,20,1,1,1,16:42,2,2,4
2023010481340,2023,010481340,1,1,3,1,25,5,3,6,9,0,0,0,0,2,E01001351,-1,0,0.0,1.0,-1,1,20,1,1,2,14:20,6,1,9
2023010472681,2023,010472681,1,1,2,2,27,6,3,0,0,2,0,0,8,1,E01016845,-1,0,0.0,1.0,-1,6,20,1,1,1,13:10,3,2,8
2023010444175,2023,010444175,1,1,3,2,42,7,2,2,2,0,0,0,0,7,W01000039,-1,0,1.0,0.0,-1,3,20,8,4,1,01:05,1,1,9
2023010456441,2023,010456441,2,1,1,1,37,7,3,0,0,0,0,0,1,2,E01001011,-1,0,0.0,1.0,-1,6,20,1,1,1,07:45,6,2,1
2023340WN4642,2023,340WN4642,2,1,1,1,52,8,3,0,0,0,0,0,9,10,E01027266,-1,0,0.02141,0.97859,-1,6,30,1,1,1,18:05,3,3,9
2023340NN1032,2023,340NN1032,2,2,2,1,26,6,3,0,0,0,0,0,19,-1,-1,-1,0,0.05011,0.94989,-1,6,30,1,1,1,13:10,6,2,19
2023041356550,2023,041356550,1,1,3,1,19,4,2,8,9,0,0,0,0,10,E01025464,6,1,1.0,0.0,-1,6,60,1,1,1,07:11,3,1,19
2023010425977,2023,010425977,2,1,1,1,40,7,2,0,0,0,0,0,1,2,E01001667,-1,0,1.0,0.0,-1,6,30,1,4,1,22:40,3,2,1
2023041319590,2023,041319590,2,2,1,1,24,5,3,0,0,0,0,0,9,7,E01006225,3,1,0.0,1.0,-1,6,50,1,1,1,19:38,5,2,9
2023302300785,2023,302300785,2,1,1,2,55,8,3,0,0,0,0,0,9,5,E01027943,-1,0,0.03058,0.96942,-1,6,50,1,1,1,16:20,5,3,9
2023351363645,2023,351363645,2,1,2,2,42,7,3,0,0,1,0,0,9,7,E01018043,3,1,0.0,1.0,-1,6,30,1,1,-1,10:35,3,2,9
202363C036423,2023,63C036423,2,1,1,2,36,7,3,0,0,0,0,0,9,-1,-1,-1,0,0.02803,0.97197,-1,6,60,1,1,1,17:45,3,2,9
2023010472761,2023,010472761,2,1,1,2,18,4,3,0,0,0,0,0,1,3,E01000948,-1,0,0.0,1.0,-1,3,20,2,4,2,18:30,4,2,1
2023371287689,2023,371287689,2,1,1,1,39,7,3,0,0,0,0,0,1,6,E01030068,3,1,0.0,1.0,-1,3,30,9,1,1,15:15,1,2,1
2023010449948,2023,010449948,1,1,1,1,33,6,3,0,0,0,0,0,9,-1,-1,-1,0,0.0,1.0,-1,7,30,1,4,2,20:55,1,2,9
2023111344862,2023,111344862,2,1,1,1,60,9,3,0,0,0,0,0,9,7,E01020830,3,1,0.0,1.0,-1,7,50,1,1,1,08:49,3,2,9
2023421312225,2023,421312225,1,1,1,1,36,7,3,0,0,0,0,0,9,6,E01021449,3,1,0.0,1.0,-1,6,60,1,6,1,00:38,1,1,9
2023622300712,2023,622300712,2,5,2,2,23,5,3,0,0,2,0,0,9,1,W01001299,-1,0,0.0438,0.9562,-1,6,50,1,1,1,14:04,7,2,9
2023052303036,2023,052303036,2,1,1,1,48,8,3,0,0,0,0,0,9,7,E01007242,-1,0,0.0405,0.9595,-1,6,40,2,4,2,16:10,4,2,9
2023311316547,2023,311316547,2,1,1,1,21,5,2,0,0,0,0,0,3,7,E01033410,5,1,1.0,0.0,-1,6,30,1,1,1,16:55,5,2,3
2023010421645,2023,010421645,1,1,1,1,64,9,3,0,0,0,0,0,2,6,E01002921,-1,0,0.0,1.0,-1,6,30,2,1,1,11:34,2,2,2
2023031352548,2023,031352548,1,1,1,1,59,9,1,0,0,0,0,0,5,-1,-1,1,1,0.0,0.0,-1,6,60,1,1,1,12:20,5,2,5
2023122301049,2023,122301049,2,2,1,2,56,9,3,0,0,0,0,0,9,6,E01008195,-1,0,0.03926,0.96074,-1,3,70,4,1,1,14:38,6,3,9
2023361295741,2023,361295741,2,3,2,1,25,5,3,0,0,2,0,0,9,4,E01018044,3,1,0.0,1.0,-1,6,60,1,1,1,15:00,3,2,9
2023430283965,2023,430283965,1,1,1,2,41,7,3,0,0,0,0,0,9,10,E01017727,-1,0,0.04585,0.95415,-1,6,30,1,1,1,18:26,3,2,9
2023440164201,2023,440164201,1,2,2,2,19,4,3,0,0,1,0,0,9,1,E01017236,-1,0,0.10256,0.89744,-1,6,40,1,6,1,01:05,5,1,9
2023461295652,2023,461295652,1,1,1,2,31,6,3,0,0,0,0,0,9,6,E01024094,3,1,0.0,1.0,-1,6,30,5,4,2,21:50,3,3,9
2023501340752,2023,501340752,1,1,1,1,66,10,3,0,0,0,0,0,9,5,E01020147,3,1,0.0,1.0,-1,6,60,1,1,1,13:45,6,2,9
2023010460705,2023,010460705,1,2,2,1,17,4,3,0,0,0,0,0,4,2,E01004060,-1,0,0.0,1.0,-1,3,30,1,1,1,12:03,3,2,4
2023031315147,2023,031315147,1,1,3,1,12,3,2,5,1,0,0,0,0,5,E01019196,7,1,1.0,0.0,-1,6,30,1,1,1,18:45,7,1,9
2023070278897,2023,070278897,1,1,1,1,47,8,3,0,0,0,0,0,1,-1,-1,-1,0,0.13456,0.86544,-1,6,20,1,1,1,17:21,1,2,1
2023010474470,2023,010474470,1,1,1,1,27,6,2,0,0,0,0,0,3,4,E01003114,-1,0,1.0,0.0,-1,6,30,2,4,2,04:17,7,1,3
2023351295868,2023,351295868,1,1,1,1,59,9,3,0,0,0,0,0,9,6,E01018088,3,1,0.0,1.0,-1,1,40,4,1,1,13:25,5,2,9
2023361366102,2023,361366102,1,1,1,2,37,7,3,0,0,0,0,0,9,2,E01000072,3,1,0.0,1.0,-1,6,60,1,1,1,13:30,2,2,9
2023544812323,2023,544812323,3,1,1,2,65,9,3,0,0,0,0,0,9,6,E01031871,-1,0,0.01391,0.98609,-1,6,40,1,1,1,11:59,2,3,9
202360A134056,2023,60A134056,2,3,2,2,15,3,3,0,0,2,0,0,9,-1,-1,-1,0,0.02377,0.97623,-1,1,30,1,1,1,15:25,2,2,9
2023622300874,2023,622300874,1,2,2,2,16,4,3,0,0,1,0,0,9,4,W01001899,-1,0,0.01946,0.98054,-1,6,20,1,1,1,15:04,2,1,9
2023361317002,2023,361317002,1,1,1,1,24,5,2,0,0,0,0,0,3,7,E01026533,6,1,1.0,0.0,-1,6,30,1,1,1,06:00,5,1,3
2023010478384,2023,010478384,1,1,3,2,-1,-1,3,1,9,0,0,0,0,-1,-1,-1,0,0.0,1.0,-1,6,20,2,7,2,17:05,5,1,9
2023332300632,2023,332300632,1,1,3,2,40,7,3,6,9,0,0,0,0,8,E01025771,-1,0,0.0356,0.9644,-1,6,30,1,1,1,14:15,4,1,9
2023461267287,2023,461267287,2,1,1,1,44,7,3,0,0,0,0,0,1,9,E01024275,3,1,0.0,1.0,-1,6,30,1,6,1,19:10,5,2,1
2023010446283,2023,010446283,2,1,1,1,16,4,3,0,0,0,0,0,3,3,E01002560,-1,0,0.0,1.0,-1,6,20,1,4,1,23:25,4,2,3
2023010420262,2023,010420262,1,1,1,-1,30,6,2,0,0,0,0,0,1,-1,-1,-1,0,1.0,0.0,-1,9,30,9,7,9,16:35,1,2,1
2023010472237,2023,010472237,1,1,1,-1,28,6,3,0,0,0,0,0,3,6,E01000238,-1,0,0.0,1.0,-1,6,20,9,1,9,16:00,1,2,3
2023131319380,2023,131319380,1,1,3,1,16,4,3,8,8,0,0,2,0,2,E01011852,3,1,0.0,1.0,-1,1,30,1,1,1,09:02,6,1,9
2023010440490,2023,010440490,1,1,1,1,35,6,3,0,0,0,0,0,8,6,E01000590,-1,0,0.0,1.0,-1,9,30,1,1,1,15:50,7,2,8
2023010444253,2023,010444253,1,1,1,1,29,6,3,0,0,0,0,0,3,3,E01004167,-1,0,0.0,1.0,-1,3,20,1,1,1,12:00,1,2,3
2023101268592,2023,101268592,1,1,2,1,10,2,2,0,0,0,0,0,4,-1,-1,7,1,1.0,0.0,-1,6,30,2,4,2,21:00,5,2,4
2023031326782,2023,031326782,2,2,1,1,22,5,3,0,0,0,0,0,9,4,E01019276,3,1,0.0,1.0,-1,6,40,1,4,2,22:08,5,2,9
2023501374933,2023,501374933,1,1,1,2,55,8,3,0,0,0,0,0,20,4,E01018783,3,1,0.0,1.0,-1,6,30,1,1,1,12:30,3,2,20
2023461318690,2023,461318690,2,2,2,2,61,9,3,0,0,1,0,0,9,9,E01024445,3,1,0.0,1.0,-1,3,70,1,1,1,11:00,7,3,9
2023991274056,2023,991274056,2,1,1,2,38,7,3,0,0,0,0,0,9,-1,-1,3,1,0.0,1.0,-1,6,30,1,4,2,20:44,4,2,9
2023332301065,2023,332301065,1,1,3,2,11,3,3,3,1,0,0,0,0,3,E01013777,-1,0,0.07969,0.92031,-1,6,30,1,1,1,15:00,2,1,9
2023991343804,2023,991343804,1,1,3,1,32,6,3,9,5,0,0,2,0,8,-1,3,1,0.0,1.0,-1,9,20,1,1,1,08:28,2,1,9
2023471361169,2023,471361169,2,2,2,1,3,1,3,0,0,0,0,0,1,4,E01016948,3,1,0.0,1.0,-1,1,30,9,1,1,15:45,5,2,1
2023501301762,2023,501301762,1,1,1,1,43,7,3,0,0,0,0,0,19,2,E01015074,3,1,0.0,1.0,-1,6,60,2,1,2,15:41,5,2,19
2023351381274,2023,351381274,1,1,1,2,-1,-1,2,0,0,0,0,0,1,-1,-1,7,1,1.0,0.0,-1,6,30,1,1,4,09:15,4,2,1
2023010423158,2023,010423158,1,1,1,1,20,4,3,0,0,0,0,0,9,6,E01002204,-1,0,0.0,1.0,-1,3,50,1,4,1,23:10,2,1,9
2023010462476,2023,010462476,1,2,2,2,0,1,3,0,0,2,0,0,9,6,E01030736,-1,0,0.0,1.0,-1,1,50,1,1,1,09:40,7,2,9
2023111368254,2023,111368254,1,1,1,2,35,6,3,0,0,0,0,0,9,2,E01020773,3,1,0.0,1.0,-1,6,60,2,4,2,06:00,1,1,9
2023141267072,2023,141267072,1,1,1,2,88,11,3,0,0,0,0,0,9,10,E01019794,3,1,0.0,1.0,-1,6,40,1,4,1,17:45,2,1,9
2023351279567,2023,351279567,2,1,1,1,48,8,3,0,0,0,0,0,9,3,E01015652,3,1,0.0,1.0,-1,6,30,1,1,-1,12:45,2,2,9
2023401298038,2023,401298038,2,2,1,1,59,9,3,0,0,0,0,0,9,4,E01017521,3,1,0.0,1.0,-1,3,40,1,1,1,12:05,5,2,9
2023411371757,2023,411371757,2,2,1,2,56,9,3,0,0,0,0,0,9,7,E01023508,3,1,0.0,1.0,-1,6,60,2,1,2,07:16,5,2,9
2023631362859,2023,631362859,2,1,2,2,23,5,3,0,0,1,0,0,9,2,W01001020,3,1,0.0,1.0,-1,6,60,1,1,1,12:30,7,3,9
2023991389917,2023,991389917,2,1,1,2,21,5,2,0,0,0,0,0,9,3,-1,7,1,1.0,0.0,-1,1,60,1,4,1,17:00,5,2,9
2023520300863,2023,520300863,2,1,2,2,21,5,3,0,0,1,0,0,9,3,E01014515,-1,0,0.02008,0.97992,-1,6,60,1,1,1,09:52,4,3,9
2023010482937,2023,010482937,1,3,2,2,21,5,3,0,0,1,0,0,9,3,E01001466,-1,0,0.0,1.0,-1,6,20,1,4,1,21:50,6,2,9
2023131343976,2023,131343976,1,1,1,2,19,4,3,0,0,0,0,0,9,4,E01011753,3,1,0.0,1.0,-1,1,30,2,1,2,11:07,4,2,9
2023461376973,2023,461376973,5,1,1,2,43,7,3,0,0,0,0,0,9,3,E01024309,3,1,0.0,1.0,-1,6,50,1,1,1,08:50,5,5,9
2023122300583,2023,122300583,1,1,3,1,44,7,2,5,1,0,0,0,0,6,E01027915,-1,0,1.0,0.0,-1,6,30,1,4,1,22:20,6,1,23
2023010482026,2023,010482026,1,1,1,1,34,6,3,0,0,0,0,0,3,5,E01000747,-1,0,0.0,1.0,-1,6,20,1,4,1,17:15,5,2,3
2023041321741,2023,041321741,2,1,1,1,51,8,3,0,0,0,0,0,5,9,E01024901,3,1,0.0,1.0,-1,6,30,1,1,1,16:45,5,2,5
2023010445026,2023,010445026,1,1,1,1,53,8,3,0,0,0,0,0,9,2,E01004242,-1,0,0.0,1.0,-1,6,20,1,1,1,13:05,5,2,9
2023131312206,2023,131312206,2,1,1,2,32,6,2,0,0,0,0,0,9,7,E01032490,5,1,1.0,0.0,-1,3,70,1,1,1,16:20,7,2,9
2023201383426,2023,201383426,3,1,1,2,31,6,3,0,0,0,0,0,9,9,E01009472,3,1,0.0,1.0,-1,3,50,2,1,2,08:54,4,4,9
2023522400473,2023,522400473,1,1,3,2,36,7,3,6,9,0,0,0,0,6,E01014986,-1,0,0.01768,0.98232,-1,7,40,9,7,2,07:15,5,1,9
2023052302408,2023,052302408,2,1,1,1,53,8,3,0,0,0,0,0,1,1,E01006760,-1,0,0.11401,0.88599,-1,6,30,1,1,1,16:40,3,2,1
2023041296348,2023,041296348,1,2,3,2,42,7,3,8,7,0,0,0,0,5,E01012710,3,1,0.0,1.0,-1,6,30,8,1,1,18:49,6,1,9
2023141330843,2023,141330843,2,1,1,2,19,4,2,0,0,0,0,0,3,5,E01019827,7,1,1.0,0.0,-1,6,40,1,1,2,05:48,4,2,3
2023311366866,2023,311366866,1,1,3,1,10,2,3,5,1,0,0,0,0,3,E01027955,3,1,0.0,1.0,-1,6,30,1,1,1,16:35,2,1,9
2023010470699,2023,010470699,1,1,2,2,30,6,3,0,0,2,0,0,9,1,E01003487,-1,0,0.0,1.0,-1,6,30,1,4,1,03:32,1,2,9
2023340WN4562,2023,340WN4562,2,2,2,2,16,4,3,0,0,1,0,0,9,-1,-1,-1,0,0.0142,0.9858,-1,1,30,1,1,1,16:25,5,2,9
2023471312978,2023,471312978,2,1,2,2,39,7,3,0,0,1,0,0,9,4,E01031835,3,1,0.0,1.0,-1,6,30,1,1,1,17:24,1,2,9
2023520400959,2023,520400959,1,1,2,1,10,2,2,0,0,1,0,0,9,5,E01029053,-1,0,1.0,0.0,-1,6,60,1,1,2,13:07,7,2,9
2023010441883,2023,010441883,1,1,1,1,37,7,3,0,0,0,0,0,3,4,E01000997,-1,0,0.0,1.0,-1,6,30,9,1,9,15:01,6,2,3
2023122301232,2023,122301232,2,2,1,2,31,6,3,0,0,0,0,0,9,8,E01027634,-1,0,0.02453,0.97547,-1,6,60,4,6,2,17:15,3,2,9
2023440132877,2023,440132877,2,1,1,1,59,9,2,0,0,0,0,0,1,10,E01022647,-1,0,1.0,0.0,-1,6,30,1,1,1,11:54,3,2,1
2023131372134,2023,131372134,2,1,1,1,26,6,3,0,0,0,0,0,1,2,E01011740,3,1,0.0,1.0,-1,6,30,2,1,2,10:50,4,2,1
2023311376241,2023,311376241,1,1,1,1,53,8,2,0,0,0,0,0,2,8,E01028337,6,1,1.0,0.0,-1,6,50,1,1,1,13:00,5,2,2
2023351373882,2023,351373882,1,1,3,1,26,6,3,6,5,0,0,0,0,5,E01018214,3,1,0.0,1.0,-1,6,40,1,1,2,08:50,6,1,9
2023421373454,2023,421373454,1,1,3,1,32,6,2,1,1,0,0,0,0,3,E01023323,5,1,1.0,0.0,-1,6,40,1,1,1,15:48,7,1,9
2023332300399,2023,332300399,1,2,1,1,68,10,3,0,0,0,0,0,5,7,E01031014,-1,0,0.11485,0.88515,-1,1,40,1,1,1,11:02,7,2,5
2023501336312,2023,501336312,2,3,2,1,41,7,3,0,0,2,0,0,8,4,E01002406,3,1,0.0,1.0,-1,6,40,1,1,1,17:52,2,3,8
2023201397973,2023,201397973,1,1,3,2,39,7,2,8,3,0,0,2,0,-1,-1,5,1,1.0,0.0,-1,6,30,1,4,1,05:30,4,1,9
2023010452791,2023,010452791,1,1,3,2,32,6,3,1,1,0,0,0,0,2,E01001773,-1,0,0.0,1.0,-1,6,30,1,1,1,17:00,1,1,9
2023041271419,2023,041271419,1,1,3,1,51,8,2,8,1,0,0,0,0,1,E01012595,7,1,1.0,0.0,-1,1,30,2,4,2,00:05,1,1,9
2023010434754,2023,010434754,2,1,1,1,33,6,3,0,0,0,0,0,3,-1,-1,-1,0,0.0,1.0,-1,6,20,1,1,1,17:35,3,2,3
2023052301742,2023,052301742,1,1,3,2,33,6,3,9,8,0,0,0,0,6,E01007059,-1,0,0.07863,0.92137,-1,6,30,1,1,1,10:00,5,1,9
2023131318265,2023,131318265,1,1,3,1,16,4,2,8,7,0,0,2,0,1,E01011029,7,1,1.0,0.0,-1,6,30,1,1,1,17:22,3,1,9
2023451377481,2023,451377481,1,1,3,2,76,11,2,9,7,0,0,0,0,2,E01001012,7,1,1.0,0.0,-1,6,30,1,4,1,17:30,3,1,9
2023061358863,2023,061358863,2,1,1,1,15,3,3,0,0,0,0,0,1,-1,-1,3,1,0.0,1.0,-1,6,30,1,1,1,17:50,6,2,1
2023201416210,2023,201416210,1,1,1,1,26,6,3,0,0,0,0,0,9,2,E01010204,3,1,0.0,1.0,-1,3,30,1,1,1,13:09,7,2,9
2023351308914,2023,351308914,1,3,2,2,78,11,3,0,0,2,0,0,9,6,E01015617,3,1,0.0,1.0,-1,6,60,1,1,1,11:25,3,2,9
2023041393105,2023,041393105,1,1,3,2,22,5,2,4,3,0,0,0,0,3,E01025143,7,1,1.0,0.0,-1,6,30,1,4,1,20:21,6,1,9
2023371322396,2023,371322396,2,2,2,1,10,2,3,0,0,1,0,0,9,7,E01029923,3,1,0.0,1.0,-1,6,40,1,1,1,17:25,2,3,9
2023061361824,2023,061361824,1,1,3,1,56,9,2,5,3,0,0,0,0,1,E01005108,5,1,1.0,0.0,-1,6,30,1,4,2,19:05,4,1,-1
2023201424230,2023,201424230,1,1,3,1,60,9,3,5,4,0,0,1,0,2,E01010071,3,1,0.0,1.0,-1,6,20,1,1,1,08:14,4,1,9
2023010468702,2023,010468702,2,1,1,1,54,8,3,0,0,0,0,0,19,6,E01002541,-1,0,0.0,1.0,-1,6,20,1,4,1,05:35,5,2,19
2023010428265,2023,010428265,2,1,1,1,47,8,3,0,0,0,0,0,1,6,E01003285,-1,0,0.0,1.0,-1,1,30,1,4,1,18:25,2,2,1
2023010439833,2023,010439833,1,1,1,1,22,5,3,0,0,0,0,0,3,4,E01002101,-1,0,0.0,1.0,-1,9,20,9,1,9,19:59,3,2,3
2023430216457,2023,430216457,1,1,1,2,18,4,2,0,0,0,0,0,3,9,E01028629,-1,0,1.0,0.0,-1,6,30,1,1,1,18:20,4,2,3
2023440215744,2023,440215744,1,1,1,1,46,8,3,0,0,0,0,0,5,5,E01017025,-1,0,0.08731,0.91269,-1,6,30,1,1,1,13:35,4,2,5
2023052301897,2023,052301897,1,3,2,2,8,2,3,0,0,2,0,0,8,3,E01006717,-1,0,0.10165,0.89835,-1,3,40,1,4,1,23:30,5,2,8
2023101379416,2023,101379416,1,1,3,1,62,9,2,5,3,0,0,0,0,1,E01008257,7,1,1.0,0.0,-1,6,30,1,4,1,17:00,3,1,9
2023010423544,2023,010423544,1,1,1,2,39,7,2,0,0,0,0,0,1,1,E01004674,-1,0,1.0,0.0,-1,6,20,2,1,2,10:00,4,2,1
2023610032623,2023,610032623,1,1,1,1,51,8,2,0,0,0,0,0,5,4,W01001337,-1,0,1.0,0.0,-1,6,30,1,4,1,23:30,3,1,5
2023170L20723,2023,170L20723,1,1,2,1,44,7,3,0,0,2,0,0,8,1,E01012084,-1,0,0.02639,0.97361,-1,6,30,1,1,1,15:05,4,2,8
2023340WN4972,2023,340WN4972,2,2,1,1,61,9,3,0,0,0,0,0,20,3,E01025844,-1,0,0.10111,0.89889,-1,6,60,1,1,1,12:30,4,2,20
2023010434244,2023,010434244,1,1,3,2,13,3,3,5,2,0,0,0,0,9,E01032576,-1,0,0.0,1.0,-1,6,30,1,1,1,14:20,7,1,9
2023041304788,2023,041304788,2,2,1,2,22,5,2,0,0,0,0,0,9,1,E01025224,5,1,1.0,0.0,-1,6,50,2,4,2,21:29,7,3,9
2023010473797,2023,010473797,1,1,3,1,18,4,3,6,9,0,0,0,0,3,E01000742,-1,0,0.0,1.0,-1,9,30,9,1,9,12:00,2,1,11
2023332301054,2023,332301054,1,1,3,1,74,10,2,5,1,0,0,0,0,1,E01013652,-1,0,1.0,0.0,-1,6,30,1,1,2,14:00,5,1,9
2023052302067,2023,052302067,2,1,1,1,17,4,2,0,0,0,0,0,1,1,E01006706,-1,0,1.0,0.0,-1,6,30,1,4,1,21:10,7,2,1
2023161319612,2023,161319612,1,1,1,1,36,7,2,0,0,0,0,0,1,1,E01012881,5,1,1.0,0.0,-1,6,30,1,1,1,15:30,6,2,1
2023351374959,2023,351374959,2,1,1,1,75,10,2,0,0,0,0,0,1,8,E01018003,6,1,1.0,0.0,-1,6,30,1,4,1,19:14,6,2,1
2023201318846,2023,201318846,2,2,1,1,54,8,2,0,0,0,0,0,5,2,E01010279,7,1,1.0,0.0,-1,6,30,1,1,1,14:28,1,2,5
2023010432267,2023,010432267,2,1,1,1,60,9,3,0,0,0,0,0,9,6,E01000069,-1,0,0.0,1.0,-1,1,30,1,1,1,08:42,4,2,9
2023010448977,2023,010448977,1,1,1,2,49,8,3,0,0,0,0,0,9,-1,-1,-1,0,0.0,1.0,-1,1,30,9,1,9,13:50,4,2,9
2023122301186,2023,122301186,1,1,1,1,34,6,3,0,0,0,0,0,9,2,E01012111,-1,0,0.07418,0.92582,-1,6,30,1,6,1,02:48,7,1,9
2023302400001,2023,302400001,2,3,2,2,11,3,3,0,0,2,0,0,9,1,E01013484,-1,0,0.04849,0.95151,-1,6,40,1,1,2,10:00,1,2,9
2023041360620,2023,041360620,2,1,2,2,50,8,2,0,0,2,0,0,9,10,E01019347,6,1,1.0,0.0,-1,6,50,1,1,1,16:54,7,2,9
2023401364174,2023,401364174,2,2,1,2,44,7,2,0,0,0,0,0,9,4,E01023401,7,1,1.0,0.0,-1,6,30,2,1,2,11:40,6,2,9
2023461386593,2023,461386593,2,1,1,1,62,9,3,0,0,0,0,0,9,7,E01024252,3,1,0.0,1.0,-1,6,50,1,1,2,10:15,4,2,9
2023161294906,2023,161294906,2,1,1,1,77,11,2,0,0,0,0,0,9,6,E01013085,6,1,1.0,0.0,-1,6,30,1,4,1,21:15,7,2,9
2023361362258,2023,361362258,2,1,1,2,51,8,3,0,0,0,0,0,9,6,E01029944,3,1,0.0,1.0,-1,6,60,2,1,2,13:25,4,2,9
2023440093928,2023,440093928,2,2,1,1,67,10,3,0,0,0,0,0,9,9,E01022633,-1,0,0.12031,0.87969,-1,6,50,2,1,2,11:54,4,2,9
2023501341993,2023,501341993,1,2,1,2,30,6,3,0,0,0,0,0,9,6,E01014292,3,1,0.0,1.0,-1,6,30,1,1,1,18:41,2,2,9