collision_index,collision_year,collision_ref_no,vehicle_reference,casualty_reference,casualty_class,sex_of_casualty,age_of_casualty,age_band_of_casualty,casualty_severity,pedestrian_location,pedestrian_movement,car_passenger,bus_or_coach_passenger,pedestrian_road_maintenance_worker,casualty_type,casualty_imd_decile,lsoa_of_casualty,enhanced_casualty_severity,casualty_injury_based,casualty_adjusted_severity_serious,casualty_adjusted_severity_slight,casualty_distance_banding,road_type,speed_limit,weather_conditions,light_conditions,road_surface_conditions,time,day_of_week,number_of_vehicles,vehicle_type
2023540604123,2023,540604123,1,1,1,1,34,6,3,0,0,0,0,0,9,10,E01028745,-1,0,0.08416,0.91584,-1,6,60,1,1,4,09:47,4,1,9
2023991345830,2023,991345830,1,3,2,2,15,3,3,0,0,2,0,0,9,9,-1,3,1,0.0,1.0,-1,6,60,1,1,1,11:45,1,2,9
2023052301279,2023,052301279,2,1,1,1,38,7,3,0,0,0,0,0,9,6,E01025495,-1,0,0.02275,0.97725,-1,6,30,1,1,1,20:20,4,2,9
2023041327415,2023,041327415,2,1,1,2,32,6,3,0,0,0,0,0,9,3,E01025310,3,1,0.0,1.0,-1,6,20,1,1,1,07:16,7,2,9
2023440030446,2023,440030446,2,3,1,2,76,11,3,0,0,0,0,0,9,7,E01017367,-1,0,0.12125,0.87875,-1,6,40,1,1,2,15:09,2,3,9
2023010460939,2023,010460939,1,1,3,1,50,8,3,1,1,0,0,0,0,3,E01003562,-1,0,0.0,1.0,-1,6,30,8,1,1,14:36,4,1,97
2023340WN0722,2023,340WN0722,1,1,3,2,56,9,3,5,1,0,0,0,0,-1,-1,-1,0,0.18817,0.81183,-1,3,30,1,4,1,05:55,5,1,9
2023010457684,2023,010457684,1,1,1,1,24,5,3,0,0,0,0,0,3,3,E01003250,-1,0,0.0,1.0,-1,6,20,1,1,1,11:40,6,2,3
2023010442097,2023,010442097,1,1,3,1,14,3,3,1,3,0,0,0,0,9,E01000208,-1,0,0.0,1.0,-1,6,30,2,1,2,12:35,7,1,9
2023461312724,2023,461312724,2,1,1,1,21,5,3,0,0,0,0,0,1,6,E01023978,3,1,0.0,1.0,-1,3,70,1,1,1,14:05,7,2,1
2023010453413,2023,010453413,1,1,1,1,19,4,3,0,0,0,0,0,3,5,E01003341,-1,0,0.0,1.0,-1,6,30,1,1,1,20:20,4,1,3
2023101358568,2023,101358568,2,1,2,2,67,10,3,0,0,1,0,0,9,9,E01030149,3,1,0.0,1.0,-1,6,30,1,1,2,09:25,1,2,9
2023201393484,2023,201393484,2,1,1,1,24,5,3,0,0,0,0,0,9,1,E01008966,3,1,0.0,1.0,-1,3,40,1,1,2,10:15,4,3,9
2023320658179,2023,320658179,2,1,1,2,29,6,2,0,0,0,0,0,9,4,E01032995,-1,0,1.0,0.0,-1,6,30,1,1,1,13:38,2,2,9
2023520300817,2023,520300817,1,1,3,1,51,8,3,6,9,0,0,0,0,6,E01029078,-1,0,0.02778,0.97222,-1,6,20,1,1,1,15:12,5,1,19
2023161354769,2023,161354769,1,1,1,1,61,9,3,0,0,0,0,0,3,3,E01012784,3,1,0.0,1.0,-1,3,40,1,1,2,07:09,6,2,3
2023531381466,2023,531381466,1,1,3,2,12,3,3,5,2,0,0,0,0,10,E01022360,3,1,0.0,1.0,-1,6,30,1,1,1,15:45,6,1,9
2023141266744,2023,141266744,1,1,3,2,11,3,3,5,3,0,0,0,0,1,E01007317,3,1,0.0,1.0,-1,6,30,1,1,1,08:17,2,1,9
2023451277741,2023,451277741,1,1,1,1,55,8,2,0,0,0,0,0,3,10,E01030898,7,1,1.0,0.0,-1,6,40,1,4,2,18:30,4,1,3
2023991298124,2023,991298124,2,1,1,1,22,5,3,0,0,0,0,0,1,-1,-1,3,1,0.0,1.0,-1,6,20,1,1,1,13:00,6,2,1
2023010480889,2023,010480889,1,1,3,2,-1,-1,3,8,3,0,0,0,0,3,E01000630,-1,0,0.0,1.0,-1,2,20,7,1,2,08:13,4,1,9
2023991417427,2023,991417427,1,1,2,2,50,8,3,0,0,1,0,0,8,-1,-1,3,1,0.0,1.0,-1,3,30,1,4,1,18:00,7,3,8
2023332301076,2023,332301076,2,1,2,1,18,4,3,0,0,0,0,0,97,1,E01013621,-1,0,0.0688,0.9312,-1,6,30,1,4,1,22:10,2,2,97
2023401364970,2023,401364970,1,1,1,1,27,6,3,0,0,0,0,0,3,6,E01015778,3,1,0.0,1.0,-1,1,30,2,4,2,22:06,4,2,3
2023546370923,2023,546370923,1,1,3,2,34,6,3,10,9,0,0,0,0,3,E01015491,-1,0,0.10387,0.89613,-1,6,30,1,1,1,09:15,1,1,19
2023201367532,2023,201367532,1,1,3,2,37,7,2,4,3,0,0,2,0,1,E01009358,7,1,1.0,0.0,-1,6,30,1,4,1,20:00,6,2,9
2023201410961,2023,201410961,1,1,3,1,56,9,3,9,9,0,0,2,0,-1,-1,3,1,0.0,1.0,-1,3,40,1,1,1,21:00,7,1,9
2023332300377,2023,332300377,1,1,1,1,12,3,3,0,0,0,0,0,1,7,E01025895,-1,0,0.02926,0.97074,-1,6,30,1,1,1,15:15,6,2,1
2023361375160,2023,361375160,2,1,1,1,32,6,3,0,0,0,0,0,8,1,E01026819,3,1,0.0,1.0,-1,6,20,9,7,-1,01:30,1,2,8
2023010464288,2023,010464288,2,1,1,1,32,6,2,0,0,0,0,0,1,10,E01023313,-1,0,1.0,0.0,-1,3,20,1,1,1,07:40,4,3,1
2023010432384,2023,010432384,2,1,1,2,24,5,3,0,0,0,0,0,3,2,E01001136,-1,0,0.0,1.0,-1,6,30,2,1,2,17:25,4,2,3
2023320111161,2023,320111161,1,2,1,2,34,6,3,0,0,0,0,0,9,5,E01026264,-1,0,0.05848,0.94152,-1,6,60,1,6,1,18:25,3,2,9
2023430198247,2023,430198247,2,2,2,1,38,7,2,0,0,1,0,0,9,7,E01016916,-1,0,1.0,0.0,-1,6,50,1,6,1,00:55,1,2,9
2023131272424,2023,131272424,1,1,1,1,41,7,2,0,0,0,0,0,90,2,E01011538,7,1,1.0,0.0,-1,6,20,1,4,1,22:40,7,1,90
2023041271891,2023,041271891,2,1,1,1,57,9,1,0,0,0,0,0,9,3,E01024904,1,1,0.0,0.0,-1,3,50,1,4,2,05:30,6,2,9
2023141334175,2023,141334175,1,1,1,2,18,4,3,0,0,0,0,0,9,2,E01007708,3,1,0.0,1.0,-1,3,40,1,4,1,22:48,5,2,9
2023411382924,2023,411382924,2,4,2,1,44,7,3,0,0,1,0,0,9,6,E01001496,3,1,0.0,1.0,-1,1,60,1,6,2,18:43,7,2,9
2023340WN4932,2023,340WN4932,1,1,1,2,80,11,3,10,0,0,0,0,9,2,E01027243,-1,0,0.10585,0.89415,-1,6,30,1,1,1,12:15,2,1,9
2023552300599,2023,552300599,1,1,1,2,82,11,3,0,0,0,0,0,9,7,E01020539,-1,0,0.07721,0.92279,-1,6,30,1,1,1,12:18,4,2,9
2023552300650,2023,552300650,2,1,1,2,24,5,3,0,0,0,0,0,9,8,E01020583,-1,0,0.00447,0.99553,-1,6,30,1,1,1,08:05,5,2,9
2023421312281,2023,421312281,2,1,1,2,33,6,3,0,0,0,0,0,9,5,E01021865,3,1,0.0,1.0,-1,6,60,1,1,1,09:10,1,2,9
2023440284497,2023,440284497,1,1,1,1,53,8,3,0,0,0,0,0,9,9,E01022593,-1,0,0.12182,0.87818,-1,3,70,1,1,2,13:08,7,2,9
2023430413379,2023,430413379,2,2,1,1,21,5,3,0,0,0,0,0,9,9,E01017840,-1,0,0.03623,0.96377,-1,1,30,1,1,1,21:45,5,2,9
2023522400814,2023,522400814,1,1,1,2,44,7,3,0,0,0,0,0,9,-1,-1,-1,0,0.02858,0.97142,-1,6,40,1,1,1,12:50,6,2,9
2023311277149,2023,311277149,2,2,1,1,33,6,3,0,0,0,0,0,9,3,E01028064,3,1,0.0,1.0,-1,6,60,1,1,1,08:49,5,3,9
2023411364633,2023,411364633,1,1,1,2,33,6,3,0,0,0,0,0,9,10,E01023471,3,1,0.0,1.0,-1,3,40,1,1,1,10:38,7,3,9
2023461304428,2023,461304428,2,2,1,1,35,6,3,0,0,0,0,0,9,2,E01000954,3,1,0.0,1.0,-1,3,70,1,6,1,23:35,3,2,9
2023461373131,2023,461373131,1,1,1,2,42,7,3,0,0,0,0,0,9,3,E01024534,3,1,0.0,1.0,-1,6,60,1,1,2,11:50,3,1,9
2023991356603,2023,991356603,1,1,1,1,30,6,3,0,0,0,0,0,9,8,-1,3,1,0.0,1.0,-1,3,50,1,1,1,15:20,3,6,9
2023070131986,2023,070131986,2,1,1,1,39,7,3,0,0,0,0,0,9,10,E01018427,-1,0,0.01894,0.98106,-1,6,40,1,1,1,16:15,3,3,9
2023332300718,2023,332300718,1,1,2,1,65,9,3,0,0,1,0,0,9,8,E01025692,-1,0,0.00249,0.99751,-1,6,30,1,1,1,13:40,5,2,9
2023520400798,2023,520400798,1,1,1,2,18,4,3,0,0,0,0,0,9,7,E01029224,-1,0,0.05048,0.94952,-1,6,60,2,6,2,23:50,3,1,9
2023320708073,2023,320708073,2,1,1,2,50,8,3,0,0,0,0,0,9,9,E01026263,-1,0,0.06765,0.93235,-1,6,40,1,4,1,17:40,4,2,9
2023421309170,2023,421309170,2,2,2,2,32,6,3,0,0,1,0,0,9,10,W01001509,3,1,0.0,1.0,-1,6,30,1,1,2,11:26,7,2,9
2023052302409,2023,052302409,2,1,1,2,39,7,3,0,0,0,0,0,9,8,E01018428,-1,0,0.01467,0.98533,-1,6,30,1,1,1,17:07,3,2,9
2023340NN0942,2023,340NN0942,2,2,2,1,38,7,3,0,0,1,0,0,9,-1,-1,-1,0,0.0059,0.9941,-1,6,60,1,1,2,07:40,4,2,9
2023010438730,2023,010438730,1,1,1,1,28,6,3,0,0,0,0,0,9,5,E01001556,-1,0,0.0,1.0,-1,6,20,1,4,1,00:30,7,2,9
2023010462233,2023,010462233,1,1,1,1,48,8,2,0,0,0,0,0,3,4,E01000618,-1,0,1.0,0.0,-1,6,30,1,4,1,19:39,5,2,3
2023461266707,2023,461266707,1,1,3,1,11,3,3,10,9,0,0,2,0,3,E01016036,3,1,0.0,1.0,-1,6,30,1,1,1,08:14,2,1,9
2023552301055,2023,552301055,2,1,1,1,18,4,3,0,0,0,0,0,1,7,E01015376,-1,0,0.06121,0.93879,-1,6,30,1,1,1,11:01,4,2,1
2023010443506,2023,010443506,1,1,1,-1,43,7,3,0,0,0,0,0,3,3,E01000622,-1,0,0.0,1.0,-1,6,20,9,1,9,12:15,4,2,3
2023430187911,2023,430187911,2,1,2,2,17,4,3,0,0,0,0,0,4,7,E01016770,-1,0,0.19498,0.80502,-1,6,60,1,1,1,17:01,1,2,4
2023361299901,2023,361299901,1,1,1,1,28,6,2,0,0,0,0,0,5,6,E01029930,5,1,1.0,0.0,-1,6,60,1,1,1,11:45,1,3,5
2023010431801,2023,010431801,1,1,1,1,31,6,3,0,0,0,0,0,9,4,E01004401,-1,0,0.0,1.0,-1,6,30,2,1,2,17:02,1,2,9
2023131348415,2023,131348415,2,2,1,1,80,11,2,0,0,0,0,0,9,3,E01010759,7,1,1.0,0.0,-1,6,30,1,1,1,09:55,6,3,9
2023131348922,2023,131348922,2,1,1,1,44,7,3,0,0,0,0,0,9,1,E01011372,3,1,0.0,1.0,-1,3,30,1,1,1,10:45,7,2,9
2023201313118,2023,201313118,2,2,2,2,9,2,3,0,0,1,0,0,9,-1,-1,3,1,0.0,1.0,-1,6,30,1,1,1,18:05,4,3,9
2023411364085,2023,411364085,2,1,1,1,51,8,3,0,0,0,0,0,9,4,E01026183,3,1,0.0,1.0,-1,3,60,1,1,1,15:00,1,2,9
2023501319617,2023,501319617,3,2,1,2,42,7,3,0,0,0,0,0,9,8,E01033294,3,1,0.0,1.0,-1,6,30,1,1,1,21:04,6,3,9
2023061381048,2023,061381048,1,2,2,2,10,2,3,0,0,2,0,0,9,10,E01005413,3,1,0.0,1.0,-1,6,30,1,1,4,15:23,5,2,9
2023131381057,2023,131381057,2,2,2,2,-1,-1,3,0,0,1,0,0,9,1,E01010960,3,1,0.0,1.0,-1,6,40,1,1,1,15:22,3,2,9
2023201397627,2023,201397627,2,2,1,2,21,5,3,0,0,0,0,0,9,1,E01010308,3,1,0.0,1.0,-1,6,30,1,1,1,10:12,3,3,9
2023302300595,2023,302300595,1,1,1,1,87,11,2,0,0,0,0,0,9,4,E01019822,-1,0,1.0,0.0,-1,6,30,1,1,1,12:10,3,3,9
2023201377588,2023,201377588,1,1,3,1,9,2,3,1,3,0,0,0,0,2,E01009981,3,1,0.0,1.0,-1,6,30,1,1,1,16:30,2,1,9
2023332301121,2023,332301121,2,1,1,2,21,5,3,0,0,0,0,0,1,7,E01025721,-1,0,0.04999,0.95001,-1,6,30,1,1,2,10:40,1,2,1
2023061333429,2023,061333429,1,1,1,1,24,5,2,0,0,0,0,0,2,2,E01006030,7,1,1.0,0.0,-1,6,30,1,1,1,14:25,6,2,2
2023010472444,2023,010472444,1,1,1,1,51,8,3,0,0,0,0,0,9,-1,-1,-1,0,0.0,1.0,-1,9,20,8,1,1,15:10,6,2,9
2023211259226,2023,211259226,2,2,1,2,52,8,3,0,0,0,0,0,9,4,E01029807,3,1,0.0,1.0,-1,6,50,1,4,2,18:30,2,2,9
2023501312187,2023,501312187,2,2,1,2,62,9,3,0,0,0,0,0,9,7,E01019935,3,1,0.0,1.0,-1,6,30,1,1,1,18:10,7,2,9
2023041261314,2023,041261314,1,1,2,2,37,7,2,0,0,1,0,0,9,2,E01024941,7,1,1.0,0.0,-1,6,30,1,4,2,00:45,3,1,9
2023451370537,2023,451370537,1,1,1,1,27,6,3,0,0,0,0,0,9,4,E01030710,3,1,0.0,1.0,-1,3,70,2,1,2,07:16,7,1,9
2023010432747,2023,010432747,1,1,3,2,12,3,3,5,3,0,0,0,0,5,E01000663,-1,0,0.0,1.0,-1,6,30,1,1,1,16:36,6,1,9
2023991328748,2023,991328748,1,1,3,1,28,6,2,5,2,0,0,0,0,1,-1,7,1,1.0,0.0,-1,6,30,1,1,1,16:34,4,1,9
2023101262200,2023,101262200,2,1,1,2,29,6,3,0,0,0,0,0,9,-1,-1,3,1,0.0,1.0,-1,6,30,2,1,2,07:52,3,2,9
2023141354254,2023,141354254,1,1,1,2,52,8,2,0,0,0,0,0,9,3,E01007488,7,1,1.0,0.0,-1,6,30,4,1,1,16:00,3,1,9
2023421345870,2023,421345870,1,6,1,2,35,6,3,0,0,0,0,0,9,6,E01023396,3,1,0.0,1.0,-1,6,40,1,1,1,17:36,7,2,9
2023440430563,2023,440430563,2,1,1,1,22,5,3,0,0,0,0,0,9,4,E01022568,-1,0,0.05299,0.94701,-1,6,30,1,4,2,18:25,6,2,9
2023461321184,2023,461321184,2,1,1,2,41,7,3,0,0,0,0,0,9,4,E01031553,3,1,0.0,1.0,-1,3,70,1,1,1,19:00,7,3,9
2023531355442,2023,531355442,2,2,1,1,62,9,3,0,0,0,0,0,19,9,E01032173,3,1,0.0,1.0,-1,6,60,1,1,1,13:42,6,2,19
2023061296841,2023,061296841,1,4,2,1,19,4,2,0,0,2,0,0,9,10,E01005839,5,1,1.0,0.0,-1,3,50,1,4,1,23:56,6,2,9
2023501371792,2023,501371792,1,1,1,1,21,5,3,0,0,0,0,0,19,10,E01020165,3,1,0.0,1.0,-1,6,60,1,1,2,15:30,3,2,19
2023052300807,2023,052300807,1,1,1,1,20,4,3,0,0,0,0,0,1,2,E01007239,-1,0,0.1572,0.8428,-1,6,20,1,1,1,13:31,6,2,1
2023141300766,2023,141300766,2,1,1,1,34,6,2,0,0,0,0,0,1,9,E01008064,7,1,1.0,0.0,-1,6,30,1,1,1,09:10,3,2,1
2023221272234,2023,221272234,1,1,1,2,61,9,2,0,0,0,0,0,1,10,E01022466,5,1,1.0,0.0,-1,6,60,1,1,2,10:51,6,1,1
2023141376196,2023,141376196,1,1,3,1,39,7,3,8,7,0,0,0,0,8,E01007671,3,1,0.0,1.0,-1,2,20,1,4,2,21:30,7,1,9
2023061328384,2023,061328384,3,1,1,1,48,8,3,0,0,0,0,0,8,1,E01005067,3,1,0.0,1.0,-1,6,20,1,1,2,15:52,3,3,8
2023010484428,2023,010484428,1,1,1,1,26,6,3,0,0,0,0,0,1,5,E01001200,-1,0,0.0,1.0,-1,2,20,1,4,1,16:24,7,2,1
2023531324424,2023,531324424,2,1,1,1,28,6,3,0,0,0,0,0,1,4,E01022424,3,1,0.0,1.0,-1,1,60,1,1,2,05:30,5,2,1
2023161265693,2023,161265693,2,1,1,1,20,4,3,0,0,0,0,0,3,7,E01013124,3,1,0.0,1.0,-1,6,60,1,6,2,17:35,5,2,3
2023501320526,2023,501320526,1,1,3,1,56,9,3,5,1,0,0,0,0,4,E01015183,3,1,0.0,1.0,-1,6,30,1,4,1,23:00,2,1,20
2023010486408,2023,010486408,1,2,2,-1,-1,-1,3,0,0,1,0,0,9,-1,-1,-1,0,0.0,1.0,-1,3,50,2,4,2,19:50,5,2,9
2023440280742,2023,440280742,1,1,1,2,20,4,3,0,0,0,0,0,9,-1,-1,-1,0,0.08657,0.91343,-1,6,40,1,6,1,21:52,4,1,9
2023471296707,2023,471296707,1,1,1,2,23,5,3,0,0,0,0,0,9,8,E01020963,3,1,0.0,1.0,-1,6,60,2,1,2,11:30,6,2,9
2023201379045,2023,201379045,1,1,1,1,21,5,3,0,0,0,0,0,9,7,E01009116,3,1,0.0,1.0,-1,6,20,1,4,2,00:35,5,1,9
2023340NN0922,2023,340NN0922,2,1,1,2,41,7,3,0,0,0,0,0,9,8,E01032975,-1,0,0.06084,0.93916,-1,3,70,1,1,1,07:20,4,2,9
2023351382957,2023,351382957,2,1,1,2,44,7,3,0,0,0,0,0,9,4,E01015622,3,1,0.0,1.0,-1,6,30,2,1,2,13:41,2,3,9
2023010477492,2023,010477492,1,2,2,1,0,1,3,0,0,2,0,0,9,1,E01002755,-1,0,0.0,1.0,-1,3,20,1,1,1,16:42,7,2,9
2023440020682,2023,440020682,2,2,1,2,49,8,3,0,0,0,0,0,9,1,E01017120,-1,0,0.06592,0.93408,-1,6,30,1,1,1,14:46,2,3,9
2023010425478,2023,010425478,2,1,1,1,16,4,2,0,0,0,0,0,23,2,E01001660,-1,0,1.0,0.0,-1,2,30,1,1,1,13:15,1,2,23
2023451385557,2023,451385557,1,1,2,2,35,6,3,0,0,1,0,0,9,9,E01030346,3,1,0.0,1.0,-1,6,30,1,1,1,14:15,6,2,9
2023471300873,2023,471300873,1,1,1,2,31,6,3,0,0,0,0,0,9,5,E01031818,3,1,0.0,1.0,-1,6,30,1,4,1,22:27,3,2,9
2023351355922,2023,351355922,1,1,1,2,72,10,3,0,0,0,0,0,9,8,E01018270,3,1,0.0,1.0,-1,6,60,1,1,1,11:30,6,3,9
2023451301797,2023,451301797,1,1,1,1,37,7,3,0,0,0,0,0,9,7,E01004018,3,1,0.0,1.0,-1,3,40,2,4,2,23:57,5,1,9
2023552301210,2023,552301210,1,1,1,1,27,6,3,0,0,0,0,0,4,4,E01020346,-1,0,0.09674,0.90326,-1,6,30,2,1,2,17:34,4,1,4
2023131290276,2023,131290276,1,1,1,1,62,9,3,0,0,0,0,0,9,1,E01010720,3,1,0.0,1.0,-1,6,20,1,4,2,17:30,6,2,9
2023131290301,2023,131290301,2,2,1,1,38,7,3,0,0,0,0,0,9,3,E01033690,3,1,0.0,1.0,-1,6,30,2,4,2,23:47,6,2,9
2023332300606,2023,332300606,2,2,1,1,67,10,3,0,0,0,0,0,9,9,E01025913,-1,0,0.07711,0.92289,-1,6,60,8,1,2,11:30,2,3,9
2023440435827,2023,440435827,2,2,1,2,55,8,3,0,0,0,0,0,9,9,E01023152,-1,0,0.05252,0.94748,-1,6,30,1,1,1,15:08,3,2,9
2023991312401,2023,991312401,1,4,2,1,6,2,3,0,0,2,0,0,9,10,-1,3,1,0.0,1.0,-1,3,70,1,1,1,09:53,1,2,9
2023101307949,2023,101307949,2,1,1,1,78,11,3,0,0,0,0,0,9,2,E01027546,3,1,0.0,1.0,-1,6,30,1,1,1,18:45,7,2,9
2023631345605,2023,631345605,1,1,1,2,27,6,3,0,0,0,0,0,9,9,W01001294,3,1,0.0,1.0,-1,6,60,1,1,1,15:45,6,1,9
2023010483277,2023,010483277,1,2,2,2,59,9,3,0,0,0,4,0,11,1,E01001958,-1,0,0.0,1.0,-1,6,20,4,4,1,22:11,1,1,11
2023471347948,2023,471347948,3,2,1,1,49,8,2,0,0,0,0,0,1,7,E01031368,6,1,1.0,0.0,-1,6,30,1,1,1,12:30,7,2,1
2023010423736,2023,010423736,1,1,1,1,26,6,3,0,0,0,0,0,4,3,E01002585,-1,0,0.0,1.0,-1,6,30,9,7,2,20:30,5,5,4
2023351361119,2023,351361119,1,1,1,1,83,11,3,0,0,0,0,0,9,10,E01018130,3,1,0.0,1.0,-1,6,30,1,1,1,10:23,5,1,9
2023010424138,2023,010424138,2,1,1,2,45,7,3,0,0,0,0,0,1,2,E01001830,-1,0,0.0,1.0,-1,7,20,1,1,1,09:30,1,2,1
2023010422841,2023,010422841,1,1,1,1,42,7,3,0,0,0,0,0,9,6,E01033582,-1,0,0.0,1.0,-1,6,20,2,4,2,02:20,1,1,9
2023440315825,2023,440315825,1,3,2,2,51,8,3,0,0,2,0,0,9,3,E01023145,-1,0,0.19327,0.80673,-1,7,60,2,6,2,22:05,7,1,9
2023461298043,2023,461298043,1,5,2,2,19,4,3,0,0,1,0,0,9,3,E01024509,3,1,0.0,1.0,-1,6,30,1,4,2,20:55,3,3,9
2023010461287,2023,010461287,1,1,1,1,37,7,3,0,0,0,0,0,3,3,E01004325,-1,0,0.0,1.0,-1,7,20,2,4,2,23:44,6,2,3
2023141362132,2023,141362132,1,3,2,2,20,4,3,0,0,2,0,0,9,5,E01007489,3,1,0.0,1.0,-1,6,40,1,1,1,08:35,5,3,9
2023411362025,2023,411362025,2,1,2,2,34,6,3,0,0,1,0,0,9,5,E01023867,3,1,0.0,1.0,-1,6,30,1,4,-1,20:00,7,2,9
2023451323785,2023,451323785,1,1,1,1,81,11,3,0,0,0,0,0,9,10,E01030626,3,1,0.0,1.0,-1,6,40,1,1,1,15:25,4,2,9
2023461347829,2023,461347829,2,1,1,2,49,8,3,0,0,0,0,0,9,9,E01024791,3,1,0.0,1.0,-1,6,40,1,1,1,19:51,4,2,9
2023010426904,2023,010426904,2,1,1,2,35,6,2,0,0,0,0,0,1,2,E01003330,-1,0,1.0,0.0,-1,2,20,1,1,1,10:15,2,2,1
2023010483662,2023,010483662,2,2,1,1,26,6,3,0,0,0,0,0,1,4,E01001007,-1,0,0.0,1.0,-1,6,20,2,4,2,23:20,3,3,1
2023311364615,2023,311364615,2,1,1,1,28,6,3,0,0,0,0,0,1,-1,-1,3,1,0.0,1.0,-1,6,30,9,1,-1,08:30,2,2,1
2023052302274,2023,052302274,1,1,1,1,43,7,3,0,0,0,0,0,9,1,E01005009,-1,0,0.0595,0.9405,-1,3,30,1,1,1,07:45,3,2,9
2023061332507,2023,061332507,2,2,2,2,15,3,3,0,0,-1,0,0,9,1,E01033258,3,1,0.0,1.0,-1,6,30,2,1,2,18:26,1,2,9
2023101296425,2023,101296425,2,1,1,2,32,6,3,0,0,0,0,0,9,1,E01008666,3,1,0.0,1.0,-1,6,30,1,1,2,15:30,5,3,9
2023501364337,2023,501364337,2,1,2,2,8,2,3,0,0,-1,0,0,9,2,E01020277,3,1,0.0,1.0,-1,6,30,1,1,1,17:15,3,2,9
2023991322047,2023,991322047,1,1,1,2,40,7,3,0,0,0,0,0,9,5,-1,3,1,0.0,1.0,-1,6,30,8,1,2,10:00,6,1,9
2023010447454,2023,010447454,1,1,2,1,73,10,3,0,0,0,3,0,11,4,E01000976,-1,0,0.0,1.0,-1,6,20,1,1,1,09:45,4,1,11
2023041311637,2023,041311637,2,1,1,1,55,8,2,0,0,0,0,0,4,7,E01025014,6,1,1.0,0.0,-1,6,50,1,1,1,08:15,5,2,4
2023061261762,2023,061261762,1,1,3,1,56,9,2,5,3,0,0,0,0,1,E01006215,5,1,1.0,0.0,-1,6,30,2,4,2,19:53,3,1,9
2023201418825,2023,201418825,1,1,3,1,10,2,3,5,4,0,0,0,0,1,E01009309,3,1,0.0,1.0,-1,6,30,1,1,1,16:00,5,1,9
2023311319920,2023,311319920,2,1,1,1,40,7,2,0,0,0,0,0,1,9,E01013981,7,1,1.0,0.0,-1,6,30,1,1,1,20:45,6,2,1
2023430179911,2023,430179911,1,1,1,1,30,6,3,0,0,0,0,0,1,8,E01016675,-1,0,0.06871,0.93129,-1,6,40,1,1,1,07:40,2,2,1
2023010445405,2023,010445405,1,1,1,-1,31,6,3,0,0,0,0,0,3,6,E01000232,-1,0,0.0,1.0,-1,6,30,1,1,1,16:30,5,2,3
2023101354438,2023,101354438,2,3,2,1,7,2,2,0,0,2,0,0,9,1,E01033076,7,1,1.0,0.0,-1,6,30,1,1,1,12:50,7,2,9
2023471304970,2023,471304970,1,1,1,2,33,6,3,0,0,0,0,0,9,6,E01021148,3,1,0.0,1.0,-1,6,40,1,5,1,23:59,1,1,9
202363D013523,2023,63D013523,1,1,1,1,75,10,3,0,0,0,0,0,9,2,W01001142,-1,0,0.13306,0.86694,-1,6,60,1,1,1,16:40,3,3,9
2023451349556,2023,451349556,2,1,1,1,57,9,3,0,0,0,0,0,19,8,E01030440,3,1,0.0,1.0,-1,6,60,1,1,1,07:35,4,2,19
2023010482898,2023,010482898,1,1,3,1,64,9,2,5,3,0,0,0,0,7,E01003794,-1,0,1.0,0.0,-1,2,30,8,4,2,17:56,6,1,9
2023332301088,2023,332301088,1,1,1,1,20,4,2,0,0,0,0,0,5,10,E01025696,-1,0,1.0,0.0,-1,3,70,1,1,1,13:20,7,2,5
2023340NN0352,2023,340NN0352,2,1,1,2,38,7,3,0,0,0,0,0,9,7,E01026974,-1,0,0.02863,0.97137,-1,6,30,2,4,4,20:30,3,2,9
2023991329467,2023,991329467,2,1,1,1,64,9,3,0,0,0,0,0,1,-1,-1,3,1,0.0,1.0,-1,3,30,2,1,2,13:47,6,2,1
2023070360265,2023,070360265,1,3,2,1,20,4,3,0,0,1,0,0,9,-1,-1,-1,0,0.11613,0.88387,-1,3,70,1,4,1,03:45,7,2,9
2023170L30443,2023,170L30443,1,1,1,1,18,4,3,0,0,0,0,0,9,4,E01012105,-1,0,0.07312,0.92688,-1,6,30,2,1,2,06:00,1,2,9
2023201323861,2023,201323861,1,3,2,1,15,3,3,0,0,2,0,0,9,3,E01009655,3,1,0.0,1.0,-1,3,30,1,1,1,19:44,6,2,9
2023320693108,2023,320693108,2,1,1,2,55,8,3,0,0,0,0,0,9,9,E01026219,-1,0,0.05364,0.94636,-1,6,30,1,1,2,14:30,4,2,9
2023351390887,2023,351390887,1,1,1,1,32,6,3,0,0,0,0,0,19,6,E01015644,3,1,0.0,1.0,-1,6,50,1,1,1,10:25,6,2,19
2023010435729,2023,010435729,2,1,1,1,30,6,3,0,0,0,0,0,1,2,E01003159,-1,0,0.0,1.0,-1,2,20,1,1,1,17:22,2,2,1
2023201305128,2023,201305128,1,1,1,1,52,8,3,0,0,0,0,0,9,8,E01010329,3,1,0.0,1.0,-1,3,50,1,4,1,01:26,2,5,9
2023411268239,2023,411268239,1,2,2,2,20,4,3,0,0,1,0,0,9,-1,-1,3,1,0.0,1.0,-1,6,30,2,1,2,10:50,7,2,9
2023451264960,2023,451264960,1,1,1,2,77,11,3,0,0,0,0,0,9,9,E01030644,3,1,0.0,1.0,-1,6,30,1,1,2,12:50,4,2,9
2023991285517,2023,991285517,1,1,3,1,72,10,2,1,1,0,0,0,0,7,-1,7,1,1.0,0.0,-1,6,20,1,1,1,14:25,6,1,9