collision_index,collision_year,collision_ref_no,vehicle_reference,casualty_reference,casualty_class,sex_of_casualty,age_of_casualty,age_band_of_casualty,casualty_severity,pedestrian_location,pedestrian_movement,car_passenger,bus_or_coach_passenger,pedestrian_road_maintenance_worker,casualty_type,casualty_imd_decile,lsoa_of_casualty,enhanced_casualty_severity,casualty_injury_based,casualty_adjusted_severity_serious,casualty_adjusted_severity_slight,casualty_distance_banding,road_type,speed_limit,weather_conditions,light_conditions,road_surface_conditions,time,day_of_week,number_of_vehicles,vehicle_type
2023122400163,2023,122400163,2,1,1,2,28,6,3,0,0,0,0,0,1,8,E01013391,-1,0,0.04614,0.95386,-1,6,30,1,4,2,17:10,4,2,1
2023411307867,2023,411307867,2,1,1,1,19,4,3,0,0,0,0,0,1,7,E01033314,3,1,0.0,1.0,-1,3,30,1,1,-1,12:10,2,2,1
2023430274316,2023,430274316,1,1,1,1,-1,-1,3,0,0,0,0,0,1,-1,-1,-1,0,0.04788,0.95212,-1,6,30,1,1,2,07:45,3,2,1
2023061341283,2023,061341283,3,1,1,1,50,8,3,0,0,0,0,0,9,4,E01005730,3,1,0.0,1.0,-1,3,40,2,4,2,00:25,2,3,9
2023520400732,2023,520400732,1,1,1,2,39,7,3,0,0,0,0,0,9,9,E01029210,-1,0,0.03146,0.96854,-1,6,60,1,1,1,15:22,7,3,9
2023010485050,2023,010485050,2,3,2,1,24,5,3,0,0,0,0,0,19,2,E01015726,-1,0,0.0,1.0,-1,3,50,2,1,2,12:00,3,2,19
2023231366321,2023,231366321,1,1,3,2,11,3,2,5,1,0,0,0,0,9,E01031328,7,1,1.0,0.0,-1,6,30,1,1,1,08:11,3,1,9
2023010440053,2023,010440053,2,1,1,1,38,7,3,0,0,0,0,0,1,3,E01003081,-1,0,0.0,1.0,-1,6,20,1,4,1,15:35,6,2,1
2023421362793,2023,421362793,1,1,1,1,28,6,3,0,0,0,0,0,9,3,E01015785,3,1,0.0,1.0,-1,6,60,1,1,1,07:11,7,2,9
2023531332875,2023,531332875,1,2,1,2,39,7,3,0,0,0,0,0,9,10,E01016692,3,1,0.0,1.0,-1,6,60,1,1,2,13:25,2,2,9
2023010457815,2023,010457815,1,1,3,2,42,7,2,8,8,0,0,0,0,3,E01002553,-1,0,1.0,0.0,-1,1,30,1,5,1,22:20,6,1,4
2023010432391,2023,010432391,1,1,1,1,54,8,3,0,0,0,0,0,1,4,E01002987,-1,0,0.0,1.0,-1,3,20,2,1,2,17:20,4,2,1
2023440307590,2023,440307590,2,1,1,1,67,10,3,0,0,0,0,0,9,-1,-1,-1,0,0.10363,0.89637,-1,6,60,1,1,1,11:51,2,2,9
2023531423760,2023,531423760,2,1,1,2,78,11,3,0,0,0,0,0,9,6,E01022186,3,1,0.0,1.0,-1,6,60,1,1,1,17:40,3,2,9
2023010447095,2023,010447095,1,1,1,1,43,7,3,0,0,0,0,0,3,7,E01001131,-1,0,0.0,1.0,-1,9,20,9,1,9,15:01,7,2,3
2023061390511,2023,061390511,1,1,3,2,-1,-1,3,10,9,0,0,-1,0,1,E01005285,3,1,0.0,1.0,-1,6,30,8,1,1,18:00,3,1,9
2023471318682,2023,471318682,3,5,2,1,22,5,3,0,0,0,0,0,19,9,E01016601,3,1,0.0,1.0,-1,6,60,1,1,1,14:50,4,3,19
2023010462578,2023,010462578,1,1,1,1,59,9,3,0,0,0,0,0,8,2,E01033601,-1,0,0.0,1.0,-1,2,40,8,1,2,18:40,7,2,8
2023311268917,2023,311268917,1,1,1,1,32,6,3,0,0,0,0,0,9,2,E01013499,3,1,0.0,1.0,-1,6,30,1,1,2,16:15,5,2,9
2023131279946,2023,131279946,2,1,1,1,29,6,2,0,0,0,0,0,1,3,E01011014,7,1,1.0,0.0,-1,6,30,1,1,1,06:24,6,2,1
2023302300736,2023,302300736,2,1,1,1,45,7,3,0,0,0,0,0,1,2,E01013483,-1,0,0.14604,0.85396,-1,6,30,1,1,1,16:45,5,2,1
2023061328902,2023,061328902,2,1,1,2,-1,-1,3,0,0,0,0,0,9,-1,-1,3,1,0.0,1.0,-1,6,30,1,1,1,11:20,2,2,9
2023302300168,2023,302300168,1,1,3,1,13,3,3,1,1,0,0,0,0,1,E01013487,-1,0,0.08452,0.91548,-1,6,30,1,4,1,17:00,3,1,9
2023501372747,2023,501372747,1,1,1,1,18,4,3,0,0,0,0,0,3,7,E01015122,3,1,0.0,1.0,-1,6,60,2,4,2,22:06,5,1,3
2023041308939,2023,041308939,1,1,1,2,57,9,3,0,0,0,0,0,9,2,E01007026,3,1,0.0,1.0,-1,6,40,1,1,1,15:16,4,1,9
2023071083135,2023,071083135,2,2,2,2,20,4,3,0,0,1,0,0,9,1,E01018351,-1,0,0.02108,0.97892,-1,3,70,1,1,1,11:40,4,2,9
2023131331230,2023,131331230,1,2,2,2,38,7,3,0,0,1,0,0,9,3,E01011824,3,1,0.0,1.0,-1,6,30,1,1,1,19:29,4,2,9
2023302301495,2023,302301495,1,2,2,1,-1,-1,3,0,0,1,0,0,9,-1,-1,-1,0,0.11096,0.88904,-1,6,30,1,4,2,03:26,3,2,9
2023461297283,2023,461297283,2,2,2,1,11,3,3,0,0,1,0,0,9,-1,-1,3,1,0.0,1.0,-1,6,30,1,1,1,13:20,4,2,9
2023531335503,2023,531335503,1,1,1,1,36,7,3,0,0,0,0,0,9,5,E01014062,3,1,0.0,1.0,-1,3,40,2,1,2,18:05,1,1,9
2023547418623,2023,547418623,2,1,1,2,83,11,2,0,0,0,0,0,9,8,E01032121,-1,0,1.0,0.0,-1,1,30,4,1,1,14:26,7,2,9
2023122300784,2023,122300784,1,1,1,2,26,6,3,0,0,0,0,0,9,6,E01013541,-1,0,0.05565,0.94435,-1,6,60,3,1,3,11:36,5,1,9
2023320745930,2023,320745930,1,3,1,2,39,7,3,0,0,0,0,0,9,8,E01026321,-1,0,0.06691,0.93309,-1,3,70,5,1,5,09:16,2,2,9
2023440069338,2023,440069338,1,1,1,2,28,6,3,0,0,0,0,0,9,8,E01022651,-1,0,0.0054,0.9946,-1,1,30,1,1,1,13:18,1,2,9
2023461284363,2023,461284363,1,1,1,2,73,10,3,0,0,0,0,0,9,4,E01024162,3,1,0.0,1.0,-1,6,30,1,4,1,21:06,6,2,9
2023471350473,2023,471350473,2,1,1,2,58,9,3,0,0,0,0,0,9,5,E01016849,3,1,0.0,1.0,-1,6,30,1,1,1,14:13,6,2,9
2023211270524,2023,211270524,1,1,3,1,22,5,3,6,9,0,0,-1,0,-1,-1,3,1,0.0,1.0,-1,3,50,1,4,1,06:35,7,2,9
2023052301265,2023,052301265,2,1,1,1,-1,-1,3,0,0,0,0,0,1,5,E01007039,-1,0,0.06939,0.93061,-1,1,30,1,1,1,16:46,3,2,1
2023552300130,2023,552300130,2,2,1,2,63,9,3,0,0,0,0,0,9,5,E01020469,-1,0,0.015,0.985,-1,3,40,1,1,1,08:09,7,2,9
2023122300507,2023,122300507,1,1,1,2,69,10,3,0,0,0,0,0,9,8,E01027886,-1,0,0.04264,0.95736,-1,6,30,1,1,1,11:05,6,2,9
2023161287641,2023,161287641,2,2,1,2,35,6,3,0,0,0,0,0,9,7,E01013010,3,1,0.0,1.0,-1,6,30,1,4,2,20:23,5,4,9
2023170S11143,2023,170S11143,1,3,2,2,9,2,3,0,0,1,0,0,9,9,E01012228,-1,0,0.07373,0.92627,-1,3,50,1,1,1,16:40,3,2,9
2023411365082,2023,411365082,2,1,1,1,37,7,3,0,0,0,0,0,9,10,E01023697,3,1,0.0,1.0,-1,3,70,1,1,1,06:40,3,2,9
2023161343273,2023,161343273,1,1,1,1,20,4,2,0,0,0,0,0,-1,2,E01012884,6,1,1.0,0.0,-1,6,30,2,4,2,00:05,7,3,-1
2023221265248,2023,221265248,1,1,3,2,39,7,3,6,9,0,0,0,0,10,E01032145,3,1,0.0,1.0,-1,6,30,1,1,1,08:31,4,1,9
2023451376250,2023,451376250,1,1,1,1,19,4,3,0,0,0,0,0,1,5,E01030664,3,1,0.0,1.0,-1,3,40,1,1,2,15:45,3,2,1
2023522301554,2023,522301554,1,1,1,1,21,5,3,0,0,0,0,0,1,7,E01014535,-1,0,0.03323,0.96677,-1,1,30,1,1,1,14:18,7,3,1
2023010442420,2023,010442420,1,1,1,1,34,6,3,0,0,0,0,0,4,2,E01002076,-1,0,0.0,1.0,-1,9,20,1,1,1,14:00,4,2,4
2023070821127,2023,070821127,1,1,1,2,72,10,3,0,0,0,0,0,9,9,E01018692,-1,0,0.14482,0.85518,-1,6,60,1,1,1,15:40,4,1,9
2023071012644,2023,071012644,2,1,2,1,36,7,3,0,0,1,0,0,9,1,E01018466,-1,0,0.0955,0.9045,-1,6,60,1,6,1,21:40,1,2,9
2023332300142,2023,332300142,1,1,1,2,19,4,3,0,0,0,0,0,9,1,E01010062,-1,0,0.06306,0.93694,-1,1,60,1,4,1,22:30,7,1,9
2023991353960,2023,991353960,1,1,1,2,45,7,3,0,0,0,0,0,9,8,-1,3,1,0.0,1.0,-1,6,40,2,1,2,08:20,3,2,9
2023991311816,2023,991311816,2,1,1,1,49,8,3,0,0,0,0,0,21,2,-1,3,1,0.0,1.0,-1,6,40,1,1,1,13:45,3,2,21
2023041373423,2023,041373423,2,1,1,1,21,5,3,0,0,0,0,0,9,6,E01025114,3,1,0.0,1.0,-1,6,30,2,4,2,18:00,2,2,9
2023501347375,2023,501347375,1,1,1,1,27,6,3,0,0,0,0,0,9,7,E01020106,3,1,0.0,1.0,-1,6,60,1,6,2,21:43,5,1,9
2023052300346,2023,052300346,2,1,1,1,55,8,3,0,0,0,0,0,1,6,E01007065,-1,0,0.14696,0.85304,-1,3,30,1,6,1,17:35,2,2,1
2023041299154,2023,041299154,1,1,1,1,20,4,3,0,0,0,0,0,9,3,E01024897,3,1,0.0,1.0,-1,3,70,1,4,1,03:47,6,1,9
2023451369125,2023,451369125,1,1,1,2,82,11,2,0,0,0,0,0,9,5,E01030962,6,1,1.0,0.0,-1,6,30,1,4,2,19:10,3,2,9
2023631316554,2023,631316554,1,1,1,1,37,7,2,0,0,0,0,0,9,3,W01001454,7,1,1.0,0.0,-1,6,60,1,1,1,09:40,3,1,9
2023131392100,2023,131392100,1,1,2,2,43,7,2,0,0,1,0,0,9,1,E01010782,5,1,1.0,0.0,-1,6,30,2,1,2,06:29,2,1,9
2023122301364,2023,122301364,1,1,3,1,53,8,2,1,1,0,0,0,0,6,E01027648,-1,0,1.0,0.0,-1,6,30,1,4,2,07:45,2,1,9
2023161309999,2023,161309999,1,1,3,1,48,8,3,6,5,0,0,0,0,2,E01013240,3,1,0.0,1.0,-1,6,20,1,1,1,11:05,2,1,9
2023221305206,2023,221305206,1,1,3,2,43,7,3,5,1,0,0,0,0,3,E01014156,3,1,0.0,1.0,-1,6,30,1,1,2,18:45,5,1,9
2023302301485,2023,302301485,1,1,1,1,88,11,3,0,0,0,0,0,9,7,E01019652,-1,0,0.04507,0.95493,-1,6,20,1,1,2,13:37,3,1,9
2023010453819,2023,010453819,1,1,1,1,26,6,3,0,0,0,0,0,3,5,E01003072,-1,0,0.0,1.0,-1,6,20,1,1,1,20:03,4,2,3
2023010427441,2023,010427441,1,2,3,1,12,3,3,5,3,0,0,0,0,4,E01002455,-1,0,0.0,1.0,-1,6,30,1,1,2,08:54,5,1,9
2023131358170,2023,131358170,2,1,1,1,45,7,3,0,0,0,0,0,8,5,E01011263,3,1,0.0,1.0,-1,7,30,2,4,2,23:40,7,2,8
2023101315789,2023,101315789,2,1,1,1,15,3,3,0,0,0,0,0,1,3,E01008649,3,1,0.0,1.0,-1,6,30,1,1,1,08:15,4,2,1
2023010484303,2023,010484303,1,1,1,2,60,9,3,0,0,0,0,0,5,5,E01004644,-1,0,0.0,1.0,-1,6,20,1,4,1,22:38,6,2,5
2023401372205,2023,401372205,1,1,1,2,23,5,3,0,0,0,0,0,9,3,E01015788,3,1,0.0,1.0,-1,6,30,1,1,1,10:10,1,2,9
2023201380753,2023,201380753,2,1,2,2,6,2,3,0,0,0,0,0,22,10,E01010231,3,1,0.0,1.0,-1,6,30,1,1,1,13:37,5,2,22
2023520400743,2023,520400743,1,1,1,1,48,8,3,0,0,0,0,0,9,4,E01029309,-1,0,0.04062,0.95938,-1,6,30,2,4,2,21:55,4,2,9
2023531334161,2023,531334161,1,2,2,1,64,9,3,0,0,1,0,0,9,2,E01032235,3,1,0.0,1.0,-1,3,70,1,1,1,07:40,4,1,9
2023631364380,2023,631364380,2,1,1,2,20,4,3,0,0,0,0,0,9,5,W01000535,3,1,0.0,1.0,-1,6,60,4,6,2,15:30,4,2,9
2023440073363,2023,440073363,1,1,3,1,7,2,3,6,9,0,0,0,0,4,E01032756,-1,0,0.03698,0.96302,-1,6,30,1,1,1,08:30,4,1,9
2023421263743,2023,421263743,1,1,1,1,22,5,2,0,0,0,0,0,3,7,E01021635,6,1,1.0,0.0,-1,6,60,2,6,2,06:42,2,3,3
2023161354876,2023,161354876,1,1,2,2,56,9,3,0,0,0,3,0,11,-1,-1,3,1,0.0,1.0,-1,6,30,9,1,1,15:32,6,1,11
2023411314178,2023,411314178,3,3,1,1,53,8,3,0,0,0,0,0,19,9,E01023507,3,1,0.0,1.0,-1,6,60,1,1,1,07:33,3,4,19
2023141389358,2023,141389358,1,1,3,1,71,10,2,9,5,0,0,0,0,-1,-1,7,1,1.0,0.0,-1,6,20,1,1,1,15:45,7,2,9
2023221382868,2023,221382868,1,1,3,1,54,8,3,8,7,0,0,1,0,6,E01032229,3,1,0.0,1.0,-1,6,30,1,4,1,18:48,7,1,9
2023440319452,2023,440319452,3,2,2,2,15,3,3,0,0,1,0,0,9,8,E01023171,-1,0,0.01622,0.98378,-1,6,30,1,1,1,15:23,3,4,9
2023471299117,2023,471299117,1,1,1,1,44,7,3,0,0,0,0,0,9,1,E01021136,3,1,0.0,1.0,-1,6,40,1,5,1,20:40,5,2,9
2023010467872,2023,010467872,1,1,3,1,11,3,3,4,3,0,0,0,0,8,E01004143,-1,0,0.0,1.0,-1,6,30,1,1,1,17:55,7,1,9
2023311290111,2023,311290111,1,1,3,2,34,6,3,5,3,0,0,0,0,1,E01028057,3,1,0.0,1.0,-1,6,30,2,4,2,23:24,4,1,9
2023501392250,2023,501392250,1,1,1,1,62,9,3,0,0,0,0,0,9,3,E01015032,3,1,0.0,1.0,-1,3,70,2,1,2,13:07,2,2,9
2023211384642,2023,211384642,2,1,2,2,24,5,3,0,0,1,0,0,9,9,E01028839,3,1,0.0,1.0,-1,2,60,2,6,5,07:53,7,2,9
2023122400165,2023,122400165,1,1,1,2,35,6,3,0,0,0,0,0,3,4,E01027779,-1,0,0.09166,0.90834,-1,6,30,8,6,4,01:40,4,1,3
2023161348255,2023,161348255,2,1,1,1,42,7,3,0,0,0,0,0,1,5,E01012930,3,1,0.0,1.0,-1,1,30,2,1,2,10:00,6,2,1
2023131322271,2023,131322271,2,1,1,2,52,8,3,0,0,0,0,0,9,8,E01011934,3,1,0.0,1.0,-1,3,30,1,1,1,13:00,6,2,9
2023320457715,2023,320457715,2,1,1,2,54,8,3,0,0,0,0,0,9,5,E01026245,-1,0,0.05103,0.94897,-1,6,60,1,1,1,17:15,2,2,9
2023201396958,2023,201396958,1,1,1,1,77,11,3,0,0,0,0,0,22,3,E01010137,3,1,0.0,1.0,-1,6,30,1,1,1,11:18,7,2,22
2023522300418,2023,522300418,1,1,3,1,71,10,3,5,9,0,0,0,0,9,E01014857,-1,0,0.13207,0.86793,-1,6,30,1,1,1,11:00,2,1,9
2023211382387,2023,211382387,2,5,2,1,55,8,3,0,0,2,0,0,9,1,E01007453,3,1,0.0,1.0,-1,6,50,1,1,2,14:00,6,3,9
2023411343194,2023,411343194,2,5,2,1,50,8,3,0,0,2,0,0,9,5,W01001837,3,1,0.0,1.0,-1,3,70,2,1,2,20:31,1,2,9
2023622301064,2023,622301064,1,2,2,2,19,4,3,0,0,1,0,0,9,1,W01001739,-1,0,0.08169,0.91831,-1,6,50,2,4,2,01:25,4,1,9
2023522301102,2023,522301102,1,1,3,2,26,6,2,1,1,0,0,0,0,-1,-1,-1,0,1.0,0.0,-1,3,30,1,4,1,00:42,3,1,9
2023010470425,2023,010470425,1,1,1,1,33,6,3,0,0,0,0,0,3,3,E01003537,-1,0,0.0,1.0,-1,6,20,1,4,1,20:00,5,2,3
2023031361946,2023,031361946,1,1,1,2,48,8,3,0,0,0,0,0,9,6,E01019324,3,1,0.0,1.0,-1,6,60,1,1,1,07:40,5,2,9
2023211358271,2023,211358271,2,3,2,2,11,3,2,0,0,2,0,0,9,8,E01029435,7,1,1.0,0.0,-1,6,30,2,1,2,15:30,1,2,9
2023440303637,2023,440303637,2,2,1,2,24,5,3,0,0,0,0,0,9,10,E01023577,-1,0,0.03209,0.96791,-1,3,70,1,1,1,13:19,6,2,9
2023991275266,2023,991275266,3,2,1,2,59,9,3,0,0,0,0,0,9,2,-1,3,1,0.0,1.0,-1,3,70,1,1,2,12:45,7,3,9
2023991375799,2023,991375799,2,1,2,2,21,5,3,0,0,1,0,0,9,2,-1,3,1,0.0,1.0,-1,6,20,8,4,2,23:00,2,2,9
2023010425517,2023,010425517,1,1,2,2,1,1,3,0,0,0,4,0,11,1,E01001634,-1,0,0.0,1.0,-1,6,30,1,1,1,14:25,1,1,11
2023522400045,2023,522400045,1,1,1,1,28,6,3,0,0,0,0,0,4,10,E01014875,-1,0,0.04778,0.95222,-1,6,20,1,1,1,16:14,3,2,4
202363A013123,2023,63A013123,1,1,1,1,20,4,3,0,0,0,0,0,9,4,W01000697,-1,0,0.04466,0.95534,-1,6,30,1,7,1,19:36,2,2,9
2023010423679,2023,010423679,1,1,1,1,26,6,3,0,0,0,0,0,9,3,E01000089,-1,0,0.0,1.0,-1,3,50,1,4,2,03:10,5,2,9
2023061365882,2023,061365882,2,1,1,2,31,6,3,0,0,0,0,0,9,4,E01005184,3,1,0.0,1.0,-1,6,30,1,1,-1,15:42,4,2,9
2023211361908,2023,211361908,2,1,1,1,36,7,3,0,0,0,0,0,9,6,E01014333,3,1,0.0,1.0,-1,3,70,1,1,1,09:43,4,2,9
2023401329312,2023,401329312,3,2,1,2,45,7,3,0,0,0,0,0,9,6,E01017481,3,1,0.0,1.0,-1,6,30,1,1,1,08:25,3,3,9
2023481377542,2023,481377542,1,1,1,1,62,9,2,0,0,0,0,0,1,-1,-1,7,1,1.0,0.0,-1,6,20,1,1,2,10:00,5,2,1
2023010448135,2023,010448135,1,1,1,1,24,5,3,0,0,0,0,0,3,3,E01001311,-1,0,0.0,1.0,-1,6,30,1,1,1,16:50,6,2,3
2023221276379,2023,221276379,2,1,1,1,65,9,3,0,0,0,0,0,9,7,E01014137,3,1,0.0,1.0,-1,6,30,1,1,1,15:40,3,2,9
2023041300711,2023,041300711,2,1,1,1,37,7,3,0,0,0,0,0,19,1,E01004870,3,1,0.0,1.0,-1,3,70,1,1,1,09:00,3,3,19
2023141332396,2023,141332396,2,1,1,1,-1,-1,3,0,0,0,0,0,23,2,E01007470,3,1,0.0,1.0,-1,6,20,2,1,2,17:36,7,2,23
2023010436046,2023,010436046,1,1,2,-1,-1,-1,3,0,0,1,0,0,8,2,E01000057,-1,0,0.0,1.0,-1,6,20,1,1,1,07:51,2,1,8
2023122300716,2023,122300716,1,1,1,1,91,11,3,0,0,0,0,0,9,10,E01013452,-1,0,0.12975,0.87025,-1,6,60,1,1,1,13:26,3,1,9
2023430169174,2023,430169174,1,1,1,2,28,6,3,0,0,0,0,0,9,5,E01016472,-1,0,0.00394,0.99606,-1,6,30,2,1,2,08:00,6,2,9
2023451393574,2023,451393574,1,1,2,2,51,8,3,0,0,1,0,0,9,10,E01030997,3,1,0.0,1.0,-1,6,30,1,1,2,16:00,1,2,9
2023552300453,2023,552300453,2,1,1,2,42,7,3,0,0,0,0,0,9,8,E01020583,-1,0,0.0174,0.9826,-1,6,60,1,1,1,14:42,5,4,9
2023010463216,2023,010463216,1,1,3,1,15,3,2,9,5,0,0,0,0,-1,-1,-1,0,1.0,0.0,-1,3,40,1,1,1,17:49,4,1,9
2023501387423,2023,501387423,1,1,3,2,66,10,3,9,5,0,0,0,0,4,E01020116,3,1,0.0,1.0,-1,6,30,2,4,2,18:52,3,1,9
2023010478445,2023,010478445,1,1,1,1,34,6,3,0,0,0,0,0,1,2,E01001770,-1,0,0.0,1.0,-1,9,20,1,4,2,20:40,5,1,1
2023111349081,2023,111349081,2,1,1,1,42,7,3,0,0,0,0,0,1,9,E01032546,3,1,0.0,1.0,-1,6,30,1,1,1,07:46,2,2,1
2023461362376,2023,461362376,1,1,1,2,65,9,2,0,0,0,0,0,1,10,E01024321,7,1,1.0,0.0,-1,6,60,1,1,1,11:57,2,1,1
2023320778264,2023,320778264,1,1,1,1,72,10,3,0,0,0,0,0,9,1,E01026073,-1,0,0.12956,0.87044,-1,6,60,1,1,1,15:30,3,1,9
2023010456109,2023,010456109,2,4,2,1,38,7,3,0,0,0,0,0,19,5,E01000631,-1,0,0.0,1.0,-1,3,30,1,1,1,13:33,4,2,19
2023351339048,2023,351339048,1,1,1,1,36,7,3,0,0,0,0,0,19,5,E01018187,3,1,0.0,1.0,-1,6,50,2,6,2,00:31,3,1,19
2023332301185,2023,332301185,1,1,3,1,67,10,3,6,9,0,0,0,0,9,E01025688,-1,0,0.0198,0.9802,-1,6,30,2,1,2,10:16,2,1,9
2023052302267,2023,052302267,2,1,1,1,26,6,3,0,0,0,0,0,9,1,E01006662,-1,0,0.03779,0.96221,-1,6,30,1,1,1,18:45,4,2,9
2023201444599,2023,201444599,2,1,1,2,-1,-1,3,0,0,0,0,0,9,2,E01009100,3,1,0.0,1.0,-1,3,40,8,1,1,11:20,7,2,9
2023461276938,2023,461276938,2,1,1,2,66,10,3,0,0,0,0,0,9,9,E01022879,3,1,0.0,1.0,-1,6,60,1,1,2,15:10,7,2,9
2023010458797,2023,010458797,1,1,1,1,33,6,3,0,0,0,0,0,9,3,E01016098,-1,0,0.0,1.0,-1,3,40,1,1,1,06:15,5,1,9
2023061393603,2023,061393603,1,1,1,1,32,6,3,0,0,0,0,0,9,1,E01010736,3,1,0.0,1.0,-1,3,70,5,4,5,20:43,1,4,9
2023122300594,2023,122300594,1,3,2,2,18,4,3,0,0,2,0,0,9,9,E01027642,-1,0,0.00436,0.99564,-1,6,30,1,1,1,09:50,7,3,9
2023161348320,2023,161348320,1,1,1,1,59,9,3,0,0,0,0,0,9,1,E01013203,3,1,0.0,1.0,-1,6,30,9,4,1,05:27,2,2,9
2023311304001,2023,311304001,2,1,1,2,31,6,3,0,0,0,0,0,9,2,E01028044,3,1,0.0,1.0,-1,9,30,1,1,1,14:00,6,3,9
2023461279376,2023,461279376,2,3,2,2,50,8,3,0,0,-1,0,0,9,5,E01016034,3,1,0.0,1.0,-1,6,30,1,7,1,21:33,6,2,9
2023201287692,2023,201287692,1,1,3,2,39,7,3,5,1,0,0,2,0,1,E01009632,3,1,0.0,1.0,-1,6,30,2,1,2,07:42,5,1,9
2023461331569,2023,461331569,1,1,3,1,91,11,1,6,9,0,0,0,0,7,E01016124,1,1,0.0,0.0,-1,6,30,1,1,1,07:20,5,1,1
2023010455224,2023,010455224,1,1,1,1,32,6,3,0,0,0,0,0,1,-1,-1,-1,0,0.0,1.0,-1,6,20,1,1,1,09:20,5,2,1
2023010468918,2023,010468918,1,1,1,1,30,6,3,0,0,0,0,0,1,8,E01004514,-1,0,0.0,1.0,-1,6,20,1,1,1,09:05,4,2,1
2023520400953,2023,520400953,2,1,1,1,23,5,2,0,0,0,0,0,3,6,E01029285,-1,0,1.0,0.0,-1,6,30,1,1,1,11:33,7,2,3
2023031309368,2023,031309368,1,1,1,1,45,7,3,0,0,0,0,0,9,7,E01027696,3,1,0.0,1.0,-1,6,60,1,1,1,16:18,6,1,9
2023201448231,2023,201448231,1,1,2,2,17,4,3,0,0,-1,0,0,9,2,E01009101,3,1,0.0,1.0,-1,6,30,1,1,1,16:30,3,2,9
2023361328768,2023,361328768,1,2,2,1,14,3,3,0,0,1,0,0,9,4,E01026729,3,1,0.0,1.0,-1,6,50,1,1,1,17:06,4,2,9
2023440001373,2023,440001373,1,1,1,1,33,6,3,0,0,0,0,0,9,5,E01017282,-1,0,0.11783,0.88217,-1,6,60,1,1,1,11:44,2,1,9
2023131348893,2023,131348893,1,1,2,1,21,5,3,0,0,2,0,0,9,4,E01010763,3,1,0.0,1.0,-1,1,30,5,1,2,19:50,1,2,9
2023361285487,2023,361285487,1,7,2,2,8,2,3,0,0,1,0,0,9,5,E01026777,3,1,0.0,1.0,-1,6,50,3,1,3,15:50,6,2,9
2023421324826,2023,421324826,1,5,2,2,19,4,2,0,0,1,0,0,9,5,E01021522,5,1,1.0,0.0,-1,3,70,1,1,1,14:34,7,6,9
2023552300728,2023,552300728,1,1,1,2,73,10,3,0,0,0,0,0,9,1,E01032882,-1,0,0.13896,0.86104,-1,6,60,1,1,1,11:02,7,4,9
2023471360402,2023,471360402,2,2,2,2,40,7,3,0,0,0,0,0,5,6,E01031579,3,1,0.0,1.0,-1,6,50,1,1,1,11:30,6,3,5
2023131306852,2023,131306852,1,1,1,2,19,4,3,0,0,0,0,0,9,1,E01011792,3,1,0.0,1.0,-1,6,60,1,6,1,00:23,7,3,9
2023440389559,2023,440389559,1,1,3,1,42,7,3,9,5,0,0,0,0,4,E01022681,-1,0,0.10092,0.89908,-1,6,30,1,1,1,18:30,7,2,9
2023311287915,2023,311287915,1,1,1,1,31,6,3,0,0,0,0,0,5,3,E01006066,3,1,0.0,1.0,-1,6,60,1,1,1,13:51,6,2,5
2023010426811,2023,010426811,1,1,1,2,42,7,3,0,0,0,0,0,9,7,E01015969,-1,0,0.0,1.0,-1,3,70,1,4,2,19:30,1,1,9
2023131365291,2023,131365291,1,1,1,2,51,8,2,0,0,0,0,0,9,6,E01010957,7,1,1.0,0.0,-1,6,20,2,4,2,00:01,7,1,9
2023401328519,2023,401328519,1,1,1,2,45,7,3,0,0,0,0,0,9,9,E01018181,3,1,0.0,1.0,-1,6,60,1,1,1,17:30,5,3,9
2023421333504,2023,421333504,2,1,1,2,25,5,3,0,0,0,0,0,9,8,E01021718,3,1,0.0,1.0,-1,6,40,1,1,1,12:45,2,2,9
2023522300569,2023,522300569,1,1,1,1,84,11,3,0,0,0,0,0,9,8,E01014745,-1,0,0.05285,0.94715,-1,6,30,2,1,2,11:56,5,2,9
2023201291311,2023,201291311,1,1,3,2,21,5,3,6,9,0,0,2,0,2,E01009266,3,1,0.0,1.0,-1,6,30,1,1,2,12:30,2,1,9
2023440166758,2023,440166758,1,1,3,1,3,1,3,5,1,0,0,0,0,6,E01022507,-1,0,0.14101,0.85899,-1,6,30,1,1,1,15:43,6,1,9
2023501286756,2023,501286756,1,1,3,2,12,3,3,9,7,0,0,-1,0,4,E01018919,3,1,0.0,1.0,-1,6,30,1,1,1,15:40,3,1,9
2023052301250,2023,052301250,2,2,1,2,21,5,3,0,0,0,0,0,9,6,E01006371,-1,0,0.05837,0.94163,-1,3,60,1,1,1,17:00,3,2,9
2023141272457,2023,141272457,1,1,2,2,32,6,3,0,0,2,0,0,9,7,E01008135,3,1,0.0,1.0,-1,6,30,1,4,1,02:40,7,2,9
2023201365661,2023,201365661,2,2,2,2,69,10,3,0,0,1,0,0,9,-1,-1,3,1,0.0,1.0,-1,7,50,4,1,1,11:28,2,2,9
2023061343319,2023,061343319,2,1,1,1,34,6,3,0,0,0,0,0,3,4,E01005217,3,1,0.0,1.0,-1,6,30,1,1,1,21:00,5,2,3