collision_index,collision_year,collision_ref_no,vehicle_reference,casualty_reference,casualty_class,sex_of_casualty,age_of_casualty,age_band_of_casualty,casualty_severity,pedestrian_location,pedestrian_movement,car_passenger,bus_or_coach_passenger,pedestrian_road_maintenance_worker,casualty_type,casualty_imd_decile,lsoa_of_casualty,enhanced_casualty_severity,casualty_injury_based,casualty_adjusted_severity_serious,casualty_adjusted_severity_slight,casualty_distance_banding,road_type,speed_limit,weather_conditions,light_conditions,road_surface_conditions,time,day_of_week,number_of_vehicles,vehicle_type
2023201295721,2023,201295721,2,2,1,1,21,5,3,0,0,0,0,0,9,2,E01010020,3,1,0.0,1.0,-1,1,30,1,4,2,00:02,4,3,9
2023421274225,2023,421274225,2,1,1,2,49,8,2,0,0,0,0,0,9,7,E01021515,7,1,1.0,0.0,-1,3,40,8,4,1,16:30,2,3,9
2023471393652,2023,471393652,1,1,2,2,-1,-1,3,0,0,2,0,0,9,8,E01031653,3,1,0.0,1.0,-1,6,60,2,6,2,21:30,1,1,9
2023131293668,2023,131293668,1,1,3,1,59,9,2,1,1,0,0,2,0,1,E01010845,6,1,1.0,0.0,-1,6,30,1,1,4,06:35,3,1,9
2023471271530,2023,471271530,1,1,1,1,57,9,3,0,0,0,0,0,1,4,E01016890,3,1,0.0,1.0,-1,6,20,9,1,1,14:40,4,2,1
2023010434552,2023,010434552,2,1,1,1,36,7,3,0,0,0,0,0,3,4,E01004569,-1,0,0.0,1.0,-1,6,30,1,4,1,21:13,2,2,3
2023061380620,2023,061380620,2,1,1,1,29,6,3,0,0,0,0,0,9,-1,-1,3,1,0.0,1.0,-1,6,30,1,4,1,21:40,4,2,9
2023122400146,2023,122400146,1,1,1,1,19,4,2,0,0,0,0,0,9,5,E01024673,-1,0,1.0,0.0,-1,3,70,1,1,1,13:29,5,2,9
2023411395128,2023,411395128,1,3,2,2,41,7,3,0,0,2,0,0,9,8,E01023666,3,1,0.0,1.0,-1,6,40,1,1,1,09:00,2,2,9
2023471262274,2023,471262274,2,1,1,2,48,8,2,0,0,0,0,0,9,6,E01021182,6,1,1.0,0.0,-1,6,60,1,1,2,07:25,4,2,9
2023471351758,2023,471351758,2,1,2,2,76,11,3,0,0,2,0,0,9,5,E01031470,3,1,0.0,1.0,-1,6,30,1,1,1,15:09,3,2,9
2023010478704,2023,010478704,1,1,1,2,27,6,3,0,0,0,0,0,9,7,E01002514,-1,0,0.0,1.0,-1,3,40,2,4,2,01:35,7,1,9
2023122400010,2023,122400010,1,1,1,1,66,10,3,0,0,0,0,0,9,6,E01027601,-1,0,0.04603,0.95397,-1,6,60,1,1,1,16:06,1,2,9
2023170S11763,2023,170S11763,4,7,2,2,45,7,3,0,0,1,0,0,9,3,E01012197,-1,0,0.06149,0.93851,-1,3,70,9,1,1,09:55,7,5,9
2023010474287,2023,010474287,1,1,1,2,25,5,3,0,0,0,0,0,1,3,E01004259,-1,0,0.0,1.0,-1,1,20,2,4,1,19:45,5,2,1
2023070272869,2023,070272869,2,1,1,1,45,7,2,0,0,0,0,0,9,1,E01018445,-1,0,1.0,0.0,-1,6,30,2,1,2,07:05,3,2,9
2023340NN4122,2023,340NN4122,1,1,1,2,17,4,3,0,0,0,0,0,9,4,E01027247,-1,0,0.04439,0.95561,-1,3,70,1,1,2,09:37,1,2,9
2023430417597,2023,430417597,1,2,1,1,43,7,3,0,0,0,0,0,9,10,E01016526,-1,0,0.08424,0.91576,-1,6,40,2,1,2,15:46,1,2,9
2023010429543,2023,010429543,1,1,1,1,-1,-1,3,0,0,0,0,0,23,6,E01002921,-1,0,0.0,1.0,-1,3,40,1,4,1,19:15,2,2,23
2023061343475,2023,061343475,2,1,1,1,22,5,3,0,0,0,0,0,1,1,E01005242,3,1,0.0,1.0,-1,6,30,1,1,1,19:38,7,2,1
2023010473729,2023,010473729,1,1,1,1,27,6,3,0,0,0,0,0,3,2,E01001575,-1,0,0.0,1.0,-1,6,20,2,4,2,19:23,2,2,3
2023320029778,2023,320029778,1,1,1,1,17,4,3,0,0,0,0,0,9,5,E01026306,-1,0,0.12214,0.87786,-1,6,60,1,6,2,18:30,1,2,9
2023010468837,2023,010468837,2,1,1,1,45,7,3,0,0,0,0,0,9,-1,-1,-1,0,0.0,1.0,-1,3,70,1,1,1,15:55,5,2,9
2023351361425,2023,351361425,2,3,2,1,8,2,2,0,0,2,0,0,9,8,E01018217,7,1,1.0,0.0,-1,3,70,1,1,1,17:30,5,2,9
2023421368050,2023,421368050,2,2,2,2,42,7,2,0,0,1,0,0,9,4,E01021822,6,1,1.0,0.0,-1,6,60,2,4,2,18:32,7,2,9
2023010486179,2023,010486179,1,1,1,2,50,8,2,0,0,0,0,0,1,10,E01003010,-1,0,1.0,0.0,-1,6,30,9,7,9,18:20,6,2,1
2023010434704,2023,010434704,1,1,1,1,32,6,3,0,0,0,0,0,4,9,E01030317,-1,0,0.0,1.0,-1,6,20,1,1,2,17:15,3,2,4
2023461301295,2023,461301295,1,1,1,1,20,4,2,0,0,0,0,0,5,8,E01000399,6,1,1.0,0.0,-1,3,70,1,1,1,10:41,2,2,5
2023101372771,2023,101372771,1,1,1,1,51,8,2,0,0,0,0,0,9,2,E01008385,6,1,1.0,0.0,-1,3,60,1,4,2,19:14,5,3,9
2023351393932,2023,351393932,3,1,1,1,46,8,3,0,0,0,0,0,9,5,E01015651,3,1,0.0,1.0,-1,6,50,1,1,2,08:57,1,3,9
2023061360741,2023,061360741,2,1,1,2,51,8,3,0,0,0,0,0,9,7,E01005780,3,1,0.0,1.0,-1,6,30,1,1,1,13:00,1,2,9
2023131314656,2023,131314656,1,1,1,1,34,6,2,0,0,0,0,0,9,-1,-1,7,1,1.0,0.0,-1,6,30,1,6,1,00:12,1,1,9
2023161359045,2023,161359045,1,1,1,1,51,8,2,0,0,0,0,0,9,10,E01012967,5,1,1.0,0.0,-1,6,60,1,1,2,06:35,3,3,9
2023221377184,2023,221377184,2,2,2,2,32,6,3,0,0,1,0,0,9,9,E01032421,3,1,0.0,1.0,-1,6,30,1,1,2,11:35,3,2,9
2023461317536,2023,461317536,1,1,2,2,19,4,2,0,0,2,0,0,9,5,E01024594,6,1,1.0,0.0,-1,6,30,1,4,1,22:06,7,2,9
2023332300495,2023,332300495,1,1,1,1,17,4,2,0,0,0,0,0,3,7,E01025825,-1,0,1.0,0.0,-1,6,50,1,1,1,17:30,4,2,3
2023010446081,2023,010446081,2,3,1,1,35,6,3,0,0,0,0,0,9,2,E01001477,-1,0,0.0,1.0,-1,6,40,1,4,1,22:07,3,2,9
2023451293744,2023,451293744,1,1,1,2,30,6,3,0,0,0,0,0,9,4,E01024290,3,1,0.0,1.0,-1,6,30,1,1,1,17:05,3,2,9
2023622301007,2023,622301007,1,1,1,2,43,7,3,0,0,0,0,0,9,4,W01000978,-1,0,0.03421,0.96579,-1,6,60,1,1,1,10:10,7,1,9
2023421354739,2023,421354739,2,1,2,1,33,6,3,0,0,0,3,0,11,1,E01011427,3,1,0.0,1.0,-1,6,20,9,4,1,03:03,7,2,11
2023010462191,2023,010462191,1,1,1,1,33,6,3,0,0,0,0,0,1,5,E01000070,-1,0,0.0,1.0,-1,2,30,1,6,1,22:50,4,2,1
2023061354983,2023,061354983,2,1,1,2,45,7,3,0,0,0,0,0,9,5,E01005362,3,1,0.0,1.0,-1,3,30,1,1,1,12:45,7,2,9
2023131334484,2023,131334484,1,1,1,1,62,9,2,0,0,0,0,0,9,2,E01011251,7,1,1.0,0.0,-1,6,30,1,1,1,17:45,3,2,9
2023361370460,2023,361370460,1,3,2,1,19,4,2,0,0,1,0,0,9,2,E01026711,7,1,1.0,0.0,-1,6,50,1,6,2,21:10,6,2,9
2023411345432,2023,411345432,2,1,1,2,34,6,3,0,0,0,0,0,9,6,E01023409,3,1,0.0,1.0,-1,1,70,1,1,1,14:20,7,2,9
2023451303511,2023,451303511,1,1,1,1,88,11,3,0,0,0,0,0,9,4,E01030503,3,1,0.0,1.0,-1,3,30,1,1,1,11:03,4,2,9
2023471305994,2023,471305994,1,2,2,1,23,5,2,0,0,1,0,0,9,3,E01030547,5,1,1.0,0.0,-1,6,60,1,6,1,21:05,4,3,9
2023201320650,2023,201320650,2,4,2,1,1,1,2,0,0,2,0,0,9,1,E01009013,7,1,1.0,0.0,-1,6,30,1,1,1,18:59,4,2,9
2023421382596,2023,421382596,1,1,1,2,46,8,3,0,0,0,0,0,9,6,E01021723,3,1,0.0,1.0,-1,6,30,2,4,2,17:14,2,2,9
2023520400939,2023,520400939,1,1,1,2,33,6,3,0,0,0,0,0,9,1,E01029247,-1,0,0.00582,0.99418,-1,6,30,2,1,2,09:37,6,1,9
2023361337928,2023,361337928,1,3,1,1,71,10,3,0,0,0,0,0,9,6,E01030220,3,1,0.0,1.0,-1,6,30,1,1,1,19:30,2,2,9
2023461339482,2023,461339482,1,5,2,1,4,1,3,0,0,2,0,0,9,7,E01024350,3,1,0.0,1.0,-1,6,30,2,1,2,14:37,1,2,9
2023501299579,2023,501299579,2,2,1,1,43,7,3,0,0,0,0,0,9,7,E01015127,3,1,0.0,1.0,-1,3,70,1,7,1,21:25,5,6,9
2023061342965,2023,061342965,1,1,3,2,14,3,3,5,1,0,0,0,0,-1,-1,3,1,0.0,1.0,-1,6,30,1,1,1,15:10,1,1,9
2023101352231,2023,101352231,1,1,3,1,-1,-1,3,5,3,0,0,0,0,-1,-1,3,1,0.0,1.0,-1,6,30,1,1,1,10:45,1,1,11
2023421292637,2023,421292637,1,1,3,2,14,3,3,6,9,0,0,0,0,9,E01021397,3,1,0.0,1.0,-1,6,30,2,1,2,16:10,6,1,9
2023461271235,2023,461271235,2,1,1,1,37,7,3,0,0,0,0,0,1,5,E01024191,3,1,0.0,1.0,-1,6,30,9,1,1,07:53,3,2,1
2023010424261,2023,010424261,1,1,1,1,54,8,3,0,0,0,0,0,9,1,E01004670,-1,0,0.0,1.0,-1,6,20,1,4,1,18:17,1,2,9
2023061309738,2023,061309738,2,3,2,2,10,2,3,0,0,2,0,0,9,5,E01005777,3,1,0.0,1.0,-1,1,40,1,1,1,15:07,7,2,9
2023122301375,2023,122301375,2,4,2,2,7,2,3,0,0,2,0,0,9,10,E01027893,-1,0,0.02644,0.97356,-1,6,30,1,1,1,14:33,1,2,9
2023231338301,2023,231338301,1,1,2,1,19,4,3,0,0,1,0,0,9,9,E01025833,3,1,0.0,1.0,-1,6,60,1,1,1,20:30,6,1,9
2023351363906,2023,351363906,1,2,2,1,19,4,3,0,0,-1,0,0,9,10,E01018222,3,1,0.0,1.0,-1,6,60,2,1,2,04:34,2,1,9
2023440393551,2023,440393551,1,1,1,1,56,9,3,0,0,0,0,0,9,8,E01023090,-1,0,0.09189,0.90811,-1,6,60,1,1,1,17:58,3,2,9
2023010422488,2023,010422488,1,2,3,1,14,3,3,1,3,0,0,0,0,2,E01003947,-1,0,0.0,1.0,-1,3,30,1,1,1,08:35,6,1,3
2023010448003,2023,010448003,1,1,3,2,48,8,3,5,9,0,0,0,0,6,E01021473,-1,0,0.0,1.0,-1,6,30,1,1,1,14:33,6,1,9
2023520301359,2023,520301359,1,1,3,1,33,6,3,5,9,0,0,0,0,2,E01029299,-1,0,0.10375,0.89625,-1,6,20,2,1,2,19:00,7,1,9
2023010431749,2023,010431749,1,1,1,1,56,9,3,0,0,0,0,0,9,4,E01001406,-1,0,0.0,1.0,-1,6,30,1,1,1,14:45,7,2,9
2023201295763,2023,201295763,2,3,2,1,-1,-1,3,0,0,2,0,0,9,-1,-1,3,1,0.0,1.0,-1,3,30,1,4,1,23:00,1,2,9
2023991291051,2023,991291051,2,1,1,2,59,9,2,0,0,0,0,0,9,1,-1,6,1,1.0,0.0,-1,3,70,1,1,1,13:50,6,3,9
2023461388006,2023,461388006,1,1,1,1,-1,-1,3,0,0,0,0,0,1,-1,-1,3,1,0.0,1.0,-1,6,30,1,1,1,08:15,2,2,1
2023501290643,2023,501290643,3,2,1,1,67,10,3,0,0,0,0,0,4,5,E01020224,3,1,0.0,1.0,-1,6,30,1,1,1,10:52,1,3,4
2023010462151,2023,010462151,1,1,1,1,36,7,3,0,0,0,0,0,9,5,E01000067,-1,0,0.0,1.0,-1,2,30,1,1,1,12:10,5,2,9
2023430001231,2023,430001231,1,1,1,2,30,6,3,0,0,0,0,0,9,7,E01016331,-1,0,0.00467,0.99533,-1,6,30,1,1,1,10:18,6,2,9
2023401356998,2023,401356998,1,1,1,1,23,5,2,0,0,0,0,0,-1,10,E01017532,7,1,1.0,0.0,-1,6,30,1,1,1,13:29,6,1,-1
2023010472707,2023,010472707,1,1,1,2,50,8,3,0,0,0,0,0,9,7,E01002122,-1,0,0.0,1.0,-1,6,30,1,1,1,18:00,3,2,9
2023061368981,2023,061368981,2,1,1,1,18,4,3,0,0,0,0,0,9,3,E01005975,3,1,0.0,1.0,-1,3,30,1,4,1,21:40,4,2,9
2023010432706,2023,010432706,1,1,1,2,27,6,3,0,0,0,0,0,3,2,E01001448,-1,0,0.0,1.0,-1,9,20,9,1,9,15:50,5,2,3
2023041317430,2023,041317430,3,4,2,2,23,5,3,0,0,1,0,0,9,1,E01025207,3,1,0.0,1.0,-1,3,70,1,1,1,14:32,1,5,9
2023351388116,2023,351388116,1,1,1,1,51,8,3,0,0,0,0,0,9,1,E01015611,3,1,0.0,1.0,-1,6,30,2,4,2,19:57,2,2,9
2023451290624,2023,451290624,2,2,1,1,33,6,3,0,0,0,0,0,9,3,E01002554,3,1,0.0,1.0,-1,3,70,1,1,1,12:17,7,3,9
2023451323362,2023,451323362,1,1,1,1,44,7,3,0,0,0,0,0,9,7,E01030956,3,1,0.0,1.0,-1,6,30,1,1,1,16:15,3,2,9
2023411387002,2023,411387002,2,1,1,1,41,7,1,0,0,0,0,0,21,7,E01000536,1,1,0.0,0.0,-1,3,70,5,6,2,04:32,1,3,21
2023010450114,2023,010450114,1,1,1,2,53,8,3,0,0,0,0,0,9,10,E01004114,-1,0,0.0,1.0,-1,6,30,1,1,1,15:25,2,1,9
2023010484514,2023,010484514,1,1,1,-1,35,6,3,0,0,0,0,0,9,2,E01003970,-1,0,0.0,1.0,-1,3,40,1,1,1,08:00,1,2,9
2023201371612,2023,201371612,2,1,1,1,37,7,3,0,0,0,0,0,9,6,E01008965,3,1,0.0,1.0,-1,6,30,1,4,1,01:17,7,2,9
2023411372638,2023,411372638,2,2,1,2,38,7,3,0,0,0,0,0,9,3,E01023397,3,1,0.0,1.0,-1,6,30,1,1,1,11:58,7,2,9
2023010479907,2023,010479907,2,1,1,1,24,5,3,0,0,0,0,0,1,2,E01001755,-1,0,0.0,1.0,-1,3,20,1,1,1,12:30,6,2,1
2023061320113,2023,061320113,1,1,2,2,20,4,3,0,0,1,0,0,9,9,E01025358,3,1,0.0,1.0,-1,7,40,1,1,1,11:26,1,2,9
2023141391870,2023,141391870,2,2,2,1,21,5,3,0,0,1,0,0,9,1,E01007738,3,1,0.0,1.0,-1,3,40,4,4,2,21:15,7,2,9
2023622300815,2023,622300815,1,3,2,1,53,8,3,0,0,1,0,0,9,3,W01001792,-1,0,0.01533,0.98467,-1,3,50,1,1,2,09:06,2,2,9
2023010427479,2023,010427479,1,1,1,2,26,6,3,0,0,0,0,0,1,1,E01004309,-1,0,0.0,1.0,-1,6,20,1,4,1,19:45,4,2,1
2023010477131,2023,010477131,2,1,1,1,45,7,3,0,0,0,0,0,1,4,E01003255,-1,0,0.0,1.0,-1,6,20,9,1,2,10:00,6,2,1
2023052302280,2023,052302280,2,1,1,1,24,5,2,0,0,0,0,0,1,1,E01007129,-1,0,1.0,0.0,-1,6,30,1,1,1,15:10,2,2,1
2023041367901,2023,041367901,1,1,1,2,42,7,3,0,0,0,0,0,1,6,E01025002,3,1,0.0,1.0,-1,6,30,1,1,1,14:00,6,2,1
2023010479634,2023,010479634,1,1,1,1,43,7,3,0,0,0,0,0,9,1,E01004309,-1,0,0.0,1.0,-1,3,20,1,4,1,22:32,4,3,9
2023061284039,2023,061284039,1,1,1,2,54,8,3,0,0,0,0,0,9,-1,-1,3,1,0.0,1.0,-1,3,40,2,1,-1,15:48,4,2,9
2023122300555,2023,122300555,2,2,1,1,60,9,3,0,0,0,0,0,9,8,E01027634,-1,0,0.10862,0.89138,-1,6,60,1,1,1,16:20,6,2,9
2023161383167,2023,161383167,1,1,1,2,37,7,3,0,0,0,0,0,9,8,E01013189,3,1,0.0,1.0,-1,6,30,2,1,2,08:30,2,2,9
2023010469526,2023,010469526,1,1,2,2,23,5,3,0,0,0,3,0,11,-1,-1,-1,0,0.0,1.0,-1,6,20,1,1,1,13:43,2,2,11
2023631314565,2023,631314565,2,1,1,1,58,9,3,0,0,0,0,0,19,6,W01000489,3,1,0.0,1.0,-1,6,60,1,1,1,10:05,7,4,19
2023461306188,2023,461306188,1,2,1,1,28,6,3,0,0,0,0,0,10,2,E01024391,3,1,0.0,1.0,-1,6,60,1,1,1,07:25,6,2,10
2023070138760,2023,070138760,1,1,3,1,40,7,3,5,1,0,0,0,0,-1,-1,-1,0,0.19863,0.80137,-1,6,30,1,4,2,23:09,5,1,9
2023421356355,2023,421356355,2,1,1,2,58,9,3,0,0,0,0,0,9,7,E01002366,3,1,0.0,1.0,-1,3,70,1,1,1,15:15,3,2,9
2023461375663,2023,461375663,2,1,1,2,46,8,3,0,0,0,0,0,9,8,E01000412,3,1,0.0,1.0,-1,6,30,2,4,2,20:05,7,2,9
2023552300993,2023,552300993,1,1,1,2,23,5,2,0,0,0,0,0,9,10,E01018248,-1,0,1.0,0.0,-1,6,60,1,1,1,11:58,2,3,9
2023170L20763,2023,170L20763,1,1,1,2,35,6,3,0,0,0,0,0,9,5,E01012140,-1,0,0.00628,0.99372,-1,6,30,1,1,1,16:20,2,2,9
2023451392082,2023,451392082,1,1,2,1,30,6,3,0,0,1,0,0,9,3,E01002587,3,1,0.0,1.0,-1,3,70,1,6,1,01:25,7,2,9
202363A035723,2023,63A035723,1,1,1,1,38,7,3,0,0,0,0,0,9,-1,-1,-1,0,0.14066,0.85934,-1,6,60,2,6,2,06:30,3,1,9
2023461320106,2023,461320106,4,3,2,2,17,4,3,0,0,0,4,0,11,8,E01024045,3,1,0.0,1.0,-1,6,40,1,1,1,15:09,5,5,11
2023440269607,2023,440269607,2,2,1,1,22,5,3,0,0,0,0,0,9,5,E01023201,-1,0,0.09373,0.90627,-1,6,60,1,1,1,17:35,4,2,9
2023461318365,2023,461318365,2,1,1,2,48,8,3,0,0,0,0,0,9,9,E01021512,3,1,0.0,1.0,-1,3,50,1,1,1,18:15,7,2,9
2023471295908,2023,471295908,1,3,1,1,20,4,3,0,0,0,0,0,9,9,E01021208,3,1,0.0,1.0,-1,6,30,2,4,2,20:23,3,2,9
2023991305027,2023,991305027,1,1,1,2,27,6,3,0,0,0,0,0,9,6,-1,3,1,0.0,1.0,-1,6,30,1,1,1,15:15,7,2,9
2023010450260,2023,010450260,2,1,1,2,60,9,3,0,0,0,0,0,1,2,E01004024,-1,0,0.0,1.0,-1,6,20,1,1,1,13:30,3,2,1
2023010456427,2023,010456427,1,1,1,1,25,5,2,0,0,0,0,0,3,2,E01003089,-1,0,1.0,0.0,-1,6,20,2,1,1,07:50,6,2,3
2023471361649,2023,471361649,2,1,1,1,45,7,2,0,0,0,0,0,23,1,E01016866,7,1,1.0,0.0,-1,6,20,1,4,1,18:00,3,2,23
2023201303572,2023,201303572,1,2,2,1,2,1,2,0,0,2,0,0,9,2,E01009022,7,1,1.0,0.0,-1,6,30,1,1,1,18:12,5,2,9
2023501345600,2023,501345600,4,1,1,1,63,9,3,0,0,0,0,0,9,10,W01001340,3,1,0.0,1.0,-1,3,70,2,1,2,16:55,6,4,9
2023501358172,2023,501358172,2,1,1,1,66,10,3,0,0,0,0,0,1,3,E01019028,3,1,0.0,1.0,-1,6,30,1,1,1,14:37,5,2,1
2023131318307,2023,131318307,1,1,1,1,56,9,3,0,0,0,0,0,5,4,E01010741,3,1,0.0,1.0,-1,6,30,1,1,1,16:55,3,2,5
2023991298683,2023,991298683,2,1,2,2,59,9,3,0,0,0,0,0,5,2,-1,3,1,0.0,1.0,-1,6,50,1,1,1,15:11,7,2,5
2023131348942,2023,131348942,1,3,1,2,35,6,3,0,0,0,0,0,9,1,E01011283,3,1,0.0,1.0,-1,3,40,1,1,1,08:20,3,2,9
2023440315387,2023,440315387,1,2,2,1,5,1,3,0,0,1,0,0,9,10,E01000645,-1,0,0.08263,0.91737,-1,6,60,2,1,2,14:52,7,3,9
2023471392263,2023,471392263,2,3,2,1,14,3,3,0,0,1,0,0,9,9,E01021023,3,1,0.0,1.0,-1,3,70,2,4,2,17:33,2,2,9
2023101385443,2023,101385443,2,1,1,1,13,3,3,0,0,0,0,0,1,5,E01027515,3,1,0.0,1.0,-1,6,30,1,4,2,15:46,5,2,1
2023471374452,2023,471374452,2,1,1,1,57,9,3,0,0,0,0,0,1,8,E01031618,3,1,0.0,1.0,-1,6,30,9,1,2,11:50,7,2,1
2023131377320,2023,131377320,1,1,1,1,20,4,3,0,0,0,0,0,9,1,E01005485,3,1,0.0,1.0,-1,6,60,1,6,1,16:00,3,1,9
2023201392088,2023,201392088,2,1,1,1,40,7,3,0,0,0,0,0,9,3,E01029448,3,1,0.0,1.0,-1,3,30,1,4,1,17:30,7,2,9
2023231357597,2023,231357597,1,1,1,1,36,7,3,0,0,0,0,0,9,-1,-1,3,1,0.0,1.0,-1,3,70,1,6,1,02:39,5,2,9
2023101273236,2023,101273236,1,1,3,1,33,6,2,9,9,0,0,0,0,2,E01008491,5,1,1.0,0.0,-1,3,30,1,4,1,23:10,7,1,8
2023320256762,2023,320256762,2,1,1,1,29,6,2,0,0,0,0,0,1,8,E01026229,-1,0,1.0,0.0,-1,2,30,1,1,1,14:30,6,2,1
2023010434144,2023,010434144,1,1,1,1,29,6,3,0,0,0,0,0,3,4,E01003133,-1,0,0.0,1.0,-1,6,30,8,1,2,13:50,6,2,3
2023101291100,2023,101291100,1,1,1,1,57,9,3,0,0,0,0,0,9,10,E01029739,3,1,0.0,1.0,-1,6,60,1,6,1,22:06,2,2,9
2023122300161,2023,122300161,1,1,1,2,62,9,3,0,0,0,0,0,9,6,E01027560,-1,0,0.06888,0.93112,-1,6,60,2,1,2,12:55,7,2,9
2023141340449,2023,141340449,1,1,1,2,44,7,3,0,0,0,0,0,9,1,E01007365,3,1,0.0,1.0,-1,6,40,1,1,1,15:00,5,2,9
2023131329622,2023,131329622,1,1,3,1,13,3,3,10,7,0,0,2,0,4,E01011037,3,1,0.0,1.0,-1,6,30,1,1,1,08:40,5,1,9
2023622300164,2023,622300164,1,1,1,1,17,4,3,0,0,0,0,0,5,8,W01001190,-1,0,0.16345,0.83655,-1,6,40,1,6,1,22:21,7,2,5
2023211316173,2023,211316173,1,1,1,1,22,5,2,0,0,0,0,0,9,3,E01029599,5,1,1.0,0.0,-1,6,30,1,4,1,23:50,1,1,9
2023430019956,2023,430019956,1,1,1,1,22,5,3,0,0,0,0,0,9,10,E01016663,-1,0,0.07187,0.92813,-1,6,40,2,1,2,07:41,7,3,9
2023430358891,2023,430358891,2,1,1,1,14,3,3,0,0,0,0,0,-1,4,E01017724,-1,0,0.13546,0.86454,-1,6,30,1,4,1,20:47,6,2,-1
2023201330964,2023,201330964,2,1,1,1,12,3,3,0,0,0,0,0,1,1,E01009083,3,1,0.0,1.0,-1,6,30,1,1,1,15:29,6,2,1
2023471350403,2023,471350403,2,1,1,1,43,7,3,0,0,0,0,0,1,8,E01031356,3,1,0.0,1.0,-1,6,30,1,1,1,08:50,5,2,1
2023070860667,2023,070860667,2,3,2,2,51,8,3,0,0,1,0,0,9,2,E01014345,-1,0,0.03211,0.96789,-1,3,60,1,1,1,13:27,7,4,9
2023991320369,2023,991320369,1,1,1,1,40,7,3,0,0,0,0,0,9,-1,-1,3,1,0.0,1.0,-1,6,30,1,1,1,08:10,4,1,9
2023991346221,2023,991346221,1,1,2,2,34,6,2,0,0,1,0,0,9,-1,-1,5,1,1.0,0.0,-1,6,60,1,1,1,14:30,2,2,9
202360A070255,2023,60A070255,1,1,3,1,14,3,3,8,4,0,0,0,0,-1,-1,-1,0,0.18872,0.81128,-1,6,30,1,1,1,08:42,6,1,9
2023440525874,2023,440525874,2,1,1,1,23,5,3,0,0,0,0,0,5,4,E01032756,-1,0,0.14554,0.85446,-1,6,30,2,4,2,16:32,3,2,5
2023122300726,2023,122300726,2,1,2,2,51,8,3,0,0,1,0,0,9,-1,-1,-1,0,0.09589,0.90411,-1,6,60,1,1,1,14:19,1,2,9
2023311355761,2023,311355761,1,1,1,1,60,9,2,0,0,0,0,0,9,6,E01019502,5,1,1.0,0.0,-1,6,40,1,1,1,11:10,2,2,9
2023122300947,2023,122300947,1,1,1,1,28,6,3,0,0,0,0,0,19,5,E01027773,-1,0,0.07082,0.92918,-1,1,60,1,1,1,20:00,1,1,19
2023010420885,2023,010420885,1,3,1,1,29,6,3,0,0,0,0,0,9,2,E01002096,-1,0,0.0,1.0,-1,6,20,2,4,2,23:33,4,3,9
2023031312098,2023,031312098,1,1,1,1,52,8,3,0,0,0,0,0,9,-1,-1,3,1,0.0,1.0,-1,6,60,1,1,1,11:35,7,2,9
2023061270157,2023,061270157,2,1,1,2,50,8,3,0,0,0,0,0,9,9,E01005408,3,1,0.0,1.0,-1,1,30,1,1,1,13:55,1,2,9
2023211316868,2023,211316868,1,1,1,1,19,4,2,0,0,0,0,0,9,10,E01009899,5,1,1.0,0.0,-1,6,60,1,6,1,22:30,4,2,9
2023311298748,2023,311298748,1,1,1,1,44,7,3,0,0,0,0,0,9,5,E01013973,3,1,0.0,1.0,-1,1,30,1,1,1,13:00,3,2,9
2023052300319,2023,052300319,2,1,1,1,18,4,3,0,0,0,0,0,1,1,E01007272,-1,0,0.05797,0.94203,-1,6,30,1,1,1,08:55,6,2,1
2023320667878,2023,320667878,2,1,1,1,50,8,3,0,0,0,0,0,1,-1,-1,-1,0,0.10681,0.89319,-1,6,30,1,4,2,18:38,6,2,1
2023010451065,2023,010451065,2,1,1,1,36,7,2,0,0,0,0,0,3,8,E01000784,-1,0,1.0,0.0,-1,6,30,1,4,1,11:30,6,2,3
2023010460362,2023,010460362,1,1,2,1,10,2,3,0,0,1,0,0,9,10,E01000666,-1,0,0.0,1.0,-1,6,30,1,1,1,10:26,1,2,9
2023622300474,2023,622300474,1,1,1,2,31,6,3,0,0,0,0,0,9,4,W01001178,-1,0,0.01172,0.98828,-1,6,30,1,1,1,15:32,2,2,9
2023010461222,2023,010461222,1,1,1,1,27,6,3,0,0,0,0,0,3,6,E01004748,-1,0,0.0,1.0,-1,3,20,1,1,1,13:30,6,2,3
2023071145714,2023,071145714,2,1,1,1,41,7,3,0,0,0,0,0,4,3,E01018464,-1,0,0.09035,0.90965,-1,1,30,1,4,2,06:28,5,2,4
2023070922188,2023,070922188,1,1,1,2,21,5,3,0,0,0,0,0,9,-1,-1,-1,0,0.07548,0.92452,-1,6,50,1,1,1,15:00,7,2,9
2023071249815,2023,071249815,1,1,1,2,61,9,3,0,0,0,0,0,9,10,E01018683,-1,0,0.03291,0.96709,-1,6,50,2,7,2,15:55,6,2,9
2023221304047,2023,221304047,1,1,1,1,78,11,3,0,0,0,0,0,9,8,E01032195,3,1,0.0,1.0,-1,6,60,1,1,1,17:07,3,1,9
2023332300717,2023,332300717,2,1,1,1,41,7,3,0,0,0,0,0,9,5,E01013627,-1,0,0.04747,0.95253,-1,3,30,1,4,1,03:09,4,2,9
2023501298123,2023,501298123,1,2,1,1,80,11,2,0,0,0,0,0,9,9,E01033233,5,1,1.0,0.0,-1,6,60,1,1,1,16:00,3,2,9