collision_index,collision_year,collision_ref_no,vehicle_reference,casualty_reference,casualty_class,sex_of_casualty,age_of_casualty,age_band_of_casualty,casualty_severity,pedestrian_location,pedestrian_movement,car_passenger,bus_or_coach_passenger,pedestrian_road_maintenance_worker,casualty_type,casualty_imd_decile,lsoa_of_casualty,enhanced_casualty_severity,casualty_injury_based,casualty_adjusted_severity_serious,casualty_adjusted_severity_slight,casualty_distance_banding,road_type,speed_limit,weather_conditions,light_conditions,road_surface_conditions,time,day_of_week,number_of_vehicles,vehicle_type
2023631381952,2023,631381952,1,1,1,1,53,8,3,0,0,0,0,0,9,6,W01000433,3,1,0.0,1.0,-1,6,60,3,1,3,08:00,1,1,9
2023010463886,2023,010463886,1,1,1,1,64,9,3,0,0,0,0,0,9,5,E01001407,-1,0,0.0,1.0,-1,6,30,1,1,1,16:28,1,4,9
2023501295551,2023,501295551,1,3,2,2,82,11,3,0,0,2,0,0,9,-1,-1,3,1,0.0,1.0,-1,3,70,1,1,1,15:05,2,2,9
2023991274413,2023,991274413,1,2,1,1,67,10,1,0,0,0,0,0,9,3,-1,1,1,0.0,0.0,-1,6,60,1,1,1,11:20,5,3,9
2023010467129,2023,010467129,1,1,1,1,51,8,3,0,0,0,0,0,1,9,E01004598,-1,0,0.0,1.0,-1,1,20,9,1,1,10:00,1,2,1
2023010481904,2023,010481904,2,1,1,1,28,6,3,0,0,0,0,0,1,-1,-1,-1,0,0.0,1.0,-1,6,30,8,1,2,15:17,2,2,1
2023101319907,2023,101319907,2,1,1,2,31,6,3,0,0,0,0,0,9,6,E01008176,3,1,0.0,1.0,-1,3,50,1,1,1,08:20,4,3,9
2023131308584,2023,131308584,3,1,2,1,5,1,3,0,0,2,0,0,9,1,E01011750,3,1,0.0,1.0,-1,6,30,1,1,1,16:47,4,3,9
2023421264275,2023,421264275,1,1,1,2,45,7,3,0,0,0,0,0,9,9,E01022099,3,1,0.0,1.0,-1,6,60,8,1,4,09:15,3,3,9
2023991263595,2023,991263595,1,1,2,1,20,4,3,0,0,2,0,0,9,10,-1,3,1,0.0,1.0,-1,6,30,2,4,2,04:07,7,1,9
2023010485376,2023,010485376,2,1,1,1,42,7,3,0,0,0,0,0,1,2,E01002737,-1,0,0.0,1.0,-1,2,20,1,1,2,09:15,5,2,1
2023440013846,2023,440013846,1,1,3,2,16,4,2,5,1,0,0,0,0,4,E01017277,-1,0,1.0,0.0,-1,6,30,2,1,2,15:23,4,1,9
2023010428393,2023,010428393,2,1,1,1,30,6,3,0,0,0,0,0,1,7,E01003369,-1,0,0.0,1.0,-1,7,30,1,1,1,09:30,3,2,1
2023302301282,2023,302301282,2,1,1,1,47,8,3,0,0,0,0,0,1,8,E01007925,-1,0,0.1181,0.8819,-1,1,60,1,1,1,18:14,5,2,1
2023010475019,2023,010475019,1,1,1,1,49,8,3,0,0,0,0,0,5,2,E01000077,-1,0,0.0,1.0,-1,1,20,1,1,1,08:20,3,2,5
2023010449322,2023,010449322,1,1,1,2,24,5,3,0,0,0,0,0,9,2,E01001588,-1,0,0.0,1.0,-1,7,20,1,4,1,22:45,2,2,9
2023131262797,2023,131262797,2,1,2,2,20,4,3,0,0,1,0,0,9,3,E01010980,3,1,0.0,1.0,-1,6,30,1,1,1,11:15,3,2,9
2023302300551,2023,302300551,3,2,2,2,48,8,3,0,0,1,0,0,9,2,E01013502,-1,0,0.08512,0.91488,-1,6,40,1,4,1,20:30,6,3,9
2023471283081,2023,471283081,2,1,1,1,16,4,3,0,0,0,0,0,97,6,E01031523,3,1,0.0,1.0,-1,6,30,1,1,1,13:12,7,2,97
2023131387879,2023,131387879,1,1,3,1,19,4,2,1,3,0,0,2,0,-1,-1,6,1,1.0,0.0,-1,3,40,1,1,1,08:30,7,1,9
2023041393378,2023,041393378,2,2,2,2,24,5,3,0,0,1,0,0,9,5,E01012710,3,1,0.0,1.0,-1,6,30,5,7,2,15:35,4,2,9
2023401328202,2023,401328202,1,1,2,1,22,5,2,0,0,-1,0,0,9,8,E01017376,6,1,1.0,0.0,-1,6,30,2,4,2,01:34,4,6,9
2023991335544,2023,991335544,2,1,2,2,7,2,3,0,0,2,0,0,9,4,-1,3,1,0.0,1.0,-1,6,60,1,1,1,16:00,6,3,9
2023010471735,2023,010471735,1,1,1,1,23,5,3,0,0,0,0,0,-1,5,E01004515,-1,0,0.0,1.0,-1,6,20,1,1,1,15:20,6,2,-1
2023501338455,2023,501338455,2,2,1,1,66,10,3,0,0,0,0,0,9,2,E01020113,3,1,0.0,1.0,-1,6,60,4,1,2,13:58,7,2,9
2023451372106,2023,451372106,2,1,1,1,76,11,2,0,0,0,0,0,1,10,E01030641,7,1,1.0,0.0,-1,6,30,1,1,1,12:45,3,2,1
2023332300724,2023,332300724,1,1,1,1,26,6,3,0,0,0,0,0,9,6,E01025767,-1,0,0.00243,0.99757,-1,6,40,1,1,1,18:45,2,2,9
2023010430993,2023,010430993,3,3,1,1,53,8,3,0,0,0,0,0,9,-1,-1,-1,0,0.0,1.0,-1,6,30,2,1,2,10:20,4,3,9
2023101361625,2023,101361625,2,1,1,1,48,8,3,0,0,0,0,0,9,4,E01008308,3,1,0.0,1.0,-1,3,50,1,1,1,16:30,2,6,9
2023501389168,2023,501389168,1,2,2,1,55,8,3,0,0,-1,0,0,9,4,E01018754,3,1,0.0,1.0,-1,3,60,1,6,2,18:20,7,2,9
202354D642523,2023,54D642523,2,3,2,2,71,10,3,0,0,1,0,0,9,10,E01031970,-1,0,0.09412,0.90588,-1,6,60,5,6,2,19:00,2,2,9
2023302301456,2023,302301456,2,1,1,1,56,9,3,0,0,0,0,0,5,9,E01028332,-1,0,0.13107,0.86893,-1,1,30,1,1,2,08:39,4,2,5
2023010479398,2023,010479398,1,1,1,1,55,8,3,0,0,0,0,0,8,1,E01001957,-1,0,0.0,1.0,-1,2,20,1,4,1,21:04,3,2,8
2023170M10223,2023,170M10223,2,1,1,1,58,9,3,0,0,0,0,0,19,2,E01012107,-1,0,0.05166,0.94834,-1,7,50,1,4,4,17:35,2,2,19
2023010440558,2023,010440558,1,1,1,1,32,6,3,0,0,0,0,0,3,2,E01000603,-1,0,0.0,1.0,-1,9,30,1,1,1,18:33,7,2,3
2023061279332,2023,061279332,2,1,1,2,22,5,3,0,0,0,0,0,9,5,E01005990,3,1,0.0,1.0,-1,1,70,1,1,1,07:35,6,2,9
2023221308024,2023,221308024,1,2,2,1,2,1,2,0,0,2,0,0,9,2,E01017474,5,1,1.0,0.0,-1,6,60,1,1,1,11:11,3,2,9
2023471318007,2023,471318007,1,2,1,1,58,9,3,0,0,0,0,0,9,6,E01032027,3,1,0.0,1.0,-1,6,60,1,1,1,08:20,3,2,9
2023010449105,2023,010449105,1,1,3,2,31,6,3,6,9,0,0,0,0,5,E01003274,-1,0,0.0,1.0,-1,6,20,1,1,1,19:07,4,1,9
2023010464255,2023,010464255,1,1,3,1,28,6,2,5,1,0,0,0,0,2,E01002080,-1,0,1.0,0.0,-1,6,20,1,4,1,21:33,3,1,9
2023061323650,2023,061323650,1,2,2,1,19,4,3,0,0,1,0,0,9,3,E01005210,3,1,0.0,1.0,-1,3,30,1,1,1,23:38,6,2,9
2023421335927,2023,421335927,1,3,2,2,12,3,3,0,0,-1,0,0,9,-1,-1,3,1,0.0,1.0,-1,6,30,2,1,2,14:50,2,2,9
2023070242578,2023,070242578,1,1,1,1,68,10,3,0,0,0,0,0,19,5,E01018418,-1,0,0.07619,0.92381,-1,6,60,1,1,1,11:25,4,2,19
2023010428020,2023,010428020,2,1,1,2,34,6,2,0,0,0,0,0,1,5,E01002849,-1,0,1.0,0.0,-1,1,20,1,1,1,13:06,1,2,1
2023010450521,2023,010450521,2,1,1,1,38,7,3,0,0,0,0,0,3,-1,-1,-1,0,0.0,1.0,-1,6,30,1,1,1,16:29,4,2,3
2023451361705,2023,451361705,1,1,1,1,57,9,3,0,0,0,0,0,9,9,E01031563,3,1,0.0,1.0,-1,6,50,1,1,1,08:05,4,1,9
2023010479773,2023,010479773,1,1,3,1,35,6,3,5,4,0,0,0,0,1,E01003590,-1,0,0.0,1.0,-1,6,20,1,1,1,13:45,5,1,9
2023010463703,2023,010463703,2,1,1,-1,-1,-1,3,0,0,0,0,0,1,5,E01001217,-1,0,0.0,1.0,-1,6,20,1,1,1,18:53,5,2,1
2023010444961,2023,010444961,1,1,1,2,37,7,3,0,0,0,0,0,9,2,E01002608,-1,0,0.0,1.0,-1,9,20,1,1,1,09:15,5,2,9
2023141289170,2023,141289170,1,2,2,2,19,4,3,0,0,1,0,0,9,3,E01007337,3,1,0.0,1.0,-1,6,30,1,1,1,17:31,3,1,9
2023340WN2812,2023,340WN2812,2,1,1,1,34,6,3,0,0,0,0,0,1,-1,-1,-1,0,0.06732,0.93268,-1,3,30,1,1,1,06:35,6,2,1
2023010422488,2023,010422488,1,1,1,1,18,4,3,0,0,0,0,0,3,10,E01023810,-1,0,0.0,1.0,-1,3,30,1,1,1,08:35,6,1,3
2023052301492,2023,052301492,1,1,1,1,49,8,3,0,0,0,0,0,9,5,E01006833,-1,0,0.08296,0.91704,-1,3,40,1,1,1,12:30,5,2,9
2023991258992,2023,991258992,1,2,2,2,26,6,2,0,0,1,0,0,9,-1,-1,5,1,1.0,0.0,-1,6,60,1,1,2,11:10,2,2,9
2023010426089,2023,010426089,1,1,3,1,59,9,3,6,9,0,0,0,0,8,E01002979,-1,0,0.0,1.0,-1,6,30,1,1,1,13:37,4,1,9
2023010442200,2023,010442200,1,1,3,1,12,3,3,6,9,0,0,0,0,6,E01002365,-1,0,0.0,1.0,-1,6,30,1,1,1,16:15,4,1,11
2023201388341,2023,201388341,1,1,3,1,15,3,3,5,1,0,0,0,0,1,E01009622,3,1,0.0,1.0,-1,6,30,1,1,1,15:20,4,1,9
2023010463731,2023,010463731,1,2,2,-1,-1,-1,3,0,0,1,0,0,9,-1,-1,-1,0,0.0,1.0,-1,6,20,8,4,1,23:40,5,3,9
2023131343157,2023,131343157,1,1,1,1,76,11,3,0,0,0,0,0,9,1,E01011148,3,1,0.0,1.0,-1,6,30,1,1,2,12:42,6,3,9
2023351295856,2023,351295856,1,1,1,2,30,6,3,0,0,0,0,0,9,3,E01018087,3,1,0.0,1.0,-1,6,30,1,1,1,15:44,2,1,9
2023461394143,2023,461394143,1,1,1,1,37,7,3,0,0,0,0,0,9,9,E01024753,3,1,0.0,1.0,-1,6,30,4,4,1,22:45,4,2,9
2023010434846,2023,010434846,1,1,3,2,11,3,3,1,1,0,0,0,0,4,E01000472,-1,0,0.0,1.0,-1,6,30,1,1,1,15:38,4,1,9
2023211378809,2023,211378809,1,1,3,2,75,10,3,5,3,0,0,0,0,6,E01029798,3,1,0.0,1.0,-1,6,30,1,4,1,17:00,5,1,9
2023010462861,2023,010462861,1,1,1,1,60,9,2,0,0,0,0,0,1,2,E01003598,-1,0,1.0,0.0,-1,6,30,1,1,1,16:07,5,2,1
2023481399074,2023,481399074,2,1,1,1,29,6,3,0,0,0,0,0,3,-1,-1,3,1,0.0,1.0,-1,6,20,1,1,1,10:50,7,2,3
2023101336955,2023,101336955,2,1,2,2,55,8,3,0,0,0,4,0,11,-1,-1,3,1,0.0,1.0,-1,6,30,2,1,2,16:45,6,2,11
2023401308355,2023,401308355,1,1,3,1,75,10,3,9,5,0,0,0,0,10,E01017401,3,1,0.0,1.0,-1,9,20,2,1,2,14:00,6,1,9
2023311353287,2023,311353287,2,1,1,1,51,8,2,0,0,0,0,0,1,-1,-1,7,1,1.0,0.0,-1,6,30,9,1,1,12:07,7,2,1
2023010449550,2023,010449550,1,1,1,1,41,7,3,0,0,0,0,0,9,-1,-1,-1,0,0.0,1.0,-1,1,70,1,1,1,20:38,6,2,9
2023461297765,2023,461297765,1,1,1,1,67,10,3,0,0,0,0,0,9,-1,-1,3,1,0.0,1.0,-1,3,40,1,1,1,14:43,3,2,9
2023010472723,2023,010472723,1,1,3,2,14,3,3,5,1,0,0,0,0,7,E01000703,-1,0,0.0,1.0,-1,7,30,9,1,1,08:00,4,1,9
2023211263426,2023,211263426,2,1,1,1,48,8,2,0,0,0,0,0,3,7,E01014297,7,1,1.0,0.0,-1,6,30,1,4,1,20:28,7,3,3
2023421275788,2023,421275788,2,1,1,1,21,5,2,0,0,0,0,0,4,6,E01021509,5,1,1.0,0.0,-1,6,30,1,6,1,17:40,2,2,4
2023010432305,2023,010432305,2,1,1,1,24,5,3,0,0,0,0,0,3,3,E01003998,-1,0,0.0,1.0,-1,6,20,1,1,1,12:16,4,5,3
2023010461648,2023,010461648,1,1,1,1,36,7,3,0,0,0,0,0,5,6,E01003429,-1,0,0.0,1.0,-1,6,30,1,1,1,15:30,1,2,5
2023131380751,2023,131380751,2,1,1,2,53,8,3,0,0,0,0,0,9,9,E01011513,3,1,0.0,1.0,-1,6,30,3,1,4,08:45,5,2,9
2023411383341,2023,411383341,2,1,1,1,22,5,3,0,0,0,0,0,9,7,E01023527,3,1,0.0,1.0,-1,6,60,8,1,2,12:00,7,3,9
2023010443770,2023,010443770,1,1,3,1,5,1,3,5,3,0,0,0,0,2,E01003509,-1,0,0.0,1.0,-1,6,30,1,1,1,18:50,5,1,9
2023161356246,2023,161356246,2,3,2,1,18,4,3,0,0,1,0,0,9,7,E01013256,3,1,0.0,1.0,-1,6,60,1,4,1,19:25,2,2,9
2023010435030,2023,010435030,1,1,3,1,30,6,3,9,9,0,0,0,0,3,E01015927,-1,0,0.0,1.0,-1,6,20,1,1,1,11:00,5,1,9
2023010447556,2023,010447556,1,1,1,1,24,5,3,0,0,0,0,0,3,4,E01023333,-1,0,0.0,1.0,-1,1,20,1,1,1,14:55,4,2,3
2023010486180,2023,010486180,1,1,1,1,59,9,2,0,0,0,0,0,3,8,E01003009,-1,0,1.0,0.0,-1,3,40,1,1,1,13:18,7,2,3
2023010468566,2023,010468566,2,1,2,1,41,7,3,0,0,1,0,0,9,-1,-1,-1,0,0.0,1.0,-1,3,20,2,1,1,12:45,4,2,9
2023122301192,2023,122301192,1,1,1,1,17,4,3,0,0,0,0,0,9,8,E01027836,-1,0,0.09993,0.90007,-1,6,60,1,6,1,00:01,5,1,9
2023361358505,2023,361358505,1,4,1,1,42,7,3,0,0,0,0,0,9,9,E01026908,3,1,0.0,1.0,-1,6,60,1,1,1,12:37,2,3,9
2023991297105,2023,991297105,1,1,3,1,56,9,2,8,7,0,0,2,0,6,-1,7,1,1.0,0.0,-1,6,30,1,1,1,13:20,6,1,19
2023010452018,2023,010452018,2,2,1,1,49,8,3,0,0,0,0,0,9,6,E01000575,-1,0,0.0,1.0,-1,7,20,1,1,1,17:01,2,2,9
2023041378727,2023,041378727,1,1,1,2,56,9,3,0,0,0,0,0,9,-1,-1,3,1,0.0,1.0,-1,6,50,1,1,1,12:45,3,2,9
2023061371457,2023,061371457,2,2,2,2,27,6,3,0,0,1,0,0,9,4,E01005440,3,1,0.0,1.0,-1,6,30,1,4,2,22:25,5,2,9
2023122301403,2023,122301403,4,2,1,2,31,6,3,0,0,0,0,0,9,2,E01011993,-1,0,0.05666,0.94334,-1,3,70,1,6,1,18:38,6,4,9
2023201298347,2023,201298347,1,1,1,2,37,7,3,0,0,0,0,0,9,1,E01009081,3,1,0.0,1.0,-1,6,30,1,1,1,15:38,3,2,9
2023411380992,2023,411380992,2,2,2,2,17,4,3,0,0,1,0,0,9,7,E01017792,3,1,0.0,1.0,-1,1,40,8,4,2,17:31,7,2,9
2023421322797,2023,421322797,1,1,1,1,37,7,2,0,0,0,0,0,9,-1,-1,7,1,1.0,0.0,-1,6,30,1,1,1,14:50,2,1,9
2023010447810,2023,010447810,1,1,3,1,25,5,3,1,2,0,0,0,0,7,E01004499,-1,0,0.0,1.0,-1,3,30,1,1,1,16:15,5,1,3
2023010442042,2023,010442042,1,1,1,1,29,6,3,0,0,0,0,0,9,5,E01003638,-1,0,0.0,1.0,-1,6,30,2,1,2,20:20,3,2,9
2023131311622,2023,131311622,1,1,2,1,31,6,3,0,0,1,0,0,9,3,E01011449,3,1,0.0,1.0,-1,3,30,1,1,1,04:25,6,3,9
2023131385541,2023,131385541,1,4,2,1,21,5,3,0,0,1,0,0,9,2,E01011082,3,1,0.0,1.0,-1,3,40,1,1,2,08:50,1,2,9
2023421308463,2023,421308463,2,1,1,1,54,8,3,0,0,0,0,0,9,8,E01022091,3,1,0.0,1.0,-1,1,40,1,1,1,17:01,2,2,9
2023131290373,2023,131290373,2,1,1,1,28,6,3,0,0,0,0,0,3,1,E01011433,3,1,0.0,1.0,-1,6,20,1,4,1,21:45,6,2,3
2023052300107,2023,052300107,2,3,2,2,15,3,3,0,0,1,0,0,9,1,E01007274,-1,0,0.04692,0.95308,-1,6,30,4,4,2,19:05,5,2,9
2023141359101,2023,141359101,1,1,1,2,37,7,3,0,0,0,0,0,9,2,E01028026,3,1,0.0,1.0,-1,3,50,1,4,1,20:32,3,2,9
2023401394705,2023,401394705,1,1,1,1,26,6,3,0,0,0,0,0,9,7,E01017437,3,1,0.0,1.0,-1,6,30,1,4,2,20:09,5,2,9
2023122301334,2023,122301334,1,3,2,2,83,11,2,0,0,2,0,0,9,9,E01027792,-1,0,1.0,0.0,-1,6,60,3,6,3,21:04,4,1,9
2023461333645,2023,461333645,2,2,2,2,19,4,3,0,0,1,0,0,9,9,E01002359,3,1,0.0,1.0,-1,6,60,2,1,2,18:15,7,2,9
2023610021823,2023,610021823,1,1,1,1,21,5,3,0,0,0,0,0,9,6,W01001564,-1,0,0.01005,0.98995,-1,3,30,9,4,2,18:17,7,2,9
2023440138576,2023,440138576,1,1,3,2,12,3,3,5,1,0,0,0,0,3,E01017170,-1,0,0.17769,0.82231,-1,6,30,1,1,1,14:50,7,1,9
2023451391578,2023,451391578,1,1,3,1,47,8,2,6,9,0,0,0,0,9,E01030315,6,1,1.0,0.0,-1,6,30,1,4,1,21:30,6,2,19
2023010468880,2023,010468880,1,1,1,1,30,6,3,0,0,0,0,0,1,9,E01001385,-1,0,0.0,1.0,-1,6,20,5,4,2,23:00,5,2,1
2023471319591,2023,471319591,2,1,1,1,21,5,2,0,0,0,0,0,3,4,E01031453,7,1,1.0,0.0,-1,6,50,1,1,1,09:58,5,3,3
2023430270201,2023,430270201,1,1,1,1,62,9,3,0,0,0,0,0,4,5,E01016223,-1,0,0.0798,0.9202,-1,1,30,1,1,1,05:50,2,2,4
2023451338298,2023,451338298,1,1,2,2,80,11,3,0,0,1,0,0,9,9,E01030559,3,1,0.0,1.0,-1,6,30,1,1,1,16:00,6,1,9
2023031326555,2023,031326555,1,1,2,1,55,8,3,0,0,0,0,0,19,9,E01008260,3,1,0.0,1.0,-1,3,70,8,1,1,15:40,4,2,19
202360A153055,2023,60A153055,1,1,1,2,18,4,3,0,0,0,0,0,3,-1,-1,-1,0,0.21824,0.78176,-1,6,30,1,7,2,22:47,5,1,3
2023131283621,2023,131283621,1,1,3,2,27,6,3,6,9,0,0,2,0,2,E01011618,3,1,0.0,1.0,-1,6,20,1,1,1,13:17,2,1,9
2023010434341,2023,010434341,1,1,1,1,28,6,3,0,0,0,0,0,3,5,E01003414,-1,0,0.0,1.0,-1,6,20,1,1,1,17:00,7,2,3
2023101329563,2023,101329563,2,1,1,1,18,4,2,0,0,0,0,0,3,1,E01008391,6,1,1.0,0.0,-1,6,30,1,1,1,15:07,5,2,3
2023010475742,2023,010475742,1,3,2,2,64,9,3,0,0,2,0,0,9,9,E01031973,-1,0,0.0,1.0,-1,6,20,2,4,2,16:59,6,2,9
2023101302583,2023,101302583,1,1,3,1,64,9,3,5,1,0,0,2,0,2,E01008221,3,1,0.0,1.0,-1,6,50,1,1,1,09:40,2,1,9
2023421299094,2023,421299094,2,1,1,1,65,9,3,0,0,0,0,0,1,2,E01022039,3,1,0.0,1.0,-1,1,30,1,1,1,17:24,5,2,1
2023041301550,2023,041301550,2,1,1,2,47,8,3,0,0,0,0,0,9,5,E01024888,3,1,0.0,1.0,-1,6,30,1,1,1,08:40,2,2,9
2023131279515,2023,131279515,2,1,1,2,55,8,3,0,0,0,0,0,9,4,E01010669,3,1,0.0,1.0,-1,6,30,1,4,1,22:00,4,2,9
2023543433123,2023,543433123,2,2,1,2,76,11,3,0,0,0,0,0,9,9,E01029022,-1,0,0.03244,0.96756,-1,1,30,2,1,2,18:15,6,2,9
2023401364766,2023,401364766,1,3,1,1,21,5,2,0,0,0,0,0,23,5,E01015748,6,1,1.0,0.0,-1,9,20,1,1,2,16:00,6,1,23
2023071264802,2023,071264802,2,1,1,2,11,3,3,0,0,0,0,0,1,-1,-1,-1,0,0.04873,0.95127,-1,9,20,2,4,2,16:10,3,2,1
2023131340538,2023,131340538,1,1,1,1,28,6,3,0,0,0,0,0,1,1,E01010631,3,1,0.0,1.0,-1,6,30,1,1,1,15:55,5,3,1
2023010434197,2023,010434197,1,1,1,1,29,6,3,0,0,0,0,0,3,9,E01003381,-1,0,0.0,1.0,-1,9,20,9,1,9,15:30,4,2,3
2023010455191,2023,010455191,1,1,1,1,41,7,3,0,0,0,0,0,3,1,E01033455,-1,0,0.0,1.0,-1,9,20,2,1,2,13:25,6,2,3
2023991287627,2023,991287627,1,1,3,1,20,4,2,1,2,0,0,0,0,6,-1,7,1,1.0,0.0,-1,6,40,1,4,1,21:34,5,1,19
2023622300031,2023,622300031,2,2,1,1,31,6,3,0,0,0,0,0,1,7,W01001953,-1,0,0.11489,0.88511,-1,6,20,1,4,1,05:33,1,2,1
2023061304927,2023,061304927,2,1,2,2,11,3,2,0,0,2,0,0,9,8,E01019720,7,1,1.0,0.0,-1,6,30,1,1,1,18:45,1,3,9
2023010453046,2023,010453046,1,1,1,2,36,7,3,0,0,0,0,0,9,3,E01002532,-1,0,0.0,1.0,-1,6,20,1,1,1,13:35,6,2,9
2023061382488,2023,061382488,3,2,1,1,38,7,3,0,0,0,0,0,9,1,E01005264,3,1,0.0,1.0,-1,3,70,2,4,2,07:10,2,3,9
2023122400028,2023,122400028,1,1,1,1,66,10,2,0,0,0,0,0,9,4,E01013353,-1,0,1.0,0.0,-1,6,30,1,1,1,09:00,5,2,9
2023430506556,2023,430506556,4,2,1,1,44,7,3,0,0,0,0,0,9,10,E01016606,-1,0,0.02727,0.97273,-1,3,70,1,6,1,17:01,6,4,9
2023461389469,2023,461389469,2,2,2,2,-1,-1,3,0,0,1,0,0,9,4,E01032800,3,1,0.0,1.0,-1,6,30,2,4,2,18:53,3,2,9
2023010477175,2023,010477175,1,1,1,1,37,7,3,0,0,0,0,0,3,2,E01001246,-1,0,0.0,1.0,-1,2,30,1,1,2,13:30,7,2,3
2023451299917,2023,451299917,1,1,1,1,55,8,2,0,0,0,0,0,4,4,E01004172,7,1,1.0,0.0,-1,1,40,2,1,2,12:00,1,1,4
2023201437166,2023,201437166,1,1,3,1,34,6,3,1,1,0,0,2,0,1,E01009137,3,1,0.0,1.0,-1,6,30,1,4,1,19:53,3,1,9
2023010454232,2023,010454232,1,1,1,1,25,5,3,0,0,0,0,0,9,6,E01001570,-1,0,0.0,1.0,-1,6,30,1,1,1,04:05,2,1,9
2023041355443,2023,041355443,2,1,1,2,47,8,3,0,0,0,0,0,9,5,E01012701,3,1,0.0,1.0,-1,6,30,1,1,1,12:22,2,2,9
2023010428402,2023,010428402,2,1,1,1,25,5,3,0,0,0,0,0,1,2,E01004326,-1,0,0.0,1.0,-1,6,20,1,1,1,09:40,3,2,1
2023430218029,2023,430218029,2,1,1,2,25,5,2,0,0,0,0,0,1,5,E01032555,-1,0,1.0,0.0,-1,6,30,1,1,1,17:20,5,2,1
2023061323152,2023,061323152,2,1,1,1,16,4,3,0,0,0,0,0,2,9,E01033218,3,1,0.0,1.0,-1,6,30,1,1,1,17:33,4,2,2
2023311287349,2023,311287349,2,1,1,1,16,4,2,0,0,0,0,0,3,3,E01028297,7,1,1.0,0.0,-1,6,60,1,1,1,07:57,5,2,3
2023061306932,2023,061306932,1,1,2,2,50,8,3,0,0,1,0,0,9,4,E01005171,3,1,0.0,1.0,-1,6,30,1,1,1,11:40,7,2,9
2023610054123,2023,610054123,1,1,1,2,-1,-1,3,0,0,0,0,0,2,2,W01001532,-1,0,0.13631,0.86369,-1,6,40,1,1,2,08:15,3,1,2
2023411375168,2023,411375168,2,1,1,1,26,6,3,0,0,0,0,0,3,7,E01023935,3,1,0.0,1.0,-1,3,70,1,1,1,14:55,3,2,3
2023411319098,2023,411319098,2,1,1,1,58,9,2,0,0,0,0,0,5,6,E01023787,7,1,1.0,0.0,-1,3,40,1,1,1,07:50,4,2,5
2023501350945,2023,501350945,2,1,1,1,45,7,3,0,0,0,0,0,19,8,E01020133,3,1,0.0,1.0,-1,6,30,2,1,2,11:55,1,2,19
2023131263076,2023,131263076,1,1,3,1,14,3,3,5,1,0,0,2,0,2,E01011538,3,1,0.0,1.0,-1,6,20,4,1,1,15:11,6,1,9
2023010488456,2023,010488456,1,1,1,2,29,6,3,0,0,0,0,0,1,2,E01002776,-1,0,0.0,1.0,-1,6,20,1,4,1,20:20,3,1,1
2023430078235,2023,430078235,2,1,2,2,21,5,3,0,0,2,0,0,8,6,E01016745,-1,0,0.00558,0.99442,-1,6,60,1,1,1,13:50,6,2,8
2023440449446,2023,440449446,1,1,3,2,48,8,3,5,3,0,0,0,0,9,E01032753,-1,0,0.1795,0.8205,-1,6,20,1,1,1,09:41,6,1,8
2023141322343,2023,141322343,2,3,1,1,26,6,2,0,0,0,0,0,9,-1,-1,7,1,1.0,0.0,-1,3,40,1,1,1,18:00,6,3,9
2023320569914,2023,320569914,2,1,1,2,56,9,3,0,0,0,0,0,9,6,E01026251,-1,0,0.06151,0.93849,-1,6,60,1,1,1,10:36,4,2,9
2023421339605,2023,421339605,2,1,1,2,52,8,3,0,0,0,0,0,9,3,E01021269,3,1,0.0,1.0,-1,6,40,1,1,2,17:42,3,2,9
2023430378069,2023,430378069,2,1,1,2,44,7,3,0,0,0,0,0,9,7,E01017642,-1,0,0.10918,0.89082,-1,6,60,1,1,1,18:32,4,2,9
2023991285124,2023,991285124,2,1,1,1,25,5,3,0,0,0,0,0,9,4,-1,3,1,0.0,1.0,-1,6,30,1,1,1,08:15,2,2,9
2023461295953,2023,461295953,1,1,1,1,53,8,3,0,0,0,0,0,19,1,E01003192,3,1,0.0,1.0,-1,7,70,1,1,1,14:43,4,3,19
2023131376179,2023,131376179,1,1,2,1,26,6,3,0,0,2,0,0,9,1,E01010924,3,1,0.0,1.0,-1,6,30,2,4,2,01:25,7,4,9
2023061290165,2023,061290165,2,1,1,1,26,6,3,0,0,0,0,0,1,-1,-1,3,1,0.0,1.0,-1,6,30,1,1,1,00:08,6,2,1
2023010445107,2023,010445107,1,1,3,2,10,2,3,5,3,0,0,0,0,1,E01000153,-1,0,0.0,1.0,-1,6,30,1,1,1,16:00,5,1,9
2023311296437,2023,311296437,1,1,3,2,5,1,3,10,1,0,0,0,0,1,E01028261,3,1,0.0,1.0,-1,6,40,1,1,1,17:00,1,1,9
2023461263635,2023,461263635,2,1,1,1,32,6,3,0,0,0,0,0,1,10,E01024751,3,1,0.0,1.0,-1,6,30,1,1,1,08:29,4,2,1
2023522300810,2023,522300810,1,1,1,1,42,7,3,0,0,0,0,0,3,2,E01033352,-1,0,0.04821,0.95179,-1,6,20,1,1,1,17:00,2,2,3
2023451295469,2023,451295469,1,1,1,1,83,11,3,0,0,0,0,0,9,10,E01030881,3,1,0.0,1.0,-1,6,40,1,1,1,07:15,1,2,9
2023501308653,2023,501308653,1,1,2,2,17,4,3,0,0,1,0,0,9,9,E01019984,3,1,0.0,1.0,-1,6,30,1,1,2,17:25,5,2,9
2023991342307,2023,991342307,2,3,2,2,19,4,2,0,0,1,0,0,9,7,-1,5,1,1.0,0.0,-1,6,60,1,1,1,07:00,3,2,9