collision_index,collision_year,collision_ref_no,vehicle_reference,casualty_reference,casualty_class,sex_of_casualty,age_of_casualty,age_band_of_casualty,casualty_severity,pedestrian_location,pedestrian_movement,car_passenger,bus_or_coach_passenger,pedestrian_road_maintenance_worker,casualty_type,casualty_imd_decile,lsoa_of_casualty,enhanced_casualty_severity,casualty_injury_based,casualty_adjusted_severity_serious,casualty_adjusted_severity_slight,casualty_distance_banding,road_type,speed_limit,weather_conditions,light_conditions,road_surface_conditions,time,day_of_week,number_of_vehicles,vehicle_type
2023010453785,2023,010453785,1,1,3,1,23,5,3,5,3,0,0,0,0,4,E01000503,-1,0,0.0,1.0,-1,6,20,1,4,1,01:00,6,1,9
2023111308922,2023,111308922,1,1,3,2,69,10,2,1,1,0,0,0,0,10,E01020717,6,1,1.0,0.0,-1,2,30,1,1,1,11:43,5,1,11
2023991383072,2023,991383072,1,1,3,2,34,6,2,1,3,0,0,0,0,1,-1,7,1,1.0,0.0,-1,6,30,1,1,1,14:30,3,1,9
2023010477029,2023,010477029,1,1,3,2,29,6,2,10,9,0,0,0,0,4,E01001879,-1,0,1.0,0.0,-1,6,20,1,4,2,19:51,5,1,9
2023201360204,2023,201360204,2,1,1,1,37,7,3,0,0,0,0,0,1,8,E01033255,3,1,0.0,1.0,-1,3,30,1,1,1,12:15,2,2,1
2023332300156,2023,332300156,2,1,1,1,41,7,2,0,0,0,0,0,1,3,E01013717,-1,0,1.0,0.0,-1,6,30,2,4,2,23:30,7,2,1
2023440023114,2023,440023114,2,2,1,2,35,6,2,0,0,0,0,0,9,3,E01017099,-1,0,1.0,0.0,-1,6,30,1,1,1,09:10,4,2,9
2023471370524,2023,471370524,2,1,1,2,35,6,2,0,0,0,0,0,9,7,E01031597,6,1,1.0,0.0,-1,6,30,2,4,2,18:40,6,2,9
2023544022523,2023,544022523,1,2,2,2,73,10,3,0,0,1,0,0,9,3,E01020294,-1,0,0.08921,0.91079,-1,3,70,1,1,1,14:34,2,1,9
2023351358976,2023,351358976,2,3,2,2,-1,-1,3,0,0,2,0,0,9,-1,-1,3,1,0.0,1.0,-1,6,30,1,1,1,08:23,5,2,9
2023221330535,2023,221330535,2,1,1,1,63,9,3,0,0,0,0,0,19,6,E01032211,3,1,0.0,1.0,-1,6,60,1,1,1,08:15,2,2,19
2023010451797,2023,010451797,1,1,3,1,-1,-1,2,10,9,0,0,0,0,4,E01001137,-1,0,1.0,0.0,-1,6,20,1,1,1,06:45,2,1,1
2023101335832,2023,101335832,2,1,1,2,51,8,3,0,0,0,0,0,1,2,E01027429,3,1,0.0,1.0,-1,6,30,2,1,2,16:20,6,2,1
2023451351738,2023,451351738,1,1,1,-1,30,6,3,0,0,0,0,0,5,9,E01031733,3,1,0.0,1.0,-1,6,30,1,1,1,16:05,2,2,5
2023302300448,2023,302300448,1,1,1,2,44,7,3,0,0,0,0,0,9,1,E01027978,-1,0,0.0509,0.9491,-1,6,30,1,1,2,09:30,7,1,9
2023440014078,2023,440014078,1,1,1,2,50,8,3,0,0,0,0,0,9,10,E01022706,-1,0,0.05614,0.94386,-1,6,30,5,4,2,17:44,4,2,9
2023211316845,2023,211316845,1,1,1,1,44,7,3,0,0,0,0,0,9,8,E01029435,3,1,0.0,1.0,-1,6,30,1,1,1,16:38,5,2,9
2023430163644,2023,430163644,2,1,2,1,7,2,3,0,0,2,0,0,9,4,E01016725,-1,0,0.01523,0.98477,-1,6,60,1,1,1,11:31,7,2,9
2023461270506,2023,461270506,1,1,1,1,20,4,3,0,0,0,0,0,9,6,E01024432,3,1,0.0,1.0,-1,6,60,1,6,1,17:25,7,2,9
2023622300268,2023,622300268,2,2,1,2,39,7,3,0,0,0,0,0,9,3,W01001177,-1,0,0.01707,0.98293,-1,6,50,1,1,1,15:10,2,2,9
2023010429844,2023,010429844,1,1,1,1,81,11,3,0,0,0,0,0,9,7,E01003817,-1,0,0.0,1.0,-1,6,20,1,1,1,12:00,4,2,9
2023440530876,2023,440530876,2,1,1,1,21,5,2,0,0,0,0,0,9,5,E01023262,-1,0,1.0,0.0,-1,6,30,1,1,2,13:51,7,2,9
2023522300971,2023,522300971,1,5,2,2,51,8,3,0,0,1,0,0,9,1,E01014801,-1,0,0.01227,0.98773,-1,6,20,1,1,1,14:35,3,4,9
2023622300666,2023,622300666,1,1,1,1,17,4,3,0,0,0,0,0,9,5,W01001056,-1,0,0.04409,0.95591,-1,6,30,2,1,2,19:59,3,1,9
2023451341138,2023,451341138,2,2,1,1,29,6,3,0,0,0,0,0,9,4,E01002244,3,1,0.0,1.0,-1,7,30,1,1,1,06:30,5,2,9
2023161339092,2023,161339092,1,1,1,2,25,5,3,0,0,0,0,0,9,9,E01011209,3,1,0.0,1.0,-1,6,60,1,1,1,13:00,2,1,9
2023430573541,2023,430573541,2,3,2,2,55,8,3,0,0,1,0,0,9,7,E01017713,-1,0,0.064,0.936,-1,6,60,1,1,1,12:36,7,2,9
2023010464815,2023,010464815,1,1,1,-1,33,6,3,0,0,0,0,0,3,4,E01001241,-1,0,0.0,1.0,-1,3,30,9,1,9,13:15,5,2,3
2023070148720,2023,070148720,1,1,3,2,42,7,3,4,9,0,0,0,0,10,E01018652,-1,0,0.08908,0.91092,-1,6,30,9,4,1,20:20,1,1,9
2023451324631,2023,451324631,1,1,1,1,27,6,2,0,0,0,0,0,3,6,E01024428,7,1,1.0,0.0,-1,6,50,8,1,1,11:30,6,2,3
2023010478344,2023,010478344,1,1,1,1,41,7,3,0,0,0,0,0,5,4,E01000171,-1,0,0.0,1.0,-1,6,20,1,1,1,12:00,5,2,5
2023041333685,2023,041333685,1,1,1,1,35,6,2,0,0,0,0,0,1,-1,-1,7,1,1.0,0.0,-1,6,30,1,1,1,14:07,4,1,1
2023231351248,2023,231351248,4,3,1,2,65,9,3,0,0,0,0,0,9,10,E01031034,3,1,0.0,1.0,-1,7,70,1,1,1,09:32,6,4,9
2023471353400,2023,471353400,1,2,2,1,47,8,3,0,0,-1,0,0,9,8,E01004543,3,1,0.0,1.0,-1,6,30,2,6,2,21:23,2,1,9
2023010438314,2023,010438314,1,1,1,2,55,8,3,0,0,0,0,0,9,7,E01000369,-1,0,0.0,1.0,-1,6,30,1,1,1,19:50,4,2,9
2023461325993,2023,461325993,1,3,2,1,7,2,3,0,0,2,0,0,9,8,E01016094,3,1,0.0,1.0,-1,6,30,1,6,1,22:26,6,1,9
2023041318172,2023,041318172,1,1,1,1,74,10,3,0,0,0,0,0,9,5,E01025415,3,1,0.0,1.0,-1,6,30,1,1,1,13:25,3,2,9
2023201384002,2023,201384002,1,1,1,1,37,7,3,0,0,0,0,0,9,5,E01010022,3,1,0.0,1.0,-1,6,30,1,4,1,23:45,1,1,9
2023041268268,2023,041268268,1,1,1,1,25,5,3,0,0,0,0,0,19,7,E01025339,3,1,0.0,1.0,-1,6,60,2,1,2,07:40,4,4,19
2023061299188,2023,061299188,2,1,1,1,28,6,3,0,0,0,0,0,9,1,E01005599,3,1,0.0,1.0,-1,1,30,2,1,2,14:30,3,2,9
2023221281543,2023,221281543,1,1,1,1,30,6,2,0,0,0,0,0,9,-1,-1,5,1,1.0,0.0,-1,6,60,1,6,2,00:02,4,1,9
2023302300834,2023,302300834,2,2,1,1,21,5,3,0,0,0,0,0,9,6,E01019411,-1,0,0.06681,0.93319,-1,6,60,1,1,1,19:30,1,2,9
2023302301162,2023,302301162,4,1,2,2,-1,-1,3,0,0,2,0,0,9,-1,-1,-1,0,0.04986,0.95014,-1,3,70,1,1,1,15:40,5,4,9
2023411341385,2023,411341385,2,1,1,1,46,8,3,0,0,0,0,0,9,5,E01016594,3,1,0.0,1.0,-1,3,70,2,1,2,18:30,1,2,9
2023010480390,2023,010480390,1,1,2,2,56,9,3,0,0,0,3,0,11,1,E01004035,-1,0,0.0,1.0,-1,6,20,9,4,1,17:36,5,1,11
2023010430598,2023,010430598,2,2,1,2,34,6,3,0,0,0,0,0,9,3,E01002808,-1,0,0.0,1.0,-1,6,20,1,1,1,08:22,2,2,9
2023221351112,2023,221351112,2,1,1,2,61,9,3,0,0,0,0,0,9,7,E01019435,3,1,0.0,1.0,-1,6,60,1,1,1,18:13,1,2,9
2023351284868,2023,351284868,1,1,1,1,43,7,2,0,0,0,0,0,9,6,E01018053,7,1,1.0,0.0,-1,6,30,1,4,2,22:51,1,5,9
2023461390640,2023,461390640,2,1,1,2,33,6,3,0,0,0,0,0,9,4,E01016048,3,1,0.0,1.0,-1,6,30,1,1,2,09:05,2,2,9
2023501286386,2023,501286386,1,1,1,1,35,6,2,0,0,0,0,0,9,4,E01018969,6,1,1.0,0.0,-1,6,60,1,6,4,07:16,6,1,9
2023131279489,2023,131279489,1,1,3,1,73,10,3,10,9,0,0,2,0,1,E01010803,3,1,0.0,1.0,-1,6,20,1,4,1,18:45,4,1,9
2023340WN7182,2023,340WN7182,1,1,3,1,56,9,2,5,1,0,0,0,0,3,E01027180,-1,0,1.0,0.0,-1,6,30,2,4,2,23:30,7,1,9
2023552300216,2023,552300216,1,1,1,2,30,6,3,0,0,0,0,0,9,6,E01015414,-1,0,0.03539,0.96461,-1,6,30,1,4,2,19:19,5,2,9
2023101295604,2023,101295604,2,3,2,2,24,5,3,0,0,0,4,0,11,-1,-1,3,1,0.0,1.0,-1,6,40,1,1,1,08:12,3,3,11
2023161378897,2023,161378897,1,1,1,1,24,5,2,0,0,0,0,0,9,6,E01027918,7,1,1.0,0.0,-1,6,60,1,6,1,15:57,7,1,9
2023010482749,2023,010482749,1,1,1,2,23,5,3,0,0,0,0,0,3,4,E01023333,-1,0,0.0,1.0,-1,9,30,1,1,2,12:55,3,2,3
2023010481681,2023,010481681,1,1,1,1,22,5,3,0,0,0,0,0,4,1,E01023844,-1,0,0.0,1.0,-1,3,20,2,1,2,11:50,1,2,4
2023101375042,2023,101375042,2,2,1,2,32,6,3,0,0,0,0,0,9,5,E01027445,3,1,0.0,1.0,-1,3,70,1,6,2,16:20,4,2,9
2023231349451,2023,231349451,2,1,1,2,61,9,3,0,0,0,0,0,9,6,E01009681,3,1,0.0,1.0,-1,6,50,1,1,1,14:00,1,4,9
2023371384140,2023,371384140,2,1,2,1,23,5,3,0,0,1,0,0,9,-1,-1,3,1,0.0,1.0,-1,6,60,1,1,2,09:15,3,2,9
2023522301723,2023,522301723,1,4,2,1,15,3,3,0,0,2,0,0,9,-1,-1,-1,0,0.11962,0.88038,-1,3,50,1,1,1,19:40,5,2,9
2023052301768,2023,052301768,2,1,1,2,35,6,3,0,0,0,0,0,1,7,E01007306,-1,0,0.08114,0.91886,-1,6,30,1,1,1,08:01,3,2,1
2023041349239,2023,041349239,1,1,1,2,68,10,2,0,0,0,0,0,9,9,E01024979,7,1,1.0,0.0,-1,6,30,1,1,1,12:21,3,2,9
2023302300510,2023,302300510,2,2,2,2,18,4,3,0,0,1,0,0,9,4,E01013494,-1,0,0.01663,0.98337,-1,6,30,1,1,1,19:30,5,2,9
202354A806323,2023,54A806323,2,1,1,1,38,7,3,0,0,0,0,0,9,8,E01015536,-1,0,0.00585,0.99415,-1,1,30,1,1,1,17:09,4,2,9
2023041392189,2023,041392189,2,2,1,1,49,8,3,0,0,0,0,0,19,2,E01025290,3,1,0.0,1.0,-1,7,70,1,1,2,08:45,3,2,19
2023622300750,2023,622300750,1,1,3,1,20,4,3,4,9,0,0,0,0,8,W01001758,-1,0,0.14709,0.85291,-1,6,20,1,4,1,02:25,2,1,9
2023471273727,2023,471273727,2,2,1,2,44,7,3,0,0,0,0,0,9,5,E01031574,3,1,0.0,1.0,-1,7,40,8,1,4,07:55,4,2,9
2023991282815,2023,991282815,1,2,1,2,22,5,3,0,0,0,0,0,9,3,-1,3,1,0.0,1.0,-1,6,30,1,1,2,08:15,3,2,9
2023430106794,2023,430106794,2,1,1,1,21,5,3,0,0,0,0,0,1,-1,-1,-1,0,0.12935,0.87065,-1,6,30,2,4,2,17:59,5,2,1
2023010479999,2023,010479999,1,1,3,2,21,5,2,8,1,0,0,0,0,-1,-1,-1,0,1.0,0.0,-1,3,70,1,4,1,19:35,6,1,9
2023461342337,2023,461342337,1,1,3,1,34,6,3,4,1,0,0,0,0,2,E01016110,3,1,0.0,1.0,-1,6,30,1,1,1,13:54,5,1,9
2023340WN1422,2023,340WN1422,2,1,1,1,46,8,3,0,0,0,0,0,1,2,E01027151,-1,0,0.13312,0.86688,-1,3,30,8,4,2,22:05,5,2,1
2023461333742,2023,461333742,2,1,1,1,50,8,3,0,0,0,0,0,1,9,E01024835,3,1,0.0,1.0,-1,6,30,1,1,1,16:56,7,2,1
202354B946923,2023,54B946923,1,1,1,1,17,4,3,0,0,0,0,0,3,7,E01032039,-1,0,0.06247,0.93753,-1,1,40,7,1,2,08:06,7,1,3
2023010444626,2023,010444626,3,2,1,2,59,9,3,0,0,0,0,0,9,9,E01000201,-1,0,0.0,1.0,-1,6,30,1,1,1,13:00,3,3,9
2023501287090,2023,501287090,2,1,1,2,34,6,3,0,0,0,0,0,16,5,E01018921,3,1,0.0,1.0,-1,6,60,1,1,1,16:40,5,2,16
2023471262398,2023,471262398,1,1,1,1,48,8,2,0,0,0,0,0,19,-1,-1,6,1,1.0,0.0,-1,6,60,5,1,2,08:45,5,2,19
2023010468858,2023,010468858,1,1,1,-1,58,9,3,0,0,0,0,0,1,9,E01030669,-1,0,0.0,1.0,-1,9,20,9,1,9,18:10,5,2,1
2023522300546,2023,522300546,1,1,1,1,36,7,3,0,0,0,0,0,5,5,E01014679,-1,0,0.0391,0.9609,-1,6,30,1,1,1,18:08,4,2,5
2023010470456,2023,010470456,1,1,1,1,58,9,3,0,0,0,0,0,9,9,E01021828,-1,0,0.0,1.0,-1,3,50,1,4,1,18:34,6,2,9
2023161299938,2023,161299938,1,1,1,1,76,11,3,0,0,0,0,0,9,4,E01013076,3,1,0.0,1.0,-1,6,30,1,1,2,09:01,1,1,9
2023131314511,2023,131314511,1,1,3,2,24,5,2,10,3,0,0,2,0,1,E01010745,7,1,1.0,0.0,-1,6,20,1,1,1,16:50,4,1,9
2023010474932,2023,010474932,1,1,1,-1,39,7,3,0,0,0,0,0,3,7,E01000493,-1,0,0.0,1.0,-1,6,20,9,1,9,14:00,1,2,3
2023010477922,2023,010477922,1,1,1,2,26,6,3,0,0,0,0,0,3,4,E01002663,-1,0,0.0,1.0,-1,6,20,1,1,1,21:30,2,2,3
2023501306235,2023,501306235,1,1,1,2,86,11,3,0,0,0,0,0,9,2,E01018897,3,1,0.0,1.0,-1,6,30,1,1,1,13:00,5,2,9
2023302300901,2023,302300901,2,1,1,1,13,3,3,0,0,0,0,0,-1,2,E01013598,-1,0,0.12661,0.87339,-1,6,30,1,1,1,20:00,6,2,-1
2023430332673,2023,430332673,1,1,1,2,19,4,3,0,0,0,0,0,3,10,E01028654,-1,0,0.01521,0.98479,-1,6,30,1,1,1,14:15,4,2,3
2023332301304,2023,332301304,2,1,1,1,57,9,3,0,0,0,0,0,19,3,E01013611,-1,0,0.02011,0.97989,-1,6,50,1,1,1,08:59,6,2,19
2023010450758,2023,010450758,1,1,1,1,36,7,3,0,0,0,0,0,9,1,E01001821,-1,0,0.0,1.0,-1,6,20,1,4,1,02:00,5,2,9
2023010462539,2023,010462539,1,2,2,1,12,3,3,0,0,2,0,0,9,9,E01002112,-1,0,0.0,1.0,-1,6,20,2,1,2,16:36,7,2,9
2023010466701,2023,010466701,1,1,1,2,31,6,3,0,0,0,0,0,9,5,E01001168,-1,0,0.0,1.0,-1,6,30,1,1,1,08:19,2,1,9
2023552301223,2023,552301223,1,2,1,2,33,6,3,0,0,0,0,0,9,4,E01029238,-1,0,0.05628,0.94372,-1,6,50,1,1,1,15:17,2,3,9
2023010481396,2023,010481396,1,1,1,1,64,9,3,0,0,0,0,0,19,3,E01000473,-1,0,0.0,1.0,-1,6,20,1,4,2,17:44,6,2,19
2023421330967,2023,421330967,2,1,1,2,64,9,2,0,0,0,0,0,1,1,E01015897,6,1,1.0,0.0,-1,6,30,1,1,1,14:55,4,2,1
2023131287982,2023,131287982,2,2,2,1,25,5,3,0,0,1,0,0,9,1,E01011357,3,1,0.0,1.0,-1,6,40,1,1,1,16:30,4,2,9
2023411292017,2023,411292017,1,2,2,1,8,2,3,0,0,2,0,0,9,6,E01023942,3,1,0.0,1.0,-1,6,30,1,1,1,13:36,7,2,9
2023211285570,2023,211285570,1,1,1,1,60,9,2,0,0,0,0,0,10,6,E01014270,7,1,1.0,0.0,-1,6,30,8,4,4,22:30,6,3,10
2023122300908,2023,122300908,2,2,1,1,39,7,3,0,0,0,0,0,19,1,E01008333,-1,0,0.0311,0.9689,-1,3,70,1,1,1,11:52,6,3,19
2023991359202,2023,991359202,1,1,3,1,5,1,2,9,7,0,0,2,0,10,-1,7,1,1.0,0.0,-1,6,20,2,1,2,08:35,4,1,9
2023351371628,2023,351371628,2,1,1,1,13,3,3,0,0,0,0,0,1,7,E01018243,3,1,0.0,1.0,-1,1,20,1,1,1,07:55,5,2,1
2023302301603,2023,302301603,2,1,1,1,21,5,3,0,0,0,0,0,4,10,E01019829,-1,0,0.12086,0.87914,-1,6,30,2,1,2,17:00,6,2,4
202360A057729,2023,60A057729,2,1,1,2,58,9,3,0,0,0,0,0,9,-1,-1,-1,0,0.0741,0.9259,-1,6,30,1,4,1,21:30,5,2,9
202354C025723,2023,54C025723,1,3,2,1,13,3,3,0,0,0,0,0,10,10,E01031864,-1,0,0.03777,0.96223,-1,6,60,1,6,1,17:32,2,2,10
2023201314947,2023,201314947,1,1,3,1,9,2,3,5,4,0,0,0,0,-1,-1,3,1,0.0,1.0,-1,6,30,1,1,1,18:16,6,1,9
2023010450634,2023,010450634,1,1,1,1,35,6,3,0,0,0,0,0,3,3,E01002585,-1,0,0.0,1.0,-1,3,40,1,4,1,22:30,4,3,3
2023101375128,2023,101375128,2,2,2,2,19,4,2,0,0,2,0,0,9,8,E01027514,6,1,1.0,0.0,-1,1,30,1,4,2,23:15,4,2,9
2023010480125,2023,010480125,1,1,3,2,79,11,3,5,3,0,0,0,0,7,E01000135,-1,0,0.0,1.0,-1,6,30,1,1,1,15:35,7,1,9
2023010450141,2023,010450141,2,1,1,1,29,6,3,0,0,0,0,0,1,4,E01000546,-1,0,0.0,1.0,-1,3,20,1,1,1,18:18,2,2,1
2023610020223,2023,610020223,1,1,1,2,48,8,2,0,0,0,0,0,1,5,W01001478,-1,0,1.0,0.0,-1,6,60,1,1,1,15:45,5,2,1
2023010473164,2023,010473164,1,1,1,1,37,7,3,0,0,0,0,0,4,7,E01000703,-1,0,0.0,1.0,-1,3,30,1,4,1,19:45,6,1,4
2023471278289,2023,471278289,1,1,1,1,30,6,3,0,0,0,0,0,5,8,E01016901,3,1,0.0,1.0,-1,3,70,1,1,1,08:50,2,1,5
2023501324079,2023,501324079,1,1,1,1,59,9,3,0,0,0,0,0,5,2,E01019069,3,1,0.0,1.0,-1,6,30,1,1,1,10:45,5,1,5
2023531303711,2023,531303711,1,1,1,1,44,7,3,0,0,0,0,0,5,1,E01032302,3,1,0.0,1.0,-1,6,60,1,1,1,18:10,4,1,5
2023161357278,2023,161357278,2,1,1,2,30,6,3,0,0,0,0,0,9,1,E01028057,3,1,0.0,1.0,-1,6,30,1,1,1,17:51,1,3,9
2023211390344,2023,211390344,2,2,1,2,43,7,3,0,0,0,0,0,9,1,E01014251,3,1,0.0,1.0,-1,6,30,1,4,1,17:01,6,2,9
2023991331524,2023,991331524,1,2,1,1,39,7,3,0,0,0,0,0,9,-1,-1,3,1,0.0,1.0,-1,6,60,1,1,1,13:52,4,2,9
2023991358308,2023,991358308,1,4,2,2,22,5,2,0,0,2,0,0,9,5,-1,7,1,1.0,0.0,-1,6,40,1,6,1,21:41,1,1,9
2023351271054,2023,351271054,2,1,1,1,56,9,3,0,0,0,0,0,20,3,E01017975,3,1,0.0,1.0,-1,6,30,7,1,2,10:30,4,2,20
2023501365811,2023,501365811,1,1,3,1,12,3,3,1,3,0,0,0,0,1,E01015045,3,1,0.0,1.0,-1,6,30,1,1,1,07:45,6,1,9
2023520300087,2023,520300087,1,1,3,2,22,5,3,1,3,0,0,0,0,10,E01029264,-1,0,0.04304,0.95696,-1,6,20,9,7,-1,10:53,2,1,9
2023010436093,2023,010436093,1,1,3,2,53,8,2,10,9,0,0,0,0,9,E01000202,-1,0,1.0,0.0,-1,3,30,2,5,2,22:51,4,3,9
2023010424186,2023,010424186,2,1,1,1,35,6,3,0,0,0,0,0,1,2,E01002634,-1,0,0.0,1.0,-1,1,20,1,1,1,16:12,1,2,1
2023520300572,2023,520300572,1,2,3,1,66,10,2,5,3,0,0,0,0,7,E01029120,-1,0,1.0,0.0,-1,6,30,1,4,2,18:00,6,1,9
2023371356158,2023,371356158,2,2,1,1,17,4,3,0,0,0,0,0,1,1,E01029979,3,1,0.0,1.0,-1,6,30,1,1,1,15:05,2,2,1
2023010471147,2023,010471147,1,1,1,1,36,7,3,0,0,0,0,0,3,8,E01033028,-1,0,0.0,1.0,-1,9,20,9,4,1,22:05,5,2,3
2023010459464,2023,010459464,1,1,1,2,26,6,3,0,0,0,0,0,9,5,E01033577,-1,0,0.0,1.0,-1,6,20,1,1,1,19:40,4,2,9
2023010475440,2023,010475440,1,1,1,1,23,5,2,0,0,0,0,0,1,8,E01001604,-1,0,1.0,0.0,-1,6,30,1,1,1,07:35,3,2,1
2023131327065,2023,131327065,2,1,1,1,13,3,3,0,0,0,0,0,1,3,E01011064,3,1,0.0,1.0,-1,6,30,1,1,1,15:41,6,2,1
2023031353357,2023,031353357,2,2,1,1,58,9,3,0,0,0,0,0,3,3,E01010940,3,1,0.0,1.0,-1,3,70,1,1,1,13:20,5,2,3
2023010443154,2023,010443154,1,1,1,1,15,3,3,0,0,0,0,0,9,2,E01000525,-1,0,0.0,1.0,-1,6,30,8,4,1,21:38,2,2,9
2023411316762,2023,411316762,2,1,1,2,29,6,3,0,0,0,0,0,9,3,E01023437,3,1,0.0,1.0,-1,1,40,1,1,-1,08:20,5,2,9
2023461301211,2023,461301211,1,1,1,1,63,9,3,0,0,0,0,0,9,9,E01032625,3,1,0.0,1.0,-1,3,70,2,1,2,09:08,2,1,9
2023461384066,2023,461384066,2,2,1,2,23,5,3,0,0,0,0,0,9,8,E01031535,3,1,0.0,1.0,-1,2,60,2,6,2,15:50,5,2,9
2023522400520,2023,522400520,2,1,1,1,44,7,3,0,0,0,0,0,1,4,E01014924,-1,0,0.10605,0.89395,-1,6,20,1,1,1,12:45,6,2,1
2023010461026,2023,010461026,5,3,2,2,47,8,3,0,0,1,0,0,9,7,E01001204,-1,0,0.0,1.0,-1,3,50,1,1,1,12:37,5,6,9
2023010480108,2023,010480108,1,1,1,2,39,7,3,0,0,0,0,0,9,5,E01002671,-1,0,0.0,1.0,-1,1,30,1,1,1,13:39,7,2,9
2023201291123,2023,201291123,1,4,2,2,66,10,3,0,0,2,0,0,9,1,E01010367,3,1,0.0,1.0,-1,3,40,1,4,1,18:43,3,2,9
2023201382367,2023,201382367,2,3,2,1,14,3,3,0,0,-1,0,0,9,-1,-1,3,1,0.0,1.0,-1,6,20,2,4,2,23:39,3,2,9
2023471297058,2023,471297058,1,1,1,2,87,11,2,0,0,0,0,0,9,6,E01031465,6,1,1.0,0.0,-1,6,30,1,1,1,12:52,3,1,9
2023070419390,2023,070419390,4,3,1,1,54,8,3,0,0,0,0,0,9,5,W01000253,-1,0,0.02903,0.97097,-1,6,50,1,1,1,17:45,4,4,9
2023101262377,2023,101262377,2,1,2,1,31,6,3,0,0,-1,0,0,9,-1,-1,3,1,0.0,1.0,-1,1,30,1,4,1,16:45,4,2,9
2023010475736,2023,010475736,1,1,3,2,33,6,3,4,2,0,0,0,0,-1,-1,-1,0,0.0,1.0,-1,6,30,1,1,1,09:40,6,1,9
2023522301267,2023,522301267,1,1,3,1,28,6,2,4,1,0,0,0,0,1,E01022311,-1,0,1.0,0.0,-1,6,20,1,1,1,20:07,6,1,9
2023170S11433,2023,170S11433,2,1,1,1,40,7,2,0,0,0,0,0,1,1,E01012258,-1,0,1.0,0.0,-1,6,30,1,1,1,05:15,2,2,1
2023010444553,2023,010444553,1,1,1,1,23,5,3,0,0,0,0,0,3,3,E01000640,-1,0,0.0,1.0,-1,9,20,1,1,1,18:32,2,2,3
2023131350485,2023,131350485,2,3,2,2,11,3,3,0,0,2,0,0,9,1,E01010850,3,1,0.0,1.0,-1,6,30,1,1,1,17:22,5,2,9
2023371352327,2023,371352327,1,1,1,1,69,10,2,0,0,0,0,0,9,5,E01030188,7,1,1.0,0.0,-1,6,60,1,1,1,12:53,5,3,9
2023010420468,2023,010420468,1,1,3,1,47,8,3,6,9,0,0,0,0,9,E01004625,-1,0,0.0,1.0,-1,3,30,1,4,1,18:07,2,1,19
2023052301535,2023,052301535,2,1,1,1,35,6,3,0,0,0,0,0,1,1,E01006739,-1,0,0.09633,0.90367,-1,6,30,1,1,1,16:00,3,2,1
2023010430409,2023,010430409,1,1,1,1,22,5,3,0,0,0,0,0,3,5,E01000146,-1,0,0.0,1.0,-1,9,20,8,1,1,16:40,4,2,3
2023061346671,2023,061346671,3,1,2,1,26,6,3,0,0,1,0,0,9,1,E01004826,3,1,0.0,1.0,-1,6,30,1,1,1,16:00,7,3,9
2023371391410,2023,371391410,2,2,2,1,6,2,3,0,0,2,0,0,9,9,E01030147,3,1,0.0,1.0,-1,6,30,2,1,2,11:35,5,2,9
2023531316098,2023,531316098,2,4,2,1,45,7,2,0,0,1,0,0,9,4,E01022250,7,1,1.0,0.0,-1,6,40,1,1,1,18:46,4,2,9
2023010466159,2023,010466159,1,1,1,1,44,7,3,0,0,0,0,0,1,6,E01001245,-1,0,0.0,1.0,-1,7,20,1,1,1,17:40,5,2,1
2023302301336,2023,302301336,1,1,3,1,66,10,3,5,2,0,0,0,0,5,E01019623,-1,0,0.20573,0.79427,-1,6,40,2,1,2,12:00,7,2,9
2023552300654,2023,552300654,1,1,3,2,75,10,3,5,1,0,0,0,0,7,E01020429,-1,0,0.1852,0.8148,-1,6,30,1,1,1,10:39,3,1,9
2023010469813,2023,010469813,1,1,1,1,41,7,3,0,0,0,0,0,1,4,E01001898,-1,0,0.0,1.0,-1,6,20,1,1,1,13:20,2,2,1
2023302300338,2023,302300338,2,1,1,2,55,8,3,0,0,0,0,0,1,7,E01019677,-1,0,0.15165,0.84835,-1,6,30,1,1,1,15:19,7,2,1
2023481355223,2023,481355223,1,1,1,1,33,6,2,0,0,0,0,0,1,-1,-1,5,1,1.0,0.0,-1,6,20,1,4,1,06:18,4,2,1
2023010485162,2023,010485162,1,1,1,2,-1,-1,3,0,0,0,0,0,9,3,E01002276,-1,0,0.0,1.0,-1,3,70,9,7,9,17:15,2,2,9
2023361381707,2023,361381707,2,1,1,1,41,7,3,0,0,0,0,0,9,6,E01026529,3,1,0.0,1.0,-1,6,40,1,1,2,13:35,7,2,9
2023421358239,2023,421358239,4,1,2,2,32,6,3,0,0,1,0,0,9,-1,-1,3,1,0.0,1.0,-1,3,70,1,1,1,15:00,1,4,9
2023461321978,2023,461321978,2,1,1,2,61,9,3,0,0,0,0,0,9,7,E01016078,3,1,0.0,1.0,-1,1,30,1,1,2,06:40,2,2,9
2023010460151,2023,010460151,1,2,2,2,9,2,3,0,0,0,4,0,11,2,E01001750,-1,0,0.0,1.0,-1,6,40,1,1,1,18:42,6,2,11
2023421394967,2023,421394967,2,1,1,1,24,5,3,0,0,0,0,0,20,2,E01003591,3,1,0.0,1.0,-1,6,30,2,6,2,19:40,7,2,20