collision_index,collision_year,collision_ref_no,vehicle_reference,casualty_reference,casualty_class,sex_of_casualty,age_of_casualty,age_band_of_casualty,casualty_severity,pedestrian_location,pedestrian_movement,car_passenger,bus_or_coach_passenger,pedestrian_road_maintenance_worker,casualty_type,casualty_imd_decile,lsoa_of_casualty,enhanced_casualty_severity,casualty_injury_based,casualty_adjusted_severity_serious,casualty_adjusted_severity_slight,casualty_distance_banding,road_type,speed_limit,weather_conditions,light_conditions,road_surface_conditions,time,day_of_week,number_of_vehicles,vehicle_type
2023061261665,2023,061261665,1,1,2,1,3,1,3,0,0,2,0,0,9,-1,-1,3,1,0.0,1.0,-1,3,40,2,1,2,10:55,3,2,9
2023401363785,2023,401363785,2,2,1,2,43,7,3,0,0,0,0,0,9,-1,-1,3,1,0.0,1.0,-1,3,70,1,1,1,16:50,4,3,9
2023052300716,2023,052300716,2,1,1,1,71,10,3,0,0,0,0,0,9,2,E01006709,-1,0,0.06234,0.93766,-1,6,30,2,1,2,09:15,3,2,9
2023302301045,2023,302301045,1,1,2,1,38,7,1,0,0,2,0,0,9,3,E01019487,-1,0,0.0,0.0,-1,6,60,1,6,1,00:10,7,1,9
2023332300386,2023,332300386,2,2,2,2,60,9,3,0,0,1,0,0,9,4,E01028252,-1,0,0.02731,0.97269,-1,3,70,1,1,1,08:16,5,2,9
2023440432206,2023,440432206,1,1,1,2,33,6,3,0,0,0,0,0,9,7,E01022561,-1,0,0.1104,0.8896,-1,6,40,1,6,2,00:48,1,1,9
2023542732723,2023,542732723,2,1,1,2,58,9,3,0,0,0,0,0,9,9,E01031930,-1,0,0.01164,0.98836,-1,1,60,9,7,1,19:00,2,2,9
2023430287669,2023,430287669,2,1,1,2,40,7,2,0,0,0,0,0,1,5,E01016560,-1,0,1.0,0.0,-1,1,40,1,1,1,18:52,5,2,1
2023440462685,2023,440462685,1,1,1,1,70,10,2,0,0,0,0,0,5,10,E01022926,-1,0,1.0,0.0,-1,3,40,1,1,2,11:45,1,1,5
202354C005223,2023,54C005223,2,2,2,1,75,10,3,0,0,0,4,0,11,7,E01015198,-1,0,0.04697,0.95303,-1,3,70,1,1,1,17:05,2,2,11
2023010460281,2023,010460281,1,1,2,2,58,9,3,0,0,1,0,0,9,1,E01004256,-1,0,0.0,1.0,-1,6,20,1,1,1,16:55,7,2,9
2023052301862,2023,052301862,1,1,1,2,60,9,3,0,0,0,0,0,9,3,E01033760,-1,0,0.05662,0.94338,-1,6,30,1,1,1,16:15,4,2,9
2023010465480,2023,010465480,2,1,1,1,49,8,3,0,0,0,0,0,1,7,E01000983,-1,0,0.0,1.0,-1,3,20,1,1,1,08:35,3,2,1
2023471266971,2023,471266971,2,1,1,2,58,9,3,0,0,0,0,0,1,9,E01031670,3,1,0.0,1.0,-1,6,30,1,1,1,11:00,6,2,1
202363A016423,2023,63A016423,1,1,1,1,87,11,2,0,0,0,0,0,9,3,W01000711,-1,0,1.0,0.0,-1,6,30,1,1,1,10:00,1,1,9
2023010469852,2023,010469852,1,1,1,1,24,5,3,0,0,0,0,0,3,3,E01002752,-1,0,0.0,1.0,-1,6,20,1,1,1,14:00,3,2,3
2023010458479,2023,010458479,1,4,2,-1,6,2,3,0,0,2,0,0,9,1,E01033584,-1,0,0.0,1.0,-1,6,20,1,1,1,19:35,3,2,9
2023131327027,2023,131327027,2,1,1,1,54,8,3,0,0,0,0,0,1,-1,-1,3,1,0.0,1.0,-1,6,30,1,1,1,15:48,5,2,1
2023011380294,2023,011380294,1,1,1,1,52,8,2,0,0,0,0,0,5,-1,-1,7,1,1.0,0.0,-1,6,20,1,1,1,17:25,4,1,5
2023010455744,2023,010455744,1,2,3,2,1,1,2,3,1,0,0,0,0,2,E01000550,-1,0,1.0,0.0,-1,6,30,1,1,1,15:10,2,3,9
2023041337959,2023,041337959,1,1,3,2,81,11,1,5,4,0,0,0,0,-1,-1,1,1,0.0,0.0,-1,6,30,2,1,2,11:30,3,1,9
2023141284667,2023,141284667,2,2,1,2,18,4,3,0,0,0,0,0,9,5,E01033260,3,1,0.0,1.0,-1,6,30,1,1,1,13:00,1,2,9
2023430400550,2023,430400550,1,1,1,2,27,6,3,0,0,0,0,0,9,3,E01016511,-1,0,0.07242,0.92758,-1,3,40,1,1,1,05:53,5,2,9
2023010444622,2023,010444622,1,1,3,1,57,9,3,5,9,0,0,0,0,3,E01001366,-1,0,0.0,1.0,-1,2,20,1,1,1,10:32,3,1,9
2023010436450,2023,010436450,1,1,1,1,53,8,3,0,0,0,0,0,9,7,E01003655,-1,0,0.0,1.0,-1,6,30,1,1,1,06:35,7,2,9
2023430277138,2023,430277138,1,1,1,2,57,9,3,0,0,0,0,0,9,8,E01030846,-1,0,0.0261,0.9739,-1,6,30,1,1,1,07:15,5,2,9
2023522300547,2023,522300547,3,1,1,2,66,10,3,0,0,0,0,0,9,6,E01022351,-1,0,0.03716,0.96284,-1,6,50,5,1,2,11:50,4,4,9
2023991298913,2023,991298913,2,1,1,1,43,7,3,0,0,0,0,0,9,-1,-1,3,1,0.0,1.0,-1,3,40,1,1,1,15:42,4,4,9
2023010459843,2023,010459843,1,1,1,1,30,6,3,0,0,0,0,0,1,7,E01004605,-1,0,0.0,1.0,-1,6,20,1,1,1,17:35,3,2,1
2023041377100,2023,041377100,2,2,2,2,60,9,3,0,0,1,0,0,9,3,E01025094,3,1,0.0,1.0,-1,6,20,1,1,1,11:20,3,2,9
2023070893158,2023,070893158,1,1,1,2,36,7,3,0,0,0,0,0,9,9,E01005408,-1,0,0.07097,0.92903,-1,3,70,1,6,2,04:44,1,2,9
2023201366722,2023,201366722,2,2,1,1,24,5,3,0,0,0,0,0,9,6,E01010380,3,1,0.0,1.0,-1,6,30,1,1,1,05:31,6,2,9
2023201375075,2023,201375075,1,1,1,2,79,11,3,0,0,0,0,0,9,10,E01009853,3,1,0.0,1.0,-1,6,30,1,1,1,11:38,5,2,9
2023201409392,2023,201409392,2,1,1,-1,52,8,3,0,0,0,0,0,9,4,E01009268,3,1,0.0,1.0,-1,3,40,1,1,1,17:30,7,2,9
2023320498215,2023,320498215,1,1,2,1,2,1,3,0,0,2,0,0,9,2,E01026049,-1,0,0.00722,0.99278,-1,6,30,1,1,1,17:15,4,2,9
2023320557419,2023,320557419,1,1,1,1,30,6,3,0,0,0,0,0,90,-1,-1,-1,0,0.10275,0.89725,-1,6,30,1,1,1,15:45,5,2,90
2023201325291,2023,201325291,1,1,3,1,69,10,1,9,9,0,0,0,0,-1,-1,1,1,0.0,0.0,-1,6,30,1,4,1,01:34,7,1,9
2023010479446,2023,010479446,1,1,1,1,36,7,3,0,0,0,0,0,3,2,E01000603,-1,0,0.0,1.0,-1,9,30,1,4,2,18:12,7,2,3
2023311348001,2023,311348001,1,1,1,1,20,4,3,0,0,0,0,0,9,9,E01028241,3,1,0.0,1.0,-1,6,30,1,1,1,17:47,7,1,9
2023371319580,2023,371319580,2,2,1,1,78,11,3,0,0,0,0,0,9,6,E01026437,3,1,0.0,1.0,-1,6,60,1,1,1,19:00,6,2,9
2023010483649,2023,010483649,1,1,3,2,29,6,2,1,3,0,0,0,0,2,E01002068,-1,0,1.0,0.0,-1,6,20,1,4,1,16:25,2,1,9
2023351340554,2023,351340554,2,1,1,1,36,7,3,0,0,0,0,0,1,7,E01018127,3,1,0.0,1.0,-1,6,30,2,1,2,17:20,3,2,1
2023471334551,2023,471334551,1,1,1,2,37,7,3,0,0,0,0,0,9,5,E01021195,3,1,0.0,1.0,-1,6,60,1,1,1,11:45,2,2,9
2023522401263,2023,522401263,2,3,2,2,24,5,3,0,0,1,0,0,9,7,E01014403,-1,0,0.0269,0.9731,-1,6,30,1,4,1,23:41,7,2,9
202363B003623,2023,63B003623,2,2,1,1,61,9,3,0,0,0,0,0,11,-1,-1,-1,0,0.10198,0.89802,-1,6,60,1,1,2,12:00,7,2,11
2023041389472,2023,041389472,2,1,1,2,72,10,3,0,0,0,0,0,9,9,E01025277,3,1,0.0,1.0,-1,6,30,1,4,2,07:26,1,2,9
2023332300709,2023,332300709,2,1,1,2,-1,-1,3,0,0,0,0,0,9,4,E01029830,-1,0,0.00816,0.99184,-1,6,30,1,4,1,01:00,5,4,9
2023411363804,2023,411363804,2,2,2,2,1,1,3,0,0,2,0,0,9,10,E01023455,3,1,0.0,1.0,-1,1,60,1,1,1,16:05,1,2,9
2023430057207,2023,430057207,1,2,2,1,25,5,3,0,0,1,0,0,9,9,E01017783,-1,0,0.04899,0.95101,-1,6,60,5,1,2,16:10,4,2,9
2023471376928,2023,471376928,1,4,1,1,46,8,1,0,0,0,0,0,9,3,E01016921,1,1,0.0,0.0,-1,6,60,1,6,2,21:50,2,1,9
2023991340647,2023,991340647,1,1,2,1,80,11,2,0,0,1,0,0,9,-1,-1,6,1,1.0,0.0,-1,6,30,1,1,1,11:30,6,1,9
2023101411672,2023,101411672,2,1,1,1,77,11,2,0,0,0,0,0,1,5,E01008879,6,1,1.0,0.0,-1,1,40,1,1,1,17:40,3,2,1
2023041387331,2023,041387331,2,3,2,1,42,7,3,0,0,1,0,0,9,4,E01012599,3,1,0.0,1.0,-1,6,30,9,1,2,13:15,6,2,9
2023170M11723,2023,170M11723,3,1,2,1,70,10,2,0,0,1,0,0,9,6,E01012187,-1,0,1.0,0.0,-1,3,70,2,1,2,16:19,6,3,9
2023461313178,2023,461313178,2,2,1,1,27,6,3,0,0,0,0,0,17,-1,-1,3,1,0.0,1.0,-1,6,60,1,1,1,12:05,3,2,17
2023231273113,2023,231273113,1,1,3,2,79,11,2,5,1,0,0,0,0,7,E01031014,7,1,1.0,0.0,-1,6,30,1,1,1,08:30,5,1,9
2023991360434,2023,991360434,1,1,3,1,37,7,3,1,9,0,0,0,0,3,-1,3,1,0.0,1.0,-1,6,30,1,1,1,15:10,5,1,9
2023131382911,2023,131382911,2,1,1,1,42,7,3,0,0,0,0,0,1,1,E01011101,3,1,0.0,1.0,-1,6,30,1,1,2,08:48,2,2,1
2023010444580,2023,010444580,1,1,1,1,26,6,3,0,0,0,0,0,9,7,E01001313,-1,0,0.0,1.0,-1,7,30,1,1,1,15:45,2,2,9
2023101304335,2023,101304335,2,1,1,2,38,7,3,0,0,0,0,0,9,1,E01008541,3,1,0.0,1.0,-1,3,60,1,4,1,20:30,5,3,9
2023540322023,2023,540322023,1,1,1,1,46,8,3,0,0,0,0,0,9,5,E01015505,-1,0,0.0285,0.9715,-1,6,30,1,1,2,12:09,3,3,9
2023101297333,2023,101297333,3,1,1,1,75,10,1,0,0,0,0,0,5,5,E01033715,1,1,0.0,0.0,-1,6,60,1,1,1,12:55,6,3,5
2023141315246,2023,141315246,2,2,2,1,15,3,3,0,0,2,0,0,9,7,E01008140,3,1,0.0,1.0,-1,6,30,1,4,1,04:01,3,5,9
2023221308731,2023,221308731,2,3,2,1,83,11,1,0,0,1,0,0,9,9,E01028855,1,1,0.0,0.0,-1,6,60,1,1,1,16:21,5,2,9
2023421361113,2023,421361113,4,1,1,2,37,7,2,0,0,0,0,0,9,7,E01018022,7,1,1.0,0.0,-1,3,70,1,1,1,12:00,2,5,9
2023501313398,2023,501313398,1,1,1,1,37,7,2,0,0,0,0,0,19,4,E01029328,6,1,1.0,0.0,-1,6,60,1,1,1,17:27,2,1,19
2023010424758,2023,010424758,1,1,1,1,58,9,3,0,0,0,0,0,9,8,E01004472,-1,0,0.0,1.0,-1,6,20,1,1,1,12:40,7,2,9
2023421294225,2023,421294225,2,1,1,2,38,7,3,0,0,0,0,0,9,8,E01018277,3,1,0.0,1.0,-1,3,40,1,1,1,18:20,4,2,9
2023421295127,2023,421295127,1,2,1,1,22,5,3,0,0,0,0,0,9,9,E01018054,3,1,0.0,1.0,-1,3,70,2,1,2,10:20,2,2,9
2023991340847,2023,991340847,2,4,2,1,2,1,3,0,0,2,0,0,9,9,-1,3,1,0.0,1.0,-1,6,30,1,5,1,20:50,6,3,9
2023041370546,2023,041370546,1,1,3,2,64,9,3,5,9,0,0,0,0,1,E01025046,3,1,0.0,1.0,-1,6,30,1,1,2,10:00,6,1,9
2023351368926,2023,351368926,1,1,1,1,30,6,3,0,0,0,0,0,1,3,E01017978,3,1,0.0,1.0,-1,6,30,1,4,1,19:49,6,2,1
2023201268705,2023,201268705,1,1,1,1,17,4,3,0,0,0,0,0,4,1,E01010383,3,1,0.0,1.0,-1,6,30,8,1,2,15:50,2,2,4
2023122400148,2023,122400148,2,1,1,1,31,6,3,0,0,0,0,0,9,8,E01027635,-1,0,0.04162,0.95838,-1,6,60,1,6,2,17:56,6,2,9
2023211312487,2023,211312487,1,1,1,1,30,6,2,0,0,0,0,0,9,10,E01019606,6,1,1.0,0.0,-1,3,60,1,1,1,05:29,2,1,9
2023201343108,2023,201343108,1,12,2,1,22,5,2,0,0,0,4,0,11,4,E01008997,7,1,1.0,0.0,-1,3,30,1,1,1,15:00,1,2,11
2023010487009,2023,010487009,1,1,1,1,41,7,3,0,0,0,0,0,9,3,E01003348,-1,0,0.0,1.0,-1,6,30,2,4,2,20:15,7,2,9
2023101299827,2023,101299827,2,5,2,2,34,6,3,0,0,1,0,0,9,2,E01033074,3,1,0.0,1.0,-1,3,40,2,4,2,23:00,7,2,9
2023201291123,2023,201291123,1,3,2,2,42,7,3,0,0,2,0,0,9,1,E01010103,3,1,0.0,1.0,-1,3,40,1,4,1,18:43,3,2,9
2023361362914,2023,361362914,1,2,1,1,38,7,3,0,0,0,0,0,9,5,E01017418,3,1,0.0,1.0,-1,6,40,1,4,2,17:32,7,2,9
2023471320674,2023,471320674,1,1,2,2,71,10,3,0,0,1,0,0,9,3,E01020930,3,1,0.0,1.0,-1,3,30,1,1,2,09:45,3,2,9
2023361262811,2023,361262811,2,1,3,2,25,5,3,6,5,0,0,-1,0,5,E01026760,3,1,0.0,1.0,-1,6,30,1,1,1,08:30,2,2,9
2023010453366,2023,010453366,1,1,1,1,24,5,3,0,0,0,0,0,3,6,E01023720,-1,0,0.0,1.0,-1,7,50,1,1,1,09:00,3,2,3
2023231366007,2023,231366007,2,1,1,1,29,6,3,0,0,0,0,0,9,10,E01031314,3,1,0.0,1.0,-1,1,30,1,1,1,14:30,1,2,9
2023471319371,2023,471319371,1,1,1,2,32,6,3,0,0,0,0,0,9,7,E01016961,3,1,0.0,1.0,-1,6,20,9,1,1,17:30,1,2,9
2023440038186,2023,440038186,1,3,3,1,19,4,3,6,9,0,0,0,0,4,E01022810,-1,0,0.22602,0.77398,-1,6,30,1,4,1,21:37,7,1,9
2023991347949,2023,991347949,2,1,1,1,41,7,3,0,0,0,0,0,1,-1,-1,3,1,0.0,1.0,-1,6,20,8,1,1,08:45,3,2,1
2023461360006,2023,461360006,2,1,1,1,51,8,2,0,0,0,0,0,5,5,E01033089,6,1,1.0,0.0,-1,6,30,1,1,1,16:10,5,2,5
2023070528901,2023,070528901,2,1,1,1,45,7,3,0,0,0,0,0,9,9,E01012392,-1,0,0.00538,0.99462,-1,3,30,1,1,1,13:15,7,2,9
2023201378378,2023,201378378,2,1,1,1,22,5,2,0,0,0,0,0,9,3,E01009763,7,1,1.0,0.0,-1,3,40,1,1,1,15:00,4,2,9
2023332300871,2023,332300871,1,1,1,2,20,4,3,0,0,0,0,0,9,9,E01025661,-1,0,0.04219,0.95781,-1,6,20,1,4,1,21:15,2,1,9
2023361368187,2023,361368187,1,4,2,1,23,5,3,0,0,1,0,0,9,4,E01026780,3,1,0.0,1.0,-1,6,60,1,1,1,13:13,1,2,9
2023430099108,2023,430099108,1,4,2,2,30,6,3,0,0,2,0,0,9,-1,-1,-1,0,0.05219,0.94781,-1,6,30,2,4,2,16:25,1,1,9
2023549285323,2023,549285323,2,2,1,1,64,9,3,0,0,0,0,0,5,5,E01032113,-1,0,0.04846,0.95154,-1,1,30,1,1,1,11:48,1,2,5
2023141367772,2023,141367772,1,1,1,2,29,6,2,0,0,0,0,0,9,2,E01007495,6,1,1.0,0.0,-1,6,40,1,1,2,15:25,6,3,9
2023501362278,2023,501362278,1,1,1,2,18,4,3,0,0,0,0,0,9,6,E01020209,3,1,0.0,1.0,-1,6,30,2,6,2,22:45,5,1,9
2023622300309,2023,622300309,2,3,2,1,25,5,3,0,0,1,0,0,9,5,W01001878,-1,0,0.03339,0.96661,-1,3,70,1,1,1,10:05,1,2,9
2023101269195,2023,101269195,1,1,3,1,80,11,2,5,3,0,0,0,0,3,E01008441,6,1,1.0,0.0,-1,6,30,1,1,1,11:56,7,1,9
2023010464549,2023,010464549,1,1,1,1,20,4,3,0,0,0,0,0,9,3,E01003405,-1,0,0.0,1.0,-1,6,30,1,4,1,23:26,4,1,9
2023221389539,2023,221389539,2,1,1,2,34,6,3,0,0,0,0,0,9,1,E01013995,3,1,0.0,1.0,-1,6,30,1,1,1,10:00,5,2,9
2023371353269,2023,371353269,2,1,1,2,35,6,3,0,0,0,0,0,9,4,E01029927,3,1,0.0,1.0,-1,6,60,1,1,1,08:00,4,2,9
2023070264921,2023,070264921,1,1,1,1,39,7,2,0,0,0,0,0,1,6,E01032909,-1,0,1.0,0.0,-1,6,30,1,1,1,10:38,4,2,1
2023631353068,2023,631353068,2,1,1,1,50,8,2,0,0,0,0,0,1,10,W01000726,6,1,1.0,0.0,-1,9,30,1,1,2,10:30,7,2,1
2023440107082,2023,440107082,1,1,1,1,19,4,3,0,0,0,0,0,9,-1,-1,-1,0,0.08774,0.91226,-1,6,60,1,1,1,13:05,6,2,9
2023010466500,2023,010466500,1,1,3,1,64,9,2,5,3,0,0,0,0,4,E01033099,-1,0,1.0,0.0,-1,6,20,1,1,1,16:30,7,1,19
2023010451232,2023,010451232,2,1,1,2,42,7,3,0,0,0,0,0,1,4,E01003927,-1,0,0.0,1.0,-1,6,20,1,1,1,17:40,7,2,1
2023010482507,2023,010482507,1,1,1,1,39,7,3,0,0,0,0,0,1,4,E01003702,-1,0,0.0,1.0,-1,6,20,8,1,1,10:20,4,2,1
2023070421860,2023,070421860,2,1,1,1,65,9,3,0,0,0,0,0,1,10,E01018411,-1,0,0.09175,0.90825,-1,6,30,1,1,1,13:00,5,2,1
2023141360744,2023,141360744,1,1,1,1,21,5,2,0,0,0,0,0,9,5,E01027975,7,1,1.0,0.0,-1,6,30,1,4,1,01:07,1,1,9
2023311301308,2023,311301308,2,1,1,2,56,9,3,0,0,0,0,0,9,6,E01007669,3,1,0.0,1.0,-1,6,30,1,1,1,08:55,2,2,9
2023501284896,2023,501284896,1,1,3,2,18,4,2,7,4,0,0,-1,0,1,E01015232,7,1,1.0,0.0,-1,3,30,1,5,1,19:07,5,1,9
2023010442802,2023,010442802,1,2,2,1,26,6,3,0,0,2,0,0,9,8,E01023311,-1,0,0.0,1.0,-1,3,30,1,1,1,16:35,7,2,9
2023430126952,2023,430126952,2,1,1,1,14,3,3,0,0,0,0,0,-1,7,E01033509,-1,0,0.12444,0.87556,-1,6,30,1,1,1,18:00,7,2,-1
2023201388221,2023,201388221,1,2,3,2,7,2,3,5,3,0,0,0,0,2,E01009075,3,1,0.0,1.0,-1,6,30,1,4,1,18:20,6,1,9
2023070913300,2023,070913300,2,3,1,2,48,8,3,0,0,0,0,0,9,-1,-1,-1,0,0.02696,0.97304,-1,6,60,1,1,2,17:45,5,2,9
2023231328060,2023,231328060,1,2,2,2,48,8,3,0,0,1,0,0,9,5,E01031169,3,1,0.0,1.0,-1,6,30,1,1,1,05:12,1,1,9
2023531373136,2023,531373136,2,1,1,2,28,6,3,0,0,0,0,0,9,7,E01022239,3,1,0.0,1.0,-1,3,40,1,1,1,14:05,4,2,9
2023131384580,2023,131384580,1,1,3,2,21,5,3,4,3,0,0,2,0,5,E01010853,3,1,0.0,1.0,-1,3,30,1,4,2,00:02,7,1,9
2023451308976,2023,451308976,1,1,3,1,28,6,3,9,5,0,0,0,0,8,E01030708,3,1,0.0,1.0,-1,6,20,1,1,1,11:55,5,2,9
2023201392714,2023,201392714,2,1,2,1,58,9,3,0,0,1,0,0,9,8,E01031281,3,1,0.0,1.0,-1,6,30,5,4,2,16:10,4,2,9
2023421386512,2023,421386512,1,1,3,1,58,9,2,8,1,0,0,0,0,-1,-1,6,1,1.0,0.0,-1,6,20,1,1,1,07:15,2,2,21
2023401374360,2023,401374360,2,2,2,1,27,6,3,0,0,1,0,0,9,5,E01015780,3,1,0.0,1.0,-1,6,30,1,1,1,16:00,5,2,9
2023010448506,2023,010448506,1,1,3,1,38,7,3,1,3,0,0,0,0,6,E01001598,-1,0,0.0,1.0,-1,6,30,1,1,1,10:35,2,1,9
2023010471227,2023,010471227,1,1,1,1,23,5,3,0,0,0,0,0,1,3,E01003180,-1,0,0.0,1.0,-1,6,20,1,4,1,19:32,3,3,1
2023340NN0502,2023,340NN0502,2,1,1,1,54,8,3,0,0,0,0,0,1,9,E01027067,-1,0,0.04327,0.95673,-1,1,30,1,1,2,12:26,1,2,1
2023010437887,2023,010437887,1,1,1,1,27,6,3,0,0,0,0,0,3,4,E01001087,-1,0,0.0,1.0,-1,2,20,1,4,1,05:20,6,2,3
2023471347143,2023,471347143,2,1,1,1,25,5,3,0,0,0,0,0,3,8,E01021030,3,1,0.0,1.0,-1,6,30,1,4,1,21:40,4,2,3
2023052302505,2023,052302505,2,3,2,2,46,8,3,0,0,2,0,0,9,1,E01006661,-1,0,0.02649,0.97351,-1,6,30,2,1,2,12:40,6,2,9
2023351272856,2023,351272856,2,2,2,2,26,6,3,0,0,1,0,0,9,5,E01018080,3,1,0.0,1.0,-1,6,30,1,1,2,08:43,2,3,9
202360A092352,2023,60A092352,1,1,1,1,75,10,3,0,0,0,0,0,9,-1,-1,-1,0,0.17564,0.82436,-1,6,30,1,1,1,11:55,5,2,9
2023991316574,2023,991316574,2,1,1,2,32,6,3,0,0,0,0,0,9,1,-1,3,1,0.0,1.0,-1,6,20,1,1,1,20:42,5,2,9
2023201453079,2023,201453079,1,1,2,2,29,6,3,0,0,1,0,0,9,1,E01009308,3,1,0.0,1.0,-1,6,30,5,4,2,17:10,5,2,9
2023351317685,2023,351317685,2,2,2,1,61,9,3,0,0,1,0,0,9,6,E01018208,3,1,0.0,1.0,-1,6,60,1,1,1,07:20,5,2,9
2023541118423,2023,541118423,1,1,1,1,18,4,3,0,0,0,0,0,9,8,E01031946,-1,0,0.12407,0.87593,-1,6,40,1,6,1,21:55,3,1,9
2023010454788,2023,010454788,1,1,3,2,23,5,3,6,9,0,0,0,0,5,E01000071,-1,0,0.0,1.0,-1,6,30,9,1,1,09:57,4,1,9
2023351365077,2023,351365077,1,1,3,1,30,6,3,5,1,0,0,0,0,7,E01018025,3,1,0.0,1.0,-1,6,30,2,1,2,12:24,5,1,9
2023061282449,2023,061282449,1,1,1,1,25,5,2,0,0,0,0,0,1,1,E01005246,7,1,1.0,0.0,-1,6,30,1,1,1,15:20,5,2,1
2023201370840,2023,201370840,1,2,1,1,37,7,3,0,0,0,0,0,9,1,E01033642,3,1,0.0,1.0,-1,3,40,1,4,1,23:50,6,2,9
2023522400961,2023,522400961,1,1,1,1,38,7,3,0,0,0,0,0,9,7,E01014974,-1,0,0.00858,0.99142,-1,6,30,2,4,2,18:11,6,2,9
2023221400575,2023,221400575,1,1,1,1,26,6,3,0,0,0,0,0,9,6,E01022262,3,1,0.0,1.0,-1,6,50,2,1,2,17:02,5,1,9
2023411284548,2023,411284548,1,1,1,1,25,5,3,0,0,0,0,0,9,4,E01023870,3,1,0.0,1.0,-1,3,70,1,1,1,14:50,5,2,9
2023421270839,2023,421270839,1,2,2,2,13,3,3,0,0,1,0,0,9,3,E01021726,3,1,0.0,1.0,-1,6,30,1,1,1,10:30,4,1,9
2023471375088,2023,471375088,2,1,1,1,44,7,3,0,0,0,0,0,9,3,E01021044,3,1,0.0,1.0,-1,2,30,1,4,1,17:15,4,2,9
2023161274061,2023,161274061,1,1,1,1,19,4,1,0,0,0,0,0,5,1,E01012805,1,1,0.0,0.0,-1,6,30,1,1,1,16:35,4,1,5
2023031392573,2023,031392573,1,1,2,1,40,7,3,0,0,-1,0,0,9,4,E01025099,3,1,0.0,1.0,-1,3,70,5,6,2,23:00,4,1,9
2023010447447,2023,010447447,1,2,2,2,6,2,3,0,0,2,0,0,9,6,E01000203,-1,0,0.0,1.0,-1,2,30,1,1,1,08:31,4,2,9
2023131315665,2023,131315665,1,1,1,1,74,10,3,0,0,0,0,0,9,3,E01010895,3,1,0.0,1.0,-1,6,30,1,1,1,17:30,3,2,9
2023010458782,2023,010458782,1,1,3,1,23,5,3,4,1,0,0,0,0,-1,-1,-1,0,0.0,1.0,-1,2,30,1,4,1,22:36,5,1,8
2023401292494,2023,401292494,2,1,1,1,65,9,3,0,0,0,0,0,1,2,E01015702,3,1,0.0,1.0,-1,6,20,1,4,1,04:37,3,2,1
2023430252077,2023,430252077,1,1,1,1,28,6,3,0,0,0,0,0,5,4,E01016453,-1,0,0.24371,0.75629,-1,6,60,1,1,1,18:24,5,1,5
2023332300819,2023,332300819,1,1,1,1,48,8,3,0,0,0,0,0,19,8,E01029486,-1,0,0.02843,0.97157,-1,3,70,1,1,1,16:19,7,3,19
2023041364883,2023,041364883,1,1,3,1,88,11,2,8,9,0,0,2,0,3,E01025306,5,1,1.0,0.0,-1,2,20,1,4,1,18:30,2,1,9
2023201331427,2023,201331427,1,1,3,2,2,1,3,5,1,0,0,0,0,5,E01009888,3,1,0.0,1.0,-1,6,20,1,1,1,19:23,7,1,9
2023302300853,2023,302300853,1,3,3,1,18,4,3,6,9,0,0,0,0,3,E01013554,-1,0,0.12986,0.87014,-1,7,30,1,1,1,19:35,4,1,9
2023010457244,2023,010457244,2,1,1,1,40,7,2,0,0,0,0,0,1,5,E01003071,-1,0,1.0,0.0,-1,3,20,1,1,1,16:53,3,2,1
2023552301194,2023,552301194,2,1,1,1,52,8,3,0,0,0,0,0,1,6,E01015331,-1,0,0.14281,0.85719,-1,6,30,1,1,1,08:24,5,2,1
2023546131323,2023,546131323,1,1,1,1,45,7,3,0,0,0,0,0,5,8,E01015500,-1,0,0.15813,0.84187,-1,6,40,1,1,1,08:28,2,2,5
2023010434115,2023,010434115,1,1,1,2,20,4,3,0,0,0,0,0,9,2,E01000781,-1,0,0.0,1.0,-1,6,30,2,1,2,17:45,6,2,9
2023361311336,2023,361311336,2,2,2,1,65,9,2,0,0,1,0,0,9,8,E01030101,6,1,1.0,0.0,-1,6,60,1,1,1,08:10,5,3,9
2023430260215,2023,430260215,1,2,2,1,11,3,3,0,0,9,0,0,9,8,E01017836,-1,0,0.00625,0.99375,-1,1,30,1,1,1,16:20,2,2,9
2023041293715,2023,041293715,2,2,1,1,66,10,3,0,0,0,0,0,19,6,E01025325,3,1,0.0,1.0,-1,6,60,1,1,1,16:00,3,2,19
2023170S40623,2023,170S40623,1,1,3,2,10,2,3,5,1,0,0,0,0,5,E01012300,-1,0,0.14447,0.85553,-1,6,30,1,1,1,15:05,3,1,9
2023351367576,2023,351367576,1,1,3,1,31,6,2,5,7,0,0,0,0,10,E01017986,7,1,1.0,0.0,-1,2,20,1,4,1,01:00,6,1,9
2023361384035,2023,361384035,1,1,3,2,31,6,2,5,1,0,0,0,0,3,E01026601,7,1,1.0,0.0,-1,6,30,2,4,2,17:10,5,1,9
2023111350427,2023,111350427,2,1,1,2,24,5,3,0,0,0,0,0,9,6,E01008196,3,1,0.0,1.0,-1,6,30,1,1,2,13:40,6,2,9
2023440302072,2023,440302072,2,2,2,1,60,9,3,0,0,1,0,0,9,9,E01023076,-1,0,0.03205,0.96795,-1,6,60,1,1,1,13:05,5,2,9
2023471383807,2023,471383807,2,2,1,1,17,4,2,0,0,0,0,0,3,5,E01021089,7,1,1.0,0.0,-1,6,20,1,1,2,08:45,4,2,3