collision_index,collision_year,collision_ref_no,vehicle_reference,casualty_reference,casualty_class,sex_of_casualty,age_of_casualty,age_band_of_casualty,casualty_severity,pedestrian_location,pedestrian_movement,car_passenger,bus_or_coach_passenger,pedestrian_road_maintenance_worker,casualty_type,casualty_imd_decile,lsoa_of_casualty,enhanced_casualty_severity,casualty_injury_based,casualty_adjusted_severity_serious,casualty_adjusted_severity_slight,casualty_distance_banding,road_type,speed_limit,weather_conditions,light_conditions,road_surface_conditions,time,day_of_week,number_of_vehicles,vehicle_type
2023421321799,2023,421321799,2,1,1,1,39,7,3,0,0,0,0,0,5,7,E01021792,3,1,0.0,1.0,-1,1,40,1,1,1,17:30,2,2,5
2023052301764,2023,052301764,1,1,1,1,77,11,3,0,0,0,0,0,9,5,E01032905,-1,0,0.11742,0.88258,-1,6,30,1,1,1,13:45,3,3,9
2023111310389,2023,111310389,1,2,1,1,29,6,2,0,0,0,0,0,9,6,E01020794,7,1,1.0,0.0,-1,6,40,1,1,1,16:32,2,2,9
2023311351455,2023,311351455,1,3,2,1,22,5,2,0,0,2,0,0,9,2,E01028281,6,1,1.0,0.0,-1,6,60,1,1,1,17:30,6,4,9
2023440463441,2023,440463441,1,1,1,1,27,6,3,0,0,0,0,0,19,6,E01031591,-1,0,0.04114,0.95886,-1,3,70,1,6,1,06:51,2,2,19
2023332300448,2023,332300448,1,1,3,1,58,9,2,5,1,0,0,0,0,9,E01026301,-1,0,1.0,0.0,-1,6,30,1,1,1,10:10,7,1,9
2023421365847,2023,421365847,1,1,3,2,30,6,3,1,1,0,0,0,0,2,E01021872,3,1,0.0,1.0,-1,6,30,1,4,1,20:02,5,1,9
2023010451802,2023,010451802,1,1,1,1,29,6,3,0,0,0,0,0,1,3,E01001045,-1,0,0.0,1.0,-1,6,20,1,1,1,18:50,2,2,1
2023010428004,2023,010428004,1,3,2,2,22,5,3,0,0,2,0,0,9,3,E01002554,-1,0,0.0,1.0,-1,2,20,8,4,1,00:00,6,2,9
2023010436210,2023,010436210,1,1,1,2,41,7,3,0,0,0,0,0,9,2,E01000025,-1,0,0.0,1.0,-1,9,30,1,1,1,16:15,5,2,9
2023041350189,2023,041350189,1,1,2,1,18,4,2,0,0,2,0,0,9,-1,-1,7,1,1.0,0.0,-1,6,60,1,6,1,21:20,5,1,9
2023061306832,2023,061306832,2,1,2,2,23,5,2,0,0,2,0,0,9,-1,-1,5,1,1.0,0.0,-1,6,30,1,1,1,18:11,6,4,9
2023131299935,2023,131299935,2,1,1,2,44,7,2,0,0,0,0,0,9,5,E01011114,7,1,1.0,0.0,-1,3,40,1,1,1,15:26,1,2,9
2023131350561,2023,131350561,2,1,1,1,49,8,3,0,0,0,0,0,9,1,E01011084,3,1,0.0,1.0,-1,6,30,1,4,1,22:40,6,3,9
2023548806923,2023,548806923,1,1,1,2,35,6,3,0,0,0,0,0,9,9,E01032207,-1,0,0.06032,0.93968,-1,3,70,1,1,1,22:09,1,3,9
2023061284437,2023,061284437,2,1,1,1,27,6,3,0,0,0,0,0,1,5,E01005943,3,1,0.0,1.0,-1,6,30,8,1,-1,12:05,6,2,1
2023361344757,2023,361344757,2,1,1,1,-1,-1,2,0,0,0,0,0,1,2,E01026805,7,1,1.0,0.0,-1,6,30,9,1,-1,17:00,1,2,1
2023302300084,2023,302300084,1,1,1,1,26,6,2,0,0,0,0,0,3,9,E01019615,-1,0,1.0,0.0,-1,6,60,1,1,2,16:05,1,1,3
2023201384449,2023,201384449,1,1,1,1,45,7,3,0,0,0,0,0,9,1,E01014647,3,1,0.0,1.0,-1,6,30,1,1,2,17:30,3,2,9
2023440242110,2023,440242110,1,2,2,2,52,8,3,0,0,1,0,0,9,7,E01002569,-1,0,0.11176,0.88824,-1,3,70,1,1,1,11:22,1,1,9
2023332301229,2023,332301229,1,1,2,2,-1,-1,3,0,0,0,4,0,11,7,E01025946,-1,0,0.00366,0.99634,-1,6,30,1,1,-1,11:58,2,2,11
2023010480338,2023,010480338,2,1,1,1,37,7,3,0,0,0,0,0,1,2,E01003324,-1,0,0.0,1.0,-1,6,20,2,7,2,18:07,1,2,1
2023421304568,2023,421304568,2,1,1,1,30,6,2,0,0,0,0,0,3,2,E01022046,7,1,1.0,0.0,-1,6,60,1,1,1,16:49,6,2,3
2023010465052,2023,010465052,1,1,1,1,49,8,3,0,0,0,0,0,3,5,E01003484,-1,0,0.0,1.0,-1,6,30,1,4,1,19:18,7,2,3
2023170M30463,2023,170M30463,2,1,1,1,47,8,3,0,0,0,0,0,9,1,E01012011,-1,0,0.04489,0.95511,-1,6,30,1,1,1,08:39,3,2,9
2023471291794,2023,471291794,2,3,2,2,27,6,3,0,0,1,0,0,9,4,E01024429,3,1,0.0,1.0,-1,6,60,2,1,2,12:07,3,2,9
2023991355730,2023,991355730,1,1,1,1,56,9,3,0,0,0,0,0,9,1,-1,3,1,0.0,1.0,-1,6,60,1,1,2,13:00,1,1,9
2023622300624,2023,622300624,1,1,1,1,39,7,3,0,0,0,0,0,19,2,W01001210,-1,0,0.03987,0.96013,-1,6,30,2,4,2,22:31,4,1,19
2023471373170,2023,471373170,1,1,3,2,10,2,2,1,3,0,0,0,0,2,E01021049,7,1,1.0,0.0,-1,6,30,1,4,1,18:30,6,1,9
2023631316027,2023,631316027,1,1,2,2,78,11,2,0,0,1,0,0,9,5,W01000728,6,1,1.0,0.0,-1,6,30,1,1,1,16:05,4,1,9
2023010421031,2023,010421031,1,1,2,2,30,6,3,0,0,0,0,0,19,2,E01003320,-1,0,0.0,1.0,-1,6,20,8,7,9,19:15,3,1,19
2023520301184,2023,520301184,1,1,3,1,20,4,2,8,9,0,0,0,0,5,E01029144,-1,0,1.0,0.0,-1,6,30,1,4,2,05:56,1,1,9
2023411350339,2023,411350339,1,1,1,1,-1,-1,2,0,0,0,0,0,5,9,E01023477,7,1,1.0,0.0,-1,6,60,1,1,1,11:02,7,2,5
2023010462056,2023,010462056,1,1,1,1,31,6,3,0,0,0,0,0,9,6,E01004109,-1,0,0.0,1.0,-1,3,30,1,1,1,13:30,4,2,9
2023101314149,2023,101314149,2,1,1,2,71,10,3,0,0,0,0,0,9,4,E01027375,3,1,0.0,1.0,-1,6,60,1,1,1,12:00,2,2,9
2023161280242,2023,161280242,1,1,1,1,35,6,3,0,0,0,0,0,9,1,E01012779,3,1,0.0,1.0,-1,3,70,1,1,1,07:45,4,2,9
2023421294909,2023,421294909,2,2,2,2,26,6,3,0,0,1,0,0,9,-1,-1,3,1,0.0,1.0,-1,3,70,1,6,1,23:36,7,2,9
2023430540632,2023,430540632,1,1,3,2,74,10,2,5,1,0,0,0,0,5,E01017913,-1,0,1.0,0.0,-1,6,30,1,5,1,18:29,6,1,9
2023010460044,2023,010460044,1,1,1,1,30,6,3,0,0,0,0,0,3,2,E01000129,-1,0,0.0,1.0,-1,7,30,1,1,1,11:05,6,2,3
2023201305717,2023,201305717,2,1,1,2,26,6,3,0,0,0,0,0,3,2,E01009641,3,1,0.0,1.0,-1,6,30,1,1,1,07:30,5,2,3
2023010443816,2023,010443816,1,1,2,1,29,6,3,0,0,2,0,0,8,4,E01004668,-1,0,0.0,1.0,-1,2,20,1,4,1,01:30,6,1,8
2023221383157,2023,221383157,1,1,1,2,33,6,3,0,0,0,0,0,9,6,E01032188,3,1,0.0,1.0,-1,6,30,1,4,1,19:45,3,1,9
2023361301416,2023,361301416,1,1,1,2,27,6,3,0,0,0,0,0,9,6,E01026430,3,1,0.0,1.0,-1,6,60,1,1,1,07:35,5,1,9
2023361381536,2023,361381536,2,3,1,2,24,5,3,0,0,0,0,0,9,4,E01026661,3,1,0.0,1.0,-1,6,60,8,6,4,20:31,6,2,9
2023401380362,2023,401380362,1,2,2,2,36,7,3,0,0,1,0,0,9,3,E01017453,3,1,0.0,1.0,-1,6,30,1,1,1,18:40,7,3,9
202354A674523,2023,54A674523,2,2,1,2,17,4,3,0,0,0,0,0,9,9,E01032682,-1,0,0.0149,0.9851,-1,6,40,1,1,1,14:58,1,3,9
2023010436164,2023,010436164,1,1,2,2,24,5,3,0,0,0,0,0,10,2,E01001712,-1,0,0.0,1.0,-1,6,20,2,1,2,12:15,5,3,10
2023430502111,2023,430502111,2,2,1,1,53,8,3,0,0,0,0,0,20,3,E01016377,-1,0,0.07512,0.92488,-1,6,40,2,1,2,08:05,4,2,20
2023010470159,2023,010470159,1,1,1,1,33,6,3,0,0,0,0,0,3,3,E01004031,-1,0,0.0,1.0,-1,6,30,1,1,1,13:46,5,2,3
2023622300779,2023,622300779,1,1,1,2,19,4,3,0,0,0,0,0,3,5,W01000627,-1,0,0.18244,0.81756,-1,6,60,1,6,2,22:38,2,1,3
2023351277627,2023,351277627,2,1,2,1,7,2,3,0,0,-1,0,0,9,5,E01018212,3,1,0.0,1.0,-1,7,30,1,1,-1,13:00,7,2,9
2023052301454,2023,052301454,1,3,2,1,35,6,3,0,0,0,4,0,11,7,E01005856,-1,0,0.0807,0.9193,-1,6,20,1,1,1,22:31,2,1,11
2023122300471,2023,122300471,2,2,2,2,51,8,3,0,0,1,0,0,9,3,E01027612,-1,0,0.05054,0.94946,-1,6,60,1,1,1,15:00,7,2,9
2023122301161,2023,122301161,1,2,2,2,27,6,3,0,0,1,0,0,9,-1,-1,-1,0,0.03654,0.96346,-1,3,30,8,1,1,18:45,3,2,9
2023451276310,2023,451276310,2,2,2,2,53,8,3,0,0,1,0,0,9,8,E01002990,3,1,0.0,1.0,-1,3,70,1,4,1,19:10,3,2,9
2023010423753,2023,010423753,2,1,1,1,39,7,2,0,0,0,0,0,1,1,E01000508,-1,0,1.0,0.0,-1,6,30,2,4,2,02:23,6,2,1
2023010453546,2023,010453546,1,1,1,2,40,7,2,0,0,0,0,0,1,3,E01033593,-1,0,1.0,0.0,-1,6,20,1,1,1,12:50,5,2,1
2023991290113,2023,991290113,1,1,1,1,23,5,3,0,0,0,0,0,1,-1,-1,3,1,0.0,1.0,-1,6,30,1,1,2,17:40,5,3,1
2023131387800,2023,131387800,1,1,1,1,51,8,3,0,0,0,0,0,9,1,E01010744,3,1,0.0,1.0,-1,3,30,2,4,2,18:35,3,2,9
2023411324335,2023,411324335,2,1,1,2,38,7,3,0,0,0,0,0,9,9,E01023442,3,1,0.0,1.0,-1,6,40,1,1,1,16:21,2,2,9
2023471274901,2023,471274901,2,1,1,1,78,11,1,0,0,0,0,0,9,4,E01031596,1,1,0.0,0.0,-1,6,30,1,1,2,11:10,5,3,9
2023471367986,2023,471367986,2,2,2,2,10,2,3,0,0,2,0,0,9,3,E01016922,3,1,0.0,1.0,-1,1,60,1,1,1,13:30,6,2,9
2023610016823,2023,610016823,1,1,1,1,21,5,2,0,0,1,0,0,9,3,E01024567,-1,0,1.0,0.0,-1,3,70,1,4,1,23:20,6,2,9
2023991380637,2023,991380637,3,1,1,1,68,10,3,0,0,0,0,0,9,9,-1,3,1,0.0,1.0,-1,3,70,1,6,1,23:12,4,3,9
2023010422317,2023,010422317,1,1,1,1,35,6,3,0,0,0,0,0,3,5,E01000158,-1,0,0.0,1.0,-1,2,20,9,7,1,22:20,4,2,3
2023552300426,2023,552300426,1,1,1,1,18,4,3,0,0,0,0,0,1,8,E01015322,-1,0,0.07467,0.92533,-1,6,30,1,1,1,14:08,5,2,1
2023221333632,2023,221333632,1,1,1,1,72,10,2,0,0,0,0,0,9,5,E01014062,5,1,1.0,0.0,-1,6,60,1,1,2,15:07,6,1,9
2023451392465,2023,451392465,1,2,2,2,33,6,3,0,0,1,0,0,9,7,E01032829,3,1,0.0,1.0,-1,3,30,2,1,2,11:22,4,2,9
2023622300535,2023,622300535,1,1,1,2,23,5,3,0,0,0,0,0,9,1,W01001266,-1,0,0.04886,0.95114,-1,6,60,1,1,1,07:50,6,2,9
2023991350738,2023,991350738,1,1,1,1,69,10,3,0,0,0,0,0,9,7,-1,3,1,0.0,1.0,-1,6,30,1,1,1,16:00,7,1,9
2023311382589,2023,311382589,1,1,3,1,40,7,2,9,5,0,0,0,0,5,E01028142,7,1,1.0,0.0,-1,6,30,2,4,2,19:11,2,1,9
2023361338279,2023,361338279,1,1,3,1,43,7,3,6,9,0,0,0,0,5,E01026738,3,1,0.0,1.0,-1,6,60,1,1,1,15:00,6,1,9
2023401286197,2023,401286197,2,1,1,2,51,8,3,0,0,0,0,0,9,7,E01017516,3,1,0.0,1.0,-1,1,40,1,1,1,13:50,4,2,9
2023010437467,2023,010437467,1,2,1,2,51,8,3,0,0,0,0,0,9,1,E01001634,-1,0,0.0,1.0,-1,6,20,2,4,2,22:04,6,2,9
2023122300694,2023,122300694,2,1,1,1,74,10,3,0,0,0,0,0,9,8,E01027656,-1,0,0.04288,0.95712,-1,6,30,1,1,1,09:20,5,2,9
2023131265999,2023,131265999,1,1,1,1,76,11,2,0,0,0,0,0,9,9,E01011170,6,1,1.0,0.0,-1,6,30,8,1,3,11:20,6,2,9
2023131317286,2023,131317286,2,1,1,1,30,6,3,0,0,0,0,0,9,4,E01010848,3,1,0.0,1.0,-1,6,30,1,1,1,20:52,7,2,9
2023141305862,2023,141305862,1,1,1,1,21,5,3,0,0,0,0,0,9,-1,-1,3,1,0.0,1.0,-1,6,30,1,1,1,11:40,6,2,9
2023311316953,2023,311316953,1,1,1,2,40,7,3,0,0,0,0,0,9,1,E01026150,3,1,0.0,1.0,-1,6,60,1,1,1,16:21,6,2,9
2023320798611,2023,320798611,1,1,1,2,39,7,3,0,0,0,0,0,9,4,E01026077,-1,0,0.12203,0.87797,-1,6,60,8,6,2,02:06,1,1,9
2023461383578,2023,461383578,2,2,1,1,28,6,2,0,0,0,0,0,9,6,E01032807,5,1,1.0,0.0,-1,6,50,1,7,1,19:46,5,2,9
2023552400002,2023,552400002,1,1,1,1,19,4,2,0,0,0,0,0,9,6,E01020490,-1,0,1.0,0.0,-1,6,60,5,6,1,20:17,7,2,9
2023041360317,2023,041360317,1,1,3,1,12,3,3,1,3,0,0,0,0,2,E01025059,3,1,0.0,1.0,-1,3,30,1,6,1,18:24,4,1,9
2023052301290,2023,052301290,1,1,3,1,20,4,3,8,5,0,0,0,0,1,E01006760,-1,0,0.17166,0.82834,-1,3,30,1,4,1,01:00,1,1,9
2023991390476,2023,991390476,1,1,3,2,51,8,3,6,9,0,0,0,0,2,-1,3,1,0.0,1.0,-1,6,30,1,1,1,08:50,6,1,9
2023361294359,2023,361294359,1,1,1,1,25,5,3,0,0,0,0,0,5,2,E01026858,3,1,0.0,1.0,-1,6,30,1,1,1,13:34,3,2,5
2023061276234,2023,061276234,4,3,1,1,38,7,3,0,0,0,0,0,9,4,E01005309,3,1,0.0,1.0,-1,6,30,1,1,1,14:57,3,6,9
2023201320650,2023,201320650,2,6,2,1,47,8,3,0,0,1,0,0,9,3,E01009232,3,1,0.0,1.0,-1,6,30,1,1,1,18:59,4,2,9
2023471353751,2023,471353751,1,1,1,2,23,5,2,0,0,0,0,0,9,4,E01031573,7,1,1.0,0.0,-1,3,70,1,1,1,07:13,5,2,9
2023501362863,2023,501362863,1,1,1,1,36,7,3,0,0,0,0,0,9,4,E01020290,3,1,0.0,1.0,-1,6,60,1,1,2,10:02,7,2,9
2023531335511,2023,531335511,2,1,2,1,42,7,3,0,0,1,0,0,9,7,E01022224,3,1,0.0,1.0,-1,6,60,2,1,2,19:55,1,3,9
2023991390281,2023,991390281,2,2,1,2,67,10,2,0,0,0,0,0,9,9,-1,7,1,1.0,0.0,-1,6,60,5,1,2,09:30,2,2,9
2023610039523,2023,610039523,1,1,1,1,23,5,2,0,0,0,0,0,9,6,W01000539,-1,0,1.0,0.0,-1,6,60,2,1,2,06:43,7,1,9
2023010439977,2023,010439977,1,1,1,2,44,7,3,0,0,0,0,0,1,3,E01003618,-1,0,0.0,1.0,-1,9,30,1,1,1,15:45,4,2,1
2023010441118,2023,010441118,1,1,1,-1,22,5,3,0,0,0,0,0,1,2,E01003125,-1,0,0.0,1.0,-1,9,30,9,1,9,08:25,7,2,1
2023111369669,2023,111369669,1,1,1,1,12,3,3,0,0,0,0,0,-1,-1,-1,3,1,0.0,1.0,-1,6,30,7,1,1,08:15,2,2,-1
2023991390956,2023,991390956,1,1,3,2,59,9,3,5,3,0,0,0,0,5,-1,3,1,0.0,1.0,-1,6,30,5,6,2,08:30,5,1,9
2023061303738,2023,061303738,2,1,1,1,44,7,3,0,0,0,0,0,1,-1,-1,3,1,0.0,1.0,-1,6,30,1,1,1,12:30,4,2,1
2023361290480,2023,361290480,2,1,2,2,41,7,3,0,0,1,0,0,9,-1,-1,3,1,0.0,1.0,-1,6,60,1,1,1,16:30,7,2,9
2023440081707,2023,440081707,1,1,1,2,35,6,3,0,0,0,0,0,9,5,E01022579,-1,0,0.09139,0.90861,-1,6,50,1,6,2,06:31,3,1,9
2023461367139,2023,461367139,1,2,2,2,18,4,3,0,0,2,0,0,8,3,E01024291,3,1,0.0,1.0,-1,3,30,1,1,1,07:49,4,1,8
2023411350290,2023,411350290,1,1,1,2,72,10,3,0,0,0,0,0,9,5,E01023631,3,1,0.0,1.0,-1,7,70,1,1,1,08:58,3,2,9
2023451265927,2023,451265927,1,1,2,1,17,4,2,0,0,1,0,0,9,6,E01003449,5,1,1.0,0.0,-1,3,40,1,4,4,03:47,6,2,9
2023471384585,2023,471384585,1,3,2,1,14,3,2,0,0,2,0,0,9,5,E01022616,7,1,1.0,0.0,-1,3,60,1,1,2,14:48,6,1,9
2023131384424,2023,131384424,1,1,3,1,45,7,3,5,2,0,0,2,0,3,E01010836,3,1,0.0,1.0,-1,6,30,2,4,2,18:10,5,1,9
2023111381565,2023,111381565,1,1,1,2,55,8,3,0,0,0,0,0,9,1,E01033466,3,1,0.0,1.0,-1,6,30,2,4,2,16:46,2,2,9
2023471302154,2023,471302154,2,1,1,1,58,9,3,0,0,0,0,0,9,2,E01016993,3,1,0.0,1.0,-1,3,70,1,6,1,01:45,7,2,9
2023991333776,2023,991333776,2,3,1,1,37,7,3,0,0,0,0,0,9,2,-1,3,1,0.0,1.0,-1,9,60,1,1,1,15:42,4,3,9
2023201385593,2023,201385593,1,1,3,1,39,7,3,6,9,0,0,2,0,1,E01010370,3,1,0.0,1.0,-1,6,20,1,1,1,15:10,7,1,9
2023010459575,2023,010459575,1,1,1,2,61,9,3,0,0,0,0,0,9,6,E01002241,-1,0,0.0,1.0,-1,1,40,8,1,1,12:05,6,2,9
2023052301531,2023,052301531,1,1,2,2,22,5,3,0,0,1,0,0,9,3,E01005139,-1,0,0.06631,0.93369,-1,3,40,1,1,1,19:00,4,2,9
2023201393064,2023,201393064,1,1,1,1,83,11,3,0,0,0,0,0,9,6,E01010082,3,1,0.0,1.0,-1,6,30,2,1,2,12:10,6,2,9
2023320056173,2023,320056173,1,1,2,2,37,7,3,0,0,1,0,0,9,9,E01026194,-1,0,0.16223,0.83777,-1,6,60,1,6,1,00:30,7,1,9
2023451360595,2023,451360595,1,2,2,2,60,9,3,0,0,1,0,0,9,6,E01030842,3,1,0.0,1.0,-1,6,30,1,4,1,19:00,7,2,9
2023501392808,2023,501392808,2,1,1,1,38,7,3,0,0,0,0,0,22,6,E01015252,3,1,0.0,1.0,-1,6,30,1,1,1,13:04,5,2,22
2023041329774,2023,041329774,1,1,3,2,9,2,2,8,2,0,0,0,0,1,E01033224,5,1,1.0,0.0,-1,6,30,1,1,1,17:15,5,1,9
2023231345414,2023,231345414,2,1,1,1,50,8,3,0,0,0,0,0,1,8,E01031284,3,1,0.0,1.0,-1,6,40,1,1,1,12:20,4,2,1
2023061381081,2023,061381081,4,3,1,1,25,5,3,0,0,0,0,0,9,1,E01005197,3,1,0.0,1.0,-1,6,40,1,4,2,16:58,5,4,9
2023440244733,2023,440244733,1,1,1,1,41,7,3,0,0,0,0,0,9,10,E01016329,-1,0,0.02111,0.97889,-1,6,60,1,1,1,17:00,2,2,9
202354C523823,2023,54C523823,1,1,1,1,18,4,3,0,0,0,0,0,9,5,E01015519,-1,0,0.09377,0.90623,-1,6,30,1,5,2,21:53,7,1,9
2023010434203,2023,010434203,1,2,2,1,4,1,3,0,0,0,4,0,11,1,E01004005,-1,0,0.0,1.0,-1,6,30,1,1,1,11:25,7,1,11
2023471377061,2023,471377061,1,1,3,2,30,6,2,5,1,0,0,0,0,4,E01001041,5,1,1.0,0.0,-1,6,30,1,1,1,07:44,3,1,11
2023991272283,2023,991272283,2,1,1,1,59,9,3,0,0,0,0,0,1,10,-1,3,1,0.0,1.0,-1,6,20,1,4,2,18:30,3,2,1
2023221287566,2023,221287566,1,1,1,1,64,9,3,0,0,0,0,0,9,5,E01028828,3,1,0.0,1.0,-1,6,60,3,1,3,06:42,6,1,9
2023101332801,2023,101332801,3,6,2,2,7,2,3,0,0,2,0,0,9,9,E01027549,3,1,0.0,1.0,-1,6,60,1,1,1,09:58,2,4,9
2023122300725,2023,122300725,2,1,1,1,31,6,3,0,0,0,0,0,9,8,E01027680,-1,0,0.02288,0.97712,-1,6,30,1,1,1,07:59,2,2,9
2023122301305,2023,122301305,1,1,1,1,71,10,3,0,0,0,0,0,9,7,E01025180,-1,0,0.07382,0.92618,-1,6,60,1,1,1,11:52,1,2,9
2023201328092,2023,201328092,2,2,2,2,33,6,3,0,0,2,0,0,9,8,E01010507,3,1,0.0,1.0,-1,6,30,1,1,1,17:44,4,2,9
2023531345285,2023,531345285,1,1,1,1,-1,-1,3,0,0,0,0,0,1,-1,-1,3,1,0.0,1.0,-1,6,30,1,1,1,17:38,5,2,1
2023461386390,2023,461386390,2,1,1,1,51,8,3,0,0,0,0,0,5,1,E01016031,3,1,0.0,1.0,-1,6,30,8,6,2,21:16,6,2,5
2023201301875,2023,201301875,1,1,1,1,47,8,3,0,0,0,0,0,9,5,E01009939,3,1,0.0,1.0,-1,1,30,1,4,1,22:00,4,2,9
2023991340079,2023,991340079,1,1,1,2,27,6,3,0,0,0,0,0,9,2,-1,3,1,0.0,1.0,-1,6,30,1,1,1,20:13,4,1,9
2023211263179,2023,211263179,1,1,2,2,29,6,2,0,0,0,0,0,19,-1,-1,7,1,1.0,0.0,-1,6,30,1,4,1,21:45,6,2,19
2023010461102,2023,010461102,2,1,1,1,37,7,3,0,0,0,0,0,1,4,E01001724,-1,0,0.0,1.0,-1,6,20,1,1,1,19:05,5,2,1
2023101302237,2023,101302237,2,1,1,2,38,7,3,0,0,0,0,0,9,2,E01008232,3,1,0.0,1.0,-1,6,30,1,1,1,19:50,5,2,9
2023131288410,2023,131288410,1,1,3,2,15,3,2,10,2,0,0,1,0,5,E01010795,7,1,1.0,0.0,-1,6,30,2,7,2,17:30,4,1,19
2023010434233,2023,010434233,2,1,2,2,51,8,3,0,0,1,0,0,9,3,E01001547,-1,0,0.0,1.0,-1,6,30,1,1,2,17:25,7,2,9
2023041324190,2023,041324190,1,2,2,2,16,4,3,0,0,2,0,0,9,3,E01010988,3,1,0.0,1.0,-1,6,50,2,1,2,18:09,4,2,9
2023991261458,2023,991261458,2,3,2,2,83,11,2,0,0,1,0,0,9,10,-1,5,1,1.0,0.0,-1,6,30,2,1,2,08:15,3,3,9
202360A033509,2023,60A033509,3,1,1,1,28,6,3,0,0,0,0,0,5,-1,-1,-1,0,0.23129,0.76871,-1,6,60,1,1,1,15:00,3,3,5
2023052302942,2023,052302942,1,1,3,1,4,1,3,5,1,0,0,0,0,5,E01006475,-1,0,0.13851,0.86149,-1,6,30,1,1,1,14:10,7,1,9
2023131368073,2023,131368073,1,1,3,2,21,5,2,10,1,0,0,2,0,8,E01032922,7,1,1.0,0.0,-1,6,30,2,4,2,22:15,7,1,9
2023461385265,2023,461385265,1,1,3,2,71,10,2,6,9,0,0,0,0,9,E01016104,7,1,1.0,0.0,-1,6,30,1,1,1,14:50,4,1,9
2023010419324,2023,010419324,2,1,1,1,30,6,3,0,0,0,0,0,1,1,E01004675,-1,0,0.0,1.0,-1,6,20,1,1,1,13:00,2,2,1
2023010428084,2023,010428084,1,1,1,2,79,11,2,0,0,0,0,0,9,10,E01021570,-1,0,1.0,0.0,-1,3,70,1,4,1,18:52,1,6,9
2023010431681,2023,010431681,1,1,1,1,45,7,3,0,0,0,0,0,9,1,E01004285,-1,0,0.0,1.0,-1,3,20,2,4,2,19:00,7,2,9
2023471343852,2023,471343852,2,1,1,2,30,6,3,0,0,0,0,0,9,6,E01031472,3,1,0.0,1.0,-1,6,20,1,1,1,18:00,7,2,9
2023631350982,2023,631350982,1,1,2,1,18,4,3,0,0,1,0,0,9,6,W01000701,3,1,0.0,1.0,-1,6,60,1,1,2,16:35,1,1,9
2023101338492,2023,101338492,2,1,2,2,71,10,3,0,0,0,4,0,11,2,E01008512,3,1,0.0,1.0,-1,6,20,1,1,1,18:00,4,2,11
2023430136126,2023,430136126,2,1,1,2,50,8,3,0,0,0,0,0,9,5,E01028605,-1,0,0.00548,0.99452,-1,1,30,1,1,1,07:06,2,2,9
2023471312215,2023,471312215,1,1,2,2,83,11,3,0,0,1,0,0,9,9,E01031458,3,1,0.0,1.0,-1,6,30,1,1,1,13:20,6,2,9
2023010444394,2023,010444394,1,1,1,1,27,6,3,0,0,0,0,0,1,4,E01004591,-1,0,0.0,1.0,-1,6,20,1,1,1,08:30,2,2,1
2023221280488,2023,221280488,2,1,2,2,16,4,3,0,0,2,0,0,9,-1,-1,3,1,0.0,1.0,-1,6,60,1,1,2,15:36,6,2,9
2023440315127,2023,440315127,1,1,1,2,23,5,3,0,0,0,0,0,9,2,E01033347,-1,0,0.1166,0.8834,-1,6,60,1,1,2,11:01,7,3,9
2023622300182,2023,622300182,1,1,1,2,76,11,3,0,0,0,0,0,9,5,W01001161,-1,0,0.04957,0.95043,-1,6,30,1,1,1,15:57,3,1,9
2023991312433,2023,991312433,2,2,2,1,34,6,3,0,0,1,0,0,9,-1,-1,3,1,0.0,1.0,-1,6,30,1,1,1,19:00,1,2,9
2023010433745,2023,010433745,2,1,1,1,24,5,3,0,0,0,0,0,3,6,E01003378,-1,0,0.0,1.0,-1,6,30,1,1,1,11:40,5,2,3
2023131383537,2023,131383537,1,1,3,1,83,11,3,8,7,0,0,1,0,1,E01010928,3,1,0.0,1.0,-1,6,30,1,1,2,12:40,4,1,9
2023231280834,2023,231280834,1,1,3,2,58,9,3,5,3,0,0,0,0,2,E01031097,3,1,0.0,1.0,-1,6,20,1,1,1,10:20,5,1,9
2023522301382,2023,522301382,1,1,1,1,20,4,3,0,0,0,0,0,4,1,E01014800,-1,0,0.04766,0.95234,-1,3,40,1,1,1,15:45,6,2,4
2023461320647,2023,461320647,2,1,1,2,63,9,3,0,0,0,0,0,9,2,E01024247,3,1,0.0,1.0,-1,1,70,1,1,1,08:45,2,2,9
2023531359518,2023,531359518,2,1,1,2,68,10,2,0,0,0,0,0,9,8,E01022352,7,1,1.0,0.0,-1,6,60,1,1,1,16:28,4,2,9
2023520300610,2023,520300610,2,64,2,1,27,6,2,0,0,0,4,0,11,-1,-1,-1,0,1.0,0.0,-1,6,40,1,6,4,06:00,3,3,11
2023471367283,2023,471367283,1,1,1,1,39,7,3,0,0,0,0,0,19,4,E01021224,3,1,0.0,1.0,-1,3,60,1,1,1,06:50,4,3,19
2023010429369,2023,010429369,1,1,1,1,49,8,3,0,0,0,0,0,9,7,E01004166,-1,0,0.0,1.0,-1,9,30,9,1,9,07:10,7,2,9
2023010465927,2023,010465927,1,1,2,2,91,11,3,0,0,0,4,0,11,10,E01000449,-1,0,0.0,1.0,-1,6,20,1,1,1,14:00,5,1,11
2023430135038,2023,430135038,1,1,3,1,54,8,1,4,1,0,0,0,0,10,E01028599,-1,0,0.0,0.0,-1,6,50,1,1,1,12:10,2,1,90