collision_index,collision_year,collision_ref_no,vehicle_reference,casualty_reference,casualty_class,sex_of_casualty,age_of_casualty,age_band_of_casualty,casualty_severity,pedestrian_location,pedestrian_movement,car_passenger,bus_or_coach_passenger,pedestrian_road_maintenance_worker,casualty_type,casualty_imd_decile,lsoa_of_casualty,enhanced_casualty_severity,casualty_injury_based,casualty_adjusted_severity_serious,casualty_adjusted_severity_slight,casualty_distance_banding,road_type,speed_limit,weather_conditions,light_conditions,road_surface_conditions,time,day_of_week,number_of_vehicles,vehicle_type
2023010483336,2023,010483336,1,1,1,1,41,7,3,0,0,0,0,0,5,6,E01002933,-1,0,0.0,1.0,-1,9,20,1,4,1,00:20,6,2,5
2023041375469,2023,041375469,1,1,1,1,31,6,2,0,0,0,0,0,5,10,E01025414,7,1,1.0,0.0,-1,3,50,1,4,1,20:14,4,1,5
2023610044023,2023,610044023,1,3,2,2,63,9,2,0,0,1,0,0,9,4,W01001424,-1,0,1.0,0.0,-1,3,70,2,1,5,13:30,5,2,9
2023201419580,2023,201419580,2,1,1,1,63,9,3,0,0,0,0,0,1,3,E01008945,3,1,0.0,1.0,-1,6,30,1,5,2,19:14,2,2,1
2023302301934,2023,302301934,2,2,1,1,31,6,3,0,0,0,0,0,8,7,E01019528,-1,0,0.03709,0.96291,-1,6,30,1,4,1,18:24,4,2,8
2023010469393,2023,010469393,1,1,1,2,42,7,3,0,0,0,0,0,9,4,E01000485,-1,0,0.0,1.0,-1,3,20,1,1,1,17:05,1,1,9
2023332301213,2023,332301213,1,1,1,2,25,5,3,0,0,0,0,0,9,6,E01025995,-1,0,0.01288,0.98712,-1,6,30,1,4,1,17:10,4,2,9
2023440329869,2023,440329869,1,1,1,2,46,8,3,0,0,0,0,0,9,2,E01017216,-1,0,0.01722,0.98278,-1,6,30,1,1,1,17:03,3,2,9
2023430174698,2023,430174698,2,1,1,1,45,7,3,0,0,0,0,0,9,4,E01015580,-1,0,0.00356,0.99644,-1,6,30,1,1,1,07:35,6,2,9
2023041284597,2023,041284597,1,2,3,2,29,6,3,9,8,0,0,0,0,8,E01025344,3,1,0.0,1.0,-1,6,60,1,1,1,15:30,1,1,9
2023461384188,2023,461384188,1,1,1,1,55,8,2,0,0,0,0,0,5,5,E01024033,7,1,1.0,0.0,-1,6,60,2,5,2,19:20,2,1,5
2023010425599,2023,010425599,2,1,1,1,58,9,3,0,0,0,0,0,9,3,E01003073,-1,0,0.0,1.0,-1,6,20,1,4,1,20:33,1,4,9
2023501392004,2023,501392004,1,4,2,1,30,6,3,0,0,2,0,0,9,8,E01020455,3,1,0.0,1.0,-1,6,60,1,1,1,12:50,7,2,9
2023631346141,2023,631346141,1,1,1,1,44,7,2,0,0,0,0,0,9,7,W01000564,6,1,1.0,0.0,-1,6,60,1,1,1,07:08,2,2,9
2023010454361,2023,010454361,1,1,3,1,69,10,3,6,9,0,0,0,0,4,E01002309,-1,0,0.0,1.0,-1,3,30,1,1,1,16:00,2,1,11
2023201343003,2023,201343003,1,1,3,1,12,3,3,1,2,0,0,0,0,3,E01009619,3,1,0.0,1.0,-1,3,30,1,1,1,08:20,3,1,9
2023061395968,2023,061395968,2,1,1,1,28,6,2,0,0,0,0,0,9,-1,-1,5,1,1.0,0.0,-1,6,30,2,7,2,21:37,7,2,9
2023461283453,2023,461283453,1,1,1,1,20,4,3,0,0,0,0,0,9,4,E01024217,3,1,0.0,1.0,-1,6,60,1,1,2,07:46,6,2,9
2023071278537,2023,071278537,1,1,1,1,50,8,3,0,0,0,0,0,1,4,E01005957,-1,0,0.16027,0.83973,-1,6,30,1,1,1,11:05,7,2,1
2023010437777,2023,010437777,1,1,1,1,61,9,3,0,0,0,0,0,9,9,E01001123,-1,0,0.0,1.0,-1,6,30,1,4,1,22:10,1,2,9
2023052301784,2023,052301784,2,3,2,2,55,8,3,0,0,1,0,0,9,1,E01006950,-1,0,0.06056,0.93944,-1,6,30,1,1,1,16:45,6,2,9
2023131293965,2023,131293965,2,2,1,1,27,6,3,0,0,0,0,0,9,3,E01011139,3,1,0.0,1.0,-1,6,30,2,1,2,12:33,4,2,9
2023471316749,2023,471316749,1,1,3,2,17,4,3,5,3,0,0,0,0,10,E01021219,3,1,0.0,1.0,-1,6,30,1,1,1,09:05,6,1,9
2023520301803,2023,520301803,2,2,1,1,82,11,2,0,0,0,0,0,4,6,E01023986,-1,0,1.0,0.0,-1,6,40,1,1,1,15:13,7,2,4
2023351386620,2023,351386620,2,1,1,2,61,9,3,0,0,0,0,0,1,6,E01017962,3,1,0.0,1.0,-1,6,20,1,4,1,07:10,6,2,1
2023122300772,2023,122300772,1,1,1,1,-1,-1,3,0,0,0,0,0,1,-1,-1,-1,0,0.0408,0.9592,-1,6,30,1,1,1,15:20,2,2,1
2023161305205,2023,161305205,2,1,1,1,15,3,3,0,0,0,0,0,1,5,E01012964,3,1,0.0,1.0,-1,3,30,1,1,1,18:39,7,2,1
2023010470141,2023,010470141,1,1,1,2,48,8,3,0,0,0,0,0,3,1,E01003291,-1,0,0.0,1.0,-1,6,20,1,1,1,09:40,5,2,3
2023010468252,2023,010468252,1,1,1,1,50,8,3,0,0,0,0,0,9,-1,-1,-1,0,0.0,1.0,-1,6,30,1,1,1,19:34,2,3,9
2023201379836,2023,201379836,1,2,2,2,22,5,3,0,0,-1,0,0,9,1,E01032204,3,1,0.0,1.0,-1,3,40,1,4,1,22:05,7,1,9
2023201389893,2023,201389893,2,2,2,2,48,8,3,0,0,1,0,0,9,5,E01009719,3,1,0.0,1.0,-1,6,30,8,4,2,00:17,1,2,9
2023340NN2902,2023,340NN2902,1,1,1,2,40,7,2,0,0,0,0,0,9,7,E01016812,-1,0,1.0,0.0,-1,6,40,1,1,1,18:20,5,2,9
2023451290054,2023,451290054,1,1,1,1,26,6,3,0,0,0,0,0,9,-1,-1,3,1,0.0,1.0,-1,3,70,1,1,1,08:13,3,2,9
2023520400661,2023,520400661,1,1,1,2,35,6,3,0,0,0,0,0,9,5,E01029314,-1,0,0.05037,0.94963,-1,6,50,1,6,1,17:07,3,3,9
2023522400543,2023,522400543,2,2,1,1,32,6,3,0,0,0,0,0,9,2,E01014568,-1,0,0.0331,0.9669,-1,6,20,1,4,1,22:56,4,2,9
2023421350242,2023,421350242,1,1,3,1,19,4,3,9,8,0,0,0,0,5,E01021994,3,1,0.0,1.0,-1,6,30,1,1,1,17:10,3,1,9
2023131360647,2023,131360647,2,3,1,1,23,5,3,0,0,0,0,0,9,1,E01010840,3,1,0.0,1.0,-1,3,70,2,4,2,22:25,2,2,9
2023501391872,2023,501391872,2,1,1,1,47,8,3,0,0,0,0,0,9,2,E01033292,3,1,0.0,1.0,-1,6,30,2,6,2,05:30,7,2,9
2023991326313,2023,991326313,1,1,1,1,36,7,2,0,0,0,0,0,9,-1,-1,7,1,1.0,0.0,-1,6,60,1,1,1,14:15,4,1,9
2023010458697,2023,010458697,1,2,3,1,4,1,3,1,3,0,0,0,0,10,E01004477,-1,0,0.0,1.0,-1,6,20,1,1,1,15:15,5,1,19
2023010461958,2023,010461958,1,2,2,1,25,5,3,0,0,1,0,0,9,9,E01021825,-1,0,0.0,1.0,-1,6,20,1,1,1,07:38,4,1,9
202360A089433,2023,60A089433,1,2,2,1,25,5,3,0,0,1,0,0,9,-1,-1,-1,0,0.11573,0.88427,-1,6,30,2,1,2,21:15,7,1,9
2023122300534,2023,122300534,1,1,3,2,45,7,3,6,9,0,0,0,0,10,E01027901,-1,0,0.03813,0.96187,-1,9,20,1,1,1,09:10,5,1,9
2023461279961,2023,461279961,1,1,1,2,44,7,3,0,0,0,0,0,9,10,E01031775,3,1,0.0,1.0,-1,6,40,1,4,2,02:40,5,1,9
2023061381854,2023,061381854,1,1,3,1,11,3,3,8,9,0,0,0,0,-1,-1,3,1,0.0,1.0,-1,3,30,1,1,1,15:28,6,1,9
2023070663118,2023,070663118,2,1,1,1,12,3,3,0,0,0,0,0,1,8,E01018440,-1,0,0.04559,0.95441,-1,9,20,9,1,1,12:00,6,2,1
2023122300289,2023,122300289,1,1,1,2,28,6,3,0,0,0,0,0,9,7,E01011873,-1,0,0.06008,0.93992,-1,3,70,2,1,2,16:00,7,1,9
2023401355159,2023,401355159,2,2,2,2,8,2,2,0,0,1,0,0,9,2,E01017474,7,1,1.0,0.0,-1,6,30,1,1,1,15:40,4,2,9
2023522301548,2023,522301548,1,1,1,1,66,10,3,0,0,0,0,0,9,3,E01014644,-1,0,0.00261,0.99739,-1,1,20,5,1,2,13:00,5,2,9
2023010430662,2023,010430662,1,1,1,2,37,7,3,0,0,0,0,0,9,3,E01003531,-1,0,0.0,1.0,-1,3,50,1,1,1,07:10,2,2,9
2023411344748,2023,411344748,1,1,1,1,82,11,3,0,0,0,0,0,9,10,E01023412,3,1,0.0,1.0,-1,1,30,1,1,1,12:45,7,1,9
2023221387586,2023,221387586,2,2,2,2,51,8,3,0,0,1,0,0,9,8,E01032317,3,1,0.0,1.0,-1,6,30,1,1,2,14:30,3,3,9
2023471330196,2023,471330196,1,1,1,1,89,11,3,0,0,0,0,0,9,8,E01021147,3,1,0.0,1.0,-1,1,60,1,1,1,12:20,2,2,9
2023010483254,2023,010483254,1,1,1,2,40,7,3,0,0,0,0,0,9,2,E01000533,-1,0,0.0,1.0,-1,1,20,1,4,2,20:50,1,2,9
2023131353343,2023,131353343,1,1,1,1,42,7,3,0,0,0,0,0,9,8,E01011714,3,1,0.0,1.0,-1,6,30,1,5,1,18:20,1,2,9
2023131365437,2023,131365437,1,1,1,2,53,8,2,0,0,0,0,0,9,1,E01011338,7,1,1.0,0.0,-1,2,30,1,1,1,13:08,7,1,9
2023440392142,2023,440392142,1,2,1,2,49,8,3,0,0,0,0,0,9,8,E01022623,-1,0,0.06077,0.93923,-1,6,30,1,4,1,21:43,2,2,9
2023610039923,2023,610039923,2,1,1,2,19,4,3,0,0,0,0,0,9,1,W01001609,-1,0,0.03781,0.96219,-1,1,30,2,4,2,22:05,1,2,9
2023010437117,2023,010437117,1,1,3,1,25,5,3,1,1,0,0,0,0,2,E01002087,-1,0,0.0,1.0,-1,6,20,2,4,2,22:55,4,1,9
2023031327093,2023,031327093,1,1,3,1,30,6,3,9,9,0,0,0,0,3,E01019171,3,1,0.0,1.0,-1,6,30,1,1,1,17:30,6,1,9
2023010458223,2023,010458223,1,1,1,1,35,6,3,0,0,0,0,0,3,2,E01002314,-1,0,0.0,1.0,-1,9,20,9,1,1,14:10,3,2,3
2023101317886,2023,101317886,1,1,1,1,32,6,3,0,0,0,0,0,9,-1,-1,3,1,0.0,1.0,-1,3,70,1,1,1,17:00,2,3,9
2023451317418,2023,451317418,1,1,1,1,17,4,2,0,0,0,0,0,3,5,E01030913,6,1,1.0,0.0,-1,6,30,1,4,1,20:37,1,1,3
2023501324897,2023,501324897,2,1,1,2,58,9,3,0,0,0,0,0,3,1,E01015075,3,1,0.0,1.0,-1,6,30,1,1,1,10:27,7,2,3
2023161322361,2023,161322361,1,1,1,1,54,8,2,0,0,0,0,0,5,4,E01012938,5,1,1.0,0.0,-1,6,60,1,1,1,17:25,7,1,5
2023201349993,2023,201349993,1,1,3,1,54,8,3,4,3,0,0,2,0,1,E01033645,3,1,0.0,1.0,-1,6,30,1,1,1,15:22,5,1,9
2023010455734,2023,010455734,2,1,1,2,32,6,3,0,0,0,0,0,1,3,E01001920,-1,0,0.0,1.0,-1,6,20,1,1,1,18:00,2,2,1
2023111358309,2023,111358309,1,1,1,1,20,4,2,0,0,0,0,0,4,4,E01020696,7,1,1.0,0.0,-1,6,40,1,4,1,22:37,1,2,4
2023010482223,2023,010482223,2,2,1,1,24,5,3,0,0,0,0,0,9,-1,-1,-1,0,0.0,1.0,-1,3,50,1,4,2,17:30,3,2,9
2023122301011,2023,122301011,2,1,1,1,68,10,3,0,0,0,0,0,9,3,E01011784,-1,0,0.08408,0.91592,-1,6,60,1,1,1,16:30,5,2,9
2023302300277,2023,302300277,1,1,1,1,19,4,3,0,0,0,0,0,9,7,E01027961,-1,0,0.06219,0.93781,-1,6,30,1,4,1,20:30,7,3,9
2023411355203,2023,411355203,1,1,1,1,27,6,3,0,0,0,0,0,9,2,E01003578,3,1,0.0,1.0,-1,7,70,1,1,1,15:03,7,3,9
2023101383651,2023,101383651,2,1,2,1,53,8,3,0,0,1,0,0,8,-1,-1,3,1,0.0,1.0,-1,1,40,1,4,2,19:56,4,2,8
2023471308589,2023,471308589,1,1,1,1,39,7,3,0,0,0,0,0,9,9,E01031704,3,1,0.0,1.0,-1,6,30,1,1,1,15:24,4,2,9
2023430190975,2023,430190975,1,1,1,2,53,8,2,0,0,0,0,0,-1,4,E01016521,-1,0,1.0,0.0,-1,6,30,1,1,1,17:00,3,2,-1
2023010459240,2023,010459240,1,1,1,1,35,6,3,0,0,0,0,0,1,6,E01004078,-1,0,0.0,1.0,-1,6,30,1,1,1,19:25,1,2,1
2023131357600,2023,131357600,2,1,1,1,13,3,3,0,0,0,0,0,1,2,E01010738,3,1,0.0,1.0,-1,6,30,1,1,1,10:45,5,2,1
2023211262692,2023,211262692,1,1,3,2,63,9,2,5,2,0,0,-1,0,-1,-1,5,1,1.0,0.0,-1,6,30,1,4,1,18:49,5,1,9
2023401363458,2023,401363458,3,2,1,1,40,7,3,0,0,0,0,0,9,6,E01015778,3,1,0.0,1.0,-1,6,30,1,1,1,07:10,2,3,9
202360A077868,2023,60A077868,1,2,1,2,47,8,3,0,0,0,0,0,9,-1,-1,-1,0,0.0259,0.9741,-1,6,30,1,1,1,15:20,4,2,9
2023131265441,2023,131265441,1,1,1,1,42,7,3,0,0,0,0,0,11,1,E01011616,3,1,0.0,1.0,-1,3,70,1,1,1,09:59,5,3,11
2023471305994,2023,471305994,1,1,1,1,22,5,1,0,0,0,0,0,9,8,E01030529,1,1,0.0,0.0,-1,6,60,1,6,1,21:05,4,3,9
2023010460775,2023,010460775,1,1,1,1,34,6,3,0,0,0,0,0,1,4,E01004495,-1,0,0.0,1.0,-1,9,30,8,1,1,17:53,3,2,1
2023070205970,2023,070205970,1,2,2,1,27,6,2,0,0,2,0,0,9,-1,-1,-1,0,1.0,0.0,-1,3,70,1,6,1,21:47,6,2,9
2023440483295,2023,440483295,2,4,2,2,19,4,3,0,0,2,0,0,9,7,E01023271,-1,0,0.08475,0.91525,-1,6,40,1,4,1,22:59,7,3,9
2023211357744,2023,211357744,2,1,1,1,17,4,3,0,0,0,0,0,3,5,E01028859,3,1,0.0,1.0,-1,6,30,1,1,1,09:05,5,2,3
2023461394173,2023,461394173,1,1,3,1,27,6,3,10,9,0,0,0,0,7,E01024802,3,1,0.0,1.0,-1,6,20,2,4,2,02:21,2,1,9
2023302301598,2023,302301598,2,1,1,1,-1,-1,3,0,0,0,0,0,1,6,E01019545,-1,0,0.06685,0.93315,-1,6,50,1,1,2,17:10,3,2,1
2023010456928,2023,010456928,1,1,1,-1,31,6,3,0,0,0,0,0,3,1,E01001507,-1,0,0.0,1.0,-1,6,20,9,1,9,19:40,3,2,3
2023141333618,2023,141333618,1,1,3,2,71,10,2,5,9,0,0,0,0,-1,-1,6,1,1.0,0.0,-1,6,30,1,1,1,12:58,4,1,9
2023231303981,2023,231303981,1,1,3,1,-1,-1,3,10,9,0,0,0,0,8,E01031112,3,1,0.0,1.0,-1,6,20,1,1,1,08:37,2,1,19
2023401281443,2023,401281443,2,1,1,1,24,5,3,0,0,0,0,0,19,6,E01022520,3,1,0.0,1.0,-1,3,70,1,1,1,11:20,3,2,19
2023010433670,2023,010433670,1,1,1,1,33,6,3,0,0,0,0,0,1,6,E01023952,-1,0,0.0,1.0,-1,6,30,8,1,1,18:10,3,2,1
2023522400778,2023,522400778,2,1,1,2,64,9,3,0,0,0,0,0,1,7,E01015010,-1,0,0.09547,0.90453,-1,6,30,2,1,2,14:09,4,2,1
2023221378665,2023,221378665,1,1,1,1,59,9,2,0,0,0,0,0,4,9,E01032207,7,1,1.0,0.0,-1,6,30,1,1,1,15:00,6,2,4
2023010424957,2023,010424957,1,1,3,1,15,3,3,5,3,0,0,0,0,3,E01001669,-1,0,0.0,1.0,-1,6,30,1,1,1,09:30,5,1,9
2023501269194,2023,501269194,1,1,3,1,7,2,3,5,3,0,0,-1,0,-1,-1,3,1,0.0,1.0,-1,6,30,1,1,1,13:00,2,1,9
2023041266109,2023,041266109,1,1,3,2,64,9,3,10,9,0,0,2,0,8,E01024946,3,1,0.0,1.0,-1,6,30,9,1,1,08:25,3,1,9
2023471334617,2023,471334617,2,1,1,2,44,7,3,0,0,0,0,0,3,6,E01031676,3,1,0.0,1.0,-1,6,30,1,1,1,17:40,7,2,3
2023010454864,2023,010454864,1,1,1,1,34,6,3,0,0,0,0,0,9,3,E01003552,-1,0,0.0,1.0,-1,3,50,1,1,1,17:27,4,3,9
2023201363756,2023,201363756,1,1,2,2,12,3,3,0,0,2,0,0,9,3,E01000481,3,1,0.0,1.0,-1,3,70,1,1,1,17:54,4,2,9
2023421291428,2023,421291428,3,2,1,1,65,9,3,0,0,0,0,0,19,9,E01021710,3,1,0.0,1.0,-1,3,70,1,1,2,13:16,3,3,19
2023421351362,2023,421351362,1,1,1,1,65,9,2,0,0,0,0,0,5,9,E01021940,7,1,1.0,0.0,-1,6,40,1,1,1,18:26,2,2,5
2023170M11403,2023,170M11403,2,2,1,2,46,8,2,0,0,0,0,0,9,9,E01012188,-1,0,1.0,0.0,-1,1,50,1,1,1,10:00,7,2,9
202354B915923,2023,54B915923,2,1,1,2,30,6,3,0,0,0,0,0,9,8,E01031868,-1,0,0.01136,0.98864,-1,6,60,1,1,1,10:07,6,2,9
2023340WN5382,2023,340WN5382,1,2,3,1,23,5,3,6,9,0,0,0,0,-1,-1,-1,0,0.15256,0.84744,-1,6,30,1,1,1,15:10,5,1,9
2023311379077,2023,311379077,2,1,1,1,18,4,3,0,0,0,0,0,3,1,E01013810,3,1,0.0,1.0,-1,6,30,1,4,1,20:00,7,2,3
2023010476749,2023,010476749,1,1,1,1,36,7,3,0,0,0,0,0,1,2,E01003580,-1,0,0.0,1.0,-1,6,20,2,4,2,07:20,3,1,1
2023351363430,2023,351363430,2,1,1,1,15,3,3,0,0,0,0,0,1,9,E01017988,3,1,0.0,1.0,-1,6,30,2,1,2,16:50,5,2,1
2023010450976,2023,010450976,1,1,1,1,29,6,3,0,0,0,0,0,3,5,E01002004,-1,0,0.0,1.0,-1,9,20,8,1,1,19:24,2,2,3
2023161352998,2023,161352998,2,2,1,1,49,8,3,0,0,0,0,0,3,2,E01012763,3,1,0.0,1.0,-1,6,30,1,1,1,17:28,6,2,3
2023351273193,2023,351273193,1,1,1,1,41,7,3,0,0,0,0,0,5,10,E01018055,3,1,0.0,1.0,-1,3,70,1,1,2,09:48,2,2,5
2023531353011,2023,531353011,2,2,2,1,39,7,1,0,0,0,0,0,90,6,E01022270,1,1,0.0,0.0,-1,6,50,1,6,1,23:34,6,2,90
2023622300916,2023,622300916,1,1,3,2,9,2,3,5,2,0,0,0,0,4,W01000753,-1,0,0.09721,0.90279,-1,6,20,1,1,1,09:16,2,1,9
2023010446707,2023,010446707,1,1,1,1,37,7,3,0,0,0,0,0,9,9,E01017585,-1,0,0.0,1.0,-1,6,30,1,1,1,17:30,1,2,9
2023622300143,2023,622300143,1,3,2,1,19,4,3,0,0,2,0,0,9,2,W01001946,-1,0,0.06966,0.93034,-1,1,40,1,4,1,22:30,3,1,9
2023471290625,2023,471290625,1,1,2,2,-1,-1,3,0,0,0,2,0,11,7,E01016936,3,1,0.0,1.0,-1,6,20,4,1,1,16:44,7,1,11
2023041388846,2023,041388846,3,4,2,1,29,6,3,0,0,2,0,0,9,3,W01000226,3,1,0.0,1.0,-1,3,70,1,4,1,16:28,6,5,9
2023311258786,2023,311258786,1,1,1,1,71,10,2,0,0,0,0,0,9,4,E01028302,6,1,1.0,0.0,-1,6,60,1,1,2,08:39,2,1,9
2023991308022,2023,991308022,1,1,1,1,25,5,2,0,0,0,0,0,9,-1,-1,7,1,1.0,0.0,-1,6,30,1,4,2,03:33,3,1,9
2023311312358,2023,311312358,1,1,1,1,36,7,3,0,0,0,0,0,9,3,E01013874,3,1,0.0,1.0,-1,3,30,1,1,1,16:42,7,2,9
2023320364526,2023,320364526,1,1,1,2,61,9,3,0,0,0,0,0,9,4,E01026366,-1,0,0.0697,0.9303,-1,6,30,1,1,1,12:50,4,2,9
2023451264970,2023,451264970,1,1,1,1,29,6,2,0,0,0,0,0,9,4,E01023144,7,1,1.0,0.0,-1,6,40,1,1,4,09:10,4,2,9
2023461275851,2023,461275851,2,3,2,2,1,1,3,0,0,2,0,0,9,-1,-1,3,1,0.0,1.0,-1,6,60,1,1,1,12:05,6,2,9
2023471304589,2023,471304589,1,1,1,1,72,10,3,0,0,0,0,0,19,3,E01017127,3,1,0.0,1.0,-1,6,60,1,1,1,13:45,5,2,19
2023221329452,2023,221329452,2,1,1,1,17,4,3,0,0,0,0,0,1,7,E01028921,3,1,0.0,1.0,-1,6,60,1,1,1,08:00,3,2,1
2023141286671,2023,141286671,1,1,2,2,71,10,2,0,0,1,0,0,9,3,E01007351,6,1,1.0,0.0,-1,6,30,1,1,1,11:54,3,1,9
2023201337025,2023,201337025,2,1,1,1,61,9,2,0,0,0,0,0,9,7,E01009613,6,1,1.0,0.0,-1,6,30,1,1,1,16:37,6,3,9
2023201414327,2023,201414327,2,1,1,2,41,7,3,0,0,0,0,0,9,7,E01009189,3,1,0.0,1.0,-1,6,30,2,5,2,23:57,7,2,9
2023010486966,2023,010486966,1,1,3,2,55,8,3,1,9,0,0,0,0,1,E01002095,-1,0,0.0,1.0,-1,9,30,9,4,9,18:23,2,1,1
2023610028623,2023,610028623,1,1,1,1,23,5,2,0,0,0,0,0,4,1,W01001441,-1,0,1.0,0.0,-1,6,30,1,1,1,15:28,2,2,4
2023501313773,2023,501313773,2,1,1,1,44,7,2,0,0,0,0,0,1,4,E01019043,7,1,1.0,0.0,-1,6,30,1,1,1,19:35,6,2,1
2023421309411,2023,421309411,2,1,1,1,22,5,3,0,0,0,0,0,5,7,E01021914,3,1,0.0,1.0,-1,1,30,1,4,1,22:01,5,2,5
2023421357144,2023,421357144,2,1,1,1,24,5,3,0,0,0,0,0,3,2,E01015828,3,1,0.0,1.0,-1,6,30,1,1,1,08:15,5,2,3
2023121348847,2023,121348847,1,1,1,1,43,7,2,0,0,0,0,0,5,4,E01005730,7,1,1.0,0.0,-1,6,60,1,1,1,12:05,6,1,5
2023061319054,2023,061319054,1,1,3,1,35,6,3,4,2,0,0,0,0,-1,-1,3,1,0.0,1.0,-1,6,30,1,1,1,09:00,5,1,9
2023010438821,2023,010438821,1,1,1,1,34,6,3,0,0,0,0,0,9,4,E01000618,-1,0,0.0,1.0,-1,3,30,1,1,1,12:10,7,5,9
2023501300265,2023,501300265,1,1,1,1,35,6,3,0,0,0,0,0,9,5,E01020308,3,1,0.0,1.0,-1,6,30,1,7,1,21:20,1,3,9
2023991287591,2023,991287591,1,2,2,2,20,4,3,0,0,1,0,0,9,-1,-1,3,1,0.0,1.0,-1,6,30,1,1,1,13:30,4,2,9
2023201410376,2023,201410376,2,1,1,1,32,6,3,0,0,0,0,0,21,9,E01032901,3,1,0.0,1.0,-1,3,30,1,4,1,19:10,6,2,21
2023010427602,2023,010427602,1,1,3,2,45,7,3,6,9,0,0,0,0,6,E01002919,-1,0,0.0,1.0,-1,7,30,1,4,2,10:00,5,1,9
2023211331956,2023,211331956,1,1,3,1,-1,-1,3,6,8,0,0,-1,0,-1,-1,3,1,0.0,1.0,-1,6,30,1,1,1,20:00,4,1,3
2023010448425,2023,010448425,1,1,1,1,19,4,2,0,0,0,0,0,3,3,E01016454,-1,0,1.0,0.0,-1,6,20,1,4,2,22:01,1,2,3
2023461270800,2023,461270800,2,1,3,2,32,6,3,10,9,0,0,2,0,2,E01016018,3,1,0.0,1.0,-1,6,30,1,1,1,18:00,2,2,9
2023471367914,2023,471367914,1,1,3,1,6,2,3,5,2,0,0,0,0,-1,-1,3,1,0.0,1.0,-1,6,30,1,1,1,15:20,5,1,9
2023010468869,2023,010468869,2,1,1,1,18,4,2,0,0,0,0,0,1,-1,-1,-1,0,1.0,0.0,-1,6,20,2,4,2,23:17,5,2,1
2023471269978,2023,471269978,2,1,1,1,27,6,2,0,0,0,0,0,1,4,E01031453,5,1,1.0,0.0,-1,6,60,1,6,1,18:00,2,2,1
2023010446194,2023,010446194,2,1,1,1,38,7,3,0,0,0,0,0,3,2,E01001767,-1,0,0.0,1.0,-1,6,20,1,1,1,15:09,4,2,3
2023122300362,2023,122300362,1,1,1,1,41,7,2,0,0,0,0,0,5,3,E01011615,-1,0,1.0,0.0,-1,6,60,1,1,1,15:25,1,1,5
2023010429168,2023,010429168,1,1,1,1,22,5,3,0,0,0,0,0,9,2,E01004290,-1,0,0.0,1.0,-1,3,20,1,4,1,22:10,7,2,9
2023041265572,2023,041265572,2,2,1,1,66,10,3,0,0,0,0,0,9,9,E01025023,3,1,0.0,1.0,-1,6,20,1,1,2,12:06,3,2,9
2023131295175,2023,131295175,2,3,2,1,15,3,3,0,0,1,0,0,9,4,E01027581,3,1,0.0,1.0,-1,6,30,2,1,2,17:44,2,2,9
2023991343231,2023,991343231,2,1,1,1,47,8,3,0,0,0,0,0,9,8,-1,3,1,0.0,1.0,-1,6,40,1,4,1,19:42,2,2,9
2023010458977,2023,010458977,1,1,3,2,70,10,2,10,9,0,0,0,0,3,E01002841,-1,0,1.0,0.0,-1,2,20,1,1,1,17:12,6,1,1
2023547684923,2023,547684923,2,1,1,1,24,5,3,0,0,0,0,0,5,7,E01031848,-1,0,0.1285,0.8715,-1,6,30,1,1,1,17:11,6,2,5
2023041304810,2023,041304810,1,1,3,2,9,2,3,10,9,0,0,0,0,3,E01025294,3,1,0.0,1.0,-1,6,30,1,5,1,15:30,5,1,9
2023031311550,2023,031311550,1,1,3,1,11,3,3,10,1,0,0,0,0,-1,-1,3,1,0.0,1.0,-1,6,30,1,1,1,20:18,5,1,9
202360A084195,2023,60A084195,1,1,3,1,19,4,1,10,9,0,0,0,0,-1,-1,-1,0,0.0,0.0,-1,6,30,1,6,1,23:00,6,1,99
2023041343629,2023,041343629,1,1,1,1,43,7,3,0,0,0,0,0,1,-1,-1,3,1,0.0,1.0,-1,6,30,1,1,1,13:51,1,1,1
2023451316020,2023,451316020,1,1,1,1,40,7,2,0,0,0,0,0,1,10,E01030892,7,1,1.0,0.0,-1,6,60,1,1,1,07:44,4,1,1
2023111280828,2023,111280828,1,1,3,1,22,5,3,5,3,0,0,0,0,2,E01020805,3,1,0.0,1.0,-1,6,30,1,1,1,13:30,7,1,97
2023221275460,2023,221275460,2,2,1,1,18,4,2,0,0,0,0,0,4,2,E01032450,7,1,1.0,0.0,-1,6,30,1,1,1,15:20,4,2,4
2023010470178,2023,010470178,1,1,1,1,26,6,3,0,0,0,0,0,3,7,E01002176,-1,0,0.0,1.0,-1,6,20,1,1,1,13:01,4,2,3
2023010473167,2023,010473167,1,2,2,1,23,5,3,0,0,1,0,0,9,6,E01001597,-1,0,0.0,1.0,-1,3,20,8,4,2,18:05,6,1,9
2023041359688,2023,041359688,2,1,1,1,30,6,2,0,0,0,0,0,9,9,E01024983,7,1,1.0,0.0,-1,6,20,1,4,1,20:00,1,3,9
2023411305724,2023,411305724,2,2,1,1,72,10,3,0,0,0,0,0,9,9,E01023674,3,1,0.0,1.0,-1,1,30,2,1,2,17:51,5,2,9
2023548400923,2023,548400923,1,2,2,1,17,4,3,0,0,1,0,0,9,2,E01032062,-1,0,0.10969,0.89031,-1,6,60,1,6,1,20:44,4,1,9
2023010451185,2023,010451185,1,1,3,1,81,11,2,5,9,0,0,0,0,10,E01003805,-1,0,1.0,0.0,-1,6,20,1,1,1,16:40,7,1,9