collision_index,collision_year,collision_ref_no,vehicle_reference,casualty_reference,casualty_class,sex_of_casualty,age_of_casualty,age_band_of_casualty,casualty_severity,pedestrian_location,pedestrian_movement,car_passenger,bus_or_coach_passenger,pedestrian_road_maintenance_worker,casualty_type,casualty_imd_decile,lsoa_of_casualty,enhanced_casualty_severity,casualty_injury_based,casualty_adjusted_severity_serious,casualty_adjusted_severity_slight,casualty_distance_banding,road_type,speed_limit,weather_conditions,light_conditions,road_surface_conditions,time,day_of_week,number_of_vehicles,vehicle_type
2023461329274,2023,461329274,1,1,1,2,17,4,3,0,0,0,0,0,9,9,E01032816,3,1,0.0,1.0,-1,6,40,1,6,1,22:45,3,1,9
2023471358987,2023,471358987,2,1,1,1,55,8,3,0,0,0,0,0,9,9,E01016934,3,1,0.0,1.0,-1,3,70,1,1,1,08:17,3,2,9
2023991376172,2023,991376172,1,1,1,1,17,4,2,0,0,0,0,0,9,-1,-1,7,1,1.0,0.0,-1,6,30,2,4,2,23:30,6,1,9
2023010455338,2023,010455338,1,1,1,1,41,7,3,0,0,0,0,0,9,-1,-1,-1,0,0.0,1.0,-1,6,20,1,1,1,13:03,7,2,9
2023201453104,2023,201453104,1,1,1,-1,42,7,3,0,0,0,0,0,9,7,E01009070,3,1,0.0,1.0,-1,6,30,2,4,2,18:49,4,2,9
2023421326561,2023,421326561,2,2,2,2,25,5,3,0,0,1,0,0,9,-1,-1,3,1,0.0,1.0,-1,3,70,1,1,1,06:40,7,2,9
2023430013799,2023,430013799,2,1,1,2,34,6,3,0,0,0,0,0,9,2,E01016741,-1,0,0.01468,0.98532,-1,3,70,1,7,1,17:00,2,2,9
2023440113425,2023,440113425,1,1,1,1,74,10,3,0,0,0,0,0,9,10,E01022686,-1,0,0.16932,0.83068,-1,6,30,1,4,1,22:20,3,1,9
2023451324070,2023,451324070,1,1,1,1,21,5,3,0,0,0,0,0,19,6,E01023804,3,1,0.0,1.0,-1,6,40,1,1,2,09:20,5,2,19
2023070625603,2023,070625603,2,1,1,1,33,6,3,0,0,0,0,0,1,5,E01018626,-1,0,0.06698,0.93302,-1,6,30,1,4,2,23:00,7,2,1
2023471333115,2023,471333115,1,1,3,2,79,11,2,5,3,0,0,0,0,4,E01031473,7,1,1.0,0.0,-1,6,30,1,1,1,07:14,3,1,19
2023010466897,2023,010466897,1,1,1,1,51,8,3,0,0,0,0,0,9,3,E01000741,-1,0,0.0,1.0,-1,6,30,1,4,1,02:00,3,2,9
2023101313060,2023,101313060,1,1,1,2,18,4,3,0,0,0,0,0,9,8,E01008458,3,1,0.0,1.0,-1,6,30,1,1,1,12:22,1,2,9
2023131299675,2023,131299675,1,1,2,1,19,4,3,0,0,2,0,0,9,7,E01011393,3,1,0.0,1.0,-1,6,30,1,7,2,00:30,7,1,9
2023201397572,2023,201397572,2,2,1,1,25,5,3,0,0,0,0,0,9,3,E01010512,3,1,0.0,1.0,-1,6,30,8,1,1,16:00,6,2,9
2023471371309,2023,471371309,2,1,1,1,70,10,3,0,0,0,0,0,9,10,E01021234,3,1,0.0,1.0,-1,6,30,1,1,1,14:56,2,2,9
2023010422359,2023,010422359,2,1,1,1,27,6,3,0,0,0,0,0,3,2,E01003920,-1,0,0.0,1.0,-1,6,30,8,4,2,18:29,5,2,3
2023520400243,2023,520400243,1,1,1,2,39,7,3,0,0,0,0,0,9,5,E01029020,-1,0,0.02557,0.97443,-1,6,40,1,1,1,18:06,6,2,9
2023061285181,2023,061285181,2,1,1,-1,38,7,3,0,0,0,0,0,97,8,E01005056,3,1,0.0,1.0,-1,6,30,1,1,1,09:10,3,2,97
2023010453562,2023,010453562,1,1,1,1,41,7,3,0,0,0,0,0,1,3,E01004019,-1,0,0.0,1.0,-1,6,30,1,1,1,09:00,4,2,1
2023010458480,2023,010458480,1,1,1,1,20,4,3,0,0,0,0,0,3,3,E01003615,-1,0,0.0,1.0,-1,6,20,1,1,1,13:00,7,2,3
2023311353692,2023,311353692,1,1,1,1,85,11,3,0,0,0,0,0,9,8,E01028035,3,1,0.0,1.0,-1,6,40,1,1,1,15:15,2,1,9
2023451362441,2023,451362441,1,1,1,1,44,7,3,0,0,0,0,0,3,9,E01016575,3,1,0.0,1.0,-1,6,20,1,1,1,13:00,7,2,3
2023070388892,2023,070388892,2,3,2,1,10,2,3,0,0,2,0,0,9,2,E01018467,-1,0,0.04147,0.95853,-1,6,30,1,1,2,15:45,2,3,9
2023052300107,2023,052300107,1,1,1,1,21,5,2,0,0,0,0,0,5,1,E01007122,-1,0,1.0,0.0,-1,6,30,4,4,2,19:05,5,2,5
2023461272802,2023,461272802,1,1,3,2,17,4,3,10,9,0,0,0,0,1,E01016019,3,1,0.0,1.0,-1,3,40,1,1,1,13:20,4,1,9
2023010423951,2023,010423951,1,2,2,1,22,5,3,0,0,1,0,0,9,9,E01023811,-1,0,0.0,1.0,-1,3,70,1,4,2,23:28,6,1,9
2023141384663,2023,141384663,1,1,1,2,17,4,3,0,0,0,0,0,9,2,E01007694,3,1,0.0,1.0,-1,3,40,2,4,2,18:20,5,2,9
2023201372451,2023,201372451,1,1,2,2,30,6,3,0,0,1,0,0,9,1,E01009073,3,1,0.0,1.0,-1,6,30,1,1,2,14:25,2,2,9
2023991297591,2023,991297591,1,4,2,2,24,5,2,0,0,2,0,0,9,-1,-1,5,1,1.0,0.0,-1,6,60,1,1,1,16:32,2,2,9
2023991350508,2023,991350508,2,1,2,2,67,10,3,0,0,1,0,0,9,9,-1,3,1,0.0,1.0,-1,6,20,1,1,1,14:55,6,3,9
2023501279397,2023,501279397,1,1,1,1,30,6,3,0,0,0,0,0,19,3,E01015249,3,1,0.0,1.0,-1,3,70,1,1,1,12:15,3,2,19
2023101376753,2023,101376753,1,1,1,1,-1,-1,3,0,0,0,0,0,-1,-1,-1,3,1,0.0,1.0,-1,6,30,1,4,2,16:45,7,2,-1
2023231311414,2023,231311414,1,1,1,2,24,5,2,0,0,0,0,0,3,2,E01009608,7,1,1.0,0.0,-1,6,30,1,1,1,11:17,1,2,3
2023031364474,2023,031364474,2,1,1,2,35,6,3,0,0,0,0,0,9,4,E01027413,3,1,0.0,1.0,-1,6,60,4,1,1,08:06,4,2,9
2023122300955,2023,122300955,1,1,1,1,37,7,2,0,0,0,0,0,9,2,E01011726,-1,0,1.0,0.0,-1,6,60,1,1,1,18:28,3,2,9
2023201363253,2023,201363253,1,1,1,1,43,7,3,0,0,0,0,0,9,4,E01009879,3,1,0.0,1.0,-1,6,30,2,4,2,22:20,6,2,9
2023340WN0352,2023,340WN0352,1,1,1,1,21,5,3,0,0,0,0,0,9,9,E01027163,-1,0,0.0759,0.9241,-1,6,30,1,1,2,12:45,6,2,9
2023520400920,2023,520400920,1,1,1,2,33,6,3,0,0,0,0,0,9,-1,-1,-1,0,0.0188,0.9812,-1,1,40,1,4,1,16:25,5,2,9
2023610045723,2023,610045723,1,1,1,1,76,11,3,9,7,0,0,0,9,5,W01001370,-1,0,0.04225,0.95775,-1,1,30,1,1,1,14:21,7,2,9
2023010438502,2023,010438502,1,1,1,1,28,6,3,0,0,0,0,0,19,8,E01021755,-1,0,0.0,1.0,-1,6,30,1,1,1,15:29,5,2,19
2023161352127,2023,161352127,1,1,3,1,21,5,3,5,9,0,0,1,0,3,E01012872,3,1,0.0,1.0,-1,6,30,9,1,1,20:15,1,1,1
2023340NN2412,2023,340NN2412,1,1,3,2,10,2,3,1,1,0,0,0,0,-1,-1,-1,0,0.04774,0.95226,-1,6,20,1,1,1,15:15,2,1,9
2023520300616,2023,520300616,1,1,1,1,29,6,3,0,0,0,0,0,9,5,E01028636,-1,0,0.07067,0.92933,-1,3,70,1,6,2,07:10,2,1,9
2023101391634,2023,101391634,1,1,3,1,56,9,3,5,3,0,0,0,0,-1,-1,3,1,0.0,1.0,-1,6,20,1,6,2,18:50,1,1,9
2023010436689,2023,010436689,1,1,1,1,23,5,3,0,0,0,0,0,1,3,E01033583,-1,0,0.0,1.0,-1,6,20,1,4,1,21:10,1,2,1
2023010447743,2023,010447743,2,1,1,1,40,7,2,0,0,0,0,0,1,2,E01003557,-1,0,1.0,0.0,-1,6,20,1,1,1,13:50,5,2,1
2023201293514,2023,201293514,1,1,1,1,35,6,3,0,0,0,0,0,9,4,E01009856,3,1,0.0,1.0,-1,6,30,1,4,1,21:35,3,2,9
2023451391454,2023,451391454,2,1,2,2,67,10,3,0,0,1,0,0,9,10,E01030434,3,1,0.0,1.0,-1,3,50,1,1,1,13:45,1,3,9
2023141291727,2023,141291727,2,1,1,1,12,3,3,0,0,0,0,0,97,1,E01007377,3,1,0.0,1.0,-1,6,30,1,4,1,18:10,3,2,97
2023302301897,2023,302301897,1,1,3,1,11,3,3,5,3,0,0,0,0,1,E01013535,-1,0,0.05527,0.94473,-1,6,30,2,1,2,08:00,3,1,19
2023031353545,2023,031353545,1,2,1,1,27,6,2,0,0,0,0,0,5,-1,-1,7,1,1.0,0.0,-1,1,30,1,1,1,15:30,1,1,5
2023302301122,2023,302301122,1,2,2,1,9,2,3,0,0,2,0,0,9,2,E01013523,-1,0,0.05701,0.94299,-1,3,60,2,1,2,14:50,7,1,9
2023501319146,2023,501319146,1,1,2,1,42,7,3,0,0,1,0,0,9,-1,-1,3,1,0.0,1.0,-1,3,70,1,1,1,14:50,5,2,9
2023211278027,2023,211278027,1,1,3,2,59,9,3,5,9,0,0,-1,0,-1,-1,3,1,0.0,1.0,-1,6,30,1,1,1,13:20,7,1,9
2023440022998,2023,440022998,1,1,3,2,23,5,3,5,2,0,0,0,0,2,E01017140,-1,0,0.13807,0.86193,-1,6,30,1,4,4,07:29,4,1,9
2023451378743,2023,451378743,2,1,1,1,32,6,3,0,0,0,0,0,1,5,E01030464,3,1,0.0,1.0,-1,6,40,1,1,1,12:55,6,2,1
2023302301550,2023,302301550,1,1,1,1,49,8,3,0,0,0,0,0,5,3,E01019468,-1,0,0.11401,0.88599,-1,6,30,9,1,1,15:30,1,2,5
2023031319649,2023,031319649,1,3,2,1,15,3,3,0,0,1,0,0,9,7,E01019357,3,1,0.0,1.0,-1,6,60,1,6,1,22:16,6,1,9
2023141299125,2023,141299125,2,1,1,2,56,9,3,0,0,0,0,0,9,3,E01007433,3,1,0.0,1.0,-1,6,60,1,1,1,17:00,4,4,9
2023461328976,2023,461328976,3,2,2,1,26,6,3,0,0,1,0,0,9,10,E01016054,3,1,0.0,1.0,-1,2,30,1,1,1,20:22,1,3,9
2023471360589,2023,471360589,1,2,2,1,63,9,3,0,0,1,0,0,9,5,E01021089,3,1,0.0,1.0,-1,6,40,1,6,1,19:24,7,3,9
2023552301180,2023,552301180,2,1,1,1,31,6,3,0,0,0,0,0,19,4,E01020578,-1,0,0.05948,0.94052,-1,3,70,1,1,1,07:17,5,3,19
2023332301030,2023,332301030,2,1,1,1,71,10,3,0,0,0,0,0,1,3,E01025905,-1,0,0.0957,0.9043,-1,6,30,1,1,1,13:25,5,2,1
2023161351550,2023,161351550,1,1,1,1,16,4,2,0,0,0,0,0,2,1,E01012928,7,1,1.0,0.0,-1,6,40,2,1,2,09:35,3,1,2
2023131280373,2023,131280373,2,1,1,1,39,7,2,0,0,0,0,0,4,3,E01011449,6,1,1.0,0.0,-1,6,30,1,1,1,09:58,7,3,4
2023440331576,2023,440331576,2,1,1,2,58,9,3,0,0,0,0,0,9,5,E01022781,-1,0,0.05725,0.94275,-1,6,40,1,1,1,19:00,4,2,9
2023451329964,2023,451329964,2,1,1,2,56,9,2,0,0,0,0,0,9,9,E01030828,6,1,1.0,0.0,-1,6,30,2,1,2,17:45,6,2,9
2023471318749,2023,471318749,1,2,1,1,36,7,3,0,0,0,0,0,9,4,E01033081,3,1,0.0,1.0,-1,6,40,1,1,1,07:40,7,3,9
2023991331524,2023,991331524,2,3,1,1,59,9,3,0,0,0,0,0,9,-1,-1,3,1,0.0,1.0,-1,6,60,1,1,1,13:52,4,2,9
2023010435204,2023,010435204,2,1,1,1,30,6,3,0,0,0,0,0,4,6,E01002129,-1,0,0.0,1.0,-1,6,20,2,1,2,13:58,6,2,4
2023061363485,2023,061363485,2,1,2,1,48,8,2,0,0,2,0,0,8,2,E01005250,7,1,1.0,0.0,-1,6,30,1,4,2,19:14,7,2,8
2023101295152,2023,101295152,1,1,3,2,44,7,3,10,5,0,0,0,0,4,E01008676,3,1,0.0,1.0,-1,6,30,1,1,1,17:30,7,1,19
2023010446416,2023,010446416,2,1,1,1,41,7,3,0,0,0,0,0,1,4,E01001934,-1,0,0.0,1.0,-1,6,30,1,1,1,15:00,5,2,1
2023101258846,2023,101258846,1,1,3,1,46,8,3,5,1,0,0,0,0,5,E01027453,3,1,0.0,1.0,-1,6,20,1,1,1,11:45,2,1,9
2023010422023,2023,010422023,2,1,1,1,43,7,3,0,0,0,0,0,4,8,E01000393,-1,0,0.0,1.0,-1,6,30,1,1,1,08:27,4,2,4
2023361283261,2023,361283261,1,1,2,2,17,4,3,0,0,1,0,0,9,-1,-1,3,1,0.0,1.0,-1,6,60,1,1,2,16:45,1,1,9
2023421319217,2023,421319217,2,3,2,2,13,3,3,0,0,1,0,0,9,8,E01022092,3,1,0.0,1.0,-1,6,60,1,1,1,17:47,5,2,9
2023522301037,2023,522301037,2,1,1,1,45,7,2,0,0,0,0,0,-1,9,E01014752,-1,0,1.0,0.0,-1,1,20,2,1,2,14:40,7,2,-1
2023552301291,2023,552301291,1,1,3,1,49,8,3,1,1,0,0,0,0,4,E01032645,-1,0,0.14888,0.85112,-1,6,30,1,4,1,18:50,5,1,9
2023010454138,2023,010454138,1,1,2,1,25,5,3,0,0,2,0,0,9,3,E01001287,-1,0,0.0,1.0,-1,6,30,1,1,1,16:40,1,4,9
2023221283487,2023,221283487,2,1,1,1,29,6,3,0,0,0,0,0,9,-1,-1,3,1,0.0,1.0,-1,3,40,1,1,1,10:00,5,2,9
2023430024047,2023,430024047,1,2,2,2,18,4,3,0,0,1,0,0,9,9,E01028649,-1,0,0.0878,0.9122,-1,6,60,1,6,1,07:00,3,1,9
2023471350984,2023,471350984,1,1,1,1,56,9,3,0,0,0,0,0,5,7,E01031381,3,1,0.0,1.0,-1,6,50,2,1,2,18:43,3,1,5
2023371284974,2023,371284974,2,1,1,1,-1,-1,3,0,0,0,0,0,9,1,E01030012,3,1,0.0,1.0,-1,6,30,1,4,1,17:00,6,2,9
2023411307975,2023,411307975,2,1,1,1,33,6,3,0,0,0,0,0,9,10,E01023515,3,1,0.0,1.0,-1,3,40,1,1,1,08:29,3,2,9
2023010444337,2023,010444337,1,2,2,1,20,4,2,0,0,1,0,0,9,5,E01002682,-1,0,1.0,0.0,-1,6,20,1,4,1,23:53,1,3,9
2023351341749,2023,351341749,2,1,1,1,41,7,3,0,0,0,0,0,9,8,E01015685,3,1,0.0,1.0,-1,3,60,1,1,1,16:25,1,2,9
2023411286171,2023,411286171,2,3,1,1,56,9,3,0,0,0,0,0,9,5,E01023533,3,1,0.0,1.0,-1,6,30,1,5,1,18:19,1,2,9
2023501284172,2023,501284172,2,3,1,2,60,9,2,0,0,0,0,0,9,7,E01019988,6,1,1.0,0.0,-1,6,60,1,1,1,12:30,2,2,9
2023131391900,2023,131391900,1,1,1,1,18,4,3,0,0,0,0,0,9,5,E01011921,3,1,0.0,1.0,-1,3,30,2,4,2,04:45,1,1,9
2023991384514,2023,991384514,1,1,1,2,27,6,1,0,0,0,0,0,9,6,-1,1,1,0.0,0.0,-1,6,60,2,1,2,10:50,6,2,9
2023430189021,2023,430189021,1,1,1,2,60,9,3,0,0,0,0,0,9,2,E01016741,-1,0,0.04269,0.95731,-1,6,30,1,1,1,14:04,2,2,9
2023991391145,2023,991391145,1,1,1,1,78,11,3,0,0,0,0,0,9,3,-1,3,1,0.0,1.0,-1,6,30,2,1,2,11:30,3,2,9
2023010453951,2023,010453951,1,1,1,1,23,5,3,0,0,0,0,0,3,3,E01001938,-1,0,0.0,1.0,-1,6,20,1,1,1,09:55,7,2,3
2023010468492,2023,010468492,1,1,3,1,64,9,2,10,9,0,0,0,0,8,E01004054,-1,0,1.0,0.0,-1,1,20,1,4,1,21:45,3,2,9
2023010482531,2023,010482531,1,1,3,-1,33,6,3,9,8,0,0,0,0,-1,-1,-1,0,0.0,1.0,-1,6,30,1,1,2,08:11,5,1,11
2023010424509,2023,010424509,2,2,1,1,30,6,3,0,0,0,0,0,1,1,E01004311,-1,0,0.0,1.0,-1,6,20,1,1,1,09:00,3,2,1
2023361308591,2023,361308591,2,1,1,2,34,6,3,0,0,0,0,0,1,8,E01026840,3,1,0.0,1.0,-1,6,20,1,4,1,21:28,4,2,1
2023461363642,2023,461363642,1,1,2,1,24,5,3,0,0,1,0,0,9,1,E01024148,3,1,0.0,1.0,-1,6,30,1,4,1,01:11,1,2,9
202363B026223,2023,63B026223,1,1,1,1,20,4,3,0,0,0,0,0,9,-1,-1,-1,0,0.1218,0.8782,-1,6,60,1,1,1,16:45,3,2,9
2023101288428,2023,101288428,2,2,1,1,60,9,3,0,0,0,0,0,9,5,E01027365,3,1,0.0,1.0,-1,6,60,1,1,1,14:47,7,4,9
2023340NN1082,2023,340NN1082,2,2,1,2,39,7,3,0,0,0,0,0,9,6,E01027234,-1,0,0.02032,0.97968,-1,6,30,3,4,3,18:30,4,2,9
2023440389120,2023,440389120,1,1,1,1,89,11,1,0,0,0,0,0,9,5,E01032048,-1,0,0.0,0.0,-1,3,70,1,6,1,20:15,7,3,9
2023552301074,2023,552301074,1,1,1,2,43,7,3,0,0,0,0,0,9,3,E01029029,-1,0,0.06184,0.93816,-1,6,60,1,1,1,16:50,2,2,9
2023161325450,2023,161325450,2,1,1,2,65,9,2,0,0,0,0,0,9,1,E01013219,6,1,1.0,0.0,-1,1,30,2,1,2,12:55,2,2,9
2023451317829,2023,451317829,2,2,1,1,37,7,3,0,0,0,0,0,19,10,E01022898,3,1,0.0,1.0,-1,6,40,1,1,1,15:42,2,2,19
2023041390095,2023,041390095,1,1,1,1,23,5,3,0,0,0,0,0,9,1,E01012595,3,1,0.0,1.0,-1,6,30,1,4,2,18:13,6,2,9
2023311302421,2023,311302421,2,1,1,1,59,9,3,0,0,0,0,0,9,1,E01013846,3,1,0.0,1.0,-1,3,30,1,1,1,11:20,1,3,9
2023340WN0072,2023,340WN0072,2,1,1,1,24,5,2,0,0,0,0,0,9,2,E01027227,-1,0,1.0,0.0,-1,6,50,1,6,2,17:39,2,3,9
2023520300919,2023,520300919,2,1,2,1,14,3,3,0,0,2,0,0,9,5,E01029314,-1,0,0.07443,0.92557,-1,6,60,1,1,2,20:00,7,2,9
2023531344912,2023,531344912,1,3,1,1,36,7,3,0,0,0,0,0,9,8,E01022298,3,1,0.0,1.0,-1,6,30,1,4,1,21:30,4,2,9
2023161324966,2023,161324966,2,1,1,1,10,2,3,0,0,0,0,0,1,1,E01013138,3,1,0.0,1.0,-1,6,30,1,1,1,12:15,1,2,1
2023131314847,2023,131314847,1,1,1,1,49,8,2,0,0,0,0,0,5,7,E01011152,5,1,1.0,0.0,-1,6,30,1,1,1,07:42,3,2,5
2023141372274,2023,141372274,1,1,3,2,27,6,3,5,3,0,0,0,0,3,E01007966,3,1,0.0,1.0,-1,6,30,2,4,2,17:45,5,1,9
2023071052538,2023,071052538,2,1,2,2,67,10,2,0,0,1,0,0,9,6,E01032114,-1,0,1.0,0.0,-1,3,70,7,1,1,07:21,4,8,9
2023461337372,2023,461337372,2,1,1,1,33,6,3,0,0,0,0,0,9,6,E01024520,3,1,0.0,1.0,-1,6,30,1,1,1,16:50,7,2,9
2023471327279,2023,471327279,2,3,2,2,13,3,3,0,0,2,0,0,9,-1,-1,3,1,0.0,1.0,-1,6,30,1,1,1,18:06,5,2,9
2023991275810,2023,991275810,2,2,1,2,41,7,3,0,0,0,0,0,9,4,-1,3,1,0.0,1.0,-1,6,60,1,1,1,15:53,2,2,9
2023361353758,2023,361353758,1,1,1,1,21,5,2,0,0,0,0,0,19,2,E01026459,7,1,1.0,0.0,-1,6,60,1,6,2,21:07,2,2,19
2023340WN2662,2023,340WN2662,1,1,3,1,11,3,3,8,1,0,0,0,0,7,E01027221,-1,0,0.15182,0.84818,-1,6,20,1,1,1,08:50,6,1,5
2023010483345,2023,010483345,1,2,2,2,54,8,3,0,0,0,4,0,11,3,E01002491,-1,0,0.0,1.0,-1,6,30,1,1,1,06:25,2,1,11
2023010445784,2023,010445784,1,1,3,2,70,10,3,5,1,0,0,0,0,1,E01003060,-1,0,0.0,1.0,-1,6,30,1,1,1,08:55,2,1,9
2023010426936,2023,010426936,1,1,1,1,29,6,3,0,0,0,0,0,1,5,E01002234,-1,0,0.0,1.0,-1,3,30,1,1,1,13:20,2,2,1
2023010465830,2023,010465830,1,1,1,1,56,9,3,0,0,0,0,0,5,8,E01016028,-1,0,0.0,1.0,-1,2,30,1,1,1,16:30,4,2,5
202360A107727,2023,60A107727,1,1,1,1,48,8,1,0,0,0,0,0,5,-1,-1,-1,0,0.0,0.0,-1,6,60,1,1,1,11:58,1,2,5
2023061301459,2023,061301459,2,1,1,1,28,6,3,0,0,0,0,0,9,8,E01032685,3,1,0.0,1.0,-1,1,30,1,1,1,12:00,5,2,9
2023351280928,2023,351280928,2,1,1,1,59,9,3,0,0,0,0,0,9,7,E01018085,3,1,0.0,1.0,-1,6,50,1,1,1,09:25,3,2,9
2023501329946,2023,501329946,2,1,1,2,66,10,2,0,0,0,0,0,9,9,E01020316,5,1,1.0,0.0,-1,6,60,2,1,2,12:44,1,2,9
2023531308094,2023,531308094,1,2,1,1,27,6,2,0,0,0,0,0,9,5,E01022244,7,1,1.0,0.0,-1,6,40,1,1,1,15:49,3,2,9
2023332301061,2023,332301061,1,1,3,1,9,2,3,4,1,0,0,0,0,7,E01025848,-1,0,0.07528,0.92472,-1,3,30,1,4,1,21:58,1,1,20
2023010483323,2023,010483323,2,1,1,1,17,4,2,0,0,0,0,0,1,10,E01003825,-1,0,1.0,0.0,-1,6,20,1,1,1,08:00,2,2,1
2023010439570,2023,010439570,1,1,1,1,31,6,3,0,0,0,0,0,3,6,E01003149,-1,0,0.0,1.0,-1,9,20,1,1,1,10:10,4,2,3
2023161354300,2023,161354300,1,1,1,1,-1,-1,3,0,0,0,0,0,3,1,E01012862,3,1,0.0,1.0,-1,6,30,1,1,1,08:10,3,2,3
2023010473368,2023,010473368,1,1,1,1,29,6,3,0,0,0,0,0,9,6,E01000576,-1,0,0.0,1.0,-1,6,30,1,1,1,08:19,1,1,9
2023440213756,2023,440213756,2,2,1,1,61,9,3,0,0,0,0,0,9,4,E01017257,-1,0,0.08031,0.91969,-1,6,40,1,1,1,12:21,3,2,9
2023531339602,2023,531339602,1,1,2,1,16,4,3,0,0,2,0,0,9,3,E01022256,3,1,0.0,1.0,-1,6,40,1,1,1,17:50,2,1,9
2023010457504,2023,010457504,1,1,3,2,48,8,2,1,9,0,0,0,0,-1,-1,-1,0,1.0,0.0,-1,2,20,1,4,1,23:16,7,1,-1
2023010467972,2023,010467972,2,1,1,1,29,6,3,0,0,0,0,0,3,1,E01000891,-1,0,0.0,1.0,-1,6,20,1,1,1,13:00,1,2,3
2023461333661,2023,461333661,2,1,1,2,41,7,3,0,0,0,0,0,9,8,E01024652,3,1,0.0,1.0,-1,3,30,1,1,1,10:25,3,2,9
2023622400025,2023,622400025,2,9,2,1,40,7,2,0,0,2,0,0,9,3,W01001231,-1,0,1.0,0.0,-1,6,40,2,6,2,22:01,1,3,9
2023421336209,2023,421336209,1,1,3,1,10,2,3,1,1,0,0,0,0,2,E01015938,3,1,0.0,1.0,-1,6,30,1,1,1,18:32,2,1,9
2023211333310,2023,211333310,2,1,1,1,21,5,3,0,0,0,0,0,3,4,E01014245,3,1,0.0,1.0,-1,6,30,1,1,1,16:29,1,2,3
2023501333884,2023,501333884,2,2,2,2,23,5,3,0,0,1,0,0,9,1,E01012408,3,1,0.0,1.0,-1,1,30,1,1,1,17:00,7,2,9
2023010468609,2023,010468609,2,1,1,1,21,5,3,0,0,0,0,0,4,2,E01003194,-1,0,0.0,1.0,-1,6,30,1,1,1,15:16,4,2,4
2023101332801,2023,101332801,2,4,2,2,46,8,2,0,0,2,0,0,9,1,E01008800,5,1,1.0,0.0,-1,6,60,1,1,1,09:58,2,4,9
2023421361275,2023,421361275,2,1,1,2,61,9,3,0,0,0,0,0,9,4,E01021636,3,1,0.0,1.0,-1,6,30,1,4,1,19:35,1,2,9
2023622300458,2023,622300458,1,1,1,1,23,5,3,0,0,0,0,0,9,5,W01001818,-1,0,0.03396,0.96604,-1,1,20,1,1,1,16:05,3,1,9
2023471360193,2023,471360193,1,1,3,2,44,7,3,9,5,0,0,0,0,5,E01032836,3,1,0.0,1.0,-1,6,30,1,1,1,12:31,5,1,9
2023010477111,2023,010477111,1,1,1,2,32,6,3,0,0,0,0,0,9,-1,-1,-1,0,0.0,1.0,-1,2,20,8,1,1,15:30,5,2,9
2023141393922,2023,141393922,1,1,1,2,26,6,3,0,0,0,0,0,9,8,E01007868,3,1,0.0,1.0,-1,6,30,1,1,2,14:10,1,3,9
2023340NN3022,2023,340NN3022,1,1,3,2,60,9,3,5,3,0,0,0,0,-1,-1,-1,0,0.12129,0.87871,-1,6,30,1,1,1,09:00,6,1,9
2023201386966,2023,201386966,2,1,1,1,18,4,3,0,0,0,0,0,3,1,E01009893,3,1,0.0,1.0,-1,6,30,2,4,2,22:30,5,2,3
2023031363136,2023,031363136,1,2,1,1,49,8,2,0,0,0,0,0,9,-1,-1,6,1,1.0,0.0,-1,6,60,1,1,1,16:00,1,2,9
2023471376955,2023,471376955,1,1,1,1,39,7,2,0,0,0,0,0,9,6,E01021145,7,1,1.0,0.0,-1,6,60,1,6,2,22:58,5,1,9
2023991320050,2023,991320050,2,2,1,1,40,7,2,0,0,0,0,0,5,5,-1,6,1,1.0,0.0,-1,6,60,1,1,1,15:00,7,2,5
2023010428318,2023,010428318,2,3,1,2,28,6,3,0,0,0,0,0,9,1,E01002853,-1,0,0.0,1.0,-1,6,20,1,4,1,21:59,2,2,9
2023461360900,2023,461360900,2,1,1,2,49,8,3,0,0,0,0,0,9,9,E01024145,3,1,0.0,1.0,-1,3,60,1,1,1,09:30,4,2,9
2023991370743,2023,991370743,1,1,1,1,32,6,2,0,0,0,0,0,9,1,-1,7,1,1.0,0.0,-1,3,50,1,4,1,21:05,7,1,9
2023430158140,2023,430158140,1,4,2,1,16,4,3,0,0,0,4,0,11,-1,-1,-1,0,0.05037,0.94963,-1,3,70,2,4,2,19:52,3,4,11
2023131269319,2023,131269319,1,5,2,1,17,4,3,0,0,2,0,0,9,1,E01010807,3,1,0.0,1.0,-1,6,30,2,4,2,21:57,7,2,9
2023161349885,2023,161349885,1,1,1,2,23,5,3,0,0,0,0,0,9,3,E01013156,3,1,0.0,1.0,-1,6,30,1,4,1,17:22,2,2,9
2023451312075,2023,451312075,4,2,2,2,59,9,3,0,0,1,0,0,9,9,E01028652,3,1,0.0,1.0,-1,3,70,1,1,1,11:25,7,4,9
2023010420294,2023,010420294,1,1,1,1,32,6,3,0,0,0,0,0,8,1,E01001013,-1,0,0.0,1.0,-1,6,30,1,1,1,15:50,1,2,8
2023411344427,2023,411344427,1,4,2,1,21,5,3,0,0,1,0,0,9,5,E01023766,3,1,0.0,1.0,-1,6,60,1,1,1,06:07,2,2,9
2023430129805,2023,430129805,1,2,2,1,14,3,3,0,0,2,0,0,9,10,E01017841,-1,0,0.00563,0.99437,-1,1,30,2,1,2,17:08,5,2,9
2023371277299,2023,371277299,2,2,1,1,34,6,3,0,0,0,0,0,19,9,E01030175,3,1,0.0,1.0,-1,6,60,1,6,1,17:48,5,2,19
2023221306084,2023,221306084,2,1,1,2,71,10,3,0,0,0,0,0,1,8,E01032458,3,1,0.0,1.0,-1,6,40,1,1,1,14:30,4,2,1