collision_index,collision_year,collision_ref_no,vehicle_reference,casualty_reference,casualty_class,sex_of_casualty,age_of_casualty,age_band_of_casualty,casualty_severity,pedestrian_location,pedestrian_movement,car_passenger,bus_or_coach_passenger,pedestrian_road_maintenance_worker,casualty_type,casualty_imd_decile,lsoa_of_casualty,enhanced_casualty_severity,casualty_injury_based,casualty_adjusted_severity_serious,casualty_adjusted_severity_slight,casualty_distance_banding,road_type,speed_limit,weather_conditions,light_conditions,road_surface_conditions,time,day_of_week,number_of_vehicles,vehicle_type
2023302301112,2023,302301112,2,1,1,1,49,8,3,0,0,0,0,0,4,1,E01013568,-1,0,0.17245,0.82755,-1,6,30,1,1,1,18:30,5,2,4
2023461320542,2023,461320542,1,1,1,1,24,5,2,0,0,0,0,0,4,6,E01030563,7,1,1.0,0.0,-1,1,70,1,1,1,10:38,6,2,4
2023052302370,2023,052302370,1,1,2,1,29,6,3,0,0,1,0,0,9,1,E01006816,-1,0,0.09614,0.90386,-1,3,50,1,1,2,17:35,5,2,9
2023501354533,2023,501354533,1,1,1,2,86,11,3,0,0,0,0,0,9,10,E01015404,3,1,0.0,1.0,-1,6,30,1,1,1,16:13,3,1,9
2023991308564,2023,991308564,2,3,2,1,17,4,3,0,0,2,0,0,9,-1,-1,3,1,0.0,1.0,-1,6,20,1,1,1,14:13,4,2,9
2023141290305,2023,141290305,1,1,3,2,32,6,3,10,9,0,0,0,0,6,E01007665,3,1,0.0,1.0,-1,6,40,8,4,2,01:45,7,1,90
2023010462220,2023,010462220,1,1,1,1,21,5,3,0,0,0,0,0,3,10,E01017939,-1,0,0.0,1.0,-1,3,50,1,1,1,18:37,5,2,3
2023440415442,2023,440415442,1,1,1,2,18,4,2,0,0,0,0,0,3,3,E01022901,-1,0,1.0,0.0,-1,6,40,1,4,2,20:25,3,2,3
2023010434924,2023,010434924,1,1,1,1,57,9,3,0,0,0,0,0,9,3,E01001190,-1,0,0.0,1.0,-1,3,20,1,1,1,14:19,4,2,9
2023501369280,2023,501369280,2,1,1,1,12,3,3,0,0,0,0,0,1,4,E01019049,3,1,0.0,1.0,-1,6,20,2,1,2,09:22,4,2,1
2023361332457,2023,361332457,2,1,1,1,70,10,3,0,0,0,0,0,5,5,E01030290,3,1,0.0,1.0,-1,1,50,1,1,1,14:20,1,2,5
2023010486401,2023,010486401,2,1,1,2,48,8,3,0,0,0,0,0,9,3,E01001728,-1,0,0.0,1.0,-1,6,20,1,4,1,16:36,5,2,9
2023061379937,2023,061379937,2,1,1,2,78,11,3,0,0,0,0,0,9,10,E01006136,3,1,0.0,1.0,-1,6,30,1,1,2,12:49,3,3,9
2023201293073,2023,201293073,1,3,2,1,17,4,3,0,0,1,0,0,9,8,E01029500,3,1,0.0,1.0,-1,6,30,3,4,3,18:38,4,2,9
2023332300948,2023,332300948,1,3,1,2,57,9,2,0,0,0,0,0,9,9,E01025777,-1,0,1.0,0.0,-1,6,50,1,1,1,16:30,5,2,9
2023430248386,2023,430248386,2,1,1,2,51,8,3,0,0,0,0,0,9,7,E01028480,-1,0,0.05286,0.94714,-1,6,40,1,1,1,15:15,3,2,9
2023471338233,2023,471338233,3,2,2,1,57,9,3,0,0,1,0,0,9,5,E01021000,3,1,0.0,1.0,-1,6,60,1,1,2,06:25,6,4,9
2023010473643,2023,010473643,2,1,1,1,18,4,3,0,0,0,0,0,1,3,E01003728,-1,0,0.0,1.0,-1,3,30,1,4,1,17:43,2,2,1
2023010475137,2023,010475137,1,1,1,1,33,6,3,0,0,0,0,0,1,2,E01004211,-1,0,0.0,1.0,-1,6,30,1,1,1,09:08,3,2,1
2023471350928,2023,471350928,2,1,1,1,64,9,2,0,0,0,0,0,1,7,E01031460,7,1,1.0,0.0,-1,1,30,1,1,1,12:25,7,2,1
2023041364595,2023,041364595,2,2,1,1,49,8,3,0,0,0,0,0,9,9,E01025127,3,1,0.0,1.0,-1,3,50,2,1,2,08:09,4,2,9
2023351310618,2023,351310618,2,1,1,1,35,6,3,0,0,0,0,0,9,3,E01009795,3,1,0.0,1.0,-1,7,50,1,1,-1,08:50,7,2,9
202363C036123,2023,63C036123,1,2,2,1,66,10,3,0,0,1,0,0,9,-1,-1,-1,0,0.06132,0.93868,-1,6,30,1,1,1,12:59,3,2,9
2023201357680,2023,201357680,1,1,3,2,48,8,3,5,9,0,0,2,0,3,E01009977,3,1,0.0,1.0,-1,6,30,1,1,1,17:10,3,1,9
2023440123054,2023,440123054,1,1,1,1,18,4,2,0,0,0,0,0,4,6,E01022736,-1,0,1.0,0.0,-1,6,30,1,1,2,13:39,3,1,4
2023991360852,2023,991360852,1,1,1,1,23,5,3,0,0,0,0,0,9,2,-1,3,1,0.0,1.0,-1,6,30,1,4,2,20:38,1,1,9
2023332300625,2023,332300625,1,1,1,1,50,8,2,0,0,0,0,0,19,4,E01015676,-1,0,1.0,0.0,-1,6,50,2,1,2,18:05,7,2,19
2023010433578,2023,010433578,1,1,3,2,39,7,3,1,1,0,0,0,0,9,E01021747,-1,0,0.0,1.0,-1,6,20,1,1,2,07:43,4,1,9
2023010455525,2023,010455525,1,1,3,2,42,7,3,5,3,0,0,0,0,-1,-1,-1,0,0.0,1.0,-1,6,20,1,1,1,14:05,1,1,9
2023320416871,2023,320416871,1,2,1,1,85,11,3,0,0,0,0,0,9,10,E01026393,-1,0,0.10962,0.89038,-1,6,30,1,1,1,15:30,5,2,9
2023161315166,2023,161315166,2,1,1,1,79,11,2,0,0,0,0,0,1,9,E01013252,5,1,1.0,0.0,-1,6,30,1,1,1,10:30,2,2,1
2023010485160,2023,010485160,1,1,1,1,53,8,3,0,0,0,0,0,5,6,E01033570,-1,0,0.0,1.0,-1,1,30,1,1,1,15:40,4,2,5
2023131292967,2023,131292967,2,3,1,1,84,11,3,0,0,0,0,0,9,7,E01011142,3,1,0.0,1.0,-1,6,30,1,1,1,16:11,1,2,9
2023201366722,2023,201366722,1,1,1,1,27,6,3,0,0,0,0,0,9,2,E01010406,3,1,0.0,1.0,-1,6,30,1,1,1,05:31,6,2,9
2023440084087,2023,440084087,1,1,1,2,22,5,2,0,0,0,0,0,9,2,E01023156,-1,0,1.0,0.0,-1,3,70,1,1,1,15:10,4,1,9
2023471300594,2023,471300594,2,1,2,2,16,4,3,0,0,1,0,0,9,5,E01031807,3,1,0.0,1.0,-1,3,30,1,1,1,08:15,2,2,9
2023041371254,2023,041371254,2,1,1,1,42,7,3,0,0,0,0,0,9,8,E01025233,3,1,0.0,1.0,-1,6,30,1,1,1,12:26,6,2,9
2023131280963,2023,131280963,2,1,2,1,56,9,3,0,0,1,0,0,9,6,E01011026,3,1,0.0,1.0,-1,9,30,1,1,1,12:45,2,2,9
2023201372370,2023,201372370,1,1,3,2,30,6,3,5,3,0,0,2,0,2,E01032239,3,1,0.0,1.0,-1,6,30,2,1,2,11:55,7,1,9
2023401353945,2023,401353945,1,1,1,1,17,4,2,0,0,0,0,0,3,10,E01017405,7,1,1.0,0.0,-1,6,60,1,1,1,19:09,5,2,3
2023010464072,2023,010464072,1,1,3,1,32,6,3,9,9,0,0,0,0,3,E01000553,-1,0,0.0,1.0,-1,6,30,1,1,1,18:30,2,1,9
2023361315305,2023,361315305,1,1,1,1,17,4,3,0,0,0,0,0,9,-1,-1,3,1,0.0,1.0,-1,6,60,2,1,1,08:21,3,2,9
2023531317370,2023,531317370,1,1,1,1,18,4,3,0,0,0,0,0,9,5,E01022448,3,1,0.0,1.0,-1,1,40,1,1,1,16:10,1,2,9
2023010429661,2023,010429661,1,1,1,1,20,4,3,0,0,0,0,0,97,4,E01003166,-1,0,0.0,1.0,-1,3,20,8,1,1,02:54,2,2,97
2023010430934,2023,010430934,2,2,1,1,22,5,3,0,0,0,0,0,9,9,E01000762,-1,0,0.0,1.0,-1,3,20,4,4,1,18:00,3,2,9
2023461387869,2023,461387869,7,3,2,2,18,4,2,0,0,1,0,0,9,3,E01024239,7,1,1.0,0.0,-1,3,70,3,6,3,00:39,1,9,9
2023161326747,2023,161326747,2,1,1,1,17,4,3,0,0,0,0,0,1,1,E01012847,3,1,0.0,1.0,-1,6,30,1,1,1,17:55,5,2,1
2023010437654,2023,010437654,1,1,1,1,31,6,3,0,0,0,0,0,3,3,E01001467,-1,0,0.0,1.0,-1,6,30,1,1,1,12:35,7,1,3
2023320324840,2023,320324840,1,1,1,1,28,6,2,0,0,0,0,0,5,7,E01013020,-1,0,1.0,0.0,-1,6,60,1,1,1,20:00,7,1,5
2023052303031,2023,052303031,2,2,1,1,25,5,3,0,0,0,0,0,9,2,E01007130,-1,0,0.08065,0.91935,-1,3,40,4,4,1,23:55,3,2,9
2023371349517,2023,371349517,2,2,1,1,84,11,3,0,0,0,0,0,9,6,E01030097,3,1,0.0,1.0,-1,6,30,1,1,1,10:41,4,2,9
2023421330275,2023,421330275,2,1,2,2,46,8,3,0,0,2,0,0,9,7,E01019352,3,1,0.0,1.0,-1,3,50,1,1,1,15:00,2,3,9
2023440212509,2023,440212509,1,1,1,2,23,5,3,0,0,0,0,0,9,9,E01022699,-1,0,0.06322,0.93678,-1,6,40,1,1,1,14:30,2,2,9
2023552301193,2023,552301193,1,2,2,2,23,5,3,0,0,1,0,0,9,10,E01020384,-1,0,0.09298,0.90702,-1,6,60,1,6,1,22:10,4,2,9
2023552400136,2023,552400136,1,1,1,2,79,11,3,0,0,0,0,0,9,8,E01015389,-1,0,0.08202,0.91798,-1,6,30,1,4,1,18:29,3,1,9
2023010448528,2023,010448528,1,1,2,2,66,10,3,0,0,0,3,0,11,6,E01000970,-1,0,0.0,1.0,-1,6,30,1,1,1,15:06,2,1,11
2023131373710,2023,131373710,1,1,2,2,17,4,3,0,0,2,0,0,9,5,E01011748,3,1,0.0,1.0,-1,6,40,2,1,2,16:37,5,3,9
2023161328082,2023,161328082,1,1,2,2,42,7,3,0,0,1,0,0,9,5,E01013211,3,1,0.0,1.0,-1,6,30,2,1,2,12:47,7,2,9
2023411398543,2023,411398543,1,1,3,2,51,8,3,10,5,0,0,0,0,4,E01023574,3,1,0.0,1.0,-1,6,30,1,1,1,12:14,5,1,9
2023010453300,2023,010453300,1,1,1,2,67,10,3,0,0,0,0,0,9,2,E01000033,-1,0,0.0,1.0,-1,1,30,1,1,1,09:37,4,2,9
2023201289764,2023,201289764,1,2,2,1,54,8,3,0,0,1,0,0,9,1,E01008929,3,1,0.0,1.0,-1,6,30,1,4,1,17:10,6,2,9
2023471321528,2023,471321528,2,1,2,1,12,3,3,0,0,2,0,0,9,3,E01020913,3,1,0.0,1.0,-1,6,30,1,1,1,08:55,5,2,9
2023010473124,2023,010473124,1,1,2,2,43,7,3,0,0,0,2,0,11,3,E01002130,-1,0,0.0,1.0,-1,6,30,1,1,2,17:38,6,1,11
2023010439405,2023,010439405,1,1,1,2,40,7,3,0,0,0,0,0,9,6,E01000816,-1,0,0.0,1.0,-1,6,30,9,7,9,01:30,3,2,9
2023010441742,2023,010441742,1,1,2,2,60,9,3,0,0,1,0,0,9,2,E01004089,-1,0,0.0,1.0,-1,6,30,1,4,1,04:05,2,1,9
2023010461299,2023,010461299,1,1,1,1,18,4,3,0,0,0,0,0,9,3,E01002846,-1,0,0.0,1.0,-1,7,20,1,1,2,12:37,6,2,9
2023101384193,2023,101384193,2,2,2,2,39,7,3,0,0,1,0,0,9,3,E01008401,3,1,0.0,1.0,-1,3,30,9,4,1,18:16,3,2,9
2023421364040,2023,421364040,2,1,1,2,28,6,3,0,0,0,0,0,9,5,E01033141,3,1,0.0,1.0,-1,6,20,1,1,1,14:07,5,2,9
2023622300276,2023,622300276,1,1,1,1,54,8,3,0,0,0,0,0,9,3,W01001145,-1,0,0.05566,0.94434,-1,3,70,2,1,2,17:48,5,2,9
2023010475056,2023,010475056,1,1,3,1,62,9,2,5,1,0,0,0,0,2,E01020998,-1,0,1.0,0.0,-1,2,20,1,1,2,09:20,3,1,90
2023010447893,2023,010447893,1,1,2,-1,-1,-1,3,0,0,9,0,0,9,2,E01003990,-1,0,0.0,1.0,-1,9,30,1,1,1,19:20,3,2,9
2023201461819,2023,201461819,2,1,1,2,37,7,3,0,0,0,0,0,9,3,E01010139,3,1,0.0,1.0,-1,6,30,1,1,4,09:07,4,2,9
2023440300709,2023,440300709,1,1,1,1,18,4,3,0,0,0,0,0,1,6,E01022715,-1,0,0.06386,0.93614,-1,6,40,1,1,1,11:45,4,2,1
2023302300248,2023,302300248,1,2,2,1,24,5,2,0,0,1,0,0,9,2,E01010363,-1,0,1.0,0.0,-1,7,70,1,6,2,23:54,5,1,9
2023311278173,2023,311278173,1,2,1,1,78,11,3,0,0,0,0,0,9,4,E01019676,3,1,0.0,1.0,-1,3,50,1,4,2,18:15,5,3,9
2023430076895,2023,430076895,2,3,2,2,78,11,3,0,0,1,0,0,9,1,E01004839,-1,0,0.04868,0.95132,-1,3,70,1,1,1,12:34,1,3,9
2023451266084,2023,451266084,1,2,2,2,63,9,3,0,0,1,0,0,9,10,E01027293,3,1,0.0,1.0,-1,3,70,1,1,1,14:34,6,3,9
2023542547723,2023,542547723,2,4,2,2,30,6,3,0,0,2,0,0,9,-1,-1,-1,0,0.00396,0.99604,-1,6,30,1,1,2,16:14,1,2,9
2023430259738,2023,430259738,2,2,1,1,22,5,3,0,0,0,0,0,19,9,E01028775,-1,0,0.06141,0.93859,-1,6,50,1,1,1,14:54,3,2,19
2023440441166,2023,440441166,1,1,3,1,37,7,2,1,1,0,0,0,0,6,E01023143,-1,0,1.0,0.0,-1,6,50,1,1,2,08:43,7,1,9
2023131275827,2023,131275827,2,1,1,1,20,4,3,0,0,0,0,0,3,1,E01011730,3,1,0.0,1.0,-1,6,30,1,4,1,17:35,2,2,3
2023161293666,2023,161293666,2,1,1,1,31,6,3,0,0,0,0,0,9,2,E01013331,3,1,0.0,1.0,-1,6,60,9,1,1,05:46,4,2,9
2023161299636,2023,161299636,1,2,2,2,25,5,3,0,0,1,0,0,9,3,E01012827,3,1,0.0,1.0,-1,6,60,2,1,2,17:50,6,1,9
2023320497860,2023,320497860,2,1,1,2,53,8,3,0,0,0,0,0,9,1,E01007325,-1,0,0.02311,0.97689,-1,6,60,1,1,1,14:00,6,2,9
2023401307425,2023,401307425,1,1,1,2,23,5,3,0,0,0,0,0,9,9,E01017549,3,1,0.0,1.0,-1,6,30,1,1,1,16:04,4,2,9
2023461327762,2023,461327762,1,1,2,2,86,11,3,0,0,1,0,0,9,3,E01024480,3,1,0.0,1.0,-1,6,30,1,1,1,12:15,2,1,9
2023461353543,2023,461353543,1,1,2,1,17,4,3,0,0,2,0,0,9,8,E01024113,3,1,0.0,1.0,-1,3,70,1,6,1,20:52,7,1,9
2023471343518,2023,471343518,1,1,1,1,41,7,3,0,0,0,0,0,9,2,E01016914,3,1,0.0,1.0,-1,6,30,1,4,1,01:15,1,1,9
2023461377937,2023,461377937,2,1,1,1,46,8,3,0,0,0,0,0,19,4,E01024162,3,1,0.0,1.0,-1,6,30,2,4,2,18:42,5,2,19
2023542019123,2023,542019123,2,1,1,1,12,3,3,0,0,0,0,0,-1,1,E01032096,-1,0,0.04153,0.95847,-1,6,30,1,4,1,18:00,4,2,-1
2023311325871,2023,311325871,1,1,3,1,16,4,3,10,1,0,0,2,0,3,E01028192,3,1,0.0,1.0,-1,6,20,1,1,1,10:30,4,1,9
2023461289569,2023,461289569,1,1,3,1,60,9,2,6,9,0,0,0,0,7,E01021165,7,1,1.0,0.0,-1,6,30,1,4,1,18:10,6,1,9
202363D021123,2023,63D021123,1,1,3,2,82,11,3,5,1,0,0,0,0,3,W01000454,-1,0,0.10314,0.89686,-1,6,30,1,1,1,10:20,6,1,8
2023010424497,2023,010424497,2,1,1,1,53,8,2,0,0,0,0,0,1,3,E01001942,-1,0,1.0,0.0,-1,6,20,1,1,1,09:44,3,2,1
2023010439690,2023,010439690,2,1,1,1,20,4,2,0,0,0,0,0,1,7,E01018830,-1,0,1.0,0.0,-1,2,20,1,1,1,15:08,4,2,1
2023501333370,2023,501333370,2,1,1,2,16,4,2,0,0,0,0,0,2,4,E01018941,5,1,1.0,0.0,-1,6,60,1,6,2,21:12,3,2,2
2023991382583,2023,991382583,1,1,1,1,62,9,3,0,0,0,0,0,9,1,-1,3,1,0.0,1.0,-1,6,60,3,6,2,17:20,2,1,9
2023010468863,2023,010468863,1,1,3,1,46,8,3,5,3,0,0,0,0,3,E01003570,-1,0,0.0,1.0,-1,6,20,1,1,1,18:30,5,1,9
2023131287304,2023,131287304,1,1,3,1,15,3,2,4,3,0,0,2,0,2,E01010815,7,1,1.0,0.0,-1,6,30,8,1,2,07:27,5,1,9
2023131282998,2023,131282998,3,1,1,1,46,8,2,0,0,0,0,0,5,1,E01011750,7,1,1.0,0.0,-1,6,30,1,1,1,08:50,7,3,5
2023010460339,2023,010460339,1,1,1,1,48,8,3,0,0,0,0,0,9,4,E01001179,-1,0,0.0,1.0,-1,1,20,1,1,1,06:35,1,2,9
2023622300092,2023,622300092,1,2,2,2,17,4,3,0,0,2,0,0,9,2,W01001275,-1,0,0.04548,0.95452,-1,6,30,7,4,2,21:51,3,1,9
2023471361750,2023,471361750,2,1,1,2,29,6,3,0,0,0,0,0,1,3,E01031441,3,1,0.0,1.0,-1,6,30,1,1,1,15:57,6,2,1
2023010472780,2023,010472780,1,1,1,2,57,9,3,0,0,0,0,0,9,2,E01003229,-1,0,0.0,1.0,-1,3,20,2,4,2,20:30,4,2,9
2023221277482,2023,221277482,2,1,1,2,24,5,3,0,0,0,0,0,9,3,E01001177,3,1,0.0,1.0,-1,6,60,1,1,1,15:25,5,2,9
2023401343171,2023,401343171,2,1,1,1,42,7,3,0,0,0,0,0,9,6,E01000795,3,1,0.0,1.0,-1,3,70,1,1,1,17:30,1,2,9
2023451293049,2023,451293049,1,2,2,1,30,6,3,0,0,1,0,0,9,8,E01030474,3,1,0.0,1.0,-1,6,40,1,1,1,12:05,1,2,9
2023440072044,2023,440072044,2,1,1,1,64,9,3,0,0,0,0,0,-1,6,E01001656,-1,0,0.14055,0.85945,-1,6,30,1,1,1,11:31,3,2,-1
2023010442648,2023,010442648,1,1,1,2,28,6,2,0,0,0,0,0,1,2,E01003176,-1,0,1.0,0.0,-1,2,20,1,1,1,19:10,5,2,1
2023070361916,2023,070361916,1,1,1,1,25,5,3,0,0,0,0,0,1,-1,-1,-1,0,0.12309,0.87691,-1,2,30,1,1,1,18:00,7,2,1
2023010476315,2023,010476315,1,1,1,1,38,7,3,0,0,0,0,0,4,10,E01000756,-1,0,0.0,1.0,-1,6,20,1,4,1,20:35,2,2,4
2023041329710,2023,041329710,2,1,1,1,49,8,3,0,0,0,0,0,9,6,E01024859,3,1,0.0,1.0,-1,6,30,1,1,2,12:14,7,2,9
2023401271040,2023,401271040,2,1,1,1,25,5,3,0,0,0,0,0,9,2,E01015705,3,1,0.0,1.0,-1,6,30,1,1,1,15:02,7,2,9
2023401371744,2023,401371744,1,1,1,2,26,6,3,0,0,0,0,0,9,1,E01017466,3,1,0.0,1.0,-1,6,40,1,1,2,08:20,4,1,9
2023411270722,2023,411270722,1,1,1,1,29,6,3,0,0,0,0,0,9,5,E01023384,3,1,0.0,1.0,-1,3,70,2,1,2,19:30,6,2,9
2023430208594,2023,430208594,1,1,1,1,34,6,3,0,0,0,0,0,9,9,E01016247,-1,0,0.126,0.874,-1,1,50,2,1,2,04:49,7,1,9
2023451272931,2023,451272931,1,1,1,2,47,8,3,0,0,0,0,0,9,10,E01016524,3,1,0.0,1.0,-1,6,30,1,4,1,18:00,6,2,9
2023531380558,2023,531380558,1,1,1,2,84,11,3,0,0,0,0,0,9,8,E01022384,3,1,0.0,1.0,-1,6,40,1,1,1,13:45,4,2,9
2023542921823,2023,542921823,2,3,2,1,29,6,3,0,0,1,0,0,9,-1,-1,-1,0,0.00883,0.99117,-1,6,30,1,1,1,12:45,7,2,9
2023430514790,2023,430514790,1,1,1,1,27,6,3,0,0,0,0,0,1,5,E01017634,-1,0,0.03227,0.96773,-1,6,30,1,4,1,17:46,7,2,1
2023010469157,2023,010469157,2,1,2,2,25,5,3,0,0,1,0,0,9,8,E01003679,-1,0,0.0,1.0,-1,6,30,1,1,1,11:29,7,3,9
2023440491287,2023,440491287,1,1,1,2,83,11,3,0,0,0,0,0,9,9,E01023275,-1,0,0.08766,0.91234,-1,6,40,1,1,2,12:29,6,2,9
2023010447492,2023,010447492,2,1,1,1,16,4,3,0,0,0,0,0,-1,8,E01003679,-1,0,0.0,1.0,-1,6,30,1,1,1,10:54,4,2,-1
2023061369233,2023,061369233,2,1,1,1,30,6,3,0,0,0,0,0,1,-1,-1,3,1,0.0,1.0,-1,6,30,8,1,1,14:50,1,2,1
202360A155054,2023,60A155054,2,1,1,1,52,8,3,0,0,0,0,0,1,-1,-1,-1,0,0.17806,0.82194,-1,6,30,1,1,1,11:00,7,2,1
2023010482243,2023,010482243,1,2,2,2,0,1,3,0,0,1,0,0,9,2,E01003325,-1,0,0.0,1.0,-1,3,40,8,4,2,20:55,3,2,9
2023131392859,2023,131392859,1,4,2,1,34,6,2,0,0,1,0,0,9,3,E01011141,7,1,1.0,0.0,-1,3,70,5,6,2,18:56,5,1,9
2023201390040,2023,201390040,2,1,1,1,38,7,3,0,0,0,0,0,9,5,E01009863,3,1,0.0,1.0,-1,6,30,2,4,2,22:40,2,2,9
2023351333142,2023,351333142,1,1,3,2,13,3,3,10,9,0,0,2,0,9,E01018307,3,1,0.0,1.0,-1,6,30,1,1,1,08:55,2,1,9
2023161326307,2023,161326307,1,3,2,2,43,7,3,0,0,2,0,0,9,1,E01013144,3,1,0.0,1.0,-1,7,70,1,1,1,13:05,4,2,9
2023332300381,2023,332300381,1,1,1,2,34,6,3,0,0,0,0,0,9,9,E01025750,-1,0,0.0046,0.9954,-1,6,30,1,1,1,15:12,3,2,9
2023451309233,2023,451309233,2,2,1,1,52,8,3,0,0,0,0,0,9,6,E01031557,3,1,0.0,1.0,-1,6,50,1,1,1,08:55,6,3,9
2023520301533,2023,520301533,1,1,1,1,30,6,3,0,0,0,0,0,9,6,E01029054,-1,0,0.02309,0.97691,-1,6,30,8,1,1,09:28,2,2,9
2023041289618,2023,041289618,2,2,2,2,17,4,3,0,0,1,0,0,9,7,E01004900,3,1,0.0,1.0,-1,3,70,1,1,1,16:11,4,2,9
2023302301169,2023,302301169,1,1,1,2,34,6,2,0,0,0,0,0,9,10,E01019702,-1,0,1.0,0.0,-1,6,40,1,1,1,13:45,7,2,9
2023501268280,2023,501268280,2,3,2,2,25,5,3,0,0,-1,0,0,9,5,E01018834,3,1,0.0,1.0,-1,6,30,8,1,2,09:15,4,2,9
2023631341120,2023,631341120,1,8,3,2,43,7,3,10,9,0,0,0,0,3,W01001045,3,1,0.0,1.0,-1,6,30,4,6,1,22:39,7,1,9
2023111388783,2023,111388783,2,1,1,1,40,7,3,0,0,0,0,0,1,2,E01020802,3,1,0.0,1.0,-1,6,30,1,1,2,14:05,3,2,1
2023430427707,2023,430427707,2,1,1,1,22,5,3,0,0,0,0,0,1,-1,-1,-1,0,0.11824,0.88176,-1,6,20,1,1,1,16:37,1,2,1
2023440021131,2023,440021131,1,1,2,2,75,10,2,0,0,2,0,0,9,9,E01015300,-1,0,1.0,0.0,-1,3,70,1,6,4,21:28,2,2,9
202354A328923,2023,54A328923,2,2,1,1,61,9,3,0,0,0,0,0,19,7,E01032116,-1,0,0.09714,0.90286,-1,6,60,1,1,1,08:54,6,2,19
2023131305015,2023,131305015,2,1,1,1,49,8,3,0,0,0,0,0,8,1,E01010839,3,1,0.0,1.0,-1,6,30,1,7,1,22:27,1,2,8
2023320783396,2023,320783396,2,1,1,1,53,8,3,0,0,0,0,0,9,4,E01026253,-1,0,0.02249,0.97751,-1,6,60,1,1,1,14:45,4,2,9
2023010450915,2023,010450915,1,1,1,1,18,4,3,0,0,0,0,0,1,5,E01002671,-1,0,0.0,1.0,-1,6,20,1,1,1,07:40,6,1,1
2023547220323,2023,547220323,2,1,1,1,78,11,3,0,0,0,0,0,1,8,E01031939,-1,0,0.23741,0.76259,-1,6,60,9,1,1,06:45,1,2,1
2023061350274,2023,061350274,2,1,1,2,53,8,3,0,0,0,0,0,9,4,E01005171,3,1,0.0,1.0,-1,6,30,1,1,1,06:26,3,2,9
2023302300724,2023,302300724,1,2,2,1,23,5,3,0,0,1,0,0,9,5,E01013509,-1,0,0.03934,0.96066,-1,6,30,1,1,1,16:10,1,2,9
2023361267356,2023,361267356,2,2,1,2,35,6,2,0,0,0,0,0,9,5,E01026902,6,1,1.0,0.0,-1,6,30,8,6,4,17:45,3,2,9
2023531383198,2023,531383198,2,1,1,2,34,6,3,0,0,0,0,0,9,1,E01022122,3,1,0.0,1.0,-1,6,30,1,1,2,09:00,2,2,9
2023010449428,2023,010449428,2,1,1,1,48,8,3,0,0,0,0,0,1,4,E01000475,-1,0,0.0,1.0,-1,7,30,1,1,1,08:01,6,2,1
2023340WN3182,2023,340WN3182,2,1,1,1,19,4,3,0,0,0,0,0,9,3,E01025976,-1,0,0.09683,0.90317,-1,6,60,1,1,1,17:15,6,2,9
2023351315871,2023,351315871,1,3,2,1,58,9,2,0,0,2,0,0,9,2,E01010074,6,1,1.0,0.0,-1,3,70,1,1,1,05:59,1,2,9
2023070341731,2023,070341731,1,1,1,1,20,4,3,0,0,0,0,0,21,7,E01028892,-1,0,0.06868,0.93132,-1,6,50,2,1,2,13:15,1,4,21
2023010425471,2023,010425471,1,1,1,1,40,7,3,0,0,0,0,0,3,3,E01002084,-1,0,0.0,1.0,-1,9,20,1,4,1,19:00,7,2,3
2023010467308,2023,010467308,1,1,3,2,38,7,2,5,3,0,0,0,0,10,E01002466,-1,0,1.0,0.0,-1,1,30,1,1,1,08:18,5,1,9
2023131269202,2023,131269202,1,1,3,2,75,10,2,5,1,0,0,2,0,10,E01011088,6,1,1.0,0.0,-1,6,30,1,1,1,10:07,7,1,9
2023522400993,2023,522400993,1,1,3,1,35,6,3,6,8,0,0,0,0,9,E01014862,-1,0,0.05785,0.94215,-1,6,40,1,1,1,13:15,1,1,9
2023010462555,2023,010462555,1,2,2,-1,-1,-1,3,0,0,1,0,0,9,2,E01000095,-1,0,0.0,1.0,-1,3,30,8,1,1,10:05,7,1,9
2023201288514,2023,201288514,1,1,2,1,20,4,3,0,0,1,0,0,9,5,E01009926,3,1,0.0,1.0,-1,3,40,4,1,1,10:12,6,1,9
2023311312573,2023,311312573,1,1,1,2,40,7,3,0,0,0,0,0,9,2,E01028271,3,1,0.0,1.0,-1,6,60,1,1,1,14:53,2,1,9
2023351363382,2023,351363382,2,3,2,1,11,3,3,0,0,1,0,0,9,9,E01018231,3,1,0.0,1.0,-1,6,60,1,1,1,16:22,3,2,9
2023371392328,2023,371392328,3,1,1,1,81,11,3,0,0,0,0,0,9,7,E01026941,3,1,0.0,1.0,-1,6,50,1,7,1,16:58,7,4,9
2023440430664,2023,440430664,1,1,1,1,20,4,3,0,0,0,0,0,9,6,E01032011,-1,0,0.12622,0.87378,-1,6,60,2,6,2,19:52,6,1,9
2023461301194,2023,461301194,1,1,1,1,47,8,3,0,0,0,0,0,1,7,E01000748,3,1,0.0,1.0,-1,6,60,1,1,1,07:54,4,1,1
2023552300637,2023,552300637,1,1,1,1,16,4,2,0,0,0,0,0,1,8,E01020455,-1,0,1.0,0.0,-1,6,30,1,1,1,17:42,4,2,1
2023010483126,2023,010483126,1,2,2,2,22,5,3,0,0,2,0,0,9,6,E01000352,-1,0,0.0,1.0,-1,6,30,4,4,1,23:20,7,3,9