collision_index,collision_year,collision_ref_no,vehicle_reference,casualty_reference,casualty_class,sex_of_casualty,age_of_casualty,age_band_of_casualty,casualty_severity,pedestrian_location,pedestrian_movement,car_passenger,bus_or_coach_passenger,pedestrian_road_maintenance_worker,casualty_type,casualty_imd_decile,lsoa_of_casualty,enhanced_casualty_severity,casualty_injury_based,casualty_adjusted_severity_serious,casualty_adjusted_severity_slight,casualty_distance_banding,road_type,speed_limit,weather_conditions,light_conditions,road_surface_conditions,time,day_of_week,number_of_vehicles,vehicle_type
2023440261115,2023,440261115,1,1,1,1,47,8,3,0,0,0,0,0,1,10,E01023212,-1,0,0.08764,0.91236,-1,6,30,1,1,1,18:20,4,2,1
2023451259302,2023,451259302,1,1,1,1,44,7,2,0,0,0,0,0,1,-1,-1,7,1,1.0,0.0,-1,6,40,2,4,2,06:12,4,1,1
2023041346109,2023,041346109,2,1,2,1,14,3,3,0,0,1,0,0,9,10,E01025022,3,1,0.0,1.0,-1,6,20,1,1,1,06:30,2,2,9
2023421266426,2023,421266426,1,1,1,1,46,8,3,0,0,0,0,0,9,2,E01022056,3,1,0.0,1.0,-1,6,30,1,4,1,17:13,7,1,9
2023451307685,2023,451307685,1,1,1,1,38,7,3,0,0,0,0,0,9,2,E01001320,3,1,0.0,1.0,-1,6,40,1,4,1,21:23,2,2,9
2023501302628,2023,501302628,2,1,1,1,38,7,3,0,0,0,0,0,1,4,E01018754,3,1,0.0,1.0,-1,1,40,1,1,1,17:55,3,2,1
2023131384127,2023,131384127,1,1,3,1,32,6,3,1,1,0,0,2,0,1,E01011316,3,1,0.0,1.0,-1,6,30,1,4,2,21:12,5,1,9
2023991266151,2023,991266151,1,1,3,2,90,11,2,7,3,0,0,2,0,-1,-1,6,1,1.0,0.0,-1,6,30,1,1,2,16:37,6,1,8
2023451372206,2023,451372206,2,1,1,2,52,8,3,0,0,0,0,0,1,10,E01030931,3,1,0.0,1.0,-1,7,60,1,1,1,11:00,3,2,1
2023131304140,2023,131304140,2,1,1,1,49,8,3,0,0,0,0,0,9,8,E01011716,3,1,0.0,1.0,-1,6,40,1,1,1,19:43,5,3,9
2023351305718,2023,351305718,1,3,2,2,21,5,3,0,0,-1,0,0,9,-1,-1,3,1,0.0,1.0,-1,6,30,1,1,1,13:31,4,2,9
2023461354316,2023,461354316,1,1,1,1,17,4,3,0,0,0,0,0,9,6,E01032814,3,1,0.0,1.0,-1,6,50,2,1,2,08:18,6,2,9
2023552301472,2023,552301472,2,4,2,2,33,6,3,0,0,2,0,0,9,10,E01020366,-1,0,0.04127,0.95873,-1,6,30,1,4,2,18:07,2,2,9
2023170S21223,2023,170S21223,1,4,2,1,30,6,2,0,0,0,0,0,10,1,E01011980,-1,0,1.0,0.0,-1,6,40,1,1,1,13:10,6,2,10
2023061302002,2023,061302002,1,2,1,1,53,8,3,0,0,0,0,0,19,9,E01004953,3,1,0.0,1.0,-1,6,30,1,1,1,06:25,5,2,19
2023101322953,2023,101322953,2,1,1,2,26,6,3,0,0,0,0,0,9,4,E01008796,3,1,0.0,1.0,-1,6,20,1,1,1,17:10,6,2,9
2023201292348,2023,201292348,2,1,1,1,40,7,3,0,0,0,0,0,9,1,E01010063,3,1,0.0,1.0,-1,3,40,1,1,1,10:05,3,2,9
2023421309587,2023,421309587,2,1,1,1,55,8,2,0,0,0,0,0,1,8,E01033461,7,1,1.0,0.0,-1,1,60,1,1,1,12:43,7,2,1
2023451258988,2023,451258988,1,1,1,1,62,9,3,0,0,0,0,0,9,8,E01030825,3,1,0.0,1.0,-1,3,70,5,1,2,10:22,3,1,9
2023351346926,2023,351346926,2,1,1,1,24,5,3,0,0,0,0,0,3,1,E01026699,3,1,0.0,1.0,-1,6,30,1,1,-1,18:05,5,2,3
2023010446797,2023,010446797,1,1,1,1,27,6,3,0,0,0,0,0,5,4,E01003210,-1,0,0.0,1.0,-1,6,20,1,1,1,17:00,7,2,5
2023041317163,2023,041317163,1,1,1,1,55,8,2,0,0,0,0,0,5,6,E01025486,7,1,1.0,0.0,-1,7,60,1,1,1,17:07,7,1,5
2023141330307,2023,141330307,1,1,3,2,65,9,2,8,9,0,0,0,0,3,E01007473,7,1,1.0,0.0,-1,6,30,1,1,1,15:17,2,1,9
2023471271406,2023,471271406,1,1,3,2,-1,-1,3,5,2,0,0,0,0,-1,-1,3,1,0.0,1.0,-1,6,30,1,1,1,08:35,5,1,9
2023531381067,2023,531381067,2,1,1,1,16,4,3,0,0,0,0,0,1,3,E01022286,3,1,0.0,1.0,-1,6,30,1,4,2,16:50,3,2,1
2023411392985,2023,411392985,1,1,1,1,19,4,3,0,0,0,0,0,3,8,E01023480,3,1,0.0,1.0,-1,6,30,4,4,1,19:23,1,2,3
2023010422941,2023,010422941,1,1,1,1,57,9,3,0,0,0,0,0,9,6,E01002166,-1,0,0.0,1.0,-1,6,30,1,4,1,20:51,1,2,9
2023041338423,2023,041338423,2,2,2,2,84,11,3,0,0,1,0,0,9,5,E01025013,3,1,0.0,1.0,-1,6,50,1,1,2,10:40,7,2,9
2023061346551,2023,061346551,3,2,1,1,40,7,3,0,0,0,0,0,9,1,E01005456,3,1,0.0,1.0,-1,6,30,1,1,1,15:30,1,3,9
2023440119263,2023,440119263,1,6,2,2,3,1,3,0,0,2,0,0,9,5,E01019947,-1,0,0.01273,0.98727,-1,3,40,1,1,1,18:00,7,2,9
2023320671980,2023,320671980,1,1,1,1,28,6,2,0,0,0,0,0,3,5,E01026276,-1,0,1.0,0.0,-1,6,60,1,6,1,03:25,2,1,3
2023991278559,2023,991278559,2,1,1,1,58,9,2,0,0,0,0,0,3,1,-1,7,1,1.0,0.0,-1,6,30,1,4,2,22:00,2,2,3
2023622300602,2023,622300602,2,1,1,1,14,3,3,0,0,0,0,0,-1,9,W01001072,-1,0,0.08758,0.91242,-1,6,30,1,1,1,18:02,7,2,-1
2023010421243,2023,010421243,1,1,3,2,11,3,2,10,9,0,0,0,0,2,E01000315,-1,0,1.0,0.0,-1,7,30,9,4,2,16:15,6,1,9
2023010470652,2023,010470652,2,1,1,1,26,6,3,0,0,0,0,0,4,10,E01002152,-1,0,0.0,1.0,-1,3,30,1,4,1,19:19,7,2,4
2023201389170,2023,201389170,1,1,3,1,84,11,3,1,3,0,0,0,0,6,E01010379,3,1,0.0,1.0,-1,3,20,1,4,2,20:06,7,1,9
2023991371368,2023,991371368,1,2,3,2,37,7,3,9,8,0,0,2,0,-1,-1,3,1,0.0,1.0,-1,6,30,2,4,2,19:00,2,1,9
2023010464190,2023,010464190,1,1,1,1,69,10,3,0,0,0,0,0,1,6,E01000857,-1,0,0.0,1.0,-1,6,20,1,1,1,15:00,7,2,1
2023041320452,2023,041320452,2,1,1,1,58,9,2,0,0,0,0,0,1,9,E01025596,6,1,1.0,0.0,-1,6,60,1,1,1,14:30,5,2,1
2023131338891,2023,131338891,2,1,1,1,19,4,3,0,0,0,0,0,3,8,E01011191,3,1,0.0,1.0,-1,6,30,1,1,1,07:30,2,2,3
2023231313730,2023,231313730,1,1,1,2,33,6,3,0,0,0,0,0,9,9,E01031039,3,1,0.0,1.0,-1,6,60,2,1,2,11:30,5,1,9
2023311303343,2023,311303343,1,1,3,1,4,1,3,5,3,0,0,0,0,-1,-1,3,1,0.0,1.0,-1,6,30,1,1,1,08:30,4,1,9
2023991391524,2023,991391524,1,1,3,2,74,10,2,6,9,0,0,2,0,-1,-1,6,1,1.0,0.0,-1,6,20,4,1,1,15:00,6,1,9
2023131373576,2023,131373576,2,1,1,1,57,9,3,0,0,0,0,0,9,3,E01010895,3,1,0.0,1.0,-1,6,30,1,4,1,21:10,7,2,9
2023221325996,2023,221325996,1,1,1,1,73,10,2,0,0,0,0,0,9,10,E01032227,6,1,1.0,0.0,-1,6,30,1,1,1,17:51,6,4,9
2023340WN2722,2023,340WN2722,2,2,1,1,37,7,3,0,0,0,0,0,9,10,E01032984,-1,0,0.04777,0.95223,-1,1,40,1,1,1,10:14,1,2,9
2023552300230,2023,552300230,1,2,2,2,16,4,3,0,0,1,0,0,9,7,E01020526,-1,0,0.09796,0.90204,-1,6,60,1,6,1,21:32,3,1,9
2023010430973,2023,010430973,1,1,3,1,80,11,2,10,9,0,0,0,0,9,E01000879,-1,0,1.0,0.0,-1,6,30,9,1,9,14:00,2,1,1
2023201366738,2023,201366738,1,1,3,1,54,8,1,9,9,0,0,2,0,6,E01009968,1,1,0.0,0.0,-1,3,30,1,1,1,21:27,6,1,9
2023070035341,2023,070035341,2,1,1,2,38,7,3,0,0,0,0,0,1,8,E01018623,-1,0,0.08214,0.91786,-1,6,40,2,1,2,15:15,5,2,1
2023061358844,2023,061358844,1,1,3,2,-1,-1,3,10,9,0,0,-1,0,-1,-1,3,1,0.0,1.0,-1,6,30,9,1,1,08:55,4,1,9
2023231329267,2023,231329267,1,1,3,1,14,3,3,5,1,0,0,0,0,8,E01031011,3,1,0.0,1.0,-1,1,30,8,1,1,19:00,4,1,9
2023541324023,2023,541324023,2,1,1,1,42,7,3,0,0,0,0,0,5,7,E01032015,-1,0,0.0302,0.9698,-1,6,30,1,1,1,09:27,1,2,5
2023340WN0462,2023,340WN0462,2,1,1,2,60,9,3,0,0,0,0,0,9,10,E01028199,-1,0,0.0714,0.9286,-1,6,50,1,1,1,10:30,3,2,9
2023451272332,2023,451272332,1,1,1,1,18,4,3,0,0,0,0,0,9,10,E01030809,3,1,0.0,1.0,-1,6,50,1,1,1,12:51,7,3,9
2023501285911,2023,501285911,2,1,1,1,63,9,3,0,0,0,0,0,9,4,E01020100,3,1,0.0,1.0,-1,6,60,2,1,2,16:35,1,3,9
2023041328448,2023,041328448,1,2,2,1,21,5,3,0,0,1,0,0,9,1,E01025293,3,1,0.0,1.0,-1,6,30,1,1,1,21:28,6,4,9
2023440276502,2023,440276502,1,4,2,2,18,4,3,0,0,2,0,0,9,4,E01017217,-1,0,0.07284,0.92716,-1,3,70,1,1,1,11:43,2,2,9
2023461356302,2023,461356302,1,1,2,1,37,7,2,0,0,1,0,0,9,2,E01024476,7,1,1.0,0.0,-1,6,40,1,1,1,02:45,2,1,9
2023320697954,2023,320697954,2,1,1,1,19,4,3,0,0,0,0,0,9,8,E01027054,-1,0,0.04516,0.95484,-1,6,30,1,4,1,18:15,6,2,9
2023010472993,2023,010472993,1,1,3,2,15,3,2,4,9,0,0,0,0,7,E01000517,-1,0,1.0,0.0,-1,6,30,1,1,2,15:13,5,2,-1
2023010433103,2023,010433103,2,1,1,1,50,8,3,0,0,0,0,0,1,3,E01033699,-1,0,0.0,1.0,-1,2,20,1,4,1,18:42,1,2,1
2023522401068,2023,522401068,2,1,1,1,-1,-1,3,0,0,0,0,0,1,-1,-1,-1,0,0.03641,0.96359,-1,6,30,1,7,1,19:40,6,2,1
2023471309811,2023,471309811,2,1,1,1,28,6,3,0,0,0,0,0,3,3,E01031556,3,1,0.0,1.0,-1,1,70,1,4,1,21:45,1,2,3
2023131311676,2023,131311676,2,2,1,1,25,5,3,0,0,0,0,0,8,3,E01007346,3,1,0.0,1.0,-1,6,30,4,1,1,08:46,6,2,8
2023201323131,2023,201323131,2,1,1,2,29,6,2,0,0,0,0,0,1,1,E01008932,7,1,1.0,0.0,-1,6,20,1,1,1,16:12,5,2,1
2023010454299,2023,010454299,1,1,1,1,23,5,3,0,0,0,0,0,3,2,E01001442,-1,0,0.0,1.0,-1,1,20,1,1,1,11:30,6,2,3
2023320390138,2023,320390138,1,7,2,1,13,3,3,0,0,1,0,0,9,-1,-1,-1,0,0.1129,0.8871,-1,6,60,1,1,1,14:05,1,3,9
2023411387676,2023,411387676,1,4,2,2,47,8,3,0,0,2,0,0,9,6,E01000250,3,1,0.0,1.0,-1,3,30,1,1,1,12:50,6,2,9
2023421350595,2023,421350595,1,1,3,1,41,7,2,5,1,0,0,0,0,4,E01002346,7,1,1.0,0.0,-1,6,30,1,1,1,12:54,6,1,9
2023461353437,2023,461353437,1,1,3,1,63,9,2,6,5,0,0,0,0,4,E01024541,7,1,1.0,0.0,-1,6,20,1,1,1,20:22,7,1,9
2023471343697,2023,471343697,2,1,1,1,50,8,3,0,0,0,0,0,1,2,E01016949,3,1,0.0,1.0,-1,6,30,1,1,1,19:50,1,2,1
2023010448064,2023,010448064,2,2,1,2,72,10,3,0,0,0,0,0,9,10,E01030324,-1,0,0.0,1.0,-1,6,30,1,1,1,15:36,6,2,9
2023071034543,2023,071034543,2,1,1,2,23,5,3,0,0,0,0,0,9,8,E01012435,-1,0,0.03477,0.96523,-1,6,30,2,4,2,20:37,6,2,9
2023371302783,2023,371302783,2,1,1,1,37,7,3,0,0,0,0,0,9,4,E01030022,3,1,0.0,1.0,-1,3,70,1,4,1,21:00,7,2,9
2023552301154,2023,552301154,2,2,1,1,70,10,3,0,0,0,0,0,9,2,E01015312,-1,0,0.00859,0.99141,-1,6,30,2,1,2,10:15,1,3,9
2023101263990,2023,101263990,1,1,3,2,92,11,2,5,3,0,0,0,0,1,E01008793,7,1,1.0,0.0,-1,6,30,1,1,1,15:20,2,1,9
2023161335884,2023,161335884,1,1,3,1,24,5,3,6,9,0,0,0,0,7,E01033106,3,1,0.0,1.0,-1,6,30,1,1,1,14:30,5,1,2
2023131306902,2023,131306902,2,1,1,1,46,8,3,0,0,0,0,0,1,-1,-1,3,1,0.0,1.0,-1,1,30,1,1,1,19:10,6,2,1
2023221352425,2023,221352425,1,1,1,2,26,6,2,0,0,0,0,0,9,8,E01028848,7,1,1.0,0.0,-1,6,60,1,1,1,07:10,5,1,9
2023351286585,2023,351286585,2,2,2,2,21,5,3,0,0,2,0,0,9,9,E01015689,3,1,0.0,1.0,-1,6,20,1,4,1,18:00,6,2,9
2023541911123,2023,541911123,2,1,1,1,43,7,3,0,0,0,0,0,1,4,E01015578,-1,0,0.05598,0.94402,-1,2,20,1,1,1,15:51,2,2,1
2023010455720,2023,010455720,1,1,1,2,30,6,3,0,0,0,0,0,3,3,E01003113,-1,0,0.0,1.0,-1,3,30,1,1,1,16:08,2,2,3
2023302301607,2023,302301607,1,1,3,2,28,6,3,5,1,0,0,0,0,2,E01013512,-1,0,0.07855,0.92145,-1,6,30,1,1,1,08:25,4,1,9
2023411301255,2023,411301255,1,1,3,2,7,2,3,10,9,0,0,0,0,9,E01023463,3,1,0.0,1.0,-1,6,20,1,1,1,17:05,4,1,9
2023010465697,2023,010465697,1,1,1,1,29,6,3,0,0,0,0,0,3,2,E01003508,-1,0,0.0,1.0,-1,9,30,1,1,1,19:10,3,2,3
2023440325158,2023,440325158,2,2,1,1,43,7,3,0,0,0,0,0,1,8,E01032690,-1,0,0.13443,0.86557,-1,6,30,1,1,1,09:00,7,2,1
202360A141224,2023,60A141224,2,1,1,2,58,9,3,0,0,0,0,0,22,-1,-1,-1,0,0.11173,0.88827,-1,6,30,1,1,1,14:00,7,2,22
2023141327592,2023,141327592,1,1,3,2,32,6,3,8,1,0,0,2,0,-1,-1,3,1,0.0,1.0,-1,6,30,2,4,2,02:45,1,1,9
2023010469358,2023,010469358,1,1,1,1,47,8,3,0,0,0,0,0,8,2,E01001755,-1,0,0.0,1.0,-1,6,20,1,4,1,02:40,1,2,8
2023122300979,2023,122300979,1,1,1,1,69,10,1,0,0,0,0,0,1,-1,-1,-1,0,0.0,0.0,-1,6,60,1,1,2,16:45,3,1,1
2023411356525,2023,411356525,1,1,1,2,82,11,3,0,0,0,0,0,9,10,E01023566,3,1,0.0,1.0,-1,3,30,1,1,1,12:25,1,3,9
2023522400663,2023,522400663,2,3,2,1,27,6,3,0,0,1,0,0,9,8,E01029024,-1,0,0.02101,0.97899,-1,6,30,4,4,2,19:05,5,2,9
2023552300406,2023,552300406,1,1,3,1,18,4,2,4,1,0,0,0,0,4,E01015382,-1,0,1.0,0.0,-1,6,30,1,4,1,13:40,7,1,9
2023991350699,2023,991350699,1,1,3,2,79,11,3,6,9,0,0,0,0,3,-1,3,1,0.0,1.0,-1,6,20,1,1,1,16:40,6,1,9
2023421328562,2023,421328562,2,1,1,1,22,5,3,0,0,0,0,0,1,2,E01015828,3,1,0.0,1.0,-1,6,30,1,1,1,10:45,1,2,1
2023440013398,2023,440013398,1,1,2,1,19,4,2,0,0,0,0,0,3,3,E01022670,-1,0,1.0,0.0,-1,6,30,1,1,1,11:27,4,2,3
2023101259772,2023,101259772,2,1,2,2,20,4,3,0,0,2,0,0,9,-1,-1,3,1,0.0,1.0,-1,6,30,1,1,1,19:32,4,2,9
2023421289615,2023,421289615,2,1,1,2,22,5,3,0,0,0,0,0,-1,5,E01021575,3,1,0.0,1.0,-1,6,30,1,1,1,15:21,4,2,-1
2023010472390,2023,010472390,1,2,2,2,24,5,2,0,0,2,0,0,9,3,E01003981,-1,0,1.0,0.0,-1,6,30,1,4,1,00:21,3,2,9
2023361412510,2023,361412510,2,2,1,2,41,7,3,0,0,0,0,0,9,9,E01026836,3,1,0.0,1.0,-1,6,60,1,6,2,17:25,7,3,9
2023552301065,2023,552301065,2,1,1,1,54,8,3,0,0,0,0,0,9,2,E01020348,-1,0,0.00585,0.99415,-1,3,30,1,1,1,17:15,6,2,9
2023010478287,2023,010478287,1,1,1,-1,39,7,3,0,0,0,0,0,3,2,E01001651,-1,0,0.0,1.0,-1,9,30,9,1,9,12:01,3,2,3
2023471358051,2023,471358051,1,1,1,1,44,7,1,0,0,0,0,0,5,4,E01021177,1,1,0.0,0.0,-1,6,60,1,1,1,13:20,7,3,5
2023991277063,2023,991277063,2,1,1,1,53,8,3,0,0,0,0,0,8,2,-1,3,1,0.0,1.0,-1,6,20,1,4,1,19:50,2,2,8
2023401366808,2023,401366808,2,2,1,1,63,9,2,0,0,0,0,0,5,6,E01015775,7,1,1.0,0.0,-1,6,30,1,1,1,12:42,1,2,5
2023522400002,2023,522400002,1,1,3,1,54,8,3,5,9,0,0,0,0,4,E01014815,-1,0,0.13148,0.86852,-1,6,30,1,1,1,17:50,5,1,9
2023010444788,2023,010444788,1,1,1,1,26,6,3,0,0,0,0,0,3,3,E01003563,-1,0,0.0,1.0,-1,9,20,1,4,1,00:55,4,2,3
2023991375468,2023,991375468,2,1,1,1,64,9,3,0,0,0,0,0,1,6,-1,3,1,0.0,1.0,-1,3,30,1,4,1,18:35,5,2,1
2023302301404,2023,302301404,1,1,1,2,24,5,2,0,0,0,0,0,3,3,E01025950,-1,0,1.0,0.0,-1,6,60,1,1,1,14:35,6,2,3
2023010448606,2023,010448606,2,2,2,2,6,2,3,0,0,2,0,0,9,5,E01003144,-1,0,0.0,1.0,-1,3,20,1,1,1,17:05,2,2,9
2023311372270,2023,311372270,1,1,3,1,23,5,3,5,9,0,0,-1,0,-1,-1,3,1,0.0,1.0,-1,6,30,1,1,1,15:50,1,1,8
2023332300490,2023,332300490,1,1,3,2,72,10,3,9,5,0,0,0,0,3,E01013718,-1,0,0.0571,0.9429,-1,2,30,2,1,2,12:30,3,1,9
2023311357723,2023,311357723,2,1,1,1,20,4,3,0,0,0,0,0,1,4,E01027982,3,1,0.0,1.0,-1,6,30,2,1,2,14:30,4,2,1
2023440012011,2023,440012011,1,1,1,1,51,8,3,0,0,0,0,0,1,4,E01022681,-1,0,0.10555,0.89445,-1,6,30,2,4,2,07:50,3,2,1
2023991309352,2023,991309352,1,1,1,1,76,11,2,0,0,0,0,0,5,2,-1,7,1,1.0,0.0,-1,6,60,1,1,1,15:15,6,1,5
2023010464637,2023,010464637,1,2,2,2,40,7,3,0,0,0,4,0,11,2,E01000019,-1,0,0.0,1.0,-1,1,30,1,1,1,12:15,5,2,11
2023141330577,2023,141330577,3,1,1,1,56,9,3,0,0,0,0,0,9,3,E01007480,3,1,0.0,1.0,-1,6,60,1,1,1,09:51,3,4,9
2023522301845,2023,522301845,1,3,2,1,73,10,3,0,0,1,0,0,9,4,E01032516,-1,0,0.05623,0.94377,-1,6,30,1,1,2,09:22,3,2,9
2023622300755,2023,622300755,1,1,1,1,28,6,3,0,0,0,0,0,9,5,W01000820,-1,0,0.08424,0.91576,-1,6,30,1,4,1,22:43,5,1,9
2023461276167,2023,461276167,2,2,2,2,8,2,3,0,0,2,0,0,9,-1,-1,3,1,0.0,1.0,-1,1,60,1,1,2,08:02,4,3,9
2023991344507,2023,991344507,1,2,2,1,62,9,3,0,0,1,0,0,9,2,-1,3,1,0.0,1.0,-1,2,20,1,4,1,01:45,4,1,9
2023320460200,2023,320460200,2,1,2,2,17,4,3,0,0,1,0,0,9,6,E01026404,-1,0,0.03069,0.96931,-1,6,30,2,1,2,18:27,3,2,9
2023471269135,2023,471269135,2,1,1,1,27,6,3,0,0,0,0,0,9,7,E01031423,3,1,0.0,1.0,-1,6,60,1,1,1,10:05,7,2,9
2023501324316,2023,501324316,2,1,1,2,44,7,3,0,0,0,0,0,9,6,E01019893,3,1,0.0,1.0,-1,6,30,1,1,1,13:00,5,3,9
2023531282482,2023,531282482,2,2,1,1,37,7,3,0,0,0,0,0,19,8,E01022313,3,1,0.0,1.0,-1,6,50,1,1,2,14:50,4,2,19
2023201323618,2023,201323618,1,1,3,1,3,1,3,5,3,0,0,0,0,3,E01010144,3,1,0.0,1.0,-1,6,30,1,1,1,19:00,3,1,9
2023481364558,2023,481364558,1,1,3,1,50,8,2,1,1,0,0,0,0,-1,-1,7,1,1.0,0.0,-1,6,20,1,1,1,17:15,3,1,1
2023052302378,2023,052302378,2,1,1,1,36,7,3,0,0,0,0,0,1,1,E01006761,-1,0,0.1453,0.8547,-1,6,20,1,1,2,09:11,6,2,1
2023141391880,2023,141391880,1,1,3,1,31,6,3,10,9,0,0,0,0,4,E01007816,3,1,0.0,1.0,-1,6,30,1,1,1,10:54,5,1,9
2023991344395,2023,991344395,1,1,3,1,18,4,2,8,3,0,0,2,0,3,-1,6,1,1.0,0.0,-1,6,30,1,4,1,19:21,7,1,9
2023231328452,2023,231328452,2,2,1,2,33,6,3,0,0,0,0,0,9,9,E01031301,3,1,0.0,1.0,-1,1,40,2,1,2,12:23,7,2,9
2023361323321,2023,361323321,2,2,2,1,-1,-1,3,0,0,-1,0,0,9,5,-1,3,1,0.0,1.0,-1,6,50,1,1,1,19:34,3,2,9
2023451368712,2023,451368712,4,1,2,2,77,11,3,0,0,1,0,0,9,9,E01030856,3,1,0.0,1.0,-1,6,60,1,1,2,12:12,2,4,9
2023451377795,2023,451377795,2,1,1,1,38,7,3,0,0,0,0,0,9,7,E01002198,3,1,0.0,1.0,-1,3,70,1,6,1,18:00,4,4,9
2023010475536,2023,010475536,1,1,1,1,29,6,3,0,0,0,0,0,3,5,E01000593,-1,0,0.0,1.0,-1,6,20,2,1,2,16:05,5,2,3
2023131309410,2023,131309410,2,1,1,1,19,4,3,0,0,0,0,0,3,8,E01011187,3,1,0.0,1.0,-1,6,30,1,1,1,17:00,6,2,3
2023010473278,2023,010473278,1,1,1,2,24,5,3,0,0,0,0,0,9,5,E01003833,-1,0,0.0,1.0,-1,9,20,2,1,2,16:20,7,2,9
2023371377284,2023,371377284,2,1,1,1,56,9,3,0,0,0,0,0,22,3,E01030262,3,1,0.0,1.0,-1,1,30,1,1,1,11:45,3,2,22
2023501401941,2023,501401941,2,1,1,1,41,7,3,0,0,0,0,0,3,2,E01020014,3,1,0.0,1.0,-1,6,30,2,1,2,10:00,7,2,3
2023010441543,2023,010441543,1,1,1,2,33,6,3,0,0,0,0,0,1,-1,-1,-1,0,0.0,1.0,-1,6,20,2,1,2,17:00,7,2,1
2023010482100,2023,010482100,2,1,1,1,25,5,3,0,0,0,0,0,3,-1,-1,-1,0,0.0,1.0,-1,6,20,2,1,2,14:10,3,2,3
2023101327511,2023,101327511,1,1,1,2,11,3,3,0,0,0,0,0,1,-1,-1,3,1,0.0,1.0,-1,6,30,1,1,1,18:40,4,2,1
2023010427380,2023,010427380,1,1,1,1,46,8,3,0,0,0,0,0,5,7,E01001642,-1,0,0.0,1.0,-1,3,30,1,1,1,09:25,4,2,5
2023991304941,2023,991304941,2,1,1,1,51,8,2,0,0,0,0,0,5,10,E01027717,5,1,1.0,0.0,-1,6,60,1,1,1,11:30,1,2,5
2023010468301,2023,010468301,2,1,2,2,7,2,3,0,0,0,0,0,5,4,E01002677,-1,0,0.0,1.0,-1,6,20,1,1,1,08:31,3,2,5
2023061274777,2023,061274777,1,1,3,2,33,6,2,5,1,0,0,0,0,3,E01006272,7,1,1.0,0.0,-1,6,30,1,1,2,12:32,3,1,9
2023010475127,2023,010475127,1,1,3,1,24,5,3,9,9,0,0,0,0,8,E01001377,-1,0,0.0,1.0,-1,6,20,1,1,1,11:52,3,1,11
2023061366965,2023,061366965,1,1,3,1,62,9,2,8,1,0,0,-1,0,9,E01005854,7,1,1.0,0.0,-1,6,30,2,1,-1,13:15,6,1,9
2023421274976,2023,421274976,1,1,1,1,39,7,2,0,0,0,0,0,3,7,E01021538,6,1,1.0,0.0,-1,6,60,1,1,1,12:58,4,2,3
2023991330795,2023,991330795,1,1,1,1,40,7,3,0,0,0,0,0,90,1,-1,3,1,0.0,1.0,-1,6,30,1,6,1,22:21,3,1,90
2023421390447,2023,421390447,2,1,3,1,30,6,3,9,9,0,0,0,0,-1,-1,3,1,0.0,1.0,-1,6,30,1,4,1,02:10,1,2,9
2023991315659,2023,991315659,1,1,3,1,14,3,2,6,8,0,0,2,0,-1,-1,5,1,1.0,0.0,-1,6,30,1,1,1,17:29,3,1,11
2023302301862,2023,302301862,1,1,3,1,45,7,3,9,8,0,0,0,0,9,E01019635,-1,0,0.12531,0.87469,-1,6,30,3,4,4,19:24,1,1,9
2023991390833,2023,991390833,1,1,3,1,46,8,1,9,9,0,0,2,0,1,-1,1,1,0.0,0.0,-1,6,60,5,6,2,22:40,4,1,9
2023161302024,2023,161302024,1,1,1,1,37,7,3,0,0,0,0,0,5,9,E01013168,3,1,0.0,1.0,-1,1,30,1,1,1,16:40,2,2,5
2023501398084,2023,501398084,1,1,1,1,49,8,3,0,0,0,0,0,9,5,E01018960,3,1,0.0,1.0,-1,6,60,2,1,2,07:20,3,1,9
2023320687413,2023,320687413,1,2,2,2,6,2,3,0,0,2,0,0,9,6,E01026282,-1,0,0.05284,0.94716,-1,6,60,1,1,2,08:10,2,2,9
2023520301270,2023,520301270,2,2,1,1,88,11,2,0,0,0,0,0,9,3,E01032635,-1,0,1.0,0.0,-1,6,60,1,1,1,14:00,7,2,9
2023061323507,2023,061323507,1,1,1,1,76,11,3,0,0,0,0,0,9,7,E01004900,3,1,0.0,1.0,-1,6,30,1,1,1,10:35,3,1,9
2023421383569,2023,421383569,2,2,1,2,36,7,3,0,0,0,0,0,9,1,E01015842,3,1,0.0,1.0,-1,2,30,1,1,2,15:40,4,2,9
2023461376658,2023,461376658,2,1,1,1,22,5,3,0,0,0,0,0,9,4,E01024694,3,1,0.0,1.0,-1,6,20,9,1,1,14:16,7,2,9
2023131361244,2023,131361244,2,3,2,1,62,9,3,0,0,0,0,0,20,4,E01011808,3,1,0.0,1.0,-1,3,30,1,1,1,08:00,2,2,20
2023010419579,2023,010419579,1,1,1,1,25,5,3,0,0,0,0,0,9,3,E01001504,-1,0,0.0,1.0,-1,2,20,2,4,2,17:40,3,2,9
2023440484155,2023,440484155,2,4,2,2,47,8,3,0,0,1,0,0,9,-1,-1,-1,0,0.06407,0.93593,-1,6,30,2,4,2,18:01,1,2,9
2023041377930,2023,041377930,1,1,1,2,20,4,3,0,0,0,0,0,9,8,E01024984,3,1,0.0,1.0,-1,3,30,1,1,1,07:58,6,2,9
2023122300625,2023,122300625,1,1,1,1,23,5,3,0,0,0,0,0,9,10,E01013402,-1,0,0.15116,0.84884,-1,6,60,1,6,1,00:18,2,1,9
2023340WN5542,2023,340WN5542,1,1,1,1,21,5,3,0,0,0,0,0,9,1,E01001545,-1,0,0.06369,0.93631,-1,3,70,1,1,1,14:22,4,5,9