collision_index,collision_year,collision_ref_no,vehicle_reference,casualty_reference,casualty_class,sex_of_casualty,age_of_casualty,age_band_of_casualty,casualty_severity,pedestrian_location,pedestrian_movement,car_passenger,bus_or_coach_passenger,pedestrian_road_maintenance_worker,casualty_type,casualty_imd_decile,lsoa_of_casualty,enhanced_casualty_severity,casualty_injury_based,casualty_adjusted_severity_serious,casualty_adjusted_severity_slight,casualty_distance_banding,road_type,speed_limit,weather_conditions,light_conditions,road_surface_conditions,time,day_of_week,number_of_vehicles,vehicle_type
2023430568143,2023,430568143,2,2,1,2,69,10,3,0,0,0,0,0,9,5,E01016765,-1,0,0.09329,0.90671,-1,6,60,1,7,2,22:51,3,2,9
2023311278014,2023,311278014,1,1,2,2,37,7,3,0,0,0,4,0,11,5,E01028073,3,1,0.0,1.0,-1,6,30,1,1,1,10:44,1,1,11
2023122300224,2023,122300224,1,1,1,1,22,5,2,0,0,0,0,0,9,7,E01027724,-1,0,1.0,0.0,-1,6,60,1,6,1,04:50,1,1,9
2023131293208,2023,131293208,2,1,2,2,32,6,3,0,0,1,0,0,9,1,E01010960,3,1,0.0,1.0,-1,2,20,1,1,1,19:40,1,2,9
2023231274775,2023,231274775,1,1,1,1,29,6,3,0,0,0,0,0,9,6,E01031022,3,1,0.0,1.0,-1,6,30,1,1,4,09:30,2,2,9
2023471367699,2023,471367699,1,1,2,2,85,11,2,0,0,1,0,0,9,10,E01031621,7,1,1.0,0.0,-1,6,60,2,1,2,12:00,6,2,9
2023501285645,2023,501285645,2,1,1,2,54,8,3,0,0,0,0,0,9,8,E01015097,3,1,0.0,1.0,-1,6,40,1,4,2,07:46,3,2,9
2023471378950,2023,471378950,1,1,1,1,17,4,3,0,0,0,0,0,9,2,E01033588,3,1,0.0,1.0,-1,6,60,1,6,2,21:56,7,1,9
2023010436432,2023,010436432,1,1,1,1,25,5,3,0,0,0,0,0,9,2,E01003950,-1,0,0.0,1.0,-1,1,30,7,1,2,05:58,7,1,9
2023461361342,2023,461361342,1,1,1,1,76,11,3,0,0,0,0,0,9,2,E01024584,3,1,0.0,1.0,-1,6,30,1,1,1,18:46,1,3,9
2023361287205,2023,361287205,2,2,1,1,36,7,3,0,0,0,0,0,20,-1,-1,3,1,0.0,1.0,-1,6,50,1,1,1,15:10,4,3,20
2023010429449,2023,010429449,2,1,1,1,27,6,2,0,0,0,0,0,3,-1,-1,-1,0,1.0,0.0,-1,6,30,1,1,1,12:43,2,3,3
2023010443184,2023,010443184,1,1,1,1,36,7,3,0,0,0,0,0,3,2,E01001246,-1,0,0.0,1.0,-1,9,20,9,1,9,11:30,7,2,3
2023622300558,2023,622300558,1,1,3,1,11,3,3,5,3,0,0,0,0,1,W01001201,-1,0,0.0368,0.9632,-1,6,30,1,1,1,19:14,5,1,9
2023991280254,2023,991280254,1,1,3,1,15,3,2,1,1,0,0,0,0,7,-1,5,1,1.0,0.0,-1,6,30,1,1,1,17:35,6,1,9
2023221360810,2023,221360810,1,1,1,1,73,10,2,0,0,0,0,0,5,9,E01014172,7,1,1.0,0.0,-1,6,60,1,1,1,15:00,6,2,5
2023010477758,2023,010477758,1,1,3,2,56,9,2,5,4,0,0,0,0,3,E01001109,-1,0,1.0,0.0,-1,3,30,4,4,2,16:40,2,1,5
2023031278051,2023,031278051,1,1,3,1,37,7,3,10,9,0,0,0,0,1,E01019113,3,1,0.0,1.0,-1,9,30,1,1,1,11:12,1,1,9
2023461333859,2023,461333859,2,1,1,2,32,6,3,0,0,0,0,0,1,3,E01000973,3,1,0.0,1.0,-1,6,60,1,1,1,13:30,1,2,1
2023010427676,2023,010427676,1,1,1,1,40,7,3,0,0,0,0,0,9,2,E01003237,-1,0,0.0,1.0,-1,3,40,1,1,1,11:45,6,3,9
2023010499092,2023,010499092,1,1,1,1,30,6,3,0,0,0,0,0,9,6,E01001160,-1,0,0.0,1.0,-1,6,20,7,4,2,17:34,7,2,9
2023411310915,2023,411310915,1,1,1,2,34,6,3,0,0,0,0,0,9,10,E01023367,3,1,0.0,1.0,-1,6,40,1,1,1,15:10,2,2,9
2023101330314,2023,101330314,2,2,2,1,37,7,3,0,0,1,0,0,9,1,E01008730,3,1,0.0,1.0,-1,1,30,1,1,1,17:08,6,2,9
2023320198815,2023,320198815,3,2,2,1,23,5,3,0,0,1,0,0,9,9,E01026194,-1,0,0.04037,0.95963,-1,6,50,1,1,1,13:30,1,5,9
2023421291823,2023,421291823,2,1,1,1,47,8,2,0,0,0,0,0,19,2,E01015828,6,1,1.0,0.0,-1,6,20,1,1,1,16:45,4,2,19
2023010460952,2023,010460952,1,1,3,2,57,9,3,5,4,0,0,0,0,6,E01001662,-1,0,0.0,1.0,-1,6,20,1,1,1,20:05,4,1,19
2023451275337,2023,451275337,1,1,1,1,25,5,3,0,0,0,0,0,3,7,E01030993,3,1,0.0,1.0,-1,6,30,1,1,1,18:06,6,2,3
2023991392852,2023,991392852,1,1,1,1,18,4,2,0,0,0,0,0,4,3,-1,7,1,1.0,0.0,-1,6,20,1,4,2,18:30,2,2,4
2023361415330,2023,361415330,1,1,2,1,18,4,3,0,0,1,0,0,9,4,E01026628,3,1,0.0,1.0,-1,6,60,4,1,2,12:12,6,1,9
2023010455071,2023,010455071,1,3,2,2,47,8,3,0,0,2,0,0,9,-1,-1,-1,0,0.0,1.0,-1,1,30,1,1,1,19:08,5,2,9
2023010456721,2023,010456721,1,1,1,1,56,9,3,0,0,0,0,0,9,3,E01000011,-1,0,0.0,1.0,-1,6,30,2,1,2,16:40,7,2,9
2023201297929,2023,201297929,1,1,1,1,44,7,3,0,0,0,0,0,9,3,E01009005,3,1,0.0,1.0,-1,6,30,1,1,1,08:20,6,2,9
2023302301936,2023,302301936,2,1,1,1,75,10,3,0,0,0,0,0,9,8,E01013469,-1,0,0.03268,0.96732,-1,3,40,1,1,2,15:00,5,2,9
202360A044753,2023,60A044753,2,2,1,1,27,6,3,0,0,0,0,0,9,-1,-1,-1,0,0.10727,0.89273,-1,6,60,1,7,2,19:49,3,2,9
2023631364723,2023,631364723,2,1,1,1,70,10,3,0,0,0,0,0,9,8,W01000453,3,1,0.0,1.0,-1,6,60,1,1,1,12:04,5,2,9
2023101307102,2023,101307102,3,2,1,2,67,10,3,0,0,0,0,0,9,6,E01008003,3,1,0.0,1.0,-1,3,70,1,1,1,14:21,7,3,9
2023010446111,2023,010446111,1,1,2,2,64,9,2,0,0,0,3,0,11,5,E01003155,-1,0,1.0,0.0,-1,3,30,1,7,1,21:45,6,1,11
2023320416923,2023,320416923,1,1,1,2,60,9,3,0,0,0,0,0,9,4,E01032986,-1,0,0.07196,0.92804,-1,1,60,1,1,1,12:05,5,3,9
2023631337254,2023,631337254,2,2,2,2,62,9,3,0,0,1,0,0,9,5,E01014414,3,1,0.0,1.0,-1,6,60,1,1,1,15:55,3,2,9
2023401368499,2023,401368499,2,3,2,1,10,2,3,0,0,2,0,0,9,9,E01017398,3,1,0.0,1.0,-1,6,30,1,4,-1,17:45,1,2,9
2023430089261,2023,430089261,2,2,2,2,3,1,3,0,0,2,0,0,9,10,E01028608,-1,0,0.00352,0.99648,-1,6,20,1,1,1,12:20,1,2,9
2023531324987,2023,531324987,1,3,2,2,77,11,2,0,0,1,0,0,9,4,E01031895,5,1,1.0,0.0,-1,6,60,1,1,1,13:20,1,3,9
2023031353331,2023,031353331,2,1,1,1,20,4,2,0,0,0,0,0,1,2,E01019210,7,1,1.0,0.0,-1,6,30,1,1,1,16:25,1,2,1
2023440339551,2023,440339551,1,1,3,2,32,6,3,9,5,0,0,0,0,8,E01017056,-1,0,0.16579,0.83421,-1,6,20,1,1,1,12:00,3,2,9
2023010478638,2023,010478638,2,1,1,1,28,6,3,0,0,0,0,0,1,3,E01003583,-1,0,0.0,1.0,-1,6,30,1,1,1,15:37,6,2,1
2023622300536,2023,622300536,2,2,1,1,43,7,3,0,0,0,0,0,1,2,W01001872,-1,0,0.10897,0.89103,-1,6,20,1,1,1,19:01,6,2,1
2023010479712,2023,010479712,1,1,3,2,49,8,2,1,1,0,0,0,0,1,E01002904,-1,0,1.0,0.0,-1,6,20,1,1,1,12:10,5,1,11
2023010435650,2023,010435650,1,1,2,2,25,5,3,0,0,0,4,0,11,7,E01000702,-1,0,0.0,1.0,-1,3,30,1,1,1,14:54,2,2,11
2023061355079,2023,061355079,2,1,1,1,52,8,3,0,0,0,0,0,9,6,E01005973,3,1,0.0,1.0,-1,6,30,1,1,1,18:40,6,2,9
2023111370525,2023,111370525,2,1,1,2,52,8,3,0,0,0,0,0,9,7,E01020879,3,1,0.0,1.0,-1,6,30,1,1,1,11:40,6,2,9
2023161364069,2023,161364069,1,1,1,2,46,8,3,0,0,0,0,0,9,6,E01012922,3,1,0.0,1.0,-1,6,30,1,1,1,17:45,1,2,9
2023071327026,2023,071327026,1,4,2,1,17,4,3,0,0,2,0,0,9,4,E01018624,-1,0,0.05708,0.94292,-1,6,30,2,6,5,21:06,4,1,9
2023501395432,2023,501395432,2,1,1,1,49,8,3,0,0,0,0,0,9,4,E01015265,3,1,0.0,1.0,-1,7,30,1,4,2,08:00,4,2,9
2023531345230,2023,531345230,1,1,1,2,39,7,3,0,0,0,0,0,9,7,E01031215,3,1,0.0,1.0,-1,6,60,1,1,1,13:25,1,1,9
2023061277010,2023,061277010,2,1,1,1,54,8,3,0,0,0,0,0,9,6,E01004912,3,1,0.0,1.0,-1,6,30,1,1,-1,08:15,4,2,9
2023471302155,2023,471302155,1,2,1,1,23,5,2,0,0,0,0,0,9,1,E01020982,7,1,1.0,0.0,-1,6,30,1,4,1,01:35,7,2,9
2023991299789,2023,991299789,2,1,1,2,50,8,3,0,0,0,0,0,9,3,-1,3,1,0.0,1.0,-1,6,30,1,1,1,19:40,7,3,9
2023010467597,2023,010467597,4,1,1,2,33,6,3,0,0,0,0,0,9,3,E01003391,-1,0,0.0,1.0,-1,6,30,1,1,1,08:50,6,4,9
2023461298033,2023,461298033,2,1,2,2,88,11,3,0,0,1,0,0,9,2,E01024500,3,1,0.0,1.0,-1,6,30,1,1,1,14:19,7,2,9
2023421452697,2023,421452697,1,1,1,1,23,5,3,0,0,0,0,0,19,6,E01021460,3,1,0.0,1.0,-1,6,60,2,6,2,22:38,4,1,19
2023131391215,2023,131391215,1,1,1,2,33,6,3,0,0,0,0,0,9,3,E01011341,3,1,0.0,1.0,-1,6,30,8,4,1,15:40,5,2,9
2023411332728,2023,411332728,1,1,1,2,37,7,3,0,0,0,0,0,9,10,E01023524,3,1,0.0,1.0,-1,6,40,1,1,2,13:50,3,1,9
2023440174320,2023,440174320,1,2,2,2,21,5,3,0,0,1,0,0,9,1,E01017037,-1,0,0.15547,0.84453,-1,6,30,1,4,1,01:12,5,1,9
2023451318732,2023,451318732,2,2,1,2,29,6,3,0,0,0,0,0,9,5,E01030457,3,1,0.0,1.0,-1,3,30,1,1,1,18:20,4,3,9
2023201397915,2023,201397915,2,1,1,2,34,6,3,0,0,0,0,0,9,3,E01010407,3,1,0.0,1.0,-1,6,20,1,1,1,07:45,6,2,9
2023221346684,2023,221346684,1,1,1,2,35,6,3,0,0,0,0,0,9,1,E01032232,3,1,0.0,1.0,-1,6,30,1,1,1,17:42,2,2,9
2023461303792,2023,461303792,1,2,2,1,68,10,2,0,0,1,0,0,9,4,E01000722,6,1,1.0,0.0,-1,1,50,1,1,1,13:52,4,2,9
202354C025723,2023,54C025723,1,1,1,1,76,11,2,0,0,0,0,0,10,10,E01032097,-1,0,1.0,0.0,-1,6,60,1,6,1,17:32,2,2,10
2023471276113,2023,471276113,1,1,1,1,-1,-1,3,0,0,0,0,0,2,9,E01031685,3,1,0.0,1.0,-1,6,30,1,4,1,06:00,3,2,2
2023170M10963,2023,170M10963,1,1,3,2,12,3,2,5,1,0,0,0,0,1,E01033469,-1,0,1.0,0.0,-1,6,30,1,1,1,22:27,1,1,9
2023451335320,2023,451335320,1,1,3,1,27,6,3,10,9,0,0,0,0,3,E01030711,3,1,0.0,1.0,-1,6,30,4,7,2,03:10,1,1,9
2023501376165,2023,501376165,1,1,1,1,34,6,3,0,0,0,0,0,19,-1,-1,3,1,0.0,1.0,-1,6,40,2,6,2,01:00,5,1,19
2023361344325,2023,361344325,1,1,1,1,85,11,3,0,0,0,0,0,22,5,E01026442,3,1,0.0,1.0,-1,6,60,1,1,1,15:32,2,2,22
2023041334467,2023,041334467,2,1,1,2,46,8,3,0,0,0,0,0,9,1,E01025575,3,1,0.0,1.0,-1,3,30,1,1,1,10:00,6,2,9
2023122300451,2023,122300451,2,1,1,2,24,5,3,0,0,0,0,0,9,1,E01010626,-1,0,0.03632,0.96368,-1,6,60,1,1,1,07:41,5,2,9
2023131311186,2023,131311186,1,2,1,2,18,4,3,0,0,0,0,0,9,2,E01011378,3,1,0.0,1.0,-1,6,40,1,4,1,02:05,5,2,9
2023141391944,2023,141391944,2,1,1,1,60,9,3,0,0,0,0,0,1,3,E01033272,3,1,0.0,1.0,-1,6,30,5,1,2,10:15,1,2,1
2023471279888,2023,471279888,2,1,1,2,50,8,3,0,0,0,0,0,1,9,E01031495,3,1,0.0,1.0,-1,6,30,1,1,1,15:24,5,2,1
2023010486758,2023,010486758,1,1,1,1,31,6,2,0,0,0,0,0,3,4,E01004526,-1,0,1.0,0.0,-1,6,20,2,4,2,17:15,1,2,3
2023131304948,2023,131304948,1,1,1,2,23,5,3,0,0,0,0,0,9,2,E01011000,3,1,0.0,1.0,-1,6,30,1,4,1,22:01,1,2,9
2023520400090,2023,520400090,1,1,1,1,47,8,3,0,0,0,0,0,9,5,E01029268,-1,0,0.07789,0.92211,-1,6,30,1,4,1,05:15,7,1,9
2023010420429,2023,010420429,1,1,3,2,23,5,3,1,1,0,0,1,0,1,E01003963,-1,0,0.0,1.0,-1,3,20,1,1,1,08:00,5,1,11
2023481377440,2023,481377440,1,1,3,1,29,6,3,9,6,0,0,0,0,-1,-1,3,1,0.0,1.0,-1,6,20,1,1,1,07:31,4,1,9
2023211334460,2023,211334460,1,1,1,2,40,7,3,0,0,0,0,0,9,3,E01014322,3,1,0.0,1.0,-1,6,60,1,6,1,06:52,5,2,9
2023302300276,2023,302300276,2,1,1,1,66,10,3,0,0,0,0,0,9,9,E01019631,-1,0,0.0119,0.9881,-1,6,30,1,1,1,15:40,2,2,9
2023361311642,2023,361311642,1,2,1,2,54,8,3,0,0,0,0,0,9,4,E01026765,3,1,0.0,1.0,-1,6,60,1,1,1,07:43,6,2,9
2023461377767,2023,461377767,2,1,1,1,32,6,3,0,0,0,0,0,9,1,E01024507,3,1,0.0,1.0,-1,6,30,1,4,1,17:54,7,2,9
2023010466473,2023,010466473,1,1,1,1,56,9,3,0,0,0,0,0,2,-1,-1,-1,0,0.0,1.0,-1,3,20,1,4,1,20:28,7,2,2
2023411368346,2023,411368346,2,1,1,1,30,6,3,0,0,0,0,0,-1,3,E01023866,3,1,0.0,1.0,-1,6,30,1,4,1,20:15,2,2,-1
2023991296903,2023,991296903,1,1,2,1,77,11,3,0,0,0,3,0,11,4,-1,3,1,0.0,1.0,-1,6,20,8,1,1,15:35,6,1,11
202363D027423,2023,63D027423,3,1,1,1,29,6,3,0,0,0,0,0,9,-1,-1,-1,0,0.0844,0.9156,-1,6,60,1,1,1,17:32,6,3,9
2023991391934,2023,991391934,1,1,1,2,48,8,2,0,0,0,0,0,9,7,-1,5,1,1.0,0.0,-1,3,50,5,1,2,08:55,1,1,9
2023010436476,2023,010436476,1,1,1,1,32,6,3,0,0,0,0,0,1,3,E01002547,-1,0,0.0,1.0,-1,6,20,1,1,1,06:25,7,2,1
2023522301781,2023,522301781,1,1,1,1,26,6,3,0,0,0,0,0,1,2,E01014629,-1,0,0.04372,0.95628,-1,6,20,1,1,1,21:01,3,2,1
2023320224515,2023,320224515,1,2,1,1,24,5,3,0,0,0,0,0,9,9,E01027212,-1,0,0.09345,0.90655,-1,6,60,2,1,2,15:30,6,1,9
2023461317461,2023,461317461,1,1,1,2,55,8,3,0,0,0,0,0,9,9,E01024253,3,1,0.0,1.0,-1,3,50,1,1,1,17:00,2,3,9
2023061320760,2023,061320760,2,1,1,2,47,8,3,0,0,0,0,0,1,9,E01006076,3,1,0.0,1.0,-1,6,30,1,1,1,08:19,4,2,1
2023052300114,2023,052300114,1,1,3,1,11,3,3,1,3,0,0,0,0,1,E01006552,-1,0,0.1711,0.8289,-1,3,30,1,1,1,16:10,6,1,9
2023010445370,2023,010445370,1,1,1,1,51,8,2,0,0,0,0,0,5,2,E01033702,-1,0,1.0,0.0,-1,2,20,1,4,1,23:30,6,1,5
2023010444948,2023,010444948,1,1,1,2,56,9,3,0,0,0,0,0,9,1,E01003487,-1,0,0.0,1.0,-1,6,30,1,1,1,08:25,5,2,9
2023211440435,2023,211440435,2,2,1,1,73,10,3,0,0,0,0,0,9,-1,-1,3,1,0.0,1.0,-1,1,40,1,1,1,12:36,6,2,9
2023161371609,2023,161371609,1,1,3,2,15,3,3,5,1,0,0,0,0,1,E01013000,3,1,0.0,1.0,-1,6,30,1,1,1,15:00,7,1,9
202354B509323,2023,54B509323,3,1,1,2,25,5,3,0,0,0,0,0,9,10,E01015563,-1,0,0.00271,0.99729,-1,3,40,1,4,1,17:21,2,3,9
202360A152258,2023,60A152258,2,2,1,2,35,6,3,0,0,0,0,0,9,-1,-1,-1,0,0.02784,0.97216,-1,6,20,1,1,1,15:35,4,2,9
2023010428598,2023,010428598,3,2,1,1,24,5,2,0,0,0,0,0,3,-1,-1,-1,0,1.0,0.0,-1,6,30,2,1,2,14:20,4,3,3
2023010455824,2023,010455824,2,2,2,2,26,6,3,0,0,9,0,0,9,3,E01001552,-1,0,0.0,1.0,-1,9,30,9,1,9,15:07,2,2,9
2023061393809,2023,061393809,1,1,2,1,30,6,3,0,0,1,0,0,9,-1,-1,3,1,0.0,1.0,-1,6,30,1,4,1,17:29,5,2,9
2023221410646,2023,221410646,1,1,2,1,23,5,3,0,0,1,0,0,9,4,E01028984,3,1,0.0,1.0,-1,6,60,1,1,2,14:15,7,1,9
2023401283594,2023,401283594,2,1,1,1,39,7,3,0,0,0,0,0,9,2,E01015720,3,1,0.0,1.0,-1,6,30,1,4,1,23:50,2,2,9
202354B344423,2023,54B344423,1,1,1,2,37,7,3,0,0,0,0,0,9,7,E01031848,-1,0,0.07046,0.92954,-1,6,60,1,1,1,13:05,5,1,9
2023471334514,2023,471334514,1,2,3,2,6,2,2,10,9,0,0,0,0,4,E01031576,7,1,1.0,0.0,-1,6,30,1,1,1,16:40,6,1,9
2023201375350,2023,201375350,1,1,1,1,22,5,3,0,0,0,0,0,4,1,E01010037,3,1,0.0,1.0,-1,6,30,1,1,1,07:55,4,1,4
2023501399834,2023,501399834,2,1,1,1,33,6,3,0,0,0,0,0,8,9,E01020086,3,1,0.0,1.0,-1,6,30,1,1,1,15:05,5,2,8
2023052302384,2023,052302384,2,2,1,1,53,8,2,0,0,0,0,0,9,4,E01006537,-1,0,1.0,0.0,-1,3,30,1,4,1,01:10,7,5,9
2023440131210,2023,440131210,1,1,2,1,89,11,3,0,0,1,0,0,9,-1,-1,-1,0,0.10631,0.89369,-1,6,30,1,1,1,09:15,2,1,9
2023461315520,2023,461315520,1,1,1,1,44,7,3,0,0,0,0,0,9,3,E01024309,3,1,0.0,1.0,-1,6,40,1,1,1,16:38,5,2,9
2023461332982,2023,461332982,2,1,1,1,47,8,3,0,0,0,0,0,9,6,E01024546,3,1,0.0,1.0,-1,6,30,1,1,1,18:40,4,2,9
2023010440160,2023,010440160,2,1,1,1,77,11,3,0,0,0,0,0,22,4,E01002893,-1,0,0.0,1.0,-1,1,20,1,1,1,10:49,7,2,22
2023411295739,2023,411295739,2,1,1,1,56,9,3,0,0,0,0,0,1,7,E01023888,3,1,0.0,1.0,-1,1,60,1,1,1,16:34,4,2,1
2023010459573,2023,010459573,1,1,1,1,35,6,3,0,0,0,0,0,2,9,E01021745,-1,0,0.0,1.0,-1,6,20,2,1,2,18:45,3,2,2
2023631333524,2023,631333524,1,1,1,2,18,4,3,0,0,0,0,0,9,5,E01014008,3,1,0.0,1.0,-1,6,60,1,1,1,09:00,3,3,9
2023311325647,2023,311325647,1,1,3,2,8,2,3,9,8,0,0,2,0,-1,-1,3,1,0.0,1.0,-1,6,30,4,1,1,19:43,2,1,9
2023070611712,2023,070611712,1,2,1,2,30,6,3,0,0,0,0,0,9,9,E01018339,-1,0,0.02076,0.97924,-1,6,30,1,1,1,13:40,6,2,9
2023071085157,2023,071085157,1,1,1,1,27,6,3,0,0,0,0,0,9,1,E01018486,-1,0,0.04167,0.95833,-1,6,60,1,1,1,18:00,4,2,9
2023201293073,2023,201293073,1,1,1,2,18,4,3,0,0,0,0,0,9,9,E01009435,3,1,0.0,1.0,-1,6,30,3,4,3,18:38,4,2,9
2023201306479,2023,201306479,2,1,1,2,28,6,3,0,0,0,0,0,9,5,E01009262,3,1,0.0,1.0,-1,6,30,1,1,1,09:40,7,3,9
2023522300911,2023,522300911,1,1,1,1,62,9,3,0,0,0,0,0,9,2,E01014526,-1,0,0.03813,0.96187,-1,6,30,2,1,2,06:40,6,2,9
202354A079723,2023,54A079723,2,1,1,1,47,8,3,0,0,0,0,0,9,6,E01032119,-1,0,0.01709,0.98291,-1,3,40,1,4,1,19:45,6,3,9
2023010483438,2023,010483438,1,1,3,1,44,7,3,9,9,0,0,0,0,3,E01023326,-1,0,0.0,1.0,-1,9,30,1,1,1,10:05,2,1,9
2023211275681,2023,211275681,1,1,3,2,61,9,2,5,3,0,0,-1,0,3,E01029407,7,1,1.0,0.0,-1,6,30,1,1,-1,17:51,2,1,19
2023351339516,2023,351339516,1,1,3,1,46,8,3,5,1,0,0,0,0,2,E01018075,3,1,0.0,1.0,-1,6,30,1,1,1,16:44,6,1,9
2023440357397,2023,440357397,1,1,3,1,38,7,3,1,1,0,0,0,0,3,E01023120,-1,0,0.1889,0.8111,-1,6,40,1,4,1,23:25,1,1,19
2023010451606,2023,010451606,1,1,1,1,46,8,3,0,0,0,0,0,8,2,E01000078,-1,0,0.0,1.0,-1,6,20,1,4,2,04:24,1,2,8
2023461394177,2023,461394177,1,1,3,2,12,3,3,6,1,0,0,-1,0,8,E01016087,3,1,0.0,1.0,-1,6,30,2,4,2,16:07,4,1,9
2023122300880,2023,122300880,1,1,1,2,55,8,2,0,0,0,0,0,4,8,E01027695,-1,0,1.0,0.0,-1,6,30,1,1,1,19:03,5,1,4
2023501333337,2023,501333337,1,1,1,1,47,8,3,0,0,0,0,0,5,5,E01018981,3,1,0.0,1.0,-1,3,70,1,1,1,18:37,3,2,5
2023122300727,2023,122300727,1,1,1,1,30,6,3,0,0,0,0,0,9,1,E01027874,-1,0,0.06989,0.93011,-1,6,60,1,1,2,19:24,1,1,9
2023010440824,2023,010440824,1,1,1,1,59,9,3,0,0,0,0,0,9,5,E01001322,-1,0,0.0,1.0,-1,2,20,1,1,1,09:15,4,2,9
2023052301878,2023,052301878,2,1,1,1,-1,-1,3,0,0,0,0,0,9,2,E01007218,-1,0,0.03187,0.96813,-1,6,30,1,1,1,12:25,5,2,9
2023411362028,2023,411362028,2,1,1,2,33,6,3,0,0,0,0,0,9,10,E01002476,3,1,0.0,1.0,-1,7,50,1,1,1,13:45,3,3,9
2023421309593,2023,421309593,1,3,2,2,78,11,3,0,0,1,0,0,9,-1,-1,3,1,0.0,1.0,-1,6,30,1,1,1,15:12,7,2,9
2023501339556,2023,501339556,1,2,1,1,75,10,3,0,0,0,0,0,9,8,E01030046,3,1,0.0,1.0,-1,6,60,8,1,2,13:37,3,2,9
2023991311003,2023,991311003,2,1,1,2,35,6,3,0,0,0,0,0,1,-1,-1,3,1,0.0,1.0,-1,6,20,1,1,1,18:25,3,2,1
2023371341257,2023,371341257,2,1,1,1,20,4,2,0,0,0,0,0,2,6,E01030209,7,1,1.0,0.0,-1,6,30,1,4,1,19:56,1,2,2
2023031346541,2023,031346541,2,1,1,1,26,6,2,0,0,0,0,0,17,9,E01019349,6,1,1.0,0.0,-1,6,60,1,1,1,20:08,3,2,17
2023070110777,2023,070110777,2,1,1,1,54,8,3,0,0,0,0,0,9,4,E01018744,-1,0,0.02343,0.97657,-1,1,50,1,1,1,08:18,3,2,9
2023141392842,2023,141392842,2,2,1,1,39,7,3,0,0,0,0,0,9,6,E01008003,3,1,0.0,1.0,-1,6,30,4,1,2,14:47,5,2,9
2023161388129,2023,161388129,1,1,1,1,27,6,2,0,0,0,0,0,9,10,E01013117,7,1,1.0,0.0,-1,3,40,2,4,2,16:18,5,2,9
2023421383489,2023,421383489,2,3,2,2,3,1,2,0,0,2,0,0,9,-1,-1,7,1,1.0,0.0,-1,6,60,1,6,2,17:45,3,2,9
2023440081844,2023,440081844,2,1,1,2,20,4,2,0,0,0,0,0,9,10,E01022853,-1,0,1.0,0.0,-1,6,30,1,1,1,09:00,3,2,9
2023471367577,2023,471367577,2,1,2,2,65,9,3,0,0,1,0,0,9,6,E01020960,3,1,0.0,1.0,-1,6,60,1,1,1,12:40,1,2,9
2023991311005,2023,991311005,1,1,1,2,59,9,2,0,0,0,0,0,9,10,-1,6,1,1.0,0.0,-1,6,30,1,1,1,09:45,4,2,9
2023991347918,2023,991347918,4,1,1,2,62,9,3,0,0,0,0,0,9,6,-1,3,1,0.0,1.0,-1,6,40,1,1,1,11:05,7,4,9
2023010475144,2023,010475144,1,1,3,1,12,3,3,5,1,0,0,0,0,3,E01001239,-1,0,0.0,1.0,-1,6,20,2,4,2,15:50,3,1,9
2023131316887,2023,131316887,1,1,3,1,62,9,3,10,1,0,0,2,0,5,E01011218,3,1,0.0,1.0,-1,6,30,1,1,1,15:57,6,1,9
2023320031480,2023,320031480,1,1,3,2,43,7,3,8,3,0,0,0,0,2,E01026156,-1,0,0.08785,0.91215,-1,6,30,1,4,1,16:50,6,1,9
2023340WN6142,2023,340WN6142,1,1,3,2,31,6,2,1,1,0,0,0,0,4,E01027189,-1,0,1.0,0.0,-1,3,30,2,4,2,06:30,4,1,3
2023010450744,2023,010450744,1,1,1,1,43,7,3,0,0,0,0,0,4,3,E01000510,-1,0,0.0,1.0,-1,9,20,9,1,1,11:10,5,2,4
2023111349077,2023,111349077,1,1,1,1,35,6,1,0,0,0,0,0,9,1,E01012262,1,1,0.0,0.0,-1,6,60,1,1,1,07:55,3,3,9
2023440171275,2023,440171275,1,3,2,2,9,2,3,0,0,2,0,0,9,6,E01023155,-1,0,0.09034,0.90966,-1,6,60,1,1,1,09:07,3,1,9
2023340WN0112,2023,340WN0112,2,1,1,1,50,8,2,0,0,0,0,0,-1,8,E01027217,-1,0,1.0,0.0,-1,6,30,4,4,1,17:42,6,2,-1
2023010435414,2023,010435414,1,1,1,2,22,5,2,0,0,0,0,0,1,2,E01002087,-1,0,1.0,0.0,-1,6,20,1,1,1,16:35,5,2,1
2023141325455,2023,141325455,2,2,1,2,64,9,3,0,0,0,0,0,9,-1,-1,3,1,0.0,1.0,-1,6,30,1,1,1,15:19,1,2,9
2023461322647,2023,461322647,2,2,1,1,57,9,3,0,0,0,0,0,9,9,E01024265,3,1,0.0,1.0,-1,6,30,1,1,1,17:05,2,2,9
2023231284418,2023,231284418,2,2,1,1,58,9,2,0,0,0,0,0,21,3,E01031482,7,1,1.0,0.0,-1,6,50,1,1,2,13:13,2,2,21
2023010450692,2023,010450692,2,1,1,1,33,6,3,0,0,0,0,0,1,-1,-1,-1,0,0.0,1.0,-1,6,30,1,1,1,08:00,5,2,1
2023052300165,2023,052300165,2,2,1,1,22,5,3,0,0,0,0,0,9,4,E01007167,-1,0,0.04707,0.95293,-1,3,70,1,5,1,17:15,6,2,9
2023061260973,2023,061260973,2,1,1,2,62,9,3,0,0,0,0,0,9,3,E01005972,3,1,0.0,1.0,-1,6,30,1,1,1,16:38,5,2,9