collision_index,collision_year,collision_ref_no,vehicle_reference,casualty_reference,casualty_class,sex_of_casualty,age_of_casualty,age_band_of_casualty,casualty_severity,pedestrian_location,pedestrian_movement,car_passenger,bus_or_coach_passenger,pedestrian_road_maintenance_worker,casualty_type,casualty_imd_decile,lsoa_of_casualty,enhanced_casualty_severity,casualty_injury_based,casualty_adjusted_severity_serious,casualty_adjusted_severity_slight,casualty_distance_banding,road_type,speed_limit,weather_conditions,light_conditions,road_surface_conditions,time,day_of_week,number_of_vehicles,vehicle_type
2023010458653,2023,010458653,1,1,1,1,24,5,3,0,0,0,0,0,3,4,E01004612,-1,0,0.0,1.0,-1,6,20,1,1,1,13:05,5,2,3
2023201395474,2023,201395474,1,1,2,2,28,6,3,0,0,-1,0,0,9,6,E01010221,3,1,0.0,1.0,-1,6,30,1,4,1,00:33,1,2,9
2023340NN1932,2023,340NN1932,2,1,1,2,77,11,3,0,0,0,0,0,9,7,E01027102,-1,0,0.00613,0.99387,-1,6,30,1,1,1,14:00,6,2,9
2023991284139,2023,991284139,1,1,2,2,4,1,3,0,0,0,0,0,19,-1,-1,3,1,0.0,1.0,-1,6,60,1,1,1,17:50,1,4,19
2023471346489,2023,471346489,2,1,1,1,46,8,3,0,0,0,0,0,1,7,E01012966,3,1,0.0,1.0,-1,6,30,1,1,1,12:45,2,2,1
2023421328905,2023,421328905,2,1,1,1,31,6,3,0,0,0,0,0,9,8,E01029890,3,1,0.0,1.0,-1,7,70,1,1,1,16:10,6,2,9
2023430531515,2023,430531515,2,1,1,2,21,5,2,0,0,0,0,0,9,8,E01017912,-1,0,1.0,0.0,-1,6,30,1,4,1,01:45,1,7,9
2023461323309,2023,461323309,1,1,2,2,45,7,3,0,0,2,0,0,9,8,E01021749,3,1,0.0,1.0,-1,3,70,2,1,2,18:50,1,2,9
2023991279769,2023,991279769,1,1,2,2,62,9,2,0,0,1,0,0,9,1,-1,6,1,1.0,0.0,-1,6,30,1,1,1,15:10,3,2,9
2023010440042,2023,010440042,2,1,1,1,23,5,3,0,0,0,0,0,3,4,E01002247,-1,0,0.0,1.0,-1,6,30,1,1,1,18:58,6,2,3
2023552300101,2023,552300101,1,2,2,2,16,4,3,0,0,1,0,0,9,9,E01020419,-1,0,0.05585,0.94415,-1,6,50,1,6,4,20:48,2,1,9
2023311327000,2023,311327000,2,1,1,1,28,6,3,0,0,0,0,0,9,-1,-1,3,1,0.0,1.0,-1,6,30,1,1,1,07:16,6,2,9
2023231366729,2023,231366729,1,1,1,1,16,4,3,0,0,0,0,0,2,-1,-1,3,1,0.0,1.0,-1,6,20,2,1,2,17:28,4,2,2
2023451358782,2023,451358782,1,1,1,1,37,7,3,0,0,0,0,0,3,-1,-1,3,1,0.0,1.0,-1,6,50,1,1,1,17:21,1,2,3
2023221335916,2023,221335916,2,2,1,1,47,8,3,0,0,0,0,0,9,5,E01032279,3,1,0.0,1.0,-1,6,30,1,1,1,09:25,2,2,9
2023451275332,2023,451275332,1,1,1,1,41,7,3,0,0,0,0,0,1,10,E01030297,3,1,0.0,1.0,-1,6,50,1,1,2,10:00,1,1,1
2023010440134,2023,010440134,1,1,1,1,26,6,3,0,0,0,0,0,3,2,E01003120,-1,0,0.0,1.0,-1,2,20,1,1,1,14:16,6,2,3
2023141262957,2023,141262957,1,1,1,1,40,7,3,0,0,0,0,0,3,1,E01007768,3,1,0.0,1.0,-1,6,50,5,1,2,12:00,6,1,3
2023010459408,2023,010459408,2,1,1,1,60,9,2,0,0,0,0,0,5,-1,-1,-1,0,1.0,0.0,-1,3,50,1,1,1,17:15,2,2,5
2023071048366,2023,071048366,2,2,2,2,15,3,3,0,0,1,0,0,9,-1,-1,-1,0,0.02162,0.97838,-1,3,70,1,1,2,08:43,3,6,9
2023340WN2702,2023,340WN2702,1,1,1,1,45,7,3,0,0,0,0,0,9,3,E01009199,-1,0,0.1649,0.8351,-1,3,70,1,6,1,02:50,7,3,9
2023010456068,2023,010456068,1,1,1,1,30,6,3,0,0,0,0,0,3,1,E01002040,-1,0,0.0,1.0,-1,9,30,9,1,9,17:01,7,2,3
2023622300930,2023,622300930,1,1,1,1,37,7,2,0,0,0,0,0,5,7,W01001109,-1,0,1.0,0.0,-1,6,60,1,1,1,10:50,1,2,5
2023010482103,2023,010482103,1,2,2,-1,-1,-1,3,0,0,1,0,0,9,-1,-1,-1,0,0.0,1.0,-1,3,70,1,1,1,16:00,6,2,9
2023041367535,2023,041367535,2,1,1,2,70,10,3,0,0,0,0,0,9,8,E01024993,3,1,0.0,1.0,-1,6,20,1,1,2,11:28,5,2,9
2023371309530,2023,371309530,1,1,1,1,17,4,3,0,0,0,0,0,9,7,E01030055,3,1,0.0,1.0,-1,6,60,1,1,1,15:10,7,1,9
2023631330758,2023,631330758,1,1,3,1,7,2,2,5,3,0,0,2,0,5,W01000685,7,1,1.0,0.0,-1,6,20,2,1,2,16:25,3,1,9
2023010471610,2023,010471610,2,1,1,1,29,6,3,0,0,0,0,0,3,2,E01003066,-1,0,0.0,1.0,-1,6,20,1,4,1,19:01,5,2,3
2023440192336,2023,440192336,2,1,1,1,38,7,1,0,0,0,0,0,20,1,E01010316,-1,0,0.0,0.0,-1,3,50,1,1,1,10:43,3,2,20
2023041290579,2023,041290579,1,1,3,1,23,5,2,10,1,0,0,0,0,7,E01025417,7,1,1.0,0.0,-1,6,20,1,4,1,20:35,1,1,9
2023231359702,2023,231359702,1,1,3,2,12,3,3,5,1,0,0,0,0,7,E01031244,3,1,0.0,1.0,-1,6,30,1,1,1,08:35,3,1,9
2023071198581,2023,071198581,2,1,1,1,56,9,3,0,0,0,0,0,1,-1,-1,-1,0,0.18451,0.81549,-1,6,30,1,7,2,05:03,3,2,1
2023440336740,2023,440336740,2,1,1,1,58,9,2,0,0,0,0,0,1,4,E01017217,-1,0,1.0,0.0,-1,6,40,1,1,1,12:22,1,5,1
2023302300836,2023,302300836,1,1,1,1,53,8,3,0,0,0,0,0,3,1,E01019527,-1,0,0.0764,0.9236,-1,6,30,1,1,1,12:50,7,2,3
2023041381440,2023,041381440,2,1,1,1,30,6,3,0,0,0,0,0,9,6,E01012618,3,1,0.0,1.0,-1,3,70,4,4,4,06:45,2,2,9
2023461369713,2023,461369713,2,1,1,2,55,8,2,0,0,0,0,0,9,6,E01024836,6,1,1.0,0.0,-1,6,30,1,1,1,16:10,3,2,9
2023010426275,2023,010426275,1,1,3,1,10,2,3,5,3,0,0,0,0,5,E01000593,-1,0,0.0,1.0,-1,6,20,1,1,1,12:30,5,1,11
2023451318705,2023,451318705,1,1,3,1,37,7,3,4,2,0,0,0,0,3,E01003630,3,1,0.0,1.0,-1,6,30,1,1,1,17:20,4,1,9
2023061343850,2023,061343850,2,1,1,1,37,7,3,0,0,0,0,0,1,5,E01004785,3,1,0.0,1.0,-1,6,30,1,1,1,18:15,6,2,1
2023010484557,2023,010484557,1,1,1,1,42,7,2,0,0,0,0,0,5,5,E01001291,-1,0,1.0,0.0,-1,3,40,1,4,1,18:39,7,2,5
2023411322738,2023,411322738,1,1,1,1,21,5,3,0,0,0,0,0,9,5,E01023769,3,1,0.0,1.0,-1,6,30,1,1,1,12:16,7,2,9
2023461383272,2023,461383272,2,3,2,2,19,4,3,0,0,2,0,0,9,7,E01024375,3,1,0.0,1.0,-1,6,30,1,1,2,13:53,6,2,9
2023010476051,2023,010476051,1,1,3,1,13,3,3,4,3,0,0,0,0,3,E01004362,-1,0,0.0,1.0,-1,6,30,1,1,2,14:40,1,1,11
2023440524493,2023,440524493,1,1,3,2,68,10,2,5,3,0,0,0,0,5,E01022576,-1,0,1.0,0.0,-1,6,30,1,4,2,15:48,1,1,9
2023501281655,2023,501281655,1,1,3,2,7,2,3,6,9,0,0,0,0,-1,-1,3,1,0.0,1.0,-1,6,30,1,1,1,08:45,2,1,9
2023052300955,2023,052300955,2,1,1,1,13,3,3,0,0,0,0,0,1,2,E01007239,-1,0,0.08643,0.91357,-1,6,30,1,1,1,08:00,3,2,1
2023401287009,2023,401287009,2,2,2,2,16,4,3,0,0,1,0,0,9,-1,-1,3,1,0.0,1.0,-1,6,30,1,1,1,17:30,6,2,9
2023451307913,2023,451307913,1,3,2,2,41,7,3,0,0,1,0,0,9,-1,-1,3,1,0.0,1.0,-1,3,70,1,1,1,09:50,2,2,9
2023461380846,2023,461380846,1,1,3,2,12,3,3,5,2,0,0,0,0,5,E01024283,3,1,0.0,1.0,-1,6,30,1,1,1,15:45,3,1,9
2023131327982,2023,131327982,2,1,1,1,36,7,2,0,0,0,0,0,1,1,E01010611,5,1,1.0,0.0,-1,6,30,1,1,2,18:42,2,2,1
2023041366244,2023,041366244,1,1,1,2,20,4,3,0,0,0,0,0,9,6,E01025500,3,1,0.0,1.0,-1,7,70,1,4,1,18:25,1,2,9
2023161308910,2023,161308910,1,1,1,1,26,6,3,0,0,0,0,0,9,1,E01013161,3,1,0.0,1.0,-1,6,30,1,1,1,09:55,5,5,9
2023302400083,2023,302400083,2,4,1,1,62,9,3,0,0,0,0,0,9,7,E01013562,-1,0,0.0685,0.9315,-1,7,70,2,4,2,19:00,7,2,9
2023332300278,2023,332300278,1,1,2,2,40,7,3,0,0,2,0,0,9,10,E01025650,-1,0,0.01717,0.98283,-1,6,30,1,1,1,17:02,2,2,9
2023461390212,2023,461390212,2,1,1,1,55,8,3,0,0,0,0,0,9,8,E01033210,3,1,0.0,1.0,-1,6,50,2,1,2,12:07,3,3,9
2023991388175,2023,991388175,2,2,2,2,13,3,3,0,0,1,0,0,9,1,-1,3,1,0.0,1.0,-1,6,30,3,4,4,20:15,7,2,9
2023170M10683,2023,170M10683,2,1,1,2,49,8,3,0,0,0,0,0,9,3,E01012239,-1,0,0.04647,0.95353,-1,7,50,1,1,1,07:20,6,2,9
2023421344016,2023,421344016,1,1,1,2,19,4,3,0,0,0,0,0,9,1,E01021665,3,1,0.0,1.0,-1,6,30,2,1,2,06:23,7,2,9
2023461318642,2023,461318642,2,1,1,1,36,7,3,0,0,0,0,0,9,3,E01016047,3,1,0.0,1.0,-1,6,40,2,4,2,02:00,4,2,9
2023991296531,2023,991296531,1,3,2,2,16,4,3,0,0,2,0,0,9,8,-1,3,1,0.0,1.0,-1,6,60,1,1,1,15:26,1,2,9
2023430527121,2023,430527121,1,1,1,1,10,2,3,0,0,0,0,0,1,7,E01017705,-1,0,0.04334,0.95666,-1,6,30,1,1,1,08:30,5,2,1
2023010448358,2023,010448358,1,1,1,1,52,8,3,0,0,0,0,0,9,9,E01003890,-1,0,0.0,1.0,-1,9,40,2,1,2,16:00,1,2,9
2023302400001,2023,302400001,2,2,2,2,51,8,3,0,0,1,0,0,9,1,E01013484,-1,0,0.06497,0.93503,-1,6,40,1,1,2,10:00,1,2,9
2023440485899,2023,440485899,1,3,2,1,16,4,3,0,0,2,0,0,9,3,E01001004,-1,0,0.15808,0.84192,-1,6,60,1,6,1,21:10,2,1,9
2023361269793,2023,361269793,1,1,3,2,55,8,2,6,7,0,0,0,0,3,E01026753,6,1,1.0,0.0,-1,6,30,1,1,1,07:23,2,2,9
2023451381142,2023,451381142,1,1,3,1,37,7,3,1,1,0,0,0,0,9,E01030366,3,1,0.0,1.0,-1,6,30,1,4,1,18:29,5,1,19
2023010444594,2023,010444594,1,1,1,1,28,6,3,0,0,0,0,0,1,5,E01003198,-1,0,0.0,1.0,-1,6,30,1,4,1,21:41,3,2,1
2023010476213,2023,010476213,1,1,1,1,63,9,2,0,0,0,0,0,1,10,E01001108,-1,0,1.0,0.0,-1,6,30,2,4,2,16:50,6,1,1
2023430045672,2023,430045672,1,1,1,1,21,5,3,0,0,0,0,0,2,-1,-1,-1,0,0.1742,0.8258,-1,6,30,1,4,4,05:35,3,1,2
2023061346551,2023,061346551,2,5,2,2,41,7,3,0,0,1,0,0,9,-1,-1,3,1,0.0,1.0,-1,6,30,1,1,1,15:30,1,3,9
2023501355060,2023,501355060,1,2,2,2,35,6,3,0,0,2,0,0,9,9,E01020266,3,1,0.0,1.0,-1,6,60,1,1,1,12:39,2,1,9
2023552300772,2023,552300772,1,1,1,1,43,7,3,0,0,0,0,0,9,7,E01020422,-1,0,0.0991,0.9009,-1,6,60,1,1,2,07:42,7,1,9
2023221266597,2023,221266597,1,1,1,2,83,11,3,0,0,0,0,0,9,-1,-1,3,1,0.0,1.0,-1,6,30,7,4,2,17:00,1,2,9
2023052301325,2023,052301325,1,1,1,1,72,10,2,0,0,0,0,0,9,7,E01006330,-1,0,1.0,0.0,-1,6,30,1,1,1,09:30,1,1,9
2023440263369,2023,440263369,2,2,1,2,39,7,3,0,0,0,0,0,9,1,E01015546,-1,0,0.04948,0.95052,-1,6,30,1,1,1,17:07,7,2,9
2023010461322,2023,010461322,1,1,3,1,28,6,2,8,3,0,0,0,0,4,E01023534,-1,0,1.0,0.0,-1,6,30,1,4,2,04:08,7,1,9
2023010454058,2023,010454058,1,1,1,1,25,5,3,0,0,0,0,0,9,4,E01000875,-1,0,0.0,1.0,-1,9,20,1,4,2,11:20,7,2,9
2023061351797,2023,061351797,2,1,1,1,30,6,3,0,0,0,0,0,9,10,E01005932,3,1,0.0,1.0,-1,6,30,1,1,1,13:10,3,2,9
2023141355163,2023,141355163,1,1,1,1,53,8,3,0,0,0,0,0,9,-1,-1,3,1,0.0,1.0,-1,6,30,1,1,1,08:40,6,2,9
202363C010023,2023,63C010023,2,3,2,1,56,9,3,0,0,1,0,0,9,6,W01000575,-1,0,0.05178,0.94822,-1,6,60,1,1,1,13:25,5,3,9
2023440444624,2023,440444624,1,1,1,1,35,6,2,0,0,0,0,0,5,-1,-1,-1,0,1.0,0.0,-1,6,30,2,4,2,01:16,3,1,5
2023141359813,2023,141359813,1,1,3,1,3,1,2,5,1,0,0,0,0,1,E01007499,7,1,1.0,0.0,-1,3,40,2,1,2,12:30,5,1,9
2023010447490,2023,010447490,1,1,1,1,18,4,3,0,0,0,0,0,1,6,E01004497,-1,0,0.0,1.0,-1,3,30,1,1,1,17:50,3,2,1
2023010447048,2023,010447048,1,1,1,1,43,7,3,0,0,0,0,0,9,4,E01003119,-1,0,0.0,1.0,-1,6,30,1,1,1,17:03,1,2,9
2023161266628,2023,161266628,1,2,2,1,22,5,3,0,0,2,0,0,9,3,W01001044,3,1,0.0,1.0,-1,6,30,8,4,4,02:40,1,1,9
2023461273605,2023,461273605,1,2,2,2,77,11,3,0,0,1,0,0,9,6,E01000273,3,1,0.0,1.0,-1,6,50,1,6,1,17:19,5,2,9
2023340WN0582,2023,340WN0582,1,1,3,1,27,6,2,5,3,0,0,0,0,-1,-1,-1,0,1.0,0.0,-1,6,40,8,4,2,23:30,7,1,9
2023010427814,2023,010427814,1,1,2,2,25,5,3,0,0,2,0,0,9,-1,-1,-1,0,0.0,1.0,-1,2,20,1,4,1,05:05,7,1,9
2023031268056,2023,031268056,2,1,1,2,54,8,2,0,0,0,0,0,9,-1,-1,6,1,1.0,0.0,-1,6,30,1,4,1,17:10,4,2,9
2023471370020,2023,471370020,2,2,2,1,8,2,2,0,0,2,0,0,9,10,E01021194,7,1,1.0,0.0,-1,6,30,1,5,2,17:42,5,2,9
2023991317839,2023,991317839,1,1,1,1,34,6,2,0,0,0,0,0,9,5,-1,5,1,1.0,0.0,-1,6,30,1,1,1,11:30,5,1,9
2023010444978,2023,010444978,1,1,2,1,60,9,2,0,0,0,3,0,11,2,E01004013,-1,0,1.0,0.0,-1,6,20,1,1,1,09:15,5,2,11
2023421325609,2023,421325609,2,1,1,1,50,8,3,0,0,0,0,0,9,6,E01015881,3,1,0.0,1.0,-1,3,30,1,1,1,15:40,1,2,9
2023451324823,2023,451324823,1,1,1,1,62,9,3,0,0,0,0,0,9,9,E01024431,3,1,0.0,1.0,-1,3,70,1,1,2,16:16,6,3,9
2023451355950,2023,451355950,2,2,1,1,31,6,3,0,0,0,0,0,9,8,E01030556,3,1,0.0,1.0,-1,6,30,1,1,2,07:30,2,2,9
2023411355160,2023,411355160,1,1,3,1,68,10,3,10,9,0,0,0,0,9,E01023406,3,1,0.0,1.0,-1,9,20,1,1,1,16:12,3,1,9
2023031390253,2023,031390253,1,1,1,2,80,11,3,0,0,0,0,0,9,6,E01019304,3,1,0.0,1.0,-1,6,60,1,1,1,12:01,3,2,9
2023361382987,2023,361382987,1,1,1,2,82,11,2,0,0,0,0,0,9,10,E01026927,6,1,1.0,0.0,-1,6,30,1,6,2,19:03,5,1,9
2023411395069,2023,411395069,1,1,1,1,46,8,3,0,0,0,0,0,9,2,E01016117,3,1,0.0,1.0,-1,6,60,1,1,1,20:50,5,2,9
2023010479888,2023,010479888,1,5,2,2,6,2,3,0,0,0,4,0,11,1,E01002036,-1,0,0.0,1.0,-1,6,20,1,1,1,08:30,6,1,11
2023010464869,2023,010464869,2,1,1,1,40,7,3,0,0,0,0,0,4,6,E01033582,-1,0,0.0,1.0,-1,2,20,1,1,1,17:50,6,2,4
2023440102064,2023,440102064,1,1,3,2,11,3,2,5,1,0,0,0,0,2,E01017208,-1,0,1.0,0.0,-1,6,30,1,1,1,15:00,2,1,9
2023010421167,2023,010421167,1,1,3,2,46,8,3,9,9,0,0,0,0,1,E01001847,-1,0,0.0,1.0,-1,6,20,1,4,1,19:00,5,1,9
2023332300332,2023,332300332,2,4,3,1,48,8,2,9,5,0,0,0,0,1,E01013692,-1,0,1.0,0.0,-1,6,30,2,1,2,16:39,3,3,9
2023010429196,2023,010429196,1,1,1,1,33,6,3,0,0,0,0,0,9,4,E01002643,-1,0,0.0,1.0,-1,6,20,1,5,1,03:45,1,2,9
2023010467465,2023,010467465,1,1,1,2,25,5,3,0,0,0,0,0,9,8,E01030848,-1,0,0.0,1.0,-1,6,30,1,1,2,16:58,5,2,9
2023547718723,2023,547718723,1,2,2,1,10,2,3,0,0,1,0,0,9,7,E01032694,-1,0,0.06992,0.93008,-1,6,60,2,1,2,16:29,7,1,9
202360A100771,2023,60A100771,2,3,2,1,16,4,3,0,0,2,0,0,9,-1,-1,-1,0,0.06783,0.93217,-1,6,30,1,1,1,18:30,3,2,9
2023041319585,2023,041319585,1,1,1,1,41,7,2,0,0,0,0,0,9,1,E01025117,7,1,1.0,0.0,-1,6,20,1,1,1,18:40,5,3,9
2023061345648,2023,061345648,4,1,1,1,28,6,3,0,0,0,0,0,9,8,E01018668,3,1,0.0,1.0,-1,6,40,1,1,1,18:22,5,6,9
2023101325255,2023,101325255,2,2,1,2,68,10,3,0,0,0,0,0,9,8,E01008188,3,1,0.0,1.0,-1,3,50,1,1,1,09:00,2,2,9
2023131304856,2023,131304856,2,2,1,2,52,8,2,0,0,0,0,0,9,10,E01011845,7,1,1.0,0.0,-1,6,30,1,1,1,11:57,1,2,9
2023131314572,2023,131314572,2,2,2,2,11,3,3,0,0,1,0,0,9,4,E01007344,3,1,0.0,1.0,-1,6,30,1,1,1,15:02,7,2,9
2023332300089,2023,332300089,2,1,1,1,25,5,2,0,0,0,0,0,9,8,E01025810,-1,0,1.0,0.0,-1,6,50,1,6,1,18:10,6,2,9
2023010453027,2023,010453027,1,1,3,1,52,8,3,1,1,0,0,0,0,4,E01002624,-1,0,0.0,1.0,-1,3,40,1,1,1,20:10,2,2,9
2023311263523,2023,311263523,1,1,3,1,51,8,2,4,3,0,0,0,0,1,E01013812,7,1,1.0,0.0,-1,6,30,1,1,1,13:28,1,1,9
2023421378027,2023,421378027,2,1,1,1,37,7,3,0,0,0,0,0,3,8,E01022083,3,1,0.0,1.0,-1,6,40,9,1,2,06:55,3,2,3
2023401393829,2023,401393829,1,1,1,2,29,6,3,0,0,0,0,0,5,9,E01017449,3,1,0.0,1.0,-1,6,40,4,1,1,15:51,4,3,5
2023201420312,2023,201420312,1,1,1,1,32,6,3,0,0,0,0,0,9,1,E01009134,3,1,0.0,1.0,-1,1,30,1,1,1,22:59,2,2,9
2023351390433,2023,351390433,1,1,1,-1,46,8,3,0,0,0,0,0,9,8,E01026258,3,1,0.0,1.0,-1,3,60,1,1,1,10:40,5,2,9
202354B441923,2023,54B441923,1,3,2,1,19,4,3,0,0,1,0,0,9,5,E01032113,-1,0,0.07127,0.92873,-1,6,30,1,1,2,09:05,1,1,9
2023010441941,2023,010441941,1,1,3,1,27,6,2,5,9,0,0,0,0,4,E01001469,-1,0,1.0,0.0,-1,6,30,1,1,1,16:00,5,1,3
2023371377661,2023,371377661,2,1,1,1,15,3,3,0,0,0,0,0,1,7,E01030228,3,1,0.0,1.0,-1,6,30,2,1,2,07:50,3,2,1
2023010443618,2023,010443618,1,1,1,1,26,6,3,0,0,0,0,0,5,4,E01003129,-1,0,0.0,1.0,-1,2,20,1,4,9,01:08,7,2,5
2023010449936,2023,010449936,1,1,1,1,41,7,3,0,0,0,0,0,9,2,E01032580,-1,0,0.0,1.0,-1,6,30,2,1,1,18:18,1,2,9
2023010449882,2023,010449882,2,1,1,1,34,6,3,0,0,0,0,0,2,5,E01000892,-1,0,0.0,1.0,-1,3,20,1,1,1,12:29,1,2,2
2023101401973,2023,101401973,1,1,1,2,57,9,3,0,0,0,0,0,9,9,E01020692,3,1,0.0,1.0,-1,3,40,1,1,1,09:35,3,2,9
2023411314127,2023,411314127,1,1,1,2,67,10,3,0,0,0,0,0,9,3,E01023300,3,1,0.0,1.0,-1,6,30,1,4,1,23:09,7,3,9
2023061377270,2023,061377270,1,1,1,1,24,5,1,0,0,0,0,0,97,-1,-1,1,1,0.0,0.0,-1,3,30,1,1,1,12:20,3,2,97
2023010455451,2023,010455451,1,1,3,1,-1,-1,3,10,9,0,0,0,0,2,E01001462,-1,0,0.0,1.0,-1,9,20,8,1,2,17:54,6,1,9
2023010469690,2023,010469690,1,1,3,1,39,7,3,1,3,0,0,0,0,-1,-1,-1,0,0.0,1.0,-1,6,30,1,1,1,11:20,3,1,9
2023010479879,2023,010479879,1,1,1,1,29,6,3,0,0,0,0,0,3,6,E01033600,-1,0,0.0,1.0,-1,9,20,2,1,2,07:26,6,2,3
2023351328284,2023,351328284,2,1,1,2,20,4,3,0,0,0,0,0,9,2,E01018075,3,1,0.0,1.0,-1,3,70,1,1,-1,07:47,5,2,9
2023610034223,2023,610034223,1,1,1,1,66,10,2,0,0,0,0,0,1,4,W01001355,-1,0,1.0,0.0,-1,6,30,2,4,2,01:08,3,1,1
2023461310345,2023,461310345,2,1,1,1,27,6,3,0,0,0,0,0,5,5,E01024356,3,1,0.0,1.0,-1,3,30,1,1,1,08:15,7,2,5
2023991330759,2023,991330759,1,1,1,2,25,5,3,0,0,0,0,0,9,-1,-1,3,1,0.0,1.0,-1,3,70,1,1,1,19:20,3,2,9
2023170H10793,2023,170H10793,1,1,1,2,39,7,3,0,0,0,0,0,9,7,E01011959,-1,0,0.04423,0.95577,-1,6,30,1,1,1,15:15,1,2,9
2023201418068,2023,201418068,2,2,1,1,32,6,3,0,0,0,0,0,9,1,E01010273,3,1,0.0,1.0,-1,6,30,1,1,1,15:56,6,3,9
2023010419577,2023,010419577,1,1,3,1,58,9,3,10,9,0,0,0,0,4,E01000997,-1,0,0.0,1.0,-1,6,30,2,5,2,07:20,4,1,9
2023631329775,2023,631329775,1,2,3,2,64,9,3,6,9,0,0,2,0,9,E01017432,3,1,0.0,1.0,-1,6,30,1,1,2,12:40,7,1,9
2023010478135,2023,010478135,2,1,2,2,22,5,3,0,0,0,0,0,2,8,E01002658,-1,0,0.0,1.0,-1,6,30,1,1,1,14:10,4,2,2
2023552301368,2023,552301368,2,1,1,1,35,6,3,0,0,0,0,0,5,8,E01020425,-1,0,0.1288,0.8712,-1,6,30,4,1,1,14:04,7,2,5
2023010460628,2023,010460628,1,1,2,2,31,6,3,0,0,1,0,0,9,8,E01004073,-1,0,0.0,1.0,-1,6,30,1,4,1,20:51,2,1,9
2023041282849,2023,041282849,1,1,1,2,18,4,3,0,0,0,0,0,9,9,E01025484,3,1,0.0,1.0,-1,6,60,1,1,1,11:47,3,1,9
2023332300421,2023,332300421,1,1,1,1,22,5,2,0,0,0,0,0,9,6,E01030681,-1,0,1.0,0.0,-1,6,60,1,1,1,13:20,6,2,9
2023401277517,2023,401277517,1,1,1,1,26,6,2,0,0,0,0,0,20,1,E01027140,7,1,1.0,0.0,-1,3,70,1,1,1,17:36,5,3,20
2023332301130,2023,332301130,1,1,3,1,20,4,3,1,1,0,0,0,0,4,E01002448,-1,0,0.02679,0.97321,-1,3,30,1,4,1,20:56,7,1,9
2023451359838,2023,451359838,1,1,3,1,16,4,3,5,3,0,0,0,0,8,E01002949,3,1,0.0,1.0,-1,6,30,1,1,1,12:40,5,1,9
2023430162531,2023,430162531,1,1,1,1,20,4,3,0,0,0,0,0,1,9,E01016641,-1,0,0.06016,0.93984,-1,6,30,1,4,1,21:15,6,2,1
2023501365856,2023,501365856,2,1,1,1,26,6,3,0,0,0,0,0,1,6,E01019893,3,1,0.0,1.0,-1,3,30,1,1,1,16:50,4,2,1
2023052300388,2023,052300388,2,1,1,1,39,7,3,0,0,0,0,0,4,5,E01006488,-1,0,0.14455,0.85545,-1,3,30,1,1,1,13:39,7,2,4
2023552301115,2023,552301115,2,1,1,1,55,8,3,0,0,0,0,0,4,4,E01020585,-1,0,0.20866,0.79134,-1,6,60,1,1,1,16:43,4,2,4
2023522301316,2023,522301316,1,1,2,2,22,5,3,0,0,2,0,0,8,4,E01014843,-1,0,0.00208,0.99792,-1,6,30,2,4,2,19:30,4,2,8
2023131314369,2023,131314369,1,2,2,2,20,4,3,0,0,2,0,0,9,2,E01010619,3,1,0.0,1.0,-1,6,30,1,6,2,00:27,7,1,9
2023161375741,2023,161375741,1,1,1,2,32,6,3,0,0,0,0,0,9,3,E01013231,3,1,0.0,1.0,-1,6,30,2,4,2,18:30,4,2,9
2023421267763,2023,421267763,2,1,2,1,6,2,3,0,0,2,0,0,9,2,E01016009,3,1,0.0,1.0,-1,6,30,1,1,2,08:26,4,2,9
2023421353728,2023,421353728,4,2,1,1,57,9,3,0,0,0,0,0,9,3,E01021836,3,1,0.0,1.0,-1,1,70,1,1,1,14:52,2,5,9
2023501367141,2023,501367141,2,2,2,2,70,10,3,0,0,1,0,0,9,10,E01019943,3,1,0.0,1.0,-1,6,60,1,1,1,09:25,6,2,9
2023201443168,2023,201443168,1,1,3,2,18,4,2,1,1,0,0,2,0,5,E01008975,7,1,1.0,0.0,-1,6,30,1,4,2,17:57,3,1,9
2023520301087,2023,520301087,2,1,1,1,20,4,2,0,0,0,0,0,5,8,E01029204,-1,0,1.0,0.0,-1,6,60,1,6,1,23:48,7,2,5
2023010430427,2023,010430427,1,1,1,1,28,6,3,0,0,0,0,0,9,3,E01000092,-1,0,0.0,1.0,-1,1,30,1,4,1,18:30,6,2,9
2023320361988,2023,320361988,1,1,1,1,67,10,3,0,0,0,0,0,9,9,E01026836,-1,0,0.06852,0.93148,-1,6,40,1,1,1,15:56,3,2,9
2023461381680,2023,461381680,1,1,1,2,26,6,3,0,0,0,0,0,9,5,E01024191,3,1,0.0,1.0,-1,6,30,5,1,2,09:55,7,3,9
2023451390150,2023,451390150,1,1,3,1,42,7,3,5,9,0,0,0,0,-1,-1,3,1,0.0,1.0,-1,3,30,1,1,1,13:00,2,1,9
2023311290225,2023,311290225,2,2,1,1,51,8,3,0,0,0,0,0,9,7,E01028157,3,1,0.0,1.0,-1,6,30,2,1,2,15:55,6,3,9
2023320731162,2023,320731162,2,1,1,1,35,6,3,0,0,0,0,0,9,4,E01026019,-1,0,0.06317,0.93683,-1,6,60,1,4,1,18:12,1,3,9
2023501329690,2023,501329690,2,3,2,1,69,10,3,0,0,-1,0,0,9,6,E01020274,3,1,0.0,1.0,-1,6,60,2,1,2,10:46,7,2,9
2023010451714,2023,010451714,1,1,1,2,37,7,3,0,0,0,0,0,3,5,E01003411,-1,0,0.0,1.0,-1,3,20,1,1,1,14:30,7,2,3