collision_index,collision_year,collision_ref_no,vehicle_reference,casualty_reference,casualty_class,sex_of_casualty,age_of_casualty,age_band_of_casualty,casualty_severity,pedestrian_location,pedestrian_movement,car_passenger,bus_or_coach_passenger,pedestrian_road_maintenance_worker,casualty_type,casualty_imd_decile,lsoa_of_casualty,enhanced_casualty_severity,casualty_injury_based,casualty_adjusted_severity_serious,casualty_adjusted_severity_slight,casualty_distance_banding,road_type,speed_limit,weather_conditions,light_conditions,road_surface_conditions,time,day_of_week,number_of_vehicles,vehicle_type
2023131387418,2023,131387418,2,1,1,2,52,8,3,0,0,0,0,0,9,8,E01011630,3,1,0.0,1.0,-1,6,30,2,4,2,17:45,3,2,9
2023010440847,2023,010440847,1,1,3,2,25,5,2,9,8,0,0,0,0,8,E01003446,-1,0,1.0,0.0,-1,6,20,1,1,1,07:00,4,1,9
2023131284601,2023,131284601,2,1,1,2,41,7,3,0,0,0,0,0,9,1,E01007564,3,1,0.0,1.0,-1,3,50,1,1,1,08:30,3,2,9
2023201291606,2023,201291606,2,2,2,2,63,9,3,0,0,1,0,0,9,1,E01009364,3,1,0.0,1.0,-1,6,30,2,1,2,09:25,5,2,9
2023201350271,2023,201350271,1,3,1,1,19,4,2,0,0,0,0,0,9,4,E01009835,7,1,1.0,0.0,-1,6,30,1,1,2,08:35,4,2,9
2023010441274,2023,010441274,1,1,1,1,38,7,3,0,0,0,0,0,9,3,E01001111,-1,0,0.0,1.0,-1,2,30,9,4,9,23:00,5,2,9
2023361338703,2023,361338703,3,3,1,2,50,8,3,0,0,0,0,0,9,9,E01023653,3,1,0.0,1.0,-1,6,50,1,1,1,17:10,1,4,9
2023451365515,2023,451365515,1,1,2,1,5,1,3,0,0,2,0,0,9,9,E01030612,3,1,0.0,1.0,-1,6,50,1,1,2,14:58,5,1,9
2023471297928,2023,471297928,2,1,1,1,23,5,3,0,0,0,0,0,9,3,E01016926,3,1,0.0,1.0,-1,3,70,1,1,1,17:00,2,2,9
2023471332543,2023,471332543,1,1,1,1,20,4,3,0,0,0,0,0,9,10,E01031754,3,1,0.0,1.0,-1,6,60,1,6,1,23:35,1,1,9
2023071055812,2023,071055812,1,1,1,2,42,7,3,0,0,0,0,0,9,2,E01018564,-1,0,0.05721,0.94279,-1,3,70,1,6,1,21:50,4,2,9
2023101284649,2023,101284649,1,1,1,1,33,6,3,0,0,0,0,0,9,6,E01027394,3,1,0.0,1.0,-1,3,40,1,4,4,06:37,4,1,9
2023302300551,2023,302300551,3,3,1,1,47,8,3,0,0,0,0,0,9,9,E01019835,-1,0,0.08394,0.91606,-1,6,40,1,4,1,20:30,6,3,9
2023401318841,2023,401318841,2,2,1,1,53,8,3,0,0,0,0,0,9,2,E01001143,3,1,0.0,1.0,-1,6,30,1,1,1,18:23,1,2,9
2023451319212,2023,451319212,1,1,1,1,52,8,3,0,0,0,0,0,9,7,E01030851,3,1,0.0,1.0,-1,6,30,1,1,1,16:15,5,3,9
2023361332378,2023,361332378,1,2,1,1,69,10,3,0,0,0,0,0,9,7,E01026676,3,1,0.0,1.0,-1,3,40,1,1,2,15:30,7,3,9
2023461363330,2023,461363330,2,1,1,1,81,11,2,0,0,0,0,0,9,8,E01012582,5,1,1.0,0.0,-1,7,30,1,1,1,14:08,1,2,9
2023622301058,2023,622301058,1,3,2,1,20,4,3,0,0,1,0,0,9,3,W01001145,-1,0,0.0296,0.9704,-1,1,40,1,4,1,23:56,6,2,9
2023351270922,2023,351270922,1,1,3,2,62,9,2,10,9,0,0,0,0,10,E01018258,7,1,1.0,0.0,-1,6,30,1,7,1,18:08,2,1,-1
2023052300407,2023,052300407,2,2,2,2,4,1,3,0,0,0,0,0,1,-1,-1,-1,0,0.08196,0.91804,-1,6,30,1,1,1,07:50,6,2,1
2023451263600,2023,451263600,2,1,2,2,37,7,2,0,0,2,0,0,9,-1,-1,7,1,1.0,0.0,-1,3,70,1,4,1,21:15,1,2,9
2023471289577,2023,471289577,2,1,1,2,19,4,3,0,0,0,0,0,9,8,E01016958,3,1,0.0,1.0,-1,6,60,1,1,1,08:10,5,2,9
2023501370069,2023,501370069,1,1,2,1,19,4,3,0,0,-1,0,0,9,6,E01020329,3,1,0.0,1.0,-1,6,60,1,6,2,20:10,4,1,9
2023010458249,2023,010458249,1,1,2,2,-1,-1,3,0,0,9,0,0,9,2,E01000075,-1,0,0.0,1.0,-1,6,20,1,1,1,18:29,2,2,9
2023161391545,2023,161391545,1,1,1,1,62,9,3,0,0,0,0,0,9,9,E01012996,3,1,0.0,1.0,-1,6,30,1,4,1,00:50,6,2,9
2023541632023,2023,541632023,1,2,2,2,18,4,3,0,0,1,0,0,9,6,E01032004,-1,0,0.08352,0.91648,-1,6,50,1,6,1,20:44,2,1,9
2023052302738,2023,052302738,1,1,3,1,55,8,3,9,5,0,0,0,0,1,E01006662,-1,0,0.19519,0.80481,-1,6,30,2,4,2,21:00,3,1,90
2023991350944,2023,991350944,1,1,3,1,77,11,2,5,2,0,0,0,0,3,-1,7,1,1.0,0.0,-1,6,30,1,1,1,14:01,1,1,9
2023010462989,2023,010462989,1,1,1,1,47,8,3,0,0,0,0,0,8,2,E01000484,-1,0,0.0,1.0,-1,6,30,1,1,1,06:55,2,2,8
2023031268884,2023,031268884,1,1,1,1,26,6,3,0,0,0,0,0,21,3,E01027530,3,1,0.0,1.0,-1,6,60,1,1,2,06:24,6,1,21
2023010471119,2023,010471119,1,1,3,2,20,4,2,6,9,0,0,0,0,8,E01002181,-1,0,1.0,0.0,-1,6,20,1,4,1,20:15,2,1,19
2023111316529,2023,111316529,2,2,1,2,45,7,3,0,0,0,0,0,9,6,-1,3,1,0.0,1.0,-1,6,60,1,1,1,15:40,5,2,9
2023221311506,2023,221311506,1,1,1,1,18,4,3,0,0,0,0,0,9,5,E01014056,3,1,0.0,1.0,-1,6,60,1,1,1,10:00,5,2,9
2023991375052,2023,991375052,1,1,2,1,24,5,3,0,0,2,0,0,9,-1,-1,3,1,0.0,1.0,-1,6,30,8,4,1,03:00,7,2,9
2023101264888,2023,101264888,2,1,1,1,43,7,2,0,0,0,0,0,9,10,E01027402,7,1,1.0,0.0,-1,3,60,1,1,1,07:55,4,2,9
2023131348954,2023,131348954,1,1,1,1,42,7,3,0,0,0,0,0,9,3,E01007346,3,1,0.0,1.0,-1,6,60,2,1,2,10:15,7,1,9
2023131412749,2023,131412749,2,3,2,2,14,3,3,0,0,2,0,0,9,3,E01010912,3,1,0.0,1.0,-1,6,30,2,1,2,09:42,5,2,9
2023332300388,2023,332300388,3,1,1,1,27,6,3,0,0,0,0,0,19,5,E01013627,-1,0,0.01902,0.98098,-1,3,70,1,1,1,14:05,5,5,19
2023471343233,2023,471343233,2,4,2,2,32,6,3,0,0,1,0,0,9,7,E01021007,3,1,0.0,1.0,-1,6,30,1,1,1,18:59,6,2,9
2023552301501,2023,552301501,2,1,1,2,31,6,3,0,0,0,0,0,9,-1,-1,-1,0,0.0071,0.9929,-1,6,30,4,1,1,12:00,4,2,9
2023041283065,2023,041283065,1,1,3,2,7,2,2,5,3,0,0,0,0,3,E01024952,7,1,1.0,0.0,-1,6,30,1,1,1,15:23,7,1,19
2023201439357,2023,201439357,1,1,1,1,22,5,3,0,0,0,0,0,9,1,E01009327,3,1,0.0,1.0,-1,1,30,1,4,1,18:06,2,3,9
2023221352021,2023,221352021,2,1,1,1,70,10,2,0,0,0,0,0,9,6,E01028857,7,1,1.0,0.0,-1,6,30,1,1,1,10:03,3,2,9
2023131301242,2023,131301242,2,1,1,1,45,7,3,0,0,0,0,0,19,8,E01011418,3,1,0.0,1.0,-1,6,30,1,1,1,11:51,4,2,19
2023010434670,2023,010434670,1,1,1,1,27,6,3,0,0,0,0,0,1,6,E01004626,-1,0,0.0,1.0,-1,6,20,1,1,2,08:05,6,2,1
2023010453826,2023,010453826,1,1,1,1,28,6,3,0,0,0,0,0,1,2,E01003619,-1,0,0.0,1.0,-1,1,30,1,1,1,08:10,4,2,1
2023131311136,2023,131311136,3,2,1,2,38,7,3,0,0,0,0,0,9,4,E01011499,3,1,0.0,1.0,-1,3,40,1,1,1,19:25,4,3,9
2023461275108,2023,461275108,1,1,1,2,61,9,2,0,0,0,0,0,9,9,E01024265,7,1,1.0,0.0,-1,6,40,1,1,1,13:00,1,2,9
2023461358250,2023,461358250,1,2,2,1,18,4,1,0,0,1,0,0,9,1,E01024670,1,1,0.0,0.0,-1,6,30,1,5,1,03:20,1,1,9
2023471314640,2023,471314640,1,2,2,1,29,6,3,0,0,1,0,0,9,6,E01031468,3,1,0.0,1.0,-1,6,60,1,1,1,18:27,7,4,9
2023161323273,2023,161323273,2,1,1,1,13,3,3,0,0,0,0,0,1,-1,-1,3,1,0.0,1.0,-1,6,30,1,1,1,18:30,7,2,1
2023010440215,2023,010440215,2,1,1,1,24,5,3,0,0,0,0,0,3,8,E01001046,-1,0,0.0,1.0,-1,6,30,8,1,1,16:32,7,2,3
2023340NN4682,2023,340NN4682,2,1,1,1,47,8,3,0,0,0,0,0,9,1,E01027198,-1,0,0.0623,0.9377,-1,6,30,2,4,2,21:40,5,2,9
2023361314606,2023,361314606,2,2,1,1,23,5,3,0,0,0,0,0,9,9,E01026571,3,1,0.0,1.0,-1,6,60,1,1,1,20:00,7,2,9
2023041274048,2023,041274048,1,1,3,1,5,1,2,8,3,0,0,0,0,1,E01025183,7,1,1.0,0.0,-1,6,30,1,1,1,15:25,4,1,9
2023161294073,2023,161294073,1,1,3,2,10,2,2,5,1,0,0,0,0,10,E01012926,7,1,1.0,0.0,-1,6,30,1,1,1,15:35,4,1,1
2023461375319,2023,461375319,1,1,3,2,65,9,3,5,1,0,0,0,0,5,E01024168,3,1,0.0,1.0,-1,6,30,1,4,1,17:06,3,1,9
2023311372740,2023,311372740,2,1,1,1,11,3,3,0,0,0,0,0,1,-1,-1,3,1,0.0,1.0,-1,6,30,1,1,1,16:11,5,2,1
2023201418451,2023,201418451,2,1,1,1,22,5,3,0,0,0,0,0,3,3,E01009232,3,1,0.0,1.0,-1,6,30,1,1,1,11:20,7,3,3
2023010460452,2023,010460452,2,1,1,2,48,8,3,0,0,0,0,0,9,5,E01003700,-1,0,0.0,1.0,-1,6,30,1,1,1,14:00,1,3,9
2023141301711,2023,141301711,2,2,1,1,19,4,3,0,0,0,0,0,9,8,E01007672,3,1,0.0,1.0,-1,6,60,1,1,1,09:37,5,2,9
2023311266171,2023,311266171,1,1,1,2,52,8,2,0,0,0,0,0,9,1,E01028320,6,1,1.0,0.0,-1,6,30,1,1,1,10:05,2,1,9
2023401292583,2023,401292583,1,1,1,1,20,4,2,0,0,0,0,0,9,1,E01017523,5,1,1.0,0.0,-1,6,60,1,1,2,13:34,4,1,9
2023471340959,2023,471340959,2,2,2,1,-1,-1,3,0,0,2,0,0,9,10,E01031487,3,1,0.0,1.0,-1,3,70,1,1,1,14:48,5,2,9
2023440430374,2023,440430374,2,1,1,2,10,2,2,0,0,0,0,0,-1,2,E01022964,-1,0,1.0,0.0,-1,6,30,1,1,1,16:10,6,2,-1
2023332300698,2023,332300698,2,1,1,1,42,7,3,0,0,0,0,0,1,3,E01025987,-1,0,0.06063,0.93937,-1,6,30,1,1,1,06:45,3,2,1
2023010430195,2023,010430195,2,1,1,1,21,5,3,0,0,0,0,0,4,-1,-1,-1,0,0.0,1.0,-1,6,20,1,1,1,06:46,6,2,4
2023991318619,2023,991318619,1,1,1,1,37,7,1,0,0,0,0,0,5,-1,-1,1,1,0.0,0.0,-1,6,60,1,1,1,18:45,3,2,5
2023131345863,2023,131345863,1,1,1,2,35,6,3,0,0,0,0,0,9,8,E01011826,3,1,0.0,1.0,-1,6,30,1,4,1,21:40,7,2,9
2023991339144,2023,991339144,1,1,1,1,35,6,2,0,0,0,0,0,9,2,E01012666,7,1,1.0,0.0,-1,6,60,1,1,1,16:15,2,2,9
2023061291097,2023,061291097,1,1,3,2,2,1,3,5,3,0,0,0,0,3,E01005702,3,1,0.0,1.0,-1,6,20,1,4,1,20:50,2,1,9
2023010459954,2023,010459954,1,1,1,2,40,7,3,0,0,0,0,0,1,3,E01002731,-1,0,0.0,1.0,-1,6,20,1,1,2,07:10,2,2,1
2023471277798,2023,471277798,2,1,1,1,34,6,2,0,0,0,0,0,5,1,E01020989,6,1,1.0,0.0,-1,6,30,1,1,1,15:58,5,2,5
2023461273395,2023,461273395,1,2,2,1,17,4,3,0,0,2,0,0,9,4,E01016071,3,1,0.0,1.0,-1,6,60,1,6,1,18:25,2,1,9
2023201343108,2023,201343108,1,10,2,1,10,2,3,0,0,0,4,0,11,3,E01009219,3,1,0.0,1.0,-1,3,30,1,1,1,15:00,1,2,11
2023010441382,2023,010441382,1,1,3,2,44,7,3,1,9,0,0,0,0,1,E01001781,-1,0,0.0,1.0,-1,6,30,1,1,1,07:57,5,1,1
2023201309192,2023,201309192,1,1,3,1,20,4,2,5,2,0,0,2,0,6,E01009531,7,1,1.0,0.0,-1,6,30,1,1,1,17:50,5,1,9
2023031281486,2023,031281486,1,1,1,1,71,10,2,0,0,0,0,0,1,-1,-1,7,1,1.0,0.0,-1,6,40,1,1,1,17:18,3,2,1
2023161352221,2023,161352221,1,1,1,1,30,6,3,0,0,0,0,0,1,1,E01012944,3,1,0.0,1.0,-1,6,40,9,1,1,12:20,3,2,1
2023122300568,2023,122300568,1,1,1,1,53,8,3,0,0,0,0,0,5,2,E01013349,-1,0,0.10408,0.89592,-1,6,30,1,1,1,17:13,4,1,5
2023010456420,2023,010456420,1,1,1,1,41,7,3,0,0,0,0,0,9,4,E01000621,-1,0,0.0,1.0,-1,6,30,1,4,1,02:14,6,1,9
2023340WN2922,2023,340WN2922,1,2,2,2,31,6,3,0,0,1,0,0,9,6,E01027029,-1,0,0.09879,0.90121,-1,6,50,1,1,1,11:05,5,1,9
2023041346062,2023,041346062,1,1,3,1,62,9,1,10,9,0,0,0,0,1,E01005475,1,1,0.0,0.0,-1,6,20,1,4,1,20:21,1,1,19
2023010452285,2023,010452285,2,1,2,1,29,6,3,0,0,0,0,0,4,4,E01003203,-1,0,0.0,1.0,-1,6,20,1,1,1,16:25,5,2,4
2023131266201,2023,131266201,2,1,2,1,19,4,3,0,0,2,0,0,9,7,E01011849,3,1,0.0,1.0,-1,6,20,1,4,4,20:52,6,2,9
2023361333670,2023,361333670,2,1,1,1,49,8,3,0,0,0,0,0,9,10,E01026815,3,1,0.0,1.0,-1,6,50,1,1,1,12:15,4,4,9
2023010461755,2023,010461755,1,1,1,1,58,9,3,0,0,0,0,0,9,4,E01015606,-1,0,0.0,1.0,-1,3,40,1,4,1,22:00,7,2,9
2023061375144,2023,061375144,1,1,2,2,18,4,3,0,0,2,0,0,9,3,E01006293,3,1,0.0,1.0,-1,6,30,1,4,1,05:50,7,3,9
2023131358029,2023,131358029,2,1,1,2,43,7,3,0,0,0,0,0,9,1,E01011045,3,1,0.0,1.0,-1,6,30,1,1,1,17:20,5,2,9
2023201401595,2023,201401595,1,1,1,1,25,5,2,0,0,0,0,0,9,1,E01010269,7,1,1.0,0.0,-1,1,40,1,4,1,04:14,6,1,9
2023471328730,2023,471328730,1,1,1,2,76,11,3,0,0,0,0,0,9,8,E01031382,3,1,0.0,1.0,-1,6,30,4,1,1,10:50,4,2,9
2023991303607,2023,991303607,2,1,1,2,42,7,3,0,0,0,0,0,9,6,-1,3,1,0.0,1.0,-1,6,30,1,1,1,17:15,5,2,9
2023131393353,2023,131393353,1,1,1,1,40,7,3,0,0,0,0,0,9,1,E01011899,3,1,0.0,1.0,-1,7,60,2,6,2,15:40,7,1,9
2023332300879,2023,332300879,1,1,1,1,18,4,3,0,0,0,0,0,9,8,E01025793,-1,0,0.07112,0.92888,-1,6,60,7,1,2,06:45,6,1,9
2023421300311,2023,421300311,2,2,2,2,41,7,3,0,0,1,0,0,9,4,E01021310,3,1,0.0,1.0,-1,6,30,2,1,2,11:25,2,2,9
2023440238830,2023,440238830,1,1,1,1,66,10,2,0,0,0,0,0,1,-1,-1,-1,0,1.0,0.0,-1,6,30,1,1,1,11:37,6,1,1
2023010479035,2023,010479035,1,1,1,1,37,7,3,0,0,0,0,0,9,7,E01017925,-1,0,0.0,1.0,-1,7,70,1,1,2,07:00,2,2,9
2023101338608,2023,101338608,2,2,1,2,65,9,3,0,0,0,0,0,9,5,E01008490,3,1,0.0,1.0,-1,1,30,1,1,1,10:30,6,2,9
2023461377993,2023,461377993,1,1,1,1,15,3,2,0,0,0,0,0,97,1,E01024177,7,1,1.0,0.0,-1,6,30,1,4,2,18:01,6,2,97
2023010429171,2023,010429171,1,1,1,1,20,4,3,0,0,0,0,0,3,2,E01001441,-1,0,0.0,1.0,-1,3,30,1,4,1,21:44,7,1,3
2023451355801,2023,451355801,2,1,1,1,42,7,3,0,0,0,0,0,3,5,E01030982,3,1,0.0,1.0,-1,1,40,1,1,1,16:29,1,2,3
2023501298634,2023,501298634,1,1,1,1,26,6,2,0,0,0,0,0,5,5,E01018817,6,1,1.0,0.0,-1,3,30,1,1,1,18:45,4,2,5
2023211297013,2023,211297013,1,1,3,2,86,11,2,5,3,0,0,0,0,6,E01014363,5,1,1.0,0.0,-1,6,30,1,1,1,12:06,7,1,9
2023421331238,2023,421331238,2,1,1,1,26,6,2,0,0,0,0,0,5,4,E01015835,6,1,1.0,0.0,-1,6,60,1,1,1,18:51,4,2,5
2023010472272,2023,010472272,1,1,3,1,42,7,2,6,9,0,0,0,0,2,E01003057,-1,0,1.0,0.0,-1,9,20,1,1,1,11:15,7,1,9
2023201413842,2023,201413842,1,1,3,1,32,6,2,5,2,0,0,2,0,6,E01010132,7,1,1.0,0.0,-1,6,30,2,4,2,19:30,6,2,9
2023061373525,2023,061373525,1,2,2,2,18,4,3,0,0,1,0,0,9,7,E01018412,3,1,0.0,1.0,-1,3,50,1,1,1,11:10,7,4,9
2023101355259,2023,101355259,2,1,1,2,44,7,3,0,0,0,0,0,9,7,E01008314,3,1,0.0,1.0,-1,3,50,1,1,1,14:40,4,2,9
2023461376460,2023,461376460,1,1,1,1,57,9,2,0,0,0,0,0,4,4,E01024624,7,1,1.0,0.0,-1,7,70,1,1,2,15:19,6,2,4
2023522400284,2023,522400284,1,1,3,1,-1,-1,3,6,9,0,0,0,0,-1,-1,-1,0,0.02664,0.97336,-1,6,20,1,1,1,18:30,2,1,9
2023010429451,2023,010429451,2,1,1,1,48,8,2,0,0,0,0,0,1,6,E01004186,-1,0,1.0,0.0,-1,6,30,1,1,1,06:42,2,2,1
2023010432995,2023,010432995,1,1,1,2,47,8,3,0,0,0,0,0,9,5,E01004057,-1,0,0.0,1.0,-1,6,20,2,4,2,02:50,1,2,9
2023052300694,2023,052300694,2,2,2,2,15,3,3,0,0,1,0,0,9,1,E01007003,-1,0,0.05631,0.94369,-1,3,40,1,1,1,15:29,7,2,9
2023131316957,2023,131316957,1,1,1,1,19,4,2,0,0,0,0,0,9,4,E01011039,7,1,1.0,0.0,-1,6,30,1,6,1,21:47,6,1,9
2023421296334,2023,421296334,1,1,1,1,60,9,2,0,0,0,0,0,9,4,E01021272,5,1,1.0,0.0,-1,6,30,1,1,1,11:22,5,1,9
2023430232051,2023,430232051,2,1,1,2,31,6,3,0,0,0,0,0,9,5,E01028505,-1,0,0.00809,0.99191,-1,6,30,1,1,1,18:20,6,2,9
2023622300321,2023,622300321,1,1,1,1,17,4,3,0,0,0,0,0,9,2,W01000801,-1,0,0.04791,0.95209,-1,6,60,1,4,2,22:19,6,1,9
2023361265168,2023,361265168,2,2,1,1,37,7,2,0,0,0,0,0,21,9,E01026301,5,1,1.0,0.0,-1,6,60,1,7,2,06:30,4,5,21
2023161380765,2023,161380765,1,1,2,2,29,6,3,0,0,0,-1,0,11,2,E01012763,3,1,0.0,1.0,-1,3,30,1,1,-1,12:00,6,2,11
2023031391180,2023,031391180,1,1,2,2,20,4,3,0,0,1,0,0,9,-1,-1,3,1,0.0,1.0,-1,6,60,5,7,2,16:50,5,3,9
2023201453098,2023,201453098,2,2,1,1,48,8,3,0,0,0,0,0,9,3,E01008921,3,1,0.0,1.0,-1,6,30,1,1,1,07:52,4,2,9
2023610003423,2023,610003423,1,1,2,1,52,8,3,0,0,1,0,0,9,1,W01001621,-1,0,0.17208,0.82792,-1,6,30,1,4,1,01:09,7,3,9
2023131310841,2023,131310841,1,1,3,1,10,2,3,8,9,0,0,2,0,2,E01010740,3,1,0.0,1.0,-1,6,30,1,1,1,08:25,4,1,9
2023141317376,2023,141317376,1,2,1,2,19,4,2,0,0,0,0,0,9,8,E01033259,7,1,1.0,0.0,-1,3,40,1,1,1,15:45,1,2,9
2023101355527,2023,101355527,1,1,3,1,40,7,3,9,5,0,0,0,0,3,E01008441,3,1,0.0,1.0,-1,6,20,1,1,1,11:53,5,1,9
2023501318085,2023,501318085,2,1,1,1,44,7,3,0,0,0,0,0,3,1,E01015155,3,1,0.0,1.0,-1,3,40,1,1,1,09:44,3,2,3
2023010452776,2023,010452776,2,1,2,1,24,5,3,0,0,2,0,0,8,2,E01001719,-1,0,0.0,1.0,-1,6,20,1,1,1,16:30,1,2,8
2023010482555,2023,010482555,1,1,3,1,53,8,3,10,9,0,0,0,0,5,E01001271,-1,0,0.0,1.0,-1,7,30,8,1,1,13:15,4,1,90
2023010476333,2023,010476333,1,1,2,2,-1,-1,3,0,0,2,0,0,8,1,E01004222,-1,0,0.0,1.0,-1,6,20,1,1,1,15:45,2,2,8
2023471309419,2023,471309419,1,1,1,1,19,4,3,0,0,0,0,0,3,7,E01016929,3,1,0.0,1.0,-1,6,40,1,6,1,22:30,6,1,3
2023010442469,2023,010442469,1,1,3,1,73,10,2,10,9,0,0,0,0,8,E01002265,-1,0,1.0,0.0,-1,6,30,8,1,1,14:20,5,1,9
2023201366283,2023,201366283,1,1,3,1,4,1,2,9,5,0,0,0,0,1,E01009172,7,1,1.0,0.0,-1,6,30,1,1,1,20:24,1,2,9
2023010419443,2023,010419443,2,1,1,2,45,7,2,0,0,0,0,0,1,3,E01004708,-1,0,1.0,0.0,-1,2,20,1,1,2,12:31,3,2,1
2023401315066,2023,401315066,1,1,1,1,-1,-1,2,0,0,0,0,0,1,-1,-1,7,1,1.0,0.0,-1,9,30,1,1,-1,08:20,6,2,1
2023991325052,2023,991325052,2,1,1,2,26,6,3,0,0,0,0,0,1,7,-1,3,1,0.0,1.0,-1,6,20,1,1,1,15:00,4,2,1
2023430032946,2023,430032946,1,1,1,1,22,5,3,0,0,0,0,0,4,-1,-1,-1,0,0.11791,0.88209,-1,6,30,1,1,1,08:39,3,2,4
2023010423511,2023,010423511,1,1,3,2,86,11,2,5,1,0,0,0,0,7,E01015822,-1,0,1.0,0.0,-1,2,20,1,4,2,19:11,4,1,8
2023421276174,2023,421276174,1,1,3,2,22,5,3,5,1,0,0,0,0,6,E01021758,3,1,0.0,1.0,-1,6,30,1,1,2,07:50,6,1,9
2023010468942,2023,010468942,1,1,1,1,29,6,2,0,0,0,0,0,1,7,E01023901,-1,0,1.0,0.0,-1,6,30,1,1,2,08:30,6,2,1
2023320317152,2023,320317152,2,1,1,1,39,7,3,0,0,0,0,0,1,4,E01026259,-1,0,0.15524,0.84476,-1,6,40,1,1,1,16:51,4,2,1
2023010451089,2023,010451089,2,1,1,2,58,9,3,0,0,0,0,0,9,2,E01004384,-1,0,0.0,1.0,-1,6,30,1,4,1,00:55,7,4,9
2023010484000,2023,010484000,1,1,1,-1,30,6,3,0,0,0,0,0,9,10,E01022084,-1,0,0.0,1.0,-1,1,50,2,4,2,17:55,4,2,9
2023141345794,2023,141345794,1,2,2,1,14,3,3,0,0,1,0,0,9,3,E01007679,3,1,0.0,1.0,-1,6,40,1,5,1,13:50,7,2,9
2023461321918,2023,461321918,2,1,1,2,55,8,3,0,0,0,0,0,9,7,E01024726,3,1,0.0,1.0,-1,6,30,1,1,2,17:23,1,2,9
2023991324806,2023,991324806,2,1,1,2,37,7,3,0,0,0,0,0,9,4,-1,3,1,0.0,1.0,-1,6,20,1,1,1,16:10,7,2,9
2023421266181,2023,421266181,1,1,1,2,17,4,3,0,0,0,0,0,-1,1,E01016007,3,1,0.0,1.0,-1,6,20,1,1,1,16:14,6,2,-1
2023451322538,2023,451322538,2,1,1,1,50,8,2,0,0,0,0,0,1,8,E01030485,6,1,1.0,0.0,-1,6,30,1,1,1,09:10,1,2,1
2023010471868,2023,010471868,1,1,1,1,67,10,3,0,0,0,0,0,9,7,E01000812,-1,0,0.0,1.0,-1,1,30,2,4,2,19:45,6,1,9
2023610050823,2023,610050823,1,1,3,1,46,8,3,6,9,0,0,0,0,-1,-1,-1,0,0.06097,0.93903,-1,6,20,1,7,1,20:30,6,1,9
2023010451205,2023,010451205,1,1,1,1,25,5,3,0,0,0,0,0,3,6,E01001347,-1,0,0.0,1.0,-1,2,20,1,4,1,21:57,6,1,3
2023010459510,2023,010459510,2,1,1,1,31,6,3,0,0,0,0,0,3,6,E01004216,-1,0,0.0,1.0,-1,3,40,2,1,2,12:49,3,2,3
2023010477314,2023,010477314,1,1,3,2,42,7,3,5,9,0,0,0,0,4,E01003129,-1,0,0.0,1.0,-1,6,30,1,4,2,17:15,5,1,1
2023101263387,2023,101263387,1,1,3,2,32,6,2,1,1,0,0,0,0,1,E01027545,7,1,1.0,0.0,-1,6,30,1,1,1,11:30,6,1,19
2023430427899,2023,430427899,1,1,1,1,50,8,2,0,0,0,0,0,9,1,E01033348,-1,0,1.0,0.0,-1,3,70,1,1,1,19:08,7,1,9
2023461305587,2023,461305587,1,2,2,2,19,4,3,0,0,1,0,0,9,-1,-1,3,1,0.0,1.0,-1,6,30,1,4,1,21:29,6,1,9
2023552300615,2023,552300615,2,1,1,2,43,7,3,0,0,0,0,0,9,5,E01015374,-1,0,0.00476,0.99524,-1,6,30,1,1,1,14:36,4,2,9
2023161392587,2023,161392587,1,2,2,2,25,5,3,0,0,1,0,0,9,2,E01012821,3,1,0.0,1.0,-1,6,30,1,4,2,22:35,4,2,9
2023061393786,2023,061393786,2,2,1,1,31,6,3,0,0,0,0,0,9,8,E01006378,3,1,0.0,1.0,-1,3,70,2,4,2,21:50,1,2,9
2023991378279,2023,991378279,1,1,1,1,29,6,2,0,0,0,0,0,9,6,-1,7,1,1.0,0.0,-1,6,60,1,6,2,19:57,5,1,9
2023010431155,2023,010431155,1,1,3,1,26,6,3,1,9,0,0,0,0,6,E01003764,-1,0,0.0,1.0,-1,6,30,2,1,2,06:27,5,1,20
2023141390813,2023,141390813,1,1,3,2,43,7,2,10,9,0,0,0,0,-1,-1,7,1,1.0,0.0,-1,6,30,5,4,2,16:00,4,1,9
2023332300124,2023,332300124,2,1,1,1,17,4,3,0,0,0,0,0,3,5,E01025875,-1,0,0.0764,0.9236,-1,6,30,1,4,1,21:14,7,2,3
2023440404886,2023,440404886,1,1,3,1,63,9,2,10,9,0,0,0,0,3,E01023107,-1,0,1.0,0.0,-1,6,30,1,1,1,08:44,4,1,9
2023440416901,2023,440416901,1,1,1,1,21,5,3,0,0,0,0,0,1,-1,-1,-1,0,0.07892,0.92108,-1,6,20,1,1,1,16:00,4,2,1
2023101383239,2023,101383239,1,1,3,2,28,6,3,10,9,0,0,0,0,5,E01031132,3,1,0.0,1.0,-1,6,30,3,4,3,00:15,1,1,8
2023461317742,2023,461317742,2,1,1,2,58,9,3,0,0,0,0,0,4,5,E01016029,3,1,0.0,1.0,-1,6,60,1,1,1,18:33,3,2,4
2023071025524,2023,071025524,2,1,1,1,62,9,2,0,0,0,0,0,5,2,E01018484,-1,0,1.0,0.0,-1,6,30,9,1,1,18:00,4,2,5
2023340NN1552,2023,340NN1552,2,1,1,1,32,6,3,0,0,0,0,0,9,7,E01026978,-1,0,0.0333,0.9667,-1,6,30,2,1,2,17:25,5,2,9