collision_index,collision_year,collision_ref_no,vehicle_reference,casualty_reference,casualty_class,sex_of_casualty,age_of_casualty,age_band_of_casualty,casualty_severity,pedestrian_location,pedestrian_movement,car_passenger,bus_or_coach_passenger,pedestrian_road_maintenance_worker,casualty_type,casualty_imd_decile,lsoa_of_casualty,enhanced_casualty_severity,casualty_injury_based,casualty_adjusted_severity_serious,casualty_adjusted_severity_slight,casualty_distance_banding,road_type,speed_limit,weather_conditions,light_conditions,road_surface_conditions,time,day_of_week,number_of_vehicles,vehicle_type
2023471292804,2023,471292804,2,1,1,2,48,8,3,0,0,0,0,0,9,7,E01020926,3,1,0.0,1.0,-1,6,30,1,1,2,14:37,7,2,9
2023231323107,2023,231323107,1,1,1,1,64,9,3,0,0,0,0,0,19,2,E01032235,3,1,0.0,1.0,-1,6,60,1,1,1,14:42,5,2,19
2023010428475,2023,010428475,1,1,2,-1,-1,-1,3,0,0,1,0,0,9,-1,-1,-1,0,0.0,1.0,-1,3,50,1,4,1,19:50,3,2,9
2023421306846,2023,421306846,3,1,1,2,22,5,2,0,0,0,0,0,9,6,E01021404,7,1,1.0,0.0,-1,6,30,1,4,1,23:47,6,3,9
2023622300719,2023,622300719,2,2,1,2,23,5,3,0,0,0,0,0,9,4,W01001175,-1,0,0.01774,0.98226,-1,6,30,1,1,1,07:29,5,2,9
2023010428936,2023,010428936,1,1,1,1,39,7,3,0,0,0,0,0,9,4,E01001435,-1,0,0.0,1.0,-1,9,20,1,4,1,19:11,4,3,9
2023361328660,2023,361328660,1,1,1,2,38,7,3,0,0,0,0,0,9,5,E01026712,3,1,0.0,1.0,-1,6,60,1,1,1,12:46,4,2,9
2023141268541,2023,141268541,2,1,1,1,42,7,2,0,0,0,0,0,1,2,E01007539,7,1,1.0,0.0,-1,6,30,1,4,1,18:20,5,2,1
2023101371640,2023,101371640,1,1,1,1,33,6,2,0,0,0,0,0,4,1,E01008227,7,1,1.0,0.0,-1,6,30,1,1,1,14:00,7,3,4
2023161312873,2023,161312873,1,1,1,1,67,10,3,0,0,0,0,0,9,5,E01012910,3,1,0.0,1.0,-1,6,30,1,1,1,13:24,4,2,9
2023461286200,2023,461286200,1,1,1,1,26,6,3,0,0,0,0,0,9,5,E01024010,3,1,0.0,1.0,-1,6,60,2,6,2,22:33,5,1,9
2023522301733,2023,522301733,1,1,1,1,37,7,2,0,0,0,0,0,19,1,W01001667,-1,0,1.0,0.0,-1,7,70,1,1,1,07:27,6,2,19
2023411284583,2023,411284583,2,1,1,1,34,6,3,0,0,0,0,0,3,7,E01023682,3,1,0.0,1.0,-1,6,30,1,1,-1,16:45,7,2,3
2023131319879,2023,131319879,1,2,2,1,17,4,3,0,0,2,0,0,9,7,E01011637,3,1,0.0,1.0,-1,6,60,1,6,1,00:32,1,1,9
2023421286331,2023,421286331,1,1,1,2,24,5,3,0,0,0,0,0,9,8,E01021926,3,1,0.0,1.0,-1,6,30,1,7,1,19:55,2,2,9
2023421353001,2023,421353001,1,3,2,2,19,4,3,0,0,1,0,0,9,5,E01015859,3,1,0.0,1.0,-1,3,40,1,4,1,21:59,6,3,9
2023552300967,2023,552300967,2,1,1,2,70,10,3,0,0,0,0,0,9,7,E01029199,-1,0,0.00871,0.99129,-1,6,30,1,1,1,15:00,3,2,9
2023991263477,2023,991263477,1,3,2,1,24,5,3,0,0,2,0,0,9,5,-1,3,1,0.0,1.0,-1,6,60,1,1,2,12:15,7,3,9
2023052300864,2023,052300864,2,1,1,1,33,6,2,0,0,0,0,0,90,1,E01006698,-1,0,1.0,0.0,-1,6,30,1,4,1,22:40,1,2,90
2023631311070,2023,631311070,1,2,1,2,72,10,3,0,0,0,0,0,9,8,W01000596,3,1,0.0,1.0,-1,6,60,1,1,1,13:20,4,2,9
2023111263178,2023,111263178,2,1,1,2,48,8,2,0,0,0,0,0,3,7,E01012345,6,1,1.0,0.0,-1,6,30,1,4,2,17:36,3,2,3
2023010463312,2023,010463312,1,1,1,1,54,8,3,0,0,0,0,0,9,1,E01000602,-1,0,0.0,1.0,-1,1,30,1,1,1,06:50,4,2,9
202360A165737,2023,60A165737,1,1,1,1,17,4,3,0,0,0,0,0,9,-1,-1,-1,0,0.11714,0.88286,-1,6,20,1,6,1,19:30,1,1,9
2023311274113,2023,311274113,2,1,1,1,17,4,3,0,0,0,0,0,1,4,E01028249,3,1,0.0,1.0,-1,6,30,1,1,1,08:13,5,2,1
2023361281026,2023,361281026,1,1,1,1,38,7,1,0,0,0,0,0,1,-1,-1,1,1,0.0,0.0,-1,3,30,1,4,1,18:45,2,3,1
2023221302636,2023,221302636,1,1,3,1,17,4,3,6,9,0,0,0,0,6,E01028857,3,1,0.0,1.0,-1,6,30,1,1,1,15:40,2,1,9
2023221318937,2023,221318937,2,1,1,1,32,6,3,0,0,0,0,0,1,4,E01014192,3,1,0.0,1.0,-1,6,30,1,1,1,15:50,4,2,1
2023052300987,2023,052300987,2,1,1,2,27,6,3,0,0,0,0,0,9,5,E01006670,-1,0,0.01611,0.98389,-1,6,30,1,1,1,15:00,6,3,9
2023122300461,2023,122300461,2,1,1,2,73,10,2,0,0,0,0,0,9,10,E01011280,-1,0,1.0,0.0,-1,6,60,1,1,1,09:17,2,2,9
2023141370757,2023,141370757,3,1,2,2,45,7,3,0,0,2,0,0,9,-1,-1,3,1,0.0,1.0,-1,3,50,1,1,1,15:30,6,3,9
2023161380805,2023,161380805,1,1,1,1,33,6,3,0,0,0,0,0,19,3,E01012795,3,1,0.0,1.0,-1,6,30,1,1,4,08:26,5,3,19
2023052301427,2023,052301427,2,1,1,1,37,7,3,0,0,0,0,0,1,1,E01006455,-1,0,0.06398,0.93602,-1,6,30,1,1,1,15:38,5,2,1
2023131358068,2023,131358068,2,1,1,1,18,4,3,0,0,0,0,0,1,1,E01011494,3,1,0.0,1.0,-1,6,30,2,4,2,19:10,7,2,1
2023010475313,2023,010475313,1,1,1,2,33,6,3,0,0,0,0,0,3,4,E01003147,-1,0,0.0,1.0,-1,9,30,9,1,9,12:39,3,2,3
2023231271503,2023,231271503,1,1,1,1,53,8,3,0,0,0,0,0,5,7,E01027011,3,1,0.0,1.0,-1,6,30,1,1,2,09:35,1,1,5
2023010444668,2023,010444668,1,1,1,1,32,6,3,0,0,0,0,0,8,9,E01021756,-1,0,0.0,1.0,-1,9,30,9,1,9,05:40,1,1,8
2023101316809,2023,101316809,1,1,1,1,23,5,3,0,0,0,0,0,9,4,E01008832,3,1,0.0,1.0,-1,3,30,1,1,1,14:40,5,2,9
2023430426745,2023,430426745,2,1,1,2,54,8,3,0,0,0,0,0,9,8,E01027294,-1,0,0.08281,0.91719,-1,6,60,1,7,1,22:00,6,2,9
2023471330445,2023,471330445,1,1,1,1,32,6,3,0,0,0,0,0,9,3,E01016919,3,1,0.0,1.0,-1,6,20,1,1,1,07:57,3,1,9
2023131294673,2023,131294673,2,1,1,1,39,7,2,0,0,0,0,0,5,8,E01011399,7,1,1.0,0.0,-1,6,30,1,4,1,21:50,6,2,5
2023010453704,2023,010453704,1,2,2,2,68,10,3,0,0,2,0,0,9,1,E01001822,-1,0,0.0,1.0,-1,6,30,1,1,1,08:50,6,2,9
2023141369136,2023,141369136,1,1,1,1,28,6,3,0,0,0,0,0,9,5,E01012994,3,1,0.0,1.0,-1,6,60,2,6,2,17:00,3,2,9
2023451303629,2023,451303629,2,2,1,1,39,7,2,0,0,0,0,0,9,9,E01001063,5,1,1.0,0.0,-1,3,70,1,1,1,10:30,4,3,9
2023061300544,2023,061300544,1,1,3,1,28,6,3,5,3,0,0,0,0,-1,-1,3,1,0.0,1.0,-1,6,30,1,1,1,10:25,2,1,9
2023010438387,2023,010438387,2,1,1,2,36,7,3,0,0,0,0,0,9,1,E01001330,-1,0,0.0,1.0,-1,6,20,1,1,1,08:00,5,2,9
2023101335815,2023,101335815,2,1,1,1,40,7,3,0,0,0,0,0,9,1,E01008743,3,1,0.0,1.0,-1,6,40,1,1,1,19:45,4,3,9
2023131357348,2023,131357348,2,1,1,2,23,5,3,0,0,0,0,0,9,8,E01011931,3,1,0.0,1.0,-1,6,30,1,1,1,08:55,4,2,9
2023461373100,2023,461373100,1,1,2,2,85,11,3,0,0,0,0,0,9,9,E01016106,3,1,0.0,1.0,-1,3,30,1,1,2,15:03,1,2,9
2023421376228,2023,421376228,1,1,1,1,49,8,2,0,0,0,0,0,19,-1,-1,7,1,1.0,0.0,-1,6,40,1,4,1,04:38,1,2,19
2023010471372,2023,010471372,1,1,3,1,34,6,3,10,9,0,0,0,0,-1,-1,-1,0,0.0,1.0,-1,9,20,9,1,9,13:55,3,1,19
2023010425743,2023,010425743,1,1,1,2,25,5,3,0,0,0,0,0,9,6,E01033571,-1,0,0.0,1.0,-1,3,30,8,1,1,16:45,2,2,9
2023010433503,2023,010433503,2,1,1,1,41,7,3,0,0,0,0,0,9,2,E01015931,-1,0,0.0,1.0,-1,3,40,1,4,2,23:42,3,3,9
2023010434229,2023,010434229,1,2,2,-1,-1,-1,3,0,0,1,0,0,9,3,E01033422,-1,0,0.0,1.0,-1,2,20,2,4,2,03:15,1,2,9
2023461261628,2023,461261628,2,1,1,1,28,6,3,0,0,0,0,0,9,5,E01024095,3,1,0.0,1.0,-1,6,30,1,1,1,10:15,1,2,9
2023461332680,2023,461332680,1,1,1,1,44,7,3,0,0,0,0,0,9,2,E01024476,3,1,0.0,1.0,-1,6,30,1,1,1,10:10,3,2,9
2023520300796,2023,520300796,1,1,1,2,54,8,3,0,0,0,0,0,9,8,E01029019,-1,0,0.0335,0.9665,-1,6,30,1,4,1,18:03,2,2,9
2023531396441,2023,531396441,1,1,1,2,54,8,3,0,0,0,0,0,9,5,E01017923,3,1,0.0,1.0,-1,6,50,1,1,1,11:25,7,3,9
2023461364103,2023,461364103,2,1,2,2,58,9,3,0,0,0,4,0,11,3,E01024399,3,1,0.0,1.0,-1,3,30,1,1,1,18:07,2,2,11
2023211378579,2023,211378579,1,1,1,1,17,4,3,0,0,0,0,0,9,4,E01029386,3,1,0.0,1.0,-1,3,30,1,1,-1,08:10,6,2,9
2023401348362,2023,401348362,1,3,2,2,10,2,3,0,0,2,0,0,9,-1,-1,3,1,0.0,1.0,-1,7,70,2,1,2,13:10,7,2,9
2023411354685,2023,411354685,4,2,1,2,31,6,3,0,0,0,0,0,9,9,E01017655,3,1,0.0,1.0,-1,3,70,1,1,1,10:11,2,6,9
2023010421178,2023,010421178,1,1,1,1,27,6,3,0,0,0,0,0,2,4,E01000323,-1,0,0.0,1.0,-1,6,30,1,1,1,13:12,6,2,2
2023052300470,2023,052300470,1,2,1,1,90,11,3,0,0,0,0,0,9,10,E01007191,-1,0,0.11426,0.88574,-1,1,40,1,1,1,15:35,6,2,9
2023201448008,2023,201448008,1,3,2,1,-1,-1,3,0,0,-1,0,0,9,-1,-1,3,1,0.0,1.0,-1,3,30,1,4,1,23:08,7,2,9
2023552300539,2023,552300539,1,1,1,1,27,6,3,0,0,0,0,0,9,8,E01015333,-1,0,0.08323,0.91677,-1,6,30,1,4,2,23:14,1,1,9
2023010479694,2023,010479694,1,1,3,2,29,6,3,5,1,0,0,0,0,7,E01000791,-1,0,0.0,1.0,-1,6,30,1,1,1,06:50,5,1,9
2023131377722,2023,131377722,1,1,1,1,26,6,3,0,0,0,0,0,19,8,E01011217,3,1,0.0,1.0,-1,6,40,1,1,2,13:16,4,2,19
2023201416926,2023,201416926,1,1,3,2,16,4,3,1,1,0,0,0,0,7,E01009040,3,1,0.0,1.0,-1,3,30,1,4,1,18:19,2,1,9
2023010419967,2023,010419967,1,1,3,1,16,4,3,5,9,0,0,0,0,6,E01002640,-1,0,0.0,1.0,-1,6,30,1,1,1,13:20,6,1,9
2023501308872,2023,501308872,1,1,1,1,47,8,2,0,0,0,0,0,1,8,E01015227,7,1,1.0,0.0,-1,6,30,1,1,1,13:28,7,1,1
2023041309716,2023,041309716,1,1,1,1,84,11,3,0,0,0,0,0,9,5,E01025013,3,1,0.0,1.0,-1,6,20,1,1,1,11:40,6,3,9
2023421322112,2023,421322112,2,2,1,2,53,8,3,0,0,0,0,0,9,8,E01021405,3,1,0.0,1.0,-1,6,60,1,1,1,17:55,6,2,9
2023041343135,2023,041343135,2,1,1,1,16,4,3,0,0,0,0,0,1,1,E01025286,3,1,0.0,1.0,-1,6,30,1,1,1,13:04,5,2,1
2023010445189,2023,010445189,1,1,1,1,55,8,2,0,0,0,0,0,9,8,E01016099,-1,0,1.0,0.0,-1,3,70,1,1,1,11:05,6,3,9
2023010474736,2023,010474736,1,1,1,2,31,6,3,0,0,0,0,0,9,7,E01004352,-1,0,0.0,1.0,-1,6,20,1,1,2,14:00,1,1,9
2023451344900,2023,451344900,1,1,1,2,21,5,3,0,0,0,0,0,9,4,E01003034,3,1,0.0,1.0,-1,3,70,1,1,1,18:45,4,1,9
2023041296414,2023,041296414,2,1,1,1,34,6,3,0,0,0,0,0,19,7,E01025565,3,1,0.0,1.0,-1,3,30,4,1,1,15:50,5,2,19
2023320015179,2023,320015179,2,2,1,1,58,9,3,0,0,0,0,0,9,1,E01013161,-1,0,0.1433,0.8567,-1,6,60,1,6,2,21:19,1,2,9
2023501310068,2023,501310068,1,2,1,2,46,8,3,0,0,0,0,0,9,6,E01020063,3,1,0.0,1.0,-1,2,30,1,1,1,09:15,2,2,9
2023541196823,2023,541196823,2,2,1,2,46,8,2,0,0,0,0,0,9,6,E01032037,-1,0,1.0,0.0,-1,6,60,1,1,1,13:45,5,2,9
2023332300072,2023,332300072,1,1,3,2,64,9,2,5,3,0,0,0,0,-1,-1,-1,0,1.0,0.0,-1,6,50,1,7,4,07:44,3,1,9
2023041377362,2023,041377362,1,2,2,1,26,6,3,0,0,1,0,0,9,6,E01012616,3,1,0.0,1.0,-1,6,30,2,4,2,23:25,4,1,9
2023332300054,2023,332300054,1,1,1,1,38,7,3,0,0,0,0,0,9,8,E01025839,-1,0,0.04178,0.95822,-1,6,30,8,4,2,17:52,5,1,9
202360A005060,2023,60A005060,2,1,1,1,40,7,2,0,0,0,0,0,9,-1,-1,-1,0,1.0,0.0,-1,6,30,1,5,1,18:05,4,2,9
2023010449011,2023,010449011,1,1,3,2,52,8,3,10,9,0,0,0,0,2,E01003538,-1,0,0.0,1.0,-1,6,20,1,1,1,08:50,4,1,19
2023440503824,2023,440503824,1,1,3,2,51,8,2,6,9,0,0,0,0,8,E01022758,-1,0,1.0,0.0,-1,6,30,2,4,2,07:00,1,1,1
2023010437082,2023,010437082,1,1,1,1,49,8,3,0,0,0,0,0,1,5,E01003018,-1,0,0.0,1.0,-1,3,20,1,1,1,18:10,4,2,1
2023522400515,2023,522400515,1,1,1,1,89,11,3,0,0,0,0,0,22,3,E01014731,-1,0,0.18572,0.81428,-1,6,20,1,1,1,13:22,6,2,22
2023451392499,2023,451392499,2,1,1,2,22,5,3,0,0,0,0,0,3,8,E01030654,3,1,0.0,1.0,-1,6,30,5,1,2,14:00,4,2,3
2023010472733,2023,010472733,1,1,3,1,17,4,3,1,9,0,0,0,0,3,E01033132,-1,0,0.0,1.0,-1,2,20,2,4,2,17:05,4,1,9
2023161342378,2023,161342378,1,1,1,1,14,3,3,0,0,0,0,0,1,1,E01013212,3,1,0.0,1.0,-1,6,30,1,4,1,18:42,3,2,1
2023010448937,2023,010448937,1,1,1,1,17,4,2,0,0,0,0,0,3,6,E01003434,-1,0,1.0,0.0,-1,6,20,1,1,1,10:55,4,2,3
2023010468855,2023,010468855,2,1,1,1,19,4,3,0,0,0,0,0,3,6,E01003840,-1,0,0.0,1.0,-1,6,20,2,4,2,20:49,5,2,3
2023010473152,2023,010473152,1,1,1,1,23,5,3,0,0,0,0,0,3,9,E01004504,-1,0,0.0,1.0,-1,6,20,1,1,1,14:40,6,2,3
2023070620073,2023,070620073,1,1,1,2,20,4,3,0,0,0,0,0,9,7,E01012496,-1,0,0.05276,0.94724,-1,3,40,1,1,2,17:53,2,3,9
2023320566046,2023,320566046,1,1,1,2,38,7,3,0,0,0,0,0,9,9,E01015681,-1,0,0.10134,0.89866,-1,6,60,1,1,1,14:55,2,1,9
2023061289630,2023,061289630,3,2,2,1,57,9,3,0,0,1,0,0,9,-1,-1,3,1,0.0,1.0,-1,3,70,1,1,1,15:30,4,3,9
2023471316296,2023,471316296,2,2,2,1,79,11,3,0,0,1,0,0,9,5,E01031470,3,1,0.0,1.0,-1,6,30,1,1,1,09:57,5,3,9
2023531381622,2023,531381622,1,1,1,1,39,7,2,0,0,0,0,0,9,7,E01028753,7,1,1.0,0.0,-1,6,60,1,6,1,20:35,6,1,9
2023430292437,2023,430292437,2,2,1,1,26,6,3,0,0,0,0,0,9,2,E01016835,-1,0,0.07392,0.92608,-1,6,60,1,1,1,19:29,1,2,9
2023010446534,2023,010446534,1,1,1,1,63,9,3,0,0,0,0,0,1,4,E01003213,-1,0,0.0,1.0,-1,6,20,1,1,1,18:25,4,2,1
2023451383106,2023,451383106,2,1,1,1,31,6,3,0,0,0,0,0,4,9,E01030875,3,1,0.0,1.0,-1,6,30,1,4,2,18:00,3,2,4
2023122301404,2023,122301404,1,2,2,2,56,9,2,0,0,0,0,0,5,-1,-1,-1,0,1.0,0.0,-1,1,70,4,4,1,17:30,3,1,5
2023501337614,2023,501337614,2,1,1,1,50,8,3,0,0,0,0,0,19,2,E01028226,3,1,0.0,1.0,-1,6,60,1,1,1,13:30,4,3,19
2023471322379,2023,471322379,1,2,2,2,18,4,2,0,0,1,0,0,9,2,E01021091,5,1,1.0,0.0,-1,6,30,1,4,1,01:15,1,2,9
2023522400991,2023,522400991,1,1,1,1,28,6,3,0,0,0,0,0,9,5,E01014812,-1,0,0.03958,0.96042,-1,3,40,2,7,2,16:00,1,2,9
2023522401263,2023,522401263,2,4,2,1,26,6,3,0,0,2,0,0,9,10,E01014944,-1,0,0.03041,0.96959,-1,6,30,1,4,1,23:41,7,2,9
2023010467418,2023,010467418,1,1,1,1,59,9,3,0,0,0,0,0,1,3,E01001489,-1,0,0.0,1.0,-1,6,30,2,1,2,13:42,5,2,1
2023010471179,2023,010471179,1,1,1,1,40,7,3,0,0,0,0,0,1,7,E01001290,-1,0,0.0,1.0,-1,6,30,1,1,1,17:15,2,2,1
2023141294716,2023,141294716,1,2,2,2,19,4,3,0,0,1,0,0,9,4,E01007646,3,1,0.0,1.0,-1,6,40,1,4,1,22:39,5,2,9
2023010456261,2023,010456261,1,1,1,1,29,6,3,0,0,0,0,0,3,3,E01001488,-1,0,0.0,1.0,-1,9,30,9,1,9,13:25,4,2,3
2023070630490,2023,070630490,1,1,1,1,26,6,3,0,0,0,0,0,4,7,E01007225,-1,0,0.22206,0.77794,-1,3,60,1,4,1,22:00,5,1,4
2023471352636,2023,471352636,2,3,2,2,34,6,3,0,0,0,0,0,90,10,E01017749,3,1,0.0,1.0,-1,1,60,1,1,1,18:15,5,2,90
2023010450325,2023,010450325,1,1,1,1,27,6,3,0,0,0,0,0,19,4,E01008961,-1,0,0.0,1.0,-1,6,30,1,1,1,16:25,3,3,19
2023041316048,2023,041316048,4,4,1,1,47,8,3,0,0,0,0,0,9,8,E01025420,3,1,0.0,1.0,-1,7,70,1,1,1,17:35,3,7,9
2023451365414,2023,451365414,2,3,1,1,33,6,3,0,0,0,0,0,9,9,E01031719,3,1,0.0,1.0,-1,3,70,1,1,1,15:45,6,4,9
2023501388770,2023,501388770,2,1,1,1,32,6,3,0,0,0,0,0,9,7,E01018775,3,1,0.0,1.0,-1,6,30,1,4,1,16:50,6,2,9
2023421303658,2023,421303658,1,1,1,1,22,5,3,0,0,0,0,0,3,7,E01015848,3,1,0.0,1.0,-1,7,70,1,1,1,13:49,4,1,3
2023461379709,2023,461379709,2,1,1,1,31,6,3,0,0,0,0,0,3,9,E01016081,3,1,0.0,1.0,-1,6,30,1,1,1,09:12,3,2,3
2023010433417,2023,010433417,1,1,3,2,89,11,2,4,9,0,0,0,0,8,E01003895,-1,0,1.0,0.0,-1,1,20,1,1,1,15:08,3,1,9
2023010440479,2023,010440479,1,1,1,1,33,6,3,0,0,0,0,0,3,1,E01002852,-1,0,0.0,1.0,-1,9,20,8,1,1,18:45,6,2,3
2023061271816,2023,061271816,1,1,1,-1,30,6,3,0,0,0,0,0,9,-1,-1,3,1,0.0,1.0,-1,6,30,1,1,2,15:15,6,2,9
2023061384929,2023,061384929,1,1,3,1,62,9,2,4,3,0,0,0,0,1,E01032921,6,1,1.0,0.0,-1,3,30,5,4,2,18:55,7,1,9
2023010439379,2023,010439379,1,1,1,1,35,6,3,0,0,0,0,0,1,4,E01001756,-1,0,0.0,1.0,-1,1,20,2,1,2,17:17,2,2,1
2023430216991,2023,430216991,2,1,1,1,25,5,3,0,0,0,0,0,9,8,E01028731,-1,0,0.0034,0.9966,-1,6,30,1,1,1,17:12,4,2,9
2023471378933,2023,471378933,1,1,1,1,36,7,2,0,0,0,0,0,9,8,E01024810,5,1,1.0,0.0,-1,6,50,1,5,2,01:22,5,1,9
2023541265223,2023,541265223,2,3,2,1,29,6,3,0,0,1,0,0,9,7,E01015568,-1,0,0.03482,0.96518,-1,3,40,1,1,1,11:03,7,2,9
2023010457434,2023,010457434,1,1,3,1,59,9,3,4,9,0,0,0,0,2,E01004424,-1,0,0.0,1.0,-1,3,20,2,4,2,21:21,4,1,97
2023531364831,2023,531364831,2,1,1,1,42,7,3,0,0,0,0,0,1,6,E01022374,3,1,0.0,1.0,-1,6,30,1,1,1,15:20,7,2,1
2023201293056,2023,201293056,2,1,1,1,26,6,3,0,0,0,0,0,9,2,E01010059,3,1,0.0,1.0,-1,1,40,8,4,2,21:25,2,2,9
2023541295523,2023,541295523,1,3,2,1,11,3,3,0,0,2,0,0,9,6,E01023183,-1,0,0.04468,0.95532,-1,6,30,1,1,1,13:00,1,1,9
2023421341938,2023,421341938,2,3,3,1,4,1,3,1,1,0,0,0,0,6,E01021373,3,1,0.0,1.0,-1,6,30,1,1,1,10:27,3,2,9
2023061260736,2023,061260736,1,1,1,1,15,3,3,0,0,0,0,0,1,5,E01005728,3,1,0.0,1.0,-1,6,30,1,4,1,17:40,7,2,1
2023010424938,2023,010424938,2,1,1,1,20,4,3,0,0,0,0,0,2,4,E01001615,-1,0,0.0,1.0,-1,6,20,1,1,1,13:42,5,2,2
2023131317409,2023,131317409,3,1,2,1,1,1,3,0,0,2,0,0,9,1,E01010653,3,1,0.0,1.0,-1,6,30,1,4,1,22:05,7,3,9
2023461263861,2023,461263861,1,1,1,2,25,5,3,0,0,0,0,0,9,3,E01000432,3,1,0.0,1.0,-1,6,60,2,6,2,06:24,3,1,9
2023991321148,2023,991321148,2,1,1,1,44,7,2,0,0,0,0,0,1,-1,-1,5,1,1.0,0.0,-1,6,30,8,1,1,12:26,2,2,1
2023351283842,2023,351283842,1,1,1,1,21,5,3,0,0,0,0,0,3,2,E01017948,3,1,0.0,1.0,-1,6,30,1,4,2,18:20,6,2,3
2023332301193,2023,332301193,1,2,2,2,32,6,3,0,0,2,0,0,8,8,E01025871,-1,0,0.06322,0.93678,-1,3,40,3,4,3,02:30,1,1,8
2023451296274,2023,451296274,1,1,1,1,74,10,3,0,0,0,0,0,9,10,E01031517,3,1,0.0,1.0,-1,6,60,1,1,2,12:30,5,2,9
2023461371048,2023,461371048,2,1,1,1,45,7,3,0,0,0,0,0,9,10,E01024735,3,1,0.0,1.0,-1,6,30,2,1,2,11:30,2,2,9
2023010440520,2023,010440520,1,1,3,2,64,9,2,10,9,0,0,0,0,1,E01001430,-1,0,1.0,0.0,-1,9,20,1,4,1,20:10,7,1,-1
2023501320166,2023,501320166,1,1,3,1,51,8,3,6,9,0,0,2,0,6,E01018819,3,1,0.0,1.0,-1,6,30,1,1,1,13:30,5,1,9
2023010460533,2023,010460533,2,1,1,2,39,7,3,0,0,0,0,0,1,2,E01004230,-1,0,0.0,1.0,-1,6,20,2,1,2,10:00,2,2,1
2023131348519,2023,131348519,2,1,1,1,28,6,3,0,0,0,0,0,1,1,E01011433,3,1,0.0,1.0,-1,6,30,1,1,1,11:47,3,2,1
2023010436701,2023,010436701,1,1,1,2,34,6,3,0,0,0,0,0,9,2,E01001651,-1,0,0.0,1.0,-1,9,20,1,4,1,22:55,7,2,9
2023430157254,2023,430157254,1,1,3,2,75,10,3,5,2,0,0,0,0,-1,-1,-1,0,0.13081,0.86919,-1,6,30,1,1,1,10:07,3,1,9
2023010480547,2023,010480547,2,1,1,2,59,9,3,0,0,0,0,0,1,4,E01003249,-1,0,0.0,1.0,-1,1,20,2,4,2,16:35,2,2,1
2023430107339,2023,430107339,1,1,1,2,36,7,3,0,0,0,0,0,1,5,E01016518,-1,0,0.05943,0.94057,-1,6,30,1,4,2,19:30,5,2,1
2023101355622,2023,101355622,1,1,2,2,31,6,3,0,0,2,0,0,8,6,E01008177,3,1,0.0,1.0,-1,3,30,2,4,2,05:35,7,1,8
2023041296016,2023,041296016,2,1,1,2,54,8,2,0,0,0,0,0,9,7,E01025565,6,1,1.0,0.0,-1,6,30,1,1,2,18:18,4,2,9
2023461378276,2023,461378276,1,1,1,2,62,9,2,0,0,0,0,0,9,1,E01024563,6,1,1.0,0.0,-1,7,40,1,1,2,10:15,4,2,9
2023302300839,2023,302300839,2,1,1,1,35,6,3,0,0,0,0,0,19,6,E01007669,-1,0,0.02602,0.97398,-1,6,30,1,1,1,21:45,2,2,19
2023340WN4022,2023,340WN4022,1,1,1,2,33,6,3,0,0,0,0,0,-1,6,E01017717,-1,0,0.14696,0.85304,-1,6,30,1,1,1,18:35,5,2,-1
2023411389798,2023,411389798,2,1,1,1,71,10,3,0,0,0,0,0,1,3,E01020991,3,1,0.0,1.0,-1,1,30,1,1,1,13:18,1,2,1
2023401396444,2023,401396444,1,1,1,1,24,5,3,0,0,0,0,0,9,9,E01017389,3,1,0.0,1.0,-1,1,60,1,4,1,04:47,1,1,9
2023430041150,2023,430041150,1,3,1,1,23,5,3,0,0,0,0,0,9,7,E01017925,-1,0,0.11434,0.88566,-1,6,50,1,6,2,22:31,6,2,9
2023520400364,2023,520400364,1,1,1,1,34,6,3,0,0,0,0,0,9,6,E01029192,-1,0,0.06626,0.93374,-1,6,60,1,1,2,12:20,2,1,9
2023010437797,2023,010437797,2,2,2,1,45,7,3,0,0,0,0,0,19,6,E01021589,-1,0,0.0,1.0,-1,3,50,1,1,2,06:10,2,3,19
2023052301718,2023,052301718,3,1,1,1,33,6,3,0,0,0,0,0,22,4,E01006512,-1,0,0.07152,0.92848,-1,6,30,1,1,1,11:48,6,3,22
2023440024477,2023,440024477,1,1,1,2,59,9,3,0,0,0,0,0,1,4,E01017034,-1,0,0.1798,0.8202,-1,6,20,1,1,4,08:30,5,1,1
2023010475793,2023,010475793,2,1,1,1,20,4,3,0,0,0,0,0,3,2,E01002316,-1,0,0.0,1.0,-1,6,30,1,4,2,21:45,6,2,3
2023111360982,2023,111360982,2,1,1,1,47,8,3,0,0,0,0,0,9,2,E01020751,3,1,0.0,1.0,-1,6,30,1,1,1,18:50,3,2,9
2023131332810,2023,131332810,2,1,1,1,38,7,3,0,0,0,0,0,9,7,E01011689,3,1,0.0,1.0,-1,3,50,2,1,2,17:17,1,2,9
2023430152516,2023,430152516,1,1,1,2,81,11,3,0,0,0,0,0,9,6,E01016574,-1,0,0.07373,0.92627,-1,6,30,1,1,1,12:30,6,2,9
2023520300898,2023,520300898,1,1,2,1,38,7,3,0,0,1,0,0,9,3,E01029291,-1,0,0.08609,0.91391,-1,6,30,1,4,1,01:16,7,2,9
2023991356894,2023,991356894,1,1,1,2,37,7,3,0,0,0,0,0,9,-1,-1,3,1,0.0,1.0,-1,6,60,1,1,1,11:44,4,1,9