collision_index,collision_year,collision_ref_no,vehicle_reference,casualty_reference,casualty_class,sex_of_casualty,age_of_casualty,age_band_of_casualty,casualty_severity,pedestrian_location,pedestrian_movement,car_passenger,bus_or_coach_passenger,pedestrian_road_maintenance_worker,casualty_type,casualty_imd_decile,lsoa_of_casualty,enhanced_casualty_severity,casualty_injury_based,casualty_adjusted_severity_serious,casualty_adjusted_severity_slight,casualty_distance_banding,road_type,speed_limit,weather_conditions,light_conditions,road_surface_conditions,time,day_of_week,number_of_vehicles,vehicle_type
2023201393029,2023,201393029,2,3,2,1,37,7,3,0,0,1,0,0,9,1,E01009152,3,1,0.0,1.0,-1,6,30,2,1,2,16:20,7,4,9
2023340WN0712,2023,340WN0712,1,1,1,2,54,8,3,0,0,0,0,0,9,9,E01026998,-1,0,0.05727,0.94273,-1,6,30,1,1,1,15:30,4,2,9
2023451275034,2023,451275034,2,2,1,1,29,6,3,0,0,0,0,0,9,5,E01024014,3,1,0.0,1.0,-1,3,70,1,1,1,08:00,2,2,9
2023461263696,2023,461263696,2,2,1,2,27,6,3,0,0,0,0,0,9,7,E01024764,3,1,0.0,1.0,-1,6,30,1,1,1,10:42,2,2,9
2023471288749,2023,471288749,1,1,1,1,70,10,2,0,0,0,0,0,9,-1,-1,5,1,1.0,0.0,-1,6,60,2,1,2,16:00,2,2,9
2023010482326,2023,010482326,1,1,1,2,48,8,3,0,0,0,0,0,9,-1,-1,-1,0,0.0,1.0,-1,6,30,1,1,1,09:30,4,2,9
2023501391709,2023,501391709,2,1,1,2,59,9,3,0,0,0,0,0,9,5,E01020050,3,1,0.0,1.0,-1,6,60,2,1,2,11:23,7,2,9
202354D722923,2023,54D722923,1,2,2,1,20,4,3,0,0,1,0,0,9,-1,-1,-1,0,0.11202,0.88798,-1,6,40,1,6,2,23:40,5,1,9
2023010472463,2023,010472463,1,1,1,1,39,7,3,0,0,0,0,0,19,2,E01000030,-1,0,0.0,1.0,-1,6,20,1,1,1,17:41,2,2,19
2023320072257,2023,320072257,2,1,1,1,38,7,3,0,0,0,0,0,3,7,E01026053,-1,0,0.24472,0.75528,-1,6,60,1,6,2,05:50,7,2,3
2023122301227,2023,122301227,1,1,1,1,23,5,3,0,0,0,0,0,9,10,E01013337,-1,0,0.12669,0.87331,-1,6,60,2,6,2,21:43,4,1,9
2023501276352,2023,501276352,1,1,1,2,94,11,2,0,0,0,0,0,9,7,E01018899,5,1,1.0,0.0,-1,6,30,2,1,2,09:29,3,1,9
2023522301150,2023,522301150,1,2,2,1,27,6,3,0,0,2,0,0,9,6,E01014631,-1,0,0.06642,0.93358,-1,6,20,1,4,1,04:35,7,2,9
2023010442818,2023,010442818,1,1,3,2,25,5,3,9,8,0,0,0,0,3,E01003960,-1,0,0.0,1.0,-1,6,20,1,4,1,20:26,7,1,11
2023010437141,2023,010437141,1,1,1,1,26,6,3,0,0,0,0,0,1,3,E01003602,-1,0,0.0,1.0,-1,3,30,9,1,1,11:17,3,2,1
2023070396122,2023,070396122,2,1,1,1,56,9,3,0,0,0,0,0,1,10,E01012477,-1,0,0.074,0.926,-1,1,30,1,1,1,17:55,4,2,1
2023131376397,2023,131376397,1,1,1,1,31,6,3,0,0,0,0,0,9,2,E01011913,3,1,0.0,1.0,-1,6,50,1,6,2,06:32,6,3,9
2023231322790,2023,231322790,2,1,1,2,46,8,3,0,0,0,0,0,9,8,E01019788,3,1,0.0,1.0,-1,3,70,1,1,1,07:15,2,2,9
2023351306033,2023,351306033,1,1,1,1,30,6,3,0,0,0,0,0,9,2,E01015633,3,1,0.0,1.0,-1,6,30,1,1,1,10:30,7,2,9
2023421344340,2023,421344340,2,2,2,2,6,2,3,0,0,2,0,0,9,7,E01021378,3,1,0.0,1.0,-1,6,40,1,1,1,12:45,3,3,9
2023471318508,2023,471318508,1,1,1,1,54,8,3,0,0,0,0,0,5,4,E01031435,3,1,0.0,1.0,-1,3,70,1,1,1,09:32,4,2,5
2023031363584,2023,031363584,1,1,1,1,32,6,3,0,0,0,0,0,9,8,E01019370,3,1,0.0,1.0,-1,6,60,1,6,1,00:01,3,2,9
2023061331446,2023,061331446,1,1,1,2,41,7,3,0,0,0,0,0,9,-1,-1,3,1,0.0,1.0,-1,6,30,2,4,-1,23:15,1,2,9
2023302301031,2023,302301031,2,1,1,2,45,7,3,0,0,0,0,0,9,9,E01019839,-1,0,0.00832,0.99168,-1,6,30,1,1,1,12:15,4,2,9
2023340WN4452,2023,340WN4452,2,1,1,1,51,8,3,0,0,0,0,0,9,9,E01027208,-1,0,0.0303,0.9697,-1,6,30,1,1,1,12:30,3,2,9
2023440328858,2023,440328858,1,1,1,1,22,5,3,0,0,0,0,0,9,4,E01017277,-1,0,0.13958,0.86042,-1,6,30,1,6,1,23:50,2,1,9
2023010477908,2023,010477908,1,1,3,2,16,4,3,6,9,0,0,0,0,3,E01000020,-1,0,0.0,1.0,-1,9,20,1,1,2,16:00,2,1,9
2023131310905,2023,131310905,1,1,1,1,18,4,3,0,0,0,0,0,9,1,E01010731,3,1,0.0,1.0,-1,6,60,1,1,1,08:42,4,2,9
2023401323973,2023,401323973,2,1,1,2,45,7,3,0,0,0,0,0,9,2,E01015727,3,1,0.0,1.0,-1,6,20,1,1,-1,12:30,7,2,9
2023531356546,2023,531356546,2,1,1,1,31,6,3,0,0,0,0,0,19,9,E01022369,3,1,0.0,1.0,-1,6,30,4,1,2,11:35,3,2,19
2023991323797,2023,991323797,2,2,1,2,60,9,2,0,0,0,0,0,19,6,-1,6,1,1.0,0.0,-1,6,60,2,1,2,15:15,4,2,19
2023451280628,2023,451280628,1,1,3,2,55,8,3,9,7,0,0,2,0,5,E01030852,3,1,0.0,1.0,-1,6,30,1,1,1,11:30,6,1,98
2023361263431,2023,361263431,1,2,1,1,39,7,2,0,0,0,0,0,9,3,E01026453,5,1,1.0,0.0,-1,6,50,1,6,1,19:44,7,1,9
2023361297583,2023,361297583,1,1,1,1,72,10,3,0,0,0,0,0,9,7,E01030288,3,1,0.0,1.0,-1,6,60,1,6,1,20:26,2,1,9
2023361390807,2023,361390807,1,3,2,1,20,4,3,0,0,-1,0,0,9,-1,-1,3,1,0.0,1.0,-1,6,30,1,6,2,18:33,4,1,9
2023371337930,2023,371337930,2,1,1,2,29,6,3,0,0,0,0,0,9,10,E01033319,3,1,0.0,1.0,-1,6,30,1,1,1,08:24,4,2,9
2023531289652,2023,531289652,1,2,2,1,22,5,3,0,0,1,0,0,9,5,E01022421,3,1,0.0,1.0,-1,6,60,2,6,2,21:55,4,1,9
2023531375724,2023,531375724,1,2,1,1,25,5,3,0,0,0,0,0,9,10,E01030348,3,1,0.0,1.0,-1,6,60,1,1,2,12:10,6,1,9
2023361325439,2023,361325439,1,1,1,2,35,6,3,0,0,0,0,0,19,-1,-1,3,1,0.0,1.0,-1,6,60,2,1,2,16:00,2,2,19
2023010430997,2023,010430997,1,2,3,2,19,4,3,1,3,0,0,0,0,6,E01003936,-1,0,0.0,1.0,-1,6,20,3,1,3,11:47,4,1,19
2023010486223,2023,010486223,2,1,1,1,56,9,3,0,0,0,0,0,1,-1,-1,-1,0,0.0,1.0,-1,6,20,5,1,2,14:45,4,2,1
2023061321971,2023,061321971,2,1,1,1,44,7,2,0,0,0,0,0,1,-1,-1,5,1,1.0,0.0,-1,6,30,1,1,1,10:10,6,2,1
2023552301200,2023,552301200,2,1,1,1,45,7,3,0,0,0,0,0,5,6,E01027213,-1,0,0.13573,0.86427,-1,6,30,1,1,1,11:28,7,2,5
2023991314520,2023,991314520,1,2,2,1,34,6,2,0,0,0,0,0,5,6,-1,7,1,1.0,0.0,-1,6,60,1,1,1,12:20,7,2,5
2023332300861,2023,332300861,1,1,1,2,88,11,2,0,0,0,0,0,9,7,E01025967,-1,0,1.0,0.0,-1,6,30,1,1,1,13:17,7,2,9
2023010481568,2023,010481568,1,1,3,2,26,6,3,5,3,0,0,0,0,4,E01003077,-1,0,0.0,1.0,-1,6,20,1,4,1,17:11,7,1,9
2023332300857,2023,332300857,1,1,1,1,25,5,3,0,0,0,0,0,9,9,E01025619,-1,0,0.04654,0.95346,-1,6,50,2,1,2,12:25,5,1,9
2023052300959,2023,052300959,1,1,3,2,65,9,3,8,9,0,0,0,0,-1,-1,-1,0,0.16714,0.83286,-1,6,30,1,1,1,16:30,4,2,8
2023010427220,2023,010427220,1,1,1,1,46,8,3,0,0,0,0,0,3,-1,-1,-1,0,0.0,1.0,-1,6,30,1,4,1,20:50,3,2,3
2023122300608,2023,122300608,1,1,1,1,35,6,3,0,0,0,0,0,3,6,E01027831,-1,0,0.23947,0.76053,-1,6,60,1,1,1,19:15,5,1,3
2023991327459,2023,991327459,1,2,2,2,55,8,3,0,0,1,0,0,9,2,-1,3,1,0.0,1.0,-1,3,70,1,1,1,11:04,1,2,9
2023061363207,2023,061363207,1,1,3,1,59,9,2,6,9,0,0,0,0,-1,-1,6,1,1.0,0.0,-1,6,20,1,1,1,09:20,7,1,1
2023010432535,2023,010432535,1,1,1,2,43,7,3,0,0,0,0,0,1,3,E01004331,-1,0,0.0,1.0,-1,1,30,2,4,1,18:40,4,2,1
2023522401136,2023,522401136,2,1,1,1,32,6,3,0,0,0,0,0,1,1,E01014655,-1,0,0.09618,0.90382,-1,6,20,1,1,1,18:49,7,2,1
202360A054062,2023,60A054062,1,1,1,1,18,4,2,0,0,0,0,0,4,-1,-1,-1,0,1.0,0.0,-1,3,70,5,1,2,14:00,6,2,4
2023520401027,2023,520401027,1,2,2,1,18,4,3,0,0,1,0,0,9,6,E01029316,-1,0,0.06032,0.93968,-1,6,60,1,1,1,15:25,7,1,9
2023010433321,2023,010433321,1,1,3,2,42,7,1,10,9,0,0,0,0,4,E01003034,-1,0,0.0,0.0,-1,6,20,8,4,2,22:45,2,2,9
2023471310242,2023,471310242,1,1,3,2,64,9,3,8,1,0,0,0,0,4,E01031377,3,1,0.0,1.0,-1,6,30,1,1,1,17:30,2,2,9
2023610034423,2023,610034423,1,1,3,1,66,10,3,5,3,0,0,0,0,3,E01025571,-1,0,0.18814,0.81186,-1,2,20,2,1,2,13:00,5,1,9
2023991272195,2023,991272195,1,1,3,1,63,9,3,1,1,0,0,0,0,6,-1,3,1,0.0,1.0,-1,6,20,1,4,1,22:15,6,1,11
2023101367446,2023,101367446,2,1,1,1,49,8,3,0,0,0,0,0,1,5,E01027361,3,1,0.0,1.0,-1,6,30,1,1,1,15:59,3,2,1
2023010438142,2023,010438142,1,1,1,1,37,7,2,0,0,0,0,0,9,2,E01001152,-1,0,1.0,0.0,-1,3,30,2,4,1,02:50,4,2,9
2023070483346,2023,070483346,2,1,1,2,53,8,3,0,0,0,0,0,9,4,E01018489,-1,0,0.01331,0.98669,-1,6,30,1,1,1,15:15,2,2,9
2023520301435,2023,520301435,1,1,1,1,26,6,3,0,0,0,0,0,9,6,E01029320,-1,0,0.05615,0.94385,-1,3,70,1,1,1,13:30,5,5,9
2023122400220,2023,122400220,1,1,1,2,25,5,3,0,0,0,0,0,9,9,E01027783,-1,0,0.08382,0.91618,-1,6,60,1,1,1,08:50,2,1,9
2023221292076,2023,221292076,3,2,1,1,70,10,3,0,0,0,0,0,9,2,E01014125,3,1,0.0,1.0,-1,6,30,1,1,1,18:10,2,3,9
2023320499799,2023,320499799,2,1,2,1,68,10,3,0,0,1,0,0,9,8,E01026191,-1,0,0.05398,0.94602,-1,6,60,1,1,1,12:15,3,2,9
2023631381481,2023,631381481,1,1,1,1,18,4,3,0,0,0,0,0,9,9,W01000481,3,1,0.0,1.0,-1,6,60,8,6,4,07:00,6,2,9
2023131346518,2023,131346518,2,1,1,1,66,10,3,0,0,0,0,0,9,3,E01011298,3,1,0.0,1.0,-1,6,30,1,1,1,09:10,1,2,9
2023440493527,2023,440493527,1,1,1,2,45,7,3,0,0,0,0,0,9,9,E01022611,-1,0,0.00697,0.99303,-1,6,30,7,4,4,19:45,7,2,9
2023041269548,2023,041269548,2,1,1,2,41,7,3,0,0,0,0,0,9,8,E01025420,3,1,0.0,1.0,-1,1,30,8,4,1,17:15,4,2,9
2023061389567,2023,061389567,2,1,1,1,26,6,3,0,0,0,0,0,1,1,E01005313,3,1,0.0,1.0,-1,6,30,2,4,-1,06:55,2,2,1
2023461320547,2023,461320547,2,1,1,1,30,6,3,0,0,0,0,0,1,7,E01024203,3,1,0.0,1.0,-1,6,40,1,1,1,18:50,5,2,1
2023421300956,2023,421300956,2,1,1,2,53,8,3,0,0,0,0,0,3,10,E01021645,3,1,0.0,1.0,-1,6,30,1,1,2,16:30,7,2,3
2023010424527,2023,010424527,1,1,2,1,-1,-1,3,0,0,2,0,0,9,-1,-1,-1,0,0.0,1.0,-1,3,30,1,1,1,08:45,3,2,9
2023010453788,2023,010453788,2,2,2,2,21,5,3,0,0,1,0,0,9,-1,-1,-1,0,0.0,1.0,-1,6,20,1,1,1,16:50,6,4,9
2023302301789,2023,302301789,2,2,1,1,59,9,3,0,0,0,0,0,9,4,E01019550,-1,0,0.10306,0.89694,-1,6,40,1,6,1,20:14,4,2,9
2023461310463,2023,461310463,2,2,2,2,21,5,3,0,0,1,0,0,9,9,E01024708,3,1,0.0,1.0,-1,6,30,1,1,1,11:50,5,2,9
2023440048973,2023,440048973,1,1,1,1,33,6,2,0,0,0,0,0,5,2,E01017272,-1,0,1.0,0.0,-1,1,40,1,1,1,11:10,1,2,5
2023991327539,2023,991327539,1,2,2,1,15,3,3,0,0,0,0,0,-1,7,-1,3,1,0.0,1.0,-1,6,20,1,1,1,14:30,1,1,-1
2023010480147,2023,010480147,1,1,3,1,48,8,3,5,9,0,0,0,0,2,E01001351,-1,0,0.0,1.0,-1,9,20,1,1,9,13:33,7,1,9
2023320737382,2023,320737382,1,1,3,2,11,3,3,5,3,0,0,0,0,9,E01026274,-1,0,0.11341,0.88659,-1,6,20,1,1,2,15:30,4,1,9
2023010427784,2023,010427784,3,1,1,1,49,8,2,0,0,0,0,0,3,5,E01004442,-1,0,1.0,0.0,-1,6,20,1,1,1,16:11,6,3,3
2023010432551,2023,010432551,1,4,2,-1,-1,-1,3,0,0,2,0,0,9,5,E01000564,-1,0,0.0,1.0,-1,3,30,1,1,1,03:56,4,2,9
2023411367244,2023,411367244,1,3,2,2,16,4,3,0,0,1,0,0,9,7,E01023602,3,1,0.0,1.0,-1,6,30,1,1,1,15:54,5,2,9
2023061281100,2023,061281100,1,1,3,1,50,8,3,8,1,0,0,-1,0,10,E01006193,3,1,0.0,1.0,-1,6,30,1,1,1,14:50,5,1,9
2023311361584,2023,311361584,2,1,1,1,48,8,2,0,0,0,0,0,1,1,E01013893,7,1,1.0,0.0,-1,3,40,1,1,1,16:00,2,2,1
2023131327132,2023,131327132,2,2,1,1,34,6,3,0,0,0,0,0,9,1,E01011316,3,1,0.0,1.0,-1,6,30,1,1,1,16:06,6,2,9
2023531280634,2023,531280634,1,1,2,1,33,6,3,0,0,1,0,0,9,6,E01022194,3,1,0.0,1.0,-1,6,60,1,1,1,12:20,1,2,9
2023430277073,2023,430277073,2,1,1,1,53,8,3,0,0,0,0,0,9,6,E01015392,-1,0,0.01356,0.98644,-1,3,70,1,1,1,15:05,6,2,9
2023481366726,2023,481366726,1,1,3,2,60,9,3,1,3,0,0,0,0,-1,-1,3,1,0.0,1.0,-1,6,20,1,1,2,16:30,6,1,8
2023991338007,2023,991338007,2,1,1,1,29,6,3,0,0,0,0,0,1,-1,-1,3,1,0.0,1.0,-1,6,30,1,4,1,22:10,5,2,1
2023991334279,2023,991334279,2,2,2,1,26,6,3,0,0,1,0,0,9,7,-1,3,1,0.0,1.0,-1,6,30,1,1,1,12:30,2,2,9
2023031385887,2023,031385887,1,1,3,1,25,5,3,9,5,0,0,-1,0,-1,-1,3,1,0.0,1.0,-1,6,30,9,1,-1,14:40,1,1,9
2023221360688,2023,221360688,3,2,1,1,17,4,1,0,0,0,0,0,3,8,E01028977,1,1,0.0,0.0,-1,6,60,2,6,2,00:01,1,3,3
2023440197794,2023,440197794,2,1,1,1,65,9,3,0,0,0,0,0,5,6,E01022812,-1,0,0.13253,0.86747,-1,6,30,1,1,1,14:49,6,2,5
2023552300131,2023,552300131,1,1,1,2,40,7,3,0,0,0,0,0,9,-1,-1,-1,0,0.01531,0.98469,-1,1,20,1,1,1,16:50,3,2,9
2023471316076,2023,471316076,1,1,1,1,41,7,3,0,0,0,0,0,19,4,E01015327,3,1,0.0,1.0,-1,3,60,1,1,1,19:44,4,1,19
2023131315118,2023,131315118,2,1,1,1,53,8,3,0,0,0,0,0,9,7,E01010641,3,1,0.0,1.0,-1,3,30,9,1,1,13:04,1,2,9
2023211381875,2023,211381875,2,3,2,2,18,4,3,0,0,2,0,0,9,-1,-1,3,1,0.0,1.0,-1,1,50,1,4,2,18:26,7,2,9
2023010459715,2023,010459715,2,1,1,1,19,4,3,0,0,0,0,0,3,6,E01001312,-1,0,0.0,1.0,-1,6,30,1,1,1,14:30,4,2,3
2023131350664,2023,131350664,1,1,1,2,51,8,3,0,0,0,0,0,9,8,E01010896,3,1,0.0,1.0,-1,6,30,1,1,1,11:50,6,2,9
2023531294434,2023,531294434,1,1,2,2,73,10,3,0,0,1,0,0,9,4,E01020292,3,1,0.0,1.0,-1,3,70,1,1,1,14:40,5,3,9
2023430537472,2023,430537472,1,1,3,1,36,7,3,5,1,0,0,0,0,5,E01017687,-1,0,0.0594,0.9406,-1,6,30,1,1,2,07:40,2,1,9
2023010474410,2023,010474410,1,1,2,2,44,7,3,0,0,0,0,0,3,1,E01002748,-1,0,0.0,1.0,-1,6,20,1,4,2,17:45,6,2,3
2023141328968,2023,141328968,2,1,1,1,-1,-1,2,0,0,0,0,0,4,-1,-1,7,1,1.0,0.0,-1,6,30,1,1,1,19:30,7,2,4
2023141317414,2023,141317414,3,1,1,1,27,6,2,0,0,0,0,0,9,8,E01032924,5,1,1.0,0.0,-1,6,30,1,1,1,22:20,1,3,9
2023010460928,2023,010460928,2,1,1,2,22,5,3,0,0,0,0,0,1,3,E01000947,-1,0,0.0,1.0,-1,3,30,1,1,1,17:53,4,2,1
2023471339191,2023,471339191,2,1,1,1,21,5,3,0,0,0,0,0,3,3,E01020937,3,1,0.0,1.0,-1,6,30,1,1,1,11:37,2,2,3
2023061358752,2023,061358752,2,1,2,1,19,4,2,0,0,2,0,0,9,1,E01005325,7,1,1.0,0.0,-1,6,30,1,1,1,10:07,6,2,9
2023421368744,2023,421368744,2,1,1,2,31,6,3,0,0,0,0,0,9,7,E01003395,3,1,0.0,1.0,-1,7,40,2,1,2,17:30,7,2,9
2023430578341,2023,430578341,1,1,1,1,51,8,2,0,0,0,0,0,9,8,E01022558,-1,0,1.0,0.0,-1,6,60,1,6,1,01:31,5,1,9
2023010473036,2023,010473036,1,1,3,1,11,3,2,4,1,0,0,0,0,3,E01000046,-1,0,1.0,0.0,-1,6,30,1,1,2,07:45,6,1,9
2023010419776,2023,010419776,1,1,1,1,57,9,2,0,0,0,0,0,1,-1,-1,-1,0,1.0,0.0,-1,6,20,1,1,2,12:00,5,1,1
2023231337477,2023,231337477,2,2,1,1,49,8,3,0,0,0,0,0,9,8,E01025881,3,1,0.0,1.0,-1,6,30,1,1,1,12:29,6,2,9
2023320097745,2023,320097745,3,1,1,1,33,6,3,0,0,0,0,0,9,7,E01026199,-1,0,0.04772,0.95228,-1,6,30,1,1,2,15:28,4,4,9
2023622300264,2023,622300264,1,1,1,1,21,5,3,0,0,0,0,0,9,4,W01001297,-1,0,0.08276,0.91724,-1,6,50,4,6,2,17:53,6,1,9
2023991287294,2023,991287294,1,1,1,1,76,11,3,0,0,0,0,0,9,7,-1,3,1,0.0,1.0,-1,6,20,1,1,1,14:01,4,1,9
2023622300665,2023,622300665,1,1,1,2,59,9,3,0,0,0,0,0,9,9,W01001072,-1,0,0.04134,0.95866,-1,6,30,1,1,1,14:23,6,2,9
2023070693107,2023,070693107,2,1,1,2,35,6,3,0,0,0,0,0,1,4,E01018613,-1,0,0.06233,0.93767,-1,6,30,1,1,1,12:15,1,2,1
2023161380842,2023,161380842,2,1,1,1,12,3,3,0,0,0,0,0,1,7,E01013039,3,1,0.0,1.0,-1,6,30,1,1,1,09:00,6,2,1
2023010478916,2023,010478916,2,2,1,2,34,6,3,0,0,0,0,0,9,5,E01003067,-1,0,0.0,1.0,-1,3,30,1,1,1,12:45,1,2,9
2023311379662,2023,311379662,1,1,1,1,31,6,3,0,0,0,0,0,9,4,E01028343,3,1,0.0,1.0,-1,6,30,1,4,2,17:46,1,2,9
2023320789805,2023,320789805,1,1,1,1,40,7,3,0,0,0,0,0,9,8,E01026262,-1,0,0.13129,0.86871,-1,6,30,1,4,2,20:50,2,4,9
2023440096669,2023,440096669,1,1,1,1,66,10,3,0,0,0,0,0,9,9,E01016703,-1,0,0.06333,0.93667,-1,6,30,1,1,2,11:22,6,2,9
2023440487090,2023,440487090,2,2,1,2,80,11,3,0,0,0,0,0,9,10,E01022931,-1,0,0.07496,0.92504,-1,6,30,1,1,2,15:02,3,2,9
2023501279885,2023,501279885,1,3,2,2,5,1,3,0,0,2,0,0,9,6,E01018794,3,1,0.0,1.0,-1,6,30,1,4,1,19:00,5,2,9
2023010474786,2023,010474786,1,1,2,1,54,8,3,0,0,0,3,0,11,2,E01004268,-1,0,0.0,1.0,-1,6,20,2,4,2,22:00,1,1,11
2023010442884,2023,010442884,2,1,1,1,33,6,2,0,0,0,0,0,3,9,E01002537,-1,0,1.0,0.0,-1,6,30,1,1,1,10:00,1,2,3
2023531339133,2023,531339133,2,1,1,1,20,4,3,0,0,0,0,0,3,9,E01022436,3,1,0.0,1.0,-1,6,40,1,1,1,18:05,2,2,3
2023010485739,2023,010485739,1,1,1,1,21,5,3,0,0,0,0,0,9,5,E01001403,-1,0,0.0,1.0,-1,3,40,1,1,1,16:57,7,2,9
2023302300554,2023,302300554,2,1,1,1,42,7,3,0,0,0,0,0,9,2,E01008014,-1,0,0.06352,0.93648,-1,3,60,1,1,1,18:20,6,2,9
2023311387321,2023,311387321,1,12,2,1,8,2,3,0,0,0,4,0,11,6,E01028006,3,1,0.0,1.0,-1,6,60,2,1,2,13:30,3,1,11
2023131388869,2023,131388869,1,5,2,2,80,11,1,0,0,1,0,0,9,2,E01007417,1,1,0.0,0.0,-1,3,70,5,4,2,20:35,6,2,9
2023211321021,2023,211321021,2,2,1,1,64,9,3,0,0,0,0,0,9,3,E01029397,3,1,0.0,1.0,-1,6,40,1,1,2,06:40,4,2,9
2023161313653,2023,161313653,1,1,1,1,40,7,3,0,0,0,0,0,9,4,E01013320,3,1,0.0,1.0,-1,3,40,1,4,1,20:22,4,2,9
2023991329868,2023,991329868,1,1,1,2,75,10,2,0,0,0,0,0,9,9,-1,7,1,1.0,0.0,-1,6,60,1,1,2,15:20,2,1,9
2023531341374,2023,531341374,2,2,1,1,50,8,3,0,0,0,0,0,1,-1,-1,3,1,0.0,1.0,-1,6,60,1,1,2,07:40,6,2,1
2023010462783,2023,010462783,1,1,3,2,57,9,3,6,9,0,0,0,0,2,E01001414,-1,0,0.0,1.0,-1,6,20,8,1,1,11:30,3,1,9
2023010444532,2023,010444532,2,1,1,1,37,7,2,0,0,0,0,0,1,6,E01004501,-1,0,1.0,0.0,-1,6,30,1,1,1,08:35,3,2,1
2023010448698,2023,010448698,1,1,1,1,48,8,3,0,0,0,0,0,3,3,E01001493,-1,0,0.0,1.0,-1,1,20,1,1,1,21:38,7,2,3
2023041323399,2023,041323399,1,2,2,2,18,4,2,0,0,1,0,0,9,8,E01012628,7,1,1.0,0.0,-1,6,40,2,6,2,23:40,3,1,9
2023061343734,2023,061343734,1,1,2,2,21,5,3,0,0,-1,0,0,9,3,W01001261,3,1,0.0,1.0,-1,3,40,1,1,1,10:05,1,2,9
2023101341852,2023,101341852,1,2,3,2,63,9,2,10,9,0,0,0,0,8,E01008266,7,1,1.0,0.0,-1,6,30,1,1,1,09:42,3,2,9
2023141320249,2023,141320249,1,1,3,1,10,2,2,5,9,0,0,0,0,1,E01007463,7,1,1.0,0.0,-1,6,30,1,1,1,08:12,2,1,9
2023401295792,2023,401295792,1,1,3,2,48,8,3,5,9,0,0,0,0,7,E01015803,3,1,0.0,1.0,-1,6,30,1,4,2,19:13,1,1,9
2023201388569,2023,201388569,2,1,1,1,40,7,2,0,0,0,0,0,1,2,E01009991,7,1,1.0,0.0,-1,6,30,1,1,1,14:30,3,2,1
2023010426838,2023,010426838,1,1,1,1,18,4,3,0,0,0,0,0,3,9,E01004638,-1,0,0.0,1.0,-1,3,20,1,4,1,22:25,1,2,3
2023010453479,2023,010453479,2,1,1,1,61,9,2,0,0,0,0,0,5,3,E01004432,-1,0,1.0,0.0,-1,6,20,1,1,1,10:09,5,2,5
2023041371992,2023,041371992,2,1,1,1,34,6,3,0,0,0,0,0,9,3,E01025571,3,1,0.0,1.0,-1,6,60,1,4,2,17:05,5,3,9
2023541265223,2023,541265223,2,2,1,2,24,5,3,0,0,0,0,0,9,10,E01022203,-1,0,0.03241,0.96759,-1,3,40,1,1,1,11:03,7,2,9
2023231305207,2023,231305207,1,1,1,1,10,2,3,0,0,0,0,0,1,6,E01031153,3,1,0.0,1.0,-1,6,30,1,1,1,19:21,4,2,1
2023430126839,2023,430126839,1,1,1,1,19,4,2,0,0,0,0,0,2,10,E01028476,-1,0,1.0,0.0,-1,6,30,1,1,2,08:20,4,2,2
2023440192049,2023,440192049,2,1,1,1,28,6,2,0,0,0,0,0,5,6,E01031513,-1,0,1.0,0.0,-1,3,70,1,1,1,07:45,3,2,5
2023991284217,2023,991284217,1,1,1,2,68,10,3,0,0,0,0,0,9,2,-1,3,1,0.0,1.0,-1,6,60,1,1,1,15:21,2,1,9
2023991307076,2023,991307076,2,2,2,1,19,4,3,0,0,1,0,0,9,4,-1,3,1,0.0,1.0,-1,6,60,1,6,1,00:55,1,2,9
2023991373205,2023,991373205,2,1,2,2,25,5,3,0,0,0,4,0,11,-1,-1,3,1,0.0,1.0,-1,6,30,1,4,1,18:05,6,5,11
2023311263131,2023,311263131,1,1,1,2,47,8,3,0,0,0,0,0,9,1,E01027939,3,1,0.0,1.0,-1,6,30,1,4,2,16:38,6,2,9
2023340NN3612,2023,340NN3612,2,2,2,1,26,6,3,0,0,1,0,0,9,-1,-1,-1,0,0.01496,0.98504,-1,3,70,1,4,1,18:55,3,2,9
2023461284250,2023,461284250,2,1,1,2,59,9,3,0,0,0,0,0,9,3,E01024279,3,1,0.0,1.0,-1,6,30,1,1,1,07:00,6,2,9
2023332300425,2023,332300425,2,1,1,2,82,11,3,0,0,0,0,0,9,6,E01025815,-1,0,0.04283,0.95717,-1,6,50,1,1,1,17:15,6,2,9
2023440074293,2023,440074293,1,1,1,1,19,4,3,0,0,0,0,0,9,6,E01023017,-1,0,0.05001,0.94999,-1,6,30,1,4,1,19:00,4,2,9
2023471317202,2023,471317202,1,1,2,1,25,5,2,0,0,1,0,0,9,-1,-1,5,1,1.0,0.0,-1,6,60,1,1,1,19:37,7,2,9
2023010433665,2023,010433665,1,1,1,1,56,9,3,0,0,0,0,0,1,2,E01001982,-1,0,0.0,1.0,-1,9,50,1,1,2,10:50,3,2,1
2023010447971,2023,010447971,2,1,1,1,42,7,2,0,0,0,0,0,1,3,E01001763,-1,0,1.0,0.0,-1,6,20,1,1,1,15:45,6,2,1
2023010444429,2023,010444429,1,1,3,2,47,8,2,5,3,0,0,0,0,3,E01000011,-1,0,1.0,0.0,-1,6,30,8,1,1,12:20,2,1,8
2023221338756,2023,221338756,1,4,2,2,25,5,3,0,0,1,0,0,9,-1,-1,3,1,0.0,1.0,-1,6,40,1,6,1,21:22,1,2,9
2023440308941,2023,440308941,1,1,1,2,36,7,3,0,0,0,0,0,9,6,E01023219,-1,0,0.01475,0.98525,-1,6,30,1,1,1,17:21,2,2,9