collision_index,collision_year,collision_ref_no,vehicle_reference,casualty_reference,casualty_class,sex_of_casualty,age_of_casualty,age_band_of_casualty,casualty_severity,pedestrian_location,pedestrian_movement,car_passenger,bus_or_coach_passenger,pedestrian_road_maintenance_worker,casualty_type,casualty_imd_decile,lsoa_of_casualty,enhanced_casualty_severity,casualty_injury_based,casualty_adjusted_severity_serious,casualty_adjusted_severity_slight,casualty_distance_banding,road_type,speed_limit,weather_conditions,light_conditions,road_surface_conditions,time,day_of_week,number_of_vehicles,vehicle_type
2023522301723,2023,522301723,1,1,1,1,18,4,3,0,0,0,0,0,9,3,E01014673,-1,0,0.12375,0.87625,-1,3,50,1,1,1,19:40,5,2,9
2023052302979,2023,052302979,2,1,1,2,32,6,2,0,0,0,0,0,1,3,E01006969,-1,0,1.0,0.0,-1,6,30,1,1,1,07:57,4,2,1
2023631327157,2023,631327157,2,1,1,1,29,6,2,0,0,0,0,0,1,3,W01000515,5,1,1.0,0.0,-1,6,60,1,1,1,19:00,6,2,1
2023991313939,2023,991313939,2,1,1,1,49,8,2,0,0,0,0,0,21,3,-1,7,1,1.0,0.0,-1,6,60,1,1,1,15:50,5,2,21
2023131362351,2023,131362351,1,1,3,1,25,5,3,5,1,0,0,2,0,6,E01010634,3,1,0.0,1.0,-1,6,30,2,4,2,06:57,6,1,9
2023332300390,2023,332300390,2,1,1,2,49,8,3,0,0,0,0,0,1,-1,-1,-1,0,0.0726,0.9274,-1,6,30,1,1,1,18:40,5,2,1
2023201366769,2023,201366769,2,1,1,1,64,9,2,0,0,0,0,0,5,5,E01009913,6,1,1.0,0.0,-1,6,30,2,1,2,07:45,4,2,5
2023131328799,2023,131328799,2,1,1,2,22,5,3,0,0,0,0,0,9,1,E01011916,3,1,0.0,1.0,-1,6,30,1,1,1,18:46,4,2,9
2023201409100,2023,201409100,2,2,1,1,44,7,3,0,0,0,0,0,9,3,E01009242,3,1,0.0,1.0,-1,6,30,1,4,1,00:52,1,2,9
2023421359834,2023,421359834,1,2,2,2,20,4,3,0,0,2,0,0,9,2,E01021268,3,1,0.0,1.0,-1,6,40,1,1,1,14:00,5,2,9
2023461279122,2023,461279122,1,2,2,2,15,3,3,0,0,-1,0,0,9,5,E01024226,3,1,0.0,1.0,-1,6,30,1,4,1,00:10,7,1,9
2023461394385,2023,461394385,2,1,1,2,32,6,3,0,0,0,0,0,9,1,E01024660,3,1,0.0,1.0,-1,6,30,1,1,2,16:00,1,2,9
2023501368977,2023,501368977,1,1,2,2,77,11,3,0,0,1,0,0,9,3,E01015115,3,1,0.0,1.0,-1,6,30,1,1,2,15:35,7,2,9
2023320144029,2023,320144029,1,1,1,1,17,4,3,0,0,0,0,0,9,4,E01026044,-1,0,0.05947,0.94053,-1,6,60,8,1,2,16:30,4,1,9
2023461333673,2023,461333673,1,1,1,1,79,11,3,0,0,0,0,0,9,6,E01016142,3,1,0.0,1.0,-1,3,70,1,1,1,08:22,5,3,9
2023461383674,2023,461383674,2,1,1,2,37,7,3,0,0,0,0,0,9,8,E01016144,3,1,0.0,1.0,-1,3,70,1,5,1,20:50,5,5,9
2023440461441,2023,440461441,1,1,1,1,91,11,2,0,0,0,0,0,1,6,E01022925,-1,0,1.0,0.0,-1,6,30,1,1,1,11:38,7,2,1
2023451344571,2023,451344571,1,1,1,1,26,6,3,0,0,0,0,0,1,9,E01030519,3,1,0.0,1.0,-1,6,40,1,1,1,07:45,4,2,1
2023201349079,2023,201349079,1,1,3,2,58,9,3,5,3,0,0,2,0,-1,-1,3,1,0.0,1.0,-1,6,30,1,1,1,11:09,2,1,9
2023201378557,2023,201378557,1,1,3,2,12,3,3,1,1,0,0,0,0,6,E01031099,3,1,0.0,1.0,-1,6,30,1,1,2,15:33,4,1,2
2023531398426,2023,531398426,2,1,1,1,27,6,3,0,0,0,0,0,1,5,E01022148,3,1,0.0,1.0,-1,6,30,1,1,1,15:00,5,2,1
2023010438091,2023,010438091,1,1,1,1,16,4,2,0,0,0,0,0,1,3,E01001938,-1,0,1.0,0.0,-1,9,30,9,1,9,06:28,3,2,1
2023061358140,2023,061358140,2,1,1,1,76,11,2,0,0,0,0,0,9,10,E01024968,6,1,1.0,0.0,-1,3,70,2,4,2,04:15,1,2,9
2023070056965,2023,070056965,1,1,1,1,23,5,3,0,0,0,0,0,9,8,E01018609,-1,0,0.06255,0.93745,-1,6,30,2,4,2,23:57,5,2,9
2023522300175,2023,522300175,1,1,1,2,50,8,3,0,0,0,0,0,9,1,E01014689,-1,0,0.00589,0.99411,-1,6,20,1,1,1,15:35,6,2,9
2023461389968,2023,461389968,2,2,1,1,50,8,3,0,0,0,0,0,9,6,E01024022,3,1,0.0,1.0,-1,6,40,1,6,2,17:39,4,2,9
2023010426100,2023,010426100,1,1,3,2,4,1,3,1,3,0,0,0,0,2,E01001800,-1,0,0.0,1.0,-1,6,30,1,1,1,15:45,4,1,-1
2023111272301,2023,111272301,1,1,3,2,13,3,3,5,2,0,0,0,0,3,E01020827,3,1,0.0,1.0,-1,6,30,1,1,1,15:43,6,1,9
2023010469178,2023,010469178,1,1,1,1,20,4,3,0,0,0,0,0,9,7,E01000362,-1,0,0.0,1.0,-1,6,30,1,1,1,15:00,7,2,9
2023131350804,2023,131350804,1,1,3,1,14,3,3,8,3,0,0,2,0,1,E01011293,3,1,0.0,1.0,-1,6,30,1,4,1,21:17,7,1,9
2023541978523,2023,541978523,1,1,3,1,69,10,1,4,9,0,0,0,0,10,E01031966,-1,0,0.0,0.0,-1,6,30,1,1,1,12:35,4,1,21
2023010467486,2023,010467486,2,1,1,1,42,7,3,0,0,0,0,0,9,6,E01000479,-1,0,0.0,1.0,-1,2,20,2,1,2,18:11,5,2,9
2023052300268,2023,052300268,2,1,1,2,42,7,3,0,0,0,0,0,9,3,E01007180,-1,0,0.09767,0.90233,-1,6,60,1,6,2,21:30,4,3,9
2023471314640,2023,471314640,2,5,1,1,54,8,3,0,0,0,0,0,9,5,E01022616,3,1,0.0,1.0,-1,6,60,1,1,1,18:27,7,4,9
2023221328177,2023,221328177,3,1,2,1,9,2,3,0,0,2,0,0,9,4,E01014019,3,1,0.0,1.0,-1,6,60,1,1,1,16:13,6,3,9
2023461321184,2023,461321184,3,3,2,1,63,9,3,0,0,1,0,0,9,3,E01002627,3,1,0.0,1.0,-1,3,70,1,1,1,19:00,7,3,9
2023122300422,2023,122300422,1,1,3,1,62,9,3,10,1,0,0,0,0,7,E01012983,-1,0,0.07179,0.92821,-1,6,30,1,1,1,11:10,7,1,9
2023052300261,2023,052300261,2,1,1,1,20,4,3,0,0,0,0,0,1,4,E01033762,-1,0,0.05101,0.94899,-1,6,30,1,1,1,15:30,5,2,1
2023010444191,2023,010444191,2,1,1,1,31,6,2,0,0,0,0,0,3,6,E01001496,-1,0,1.0,0.0,-1,6,30,1,1,1,04:40,1,2,3
2023010476225,2023,010476225,1,1,1,1,19,4,3,0,0,0,0,0,3,3,E01001156,-1,0,0.0,1.0,-1,6,30,9,1,9,15:00,7,2,3
2023211265065,2023,211265065,2,1,1,1,59,9,3,0,0,0,0,0,9,6,E01029722,3,1,0.0,1.0,-1,3,40,3,1,3,09:20,4,2,9
2023221286448,2023,221286448,1,1,1,1,22,5,3,0,0,0,0,0,9,8,E01014061,3,1,0.0,1.0,-1,6,30,1,4,1,23:30,7,2,9
2023302300286,2023,302300286,1,2,2,2,58,9,3,0,0,1,0,0,9,-1,-1,-1,0,0.00892,0.99108,-1,1,60,8,1,1,08:00,3,2,9
2023622301054,2023,622301054,1,2,2,2,16,4,3,0,0,2,0,0,9,2,W01001885,-1,0,0.03302,0.96698,-1,6,20,1,5,1,03:50,4,1,9
2023991384514,2023,991384514,2,4,2,1,19,4,2,0,0,2,0,0,9,3,-1,5,1,1.0,0.0,-1,6,60,2,1,2,10:50,6,2,9
2023010484115,2023,010484115,1,1,3,1,74,10,3,5,1,0,0,0,0,2,E01004729,-1,0,0.0,1.0,-1,3,30,1,1,1,10:04,6,1,9
2023451265284,2023,451265284,1,1,1,2,44,7,3,0,0,0,0,0,1,-1,-1,3,1,0.0,1.0,-1,6,30,9,1,1,13:02,3,2,1
2023471391907,2023,471391907,2,1,1,2,30,6,3,0,0,0,0,0,4,1,E01016885,3,1,0.0,1.0,-1,6,30,1,1,1,10:15,1,2,4
2023131375918,2023,131375918,2,6,1,1,23,5,3,0,0,0,0,0,9,1,E01010710,3,1,0.0,1.0,-1,6,20,1,4,2,22:19,6,3,9
2023451330391,2023,451330391,2,1,1,1,76,11,2,0,0,0,0,0,9,10,E01030367,7,1,1.0,0.0,-1,6,30,1,4,1,00:05,7,2,9
2023552400151,2023,552400151,2,1,1,1,18,4,3,0,0,0,0,0,9,7,E01015330,-1,0,0.01064,0.98936,-1,7,50,1,4,1,17:30,6,2,9
2023010479925,2023,010479925,1,1,1,1,44,7,3,0,0,0,0,0,3,1,E01002857,-1,0,0.0,1.0,-1,9,30,1,1,1,13:48,5,2,3
2023131284146,2023,131284146,2,1,1,1,36,7,3,0,0,0,0,0,9,7,E01011775,3,1,0.0,1.0,-1,6,30,1,1,1,11:45,3,2,9
2023451366247,2023,451366247,1,1,1,1,53,8,3,0,0,0,0,0,9,8,E01023486,3,1,0.0,1.0,-1,3,70,2,6,2,22:15,5,1,9
2023440480306,2023,440480306,1,1,3,1,26,6,3,1,1,0,0,0,0,3,E01033381,-1,0,0.19973,0.80027,-1,6,20,1,4,1,20:06,5,1,9
2023320747182,2023,320747182,1,1,1,1,71,10,3,0,0,0,0,0,9,4,E01026045,-1,0,0.0869,0.9131,-1,6,60,2,6,2,16:00,2,2,9
2023421352708,2023,421352708,2,1,1,2,21,5,3,0,0,0,0,0,9,2,E01011758,3,1,0.0,1.0,-1,6,30,1,6,1,00:45,2,2,9
2023371349306,2023,371349306,3,2,1,1,54,8,3,0,0,0,0,0,1,-1,-1,3,1,0.0,1.0,-1,6,30,1,1,1,18:40,3,3,1
2023141355632,2023,141355632,1,1,3,1,16,4,3,1,3,0,0,0,0,3,E01007744,3,1,0.0,1.0,-1,6,40,1,1,1,18:16,7,1,9
2023010458656,2023,010458656,2,1,1,1,51,8,3,0,0,0,0,0,3,-1,-1,-1,0,0.0,1.0,-1,1,20,1,1,1,12:14,5,2,3
2023010485311,2023,010485311,1,1,1,2,21,5,3,0,0,0,0,0,3,1,E01002026,-1,0,0.0,1.0,-1,9,30,1,1,1,14:40,2,2,3
2023170L20323,2023,170L20323,1,1,1,2,41,7,3,0,0,0,0,0,9,4,E01012167,-1,0,0.06307,0.93693,-1,6,40,1,1,1,07:40,5,2,9
2023451267209,2023,451267209,2,3,2,1,29,6,2,0,0,1,0,0,9,8,E01030479,7,1,1.0,0.0,-1,6,40,1,1,4,07:58,2,2,9
2023010447673,2023,010447673,2,2,1,-1,-1,-1,3,0,0,0,0,0,1,-1,-1,-1,0,0.0,1.0,-1,1,20,1,1,1,10:55,7,2,1
2023311269878,2023,311269878,1,1,1,2,57,9,2,0,0,0,0,0,9,-1,-1,7,1,1.0,0.0,-1,6,30,1,1,1,14:25,2,2,9
2023991334165,2023,991334165,2,2,1,1,42,7,3,0,0,0,0,0,9,9,-1,3,1,0.0,1.0,-1,3,70,1,6,1,22:01,5,2,9
2023371337717,2023,371337717,2,2,1,1,39,7,2,0,0,0,0,0,21,5,E01004997,7,1,1.0,0.0,-1,6,30,2,1,2,12:36,4,2,21
2023332300743,2023,332300743,1,2,2,1,30,6,3,0,0,2,0,0,9,3,E01025997,-1,0,0.01418,0.98582,-1,6,30,1,1,1,16:20,3,2,9
2023421277979,2023,421277979,1,3,2,1,16,4,3,0,0,2,0,0,9,6,E01021979,3,1,0.0,1.0,-1,6,60,1,6,1,21:34,6,1,9
2023430545612,2023,430545612,1,1,1,1,39,7,3,0,0,0,0,0,9,6,E01017810,-1,0,0.01519,0.98481,-1,1,60,2,1,2,10:02,3,2,9
2023061358952,2023,061358952,1,1,1,1,64,9,3,0,0,0,0,0,9,1,E01006638,3,1,0.0,1.0,-1,7,70,1,1,2,09:59,3,2,9
2023221286855,2023,221286855,1,1,1,1,20,4,2,0,0,0,0,0,9,-1,-1,5,1,1.0,0.0,-1,6,60,1,6,2,22:30,3,1,9
2023501285242,2023,501285242,1,1,1,2,47,8,3,0,0,0,0,0,9,6,E01020223,3,1,0.0,1.0,-1,3,70,2,4,2,20:46,1,2,9
2023546510923,2023,546510923,2,2,1,1,60,9,2,0,0,0,0,0,9,10,E01023664,-1,0,1.0,0.0,-1,6,50,1,1,1,13:30,4,2,9
202360A192150,2023,60A192150,2,1,1,1,30,6,3,0,0,0,0,0,9,-1,-1,-1,0,0.06973,0.93027,-1,6,20,2,4,2,20:18,4,2,9
2023101374759,2023,101374759,2,2,1,1,19,4,3,0,0,0,0,0,9,1,E01008436,3,1,0.0,1.0,-1,1,30,1,1,2,16:50,1,2,9
2023231310125,2023,231310125,2,1,1,1,28,6,3,0,0,0,0,0,9,6,E01009041,3,1,0.0,1.0,-1,6,60,1,1,1,14:09,1,3,9
2023421316964,2023,421316964,2,1,1,2,36,7,3,0,0,0,0,0,9,5,E01021866,3,1,0.0,1.0,-1,6,40,1,1,1,19:00,6,2,9
2023010422679,2023,010422679,1,1,1,2,26,6,3,0,0,0,0,0,9,2,E01001014,-1,0,0.0,1.0,-1,6,30,1,4,1,17:20,5,2,9
2023041366636,2023,041366636,1,2,1,1,18,4,3,0,0,0,0,0,9,8,E01025333,3,1,0.0,1.0,-1,6,60,1,6,2,18:51,3,2,9
2023161285758,2023,161285758,1,1,1,1,47,8,3,0,0,0,0,0,9,6,E01013085,3,1,0.0,1.0,-1,6,40,2,4,2,18:55,7,2,9
2023221351174,2023,221351174,2,6,2,2,6,2,3,0,0,2,0,0,9,-1,-1,3,1,0.0,1.0,-1,6,30,1,1,1,18:13,5,2,9
2023522301451,2023,522301451,1,1,1,2,31,6,3,0,0,0,0,0,9,9,E01014965,-1,0,0.02224,0.97776,-1,6,40,1,1,1,12:00,5,2,9
2023430365625,2023,430365625,1,1,1,1,43,7,3,0,0,0,0,0,1,2,E01016450,-1,0,0.06591,0.93409,-1,6,30,1,1,1,18:10,3,2,1
2023010429051,2023,010429051,1,1,1,1,27,6,3,0,0,0,0,0,3,5,E01003411,-1,0,0.0,1.0,-1,6,20,1,4,1,18:10,6,2,3
2023010454192,2023,010454192,1,1,1,1,33,6,3,0,0,0,0,0,8,7,E01032775,-1,0,0.0,1.0,-1,6,30,1,1,1,18:15,1,2,8
2023320478896,2023,320478896,1,1,3,1,23,5,2,5,3,0,0,0,0,3,E01026012,-1,0,1.0,0.0,-1,6,40,2,4,2,22:27,4,2,9
2023471381011,2023,471381011,2,1,1,1,71,10,2,0,0,0,0,0,1,3,E01031366,7,1,1.0,0.0,-1,6,40,1,5,1,14:45,4,2,1
2023471299752,2023,471299752,1,1,1,1,24,5,3,0,0,0,0,0,3,4,E01021045,3,1,0.0,1.0,-1,6,30,1,1,1,15:06,7,2,3
2023451369118,2023,451369118,1,1,2,2,18,4,3,0,0,1,0,0,9,10,E01016635,3,1,0.0,1.0,-1,3,70,1,4,2,17:30,3,4,9
2023451386482,2023,451386482,2,1,1,2,44,7,2,0,0,0,0,0,9,6,E01030587,7,1,1.0,0.0,-1,1,30,1,1,2,08:00,2,2,9
2023461390294,2023,461390294,1,2,2,1,28,6,3,0,0,1,0,0,9,5,E01024194,3,1,0.0,1.0,-1,3,70,1,1,2,12:05,3,1,9
2023010447747,2023,010447747,1,1,2,2,81,11,3,0,0,0,4,0,11,2,E01000483,-1,0,0.0,1.0,-1,6,30,1,1,1,13:40,5,2,11
2023010454516,2023,010454516,1,1,1,1,38,7,3,0,0,0,0,0,19,4,E01002788,-1,0,0.0,1.0,-1,6,20,1,1,1,10:01,3,2,19
2023161351808,2023,161351808,1,1,3,2,22,5,3,9,7,0,0,2,0,4,E01013051,3,1,0.0,1.0,-1,6,20,1,1,2,11:21,3,1,9
2023201286882,2023,201286882,2,1,2,2,44,7,3,0,0,2,0,0,9,2,E01013569,3,1,0.0,1.0,-1,6,30,2,1,2,11:05,7,2,9
2023320273888,2023,320273888,1,2,2,1,34,6,3,0,0,1,0,0,9,4,E01026019,-1,0,0.06736,0.93264,-1,6,60,1,1,1,10:56,7,2,9
2023430491723,2023,430491723,2,2,1,1,62,9,3,0,0,0,0,0,9,10,E01017868,-1,0,0.05513,0.94487,-1,6,30,1,1,2,14:19,4,3,9
2023531319246,2023,531319246,1,2,2,2,19,4,2,0,0,1,0,0,9,-1,-1,7,1,1.0,0.0,-1,6,60,1,6,1,01:08,6,1,9
2023501294820,2023,501294820,1,1,2,2,36,7,3,0,0,0,0,0,19,5,E01032295,3,1,0.0,1.0,-1,3,70,1,1,1,12:05,6,2,19
2023141322586,2023,141322586,1,1,3,1,30,6,2,5,3,0,0,2,0,1,E01007507,7,1,1.0,0.0,-1,3,50,1,1,1,21:40,1,1,9
2023231268492,2023,231268492,1,1,3,1,11,3,3,2,1,0,0,0,0,10,E01031157,3,1,0.0,1.0,-1,6,30,1,1,1,15:20,2,1,9
2023010441876,2023,010441876,1,1,1,2,36,7,3,0,0,0,0,0,9,10,E01030417,-1,0,0.0,1.0,-1,6,30,1,1,1,16:10,1,2,9
2023141316946,2023,141316946,1,1,3,2,7,2,2,10,5,0,0,0,0,1,E01007466,5,1,1.0,0.0,-1,6,30,1,1,1,17:15,6,1,9
202354D464823,2023,54D464823,1,1,3,2,70,10,3,9,8,0,0,0,0,9,E01031863,-1,0,0.11364,0.88636,-1,6,20,1,1,1,09:55,4,1,11
2023061280099,2023,061280099,2,1,1,-1,30,6,3,0,0,0,0,0,1,-1,-1,3,1,0.0,1.0,-1,6,20,1,1,1,07:30,6,2,1
2023421393588,2023,421393588,1,1,1,1,17,4,3,0,0,0,0,0,1,-1,-1,3,1,0.0,1.0,-1,6,30,2,7,2,16:16,1,2,1
2023451367078,2023,451367078,1,2,2,1,25,5,3,0,0,2,0,0,9,8,E01016508,3,1,0.0,1.0,-1,3,70,1,1,2,08:33,2,2,9
2023010423494,2023,010423494,1,1,1,1,41,7,3,0,0,0,0,0,1,8,E01002890,-1,0,0.0,1.0,-1,6,20,2,4,2,18:25,4,2,1
2023201367162,2023,201367162,1,8,2,2,49,8,3,0,0,1,0,0,9,9,E01029939,3,1,0.0,1.0,-1,3,70,1,1,1,16:24,1,6,9
2023361314606,2023,361314606,1,1,1,2,49,8,3,0,0,0,0,0,9,1,E01030250,3,1,0.0,1.0,-1,6,60,1,1,1,20:00,7,2,9
2023991383845,2023,991383845,1,1,1,1,22,5,1,0,0,0,0,0,9,2,-1,1,1,0.0,0.0,-1,6,60,1,1,2,08:10,5,2,9
2023622300805,2023,622300805,2,2,1,1,16,4,3,0,0,0,0,0,1,10,W01001736,-1,0,0.09288,0.90712,-1,6,20,1,1,1,17:45,1,2,1
2023501278129,2023,501278129,1,1,1,1,36,7,2,0,0,0,0,0,3,2,E01018911,5,1,1.0,0.0,-1,7,30,5,4,2,22:39,6,1,3
2023991334764,2023,991334764,2,3,1,1,24,5,3,0,0,0,0,0,8,4,-1,3,1,0.0,1.0,-1,6,30,1,4,2,21:55,7,2,8
2023221392805,2023,221392805,1,1,1,1,19,4,2,0,0,0,0,0,9,6,E01032213,7,1,1.0,0.0,-1,6,60,1,6,2,20:16,4,1,9
2023440466150,2023,440466150,1,1,1,2,54,8,3,0,0,0,0,0,9,3,E01017251,-1,0,0.14086,0.85914,-1,6,60,1,6,2,17:18,3,1,9
2023201326926,2023,201326926,1,1,3,1,34,6,2,5,1,0,0,2,0,1,E01010367,7,1,1.0,0.0,-1,6,30,1,1,1,06:40,6,1,9
2023122301333,2023,122301333,1,1,1,1,16,4,3,0,0,0,0,0,1,6,E01027784,-1,0,0.11327,0.88673,-1,6,30,2,5,2,16:50,5,2,1
2023481361878,2023,481361878,2,1,1,2,34,6,3,0,0,0,0,0,1,-1,-1,3,1,0.0,1.0,-1,3,20,1,1,1,13:30,4,2,1
2023501354096,2023,501354096,1,1,1,1,17,4,3,0,0,0,0,0,3,4,E01019981,3,1,0.0,1.0,-1,6,20,1,1,1,07:43,3,1,3
2023311304548,2023,311304548,1,1,1,1,31,6,3,0,0,0,0,0,8,1,E01013846,3,1,0.0,1.0,-1,6,30,1,4,2,01:49,7,1,8
2023010471383,2023,010471383,1,2,3,1,25,5,2,5,1,0,0,0,0,2,E01004003,-1,0,1.0,0.0,-1,3,20,1,1,1,16:34,4,1,3
2023010479853,2023,010479853,1,1,3,1,11,3,3,5,2,0,0,0,0,6,E01001540,-1,0,0.0,1.0,-1,6,30,1,1,1,08:20,6,1,2
2023101331502,2023,101331502,2,1,1,1,21,5,2,0,0,0,0,0,1,1,E01008426,7,1,1.0,0.0,-1,6,30,2,1,2,11:45,3,2,1
202360A189626,2023,60A189626,1,1,1,1,50,8,2,0,0,0,0,0,5,-1,-1,-1,0,1.0,0.0,-1,6,40,8,1,4,14:54,6,1,5
2023010461450,2023,010461450,2,1,2,2,28,6,3,0,0,1,0,0,9,5,E01002411,-1,0,0.0,1.0,-1,3,40,1,1,1,17:48,7,3,9
2023170S10573,2023,170S10573,1,1,1,2,31,6,3,0,0,0,0,0,9,9,E01012256,-1,0,0.0977,0.9023,-1,6,60,1,1,2,09:10,4,1,9
2023440142524,2023,440142524,1,1,1,1,32,6,3,0,0,0,0,0,9,9,E01022646,-1,0,0.10583,0.89417,-1,6,40,1,4,2,22:02,3,1,9
2023542237123,2023,542237123,2,1,1,1,42,7,3,0,0,0,0,0,1,5,E01015554,-1,0,0.10327,0.89673,-1,6,30,1,1,2,08:30,4,2,1
2023311294870,2023,311294870,1,1,3,1,14,3,3,2,4,0,0,0,0,-1,-1,3,1,0.0,1.0,-1,6,30,1,4,1,18:51,4,1,9
2023451343667,2023,451343667,3,1,1,1,31,6,3,0,0,0,0,0,1,4,E01003166,3,1,0.0,1.0,-1,6,30,1,1,1,10:00,6,2,1
2023451344932,2023,451344932,2,1,1,2,59,9,3,0,0,0,0,0,9,8,E01016830,3,1,0.0,1.0,-1,1,40,1,6,1,11:49,4,2,9
2023991309739,2023,991309739,1,10,2,1,21,5,3,0,0,0,4,0,11,-1,-1,3,1,0.0,1.0,-1,6,30,1,1,1,11:37,1,1,11
2023010442598,2023,010442598,1,1,3,1,85,11,3,6,9,0,0,0,0,2,E01001351,-1,0,0.0,1.0,-1,6,20,9,1,1,10:20,6,1,19
2023451364705,2023,451364705,1,1,3,2,14,3,3,8,3,0,0,0,0,8,E01030782,3,1,0.0,1.0,-1,6,30,2,1,2,07:14,5,1,9
2023411339310,2023,411339310,1,1,3,1,52,8,2,5,1,0,0,0,0,5,E01023560,7,1,1.0,0.0,-1,6,30,2,4,2,21:45,7,1,9
2023471383103,2023,471383103,1,1,3,2,15,3,3,5,1,0,0,0,0,10,E01031734,3,1,0.0,1.0,-1,6,30,8,4,2,20:15,3,1,9
2023401388681,2023,401388681,2,1,1,1,44,7,3,0,0,0,0,0,1,5,E01015746,3,1,0.0,1.0,-1,1,60,2,4,2,07:05,2,2,1
2023010471361,2023,010471361,1,1,1,1,30,6,3,0,0,0,0,0,3,4,E01001199,-1,0,0.0,1.0,-1,6,20,1,1,1,11:00,4,2,3
2023351341825,2023,351341825,1,1,1,1,68,10,2,0,0,0,0,0,3,5,E01015651,6,1,1.0,0.0,-1,6,30,1,1,1,11:15,6,2,3
2023101391006,2023,101391006,2,1,1,2,37,7,3,0,0,0,0,0,9,7,E01008873,3,1,0.0,1.0,-1,6,30,1,1,1,14:20,3,2,9
2023361338128,2023,361338128,1,1,1,1,20,4,3,0,0,0,0,0,9,1,E01026641,3,1,0.0,1.0,-1,6,60,1,6,1,23:28,2,1,9
2023451311942,2023,451311942,1,1,2,2,29,6,2,0,0,1,0,0,9,9,E01022639,7,1,1.0,0.0,-1,6,30,1,1,1,16:30,6,2,9
2023471384586,2023,471384586,1,1,1,1,37,7,3,0,0,0,0,0,9,10,E01031775,3,1,0.0,1.0,-1,6,30,2,4,2,23:41,6,3,9
2023501312365,2023,501312365,1,1,1,1,39,7,3,0,0,0,0,0,17,8,E01018811,3,1,0.0,1.0,-1,1,50,1,1,1,14:05,7,1,17
2023991278539,2023,991278539,1,1,3,1,9,2,2,5,1,0,0,2,0,-1,-1,7,1,1.0,0.0,-1,6,30,1,1,2,15:15,2,1,9
2023010420827,2023,010420827,2,1,1,1,17,4,3,0,0,0,0,0,1,3,E01004684,-1,0,0.0,1.0,-1,6,20,2,4,2,16:20,4,2,1
2023320102124,2023,320102124,1,1,1,1,50,8,2,0,0,0,0,0,3,4,E01026057,-1,0,1.0,0.0,-1,6,60,1,1,1,11:15,6,1,3
2023351388024,2023,351388024,1,1,1,1,51,8,3,0,0,0,0,0,5,2,E01015595,3,1,0.0,1.0,-1,6,50,1,1,2,11:57,5,2,5
2023430362046,2023,430362046,2,1,1,1,40,7,3,0,0,0,0,0,8,3,E01016381,-1,0,0.03766,0.96234,-1,2,30,1,1,1,07:51,2,2,8
2023010459604,2023,010459604,1,1,1,1,33,6,3,0,0,0,0,0,9,3,E01000912,-1,0,0.0,1.0,-1,6,20,1,1,1,06:26,3,3,9
2023141341280,2023,141341280,2,1,1,2,22,5,2,0,0,0,0,0,9,-1,-1,7,1,1.0,0.0,-1,6,30,1,4,1,22:24,1,2,9
2023170H10383,2023,170H10383,2,1,1,2,28,6,3,0,0,0,0,0,9,-1,-1,-1,0,0.0289,0.9711,-1,6,60,1,1,1,18:10,3,3,9
2023332300754,2023,332300754,2,2,2,2,16,4,3,0,0,1,0,0,9,4,E01025957,-1,0,0.01249,0.98751,-1,6,40,2,1,2,16:35,7,2,9
2023522301128,2023,522301128,2,1,1,2,20,4,2,0,0,0,0,0,3,1,E01014597,-1,0,1.0,0.0,-1,6,20,1,1,1,10:55,1,2,3
2023031340424,2023,031340424,3,2,1,2,22,5,3,0,0,0,0,0,9,7,E01012207,3,1,0.0,1.0,-1,3,40,1,1,1,10:30,3,3,9
2023070175999,2023,070175999,2,1,1,1,45,7,3,0,0,0,0,0,9,6,E01006864,-1,0,0.01306,0.98694,-1,6,30,1,1,1,17:30,3,3,9
2023131345633,2023,131345633,2,2,1,1,43,7,3,0,0,0,0,0,9,1,E01010616,3,1,0.0,1.0,-1,6,30,1,1,1,15:30,6,2,9
2023211312228,2023,211312228,2,2,1,1,55,8,3,0,0,0,0,0,9,3,E01029804,3,1,0.0,1.0,-1,6,50,1,1,1,15:20,6,2,9
2023991272606,2023,991272606,1,4,1,1,25,5,3,0,0,0,0,0,9,1,-1,3,1,0.0,1.0,-1,6,30,1,4,2,00:40,1,2,9
2023010461026,2023,010461026,4,1,1,2,24,5,3,0,0,0,0,0,90,4,E01002551,-1,0,0.0,1.0,-1,3,50,1,1,1,12:37,5,6,90
2023421292224,2023,421292224,2,1,1,1,42,7,2,0,0,0,0,0,1,3,E01015868,7,1,1.0,0.0,-1,6,30,8,1,1,19:10,5,2,1
2023010453052,2023,010453052,1,1,1,2,40,7,3,0,0,0,0,0,9,7,E01004139,-1,0,0.0,1.0,-1,6,20,9,4,1,20:45,2,2,9
2023421350232,2023,421350232,2,1,1,2,28,6,3,0,0,0,0,0,9,7,E01033057,3,1,0.0,1.0,-1,6,30,1,1,1,11:45,4,2,9
2023451295439,2023,451295439,1,1,1,2,37,7,3,0,0,0,0,0,9,7,E01030502,3,1,0.0,1.0,-1,7,60,1,1,1,12:30,3,2,9
2023461382211,2023,461382211,2,1,2,1,3,1,3,0,0,2,0,0,9,3,E01024166,3,1,0.0,1.0,-1,6,30,1,4,2,19:02,5,2,9