collision_index,collision_year,collision_ref_no,vehicle_reference,casualty_reference,casualty_class,sex_of_casualty,age_of_casualty,age_band_of_casualty,casualty_severity,pedestrian_location,pedestrian_movement,car_passenger,bus_or_coach_passenger,pedestrian_road_maintenance_worker,casualty_type,casualty_imd_decile,lsoa_of_casualty,enhanced_casualty_severity,casualty_injury_based,casualty_adjusted_severity_serious,casualty_adjusted_severity_slight,casualty_distance_banding,road_type,speed_limit,weather_conditions,light_conditions,road_surface_conditions,time,day_of_week,number_of_vehicles,vehicle_type
2023161351325,2023,161351325,2,1,1,2,58,9,3,0,0,0,0,0,1,1,E01012945,3,1,0.0,1.0,-1,6,30,9,1,1,11:40,2,2,1
2023351365961,2023,351365961,1,1,1,1,23,5,3,0,0,0,0,0,1,1,E01015642,3,1,0.0,1.0,-1,6,30,1,4,1,18:37,3,2,1
2023101292192,2023,101292192,1,1,3,1,14,3,3,5,3,0,0,0,0,8,E01008249,3,1,0.0,1.0,-1,6,20,9,1,2,14:30,3,1,19
2023340WN6882,2023,340WN6882,1,1,3,1,14,3,3,5,4,0,0,0,0,-1,-1,-1,0,0.04879,0.95121,-1,6,30,1,1,1,08:40,6,1,9
2023010453245,2023,010453245,1,1,2,2,85,11,3,0,0,2,0,0,8,3,E01001516,-1,0,0.0,1.0,-1,6,20,1,1,1,16:15,3,1,8
2023211389375,2023,211389375,1,1,3,1,69,10,2,5,1,0,0,0,0,4,E01029431,5,1,1.0,0.0,-1,6,20,1,1,2,12:00,7,1,9
2023440392527,2023,440392527,1,1,3,2,15,3,2,5,1,0,0,0,0,-1,-1,-1,0,1.0,0.0,-1,6,30,1,1,1,08:52,3,1,9
2023010455670,2023,010455670,1,1,1,1,36,7,3,0,0,0,0,0,3,3,E01000553,-1,0,0.0,1.0,-1,9,20,1,1,1,11:55,2,2,3
2023311340301,2023,311340301,1,1,3,1,36,7,3,6,9,0,0,-1,0,4,E01028278,3,1,0.0,1.0,-1,6,30,9,1,1,14:30,3,1,9
2023010451928,2023,010451928,1,1,1,1,29,6,3,0,0,0,0,0,1,5,E01032779,-1,0,0.0,1.0,-1,3,30,1,1,1,07:15,4,1,1
2023430062225,2023,430062225,2,1,1,2,15,3,3,0,0,0,0,0,1,-1,-1,-1,0,0.03831,0.96169,-1,6,20,1,1,1,16:30,4,3,1
2023552300621,2023,552300621,2,1,1,1,22,5,3,0,0,0,0,0,1,7,E01020429,-1,0,0.08486,0.91514,-1,6,30,1,1,1,18:01,5,2,1
2023311371588,2023,311371588,2,1,1,1,20,4,3,0,0,0,0,0,19,4,E01013967,3,1,0.0,1.0,-1,6,30,1,4,1,18:05,6,2,19
2023201413935,2023,201413935,2,1,1,1,34,6,3,0,0,0,0,0,1,-1,-1,3,1,0.0,1.0,-1,6,30,2,4,2,20:15,1,2,1
2023430218202,2023,430218202,2,1,1,2,46,8,3,0,0,0,0,0,5,5,E01023829,-1,0,0.16031,0.83969,-1,3,70,1,1,1,18:47,5,2,5
2023010427678,2023,010427678,1,1,2,2,31,6,3,0,0,1,0,0,9,3,E01003581,-1,0,0.0,1.0,-1,3,50,1,4,1,19:50,5,3,9
2023010475728,2023,010475728,1,1,1,2,31,6,3,0,0,0,0,0,9,8,E01032975,-1,0,0.0,1.0,-1,6,30,2,1,2,15:58,6,2,9
2023430320720,2023,430320720,2,1,1,2,60,9,2,0,0,0,0,0,9,2,E01008958,-1,0,1.0,0.0,-1,6,30,1,1,1,15:22,4,2,9
2023052400035,2023,052400035,2,1,1,1,41,7,3,0,0,0,0,0,9,1,E01006677,-1,0,0.02364,0.97636,-1,6,30,2,4,2,19:54,7,2,9
2023340WN4372,2023,340WN4372,2,1,1,1,29,6,3,0,0,0,0,0,9,4,E01026962,-1,0,0.02165,0.97835,-1,6,60,1,1,1,18:15,4,2,9
2023440442881,2023,440442881,2,3,2,2,27,6,2,0,0,1,0,0,9,7,E01016205,-1,0,1.0,0.0,-1,6,30,2,1,2,17:29,1,2,9
2023542622123,2023,542622123,2,1,1,1,39,7,3,0,0,0,0,0,9,2,E01031981,-1,0,0.0164,0.9836,-1,6,30,1,1,1,09:06,6,2,9
2023501325623,2023,501325623,1,1,1,1,64,9,3,0,0,0,0,0,97,6,E01015132,3,1,0.0,1.0,-1,3,30,1,1,1,19:16,2,1,97
2023471302234,2023,471302234,2,1,1,2,43,7,3,0,0,0,0,0,9,7,E01016917,3,1,0.0,1.0,-1,3,30,1,1,1,15:20,6,2,9
2023221338935,2023,221338935,1,1,1,2,42,7,3,0,0,0,0,0,9,7,E01010184,3,1,0.0,1.0,-1,3,70,2,1,2,14:30,1,2,9
2023991360420,2023,991360420,1,1,1,1,31,6,2,0,0,0,0,0,9,3,E01017536,5,1,1.0,0.0,-1,3,70,2,6,2,22:20,7,1,9
2023101377771,2023,101377771,2,2,1,2,29,6,3,0,0,0,0,0,9,1,E01008392,3,1,0.0,1.0,-1,6,30,1,1,1,10:10,3,2,9
2023430539912,2023,430539912,2,1,1,1,38,7,3,0,0,0,0,0,9,7,E01027281,-1,0,0.0046,0.9954,-1,3,70,1,7,2,16:45,5,2,9
2023471262232,2023,471262232,1,1,1,1,46,8,3,0,0,0,0,0,9,2,E01031819,3,1,0.0,1.0,-1,6,60,5,6,2,01:56,5,1,9
2023552301332,2023,552301332,2,1,1,2,52,8,3,0,0,0,0,0,9,3,E01015439,-1,0,0.015,0.985,-1,6,20,1,1,1,14:29,3,2,9
2023010464691,2023,010464691,1,1,1,1,50,8,3,0,0,0,0,0,-1,7,E01003199,-1,0,0.0,1.0,-1,6,20,1,1,1,18:00,5,1,-1
2023031376222,2023,031376222,1,1,1,1,33,6,3,0,0,0,0,0,9,9,E01025277,3,1,0.0,1.0,-1,3,70,1,6,2,00:59,1,1,9
2023451344682,2023,451344682,1,1,1,2,23,5,3,0,0,0,0,0,9,5,E01030493,3,1,0.0,1.0,-1,6,50,1,1,1,08:55,4,2,9
2023471280283,2023,471280283,2,1,1,2,54,8,3,0,0,0,0,0,9,10,E01021159,3,1,0.0,1.0,-1,6,60,1,1,1,16:44,6,2,9
2023340NN1862,2023,340NN1862,1,1,1,1,33,6,3,0,0,0,0,0,9,3,E01027104,-1,0,0.10228,0.89772,-1,3,70,1,1,1,14:30,4,2,9
2023546864623,2023,546864623,2,1,2,2,8,2,3,0,0,2,0,0,9,7,E01032007,-1,0,0.012,0.988,-1,6,60,2,1,2,16:43,6,2,9
2023471287524,2023,471287524,1,1,1,1,49,8,3,0,0,0,0,0,19,2,E01031456,3,1,0.0,1.0,-1,6,60,1,1,1,13:00,5,2,19
2023010453883,2023,010453883,2,3,1,1,33,6,3,0,0,0,0,0,9,3,E01001637,-1,0,0.0,1.0,-1,6,30,1,1,1,16:53,6,2,9
2023501363112,2023,501363112,2,2,1,1,38,7,3,0,0,0,0,0,9,6,E01020083,3,1,0.0,1.0,-1,6,30,1,1,1,16:01,1,2,9
2023451300314,2023,451300314,1,1,1,2,43,7,3,0,0,0,0,0,9,8,E01030800,3,1,0.0,1.0,-1,6,50,1,1,1,15:35,1,3,9
2023010436926,2023,010436926,1,1,3,1,65,9,3,5,3,0,0,0,0,2,E01004207,-1,0,0.0,1.0,-1,6,20,2,1,2,17:50,3,1,19
2023440503431,2023,440503431,1,1,3,2,70,10,2,9,5,0,0,0,0,8,W01000649,-1,0,1.0,0.0,-1,6,20,1,4,1,21:05,7,1,9
2023061338795,2023,061338795,1,1,3,2,13,3,3,5,1,0,0,0,0,5,E01006141,3,1,0.0,1.0,-1,6,30,1,1,1,17:08,3,1,9
2023010444082,2023,010444082,1,1,1,1,59,9,3,0,0,0,0,0,1,6,E01033571,-1,0,0.0,1.0,-1,6,30,1,1,1,14:10,5,2,1
2023010463290,2023,010463290,2,1,1,1,29,6,2,0,0,0,0,0,1,2,E01002712,-1,0,1.0,0.0,-1,2,20,1,1,1,09:05,5,2,1
2023361335488,2023,361335488,2,1,1,1,50,8,2,0,0,0,0,0,1,4,E01026426,5,1,1.0,0.0,-1,6,30,1,1,1,14:48,1,2,1
2023541293423,2023,541293423,1,1,1,1,68,10,2,0,0,0,0,0,3,9,E01022372,-1,0,1.0,0.0,-1,6,50,1,1,1,11:28,1,2,3
2023041345629,2023,041345629,1,1,1,2,32,6,3,0,0,0,0,0,9,5,E01025589,3,1,0.0,1.0,-1,6,40,1,1,1,19:09,6,3,9
2023041350716,2023,041350716,1,3,2,1,21,5,2,0,0,2,0,0,9,6,E01025026,5,1,1.0,0.0,-1,6,60,1,1,1,18:40,6,1,9
202360A191726,2023,60A191726,2,2,1,1,35,6,3,0,0,0,0,0,9,-1,-1,-1,0,0.07808,0.92192,-1,6,60,1,1,2,08:13,4,2,9
2023991290668,2023,991290668,1,1,1,2,27,6,2,0,0,0,0,0,9,3,-1,6,1,1.0,0.0,-1,6,60,6,1,2,12:46,1,1,9
2023010454708,2023,010454708,1,1,1,1,39,7,3,0,0,0,0,0,1,-1,-1,-1,0,0.0,1.0,-1,9,30,1,1,1,18:00,2,2,1
2023041307613,2023,041307613,2,1,1,2,49,8,3,0,0,0,0,0,9,1,E01012655,3,1,0.0,1.0,-1,3,70,1,1,1,16:16,2,2,9
2023141337653,2023,141337653,1,5,2,2,39,7,3,0,0,2,0,0,9,-1,-1,3,1,0.0,1.0,-1,1,30,1,1,1,15:30,3,2,9
2023461337091,2023,461337091,2,1,1,2,38,7,3,0,0,0,0,0,9,3,E01016030,3,1,0.0,1.0,-1,3,50,1,1,1,11:10,5,2,9
2023131383669,2023,131383669,2,2,2,2,23,5,3,0,0,1,0,0,9,1,E01010622,3,1,0.0,1.0,-1,6,30,2,4,2,00:50,5,2,9
2023201384648,2023,201384648,1,1,1,1,22,5,3,0,0,0,0,0,9,2,E01010048,3,1,0.0,1.0,-1,1,30,1,1,1,13:31,3,2,9
2023111321579,2023,111321579,2,1,1,1,48,8,3,0,0,0,0,0,19,1,E01020874,3,1,0.0,1.0,-1,6,30,1,1,1,10:00,5,2,19
2023361396213,2023,361396213,1,1,3,1,21,5,3,1,9,0,0,0,0,10,E01026838,3,1,0.0,1.0,-1,6,20,1,4,1,03:00,7,1,9
2023332300871,2023,332300871,1,4,2,1,18,4,3,0,0,2,0,0,9,-1,-1,-1,0,0.03879,0.96121,-1,6,20,1,4,1,21:15,2,1,9
2023471384257,2023,471384257,2,6,2,2,13,3,3,0,0,2,0,0,9,9,E01031683,3,1,0.0,1.0,-1,6,60,1,6,2,19:15,5,2,9
2023552300589,2023,552300589,2,1,2,1,67,10,3,0,0,1,0,0,9,6,E01020447,-1,0,0.04163,0.95837,-1,6,30,1,1,1,10:08,1,2,9
2023552301098,2023,552301098,1,2,2,2,26,6,2,0,0,2,0,0,9,3,E01014540,-1,0,1.0,0.0,-1,6,30,1,1,1,17:40,7,1,9
2023041260859,2023,041260859,2,3,2,1,47,8,3,0,0,2,0,0,9,6,E01027573,3,1,0.0,1.0,-1,6,30,2,1,2,12:33,1,4,9
2023221368796,2023,221368796,2,2,1,1,25,5,3,0,0,0,0,0,9,7,E01028918,3,1,0.0,1.0,-1,6,60,1,4,2,18:27,2,2,9
2023122300314,2023,122300314,1,1,1,1,60,9,2,0,0,0,0,0,19,6,E01027637,-1,0,1.0,0.0,-1,6,60,1,1,1,16:14,6,2,19
2023340WN1242,2023,340WN1242,2,1,1,1,18,4,3,0,0,0,0,0,-1,-1,-1,-1,0,0.03031,0.96969,-1,6,30,1,1,1,11:50,2,2,-1
2023101382557,2023,101382557,1,1,3,1,14,3,2,1,1,0,0,0,0,-1,-1,7,1,1.0,0.0,-1,6,30,2,1,2,07:03,2,2,9
2023010429313,2023,010429313,1,1,1,1,37,7,3,0,0,0,0,0,9,3,E01023954,-1,0,0.0,1.0,-1,3,70,1,4,1,20:01,1,3,9
2023010434212,2023,010434212,1,2,2,2,43,7,2,0,0,1,0,0,9,3,E01002405,-1,0,1.0,0.0,-1,6,30,1,1,1,15:57,7,1,9
2023141289672,2023,141289672,1,1,1,2,20,4,3,0,0,0,0,0,9,-1,-1,3,1,0.0,1.0,-1,3,30,1,4,2,19:43,4,2,9
2023141367703,2023,141367703,2,4,1,1,71,10,3,0,0,0,0,0,9,5,E01019827,3,1,0.0,1.0,-1,6,30,1,1,1,12:50,6,2,9
2023411351951,2023,411351951,2,1,1,1,37,7,3,0,0,0,0,0,9,4,E01023333,3,1,0.0,1.0,-1,6,30,1,1,1,20:25,1,3,9
2023552301364,2023,552301364,2,1,1,1,28,6,3,0,0,0,0,0,9,6,E01015318,-1,0,0.05364,0.94636,-1,6,30,1,1,1,16:13,7,2,9
2023991378114,2023,991378114,2,2,2,1,36,7,3,0,0,1,0,0,9,9,-1,3,1,0.0,1.0,-1,6,20,1,1,1,13:05,5,2,9
2023010464936,2023,010464936,1,1,1,2,35,6,3,0,0,0,0,0,9,4,E01003354,-1,0,0.0,1.0,-1,6,20,1,1,1,15:40,6,2,9
2023041389114,2023,041389114,2,1,2,1,4,1,2,0,0,2,0,0,9,1,E01012698,7,1,1.0,0.0,-1,6,30,1,1,1,13:06,4,2,9
2023622300929,2023,622300929,2,3,2,2,20,4,3,0,0,1,0,0,9,4,W01000809,-1,0,0.00746,0.99254,-1,3,30,1,4,1,20:10,2,2,9
2023622301019,2023,622301019,2,2,1,2,64,9,2,0,0,0,0,0,9,10,W01001735,-1,0,1.0,0.0,-1,6,20,1,1,2,15:16,5,2,9
2023010474765,2023,010474765,1,1,1,2,25,5,3,0,0,0,0,0,1,1,E01004250,-1,0,0.0,1.0,-1,3,20,1,1,1,16:30,1,3,1
2023161351777,2023,161351777,2,1,1,1,17,4,3,0,0,0,0,0,1,4,E01012896,3,1,0.0,1.0,-1,6,30,9,1,1,16:38,3,2,1
2023010476383,2023,010476383,1,1,3,2,60,9,2,1,1,0,0,0,0,2,E01002703,-1,0,1.0,0.0,-1,6,20,1,1,1,16:10,2,1,3
2023010482417,2023,010482417,2,1,1,1,-1,-1,3,0,0,0,0,0,1,-1,-1,-1,0,0.0,1.0,-1,6,20,1,1,2,08:08,4,2,1
2023549063223,2023,549063223,1,1,3,2,12,3,3,1,1,0,0,0,0,7,E01015474,-1,0,0.07316,0.92684,-1,3,40,1,1,1,16:40,1,1,2
2023170M11293,2023,170M11293,1,1,2,2,13,3,3,0,0,2,0,0,8,1,E01012170,-1,0,0.01815,0.98185,-1,6,30,1,1,1,17:45,3,1,8
2023471345869,2023,471345869,2,1,1,1,33,6,3,0,0,0,0,0,1,9,E01017005,3,1,0.0,1.0,-1,3,30,1,4,1,20:07,7,2,1
2023451353203,2023,451353203,1,1,3,1,39,7,2,6,7,0,0,2,0,7,E01002918,7,1,1.0,0.0,-1,6,40,1,4,1,00:27,1,1,11
2023041334163,2023,041334163,2,1,1,2,24,5,3,0,0,0,0,0,9,8,E01004892,3,1,0.0,1.0,-1,3,70,2,6,2,04:50,5,2,9
2023041347504,2023,041347504,3,2,2,1,17,4,3,0,0,1,0,0,9,5,E01019152,3,1,0.0,1.0,-1,3,70,1,1,1,13:15,5,4,9
2023340WN0672,2023,340WN0672,1,1,1,1,26,6,3,0,0,0,0,0,9,2,E01027228,-1,0,0.0728,0.9272,-1,6,50,1,6,1,21:00,6,2,9
2023522300602,2023,522300602,1,1,1,2,58,9,3,0,0,0,0,0,9,6,E01015002,-1,0,0.06946,0.93054,-1,6,60,1,6,4,17:30,2,2,9
2023010479167,2023,010479167,2,1,1,1,46,8,2,0,0,0,0,0,1,8,E01030405,-1,0,1.0,0.0,-1,6,20,1,4,2,18:56,2,2,1
2023131362270,2023,131362270,2,1,1,1,58,9,3,0,0,0,0,0,1,4,E01011875,3,1,0.0,1.0,-1,6,20,1,1,1,16:02,5,2,1
2023010486264,2023,010486264,5,1,1,1,35,6,3,0,0,0,0,0,9,2,E01001577,-1,0,0.0,1.0,-1,6,30,5,4,2,01:54,5,5,9
2023201394915,2023,201394915,2,2,1,1,20,4,3,0,0,0,0,0,9,8,W01000458,3,1,0.0,1.0,-1,6,30,1,1,1,18:05,7,2,9
2023531387251,2023,531387251,1,1,1,2,56,9,2,0,0,0,0,0,9,7,E01022300,7,1,1.0,0.0,-1,6,40,2,1,2,10:22,3,3,9
2023552301400,2023,552301400,1,1,2,2,64,9,3,0,0,1,0,0,9,8,E01020458,-1,0,0.11127,0.88873,-1,6,60,1,6,2,17:32,7,2,9
2023061363513,2023,061363513,2,1,1,1,29,6,3,0,0,0,0,0,19,1,E01004851,3,1,0.0,1.0,-1,6,30,1,1,1,09:35,2,2,19
2023131261718,2023,131261718,2,2,1,2,22,5,3,0,0,0,0,0,9,6,E01011861,3,1,0.0,1.0,-1,6,30,2,4,2,18:43,3,2,9
2023302301005,2023,302301005,1,3,2,2,20,4,2,0,0,2,0,0,9,4,E01005507,-1,0,1.0,0.0,-1,6,50,1,6,1,00:20,1,1,9
2023421307592,2023,421307592,1,1,1,1,19,4,3,0,0,0,0,0,9,10,E01021452,3,1,0.0,1.0,-1,6,60,1,6,1,01:09,7,1,9
2023451280537,2023,451280537,1,2,2,2,22,5,2,0,0,2,0,0,9,6,E01023855,7,1,1.0,0.0,-1,1,40,1,4,1,03:30,1,1,9
2023471310203,2023,471310203,2,1,1,1,35,6,2,0,0,0,0,0,23,5,E01031571,7,1,1.0,0.0,-1,6,30,1,1,1,15:10,2,2,23
2023221367035,2023,221367035,1,1,1,2,20,4,3,0,0,0,0,0,9,5,E01014046,3,1,0.0,1.0,-1,6,60,1,1,2,14:25,6,1,9
2023371276180,2023,371276180,2,1,1,1,49,8,3,0,0,0,0,0,9,2,E01030248,3,1,0.0,1.0,-1,6,30,7,4,2,20:15,2,4,9
2023401325988,2023,401325988,2,1,1,1,42,7,3,0,0,0,0,0,9,8,E01017461,3,1,0.0,1.0,-1,3,70,1,1,-1,10:58,6,2,9
2023461362171,2023,461362171,2,3,2,2,13,3,3,0,0,2,0,0,9,5,E01024366,3,1,0.0,1.0,-1,3,70,1,1,1,09:50,6,3,9
2023221318982,2023,221318982,2,2,1,1,60,9,2,0,0,0,0,0,19,1,E01027110,6,1,1.0,0.0,-1,7,70,1,1,1,10:38,4,2,19
2023061269190,2023,061269190,1,2,2,1,13,3,2,0,0,0,0,0,97,5,E01004997,7,1,1.0,0.0,-1,6,30,1,1,1,13:25,7,1,97
2023421370358,2023,421370358,2,2,1,1,29,6,3,0,0,0,0,0,9,9,E01023802,3,1,0.0,1.0,-1,3,70,2,1,2,13:57,6,2,9
2023461300735,2023,461300735,1,2,2,2,38,7,3,0,0,1,0,0,9,6,E01024512,3,1,0.0,1.0,-1,3,70,1,1,1,16:33,4,1,9
2023161390819,2023,161390819,2,1,1,1,54,8,3,0,0,0,0,0,19,4,E01012760,3,1,0.0,1.0,-1,6,30,1,4,1,17:00,4,2,19
2023221382091,2023,221382091,1,1,1,1,81,11,2,0,0,0,0,0,9,6,E01014030,6,1,1.0,0.0,-1,6,60,1,1,1,15:25,6,2,9
2023421327543,2023,421327543,1,1,1,2,79,11,3,0,0,0,0,0,9,5,E01021602,3,1,0.0,1.0,-1,6,30,1,1,1,12:30,5,2,9
2023471387402,2023,471387402,2,1,1,2,43,7,3,0,0,0,0,0,9,8,E01016962,3,1,0.0,1.0,-1,3,30,1,1,2,11:30,3,2,9
202354D642523,2023,54D642523,1,2,2,1,44,7,3,0,0,1,0,0,9,4,E01031862,-1,0,0.11442,0.88558,-1,6,60,5,6,2,19:00,2,2,9
2023440395924,2023,440395924,2,2,2,2,74,10,3,0,0,1,0,0,9,8,E01017059,-1,0,0.06187,0.93813,-1,6,30,1,1,1,11:13,5,2,9
2023991380286,2023,991380286,2,1,1,1,51,8,1,0,0,0,0,0,19,4,-1,1,1,0.0,0.0,-1,6,60,1,6,1,18:15,6,2,19
2023010422702,2023,010422702,1,1,1,2,45,7,3,0,0,0,0,0,1,2,E01000548,-1,0,0.0,1.0,-1,6,20,1,1,1,14:00,5,2,1
2023010453451,2023,010453451,1,1,1,1,43,7,3,0,0,0,0,0,1,1,E01003184,-1,0,0.0,1.0,-1,6,20,1,1,1,19:45,4,2,1
2023010484621,2023,010484621,1,1,1,1,31,6,3,0,0,0,0,0,3,4,E01002779,-1,0,0.0,1.0,-1,1,30,1,4,1,19:30,1,2,3
2023302300027,2023,302300027,1,1,1,1,24,5,3,0,0,0,0,0,2,4,E01019458,-1,0,0.16068,0.83932,-1,6,30,9,4,2,17:40,5,2,2
2023421360004,2023,421360004,1,1,1,1,-1,-1,3,0,0,0,0,0,-1,-1,-1,3,1,0.0,1.0,-1,3,30,1,1,1,11:15,6,2,-1
2023010475365,2023,010475365,1,1,1,2,49,8,3,0,0,0,0,0,9,4,E01021817,-1,0,0.0,1.0,-1,1,30,2,7,2,06:25,4,2,9
2023061332839,2023,061332839,2,1,2,2,40,7,3,0,0,-1,0,0,9,3,E01005479,3,1,0.0,1.0,-1,6,30,1,1,-1,17:00,5,2,9
2023440397430,2023,440397430,1,1,1,1,19,4,3,0,0,0,0,0,9,9,E01023076,-1,0,0.0882,0.9118,-1,3,50,1,1,1,09:20,6,1,9
2023991291869,2023,991291869,2,2,2,2,43,7,3,0,0,1,0,0,9,-1,-1,3,1,0.0,1.0,-1,6,60,2,6,2,17:37,4,2,9
2023041315163,2023,041315163,2,5,2,2,10,2,2,0,0,2,0,0,9,6,E01025025,7,1,1.0,0.0,-1,6,30,1,6,1,00:50,4,2,9
2023411394289,2023,411394289,1,1,1,2,20,4,3,0,0,0,0,0,9,5,E01023358,3,1,0.0,1.0,-1,6,60,1,1,1,16:12,6,1,9
2023351406863,2023,351406863,1,3,2,2,13,3,3,0,0,0,-1,0,11,3,E01018092,3,1,0.0,1.0,-1,6,60,2,7,2,16:36,2,2,11
2023201279827,2023,201279827,2,2,1,1,57,9,3,0,0,0,0,0,1,-1,-1,3,1,0.0,1.0,-1,6,30,1,1,1,14:00,5,2,1
2023311376624,2023,311376624,2,1,1,1,21,5,3,0,0,0,0,0,1,3,E01027927,3,1,0.0,1.0,-1,6,30,1,4,1,19:30,3,2,1
2023010486295,2023,010486295,2,1,1,2,59,9,3,0,0,0,0,0,9,5,E01002119,-1,0,0.0,1.0,-1,3,40,1,5,2,10:20,5,2,9
2023421263155,2023,421263155,2,1,1,1,57,9,2,0,0,0,0,0,9,3,E01015825,5,1,1.0,0.0,-1,3,40,1,4,2,19:47,6,2,9
2023451392983,2023,451392983,1,2,2,2,63,9,3,0,0,1,0,0,9,9,E01030394,3,1,0.0,1.0,-1,3,30,1,1,1,10:20,4,2,9
2023471379868,2023,471379868,1,2,1,1,22,5,3,0,0,0,0,0,9,10,E01031424,3,1,0.0,1.0,-1,1,30,9,1,2,11:44,6,2,9
202354A072623,2023,54A072623,2,1,2,1,78,11,2,0,0,1,0,0,9,-1,-1,-1,0,1.0,0.0,-1,3,70,1,1,1,15:11,6,2,9
2023052301855,2023,052301855,3,2,1,2,81,11,3,0,0,0,0,0,9,4,E01006620,-1,0,0.04594,0.95406,-1,1,40,1,1,1,16:30,2,3,9
2023070662387,2023,070662387,1,3,1,1,34,6,2,0,0,0,0,0,9,8,E01012385,-1,0,1.0,0.0,-1,3,60,1,1,1,17:06,6,2,9
2023131283298,2023,131283298,1,2,2,1,25,5,3,0,0,2,0,0,9,7,E01010636,3,1,0.0,1.0,-1,6,30,2,4,2,23:38,1,1,9
2023461381133,2023,461381133,1,2,2,1,-1,-1,3,0,0,-1,0,0,9,9,E01024773,3,1,0.0,1.0,-1,6,30,2,1,2,17:04,7,4,9
2023471358115,2023,471358115,1,2,2,2,52,8,2,0,0,1,0,0,9,4,E01031657,5,1,1.0,0.0,-1,3,50,1,4,1,19:19,7,2,9
2023543933223,2023,543933223,1,2,2,2,36,7,3,0,0,1,0,0,9,2,E01015573,-1,0,0.04047,0.95953,-1,3,40,1,1,1,16:41,6,2,9
2023010462543,2023,010462543,2,1,1,1,32,6,3,0,0,0,0,0,3,4,E01025518,-1,0,0.0,1.0,-1,6,20,2,1,2,17:50,7,2,3
2023010476057,2023,010476057,2,1,1,1,32,6,3,0,0,0,0,0,3,3,E01000510,-1,0,0.0,1.0,-1,6,20,1,1,1,13:25,1,2,3
2023552301533,2023,552301533,2,1,1,1,34,6,3,0,0,0,0,0,19,10,E01020470,-1,0,0.04545,0.95455,-1,6,60,1,6,2,07:20,4,2,19
2023141333838,2023,141333838,2,1,1,2,52,8,2,0,0,0,0,0,9,4,E01007342,6,1,1.0,0.0,-1,6,60,2,1,2,06:25,5,2,9
2023351400328,2023,351400328,1,3,1,1,39,7,2,0,0,0,0,0,9,10,E01018235,6,1,1.0,0.0,-1,6,30,1,4,1,16:44,5,2,9
2023501340670,2023,501340670,2,1,1,1,60,9,3,0,0,0,0,0,9,5,E01018935,3,1,0.0,1.0,-1,1,30,1,1,2,08:07,5,2,9
2023991291102,2023,991291102,2,2,1,1,26,6,2,0,0,0,0,0,9,1,-1,6,1,1.0,0.0,-1,6,50,1,4,1,22:00,2,2,9
2023552300828,2023,552300828,2,2,1,1,20,4,3,0,0,0,0,0,9,4,E01015443,-1,0,0.01991,0.98009,-1,6,30,1,1,1,16:24,2,2,9
2023061300417,2023,061300417,1,2,2,1,22,5,3,0,0,1,0,0,9,2,E01005221,3,1,0.0,1.0,-1,6,30,1,1,2,17:00,2,3,9
2023122300267,2023,122300267,2,1,1,2,57,9,3,0,0,0,0,0,9,4,E01027835,-1,0,0.02914,0.97086,-1,6,30,3,1,3,08:12,6,2,9
2023302301320,2023,302301320,1,5,2,2,-1,-1,3,0,0,1,0,0,9,9,E01019615,-1,0,0.0759,0.9241,-1,6,60,1,1,1,12:30,1,2,9
2023522400151,2023,522400151,1,1,2,1,23,5,3,0,0,1,0,0,9,8,E01014894,-1,0,0.05084,0.94916,-1,6,40,1,1,1,13:49,2,1,9
2023552300593,2023,552300593,2,1,1,2,40,7,3,0,0,0,0,0,9,4,E01020574,-1,0,0.02695,0.97305,-1,6,60,1,6,1,19:16,3,2,9
202360A163556,2023,60A163556,2,2,1,2,35,6,3,0,0,0,0,0,9,-1,-1,-1,0,0.03049,0.96951,-1,1,30,2,1,2,14:00,4,2,9
2023552300752,2023,552300752,2,2,1,1,41,7,3,0,0,0,0,0,19,9,E01016060,-1,0,0.02975,0.97025,-1,3,70,1,1,1,07:52,3,2,19
2023131304951,2023,131304951,1,6,2,2,19,4,2,0,0,2,0,0,9,6,E01010922,5,1,1.0,0.0,-1,6,40,1,1,1,17:35,1,3,9
2023351316321,2023,351316321,2,1,1,1,-1,-1,3,0,0,0,0,0,9,5,E01026241,3,1,0.0,1.0,-1,3,40,1,1,-1,13:00,4,2,9
2023471275841,2023,471275841,1,3,2,1,21,5,1,0,0,2,0,0,9,10,E01016702,1,1,0.0,0.0,-1,6,30,1,4,2,22:45,2,2,9
2023501383147,2023,501383147,1,1,1,1,22,5,3,0,0,0,0,0,9,4,E01018829,3,1,0.0,1.0,-1,3,60,2,4,4,23:20,6,1,9
2023340WN2192,2023,340WN2192,1,1,3,1,61,9,3,1,3,0,0,0,0,1,E01027231,-1,0,0.06917,0.93083,-1,3,30,1,1,1,14:05,6,1,9
2023170M30823,2023,170M30823,1,3,2,2,8,2,3,0,0,2,0,0,9,2,E01012081,-1,0,0.00705,0.99295,-1,6,30,1,1,1,17:25,2,2,9
2023371290310,2023,371290310,1,2,2,1,20,4,3,0,0,1,0,0,9,8,E01029890,3,1,0.0,1.0,-1,6,30,1,6,1,21:30,6,1,9
2023531364816,2023,531364816,1,1,1,1,35,6,2,0,0,0,0,0,9,5,E01022421,5,1,1.0,0.0,-1,6,60,4,1,2,12:38,5,3,9
202354C492523,2023,54C492523,1,1,1,2,75,10,3,0,0,0,0,0,9,8,E01031918,-1,0,0.0936,0.9064,-1,6,30,1,4,1,18:02,6,1,9