collision_index,collision_year,collision_ref_no,vehicle_reference,casualty_reference,casualty_class,sex_of_casualty,age_of_casualty,age_band_of_casualty,casualty_severity,pedestrian_location,pedestrian_movement,car_passenger,bus_or_coach_passenger,pedestrian_road_maintenance_worker,casualty_type,casualty_imd_decile,lsoa_of_casualty,enhanced_casualty_severity,casualty_injury_based,casualty_adjusted_severity_serious,casualty_adjusted_severity_slight,casualty_distance_banding,road_type,speed_limit,weather_conditions,light_conditions,road_surface_conditions,time,day_of_week,number_of_vehicles,vehicle_type
2023991384528,2023,991384528,1,1,1,2,26,6,3,0,0,0,0,0,9,3,-1,3,1,0.0,1.0,-1,3,70,2,5,2,20:00,6,1,9
2023302300421,2023,302300421,5,3,2,1,57,9,3,0,0,1,0,0,19,-1,-1,-1,0,0.06843,0.93157,-1,3,70,2,1,2,15:10,2,7,19
2023340WN2602,2023,340WN2602,2,1,1,1,49,8,2,0,0,0,0,0,1,1,E01027195,-1,0,1.0,0.0,-1,6,30,1,1,1,10:00,2,2,1
2023430497640,2023,430497640,1,1,1,1,58,9,2,0,0,0,0,0,1,10,E01028736,-1,0,1.0,0.0,-1,6,20,1,1,2,10:11,1,2,1
2023461317109,2023,461317109,3,3,2,1,15,3,3,0,0,2,0,0,9,6,E01024406,3,1,0.0,1.0,-1,6,60,1,1,1,15:19,5,3,9
2023231314962,2023,231314962,2,2,1,1,45,7,3,0,0,0,0,0,19,4,E01031008,3,1,0.0,1.0,-1,6,30,1,1,1,12:20,7,2,19
2023101322056,2023,101322056,1,1,3,2,13,3,2,5,1,0,0,0,0,3,E01027396,7,1,1.0,0.0,-1,6,30,1,1,1,12:48,6,1,9
2023010455532,2023,010455532,2,3,2,2,43,7,3,0,0,1,0,0,9,3,E01001436,-1,0,0.0,1.0,-1,6,30,1,1,1,15:25,1,2,9
2023161336975,2023,161336975,2,2,1,2,38,7,3,0,0,0,0,0,9,1,E01012857,3,1,0.0,1.0,-1,6,30,1,1,1,16:44,6,2,9
2023361299113,2023,361299113,2,1,1,1,55,8,3,0,0,0,0,0,9,5,E01026487,3,1,0.0,1.0,-1,6,60,1,6,1,20:26,5,2,9
2023371308517,2023,371308517,2,1,1,1,30,6,2,0,0,0,0,0,9,-1,-1,7,1,1.0,0.0,-1,1,30,1,1,1,13:30,4,2,9
2023531364059,2023,531364059,2,1,1,2,31,6,3,0,0,0,0,0,9,3,E01022157,3,1,0.0,1.0,-1,7,70,1,6,1,20:35,1,2,9
2023552301175,2023,552301175,1,1,1,2,36,7,3,0,0,0,0,0,9,4,E01020543,-1,0,0.05684,0.94316,-1,6,60,1,1,1,16:17,5,2,9
2023041392555,2023,041392555,2,1,1,1,39,7,3,0,0,0,0,0,19,1,E01025082,3,1,0.0,1.0,-1,6,30,4,4,2,20:30,4,2,19
2023320737473,2023,320737473,1,1,1,1,76,11,2,0,0,0,0,0,19,6,E01026420,-1,0,1.0,0.0,-1,6,60,1,4,1,07:00,4,2,19
2023201400891,2023,201400891,2,3,2,1,49,8,3,0,0,2,0,0,9,-1,-1,3,1,0.0,1.0,-1,3,30,1,1,1,17:00,5,2,9
2023010454684,2023,010454684,1,1,1,1,29,6,3,0,0,0,0,0,1,2,E01002776,-1,0,0.0,1.0,-1,9,20,1,4,1,22:20,3,2,1
2023010450349,2023,010450349,1,1,1,1,22,5,3,0,0,0,0,0,9,3,E01002052,-1,0,0.0,1.0,-1,6,20,1,1,1,18:03,3,2,9
2023332300551,2023,332300551,1,1,1,1,31,6,2,0,0,0,0,0,9,10,E01025772,-1,0,1.0,0.0,-1,6,40,1,1,1,18:46,2,2,9
2023421282140,2023,421282140,1,3,2,1,10,2,3,0,0,1,0,0,9,8,E01022079,3,1,0.0,1.0,-1,6,60,1,1,2,06:34,5,3,9
2023991301050,2023,991301050,1,3,2,1,58,9,2,0,0,0,0,0,98,8,-1,7,1,1.0,0.0,-1,6,60,8,1,3,08:16,3,1,98
2023010484105,2023,010484105,1,1,3,1,23,5,3,4,2,0,0,0,0,6,E01002332,-1,0,0.0,1.0,-1,6,30,1,1,1,06:58,6,2,9
2023041370916,2023,041370916,1,1,3,2,19,4,3,5,1,0,0,0,0,1,E01012675,3,1,0.0,1.0,-1,6,30,1,4,2,18:05,6,1,9
2023010445030,2023,010445030,1,1,1,1,40,7,3,0,0,0,0,0,9,5,E01030494,-1,0,0.0,1.0,-1,3,30,1,1,1,15:28,5,3,9
2023340WN9152,2023,340WN9152,2,1,1,2,79,11,1,0,0,0,0,0,9,4,E01013493,-1,0,0.0,0.0,-1,3,70,1,6,2,18:20,6,2,9
2023451304778,2023,451304778,1,1,1,1,26,6,3,0,0,0,0,0,9,10,E01030447,3,1,0.0,1.0,-1,1,50,1,4,2,00:20,1,1,9
2023991303697,2023,991303697,3,2,2,1,12,3,3,0,0,1,0,0,9,3,-1,3,1,0.0,1.0,-1,6,30,1,1,1,18:54,4,5,9
2023161333286,2023,161333286,2,2,1,1,71,10,2,0,0,0,0,0,1,7,E01026089,5,1,1.0,0.0,-1,6,60,1,1,1,12:15,3,2,1
2023131368276,2023,131368276,1,3,2,2,24,5,3,0,0,2,0,0,9,8,E01024861,3,1,0.0,1.0,-1,6,30,2,4,2,18:00,1,2,9
2023552301274,2023,552301274,1,1,2,1,9,2,3,0,0,2,0,0,9,3,E01015285,-1,0,0.03969,0.96031,-1,6,30,1,1,1,15:05,2,3,9
2023522301284,2023,522301284,1,1,1,1,31,6,3,0,0,0,0,0,2,2,E01033353,-1,0,0.02543,0.97457,-1,6,20,1,1,1,12:39,6,2,2
2023061375957,2023,061375957,2,2,2,2,32,6,3,0,0,1,0,0,8,3,E01004834,3,1,0.0,1.0,-1,6,30,1,1,2,12:43,6,2,8
2023231305810,2023,231305810,2,3,2,1,23,5,3,0,0,1,0,0,9,4,E01031032,3,1,0.0,1.0,-1,6,50,1,1,1,19:29,3,2,9
2023451378753,2023,451378753,2,1,2,2,30,6,3,0,0,1,0,0,9,-1,-1,3,1,0.0,1.0,-1,6,30,4,1,2,15:11,1,2,9
2023522400232,2023,522400232,2,1,2,2,60,9,3,0,0,1,0,0,9,10,E01014912,-1,0,0.01431,0.98569,-1,6,30,1,1,1,13:16,7,2,9
2023011281570,2023,011281570,1,1,1,1,43,7,3,0,0,0,0,0,9,2,E01000431,3,1,0.0,1.0,-1,3,40,1,1,1,07:20,7,2,9
2023041314339,2023,041314339,1,1,1,1,60,9,3,0,0,0,0,0,9,6,E01025132,3,1,0.0,1.0,-1,6,60,1,1,1,18:30,6,1,9
2023201400747,2023,201400747,1,1,2,2,83,11,3,0,0,1,0,0,9,8,E01010203,3,1,0.0,1.0,-1,6,30,1,1,1,18:40,5,1,9
2023211333697,2023,211333697,2,1,1,1,32,6,3,0,0,0,0,0,9,7,E01029863,3,1,0.0,1.0,-1,6,30,1,1,1,18:20,4,2,9
2023311350008,2023,311350008,2,1,2,2,32,6,3,0,0,1,0,0,9,6,E01027971,3,1,0.0,1.0,-1,6,30,1,1,1,12:36,5,3,9
2023332300659,2023,332300659,1,1,1,1,54,8,1,0,0,0,0,0,9,-1,-1,-1,0,0.0,0.0,-1,6,60,2,6,2,02:07,4,1,9
2023501365115,2023,501365115,1,1,2,1,28,6,3,0,0,2,0,0,9,1,E01015231,3,1,0.0,1.0,-1,3,30,1,1,1,13:35,6,2,9
2023101290046,2023,101290046,2,2,1,1,26,6,3,0,0,0,0,0,9,5,E01033553,3,1,0.0,1.0,-1,3,70,1,1,1,08:10,3,3,9
2023231306459,2023,231306459,2,2,2,1,84,11,3,0,0,1,0,0,9,3,E01032536,3,1,0.0,1.0,-1,3,70,2,1,2,17:33,1,2,9
2023320300078,2023,320300078,2,1,1,2,54,8,3,0,0,0,0,0,9,-1,-1,-1,0,0.02337,0.97663,-1,3,30,1,1,1,08:00,4,5,9
2023361346478,2023,361346478,1,1,1,1,43,7,3,0,0,0,0,0,9,6,E01023320,3,1,0.0,1.0,-1,6,60,1,1,1,19:20,6,2,9
2023531294465,2023,531294465,1,1,1,2,33,6,3,0,0,0,0,0,9,3,E01010099,3,1,0.0,1.0,-1,3,40,1,1,2,10:40,5,2,9
2023991346121,2023,991346121,1,1,2,1,32,6,3,0,0,1,0,0,9,-1,-1,3,1,0.0,1.0,-1,6,50,2,5,2,08:00,1,1,9
2023320089455,2023,320089455,1,1,1,1,16,4,2,0,0,0,0,0,2,4,E01026082,-1,0,1.0,0.0,-1,6,60,1,6,1,22:20,7,1,2
2023461387850,2023,461387850,2,1,1,1,43,7,3,0,0,0,0,0,3,7,E01024355,3,1,0.0,1.0,-1,6,30,1,1,1,12:32,7,2,3
2023041294085,2023,041294085,2,2,1,1,30,6,2,0,0,0,0,0,9,10,E01025007,7,1,1.0,0.0,-1,6,30,2,1,2,13:00,4,3,9
2023131357833,2023,131357833,1,4,2,1,22,5,2,0,0,2,0,0,9,8,E01027631,6,1,1.0,0.0,-1,6,30,1,4,1,20:26,6,1,9
2023451261002,2023,451261002,1,1,1,2,24,5,3,0,0,0,0,0,9,3,E01016005,3,1,0.0,1.0,-1,3,70,1,4,2,07:08,2,2,9
2023101293165,2023,101293165,1,1,1,1,22,5,2,0,0,0,0,0,97,6,E01008433,5,1,1.0,0.0,-1,6,30,1,4,1,20:59,4,2,97
2023351342235,2023,351342235,2,1,1,1,79,11,3,0,0,0,0,0,1,7,E01015683,3,1,0.0,1.0,-1,6,30,1,1,1,16:01,5,2,1
2023371286633,2023,371286633,2,1,1,1,12,3,2,0,0,0,0,0,1,8,E01030167,7,1,1.0,0.0,-1,6,30,4,1,1,08:30,2,2,1
2023451346166,2023,451346166,2,1,1,1,31,6,3,0,0,0,0,0,1,7,E01004639,3,1,0.0,1.0,-1,6,30,1,1,1,14:00,2,2,1
2023991324933,2023,991324933,1,1,1,1,34,6,3,0,0,0,0,0,21,6,-1,3,1,0.0,1.0,-1,6,60,1,1,1,07:11,2,1,21
2023361380539,2023,361380539,1,1,3,2,73,10,2,9,8,0,0,0,0,-1,-1,5,1,1.0,0.0,-1,6,30,1,1,2,12:05,4,1,19
2023311346081,2023,311346081,2,3,2,2,24,5,2,0,0,2,0,0,8,4,E01013524,6,1,1.0,0.0,-1,6,30,1,4,1,23:35,1,2,8
2023461326288,2023,461326288,1,1,2,2,-1,-1,3,0,0,2,0,0,8,6,E01024406,3,1,0.0,1.0,-1,6,30,1,1,-1,16:30,4,1,8
2023610018923,2023,610018923,1,1,1,2,16,4,3,0,0,0,0,0,23,1,W01001652,-1,0,0.2039,0.7961,-1,6,30,1,1,1,15:49,2,2,23
2023010463616,2023,010463616,1,1,2,-1,-1,-1,3,0,0,2,0,0,9,4,E01032961,-1,0,0.0,1.0,-1,1,40,1,1,1,15:40,6,2,9
2023411361407,2023,411361407,2,1,1,1,30,6,3,0,0,0,0,0,9,3,E01023487,3,1,0.0,1.0,-1,6,30,1,4,1,22:08,7,2,9
2023430250152,2023,430250152,2,1,1,2,51,8,3,0,0,0,0,0,22,6,E01016366,-1,0,0.13148,0.86852,-1,6,30,1,1,1,15:59,4,2,22
2023201402163,2023,201402163,1,1,1,2,-1,-1,3,0,0,0,0,0,9,-1,-1,3,1,0.0,1.0,-1,6,30,1,4,1,00:43,7,4,9
2023221357369,2023,221357369,1,1,1,2,78,11,3,0,0,0,0,0,9,1,E01014124,3,1,0.0,1.0,-1,6,30,1,1,1,15:11,5,2,9
2023231271056,2023,231271056,2,1,1,1,49,8,3,0,0,0,0,0,9,2,E01031046,3,1,0.0,1.0,-1,2,30,1,4,1,18:24,3,2,9
2023302300762,2023,302300762,2,2,1,1,-1,-1,2,0,0,0,0,0,9,3,E01019877,-1,0,1.0,0.0,-1,6,60,1,6,1,01:05,3,3,9
2023351397218,2023,351397218,1,1,1,1,89,11,2,0,0,0,0,0,9,7,E01018022,6,1,1.0,0.0,-1,6,60,1,6,4,17:32,5,2,9
2023401405536,2023,401405536,1,1,1,2,83,11,2,0,0,0,0,0,9,9,E01017549,6,1,1.0,0.0,-1,6,60,1,1,2,13:20,7,2,9
2023031302633,2023,031302633,2,1,1,1,30,6,2,0,0,0,0,0,5,-1,-1,7,1,1.0,0.0,-1,6,30,2,1,2,09:30,1,2,5
202354C072723,2023,54C072723,1,1,1,1,24,5,3,0,0,0,0,0,19,4,E01028582,-1,0,0.05814,0.94186,-1,6,50,1,1,2,16:34,3,2,19
2023010484620,2023,010484620,1,1,1,1,58,9,3,0,0,0,0,0,9,2,E01003082,-1,0,0.0,1.0,-1,6,20,1,4,2,17:10,1,3,9
2023052301436,2023,052301436,2,2,1,1,28,6,3,0,0,0,0,0,9,3,E01007177,-1,0,0.02021,0.97979,-1,6,40,1,1,1,15:30,6,2,9
2023430227351,2023,430227351,1,1,2,1,8,2,3,0,0,2,0,0,9,9,E01016682,-1,0,0.03376,0.96624,-1,6,40,1,1,1,09:31,4,2,9
2023141279407,2023,141279407,2,1,1,1,51,8,3,0,0,0,0,0,1,-1,-1,3,1,0.0,1.0,-1,6,30,1,1,1,13:30,4,2,1
2023031306361,2023,031306361,2,1,1,1,32,6,3,0,0,0,0,0,9,-1,-1,3,1,0.0,1.0,-1,6,30,1,1,1,14:31,5,2,9
2023131320105,2023,131320105,1,1,1,2,76,11,2,0,0,0,0,0,9,4,E01010978,5,1,1.0,0.0,-1,6,40,2,4,2,00:35,2,2,9
2023361361177,2023,361361177,1,2,1,1,27,6,3,0,0,0,0,0,9,1,E01007327,3,1,0.0,1.0,-1,6,60,1,1,1,13:19,2,2,9
2023440392982,2023,440392982,1,3,2,1,20,4,3,0,0,2,0,0,9,3,E01017350,-1,0,0.01623,0.98377,-1,6,60,1,1,1,08:35,3,2,9
2023221367758,2023,221367758,1,1,1,1,53,8,2,0,0,0,0,0,5,3,E01032378,5,1,1.0,0.0,-1,6,60,1,1,1,12:25,6,1,5
2023010470200,2023,010470200,1,1,3,2,53,8,3,5,1,0,0,0,0,-1,-1,-1,0,0.0,1.0,-1,6,20,1,1,1,13:19,5,1,9
2023471357053,2023,471357053,1,1,1,1,21,5,3,0,0,0,0,0,9,4,E01031428,3,1,0.0,1.0,-1,6,60,1,1,1,16:00,4,1,9
2023052302149,2023,052302149,2,1,1,1,42,7,3,0,0,0,0,0,1,1,E01033763,-1,0,0.12431,0.87569,-1,6,30,1,4,1,21:10,3,2,1
2023061328490,2023,061328490,1,1,1,1,35,6,3,0,0,0,0,0,1,7,E01033681,3,1,0.0,1.0,-1,6,20,1,1,-1,21:40,6,2,1
2023170L20783,2023,170L20783,1,1,3,2,89,11,2,6,9,0,0,0,0,4,E01012167,-1,0,1.0,0.0,-1,6,30,1,1,1,13:30,3,1,9
2023041391735,2023,041391735,1,1,3,2,53,8,3,9,5,0,0,0,0,4,E01012665,3,1,0.0,1.0,-1,6,30,1,1,1,12:31,6,1,9
2023461299248,2023,461299248,1,1,1,2,-1,-1,3,0,0,0,0,0,1,10,E01024724,3,1,0.0,1.0,-1,6,60,1,1,1,08:45,4,2,1
2023549455523,2023,549455523,2,1,1,1,59,9,3,0,0,0,0,0,1,9,E01016324,-1,0,0.10952,0.89048,-1,1,30,1,1,1,17:46,5,2,1
2023221312794,2023,221312794,1,1,1,1,48,8,2,0,0,0,0,0,4,-1,-1,7,1,1.0,0.0,-1,6,30,1,1,1,16:18,4,1,4
2023041292528,2023,041292528,1,3,2,2,85,11,2,0,0,1,0,0,9,6,E01025261,5,1,1.0,0.0,-1,6,30,1,1,1,15:20,2,2,9
2023010459450,2023,010459450,1,1,3,2,60,9,3,5,3,0,0,0,0,8,E01030562,-1,0,0.0,1.0,-1,9,30,1,1,1,10:42,3,1,9
2023991272171,2023,991272171,1,1,3,2,12,3,3,5,4,0,0,0,0,-1,-1,3,1,0.0,1.0,-1,6,30,1,1,2,15:00,6,1,9
2023161331757,2023,161331757,1,1,1,1,17,4,3,0,0,0,0,0,2,1,E01013208,3,1,0.0,1.0,-1,6,30,1,1,1,14:45,5,2,2
2023131352501,2023,131352501,2,1,1,2,35,6,3,0,0,0,0,0,9,7,E01011506,3,1,0.0,1.0,-1,3,30,1,1,1,18:45,4,2,9
2023221376682,2023,221376682,1,1,1,1,79,11,3,0,0,0,0,0,9,4,E01028922,3,1,0.0,1.0,-1,6,60,1,1,1,15:20,2,1,9
2023451261296,2023,451261296,1,1,1,1,46,8,3,0,0,0,0,0,9,6,E01002674,3,1,0.0,1.0,-1,3,70,1,1,1,07:10,6,2,9
2023461314911,2023,461314911,2,1,1,1,12,3,3,0,0,0,0,0,97,8,E01024286,3,1,0.0,1.0,-1,6,30,1,1,1,19:25,6,2,97
2023010430470,2023,010430470,1,1,3,2,27,6,3,4,3,0,0,0,0,9,E01002025,-1,0,0.0,1.0,-1,6,30,1,4,1,23:45,1,1,8
2023010483080,2023,010483080,1,1,3,2,-1,-1,2,5,9,0,0,0,0,8,E01000966,-1,0,1.0,0.0,-1,2,20,9,1,9,14:45,7,1,1
2023440317908,2023,440317908,2,1,1,1,21,5,2,0,0,0,0,0,1,3,E01017335,-1,0,1.0,0.0,-1,1,30,1,1,1,10:25,2,2,1
2023010483703,2023,010483703,1,1,1,2,21,5,3,0,0,0,0,0,3,2,E01001448,-1,0,0.0,1.0,-1,6,20,1,4,1,19:30,2,2,3
2023451334749,2023,451334749,1,1,1,2,44,7,2,0,0,0,0,0,9,6,E01031601,7,1,1.0,0.0,-1,6,40,1,1,1,16:27,6,2,9
2023311304605,2023,311304605,1,1,2,2,14,3,3,0,0,0,4,0,11,-1,-1,3,1,0.0,1.0,-1,6,40,1,1,1,14:46,7,1,11
2023411329239,2023,411329239,2,2,1,1,31,6,1,0,0,0,0,0,9,4,E01023757,1,1,0.0,0.0,-1,3,70,1,1,1,20:00,5,2,9
2023430034041,2023,430034041,2,1,1,2,34,6,3,0,0,0,0,0,9,2,E01016847,-1,0,0.00871,0.99129,-1,3,70,2,1,2,10:55,2,2,9
2023531384710,2023,531384710,1,2,1,2,22,5,2,0,0,0,0,0,9,6,E01031845,7,1,1.0,0.0,-1,6,60,1,6,2,19:45,4,2,9
2023320049998,2023,320049998,1,1,1,1,33,6,3,0,0,0,0,0,19,1,E01013959,-1,0,0.08372,0.91628,-1,6,60,1,1,1,09:30,4,2,19
2023552300503,2023,552300503,1,1,3,2,48,8,1,6,7,0,0,0,0,-1,-1,-1,0,0.0,0.0,-1,6,30,1,4,1,20:15,4,1,9
2023351366380,2023,351366380,2,1,1,2,58,9,2,0,0,0,0,0,1,5,E01018080,7,1,1.0,0.0,-1,3,30,2,4,2,18:45,4,2,1
2023010453259,2023,010453259,1,1,1,1,21,5,3,0,0,0,0,0,9,7,E01002228,-1,0,0.0,1.0,-1,3,40,1,4,2,03:42,4,2,9
2023101353148,2023,101353148,1,1,1,1,23,5,3,0,0,0,0,0,9,4,E01027375,3,1,0.0,1.0,-1,6,60,1,1,2,15:45,6,1,9
2023141388871,2023,141388871,2,3,1,1,20,4,2,0,0,0,0,0,9,1,E01007723,7,1,1.0,0.0,-1,6,30,1,4,2,23:47,6,2,9
202360A074119,2023,60A074119,1,1,1,1,77,11,3,0,0,0,0,0,9,-1,-1,-1,0,0.11392,0.88608,-1,6,30,1,1,1,14:50,5,2,9
2023010461755,2023,010461755,1,4,2,-1,15,3,3,0,0,2,0,0,9,2,E01015605,-1,0,0.0,1.0,-1,3,40,1,4,1,22:00,7,2,9
2023010486078,2023,010486078,2,2,1,1,44,7,3,0,0,0,0,0,9,7,E01001026,-1,0,0.0,1.0,-1,3,20,1,5,1,20:38,3,2,9
2023061312415,2023,061312415,2,1,1,1,51,8,3,0,0,0,0,0,9,1,E01006327,3,1,0.0,1.0,-1,3,30,1,1,1,18:09,1,2,9
2023211266269,2023,211266269,1,1,1,2,83,11,2,0,0,0,0,0,9,-1,-1,7,1,1.0,0.0,-1,6,30,1,4,1,18:30,3,2,9
2023332300509,2023,332300509,1,1,1,1,35,6,3,0,0,0,0,0,9,8,E01032598,-1,0,0.05521,0.94479,-1,6,30,1,4,1,01:20,1,3,9
2023430067545,2023,430067545,1,1,2,1,16,4,2,0,0,2,0,0,9,6,E01017858,-1,0,1.0,0.0,-1,3,50,1,1,1,15:02,2,1,9
2023010481755,2023,010481755,2,1,1,1,28,6,3,0,0,0,0,0,3,8,E01001228,-1,0,0.0,1.0,-1,6,20,2,4,2,20:00,1,2,3
2023010474469,2023,010474469,1,1,1,1,36,7,3,0,0,0,0,0,5,6,E01004173,-1,0,0.0,1.0,-1,6,20,2,4,2,05:34,7,2,5
2023061306884,2023,061306884,1,1,1,1,30,6,2,0,0,0,0,0,9,2,E01005981,7,1,1.0,0.0,-1,6,30,1,4,1,01:18,7,1,9
2023141292130,2023,141292130,1,1,2,1,19,4,3,0,0,1,0,0,9,6,E01007695,3,1,0.0,1.0,-1,6,30,2,4,2,21:38,4,2,9
2023302300224,2023,302300224,2,1,1,1,31,6,3,0,0,0,0,0,9,10,E01033533,-1,0,0.01143,0.98857,-1,3,70,1,1,1,15:40,2,2,9
2023440239367,2023,440239367,1,1,1,1,30,6,3,0,0,0,0,0,9,4,E01017121,-1,0,0.01004,0.98996,-1,3,40,1,1,1,16:40,6,2,9
2023545955723,2023,545955723,2,1,1,1,36,7,3,0,0,0,0,0,9,3,E01015543,-1,0,0.00977,0.99023,-1,3,30,1,1,1,09:00,6,2,9
2023010475466,2023,010475466,2,5,1,1,33,6,3,0,0,0,0,0,19,2,E01002804,-1,0,0.0,1.0,-1,6,20,2,1,2,09:52,5,2,19
2023010445688,2023,010445688,1,1,1,2,12,3,3,0,0,0,0,0,1,3,E01001244,-1,0,0.0,1.0,-1,9,20,8,1,1,17:45,7,2,1
2023010429782,2023,010429782,2,1,1,1,34,6,3,0,0,0,0,0,3,4,E01000478,-1,0,0.0,1.0,-1,9,20,9,7,9,18:50,2,2,3
2023071322096,2023,071322096,1,1,1,1,55,8,2,0,0,0,0,0,9,5,E01012405,-1,0,1.0,0.0,-1,6,50,1,6,2,19:21,3,2,9
2023548998523,2023,548998523,1,1,1,1,21,5,3,0,0,0,0,0,9,7,E01031857,-1,0,0.03259,0.96741,-1,6,50,1,1,1,16:46,6,2,9
2023010457736,2023,010457736,2,1,1,1,43,7,2,0,0,0,0,0,-1,9,E01001386,-1,0,1.0,0.0,-1,6,20,1,1,1,14:20,6,2,-1
2023031304858,2023,031304858,1,1,3,1,60,9,2,1,1,0,0,0,0,10,E01027683,6,1,1.0,0.0,-1,6,30,9,1,-1,11:45,2,1,9
2023340WN4052,2023,340WN4052,1,1,1,2,31,6,2,0,0,0,0,0,5,9,E01023917,-1,0,1.0,0.0,-1,1,70,1,1,1,15:41,6,2,5
2023461348258,2023,461348258,2,1,1,1,55,8,2,0,0,0,0,0,5,-1,-1,7,1,1.0,0.0,-1,1,40,1,1,1,07:23,5,2,5
2023122301254,2023,122301254,2,2,2,1,22,5,3,0,0,1,0,0,9,-1,-1,-1,0,0.02787,0.97213,-1,9,70,1,4,1,19:05,6,2,9
2023501314785,2023,501314785,2,1,1,2,54,8,3,0,0,0,0,0,9,6,E01019928,3,1,0.0,1.0,-1,6,30,1,1,1,18:45,6,2,9
2023311324937,2023,311324937,2,1,1,1,20,4,3,0,0,0,0,0,1,1,E01013846,3,1,0.0,1.0,-1,6,30,9,4,1,21:10,2,2,1
2023461285331,2023,461285331,1,1,1,1,-1,-1,2,0,0,0,0,0,1,-1,-1,7,1,1.0,0.0,-1,6,20,1,1,1,13:30,4,2,1
2023131307048,2023,131307048,1,4,2,2,19,4,2,0,0,2,0,0,9,6,E01007512,7,1,1.0,0.0,-1,3,70,1,1,1,18:13,7,2,9
2023991342428,2023,991342428,2,1,1,1,62,9,3,0,0,0,0,0,9,9,-1,3,1,0.0,1.0,-1,6,60,1,1,1,12:12,4,2,9
2023991378945,2023,991378945,2,1,1,2,19,4,3,0,0,0,0,0,9,4,-1,3,1,0.0,1.0,-1,3,30,2,4,2,17:15,5,2,9
2023461323539,2023,461323539,1,1,1,1,34,6,3,0,0,0,0,0,19,2,E01016062,3,1,0.0,1.0,-1,6,60,1,1,1,12:25,3,1,19
2023101323882,2023,101323882,1,1,3,1,26,6,2,8,5,0,0,1,0,4,E01008404,5,1,1.0,0.0,-1,6,60,1,1,1,11:00,3,1,9
2023141339608,2023,141339608,1,1,3,2,3,1,2,5,1,0,0,0,0,-1,-1,7,1,1.0,0.0,-1,6,20,1,1,1,19:40,3,1,9
2023501300469,2023,501300469,1,1,1,1,15,3,2,0,0,0,0,0,3,-1,-1,7,1,1.0,0.0,-1,6,30,1,4,1,02:06,5,2,3
2023010464358,2023,010464358,1,1,1,1,25,5,3,0,0,0,0,0,9,2,E01003598,-1,0,0.0,1.0,-1,6,20,8,1,1,15:45,1,2,9
2023461276165,2023,461276165,2,3,2,1,38,7,3,0,0,0,0,0,19,5,E01024191,3,1,0.0,1.0,-1,6,60,8,1,4,10:49,6,2,19
2023061299251,2023,061299251,2,1,1,-1,30,6,3,0,0,0,0,0,9,5,E01005254,3,1,0.0,1.0,-1,6,30,1,1,1,14:07,6,2,9
2023221267197,2023,221267197,2,1,1,2,45,7,3,0,0,0,0,0,9,3,E01014141,3,1,0.0,1.0,-1,6,30,1,4,1,17:45,2,2,9
2023540543923,2023,540543923,2,2,1,1,32,6,3,0,0,0,0,0,9,10,E01015433,-1,0,0.05134,0.94866,-1,6,60,9,7,4,17:47,2,3,9
2023010453749,2023,010453749,2,1,1,1,22,5,3,0,0,0,0,0,3,3,E01003438,-1,0,0.0,1.0,-1,3,30,1,1,1,14:10,6,2,3
2023010458884,2023,010458884,1,1,1,2,27,6,3,0,0,0,0,0,3,3,E01003571,-1,0,0.0,1.0,-1,9,30,9,1,9,13:00,6,2,3
2023161368930,2023,161368930,1,1,1,1,28,6,3,0,0,0,0,0,9,10,E01013064,3,1,0.0,1.0,-1,6,30,1,4,2,18:56,6,2,9
2023991268924,2023,991268924,1,1,3,2,13,3,3,4,4,0,0,0,0,1,-1,3,1,0.0,1.0,-1,6,30,1,1,1,12:35,6,1,9
2023010457335,2023,010457335,1,1,1,1,57,9,3,0,0,0,0,0,4,7,E01023863,-1,0,0.0,1.0,-1,6,30,1,1,1,07:20,4,2,4
2023010463919,2023,010463919,1,1,2,2,41,7,2,0,0,2,0,0,9,8,E01003421,-1,0,1.0,0.0,-1,6,20,1,1,1,20:15,1,2,9
2023131318761,2023,131318761,1,1,1,1,21,5,3,0,0,0,0,0,9,1,E01010842,3,1,0.0,1.0,-1,6,30,1,4,1,22:37,4,2,9
2023320394441,2023,320394441,2,1,2,1,60,9,3,0,0,1,0,0,9,5,E01026290,-1,0,0.01372,0.98628,-1,6,60,1,1,1,15:25,4,2,9
2023471265149,2023,471265149,2,2,2,1,27,6,3,0,0,1,0,0,9,9,E01031630,3,1,0.0,1.0,-1,6,40,1,6,2,18:14,4,2,9
2023061340098,2023,061340098,1,1,1,1,21,5,2,0,0,0,0,0,23,1,E01005313,5,1,1.0,0.0,-1,6,20,1,4,1,21:39,4,2,23
2023010472623,2023,010472623,1,1,3,2,30,6,3,6,9,0,0,0,0,2,E01003243,-1,0,0.0,1.0,-1,6,30,1,1,1,09:00,4,1,9
2023501360324,2023,501360324,1,2,3,2,22,5,2,10,9,0,0,0,0,4,E01015178,7,1,1.0,0.0,-1,3,30,1,4,1,20:44,6,1,1
2023522300435,2023,522300435,1,1,1,1,34,6,3,0,0,0,0,0,1,7,E01014702,-1,0,0.02119,0.97881,-1,1,30,1,1,1,08:30,1,2,1
2023010480717,2023,010480717,1,1,1,-1,30,6,3,0,0,0,0,0,3,3,E01004038,-1,0,0.0,1.0,-1,6,30,1,4,1,21:10,5,2,3
2023041271100,2023,041271100,2,2,1,2,59,9,3,0,0,0,0,0,9,9,E01024901,3,1,0.0,1.0,-1,7,70,1,1,2,14:44,2,2,9