collision_index,collision_year,collision_ref_no,vehicle_reference,casualty_reference,casualty_class,sex_of_casualty,age_of_casualty,age_band_of_casualty,casualty_severity,pedestrian_location,pedestrian_movement,car_passenger,bus_or_coach_passenger,pedestrian_road_maintenance_worker,casualty_type,casualty_imd_decile,lsoa_of_casualty,enhanced_casualty_severity,casualty_injury_based,casualty_adjusted_severity_serious,casualty_adjusted_severity_slight,casualty_distance_banding,road_type,speed_limit,weather_conditions,light_conditions,road_surface_conditions,time,day_of_week,number_of_vehicles,vehicle_type
2023010437960,2023,010437960,2,1,1,1,33,6,3,0,0,0,0,0,5,2,E01021311,-1,0,0.0,1.0,-1,6,20,1,4,1,04:00,3,2,5
2023201383369,2023,201383369,2,1,1,1,26,6,3,0,0,0,0,0,8,2,E01010059,3,1,0.0,1.0,-1,6,30,1,4,1,21:57,6,2,8
2023501378233,2023,501378233,1,1,1,1,35,6,3,0,0,0,0,0,8,5,E01019992,3,1,0.0,1.0,-1,6,30,1,4,1,18:00,5,2,8
2023010467384,2023,010467384,1,1,1,2,47,8,3,0,0,0,0,0,9,4,E01033739,-1,0,0.0,1.0,-1,6,20,8,1,1,15:10,4,2,9
2023471333604,2023,471333604,2,1,1,2,37,7,3,0,0,0,0,0,9,8,E01030529,3,1,0.0,1.0,-1,6,40,1,1,1,09:00,4,3,9
2023010470902,2023,010470902,1,5,2,2,60,9,3,0,0,0,4,0,11,6,E01019445,-1,0,0.0,1.0,-1,3,70,1,1,1,10:20,2,2,11
2023131308995,2023,131308995,1,1,3,1,20,4,3,9,5,0,0,2,0,2,E01011805,3,1,0.0,1.0,-1,7,40,1,1,1,11:34,5,1,9
2023010483385,2023,010483385,2,1,1,1,31,6,3,0,0,0,0,0,1,5,E01001685,-1,0,0.0,1.0,-1,1,30,1,1,1,08:30,2,2,1
202354C241823,2023,54C241823,1,1,2,2,33,6,3,0,0,2,0,0,8,1,E01032096,-1,0,0.06599,0.93401,-1,6,50,2,4,2,04:23,1,1,8
2023552300641,2023,552300641,1,1,1,2,47,8,3,0,0,0,0,0,9,7,E01015391,-1,0,0.0218,0.9782,-1,6,30,1,1,1,17:40,2,2,9
2023010444564,2023,010444564,1,2,2,1,23,5,3,0,0,1,0,0,9,6,E01002353,-1,0,0.0,1.0,-1,3,50,1,1,1,09:30,3,2,9
2023010455480,2023,010455480,2,1,1,2,63,9,3,0,0,0,0,0,9,2,E01033485,-1,0,0.0,1.0,-1,1,20,1,1,1,20:32,2,2,9
2023070953269,2023,070953269,2,1,1,2,30,6,3,0,0,0,0,0,9,8,E01018609,-1,0,0.00777,0.99223,-1,6,30,1,4,1,20:05,1,2,9
2023010423513,2023,010423513,1,1,1,1,22,5,3,0,0,0,0,0,1,7,E01004018,-1,0,0.0,1.0,-1,6,20,1,1,1,07:50,4,2,1
2023101339192,2023,101339192,1,1,3,1,10,2,2,1,1,0,0,0,0,2,E01033716,7,1,1.0,0.0,-1,6,30,1,1,1,14:42,2,1,9
2023440156466,2023,440156466,1,1,3,1,13,3,3,5,3,0,0,0,0,6,E01023065,-1,0,0.05992,0.94008,-1,6,30,1,1,1,15:05,6,1,9
2023991312618,2023,991312618,1,1,1,1,39,7,3,0,0,0,0,0,19,7,E01027452,3,1,0.0,1.0,-1,6,60,1,1,1,13:42,1,1,19
2023061339517,2023,061339517,1,10,2,1,46,8,2,0,0,0,4,0,11,-1,-1,7,1,1.0,0.0,-1,6,30,1,1,1,12:35,3,1,11
2023231366327,2023,231366327,1,1,1,2,35,6,3,0,0,0,0,0,9,3,E01009604,3,1,0.0,1.0,-1,6,30,2,1,2,10:00,6,2,9
2023401295775,2023,401295775,2,2,1,1,29,6,3,0,0,0,0,0,9,3,E01023346,3,1,0.0,1.0,-1,3,70,2,1,2,09:55,1,2,9
2023031343690,2023,031343690,1,1,3,2,12,3,3,8,1,0,0,-1,0,8,E01019367,3,1,0.0,1.0,-1,3,30,1,1,1,14:00,7,1,90
2023061374043,2023,061374043,1,1,3,1,23,5,3,10,9,0,0,2,0,-1,-1,3,1,0.0,1.0,-1,6,30,1,1,2,15:33,6,1,19
2023141331235,2023,141331235,1,2,2,2,12,3,3,0,0,0,0,0,-1,3,E01008148,3,1,0.0,1.0,-1,6,20,1,1,1,19:37,4,2,-1
202354A640123,2023,54A640123,1,1,1,1,21,5,2,0,0,0,0,0,3,4,E01015580,-1,0,1.0,0.0,-1,6,60,1,1,1,10:00,7,1,3
2023430042705,2023,430042705,1,1,3,2,30,6,3,4,1,0,0,0,0,6,E01016398,-1,0,0.03807,0.96193,-1,6,30,1,1,1,15:35,7,1,9
2023471313322,2023,471313322,2,2,1,2,58,9,3,0,0,0,0,0,5,5,E01031403,3,1,0.0,1.0,-1,6,30,1,1,1,13:50,2,2,5
2023010427488,2023,010427488,1,2,3,2,47,8,3,6,9,0,0,0,0,2,E01003729,-1,0,0.0,1.0,-1,6,30,1,1,1,11:10,5,2,9
2023010455959,2023,010455959,1,1,3,2,11,3,2,9,6,0,0,0,0,4,E01004414,-1,0,1.0,0.0,-1,6,20,1,1,1,17:20,3,1,9
2023011327986,2023,011327986,1,1,2,2,16,4,3,0,0,1,0,0,9,8,E01001031,3,1,0.0,1.0,-1,6,30,1,1,2,13:10,7,2,9
2023332300639,2023,332300639,1,1,1,2,44,7,2,0,0,0,0,0,9,6,E01025977,-1,0,1.0,0.0,-1,3,70,2,6,2,21:54,4,1,9
202363C024523,2023,63C024523,2,1,1,1,24,5,3,0,0,0,0,0,3,3,W01000607,-1,0,0.09595,0.90405,-1,6,30,1,4,2,21:25,3,2,3
2023070191486,2023,070191486,1,1,1,1,73,10,3,0,0,0,0,0,9,8,E01019766,-1,0,0.07954,0.92046,-1,6,30,2,1,2,09:26,2,3,9
2023320420108,2023,320420108,1,1,2,1,21,5,3,0,0,2,0,0,9,5,E01026201,-1,0,0.13548,0.86452,-1,6,60,1,6,1,22:00,6,1,9
2023531325061,2023,531325061,3,1,1,2,76,11,3,0,0,0,0,0,9,8,E01031894,3,1,0.0,1.0,-1,6,30,1,1,1,10:50,6,3,9
2023131325701,2023,131325701,2,1,1,1,12,3,3,0,0,0,0,0,1,2,E01011255,3,1,0.0,1.0,-1,6,30,1,1,1,08:30,6,2,1
2023061321917,2023,061321917,2,1,2,2,30,6,3,0,0,2,0,0,8,-1,-1,3,1,0.0,1.0,-1,6,30,1,1,1,12:30,5,2,8
2023302300368,2023,302300368,1,1,1,2,46,8,3,0,0,0,0,0,1,10,E01019427,-1,0,0.0658,0.9342,-1,1,30,1,4,1,18:35,6,2,1
2023451360754,2023,451360754,1,1,1,1,55,8,3,0,0,0,0,0,1,9,E01016565,3,1,0.0,1.0,-1,6,30,1,1,1,10:00,7,2,1
2023361379033,2023,361379033,1,1,3,1,45,7,3,10,9,0,0,0,0,4,E01026749,3,1,0.0,1.0,-1,3,20,1,1,1,10:00,1,1,9
2023430294871,2023,430294871,2,1,1,1,54,8,1,0,0,0,0,0,1,5,E01028605,-1,0,0.0,0.0,-1,3,40,1,1,1,05:54,3,2,1
2023201301903,2023,201301903,2,1,1,1,57,9,3,0,0,0,0,0,9,3,E01009995,3,1,0.0,1.0,-1,6,30,1,1,1,07:30,4,2,9
2023141270319,2023,141270319,1,1,1,1,23,5,3,0,0,0,0,0,9,7,E01007321,3,1,0.0,1.0,-1,6,40,1,4,4,20:13,2,2,9
2023231328145,2023,231328145,1,1,1,1,88,11,3,0,0,0,0,0,9,7,E01031248,3,1,0.0,1.0,-1,9,20,1,1,1,13:05,5,1,9
2023471367329,2023,471367329,2,1,1,2,19,4,3,0,0,0,0,0,9,7,E01031781,3,1,0.0,1.0,-1,1,30,2,4,2,23:30,3,2,9
2023340NN0462,2023,340NN0462,3,1,1,2,21,5,3,0,0,0,0,0,9,3,E01027058,-1,0,0.00957,0.99043,-1,6,30,8,4,4,20:15,1,3,9
2023421305038,2023,421305038,2,1,1,1,45,7,3,0,0,0,0,0,3,8,E01021544,3,1,0.0,1.0,-1,6,40,1,1,1,14:05,2,2,3
2023991294945,2023,991294945,2,1,1,1,34,6,3,0,0,0,0,0,1,8,-1,3,1,0.0,1.0,-1,3,30,1,1,1,16:40,3,2,1
2023311383438,2023,311383438,1,1,1,1,19,4,3,0,0,0,0,0,9,5,E01028242,3,1,0.0,1.0,-1,6,50,7,1,4,07:37,4,1,9
2023421351574,2023,421351574,2,1,1,2,37,7,3,0,0,0,0,0,9,6,E01004078,3,1,0.0,1.0,-1,3,70,1,1,1,18:30,1,2,9
2023320525319,2023,320525319,1,1,3,2,45,7,3,9,9,0,0,0,0,3,E01026343,-1,0,0.13756,0.86244,-1,6,30,1,4,1,22:34,4,1,9
2023010476675,2023,010476675,1,1,1,1,32,6,3,0,0,0,0,0,3,3,E01004037,-1,0,0.0,1.0,-1,6,20,1,1,2,16:10,6,2,3
2023552300108,2023,552300108,2,1,1,1,17,4,2,0,0,0,0,0,3,10,E01015434,-1,0,1.0,0.0,-1,6,30,1,4,1,17:23,6,2,3
2023631355629,2023,631355629,2,1,1,1,50,8,2,0,0,0,0,0,5,2,E01032453,5,1,1.0,0.0,-1,6,60,1,6,1,15:58,7,2,5
2023991363173,2023,991363173,1,1,1,1,19,4,2,0,0,0,0,0,3,4,-1,5,1,1.0,0.0,-1,6,30,1,4,1,21:55,1,2,3
2023201376988,2023,201376988,2,1,1,1,34,6,3,0,0,0,0,0,2,3,E01010018,3,1,0.0,1.0,-1,3,40,1,1,1,15:50,4,2,2
2023010485506,2023,010485506,1,1,3,1,23,5,3,10,9,0,0,0,0,8,E01021424,-1,0,0.0,1.0,-1,9,30,1,1,1,10:30,5,1,19
2023221363232,2023,221363232,1,2,2,2,19,4,3,0,0,1,0,0,9,1,E01032318,3,1,0.0,1.0,-1,1,30,1,4,1,00:40,7,1,9
2023501301204,2023,501301204,2,1,1,2,41,7,3,0,0,0,0,0,9,4,E01020030,3,1,0.0,1.0,-1,6,60,1,1,1,15:00,2,2,9
2023552301078,2023,552301078,2,1,1,1,18,4,3,0,0,0,0,0,3,2,E01017276,-1,0,0.15611,0.84389,-1,6,30,1,4,1,20:29,3,2,3
2023302300700,2023,302300700,2,1,1,1,-1,-1,2,0,0,0,0,0,1,-1,-1,-1,0,1.0,0.0,-1,6,50,1,1,1,18:35,3,2,1
2023010472300,2023,010472300,1,1,1,1,18,4,3,0,0,0,0,0,3,1,E01033648,-1,0,0.0,1.0,-1,6,30,8,4,1,18:05,4,2,3
2023351291329,2023,351291329,1,2,1,2,72,10,3,0,0,0,0,0,9,8,E01026350,3,1,0.0,1.0,-1,6,60,1,1,1,13:15,1,2,9
2023451332008,2023,451332008,2,1,1,2,47,8,3,0,0,0,0,0,9,7,E01030850,3,1,0.0,1.0,-1,3,70,1,1,1,14:59,6,2,9
202363B027023,2023,63B027023,2,4,2,1,72,10,3,0,0,0,4,0,11,-1,-1,-1,0,0.1738,0.8262,-1,6,60,1,1,1,14:27,5,2,11
2023010467614,2023,010467614,1,1,1,1,31,6,3,0,0,0,0,0,3,5,E01000803,-1,0,0.0,1.0,-1,9,60,9,1,9,09:30,6,2,3
2023131263891,2023,131263891,1,2,3,2,4,1,1,6,8,0,0,2,0,1,E01011360,1,1,0.0,0.0,-1,3,30,5,5,2,08:45,2,3,9
2023010475407,2023,010475407,2,2,1,1,42,7,2,0,0,0,0,0,8,3,E01003073,-1,0,1.0,0.0,-1,3,20,2,4,2,23:30,4,2,8
2023010464402,2023,010464402,2,1,1,1,41,7,3,0,0,0,0,0,1,3,E01004429,-1,0,0.0,1.0,-1,6,20,1,1,1,13:15,4,2,1
2023010424709,2023,010424709,1,1,3,2,54,8,3,1,4,0,0,0,0,3,E01003372,-1,0,0.0,1.0,-1,3,20,9,1,1,11:15,2,1,1
2023061305574,2023,061305574,1,1,3,2,37,7,3,6,9,0,0,-1,0,4,E01004943,3,1,0.0,1.0,-1,6,30,9,1,-1,09:20,4,1,9
2023010461730,2023,010461730,2,2,1,2,44,7,3,0,0,0,0,0,9,4,E01002642,-1,0,0.0,1.0,-1,6,30,1,1,1,16:08,2,2,9
2023440259274,2023,440259274,1,1,1,1,29,6,3,0,0,0,0,0,1,4,E01017211,-1,0,0.06225,0.93775,-1,6,30,1,1,1,08:00,3,2,1
2023010470043,2023,010470043,1,1,1,1,24,5,3,0,0,0,0,0,3,3,E01001154,-1,0,0.0,1.0,-1,9,20,9,1,9,16:15,3,2,3
2023451358322,2023,451358322,2,1,1,1,49,8,2,0,0,0,0,0,3,7,E01023116,7,1,1.0,0.0,-1,1,50,1,4,1,21:30,1,2,3
2023052302269,2023,052302269,2,1,1,1,23,5,2,0,0,0,0,0,4,1,E01006659,-1,0,1.0,0.0,-1,6,30,1,1,1,17:18,2,3,4
2023010456814,2023,010456814,1,1,1,2,36,7,3,0,0,0,0,0,9,-1,-1,-1,0,0.0,1.0,-1,1,20,1,1,1,02:50,1,2,9
2023052302252,2023,052302252,1,1,2,2,54,8,3,0,0,2,0,0,9,3,E01033760,-1,0,0.01667,0.98333,-1,6,30,1,4,1,21:40,4,2,9
2023351323925,2023,351323925,1,1,1,2,56,9,3,0,0,0,0,0,9,8,E01029957,3,1,0.0,1.0,-1,6,30,2,1,2,06:45,3,2,9
2023501322414,2023,501322414,1,2,2,2,18,4,3,0,0,1,0,0,9,3,E01020294,3,1,0.0,1.0,-1,6,60,1,6,1,01:10,1,1,9
2023131290726,2023,131290726,1,1,3,2,12,3,3,5,4,0,0,2,0,10,E01010906,3,1,0.0,1.0,-1,6,30,1,1,1,07:50,2,1,9
2023421328601,2023,421328601,1,1,1,2,45,7,2,0,0,0,0,0,9,4,E01015948,7,1,1.0,0.0,-1,6,30,1,1,1,09:55,4,1,9
2023622300551,2023,622300551,2,2,1,1,50,8,3,0,0,0,0,0,9,2,W01001751,-1,0,0.02391,0.97609,-1,6,20,1,1,1,13:19,1,2,9
2023041315139,2023,041315139,1,1,3,2,27,6,2,1,3,0,0,2,0,1,E01025217,7,1,1.0,0.0,-1,6,30,1,1,1,08:13,2,1,9
2023332301142,2023,332301142,1,1,3,1,42,7,3,5,1,0,0,0,0,-1,-1,-1,0,0.07492,0.92508,-1,2,20,1,4,1,01:40,1,1,9
2023522300897,2023,522300897,1,1,3,1,16,4,3,8,3,0,0,0,0,4,E01014496,-1,0,0.11458,0.88542,-1,6,30,1,6,2,21:25,3,1,9
2023041280187,2023,041280187,2,2,1,1,41,7,3,0,0,0,0,0,19,3,E01025289,3,1,0.0,1.0,-1,3,30,1,1,2,13:51,6,2,19
2023010443042,2023,010443042,1,1,3,2,51,8,3,9,9,0,0,0,0,4,E01000799,-1,0,0.0,1.0,-1,6,20,1,1,1,11:31,2,1,9
2023131355817,2023,131355817,1,1,3,1,54,8,3,10,9,0,0,2,0,1,E01010839,3,1,0.0,1.0,-1,6,30,1,4,1,18:33,1,1,9
2023332301250,2023,332301250,1,1,3,2,45,7,2,1,2,0,0,0,0,2,E01032867,-1,0,1.0,0.0,-1,6,30,1,1,1,09:00,5,1,9
2023170H10163,2023,170H10163,2,1,1,1,59,9,3,0,0,0,0,0,1,5,E01011968,-1,0,0.19119,0.80881,-1,6,30,1,4,1,18:34,3,2,1
2023131302518,2023,131302518,2,1,3,1,37,7,3,9,5,0,0,2,0,1,E01010822,3,1,0.0,1.0,-1,2,40,1,1,1,12:49,3,2,9
2023411316396,2023,411316396,1,1,3,1,14,3,3,5,1,0,0,0,0,6,E01023606,3,1,0.0,1.0,-1,6,30,1,1,1,16:40,1,1,9
2023122300361,2023,122300361,1,1,3,2,14,3,3,10,8,0,0,0,0,6,E01027916,-1,0,0.11019,0.88981,-1,6,30,1,1,1,11:55,5,1,19
2023010458852,2023,010458852,1,1,1,1,20,4,3,0,0,0,0,0,3,4,E01001484,-1,0,0.0,1.0,-1,1,20,2,1,2,19:10,6,2,3
2023041320896,2023,041320896,2,1,1,1,45,7,3,0,0,0,0,0,1,2,E01025529,3,1,0.0,1.0,-1,3,40,1,1,1,18:20,5,2,1
2023041294143,2023,041294143,1,1,3,1,26,6,2,4,1,0,0,1,0,2,E01025274,5,1,1.0,0.0,-1,3,30,1,1,2,16:33,4,1,9
2023411297313,2023,411297313,2,1,1,1,56,9,3,0,0,0,0,0,19,4,E01017599,3,1,0.0,1.0,-1,6,50,1,1,1,18:40,6,2,19
2023302301846,2023,302301846,1,1,1,1,18,4,2,0,0,0,0,0,9,9,E01008023,-1,0,1.0,0.0,-1,6,30,1,4,2,23:35,5,1,9
2023501370996,2023,501370996,2,3,1,2,24,5,3,0,0,0,0,0,9,5,E01015191,3,1,0.0,1.0,-1,1,40,1,4,2,21:40,7,2,9
2023231308873,2023,231308873,1,2,2,1,17,4,2,0,0,0,0,0,3,3,E01009624,7,1,1.0,0.0,-1,6,30,1,1,1,20:25,5,2,3
2023122300759,2023,122300759,2,1,1,1,59,9,3,0,0,0,0,0,1,4,E01027905,-1,0,0.14338,0.85662,-1,6,30,1,1,1,15:20,6,2,1
2023531295782,2023,531295782,2,1,1,2,27,6,2,0,0,0,0,0,3,4,E01022310,7,1,1.0,0.0,-1,6,30,2,1,2,10:09,4,2,3
2023501340934,2023,501340934,2,1,1,1,39,7,2,0,0,0,0,0,4,6,E01020121,7,1,1.0,0.0,-1,1,30,1,1,1,14:10,6,2,4
2023010478637,2023,010478637,1,1,2,2,58,9,3,0,0,0,4,0,11,5,E01000038,-1,0,0.0,1.0,-1,1,30,8,4,1,18:04,6,1,11
2023421293915,2023,421293915,2,1,1,2,34,6,3,0,0,0,0,0,9,3,E01021847,3,1,0.0,1.0,-1,6,30,1,1,1,07:40,2,2,9
2023461375776,2023,461375776,2,2,1,2,54,8,3,0,0,0,0,0,9,2,E01033090,3,1,0.0,1.0,-1,3,70,5,1,2,13:55,5,2,9
2023622300211,2023,622300211,1,1,1,2,22,5,3,0,0,0,0,0,9,1,W01001188,-1,0,0.03731,0.96269,-1,6,30,1,1,1,16:41,7,1,9
2023361372310,2023,361372310,2,2,1,2,71,10,3,0,0,0,0,0,9,2,E01026459,3,1,0.0,1.0,-1,6,30,2,6,1,18:15,4,2,9
2023471287593,2023,471287593,1,1,1,2,46,8,3,0,0,0,0,0,9,3,E01031451,3,1,0.0,1.0,-1,1,30,1,1,1,13:24,5,2,9
2023131270026,2023,131270026,1,1,2,1,19,4,2,0,0,0,0,0,97,1,E01010624,7,1,1.0,0.0,-1,6,30,2,4,2,05:30,3,2,97
2023361356467,2023,361356467,1,1,1,1,24,5,3,0,0,0,0,0,9,6,E01026436,3,1,0.0,1.0,-1,3,70,1,1,1,05:50,1,1,9
2023451329649,2023,451329649,1,2,2,1,53,8,3,0,0,1,0,0,9,7,E01017789,3,1,0.0,1.0,-1,3,40,1,1,2,08:50,7,2,9
2023461347064,2023,461347064,1,1,1,1,29,6,3,0,0,0,0,0,9,10,E01024272,3,1,0.0,1.0,-1,6,60,1,5,1,00:40,1,1,9
2023221269652,2023,221269652,2,1,2,1,32,6,3,0,0,0,0,0,19,6,E01029497,3,1,0.0,1.0,-1,6,40,1,1,2,08:40,2,2,19
2023430110111,2023,430110111,1,1,3,2,14,3,3,1,3,0,0,0,0,6,E01032959,-1,0,0.11837,0.88163,-1,1,30,1,4,2,20:26,7,1,9
2023010425318,2023,010425318,3,2,1,1,-1,-1,3,0,0,0,0,0,1,-1,-1,-1,0,0.0,1.0,-1,6,20,1,1,1,13:40,7,3,1
2023010432642,2023,010432642,1,1,1,1,30,6,3,0,0,0,0,0,9,8,E01000269,-1,0,0.0,1.0,-1,6,30,1,1,2,08:02,6,3,9
2023161372656,2023,161372656,1,1,2,2,59,9,3,0,0,1,0,0,9,3,E01013029,3,1,0.0,1.0,-1,6,60,1,1,1,13:15,5,2,9
2023201370554,2023,201370554,2,1,1,2,41,7,3,0,0,0,0,0,9,5,E01009863,3,1,0.0,1.0,-1,6,30,1,1,2,17:01,3,2,9
2023501403218,2023,501403218,2,1,1,2,57,9,3,0,0,0,0,0,9,1,E01015043,3,1,0.0,1.0,-1,6,20,2,1,2,11:50,5,2,9
2023311380704,2023,311380704,1,1,3,2,34,6,3,1,1,0,0,0,0,6,E01027970,3,1,0.0,1.0,-1,6,30,1,1,1,14:38,4,1,9
2023351339568,2023,351339568,1,1,1,1,13,3,3,0,0,0,0,0,1,6,E01017962,3,1,0.0,1.0,-1,6,20,1,1,1,13:53,5,2,1
2023041316519,2023,041316519,1,1,2,1,15,3,3,0,0,0,0,0,97,2,E01025075,3,1,0.0,1.0,-1,6,30,1,1,1,20:49,1,2,97
2023411326079,2023,411326079,1,1,1,1,22,5,3,0,0,0,0,0,3,6,E01023413,3,1,0.0,1.0,-1,6,20,1,4,1,22:31,5,2,3
2023141266453,2023,141266453,1,1,1,1,23,5,3,0,0,0,0,0,9,-1,-1,3,1,0.0,1.0,-1,6,30,8,4,4,22:26,7,1,9
2023201293809,2023,201293809,1,1,1,2,63,9,3,0,0,0,0,0,9,1,E01010084,3,1,0.0,1.0,-1,6,30,1,1,1,11:15,1,1,9
2023201442887,2023,201442887,2,1,1,1,31,6,3,0,0,0,0,0,9,1,E01013484,3,1,0.0,1.0,-1,3,40,1,1,1,16:50,6,2,9
2023361340898,2023,361340898,1,1,1,1,28,6,3,0,0,0,0,0,9,8,E01026434,3,1,0.0,1.0,-1,6,60,1,1,1,08:53,7,2,9
2023451349235,2023,451349235,1,1,1,1,15,3,3,0,0,0,0,0,1,5,E01030725,3,1,0.0,1.0,-1,3,40,1,1,1,16:51,2,2,1
2023031314552,2023,031314552,1,1,1,1,22,5,2,0,0,0,0,0,3,3,E01019135,5,1,1.0,0.0,-1,6,30,1,1,1,17:48,6,1,3
2023320215389,2023,320215389,1,1,1,1,18,4,3,0,0,0,0,0,2,4,E01026144,-1,0,0.20781,0.79219,-1,6,50,5,1,2,18:30,2,1,2
2023010449325,2023,010449325,2,1,1,1,42,7,2,0,0,0,0,0,-1,-1,-1,-1,0,1.0,0.0,-1,3,20,1,4,1,21:42,5,2,-1
2023010444556,2023,010444556,2,3,2,1,11,3,3,0,0,0,0,0,19,2,E01001218,-1,0,0.0,1.0,-1,6,20,1,1,1,08:10,3,2,19
2023161309843,2023,161309843,1,1,1,1,35,6,3,0,0,0,0,0,1,2,E01013283,3,1,0.0,1.0,-1,6,30,1,1,1,21:22,4,2,1
2023010476047,2023,010476047,1,1,1,1,40,7,3,0,0,0,0,0,1,3,E01004043,-1,0,0.0,1.0,-1,2,20,1,1,1,13:00,1,2,1
2023201384314,2023,201384314,2,1,1,1,24,5,3,0,0,0,0,0,4,6,E01009925,3,1,0.0,1.0,-1,6,40,1,4,1,16:15,1,2,4
2023010465511,2023,010465511,1,1,1,1,45,7,3,0,0,0,0,0,19,3,E01015856,-1,0,0.0,1.0,-1,9,20,9,7,9,17:45,2,2,19
202360A100368,2023,60A100368,1,1,1,1,38,7,2,0,0,0,0,0,19,-1,-1,-1,0,1.0,0.0,-1,6,60,1,1,2,08:39,3,1,19
2023010475620,2023,010475620,1,1,3,1,17,4,3,8,1,0,0,0,0,7,E01004500,-1,0,0.0,1.0,-1,6,20,1,1,1,08:11,6,1,11
2023061279311,2023,061279311,2,1,1,2,61,9,3,0,0,0,0,0,1,8,E01006119,3,1,0.0,1.0,-1,6,30,1,1,1,13:05,2,2,1
2023131321754,2023,131321754,1,1,3,1,21,5,3,6,7,0,0,2,0,5,E01011855,3,1,0.0,1.0,-1,6,30,1,1,1,20:55,5,1,9
2023041275338,2023,041275338,2,1,1,1,26,6,3,0,0,0,0,0,1,1,E01025218,3,1,0.0,1.0,-1,6,30,9,1,1,13:32,4,2,1
2023010457000,2023,010457000,1,1,1,1,30,6,3,0,0,0,0,0,1,2,E01003126,-1,0,0.0,1.0,-1,9,30,2,1,2,14:28,7,2,1
2023430524361,2023,430524361,1,1,3,2,8,2,3,4,3,0,0,0,0,5,E01017907,-1,0,0.12512,0.87488,-1,1,30,1,4,1,16:30,3,1,9
2023471376207,2023,471376207,1,1,2,2,-1,-1,2,0,0,0,0,0,19,-1,-1,7,1,1.0,0.0,-1,3,30,1,7,1,02:20,1,2,19
2023010424738,2023,010424738,1,1,1,2,28,6,3,0,0,0,0,0,3,5,E01002202,-1,0,0.0,1.0,-1,6,20,1,1,1,07:10,4,2,3
2023332301066,2023,332301066,2,3,1,1,48,8,3,0,0,0,0,0,9,10,E01025906,-1,0,0.04447,0.95553,-1,6,40,1,4,2,23:26,2,2,9
2023440211216,2023,440211216,2,2,2,2,20,4,3,0,0,1,0,0,9,10,E01032850,-1,0,0.01686,0.98314,-1,3,70,1,1,1,09:42,1,3,9
2023631360826,2023,631360826,1,1,2,2,51,8,2,0,0,1,0,0,9,8,W01000616,5,1,1.0,0.0,-1,6,40,8,6,1,18:58,1,1,9
2023421297174,2023,421297174,1,2,1,1,29,6,3,0,0,0,0,0,9,2,E01001432,3,1,0.0,1.0,-1,6,60,1,1,1,15:10,1,2,9
2023440376626,2023,440376626,1,1,2,2,14,3,3,0,0,1,0,0,9,1,E01017112,-1,0,0.04363,0.95637,-1,6,20,1,1,1,11:19,6,2,9
2023552300277,2023,552300277,2,2,1,2,59,9,3,0,0,0,0,0,9,5,E01020536,-1,0,0.06837,0.93163,-1,6,60,1,1,2,08:51,2,2,9
2023031299865,2023,031299865,1,1,2,2,77,11,3,0,0,1,0,0,9,1,E01020775,3,1,0.0,1.0,-1,6,60,1,5,1,18:00,6,2,9
2023061378229,2023,061378229,2,1,1,2,44,7,3,0,0,0,0,0,9,6,E01005694,3,1,0.0,1.0,-1,3,40,1,4,1,17:27,5,2,9
2023101280177,2023,101280177,2,1,1,2,35,6,3,0,0,0,0,0,9,6,E01027517,3,1,0.0,1.0,-1,1,30,1,1,1,11:30,4,2,9
2023302301240,2023,302301240,1,1,1,1,72,10,3,0,0,0,0,0,9,4,E01019492,-1,0,0.08521,0.91479,-1,6,30,1,1,1,06:45,6,2,9
2023401374048,2023,401374048,1,1,2,2,51,8,2,0,0,1,0,0,9,7,E01033431,6,1,1.0,0.0,-1,6,30,2,4,2,01:41,4,1,9
2023991275023,2023,991275023,1,2,2,2,88,11,2,0,0,1,0,0,9,-1,-1,6,1,1.0,0.0,-1,6,60,1,1,1,11:30,4,2,9
2023010424729,2023,010424729,1,1,1,1,66,10,3,0,0,0,0,0,9,4,E01004487,-1,0,0.0,1.0,-1,6,30,1,1,1,09:54,4,2,9
2023131375456,2023,131375456,1,1,1,1,38,7,2,0,0,0,0,0,9,9,E01013243,5,1,1.0,0.0,-1,3,40,1,4,2,17:44,5,1,9
2023332300101,2023,332300101,2,1,1,1,23,5,3,0,0,0,0,0,9,1,E01015609,-1,0,0.02402,0.97598,-1,6,30,1,4,1,21:30,5,2,9
2023520301832,2023,520301832,1,3,2,1,20,4,3,0,0,2,0,0,9,7,E01029060,-1,0,0.07376,0.92624,-1,6,20,1,6,1,00:45,5,1,9
2023010484285,2023,010484285,1,1,1,1,48,8,3,0,0,0,0,0,9,2,E01021864,-1,0,0.0,1.0,-1,6,30,1,4,1,22:30,6,3,9
2023552301191,2023,552301191,2,1,1,2,47,8,2,0,0,0,0,0,9,4,E01032644,-1,0,1.0,0.0,-1,6,60,2,6,2,21:56,7,2,9
202360A194726,2023,60A194726,2,4,2,1,47,8,3,0,0,1,0,0,9,-1,-1,-1,0,0.08861,0.91139,-1,1,70,1,4,2,16:15,2,3,9
2023101384636,2023,101384636,2,3,2,2,7,2,3,0,0,2,0,0,9,3,E01008708,3,1,0.0,1.0,-1,6,40,1,4,2,18:15,6,3,9