collision_index,collision_year,collision_ref_no,vehicle_reference,casualty_reference,casualty_class,sex_of_casualty,age_of_casualty,age_band_of_casualty,casualty_severity,pedestrian_location,pedestrian_movement,car_passenger,bus_or_coach_passenger,pedestrian_road_maintenance_worker,casualty_type,casualty_imd_decile,lsoa_of_casualty,enhanced_casualty_severity,casualty_injury_based,casualty_adjusted_severity_serious,casualty_adjusted_severity_slight,casualty_distance_banding,road_type,speed_limit,weather_conditions,light_conditions,road_surface_conditions,time,day_of_week,number_of_vehicles,vehicle_type
2023010437955,2023,010437955,2,1,1,1,22,5,3,0,0,0,0,0,9,-1,-1,-1,0,0.0,1.0,-1,6,20,1,4,1,02:40,3,2,9
2023131320052,2023,131320052,1,3,2,2,21,5,3,0,0,2,0,0,9,-1,-1,3,1,0.0,1.0,-1,6,30,2,1,2,19:25,1,3,9
2023141319557,2023,141319557,2,2,1,2,23,5,2,0,0,0,0,0,9,5,E01007609,7,1,1.0,0.0,-1,6,60,1,1,1,06:00,6,2,9
2023471316944,2023,471316944,1,1,1,1,42,7,3,0,0,0,0,0,9,7,E01031701,3,1,0.0,1.0,-1,6,60,1,6,1,20:50,6,1,9
2023501282236,2023,501282236,1,1,1,1,33,6,3,0,0,0,0,0,9,4,E01020321,3,1,0.0,1.0,-1,6,30,1,4,1,00:05,1,3,9
2023320240529,2023,320240529,1,2,1,1,85,11,3,0,0,0,0,0,9,2,E01026170,-1,0,0.13427,0.86573,-1,6,40,1,1,1,17:00,6,1,9
2023061298734,2023,061298734,3,1,1,2,57,9,3,0,0,0,0,0,9,3,E01004854,3,1,0.0,1.0,-1,6,30,1,1,1,12:10,4,3,9
2023061395736,2023,061395736,2,1,1,1,55,8,3,0,0,0,0,0,9,3,E01005181,3,1,0.0,1.0,-1,6,30,1,4,1,17:30,6,2,9
2023320414454,2023,320414454,1,1,1,1,43,7,3,0,0,0,0,0,9,4,E01015676,-1,0,0.0466,0.9534,-1,6,60,1,1,1,15:50,4,2,9
2023010437538,2023,010437538,3,2,1,1,49,8,3,0,0,0,0,0,90,3,E01016520,-1,0,0.0,1.0,-1,3,50,1,1,1,07:20,7,4,90
2023010470346,2023,010470346,1,1,3,1,27,6,3,9,9,0,0,0,0,2,E01001246,-1,0,0.0,1.0,-1,6,20,1,1,1,07:00,6,1,9
2023320065945,2023,320065945,1,2,3,2,77,11,3,10,9,0,0,0,0,1,E01026010,-1,0,0.23846,0.76154,-1,6,30,1,1,1,11:03,4,1,9
2023451268560,2023,451268560,1,1,3,1,18,4,3,6,9,0,0,0,0,10,E01032763,3,1,0.0,1.0,-1,6,30,1,1,1,09:12,3,1,20
2023991295480,2023,991295480,1,1,1,1,26,6,3,0,0,0,0,0,3,10,-1,3,1,0.0,1.0,-1,6,60,1,1,1,13:25,3,2,3
2023052302758,2023,052302758,1,1,3,1,27,6,3,5,9,0,0,0,0,2,E01006945,-1,0,0.08953,0.91047,-1,6,20,2,1,2,16:00,3,1,9
2023991287096,2023,991287096,1,1,3,2,7,2,2,5,2,0,0,2,0,1,-1,7,1,1.0,0.0,-1,6,20,2,1,2,08:42,2,1,9
2023231377155,2023,231377155,2,1,1,2,30,6,3,0,0,0,0,0,9,10,E01031124,3,1,0.0,1.0,-1,6,30,1,1,1,14:03,6,2,9
2023010445202,2023,010445202,1,1,2,2,50,8,3,0,0,0,4,0,11,4,E01001329,-1,0,0.0,1.0,-1,6,20,1,1,1,12:22,6,1,11
2023221318185,2023,221318185,2,1,1,1,31,6,3,0,0,0,0,0,19,1,E01010067,3,1,0.0,1.0,-1,6,60,1,1,1,13:00,4,2,19
2023010451575,2023,010451575,1,1,3,1,33,6,3,5,3,0,0,0,0,2,E01004434,-1,0,0.0,1.0,-1,6,30,1,1,1,10:55,2,1,9
2023531324510,2023,531324510,1,1,1,1,22,5,3,0,0,0,0,0,3,5,E01022242,3,1,0.0,1.0,-1,6,60,1,1,1,12:50,3,2,3
2023010473317,2023,010473317,1,1,1,2,36,7,3,0,0,0,0,0,9,5,E01003791,-1,0,0.0,1.0,-1,3,50,2,1,2,16:54,7,1,9
2023052301481,2023,052301481,2,4,2,1,5,1,3,0,0,2,0,0,9,1,E01006505,-1,0,0.05927,0.94073,-1,6,30,1,1,1,17:20,2,3,9
2023010429564,2023,010429564,1,1,2,2,46,8,3,0,0,0,4,0,11,5,E01003134,-1,0,0.0,1.0,-1,6,30,1,4,1,00:21,3,2,11
2023010459289,2023,010459289,1,1,1,1,33,6,3,0,0,0,0,0,3,6,E01003754,-1,0,0.0,1.0,-1,9,30,1,1,1,10:40,1,2,3
2023122400096,2023,122400096,1,1,1,1,-1,-1,3,0,0,0,0,0,4,4,E01027830,-1,0,0.20666,0.79334,-1,6,60,2,6,2,18:00,1,1,4
2023010429521,2023,010429521,3,4,2,2,8,2,3,0,0,2,0,0,9,2,E01001633,-1,0,0.0,1.0,-1,3,20,1,1,1,17:14,2,3,9
2023010457909,2023,010457909,1,3,2,-1,7,2,3,0,0,2,0,0,9,2,E01003309,-1,0,0.0,1.0,-1,6,30,8,1,1,15:27,6,2,9
2023461265034,2023,461265034,2,1,1,1,-1,-1,3,0,0,0,0,0,9,-1,-1,3,1,0.0,1.0,-1,6,30,1,4,1,22:50,2,2,9
2023461321150,2023,461321150,1,1,1,1,46,8,3,0,0,0,0,0,9,7,E01024273,3,1,0.0,1.0,-1,6,60,1,6,1,22:07,5,1,9
2023471360325,2023,471360325,1,1,2,2,30,6,2,0,0,2,0,0,9,3,E01021178,5,1,1.0,0.0,-1,6,30,1,6,1,18:50,6,2,9
2023421329151,2023,421329151,2,1,1,1,56,9,3,0,0,0,0,0,1,7,E01002272,3,1,0.0,1.0,-1,1,30,1,1,1,16:40,5,2,1
2023471394442,2023,471394442,2,1,1,2,30,6,3,0,0,0,0,0,3,1,E01021015,3,1,0.0,1.0,-1,3,30,1,7,1,16:35,7,2,3
2023201371020,2023,201371020,2,1,1,2,43,7,3,0,0,0,0,0,9,8,E01032373,3,1,0.0,1.0,-1,6,30,1,1,1,06:51,4,2,9
2023471361587,2023,471361587,2,1,1,1,32,6,3,0,0,0,0,0,9,2,E01031558,3,1,0.0,1.0,-1,6,30,1,1,1,16:30,2,2,9
202360A189050,2023,60A189050,2,1,2,2,70,10,3,0,0,2,0,0,9,-1,-1,-1,0,0.04471,0.95529,-1,6,40,1,1,1,12:53,5,2,9
2023610028523,2023,610028523,2,1,1,1,80,11,2,0,0,0,0,0,9,2,W01001483,-1,0,1.0,0.0,-1,3,70,1,1,1,11:47,2,4,9
2023991392118,2023,991392118,1,2,1,1,84,11,1,0,0,0,0,0,9,7,-1,1,1,0.0,0.0,-1,6,60,8,6,4,16:10,2,2,9
2023010441294,2023,010441294,1,1,1,2,41,7,3,0,0,0,0,0,9,10,E01023370,-1,0,0.0,1.0,-1,2,20,8,1,1,13:05,5,1,9
2023070428444,2023,070428444,1,1,1,2,30,6,3,0,0,0,0,0,9,8,E01018328,-1,0,0.02635,0.97365,-1,6,30,1,1,1,08:44,7,1,9
2023101372771,2023,101372771,2,5,1,2,56,9,3,0,0,0,0,0,9,9,E01008207,3,1,0.0,1.0,-1,3,60,1,4,2,19:14,5,3,9
2023351331865,2023,351331865,2,1,2,2,57,9,3,0,0,1,0,0,9,2,E01018068,3,1,0.0,1.0,-1,6,60,1,1,1,17:25,5,2,9
2023361291455,2023,361291455,1,2,1,1,20,4,3,0,0,0,0,0,9,2,E01030264,3,1,0.0,1.0,-1,6,60,2,1,2,19:25,3,1,9
2023141331602,2023,141331602,1,1,3,1,52,8,3,5,9,0,0,0,0,-1,-1,3,1,0.0,1.0,-1,6,30,1,1,1,18:32,5,2,9
2023351352040,2023,351352040,2,1,1,1,50,8,3,0,0,0,0,0,1,3,E01017977,3,1,0.0,1.0,-1,6,20,1,1,1,15:40,5,2,1
2023111280815,2023,111280815,2,1,1,1,63,9,3,0,0,0,0,0,22,7,E01020594,3,1,0.0,1.0,-1,6,30,1,4,1,22:46,2,2,22
2023010426281,2023,010426281,2,1,1,1,30,6,3,0,0,0,0,0,5,6,E01001648,-1,0,0.0,1.0,-1,6,30,1,1,1,14:30,5,2,5
202360A010468,2023,60A010468,1,1,3,2,17,4,2,5,3,0,0,0,0,-1,-1,-1,0,1.0,0.0,-1,6,30,1,4,1,17:40,1,1,9
2023010449114,2023,010449114,2,1,1,1,53,8,2,0,0,0,0,0,1,3,E01004270,-1,0,1.0,0.0,-1,3,20,1,1,1,20:45,4,2,1
2023141302498,2023,141302498,1,1,3,1,31,6,2,5,3,0,0,0,0,2,E01007364,7,1,1.0,0.0,-1,6,30,1,1,1,17:30,1,1,9
2023231352405,2023,231352405,1,1,3,1,5,1,3,5,1,0,0,0,0,6,E01031271,3,1,0.0,1.0,-1,6,30,1,1,1,16:00,5,1,9
2023052303014,2023,052303014,2,1,2,2,39,7,2,0,0,1,0,0,9,2,E01007249,-1,0,1.0,0.0,-1,6,30,2,4,2,17:04,2,2,9
2023131331039,2023,131331039,2,1,2,2,59,9,3,0,0,1,0,0,9,10,E01011549,3,1,0.0,1.0,-1,6,40,1,1,1,09:30,4,2,9
2023010449748,2023,010449748,2,2,1,1,37,7,2,0,0,0,0,0,1,1,E01002041,-1,0,1.0,0.0,-1,3,20,1,4,1,21:05,7,2,1
2023131321352,2023,131321352,2,1,1,1,5,1,2,0,0,0,0,0,1,2,E01010628,7,1,1.0,0.0,-1,6,20,1,1,1,16:22,4,2,1
2023411365012,2023,411365012,2,1,2,2,52,8,3,0,0,2,0,0,8,3,E01023496,3,1,0.0,1.0,-1,1,60,2,6,2,00:10,7,2,8
2023010430903,2023,010430903,1,1,1,1,22,5,3,0,0,0,0,0,9,4,E01021287,-1,0,0.0,1.0,-1,3,70,1,1,1,17:53,3,2,9
2023070563328,2023,070563328,1,2,2,1,24,5,3,0,0,1,0,0,9,6,E01029461,-1,0,0.06915,0.93085,-1,6,40,2,1,2,15:30,1,2,9
2023461337121,2023,461337121,2,3,2,2,9,2,3,0,0,2,0,0,9,1,E01024611,3,1,0.0,1.0,-1,6,30,1,1,1,14:52,3,3,9
2023622300980,2023,622300980,1,1,1,2,54,8,3,0,0,0,0,0,9,2,W01000895,-1,0,0.02059,0.97941,-1,1,30,1,1,1,16:45,3,2,9
2023991334111,2023,991334111,1,2,2,1,19,4,3,0,0,2,0,0,9,10,-1,3,1,0.0,1.0,-1,6,40,2,1,2,15:45,5,2,9
2023201380360,2023,201380360,2,4,1,2,24,5,3,0,0,0,0,0,9,7,E01009040,3,1,0.0,1.0,-1,1,30,2,1,2,18:39,7,3,9
2023991367888,2023,991367888,1,1,1,1,17,4,2,0,0,0,0,0,9,-1,-1,6,1,1.0,0.0,-1,6,60,2,6,2,01:09,7,1,9
2023311276195,2023,311276195,2,1,2,2,23,5,3,0,0,1,0,0,9,-1,-1,3,1,0.0,1.0,-1,3,40,1,1,1,13:00,2,2,9
2023332301049,2023,332301049,2,1,2,2,36,7,3,0,0,1,0,0,9,5,E01025763,-1,0,0.02245,0.97755,-1,6,30,1,4,1,22:00,4,2,9
2023010464173,2023,010464173,1,1,1,1,25,5,3,0,0,0,0,0,23,-1,-1,-1,0,0.0,1.0,-1,6,30,1,1,1,17:50,2,2,23
2023010441424,2023,010441424,1,1,1,1,45,7,3,0,0,0,0,0,9,1,E01004249,-1,0,0.0,1.0,-1,9,20,8,1,1,20:10,6,2,9
2023131386958,2023,131386958,3,1,2,2,10,2,3,0,0,1,0,0,9,8,E01033044,3,1,0.0,1.0,-1,3,70,2,4,2,17:43,2,3,9
2023440251919,2023,440251919,1,1,1,1,32,6,3,0,0,0,0,0,9,9,E01022611,-1,0,0.01685,0.98315,-1,7,70,1,1,1,15:50,7,3,9
2023622300924,2023,622300924,3,3,1,1,54,8,3,0,0,0,0,0,9,1,W01001276,-1,0,0.01228,0.98772,-1,3,30,1,1,1,15:24,6,3,9
2023421354729,2023,421354729,1,5,2,1,15,3,3,0,0,0,4,0,11,7,E01022098,3,1,0.0,1.0,-1,6,60,1,1,1,08:16,5,2,11
2023010458386,2023,010458386,4,2,2,2,13,3,3,0,0,1,0,0,9,4,E01001615,-1,0,0.0,1.0,-1,3,50,1,1,1,14:56,3,4,9
2023371291191,2023,371291191,2,1,2,1,15,3,3,0,0,1,0,0,9,3,E01029968,3,1,0.0,1.0,-1,1,30,1,1,1,13:28,3,2,9
2023041387342,2023,041387342,1,1,1,1,16,4,3,0,0,0,0,0,1,1,E01024953,3,1,0.0,1.0,-1,3,30,1,1,2,14:11,1,2,1
2023010435522,2023,010435522,1,1,1,1,40,7,3,0,0,0,0,0,3,3,E01002568,-1,0,0.0,1.0,-1,3,40,1,1,1,15:50,1,1,3
2023010478394,2023,010478394,1,1,1,1,31,6,3,0,0,0,0,0,3,3,E01000499,-1,0,0.0,1.0,-1,6,30,1,1,1,13:30,5,2,3
2023520400310,2023,520400310,2,2,1,1,31,6,3,0,0,0,0,0,19,10,E01029168,-1,0,0.01997,0.98003,-1,6,30,1,1,1,09:03,2,2,19
2023122300782,2023,122300782,1,2,2,2,80,11,2,0,0,1,0,0,9,5,E01025206,-1,0,1.0,0.0,-1,6,60,1,1,1,10:45,1,3,9
2023340WN9122,2023,340WN9122,2,1,1,2,60,9,1,0,0,0,0,0,19,7,E01027023,-1,0,0.0,0.0,-1,6,60,1,1,1,14:15,3,4,19
2023141381422,2023,141381422,2,4,2,1,2,1,3,0,0,2,0,0,9,-1,-1,3,1,0.0,1.0,-1,6,60,1,1,1,11:53,6,2,9
2023221352688,2023,221352688,1,1,1,2,28,6,3,0,0,0,0,0,9,8,E01032287,3,1,0.0,1.0,-1,6,30,1,1,1,07:02,7,1,9
2023302300323,2023,302300323,1,1,1,2,52,8,3,0,0,0,0,0,9,9,E01033168,-1,0,0.06505,0.93495,-1,6,30,8,4,1,18:30,3,2,9
2023052300371,2023,052300371,1,1,3,2,55,8,2,5,3,0,0,0,0,1,E01006463,-1,0,1.0,0.0,-1,6,30,1,1,2,08:10,5,1,9
2023411313744,2023,411313744,1,1,3,2,72,10,3,10,9,0,0,0,0,4,E01023534,3,1,0.0,1.0,-1,6,20,1,1,1,12:44,7,1,19
2023451365251,2023,451365251,1,1,1,2,37,7,3,0,0,0,0,0,1,6,E01030570,3,1,0.0,1.0,-1,6,30,8,4,1,07:00,4,2,1
2023061368038,2023,061368038,2,4,2,1,24,5,3,0,0,1,0,0,9,-1,-1,3,1,0.0,1.0,-1,3,30,2,4,2,03:50,7,2,9
2023201450728,2023,201450728,1,1,1,2,68,10,3,0,0,0,0,0,9,2,E01010564,3,1,0.0,1.0,-1,6,30,1,1,1,15:02,4,2,9
2023302300101,2023,302300101,2,1,1,2,45,7,3,0,0,0,0,0,9,7,E01013490,-1,0,0.01195,0.98805,-1,6,30,1,1,1,15:47,3,2,9
2023332301104,2023,332301104,2,1,1,1,50,8,3,0,0,0,0,0,9,8,E01025958,-1,0,0.02235,0.97765,-1,6,30,1,4,2,06:50,4,3,9
2023421319870,2023,421319870,2,5,1,1,20,4,3,0,0,0,0,0,9,5,E01022078,3,1,0.0,1.0,-1,6,40,1,4,1,23:03,7,2,9
2023543198023,2023,543198023,2,6,2,2,53,8,3,0,0,1,0,0,9,10,E01031966,-1,0,0.04063,0.95937,-1,6,30,1,1,1,15:40,7,2,9
2023010428071,2023,010428071,1,1,1,1,74,10,3,0,0,0,0,0,1,9,E01000349,-1,0,0.0,1.0,-1,6,30,1,1,1,13:10,1,2,1
2023440222630,2023,440222630,1,2,2,1,24,5,3,0,0,0,0,0,5,-1,-1,-1,0,0.20324,0.79676,-1,6,30,1,1,1,18:04,2,1,5
2023052302572,2023,052302572,1,1,3,1,23,5,2,1,1,0,0,0,0,7,E01018412,-1,0,1.0,0.0,-1,3,40,1,4,2,18:05,5,1,9
2023141359538,2023,141359538,1,1,3,2,57,9,3,9,5,0,0,0,0,5,E01007757,3,1,0.0,1.0,-1,6,60,1,1,1,17:30,2,1,9
2023201389344,2023,201389344,2,1,1,1,27,6,3,0,0,0,0,0,9,-1,-1,3,1,0.0,1.0,-1,3,70,1,4,1,17:00,6,3,9
2023421368800,2023,421368800,2,1,1,2,19,4,3,0,0,0,0,0,9,2,E01021270,3,1,0.0,1.0,-1,7,70,1,1,2,10:45,5,2,9
2023451313982,2023,451313982,2,2,1,1,52,8,3,0,0,0,0,0,9,9,E01030904,3,1,0.0,1.0,-1,6,40,1,1,1,19:20,5,2,9
2023501290547,2023,501290547,1,3,2,1,2,1,2,0,0,2,0,0,9,7,E01019942,5,1,1.0,0.0,-1,3,70,2,6,2,22:12,7,1,9
2023501294647,2023,501294647,2,1,1,1,27,6,3,0,0,0,0,0,9,5,E01018920,3,1,0.0,1.0,-1,6,60,1,1,1,07:50,5,2,9
202360A090380,2023,60A090380,2,1,1,2,34,6,2,0,0,0,0,0,9,-1,-1,-1,0,1.0,0.0,-1,6,30,1,1,1,14:45,7,2,9
2023201340181,2023,201340181,1,1,3,2,40,7,3,9,5,0,0,2,0,3,E01008986,3,1,0.0,1.0,-1,6,30,1,1,1,15:20,4,1,9
2023471329301,2023,471329301,1,1,3,1,9,2,3,8,2,0,0,0,0,2,E01016918,3,1,0.0,1.0,-1,6,20,1,1,1,07:47,6,1,9
2023170L10703,2023,170L10703,1,3,2,2,81,11,3,0,0,1,0,0,9,6,E01027676,-1,0,0.14078,0.85922,-1,6,50,1,1,1,10:40,7,2,9
2023520400429,2023,520400429,1,1,1,2,44,7,3,0,0,0,0,0,9,8,E01017215,-1,0,0.0374,0.9626,-1,6,60,1,1,1,09:01,6,2,9
2023131268529,2023,131268529,2,1,1,2,32,6,3,0,0,0,0,0,9,9,E01027792,3,1,0.0,1.0,-1,6,30,1,1,1,08:42,4,2,9
2023451324646,2023,451324646,1,1,1,1,51,8,3,0,0,0,0,0,9,10,E01030808,3,1,0.0,1.0,-1,6,40,1,1,1,17:20,1,2,9
2023201279073,2023,201279073,1,1,1,1,16,4,2,0,0,0,0,0,-1,-1,-1,5,1,1.0,0.0,-1,6,30,1,4,1,05:35,2,2,-1
2023440275270,2023,440275270,1,1,1,1,25,5,3,0,0,0,0,0,5,5,E01017084,-1,0,0.18512,0.81488,-1,6,30,1,1,1,12:42,1,1,5
2023010450360,2023,010450360,1,1,3,1,19,4,2,6,9,0,0,0,0,10,E01000283,-1,0,1.0,0.0,-1,6,30,1,1,1,19:50,3,1,9
2023131262700,2023,131262700,1,1,3,2,13,3,3,5,1,0,0,2,0,5,E01011782,3,1,0.0,1.0,-1,6,30,4,4,1,17:17,5,1,9
2023161387354,2023,161387354,1,1,3,1,55,8,3,5,1,0,0,2,0,3,E01012757,3,1,0.0,1.0,-1,6,30,1,1,1,14:28,3,1,9
2023061366549,2023,061366549,2,1,1,2,20,4,2,0,0,0,0,0,-1,-1,-1,7,1,1.0,0.0,-1,3,30,2,1,2,10:45,3,2,-1
2023471274611,2023,471274611,2,3,2,1,-1,-1,3,0,0,-1,0,0,9,-1,-1,3,1,0.0,1.0,-1,6,20,1,1,1,12:40,4,3,9
2023991259136,2023,991259136,1,1,2,2,39,7,3,0,0,1,0,0,9,-1,-1,3,1,0.0,1.0,-1,3,60,8,1,4,09:27,3,1,9
2023451322534,2023,451322534,1,1,2,1,21,5,2,0,0,0,0,0,19,10,E01016222,7,1,1.0,0.0,-1,7,50,1,1,1,16:50,1,2,19
2023010462239,2023,010462239,1,1,1,1,47,8,3,0,0,0,0,0,2,5,E01033734,-1,0,0.0,1.0,-1,6,30,2,1,2,16:32,5,2,2
2023361278011,2023,361278011,1,1,1,1,22,5,3,0,0,0,0,0,5,10,E01026521,3,1,0.0,1.0,-1,3,70,1,1,1,14:28,7,1,5
2023010465730,2023,010465730,2,1,1,1,55,8,2,0,0,0,0,0,3,3,E01002847,-1,0,1.0,0.0,-1,6,30,1,1,1,09:00,4,2,3
2023041358293,2023,041358293,1,1,3,1,66,10,3,5,1,0,0,0,0,6,E01025562,3,1,0.0,1.0,-1,6,50,1,1,1,09:50,4,1,9
2023201378592,2023,201378592,1,1,3,1,4,1,3,5,3,0,0,0,0,1,E01010046,3,1,0.0,1.0,-1,6,30,1,1,1,18:39,6,1,-1
2023440088946,2023,440088946,1,2,2,2,18,4,2,0,0,0,0,0,19,1,E01017118,-1,0,1.0,0.0,-1,6,40,1,4,1,19:05,7,3,19
2023131314438,2023,131314438,1,1,3,1,41,7,2,8,7,0,0,2,0,1,E01011673,7,1,1.0,0.0,-1,9,30,1,1,1,06:46,7,1,90
2023061321111,2023,061321111,1,1,1,1,16,4,2,0,0,0,0,0,1,7,E01005983,7,1,1.0,0.0,-1,6,30,1,1,1,08:15,2,2,1
202363D023123,2023,63D023123,3,2,1,1,47,8,2,0,0,0,0,0,5,5,W01001291,-1,0,1.0,0.0,-1,6,30,1,1,1,14:53,7,3,5
2023010446651,2023,010446651,2,2,1,1,26,6,3,0,0,0,0,0,9,2,E01032787,-1,0,0.0,1.0,-1,6,20,1,4,1,02:20,7,2,9
2023221369123,2023,221369123,2,1,1,1,59,9,3,0,0,0,0,0,9,4,E01028958,3,1,0.0,1.0,-1,6,30,2,1,2,09:44,1,2,9
2023231409876,2023,231409876,1,1,1,2,78,11,3,0,0,0,0,0,9,6,E01027030,3,1,0.0,1.0,-1,1,50,1,1,1,14:18,6,3,9
2023991389442,2023,991389442,1,1,2,1,69,10,3,0,0,0,4,0,11,-1,-1,3,1,0.0,1.0,-1,6,20,2,1,2,10:00,2,1,11
2023522300803,2023,522300803,1,1,3,1,18,4,3,9,7,0,0,0,0,-1,-1,-1,0,0.02561,0.97439,-1,6,20,1,1,1,17:05,7,1,9
2023010427666,2023,010427666,2,1,1,1,38,7,3,0,0,0,0,0,3,8,E01004143,-1,0,0.0,1.0,-1,6,30,1,1,1,09:31,6,2,3
2023010428977,2023,010428977,2,2,2,1,39,7,3,0,0,1,0,0,9,2,E01000049,-1,0,0.0,1.0,-1,3,30,1,1,1,14:10,4,2,9
2023010460296,2023,010460296,1,2,2,2,21,5,3,0,0,1,0,0,9,5,E01030750,-1,0,0.0,1.0,-1,6,30,1,1,1,19:45,7,1,9
2023101398332,2023,101398332,1,1,2,2,36,7,3,0,0,1,0,0,9,3,E01008240,3,1,0.0,1.0,-1,6,50,2,4,2,17:00,7,2,9
2023471383051,2023,471383051,1,1,1,1,59,9,3,0,0,0,0,0,9,2,E01021179,3,1,0.0,1.0,-1,6,60,1,6,2,16:50,5,2,9
2023161348853,2023,161348853,1,1,3,2,-1,-1,3,1,9,0,0,0,0,-1,-1,3,1,0.0,1.0,-1,6,30,9,1,1,17:27,4,1,11
2023010453528,2023,010453528,1,1,1,1,28,6,3,0,0,0,0,0,3,5,E01031585,-1,0,0.0,1.0,-1,9,30,1,1,1,17:25,4,2,3
2023201323468,2023,201323468,2,2,1,1,55,8,3,0,0,0,0,0,9,-1,-1,3,1,0.0,1.0,-1,3,30,1,1,1,18:28,3,2,9
2023440438138,2023,440438138,2,1,1,2,24,5,3,0,0,0,0,0,-1,7,E01017231,-1,0,0.12007,0.87993,-1,6,30,1,1,2,08:19,5,2,-1
2023101275316,2023,101275316,2,1,1,2,24,5,3,0,0,0,0,0,1,7,E01008424,3,1,0.0,1.0,-1,6,30,1,1,1,17:30,7,2,1
2023440046224,2023,440046224,2,1,1,2,72,10,3,0,0,0,0,0,1,9,E01022978,-1,0,0.19193,0.80807,-1,6,30,1,1,1,11:59,6,2,1
2023991316805,2023,991316805,2,1,1,1,50,8,1,0,0,0,0,0,1,8,-1,1,1,0.0,0.0,-1,6,60,1,1,1,10:50,6,2,1
2023010435719,2023,010435719,2,1,1,1,21,5,2,0,0,0,0,0,3,7,E01002198,-1,0,1.0,0.0,-1,6,20,1,1,1,17:30,2,2,3
2023141280523,2023,141280523,2,3,2,2,28,6,2,0,0,1,0,0,9,-1,-1,5,1,1.0,0.0,-1,6,40,1,4,1,21:35,7,2,9
2023501384456,2023,501384456,2,3,2,1,7,2,3,0,0,-1,0,0,9,2,E01015216,3,1,0.0,1.0,-1,6,30,1,1,1,16:00,6,3,9
202363A035223,2023,63A035223,1,1,1,1,56,9,2,0,0,0,0,0,3,-1,-1,-1,0,1.0,0.0,-1,1,40,1,1,1,16:45,1,1,3
2023052300590,2023,052300590,1,1,2,2,38,7,3,0,0,2,0,0,8,1,E01006647,-1,0,0.05216,0.94784,-1,6,30,1,1,2,12:20,7,2,8
2023041322917,2023,041322917,1,3,1,2,20,4,3,0,0,0,0,0,9,7,E01025347,3,1,0.0,1.0,-1,6,50,1,1,1,10:15,1,2,9
2023041357715,2023,041357715,2,1,1,2,29,6,3,0,0,0,0,0,9,4,E01012712,3,1,0.0,1.0,-1,6,30,1,1,1,13:35,6,2,9
2023141345650,2023,141345650,1,1,1,2,19,4,2,0,0,0,0,0,9,-1,-1,6,1,1.0,0.0,-1,6,30,1,4,1,22:37,6,4,9
2023201377067,2023,201377067,1,1,1,1,63,9,3,0,0,0,0,0,9,2,E01009754,3,1,0.0,1.0,-1,6,30,1,1,1,14:54,6,2,9
2023430078592,2023,430078592,2,1,1,1,58,9,3,0,0,0,0,0,9,10,E01028758,-1,0,0.13989,0.86011,-1,6,50,1,1,1,14:14,2,2,9
2023991290248,2023,991290248,2,1,1,1,71,10,3,0,0,0,0,0,9,8,-1,3,1,0.0,1.0,-1,3,70,2,1,2,12:41,6,17,9
2023010446764,2023,010446764,1,1,3,2,5,1,3,1,1,0,0,0,0,2,E01002561,-1,0,0.0,1.0,-1,1,30,1,1,1,17:00,6,1,9
2023161361256,2023,161361256,2,1,3,2,73,10,2,5,9,0,0,2,0,8,E01012791,6,1,1.0,0.0,-1,6,30,1,1,1,16:00,2,2,9
2023010425395,2023,010425395,2,1,1,1,-1,-1,3,0,0,0,0,0,1,-1,-1,-1,0,0.0,1.0,-1,9,30,9,4,9,22:20,7,2,1
2023547911523,2023,547911523,1,1,1,1,31,6,3,0,0,0,0,0,3,1,E01015546,-1,0,0.11877,0.88123,-1,6,30,1,1,1,16:53,5,1,3
2023311330928,2023,311330928,2,1,2,2,58,9,3,0,0,0,0,0,5,2,E01013281,3,1,0.0,1.0,-1,1,60,1,1,1,17:15,1,2,5
202354C093723,2023,54C093723,2,1,1,1,33,6,3,0,0,0,0,0,5,1,E01015538,-1,0,0.04805,0.95195,-1,1,50,2,4,2,19:40,3,2,5
2023041346131,2023,041346131,1,1,2,2,37,7,3,0,0,1,0,0,9,5,E01024989,3,1,0.0,1.0,-1,6,30,1,1,1,08:24,2,2,9
2023201383538,2023,201383538,3,2,2,2,21,5,3,0,0,1,0,0,9,1,E01009131,3,1,0.0,1.0,-1,6,30,1,1,1,18:50,1,3,9
2023421322407,2023,421322407,1,1,1,2,59,9,3,0,0,0,0,0,9,10,E01021570,3,1,0.0,1.0,-1,6,30,1,6,1,23:30,3,1,9
2023430110586,2023,430110586,1,1,1,1,43,7,3,0,0,0,0,0,8,4,E01028529,-1,0,0.1286,0.8714,-1,6,60,1,4,1,05:06,1,1,8
2023010482198,2023,010482198,2,1,1,2,53,8,3,0,0,0,0,0,9,10,E01023591,-1,0,0.0,1.0,-1,6,40,9,1,2,14:30,3,4,9
2023451374555,2023,451374555,1,2,2,2,25,5,3,0,0,1,0,0,9,-1,-1,3,1,0.0,1.0,-1,3,30,1,1,2,14:20,3,2,9
2023101312411,2023,101312411,2,1,1,2,33,6,3,0,0,0,0,0,9,1,E01008340,3,1,0.0,1.0,-1,3,40,1,1,1,17:10,6,2,9
2023201404853,2023,201404853,1,1,1,1,66,10,3,0,0,0,0,0,9,9,E01009433,3,1,0.0,1.0,-1,6,30,2,4,2,16:44,5,2,9
2023221373490,2023,221373490,1,1,1,1,19,4,3,0,0,0,0,0,9,10,E01033062,3,1,0.0,1.0,-1,6,30,1,6,2,23:07,7,3,9