collision_index,collision_year,collision_ref_no,vehicle_reference,casualty_reference,casualty_class,sex_of_casualty,age_of_casualty,age_band_of_casualty,casualty_severity,pedestrian_location,pedestrian_movement,car_passenger,bus_or_coach_passenger,pedestrian_road_maintenance_worker,casualty_type,casualty_imd_decile,lsoa_of_casualty,enhanced_casualty_severity,casualty_injury_based,casualty_adjusted_severity_serious,casualty_adjusted_severity_slight,casualty_distance_banding,road_type,speed_limit,weather_conditions,light_conditions,road_surface_conditions,time,day_of_week,number_of_vehicles,vehicle_type
2023332300933,2023,332300933,1,1,2,2,14,3,3,0,0,2,0,0,8,8,E01025672,-1,0,0.01138,0.98862,-1,6,60,1,1,1,15:42,3,4,8
2023471373087,2023,471373087,2,1,1,2,83,11,3,0,0,0,0,0,9,9,E01031693,3,1,0.0,1.0,-1,6,30,1,1,1,16:15,5,2,9
2023991389889,2023,991389889,1,2,1,1,65,9,2,0,0,0,0,0,9,7,-1,7,1,1.0,0.0,-1,3,50,1,6,2,17:55,2,2,9
2023991365543,2023,991365543,1,1,3,1,70,10,3,6,9,0,0,0,0,3,-1,3,1,0.0,1.0,-1,6,30,1,6,2,00:15,1,1,9
2023332301181,2023,332301181,1,1,1,1,56,9,3,0,0,0,0,0,9,1,E01013640,-1,0,0.00425,0.99575,-1,7,70,1,4,1,23:30,7,2,9
2023052302963,2023,052302963,1,1,1,1,19,4,3,0,0,0,0,0,23,1,E01006445,-1,0,0.15726,0.84274,-1,6,30,1,1,2,08:15,3,2,23
2023411345078,2023,411345078,2,1,1,1,70,10,2,0,0,0,0,0,1,9,E01023706,6,1,1.0,0.0,-1,1,30,1,1,1,16:31,3,2,1
2023010447629,2023,010447629,1,1,1,1,54,8,3,0,0,0,0,0,8,3,E01000610,-1,0,0.0,1.0,-1,6,20,1,5,1,22:05,4,2,8
2023351370178,2023,351370178,1,1,3,2,8,2,2,5,3,0,0,0,0,1,E01015639,7,1,1.0,0.0,-1,6,30,8,4,2,18:41,7,1,9
2023471289914,2023,471289914,1,1,3,1,48,8,3,8,5,0,0,0,0,2,E01024246,3,1,0.0,1.0,-1,6,30,1,7,1,00:05,5,1,9
2023041326735,2023,041326735,2,1,1,1,32,6,2,0,0,0,0,0,1,2,E01025157,7,1,1.0,0.0,-1,6,30,1,1,1,09:30,4,2,1
2023010451031,2023,010451031,1,1,1,1,24,5,3,0,0,0,0,0,3,2,E01004584,-1,0,0.0,1.0,-1,6,30,1,1,1,19:30,6,2,3
2023010433282,2023,010433282,1,4,2,2,-1,-1,3,0,0,2,0,0,9,3,E01004630,-1,0,0.0,1.0,-1,6,30,8,1,1,14:02,1,2,9
2023122300159,2023,122300159,2,1,1,1,77,11,3,0,0,0,0,0,9,6,E01027814,-1,0,0.15402,0.84598,-1,6,60,1,1,1,09:30,5,3,9
2023061318437,2023,061318437,1,3,2,2,84,11,3,0,0,1,0,0,9,10,E01005815,3,1,0.0,1.0,-1,7,30,1,1,1,18:32,6,2,9
2023302300126,2023,302300126,1,1,1,1,39,7,3,0,0,0,0,0,9,1,E01033269,-1,0,0.07545,0.92455,-1,3,70,1,6,4,20:30,7,1,9
2023991393561,2023,991393561,1,1,1,1,84,11,2,0,0,0,0,0,9,7,-1,6,1,1.0,0.0,-1,6,50,2,6,4,16:28,7,2,9
2023070614971,2023,070614971,2,1,1,2,31,6,3,0,0,0,0,0,9,8,E01012472,-1,0,0.0129,0.9871,-1,6,30,1,4,1,21:55,7,2,9
2023111370958,2023,111370958,1,2,1,1,26,6,3,0,0,0,0,0,9,3,E01008851,3,1,0.0,1.0,-1,6,30,1,4,1,17:46,1,3,9
2023522300690,2023,522300690,1,1,1,2,28,6,2,0,0,0,0,0,9,7,E01014893,-1,0,1.0,0.0,-1,6,20,1,4,1,20:40,2,2,9
202363C038123,2023,63C038123,1,1,1,2,35,6,3,0,0,0,0,0,9,-1,-1,-1,0,0.07855,0.92145,-1,6,30,1,1,1,18:39,5,3,9
2023991346208,2023,991346208,2,2,2,2,41,7,2,0,0,1,0,0,9,3,-1,7,1,1.0,0.0,-1,7,50,1,1,1,12:25,6,2,9
2023010444472,2023,010444472,1,1,1,1,48,8,2,0,0,0,0,0,1,8,E01003668,-1,0,1.0,0.0,-1,6,30,1,1,1,16:00,2,1,1
2023010479076,2023,010479076,2,1,1,2,55,8,3,0,0,0,0,0,1,3,E01003201,-1,0,0.0,1.0,-1,6,30,1,1,2,07:53,2,2,1
2023440505109,2023,440505109,1,1,1,1,36,7,3,0,0,0,0,0,19,9,E01022586,-1,0,0.08136,0.91864,-1,3,70,1,1,1,11:49,2,3,19
2023010458881,2023,010458881,1,1,2,2,-1,-1,2,0,0,9,0,0,9,7,E01001600,-1,0,1.0,0.0,-1,9,30,9,1,9,11:30,6,2,9
2023041316889,2023,041316889,2,2,1,1,42,7,2,0,0,0,0,0,9,10,E01025408,7,1,1.0,0.0,-1,1,50,1,1,1,16:00,5,3,9
2023552300765,2023,552300765,1,2,1,1,78,11,3,0,0,0,0,0,9,6,E01020433,-1,0,0.11707,0.88293,-1,6,60,1,1,1,12:47,5,2,9
2023522301323,2023,522301323,1,1,1,1,23,5,3,0,0,0,0,0,1,2,E01014659,-1,0,0.05933,0.94067,-1,6,20,1,4,1,23:00,6,2,1
2023141309813,2023,141309813,1,1,2,2,21,5,3,0,0,1,0,0,9,9,E01007926,3,1,0.0,1.0,-1,6,30,1,1,1,20:00,1,3,9
2023552300749,2023,552300749,2,1,2,1,85,11,3,0,0,1,0,0,9,9,E01020417,-1,0,0.10269,0.89731,-1,6,60,1,1,1,13:35,3,2,9
2023010425027,2023,010425027,1,1,2,2,41,7,2,0,0,0,3,0,11,9,E01002483,-1,0,1.0,0.0,-1,6,20,1,4,1,15:58,5,1,11
2023141265419,2023,141265419,1,1,1,1,23,5,2,0,0,0,0,0,9,8,E01007678,7,1,1.0,0.0,-1,6,30,1,1,4,09:13,5,3,9
2023421378246,2023,421378246,2,1,1,1,69,10,3,0,0,0,0,0,1,9,E01021947,3,1,0.0,1.0,-1,6,30,1,1,1,15:07,5,2,1
2023010479950,2023,010479950,1,1,3,1,58,9,3,6,9,0,0,0,0,-1,-1,-1,0,0.0,1.0,-1,6,20,1,1,1,14:02,5,1,9
2023041302363,2023,041302363,1,1,3,1,76,11,2,8,8,0,0,0,0,1,E01025423,5,1,1.0,0.0,-1,6,30,8,1,1,17:46,5,1,9
2023211391973,2023,211391973,1,1,3,2,18,4,3,5,1,0,0,0,0,9,E01029677,3,1,0.0,1.0,-1,6,30,1,1,1,09:05,2,1,9
2023361375321,2023,361375321,1,1,3,2,3,1,3,6,9,0,0,0,0,6,E01026872,3,1,0.0,1.0,-1,6,30,1,6,1,16:50,4,1,9
2023061369752,2023,061369752,1,1,3,2,55,8,3,10,9,0,0,-1,0,8,E01006130,3,1,0.0,1.0,-1,6,30,1,1,-1,16:10,4,1,11
2023010431060,2023,010431060,1,1,1,-1,27,6,3,0,0,0,0,0,1,6,E01031673,-1,0,0.0,1.0,-1,6,20,1,1,1,17:20,3,2,1
2023010469768,2023,010469768,2,1,1,2,28,6,3,0,0,0,0,0,1,5,E01000589,-1,0,0.0,1.0,-1,6,30,1,1,1,17:45,3,2,1
2023010468966,2023,010468966,2,1,1,2,24,5,2,0,0,0,0,0,4,2,E01002217,-1,0,1.0,0.0,-1,1,30,1,1,1,08:25,6,2,4
2023131358050,2023,131358050,1,3,2,1,55,8,3,0,0,1,0,0,9,1,E01011747,3,1,0.0,1.0,-1,6,30,2,1,2,15:26,7,2,9
2023010449154,2023,010449154,1,1,3,1,20,4,3,1,1,0,0,0,0,1,E01002732,-1,0,0.0,1.0,-1,6,20,1,1,1,08:55,5,1,19
2023302300422,2023,302300422,1,1,3,2,66,10,2,6,9,0,0,0,0,6,E01013495,-1,0,1.0,0.0,-1,6,30,1,4,1,18:30,7,1,9
2023010470566,2023,010470566,2,1,1,1,29,6,2,0,0,0,0,0,4,2,E01000550,-1,0,1.0,0.0,-1,3,20,1,1,1,10:54,7,2,4
2023010457285,2023,010457285,2,1,1,2,68,10,3,0,0,0,0,0,9,4,E01000543,-1,0,0.0,1.0,-1,6,20,8,6,2,20:50,2,2,9
2023411337069,2023,411337069,1,2,2,2,85,11,1,0,0,1,0,0,9,10,E01023524,1,1,0.0,0.0,-1,6,40,2,1,2,11:30,2,1,9
2023471318195,2023,471318195,2,4,2,1,22,5,3,0,0,1,0,0,9,4,E01031788,3,1,0.0,1.0,-1,6,30,1,1,1,12:20,3,2,9
2023131392234,2023,131392234,1,1,3,2,14,3,3,5,1,0,0,1,0,1,E01011491,3,1,0.0,1.0,-1,6,30,1,1,1,09:12,4,1,9
2023010481789,2023,010481789,1,1,1,1,26,6,3,0,0,0,0,0,3,3,E01000044,-1,0,0.0,1.0,-1,6,30,2,4,2,21:50,1,2,3
2023052300019,2023,052300019,2,2,1,1,64,9,2,0,0,0,0,0,9,1,E01006463,-1,0,1.0,0.0,-1,6,40,1,1,2,09:55,1,2,9
2023101300526,2023,101300526,1,1,3,2,12,3,3,5,1,0,0,0,0,7,E01008179,3,1,0.0,1.0,-1,6,20,1,1,1,08:32,2,1,9
2023351263940,2023,351263940,2,2,1,1,58,9,3,0,0,0,0,0,9,8,E01018286,3,1,0.0,1.0,-1,6,30,1,4,2,22:15,3,2,9
2023520301329,2023,520301329,1,1,1,1,36,7,3,0,0,0,0,0,9,5,E01019886,-1,0,0.02564,0.97436,-1,6,30,2,1,2,18:34,3,2,9
2023010462906,2023,010462906,1,1,2,1,23,5,3,0,0,0,0,0,19,8,E01030384,-1,0,0.0,1.0,-1,3,50,1,1,1,08:45,3,2,19
2023451294577,2023,451294577,1,1,3,1,56,9,3,6,9,0,0,0,0,3,E01030547,3,1,0.0,1.0,-1,6,30,2,1,2,14:45,5,1,9
2023461389526,2023,461389526,2,1,2,1,76,11,3,0,0,1,0,0,9,8,E01024106,3,1,0.0,1.0,-1,6,30,1,1,2,13:11,7,2,9
2023052301569,2023,052301569,2,1,1,1,27,6,3,0,0,0,0,0,9,3,E01005554,-1,0,0.02504,0.97496,-1,3,30,2,1,2,17:41,6,2,9
2023440220286,2023,440220286,2,4,2,1,33,6,3,0,0,2,0,0,9,6,E01006125,-1,0,0.12333,0.87667,-1,6,40,1,6,1,00:23,1,3,9
2023010425620,2023,010425620,1,1,1,1,35,6,3,0,0,0,0,0,1,5,E01004616,-1,0,0.0,1.0,-1,6,20,1,1,1,11:00,1,2,1
2023141280591,2023,141280591,1,1,1,2,61,9,2,0,0,0,0,0,1,8,E01007868,7,1,1.0,0.0,-1,6,30,1,1,1,12:50,5,2,1
2023471351734,2023,471351734,2,1,1,1,28,6,2,0,0,0,0,0,3,3,E01016954,7,1,1.0,0.0,-1,6,20,1,4,1,21:15,7,2,3
2023010462603,2023,010462603,1,1,1,1,33,6,3,0,0,0,0,0,23,1,E01000939,-1,0,0.0,1.0,-1,6,30,1,4,2,22:31,7,2,23
2023401337245,2023,401337245,3,2,2,2,41,7,3,0,0,1,0,0,9,8,E01000967,3,1,0.0,1.0,-1,3,70,2,1,2,16:39,6,3,9
2023471327365,2023,471327365,1,1,1,1,28,6,2,0,0,0,0,0,9,7,E01031766,6,1,1.0,0.0,-1,6,30,1,1,1,20:28,6,1,9
2023440103917,2023,440103917,1,1,3,2,4,1,3,6,9,0,0,0,0,-1,-1,-1,0,0.0723,0.9277,-1,6,30,1,1,1,11:35,4,1,19
2023471327256,2023,471327256,1,1,3,2,56,9,3,10,7,0,0,2,0,3,E01020937,3,1,0.0,1.0,-1,6,30,1,1,1,18:00,6,1,9
2023010425971,2023,010425971,1,1,1,1,41,7,3,0,0,0,0,0,3,7,E01003003,-1,0,0.0,1.0,-1,6,20,1,4,1,23:46,3,1,3
2023010446663,2023,010446663,2,1,1,2,42,7,3,0,0,0,0,0,9,1,E01004256,-1,0,0.0,1.0,-1,6,30,1,7,1,22:05,6,2,9
2023991304464,2023,991304464,1,1,1,2,63,9,2,0,0,0,0,0,9,6,-1,7,1,1.0,0.0,-1,6,60,1,1,1,09:50,2,3,9
2023501399015,2023,501399015,2,1,1,1,42,7,3,0,0,0,0,0,19,1,E01020015,3,1,0.0,1.0,-1,2,30,1,1,1,16:00,3,2,19
2023421360276,2023,421360276,1,1,3,2,87,11,2,5,1,0,0,0,0,-1,-1,7,1,1.0,0.0,-1,6,30,1,1,1,14:42,4,1,19
2023440259363,2023,440259363,1,1,1,2,18,4,3,0,0,0,0,0,9,8,E01022918,-1,0,0.05688,0.94312,-1,6,30,1,1,1,08:40,5,2,9
2023501355026,2023,501355026,1,2,2,2,14,3,3,0,0,1,0,0,9,4,E01018948,3,1,0.0,1.0,-1,6,60,2,1,2,12:18,4,1,9
2023311277871,2023,311277871,1,1,3,1,22,5,3,10,9,0,0,0,0,-1,-1,3,1,0.0,1.0,-1,6,20,1,1,1,12:21,7,1,19
2023361350601,2023,361350601,1,4,1,1,18,4,3,0,0,0,0,0,9,2,E01026711,3,1,0.0,1.0,-1,3,60,1,1,1,18:15,6,3,9
2023440013058,2023,440013058,1,1,1,2,61,9,3,0,0,0,0,0,9,6,E01017355,-1,0,0.02867,0.97133,-1,3,70,1,1,2,08:09,7,2,9
2023010431845,2023,010431845,1,1,3,1,67,10,2,5,1,0,0,0,0,2,E01002046,-1,0,1.0,0.0,-1,6,30,2,5,2,22:13,1,1,9
2023010423118,2023,010423118,1,1,1,2,26,6,3,0,0,0,0,0,9,5,E01002447,-1,0,0.0,1.0,-1,9,30,8,1,1,18:18,7,2,9
2023231389799,2023,231389799,1,3,2,1,42,7,3,0,0,1,0,0,9,6,E01017138,3,1,0.0,1.0,-1,6,50,1,6,1,18:39,7,2,9
2023440111620,2023,440111620,1,4,2,1,17,4,3,0,0,1,0,0,9,8,E01017056,-1,0,0.11522,0.88478,-1,6,60,2,1,2,15:53,2,1,9
2023522300398,2023,522300398,3,2,1,2,32,6,3,0,0,0,0,0,9,8,E01014896,-1,0,0.0165,0.9835,-1,6,30,1,1,2,11:03,4,3,9
202360A007435,2023,60A007435,1,1,1,1,60,9,3,0,0,0,0,0,9,-1,-1,-1,0,0.10074,0.89926,-1,6,40,6,6,3,19:00,2,2,9
2023201301402,2023,201301402,1,1,3,2,19,4,2,1,3,0,0,2,0,7,E01033631,7,1,1.0,0.0,-1,6,30,1,1,1,09:00,2,1,9
2023221388567,2023,221388567,2,1,1,1,65,9,3,0,0,0,0,0,4,3,E01032437,3,1,0.0,1.0,-1,1,30,1,1,1,11:45,5,2,4
2023131260766,2023,131260766,1,1,2,2,52,8,2,0,0,2,0,0,9,1,E01011725,7,1,1.0,0.0,-1,7,70,1,4,1,18:02,7,2,9
2023461377612,2023,461377612,1,1,1,1,20,4,2,0,0,0,0,0,9,4,E01024204,7,1,1.0,0.0,-1,6,30,1,4,1,20:45,6,1,9
2023421286277,2023,421286277,3,1,1,1,49,8,3,0,0,0,0,0,21,8,E01021734,3,1,0.0,1.0,-1,6,30,4,1,1,14:10,2,3,21
2023170S12123,2023,170S12123,2,1,1,1,36,7,2,0,0,0,0,0,1,2,E01012288,-1,0,1.0,0.0,-1,3,40,1,4,1,23:19,4,2,1
2023311384047,2023,311384047,2,1,1,1,15,3,3,0,0,0,0,0,1,8,E01027973,3,1,0.0,1.0,-1,6,30,2,4,2,16:23,5,2,1
2023131291088,2023,131291088,2,1,1,1,19,4,3,0,0,0,0,0,3,1,E01011739,3,1,0.0,1.0,-1,6,30,1,1,1,17:22,2,2,3
2023010429152,2023,010429152,1,1,1,2,42,7,3,0,0,0,0,0,9,6,E01001570,-1,0,0.0,1.0,-1,6,40,2,1,1,13:39,7,2,9
2023010445506,2023,010445506,2,1,1,2,53,8,3,0,0,0,0,0,9,2,E01001713,-1,0,0.0,1.0,-1,2,20,1,1,1,15:55,7,6,9
2023440081953,2023,440081953,1,1,1,2,40,7,3,0,0,0,0,0,9,4,E01017341,-1,0,0.00754,0.99246,-1,6,30,1,1,1,09:45,3,2,9
2023101351398,2023,101351398,2,2,1,1,37,7,2,0,0,0,0,0,90,5,E01027453,5,1,1.0,0.0,-1,3,70,1,6,1,05:11,7,2,90
2023041299702,2023,041299702,1,1,3,1,23,5,3,6,9,0,0,0,0,1,E01012637,3,1,0.0,1.0,-1,6,30,8,1,1,17:10,3,1,97
2023501395703,2023,501395703,3,1,1,1,18,4,3,0,0,0,0,0,9,4,E01018846,3,1,0.0,1.0,-1,3,70,9,4,1,00:30,3,3,9
2023520301415,2023,520301415,1,1,1,1,32,6,3,0,0,0,0,0,9,8,E01030734,-1,0,0.08292,0.91708,-1,6,60,1,1,1,17:27,6,3,9
2023010457017,2023,010457017,1,1,1,2,27,6,3,0,0,0,0,0,1,3,E01003215,-1,0,0.0,1.0,-1,3,20,1,1,1,11:05,6,2,1
2023010433970,2023,010433970,1,1,1,1,32,6,3,0,0,0,0,0,3,3,E01033464,-1,0,0.0,1.0,-1,6,20,1,1,1,14:30,5,2,3
2023440503239,2023,440503239,1,1,1,1,30,6,3,0,0,0,0,0,9,10,E01023279,-1,0,0.12089,0.87911,-1,6,60,4,6,2,17:44,7,1,9
2023461267125,2023,461267125,2,1,1,2,33,6,3,0,0,0,0,0,9,10,E01024320,3,1,0.0,1.0,-1,1,40,1,1,1,08:43,5,2,9
2023440370603,2023,440370603,1,1,3,2,16,4,2,1,1,0,0,0,0,3,E01017335,-1,0,1.0,0.0,-1,6,30,1,1,1,16:28,2,1,9
2023501362985,2023,501362985,1,1,3,1,52,8,3,1,3,0,0,0,0,7,-1,3,1,0.0,1.0,-1,3,30,1,1,1,11:48,7,1,9
2023430497932,2023,430497932,2,1,1,1,42,7,3,0,0,0,0,0,1,-1,-1,-1,0,0.12681,0.87319,-1,6,40,2,5,2,17:14,1,2,1
2023010471754,2023,010471754,1,1,1,1,32,6,3,0,0,0,0,0,3,2,E01033581,-1,0,0.0,1.0,-1,9,20,9,1,9,13:40,6,2,3
2023131387452,2023,131387452,1,1,1,1,26,6,3,0,0,0,0,0,9,-1,-1,3,1,0.0,1.0,-1,6,60,1,6,2,21:40,3,1,9
2023320594743,2023,320594743,1,1,2,2,78,11,3,0,0,2,0,0,9,4,E01026102,-1,0,0.19289,0.80711,-1,6,60,1,1,1,18:45,1,1,9
2023451344374,2023,451344374,2,2,1,2,32,6,3,0,0,0,0,0,9,5,E01004343,3,1,0.0,1.0,-1,3,70,1,1,1,16:20,2,2,9
2023052302767,2023,052302767,3,5,1,1,49,8,3,0,0,0,0,0,19,1,E01006647,-1,0,0.02569,0.97431,-1,3,40,1,1,2,11:50,6,3,19
2023221351516,2023,221351516,1,1,3,2,49,8,3,6,9,0,0,0,0,6,E01032166,3,1,0.0,1.0,-1,6,40,1,6,1,20:00,7,1,9
2023351358515,2023,351358515,1,1,3,1,6,2,3,1,3,0,0,0,0,6,E01018151,3,1,0.0,1.0,-1,6,30,4,1,1,16:34,7,1,9
2023010464727,2023,010464727,2,1,1,1,28,6,3,0,0,0,0,0,1,4,E01004375,-1,0,0.0,1.0,-1,6,20,1,1,1,07:17,6,2,1
2023461310320,2023,461310320,2,1,1,1,33,6,3,0,0,0,0,0,3,7,E01024157,3,1,0.0,1.0,-1,7,70,1,1,1,17:20,5,2,3
2023211349094,2023,211349094,1,1,1,1,78,11,1,0,0,0,0,0,5,-1,-1,1,1,0.0,0.0,-1,6,50,1,1,1,08:23,2,2,5
2023302301746,2023,302301746,1,1,1,1,21,5,3,0,0,0,0,0,9,2,E01013565,-1,0,0.13362,0.86638,-1,6,40,1,4,1,01:45,3,1,9
2023461262642,2023,461262642,1,1,1,2,33,6,3,0,0,0,0,0,9,5,E01030076,3,1,0.0,1.0,-1,6,40,1,4,2,17:25,6,2,9
2023101279441,2023,101279441,2,1,1,1,32,6,3,0,0,0,0,0,1,1,E01008545,3,1,0.0,1.0,-1,6,30,2,1,2,13:54,4,2,1
2023543345323,2023,543345323,2,1,1,2,33,6,3,0,0,0,0,0,1,7,E01032116,-1,0,0.05679,0.94321,-1,1,30,2,1,2,14:33,4,2,1
2023131319890,2023,131319890,1,1,1,1,64,9,2,0,0,0,0,0,9,1,E01010831,7,1,1.0,0.0,-1,6,30,1,4,1,00:39,1,2,9
2023041375965,2023,041375965,1,1,3,1,86,11,2,5,1,0,0,0,0,9,E01025346,7,1,1.0,0.0,-1,6,30,1,4,1,18:22,6,1,9
2023201456195,2023,201456195,2,1,1,1,31,6,3,0,0,0,0,0,2,3,E01008924,3,1,0.0,1.0,-1,3,40,1,1,2,08:58,5,2,2
2023131344668,2023,131344668,2,2,2,2,56,9,3,0,0,1,0,0,9,-1,-1,3,1,0.0,1.0,-1,6,30,1,1,1,08:20,4,2,9
2023411267381,2023,411267381,2,1,2,2,28,6,3,0,0,1,0,0,9,3,E01023876,3,1,0.0,1.0,-1,6,30,1,1,1,13:05,7,2,9
2023991307546,2023,991307546,1,1,1,1,22,5,3,0,0,0,0,0,9,8,-1,3,1,0.0,1.0,-1,6,60,2,1,2,13:45,1,1,9
2023471287262,2023,471287262,1,1,1,1,31,6,3,0,0,0,0,0,19,8,E01021086,3,1,0.0,1.0,-1,6,60,2,6,2,22:25,4,1,19
2023430452014,2023,430452014,1,1,1,1,72,10,2,0,0,0,0,0,5,9,E01030346,-1,0,1.0,0.0,-1,6,60,1,1,1,12:50,2,2,5
2023332300964,2023,332300964,1,1,1,2,38,7,3,0,0,0,0,0,9,9,E01013514,-1,0,0.00174,0.99826,-1,7,60,2,1,2,17:45,6,2,9
2023430146870,2023,430146870,1,1,1,2,31,6,3,0,0,0,0,0,9,7,E01016613,-1,0,0.01305,0.98695,-1,3,70,1,1,1,14:45,2,2,9
2023552301261,2023,552301261,2,2,2,2,14,3,3,0,0,1,0,0,9,6,E01015440,-1,0,0.02712,0.97288,-1,6,30,2,4,2,20:49,5,2,9
2023141361196,2023,141361196,2,1,1,1,18,4,3,0,0,0,0,0,1,-1,-1,3,1,0.0,1.0,-1,6,30,1,1,1,17:35,2,2,1
2023010464394,2023,010464394,1,1,1,1,37,7,3,0,0,0,0,0,3,4,E01002607,-1,0,0.0,1.0,-1,9,30,9,1,9,09:30,4,2,3
2023131368472,2023,131368472,2,1,1,1,58,9,2,0,0,0,0,0,3,2,E01011815,7,1,1.0,0.0,-1,6,30,2,1,2,10:18,2,2,3
2023010421467,2023,010421467,1,1,1,1,25,5,2,0,0,0,0,0,9,4,E01000485,-1,0,1.0,0.0,-1,6,30,1,4,2,05:50,1,1,9
2023131354924,2023,131354924,2,1,1,2,22,5,3,0,0,0,0,0,9,6,E01011551,3,1,0.0,1.0,-1,6,60,1,1,2,17:20,4,2,9
2023201314223,2023,201314223,2,1,1,1,31,6,3,0,0,0,0,0,9,5,E01009825,3,1,0.0,1.0,-1,6,30,1,1,1,18:30,7,2,9
2023421332381,2023,421332381,2,2,1,1,49,8,3,0,0,0,0,0,9,8,E01027356,3,1,0.0,1.0,-1,3,70,1,1,2,08:21,1,3,9
2023991351668,2023,991351668,2,1,1,2,46,8,3,0,0,0,0,0,9,7,-1,3,1,0.0,1.0,-1,3,50,1,1,1,16:15,4,2,9
2023061363515,2023,061363515,1,6,3,1,20,4,3,6,9,0,0,0,0,-1,-1,3,1,0.0,1.0,-1,6,30,1,5,1,13:12,2,1,11
2023131388358,2023,131388358,1,1,3,2,8,2,2,1,4,0,0,2,0,1,E01011134,7,1,1.0,0.0,-1,6,30,1,1,2,15:42,5,1,9
2023501289671,2023,501289671,1,1,3,1,54,8,3,1,9,0,0,-1,0,1,E01015083,3,1,0.0,1.0,-1,6,30,2,7,2,19:57,4,1,9
2023052302899,2023,052302899,3,2,1,1,31,6,3,0,0,0,0,0,9,8,E01025519,-1,0,0.03439,0.96561,-1,6,30,2,4,2,17:55,2,3,9
2023201281641,2023,201281641,1,1,1,1,70,10,3,0,0,0,0,0,9,1,E01009274,3,1,0.0,1.0,-1,6,30,1,1,1,15:47,7,2,9
2023302301681,2023,302301681,2,2,1,2,36,7,2,0,0,0,0,0,9,-1,-1,-1,0,1.0,0.0,-1,6,40,2,4,2,17:35,7,2,9
2023101334664,2023,101334664,2,1,1,2,18,4,3,0,0,0,0,0,9,5,E01009293,3,1,0.0,1.0,-1,6,30,1,1,1,18:00,4,2,9
2023361313783,2023,361313783,2,2,2,2,79,11,2,0,0,1,0,0,9,5,E01026720,7,1,1.0,0.0,-1,3,70,1,1,1,10:24,5,2,9
2023991288788,2023,991288788,1,1,2,2,18,4,3,0,0,1,0,0,9,9,-1,3,1,0.0,1.0,-1,6,40,1,4,2,19:37,2,2,9
2023010452914,2023,010452914,1,1,3,1,39,7,3,6,9,0,0,0,0,4,E01033572,-1,0,0.0,1.0,-1,6,30,8,1,1,12:26,2,1,9
2023351303887,2023,351303887,1,1,1,1,19,4,2,0,0,0,0,0,3,5,E01018138,6,1,1.0,0.0,-1,6,50,1,6,1,21:35,6,1,3
2023520400085,2023,520400085,1,1,1,1,70,10,3,0,0,0,0,0,9,8,E01029225,-1,0,0.01648,0.98352,-1,6,40,1,1,1,18:00,5,2,9
2023991347885,2023,991347885,1,1,1,2,86,11,2,0,0,0,0,0,9,7,-1,7,1,1.0,0.0,-1,6,30,1,1,1,09:00,7,1,9
2023430567898,2023,430567898,2,1,1,2,38,7,3,0,0,0,0,0,9,9,E01016814,-1,0,0.00707,0.99293,-1,6,30,1,7,1,17:10,3,2,9
2023461318889,2023,461318889,1,1,1,1,56,9,2,0,0,0,0,0,9,7,E01024435,6,1,1.0,0.0,-1,3,70,1,1,1,08:58,7,2,9
2023440340998,2023,440340998,2,3,1,2,21,5,3,0,0,0,0,0,9,9,E01022788,-1,0,0.03692,0.96308,-1,6,20,1,1,1,10:15,4,2,9
2023522300900,2023,522300900,2,1,1,2,62,9,3,0,0,0,0,0,9,10,E01032675,-1,0,0.01432,0.98568,-1,1,40,9,1,1,08:12,4,2,9
2023544996323,2023,544996323,1,1,1,1,49,8,3,0,0,0,0,0,9,8,E01015484,-1,0,0.08362,0.91638,-1,6,50,1,1,1,19:55,6,3,9
2023010434172,2023,010434172,2,2,1,1,33,6,3,0,0,0,0,0,3,4,E01004419,-1,0,0.0,1.0,-1,1,30,1,1,1,15:29,7,2,3
2023010451583,2023,010451583,1,1,1,1,66,10,3,0,0,0,0,0,9,7,E01002579,-1,0,0.0,1.0,-1,6,20,1,1,1,08:10,2,2,9
2023161289897,2023,161289897,3,3,2,1,38,7,3,0,0,1,0,0,9,10,E01013116,3,1,0.0,1.0,-1,6,30,1,1,1,16:20,4,3,9
2023340WN1582,2023,340WN1582,2,1,1,2,26,6,3,0,0,0,0,0,9,2,E01027248,-1,0,0.03907,0.96093,-1,6,30,1,1,1,14:00,2,2,9
2023361309400,2023,361309400,2,2,1,1,75,10,3,0,0,0,0,0,9,6,E01026686,3,1,0.0,1.0,-1,6,60,1,1,1,20:54,6,2,9
2023010472478,2023,010472478,1,1,2,2,33,6,3,0,0,0,9,0,11,-1,-1,-1,0,0.0,1.0,-1,6,20,1,1,1,09:59,3,1,11
2023010423259,2023,010423259,1,1,1,2,49,8,3,0,0,0,0,0,9,7,E01002142,-1,0,0.0,1.0,-1,3,50,1,1,1,13:59,3,2,9
2023010429054,2023,010429054,1,2,2,-1,-1,-1,3,0,0,1,0,0,9,6,E01021629,-1,0,0.0,1.0,-1,3,70,1,1,1,11:05,7,2,9
2023440199521,2023,440199521,1,1,1,1,31,6,3,0,0,0,0,0,9,9,E01023170,-1,0,0.02746,0.97254,-1,6,40,1,1,1,17:09,7,2,9
2023531271154,2023,531271154,1,1,2,1,38,7,2,0,0,0,0,0,9,4,E01032342,5,1,1.0,0.0,-1,6,60,1,6,1,01:04,4,1,9