collision_index,collision_year,collision_ref_no,vehicle_reference,casualty_reference,casualty_class,sex_of_casualty,age_of_casualty,age_band_of_casualty,casualty_severity,pedestrian_location,pedestrian_movement,car_passenger,bus_or_coach_passenger,pedestrian_road_maintenance_worker,casualty_type,casualty_imd_decile,lsoa_of_casualty,enhanced_casualty_severity,casualty_injury_based,casualty_adjusted_severity_serious,casualty_adjusted_severity_slight,casualty_distance_banding,road_type,speed_limit,weather_conditions,light_conditions,road_surface_conditions,time,day_of_week,number_of_vehicles,vehicle_type
2023010483772,2023,010483772,1,1,3,-1,10,2,3,10,9,0,0,0,0,1,E01003347,-1,0,0.0,1.0,-1,6,20,2,1,2,15:35,4,1,9
2023421285178,2023,421285178,2,1,1,1,23,5,3,0,0,0,0,0,19,5,E01021387,3,1,0.0,1.0,-1,6,30,1,1,2,09:30,5,2,19
2023010484926,2023,010484926,1,1,1,1,35,6,3,0,0,0,0,0,3,4,E01000546,-1,0,0.0,1.0,-1,6,20,1,1,1,13:30,7,2,3
2023340WN1592,2023,340WN1592,1,1,1,1,40,7,3,0,0,0,0,0,9,8,E01016758,-1,0,0.05648,0.94352,-1,6,60,8,1,2,15:30,2,2,9
2023010420083,2023,010420083,1,1,3,2,83,11,2,10,9,0,0,0,0,4,E01002088,-1,0,1.0,0.0,-1,2,30,9,1,9,16:30,2,1,9
2023451350878,2023,451350878,2,1,1,1,60,9,3,0,0,0,0,0,2,9,E01030672,3,1,0.0,1.0,-1,6,30,1,1,1,13:50,7,2,2
2023122300387,2023,122300387,2,1,1,1,34,6,3,0,0,0,0,0,9,1,E01012092,-1,0,0.01127,0.98873,-1,6,30,1,1,1,16:47,3,3,9
2023221355429,2023,221355429,1,2,1,1,21,5,2,0,0,0,0,0,9,2,E01003729,7,1,1.0,0.0,-1,3,70,1,4,1,00:17,7,2,9
2023541450423,2023,541450423,2,1,2,2,3,1,3,0,0,2,0,0,9,8,E01031954,-1,0,0.00373,0.99627,-1,1,30,7,1,2,08:00,4,2,9
2023010442823,2023,010442823,1,1,3,1,6,2,3,8,3,0,0,0,0,4,E01016400,-1,0,0.0,1.0,-1,6,20,1,1,1,09:15,7,1,9
2023371316962,2023,371316962,1,1,3,1,15,3,3,8,1,0,0,0,0,6,E01029880,3,1,0.0,1.0,-1,6,40,8,1,1,17:15,6,1,9
2023010481464,2023,010481464,1,1,1,1,24,5,3,0,0,0,0,0,3,2,E01003037,-1,0,0.0,1.0,-1,6,20,1,4,4,04:30,7,2,3
2023010439127,2023,010439127,1,1,2,-1,-1,-1,3,0,0,2,0,0,9,10,E01002435,-1,0,0.0,1.0,-1,7,30,1,1,1,08:05,4,2,9
2023131371822,2023,131371822,2,1,1,2,28,6,3,0,0,0,0,0,9,5,E01010708,3,1,0.0,1.0,-1,6,30,1,1,2,14:38,3,8,9
2023991295398,2023,991295398,1,1,1,1,27,6,2,0,0,0,0,0,1,4,-1,5,1,1.0,0.0,-1,3,30,1,1,1,10:00,3,2,1
2023320409290,2023,320409290,1,5,1,1,66,10,2,0,0,0,0,0,9,5,E01026523,-1,0,1.0,0.0,-1,6,30,5,1,2,14:15,2,2,9
2023411374414,2023,411374414,2,1,2,1,13,3,3,0,0,1,0,0,9,6,E01023570,3,1,0.0,1.0,-1,3,70,1,1,1,16:45,6,2,9
2023041367585,2023,041367585,2,1,1,2,54,8,3,0,0,0,0,0,9,2,E01024857,3,1,0.0,1.0,-1,6,30,1,1,2,10:30,5,2,9
2023461317875,2023,461317875,2,3,2,2,-1,-1,3,0,0,1,0,0,9,5,E01009556,3,1,0.0,1.0,-1,3,70,1,1,1,16:24,7,2,9
2023531358141,2023,531358141,2,1,1,2,29,6,3,0,0,0,0,0,9,6,E01022225,3,1,0.0,1.0,-1,6,60,1,6,2,03:00,1,2,9
2023231369839,2023,231369839,1,1,1,2,28,6,3,0,0,0,0,0,19,8,E01025771,3,1,0.0,1.0,-1,3,70,1,4,1,19:57,2,2,19
2023010425808,2023,010425808,1,1,1,1,36,7,3,0,0,0,0,0,3,1,E01002026,-1,0,0.0,1.0,-1,9,20,1,1,1,16:15,2,2,3
2023201419896,2023,201419896,1,2,2,1,38,7,3,0,0,2,0,0,9,2,E01010047,3,1,0.0,1.0,-1,3,30,1,1,2,01:22,2,1,9
2023461305182,2023,461305182,2,1,2,2,33,6,3,0,0,1,0,0,9,5,E01024122,3,1,0.0,1.0,-1,6,60,1,1,1,18:55,3,2,9
2023052301077,2023,052301077,2,1,2,2,20,4,3,0,0,2,0,0,9,1,E01006728,-1,0,0.02855,0.97145,-1,3,50,1,1,1,17:30,6,3,9
2023201293162,2023,201293162,2,1,1,2,61,9,3,0,0,0,0,0,9,6,E01010114,3,1,0.0,1.0,-1,6,30,1,4,1,21:20,6,3,9
2023471341405,2023,471341405,1,2,1,1,23,5,3,0,0,0,0,0,9,2,E01032799,3,1,0.0,1.0,-1,6,60,1,1,2,06:52,2,2,9
2023010483112,2023,010483112,1,1,1,1,26,6,3,0,0,0,0,0,1,5,E01001866,-1,0,0.0,1.0,-1,9,40,1,4,2,21:50,7,2,1
2023451324777,2023,451324777,2,1,1,1,82,11,2,0,0,0,0,0,1,5,E01030852,6,1,1.0,0.0,-1,6,30,1,1,1,13:40,7,2,1
2023010486167,2023,010486167,1,1,1,-1,23,5,3,0,0,0,0,0,3,2,E01003432,-1,0,0.0,1.0,-1,9,30,9,1,9,12:01,6,2,3
2023302300237,2023,302300237,1,1,3,1,59,9,3,10,9,0,0,0,0,8,E01019707,-1,0,0.10235,0.89765,-1,6,30,1,1,1,13:25,4,1,9
2023010439428,2023,010439428,1,1,1,2,25,5,3,0,0,0,0,0,3,2,E01001136,-1,0,0.0,1.0,-1,6,20,1,1,1,14:50,2,2,3
2023010449356,2023,010449356,1,1,1,1,35,6,3,0,0,0,0,0,3,1,E01004209,-1,0,0.0,1.0,-1,9,30,9,1,9,15:52,4,2,3
2023302300139,2023,302300139,2,1,2,2,15,3,3,0,0,1,0,0,9,7,E01019711,-1,0,0.01065,0.98935,-1,6,30,3,4,3,07:01,4,2,9
2023411280881,2023,411280881,2,4,2,2,44,7,3,0,0,-1,0,0,9,4,E01017473,3,1,0.0,1.0,-1,3,70,1,1,1,16:56,1,2,9
2023141321539,2023,141321539,1,1,3,2,19,4,2,5,9,0,0,0,0,1,E01007766,7,1,1.0,0.0,-1,3,30,1,1,1,17:09,4,1,11
2023991274967,2023,991274967,1,1,3,2,46,8,3,9,5,0,0,0,0,5,E01023905,3,1,0.0,1.0,-1,6,30,8,1,1,10:45,2,1,8
2023010458250,2023,010458250,1,1,1,1,20,4,3,0,0,0,0,0,3,2,E01000931,-1,0,0.0,1.0,-1,6,20,1,4,1,20:22,2,2,3
2023320046605,2023,320046605,1,1,2,2,19,4,3,0,0,1,0,0,9,8,E01026394,-1,0,0.101,0.899,-1,6,60,1,6,4,20:50,2,1,9
2023041319818,2023,041319818,1,1,3,2,10,2,3,5,1,0,0,0,0,4,E01025518,3,1,0.0,1.0,-1,6,20,1,1,1,15:34,6,1,9
2023231349567,2023,231349567,1,1,1,1,18,4,3,0,0,0,0,0,1,6,E01031146,3,1,0.0,1.0,-1,6,30,2,1,2,07:58,6,2,1
2023010430568,2023,010430568,1,1,1,2,43,7,3,0,0,0,0,0,9,2,E01002877,-1,0,0.0,1.0,-1,6,20,1,1,1,16:00,1,2,9
2023010446961,2023,010446961,2,4,2,1,3,1,3,0,0,1,0,0,9,4,E01003322,-1,0,0.0,1.0,-1,6,20,1,1,1,16:25,1,2,9
2023141320044,2023,141320044,1,1,2,1,16,4,3,0,0,1,0,0,9,1,E01007402,3,1,0.0,1.0,-1,6,40,2,1,2,19:10,1,1,9
2023161260722,2023,161260722,1,1,1,2,17,4,3,0,0,0,0,0,9,4,E01013271,3,1,0.0,1.0,-1,6,60,2,6,2,16:25,6,1,9
2023201364077,2023,201364077,2,3,2,1,64,9,3,0,0,1,0,0,9,7,E01016293,3,1,0.0,1.0,-1,3,50,1,1,1,17:50,1,2,9
2023501389168,2023,501389168,2,3,1,1,63,9,3,0,0,0,0,0,9,-1,-1,3,1,0.0,1.0,-1,3,60,1,6,2,18:20,7,2,9
2023631347361,2023,631347361,1,1,1,2,62,9,3,0,0,0,0,0,9,6,W01000550,3,1,0.0,1.0,-1,6,60,2,1,2,17:00,5,1,9
2023991280908,2023,991280908,1,2,2,1,17,4,3,0,0,1,0,0,9,-1,-1,3,1,0.0,1.0,-1,6,60,1,6,1,18:00,7,1,9
2023010479320,2023,010479320,1,1,1,1,32,6,3,0,0,0,0,0,19,3,E01001650,-1,0,0.0,1.0,-1,2,20,2,1,2,12:45,3,2,19
2023201287287,2023,201287287,2,2,1,1,46,8,3,0,0,0,0,0,19,7,E01009189,3,1,0.0,1.0,-1,6,20,1,4,4,22:50,6,2,19
2023170S21053,2023,170S21053,1,1,1,1,18,4,3,0,0,0,0,0,23,9,E01011997,-1,0,0.15422,0.84578,-1,6,40,2,4,2,23:25,3,1,23
2023041375583,2023,041375583,1,1,1,1,46,8,2,0,0,0,0,0,9,7,E01025489,7,1,1.0,0.0,-1,6,30,2,4,2,19:25,5,2,9
2023131320960,2023,131320960,2,1,1,1,27,6,3,0,0,0,0,0,9,2,E01011025,3,1,0.0,1.0,-1,6,30,1,4,1,00:03,4,3,9
2023010434370,2023,010434370,2,1,1,1,18,4,3,0,0,0,0,0,3,1,E01001787,-1,0,0.0,1.0,-1,6,20,1,4,1,22:05,1,2,3
2023332300874,2023,332300874,1,1,1,1,58,9,3,0,0,0,0,0,9,6,E01025940,-1,0,0.02938,0.97062,-1,6,30,2,1,2,09:44,3,2,9
2023471335411,2023,471335411,2,1,1,1,38,7,3,0,0,0,0,0,9,10,E01010216,3,1,0.0,1.0,-1,6,60,1,1,1,07:35,3,3,9
2023471378697,2023,471378697,1,1,1,2,32,6,3,0,0,0,0,0,9,3,E01031552,3,1,0.0,1.0,-1,6,30,1,4,1,19:43,6,2,9
2023010424574,2023,010424574,2,2,1,2,59,9,3,0,0,0,0,0,9,7,E01000812,-1,0,0.0,1.0,-1,6,30,1,1,1,15:50,3,2,9
2023031370871,2023,031370871,2,2,1,1,57,9,3,0,0,0,0,0,9,6,E01019088,3,1,0.0,1.0,-1,6,60,1,1,1,12:49,1,2,9
2023522300504,2023,522300504,1,2,2,2,17,4,2,0,0,1,0,0,9,6,E01015008,-1,0,1.0,0.0,-1,6,40,5,4,2,23:30,4,1,9
2023631340423,2023,631340423,1,1,1,2,25,5,3,0,0,0,0,0,9,9,W01000549,3,1,0.0,1.0,-1,6,60,1,1,1,12:30,5,1,9
2023991282887,2023,991282887,1,1,1,2,29,6,3,0,0,0,0,0,9,4,-1,3,1,0.0,1.0,-1,3,70,1,1,1,15:30,6,4,9
2023991363058,2023,991363058,2,1,1,1,31,6,2,0,0,0,0,0,1,4,-1,7,1,1.0,0.0,-1,6,30,1,1,1,16:55,6,2,1
2023471264959,2023,471264959,1,1,1,1,42,7,3,0,0,0,0,0,9,8,E01021215,3,1,0.0,1.0,-1,6,60,8,1,4,08:05,3,2,9
2023401276615,2023,401276615,2,1,1,1,12,3,3,0,0,0,0,0,1,4,E01015796,3,1,0.0,1.0,-1,6,30,1,1,1,15:10,3,2,1
2023351363450,2023,351363450,1,1,1,2,22,5,3,0,0,0,0,0,9,4,E01026288,3,1,0.0,1.0,-1,6,60,1,1,1,12:55,1,3,9
2023440216682,2023,440216682,1,1,1,2,39,7,3,0,0,0,0,0,9,5,E01017088,-1,0,0.05231,0.94769,-1,6,30,1,1,1,12:15,5,2,9
2023522400664,2023,522400664,2,1,1,1,70,10,3,0,0,0,0,0,9,10,E01032678,-1,0,0.02679,0.97321,-1,6,30,2,1,2,12:56,3,2,9
2023461363194,2023,461363194,2,1,1,1,66,10,3,0,0,0,0,0,2,4,E01024647,3,1,0.0,1.0,-1,6,30,1,1,1,16:30,3,2,2
2023070109790,2023,070109790,1,1,3,2,76,11,3,4,1,0,0,0,0,10,E01018533,-1,0,0.18575,0.81425,-1,6,30,1,1,1,11:43,3,1,9
2023141280217,2023,141280217,1,1,3,2,13,3,3,9,9,0,0,0,0,1,E01007529,3,1,0.0,1.0,-1,6,30,1,1,1,15:17,6,2,97
2023010455202,2023,010455202,1,1,3,1,29,6,3,6,9,0,0,0,0,4,E01003632,-1,0,0.0,1.0,-1,2,20,2,1,2,15:48,6,1,9
2023161346959,2023,161346959,2,1,1,1,33,6,3,0,0,0,0,0,4,-1,-1,3,1,0.0,1.0,-1,3,30,1,1,2,19:40,7,2,4
2023361376214,2023,361376214,1,1,1,1,34,6,3,0,0,0,0,0,5,4,E01026499,3,1,0.0,1.0,-1,3,30,1,1,1,16:45,3,2,5
2023010483190,2023,010483190,1,1,1,2,49,8,3,0,0,0,0,0,9,10,E01023483,-1,0,0.0,1.0,-1,3,40,2,1,2,13:45,1,2,9
2023320523050,2023,320523050,1,1,1,2,51,8,2,0,0,0,0,0,9,1,E01005486,-1,0,1.0,0.0,-1,6,60,1,6,1,05:08,4,1,9
2023522400650,2023,522400650,2,3,2,1,53,8,3,0,0,2,0,0,9,1,E01014655,-1,0,0.03641,0.96359,-1,6,30,1,4,1,17:52,5,2,9
2023010443716,2023,010443716,1,1,3,2,42,7,2,9,5,0,0,0,0,6,E01000887,-1,0,1.0,0.0,-1,2,20,8,1,1,08:30,4,1,9
2023170S11313,2023,170S11313,1,1,3,1,52,8,3,9,9,0,0,0,0,4,E01012311,-1,0,0.10636,0.89364,-1,6,30,1,1,1,16:32,2,1,9
2023471371835,2023,471371835,1,1,3,1,11,3,2,8,3,0,0,0,0,-1,-1,7,1,1.0,0.0,-1,6,30,1,1,1,16:24,2,1,9
2023010419851,2023,010419851,1,1,1,1,41,7,2,0,0,0,0,0,1,2,E01004036,-1,0,1.0,0.0,-1,3,30,1,4,1,18:34,5,2,1
2023471327274,2023,471327274,1,1,1,1,58,9,2,0,0,0,0,0,5,7,E01031781,5,1,1.0,0.0,-1,6,60,1,1,1,09:40,7,3,5
2023221351703,2023,221351703,2,1,1,2,24,5,3,0,0,0,0,0,9,3,E01014208,3,1,0.0,1.0,-1,6,30,1,1,1,11:49,3,2,9
2023302301536,2023,302301536,1,1,1,2,46,8,3,0,0,0,0,0,5,9,E01018120,-1,0,0.20378,0.79622,-1,6,50,4,6,1,22:25,6,2,5
2023461321848,2023,461321848,2,5,2,1,22,5,3,0,0,2,0,0,8,1,E01024649,3,1,0.0,1.0,-1,1,40,1,4,1,03:11,1,2,8
202360A159481,2023,60A159481,1,2,2,1,35,6,3,0,0,1,0,0,19,-1,-1,-1,0,0.0708,0.9292,-1,6,20,1,1,1,10:22,4,3,19
2023201390960,2023,201390960,3,2,1,2,65,9,3,0,0,0,0,0,9,6,E01009261,3,1,0.0,1.0,-1,3,70,1,4,2,17:00,6,3,9
2023411295900,2023,411295900,1,1,1,1,22,5,3,0,0,0,0,0,9,7,E01023963,3,1,0.0,1.0,-1,6,60,8,1,4,06:28,4,1,9
2023461287077,2023,461287077,1,2,2,1,73,10,2,0,0,1,0,0,9,9,E01016052,7,1,1.0,0.0,-1,3,70,2,1,2,08:30,3,2,9
2023461347829,2023,461347829,2,2,2,1,-1,-1,3,0,0,1,0,0,9,9,E01024791,3,1,0.0,1.0,-1,6,40,1,1,1,19:51,4,2,9
2023041341218,2023,041341218,1,1,1,1,82,11,3,0,0,0,0,0,9,-1,-1,3,1,0.0,1.0,-1,6,50,1,1,1,15:51,1,2,9
2023161353640,2023,161353640,2,2,1,1,73,10,2,0,0,0,0,0,9,4,E01012976,6,1,1.0,0.0,-1,6,60,2,1,2,11:04,2,4,9
2023522301711,2023,522301711,1,1,1,1,42,7,3,0,0,0,0,0,19,3,E01014684,-1,0,0.04819,0.95181,-1,6,20,1,4,1,20:11,3,2,19
2023201454041,2023,201454041,2,1,2,1,28,6,3,0,0,1,0,0,9,4,E01009576,3,1,0.0,1.0,-1,6,30,1,1,2,07:00,3,4,9
202360A000154,2023,60A000154,1,1,2,2,20,4,3,0,0,2,0,0,9,-1,-1,-1,0,0.17065,0.82935,-1,6,60,5,6,2,04:50,1,1,9
2023010419791,2023,010419791,1,1,3,2,48,8,2,1,1,0,0,0,0,7,E01000169,-1,0,1.0,0.0,-1,3,20,8,1,1,10:35,5,1,8
2023010475762,2023,010475762,1,1,3,1,49,8,2,4,3,0,0,0,0,3,E01002803,-1,0,1.0,0.0,-1,6,20,1,4,2,20:05,6,1,9
2023031359891,2023,031359891,2,1,1,1,21,5,2,0,0,0,0,0,1,5,E01019278,7,1,1.0,0.0,-1,6,30,9,7,-1,20:00,3,2,1
2023991382860,2023,991382860,1,1,1,1,18,4,3,0,0,0,0,0,2,4,-1,3,1,0.0,1.0,-1,6,30,1,1,4,11:42,3,2,2
202363D010623,2023,63D010623,1,1,3,1,68,10,2,9,9,0,0,0,0,2,W01000483,-1,0,1.0,0.0,-1,6,30,1,4,2,19:20,6,1,8
2023010455421,2023,010455421,1,1,1,1,26,6,3,0,0,0,0,0,8,3,E01001169,-1,0,0.0,1.0,-1,6,30,1,4,1,01:14,1,2,8
2023061324453,2023,061324453,1,1,3,1,14,3,2,4,3,0,0,0,0,7,E01005375,6,1,1.0,0.0,-1,6,30,1,1,1,09:00,6,1,9
2023141388321,2023,141388321,1,1,3,1,88,11,3,5,1,0,0,0,0,3,E01007971,3,1,0.0,1.0,-1,2,30,2,1,2,13:00,4,1,9
2023010442040,2023,010442040,1,1,1,2,33,6,3,0,0,0,0,0,1,4,E01003914,-1,0,0.0,1.0,-1,6,30,1,1,1,10:41,2,2,1
2023010478104,2023,010478104,1,1,1,2,53,8,3,0,0,0,0,0,1,5,E01004483,-1,0,0.0,1.0,-1,6,20,1,1,1,08:10,4,2,1
2023440403639,2023,440403639,1,1,1,1,32,6,3,0,0,0,0,0,5,9,E01023191,-1,0,0.11502,0.88498,-1,6,30,1,1,1,09:30,3,2,5
2023061333825,2023,061333825,1,1,3,1,59,9,3,5,1,0,0,0,0,9,E01005867,3,1,0.0,1.0,-1,6,30,2,4,2,23:17,4,1,9
2023522301549,2023,522301549,1,1,1,2,26,6,3,0,0,0,0,0,-1,4,E01014576,-1,0,0.02347,0.97653,-1,6,30,1,1,1,07:30,2,2,-1
2023010445999,2023,010445999,2,1,1,1,14,3,2,0,0,0,0,0,1,2,E01004246,-1,0,1.0,0.0,-1,1,20,1,1,1,14:20,3,2,1
2023010463889,2023,010463889,2,2,2,1,18,4,2,0,0,0,0,0,4,6,E01001138,-1,0,1.0,0.0,-1,6,20,1,1,1,16:15,1,2,4
2023111330896,2023,111330896,2,1,1,2,52,8,2,0,0,0,0,0,9,2,E01012314,7,1,1.0,0.0,-1,6,30,1,1,1,13:27,6,2,9
2023131294064,2023,131294064,3,2,1,1,29,6,3,0,0,0,0,0,9,3,E01007514,3,1,0.0,1.0,-1,6,30,2,1,2,13:18,4,3,9
2023320015179,2023,320015179,1,3,1,1,20,4,3,0,0,0,0,0,9,1,E01026112,-1,0,0.0944,0.9056,-1,6,60,1,6,2,21:19,1,2,9
2023320061430,2023,320061430,2,1,2,1,16,4,3,0,0,1,0,0,9,7,E01026080,-1,0,0.05806,0.94194,-1,6,60,1,4,1,17:20,2,2,9
2023461380301,2023,461380301,1,1,3,1,59,9,3,10,9,0,0,0,0,4,E01016120,3,1,0.0,1.0,-1,6,20,1,1,1,20:00,6,1,9
2023361388158,2023,361388158,2,1,1,1,19,4,3,0,0,0,0,0,1,10,E01026812,3,1,0.0,1.0,-1,6,30,2,4,2,19:59,3,2,1
2023501352224,2023,501352224,2,2,2,2,64,9,3,0,0,0,0,0,5,9,E01028648,3,1,0.0,1.0,-1,6,60,1,1,1,16:40,4,2,5
2023052302605,2023,052302605,1,1,1,1,12,3,3,0,0,0,0,0,1,1,E01007122,-1,0,0.18276,0.81724,-1,6,20,1,4,2,20:30,2,2,1
2023221354752,2023,221354752,2,2,1,1,49,8,3,0,0,0,0,0,21,1,E01009841,3,1,0.0,1.0,-1,6,60,1,1,1,13:35,5,2,21
2023010442696,2023,010442696,1,1,3,1,65,9,2,5,9,0,0,0,0,2,E01001976,-1,0,1.0,0.0,-1,6,20,1,4,1,22:40,6,1,9
2023161320997,2023,161320997,1,1,3,2,12,3,3,5,4,0,0,0,0,1,E01013298,3,1,0.0,1.0,-1,6,20,2,1,2,08:30,3,1,9
2023061361293,2023,061361293,2,2,2,2,38,7,3,0,0,1,0,0,9,3,E01006291,3,1,0.0,1.0,-1,9,30,1,1,1,09:20,6,2,9
2023421326752,2023,421326752,1,1,1,1,18,4,2,0,0,0,0,0,9,8,E01021916,7,1,1.0,0.0,-1,6,60,1,1,1,19:43,4,1,9
2023471320714,2023,471320714,2,1,1,1,25,5,3,0,0,0,0,0,9,2,E01022818,3,1,0.0,1.0,-1,1,60,1,4,1,21:55,6,2,9
2023501431530,2023,501431530,1,1,1,2,52,8,2,0,0,0,0,0,9,9,E01019895,7,1,1.0,0.0,-1,6,60,1,6,1,16:25,4,2,9
2023461322603,2023,461322603,1,2,2,2,10,2,3,0,0,2,0,0,9,-1,-1,3,1,0.0,1.0,-1,1,40,1,1,1,11:08,7,2,9
2023991272437,2023,991272437,1,1,2,2,20,4,3,0,0,2,0,0,9,-1,-1,3,1,0.0,1.0,-1,6,60,1,6,2,18:47,6,1,9
2023010461310,2023,010461310,1,1,1,1,21,5,3,0,0,0,0,0,9,2,E01001010,-1,0,0.0,1.0,-1,3,50,2,4,5,22:16,6,1,9
2023221266710,2023,221266710,1,1,1,2,20,4,3,0,0,0,0,0,9,9,E01032396,3,1,0.0,1.0,-1,6,60,7,6,4,23:11,7,3,9
2023311392848,2023,311392848,1,1,1,2,45,7,3,0,0,0,0,0,9,5,E01027945,3,1,0.0,1.0,-1,6,40,5,4,2,17:46,6,1,9
2023991308120,2023,991308120,2,2,1,1,70,10,2,0,0,0,0,0,9,5,-1,5,1,1.0,0.0,-1,6,60,1,1,1,12:00,6,2,9
2023010421353,2023,010421353,1,1,1,1,37,7,3,0,0,0,0,0,8,8,E01002290,-1,0,0.0,1.0,-1,3,20,2,1,2,12:00,7,1,8
2023430183947,2023,430183947,1,1,3,1,50,8,3,5,1,0,0,0,0,10,E01016412,-1,0,0.14674,0.85326,-1,6,30,2,4,2,22:02,5,1,9
2023141348788,2023,141348788,2,1,1,1,-1,-1,3,0,0,0,0,0,3,6,E01013072,3,1,0.0,1.0,-1,3,30,1,1,1,19:16,2,2,3
2023351351636,2023,351351636,1,1,1,1,47,8,2,0,0,0,0,0,5,7,E01006379,7,1,1.0,0.0,-1,6,60,1,1,1,07:15,6,1,5
2023010436646,2023,010436646,1,1,1,1,25,5,3,0,0,0,0,0,9,-1,-1,-1,0,0.0,1.0,-1,6,40,1,1,1,16:37,1,2,9
2023111320796,2023,111320796,1,1,2,2,13,3,3,0,0,2,0,0,9,2,E01020897,3,1,0.0,1.0,-1,6,60,1,6,1,22:11,2,1,9
2023371372245,2023,371372245,3,1,1,2,25,5,3,0,0,0,0,0,9,9,E01030142,3,1,0.0,1.0,-1,6,30,1,1,2,15:44,2,4,9
2023401299364,2023,401299364,3,2,1,2,28,6,3,0,0,0,0,0,9,8,E01023666,3,1,0.0,1.0,-1,7,70,1,4,1,20:30,1,3,9
202360A047466,2023,60A047466,1,1,1,1,17,4,2,0,0,0,0,0,4,-1,-1,-1,0,1.0,0.0,-1,6,40,1,1,1,16:50,1,3,4
2023122301234,2023,122301234,2,2,1,1,31,6,3,0,0,0,0,0,9,8,E01010645,-1,0,0.04501,0.95499,-1,6,60,2,1,2,08:26,6,3,9
2023201330529,2023,201330529,1,1,1,-1,43,7,3,0,0,0,0,0,9,1,E01009099,3,1,0.0,1.0,-1,6,30,1,1,1,18:30,3,2,9
2023461377866,2023,461377866,1,1,1,1,56,9,3,0,0,0,0,0,9,5,E01024304,3,1,0.0,1.0,-1,3,70,1,1,1,06:25,3,4,9
2023531300891,2023,531300891,1,1,1,1,24,5,3,0,0,0,0,0,9,1,E01032932,3,1,0.0,1.0,-1,3,70,1,4,1,00:32,4,1,9
2023201378791,2023,201378791,2,1,1,1,-1,-1,3,0,0,0,0,0,1,-1,-1,3,1,0.0,1.0,-1,6,30,1,1,1,12:20,5,2,1
2023010485550,2023,010485550,1,1,1,2,33,6,3,0,0,0,0,0,3,6,E01021595,-1,0,0.0,1.0,-1,9,30,1,1,1,12:30,5,2,3
2023501367242,2023,501367242,1,1,1,1,22,5,3,0,0,0,0,0,3,6,E01018826,3,1,0.0,1.0,-1,3,40,2,1,2,09:50,5,1,3
2023131381027,2023,131381027,1,1,1,1,48,8,3,0,0,0,0,0,9,1,E01011434,3,1,0.0,1.0,-1,6,30,1,1,2,12:17,5,2,9
2023461382106,2023,461382106,1,1,1,1,36,7,2,0,0,0,0,0,9,6,E01024212,7,1,1.0,0.0,-1,6,40,2,4,2,17:20,1,2,9
2023010457868,2023,010457868,1,1,3,2,53,8,3,1,1,0,0,0,0,5,E01001354,-1,0,0.0,1.0,-1,6,20,1,1,1,14:58,7,1,9
2023311384205,2023,311384205,1,1,3,1,14,3,2,10,9,0,0,2,0,7,E01028021,7,1,1.0,0.0,-1,6,30,2,1,2,08:05,6,1,9
2023552300679,2023,552300679,1,1,3,1,49,8,3,8,7,0,0,0,0,3,E01015293,-1,0,0.19165,0.80835,-1,6,20,1,4,1,21:56,3,1,19
2023041290270,2023,041290270,1,1,3,1,13,3,3,8,3,0,0,0,0,2,E01025032,3,1,0.0,1.0,-1,6,30,2,4,2,19:24,6,1,9
2023131358065,2023,131358065,1,1,3,1,62,9,2,1,3,0,0,2,0,1,E01011510,7,1,1.0,0.0,-1,6,20,1,1,1,11:27,6,1,11
2023010434401,2023,010434401,1,1,1,1,49,8,2,0,0,0,0,0,4,9,E01021899,-1,0,1.0,0.0,-1,3,40,1,1,1,08:35,2,2,4
2023010470279,2023,010470279,1,1,3,2,29,6,2,10,9,0,0,0,0,3,E01004448,-1,0,1.0,0.0,-1,2,20,1,4,1,03:10,2,1,19
2023451368198,2023,451368198,1,1,3,1,19,4,3,5,3,0,0,0,0,7,E01016197,3,1,0.0,1.0,-1,6,40,1,1,1,12:50,1,1,9
2023010460886,2023,010460886,2,1,1,1,63,9,3,0,0,0,0,0,1,5,E01000037,-1,0,0.0,1.0,-1,6,30,1,1,1,13:08,4,2,1
2023622301006,2023,622301006,1,1,3,2,14,3,3,1,3,0,0,0,0,3,W01001211,-1,0,0.10254,0.89746,-1,6,30,1,4,1,18:33,5,1,9
2023052301970,2023,052301970,2,1,1,1,-1,-1,3,0,0,0,0,0,1,2,E01006506,-1,0,0.09411,0.90589,-1,6,30,1,1,1,18:50,6,2,1
2023501381745,2023,501381745,1,1,1,1,17,4,3,0,0,0,0,0,3,4,E01015011,3,1,0.0,1.0,-1,6,40,8,1,4,14:00,7,2,3
2023991278333,2023,991278333,1,1,1,2,23,5,3,0,0,0,0,0,5,6,-1,3,1,0.0,1.0,-1,6,50,1,1,2,08:25,4,2,5
2023991358689,2023,991358689,1,1,1,1,37,7,3,0,0,0,0,0,11,-1,-1,3,1,0.0,1.0,-1,6,20,1,1,1,14:15,5,2,11
2023070093570,2023,070093570,1,3,2,1,2,1,3,0,0,2,0,0,9,4,E01018337,-1,0,0.06024,0.93976,-1,6,40,1,4,1,19:49,4,2,9
2023170S12153,2023,170S12153,1,2,1,1,31,6,3,0,0,0,0,0,9,3,E01012206,-1,0,0.01701,0.98299,-1,6,40,9,1,1,15:05,6,2,9
2023221292076,2023,221292076,3,3,2,2,65,9,2,0,0,1,0,0,9,2,E01014125,7,1,1.0,0.0,-1,6,30,1,1,1,18:10,2,3,9
2023471354875,2023,471354875,2,1,1,2,82,11,2,0,0,0,0,0,9,6,E01017004,5,1,1.0,0.0,-1,6,40,1,1,1,09:45,5,2,9