collision_index,collision_year,collision_ref_no,vehicle_reference,casualty_reference,casualty_class,sex_of_casualty,age_of_casualty,age_band_of_casualty,casualty_severity,pedestrian_location,pedestrian_movement,car_passenger,bus_or_coach_passenger,pedestrian_road_maintenance_worker,casualty_type,casualty_imd_decile,lsoa_of_casualty,enhanced_casualty_severity,casualty_injury_based,casualty_adjusted_severity_serious,casualty_adjusted_severity_slight,casualty_distance_banding,road_type,speed_limit,weather_conditions,light_conditions,road_surface_conditions,time,day_of_week,number_of_vehicles,vehicle_type
2023161339816,2023,161339816,1,1,1,1,24,5,3,0,0,0,0,0,1,10,E01013088,3,1,0.0,1.0,-1,1,30,1,1,1,12:30,5,2,1
2023010419340,2023,010419340,1,1,3,2,26,6,3,1,3,0,0,0,0,6,E01001245,-1,0,0.0,1.0,-1,6,20,1,1,1,14:54,2,1,9
2023131327509,2023,131327509,2,1,1,1,41,7,2,0,0,0,0,0,1,9,E01011507,7,1,1.0,0.0,-1,6,20,1,1,1,14:45,4,2,1
2023170L40133,2023,170L40133,2,1,1,2,65,9,2,0,0,0,0,0,1,9,E01012180,-1,0,1.0,0.0,-1,1,30,1,1,1,09:13,2,2,1
2023552400160,2023,552400160,3,1,1,1,40,7,3,0,0,0,0,0,5,-1,-1,-1,0,0.07535,0.92465,-1,6,40,1,1,1,07:48,2,4,5
2023041349008,2023,041349008,1,1,1,1,71,10,2,0,0,0,0,0,9,8,E01024869,7,1,1.0,0.0,-1,6,30,1,1,1,14:00,2,1,9
2023131324868,2023,131324868,1,1,2,1,17,4,3,0,0,2,0,0,9,9,E01011576,3,1,0.0,1.0,-1,6,30,1,4,1,23:10,7,1,9
2023430470794,2023,430470794,1,1,1,2,39,7,3,0,0,0,0,0,9,7,E01028424,-1,0,0.08285,0.91715,-1,6,60,1,1,1,15:37,5,2,9
2023471265914,2023,471265914,1,1,1,1,21,5,2,0,0,0,0,0,9,9,E01021226,7,1,1.0,0.0,-1,6,60,8,1,4,07:40,6,1,9
2023501296724,2023,501296724,1,1,1,2,38,7,3,0,0,0,0,0,9,8,E01015125,3,1,0.0,1.0,-1,9,30,1,1,1,11:20,7,2,9
2023622300702,2023,622300702,1,2,2,1,19,4,3,0,0,1,0,0,9,10,W01000824,-1,0,0.05241,0.94759,-1,6,30,1,1,1,05:43,5,1,9
2023010482017,2023,010482017,1,1,1,1,55,8,3,0,0,0,0,0,9,5,E01021241,-1,0,0.0,1.0,-1,9,30,1,4,2,17:42,2,1,9
2023061327843,2023,061327843,2,1,1,1,77,11,3,0,0,0,0,0,9,10,E01012517,3,1,0.0,1.0,-1,6,20,1,1,1,13:12,6,2,9
2023201406116,2023,201406116,1,1,2,2,22,5,3,0,0,2,0,0,9,1,E01009322,3,1,0.0,1.0,-1,6,30,1,7,1,04:00,1,1,9
2023991327353,2023,991327353,1,2,1,2,18,4,3,0,0,0,0,0,9,2,-1,3,1,0.0,1.0,-1,6,30,1,1,1,16:36,7,2,9
2023010446451,2023,010446451,1,1,3,2,13,3,3,4,1,0,0,0,0,-1,-1,-1,0,0.0,1.0,-1,6,20,1,1,1,16:00,5,1,19
2023161372020,2023,161372020,1,1,1,1,35,6,2,0,0,0,0,0,1,1,E01012917,7,1,1.0,0.0,-1,6,30,1,4,1,02:15,6,2,1
2023440302644,2023,440302644,1,1,1,1,10,2,3,0,0,0,0,0,1,3,E01017051,-1,0,0.10889,0.89111,-1,6,20,1,1,1,20:01,5,2,1
2023010420767,2023,010420767,1,1,3,2,25,5,3,4,9,0,0,0,0,4,E01003056,-1,0,0.0,1.0,-1,7,30,1,1,1,08:00,4,1,9
2023201405848,2023,201405848,1,1,3,2,40,7,3,1,3,0,0,2,0,1,E01009147,3,1,0.0,1.0,-1,6,30,1,1,1,11:31,3,1,9
2023122300339,2023,122300339,2,1,1,1,60,9,2,0,0,0,0,0,2,8,E01028000,-1,0,1.0,0.0,-1,6,30,1,1,1,16:22,1,2,2
2023010456772,2023,010456772,1,1,3,1,32,6,3,6,9,0,0,0,0,2,E01003191,-1,0,0.0,1.0,-1,9,20,1,1,1,20:15,7,1,9
2023010453670,2023,010453670,2,1,1,1,23,5,3,0,0,0,0,0,1,3,E01004274,-1,0,0.0,1.0,-1,3,20,1,1,1,06:15,6,2,1
2023231331501,2023,231331501,2,1,1,1,49,8,3,0,0,0,0,0,5,9,E01009829,3,1,0.0,1.0,-1,6,60,1,1,1,07:45,2,2,5
2023371289552,2023,371289552,1,1,3,2,71,10,2,10,3,0,0,0,0,6,E01030003,7,1,1.0,0.0,-1,6,30,1,1,1,14:00,4,1,9
2023201291640,2023,201291640,1,3,2,1,25,5,3,0,0,1,0,0,9,5,E01009185,3,1,0.0,1.0,-1,6,30,2,4,2,17:52,4,2,9
2023401300588,2023,401300588,2,1,2,2,-1,-1,3,0,0,1,0,0,9,-1,-1,3,1,0.0,1.0,-1,3,30,1,1,-1,12:30,2,2,9
2023010420922,2023,010420922,1,1,1,1,22,5,3,0,0,0,0,0,1,2,E01003253,-1,0,0.0,1.0,-1,6,20,2,4,2,07:20,3,2,1
2023041301324,2023,041301324,2,1,1,1,35,6,3,0,0,0,0,0,1,7,E01025147,3,1,0.0,1.0,-1,6,30,1,1,1,16:36,4,2,1
2023010472573,2023,010472573,2,1,1,1,16,4,3,0,0,0,0,0,3,5,E01004178,-1,0,0.0,1.0,-1,6,30,1,1,1,17:00,1,2,3
2023010475935,2023,010475935,2,1,1,1,18,4,3,0,0,0,0,0,1,8,E01002008,-1,0,0.0,1.0,-1,6,20,1,4,2,19:00,5,2,1
2023332301083,2023,332301083,2,1,2,2,14,3,3,0,0,0,0,0,1,5,E01013668,-1,0,0.07446,0.92554,-1,6,40,2,4,2,20:46,7,2,1
2023131393171,2023,131393171,2,1,3,1,21,5,3,8,7,0,0,2,0,1,E01011295,3,1,0.0,1.0,-1,6,20,2,4,2,18:07,6,3,9
2023231367595,2023,231367595,1,1,1,1,65,9,2,0,0,0,0,0,5,3,E01032527,5,1,1.0,0.0,-1,6,50,1,1,1,17:49,4,2,5
2023622300091,2023,622300091,1,1,1,1,22,5,3,0,0,0,0,0,5,10,W01000791,-1,0,0.13582,0.86418,-1,6,30,1,4,4,20:01,2,1,5
2023201384360,2023,201384360,2,1,1,2,39,7,3,0,0,0,0,0,9,5,E01009825,3,1,0.0,1.0,-1,3,30,1,1,2,09:15,3,2,9
2023461349741,2023,461349741,1,1,1,1,31,6,3,0,0,0,0,0,9,2,E01024505,3,1,0.0,1.0,-1,6,30,1,1,1,19:45,6,2,9
2023461375830,2023,461375830,1,1,1,2,34,6,3,0,0,0,0,0,9,9,E01024107,3,1,0.0,1.0,-1,6,50,1,1,1,13:45,6,1,9
2023531388868,2023,531388868,1,2,2,2,78,11,2,0,0,1,0,0,9,10,E01022417,6,1,1.0,0.0,-1,6,60,1,6,1,16:50,5,2,9
2023010442926,2023,010442926,1,1,1,1,45,7,3,0,0,0,0,0,9,2,E01002566,-1,0,0.0,1.0,-1,1,30,1,4,1,01:20,1,1,9
2023320078818,2023,320078818,1,1,1,2,38,7,3,0,0,0,0,0,9,-1,-1,-1,0,0.10956,0.89044,-1,3,60,1,1,2,10:30,3,1,9
2023411271363,2023,411271363,1,1,1,2,31,6,3,0,0,0,0,0,9,6,E01023787,3,1,0.0,1.0,-1,3,40,2,4,2,18:37,4,2,9
2023421387426,2023,421387426,1,1,1,2,33,6,3,0,0,0,0,0,9,6,E01021796,3,1,0.0,1.0,-1,3,70,2,6,5,16:20,3,2,9
2023131266121,2023,131266121,2,1,1,1,30,6,3,0,0,0,0,0,9,3,E01011907,3,1,0.0,1.0,-1,6,30,1,4,4,16:47,6,2,9
2023221323678,2023,221323678,2,2,1,2,26,6,3,0,0,0,0,0,9,5,E01032460,3,1,0.0,1.0,-1,6,30,1,1,1,08:21,2,2,9
2023302301288,2023,302301288,1,1,1,1,17,4,3,0,0,0,0,0,9,8,E01019609,-1,0,0.09664,0.90336,-1,6,40,1,6,1,02:42,1,1,9
2023161383354,2023,161383354,1,1,1,2,51,8,3,0,0,0,0,0,19,1,E01012833,3,1,0.0,1.0,-1,6,30,1,1,1,11:15,5,2,19
2023141338316,2023,141338316,2,1,1,1,37,7,2,0,0,0,0,0,-1,2,E01007517,7,1,1.0,0.0,-1,3,30,1,1,1,08:08,5,2,-1
2023010483535,2023,010483535,1,1,1,2,58,9,3,0,0,0,0,0,9,7,E01003853,-1,0,0.0,1.0,-1,6,20,1,1,2,09:10,3,2,9
2023451373061,2023,451373061,1,1,1,2,38,7,3,0,0,0,0,0,9,10,E01030808,3,1,0.0,1.0,-1,6,40,1,1,1,15:30,3,2,9
2023461356291,2023,461356291,2,1,1,1,44,7,3,0,0,0,0,0,9,3,E01024149,3,1,0.0,1.0,-1,1,30,1,1,1,17:27,1,2,9
2023041287569,2023,041287569,2,2,2,2,84,11,2,0,0,0,4,0,11,6,E01025587,6,1,1.0,0.0,-1,6,30,2,1,2,15:50,4,2,11
2023361269339,2023,361269339,1,1,3,1,69,10,2,10,9,0,0,0,0,4,E01026807,5,1,1.0,0.0,-1,6,20,1,4,1,19:45,7,1,9
2023451304101,2023,451304101,2,1,1,1,27,6,2,0,0,0,0,0,3,3,E01030711,7,1,1.0,0.0,-1,6,30,1,1,1,16:00,4,2,3
2023010457707,2023,010457707,1,1,1,-1,32,6,3,0,0,0,0,0,3,2,E01001439,-1,0,0.0,1.0,-1,9,30,9,1,9,13:40,3,2,3
2023101342926,2023,101342926,1,1,1,1,46,8,1,0,0,0,0,0,5,3,E01008344,1,1,0.0,0.0,-1,3,50,1,1,1,19:35,5,1,5
2023061259288,2023,061259288,3,1,3,1,55,8,1,1,9,0,0,0,0,-1,-1,1,1,0.0,0.0,-1,6,30,2,4,2,21:42,3,2,19
2023351388190,2023,351388190,1,1,3,2,77,11,3,5,9,0,0,0,0,9,E01018178,3,1,0.0,1.0,-1,6,30,1,1,1,10:05,4,1,9
2023141337618,2023,141337618,1,1,1,1,58,9,2,0,0,0,0,0,9,3,E01007487,7,1,1.0,0.0,-1,6,60,2,1,2,16:20,4,1,9
2023201371513,2023,201371513,1,1,1,1,28,6,3,0,0,0,0,0,9,-1,-1,3,1,0.0,1.0,-1,6,30,2,1,2,19:10,7,1,9
2023211360311,2023,211360311,1,1,1,2,84,11,3,0,0,0,0,0,9,9,E01033257,3,1,0.0,1.0,-1,6,30,2,1,2,10:30,5,3,9
2023540730123,2023,540730123,2,1,1,1,60,9,3,0,0,0,0,0,9,2,E01015528,-1,0,0.00501,0.99499,-1,1,30,7,7,2,19:18,7,2,9
2023101395798,2023,101395798,1,1,3,1,76,11,2,1,3,0,0,0,0,6,E01008433,5,1,1.0,0.0,-1,6,30,1,4,2,18:46,6,1,9
2023430086775,2023,430086775,2,1,1,1,60,9,2,0,0,0,0,0,1,10,E01017682,-1,0,1.0,0.0,-1,6,60,1,1,1,08:57,7,2,1
2023201363459,2023,201363459,1,3,2,2,4,1,2,0,0,2,0,0,9,-1,-1,7,1,1.0,0.0,-1,6,30,1,1,1,16:22,6,2,9
2023320482308,2023,320482308,2,1,1,2,51,8,3,0,0,0,0,0,9,9,E01026320,-1,0,0.0325,0.9675,-1,6,30,2,1,2,11:30,6,2,9
2023440121816,2023,440121816,2,1,1,1,24,5,2,0,0,0,0,0,3,5,E01023061,-1,0,1.0,0.0,-1,6,30,1,1,1,16:30,2,2,3
2023622300721,2023,622300721,2,2,1,1,53,8,2,0,0,0,0,0,5,1,W01001708,-1,0,1.0,0.0,-1,6,30,2,1,2,10:22,6,2,5
2023041375450,2023,041375450,1,1,3,1,64,9,3,6,9,0,0,0,0,9,E01025533,3,1,0.0,1.0,-1,6,20,2,4,2,19:15,4,1,98
2023101388169,2023,101388169,2,3,2,1,62,9,3,0,0,1,0,0,9,2,E01020626,3,1,0.0,1.0,-1,6,30,1,1,1,10:54,5,2,9
2023302301617,2023,302301617,1,1,1,2,21,5,3,0,0,0,0,0,9,10,E01013465,-1,0,0.11991,0.88009,-1,6,60,7,6,2,23:39,5,1,9
202363A034223,2023,63A034223,2,2,2,1,23,5,3,0,0,1,0,0,9,-1,-1,-1,0,0.05674,0.94326,-1,3,40,1,4,2,07:00,2,2,9
2023461267585,2023,461267585,2,1,1,1,72,10,3,0,0,0,0,0,1,10,E01024147,3,1,0.0,1.0,-1,6,30,1,1,4,13:17,5,2,1
2023061371529,2023,061371529,1,1,3,1,61,9,3,5,9,0,0,-1,0,5,E01005543,3,1,0.0,1.0,-1,6,30,9,7,-1,21:00,3,1,11
2023031277827,2023,031277827,1,1,3,2,26,6,3,5,1,0,0,0,0,3,E01019194,3,1,0.0,1.0,-1,6,30,1,1,1,13:30,5,1,9
2023361378124,2023,361378124,1,2,3,2,50,8,3,10,9,0,0,0,0,5,E01026894,3,1,0.0,1.0,-1,6,30,1,1,1,07:34,4,1,9
2023122400075,2023,122400075,2,1,1,2,53,8,3,0,0,0,0,0,1,10,E01013413,-1,0,0.10752,0.89248,-1,6,30,1,1,2,08:15,3,2,1
2023161328004,2023,161328004,1,1,1,1,16,4,3,0,0,0,0,0,1,5,E01013081,3,1,0.0,1.0,-1,6,30,1,1,1,18:40,2,2,1
2023522301163,2023,522301163,1,1,1,1,19,4,3,0,0,0,0,0,3,5,E01014732,-1,0,0.09425,0.90575,-1,6,30,1,1,1,14:45,6,2,3
2023451352245,2023,451352245,1,1,3,2,42,7,3,5,1,0,0,0,0,10,E01030754,3,1,0.0,1.0,-1,6,20,1,1,1,16:15,3,1,9
2023010449079,2023,010449079,1,1,1,1,36,7,3,0,0,0,0,0,1,-1,-1,-1,0,0.0,1.0,-1,6,30,1,1,1,08:56,4,2,1
2023471324661,2023,471324661,2,1,1,1,68,10,2,0,0,0,0,0,1,6,E01031468,7,1,1.0,0.0,-1,1,30,1,1,1,08:28,7,2,1
2023010482431,2023,010482431,1,1,1,1,31,6,3,0,0,0,0,0,3,10,E01002195,-1,0,0.0,1.0,-1,6,30,1,4,2,18:26,4,2,3
2023010450442,2023,010450442,2,1,1,1,58,9,2,0,0,0,0,0,1,5,E01002410,-1,0,1.0,0.0,-1,6,30,1,1,1,08:10,4,2,1
2023991359827,2023,991359827,2,1,1,1,63,9,2,0,0,0,0,0,1,9,-1,5,1,1.0,0.0,-1,1,30,2,1,2,12:35,5,2,1
2023161263221,2023,161263221,2,1,1,1,19,4,3,0,0,0,0,0,4,8,E01013101,3,1,0.0,1.0,-1,6,30,1,1,1,08:10,6,2,4
2023052300493,2023,052300493,1,1,3,2,7,2,3,5,9,0,0,0,0,3,E01006722,-1,0,0.08274,0.91726,-1,6,30,1,1,1,15:30,2,1,1
2023131298778,2023,131298778,1,1,3,2,16,4,3,5,3,0,0,2,0,1,E01011337,3,1,0.0,1.0,-1,6,30,1,1,1,15:12,3,1,9
2023061353956,2023,061353956,2,1,1,1,41,7,3,0,0,0,0,0,1,-1,-1,3,1,0.0,1.0,-1,6,30,1,1,1,08:30,4,2,1
2023041318626,2023,041318626,1,1,1,1,23,5,3,0,0,0,0,0,9,4,E01025335,3,1,0.0,1.0,-1,6,60,1,1,1,09:13,2,2,9
2023371322869,2023,371322869,1,1,1,1,66,10,3,0,0,0,0,0,9,6,E01030052,3,1,0.0,1.0,-1,6,30,1,1,1,09:40,5,2,9
2023430144659,2023,430144659,2,4,2,1,29,6,3,0,0,2,0,0,9,10,E01028721,-1,0,0.01998,0.98002,-1,6,50,1,1,5,11:44,1,2,9
2023471317142,2023,471317142,1,2,2,2,43,7,3,0,0,1,0,0,9,3,E01016881,3,1,0.0,1.0,-1,6,30,1,1,1,14:05,7,2,9
2023471360136,2023,471360136,2,4,1,1,20,4,3,0,0,0,0,0,9,7,E01021130,3,1,0.0,1.0,-1,6,30,1,1,1,08:51,2,3,9
2023471266563,2023,471266563,2,2,2,2,14,3,3,0,0,1,0,0,9,9,E01031338,3,1,0.0,1.0,-1,6,30,1,1,2,12:15,1,2,9
2023471314914,2023,471314914,1,2,2,1,13,3,3,0,0,2,0,0,9,4,E01031834,3,1,0.0,1.0,-1,6,30,1,1,1,20:25,7,2,9
2023211436691,2023,211436691,1,1,1,1,34,6,2,0,0,0,0,0,9,-1,-1,7,1,1.0,0.0,-1,6,60,1,1,2,15:06,4,2,9
2023070205970,2023,070205970,1,1,1,1,28,6,3,0,0,0,0,0,9,-1,-1,-1,0,0.08358,0.91642,-1,3,70,1,6,1,21:47,6,2,9
2023131298139,2023,131298139,1,1,1,1,65,9,2,0,0,0,0,0,9,9,E01011189,7,1,1.0,0.0,-1,6,60,1,1,1,15:45,3,1,9
2023302300416,2023,302300416,2,2,2,1,-1,-1,3,0,0,2,0,0,9,-1,-1,-1,0,0.03294,0.96706,-1,6,30,2,1,2,14:27,7,3,9
2023421391876,2023,421391876,1,1,1,2,21,5,1,0,0,0,0,0,9,-1,-1,1,1,0.0,0.0,-1,3,70,1,4,1,20:40,7,1,9
2023501283813,2023,501283813,2,1,1,2,22,5,3,0,0,0,0,0,9,8,E01019889,3,1,0.0,1.0,-1,6,30,1,1,2,09:05,5,2,9
2023041323673,2023,041323673,2,1,1,2,25,5,3,0,0,0,0,0,9,2,E01025070,3,1,0.0,1.0,-1,6,30,1,1,2,16:45,3,4,9
2023320387065,2023,320387065,2,2,2,2,54,8,3,0,0,1,0,0,9,8,E01028303,-1,0,0.09399,0.90601,-1,6,60,1,1,1,17:15,6,2,9
202360A022558,2023,60A022558,2,2,1,2,31,6,2,0,0,0,0,0,9,-1,-1,-1,0,1.0,0.0,-1,6,60,1,1,1,16:46,3,2,9
2023131351780,2023,131351780,1,3,1,1,81,11,3,0,0,0,0,0,9,6,E01010699,3,1,0.0,1.0,-1,6,30,1,1,1,14:41,3,2,9
2023141280523,2023,141280523,2,4,2,2,28,6,3,0,0,2,0,0,9,7,E01007389,3,1,0.0,1.0,-1,6,40,1,4,1,21:35,7,2,9
2023010434977,2023,010434977,1,1,1,2,28,6,3,0,0,0,0,0,97,3,E01002048,-1,0,0.0,1.0,-1,6,20,7,1,1,11:18,4,2,97
2023302300079,2023,302300079,1,1,1,1,32,6,2,0,0,0,0,0,9,6,E01019421,-1,0,1.0,0.0,-1,6,40,1,4,1,22:00,6,2,9
2023302301680,2023,302301680,2,1,1,2,31,6,3,0,0,0,0,0,9,2,E01019644,-1,0,0.01495,0.98505,-1,6,30,2,1,2,09:45,7,2,9
2023311278170,2023,311278170,1,1,1,1,39,7,3,0,0,0,0,0,9,4,E01028144,3,1,0.0,1.0,-1,6,40,1,1,1,16:37,1,2,9
2023541061323,2023,541061323,2,1,1,2,35,6,3,0,0,0,0,0,9,6,E01032037,-1,0,0.00632,0.99368,-1,6,60,9,6,1,18:15,5,2,9
2023010457038,2023,010457038,2,2,1,2,38,7,3,0,0,0,0,0,9,2,E01004008,-1,0,0.0,1.0,-1,6,20,1,1,1,15:55,2,2,9
2023052301928,2023,052301928,2,1,1,1,22,5,3,0,0,0,0,0,9,9,E01007195,-1,0,0.01042,0.98958,-1,6,30,1,1,1,16:15,3,2,9
2023501309050,2023,501309050,1,1,1,1,19,4,3,0,0,0,0,0,9,9,E01015160,3,1,0.0,1.0,-1,6,60,1,6,1,00:05,6,1,9
2023052301168,2023,052301168,1,1,1,1,37,7,3,0,0,0,0,0,19,2,E01032506,-1,0,0.11204,0.88796,-1,6,30,1,1,1,18:33,1,2,19
2023101300897,2023,101300897,1,1,3,2,8,2,3,1,1,0,0,0,0,1,E01008459,3,1,0.0,1.0,-1,6,30,1,4,1,18:00,6,1,9
2023201305154,2023,201305154,1,1,3,1,13,3,2,4,3,0,0,0,0,1,E01010294,7,1,1.0,0.0,-1,6,30,1,1,2,17:27,5,1,9
2023440072584,2023,440072584,1,1,3,2,13,3,3,5,4,0,0,0,0,4,E01022804,-1,0,0.18129,0.81871,-1,6,30,1,1,1,16:00,3,1,9
2023041399975,2023,041399975,1,1,1,1,28,6,2,0,0,0,0,0,1,1,E01012724,7,1,1.0,0.0,-1,6,30,1,4,2,20:25,6,2,1
2023231331931,2023,231331931,2,2,1,1,14,3,2,0,0,0,0,0,1,4,E01031008,7,1,1.0,0.0,-1,6,30,1,1,1,15:29,4,2,1
2023311278056,2023,311278056,1,1,3,1,37,7,2,4,1,0,0,0,0,-1,-1,5,1,1.0,0.0,-1,6,30,1,4,1,18:38,7,1,9
2023311308130,2023,311308130,1,1,3,1,13,3,3,5,3,0,0,0,0,7,E01028013,3,1,0.0,1.0,-1,6,30,1,1,1,19:09,2,1,9
2023052302400,2023,052302400,2,1,1,1,59,9,3,0,0,0,0,0,1,9,E01006316,-1,0,0.1565,0.8435,-1,1,30,1,1,1,12:13,1,2,1
2023131314334,2023,131314334,2,1,1,1,58,9,3,0,0,0,0,0,1,-1,-1,3,1,0.0,1.0,-1,6,30,1,1,1,16:24,6,2,1
2023440215748,2023,440215748,1,1,1,2,67,10,3,0,0,0,0,0,1,10,E01022867,-1,0,0.08106,0.91894,-1,6,30,1,1,1,15:15,4,2,1
2023010441050,2023,010441050,1,1,1,1,29,6,3,0,0,0,0,0,3,2,E01001553,-1,0,0.0,1.0,-1,9,20,9,1,9,14:01,4,2,3
2023010447819,2023,010447819,1,1,1,1,23,5,2,0,0,0,0,0,3,3,E01002623,-1,0,1.0,0.0,-1,6,30,1,1,1,15:00,5,2,3
2023201380466,2023,201380466,2,2,1,1,26,6,3,0,0,0,0,0,9,-1,-1,3,1,0.0,1.0,-1,3,30,1,1,1,07:45,2,2,9
2023361276527,2023,361276527,1,3,2,2,34,6,2,0,0,1,0,0,9,5,E01026487,7,1,1.0,0.0,-1,6,60,1,6,2,17:14,3,2,9
2023361356191,2023,361356191,1,1,3,2,55,8,2,5,3,0,0,2,0,4,E01026458,7,1,1.0,0.0,-1,6,30,1,1,1,17:40,2,1,19
2023010465941,2023,010465941,1,1,1,1,40,7,3,0,0,0,0,0,9,3,E01024169,-1,0,0.0,1.0,-1,9,20,9,1,9,15:25,5,2,9
2023201425071,2023,201425071,1,1,2,1,32,6,3,0,0,-1,0,0,9,-1,-1,3,1,0.0,1.0,-1,6,30,1,1,1,08:11,2,2,9
2023231356023,2023,231356023,1,1,1,1,65,9,3,0,0,0,0,0,9,2,E01031010,3,1,0.0,1.0,-1,6,50,1,1,2,14:30,5,1,9
2023471373163,2023,471373163,1,1,1,1,32,6,3,0,0,0,0,0,9,8,E01021134,3,1,0.0,1.0,-1,6,60,1,4,2,19:53,6,1,9
2023631333822,2023,631333822,1,1,1,1,18,4,2,0,0,0,0,0,9,6,W01000560,6,1,1.0,0.0,-1,6,60,2,6,2,00:25,5,1,9
2023991381017,2023,991381017,1,1,1,1,54,8,2,0,0,0,0,0,21,3,E01019228,7,1,1.0,0.0,-1,6,60,1,6,1,17:25,4,1,21
2023010427389,2023,010427389,1,1,1,1,38,7,3,0,0,0,0,0,9,2,E01032580,-1,0,0.0,1.0,-1,3,50,1,1,1,14:04,4,2,9
2023631371331,2023,631371331,1,2,2,1,40,7,3,0,0,2,0,0,9,1,E01005108,3,1,0.0,1.0,-1,6,60,2,1,2,15:50,2,2,9
2023010425871,2023,010425871,2,1,1,1,26,6,3,0,0,0,0,0,4,2,E01004719,-1,0,0.0,1.0,-1,6,30,1,1,1,15:15,3,2,4
2023440472495,2023,440472495,1,1,1,2,20,4,3,0,0,0,0,0,9,6,E01031990,-1,0,0.14526,0.85474,-1,6,60,1,6,1,20:05,7,1,9
2023031355315,2023,031355315,1,1,2,1,30,6,3,0,0,2,0,0,9,-1,-1,3,1,0.0,1.0,-1,6,60,1,1,2,14:40,6,1,9
2023361318357,2023,361318357,1,1,1,1,46,8,3,0,0,0,0,0,9,-1,-1,3,1,0.0,1.0,-1,6,60,1,1,1,07:30,4,2,9
2023311284723,2023,311284723,1,1,3,2,23,5,2,1,3,0,0,2,0,-1,-1,7,1,1.0,0.0,-1,6,20,1,4,1,18:18,3,1,9
2023471340023,2023,471340023,2,1,1,1,42,7,3,0,0,0,0,0,3,6,E01016878,3,1,0.0,1.0,-1,6,30,1,1,1,13:40,7,2,3
2023430150270,2023,430150270,2,2,1,1,25,5,3,0,0,0,0,0,9,4,E01030676,-1,0,0.04702,0.95298,-1,6,40,1,4,1,21:46,4,2,9
2023070463257,2023,070463257,2,1,2,1,39,7,3,0,0,1,0,0,19,5,E01027711,-1,0,0.03636,0.96364,-1,1,50,1,1,1,17:30,3,2,19
2023501299868,2023,501299868,2,2,2,2,59,9,3,0,0,0,0,0,19,5,E01018780,3,1,0.0,1.0,-1,3,70,1,1,1,07:55,1,2,19
2023101366671,2023,101366671,1,4,2,1,19,4,3,0,0,2,0,0,9,-1,-1,3,1,0.0,1.0,-1,7,30,1,4,1,00:08,4,2,9
2023430242515,2023,430242515,1,1,1,2,60,9,3,0,0,0,0,0,9,10,E01017677,-1,0,0.12467,0.87533,-1,6,60,1,1,1,16:54,6,2,9
2023430007341,2023,430007341,1,2,2,1,53,8,2,0,0,0,0,0,21,3,E01017179,-1,0,1.0,0.0,-1,3,70,1,6,1,06:20,6,2,21
2023010431518,2023,010431518,1,1,1,1,41,7,3,0,0,0,0,0,2,7,E01004175,-1,0,0.0,1.0,-1,6,30,9,4,1,18:21,6,1,2
2023361282627,2023,361282627,1,1,1,1,29,6,3,0,0,0,0,0,5,6,E01026675,3,1,0.0,1.0,-1,6,30,1,1,1,12:45,3,2,5
2023461300721,2023,461300721,2,1,1,1,48,8,3,0,0,0,0,0,5,3,E01024695,3,1,0.0,1.0,-1,3,60,1,1,1,12:21,1,2,5
2023010457068,2023,010457068,2,1,1,1,18,4,3,0,0,0,0,0,3,3,E01000973,-1,0,0.0,1.0,-1,6,20,1,1,1,18:43,2,2,3
2023010471655,2023,010471655,2,1,1,1,32,6,3,0,0,0,0,0,3,1,E01002783,-1,0,0.0,1.0,-1,6,20,2,4,2,22:35,5,2,3
2023430073695,2023,430073695,1,1,3,2,21,5,3,5,4,0,0,0,0,3,E01016459,-1,0,0.10774,0.89226,-1,6,30,1,1,1,09:39,6,1,11
2023161326532,2023,161326532,2,1,1,1,14,3,3,0,0,0,0,0,1,-1,-1,3,1,0.0,1.0,-1,6,30,1,1,1,08:10,5,2,1
2023401310859,2023,401310859,2,1,1,1,20,4,3,0,0,0,0,0,1,3,E01015761,3,1,0.0,1.0,-1,6,30,1,4,2,05:42,5,2,1
2023010448942,2023,010448942,1,1,1,1,20,4,3,0,0,0,0,0,3,6,E01015496,-1,0,0.0,1.0,-1,9,20,1,1,1,17:48,3,2,3
2023061280926,2023,061280926,3,2,1,2,43,7,2,0,0,0,0,0,9,1,E01011371,6,1,1.0,0.0,-1,3,70,1,4,1,05:45,6,5,9
2023302300967,2023,302300967,1,1,1,2,48,8,3,0,0,0,0,0,9,2,E01013598,-1,0,0.05992,0.94008,-1,3,30,1,1,1,10:20,2,1,9
2023010426572,2023,010426572,1,1,2,2,23,5,3,0,0,1,0,0,9,4,E01033572,-1,0,0.0,1.0,-1,6,30,1,1,1,22:30,6,1,9
2023201284393,2023,201284393,1,1,2,1,24,5,3,0,0,1,0,0,9,4,E01009089,3,1,0.0,1.0,-1,6,30,2,4,2,21:57,4,1,9
2023440054984,2023,440054984,1,1,1,2,48,8,3,0,0,0,0,0,9,10,E01022495,-1,0,0.04027,0.95973,-1,7,40,1,1,1,09:41,2,2,9
2023471378832,2023,471378832,2,1,1,1,37,7,3,0,0,0,0,0,9,6,E01031676,3,1,0.0,1.0,-1,6,30,1,1,1,15:00,5,2,9
2023010463370,2023,010463370,1,1,1,2,75,10,3,0,0,0,0,0,9,9,E01028754,-1,0,0.0,1.0,-1,6,20,1,1,1,09:10,5,1,9