collision_index,collision_year,collision_ref_no,vehicle_reference,casualty_reference,casualty_class,sex_of_casualty,age_of_casualty,age_band_of_casualty,casualty_severity,pedestrian_location,pedestrian_movement,car_passenger,bus_or_coach_passenger,pedestrian_road_maintenance_worker,casualty_type,casualty_imd_decile,lsoa_of_casualty,enhanced_casualty_severity,casualty_injury_based,casualty_adjusted_severity_serious,casualty_adjusted_severity_slight,casualty_distance_banding,road_type,speed_limit,weather_conditions,light_conditions,road_surface_conditions,time,day_of_week,number_of_vehicles,vehicle_type
2023131353070,2023,131353070,2,1,2,2,19,4,3,0,0,0,0,0,9,10,E01011266,3,1,0.0,1.0,-1,7,20,9,1,1,17:50,5,2,9
2023332300759,2023,332300759,1,1,1,2,47,8,3,0,0,0,0,0,9,10,E01025885,-1,0,0.07105,0.92895,-1,6,60,1,7,1,00:50,2,1,9
2023421272125,2023,421272125,2,1,1,2,55,8,3,0,0,0,0,0,9,5,E01021800,3,1,0.0,1.0,-1,6,30,1,1,1,14:17,6,2,9
2023010467295,2023,010467295,1,1,1,1,29,6,3,0,0,0,0,0,19,4,E01023538,-1,0,0.0,1.0,-1,6,20,2,1,2,15:40,4,2,19
2023221368482,2023,221368482,3,1,1,1,59,9,3,0,0,0,0,0,19,4,E01032381,3,1,0.0,1.0,-1,6,60,1,1,1,11:29,5,3,19
2023320420108,2023,320420108,1,2,1,1,22,5,3,0,0,0,0,0,9,7,E01026202,-1,0,0.12682,0.87318,-1,6,60,1,6,1,22:00,6,1,9
2023451302347,2023,451302347,1,2,2,2,15,3,3,0,0,1,0,0,9,5,E01030971,3,1,0.0,1.0,-1,6,30,1,1,1,18:55,7,1,9
2023131289612,2023,131289612,3,1,1,1,89,11,3,0,0,0,0,0,9,5,E01011928,3,1,0.0,1.0,-1,6,40,1,1,1,15:32,4,3,9
2023320790487,2023,320790487,2,2,1,1,62,9,3,0,0,0,0,0,9,1,E01026072,-1,0,0.06082,0.93918,-1,6,30,1,1,1,11:49,3,2,9
2023161323730,2023,161323730,1,1,1,2,83,11,2,0,0,0,0,0,9,10,E01013070,7,1,1.0,0.0,-1,6,30,1,1,1,12:02,4,3,9
2023221320225,2023,221320225,1,1,2,2,76,11,2,0,0,1,0,0,9,-1,-1,6,1,1.0,0.0,-1,6,60,1,1,1,18:20,6,1,9
2023540601323,2023,540601323,1,1,1,1,49,8,3,0,0,0,0,0,9,8,E01015513,-1,0,0.02465,0.97535,-1,1,30,1,1,4,10:34,4,2,9
2023552301256,2023,552301256,1,2,2,2,73,10,3,0,0,1,0,0,9,8,E01015403,-1,0,0.12267,0.87733,-1,6,30,1,1,2,15:26,5,1,9
2023010420765,2023,010420765,1,1,1,1,31,6,3,0,0,0,0,0,3,3,E01001089,-1,0,0.0,1.0,-1,6,20,9,1,9,16:20,3,2,3
2023522301123,2023,522301123,2,1,1,1,24,5,3,0,0,0,0,0,3,4,E01014904,-1,0,0.07658,0.92342,-1,1,30,1,4,1,19:52,5,2,3
2023010421021,2023,010421021,1,1,1,1,40,7,3,0,0,0,0,0,4,7,E01000822,-1,0,0.0,1.0,-1,9,20,2,4,2,06:40,5,2,4
2023332300006,2023,332300006,1,1,1,1,34,6,2,0,0,0,0,0,5,4,E01025962,-1,0,1.0,0.0,-1,6,30,2,4,2,23:05,5,1,5
2023351352532,2023,351352532,1,1,1,2,74,10,2,0,0,0,0,0,9,10,E01018259,6,1,1.0,0.0,-1,6,30,1,1,1,10:44,7,3,9
2023061378624,2023,061378624,2,1,1,1,31,6,3,0,0,0,0,0,19,-1,-1,3,1,0.0,1.0,-1,3,70,1,1,1,14:00,6,2,19
2023411352371,2023,411352371,2,1,1,1,52,8,3,0,0,0,0,0,19,-1,-1,3,1,0.0,1.0,-1,3,40,1,1,1,17:30,5,2,19
2023332300357,2023,332300357,1,2,2,1,11,3,3,0,0,2,0,0,9,1,E01013761,-1,0,0.00728,0.99272,-1,6,30,1,1,1,08:00,3,2,9
2023041389945,2023,041389945,1,1,3,1,46,8,2,9,7,0,0,0,0,8,E01025317,7,1,1.0,0.0,-1,6,20,1,4,2,02:57,7,1,9
2023501344068,2023,501344068,2,1,1,1,43,7,3,0,0,0,0,0,1,8,E01020035,3,1,0.0,1.0,-1,1,30,1,1,1,15:17,2,2,1
2023010434162,2023,010434162,1,2,2,-1,-1,-1,3,0,0,1,0,0,9,7,E01002329,-1,0,0.0,1.0,-1,3,50,2,1,2,17:40,6,2,9
2023010444124,2023,010444124,1,3,2,-1,-1,-1,3,0,0,2,0,0,9,-1,-1,-1,0,0.0,1.0,-1,9,20,9,1,9,12:12,7,1,9
2023211341035,2023,211341035,2,2,1,1,60,9,2,0,0,0,0,0,9,5,E01029462,6,1,1.0,0.0,-1,6,60,1,1,2,14:40,7,2,9
2023320091940,2023,320091940,1,1,1,1,56,9,3,0,0,0,0,0,9,1,E01026073,-1,0,0.05518,0.94482,-1,6,30,8,1,2,09:30,2,2,9
2023471367114,2023,471367114,1,1,1,1,35,6,3,0,0,0,0,0,9,8,E01031399,3,1,0.0,1.0,-1,1,30,1,4,2,18:30,4,2,9
2023461323517,2023,461323517,2,2,1,1,65,9,3,0,0,0,0,0,90,8,E01024209,3,1,0.0,1.0,-1,6,60,1,1,1,18:08,6,2,90
2023010466647,2023,010466647,1,1,1,1,63,9,3,0,0,0,0,0,1,4,E01001158,-1,0,0.0,1.0,-1,6,20,1,1,1,13:05,2,2,1
2023101298159,2023,101298159,2,1,1,1,25,5,3,0,0,0,0,0,1,5,E01033556,3,1,0.0,1.0,-1,6,30,1,1,1,19:25,5,2,1
2023332301259,2023,332301259,2,1,1,1,49,8,3,0,0,0,0,0,1,3,E01025905,-1,0,0.07231,0.92769,-1,6,30,1,4,1,17:25,1,2,1
2023552301097,2023,552301097,2,1,1,2,33,6,3,0,0,0,0,0,1,3,E01015442,-1,0,0.07885,0.92115,-1,6,30,1,4,1,20:56,1,2,1
2023451262539,2023,451262539,1,1,1,1,64,9,3,0,0,0,0,0,5,6,E01030995,3,1,0.0,1.0,-1,6,30,2,4,2,16:14,4,2,5
2023010440541,2023,010440541,1,2,2,1,-1,-1,3,0,0,1,0,0,9,8,E01017804,-1,0,0.0,1.0,-1,3,70,1,1,1,11:54,2,1,9
2023141322343,2023,141322343,1,2,2,1,28,6,3,0,0,1,0,0,9,-1,-1,3,1,0.0,1.0,-1,3,40,1,1,1,18:00,6,3,9
2023610036223,2023,610036223,1,2,3,1,18,4,2,5,1,0,0,0,0,6,W01001389,-1,0,1.0,0.0,-1,6,40,1,1,2,22:13,2,1,9
2023052301368,2023,052301368,3,3,1,1,53,8,3,0,0,0,0,0,19,5,E01006527,-1,0,0.03689,0.96311,-1,6,30,1,1,1,17:53,2,3,19
2023041290575,2023,041290575,2,1,1,1,64,9,3,0,0,0,0,0,9,5,E01006896,3,1,0.0,1.0,-1,3,70,1,1,4,07:57,4,2,9
2023041326757,2023,041326757,2,2,2,1,55,8,3,0,0,1,0,0,9,9,E01024983,3,1,0.0,1.0,-1,7,30,1,1,1,20:19,5,2,9
2023411308027,2023,411308027,3,5,2,2,11,3,3,0,0,2,0,0,9,6,E01001408,3,1,0.0,1.0,-1,3,70,2,1,2,17:42,6,4,9
2023552300761,2023,552300761,2,1,1,1,37,7,3,0,0,0,0,0,1,-1,-1,-1,0,0.11732,0.88268,-1,6,30,1,1,1,08:04,5,2,1
2023010448172,2023,010448172,1,1,1,2,36,7,3,0,0,0,0,0,9,9,E01001063,-1,0,0.0,1.0,-1,6,30,1,1,1,14:05,7,2,9
2023440381384,2023,440381384,2,1,1,1,20,4,3,0,0,0,0,0,1,4,E01017028,-1,0,0.1295,0.8705,-1,6,30,1,1,1,15:00,2,2,1
2023010455073,2023,010455073,2,1,1,1,20,4,3,0,0,0,0,0,3,3,E01003177,-1,0,0.0,1.0,-1,6,20,1,4,1,22:40,5,3,3
2023010470683,2023,010470683,1,1,1,1,29,6,3,0,0,0,0,0,1,2,E01004284,-1,0,0.0,1.0,-1,6,20,1,1,1,14:35,7,2,1
2023010444759,2023,010444759,1,1,1,1,56,9,3,0,0,0,0,0,9,2,E01001439,-1,0,0.0,1.0,-1,3,70,1,1,1,07:45,4,4,9
2023111349172,2023,111349172,2,3,1,1,24,5,2,0,0,0,0,0,9,5,E01020663,5,1,1.0,0.0,-1,6,60,1,1,1,18:50,1,2,9
2023141306385,2023,141306385,3,1,1,2,26,6,3,0,0,0,0,0,9,-1,-1,3,1,0.0,1.0,-1,3,70,1,1,1,17:20,4,3,9
2023991357868,2023,991357868,1,1,1,1,32,6,2,0,0,0,0,0,9,1,-1,5,1,1.0,0.0,-1,6,60,1,6,1,22:00,6,2,9
2023010460502,2023,010460502,1,1,1,1,27,6,3,0,0,0,0,0,3,3,E01000506,-1,0,0.0,1.0,-1,6,20,9,1,9,15:03,6,2,3
2023010480930,2023,010480930,1,1,1,-1,-1,-1,3,0,0,0,0,0,3,4,E01001618,-1,0,0.0,1.0,-1,6,30,9,1,9,12:58,3,2,3
2023010474331,2023,010474331,2,1,3,2,37,7,3,9,9,0,0,0,0,2,E01001603,-1,0,0.0,1.0,-1,6,20,1,4,1,19:00,3,2,11
2023010458799,2023,010458799,1,1,1,1,33,6,2,0,0,0,0,0,9,2,E01033146,-1,0,1.0,0.0,-1,6,20,1,4,1,03:27,6,3,9
2023201295437,2023,201295437,2,1,1,1,23,5,3,0,0,0,0,0,9,2,E01009291,3,1,0.0,1.0,-1,6,30,1,1,1,15:15,6,2,9
2023421389404,2023,421389404,1,3,2,1,18,4,3,0,0,-1,0,0,9,2,E01021685,3,1,0.0,1.0,-1,6,30,1,4,1,18:40,1,2,9
2023351283470,2023,351283470,1,1,1,1,32,6,3,0,0,0,0,0,19,6,E01033458,3,1,0.0,1.0,-1,3,60,1,1,1,13:57,6,3,19
2023421280262,2023,421280262,1,1,3,1,38,7,3,1,1,0,0,0,0,8,E01021544,3,1,0.0,1.0,-1,6,30,2,4,1,22:20,6,1,9
2023351351704,2023,351351704,2,1,1,2,48,8,3,0,0,0,0,0,9,4,E01018147,3,1,0.0,1.0,-1,6,30,2,1,-1,06:04,6,2,9
2023991337297,2023,991337297,2,2,1,2,55,8,3,0,0,0,0,0,9,7,-1,3,1,0.0,1.0,-1,6,30,2,4,2,22:02,3,2,9
2023201275908,2023,201275908,1,1,3,1,13,3,3,2,1,0,0,0,0,2,E01009741,3,1,0.0,1.0,-1,6,30,1,1,1,11:09,2,1,9
2023332301050,2023,332301050,2,2,1,1,41,7,3,0,0,0,0,0,8,2,E01013694,-1,0,0.0123,0.9877,-1,3,30,2,1,2,08:35,5,2,8
2023161360518,2023,161360518,2,3,2,2,88,11,3,0,0,1,0,0,9,10,E01012970,3,1,0.0,1.0,-1,6,60,1,1,1,11:00,7,2,9
2023010453388,2023,010453388,1,1,3,2,62,9,3,6,9,0,0,0,0,6,E01003163,-1,0,0.0,1.0,-1,9,20,1,1,9,07:08,4,1,-1
2023201356824,2023,201356824,1,1,3,1,43,7,2,1,1,0,0,2,0,8,E01009794,7,1,1.0,0.0,-1,6,30,1,1,1,15:13,5,1,9
2023141296372,2023,141296372,1,1,1,1,28,6,3,0,0,0,0,0,9,-1,-1,3,1,0.0,1.0,-1,3,30,2,1,2,14:41,5,2,9
2023302301197,2023,302301197,1,1,1,1,17,4,3,0,0,0,0,0,9,1,E01013893,-1,0,0.07183,0.92817,-1,6,30,1,4,1,22:00,5,1,9
2023991338548,2023,991338548,1,1,1,1,10,2,3,0,0,0,0,0,23,1,-1,3,1,0.0,1.0,-1,3,30,2,1,2,18:30,7,2,23
2023471380297,2023,471380297,1,1,1,1,43,7,2,0,0,0,0,0,3,9,E01021156,5,1,1.0,0.0,-1,6,40,1,6,2,17:45,6,1,3
2023622300822,2023,622300822,2,2,1,1,32,6,3,0,0,0,0,0,9,1,W01001737,-1,0,0.03936,0.96064,-1,3,50,2,4,2,20:59,7,2,9
2023991393653,2023,991393653,1,2,2,2,17,4,3,0,0,2,0,0,9,4,E01019094,3,1,0.0,1.0,-1,6,30,1,4,1,23:30,3,1,9
2023010442761,2023,010442761,1,1,1,1,38,7,3,0,0,0,0,0,3,2,E01032805,-1,0,0.0,1.0,-1,6,20,1,4,1,21:32,6,2,3
2023211327223,2023,211327223,1,1,3,2,5,1,3,1,1,0,0,0,0,-1,-1,3,1,0.0,1.0,-1,6,30,1,1,1,19:15,6,1,9
2023440233868,2023,440233868,1,1,3,1,27,6,3,9,5,0,0,0,0,3,E01017225,-1,0,0.16634,0.83366,-1,6,30,1,1,1,05:52,3,1,9
2023010465734,2023,010465734,2,1,1,1,29,6,3,0,0,0,0,0,1,2,E01003304,-1,0,0.0,1.0,-1,6,20,1,1,1,09:20,4,2,1
2023201381763,2023,201381763,2,1,1,1,43,7,3,0,0,0,0,0,1,3,E01009633,3,1,0.0,1.0,-1,3,30,1,1,1,14:23,4,2,1
2023010457556,2023,010457556,1,1,3,2,38,7,3,5,1,0,0,0,0,3,E01003374,-1,0,0.0,1.0,-1,9,30,8,1,1,15:50,2,1,5
2023340WN1532,2023,340WN1532,1,1,1,1,17,4,3,0,0,0,0,0,1,2,E01027226,-1,0,0.13116,0.86884,-1,6,30,1,1,1,08:30,4,2,1
2023320097201,2023,320097201,3,3,2,1,7,2,3,0,0,2,0,0,9,8,E01026394,-1,0,0.06514,0.93486,-1,6,60,1,1,1,09:25,4,3,9
2023320755459,2023,320755459,1,1,2,2,81,11,3,0,0,1,0,0,9,1,E01026092,-1,0,0.11265,0.88735,-1,6,50,1,1,1,12:57,6,2,9
2023411312961,2023,411312961,2,1,1,1,56,9,3,0,0,0,0,0,9,8,E01023312,3,1,0.0,1.0,-1,6,30,1,1,1,13:30,3,2,9
2023461355877,2023,461355877,2,1,1,2,21,5,3,0,0,0,0,0,9,10,E01024745,3,1,0.0,1.0,-1,6,60,1,1,1,15:49,3,3,9
202354B441923,2023,54B441923,1,1,1,1,20,4,2,0,0,0,0,0,9,6,E01032109,-1,0,1.0,0.0,-1,6,30,1,1,2,09:05,1,1,9
2023010451834,2023,010451834,1,1,1,2,59,9,3,0,0,0,0,0,19,3,E01003656,-1,0,0.0,1.0,-1,6,30,8,1,1,15:45,1,2,19
2023010451582,2023,010451582,1,1,3,1,32,6,2,9,9,0,0,0,0,2,E01001357,-1,0,1.0,0.0,-1,6,30,1,1,1,20:40,7,1,8
2023041374160,2023,041374160,2,1,1,1,47,8,3,0,0,0,0,0,1,2,E01025290,3,1,0.0,1.0,-1,6,30,9,4,2,23:50,3,2,1
2023430470091,2023,430470091,1,1,1,1,25,5,3,0,0,0,0,0,1,5,E01016419,-1,0,0.07549,0.92451,-1,1,30,1,4,1,19:12,3,2,1
2023501332478,2023,501332478,1,1,1,1,75,10,3,0,0,0,0,0,5,3,E01032635,3,1,0.0,1.0,-1,6,60,1,1,1,17:00,1,1,5
2023131269319,2023,131269319,2,2,1,1,42,7,3,0,0,0,0,0,9,3,E01010810,3,1,0.0,1.0,-1,6,30,2,4,2,21:57,7,2,9
2023520000140,2023,520000140,1,1,1,2,27,6,3,0,0,0,0,0,9,9,E01014382,-1,0,0.00904,0.99096,-1,6,20,1,4,1,21:00,2,2,9
2023622300455,2023,622300455,2,3,2,2,36,7,3,0,0,1,0,0,9,8,W01000796,-1,0,0.00767,0.99233,-1,6,30,1,1,1,18:07,2,2,9
2023622300106,2023,622300106,1,2,3,1,32,6,1,9,9,0,0,0,0,1,W01001180,-1,0,0.0,0.0,-1,6,50,1,4,1,18:30,6,1,9
2023430540427,2023,430540427,3,3,1,1,41,7,3,0,0,0,0,0,9,7,E01016225,-1,0,0.02554,0.97446,-1,6,30,1,6,1,16:00,6,3,9
2023501313047,2023,501313047,1,1,2,2,26,6,2,0,0,1,0,0,9,2,E01019076,7,1,1.0,0.0,-1,6,30,1,1,1,13:53,3,1,9
2023451312023,2023,451312023,1,1,1,2,32,6,3,0,0,0,0,0,9,4,E01031608,3,1,0.0,1.0,-1,6,30,8,1,1,14:30,4,2,9
2023631333022,2023,631333022,1,1,1,2,67,10,3,0,0,0,0,0,9,9,W01001343,3,1,0.0,1.0,-1,6,60,1,1,1,14:00,2,1,9
2023010435898,2023,010435898,1,1,1,1,50,8,3,0,0,0,0,0,1,2,E01004755,-1,0,0.0,1.0,-1,6,30,1,1,1,14:40,3,2,1
2023522301705,2023,522301705,2,1,1,1,31,6,2,0,0,0,0,0,3,2,E01033353,-1,0,1.0,0.0,-1,1,40,1,4,1,22:22,1,2,3
2023010470641,2023,010470641,1,1,1,1,38,7,3,0,0,0,0,0,4,6,E01003157,-1,0,0.0,1.0,-1,6,20,1,1,1,16:34,7,2,4
2023061382948,2023,061382948,2,1,1,1,32,6,3,0,0,0,0,0,9,1,E01005432,3,1,0.0,1.0,-1,3,30,1,4,2,05:30,1,2,9
2023101347921,2023,101347921,2,1,1,1,50,8,3,0,0,0,0,0,9,6,E01008195,3,1,0.0,1.0,-1,3,30,1,1,1,16:05,5,2,9
2023501348016,2023,501348016,2,1,1,1,61,9,3,0,0,0,0,0,9,6,E01019938,3,1,0.0,1.0,-1,6,60,1,1,1,17:29,6,2,9
2023010463233,2023,010463233,1,1,2,2,70,10,3,0,0,0,3,0,11,-1,-1,-1,0,0.0,1.0,-1,3,20,1,1,1,20:15,4,1,11
2023552300245,2023,552300245,2,1,1,1,32,6,3,0,0,0,0,0,9,6,E01020529,-1,0,0.02028,0.97972,-1,6,60,2,4,2,22:26,3,2,9
2023411328278,2023,411328278,2,1,1,1,57,9,3,0,0,0,0,0,19,2,E01023860,3,1,0.0,1.0,-1,1,40,1,1,-1,13:45,3,2,19
2023161268991,2023,161268991,2,1,1,1,22,5,2,0,0,0,0,0,23,4,E01013314,7,1,1.0,0.0,-1,6,30,1,4,1,17:25,6,2,23
2023010435266,2023,010435266,1,2,2,2,6,2,3,0,0,2,0,0,9,2,E01004253,-1,0,0.0,1.0,-1,6,20,2,1,2,16:00,6,2,9
2023010473864,2023,010473864,2,2,1,1,51,8,2,0,0,0,0,0,9,-1,-1,-1,0,1.0,0.0,-1,3,30,1,4,1,22:05,3,3,9
2023320735703,2023,320735703,3,1,1,1,53,8,3,0,0,0,0,0,9,9,E01026231,-1,0,0.01153,0.98847,-1,6,60,9,1,1,08:00,2,3,9
2023430018420,2023,430018420,1,1,1,1,48,8,3,0,0,0,0,0,9,10,E01016524,-1,0,0.01265,0.98735,-1,6,40,1,1,1,08:30,6,2,9
2023991375477,2023,991375477,2,2,2,1,40,7,3,0,0,1,0,0,9,-1,-1,3,1,0.0,1.0,-1,3,50,1,4,2,20:42,2,2,9
2023052302892,2023,052302892,1,2,2,2,64,9,3,0,0,1,0,0,9,2,E01006948,-1,0,0.07339,0.92661,-1,1,60,8,1,2,14:00,6,2,9
2023161329718,2023,161329718,3,2,1,1,36,7,3,0,0,0,0,0,9,8,E01012246,3,1,0.0,1.0,-1,6,50,2,1,2,15:20,6,3,9
2023320146796,2023,320146796,1,1,2,1,39,7,2,0,0,1,0,0,9,1,E01026168,-1,0,1.0,0.0,-1,6,30,2,4,2,23:00,5,1,9
2023471263392,2023,471263392,2,1,1,1,52,8,3,0,0,0,0,0,9,2,E01016975,3,1,0.0,1.0,-1,3,70,4,6,2,18:30,7,3,9
2023141325455,2023,141325455,2,1,2,2,7,2,3,0,0,2,0,0,9,-1,-1,3,1,0.0,1.0,-1,6,30,1,1,1,15:19,1,2,9
2023440360223,2023,440360223,1,1,1,2,74,10,2,0,0,0,0,0,9,4,E01022478,-1,0,1.0,0.0,-1,6,30,1,1,1,07:55,3,2,9
2023451324854,2023,451324854,1,1,1,1,70,10,3,0,0,0,0,0,9,9,E01024104,3,1,0.0,1.0,-1,3,70,1,1,1,19:00,6,4,9
2023131342487,2023,131342487,2,1,1,1,36,7,3,0,0,0,0,0,1,8,E01011241,3,1,0.0,1.0,-1,6,30,1,1,1,17:11,4,3,1
2023141278444,2023,141278444,2,3,2,1,11,3,3,0,0,2,0,0,9,1,E01007544,3,1,0.0,1.0,-1,1,50,1,1,1,13:56,2,2,9
2023552400045,2023,552400045,2,1,1,1,59,9,3,0,0,0,0,0,9,4,E01015327,-1,0,0.07552,0.92448,-1,6,30,1,4,2,18:26,5,2,9
2023991290509,2023,991290509,1,3,2,1,7,2,3,0,0,2,0,0,9,4,-1,3,1,0.0,1.0,-1,6,60,1,1,1,17:45,7,1,9
2023111277938,2023,111277938,1,1,1,1,48,8,2,0,0,0,0,0,9,6,E01020619,5,1,1.0,0.0,-1,6,60,2,6,2,02:35,7,1,9
202360A066745,2023,60A066745,1,1,1,1,23,5,3,0,0,0,0,0,9,-1,-1,-1,0,0.13246,0.86754,-1,3,70,1,1,1,09:06,7,1,9
2023201312878,2023,201312878,2,1,1,2,53,8,2,0,0,0,0,0,1,7,E01029393,7,1,1.0,0.0,-1,1,30,1,1,1,08:10,1,2,1
2023311293298,2023,311293298,1,1,3,1,33,6,3,4,2,0,0,0,0,2,E01013814,3,1,0.0,1.0,-1,2,20,1,4,1,17:48,5,1,9
2023201296503,2023,201296503,2,1,1,1,16,4,3,0,0,0,0,0,2,1,E01010316,3,1,0.0,1.0,-1,6,30,1,1,1,07:30,3,2,2
2023141273972,2023,141273972,1,1,1,2,51,8,2,0,0,0,0,0,9,6,E01007387,6,1,1.0,0.0,-1,6,60,1,6,2,17:15,2,2,9
2023421272494,2023,421272494,3,1,1,1,46,8,3,0,0,0,0,0,9,10,E01021545,3,1,0.0,1.0,-1,6,40,1,1,1,16:45,3,4,9
2023461337029,2023,461337029,3,4,2,1,85,11,3,0,0,1,0,0,9,7,E01024737,3,1,0.0,1.0,-1,6,30,1,1,1,12:10,4,3,9
2023471287450,2023,471287450,1,1,3,2,37,7,3,1,1,0,0,0,0,1,E01020980,3,1,0.0,1.0,-1,6,30,1,1,1,16:45,3,1,11
2023010438856,2023,010438856,3,2,2,2,86,11,3,0,0,1,0,0,9,-1,-1,-1,0,0.0,1.0,-1,3,50,1,1,1,17:24,7,4,9
2023010421779,2023,010421779,1,1,3,2,65,9,2,5,3,0,0,0,0,5,E01003773,-1,0,1.0,0.0,-1,6,30,1,4,2,17:21,2,1,19
2023010455102,2023,010455102,1,1,3,2,23,5,3,1,1,0,0,0,0,5,E01004527,-1,0,0.0,1.0,-1,6,20,2,1,2,09:36,6,1,1
2023061373907,2023,061373907,1,1,3,2,42,7,3,5,9,0,0,0,0,6,E01004962,3,1,0.0,1.0,-1,6,30,1,1,2,15:28,6,1,19
2023552300513,2023,552300513,1,1,3,1,35,6,2,5,1,0,0,0,0,3,E01015285,-1,0,1.0,0.0,-1,6,30,1,1,1,19:31,1,1,9
2023010452821,2023,010452821,1,1,1,-1,42,7,3,0,0,0,0,0,1,2,E01033327,-1,0,0.0,1.0,-1,9,20,1,1,1,20:25,6,1,1
2023131381570,2023,131381570,2,1,1,2,47,8,2,0,0,0,0,0,9,2,E01011126,7,1,1.0,0.0,-1,6,30,8,4,4,22:45,6,2,9
2023141300825,2023,141300825,1,1,1,2,18,4,3,0,0,0,0,0,9,4,E01028252,3,1,0.0,1.0,-1,3,70,1,1,1,09:58,3,2,9
2023371307073,2023,371307073,2,1,1,1,42,7,3,0,0,0,0,0,9,4,E01017493,3,1,0.0,1.0,-1,3,40,1,4,1,01:48,1,2,9
2023041374665,2023,041374665,2,1,1,2,35,6,3,0,0,0,0,0,9,4,E01025216,3,1,0.0,1.0,-1,1,30,1,4,1,21:30,6,2,9
2023161340386,2023,161340386,1,1,3,1,7,2,2,5,4,0,0,0,0,1,E01012859,7,1,1.0,0.0,-1,6,30,1,1,1,13:00,5,1,9
2023201316266,2023,201316266,1,1,3,1,5,1,2,5,2,0,0,0,0,1,E01009048,7,1,1.0,0.0,-1,6,30,1,4,1,22:00,7,1,9
2023401395054,2023,401395054,1,1,3,1,40,7,2,9,9,0,0,0,0,2,E01017474,5,1,1.0,0.0,-1,6,50,1,6,1,16:48,6,1,9
2023991379978,2023,991379978,1,2,3,2,71,10,2,5,1,0,0,0,0,3,-1,5,1,1.0,0.0,-1,6,30,1,1,1,11:45,1,1,9
2023041361684,2023,041361684,1,1,1,1,14,3,3,0,0,0,0,0,1,-1,-1,3,1,0.0,1.0,-1,6,30,1,1,1,08:35,3,2,1
2023471294067,2023,471294067,1,1,1,1,15,3,3,0,0,0,0,0,1,6,E01021125,3,1,0.0,1.0,-1,6,30,1,1,1,15:25,3,2,1
2023061371074,2023,061371074,2,1,2,2,30,6,3,0,0,1,0,0,9,-1,-1,3,1,0.0,1.0,-1,7,50,1,1,1,12:30,1,2,9
2023201292352,2023,201292352,2,1,1,1,33,6,3,0,0,0,0,0,9,7,E01010461,3,1,0.0,1.0,-1,6,30,2,4,2,21:15,3,2,9
2023201299400,2023,201299400,1,2,2,2,11,3,3,0,0,2,0,0,9,1,E01010524,3,1,0.0,1.0,-1,6,30,1,1,1,16:50,5,2,9
2023421322952,2023,421322952,2,2,2,1,84,11,3,0,0,1,0,0,9,-1,-1,3,1,0.0,1.0,-1,3,70,1,1,1,17:00,2,2,9
2023451366148,2023,451366148,1,1,1,1,25,5,3,0,0,0,0,0,9,1,E01000744,3,1,0.0,1.0,-1,3,70,1,1,1,17:11,1,1,9
2023461380508,2023,461380508,2,1,1,2,49,8,2,0,0,0,0,0,9,9,E01024832,7,1,1.0,0.0,-1,3,30,1,1,1,11:07,1,2,9
2023541298123,2023,541298123,1,1,1,1,54,8,2,0,0,0,0,0,9,8,E01014425,-1,0,1.0,0.0,-1,3,70,1,1,1,15:04,1,2,9
2023052300832,2023,052300832,2,1,1,1,18,4,3,0,0,0,0,0,1,2,E01006869,-1,0,0.11804,0.88196,-1,6,30,1,1,2,11:00,4,2,1
2023131331625,2023,131331625,1,1,1,1,58,9,3,0,0,0,0,0,5,7,E01010639,3,1,0.0,1.0,-1,6,40,1,1,1,18:22,5,2,5
2023031340833,2023,031340833,1,1,1,1,60,9,3,0,0,0,0,0,9,4,E01019229,3,1,0.0,1.0,-1,6,60,1,6,1,22:10,6,1,9
2023351390231,2023,351390231,2,1,1,2,38,7,3,0,0,0,0,0,9,4,E01033178,3,1,0.0,1.0,-1,7,40,1,4,1,18:00,6,2,9
2023461358189,2023,461358189,1,1,1,2,56,9,3,0,0,0,0,0,9,8,E01021134,3,1,0.0,1.0,-1,6,50,2,1,2,01:45,5,1,9
2023471359976,2023,471359976,1,1,1,2,44,7,3,0,0,0,0,0,9,7,E01021098,3,1,0.0,1.0,-1,6,30,1,1,1,15:20,3,2,9
2023010443809,2023,010443809,4,1,2,1,32,6,2,0,0,0,0,0,19,2,E01003966,-1,0,1.0,0.0,-1,3,40,1,6,1,00:16,6,4,19
2023430352950,2023,430352950,2,1,2,1,31,6,3,0,0,0,0,0,19,3,E01016375,-1,0,0.03012,0.96988,-1,6,30,1,1,1,13:19,3,2,19
2023010450535,2023,010450535,1,1,3,1,65,9,3,6,9,0,0,0,0,6,E01002676,-1,0,0.0,1.0,-1,6,20,1,1,1,10:45,5,1,9
2023010438917,2023,010438917,1,2,2,1,22,5,3,0,0,2,0,0,9,-1,-1,-1,0,0.0,1.0,-1,3,30,1,4,2,23:00,7,3,9
2023122301162,2023,122301162,2,1,2,1,63,9,3,0,0,1,0,0,9,6,E01031159,-1,0,0.02912,0.97088,-1,6,60,1,1,1,14:20,1,2,9
2023010445614,2023,010445614,2,1,1,1,48,8,3,0,0,0,0,0,4,5,E01000639,-1,0,0.0,1.0,-1,6,20,2,1,1,12:25,7,2,4
2023131290093,2023,131290093,1,1,1,1,34,6,3,0,0,0,0,0,9,1,E01033003,3,1,0.0,1.0,-1,6,50,1,1,2,16:22,5,2,9