collision_index,collision_year,collision_ref_no,vehicle_reference,casualty_reference,casualty_class,sex_of_casualty,age_of_casualty,age_band_of_casualty,casualty_severity,pedestrian_location,pedestrian_movement,car_passenger,bus_or_coach_passenger,pedestrian_road_maintenance_worker,casualty_type,casualty_imd_decile,lsoa_of_casualty,enhanced_casualty_severity,casualty_injury_based,casualty_adjusted_severity_serious,casualty_adjusted_severity_slight,casualty_distance_banding,road_type,speed_limit,weather_conditions,light_conditions,road_surface_conditions,time,day_of_week,number_of_vehicles,vehicle_type
2023340WN1622,2023,340WN1622,3,2,1,1,45,7,3,0,0,0,0,0,9,9,E01027022,-1,0,0.06781,0.93219,-1,6,60,2,1,2,12:20,6,3,9
2023991392841,2023,991392841,1,2,2,2,49,8,3,0,0,2,0,0,9,3,-1,3,1,0.0,1.0,-1,3,70,5,1,2,07:38,4,1,9
2023221360688,2023,221360688,2,1,1,1,31,6,2,0,0,0,0,0,5,5,E01028933,7,1,1.0,0.0,-1,6,60,2,6,2,00:01,1,3,5
2023622301032,2023,622301032,1,1,1,1,25,5,3,0,0,0,0,0,8,5,W01001068,-1,0,0.03069,0.96931,-1,6,20,1,4,2,07:23,6,2,8
2023041285446,2023,041285446,2,1,1,2,34,6,3,0,0,0,0,0,9,7,E01012602,3,1,0.0,1.0,-1,6,30,2,1,3,08:25,3,2,9
2023201284787,2023,201284787,2,2,1,1,32,6,3,0,0,0,0,0,9,-1,-1,3,1,0.0,1.0,-1,3,50,1,4,2,01:04,1,4,9
2023010436159,2023,010436159,1,1,1,1,23,5,3,0,0,0,0,0,-1,3,E01001043,-1,0,0.0,1.0,-1,1,30,9,1,1,13:29,4,2,-1
2023111345372,2023,111345372,1,1,1,2,22,5,3,0,0,0,0,0,9,2,E01008874,3,1,0.0,1.0,-1,6,30,1,1,1,06:45,4,1,9
2023141295951,2023,141295951,1,1,1,1,20,4,3,0,0,0,0,0,9,8,E01008130,3,1,0.0,1.0,-1,6,20,1,1,1,12:30,4,2,9
2023547368723,2023,547368723,2,1,1,1,52,8,3,0,0,0,0,0,9,9,E01032069,-1,0,0.00404,0.99596,-1,6,40,2,1,2,07:55,6,2,9
2023411308723,2023,411308723,2,1,1,1,45,7,2,0,0,0,0,0,5,1,E01023844,6,1,1.0,0.0,-1,6,40,1,1,2,08:05,3,2,5
2023010427022,2023,010427022,1,1,1,1,40,7,3,0,0,0,0,0,9,2,E01015921,-1,0,0.0,1.0,-1,3,70,9,4,9,20:40,2,2,9
2023320332480,2023,320332480,1,2,1,2,41,7,2,0,0,0,0,0,9,9,E01026234,-1,0,1.0,0.0,-1,6,40,1,1,1,12:47,3,2,9
2023052300915,2023,052300915,2,1,1,1,51,8,3,0,0,0,0,0,19,6,E01000203,-1,0,0.10464,0.89536,-1,6,30,1,4,1,23:30,7,3,19
2023010442918,2023,010442918,1,1,1,1,26,6,3,0,0,0,0,0,1,3,E01004562,-1,0,0.0,1.0,-1,6,30,1,1,1,20:30,7,2,1
2023430049371,2023,430049371,2,1,1,1,29,6,3,0,0,0,0,0,1,9,E01016703,-1,0,0.0912,0.9088,-1,6,40,1,1,1,09:10,2,2,1
2023010421097,2023,010421097,1,2,2,1,54,8,3,0,0,1,0,0,9,9,E01030844,-1,0,0.0,1.0,-1,6,30,1,1,1,09:50,6,1,9
2023010424638,2023,010424638,1,1,1,1,58,9,3,0,0,0,0,0,9,3,E01002027,-1,0,0.0,1.0,-1,3,40,1,4,1,07:10,1,1,9
2023302301331,2023,302301331,1,1,1,2,29,6,3,0,0,0,0,0,9,3,E01019577,-1,0,0.12248,0.87752,-1,6,60,1,6,1,08:09,6,1,9
2023531352104,2023,531352104,2,1,1,1,60,9,3,0,0,0,0,0,9,5,E01022358,3,1,0.0,1.0,-1,6,60,2,1,2,12:25,3,2,9
2023401371278,2023,401371278,1,1,3,1,24,5,3,4,3,0,0,0,0,7,E01017420,3,1,0.0,1.0,-1,6,20,1,1,2,09:21,3,1,9
2023501345244,2023,501345244,1,1,1,1,40,7,3,0,0,0,0,0,8,4,E01018758,3,1,0.0,1.0,-1,6,50,1,1,1,16:51,5,2,8
2023131298149,2023,131298149,2,2,2,1,40,7,2,0,0,1,0,0,9,-1,-1,6,1,1.0,0.0,-1,3,40,1,1,1,15:34,3,3,9
2023401338187,2023,401338187,2,1,1,1,69,10,3,0,0,0,0,0,9,7,E01018247,3,1,0.0,1.0,-1,6,50,1,1,1,14:56,4,3,9
2023471364893,2023,471364893,2,2,1,1,27,6,3,0,0,0,0,0,1,4,E01031810,3,1,0.0,1.0,-1,6,20,2,6,2,21:00,5,2,1
2023421302149,2023,421302149,1,1,2,1,18,4,3,0,0,1,0,0,9,10,E01015910,3,1,0.0,1.0,-1,6,60,1,6,1,02:00,7,1,9
2023451317231,2023,451317231,1,2,2,1,32,6,3,0,0,2,0,0,9,5,E01004515,3,1,0.0,1.0,-1,3,40,1,6,1,15:10,1,2,9
2023320208808,2023,320208808,2,1,1,1,15,3,3,0,0,0,0,0,1,7,E01026029,-1,0,0.1371,0.8629,-1,6,30,2,4,2,21:55,5,2,1
2023041286238,2023,041286238,2,2,1,2,26,6,3,0,0,0,0,0,9,10,E01025475,3,1,0.0,1.0,-1,6,60,1,1,2,06:55,4,2,9
2023052301920,2023,052301920,1,1,1,2,38,7,3,0,0,0,0,0,9,5,E01006640,-1,0,0.05243,0.94757,-1,6,30,1,1,1,14:15,4,3,9
2023201400708,2023,201400708,2,1,1,2,38,7,3,0,0,0,0,0,9,8,E01010357,3,1,0.0,1.0,-1,6,30,1,1,1,16:09,7,2,9
2023531361470,2023,531361470,2,1,1,2,14,3,3,0,0,0,0,0,-1,5,E01022321,3,1,0.0,1.0,-1,3,30,1,4,1,02:10,7,2,-1
2023010450914,2023,010450914,1,1,1,2,23,5,3,0,0,0,0,0,3,2,E01002767,-1,0,0.0,1.0,-1,6,20,1,1,1,08:20,6,2,3
2023501359492,2023,501359492,1,1,1,2,25,5,3,0,0,0,0,0,3,3,E01015168,3,1,0.0,1.0,-1,6,30,1,1,1,17:20,4,2,3
2023031274252,2023,031274252,1,1,1,2,18,4,3,0,0,0,0,0,9,5,E01019220,3,1,0.0,1.0,-1,6,60,1,1,1,08:49,5,2,9
2023231375779,2023,231375779,1,2,2,1,33,6,1,0,0,1,0,0,9,-1,-1,1,1,0.0,0.0,-1,6,60,1,6,1,22:30,4,1,9
2023401273706,2023,401273706,2,1,1,1,60,9,3,0,0,0,0,0,19,7,E01017548,3,1,0.0,1.0,-1,6,30,1,1,2,13:30,2,2,19
2023311270686,2023,311270686,1,1,3,1,8,2,3,1,3,0,0,0,0,1,E01013954,3,1,0.0,1.0,-1,6,30,1,1,1,08:20,3,1,9
2023010468838,2023,010468838,1,1,1,2,21,5,3,0,0,0,0,0,3,4,E01001153,-1,0,0.0,1.0,-1,6,30,1,1,1,13:25,5,2,3
2023131318377,2023,131318377,1,1,1,1,41,7,2,0,0,0,0,0,5,1,E01010635,7,1,1.0,0.0,-1,6,30,1,1,1,07:25,4,2,5
2023302301389,2023,302301389,2,2,1,1,61,9,2,0,0,0,0,0,5,9,E01019621,-1,0,1.0,0.0,-1,6,50,1,6,1,20:00,5,2,5
2023010427181,2023,010427181,1,1,2,2,68,10,3,0,0,0,4,0,11,2,E01003593,-1,0,0.0,1.0,-1,3,30,1,4,1,17:36,3,1,11
2023010443059,2023,010443059,1,1,3,1,10,2,2,5,4,0,0,0,0,3,E01003374,-1,0,1.0,0.0,-1,6,20,1,1,1,08:48,2,1,9
2023141347712,2023,141347712,1,2,2,1,19,4,3,0,0,1,0,0,9,2,E01007556,3,1,0.0,1.0,-1,6,20,1,1,1,16:05,4,2,9
2023531392608,2023,531392608,2,2,1,1,65,9,3,0,0,0,0,0,9,6,E01022194,3,1,0.0,1.0,-1,6,60,5,1,2,08:11,4,2,9
2023991260495,2023,991260495,1,1,3,1,42,7,2,5,2,0,0,0,0,-1,-1,5,1,1.0,0.0,-1,3,30,1,4,1,17:15,6,1,9
2023010434404,2023,010434404,1,1,1,1,21,5,3,0,0,0,0,0,3,3,E01001942,-1,0,0.0,1.0,-1,6,30,1,1,1,20:30,1,2,3
2023041287919,2023,041287919,3,1,1,2,54,8,3,0,0,0,0,0,9,10,E01025532,3,1,0.0,1.0,-1,3,70,1,1,2,07:29,3,3,9
2023221277144,2023,221277144,1,4,2,1,80,11,3,0,0,1,0,0,9,8,W01000223,3,1,0.0,1.0,-1,6,60,2,1,2,12:12,1,2,9
2023440079340,2023,440079340,2,1,1,2,81,11,3,0,0,0,0,0,9,4,E01017297,-1,0,0.07875,0.92125,-1,6,30,1,1,1,11:46,1,2,9
2023543353623,2023,543353623,1,1,1,1,34,6,2,0,0,0,0,0,9,8,E01015552,-1,0,1.0,0.0,-1,3,70,2,6,2,19:24,4,1,9
2023010424024,2023,010424024,1,1,1,1,16,4,3,0,0,0,0,0,1,-1,-1,-1,0,0.0,1.0,-1,2,20,1,1,1,12:00,7,2,1
2023010485575,2023,010485575,2,2,1,1,27,6,3,0,0,0,0,0,9,3,E01003431,-1,0,0.0,1.0,-1,6,30,4,1,1,14:00,6,2,9
2023351357338,2023,351357338,2,2,2,2,11,3,3,0,0,-1,0,0,9,3,E01018073,3,1,0.0,1.0,-1,6,30,1,1,1,15:30,5,2,9
2023371330301,2023,371330301,1,1,1,2,26,6,2,0,0,0,0,0,9,8,E01033445,5,1,1.0,0.0,-1,3,70,1,1,1,07:41,6,2,9
2023440192654,2023,440192654,1,1,1,1,58,9,3,0,0,0,0,0,9,7,E01020405,-1,0,0.10551,0.89449,-1,6,30,1,1,1,13:10,3,2,9
2023461289708,2023,461289708,2,2,2,2,50,8,3,0,0,1,0,0,9,1,E01024389,3,1,0.0,1.0,-1,3,40,1,4,1,19:45,5,2,9
2023010462100,2023,010462100,1,1,1,1,18,4,3,0,0,0,0,0,3,3,E01004034,-1,0,0.0,1.0,-1,6,20,1,4,1,02:16,5,1,3
2023501307656,2023,501307656,1,1,1,1,35,6,2,0,0,0,0,0,3,4,E01020252,7,1,1.0,0.0,-1,6,60,1,1,1,18:17,2,2,3
2023221295933,2023,221295933,2,1,1,2,38,7,3,0,0,0,0,0,9,4,E01028849,3,1,0.0,1.0,-1,6,60,1,1,1,10:46,4,2,9
2023161298370,2023,161298370,1,1,1,1,53,8,3,0,0,0,0,0,19,8,E01013262,3,1,0.0,1.0,-1,6,30,1,1,1,10:55,4,2,19
2023311310917,2023,311310917,1,1,3,2,20,4,2,5,1,0,0,0,0,-1,-1,7,1,1.0,0.0,-1,6,20,1,1,1,09:02,4,1,18
2023320271458,2023,320271458,1,1,3,1,19,4,3,6,9,0,0,0,0,6,E01026031,-1,0,0.06348,0.93652,-1,6,40,9,1,1,16:12,3,1,9
2023010471049,2023,010471049,1,1,1,1,23,5,3,0,0,0,0,0,9,1,E01006556,-1,0,0.0,1.0,-1,3,40,1,1,1,16:20,2,2,9
2023101325401,2023,101325401,2,2,2,1,63,9,2,0,0,1,0,0,9,5,E01008470,5,1,1.0,0.0,-1,6,30,1,1,1,15:25,1,2,9
2023501386921,2023,501386921,2,1,2,2,40,7,3,0,0,2,0,0,9,1,E01015155,3,1,0.0,1.0,-1,6,40,2,1,2,14:20,2,2,9
2023201364148,2023,201364148,2,2,1,1,-1,-1,3,0,0,0,0,0,9,8,E01010226,3,1,0.0,1.0,-1,6,30,1,1,1,12:31,1,2,9
2023201454323,2023,201454323,1,2,3,2,36,7,3,1,3,0,0,2,0,3,E01008977,3,1,0.0,1.0,-1,6,30,1,4,2,17:50,7,1,9
2023332300656,2023,332300656,1,1,2,2,59,9,3,0,0,2,0,0,8,1,E01013652,-1,0,0.01086,0.98914,-1,3,30,1,1,1,12:30,3,2,8
2023371364403,2023,371364403,1,1,1,1,18,4,3,0,0,0,0,0,9,10,E01030179,3,1,0.0,1.0,-1,6,30,2,4,2,17:45,4,2,9
2023411357370,2023,411357370,2,1,1,2,65,9,3,0,0,0,0,0,9,3,E01023310,3,1,0.0,1.0,-1,6,30,1,1,1,11:49,7,2,9
2023501270649,2023,501270649,2,1,1,2,48,8,2,0,0,0,0,0,9,5,E01019039,7,1,1.0,0.0,-1,3,60,1,1,1,15:45,3,2,9
2023010433664,2023,010433664,1,3,2,2,50,8,3,0,0,0,3,0,11,1,E01002038,-1,0,0.0,1.0,-1,3,30,8,4,1,20:48,4,1,11
2023421318066,2023,421318066,1,1,3,1,13,3,2,1,1,0,0,0,0,8,E01021621,7,1,1.0,0.0,-1,6,40,1,1,1,08:23,3,1,9
2023010429967,2023,010429967,2,1,1,1,41,7,3,0,0,0,0,0,1,10,E01022062,-1,0,0.0,1.0,-1,6,20,1,1,1,08:30,5,2,1
2023430198689,2023,430198689,1,1,1,2,55,8,2,0,0,0,0,0,9,8,E01016711,-1,0,1.0,0.0,-1,3,70,1,1,1,12:20,1,2,9
2023010438657,2023,010438657,1,1,1,1,39,7,2,0,0,0,0,0,9,2,E01001726,-1,0,1.0,0.0,-1,3,40,1,1,1,13:02,6,2,9
2023401312958,2023,401312958,2,2,1,2,24,5,3,0,0,0,0,0,9,5,E01016768,3,1,0.0,1.0,-1,3,70,1,1,1,08:33,3,3,9
2023302301679,2023,302301679,1,1,3,2,89,11,2,5,1,0,0,0,0,9,E01019631,-1,0,1.0,0.0,-1,1,30,1,1,2,11:30,6,1,9
2023401354695,2023,401354695,2,1,1,2,36,7,3,0,0,0,0,0,1,2,E01017594,3,1,0.0,1.0,-1,6,30,1,1,1,08:08,6,2,1
2023522400595,2023,522400595,2,1,1,1,32,6,3,0,0,0,0,0,3,4,E01014523,-1,0,0.07904,0.92096,-1,6,20,1,1,1,18:31,7,2,3
2023421288757,2023,421288757,1,1,1,1,42,7,2,0,0,0,0,0,5,7,E01021950,6,1,1.0,0.0,-1,3,50,1,1,1,14:48,2,1,5
2023070691759,2023,070691759,2,2,1,2,48,8,3,0,0,0,0,0,9,10,E01018431,-1,0,0.05187,0.94813,-1,6,60,1,1,1,14:10,1,2,9
2023201379107,2023,201379107,2,2,2,2,77,11,3,0,0,1,0,0,9,6,E01009759,3,1,0.0,1.0,-1,6,30,1,1,1,15:45,4,2,9
2023501355303,2023,501355303,1,1,1,2,19,4,2,0,0,0,0,0,9,5,E01020340,7,1,1.0,0.0,-1,6,40,1,1,1,12:43,6,2,9
2023131325417,2023,131325417,1,3,3,1,35,6,2,6,9,0,0,1,0,5,E01011201,6,1,1.0,0.0,-1,6,30,2,1,2,11:11,2,3,9
2023991361651,2023,991361651,1,5,2,2,18,4,3,0,0,1,0,0,9,7,-1,3,1,0.0,1.0,-1,6,60,5,1,2,18:00,3,2,9
2023991367888,2023,991367888,1,2,2,1,18,4,2,0,0,1,0,0,9,6,-1,5,1,1.0,0.0,-1,6,60,2,6,2,01:09,7,1,9
2023010483850,2023,010483850,1,1,3,1,45,7,3,8,7,0,0,0,0,9,E01021530,-1,0,0.0,1.0,-1,3,20,4,4,2,20:25,4,1,3
2023070653885,2023,070653885,1,1,3,2,70,10,3,5,1,0,0,0,0,-1,-1,-1,0,0.17408,0.82592,-1,2,20,1,1,1,15:52,5,1,1
2023010471339,2023,010471339,2,1,1,1,29,6,2,0,0,0,0,0,1,2,E01004308,-1,0,1.0,0.0,-1,6,30,1,1,1,10:30,4,2,1
2023010440772,2023,010440772,1,1,1,1,27,6,3,0,0,0,0,0,5,10,E01004477,-1,0,0.0,1.0,-1,6,20,8,1,1,18:10,3,2,5
2023041349197,2023,041349197,2,1,2,1,50,8,3,0,0,1,0,0,9,7,E01024985,3,1,0.0,1.0,-1,1,30,1,1,1,16:00,6,2,9
2023411308027,2023,411308027,3,2,1,2,43,7,3,0,0,0,0,0,9,6,E01001408,3,1,0.0,1.0,-1,3,70,2,1,2,17:42,6,4,9
2023622300730,2023,622300730,3,3,1,1,49,8,3,0,0,0,0,0,9,4,W01001065,-1,0,0.01216,0.98784,-1,7,70,1,1,1,13:25,7,3,9
2023522301701,2023,522301701,2,1,1,2,28,6,3,0,0,0,0,0,-1,5,E01014983,-1,0,0.01821,0.98179,-1,6,20,9,1,-1,19:45,2,2,-1
2023201419007,2023,201419007,1,1,3,1,31,6,3,10,9,0,0,2,0,3,E01009105,3,1,0.0,1.0,-1,1,30,1,7,4,19:50,4,1,9
2023302300377,2023,302300377,1,1,1,1,68,10,2,0,0,0,0,0,1,-1,-1,-1,0,1.0,0.0,-1,6,60,1,1,1,09:45,7,1,1
2023010470591,2023,010470591,1,1,2,1,14,3,3,0,0,1,0,0,9,4,E01000155,-1,0,0.0,1.0,-1,3,20,1,1,1,12:29,7,2,9
2023451300786,2023,451300786,2,2,1,1,50,8,2,0,0,0,0,0,9,9,E01030916,7,1,1.0,0.0,-1,6,40,1,1,1,10:30,7,2,9
2023471383337,2023,471383337,1,1,1,1,41,7,3,0,0,0,0,0,9,7,E01021009,3,1,0.0,1.0,-1,3,30,1,1,2,09:20,4,2,9
2023311357907,2023,311357907,1,1,3,1,26,6,2,9,9,0,0,0,0,-1,-1,7,1,1.0,0.0,-1,6,30,1,1,1,08:38,7,1,9
2023522400648,2023,522400648,2,1,1,1,14,3,3,0,0,0,0,0,1,10,E01014889,-1,0,0.0889,0.9111,-1,6,30,1,1,1,15:27,5,2,1
2023622300327,2023,622300327,1,1,1,2,20,4,3,0,0,0,0,0,9,6,W01001472,-1,0,0.02412,0.97588,-1,3,30,1,1,1,14:49,7,1,9
2023622300596,2023,622300596,2,2,1,2,62,9,1,0,0,0,0,0,9,3,W01001208,-1,0,0.0,0.0,-1,6,60,1,1,1,14:02,3,4,9
2023461362026,2023,461362026,1,1,2,1,15,3,2,0,0,-1,-1,0,-1,4,E01024387,7,1,1.0,0.0,-1,6,60,1,1,1,12:52,7,2,-1
2023161308362,2023,161308362,1,1,3,1,68,10,3,5,1,0,0,0,0,8,E01012988,3,1,0.0,1.0,-1,6,20,1,1,1,10:55,6,1,8
2023061295918,2023,061295918,2,1,1,1,18,4,3,0,0,0,0,0,1,-1,-1,3,1,0.0,1.0,-1,6,30,2,7,2,18:40,3,2,1
2023471322136,2023,471322136,1,1,1,1,43,7,3,0,0,0,0,0,4,5,E01031378,3,1,0.0,1.0,-1,1,40,1,1,1,17:30,6,2,4
2023540792823,2023,540792823,2,1,1,1,24,5,3,0,0,0,0,0,5,6,E01031884,-1,0,0.17226,0.82774,-1,6,40,1,4,1,17:17,2,2,5
2023451295486,2023,451295486,2,3,2,1,8,2,3,0,0,2,0,0,9,6,E01031743,3,1,0.0,1.0,-1,6,40,9,1,1,18:15,6,2,9
2023531276702,2023,531276702,1,1,1,1,33,6,3,0,0,0,0,0,9,-1,-1,3,1,0.0,1.0,-1,6,40,7,6,2,22:02,3,2,9
2023531288251,2023,531288251,2,1,2,2,46,8,3,0,0,1,0,0,9,-1,-1,3,1,0.0,1.0,-1,6,60,1,1,1,17:25,7,3,9
2023010485184,2023,010485184,1,1,3,2,31,6,3,1,1,0,0,0,0,3,E01002780,-1,0,0.0,1.0,-1,6,30,8,1,1,10:00,1,1,9
2023061327470,2023,061327470,1,1,1,1,49,8,3,0,0,0,0,0,1,8,E01019755,3,1,0.0,1.0,-1,6,30,1,1,1,10:00,1,2,1
2023101321343,2023,101321343,2,1,1,1,53,8,3,0,0,0,0,0,1,10,E01027469,3,1,0.0,1.0,-1,6,30,1,1,1,16:30,5,2,1
2023061357121,2023,061357121,2,1,1,2,-1,-1,3,0,0,0,0,0,9,1,E01005486,3,1,0.0,1.0,-1,9,40,8,1,1,16:45,3,2,9
2023122301283,2023,122301283,1,1,2,1,30,6,2,0,0,1,0,0,9,6,E01027823,-1,0,1.0,0.0,-1,6,60,1,6,1,23:01,6,1,9
2023141369912,2023,141369912,1,2,2,1,32,6,3,0,0,0,0,0,9,7,E01008033,3,1,0.0,1.0,-1,6,30,1,1,2,10:45,5,2,9
2023501363114,2023,501363114,1,1,1,2,37,7,3,0,0,0,0,0,9,6,E01020204,3,1,0.0,1.0,-1,6,30,1,1,1,14:58,7,3,9
2023622300188,2023,622300188,2,2,1,1,41,7,3,0,0,0,0,0,9,7,W01001028,-1,0,0.02229,0.97771,-1,3,50,1,4,1,20:23,7,2,9
2023201367361,2023,201367361,2,2,2,2,63,9,3,0,0,0,4,0,11,-1,-1,3,1,0.0,1.0,-1,3,30,1,1,1,10:57,4,2,11
2023440057387,2023,440057387,1,1,1,1,55,8,2,0,0,0,0,0,5,5,E01023285,-1,0,1.0,0.0,-1,6,60,1,6,2,19:12,6,1,5
2023010436503,2023,010436503,2,2,2,2,48,8,3,0,0,1,0,0,9,8,E01003807,-1,0,0.0,1.0,-1,6,20,1,1,1,14:00,6,2,9
2023010443596,2023,010443596,1,1,1,2,56,9,3,0,0,0,0,0,9,4,E01003322,-1,0,0.0,1.0,-1,6,20,1,1,1,10:15,4,2,9
2023010456131,2023,010456131,1,1,1,1,39,7,3,0,0,0,0,0,9,4,E01033424,-1,0,0.0,1.0,-1,1,50,1,1,1,16:00,4,2,9
2023010469103,2023,010469103,2,4,2,2,33,6,3,0,0,1,0,0,9,4,E01021310,-1,0,0.0,1.0,-1,3,20,1,4,1,23:53,6,3,9
2023141278444,2023,141278444,2,2,1,1,38,7,3,0,0,0,0,0,9,1,E01007544,3,1,0.0,1.0,-1,1,50,1,1,1,13:56,2,2,9
2023471259898,2023,471259898,1,1,1,1,43,7,2,0,0,0,0,0,19,5,E01021121,6,1,1.0,0.0,-1,3,70,2,1,2,08:37,5,3,19
202363A017423,2023,63A017423,1,2,3,2,39,7,3,1,3,0,0,0,0,-1,-1,-1,0,0.18907,0.81093,-1,3,30,1,1,1,17:20,5,1,9
2023221386476,2023,221386476,1,4,2,2,25,5,2,0,0,1,0,0,9,9,W01000399,6,1,1.0,0.0,-1,6,60,2,1,2,10:16,7,2,9
2023141377774,2023,141377774,1,1,3,1,12,3,3,5,3,0,0,0,0,6,E01007347,3,1,0.0,1.0,-1,6,30,1,1,2,08:10,6,1,11
2023201328048,2023,201328048,1,1,3,2,66,10,3,6,3,0,0,0,0,2,E01010003,3,1,0.0,1.0,-1,6,30,1,1,1,08:55,4,1,9
2023052302649,2023,052302649,2,1,1,1,43,7,2,0,0,0,0,0,3,1,E01006754,-1,0,1.0,0.0,-1,6,20,2,1,2,15:00,7,2,3
2023411363249,2023,411363249,2,2,1,2,62,9,2,0,0,0,0,0,9,3,E01015785,6,1,1.0,0.0,-1,6,40,1,1,1,15:44,5,2,9
2023421387591,2023,421387591,2,1,1,1,23,5,2,0,0,0,0,0,3,3,E01015902,7,1,1.0,0.0,-1,3,70,2,4,2,16:30,5,3,3
2023111381891,2023,111381891,1,1,2,1,28,6,2,0,0,1,0,0,9,4,E01020832,7,1,1.0,0.0,-1,6,30,7,5,2,00:40,1,1,9
2023411374373,2023,411374373,2,1,1,2,30,6,3,0,0,0,0,0,9,9,E01033194,3,1,0.0,1.0,-1,3,60,1,1,1,10:55,7,3,9
2023520300385,2023,520300385,1,2,2,1,27,6,3,0,0,1,0,0,9,10,E01029168,-1,0,0.05418,0.94582,-1,6,40,9,1,2,12:20,7,1,9
2023010427765,2023,010427765,1,1,1,1,60,9,3,0,0,0,0,0,9,1,E01002038,-1,0,0.0,1.0,-1,6,20,1,4,1,17:55,6,1,9
2023201298172,2023,201298172,1,1,1,1,18,4,3,0,0,0,0,0,9,-1,-1,3,1,0.0,1.0,-1,6,30,2,4,2,20:01,2,3,9
2023201298353,2023,201298353,2,1,1,2,31,6,3,0,0,0,0,0,9,1,E01010076,3,1,0.0,1.0,-1,6,30,1,1,1,18:39,4,2,9
2023201308394,2023,201308394,1,3,2,2,17,4,3,0,0,2,0,0,9,5,E01010542,3,1,0.0,1.0,-1,6,30,1,4,1,01:16,1,2,9
2023311345070,2023,311345070,1,1,1,2,51,8,2,0,0,0,0,0,9,1,E01028318,7,1,1.0,0.0,-1,6,30,1,1,1,11:05,5,2,9
2023461365936,2023,461365936,2,1,1,2,51,8,3,0,0,0,0,0,9,7,E01024318,3,1,0.0,1.0,-1,6,30,1,4,1,06:07,4,2,9
2023010479602,2023,010479602,1,1,1,1,33,6,3,0,0,0,0,0,9,3,E01003564,-1,0,0.0,1.0,-1,6,30,1,4,1,19:00,4,2,9
2023041319959,2023,041319959,2,2,2,2,53,8,3,0,0,2,0,0,9,2,E01012580,3,1,0.0,1.0,-1,6,30,1,1,1,12:10,6,2,9
2023430028917,2023,430028917,1,2,2,1,23,5,3,0,0,1,0,0,9,4,E01016447,-1,0,0.17195,0.82805,-1,6,40,1,6,2,22:30,5,1,9
2023430329672,2023,430329672,2,4,2,1,27,6,3,0,0,2,0,0,9,7,E01016827,-1,0,0.0103,0.9897,-1,6,60,1,1,1,18:30,1,2,9
2023010467798,2023,010467798,1,1,3,2,75,10,3,6,9,0,0,0,0,3,E01003615,-1,0,0.0,1.0,-1,7,20,1,1,1,09:49,7,1,2
2023111377101,2023,111377101,2,1,1,1,45,7,3,0,0,0,0,0,9,-1,-1,3,1,0.0,1.0,-1,3,60,4,1,2,13:00,3,2,9
2023501370055,2023,501370055,1,1,1,2,56,9,3,0,0,0,0,0,9,5,E01018921,3,1,0.0,1.0,-1,6,60,5,6,2,17:00,4,2,9
2023548902923,2023,548902923,1,1,3,1,83,11,2,10,1,0,0,0,0,6,E01032074,-1,0,1.0,0.0,-1,6,20,1,1,1,09:45,4,1,9
2023010456351,2023,010456351,2,1,1,1,49,8,3,0,0,0,0,0,1,3,E01003145,-1,0,0.0,1.0,-1,6,30,1,1,1,18:55,5,2,1
2023361293997,2023,361293997,1,1,1,1,71,10,3,0,0,0,0,0,9,7,E01026579,3,1,0.0,1.0,-1,3,70,1,1,1,16:15,6,2,9
2023421341928,2023,421341928,1,1,1,2,57,9,3,0,0,0,0,0,9,4,E01021374,3,1,0.0,1.0,-1,6,40,1,1,1,11:53,3,1,9
2023451263161,2023,451263161,2,1,1,1,25,5,3,0,0,0,0,0,9,6,E01030755,3,1,0.0,1.0,-1,6,30,1,4,1,17:50,6,2,9
2023461350245,2023,461350245,2,3,2,2,-1,-1,3,0,0,0,4,0,11,-1,-1,3,1,0.0,1.0,-1,3,30,1,1,1,17:23,1,2,11
2023552300690,2023,552300690,2,1,1,2,50,8,2,0,0,0,0,0,9,2,E01020553,-1,0,1.0,0.0,-1,6,50,1,1,1,12:46,7,2,9
2023522301003,2023,522301003,1,1,1,1,27,6,3,0,0,0,0,0,1,3,E01014731,-1,0,0.01092,0.98908,-1,6,30,9,1,-1,15:50,3,2,1
2023430372996,2023,430372996,2,3,2,2,26,6,3,0,0,2,0,0,9,4,E01003186,-1,0,0.04366,0.95634,-1,6,30,1,1,1,18:17,1,2,9
2023340WN3602,2023,340WN3602,2,1,1,1,16,4,3,0,0,0,0,0,23,7,E01028480,-1,0,0.03488,0.96512,-1,6,40,1,1,1,15:50,4,2,23
2023010484654,2023,010484654,1,1,3,-1,15,3,3,10,9,0,0,0,0,10,E01000325,-1,0,0.0,1.0,-1,1,30,1,4,1,16:40,5,1,9
2023122300686,2023,122300686,1,1,3,2,41,7,3,6,9,0,0,0,0,3,E01013350,-1,0,0.04079,0.95921,-1,2,20,1,1,1,08:47,3,1,19
2023361273915,2023,361273915,1,1,3,1,69,10,3,5,3,0,0,0,0,10,E01026562,3,1,0.0,1.0,-1,6,30,1,4,2,16:53,2,1,9
2023371265190,2023,371265190,1,3,2,2,85,11,2,0,0,1,0,0,9,10,E01030085,5,1,1.0,0.0,-1,6,60,1,4,2,18:07,4,2,9
2023440520823,2023,440520823,1,1,1,1,42,7,2,0,0,0,0,0,9,8,E01031542,-1,0,1.0,0.0,-1,3,70,4,4,2,16:30,5,1,9