collision_index,collision_year,collision_ref_no,vehicle_reference,casualty_reference,casualty_class,sex_of_casualty,age_of_casualty,age_band_of_casualty,casualty_severity,pedestrian_location,pedestrian_movement,car_passenger,bus_or_coach_passenger,pedestrian_road_maintenance_worker,casualty_type,casualty_imd_decile,lsoa_of_casualty,enhanced_casualty_severity,casualty_injury_based,casualty_adjusted_severity_serious,casualty_adjusted_severity_slight,casualty_distance_banding,road_type,speed_limit,weather_conditions,light_conditions,road_surface_conditions,time,day_of_week,number_of_vehicles,vehicle_type
2023461331661,2023,461331661,1,1,1,1,33,6,3,0,0,0,0,0,9,3,E01024717,3,1,0.0,1.0,-1,6,40,1,1,1,05:13,1,2,9
2023010421146,2023,010421146,1,1,3,1,29,6,3,8,9,0,0,0,0,5,E01000631,-1,0,0.0,1.0,-1,3,30,1,1,1,09:20,6,1,11
2023010445055,2023,010445055,1,1,3,1,34,6,3,9,5,0,0,0,0,3,E01000506,-1,0,0.0,1.0,-1,3,30,1,1,1,15:11,5,1,11
2023440244247,2023,440244247,1,1,3,1,26,6,3,4,1,0,0,0,0,-1,-1,-1,0,0.15809,0.84191,-1,2,30,1,1,1,17:56,2,1,9
2023371389987,2023,371389987,2,1,1,1,42,7,3,0,0,0,0,0,3,6,E01030218,3,1,0.0,1.0,-1,6,30,9,4,2,07:07,6,2,3
2023440218130,2023,440218130,1,1,2,2,66,10,2,0,0,0,0,0,5,3,E01027317,-1,0,1.0,0.0,-1,6,60,1,1,1,12:39,6,2,5
2023471286815,2023,471286815,1,1,1,2,45,7,2,0,0,0,0,0,5,3,E01031430,5,1,1.0,0.0,-1,6,30,1,1,1,07:50,3,2,5
2023540503523,2023,540503523,1,1,1,2,23,5,3,0,0,0,0,0,9,-1,-1,-1,0,0.04591,0.95409,-1,6,40,1,4,2,18:57,1,2,9
2023610001923,2023,610001923,3,2,1,1,50,8,3,0,0,0,0,0,9,1,W01001334,-1,0,0.09562,0.90438,-1,6,60,1,1,1,13:21,6,3,9
2023061327370,2023,061327370,2,1,2,2,32,6,3,0,0,2,0,0,9,-1,-1,3,1,0.0,1.0,-1,6,30,2,7,2,22:37,7,2,9
2023201411230,2023,201411230,2,1,1,1,51,8,3,0,0,0,0,0,9,2,E01010093,3,1,0.0,1.0,-1,6,30,1,7,1,13:10,3,3,9
2023361383356,2023,361383356,1,1,1,1,26,6,3,0,0,0,0,0,9,8,E01033538,3,1,0.0,1.0,-1,6,60,1,1,4,06:44,6,2,9
2023451270011,2023,451270011,1,1,1,1,18,4,3,0,0,0,0,0,9,10,E01030941,3,1,0.0,1.0,-1,6,30,1,4,1,02:38,3,1,9
2023340NN9062,2023,340NN9062,1,1,1,1,19,4,1,0,0,0,0,0,9,2,E01026958,-1,0,0.0,0.0,-1,6,60,1,1,1,17:14,6,1,9
2023201330562,2023,201330562,1,1,1,1,48,8,2,0,0,0,0,0,19,5,E01032426,7,1,1.0,0.0,-1,3,30,1,1,1,15:27,6,2,19
2023340NN3792,2023,340NN3792,2,1,1,1,56,9,3,0,0,0,0,0,9,6,E01027043,-1,0,0.07258,0.92742,-1,6,40,1,1,1,14:20,1,2,9
2023531378647,2023,531378647,2,1,1,1,34,6,3,0,0,0,0,0,9,2,E01022238,3,1,0.0,1.0,-1,6,30,1,1,1,15:20,6,2,9
2023320327770,2023,320327770,1,1,1,1,59,9,3,0,0,0,0,0,5,9,E01026334,-1,0,0.19867,0.80133,-1,6,60,1,1,1,12:15,2,1,5
2023371394616,2023,371394616,2,1,1,1,29,6,3,0,0,0,0,0,1,1,E01030018,3,1,0.0,1.0,-1,6,30,2,4,2,17:00,6,2,1
2023201340714,2023,201340714,2,1,1,1,26,6,3,0,0,0,0,0,3,2,E01010045,3,1,0.0,1.0,-1,6,30,1,1,1,12:50,6,2,3
2023141392842,2023,141392842,1,1,1,2,30,6,3,0,0,0,0,0,9,-1,-1,3,1,0.0,1.0,-1,6,30,4,1,2,14:47,5,2,9
2023201314146,2023,201314146,2,2,1,1,28,6,3,0,0,0,0,0,9,3,E01009876,3,1,0.0,1.0,-1,3,40,2,1,2,08:00,2,2,9
2023401267537,2023,401267537,2,1,1,2,28,6,3,0,0,0,0,0,9,6,E01003228,3,1,0.0,1.0,-1,1,30,1,1,1,14:20,7,2,9
2023010422346,2023,010422346,1,2,2,2,59,9,3,0,0,2,0,0,9,1,E01004198,-1,0,0.0,1.0,-1,1,20,1,4,2,19:00,5,2,9
2023311353081,2023,311353081,2,1,1,1,37,7,3,0,0,0,0,0,9,1,E01013883,3,1,0.0,1.0,-1,3,40,1,1,1,19:00,6,2,9
2023320351104,2023,320351104,3,1,1,2,32,6,3,0,0,0,0,0,9,1,E01013229,-1,0,0.03122,0.96878,-1,6,30,1,1,1,17:00,5,3,9
2023546879323,2023,546879323,2,3,2,2,35,6,3,0,0,2,0,0,9,4,E01015365,-1,0,0.01157,0.98843,-1,3,40,1,1,1,07:53,6,2,9
2023010441004,2023,010441004,1,1,1,2,38,7,3,0,0,0,0,0,1,5,E01003340,-1,0,0.0,1.0,-1,6,20,1,1,1,17:30,6,2,1
2023302300359,2023,302300359,2,1,1,1,49,8,2,0,0,0,0,0,1,3,E01013517,-1,0,1.0,0.0,-1,6,30,2,1,2,15:50,4,2,1
2023311355406,2023,311355406,1,1,3,1,57,9,3,9,8,0,0,0,0,6,E01028326,3,1,0.0,1.0,-1,6,30,1,6,1,20:00,6,1,90
2023440481673,2023,440481673,1,1,3,1,49,8,3,1,3,0,0,0,0,3,E01017366,-1,0,0.20504,0.79496,-1,6,30,1,4,1,16:40,6,1,9
2023041290438,2023,041290438,1,1,1,2,30,6,3,0,0,0,0,0,9,5,E01013390,3,1,0.0,1.0,-1,6,30,1,1,1,10:45,7,2,9
2023161334183,2023,161334183,1,1,1,1,31,6,3,0,0,0,0,0,9,1,E01011428,3,1,0.0,1.0,-1,3,70,1,6,1,21:40,5,1,9
2023440107548,2023,440107548,1,1,1,2,25,5,3,0,0,0,0,0,9,6,E01032884,-1,0,0.04523,0.95477,-1,3,30,1,1,1,17:29,6,2,9
2023471322478,2023,471322478,2,2,1,1,40,7,3,0,0,0,0,0,9,7,E01021181,3,1,0.0,1.0,-1,6,30,1,1,1,12:07,1,2,9
2023520400740,2023,520400740,1,1,1,1,60,9,3,0,0,0,0,0,9,9,E01029295,-1,0,0.05645,0.94355,-1,6,30,2,1,2,18:37,4,2,9
2023161275822,2023,161275822,1,1,3,1,24,5,3,8,7,0,0,2,0,1,E01013201,3,1,0.0,1.0,-1,6,20,1,1,1,17:05,7,1,9
2023061365185,2023,061365185,2,1,1,1,11,3,3,0,0,0,0,0,1,2,E01005323,3,1,0.0,1.0,-1,6,20,1,1,1,16:30,5,2,1
2023461330271,2023,461330271,2,1,1,1,22,5,3,0,0,0,0,0,3,7,E01024137,3,1,0.0,1.0,-1,1,40,1,1,1,07:13,3,2,3
2023361369415,2023,361369415,1,1,1,1,75,10,3,0,0,0,0,0,9,9,E01026875,3,1,0.0,1.0,-1,6,30,2,1,2,16:23,3,2,9
2023401321565,2023,401321565,2,1,1,2,29,6,3,0,0,0,0,0,9,5,E01017486,3,1,0.0,1.0,-1,6,30,1,1,1,18:35,3,2,9
2023531316098,2023,531316098,2,2,2,2,13,3,2,0,0,2,0,0,9,3,E01022256,5,1,1.0,0.0,-1,6,40,1,1,1,18:46,4,2,9
2023631358237,2023,631358237,1,3,2,1,37,7,3,0,0,2,0,0,9,2,W01000811,3,1,0.0,1.0,-1,6,50,2,1,2,06:55,1,2,9
2023340WN0452,2023,340WN0452,1,3,2,1,84,11,3,0,0,0,4,0,11,-1,-1,-1,0,0.10383,0.89617,-1,6,40,1,1,1,08:42,2,2,11
2023401380725,2023,401380725,1,1,3,2,25,5,3,5,1,0,0,0,0,1,E01015795,3,1,0.0,1.0,-1,6,30,1,1,2,09:18,3,1,9
2023311276778,2023,311276778,1,1,1,1,79,11,2,0,0,0,0,0,5,-1,-1,6,1,1.0,0.0,-1,3,70,2,4,2,17:51,4,1,5
2023010444111,2023,010444111,1,2,2,1,85,11,3,0,0,1,0,0,9,3,E01003143,-1,0,0.0,1.0,-1,6,20,2,1,1,16:50,7,2,9
2023101305076,2023,101305076,1,3,2,2,25,5,3,0,0,2,0,0,9,-1,-1,3,1,0.0,1.0,-1,6,50,2,1,2,18:35,2,1,9
2023201286001,2023,201286001,2,1,1,-1,59,9,3,0,0,0,0,0,9,1,E01010455,3,1,0.0,1.0,-1,3,30,1,1,2,16:20,4,2,9
2023401338943,2023,401338943,2,1,1,2,25,5,3,0,0,0,0,0,9,-1,-1,3,1,0.0,1.0,-1,6,30,1,1,1,17:37,4,2,9
2023991367080,2023,991367080,2,2,1,2,46,8,3,0,0,0,0,0,9,7,E01024097,3,1,0.0,1.0,-1,6,60,2,1,2,16:18,4,4,9
2023010438940,2023,010438940,1,1,1,1,39,7,2,0,0,0,0,0,1,1,E01002066,-1,0,1.0,0.0,-1,9,20,1,1,1,10:20,1,2,1
2023451390105,2023,451390105,1,1,1,1,31,6,3,0,0,0,0,0,3,6,E01003366,3,1,0.0,1.0,-1,6,20,1,4,1,16:30,1,2,3
2023332300178,2023,332300178,1,1,2,2,1,1,3,0,0,2,0,0,9,10,E01025817,-1,0,0.04388,0.95612,-1,6,30,1,1,2,17:10,6,2,9
2023401304048,2023,401304048,1,3,2,2,66,10,3,0,0,2,0,0,9,7,E01032108,3,1,0.0,1.0,-1,9,20,1,1,1,15:07,3,1,9
2023461261788,2023,461261788,2,1,1,1,75,10,2,0,0,0,0,0,1,8,E01024603,7,1,1.0,0.0,-1,6,20,1,1,1,12:00,5,2,1
2023302300994,2023,302300994,2,1,1,1,21,5,2,0,0,0,0,0,4,2,E01005188,-1,0,1.0,0.0,-1,6,50,1,1,1,13:27,1,2,4
2023332300955,2023,332300955,1,1,1,1,58,9,2,0,0,0,0,0,5,4,E01025907,-1,0,1.0,0.0,-1,6,30,1,1,1,14:30,7,1,5
2023070226703,2023,070226703,2,1,1,2,34,6,3,0,0,0,0,0,9,2,E01018354,-1,0,0.00736,0.99264,-1,6,30,1,1,1,13:55,6,2,9
2023451296809,2023,451296809,1,1,1,1,46,8,3,0,0,0,0,0,9,3,E01003374,3,1,0.0,1.0,-1,6,30,1,1,2,17:29,6,3,9
2023471264084,2023,471264084,1,1,1,1,31,6,1,0,0,0,0,0,9,10,E01022763,1,1,0.0,0.0,-1,3,70,1,6,4,21:24,2,3,9
2023201306687,2023,201306687,2,2,1,1,44,7,3,0,0,0,0,0,19,1,E01009033,3,1,0.0,1.0,-1,6,30,2,4,2,20:57,2,3,19
2023101330314,2023,101330314,2,3,2,2,66,10,3,0,0,2,0,0,9,2,E01008825,3,1,0.0,1.0,-1,1,30,1,1,1,17:08,6,2,9
2023371392237,2023,371392237,2,2,1,1,60,9,3,0,0,0,0,0,9,6,E01030006,3,1,0.0,1.0,-1,6,50,1,1,2,13:10,3,2,9
2023440025516,2023,440025516,1,1,1,1,50,8,3,0,0,0,0,0,9,6,E01023237,-1,0,0.13634,0.86366,-1,6,60,1,6,4,19:00,5,3,9
2023501398874,2023,501398874,2,1,1,1,92,11,3,0,0,0,0,0,9,4,E01019918,3,1,0.0,1.0,-1,6,30,1,1,1,16:10,5,2,9
2023991313274,2023,991313274,2,1,2,1,10,2,3,0,0,1,0,0,9,3,-1,3,1,0.0,1.0,-1,6,30,1,1,1,19:00,3,2,9
2023332300972,2023,332300972,1,1,1,1,24,5,3,0,0,0,0,0,1,1,E01013651,-1,0,0.02269,0.97731,-1,6,30,1,1,1,07:40,3,2,1
2023061363978,2023,061363978,1,1,1,1,29,6,2,0,0,0,0,0,9,7,W01000128,7,1,1.0,0.0,-1,6,30,1,1,1,13:20,3,3,9
2023522301727,2023,522301727,1,1,1,2,48,8,3,0,0,0,0,0,9,10,E01014995,-1,0,0.00769,0.99231,-1,6,30,1,1,1,09:00,6,2,9
2023531285513,2023,531285513,2,2,1,2,28,6,2,0,0,0,0,0,9,7,E01015526,5,1,1.0,0.0,-1,6,60,1,1,1,16:13,6,2,9
2023540966623,2023,540966623,2,1,1,2,65,9,3,0,0,0,0,0,9,6,E01031944,-1,0,0.05073,0.94927,-1,6,60,1,6,2,17:05,6,3,9
2023991263929,2023,991263929,2,3,2,1,20,4,3,0,0,0,0,0,19,-1,-1,3,1,0.0,1.0,-1,6,30,1,1,1,11:47,2,2,19
2023010459914,2023,010459914,1,1,3,1,55,8,3,1,3,0,0,0,0,6,E01004583,-1,0,0.0,1.0,-1,6,20,1,1,1,17:07,5,1,9
2023101373530,2023,101373530,2,1,1,2,18,4,3,0,0,0,0,0,1,5,E01008397,3,1,0.0,1.0,-1,6,30,1,1,1,15:00,6,2,1
2023111373669,2023,111373669,1,4,1,1,19,4,3,0,0,0,0,0,9,3,E01008739,3,1,0.0,1.0,-1,3,50,1,1,1,14:20,1,1,9
2023122300920,2023,122300920,1,1,1,1,67,10,2,0,0,0,0,0,9,1,E01011659,-1,0,1.0,0.0,-1,3,70,1,6,1,20:47,2,2,9
2023430453312,2023,430453312,3,2,1,1,72,10,3,0,0,0,0,0,9,10,E01017682,-1,0,0.08879,0.91121,-1,6,60,1,1,1,10:38,2,3,9
2023991298655,2023,991298655,1,1,3,1,45,7,2,9,8,0,0,2,0,2,-1,5,1,1.0,0.0,-1,3,70,1,6,1,22:32,4,1,9
2023451320850,2023,451320850,1,1,1,1,42,7,3,0,0,0,0,0,9,10,E01030360,3,1,0.0,1.0,-1,6,30,2,1,2,06:10,3,2,9
2023552300082,2023,552300082,2,1,1,2,48,8,3,0,0,0,0,0,9,8,E01020474,-1,0,0.01884,0.98116,-1,6,30,1,1,4,07:48,3,2,9
2023991337631,2023,991337631,2,2,1,1,45,7,3,0,0,0,0,0,9,7,-1,3,1,0.0,1.0,-1,6,30,1,1,1,17:10,4,2,9
2023122400053,2023,122400053,2,1,1,1,38,7,3,0,0,0,0,0,1,5,E01027729,-1,0,0.06409,0.93591,-1,6,30,1,6,1,17:00,4,2,1
2023052300118,2023,052300118,1,1,1,2,50,8,3,0,0,0,0,0,9,8,E01025513,-1,0,0.03708,0.96292,-1,3,30,1,1,1,09:25,6,2,9
2023201387178,2023,201387178,2,2,2,2,8,2,3,0,0,2,0,0,9,9,E01009549,3,1,0.0,1.0,-1,6,30,2,1,2,15:40,5,2,9
2023991339610,2023,991339610,1,1,1,1,19,4,3,0,0,0,0,0,9,2,-1,3,1,0.0,1.0,-1,3,50,1,1,1,20:44,3,1,9
2023461318189,2023,461318189,2,2,1,1,42,7,2,0,0,0,0,0,9,10,E01024725,6,1,1.0,0.0,-1,3,50,1,1,1,15:49,4,2,9
2023471307485,2023,471307485,2,1,1,1,30,6,3,0,0,0,0,0,9,8,E01031664,3,1,0.0,1.0,-1,6,40,1,1,1,07:50,2,2,9
2023010457003,2023,010457003,2,2,1,1,64,9,3,0,0,0,0,0,19,8,E01015965,-1,0,0.0,1.0,-1,6,30,1,1,1,12:40,2,2,19
2023010483167,2023,010483167,2,1,1,1,45,7,3,0,0,0,0,0,-1,2,E01001795,-1,0,0.0,1.0,-1,6,20,5,5,2,11:40,1,2,-1
2023122300639,2023,122300639,2,2,1,1,64,9,2,0,0,0,0,0,1,4,E01027832,-1,0,1.0,0.0,-1,6,60,1,1,1,15:21,3,2,1
2023010439963,2023,010439963,2,2,1,2,35,6,2,0,0,0,0,0,9,3,E01001043,-1,0,1.0,0.0,-1,3,40,1,1,1,08:46,6,3,9
2023520000312,2023,520000312,1,1,1,1,38,7,3,0,0,0,0,0,9,2,E01014458,-1,0,0.01252,0.98748,-1,6,30,1,1,2,13:45,3,2,9
2023522300091,2023,522300091,1,1,1,2,42,7,3,0,0,0,0,0,9,6,E01014769,-1,0,0.00283,0.99717,-1,6,40,1,1,1,11:13,2,2,9
2023010430447,2023,010430447,1,1,1,2,51,8,3,0,0,0,0,0,9,5,E01033731,-1,0,0.0,1.0,-1,6,20,1,4,1,00:45,7,2,9
2023122300920,2023,122300920,2,3,2,2,13,3,2,0,0,1,0,0,9,9,E01005785,-1,0,1.0,0.0,-1,3,70,1,6,1,20:47,2,2,9
2023421392906,2023,421392906,1,1,1,2,28,6,2,0,0,0,0,0,9,9,E01021789,7,1,1.0,0.0,-1,6,40,1,1,1,08:00,5,1,9
2023991279522,2023,991279522,1,3,2,2,25,5,3,0,0,1,0,0,9,2,-1,3,1,0.0,1.0,-1,1,30,1,1,1,11:55,7,2,9
2023991352620,2023,991352620,1,1,1,2,55,8,3,0,0,0,0,0,9,7,-1,3,1,0.0,1.0,-1,6,60,1,6,1,20:30,4,1,9
2023052303043,2023,052303043,1,1,1,2,33,6,3,0,0,0,0,0,9,2,E01012377,-1,0,0.04472,0.95528,-1,6,20,2,4,2,21:32,2,2,9
2023201328571,2023,201328571,2,3,2,2,56,9,3,0,0,1,0,0,9,7,E01010123,3,1,0.0,1.0,-1,6,30,2,4,2,23:03,7,2,9
2023461308314,2023,461308314,1,3,2,1,16,4,3,0,0,2,0,0,9,3,E01024149,3,1,0.0,1.0,-1,6,30,1,1,1,13:10,4,2,9
2023461314005,2023,461314005,1,1,1,1,72,10,2,0,0,0,0,0,9,5,E01024786,7,1,1.0,0.0,-1,6,40,1,1,1,14:38,1,3,9
2023522400843,2023,522400843,1,1,1,2,28,6,3,0,0,0,0,0,1,5,E01014504,-1,0,0.04124,0.95876,-1,6,20,1,4,1,19:15,7,2,1
2023131320015,2023,131320015,2,1,2,1,19,4,3,0,0,1,0,0,9,3,E01011582,3,1,0.0,1.0,-1,6,20,2,1,2,16:38,1,2,9
2023401335823,2023,401335823,1,5,2,2,7,2,3,0,0,2,0,0,9,2,E01017618,3,1,0.0,1.0,-1,1,30,1,1,-1,19:09,5,2,9
2023440203952,2023,440203952,1,2,2,1,1,1,3,0,0,2,0,0,9,-1,-1,-1,0,0.01208,0.98792,-1,6,30,1,1,1,11:30,3,2,9
202360A106955,2023,60A106955,1,1,1,1,19,4,3,0,0,0,0,0,9,-1,-1,-1,0,0.10503,0.89497,-1,6,30,1,6,1,02:15,7,1,9
2023991341292,2023,991341292,1,2,2,2,17,4,2,0,0,2,0,0,9,1,-1,7,1,1.0,0.0,-1,3,30,1,4,2,00:23,2,1,9
2023010439782,2023,010439782,1,1,1,2,25,5,3,0,0,0,0,0,3,4,E01001503,-1,0,0.0,1.0,-1,9,20,1,1,1,18:00,4,2,3
2023010459288,2023,010459288,1,1,1,1,43,7,3,0,0,0,0,0,3,1,E01001425,-1,0,0.0,1.0,-1,6,20,9,1,9,18:40,6,2,3
2023010442667,2023,010442667,1,1,3,2,5,1,3,5,1,0,0,0,0,-1,-1,-1,0,0.0,1.0,-1,6,20,1,1,1,16:14,6,1,9
2023451305499,2023,451305499,1,1,3,2,79,11,2,5,3,0,0,0,0,10,E01030374,6,1,1.0,0.0,-1,2,30,2,1,2,17:54,3,1,9
2023320096146,2023,320096146,1,1,2,1,9,2,3,0,0,1,0,0,9,3,E01026325,-1,0,0.02723,0.97277,-1,6,30,1,1,1,13:45,3,2,9
2023010438467,2023,010438467,1,1,3,2,84,11,2,8,9,0,0,0,0,4,E01004765,-1,0,1.0,0.0,-1,2,20,1,1,1,15:55,5,1,19
2023010451861,2023,010451861,1,1,3,1,18,4,2,6,9,0,0,0,0,7,E01000391,-1,0,1.0,0.0,-1,2,30,1,1,1,12:30,3,1,19
2023010460471,2023,010460471,1,1,3,2,43,7,3,10,9,0,0,0,0,3,E01003716,-1,0,0.0,1.0,-1,7,20,1,4,1,22:30,1,2,9
2023010422674,2023,010422674,2,1,1,1,50,8,2,0,0,0,0,0,1,5,E01003946,-1,0,1.0,0.0,-1,6,30,2,1,2,11:53,7,2,1
2023010452288,2023,010452288,2,1,1,1,53,8,3,0,0,0,0,0,1,5,E01003863,-1,0,0.0,1.0,-1,2,20,1,1,1,20:21,5,2,1
2023052300612,2023,052300612,1,1,1,1,28,6,3,0,0,0,0,0,1,2,E01006514,-1,0,0.14884,0.85116,-1,3,30,1,1,1,14:20,2,2,1
2023201407926,2023,201407926,2,1,1,2,48,8,3,0,0,0,0,0,1,7,E01009070,3,1,0.0,1.0,-1,6,30,1,1,1,17:20,2,2,1
2023010441583,2023,010441583,1,1,1,1,22,5,3,0,0,0,0,0,9,4,E01001624,-1,0,0.0,1.0,-1,6,30,1,4,1,02:40,1,2,9
2023061262213,2023,061262213,2,2,1,1,60,9,3,0,0,0,0,0,9,2,E01004871,3,1,0.0,1.0,-1,3,70,2,1,2,12:00,3,2,9
2023070649684,2023,070649684,2,1,1,1,39,7,2,0,0,0,0,0,1,3,E01018543,-1,0,1.0,0.0,-1,6,30,1,1,1,17:12,3,2,1
2023101265474,2023,101265474,2,2,2,2,14,3,3,0,0,1,0,0,9,4,E01008308,3,1,0.0,1.0,-1,1,40,1,1,2,12:24,3,2,9
2023520300676,2023,520300676,1,1,1,2,20,4,3,0,0,0,0,0,9,4,E01029174,-1,0,0.0422,0.9578,-1,6,60,2,1,2,18:10,7,1,9
2023311301046,2023,311301046,1,2,2,2,76,11,3,0,0,0,4,0,11,-1,-1,3,1,0.0,1.0,-1,6,30,1,1,1,15:10,6,1,11
2023041353005,2023,041353005,1,1,3,1,31,6,1,4,1,0,0,0,0,10,E01004807,1,1,0.0,0.0,-1,6,30,1,4,1,23:15,6,1,11
2023161388331,2023,161388331,1,2,3,2,74,10,1,8,1,0,0,0,0,1,E01012852,1,1,0.0,0.0,-1,6,30,1,1,2,11:30,5,1,9
2023991362143,2023,991362143,1,1,3,2,57,9,3,1,1,0,0,0,0,1,-1,3,1,0.0,1.0,-1,3,30,1,1,1,18:00,4,1,9
2023052300449,2023,052300449,2,1,1,1,19,4,2,0,0,0,0,0,1,2,E01006708,-1,0,1.0,0.0,-1,6,30,1,1,1,07:50,5,2,1
2023010453833,2023,010453833,1,1,1,2,59,9,3,0,0,0,0,0,9,3,E01003391,-1,0,0.0,1.0,-1,6,30,1,1,1,19:05,6,3,9
2023320291823,2023,320291823,2,1,1,2,31,6,3,0,0,0,0,0,9,5,E01026133,-1,0,0.01529,0.98471,-1,6,30,1,1,1,18:15,3,2,9
2023430581114,2023,430581114,1,1,3,1,18,4,2,5,3,0,0,0,0,3,E01028553,-1,0,1.0,0.0,-1,6,40,1,4,2,22:37,6,1,9
2023430414953,2023,430414953,1,1,1,2,36,7,2,0,0,0,0,0,9,8,E01028807,-1,0,1.0,0.0,-1,6,50,1,1,1,16:57,6,3,9
2023430423448,2023,430423448,2,1,1,1,68,10,3,0,0,0,0,0,9,10,E01028654,-1,0,0.00482,0.99518,-1,6,20,5,4,2,19:20,4,2,9
2023010474414,2023,010474414,1,1,3,2,57,9,3,4,3,0,0,0,0,-1,-1,-1,0,0.0,1.0,-1,3,20,9,1,1,16:00,6,1,9
2023010456149,2023,010456149,2,1,1,2,14,3,3,0,0,0,0,0,1,2,E01000027,-1,0,0.0,1.0,-1,6,30,1,1,1,19:00,4,2,1
2023131360533,2023,131360533,2,1,1,1,19,4,3,0,0,0,0,0,1,1,E01010702,3,1,0.0,1.0,-1,6,30,1,1,1,11:45,7,2,1
2023471269438,2023,471269438,2,1,1,1,29,6,3,0,0,0,0,0,3,2,E01016945,3,1,0.0,1.0,-1,1,30,1,4,1,17:25,1,2,3
2023430125277,2023,430125277,1,1,1,1,32,6,2,0,0,0,0,0,5,9,E01017759,-1,0,1.0,0.0,-1,1,60,1,1,2,10:35,3,1,5
2023131282212,2023,131282212,2,1,1,2,53,8,3,0,0,0,0,0,9,10,E01011198,3,1,0.0,1.0,-1,6,30,1,1,1,09:04,5,2,9
2023501307489,2023,501307489,1,2,2,1,6,2,3,0,0,1,0,0,9,3,E01019051,3,1,0.0,1.0,-1,6,40,1,1,1,15:25,5,1,9
2023010453877,2023,010453877,1,1,3,1,82,11,3,4,4,0,0,0,0,6,E01001073,-1,0,0.0,1.0,-1,6,30,1,1,1,17:00,6,1,-1
202360A050414,2023,60A050414,1,1,3,2,24,5,3,5,1,0,0,0,0,-1,-1,-1,0,0.12852,0.87148,-1,6,30,1,1,1,10:40,6,1,9
2023010455981,2023,010455981,1,1,1,1,37,7,3,0,0,0,0,0,3,2,E01001748,-1,0,0.0,1.0,-1,9,20,2,5,2,09:20,1,2,3
2023010477656,2023,010477656,1,1,1,1,40,7,3,0,0,0,0,0,3,8,E01003426,-1,0,0.0,1.0,-1,9,30,8,1,1,12:20,7,2,3
2023010431525,2023,010431525,1,1,1,1,55,8,3,0,0,0,0,0,4,-1,-1,-1,0,0.0,1.0,-1,6,20,8,4,1,21:55,6,2,4
2023161360571,2023,161360571,2,2,2,2,68,10,3,0,0,1,0,0,9,-1,-1,3,1,0.0,1.0,-1,6,30,1,1,1,10:00,7,2,9
2023231349162,2023,231349162,1,1,1,2,44,7,3,0,0,0,0,0,9,2,E01031092,3,1,0.0,1.0,-1,6,30,1,1,1,09:59,6,2,9
2023430492330,2023,430492330,1,2,1,1,26,6,3,0,0,0,0,0,9,6,E01016477,-1,0,0.05776,0.94224,-1,6,30,2,4,2,21:36,4,1,9
202360A084749,2023,60A084749,2,1,1,2,22,5,3,0,0,0,0,0,9,-1,-1,-1,0,0.02217,0.97783,-1,1,30,1,1,1,17:00,7,2,9
2023371330302,2023,371330302,2,2,2,1,11,3,3,0,0,-1,0,0,9,-1,-1,3,1,0.0,1.0,-1,6,30,1,1,1,17:10,4,2,9
2023061289442,2023,061289442,2,1,1,1,20,4,3,0,0,0,0,0,1,3,E01004966,3,1,0.0,1.0,-1,3,30,1,1,1,17:05,3,2,1
2023131348638,2023,131348638,1,1,1,1,21,5,2,0,0,0,0,0,3,6,E01011460,7,1,1.0,0.0,-1,6,30,2,1,2,17:00,4,2,3
2023010431459,2023,010431459,1,1,1,1,40,7,3,0,0,0,0,0,1,9,E01003804,-1,0,0.0,1.0,-1,6,30,1,1,1,17:03,6,2,1
2023451326921,2023,451326921,1,1,1,1,43,7,3,0,0,0,0,0,1,8,E01030800,3,1,0.0,1.0,-1,6,30,1,1,1,18:30,2,2,1
202354C446123,2023,54C446123,1,1,1,1,22,5,3,0,0,0,0,0,4,6,E01023183,-1,0,0.11055,0.88945,-1,6,30,1,4,1,18:46,5,2,4
2023440248851,2023,440248851,1,1,1,2,60,9,3,0,0,0,0,0,9,5,E01022800,-1,0,0.10357,0.89643,-1,6,30,1,1,1,16:43,5,3,9
2023991379421,2023,991379421,3,2,2,2,74,10,3,0,0,1,0,0,9,-1,-1,3,1,0.0,1.0,-1,3,30,1,1,4,10:20,7,3,9
2023451370510,2023,451370510,1,1,1,1,56,9,3,0,0,0,0,0,11,8,E01030478,3,1,0.0,1.0,-1,6,60,1,1,2,08:01,6,2,11
2023010448761,2023,010448761,1,1,3,2,32,6,3,1,3,0,0,0,0,4,E01001909,-1,0,0.0,1.0,-1,3,20,1,1,1,07:45,3,1,9
2023411365889,2023,411365889,1,1,3,2,51,8,3,10,9,0,0,0,0,8,E01023491,3,1,0.0,1.0,-1,6,30,1,1,1,12:13,4,1,9
2023122300898,2023,122300898,2,1,1,1,27,6,2,0,0,0,0,0,5,5,E01027610,-1,0,1.0,0.0,-1,6,60,1,1,1,16:17,6,2,5
2023010455247,2023,010455247,1,1,3,1,36,7,3,1,1,0,0,0,0,2,E01000599,-1,0,0.0,1.0,-1,2,20,2,1,2,03:25,5,1,9
2023440190234,2023,440190234,2,1,1,1,48,8,3,0,0,0,0,0,1,9,E01022685,-1,0,0.07984,0.92016,-1,6,30,1,1,1,16:15,1,2,1
2023010428018,2023,010428018,1,1,1,1,37,7,3,0,0,0,0,0,9,8,E01016723,-1,0,0.0,1.0,-1,3,50,1,1,1,12:28,1,2,9