collision_index,collision_year,collision_ref_no,vehicle_reference,casualty_reference,casualty_class,sex_of_casualty,age_of_casualty,age_band_of_casualty,casualty_severity,pedestrian_location,pedestrian_movement,car_passenger,bus_or_coach_passenger,pedestrian_road_maintenance_worker,casualty_type,casualty_imd_decile,lsoa_of_casualty,enhanced_casualty_severity,casualty_injury_based,casualty_adjusted_severity_serious,casualty_adjusted_severity_slight,casualty_distance_banding,road_type,speed_limit,weather_conditions,light_conditions,road_surface_conditions,time,day_of_week,number_of_vehicles,vehicle_type
2023361294889,2023,361294889,1,1,1,2,20,4,3,0,0,0,0,0,3,7,E01026421,3,1,0.0,1.0,-1,1,60,1,1,1,17:57,7,1,3
2023430497535,2023,430497535,1,1,1,1,23,5,2,0,0,0,0,0,5,10,E01017777,-1,0,1.0,0.0,-1,6,30,1,1,2,11:38,1,1,5
2023211294105,2023,211294105,1,1,1,2,54,8,2,0,0,0,0,0,9,3,E01029701,6,1,1.0,0.0,-1,6,30,1,1,1,18:00,4,3,9
2023421291695,2023,421291695,1,1,1,1,22,5,3,0,0,0,0,0,9,-1,-1,3,1,0.0,1.0,-1,3,40,8,4,1,23:46,7,1,9
2023010434928,2023,010434928,2,1,1,1,13,3,3,0,0,0,0,0,1,3,E01001728,-1,0,0.0,1.0,-1,6,20,1,4,2,21:30,4,2,1
2023010485093,2023,010485093,1,1,1,1,84,11,3,0,0,0,0,0,1,8,E01003744,-1,0,0.0,1.0,-1,6,30,2,1,2,12:30,3,2,1
2023440175335,2023,440175335,2,1,1,1,43,7,3,0,0,0,0,0,1,9,E01017147,-1,0,0.08906,0.91094,-1,6,40,1,1,1,14:12,5,2,1
2023010459455,2023,010459455,1,1,1,1,30,6,3,0,0,0,0,0,9,8,E01001030,-1,0,0.0,1.0,-1,6,20,9,1,1,16:50,2,2,9
2023311341991,2023,311341991,1,1,1,2,47,8,3,0,0,0,0,0,9,3,E01013930,3,1,0.0,1.0,-1,6,30,1,1,1,15:12,3,2,9
2023302301110,2023,302301110,1,1,2,2,77,11,3,0,0,0,3,0,11,3,E01013549,-1,0,0.09319,0.90681,-1,6,30,1,1,1,08:00,5,1,11
2023010459449,2023,010459449,1,1,1,1,28,6,3,0,0,0,0,0,3,7,E01003796,-1,0,0.0,1.0,-1,6,30,1,1,1,16:40,2,2,3
2023010466187,2023,010466187,2,3,1,1,20,4,3,0,0,0,0,0,3,2,E01002054,-1,0,0.0,1.0,-1,6,40,1,1,1,12:47,6,2,3
2023070142127,2023,070142127,1,3,2,1,22,5,2,0,0,2,0,0,9,1,E01005065,-1,0,1.0,0.0,-1,3,70,5,6,2,01:05,7,1,9
2023041275807,2023,041275807,1,1,3,2,12,3,3,5,2,0,0,0,0,10,E01025328,3,1,0.0,1.0,-1,6,20,1,1,1,11:00,7,1,9
2023311359515,2023,311359515,1,1,1,1,32,6,2,0,0,0,0,0,1,-1,-1,7,1,1.0,0.0,-1,6,30,1,4,1,06:00,4,2,1
2023461380519,2023,461380519,1,1,1,1,24,5,3,0,0,0,0,0,4,5,E01024342,3,1,0.0,1.0,-1,6,60,1,1,4,07:49,7,1,4
2023531422485,2023,531422485,1,1,1,1,83,11,3,0,0,0,0,0,9,6,E01022232,3,1,0.0,1.0,-1,6,30,1,4,1,21:00,3,2,9
2023161298332,2023,161298332,1,1,1,1,33,6,3,0,0,0,0,0,1,1,E01012877,3,1,0.0,1.0,-1,6,30,1,1,1,17:30,3,2,1
2023131348889,2023,131348889,1,1,1,1,20,4,3,0,0,0,0,0,9,3,E01010670,3,1,0.0,1.0,-1,6,30,2,4,2,21:45,1,1,9
2023430270542,2023,430270542,1,1,2,1,18,4,1,0,0,1,0,0,9,10,E01028707,-1,0,0.0,0.0,-1,6,30,1,6,1,00:13,3,1,9
2023201404799,2023,201404799,2,2,1,1,42,7,3,0,0,0,0,0,19,4,E01010324,3,1,0.0,1.0,-1,6,30,1,1,2,22:49,3,2,19
2023991383012,2023,991383012,1,1,3,2,15,3,3,1,1,0,0,2,0,-1,-1,3,1,0.0,1.0,-1,6,30,1,4,2,14:20,3,1,98
2023061393925,2023,061393925,2,1,1,2,62,9,3,0,0,0,0,0,9,1,E01005319,3,1,0.0,1.0,-1,6,30,2,1,2,14:10,7,2,9
2023440162617,2023,440162617,2,3,1,1,35,6,2,0,0,0,0,0,9,7,E01016478,-1,0,1.0,0.0,-1,3,70,1,6,1,01:55,4,2,9
2023451371848,2023,451371848,2,1,1,2,47,8,3,0,0,0,0,0,9,10,E01023112,3,1,0.0,1.0,-1,6,30,1,4,1,16:30,2,2,9
2023332301053,2023,332301053,1,1,1,1,55,8,3,0,0,0,0,0,8,2,E01016729,-1,0,0.06695,0.93305,-1,1,50,1,4,2,00:49,6,2,8
2023041290585,2023,041290585,1,1,1,2,66,10,3,0,0,0,0,0,9,7,E01025400,3,1,0.0,1.0,-1,3,70,1,1,1,12:43,6,2,9
2023141306819,2023,141306819,1,1,1,1,59,9,2,0,0,0,0,0,9,3,E01007504,7,1,1.0,0.0,-1,6,30,1,1,1,17:45,6,2,9
2023141338688,2023,141338688,1,1,1,1,40,7,2,0,0,0,0,0,9,2,E01011785,6,1,1.0,0.0,-1,6,60,1,1,1,10:28,1,2,9
2023440056227,2023,440056227,1,1,2,2,19,4,3,0,0,1,0,0,9,-1,-1,-1,0,0.0396,0.9604,-1,2,30,1,4,1,07:07,6,2,9
2023010420358,2023,010420358,1,1,1,1,34,6,3,0,0,0,0,0,3,3,E01000499,-1,0,0.0,1.0,-1,6,20,9,4,9,21:25,5,2,3
202360A172071,2023,60A172071,2,1,1,1,35,6,3,0,0,0,0,0,3,-1,-1,-1,0,0.19289,0.80711,-1,6,20,2,1,2,17:10,6,2,3
2023201281630,2023,201281630,2,1,1,1,27,6,3,0,0,0,0,0,9,2,E01009512,3,1,0.0,1.0,-1,3,40,1,4,2,20:17,5,2,9
2023010450973,2023,010450973,3,1,1,1,-1,-1,3,0,0,0,0,0,1,-1,-1,-1,0,0.0,1.0,-1,6,30,1,1,1,17:11,6,3,1
2023010433424,2023,010433424,2,1,2,2,34,6,3,0,0,1,0,0,9,2,E01003768,-1,0,0.0,1.0,-1,2,30,1,1,1,16:00,3,2,9
2023461324038,2023,461324038,2,1,1,1,45,7,3,0,0,0,0,0,9,7,E01001610,3,1,0.0,1.0,-1,6,40,1,4,1,01:02,1,3,9
2023461373762,2023,461373762,1,1,1,2,50,8,3,0,0,0,0,0,9,7,E01024719,3,1,0.0,1.0,-1,6,60,2,1,2,16:10,5,3,9
2023501329759,2023,501329759,2,1,2,2,64,9,3,0,0,1,0,0,9,2,E01013716,3,1,0.0,1.0,-1,3,70,2,1,2,14:29,7,2,9
2023061339517,2023,061339517,1,9,2,2,60,9,3,0,0,0,4,0,11,3,E01006293,3,1,0.0,1.0,-1,6,30,1,1,1,12:35,3,1,11
2023010443909,2023,010443909,1,1,3,1,34,6,3,5,1,0,0,0,0,1,E01000528,-1,0,0.0,1.0,-1,2,30,1,1,1,13:30,6,1,9
2023231378455,2023,231378455,1,2,3,1,46,8,2,5,3,0,0,0,0,4,E01031005,7,1,1.0,0.0,-1,6,30,1,4,1,16:36,6,1,9
2023430461573,2023,430461573,2,3,2,1,9,2,3,0,0,2,0,0,9,4,E01028466,-1,0,0.01118,0.98882,-1,3,40,2,1,2,16:21,6,2,9
2023631333360,2023,631333360,1,1,1,2,40,7,3,0,0,0,0,0,9,2,W01000483,3,1,0.0,1.0,-1,6,60,1,1,1,21:00,3,1,9
2023010420529,2023,010420529,1,1,1,1,42,7,3,0,0,0,0,0,19,5,E01003084,-1,0,0.0,1.0,-1,6,20,2,1,2,15:10,1,2,19
2023010427252,2023,010427252,1,1,3,1,41,7,3,4,1,0,0,0,0,3,E01002084,-1,0,0.0,1.0,-1,6,20,1,4,1,03:53,4,1,9
2023211378573,2023,211378573,1,2,3,2,59,9,3,5,3,0,0,0,0,6,E01029497,3,1,0.0,1.0,-1,6,30,1,1,1,13:39,6,1,9
2023411295929,2023,411295929,2,1,3,1,40,7,3,10,9,0,0,0,0,5,E01023533,3,1,0.0,1.0,-1,6,30,1,1,1,19:48,2,2,9
2023010479692,2023,010479692,1,1,1,1,39,7,3,0,0,0,0,0,3,1,E01000595,-1,0,0.0,1.0,-1,9,30,1,1,1,16:00,4,2,3
2023371325505,2023,371325505,1,1,1,1,36,7,1,0,0,0,0,0,5,5,E01030165,1,1,0.0,0.0,-1,6,60,1,1,1,12:05,1,3,5
2023041259862,2023,041259862,2,1,1,1,21,5,3,0,0,0,0,0,9,5,E01025013,3,1,0.0,1.0,-1,7,30,2,1,2,08:30,5,2,9
2023501398315,2023,501398315,1,1,1,2,70,10,2,0,0,0,0,0,9,3,E01015235,6,1,1.0,0.0,-1,6,40,1,1,1,17:00,4,2,9
2023991313939,2023,991313939,1,2,1,1,37,7,1,0,0,0,0,0,9,6,-1,1,1,0.0,0.0,-1,6,60,1,1,1,15:50,5,2,9
2023010439259,2023,010439259,1,1,3,1,32,6,3,1,3,0,0,0,0,2,E01004723,-1,0,0.0,1.0,-1,2,30,2,1,2,19:45,2,1,9
2023010447977,2023,010447977,1,1,1,1,58,9,2,0,0,0,0,0,3,2,E01000065,-1,0,1.0,0.0,-1,3,50,1,1,1,16:10,5,2,3
2023010463584,2023,010463584,2,1,1,1,36,7,3,0,0,0,0,0,3,4,E01002648,-1,0,0.0,1.0,-1,6,20,1,1,1,18:35,6,2,3
2023340WN4682,2023,340WN4682,2,1,1,1,65,9,3,0,0,0,0,0,5,6,E01027306,-1,0,0.14041,0.85959,-1,1,70,1,1,1,09:20,4,2,5
2023041313069,2023,041313069,2,1,1,1,38,7,3,0,0,0,0,0,9,4,E01025192,3,1,0.0,1.0,-1,1,30,1,1,1,21:03,3,2,9
2023122400068,2023,122400068,1,1,1,2,24,5,3,0,0,0,0,0,9,4,E01027581,-1,0,0.03977,0.96023,-1,6,30,2,1,2,15:41,2,2,9
2023131297080,2023,131297080,1,1,1,1,20,4,3,0,0,0,0,0,9,1,E01010618,3,1,0.0,1.0,-1,6,30,1,4,1,22:46,7,2,9
2023211281421,2023,211281421,1,1,1,2,63,9,3,0,0,0,0,0,9,7,E01029732,3,1,0.0,1.0,-1,6,60,1,1,1,10:00,4,2,9
2023010471005,2023,010471005,2,1,1,2,40,7,2,0,0,0,0,0,-1,4,E01002648,-1,0,1.0,0.0,-1,9,20,1,1,1,09:00,2,2,-1
2023471365631,2023,471365631,1,1,1,1,27,6,3,0,0,0,0,0,9,4,E01021006,3,1,0.0,1.0,-1,6,30,1,1,1,10:38,1,2,9
202363C011023,2023,63C011023,1,2,2,1,3,1,3,0,0,2,0,0,9,1,W01000511,-1,0,0.15001,0.84999,-1,6,60,1,1,1,16:40,7,1,9
2023991272199,2023,991272199,1,1,1,1,44,7,2,0,0,0,0,0,9,6,-1,5,1,1.0,0.0,-1,6,30,1,4,1,21:35,6,1,9
2023010471906,2023,010471906,1,1,1,1,34,6,3,0,0,0,0,0,1,4,E01003919,-1,0,0.0,1.0,-1,9,30,2,1,2,17:20,6,2,1
2023461286707,2023,461286707,2,1,1,1,17,4,3,0,0,0,0,0,1,7,E01024131,3,1,0.0,1.0,-1,6,30,1,4,1,22:57,6,2,1
2023461297617,2023,461297617,1,1,1,1,-1,-1,3,0,0,0,0,0,2,-1,-1,3,1,0.0,1.0,-1,6,30,2,1,2,16:45,3,2,2
2023052300823,2023,052300823,3,1,1,1,35,6,3,0,0,0,0,0,9,5,E01006590,-1,0,0.0456,0.9544,-1,6,30,1,1,2,16:15,3,4,9
2023361285478,2023,361285478,1,1,1,2,18,4,3,0,0,0,0,0,9,10,E01026882,3,1,0.0,1.0,-1,6,60,2,6,2,18:40,3,2,9
2023010472461,2023,010472461,1,1,1,2,30,6,3,0,0,0,0,0,9,9,E01004546,-1,0,0.0,1.0,-1,6,30,1,1,1,15:03,2,2,9
2023201328152,2023,201328152,1,4,2,2,4,1,3,0,0,2,0,0,9,2,E01010102,3,1,0.0,1.0,-1,6,30,1,1,1,18:12,5,2,9
2023201408378,2023,201408378,2,2,2,1,16,4,3,0,0,1,0,0,9,4,E01009576,3,1,0.0,1.0,-1,6,30,1,1,1,15:11,2,2,9
2023302301021,2023,302301021,2,1,1,1,72,10,3,0,0,0,0,0,9,-1,-1,-1,0,0.10153,0.89847,-1,6,50,1,1,1,17:51,3,2,9
2023451382083,2023,451382083,2,1,1,2,49,8,3,0,0,0,0,0,9,3,E01030744,3,1,0.0,1.0,-1,1,50,1,4,2,17:20,1,2,9
2023031302129,2023,031302129,1,1,3,1,4,1,3,9,9,0,0,0,0,-1,-1,3,1,0.0,1.0,-1,6,30,1,1,1,17:45,6,1,9
2023302301482,2023,302301482,1,1,1,1,63,9,2,0,0,0,0,0,5,2,E01013499,-1,0,1.0,0.0,-1,1,40,2,1,2,09:03,3,2,5
2023122301041,2023,122301041,1,1,1,1,21,5,3,0,0,0,0,0,9,2,W01000625,-1,0,0.06479,0.93521,-1,6,30,1,1,1,18:51,5,1,9
2023211363767,2023,211363767,2,1,1,2,20,4,3,0,0,0,0,0,9,-1,-1,3,1,0.0,1.0,-1,3,30,1,1,2,07:35,2,2,9
2023211369085,2023,211369085,2,1,2,1,6,2,3,0,0,1,0,0,9,4,E01014277,3,1,0.0,1.0,-1,6,30,1,1,1,14:25,3,2,9
2023311381538,2023,311381538,2,1,2,1,8,2,3,0,0,2,0,0,9,-1,-1,3,1,0.0,1.0,-1,6,30,1,4,2,21:47,6,2,9
2023501348016,2023,501348016,2,2,2,2,35,6,3,0,0,1,0,0,9,6,E01019938,3,1,0.0,1.0,-1,6,60,1,1,1,17:29,6,2,9
2023010465611,2023,010465611,1,1,3,2,8,2,3,9,9,0,0,0,0,3,E01003548,-1,0,0.0,1.0,-1,2,20,2,4,2,19:15,3,1,9
2023010448033,2023,010448033,2,1,1,1,24,5,3,0,0,0,0,0,1,2,E01002090,-1,0,0.0,1.0,-1,6,30,1,1,1,18:06,6,2,1
2023991391550,2023,991391550,1,1,1,2,59,9,3,0,0,0,0,0,9,5,-1,3,1,0.0,1.0,-1,3,70,1,1,1,14:30,6,2,9
2023010446468,2023,010446468,2,1,1,1,24,5,3,0,0,0,0,0,9,-1,-1,-1,0,0.0,1.0,-1,3,20,1,1,1,23:15,5,2,9
2023101271719,2023,101271719,2,2,1,2,61,9,3,0,0,0,0,0,9,6,E01008740,3,1,0.0,1.0,-1,6,30,1,1,1,09:45,2,2,9
2023122300978,2023,122300978,1,2,2,-1,67,10,3,0,0,1,0,0,9,10,E01010579,-1,0,0.08342,0.91658,-1,6,60,1,1,1,16:40,7,1,9
2023320192472,2023,320192472,1,1,1,2,27,6,3,0,0,0,0,0,9,-1,-1,-1,0,0.01907,0.98093,-1,6,30,1,1,1,08:45,4,2,9
2023401320874,2023,401320874,2,2,2,2,37,7,3,0,0,1,0,0,9,6,E01018190,3,1,0.0,1.0,-1,6,20,1,5,1,22:15,4,2,9
2023010475469,2023,010475469,1,1,3,1,17,4,3,5,1,0,0,0,0,2,E01003729,-1,0,0.0,1.0,-1,6,30,1,1,2,16:35,1,1,9
2023332300658,2023,332300658,1,1,3,1,27,6,3,9,5,0,0,0,0,5,E01013612,-1,0,0.061,0.939,-1,6,30,1,1,1,15:25,3,1,9
2023201372863,2023,201372863,1,1,1,1,40,7,3,0,0,0,0,0,9,1,E01009611,3,1,0.0,1.0,-1,6,30,1,1,1,17:21,4,3,9
2023471367864,2023,471367864,1,2,1,1,27,6,2,0,0,0,0,0,9,7,E01021009,5,1,1.0,0.0,-1,6,60,2,6,2,23:15,6,1,9
2023010471161,2023,010471161,1,2,3,-1,24,5,3,10,9,0,0,0,0,7,E01004162,-1,0,0.0,1.0,-1,6,30,1,1,1,13:39,3,1,9
2023010446023,2023,010446023,2,1,1,1,-1,-1,3,0,0,0,0,0,1,-1,-1,-1,0,0.0,1.0,-1,9,30,1,1,9,08:15,2,2,1
2023201313236,2023,201313236,2,1,1,1,38,7,3,0,0,0,0,0,1,4,E01009894,3,1,0.0,1.0,-1,6,30,1,1,1,17:14,4,2,1
2023401271551,2023,401271551,2,1,1,1,38,7,3,0,0,0,0,0,9,2,E01015702,3,1,0.0,1.0,-1,6,30,1,1,2,10:26,2,2,9
2023471264639,2023,471264639,2,2,2,2,7,2,3,0,0,2,0,0,9,4,E01016925,3,1,0.0,1.0,-1,3,40,8,6,4,20:10,3,2,9
2023311356569,2023,311356569,2,1,1,1,19,4,3,0,0,0,0,0,-1,-1,-1,3,1,0.0,1.0,-1,3,30,1,1,1,15:18,3,2,-1
2023991380147,2023,991380147,1,2,3,2,55,8,3,9,5,0,0,0,0,5,-1,3,1,0.0,1.0,-1,3,20,1,1,1,12:00,5,1,9
2023010433044,2023,010433044,1,1,1,1,27,6,3,0,0,0,0,0,3,2,E01015976,-1,0,0.0,1.0,-1,6,30,1,1,1,13:20,1,2,3
2023122300392,2023,122300392,1,1,1,1,70,10,2,0,0,0,0,0,5,10,E01019368,-1,0,1.0,0.0,-1,6,60,1,1,1,00:01,1,1,5
2023302300526,2023,302300526,2,1,1,1,70,10,2,0,0,0,0,0,5,4,E01019519,-1,0,1.0,0.0,-1,1,60,1,1,1,12:20,1,2,5
2023041348946,2023,041348946,1,1,1,1,25,5,3,0,0,0,0,0,9,3,E01012676,3,1,0.0,1.0,-1,3,40,1,1,1,07:35,3,1,9
2023061277122,2023,061277122,4,1,2,2,22,5,3,0,0,1,0,0,9,6,E01006259,3,1,0.0,1.0,-1,6,50,1,1,1,17:00,4,4,9
2023131281045,2023,131281045,1,2,2,1,35,6,3,0,0,1,0,0,9,6,E01011885,3,1,0.0,1.0,-1,6,30,1,4,1,02:53,2,4,9
2023131359412,2023,131359412,2,2,2,2,48,8,3,0,0,1,0,0,9,9,E01010935,3,1,0.0,1.0,-1,3,30,1,1,1,08:20,3,2,9
2023440207654,2023,440207654,2,1,2,1,20,4,3,0,0,1,0,0,9,4,E01022552,-1,0,0.05734,0.94266,-1,6,40,1,4,1,22:27,5,2,9
2023461292157,2023,461292157,2,1,1,1,33,6,3,0,0,0,0,0,9,2,E01024505,3,1,0.0,1.0,-1,3,70,1,1,1,17:25,2,3,9
2023531309590,2023,531309590,2,1,1,1,69,10,3,0,0,0,0,0,9,1,E01022333,3,1,0.0,1.0,-1,6,30,1,1,1,19:28,7,2,9
2023010428825,2023,010428825,1,1,2,2,77,11,2,0,0,0,4,0,11,6,E01003752,-1,0,1.0,0.0,-1,6,30,1,1,1,10:00,5,1,11
2023010450882,2023,010450882,1,1,2,2,78,11,2,0,0,0,2,0,11,5,E01004753,-1,0,1.0,0.0,-1,6,20,1,1,1,09:16,6,1,11
2023052300343,2023,052300343,2,2,2,2,0,1,3,0,0,0,0,0,19,2,E01007218,-1,0,0.04403,0.95597,-1,6,30,1,4,1,01:20,4,2,19
2023101284160,2023,101284160,2,1,2,1,34,6,3,0,0,1,0,0,9,4,E01008202,3,1,0.0,1.0,-1,6,30,1,1,2,12:50,2,2,9
2023332300450,2023,332300450,2,2,1,2,24,5,3,0,0,0,0,0,9,10,E01030764,-1,0,0.02851,0.97149,-1,3,70,1,1,1,18:50,7,2,9
2023351305226,2023,351305226,2,4,2,2,7,2,3,0,0,-1,0,0,9,8,E01015589,3,1,0.0,1.0,-1,6,60,1,1,1,17:10,3,2,9
2023371374353,2023,371374353,2,2,2,1,43,7,3,0,0,1,0,0,9,-1,-1,3,1,0.0,1.0,-1,1,30,1,1,1,08:20,1,2,9
2023411454255,2023,411454255,1,1,1,2,27,6,3,0,0,0,0,0,9,4,E01015798,3,1,0.0,1.0,-1,6,60,1,6,2,01:01,1,2,9
2023201330484,2023,201330484,1,1,3,1,42,7,3,5,1,0,0,2,0,6,E01010011,3,1,0.0,1.0,-1,2,30,1,4,1,01:01,1,1,8
2023010441859,2023,010441859,2,1,1,1,27,6,3,0,0,0,0,0,1,2,E01033737,-1,0,0.0,1.0,-1,6,30,1,4,1,20:55,2,2,1
2023061270078,2023,061270078,2,1,1,1,14,3,3,0,0,0,0,0,1,3,E01005437,3,1,0.0,1.0,-1,3,30,2,4,2,16:30,1,2,1
2023041345862,2023,041345862,1,1,1,1,20,4,3,0,0,0,0,0,9,6,E01019315,3,1,0.0,1.0,-1,6,30,1,4,1,22:32,7,1,9
2023631312508,2023,631312508,2,1,1,2,21,5,2,0,0,0,0,0,9,2,W01001503,7,1,1.0,0.0,-1,6,30,1,1,1,10:15,2,2,9
2023471345168,2023,471345168,1,1,1,1,45,7,3,0,0,0,0,0,1,3,E01031552,3,1,0.0,1.0,-1,3,50,1,1,1,13:50,5,2,1
2023010419565,2023,010419565,1,1,1,1,26,6,3,0,0,0,0,0,3,4,E01002180,-1,0,0.0,1.0,-1,6,30,1,4,2,17:39,3,2,3
2023031381990,2023,031381990,3,1,2,2,40,7,3,0,0,2,0,0,9,-1,-1,3,1,0.0,1.0,-1,6,60,1,1,3,12:44,1,3,9
2023101308576,2023,101308576,2,1,1,1,25,5,2,0,0,0,0,0,9,3,E01008171,7,1,1.0,0.0,-1,6,30,2,1,2,17:44,3,2,9
2023131364334,2023,131364334,2,2,1,1,29,6,3,0,0,0,0,0,9,1,E01010720,3,1,0.0,1.0,-1,6,60,1,1,1,07:30,4,2,9
2023430427350,2023,430427350,1,1,1,1,76,11,3,0,0,0,0,0,9,10,E01016707,-1,0,0.09698,0.90302,-1,6,30,1,1,1,11:00,7,2,9
2023221364224,2023,221364224,1,1,2,2,19,4,2,0,0,0,0,0,19,8,W01000458,7,1,1.0,0.0,-1,6,60,1,6,1,20:30,7,1,19
2023440457342,2023,440457342,1,1,2,1,20,4,3,0,0,0,0,0,19,3,E01017251,-1,0,0.04828,0.95172,-1,6,30,1,4,2,17:25,4,2,19
2023070026862,2023,070026862,1,1,3,2,30,6,3,5,1,0,0,0,0,1,E01012545,-1,0,0.06955,0.93045,-1,6,20,2,4,2,18:00,2,1,9
2023131304762,2023,131304762,2,1,1,1,34,6,3,0,0,0,0,0,1,4,E01010987,3,1,0.0,1.0,-1,6,30,2,4,2,22:30,7,2,1
2023371297301,2023,371297301,2,1,1,1,16,4,3,0,0,0,0,0,2,10,E01030085,3,1,0.0,1.0,-1,6,30,1,1,1,08:20,2,2,2
2023361279001,2023,361279001,1,1,1,1,19,4,2,0,0,0,0,0,3,4,E01026925,7,1,1.0,0.0,-1,6,30,1,4,1,19:40,3,1,3
2023122301183,2023,122301183,1,1,1,1,26,6,2,0,0,0,0,0,4,8,E01027859,-1,0,1.0,0.0,-1,6,30,1,1,1,07:01,2,2,4
2023421282461,2023,421282461,1,1,1,1,43,7,2,0,0,0,0,0,5,4,E01021863,6,1,1.0,0.0,-1,6,40,1,4,1,19:30,5,2,5
2023421320959,2023,421320959,2,1,1,1,28,6,3,0,0,0,0,0,9,3,E01015956,3,1,0.0,1.0,-1,6,30,1,4,1,00:56,4,4,9
2023361306860,2023,361306860,2,1,1,1,38,7,3,0,0,0,0,0,9,8,E01026561,3,1,0.0,1.0,-1,6,60,1,4,1,22:15,2,2,9
2023461349380,2023,461349380,1,1,1,2,18,4,3,0,0,0,0,0,9,1,E01024621,3,1,0.0,1.0,-1,6,30,1,1,1,17:30,7,5,9
2023991347004,2023,991347004,1,1,1,2,24,5,3,0,0,0,0,0,3,7,-1,3,1,0.0,1.0,-1,7,70,2,1,2,16:28,4,1,3
2023421361097,2023,421361097,2,1,1,2,40,7,3,0,0,0,0,0,9,6,E01021464,3,1,0.0,1.0,-1,6,30,1,4,1,21:20,6,2,9
2023461353397,2023,461353397,1,1,1,2,63,9,3,0,0,0,0,0,9,3,E01024059,3,1,0.0,1.0,-1,6,30,1,1,1,06:50,2,4,9
2023461394969,2023,461394969,2,2,2,2,39,7,3,0,0,1,0,0,9,3,E01024372,3,1,0.0,1.0,-1,6,30,1,4,2,20:00,2,2,9
2023522400532,2023,522400532,1,1,1,2,53,8,3,0,0,0,0,0,9,7,E01014847,-1,0,0.00317,0.99683,-1,6,40,1,1,1,17:45,7,2,9
2023161352234,2023,161352234,2,1,1,2,15,3,3,0,0,0,0,0,1,-1,-1,3,1,0.0,1.0,-1,6,30,9,1,1,07:55,2,2,1
2023141300551,2023,141300551,1,2,2,1,33,6,3,0,0,1,0,0,9,-1,-1,3,1,0.0,1.0,-1,6,20,1,1,1,11:23,2,2,9
2023545555323,2023,545555323,2,3,1,1,45,7,3,0,0,0,0,0,9,9,E01022202,-1,0,0.02217,0.97783,-1,1,30,1,1,1,12:05,7,2,9
2023552300168,2023,552300168,3,1,1,2,60,9,3,0,0,0,0,0,9,5,E01020444,-1,0,0.0078,0.9922,-1,6,30,1,1,4,08:49,3,3,9
2023361344967,2023,361344967,1,1,1,1,12,3,3,0,0,0,0,0,1,5,E01026423,3,1,0.0,1.0,-1,6,20,1,1,1,08:25,3,2,1
2023471280468,2023,471280468,1,1,1,2,25,5,2,0,0,0,0,0,9,8,E01031667,7,1,1.0,0.0,-1,3,50,1,1,1,13:00,7,3,9
2023201388256,2023,201388256,1,1,1,1,18,4,3,0,0,0,0,0,9,2,E01009022,3,1,0.0,1.0,-1,3,40,1,1,1,16:00,6,1,9
2023451341472,2023,451341472,2,1,1,2,46,8,2,0,0,0,0,0,9,7,E01030943,7,1,1.0,0.0,-1,6,30,1,1,1,10:11,2,2,9
2023461295308,2023,461295308,1,3,2,2,15,3,3,0,0,2,0,0,9,9,E01000761,3,1,0.0,1.0,-1,1,60,1,1,1,18:34,1,1,9
2023622300631,2023,622300631,2,3,2,2,55,8,3,0,0,2,0,0,9,3,W01001176,-1,0,0.02469,0.97531,-1,6,30,1,1,1,12:56,6,2,9
2023461349152,2023,461349152,1,1,1,1,36,7,3,0,0,0,0,0,19,6,E01016076,3,1,0.0,1.0,-1,6,30,1,1,1,10:30,2,5,19
2023010460981,2023,010460981,1,1,1,1,26,6,3,0,0,0,0,0,1,9,E01003824,-1,0,0.0,1.0,-1,1,40,1,1,1,08:05,5,2,1
2023010433364,2023,010433364,2,1,1,1,37,7,3,0,0,0,0,0,5,4,E01003333,-1,0,0.0,1.0,-1,3,20,1,1,1,07:50,3,2,5
2023010441395,2023,010441395,1,3,2,2,-1,-1,3,0,0,9,0,0,9,2,E01003237,-1,0,0.0,1.0,-1,7,20,1,1,1,15:34,6,2,9
2023010470514,2023,010470514,2,2,1,1,22,5,3,0,0,0,0,0,9,-1,-1,-1,0,0.0,1.0,-1,1,30,1,4,1,02:35,7,2,9
2023201307484,2023,201307484,1,2,2,1,-1,-1,3,0,0,1,0,0,9,5,E01009234,3,1,0.0,1.0,-1,6,30,1,6,1,21:18,2,2,9
2023991290285,2023,991290285,2,1,1,1,49,8,2,0,0,0,0,0,1,9,-1,7,1,1.0,0.0,-1,6,30,2,1,2,16:27,6,2,1
2023010426602,2023,010426602,2,1,1,1,27,6,3,0,0,0,0,0,3,2,E01003082,-1,0,0.0,1.0,-1,6,30,1,1,1,12:20,7,2,3
2023501350739,2023,501350739,2,1,1,1,34,6,2,0,0,0,0,0,5,4,E01018952,7,1,1.0,0.0,-1,6,60,1,1,2,18:56,3,2,5
2023070824927,2023,070824927,2,3,2,2,23,5,3,0,0,1,0,0,9,-1,-1,-1,0,0.06953,0.93047,-1,6,60,1,1,1,17:56,5,2,9
2023451297597,2023,451297597,1,1,1,2,34,6,2,0,0,0,0,0,9,5,E01023129,6,1,1.0,0.0,-1,3,60,1,1,1,17:00,2,3,9
2023461360017,2023,461360017,2,1,1,1,30,6,3,0,0,0,0,0,9,5,E01001880,3,1,0.0,1.0,-1,3,30,1,1,1,09:30,3,2,9
2023010419383,2023,010419383,1,1,1,1,72,10,3,0,0,0,0,0,9,9,E01000351,-1,0,0.0,1.0,-1,3,30,1,4,1,18:14,2,1,9