collision_index,collision_year,collision_ref_no,vehicle_reference,casualty_reference,casualty_class,sex_of_casualty,age_of_casualty,age_band_of_casualty,casualty_severity,pedestrian_location,pedestrian_movement,car_passenger,bus_or_coach_passenger,pedestrian_road_maintenance_worker,casualty_type,casualty_imd_decile,lsoa_of_casualty,enhanced_casualty_severity,casualty_injury_based,casualty_adjusted_severity_serious,casualty_adjusted_severity_slight,casualty_distance_banding,road_type,speed_limit,weather_conditions,light_conditions,road_surface_conditions,time,day_of_week,number_of_vehicles,vehicle_type
2023131260765,2023,131260765,1,1,1,1,30,6,3,0,0,0,0,0,9,1,E01033693,3,1,0.0,1.0,-1,6,30,1,4,2,01:41,1,2,9
2023131279371,2023,131279371,2,1,1,2,34,6,3,0,0,0,0,0,9,5,E01011772,3,1,0.0,1.0,-1,6,30,1,1,1,13:35,4,2,9
2023221368897,2023,221368897,1,1,1,1,60,9,3,0,0,0,0,0,9,2,E01032250,3,1,0.0,1.0,-1,6,40,1,4,2,20:30,7,2,9
2023549094823,2023,549094823,2,1,1,2,46,8,3,0,0,0,0,0,9,5,E01032089,-1,0,0.02755,0.97245,-1,6,30,1,1,1,09:32,3,2,9
2023501360260,2023,501360260,2,1,1,1,55,8,3,0,0,0,0,0,1,4,E01015071,3,1,0.0,1.0,-1,6,30,1,1,1,07:05,6,2,1
2023361395347,2023,361395347,1,1,3,2,48,8,3,5,9,0,0,-1,0,4,E01026659,3,1,0.0,1.0,-1,6,30,1,1,1,08:50,5,1,9
2023991373144,2023,991373144,1,1,3,1,32,6,3,5,3,0,0,0,0,5,-1,3,1,0.0,1.0,-1,6,30,1,4,1,17:40,6,2,9
2023010470464,2023,010470464,3,1,1,1,24,5,3,0,0,0,0,0,2,5,E01003327,-1,0,0.0,1.0,-1,6,20,1,1,1,17:13,6,3,2
2023010450540,2023,010450540,2,1,1,1,56,9,2,0,0,0,0,0,5,2,E01032565,-1,0,1.0,0.0,-1,6,30,1,1,1,16:12,4,2,5
2023522400108,2023,522400108,1,1,1,2,35,6,3,0,0,0,0,0,9,9,E01032682,-1,0,0.01585,0.98415,-1,3,70,2,6,2,17:47,3,3,9
2023010438311,2023,010438311,2,1,1,1,20,4,2,0,0,0,0,0,1,3,E01004200,-1,0,1.0,0.0,-1,6,20,1,1,1,15:00,4,2,1
2023010478456,2023,010478456,1,1,1,1,18,4,2,0,0,0,0,0,23,2,E01003633,-1,0,1.0,0.0,-1,2,30,8,4,2,03:14,6,1,23
2023332301256,2023,332301256,1,2,3,2,48,8,3,5,1,0,0,0,0,9,E01021386,-1,0,0.0796,0.9204,-1,6,30,1,4,1,20:55,7,1,19
2023421314360,2023,421314360,1,1,3,1,33,6,3,1,1,0,0,0,0,3,E01033722,3,1,0.0,1.0,-1,3,30,1,4,1,23:00,6,1,9
2023131369434,2023,131369434,1,1,2,1,22,5,3,0,0,1,0,0,9,4,E01011023,3,1,0.0,1.0,-1,6,30,1,1,1,11:05,4,2,9
2023010465040,2023,010465040,1,2,2,2,14,3,3,0,0,0,0,0,19,6,E01022520,-1,0,0.0,1.0,-1,6,20,1,1,1,15:23,7,1,19
2023231402522,2023,231402522,1,1,1,2,23,5,3,0,0,0,0,0,9,4,E01031176,3,1,0.0,1.0,-1,1,60,1,4,1,02:20,7,1,9
2023451341529,2023,451341529,1,3,2,2,53,8,3,0,0,2,0,0,9,8,E01017679,3,1,0.0,1.0,-1,3,50,1,1,1,15:15,7,2,9
2023401343095,2023,401343095,1,1,3,1,60,9,1,5,3,0,0,0,0,-1,-1,1,1,0.0,0.0,-1,6,30,4,4,1,22:05,6,1,9
2023061358787,2023,061358787,2,1,1,1,34,6,3,0,0,0,0,0,1,3,E01004902,3,1,0.0,1.0,-1,3,30,1,4,1,21:08,3,2,1
2023421380277,2023,421380277,2,1,1,1,46,8,3,0,0,0,0,0,9,8,E01022093,3,1,0.0,1.0,-1,6,60,1,1,4,08:05,4,2,9
2023471298083,2023,471298083,1,1,1,2,55,8,3,0,0,0,0,0,9,4,E01020957,3,1,0.0,1.0,-1,6,30,1,1,1,15:45,3,3,9
2023010477380,2023,010477380,1,1,3,2,38,7,3,5,4,0,0,0,0,7,E01000822,-1,0,0.0,1.0,-1,6,30,1,4,1,18:18,7,1,9
2023010449168,2023,010449168,1,1,1,-1,27,6,3,0,0,0,0,0,3,3,E01001362,-1,0,0.0,1.0,-1,9,30,9,1,9,14:30,3,2,3
2023010462266,2023,010462266,2,1,1,2,-1,-1,3,0,0,0,0,0,3,-1,-1,-1,0,0.0,1.0,-1,1,30,8,4,1,09:20,1,2,3
2023451285557,2023,451285557,2,2,1,1,67,10,3,0,0,0,0,0,9,10,E01030809,3,1,0.0,1.0,-1,6,40,1,1,2,16:15,6,3,9
2023991351864,2023,991351864,1,1,1,1,19,4,3,0,0,0,0,0,9,3,-1,3,1,0.0,1.0,-1,6,60,1,6,1,00:10,4,1,9
2023061278239,2023,061278239,1,1,3,2,62,9,3,5,3,0,0,0,0,1,E01006386,3,1,0.0,1.0,-1,6,30,1,1,1,08:30,5,1,9
2023361342893,2023,361342893,1,1,1,1,27,6,3,0,0,0,0,0,1,3,E01026861,3,1,0.0,1.0,-1,6,30,1,1,1,18:23,5,2,1
2023010481110,2023,010481110,2,1,2,2,23,5,3,0,0,1,0,0,9,7,E01000400,-1,0,0.0,1.0,-1,3,20,1,1,1,11:45,5,2,9
2023070379904,2023,070379904,1,1,1,2,19,4,3,0,0,0,0,0,9,9,E01006075,-1,0,0.03117,0.96883,-1,6,30,1,1,1,14:00,6,2,9
2023221361659,2023,221361659,1,1,1,2,48,8,3,0,0,0,0,0,9,2,E01014064,3,1,0.0,1.0,-1,7,70,1,6,1,19:30,3,2,9
2023311277147,2023,311277147,2,1,1,1,26,6,3,0,0,0,0,0,9,1,E01013851,3,1,0.0,1.0,-1,3,20,1,1,1,12:30,1,2,9
2023320370558,2023,320370558,1,1,1,2,31,6,3,0,0,0,0,0,9,-1,-1,-1,0,0.02055,0.97945,-1,6,30,1,1,1,17:00,5,2,9
2023461355102,2023,461355102,2,1,1,2,49,8,3,0,0,0,0,0,9,4,E01000406,3,1,0.0,1.0,-1,3,70,1,1,1,08:53,5,2,9
2023461370416,2023,461370416,1,2,2,1,15,3,2,0,0,0,0,0,3,10,E01024453,5,1,1.0,0.0,-1,6,60,1,1,1,17:28,1,2,3
2023421292232,2023,421292232,2,1,1,2,50,8,3,0,0,0,0,0,9,8,E01021566,3,1,0.0,1.0,-1,6,60,1,1,1,18:45,5,2,9
2023421299276,2023,421299276,1,1,1,2,53,8,3,0,0,0,0,0,9,3,E01021888,3,1,0.0,1.0,-1,6,30,1,1,2,08:40,6,2,9
2023531268035,2023,531268035,2,2,1,1,84,11,2,0,0,0,0,0,9,7,E01022230,6,1,1.0,0.0,-1,6,40,1,1,1,11:05,4,3,9
2023052301283,2023,052301283,2,2,1,1,39,7,3,0,0,0,0,0,9,3,E01007137,-1,0,0.07272,0.92728,-1,6,30,1,1,1,21:08,3,2,9
2023471290153,2023,471290153,2,1,1,1,58,9,3,0,0,0,0,0,9,1,E01016895,3,1,0.0,1.0,-1,6,20,1,1,1,13:30,6,2,9
2023061316043,2023,061316043,2,1,1,1,24,5,2,0,0,0,0,0,1,-1,-1,7,1,1.0,0.0,-1,6,30,1,1,1,18:12,2,2,1
2023131317251,2023,131317251,1,1,1,1,19,4,3,0,0,0,0,0,1,3,E01010584,3,1,0.0,1.0,-1,3,30,1,1,1,10:55,7,2,1
2023552300744,2023,552300744,2,1,1,1,37,7,3,0,0,0,0,0,1,6,E01015361,-1,0,0.06946,0.93054,-1,6,30,1,1,1,14:34,2,2,1
2023010466639,2023,010466639,4,3,1,1,57,9,3,0,0,0,0,0,9,1,E01002588,-1,0,0.0,1.0,-1,6,40,1,1,2,18:07,1,4,9
2023061351461,2023,061351461,2,1,1,1,22,5,3,0,0,0,0,0,9,3,E01005218,3,1,0.0,1.0,-1,6,30,9,1,-1,17:50,7,2,9
2023361286584,2023,361286584,1,1,1,1,18,4,3,0,0,0,0,0,9,8,E01026490,3,1,0.0,1.0,-1,6,60,1,1,1,10:55,3,1,9
2023361320181,2023,361320181,2,1,2,2,39,7,3,0,0,1,0,0,9,-1,-1,3,1,0.0,1.0,-1,6,60,1,1,2,08:22,2,2,9
2023471304682,2023,471304682,2,2,1,1,31,6,2,0,0,0,0,0,9,10,E01021159,7,1,1.0,0.0,-1,3,70,1,1,1,17:36,6,2,9
2023430562607,2023,430562607,1,1,3,2,87,11,3,5,4,0,0,0,0,10,E01028711,-1,0,0.16442,0.83558,-1,6,20,1,1,1,10:36,7,1,11
2023421304844,2023,421304844,2,1,1,1,50,8,2,0,0,0,0,0,1,10,E01021474,5,1,1.0,0.0,-1,6,30,1,1,1,11:05,1,2,1
2023161346573,2023,161346573,2,2,1,2,31,6,3,0,0,0,0,0,9,1,E01013296,3,1,0.0,1.0,-1,6,30,1,4,1,21:50,3,2,9
2023302300665,2023,302300665,2,1,1,1,39,7,3,0,0,0,0,0,9,8,E01015576,-1,0,0.02826,0.97174,-1,1,40,1,1,1,14:38,3,2,9
2023421384313,2023,421384313,1,1,1,2,34,6,2,0,0,0,0,0,9,6,E01021473,7,1,1.0,0.0,-1,6,50,8,1,1,09:09,6,2,9
2023440235535,2023,440235535,1,1,3,2,78,11,1,5,4,0,0,0,0,9,E01022674,-1,0,0.0,0.0,-1,6,30,1,1,1,11:20,4,1,9
2023311278013,2023,311278013,2,1,1,1,34,6,3,0,0,0,0,0,1,-1,-1,3,1,0.0,1.0,-1,6,30,1,1,1,10:00,7,2,1
2023010475856,2023,010475856,1,1,1,1,25,5,3,0,0,0,0,0,3,2,E01004424,-1,0,0.0,1.0,-1,2,20,1,1,2,05:00,6,2,3
2023170L10433,2023,170L10433,1,1,1,1,18,4,2,0,0,0,0,0,4,4,E01008865,-1,0,1.0,0.0,-1,6,60,1,1,1,15:29,2,2,4
2023371284974,2023,371284974,2,2,2,2,46,8,3,0,0,1,0,0,9,1,E01030012,3,1,0.0,1.0,-1,6,30,1,4,1,17:00,6,2,9
2023610018623,2023,610018623,1,1,1,1,36,7,3,0,0,0,0,0,9,3,W01001455,-1,0,0.17325,0.82675,-1,3,40,1,6,1,03:10,5,1,9
2023520300610,2023,520300610,2,29,2,1,31,6,3,0,0,0,4,0,11,2,E01011962,-1,0,0.05833,0.94167,-1,6,40,1,6,4,06:00,3,3,11
2023061274036,2023,061274036,1,1,1,1,18,4,2,0,0,0,0,0,3,4,E01012498,7,1,1.0,0.0,-1,3,50,1,6,4,20:50,3,2,3
2023010472069,2023,010472069,2,1,1,1,29,6,3,0,0,0,0,0,4,2,E01000126,-1,0,0.0,1.0,-1,6,20,1,1,1,12:22,1,3,4
2023221341206,2023,221341206,1,2,2,2,20,4,3,0,0,1,0,0,9,7,E01015694,3,1,0.0,1.0,-1,6,60,1,1,1,11:30,1,2,9
2023501278076,2023,501278076,2,2,1,1,69,10,3,0,0,0,0,0,9,6,E01019027,3,1,0.0,1.0,-1,6,60,1,1,1,13:00,6,2,9
2023991316069,2023,991316069,1,1,1,1,56,9,3,0,0,0,0,0,9,4,E01016716,3,1,0.0,1.0,-1,6,60,1,1,1,14:45,4,2,9
2023010420064,2023,010420064,1,1,1,1,51,8,3,0,0,0,0,0,1,7,E01023569,-1,0,0.0,1.0,-1,6,30,1,6,1,16:16,6,2,1
2023201299014,2023,201299014,1,1,3,1,58,9,3,5,1,0,0,2,0,1,E01009400,3,1,0.0,1.0,-1,6,30,1,1,1,09:55,1,1,9
2023522301746,2023,522301746,1,1,1,1,20,4,3,0,0,0,0,0,1,8,E01014996,-1,0,0.03191,0.96809,-1,6,30,2,1,2,17:41,7,2,1
2023631317129,2023,631317129,1,1,1,1,60,9,2,0,0,0,0,0,5,3,E01027124,5,1,1.0,0.0,-1,6,60,2,1,2,14:10,7,1,5
2023201455013,2023,201455013,1,1,3,1,42,7,3,5,3,0,0,0,0,-1,-1,3,1,0.0,1.0,-1,3,30,2,4,2,22:06,3,1,8
2023991280432,2023,991280432,1,1,3,1,53,8,2,8,5,0,0,0,0,3,-1,6,1,1.0,0.0,-1,6,30,1,1,1,13:05,7,1,9
2023052302243,2023,052302243,2,1,1,1,46,8,2,0,0,0,0,0,1,7,E01007310,-1,0,1.0,0.0,-1,6,30,1,1,1,18:30,4,2,1
2023010461504,2023,010461504,1,1,1,1,45,7,3,0,0,0,0,0,9,1,E01004244,-1,0,0.0,1.0,-1,2,30,1,1,1,05:43,1,4,9
2023061365459,2023,061365459,1,1,1,1,25,5,3,0,0,0,0,0,9,1,E01005595,3,1,0.0,1.0,-1,3,70,1,1,1,17:35,6,2,9
2023991346266,2023,991346266,1,1,1,1,55,8,3,0,0,0,0,0,9,-1,-1,3,1,0.0,1.0,-1,3,70,1,1,2,07:35,3,2,9
2023070384819,2023,070384819,2,1,2,2,50,8,3,0,0,1,0,0,9,-1,-1,-1,0,0.02207,0.97793,-1,3,70,9,4,1,02:17,1,2,9
2023071200407,2023,071200407,3,1,1,2,59,9,3,0,0,0,0,0,9,9,E01018368,-1,0,0.02244,0.97756,-1,6,30,1,1,1,15:11,3,3,9
2023131326464,2023,131326464,1,1,1,2,24,5,3,0,0,0,0,0,9,1,E01010803,3,1,0.0,1.0,-1,6,30,1,1,1,07:02,5,2,9
2023302301711,2023,302301711,1,2,2,1,20,4,2,0,0,1,0,0,9,5,E01013506,-1,0,1.0,0.0,-1,6,50,1,6,2,21:40,4,1,9
2023351294000,2023,351294000,1,1,1,1,66,10,2,0,0,0,0,0,9,4,E01026366,6,1,1.0,0.0,-1,3,70,1,1,1,10:57,1,4,9
2023501288425,2023,501288425,1,1,1,2,18,4,3,0,0,0,0,0,9,6,E01018764,3,1,0.0,1.0,-1,6,60,1,6,2,02:00,7,1,9
2023451304946,2023,451304946,2,1,1,1,56,9,2,0,0,0,0,0,1,-1,-1,7,1,1.0,0.0,-1,1,40,1,1,1,15:00,1,2,1
2023010472008,2023,010472008,1,1,1,2,27,6,3,0,0,0,0,0,9,-1,-1,-1,0,0.0,1.0,-1,6,20,1,4,1,19:45,7,3,9
2023070942055,2023,070942055,1,1,1,2,56,9,3,0,0,0,0,0,9,-1,-1,-1,0,0.0395,0.9605,-1,9,70,1,1,1,17:10,5,2,9
2023101370061,2023,101370061,1,1,1,1,53,8,3,0,0,0,0,0,9,1,E01008743,3,1,0.0,1.0,-1,6,40,2,4,2,02:38,6,1,9
2023201370360,2023,201370360,2,2,2,2,27,6,3,0,0,2,0,0,9,3,E01017501,3,1,0.0,1.0,-1,6,30,1,1,1,16:20,2,2,9
2023546457623,2023,546457623,1,1,1,1,23,5,3,0,0,0,0,0,9,6,E01023183,-1,0,0.03335,0.96665,-1,6,60,2,1,5,07:06,3,2,9
2023311331806,2023,311331806,2,2,2,1,8,2,3,0,0,1,0,0,9,-1,-1,3,1,0.0,1.0,-1,6,30,1,1,1,16:50,4,2,9
2023430465771,2023,430465771,2,1,1,1,60,9,3,0,0,0,0,0,9,5,E01016472,-1,0,0.05319,0.94681,-1,6,30,1,1,1,16:05,2,2,9
2023430541210,2023,430541210,2,1,1,2,27,6,3,0,0,0,0,0,9,9,E01027167,-1,0,0.00433,0.99567,-1,6,60,8,7,2,17:35,6,2,9
2023520300531,2023,520300531,2,1,1,2,46,8,3,0,0,0,0,0,9,8,E01029126,-1,0,0.0373,0.9627,-1,6,60,1,1,1,15:35,2,2,9
2023010431093,2023,010431093,1,1,3,2,11,3,2,5,3,0,0,0,0,3,E01001972,-1,0,1.0,0.0,-1,6,20,2,1,2,16:45,4,1,9
2023010486012,2023,010486012,1,1,1,1,38,7,3,0,0,0,0,0,1,9,E01000436,-1,0,0.0,1.0,-1,6,20,2,1,2,09:30,2,2,1
2023201418473,2023,201418473,1,3,2,1,19,4,3,0,0,2,0,0,9,1,E01010371,3,1,0.0,1.0,-1,3,30,2,4,2,16:28,7,2,9
2023340WN0822,2023,340WN0822,1,2,1,1,75,10,2,0,0,0,0,0,9,10,E01028476,-1,0,1.0,0.0,-1,6,50,1,6,1,20:40,5,2,9
2023340WN0222,2023,340WN0222,2,1,3,2,29,6,3,5,2,0,0,0,0,10,E01027266,-1,0,0.12054,0.87946,-1,6,30,1,1,2,10:50,5,2,9
2023010426924,2023,010426924,1,1,1,1,45,7,3,0,0,0,0,0,1,5,E01000142,-1,0,0.0,1.0,-1,6,20,1,4,1,06:25,2,1,1
2023991285621,2023,991285621,1,1,1,1,13,3,2,0,0,0,0,0,1,10,-1,7,1,1.0,0.0,-1,6,30,1,1,2,08:10,7,2,1
2023010442551,2023,010442551,2,1,2,1,19,4,3,0,0,2,0,0,9,3,E01031559,-1,0,0.0,1.0,-1,1,20,2,1,2,12:45,6,2,9
2023201387048,2023,201387048,2,2,1,1,28,6,2,0,0,0,0,0,9,2,E01009932,7,1,1.0,0.0,-1,6,30,1,4,1,01:47,1,2,9
2023461354459,2023,461354459,1,1,1,2,43,7,3,0,0,0,0,0,9,1,E01024177,3,1,0.0,1.0,-1,6,30,1,1,1,12:15,7,3,9
2023010452555,2023,010452555,1,1,3,2,58,9,3,1,3,0,0,0,0,4,E01033730,-1,0,0.0,1.0,-1,6,30,9,1,1,10:00,4,1,9
2023010427614,2023,010427614,1,1,2,2,18,4,3,0,0,1,0,0,9,2,E01002786,-1,0,0.0,1.0,-1,6,20,1,4,1,01:30,6,2,9
202360A184527,2023,60A184527,1,3,2,1,17,4,1,0,0,2,0,0,9,-1,-1,-1,0,0.0,0.0,-1,6,60,9,1,2,00:00,1,1,9
2023201291155,2023,201291155,1,1,3,1,9,2,3,5,1,0,0,0,0,3,E01010444,3,1,0.0,1.0,-1,6,30,1,1,1,09:00,5,1,9
2023302301211,2023,302301211,1,1,3,1,28,6,2,5,3,0,0,0,0,-1,-1,-1,0,1.0,0.0,-1,6,30,2,1,2,15:00,7,1,9
2023311355699,2023,311355699,2,1,1,1,36,7,3,0,0,0,0,0,97,2,E01013908,3,1,0.0,1.0,-1,6,30,1,1,2,10:15,1,2,97
2023471302759,2023,471302759,2,1,1,1,79,11,3,0,0,0,0,0,1,5,E01020932,3,1,0.0,1.0,-1,6,30,1,1,1,09:24,7,2,1
2023010484263,2023,010484263,1,1,1,1,40,7,3,0,0,0,0,0,9,2,E01000972,-1,0,0.0,1.0,-1,6,20,8,4,1,18:00,6,1,9
2023052302296,2023,052302296,2,1,1,2,51,8,3,0,0,0,0,0,9,5,E01006462,-1,0,0.00838,0.99162,-1,1,30,1,1,1,17:00,3,2,9
2023221380801,2023,221380801,2,2,1,2,29,6,3,0,0,0,0,0,9,8,E01028844,3,1,0.0,1.0,-1,6,60,1,1,1,14:14,1,2,9
2023421303987,2023,421303987,1,1,3,1,56,9,2,5,4,0,0,0,0,2,E01022056,7,1,1.0,0.0,-1,6,60,1,1,1,08:30,5,1,9
2023451303435,2023,451303435,1,2,3,1,81,11,3,10,9,0,0,2,0,8,E01030949,3,1,0.0,1.0,-1,9,30,8,1,1,18:00,7,1,11
2023361340821,2023,361340821,2,1,1,1,13,3,2,0,0,0,0,0,1,3,E01026696,7,1,1.0,0.0,-1,6,40,1,6,1,21:20,6,2,1
2023010451408,2023,010451408,2,5,2,2,22,5,3,0,0,2,0,0,9,6,E01002124,-1,0,0.0,1.0,-1,6,20,1,1,1,18:43,1,2,9
2023070910533,2023,070910533,1,1,1,1,25,5,3,0,0,0,0,0,23,6,E01012378,-1,0,0.1669,0.8331,-1,6,30,1,4,2,22:55,4,2,23
2023141317243,2023,141317243,2,1,1,1,43,7,2,0,0,0,0,0,9,-1,-1,7,1,1.0,0.0,-1,6,30,1,1,1,21:15,7,5,9
2023340NN1672,2023,340NN1672,2,1,1,2,22,5,3,0,0,0,0,0,9,8,E01027335,-1,0,0.06127,0.93873,-1,6,60,1,1,1,08:46,5,2,9
2023411372509,2023,411372509,2,2,1,1,20,4,2,0,0,0,0,0,9,3,E01023866,7,1,1.0,0.0,-1,6,30,8,4,1,00:45,4,2,9
2023440203361,2023,440203361,1,1,1,2,50,8,3,0,0,0,0,0,1,6,E01017015,-1,0,0.17554,0.82446,-1,6,30,1,1,1,11:16,3,2,1
2023440394544,2023,440394544,1,1,1,2,17,4,3,0,0,0,0,0,4,4,E01023077,-1,0,0.19871,0.80129,-1,6,60,1,1,1,12:20,4,2,4
2023041275398,2023,041275398,1,2,2,2,18,4,3,0,0,1,0,0,9,8,E01012581,3,1,0.0,1.0,-1,6,50,1,4,1,18:00,7,2,9
2023101324808,2023,101324808,1,1,3,1,-1,-1,3,5,1,0,0,0,0,-1,-1,3,1,0.0,1.0,-1,6,20,1,1,1,15:45,4,1,9
2023311305149,2023,311305149,2,1,1,1,14,3,3,0,0,0,0,0,1,5,E01028078,3,1,0.0,1.0,-1,6,30,1,1,2,08:34,3,2,1
2023311308990,2023,311308990,1,1,1,1,43,7,3,0,0,0,0,0,8,3,E01027927,3,1,0.0,1.0,-1,6,30,1,6,1,20:45,2,2,8
2023141352992,2023,141352992,1,1,3,1,17,4,2,5,1,0,0,0,0,-1,-1,7,1,1.0,0.0,-1,3,30,1,4,1,23:30,6,1,9
2023010446848,2023,010446848,1,1,1,1,27,6,3,0,0,0,0,0,1,7,E01001534,-1,0,0.0,1.0,-1,1,30,1,1,1,22:21,7,2,1
2023122300334,2023,122300334,1,1,1,1,49,8,2,0,0,0,0,0,1,7,E01027735,-1,0,1.0,0.0,-1,6,30,1,1,1,18:01,3,2,1
2023010427810,2023,010427810,1,1,1,1,28,6,3,0,0,0,0,0,9,2,E01032093,-1,0,0.0,1.0,-1,3,50,1,4,2,22:44,6,1,9
2023061273408,2023,061273408,2,1,1,2,47,8,3,0,0,0,0,0,9,3,E01006020,3,1,0.0,1.0,-1,6,30,2,4,2,17:00,5,2,9
2023361360768,2023,361360768,2,1,1,1,28,6,3,0,0,0,0,0,9,-1,-1,3,1,0.0,1.0,-1,6,50,1,1,1,16:12,1,5,9
2023451295486,2023,451295486,2,1,1,1,43,7,3,0,0,0,0,0,9,6,E01031743,3,1,0.0,1.0,-1,6,40,9,1,1,18:15,6,2,9
2023471317027,2023,471317027,1,1,3,1,18,4,3,5,3,0,0,0,0,3,E01016907,3,1,0.0,1.0,-1,6,20,1,1,1,16:15,6,1,11
2023161370040,2023,161370040,1,1,1,1,21,5,2,0,0,0,0,0,3,6,E01012953,5,1,1.0,0.0,-1,6,30,2,4,2,21:55,5,2,3
2023430020557,2023,430020557,1,1,1,1,27,6,2,0,0,0,0,0,1,10,E01017874,-1,0,1.0,0.0,-1,6,30,1,1,2,15:10,7,1,1
2023010430677,2023,010430677,2,1,1,1,41,7,3,0,0,0,0,0,4,2,E01003092,-1,0,0.0,1.0,-1,1,20,2,1,2,16:00,2,2,4
2023010453922,2023,010453922,1,1,2,1,39,7,3,0,0,1,0,0,9,2,E01001477,-1,0,0.0,1.0,-1,6,30,1,1,1,09:35,7,2,9
2023451350876,2023,451350876,1,1,1,1,29,6,3,0,0,0,0,0,9,2,E01003239,3,1,0.0,1.0,-1,3,50,1,1,1,09:45,1,2,9
2023122300619,2023,122300619,1,1,3,2,19,4,3,5,3,0,0,0,0,10,E01013360,-1,0,0.0937,0.9063,-1,2,30,1,4,1,23:35,6,1,9
2023131289938,2023,131289938,1,1,3,1,57,9,2,5,1,0,0,2,0,1,E01010612,7,1,1.0,0.0,-1,6,30,1,1,1,07:35,4,1,9
2023010454247,2023,010454247,1,1,1,1,32,6,3,0,0,0,0,0,1,9,E01001306,-1,0,0.0,1.0,-1,3,20,1,1,1,08:22,2,2,1
2023101328743,2023,101328743,3,1,1,1,55,8,2,0,0,0,0,0,1,7,E01027428,6,1,1.0,0.0,-1,3,30,1,1,1,17:16,4,3,1
2023221321483,2023,221321483,2,1,1,1,66,10,2,0,0,0,0,0,1,6,E01032466,6,1,1.0,0.0,-1,6,30,1,1,1,06:35,5,2,1
2023010466070,2023,010466070,1,1,1,1,26,6,3,0,0,0,0,0,3,7,E01004650,-1,0,0.0,1.0,-1,2,20,1,1,1,08:30,5,2,3
2023131280684,2023,131280684,1,1,1,1,35,6,2,0,0,0,0,0,3,1,E01011899,6,1,1.0,0.0,-1,6,30,8,4,2,23:37,1,2,3
2023010426817,2023,010426817,1,1,3,2,40,7,3,6,9,0,0,0,0,5,E01004736,-1,0,0.0,1.0,-1,3,20,1,4,1,17:56,1,1,9
2023522300641,2023,522300641,1,1,1,1,23,5,3,0,0,0,0,0,1,9,E01014547,-1,0,0.02991,0.97009,-1,6,30,1,1,1,17:17,3,2,1
2023991295484,2023,991295484,1,1,1,1,37,7,3,0,0,0,0,0,4,4,-1,3,1,0.0,1.0,-1,7,30,1,1,1,18:15,7,2,4
2023010420806,2023,010420806,2,2,2,2,9,2,3,0,0,2,0,0,9,9,E01002471,-1,0,0.0,1.0,-1,6,30,1,4,2,16:30,4,2,9
2023010459020,2023,010459020,1,2,2,2,22,5,2,0,0,1,0,0,9,6,E01002933,-1,0,1.0,0.0,-1,6,20,1,6,1,01:28,7,1,9
2023122300744,2023,122300744,1,1,1,2,21,5,3,0,0,0,0,0,9,4,E01008150,-1,0,0.01538,0.98462,-1,6,60,1,1,1,11:55,3,2,9
2023430049167,2023,430049167,1,1,1,1,25,5,2,0,0,0,0,0,9,4,E01016837,-1,0,1.0,0.0,-1,3,70,1,7,2,01:28,5,1,9
2023061373858,2023,061373858,2,1,1,1,51,8,3,0,0,0,0,0,19,3,E01006286,3,1,0.0,1.0,-1,6,30,2,1,2,07:37,3,2,19
2023340WN4292,2023,340WN4292,1,1,3,2,9,2,3,5,4,0,0,0,0,-1,-1,-1,0,0.15264,0.84736,-1,6,30,1,4,1,20:37,4,1,9
2023122300177,2023,122300177,1,1,1,2,55,8,3,0,0,0,0,0,1,9,E01013431,-1,0,0.06881,0.93119,-1,6,30,1,1,1,14:00,3,2,1
2023501305554,2023,501305554,2,1,1,1,45,7,3,0,0,0,0,0,1,8,E01020003,3,1,0.0,1.0,-1,6,30,1,1,1,07:50,3,2,1
2023351377472,2023,351377472,2,1,1,1,42,7,3,0,0,0,0,0,9,10,E01018055,3,1,0.0,1.0,-1,3,70,1,1,1,16:40,2,3,9
2023531331941,2023,531331941,1,1,3,1,25,5,3,10,5,0,0,0,0,2,E01022328,3,1,0.0,1.0,-1,6,30,1,1,1,13:20,5,1,19
2023010429771,2023,010429771,1,1,1,1,24,5,3,0,0,0,0,0,3,6,E01003393,-1,0,0.0,1.0,-1,7,20,1,1,2,17:45,1,2,3
2023052303064,2023,052303064,1,2,2,1,27,6,3,0,0,2,0,0,8,9,E01018333,-1,0,0.13259,0.86741,-1,6,40,1,6,2,21:55,1,1,8
2023010440950,2023,010440950,1,1,1,1,35,6,3,0,0,0,0,0,9,2,E01000102,-1,0,0.0,1.0,-1,3,50,1,1,1,18:25,4,2,9
2023522301364,2023,522301364,2,2,2,2,70,10,3,0,0,1,0,0,9,5,E01014720,-1,0,0.04509,0.95491,-1,3,40,1,1,1,09:15,7,2,9
2023010448022,2023,010448022,2,2,2,2,67,10,3,0,0,0,4,0,11,-1,-1,-1,0,0.0,1.0,-1,6,20,1,1,1,17:33,6,2,11
2023010422893,2023,010422893,1,1,1,1,49,8,3,0,0,0,0,0,1,5,E01003949,-1,0,0.0,1.0,-1,6,30,1,1,1,14:40,1,1,1
2023010457455,2023,010457455,2,2,1,1,31,6,2,0,0,0,0,0,9,10,E01004122,-1,0,1.0,0.0,-1,6,20,2,4,2,23:20,4,2,9
2023401326080,2023,401326080,2,1,1,2,48,8,3,0,0,0,0,0,9,4,E01017473,3,1,0.0,1.0,-1,6,30,1,1,-1,15:55,6,2,9