collision_index,collision_year,collision_ref_no,vehicle_reference,casualty_reference,casualty_class,sex_of_casualty,age_of_casualty,age_band_of_casualty,casualty_severity,pedestrian_location,pedestrian_movement,car_passenger,bus_or_coach_passenger,pedestrian_road_maintenance_worker,casualty_type,casualty_imd_decile,lsoa_of_casualty,enhanced_casualty_severity,casualty_injury_based,casualty_adjusted_severity_serious,casualty_adjusted_severity_slight,casualty_distance_banding,road_type,speed_limit,weather_conditions,light_conditions,road_surface_conditions,time,day_of_week,number_of_vehicles,vehicle_type
2023430259131,2023,430259131,1,1,1,1,29,6,3,0,0,0,0,0,1,10,E01022193,-1,0,0.037,0.963,-1,1,30,1,1,1,10:15,1,2,1
2023481359174,2023,481359174,2,1,1,1,25,5,2,0,0,0,0,0,1,-1,-1,7,1,1.0,0.0,-1,3,20,2,1,2,17:45,4,2,1
2023010439240,2023,010439240,1,1,1,2,36,7,3,0,0,0,0,0,9,5,E01004086,-1,0,0.0,1.0,-1,6,30,2,1,2,19:06,2,2,9
2023161384474,2023,161384474,1,1,1,1,88,11,3,0,0,0,0,0,9,5,E01013236,3,1,0.0,1.0,-1,6,30,1,1,1,11:58,6,1,9
2023201393376,2023,201393376,1,1,1,1,19,4,3,0,0,0,0,0,9,3,E01009232,3,1,0.0,1.0,-1,6,30,1,6,1,03:36,3,1,9
2023361345619,2023,361345619,2,1,1,1,43,7,3,0,0,0,0,0,9,1,E01017466,3,1,0.0,1.0,-1,6,60,1,1,1,13:40,4,2,9
2023501338818,2023,501338818,1,1,1,2,75,10,3,0,0,0,0,0,9,5,E01033289,3,1,0.0,1.0,-1,6,30,1,1,1,06:30,2,1,9
2023010423752,2023,010423752,1,1,1,1,22,5,2,0,0,0,0,0,3,7,E01000442,-1,0,1.0,0.0,-1,6,30,2,6,2,01:10,6,2,3
2023401311319,2023,401311319,1,1,1,1,29,6,3,0,0,0,0,0,5,6,E01023723,3,1,0.0,1.0,-1,6,60,1,1,1,16:35,6,2,5
2023031414689,2023,031414689,2,3,2,2,70,10,3,0,0,1,0,0,9,8,-1,3,1,0.0,1.0,-1,6,50,1,1,1,10:10,2,2,9
2023221314965,2023,221314965,3,1,1,2,50,8,3,0,0,0,0,0,9,3,E01032437,3,1,0.0,1.0,-1,6,30,1,1,1,09:58,7,3,9
2023461310303,2023,461310303,1,1,1,1,33,6,3,0,0,0,0,0,9,7,E01024766,3,1,0.0,1.0,-1,6,30,1,4,2,20:24,6,3,9
2023010426830,2023,010426830,2,1,1,1,20,4,2,0,0,0,0,0,3,-1,-1,-1,0,1.0,0.0,-1,3,40,1,1,1,15:00,1,2,3
2023010468716,2023,010468716,1,1,1,2,33,6,3,0,0,0,0,0,3,2,E01002080,-1,0,0.0,1.0,-1,9,30,1,1,1,16:24,3,2,3
2023122300646,2023,122300646,1,1,1,1,29,6,3,0,0,0,0,0,5,6,E01013301,-1,0,0.16369,0.83631,-1,6,60,1,1,1,12:00,5,1,5
2023311263992,2023,311263992,1,1,3,1,2,1,2,8,1,0,0,0,0,2,E01013891,7,1,1.0,0.0,-1,6,30,1,1,1,15:47,2,1,9
2023991288092,2023,991288092,1,1,3,1,59,9,3,5,3,0,0,0,0,2,-1,3,1,0.0,1.0,-1,6,20,2,4,2,18:47,4,1,9
2023010471767,2023,010471767,1,1,3,1,2,1,2,8,5,0,0,0,0,3,E01001799,-1,0,1.0,0.0,-1,7,20,1,1,1,17:15,6,1,9
2023131366653,2023,131366653,2,1,1,1,46,8,3,0,0,0,0,0,3,1,E01011348,3,1,0.0,1.0,-1,6,30,1,4,1,19:56,2,3,3
2023552300067,2023,552300067,2,1,1,1,26,6,3,0,0,0,0,0,4,8,E01022997,-1,0,0.11227,0.88773,-1,6,30,2,1,2,15:00,5,2,4
2023010462434,2023,010462434,1,2,2,-1,0,1,3,0,0,2,0,0,9,2,E01003240,-1,0,0.0,1.0,-1,6,20,1,1,1,18:30,6,2,9
2023061346343,2023,061346343,2,1,1,2,41,7,3,0,0,0,0,0,9,6,E01005830,3,1,0.0,1.0,-1,3,30,2,1,2,18:35,4,2,9
2023340WN0132,2023,340WN0132,2,1,1,1,44,7,3,0,0,0,0,0,9,5,E01027237,-1,0,0.06107,0.93893,-1,6,30,1,4,1,19:00,6,2,9
2023991324028,2023,991324028,2,1,1,2,51,8,3,0,0,0,0,0,9,3,-1,3,1,0.0,1.0,-1,3,50,1,1,1,16:39,2,2,9
2023061360785,2023,061360785,1,1,3,1,17,4,2,5,2,0,0,0,0,1,E01005515,7,1,1.0,0.0,-1,6,30,1,1,1,15:31,1,1,9
2023361271379,2023,361271379,1,2,3,2,31,6,3,5,9,0,0,-1,0,4,E01026806,3,1,0.0,1.0,-1,6,20,8,5,4,18:26,1,1,9
2023010424350,2023,010424350,1,1,1,2,30,6,3,0,0,0,0,0,3,2,E01004068,-1,0,0.0,1.0,-1,2,20,1,4,1,18:40,7,2,3
2023440438239,2023,440438239,2,2,2,2,16,4,3,0,0,1,0,0,9,3,E01017220,-1,0,0.04119,0.95881,-1,6,30,1,1,2,09:53,5,2,9
2023451322337,2023,451322337,1,1,1,1,34,6,2,0,0,0,0,0,9,10,E01030584,7,1,1.0,0.0,-1,3,70,1,1,1,17:45,7,1,9
2023061368059,2023,061368059,1,1,1,1,20,4,3,0,0,0,0,0,3,1,E01004863,3,1,0.0,1.0,-1,3,50,2,4,2,20:22,7,1,3
2023010449309,2023,010449309,1,1,3,1,-1,-1,3,10,9,0,0,0,0,2,E01004284,-1,0,0.0,1.0,-1,9,20,1,1,1,07:49,4,1,8
2023201426466,2023,201426466,2,5,2,2,20,4,3,0,0,1,0,0,9,5,E01009280,3,1,0.0,1.0,-1,6,30,1,4,2,04:50,1,2,9
2023451296274,2023,451296274,2,2,1,1,39,7,3,0,0,0,0,0,9,9,E01031592,3,1,0.0,1.0,-1,6,60,1,1,2,12:30,5,2,9
2023501374562,2023,501374562,3,4,2,1,36,7,3,0,0,1,0,0,9,5,E01018768,3,1,0.0,1.0,-1,6,60,2,1,2,12:21,1,4,9
2023340NN1042,2023,340NN1042,1,1,2,1,13,3,2,0,0,1,0,0,9,-1,-1,-1,0,1.0,0.0,-1,3,30,2,1,2,12:10,6,3,9
2023010486569,2023,010486569,2,1,1,2,29,6,3,0,0,0,0,0,1,2,E01001773,-1,0,0.0,1.0,-1,6,20,1,4,1,22:31,6,2,1
2023041263335,2023,041263335,1,1,1,1,58,9,3,0,0,0,0,0,5,6,E01025473,3,1,0.0,1.0,-1,6,40,1,1,2,14:25,7,2,5
2023061340026,2023,061340026,2,2,1,1,56,9,3,0,0,0,0,0,19,10,E01005413,3,1,0.0,1.0,-1,6,30,1,1,1,19:08,3,3,19
2023522400652,2023,522400652,1,1,3,1,79,11,3,1,9,0,0,0,0,1,E01014653,-1,0,0.08867,0.91133,-1,6,20,1,1,1,15:00,1,1,9
2023052302039,2023,052302039,2,2,1,2,76,11,3,0,0,0,0,0,9,4,E01006537,-1,0,0.04102,0.95898,-1,6,30,1,1,2,13:50,4,3,9
2023122300173,2023,122300173,2,2,2,2,29,6,3,0,0,1,0,0,9,8,E01027656,-1,0,0.05884,0.94116,-1,6,60,1,4,1,00:01,5,2,9
2023430241972,2023,430241972,1,1,1,2,85,11,3,0,0,0,0,0,9,8,E01017736,-1,0,0.15053,0.84947,-1,6,60,1,1,1,11:44,6,3,9
2023010463884,2023,010463884,2,1,1,1,37,7,3,0,0,0,0,0,-1,3,E01004645,-1,0,0.0,1.0,-1,1,20,1,1,1,17:05,1,2,-1
2023311324814,2023,311324814,1,1,1,1,36,7,3,0,0,0,0,0,3,7,E01025909,3,1,0.0,1.0,-1,6,30,1,1,1,17:31,7,2,3
2023440022713,2023,440022713,1,1,3,1,30,6,3,5,1,0,0,0,0,6,E01022919,-1,0,0.22848,0.77152,-1,3,40,1,4,1,21:24,3,1,9
2023010454595,2023,010454595,1,1,1,1,54,8,3,0,0,0,0,0,4,3,E01004031,-1,0,0.0,1.0,-1,6,20,1,1,1,17:00,2,2,4
2023070901753,2023,070901753,1,1,1,1,76,11,2,0,0,0,0,0,9,8,E01018536,-1,0,1.0,0.0,-1,6,60,1,1,1,15:12,3,2,9
2023622300372,2023,622300372,1,1,1,1,35,6,3,0,0,0,0,0,9,4,W01001917,-1,0,0.04601,0.95399,-1,3,50,1,1,1,08:28,4,2,9
2023010455483,2023,010455483,1,1,1,2,34,6,3,0,0,0,0,0,9,-1,-1,-1,0,0.0,1.0,-1,6,20,1,1,1,14:25,1,3,9
2023451368283,2023,451368283,1,1,1,1,18,4,3,0,0,0,0,0,9,10,E01030789,3,1,0.0,1.0,-1,7,30,2,4,2,20:05,1,2,9
2023471319603,2023,471319603,1,4,1,2,23,5,3,0,0,0,0,0,9,10,E01031747,3,1,0.0,1.0,-1,1,50,1,4,1,20:35,6,2,9
2023543198023,2023,543198023,1,2,2,2,35,6,2,0,0,1,0,0,9,5,E01031947,-1,0,1.0,0.0,-1,6,30,1,1,1,15:40,7,2,9
2023622300475,2023,622300475,1,1,1,1,22,5,3,0,0,0,0,0,9,1,W01000975,-1,0,0.0558,0.9442,-1,1,50,1,1,1,17:14,6,2,9
2023340NN1012,2023,340NN1012,1,1,3,2,12,3,3,5,1,0,0,0,0,-1,-1,-1,0,0.1342,0.8658,-1,6,30,1,1,1,08:23,4,1,9
2023552300191,2023,552300191,1,1,3,2,13,3,3,5,1,0,0,0,0,2,E01015379,-1,0,0.13959,0.86041,-1,3,40,1,1,1,15:38,4,1,19
2023010435741,2023,010435741,2,1,1,1,31,6,2,0,0,0,0,0,1,5,E01003855,-1,0,1.0,0.0,-1,1,20,1,1,1,21:32,2,2,1
2023440508098,2023,440508098,3,1,1,1,38,7,3,0,0,0,0,0,9,9,E01022879,-1,0,0.02785,0.97215,-1,6,40,1,1,2,11:02,4,4,9
2023201444630,2023,201444630,1,2,2,2,58,9,3,0,0,-1,0,0,9,7,E01010516,3,1,0.0,1.0,-1,6,40,1,1,1,13:40,1,2,9
2023401356357,2023,401356357,1,1,1,2,31,6,3,0,0,0,0,0,9,-1,-1,3,1,0.0,1.0,-1,6,60,1,1,1,12:45,4,1,9
2023421264275,2023,421264275,2,2,1,2,55,8,2,0,0,0,0,0,9,8,E01022093,6,1,1.0,0.0,-1,6,60,8,1,4,09:15,3,3,9
2023440009220,2023,440009220,1,2,2,2,20,4,3,0,0,1,0,0,9,4,E01017137,-1,0,0.07246,0.92754,-1,6,40,2,4,2,05:18,1,2,9
2023010463274,2023,010463274,1,1,1,2,25,5,3,0,0,0,0,0,1,2,E01002741,-1,0,0.0,1.0,-1,6,20,1,1,1,17:45,4,2,1
2023332300521,2023,332300521,1,2,3,1,2,1,3,6,9,0,0,0,0,10,E01025803,-1,0,0.01506,0.98494,-1,6,30,1,1,1,10:10,3,1,9
2023471301313,2023,471301313,2,2,2,1,31,6,3,0,0,1,0,0,9,6,E01021034,3,1,0.0,1.0,-1,6,20,1,1,1,16:53,4,2,9
2023531363405,2023,531363405,2,1,1,2,32,6,3,0,0,0,0,0,9,5,E01018847,3,1,0.0,1.0,-1,1,60,1,1,1,10:40,7,3,9
2023302300116,2023,302300116,2,3,2,2,30,6,2,0,0,2,0,0,8,7,E01019472,-1,0,1.0,0.0,-1,6,30,1,6,4,22:00,6,2,8
2023371321738,2023,371321738,1,1,1,1,63,9,3,0,0,0,0,0,4,5,E01030210,3,1,0.0,1.0,-1,6,60,1,1,1,18:50,5,1,4
2023421264609,2023,421264609,1,1,1,1,40,7,3,0,0,0,0,0,9,6,E01022010,3,1,0.0,1.0,-1,6,60,1,1,4,08:57,3,2,9
2023101394327,2023,101394327,2,2,2,1,8,2,3,0,0,0,4,0,11,3,E01008851,3,1,0.0,1.0,-1,1,30,1,1,1,11:50,6,2,11
2023010431366,2023,010431366,1,1,3,1,9,2,3,5,3,0,0,0,0,-1,-1,-1,0,0.0,1.0,-1,6,20,2,1,2,08:00,6,1,9
2023131296255,2023,131296255,1,1,3,1,75,10,3,6,9,0,0,2,0,3,E01011752,3,1,0.0,1.0,-1,6,20,1,1,1,13:30,3,1,11
2023131342090,2023,131342090,1,1,3,1,42,7,3,9,7,0,0,2,0,1,E01011917,3,1,0.0,1.0,-1,3,30,1,4,1,23:12,3,2,9
2023010437457,2023,010437457,2,1,1,1,30,6,3,0,0,0,0,0,2,6,E01002124,-1,0,0.0,1.0,-1,6,30,2,4,2,20:40,6,3,2
2023010473823,2023,010473823,1,1,1,2,26,6,3,0,0,0,0,0,9,1,E01004241,-1,0,0.0,1.0,-1,6,30,1,1,1,16:20,3,2,9
2023221368426,2023,221368426,2,1,1,2,56,9,3,0,0,0,0,0,16,5,E01028864,3,1,0.0,1.0,-1,6,60,1,1,2,12:10,7,2,16
2023201291170,2023,201291170,1,1,3,1,12,3,3,8,4,0,0,0,0,4,E01009087,3,1,0.0,1.0,-1,6,30,1,1,1,15:40,6,1,9
2023440228048,2023,440228048,1,1,1,1,15,3,3,0,0,0,0,0,1,2,E01017265,-1,0,0.08551,0.91449,-1,6,30,1,1,1,07:00,6,2,1
2023010443489,2023,010443489,1,1,1,1,34,6,3,0,0,0,0,0,3,10,E01016583,-1,0,0.0,1.0,-1,9,30,8,1,1,13:35,4,2,3
2023991373383,2023,991373383,1,1,1,1,23,5,3,0,0,0,0,0,3,6,-1,3,1,0.0,1.0,-1,6,30,1,1,2,14:45,7,1,3
2023061297050,2023,061297050,1,1,1,1,44,7,2,0,0,0,0,0,5,1,E01011101,7,1,1.0,0.0,-1,7,70,1,1,1,15:55,7,1,5
2023122301149,2023,122301149,1,1,3,2,73,10,3,5,2,0,0,0,0,7,E01027571,-1,0,0.09945,0.90055,-1,6,30,5,1,2,10:30,3,1,9
2023991344085,2023,991344085,1,1,3,2,26,6,3,9,7,0,0,2,0,-1,-1,3,1,0.0,1.0,-1,7,70,1,1,1,16:20,2,3,9
2023061341919,2023,061341919,1,1,3,2,26,6,2,1,2,0,0,0,0,9,E01005835,7,1,1.0,0.0,-1,6,30,2,4,2,22:30,7,1,8
2023471311994,2023,471311994,2,1,1,1,58,9,2,0,0,0,0,0,3,8,E01031518,5,1,1.0,0.0,-1,6,60,1,6,1,20:35,4,2,3
2023622300794,2023,622300794,1,1,3,1,13,3,3,5,1,0,0,0,0,1,W01001876,-1,0,0.10936,0.89064,-1,6,20,1,4,1,22:03,5,1,9
2023302300230,2023,302300230,1,1,3,1,25,5,3,1,1,0,0,0,0,2,E01019463,-1,0,0.09784,0.90216,-1,6,30,1,1,1,15:48,2,1,9
2023421305785,2023,421305785,1,1,3,1,18,4,2,5,1,0,0,0,0,4,E01021496,7,1,1.0,0.0,-1,6,30,1,1,1,11:29,4,1,9
2023161354259,2023,161354259,1,1,1,1,17,4,3,0,0,0,0,0,1,2,E01013281,3,1,0.0,1.0,-1,6,30,1,1,1,13:50,7,2,1
2023010469313,2023,010469313,1,1,1,2,24,5,3,0,0,0,0,0,9,5,E01001889,-1,0,0.0,1.0,-1,6,30,1,1,1,12:05,1,2,9
2023010426525,2023,010426525,1,1,1,1,34,6,2,0,0,0,0,0,5,2,E01003108,-1,0,1.0,0.0,-1,6,20,1,4,1,19:34,6,1,5
2023010468070,2023,010468070,2,1,3,1,-1,-1,3,1,9,0,0,0,0,-1,-1,-1,0,0.0,1.0,-1,6,30,1,1,1,07:20,2,2,19
2023010450775,2023,010450775,1,1,1,1,45,7,3,0,0,0,0,0,9,4,E01001216,-1,0,0.0,1.0,-1,3,20,1,1,1,16:45,5,2,9
2023010483193,2023,010483193,1,2,2,1,9,2,3,0,0,2,0,0,9,4,E01021774,-1,0,0.0,1.0,-1,6,30,1,1,2,14:06,6,2,9
2023131286994,2023,131286994,4,2,1,1,41,7,3,0,0,0,0,0,9,1,E01011312,3,1,0.0,1.0,-1,3,70,1,1,4,06:46,4,13,9
2023351296817,2023,351296817,2,1,1,1,44,7,2,0,0,0,0,0,9,10,E01018274,7,1,1.0,0.0,-1,3,70,2,6,2,19:42,6,2,9
202363D034823,2023,63D034823,1,2,1,2,18,4,3,0,0,0,0,0,9,-1,-1,-1,0,0.10185,0.89815,-1,6,30,1,4,1,02:32,7,5,9
2023070982338,2023,070982338,1,1,1,1,17,4,2,0,0,0,0,0,3,2,E01018551,-1,0,1.0,0.0,-1,6,40,1,1,1,08:38,2,2,3
2023131386606,2023,131386606,1,1,3,2,25,5,3,5,3,0,0,2,0,8,E01002132,3,1,0.0,1.0,-1,6,30,2,4,2,17:45,1,1,9
2023461361309,2023,461361309,1,1,1,1,17,4,3,0,0,0,0,0,9,3,E01024567,3,1,0.0,1.0,-1,6,60,1,1,1,11:30,1,2,9
2023531317370,2023,531317370,1,2,2,2,15,3,2,0,0,2,0,0,9,2,E01022328,7,1,1.0,0.0,-1,1,40,1,1,1,16:10,1,2,9
2023461275506,2023,461275506,1,1,3,1,3,1,3,10,9,0,0,2,0,9,E01024819,3,1,0.0,1.0,-1,6,30,1,1,1,09:00,5,1,9
2023010466711,2023,010466711,1,1,1,1,29,6,2,0,0,0,0,0,1,2,E01001761,-1,0,1.0,0.0,-1,6,20,1,1,1,19:02,4,2,1
2023545630423,2023,545630423,1,1,3,2,30,6,3,5,4,0,0,0,0,-1,-1,-1,0,0.06863,0.93137,-1,6,60,1,1,1,10:09,2,1,9
2023332300875,2023,332300875,1,1,1,1,23,5,3,0,0,0,0,0,1,8,E01032598,-1,0,0.02269,0.97731,-1,6,30,1,1,2,08:08,2,2,1
2023430536458,2023,430536458,2,1,1,1,48,8,3,0,0,0,0,0,1,10,E01016364,-1,0,0.15393,0.84607,-1,6,30,1,1,1,15:57,3,2,1
2023552301243,2023,552301243,1,1,1,1,21,5,3,0,0,0,0,0,2,3,E01015294,-1,0,0.17018,0.82982,-1,6,30,1,1,1,16:23,2,2,2
2023170M10503,2023,170M10503,1,1,3,2,48,8,2,5,2,0,0,0,0,1,E01012045,-1,0,1.0,0.0,-1,6,30,1,4,2,20:05,7,1,9
2023340WN2652,2023,340WN2652,2,1,1,1,18,4,3,0,0,0,0,0,-1,6,E01027236,-1,0,0.01934,0.98066,-1,1,40,1,1,1,08:15,4,2,-1
2023052302989,2023,052302989,2,1,1,2,42,7,3,0,0,0,0,0,9,6,E01007076,-1,0,0.09161,0.90839,-1,6,60,1,6,2,21:31,7,3,9
2023461351218,2023,461351218,1,2,2,2,78,11,2,0,0,-1,0,0,9,8,E01024011,7,1,1.0,0.0,-1,3,70,1,1,1,06:30,1,1,9
2023311350421,2023,311350421,1,1,3,2,72,10,2,1,3,0,0,0,0,-1,-1,6,1,1.0,0.0,-1,6,30,1,1,1,12:05,6,1,9
2023430179871,2023,430179871,1,1,3,2,9,2,3,10,9,0,0,0,0,6,E01016564,-1,0,0.10513,0.89487,-1,6,20,1,1,1,15:20,3,1,9
2023461365796,2023,461365796,2,2,1,1,53,8,2,0,0,0,0,0,5,5,E01024033,6,1,1.0,0.0,-1,3,60,1,1,1,05:44,5,2,5
2023061298262,2023,061298262,2,1,1,1,28,6,3,0,0,0,0,0,1,4,E01004993,3,1,0.0,1.0,-1,6,30,1,1,1,08:25,4,2,1
2023061358638,2023,061358638,2,1,1,1,45,7,3,0,0,0,0,0,1,3,E01005158,3,1,0.0,1.0,-1,6,30,2,1,2,16:40,2,2,1
2023010462723,2023,010462723,2,1,1,1,30,6,3,0,0,0,0,0,1,3,E01002550,-1,0,0.0,1.0,-1,6,30,1,1,1,13:49,1,2,1
2023010438914,2023,010438914,2,1,1,-1,-1,-1,3,0,0,0,0,0,9,2,E01002097,-1,0,0.0,1.0,-1,6,20,1,1,1,16:35,2,2,9
2023340WN7162,2023,340WN7162,1,1,1,1,58,9,3,0,0,0,0,0,9,5,E01008091,-1,0,0.10573,0.89427,-1,3,70,1,1,1,15:00,4,1,9
2023421305297,2023,421305297,2,2,2,2,25,5,3,0,0,1,0,0,9,8,E01021433,3,1,0.0,1.0,-1,6,30,1,1,1,12:45,3,2,9
2023061381081,2023,061381081,3,4,2,1,33,6,3,0,0,1,0,0,9,1,E01005941,3,1,0.0,1.0,-1,6,40,1,4,2,16:58,5,4,9
2023351367636,2023,351367636,1,1,1,1,30,6,3,0,0,0,0,0,9,8,E01033116,3,1,0.0,1.0,-1,3,70,5,6,2,17:56,6,1,9
2023440400512,2023,440400512,1,1,1,2,93,11,3,0,0,0,0,0,9,6,E01022919,-1,0,0.12947,0.87053,-1,6,30,1,1,1,11:15,1,1,9
2023471275828,2023,471275828,1,1,1,1,51,8,3,0,0,0,0,0,9,9,E01031670,3,1,0.0,1.0,-1,3,70,1,6,1,17:34,2,2,9
2023991374666,2023,991374666,1,1,1,2,18,4,3,0,0,0,0,0,9,4,-1,3,1,0.0,1.0,-1,6,60,1,1,2,11:30,3,2,9
2023141269058,2023,141269058,1,1,1,2,19,4,3,0,0,0,0,0,9,5,E01032927,3,1,0.0,1.0,-1,6,30,1,4,2,05:36,7,2,9
2023371378786,2023,371378786,2,2,1,1,54,8,2,0,0,0,0,0,9,10,E01030206,5,1,1.0,0.0,-1,3,70,1,5,1,00:25,5,2,9
2023401377050,2023,401377050,1,6,2,2,34,6,3,0,0,1,0,0,19,-1,-1,3,1,0.0,1.0,-1,6,40,4,1,2,07:28,2,4,19
2023211279773,2023,211279773,1,1,2,2,30,6,3,0,0,1,0,0,9,1,E01009002,3,1,0.0,1.0,-1,6,60,1,1,1,12:40,5,2,9
2023440224213,2023,440224213,1,1,1,1,31,6,3,0,0,0,0,0,9,7,E01023223,-1,0,0.01956,0.98044,-1,6,30,1,1,1,18:08,3,2,9
2023471320256,2023,471320256,2,2,1,2,43,7,3,0,0,0,0,0,9,9,E01021225,3,1,0.0,1.0,-1,6,60,1,1,1,08:31,2,2,9
2023522301326,2023,522301326,1,1,3,1,51,8,3,8,9,0,0,0,0,4,E01014523,-1,0,0.10045,0.89955,-1,6,20,1,1,1,14:15,2,1,11
2023201267688,2023,201267688,1,1,3,1,22,5,2,4,1,0,0,2,0,1,E01009020,7,1,1.0,0.0,-1,6,30,8,4,2,23:48,6,1,9
2023451338582,2023,451338582,1,1,1,1,48,8,2,0,0,0,0,0,-1,10,E01030623,7,1,1.0,0.0,-1,6,30,1,1,1,15:00,6,1,-1
2023070215608,2023,070215608,2,1,1,2,24,5,3,0,0,0,0,0,9,-1,-1,-1,0,0.02589,0.97411,-1,6,50,1,1,1,08:12,3,2,9
2023411288669,2023,411288669,2,1,2,1,20,4,3,0,0,0,0,0,9,9,E01023833,3,1,0.0,1.0,-1,6,30,1,1,1,15:43,2,2,9
2023531296906,2023,531296906,1,1,1,1,31,6,2,0,0,0,0,0,3,5,E01022421,7,1,1.0,0.0,-1,6,30,1,1,1,08:10,7,2,3
2023010449008,2023,010449008,2,1,1,1,39,7,2,0,0,0,0,0,4,6,E01003285,-1,0,1.0,0.0,-1,6,20,1,1,1,11:29,4,2,4
2023122300284,2023,122300284,2,1,1,2,44,7,2,0,0,0,0,0,9,8,E01027589,-1,0,1.0,0.0,-1,6,60,1,1,2,13:15,6,4,9
2023010469218,2023,010469218,1,1,3,1,62,9,3,9,9,0,0,0,0,3,E01004747,-1,0,0.0,1.0,-1,6,20,1,4,1,19:45,7,1,8
2023471283640,2023,471283640,2,1,1,1,19,4,3,0,0,0,0,0,1,4,E01031433,3,1,0.0,1.0,-1,6,30,1,1,1,16:20,2,2,1
2023131387226,2023,131387226,2,1,1,1,24,5,3,0,0,0,0,0,1,6,E01011586,3,1,0.0,1.0,-1,6,30,1,4,2,17:25,2,2,1
2023010441290,2023,010441290,1,1,1,1,33,6,3,0,0,0,0,0,3,2,E01004140,-1,0,0.0,1.0,-1,3,20,1,4,1,21:10,5,2,3
2023010432835,2023,010432835,1,1,1,1,46,8,3,0,0,0,0,0,4,5,E01003314,-1,0,0.0,1.0,-1,3,30,1,4,2,21:20,6,2,4
2023031388885,2023,031388885,1,1,3,1,42,7,3,1,3,0,0,0,0,-1,-1,3,1,0.0,1.0,-1,6,30,9,4,2,23:40,6,1,9
2023031298147,2023,031298147,2,2,1,1,64,9,3,0,0,0,0,0,19,9,-1,3,1,0.0,1.0,-1,3,70,1,6,1,00:40,4,2,19
2023041359524,2023,041359524,1,1,3,2,14,3,2,5,1,0,0,0,0,6,E01025002,7,1,1.0,0.0,-1,6,30,1,1,1,16:50,4,1,9
2023131311340,2023,131311340,2,1,1,1,47,8,3,0,0,0,0,0,1,1,E01011559,3,1,0.0,1.0,-1,6,30,1,1,1,12:30,4,2,1
2023451359188,2023,451359188,1,1,1,1,58,9,2,0,0,0,0,0,1,8,E01030668,7,1,1.0,0.0,-1,3,30,1,1,1,08:00,2,2,1
2023401271574,2023,401271574,1,1,3,2,10,2,3,5,4,0,0,0,0,10,E01017442,3,1,0.0,1.0,-1,6,30,1,1,1,16:12,6,1,9
2023451286935,2023,451286935,1,1,3,2,39,7,3,4,3,0,0,0,0,5,E01002950,3,1,0.0,1.0,-1,6,30,1,1,1,12:14,1,1,5
2023010423234,2023,010423234,1,1,3,2,73,10,2,6,9,0,0,0,0,8,E01002201,-1,0,1.0,0.0,-1,6,30,1,1,4,09:00,3,1,9
2023041318172,2023,041318172,2,3,2,2,2,1,3,0,0,2,0,0,9,8,E01024939,3,1,0.0,1.0,-1,6,30,1,1,1,13:25,3,2,9
2023101392744,2023,101392744,2,2,2,2,23,5,3,0,0,2,0,0,9,10,E01008548,3,1,0.0,1.0,-1,6,30,1,7,2,00:45,4,2,9
2023201298425,2023,201298425,2,2,1,2,38,7,2,0,0,0,0,0,9,1,E01009572,6,1,1.0,0.0,-1,6,30,1,1,1,14:04,2,2,9
2023411395050,2023,411395050,1,2,2,2,10,2,3,0,0,1,0,0,9,-1,-1,3,1,0.0,1.0,-1,3,70,1,4,2,15:36,6,2,9
2023540439823,2023,540439823,2,2,1,2,46,8,3,0,0,0,0,0,9,6,E01031971,-1,0,0.06572,0.93428,-1,6,60,4,1,1,14:49,6,2,9
2023991278115,2023,991278115,1,3,1,1,43,7,3,0,0,0,0,0,9,7,-1,3,1,0.0,1.0,-1,3,70,4,1,1,16:40,1,2,9
2023010421529,2023,010421529,1,1,2,1,48,8,3,0,0,1,0,0,9,7,E01003283,-1,0,0.0,1.0,-1,6,30,1,1,1,15:05,1,2,9
2023141389203,2023,141389203,1,1,1,1,21,5,2,0,0,0,0,0,9,8,E01007524,7,1,1.0,0.0,-1,6,60,1,1,1,10:57,7,1,9
2023201365709,2023,201365709,1,1,2,2,26,6,3,0,0,1,0,0,9,-1,-1,3,1,0.0,1.0,-1,6,30,1,1,1,15:17,2,1,9
2023201461978,2023,201461978,2,3,2,2,71,10,3,0,0,1,0,0,9,5,E01009009,3,1,0.0,1.0,-1,6,30,2,4,2,16:48,2,2,9
2023520300606,2023,520300606,2,3,2,2,69,10,1,0,0,1,0,0,9,9,E01030783,-1,0,0.0,0.0,-1,6,50,1,1,1,14:40,2,2,9
2023141384228,2023,141384228,2,1,1,2,71,10,3,0,0,0,0,0,22,1,E01007500,3,1,0.0,1.0,-1,6,30,2,1,2,12:41,5,2,22
2023010479255,2023,010479255,1,1,2,2,48,8,3,0,0,0,3,0,11,4,E01004631,-1,0,0.0,1.0,-1,6,20,1,1,1,11:04,3,1,11
2023010446612,2023,010446612,3,1,1,1,31,6,3,0,0,0,0,0,9,8,E01000175,-1,0,0.0,1.0,-1,3,30,1,1,1,15:04,6,4,9
2023411407323,2023,411407323,1,3,2,2,17,4,3,0,0,1,0,0,9,5,E01022086,3,1,0.0,1.0,-1,6,60,8,1,4,13:15,5,1,9
2023101367147,2023,101367147,1,1,1,1,40,7,3,0,0,0,0,0,9,4,E01008468,3,1,0.0,1.0,-1,1,40,1,1,1,15:30,6,2,9
2023332300314,2023,332300314,1,4,2,2,17,4,3,0,0,2,0,0,9,1,E01013692,-1,0,0.02236,0.97764,-1,1,50,1,1,1,15:30,4,2,9