collision_index,collision_year,collision_ref_no,vehicle_reference,casualty_reference,casualty_class,sex_of_casualty,age_of_casualty,age_band_of_casualty,casualty_severity,pedestrian_location,pedestrian_movement,car_passenger,bus_or_coach_passenger,pedestrian_road_maintenance_worker,casualty_type,casualty_imd_decile,lsoa_of_casualty,enhanced_casualty_severity,casualty_injury_based,casualty_adjusted_severity_serious,casualty_adjusted_severity_slight,casualty_distance_banding,road_type,speed_limit,weather_conditions,light_conditions,road_surface_conditions,time,day_of_week,number_of_vehicles,vehicle_type
2023201293471,2023,201293471,2,2,1,1,58,9,3,0,0,0,0,0,9,-1,-1,3,1,0.0,1.0,-1,6,30,1,4,1,10:37,3,2,9
2023471312595,2023,471312595,2,2,1,2,38,7,3,0,0,0,0,0,9,1,E01016904,3,1,0.0,1.0,-1,6,60,1,1,1,14:15,2,2,9
2023201349679,2023,201349679,2,1,2,2,82,11,3,0,0,0,0,0,19,5,E01010000,3,1,0.0,1.0,-1,6,30,1,1,1,12:45,4,2,19
2023010443703,2023,010443703,1,1,1,1,37,7,3,0,0,0,0,0,9,3,E01004676,-1,0,0.0,1.0,-1,6,30,1,1,1,12:03,5,3,9
2023401363893,2023,401363893,4,2,1,1,72,10,3,0,0,0,0,0,9,10,E01017625,3,1,0.0,1.0,-1,6,60,1,1,1,16:48,5,4,9
202354A851823,2023,54A851823,1,1,1,1,47,8,1,0,0,0,0,0,9,5,E01031869,-1,0,0.0,0.0,-1,6,50,1,6,1,18:52,5,2,9
2023552301034,2023,552301034,2,1,1,2,51,8,3,0,0,0,0,0,9,4,E01020585,-1,0,0.00911,0.99089,-1,6,30,1,1,1,13:14,6,2,9
2023991389455,2023,991389455,1,1,1,1,25,5,3,0,0,0,0,0,9,6,-1,3,1,0.0,1.0,-1,1,20,1,4,1,00:15,1,1,9
2023131284639,2023,131284639,1,2,3,1,15,3,3,10,9,0,0,2,0,1,E01011667,3,1,0.0,1.0,-1,6,30,1,1,1,08:05,3,1,9
2023440036478,2023,440036478,2,2,1,2,30,6,3,0,0,0,0,0,9,7,E01017329,-1,0,0.03236,0.96764,-1,6,30,1,1,1,15:38,6,2,9
2023010474406,2023,010474406,1,1,1,1,28,6,3,0,0,0,0,0,9,5,E01033573,-1,0,0.0,1.0,-1,3,40,1,1,1,17:30,6,2,9
2023161296038,2023,161296038,1,1,1,1,16,4,2,0,0,0,0,0,9,6,E01015331,6,1,1.0,0.0,-1,6,30,2,4,2,20:56,4,2,9
2023320752291,2023,320752291,2,1,1,2,70,10,3,0,0,0,0,0,9,6,E01026247,-1,0,0.02997,0.97003,-1,6,30,8,1,2,09:25,5,3,9
2023031355648,2023,031355648,1,2,3,2,33,6,3,9,5,0,0,0,0,8,E01019370,3,1,0.0,1.0,-1,6,30,2,6,2,01:38,1,3,9
2023122300729,2023,122300729,1,1,3,2,51,8,3,5,3,0,0,0,0,3,E01027846,-1,0,0.08251,0.91749,-1,6,30,1,1,1,17:04,7,1,-1
2023041353067,2023,041353067,2,1,1,1,13,3,2,0,0,0,0,0,1,4,E01025567,7,1,1.0,0.0,-1,6,20,1,1,1,15:37,2,2,1
2023522400944,2023,522400944,2,1,1,1,20,4,3,0,0,0,0,0,1,8,E01014669,-1,0,0.07936,0.92064,-1,6,20,9,1,1,13:18,4,2,1
2023141379864,2023,141379864,2,1,1,1,18,4,3,0,0,0,0,0,3,4,E01007780,3,1,0.0,1.0,-1,6,40,1,1,1,10:21,3,2,3
2023552301348,2023,552301348,2,1,1,1,39,7,3,0,0,0,0,0,5,5,E01020506,-1,0,0.16814,0.83186,-1,6,40,1,1,1,11:29,6,2,5
2023010451435,2023,010451435,1,3,2,2,43,7,3,0,0,0,4,0,11,2,E01003124,-1,0,0.0,1.0,-1,6,30,1,4,1,21:41,1,2,11
2023010457989,2023,010457989,1,1,3,1,70,10,2,5,1,0,0,0,0,4,E01002624,-1,0,1.0,0.0,-1,3,40,1,1,1,11:35,1,1,9
202354D691623,2023,54D691623,1,1,3,1,35,6,3,4,3,0,0,0,0,-1,-1,-1,0,0.07444,0.92556,-1,1,40,2,1,2,09:30,5,1,9
2023041326908,2023,041326908,1,1,1,1,70,10,2,0,0,0,0,0,4,7,E01024985,7,1,1.0,0.0,-1,3,40,1,1,1,15:05,5,2,4
2023122300356,2023,122300356,2,1,1,2,88,11,3,0,0,0,0,0,9,7,E01027781,-1,0,0.12506,0.87494,-1,6,40,1,1,1,15:29,4,2,9
2023161346324,2023,161346324,1,1,3,2,54,8,3,9,5,0,0,0,0,3,E01012807,3,1,0.0,1.0,-1,6,30,1,4,1,00:20,3,1,9
2023010458397,2023,010458397,2,1,1,2,10,2,3,0,0,0,0,0,1,3,E01002502,-1,0,0.0,1.0,-1,6,30,1,1,1,16:20,3,2,1
2023010477343,2023,010477343,2,1,1,1,68,10,1,0,0,0,0,0,1,4,E01000731,-1,0,0.0,0.0,-1,6,60,8,1,1,12:29,7,2,1
2023010426423,2023,010426423,1,1,2,2,30,6,3,0,0,1,0,0,9,5,E01016479,-1,0,0.0,1.0,-1,3,40,1,1,1,10:30,6,2,9
2023070297404,2023,070297404,2,1,1,2,21,5,3,0,0,0,0,0,9,2,E01009635,-1,0,0.00693,0.99307,-1,6,50,1,1,1,12:05,6,2,9
2023552301276,2023,552301276,2,1,1,1,51,8,3,0,0,0,0,0,1,7,E01031976,-1,0,0.13534,0.86466,-1,6,30,1,1,1,10:40,1,2,1
2023061265462,2023,061265462,2,2,2,1,25,5,3,0,0,-1,0,0,9,4,E01006188,3,1,0.0,1.0,-1,6,30,2,4,1,07:30,3,2,9
2023201289288,2023,201289288,1,5,2,1,29,6,3,0,0,2,0,0,9,-1,-1,3,1,0.0,1.0,-1,6,30,5,4,2,02:00,1,2,9
2023302301597,2023,302301597,1,2,2,1,17,4,3,0,0,1,0,0,9,-1,-1,-1,0,0.16852,0.83148,-1,6,60,1,1,2,16:22,5,1,9
2023320705584,2023,320705584,1,3,2,2,36,7,3,0,0,1,0,0,9,1,E01026687,-1,0,0.05225,0.94775,-1,6,60,9,1,1,15:30,3,2,9
2023461275656,2023,461275656,2,4,2,1,6,2,3,0,0,2,0,0,9,9,E01024853,3,1,0.0,1.0,-1,7,70,1,1,1,08:23,5,2,9
2023501288359,2023,501288359,2,2,2,1,86,11,3,0,0,1,0,0,9,9,E01019958,3,1,0.0,1.0,-1,6,60,1,1,1,15:05,1,2,9
202360A184527,2023,60A184527,1,4,2,1,17,4,1,0,0,2,0,0,9,-1,-1,-1,0,0.0,0.0,-1,6,60,9,1,2,00:00,1,1,9
2023131281980,2023,131281980,1,1,2,2,20,4,2,0,0,0,0,0,11,3,E01011779,7,1,1.0,0.0,-1,2,30,2,4,2,17:43,4,1,11
2023991346032,2023,991346032,1,1,3,1,5,1,2,5,3,0,0,0,0,2,-1,7,1,1.0,0.0,-1,6,30,1,1,2,19:10,1,1,9
2023421356737,2023,421356737,2,1,1,2,24,5,3,0,0,0,0,0,3,9,E01021747,3,1,0.0,1.0,-1,6,30,1,1,1,12:45,6,2,3
2023052300119,2023,052300119,1,2,2,2,49,8,3,0,0,1,0,0,9,2,E01006586,-1,0,0.07351,0.92649,-1,6,30,1,1,1,11:50,6,2,9
2023122300773,2023,122300773,1,2,2,1,25,5,2,0,0,1,0,0,9,9,E01006365,-1,0,1.0,0.0,-1,6,60,1,6,1,01:21,1,3,9
2023451262721,2023,451262721,2,1,1,1,32,6,2,0,0,0,0,0,1,8,E01030662,7,1,1.0,0.0,-1,6,30,2,4,2,19:30,3,2,1
2023451326843,2023,451326843,2,1,1,2,12,3,3,0,0,0,0,0,1,10,E01031003,3,1,0.0,1.0,-1,6,30,1,1,1,08:20,6,2,1
2023010454373,2023,010454373,1,1,1,1,26,6,3,0,0,0,0,0,3,6,E01001990,-1,0,0.0,1.0,-1,9,30,9,4,9,01:01,2,2,3
2023010432106,2023,010432106,1,1,1,1,41,7,3,0,0,0,0,0,9,1,E01004334,-1,0,0.0,1.0,-1,6,20,2,1,2,08:56,3,3,9
2023340NN0422,2023,340NN0422,1,1,1,1,39,7,3,0,0,0,0,0,9,9,E01027325,-1,0,0.02764,0.97236,-1,6,30,1,1,1,14:00,3,2,9
2023430030097,2023,430030097,1,3,2,1,4,1,3,0,0,2,0,0,9,10,E01028473,-1,0,0.02296,0.97704,-1,6,30,1,1,2,16:26,6,3,9
2023991316913,2023,991316913,1,1,3,1,22,5,2,5,2,0,0,2,0,1,-1,7,1,1.0,0.0,-1,6,30,2,4,2,16:45,3,1,8
2023101284180,2023,101284180,2,1,1,1,20,4,3,0,0,0,0,0,1,9,E01008235,3,1,0.0,1.0,-1,6,30,1,1,1,08:55,2,2,1
2023552301205,2023,552301205,2,1,1,1,44,7,3,0,0,0,0,0,4,3,E01015285,-1,0,0.14645,0.85355,-1,6,30,1,1,1,12:45,7,2,4
2023451359084,2023,451359084,1,1,1,2,36,7,3,0,0,0,0,0,9,10,E01016687,3,1,0.0,1.0,-1,3,70,1,6,1,19:30,3,2,9
2023461313913,2023,461313913,2,3,2,1,75,10,3,0,0,1,0,0,9,5,E01024413,3,1,0.0,1.0,-1,6,30,7,1,2,15:55,4,2,9
202354B998723,2023,54B998723,2,1,1,1,53,8,3,0,0,0,0,0,9,7,E01031848,-1,0,0.04963,0.95037,-1,6,60,8,1,2,07:35,2,2,9
2023501343248,2023,501343248,2,2,2,2,13,3,3,0,0,1,0,0,9,10,E01021227,3,1,0.0,1.0,-1,6,60,2,1,2,18:00,6,2,9
2023471347388,2023,471347388,1,1,1,1,17,4,3,0,0,0,0,0,3,2,E01021014,3,1,0.0,1.0,-1,6,30,1,4,2,20:53,5,3,3
2023361353576,2023,361353576,2,1,1,1,66,10,2,0,0,0,0,0,5,9,E01027125,6,1,1.0,0.0,-1,6,60,1,1,1,12:19,2,2,5
2023010477894,2023,010477894,1,1,1,2,43,7,3,0,0,0,0,0,9,7,E01002013,-1,0,0.0,1.0,-1,3,40,2,1,2,08:40,3,3,9
2023041391652,2023,041391652,1,2,2,1,18,4,3,0,0,1,0,0,9,3,E01024864,3,1,0.0,1.0,-1,6,60,5,6,2,02:10,5,1,9
2023131265710,2023,131265710,1,1,1,2,27,6,3,0,0,0,0,0,9,4,E01032498,3,1,0.0,1.0,-1,6,30,8,4,2,20:07,5,2,9
2023010483861,2023,010483861,1,1,3,1,53,8,3,1,3,0,0,0,0,4,E01004611,-1,0,0.0,1.0,-1,6,20,1,4,1,23:20,4,1,9
2023070324649,2023,070324649,2,1,1,1,26,6,3,0,0,0,0,0,4,1,E01012408,-1,0,0.13894,0.86106,-1,6,30,1,1,2,18:34,2,2,4
2023010462428,2023,010462428,2,2,1,2,39,7,3,0,0,0,0,0,9,4,E01000472,-1,0,0.0,1.0,-1,6,30,1,1,1,16:07,6,3,9
2023010470906,2023,010470906,1,3,2,-1,-1,-1,3,0,0,2,0,0,9,-1,-1,-1,0,0.0,1.0,-1,9,20,8,4,1,23:00,6,1,9
2023201380441,2023,201380441,1,1,1,2,34,6,2,0,0,0,0,0,9,-1,-1,6,1,1.0,0.0,-1,6,30,1,1,1,08:51,3,2,9
2023991302519,2023,991302519,1,1,3,2,13,3,2,4,1,0,0,2,0,-1,-1,7,1,1.0,0.0,-1,3,30,1,1,1,17:51,1,1,9
2023010469040,2023,010469040,2,1,1,1,29,6,3,0,0,0,0,0,1,2,E01004723,-1,0,0.0,1.0,-1,6,20,1,1,1,15:05,6,2,1
2023010437938,2023,010437938,1,1,1,1,24,5,3,0,0,0,0,0,3,5,E01003083,-1,0,0.0,1.0,-1,9,20,1,1,1,17:57,2,2,3
2023631374267,2023,631374267,1,1,1,1,62,9,1,0,0,0,0,0,5,6,E01032216,1,1,0.0,0.0,-1,6,60,1,1,1,08:54,1,1,5
2023010438884,2023,010438884,1,3,3,1,32,6,3,6,9,0,0,0,0,4,E01015622,-1,0,0.0,1.0,-1,6,20,1,4,1,17:59,7,1,4
202354C307923,2023,54C307923,2,1,1,1,17,4,3,0,0,0,0,0,3,4,E01031980,-1,0,0.11096,0.88904,-1,6,30,1,4,1,18:08,2,2,3
2023141363039,2023,141363039,1,1,1,1,37,7,3,0,0,0,0,0,9,1,E01007372,3,1,0.0,1.0,-1,6,20,1,4,1,19:35,7,2,9
2023201356004,2023,201356004,1,1,1,2,43,7,3,0,0,0,0,0,9,-1,-1,3,1,0.0,1.0,-1,6,30,1,1,1,11:50,5,3,9
2023471385411,2023,471385411,2,2,2,2,60,9,3,0,0,1,0,0,9,3,E01021137,3,1,0.0,1.0,-1,6,40,2,1,2,13:43,7,2,9
2023421309371,2023,421309371,1,1,3,1,11,3,3,5,9,0,0,0,0,6,E01021659,3,1,0.0,1.0,-1,6,30,1,1,1,16:15,6,1,19
2023131321707,2023,131321707,2,1,1,2,37,7,2,0,0,0,0,0,1,3,E01011478,6,1,1.0,0.0,-1,6,30,1,1,1,17:10,5,2,1
2023010441479,2023,010441479,1,1,1,1,59,9,1,0,0,0,0,0,3,4,E01001376,-1,0,0.0,0.0,-1,6,30,2,1,2,09:22,7,3,3
2023061286895,2023,061286895,2,1,1,2,29,6,3,0,0,0,0,0,9,3,E01005764,3,1,0.0,1.0,-1,6,20,1,1,1,07:44,7,2,9
2023010435282,2023,010435282,1,1,2,2,54,8,3,0,0,0,4,0,11,5,E01000632,-1,0,0.0,1.0,-1,2,30,2,4,2,22:30,6,1,11
2023531311510,2023,531311510,1,1,1,1,38,7,3,0,0,0,0,0,1,3,E01022294,3,1,0.0,1.0,-1,6,20,1,1,1,11:50,5,2,1
2023430466686,2023,430466686,1,1,1,1,30,6,2,0,0,0,0,0,3,4,E01002600,-1,0,1.0,0.0,-1,6,40,1,1,1,09:00,3,2,3
2023451306764,2023,451306764,3,2,1,1,44,7,3,0,0,0,0,0,9,8,E01030580,3,1,0.0,1.0,-1,6,40,1,1,1,08:30,3,4,9
2023991283888,2023,991283888,1,1,2,2,29,6,2,0,0,1,0,0,9,6,-1,7,1,1.0,0.0,-1,3,70,1,6,1,02:50,3,2,9
2023010442408,2023,010442408,1,1,1,1,48,8,3,0,0,0,0,0,9,6,E01002062,-1,0,0.0,1.0,-1,2,20,1,1,1,16:25,5,2,9
2023552300741,2023,552300741,2,1,1,1,46,8,2,0,0,0,0,0,1,3,E01015362,-1,0,1.0,0.0,-1,6,30,1,1,1,10:04,4,2,1
2023991285682,2023,991285682,2,1,2,2,87,11,3,0,0,1,0,0,9,8,-1,3,1,0.0,1.0,-1,6,30,1,1,1,13:41,7,2,9
2023991360386,2023,991360386,1,2,2,2,71,10,3,0,0,1,0,0,9,4,E01026659,3,1,0.0,1.0,-1,7,70,2,6,2,01:25,7,1,9
2023010439099,2023,010439099,1,2,3,1,10,2,3,5,1,0,0,0,0,2,E01003108,-1,0,0.0,1.0,-1,6,20,1,1,1,08:33,2,1,1
2023351381230,2023,351381230,1,1,1,2,33,6,3,0,0,0,0,0,3,3,E01017952,3,1,0.0,1.0,-1,6,30,2,4,2,19:20,2,2,3
2023010422854,2023,010422854,2,3,2,2,8,2,3,0,0,2,0,0,9,-1,-1,-1,0,0.0,1.0,-1,3,30,1,1,4,08:30,1,2,9
2023061300852,2023,061300852,3,3,1,1,29,6,3,0,0,0,0,0,9,2,E01005566,3,1,0.0,1.0,-1,3,30,1,1,1,16:42,3,3,9
2023010435817,2023,010435817,1,2,3,1,56,9,3,10,9,0,0,0,0,7,E01011890,-1,0,0.0,1.0,-1,2,30,1,1,1,11:05,2,1,1
2023041321232,2023,041321232,2,1,2,1,24,5,3,0,0,1,0,0,9,2,E01025055,3,1,0.0,1.0,-1,6,40,1,1,1,09:30,1,2,9
2023101347622,2023,101347622,2,2,2,2,8,2,3,0,0,2,0,0,9,2,E01020648,3,1,0.0,1.0,-1,3,70,1,1,1,09:05,5,3,9
2023010446994,2023,010446994,2,1,3,1,-1,-1,3,9,9,0,0,0,0,-1,-1,-1,0,0.0,1.0,-1,6,30,8,1,1,17:37,1,2,9
2023320640543,2023,320640543,1,1,1,1,25,5,2,0,0,0,0,0,1,-1,-1,-1,0,1.0,0.0,-1,6,60,1,6,1,20:00,7,2,1
2023010446736,2023,010446736,1,1,1,1,51,8,3,0,0,0,0,0,3,3,E01003723,-1,0,0.0,1.0,-1,6,30,1,1,1,11:25,7,2,3
2023351372091,2023,351372091,2,1,1,1,26,6,3,0,0,0,0,0,3,5,E01018158,3,1,0.0,1.0,-1,6,30,1,1,2,16:10,6,2,3
2023010432193,2023,010432193,2,2,1,1,33,6,2,0,0,0,0,0,5,-1,-1,-1,0,1.0,0.0,-1,6,20,1,1,1,14:20,3,2,5
2023401316664,2023,401316664,1,1,1,1,32,6,2,0,0,0,0,0,9,2,E01017537,5,1,1.0,0.0,-1,9,20,1,1,1,12:24,5,2,9
2023991388353,2023,991388353,1,4,2,2,17,4,3,0,0,1,0,0,9,-1,-1,3,1,0.0,1.0,-1,6,60,1,1,2,10:00,5,2,9
2023010459727,2023,010459727,1,1,2,2,71,10,3,0,0,0,4,0,11,2,E01004413,-1,0,0.0,1.0,-1,2,20,1,1,1,14:50,4,2,11
2023991280307,2023,991280307,1,1,1,1,36,7,2,0,0,0,0,0,19,4,-1,7,1,1.0,0.0,-1,6,30,1,4,1,05:15,7,1,19
2023201340185,2023,201340185,1,1,2,2,60,9,3,0,0,0,4,0,11,4,E01010330,3,1,0.0,1.0,-1,6,30,1,1,1,11:15,3,3,11
2023070524016,2023,070524016,1,1,1,1,88,11,2,0,0,0,0,0,9,10,E01018584,-1,0,1.0,0.0,-1,6,30,1,1,1,12:12,6,1,9
2023340NN1162,2023,340NN1162,2,1,2,2,13,3,3,0,0,2,0,0,9,-1,-1,-1,0,0.00673,0.99327,-1,6,20,1,1,1,09:15,7,2,9
2023411330820,2023,411330820,2,1,1,2,20,4,3,0,0,0,0,0,9,7,E01023658,3,1,0.0,1.0,-1,3,70,1,1,1,11:45,2,2,9
2023070609267,2023,070609267,1,3,2,1,17,4,3,0,0,2,0,0,9,9,E01012392,-1,0,0.1049,0.8951,-1,6,30,1,4,1,23:28,5,1,9
2023430354809,2023,430354809,1,1,1,2,70,10,3,0,0,0,0,0,9,7,E01017608,-1,0,0.0809,0.9191,-1,6,40,1,1,1,14:11,4,2,9
2023430379477,2023,430379477,2,2,1,2,73,10,3,0,0,0,0,0,9,9,E01022492,-1,0,0.05752,0.94248,-1,6,30,1,1,1,14:42,5,2,9
2023010478731,2023,010478731,2,1,1,1,17,4,2,0,0,0,0,0,1,3,E01001229,-1,0,1.0,0.0,-1,6,20,1,1,2,08:00,7,2,1
2023211355007,2023,211355007,1,1,3,1,42,7,3,1,1,0,0,0,0,7,E01029583,3,1,0.0,1.0,-1,6,30,1,4,1,19:12,5,1,9
2023010486589,2023,010486589,1,1,1,1,21,5,3,0,0,0,0,0,3,5,E01001157,-1,0,0.0,1.0,-1,9,20,9,1,9,14:00,5,2,3
2023131325382,2023,131325382,1,2,1,2,56,9,2,0,0,0,0,0,9,1,E01004987,7,1,1.0,0.0,-1,3,70,5,1,2,10:56,2,4,9
2023010470321,2023,010470321,1,1,2,1,38,7,3,0,0,0,3,0,11,4,E01003913,-1,0,0.0,1.0,-1,6,20,1,4,1,19:45,5,1,11
2023052302346,2023,052302346,2,1,1,2,31,6,3,0,0,0,0,0,9,-1,-1,-1,0,0.01295,0.98705,-1,6,30,2,4,2,00:30,3,3,9
2023061334206,2023,061334206,2,1,1,1,32,6,3,0,0,0,0,0,1,3,E01004766,3,1,0.0,1.0,-1,6,30,1,1,1,08:32,3,2,1
2023131302336,2023,131302336,1,1,1,1,26,6,3,0,0,0,0,0,3,1,E01010838,3,1,0.0,1.0,-1,9,30,1,1,1,19:15,7,2,3
2023471265981,2023,471265981,2,1,1,1,39,7,2,0,0,0,0,0,3,5,E01016991,7,1,1.0,0.0,-1,6,30,1,4,1,17:30,2,2,3
2023052302181,2023,052302181,1,1,3,1,9,2,3,8,3,0,0,0,0,1,E01033763,-1,0,0.16524,0.83476,-1,6,30,1,1,1,17:43,6,1,9
2023531401607,2023,531401607,2,1,1,1,-1,-1,2,0,0,0,0,0,1,-1,-1,7,1,1.0,0.0,-1,6,30,1,4,1,06:50,3,2,1
2023101270333,2023,101270333,2,1,1,1,20,4,3,0,0,0,0,0,9,1,E01008645,3,1,0.0,1.0,-1,1,30,1,4,1,21:00,5,2,9
2023320525468,2023,320525468,1,1,2,2,35,6,3,0,0,1,0,0,9,1,E01026383,-1,0,0.12297,0.87703,-1,6,60,1,6,1,05:38,5,1,9
2023430215752,2023,430215752,1,1,1,1,47,8,2,0,0,0,0,0,9,-1,-1,-1,0,1.0,0.0,-1,3,50,1,1,1,12:27,4,1,9
2023070213916,2023,070213916,2,1,1,2,22,5,3,0,0,0,0,0,9,-1,-1,-1,0,0.02046,0.97954,-1,6,30,2,1,2,16:22,2,2,9
2023101260691,2023,101260691,2,1,2,2,35,6,2,0,0,1,0,0,9,-1,-1,7,1,1.0,0.0,-1,6,30,1,1,2,14:02,7,2,9
2023111371464,2023,111371464,1,1,1,1,38,7,2,0,0,0,0,0,9,2,E01020788,6,1,1.0,0.0,-1,6,60,1,4,1,16:16,2,2,9
2023201416083,2023,201416083,1,1,1,1,28,6,3,0,0,0,0,0,9,2,E01009623,3,1,0.0,1.0,-1,6,30,1,1,1,18:57,3,3,9
2023471395540,2023,471395540,1,2,2,2,31,6,3,0,0,1,0,0,9,3,E01016852,3,1,0.0,1.0,-1,6,40,1,6,2,16:52,7,2,9
2023141354192,2023,141354192,1,1,1,1,34,6,3,0,0,0,0,0,9,4,E01007693,3,1,0.0,1.0,-1,6,40,1,4,1,21:05,3,2,9
2023421360205,2023,421360205,1,1,1,1,71,10,3,0,0,0,0,0,9,8,E01033063,3,1,0.0,1.0,-1,6,30,1,1,1,11:35,6,1,9
2023471284740,2023,471284740,1,1,1,2,72,10,3,0,0,0,0,0,9,8,E01031587,3,1,0.0,1.0,-1,3,50,3,1,2,10:50,4,2,9
2023010431251,2023,010431251,1,1,1,2,21,5,3,0,0,0,0,0,3,3,E01002808,-1,0,0.0,1.0,-1,9,20,1,1,1,17:30,3,2,3
2023061361293,2023,061361293,2,1,1,1,40,7,3,0,0,0,0,0,9,3,E01006291,3,1,0.0,1.0,-1,9,30,1,1,1,09:20,6,2,9
2023471283646,2023,471283646,1,1,1,1,13,3,2,0,0,0,0,0,1,5,E01031818,7,1,1.0,0.0,-1,6,20,1,1,2,15:25,2,2,1
2023061360761,2023,061360761,2,2,2,1,21,5,3,0,0,1,0,0,9,10,E01017863,3,1,0.0,1.0,-1,3,70,1,1,1,14:45,1,2,9
2023320090108,2023,320090108,1,1,1,1,47,8,3,0,0,0,0,0,9,4,E01026278,-1,0,0.09637,0.90363,-1,6,40,1,1,2,09:30,1,1,9
202354A474423,2023,54A474423,1,1,1,1,48,8,3,0,0,0,0,0,9,-1,-1,-1,0,0.0342,0.9658,-1,6,30,1,1,1,07:51,3,2,9
2023552300592,2023,552300592,2,2,2,1,37,7,3,0,0,1,0,0,9,2,E01015430,-1,0,0.01167,0.98833,-1,3,40,1,1,1,17:14,7,2,9
2023010445655,2023,010445655,1,1,3,2,65,9,3,6,9,0,0,0,0,2,E01004341,-1,0,0.0,1.0,-1,6,20,1,1,1,12:55,1,1,1
2023010463996,2023,010463996,1,1,3,1,49,8,3,10,9,0,0,0,0,3,E01000435,-1,0,0.0,1.0,-1,9,30,9,1,9,16:30,6,1,11
2023351315143,2023,351315143,1,1,1,1,42,7,2,0,0,0,0,0,4,5,E01018157,7,1,1.0,0.0,-1,1,40,1,1,1,13:05,1,2,4
2023052302835,2023,052302835,2,1,1,1,57,9,3,0,0,0,0,0,9,3,E01006452,-1,0,0.01922,0.98078,-1,6,30,1,4,1,17:30,7,2,9
2023201278592,2023,201278592,2,1,1,2,25,5,3,0,0,0,0,0,9,4,E01008997,3,1,0.0,1.0,-1,2,30,1,1,4,08:00,2,2,9
2023211302545,2023,211302545,1,1,1,1,29,6,3,0,0,0,0,0,9,-1,-1,3,1,0.0,1.0,-1,6,30,2,4,2,23:28,1,1,9
2023501307532,2023,501307532,1,1,1,1,20,4,3,0,0,0,0,0,9,6,E01020063,3,1,0.0,1.0,-1,6,30,1,1,1,14:36,2,1,9
2023010455736,2023,010455736,1,1,3,1,23,5,3,5,1,0,0,0,0,2,E01001491,-1,0,0.0,1.0,-1,6,30,1,1,1,20:02,2,1,9
2023170L11023,2023,170L11023,2,2,1,2,27,6,3,0,0,0,0,0,9,7,E01012152,-1,0,0.07301,0.92699,-1,3,50,1,1,1,12:45,5,2,9
2023010450637,2023,010450637,1,1,1,1,62,9,3,0,0,0,0,0,9,9,E01000396,-1,0,0.0,1.0,-1,3,30,1,1,1,05:08,4,4,9
2023440189802,2023,440189802,1,2,2,2,64,9,2,0,0,0,0,0,5,6,E01026205,-1,0,1.0,0.0,-1,3,70,1,1,1,18:40,1,1,5
2023041380109,2023,041380109,1,1,1,2,20,4,3,0,0,0,0,0,9,4,E01025509,3,1,0.0,1.0,-1,6,60,8,6,2,16:10,3,1,9
2023061318767,2023,061318767,3,5,2,1,23,5,3,0,0,1,0,0,9,1,E01005093,3,1,0.0,1.0,-1,3,30,1,4,1,23:05,4,3,9
2023451279443,2023,451279443,1,1,1,2,54,8,3,0,0,0,0,0,9,5,E01030946,3,1,0.0,1.0,-1,6,30,1,1,2,15:25,4,2,9
2023451345920,2023,451345920,1,1,1,1,25,5,3,0,0,0,0,0,9,2,E01000152,3,1,0.0,1.0,-1,7,40,1,1,1,08:00,1,1,9
2023461344528,2023,461344528,2,1,1,1,18,4,3,0,0,0,0,0,3,4,E01024647,3,1,0.0,1.0,-1,6,30,1,1,1,17:40,1,2,3
2023010426886,2023,010426886,1,1,1,1,20,4,3,0,0,0,0,0,9,2,E01004400,-1,0,0.0,1.0,-1,3,40,8,1,1,11:25,6,1,9
2023461401391,2023,461401391,2,1,1,2,53,8,3,0,0,0,0,0,9,1,E01024580,3,1,0.0,1.0,-1,1,40,1,1,1,12:49,5,2,9
2023522400128,2023,522400128,1,1,1,2,32,6,3,0,0,0,0,0,9,4,E01014774,-1,0,0.06049,0.93951,-1,6,40,1,1,1,15:55,3,1,9
2023010467295,2023,010467295,1,2,2,1,-1,-1,3,0,0,0,0,0,19,-1,-1,-1,0,0.0,1.0,-1,6,20,2,1,2,15:40,4,2,19
2023201318037,2023,201318037,1,1,3,2,31,6,2,5,1,0,0,2,0,2,E01033635,7,1,1.0,0.0,-1,3,20,1,1,1,14:19,3,1,11
2023010436034,2023,010436034,1,1,1,1,33,6,3,0,0,0,0,0,3,1,E01002073,-1,0,0.0,1.0,-1,9,20,1,1,1,08:00,2,2,3
2023471363027,2023,471363027,1,2,2,2,30,6,3,0,0,0,0,0,4,-1,-1,3,1,0.0,1.0,-1,6,30,1,1,1,11:02,1,1,4
2023302300732,2023,302300732,1,1,1,1,19,4,3,0,0,0,0,0,9,1,E01013822,-1,0,0.04405,0.95595,-1,6,40,1,1,1,18:53,4,2,9
2023311328269,2023,311328269,1,1,1,1,72,10,2,0,0,0,0,0,9,4,E01027960,6,1,1.0,0.0,-1,6,30,1,1,1,08:57,5,2,9
2023010437992,2023,010437992,2,1,1,2,36,7,3,0,0,0,0,0,1,4,E01000932,-1,0,0.0,1.0,-1,6,20,1,1,1,08:45,3,2,1
2023471306331,2023,471306331,2,1,1,2,43,7,2,0,0,0,0,0,1,8,E01031655,7,1,1.0,0.0,-1,6,30,1,1,1,12:30,2,2,1
2023461379729,2023,461379729,2,1,1,1,31,6,3,0,0,0,0,0,4,3,E01016037,3,1,0.0,1.0,-1,1,70,5,1,2,17:39,4,2,4