collision_index,collision_year,collision_ref_no,vehicle_reference,casualty_reference,casualty_class,sex_of_casualty,age_of_casualty,age_band_of_casualty,casualty_severity,pedestrian_location,pedestrian_movement,car_passenger,bus_or_coach_passenger,pedestrian_road_maintenance_worker,casualty_type,casualty_imd_decile,lsoa_of_casualty,enhanced_casualty_severity,casualty_injury_based,casualty_adjusted_severity_serious,casualty_adjusted_severity_slight,casualty_distance_banding,road_type,speed_limit,weather_conditions,light_conditions,road_surface_conditions,time,day_of_week,number_of_vehicles,vehicle_type
2023052301897,2023,052301897,1,2,2,2,44,7,3,0,0,2,0,0,8,1,E01006711,-1,0,0.12868,0.87132,-1,3,40,1,4,1,23:30,5,2,8
2023010474178,2023,010474178,1,2,2,1,-1,-1,3,0,0,1,0,0,9,-1,-1,-1,0,0.0,1.0,-1,1,20,1,1,1,03:30,5,2,9
2023141330736,2023,141330736,1,2,1,2,45,7,2,0,0,0,0,0,9,1,E01007530,6,1,1.0,0.0,-1,3,50,8,1,2,17:20,3,3,9
2023332300857,2023,332300857,1,2,2,2,34,6,3,0,0,2,0,0,9,8,E01025793,-1,0,0.0448,0.9552,-1,6,50,2,1,2,12:25,5,1,9
2023501317375,2023,501317375,1,1,1,2,23,5,3,0,0,0,0,0,9,9,E01020265,3,1,0.0,1.0,-1,6,30,1,1,1,07:52,3,3,9
2023351360245,2023,351360245,1,1,1,1,53,8,3,0,0,0,0,0,20,9,E01018148,3,1,0.0,1.0,-1,6,60,2,1,2,17:10,2,1,20
2023361285691,2023,361285691,1,1,1,1,21,5,2,0,0,0,0,0,1,6,E01026664,7,1,1.0,0.0,-1,6,30,6,1,4,09:30,6,2,1
2023546458723,2023,546458723,2,1,1,1,76,11,3,0,0,0,0,0,1,10,E01031919,-1,0,0.09864,0.90136,-1,6,30,9,1,1,13:10,3,2,1
2023041383074,2023,041383074,2,1,1,2,81,11,3,0,0,0,0,0,9,8,E01025599,3,1,0.0,1.0,-1,6,20,1,1,1,17:00,4,2,9
2023131351751,2023,131351751,1,1,1,2,62,9,2,0,0,0,0,0,9,5,E01010656,5,1,1.0,0.0,-1,6,30,1,1,1,14:15,2,1,9
2023320657123,2023,320657123,1,1,2,2,18,4,3,0,0,2,0,0,9,3,E01026270,-1,0,0.1446,0.8554,-1,6,60,1,6,2,21:50,1,1,9
2023440025351,2023,440025351,1,1,1,1,20,4,3,0,0,0,0,0,9,4,E01001158,-1,0,0.00832,0.99168,-1,6,20,1,1,1,13:00,5,2,9
2023361307672,2023,361307672,2,1,1,2,30,6,3,0,0,0,0,0,9,5,E01026255,3,1,0.0,1.0,-1,6,30,1,1,2,15:36,2,2,9
2023610003623,2023,610003623,2,1,1,1,34,6,2,0,0,0,0,0,1,9,W01001514,-1,0,1.0,0.0,-1,3,50,1,5,1,21:09,1,2,1
2023010426735,2023,010426735,1,2,2,1,50,8,3,0,0,2,0,0,9,10,E01000834,-1,0,0.0,1.0,-1,6,30,1,1,1,09:55,1,2,9
2023010468408,2023,010468408,1,1,1,1,46,8,3,0,0,0,0,0,9,10,E01004180,-1,0,0.0,1.0,-1,6,30,1,1,1,13:48,3,2,9
2023041318172,2023,041318172,2,2,1,1,66,10,2,0,0,0,0,0,9,4,E01024945,6,1,1.0,0.0,-1,6,30,1,1,1,13:25,3,2,9
2023471287608,2023,471287608,1,2,1,1,92,11,3,0,0,0,0,0,9,8,E01032837,3,1,0.0,1.0,-1,6,30,1,1,1,14:21,5,2,9
2023231333098,2023,231333098,2,2,1,1,23,5,3,0,0,0,0,0,9,6,E01031017,3,1,0.0,1.0,-1,6,30,1,1,1,05:45,2,2,9
2023161371520,2023,161371520,1,1,2,2,69,10,3,0,0,0,4,0,11,2,E01012826,3,1,0.0,1.0,-1,6,30,1,1,1,10:40,7,1,11
2023430569520,2023,430569520,2,1,1,1,32,6,3,0,0,0,0,0,9,8,E01003827,-1,0,0.01675,0.98325,-1,3,70,1,4,1,16:43,4,2,9
2023010428862,2023,010428862,1,1,1,1,31,6,3,0,0,0,0,0,3,1,E01001155,-1,0,0.0,1.0,-1,6,20,1,4,1,18:20,4,2,3
2023010451482,2023,010451482,2,1,1,1,34,6,2,0,0,0,0,0,5,8,E01021717,-1,0,1.0,0.0,-1,3,70,1,1,1,07:47,2,2,5
2023201414730,2023,201414730,2,2,3,1,28,6,3,10,9,0,0,2,0,1,E01008941,3,1,0.0,1.0,-1,3,40,1,4,1,10:43,6,2,9
2023991355856,2023,991355856,1,1,3,2,28,6,3,6,5,0,0,0,0,1,-1,3,1,0.0,1.0,-1,6,40,1,1,1,07:20,4,1,11
2023440510575,2023,440510575,2,1,1,1,34,6,3,0,0,0,0,0,19,7,E01022526,-1,0,0.04217,0.95783,-1,3,70,1,6,1,17:51,5,2,19
2023010422218,2023,010422218,1,1,3,1,48,8,3,4,1,0,0,0,0,2,E01004062,-1,0,0.0,1.0,-1,6,20,1,4,1,06:10,3,1,9
2023440359502,2023,440359502,1,1,1,1,67,10,3,0,0,0,0,0,1,8,E01022589,-1,0,0.13958,0.86042,-1,3,30,1,1,1,10:00,2,1,1
2023010447152,2023,010447152,2,2,1,2,36,7,3,0,0,0,0,0,9,-1,-1,-1,0,0.0,1.0,-1,6,30,1,1,1,16:10,2,2,9
2023010466298,2023,010466298,1,2,2,-1,-1,-1,3,0,0,2,0,0,9,-1,-1,-1,0,0.0,1.0,-1,6,30,8,1,1,19:32,6,2,9
2023546303723,2023,546303723,2,2,1,2,56,9,2,0,0,0,0,0,1,8,E01032071,-1,0,1.0,0.0,-1,1,30,1,1,1,10:34,6,2,1
2023010422459,2023,010422459,1,1,1,1,52,8,3,0,0,0,0,0,8,5,E01000150,-1,0,0.0,1.0,-1,6,20,1,1,2,12:45,6,2,8
2023411323455,2023,411323455,2,2,1,1,50,8,3,0,0,0,0,0,9,6,E01023952,3,1,0.0,1.0,-1,6,30,1,1,1,16:12,6,2,9
2023461265245,2023,461265245,1,1,1,1,16,4,2,0,0,0,0,0,3,1,E01024498,7,1,1.0,0.0,-1,6,60,5,1,2,10:50,7,2,3
2023201369312,2023,201369312,1,1,2,1,5,1,3,0,0,2,0,0,9,1,E01010080,3,1,0.0,1.0,-1,3,30,1,1,1,11:45,4,2,9
2023201409846,2023,201409846,1,1,1,2,42,7,3,0,0,0,0,0,9,5,E01010256,3,1,0.0,1.0,-1,6,30,1,1,1,12:45,5,2,9
2023461372461,2023,461372461,1,1,1,1,21,5,3,0,0,0,0,0,19,2,E01024081,3,1,0.0,1.0,-1,6,40,2,4,2,17:15,6,3,19
2023302300007,2023,302300007,1,1,1,1,63,9,2,0,0,0,0,0,5,7,E01019711,-1,0,1.0,0.0,-1,6,50,9,6,1,19:12,2,2,5
2023101356936,2023,101356936,2,2,1,2,40,7,3,0,0,0,0,0,9,-1,-1,3,1,0.0,1.0,-1,6,30,1,1,2,17:00,3,2,9
2023211277636,2023,211277636,2,1,1,2,-1,-1,3,0,0,0,0,0,9,8,E01029799,3,1,0.0,1.0,-1,6,30,1,1,1,07:40,5,2,9
202354A037923,2023,54A037923,1,1,1,1,61,9,3,0,0,0,0,0,9,9,E01022212,-1,0,0.05203,0.94797,-1,3,40,8,1,1,16:57,5,2,9
2023010446039,2023,010446039,1,1,3,1,-1,-1,3,10,9,0,0,0,0,2,E01001702,-1,0,0.0,1.0,-1,9,30,9,7,9,05:20,3,1,9
2023010483428,2023,010483428,1,1,1,1,36,7,3,0,0,0,0,0,1,7,E01030993,-1,0,0.0,1.0,-1,6,20,1,4,1,17:30,2,2,1
2023061381088,2023,061381088,2,1,1,1,41,7,3,0,0,0,0,0,1,-1,-1,3,1,0.0,1.0,-1,6,30,1,4,1,23:50,4,2,1
2023411353659,2023,411353659,2,4,2,2,16,4,3,0,0,2,0,0,9,4,E01015723,3,1,0.0,1.0,-1,7,60,1,1,1,12:21,1,2,9
2023461374619,2023,461374619,1,1,1,1,38,7,2,0,0,0,0,0,9,7,E01024380,6,1,1.0,0.0,-1,6,60,1,1,2,07:20,6,1,9
2023010482621,2023,010482621,1,1,3,2,-1,-1,3,10,9,0,0,0,0,3,E01000866,-1,0,0.0,1.0,-1,3,20,1,1,2,14:57,5,1,1
2023421288258,2023,421288258,1,1,2,1,15,3,2,0,0,0,0,0,2,7,E01021540,7,1,1.0,0.0,-1,6,60,1,6,2,22:30,7,1,2
2023461345008,2023,461345008,1,1,2,1,77,11,3,0,0,1,0,0,9,9,E01016052,3,1,0.0,1.0,-1,6,60,1,1,1,17:17,5,2,9
2023471307625,2023,471307625,2,2,1,2,36,7,3,0,0,0,0,0,9,6,E01021068,3,1,0.0,1.0,-1,6,60,1,1,1,08:12,2,3,9
2023131289880,2023,131289880,1,1,3,2,28,6,3,5,3,0,0,2,0,1,E01010833,3,1,0.0,1.0,-1,6,30,1,1,1,17:30,4,1,9
2023201411268,2023,201411268,2,1,2,2,45,7,3,0,0,1,0,0,9,2,E01010406,3,1,0.0,1.0,-1,6,30,1,4,1,04:42,3,2,9
2023010424193,2023,010424193,1,1,1,2,49,8,3,0,0,0,0,0,9,-1,-1,-1,0,0.0,1.0,-1,6,30,1,1,1,16:04,1,2,9
2023201343786,2023,201343786,1,1,1,2,25,5,3,0,0,0,0,0,9,2,E01010315,3,1,0.0,1.0,-1,1,30,1,1,1,18:41,4,2,9
2023010485373,2023,010485373,2,1,1,1,39,7,2,0,0,0,0,0,1,3,E01001807,-1,0,1.0,0.0,-1,6,20,4,1,1,12:30,5,2,1
2023010480896,2023,010480896,1,1,1,2,-1,-1,3,0,0,0,0,0,3,2,E01003267,-1,0,0.0,1.0,-1,9,20,1,1,2,13:30,2,2,3
2023501347612,2023,501347612,2,1,1,1,76,11,2,0,0,0,0,0,5,7,E01020106,6,1,1.0,0.0,-1,6,60,1,1,1,12:32,3,2,5
2023010432955,2023,010432955,2,4,2,1,8,2,3,0,0,2,0,0,9,-1,-1,-1,0,0.0,1.0,-1,6,30,1,1,1,16:30,7,2,9
2023061275495,2023,061275495,2,1,1,1,52,8,3,0,0,0,0,0,9,4,E01005436,3,1,0.0,1.0,-1,6,30,1,1,1,16:20,3,2,9
2023141266313,2023,141266313,1,2,2,2,9,2,3,0,0,2,0,0,9,5,E01007588,3,1,0.0,1.0,-1,6,30,1,1,1,16:20,6,2,9
2023311341734,2023,311341734,2,1,2,2,79,11,3,0,0,1,0,0,9,5,E01028369,3,1,0.0,1.0,-1,3,40,1,1,1,15:50,5,2,9
2023302300472,2023,302300472,1,1,3,1,10,2,2,5,1,0,0,0,0,4,E01019503,-1,0,1.0,0.0,-1,6,30,1,1,1,15:40,4,2,9
2023010441229,2023,010441229,2,1,1,1,37,7,3,0,0,0,0,0,1,4,E01004338,-1,0,0.0,1.0,-1,6,20,1,4,1,21:30,5,2,1
202354C554123,2023,54C554123,1,1,1,1,35,6,3,0,0,0,0,0,1,2,E01032064,-1,0,0.11595,0.88405,-1,6,30,1,4,1,07:14,2,2,1
2023010420027,2023,010420027,1,2,2,2,73,10,3,0,0,1,0,0,9,8,E01002163,-1,0,0.0,1.0,-1,6,20,1,4,2,19:28,6,2,9
2023122300528,2023,122300528,1,1,1,1,48,8,2,0,0,0,0,0,9,7,E01008243,-1,0,1.0,0.0,-1,6,60,1,1,1,12:20,2,1,9
2023340WN4082,2023,340WN4082,2,2,2,2,49,8,3,0,0,1,0,0,9,-1,-1,-1,0,0.0149,0.9851,-1,6,30,1,1,1,19:00,4,2,9
2023522400115,2023,522400115,2,4,2,1,42,7,2,0,0,2,0,0,9,9,E01014853,-1,0,1.0,0.0,-1,6,50,1,6,1,00:02,7,3,9
2023010446472,2023,010446472,1,1,3,2,22,5,2,10,9,0,0,0,0,3,E01002521,-1,0,1.0,0.0,-1,3,30,1,4,1,00:21,6,1,9
2023501326972,2023,501326972,2,1,1,1,14,3,3,0,0,0,0,0,1,8,E01020240,3,1,0.0,1.0,-1,3,30,1,1,1,08:50,4,2,1
2023131348518,2023,131348518,1,1,1,1,56,9,3,0,0,0,0,0,9,3,E01010761,3,1,0.0,1.0,-1,1,20,1,1,1,12:22,3,2,9
2023201277472,2023,201277472,1,3,2,2,63,9,3,0,0,2,0,0,9,-1,-1,3,1,0.0,1.0,-1,3,30,1,4,1,18:20,6,2,9
2023421293714,2023,421293714,2,1,1,2,18,4,3,0,0,0,0,0,9,9,E01015995,3,1,0.0,1.0,-1,6,40,1,1,1,17:54,3,2,9
2023010443919,2023,010443919,1,3,2,2,51,8,3,0,0,0,4,0,11,1,E01033456,-1,0,0.0,1.0,-1,3,30,1,1,1,11:40,5,1,11
2023010435815,2023,010435815,1,1,1,1,35,6,3,0,0,0,0,0,1,-1,-1,-1,0,0.0,1.0,-1,6,20,1,1,1,07:59,3,1,1
2023101380131,2023,101380131,2,1,1,1,39,7,3,0,0,0,0,0,1,1,E01008215,3,1,0.0,1.0,-1,6,30,8,4,-1,20:25,6,2,1
2023010435740,2023,010435740,2,1,1,1,17,4,3,0,0,0,0,0,3,5,E01024478,-1,0,0.0,1.0,-1,3,30,1,4,1,21:29,2,2,3
2023440363078,2023,440363078,2,1,1,1,75,10,2,0,0,0,0,0,5,8,E01022991,-1,0,1.0,0.0,-1,6,40,1,5,1,20:15,4,2,5
2023451356078,2023,451356078,2,2,1,1,67,10,3,0,0,0,0,0,9,4,E01031596,3,1,0.0,1.0,-1,6,30,1,1,2,07:10,2,2,9
2023461293619,2023,461293619,2,2,2,1,32,6,3,0,0,1,0,0,9,6,E01024216,3,1,0.0,1.0,-1,3,70,2,1,2,14:24,3,2,9
2023041286688,2023,041286688,1,1,3,1,9,2,3,9,8,0,0,0,0,2,E01024902,3,1,0.0,1.0,-1,6,30,9,1,2,17:15,7,1,9
2023071273421,2023,071273421,1,1,3,2,38,7,3,6,9,0,0,0,0,3,E01018423,-1,0,0.05089,0.94911,-1,6,30,1,1,1,12:45,5,1,9
2023461363258,2023,461363258,1,1,3,1,17,4,3,10,1,0,0,2,0,-1,-1,3,1,0.0,1.0,-1,6,30,1,1,1,17:30,3,1,9
2023010425456,2023,010425456,1,2,2,-1,-1,-1,3,0,0,2,0,0,9,6,E01033463,-1,0,0.0,1.0,-1,6,20,1,1,1,11:33,1,2,9
2023211338250,2023,211338250,2,1,1,2,34,6,3,0,0,0,0,0,9,6,E01029389,3,1,0.0,1.0,-1,3,30,1,1,1,11:45,6,3,9
2023302301421,2023,302301421,2,2,1,1,22,5,2,0,0,0,0,0,9,5,E01019611,-1,0,1.0,0.0,-1,6,50,2,1,2,18:37,3,2,9
2023332300935,2023,332300935,1,1,1,2,31,6,3,0,0,0,0,0,9,5,E01018009,-1,0,0.02564,0.97436,-1,6,30,1,4,1,23:00,3,2,9
2023131364568,2023,131364568,2,2,1,2,41,7,3,0,0,0,0,0,9,7,E01010879,3,1,0.0,1.0,-1,6,30,1,1,1,11:35,3,2,9
2023201379957,2023,201379957,2,7,2,2,12,3,3,0,0,2,0,0,9,6,E01010519,3,1,0.0,1.0,-1,6,30,1,7,1,15:37,7,5,9
2023361315305,2023,361315305,2,2,1,2,47,8,3,0,0,0,0,0,9,-1,-1,3,1,0.0,1.0,-1,6,60,2,1,1,08:21,3,2,9
2023522400816,2023,522400816,1,2,2,2,12,3,3,0,0,2,0,0,9,3,E01014673,-1,0,0.01861,0.98139,-1,6,30,1,1,1,10:10,4,2,9
2023351287419,2023,351287419,1,1,1,1,83,11,3,0,0,0,0,0,9,9,E01018181,3,1,0.0,1.0,-1,6,30,1,1,1,15:15,6,5,9
2023461382482,2023,461382482,1,2,1,1,79,11,3,0,0,0,0,0,9,8,E01024011,3,1,0.0,1.0,-1,6,60,1,1,2,11:40,7,3,9
2023991346221,2023,991346221,1,2,1,1,34,6,2,0,0,0,0,0,9,-1,-1,7,1,1.0,0.0,-1,6,60,1,1,1,14:30,2,2,9
2023010435725,2023,010435725,2,1,1,1,44,7,3,0,0,0,0,0,1,-1,-1,-1,0,0.0,1.0,-1,6,20,8,1,1,17:10,2,2,1
2023070417649,2023,070417649,1,1,1,2,70,10,3,0,0,0,0,0,9,4,E01012428,-1,0,0.05405,0.94595,-1,6,20,1,1,1,10:50,4,2,9
2023101389667,2023,101389667,2,2,2,2,43,7,3,0,0,1,0,0,9,4,E01008308,3,1,0.0,1.0,-1,6,30,2,4,2,10:30,3,2,9
2023131350831,2023,131350831,1,1,2,1,25,5,2,0,0,2,0,0,9,3,E01010950,6,1,1.0,0.0,-1,6,30,1,4,1,05:00,1,2,9
2023161356821,2023,161356821,1,1,1,1,28,6,3,0,0,0,0,0,9,5,E01028022,3,1,0.0,1.0,-1,6,30,1,1,1,09:35,7,2,9
2023421324649,2023,421324649,1,1,1,1,24,5,3,0,0,0,0,0,9,-1,-1,3,1,0.0,1.0,-1,6,50,1,4,2,21:14,5,1,9
2023430114594,2023,430114594,2,1,1,1,22,5,3,0,0,0,0,0,9,-1,-1,-1,0,0.00468,0.99532,-1,1,60,2,1,2,08:00,3,2,9
2023430126310,2023,430126310,1,1,1,1,-1,-1,3,0,0,0,0,0,9,10,E01018121,-1,0,0.02023,0.97977,-1,6,60,1,1,1,15:20,3,2,9
2023543276223,2023,543276223,2,2,1,1,67,10,3,0,0,0,0,0,9,8,E01015498,-1,0,0.02855,0.97145,-1,1,30,1,4,2,20:27,2,2,9
2023440225718,2023,440225718,2,1,1,1,34,6,3,0,0,0,0,0,9,10,E01022498,-1,0,0.03716,0.96284,-1,6,50,1,1,1,16:48,4,2,9
2023461284375,2023,461284375,1,3,2,2,27,6,3,0,0,1,0,0,9,6,E01024171,3,1,0.0,1.0,-1,6,30,1,1,1,22:38,2,2,9
2023461358487,2023,461358487,1,1,1,1,77,11,3,0,0,0,0,0,9,4,E01024377,3,1,0.0,1.0,-1,6,30,1,1,1,11:40,4,2,9
2023010425838,2023,010425838,1,1,1,1,47,8,3,0,0,0,0,0,21,1,E01015932,-1,0,0.0,1.0,-1,7,30,1,1,1,08:35,3,2,21
2023010485557,2023,010485557,1,1,3,2,22,5,2,6,9,0,0,0,0,7,E01032781,-1,0,1.0,0.0,-1,9,20,1,1,1,08:47,5,1,9
2023122300525,2023,122300525,1,1,3,1,6,2,2,5,4,0,0,0,0,6,E01027681,-1,0,1.0,0.0,-1,6,30,1,1,1,08:50,3,1,9
2023010454517,2023,010454517,1,1,1,1,38,7,3,0,0,0,0,0,3,7,E01001411,-1,0,0.0,1.0,-1,6,30,1,1,1,17:13,2,2,3
2023461374469,2023,461374469,1,1,1,2,54,8,2,0,0,0,0,0,3,9,E01023999,7,1,1.0,0.0,-1,6,30,1,1,1,15:30,5,1,3
2023131259250,2023,131259250,1,1,3,1,52,8,3,8,1,0,0,2,0,4,E01033694,3,1,0.0,1.0,-1,6,20,5,4,2,19:15,3,1,9
2023481356316,2023,481356316,1,1,3,2,47,8,3,4,3,0,0,0,0,-1,-1,3,1,0.0,1.0,-1,6,20,1,1,1,08:12,6,1,11
2023041263965,2023,041263965,2,1,1,1,37,7,3,0,0,0,0,0,1,1,E01025049,3,1,0.0,1.0,-1,6,30,1,4,1,17:22,1,2,1
2023010422202,2023,010422202,1,1,1,1,32,6,3,0,0,0,0,0,9,5,E01004461,-1,0,0.0,1.0,-1,3,30,1,4,1,17:22,4,4,9
2023351297823,2023,351297823,1,1,1,1,19,4,3,0,0,0,0,0,9,5,E01021420,3,1,0.0,1.0,-1,3,70,1,1,2,14:15,6,2,9
2023531332003,2023,531332003,1,1,1,2,78,11,3,0,0,0,0,0,9,1,E01022323,3,1,0.0,1.0,-1,3,30,1,1,1,14:50,4,2,9
2023010425154,2023,010425154,1,1,3,1,14,3,3,2,2,0,0,0,0,6,E01001570,-1,0,0.0,1.0,-1,6,30,1,1,1,15:41,6,1,9
2023201353897,2023,201353897,1,1,3,1,11,3,3,5,2,0,0,0,0,1,E01009298,3,1,0.0,1.0,-1,6,30,1,1,1,16:22,4,1,9
2023302300811,2023,302300811,3,2,1,2,23,5,3,0,0,0,0,0,9,9,E01019678,-1,0,0.06202,0.93798,-1,6,40,1,1,1,18:55,3,3,9
2023320703781,2023,320703781,1,1,1,2,24,5,3,0,0,0,0,0,9,9,E01025619,-1,0,0.04927,0.95073,-1,6,30,1,6,1,20:20,2,1,9
2023520000440,2023,520000440,3,3,1,1,20,4,3,0,0,0,0,0,9,6,E01032114,-1,0,0.05724,0.94276,-1,6,60,1,6,1,21:17,7,4,9
2023991331439,2023,991331439,1,1,1,2,19,4,2,0,0,0,0,0,9,8,-1,7,1,1.0,0.0,-1,6,60,1,1,2,16:00,2,1,9
2023010451884,2023,010451884,1,1,3,1,24,5,3,4,3,0,0,0,0,-1,-1,-1,0,0.0,1.0,-1,6,20,8,4,1,22:55,3,1,8
2023421353171,2023,421353171,1,1,1,1,30,6,3,0,0,0,0,0,5,-1,-1,3,1,0.0,1.0,-1,6,60,1,1,1,17:59,7,2,5
2023010444504,2023,010444504,1,2,2,-1,-1,-1,3,0,0,1,0,0,9,2,E01004327,-1,0,0.0,1.0,-1,1,30,1,1,1,18:22,2,2,9
2023041341232,2023,041341232,2,1,1,2,33,6,3,0,0,0,0,0,9,-1,-1,3,1,0.0,1.0,-1,6,30,1,1,1,01:15,1,2,9
2023371368785,2023,371368785,2,3,2,2,18,4,2,0,0,0,4,0,11,5,E01030281,7,1,1.0,0.0,-1,6,30,1,1,1,14:35,7,2,11
2023201287675,2023,201287675,3,1,1,1,26,6,3,0,0,0,0,0,9,-1,-1,3,1,0.0,1.0,-1,3,60,1,1,1,12:55,3,4,9
2023421266358,2023,421266358,1,1,1,2,40,7,3,0,0,0,0,0,9,5,E01021890,3,1,0.0,1.0,-1,6,50,1,1,4,12:40,7,3,9
2023421378995,2023,421378995,2,1,1,1,38,7,3,0,0,0,0,0,9,8,E01033612,3,1,0.0,1.0,-1,6,30,1,1,1,13:40,7,2,9
2023010476399,2023,010476399,1,1,1,1,26,6,3,0,0,0,0,0,3,4,E01004531,-1,0,0.0,1.0,-1,9,20,9,7,9,19:55,7,2,3
2023311359738,2023,311359738,1,2,1,1,53,8,3,0,0,0,0,0,-1,6,E01028074,3,1,0.0,1.0,-1,6,30,1,4,1,00:15,6,1,-1
2023101335669,2023,101335669,2,1,2,2,49,8,3,0,0,1,0,0,9,4,E01027381,3,1,0.0,1.0,-1,6,60,1,1,1,13:30,7,2,9
2023991263468,2023,991263468,1,1,1,2,62,9,2,0,0,0,0,0,9,3,-1,7,1,1.0,0.0,-1,6,60,1,1,2,11:18,7,1,9
2023052302972,2023,052302972,1,1,3,1,4,1,3,1,3,0,0,0,0,1,E01006437,-1,0,0.0734,0.9266,-1,3,30,1,1,1,15:30,4,1,9
2023311349037,2023,311349037,2,1,1,1,46,8,3,0,0,0,0,0,9,1,E01013882,3,1,0.0,1.0,-1,6,30,1,4,1,00:10,3,2,9
2023991315868,2023,991315868,2,1,1,1,60,9,3,0,0,0,0,0,9,-1,-1,3,1,0.0,1.0,-1,6,40,1,1,1,08:00,3,3,9
2023010448512,2023,010448512,1,1,1,1,41,7,3,0,0,0,0,0,3,-1,-1,-1,0,0.0,1.0,-1,9,20,1,1,1,10:10,1,2,3
2023610046123,2023,610046123,1,1,1,1,84,11,2,0,0,0,0,0,5,5,E01014983,-1,0,1.0,0.0,-1,6,60,1,1,2,14:25,2,2,5
2023031326952,2023,031326952,1,1,1,1,52,8,2,0,0,0,0,0,21,6,-1,7,1,1.0,0.0,-1,6,60,1,1,1,10:49,6,2,21
2023010443734,2023,010443734,1,1,1,1,25,5,3,0,0,0,0,0,3,5,E01004700,-1,0,0.0,1.0,-1,9,20,1,1,1,18:36,3,2,3
2023471371768,2023,471371768,1,1,3,2,17,4,3,1,1,0,0,0,0,3,E01020996,3,1,0.0,1.0,-1,6,30,1,1,1,15:52,6,1,9
2023010424002,2023,010424002,1,1,3,2,71,10,3,6,9,0,0,0,0,8,E01001617,-1,0,0.0,1.0,-1,6,30,1,1,1,10:31,7,1,11
2023041379231,2023,041379231,1,1,3,1,17,4,3,8,8,0,0,0,0,2,E01012688,3,1,0.0,1.0,-1,6,30,2,4,2,22:16,1,1,9
2023010450565,2023,010450565,2,1,1,1,48,8,3,0,0,0,0,0,1,8,E01002657,-1,0,0.0,1.0,-1,2,20,1,1,1,18:45,4,2,1
2023010469270,2023,010469270,2,1,1,1,57,9,3,0,0,0,0,0,8,6,E01002423,-1,0,0.0,1.0,-1,6,40,1,4,1,02:25,1,2,8
2023421358131,2023,421358131,1,2,2,2,31,6,3,0,0,1,0,0,9,9,E01021692,3,1,0.0,1.0,-1,6,30,1,6,1,03:42,1,3,9
2023552300402,2023,552300402,1,1,3,1,41,7,3,6,9,0,0,0,0,6,E01016943,-1,0,0.03797,0.96203,-1,6,30,1,1,1,11:59,2,1,19
2023010456231,2023,010456231,1,1,1,1,47,8,3,0,0,0,0,0,3,1,E01001847,-1,0,0.0,1.0,-1,6,20,1,1,1,21:02,3,2,3
2023430135621,2023,430135621,2,1,1,1,59,9,3,0,0,0,0,0,9,10,E01017639,-1,0,0.02808,0.97192,-1,1,30,1,1,1,17:26,2,2,9
2023052302432,2023,052302432,2,1,1,1,55,8,2,0,0,0,0,0,3,4,E01007053,-1,0,1.0,0.0,-1,6,30,1,1,1,17:40,6,2,3
2023052301110,2023,052301110,2,1,1,1,41,7,2,0,0,0,0,0,1,1,E01007005,-1,0,1.0,0.0,-1,6,30,1,1,1,15:30,2,2,1
2023070017387,2023,070017387,1,1,1,1,33,6,3,0,0,0,0,0,20,-1,-1,-1,0,0.06006,0.93994,-1,6,60,1,1,1,10:30,6,2,20
2023101263364,2023,101263364,1,2,1,1,45,7,3,0,0,0,0,0,5,-1,-1,3,1,0.0,1.0,-1,1,30,5,1,2,14:26,7,2,5
2023131365752,2023,131365752,1,1,3,2,63,9,3,6,9,0,0,2,0,7,E01011589,3,1,0.0,1.0,-1,6,30,1,4,1,19:00,1,1,19
2023052302085,2023,052302085,1,2,2,2,16,4,2,0,0,2,0,0,9,3,E01012369,-1,0,1.0,0.0,-1,6,40,1,1,1,23:15,1,1,9
2023302300934,2023,302300934,1,1,1,2,30,6,3,0,0,0,0,0,9,2,E01019799,-1,0,0.0082,0.9918,-1,6,30,1,1,1,16:13,6,3,9
2023401330923,2023,401330923,3,2,1,1,42,7,3,0,0,0,0,0,9,4,E01015784,3,1,0.0,1.0,-1,6,30,1,1,1,08:00,2,3,9
202363A028723,2023,63A028723,1,1,1,2,55,8,3,0,0,0,0,0,9,-1,-1,-1,0,0.08595,0.91405,-1,6,30,1,1,1,18:30,5,2,9
2023991299803,2023,991299803,2,1,1,1,23,5,3,0,0,0,0,0,9,9,-1,3,1,0.0,1.0,-1,6,60,1,6,2,21:00,7,2,9
202360A105849,2023,60A105849,3,1,1,2,56,9,3,0,0,0,0,0,9,-1,-1,-1,0,0.01078,0.98922,-1,3,30,1,1,1,09:00,5,3,9
2023320255533,2023,320255533,2,1,1,2,47,8,3,0,0,0,0,0,9,6,E01026251,-1,0,0.04287,0.95713,-1,6,40,1,1,2,08:10,6,3,9
2023421392436,2023,421392436,2,4,1,2,74,10,3,0,0,0,0,0,9,9,E01021899,3,1,0.0,1.0,-1,6,40,1,1,2,08:17,4,2,9
2023451272332,2023,451272332,2,2,2,2,7,2,3,0,0,1,0,0,9,10,E01030986,3,1,0.0,1.0,-1,6,50,1,1,1,12:51,7,3,9
2023991375496,2023,991375496,1,1,3,1,51,8,2,5,3,0,0,2,0,-1,-1,7,1,1.0,0.0,-1,6,30,1,1,1,09:05,4,1,9
2023451360563,2023,451360563,1,1,1,1,48,8,3,0,0,0,0,0,1,6,E01030550,3,1,0.0,1.0,-1,6,40,1,1,1,11:25,7,2,1
2023010423779,2023,010423779,1,1,1,1,25,5,3,0,0,0,0,0,3,2,E01004211,-1,0,0.0,1.0,-1,6,20,1,4,2,17:30,5,2,3