collision_index,collision_year,collision_ref_no,vehicle_reference,casualty_reference,casualty_class,sex_of_casualty,age_of_casualty,age_band_of_casualty,casualty_severity,pedestrian_location,pedestrian_movement,car_passenger,bus_or_coach_passenger,pedestrian_road_maintenance_worker,casualty_type,casualty_imd_decile,lsoa_of_casualty,enhanced_casualty_severity,casualty_injury_based,casualty_adjusted_severity_serious,casualty_adjusted_severity_slight,casualty_distance_banding,road_type,speed_limit,weather_conditions,light_conditions,road_surface_conditions,time,day_of_week,number_of_vehicles,vehicle_type
202360A055660,2023,60A055660,1,1,1,1,26,6,2,0,0,0,0,0,3,-1,-1,-1,0,1.0,0.0,-1,6,40,1,1,1,13:41,2,1,3
2023501285137,2023,501285137,1,1,1,2,50,8,2,0,0,0,0,0,5,7,E01019899,6,1,1.0,0.0,-1,6,60,7,1,2,17:45,5,3,5
2023542393123,2023,542393123,2,1,2,1,18,4,3,0,0,2,0,0,9,3,E01015491,-1,0,0.01809,0.98191,-1,1,30,1,4,1,20:49,7,2,9
2023010422194,2023,010422194,1,1,3,1,33,6,3,9,5,0,0,0,0,1,E01002069,-1,0,0.0,1.0,-1,6,20,1,4,4,22:22,4,2,9
2023991387455,2023,991387455,1,1,1,1,21,5,3,0,0,0,0,0,3,7,-1,3,1,0.0,1.0,-1,6,20,2,4,2,21:35,3,2,3
2023061300878,2023,061300878,2,1,1,1,17,4,2,0,0,0,0,0,1,-1,-1,7,1,1.0,0.0,-1,6,40,1,4,1,23:18,3,4,1
2023520400612,2023,520400612,1,1,1,1,17,4,3,0,0,0,0,0,3,9,E01029188,-1,0,0.03287,0.96713,-1,6,30,2,1,2,08:15,4,2,3
2023221343284,2023,221343284,1,5,2,1,83,11,2,0,0,2,0,0,9,-1,-1,5,1,1.0,0.0,-1,3,70,1,1,1,17:36,6,2,9
2023340WN5672,2023,340WN5672,1,1,1,2,31,6,3,0,0,0,0,0,9,1,E01032978,-1,0,0.06085,0.93915,-1,3,70,2,6,2,18:30,4,2,9
2023991375000,2023,991375000,2,1,1,1,18,4,3,0,0,0,0,0,9,8,-1,3,1,0.0,1.0,-1,6,40,1,4,1,22:42,3,2,9
2023101297569,2023,101297569,1,1,1,1,66,10,2,0,0,0,0,0,19,-1,-1,7,1,1.0,0.0,-1,6,30,1,1,1,13:36,1,2,19
2023131390881,2023,131390881,1,1,3,1,52,8,2,4,3,0,0,2,0,2,E01011167,5,1,1.0,0.0,-1,6,30,5,4,2,06:25,5,1,9
2023991346577,2023,991346577,1,1,3,2,65,9,3,8,7,0,0,2,0,2,-1,3,1,0.0,1.0,-1,6,30,2,1,2,13:10,3,1,9
2023440291496,2023,440291496,1,1,1,1,25,5,2,0,0,0,0,0,1,7,E01017048,-1,0,1.0,0.0,-1,6,30,1,1,1,09:00,4,2,1
2023041303978,2023,041303978,3,1,1,1,81,11,2,0,0,0,0,0,9,9,E01024918,7,1,1.0,0.0,-1,6,30,1,1,1,11:07,5,3,9
2023221349760,2023,221349760,4,3,2,2,38,7,3,0,0,1,0,0,9,4,E01022450,3,1,0.0,1.0,-1,6,50,1,1,1,18:00,4,4,9
2023991364297,2023,991364297,2,3,1,1,65,9,3,0,0,0,0,0,9,3,-1,3,1,0.0,1.0,-1,6,60,1,1,1,14:00,3,2,9
2023010419392,2023,010419392,1,1,3,1,11,3,3,1,3,0,0,0,0,1,E01001507,-1,0,0.0,1.0,-1,2,30,1,1,1,18:00,2,1,9
2023411392477,2023,411392477,2,1,1,1,30,6,3,0,0,0,0,0,3,1,E01001549,3,1,0.0,1.0,-1,6,40,1,4,1,16:00,7,2,3
2023131302138,2023,131302138,2,2,2,1,16,4,3,0,0,0,0,0,5,3,E01010871,3,1,0.0,1.0,-1,6,30,1,1,1,18:30,6,2,5
2023430309907,2023,430309907,1,1,1,1,59,9,3,0,0,0,0,0,1,6,E01016434,-1,0,0.18627,0.81373,-1,6,30,1,1,1,08:42,5,2,1
2023052301369,2023,052301369,2,1,1,1,38,7,3,0,0,0,0,0,1,1,E01006984,-1,0,0.15874,0.84126,-1,6,30,1,1,1,14:09,1,2,1
2023440200210,2023,440200210,2,1,1,2,50,8,3,0,0,0,0,0,1,2,E01017133,-1,0,0.15594,0.84406,-1,6,30,1,1,1,07:59,1,2,1
2023531360845,2023,531360845,1,1,1,2,28,6,2,0,0,0,0,0,5,7,E01015474,6,1,1.0,0.0,-1,6,50,1,1,1,14:55,7,3,5
2023141323093,2023,141323093,1,1,3,1,28,6,3,5,3,0,0,0,0,5,E01012767,3,1,0.0,1.0,-1,6,40,1,7,1,19:40,2,1,9
2023552301089,2023,552301089,2,1,1,1,24,5,3,0,0,0,0,0,3,10,E01020395,-1,0,0.13631,0.86369,-1,6,30,1,1,1,16:57,5,2,3
2023471355698,2023,471355698,2,1,1,1,62,9,3,0,0,0,0,0,5,9,E01021072,3,1,0.0,1.0,-1,6,50,1,1,1,09:45,1,2,5
2023131388780,2023,131388780,1,1,1,2,32,6,3,0,0,0,0,0,9,6,E01011651,3,1,0.0,1.0,-1,6,30,1,4,1,18:06,6,2,9
2023010483085,2023,010483085,1,1,3,2,35,6,3,10,9,0,0,0,0,3,E01001669,-1,0,0.0,1.0,-1,9,30,8,4,2,17:50,7,1,9
2023010468512,2023,010468512,1,1,1,1,51,8,3,0,0,0,0,0,5,6,E01024830,-1,0,0.0,1.0,-1,6,30,1,1,1,16:20,3,2,5
2023052300069,2023,052300069,2,3,1,2,56,9,3,0,0,0,0,0,9,1,E01006646,-1,0,0.09312,0.90688,-1,3,30,2,4,2,06:46,3,2,9
2023070597087,2023,070597087,2,1,1,2,20,4,3,0,0,0,0,0,9,2,E01006826,-1,0,0.01453,0.98547,-1,6,30,2,1,2,09:42,2,2,9
2023052301151,2023,052301151,2,1,1,1,15,3,3,0,0,0,0,0,23,4,E01007229,-1,0,0.19934,0.80066,-1,6,30,1,1,1,21:10,6,2,23
2023311374190,2023,311374190,1,1,1,1,29,6,2,0,0,0,0,0,3,7,E01028298,7,1,1.0,0.0,-1,6,60,2,6,2,16:31,1,2,3
2023201306687,2023,201306687,1,4,2,2,39,7,3,0,0,0,0,0,19,5,E01002449,3,1,0.0,1.0,-1,6,30,2,4,2,20:57,2,3,19
2023461364103,2023,461364103,2,3,2,2,30,6,3,0,0,0,4,0,11,-1,-1,3,1,0.0,1.0,-1,3,30,1,1,1,18:07,2,2,11
2023221310196,2023,221310196,4,2,1,1,34,6,3,0,0,0,0,0,9,-1,-1,3,1,0.0,1.0,-1,7,40,1,1,1,15:32,2,4,9
2023622300875,2023,622300875,1,1,1,1,79,11,3,0,0,0,0,0,9,10,W01001036,-1,0,0.06595,0.93405,-1,6,20,1,1,1,12:02,6,1,9
2023010468004,2023,010468004,1,1,1,1,52,8,3,0,0,0,0,0,1,2,E01004679,-1,0,0.0,1.0,-1,6,20,1,1,1,17:50,7,2,1
2023461313150,2023,461313150,1,1,1,2,44,7,3,0,0,0,0,0,1,8,E01004069,3,1,0.0,1.0,-1,6,60,1,1,1,12:15,1,1,1
2023552300446,2023,552300446,2,1,1,2,30,6,2,0,0,0,0,0,1,9,E01020371,-1,0,1.0,0.0,-1,6,30,1,1,1,07:50,6,2,1
2023010442379,2023,010442379,1,1,1,1,47,8,3,0,0,0,0,0,3,3,E01004590,-1,0,0.0,1.0,-1,3,30,1,1,1,07:30,5,2,3
2023010472740,2023,010472740,1,1,3,2,56,9,2,10,9,0,0,0,0,8,E01000399,-1,0,1.0,0.0,-1,6,30,2,4,2,19:30,4,1,9
2023122300092,2023,122300092,1,1,1,1,39,7,3,0,0,0,0,0,19,3,E01027824,-1,0,0.04759,0.95241,-1,6,30,1,4,1,06:10,7,1,19
2023501347855,2023,501347855,1,1,3,2,52,8,3,10,9,0,0,0,0,2,E01018836,3,1,0.0,1.0,-1,6,30,1,1,1,19:07,4,1,9
2023311292267,2023,311292267,1,1,1,1,41,7,3,0,0,0,0,0,1,-1,-1,3,1,0.0,1.0,-1,6,30,1,1,2,06:10,6,2,1
2023010428449,2023,010428449,1,1,1,1,42,7,3,0,0,0,0,0,3,7,E01002203,-1,0,0.0,1.0,-1,6,30,1,1,1,12:10,3,2,3
2023010440695,2023,010440695,1,1,3,2,43,7,3,6,9,0,0,0,0,4,E01001158,-1,0,0.0,1.0,-1,6,30,1,1,1,13:14,3,1,98
2023061339870,2023,061339870,1,1,3,1,14,3,3,2,1,0,0,0,0,2,E01005326,3,1,0.0,1.0,-1,6,20,1,1,1,17:26,3,1,9
2023010455821,2023,010455821,1,1,1,2,54,8,3,0,0,0,0,0,1,2,E01004269,-1,0,0.0,1.0,-1,6,20,1,1,1,07:30,3,2,1
2023161310760,2023,161310760,1,1,1,1,58,9,3,0,0,0,0,0,1,2,E01033104,3,1,0.0,1.0,-1,6,30,1,1,1,14:40,2,2,1
202360A044929,2023,60A044929,2,1,1,1,27,6,3,0,0,0,0,0,3,-1,-1,-1,0,0.1417,0.8583,-1,6,30,1,1,1,07:06,4,2,3
2023010462690,2023,010462690,1,1,1,1,30,6,3,0,0,0,0,0,2,3,E01001638,-1,0,0.0,1.0,-1,6,20,1,1,1,18:25,1,2,2
2023122301253,2023,122301253,1,1,2,2,77,11,3,0,0,1,0,0,9,1,E01025062,-1,0,0.1165,0.8835,-1,6,60,1,1,1,11:05,6,1,9
2023010448823,2023,010448823,1,1,1,1,46,8,3,0,0,0,0,0,11,7,E01000197,-1,0,0.0,1.0,-1,6,20,1,1,1,18:28,3,1,11
2023461378322,2023,461378322,1,2,3,2,12,3,3,5,4,0,0,0,0,1,E01024697,3,1,0.0,1.0,-1,6,30,1,1,1,08:15,6,1,9
2023010427526,2023,010427526,1,1,1,1,34,6,3,0,0,0,0,0,3,3,E01001243,-1,0,0.0,1.0,-1,6,20,1,1,2,15:38,5,1,3
2023471310229,2023,471310229,1,1,1,1,20,4,3,0,0,0,0,0,4,6,E01031743,3,1,0.0,1.0,-1,6,20,1,1,1,17:38,2,2,4
2023622300311,2023,622300311,1,1,1,1,39,7,3,0,0,0,0,0,5,7,W01001118,-1,0,0.16229,0.83771,-1,3,30,1,1,1,05:58,6,2,5
2023010442402,2023,010442402,1,1,1,1,34,6,3,0,0,0,0,0,3,5,E01004056,-1,0,0.0,1.0,-1,6,20,1,1,1,14:30,4,2,3
2023461371032,2023,461371032,2,1,1,1,47,8,3,0,0,0,0,0,3,1,E01024257,3,1,0.0,1.0,-1,2,20,1,1,1,16:00,5,2,3
2023471331949,2023,471331949,1,1,1,1,85,11,3,0,0,0,0,0,9,10,E01031425,3,1,0.0,1.0,-1,6,30,1,1,1,11:18,6,6,9
202360A105323,2023,60A105323,1,2,2,2,16,4,3,0,0,1,0,0,9,-1,-1,-1,0,0.10699,0.89301,-1,6,60,1,1,1,14:18,4,2,9
2023041334154,2023,041334154,1,1,1,1,27,6,2,0,0,0,0,0,9,2,E01025285,6,1,1.0,0.0,-1,6,30,1,1,1,19:55,5,2,9
2023101368840,2023,101368840,2,1,1,2,41,7,3,0,0,0,0,0,9,4,E01008404,3,1,0.0,1.0,-1,6,30,2,4,2,16:45,6,2,9
2023010457775,2023,010457775,1,1,1,1,45,7,3,0,0,0,0,0,9,4,E01000466,-1,0,0.0,1.0,-1,3,30,1,1,1,15:45,6,2,9
2023351339923,2023,351339923,2,1,1,2,31,6,3,0,0,0,0,0,9,8,E01027074,3,1,0.0,1.0,-1,1,60,1,1,1,16:50,4,2,9
2023440384932,2023,440384932,1,1,1,1,48,8,3,0,0,0,0,0,9,6,E01031842,-1,0,0.13331,0.86669,-1,3,70,2,1,2,18:45,4,1,9
2023461369018,2023,461369018,1,1,1,1,61,9,3,0,0,0,0,0,9,2,E01024662,3,1,0.0,1.0,-1,6,40,1,1,1,15:39,4,2,9
2023540625723,2023,540625723,2,2,2,1,9,2,3,0,0,1,0,0,9,-1,-1,-1,0,0.01923,0.98077,-1,6,60,1,1,2,14:06,4,4,9
2023991312431,2023,991312431,1,1,1,2,35,6,3,0,0,0,0,0,9,2,-1,3,1,0.0,1.0,-1,6,30,1,1,1,16:00,7,1,9
2023471365479,2023,471365479,1,1,1,1,45,7,3,0,0,0,0,0,19,7,E01031381,3,1,0.0,1.0,-1,6,60,5,6,2,16:29,7,1,19
2023161303422,2023,161303422,2,1,1,1,14,3,3,0,0,0,0,0,-1,6,E01012771,3,1,0.0,1.0,-1,6,30,1,1,1,13:30,2,2,-1
2023010462383,2023,010462383,1,1,1,2,53,8,3,0,0,0,0,0,9,9,E01000363,-1,0,0.0,1.0,-1,3,50,1,1,1,16:35,6,4,9
2023311262908,2023,311262908,2,1,1,2,22,5,3,0,0,0,0,0,9,3,E01028338,3,1,0.0,1.0,-1,6,50,4,1,1,09:56,6,2,9
2023311290331,2023,311290331,1,1,1,2,32,6,3,0,0,0,0,0,9,2,E01028067,3,1,0.0,1.0,-1,6,30,1,1,1,07:25,6,2,9
2023461331330,2023,461331330,1,1,2,2,36,7,3,0,0,2,0,0,9,3,E01001369,3,1,0.0,1.0,-1,6,30,1,1,1,18:30,1,2,9
2023070563328,2023,070563328,2,3,1,1,72,10,3,0,0,0,0,0,9,10,E01018471,-1,0,0.07383,0.92617,-1,6,40,2,1,2,15:30,1,2,9
2023141341371,2023,141341371,1,1,1,1,51,8,3,0,0,0,0,0,9,2,E01007340,3,1,0.0,1.0,-1,6,30,2,1,2,09:49,2,2,9
2023010468416,2023,010468416,1,1,1,1,45,7,3,0,0,0,0,0,1,1,E01004035,-1,0,0.0,1.0,-1,6,20,1,1,1,16:28,3,2,1
2023101367936,2023,101367936,2,1,1,1,12,3,2,0,0,0,0,0,1,2,E01008324,7,1,1.0,0.0,-1,6,30,1,1,2,19:20,4,2,1
2023531355614,2023,531355614,1,1,3,1,22,5,2,4,1,0,0,0,0,1,E01022333,7,1,1.0,0.0,-1,6,30,1,1,1,19:00,6,1,9
2023522300654,2023,522300654,1,3,2,1,76,11,3,0,0,0,4,0,11,4,E01032633,-1,0,0.05306,0.94694,-1,6,30,1,1,1,14:02,4,2,11
2023052300433,2023,052300433,2,1,1,1,-1,-1,3,0,0,0,0,0,1,-1,-1,-1,0,0.10778,0.89222,-1,6,30,1,4,1,06:45,2,2,1
2023061316551,2023,061316551,1,1,1,1,15,3,1,0,0,0,0,0,1,-1,-1,1,1,0.0,0.0,-1,6,30,1,1,1,13:57,5,3,1
2023122300574,2023,122300574,2,2,1,1,43,7,3,0,0,0,0,0,1,-1,-1,-1,0,0.11553,0.88447,-1,6,30,1,1,1,16:50,7,2,1
2023010419418,2023,010419418,1,1,1,2,-1,-1,3,0,0,0,0,0,4,6,E01000492,-1,0,0.0,1.0,-1,9,20,9,1,1,14:27,2,2,4
2023070226619,2023,070226619,2,1,1,2,31,6,3,0,0,0,0,0,9,-1,-1,-1,0,0.00565,0.99435,-1,6,30,2,1,2,12:05,6,2,9
2023320088393,2023,320088393,1,1,1,1,36,7,3,0,0,0,0,0,9,-1,-1,-1,0,0.01002,0.98998,-1,6,30,1,1,1,15:50,6,2,9
2023421369360,2023,421369360,1,1,1,1,22,5,3,0,0,0,0,0,9,-1,-1,3,1,0.0,1.0,-1,1,30,2,1,2,07:29,4,1,9
2023991389600,2023,991389600,1,1,1,1,30,6,3,0,0,0,0,0,9,5,-1,3,1,0.0,1.0,-1,6,60,2,6,2,06:45,2,1,9
2023010443684,2023,010443684,1,1,3,1,62,9,3,5,1,0,0,0,0,8,E01000649,-1,0,0.0,1.0,-1,6,30,1,1,1,12:14,5,1,21
2023211358314,2023,211358314,1,1,3,1,31,6,2,5,1,0,0,0,0,3,E01029408,7,1,1.0,0.0,-1,6,30,1,4,1,20:15,3,1,9
2023421373739,2023,421373739,2,2,2,1,23,5,3,0,0,1,0,0,9,2,E01021711,3,1,0.0,1.0,-1,6,30,1,6,2,21:51,1,2,9
2023010441214,2023,010441214,2,1,1,1,67,10,3,0,0,0,0,0,1,3,E01001409,-1,0,0.0,1.0,-1,1,30,1,4,1,22:25,5,2,1
2023061286015,2023,061286015,2,1,1,-1,47,8,3,0,0,0,0,0,1,5,E01005687,3,1,0.0,1.0,-1,6,30,1,1,1,14:30,6,2,1
2023010473696,2023,010473696,1,1,1,1,37,7,2,0,0,0,0,0,5,9,E01001227,-1,0,1.0,0.0,-1,6,20,1,4,1,22:00,2,1,5
2023111390155,2023,111390155,1,1,3,1,43,7,2,8,5,0,0,0,0,7,E01011969,7,1,1.0,0.0,-1,6,30,1,4,2,17:21,2,2,9
2023010485387,2023,010485387,1,1,3,2,49,8,3,5,2,0,0,0,0,1,E01002842,-1,0,0.0,1.0,-1,3,30,1,7,2,16:30,3,1,97
2023311354981,2023,311354981,2,1,1,1,20,4,2,0,0,0,0,0,3,6,E01032551,6,1,1.0,0.0,-1,6,50,1,1,1,11:06,3,2,3
2023010425814,2023,010425814,1,1,1,1,21,5,3,0,0,0,0,0,5,2,E01001594,-1,0,0.0,1.0,-1,7,50,1,4,1,12:05,6,2,5
2023340WN2872,2023,340WN2872,1,1,1,1,55,8,2,0,0,0,0,0,5,8,E01027028,-1,0,1.0,0.0,-1,6,40,1,1,1,10:00,1,2,5
2023451359803,2023,451359803,1,1,3,1,47,8,3,8,3,0,0,2,0,8,E01001031,3,1,0.0,1.0,-1,6,30,1,1,1,11:15,4,1,90
2023010420675,2023,010420675,1,1,3,1,60,9,3,1,3,0,0,0,0,2,E01001735,-1,0,0.0,1.0,-1,6,20,1,4,2,00:18,4,1,9
2023131394023,2023,131394023,1,1,3,1,32,6,3,8,3,0,0,2,0,2,E01010628,3,1,0.0,1.0,-1,6,30,2,4,2,16:49,1,1,9
2023311305537,2023,311305537,2,1,1,2,40,7,3,0,0,0,0,0,1,3,E01013874,3,1,0.0,1.0,-1,6,30,1,1,1,08:50,3,2,1
2023411375637,2023,411375637,1,1,1,2,46,8,3,0,0,0,0,0,9,10,E01023457,3,1,0.0,1.0,-1,6,60,8,1,2,07:37,5,2,9
2023421345231,2023,421345231,1,1,1,2,46,8,3,0,0,0,0,0,9,2,E01021507,3,1,0.0,1.0,-1,6,30,1,4,1,20:00,4,2,9
2023610038823,2023,610038823,1,1,2,2,18,4,3,0,0,1,0,0,9,2,W01001436,-1,0,0.04634,0.95366,-1,6,30,1,1,1,18:00,1,1,9
2023201400921,2023,201400921,1,1,1,2,15,3,3,0,0,0,0,0,-1,1,E01008938,3,1,0.0,1.0,-1,6,30,1,1,2,12:58,2,2,-1
2023991346901,2023,991346901,1,1,1,2,25,5,2,0,0,0,0,0,9,5,-1,7,1,1.0,0.0,-1,6,60,1,1,2,12:35,4,1,9
2023070456298,2023,070456298,2,1,1,1,60,9,2,0,0,0,0,0,9,3,E01028880,-1,0,1.0,0.0,-1,6,60,1,1,1,14:30,1,2,9
2023461364512,2023,461364512,2,1,2,2,32,6,3,0,0,1,0,0,9,4,E01015050,3,1,0.0,1.0,-1,1,70,1,1,1,07:31,3,2,9
2023041301334,2023,041301334,2,2,1,1,32,6,3,0,0,0,0,0,9,4,E01033281,3,1,0.0,1.0,-1,6,30,1,1,1,18:10,4,2,9
2023201298722,2023,201298722,1,1,1,1,43,7,3,0,0,0,0,0,9,3,E01032423,3,1,0.0,1.0,-1,6,30,2,1,2,09:50,4,1,9
2023411353659,2023,411353659,2,3,2,2,41,7,3,0,0,2,0,0,9,4,E01015723,3,1,0.0,1.0,-1,7,60,1,1,1,12:21,1,2,9
2023101353642,2023,101353642,2,1,1,1,16,4,3,0,0,0,0,0,-1,4,E01008597,3,1,0.0,1.0,-1,6,30,9,1,2,15:55,7,2,-1
2023461352129,2023,461352129,2,2,1,1,73,10,2,0,0,0,0,0,9,1,E01024597,7,1,1.0,0.0,-1,6,30,1,4,1,20:45,1,3,9
2023332300905,2023,332300905,1,3,1,2,62,9,3,0,0,0,0,0,11,9,E01025951,-1,0,0.03224,0.96776,-1,6,30,8,1,1,09:24,6,2,11
2023010466211,2023,010466211,1,1,1,2,32,6,3,0,0,0,0,0,9,4,E01000235,-1,0,0.0,1.0,-1,9,20,1,4,1,19:30,5,2,9
2023201295851,2023,201295851,2,1,1,2,25,5,3,0,0,0,0,0,9,6,E01010326,3,1,0.0,1.0,-1,7,30,1,4,1,17:28,2,2,9
2023421347476,2023,421347476,1,1,1,1,23,5,3,0,0,0,0,0,9,8,E01021671,3,1,0.0,1.0,-1,6,60,1,1,2,07:25,6,2,9
2023440369418,2023,440369418,2,1,1,1,41,7,3,0,0,0,0,0,9,-1,-1,-1,0,0.06231,0.93769,-1,6,30,1,4,1,23:30,1,2,9
2023631331627,2023,631331627,2,1,1,2,25,5,3,0,0,0,0,0,9,8,W01000609,3,1,0.0,1.0,-1,6,40,1,1,1,16:02,5,2,9
2023231276914,2023,231276914,2,3,2,1,14,3,3,0,0,0,0,0,19,2,E01031142,3,1,0.0,1.0,-1,3,60,1,1,1,15:41,3,2,19
2023010454087,2023,010454087,2,2,1,1,45,7,3,0,0,0,0,0,9,5,E01002249,-1,0,0.0,1.0,-1,3,70,1,1,2,06:00,1,3,9
2023361274844,2023,361274844,2,1,1,2,19,4,3,0,0,0,0,0,9,4,E01026728,3,1,0.0,1.0,-1,6,40,1,4,4,22:03,5,2,9
2023471286710,2023,471286710,2,1,1,2,-1,-1,3,0,0,0,0,0,9,6,E01020950,3,1,0.0,1.0,-1,6,40,2,1,2,16:15,5,2,9
2023010448060,2023,010448060,1,1,2,2,33,6,3,0,0,1,0,0,9,4,E01001854,-1,0,0.0,1.0,-1,7,20,1,1,1,18:02,6,2,9
2023201373804,2023,201373804,2,3,2,1,0,1,3,0,0,2,0,0,9,7,E01029384,3,1,0.0,1.0,-1,6,30,1,1,1,16:09,1,2,9
2023461368345,2023,461368345,2,2,2,2,48,8,3,0,0,1,0,0,9,3,E01015785,3,1,0.0,1.0,-1,3,50,1,7,1,19:47,1,2,9
202354C767323,2023,54C767323,2,1,1,2,30,6,3,0,0,0,0,0,9,8,E01032709,-1,0,0.00925,0.99075,-1,7,70,1,6,2,16:49,6,3,9
2023061317921,2023,061317921,2,1,1,1,28,6,3,0,0,0,0,0,9,5,E01011263,3,1,0.0,1.0,-1,6,30,1,4,1,21:37,6,2,9
2023221388310,2023,221388310,2,2,1,2,57,9,3,0,0,0,0,0,9,5,E01028961,3,1,0.0,1.0,-1,6,60,1,1,2,14:55,4,2,9
2023451352980,2023,451352980,2,1,1,1,32,6,3,0,0,0,0,0,9,4,E01004142,3,1,0.0,1.0,-1,6,30,1,7,1,21:00,6,2,9
2023991316831,2023,991316831,1,1,1,2,51,8,3,0,0,0,0,0,9,8,-1,3,1,0.0,1.0,-1,6,60,1,1,1,20:30,5,2,9
2023991372559,2023,991372559,2,2,2,1,58,9,3,0,0,1,0,0,9,3,-1,3,1,0.0,1.0,-1,6,60,1,1,1,14:10,4,2,9
2023122300342,2023,122300342,1,1,3,1,28,6,3,10,9,0,0,0,0,6,E01027760,-1,0,0.14548,0.85452,-1,6,30,1,4,1,23:15,7,1,9
2023101321036,2023,101321036,1,1,1,1,71,10,3,0,0,0,0,0,19,3,E01012289,3,1,0.0,1.0,-1,6,20,1,1,1,08:29,2,1,19
2023010455479,2023,010455479,1,1,1,1,35,6,3,0,0,0,0,0,1,2,E01001555,-1,0,0.0,1.0,-1,6,30,1,1,1,15:10,5,2,1
2023201269825,2023,201269825,2,1,1,1,47,8,3,0,0,0,0,0,3,7,E01031024,3,1,0.0,1.0,-1,3,30,1,4,-1,18:30,7,2,3
2023361366262,2023,361366262,2,1,1,1,59,9,2,0,0,0,0,0,5,6,E01026534,5,1,1.0,0.0,-1,6,40,1,1,1,15:30,1,2,5
2023440356359,2023,440356359,1,1,3,2,23,5,2,5,1,0,0,0,0,4,E01017172,-1,0,1.0,0.0,-1,6,30,1,4,1,02:40,1,1,9
2023351364145,2023,351364145,2,3,2,1,34,6,3,0,0,2,0,0,9,2,E01021278,3,1,0.0,1.0,-1,3,70,1,1,1,11:59,6,2,9
2023421311900,2023,421311900,2,3,2,2,51,8,3,0,0,0,0,0,19,6,E01015950,3,1,0.0,1.0,-1,6,30,1,1,1,01:59,6,2,19
2023541426923,2023,541426923,2,1,1,1,25,5,3,0,0,0,0,0,19,8,E01031941,-1,0,0.01698,0.98302,-1,6,30,1,1,1,12:50,4,3,19
2023010476267,2023,010476267,1,1,1,1,31,6,3,0,0,0,0,0,19,3,E01016045,-1,0,0.0,1.0,-1,9,30,1,1,2,15:30,2,2,19
2023371308095,2023,371308095,1,1,1,1,13,3,2,0,0,0,0,0,23,4,E01032524,7,1,1.0,0.0,-1,6,30,1,1,1,18:30,3,2,23
2023070627300,2023,070627300,2,2,2,1,74,10,3,0,0,1,0,0,9,10,E01018569,-1,0,0.06466,0.93534,-1,6,40,2,6,2,21:30,4,2,9
2023010447018,2023,010447018,1,1,1,1,49,8,3,0,0,0,0,0,9,1,E01004249,-1,0,0.0,1.0,-1,6,20,1,1,1,15:00,1,2,9
2023401279722,2023,401279722,2,3,2,1,30,6,3,0,0,1,0,0,9,-1,-1,3,1,0.0,1.0,-1,6,30,1,4,1,18:16,6,2,9
2023552300694,2023,552300694,2,2,2,2,76,11,3,0,0,2,0,0,9,3,E01020502,-1,0,0.04308,0.95692,-1,6,30,1,1,1,11:58,3,2,9
2023552301045,2023,552301045,1,1,1,1,34,6,2,0,0,0,0,0,19,4,E01015390,-1,0,1.0,0.0,-1,6,60,2,1,2,12:55,7,2,19
2023131311569,2023,131311569,2,1,2,1,21,5,2,0,0,0,0,0,97,1,E01011140,7,1,1.0,0.0,-1,6,30,1,1,1,20:40,5,2,97
2023430536168,2023,430536168,1,2,2,1,57,9,3,0,0,1,0,0,9,10,E01023825,-1,0,0.02833,0.97167,-1,1,30,1,4,2,17:50,3,2,9
2023010466639,2023,010466639,2,1,1,1,48,8,3,0,0,0,0,0,21,6,E01023065,-1,0,0.0,1.0,-1,6,40,1,1,2,18:07,1,4,21
2023991348133,2023,991348133,1,1,1,1,34,6,3,0,0,0,0,0,-1,3,-1,3,1,0.0,1.0,-1,6,20,1,4,1,20:30,7,2,-1
2023430307897,2023,430307897,1,1,1,1,27,6,3,0,0,0,0,0,9,10,E01017847,-1,0,0.03962,0.96038,-1,6,30,1,1,1,07:55,4,2,9
2023440296557,2023,440296557,2,3,2,2,35,6,3,0,0,2,0,0,9,8,E01017069,-1,0,0.06204,0.93796,-1,3,40,1,1,1,17:24,1,2,9
2023622300807,2023,622300807,2,3,2,1,35,6,3,0,0,0,0,0,19,8,W01000892,-1,0,0.02444,0.97556,-1,6,30,1,1,1,09:35,5,2,19
2023010452663,2023,010452663,1,1,1,1,44,7,3,0,0,0,0,0,9,4,E01000472,-1,0,0.0,1.0,-1,1,30,1,4,1,04:10,7,4,9
2023131290370,2023,131290370,2,3,2,2,7,2,3,0,0,2,0,0,9,6,E01032499,3,1,0.0,1.0,-1,6,30,1,1,1,08:45,6,2,9
2023552301118,2023,552301118,1,1,1,2,34,6,2,0,0,0,0,0,9,5,E01020512,-1,0,1.0,0.0,-1,6,30,1,4,1,01:44,6,1,9
2023991284679,2023,991284679,1,1,1,1,22,5,2,0,0,0,0,0,9,6,-1,6,1,1.0,0.0,-1,6,60,1,6,1,18:37,4,1,9
2023351354465,2023,351354465,1,1,1,1,48,8,3,0,0,0,0,0,21,4,E01027061,3,1,0.0,1.0,-1,3,70,1,1,1,11:55,6,2,21
2023010437184,2023,010437184,1,2,3,1,34,6,2,5,3,0,0,0,0,2,E01003151,-1,0,1.0,0.0,-1,3,30,1,1,1,10:24,5,1,5
2023010452655,2023,010452655,2,1,1,1,47,8,3,0,0,0,0,0,1,2,E01001202,-1,0,0.0,1.0,-1,6,20,1,1,1,14:48,7,2,1