collision_index,collision_year,collision_ref_no,vehicle_reference,casualty_reference,casualty_class,sex_of_casualty,age_of_casualty,age_band_of_casualty,casualty_severity,pedestrian_location,pedestrian_movement,car_passenger,bus_or_coach_passenger,pedestrian_road_maintenance_worker,casualty_type,casualty_imd_decile,lsoa_of_casualty,enhanced_casualty_severity,casualty_injury_based,casualty_adjusted_severity_serious,casualty_adjusted_severity_slight,casualty_distance_banding,road_type,speed_limit,weather_conditions,light_conditions,road_surface_conditions,time,day_of_week,number_of_vehicles,vehicle_type
2023010479644,2023,010479644,1,1,1,1,25,5,3,0,0,0,0,0,1,2,E01000126,-1,0,0.0,1.0,-1,9,30,2,4,2,03:00,6,2,1
2023010479878,2023,010479878,2,1,1,1,21,5,3,0,0,0,0,0,3,6,E01002218,-1,0,0.0,1.0,-1,3,30,1,1,1,10:10,6,2,3
2023010447915,2023,010447915,1,1,2,2,19,4,3,0,0,0,4,0,11,5,E01000632,-1,0,0.0,1.0,-1,6,20,1,1,1,12:09,6,1,11
2023052400640,2023,052400640,2,1,1,2,22,5,3,0,0,0,0,0,9,3,E01007240,-1,0,0.0136,0.9864,-1,9,30,1,1,1,13:00,3,2,9
2023041264648,2023,041264648,1,1,1,1,41,7,3,0,0,0,0,0,9,4,E01012693,3,1,0.0,1.0,-1,6,40,3,6,4,22:30,3,1,9
2023302301233,2023,302301233,1,2,1,2,63,9,3,0,0,0,0,0,9,8,E01019449,-1,0,0.041,0.959,-1,6,30,1,1,1,14:40,5,2,9
2023302301950,2023,302301950,1,1,1,2,18,4,3,0,0,0,0,0,9,7,E01019607,-1,0,0.08998,0.91002,-1,6,60,1,6,1,23:00,1,1,9
2023542169523,2023,542169523,2,2,2,2,26,6,3,0,0,1,0,0,9,6,E01032010,-1,0,0.02016,0.97984,-1,6,60,1,1,1,16:14,2,2,9
2023320392939,2023,320392939,1,3,2,1,18,4,3,0,0,2,0,0,19,10,E01026206,-1,0,0.13653,0.86347,-1,6,60,1,1,1,03:22,2,1,19
2023010442974,2023,010442974,1,1,2,2,63,9,3,0,0,0,4,0,11,2,E01003501,-1,0,0.0,1.0,-1,6,30,1,4,1,23:24,1,2,11
2023010486257,2023,010486257,1,1,1,1,31,6,3,0,0,0,0,0,9,2,E01003501,-1,0,0.0,1.0,-1,6,30,4,4,1,11:30,4,2,9
2023031261308,2023,031261308,1,3,2,2,16,4,3,0,0,1,0,0,9,-1,-1,3,1,0.0,1.0,-1,6,60,1,6,2,21:30,2,1,9
2023101360860,2023,101360860,1,1,2,1,18,4,3,0,0,2,0,0,9,4,E01020696,3,1,0.0,1.0,-1,3,50,1,1,1,16:02,1,2,9
2023211309413,2023,211309413,2,1,1,2,59,9,3,0,0,0,0,0,9,-1,-1,3,1,0.0,1.0,-1,6,30,1,1,1,17:02,5,2,9
2023231301456,2023,231301456,1,3,2,2,17,4,1,0,0,2,0,0,9,7,E01031212,1,1,0.0,0.0,-1,6,60,1,1,2,16:05,6,2,9
2023991303617,2023,991303617,2,7,2,1,37,7,3,0,0,0,4,0,11,9,-1,3,1,0.0,1.0,-1,3,70,1,1,1,13:50,2,2,11
2023041300791,2023,041300791,1,4,2,2,45,7,3,0,0,1,0,0,9,3,E01004834,3,1,0.0,1.0,-1,3,30,1,1,1,14:15,1,2,9
2023161366698,2023,161366698,1,2,1,1,31,6,3,0,0,0,0,0,9,10,E01013067,3,1,0.0,1.0,-1,6,30,1,5,2,17:00,3,4,9
2023411295733,2023,411295733,2,1,1,1,44,7,3,0,0,0,0,0,9,10,E01023894,3,1,0.0,1.0,-1,6,30,1,1,-1,12:44,1,3,9
2023471374013,2023,471374013,2,1,1,2,44,7,3,0,0,0,0,0,9,-1,-1,3,1,0.0,1.0,-1,6,30,5,1,2,07:50,2,2,9
2023531382067,2023,531382067,3,1,1,2,47,8,3,0,0,0,0,0,9,9,E01022340,3,1,0.0,1.0,-1,6,30,1,4,2,15:49,1,3,9
2023122300133,2023,122300133,1,1,1,1,50,8,2,0,0,0,0,0,21,8,E01021801,-1,0,1.0,0.0,-1,6,60,1,6,2,23:20,4,1,21
2023201277451,2023,201277451,1,1,1,2,43,7,3,0,0,0,0,0,9,1,E01009173,3,1,0.0,1.0,-1,6,30,2,1,2,12:45,6,3,9
2023440438239,2023,440438239,2,1,1,1,43,7,3,0,0,0,0,0,9,3,E01017220,-1,0,0.05998,0.94002,-1,6,30,1,1,2,09:53,5,2,9
2023071008916,2023,071008916,1,1,3,1,50,8,2,5,3,0,0,0,0,-1,-1,-1,0,1.0,0.0,-1,6,30,2,5,2,20:00,7,1,9
2023211383040,2023,211383040,1,1,3,1,84,11,1,10,9,0,0,2,0,-1,-1,1,1,0.0,0.0,-1,6,30,1,1,2,12:15,3,1,9
2023041321360,2023,041321360,2,1,1,1,41,7,2,0,0,0,0,0,9,4,E01025262,7,1,1.0,0.0,-1,6,30,1,1,1,14:19,3,2,9
2023061388912,2023,061388912,2,1,1,2,22,5,3,0,0,0,0,0,9,10,E01005789,3,1,0.0,1.0,-1,3,70,1,5,1,16:15,4,2,9
2023501377019,2023,501377019,2,2,2,2,34,6,3,0,0,1,0,0,9,-1,-1,3,1,0.0,1.0,-1,3,30,1,1,1,16:22,1,2,9
2023211323780,2023,211323780,2,3,2,2,53,8,3,0,0,-1,0,0,9,1,E01014368,3,1,0.0,1.0,-1,6,30,1,1,1,21:10,3,3,9
2023340NN2032,2023,340NN2032,2,1,1,2,70,10,3,0,0,0,0,0,9,7,E01027354,-1,0,0.04725,0.95275,-1,6,40,1,1,1,13:30,3,2,9
2023052301946,2023,052301946,2,3,2,1,21,5,3,0,0,0,4,0,11,3,E01006860,-1,0,0.03998,0.96002,-1,6,30,1,1,1,12:30,5,2,11
2023430565851,2023,430565851,2,1,1,2,47,8,3,0,0,0,0,0,1,10,E01028727,-1,0,0.04816,0.95184,-1,6,20,2,4,2,17:35,2,2,1
2023991295192,2023,991295192,1,1,1,1,26,6,3,0,0,0,0,0,8,4,-1,3,1,0.0,1.0,-1,6,20,1,1,1,18:04,2,2,8
2023010434856,2023,010434856,1,1,1,2,56,9,3,0,0,0,0,0,9,10,E01000666,-1,0,0.0,1.0,-1,6,30,1,1,1,12:53,4,3,9
2023401326083,2023,401326083,1,1,1,1,76,11,3,0,0,0,0,0,9,7,E01017587,3,1,0.0,1.0,-1,3,30,1,1,1,13:13,3,1,9
2023440148435,2023,440148435,1,1,1,2,50,8,3,0,0,0,0,0,9,5,E01017307,-1,0,0.07884,0.92116,-1,6,60,1,1,1,12:42,1,2,9
2023010419863,2023,010419863,2,1,1,1,41,7,3,0,0,0,0,0,3,-1,-1,-1,0,0.0,1.0,-1,6,30,2,4,2,20:35,5,2,3
2023010451732,2023,010451732,1,1,1,2,28,6,3,0,0,0,0,0,3,4,E01002042,-1,0,0.0,1.0,-1,9,20,1,1,1,16:00,7,2,3
2023052301170,2023,052301170,2,2,1,1,17,4,3,0,0,0,0,0,-1,-1,-1,-1,0,0.03524,0.96476,-1,6,30,1,1,1,23:15,7,2,-1
2023991320476,2023,991320476,1,1,1,1,40,7,3,0,0,0,0,0,1,5,E01013606,3,1,0.0,1.0,-1,6,60,1,1,1,12:00,4,1,1
2023010443814,2023,010443814,2,1,1,1,34,6,3,0,0,0,0,0,1,1,E01004199,-1,0,0.0,1.0,-1,3,20,9,5,1,01:15,6,2,1
2023141354152,2023,141354152,2,1,1,1,45,7,2,0,0,0,0,0,1,-1,-1,7,1,1.0,0.0,-1,6,30,1,4,2,18:30,3,2,1
2023311304922,2023,311304922,2,1,1,1,62,9,1,0,0,0,0,0,1,8,E01028351,1,1,0.0,0.0,-1,3,60,1,1,1,12:30,1,2,1
2023545170423,2023,545170423,1,1,1,1,30,6,3,0,0,0,0,0,4,5,E01031908,-1,0,0.11153,0.88847,-1,6,40,1,1,1,15:18,4,2,4
2023010478450,2023,010478450,1,1,1,2,42,7,3,0,0,0,0,0,9,2,E01000065,-1,0,0.0,1.0,-1,6,20,1,4,2,00:08,6,2,9
2023311360422,2023,311360422,2,2,2,2,37,7,3,0,0,1,0,0,9,3,E01026110,3,1,0.0,1.0,-1,1,60,1,1,1,14:06,6,2,9
2023471274993,2023,471274993,2,1,1,1,75,10,2,0,0,0,0,0,22,3,E01016879,7,1,1.0,0.0,-1,6,20,8,4,1,19:50,6,2,22
2023991360403,2023,991360403,1,2,3,1,77,11,3,6,9,0,0,2,0,8,-1,3,1,0.0,1.0,-1,6,20,1,1,1,12:30,6,1,9
2023101296376,2023,101296376,2,1,1,1,65,9,2,0,0,0,0,0,1,8,E01008527,5,1,1.0,0.0,-1,1,30,8,1,1,09:02,5,2,1
2023041266795,2023,041266795,1,1,1,1,29,6,3,0,0,0,0,0,5,5,E01012729,3,1,0.0,1.0,-1,6,60,1,1,2,10:25,2,1,5
2023461348827,2023,461348827,2,2,2,2,4,1,3,0,0,2,0,0,9,3,E01024482,3,1,0.0,1.0,-1,6,40,1,1,1,14:20,4,2,9
2023061283923,2023,061283923,2,1,1,1,55,8,3,0,0,0,0,0,10,2,E01004886,3,1,0.0,1.0,-1,6,30,1,1,1,09:25,3,2,10
2023101370283,2023,101370283,2,1,1,1,25,5,3,0,0,0,0,0,1,8,E01027514,3,1,0.0,1.0,-1,6,20,2,4,2,20:00,3,2,1
2023010444382,2023,010444382,1,1,1,2,47,8,3,0,0,0,0,0,9,7,E01000147,-1,0,0.0,1.0,-1,6,20,8,1,1,13:39,4,2,9
2023991321782,2023,991321782,1,1,2,1,20,4,3,0,0,2,0,0,9,-1,-1,3,1,0.0,1.0,-1,6,30,1,4,1,00:14,6,2,9
2023451295549,2023,451295549,1,1,3,2,33,6,2,1,1,0,0,0,0,8,E01030782,5,1,1.0,0.0,-1,6,30,2,6,2,18:26,3,1,9
2023052300656,2023,052300656,2,1,1,2,56,9,3,0,0,0,0,0,9,5,E01006997,-1,0,0.02127,0.97873,-1,6,40,1,1,1,13:05,7,2,9
2023101299973,2023,101299973,1,1,1,1,22,5,2,0,0,0,0,0,9,4,E01020643,6,1,1.0,0.0,-1,6,60,1,1,1,17:58,1,1,9
2023320042285,2023,320042285,2,1,1,2,22,5,3,0,0,0,0,0,9,7,E01026202,-1,0,0.02458,0.97542,-1,6,30,1,1,4,14:02,7,3,9
2023461345123,2023,461345123,2,1,1,1,25,5,3,0,0,0,0,0,9,4,E01024742,3,1,0.0,1.0,-1,3,70,2,1,2,23:25,6,2,9
2023461366049,2023,461366049,2,1,2,1,10,2,3,0,0,1,0,0,9,3,E01024715,3,1,0.0,1.0,-1,6,30,1,1,1,15:40,1,2,9
2023010435604,2023,010435604,1,1,1,2,37,7,3,0,0,0,0,0,3,5,E01004521,-1,0,0.0,1.0,-1,3,20,1,1,1,09:15,2,2,3
2023010459277,2023,010459277,2,1,1,1,35,6,3,0,0,0,0,0,9,1,E01004301,-1,0,0.0,1.0,-1,6,20,1,4,1,22:47,1,4,9
2023201317475,2023,201317475,2,3,2,2,10,2,3,0,0,2,0,0,9,2,E01010204,3,1,0.0,1.0,-1,6,30,1,1,1,08:58,2,2,9
2023411330387,2023,411330387,1,1,2,2,20,4,3,0,0,1,0,0,9,5,E01023765,3,1,0.0,1.0,-1,6,30,1,1,1,19:15,1,2,9
2023991358086,2023,991358086,3,4,2,2,33,6,2,0,0,1,0,0,9,6,-1,6,1,1.0,0.0,-1,6,60,1,1,1,09:45,3,3,9
2023991289664,2023,991289664,1,1,1,1,43,7,3,0,0,0,0,0,19,1,-1,3,1,0.0,1.0,-1,3,30,2,4,2,22:10,3,1,19
2023111310281,2023,111310281,3,6,2,2,55,8,3,0,0,0,0,0,20,9,E01020611,3,1,0.0,1.0,-1,6,60,1,1,1,15:05,2,4,20
2023622300971,2023,622300971,1,1,1,1,21,5,2,0,0,0,0,0,97,1,W01000849,-1,0,1.0,0.0,-1,6,20,1,4,1,20:59,6,1,97
2023141319868,2023,141319868,2,2,1,1,-1,-1,3,0,0,0,0,0,98,3,E01007546,3,1,0.0,1.0,-1,6,60,1,1,1,16:48,6,2,98
2023351292475,2023,351292475,2,1,1,1,39,7,3,0,0,0,0,0,1,10,E01018266,3,1,0.0,1.0,-1,6,30,2,1,-1,08:52,3,2,1
2023430359626,2023,430359626,1,1,1,1,21,5,3,0,0,0,0,0,2,7,E01028658,-1,0,0.08376,0.91624,-1,6,20,1,1,1,13:00,7,2,2
2023991360600,2023,991360600,2,3,2,2,33,6,3,0,0,2,0,0,8,3,-1,3,1,0.0,1.0,-1,6,30,2,4,2,19:00,7,4,8
2023010428979,2023,010428979,1,1,1,2,32,6,2,0,0,0,0,0,9,3,E01000092,-1,0,1.0,0.0,-1,3,20,1,4,1,18:07,6,2,9
2023010451408,2023,010451408,2,3,2,2,46,8,3,0,0,1,0,0,9,7,E01000572,-1,0,0.0,1.0,-1,6,20,1,1,1,18:43,1,2,9
2023122300582,2023,122300582,1,1,1,-1,74,10,3,0,0,0,0,0,9,10,E01028711,-1,0,0.05192,0.94808,-1,6,60,1,1,1,13:15,1,2,9
2023311266051,2023,311266051,1,2,1,1,19,4,3,0,0,0,0,0,9,6,E01026244,3,1,0.0,1.0,-1,3,40,1,1,1,13:40,6,2,9
2023411294355,2023,411294355,2,5,2,1,18,4,2,0,0,2,0,0,9,8,E01023415,5,1,1.0,0.0,-1,3,40,8,4,2,19:54,5,2,9
2023461313676,2023,461313676,1,1,1,2,73,10,3,0,0,0,0,0,9,6,E01001590,3,1,0.0,1.0,-1,3,70,1,1,1,12:55,1,2,9
2023552301249,2023,552301249,1,1,1,1,12,3,3,0,0,0,0,0,1,7,E01020357,-1,0,0.11177,0.88823,-1,6,30,1,1,1,17:43,2,2,1
2023411387676,2023,411387676,1,2,2,2,35,6,3,0,0,1,0,0,9,4,E01000286,3,1,0.0,1.0,-1,3,30,1,1,1,12:50,6,2,9
2023421263140,2023,421263140,2,1,1,1,55,8,2,0,0,0,0,0,9,3,E01003154,5,1,1.0,0.0,-1,3,70,1,6,1,17:16,6,3,9
2023622300763,2023,622300763,1,1,1,2,79,11,2,0,0,0,0,0,9,4,W01001250,-1,0,1.0,0.0,-1,6,60,1,1,1,18:18,4,5,9
2023302300308,2023,302300308,1,1,1,1,59,9,3,0,0,0,0,0,4,4,E01032613,-1,0,0.21682,0.78318,-1,6,40,8,1,1,14:30,3,2,4
2023311378104,2023,311378104,1,1,3,1,39,7,2,1,1,0,0,0,0,-1,-1,7,1,1.0,0.0,-1,6,30,4,1,1,12:04,2,1,8
2023010464644,2023,010464644,1,1,3,1,16,4,2,5,9,0,0,0,0,3,E01002587,-1,0,1.0,0.0,-1,6,30,1,1,1,15:30,5,1,9
2023461361883,2023,461361883,2,1,1,1,18,4,3,0,0,0,0,0,3,5,E01024342,3,1,0.0,1.0,-1,1,30,1,1,1,13:56,7,2,3
2023501280795,2023,501280795,1,1,3,1,13,3,3,10,1,0,0,0,0,-1,-1,3,1,0.0,1.0,-1,6,20,1,1,1,08:10,2,1,9
2023061330188,2023,061330188,2,4,2,2,44,7,3,0,0,2,0,0,9,3,E01004867,3,1,0.0,1.0,-1,6,30,8,1,1,20:50,4,2,9
2023131345672,2023,131345672,1,1,3,1,73,10,2,5,1,0,0,2,0,7,E01011600,7,1,1.0,0.0,-1,2,30,1,1,1,17:00,5,1,11
2023991270884,2023,991270884,1,1,3,1,75,10,1,5,1,0,0,0,0,3,-1,1,1,0.0,0.0,-1,3,30,1,1,2,08:50,4,1,9
2023061285368,2023,061285368,2,1,1,-1,46,8,3,0,0,0,0,0,1,10,E01018584,3,1,0.0,1.0,-1,6,30,1,1,1,06:49,5,2,1
2023201387730,2023,201387730,2,1,1,2,58,9,3,0,0,0,0,0,1,1,E01009564,3,1,0.0,1.0,-1,3,30,1,1,1,08:14,4,2,1
2023010421228,2023,010421228,2,1,1,2,21,5,3,0,0,0,0,0,3,6,E01003219,-1,0,0.0,1.0,-1,6,30,1,4,1,18:25,6,2,3
2023161280116,2023,161280116,1,2,2,2,22,5,3,0,0,1,0,0,9,-1,-1,3,1,0.0,1.0,-1,7,40,1,1,1,14:03,7,2,9
2023221291955,2023,221291955,1,1,3,2,19,4,3,1,2,0,0,0,0,8,E01014188,3,1,0.0,1.0,-1,3,40,1,1,1,12:19,3,1,9
2023421332266,2023,421332266,1,1,3,1,52,8,3,5,1,0,0,0,0,-1,-1,3,1,0.0,1.0,-1,6,30,1,1,1,12:30,7,1,8
2023371396196,2023,371396196,2,1,1,1,60,9,2,0,0,0,0,0,5,2,E01030023,6,1,1.0,0.0,-1,6,60,1,1,2,13:20,1,2,5
2023411353531,2023,411353531,2,1,1,1,52,8,3,0,0,0,0,0,9,9,E01017692,3,1,0.0,1.0,-1,3,70,1,1,1,12:20,4,2,9
2023421390920,2023,421390920,2,1,2,1,44,7,3,0,0,1,0,0,9,7,E01033143,3,1,0.0,1.0,-1,6,30,1,1,1,16:15,2,2,9
2023010440840,2023,010440840,1,2,2,1,6,2,3,0,0,0,3,0,11,4,E01001047,-1,0,0.0,1.0,-1,6,30,1,1,1,08:12,4,2,11
2023010463782,2023,010463782,2,3,2,2,2,1,3,0,0,2,0,0,9,3,E01002528,-1,0,0.0,1.0,-1,6,30,1,4,1,00:50,1,2,9
2023010475808,2023,010475808,2,1,1,1,48,8,3,0,0,0,0,0,9,3,E01001467,-1,0,0.0,1.0,-1,6,30,1,4,2,22:10,6,2,9
2023991326772,2023,991326772,1,1,1,1,20,4,2,0,0,0,0,0,9,3,-1,5,1,1.0,0.0,-1,3,70,2,1,2,21:10,5,1,9
2023991387691,2023,991387691,1,1,3,2,91,11,2,5,1,0,0,2,0,10,-1,7,1,1.0,0.0,-1,6,30,1,1,2,10:50,4,1,9
2023010439491,2023,010439491,1,1,1,2,54,8,3,0,0,0,0,0,9,3,E01000089,-1,0,0.0,1.0,-1,3,40,1,4,1,20:48,3,2,9
2023101345749,2023,101345749,2,1,1,2,32,6,3,0,0,0,0,0,9,10,E01008784,3,1,0.0,1.0,-1,3,30,1,1,1,18:25,4,2,9
2023131373174,2023,131373174,1,1,3,1,10,2,2,4,3,0,0,2,0,1,E01011029,7,1,1.0,0.0,-1,6,30,1,4,1,16:45,6,1,9
2023430081592,2023,430081592,1,1,1,2,36,7,3,0,0,0,0,0,9,9,E01016428,-1,0,0.00353,0.99647,-1,6,30,1,4,1,19:50,3,2,9
2023010443703,2023,010443703,3,5,2,2,57,9,3,0,0,0,4,0,11,7,E01000517,-1,0,0.0,1.0,-1,6,30,1,1,1,12:03,5,3,11
2023440093604,2023,440093604,2,1,1,1,35,6,3,0,0,0,0,0,19,2,E01022655,-1,0,0.01914,0.98086,-1,1,60,3,1,2,08:55,4,3,19
2023501375473,2023,501375473,2,1,1,2,82,11,3,0,0,0,0,0,19,6,E01015252,3,1,0.0,1.0,-1,6,40,1,1,1,10:30,4,2,19
2023010483102,2023,010483102,1,1,3,1,73,10,3,1,3,0,0,0,0,4,E01003056,-1,0,0.0,1.0,-1,6,20,1,1,1,18:24,5,1,9
2023991281446,2023,991281446,1,1,3,2,50,8,3,8,5,0,0,2,0,3,-1,3,1,0.0,1.0,-1,3,70,1,1,1,12:30,3,1,9
2023070842873,2023,070842873,1,1,3,1,62,9,3,9,5,0,0,1,0,-1,-1,-1,0,0.13701,0.86299,-1,6,30,1,1,1,08:40,3,1,19
2023131302027,2023,131302027,2,1,1,1,47,8,2,0,0,0,0,0,1,3,E01033005,6,1,1.0,0.0,-1,6,30,1,1,1,19:00,6,2,1
2023411284026,2023,411284026,2,1,1,1,34,6,3,0,0,0,0,0,9,5,E01023862,3,1,0.0,1.0,-1,6,30,9,1,-1,16:27,2,2,9
2023311347873,2023,311347873,1,1,2,2,71,10,3,0,0,0,4,0,11,4,E01013967,3,1,0.0,1.0,-1,6,30,1,1,1,13:20,4,1,11
2023461315430,2023,461315430,2,1,1,1,66,10,3,0,0,0,0,0,9,6,E01024491,3,1,0.0,1.0,-1,3,30,1,1,1,10:03,7,2,9
2023461338972,2023,461338972,1,1,1,1,18,4,3,0,0,0,0,0,9,7,E01024332,3,1,0.0,1.0,-1,3,40,1,4,1,04:12,7,1,9
2023461378192,2023,461378192,2,1,2,2,19,4,3,0,0,1,0,0,9,6,E01024401,3,1,0.0,1.0,-1,3,30,1,1,1,12:03,3,3,9
2023471275031,2023,471275031,1,1,1,1,20,4,2,0,0,0,0,0,9,8,E01021180,7,1,1.0,0.0,-1,6,30,1,4,2,02:17,7,1,9
2023471276548,2023,471276548,2,1,1,2,53,8,3,0,0,0,0,0,9,6,E01021125,3,1,0.0,1.0,-1,6,30,1,1,1,08:50,6,2,9
2023430052260,2023,430052260,1,1,1,1,22,5,1,0,0,0,0,0,9,9,E01028643,-1,0,0.0,0.0,-1,6,40,1,6,1,22:25,6,1,9
2023461382954,2023,461382954,2,2,1,2,32,6,2,0,0,0,0,0,9,6,E01024544,5,1,1.0,0.0,-1,6,40,1,1,1,08:41,7,2,9
2023201358733,2023,201358733,1,1,1,1,13,3,3,0,0,0,0,0,1,2,E01009515,3,1,0.0,1.0,-1,6,30,1,1,1,21:20,6,2,1
2023031290897,2023,031290897,2,2,1,1,24,5,3,0,0,0,0,0,19,4,E01019098,3,1,0.0,1.0,-1,6,30,1,1,1,09:00,2,2,19
2023531368862,2023,531368862,1,1,1,1,34,6,2,0,0,0,0,0,9,9,E01022246,6,1,1.0,0.0,-1,6,60,1,1,2,08:44,2,3,9
2023991325571,2023,991325571,2,2,1,2,45,7,3,0,0,0,0,0,9,10,-1,3,1,0.0,1.0,-1,3,40,2,1,2,16:45,3,3,9
2023071079077,2023,071079077,2,1,1,2,30,6,3,0,0,0,0,0,1,-1,-1,-1,0,0.03774,0.96226,-1,6,30,1,1,1,13:45,3,2,1
2023041372569,2023,041372569,2,2,1,2,56,9,3,0,0,0,0,0,9,4,E01025394,3,1,0.0,1.0,-1,6,30,1,1,1,08:40,2,2,9
2023201375008,2023,201375008,2,2,1,2,-1,-1,3,0,0,0,0,0,9,4,E01031086,3,1,0.0,1.0,-1,3,70,2,4,2,05:44,7,2,9
2023501399571,2023,501399571,2,1,1,2,72,10,3,0,0,0,0,0,9,5,E01015024,3,1,0.0,1.0,-1,7,30,1,4,1,17:58,4,2,9
2023471294576,2023,471294576,1,1,2,1,68,10,3,0,0,0,4,0,11,10,E01016998,3,1,0.0,1.0,-1,6,20,1,1,1,13:50,5,1,11
2023010420869,2023,010420869,1,1,3,2,66,10,3,1,3,0,0,0,0,3,E01002725,-1,0,0.0,1.0,-1,6,20,8,4,1,18:30,6,1,9
2023311278145,2023,311278145,2,1,1,2,55,8,3,0,0,0,0,0,1,9,E01028398,3,1,0.0,1.0,-1,6,30,1,1,1,15:39,1,2,1
2023451260583,2023,451260583,1,2,3,1,38,7,3,8,5,0,0,0,0,6,E01030862,3,1,0.0,1.0,-1,6,40,5,6,2,07:38,7,2,9
2023451285690,2023,451285690,2,2,1,1,31,6,3,0,0,0,0,0,19,6,E01030411,3,1,0.0,1.0,-1,6,40,1,1,2,13:45,7,2,19
2023221321279,2023,221321279,1,1,1,2,49,8,1,0,0,0,0,0,9,10,E01032151,1,1,0.0,0.0,-1,3,70,2,1,2,07:00,3,1,9
2023430382930,2023,430382930,2,1,1,2,46,8,3,0,0,0,0,0,9,2,E01010335,-1,0,0.04062,0.95938,-1,6,30,1,1,1,16:44,7,2,9
2023440327023,2023,440327023,1,1,1,1,19,4,3,0,0,0,0,0,9,2,E01017276,-1,0,0.05507,0.94493,-1,6,30,1,1,1,17:25,1,3,9
2023451314698,2023,451314698,3,2,1,1,43,7,3,0,0,0,0,0,9,5,E01000594,3,1,0.0,1.0,-1,3,40,1,1,1,14:50,7,3,9
2023471367642,2023,471367642,1,1,1,2,34,6,3,0,0,0,0,0,9,8,E01030491,3,1,0.0,1.0,-1,6,60,2,1,2,10:23,6,1,9
2023631318795,2023,631318795,1,1,1,1,78,11,3,0,0,0,0,0,9,-1,-1,3,1,0.0,1.0,-1,6,50,1,1,1,16:30,4,1,9
2023010439511,2023,010439511,1,1,1,2,23,5,3,0,0,0,0,0,3,8,E01001544,-1,0,0.0,1.0,-1,3,40,2,1,2,18:40,5,2,3
2023311386250,2023,311386250,1,2,2,2,22,5,3,0,0,1,0,0,9,-1,-1,3,1,0.0,1.0,-1,6,30,2,4,1,17:24,6,2,9
2023351400328,2023,351400328,1,4,2,2,4,1,3,0,0,2,0,0,9,10,E01018235,3,1,0.0,1.0,-1,6,30,1,4,1,16:44,5,2,9
2023361354279,2023,361354279,2,1,1,2,72,10,3,0,0,0,0,0,9,10,E01026926,3,1,0.0,1.0,-1,6,40,1,1,1,17:18,3,2,9
2023451292160,2023,451292160,2,2,1,1,38,7,3,0,0,0,0,0,9,10,E01030992,3,1,0.0,1.0,-1,1,30,9,1,1,15:30,2,3,9
2023010449552,2023,010449552,1,1,2,2,72,10,3,0,0,0,3,0,11,2,E01003253,-1,0,0.0,1.0,-1,6,30,1,1,1,18:10,6,2,11
2023010420588,2023,010420588,1,1,3,1,49,8,3,6,9,0,0,0,0,3,E01003575,-1,0,0.0,1.0,-1,2,30,5,1,2,11:33,3,1,9
2023061366020,2023,061366020,1,1,3,1,-1,-1,3,8,1,0,0,-1,0,3,E01006358,3,1,0.0,1.0,-1,9,30,1,1,1,08:35,4,1,9
2023471266194,2023,471266194,1,1,3,2,39,7,3,4,3,0,0,0,0,1,E01020989,3,1,0.0,1.0,-1,6,30,1,4,1,23:10,6,1,9
2023552300523,2023,552300523,1,2,2,1,16,4,3,0,0,0,0,0,1,7,E01032641,-1,0,0.10469,0.89531,-1,6,30,1,1,1,13:03,3,2,1
2023361292958,2023,361292958,1,1,1,1,23,5,3,0,0,0,0,0,5,5,E01018069,3,1,0.0,1.0,-1,3,70,1,1,1,15:30,1,2,5
2023061358833,2023,061358833,1,1,1,2,74,10,2,0,0,0,0,0,9,2,E01004881,7,1,1.0,0.0,-1,6,30,1,1,2,14:48,6,2,9
2023131391457,2023,131391457,1,2,2,1,31,6,3,0,0,1,0,0,9,9,E01010681,3,1,0.0,1.0,-1,6,30,5,1,2,08:23,5,2,9
2023501304445,2023,501304445,1,1,3,2,22,5,3,5,1,0,0,0,0,4,E01015169,3,1,0.0,1.0,-1,6,30,1,1,1,15:30,5,1,9
2023622300225,2023,622300225,1,1,3,1,42,7,2,9,9,0,0,0,0,1,W01001274,-1,0,1.0,0.0,-1,6,30,1,4,1,17:04,2,1,9
2023340WN2432,2023,340WN2432,2,1,1,2,23,5,3,0,0,0,0,0,1,-1,-1,-1,0,0.09753,0.90247,-1,6,30,1,1,1,12:05,1,2,1
2023471329838,2023,471329838,2,3,1,1,48,8,3,0,0,0,0,0,9,10,E01031644,3,1,0.0,1.0,-1,6,40,4,4,1,23:20,7,3,9
2023991312607,2023,991312607,2,2,1,2,27,6,3,0,0,0,0,0,9,1,-1,3,1,0.0,1.0,-1,6,40,1,1,1,15:02,6,2,9
2023010428696,2023,010428696,1,1,3,2,33,6,3,10,9,0,0,0,0,4,E01001723,-1,0,0.0,1.0,-1,9,30,9,1,9,08:40,3,1,9
2023041274008,2023,041274008,1,1,3,1,17,4,3,6,9,0,0,2,0,7,E01012614,3,1,0.0,1.0,-1,6,30,1,4,1,17:00,2,1,9
2023131266514,2023,131266514,1,2,2,2,78,11,2,0,0,1,0,0,9,2,E01011481,5,1,1.0,0.0,-1,6,30,1,1,2,11:40,7,3,9
2023471275815,2023,471275815,2,1,2,2,22,5,2,0,0,1,0,0,9,6,E01024314,7,1,1.0,0.0,-1,3,50,1,6,1,23:50,7,2,9
2023991342032,2023,991342032,1,1,1,1,76,11,3,0,0,0,0,0,9,9,-1,3,1,0.0,1.0,-1,6,40,1,1,1,15:44,3,1,9