collision_index,collision_year,collision_ref_no,vehicle_reference,casualty_reference,casualty_class,sex_of_casualty,age_of_casualty,age_band_of_casualty,casualty_severity,pedestrian_location,pedestrian_movement,car_passenger,bus_or_coach_passenger,pedestrian_road_maintenance_worker,casualty_type,casualty_imd_decile,lsoa_of_casualty,enhanced_casualty_severity,casualty_injury_based,casualty_adjusted_severity_serious,casualty_adjusted_severity_slight,casualty_distance_banding,road_type,speed_limit,weather_conditions,light_conditions,road_surface_conditions,time,day_of_week,number_of_vehicles,vehicle_type
2023201328483,2023,201328483,2,2,2,1,-1,-1,3,0,0,1,0,0,9,3,E01009967,3,1,0.0,1.0,-1,3,30,1,1,1,19:05,2,2,9
2023340NN3782,2023,340NN3782,1,2,2,2,68,10,3,0,0,1,0,0,9,-1,-1,-1,0,0.15062,0.84938,-1,6,60,1,1,1,15:53,1,1,9
2023501379501,2023,501379501,1,1,3,2,12,3,2,5,3,0,0,0,0,3,E01018869,7,1,1.0,0.0,-1,6,20,9,1,1,15:00,6,1,19
2023991272515,2023,991272515,1,1,1,1,62,9,2,0,0,0,0,0,9,-1,-1,7,1,1.0,0.0,-1,3,70,1,1,2,13:25,7,2,9
2023010445274,2023,010445274,2,4,3,1,13,3,3,6,9,0,0,0,0,9,E01000648,-1,0,0.0,1.0,-1,6,30,1,1,1,15:05,6,2,2
2023010476515,2023,010476515,1,1,1,1,51,8,3,0,0,0,0,0,1,9,E01004094,-1,0,0.0,1.0,-1,6,30,1,1,1,16:50,3,2,1
2023131292214,2023,131292214,3,1,1,2,32,6,3,0,0,0,0,0,9,3,E01011718,3,1,0.0,1.0,-1,6,30,2,1,2,16:27,5,3,9
2023161376203,2023,161376203,2,1,1,2,26,6,3,0,0,0,0,0,1,2,E01012903,3,1,0.0,1.0,-1,6,30,1,1,2,16:18,7,2,1
2023451260797,2023,451260797,1,1,1,1,23,5,3,0,0,0,0,0,3,8,E01030552,3,1,0.0,1.0,-1,6,30,5,4,2,18:39,3,2,3
2023221303571,2023,221303571,2,1,1,2,59,9,3,0,0,0,0,0,9,8,E01028930,3,1,0.0,1.0,-1,6,30,1,1,1,17:29,4,2,9
2023010456003,2023,010456003,1,1,2,2,82,11,2,0,0,0,3,0,11,6,E01002475,-1,0,1.0,0.0,-1,6,30,1,1,1,17:43,3,1,11
2023631375893,2023,631375893,2,2,1,1,51,8,2,0,0,0,0,0,90,4,E01028922,7,1,1.0,0.0,-1,6,20,1,1,2,09:25,4,2,90
2023451382043,2023,451382043,2,1,1,1,51,8,3,0,0,0,0,0,1,7,E01030921,3,1,0.0,1.0,-1,1,40,1,5,1,14:40,1,2,1
2023991328783,2023,991328783,2,1,1,1,60,9,2,0,0,0,0,0,1,1,-1,7,1,1.0,0.0,-1,1,30,1,1,1,19:00,4,2,1
2023010444966,2023,010444966,1,1,1,1,35,6,3,0,0,0,0,0,3,4,E01001276,-1,0,0.0,1.0,-1,9,20,9,1,9,16:05,4,2,3
2023041263744,2023,041263744,2,1,1,1,26,6,3,0,0,0,0,0,9,10,E01025007,3,1,0.0,1.0,-1,6,30,1,1,1,13:30,3,2,9
2023141264618,2023,141264618,2,1,1,1,31,6,3,0,0,0,0,0,9,5,E01007484,3,1,0.0,1.0,-1,3,70,1,1,1,07:12,2,2,9
2023221338101,2023,221338101,2,1,1,2,50,8,3,0,0,0,0,0,9,2,E01028983,3,1,0.0,1.0,-1,6,60,1,1,1,07:55,4,2,9
2023471319142,2023,471319142,2,2,2,1,10,2,3,0,0,-1,0,0,9,5,E01031585,3,1,0.0,1.0,-1,1,30,1,1,1,16:30,3,3,9
2023471380059,2023,471380059,3,2,1,2,21,5,3,0,0,0,0,0,9,7,E01031406,3,1,0.0,1.0,-1,6,50,1,1,2,13:42,1,3,9
2023131370121,2023,131370121,1,1,3,1,7,2,2,6,9,0,0,2,0,1,E01007450,7,1,1.0,0.0,-1,6,30,1,4,2,21:10,5,1,90
2023631307496,2023,631307496,1,1,3,2,12,3,2,1,3,0,0,0,0,5,W01000593,5,1,1.0,0.0,-1,6,40,1,1,1,18:30,7,1,9
2023991350533,2023,991350533,1,1,3,1,38,7,2,1,2,0,0,0,0,-1,-1,7,1,1.0,0.0,-1,3,30,1,1,1,17:18,6,1,9
2023311373628,2023,311373628,2,1,1,1,33,6,3,0,0,0,0,0,3,3,E01013971,3,1,0.0,1.0,-1,1,30,2,1,2,13:45,1,2,3
2023361333778,2023,361333778,2,2,2,1,13,3,3,0,0,-1,0,0,9,7,E01026588,3,1,0.0,1.0,-1,3,50,2,1,2,15:41,7,2,9
2023461394992,2023,461394992,1,1,1,1,79,11,3,0,0,0,0,0,9,8,E01016093,3,1,0.0,1.0,-1,6,40,1,1,2,13:23,3,2,9
2023041365956,2023,041365956,2,1,1,1,50,8,3,0,0,0,0,0,19,8,E01025549,3,1,0.0,1.0,-1,3,70,5,1,2,07:45,3,2,19
2023111299604,2023,111299604,2,4,2,1,49,8,3,0,0,2,0,0,9,2,E01008653,3,1,0.0,1.0,-1,3,70,1,1,1,14:50,2,2,9
2023131266404,2023,131266404,1,2,1,2,85,11,2,0,0,0,0,0,9,7,E01010573,7,1,1.0,0.0,-1,6,60,1,1,1,13:40,5,2,9
2023201401820,2023,201401820,1,1,1,2,20,4,2,0,0,0,0,0,9,4,E01009894,6,1,1.0,0.0,-1,6,30,2,1,2,13:18,7,2,9
2023610038523,2023,610038523,1,1,1,1,30,6,3,0,0,0,0,0,9,2,W01001692,-1,0,0.19445,0.80555,-1,6,60,1,6,1,23:06,7,2,9
2023161384029,2023,161384029,1,1,3,1,47,8,3,5,1,0,0,2,0,1,E01013299,3,1,0.0,1.0,-1,6,30,2,1,2,14:20,5,1,9
2023052302611,2023,052302611,2,1,1,1,66,10,3,0,0,0,0,0,9,1,E01006776,-1,0,0.02494,0.97506,-1,6,30,2,1,2,10:45,3,2,9
2023141371978,2023,141371978,2,1,1,2,35,6,2,0,0,0,0,0,9,3,E01007635,7,1,1.0,0.0,-1,6,30,1,1,1,16:00,6,2,9
2023351375616,2023,351375616,1,1,1,1,24,5,3,0,0,0,0,0,9,7,E01027031,3,1,0.0,1.0,-1,6,60,1,1,2,08:00,4,1,9
2023010436116,2023,010436116,1,2,2,1,33,6,3,0,0,0,4,0,11,4,E01000124,-1,0,0.0,1.0,-1,3,50,1,1,1,08:00,2,2,11
2023010420328,2023,010420328,2,1,2,2,22,5,3,0,0,1,0,0,9,2,E01001215,-1,0,0.0,1.0,-1,6,20,1,4,1,02:16,2,2,9
2023122301168,2023,122301168,1,2,2,2,23,5,3,0,0,1,0,0,9,2,E01007531,-1,0,0.07359,0.92641,-1,6,60,1,1,1,18:19,4,1,9
2023201378042,2023,201378042,2,1,1,2,36,7,3,0,0,0,0,0,9,7,E01009643,3,1,0.0,1.0,-1,1,30,1,1,1,16:20,2,2,9
2023461327102,2023,461327102,2,3,2,2,20,4,3,0,0,1,0,0,9,7,E01021189,3,1,0.0,1.0,-1,6,40,1,1,1,17:50,6,2,9
2023501300693,2023,501300693,1,2,2,2,36,7,3,0,0,1,0,0,9,2,E01015210,3,1,0.0,1.0,-1,6,40,1,1,1,12:59,2,2,9
2023010442611,2023,010442611,1,1,1,1,39,7,3,0,0,0,0,0,1,4,E01033099,-1,0,0.0,1.0,-1,3,20,1,1,1,10:30,6,2,1
2023010461766,2023,010461766,1,1,1,2,66,10,3,0,0,0,0,0,9,7,E01002474,-1,0,0.0,1.0,-1,3,30,1,4,1,21:50,2,2,9
2023041341584,2023,041341584,2,1,2,1,4,1,3,0,0,2,0,0,9,1,E01012655,3,1,0.0,1.0,-1,6,30,2,1,2,14:30,2,2,9
2023351330634,2023,351330634,2,1,1,1,26,6,3,0,0,0,0,0,9,3,E01029954,3,1,0.0,1.0,-1,6,60,1,1,1,10:40,3,2,9
2023461367332,2023,461367332,3,1,2,2,63,9,3,0,0,2,0,0,9,8,E01002201,3,1,0.0,1.0,-1,3,70,1,1,1,18:28,6,3,9
2023010472409,2023,010472409,1,1,3,1,8,2,3,9,7,0,0,0,0,7,E01001411,-1,0,0.0,1.0,-1,6,30,1,1,1,08:47,3,1,9
2023031374042,2023,031374042,1,1,1,2,52,8,3,0,0,0,0,0,9,6,E01019100,3,1,0.0,1.0,-1,6,60,2,1,2,08:15,2,2,9
2023201287845,2023,201287845,3,3,2,2,40,7,3,0,0,1,0,0,9,3,E01009660,3,1,0.0,1.0,-1,3,50,1,1,1,08:00,1,3,9
2023371286102,2023,371286102,1,2,2,2,79,11,3,0,0,1,0,0,9,4,E01030244,3,1,0.0,1.0,-1,6,30,1,1,1,13:10,3,2,9
2023461379243,2023,461379243,1,1,2,2,23,5,3,0,0,1,0,0,9,3,E01024310,3,1,0.0,1.0,-1,6,30,2,4,2,22:32,6,1,9
2023010437185,2023,010437185,1,1,2,2,66,10,3,0,0,0,3,0,11,5,E01004450,-1,0,0.0,1.0,-1,6,20,1,1,1,13:41,5,1,11
2023131321456,2023,131321456,1,1,1,1,25,5,3,0,0,0,0,0,3,4,E01010591,3,1,0.0,1.0,-1,3,30,1,1,1,08:20,5,2,3
2023421271634,2023,421271634,2,1,1,1,33,6,3,0,0,0,0,0,3,3,E01000082,3,1,0.0,1.0,-1,6,30,1,4,2,19:15,2,2,3
2023101389961,2023,101389961,2,2,1,2,41,7,3,0,0,0,0,0,9,4,E01008875,3,1,0.0,1.0,-1,6,30,1,4,2,17:40,3,2,9
2023131410007,2023,131410007,1,1,1,2,31,6,3,0,0,0,0,0,9,8,E01010698,3,1,0.0,1.0,-1,6,60,2,1,2,12:50,1,1,9
2023451319253,2023,451319253,1,3,2,2,74,10,3,0,0,2,0,0,9,2,E01017133,3,1,0.0,1.0,-1,7,40,1,4,1,23:05,5,2,9
2023520301527,2023,520301527,1,1,1,1,35,6,3,0,0,0,0,0,9,2,E01029109,-1,0,0.00896,0.99104,-1,3,70,1,7,1,23:00,7,2,9
2023141394087,2023,141394087,2,1,1,1,24,5,3,0,0,0,0,0,3,2,E01007590,3,1,0.0,1.0,-1,6,40,2,4,2,17:29,1,2,3
2023231276010,2023,231276010,1,1,1,1,56,9,2,0,0,0,0,0,9,1,E01031057,6,1,1.0,0.0,-1,6,30,1,1,2,10:05,6,1,9
2023430462879,2023,430462879,2,1,1,1,40,7,3,0,0,0,0,0,9,-1,-1,-1,0,0.0061,0.9939,-1,3,70,1,7,1,19:16,5,2,9
2023031360268,2023,031360268,2,3,2,1,50,8,3,0,0,0,0,0,19,-1,-1,3,1,0.0,1.0,-1,6,30,8,1,1,08:00,6,2,19
2023543546323,2023,543546323,1,1,3,1,49,8,3,10,9,0,0,0,0,4,E01032087,-1,0,0.11528,0.88472,-1,6,30,9,4,1,19:00,2,2,9
2023991354174,2023,991354174,1,1,3,1,40,7,2,9,8,0,0,0,0,-1,-1,5,1,1.0,0.0,-1,6,20,2,1,2,17:18,3,1,11
2023010462601,2023,010462601,2,1,1,1,17,4,3,0,0,0,0,0,4,2,E01003623,-1,0,0.0,1.0,-1,6,30,9,4,1,22:39,7,2,4
2023111309062,2023,111309062,2,1,1,1,21,5,3,0,0,0,0,0,4,7,E01020714,3,1,0.0,1.0,-1,6,30,1,4,1,00:16,6,2,4
2023221324718,2023,221324718,1,1,1,1,31,6,3,0,0,0,0,0,5,3,E01031172,3,1,0.0,1.0,-1,6,50,1,1,1,10:25,7,1,5
2023031341358,2023,031341358,2,2,1,1,29,6,3,0,0,0,0,0,9,-1,-1,3,1,0.0,1.0,-1,6,60,1,1,1,08:53,2,2,9
2023131365296,2023,131365296,1,4,2,1,19,4,2,0,0,2,0,0,9,3,E01010864,6,1,1.0,0.0,-1,6,20,2,4,2,23:17,6,2,9
2023401337495,2023,401337495,2,3,2,1,14,3,3,0,0,2,0,0,9,1,E01015729,3,1,0.0,1.0,-1,9,30,1,1,1,16:01,6,2,9
2023501314760,2023,501314760,2,4,1,1,53,8,3,0,0,0,0,0,9,4,E01018820,3,1,0.0,1.0,-1,6,30,1,1,1,18:43,7,2,9
2023991378675,2023,991378675,4,1,1,2,65,9,3,0,0,0,0,0,9,-1,-1,3,1,0.0,1.0,-1,3,70,1,1,1,15:17,6,5,9
2023010426841,2023,010426841,1,1,1,2,14,3,3,0,0,0,0,0,1,5,E01001837,-1,0,0.0,1.0,-1,3,20,1,4,1,22:40,1,2,1
2023430517866,2023,430517866,2,1,1,1,36,7,3,0,0,0,0,0,3,5,E01028533,-1,0,0.02352,0.97648,-1,1,60,1,1,1,09:40,5,2,3
2023010477525,2023,010477525,1,1,1,1,60,9,3,0,0,0,0,0,8,3,E01000245,-1,0,0.0,1.0,-1,3,30,8,1,2,15:35,1,2,8
2023440279399,2023,440279399,1,2,3,1,49,8,2,5,2,0,0,0,0,4,E01017104,-1,0,1.0,0.0,-1,6,20,1,1,1,08:10,4,1,19
2023010451546,2023,010451546,2,1,1,1,38,7,3,0,0,0,0,0,1,2,E01004240,-1,0,0.0,1.0,-1,6,20,1,1,1,13:30,2,2,1
2023010478730,2023,010478730,2,1,1,2,51,8,3,0,0,0,0,0,1,2,E01004471,-1,0,0.0,1.0,-1,2,20,2,1,2,08:56,7,2,1
2023311361205,2023,311361205,2,1,1,1,18,4,2,0,0,0,0,0,1,-1,-1,7,1,1.0,0.0,-1,6,20,1,1,1,18:00,2,2,1
2023451361940,2023,451361940,1,2,2,1,13,3,3,0,0,1,0,0,9,-1,-1,3,1,0.0,1.0,-1,6,30,1,1,1,19:20,2,2,9
2023471328150,2023,471328150,1,1,1,2,27,6,3,0,0,0,0,0,9,3,E01021062,3,1,0.0,1.0,-1,6,30,1,1,2,09:00,3,2,9
2023622300590,2023,622300590,1,1,1,2,36,7,3,0,0,0,0,0,9,4,W01001065,-1,0,0.03456,0.96544,-1,6,30,1,1,1,16:03,6,1,9
2023522400828,2023,522400828,1,1,1,2,31,6,3,0,0,0,0,0,-1,3,E01014731,-1,0,0.01689,0.98311,-1,6,20,9,1,-1,10:50,6,2,-1
2023010441528,2023,010441528,2,1,1,1,19,4,3,0,0,0,0,0,1,5,E01001863,-1,0,0.0,1.0,-1,6,20,2,1,2,14:40,7,2,1
2023547594423,2023,547594423,1,1,1,1,37,7,3,0,0,0,0,0,3,6,E01032114,-1,0,0.08615,0.91385,-1,6,30,1,1,1,13:15,4,2,3
2023221374396,2023,221374396,1,1,1,2,55,8,2,0,0,0,0,0,9,7,E01032394,7,1,1.0,0.0,-1,6,60,1,6,2,18:17,6,2,9
2023552300080,2023,552300080,2,1,1,2,30,6,3,0,0,0,0,0,9,10,E01020413,-1,0,0.0531,0.9469,-1,6,60,1,1,2,11:44,2,3,9
2023991348359,2023,991348359,1,1,1,2,61,9,3,0,0,0,0,0,9,7,-1,3,1,0.0,1.0,-1,6,30,1,1,1,17:15,1,2,9
2023010484208,2023,010484208,1,1,3,-1,11,3,3,5,9,0,0,0,0,3,E01001170,-1,0,0.0,1.0,-1,6,20,1,1,9,15:30,6,1,9
2023161386723,2023,161386723,2,1,1,2,57,9,3,0,0,0,0,0,9,5,E01012758,3,1,0.0,1.0,-1,3,40,1,1,1,10:20,2,2,9
2023411374373,2023,411374373,1,3,2,1,64,9,2,0,0,1,0,0,9,6,E01025735,6,1,1.0,0.0,-1,3,60,1,1,1,10:55,7,3,9
2023430385244,2023,430385244,1,2,2,2,60,9,3,0,0,1,0,0,9,-1,-1,-1,0,0.0956,0.9044,-1,6,60,1,1,1,12:25,2,2,9
2023111290759,2023,111290759,2,1,1,1,42,7,3,0,0,0,0,0,1,1,E01012354,3,1,0.0,1.0,-1,3,30,1,1,1,07:30,5,2,1
2023011274124,2023,011274124,1,3,2,1,19,4,3,0,0,2,0,0,9,6,E01001656,3,1,0.0,1.0,-1,3,70,1,1,1,23:25,6,1,9
2023061378526,2023,061378526,2,2,2,2,47,8,3,0,0,1,0,0,9,1,E01005952,3,1,0.0,1.0,-1,6,30,1,1,1,10:30,6,3,9
2023201374750,2023,201374750,1,1,1,1,25,5,3,0,0,0,0,0,9,7,E01010545,3,1,0.0,1.0,-1,6,30,1,1,1,10:36,7,1,9
2023211371649,2023,211371649,1,1,1,1,87,11,2,0,0,0,0,0,9,-1,-1,6,1,1.0,0.0,-1,6,60,1,1,2,07:10,2,1,9
2023371268766,2023,371268766,1,1,1,1,60,9,2,0,0,0,0,0,9,1,E01029982,6,1,1.0,0.0,-1,6,30,1,1,1,10:06,6,1,9
2023401315349,2023,401315349,1,1,1,1,29,6,3,0,0,0,0,0,9,6,E01017507,3,1,0.0,1.0,-1,6,30,1,7,1,03:12,1,1,9
2023421390500,2023,421390500,2,1,1,1,22,5,3,0,0,0,0,0,9,2,E01000050,3,1,0.0,1.0,-1,6,30,9,1,1,10:00,4,2,9
2023430069684,2023,430069684,1,1,2,1,3,1,3,0,0,1,0,0,9,10,E01028710,-1,0,0.14125,0.85875,-1,6,50,1,6,1,19:53,3,1,9
2023451377304,2023,451377304,1,1,1,2,78,11,3,0,0,0,0,0,9,10,E01030941,3,1,0.0,1.0,-1,6,30,1,1,1,10:30,3,3,9
2023991282489,2023,991282489,1,2,1,1,19,4,3,0,0,0,0,0,9,1,-1,3,1,0.0,1.0,-1,3,40,1,4,2,21:25,5,2,9
2023522400014,2023,522400014,1,1,1,2,48,8,3,0,0,0,0,0,9,7,E01032670,-1,0,0.01052,0.98948,-1,6,30,1,1,1,16:00,6,3,9
2023991290102,2023,991290102,1,2,2,2,18,4,3,0,0,1,0,0,9,-1,-1,3,1,0.0,1.0,-1,1,30,2,4,2,23:35,4,1,9
2023302301068,2023,302301068,1,1,3,2,32,6,3,1,1,0,0,0,0,1,E01019625,-1,0,0.06387,0.93613,-1,6,20,1,1,1,10:15,3,1,9
2023010442428,2023,010442428,1,1,1,1,35,6,3,0,0,0,0,0,3,3,E01004571,-1,0,0.0,1.0,-1,6,20,1,1,1,15:00,5,2,3
2023201288975,2023,201288975,2,2,2,1,30,6,3,0,0,1,0,0,9,-1,-1,3,1,0.0,1.0,-1,3,30,1,4,1,20:29,2,3,9
2023351310883,2023,351310883,1,1,1,1,55,8,3,0,0,0,0,0,9,6,E01018111,3,1,0.0,1.0,-1,6,50,2,1,2,17:55,6,2,9
2023451280537,2023,451280537,1,3,2,1,24,5,3,0,0,2,0,0,9,2,E01004570,3,1,0.0,1.0,-1,1,40,1,4,1,03:30,1,1,9
2023201409746,2023,201409746,2,2,2,1,11,3,3,0,0,2,0,0,9,7,E01009474,3,1,0.0,1.0,-1,3,30,1,4,2,19:20,3,3,9
2023520400931,2023,520400931,1,1,3,1,11,3,3,8,9,0,0,0,0,-1,-1,-1,0,0.03818,0.96182,-1,6,30,1,1,1,15:25,6,1,9
2023010479068,2023,010479068,1,1,1,1,23,5,3,0,0,0,0,0,1,5,E01003664,-1,0,0.0,1.0,-1,6,30,1,1,1,02:20,1,2,1
2023161305404,2023,161305404,1,1,1,2,50,8,3,0,0,0,0,0,9,1,E01012895,3,1,0.0,1.0,-1,6,30,1,1,1,07:40,3,2,9
2023302301771,2023,302301771,2,1,1,2,50,8,3,0,0,0,0,0,9,10,E01013468,-1,0,0.00821,0.99179,-1,1,30,1,1,1,09:20,6,2,9
2023622300081,2023,622300081,1,1,1,2,21,5,2,0,0,0,0,0,9,2,W01001069,-1,0,1.0,0.0,-1,3,70,1,6,1,18:00,5,2,9
2023041359953,2023,041359953,2,1,1,2,55,8,3,0,0,0,0,0,9,3,E01012585,3,1,0.0,1.0,-1,6,30,1,1,1,17:00,6,2,9
2023041367097,2023,041367097,1,1,1,2,81,11,2,0,0,0,0,0,9,5,E01012664,5,1,1.0,0.0,-1,6,30,1,4,1,18:30,4,2,9
2023161316005,2023,161316005,2,2,1,2,43,7,3,0,0,0,0,0,9,10,E01013057,3,1,0.0,1.0,-1,6,50,1,1,1,07:46,4,2,9
2023461371429,2023,461371429,1,1,1,1,-1,-1,2,0,0,0,0,0,97,7,E01032737,7,1,1.0,0.0,-1,6,40,1,1,1,14:45,1,2,97
2023340WN4902,2023,340WN4902,2,1,1,1,32,6,3,0,0,0,0,0,5,9,E01027218,-1,0,0.14253,0.85747,-1,1,40,1,1,1,12:55,1,2,5
2023010437383,2023,010437383,1,2,2,-1,-1,-1,3,0,0,2,0,0,9,2,E01000785,-1,0,0.0,1.0,-1,1,30,4,1,2,16:35,5,2,9
2023421258648,2023,421258648,1,1,2,2,21,5,3,0,0,1,0,0,9,5,E01023293,3,1,0.0,1.0,-1,3,70,1,4,1,04:00,1,1,9
2023052302029,2023,052302029,2,1,1,1,45,7,2,0,0,0,0,0,1,1,E01006875,-1,0,1.0,0.0,-1,6,30,1,1,1,19:00,6,2,1
2023131309045,2023,131309045,2,1,1,2,44,7,3,0,0,0,0,0,9,5,E01010982,3,1,0.0,1.0,-1,6,40,1,4,1,22:21,5,3,9
2023231414635,2023,231414635,1,1,1,1,59,9,3,0,0,0,0,0,9,5,E01031105,3,1,0.0,1.0,-1,6,30,1,1,1,18:54,5,3,9
2023451370111,2023,451370111,1,1,1,1,21,5,3,0,0,0,0,0,9,8,E01030915,3,1,0.0,1.0,-1,6,30,1,5,2,02:00,6,2,9
2023031313731,2023,031313731,2,1,1,1,64,9,3,0,0,0,0,0,1,6,E01019376,3,1,0.0,1.0,-1,6,60,1,1,1,11:45,2,2,1
2023131362896,2023,131362896,2,3,2,2,23,5,2,0,0,1,0,0,9,1,E01011667,6,1,1.0,0.0,-1,6,40,1,1,1,14:59,7,2,9
2023991363171,2023,991363171,1,2,1,1,34,6,3,0,0,0,0,0,19,-1,-1,3,1,0.0,1.0,-1,6,40,5,4,2,06:32,3,2,19
2023061377041,2023,061377041,2,1,1,-1,40,7,3,0,0,0,0,0,9,9,E01006301,3,1,0.0,1.0,-1,3,30,1,1,1,16:06,6,2,9
2023161360337,2023,161360337,1,2,1,2,56,9,3,0,0,0,0,0,9,7,E01013290,3,1,0.0,1.0,-1,6,20,1,1,1,17:08,6,3,9
2023501337685,2023,501337685,1,1,1,1,19,4,3,0,0,0,0,0,9,3,E01019034,3,1,0.0,1.0,-1,6,60,2,6,2,22:32,6,1,9
2023201404627,2023,201404627,1,1,3,2,29,6,3,8,5,0,0,2,0,5,E01029645,3,1,0.0,1.0,-1,6,40,2,1,2,10:37,4,1,9
2023201409794,2023,201409794,1,1,3,1,55,8,3,4,3,0,0,-1,0,-1,-1,3,1,0.0,1.0,-1,6,20,1,1,1,14:21,7,1,9
2023010436903,2023,010436903,3,1,1,2,24,5,3,0,0,0,0,0,1,5,E01004610,-1,0,0.0,1.0,-1,3,20,1,1,1,13:55,3,3,1
2023201413879,2023,201413879,2,1,1,1,20,4,3,0,0,0,0,0,1,-1,-1,3,1,0.0,1.0,-1,1,30,1,1,2,08:44,5,2,1
2023010459931,2023,010459931,1,1,1,2,84,11,3,0,0,0,0,0,9,6,E01002296,-1,0,0.0,1.0,-1,6,30,1,1,1,19:06,5,2,9
2023141382981,2023,141382981,1,1,1,2,53,8,3,0,0,0,0,0,9,1,E01007739,3,1,0.0,1.0,-1,6,30,1,1,2,13:41,3,2,9
2023201315966,2023,201315966,1,1,1,1,30,6,3,0,0,0,0,0,9,4,E01009628,3,1,0.0,1.0,-1,6,30,1,4,1,23:50,4,1,9
2023471289972,2023,471289972,2,1,1,2,29,6,3,0,0,0,0,0,9,4,E01031610,3,1,0.0,1.0,-1,6,30,1,1,2,08:30,5,3,9
2023131365258,2023,131365258,1,1,3,2,12,3,3,8,8,0,0,2,0,5,E01011933,3,1,0.0,1.0,-1,9,30,5,4,2,18:40,6,1,9
2023010459704,2023,010459704,2,1,1,1,31,6,3,0,0,0,0,0,3,4,E01001007,-1,0,0.0,1.0,-1,1,20,1,1,1,09:55,4,3,3
2023010453665,2023,010453665,4,1,1,1,20,4,2,0,0,0,0,0,9,-1,-1,-1,0,1.0,0.0,-1,6,30,1,4,1,23:15,5,4,9
2023131296731,2023,131296731,1,1,1,2,50,8,2,0,0,0,0,0,9,9,E01011170,7,1,1.0,0.0,-1,6,30,5,1,2,15:10,6,2,9
2023421382002,2023,421382002,2,4,2,2,17,4,2,0,0,1,0,0,9,4,E01021360,6,1,1.0,0.0,-1,6,60,2,1,2,12:45,1,2,9
2023471302157,2023,471302157,1,1,2,1,30,6,3,0,0,2,0,0,9,4,E01031575,3,1,0.0,1.0,-1,3,30,1,4,1,20:48,6,2,9
2023010441339,2023,010441339,1,1,3,2,62,9,2,5,9,0,0,0,0,6,E01003311,-1,0,1.0,0.0,-1,3,20,1,1,1,13:00,5,1,9
2023201267712,2023,201267712,1,1,3,1,29,6,2,5,1,0,0,2,0,7,E01017965,5,1,1.0,0.0,-1,3,40,1,4,2,04:44,1,1,9
2023991361252,2023,991361252,1,1,1,1,52,8,3,0,0,0,0,0,9,-1,-1,3,1,0.0,1.0,-1,3,70,1,4,2,18:50,2,1,9
2023041326954,2023,041326954,1,1,3,2,76,11,3,8,3,0,0,0,0,7,E01025576,3,1,0.0,1.0,-1,6,30,1,1,1,10:00,7,1,9
2023421264875,2023,421264875,1,1,3,1,53,8,3,10,9,0,0,0,0,9,E01021561,3,1,0.0,1.0,-1,9,30,1,4,4,05:59,4,1,19
2023010441808,2023,010441808,2,1,1,1,16,4,3,0,0,0,0,0,1,3,E01004355,-1,0,0.0,1.0,-1,6,20,1,1,1,16:30,2,2,1
2023010459740,2023,010459740,1,1,1,1,45,7,3,0,0,0,0,0,1,7,E01001904,-1,0,0.0,1.0,-1,1,30,1,1,1,20:20,2,2,1
2023461330458,2023,461330458,1,1,1,1,79,11,3,0,0,0,0,0,9,10,E01024443,3,1,0.0,1.0,-1,6,30,1,1,1,16:41,3,2,9
2023501317183,2023,501317183,1,2,2,2,8,2,3,0,0,2,0,0,9,6,E01019014,3,1,0.0,1.0,-1,6,60,1,1,1,18:53,7,2,9
2023010434394,2023,010434394,2,1,1,1,57,9,3,0,0,0,0,0,19,3,E01000020,-1,0,0.0,1.0,-1,6,30,1,1,1,07:00,2,3,19
2023010475741,2023,010475741,2,1,1,1,52,8,3,0,0,0,0,0,1,3,E01004066,-1,0,0.0,1.0,-1,6,20,2,4,2,17:05,6,2,1
2023010471265,2023,010471265,1,1,1,1,37,7,3,0,0,0,0,0,9,3,E01004397,-1,0,0.0,1.0,-1,9,20,1,1,1,15:45,3,2,9
2023170S12223,2023,170S12223,1,1,2,2,26,6,3,0,0,1,0,0,9,1,E01033477,-1,0,0.03976,0.96024,-1,6,30,9,7,3,04:30,1,1,9
2023540453323,2023,540453323,1,1,1,1,32,6,3,0,0,0,0,0,9,4,E01016325,-1,0,0.09074,0.90926,-1,3,70,5,6,2,02:25,7,1,9
2023440507981,2023,440507981,2,1,1,1,28,6,3,0,0,0,0,0,19,-1,-1,-1,0,0.02702,0.97298,-1,6,50,1,1,1,09:50,4,3,19
2023010431981,2023,010431981,1,1,3,1,41,7,3,5,3,0,0,0,0,7,E01004166,-1,0,0.0,1.0,-1,6,20,1,1,2,17:00,2,1,9
2023552300689,2023,552300689,1,3,2,2,71,10,3,0,0,2,0,0,9,6,E01021033,-1,0,0.10618,0.89382,-1,6,60,1,1,1,17:10,4,2,9
2023991343758,2023,991343758,1,1,3,2,11,3,2,5,1,0,0,2,0,-1,-1,6,1,1.0,0.0,-1,6,30,1,1,1,17:24,2,1,9
2023061351533,2023,061351533,2,1,1,-1,56,9,2,0,0,0,0,0,1,4,E01005894,7,1,1.0,0.0,-1,6,20,1,1,1,08:30,5,2,1
2023531373111,2023,531373111,2,1,1,1,38,7,3,0,0,0,0,0,1,4,E01032936,3,1,0.0,1.0,-1,1,30,1,1,2,16:00,6,2,1
2023991310715,2023,991310715,1,1,1,2,21,5,2,0,0,0,0,0,3,5,-1,5,1,1.0,0.0,-1,6,60,1,1,1,15:35,3,2,3
2023010444094,2023,010444094,2,1,1,2,41,7,3,0,0,0,0,0,9,2,E01003349,-1,0,0.0,1.0,-1,6,30,1,1,1,13:00,7,2,9