collision_index,collision_year,collision_ref_no,vehicle_reference,casualty_reference,casualty_class,sex_of_casualty,age_of_casualty,age_band_of_casualty,casualty_severity,pedestrian_location,pedestrian_movement,car_passenger,bus_or_coach_passenger,pedestrian_road_maintenance_worker,casualty_type,casualty_imd_decile,lsoa_of_casualty,enhanced_casualty_severity,casualty_injury_based,casualty_adjusted_severity_serious,casualty_adjusted_severity_slight,casualty_distance_banding,road_type,speed_limit,weather_conditions,light_conditions,road_surface_conditions,time,day_of_week,number_of_vehicles,vehicle_type
2023131307048,2023,131307048,1,3,2,2,20,4,2,0,0,2,0,0,9,4,E01007587,5,1,1.0,0.0,-1,3,70,1,1,1,18:13,7,2,9
2023131378689,2023,131378689,1,2,2,1,20,4,3,0,0,2,0,0,9,5,E01011732,3,1,0.0,1.0,-1,6,30,1,4,1,22:25,6,2,9
2023010431054,2023,010431054,1,1,2,1,22,5,3,0,0,2,0,0,9,8,E01004472,-1,0,0.0,1.0,-1,6,30,2,1,2,17:15,4,2,9
2023052302593,2023,052302593,1,1,1,1,51,8,3,0,0,0,0,0,9,5,E01006892,-1,0,0.11181,0.88819,-1,3,70,2,6,2,20:30,7,3,9
2023052302780,2023,052302780,2,1,1,2,37,7,3,0,0,0,0,0,9,1,E01006495,-1,0,0.01328,0.98672,-1,6,30,2,1,2,08:50,6,2,9
202354D061423,2023,54D061423,2,2,1,1,70,10,3,0,0,0,0,0,9,8,E01031883,-1,0,0.04497,0.95503,-1,6,30,1,6,1,17:35,7,2,9
2023061393579,2023,061393579,1,1,3,1,33,6,2,5,3,0,0,0,0,4,E01005705,7,1,1.0,0.0,-1,6,20,2,4,2,00:26,1,1,9
2023010440833,2023,010440833,1,1,1,1,33,6,3,0,0,0,0,0,3,6,E01015331,-1,0,0.0,1.0,-1,6,20,1,1,1,16:55,1,2,3
2023461333394,2023,461333394,2,1,1,1,22,5,3,0,0,0,0,0,3,6,E01032798,3,1,0.0,1.0,-1,6,30,2,1,2,07:40,7,2,3
2023131356835,2023,131356835,4,2,1,1,25,5,3,0,0,0,0,0,9,6,E01008005,3,1,0.0,1.0,-1,3,70,1,1,1,10:02,4,4,9
2023471286156,2023,471286156,1,1,1,2,71,10,2,0,0,0,0,0,9,5,E01021120,6,1,1.0,0.0,-1,6,30,2,4,2,17:40,2,2,9
2023552300452,2023,552300452,1,1,2,2,33,6,3,0,0,0,4,0,11,3,E01017350,-1,0,0.02051,0.97949,-1,6,30,1,1,1,13:47,4,1,11
2023010422551,2023,010422551,1,1,1,1,31,6,3,0,0,0,0,0,1,6,E01023320,-1,0,0.0,1.0,-1,3,70,8,4,4,16:35,6,2,1
2023131326693,2023,131326693,1,1,1,1,33,6,2,0,0,0,0,0,4,1,E01010611,7,1,1.0,0.0,-1,6,30,1,1,1,13:50,5,3,4
2023131290829,2023,131290829,2,1,2,1,28,6,3,0,0,1,0,0,9,1,E01010960,3,1,0.0,1.0,-1,9,20,1,1,1,19:30,1,2,9
2023170M11973,2023,170M11973,4,3,1,2,25,5,3,0,0,0,0,0,9,1,E01012268,-1,0,0.02864,0.97136,-1,7,50,1,1,2,08:30,4,4,9
2023440329100,2023,440329100,1,1,1,1,60,9,3,0,0,0,0,0,9,7,E01017256,-1,0,0.07727,0.92273,-1,6,30,1,1,1,08:30,3,2,9
2023461317875,2023,461317875,1,1,1,1,68,10,2,0,0,0,0,0,9,4,E01018979,7,1,1.0,0.0,-1,3,70,1,1,1,16:24,7,2,9
2023501318710,2023,501318710,1,1,1,2,51,8,3,0,0,0,0,0,9,10,E01020166,3,1,0.0,1.0,-1,3,70,1,1,1,17:04,4,2,9
2023041384142,2023,041384142,2,1,1,2,53,8,3,0,0,0,0,0,9,3,E01012587,3,1,0.0,1.0,-1,6,30,1,1,1,14:50,2,2,9
2023131375959,2023,131375959,1,1,1,1,47,8,3,0,0,0,0,0,9,5,E01033015,3,1,0.0,1.0,-1,6,40,2,4,2,04:31,7,1,9
2023302301851,2023,302301851,2,1,1,1,46,8,3,0,0,0,0,0,9,1,E01013484,-1,0,0.02311,0.97689,-1,1,40,1,4,2,21:50,5,2,9
2023991352725,2023,991352725,1,1,1,1,33,6,2,0,0,0,0,0,9,1,-1,7,1,1.0,0.0,-1,6,30,4,1,2,14:50,3,2,9
2023122301123,2023,122301123,1,1,1,1,12,3,3,0,0,0,0,0,1,9,E01013434,-1,0,0.05061,0.94939,-1,6,30,1,1,1,16:00,5,2,1
2023430301828,2023,430301828,2,1,1,1,30,6,2,0,0,0,0,0,1,8,E01016757,-1,0,1.0,0.0,-1,6,30,1,1,1,07:30,7,2,1
2023481387699,2023,481387699,2,1,1,1,23,5,3,0,0,0,0,0,1,-1,-1,3,1,0.0,1.0,-1,6,20,2,4,2,00:15,6,2,1
2023010441395,2023,010441395,1,1,1,2,40,7,3,0,0,0,0,0,9,2,E01003237,-1,0,0.0,1.0,-1,7,20,1,1,1,15:34,6,2,9
2023071052827,2023,071052827,1,2,2,2,4,1,3,0,0,2,0,0,9,8,E01018417,-1,0,0.05924,0.94076,-1,6,60,7,1,2,09:03,4,2,9
2023451307036,2023,451307036,2,3,2,2,53,8,3,0,0,1,0,0,9,5,E01030484,3,1,0.0,1.0,-1,6,40,1,1,1,17:00,7,2,9
2023131376477,2023,131376477,1,1,3,2,57,9,2,9,8,0,0,2,0,1,E01011472,7,1,1.0,0.0,-1,6,30,2,4,2,05:32,1,1,9
2023991260757,2023,991260757,1,1,3,1,65,9,2,4,1,0,0,1,0,2,-1,7,1,1.0,0.0,-1,6,30,1,4,2,21:15,7,1,9
2023522401010,2023,522401010,1,1,1,1,17,4,2,0,0,0,0,0,3,7,E01014884,-1,0,1.0,0.0,-1,6,40,1,6,1,17:02,4,1,3
2023010436413,2023,010436413,1,1,2,1,23,5,2,0,0,1,0,0,9,9,E01000272,-1,0,1.0,0.0,-1,6,30,1,4,1,00:35,7,2,9
2023010441449,2023,010441449,1,2,2,2,27,6,3,0,0,1,0,0,9,2,E01033148,-1,0,0.0,1.0,-1,6,20,1,1,1,06:10,7,1,9
2023201287329,2023,201287329,2,1,1,1,49,8,3,0,0,0,0,0,9,2,E01009565,3,1,0.0,1.0,-1,6,30,1,1,1,15:45,4,2,9
2023320087698,2023,320087698,1,1,1,1,19,4,3,0,0,0,0,0,9,7,E01026199,-1,0,0.09065,0.90935,-1,6,40,1,4,1,22:30,6,1,9
2023161320535,2023,161320535,2,1,1,1,20,4,2,0,0,0,0,0,19,1,E01027820,7,1,1.0,0.0,-1,3,70,1,6,1,03:05,3,2,19
2023548497523,2023,548497523,1,1,1,1,31,6,3,0,0,0,0,0,4,6,E01031902,-1,0,0.17185,0.82815,-1,3,40,1,1,1,13:32,7,1,4
2023010438706,2023,010438706,1,1,3,1,48,8,3,1,9,0,0,0,0,7,E01030583,-1,0,0.0,1.0,-1,6,30,1,1,1,16:30,6,1,97
2023340WN0272,2023,340WN0272,1,1,1,2,18,4,3,0,0,0,0,0,9,5,E01027091,-1,0,0.12299,0.87701,-1,6,60,1,6,4,17:14,3,1,9
2023211346172,2023,211346172,1,1,3,1,-1,-1,3,4,9,0,0,0,0,-1,-1,3,1,0.0,1.0,-1,6,30,1,1,1,13:30,7,1,9
2023440253584,2023,440253584,2,1,1,1,31,6,3,0,0,0,0,0,1,4,E01017234,-1,0,0.14943,0.85057,-1,6,30,1,1,1,19:18,1,2,1
2023031354166,2023,031354166,1,2,2,2,15,3,3,0,0,1,0,0,9,10,E01019368,3,1,0.0,1.0,-1,6,30,4,4,2,20:35,3,2,9
2023070433501,2023,070433501,2,1,1,2,22,5,3,0,0,0,0,0,9,9,E01018339,-1,0,0.01973,0.98027,-1,6,40,1,1,1,17:15,3,2,9
2023161392338,2023,161392338,2,6,2,2,56,9,2,0,0,1,0,0,9,-1,-1,5,1,1.0,0.0,-1,6,60,1,6,1,16:50,3,2,9
2023461392923,2023,461392923,2,1,1,1,25,5,3,0,0,0,0,0,9,4,E01024164,3,1,0.0,1.0,-1,6,30,1,1,2,15:41,6,2,9
2023501337729,2023,501337729,2,2,1,1,52,8,3,0,0,0,0,0,9,4,E01018961,3,1,0.0,1.0,-1,3,70,1,1,2,16:30,6,2,9
2023061267857,2023,061267857,2,1,2,1,16,4,3,0,0,1,0,0,9,-1,-1,3,1,0.0,1.0,-1,6,30,1,1,2,10:50,5,2,9
2023631332031,2023,631332031,1,1,1,2,19,4,3,0,0,0,0,0,9,6,W01000519,3,1,0.0,1.0,-1,6,60,2,5,2,20:10,6,1,9
2023010441368,2023,010441368,1,1,2,1,-1,-1,3,0,0,9,0,0,9,7,E01000147,-1,0,0.0,1.0,-1,9,30,1,1,1,14:01,6,1,9
2023451367968,2023,451367968,2,2,1,2,84,11,3,0,0,0,0,0,9,5,E01030310,3,1,0.0,1.0,-1,6,30,1,1,2,11:30,7,2,9
2023010460828,2023,010460828,1,1,3,2,25,5,3,5,1,0,0,0,0,-1,-1,-1,0,0.0,1.0,-1,3,20,1,1,1,08:59,4,2,4
2023451379233,2023,451379233,2,1,1,2,72,10,3,0,0,0,0,0,1,10,E01030727,3,1,0.0,1.0,-1,3,30,2,4,2,05:35,2,2,1
2023010451721,2023,010451721,1,1,1,1,24,5,3,0,0,0,0,0,3,4,E01001176,-1,0,0.0,1.0,-1,9,30,1,5,1,23:55,2,1,3
2023531326341,2023,531326341,1,1,1,1,60,9,3,0,0,0,0,0,5,5,E01022154,3,1,0.0,1.0,-1,6,60,1,6,1,21:00,5,2,5
2023010438069,2023,010438069,1,1,2,2,38,7,3,0,0,2,0,0,8,3,E01001368,-1,0,0.0,1.0,-1,9,20,1,1,1,12:20,1,1,8
2023010431827,2023,010431827,1,1,1,1,50,8,3,0,0,0,0,0,9,6,E01000581,-1,0,0.0,1.0,-1,6,30,2,4,2,18:10,1,2,9
2023430048959,2023,430048959,2,1,1,1,54,8,3,0,0,0,0,0,9,9,E01016313,-1,0,0.01914,0.98086,-1,6,30,1,4,1,21:25,4,2,9
2023991260657,2023,991260657,2,1,1,2,53,8,3,0,0,0,0,0,9,-1,-1,3,1,0.0,1.0,-1,6,30,1,4,2,18:00,6,2,9
2023201403455,2023,201403455,2,1,2,1,62,9,3,0,0,1,0,0,9,1,E01009339,3,1,0.0,1.0,-1,6,30,1,1,1,11:21,4,2,9
2023610030823,2023,610030823,2,1,1,2,53,8,3,0,0,1,0,0,9,10,W01001591,-1,0,0.01845,0.98155,-1,1,70,1,1,1,08:07,4,2,9
2023010483228,2023,010483228,2,1,1,2,25,5,2,0,0,0,0,0,1,2,E01003057,-1,0,1.0,0.0,-1,6,20,5,1,1,09:33,1,2,1
2023010468451,2023,010468451,1,1,1,1,23,5,3,0,0,0,0,0,3,5,E01004346,-1,0,0.0,1.0,-1,3,20,1,1,1,15:38,3,2,3
2023070708364,2023,070708364,1,1,1,1,27,6,3,0,0,0,0,0,4,1,E01006324,-1,0,0.20455,0.79545,-1,6,60,1,1,1,20:15,5,2,4
2023010437710,2023,010437710,1,1,3,2,18,4,2,1,2,0,0,0,0,6,E01000219,-1,0,1.0,0.0,-1,9,30,2,1,1,17:45,6,1,9
2023221388015,2023,221388015,1,1,3,1,11,3,3,5,2,0,0,0,0,4,E01032343,3,1,0.0,1.0,-1,6,30,1,1,1,08:13,2,1,9
2023552300089,2023,552300089,1,1,1,2,44,7,3,0,0,0,0,0,5,4,E01015321,-1,0,0.21017,0.78983,-1,6,60,1,1,2,10:13,1,1,5
2023311327508,2023,311327508,2,1,1,2,24,5,3,0,0,0,0,0,9,-1,-1,3,1,0.0,1.0,-1,6,30,2,1,2,18:09,6,2,9
2023421360280,2023,421360280,1,1,1,2,20,4,3,0,0,0,0,0,9,10,E01021643,3,1,0.0,1.0,-1,6,30,1,1,1,13:45,6,3,9
2023010468763,2023,010468763,1,1,2,1,0,1,3,0,0,0,4,0,11,7,E01001922,-1,0,0.0,1.0,-1,6,20,1,1,1,09:00,5,1,11
2023010433204,2023,010433204,1,1,2,2,73,10,3,0,0,0,4,0,11,6,E01001984,-1,0,0.0,1.0,-1,1,20,1,1,1,11:00,2,1,11
2023311352715,2023,311352715,2,1,1,2,37,7,3,0,0,0,0,0,9,1,E01027965,3,1,0.0,1.0,-1,6,30,1,1,1,09:02,6,2,9
2023351356956,2023,351356956,2,1,1,1,58,9,2,0,0,0,0,0,1,8,E01018286,6,1,1.0,0.0,-1,6,20,1,1,1,15:20,7,2,1
2023041391909,2023,041391909,1,1,3,2,37,7,3,6,9,0,0,1,0,2,E01006953,3,1,0.0,1.0,-1,6,30,1,1,1,21:40,5,1,9
2023010447891,2023,010447891,1,1,1,1,55,8,3,0,0,0,0,0,1,-1,-1,-1,0,0.0,1.0,-1,9,30,9,4,9,17:30,6,1,1
2023010464472,2023,010464472,1,1,1,1,40,7,3,0,0,0,0,0,1,10,E01003362,-1,0,0.0,1.0,-1,6,20,1,4,1,20:30,4,2,1
2023440360241,2023,440360241,2,1,1,1,30,6,3,0,0,0,0,0,1,-1,-1,-1,0,0.14995,0.85005,-1,6,30,1,1,1,08:44,3,2,1
2023010486523,2023,010486523,1,1,2,2,-1,-1,2,0,0,2,0,0,8,5,E01003247,-1,0,1.0,0.0,-1,9,20,1,4,1,22:00,5,1,8
2023010434382,2023,010434382,1,1,1,2,25,5,3,0,0,0,0,0,9,6,E01030736,-1,0,0.0,1.0,-1,3,50,1,4,1,02:25,2,1,9
2023221383513,2023,221383513,1,1,1,1,35,6,1,0,0,0,0,0,9,4,E01028978,1,1,0.0,0.0,-1,6,60,1,1,2,15:40,6,2,9
2023531264007,2023,531264007,1,1,1,1,80,11,3,0,0,0,0,0,9,1,E01032932,3,1,0.0,1.0,-1,6,30,1,1,1,17:00,2,2,9
2023531390133,2023,531390133,2,1,1,1,50,8,3,0,0,0,0,0,9,2,E01022131,3,1,0.0,1.0,-1,6,30,1,1,1,14:30,5,2,9
2023061300107,2023,061300107,2,1,1,2,53,8,3,0,0,0,0,0,1,1,E01005314,3,1,0.0,1.0,-1,6,30,1,1,1,15:05,6,2,1
2023221383505,2023,221383505,1,1,2,1,25,5,2,0,0,2,0,0,8,8,E01028844,7,1,1.0,0.0,-1,3,70,3,7,3,03:00,1,1,8
2023010426562,2023,010426562,2,1,1,1,30,6,3,0,0,0,0,0,1,3,E01003522,-1,0,0.0,1.0,-1,3,20,1,1,1,21:00,6,2,1
2023010465207,2023,010465207,1,1,1,2,23,5,3,0,0,0,0,0,3,4,E01003255,-1,0,0.0,1.0,-1,6,20,1,1,1,19:15,1,2,3
2023010473687,2023,010473687,1,1,1,1,50,8,3,0,0,0,0,0,9,4,E01002744,-1,0,0.0,1.0,-1,6,20,1,4,2,22:30,2,2,9
2023440158494,2023,440158494,1,1,1,2,33,6,3,0,0,0,0,0,9,3,E01017020,-1,0,0.02457,0.97543,-1,6,30,1,1,1,19:15,7,2,9
2023201293536,2023,201293536,2,2,1,1,27,6,3,0,0,0,0,0,21,7,E01010024,3,1,0.0,1.0,-1,3,40,1,1,2,09:15,3,2,21
2023421358968,2023,421358968,1,1,3,1,21,5,3,10,9,0,0,0,0,3,E01022019,3,1,0.0,1.0,-1,6,30,9,7,1,21:55,5,1,9
2023010446523,2023,010446523,1,1,1,2,45,7,3,0,0,0,0,0,9,3,E01004678,-1,0,0.0,1.0,-1,3,30,1,1,9,18:50,2,2,9
2023170L10703,2023,170L10703,2,2,1,1,71,10,3,0,0,0,0,0,9,1,E01012121,-1,0,0.10291,0.89709,-1,6,50,1,1,1,10:40,7,2,9
2023552301043,2023,552301043,1,1,1,1,18,4,3,0,0,0,0,0,9,7,E01020537,-1,0,0.08995,0.91005,-1,6,50,1,6,1,23:10,7,1,9
202360A169165,2023,60A169165,1,1,1,1,29,6,3,0,0,0,0,0,9,-1,-1,-1,0,0.15386,0.84614,-1,3,70,1,6,1,00:03,1,1,9
2023622300496,2023,622300496,1,4,2,1,16,4,3,0,0,2,0,0,9,1,W01000993,-1,0,0.04787,0.95213,-1,3,50,1,1,1,17:16,7,2,9
2023991273585,2023,991273585,2,1,1,1,34,6,2,0,0,0,0,0,9,4,-1,6,1,1.0,0.0,-1,3,40,1,1,2,07:30,3,3,9
2023451370886,2023,451370886,2,1,2,2,14,3,3,0,0,2,0,0,9,6,E01001064,3,1,0.0,1.0,-1,3,70,1,1,1,12:38,1,3,9
2023501283255,2023,501283255,1,1,1,2,83,11,3,0,0,0,0,0,9,9,E01020316,3,1,0.0,1.0,-1,6,30,5,6,2,17:48,3,2,9
2023052301214,2023,052301214,1,1,3,1,12,3,3,1,9,0,0,0,0,1,E01006863,-1,0,0.09828,0.90172,-1,6,30,1,1,1,14:20,4,1,9
2023010466868,2023,010466868,1,1,1,1,39,7,3,0,0,0,0,0,9,-1,-1,-1,0,0.0,1.0,-1,1,20,9,1,2,18:55,2,2,9
2023101330167,2023,101330167,1,2,2,1,55,8,3,0,0,1,0,0,9,-1,-1,3,1,0.0,1.0,-1,3,70,1,1,1,11:50,7,2,9
2023101363264,2023,101363264,2,1,1,1,41,7,3,0,0,0,0,0,9,4,E01008209,3,1,0.0,1.0,-1,6,30,1,1,1,15:45,6,2,9
2023221299490,2023,221299490,1,1,1,1,50,8,3,0,0,0,0,0,9,8,E01013997,3,1,0.0,1.0,-1,6,60,2,6,5,03:00,5,1,9
2023361338517,2023,361338517,1,1,1,1,23,5,3,0,0,0,0,0,9,3,E01026786,3,1,0.0,1.0,-1,6,50,2,1,2,16:55,7,2,9
2023401289091,2023,401289091,2,1,1,1,54,8,3,0,0,0,0,0,9,7,E01033192,3,1,0.0,1.0,-1,6,30,1,4,1,19:15,5,2,9
2023520300610,2023,520300610,2,38,2,1,50,8,3,0,0,0,4,0,11,-1,-1,-1,0,0.06988,0.93012,-1,6,40,1,6,4,06:00,3,3,11
2023231307502,2023,231307502,3,1,1,2,56,9,3,0,0,0,0,0,9,8,E01003420,3,1,0.0,1.0,-1,3,70,1,1,1,16:54,3,3,9
2023440368651,2023,440368651,1,1,2,1,7,2,3,0,0,2,0,0,9,2,E01000133,-1,0,0.05624,0.94376,-1,3,70,1,1,1,12:14,1,2,9
2023440379601,2023,440379601,1,1,1,2,40,7,3,0,0,0,0,0,9,8,E01017069,-1,0,0.04015,0.95985,-1,6,30,2,1,2,12:55,1,2,9
2023501318742,2023,501318742,1,1,1,1,29,6,2,0,0,0,0,0,9,8,E01015111,7,1,1.0,0.0,-1,6,40,1,1,1,12:58,1,4,9
202354C025723,2023,54C025723,1,6,2,2,13,3,3,0,0,0,0,0,10,6,E01031876,-1,0,0.03617,0.96383,-1,6,60,1,6,1,17:32,2,2,10
2023170S30143,2023,170S30143,1,1,3,2,11,3,3,1,1,0,0,0,0,1,E01012284,-1,0,0.08626,0.91374,-1,6,30,1,1,1,15:40,2,1,9
2023101375996,2023,101375996,1,1,1,2,35,6,3,0,0,0,0,0,9,-1,-1,3,1,0.0,1.0,-1,6,60,2,1,2,08:00,7,1,9
2023141279933,2023,141279933,1,1,1,1,23,5,3,0,0,0,0,0,9,1,E01033271,3,1,0.0,1.0,-1,1,30,1,4,1,05:30,6,1,9
2023221268316,2023,221268316,2,1,1,2,34,6,3,0,0,0,0,0,9,3,E01033526,3,1,0.0,1.0,-1,6,50,1,1,2,07:44,3,2,9
2023340NN1682,2023,340NN1682,1,1,1,1,21,5,2,0,0,0,0,0,9,9,E01027071,-1,0,1.0,0.0,-1,6,30,1,4,1,00:15,6,2,9
2023401301092,2023,401301092,1,2,2,1,32,6,3,0,0,1,0,0,9,1,E01015729,3,1,0.0,1.0,-1,3,30,2,4,2,21:00,4,2,9
2023531361688,2023,531361688,2,1,1,1,12,3,3,0,0,0,0,0,1,6,E01022225,3,1,0.0,1.0,-1,6,30,1,1,1,15:40,5,2,1
2023010462776,2023,010462776,1,1,1,1,36,7,3,0,0,0,0,0,3,2,E01001977,-1,0,0.0,1.0,-1,6,20,9,1,9,15:44,6,2,3
2023041340352,2023,041340352,2,1,2,2,27,6,3,0,0,2,0,0,9,3,E01005761,3,1,0.0,1.0,-1,6,40,1,1,1,12:10,5,3,9
2023311359375,2023,311359375,3,1,1,2,23,5,3,0,0,0,0,0,9,4,E01027963,3,1,0.0,1.0,-1,6,30,1,1,1,12:41,4,3,9
2023061376633,2023,061376633,2,1,1,1,29,6,3,0,0,0,0,0,1,3,E01005210,3,1,0.0,1.0,-1,6,30,1,1,1,14:00,5,2,1
2023991389148,2023,991389148,1,1,3,2,76,11,2,1,3,0,0,2,0,10,-1,5,1,1.0,0.0,-1,6,30,2,4,2,15:50,7,1,9
2023010435893,2023,010435893,1,1,1,1,45,7,3,0,0,0,0,0,3,3,E01003113,-1,0,0.0,1.0,-1,2,20,1,1,1,10:00,2,2,3
2023010451520,2023,010451520,3,1,1,1,17,4,3,0,0,0,0,0,9,-1,-1,-1,0,0.0,1.0,-1,6,20,1,1,1,09:17,2,3,9
2023010460556,2023,010460556,1,1,1,1,22,5,3,0,0,0,0,0,9,6,E01004588,-1,0,0.0,1.0,-1,3,20,1,1,1,08:49,2,2,9
2023061395985,2023,061395985,2,2,1,1,64,9,3,0,0,0,0,0,9,5,E01004767,3,1,0.0,1.0,-1,6,30,2,4,2,21:27,6,2,9
2023010425638,2023,010425638,1,1,3,1,69,10,3,5,1,0,0,0,0,2,E01003150,-1,0,0.0,1.0,-1,3,20,1,1,1,08:45,2,1,2
2023622300842,2023,622300842,2,2,1,1,29,6,3,0,0,0,0,0,4,3,W01000928,-1,0,0.08856,0.91144,-1,6,30,1,1,1,17:57,2,2,4
2023501292575,2023,501292575,2,1,1,1,13,3,3,0,0,0,0,0,1,4,E01020252,3,1,0.0,1.0,-1,6,60,2,1,2,15:44,6,2,1
2023201292270,2023,201292270,2,1,1,1,45,7,3,0,0,0,0,0,9,2,E01010261,3,1,0.0,1.0,-1,3,40,1,4,1,17:55,3,2,9
2023201391290,2023,201391290,2,2,1,1,19,4,3,0,0,0,0,0,9,1,E01033650,3,1,0.0,1.0,-1,6,30,1,4,2,03:35,5,2,9
2023302300683,2023,302300683,1,2,2,1,20,4,2,0,0,1,0,0,9,2,E01019563,-1,0,1.0,0.0,-1,6,30,1,1,1,18:00,1,2,9
2023451338550,2023,451338550,2,1,2,1,53,8,3,0,0,1,0,0,9,3,E01000054,3,1,0.0,1.0,-1,3,40,2,1,2,16:30,7,2,9
2023471367178,2023,471367178,1,2,1,1,19,4,3,0,0,0,0,0,9,5,E01021031,3,1,0.0,1.0,-1,3,70,1,1,2,12:37,4,2,9
2023010422353,2023,010422353,2,1,1,1,48,8,3,0,0,0,0,0,1,2,E01000523,-1,0,0.0,1.0,-1,6,30,1,4,1,17:30,5,2,1
2023010474506,2023,010474506,1,1,1,1,43,7,3,0,0,0,0,0,9,2,E01001653,-1,0,0.0,1.0,-1,6,30,1,1,1,16:00,6,2,9
2023201368236,2023,201368236,1,1,1,1,32,6,2,0,0,0,0,0,9,-1,-1,7,1,1.0,0.0,-1,3,40,1,4,1,21:34,2,2,9
2023221387861,2023,221387861,2,2,2,1,30,6,3,0,0,1,0,0,9,2,E01032202,3,1,0.0,1.0,-1,6,30,1,4,2,18:40,3,2,9
2023361349407,2023,361349407,2,1,1,2,55,8,2,0,0,0,0,0,9,10,E01026527,6,1,1.0,0.0,-1,6,30,1,1,1,19:45,4,2,9
2023371342574,2023,371342574,2,1,1,1,58,9,3,0,0,0,0,0,9,7,E01029871,3,1,0.0,1.0,-1,6,40,1,1,1,15:45,1,2,9
2023320390138,2023,320390138,3,1,1,2,58,9,3,0,0,0,0,0,9,3,E01026075,-1,0,0.09682,0.90318,-1,6,60,1,1,1,14:05,1,3,9
2023231367678,2023,231367678,2,1,1,1,31,6,3,0,0,0,0,0,1,5,E01031141,3,1,0.0,1.0,-1,6,30,1,1,1,08:31,5,2,1
2023552301422,2023,552301422,1,1,1,1,18,4,3,0,0,0,0,0,1,3,E01015426,-1,0,0.13292,0.86708,-1,6,30,2,4,2,06:00,2,2,1
2023991391467,2023,991391467,1,1,3,1,4,1,2,8,3,0,0,2,0,1,-1,7,1,1.0,0.0,-1,6,20,1,1,1,11:22,6,1,9
2023122301358,2023,122301358,2,1,1,1,33,6,3,0,0,0,0,0,9,6,E01025202,-1,0,0.04063,0.95937,-1,6,30,1,1,1,17:10,6,2,9
2023221303614,2023,221303614,1,1,1,2,45,7,3,0,0,0,0,0,9,6,E01032217,3,1,0.0,1.0,-1,6,30,1,1,1,11:47,2,3,9
2023041392249,2023,041392249,1,1,3,2,29,6,2,1,1,0,0,0,0,3,E01025232,7,1,1.0,0.0,-1,3,30,2,6,2,10:30,1,1,9
2023302301718,2023,302301718,2,1,1,1,17,4,3,0,0,0,0,0,1,5,E01013542,-1,0,0.07317,0.92683,-1,6,30,1,1,1,08:30,6,2,1
2023622301060,2023,622301060,2,2,1,1,28,6,3,0,0,0,0,0,3,2,W01001855,-1,0,0.05911,0.94089,-1,6,20,1,1,1,12:39,7,2,3
2023522400038,2023,522400038,1,1,1,1,20,4,3,0,0,0,0,0,4,3,E01014682,-1,0,0.04786,0.95214,-1,6,20,1,1,2,19:00,6,2,4
2023010453606,2023,010453606,1,1,3,2,7,2,2,9,6,0,0,0,0,5,E01002118,-1,0,1.0,0.0,-1,6,20,1,1,1,15:50,5,1,19
2023421354435,2023,421354435,1,2,3,2,15,3,3,5,1,0,0,0,0,9,E01022082,3,1,0.0,1.0,-1,6,30,1,1,1,08:29,4,1,9
2023201290722,2023,201290722,2,3,2,2,35,6,3,0,0,1,0,0,9,1,E01009756,3,1,0.0,1.0,-1,3,30,1,1,1,09:57,6,4,9
2023421361015,2023,421361015,2,1,1,2,17,4,3,0,0,0,0,0,9,9,E01021949,3,1,0.0,1.0,-1,6,30,1,1,1,08:15,4,2,9
2023501320976,2023,501320976,2,1,1,1,39,7,3,0,0,0,0,0,9,5,E01020324,3,1,0.0,1.0,-1,6,60,1,1,1,18:00,4,2,9
2023544077723,2023,544077723,1,1,3,2,13,3,3,5,4,0,0,0,0,-1,-1,-1,0,0.09741,0.90259,-1,6,30,1,1,1,15:51,5,1,9
2023010455496,2023,010455496,1,1,1,1,42,7,3,0,0,0,0,0,3,2,E01003190,-1,0,0.0,1.0,-1,6,20,1,1,1,13:36,1,2,3
2023010444337,2023,010444337,1,1,1,1,18,4,2,0,0,0,0,0,9,5,E01002682,-1,0,1.0,0.0,-1,6,20,1,4,1,23:53,1,3,9
2023141337653,2023,141337653,1,1,1,1,51,8,3,0,0,0,0,0,9,-1,-1,3,1,0.0,1.0,-1,1,30,1,1,1,15:30,3,2,9
2023531372312,2023,531372312,1,2,1,2,23,5,3,0,0,0,0,0,9,1,E01009611,3,1,0.0,1.0,-1,3,50,1,4,1,18:24,4,2,9
2023010430338,2023,010430338,1,1,2,1,23,5,3,0,0,2,0,0,8,3,E01001141,-1,0,0.0,1.0,-1,6,30,1,4,1,05:31,7,2,8
2023010455056,2023,010455056,1,1,1,1,57,9,3,0,0,0,0,0,8,6,E01001184,-1,0,0.0,1.0,-1,6,20,8,1,1,16:55,3,2,8
2023351321599,2023,351321599,1,1,1,1,25,5,3,0,0,0,0,0,9,4,E01018044,3,1,0.0,1.0,-1,6,30,1,1,1,17:12,6,2,9
2023101274116,2023,101274116,1,1,3,1,71,10,2,5,1,0,0,1,0,3,E01008506,6,1,1.0,0.0,-1,6,30,1,1,1,13:46,4,2,90
2023302300190,2023,302300190,1,2,2,1,83,11,3,0,0,1,0,0,9,7,E01019771,-1,0,0.18412,0.81588,-1,6,50,4,1,2,15:10,4,1,9
2023361361790,2023,361361790,1,1,2,1,72,10,2,0,0,1,0,0,9,5,E01032526,7,1,1.0,0.0,-1,6,50,1,1,1,17:10,3,2,9