collision_index,collision_year,collision_ref_no,vehicle_reference,casualty_reference,casualty_class,sex_of_casualty,age_of_casualty,age_band_of_casualty,casualty_severity,pedestrian_location,pedestrian_movement,car_passenger,bus_or_coach_passenger,pedestrian_road_maintenance_worker,casualty_type,casualty_imd_decile,lsoa_of_casualty,enhanced_casualty_severity,casualty_injury_based,casualty_adjusted_severity_serious,casualty_adjusted_severity_slight,casualty_distance_banding,road_type,speed_limit,weather_conditions,light_conditions,road_surface_conditions,time,day_of_week,number_of_vehicles,vehicle_type
2023461288814,2023,461288814,1,1,1,1,15,3,3,0,0,0,0,0,1,3,E01024717,3,1,0.0,1.0,-1,6,30,1,4,1,23:20,6,1,1
2023061287222,2023,061287222,1,1,3,1,76,11,1,1,3,0,0,0,0,6,E01005007,1,1,0.0,0.0,-1,7,30,1,1,2,13:27,4,1,21
2023471354004,2023,471354004,1,1,3,2,17,4,3,10,1,0,0,0,0,3,E01031787,3,1,0.0,1.0,-1,6,30,1,1,1,16:50,5,1,9
2023010442113,2023,010442113,1,1,1,1,34,6,3,0,0,0,0,0,8,2,E01000129,-1,0,0.0,1.0,-1,6,20,8,1,1,08:48,4,2,8
2023531329763,2023,531329763,1,1,3,1,34,6,3,8,5,0,0,0,0,2,E01015720,3,1,0.0,1.0,-1,6,60,1,1,1,16:48,7,1,9
2023041313074,2023,041313074,1,1,1,1,28,6,3,0,0,0,0,0,9,3,E01025087,3,1,0.0,1.0,-1,3,70,1,1,1,15:32,2,2,9
2023141275143,2023,141275143,1,1,1,1,34,6,3,0,0,0,0,0,9,-1,-1,3,1,0.0,1.0,-1,6,30,1,4,1,02:26,7,2,9
2023622300093,2023,622300093,1,1,1,2,47,8,3,0,0,0,0,0,9,2,W01001942,-1,0,0.03572,0.96428,-1,6,20,1,4,1,18:47,3,1,9
2023010419766,2023,010419766,2,1,1,1,34,6,3,0,0,0,0,0,1,8,E01002008,-1,0,0.0,1.0,-1,6,20,1,1,1,12:15,5,2,1
2023440207885,2023,440207885,1,1,1,1,33,6,3,0,0,0,0,0,1,5,E01017024,-1,0,0.09305,0.90695,-1,6,30,1,1,1,19:05,5,2,1
2023201344947,2023,201344947,1,1,1,2,46,8,3,0,0,0,0,0,9,1,E01010483,3,1,0.0,1.0,-1,3,40,1,1,1,07:26,1,2,9
2023010486542,2023,010486542,1,1,2,2,62,9,3,0,0,0,4,0,11,4,E01001325,-1,0,0.0,1.0,-1,2,30,1,1,1,15:30,6,1,11
2023010474416,2023,010474416,1,1,1,2,25,5,3,0,0,0,0,0,9,2,E01000013,-1,0,0.0,1.0,-1,3,40,1,1,1,04:15,6,2,9
2023010474640,2023,010474640,1,1,1,1,29,6,3,0,0,0,0,0,9,3,E01000577,-1,0,0.0,1.0,-1,6,20,1,4,2,03:35,1,1,9
2023010483424,2023,010483424,1,1,1,1,29,6,3,0,0,0,0,0,19,2,E01002505,-1,0,0.0,1.0,-1,6,30,1,1,1,14:45,2,2,19
2023041319311,2023,041319311,2,1,1,1,59,9,3,0,0,0,0,0,9,2,E01033680,3,1,0.0,1.0,-1,6,30,9,1,-1,15:15,5,2,9
2023201379372,2023,201379372,2,2,1,1,-1,-1,3,0,0,0,0,0,-1,-1,-1,3,1,0.0,1.0,-1,6,30,1,1,2,15:30,6,3,-1
2023501294844,2023,501294844,1,1,1,1,26,6,2,0,0,0,0,0,9,5,E01032770,7,1,1.0,0.0,-1,6,40,1,1,1,16:12,7,3,9
2023211385472,2023,211385472,1,2,1,1,44,7,1,0,0,0,0,0,9,1,E01014218,1,1,0.0,0.0,-1,6,30,2,4,2,07:00,7,2,9
2023302301390,2023,302301390,1,1,1,1,28,6,3,0,0,0,0,0,9,2,E01013483,-1,0,0.13279,0.86721,-1,6,60,1,6,1,22:15,5,1,9
2023991333498,2023,991333498,1,3,2,2,17,4,2,0,0,2,0,0,9,-1,-1,5,1,1.0,0.0,-1,3,40,1,1,2,04:55,4,1,9
2023141346235,2023,141346235,1,1,1,1,30,6,3,0,0,0,0,0,9,5,E01008139,3,1,0.0,1.0,-1,6,30,1,4,1,21:15,1,2,9
2023371391485,2023,371391485,2,2,1,1,42,7,3,0,0,0,0,0,9,1,E01030018,3,1,0.0,1.0,-1,6,30,1,1,1,06:49,5,2,9
2023411340095,2023,411340095,1,1,1,1,80,11,2,0,0,0,0,0,9,6,E01023927,5,1,1.0,0.0,-1,6,50,1,1,1,19:45,4,3,9
2023430270542,2023,430270542,1,4,1,1,18,4,2,0,0,0,0,0,9,10,E01028745,-1,0,1.0,0.0,-1,6,30,1,6,1,00:13,3,1,9
2023461282137,2023,461282137,1,1,1,1,46,8,3,0,0,0,0,0,19,5,E01024138,3,1,0.0,1.0,-1,3,70,1,7,2,16:25,6,2,19
2023522400046,2023,522400046,2,1,1,2,24,5,3,0,0,0,0,0,1,6,E01014670,-1,0,0.08232,0.91768,-1,6,20,1,1,1,18:51,3,2,1
2023041277970,2023,041277970,3,3,1,1,28,6,3,0,0,0,0,0,97,2,E01012745,3,1,0.0,1.0,-1,6,30,1,1,2,16:39,6,3,97
2023010466496,2023,010466496,1,1,3,2,33,6,3,10,9,0,0,0,0,6,E01016075,-1,0,0.0,1.0,-1,9,30,8,1,1,13:10,7,1,9
2023430270924,2023,430270924,2,2,1,2,38,7,3,0,0,0,0,0,9,10,E01028622,-1,0,0.07404,0.92596,-1,6,60,2,1,2,09:07,3,2,9
2023122301040,2023,122301040,1,1,1,2,52,8,3,0,0,0,0,0,9,7,E01011511,-1,0,0.01939,0.98061,-1,6,30,1,1,1,12:02,5,2,9
2023421356629,2023,421356629,2,1,1,2,76,11,3,0,0,0,0,0,9,10,E01016085,3,1,0.0,1.0,-1,3,70,1,1,1,17:20,3,2,9
2023451365595,2023,451365595,1,1,1,2,18,4,3,0,0,0,0,0,9,5,E01030482,3,1,0.0,1.0,-1,6,30,1,1,2,17:55,7,2,9
2023471311594,2023,471311594,1,2,2,2,38,7,3,0,0,2,0,0,9,6,E01021110,3,1,0.0,1.0,-1,6,30,1,4,1,23:20,5,2,9
2023201310346,2023,201310346,1,1,3,2,13,3,3,5,2,0,0,0,0,6,E01031282,3,1,0.0,1.0,-1,6,30,1,4,1,16:56,6,1,9
2023411376528,2023,411376528,2,1,1,1,47,8,2,0,0,0,0,0,1,6,E01023927,7,1,1.0,0.0,-1,6,30,1,1,1,15:58,6,2,1
2023010456980,2023,010456980,1,1,1,1,36,7,3,0,0,0,0,0,9,2,E01000075,-1,0,0.0,1.0,-1,6,30,8,4,1,23:30,1,2,9
2023411335732,2023,411335732,1,1,2,2,45,7,3,0,0,1,0,0,9,10,E01023735,3,1,0.0,1.0,-1,6,60,1,6,1,22:14,5,2,9
2023430301142,2023,430301142,2,2,1,2,21,5,3,0,0,0,0,0,9,10,E01016253,-1,0,0.05641,0.94359,-1,6,30,1,1,1,19:30,5,2,9
2023461379288,2023,461379288,1,2,1,2,23,5,3,0,0,0,0,0,9,-1,-1,3,1,0.0,1.0,-1,6,60,1,5,2,22:00,7,1,9
2023451281954,2023,451281954,2,1,1,1,17,4,3,0,0,0,0,0,3,10,E01031002,3,1,0.0,1.0,-1,1,30,1,1,1,13:10,4,2,3
2023451278523,2023,451278523,1,1,3,1,71,10,2,5,1,0,0,0,0,8,E01030846,7,1,1.0,0.0,-1,6,30,1,1,1,17:05,2,1,9
2023522300885,2023,522300885,1,1,3,1,38,7,3,4,3,0,0,0,0,10,W01001956,-1,0,0.04046,0.95954,-1,3,20,9,1,1,07:52,7,1,9
2023461345302,2023,461345302,2,1,1,1,32,6,3,0,0,0,0,0,9,4,E01016072,3,1,0.0,1.0,-1,6,30,1,1,1,20:20,1,2,9
2023411354812,2023,411354812,1,1,1,1,26,6,3,0,0,0,0,0,19,5,E01017706,3,1,0.0,1.0,-1,3,70,1,1,1,06:44,5,1,19
2023320122892,2023,320122892,1,5,1,1,35,6,2,0,0,0,0,0,9,6,E01026147,-1,0,1.0,0.0,-1,6,50,1,6,1,06:15,2,2,9
2023371316236,2023,371316236,2,2,2,2,27,6,3,0,0,1,0,0,9,5,E01033446,3,1,0.0,1.0,-1,6,40,1,6,2,19:15,6,2,9
2023010442963,2023,010442963,1,1,3,2,16,4,3,4,1,0,0,0,0,4,E01003133,-1,0,0.0,1.0,-1,2,30,1,1,1,14:18,1,1,9
2023010457322,2023,010457322,1,1,3,1,28,6,2,1,3,0,0,0,0,3,E01001804,-1,0,1.0,0.0,-1,3,20,1,1,1,11:40,4,1,19
2023221291783,2023,221291783,1,1,3,1,35,6,3,9,5,0,0,0,0,6,E01010519,3,1,0.0,1.0,-1,6,30,1,4,1,01:25,5,2,9
2023052300340,2023,052300340,2,1,1,1,15,3,2,0,0,0,0,0,1,6,E01006472,-1,0,1.0,0.0,-1,6,30,1,4,1,20:00,5,2,1
2023101287965,2023,101287965,2,2,1,2,49,8,3,0,0,0,0,0,9,3,E01032648,3,1,0.0,1.0,-1,3,70,1,1,1,13:15,6,2,9
2023201415178,2023,201415178,2,2,1,1,28,6,2,0,0,0,0,0,9,1,E01010342,6,1,1.0,0.0,-1,6,30,1,1,1,11:15,3,2,9
2023461363616,2023,461363616,1,1,1,1,77,11,2,0,0,0,0,0,9,2,E01016068,5,1,1.0,0.0,-1,6,30,1,1,1,10:20,6,4,9
2023520401055,2023,520401055,2,2,1,1,28,6,2,0,0,0,0,0,9,5,E01019886,-1,0,1.0,0.0,-1,6,20,2,1,2,14:10,4,2,9
202360A150971,2023,60A150971,1,1,1,2,20,4,3,0,0,0,0,0,9,-1,-1,-1,0,0.06325,0.93675,-1,6,30,5,1,2,09:00,2,2,9
2023440322824,2023,440322824,1,1,1,1,48,8,2,0,0,0,0,0,5,5,E01017321,-1,0,1.0,0.0,-1,6,60,1,1,2,17:23,5,1,5
2023010455577,2023,010455577,1,1,1,2,37,7,3,0,0,0,0,0,90,1,E01021302,-1,0,0.0,1.0,-1,7,30,8,4,2,03:40,2,1,90
2023010465700,2023,010465700,1,1,3,1,45,7,3,5,9,0,0,0,0,3,E01003688,-1,0,0.0,1.0,-1,6,30,9,1,9,20:00,3,1,9
2023131357787,2023,131357787,2,1,1,1,17,4,2,0,0,0,0,0,3,8,E01013073,7,1,1.0,0.0,-1,6,30,1,1,1,18:14,6,2,3
2023991387089,2023,991387089,2,1,1,1,39,7,3,0,0,0,0,0,3,-1,-1,3,1,0.0,1.0,-1,6,30,1,1,1,12:15,3,2,3
2023010425943,2023,010425943,2,4,1,1,18,4,3,0,0,0,0,0,4,2,E01004394,-1,0,0.0,1.0,-1,6,30,8,4,1,19:40,3,2,4
2023421317611,2023,421317611,1,2,1,2,74,10,3,0,0,0,0,0,9,9,E01019946,3,1,0.0,1.0,-1,6,50,1,1,1,11:21,2,2,9
2023461382711,2023,461382711,2,1,2,2,53,8,3,0,0,2,0,0,9,3,E01024047,3,1,0.0,1.0,-1,6,30,1,4,2,18:40,5,2,9
2023471316945,2023,471316945,1,1,1,2,67,10,3,0,0,0,0,0,9,9,E01030875,3,1,0.0,1.0,-1,6,40,1,1,1,14:15,6,3,9
2023061388790,2023,061388790,2,4,2,1,29,6,3,0,0,1,0,0,19,-1,-1,3,1,0.0,1.0,-1,6,40,1,1,1,16:10,6,3,19
2023010472969,2023,010472969,1,1,3,1,25,5,3,8,2,0,0,0,0,3,E01002413,-1,0,0.0,1.0,-1,6,30,2,4,2,20:50,5,1,9
2023061341731,2023,061341731,2,1,1,2,19,4,3,0,0,0,0,0,9,10,E01019727,3,1,0.0,1.0,-1,6,30,1,1,1,19:00,4,2,9
2023461337029,2023,461337029,3,3,2,2,74,10,3,0,0,2,0,0,9,7,E01024737,3,1,0.0,1.0,-1,6,30,1,1,1,12:10,4,3,9
202363C010023,2023,63C010023,1,1,1,1,32,6,3,0,0,0,0,0,9,4,W01000586,-1,0,0.12945,0.87055,-1,6,60,1,1,1,13:25,5,3,9
2023361393766,2023,361393766,1,1,1,1,-1,-1,3,0,0,0,0,0,1,-1,-1,3,1,0.0,1.0,-1,6,30,1,1,1,13:53,5,2,1
2023211369237,2023,211369237,1,1,1,1,49,8,3,0,0,0,0,0,98,6,E01029708,3,1,0.0,1.0,-1,6,40,1,1,1,12:10,5,2,98
2023421359140,2023,421359140,2,3,2,1,16,4,3,0,0,2,0,0,9,6,E01021772,3,1,0.0,1.0,-1,6,30,1,4,2,20:10,6,2,9
202360A141707,2023,60A141707,2,2,2,2,60,9,3,0,0,1,0,0,9,-1,-1,-1,0,0.07706,0.92294,-1,3,70,1,1,1,11:20,1,3,9
202363D034023,2023,63D034023,1,1,2,1,19,4,3,0,0,1,0,0,9,-1,-1,-1,0,0.12705,0.87295,-1,6,60,1,1,1,18:27,4,1,9
2023631341120,2023,631341120,1,6,3,1,46,8,2,10,9,0,0,0,0,3,W01001045,5,1,1.0,0.0,-1,6,30,4,6,1,22:39,7,1,9
2023161394217,2023,161394217,1,1,1,1,15,3,2,0,0,0,0,0,1,3,E01013238,7,1,1.0,0.0,-1,6,30,1,4,1,20:49,1,2,1
2023501361439,2023,501361439,2,1,1,1,58,9,3,0,0,0,0,0,1,9,E01015118,3,1,0.0,1.0,-1,6,40,1,1,1,13:23,2,2,1
2023101351267,2023,101351267,1,3,1,1,55,8,3,0,0,0,0,0,8,2,E01027493,3,1,0.0,1.0,-1,6,60,2,1,2,08:10,2,2,8
2023221310196,2023,221310196,1,3,2,1,18,4,3,0,0,1,0,0,9,-1,-1,3,1,0.0,1.0,-1,7,40,1,1,1,15:32,2,4,9
2023545615523,2023,545615523,3,1,2,2,47,8,3,0,0,2,0,0,9,10,E01031578,-1,0,0.01794,0.98206,-1,6,60,1,1,1,16:14,2,3,9
2023041327161,2023,041327161,1,1,1,1,23,5,2,0,0,0,0,0,19,-1,-1,5,1,1.0,0.0,-1,6,60,1,1,1,19:20,6,1,19
2023201285277,2023,201285277,1,1,3,1,55,8,3,6,9,0,0,1,0,2,E01010017,3,1,0.0,1.0,-1,6,30,1,1,2,07:45,3,1,9
2023991321369,2023,991321369,1,1,3,1,8,2,3,5,2,0,0,2,0,-1,-1,3,1,0.0,1.0,-1,6,30,1,1,1,08:35,6,2,9
2023451422818,2023,451422818,2,3,1,1,15,3,2,0,0,0,0,0,1,10,E01030798,7,1,1.0,0.0,-1,6,40,1,4,1,16:40,3,2,1
2023122300503,2023,122300503,2,1,1,1,66,10,3,0,0,0,0,0,4,-1,-1,-1,0,0.22337,0.77663,-1,6,60,1,1,1,15:20,5,2,4
2023161294151,2023,161294151,1,1,1,1,42,7,2,0,0,0,0,0,5,1,E01012854,6,1,1.0,0.0,-1,6,30,1,1,1,14:20,3,2,5
2023141293007,2023,141293007,2,1,1,1,9,2,2,0,0,0,0,0,1,3,E01007433,7,1,1.0,0.0,-1,2,30,1,1,1,17:06,1,2,1
2023010440372,2023,010440372,1,1,1,2,36,7,3,0,0,0,0,0,9,4,E01001939,-1,0,0.0,1.0,-1,6,20,1,1,1,17:50,7,2,9
2023421293623,2023,421293623,1,2,2,2,35,6,3,0,0,1,0,0,9,8,E01023321,3,1,0.0,1.0,-1,6,30,2,1,2,20:00,2,1,9
2023622301045,2023,622301045,2,2,1,1,44,7,3,0,0,0,0,0,9,1,W01001696,-1,0,0.03307,0.96693,-1,6,20,1,1,1,15:41,2,2,9
2023991297576,2023,991297576,2,1,1,1,27,6,2,0,0,0,0,0,-1,2,-1,7,1,1.0,0.0,-1,6,40,1,1,1,14:45,2,2,-1
2023221275915,2023,221275915,1,1,3,2,14,3,3,5,2,0,0,0,0,10,E01032135,3,1,0.0,1.0,-1,6,20,1,1,1,08:30,6,2,9
2023302300062,2023,302300062,1,1,3,2,-1,-1,3,9,9,0,0,0,0,6,E01013528,-1,0,0.04586,0.95414,-1,6,30,5,1,1,09:09,4,2,9
2023201392342,2023,201392342,3,2,1,2,43,7,2,0,0,0,0,0,9,-1,-1,7,1,1.0,0.0,-1,6,30,2,5,2,16:15,2,3,9
2023631318795,2023,631318795,1,2,2,2,80,11,3,0,0,1,0,0,9,-1,-1,3,1,0.0,1.0,-1,6,50,1,1,1,16:30,4,1,9
2023010482264,2023,010482264,1,2,3,2,69,10,2,5,2,0,0,0,0,7,E01003839,-1,0,1.0,0.0,-1,6,20,1,5,2,07:20,4,1,1
2023552300184,2023,552300184,1,4,2,2,11,3,3,0,0,2,0,0,9,2,E01020347,-1,0,0.03656,0.96344,-1,6,30,1,1,1,14:31,7,2,9
2023010458133,2023,010458133,1,1,1,1,57,9,3,0,0,0,0,0,19,2,E01001761,-1,0,0.0,1.0,-1,6,20,1,1,1,11:30,2,1,19
2023031359924,2023,031359924,1,1,1,2,21,5,3,0,0,0,0,0,9,3,E01019194,3,1,0.0,1.0,-1,6,60,2,6,2,19:19,5,1,9
2023101321226,2023,101321226,2,1,1,2,54,8,3,0,0,0,0,0,9,-1,-1,3,1,0.0,1.0,-1,6,30,1,1,1,13:15,3,2,9
2023411349502,2023,411349502,1,1,1,2,41,7,3,0,0,0,0,0,9,6,E01017616,3,1,0.0,1.0,-1,3,30,1,1,1,14:53,4,2,9
2023010428953,2023,010428953,1,1,3,2,11,3,3,5,9,0,0,0,0,7,E01001231,-1,0,0.0,1.0,-1,6,20,2,1,1,16:00,6,1,9
2023531322297,2023,531322297,2,1,1,2,53,8,2,0,0,0,0,0,1,6,E01022142,7,1,1.0,0.0,-1,6,50,1,1,1,13:26,7,2,1
2023430219802,2023,430219802,1,1,1,1,52,8,3,0,0,0,0,0,9,3,E01017515,-1,0,0.10154,0.89846,-1,6,60,1,1,1,16:48,6,2,9
2023520400407,2023,520400407,1,1,1,1,64,9,3,0,0,0,0,0,9,3,E01020073,-1,0,0.09428,0.90572,-1,3,70,1,1,1,15:04,2,2,9
2023531419643,2023,531419643,1,1,3,1,67,10,3,9,5,0,0,0,0,6,E01022268,3,1,0.0,1.0,-1,6,60,1,1,1,15:00,5,1,9
2023010475420,2023,010475420,1,1,1,-1,38,7,3,0,0,0,0,0,1,2,E01004403,-1,0,0.0,1.0,-1,2,20,2,7,2,06:35,5,2,1
2023320262391,2023,320262391,1,1,1,1,55,8,2,0,0,0,0,0,5,3,E01026311,-1,0,1.0,0.0,-1,6,60,1,1,1,12:50,2,3,5
2023010440909,2023,010440909,1,1,1,1,28,6,3,0,0,0,0,0,8,9,E01002988,-1,0,0.0,1.0,-1,1,30,1,1,1,14:29,4,2,8
2023131368772,2023,131368772,2,3,2,2,6,2,2,0,0,1,0,0,9,7,E01011744,6,1,1.0,0.0,-1,6,30,2,1,2,06:20,3,2,9
2023421352728,2023,421352728,2,1,2,1,7,2,3,0,0,2,0,0,9,-1,-1,3,1,0.0,1.0,-1,6,30,1,1,1,08:37,6,2,9
2023461321225,2023,461321225,1,1,1,1,20,4,3,0,0,0,0,0,9,5,E01024774,3,1,0.0,1.0,-1,6,30,1,1,2,16:20,2,2,9
2023010422403,2023,010422403,1,1,3,2,43,7,3,9,7,0,0,0,0,4,E01001182,-1,0,0.0,1.0,-1,7,20,1,4,1,20:00,5,1,19
2023010437299,2023,010437299,1,1,3,2,17,4,3,9,7,0,0,0,0,6,E01022666,-1,0,0.0,1.0,-1,6,30,1,4,1,23:25,5,1,9
2023552300547,2023,552300547,1,1,3,2,53,8,2,5,3,0,0,0,0,6,E01015402,-1,0,1.0,0.0,-1,6,30,1,1,1,09:37,3,1,9
2023440375610,2023,440375610,1,1,1,1,23,5,2,0,0,0,0,0,3,9,E01022768,-1,0,1.0,0.0,-1,6,40,1,1,1,17:28,5,2,3
2023010436373,2023,010436373,1,1,1,2,34,6,3,0,0,0,0,0,5,4,E01000472,-1,0,0.0,1.0,-1,6,20,1,1,1,18:44,6,2,5
2023481355207,2023,481355207,1,1,2,2,33,6,3,0,0,2,0,0,8,-1,-1,3,1,0.0,1.0,-1,3,20,1,4,1,02:20,1,3,8
2023141353216,2023,141353216,1,1,1,1,34,6,2,0,0,0,0,0,9,-1,-1,7,1,1.0,0.0,-1,6,30,1,4,1,00:11,1,1,9
2023471268367,2023,471268367,2,3,2,1,11,3,3,0,0,1,0,0,9,4,E01016973,3,1,0.0,1.0,-1,6,40,2,4,2,18:45,4,2,9
2023361369415,2023,361369415,2,2,1,2,48,8,3,0,0,0,0,0,9,10,E01026926,3,1,0.0,1.0,-1,6,30,2,1,2,16:23,3,2,9
2023451362884,2023,451362884,1,1,1,2,76,11,3,0,0,0,0,0,9,9,E01030673,3,1,0.0,1.0,-1,6,30,1,1,1,11:42,7,1,9
2023131374138,2023,131374138,2,2,1,1,55,8,3,0,0,0,0,0,19,1,E01011106,3,1,0.0,1.0,-1,3,70,5,4,2,18:00,2,4,19
2023351347106,2023,351347106,1,1,1,1,21,5,3,0,0,0,0,0,97,5,E01018158,3,1,0.0,1.0,-1,6,60,1,6,1,04:35,6,1,97
2023010431673,2023,010431673,3,4,1,2,34,6,3,0,0,0,0,0,9,6,E01004145,-1,0,0.0,1.0,-1,6,30,1,4,2,19:14,7,4,9
2023332301053,2023,332301053,2,5,1,1,54,8,3,0,0,0,0,0,9,4,E01001444,-1,0,0.04023,0.95977,-1,1,50,1,4,2,00:49,6,2,9
2023430364917,2023,430364917,2,1,2,1,73,10,3,0,0,1,0,0,9,-1,-1,-1,0,0.06583,0.93417,-1,6,40,1,1,1,17:11,3,2,9
2023010486124,2023,010486124,1,1,1,1,50,8,3,0,0,0,0,0,8,1,E01004285,-1,0,0.0,1.0,-1,3,30,1,4,2,08:25,4,2,8
2023501278902,2023,501278902,1,1,2,2,74,10,2,0,0,2,0,0,8,8,E01033294,6,1,1.0,0.0,-1,6,30,1,4,1,22:30,6,1,8
2023010428534,2023,010428534,1,1,1,2,50,8,3,0,0,0,0,0,9,2,E01003731,-1,0,0.0,1.0,-1,6,20,8,1,9,08:35,4,2,9
2023221351174,2023,221351174,1,3,2,2,18,4,3,0,0,2,0,0,9,4,E01014017,3,1,0.0,1.0,-1,6,30,1,1,1,18:13,5,2,9
2023622300378,2023,622300378,1,3,2,1,17,4,3,0,0,1,0,0,9,1,W01001788,-1,0,0.01916,0.98084,-1,3,30,1,1,1,14:34,7,2,9
2023161354920,2023,161354920,1,1,1,1,58,9,3,0,0,0,0,0,1,4,E01012829,3,1,0.0,1.0,-1,6,30,1,1,1,16:20,2,2,1
2023411271474,2023,411271474,2,1,1,1,56,9,3,0,0,0,0,0,9,4,E01023779,3,1,0.0,1.0,-1,1,40,1,1,2,07:44,3,2,9
2023010474523,2023,010474523,3,1,1,1,51,8,3,0,0,0,0,0,5,10,E01024344,-1,0,0.0,1.0,-1,1,50,1,1,1,13:55,7,3,5
2023041314576,2023,041314576,1,1,3,2,78,11,3,6,9,0,0,0,0,4,E01033281,3,1,0.0,1.0,-1,6,30,1,1,1,14:30,5,1,1
2023340WN7032,2023,340WN7032,1,1,3,1,74,10,3,5,4,0,0,0,0,-1,-1,-1,0,0.22806,0.77194,-1,6,30,1,4,2,16:35,6,1,9
2023430414953,2023,430414953,3,4,1,1,31,6,3,0,0,0,0,0,19,2,E01032941,-1,0,0.03363,0.96637,-1,6,50,1,1,1,16:57,6,3,19
2023041342633,2023,041342633,2,1,1,2,52,8,3,0,0,0,0,0,9,5,E01025013,3,1,0.0,1.0,-1,6,50,1,1,1,15:17,2,2,9
2023320375082,2023,320375082,1,1,1,2,51,8,3,0,0,0,0,0,9,4,E01026183,-1,0,0.04428,0.95572,-1,6,50,1,1,1,07:42,2,2,9
2023461386363,2023,461386363,2,1,1,2,55,8,3,0,0,0,0,0,9,1,E01024678,3,1,0.0,1.0,-1,6,30,1,4,2,17:00,4,2,9
2023471347664,2023,471347664,2,1,2,2,20,4,2,0,0,1,0,0,9,2,E01016906,7,1,1.0,0.0,-1,1,50,1,1,1,14:58,6,2,9
2023201278755,2023,201278755,2,1,1,1,35,6,3,0,0,0,0,0,1,10,E01009444,3,1,0.0,1.0,-1,3,40,1,1,1,16:04,5,2,1
2023231299201,2023,231299201,1,1,1,1,27,6,3,0,0,0,0,0,5,8,E01032146,3,1,0.0,1.0,-1,6,50,1,1,1,18:05,1,1,5
2023010475733,2023,010475733,1,1,3,1,32,6,3,5,1,0,0,0,0,3,E01004317,-1,0,0.0,1.0,-1,6,20,1,4,1,19:35,4,1,9
2023010467931,2023,010467931,1,1,3,2,36,7,2,4,1,0,0,0,0,9,E01003908,-1,0,1.0,0.0,-1,6,20,1,1,1,10:10,1,1,9
202363A030723,2023,63A030723,1,1,3,2,57,9,2,9,7,0,0,0,0,4,W01000730,-1,0,1.0,0.0,-1,6,40,1,1,1,07:45,3,1,9
2023052300546,2023,052300546,1,1,1,1,24,5,3,0,0,0,0,0,1,1,E01006691,-1,0,0.1612,0.8388,-1,6,30,1,4,1,19:10,2,2,1
2023061363500,2023,061363500,1,1,1,1,40,7,3,0,0,0,0,0,5,3,E01006061,3,1,0.0,1.0,-1,6,30,1,1,1,16:35,4,3,5
2023101260345,2023,101260345,2,2,2,1,19,4,3,0,0,-1,0,0,9,1,E01008756,3,1,0.0,1.0,-1,6,30,1,1,2,08:43,6,2,9
2023010481731,2023,010481731,1,1,3,2,15,3,3,1,3,0,0,0,0,4,E01002607,-1,0,0.0,1.0,-1,3,40,1,1,2,07:42,5,1,9
2023201400599,2023,201400599,1,1,3,2,64,9,3,4,3,0,0,0,0,-1,-1,3,1,0.0,1.0,-1,6,30,2,1,2,17:42,7,1,9
2023430275017,2023,430275017,2,1,1,2,27,6,3,0,0,0,0,0,9,3,E01016474,-1,0,0.03757,0.96243,-1,3,70,1,1,1,13:26,5,2,9
2023501292935,2023,501292935,2,1,1,2,51,8,3,0,0,0,0,0,9,4,E01020287,3,1,0.0,1.0,-1,6,60,2,1,2,12:23,7,2,9
2023211304706,2023,211304706,1,1,3,2,26,6,3,1,1,0,0,2,0,3,E01029553,3,1,0.0,1.0,-1,3,30,8,1,1,13:36,4,1,9
2023010473420,2023,010473420,1,1,1,2,57,9,3,0,0,0,0,0,3,4,E01003123,-1,0,0.0,1.0,-1,3,30,1,1,1,01:24,1,2,3
2023010484196,2023,010484196,1,1,1,-1,24,5,3,0,0,0,0,0,3,4,E01023333,-1,0,0.0,1.0,-1,6,20,9,1,9,12:30,4,2,3
2023010453649,2023,010453649,2,1,1,1,26,6,3,0,0,0,0,0,9,2,E01002078,-1,0,0.0,1.0,-1,6,20,1,4,1,22:36,5,7,9
2023010477606,2023,010477606,1,3,2,2,20,4,3,0,0,2,0,0,9,2,E01001698,-1,0,0.0,1.0,-1,6,30,2,4,2,00:30,2,2,9
2023070093570,2023,070093570,2,1,1,2,36,7,3,0,0,0,0,0,9,9,E01018383,-1,0,0.0666,0.9334,-1,6,40,1,4,1,19:49,4,2,9
2023111396599,2023,111396599,2,2,2,2,8,2,3,0,0,2,0,0,9,-1,-1,3,1,0.0,1.0,-1,6,30,1,4,1,18:01,5,2,9
2023471352187,2023,471352187,1,1,3,2,15,3,3,8,2,0,0,0,0,7,E01020986,3,1,0.0,1.0,-1,6,30,1,1,1,15:25,4,1,9
2023552300635,2023,552300635,1,1,1,2,13,3,3,0,0,0,0,0,1,5,E01015421,-1,0,0.08807,0.91193,-1,6,30,1,1,1,18:52,4,2,1
2023010463540,2023,010463540,1,1,1,1,22,5,3,0,0,0,0,0,9,4,E01003166,-1,0,0.0,1.0,-1,9,20,9,1,1,04:40,4,1,9
2023201398866,2023,201398866,1,2,2,1,36,7,3,0,0,1,0,0,9,1,E01010366,3,1,0.0,1.0,-1,6,30,2,4,2,02:30,1,1,9
2023070601721,2023,070601721,1,1,3,1,9,2,2,9,9,0,0,0,0,8,E01018391,-1,0,1.0,0.0,-1,6,30,1,1,1,17:00,3,1,9
2023320141850,2023,320141850,1,1,3,2,51,8,3,5,1,0,0,0,0,3,E01026323,-1,0,0.14108,0.85892,-1,6,30,1,1,2,10:30,3,1,9