collision_index,collision_year,collision_ref_no,vehicle_reference,casualty_reference,casualty_class,sex_of_casualty,age_of_casualty,age_band_of_casualty,casualty_severity,pedestrian_location,pedestrian_movement,car_passenger,bus_or_coach_passenger,pedestrian_road_maintenance_worker,casualty_type,casualty_imd_decile,lsoa_of_casualty,enhanced_casualty_severity,casualty_injury_based,casualty_adjusted_severity_serious,casualty_adjusted_severity_slight,casualty_distance_banding,road_type,speed_limit,weather_conditions,light_conditions,road_surface_conditions,time,day_of_week,number_of_vehicles,vehicle_type
2023111302649,2023,111302649,1,1,1,1,19,4,2,0,0,0,0,0,3,1,E01020907,7,1,1.0,0.0,-1,6,60,1,1,1,19:08,2,2,3
2023522301199,2023,522301199,1,1,1,1,27,6,3,0,0,0,0,0,4,5,E01015005,-1,0,0.04252,0.95748,-1,6,20,1,1,1,15:00,1,2,4
2023141369589,2023,141369589,2,1,1,2,27,6,3,0,0,0,0,0,9,8,E01013704,3,1,0.0,1.0,-1,3,70,1,6,1,20:10,4,2,9
2023311267735,2023,311267735,2,1,1,2,78,11,2,0,0,0,0,0,22,-1,-1,6,1,1.0,0.0,-1,6,30,9,1,1,10:00,4,2,22
2023440197177,2023,440197177,1,1,1,2,51,8,2,0,0,0,0,0,9,9,E01022492,-1,0,1.0,0.0,-1,6,40,1,1,1,08:44,6,3,9
2023461343737,2023,461343737,1,1,1,1,22,5,3,0,0,0,0,0,9,2,E01024214,3,1,0.0,1.0,-1,6,30,1,4,1,21:04,3,2,9
2023451330336,2023,451330336,2,1,1,1,22,5,3,0,0,0,0,0,3,9,E01023111,3,1,0.0,1.0,-1,6,60,1,1,1,17:04,2,2,3
2023041332313,2023,041332313,2,1,1,2,45,7,3,0,0,0,0,0,9,2,E01006356,3,1,0.0,1.0,-1,6,30,8,1,1,19:48,7,2,9
2023070880662,2023,070880662,1,1,1,1,51,8,3,0,0,0,0,0,9,1,E01018311,-1,0,0.11093,0.88907,-1,6,50,1,6,2,18:29,5,2,9
2023201440200,2023,201440200,2,1,1,1,31,6,3,0,0,0,0,0,9,-1,-1,3,1,0.0,1.0,-1,6,30,1,1,1,15:16,7,3,9
2023311284642,2023,311284642,1,1,1,1,19,4,3,0,0,0,0,0,9,-1,-1,3,1,0.0,1.0,-1,3,70,3,1,2,17:05,4,3,9
2023421361813,2023,421361813,1,1,1,1,25,5,3,0,0,0,0,0,9,-1,-1,3,1,0.0,1.0,-1,1,40,1,4,1,18:11,4,2,9
2023461380681,2023,461380681,2,2,1,1,32,6,3,0,0,0,0,0,9,4,E01024387,3,1,0.0,1.0,-1,6,40,1,1,1,15:03,6,2,9
2023471334701,2023,471334701,2,1,1,1,30,6,3,0,0,0,0,0,9,2,E01020925,3,1,0.0,1.0,-1,6,30,1,1,1,09:06,6,2,9
2023122300466,2023,122300466,2,1,1,1,68,10,3,0,0,0,0,0,1,9,E01027679,-1,0,0.13319,0.86681,-1,9,30,1,1,1,10:57,2,2,1
2023991358476,2023,991358476,2,1,1,1,65,9,2,0,0,0,0,0,1,-1,-1,6,1,1.0,0.0,-1,1,30,1,1,1,10:15,2,2,1
2023010429521,2023,010429521,3,3,2,2,7,2,3,0,0,2,0,0,9,2,E01001633,-1,0,0.0,1.0,-1,3,20,1,1,1,17:14,2,3,9
2023622300452,2023,622300452,1,2,2,2,-1,-1,3,0,0,2,0,0,9,-1,-1,-1,0,0.0299,0.9701,-1,6,30,1,1,1,16:46,7,1,9
2023010428715,2023,010428715,1,1,1,1,21,5,3,0,0,0,0,0,3,1,E01002073,-1,0,0.0,1.0,-1,9,20,9,1,9,12:15,3,2,3
2023440169904,2023,440169904,2,3,1,2,28,6,2,0,0,0,0,0,9,2,E01017156,-1,0,1.0,0.0,-1,6,30,1,4,1,02:18,2,2,9
2023461289146,2023,461289146,2,1,1,2,36,7,3,0,0,0,0,0,9,4,E01024681,3,1,0.0,1.0,-1,6,30,2,1,2,15:26,6,2,9
2023351320712,2023,351320712,2,2,2,1,27,6,3,0,0,0,0,0,19,6,E01018111,3,1,0.0,1.0,-1,6,60,1,1,1,07:15,4,3,19
2023430119560,2023,430119560,1,2,2,2,68,10,3,0,0,1,0,0,9,-1,-1,-1,0,0.02144,0.97856,-1,3,70,1,1,1,14:34,6,2,9
2023211279271,2023,211279271,1,1,3,1,36,7,2,5,2,0,0,0,0,5,E01014253,5,1,1.0,0.0,-1,6,30,2,4,2,06:50,4,1,9
2023522400272,2023,522400272,1,1,1,1,30,6,3,0,0,0,0,0,3,3,E01014674,-1,0,0.02257,0.97743,-1,1,30,9,1,-1,15:00,4,2,3
2023010459618,2023,010459618,2,2,2,1,69,10,3,0,0,1,0,0,9,3,E01004217,-1,0,0.0,1.0,-1,6,20,2,4,2,22:25,3,2,9
2023010484589,2023,010484589,1,2,2,2,-1,-1,3,0,0,1,0,0,9,2,E01004305,-1,0,0.0,1.0,-1,6,20,1,4,1,17:15,1,2,9
2023010421829,2023,010421829,1,1,1,1,51,8,3,0,0,0,0,0,23,10,E01023524,-1,0,0.0,1.0,-1,6,30,1,1,1,08:40,3,2,23
2023061346280,2023,061346280,2,2,1,2,29,6,3,0,0,0,0,0,9,-1,-1,3,1,0.0,1.0,-1,3,30,1,1,1,11:40,2,2,9
2023351388183,2023,351388183,2,6,2,1,0,1,3,0,0,2,0,0,9,10,E01013215,3,1,0.0,1.0,-1,6,60,2,6,2,16:47,1,2,9
2023542102223,2023,542102223,2,2,1,1,30,6,3,0,0,0,0,0,9,4,E01032101,-1,0,0.04366,0.95634,-1,6,30,1,4,1,20:22,7,2,9
2023991333498,2023,991333498,1,4,2,2,13,3,2,0,0,2,0,0,9,-1,-1,5,1,1.0,0.0,-1,3,40,1,1,2,04:55,4,1,9
2023320049965,2023,320049965,2,3,1,1,33,6,3,0,0,0,0,0,19,1,E01015637,-1,0,0.07007,0.92993,-1,6,60,1,1,2,07:32,4,2,19
2023471297064,2023,471297064,2,1,1,2,52,8,2,0,0,0,0,0,1,6,E01031606,5,1,1.0,0.0,-1,1,50,1,1,1,17:04,7,2,1
2023610027423,2023,610027423,2,1,1,1,32,6,3,0,0,0,0,0,1,2,W01001690,-1,0,0.12052,0.87948,-1,6,30,1,1,1,12:27,5,2,1
2023471277986,2023,471277986,1,1,1,2,52,8,3,0,0,0,0,0,9,8,E01016958,3,1,0.0,1.0,-1,6,30,1,4,1,21:40,7,1,9
2023531357880,2023,531357880,1,1,1,1,42,7,3,0,0,0,0,0,9,2,E01022120,3,1,0.0,1.0,-1,6,60,1,1,1,16:23,5,2,9
2023010478747,2023,010478747,1,1,1,1,39,7,3,0,0,0,0,0,3,6,E01000584,-1,0,0.0,1.0,-1,9,30,5,1,2,09:40,7,2,3
2023070877591,2023,070877591,3,3,1,1,64,9,3,0,0,0,0,0,9,4,E01029367,-1,0,0.04809,0.95191,-1,3,70,1,4,2,23:00,4,3,9
2023010457829,2023,010457829,1,1,1,1,64,9,3,0,0,0,0,0,9,10,E01024153,-1,0,0.0,1.0,-1,6,30,1,1,1,10:30,7,2,9
2023201289709,2023,201289709,1,1,2,2,56,9,3,0,0,1,0,0,9,2,E01002310,3,1,0.0,1.0,-1,6,30,1,1,1,16:38,3,2,9
2023501325914,2023,501325914,1,1,1,2,57,9,3,0,0,0,0,0,9,5,E01010923,3,1,0.0,1.0,-1,6,60,1,1,1,18:14,2,2,9
2023010456438,2023,010456438,1,1,1,1,30,6,3,0,0,0,0,0,9,1,E01003048,-1,0,0.0,1.0,-1,9,20,1,4,1,23:45,5,2,9
2023552301164,2023,552301164,1,1,1,1,17,4,2,0,0,0,0,0,9,5,E01020389,-1,0,1.0,0.0,-1,6,40,1,6,1,22:34,6,1,9
2023421299035,2023,421299035,2,1,1,1,36,7,3,0,0,0,0,0,21,5,E01001498,3,1,0.0,1.0,-1,3,70,1,1,1,12:02,5,2,21
2023010422167,2023,010422167,2,1,1,2,8,2,3,0,0,0,0,0,1,4,E01003907,-1,0,0.0,1.0,-1,6,20,1,4,1,17:42,4,3,1
2023010475154,2023,010475154,2,1,1,1,52,8,3,0,0,0,0,0,1,4,E01004465,-1,0,0.0,1.0,-1,1,20,2,4,2,17:13,3,2,1
2023411315331,2023,411315331,2,1,1,2,49,8,2,0,0,0,0,0,9,8,E01023672,7,1,1.0,0.0,-1,1,40,2,1,2,15:11,5,2,9
2023471385047,2023,471385047,2,1,1,1,43,7,3,0,0,0,0,0,9,6,E01031777,3,1,0.0,1.0,-1,6,30,1,4,1,23:05,7,2,9
2023031361841,2023,031361841,1,1,1,1,31,6,2,0,0,0,0,0,23,4,E01019218,6,1,1.0,0.0,-1,6,30,1,4,1,21:30,4,2,23
2023461354282,2023,461354282,1,1,3,1,80,11,2,5,3,0,0,0,0,3,E01002313,7,1,1.0,0.0,-1,6,30,1,1,1,12:30,5,1,9
2023010435430,2023,010435430,1,1,1,1,39,7,3,0,0,0,0,0,3,6,E01001599,-1,0,0.0,1.0,-1,6,20,2,4,2,20:40,5,2,3
2023471290413,2023,471290413,2,1,1,2,61,9,3,0,0,0,0,0,5,6,E01021213,3,1,0.0,1.0,-1,6,40,1,1,1,13:00,7,2,5
2023131265675,2023,131265675,1,1,2,1,27,6,3,0,0,0,0,0,9,4,E01010763,3,1,0.0,1.0,-1,9,30,1,7,2,21:20,4,2,9
2023201267809,2023,201267809,2,2,2,1,15,3,3,0,0,1,0,0,9,-1,-1,3,1,0.0,1.0,-1,6,30,1,1,1,13:34,2,2,9
2023440239417,2023,440239417,2,1,1,1,35,6,3,0,0,0,0,0,9,7,E01017256,-1,0,0.04506,0.95494,-1,6,30,1,1,1,17:18,6,2,9
2023501283255,2023,501283255,2,2,1,2,52,8,3,0,0,0,0,0,9,9,E01020316,3,1,0.0,1.0,-1,6,30,5,6,2,17:48,3,2,9
2023340WN1822,2023,340WN1822,1,1,3,1,19,4,2,1,1,0,0,0,0,-1,-1,-1,0,1.0,0.0,-1,3,30,1,4,1,02:43,3,1,9
2023201283885,2023,201283885,2,1,1,-1,65,9,2,0,0,0,0,0,1,-1,-1,6,1,1.0,0.0,-1,3,30,1,1,1,14:06,7,2,1
2023201276868,2023,201276868,2,3,2,2,43,7,3,0,0,2,0,0,9,5,E01009290,3,1,0.0,1.0,-1,6,30,4,4,2,01:06,1,2,9
2023461279968,2023,461279968,1,1,1,1,23,5,3,0,0,0,0,0,9,7,E01024350,3,1,0.0,1.0,-1,3,70,1,4,2,05:05,5,3,9
2023991263194,2023,991263194,1,1,2,1,20,4,2,0,0,2,0,0,9,-1,-1,7,1,1.0,0.0,-1,3,60,2,4,2,03:00,7,1,9
2023371390361,2023,371390361,1,1,1,2,57,9,2,0,0,0,0,0,20,10,E01030075,6,1,1.0,0.0,-1,6,60,1,6,2,19:30,3,2,20
2023430298819,2023,430298819,2,1,1,1,62,9,3,0,0,0,0,0,-1,3,E01028553,-1,0,0.08857,0.91143,-1,6,20,1,1,1,13:20,5,2,-1
202354B060023,2023,54B060023,2,1,1,1,15,3,3,0,0,0,0,0,1,8,E01032110,-1,0,0.0623,0.9377,-1,1,30,2,1,2,15:10,4,2,1
2023031300368,2023,031300368,2,1,1,2,77,11,2,0,0,0,0,0,9,9,E01019238,5,1,1.0,0.0,-1,6,30,1,1,1,14:41,2,2,9
2023170M11953,2023,170M11953,1,1,1,1,46,8,3,0,0,0,0,0,19,7,E01012152,-1,0,0.00939,0.99061,-1,6,20,1,1,1,08:55,3,2,19
2023010475141,2023,010475141,1,1,3,1,18,4,3,8,1,0,0,0,0,2,E01004238,-1,0,0.0,1.0,-1,6,20,1,1,2,15:25,3,1,9
2023531379311,2023,531379311,2,1,1,1,55,8,2,0,0,0,0,0,3,9,E01022422,5,1,1.0,0.0,-1,6,30,1,1,2,07:38,2,2,3
2023061314582,2023,061314582,1,1,1,1,37,7,2,0,0,0,0,0,5,2,E01006030,6,1,1.0,0.0,-1,3,50,1,1,1,17:45,6,2,5
2023340WN4302,2023,340WN4302,2,2,2,2,35,6,3,0,0,0,0,0,5,-1,-1,-1,0,0.20221,0.79779,-1,6,60,1,1,1,07:38,5,3,5
2023010466228,2023,010466228,2,1,1,2,27,6,3,0,0,0,0,0,9,4,E01000498,-1,0,0.0,1.0,-1,6,20,1,1,1,15:00,6,2,9
2023430461543,2023,430461543,1,3,2,1,17,4,3,0,0,2,0,0,9,3,E01015891,-1,0,0.07114,0.92886,-1,6,60,2,1,2,16:09,6,2,9
2023461375596,2023,461375596,1,1,1,1,59,9,3,0,0,0,0,0,9,7,E01016162,3,1,0.0,1.0,-1,3,70,1,1,1,12:10,7,1,9
2023010444701,2023,010444701,1,1,3,1,31,6,3,5,3,0,0,0,0,-1,-1,-1,0,0.0,1.0,-1,6,20,1,4,1,19:50,3,1,11
2023061349589,2023,061349589,1,1,3,1,53,8,3,1,9,0,0,0,0,3,E01006066,3,1,0.0,1.0,-1,6,30,1,1,1,12:46,3,1,19
2023131387422,2023,131387422,1,1,3,2,43,7,3,5,2,0,0,2,0,4,E01010601,3,1,0.0,1.0,-1,6,20,1,1,2,15:20,3,1,9
2023010463941,2023,010463941,2,2,1,-1,-1,-1,3,0,0,0,0,0,9,6,E01024421,-1,0,0.0,1.0,-1,9,20,7,1,1,07:40,2,2,9
2023221354514,2023,221354514,1,1,2,1,28,6,3,0,0,1,0,0,9,7,E01014070,3,1,0.0,1.0,-1,6,60,1,1,1,20:23,3,1,9
2023461353412,2023,461353412,1,1,2,2,26,6,3,0,0,1,0,0,9,1,E01016032,3,1,0.0,1.0,-1,6,30,1,1,1,15:35,6,2,9
2023471329159,2023,471329159,2,1,2,2,24,5,3,0,0,1,0,0,9,7,E01024405,3,1,0.0,1.0,-1,6,40,1,1,1,18:05,5,2,9
202360A165737,2023,60A165737,1,3,2,2,17,4,2,0,0,2,0,0,9,-1,-1,-1,0,1.0,0.0,-1,6,20,1,6,1,19:30,1,1,9
2023010468316,2023,010468316,1,1,3,2,36,7,3,6,9,0,0,0,0,5,E01002010,-1,0,0.0,1.0,-1,3,40,1,1,1,10:00,3,1,1
2023010429821,2023,010429821,1,1,1,2,21,5,3,0,0,0,0,0,1,1,E01001857,-1,0,0.0,1.0,-1,6,20,8,1,1,10:00,4,2,1
2023161360955,2023,161360955,1,1,1,1,36,7,3,0,0,0,0,0,1,1,E01013298,3,1,0.0,1.0,-1,6,30,1,4,1,18:00,4,2,1
2023010459428,2023,010459428,1,1,1,1,28,6,3,0,0,0,0,0,3,3,E01003521,-1,0,0.0,1.0,-1,1,20,1,1,1,13:00,2,2,3
2023351398927,2023,351398927,1,1,1,1,22,5,3,0,0,0,0,0,3,6,E01029907,3,1,0.0,1.0,-1,3,70,1,6,1,23:04,3,2,3
2023421341306,2023,421341306,1,1,1,1,35,6,2,0,0,0,0,0,3,5,E01021420,7,1,1.0,0.0,-1,6,30,1,1,2,07:21,2,1,3
2023332300089,2023,332300089,2,2,2,2,24,5,3,0,0,1,0,0,9,8,E01025810,-1,0,0.03729,0.96271,-1,6,50,1,6,1,18:10,6,2,9
2023451369452,2023,451369452,1,1,1,1,20,4,3,0,0,0,0,0,9,9,E01030844,3,1,0.0,1.0,-1,6,30,5,1,2,09:50,4,1,9
2023461301273,2023,461301273,1,1,2,2,76,11,3,0,0,1,0,0,9,5,E01024640,3,1,0.0,1.0,-1,6,30,1,1,2,16:17,5,2,9
2023622301013,2023,622301013,2,3,2,2,72,10,3,0,0,1,0,0,9,2,W01001064,-1,0,0.06888,0.93112,-1,6,40,1,1,1,13:17,6,2,9
2023461342559,2023,461342559,2,1,1,2,53,8,3,0,0,0,0,0,9,4,E01016074,3,1,0.0,1.0,-1,6,60,1,1,1,11:53,6,2,9
202354B998723,2023,54B998723,2,2,2,2,57,9,3,0,0,1,0,0,9,7,E01031848,-1,0,0.04718,0.95282,-1,6,60,8,1,2,07:35,2,2,9
2023010469851,2023,010469851,1,1,3,1,53,8,3,1,1,0,0,0,0,7,E01002226,-1,0,0.0,1.0,-1,6,30,1,1,1,07:58,4,1,9
2023010462698,2023,010462698,2,2,1,1,22,5,3,0,0,0,0,0,1,3,E01001003,-1,0,0.0,1.0,-1,1,30,1,1,1,15:25,1,2,1
2023430405791,2023,430405791,1,1,1,2,63,9,2,0,0,0,0,0,1,10,E01003463,-1,0,1.0,0.0,-1,6,30,1,1,1,12:30,7,2,1
2023991362810,2023,991362810,2,1,1,2,66,10,3,0,0,0,0,0,1,5,-1,3,1,0.0,1.0,-1,1,40,1,1,1,08:15,7,2,1
2023451351013,2023,451351013,1,1,1,2,26,6,3,0,0,0,0,0,9,8,E01003471,3,1,0.0,1.0,-1,6,30,1,4,1,20:50,1,2,9
2023320400011,2023,320400011,1,1,1,2,28,6,3,0,0,0,0,0,9,1,E01007791,-1,0,0.06974,0.93026,-1,3,70,1,1,1,11:42,5,1,9
2023061282244,2023,061282244,2,1,1,1,23,5,2,0,0,0,0,0,3,5,E01005700,6,1,1.0,0.0,-1,6,30,1,4,1,18:00,6,2,3
2023010444736,2023,010444736,1,1,1,1,34,6,3,0,0,0,0,0,9,-1,-1,-1,0,0.0,1.0,-1,6,30,1,4,1,23:30,3,2,9
2023010473523,2023,010473523,1,1,1,2,47,8,3,0,0,0,0,0,9,1,E01004088,-1,0,0.0,1.0,-1,7,30,1,1,1,11:30,1,2,9
2023351318893,2023,351318893,2,1,1,2,50,8,3,0,0,0,0,0,1,7,E01018002,3,1,0.0,1.0,-1,1,20,1,1,-1,08:15,2,2,1
2023131325577,2023,131325577,2,1,1,1,29,6,2,0,0,0,0,0,5,2,E01032492,7,1,1.0,0.0,-1,6,30,1,1,1,06:55,3,2,5
2023421288806,2023,421288806,2,1,1,2,43,7,3,0,0,0,0,0,16,7,E01021538,3,1,0.0,1.0,-1,6,60,2,1,2,07:50,6,2,16
2023351301919,2023,351301919,1,1,1,1,41,7,2,0,0,0,0,0,1,5,E01017991,6,1,1.0,0.0,-1,6,30,2,1,2,08:42,6,2,1
2023480420387,2023,480420387,2,1,1,1,37,7,3,0,0,0,0,0,1,-1,-1,-1,0,0.04356,0.95644,-1,6,20,1,1,1,12:00,2,2,1
2023010474559,2023,010474559,1,1,1,1,25,5,3,0,0,0,0,0,3,6,E01001258,-1,0,0.0,1.0,-1,6,20,2,1,2,15:40,7,3,3
2023010483464,2023,010483464,2,1,1,1,41,7,2,0,0,0,0,0,3,1,E01033455,-1,0,1.0,0.0,-1,6,30,1,1,1,15:41,2,2,3
2023010473074,2023,010473074,1,1,1,1,46,8,3,0,0,0,0,0,9,2,E01001339,-1,0,0.0,1.0,-1,6,20,2,1,2,08:02,6,2,9
2023041359985,2023,041359985,2,4,2,1,36,7,3,0,0,2,0,0,9,1,E01014287,3,1,0.0,1.0,-1,3,70,2,4,2,23:35,5,2,9
2023302300127,2023,302300127,1,1,1,1,30,6,3,0,0,0,0,0,9,5,E01013518,-1,0,0.05038,0.94962,-1,3,40,7,1,4,11:07,6,2,9
2023451288789,2023,451288789,2,2,2,1,7,2,3,0,0,2,0,0,9,8,E01030708,3,1,0.0,1.0,-1,3,40,2,4,2,17:54,2,2,9
2023522400061,2023,522400061,1,1,3,2,24,5,3,1,9,0,0,0,0,1,E01014726,-1,0,0.02796,0.97204,-1,6,20,1,1,1,18:35,5,1,8
2023461273430,2023,461273430,1,2,2,1,24,5,3,0,0,1,0,0,9,9,E01031315,3,1,0.0,1.0,-1,6,40,1,7,1,17:52,5,1,9
2023061264686,2023,061264686,2,1,1,1,24,5,3,0,0,0,0,0,19,4,E01024927,3,1,0.0,1.0,-1,3,40,1,4,2,17:25,7,2,19
2023361265341,2023,361265341,1,1,3,1,39,7,3,5,9,0,0,2,0,4,E01026705,3,1,0.0,1.0,-1,6,30,1,1,2,13:15,7,1,9
2023201382231,2023,201382231,2,1,1,1,56,9,3,0,0,0,0,0,1,-1,-1,3,1,0.0,1.0,-1,3,30,1,1,1,06:20,5,2,1
2023161267141,2023,161267141,1,1,1,2,51,8,3,0,0,0,0,0,5,10,E01012972,3,1,0.0,1.0,-1,1,60,1,1,2,13:05,2,1,5
2023231321929,2023,231321929,1,1,1,1,60,9,3,0,0,0,0,0,9,3,E01009655,3,1,0.0,1.0,-1,6,30,1,1,1,10:39,4,2,9
2023052301986,2023,052301986,1,1,2,1,16,4,3,0,0,0,2,0,11,1,E01006658,-1,0,0.10624,0.89376,-1,6,30,1,4,1,21:30,7,1,11
2023201384226,2023,201384226,1,1,3,2,39,7,3,6,9,0,0,2,0,5,E01031163,3,1,0.0,1.0,-1,6,30,9,1,1,14:51,4,1,9
2023991262210,2023,991262210,1,1,3,1,31,6,2,9,5,0,0,0,0,2,-1,7,1,1.0,0.0,-1,6,20,2,1,2,15:25,4,1,9
2023010468931,2023,010468931,2,1,1,1,22,5,3,0,0,0,0,0,1,2,E01003557,-1,0,0.0,1.0,-1,6,20,1,1,1,11:05,6,2,1
2023052300715,2023,052300715,2,1,1,1,13,3,3,0,0,0,0,0,1,1,E01007209,-1,0,0.0638,0.9362,-1,6,30,2,1,2,08:30,3,2,1
2023010481048,2023,010481048,1,1,1,1,28,6,3,0,0,0,0,0,3,5,E01016577,-1,0,0.0,1.0,-1,6,20,1,4,1,16:30,3,2,3
2023010435024,2023,010435024,1,1,1,1,32,6,3,0,0,0,0,0,9,3,E01001366,-1,0,0.0,1.0,-1,6,20,1,1,1,11:15,4,2,9
2023010444602,2023,010444602,1,1,1,2,36,7,3,0,0,0,0,0,9,5,E01000520,-1,0,0.0,1.0,-1,6,30,1,1,1,12:45,3,2,9
2023440083864,2023,440083864,2,1,1,1,65,9,3,0,0,0,0,0,9,10,E01023268,-1,0,0.09825,0.90175,-1,6,50,1,1,1,13:50,4,2,9
2023010475962,2023,010475962,1,1,1,1,59,9,3,0,0,0,0,0,9,6,E01000069,-1,0,0.0,1.0,-1,6,20,2,4,2,00:45,1,2,9
2023131392314,2023,131392314,1,1,1,1,27,6,3,0,0,0,0,0,9,2,E01011421,3,1,0.0,1.0,-1,3,70,5,4,2,04:20,4,1,9
2023052301978,2023,052301978,1,1,2,2,77,11,3,0,0,1,0,0,9,3,E01006533,-1,0,0.12406,0.87594,-1,6,30,1,1,1,13:05,4,1,9
2023141290640,2023,141290640,1,1,1,1,28,6,3,0,0,0,0,0,9,6,E01007787,3,1,0.0,1.0,-1,3,30,1,1,1,14:40,7,2,9
2023340NN3432,2023,340NN3432,1,1,1,1,37,7,3,0,0,0,0,0,9,7,E01027321,-1,0,0.10078,0.89922,-1,6,30,1,6,1,20:01,1,1,9
2023461330148,2023,461330148,2,1,1,1,32,6,3,0,0,0,0,0,9,5,E01024227,3,1,0.0,1.0,-1,6,30,1,1,1,19:22,7,2,9
2023461335611,2023,461335611,1,1,1,1,55,8,3,0,0,0,0,0,9,5,E01024701,3,1,0.0,1.0,-1,6,30,1,4,1,21:50,6,7,9
2023547094023,2023,547094023,2,2,2,1,17,4,3,0,0,1,0,0,9,7,E01031882,-1,0,0.01167,0.98833,-1,6,30,1,4,1,22:10,4,2,9
2023010467620,2023,010467620,1,1,3,2,75,10,2,6,9,0,0,0,0,3,E01003723,-1,0,1.0,0.0,-1,6,30,9,1,1,09:30,3,1,-1
2023131303662,2023,131303662,1,1,3,2,14,3,2,5,1,0,0,2,0,1,E01011671,5,1,1.0,0.0,-1,6,30,1,1,1,15:10,4,1,9
2023010454187,2023,010454187,1,1,1,1,15,3,2,0,0,0,0,0,1,2,E01004719,-1,0,1.0,0.0,-1,6,20,1,1,1,19:35,1,1,1
2023501381193,2023,501381193,1,1,1,1,56,9,2,0,0,0,0,0,1,10,E01015033,7,1,1.0,0.0,-1,3,30,1,1,1,07:50,3,2,1
2023052301297,2023,052301297,1,1,1,2,28,6,3,0,0,0,0,0,9,5,E01006489,-1,0,0.1078,0.8922,-1,3,30,1,1,1,05:15,1,1,9
2023631334450,2023,631334450,3,4,1,1,37,7,2,0,0,0,0,0,19,3,W01000714,6,1,1.0,0.0,-1,6,40,2,1,2,09:38,6,4,19
2023010476832,2023,010476832,2,3,2,2,-1,-1,3,0,0,0,0,0,19,5,E01001542,-1,0,0.0,1.0,-1,6,30,8,1,2,07:15,5,2,19
2023010419437,2023,010419437,1,1,3,2,62,9,2,1,1,0,0,0,0,2,E01003197,-1,0,1.0,0.0,-1,3,30,2,1,2,12:15,3,1,9
2023430537115,2023,430537115,1,1,3,1,45,7,3,9,9,0,0,0,0,-1,-1,-1,0,0.05641,0.94359,-1,6,20,1,1,1,08:20,4,1,9
2023991268609,2023,991268609,1,1,3,1,31,6,2,9,5,0,0,2,0,4,-1,5,1,1.0,0.0,-1,6,20,1,4,1,01:00,6,1,8
2023010483474,2023,010483474,2,1,1,2,65,9,2,0,0,0,0,0,1,2,E01004405,-1,0,1.0,0.0,-1,6,20,2,4,2,22:20,2,2,1
2023522400889,2023,522400889,1,1,1,1,35,6,3,0,0,0,0,0,1,8,E01014996,-1,0,0.0132,0.9868,-1,6,30,1,1,1,08:30,4,2,1
2023461327702,2023,461327702,2,1,1,2,-1,-1,3,0,0,0,0,0,-1,7,E01024035,3,1,0.0,1.0,-1,6,30,1,1,1,16:40,6,2,-1
2023320090468,2023,320090468,2,1,1,1,64,9,3,0,0,0,0,0,1,8,E01013185,-1,0,0.17252,0.82748,-1,6,40,1,1,1,11:50,1,2,1
2023010455361,2023,010455361,1,1,2,-1,-1,-1,3,0,0,1,0,0,9,2,E01000100,-1,0,0.0,1.0,-1,3,50,1,1,1,15:52,7,2,9
2023041377930,2023,041377930,2,2,1,2,32,6,3,0,0,0,0,0,9,7,E01012747,3,1,0.0,1.0,-1,3,30,1,1,1,07:58,6,2,9
2023991311557,2023,991311557,1,1,1,1,26,6,2,0,0,0,0,0,90,4,-1,7,1,1.0,0.0,-1,6,20,1,1,1,18:30,5,1,90
2023531318338,2023,531318338,1,1,1,1,32,6,3,0,0,0,0,0,97,9,E01022389,3,1,0.0,1.0,-1,6,30,1,1,1,18:55,3,2,97
2023131348200,2023,131348200,1,1,2,1,17,4,3,0,0,2,0,0,9,6,E01010590,3,1,0.0,1.0,-1,6,30,1,4,1,01:09,1,2,9
2023361305720,2023,361305720,1,2,1,1,36,7,3,0,0,0,0,0,9,9,E01026933,3,1,0.0,1.0,-1,6,60,2,1,1,10:21,4,2,9
2023401320333,2023,401320333,1,3,2,1,59,9,3,0,0,1,0,0,9,10,E01017626,3,1,0.0,1.0,-1,6,30,1,1,1,17:52,3,2,9
2023430251673,2023,430251673,1,1,1,1,76,11,3,0,0,0,0,0,9,10,E01016643,-1,0,0.08684,0.91316,-1,6,30,1,1,1,14:11,5,2,9
2023991360605,2023,991360605,1,2,2,2,64,9,3,0,0,1,0,0,9,3,-1,3,1,0.0,1.0,-1,6,60,2,6,5,21:45,7,1,9
2023010461890,2023,010461890,1,1,3,1,59,9,3,8,3,0,0,0,0,-1,-1,-1,0,0.0,1.0,-1,6,20,1,1,1,17:20,3,1,4
2023471364024,2023,471364024,1,2,1,2,29,6,3,0,0,0,0,0,9,8,E01021196,3,1,0.0,1.0,-1,6,40,1,1,1,15:16,1,3,9
2023421330861,2023,421330861,1,2,2,1,40,7,3,0,0,0,4,0,11,3,E01000099,3,1,0.0,1.0,-1,6,40,1,1,1,18:30,2,1,11
2023141305991,2023,141305991,1,1,3,2,18,4,3,7,9,0,0,0,0,-1,-1,3,1,0.0,1.0,-1,7,30,1,4,1,00:29,5,1,9
2023111354056,2023,111354056,2,1,1,1,17,4,2,0,0,0,0,0,1,7,E01020655,7,1,1.0,0.0,-1,1,30,1,4,2,23:00,7,2,1
2023201278229,2023,201278229,1,5,2,2,69,10,3,0,0,1,0,0,9,4,E01009011,3,1,0.0,1.0,-1,1,30,1,1,2,09:34,5,2,9