collision_index,collision_year,collision_ref_no,vehicle_reference,casualty_reference,casualty_class,sex_of_casualty,age_of_casualty,age_band_of_casualty,casualty_severity,pedestrian_location,pedestrian_movement,car_passenger,bus_or_coach_passenger,pedestrian_road_maintenance_worker,casualty_type,casualty_imd_decile,lsoa_of_casualty,enhanced_casualty_severity,casualty_injury_based,casualty_adjusted_severity_serious,casualty_adjusted_severity_slight,casualty_distance_banding,road_type,speed_limit,weather_conditions,light_conditions,road_surface_conditions,time,day_of_week,number_of_vehicles,vehicle_type
2023351293670,2023,351293670,2,3,2,1,34,6,3,0,0,1,0,0,9,7,E01018140,3,1,0.0,1.0,-1,6,60,2,1,2,11:23,4,2,9
2023351390433,2023,351390433,2,2,1,1,57,9,3,0,0,0,0,0,9,4,E01015621,3,1,0.0,1.0,-1,3,60,1,1,1,10:40,5,2,9
2023440516523,2023,440516523,1,1,2,2,20,4,3,0,0,2,0,0,9,-1,-1,-1,0,0.12564,0.87436,-1,6,30,2,4,2,03:34,3,1,9
2023010440872,2023,010440872,1,1,3,1,56,9,3,6,9,0,0,0,0,2,E01001008,-1,0,0.0,1.0,-1,6,30,1,1,1,10:30,4,2,11
2023411364217,2023,411364217,2,1,1,1,31,6,3,0,0,0,0,0,3,3,E01001981,3,1,0.0,1.0,-1,1,30,1,1,-1,17:40,1,2,3
2023010453506,2023,010453506,1,1,2,2,92,11,3,0,0,0,3,0,11,9,E01002512,-1,0,0.0,1.0,-1,6,30,1,1,1,11:00,5,1,11
2023010454122,2023,010454122,1,1,1,1,32,6,3,0,0,0,0,0,3,3,E01000499,-1,0,0.0,1.0,-1,6,20,8,1,1,13:00,5,2,3
2023010472894,2023,010472894,1,1,1,1,28,6,3,0,0,0,0,0,3,5,E01003415,-1,0,0.0,1.0,-1,9,20,9,1,9,13:27,4,2,3
2023211340141,2023,211340141,1,1,1,1,36,7,2,0,0,0,0,0,3,-1,-1,7,1,1.0,0.0,-1,6,30,1,1,1,17:15,4,2,3
2023041323934,2023,041323934,2,1,1,1,68,10,3,0,0,0,0,0,9,1,E01025582,3,1,0.0,1.0,-1,6,50,2,1,2,12:50,3,3,9
2023451371339,2023,451371339,1,1,1,-1,30,6,3,0,0,0,0,0,9,10,E01030367,3,1,0.0,1.0,-1,6,30,9,7,1,17:50,2,2,9
202354D309923,2023,54D309923,1,1,1,1,47,8,3,0,0,0,0,0,-1,5,E01015479,-1,0,0.14274,0.85726,-1,6,30,1,4,1,20:22,6,1,-1
2023131275791,2023,131275791,1,1,3,1,74,10,2,1,1,0,0,2,0,7,E01011416,7,1,1.0,0.0,-1,6,30,1,4,1,18:30,2,1,9
2023122300426,2023,122300426,1,2,2,1,17,4,3,0,0,1,0,0,9,8,E01013123,-1,0,0.02463,0.97537,-1,1,60,1,4,1,22:47,1,2,9
2023371363089,2023,371363089,1,1,2,2,14,3,3,0,0,1,0,0,9,6,E01024491,3,1,0.0,1.0,-1,6,60,1,1,1,17:00,6,2,9
2023201400745,2023,201400745,1,1,1,2,37,7,3,0,0,0,0,0,9,8,E01009958,3,1,0.0,1.0,-1,3,40,1,1,1,18:26,4,2,9
2023340WN2522,2023,340WN2522,2,2,1,1,26,6,3,0,0,0,0,0,9,6,E01027030,-1,0,0.09187,0.90813,-1,6,40,1,6,1,21:00,4,2,9
2023411380394,2023,411380394,2,3,2,2,17,4,3,0,0,1,0,0,9,7,E01023495,3,1,0.0,1.0,-1,6,40,1,1,1,12:10,3,2,9
2023332301114,2023,332301114,2,3,1,1,41,7,3,0,0,0,0,0,9,3,E01026142,-1,0,0.03269,0.96731,-1,3,70,1,6,1,21:14,6,2,9
2023440063359,2023,440063359,1,1,1,1,39,7,3,0,0,0,0,0,9,1,E01017245,-1,0,0.06743,0.93257,-1,6,30,1,4,1,05:49,4,2,9
2023501287020,2023,501287020,1,1,1,1,62,9,3,0,0,0,0,0,9,2,E01020280,3,1,0.0,1.0,-1,6,30,1,4,1,06:33,3,2,9
2023201293804,2023,201293804,1,3,2,1,26,6,3,0,0,-1,-1,0,-1,-1,-1,3,1,0.0,1.0,-1,3,30,1,1,1,16:00,6,2,-1
2023010485636,2023,010485636,1,1,3,2,42,7,2,4,1,0,0,0,0,7,E01016680,-1,0,1.0,0.0,-1,3,20,1,4,1,18:54,6,1,1
2023332300699,2023,332300699,1,1,3,2,27,6,3,6,9,0,0,0,0,6,E01025824,-1,0,0.01458,0.98542,-1,6,30,1,1,1,11:00,7,1,11
2023010421382,2023,010421382,1,1,1,1,40,7,3,0,0,0,0,0,4,10,E01000359,-1,0,0.0,1.0,-1,6,20,1,1,2,15:20,5,2,4
2023221323915,2023,221323915,1,1,1,1,22,5,3,0,0,0,0,0,5,5,E01032430,3,1,0.0,1.0,-1,6,40,1,1,1,12:10,4,2,5
2023211304504,2023,211304504,2,3,1,2,20,4,1,0,0,0,0,0,9,4,E01031032,1,1,0.0,0.0,-1,6,50,1,6,1,23:03,5,2,9
2023320641129,2023,320641129,1,1,1,1,75,10,3,0,0,0,0,0,9,1,E01026115,-1,0,0.12334,0.87666,-1,6,60,1,1,1,07:52,1,2,9
2023501392836,2023,501392836,2,2,1,1,24,5,3,0,0,0,0,0,9,4,E01019037,3,1,0.0,1.0,-1,6,60,5,6,2,17:27,4,4,9
2023010481485,2023,010481485,1,1,1,-1,-1,-1,3,0,0,0,0,0,3,2,E01003079,-1,0,0.0,1.0,-1,9,30,9,1,9,15:25,5,2,3
2023552300444,2023,552300444,1,1,1,1,54,8,3,0,0,0,0,0,3,3,E01015292,-1,0,0.15956,0.84044,-1,6,30,1,1,1,13:52,5,2,3
2023101364159,2023,101364159,1,1,3,2,63,9,2,1,3,0,0,0,0,10,E01008784,7,1,1.0,0.0,-1,1,30,1,1,1,09:30,3,1,-1
2023221349444,2023,221349444,1,1,3,1,15,3,3,5,2,0,0,0,0,5,E01028864,3,1,0.0,1.0,-1,6,60,1,1,1,11:35,7,1,9
2023010451067,2023,010451067,1,1,1,1,28,6,3,0,0,0,0,0,9,7,E01004585,-1,0,0.0,1.0,-1,6,30,1,1,1,19:31,6,2,9
2023461352304,2023,461352304,2,3,2,2,47,8,3,0,0,-1,0,0,9,2,E01024476,3,1,0.0,1.0,-1,3,50,1,1,1,13:40,7,2,9
2023501400244,2023,501400244,1,1,3,1,32,6,3,5,3,0,0,0,0,5,E01014530,3,1,0.0,1.0,-1,6,30,1,1,1,13:15,3,1,9
2023010472227,2023,010472227,2,1,1,2,51,8,3,0,0,0,0,0,1,3,E01001874,-1,0,0.0,1.0,-1,3,30,1,1,2,07:15,5,2,1
2023471332529,2023,471332529,1,1,1,1,25,5,2,0,0,0,0,0,3,1,E01016866,7,1,1.0,0.0,-1,6,40,1,1,1,10:42,5,2,3
2023401356150,2023,401356150,2,1,1,1,34,6,3,0,0,0,0,0,9,2,E01015794,3,1,0.0,1.0,-1,1,30,1,4,2,21:17,6,2,9
2023010474618,2023,010474618,1,1,3,1,28,6,3,1,3,0,0,0,0,2,E01003973,-1,0,0.0,1.0,-1,3,20,8,6,2,01:45,1,1,9
2023522400631,2023,522400631,1,1,3,2,21,5,2,5,1,0,0,0,0,5,E01015000,-1,0,1.0,0.0,-1,6,30,1,1,1,18:04,3,1,9
2023041318057,2023,041318057,2,1,2,2,38,7,2,0,0,1,0,0,9,1,E01012752,7,1,1.0,0.0,-1,6,30,1,1,1,16:00,7,2,9
2023161328970,2023,161328970,2,1,1,1,-1,-1,3,0,0,0,0,0,19,-1,-1,3,1,0.0,1.0,-1,6,30,1,1,1,07:42,6,2,19
2023010425976,2023,010425976,1,1,3,2,11,3,3,8,2,0,0,0,0,9,E01001926,-1,0,0.0,1.0,-1,6,20,1,1,1,16:57,3,1,9
2023361297031,2023,361297031,1,1,3,2,35,6,3,9,5,0,0,0,0,4,E01026864,3,1,0.0,1.0,-1,6,20,2,4,2,01:30,7,1,9
2023332300482,2023,332300482,2,1,1,1,43,7,2,0,0,0,0,0,1,5,E01025716,-1,0,1.0,0.0,-1,6,30,1,1,1,14:00,6,2,1
2023421380189,2023,421380189,2,1,1,1,34,6,3,0,0,0,0,0,3,6,E01002335,3,1,0.0,1.0,-1,6,30,1,4,1,21:10,7,2,3
2023320529425,2023,320529425,1,1,1,1,29,6,3,0,0,0,0,0,4,3,E01026110,-1,0,0.25368,0.74632,-1,6,60,1,1,1,17:40,6,1,4
2023010482574,2023,010482574,2,1,1,2,25,5,3,0,0,0,0,0,9,8,E01015805,-1,0,0.0,1.0,-1,3,30,2,1,2,13:45,5,2,9
2023141389819,2023,141389819,1,1,1,2,47,8,3,0,0,0,0,0,9,-1,-1,3,1,0.0,1.0,-1,6,30,1,1,2,10:10,2,2,9
2023501310159,2023,501310159,2,1,1,2,40,7,3,0,0,0,0,0,9,5,E01020339,3,1,0.0,1.0,-1,6,40,1,1,1,09:10,5,3,9
2023531300432,2023,531300432,1,1,1,1,87,11,3,0,0,0,0,0,9,10,E01013466,3,1,0.0,1.0,-1,3,70,1,1,1,15:57,6,2,9
2023371339718,2023,371339718,2,1,1,1,35,6,2,0,0,0,0,0,3,5,E01029953,7,1,1.0,0.0,-1,6,30,9,1,1,16:45,2,2,3
2023440255283,2023,440255283,1,1,1,1,25,5,2,0,0,0,0,0,3,3,E01023018,-1,0,1.0,0.0,-1,6,30,1,1,1,17:50,2,1,3
2023201297448,2023,201297448,1,1,1,1,51,8,2,0,0,0,0,0,4,2,E01010476,7,1,1.0,0.0,-1,6,40,1,1,1,11:42,2,2,4
2023440262774,2023,440262774,1,3,2,1,20,4,3,0,0,2,0,0,9,3,E01001213,-1,0,0.07515,0.92485,-1,6,30,1,1,2,08:19,7,1,9
2023501345600,2023,501345600,2,2,1,1,46,8,3,0,0,0,0,0,9,5,E01009774,3,1,0.0,1.0,-1,3,70,2,1,2,16:55,6,4,9
2023161309973,2023,161309973,1,1,2,2,31,6,3,0,0,0,4,0,11,-1,-1,3,1,0.0,1.0,-1,3,30,1,1,1,11:31,4,2,11
2023052300345,2023,052300345,2,1,1,1,58,9,2,0,0,0,0,0,22,7,E01007316,-1,0,1.0,0.0,-1,6,30,1,4,1,18:55,2,2,22
2023170M11103,2023,170M11103,2,1,1,1,10,2,2,0,0,0,0,0,1,1,E01012084,-1,0,1.0,0.0,-1,6,30,1,1,1,08:40,3,2,1
2023041316606,2023,041316606,1,3,1,2,24,5,3,0,0,0,0,0,9,7,E01006245,3,1,0.0,1.0,-1,6,60,1,1,1,14:35,2,2,9
2023340WN2482,2023,340WN2482,2,2,2,2,23,5,3,0,0,1,0,0,9,-1,-1,-1,0,0.05751,0.94249,-1,3,70,1,1,1,20:00,3,2,9
2023421359190,2023,421359190,2,1,2,1,35,6,3,0,0,1,0,0,9,3,E01021861,3,1,0.0,1.0,-1,1,30,2,1,1,19:30,3,2,9
2023010462785,2023,010462785,1,1,2,1,48,8,2,0,0,0,3,0,11,5,E01002660,-1,0,1.0,0.0,-1,6,20,1,1,1,12:40,2,1,11
2023421279027,2023,421279027,2,1,1,1,53,8,3,0,0,0,0,0,19,5,E01022051,3,1,0.0,1.0,-1,6,60,1,1,2,08:50,6,2,19
2023311319254,2023,311319254,1,1,2,1,22,5,3,0,0,1,0,0,9,-1,-1,3,1,0.0,1.0,-1,6,30,1,4,1,23:32,5,1,9
2023340NN2612,2023,340NN2612,2,1,1,1,67,10,3,0,0,0,0,0,9,4,E01027061,-1,0,0.17861,0.82139,-1,3,70,1,1,1,06:55,5,2,9
2023031279440,2023,031279440,1,1,1,2,40,7,3,0,0,0,0,0,9,2,E01025247,3,1,0.0,1.0,-1,6,40,1,1,1,16:10,4,2,9
2023201293073,2023,201293073,2,2,1,2,21,5,3,0,0,0,0,0,9,5,E01009449,3,1,0.0,1.0,-1,6,30,3,4,3,18:38,4,2,9
2023010450608,2023,010450608,1,1,3,1,44,7,3,6,9,0,0,0,0,2,E01000429,-1,0,0.0,1.0,-1,6,30,1,1,1,17:20,2,1,9
2023361311772,2023,361311772,2,1,1,1,53,8,2,0,0,0,0,0,1,5,E01026873,6,1,1.0,0.0,-1,6,60,1,1,1,14:53,4,2,1
2023631383632,2023,631383632,1,3,2,1,17,4,2,0,0,1,0,0,9,4,W01000438,7,1,1.0,0.0,-1,6,60,2,6,2,18:24,4,1,9
2023061293733,2023,061293733,1,1,3,2,6,2,3,9,9,0,0,0,0,-1,-1,3,1,0.0,1.0,-1,6,30,1,1,1,14:11,3,1,9
2023061296132,2023,061296132,1,1,3,1,45,7,3,6,9,0,0,0,0,4,E01004991,3,1,0.0,1.0,-1,6,20,1,4,1,00:48,7,1,9
2023201400618,2023,201400618,1,1,3,1,8,2,3,8,1,0,0,0,0,1,E01010084,3,1,0.0,1.0,-1,6,30,4,1,1,19:35,7,1,9
2023461264814,2023,461264814,1,1,3,2,15,3,3,4,1,0,0,0,0,8,E01024185,3,1,0.0,1.0,-1,6,30,2,5,1,17:55,6,1,9
2023131319711,2023,131319711,2,1,1,1,60,9,3,0,0,0,0,0,1,7,E01010587,3,1,0.0,1.0,-1,6,60,1,1,1,08:00,7,2,1
2023161340194,2023,161340194,2,1,1,1,6,2,3,0,0,0,0,0,1,4,E01012976,3,1,0.0,1.0,-1,6,30,1,1,1,17:15,3,2,1
2023622300963,2023,622300963,2,2,1,1,32,6,3,0,0,0,0,0,1,1,W01001856,-1,0,0.09642,0.90358,-1,3,20,1,4,2,18:29,6,2,1
2023010432716,2023,010432716,1,1,1,1,34,6,3,0,0,0,0,0,3,1,E01000521,-1,0,0.0,1.0,-1,9,30,9,1,9,17:15,4,2,3
2023061297975,2023,061297975,1,3,2,2,16,4,3,0,0,2,0,0,9,-1,-1,3,1,0.0,1.0,-1,6,20,1,4,1,20:34,1,2,9
2023631350985,2023,631350985,1,1,1,2,59,9,3,0,0,0,0,0,9,6,W01000571,3,1,0.0,1.0,-1,6,60,1,1,2,19:15,1,1,9
2023430285511,2023,430285511,1,1,3,2,14,3,2,1,4,0,0,0,0,9,E01017702,-1,0,1.0,0.0,-1,6,30,1,1,1,15:44,4,1,11
2023461366287,2023,461366287,1,2,3,1,13,3,3,1,4,0,0,0,0,10,E01024322,3,1,0.0,1.0,-1,6,30,1,1,1,08:05,2,1,3
2023010483338,2023,010483338,1,1,1,1,32,6,3,0,0,0,0,0,3,4,E01003784,-1,0,0.0,1.0,-1,7,20,1,4,1,05:40,6,2,3
2023010429499,2023,010429499,1,1,1,1,59,9,2,0,0,0,0,0,5,9,E01016133,-1,0,1.0,0.0,-1,3,30,1,1,1,16:40,2,2,5
2023141331583,2023,141331583,2,1,2,1,14,3,3,0,0,1,0,0,9,2,E01007804,3,1,0.0,1.0,-1,6,40,1,1,1,17:03,5,2,9
2023201404374,2023,201404374,1,1,1,1,55,8,3,0,0,0,0,0,9,1,E01009542,3,1,0.0,1.0,-1,6,30,1,4,1,21:21,3,2,9
2023421260873,2023,421260873,2,3,1,2,45,7,3,0,0,0,0,0,9,10,E01022587,3,1,0.0,1.0,-1,6,60,1,1,1,12:52,1,3,9
2023552300344,2023,552300344,2,1,1,1,28,6,3,0,0,0,0,0,9,3,E01033285,-1,0,0.01292,0.98708,-1,7,30,1,1,1,12:59,4,2,9
202360A041026,2023,60A041026,1,1,3,1,13,3,2,5,1,0,0,0,0,-1,-1,-1,0,1.0,0.0,-1,6,30,2,4,2,20:20,3,2,9
2023201286904,2023,201286904,1,1,1,2,54,8,3,0,0,0,0,0,9,1,E01009019,3,1,0.0,1.0,-1,6,30,2,4,2,18:15,7,2,9
2023361285659,2023,361285659,4,3,2,2,23,5,3,0,0,1,0,0,9,5,E01026770,3,1,0.0,1.0,-1,6,50,3,1,3,15:40,6,8,9
2023451390366,2023,451390366,1,1,2,1,59,9,3,0,0,1,0,0,9,9,-1,3,1,0.0,1.0,-1,1,70,1,4,2,00:06,4,2,9
2023531344484,2023,531344484,2,1,1,2,24,5,3,0,0,0,0,0,9,-1,-1,3,1,0.0,1.0,-1,6,40,1,1,1,17:30,1,2,9
2023548610023,2023,548610023,3,1,1,2,59,9,3,0,0,0,0,0,9,6,E01032004,-1,0,0.01542,0.98458,-1,6,50,1,1,1,10:45,3,4,9
2023010433664,2023,010433664,1,5,2,2,57,9,3,0,0,0,4,0,11,1,E01002074,-1,0,0.0,1.0,-1,3,30,8,4,1,20:48,4,1,11
2023070195111,2023,070195111,1,1,1,2,61,9,3,0,0,0,0,0,9,6,E01018736,-1,0,0.05426,0.94574,-1,3,70,1,1,1,11:19,3,2,9
2023421279892,2023,421279892,1,1,1,1,21,5,3,0,0,0,0,0,9,6,E01021794,3,1,0.0,1.0,-1,6,40,1,4,1,18:40,5,2,9
2023071293832,2023,071293832,2,1,1,1,23,5,3,0,0,0,0,0,9,9,E01005738,-1,0,0.01239,0.98761,-1,6,30,1,1,1,15:20,3,2,9
2023201381073,2023,201381073,1,1,1,2,35,6,3,0,0,0,0,0,9,2,E01008892,3,1,0.0,1.0,-1,6,20,1,1,1,10:34,3,5,9
2023451352409,2023,451352409,2,1,1,2,21,5,3,0,0,0,0,0,9,7,E01030943,3,1,0.0,1.0,-1,6,30,1,1,1,07:20,5,2,9
2023010483718,2023,010483718,1,1,3,1,39,7,3,6,9,0,0,0,0,5,E01004488,-1,0,0.0,1.0,-1,2,20,1,1,2,10:45,4,1,20
2023010448401,2023,010448401,1,1,1,1,44,7,3,0,0,0,0,0,9,3,E01000022,-1,0,0.0,1.0,-1,7,30,1,1,1,19:00,4,2,9
2023010469111,2023,010469111,1,1,1,1,58,9,3,0,0,0,0,0,9,6,E01032567,-1,0,0.0,1.0,-1,6,20,1,4,1,04:54,7,1,9
2023991259668,2023,991259668,1,1,2,2,19,4,3,0,0,1,0,0,9,2,-1,3,1,0.0,1.0,-1,6,30,1,1,2,08:27,4,1,9
2023991347407,2023,991347407,1,2,2,1,26,6,2,0,0,1,0,0,9,-1,-1,7,1,1.0,0.0,-1,6,40,1,1,1,20:00,1,2,9
2023010425377,2023,010425377,1,1,3,1,26,6,3,5,9,0,0,0,0,-1,-1,-1,0,0.0,1.0,-1,6,20,1,4,1,16:25,7,1,9
2023010440905,2023,010440905,1,1,1,-1,27,6,3,0,0,0,0,0,3,3,E01003819,-1,0,0.0,1.0,-1,7,30,9,1,9,15:30,7,1,3
2023010471107,2023,010471107,1,1,1,1,23,5,3,0,0,0,0,0,3,4,E01000005,-1,0,0.0,1.0,-1,6,30,1,4,1,03:00,1,2,3
2023552301540,2023,552301540,1,2,1,1,17,4,3,0,0,0,0,0,9,6,E01015402,-1,0,0.06223,0.93777,-1,6,30,1,4,1,01:03,3,2,9
2023991375924,2023,991375924,2,1,1,1,51,8,3,0,0,0,0,0,9,6,-1,3,1,0.0,1.0,-1,6,30,1,4,2,21:15,6,2,9
2023991309739,2023,991309739,1,13,2,1,19,4,3,0,0,0,4,0,11,-1,-1,3,1,0.0,1.0,-1,6,30,1,1,1,11:37,1,1,11
2023461295591,2023,461295591,1,1,3,2,17,4,3,5,1,0,0,0,0,3,E01024795,3,1,0.0,1.0,-1,1,30,4,1,1,16:30,2,1,9
2023010457947,2023,010457947,2,2,2,1,18,4,3,0,0,1,0,0,9,4,E01001165,-1,0,0.0,1.0,-1,3,20,8,4,1,03:58,1,3,9
2023122301385,2023,122301385,1,1,1,1,24,5,3,0,0,0,0,0,9,5,E01027636,-1,0,0.06865,0.93135,-1,3,70,1,1,2,11:40,5,3,9
2023340WN5662,2023,340WN5662,2,2,2,2,73,10,3,0,0,1,0,0,9,10,E01031158,-1,0,0.11137,0.88863,-1,6,50,2,6,2,18:05,4,3,9
2023430231049,2023,430231049,1,1,1,2,59,9,3,0,0,0,0,0,9,4,E01017661,-1,0,0.07252,0.92748,-1,6,60,1,1,1,08:21,6,2,9
2023440335993,2023,440335993,2,2,1,1,21,5,3,0,0,0,0,0,9,9,E01022611,-1,0,0.03467,0.96533,-1,1,30,1,1,1,20:14,7,2,9
2023610014023,2023,610014023,2,1,1,1,36,7,3,0,0,0,0,0,9,6,W01001369,-1,0,0.08381,0.91619,-1,6,40,1,1,1,10:18,6,3,9
2023320581840,2023,320581840,1,1,1,1,33,6,3,0,0,0,0,0,4,2,E01015633,-1,0,0.24855,0.75145,-1,6,40,1,6,2,20:00,2,1,4
2023041352911,2023,041352911,3,2,1,2,46,8,3,0,0,0,0,0,9,10,E01025258,3,1,0.0,1.0,-1,3,70,1,1,1,07:50,4,4,9
2023211390368,2023,211390368,2,1,2,2,22,5,3,0,0,-1,0,0,9,3,E01025950,3,1,0.0,1.0,-1,3,70,1,6,2,18:00,2,3,9
2023991331234,2023,991331234,1,2,1,2,73,10,2,0,0,0,0,0,9,-1,-1,6,1,1.0,0.0,-1,6,30,1,1,1,15:32,4,2,9
2023411354457,2023,411354457,1,1,1,1,45,7,3,0,0,0,0,0,19,-1,-1,3,1,0.0,1.0,-1,3,70,1,1,1,13:57,7,1,19
2023131286604,2023,131286604,1,1,3,1,18,4,3,5,3,0,0,2,0,6,E01010754,3,1,0.0,1.0,-1,6,30,1,1,1,08:54,3,1,9
2023141297063,2023,141297063,2,1,1,1,12,3,3,0,0,0,0,0,1,4,E01007587,3,1,0.0,1.0,-1,6,40,1,1,1,17:08,7,2,1
2023531366681,2023,531366681,2,1,1,1,27,6,3,0,0,0,0,0,1,8,E01022116,3,1,0.0,1.0,-1,6,30,1,1,1,07:37,5,2,1
2023122300643,2023,122300643,1,1,1,2,27,6,3,0,0,0,0,0,1,8,E01013403,-1,0,0.08991,0.91009,-1,6,30,1,1,1,05:50,2,2,1
2023411279337,2023,411279337,2,1,1,1,56,9,3,0,0,0,0,0,1,10,E01023586,3,1,0.0,1.0,-1,6,20,1,1,1,13:20,3,2,1
2023991375675,2023,991375675,2,1,1,1,37,7,2,0,0,0,0,0,1,5,-1,7,1,1.0,0.0,-1,7,30,1,1,2,09:25,6,2,1
2023440392870,2023,440392870,2,1,1,2,59,9,2,0,0,0,0,0,2,4,E01017081,-1,0,1.0,0.0,-1,6,30,1,1,1,12:05,3,2,2
2023622300715,2023,622300715,1,1,1,1,46,8,3,0,0,0,0,0,5,4,W01001050,-1,0,0.17861,0.82139,-1,6,50,2,1,2,18:18,3,2,5
2023131317339,2023,131317339,2,1,1,2,25,5,3,0,0,0,0,0,9,5,E01011218,3,1,0.0,1.0,-1,3,30,1,1,1,13:00,1,2,9
2023170M20333,2023,170M20333,1,1,1,2,79,11,3,0,0,0,0,0,9,7,E01012152,-1,0,0.14081,0.85919,-1,6,30,1,1,1,13:05,4,1,9
2023451318732,2023,451318732,1,1,1,1,58,9,3,0,0,0,0,0,9,2,E01004574,3,1,0.0,1.0,-1,3,30,1,1,1,18:20,4,3,9
2023010429763,2023,010429763,1,1,3,2,39,7,3,10,9,0,0,0,0,4,E01003043,-1,0,0.0,1.0,-1,6,30,9,1,1,16:50,3,1,9
2023010482801,2023,010482801,1,1,3,2,33,6,3,5,3,0,0,0,0,2,E01003063,-1,0,0.0,1.0,-1,6,20,1,4,1,10:00,6,1,9
2023131320423,2023,131320423,1,1,3,1,57,9,2,5,4,0,0,2,0,2,E01011061,7,1,1.0,0.0,-1,6,30,1,1,1,08:50,2,1,21
2023131277719,2023,131277719,1,1,1,1,19,4,3,0,0,0,0,0,9,3,E01010584,3,1,0.0,1.0,-1,6,40,1,4,1,18:35,6,2,9
2023340NN0382,2023,340NN0382,1,2,2,1,47,8,3,0,0,2,0,0,9,-1,-1,-1,0,0.11416,0.88584,-1,1,30,1,4,2,01:27,1,1,9
2023471362288,2023,471362288,1,1,1,1,39,7,3,0,0,0,0,0,9,2,E01022820,3,1,0.0,1.0,-1,6,60,1,1,1,18:10,4,1,9
2023991282957,2023,991282957,1,1,1,2,39,7,3,0,0,0,0,0,9,8,-1,3,1,0.0,1.0,-1,6,30,1,1,1,08:30,7,2,9
2023010481392,2023,010481392,1,1,3,2,-1,-1,3,4,9,0,0,0,0,-1,-1,-1,0,0.0,1.0,-1,6,30,1,1,1,16:05,6,1,9
2023010423506,2023,010423506,1,1,1,2,42,7,3,0,0,0,0,0,1,-1,-1,-1,0,0.0,1.0,-1,6,30,2,4,2,17:55,4,2,1
2023010481399,2023,010481399,2,1,1,1,48,8,3,0,0,0,0,0,1,1,E01003060,-1,0,0.0,1.0,-1,6,20,1,4,2,18:05,6,2,1
2023430091310,2023,430091310,1,1,1,2,32,6,3,0,0,0,0,0,9,5,E01030983,-1,0,0.04729,0.95271,-1,3,70,1,1,1,08:00,3,2,9
2023501297963,2023,501297963,1,1,1,2,90,11,3,0,0,0,0,0,9,7,E01023066,3,1,0.0,1.0,-1,3,70,1,1,1,13:19,2,2,9
2023501337339,2023,501337339,1,1,1,1,31,6,3,0,0,0,0,0,9,6,E01018794,3,1,0.0,1.0,-1,3,70,1,1,2,06:50,4,1,9
2023522400531,2023,522400531,1,1,1,2,42,7,3,0,0,0,0,0,9,4,E01014586,-1,0,0.00309,0.99691,-1,6,40,1,1,1,15:00,5,2,9
2023041265262,2023,041265262,3,4,2,1,49,8,3,0,0,1,0,0,9,4,E01012713,3,1,0.0,1.0,-1,3,70,8,1,4,07:30,5,3,9
2023302400008,2023,302400008,1,1,1,1,20,4,3,0,0,0,0,0,9,1,E01007779,-1,0,0.05224,0.94776,-1,6,30,8,1,2,12:14,1,4,9
2023371341173,2023,371341173,1,1,1,2,58,9,3,0,0,0,0,0,9,7,E01030224,3,1,0.0,1.0,-1,6,20,1,1,1,10:06,6,1,9
2023302300193,2023,302300193,1,1,3,1,39,7,3,6,8,0,0,0,0,9,E01013540,-1,0,0.06746,0.93254,-1,6,30,1,1,1,15:40,4,1,19
2023311308118,2023,311308118,1,1,3,1,15,3,3,8,9,0,0,0,0,2,E01013836,3,1,0.0,1.0,-1,6,30,1,1,1,15:23,3,1,9
2023010424505,2023,010424505,1,1,1,-1,-1,-1,2,0,0,0,0,0,1,-1,-1,-1,0,1.0,0.0,-1,9,20,9,1,9,09:35,5,2,1
2023111287325,2023,111287325,2,1,1,1,63,9,3,0,0,0,0,0,1,-1,-1,3,1,0.0,1.0,-1,6,30,1,1,2,14:30,6,2,1
2023351372426,2023,351372426,2,1,1,2,54,8,3,0,0,0,0,0,1,8,E01018224,3,1,0.0,1.0,-1,6,30,2,1,2,08:24,4,2,1
2023501283293,2023,501283293,1,1,1,1,20,4,3,0,0,0,0,0,3,4,E01020134,3,1,0.0,1.0,-1,6,60,1,1,1,16:58,7,1,3
2023991321357,2023,991321357,1,1,1,1,40,7,3,0,0,0,0,0,9,7,-1,3,1,0.0,1.0,-1,3,70,1,1,1,16:51,4,3,9
2023010467253,2023,010467253,1,1,1,2,43,7,3,0,0,0,0,0,1,9,E01003893,-1,0,0.0,1.0,-1,6,20,1,4,1,05:43,3,2,1
2023302301926,2023,302301926,1,1,1,1,31,6,3,0,0,0,0,0,3,5,E01013587,-1,0,0.19042,0.80958,-1,6,40,1,4,2,19:45,2,3,3
2023010471552,2023,010471552,1,1,1,1,57,9,2,0,0,0,0,0,8,4,E01003492,-1,0,1.0,0.0,-1,6,20,2,1,2,10:29,5,2,8
2023141333790,2023,141333790,1,1,1,2,53,8,3,0,0,0,0,0,9,4,E01007675,3,1,0.0,1.0,-1,6,40,2,1,2,19:07,4,3,9
2023170M11533,2023,170M11533,1,1,1,2,70,10,3,0,0,0,0,0,9,1,E01012011,-1,0,0.0248,0.9752,-1,6,30,1,1,1,15:16,5,2,9
2023421384303,2023,421384303,2,2,1,1,32,6,3,0,0,0,0,0,9,5,E01021493,3,1,0.0,1.0,-1,6,30,1,1,2,09:45,6,3,9
2023471296395,2023,471296395,2,1,1,2,57,9,3,0,0,0,0,0,9,9,E01031615,3,1,0.0,1.0,-1,6,30,1,1,2,08:35,5,3,9