collision_index,collision_year,collision_ref_no,vehicle_reference,casualty_reference,casualty_class,sex_of_casualty,age_of_casualty,age_band_of_casualty,casualty_severity,pedestrian_location,pedestrian_movement,car_passenger,bus_or_coach_passenger,pedestrian_road_maintenance_worker,casualty_type,casualty_imd_decile,lsoa_of_casualty,enhanced_casualty_severity,casualty_injury_based,casualty_adjusted_severity_serious,casualty_adjusted_severity_slight,casualty_distance_banding,road_type,speed_limit,weather_conditions,light_conditions,road_surface_conditions,time,day_of_week,number_of_vehicles,vehicle_type
2023052300426,2023,052300426,2,2,1,1,68,10,3,0,0,0,0,0,9,1,E01006562,-1,0,0.0529,0.9471,-1,6,30,1,1,1,16:45,1,2,9
2023052301602,2023,052301602,1,1,1,1,-1,-1,3,0,0,0,0,0,9,-1,-1,-1,0,0.04193,0.95807,-1,6,30,1,1,1,18:25,3,1,9
2023471302674,2023,471302674,1,1,1,1,91,11,3,0,0,0,0,0,9,8,E01031411,3,1,0.0,1.0,-1,6,60,1,1,2,12:30,2,1,9
2023302301658,2023,302301658,2,1,1,2,54,8,3,0,0,0,0,0,1,5,E01013530,-1,0,0.14407,0.85593,-1,3,30,1,1,1,11:20,2,2,1
2023201328207,2023,201328207,1,1,1,1,41,7,3,0,0,0,0,0,9,1,E01009002,3,1,0.0,1.0,-1,2,30,2,4,2,20:30,7,2,9
2023520300852,2023,520300852,1,1,1,2,26,6,3,0,0,0,0,0,9,6,E01014750,-1,0,0.00281,0.99719,-1,3,70,1,1,1,16:20,6,2,9
202360A158385,2023,60A158385,1,2,1,2,22,5,3,0,0,0,0,0,9,-1,-1,-1,0,0.1487,0.8513,-1,6,60,1,6,2,22:41,1,3,9
2023010454527,2023,010454527,2,1,1,1,20,4,3,0,0,0,0,0,1,5,E01002660,-1,0,0.0,1.0,-1,6,20,1,1,1,10:53,3,2,1
2023010471417,2023,010471417,1,1,1,1,31,6,3,0,0,0,0,0,2,2,E01000126,-1,0,0.0,1.0,-1,3,50,2,4,2,19:50,4,1,2
2023411364333,2023,411364333,2,3,3,2,70,10,2,5,1,0,0,0,0,8,E01018238,7,1,1.0,0.0,-1,6,30,1,1,1,11:10,3,3,9
2023010464890,2023,010464890,1,1,1,2,38,7,3,0,0,0,0,0,9,3,E01021273,-1,0,0.0,1.0,-1,1,30,8,4,1,23:05,6,2,9
2023041388781,2023,041388781,1,1,1,2,34,6,3,0,0,0,0,0,9,2,E01010270,3,1,0.0,1.0,-1,3,30,1,1,1,09:45,3,2,9
2023201340140,2023,201340140,2,1,1,2,46,8,3,0,0,0,0,0,9,2,E01009088,3,1,0.0,1.0,-1,3,30,1,1,1,19:00,7,2,9
2023010428058,2023,010428058,1,1,3,2,21,5,2,3,3,0,0,0,0,6,E01002479,-1,0,1.0,0.0,-1,6,30,1,5,1,18:00,1,1,9
2023010437648,2023,010437648,1,1,3,1,48,8,3,8,8,0,0,0,0,3,E01004333,-1,0,0.0,1.0,-1,2,20,1,4,1,22:47,7,1,9
2023231349930,2023,231349930,1,1,1,2,31,6,3,0,0,0,0,0,9,6,E01031144,3,1,0.0,1.0,-1,1,40,1,1,1,05:53,2,2,9
202363D034123,2023,63D034123,1,1,1,1,80,11,2,0,0,0,0,0,9,-1,-1,-1,0,1.0,0.0,-1,3,60,1,1,1,18:00,4,2,9
2023991300451,2023,991300451,1,1,1,2,62,9,3,0,0,0,0,0,9,5,-1,3,1,0.0,1.0,-1,6,60,6,6,4,15:30,2,2,9
2023991341600,2023,991341600,1,1,1,1,62,9,1,0,0,0,0,0,5,8,-1,1,1,0.0,0.0,-1,6,60,1,1,1,12:39,2,2,5
2023031391674,2023,031391674,1,1,1,2,46,8,3,0,0,0,0,0,9,-1,-1,3,1,0.0,1.0,-1,6,20,1,4,1,20:26,6,1,9
2023451360961,2023,451360961,2,2,1,1,31,6,3,0,0,0,0,0,9,7,E01030502,3,1,0.0,1.0,-1,3,30,1,1,1,08:42,2,2,9
2023991341115,2023,991341115,1,2,1,1,24,5,2,0,0,0,0,0,9,5,-1,5,1,1.0,0.0,-1,6,30,1,4,2,01:20,1,4,9
2023010430798,2023,010430798,1,1,1,1,40,7,3,0,0,0,0,0,9,1,E01033701,-1,0,0.0,1.0,-1,6,20,1,1,1,09:04,3,2,9
2023122301021,2023,122301021,2,2,1,2,68,10,3,0,0,0,0,0,9,6,E01010797,-1,0,0.07905,0.92095,-1,6,40,1,6,2,18:30,1,2,9
2023411313200,2023,411313200,1,2,2,2,54,8,3,0,0,1,0,0,9,6,E01030005,3,1,0.0,1.0,-1,1,40,1,1,1,18:10,4,2,9
2023622300719,2023,622300719,1,1,1,2,18,4,3,0,0,0,0,0,9,4,W01001175,-1,0,0.01961,0.98039,-1,6,30,1,1,1,07:29,5,2,9
2023161340806,2023,161340806,2,1,1,1,57,9,3,0,0,0,0,0,1,1,E01012761,3,1,0.0,1.0,-1,6,30,1,1,1,18:30,6,2,1
2023201279154,2023,201279154,2,2,1,2,57,9,3,0,0,0,0,0,9,3,E01009589,3,1,0.0,1.0,-1,6,30,1,7,1,17:40,4,2,9
2023411315883,2023,411315883,2,2,1,1,23,5,3,0,0,0,0,0,9,5,E01002212,3,1,0.0,1.0,-1,6,30,1,1,1,16:33,4,3,9
2023041382622,2023,041382622,1,1,1,1,38,7,3,0,0,0,0,0,1,1,E01025139,3,1,0.0,1.0,-1,6,30,5,4,2,22:05,2,2,1
2023010480158,2023,010480158,1,2,2,1,43,7,3,0,0,0,4,0,11,4,E01002592,-1,0,0.0,1.0,-1,6,20,1,4,1,17:45,7,1,11
2023031286809,2023,031286809,2,1,1,2,71,10,3,0,0,0,0,0,9,5,E01019313,3,1,0.0,1.0,-1,6,30,3,1,3,15:51,3,2,9
2023101282698,2023,101282698,2,1,1,1,19,4,3,0,0,0,0,0,9,10,E01008557,3,1,0.0,1.0,-1,3,30,1,1,1,13:50,5,2,9
2023170S40893,2023,170S40893,2,2,1,2,41,7,3,0,0,0,0,0,9,4,E01012264,-1,0,0.06557,0.93443,-1,6,50,1,1,1,19:10,2,2,9
2023332301298,2023,332301298,3,2,2,2,77,11,3,0,0,1,0,0,9,8,E01025626,-1,0,0.04155,0.95845,-1,6,30,2,4,2,16:38,6,3,9
2023061346513,2023,061346513,2,4,2,2,8,2,3,0,0,2,0,0,9,10,E01006098,3,1,0.0,1.0,-1,6,30,1,1,1,14:50,3,2,9
2023201389262,2023,201389262,2,1,1,1,36,7,3,0,0,0,0,0,9,9,E01009416,3,1,0.0,1.0,-1,6,30,2,4,2,18:45,5,2,9
2023201399845,2023,201399845,2,1,1,2,28,6,3,0,0,0,0,0,9,5,E01010165,3,1,0.0,1.0,-1,6,30,1,4,1,21:26,3,3,9
2023061367494,2023,061367494,1,1,1,1,48,8,3,0,0,0,0,0,21,4,E01026009,3,1,0.0,1.0,-1,7,40,1,4,1,05:35,5,1,21
2023440305731,2023,440305731,1,1,1,1,52,8,2,0,0,0,0,0,5,10,E01022467,-1,0,1.0,0.0,-1,6,60,1,1,1,20:23,7,1,5
2023991355127,2023,991355127,1,1,1,1,74,10,2,0,0,0,0,0,5,7,-1,5,1,1.0,0.0,-1,6,60,1,1,1,12:40,4,1,5
2023010427488,2023,010427488,1,3,3,2,68,10,2,6,9,0,0,0,0,2,E01003729,-1,0,1.0,0.0,-1,6,30,1,1,1,11:10,5,2,9
2023010421092,2023,010421092,1,1,1,1,33,6,2,0,0,0,0,0,1,2,E01003310,-1,0,1.0,0.0,-1,6,20,4,4,2,07:10,6,2,1
2023421320288,2023,421320288,2,1,1,1,75,10,2,0,0,0,0,0,3,3,E01015819,7,1,1.0,0.0,-1,6,30,1,1,1,11:48,2,2,3
2023010445707,2023,010445707,1,1,1,1,58,9,3,0,0,0,0,0,5,6,E01003228,-1,0,0.0,1.0,-1,6,30,1,1,1,13:45,1,2,5
2023430364050,2023,430364050,2,2,1,1,62,9,2,0,0,0,0,0,5,9,E01016790,-1,0,1.0,0.0,-1,6,60,1,1,1,08:27,3,2,5
2023010465316,2023,010465316,1,2,1,2,-1,-1,3,0,0,0,0,0,9,4,E01001174,-1,0,0.0,1.0,-1,2,20,1,1,1,10:52,2,2,9
2023548332823,2023,548332823,1,1,1,2,77,11,3,0,0,0,0,0,9,8,E01032077,-1,0,0.05787,0.94213,-1,6,30,1,1,1,09:56,3,3,9
2023010439623,2023,010439623,1,1,1,1,22,5,3,0,0,0,0,0,3,4,E01003739,-1,0,0.0,1.0,-1,6,20,1,1,1,16:00,3,2,3
2023501376190,2023,501376190,1,1,1,1,24,5,2,0,0,0,0,0,5,3,E01018998,5,1,1.0,0.0,-1,6,30,1,1,1,16:00,7,2,5
2023320529532,2023,320529532,2,1,2,2,33,6,3,0,0,2,0,0,9,-1,-1,-1,0,0.0168,0.9832,-1,6,30,1,1,1,06:43,2,2,9
2023411333561,2023,411333561,1,1,1,2,36,7,3,0,0,0,0,0,9,4,E01015810,3,1,0.0,1.0,-1,3,50,1,1,1,09:15,4,2,9
2023141310581,2023,141310581,1,1,1,2,38,7,3,0,0,0,0,0,9,1,E01007723,3,1,0.0,1.0,-1,6,30,1,4,1,01:20,3,1,9
2023461380508,2023,461380508,1,2,1,1,24,5,3,0,0,0,0,0,9,7,E01024422,3,1,0.0,1.0,-1,3,30,1,1,1,11:07,1,2,9
2023131368520,2023,131368520,2,2,2,1,32,6,3,0,0,0,0,0,19,-1,-1,3,1,0.0,1.0,-1,6,30,1,1,2,11:00,2,2,19
2023131322387,2023,131322387,1,1,3,1,18,4,3,5,1,0,0,2,0,-1,-1,3,1,0.0,1.0,-1,6,30,1,4,1,03:40,1,1,9
2023071031995,2023,071031995,1,1,1,2,20,4,3,0,0,0,0,0,9,1,E01007179,-1,0,0.03717,0.96283,-1,3,70,5,1,5,11:00,6,1,9
2023161323418,2023,161323418,1,1,1,2,38,7,3,0,0,0,0,0,9,1,E01013138,3,1,0.0,1.0,-1,6,30,1,4,1,22:40,3,3,9
2023440041402,2023,440041402,1,1,1,2,24,5,3,0,0,0,0,0,9,4,E01022635,-1,0,0.05396,0.94604,-1,6,30,1,1,1,10:14,3,1,9
2023531333071,2023,531333071,2,3,2,2,4,1,3,0,0,2,0,0,9,4,E01032516,3,1,0.0,1.0,-1,3,60,1,1,1,10:00,7,2,9
2023041301334,2023,041301334,1,1,1,1,24,5,2,0,0,0,0,0,9,2,E01025369,7,1,1.0,0.0,-1,6,30,1,1,1,18:10,4,2,9
2023122400014,2023,122400014,2,2,1,2,37,7,3,0,0,0,0,0,9,1,E01032542,-1,0,0.05167,0.94833,-1,6,60,1,1,2,13:50,2,2,9
2023161343822,2023,161343822,1,1,1,2,41,7,3,0,0,0,0,0,9,7,E01013008,3,1,0.0,1.0,-1,6,30,1,1,1,13:45,7,2,9
2023201417732,2023,201417732,3,3,1,2,32,6,3,0,0,0,0,0,9,5,E01032589,3,1,0.0,1.0,-1,6,30,1,1,1,07:53,6,4,9
2023221330115,2023,221330115,2,1,1,2,41,7,3,0,0,0,0,0,9,5,E01032457,3,1,0.0,1.0,-1,6,30,1,1,1,12:30,7,2,9
2023471345292,2023,471345292,2,2,1,2,45,7,3,0,0,0,0,0,9,9,E01020939,3,1,0.0,1.0,-1,6,50,7,6,2,23:29,5,2,9
2023061281377,2023,061281377,1,1,3,1,59,9,3,10,3,0,0,0,0,2,E01006284,3,1,0.0,1.0,-1,3,30,1,4,1,20:00,6,1,9
2023302301417,2023,302301417,2,1,1,1,12,3,3,0,0,0,0,0,1,1,E01019729,-1,0,0.09527,0.90473,-1,6,30,1,1,1,20:30,6,2,1
2023451328853,2023,451328853,1,1,1,1,34,6,3,0,0,0,0,0,9,10,E01030961,3,1,0.0,1.0,-1,6,30,1,1,1,18:25,4,2,9
2023451334525,2023,451334525,1,1,1,2,39,7,3,0,0,0,0,0,9,6,E01030516,3,1,0.0,1.0,-1,6,30,1,1,1,17:10,6,2,9
2023061343033,2023,061343033,2,1,2,1,35,6,3,0,0,0,0,0,19,9,E01028747,3,1,0.0,1.0,-1,6,30,1,1,1,18:15,5,2,19
2023010441095,2023,010441095,1,1,3,2,71,10,2,8,4,0,0,0,0,2,E01002076,-1,0,1.0,0.0,-1,6,20,1,1,1,12:35,5,1,11
2023010460555,2023,010460555,1,1,3,2,72,10,3,4,3,0,0,0,0,9,E01002256,-1,0,0.0,1.0,-1,6,30,1,1,1,10:45,2,1,9
2023991283005,2023,991283005,2,1,1,1,50,8,3,0,0,0,0,0,1,9,-1,3,1,0.0,1.0,-1,1,30,1,1,1,18:20,5,2,1
2023131287173,2023,131287173,2,1,1,2,45,7,3,0,0,0,0,0,9,6,E01011005,3,1,0.0,1.0,-1,6,40,2,1,2,15:29,4,2,9
2023131302445,2023,131302445,2,1,1,1,28,6,3,0,0,0,0,0,9,1,E01010755,3,1,0.0,1.0,-1,6,30,1,1,1,13:00,1,2,9
2023302301327,2023,302301327,1,1,3,2,14,3,2,5,9,0,0,0,0,1,E01013568,-1,0,1.0,0.0,-1,6,30,1,1,1,16:00,7,1,9
2023201326881,2023,201326881,2,1,1,1,14,3,2,0,0,0,0,0,1,-1,-1,7,1,1.0,0.0,-1,6,30,1,1,1,15:52,1,2,1
2023351345037,2023,351345037,1,2,1,1,65,9,2,0,0,0,0,0,1,10,E01018259,7,1,1.0,0.0,-1,6,40,1,1,1,16:00,2,2,1
2023401286504,2023,401286504,2,1,1,2,32,6,3,0,0,0,0,0,9,8,E01015706,3,1,0.0,1.0,-1,6,40,2,1,2,09:00,4,2,9
2023501343664,2023,501343664,1,1,1,2,27,6,3,0,0,0,0,0,9,6,E01020304,3,1,0.0,1.0,-1,6,60,1,1,1,15:21,7,2,9
2023991363803,2023,991363803,1,1,1,2,36,7,2,0,0,0,0,0,9,7,E01023776,7,1,1.0,0.0,-1,6,60,1,1,1,07:00,3,3,9
2023991374633,2023,991374633,2,1,2,2,23,5,3,0,0,1,0,0,19,-1,-1,3,1,0.0,1.0,-1,6,30,1,1,1,11:20,6,2,19
2023010438114,2023,010438114,1,1,3,1,86,11,1,1,1,0,0,0,0,9,E01000667,-1,0,0.0,0.0,-1,6,40,1,1,1,14:50,3,1,3
2023170L31203,2023,170L31203,1,1,3,1,73,10,3,5,2,0,0,0,0,7,E01012176,-1,0,0.10101,0.89899,-1,6,30,1,1,1,12:50,1,1,9
2023311393175,2023,311393175,2,1,1,1,26,6,3,0,0,0,0,0,1,9,E01028095,3,1,0.0,1.0,-1,6,30,1,4,2,19:58,6,2,1
2023421309623,2023,421309623,1,1,1,2,55,8,2,0,0,0,0,0,1,3,E01006452,7,1,1.0,0.0,-1,6,30,1,4,1,00:14,1,1,1
2023201298784,2023,201298784,2,1,1,1,50,8,3,0,0,0,0,0,3,3,E01009862,3,1,0.0,1.0,-1,6,30,1,1,1,11:47,6,2,3
2023471304535,2023,471304535,1,1,3,1,49,8,2,4,3,0,0,0,0,9,E01031589,6,1,1.0,0.0,-1,1,40,1,1,1,19:45,6,1,9
2023481407554,2023,481407554,1,1,3,1,32,6,3,1,1,0,0,0,0,-1,-1,3,1,0.0,1.0,-1,6,20,1,4,2,20:50,5,1,9
2023101393453,2023,101393453,1,4,1,1,41,7,2,0,0,0,0,0,9,-1,-1,6,1,1.0,0.0,-1,6,60,2,6,2,21:30,6,3,9
2023111392205,2023,111392205,1,1,1,2,72,10,3,0,0,0,0,0,9,8,E01020817,3,1,0.0,1.0,-1,6,30,1,1,2,15:28,2,2,9
2023332300842,2023,332300842,2,1,1,1,68,10,3,0,0,0,0,0,9,9,E01026582,-1,0,0.01429,0.98571,-1,6,30,2,1,2,13:10,3,2,9
202363C033223,2023,63C033223,2,1,1,1,63,9,3,0,0,0,0,0,9,-1,-1,-1,0,0.01753,0.98247,-1,6,30,1,1,1,12:30,4,2,9
2023522400846,2023,522400846,1,1,1,1,63,9,3,0,0,0,0,0,19,4,E01014009,-1,0,0.01362,0.98638,-1,3,70,1,1,1,12:00,4,2,19
2023010473606,2023,010473606,1,1,1,1,59,9,3,0,0,0,0,0,1,4,E01002869,-1,0,0.0,1.0,-1,6,20,1,1,1,13:20,2,2,1
2023440061593,2023,440061593,1,1,1,1,30,6,3,0,0,0,0,0,3,9,E01022767,-1,0,0.16903,0.83097,-1,6,30,9,4,2,21:21,2,1,3
2023141293275,2023,141293275,1,1,2,2,53,8,3,0,0,2,0,0,8,1,E01007370,3,1,0.0,1.0,-1,6,30,1,1,1,13:45,6,2,8
2023061277399,2023,061277399,2,1,1,2,32,6,2,0,0,0,0,0,9,6,E01006221,7,1,1.0,0.0,-1,6,30,1,1,1,12:30,6,2,9
2023211332159,2023,211332159,2,1,1,2,52,8,3,0,0,0,0,0,9,1,E01029427,3,1,0.0,1.0,-1,6,30,9,1,-1,14:05,6,2,9
2023311263745,2023,311263745,3,1,1,1,73,10,3,0,0,0,0,0,9,3,E01013932,3,1,0.0,1.0,-1,6,30,1,1,1,10:09,2,4,9
2023010455472,2023,010455472,1,1,1,1,41,7,3,0,0,0,0,0,1,3,E01002568,-1,0,0.0,1.0,-1,6,20,1,1,1,12:50,1,2,1
2023201418720,2023,201418720,2,1,1,1,13,3,3,0,0,0,0,0,1,6,E01009278,3,1,0.0,1.0,-1,7,30,1,1,1,07:57,6,2,1
2023430308109,2023,430308109,2,1,1,1,-1,-1,3,0,0,0,0,0,3,-1,-1,-1,0,0.04416,0.95584,-1,6,30,1,1,1,16:35,6,2,3
2023031319194,2023,031319194,1,1,1,1,66,10,2,0,0,0,0,0,4,1,E01025110,7,1,1.0,0.0,-1,6,40,1,1,1,20:55,4,1,4
2023141367269,2023,141367269,2,1,1,1,59,9,3,0,0,0,0,0,5,3,E01019730,3,1,0.0,1.0,-1,6,60,1,1,2,06:58,4,2,5
2023461296075,2023,461296075,3,3,1,1,81,11,3,0,0,0,0,0,9,4,E01024118,3,1,0.0,1.0,-1,6,40,1,1,1,12:25,5,4,9
2023010466002,2023,010466002,2,1,1,1,17,4,3,0,0,0,0,0,1,8,E01003355,-1,0,0.0,1.0,-1,6,30,1,1,1,17:11,5,2,1
2023201360028,2023,201360028,2,1,1,2,60,9,3,0,0,0,0,0,9,2,E01010101,3,1,0.0,1.0,-1,6,30,1,1,1,16:33,4,2,9
2023351287478,2023,351287478,2,1,1,2,45,7,3,0,0,0,0,0,9,3,E01021823,3,1,0.0,1.0,-1,7,70,1,1,1,16:45,2,2,9
2023622300607,2023,622300607,1,1,1,1,31,6,3,0,0,0,0,0,5,2,W01000811,-1,0,0.1261,0.8739,-1,6,30,1,1,1,11:44,4,2,5
2023010451958,2023,010451958,2,3,1,1,43,7,3,0,0,0,0,0,9,6,E01004107,-1,0,0.0,1.0,-1,6,30,1,1,1,11:46,4,2,9
2023440170477,2023,440170477,3,7,2,1,31,6,2,0,0,1,0,0,9,10,E01032854,-1,0,1.0,0.0,-1,3,70,1,1,1,17:01,2,3,9
2023010444922,2023,010444922,1,1,3,2,67,10,2,5,3,0,0,0,0,5,E01002815,-1,0,1.0,0.0,-1,2,20,1,4,1,22:20,4,1,8
2023201379041,2023,201379041,1,1,3,2,19,4,3,1,1,0,0,2,0,3,E01009989,3,1,0.0,1.0,-1,6,30,1,1,1,08:37,6,1,9
2023311279099,2023,311279099,1,1,3,1,79,11,3,6,9,0,0,0,0,10,E01028330,3,1,0.0,1.0,-1,6,30,1,1,1,15:15,2,1,1
2023010425483,2023,010425483,1,1,1,2,34,6,3,0,0,0,0,0,1,7,E01003064,-1,0,0.0,1.0,-1,2,20,1,1,1,10:40,7,2,1
2023522400021,2023,522400021,1,1,1,2,33,6,3,0,0,0,0,0,1,1,E01014574,-1,0,0.02852,0.97148,-1,6,30,1,1,1,09:55,5,2,1
2023041351878,2023,041351878,1,1,1,1,15,3,2,0,0,0,0,0,3,2,E01025285,5,1,1.0,0.0,-1,6,20,1,5,1,16:15,2,2,3
2023520301655,2023,520301655,2,1,1,1,22,5,3,0,0,0,0,0,5,2,E01029248,-1,0,0.09125,0.90875,-1,6,30,1,1,1,15:30,4,2,5
2023010422492,2023,010422492,1,1,1,1,34,6,3,0,0,0,0,0,9,5,E01012144,-1,0,0.0,1.0,-1,6,40,1,4,2,23:25,5,2,9
2023010477248,2023,010477248,1,1,1,2,48,8,3,0,0,0,0,0,9,7,E01023739,-1,0,0.0,1.0,-1,6,30,1,4,1,17:25,6,2,9
2023010482937,2023,010482937,1,2,2,2,43,7,3,0,0,2,0,0,9,2,E01033085,-1,0,0.0,1.0,-1,6,20,1,4,1,21:50,6,2,9
2023041296966,2023,041296966,1,1,1,2,37,7,3,0,0,0,0,0,9,7,E01025014,3,1,0.0,1.0,-1,7,50,1,1,1,11:08,7,2,9
2023302301393,2023,302301393,2,1,1,2,47,8,2,0,0,0,0,0,9,1,E01013590,-1,0,1.0,0.0,-1,6,40,1,1,1,14:00,6,2,9
2023411272905,2023,411272905,1,1,1,1,45,7,3,0,0,0,0,0,9,4,E01023669,3,1,0.0,1.0,-1,6,30,1,4,1,17:07,3,2,9
2023010452864,2023,010452864,1,1,1,2,22,5,3,0,0,0,0,0,9,2,E01001758,-1,0,0.0,1.0,-1,6,20,1,1,1,07:00,2,3,9
2023131261694,2023,131261694,2,1,1,2,27,6,3,0,0,0,0,0,9,6,E01010915,3,1,0.0,1.0,-1,3,40,1,4,1,06:20,6,2,9
2023351321921,2023,351321921,1,2,2,2,19,4,3,0,0,1,0,0,9,3,E01018160,3,1,0.0,1.0,-1,6,60,1,6,1,23:51,7,1,9
2023461392681,2023,461392681,1,1,2,2,69,10,2,0,0,1,0,0,9,4,E01016070,6,1,1.0,0.0,-1,6,30,2,1,2,18:56,4,1,9
2023340NN1462,2023,340NN1462,1,1,1,1,13,3,3,0,0,0,0,0,1,1,E01027083,-1,0,0.15822,0.84178,-1,6,30,1,1,2,08:50,6,2,1
2023010473476,2023,010473476,1,2,2,2,39,7,3,0,0,0,4,0,11,1,E01003075,-1,0,0.0,1.0,-1,6,20,1,4,1,18:22,1,2,11
2023010477920,2023,010477920,1,1,1,1,24,5,3,0,0,0,0,0,9,3,E01001690,-1,0,0.0,1.0,-1,6,20,1,4,1,18:41,2,1,9
2023221300329,2023,221300329,2,1,1,2,52,8,3,0,0,0,0,0,9,4,E01008920,3,1,0.0,1.0,-1,6,40,1,1,1,14:05,7,4,9
2023041286744,2023,041286744,1,1,3,2,76,11,3,10,5,0,0,0,0,5,E01012729,3,1,0.0,1.0,-1,6,20,2,1,2,15:17,3,1,9
2023041365782,2023,041365782,1,1,3,1,32,6,3,8,1,0,0,0,0,3,E01005547,3,1,0.0,1.0,-1,6,30,1,1,1,15:14,3,1,9
2023131355465,2023,131355465,1,1,3,2,46,8,3,10,7,0,0,1,0,4,E01011044,3,1,0.0,1.0,-1,6,20,9,1,1,15:22,5,1,9
2023010438336,2023,010438336,1,1,1,1,26,6,3,0,0,0,0,0,3,2,E01000628,-1,0,0.0,1.0,-1,3,20,1,1,1,19:02,4,2,3
2023461328689,2023,461328689,2,1,1,1,21,5,2,0,0,0,0,0,5,5,E01024156,6,1,1.0,0.0,-1,6,40,1,1,1,17:42,7,2,5
2023501381543,2023,501381543,1,1,1,1,45,7,2,0,0,0,0,0,8,1,E01015030,7,1,1.0,0.0,-1,6,30,1,4,1,21:30,6,2,8
2023131348539,2023,131348539,1,1,1,1,49,8,3,0,0,0,0,0,9,2,E01010930,3,1,0.0,1.0,-1,6,30,1,1,2,06:55,1,2,9
2023170M10173,2023,170M10173,3,2,1,2,40,7,2,0,0,0,0,0,9,5,E01027841,-1,0,1.0,0.0,-1,7,70,1,4,4,17:23,3,3,9
2023010462639,2023,010462639,2,1,1,1,47,8,3,0,0,0,0,0,3,2,E01001014,-1,0,0.0,1.0,-1,6,30,1,1,1,10:56,1,2,3
2023010477194,2023,010477194,1,3,2,1,21,5,3,0,0,0,0,0,8,3,E01000020,-1,0,0.0,1.0,-1,7,20,1,4,1,17:30,6,2,8
2023010441803,2023,010441803,1,1,3,1,32,6,3,10,9,0,0,0,0,5,E01002636,-1,0,0.0,1.0,-1,6,20,1,1,1,16:31,2,1,9
2023231365837,2023,231365837,1,1,3,1,8,2,3,5,1,0,0,0,0,4,E01031030,3,1,0.0,1.0,-1,6,30,1,1,1,15:59,3,1,9
2023201284816,2023,201284816,1,1,1,2,28,6,3,0,0,0,0,0,9,5,E01009312,3,1,0.0,1.0,-1,1,30,1,4,1,19:00,4,2,9
2023440323265,2023,440323265,1,1,1,2,35,6,3,0,0,0,0,0,9,6,E01020531,-1,0,0.17811,0.82189,-1,6,60,1,6,1,23:49,5,1,9
2023010425711,2023,010425711,1,2,3,1,-1,-1,3,5,9,0,0,0,0,-1,-1,-1,0,0.0,1.0,-1,6,20,1,4,1,18:15,2,1,3
2023340NN3182,2023,340NN3182,2,1,1,1,42,7,3,0,0,0,0,0,9,-1,-1,-1,0,0.12735,0.87265,-1,6,60,2,6,2,05:40,6,2,9
2023351361425,2023,351361425,2,2,1,1,38,7,3,0,0,0,0,0,9,8,E01018217,3,1,0.0,1.0,-1,3,70,1,1,1,17:30,5,2,9
2023461326856,2023,461326856,2,1,2,1,67,10,3,0,0,1,0,0,9,7,E01024793,3,1,0.0,1.0,-1,6,50,1,1,1,10:00,7,2,9
2023061310417,2023,061310417,1,1,3,2,43,7,3,10,9,0,0,-1,0,4,E01004920,3,1,0.0,1.0,-1,6,30,3,4,1,23:47,1,1,9
2023010423127,2023,010423127,1,1,3,2,4,1,3,4,3,0,0,0,0,3,E01003185,-1,0,0.0,1.0,-1,3,20,1,4,1,19:40,2,1,9
2023451391468,2023,451391468,1,1,3,1,43,7,2,8,3,0,0,0,0,10,E01030661,7,1,1.0,0.0,-1,6,30,1,5,2,07:15,4,1,9
202363A012023,2023,63A012023,2,1,1,1,24,5,3,0,0,0,0,0,3,2,W01000638,-1,0,0.17978,0.82022,-1,6,30,1,4,1,19:00,4,2,3
2023010448965,2023,010448965,1,1,1,1,57,9,3,0,0,0,0,0,1,-1,-1,-1,0,0.0,1.0,-1,6,20,1,1,1,08:20,4,2,1
2023010424590,2023,010424590,1,1,2,1,74,10,3,0,0,0,4,0,11,3,E01002756,-1,0,0.0,1.0,-1,6,30,1,1,1,14:35,3,1,11
2023111375287,2023,111375287,1,1,1,1,81,11,2,0,0,0,0,0,9,9,E01012339,5,1,1.0,0.0,-1,6,30,1,4,1,17:00,4,4,9
2023221296847,2023,221296847,1,3,2,1,20,4,2,0,0,1,0,0,9,4,E01014033,5,1,1.0,0.0,-1,6,60,1,1,2,19:15,6,2,9
2023501279023,2023,501279023,1,1,1,2,65,9,3,0,0,0,0,0,9,8,E01015230,3,1,0.0,1.0,-1,6,30,1,1,1,14:00,7,2,9
2023461363603,2023,461363603,1,2,1,1,36,7,3,0,0,0,0,0,19,4,E01024178,3,1,0.0,1.0,-1,3,70,1,1,1,17:40,4,2,19
2023010430098,2023,010430098,1,1,1,2,44,7,3,0,0,0,0,0,9,8,E01030591,-1,0,0.0,1.0,-1,6,30,1,4,1,18:55,5,1,9
2023061325220,2023,061325220,2,2,2,1,30,6,3,0,0,-1,0,0,9,1,E01005234,3,1,0.0,1.0,-1,6,30,1,1,1,18:40,4,2,9
2023401367245,2023,401367245,2,1,1,2,54,8,3,0,0,0,0,0,9,9,E01033515,3,1,0.0,1.0,-1,6,30,1,1,1,15:05,3,2,9
2023421322882,2023,421322882,1,1,1,2,21,5,3,0,0,0,0,0,9,6,E01002332,3,1,0.0,1.0,-1,6,40,1,1,1,08:30,2,2,9
2023421352311,2023,421352311,1,2,1,1,40,7,3,0,0,0,0,0,9,-1,-1,3,1,0.0,1.0,-1,6,60,1,1,1,10:10,3,2,9