collision_index,collision_year,collision_ref_no,vehicle_reference,casualty_reference,casualty_class,sex_of_casualty,age_of_casualty,age_band_of_casualty,casualty_severity,pedestrian_location,pedestrian_movement,car_passenger,bus_or_coach_passenger,pedestrian_road_maintenance_worker,casualty_type,casualty_imd_decile,lsoa_of_casualty,enhanced_casualty_severity,casualty_injury_based,casualty_adjusted_severity_serious,casualty_adjusted_severity_slight,casualty_distance_banding,road_type,speed_limit,weather_conditions,light_conditions,road_surface_conditions,time,day_of_week,number_of_vehicles,vehicle_type
2023501320995,2023,501320995,3,1,1,2,75,10,2,0,0,0,0,0,9,8,E01019930,6,1,1.0,0.0,-1,6,60,1,1,1,11:50,3,6,9
2023221289059,2023,221289059,2,2,2,2,9,2,3,0,0,2,0,0,9,5,E01014032,3,1,0.0,1.0,-1,6,30,1,1,1,08:40,5,2,9
2023430106902,2023,430106902,1,1,1,2,36,7,2,0,0,0,0,0,9,7,E01032412,-1,0,1.0,0.0,-1,3,70,2,4,2,19:12,5,2,9
2023010421210,2023,010421210,1,1,1,2,38,7,3,0,0,0,0,0,9,6,E01001408,-1,0,0.0,1.0,-1,9,20,8,1,1,15:30,6,2,9
2023052301593,2023,052301593,2,1,1,2,67,10,3,0,0,0,0,0,9,2,E01006708,-1,0,0.03326,0.96674,-1,6,30,1,1,1,17:45,1,2,9
2023371340668,2023,371340668,1,3,2,2,58,9,3,0,0,1,0,0,9,7,E01030228,3,1,0.0,1.0,-1,6,30,1,1,1,11:12,3,2,9
2023401338264,2023,401338264,2,2,1,1,27,6,2,0,0,0,0,0,9,10,E01017407,7,1,1.0,0.0,-1,6,30,1,1,1,20:22,6,2,9
2023501342826,2023,501342826,2,2,1,1,78,11,3,0,0,0,0,0,9,4,E01018777,3,1,0.0,1.0,-1,6,60,1,1,1,14:59,5,2,9
2023131359548,2023,131359548,2,1,1,1,35,6,3,0,0,0,0,0,19,2,E01011611,3,1,0.0,1.0,-1,3,50,1,1,1,16:46,4,3,19
2023010484971,2023,010484971,1,1,3,2,74,10,2,4,9,0,0,0,0,3,E01002070,-1,0,1.0,0.0,-1,2,20,2,4,2,15:20,3,1,9
2023052301711,2023,052301711,1,1,3,1,6,2,3,6,9,0,0,0,0,2,E01006832,-1,0,0.04407,0.95593,-1,6,30,1,1,1,15:08,7,1,9
2023131375943,2023,131375943,2,7,2,2,24,5,2,0,0,2,0,0,9,5,E01003260,7,1,1.0,0.0,-1,6,30,2,4,2,01:00,7,2,9
2023340NN1622,2023,340NN1622,1,1,3,1,83,11,3,10,3,0,0,0,0,3,E01027065,-1,0,0.14678,0.85322,-1,6,30,1,1,1,12:48,5,1,19
2023552400145,2023,552400145,1,1,3,1,39,7,3,8,5,0,0,1,0,3,E01015294,-1,0,0.08802,0.91198,-1,6,30,1,1,1,08:18,4,1,9
2023332301092,2023,332301092,2,1,1,1,63,9,3,0,0,0,0,0,5,7,E01025765,-1,0,0.10739,0.89261,-1,6,40,1,1,1,13:15,1,2,5
2023161352296,2023,161352296,2,1,1,1,28,6,2,0,0,0,0,0,1,2,E01013202,5,1,1.0,0.0,-1,6,30,1,4,1,20:45,4,2,1
2023010456291,2023,010456291,3,2,2,-1,65,9,3,0,0,2,0,0,8,1,E01001178,-1,0,0.0,1.0,-1,6,20,1,1,1,13:40,5,3,8
2023201321564,2023,201321564,1,3,2,2,39,7,3,0,0,2,0,0,9,1,E01009305,3,1,0.0,1.0,-1,3,30,1,1,1,15:20,7,2,9
2023340WN0452,2023,340WN0452,1,6,2,2,34,6,3,0,0,0,3,0,11,-1,-1,-1,0,0.10382,0.89618,-1,6,40,1,1,1,08:42,2,2,11
2023010422573,2023,010422573,1,1,1,2,41,7,3,0,0,0,0,0,1,4,E01001939,-1,0,0.0,1.0,-1,6,20,1,1,4,08:50,6,2,1
202360A093654,2023,60A093654,1,1,1,1,32,6,2,0,0,0,0,0,1,-1,-1,-1,0,1.0,0.0,-1,1,30,1,4,1,22:08,6,2,1
2023010473546,2023,010473546,1,1,1,1,32,6,3,0,0,0,0,0,3,3,E01001003,-1,0,0.0,1.0,-1,6,20,1,1,1,11:00,7,2,3
2023451294093,2023,451294093,2,1,1,1,21,5,2,0,0,0,0,0,3,10,E01030873,7,1,1.0,0.0,-1,7,40,1,1,1,13:15,3,2,3
2023122300459,2023,122300459,3,3,2,2,74,10,3,0,0,1,0,0,9,4,E01027832,-1,0,0.0268,0.9732,-1,6,60,1,1,2,11:00,7,3,9
2023451331595,2023,451331595,1,2,1,1,55,8,3,0,0,0,0,0,9,8,E01030611,3,1,0.0,1.0,-1,3,70,1,1,1,17:12,5,3,9
2023546661223,2023,546661223,1,1,1,1,35,6,3,0,0,0,0,0,9,7,E01032116,-1,0,0.09304,0.90696,-1,6,60,1,1,1,19:32,1,1,9
2023010423534,2023,010423534,1,1,3,2,25,5,3,1,1,0,0,0,0,2,E01000781,-1,0,0.0,1.0,-1,6,30,2,4,2,17:15,4,1,9
2023141305991,2023,141305991,1,2,3,1,20,4,2,7,9,0,0,0,0,-1,-1,7,1,1.0,0.0,-1,7,30,1,4,1,00:29,5,1,9
2023991394561,2023,991394561,1,1,3,1,73,10,3,4,3,0,0,0,0,2,-1,3,1,0.0,1.0,-1,6,30,1,4,2,18:00,6,1,9
2023010429958,2023,010429958,1,1,1,1,35,6,3,0,0,0,0,0,1,6,E01000582,-1,0,0.0,1.0,-1,2,20,1,1,1,06:52,5,2,1
2023340NN2112,2023,340NN2112,1,1,1,1,23,5,2,0,0,0,0,0,3,3,E01027319,-1,0,1.0,0.0,-1,6,30,1,1,1,15:00,1,2,3
2023371346315,2023,371346315,1,1,1,1,44,7,3,0,0,0,0,0,9,6,E01026748,3,1,0.0,1.0,-1,6,30,1,6,1,00:05,7,2,9
2023440027378,2023,440027378,1,1,1,2,47,8,3,0,0,0,0,0,9,3,E01022738,-1,0,0.15898,0.84102,-1,3,60,1,6,4,03:34,7,1,9
2023471384747,2023,471384747,1,2,2,2,28,6,2,0,0,2,0,0,9,9,E01021144,6,1,1.0,0.0,-1,6,60,4,1,2,13:50,7,1,9
2023991329152,2023,991329152,1,1,1,2,18,4,3,0,0,0,0,0,9,8,-1,3,1,0.0,1.0,-1,6,60,2,1,2,13:00,5,3,9
2023010462806,2023,010462806,1,1,1,1,30,6,3,0,0,0,0,0,1,-1,-1,-1,0,0.0,1.0,-1,1,30,1,1,1,15:30,2,2,1
2023010476678,2023,010476678,1,1,1,1,26,6,3,0,0,0,0,0,3,4,E01004612,-1,0,0.0,1.0,-1,9,30,9,1,9,15:15,3,2,3
2023461335388,2023,461335388,1,3,2,1,19,4,2,0,0,-1,0,0,9,3,E01023972,6,1,1.0,0.0,-1,1,50,1,4,1,00:10,1,1,9
2023052302380,2023,052302380,1,1,1,1,16,4,2,0,0,0,0,0,1,2,E01006713,-1,0,1.0,0.0,-1,3,30,1,1,1,07:50,6,2,1
2023010460140,2023,010460140,1,1,1,1,51,8,3,0,0,0,0,0,5,10,E01017756,-1,0,0.0,1.0,-1,6,30,1,1,1,19:30,6,1,5
2023010452584,2023,010452584,1,1,3,1,13,3,3,5,3,0,0,0,0,7,E01023435,-1,0,0.0,1.0,-1,6,20,1,1,1,12:50,7,1,8
2023161369529,2023,161369529,1,1,3,1,7,2,2,5,2,0,0,0,0,1,E01012805,7,1,1.0,0.0,-1,6,30,1,1,1,16:31,3,1,9
2023461373841,2023,461373841,1,4,2,2,12,3,3,0,0,2,0,0,9,6,E01001419,3,1,0.0,1.0,-1,3,70,2,6,2,00:30,1,1,9
2023991324590,2023,991324590,1,1,1,2,51,8,3,0,0,0,0,0,9,4,-1,3,1,0.0,1.0,-1,6,60,1,6,1,03:30,5,2,9
2023461262788,2023,461262788,2,1,1,2,69,10,2,0,0,0,0,0,22,5,E01033087,7,1,1.0,0.0,-1,6,30,1,1,1,15:50,3,2,22
2023101314888,2023,101314888,1,1,3,2,72,10,3,5,3,0,0,0,0,7,E01027490,3,1,0.0,1.0,-1,6,20,1,1,1,10:45,1,1,9
2023622300528,2023,622300528,1,1,3,1,36,7,3,5,1,0,0,0,0,10,W01000853,-1,0,0.11904,0.88096,-1,6,30,1,1,1,18:59,4,1,9
2023010451959,2023,010451959,1,1,1,1,49,8,2,0,0,0,0,0,1,4,E01001041,-1,0,1.0,0.0,-1,6,30,1,1,1,16:30,3,1,1
2023010475105,2023,010475105,1,1,1,1,33,6,3,0,0,0,0,0,1,5,E01001632,-1,0,0.0,1.0,-1,1,30,1,1,1,12:00,3,2,1
2023010423012,2023,010423012,1,1,1,2,79,11,3,0,0,0,0,0,9,2,E01004067,-1,0,0.0,1.0,-1,6,20,1,1,1,14:45,6,2,9
2023231263955,2023,231263955,1,1,1,1,18,4,3,0,0,0,0,0,9,9,E01031082,3,1,0.0,1.0,-1,6,40,5,4,2,18:20,1,1,9
2023010427772,2023,010427772,1,1,1,2,42,7,3,0,0,0,0,0,9,-1,-1,-1,0,0.0,1.0,-1,6,20,1,1,1,15:26,6,2,9
2023010480782,2023,010480782,1,1,2,2,-1,-1,3,0,0,2,0,0,9,3,E01004362,-1,0,0.0,1.0,-1,6,20,1,1,1,12:45,3,1,9
2023041358676,2023,041358676,1,1,1,1,45,7,3,0,0,0,0,0,9,1,E01012687,3,1,0.0,1.0,-1,6,20,1,1,1,17:30,1,2,9
2023371312377,2023,371312377,1,1,1,1,74,10,3,0,0,0,0,0,9,6,E01030041,3,1,0.0,1.0,-1,6,60,1,1,1,14:50,1,1,9
2023421383489,2023,421383489,2,2,1,2,32,6,2,0,0,0,0,0,9,9,E01022099,7,1,1.0,0.0,-1,6,60,1,6,2,17:45,3,2,9
2023451319733,2023,451319733,1,2,2,2,16,4,3,0,0,1,0,0,9,9,E01030929,3,1,0.0,1.0,-1,6,30,1,1,1,08:00,4,1,9
2023010422728,2023,010422728,1,1,3,2,15,3,2,5,9,0,0,0,0,1,E01004322,-1,0,1.0,0.0,-1,6,20,9,4,9,17:00,3,1,19
2023131353700,2023,131353700,1,1,3,1,7,2,3,1,1,0,0,2,0,1,E01011789,3,1,0.0,1.0,-1,6,30,1,1,1,15:30,2,1,9
2023010458245,2023,010458245,2,2,1,2,31,6,2,0,0,0,0,0,1,4,E01003043,-1,0,1.0,0.0,-1,6,30,1,1,1,19:29,2,2,1
2023471348446,2023,471348446,2,2,1,1,11,3,3,0,0,0,0,0,1,9,E01031769,3,1,0.0,1.0,-1,6,20,1,1,1,08:10,2,3,1
2023991366319,2023,991366319,2,1,1,1,39,7,3,0,0,0,0,0,1,1,-1,3,1,0.0,1.0,-1,6,20,1,4,1,19:15,2,2,1
2023461291882,2023,461291882,2,1,1,1,54,8,3,0,0,0,0,0,8,5,E01024619,3,1,0.0,1.0,-1,6,30,1,1,1,17:55,5,2,8
2023101361228,2023,101361228,2,3,1,1,20,4,3,0,0,0,0,0,9,9,E01033480,3,1,0.0,1.0,-1,3,30,1,4,1,21:25,1,4,9
2023371361853,2023,371361853,2,1,2,2,55,8,3,0,0,1,0,0,9,9,E01030072,3,1,0.0,1.0,-1,3,70,1,6,1,18:42,2,2,9
2023131269462,2023,131269462,1,1,1,1,40,7,2,0,0,0,0,0,9,5,E01011765,5,1,1.0,0.0,-1,6,60,1,6,1,18:45,1,1,9
2023461349027,2023,461349027,2,1,1,2,18,4,3,0,0,0,0,0,9,-1,-1,3,1,0.0,1.0,-1,7,30,1,1,1,17:20,2,2,9
2023221324085,2023,221324085,2,1,1,1,72,10,3,0,0,0,0,0,1,5,E01014096,3,1,0.0,1.0,-1,6,60,1,1,1,15:08,4,2,1
2023351351306,2023,351351306,2,1,1,1,27,6,3,0,0,0,0,0,1,9,E01018006,3,1,0.0,1.0,-1,6,30,1,4,-1,20:15,7,2,1
2023471323395,2023,471323395,1,1,1,1,76,11,2,0,0,0,0,0,1,3,E01031459,5,1,1.0,0.0,-1,3,70,1,1,1,16:17,3,2,1
2023122301296,2023,122301296,2,1,1,2,32,6,3,0,0,0,0,0,9,8,E01025191,-1,0,0.00672,0.99328,-1,6,30,1,1,2,08:38,6,2,9
2023201426466,2023,201426466,2,4,2,1,22,5,3,0,0,2,0,0,9,5,E01009290,3,1,0.0,1.0,-1,6,30,1,4,2,04:50,1,2,9
2023340NN1452,2023,340NN1452,2,3,2,2,44,7,2,0,0,1,0,0,9,-1,-1,-1,0,1.0,0.0,-1,6,60,1,1,1,18:25,4,2,9
2023471352542,2023,471352542,2,1,1,2,62,9,3,0,0,0,0,0,9,7,E01021142,3,1,0.0,1.0,-1,6,30,1,1,1,13:55,5,2,9
2023501353112,2023,501353112,1,1,1,2,75,10,3,0,0,0,0,0,9,7,E01019977,3,1,0.0,1.0,-1,6,20,1,1,2,11:57,7,3,9
2023170M21783,2023,170M21783,1,1,3,2,11,3,3,5,3,0,0,0,0,1,E01012091,-1,0,0.13595,0.86405,-1,6,20,5,1,2,14:34,5,1,9
2023201358336,2023,201358336,1,1,3,2,14,3,3,4,3,0,0,0,0,2,E01009265,3,1,0.0,1.0,-1,6,30,1,1,1,15:10,5,1,9
2023010478923,2023,010478923,1,1,1,1,29,6,3,0,0,0,0,0,1,5,E01000964,-1,0,0.0,1.0,-1,1,20,1,4,1,05:30,1,2,1
2023371349306,2023,371349306,2,1,1,1,56,9,3,0,0,0,0,0,1,4,E01030113,3,1,0.0,1.0,-1,6,30,1,1,1,18:40,3,3,1
2023552301311,2023,552301311,2,1,1,1,30,6,3,0,0,0,0,0,3,-1,-1,-1,0,0.04745,0.95255,-1,6,30,1,1,1,18:52,4,2,3
2023311334750,2023,311334750,1,1,2,1,-1,-1,3,0,0,1,0,0,9,-1,-1,3,1,0.0,1.0,-1,6,30,1,1,1,18:05,7,1,9
2023421260873,2023,421260873,2,4,2,2,13,3,3,0,0,1,0,0,9,10,E01022587,3,1,0.0,1.0,-1,6,60,1,1,1,12:52,1,3,9
2023542438223,2023,542438223,2,2,1,1,63,9,3,0,0,0,0,0,19,7,E01031961,-1,0,0.06295,0.93705,-1,6,60,1,1,1,07:31,2,2,19
2023471384357,2023,471384357,2,1,1,1,51,8,3,0,0,0,0,0,5,8,E01021155,3,1,0.0,1.0,-1,1,50,1,1,1,08:12,1,2,5
2023010424603,2023,010424603,1,2,3,1,30,6,3,5,1,0,0,2,0,2,E01027246,-1,0,0.0,1.0,-1,2,20,1,6,1,17:54,3,1,1
2023552300876,2023,552300876,2,1,1,1,22,5,3,0,0,0,0,0,1,3,E01015409,-1,0,0.07959,0.92041,-1,6,30,1,1,1,16:55,4,2,1
2023041373718,2023,041373718,2,1,1,1,40,7,3,0,0,0,0,0,9,7,E01019354,3,1,0.0,1.0,-1,3,70,2,6,2,17:20,1,6,9
2023211310907,2023,211310907,2,1,1,2,25,5,3,0,0,0,0,0,9,-1,-1,3,1,0.0,1.0,-1,6,50,1,1,-1,17:15,3,2,9
2023340WN3922,2023,340WN3922,2,1,1,2,55,8,3,0,0,0,0,0,9,5,W01000728,-1,0,0.02521,0.97479,-1,6,40,1,1,1,10:25,7,3,9
2023451339614,2023,451339614,1,1,1,2,29,6,3,0,0,0,0,0,9,10,E01030779,3,1,0.0,1.0,-1,3,50,1,1,1,18:05,1,2,9
2023010420020,2023,010420020,1,1,1,2,38,7,3,0,0,0,0,0,9,10,E01030386,-1,0,0.0,1.0,-1,7,30,1,4,1,16:40,6,2,9
2023052302656,2023,052302656,2,1,1,1,56,9,3,0,0,0,0,0,9,4,E01033762,-1,0,0.0632,0.9368,-1,3,40,2,4,2,18:25,7,2,9
2023211319615,2023,211319615,1,2,2,1,16,4,2,0,0,1,0,0,9,9,E01029815,7,1,1.0,0.0,-1,6,60,1,1,1,18:30,6,1,9
2023552300203,2023,552300203,1,1,1,2,17,4,3,0,0,0,0,0,9,7,E01020537,-1,0,0.03644,0.96356,-1,6,30,1,1,1,12:26,4,3,9
2023010441100,2023,010441100,2,1,1,1,39,7,3,0,0,0,0,0,1,1,E01001798,-1,0,0.0,1.0,-1,1,30,1,1,1,09:10,5,2,1
2023361354399,2023,361354399,2,1,1,1,53,8,2,0,0,0,0,0,1,9,E01026571,5,1,1.0,0.0,-1,6,30,1,1,1,16:30,5,2,1
2023070205069,2023,070205069,2,4,2,1,20,4,3,0,0,2,0,0,9,5,E01018651,-1,0,0.05247,0.94753,-1,6,60,1,1,2,16:00,6,2,9
2023170H10013,2023,170H10013,2,2,1,2,43,7,3,0,0,0,0,0,9,-1,-1,-1,0,0.0288,0.9712,-1,6,60,1,4,2,18:49,2,3,9
2023201308253,2023,201308253,3,2,1,1,27,6,3,0,0,0,0,0,9,1,E01014113,3,1,0.0,1.0,-1,3,60,1,1,1,10:25,6,3,9
2023201370918,2023,201370918,1,2,2,2,30,6,3,0,0,1,0,0,9,1,E01033632,3,1,0.0,1.0,-1,3,30,1,1,1,10:10,4,2,9
2023991388773,2023,991388773,2,1,2,2,12,3,3,0,0,2,0,0,9,7,-1,3,1,0.0,1.0,-1,6,30,1,4,2,17:50,6,2,9
2023141320089,2023,141320089,1,1,1,1,18,4,3,0,0,0,0,0,9,9,E01007752,3,1,0.0,1.0,-1,6,40,2,1,2,20:15,1,2,9
2023421283107,2023,421283107,2,4,2,2,27,6,3,0,0,2,0,0,9,-1,-1,3,1,0.0,1.0,-1,6,60,1,6,1,18:56,7,2,9
2023010485501,2023,010485501,1,1,1,1,25,5,3,0,0,0,0,0,1,1,E01003252,-1,0,0.0,1.0,-1,3,30,1,4,1,18:20,7,2,1
2023041344778,2023,041344778,2,1,1,1,81,11,3,0,0,0,0,0,9,7,E01025485,3,1,0.0,1.0,-1,1,30,2,1,2,11:00,2,2,9
2023411355203,2023,411355203,1,5,2,1,25,5,3,0,0,-1,0,0,9,2,E01033586,3,1,0.0,1.0,-1,7,70,1,1,1,15:03,7,3,9
2023430181830,2023,430181830,1,1,1,2,75,10,3,0,0,0,0,0,9,10,E01028806,-1,0,0.10864,0.89136,-1,6,60,1,1,1,15:58,4,2,9
2023211341112,2023,211341112,1,2,2,2,17,4,3,0,0,0,-1,0,11,1,E01018933,3,1,0.0,1.0,-1,3,70,1,4,1,03:20,7,1,11
2023131267612,2023,131267612,1,1,1,2,42,7,2,0,0,0,0,0,9,7,E01011393,6,1,1.0,0.0,-1,6,30,1,4,1,19:49,3,2,9
2023161332903,2023,161332903,2,1,1,2,60,9,3,0,0,0,0,0,9,9,E01027913,3,1,0.0,1.0,-1,6,60,1,1,1,16:20,2,2,9
2023421305749,2023,421305749,2,2,2,2,54,8,3,0,0,1,0,0,9,7,E01002301,3,1,0.0,1.0,-1,3,50,1,1,1,12:55,7,2,9
2023501331100,2023,501331100,2,1,1,1,74,10,3,0,0,0,0,0,9,5,E01013306,3,1,0.0,1.0,-1,6,30,1,1,1,13:10,3,2,9
2023320070131,2023,320070131,2,1,1,1,21,5,3,0,0,0,0,0,3,4,E01026253,-1,0,0.16314,0.83686,-1,6,60,1,1,1,07:30,6,2,3
2023501310142,2023,501310142,2,3,2,2,55,8,3,0,0,-1,0,0,9,4,E01020322,3,1,0.0,1.0,-1,6,60,1,1,1,17:16,3,3,9
2023101395764,2023,101395764,1,1,3,2,25,5,3,5,1,0,0,0,0,2,E01008719,3,1,0.0,1.0,-1,6,30,1,1,1,09:14,7,1,11
2023141364659,2023,141364659,1,1,1,2,31,6,3,0,0,0,0,0,9,2,E01007328,3,1,0.0,1.0,-1,6,60,1,1,1,16:37,3,2,9
2023332301094,2023,332301094,1,1,2,1,23,5,2,0,0,1,0,0,9,8,E01025612,-1,0,1.0,0.0,-1,6,30,7,4,2,00:30,7,2,9
2023371375517,2023,371375517,1,1,1,1,34,6,3,0,0,0,0,0,9,2,E01030031,3,1,0.0,1.0,-1,6,30,1,4,2,01:34,6,1,9
2023501391144,2023,501391144,2,1,1,2,78,11,3,0,0,0,0,0,9,4,E01018758,3,1,0.0,1.0,-1,6,60,4,1,2,14:06,5,2,9
2023522301067,2023,522301067,2,1,1,2,28,6,3,0,0,0,0,0,9,7,E01014535,-1,0,0.01655,0.98345,-1,6,30,1,1,1,12:40,7,2,9
2023320416492,2023,320416492,1,1,3,2,86,11,3,5,1,0,0,0,0,7,E01026202,-1,0,0.22665,0.77335,-1,6,30,1,1,1,13:00,5,1,1
2023440453745,2023,440453745,1,1,1,1,56,9,2,0,0,0,0,0,9,7,E01017329,-1,0,1.0,0.0,-1,6,60,2,1,2,13:13,2,2,9
2023451263601,2023,451263601,2,2,1,2,45,7,3,0,0,0,0,0,9,7,E01003820,3,1,0.0,1.0,-1,6,40,1,4,2,22:25,1,2,9
2023991393165,2023,991393165,1,1,1,1,78,11,3,0,0,0,0,0,9,-1,-1,3,1,0.0,1.0,-1,6,30,2,4,2,16:50,5,2,9
2023010460992,2023,010460992,1,1,2,2,2,1,3,0,0,0,4,0,11,4,E01004468,-1,0,0.0,1.0,-1,6,30,1,1,1,09:45,5,1,11
2023401290879,2023,401290879,2,1,1,1,69,10,3,0,0,0,0,0,4,6,E01023633,3,1,0.0,1.0,-1,1,30,1,1,-1,12:03,1,2,4
2023170S42373,2023,170S42373,1,2,2,2,50,8,3,0,0,1,0,0,9,-1,-1,-1,0,0.01693,0.98307,-1,6,40,1,1,1,14:45,1,2,9
2023311369971,2023,311369971,1,1,2,2,63,9,3,0,0,1,0,0,9,8,E01028206,3,1,0.0,1.0,-1,6,60,2,1,2,14:45,5,2,9
2023041361654,2023,041361654,2,2,2,1,11,3,3,0,0,0,3,0,11,6,E01025562,3,1,0.0,1.0,-1,6,30,1,1,1,16:34,2,2,11
2023520300610,2023,520300610,2,54,2,1,36,7,3,0,0,0,4,0,11,-1,-1,-1,0,0.06125,0.93875,-1,6,40,1,6,4,06:00,3,3,11
202360A098337,2023,60A098337,1,1,1,1,58,9,1,0,0,0,0,0,19,-1,-1,-1,0,0.0,0.0,-1,6,60,1,1,1,05:20,7,1,19
2023010442532,2023,010442532,2,1,1,1,24,5,2,0,0,0,0,0,90,9,E01022381,-1,0,1.0,0.0,-1,6,30,1,1,1,12:15,1,2,90
2023320695819,2023,320695819,1,1,1,1,30,6,3,0,0,0,0,0,9,-1,-1,-1,0,0.08719,0.91281,-1,3,70,1,6,1,21:28,5,1,9
2023311296410,2023,311296410,2,1,1,1,15,3,3,0,0,0,0,0,1,1,E01013823,3,1,0.0,1.0,-1,6,30,1,1,1,17:29,5,2,1
2023041273164,2023,041273164,1,1,3,2,27,6,3,5,9,0,0,0,0,3,E01025442,3,1,0.0,1.0,-1,6,30,1,1,1,13:30,5,1,9
2023302301157,2023,302301157,1,1,3,1,12,3,2,1,9,0,0,0,0,1,E01013536,-1,0,1.0,0.0,-1,6,60,1,1,1,15:20,5,1,9
2023991311451,2023,991311451,1,1,3,2,26,6,3,1,2,0,0,0,0,3,-1,3,1,0.0,1.0,-1,3,30,1,1,1,09:40,2,1,9
2023041389171,2023,041389171,1,2,1,2,29,6,3,0,0,0,0,0,9,10,E01013352,3,1,0.0,1.0,-1,3,70,1,1,1,09:28,3,3,9
2023461354277,2023,461354277,1,1,1,2,20,4,3,0,0,0,0,0,19,5,E01024134,3,1,0.0,1.0,-1,6,50,1,6,1,02:50,2,1,19
2023010425575,2023,010425575,1,1,3,2,56,9,3,5,3,0,0,0,0,7,E01002122,-1,0,0.0,1.0,-1,6,30,1,1,1,08:05,2,1,3
2023361268656,2023,361268656,2,1,1,1,43,7,3,0,0,0,0,0,1,5,E01033539,3,1,0.0,1.0,-1,6,30,1,1,1,07:30,2,2,1
2023122300513,2023,122300513,2,1,1,1,49,8,3,0,0,0,0,0,5,7,E01012176,-1,0,0.22712,0.77288,-1,6,60,1,1,1,12:09,1,2,5
2023311399700,2023,311399700,2,2,1,1,29,6,3,0,0,0,0,0,9,-1,-1,3,1,0.0,1.0,-1,3,70,2,6,2,15:16,4,2,9
2023461382309,2023,461382309,2,4,2,2,12,3,3,0,0,2,0,0,9,-1,-1,3,1,0.0,1.0,-1,3,40,2,4,2,19:05,1,2,9
2023010423730,2023,010423730,2,1,1,1,31,6,3,0,0,0,0,0,9,2,E01003540,-1,0,0.0,1.0,-1,7,30,1,4,2,20:35,5,3,9
2023211285017,2023,211285017,2,2,1,2,29,6,3,0,0,0,0,0,9,4,E01029646,3,1,0.0,1.0,-1,6,60,3,1,4,13:00,5,2,9
2023332300969,2023,332300969,2,3,2,2,13,3,3,0,0,2,0,0,9,7,E01026979,-1,0,0.00578,0.99422,-1,6,30,1,1,1,07:50,3,3,9
2023421358243,2023,421358243,1,1,1,1,17,4,3,0,0,0,0,0,9,6,E01015863,3,1,0.0,1.0,-1,2,30,1,1,1,12:27,1,3,9
2023461394312,2023,461394312,2,1,1,2,-1,-1,3,0,0,0,0,0,9,8,E01032620,3,1,0.0,1.0,-1,6,30,1,1,1,13:15,4,2,9
2023471265084,2023,471265084,2,1,2,2,-1,-1,3,0,0,0,3,0,11,1,E01016942,3,1,0.0,1.0,-1,3,20,1,1,1,14:10,4,2,11
2023471350909,2023,471350909,2,3,2,2,-1,-1,3,0,0,0,4,0,11,6,E01016887,3,1,0.0,1.0,-1,3,20,1,1,1,16:20,7,2,11
2023522300679,2023,522300679,1,1,2,2,23,5,3,0,0,0,3,0,11,7,E01014598,-1,0,0.05394,0.94606,-1,6,30,1,1,2,07:52,3,2,11
2023010436310,2023,010436310,2,1,1,1,57,9,3,0,0,0,0,0,1,3,E01001834,-1,0,0.0,1.0,-1,6,20,1,1,1,11:29,6,2,1
2023010471443,2023,010471443,2,1,1,1,17,4,2,0,0,0,0,0,3,1,E01001052,-1,0,1.0,0.0,-1,6,30,2,4,2,20:42,4,2,3
2023101427874,2023,101427874,1,1,3,1,37,7,2,9,9,0,0,0,0,7,E01017608,7,1,1.0,0.0,-1,6,60,2,6,2,23:30,4,1,9
2023010455566,2023,010455566,2,1,1,1,19,4,3,0,0,0,0,0,9,4,E01003684,-1,0,0.0,1.0,-1,6,30,2,4,2,22:48,1,2,9
2023552301429,2023,552301429,1,1,1,2,59,9,3,0,0,0,0,0,9,5,E01015461,-1,0,0.03866,0.96134,-1,6,30,1,1,1,09:52,4,2,9
202354A071223,2023,54A071223,1,1,3,1,16,4,3,5,2,0,0,0,0,6,E01032051,-1,0,0.08015,0.91985,-1,6,30,1,1,1,16:14,6,1,19
202360A076803,2023,60A076803,1,1,3,1,12,3,3,1,3,0,0,0,0,-1,-1,-1,0,0.12496,0.87504,-1,6,30,1,1,1,15:30,2,1,9
2023070397533,2023,070397533,1,1,1,1,12,3,2,0,0,0,0,0,1,-1,-1,-1,0,1.0,0.0,-1,6,20,1,1,1,08:54,5,2,1
2023010486623,2023,010486623,1,1,1,1,53,8,3,0,0,0,0,0,3,2,E01000941,-1,0,0.0,1.0,-1,2,20,1,1,1,14:20,7,2,3
2023170S10263,2023,170S10263,1,1,1,1,78,11,3,0,0,0,0,0,9,9,E01012188,-1,0,0.04851,0.95149,-1,6,30,1,1,1,10:25,2,2,9
2023170S11643,2023,170S11643,3,2,2,2,2,1,3,0,0,2,0,0,9,1,E01012195,-1,0,0.03654,0.96346,-1,6,30,1,1,1,11:34,2,3,9
2023201291173,2023,201291173,1,2,2,1,24,5,3,0,0,1,0,0,9,3,E01009552,3,1,0.0,1.0,-1,6,30,1,1,1,07:35,5,3,9
2023221295250,2023,221295250,2,2,1,2,27,6,3,0,0,0,0,0,9,3,E01014145,3,1,0.0,1.0,-1,6,60,1,1,1,11:59,1,2,9
2023451367078,2023,451367078,1,1,2,2,21,5,3,0,0,2,0,0,9,2,E01001959,3,1,0.0,1.0,-1,3,70,1,1,2,08:33,2,2,9
2023991388773,2023,991388773,2,2,1,2,40,7,3,0,0,0,0,0,9,7,-1,3,1,0.0,1.0,-1,6,30,1,4,2,17:50,6,2,9
2023061294858,2023,061294858,1,1,1,1,42,7,2,0,0,0,0,0,19,4,E01005531,5,1,1.0,0.0,-1,6,20,1,1,1,15:48,7,2,19