collision_index,collision_year,collision_ref_no,vehicle_reference,casualty_reference,casualty_class,sex_of_casualty,age_of_casualty,age_band_of_casualty,casualty_severity,pedestrian_location,pedestrian_movement,car_passenger,bus_or_coach_passenger,pedestrian_road_maintenance_worker,casualty_type,casualty_imd_decile,lsoa_of_casualty,enhanced_casualty_severity,casualty_injury_based,casualty_adjusted_severity_serious,casualty_adjusted_severity_slight,casualty_distance_banding,road_type,speed_limit,weather_conditions,light_conditions,road_surface_conditions,time,day_of_week,number_of_vehicles,vehicle_type
2023131311863,2023,131311863,1,1,3,2,7,2,3,10,1,0,0,2,0,1,E01010736,3,1,0.0,1.0,-1,6,30,1,1,1,15:10,6,1,9
2023501391285,2023,501391285,1,1,3,2,47,8,3,6,9,0,0,0,0,7,E01018971,3,1,0.0,1.0,-1,6,30,4,1,1,09:25,5,1,19
2023501375821,2023,501375821,1,1,1,1,50,8,2,0,0,0,0,0,3,4,E01018892,6,1,1.0,0.0,-1,6,60,2,1,2,13:04,6,1,3
2023131331634,2023,131331634,1,1,1,1,79,11,3,0,0,0,0,0,9,7,E01011893,3,1,0.0,1.0,-1,6,40,1,4,1,21:27,5,1,9
2023201288833,2023,201288833,2,1,1,-1,39,7,3,0,0,0,0,0,9,1,E01009889,3,1,0.0,1.0,-1,1,40,1,1,1,15:37,6,2,9
2023201300483,2023,201300483,1,1,1,1,24,5,3,0,0,0,0,0,9,2,E01009786,3,1,0.0,1.0,-1,6,30,3,4,3,03:04,5,1,9
2023211287668,2023,211287668,1,1,1,1,29,6,3,0,0,0,0,0,9,5,E01029658,3,1,0.0,1.0,-1,6,30,1,1,1,13:11,5,2,9
2023411323508,2023,411323508,2,1,1,1,39,7,3,0,0,0,0,0,9,7,E01023736,3,1,0.0,1.0,-1,3,50,1,1,1,17:23,6,2,9
2023552301295,2023,552301295,1,1,1,2,32,6,3,0,0,0,0,0,5,7,E01020428,-1,0,0.13471,0.86529,-1,6,30,1,1,2,08:17,5,1,5
2023041367799,2023,041367799,2,1,1,2,54,8,3,0,0,0,0,0,9,6,E01029778,3,1,0.0,1.0,-1,3,70,1,1,1,16:38,5,2,9
2023320044700,2023,320044700,1,1,2,2,12,3,3,0,0,1,0,0,9,8,E01026313,-1,0,0.05541,0.94459,-1,6,30,1,4,2,21:30,1,2,9
2023552300161,2023,552300161,2,2,1,2,54,8,3,0,0,0,0,0,9,9,E01022372,-1,0,0.05876,0.94124,-1,6,60,1,1,1,14:43,2,2,9
2023501306596,2023,501306596,2,1,1,2,50,8,3,0,0,0,0,0,19,1,E01015030,3,1,0.0,1.0,-1,6,60,2,1,2,16:53,5,2,19
2023010479504,2023,010479504,1,1,2,2,0,1,3,0,0,0,4,0,11,2,E01001878,-1,0,0.0,1.0,-1,6,20,1,1,1,12:14,4,1,11
2023430163830,2023,430163830,1,1,3,1,80,11,3,5,2,0,0,0,0,1,E01016441,-1,0,0.24095,0.75905,-1,6,30,1,1,1,14:47,7,1,1
2023531263143,2023,531263143,3,4,1,2,29,6,3,0,0,0,0,0,9,7,W01001584,3,1,0.0,1.0,-1,6,60,5,6,2,16:37,5,5,9
2023991345271,2023,991345271,1,1,1,2,31,6,3,0,0,0,0,0,9,6,-1,3,1,0.0,1.0,-1,6,60,1,6,1,22:30,1,1,9
2023170S40273,2023,170S40273,1,4,2,1,22,5,3,0,0,2,0,0,9,1,E01012037,-1,0,0.08987,0.91013,-1,3,70,1,6,1,18:47,3,2,9
2023501316387,2023,501316387,1,1,1,1,55,8,3,0,0,0,0,0,9,-1,-1,3,1,0.0,1.0,-1,6,30,1,1,1,10:26,5,3,9
2023471363276,2023,471363276,1,1,1,1,40,7,3,0,0,0,0,0,3,8,E01021233,3,1,0.0,1.0,-1,6,30,2,1,1,06:37,6,2,3
2023991309484,2023,991309484,1,1,1,1,56,9,2,0,0,0,0,0,8,2,-1,5,1,1.0,0.0,-1,3,70,1,4,1,23:20,6,2,8
2023201311719,2023,201311719,2,5,2,2,63,9,3,0,0,2,0,0,9,9,E01033433,3,1,0.0,1.0,-1,3,30,1,4,2,17:55,6,2,9
2023122301299,2023,122301299,1,7,2,1,4,1,3,0,0,2,0,0,9,5,E01027610,-1,0,0.07456,0.92544,-1,6,60,1,1,1,17:15,6,3,9
2023201377110,2023,201377110,2,1,1,2,25,5,3,0,0,0,0,0,9,3,E01009834,3,1,0.0,1.0,-1,6,20,1,1,1,14:57,2,2,9
2023471375415,2023,471375415,1,1,1,1,39,7,2,0,0,0,0,0,9,9,E01031816,5,1,1.0,0.0,-1,3,70,1,1,2,08:50,5,3,9
2023111376700,2023,111376700,1,1,1,1,50,8,3,0,0,0,0,0,11,2,E01008480,3,1,0.0,1.0,-1,6,60,2,1,2,08:15,2,2,11
2023430277504,2023,430277504,1,1,1,1,20,4,3,0,0,0,0,0,3,5,E01016379,-1,0,0.05534,0.94466,-1,6,30,1,1,1,16:45,2,2,3
2023010436329,2023,010436329,1,1,3,2,35,6,2,10,9,0,0,0,0,2,E01001877,-1,0,1.0,0.0,-1,6,20,1,1,1,09:00,6,1,97
2023010467087,2023,010467087,2,1,1,1,45,7,3,0,0,0,0,0,1,3,E01004440,-1,0,0.0,1.0,-1,6,20,1,4,1,05:25,4,2,1
2023010450113,2023,010450113,1,1,1,1,32,6,3,0,0,0,0,0,9,2,E01001218,-1,0,0.0,1.0,-1,3,40,1,4,1,23:20,1,1,9
2023311386688,2023,311386688,2,1,1,1,33,6,3,0,0,0,0,0,9,2,E01013523,3,1,0.0,1.0,-1,6,30,1,4,2,16:10,7,2,9
2023421373739,2023,421373739,2,1,1,1,75,10,3,0,0,0,0,0,9,1,E01021703,3,1,0.0,1.0,-1,6,30,1,6,2,21:51,1,2,9
2023451389719,2023,451389719,2,1,1,2,53,8,3,0,0,0,0,0,9,10,E01030297,3,1,0.0,1.0,-1,6,40,1,1,1,11:10,2,3,9
2023461320641,2023,461320641,1,2,2,1,20,4,3,0,0,-1,0,0,9,6,E01024052,3,1,0.0,1.0,-1,6,30,1,1,1,15:44,2,2,9
2023622300820,2023,622300820,1,1,1,1,86,11,1,0,0,0,0,0,9,9,W01000737,-1,0,0.0,0.0,-1,3,40,1,4,1,20:47,2,2,9
202363A015323,2023,63A015323,1,1,2,2,38,7,2,0,0,1,0,0,9,3,W01000670,-1,0,1.0,0.0,-1,6,30,1,4,2,18:40,3,4,9
2023522301771,2023,522301771,1,1,1,2,30,6,3,0,0,0,0,0,1,7,E01014649,-1,0,0.09393,0.90607,-1,6,20,1,1,1,16:40,2,2,1
2023052302010,2023,052302010,1,2,2,2,75,10,1,0,0,9,0,0,9,8,E01006524,-1,0,0.0,0.0,-1,6,30,2,4,5,21:23,7,1,9
2023411311402,2023,411311402,2,1,1,1,27,6,3,0,0,0,0,0,9,6,E01029925,3,1,0.0,1.0,-1,7,70,1,1,1,10:08,4,2,9
2023411391322,2023,411391322,2,2,1,1,49,8,3,0,0,0,0,0,9,9,E01002537,3,1,0.0,1.0,-1,6,30,1,1,1,10:40,6,2,9
2023070044524,2023,070044524,2,1,1,2,23,5,3,0,0,0,0,0,9,5,E01032911,-1,0,0.04878,0.95122,-1,3,60,1,4,1,19:30,1,2,9
2023351299297,2023,351299297,1,1,1,1,21,5,3,0,0,0,0,0,19,9,E01027120,3,1,0.0,1.0,-1,3,70,1,1,1,07:33,6,5,19
2023031321536,2023,031321536,2,3,2,2,66,10,3,0,0,2,0,0,9,-1,-1,3,1,0.0,1.0,-1,6,30,9,1,-1,14:30,4,2,9
2023061381833,2023,061381833,2,1,1,1,63,9,3,0,0,0,0,0,9,-1,-1,3,1,0.0,1.0,-1,3,40,1,4,2,16:46,7,2,9
2023411297785,2023,411297785,2,1,1,2,60,9,3,0,0,0,0,0,9,8,E01023837,3,1,0.0,1.0,-1,6,30,2,1,2,18:05,5,2,9
2023430111832,2023,430111832,2,1,1,1,33,6,3,0,0,0,0,0,9,4,E01017570,-1,0,0.01154,0.98846,-1,3,70,1,1,1,11:25,1,2,9
2023010434241,2023,010434241,1,1,2,2,66,10,3,0,0,0,3,0,11,4,E01003257,-1,0,0.0,1.0,-1,6,30,1,1,1,14:22,7,1,11
2023101319315,2023,101319315,2,1,1,1,21,5,3,0,0,0,0,0,9,1,E01008703,3,1,0.0,1.0,-1,3,50,1,1,1,15:50,3,2,9
2023131393072,2023,131393072,1,1,2,2,33,6,3,0,0,1,0,0,9,8,E01011276,3,1,0.0,1.0,-1,1,20,4,1,2,12:21,6,2,9
202363A007223,2023,63A007223,1,1,1,2,19,4,3,0,0,0,0,0,9,7,W01000642,-1,0,0.11353,0.88647,-1,6,50,1,6,1,17:50,2,1,9
202363D011823,2023,63D011823,1,1,1,2,35,6,3,0,0,0,0,0,9,9,E01028932,-1,0,0.02937,0.97063,-1,6,30,1,1,2,09:01,4,2,9
2023031391204,2023,031391204,1,1,1,2,64,9,3,0,0,0,0,0,9,9,E01019085,3,1,0.0,1.0,-1,3,50,1,6,1,18:06,5,1,9
2023111308632,2023,111308632,1,1,1,1,45,7,2,0,0,0,0,0,9,2,E01008252,7,1,1.0,0.0,-1,6,30,1,1,2,17:40,4,2,9
2023131299530,2023,131299530,2,1,2,2,27,6,3,0,0,1,0,0,9,2,E01010910,3,1,0.0,1.0,-1,6,30,2,1,2,17:25,6,2,9
2023340WN0462,2023,340WN0462,1,2,1,2,39,7,3,0,0,0,0,0,9,3,E01015744,-1,0,0.0548,0.9452,-1,6,50,1,1,1,10:30,3,2,9
2023340WN5112,2023,340WN5112,2,1,1,2,53,8,3,0,0,0,0,0,9,2,E01027178,-1,0,0.02234,0.97766,-1,1,30,1,1,1,15:31,2,2,9
2023440228541,2023,440228541,1,1,1,2,39,7,3,0,0,0,0,0,9,4,E01022953,-1,0,0.02917,0.97083,-1,6,40,1,1,1,14:29,6,3,9
2023471262239,2023,471262239,1,1,1,1,22,5,3,0,0,0,0,0,9,8,E01021107,3,1,0.0,1.0,-1,6,30,4,4,2,01:20,5,1,9
2023531271170,2023,531271170,1,1,1,2,30,6,3,0,0,0,0,0,9,5,E01032295,3,1,0.0,1.0,-1,6,30,1,4,1,22:04,4,2,9
2023010433907,2023,010433907,1,1,2,2,68,10,3,0,0,0,3,0,11,2,E01000930,-1,0,0.0,1.0,-1,6,20,1,1,1,09:30,6,2,11
2023131269015,2023,131269015,1,1,2,2,37,7,3,0,0,0,0,0,22,2,E01011470,3,1,0.0,1.0,-1,6,30,4,4,2,23:15,6,1,22
2023311270586,2023,311270586,1,1,3,1,13,3,3,4,3,0,0,0,0,5,E01019512,3,1,0.0,1.0,-1,3,30,2,1,2,08:25,3,1,9
2023531271177,2023,531271177,1,2,2,1,80,11,3,0,0,1,0,0,9,10,E01022426,3,1,0.0,1.0,-1,6,30,1,4,1,22:34,4,3,9
2023201448478,2023,201448478,2,1,1,1,19,4,3,0,0,0,0,0,9,7,E01010219,3,1,0.0,1.0,-1,6,30,1,4,1,21:45,5,2,9
2023332300921,2023,332300921,1,1,2,2,65,9,3,0,0,1,0,0,9,7,E01025826,-1,0,0.04163,0.95837,-1,6,60,1,1,1,15:12,1,2,9
2023451350792,2023,451350792,2,2,2,2,62,9,3,0,0,1,0,0,9,10,E01016208,3,1,0.0,1.0,-1,3,40,1,1,1,19:10,7,2,9
2023991330759,2023,991330759,2,2,1,2,26,6,3,0,0,0,0,0,9,2,-1,3,1,0.0,1.0,-1,3,70,1,1,1,19:20,3,2,9
2023010442348,2023,010442348,1,1,2,2,89,11,3,0,0,0,3,0,11,4,E01001615,-1,0,0.0,1.0,-1,6,30,1,1,1,12:25,5,1,11
2023010460397,2023,010460397,1,1,1,1,67,10,2,0,0,0,0,0,19,-1,-1,-1,0,1.0,0.0,-1,3,30,1,1,1,14:37,1,2,19
2023010475831,2023,010475831,1,1,1,1,76,11,3,0,0,0,0,0,1,7,E01004683,-1,0,0.0,1.0,-1,6,20,2,1,2,09:02,7,2,1
2023010466338,2023,010466338,1,1,1,1,35,6,3,0,0,0,0,0,9,10,E01030050,-1,0,0.0,1.0,-1,6,20,1,4,1,02:36,7,4,9
2023131365702,2023,131365702,2,4,2,1,7,2,3,0,0,2,0,0,9,1,E01011673,3,1,0.0,1.0,-1,6,30,1,1,1,12:12,1,5,9
2023161272607,2023,161272607,2,1,1,2,28,6,3,0,0,0,0,0,9,2,E01012763,3,1,0.0,1.0,-1,3,30,1,4,1,22:55,1,2,9
2023201389029,2023,201389029,1,2,2,1,67,10,3,0,0,1,0,0,9,1,E01033642,3,1,0.0,1.0,-1,6,30,1,1,1,16:00,3,2,9
2023401380390,2023,401380390,2,3,2,1,17,4,3,0,0,2,0,0,9,6,E01017550,3,1,0.0,1.0,-1,6,30,1,1,1,10:44,5,2,9
2023052301688,2023,052301688,3,2,1,1,58,9,3,0,0,0,0,0,19,5,E01006427,-1,0,0.01922,0.98078,-1,6,30,2,1,1,13:20,6,3,19
2023052301836,2023,052301836,1,1,1,1,22,5,2,0,0,0,0,0,1,9,E01007151,-1,0,1.0,0.0,-1,6,30,1,1,1,16:25,7,3,1
2023451367163,2023,451367163,2,1,1,1,56,9,2,0,0,0,0,0,1,9,E01030960,7,1,1.0,0.0,-1,6,50,2,4,2,06:28,5,2,1
2023201282134,2023,201282134,1,1,1,2,51,8,3,0,0,0,0,0,9,1,E01009021,3,1,0.0,1.0,-1,1,30,1,1,1,14:52,1,2,9
2023302300382,2023,302300382,2,1,1,1,75,10,3,0,0,0,0,0,9,9,E01019430,-1,0,0.08903,0.91097,-1,6,40,9,1,1,16:39,1,2,9
2023361297627,2023,361297627,2,1,1,2,40,7,2,0,0,0,0,0,9,5,E01026487,7,1,1.0,0.0,-1,6,50,2,1,2,09:40,5,2,9
2023547482623,2023,547482623,2,1,1,1,51,8,3,0,0,0,0,0,9,6,E01015559,-1,0,0.00303,0.99697,-1,6,30,1,1,1,13:50,5,2,9
2023010431821,2023,010431821,1,1,3,1,26,6,2,5,9,0,0,0,0,8,E01001526,-1,0,1.0,0.0,-1,3,20,2,4,2,18:27,1,1,9
2023041331940,2023,041331940,2,2,2,2,70,10,3,0,0,0,4,0,11,4,E01025113,3,1,0.0,1.0,-1,6,40,1,1,1,20:40,5,2,11
2023201399254,2023,201399254,1,1,1,1,29,6,1,0,0,0,0,0,9,1,E01009271,1,1,0.0,0.0,-1,3,30,1,4,2,02:13,2,2,9
2023231321895,2023,231321895,1,2,2,2,6,2,3,0,0,1,0,0,9,6,E01031051,3,1,0.0,1.0,-1,6,60,2,1,2,16:15,1,1,9
2023471317420,2023,471317420,2,3,1,2,35,6,3,0,0,0,0,0,9,5,E01031426,3,1,0.0,1.0,-1,1,50,1,1,1,20:36,6,2,9
2023552301232,2023,552301232,1,1,1,1,33,6,3,0,0,0,0,0,9,6,E01020494,-1,0,0.08755,0.91245,-1,6,60,1,6,2,21:55,6,1,9
2023351321594,2023,351321594,2,1,1,1,38,7,3,0,0,0,0,0,1,3,E01018093,3,1,0.0,1.0,-1,6,30,1,1,1,14:42,4,2,1
2023361354118,2023,361354118,1,1,1,1,66,10,2,0,0,0,0,0,9,8,E01026772,5,1,1.0,0.0,-1,6,60,1,1,1,17:00,3,2,9
2023131357944,2023,131357944,1,1,3,2,15,3,3,5,3,0,0,2,0,2,E01010961,3,1,0.0,1.0,-1,6,30,2,1,2,07:40,3,1,9
2023440217556,2023,440217556,1,1,3,1,68,10,3,9,7,0,0,0,0,1,E01006880,-1,0,0.26143,0.73857,-1,6,30,1,4,1,23:39,5,1,9
2023010427643,2023,010427643,2,1,1,2,41,7,3,0,0,0,0,0,3,2,E01001971,-1,0,0.0,1.0,-1,9,20,9,1,9,09:50,6,2,3
2023131340396,2023,131340396,1,1,1,1,75,10,3,0,0,0,0,0,9,6,E01010882,3,1,0.0,1.0,-1,6,20,1,1,1,15:38,5,2,9
2023231345028,2023,231345028,1,1,3,1,10,2,3,5,3,0,0,0,0,1,E01031057,3,1,0.0,1.0,-1,6,30,1,1,1,14:35,7,1,9
2023010447783,2023,010447783,2,1,1,2,22,5,3,0,0,0,0,0,1,2,E01004740,-1,0,0.0,1.0,-1,6,20,1,1,1,17:29,5,2,1
2023201405354,2023,201405354,1,1,1,1,27,6,2,0,0,0,0,0,1,2,E01009650,7,1,1.0,0.0,-1,3,30,1,1,1,16:05,5,2,1
2023401365962,2023,401365962,2,1,1,1,35,6,2,0,0,0,0,0,1,7,E01017516,7,1,1.0,0.0,-1,6,30,1,1,2,13:00,1,2,1
2023332300219,2023,332300219,1,1,1,1,36,7,1,0,0,0,0,0,5,7,E01025937,-1,0,0.0,0.0,-1,6,40,1,4,2,07:05,6,2,5
2023052301541,2023,052301541,1,1,2,1,38,7,3,0,0,2,0,0,8,1,E01007293,-1,0,0.02157,0.97843,-1,6,30,1,1,1,15:30,7,1,8
2023010486607,2023,010486607,1,1,1,2,37,7,3,0,0,0,0,0,9,-1,-1,-1,0,0.0,1.0,-1,1,30,1,1,9,13:16,7,2,9
2023070568000,2023,070568000,1,2,1,2,17,4,3,0,0,0,0,0,9,8,E01012485,-1,0,0.01301,0.98699,-1,1,40,1,1,1,16:30,2,2,9
2023302300758,2023,302300758,1,1,1,2,44,7,3,0,0,0,0,0,9,10,E01019831,-1,0,0.0534,0.9466,-1,6,30,1,1,1,11:15,2,2,9
2023421273889,2023,421273889,1,1,1,1,22,5,3,0,0,0,0,0,9,-1,-1,3,1,0.0,1.0,-1,6,40,1,1,2,10:09,4,2,9
2023440295523,2023,440295523,1,1,1,1,50,8,3,0,0,0,0,0,19,9,E01022920,-1,0,0.13306,0.86694,-1,6,30,5,4,2,22:26,7,1,19
2023101305373,2023,101305373,1,1,2,1,10,2,3,0,0,0,0,0,10,7,E01027510,3,1,0.0,1.0,-1,6,60,1,1,1,15:55,5,1,10
2023010471750,2023,010471750,1,1,1,1,59,9,3,0,0,0,0,0,9,2,E01001361,-1,0,0.0,1.0,-1,9,20,8,1,1,03:25,3,2,9
2023131372211,2023,131372211,2,1,1,1,57,9,3,0,0,0,0,0,9,9,E01011177,3,1,0.0,1.0,-1,6,30,8,1,2,13:27,4,2,9
2023430412328,2023,430412328,1,1,1,1,30,6,3,0,0,0,0,0,9,3,E01016834,-1,0,0.00623,0.99377,-1,1,30,1,4,1,06:00,6,2,9
2023461377092,2023,461377092,1,1,3,2,11,3,3,9,8,0,0,0,0,10,E01024327,3,1,0.0,1.0,-1,6,30,1,1,1,16:23,5,1,9
2023471384725,2023,471384725,2,1,1,1,21,5,3,0,0,0,0,0,1,1,E01016910,3,1,0.0,1.0,-1,6,30,1,1,1,13:45,4,2,1
2023201370567,2023,201370567,1,2,2,1,16,4,3,0,0,0,0,0,2,4,E01010145,3,1,0.0,1.0,-1,6,30,1,1,1,14:34,5,2,2
2023411344264,2023,411344264,2,1,1,1,33,6,3,0,0,0,0,0,2,8,E01023576,3,1,0.0,1.0,-1,6,40,1,1,1,10:30,4,3,2
2023320518173,2023,320518173,1,2,2,1,10,2,3,0,0,2,0,0,9,1,E01009579,-1,0,0.13831,0.86169,-1,6,50,1,6,1,00:15,2,1,9
2023401315570,2023,401315570,1,1,3,2,75,10,2,8,4,0,0,0,0,10,E01017625,7,1,1.0,0.0,-1,6,20,1,1,1,12:00,6,1,9
2023991381031,2023,991381031,1,1,3,1,13,3,2,5,3,0,0,0,0,3,-1,7,1,1.0,0.0,-1,6,30,1,1,2,15:37,5,1,9
2023471314522,2023,471314522,2,1,1,1,62,9,3,0,0,0,0,0,1,7,E01016870,3,1,0.0,1.0,-1,6,20,1,1,1,17:03,6,2,1
2023531272586,2023,531272586,1,1,1,1,24,5,3,0,0,0,0,0,3,8,E01022452,3,1,0.0,1.0,-1,6,30,1,4,2,19:10,7,1,3
2023131290311,2023,131290311,1,1,1,1,47,8,3,0,0,0,0,0,9,3,E01011048,3,1,0.0,1.0,-1,6,30,2,4,2,02:05,7,2,9
2023010437989,2023,010437989,1,1,3,1,65,9,3,4,2,0,0,0,0,1,E01002782,-1,0,0.0,1.0,-1,6,20,1,1,2,10:40,3,1,8
2023471356167,2023,471356167,1,2,3,1,25,5,3,1,9,0,0,0,0,3,E01031483,3,1,0.0,1.0,-1,6,20,1,1,1,08:23,6,1,9
2023440096008,2023,440096008,1,1,1,2,31,6,3,0,0,0,0,0,9,9,E01032753,-1,0,0.04564,0.95436,-1,6,30,2,4,2,20:00,5,2,9
2023201384265,2023,201384265,1,1,3,2,44,7,2,1,1,0,0,2,0,2,E01009014,7,1,1.0,0.0,-1,6,30,1,1,1,14:15,7,1,9
2023311280501,2023,311280501,1,1,3,1,14,3,3,5,1,0,0,0,0,-1,-1,3,1,0.0,1.0,-1,6,30,1,1,1,15:58,5,1,3
2023991380137,2023,991380137,1,1,3,2,65,9,3,5,3,0,0,0,0,7,-1,3,1,0.0,1.0,-1,6,30,1,1,1,14:30,3,1,9
2023131374632,2023,131374632,1,1,3,1,40,7,2,8,3,0,0,2,0,1,E01010611,7,1,1.0,0.0,-1,6,30,2,4,2,17:22,3,1,9
2023010428394,2023,010428394,1,1,1,1,26,6,2,0,0,0,0,0,1,4,E01004591,-1,0,1.0,0.0,-1,6,20,1,1,1,17:30,7,2,1
2023131321281,2023,131321281,2,1,1,1,34,6,3,0,0,0,0,0,3,6,E01011480,3,1,0.0,1.0,-1,6,30,1,1,1,13:11,4,2,3
2023041314295,2023,041314295,1,1,3,1,8,2,3,5,4,0,0,0,0,10,E01025410,3,1,0.0,1.0,-1,6,20,1,1,1,18:23,6,1,9
2023421368077,2023,421368077,2,1,1,1,51,8,3,0,0,0,0,0,9,6,E01021761,3,1,0.0,1.0,-1,6,40,1,1,1,12:43,5,2,9
2023461265235,2023,461265235,2,1,1,1,63,9,3,0,0,0,0,0,1,10,E01024453,3,1,0.0,1.0,-1,6,30,3,4,2,07:23,2,2,1
2023451352259,2023,451352259,1,1,1,2,38,7,3,0,0,0,0,0,9,8,E01032100,3,1,0.0,1.0,-1,6,30,1,1,1,16:48,4,2,9
2023461315778,2023,461315778,3,1,1,1,59,9,3,0,0,0,0,0,9,5,E01021443,3,1,0.0,1.0,-1,3,50,1,1,1,14:16,1,4,9
2023501381065,2023,501381065,1,1,2,2,19,4,3,0,0,2,0,0,9,-1,-1,3,1,0.0,1.0,-1,1,30,4,4,1,17:25,5,2,9
2023311375597,2023,311375597,2,1,1,1,41,7,3,0,0,0,0,0,19,-1,-1,3,1,0.0,1.0,-1,3,40,1,1,2,07:35,6,2,19
2023010435083,2023,010435083,1,1,3,1,7,2,3,1,3,0,0,0,0,2,E01003190,-1,0,0.0,1.0,-1,6,30,1,1,1,15:50,5,1,19
2023061325920,2023,061325920,1,3,2,2,20,4,2,0,0,0,0,0,3,1,E01005706,6,1,1.0,0.0,-1,6,30,1,1,1,18:20,3,2,3
2023052302453,2023,052302453,2,2,1,1,37,7,3,0,0,0,0,0,9,6,E01007037,-1,0,0.06879,0.93121,-1,3,40,1,1,1,16:49,6,3,9
2023461363329,2023,461363329,1,3,2,2,61,9,2,0,0,2,0,0,9,2,E01004036,6,1,1.0,0.0,-1,6,30,2,4,2,22:09,5,2,9
2023211324240,2023,211324240,1,1,1,1,51,8,3,0,0,0,0,0,19,5,E01028828,3,1,0.0,1.0,-1,6,30,1,4,1,22:00,5,2,19
2023010481966,2023,010481966,1,1,1,1,30,6,3,0,0,0,0,0,9,5,E01004523,-1,0,0.0,1.0,-1,7,20,2,4,2,18:00,2,2,9
2023041347976,2023,041347976,1,1,1,2,35,6,3,0,0,0,0,0,9,2,E01025055,3,1,0.0,1.0,-1,3,30,1,1,1,09:44,7,2,9
2023010439824,2023,010439824,1,2,3,1,50,8,3,5,9,0,0,0,0,2,E01003108,-1,0,0.0,1.0,-1,6,20,2,1,2,15:40,5,1,3
2023010471497,2023,010471497,1,1,3,1,16,4,2,1,3,0,0,0,0,2,E01001460,-1,0,1.0,0.0,-1,6,20,8,1,2,09:17,5,1,97
2023531389010,2023,531389010,1,1,3,1,46,8,3,6,9,0,0,2,0,1,E01022333,3,1,0.0,1.0,-1,6,30,1,1,1,11:00,6,1,9
2023010449536,2023,010449536,1,1,1,2,30,6,3,0,0,0,0,0,1,6,E01001869,-1,0,0.0,1.0,-1,6,20,1,1,1,19:05,6,1,1
2023201387614,2023,201387614,2,2,1,2,41,7,3,0,0,0,0,0,9,2,E01009505,3,1,0.0,1.0,-1,6,30,1,4,1,17:00,6,2,9
2023631369962,2023,631369962,2,1,1,2,81,11,2,0,0,0,0,0,9,6,W01000540,7,1,1.0,0.0,-1,6,60,5,1,2,12:25,5,2,9
2023440297467,2023,440297467,2,1,1,1,55,8,3,0,0,0,0,0,1,9,E01022837,-1,0,0.1711,0.8289,-1,6,30,2,1,2,11:25,2,2,1
202360A182544,2023,60A182544,2,1,1,1,40,7,2,0,0,0,0,0,1,-1,-1,-1,0,1.0,0.0,-1,1,40,1,1,1,10:39,6,2,1
2023201284376,2023,201284376,2,2,2,1,33,6,3,0,0,2,0,0,9,-1,-1,3,1,0.0,1.0,-1,3,40,2,1,2,13:06,4,3,9
2023461383987,2023,461383987,2,1,2,2,46,8,3,0,0,1,0,0,9,-1,-1,3,1,0.0,1.0,-1,3,40,1,1,1,14:38,6,2,9
2023010437201,2023,010437201,1,1,1,1,49,8,3,0,0,0,0,0,1,6,E01001897,-1,0,0.0,1.0,-1,6,20,1,1,1,10:15,4,2,1
2023010485120,2023,010485120,2,1,1,1,63,9,3,0,0,0,0,0,1,5,E01033708,-1,0,0.0,1.0,-1,6,20,1,1,1,11:15,4,2,1
2023010476062,2023,010476062,2,1,1,1,34,6,3,0,0,0,0,0,3,2,E01000901,-1,0,0.0,1.0,-1,3,20,1,1,1,14:09,1,2,3
2023351322749,2023,351322749,2,1,1,2,59,9,3,0,0,0,0,0,1,3,E01015615,3,1,0.0,1.0,-1,6,30,1,1,1,11:42,4,2,1
2023041290913,2023,041290913,2,1,1,2,43,7,3,0,0,0,0,0,9,1,E01012650,3,1,0.0,1.0,-1,6,30,1,1,2,11:02,2,2,9
2023161388903,2023,161388903,1,1,1,2,21,5,3,0,0,0,0,0,9,1,E01012932,3,1,0.0,1.0,-1,6,60,1,6,2,23:11,2,1,9
2023622300466,2023,622300466,2,2,1,1,48,8,3,0,0,0,0,0,9,10,W01001733,-1,0,0.03,0.97,-1,6,20,1,1,1,19:49,5,2,9
2023010458050,2023,010458050,1,2,2,2,62,9,3,0,0,0,3,0,11,4,E01002486,-1,0,0.0,1.0,-1,2,30,2,1,2,15:55,1,2,11
2023052400001,2023,052400001,2,1,1,2,32,6,3,0,0,0,0,0,9,4,E01006851,-1,0,0.07095,0.92905,-1,3,50,4,4,1,07:50,6,2,9
2023622300978,2023,622300978,2,5,2,1,21,5,3,0,0,2,0,0,9,4,W01001709,-1,0,0.0156,0.9844,-1,6,40,1,1,1,07:13,2,3,9
2023010436382,2023,010436382,1,1,1,1,32,6,3,0,0,0,0,0,9,3,E01004373,-1,0,0.0,1.0,-1,1,30,1,1,1,18:55,6,2,9
2023010452686,2023,010452686,2,5,1,2,43,7,3,0,0,0,0,0,9,3,E01000642,-1,0,0.0,1.0,-1,6,30,1,4,1,22:53,7,2,9
2023522400461,2023,522400461,1,1,1,2,68,10,3,0,0,0,0,0,9,10,E01014767,-1,0,0.01156,0.98844,-1,6,20,1,1,1,11:45,6,2,9
2023201339787,2023,201339787,2,1,1,2,37,7,3,0,0,0,0,0,90,3,E01025866,3,1,0.0,1.0,-1,1,40,1,1,1,09:28,6,2,90
2023101390237,2023,101390237,2,1,1,1,54,8,2,0,0,0,0,0,1,4,E01008451,7,1,1.0,0.0,-1,6,60,1,4,2,16:10,2,2,1