collision_index,collision_year,collision_ref_no,vehicle_reference,casualty_reference,casualty_class,sex_of_casualty,age_of_casualty,age_band_of_casualty,casualty_severity,pedestrian_location,pedestrian_movement,car_passenger,bus_or_coach_passenger,pedestrian_road_maintenance_worker,casualty_type,casualty_imd_decile,lsoa_of_casualty,enhanced_casualty_severity,casualty_injury_based,casualty_adjusted_severity_serious,casualty_adjusted_severity_slight,casualty_distance_banding,road_type,speed_limit,weather_conditions,light_conditions,road_surface_conditions,time,day_of_week,number_of_vehicles,vehicle_type
2023411281227,2023,411281227,2,1,1,1,37,7,3,0,0,0,0,0,19,3,E01023958,3,1,0.0,1.0,-1,3,30,2,4,2,05:25,4,2,19
2023991329178,2023,991329178,2,1,1,1,23,5,3,0,0,0,0,0,1,4,-1,3,1,0.0,1.0,-1,6,20,1,1,1,17:20,5,2,1
2023010445054,2023,010445054,2,1,1,1,30,6,3,0,0,0,0,0,9,2,E01002716,-1,0,0.0,1.0,-1,3,40,1,1,1,16:55,5,2,9
2023991299039,2023,991299039,2,1,1,2,46,8,3,0,0,0,0,0,9,7,-1,3,1,0.0,1.0,-1,6,30,1,1,1,16:50,3,2,9
2023010426937,2023,010426937,2,1,1,1,45,7,3,0,0,0,0,0,5,-1,-1,-1,0,0.0,1.0,-1,9,30,9,5,9,20:13,5,2,5
2023041341437,2023,041341437,2,1,2,1,20,4,3,0,0,2,0,0,9,7,E01012727,3,1,0.0,1.0,-1,6,30,1,1,1,11:40,1,2,9
2023471258751,2023,471258751,1,2,3,1,82,11,1,5,1,0,0,0,0,6,E01016859,1,1,0.0,0.0,-1,6,30,2,4,2,22:20,1,1,3
2023122300775,2023,122300775,2,1,1,2,66,10,3,0,0,0,0,0,1,2,E01013347,-1,0,0.07313,0.92687,-1,6,30,1,1,1,09:40,6,2,1
2023061362625,2023,061362625,3,4,2,1,2,1,2,0,0,2,0,0,9,5,E01005521,7,1,1.0,0.0,-1,6,30,1,1,2,13:57,6,4,9
2023161362749,2023,161362749,1,2,2,1,21,5,3,0,0,1,0,0,9,4,E01012929,3,1,0.0,1.0,-1,6,40,1,6,2,22:07,6,1,9
2023501291780,2023,501291780,1,1,2,2,20,4,3,0,0,1,0,0,9,2,E01014522,3,1,0.0,1.0,-1,3,70,2,6,2,22:46,7,1,9
2023010449670,2023,010449670,2,1,1,1,25,5,3,0,0,0,0,0,2,3,E01003562,-1,0,0.0,1.0,-1,3,40,1,1,1,13:50,7,2,2
2023010438521,2023,010438521,1,2,2,-1,-1,-1,3,0,0,1,0,0,9,5,E01002229,-1,0,0.0,1.0,-1,9,20,1,1,1,13:30,5,1,9
2023471361517,2023,471361517,2,1,1,1,45,7,3,0,0,0,0,0,1,-1,-1,3,1,0.0,1.0,-1,6,20,8,1,1,10:20,3,2,1
2023221303038,2023,221303038,1,2,2,2,18,4,3,0,0,1,0,0,9,1,E01032232,3,1,0.0,1.0,-1,3,70,1,1,1,12:50,2,3,9
2023430056752,2023,430056752,2,1,1,2,18,4,3,0,0,0,0,0,9,10,E01016670,-1,0,0.02758,0.97242,-1,6,30,1,4,1,21:56,2,2,9
2023361349454,2023,361349454,2,2,1,1,44,7,3,0,0,0,0,0,19,7,E01026432,3,1,0.0,1.0,-1,6,60,1,1,2,08:40,4,2,19
202360A019478,2023,60A019478,1,1,1,1,27,6,2,0,0,0,0,0,3,-1,-1,-1,0,1.0,0.0,-1,7,70,1,6,2,06:59,5,1,3
2023131326469,2023,131326469,1,1,1,2,20,4,3,0,0,0,0,0,9,2,E01010728,3,1,0.0,1.0,-1,6,30,1,1,1,08:18,5,2,9
2023461376226,2023,461376226,1,1,1,1,40,7,2,0,0,0,0,0,9,8,E01026990,5,1,1.0,0.0,-1,3,60,2,1,2,09:40,7,2,9
2023201314038,2023,201314038,1,1,3,2,19,4,3,5,3,0,0,2,0,-1,-1,3,1,0.0,1.0,-1,3,30,1,1,1,17:45,2,1,11
2023361359683,2023,361359683,1,1,1,1,10,2,3,0,0,0,0,0,1,10,E01026915,3,1,0.0,1.0,-1,6,30,1,1,1,18:27,3,2,1
2023010483617,2023,010483617,1,1,1,2,79,11,3,0,0,0,0,0,9,5,E01003703,-1,0,0.0,1.0,-1,6,30,2,1,2,14:45,3,2,9
2023031337654,2023,031337654,2,1,1,2,23,5,3,0,0,0,0,0,9,-1,-1,3,1,0.0,1.0,-1,6,60,1,1,1,19:06,4,2,9
2023421286959,2023,421286959,1,1,1,2,29,6,3,0,0,0,0,0,9,7,E01029923,3,1,0.0,1.0,-1,6,60,1,6,4,22:20,2,2,9
2023461272966,2023,461272966,1,1,3,1,50,8,2,4,2,0,0,0,0,2,E01024374,7,1,1.0,0.0,-1,6,30,1,1,1,13:36,3,1,21
202360A071083,2023,60A071083,1,1,1,1,30,6,1,0,0,0,0,0,5,-1,-1,-1,0,0.0,0.0,-1,6,60,1,1,1,13:08,7,2,5
2023421387019,2023,421387019,2,1,1,2,59,9,3,0,0,0,0,0,9,4,E01021835,3,1,0.0,1.0,-1,6,30,1,4,1,16:30,6,2,9
2023451275683,2023,451275683,2,1,1,2,63,9,3,0,0,0,0,0,9,8,E01031587,3,1,0.0,1.0,-1,6,40,1,4,1,17:15,6,2,9
2023141281484,2023,141281484,1,1,3,1,34,6,3,5,9,0,0,0,0,6,E01007649,3,1,0.0,1.0,-1,6,20,1,1,1,13:00,7,1,9
2023010437664,2023,010437664,1,1,1,1,8,2,3,0,0,0,0,0,1,2,E01001055,-1,0,0.0,1.0,-1,3,30,9,1,1,16:00,5,1,1
2023041295112,2023,041295112,1,2,3,2,6,2,3,9,5,0,0,0,0,10,E01024963,3,1,0.0,1.0,-1,6,20,1,4,1,21:55,7,1,98
2023131366772,2023,131366772,2,1,1,1,22,5,2,0,0,0,0,0,3,1,E01010880,7,1,1.0,0.0,-1,6,30,1,7,2,05:55,4,2,3
2023010444016,2023,010444016,1,1,1,1,38,7,3,0,0,0,0,0,9,5,E01000705,-1,0,0.0,1.0,-1,3,20,1,4,1,00:32,7,3,9
2023170H10563,2023,170H10563,1,1,1,2,61,9,3,0,0,0,0,0,9,9,E01012299,-1,0,0.04513,0.95487,-1,1,40,1,1,1,14:23,7,2,9
2023421318600,2023,421318600,1,1,3,1,39,7,3,6,3,0,0,0,0,1,E01015897,3,1,0.0,1.0,-1,6,30,1,1,1,10:00,3,1,9
2023010471389,2023,010471389,2,2,1,1,28,6,2,0,0,0,0,0,1,3,E01001768,-1,0,1.0,0.0,-1,2,20,1,4,1,22:05,4,2,1
2023010447015,2023,010447015,1,1,1,1,38,7,2,0,0,0,0,0,3,3,E01002808,-1,0,1.0,0.0,-1,3,20,1,1,1,19:25,1,2,3
2023052301025,2023,052301025,1,1,3,2,46,8,3,5,1,0,0,0,0,-1,-1,-1,0,0.161,0.839,-1,6,20,1,1,2,10:40,7,1,9
2023061364463,2023,061364463,1,2,3,1,49,8,3,10,9,0,0,0,0,9,E01005785,3,1,0.0,1.0,-1,3,30,5,4,2,00:09,5,1,9
2023141311248,2023,141311248,1,1,3,1,56,9,2,10,8,0,0,0,0,1,E01007453,7,1,1.0,0.0,-1,6,30,1,1,1,19:09,3,1,9
2023320739471,2023,320739471,1,1,3,1,11,3,2,5,3,0,0,0,0,3,E01026032,-1,0,1.0,0.0,-1,6,30,1,1,2,15:30,5,1,9
2023010441423,2023,010441423,2,1,1,1,35,6,3,0,0,0,0,0,2,2,E01003523,-1,0,0.0,1.0,-1,1,30,1,6,1,22:50,6,2,2
2023461382535,2023,461382535,1,1,1,1,19,4,3,0,0,0,0,0,3,6,E01024363,3,1,0.0,1.0,-1,6,60,2,4,2,16:25,4,2,3
2023471297212,2023,471297212,1,1,1,1,30,6,2,0,0,0,0,0,3,4,E01016856,7,1,1.0,0.0,-1,6,30,1,1,1,18:40,1,2,3
2023991357980,2023,991357980,2,1,1,1,24,5,2,0,0,0,0,0,3,5,-1,6,1,1.0,0.0,-1,6,60,1,1,1,11:30,7,2,3
2023340WN7352,2023,340WN7352,1,1,2,2,23,5,3,0,0,1,0,0,9,7,E01027354,-1,0,0.1078,0.8922,-1,3,70,1,6,2,17:10,4,5,9
2023991267533,2023,991267533,2,1,1,1,31,6,3,0,0,0,0,0,9,5,-1,3,1,0.0,1.0,-1,6,30,8,1,2,11:43,2,2,9
2023161342269,2023,161342269,1,1,2,2,81,11,3,0,0,0,4,0,11,10,E01013111,3,1,0.0,1.0,-1,6,30,1,1,1,13:00,2,1,11
2023010448872,2023,010448872,1,1,1,1,47,8,2,0,0,0,0,0,-1,4,E01001595,-1,0,1.0,0.0,-1,3,20,1,1,1,18:09,3,1,-1
2023461387697,2023,461387697,1,1,3,1,-1,-1,3,10,9,0,0,2,0,4,E01024429,3,1,0.0,1.0,-1,6,30,1,1,1,09:57,6,1,9
2023010477326,2023,010477326,1,1,1,1,56,9,3,0,0,0,0,0,4,7,E01004505,-1,0,0.0,1.0,-1,3,20,4,4,1,18:45,1,2,4
2023061366404,2023,061366404,2,2,2,1,5,1,3,0,0,1,0,0,9,2,E01005368,3,1,0.0,1.0,-1,3,30,1,1,1,15:40,4,2,9
2023201416074,2023,201416074,1,1,2,2,84,11,3,0,0,1,0,0,9,2,E01033635,3,1,0.0,1.0,-1,3,30,1,4,4,16:52,7,2,9
2023520400727,2023,520400727,1,1,2,2,18,4,3,0,0,1,0,0,9,1,E01029106,-1,0,0.06942,0.93058,-1,6,60,1,6,1,20:38,6,1,9
2023010426157,2023,010426157,1,1,3,1,29,6,3,5,1,0,0,0,0,3,E01001089,-1,0,0.0,1.0,-1,6,20,1,4,1,20:22,4,1,9
2023340WN2542,2023,340WN2542,1,1,3,2,12,3,3,8,1,0,0,0,0,-1,-1,-1,0,0.1348,0.8652,-1,6,30,1,1,1,16:25,6,1,9
2023010446728,2023,010446728,1,1,1,1,44,7,3,0,0,0,0,0,1,8,E01004069,-1,0,0.0,1.0,-1,6,20,1,1,1,18:50,6,2,1
2023041319623,2023,041319623,1,1,1,1,13,3,2,0,0,0,0,0,1,6,E01025176,7,1,1.0,0.0,-1,6,30,1,1,1,19:40,6,2,1
2023131373169,2023,131373169,1,1,1,1,28,6,2,0,0,0,0,0,9,1,E01010679,7,1,1.0,0.0,-1,3,70,1,4,1,17:50,6,2,9
2023991325481,2023,991325481,2,1,1,2,62,9,3,0,0,0,0,0,9,3,-1,3,1,0.0,1.0,-1,6,30,1,1,1,15:35,2,3,9
2023451373657,2023,451373657,2,1,3,2,63,9,3,9,9,0,0,0,0,9,E01030636,3,1,0.0,1.0,-1,6,30,8,4,1,19:00,3,2,9
2023471277650,2023,471277650,1,1,3,1,39,7,3,9,8,0,0,0,0,3,E01017127,3,1,0.0,1.0,-1,3,70,1,6,1,20:10,6,1,9
2023010469692,2023,010469692,1,1,1,1,53,8,3,0,0,0,0,0,5,5,E01004733,-1,0,0.0,1.0,-1,3,20,1,1,1,10:48,3,3,5
2023201338791,2023,201338791,1,2,2,2,42,7,3,0,0,1,0,0,9,10,E01010392,3,1,0.0,1.0,-1,6,30,1,1,1,19:15,7,2,9
2023010468363,2023,010468363,1,1,3,2,49,8,3,5,1,0,0,0,0,7,E01001304,-1,0,0.0,1.0,-1,3,20,1,1,1,08:38,3,1,9
2023201394218,2023,201394218,2,1,1,1,66,10,2,0,0,0,0,0,1,1,E01009612,6,1,1.0,0.0,-1,1,30,1,1,1,15:46,1,2,1
2023461331802,2023,461331802,2,1,1,1,64,9,2,0,0,0,0,0,5,6,E01024065,7,1,1.0,0.0,-1,6,20,1,1,1,16:05,3,2,5
2023101415861,2023,101415861,1,3,2,2,18,4,3,0,0,2,0,0,9,-1,-1,3,1,0.0,1.0,-1,6,60,1,6,2,22:25,5,1,9
2023440473576,2023,440473576,1,1,2,1,25,5,3,0,0,1,0,0,9,4,E01017028,-1,0,0.03685,0.96315,-1,6,30,2,4,2,18:09,1,2,9
2023552400180,2023,552400180,1,2,1,2,25,5,3,0,0,0,0,0,9,8,E01020416,-1,0,0.10416,0.89584,-1,6,60,2,6,2,18:42,4,1,9
2023631358237,2023,631358237,1,1,2,1,39,7,2,0,0,1,0,0,9,6,W01000755,6,1,1.0,0.0,-1,6,50,2,1,2,06:55,1,2,9
2023010440214,2023,010440214,2,1,1,2,46,8,3,0,0,0,0,0,9,7,E01000562,-1,0,0.0,1.0,-1,6,30,1,1,1,17:13,7,2,9
2023131309603,2023,131309603,5,1,2,2,10,2,2,0,0,1,0,0,9,4,E01011238,7,1,1.0,0.0,-1,6,20,1,1,1,15:30,5,5,9
2023471329158,2023,471329158,1,1,1,2,86,11,2,0,0,0,0,0,9,6,E01021105,5,1,1.0,0.0,-1,6,50,1,1,1,12:42,5,3,9
2023531280690,2023,531280690,1,1,2,1,37,7,2,0,0,1,0,0,9,9,E01022212,7,1,1.0,0.0,-1,6,30,1,6,1,17:30,7,2,9
2023351354772,2023,351354772,1,1,1,1,66,10,3,0,0,0,0,0,9,6,E01026021,3,1,0.0,1.0,-1,1,30,1,1,1,16:08,4,1,9
2023471293236,2023,471293236,2,1,1,1,29,6,3,0,0,0,0,0,9,3,E01020991,3,1,0.0,1.0,-1,6,30,2,1,2,09:03,4,2,9
2023622300112,2023,622300112,1,3,2,2,18,4,3,0,0,2,0,0,9,1,W01000885,-1,0,0.06397,0.93603,-1,6,30,1,4,1,03:53,7,1,9
2023010465242,2023,010465242,2,1,1,1,41,7,3,0,0,0,0,0,1,-1,-1,-1,0,0.0,1.0,-1,6,40,2,1,1,08:20,2,2,1
2023010456188,2023,010456188,1,1,1,1,20,4,3,0,0,0,0,0,9,2,E01004755,-1,0,0.0,1.0,-1,9,20,1,4,1,22:43,4,2,9
2023451283273,2023,451283273,2,1,1,1,47,8,3,0,0,0,0,0,9,8,E01022589,3,1,0.0,1.0,-1,3,70,1,5,1,17:32,1,4,9
2023461267949,2023,461267949,2,1,1,2,55,8,3,0,0,0,0,0,9,8,E01024760,3,1,0.0,1.0,-1,6,30,1,4,2,18:50,5,2,9
2023461278335,2023,461278335,1,1,1,2,25,5,3,0,0,0,0,0,9,6,E01021145,3,1,0.0,1.0,-1,6,40,7,6,2,23:35,2,1,9
2023501370996,2023,501370996,1,1,2,1,26,6,3,0,0,1,0,0,9,1,E01015255,3,1,0.0,1.0,-1,1,40,1,4,2,21:40,7,2,9
2023991334053,2023,991334053,1,2,1,1,53,8,2,0,0,0,0,0,9,-1,-1,5,1,1.0,0.0,-1,6,60,2,1,2,11:41,5,2,9
2023430168752,2023,430168752,1,1,1,1,32,6,3,0,0,0,0,0,9,7,E01016537,-1,0,0.00606,0.99394,-1,6,30,1,1,1,14:50,2,2,9
2023010461119,2023,010461119,1,2,2,1,48,8,2,0,0,0,0,0,19,-1,-1,-1,0,1.0,0.0,-1,6,20,1,1,1,18:34,5,1,19
2023010461088,2023,010461088,2,1,1,1,74,10,3,0,0,0,0,0,3,3,E01003430,-1,0,0.0,1.0,-1,6,30,1,1,1,16:10,5,2,3
2023010435727,2023,010435727,1,1,3,2,29,6,3,6,9,0,0,0,0,-1,-1,-1,0,0.0,1.0,-1,6,20,1,4,1,20:30,2,1,3
2023131289843,2023,131289843,1,1,3,1,44,7,3,9,8,0,0,2,0,6,E01010578,3,1,0.0,1.0,-1,6,30,1,1,1,15:05,7,1,9
2023991346415,2023,991346415,1,1,3,2,13,3,3,5,4,0,0,0,0,3,-1,3,1,0.0,1.0,-1,6,30,1,1,1,08:40,3,1,19
2023991361910,2023,991361910,1,1,1,1,15,3,2,0,0,0,0,0,-1,6,-1,7,1,1.0,0.0,-1,6,30,2,4,2,18:35,3,1,-1
2023010431624,2023,010431624,1,1,1,1,25,5,3,0,0,0,0,0,3,1,E01002751,-1,0,0.0,1.0,-1,2,20,1,4,1,21:47,6,2,3
2023070202215,2023,070202215,1,3,2,2,19,4,3,0,0,2,0,0,9,1,E01005758,-1,0,0.07188,0.92812,-1,6,60,6,6,3,17:50,5,1,9
2023501322170,2023,501322170,1,1,1,2,82,11,3,0,0,0,0,0,9,4,E01020183,3,1,0.0,1.0,-1,6,30,1,1,1,16:00,5,1,9
202354A375823,2023,54A375823,1,1,1,2,69,10,3,0,0,0,0,0,9,10,E01032097,-1,0,0.06305,0.93695,-1,6,40,1,1,1,12:06,7,2,9
2023010465716,2023,010465716,1,1,1,-1,29,6,3,0,0,0,0,0,3,4,E01001182,-1,0,0.0,1.0,-1,6,30,9,1,9,08:30,4,2,3
2023610012623,2023,610012623,1,1,2,1,40,7,3,0,0,0,0,0,3,1,W01001536,-1,0,0.19777,0.80223,-1,1,30,1,4,2,22:46,1,1,3
2023231310601,2023,231310601,1,1,1,1,56,9,2,0,0,0,0,0,5,7,E01018357,5,1,1.0,0.0,-1,3,70,1,1,1,10:08,7,5,5
2023041378196,2023,041378196,1,1,1,1,18,4,3,0,0,0,0,0,9,-1,-1,3,1,0.0,1.0,-1,6,60,1,5,2,00:32,5,2,9
2023201304351,2023,201304351,1,2,2,1,-1,-1,2,0,0,1,0,0,9,2,E01010045,6,1,1.0,0.0,-1,6,30,1,1,1,10:34,3,2,9
2023371391743,2023,371391743,1,8,2,1,28,6,3,0,0,2,0,0,9,1,E01033131,3,1,0.0,1.0,-1,6,60,4,6,1,15:58,6,2,9
2023010455911,2023,010455911,2,2,1,1,-1,-1,3,0,0,0,0,0,1,-1,-1,-1,0,0.0,1.0,-1,6,20,1,1,1,06:40,3,2,1
2023041346823,2023,041346823,2,1,1,2,9,2,3,0,0,0,0,0,1,6,E01006216,3,1,0.0,1.0,-1,6,30,1,1,1,13:03,2,2,1
2023052302748,2023,052302748,2,2,2,2,26,6,3,0,0,2,0,0,9,-1,-1,-1,0,0.03071,0.96929,-1,6,30,1,4,1,19:20,4,2,9
2023010449983,2023,010449983,1,1,1,2,51,8,3,0,0,0,0,0,9,1,E01004334,-1,0,0.0,1.0,-1,3,50,1,1,1,09:05,4,2,9
2023302300069,2023,302300069,1,1,1,2,44,7,3,0,0,0,0,0,9,6,E01019798,-1,0,0.01201,0.98799,-1,3,60,4,4,2,19:55,5,2,9
2023461306726,2023,461306726,2,1,1,2,41,7,3,0,0,0,0,0,9,-1,-1,3,1,0.0,1.0,-1,6,30,8,1,2,09:03,6,2,9
2023501309434,2023,501309434,1,1,1,2,40,7,3,0,0,0,0,0,9,4,E01020138,3,1,0.0,1.0,-1,6,60,1,1,1,17:50,3,1,9
2023451329190,2023,451329190,1,1,1,1,51,8,2,0,0,0,0,0,1,7,E01003408,7,1,1.0,0.0,-1,6,30,1,1,1,15:05,5,2,1
2023501322414,2023,501322414,1,4,2,1,29,6,3,0,0,2,0,0,9,-1,-1,3,1,0.0,1.0,-1,6,60,1,6,1,01:10,1,1,9
2023411265372,2023,411265372,1,1,1,1,31,6,3,0,0,0,0,0,19,6,E01017616,3,1,0.0,1.0,-1,1,30,2,1,2,09:50,3,2,19
2023010435796,2023,010435796,1,1,1,1,29,6,3,0,0,0,0,0,3,4,E01004728,-1,0,0.0,1.0,-1,3,20,1,1,1,12:00,3,2,3
2023010453440,2023,010453440,1,1,3,2,-1,-1,3,10,9,0,0,0,0,4,E01003165,-1,0,0.0,1.0,-1,9,20,9,1,9,16:00,4,1,-1
2023052300883,2023,052300883,2,1,1,1,52,8,3,0,0,0,0,0,5,7,E01007301,-1,0,0.19089,0.80911,-1,6,30,1,1,1,15:50,2,2,5
2023041297296,2023,041297296,1,1,3,1,59,9,3,5,3,0,0,2,0,1,E01024987,3,1,0.0,1.0,-1,6,20,8,1,1,10:04,3,1,98
2023010423123,2023,010423123,1,1,3,1,50,8,3,1,1,0,0,0,0,6,E01004637,-1,0,0.0,1.0,-1,6,20,1,4,1,17:10,2,1,9
2023010468291,2023,010468291,2,1,1,1,15,3,3,0,0,0,0,0,1,8,E01000311,-1,0,0.0,1.0,-1,6,30,1,1,1,07:17,3,2,1
2023430201677,2023,430201677,2,1,1,1,61,9,3,0,0,0,0,0,1,8,E01017690,-1,0,0.14633,0.85367,-1,6,30,1,1,1,14:51,3,2,1
2023320398775,2023,320398775,1,1,2,1,18,4,3,0,0,1,0,0,20,-1,-1,-1,0,0.13516,0.86484,-1,6,60,8,6,2,22:43,4,1,20
2023522300700,2023,522300700,1,1,1,1,29,6,3,0,0,0,0,0,5,7,E01014916,-1,0,0.13066,0.86934,-1,6,30,1,1,1,15:35,7,2,5
2023610024023,2023,610024023,1,1,3,1,4,1,3,10,9,0,0,0,0,2,W01001332,-1,0,0.13015,0.86985,-1,6,30,1,1,1,13:08,4,1,9
2023361370147,2023,361370147,1,1,3,1,10,2,2,9,9,0,0,0,0,7,E01026939,7,1,1.0,0.0,-1,6,20,1,1,2,08:20,6,1,9
2023061370464,2023,061370464,2,1,1,1,29,6,3,0,0,0,0,0,9,2,E01005233,3,1,0.0,1.0,-1,6,30,2,4,2,17:45,6,2,9
2023320658678,2023,320658678,3,1,2,1,22,5,2,0,0,1,0,0,9,1,E01026109,-1,0,1.0,0.0,-1,6,60,1,1,1,12:40,2,3,9
2023440220286,2023,440220286,3,1,1,1,51,8,3,0,0,0,0,0,9,5,E01022999,-1,0,0.14533,0.85467,-1,6,40,1,6,1,00:23,1,3,9
2023461270207,2023,461270207,1,1,3,2,16,4,3,5,1,0,0,0,0,7,E01032656,3,1,0.0,1.0,-1,6,30,1,1,1,15:37,3,1,9
2023010450554,2023,010450554,2,1,1,1,10,2,3,0,0,0,0,0,1,2,E01002054,-1,0,0.0,1.0,-1,6,20,1,1,1,16:14,4,2,1
2023041275254,2023,041275254,1,1,1,1,16,4,2,0,0,0,0,0,9,1,E01024878,7,1,1.0,0.0,-1,6,30,1,6,2,02:57,1,3,9
2023421326336,2023,421326336,1,1,1,2,18,4,3,0,0,0,0,0,9,7,E01021882,3,1,0.0,1.0,-1,6,60,1,1,1,17:25,4,2,9
2023451347039,2023,451347039,1,1,2,2,24,5,3,0,0,1,0,0,9,2,E01017665,3,1,0.0,1.0,-1,3,70,1,1,1,14:50,4,2,9
2023401277474,2023,401277474,1,1,1,1,68,10,2,0,0,0,0,0,3,8,E01023639,5,1,1.0,0.0,-1,6,40,2,1,2,11:46,1,1,3
2023311294912,2023,311294912,1,1,3,2,5,1,3,1,1,0,0,0,0,1,E01033396,3,1,0.0,1.0,-1,6,30,1,1,1,16:26,6,1,1
2023010433826,2023,010433826,1,1,1,1,28,6,3,0,0,0,0,0,1,3,E01001831,-1,0,0.0,1.0,-1,6,30,2,1,2,11:05,5,2,1
2023111377123,2023,111377123,2,4,2,1,62,9,2,0,0,1,0,0,9,-1,-1,7,1,1.0,0.0,-1,6,60,1,1,1,09:17,3,2,9
2023991377325,2023,991377325,2,1,2,2,52,8,3,0,0,1,0,0,9,-1,-1,3,1,0.0,1.0,-1,6,30,1,1,1,15:00,1,3,9
2023170S42373,2023,170S42373,1,1,1,2,49,8,3,0,0,0,0,0,9,10,E01012347,-1,0,0.01851,0.98149,-1,6,40,1,1,1,14:45,1,2,9
2023440359802,2023,440359802,1,3,2,1,8,2,3,0,0,2,0,0,9,5,E01003833,-1,0,0.13315,0.86685,-1,3,70,1,6,1,20:30,2,1,9
2023351306320,2023,351306320,2,2,2,2,30,6,3,0,0,1,0,0,9,2,E01003108,3,1,0.0,1.0,-1,3,70,1,1,2,14:27,6,2,9
2023461268613,2023,461268613,1,3,2,2,11,3,3,0,0,2,0,0,9,5,E01024014,3,1,0.0,1.0,-1,6,60,8,1,4,07:26,6,1,9
2023610042923,2023,610042923,1,1,3,2,20,4,3,6,9,0,0,0,0,6,W01001470,-1,0,0.14297,0.85703,-1,3,70,1,1,1,11:55,1,1,9
2023991373789,2023,991373789,1,1,3,1,24,5,3,5,2,0,0,0,0,6,-1,3,1,0.0,1.0,-1,6,30,2,1,2,07:59,2,1,9
2023010475575,2023,010475575,1,1,3,1,48,8,3,4,1,0,0,0,0,7,E01000573,-1,0,0.0,1.0,-1,6,30,2,4,2,18:30,5,1,9
2023170S10233,2023,170S10233,1,1,3,1,6,2,2,5,4,0,0,0,0,10,E01012223,-1,0,1.0,0.0,-1,6,30,1,1,1,16:50,7,1,9
2023010456108,2023,010456108,1,1,1,1,33,6,3,0,0,0,0,0,1,5,E01004644,-1,0,0.0,1.0,-1,6,20,1,1,1,15:00,1,2,1
2023131349753,2023,131349753,1,1,3,1,4,1,2,5,3,0,0,2,0,1,E01010677,7,1,1.0,0.0,-1,6,30,1,1,1,19:35,4,1,9
2023991282202,2023,991282202,2,1,1,2,9,2,3,0,0,0,0,0,1,9,-1,3,1,0.0,1.0,-1,6,20,1,1,1,08:45,5,2,1
2023371354458,2023,371354458,2,1,1,2,47,8,2,0,0,0,0,0,5,6,E01021355,7,1,1.0,0.0,-1,3,70,1,1,1,07:20,4,2,5
2023421302300,2023,421302300,1,1,3,2,55,8,2,6,9,0,0,0,0,8,E01021282,7,1,1.0,0.0,-1,6,30,1,1,1,12:16,7,2,9
2023522401570,2023,522401570,1,1,3,2,87,11,3,5,9,0,0,0,0,9,E01014714,-1,0,0.12209,0.87791,-1,6,20,1,1,1,11:57,7,1,9
2023461363593,2023,461363593,2,1,1,1,56,9,3,0,0,0,0,0,5,9,E01024431,3,1,0.0,1.0,-1,6,40,1,1,1,07:17,5,2,5
2023010457253,2023,010457253,1,1,1,1,25,5,3,0,0,0,0,0,3,4,E01004612,-1,0,0.0,1.0,-1,9,20,1,1,1,17:45,3,2,3
2023440013012,2023,440013012,1,1,3,1,57,9,3,5,3,0,0,0,0,8,E01023245,-1,0,0.23383,0.76617,-1,6,40,1,7,2,06:57,4,1,9
2023451326262,2023,451326262,1,1,1,2,39,7,3,0,0,0,0,0,9,6,E01030653,3,1,0.0,1.0,-1,3,40,1,1,1,11:10,1,2,9
2023461390790,2023,461390790,1,2,1,1,38,7,3,0,0,0,0,0,9,4,E01024566,3,1,0.0,1.0,-1,6,30,1,6,2,18:07,4,2,9
2023010478252,2023,010478252,2,1,1,1,28,6,2,0,0,0,0,0,1,5,E01003314,-1,0,1.0,0.0,-1,6,20,1,1,1,17:40,4,2,1
2023991367459,2023,991367459,2,1,1,1,44,7,3,0,0,0,0,0,1,6,-1,3,1,0.0,1.0,-1,3,20,2,4,2,08:00,3,2,1
2023501308538,2023,501308538,1,1,1,1,37,7,3,0,0,0,0,0,3,7,E01015120,3,1,0.0,1.0,-1,6,30,1,1,1,17:56,4,2,3
2023131358093,2023,131358093,1,1,3,2,4,1,2,5,1,0,0,2,0,9,E01011209,7,1,1.0,0.0,-1,2,20,1,1,1,11:45,7,1,9
2023141263189,2023,141263189,1,1,3,1,17,4,3,5,4,0,0,0,0,5,E01007803,3,1,0.0,1.0,-1,6,40,1,4,2,22:10,6,1,9
2023010422140,2023,010422140,1,1,1,1,42,7,3,0,0,0,0,0,9,1,E01000720,-1,0,0.0,1.0,-1,6,30,8,4,4,17:35,4,2,9
2023421312972,2023,421312972,1,3,2,2,29,6,3,0,0,1,0,0,9,2,E01015938,3,1,0.0,1.0,-1,6,50,1,1,1,08:00,3,2,9
2023451320186,2023,451320186,1,1,1,2,26,6,3,0,0,0,0,0,9,9,E01030612,3,1,0.0,1.0,-1,6,40,1,1,1,08:00,5,1,9
2023520301409,2023,520301409,1,1,3,1,75,10,2,5,1,0,0,0,0,1,E01029046,-1,0,1.0,0.0,-1,6,20,1,1,1,12:07,2,1,9
2023991305013,2023,991305013,1,1,3,2,76,11,2,8,8,0,0,2,0,10,-1,7,1,1.0,0.0,-1,6,30,1,1,1,15:35,5,1,9
2023010454337,2023,010454337,1,1,1,1,39,7,2,0,0,0,0,0,3,8,E01002945,-1,0,1.0,0.0,-1,6,20,1,1,1,13:06,2,2,3
2023211345825,2023,211345825,2,1,1,1,32,6,2,0,0,0,0,0,5,-1,-1,7,1,1.0,0.0,-1,6,30,1,1,2,17:23,7,2,5