collision_index,collision_year,collision_ref_no,vehicle_reference,casualty_reference,casualty_class,sex_of_casualty,age_of_casualty,age_band_of_casualty,casualty_severity,pedestrian_location,pedestrian_movement,car_passenger,bus_or_coach_passenger,pedestrian_road_maintenance_worker,casualty_type,casualty_imd_decile,lsoa_of_casualty,enhanced_casualty_severity,casualty_injury_based,casualty_adjusted_severity_serious,casualty_adjusted_severity_slight,casualty_distance_banding,road_type,speed_limit,weather_conditions,light_conditions,road_surface_conditions,time,day_of_week,number_of_vehicles,vehicle_type
2023010444854,2023,010444854,1,1,1,1,38,7,3,0,0,0,0,0,90,7,E01001411,-1,0,0.0,1.0,-1,2,40,1,1,1,18:20,2,2,90
2023010450767,2023,010450767,1,1,1,1,32,6,3,0,0,0,0,0,9,10,E01023577,-1,0,0.0,1.0,-1,2,20,1,1,1,15:23,5,2,9
2023131318950,2023,131318950,1,2,1,1,22,5,3,0,0,0,0,0,9,2,E01011128,3,1,0.0,1.0,-1,6,40,1,1,1,15:00,3,1,9
2023221391104,2023,221391104,1,1,1,2,74,10,3,0,0,0,0,0,9,8,E01014179,3,1,0.0,1.0,-1,6,30,1,1,2,12:48,3,2,9
2023332301029,2023,332301029,2,1,1,2,86,11,3,0,0,0,0,0,9,10,E01025780,-1,0,0.04446,0.95554,-1,6,50,1,1,1,13:55,6,2,9
2023332301037,2023,332301037,2,1,1,2,69,10,2,0,0,0,0,0,9,8,E01025960,-1,0,1.0,0.0,-1,6,40,2,1,2,12:14,3,2,9
2023340WN2722,2023,340WN2722,2,3,2,2,34,6,3,0,0,1,0,0,9,-1,-1,-1,0,0.04154,0.95846,-1,1,40,1,1,1,10:14,1,2,9
2023201425109,2023,201425109,2,2,1,2,29,6,3,0,0,0,0,0,9,10,E01010189,3,1,0.0,1.0,-1,3,40,1,1,2,11:15,1,2,9
2023311375145,2023,311375145,1,1,1,2,48,8,3,0,0,0,0,0,9,1,E01027013,3,1,0.0,1.0,-1,3,70,1,1,1,15:19,6,2,9
2023010453425,2023,010453425,1,2,2,-1,44,7,3,0,0,2,0,0,9,-1,-1,-1,0,0.0,1.0,-1,3,30,1,4,1,00:50,1,2,9
2023401339097,2023,401339097,5,3,1,2,37,7,3,0,0,0,0,0,19,9,E01015811,3,1,0.0,1.0,-1,7,70,1,1,1,09:38,6,5,19
2023010479616,2023,010479616,1,1,1,1,33,6,3,0,0,0,0,0,9,8,E01000969,-1,0,0.0,1.0,-1,6,20,9,4,2,21:30,4,6,9
2023041329787,2023,041329787,3,2,2,2,47,8,3,0,0,1,0,0,9,5,E01025212,3,1,0.0,1.0,-1,6,30,5,1,2,17:27,7,3,9
2023041367799,2023,041367799,2,2,2,2,32,6,3,0,0,2,0,0,9,3,E01018497,3,1,0.0,1.0,-1,3,70,1,1,1,16:38,5,2,9
2023131391532,2023,131391532,1,1,1,1,43,7,3,0,0,0,0,0,9,8,E01010859,3,1,0.0,1.0,-1,6,60,2,6,2,17:37,6,2,9
2023332300259,2023,332300259,1,1,1,2,23,5,2,0,0,0,0,0,9,7,E01027808,-1,0,1.0,0.0,-1,3,70,2,1,2,18:05,3,2,9
2023461303004,2023,461303004,1,2,1,1,22,5,3,0,0,0,0,0,9,5,E01024342,3,1,0.0,1.0,-1,9,30,1,1,1,20:35,6,2,9
2023461353824,2023,461353824,1,1,2,2,32,6,3,0,0,1,0,0,9,3,E01024548,3,1,0.0,1.0,-1,6,30,1,1,1,19:43,7,2,9
2023471389520,2023,471389520,1,1,1,1,27,6,3,0,0,0,0,0,9,5,E01031524,3,1,0.0,1.0,-1,6,30,1,4,2,05:15,2,2,9
2023061388466,2023,061388466,2,1,1,2,27,6,2,0,0,0,0,0,9,5,E01004864,7,1,1.0,0.0,-1,6,30,1,1,-1,15:35,4,2,9
2023211341512,2023,211341512,1,1,1,2,20,4,3,0,0,0,0,0,9,1,E01024580,3,1,0.0,1.0,-1,6,60,1,1,2,13:50,2,1,9
2023451373472,2023,451373472,1,1,1,1,24,5,3,0,0,0,0,0,9,-1,-1,3,1,0.0,1.0,-1,6,40,1,6,1,20:30,6,1,9
2023991379421,2023,991379421,3,3,1,1,75,10,3,0,0,0,0,0,9,4,-1,3,1,0.0,1.0,-1,3,30,1,1,4,10:20,7,3,9
2023401320874,2023,401320874,2,1,1,1,47,8,3,0,0,0,0,0,9,6,E01018190,3,1,0.0,1.0,-1,6,20,1,5,1,22:15,4,2,9
2023010463941,2023,010463941,1,1,2,-1,30,6,3,0,0,1,0,0,9,4,E01003204,-1,0,0.0,1.0,-1,9,20,7,1,1,07:40,2,2,9
2023471274474,2023,471274474,2,1,1,1,45,7,3,0,0,0,0,0,9,8,E01031603,3,1,0.0,1.0,-1,1,30,1,4,1,18:50,4,2,9
2023010466824,2023,010466824,2,1,1,1,22,5,2,0,0,0,0,0,1,4,E01001353,-1,0,1.0,0.0,-1,6,20,1,1,1,17:15,2,2,1
2023010469195,2023,010469195,2,1,1,1,19,4,3,0,0,0,0,0,-1,2,E01001172,-1,0,0.0,1.0,-1,7,20,8,1,1,07:00,7,2,-1
2023320757098,2023,320757098,1,1,2,2,53,8,3,0,0,1,0,0,9,3,E01026134,-1,0,0.01728,0.98272,-1,6,30,9,1,1,12:40,5,2,9
2023361338517,2023,361338517,2,2,1,1,66,10,3,0,0,0,0,0,9,7,E01030288,3,1,0.0,1.0,-1,6,50,2,1,2,16:55,7,2,9
2023461372535,2023,461372535,1,1,1,2,35,6,3,0,0,0,0,0,9,-1,-1,3,1,0.0,1.0,-1,6,30,2,1,2,11:05,5,2,9
2023070197223,2023,070197223,2,5,2,2,57,9,3,0,0,2,0,0,10,2,E01029560,-1,0,0.05782,0.94218,-1,3,70,1,6,1,02:04,4,2,10
2023010459976,2023,010459976,1,1,1,1,39,7,3,0,0,0,0,0,9,4,E01000980,-1,0,0.0,1.0,-1,7,40,1,1,1,08:20,5,2,9
2023101349426,2023,101349426,1,1,1,1,54,8,3,0,0,0,0,0,9,2,E01008477,3,1,0.0,1.0,-1,1,30,1,1,1,18:54,3,2,9
2023141277712,2023,141277712,1,1,1,1,38,7,2,0,0,0,0,0,9,-1,-1,7,1,1.0,0.0,-1,6,30,1,1,1,10:25,5,3,9
2023201316186,2023,201316186,2,2,2,2,15,3,3,0,0,1,0,0,9,3,E01009315,3,1,0.0,1.0,-1,1,30,1,1,1,12:30,3,2,9
2023631389563,2023,631389563,1,1,1,1,19,4,3,0,0,0,0,0,9,4,W01000591,3,1,0.0,1.0,-1,6,60,2,6,2,19:32,1,2,9
2023991369482,2023,991369482,1,1,1,2,20,4,3,0,0,0,0,0,9,5,-1,3,1,0.0,1.0,-1,3,50,1,1,2,13:50,4,2,9
2023010462176,2023,010462176,1,1,1,1,52,8,3,0,0,0,0,0,20,2,E01003066,-1,0,0.0,1.0,-1,3,20,1,1,1,12:50,5,1,20
2023071274562,2023,071274562,1,2,2,1,16,4,3,0,0,2,0,0,9,6,E01018496,-1,0,0.10802,0.89198,-1,6,60,1,1,2,14:09,6,1,9
2023131360801,2023,131360801,2,1,1,2,69,10,2,0,0,0,0,0,9,9,E01027794,5,1,1.0,0.0,-1,3,40,1,1,1,14:35,1,2,9
2023461278583,2023,461278583,1,2,2,1,24,5,3,0,0,1,0,0,9,-1,-1,3,1,0.0,1.0,-1,6,60,1,6,1,00:25,1,1,9
2023131265611,2023,131265611,1,1,3,2,20,4,3,10,5,0,0,2,0,9,E01011937,3,1,0.0,1.0,-1,6,30,9,4,2,17:40,4,1,9
2023501338521,2023,501338521,1,1,3,1,16,4,2,5,1,0,0,0,0,6,E01015252,7,1,1.0,0.0,-1,9,30,1,1,1,13:27,5,1,9
2023101340436,2023,101340436,1,1,1,1,16,4,3,0,0,0,0,0,23,-1,-1,3,1,0.0,1.0,-1,6,30,2,4,2,21:45,2,2,23
2023201416920,2023,201416920,2,1,1,1,40,7,3,0,0,0,0,0,9,1,E01009364,3,1,0.0,1.0,-1,6,30,1,4,1,20:20,4,2,9
2023010438159,2023,010438159,2,1,1,1,23,5,3,0,0,0,0,0,3,9,E01024450,-1,0,0.0,1.0,-1,6,30,1,1,1,07:55,4,2,3
2023622300388,2023,622300388,2,3,2,2,22,5,3,0,0,0,0,0,4,7,E01029140,-1,0,0.0644,0.9356,-1,6,30,1,1,1,18:34,5,2,4
2023010482198,2023,010482198,2,2,2,1,59,9,3,0,0,1,0,0,9,10,E01023591,-1,0,0.0,1.0,-1,6,40,9,1,2,14:30,3,4,9
2023010433302,2023,010433302,1,1,2,2,0,1,3,0,0,0,4,0,11,3,E01002407,-1,0,0.0,1.0,-1,1,30,2,4,2,21:11,2,1,11
2023461354717,2023,461354717,1,2,1,-1,-1,-1,3,0,0,0,0,0,97,-1,-1,3,1,0.0,1.0,-1,6,30,9,1,1,14:54,7,2,97
2023010458191,2023,010458191,3,1,1,1,24,5,3,0,0,0,0,0,3,2,E01001486,-1,0,0.0,1.0,-1,3,30,1,1,2,13:00,2,3,3
2023361300630,2023,361300630,2,2,1,1,70,10,3,0,0,0,0,0,9,10,E01026507,3,1,0.0,1.0,-1,3,50,1,1,1,07:05,3,2,9
2023991376725,2023,991376725,1,1,3,1,45,7,3,6,7,0,0,2,0,1,-1,3,1,0.0,1.0,-1,6,30,1,1,1,12:50,2,1,9
2023101306903,2023,101306903,2,1,1,1,23,5,3,0,0,0,0,0,3,3,E01008503,3,1,0.0,1.0,-1,6,30,1,1,1,17:43,4,2,3
2023461394146,2023,461394146,1,1,1,1,44,7,3,0,0,0,0,0,9,7,E01024058,3,1,0.0,1.0,-1,6,30,1,1,1,12:50,5,2,9
2023501317146,2023,501317146,1,2,2,2,25,5,2,0,0,1,0,0,9,6,E01020029,5,1,1.0,0.0,-1,3,70,2,1,2,13:30,7,1,9
2023351387275,2023,351387275,2,1,1,1,21,5,3,0,0,0,0,0,1,7,E01017963,3,1,0.0,1.0,-1,1,30,7,1,4,12:25,5,2,1
2023471287980,2023,471287980,2,1,1,1,17,4,3,0,0,0,0,0,1,10,E01031485,3,1,0.0,1.0,-1,3,30,1,1,1,15:05,6,2,1
2023131314369,2023,131314369,1,4,2,1,19,4,3,0,0,1,0,0,9,2,E01010619,3,1,0.0,1.0,-1,6,30,1,6,2,00:27,7,1,9
2023302301957,2023,302301957,2,1,1,1,27,6,3,0,0,0,0,0,9,4,E01019519,-1,0,0.06887,0.93113,-1,6,60,1,6,1,19:50,6,2,9
2023320185994,2023,320185994,2,2,1,1,74,10,2,0,0,0,0,0,9,7,E01026053,-1,0,1.0,0.0,-1,6,60,1,6,1,19:25,2,2,9
2023471335163,2023,471335163,1,1,3,1,41,7,2,9,8,0,0,2,0,3,E01016891,5,1,1.0,0.0,-1,6,20,1,1,1,23:30,7,1,11
202360A170787,2023,60A170787,2,1,1,1,37,7,3,0,0,0,0,0,1,-1,-1,-1,0,0.15104,0.84896,-1,6,20,7,1,1,09:00,4,2,1
2023010448342,2023,010448342,1,1,1,1,65,9,3,0,0,0,0,0,9,8,E01000659,-1,0,0.0,1.0,-1,1,30,1,1,1,16:00,1,2,9
2023131341069,2023,131341069,1,3,2,2,25,5,2,0,0,2,0,0,9,1,E01007325,6,1,1.0,0.0,-1,9,60,2,1,2,16:45,7,2,9
2023371364995,2023,371364995,1,1,1,1,64,9,3,0,0,0,0,0,9,10,E01030203,3,1,0.0,1.0,-1,6,30,1,4,2,21:30,2,2,9
2023010483518,2023,010483518,1,1,3,2,31,6,3,5,1,0,0,0,0,6,E01002351,-1,0,0.0,1.0,-1,2,20,1,1,2,10:36,3,1,8
2023010467264,2023,010467264,2,1,1,2,25,5,3,0,0,0,0,0,1,1,E01004222,-1,0,0.0,1.0,-1,2,20,5,4,2,21:05,4,2,1
2023311348307,2023,311348307,2,1,1,1,16,4,3,0,0,0,0,0,1,-1,-1,3,1,0.0,1.0,-1,6,60,1,1,1,09:37,2,2,1
2023411343187,2023,411343187,2,1,1,1,36,7,2,0,0,0,0,0,5,7,E01023517,7,1,1.0,0.0,-1,3,60,1,1,1,17:55,4,2,5
2023201288900,2023,201288900,1,2,2,2,58,9,3,0,0,1,0,0,9,2,E01009088,3,1,0.0,1.0,-1,3,30,1,7,1,19:15,3,2,9
2023010440423,2023,010440423,1,2,2,1,21,5,3,0,0,1,0,0,9,4,E01001002,-1,0,0.0,1.0,-1,6,20,1,1,1,19:45,1,4,9
2023371307124,2023,371307124,1,1,2,2,95,11,2,0,0,1,0,0,9,6,E01029952,7,1,1.0,0.0,-1,6,30,1,1,1,11:30,1,2,9
2023201314877,2023,201314877,2,2,2,1,11,3,3,0,0,2,0,0,9,8,E01010209,3,1,0.0,1.0,-1,6,30,2,1,2,15:30,5,2,9
2023451300786,2023,451300786,1,1,1,2,49,8,3,0,0,0,0,0,9,-1,-1,3,1,0.0,1.0,-1,6,40,1,1,1,10:30,7,2,9
2023161309584,2023,161309584,1,1,1,1,67,10,2,0,0,0,0,0,5,8,E01011605,7,1,1.0,0.0,-1,6,60,1,1,1,16:06,7,2,5
2023010425562,2023,010425562,2,2,1,1,47,8,3,0,0,0,0,0,-1,2,E01001744,-1,0,0.0,1.0,-1,6,30,1,4,1,22:13,1,2,-1
2023451331225,2023,451331225,1,2,2,1,44,7,3,0,0,0,0,0,5,6,E01030371,3,1,0.0,1.0,-1,6,30,1,1,1,17:40,4,1,5
2023430511423,2023,430511423,1,1,1,1,77,11,3,0,0,0,0,0,1,9,E01016696,-1,0,0.1415,0.8585,-1,6,30,1,1,1,11:44,7,1,1
2023552300268,2023,552300268,2,1,1,2,27,6,3,0,0,0,0,0,1,4,E01015326,-1,0,0.08792,0.91208,-1,1,30,1,4,1,17:21,2,2,1
2023101296284,2023,101296284,2,3,2,1,43,7,3,0,0,2,0,0,8,3,E01027541,3,1,0.0,1.0,-1,3,70,1,4,2,23:00,7,2,8
2023631321797,2023,631321797,2,1,1,1,31,6,3,0,0,0,0,0,21,5,W01000627,3,1,0.0,1.0,-1,6,60,1,6,1,02:36,6,3,21
2023161338433,2023,161338433,2,2,1,2,39,7,3,0,0,0,0,0,9,7,E01013289,3,1,0.0,1.0,-1,6,30,2,1,2,11:29,7,2,9
202354A100723,2023,54A100723,2,2,1,1,58,9,3,0,0,0,0,0,19,7,E01031961,-1,0,0.02755,0.97245,-1,6,60,1,1,1,14:43,7,2,19
2023041332070,2023,041332070,2,1,1,2,24,5,3,0,0,0,0,0,9,1,E01025184,3,1,0.0,1.0,-1,6,30,1,1,1,16:31,6,2,9
2023221355429,2023,221355429,1,1,2,1,20,4,2,0,0,1,0,0,9,2,E01004140,5,1,1.0,0.0,-1,3,70,1,4,1,00:17,7,2,9
2023411364656,2023,411364656,2,1,1,2,29,6,3,0,0,0,0,0,9,5,E01015700,3,1,0.0,1.0,-1,3,60,1,1,1,18:09,3,2,9
2023440074977,2023,440074977,1,1,3,2,89,11,3,9,9,0,0,0,0,9,E01022799,-1,0,0.19818,0.80182,-1,6,30,1,1,1,10:26,5,1,9
2023010446415,2023,010446415,2,1,1,2,43,7,2,0,0,0,0,0,1,7,E01003816,-1,0,1.0,0.0,-1,6,20,1,1,1,16:08,5,2,1
2023031331932,2023,031331932,1,2,1,1,70,10,3,0,0,0,0,0,9,6,E01019083,3,1,0.0,1.0,-1,6,60,1,1,1,14:30,6,3,9
2023311376368,2023,311376368,1,2,2,2,9,2,3,0,0,2,0,0,9,3,E01028127,3,1,0.0,1.0,-1,6,30,1,4,2,17:41,1,2,9
2023461298157,2023,461298157,1,1,2,1,52,8,3,0,0,0,0,0,19,10,E01016548,3,1,0.0,1.0,-1,6,40,1,1,1,10:37,3,2,19
2023371340582,2023,371340582,1,1,1,1,22,5,3,0,0,0,0,0,5,6,E01029956,3,1,0.0,1.0,-1,6,60,1,1,1,16:20,7,2,5
2023461330551,2023,461330551,2,1,1,1,21,5,3,0,0,0,0,0,1,3,E01016047,3,1,0.0,1.0,-1,6,30,1,1,1,21:00,7,2,1
2023401361547,2023,401361547,2,1,1,1,38,7,3,0,0,0,0,0,3,4,E01017506,3,1,0.0,1.0,-1,6,30,1,4,-1,19:30,7,2,3
2023351367643,2023,351367643,1,1,3,1,86,11,3,5,1,0,0,0,0,10,E01018244,3,1,0.0,1.0,-1,6,20,1,1,1,13:36,5,1,11
2023552300340,2023,552300340,2,2,1,2,52,8,3,0,0,0,0,0,9,10,E01015445,-1,0,0.02139,0.97861,-1,6,30,2,1,2,13:43,2,2,9
2023231382862,2023,231382862,1,1,1,1,44,7,2,0,0,0,0,0,9,7,E01031212,7,1,1.0,0.0,-1,6,60,1,6,2,21:16,6,1,9
2023361327245,2023,361327245,2,2,1,2,30,6,3,0,0,0,0,0,9,6,E01026515,3,1,0.0,1.0,-1,3,40,1,1,1,10:16,5,3,9
2023101295000,2023,101295000,2,2,1,1,39,7,3,0,0,0,0,0,9,5,E01008306,3,1,0.0,1.0,-1,3,70,1,1,1,12:05,1,2,9
2023201301821,2023,201301821,2,1,1,2,53,8,2,0,0,0,0,0,9,4,E01010330,5,1,1.0,0.0,-1,6,30,1,1,1,15:40,4,2,9
2023522400101,2023,522400101,2,1,1,1,44,7,3,0,0,0,0,0,3,6,E01014984,-1,0,0.12009,0.87991,-1,3,40,1,1,1,14:15,3,2,3
2023122301047,2023,122301047,1,1,1,1,36,7,2,0,0,0,0,0,9,9,E01027632,-1,0,1.0,0.0,-1,6,60,2,6,2,05:40,6,1,9
2023131294160,2023,131294160,2,1,1,2,29,6,3,0,0,0,0,0,9,7,E01011643,3,1,0.0,1.0,-1,1,50,2,4,2,22:37,4,2,9
2023231278942,2023,231278942,2,1,1,2,71,10,3,0,0,0,0,0,9,4,E01031176,3,1,0.0,1.0,-1,6,30,1,1,1,13:30,2,2,9
2023332300868,2023,332300868,1,1,1,2,31,6,3,0,0,0,0,0,9,6,E01025677,-1,0,0.00365,0.99635,-1,1,40,1,7,1,23:05,5,2,9
2023440526722,2023,440526722,1,3,2,2,25,5,3,0,0,2,0,0,9,10,E01032850,-1,0,0.08663,0.91337,-1,6,60,4,1,2,11:45,4,2,9
2023010440691,2023,010440691,2,1,1,2,55,8,3,0,0,0,0,0,1,4,E01002409,-1,0,0.0,1.0,-1,6,20,1,1,1,13:19,3,2,1
2023010456472,2023,010456472,1,1,1,2,59,9,3,0,0,0,0,0,9,4,E01033424,-1,0,0.0,1.0,-1,3,30,1,1,1,13:45,4,1,9
2023320129243,2023,320129243,1,1,1,1,33,6,3,0,0,0,0,0,3,-1,-1,-1,0,0.27269,0.72731,-1,6,60,1,6,1,05:48,5,1,3
2023461281180,2023,461281180,1,1,3,2,13,3,3,1,1,0,0,2,0,6,E01024340,3,1,0.0,1.0,-1,3,30,1,1,1,15:39,2,1,9
202363D002423,2023,63D002423,2,2,1,1,46,8,3,0,0,0,0,0,19,7,W01000501,-1,0,0.11718,0.88282,-1,6,60,2,1,2,08:35,4,2,19
2023461336979,2023,461336979,2,2,2,2,37,7,2,0,0,2,0,0,9,8,E01028531,7,1,1.0,0.0,-1,7,30,1,1,1,10:45,5,2,9
2023471332368,2023,471332368,1,1,1,1,18,4,3,0,0,0,0,0,9,10,E01031822,3,1,0.0,1.0,-1,6,30,2,4,2,00:01,1,1,9
2023010441886,2023,010441886,1,1,3,2,47,8,3,10,9,0,0,0,0,7,E01033733,-1,0,0.0,1.0,-1,6,20,1,1,1,08:45,3,1,9
2023131324458,2023,131324458,1,1,3,2,9,2,2,8,3,0,0,1,0,2,E01011167,7,1,1.0,0.0,-1,6,30,2,1,2,08:15,6,1,9
2023411331076,2023,411331076,1,1,1,1,38,7,3,0,0,0,0,0,9,1,E01002904,3,1,0.0,1.0,-1,6,30,1,1,1,13:12,3,2,9
2023421363727,2023,421363727,2,1,1,2,20,4,3,0,0,0,0,0,9,8,E01021763,3,1,0.0,1.0,-1,1,30,1,4,1,19:22,6,2,9
2023141310886,2023,141310886,2,1,1,2,75,10,2,0,0,0,0,0,22,-1,-1,7,1,1.0,0.0,-1,6,30,1,1,1,07:45,7,2,22
2023311346002,2023,311346002,1,1,3,2,44,7,3,5,1,0,0,0,0,6,E01027948,3,1,0.0,1.0,-1,2,30,2,1,2,19:30,4,1,9
2023401282092,2023,401282092,1,2,3,1,-1,-1,3,5,1,0,0,-1,0,-1,-1,3,1,0.0,1.0,-1,6,20,2,1,2,08:04,3,1,-1
2023440222635,2023,440222635,1,1,1,1,17,4,3,0,0,0,0,0,1,6,E01017015,-1,0,0.15348,0.84652,-1,6,20,1,1,1,18:08,2,2,1
2023010461986,2023,010461986,2,1,2,2,77,11,3,0,0,1,0,0,9,6,E01000726,-1,0,0.0,1.0,-1,6,30,1,1,1,13:20,4,2,9
2023451318226,2023,451318226,1,1,1,1,35,6,3,0,0,0,0,0,9,10,E01030585,3,1,0.0,1.0,-1,6,20,1,1,1,09:00,6,2,9
2023991302589,2023,991302589,2,1,1,1,48,8,2,0,0,0,0,0,1,10,-1,7,1,1.0,0.0,-1,6,30,1,1,1,08:40,2,3,1
2023010428956,2023,010428956,1,1,1,1,23,5,3,0,0,0,0,0,9,5,E01000211,-1,0,0.0,1.0,-1,6,30,1,1,1,14:09,6,3,9
2023421352576,2023,421352576,2,2,1,1,22,5,3,0,0,0,0,0,9,1,E01015841,3,1,0.0,1.0,-1,3,40,1,1,1,17:15,5,2,9
2023471364363,2023,471364363,2,1,1,2,71,10,3,0,0,0,0,0,9,4,E01021207,3,1,0.0,1.0,-1,6,30,1,1,1,11:25,2,2,9
2023131316880,2023,131316880,1,1,3,2,11,3,3,4,2,0,0,2,0,1,E01011723,3,1,0.0,1.0,-1,6,30,1,1,1,16:34,4,2,9
2023010422146,2023,010422146,1,2,2,2,56,9,3,0,0,2,0,0,9,6,E01016477,-1,0,0.0,1.0,-1,3,70,1,1,1,15:05,4,2,9
2023052301901,2023,052301901,2,2,2,2,30,6,3,0,0,1,0,0,9,6,E01031557,-1,0,0.03027,0.96973,-1,3,30,1,4,1,21:15,2,2,9
2023131288044,2023,131288044,1,1,1,1,35,6,3,0,0,0,0,0,9,3,E01011868,3,1,0.0,1.0,-1,6,60,2,6,2,02:00,7,1,9
2023201277602,2023,201277602,1,1,1,2,28,6,3,0,0,0,0,0,9,6,E01009278,3,1,0.0,1.0,-1,3,30,1,4,1,22:35,1,2,9
2023201400896,2023,201400896,1,1,1,1,69,10,2,0,0,0,0,0,9,6,E01009467,7,1,1.0,0.0,-1,3,30,1,1,1,10:42,4,2,9
2023010444182,2023,010444182,1,1,3,2,20,4,3,4,3,0,0,0,0,5,E01003080,-1,0,0.0,1.0,-1,6,20,1,4,1,01:04,1,1,8
202360A118099,2023,60A118099,2,1,1,1,42,7,3,0,0,0,0,0,4,-1,-1,-1,0,0.24611,0.75389,-1,6,30,2,4,2,04:15,5,2,4
2023421340451,2023,421340451,4,2,1,1,35,6,3,0,0,0,0,0,9,3,E01029968,3,1,0.0,1.0,-1,3,40,1,1,2,15:28,3,4,9
2023430031758,2023,430031758,1,1,1,2,28,6,3,0,0,0,0,0,9,5,E01017805,-1,0,0.00906,0.99094,-1,6,30,1,1,1,11:30,6,2,9
2023010483173,2023,010483173,1,1,2,2,40,7,3,0,0,0,4,0,11,2,E01004062,-1,0,0.0,1.0,-1,6,20,1,4,1,18:58,7,1,11
2023101359141,2023,101359141,2,1,2,1,23,5,3,0,0,0,0,0,19,-1,-1,3,1,0.0,1.0,-1,3,40,1,1,1,14:40,2,2,19
2023061335794,2023,061335794,2,1,1,1,58,9,3,0,0,0,0,0,9,9,E01004803,3,1,0.0,1.0,-1,6,30,1,1,2,14:35,3,2,9
2023320497254,2023,320497254,2,1,1,1,37,7,3,0,0,0,0,0,9,1,E01013590,-1,0,0.05329,0.94671,-1,6,60,1,1,1,10:05,6,2,9
2023320541453,2023,320541453,1,3,2,2,32,6,3,0,0,1,0,0,9,2,E01026030,-1,0,0.09078,0.90922,-1,6,60,1,1,1,13:10,5,2,9
202360A091946,2023,60A091946,1,1,1,1,21,5,2,0,0,0,0,0,9,-1,-1,-1,0,1.0,0.0,-1,6,40,1,1,1,18:11,4,2,9
2023161285679,2023,161285679,2,1,1,1,18,4,3,0,0,0,0,0,3,6,E01013253,3,1,0.0,1.0,-1,6,30,1,1,1,12:45,7,2,3
2023010458989,2023,010458989,2,1,1,1,61,9,2,0,0,0,0,0,5,-1,-1,-1,0,1.0,0.0,-1,3,30,1,1,1,19:40,6,2,5
2023231346682,2023,231346682,2,1,1,1,20,4,3,0,0,0,0,0,9,4,E01031026,3,1,0.0,1.0,-1,6,30,1,4,1,21:47,5,2,9
2023501349529,2023,501349529,2,1,3,1,34,6,1,5,3,0,0,-1,0,6,E01027034,1,1,0.0,0.0,-1,3,70,1,6,1,05:30,4,4,9
2023010465691,2023,010465691,2,1,1,2,53,8,2,0,0,0,0,0,1,9,E01003749,-1,0,1.0,0.0,-1,6,30,1,1,1,08:04,4,2,1
2023622300864,2023,622300864,1,1,1,1,37,7,2,0,0,0,0,0,1,1,W01001708,-1,0,1.0,0.0,-1,6,20,2,4,2,05:57,5,2,1
2023031296037,2023,031296037,1,1,1,2,59,9,3,0,0,0,0,0,9,10,E01006372,3,1,0.0,1.0,-1,6,60,1,1,2,15:00,4,1,9
2023010483719,2023,010483719,1,1,3,1,19,4,2,1,4,0,0,0,0,5,E01004641,-1,0,1.0,0.0,-1,6,30,2,1,2,14:20,5,1,9
2023461300285,2023,461300285,1,1,3,1,25,5,2,1,3,0,0,0,0,10,E01024718,5,1,1.0,0.0,-1,3,30,1,1,1,10:00,2,1,9
2023161285489,2023,161285489,2,2,1,2,58,9,3,0,0,0,0,0,9,4,E01012990,3,1,0.0,1.0,-1,6,60,1,1,1,09:11,4,2,9
2023440314727,2023,440314727,1,1,1,2,33,6,3,0,0,0,0,0,9,8,E01023232,-1,0,0.08284,0.91716,-1,6,20,1,4,2,00:54,7,3,9
2023520300869,2023,520300869,2,1,1,2,36,7,3,0,0,0,0,0,9,5,E01029253,-1,0,0.01497,0.98503,-1,6,60,1,6,1,20:56,5,2,9
2023421363974,2023,421363974,1,1,3,1,3,1,3,8,3,0,0,0,0,5,E01015904,3,1,0.0,1.0,-1,6,30,1,1,1,17:39,2,1,9
2023010468597,2023,010468597,1,1,1,1,37,7,3,0,0,0,0,0,1,3,E01003596,-1,0,0.0,1.0,-1,6,30,1,1,1,15:17,4,2,1
2023052301977,2023,052301977,1,1,1,2,37,7,3,0,0,0,0,0,9,9,E01018528,-1,0,0.03965,0.96035,-1,6,30,1,1,1,12:42,4,2,9
2023061301834,2023,061301834,2,1,1,1,37,7,3,0,0,0,0,0,9,3,E01005332,3,1,0.0,1.0,-1,3,70,4,1,2,09:42,4,2,9
2023311348206,2023,311348206,1,1,3,2,7,2,3,1,1,0,0,0,0,2,E01013845,3,1,0.0,1.0,-1,6,20,1,4,1,20:30,1,1,9
2023010420463,2023,010420463,1,1,1,1,36,7,3,0,0,0,0,0,1,3,E01004019,-1,0,0.0,1.0,-1,6,30,1,4,2,18:25,6,2,1
2023010448624,2023,010448624,1,1,1,1,46,8,3,0,0,0,0,0,1,9,E01003383,-1,0,0.0,1.0,-1,6,30,1,1,1,18:20,2,2,1
2023010431694,2023,010431694,1,2,2,2,81,11,3,0,0,9,0,0,9,3,E01000111,-1,0,0.0,1.0,-1,7,30,2,4,2,21:06,7,2,9
2023531287800,2023,531287800,2,1,1,2,19,4,3,0,0,0,0,0,9,4,E01014052,3,1,0.0,1.0,-1,1,60,1,1,2,08:58,6,3,9
2023991346562,2023,991346562,1,1,1,1,48,8,2,0,0,0,0,0,9,-1,-1,7,1,1.0,0.0,-1,6,30,1,1,1,17:51,3,2,9