collision_index,collision_year,collision_ref_no,vehicle_reference,casualty_reference,casualty_class,sex_of_casualty,age_of_casualty,age_band_of_casualty,casualty_severity,pedestrian_location,pedestrian_movement,car_passenger,bus_or_coach_passenger,pedestrian_road_maintenance_worker,casualty_type,casualty_imd_decile,lsoa_of_casualty,enhanced_casualty_severity,casualty_injury_based,casualty_adjusted_severity_serious,casualty_adjusted_severity_slight,casualty_distance_banding,road_type,speed_limit,weather_conditions,light_conditions,road_surface_conditions,time,day_of_week,number_of_vehicles,vehicle_type
2023041349779,2023,041349779,1,1,1,1,27,6,3,0,0,0,0,0,4,2,E01025581,3,1,0.0,1.0,-1,6,30,1,1,1,19:07,4,1,4
2023141295019,2023,141295019,2,2,1,1,19,4,3,0,0,0,0,0,9,-1,-1,3,1,0.0,1.0,-1,6,30,1,1,1,14:53,1,2,9
2023545051623,2023,545051623,1,2,2,2,85,11,2,0,0,2,0,0,9,10,E01020374,-1,0,1.0,0.0,-1,6,60,1,1,1,16:05,1,2,9
2023010485270,2023,010485270,1,1,2,1,21,5,3,0,0,0,0,0,10,6,E01001275,-1,0,0.0,1.0,-1,6,30,1,4,1,22:25,4,1,10
2023052300960,2023,052300960,2,1,1,1,48,8,3,0,0,0,0,0,3,2,E01007168,-1,0,0.17634,0.82366,-1,6,30,1,1,1,13:35,2,2,3
2023041292074,2023,041292074,1,1,3,1,17,4,3,8,1,0,0,0,0,2,E01012576,3,1,0.0,1.0,-1,6,30,8,6,1,10:22,4,1,9
2023552400134,2023,552400134,1,1,3,1,59,9,3,6,9,0,0,0,0,9,E01020373,-1,0,0.09842,0.90158,-1,6,30,1,6,1,22:04,1,1,9
2023302301238,2023,302301238,2,1,1,2,21,5,2,0,0,0,0,0,3,9,E01019478,-1,0,1.0,0.0,-1,6,60,1,1,1,13:10,7,2,3
2023461331281,2023,461331281,2,1,1,1,30,6,2,0,0,0,0,0,5,2,E01024294,7,1,1.0,0.0,-1,6,30,1,1,1,14:33,6,2,5
2023201424678,2023,201424678,2,1,1,2,20,4,3,0,0,0,0,0,9,1,E01010126,3,1,0.0,1.0,-1,3,40,2,1,2,10:33,6,3,9
2023211379811,2023,211379811,2,3,2,1,15,3,3,0,0,1,0,0,9,-1,-1,3,1,0.0,1.0,-1,6,30,1,1,2,08:00,3,2,9
2023401331460,2023,401331460,2,3,2,2,53,8,2,0,0,1,0,0,9,5,E01015762,7,1,1.0,0.0,-1,6,30,1,1,1,18:49,6,3,9
2023461320755,2023,461320755,2,6,2,1,24,5,3,0,0,2,0,0,9,-1,-1,3,1,0.0,1.0,-1,3,70,1,1,1,17:30,5,4,9
2023552301111,2023,552301111,1,1,1,1,22,5,3,0,0,0,0,0,9,10,E01020409,-1,0,0.09348,0.90652,-1,3,60,1,1,1,08:18,3,4,9
2023010424603,2023,010424603,1,1,1,1,50,8,3,0,0,0,0,0,1,4,E01000869,-1,0,0.0,1.0,-1,2,20,1,6,1,17:54,3,1,1
2023061403782,2023,061403782,2,1,1,1,59,9,3,0,0,0,0,0,8,1,E01004848,3,1,0.0,1.0,-1,6,30,2,4,2,22:00,1,2,8
2023401292036,2023,401292036,1,1,1,2,64,9,3,0,0,0,0,0,9,4,E01015786,3,1,0.0,1.0,-1,1,30,1,1,1,12:27,7,2,9
2023070145937,2023,070145937,1,2,2,1,24,5,2,0,0,1,0,0,9,9,E01018675,-1,0,1.0,0.0,-1,6,60,1,1,1,13:20,1,1,9
2023131293584,2023,131293584,2,1,1,2,43,7,3,0,0,0,0,0,9,5,E01010921,3,1,0.0,1.0,-1,3,70,1,5,1,11:23,2,2,9
2023101328693,2023,101328693,1,1,2,2,45,7,3,0,0,0,4,0,11,-1,-1,3,1,0.0,1.0,-1,6,30,4,7,1,22:55,6,1,11
2023451364387,2023,451364387,1,1,1,1,38,7,3,0,0,0,0,0,9,10,E01030486,3,1,0.0,1.0,-1,6,30,2,1,2,15:15,4,2,9
2023461322017,2023,461322017,2,1,1,2,43,7,3,0,0,0,0,0,9,10,E01024735,3,1,0.0,1.0,-1,3,50,1,1,1,18:50,2,2,9
2023471371867,2023,471371867,2,1,2,1,9,2,3,0,0,2,0,0,9,5,E01021116,3,1,0.0,1.0,-1,6,50,1,1,2,09:24,7,2,9
2023631383632,2023,631383632,1,1,1,1,18,4,3,0,0,0,0,0,9,6,W01000455,3,1,0.0,1.0,-1,6,60,2,6,2,18:24,4,1,9
2023421358255,2023,421358255,2,1,1,1,56,9,2,0,0,0,0,0,1,4,E01022016,7,1,1.0,0.0,-1,6,60,1,1,1,15:34,1,2,1
2023201307852,2023,201307852,1,1,3,1,61,9,3,6,9,0,0,0,0,2,E01009348,3,1,0.0,1.0,-1,6,30,1,1,1,14:50,4,1,9
2023311385484,2023,311385484,1,1,3,2,52,8,2,5,1,0,0,0,0,-1,-1,5,1,1.0,0.0,-1,6,30,1,4,2,01:00,1,2,9
2023531276315,2023,531276315,2,1,1,1,29,6,3,0,0,0,0,0,1,6,E01022383,3,1,0.0,1.0,-1,6,30,1,4,1,01:05,4,2,1
2023552300332,2023,552300332,2,1,1,1,35,6,3,0,0,0,0,0,1,2,E01015304,-1,0,0.05135,0.94865,-1,1,30,1,4,1,05:42,7,2,1
2023131373395,2023,131373395,2,1,1,1,25,5,3,0,0,0,0,0,9,5,E01010678,3,1,0.0,1.0,-1,6,30,1,1,1,13:56,7,2,9
2023461287168,2023,461287168,1,1,1,1,34,6,3,0,0,0,0,0,9,3,E01000404,3,1,0.0,1.0,-1,6,30,2,1,2,22:50,4,4,9
2023501353105,2023,501353105,2,1,1,1,25,5,3,0,0,0,0,0,9,3,E01019034,3,1,0.0,1.0,-1,6,60,1,1,1,11:14,7,2,9
2023010469621,2023,010469621,1,1,1,1,56,9,3,0,0,0,0,0,9,2,E01001249,-1,0,0.0,1.0,-1,3,30,1,4,1,00:30,1,2,9
2023061338090,2023,061338090,2,2,1,2,44,7,3,0,0,0,0,0,9,5,E01006304,3,1,0.0,1.0,-1,6,30,2,1,2,05:45,1,2,9
2023211259226,2023,211259226,1,1,1,1,45,7,1,0,0,0,0,0,9,6,E01029801,1,1,0.0,0.0,-1,6,50,1,4,2,18:30,2,2,9
2023010454611,2023,010454611,2,1,1,2,40,7,3,0,0,0,0,0,1,7,E01000983,-1,0,0.0,1.0,-1,6,30,1,1,1,17:49,3,2,1
2023411340221,2023,411340221,1,1,1,1,57,9,2,0,0,0,0,0,97,2,E01027248,5,1,1.0,0.0,-1,3,70,1,1,1,18:01,5,1,97
2023010425242,2023,010425242,1,1,1,1,36,7,3,0,0,0,0,0,3,1,E01004710,-1,0,0.0,1.0,-1,6,20,1,4,1,00:32,7,2,3
2023421359367,2023,421359367,1,1,3,2,46,8,3,9,9,0,0,0,0,5,E01021664,3,1,0.0,1.0,-1,6,30,1,1,1,16:40,2,2,9
2023010451906,2023,010451906,1,1,1,2,42,7,3,0,0,0,0,0,9,1,E01003761,-1,0,0.0,1.0,-1,6,30,1,4,1,23:16,3,2,9
2023411372509,2023,411372509,2,5,2,1,20,4,3,0,0,2,0,0,9,5,E01002232,3,1,0.0,1.0,-1,6,30,8,4,1,00:45,4,2,9
2023471349319,2023,471349319,2,1,2,1,24,5,3,0,0,1,0,0,9,1,E01004710,3,1,0.0,1.0,-1,6,60,1,6,1,00:25,4,2,9
2023221379555,2023,221379555,2,2,1,1,77,11,1,0,0,0,0,0,9,8,E01028981,1,1,0.0,0.0,-1,6,60,1,1,1,13:52,3,2,9
2023440256984,2023,440256984,1,1,1,1,35,6,3,0,0,0,0,0,9,10,E01016700,-1,0,0.0767,0.9233,-1,6,40,1,1,1,18:00,3,2,9
2023231294377,2023,231294377,1,1,3,1,54,8,3,5,1,0,0,0,0,8,E01033255,3,1,0.0,1.0,-1,6,30,1,1,1,09:30,4,1,9
2023041339279,2023,041339279,2,1,1,1,42,7,2,0,0,0,0,0,1,4,E01004978,7,1,1.0,0.0,-1,6,30,1,1,2,07:29,3,2,1
2023141350098,2023,141350098,2,1,1,2,35,6,3,0,0,0,0,0,9,5,E01013244,3,1,0.0,1.0,-1,6,30,1,1,1,14:31,4,2,9
2023302301840,2023,302301840,2,1,1,2,52,8,2,0,0,0,0,0,9,1,E01019662,-1,0,1.0,0.0,-1,6,40,1,6,2,16:00,4,2,9
2023421277560,2023,421277560,2,1,1,1,35,6,3,0,0,0,0,0,9,2,E01016004,3,1,0.0,1.0,-1,3,50,1,4,1,03:00,1,2,9
2023201342982,2023,201342982,1,1,3,2,38,7,3,10,9,0,0,2,0,-1,-1,3,1,0.0,1.0,-1,6,30,1,1,1,15:30,3,1,9
2023221349884,2023,221349884,1,1,3,1,44,7,3,10,9,0,0,0,0,5,E01028890,3,1,0.0,1.0,-1,6,30,1,1,1,13:50,4,1,9
2023231360103,2023,231360103,1,1,3,2,80,11,3,1,3,0,0,0,0,10,E01031317,3,1,0.0,1.0,-1,6,30,1,1,1,09:40,2,1,9
2023361259829,2023,361259829,1,1,3,1,19,4,3,9,9,0,0,-1,0,1,E01026599,3,1,0.0,1.0,-1,6,30,1,1,1,07:20,5,1,8
2023440204084,2023,440204084,1,1,3,1,54,8,3,6,9,0,0,0,0,7,E01023125,-1,0,0.10596,0.89404,-1,6,30,1,1,1,17:15,3,1,9
2023141370060,2023,141370060,1,1,1,2,26,6,3,0,0,0,0,0,9,7,E01007596,3,1,0.0,1.0,-1,6,60,1,1,1,08:04,7,2,9
2023401302811,2023,401302811,2,1,1,1,62,9,3,0,0,0,0,0,9,2,E01015702,3,1,0.0,1.0,-1,3,30,1,1,1,17:00,4,2,9
2023430291801,2023,430291801,1,3,2,2,5,1,3,0,0,2,0,0,9,8,E01016830,-1,0,0.06035,0.93965,-1,6,60,1,1,1,11:05,1,2,9
2023991282932,2023,991282932,3,2,1,2,44,7,2,0,0,0,0,0,9,5,-1,7,1,1.0,0.0,-1,6,60,2,6,2,18:39,3,3,9
2023052302168,2023,052302168,1,1,3,2,46,8,3,6,9,0,0,0,0,2,E01004812,-1,0,0.19511,0.80489,-1,6,30,1,1,1,17:45,5,1,9
2023031321761,2023,031321761,1,1,1,1,17,4,3,0,0,0,0,0,2,7,E01019136,3,1,0.0,1.0,-1,6,60,1,1,1,20:15,5,1,2
2023010442520,2023,010442520,1,1,1,2,36,7,3,0,0,0,0,0,3,3,E01002105,-1,0,0.0,1.0,-1,9,30,9,1,9,13:30,5,2,3
2023531387128,2023,531387128,1,1,1,1,48,8,3,0,0,0,0,0,4,4,E01022102,3,1,0.0,1.0,-1,6,30,1,1,2,08:20,3,4,4
2023421314591,2023,421314591,1,1,2,2,65,9,3,0,0,1,0,0,9,3,E01028296,3,1,0.0,1.0,-1,6,30,1,1,1,17:20,7,2,9
2023010446198,2023,010446198,1,1,1,1,27,6,3,0,0,0,0,0,3,3,E01001547,-1,0,0.0,1.0,-1,6,20,1,1,1,20:10,7,2,3
2023010452576,2023,010452576,1,1,1,1,36,7,3,0,0,0,0,0,3,3,E01003293,-1,0,0.0,1.0,-1,9,30,1,1,9,12:34,7,2,3
2023440158978,2023,440158978,1,1,1,1,42,7,3,0,0,0,0,0,3,4,E01017137,-1,0,0.11804,0.88196,-1,2,30,1,4,2,23:35,7,2,3
2023520300870,2023,520300870,1,1,1,1,78,11,3,0,0,0,0,0,9,8,E01014425,-1,0,0.07953,0.92047,-1,6,60,1,1,1,17:30,5,2,9
2023411272042,2023,411272042,1,1,3,1,14,3,1,1,1,0,0,0,0,9,E01023354,1,1,0.0,0.0,-1,3,40,1,4,1,18:04,5,1,9
2023010423316,2023,010423316,1,1,1,1,22,5,3,0,0,0,0,0,3,6,E01004146,-1,0,0.0,1.0,-1,3,30,1,1,1,16:05,3,2,3
2023471319128,2023,471319128,1,1,1,1,67,10,3,0,0,0,0,0,5,3,E01031366,3,1,0.0,1.0,-1,6,40,1,1,1,11:35,3,2,5
2023070096129,2023,070096129,1,1,1,2,50,8,3,0,0,0,0,0,9,10,E01018572,-1,0,0.04327,0.95673,-1,6,30,1,1,1,15:26,5,2,9
2023231360087,2023,231360087,1,2,2,1,5,1,3,0,0,2,0,0,9,3,E01011541,3,1,0.0,1.0,-1,1,50,1,1,1,16:45,6,3,9
2023501302141,2023,501302141,1,1,1,1,63,9,3,0,0,0,0,0,9,2,E01009991,3,1,0.0,1.0,-1,7,60,1,1,1,17:50,6,2,9
2023552300225,2023,552300225,2,1,1,2,31,6,3,0,0,0,0,0,9,2,E01020348,-1,0,0.02304,0.97696,-1,6,30,1,1,1,09:43,3,2,9
2023010436251,2023,010436251,1,1,1,1,43,7,3,0,0,0,0,0,9,4,E01003690,-1,0,0.0,1.0,-1,3,50,1,1,1,14:35,5,2,9
2023131294410,2023,131294410,2,1,1,2,36,7,3,0,0,0,0,0,9,3,E01011125,3,1,0.0,1.0,-1,3,70,1,1,1,13:06,5,2,9
2023610030623,2023,610030623,1,1,3,1,6,2,3,5,3,0,0,0,0,3,W01001336,-1,0,0.18095,0.81905,-1,6,30,1,1,1,18:05,5,1,9
2023302301876,2023,302301876,2,2,2,2,35,6,3,0,0,2,0,0,9,4,E01019526,-1,0,0.01381,0.98619,-1,6,30,1,1,2,03:45,3,2,9
2023421312591,2023,421312591,2,3,2,1,72,10,3,0,0,1,0,0,9,8,E01022059,3,1,0.0,1.0,-1,6,40,1,1,1,17:30,2,2,9
2023451319497,2023,451319497,2,1,1,1,34,6,3,0,0,0,0,0,1,10,E01030320,3,1,0.0,1.0,-1,6,50,1,4,1,08:40,6,2,1
2023010449007,2023,010449007,1,1,1,1,30,6,3,0,0,0,0,0,3,6,E01001656,-1,0,0.0,1.0,-1,3,30,1,1,1,11:03,4,2,3
2023010435586,2023,010435586,1,1,1,1,34,6,3,0,0,0,0,0,4,6,E01003152,-1,0,0.0,1.0,-1,6,20,1,5,2,21:30,6,2,4
2023461325993,2023,461325993,1,1,1,1,32,6,3,0,0,0,0,0,9,8,E01016094,3,1,0.0,1.0,-1,6,30,1,6,1,22:26,6,1,9
2023461348407,2023,461348407,2,2,1,1,38,7,3,0,0,0,0,0,19,5,E01016127,3,1,0.0,1.0,-1,3,70,1,1,1,06:40,3,3,19
2023201365014,2023,201365014,1,1,3,2,13,3,3,5,2,0,0,0,0,1,E01009182,3,1,0.0,1.0,-1,6,30,1,1,1,15:57,4,1,9
2023332300041,2023,332300041,1,1,3,2,84,11,3,6,9,0,0,0,0,4,E01013607,-1,0,0.08042,0.91958,-1,6,30,1,1,1,14:30,2,1,19
2023440350488,2023,440350488,1,1,1,1,28,6,3,0,0,0,0,0,3,9,E01022702,-1,0,0.25683,0.74317,-1,6,50,1,6,1,05:49,4,1,3
2023552301201,2023,552301201,1,1,1,1,32,6,2,0,0,0,0,0,4,4,E01015343,-1,0,1.0,0.0,-1,6,40,8,6,1,20:25,1,1,4
2023031325352,2023,031325352,1,1,1,2,28,6,3,0,0,0,0,0,9,7,-1,3,1,0.0,1.0,-1,3,70,1,1,2,12:00,2,2,9
202360A143890,2023,60A143890,2,2,1,1,71,10,3,0,0,0,0,0,9,-1,-1,-1,0,0.0467,0.9533,-1,6,30,1,1,1,17:20,4,2,9
2023201402799,2023,201402799,1,1,3,1,75,10,2,5,1,0,0,0,0,2,E01008999,6,1,1.0,0.0,-1,6,30,1,1,1,12:29,5,1,9
2023010465920,2023,010465920,1,3,2,2,23,5,3,0,0,0,4,0,11,-1,-1,-1,0,0.0,1.0,-1,2,20,1,1,1,14:30,5,2,11
2023010450807,2023,010450807,1,1,1,1,28,6,3,0,0,0,0,0,9,2,E01001056,-1,0,0.0,1.0,-1,6,30,1,1,1,19:10,5,2,9
2023041374129,2023,041374129,1,1,2,2,30,6,3,0,0,1,0,0,9,3,E01025237,3,1,0.0,1.0,-1,6,30,2,4,2,17:30,2,3,9
2023201305390,2023,201305390,2,1,1,1,47,8,3,0,0,0,0,0,9,3,E01009884,3,1,0.0,1.0,-1,7,40,2,4,2,23:16,3,2,9
2023351330925,2023,351330925,2,1,2,2,16,4,2,0,0,-1,0,0,9,5,E01018195,7,1,1.0,0.0,-1,6,40,1,1,1,19:29,5,2,9
2023501367844,2023,501367844,1,2,1,1,21,5,3,0,0,0,0,0,9,2,E01015239,3,1,0.0,1.0,-1,3,50,1,1,1,17:38,6,2,9
2023522301060,2023,522301060,2,1,1,1,44,7,3,0,0,0,0,0,1,4,E01014951,-1,0,0.11058,0.88942,-1,6,30,1,1,1,18:33,2,2,1
2023522301048,2023,522301048,1,1,3,2,64,9,3,6,9,0,0,0,0,3,E01014502,-1,0,0.03095,0.96905,-1,6,20,1,1,1,14:00,2,1,1
2023122301007,2023,122301007,1,1,1,2,86,11,2,0,0,0,0,0,1,9,E01013397,-1,0,1.0,0.0,-1,6,30,1,1,1,18:15,5,1,1
2023010437553,2023,010437553,2,2,1,1,52,8,3,0,0,0,0,0,9,-1,-1,-1,0,0.0,1.0,-1,3,40,1,1,1,11:20,7,5,9
2023451389939,2023,451389939,1,1,1,2,83,11,2,0,0,0,0,0,9,10,E01030999,7,1,1.0,0.0,-1,6,50,1,6,1,17:03,2,2,9
2023010421854,2023,010421854,1,1,1,2,64,9,3,0,0,0,0,0,1,10,E01030323,-1,0,0.0,1.0,-1,6,20,1,1,4,11:57,3,1,1
2023440143695,2023,440143695,2,1,1,1,19,4,3,0,0,0,0,0,3,5,E01023262,-1,0,0.06417,0.93583,-1,6,30,1,1,1,15:15,4,2,3
2023201368824,2023,201368824,2,2,1,1,68,10,3,0,0,0,0,0,9,4,E01009250,3,1,0.0,1.0,-1,6,30,1,1,1,15:24,2,2,9
2023320366940,2023,320366940,1,2,1,2,78,11,3,0,0,0,0,0,9,3,E01026323,-1,0,0.0743,0.9257,-1,6,30,1,1,1,15:00,5,2,9
2023010460848,2023,010460848,1,2,1,-1,-1,-1,3,0,0,0,0,0,9,-1,-1,-1,0,0.0,1.0,-1,6,40,1,1,1,11:30,1,2,9
2023320386328,2023,320386328,3,3,1,2,57,9,3,0,0,0,0,0,9,-1,-1,-1,0,0.01616,0.98384,-1,6,30,1,1,1,13:30,6,4,9
2023201293132,2023,201293132,1,1,1,1,27,6,3,0,0,0,0,0,9,1,E01009016,3,1,0.0,1.0,-1,6,30,1,1,2,00:43,7,2,9
2023440466129,2023,440466129,2,1,1,1,44,7,3,0,0,0,0,0,9,2,E01022970,-1,0,0.02244,0.97756,-1,3,70,1,6,2,16:55,3,2,9
2023501301286,2023,501301286,1,1,1,1,55,8,3,0,0,0,0,0,9,7,E01019955,3,1,0.0,1.0,-1,6,60,1,1,1,12:58,4,1,9
2023451263563,2023,451263563,1,1,1,1,47,8,3,0,0,0,0,0,1,9,E01003466,3,1,0.0,1.0,-1,6,30,1,1,1,12:04,1,2,1
2023010485838,2023,010485838,1,1,1,2,63,9,3,0,0,0,0,0,9,5,E01003681,-1,0,0.0,1.0,-1,3,30,8,1,1,13:38,7,2,9
2023430175130,2023,430175130,2,1,1,2,58,9,3,0,0,0,0,0,9,10,E01030866,-1,0,0.00604,0.99396,-1,6,60,1,1,1,14:15,6,2,9
2023461332440,2023,461332440,2,4,2,1,3,1,3,0,0,2,0,0,9,7,E01024466,3,1,0.0,1.0,-1,6,30,1,1,1,13:37,6,2,9
2023201297397,2023,201297397,2,2,2,1,15,3,3,0,0,1,0,0,9,2,E01010411,3,1,0.0,1.0,-1,6,30,1,1,1,16:29,1,2,9
2023440211691,2023,440211691,2,1,1,1,19,4,2,0,0,0,0,0,9,6,E01023017,-1,0,1.0,0.0,-1,6,30,1,1,1,16:36,1,2,9
2023501295803,2023,501295803,2,1,1,1,29,6,3,0,0,0,0,0,9,8,E01020035,3,1,0.0,1.0,-1,6,30,1,1,1,11:22,3,2,9
2023451391096,2023,451391096,1,1,1,1,24,5,3,0,0,0,0,0,3,9,E01016575,3,1,0.0,1.0,-1,6,30,1,4,1,17:29,3,2,3
2023010477383,2023,010477383,1,1,3,2,51,8,3,1,9,0,0,0,0,1,E01001732,-1,0,0.0,1.0,-1,6,30,1,4,1,18:25,7,1,9
2023010468350,2023,010468350,1,1,3,1,23,5,3,5,2,0,0,0,0,4,E01003907,-1,0,0.0,1.0,-1,6,20,1,1,1,11:20,7,1,97
2023010432070,2023,010432070,2,1,1,1,18,4,3,0,0,0,0,0,4,4,E01001182,-1,0,0.0,1.0,-1,1,30,2,4,2,01:07,3,2,4
2023221332166,2023,221332166,1,1,1,1,42,7,3,0,0,0,0,0,9,-1,-1,3,1,0.0,1.0,-1,3,70,5,1,5,09:45,7,1,9
2023552301329,2023,552301329,2,1,1,1,32,6,3,0,0,0,0,0,9,7,E01020405,-1,0,0.00687,0.99313,-1,1,50,1,1,1,08:15,2,2,9
2023010451540,2023,010451540,2,1,1,-1,-1,-1,3,0,0,0,0,0,1,-1,-1,-1,0,0.0,1.0,-1,6,20,1,4,1,22:01,1,2,1
2023010475102,2023,010475102,1,1,1,1,38,7,3,0,0,0,0,0,3,3,E01002070,-1,0,0.0,1.0,-1,6,20,1,1,1,13:30,6,2,3
2023371284322,2023,371284322,1,1,1,1,-1,-1,3,0,0,0,0,0,3,4,E01030295,3,1,0.0,1.0,-1,6,30,1,1,1,14:11,6,2,3
2023061289038,2023,061289038,3,2,2,2,26,6,3,0,0,1,0,0,9,5,E01006142,3,1,0.0,1.0,-1,3,70,1,1,1,11:00,3,3,9
2023440027571,2023,440027571,2,2,2,1,78,11,3,0,0,1,0,0,9,9,E01023254,-1,0,0.11674,0.88326,-1,3,70,1,1,2,09:09,7,2,9
2023010423638,2023,010423638,1,1,3,2,58,9,3,5,9,0,0,0,0,5,E01001644,-1,0,0.0,1.0,-1,6,30,1,1,1,14:00,6,1,9
2023131352841,2023,131352841,1,1,3,1,36,7,3,5,1,0,0,0,0,6,E01010787,3,1,0.0,1.0,-1,6,30,1,4,1,21:00,5,1,9
2023332300413,2023,332300413,1,1,3,2,15,3,2,10,9,0,0,0,0,3,E01025717,-1,0,1.0,0.0,-1,6,30,1,1,1,18:00,3,1,9
2023430097042,2023,430097042,1,1,3,2,16,4,3,1,4,0,0,0,0,-1,-1,-1,0,0.13118,0.86882,-1,3,40,1,1,1,15:50,6,1,9
2023010428535,2023,010428535,2,1,1,1,21,5,3,0,0,0,0,0,1,3,E01004313,-1,0,0.0,1.0,-1,6,30,2,1,2,08:40,4,2,1
2023010422785,2023,010422785,1,3,2,2,17,4,2,0,0,2,0,0,9,-1,-1,-1,0,1.0,0.0,-1,6,30,8,4,2,21:40,7,1,9
2023201416075,2023,201416075,2,1,1,2,31,6,3,0,0,0,0,0,9,3,E01009606,3,1,0.0,1.0,-1,6,30,1,1,1,10:30,1,2,9
2023461282169,2023,461282169,2,2,2,2,21,5,3,0,0,1,0,0,9,4,E01024142,3,1,0.0,1.0,-1,3,70,1,1,1,08:40,2,2,9
2023010436843,2023,010436843,1,1,1,1,35,6,2,0,0,0,0,0,1,4,E01001898,-1,0,1.0,0.0,-1,6,20,1,1,1,09:30,3,1,1
2023622300481,2023,622300481,1,1,1,1,38,7,3,0,0,0,0,0,5,9,W01001199,-1,0,0.15604,0.84396,-1,1,50,1,1,1,17:56,5,2,5
2023122300927,2023,122300927,2,2,1,2,21,5,3,0,0,0,0,0,9,1,E01012268,-1,0,0.04914,0.95086,-1,6,60,1,1,1,19:07,4,2,9
2023451311162,2023,451311162,1,1,1,1,38,7,3,0,0,0,0,0,9,3,E01002542,3,1,0.0,1.0,-1,6,30,1,1,1,16:40,4,2,9
2023544692423,2023,544692423,1,1,1,2,69,10,2,0,0,0,0,0,9,10,E01031997,-1,0,1.0,0.0,-1,6,60,1,1,1,15:24,5,2,9
2023610018523,2023,610018523,1,1,1,1,69,10,3,0,0,0,0,0,9,1,W01001652,-1,0,0.10818,0.89182,-1,3,50,1,1,1,09:40,6,2,9
2023010462035,2023,010462035,1,1,1,1,29,6,3,0,0,0,0,0,3,2,E01003183,-1,0,0.0,1.0,-1,9,20,1,1,1,13:45,4,2,3
2023010471890,2023,010471890,1,1,1,1,24,5,3,0,0,0,0,0,3,5,E01000606,-1,0,0.0,1.0,-1,9,30,9,4,1,02:55,6,2,3
2023430117114,2023,430117114,1,1,1,1,47,8,2,0,0,0,0,0,9,2,E01016729,-1,0,1.0,0.0,-1,6,60,1,7,2,05:54,5,1,9
2023531269381,2023,531269381,2,2,2,1,37,7,3,0,0,1,0,0,9,6,E01028771,3,1,0.0,1.0,-1,6,60,1,1,1,09:30,1,2,9
2023061384622,2023,061384622,1,1,3,1,13,3,2,5,1,0,0,0,0,3,E01005998,7,1,1.0,0.0,-1,6,30,1,1,2,15:00,4,1,11
2023010430513,2023,010430513,1,1,1,1,34,6,3,0,0,0,0,0,3,1,E01001427,-1,0,0.0,1.0,-1,1,20,1,1,1,11:43,1,2,3
2023440159722,2023,440159722,1,1,1,1,17,4,2,0,0,0,0,0,3,4,E01017162,-1,0,1.0,0.0,-1,6,40,1,1,1,09:04,2,2,3
2023430376288,2023,430376288,1,1,1,1,53,8,2,0,0,0,0,0,4,10,E01017816,-1,0,1.0,0.0,-1,6,50,1,1,1,16:51,3,2,4
2023201413941,2023,201413941,1,1,1,2,58,9,3,0,0,0,0,0,9,8,E01009468,3,1,0.0,1.0,-1,6,30,1,1,1,14:55,3,2,9
2023320750045,2023,320750045,1,1,1,2,21,5,3,0,0,0,0,0,9,9,E01026304,-1,0,0.05734,0.94266,-1,6,60,1,6,4,07:17,4,2,9
2023522301538,2023,522301538,2,3,2,1,64,9,3,0,0,1,0,0,9,7,E01014959,-1,0,0.0455,0.9545,-1,6,30,1,1,1,07:15,1,2,9
2023421355837,2023,421355837,1,1,3,2,36,7,2,6,9,0,0,0,0,3,E01021859,6,1,1.0,0.0,-1,6,40,1,4,1,21:00,1,1,97
2023501377660,2023,501377660,1,1,1,1,38,7,3,0,0,0,0,0,3,6,E01018858,3,1,0.0,1.0,-1,6,30,2,1,2,14:02,4,2,3
2023010456736,2023,010456736,1,3,2,1,-1,-1,3,0,0,2,0,0,9,10,E01033334,-1,0,0.0,1.0,-1,6,30,1,1,1,13:30,1,3,9
2023351273851,2023,351273851,1,3,2,2,18,4,2,0,0,2,0,0,9,-1,-1,5,1,1.0,0.0,-1,6,60,1,1,1,17:01,6,1,9
2023430440478,2023,430440478,2,1,2,2,14,3,3,0,0,2,0,0,9,5,E01016554,-1,0,0.01737,0.98263,-1,6,40,1,1,1,13:15,1,3,9
2023461295588,2023,461295588,2,1,1,1,23,5,2,0,0,0,0,0,3,1,E01016024,7,1,1.0,0.0,-1,3,30,1,4,1,20:35,2,2,3
2023010447406,2023,010447406,1,1,1,1,53,8,3,0,0,0,0,0,9,1,E01001655,-1,0,0.0,1.0,-1,1,30,1,1,1,16:48,3,2,9
2023010461034,2023,010461034,1,1,1,1,29,6,3,0,0,0,0,0,9,3,E01000336,-1,0,0.0,1.0,-1,3,30,1,1,1,13:00,5,2,9
2023221274501,2023,221274501,1,1,1,1,53,8,2,0,0,0,0,0,9,5,E01020098,7,1,1.0,0.0,-1,3,70,1,6,1,04:05,6,1,9
2023351280722,2023,351280722,2,1,1,1,47,8,3,0,0,0,0,0,9,2,E01015634,3,1,0.0,1.0,-1,1,40,1,1,2,16:42,3,2,9
2023061363978,2023,061363978,3,11,2,2,46,8,3,0,0,0,4,0,11,6,E01004925,3,1,0.0,1.0,-1,6,30,1,1,1,13:20,3,3,11
2023201278781,2023,201278781,1,1,3,2,18,4,3,1,1,0,0,2,0,5,E01009248,3,1,0.0,1.0,-1,3,30,1,1,1,13:15,2,1,9
2023010420159,2023,010420159,2,1,1,2,34,6,3,0,0,0,0,0,1,5,E01004050,-1,0,0.0,1.0,-1,6,30,2,4,2,17:55,7,2,1