collision_index,collision_year,collision_ref_no,vehicle_reference,casualty_reference,casualty_class,sex_of_casualty,age_of_casualty,age_band_of_casualty,casualty_severity,pedestrian_location,pedestrian_movement,car_passenger,bus_or_coach_passenger,pedestrian_road_maintenance_worker,casualty_type,casualty_imd_decile,lsoa_of_casualty,enhanced_casualty_severity,casualty_injury_based,casualty_adjusted_severity_serious,casualty_adjusted_severity_slight,casualty_distance_banding,road_type,speed_limit,weather_conditions,light_conditions,road_surface_conditions,time,day_of_week,number_of_vehicles,vehicle_type
2023991318736,2023,991318736,1,2,1,1,26,6,2,0,0,0,0,0,5,7,-1,6,1,1.0,0.0,-1,6,60,1,1,1,19:10,4,2,5
2023161324768,2023,161324768,2,1,1,1,19,4,3,0,0,0,0,0,3,10,E01013090,3,1,0.0,1.0,-1,3,30,1,1,1,11:20,7,2,3
2023351272954,2023,351272954,2,1,1,2,44,7,3,0,0,0,0,0,9,9,E01018278,3,1,0.0,1.0,-1,3,70,1,6,1,17:53,3,2,9
2023430537438,2023,430537438,2,1,1,1,46,8,3,0,0,0,0,0,9,7,E01031215,-1,0,0.13274,0.86726,-1,6,60,1,6,1,19:25,4,2,9
2023991322981,2023,991322981,2,1,2,2,59,9,3,0,0,0,0,0,90,10,-1,3,1,0.0,1.0,-1,6,60,2,1,2,13:50,2,2,90
2023031286341,2023,031286341,1,1,3,1,44,7,3,9,9,0,0,0,0,-1,-1,3,1,0.0,1.0,-1,6,60,2,6,2,22:30,2,1,9
2023041295112,2023,041295112,1,1,3,2,33,6,3,9,7,0,0,0,0,10,E01024963,3,1,0.0,1.0,-1,6,20,1,4,1,21:55,7,1,98
2023471314480,2023,471314480,2,1,1,1,60,9,2,0,0,0,0,0,1,2,E01001110,5,1,1.0,0.0,-1,6,20,1,1,1,17:49,6,2,1
2023201371041,2023,201371041,2,1,1,1,38,7,3,0,0,0,0,0,3,2,E01009263,3,1,0.0,1.0,-1,6,30,1,1,1,18:30,5,2,3
2023041343619,2023,041343619,2,1,1,1,45,7,3,0,0,0,0,0,9,1,E01025215,3,1,0.0,1.0,-1,6,30,1,1,1,15:40,7,2,9
2023052302514,2023,052302514,2,1,1,2,76,11,2,0,0,0,0,0,9,7,E01007305,-1,0,1.0,0.0,-1,6,20,1,1,1,12:11,4,2,9
2023101387659,2023,101387659,2,2,2,2,26,6,3,0,0,1,0,0,9,1,E01033547,3,1,0.0,1.0,-1,6,50,1,1,1,12:24,4,2,9
2023061381135,2023,061381135,1,1,3,1,34,6,3,9,9,0,0,-1,0,10,E01012489,3,1,0.0,1.0,-1,6,30,2,1,-1,14:25,1,1,20
2023311367824,2023,311367824,1,1,3,2,22,5,3,5,3,0,0,0,0,1,E01013833,3,1,0.0,1.0,-1,6,30,1,4,1,18:54,1,1,9
2023340WN0282,2023,340WN0282,1,1,3,2,61,9,2,6,9,0,0,0,0,-1,-1,-1,0,1.0,0.0,-1,6,30,1,4,1,18:20,4,1,19
2023010426282,2023,010426282,1,1,1,1,32,6,3,0,0,0,0,0,1,5,E01003083,-1,0,0.0,1.0,-1,6,30,1,1,1,09:10,5,2,1
2023010454554,2023,010454554,2,1,1,1,29,6,3,0,0,0,0,0,2,5,E01002143,-1,0,0.0,1.0,-1,7,20,1,1,1,12:28,3,2,2
2023131294149,2023,131294149,2,1,1,1,23,5,3,0,0,0,0,0,9,8,E01011241,3,1,0.0,1.0,-1,6,30,2,4,2,22:50,4,2,9
2023302301554,2023,302301554,2,1,1,2,35,6,3,0,0,0,0,0,9,7,E01019443,-1,0,0.03478,0.96522,-1,6,30,8,1,2,07:55,4,4,9
2023010480629,2023,010480629,1,1,2,2,26,6,2,0,0,0,3,0,11,8,E01004514,-1,0,1.0,0.0,-1,6,20,1,1,1,08:59,3,1,11
2023010477295,2023,010477295,2,2,2,1,0,1,3,0,0,1,0,0,9,3,E01000092,-1,0,0.0,1.0,-1,3,20,1,1,1,10:00,7,3,9
2023031324573,2023,031324573,1,2,2,2,37,7,3,0,0,1,0,0,9,10,E01021545,3,1,0.0,1.0,-1,6,60,1,1,1,12:40,5,2,9
2023991347929,2023,991347929,1,1,3,1,1,1,3,6,9,0,0,2,0,-1,-1,3,1,0.0,1.0,-1,6,20,1,1,1,11:05,7,1,9
2023451375421,2023,451375421,2,1,1,1,42,7,3,0,0,0,0,0,3,6,E01030721,3,1,0.0,1.0,-1,6,30,2,1,2,14:10,5,2,3
2023311398003,2023,311398003,1,1,1,1,79,11,3,0,0,0,0,0,9,2,E01013965,3,1,0.0,1.0,-1,6,30,2,4,2,17:10,3,1,9
2023520400903,2023,520400903,1,1,1,1,17,4,2,0,0,0,0,0,9,6,E01029054,-1,0,1.0,0.0,-1,6,60,1,6,2,19:30,7,1,9
2023010482384,2023,010482384,1,1,1,2,19,4,3,0,0,0,0,0,1,2,E01001001,-1,0,0.0,1.0,-1,9,20,1,1,1,01:10,4,2,1
2023010485118,2023,010485118,1,1,1,1,38,7,3,0,0,0,0,0,1,4,E01003213,-1,0,0.0,1.0,-1,6,20,1,4,1,23:50,2,2,1
2023131275273,2023,131275273,2,1,1,2,45,7,3,0,0,0,0,0,9,8,E01011413,3,1,0.0,1.0,-1,6,40,1,4,1,18:20,5,2,9
2023170S20903,2023,170S20903,2,2,2,1,17,4,3,0,0,1,0,0,19,9,E01012211,-1,0,0.01193,0.98807,-1,7,70,1,1,1,15:26,2,2,19
2023010460165,2023,010460165,1,1,1,2,59,9,3,0,0,0,0,0,9,10,E01030327,-1,0,0.0,1.0,-1,1,30,1,4,1,21:15,6,2,9
2023411433011,2023,411433011,2,2,1,2,30,6,3,0,0,0,0,0,9,4,E01023861,3,1,0.0,1.0,-1,1,60,2,1,2,09:41,5,2,9
2023461366688,2023,461366688,1,1,1,1,29,6,3,0,0,0,0,0,9,8,E01033213,3,1,0.0,1.0,-1,6,50,1,1,1,17:46,6,2,9
2023552301535,2023,552301535,1,1,2,2,76,11,3,0,0,1,0,0,9,5,E01015417,-1,0,0.0687,0.9313,-1,6,30,1,1,1,10:50,7,2,9
2023010440460,2023,010440460,1,1,1,1,20,4,3,0,0,0,0,0,9,8,E01000420,-1,0,0.0,1.0,-1,6,30,1,4,1,22:48,1,1,9
2023111317436,2023,111317436,1,3,2,1,18,4,3,0,0,2,0,0,9,5,E01020620,3,1,0.0,1.0,-1,6,60,1,1,1,21:20,1,1,9
2023111377066,2023,111377066,2,1,1,2,25,5,3,0,0,0,0,0,9,5,E01020706,3,1,0.0,1.0,-1,6,30,1,5,2,20:25,3,2,9
2023010424056,2023,010424056,1,1,1,2,46,8,2,0,0,0,0,0,1,7,E01002812,-1,0,1.0,0.0,-1,6,20,1,1,1,16:54,7,1,1
2023351273657,2023,351273657,2,1,1,1,-1,-1,3,0,0,0,0,0,1,9,E01018299,3,1,0.0,1.0,-1,6,30,1,1,2,07:50,5,2,1
2023131319221,2023,131319221,2,2,2,2,35,6,3,0,0,1,0,0,9,1,E01011864,3,1,0.0,1.0,-1,6,40,1,1,1,17:06,5,2,9
2023010474796,2023,010474796,1,1,1,1,24,5,3,0,0,0,0,0,9,2,E01002281,-1,0,0.0,1.0,-1,3,70,1,4,2,03:44,2,1,9
2023161344045,2023,161344045,1,2,1,1,21,5,2,0,0,0,0,0,9,8,E01013262,7,1,1.0,0.0,-1,6,60,1,1,1,16:30,1,1,9
2023401327796,2023,401327796,1,1,2,2,1,1,3,0,0,-1,0,0,9,9,E01015747,3,1,0.0,1.0,-1,3,30,1,1,2,17:00,2,2,9
2023401380362,2023,401380362,1,1,1,1,30,6,3,0,0,0,0,0,9,3,E01017453,3,1,0.0,1.0,-1,6,30,1,1,1,18:40,7,3,9
2023631324568,2023,631324568,1,2,2,1,18,4,3,0,0,1,0,0,9,7,W01000532,3,1,0.0,1.0,-1,6,60,2,1,2,14:10,6,2,9
2023991379704,2023,991379704,2,1,1,1,24,5,3,0,0,0,0,0,9,6,-1,3,1,0.0,1.0,-1,1,60,1,4,1,16:00,7,2,9
2023461325344,2023,461325344,2,1,1,1,37,7,3,0,0,0,0,0,19,1,E01024390,3,1,0.0,1.0,-1,7,70,1,1,1,10:31,4,2,19
2023161311703,2023,161311703,1,1,3,2,22,5,3,6,9,0,0,0,0,6,E01012765,3,1,0.0,1.0,-1,6,30,1,1,1,14:54,3,1,19
2023122300399,2023,122300399,1,1,1,1,37,7,2,0,0,0,0,0,19,1,E01020844,-1,0,1.0,0.0,-1,3,70,1,1,1,17:48,5,2,19
2023010421702,2023,010421702,1,1,3,2,11,3,3,5,1,0,0,0,0,5,E01001803,-1,0,0.0,1.0,-1,6,20,1,1,2,15:20,2,1,19
2023552300677,2023,552300677,1,1,3,2,20,4,3,5,3,0,0,0,0,10,E01020380,-1,0,0.13234,0.86766,-1,6,30,1,4,1,21:51,6,1,9
2023010462887,2023,010462887,1,1,1,1,23,5,2,0,0,0,0,0,3,2,E01003968,-1,0,1.0,0.0,-1,6,20,1,4,1,00:15,3,1,3
2023461375633,2023,461375633,2,1,1,1,23,5,3,0,0,0,0,0,9,2,E01033212,3,1,0.0,1.0,-1,3,30,1,1,1,16:32,4,3,9
2023101333952,2023,101333952,2,2,1,1,44,7,3,0,0,0,0,0,21,3,E01008182,3,1,0.0,1.0,-1,6,60,1,1,1,15:15,4,2,21
2023101333801,2023,101333801,1,2,2,2,87,11,1,0,0,1,0,0,9,-1,-1,1,1,0.0,0.0,-1,6,60,1,1,2,17:01,3,1,9
2023201342583,2023,201342583,2,2,2,2,37,7,3,0,0,1,0,0,9,3,E01009184,3,1,0.0,1.0,-1,6,30,1,1,1,18:35,5,2,9
2023010422633,2023,010422633,2,1,2,1,56,9,3,0,0,0,0,0,19,8,E01023297,-1,0,0.0,1.0,-1,7,20,1,1,1,08:30,7,2,19
2023221392960,2023,221392960,1,1,3,1,22,5,2,9,9,0,0,0,0,8,E01032400,5,1,1.0,0.0,-1,6,60,1,6,2,23:45,7,4,9
2023010430158,2023,010430158,1,1,3,2,28,6,2,1,1,0,0,0,0,2,E01004283,-1,0,1.0,0.0,-1,6,20,1,4,1,22:15,5,1,9
2023010480426,2023,010480426,1,1,3,1,63,9,3,5,3,0,0,0,0,7,E01002821,-1,0,0.0,1.0,-1,6,20,1,1,2,11:05,2,1,19
2023010424840,2023,010424840,1,1,1,1,34,6,3,0,0,0,0,0,1,5,E01003222,-1,0,0.0,1.0,-1,6,20,1,1,1,15:45,5,2,1
2023052301222,2023,052301222,1,1,1,1,16,4,2,0,0,0,0,0,1,7,E01006800,-1,0,1.0,0.0,-1,6,20,1,1,1,08:54,7,2,1
2023231313649,2023,231313649,2,1,1,1,55,8,3,0,0,0,0,0,3,10,E01032135,3,1,0.0,1.0,-1,6,40,1,1,1,13:20,1,2,3
2023052300522,2023,052300522,1,2,2,2,18,4,3,0,0,2,0,0,9,5,E01018532,-1,0,0.07323,0.92677,-1,9,70,1,1,1,14:05,7,1,9
2023201412560,2023,201412560,1,1,1,1,27,6,3,0,0,0,0,0,9,6,E01009880,3,1,0.0,1.0,-1,6,30,2,4,2,05:35,4,3,9
2023421367061,2023,421367061,1,2,2,1,16,4,3,0,0,1,0,0,9,2,E01021699,3,1,0.0,1.0,-1,6,30,1,1,1,16:39,4,1,9
2023540299123,2023,540299123,1,1,1,1,32,6,3,0,0,0,0,0,9,6,E01032078,-1,0,0.08238,0.91762,-1,6,60,1,6,1,20:20,2,1,9
2023545832823,2023,545832823,2,1,1,2,23,5,3,0,0,0,0,0,9,6,E01031877,-1,0,0.03136,0.96864,-1,6,50,1,1,1,14:51,1,2,9
2023991372041,2023,991372041,1,1,2,1,62,9,2,0,0,0,3,0,11,7,-1,7,1,1.0,0.0,-1,6,20,1,1,1,11:02,1,1,11
2023010424342,2023,010424342,2,2,1,1,58,9,3,0,0,0,0,0,9,8,E01030630,-1,0,0.0,1.0,-1,2,30,1,1,1,10:33,2,2,9
2023061291848,2023,061291848,2,1,1,1,39,7,3,0,0,0,0,0,9,4,E01005730,3,1,0.0,1.0,-1,6,30,1,1,2,18:45,4,4,9
2023111330979,2023,111330979,2,1,1,2,56,9,2,0,0,0,0,0,9,4,E01012264,7,1,1.0,0.0,-1,6,30,1,1,1,21:00,5,2,9
2023430305184,2023,430305184,1,2,2,2,70,10,3,0,0,1,0,0,9,3,E01001177,-1,0,0.0653,0.9347,-1,6,40,1,1,1,14:15,2,2,9
2023461321014,2023,461321014,2,1,2,2,30,6,3,0,0,1,0,0,9,6,E01024161,3,1,0.0,1.0,-1,6,40,1,4,1,20:53,5,2,9
2023430252332,2023,430252332,2,1,1,1,27,6,2,0,0,0,0,0,3,10,E01016816,-1,0,1.0,0.0,-1,6,60,1,1,1,21:17,5,2,3
2023471352416,2023,471352416,1,1,3,1,33,6,3,10,9,0,0,0,0,10,E01031744,3,1,0.0,1.0,-1,6,20,1,1,1,18:10,4,1,11
2023531290439,2023,531290439,2,1,1,2,60,9,2,0,0,0,0,0,9,10,E01022360,6,1,1.0,0.0,-1,6,30,1,1,1,12:45,7,2,9
2023548702123,2023,548702123,2,1,1,2,48,8,3,0,0,0,0,0,9,6,E01031845,-1,0,0.05877,0.94123,-1,6,60,1,1,1,20:13,5,2,9
2023010456656,2023,010456656,1,1,3,1,48,8,3,5,1,0,0,0,0,4,E01032875,-1,0,0.0,1.0,-1,9,30,9,1,1,07:30,6,1,9
2023421296755,2023,421296755,1,1,3,1,7,2,2,5,1,0,0,0,0,2,E01015898,7,1,1.0,0.0,-1,6,30,1,1,2,16:07,6,1,9
2023440470588,2023,440470588,1,1,1,1,52,8,3,0,0,0,0,0,1,4,E01017233,-1,0,0.08684,0.91316,-1,6,30,1,1,2,12:15,6,2,1
2023010481882,2023,010481882,1,1,1,1,35,6,3,0,0,0,0,0,3,3,E01000641,-1,0,0.0,1.0,-1,9,20,9,1,9,12:30,7,2,3
2023052301086,2023,052301086,1,1,1,1,22,5,3,0,0,0,0,0,9,4,E01006584,-1,0,0.0774,0.9226,-1,3,60,4,1,2,13:10,7,2,9
2023221441046,2023,221441046,3,2,2,2,73,10,3,0,0,1,0,0,9,9,E01028775,3,1,0.0,1.0,-1,6,50,5,1,5,11:21,1,3,9
2023421326691,2023,421326691,2,1,1,2,49,8,2,0,0,0,0,0,9,2,E01021711,6,1,1.0,0.0,-1,6,30,1,1,1,08:59,5,2,9
202354C408323,2023,54C408323,1,1,1,1,31,6,3,0,0,0,0,0,9,1,E01015538,-1,0,0.09938,0.90062,-1,6,60,1,6,1,22:48,4,2,9
2023991278431,2023,991278431,2,1,1,1,56,9,3,0,0,0,0,0,9,3,-1,3,1,0.0,1.0,-1,6,60,4,1,1,08:30,6,2,9
2023010421648,2023,010421648,1,1,3,1,31,6,2,1,3,0,0,0,0,4,E01004002,-1,0,1.0,0.0,-1,6,20,8,4,2,07:03,2,1,9
2023430564945,2023,430564945,1,1,3,2,35,6,3,1,3,0,0,0,0,5,E01017710,-1,0,0.14103,0.85897,-1,6,30,1,4,1,07:28,2,1,8
2023421371814,2023,421371814,1,1,3,2,12,3,3,5,9,0,0,0,0,6,E01033056,3,1,0.0,1.0,-1,6,30,1,1,1,15:31,3,1,9
2023351290968,2023,351290968,1,1,3,1,13,3,3,10,9,0,0,0,0,1,E01015663,3,1,0.0,1.0,-1,6,30,1,4,2,17:00,7,1,9
2023461271245,2023,461271245,1,2,3,2,68,10,2,10,9,0,0,2,0,5,E01024525,7,1,1.0,0.0,-1,6,30,1,7,1,17:01,5,1,9
2023010434495,2023,010434495,1,1,1,1,42,7,3,0,0,0,0,0,1,5,E01003411,-1,0,0.0,1.0,-1,1,30,8,1,1,10:14,4,2,1
2023010444036,2023,010444036,1,1,1,1,37,7,2,0,0,0,0,0,5,5,E01023535,-1,0,1.0,0.0,-1,6,30,1,1,1,09:13,7,3,5
2023440405009,2023,440405009,2,1,1,1,36,7,3,0,0,0,0,0,3,6,E01017176,-1,0,0.09411,0.90589,-1,6,40,1,4,1,19:10,3,2,3
2023201285269,2023,201285269,1,2,3,1,16,4,2,5,3,0,0,0,0,1,E01008914,7,1,1.0,0.0,-1,6,30,1,4,1,18:03,2,1,3
2023302301817,2023,302301817,1,2,2,1,17,4,3,0,0,1,0,0,9,3,E01013547,-1,0,0.10425,0.89575,-1,7,70,1,4,2,18:45,1,1,9
2023631334462,2023,631334462,1,1,1,1,20,4,2,0,0,0,0,0,9,5,W01000650,5,1,1.0,0.0,-1,6,40,8,6,2,22:25,3,1,9
2023031327523,2023,031327523,1,1,3,1,76,11,3,5,9,0,0,0,0,7,E01011069,3,1,0.0,1.0,-1,6,30,1,1,1,16:22,7,1,9
2023010431151,2023,010431151,1,4,2,-1,-1,-1,3,0,0,2,0,0,9,5,E01004610,-1,0,0.0,1.0,-1,9,30,9,7,9,20:00,4,2,9
2023131277336,2023,131277336,1,1,2,2,38,7,2,0,0,2,0,0,9,4,E01011546,5,1,1.0,0.0,-1,3,40,2,4,2,01:25,6,1,9
2023131330956,2023,131330956,3,3,1,2,40,7,3,0,0,0,0,0,9,1,E01011764,3,1,0.0,1.0,-1,3,70,1,1,1,07:09,3,3,9
2023440021994,2023,440021994,1,1,1,2,61,9,2,0,0,0,0,0,9,9,E01016193,-1,0,1.0,0.0,-1,6,50,1,1,4,12:58,3,1,9
2023010427578,2023,010427578,2,1,1,1,20,4,3,0,0,0,0,0,1,5,E01001881,-1,0,0.0,1.0,-1,2,20,1,4,1,18:45,5,2,1
2023010445869,2023,010445869,2,1,1,1,23,5,3,0,0,0,0,0,3,3,E01003388,-1,0,0.0,1.0,-1,6,30,1,1,1,19:00,2,2,3
2023131359252,2023,131359252,2,1,1,1,41,7,2,0,0,0,0,0,3,1,E01011084,7,1,1.0,0.0,-1,6,40,1,1,1,15:52,5,2,3
2023141307318,2023,141307318,1,2,3,2,4,1,3,6,9,0,0,0,0,3,E01007673,3,1,0.0,1.0,-1,6,20,1,1,1,08:40,2,1,9
2023061342718,2023,061342718,2,1,1,2,42,7,3,0,0,0,0,0,9,1,E01005191,3,1,0.0,1.0,-1,6,30,1,1,1,17:00,4,2,9
2023461311013,2023,461311013,3,3,2,1,41,7,3,0,0,1,0,0,9,6,E01024021,3,1,0.0,1.0,-1,6,30,1,4,1,22:09,6,3,9
2023501332399,2023,501332399,1,1,1,1,41,7,3,0,0,0,0,0,9,6,E01019959,3,1,0.0,1.0,-1,6,60,2,1,2,13:12,7,2,9
2023070198021,2023,070198021,2,1,1,1,60,9,3,0,0,0,0,0,9,8,E01012450,-1,0,0.06875,0.93125,-1,3,50,1,1,1,11:37,4,2,9
2023211312228,2023,211312228,2,1,2,2,51,8,3,0,0,1,0,0,9,3,E01029804,3,1,0.0,1.0,-1,6,50,1,1,1,15:20,6,2,9
2023320770558,2023,320770558,1,1,1,1,30,6,2,0,0,0,0,0,9,4,E01026268,-1,0,1.0,0.0,-1,6,60,1,6,1,17:13,6,2,9
2023471379305,2023,471379305,2,1,1,1,19,4,2,0,0,0,0,0,3,7,E01020926,6,1,1.0,0.0,-1,6,40,2,4,2,06:01,2,2,3
2023302300948,2023,302300948,1,1,1,1,34,6,2,0,0,0,0,0,5,1,E01008017,-1,0,1.0,0.0,-1,6,60,1,1,1,15:35,5,1,5
2023131285024,2023,131285024,1,1,3,2,15,3,3,5,1,0,0,2,0,1,E01011371,3,1,0.0,1.0,-1,6,30,3,1,2,08:00,5,1,9
2023201379275,2023,201379275,1,1,3,2,21,5,2,6,9,0,0,2,0,5,E01009713,7,1,1.0,0.0,-1,6,30,1,4,1,04:30,1,1,9
2023401368838,2023,401368838,1,1,3,2,34,6,3,1,1,0,0,0,0,2,E01015741,3,1,0.0,1.0,-1,6,30,1,1,1,10:04,6,1,9
2023501282956,2023,501282956,2,1,1,2,39,7,3,0,0,0,0,0,9,2,E01015157,3,1,0.0,1.0,-1,3,70,4,6,1,20:11,3,2,9
2023061335553,2023,061335553,2,1,1,2,66,10,3,0,0,0,0,0,9,9,E01005598,3,1,0.0,1.0,-1,6,30,1,1,1,12:37,4,2,9
2023131356510,2023,131356510,2,1,1,1,43,7,3,0,0,0,0,0,9,9,E01011935,3,1,0.0,1.0,-1,6,40,2,1,2,11:11,3,2,9
2023430551837,2023,430551837,1,1,1,1,64,9,3,0,0,0,0,0,9,4,E01002409,-1,0,0.00919,0.99081,-1,3,70,1,4,2,18:07,6,2,9
2023501295560,2023,501295560,2,2,1,2,26,6,3,0,0,0,0,0,9,6,E01022198,3,1,0.0,1.0,-1,6,60,1,1,1,15:26,2,2,9
2023991298551,2023,991298551,2,1,1,2,59,9,2,0,0,0,0,0,9,2,-1,6,1,1.0,0.0,-1,3,30,1,1,1,12:15,4,2,9
2023052302742,2023,052302742,1,1,3,2,7,2,3,1,3,0,0,0,0,2,E01006713,-1,0,0.15587,0.84413,-1,6,30,1,1,1,15:40,4,1,9
2023141326711,2023,141326711,1,1,3,2,4,1,3,9,6,0,0,0,0,8,E01007427,3,1,0.0,1.0,-1,6,30,1,1,1,15:41,5,1,9
2023010457390,2023,010457390,2,1,1,2,33,6,3,0,0,0,0,0,1,3,E01001805,-1,0,0.0,1.0,-1,6,20,2,1,2,16:55,4,2,1
2023451387437,2023,451387437,1,1,1,1,52,8,2,0,0,0,0,0,1,8,E01030848,5,1,1.0,0.0,-1,6,30,2,4,2,06:40,3,2,1
2023101260235,2023,101260235,1,4,1,2,35,6,3,0,0,0,0,0,9,3,E01008851,3,1,0.0,1.0,-1,3,70,1,1,1,08:15,6,2,9
2023201374220,2023,201374220,2,5,2,2,10,2,3,0,0,-1,0,0,9,1,E01009510,3,1,0.0,1.0,-1,6,40,1,1,1,11:47,4,4,9
2023522300758,2023,522300758,1,1,1,2,35,6,3,0,0,0,0,0,-1,2,E01014664,-1,0,0.0198,0.9802,-1,6,30,2,1,2,08:15,3,2,-1
2023622300449,2023,622300449,2,2,1,2,28,6,3,0,0,0,0,0,1,5,W01001786,-1,0,0.08314,0.91686,-1,6,20,1,1,1,14:53,3,2,1
2023010429211,2023,010429211,1,1,1,1,21,5,3,0,0,0,0,0,3,1,E01000551,-1,0,0.0,1.0,-1,6,20,1,4,1,19:37,7,2,3
2023471387152,2023,471387152,1,1,1,1,30,6,2,0,0,0,0,0,4,6,E01016878,7,1,1.0,0.0,-1,6,30,2,1,2,14:05,7,2,4
2023031360449,2023,031360449,2,1,1,1,21,5,3,0,0,0,0,0,97,-1,-1,3,1,0.0,1.0,-1,6,30,1,1,1,18:40,5,2,97
2023161326570,2023,161326570,1,1,1,1,20,4,3,0,0,0,0,0,19,5,E01013019,3,1,0.0,1.0,-1,3,30,2,4,2,21:50,6,4,19
2023461277361,2023,461277361,1,1,3,1,67,10,2,5,5,0,0,0,0,2,E01024686,7,1,1.0,0.0,-1,6,30,1,4,1,19:05,2,1,9
2023471345651,2023,471345651,2,1,1,1,-1,-1,3,0,0,0,0,0,1,-1,-1,3,1,0.0,1.0,-1,6,20,1,4,1,21:00,6,2,1
2023552301206,2023,552301206,2,1,1,1,13,3,3,0,0,0,0,0,1,5,E01015375,-1,0,0.09103,0.90897,-1,6,40,9,1,1,16:20,1,2,1
2023161321197,2023,161321197,1,1,3,1,35,6,3,5,1,0,0,0,0,-1,-1,3,1,0.0,1.0,-1,6,30,1,1,1,12:21,4,1,9
2023421358391,2023,421358391,1,1,3,2,30,6,3,6,9,0,0,0,0,5,E01021909,3,1,0.0,1.0,-1,6,30,1,1,1,08:30,2,1,19
2023010446578,2023,010446578,1,1,1,1,36,7,3,0,0,0,0,0,3,3,E01000578,-1,0,0.0,1.0,-1,6,20,1,1,1,13:30,4,2,3
2023231302040,2023,231302040,1,2,1,1,17,4,3,0,0,0,0,0,3,8,E01031040,3,1,0.0,1.0,-1,6,30,1,1,1,10:39,7,2,3
2023421315545,2023,421315545,2,3,2,1,49,8,3,0,0,1,0,0,9,-1,-1,3,1,0.0,1.0,-1,3,40,1,1,1,12:42,3,3,9
2023430045293,2023,430045293,2,1,1,2,55,8,3,0,0,0,0,0,9,-1,-1,-1,0,0.08023,0.91977,-1,6,60,1,6,2,20:48,2,2,9
2023543794423,2023,543794423,2,4,2,1,22,5,3,0,0,2,0,0,9,3,E01031956,-1,0,0.05963,0.94037,-1,1,60,1,1,1,10:07,3,2,9
2023010431239,2023,010431239,1,1,3,1,55,8,3,6,9,0,0,0,0,2,E01003599,-1,0,0.0,1.0,-1,6,20,1,4,1,22:15,2,1,9
2023522400059,2023,522400059,1,1,1,1,25,5,3,0,0,0,0,0,1,-1,-1,-1,0,0.09005,0.90995,-1,6,20,2,1,2,08:06,4,2,1
2023070290980,2023,070290980,2,1,1,1,27,6,3,0,0,0,0,0,9,5,E01014253,-1,0,0.01184,0.98816,-1,1,60,1,1,1,10:02,5,2,9
2023122300738,2023,122300738,1,3,2,2,49,8,3,0,0,1,0,0,9,6,E01013418,-1,0,0.05439,0.94561,-1,6,30,1,1,1,20:42,1,2,9
2023141276801,2023,141276801,3,1,1,1,41,7,3,0,0,0,0,0,9,1,E01007652,3,1,0.0,1.0,-1,3,50,1,1,1,14:23,3,3,9
2023201312649,2023,201312649,1,1,1,1,47,8,3,0,0,0,0,0,9,9,E01010225,3,1,0.0,1.0,-1,6,30,1,1,2,14:10,7,2,9
2023332300760,2023,332300760,1,1,1,2,25,5,3,0,0,0,0,0,9,3,E01025706,-1,0,0.00823,0.99177,-1,6,60,1,6,1,20:45,4,2,9
2023520300608,2023,520300608,2,1,1,2,34,6,3,0,0,0,0,0,9,5,E01029259,-1,0,0.02353,0.97647,-1,6,40,1,4,4,21:25,2,2,9
2023010471247,2023,010471247,1,2,2,1,18,4,3,0,0,0,0,0,1,4,E01004015,-1,0,0.0,1.0,-1,6,20,1,1,1,15:20,3,2,1
2023010475914,2023,010475914,1,1,1,2,29,6,3,0,0,0,0,0,1,1,E01004316,-1,0,0.0,1.0,-1,6,20,2,4,2,20:55,6,2,1
2023010483443,2023,010483443,1,1,1,1,35,6,3,0,0,0,0,0,1,2,E01001555,-1,0,0.0,1.0,-1,6,20,1,4,1,20:30,2,2,1
2023041315541,2023,041315541,2,1,1,1,65,9,2,0,0,0,0,0,1,3,E01025037,6,1,1.0,0.0,-1,6,30,1,1,1,10:13,3,2,1
2023231375278,2023,231375278,1,2,3,1,7,2,3,1,1,0,0,0,0,3,E01031095,3,1,0.0,1.0,-1,6,30,1,1,1,08:39,3,1,9
2023371295623,2023,371295623,1,3,2,1,42,7,2,0,0,2,0,0,9,2,E01009999,5,1,1.0,0.0,-1,6,50,1,1,1,16:40,1,2,9
2023531366316,2023,531366316,1,1,3,1,34,6,3,5,1,0,0,0,0,1,E01032937,3,1,0.0,1.0,-1,6,20,1,4,2,17:10,3,1,9
2023131317412,2023,131317412,2,1,1,2,22,5,3,0,0,0,0,0,1,8,E01032945,3,1,0.0,1.0,-1,6,30,1,1,1,20:02,1,2,1
2023411298852,2023,411298852,1,1,3,2,14,3,3,5,1,0,0,0,0,7,E01023335,3,1,0.0,1.0,-1,6,30,1,1,1,07:35,2,1,9
2023421337505,2023,421337505,1,1,3,2,37,7,3,1,1,0,0,0,0,5,E01021753,3,1,0.0,1.0,-1,6,30,1,1,1,17:54,7,1,9
2023010423882,2023,010423882,1,1,1,1,46,8,3,0,0,0,0,0,8,3,E01002589,-1,0,0.0,1.0,-1,6,30,1,4,1,19:50,5,2,8
2023041279624,2023,041279624,2,3,2,1,23,5,3,0,0,0,0,0,19,5,E01005388,3,1,0.0,1.0,-1,3,70,1,1,1,08:10,5,2,19
2023052303006,2023,052303006,1,1,3,2,20,4,3,9,8,0,0,0,0,10,E01005020,-1,0,0.11806,0.88194,-1,6,20,1,4,1,01:30,7,1,9