collision_index,collision_year,collision_ref_no,vehicle_reference,casualty_reference,casualty_class,sex_of_casualty,age_of_casualty,age_band_of_casualty,casualty_severity,pedestrian_location,pedestrian_movement,car_passenger,bus_or_coach_passenger,pedestrian_road_maintenance_worker,casualty_type,casualty_imd_decile,lsoa_of_casualty,enhanced_casualty_severity,casualty_injury_based,casualty_adjusted_severity_serious,casualty_adjusted_severity_slight,casualty_distance_banding,road_type,speed_limit,weather_conditions,light_conditions,road_surface_conditions,time,day_of_week,number_of_vehicles,vehicle_type
2023010483214,2023,010483214,1,1,1,2,48,8,3,0,0,0,0,0,3,4,E01000286,-1,0,0.0,1.0,-1,6,20,1,1,1,14:50,1,2,3
2023111352592,2023,111352592,2,1,1,1,50,8,2,0,0,0,0,0,5,9,E01012236,5,1,1.0,0.0,-1,6,60,1,1,1,17:21,5,3,5
2023141320470,2023,141320470,2,1,3,1,14,3,3,8,3,0,0,0,0,-1,-1,3,1,0.0,1.0,-1,6,30,1,1,1,19:07,2,1,9
2023340NN4342,2023,340NN4342,1,1,1,1,12,3,3,0,0,0,0,0,1,1,E01026965,-1,0,0.12791,0.87209,-1,6,30,1,1,1,08:30,6,2,1
2023010446079,2023,010446079,2,1,1,1,17,4,3,0,0,0,0,0,3,4,E01001139,-1,0,0.0,1.0,-1,6,30,1,1,1,16:50,3,2,3
2023430394324,2023,430394324,1,1,1,1,80,11,1,0,0,0,0,0,4,10,E01028669,-1,0,0.0,0.0,-1,1,60,7,1,1,07:30,1,1,4
2023122300093,2023,122300093,1,1,3,2,25,5,3,5,3,0,0,0,0,7,E01027766,-1,0,0.07936,0.92064,-1,6,20,1,1,1,14:35,4,1,9
2023061363772,2023,061363772,2,1,1,1,51,8,3,0,0,0,0,0,9,2,E01006039,3,1,0.0,1.0,-1,6,30,8,1,-1,10:15,2,2,9
2023201389341,2023,201389341,1,1,1,1,26,6,3,0,0,0,0,0,9,1,E01010054,3,1,0.0,1.0,-1,1,30,1,1,1,11:11,3,2,9
2023991366216,2023,991366216,1,1,1,1,60,9,3,0,0,0,0,0,9,-1,-1,3,1,0.0,1.0,-1,6,30,1,5,1,19:13,2,2,9
2023522400659,2023,522400659,1,1,3,1,70,10,3,5,3,0,0,0,0,7,E01014756,-1,0,0.18952,0.81048,-1,6,30,1,4,1,20:10,2,1,9
2023010421584,2023,010421584,1,1,1,1,31,6,3,0,0,0,0,0,3,3,E01002043,-1,0,0.0,1.0,-1,9,20,8,1,9,16:35,1,2,3
2023501361864,2023,501361864,1,1,3,1,26,6,2,5,1,0,0,0,0,-1,-1,7,1,1.0,0.0,-1,9,30,2,1,2,13:55,2,1,9
2023461345451,2023,461345451,1,1,1,1,26,6,3,0,0,0,0,0,3,5,E01024776,3,1,0.0,1.0,-1,7,40,1,1,1,12:11,4,2,3
2023101360637,2023,101360637,2,1,2,2,34,6,2,0,0,0,0,0,3,2,E01033716,6,1,1.0,0.0,-1,7,70,2,4,2,21:29,7,2,3
2023010478293,2023,010478293,1,1,1,1,25,5,3,0,0,0,0,0,1,5,E01004733,-1,0,0.0,1.0,-1,1,20,1,1,1,09:34,4,2,1
2023010429849,2023,010429849,1,2,2,-1,-1,-1,3,0,0,1,0,0,9,1,E01005234,-1,0,0.0,1.0,-1,6,30,1,1,1,14:47,4,2,9
2023041391770,2023,041391770,2,2,1,1,34,6,3,0,0,0,0,0,9,9,E01025439,3,1,0.0,1.0,-1,3,40,5,4,2,21:00,6,2,9
2023231294265,2023,231294265,3,2,1,2,27,6,3,0,0,0,0,0,9,5,E01031078,3,1,0.0,1.0,-1,3,70,2,1,2,10:20,3,3,9
2023351393006,2023,351393006,2,2,1,1,33,6,3,0,0,0,0,0,9,7,E01018165,3,1,0.0,1.0,-1,6,60,1,6,1,21:03,6,3,9
2023471329832,2023,471329832,1,1,1,1,44,7,3,0,0,0,0,0,9,3,E01031459,3,1,0.0,1.0,-1,3,50,5,6,2,00:20,1,1,9
2023991338413,2023,991338413,1,1,1,2,43,7,3,0,0,0,0,0,9,-1,-1,3,1,0.0,1.0,-1,6,30,1,1,1,08:02,7,2,9
2023302300054,2023,302300054,2,1,1,2,40,7,3,0,0,0,0,0,9,5,E01019883,-1,0,0.00884,0.99116,-1,6,30,2,4,2,07:40,3,2,9
2023302300151,2023,302300151,2,1,1,2,28,6,3,0,0,0,0,0,9,8,E01013546,-1,0,0.01029,0.98971,-1,1,60,8,1,2,09:18,4,2,9
2023552300632,2023,552300632,1,3,2,1,19,4,3,0,0,2,0,0,9,-1,-1,-1,0,0.10002,0.89998,-1,6,60,1,1,1,16:16,6,2,9
2023991329934,2023,991329934,1,1,1,2,45,7,2,0,0,0,0,0,9,8,-1,7,1,1.0,0.0,-1,6,60,1,1,1,15:10,1,2,9
2023131303809,2023,131303809,2,4,2,1,44,7,3,0,0,2,0,0,9,2,E01011691,3,1,0.0,1.0,-1,3,30,1,1,1,19:06,4,2,9
2023332301145,2023,332301145,4,1,1,1,41,7,2,0,0,0,0,0,9,8,E01025685,-1,0,1.0,0.0,-1,6,30,8,4,1,18:00,6,4,9
2023351305844,2023,351305844,1,2,2,1,-1,-1,3,0,0,-1,0,0,9,-1,-1,3,1,0.0,1.0,-1,6,40,1,1,1,20:25,6,1,9
2023421269363,2023,421269363,1,1,1,1,22,5,3,0,0,0,0,0,9,3,E01021291,3,1,0.0,1.0,-1,3,30,1,4,2,03:05,1,1,9
2023991376149,2023,991376149,1,1,1,2,81,11,2,0,0,0,0,0,9,7,-1,6,1,1.0,0.0,-1,6,60,2,6,2,17:38,5,2,9
2023131288087,2023,131288087,1,1,1,2,35,6,2,0,0,0,0,0,9,4,E01011499,7,1,1.0,0.0,-1,9,70,1,1,1,08:47,7,1,9
2023131332471,2023,131332471,2,1,2,1,4,1,2,0,0,2,0,0,9,2,E01011282,7,1,1.0,0.0,-1,6,30,2,1,2,20:31,7,5,9
2023461320971,2023,461320971,1,1,1,1,38,7,3,0,0,0,0,0,9,6,E01024052,3,1,0.0,1.0,-1,6,30,1,1,1,09:11,2,2,9
2023010474322,2023,010474322,1,1,3,1,34,6,3,5,1,0,0,0,0,1,E01000061,-1,0,0.0,1.0,-1,6,30,1,1,1,12:51,6,1,9
2023501326745,2023,501326745,1,1,3,1,48,8,3,9,5,0,0,0,0,3,E01019975,3,1,0.0,1.0,-1,2,30,1,1,1,19:00,5,1,9
2023131352555,2023,131352555,2,1,1,-1,20,4,2,0,0,0,0,0,1,2,E01011324,6,1,1.0,0.0,-1,7,30,1,1,1,15:46,5,2,1
2023421350866,2023,421350866,2,1,1,2,24,5,2,0,0,0,0,0,1,3,E01021601,7,1,1.0,0.0,-1,6,30,1,1,1,13:50,7,2,1
2023010446776,2023,010446776,1,1,1,1,41,7,3,0,0,0,0,0,1,2,E01004409,-1,0,0.0,1.0,-1,6,30,1,1,1,16:00,5,2,1
2023430252928,2023,430252928,2,1,1,1,64,9,2,0,0,0,0,0,5,10,E01022891,-1,0,1.0,0.0,-1,6,30,1,1,1,09:39,6,2,5
2023052300862,2023,052300862,1,1,3,2,10,2,2,5,4,0,0,0,0,3,E01007178,-1,0,1.0,0.0,-1,6,30,1,1,1,17:00,7,1,9
2023010436648,2023,010436648,1,3,2,2,11,3,3,0,0,2,0,0,9,6,E01003786,-1,0,0.0,1.0,-1,6,30,1,4,1,22:18,1,2,9
2023041288045,2023,041288045,1,1,1,1,35,6,3,0,0,0,0,0,9,5,E01012701,3,1,0.0,1.0,-1,6,30,1,4,2,01:59,7,1,9
2023052302126,2023,052302126,2,1,1,1,60,9,2,0,0,0,0,0,9,6,E01025500,-1,0,1.0,0.0,-1,3,40,1,1,1,16:55,7,2,9
2023131364334,2023,131364334,1,1,1,2,33,6,3,0,0,0,0,0,9,8,E01010695,3,1,0.0,1.0,-1,6,60,1,1,1,07:30,4,2,9
2023221393994,2023,221393994,1,1,1,1,35,6,3,0,0,0,0,0,9,-1,-1,3,1,0.0,1.0,-1,6,30,2,1,2,15:55,5,2,9
2023351363911,2023,351363911,2,1,1,1,14,3,3,0,0,0,0,0,1,2,E01015632,3,1,0.0,1.0,-1,6,30,1,1,-1,07:58,3,2,1
2023010466885,2023,010466885,1,4,2,-1,-1,-1,3,0,0,2,0,0,9,-1,-1,-1,0,0.0,1.0,-1,6,20,4,5,1,23:30,2,1,9
2023131329843,2023,131329843,1,2,2,2,13,3,3,0,0,2,0,0,9,1,E01010829,3,1,0.0,1.0,-1,6,30,2,4,2,00:35,1,4,9
2023161303171,2023,161303171,2,4,2,2,17,4,2,0,0,1,0,0,9,1,E01012951,6,1,1.0,0.0,-1,6,30,1,4,1,23:10,3,2,9
2023201371879,2023,201371879,2,1,1,2,25,5,3,0,0,0,0,0,9,5,E01009895,3,1,0.0,1.0,-1,7,70,1,1,1,09:45,4,2,9
2023430187464,2023,430187464,1,1,2,1,2,1,3,0,0,2,0,0,9,6,E01016241,-1,0,0.03501,0.96499,-1,6,30,1,1,1,10:00,1,3,9
2023522300462,2023,522300462,1,1,1,1,21,5,3,0,0,0,0,0,-1,6,E01014633,-1,0,0.02215,0.97785,-1,6,20,9,4,-1,18:26,4,2,-1
2023010480876,2023,010480876,3,1,1,1,35,6,3,0,0,0,0,0,3,4,E01000504,-1,0,0.0,1.0,-1,3,40,1,1,1,12:28,4,3,3
2023531343259,2023,531343259,2,1,1,1,24,5,3,0,0,0,0,0,3,4,E01022251,3,1,0.0,1.0,-1,6,30,2,1,2,17:52,6,2,3
2023440375668,2023,440375668,1,1,1,1,72,10,3,0,0,0,0,0,5,8,E01031543,-1,0,0.16419,0.83581,-1,6,20,1,1,1,17:48,5,2,5
2023010445188,2023,010445188,2,2,1,2,51,8,3,0,0,0,0,0,9,2,E01004424,-1,0,0.0,1.0,-1,6,30,1,1,1,12:02,6,2,9
2023010480956,2023,010480956,1,1,1,2,69,10,3,0,0,0,0,0,9,9,E01002270,-1,0,0.0,1.0,-1,3,50,1,1,1,12:40,4,3,9
2023061360318,2023,061360318,3,3,1,1,55,8,3,0,0,0,0,0,9,3,E01005013,3,1,0.0,1.0,-1,6,30,1,1,2,17:14,6,5,9
2023411308035,2023,411308035,1,2,1,1,53,8,3,0,0,0,0,0,9,6,E01021401,3,1,0.0,1.0,-1,3,70,1,1,1,16:26,6,2,9
2023501269012,2023,501269012,1,2,1,1,23,5,3,0,0,0,0,0,9,7,E01018970,3,1,0.0,1.0,-1,6,60,1,6,1,23:30,6,1,9
2023010423763,2023,010423763,2,1,1,1,14,3,3,0,0,0,0,0,1,9,E01001123,-1,0,0.0,1.0,-1,6,30,1,1,1,08:05,6,2,1
2023471318288,2023,471318288,1,1,3,2,13,3,2,5,3,0,0,0,0,6,E01021152,7,1,1.0,0.0,-1,6,30,1,1,1,15:25,3,1,9
2023010444305,2023,010444305,1,1,1,1,50,8,2,0,0,0,0,0,1,-1,-1,-1,0,1.0,0.0,-1,7,20,1,1,1,16:30,6,2,1
2023421378181,2023,421378181,2,1,1,1,21,5,2,0,0,0,0,0,3,1,E01015916,7,1,1.0,0.0,-1,6,30,2,4,2,22:00,7,2,3
2023010431303,2023,010431303,2,1,1,1,43,7,3,0,0,0,0,0,1,3,E01001764,-1,0,0.0,1.0,-1,6,20,2,4,2,18:18,5,2,1
202354B156823,2023,54B156823,1,1,1,1,17,4,3,0,0,0,0,0,1,2,E01015506,-1,0,0.13628,0.86372,-1,6,30,1,4,2,22:39,6,2,1
2023010447858,2023,010447858,1,1,1,1,26,6,3,0,0,0,0,0,3,3,E01001548,-1,0,0.0,1.0,-1,6,20,1,4,1,23:28,5,2,3
2023552300745,2023,552300745,1,1,1,1,29,6,3,0,0,0,0,0,2,-1,-1,-1,0,0.16601,0.83399,-1,6,30,2,4,2,00:45,7,1,2
2023371345011,2023,371345011,1,1,3,1,35,6,2,6,9,0,0,0,0,2,E01030029,6,1,1.0,0.0,-1,6,30,1,1,1,09:35,7,1,4
2023010483919,2023,010483919,1,1,1,1,54,8,3,0,0,0,0,0,1,2,E01000867,-1,0,0.0,1.0,-1,6,20,2,1,2,09:50,5,2,1
2023010472725,2023,010472725,1,1,1,1,21,5,3,0,0,0,0,0,3,6,E01001597,-1,0,0.0,1.0,-1,6,20,1,1,1,17:57,2,2,3
2023471329704,2023,471329704,1,1,1,1,40,7,2,0,0,0,0,0,3,2,E01031436,7,1,1.0,0.0,-1,6,30,2,1,2,10:35,6,1,3
2023010472014,2023,010472014,2,1,1,1,33,6,3,0,0,0,0,0,5,4,E01003666,-1,0,0.0,1.0,-1,6,30,1,4,1,23:04,7,2,5
2023131350180,2023,131350180,1,1,3,1,41,7,2,5,1,0,0,-1,0,1,E01011045,7,1,1.0,0.0,-1,6,30,1,4,1,22:45,5,1,9
2023332300981,2023,332300981,2,1,1,1,14,3,3,0,0,0,0,0,1,3,E01025987,-1,0,0.05764,0.94236,-1,6,30,1,1,2,08:10,6,2,1
2023010425829,2023,010425829,1,1,1,1,33,6,3,0,0,0,0,0,3,5,E01000639,-1,0,0.0,1.0,-1,6,30,1,1,1,15:20,7,2,3
2023131275846,2023,131275846,1,1,3,2,55,8,2,6,7,0,0,2,0,7,E01011119,7,1,1.0,0.0,-1,6,30,1,1,1,13:35,5,1,11
2023061359950,2023,061359950,1,1,3,2,9,2,3,5,1,0,0,0,0,4,E01005015,3,1,0.0,1.0,-1,6,20,1,4,2,18:26,5,1,9
2023161388391,2023,161388391,1,1,3,2,71,10,2,8,7,0,0,2,0,7,E01012815,6,1,1.0,0.0,-1,6,30,9,1,1,15:19,4,1,90
202360A112744,2023,60A112744,2,1,1,1,10,2,3,0,0,0,0,0,1,-1,-1,-1,0,0.11684,0.88316,-1,6,20,1,1,1,18:12,5,2,1
2023010430903,2023,010430903,2,3,2,-1,-1,-1,3,0,0,2,0,0,9,8,E01015991,-1,0,0.0,1.0,-1,3,70,1,1,1,17:53,3,2,9
2023071210987,2023,071210987,1,1,1,1,66,10,2,0,0,0,0,0,9,-1,-1,-1,0,1.0,0.0,-1,6,30,1,4,4,22:14,5,2,9
2023201408366,2023,201408366,2,1,1,2,64,9,3,0,0,0,0,0,9,2,E01009499,3,1,0.0,1.0,-1,6,30,1,4,1,00:14,1,2,9
202360A080981,2023,60A080981,1,2,1,2,50,8,3,0,0,0,0,0,9,-1,-1,-1,0,0.07023,0.92977,-1,6,60,1,1,1,09:15,2,2,9
2023010455027,2023,010455027,1,2,2,-1,-1,-1,3,0,0,1,0,0,9,6,E01002351,-1,0,0.0,1.0,-1,6,20,8,1,1,19:50,4,2,9
2023320488488,2023,320488488,1,2,2,2,1,1,3,0,0,2,0,0,9,2,E01026382,-1,0,0.11052,0.88948,-1,6,60,1,1,1,13:16,2,2,9
2023991352073,2023,991352073,2,6,2,2,24,5,3,0,0,1,0,0,9,-1,-1,3,1,0.0,1.0,-1,6,30,1,1,1,19:20,3,2,9
2023991387171,2023,991387171,2,1,2,2,9,2,3,0,0,2,0,0,9,3,-1,3,1,0.0,1.0,-1,3,30,2,1,2,08:45,3,2,9
2023070127459,2023,070127459,2,1,1,2,54,8,3,0,0,0,0,0,9,2,E01018364,-1,0,0.04037,0.95963,-1,3,60,1,1,1,08:30,2,2,9
2023411366381,2023,411366381,2,1,2,1,8,2,3,0,0,2,0,0,9,7,E01023492,3,1,0.0,1.0,-1,6,60,1,1,1,16:33,6,3,9
2023622300733,2023,622300733,1,1,1,2,32,6,3,0,0,0,0,0,9,5,W01001360,-1,0,0.05968,0.94032,-1,6,60,2,1,2,15:45,5,2,9
2023131367920,2023,131367920,2,1,1,1,65,9,3,0,0,0,0,0,22,3,E01010665,3,1,0.0,1.0,-1,6,30,9,1,1,14:02,4,2,22
2023010474207,2023,010474207,1,1,1,1,66,10,3,0,0,0,0,0,11,1,E01001155,-1,0,0.0,1.0,-1,6,30,9,1,1,16:00,5,2,11
2023010423326,2023,010423326,1,2,2,-1,-1,-1,3,0,0,2,0,0,9,9,E01000293,-1,0,0.0,1.0,-1,6,30,1,1,1,11:26,3,2,9
2023122300796,2023,122300796,2,1,1,2,38,7,3,0,0,0,0,0,9,3,E01027612,-1,0,0.00223,0.99777,-1,6,30,1,1,1,10:40,4,2,9
2023161379274,2023,161379274,1,1,1,1,18,4,3,0,0,0,0,0,9,4,E01013146,3,1,0.0,1.0,-1,6,60,1,6,1,22:24,4,1,9
2023201456188,2023,201456188,2,1,1,1,37,7,3,0,0,0,0,0,9,7,E01009070,3,1,0.0,1.0,-1,3,30,1,4,1,00:14,2,2,9
2023451300358,2023,451300358,1,3,1,1,78,11,3,0,0,0,0,0,9,-1,-1,3,1,0.0,1.0,-1,6,40,1,1,1,10:19,2,3,9
2023461355998,2023,461355998,1,2,2,2,24,5,3,0,0,1,0,0,9,6,E01024729,3,1,0.0,1.0,-1,6,30,1,4,1,03:37,1,1,9
2023631378035,2023,631378035,3,1,1,2,52,8,3,0,0,0,0,0,9,7,W01000664,3,1,0.0,1.0,-1,1,30,1,4,1,17:25,6,3,9
2023010436609,2023,010436609,3,2,2,-1,-1,-1,3,0,0,1,0,0,9,-1,-1,-1,0,0.0,1.0,-1,2,40,1,1,1,17:30,7,3,9
2023010468011,2023,010468011,1,2,2,2,55,8,3,0,0,2,0,0,9,1,E01004273,-1,0,0.0,1.0,-1,3,40,1,1,1,14:18,1,4,9
2023141323377,2023,141323377,1,1,1,1,32,6,2,0,0,0,0,0,9,1,E01007769,7,1,1.0,0.0,-1,6,30,1,4,1,22:30,2,3,9
2023401309226,2023,401309226,1,2,2,2,20,4,2,0,0,1,0,0,9,1,E01001430,7,1,1.0,0.0,-1,6,40,2,4,2,19:53,5,1,9
2023471361585,2023,471361585,1,1,1,2,73,10,2,0,0,0,0,0,9,4,E01031443,6,1,1.0,0.0,-1,3,60,1,1,1,10:30,3,3,9
2023031360268,2023,031360268,2,1,1,1,50,8,3,0,0,0,0,0,19,-1,-1,3,1,0.0,1.0,-1,6,30,8,1,1,08:00,6,2,19
2023481380488,2023,481380488,2,1,1,1,57,9,3,0,0,0,0,0,20,-1,-1,3,1,0.0,1.0,-1,6,20,1,1,1,14:02,5,2,20
2023010470601,2023,010470601,1,2,2,1,26,6,3,0,0,1,0,0,9,-1,-1,-1,0,0.0,1.0,-1,3,70,1,1,1,13:11,7,1,9
2023010484305,2023,010484305,2,5,1,2,30,6,3,0,0,0,0,0,9,3,E01003520,-1,0,0.0,1.0,-1,3,50,9,1,1,17:11,6,2,9
2023401354960,2023,401354960,2,1,1,1,54,8,2,0,0,0,0,0,9,4,E01015796,5,1,1.0,0.0,-1,6,30,1,1,1,15:43,4,2,9
2023461336980,2023,461336980,1,3,2,2,22,5,3,0,0,1,0,0,9,7,E01024378,3,1,0.0,1.0,-1,6,30,1,1,1,20:42,5,2,9
2023231353436,2023,231353436,2,2,1,2,30,6,3,0,0,0,0,0,9,5,E01022379,3,1,0.0,1.0,-1,6,50,2,1,2,16:10,3,2,9
2023201365002,2023,201365002,2,2,2,1,26,6,3,0,0,-1,0,0,9,2,E01033629,3,1,0.0,1.0,-1,1,40,1,1,1,16:00,6,2,9
2023461317812,2023,461317812,2,1,1,2,25,5,3,0,0,0,0,0,9,5,E01024577,3,1,0.0,1.0,-1,6,50,1,1,1,07:55,5,2,9
2023340WN4822,2023,340WN4822,1,1,1,1,23,5,3,0,0,0,0,0,-1,1,E01027168,-1,0,0.05005,0.94995,-1,6,30,1,1,1,12:45,5,2,-1
2023111282682,2023,111282682,1,1,3,2,2,1,3,8,3,0,0,0,0,-1,-1,3,1,0.0,1.0,-1,6,20,1,1,1,15:05,5,1,9
2023991314186,2023,991314186,1,2,1,1,41,7,2,0,0,0,0,0,5,3,-1,6,1,1.0,0.0,-1,6,40,1,1,1,10:40,6,3,5
2023010478152,2023,010478152,1,1,1,1,25,5,3,0,0,0,0,0,3,6,E01000587,-1,0,0.0,1.0,-1,1,30,2,4,9,21:30,1,2,3
2023061313532,2023,061313532,2,2,1,1,47,8,2,0,0,0,0,0,5,3,E01005726,5,1,1.0,0.0,-1,6,30,1,1,1,19:26,4,2,5
2023991306403,2023,991306403,2,1,2,2,62,9,3,0,0,0,0,0,5,5,-1,3,1,0.0,1.0,-1,3,60,1,1,2,17:48,5,2,5
2023548044923,2023,548044923,1,1,3,1,43,7,2,8,5,0,0,0,0,5,E01032075,-1,0,1.0,0.0,-1,6,60,1,6,1,22:37,2,1,9
2023052302090,2023,052302090,2,1,1,2,8,2,3,0,0,0,0,0,1,1,E01006721,-1,0,0.06412,0.93588,-1,6,20,1,1,1,08:15,3,2,1
2023010437582,2023,010437582,1,1,3,1,13,3,3,5,1,0,0,0,0,7,E01002127,-1,0,0.0,1.0,-1,6,20,1,1,1,18:10,7,1,9
2023531359948,2023,531359948,2,1,1,2,14,3,3,0,0,0,0,0,-1,7,E01022287,3,1,0.0,1.0,-1,6,30,9,1,1,12:00,4,2,-1
2023010476354,2023,010476354,1,1,2,1,43,7,3,0,0,1,0,0,9,3,E01003221,-1,0,0.0,1.0,-1,6,30,1,4,1,02:19,3,1,9
2023451341943,2023,451341943,2,2,2,1,46,8,3,0,0,1,0,0,9,6,E01030587,3,1,0.0,1.0,-1,6,60,1,1,1,09:30,1,2,9
2023451366313,2023,451366313,1,1,1,2,46,8,3,0,0,0,0,0,9,8,E01030575,3,1,0.0,1.0,-1,6,30,1,4,1,21:00,1,2,9
2023610018523,2023,610018523,2,2,1,1,20,4,3,0,0,0,0,0,9,10,E01014987,-1,0,0.05522,0.94478,-1,3,50,1,1,1,09:40,6,2,9
2023131265825,2023,131265825,1,1,3,1,14,3,2,8,3,0,0,2,0,1,E01011357,7,1,1.0,0.0,-1,3,40,1,1,1,07:55,6,1,19
2023070473712,2023,070473712,2,1,1,1,79,11,3,0,0,0,0,0,1,6,E01018615,-1,0,0.10729,0.89271,-1,1,30,1,1,1,15:30,6,2,1
2023552300449,2023,552300449,2,1,1,1,46,8,2,0,0,0,0,0,1,6,E01015291,-1,0,1.0,0.0,-1,1,40,1,4,1,20:44,7,2,1
2023041318626,2023,041318626,1,4,2,2,22,5,3,0,0,1,0,0,9,7,E01012602,3,1,0.0,1.0,-1,6,60,1,1,1,09:13,2,2,9
2023471384463,2023,471384463,2,2,1,2,49,8,3,0,0,0,0,0,9,9,E01021153,3,1,0.0,1.0,-1,6,60,1,1,2,12:47,6,2,9
2023361309400,2023,361309400,2,3,2,2,74,10,1,0,0,1,0,0,9,6,E01026686,1,1,0.0,0.0,-1,6,60,1,1,1,20:54,6,2,9
2023440382732,2023,440382732,2,1,1,2,33,6,2,0,0,0,0,0,9,10,E01022546,-1,0,1.0,0.0,-1,1,50,1,1,2,13:10,3,2,9
2023010445298,2023,010445298,1,1,1,1,29,6,3,0,0,0,0,0,19,1,E01001876,-1,0,0.0,1.0,-1,6,20,1,1,1,19:03,6,1,19
2023010461798,2023,010461798,2,1,1,1,-1,-1,3,0,0,0,0,0,-1,-1,-1,-1,0,0.0,1.0,-1,6,30,1,1,1,08:06,3,2,-1
2023101389970,2023,101389970,2,1,1,1,68,10,3,0,0,0,0,0,1,10,E01008418,3,1,0.0,1.0,-1,6,20,1,4,2,18:54,3,2,1
2023041384406,2023,041384406,1,2,2,2,43,7,3,0,0,1,0,0,9,5,E01012690,3,1,0.0,1.0,-1,6,30,1,1,2,10:30,6,2,9
2023131339972,2023,131339972,2,1,1,1,29,6,3,0,0,0,0,0,9,1,E01010632,3,1,0.0,1.0,-1,7,30,1,1,1,11:22,4,2,9
2023411279283,2023,411279283,2,2,2,2,14,3,3,0,0,2,0,0,9,9,E01023748,3,1,0.0,1.0,-1,6,30,1,1,1,14:15,2,3,9
2023461394724,2023,461394724,2,1,1,2,36,7,3,0,0,0,0,0,9,4,E01016070,3,1,0.0,1.0,-1,3,70,1,4,1,17:30,5,6,9
2023471309017,2023,471309017,2,1,1,1,39,7,3,0,0,0,0,0,9,4,E01031443,3,1,0.0,1.0,-1,6,30,1,1,1,16:20,5,2,9
2023520401057,2023,520401057,2,1,2,1,65,9,3,0,0,1,0,0,9,5,E01029134,-1,0,0.02875,0.97125,-1,6,30,1,6,2,17:25,5,2,9
2023411354641,2023,411354641,1,1,3,1,64,9,3,5,3,0,0,0,0,5,E01023862,3,1,0.0,1.0,-1,6,30,1,4,1,20:27,2,1,1
2023461364511,2023,461364511,1,1,1,1,34,6,2,0,0,0,0,0,3,3,E01016059,7,1,1.0,0.0,-1,3,70,1,1,1,18:11,5,3,3
2023061318767,2023,061318767,3,3,2,2,19,4,3,0,0,2,0,0,9,2,E01005678,3,1,0.0,1.0,-1,3,30,1,4,1,23:05,4,3,9
2023061371183,2023,061371183,2,1,1,-1,-1,-1,3,0,0,0,0,0,9,1,E01005264,3,1,0.0,1.0,-1,6,30,1,1,1,20:57,6,2,9
2023122300585,2023,122300585,1,1,1,1,24,5,3,0,0,0,0,0,9,1,E01011372,-1,0,0.06762,0.93238,-1,6,60,1,1,1,10:17,3,1,9
2023231316181,2023,231316181,1,4,2,2,8,2,3,0,0,2,0,0,9,-1,-1,3,1,0.0,1.0,-1,6,50,1,1,1,11:05,1,2,9
2023440168276,2023,440168276,1,1,1,1,25,5,3,0,0,0,0,0,9,7,E01023074,-1,0,0.09103,0.90897,-1,3,50,1,1,1,16:30,7,2,9
2023501372258,2023,501372258,1,1,1,1,45,7,3,0,0,0,0,0,9,6,E01029217,3,1,0.0,1.0,-1,3,60,1,1,1,16:37,4,1,9
2023991346186,2023,991346186,1,1,1,2,35,6,3,0,0,0,0,0,9,-1,-1,3,1,0.0,1.0,-1,6,30,1,1,1,11:10,5,2,9
2023631325293,2023,631325293,2,2,1,1,62,9,3,0,0,0,0,0,9,4,W01000586,3,1,0.0,1.0,-1,6,60,1,1,2,09:35,2,2,9
2023041356228,2023,041356228,2,1,1,1,49,8,3,0,0,0,0,0,97,7,E01025005,3,1,0.0,1.0,-1,6,30,1,4,1,20:09,2,2,97
2023101315123,2023,101315123,1,1,1,2,70,10,3,0,0,0,0,0,9,10,E01027471,3,1,0.0,1.0,-1,7,50,1,1,1,14:00,2,2,9
2023991325571,2023,991325571,3,3,1,1,37,7,3,0,0,0,0,0,9,4,-1,3,1,0.0,1.0,-1,3,40,2,1,2,16:45,3,3,9
2023010471752,2023,010471752,1,1,1,1,42,7,3,0,0,0,0,0,1,7,E01001583,-1,0,0.0,1.0,-1,2,30,1,1,1,08:30,6,2,1
2023010440332,2023,010440332,2,1,1,1,-1,-1,3,0,0,0,0,0,1,-1,-1,-1,0,0.0,1.0,-1,1,30,1,1,1,14:20,7,2,1
2023430183117,2023,430183117,2,1,1,2,28,6,3,0,0,0,0,0,9,9,E01033520,-1,0,0.04039,0.95961,-1,3,70,1,1,1,12:35,5,2,9
2023471286411,2023,471286411,3,2,1,2,52,8,3,0,0,0,0,0,9,3,E01032832,3,1,0.0,1.0,-1,6,30,1,1,2,07:10,3,3,9
2023401320723,2023,401320723,1,1,1,1,23,5,3,0,0,0,0,0,9,4,E01017542,3,1,0.0,1.0,-1,6,30,1,1,1,09:30,7,1,9
2023991304185,2023,991304185,1,1,1,2,20,4,3,0,0,0,0,0,9,3,-1,3,1,0.0,1.0,-1,6,40,2,1,2,12:15,3,2,9
2023552301223,2023,552301223,2,1,1,2,63,9,3,0,0,0,0,0,19,2,E01015341,-1,0,0.02825,0.97175,-1,6,50,1,1,1,15:17,2,3,19
2023141370683,2023,141370683,1,1,1,2,24,5,3,0,0,0,0,0,9,2,E01011872,3,1,0.0,1.0,-1,1,50,2,7,2,16:34,7,2,9
2023161283284,2023,161283284,1,1,1,2,47,8,3,0,0,0,0,0,9,1,E01013279,3,1,0.0,1.0,-1,6,60,1,1,1,16:30,1,2,9
2023340WN5732,2023,340WN5732,1,1,1,1,49,8,3,0,0,0,0,0,9,2,E01027228,-1,0,0.04986,0.95014,-1,6,30,1,1,2,09:30,7,2,9