collision_index,collision_year,collision_ref_no,vehicle_reference,casualty_reference,casualty_class,sex_of_casualty,age_of_casualty,age_band_of_casualty,casualty_severity,pedestrian_location,pedestrian_movement,car_passenger,bus_or_coach_passenger,pedestrian_road_maintenance_worker,casualty_type,casualty_imd_decile,lsoa_of_casualty,enhanced_casualty_severity,casualty_injury_based,casualty_adjusted_severity_serious,casualty_adjusted_severity_slight,casualty_distance_banding,road_type,speed_limit,weather_conditions,light_conditions,road_surface_conditions,time,day_of_week,number_of_vehicles,vehicle_type
2023010481143,2023,010481143,1,1,1,2,87,11,2,0,0,0,0,0,9,3,E01000381,-1,0,1.0,0.0,-1,6,20,1,1,1,13:20,5,2,9
2023010482446,2023,010482446,2,1,1,1,41,7,3,0,0,0,0,0,9,7,E01017893,-1,0,0.0,1.0,-1,7,30,1,1,1,14:10,4,2,9
2023302301613,2023,302301613,1,1,1,1,51,8,3,0,0,0,0,0,9,5,E01031102,-1,0,0.12953,0.87047,-1,6,50,1,6,1,02:00,2,1,9
2023552300141,2023,552300141,1,2,2,1,17,4,3,0,0,1,0,0,9,7,E01020491,-1,0,0.07383,0.92617,-1,6,60,1,6,4,22:04,2,1,9
2023501355736,2023,501355736,2,1,1,1,18,4,3,0,0,0,0,0,1,4,E01018948,3,1,0.0,1.0,-1,6,30,1,1,1,15:30,3,2,1
2023131394393,2023,131394393,2,2,2,1,32,6,3,0,0,2,0,0,9,2,E01011359,3,1,0.0,1.0,-1,6,40,1,4,1,16:06,7,2,9
2023141318659,2023,141318659,1,1,1,1,31,6,3,0,0,0,0,0,9,8,E01007888,3,1,0.0,1.0,-1,6,30,1,7,1,04:30,1,1,9
2023351403929,2023,351403929,1,1,1,1,29,6,2,0,0,0,0,0,20,4,E01021501,6,1,1.0,0.0,-1,3,70,1,1,1,15:05,5,5,20
2023421376807,2023,421376807,2,1,1,1,7,2,2,0,0,0,0,0,90,6,E01022002,6,1,1.0,0.0,-1,1,30,1,4,1,17:00,2,2,90
2023461382175,2023,461382175,2,1,1,1,27,6,3,0,0,0,0,0,3,2,E01024091,3,1,0.0,1.0,-1,6,30,1,1,1,07:25,4,2,3
2023010467362,2023,010467362,1,1,3,2,38,7,2,1,3,0,0,0,0,8,E01002340,-1,0,1.0,0.0,-1,6,20,1,1,1,09:01,5,1,9
2023131321335,2023,131321335,1,1,3,1,56,9,3,5,1,0,0,2,0,1,E01010663,3,1,0.0,1.0,-1,7,20,1,1,1,19:27,3,1,9
2023041279624,2023,041279624,2,2,1,1,32,6,3,0,0,0,0,0,19,1,E01005422,3,1,0.0,1.0,-1,3,70,1,1,1,08:10,5,2,19
2023010420832,2023,010420832,1,1,1,1,20,4,3,0,0,0,0,0,3,4,E01004172,-1,0,0.0,1.0,-1,6,20,8,1,1,12:13,2,1,3
2023010464390,2023,010464390,1,1,1,1,27,6,3,0,0,0,0,0,3,4,E01000006,-1,0,0.0,1.0,-1,9,30,9,1,9,17:20,3,2,3
2023311359415,2023,311359415,1,1,3,1,12,3,3,5,2,0,0,0,0,3,E01013929,3,1,0.0,1.0,-1,6,30,1,1,1,15:10,3,1,9
2023031298147,2023,031298147,1,1,1,1,42,7,3,0,0,0,0,0,9,4,E01033373,3,1,0.0,1.0,-1,3,70,1,6,1,00:40,4,2,9
202354B690023,2023,54B690023,1,5,2,2,18,4,3,0,0,2,0,0,9,2,E01015537,-1,0,0.03762,0.96238,-1,3,40,1,4,2,18:35,7,2,9
2023010454765,2023,010454765,1,1,1,1,69,10,2,0,0,0,0,0,19,4,E01000068,-1,0,1.0,0.0,-1,3,70,1,1,1,10:55,4,2,19
2023010443116,2023,010443116,1,2,2,2,60,9,3,0,0,1,0,0,9,4,E01002792,-1,0,0.0,1.0,-1,6,20,1,1,1,17:06,2,3,9
2023302301466,2023,302301466,1,1,1,1,30,6,3,0,0,0,0,0,9,8,E01019714,-1,0,0.09577,0.90423,-1,6,50,2,1,2,17:08,6,1,9
2023430098382,2023,430098382,2,1,1,2,49,8,3,0,0,0,0,0,9,6,E01033525,-1,0,0.06381,0.93619,-1,6,60,1,1,1,13:54,7,2,9
2023461354337,2023,461354337,1,1,1,1,43,7,3,0,0,0,0,0,9,1,E01024621,3,1,0.0,1.0,-1,6,30,1,1,1,12:11,3,2,9
2023320644592,2023,320644592,1,1,1,1,73,10,3,0,0,0,0,0,21,8,E01027999,-1,0,0.15393,0.84607,-1,6,60,9,1,1,14:45,2,1,21
2023010481729,2023,010481729,2,1,1,1,15,3,3,0,0,0,0,0,1,2,E01001118,-1,0,0.0,1.0,-1,6,30,2,4,2,15:20,1,2,1
2023010435986,2023,010435986,3,1,1,1,26,6,3,0,0,0,0,0,3,3,E01003531,-1,0,0.0,1.0,-1,6,30,1,1,1,15:15,4,3,3
2023010454712,2023,010454712,1,1,1,1,24,5,3,0,0,0,0,0,3,2,E01004287,-1,0,0.0,1.0,-1,6,30,1,4,1,21:10,6,2,3
2023501400570,2023,501400570,1,1,1,1,18,4,3,0,0,0,0,0,3,1,E01018841,3,1,0.0,1.0,-1,6,30,1,1,1,11:15,4,3,3
2023311357848,2023,311357848,3,1,1,1,51,8,3,0,0,0,0,0,1,3,E01033397,3,1,0.0,1.0,-1,3,30,1,1,1,14:51,6,3,1
2023161305568,2023,161305568,1,1,1,1,-1,-1,3,0,0,0,0,0,3,7,E01013034,3,1,0.0,1.0,-1,6,60,1,1,1,06:37,5,2,3
2023211332914,2023,211332914,2,1,1,1,20,4,3,0,0,0,0,0,3,4,E01029535,3,1,0.0,1.0,-1,6,30,1,1,1,07:32,4,2,3
2023201318522,2023,201318522,2,9,2,2,33,6,2,0,0,2,0,0,9,1,E01009408,5,1,1.0,0.0,-1,6,40,1,1,1,19:10,7,2,9
2023101334350,2023,101334350,1,1,2,1,17,4,3,0,0,1,0,0,9,-1,-1,3,1,0.0,1.0,-1,6,30,1,1,2,18:25,1,1,9
2023440078869,2023,440078869,2,2,1,1,17,4,2,0,0,0,0,0,9,7,E01031500,-1,0,1.0,0.0,-1,6,40,1,4,1,22:53,7,2,9
2023991272565,2023,991272565,1,1,2,2,16,4,3,0,0,2,0,0,9,1,-1,3,1,0.0,1.0,-1,6,40,2,4,2,00:45,1,2,9
2023361296570,2023,361296570,2,1,1,1,62,9,3,0,0,0,0,0,1,5,E01029960,3,1,0.0,1.0,-1,6,30,1,1,1,11:15,1,2,1
2023041361680,2023,041361680,1,1,3,2,43,7,3,5,1,0,0,0,0,3,E01025223,3,1,0.0,1.0,-1,6,30,1,1,1,23:50,5,1,9
2023131389409,2023,131389409,1,1,3,1,16,4,3,5,1,0,0,2,0,-1,-1,3,1,0.0,1.0,-1,6,30,1,4,1,19:39,1,1,9
2023161263915,2023,161263915,2,2,1,1,74,10,3,0,0,0,0,0,9,6,E01012953,3,1,0.0,1.0,-1,6,30,1,1,2,14:56,5,2,9
2023161383002,2023,161383002,2,1,1,2,50,8,3,0,0,0,0,0,9,4,E01026076,3,1,0.0,1.0,-1,3,70,2,6,2,09:07,3,2,9
2023401286543,2023,401286543,2,1,1,2,40,7,3,0,0,0,0,0,9,8,E01017383,3,1,0.0,1.0,-1,6,30,1,1,2,08:05,3,2,9
2023421380041,2023,421380041,2,1,1,1,25,5,3,0,0,0,0,0,9,6,E01021705,3,1,0.0,1.0,-1,7,70,1,1,1,13:30,3,3,9
2023010441245,2023,010441245,2,1,1,1,51,8,2,0,0,0,0,0,5,6,E01024432,-1,0,1.0,0.0,-1,3,50,1,1,1,07:15,6,3,5
2023010453808,2023,010453808,2,2,1,1,42,7,3,0,0,0,0,0,19,2,E01001551,-1,0,0.0,1.0,-1,6,30,1,1,1,17:40,6,2,19
2023161330384,2023,161330384,1,1,3,1,11,3,2,1,1,0,0,2,0,-1,-1,7,1,1.0,0.0,-1,3,30,1,1,2,19:16,7,1,9
2023010456102,2023,010456102,1,1,1,1,25,5,3,0,0,0,0,0,9,3,E01002429,-1,0,0.0,1.0,-1,3,40,1,1,1,13:08,4,2,9
2023010469393,2023,010469393,1,2,2,-1,-1,-1,3,0,0,1,0,0,9,1,E01001798,-1,0,0.0,1.0,-1,3,20,1,1,1,17:05,1,1,9
2023010458299,2023,010458299,1,1,1,1,55,8,3,0,0,0,0,0,3,3,E01004031,-1,0,0.0,1.0,-1,9,20,9,1,9,08:15,3,2,3
2023522301133,2023,522301133,1,1,3,2,57,9,3,9,5,0,0,0,0,5,E01015005,-1,0,0.05902,0.94098,-1,6,20,9,4,2,01:22,7,1,9
2023170L20283,2023,170L20283,1,1,1,1,23,5,3,0,0,0,0,0,1,1,E01033471,-1,0,0.06301,0.93699,-1,6,30,1,1,1,11:05,1,2,1
2023170S10583,2023,170S10583,2,1,1,2,16,4,3,0,0,0,0,0,1,3,E01012253,-1,0,0.05796,0.94204,-1,6,30,1,1,1,08:20,5,2,1
2023522301222,2023,522301222,2,1,1,1,17,4,3,0,0,0,0,0,2,7,E01015017,-1,0,0.10788,0.89212,-1,6,30,1,1,1,12:40,5,2,2
2023010432550,2023,010432550,1,1,1,-1,19,4,3,0,0,0,0,0,3,3,E01001449,-1,0,0.0,1.0,-1,6,20,9,1,9,12:33,5,2,3
2023440520900,2023,440520900,1,2,3,1,57,9,3,4,3,0,0,0,0,6,E01023236,-1,0,0.19675,0.80325,-1,6,30,1,4,1,18:53,5,1,9
2023311329572,2023,311329572,1,1,3,2,66,10,2,6,9,0,0,0,0,7,E01019697,6,1,1.0,0.0,-1,6,30,1,1,2,13:56,3,1,9
2023552301408,2023,552301408,2,1,1,1,24,5,2,0,0,0,0,0,1,4,E01015372,-1,0,1.0,0.0,-1,1,30,1,4,1,23:53,6,2,1
2023010464090,2023,010464090,1,2,2,1,22,5,3,0,0,1,0,0,9,7,E01001996,-1,0,0.0,1.0,-1,6,30,1,4,1,22:02,2,1,9
2023010484431,2023,010484431,1,1,1,1,82,11,2,0,0,0,0,0,9,8,E01000355,-1,0,1.0,0.0,-1,6,30,1,4,1,18:13,7,1,9
2023101269791,2023,101269791,2,2,2,2,17,4,3,0,0,1,0,0,9,10,E01008546,3,1,0.0,1.0,-1,6,30,1,4,1,17:20,1,2,9
2023211344088,2023,211344088,2,1,1,1,56,9,3,0,0,0,0,0,9,-1,-1,3,1,0.0,1.0,-1,6,30,1,4,1,23:49,6,2,9
2023221387919,2023,221387919,1,3,2,2,30,6,3,0,0,2,0,0,9,4,E01014121,3,1,0.0,1.0,-1,7,60,2,1,2,08:07,2,2,9
2023501303024,2023,501303024,1,1,1,1,77,11,2,0,0,0,0,0,9,5,E01015091,6,1,1.0,0.0,-1,6,60,1,1,1,16:10,3,2,9
2023361327889,2023,361327889,2,1,1,1,13,3,3,0,0,0,0,0,-1,1,E01026603,3,1,0.0,1.0,-1,6,20,1,1,1,13:30,7,2,-1
2023131389278,2023,131389278,1,1,3,2,38,7,3,8,3,0,0,2,0,1,E01010803,3,1,0.0,1.0,-1,6,30,1,1,1,12:10,6,1,8
2023161295296,2023,161295296,2,1,1,1,11,3,3,0,0,0,0,0,1,4,E01013280,3,1,0.0,1.0,-1,6,30,1,1,2,12:22,2,2,1
2023041350189,2023,041350189,1,3,2,2,18,4,3,0,0,2,0,0,9,-1,-1,3,1,0.0,1.0,-1,6,60,1,6,1,21:20,5,1,9
2023451342458,2023,451342458,1,1,1,1,43,7,3,0,0,0,0,0,9,10,E01030986,3,1,0.0,1.0,-1,6,30,1,1,1,18:45,4,2,9
2023501350844,2023,501350844,2,2,2,2,56,9,3,0,0,2,0,0,9,7,E01015198,3,1,0.0,1.0,-1,6,60,1,1,1,10:15,7,2,9
2023991279273,2023,991279273,1,1,1,1,40,7,3,0,0,0,0,0,9,7,-1,3,1,0.0,1.0,-1,6,60,2,1,2,07:55,4,2,9
2023991282032,2023,991282032,1,1,1,2,28,6,3,0,0,0,0,0,9,1,-1,3,1,0.0,1.0,-1,3,70,1,6,1,20:00,4,2,9
2023010464137,2023,010464137,2,1,1,1,50,8,3,0,0,0,0,0,1,2,E01004423,-1,0,0.0,1.0,-1,6,20,1,1,1,08:40,3,2,1
2023211310239,2023,211310239,1,1,1,1,39,7,3,0,0,0,0,0,5,9,E01029368,3,1,0.0,1.0,-1,6,30,1,1,1,15:15,7,2,5
2023101324720,2023,101324720,1,1,3,2,3,1,3,1,1,0,0,0,0,1,E01008846,3,1,0.0,1.0,-1,6,30,1,1,1,08:37,4,1,8
2023461333866,2023,461333866,1,1,3,2,54,8,3,5,3,0,0,0,0,6,E01024005,3,1,0.0,1.0,-1,6,30,1,1,1,16:46,3,1,9
2023471319636,2023,471319636,2,1,3,2,17,4,3,10,9,0,0,0,0,6,E01031637,3,1,0.0,1.0,-1,3,70,1,1,1,18:15,6,2,9
2023010477042,2023,010477042,1,1,1,1,22,5,3,0,0,0,0,0,4,5,E01030852,-1,0,0.0,1.0,-1,6,30,1,4,2,06:10,6,2,4
2023451286296,2023,451286296,1,1,1,1,39,7,3,0,0,0,0,0,9,10,E01030489,3,1,0.0,1.0,-1,3,70,2,6,2,20:15,7,2,9
2023631359009,2023,631359009,2,1,1,2,62,9,3,0,0,0,0,0,9,6,W01000502,3,1,0.0,1.0,-1,6,30,1,1,1,10:17,7,2,9
2023010424638,2023,010424638,1,3,2,-1,-1,-1,3,0,0,2,0,0,9,1,E01002040,-1,0,0.0,1.0,-1,3,40,1,4,1,07:10,1,1,9
2023010473665,2023,010473665,1,1,1,1,39,7,3,0,0,0,0,0,9,6,E01030714,-1,0,0.0,1.0,-1,3,40,1,1,1,16:15,1,2,9
2023070270239,2023,070270239,1,1,1,1,17,4,3,0,0,0,0,0,1,1,E01018563,-1,0,0.1397,0.8603,-1,6,30,1,4,1,21:00,5,2,1
2023371299605,2023,371299605,2,1,1,1,17,4,3,0,0,0,0,0,3,6,E01030221,3,1,0.0,1.0,-1,6,60,9,1,-1,14:10,2,2,3
2023201301065,2023,201301065,2,1,1,1,57,9,3,0,0,0,0,0,1,5,E01008959,3,1,0.0,1.0,-1,1,30,1,1,2,17:15,4,2,1
2023061371980,2023,061371980,2,1,1,1,29,6,3,0,0,0,0,0,9,2,E01005337,3,1,0.0,1.0,-1,3,30,1,1,1,08:51,4,2,9
2023010473533,2023,010473533,2,1,1,1,59,9,3,0,0,0,0,0,1,1,E01001507,-1,0,0.0,1.0,-1,6,30,1,7,1,07:10,2,2,1
2023221271099,2023,221271099,2,1,1,1,14,3,3,0,0,0,0,0,1,1,E01014198,3,1,0.0,1.0,-1,6,30,1,1,2,08:19,4,2,1
2023010484832,2023,010484832,1,2,2,2,-1,-1,3,0,0,2,0,0,8,7,E01017800,-1,0,0.0,1.0,-1,3,20,1,1,1,16:00,2,2,8
2023201444606,2023,201444606,1,1,3,1,53,8,3,4,1,0,0,2,0,8,E01009425,3,1,0.0,1.0,-1,6,30,2,4,2,18:15,7,1,9
2023010464655,2023,010464655,2,1,1,1,19,4,3,0,0,0,0,0,1,2,E01003499,-1,0,0.0,1.0,-1,6,20,1,1,1,14:06,5,2,1
2023231352757,2023,231352757,2,1,1,2,23,5,3,0,0,0,0,0,1,10,E01031296,3,1,0.0,1.0,-1,1,30,1,6,2,06:15,3,2,1
2023131295107,2023,131295107,1,1,1,1,28,6,2,0,0,0,0,0,3,9,E01010692,6,1,1.0,0.0,-1,6,60,1,1,1,08:45,2,2,3
2023501323645,2023,501323645,1,1,1,1,28,6,2,0,0,0,0,0,5,4,E01019007,7,1,1.0,0.0,-1,6,30,1,1,1,10:21,4,2,5
2023440047805,2023,440047805,1,1,1,1,34,6,3,0,0,0,0,0,19,2,E01016438,-1,0,0.14398,0.85602,-1,6,60,1,1,1,12:56,7,3,19
2023010435570,2023,010435570,1,1,1,2,29,6,3,0,0,0,0,0,9,1,E01021317,-1,0,0.0,1.0,-1,6,30,1,4,1,00:26,2,2,9
2023211365097,2023,211365097,2,1,1,2,33,6,3,0,0,0,0,0,9,7,E01025890,3,1,0.0,1.0,-1,3,70,5,1,5,11:22,6,2,9
2023461319343,2023,461319343,1,2,2,2,14,3,3,0,0,2,0,0,9,6,E01024513,3,1,0.0,1.0,-1,6,60,8,6,1,22:59,1,1,9
2023991357270,2023,991357270,1,1,1,2,40,7,3,0,0,0,0,0,9,5,-1,3,1,0.0,1.0,-1,6,30,1,1,1,12:05,4,2,9
2023201372100,2023,201372100,1,1,3,2,39,7,2,1,9,0,0,2,0,3,E01010422,6,1,1.0,0.0,-1,6,30,2,4,2,17:30,6,1,9
2023501315903,2023,501315903,1,1,3,1,10,2,3,6,9,0,0,0,0,-1,-1,3,1,0.0,1.0,-1,6,30,1,1,1,15:15,7,1,9
2023461375610,2023,461375610,2,1,1,1,35,6,2,0,0,0,0,0,1,4,E01024164,7,1,1.0,0.0,-1,1,30,1,1,1,08:10,7,2,1
2023010456751,2023,010456751,1,1,1,1,33,6,3,0,0,0,0,0,3,3,E01002151,-1,0,0.0,1.0,-1,3,30,2,4,2,03:31,1,2,3
2023010476827,2023,010476827,1,1,1,1,30,6,3,0,0,0,0,0,3,3,E01001930,-1,0,0.0,1.0,-1,6,20,1,1,1,08:35,5,2,3
2023302300500,2023,302300500,1,1,3,1,11,3,2,5,2,0,0,0,0,1,E01013487,-1,0,1.0,0.0,-1,6,20,1,5,1,17:49,3,2,9
2023351388018,2023,351388018,2,1,1,1,72,10,2,0,0,0,0,0,1,9,E01017988,7,1,1.0,0.0,-1,6,30,2,1,2,11:26,2,2,1
2023201315104,2023,201315104,1,1,1,2,21,5,3,0,0,0,0,0,9,3,E01031177,3,1,0.0,1.0,-1,3,50,2,1,2,17:08,7,2,9
2023010451926,2023,010451926,1,1,3,2,-1,-1,3,5,9,0,0,0,0,-1,-1,-1,0,0.0,1.0,-1,6,30,1,1,1,17:00,3,1,4
2023320690819,2023,320690819,1,1,3,2,40,7,3,9,5,0,0,0,0,4,E01026057,-1,0,0.07782,0.92218,-1,6,30,1,1,1,10:40,1,1,9
2023221353483,2023,221353483,1,1,3,2,39,7,3,5,9,0,0,0,0,7,E01028940,3,1,0.0,1.0,-1,6,30,1,1,1,08:40,6,1,9
2023010467594,2023,010467594,2,1,1,1,23,5,3,0,0,0,0,0,3,3,E01000553,-1,0,0.0,1.0,-1,6,20,1,1,1,11:22,6,2,3
2023201316412,2023,201316412,2,1,1,1,30,6,3,0,0,0,0,0,5,9,E01029661,3,1,0.0,1.0,-1,6,30,1,1,1,17:08,6,2,5
2023231427787,2023,231427787,1,1,3,2,40,7,3,10,9,0,0,0,0,10,E01031259,3,1,0.0,1.0,-1,6,30,1,4,1,22:37,1,1,9
2023302300653,2023,302300653,1,1,3,1,-1,-1,3,9,7,0,0,0,0,10,E01013461,-1,0,0.11763,0.88237,-1,6,30,1,1,1,19:30,3,1,9
2023531259198,2023,531259198,1,1,1,2,26,6,3,0,0,0,0,0,19,-1,-1,3,1,0.0,1.0,-1,6,60,2,1,2,08:05,3,1,19
2023010434209,2023,010434209,1,1,1,1,51,8,3,0,0,0,0,0,1,3,E01003374,-1,0,0.0,1.0,-1,6,20,1,1,1,15:35,7,2,1
2023010438401,2023,010438401,1,1,1,1,28,6,3,0,0,0,0,0,8,1,E01004214,-1,0,0.0,1.0,-1,6,20,1,1,1,16:00,3,2,8
2023010446788,2023,010446788,1,1,2,2,28,6,3,0,0,2,0,0,8,3,E01004454,-1,0,0.0,1.0,-1,6,30,1,1,1,19:03,7,2,8
2023371319395,2023,371319395,1,1,1,1,47,8,2,0,0,0,0,0,9,2,E01026459,6,1,1.0,0.0,-1,7,70,1,1,1,09:53,6,4,9
2023461323435,2023,461323435,2,1,1,1,26,6,3,0,0,0,0,0,9,4,E01016048,3,1,0.0,1.0,-1,1,60,1,1,1,13:30,6,2,9
2023451305735,2023,451305735,1,1,3,1,3,1,3,5,4,0,0,0,0,10,E01030437,3,1,0.0,1.0,-1,6,30,1,1,1,17:50,5,1,9
2023010480210,2023,010480210,1,4,2,1,19,4,3,0,0,2,0,0,8,5,E01001880,-1,0,0.0,1.0,-1,2,20,1,4,1,02:20,1,2,8
2023052301328,2023,052301328,1,1,3,2,5,1,3,5,1,0,0,0,0,1,E01006738,-1,0,0.14907,0.85093,-1,6,20,1,1,1,15:55,2,1,9
2023501281461,2023,501281461,1,1,3,2,59,9,3,5,1,0,0,0,0,2,E01015194,3,1,0.0,1.0,-1,6,30,1,1,1,13:00,7,1,9
2023622300261,2023,622300261,2,2,1,1,23,5,3,0,0,0,0,0,1,8,W01001836,-1,0,0.03162,0.96838,-1,6,30,1,4,2,18:06,2,2,1
2023010423362,2023,010423362,1,1,1,1,28,6,3,0,0,0,0,0,5,3,E01004355,-1,0,0.0,1.0,-1,6,20,1,4,1,22:45,3,2,5
2023010441630,2023,010441630,1,1,1,1,64,9,2,0,0,0,0,0,5,5,E01000747,-1,0,1.0,0.0,-1,6,30,1,1,1,07:05,7,2,5
2023201393029,2023,201393029,2,2,1,1,34,6,3,0,0,0,0,0,9,1,E01010103,3,1,0.0,1.0,-1,6,30,2,1,2,16:20,7,4,9
2023411296222,2023,411296222,1,1,1,1,58,9,3,0,0,0,0,0,9,6,E01023386,3,1,0.0,1.0,-1,6,30,1,1,2,11:14,3,2,9
2023552300722,2023,552300722,1,1,1,2,48,8,3,0,0,0,0,0,9,-1,-1,-1,0,0.04077,0.95923,-1,6,30,1,1,1,19:18,4,2,9
2023522400258,2023,522400258,2,1,1,1,36,7,3,0,0,0,0,0,-1,5,E01015005,-1,0,0.06971,0.93029,-1,6,30,2,1,2,12:13,4,2,-1
2023131294874,2023,131294874,1,1,1,1,29,6,2,0,0,0,0,0,90,1,E01011657,7,1,1.0,0.0,-1,6,30,1,1,1,18:14,7,2,90
2023010477032,2023,010477032,2,1,1,1,-1,-1,3,0,0,0,0,0,1,-1,-1,-1,0,0.0,1.0,-1,6,20,2,4,2,19:05,5,2,1
2023041410588,2023,041410588,1,1,3,2,70,10,2,5,3,0,0,2,0,6,E01025025,7,1,1.0,0.0,-1,6,30,1,4,1,07:34,3,1,9
2023010442642,2023,010442642,1,2,2,2,52,8,3,0,0,0,4,0,11,6,E01001522,-1,0,0.0,1.0,-1,6,20,1,1,1,18:20,6,2,11
2023010461947,2023,010461947,1,1,1,1,23,5,3,0,0,0,0,0,3,3,E01001488,-1,0,0.0,1.0,-1,9,30,9,1,9,18:30,3,2,3
2023010422681,2023,010422681,2,1,1,1,55,8,3,0,0,0,0,0,1,3,E01001874,-1,0,0.0,1.0,-1,6,20,2,1,2,08:15,3,2,1
2023010463270,2023,010463270,1,1,1,1,44,7,2,0,0,0,0,0,5,3,E01023496,-1,0,1.0,0.0,-1,3,20,1,4,1,05:12,5,2,5
2023131279379,2023,131279379,1,2,3,2,28,6,1,8,3,0,0,2,0,6,E01032499,1,1,0.0,0.0,-1,3,40,1,1,1,08:25,4,1,9
2023311316490,2023,311316490,2,1,1,1,12,3,2,0,0,0,0,0,1,2,E01013906,7,1,1.0,0.0,-1,6,20,1,1,1,15:10,5,2,1
2023440359483,2023,440359483,2,1,1,1,36,7,2,0,0,0,0,0,8,3,E01017194,-1,0,1.0,0.0,-1,6,30,1,1,1,16:06,2,2,8
2023010470578,2023,010470578,1,1,2,1,48,8,2,0,0,1,0,0,9,-1,-1,-1,0,1.0,0.0,-1,6,20,1,1,1,11:45,7,1,9
2023302300385,2023,302300385,2,1,1,2,21,5,3,0,0,0,0,0,9,6,E01019445,-1,0,0.00557,0.99443,-1,6,30,1,1,1,16:55,7,2,9
2023340NN2502,2023,340NN2502,1,1,3,2,20,4,3,8,3,0,0,0,0,2,E01027128,-1,0,0.04329,0.95671,-1,6,20,1,1,1,13:05,2,1,9
2023131293720,2023,131293720,1,1,1,1,48,8,3,0,0,0,0,0,3,1,E01011130,3,1,0.0,1.0,-1,6,30,1,1,1,17:56,3,2,3
2023041373676,2023,041373676,1,1,3,2,47,8,2,10,7,0,0,0,0,2,E01012745,7,1,1.0,0.0,-1,6,20,1,1,1,08:00,4,1,9
2023010444542,2023,010444542,2,1,1,1,31,6,3,0,0,0,0,0,1,6,E01003378,-1,0,0.0,1.0,-1,6,20,1,1,1,09:00,3,2,1
2023010469557,2023,010469557,2,1,1,2,38,7,2,0,0,0,0,0,1,10,E01004477,-1,0,1.0,0.0,-1,6,20,2,4,2,18:10,2,2,1
2023451262004,2023,451262004,1,1,3,1,40,7,3,1,1,0,0,0,0,-1,-1,3,1,0.0,1.0,-1,3,40,1,1,2,09:30,4,1,9
2023010464906,2023,010464906,1,1,3,1,56,9,2,4,2,0,0,0,0,3,E01004212,-1,0,1.0,0.0,-1,6,20,1,4,1,00:21,7,1,9
2023430249932,2023,430249932,1,1,3,2,62,9,3,6,9,0,0,0,0,9,E01016432,-1,0,0.15871,0.84129,-1,6,30,1,1,1,14:11,4,1,9
2023552301248,2023,552301248,2,1,1,2,50,8,2,0,0,0,0,0,1,7,E01023034,-1,0,1.0,0.0,-1,6,30,1,1,1,16:44,2,2,1
2023010453705,2023,010453705,1,1,1,1,20,4,3,0,0,0,0,0,9,1,E01004754,-1,0,0.0,1.0,-1,9,20,9,4,1,22:03,5,1,9
2023430212760,2023,430212760,1,2,2,1,24,5,3,0,0,1,0,0,9,-1,-1,-1,0,0.08331,0.91669,-1,6,50,1,1,1,19:27,2,1,9
2023010420115,2023,010420115,1,1,1,1,61,9,3,0,0,0,0,0,9,5,E01004616,-1,0,0.0,1.0,-1,6,20,2,1,2,13:00,7,2,9
2023010441743,2023,010441743,1,1,1,1,43,7,3,0,0,0,0,0,9,5,E01002245,-1,0,0.0,1.0,-1,6,30,1,4,1,00:23,2,1,9
2023141326388,2023,141326388,1,1,2,1,28,6,3,0,0,1,0,0,9,9,E01007602,3,1,0.0,1.0,-1,6,30,1,4,1,23:09,4,2,9
2023231378039,2023,231378039,2,1,1,1,44,7,3,0,0,0,0,0,9,4,E01031032,3,1,0.0,1.0,-1,6,30,1,1,1,08:30,2,2,9
2023520400501,2023,520400501,1,1,1,2,48,8,3,0,0,0,0,0,9,6,E01022548,-1,0,0.02627,0.97373,-1,1,70,9,1,1,16:29,4,2,9
2023052302525,2023,052302525,4,1,1,2,59,9,3,0,0,0,0,0,9,9,E01005882,-1,0,0.02671,0.97329,-1,3,40,1,1,1,11:45,1,4,9
2023430049751,2023,430049751,2,2,2,2,12,3,3,0,0,1,0,0,9,2,E01028450,-1,0,0.00761,0.99239,-1,6,30,1,1,1,08:10,5,2,9
2023522300590,2023,522300590,1,1,1,2,32,6,3,0,0,0,0,0,9,4,E01032516,-1,0,0.00258,0.99742,-1,6,30,9,1,-1,10:16,2,2,9
2023010442143,2023,010442143,2,1,2,1,50,8,3,0,0,0,3,0,11,1,E01002039,-1,0,0.0,1.0,-1,6,20,1,1,1,12:15,4,2,11
2023052302549,2023,052302549,2,1,1,2,44,7,3,0,0,0,0,0,9,3,E01007038,-1,0,0.02171,0.97829,-1,3,40,1,1,1,14:55,3,2,9
2023111358823,2023,111358823,2,1,1,1,30,6,3,0,0,0,0,0,9,1,E01020909,3,1,0.0,1.0,-1,6,30,1,1,1,12:38,7,2,9
2023421323359,2023,421323359,1,1,1,2,44,7,2,0,0,0,0,0,9,4,E01021707,7,1,1.0,0.0,-1,6,40,1,1,1,16:42,3,2,9
2023430264294,2023,430264294,2,1,1,2,36,7,3,0,0,0,0,0,9,8,E01027288,-1,0,0.00557,0.99443,-1,6,60,1,1,1,19:02,5,2,9
2023440383707,2023,440383707,1,1,1,1,34,6,3,0,0,0,0,0,19,2,E01011227,-1,0,0.09852,0.90148,-1,3,70,1,4,1,06:18,4,2,19
2023010445313,2023,010445313,1,1,1,1,30,6,3,0,0,0,0,0,9,8,E01024605,-1,0,0.0,1.0,-1,3,50,1,1,1,15:45,6,3,9