collision_index,collision_year,collision_ref_no,vehicle_reference,casualty_reference,casualty_class,sex_of_casualty,age_of_casualty,age_band_of_casualty,casualty_severity,pedestrian_location,pedestrian_movement,car_passenger,bus_or_coach_passenger,pedestrian_road_maintenance_worker,casualty_type,casualty_imd_decile,lsoa_of_casualty,enhanced_casualty_severity,casualty_injury_based,casualty_adjusted_severity_serious,casualty_adjusted_severity_slight,casualty_distance_banding,road_type,speed_limit,weather_conditions,light_conditions,road_surface_conditions,time,day_of_week,number_of_vehicles,vehicle_type
2023010429899,2023,010429899,1,1,1,1,33,6,3,0,0,0,0,0,1,6,E01000306,-1,0,0.0,1.0,-1,6,20,1,1,1,16:40,4,2,1
2023070594412,2023,070594412,1,1,1,1,54,8,3,0,0,0,0,0,5,1,E01006463,-1,0,0.20643,0.79357,-1,6,40,1,1,1,19:33,1,2,5
2023221274251,2023,221274251,1,1,3,2,18,4,3,5,1,0,0,0,0,6,E01014175,3,1,0.0,1.0,-1,6,30,1,1,2,15:56,5,1,9
2023471359957,2023,471359957,1,2,1,2,32,6,3,0,0,0,0,0,9,6,E01003000,3,1,0.0,1.0,-1,6,60,1,1,1,15:00,5,2,9
2023520301098,2023,520301098,1,1,1,1,30,6,2,0,0,0,0,0,9,10,E01029030,-1,0,1.0,0.0,-1,6,40,1,4,1,00:30,7,3,9
2023520400718,2023,520400718,2,1,1,1,67,10,3,0,0,0,0,0,9,8,E01029019,-1,0,0.03197,0.96803,-1,1,40,1,1,1,16:35,4,2,9
2023010448996,2023,010448996,1,1,1,1,43,7,3,0,0,0,0,0,1,6,E01004626,-1,0,0.0,1.0,-1,9,30,1,1,1,08:45,4,2,1
2023031287975,2023,031287975,1,1,1,1,50,8,3,0,0,0,0,0,1,2,E01019230,3,1,0.0,1.0,-1,3,30,1,4,1,18:50,5,2,1
2023451304859,2023,451304859,2,1,1,1,80,11,3,0,0,0,0,0,1,2,E01001152,3,1,0.0,1.0,-1,3,40,1,1,1,11:14,1,2,1
2023131346238,2023,131346238,1,1,2,2,20,4,3,0,0,1,0,0,9,3,E01011035,3,1,0.0,1.0,-1,6,30,1,7,1,03:04,3,2,9
2023371370202,2023,371370202,2,1,2,2,57,9,3,0,0,1,0,0,9,8,E01027040,3,1,0.0,1.0,-1,3,70,1,5,1,19:10,6,2,9
2023471319862,2023,471319862,2,2,2,2,38,7,3,0,0,2,0,0,9,5,E01016851,3,1,0.0,1.0,-1,6,20,1,1,1,19:40,7,2,9
2023471355747,2023,471355747,2,1,1,-1,54,8,3,0,0,0,0,0,9,6,E01021068,3,1,0.0,1.0,-1,6,30,1,1,1,08:15,1,2,9
2023010468346,2023,010468346,1,1,1,1,28,6,3,0,0,0,0,0,3,5,E01004461,-1,0,0.0,1.0,-1,6,30,1,1,1,08:10,3,2,3
2023631342517,2023,631342517,1,1,1,1,75,10,3,0,0,0,0,0,90,10,-1,3,1,0.0,1.0,-1,6,60,1,1,1,17:00,4,2,90
2023010430828,2023,010430828,1,1,1,2,29,6,3,0,0,0,0,0,9,4,E01001167,-1,0,0.0,1.0,-1,3,30,2,4,2,20:20,2,2,9
2023161310152,2023,161310152,2,2,2,2,27,6,3,0,0,1,0,0,9,-1,-1,3,1,0.0,1.0,-1,7,30,1,1,1,09:50,3,2,9
2023471327039,2023,471327039,1,1,1,2,63,9,3,0,0,0,0,0,9,5,E01022937,3,1,0.0,1.0,-1,6,40,1,1,1,11:00,6,2,9
2023531312155,2023,531312155,1,2,1,1,72,10,3,0,0,0,0,0,9,6,E01022176,3,1,0.0,1.0,-1,6,60,1,1,1,16:56,7,2,9
2023991283583,2023,991283583,1,1,2,1,19,4,3,0,0,1,0,0,9,-1,-1,3,1,0.0,1.0,-1,6,60,1,6,1,22:30,3,1,9
2023061387414,2023,061387414,2,1,1,1,18,4,2,0,0,0,0,0,1,4,E01005300,7,1,1.0,0.0,-1,6,30,1,4,2,16:36,3,2,1
2023010439502,2023,010439502,1,1,1,2,32,6,3,0,0,0,0,0,1,3,E01033704,-1,0,0.0,1.0,-1,6,20,1,1,1,19:30,3,2,1
2023471313859,2023,471313859,2,1,1,1,60,9,3,0,0,0,0,0,1,6,E01031477,3,1,0.0,1.0,-1,6,60,1,1,1,08:25,5,2,1
2023501324210,2023,501324210,1,1,3,1,5,1,3,5,4,0,0,0,0,4,E01015069,3,1,0.0,1.0,-1,6,30,1,1,1,15:35,3,1,9
2023061291289,2023,061291289,2,1,1,1,18,4,3,0,0,0,0,0,1,1,E01005187,3,1,0.0,1.0,-1,6,40,1,4,1,22:30,6,2,1
2023461325096,2023,461325096,1,1,3,1,-1,-1,3,5,1,0,0,0,0,-1,-1,3,1,0.0,1.0,-1,6,30,1,1,1,16:38,5,1,9
2023161326039,2023,161326039,1,1,1,1,29,6,3,0,0,0,0,0,1,1,E01013229,3,1,0.0,1.0,-1,6,30,1,1,1,14:00,3,2,1
2023411358464,2023,411358464,2,1,1,1,34,6,2,0,0,0,0,0,-1,8,E01023678,7,1,1.0,0.0,-1,6,40,2,1,2,17:24,4,2,-1
2023531339983,2023,531339983,2,4,2,2,19,4,3,0,0,2,0,0,8,1,E01032932,3,1,0.0,1.0,-1,6,40,2,1,2,17:00,2,2,8
2023340NN0272,2023,340NN0272,1,1,3,1,17,4,3,1,1,0,0,0,0,-1,-1,-1,0,0.09106,0.90894,-1,6,30,1,1,1,14:40,6,1,9
2023061278225,2023,061278225,1,1,1,2,52,8,3,0,0,0,0,0,1,8,E01005858,3,1,0.0,1.0,-1,3,40,1,1,1,11:30,5,2,1
2023131347358,2023,131347358,2,1,1,1,17,4,2,0,0,0,0,0,1,1,E01010616,5,1,1.0,0.0,-1,3,30,1,1,1,13:25,3,2,1
2023010450727,2023,010450727,1,1,1,1,26,6,3,0,0,0,0,0,3,4,E01024296,-1,0,0.0,1.0,-1,1,30,1,1,1,20:15,1,2,3
2023010454502,2023,010454502,1,1,1,2,26,6,3,0,0,0,0,0,3,2,E01002096,-1,0,0.0,1.0,-1,9,20,9,1,9,15:30,6,2,3
2023520400923,2023,520400923,1,1,1,1,22,5,2,0,0,0,0,0,5,10,E01029160,-1,0,1.0,0.0,-1,3,60,1,6,2,18:28,7,1,5
2023070373270,2023,070373270,1,1,1,1,72,10,2,0,0,0,0,0,9,9,E01012569,-1,0,1.0,0.0,-1,6,50,1,1,1,13:30,4,2,9
2023170S31173,2023,170S31173,2,1,2,2,72,10,2,0,0,1,0,0,9,9,E01033478,-1,0,1.0,0.0,-1,6,30,1,1,1,15:50,7,2,9
2023302300620,2023,302300620,1,1,1,1,25,5,2,0,0,0,0,0,9,1,E01005130,-1,0,1.0,0.0,-1,6,60,2,1,2,08:45,7,2,9
2023311305952,2023,311305952,2,3,2,2,85,11,2,0,0,1,0,0,9,8,E01028176,5,1,1.0,0.0,-1,6,30,1,1,1,11:26,4,2,9
2023430431266,2023,430431266,1,1,2,1,19,4,3,0,0,1,0,0,9,-1,-1,-1,0,0.08228,0.91772,-1,6,60,1,6,1,23:24,2,1,9
2023122301018,2023,122301018,1,1,1,1,57,9,3,0,0,0,0,0,9,3,E01012079,-1,0,0.01911,0.98089,-1,7,60,1,1,1,10:11,2,2,9
2023421326691,2023,421326691,1,2,2,1,19,4,2,0,0,1,0,0,9,8,E01021725,5,1,1.0,0.0,-1,6,30,1,1,1,08:59,5,2,9
202354C768323,2023,54C768323,1,1,1,2,56,9,1,0,0,0,0,0,9,6,E01003002,-1,0,0.0,0.0,-1,6,60,1,6,1,16:45,6,5,9
2023991304830,2023,991304830,1,1,1,1,29,6,3,0,0,0,0,0,9,-1,-1,3,1,0.0,1.0,-1,6,30,1,1,1,16:00,6,4,9
2023031378549,2023,031378549,2,1,1,2,34,6,2,0,0,0,0,0,9,3,E01019272,7,1,1.0,0.0,-1,6,30,1,1,1,11:40,6,2,9
2023131382084,2023,131382084,1,2,2,2,19,4,3,0,0,1,0,0,9,3,E01011028,3,1,0.0,1.0,-1,6,30,1,4,2,21:35,3,2,9
2023122300868,2023,122300868,2,1,1,1,56,9,3,0,0,0,0,0,9,9,E01027632,-1,0,0.03045,0.96955,-1,6,30,2,1,2,16:50,6,2,9
2023430550163,2023,430550163,1,1,1,2,31,6,3,0,0,0,0,0,9,8,E01016408,-1,0,0.0079,0.9921,-1,6,30,1,4,2,07:50,6,2,9
2023501292441,2023,501292441,1,2,1,1,19,4,3,0,0,0,0,0,9,4,E01018948,3,1,0.0,1.0,-1,3,70,2,4,2,22:15,7,1,9
2023201395603,2023,201395603,2,1,1,2,42,7,3,0,0,0,0,0,9,-1,-1,3,1,0.0,1.0,-1,1,30,1,1,1,08:19,2,2,9
2023430503410,2023,430503410,1,1,1,1,17,4,3,0,0,0,0,0,9,4,E01017850,-1,0,0.03087,0.96913,-1,6,60,1,7,1,05:27,4,2,9
2023552301160,2023,552301160,1,1,1,1,46,8,3,0,0,0,0,0,9,-1,-1,-1,0,0.03279,0.96721,-1,6,30,1,1,1,17:55,2,2,9
2023010426385,2023,010426385,1,1,1,1,34,6,3,0,0,0,0,0,9,5,E01032771,-1,0,0.0,1.0,-1,9,20,8,4,1,23:15,5,2,9
2023451266077,2023,451266077,1,1,1,1,22,5,2,0,0,0,0,0,9,8,E01030846,6,1,1.0,0.0,-1,6,30,1,6,1,18:30,5,2,9
2023471340986,2023,471340986,2,1,1,1,35,6,3,0,0,0,0,0,9,5,E01031807,3,1,0.0,1.0,-1,3,70,1,6,1,22:00,1,3,9
2023552301496,2023,552301496,2,1,1,1,48,8,3,0,0,0,0,0,9,7,E01020465,-1,0,0.05671,0.94329,-1,6,60,1,1,1,14:34,5,2,9
2023010443153,2023,010443153,1,1,1,1,36,7,3,0,0,0,0,0,9,8,E01000175,-1,0,0.0,1.0,-1,7,30,1,1,1,11:02,2,2,9
2023041296435,2023,041296435,1,3,2,1,9,2,3,0,0,1,0,0,9,9,E01025451,3,1,0.0,1.0,-1,3,30,1,1,1,15:30,5,2,9
2023131275808,2023,131275808,2,1,1,1,41,7,3,0,0,0,0,0,9,6,E01011517,3,1,0.0,1.0,-1,6,30,1,4,1,16:53,2,2,9
2023161276590,2023,161276590,1,1,1,2,57,9,3,0,0,0,0,0,9,1,E01013162,3,1,0.0,1.0,-1,6,30,1,1,1,14:46,3,2,9
2023991332066,2023,991332066,2,1,1,2,60,9,3,0,0,0,0,0,9,4,-1,3,1,0.0,1.0,-1,6,60,1,1,1,15:55,4,2,9
2023061294910,2023,061294910,1,2,2,1,21,5,3,0,0,2,0,0,9,3,E01012585,3,1,0.0,1.0,-1,6,20,1,4,1,01:18,1,1,9
2023421313032,2023,421313032,2,3,2,2,17,4,3,0,0,2,0,0,9,-1,-1,3,1,0.0,1.0,-1,6,30,1,1,1,20:00,2,2,9
2023201370634,2023,201370634,1,1,1,2,26,6,3,0,0,0,0,0,9,2,E01010448,3,1,0.0,1.0,-1,3,30,1,1,1,17:47,6,2,9
2023010463353,2023,010463353,1,1,2,-1,-1,-1,3,0,0,0,4,0,11,-1,-1,-1,0,0.0,1.0,-1,9,30,9,1,9,15:40,4,1,11
2023010422533,2023,010422533,1,1,3,1,33,6,3,1,1,0,0,0,0,2,E01003297,-1,0,0.0,1.0,-1,2,20,1,1,1,08:58,6,1,9
2023041348783,2023,041348783,1,1,3,2,56,9,2,1,1,0,0,0,0,4,E01012665,6,1,1.0,0.0,-1,6,30,1,1,1,17:05,2,1,19
2023461354706,2023,461354706,1,1,3,1,40,7,2,6,9,0,0,2,0,2,E01024374,7,1,1.0,0.0,-1,6,30,1,7,1,03:00,1,1,9
2023522301191,2023,522301191,2,1,1,1,28,6,3,0,0,0,0,0,1,6,E01014960,-1,0,0.07373,0.92627,-1,1,30,1,1,1,08:24,2,2,1
2023991387151,2023,991387151,2,1,1,1,56,9,2,0,0,0,0,0,4,4,-1,7,1,1.0,0.0,-1,6,30,2,4,2,06:51,3,2,4
2023031337996,2023,031337996,1,3,2,2,11,3,3,0,0,2,0,0,9,10,E01007958,3,1,0.0,1.0,-1,6,60,2,6,2,21:01,5,1,9
2023131296806,2023,131296806,1,1,2,2,30,6,3,0,0,2,0,0,9,1,E01011626,3,1,0.0,1.0,-1,3,30,2,1,2,18:30,6,2,9
202360A100771,2023,60A100771,2,2,1,2,46,8,3,0,0,0,0,0,9,-1,-1,-1,0,0.09057,0.90943,-1,6,30,1,1,1,18:30,3,2,9
2023351287821,2023,351287821,2,1,1,1,25,5,3,0,0,0,0,0,3,6,E01018207,3,1,0.0,1.0,-1,6,30,1,1,1,07:53,5,2,3
2023430271165,2023,430271165,2,1,1,1,32,6,3,0,0,0,0,0,5,9,E01028751,-1,0,0.04996,0.95004,-1,6,30,2,1,2,08:10,3,2,5
2023010459763,2023,010459763,2,2,1,2,31,6,3,0,0,0,0,0,9,2,E01000074,-1,0,0.0,1.0,-1,7,50,1,1,1,17:55,4,2,9
2023320729502,2023,320729502,2,2,2,2,50,8,3,0,0,2,0,0,9,6,E01026611,-1,0,0.04356,0.95644,-1,6,60,1,6,2,16:40,7,2,9
2023411268349,2023,411268349,6,3,1,1,26,6,3,0,0,0,0,0,9,10,E01023718,3,1,0.0,1.0,-1,3,70,1,1,1,13:50,6,6,9
2023552300574,2023,552300574,1,1,1,1,21,5,2,0,0,0,0,0,9,6,E01020547,-1,0,1.0,0.0,-1,6,60,1,1,1,07:18,4,2,9
2023052300602,2023,052300602,2,1,1,1,45,7,3,0,0,0,0,0,9,2,E01006785,-1,0,0.00852,0.99148,-1,6,30,4,1,2,13:30,3,2,9
2023101384807,2023,101384807,1,1,1,2,46,8,3,0,0,0,0,0,9,3,E01027530,3,1,0.0,1.0,-1,6,40,1,4,2,17:09,7,2,9
2023430359483,2023,430359483,2,1,1,2,25,5,3,0,0,0,0,0,9,9,E01033514,-1,0,0.05053,0.94947,-1,6,60,1,1,1,12:00,7,2,9
2023101302711,2023,101302711,2,1,1,1,10,2,3,0,0,0,0,0,-1,1,E01008305,3,1,0.0,1.0,-1,6,30,9,4,1,21:15,6,2,-1
2023221274250,2023,221274250,1,1,3,2,16,4,3,5,1,0,0,0,0,9,E01032142,3,1,0.0,1.0,-1,6,30,1,1,1,08:35,3,1,19
2023010432248,2023,010432248,2,1,1,1,51,8,2,0,0,0,0,0,3,6,E01002140,-1,0,1.0,0.0,-1,3,20,1,4,2,02:00,4,2,3
2023547537523,2023,547537523,2,2,1,1,62,9,2,0,0,0,0,0,5,9,E01032034,-1,0,1.0,0.0,-1,6,40,1,1,1,11:21,3,3,5
2023010453457,2023,010453457,3,3,1,1,22,5,3,0,0,0,0,0,9,3,E01001166,-1,0,0.0,1.0,-1,6,30,1,4,1,22:20,4,3,9
2023041358077,2023,041358077,1,1,1,1,83,11,2,0,0,0,0,0,9,8,E01024869,7,1,1.0,0.0,-1,6,30,1,1,1,16:49,5,1,9
2023371393866,2023,371393866,2,1,2,2,61,9,3,0,0,2,0,0,9,6,E01030064,3,1,0.0,1.0,-1,6,50,1,1,1,14:39,1,4,9
2023552301386,2023,552301386,2,1,2,1,46,8,3,0,0,1,0,0,9,9,E01015395,-1,0,0.01657,0.98343,-1,1,30,2,1,2,07:26,5,2,9
2023471295323,2023,471295323,1,1,1,2,57,9,3,0,0,0,0,0,9,8,E01031418,3,1,0.0,1.0,-1,6,40,1,1,1,07:45,3,2,9
2023131294165,2023,131294165,1,1,2,1,20,4,2,0,0,1,0,0,9,1,E01010826,6,1,1.0,0.0,-1,6,30,2,4,2,22:44,4,2,9
2023421338454,2023,421338454,1,1,1,1,68,10,3,0,0,0,0,0,9,7,E01021463,3,1,0.0,1.0,-1,6,30,2,1,2,12:30,7,2,9
2023440045246,2023,440045246,2,2,2,1,12,3,3,0,0,0,0,0,-1,1,E01017118,-1,0,0.12359,0.87641,-1,6,30,1,4,1,17:57,5,2,-1
2023041290002,2023,041290002,2,1,1,1,18,4,3,0,0,0,0,0,9,1,E01025283,3,1,0.0,1.0,-1,6,20,1,4,1,18:55,4,2,9
2023471329159,2023,471329159,2,2,1,1,25,5,3,0,0,0,0,0,9,5,E01021109,3,1,0.0,1.0,-1,6,40,1,1,1,18:05,5,2,9
2023061392126,2023,061392126,1,1,1,1,19,4,3,0,0,0,0,0,9,5,E01005543,3,1,0.0,1.0,-1,6,30,2,4,2,15:40,2,2,9
2023311299930,2023,311299930,1,3,1,1,21,5,2,0,0,0,0,0,9,-1,-1,5,1,1.0,0.0,-1,6,60,1,1,1,16:15,2,2,9
2023471389196,2023,471389196,1,1,1,1,22,5,3,0,0,0,0,0,9,2,E01031819,3,1,0.0,1.0,-1,6,40,1,6,2,21:55,6,2,9
2023520301534,2023,520301534,1,1,2,2,73,10,3,0,0,1,0,0,9,4,E01020131,-1,0,0.08199,0.91801,-1,6,60,1,1,1,17:03,7,2,9
2023010448840,2023,010448840,1,1,1,1,33,6,3,0,0,0,0,0,1,5,E01001201,-1,0,0.0,1.0,-1,2,20,1,1,1,18:22,3,2,1
2023548736923,2023,548736923,1,2,2,2,49,8,3,0,0,0,0,0,4,10,E01004106,-1,0,0.16455,0.83545,-1,3,70,1,1,1,16:21,6,2,4
2023010476299,2023,010476299,2,1,1,1,20,4,3,0,0,0,0,0,-1,5,E01001718,-1,0,0.0,1.0,-1,2,20,1,4,1,17:45,2,2,-1
2023531275614,2023,531275614,2,1,1,2,27,6,2,0,0,0,0,0,1,-1,-1,7,1,1.0,0.0,-1,1,30,1,1,1,08:30,6,2,1
2023010425057,2023,010425057,1,1,3,1,32,6,3,9,5,0,0,0,0,-1,-1,-1,0,0.0,1.0,-1,6,20,1,1,1,08:20,6,2,19
2023070604190,2023,070604190,1,1,3,1,35,6,2,5,1,0,0,0,0,-1,-1,-1,0,1.0,0.0,-1,2,30,1,1,1,13:39,4,1,9
2023430505743,2023,430505743,2,1,1,1,36,7,3,0,0,0,0,0,9,9,E01028485,-1,0,0.05997,0.94003,-1,6,60,1,1,1,09:05,6,2,9
2023610026023,2023,610026023,1,1,1,1,37,7,3,0,0,1,0,0,9,2,W01001503,-1,0,0.01729,0.98271,-1,3,50,1,1,1,09:45,7,2,9
2023320200364,2023,320200364,2,1,1,1,21,5,3,0,0,0,0,0,9,7,E01026412,-1,0,0.05774,0.94226,-1,6,60,1,1,1,12:48,2,2,9
2023401327869,2023,401327869,2,2,2,1,67,10,3,0,0,1,0,0,9,9,E01017576,3,1,0.0,1.0,-1,1,30,1,1,1,13:08,7,2,9
2023520301160,2023,520301160,1,1,1,2,48,8,3,0,0,0,0,0,9,7,E01029250,-1,0,0.03004,0.96996,-1,3,70,1,1,1,14:55,6,2,9
2023010451972,2023,010451972,2,1,1,1,13,3,2,0,0,0,0,0,-1,3,E01001171,-1,0,1.0,0.0,-1,9,30,1,1,1,11:00,6,2,-1
2023451272093,2023,451272093,1,1,1,1,40,7,3,0,0,0,0,0,19,7,E01030859,3,1,0.0,1.0,-1,7,70,1,4,1,17:00,5,3,19
2023131289452,2023,131289452,1,2,2,1,15,3,3,0,0,2,0,0,9,3,E01011048,3,1,0.0,1.0,-1,3,30,1,1,1,08:07,4,2,9
2023401382804,2023,401382804,2,1,1,2,41,7,3,0,0,0,0,0,9,9,E01017414,3,1,0.0,1.0,-1,6,30,1,4,2,17:27,1,2,9
2023471352640,2023,471352640,1,2,2,1,18,4,3,0,0,1,0,0,9,2,E01021135,3,1,0.0,1.0,-1,6,60,1,6,1,01:40,6,1,9
2023541945023,2023,541945023,2,2,1,2,58,9,3,0,0,0,0,0,9,8,E01032071,-1,0,0.01503,0.98497,-1,6,60,1,1,1,17:06,3,2,9
2023991367835,2023,991367835,2,2,2,2,17,4,3,0,0,1,0,0,9,8,-1,3,1,0.0,1.0,-1,6,60,1,1,1,12:32,6,2,9
2023430371235,2023,430371235,2,1,1,2,46,8,3,0,0,0,0,0,9,10,E01016243,-1,0,0.02552,0.97448,-1,3,40,1,1,1,12:07,7,2,9
2023451329905,2023,451329905,1,2,2,1,28,6,3,0,0,0,0,0,19,1,E01028247,3,1,0.0,1.0,-1,3,70,2,1,2,13:29,6,2,19
2023010482741,2023,010482741,1,1,1,2,47,8,3,0,0,0,0,0,9,3,E01003592,-1,0,0.0,1.0,-1,1,30,1,1,9,15:35,4,2,9
2023411337488,2023,411337488,1,1,1,1,68,10,2,0,0,0,0,0,9,10,E01023364,7,1,1.0,0.0,-1,6,60,1,1,1,11:35,1,2,9
2023552300903,2023,552300903,2,1,1,2,23,5,3,0,0,0,0,0,9,10,E01022892,-1,0,0.01401,0.98599,-1,6,30,1,1,1,18:05,6,2,9
2023991382551,2023,991382551,1,1,1,1,22,5,3,0,0,0,0,0,9,2,-1,3,1,0.0,1.0,-1,3,70,2,6,2,17:00,2,2,9
2023010456445,2023,010456445,1,1,1,2,56,9,3,0,0,0,0,0,1,2,E01004000,-1,0,0.0,1.0,-1,6,30,1,1,1,08:45,5,2,1
2023501340473,2023,501340473,1,1,1,1,16,4,3,0,0,0,0,0,2,4,E01018908,3,1,0.0,1.0,-1,6,60,2,6,2,00:45,6,1,2
2023361363240,2023,361363240,1,1,1,1,-1,-1,3,0,0,0,0,0,5,2,E01004423,3,1,0.0,1.0,-1,1,60,2,4,2,18:45,7,1,5
2023061303863,2023,061303863,2,3,2,2,22,5,2,0,0,2,0,0,9,2,E01005026,7,1,1.0,0.0,-1,3,30,1,1,1,14:38,7,2,9
2023131311469,2023,131311469,1,1,1,1,81,11,2,0,0,0,0,0,9,9,E01010681,6,1,1.0,0.0,-1,6,30,1,1,1,12:37,5,2,9
2023991302599,2023,991302599,1,1,1,1,37,7,2,0,0,0,0,0,9,2,-1,5,1,1.0,0.0,-1,6,30,1,1,2,19:40,1,2,9
2023170M10673,2023,170M10673,2,1,1,1,50,8,3,0,0,0,0,0,9,6,E01012046,-1,0,0.06419,0.93581,-1,6,30,2,4,2,00:01,6,2,9
2023201376263,2023,201376263,2,1,1,2,32,6,3,0,0,0,0,0,9,1,E01009413,3,1,0.0,1.0,-1,6,30,1,1,1,16:30,2,2,9
2023311391548,2023,311391548,1,1,1,1,66,10,3,0,0,0,0,0,9,1,E01033411,3,1,0.0,1.0,-1,6,30,2,4,2,18:03,6,2,9
2023401288613,2023,401288613,2,1,2,2,25,5,3,0,0,1,0,0,9,4,E01015756,3,1,0.0,1.0,-1,9,30,1,4,1,18:40,1,2,9
2023061338504,2023,061338504,1,1,3,1,11,3,2,8,5,0,0,0,0,-1,-1,7,1,1.0,0.0,-1,6,20,2,1,2,15:20,6,1,9
2023101268875,2023,101268875,1,1,3,1,52,8,3,10,9,0,0,0,0,2,E01008575,3,1,0.0,1.0,-1,6,30,1,1,1,11:12,6,1,9
2023041263744,2023,041263744,2,2,2,2,26,6,3,0,0,1,0,0,9,8,E01025411,3,1,0.0,1.0,-1,6,30,1,1,1,13:30,3,2,9
2023351287825,2023,351287825,1,1,1,1,73,10,3,0,0,0,0,0,9,7,E01026672,3,1,0.0,1.0,-1,6,60,1,1,1,14:04,2,2,9
2023451375485,2023,451375485,1,1,2,1,27,6,3,0,0,1,0,0,9,9,E01030781,3,1,0.0,1.0,-1,3,50,2,4,2,19:55,7,2,9
2023010436342,2023,010436342,2,1,1,1,27,6,3,0,0,0,0,0,-1,-1,-1,-1,0,0.0,1.0,-1,9,30,1,1,9,12:45,6,2,-1
2023430505948,2023,430505948,1,1,1,1,91,11,3,0,0,0,0,0,1,10,E01028745,-1,0,0.20887,0.79113,-1,6,30,1,1,1,11:22,6,2,1
2023991350656,2023,991350656,1,1,1,1,77,11,2,0,0,0,0,0,1,6,-1,6,1,1.0,0.0,-1,6,60,1,1,1,10:40,7,1,1
2023010428831,2023,010428831,2,1,1,1,29,6,3,0,0,0,0,0,4,4,E01002409,-1,0,0.0,1.0,-1,7,30,1,4,1,19:17,5,3,4
2023010445194,2023,010445194,2,2,1,2,43,7,3,0,0,0,0,0,9,7,E01002470,-1,0,0.0,1.0,-1,6,30,1,1,1,08:25,6,2,9
2023201373951,2023,201373951,1,1,1,2,41,7,3,0,0,0,0,0,9,4,E01010072,3,1,0.0,1.0,-1,6,30,8,1,2,19:30,5,2,9
2023340WN6352,2023,340WN6352,2,2,1,2,63,9,2,0,0,0,0,0,9,7,E01031197,-1,0,1.0,0.0,-1,6,50,2,1,2,08:21,3,2,9
2023471322229,2023,471322229,2,1,1,2,40,7,3,0,0,0,0,0,9,10,E01031580,3,1,0.0,1.0,-1,6,30,1,1,1,17:45,5,2,9
2023401296310,2023,401296310,2,1,1,1,17,4,3,0,0,0,0,0,1,4,E01015798,3,1,0.0,1.0,-1,6,30,1,1,-1,09:25,5,2,1
2023010468436,2023,010468436,1,1,1,1,41,7,3,0,0,0,0,0,3,5,E01004641,-1,0,0.0,1.0,-1,6,30,1,4,1,18:50,3,2,3
2023131302669,2023,131302669,1,1,1,2,24,5,2,0,0,0,0,0,9,4,E01011727,5,1,1.0,0.0,-1,6,50,1,4,1,22:34,2,2,9
2023361358015,2023,361358015,1,1,1,1,22,5,3,0,0,0,0,0,9,5,E01026435,3,1,0.0,1.0,-1,6,60,1,6,1,22:00,7,1,9
2023440089924,2023,440089924,1,1,1,1,18,4,3,0,0,0,0,0,9,3,E01022680,-1,0,0.05832,0.94168,-1,6,30,1,1,1,16:40,1,1,9
2023010422058,2023,010422058,1,1,1,1,28,6,3,0,0,0,0,0,1,2,E01004284,-1,0,0.0,1.0,-1,9,30,9,4,9,19:50,3,2,1
2023440053179,2023,440053179,1,1,1,1,41,7,3,0,0,0,0,0,1,4,E01017193,-1,0,0.07935,0.92065,-1,6,30,1,1,1,08:30,4,2,1
2023131291613,2023,131291613,1,1,3,2,7,2,3,6,9,0,0,2,0,1,E01011750,3,1,0.0,1.0,-1,9,30,2,1,2,15:15,3,1,9
2023161317831,2023,161317831,2,1,1,1,36,7,3,0,0,0,0,0,1,1,E01013201,3,1,0.0,1.0,-1,6,30,1,1,1,14:44,7,2,1
2023101298615,2023,101298615,2,1,1,1,31,6,3,0,0,0,0,0,3,2,E01008457,3,1,0.0,1.0,-1,6,30,1,1,1,09:48,7,2,3
2023161365767,2023,161365767,1,1,1,1,20,4,3,0,0,0,0,0,9,-1,-1,3,1,0.0,1.0,-1,6,30,1,4,1,21:28,1,2,9
2023430448208,2023,430448208,1,1,1,1,17,4,2,0,0,0,0,0,9,9,E01017573,-1,0,1.0,0.0,-1,3,70,1,7,1,23:00,5,1,9
2023471258889,2023,471258889,1,1,1,2,55,8,3,0,0,0,0,0,9,3,E01031358,3,1,0.0,1.0,-1,6,40,1,4,2,04:02,3,1,9
2023010445185,2023,010445185,1,1,3,2,36,7,3,4,9,0,0,0,0,5,E01001293,-1,0,0.0,1.0,-1,6,20,8,1,1,09:50,6,1,4
2023010448199,2023,010448199,1,1,3,1,2,1,3,5,4,0,0,0,0,3,E01004355,-1,0,0.0,1.0,-1,6,20,1,1,1,18:20,7,1,9
2023161297254,2023,161297254,1,1,3,2,53,8,3,5,1,0,0,0,0,2,E01012903,3,1,0.0,1.0,-1,6,30,1,1,1,18:03,3,1,9
2023201316788,2023,201316788,1,2,2,2,-1,-1,3,0,0,1,0,0,9,6,E01009614,3,1,0.0,1.0,-1,3,30,1,1,1,13:54,7,2,9
2023320104194,2023,320104194,2,1,1,2,24,5,3,0,0,0,0,0,9,1,E01026092,-1,0,0.02535,0.97465,-1,6,30,1,1,1,08:32,7,2,9
2023991327608,2023,991327608,2,2,1,1,39,7,3,0,0,0,0,0,9,-1,-1,3,1,0.0,1.0,-1,6,30,1,1,1,19:35,1,2,9
2023010463335,2023,010463335,1,1,2,1,63,9,3,0,0,0,3,0,11,4,E01001325,-1,0,0.0,1.0,-1,1,30,1,1,1,12:32,5,1,11