collision_index,collision_year,collision_ref_no,vehicle_reference,casualty_reference,casualty_class,sex_of_casualty,age_of_casualty,age_band_of_casualty,casualty_severity,pedestrian_location,pedestrian_movement,car_passenger,bus_or_coach_passenger,pedestrian_road_maintenance_worker,casualty_type,casualty_imd_decile,lsoa_of_casualty,enhanced_casualty_severity,casualty_injury_based,casualty_adjusted_severity_serious,casualty_adjusted_severity_slight,casualty_distance_banding,road_type,speed_limit,weather_conditions,light_conditions,road_surface_conditions,time,day_of_week,number_of_vehicles,vehicle_type
2023010447243,2023,010447243,1,1,1,1,37,7,3,0,0,0,0,0,3,4,E01003255,-1,0,0.0,1.0,-1,6,20,1,1,1,21:00,2,2,3
2023440069716,2023,440069716,1,1,1,2,43,7,2,0,0,0,0,0,3,7,E01032846,-1,0,1.0,0.0,-1,1,30,1,4,1,19:46,1,2,3
2023421308218,2023,421308218,1,1,3,2,14,3,2,6,8,0,0,0,0,8,E01021514,7,1,1.0,0.0,-1,6,30,1,1,1,12:15,3,1,11
2023451355441,2023,451355441,5,4,1,1,25,5,3,0,0,0,0,0,19,3,E01015924,3,1,0.0,1.0,-1,3,70,1,1,1,07:58,6,5,19
2023041306260,2023,041306260,1,1,1,1,19,4,3,0,0,0,0,0,9,6,E01006929,3,1,0.0,1.0,-1,6,40,1,4,2,21:15,1,1,9
2023501383104,2023,501383104,2,1,1,2,34,6,3,0,0,0,0,0,9,1,E01015046,3,1,0.0,1.0,-1,6,40,1,4,1,21:05,3,2,9
2023440388929,2023,440388929,2,1,1,1,44,7,2,0,0,0,0,0,9,9,E01020343,-1,0,1.0,0.0,-1,7,40,1,1,1,16:54,7,3,9
2023991331582,2023,991331582,1,1,1,2,40,7,3,0,0,0,0,0,9,3,-1,3,1,0.0,1.0,-1,6,20,9,1,1,12:40,2,2,9
2023411381381,2023,411381381,1,1,3,2,7,2,3,5,2,0,0,0,0,9,E01023823,3,1,0.0,1.0,-1,6,30,1,1,1,15:27,4,1,9
2023010480855,2023,010480855,2,1,1,1,62,9,3,0,0,0,0,0,1,9,E01015646,-1,0,0.0,1.0,-1,3,20,1,1,1,08:34,4,2,1
2023211342094,2023,211342094,2,1,2,1,15,3,2,0,0,0,0,0,1,2,E01014263,7,1,1.0,0.0,-1,6,30,1,4,1,21:30,3,2,1
2023471297571,2023,471297571,2,1,1,1,39,7,3,0,0,0,0,0,1,8,E01021209,3,1,0.0,1.0,-1,6,30,1,1,1,17:05,2,2,1
2023010432193,2023,010432193,1,1,1,2,51,8,3,0,0,0,0,0,9,7,E01002918,-1,0,0.0,1.0,-1,6,20,1,1,1,14:20,3,2,9
2023010453604,2023,010453604,1,1,1,1,43,7,3,0,0,0,0,0,9,3,E01001516,-1,0,0.0,1.0,-1,7,30,1,1,1,17:05,5,2,9
2023041315245,2023,041315245,2,1,1,1,75,10,3,0,0,0,0,0,9,9,E01025436,3,1,0.0,1.0,-1,1,40,1,1,1,16:38,7,2,9
2023430208214,2023,430208214,1,1,1,1,19,4,2,0,0,0,0,0,9,6,E01017911,-1,0,1.0,0.0,-1,6,30,1,4,1,22:38,6,3,9
2023440508452,2023,440508452,1,1,1,1,25,5,3,0,0,0,0,0,9,10,E01023279,-1,0,0.07886,0.92114,-1,6,30,1,1,2,13:50,4,1,9
2023461261328,2023,461261328,2,1,1,2,38,7,3,0,0,0,0,0,9,10,E01000839,3,1,0.0,1.0,-1,3,70,1,1,1,11:20,5,2,9
2023451307472,2023,451307472,2,1,1,1,35,6,3,0,0,0,0,0,19,7,E01004175,3,1,0.0,1.0,-1,6,30,1,1,1,10:20,2,2,19
2023010432342,2023,010432342,1,1,3,2,10,2,3,5,3,0,0,0,0,5,E01000142,-1,0,0.0,1.0,-1,6,20,2,1,2,15:50,4,1,4
2023320754077,2023,320754077,1,1,3,1,54,8,2,1,1,0,0,0,0,1,E01026149,-1,0,1.0,0.0,-1,3,30,2,4,2,19:20,5,1,9
2023010461108,2023,010461108,2,1,1,1,47,8,3,0,0,0,0,0,1,9,E01021873,-1,0,0.0,1.0,-1,1,30,1,4,1,21:05,5,2,1
2023010439768,2023,010439768,2,1,1,1,39,7,2,0,0,0,0,0,5,-1,-1,-1,0,1.0,0.0,-1,3,40,1,1,1,08:44,5,2,5
2023201301665,2023,201301665,1,3,2,1,1,1,3,0,0,2,0,0,9,1,E01032888,3,1,0.0,1.0,-1,6,30,1,1,1,14:00,1,2,9
2023302300474,2023,302300474,2,2,2,2,-1,-1,3,0,0,1,0,0,9,-1,-1,-1,0,0.00745,0.99255,-1,6,50,2,1,2,13:15,2,2,9
2023991340879,2023,991340879,1,4,2,1,16,4,3,0,0,2,0,0,9,5,-1,3,1,0.0,1.0,-1,6,50,1,1,2,21:25,6,3,9
2023161292377,2023,161292377,1,1,3,1,11,3,3,8,3,0,0,0,0,1,E01012931,3,1,0.0,1.0,-1,6,30,1,1,1,08:00,4,1,19
2023010455121,2023,010455121,1,1,1,1,31,6,3,0,0,0,0,0,3,4,E01001087,-1,0,0.0,1.0,-1,9,30,9,1,9,09:01,5,2,3
2023501312551,2023,501312551,1,1,1,1,24,5,3,0,0,0,0,0,3,4,E01018909,3,1,0.0,1.0,-1,6,60,1,1,1,16:39,6,1,3
2023010449843,2023,010449843,2,2,1,1,92,11,3,0,0,0,0,0,9,6,E01002335,-1,0,0.0,1.0,-1,7,50,1,1,1,10:00,1,2,9
2023010452803,2023,010452803,1,1,1,1,31,6,3,0,0,0,0,0,9,1,E01004241,-1,0,0.0,1.0,-1,6,30,1,1,1,17:30,4,2,9
2023010485077,2023,010485077,1,1,1,1,27,6,3,0,0,0,0,0,9,2,E01023860,-1,0,0.0,1.0,-1,2,30,1,1,2,07:27,4,2,9
2023522300975,2023,522300975,1,1,1,2,39,7,3,0,0,0,0,0,9,5,E01014927,-1,0,0.00344,0.99656,-1,6,40,1,1,1,17:00,7,2,9
2023461264699,2023,461264699,1,1,2,2,75,10,2,0,0,0,3,0,11,4,E01024570,6,1,1.0,0.0,-1,6,30,1,1,2,16:38,7,1,11
2023010463245,2023,010463245,1,1,3,2,38,7,3,9,9,0,0,0,0,10,E01000460,-1,0,0.0,1.0,-1,6,30,1,1,1,16:15,4,1,10
2023201278263,2023,201278263,1,1,3,2,62,9,3,5,2,0,0,0,0,1,E01010292,3,1,0.0,1.0,-1,2,30,1,1,1,14:53,2,1,9
2023211357618,2023,211357618,1,1,3,2,70,10,3,1,1,0,0,0,0,7,E01029805,3,1,0.0,1.0,-1,6,30,1,1,1,10:57,6,1,19
2023010476905,2023,010476905,1,1,1,1,43,7,3,0,0,0,0,0,3,7,E01003270,-1,0,0.0,1.0,-1,6,20,9,4,9,16:44,4,2,3
2023070915742,2023,070915742,1,1,1,1,37,7,3,0,0,0,0,0,1,10,E01018346,-1,0,0.0786,0.9214,-1,6,30,1,1,1,09:06,6,2,1
2023221371065,2023,221371065,2,1,1,1,64,9,3,0,0,0,0,0,9,2,E01032224,3,1,0.0,1.0,-1,6,30,1,4,2,17:50,7,2,9
2023332300600,2023,332300600,1,1,1,1,51,8,3,0,0,0,0,0,9,5,E01013736,-1,0,0.07574,0.92426,-1,3,40,2,4,2,00:02,1,1,9
2023351371039,2023,351371039,1,1,1,1,56,9,2,0,0,0,0,0,9,10,E01018248,5,1,1.0,0.0,-1,3,70,2,1,5,12:35,5,1,9
2023411325205,2023,411325205,2,1,1,2,30,6,3,0,0,0,0,0,9,8,E01017377,3,1,0.0,1.0,-1,1,40,1,1,-1,08:01,2,2,9
2023991325481,2023,991325481,3,3,2,1,23,5,3,0,0,0,4,0,11,2,-1,3,1,0.0,1.0,-1,6,30,1,1,1,15:35,2,3,11
2023451329431,2023,451329431,3,2,1,1,30,6,3,0,0,0,0,0,19,5,E01000994,3,1,0.0,1.0,-1,3,70,1,1,1,16:54,6,3,19
2023522301045,2023,522301045,2,1,1,1,34,6,3,0,0,0,0,0,1,10,E01014878,-1,0,0.04807,0.95193,-1,3,40,1,1,1,17:30,2,2,1
2023010485834,2023,010485834,1,1,1,1,26,6,3,0,0,0,0,0,3,3,E01003586,-1,0,0.0,1.0,-1,6,20,1,4,1,18:15,7,2,3
2023041333796,2023,041333796,2,1,1,2,43,7,3,0,0,0,0,0,9,9,E01025148,3,1,0.0,1.0,-1,6,30,2,6,2,21:06,4,2,9
2023141341299,2023,141341299,3,4,1,1,29,6,3,0,0,0,0,0,9,1,E01007716,3,1,0.0,1.0,-1,3,70,1,6,1,00:08,2,4,9
2023461270047,2023,461270047,2,2,2,2,75,10,3,0,0,1,0,0,9,6,E01021187,3,1,0.0,1.0,-1,7,70,1,4,1,15:15,3,2,9
2023052302798,2023,052302798,2,2,1,2,54,8,3,0,0,0,0,0,1,8,E01007298,-1,0,0.13311,0.86689,-1,6,30,1,1,1,13:45,1,2,1
2023471355295,2023,471355295,1,1,1,1,36,7,2,0,0,0,0,0,1,9,E01031339,7,1,1.0,0.0,-1,6,20,2,1,2,17:40,4,2,1
2023010476417,2023,010476417,1,2,2,-1,-1,-1,3,0,0,2,0,0,9,-1,-1,-1,0,0.0,1.0,-1,3,30,1,1,1,08:09,6,2,9
2023543147523,2023,543147523,1,1,1,1,25,5,2,0,0,0,0,0,9,6,E01023063,-1,0,1.0,0.0,-1,6,50,1,1,2,12:47,4,1,9
2023311387321,2023,311387321,1,15,2,1,7,2,3,0,0,0,4,0,11,-1,-1,3,1,0.0,1.0,-1,6,60,2,1,2,13:30,3,1,11
2023010420755,2023,010420755,1,1,2,2,49,8,2,0,0,0,4,0,11,1,E01001178,-1,0,1.0,0.0,-1,3,30,1,1,1,10:50,4,1,11
2023061317482,2023,061317482,2,3,1,2,38,7,3,0,0,0,0,0,9,8,E01012581,3,1,0.0,1.0,-1,7,70,1,1,1,12:35,1,3,9
2023101401466,2023,101401466,1,1,1,1,61,9,3,0,0,0,0,0,9,4,E01008578,3,1,0.0,1.0,-1,1,30,1,4,1,21:13,4,2,9
2023201416242,2023,201416242,1,1,2,2,17,4,3,0,0,1,0,0,9,1,E01009137,3,1,0.0,1.0,-1,1,30,1,1,1,18:16,2,2,9
2023311332223,2023,311332223,2,1,1,2,31,6,3,0,0,0,0,0,9,1,E01013881,3,1,0.0,1.0,-1,6,30,2,1,2,11:30,7,2,9
2023471338771,2023,471338771,2,2,2,1,22,5,3,0,0,1,0,0,9,3,E01002397,3,1,0.0,1.0,-1,6,60,1,1,1,06:35,7,2,9
2023010436114,2023,010436114,1,1,1,1,39,7,3,0,0,0,0,0,5,5,E01000488,-1,0,0.0,1.0,-1,1,20,1,1,1,11:20,3,2,5
2023401364788,2023,401364788,1,1,1,2,81,11,2,0,0,0,0,0,9,7,E01017545,6,1,1.0,0.0,-1,6,30,1,1,1,10:00,3,1,9
2023411330855,2023,411330855,2,2,2,2,30,6,3,0,0,1,0,0,9,5,E01023560,3,1,0.0,1.0,-1,6,20,1,1,-1,19:03,4,2,9
2023430230122,2023,430230122,1,1,3,1,38,7,2,5,2,0,0,0,0,-1,-1,-1,0,1.0,0.0,-1,6,20,1,1,1,17:18,5,1,9
2023101365438,2023,101365438,2,1,1,1,53,8,3,0,0,0,0,0,5,1,E01008325,3,1,0.0,1.0,-1,3,50,1,1,1,17:06,4,2,5
2023201364493,2023,201364493,1,3,2,2,16,4,3,0,0,2,0,0,9,-1,-1,3,1,0.0,1.0,-1,6,30,1,1,1,14:39,4,2,9
2023211369919,2023,211369919,3,3,1,2,56,9,3,0,0,0,0,0,9,2,E01029390,3,1,0.0,1.0,-1,6,30,2,1,2,13:15,5,3,9
2023430398893,2023,430398893,2,1,1,1,40,7,3,0,0,0,0,0,19,-1,-1,-1,0,0.00439,0.99561,-1,6,30,1,1,1,07:30,2,3,19
2023311285197,2023,311285197,1,1,3,2,37,7,3,5,3,0,0,0,0,1,E01013810,3,1,0.0,1.0,-1,6,30,3,1,3,15:00,5,1,9
2023201400885,2023,201400885,1,1,3,2,53,8,3,5,3,0,0,2,0,1,E01009709,3,1,0.0,1.0,-1,6,30,1,1,1,15:23,5,1,9
2023010464359,2023,010464359,1,1,1,1,51,8,3,0,0,0,0,0,1,2,E01000876,-1,0,0.0,1.0,-1,6,20,8,1,1,08:05,4,2,1
2023010422423,2023,010422423,1,2,2,1,-1,-1,3,0,0,2,0,0,8,-1,-1,-1,0,0.0,1.0,-1,3,70,1,1,1,07:53,6,2,8
2023031309512,2023,031309512,1,1,2,1,26,6,3,0,0,1,0,0,9,4,E01019252,3,1,0.0,1.0,-1,6,30,1,1,1,09:50,7,2,9
2023041411847,2023,041411847,1,1,1,1,17,4,3,0,0,0,0,0,9,2,E01025245,3,1,0.0,1.0,-1,6,30,1,4,2,21:16,4,1,9
2023231379238,2023,231379238,1,1,1,1,88,11,3,0,0,0,0,0,9,7,E01028795,3,1,0.0,1.0,-1,6,60,1,6,1,23:38,3,1,9
2023320750045,2023,320750045,2,2,1,2,65,9,2,0,0,0,0,0,9,8,E01026363,-1,0,1.0,0.0,-1,6,60,1,6,4,07:17,4,2,9
2023461372185,2023,461372185,2,3,2,2,10,2,3,0,0,2,0,0,9,-1,-1,3,1,0.0,1.0,-1,6,30,1,1,1,16:15,2,2,9
2023351354675,2023,351354675,1,4,2,1,23,5,3,0,0,2,0,0,9,9,E01018153,3,1,0.0,1.0,-1,6,30,2,6,2,00:51,7,1,9
2023122300780,2023,122300780,1,1,1,2,24,5,3,0,0,0,0,0,9,6,E01027842,-1,0,0.00401,0.99599,-1,1,30,1,1,1,13:30,3,2,9
2023430492330,2023,430492330,1,1,2,1,24,5,3,0,0,1,0,0,9,-1,-1,-1,0,0.05872,0.94128,-1,6,30,2,4,2,21:36,4,1,9
2023461265935,2023,461265935,1,1,1,2,21,5,3,0,0,0,0,0,9,7,E01024727,3,1,0.0,1.0,-1,6,60,1,6,1,21:45,1,1,9
2023170S32163,2023,170S32163,1,1,3,2,33,6,3,8,3,0,0,0,0,1,E01012284,-1,0,0.15447,0.84553,-1,6,30,1,4,2,18:30,3,1,9
2023351330547,2023,351330547,2,1,1,1,21,5,2,0,0,0,0,0,3,7,E01018210,6,1,1.0,0.0,-1,6,60,1,1,1,11:09,6,2,3
2023031391520,2023,031391520,1,1,1,1,46,8,3,0,0,0,0,0,9,-1,-1,3,1,0.0,1.0,-1,6,30,8,4,2,18:41,5,3,9
2023041287107,2023,041287107,2,1,2,1,4,1,3,0,0,2,0,0,9,-1,-1,3,1,0.0,1.0,-1,6,30,1,1,2,08:46,4,2,9
2023311302121,2023,311302121,1,1,1,1,24,5,3,0,0,0,0,0,9,-1,-1,3,1,0.0,1.0,-1,6,50,1,1,1,18:05,3,1,9
2023101386875,2023,101386875,2,1,1,1,41,7,3,0,0,0,0,0,1,2,E01008572,3,1,0.0,1.0,-1,6,20,2,6,2,18:16,5,2,1
2023430467773,2023,430467773,2,1,1,1,41,7,3,0,0,0,0,0,1,6,E01028813,-1,0,0.13734,0.86266,-1,6,30,1,1,1,16:35,2,2,1
2023131392068,2023,131392068,1,1,1,1,19,4,2,0,0,0,0,0,9,9,E01011568,7,1,1.0,0.0,-1,6,30,5,4,2,03:37,2,1,9
2023371295210,2023,371295210,1,2,2,1,30,6,3,0,0,2,0,0,9,5,E01029976,3,1,0.0,1.0,-1,6,30,4,6,2,23:10,2,1,9
2023421311385,2023,421311385,2,1,1,2,87,11,3,0,0,0,0,0,9,5,E01021647,3,1,0.0,1.0,-1,6,30,1,1,1,10:35,5,2,9
2023010440197,2023,010440197,1,1,1,-1,59,9,3,0,0,0,0,0,5,6,E01004653,-1,0,0.0,1.0,-1,9,20,8,1,1,12:20,7,2,5
2023010446320,2023,010446320,1,1,1,2,51,8,3,0,0,0,0,0,9,2,E01001833,-1,0,0.0,1.0,-1,6,20,1,1,1,10:20,5,2,9
2023010481628,2023,010481628,1,1,1,2,57,9,3,0,0,0,0,0,9,2,E01001550,-1,0,0.0,1.0,-1,6,30,1,4,1,22:55,7,2,9
2023201348726,2023,201348726,2,1,1,1,34,6,3,0,0,0,0,0,9,10,E01009428,3,1,0.0,1.0,-1,6,30,1,1,1,16:55,5,3,9
2023471352617,2023,471352617,1,1,1,1,64,9,3,0,0,0,0,0,9,9,E01017001,3,1,0.0,1.0,-1,6,30,1,4,1,18:54,5,3,9
202354B402423,2023,54B402423,1,2,2,1,35,6,3,0,0,1,0,0,9,-1,-1,-1,0,0.10128,0.89872,-1,6,40,1,6,2,22:45,6,1,9
2023052301114,2023,052301114,1,1,2,1,12,3,3,0,0,0,0,0,1,1,E01033764,-1,0,0.15892,0.84108,-1,6,30,1,1,1,17:00,3,2,1
2023201314973,2023,201314973,1,1,3,2,11,3,3,5,1,0,0,0,0,1,E01010486,3,1,0.0,1.0,-1,6,30,1,1,1,15:00,6,1,9
2023991313942,2023,991313942,1,1,3,1,5,1,2,5,3,0,0,2,0,-1,-1,7,1,1.0,0.0,-1,6,30,1,1,1,16:10,5,1,9
2023991321785,2023,991321785,2,1,2,2,42,7,3,0,0,1,0,0,8,-1,-1,3,1,0.0,1.0,-1,6,30,5,4,2,00:15,1,2,8
2023010454163,2023,010454163,2,1,1,1,46,8,3,0,0,0,0,0,9,3,E01003280,-1,0,0.0,1.0,-1,3,20,1,1,1,15:15,1,2,9
2023531275723,2023,531275723,2,1,1,2,54,8,3,0,0,0,0,0,9,9,E01022371,3,1,0.0,1.0,-1,6,40,1,1,2,12:00,7,3,9
2023451385396,2023,451385396,2,3,2,2,8,2,3,0,0,0,4,0,11,-1,-1,3,1,0.0,1.0,-1,3,40,2,1,2,11:05,7,2,11
2023010435894,2023,010435894,2,2,2,1,34,6,3,0,0,0,0,0,19,10,E01030641,-1,0,0.0,1.0,-1,3,40,1,4,1,20:54,3,2,19
2023201288623,2023,201288623,1,1,3,2,15,3,1,5,2,0,0,0,0,2,E01010158,1,1,0.0,0.0,-1,6,30,1,1,1,14:50,7,1,9
2023052300272,2023,052300272,1,1,1,1,39,7,3,0,0,0,0,0,9,2,E01006663,-1,0,0.04749,0.95251,-1,6,30,2,4,2,17:45,7,2,9
2023211333738,2023,211333738,1,1,1,1,48,8,3,0,0,0,0,0,19,8,E01018458,3,1,0.0,1.0,-1,6,60,1,1,1,07:50,3,2,19
2023111377603,2023,111377603,2,2,2,1,25,5,3,0,0,1,0,0,9,4,E01020633,3,1,0.0,1.0,-1,3,30,1,4,1,18:31,6,2,9
2023421312185,2023,421312185,2,2,2,2,59,9,3,0,0,1,0,0,9,6,E01021406,3,1,0.0,1.0,-1,3,70,1,1,1,15:00,7,2,9
2023461380491,2023,461380491,2,4,2,1,15,3,3,0,0,-1,0,0,9,4,E01001406,3,1,0.0,1.0,-1,3,50,1,1,1,15:55,1,2,9
2023501296072,2023,501296072,2,1,1,1,51,8,3,0,0,0,0,0,9,5,E01015070,3,1,0.0,1.0,-1,6,30,1,1,1,18:02,7,2,9
2023161391037,2023,161391037,1,1,3,2,10,2,3,6,9,0,0,0,0,-1,-1,3,1,0.0,1.0,-1,6,30,2,5,2,16:30,5,1,9
2023531266135,2023,531266135,1,1,3,2,65,9,3,1,3,0,0,0,0,7,E01022190,3,1,0.0,1.0,-1,6,30,1,4,2,18:10,6,1,9
2023052300053,2023,052300053,2,4,2,1,4,1,3,0,0,2,0,0,9,1,E01006908,-1,0,0.06075,0.93925,-1,6,20,1,1,1,15:08,1,4,9
2023170S11763,2023,170S11763,2,1,1,1,41,7,3,0,0,0,0,0,9,3,E01012197,-1,0,0.1162,0.8838,-1,3,70,9,1,1,09:55,7,5,9
2023201293551,2023,201293551,2,2,1,2,27,6,3,0,0,0,0,0,9,4,E01031087,3,1,0.0,1.0,-1,6,30,1,1,1,08:58,5,2,9
2023201331681,2023,201331681,2,1,1,1,17,4,2,0,0,0,0,0,3,2,E01009998,7,1,1.0,0.0,-1,6,30,1,1,1,08:50,3,2,3
202354C048923,2023,54C048923,2,2,1,1,61,9,1,0,0,0,0,0,3,9,E01031909,-1,0,0.0,0.0,-1,6,60,1,6,1,05:38,3,2,3
202360A130138,2023,60A130138,2,1,1,1,80,11,3,0,0,0,0,0,9,-1,-1,-1,0,0.14868,0.85132,-1,6,30,1,1,1,12:30,3,2,9
2023991373101,2023,991373101,2,1,1,1,74,10,3,0,0,0,0,0,22,1,-1,3,1,0.0,1.0,-1,6,30,1,1,1,15:05,6,2,22
2023161376125,2023,161376125,2,1,1,1,29,6,2,0,0,0,0,0,9,6,E01013006,5,1,1.0,0.0,-1,6,60,1,1,1,14:45,7,2,9
2023421343080,2023,421343080,2,1,1,1,44,7,3,0,0,0,0,0,9,6,E01021597,3,1,0.0,1.0,-1,6,30,1,1,1,17:24,5,2,9
2023991347638,2023,991347638,1,1,1,2,17,4,3,0,0,0,0,0,9,-1,-1,3,1,0.0,1.0,-1,6,30,1,1,1,18:20,2,2,9
2023430161780,2023,430161780,1,1,1,1,23,5,3,0,0,0,0,0,1,-1,-1,-1,0,0.06148,0.93852,-1,6,40,1,1,1,12:30,7,2,1
2023010456048,2023,010456048,1,1,3,1,22,5,3,5,3,0,0,0,0,10,E01023581,-1,0,0.0,1.0,-1,6,20,1,1,1,17:20,4,1,9
2023052301210,2023,052301210,2,1,1,2,23,5,3,0,0,0,0,0,1,1,E01006691,-1,0,0.08204,0.91796,-1,6,30,1,1,1,17:25,5,2,1
2023070729650,2023,070729650,2,1,1,2,34,6,3,0,0,0,0,0,9,7,E01018330,-1,0,0.00393,0.99607,-1,6,30,1,1,1,11:22,3,2,9
2023991444794,2023,991444794,1,1,1,1,46,8,2,0,0,0,0,0,9,1,-1,7,1,1.0,0.0,-1,6,60,2,6,2,23:35,7,1,9
2023401377050,2023,401377050,4,4,1,1,43,7,3,0,0,0,0,0,19,9,E01017573,3,1,0.0,1.0,-1,6,40,4,1,2,07:28,2,4,19
2023010449359,2023,010449359,1,1,3,1,12,3,3,4,2,0,0,0,0,9,E01030412,-1,0,0.0,1.0,-1,3,20,1,1,1,07:45,6,1,9
2023440147179,2023,440147179,1,1,3,1,13,3,3,5,1,0,0,0,0,3,E01017054,-1,0,0.0568,0.9432,-1,6,30,1,1,1,11:00,7,1,9
2023440008558,2023,440008558,2,1,1,1,25,5,3,0,0,0,0,0,9,10,E01030407,-1,0,0.06014,0.93986,-1,3,70,5,1,2,15:22,7,2,9
2023471369533,2023,471369533,1,1,1,2,20,4,3,0,0,0,0,0,9,8,E01031535,3,1,0.0,1.0,-1,6,60,2,1,2,11:20,4,2,9
2023991262051,2023,991262051,1,1,1,1,28,6,3,0,0,0,0,0,9,2,-1,3,1,0.0,1.0,-1,6,60,2,1,2,08:00,3,2,9
2023131308551,2023,131308551,1,1,3,2,4,1,3,5,4,0,0,2,0,4,E01010591,3,1,0.0,1.0,-1,6,30,1,1,1,17:15,4,1,9
2023231351189,2023,231351189,2,2,2,1,64,9,3,0,0,1,0,0,9,2,E01031066,3,1,0.0,1.0,-1,3,50,1,1,1,17:45,6,2,9
2023461306622,2023,461306622,2,1,2,2,38,7,3,0,0,1,0,0,9,2,E01001698,3,1,0.0,1.0,-1,7,30,1,1,2,04:15,2,2,9
2023141365241,2023,141365241,1,1,3,1,27,6,3,10,8,0,0,2,0,1,E01007626,3,1,0.0,1.0,-1,6,30,1,1,1,10:16,5,1,9
2023461329305,2023,461329305,2,1,1,1,55,8,3,0,0,0,0,0,1,6,E01024034,3,1,0.0,1.0,-1,6,50,1,1,1,13:52,7,2,1
2023461364931,2023,461364931,2,1,1,1,-1,-1,2,0,0,0,0,0,1,4,E01024493,6,1,1.0,0.0,-1,6,30,1,7,1,06:35,4,2,1
2023010456396,2023,010456396,1,1,1,2,43,7,3,0,0,0,0,0,9,4,E01021809,-1,0,0.0,1.0,-1,6,30,8,1,1,15:40,4,1,9
2023041271941,2023,041271941,2,1,2,1,28,6,2,0,0,1,0,0,9,1,E01012643,5,1,1.0,0.0,-1,6,30,9,1,2,12:07,6,2,9
2023320511798,2023,320511798,2,1,1,1,23,5,3,0,0,0,0,0,9,3,E01012497,-1,0,0.01428,0.98572,-1,6,60,1,1,1,14:14,1,2,9
2023552300537,2023,552300537,1,3,1,1,71,10,3,0,0,0,0,0,9,5,E01020389,-1,0,0.13466,0.86534,-1,6,60,1,1,2,10:11,5,3,9
2023101363079,2023,101363079,1,1,3,2,44,7,2,5,3,0,0,0,0,2,E01008791,7,1,1.0,0.0,-1,6,30,1,6,1,20:20,7,1,9
2023440493088,2023,440493088,2,3,2,2,7,2,3,0,0,2,0,0,9,6,E01023236,-1,0,0.05395,0.94605,-1,3,70,1,6,2,19:45,7,2,9
2023520301200,2023,520301200,1,1,1,1,52,8,3,0,0,0,0,0,9,7,E01029120,-1,0,0.0089,0.9911,-1,6,30,9,1,-1,10:45,4,2,9
2023991290118,2023,991290118,1,1,1,1,43,7,2,0,0,0,0,0,9,5,-1,5,1,1.0,0.0,-1,7,70,2,6,2,22:00,5,1,9
2023010459528,2023,010459528,1,1,1,1,60,9,3,0,0,0,0,0,9,3,E01000092,-1,0,0.0,1.0,-1,7,30,1,1,1,06:45,6,2,9
2023141274553,2023,141274553,1,1,1,1,64,9,3,0,0,0,0,0,9,1,E01007568,3,1,0.0,1.0,-1,3,40,1,4,1,22:28,5,2,9
2023340WN1902,2023,340WN1902,2,2,2,2,20,4,3,0,0,1,0,0,9,-1,-1,-1,0,0.0153,0.9847,-1,1,40,2,4,2,20:40,3,2,9
2023991394351,2023,991394351,2,2,2,2,39,7,3,0,0,2,0,0,9,4,-1,3,1,0.0,1.0,-1,6,60,1,1,1,10:30,5,2,9
2023010471320,2023,010471320,1,1,1,1,35,6,3,0,0,0,0,0,1,1,E01002034,-1,0,0.0,1.0,-1,6,20,8,1,1,09:02,4,2,1
2023010436330,2023,010436330,1,1,1,1,41,7,3,0,0,0,0,0,9,6,E01000330,-1,0,0.0,1.0,-1,6,30,1,1,1,08:30,6,2,9
2023010441804,2023,010441804,1,1,1,2,29,6,3,0,0,0,0,0,9,6,E01001237,-1,0,0.0,1.0,-1,6,20,1,1,1,15:30,2,2,9
2023201461856,2023,201461856,2,2,2,2,-1,-1,3,0,0,-1,0,0,9,-1,-1,3,1,0.0,1.0,-1,6,30,1,5,1,20:33,6,2,9
2023320138532,2023,320138532,1,2,1,1,18,4,3,0,0,0,0,0,9,7,E01026412,-1,0,0.09329,0.90671,-1,6,60,1,1,2,12:25,2,1,9
2023061317242,2023,061317242,2,1,1,1,19,4,2,0,0,0,0,0,1,1,E01005935,6,1,1.0,0.0,-1,6,30,1,4,1,00:20,1,2,1
2023131350453,2023,131350453,2,1,1,1,29,6,3,0,0,0,0,0,1,3,E01011028,3,1,0.0,1.0,-1,7,40,1,1,1,17:30,1,2,1
2023531418533,2023,531418533,1,1,1,2,25,5,3,0,0,0,0,0,9,10,E01022359,3,1,0.0,1.0,-1,6,60,1,6,2,18:05,5,1,9
2023401330649,2023,401330649,2,1,1,1,49,8,2,0,0,0,0,0,1,4,E01017542,7,1,1.0,0.0,-1,6,40,1,1,1,07:50,4,2,1
2023531383250,2023,531383250,2,1,1,1,20,4,3,0,0,0,0,0,1,6,E01022348,3,1,0.0,1.0,-1,1,30,2,7,2,07:15,3,2,1
2023031302249,2023,031302249,2,5,2,2,18,4,3,0,0,-1,0,0,9,-1,-1,3,1,0.0,1.0,-1,3,70,1,1,1,12:10,7,2,9
2023451313713,2023,451313713,2,1,1,1,72,10,3,0,0,0,0,0,9,6,E01022736,3,1,0.0,1.0,-1,7,70,1,1,1,10:35,4,2,9
2023531282855,2023,531282855,1,1,1,1,55,8,2,0,0,0,0,0,9,6,E01022126,7,1,1.0,0.0,-1,6,30,1,4,1,18:09,6,2,9
2023451266470,2023,451266470,1,1,3,2,32,6,3,6,9,0,0,0,0,6,E01023143,3,1,0.0,1.0,-1,6,30,1,4,4,00:23,1,1,9
2023010437273,2023,010437273,1,1,3,1,26,6,3,5,1,0,0,0,0,-1,-1,-1,0,0.0,1.0,-1,6,20,1,1,1,18:03,5,1,9