collision_index,collision_year,collision_ref_no,vehicle_reference,casualty_reference,casualty_class,sex_of_casualty,age_of_casualty,age_band_of_casualty,casualty_severity,pedestrian_location,pedestrian_movement,car_passenger,bus_or_coach_passenger,pedestrian_road_maintenance_worker,casualty_type,casualty_imd_decile,lsoa_of_casualty,enhanced_casualty_severity,casualty_injury_based,casualty_adjusted_severity_serious,casualty_adjusted_severity_slight,casualty_distance_banding,road_type,speed_limit,weather_conditions,light_conditions,road_surface_conditions,time,day_of_week,number_of_vehicles,vehicle_type
2023201276908,2023,201276908,1,1,3,2,57,9,3,5,3,0,0,2,0,5,E01010337,3,1,0.0,1.0,-1,6,20,2,4,2,18:00,5,1,9
2023010468344,2023,010468344,1,1,3,2,11,3,3,9,7,0,0,0,0,4,E01003213,-1,0,0.0,1.0,-1,3,30,1,1,1,08:37,3,1,19
2023440030739,2023,440030739,1,1,3,1,72,10,3,5,1,0,0,0,0,-1,-1,-1,0,0.23094,0.76906,-1,6,30,1,4,1,18:01,2,1,20
2023311358306,2023,311358306,2,1,1,1,19,4,2,0,0,0,0,0,1,5,E01028243,6,1,1.0,0.0,-1,6,30,1,4,1,20:06,6,2,1
2023010430574,2023,010430574,2,1,1,1,24,5,3,0,0,0,0,0,3,5,E01003773,-1,0,0.0,1.0,-1,6,20,1,4,1,23:45,1,2,3
2023991358295,2023,991358295,1,1,1,1,62,9,2,0,0,0,0,0,5,6,-1,5,1,1.0,0.0,-1,6,60,2,1,1,17:00,1,1,5
2023311348108,2023,311348108,1,1,1,1,76,11,2,0,0,0,0,0,5,2,E01013976,6,1,1.0,0.0,-1,6,40,1,1,1,18:40,7,2,5
2023161291370,2023,161291370,1,1,3,1,36,7,3,9,9,0,0,1,0,1,E01007597,3,1,0.0,1.0,-1,6,30,1,1,1,10:30,6,1,9
2023991367731,2023,991367731,1,1,3,1,81,11,2,10,9,0,0,0,0,2,-1,7,1,1.0,0.0,-1,6,20,1,1,2,11:13,6,1,9
2023991278916,2023,991278916,1,1,3,2,14,3,2,5,3,0,0,0,0,9,-1,5,1,1.0,0.0,-1,6,30,1,1,1,13:35,2,1,9
2023211355996,2023,211355996,2,1,1,1,60,9,3,0,0,0,0,0,1,-1,-1,3,1,0.0,1.0,-1,6,60,1,1,1,18:00,2,2,1
2023010452463,2023,010452463,1,2,2,1,20,4,3,0,0,1,0,0,9,1,E01004249,-1,0,0.0,1.0,-1,3,50,1,1,1,17:50,6,2,9
2023122400219,2023,122400219,1,1,1,1,31,6,2,0,0,0,0,0,9,1,E01007634,-1,0,1.0,0.0,-1,6,60,7,6,2,23:48,2,1,9
2023501320121,2023,501320121,1,3,2,2,19,4,2,0,0,1,0,0,9,5,E01018779,6,1,1.0,0.0,-1,6,30,1,1,2,17:56,4,1,9
2023010427336,2023,010427336,1,1,2,2,67,10,3,0,0,0,3,0,11,3,E01004355,-1,0,0.0,1.0,-1,6,30,1,1,1,15:06,4,1,11
2023201410667,2023,201410667,1,1,1,1,39,7,3,0,0,0,0,0,9,2,E01011030,3,1,0.0,1.0,-1,6,30,8,1,1,08:39,5,5,9
2023221327816,2023,221327816,1,1,1,1,28,6,3,0,0,0,0,0,9,4,E01014072,3,1,0.0,1.0,-1,3,30,1,1,1,08:25,7,2,9
2023451279794,2023,451279794,1,2,2,2,82,11,3,0,0,1,0,0,9,10,E01031805,3,1,0.0,1.0,-1,6,60,1,1,1,10:25,3,1,9
2023461371170,2023,461371170,2,2,1,2,22,5,3,0,0,0,0,0,9,1,E01016024,3,1,0.0,1.0,-1,1,20,1,4,1,05:40,3,2,9
2023522400991,2023,522400991,2,3,2,2,25,5,3,0,0,1,0,0,9,5,E01015019,-1,0,0.03282,0.96718,-1,3,40,2,7,2,16:00,1,2,9
2023041295460,2023,041295460,1,1,2,2,10,2,3,0,0,2,0,0,9,9,E01025021,3,1,0.0,1.0,-1,6,20,8,1,1,11:25,3,2,9
2023041371810,2023,041371810,1,1,1,1,59,9,3,0,0,0,0,0,9,6,E01024991,3,1,0.0,1.0,-1,7,70,5,6,2,16:57,3,1,9
2023122300039,2023,122300039,1,1,1,1,87,11,3,0,0,0,0,0,9,7,E01027653,-1,0,0.06439,0.93561,-1,6,30,2,4,2,16:39,4,2,9
2023501370070,2023,501370070,1,1,1,1,81,11,2,0,0,0,0,0,9,4,E01020321,6,1,1.0,0.0,-1,6,60,5,1,5,09:25,5,1,9
2023161353640,2023,161353640,1,1,1,1,22,5,3,0,0,0,0,0,19,3,E01011722,3,1,0.0,1.0,-1,6,60,2,1,2,11:04,2,4,19
2023010470516,2023,010470516,5,2,1,1,36,7,3,0,0,0,0,0,9,4,E01003661,-1,0,0.0,1.0,-1,6,30,1,4,1,20:48,6,7,9
2023111265610,2023,111265610,1,1,1,1,14,3,3,0,0,0,0,0,9,1,E01008645,3,1,0.0,1.0,-1,3,70,1,1,2,13:50,5,3,9
2023371323255,2023,371323255,1,1,1,1,41,7,3,0,0,0,0,0,9,9,E01029893,3,1,0.0,1.0,-1,6,60,1,1,1,18:39,5,2,9
2023010473151,2023,010473151,2,1,2,1,30,6,3,0,0,2,0,0,9,2,E01004287,-1,0,0.0,1.0,-1,6,30,2,1,2,16:25,6,3,9
2023131371863,2023,131371863,1,1,1,1,46,8,3,0,0,0,0,0,9,3,E01011242,3,1,0.0,1.0,-1,6,20,8,4,2,20:11,3,1,9
2023221380379,2023,221380379,2,1,2,1,2,1,3,0,0,2,0,0,9,6,E01032374,3,1,0.0,1.0,-1,6,60,1,6,2,18:30,6,2,9
2023010449067,2023,010449067,2,2,2,2,37,7,3,0,0,2,0,0,9,2,E01003964,-1,0,0.0,1.0,-1,6,20,9,1,1,18:00,4,2,9
2023010460638,2023,010460638,3,1,1,1,38,7,3,0,0,0,0,0,9,4,E01003666,-1,0,0.0,1.0,-1,6,20,1,4,1,22:38,2,3,9
2023141371861,2023,141371861,2,1,1,2,29,6,3,0,0,0,0,0,9,1,E01007377,3,1,0.0,1.0,-1,6,30,2,4,2,16:40,2,2,9
2023991309597,2023,991309597,1,2,1,1,47,8,2,0,0,0,0,0,9,-1,-1,7,1,1.0,0.0,-1,6,60,1,1,1,18:45,6,2,9
2023010437776,2023,010437776,1,2,2,-1,-1,-1,3,0,0,1,0,0,9,4,E01001636,-1,0,0.0,1.0,-1,6,30,2,4,2,21:45,6,2,9
2023010477929,2023,010477929,1,2,2,2,72,10,3,0,0,1,0,0,9,9,E01000687,-1,0,0.0,1.0,-1,6,40,2,1,2,13:40,3,2,9
2023041384788,2023,041384788,1,1,1,1,35,6,3,0,0,0,0,0,9,2,E01024926,3,1,0.0,1.0,-1,6,50,5,6,2,17:10,7,1,9
2023332300228,2023,332300228,5,1,1,2,71,10,3,0,0,0,0,0,9,8,E01025881,-1,0,0.0157,0.9843,-1,3,70,1,1,1,13:49,2,5,9
2023522400426,2023,522400426,1,1,1,2,23,5,3,0,0,0,0,0,9,8,E01014868,-1,0,0.00254,0.99746,-1,6,40,1,1,1,14:15,2,2,9
2023546083123,2023,546083123,1,1,1,1,62,9,3,0,0,0,0,0,9,-1,-1,-1,0,0.09818,0.90182,-1,6,60,1,1,1,14:40,7,3,9
2023991403033,2023,991403033,2,1,1,1,27,6,3,0,0,0,0,0,2,9,-1,3,1,0.0,1.0,-1,6,30,1,4,2,19:35,4,2,2
202360A043076,2023,60A043076,1,1,3,1,5,1,2,5,4,0,0,0,0,-1,-1,-1,0,1.0,0.0,-1,6,30,1,1,1,17:49,7,1,9
2023101285893,2023,101285893,2,1,1,1,48,8,2,0,0,0,0,0,1,5,E01027448,7,1,1.0,0.0,-1,6,30,1,1,1,12:10,5,2,1
2023340NN2582,2023,340NN2582,2,1,1,1,51,8,3,0,0,0,0,0,1,-1,-1,-1,0,0.0617,0.9383,-1,1,40,1,1,1,10:00,3,2,1
2023101275571,2023,101275571,2,2,2,2,38,7,2,0,0,0,0,0,3,3,E01020787,7,1,1.0,0.0,-1,6,30,1,4,2,17:44,7,2,3
2023471333368,2023,471333368,2,1,1,1,19,4,2,0,0,0,0,0,3,10,E01031511,7,1,1.0,0.0,-1,6,30,1,4,1,22:30,3,2,3
2023010461393,2023,010461393,2,1,1,1,26,6,3,0,0,0,0,0,5,7,E01024318,-1,0,0.0,1.0,-1,6,30,1,1,1,14:44,7,2,5
2023010439325,2023,010439325,1,1,3,2,51,8,3,9,7,0,0,0,0,3,E01003135,-1,0,0.0,1.0,-1,3,20,1,1,1,09:40,3,1,9
2023451287250,2023,451287250,1,1,1,2,27,6,3,0,0,0,0,0,9,6,E01028523,3,1,0.0,1.0,-1,3,70,2,6,2,22:55,4,3,9
2023461330037,2023,461330037,2,2,1,1,33,6,3,0,0,0,0,0,9,7,E01016167,3,1,0.0,1.0,-1,6,60,1,1,1,08:55,5,2,9
2023010452139,2023,010452139,1,1,3,1,65,9,3,5,3,0,0,0,0,6,E01002241,-1,0,0.0,1.0,-1,6,20,1,4,1,03:45,7,1,9
2023201356343,2023,201356343,1,2,3,2,27,6,3,6,9,0,0,2,0,9,E01031019,3,1,0.0,1.0,-1,6,30,1,1,1,17:34,7,1,9
2023131332267,2023,131332267,1,2,2,1,6,2,3,0,0,2,0,0,9,3,E01011139,3,1,0.0,1.0,-1,6,30,2,1,2,17:59,7,2,9
2023231374947,2023,231374947,2,2,2,1,57,9,3,0,0,1,0,0,9,8,E01010171,3,1,0.0,1.0,-1,6,60,4,1,2,10:00,2,2,9
2023010434395,2023,010434395,1,1,1,1,25,5,3,0,0,0,0,0,9,6,E01001160,-1,0,0.0,1.0,-1,6,20,1,1,1,05:45,2,5,9
2023531383771,2023,531383771,2,1,2,2,52,8,3,0,0,0,0,0,19,7,E01022252,3,1,0.0,1.0,-1,6,30,2,4,2,07:25,5,2,19
2023440398112,2023,440398112,2,1,1,2,11,3,3,0,0,0,0,0,1,2,E01032879,-1,0,0.10968,0.89032,-1,6,30,1,1,1,15:30,6,2,1
2023141389205,2023,141389205,1,1,1,1,81,11,3,0,0,0,0,0,9,5,E01007350,3,1,0.0,1.0,-1,6,30,1,4,1,18:49,7,2,9
2023201266872,2023,201266872,1,1,1,2,22,5,3,0,0,0,0,0,9,3,E01009660,3,1,0.0,1.0,-1,3,60,2,1,2,15:26,4,1,9
2023320046052,2023,320046052,2,4,2,2,25,5,3,0,0,2,0,0,9,7,E01026369,-1,0,0.03441,0.96559,-1,6,30,1,1,2,11:45,2,2,9
2023520300633,2023,520300633,1,1,1,2,50,8,3,0,0,0,0,0,9,6,E01014451,-1,0,0.04122,0.95878,-1,6,60,1,1,4,08:04,3,2,9
2023531330318,2023,531330318,2,1,1,1,40,7,3,0,0,0,0,0,9,5,E01032340,3,1,0.0,1.0,-1,6,50,1,1,1,07:02,4,2,9
2023041311943,2023,041311943,1,1,1,2,69,10,3,0,0,0,0,0,9,8,E01004918,3,1,0.0,1.0,-1,6,30,1,1,1,18:30,6,1,9
2023161309572,2023,161309572,1,2,2,2,27,6,3,0,0,1,0,0,9,1,E01013174,3,1,0.0,1.0,-1,6,30,1,1,1,11:52,7,2,9
2023461298476,2023,461298476,2,2,1,2,38,7,3,0,0,0,0,0,9,10,E01000688,3,1,0.0,1.0,-1,6,30,8,1,2,16:37,5,3,9
2023451295080,2023,451295080,1,1,2,2,51,8,2,0,0,0,4,0,11,2,E01033000,7,1,1.0,0.0,-1,6,30,1,1,1,19:00,7,1,11
2023041269400,2023,041269400,2,1,1,2,24,5,3,0,0,0,0,0,3,-1,-1,3,1,0.0,1.0,-1,6,30,1,1,2,13:17,1,2,3
2023421270817,2023,421270817,2,1,1,2,24,5,3,0,0,0,0,0,9,5,E01021297,3,1,0.0,1.0,-1,7,30,2,4,2,16:45,3,2,9
2023131369573,2023,131369573,3,1,2,2,23,5,3,0,0,0,0,0,9,5,E01033019,3,1,0.0,1.0,-1,2,30,1,4,1,19:26,4,3,9
2023631331989,2023,631331989,1,1,1,1,48,8,2,0,0,0,0,0,9,3,W01000479,7,1,1.0,0.0,-1,6,30,1,1,1,14:15,6,2,9
2023201387832,2023,201387832,2,2,1,2,45,7,3,0,0,0,0,0,9,1,E01009881,3,1,0.0,1.0,-1,6,30,1,4,1,21:20,4,2,9
2023421333829,2023,421333829,2,1,1,2,70,10,3,0,0,0,0,0,9,3,E01021594,3,1,0.0,1.0,-1,1,40,4,1,1,16:05,3,2,9
2023471268610,2023,471268610,1,1,1,1,75,10,3,0,0,0,0,0,9,10,E01031649,3,1,0.0,1.0,-1,6,30,1,4,2,05:40,5,2,9
2023141327127,2023,141327127,2,1,1,1,11,3,2,0,0,0,0,0,1,2,E01007578,7,1,1.0,0.0,-1,6,30,8,1,1,16:20,6,2,1
2023631367952,2023,631367952,1,1,1,1,74,10,3,0,0,0,0,0,90,7,W01000572,3,1,0.0,1.0,-1,6,60,4,1,2,12:40,7,1,90
2023111384618,2023,111384618,1,1,3,1,3,1,3,5,2,0,0,0,0,5,E01020810,3,1,0.0,1.0,-1,6,30,1,1,1,12:15,6,1,9
2023440380021,2023,440380021,1,1,3,1,39,7,3,6,9,0,0,0,0,6,E01022941,-1,0,0.19509,0.80491,-1,6,30,1,1,2,17:45,1,1,9
2023031277312,2023,031277312,1,1,3,1,62,9,2,4,1,0,0,0,0,1,E01019139,5,1,1.0,0.0,-1,3,30,2,4,2,17:31,5,1,9
2023161289993,2023,161289993,2,1,2,1,45,7,3,0,0,2,0,0,9,10,E01013070,3,1,0.0,1.0,-1,3,40,1,1,1,09:20,5,2,9
2023991304496,2023,991304496,2,1,1,1,37,7,3,0,0,0,0,0,1,-1,-1,3,1,0.0,1.0,-1,6,30,1,1,1,18:21,6,2,1
2023320384382,2023,320384382,1,2,2,1,27,6,1,0,0,1,0,0,9,-1,-1,-1,0,0.0,0.0,-1,6,60,1,1,1,20:40,5,1,9
2023401342991,2023,401342991,1,1,1,1,50,8,3,0,0,0,0,0,9,2,E01017474,3,1,0.0,1.0,-1,6,30,1,1,1,15:43,3,3,9
2023421312419,2023,421312419,2,3,2,2,45,7,2,0,0,2,0,0,9,4,E01015906,7,1,1.0,0.0,-1,3,30,1,1,1,18:13,1,2,9
2023451362200,2023,451362200,1,1,1,2,20,4,3,0,0,0,0,0,9,10,E01030558,3,1,0.0,1.0,-1,6,40,1,1,2,13:42,5,1,9
2023101375824,2023,101375824,2,1,1,2,41,7,3,0,0,0,0,0,9,4,E01008226,3,1,0.0,1.0,-1,6,30,2,1,2,08:27,2,2,9
2023161352602,2023,161352602,1,1,1,1,17,4,3,0,0,0,0,0,9,1,E01012931,3,1,0.0,1.0,-1,6,40,1,4,1,19:20,5,2,9
2023361352348,2023,361352348,1,2,1,2,46,8,3,0,0,0,0,0,9,4,E01026618,3,1,0.0,1.0,-1,3,50,1,1,1,11:39,3,2,9
2023411394223,2023,411394223,2,1,1,1,22,5,3,0,0,0,0,0,9,8,E01023893,3,1,0.0,1.0,-1,3,60,1,4,-1,21:15,7,2,9
2023340NN4272,2023,340NN4272,2,1,2,1,25,5,3,0,0,0,0,0,19,-1,-1,-1,0,0.03963,0.96037,-1,6,60,1,1,1,17:33,3,2,19
2023041350716,2023,041350716,1,2,2,1,21,5,2,0,0,1,0,0,9,8,E01025012,7,1,1.0,0.0,-1,6,60,1,1,1,18:40,6,1,9
2023041396556,2023,041396556,1,1,1,2,86,11,3,0,0,0,0,0,9,4,E01025225,3,1,0.0,1.0,-1,7,30,2,4,2,18:10,7,1,9
2023201381493,2023,201381493,1,1,2,2,20,4,3,0,0,1,0,0,9,4,E01009236,3,1,0.0,1.0,-1,3,30,1,4,1,00:34,6,2,9
2023361313525,2023,361313525,1,5,1,1,23,5,3,0,0,0,0,0,9,4,E01026874,3,1,0.0,1.0,-1,6,60,1,1,1,20:39,4,2,9
2023471392276,2023,471392276,1,1,1,1,57,9,3,0,0,0,0,0,9,7,E01003451,3,1,0.0,1.0,-1,3,70,1,1,1,15:00,3,1,9
2023501291099,2023,501291099,3,1,1,2,60,9,3,0,0,0,0,0,9,6,E01018763,3,1,0.0,1.0,-1,3,30,1,4,1,21:41,2,4,9
2023010460780,2023,010460780,2,1,1,2,66,10,3,0,0,0,0,0,9,3,E01002587,-1,0,0.0,1.0,-1,6,30,1,1,1,16:46,3,2,9
2023461378201,2023,461378201,1,1,2,2,3,1,3,0,0,2,0,0,9,1,E01024621,3,1,0.0,1.0,-1,6,60,1,1,1,10:32,7,1,9
2023631391469,2023,631391469,2,1,1,1,43,7,3,0,0,0,0,0,90,6,W01000558,3,1,0.0,1.0,-1,6,20,1,1,2,14:03,7,2,90
2023311329132,2023,311329132,1,1,1,1,25,5,3,0,0,0,0,0,9,-1,-1,3,1,0.0,1.0,-1,1,60,1,4,1,03:43,4,2,9
2023401265937,2023,401265937,8,7,1,1,49,8,3,0,0,0,0,0,9,9,E01023274,3,1,0.0,1.0,-1,3,70,1,4,1,17:34,2,12,9
2023631388855,2023,631388855,2,2,2,1,41,7,2,0,0,1,0,0,9,8,E01030538,7,1,1.0,0.0,-1,6,40,2,6,2,21:00,6,2,9
2023161384676,2023,161384676,1,1,1,1,21,5,3,0,0,0,0,0,9,5,E01013329,3,1,0.0,1.0,-1,1,30,1,4,2,03:14,7,1,9
2023361332213,2023,361332213,1,1,1,1,37,7,3,0,0,0,0,0,9,5,E01026727,3,1,0.0,1.0,-1,6,60,2,1,2,15:05,7,1,9
2023451264707,2023,451264707,2,2,2,2,39,7,3,0,0,1,0,0,9,9,E01001025,3,1,0.0,1.0,-1,6,30,2,1,1,14:10,2,2,9
2023461317923,2023,461317923,1,1,3,2,28,6,3,9,5,0,0,0,0,-1,-1,3,1,0.0,1.0,-1,6,30,1,1,1,09:57,4,1,9
2023010450593,2023,010450593,1,1,1,1,90,11,3,0,0,0,0,0,9,9,E01000770,-1,0,0.0,1.0,-1,6,30,1,1,1,19:14,4,2,9
2023122300571,2023,122300571,1,3,2,2,5,1,3,0,0,1,0,0,9,10,E01027576,-1,0,0.0447,0.9553,-1,6,60,1,1,2,10:30,4,2,9
2023161340437,2023,161340437,1,1,1,1,80,11,2,0,0,0,0,0,9,4,E01013197,5,1,1.0,0.0,-1,6,40,1,1,1,16:15,5,3,9
2023201298980,2023,201298980,2,2,1,1,59,9,3,0,0,0,0,0,9,2,E01010535,3,1,0.0,1.0,-1,6,30,1,1,1,08:06,4,2,9
2023610025723,2023,610025723,1,1,1,2,23,5,3,0,0,0,0,0,9,-1,-1,-1,0,0.14157,0.85843,-1,6,60,1,6,1,01:39,6,2,9
2023991355834,2023,991355834,1,1,1,2,51,8,3,0,0,0,0,0,9,-1,-1,3,1,0.0,1.0,-1,3,70,4,1,1,15:47,1,2,9
2023010461903,2023,010461903,1,2,2,2,23,5,3,0,0,0,4,0,11,4,E01001092,-1,0,0.0,1.0,-1,6,30,1,1,1,18:50,3,2,11
2023361377695,2023,361377695,1,2,2,2,11,3,3,0,0,1,0,0,9,3,E01019730,3,1,0.0,1.0,-1,6,30,1,4,1,00:22,7,2,9
2023440139783,2023,440139783,2,1,1,1,18,4,3,0,0,0,0,0,9,5,E01017324,-1,0,0.0578,0.9422,-1,6,40,1,1,1,16:14,1,2,9
2023461349681,2023,461349681,1,1,1,2,59,9,3,0,0,0,0,0,9,9,E01024458,3,1,0.0,1.0,-1,6,30,1,1,1,17:00,4,3,9
2023991272515,2023,991272515,1,3,2,2,16,4,1,0,0,2,0,0,9,10,-1,1,1,0.0,0.0,-1,3,70,1,1,2,13:25,7,2,9
2023010431241,2023,010431241,1,1,2,2,45,7,3,0,0,0,2,0,11,2,E01002080,-1,0,0.0,1.0,-1,6,30,2,1,2,14:06,5,1,11
2023010475380,2023,010475380,1,1,1,1,25,5,3,0,0,0,0,0,1,1,E01002039,-1,0,0.0,1.0,-1,6,20,1,4,9,19:35,4,2,1
2023010485966,2023,010485966,1,1,1,1,18,4,3,0,0,0,0,0,3,1,E01002038,-1,0,0.0,1.0,-1,6,20,1,1,1,14:31,2,2,3
2023440247520,2023,440247520,1,1,1,1,23,5,3,0,0,0,0,0,3,5,E01032698,-1,0,0.28166,0.71834,-1,3,60,1,1,1,20:35,4,1,3
2023430364910,2023,430364910,1,1,1,1,53,8,3,0,0,0,0,0,5,5,E01016599,-1,0,0.23338,0.76662,-1,6,50,1,1,1,16:52,3,2,5
202354C927923,2023,54C927923,1,1,1,1,29,6,3,0,0,0,0,0,5,8,E01031900,-1,0,0.09522,0.90478,-1,6,40,1,1,2,09:26,4,2,5
2023010444000,2023,010444000,1,1,1,1,44,7,3,0,0,0,0,0,9,2,E01004242,-1,0,0.0,1.0,-1,7,30,1,1,1,15:47,4,2,9
2023141360965,2023,141360965,2,1,1,2,47,8,3,0,0,0,0,0,9,6,E01007471,3,1,0.0,1.0,-1,1,40,1,1,1,07:30,2,3,9
2023161343149,2023,161343149,1,1,1,1,27,6,3,0,0,0,0,0,9,5,E01013308,3,1,0.0,1.0,-1,3,50,1,1,1,06:30,5,2,9
2023311324254,2023,311324254,1,1,1,2,22,5,3,0,0,0,0,0,9,2,E01027986,3,1,0.0,1.0,-1,6,30,1,4,1,22:08,5,2,9
2023371326516,2023,371326516,1,1,1,2,21,5,3,0,0,0,0,0,9,5,E01033446,3,1,0.0,1.0,-1,6,60,1,1,1,08:32,4,2,9
2023010482267,2023,010482267,1,1,2,2,61,9,3,0,0,0,1,0,11,4,E01003326,-1,0,0.0,1.0,-1,6,20,1,1,2,08:35,4,1,11
2023161277972,2023,161277972,2,1,1,2,27,6,3,0,0,0,0,0,1,10,E01012967,3,1,0.0,1.0,-1,2,20,1,4,1,21:00,7,2,1
2023371317042,2023,371317042,2,1,1,2,41,7,3,0,0,0,0,0,1,1,E01030249,3,1,0.0,1.0,-1,6,30,1,1,-1,11:55,5,2,1
2023010443440,2023,010443440,1,1,1,1,34,6,3,0,0,0,0,0,5,7,E01000674,-1,0,0.0,1.0,-1,6,20,2,1,1,12:03,4,2,5
2023010467435,2023,010467435,1,1,3,2,52,8,3,6,9,0,0,0,0,9,E01000409,-1,0,0.0,1.0,-1,9,20,1,1,1,09:30,5,1,98
2023361341655,2023,361341655,1,1,1,1,18,4,3,0,0,0,0,0,9,5,E01026935,3,1,0.0,1.0,-1,6,30,1,1,2,16:10,2,2,9
2023010467573,2023,010467573,1,1,1,1,20,4,3,0,0,0,0,0,3,6,E01000487,-1,0,0.0,1.0,-1,9,20,9,1,9,19:40,5,2,3
2023010456728,2023,010456728,1,1,3,2,24,5,3,5,9,0,0,0,0,5,E01004056,-1,0,0.0,1.0,-1,6,20,2,4,2,22:13,7,1,90
2023461298020,2023,461298020,2,1,1,1,28,6,3,0,0,0,0,0,9,5,E01016034,3,1,0.0,1.0,-1,6,30,1,4,1,01:45,4,2,9
2023052301418,2023,052301418,2,1,1,1,33,6,3,0,0,0,0,0,9,2,E01006660,-1,0,0.0187,0.9813,-1,6,30,1,1,1,17:45,3,2,9
2023070858486,2023,070858486,2,1,1,2,43,7,3,0,0,0,0,0,9,4,E01012394,-1,0,0.03759,0.96241,-1,1,40,1,4,-1,23:35,6,2,9
2023221322156,2023,221322156,1,1,1,1,22,5,2,0,0,0,0,0,9,4,E01032479,7,1,1.0,0.0,-1,6,60,1,1,1,20:30,6,3,9
2023552301503,2023,552301503,2,1,1,2,17,4,3,0,0,0,0,0,9,2,E01015341,-1,0,0.03083,0.96917,-1,6,30,1,4,1,21:55,1,2,9
2023010432700,2023,010432700,1,1,2,2,63,9,3,0,0,0,4,0,11,3,E01003280,-1,0,0.0,1.0,-1,6,20,1,1,2,13:20,6,2,11
2023170S11113,2023,170S11113,1,1,1,1,15,3,3,0,0,0,0,0,1,1,E01012252,-1,0,0.06719,0.93281,-1,6,30,1,1,1,07:45,6,2,1
2023501309421,2023,501309421,1,2,3,1,35,6,2,9,8,0,0,0,0,10,E01021728,7,1,1.0,0.0,-1,6,60,1,6,1,23:43,6,1,3
2023010420473,2023,010420473,2,1,1,1,18,4,2,0,0,0,0,0,-1,4,E01000805,-1,0,1.0,0.0,-1,6,30,1,4,1,16:30,2,2,-1
2023991290034,2023,991290034,1,1,3,1,55,8,3,5,1,0,0,0,0,-1,-1,3,1,0.0,1.0,-1,1,20,2,4,2,19:31,4,1,9
2023010451195,2023,010451195,1,1,1,1,35,6,3,0,0,0,0,0,3,4,E01032778,-1,0,0.0,1.0,-1,1,40,1,1,1,14:48,7,2,3
2023010438129,2023,010438129,1,1,1,1,33,6,3,0,0,0,0,0,9,7,E01002998,-1,0,0.0,1.0,-1,3,40,1,4,1,22:40,3,2,9
2023061327919,2023,061327919,2,1,1,2,50,8,3,0,0,0,0,0,9,6,E01005010,3,1,0.0,1.0,-1,7,30,1,1,1,20:37,1,2,9
2023131285763,2023,131285763,2,1,1,1,23,5,3,0,0,0,0,0,9,3,E01011722,3,1,0.0,1.0,-1,3,40,2,4,2,23:51,7,2,9
2023371266312,2023,371266312,1,2,3,2,25,5,3,5,3,0,0,0,0,8,E01030167,3,1,0.0,1.0,-1,6,30,1,1,2,08:55,5,1,9
2023440442595,2023,440442595,1,3,2,1,4,1,3,0,0,0,0,0,19,2,E01022913,-1,0,0.05259,0.94741,-1,6,30,1,1,2,13:10,1,2,19
2023010457636,2023,010457636,2,1,1,1,20,4,2,0,0,0,0,0,3,-1,-1,-1,0,1.0,0.0,-1,6,30,9,5,1,21:15,5,2,3
2023010465464,2023,010465464,2,1,1,1,37,7,3,0,0,0,0,0,5,4,E01015923,-1,0,0.0,1.0,-1,3,50,1,1,1,09:34,3,2,5
2023201453066,2023,201453066,2,1,1,1,55,8,3,0,0,0,0,0,8,5,E01009647,3,1,0.0,1.0,-1,6,30,4,4,2,17:36,5,2,8
2023411383957,2023,411383957,1,2,2,1,12,3,3,0,0,2,0,0,9,9,E01023831,3,1,0.0,1.0,-1,1,30,8,4,2,20:15,5,2,9
2023622300599,2023,622300599,1,5,2,1,12,3,3,0,0,2,0,0,9,4,W01001139,-1,0,0.05001,0.94999,-1,6,40,1,1,2,14:31,1,3,9
2023545497623,2023,545497623,3,2,1,1,27,6,1,0,0,0,0,0,19,1,E01014217,-1,0,0.0,0.0,-1,6,60,1,1,1,19:33,5,3,19
2023052302622,2023,052302622,2,1,1,-1,-1,-1,3,0,0,0,0,0,9,5,E01007173,-1,0,0.01667,0.98333,-1,3,40,1,1,2,13:33,4,3,9
2023311285903,2023,311285903,1,1,1,1,31,6,3,0,0,0,0,0,9,1,E01027966,3,1,0.0,1.0,-1,6,30,2,7,2,19:15,1,3,9
2023320527820,2023,320527820,1,1,1,1,20,4,3,0,0,0,0,0,9,5,E01026190,-1,0,0.13014,0.86986,-1,6,60,1,4,1,23:45,5,1,9
2023610002923,2023,610002923,1,2,2,1,32,6,2,0,0,1,0,0,20,3,W01001448,-1,0,1.0,0.0,-1,6,60,1,1,1,11:54,6,1,20
2023010448275,2023,010448275,1,1,3,2,19,4,3,5,4,0,0,0,0,-1,-1,-1,0,0.0,1.0,-1,3,20,1,4,1,22:37,7,1,8
2023101272746,2023,101272746,1,1,3,1,40,7,3,5,1,0,0,0,0,-1,-1,3,1,0.0,1.0,-1,6,30,1,1,1,13:30,7,1,9
2023141328327,2023,141328327,1,1,3,2,56,9,1,6,9,0,0,0,0,9,E01007670,1,1,0.0,0.0,-1,6,30,1,1,2,06:34,3,1,9
2023010438202,2023,010438202,1,1,1,1,81,11,3,0,0,0,0,0,9,9,E01000395,-1,0,0.0,1.0,-1,3,30,1,1,1,11:18,4,4,9
2023052300171,2023,052300171,2,1,2,2,60,9,3,0,0,1,0,0,9,5,E01007109,-1,0,0.03041,0.96959,-1,6,30,1,4,1,19:00,4,2,9
2023311260690,2023,311260690,1,3,2,1,18,4,2,0,0,1,0,0,9,6,E01028048,7,1,1.0,0.0,-1,6,60,1,1,2,14:17,7,1,9