collision_index,collision_year,collision_ref_no,vehicle_reference,casualty_reference,casualty_class,sex_of_casualty,age_of_casualty,age_band_of_casualty,casualty_severity,pedestrian_location,pedestrian_movement,car_passenger,bus_or_coach_passenger,pedestrian_road_maintenance_worker,casualty_type,casualty_imd_decile,lsoa_of_casualty,enhanced_casualty_severity,casualty_injury_based,casualty_adjusted_severity_serious,casualty_adjusted_severity_slight,casualty_distance_banding,road_type,speed_limit,weather_conditions,light_conditions,road_surface_conditions,time,day_of_week,number_of_vehicles,vehicle_type
2023471392521,2023,471392521,1,1,1,1,17,4,3,0,0,0,0,0,9,4,E01031610,3,1,0.0,1.0,-1,6,30,5,1,2,14:45,4,2,9
2023631359459,2023,631359459,1,1,1,1,17,4,3,0,0,0,0,0,9,7,W01000731,3,1,0.0,1.0,-1,6,40,2,1,2,14:02,4,1,9
2023501309019,2023,501309019,1,1,2,2,21,5,3,0,0,1,0,0,9,8,E01015223,3,1,0.0,1.0,-1,6,30,1,4,2,01:30,5,1,9
2023430092841,2023,430092841,1,1,1,1,76,11,3,0,0,0,0,0,1,10,E01017629,-1,0,0.09796,0.90204,-1,6,30,1,1,1,12:45,3,2,1
2023631368284,2023,631368284,1,1,1,1,38,7,3,0,0,0,0,0,9,3,W01001388,3,1,0.0,1.0,-1,6,60,1,6,2,20:15,1,2,9
2023010467927,2023,010467927,1,1,1,2,22,5,2,0,0,0,0,0,3,2,E01003508,-1,0,1.0,0.0,-1,3,30,1,1,1,08:41,1,1,3
2023010451110,2023,010451110,1,1,3,2,55,8,3,5,3,0,0,0,0,3,E01001177,-1,0,0.0,1.0,-1,6,30,1,1,1,10:39,7,1,9
2023041333609,2023,041333609,1,1,3,2,43,7,3,10,9,0,0,2,0,5,E01025304,3,1,0.0,1.0,-1,6,30,1,4,1,21:00,7,1,9
2023351364093,2023,351364093,2,1,1,1,42,7,3,0,0,0,0,0,8,8,E01033119,3,1,0.0,1.0,-1,1,30,2,1,-1,17:30,6,2,8
2023010431816,2023,010431816,1,1,1,1,32,6,3,0,0,0,0,0,1,9,E01003849,-1,0,0.0,1.0,-1,9,30,9,7,9,20:45,7,2,1
2023552300147,2023,552300147,1,1,2,2,14,3,3,0,0,0,0,0,19,6,E01020488,-1,0,0.0229,0.9771,-1,6,30,1,1,1,08:49,5,2,19
2023461375148,2023,461375148,1,1,3,2,23,5,3,5,9,0,0,0,0,3,E01024280,3,1,0.0,1.0,-1,6,30,2,4,2,17:20,5,1,9
2023122301343,2023,122301343,2,1,1,1,22,5,3,0,0,0,0,0,1,7,E01013346,-1,0,0.08507,0.91493,-1,6,30,1,1,1,07:45,2,2,1
2023010420705,2023,010420705,1,1,1,1,31,6,3,0,0,0,0,0,3,-1,-1,-1,0,0.0,1.0,-1,3,40,1,1,1,08:13,4,2,3
2023131340858,2023,131340858,4,7,2,1,20,4,2,0,0,2,0,0,9,3,E01011090,6,1,1.0,0.0,-1,6,40,1,1,1,20:50,6,6,9
2023141353029,2023,141353029,1,1,1,1,70,10,3,0,0,0,0,0,9,2,E01007708,3,1,0.0,1.0,-1,1,30,1,1,1,16:30,6,2,9
2023501286206,2023,501286206,2,1,1,2,53,8,3,0,0,0,0,0,9,3,E01018993,3,1,0.0,1.0,-1,1,40,8,4,2,07:40,7,2,9
2023302300992,2023,302300992,2,1,1,1,36,7,3,0,0,0,0,0,21,5,E01019658,-1,0,0.05199,0.94801,-1,6,40,1,1,1,05:52,7,2,21
2023211392144,2023,211392144,1,3,3,2,58,9,2,6,9,0,0,0,0,7,E01029460,5,1,1.0,0.0,-1,6,40,1,4,2,20:43,1,3,9
2023010470978,2023,010470978,1,1,1,-1,27,6,3,0,0,0,0,0,3,3,E01003348,-1,0,0.0,1.0,-1,6,20,9,1,9,10:25,2,2,3
2023451316042,2023,451316042,2,1,1,1,58,9,2,0,0,0,0,0,5,10,E01030691,6,1,1.0,0.0,-1,3,70,1,1,1,17:00,4,2,5
2023201410391,2023,201410391,2,1,1,1,35,6,3,0,0,0,0,0,9,1,E01009132,3,1,0.0,1.0,-1,6,30,1,1,1,18:35,6,2,9
2023461318807,2023,461318807,2,1,1,2,32,6,3,0,0,0,0,0,9,9,E01016105,3,1,0.0,1.0,-1,6,50,1,4,1,17:27,1,2,9
2023061339517,2023,061339517,1,8,2,2,48,8,3,0,0,0,4,0,11,-1,-1,3,1,0.0,1.0,-1,6,30,1,1,1,12:35,3,1,11
2023101341272,2023,101341272,2,3,1,1,23,5,3,0,0,0,0,0,9,3,E01008298,3,1,0.0,1.0,-1,6,30,1,1,1,16:57,7,2,9
2023131387476,2023,131387476,1,1,1,1,21,5,3,0,0,0,0,0,9,1,E01010608,3,1,0.0,1.0,-1,6,30,1,4,2,00:01,4,2,9
2023501322071,2023,501322071,2,2,2,2,59,9,3,0,0,1,0,0,9,3,E01018869,3,1,0.0,1.0,-1,6,60,1,1,1,12:30,5,2,9
2023991391975,2023,991391975,2,3,1,1,25,5,3,0,0,0,0,0,9,8,-1,3,1,0.0,1.0,-1,3,70,1,6,2,21:10,7,4,9
2023430220951,2023,430220951,1,1,1,1,47,8,3,0,0,0,0,0,5,8,E01031196,-1,0,0.20397,0.79603,-1,1,60,1,1,1,11:09,7,1,5
2023421372531,2023,421372531,2,1,1,2,26,6,3,0,0,0,0,0,9,7,E01021981,3,1,0.0,1.0,-1,6,40,1,1,1,12:00,7,3,9
2023461295241,2023,461295241,1,5,2,2,79,11,3,0,0,1,0,0,9,2,E01016110,3,1,0.0,1.0,-1,1,70,1,1,1,13:45,3,4,9
2023501306051,2023,501306051,2,1,1,2,30,6,3,0,0,0,0,0,9,6,E01019920,3,1,0.0,1.0,-1,6,30,1,1,1,11:40,2,2,9
202363A015023,2023,63A015023,2,3,1,1,34,6,3,0,0,0,0,0,9,2,W01001141,-1,0,0.0381,0.9619,-1,3,70,2,1,2,10:28,2,3,9
2023131300386,2023,131300386,1,1,3,2,11,3,2,5,1,0,0,2,0,6,E01010594,7,1,1.0,0.0,-1,6,30,1,1,1,15:02,2,1,9
2023070376172,2023,070376172,1,1,1,2,22,5,3,0,0,0,0,0,9,8,E01012538,-1,0,0.02155,0.97845,-1,6,30,1,1,1,12:10,5,2,9
2023201296196,2023,201296196,1,1,1,2,43,7,3,0,0,0,0,0,9,2,E01009314,3,1,0.0,1.0,-1,6,30,1,1,1,08:47,4,2,9
2023411366811,2023,411366811,2,1,1,2,81,11,3,0,0,0,0,0,9,5,E01023661,3,1,0.0,1.0,-1,3,60,1,1,-1,09:15,6,2,9
2023010441473,2023,010441473,1,1,3,2,27,6,3,1,3,0,0,0,0,-1,-1,-1,0,0.0,1.0,-1,6,30,2,1,2,11:00,7,1,11
2023041373255,2023,041373255,1,1,3,1,33,6,3,8,7,0,0,0,0,1,E01025068,3,1,0.0,1.0,-1,6,20,4,4,2,22:35,6,1,9
2023221296555,2023,221296555,2,1,1,1,48,8,3,0,0,0,0,0,1,10,E01010386,3,1,0.0,1.0,-1,6,60,1,1,1,14:30,1,2,1
2023010446552,2023,010446552,1,1,1,1,23,5,3,0,0,0,0,0,2,7,E01001411,-1,0,0.0,1.0,-1,6,30,1,1,1,15:50,6,2,2
2023340WN4522,2023,340WN4522,1,1,1,1,31,6,3,0,0,0,0,0,5,8,E01027008,-1,0,0.22504,0.77496,-1,6,60,1,1,1,17:56,4,2,5
2023010473080,2023,010473080,2,1,1,2,33,6,3,0,0,0,0,0,9,7,E01000693,-1,0,0.0,1.0,-1,6,30,1,1,1,09:14,6,2,9
2023411330641,2023,411330641,2,2,2,2,19,4,3,0,0,2,0,0,9,10,E01004114,3,1,0.0,1.0,-1,6,40,1,6,1,21:52,1,2,9
2023501434194,2023,501434194,1,1,1,1,58,9,3,0,0,0,0,0,9,2,E01018868,3,1,0.0,1.0,-1,6,30,1,4,1,20:00,4,3,9
2023320532698,2023,320532698,1,1,2,2,67,10,3,0,0,1,0,0,9,2,E01008014,-1,0,0.06303,0.93697,-1,1,60,1,1,1,11:20,1,2,9
2023131348655,2023,131348655,2,1,1,1,23,5,3,0,0,0,0,0,1,7,E01011591,3,1,0.0,1.0,-1,9,40,1,1,2,15:35,3,2,1
2023010474524,2023,010474524,2,1,1,2,37,7,3,0,0,0,0,0,9,2,E01000739,-1,0,0.0,1.0,-1,6,30,1,1,2,10:45,7,2,9
2023070433380,2023,070433380,2,1,1,1,28,6,3,0,0,0,0,0,9,1,E01012526,-1,0,0.04299,0.95701,-1,6,30,1,1,1,21:00,1,2,9
2023122300455,2023,122300455,1,1,1,2,55,8,3,0,0,0,0,0,9,6,E01025132,-1,0,0.03065,0.96935,-1,6,60,2,6,2,19:28,6,2,9
2023141378824,2023,141378824,2,2,1,2,40,7,3,0,0,0,0,0,9,1,E01007472,3,1,0.0,1.0,-1,3,70,1,1,1,10:19,7,2,9
2023421277979,2023,421277979,1,1,2,2,16,4,3,0,0,2,0,0,9,7,E01021981,3,1,0.0,1.0,-1,6,60,1,6,1,21:34,6,1,9
2023122300863,2023,122300863,2,1,1,1,39,7,3,0,0,0,0,0,1,9,E01027845,-1,0,0.0832,0.9168,-1,6,30,1,1,1,16:50,5,2,1
2023421360280,2023,421360280,2,2,1,2,55,8,3,0,0,0,0,0,9,2,E01021697,3,1,0.0,1.0,-1,6,30,1,1,1,13:45,6,3,9
2023461337318,2023,461337318,3,2,1,2,56,9,2,0,0,0,0,0,9,-1,-1,7,1,1.0,0.0,-1,3,70,2,1,2,15:00,7,3,9
2023991259294,2023,991259294,1,1,1,1,20,4,2,0,0,0,0,0,9,5,-1,6,1,1.0,0.0,-1,6,60,4,4,2,03:45,4,1,9
2023451390822,2023,451390822,1,1,3,1,73,10,3,5,1,0,0,0,0,6,E01030631,3,1,0.0,1.0,-1,6,30,1,1,1,16:40,4,1,9
2023131299790,2023,131299790,1,1,1,1,20,4,3,0,0,0,0,0,9,1,E01010996,3,1,0.0,1.0,-1,3,30,1,4,1,20:18,7,2,9
2023411283519,2023,411283519,2,4,2,2,0,1,3,0,0,2,0,0,9,4,E01023774,3,1,0.0,1.0,-1,6,40,1,1,1,14:30,4,2,9
2023430078592,2023,430078592,2,2,2,2,57,9,3,0,0,1,0,0,9,9,E01016428,-1,0,0.12619,0.87381,-1,6,50,1,1,1,14:14,2,2,9
2023531370372,2023,531370372,1,1,2,1,26,6,3,0,0,1,0,0,9,4,E01022251,3,1,0.0,1.0,-1,6,60,1,1,1,11:26,4,1,9
2023430266590,2023,430266590,1,1,1,1,33,6,3,0,0,0,0,0,5,3,E01016336,-1,0,0.24775,0.75225,-1,7,60,1,1,1,13:33,7,1,5
2023010480378,2023,010480378,1,1,3,2,31,6,2,1,3,0,0,0,0,-1,-1,-1,0,1.0,0.0,-1,6,30,2,4,2,19:00,1,1,9
2023610015223,2023,610015223,1,1,3,2,8,2,3,5,3,0,0,0,0,1,W01001530,-1,0,0.18372,0.81628,-1,6,30,1,1,1,14:50,1,1,3
2023052302637,2023,052302637,2,1,1,1,22,5,3,0,0,0,0,0,1,3,E01007177,-1,0,0.07799,0.92201,-1,1,30,1,4,2,20:05,5,2,1
2023122301231,2023,122301231,2,1,1,1,44,7,3,0,0,0,0,0,9,8,E01020367,-1,0,0.04001,0.95999,-1,3,70,8,1,1,08:46,5,2,9
2023421367893,2023,421367893,2,2,1,1,53,8,3,0,0,0,0,0,9,5,E01002371,3,1,0.0,1.0,-1,7,70,2,4,2,06:20,7,3,9
2023471388417,2023,471388417,2,2,1,1,43,7,3,0,0,0,0,0,9,6,E01031586,3,1,0.0,1.0,-1,6,30,1,4,2,05:40,5,2,9
2023461380652,2023,461380652,1,1,3,2,72,10,2,1,1,0,0,0,0,8,E01024158,7,1,1.0,0.0,-1,6,30,1,1,1,10:40,3,1,9
2023430491027,2023,430491027,2,1,1,1,56,9,3,0,0,0,0,0,1,2,E01016363,-1,0,0.18161,0.81839,-1,1,60,1,1,2,07:13,4,2,1
2023451352623,2023,451352623,2,5,1,1,68,10,3,0,0,0,0,0,9,10,E01004196,3,1,0.0,1.0,-1,6,40,1,1,1,11:15,1,2,9
2023471291282,2023,471291282,2,1,1,2,27,6,3,0,0,0,0,0,9,4,E01031473,3,1,0.0,1.0,-1,6,20,2,1,2,08:02,6,2,9
2023010456404,2023,010456404,2,1,1,1,53,8,3,0,0,0,0,0,3,3,E01001981,-1,0,0.0,1.0,-1,6,30,1,1,1,16:35,5,2,3
2023010473369,2023,010473369,2,2,1,1,39,7,3,0,0,0,0,0,9,5,E01004451,-1,0,0.0,1.0,-1,6,20,1,1,1,07:19,1,2,9
2023201387529,2023,201387529,2,1,1,2,52,8,3,0,0,0,0,0,9,2,E01009100,3,1,0.0,1.0,-1,6,40,9,1,1,14:20,6,2,9
2023430478856,2023,430478856,1,1,1,2,58,9,3,0,0,0,0,0,9,5,E01016822,-1,0,0.05969,0.94031,-1,6,30,1,1,1,18:03,3,2,9
2023520300951,2023,520300951,1,1,1,1,43,7,3,0,0,0,0,0,9,6,E01029153,-1,0,0.00876,0.99124,-1,6,20,1,1,1,14:00,2,2,9
2023991289537,2023,991289537,2,1,1,1,29,6,3,0,0,0,0,0,9,-1,-1,3,1,0.0,1.0,-1,9,40,1,1,1,09:50,3,3,9
2023041394113,2023,041394113,1,1,2,2,25,5,3,0,0,1,0,0,9,-1,-1,3,1,0.0,1.0,-1,3,70,2,1,2,14:40,1,1,9
2023221330922,2023,221330922,1,2,2,1,33,6,2,0,0,1,0,0,9,-1,-1,5,1,1.0,0.0,-1,3,70,1,1,2,15:43,7,1,9
2023991368745,2023,991368745,2,1,2,1,8,2,3,0,0,1,0,0,9,1,-1,3,1,0.0,1.0,-1,6,30,9,1,1,15:20,5,2,9
2023010458066,2023,010458066,2,1,1,1,16,4,3,0,0,0,0,0,-1,2,E01000901,-1,0,0.0,1.0,-1,6,20,2,1,2,14:30,1,2,-1
2023440061326,2023,440061326,2,1,1,1,32,6,2,0,0,0,0,0,1,5,E01017282,-1,0,1.0,0.0,-1,7,30,1,1,1,12:30,2,2,1
2023131295836,2023,131295836,1,1,1,1,20,4,2,0,0,0,0,0,5,1,E01011107,7,1,1.0,0.0,-1,6,30,1,1,1,11:48,4,4,5
2023070957975,2023,070957975,1,1,1,1,27,6,2,0,0,0,0,0,9,-1,-1,-1,0,1.0,0.0,-1,6,30,9,4,1,03:11,3,3,9
2023311331180,2023,311331180,1,1,2,2,29,6,3,0,0,1,0,0,9,-1,-1,3,1,0.0,1.0,-1,6,30,1,1,1,17:44,4,2,9
2023311275876,2023,311275876,1,1,1,1,62,9,3,0,0,0,0,0,19,7,E01028370,3,1,0.0,1.0,-1,6,30,1,4,1,19:40,5,1,19
2023010455873,2023,010455873,1,1,2,2,42,7,3,0,0,0,3,0,11,5,E01002361,-1,0,0.0,1.0,-1,2,30,1,1,1,12:15,3,1,11
2023010469198,2023,010469198,1,2,2,2,-1,-1,3,0,0,2,0,0,9,8,E01004119,-1,0,0.0,1.0,-1,2,30,8,1,1,14:56,7,1,9
2023302300257,2023,302300257,2,1,1,2,36,7,3,0,0,0,0,0,9,3,E01028229,-1,0,0.07978,0.92022,-1,6,50,1,6,1,19:24,5,2,9
2023991346632,2023,991346632,1,1,1,2,75,10,2,0,0,0,0,0,9,-1,-1,6,1,1.0,0.0,-1,6,50,1,1,1,11:44,7,2,9
2023461363183,2023,461363183,1,1,1,1,69,10,1,0,0,0,0,0,1,-1,-1,1,1,0.0,0.0,-1,6,60,8,6,2,07:31,4,1,1
2023351298958,2023,351298958,1,1,2,2,8,2,3,0,0,1,0,0,9,1,E01015647,3,1,0.0,1.0,-1,3,70,2,1,2,17:00,4,2,9
2023501312347,2023,501312347,3,1,1,2,24,5,3,0,0,0,0,0,9,8,E01019908,3,1,0.0,1.0,-1,9,40,1,1,1,11:22,1,3,9
2023552300597,2023,552300597,1,2,1,1,20,4,3,0,0,0,0,0,9,6,E01020462,-1,0,0.10321,0.89679,-1,6,60,1,1,1,15:24,7,4,9
2023010457512,2023,010457512,1,1,1,1,29,6,3,0,0,0,0,0,3,4,E01000621,-1,0,0.0,1.0,-1,6,30,2,1,2,20:00,4,2,3
2023141316035,2023,141316035,2,1,1,1,46,8,3,0,0,0,0,0,9,4,E01007396,3,1,0.0,1.0,-1,6,60,1,1,1,14:57,4,2,9
2023351396833,2023,351396833,1,1,1,1,49,8,2,0,0,0,0,0,19,3,E01017978,5,1,1.0,0.0,-1,6,60,1,6,2,18:57,7,1,19
2023010437171,2023,010437171,2,2,1,1,30,6,3,0,0,0,0,0,9,4,E01002398,-1,0,0.0,1.0,-1,6,30,1,1,1,12:34,5,2,9
2023320402839,2023,320402839,1,1,1,1,29,6,2,0,0,0,0,0,9,10,E01026413,-1,0,1.0,0.0,-1,6,60,1,6,1,01:00,6,1,9
2023471367510,2023,471367510,1,1,1,1,63,9,3,0,0,0,0,0,9,10,E01016930,3,1,0.0,1.0,-1,6,30,1,1,2,10:30,5,2,9
2023010477787,2023,010477787,1,1,3,2,46,8,2,9,5,0,0,0,0,6,E01002128,-1,0,1.0,0.0,-1,6,30,1,4,2,20:05,2,1,9
2023461379958,2023,461379958,2,1,1,2,56,9,2,0,0,0,0,0,1,6,E01024084,6,1,1.0,0.0,-1,6,30,1,1,1,21:44,7,3,1
2023481368788,2023,481368788,1,1,2,2,39,7,3,0,0,2,0,0,8,-1,-1,3,1,0.0,1.0,-1,6,20,1,1,1,09:10,4,2,8
2023041314661,2023,041314661,2,1,1,2,30,6,3,0,0,0,0,0,9,1,E01012594,3,1,0.0,1.0,-1,6,30,1,4,1,00:30,1,2,9
2023122301000,2023,122301000,2,2,1,1,42,7,3,0,0,0,0,0,9,10,E01013439,-1,0,0.04777,0.95223,-1,6,40,8,1,2,16:55,4,2,9
2023221289059,2023,221289059,2,1,1,2,48,8,3,0,0,0,0,0,9,5,E01014032,3,1,0.0,1.0,-1,6,30,1,1,1,08:40,5,2,9
2023411355230,2023,411355230,2,1,1,1,51,8,2,0,0,0,0,0,9,7,E01023888,7,1,1.0,0.0,-1,3,30,1,4,1,21:20,7,2,9
2023231283469,2023,231283469,2,2,2,1,42,7,3,0,0,0,0,0,19,1,E01010148,3,1,0.0,1.0,-1,6,30,1,1,1,11:40,4,2,19
2023320376095,2023,320376095,2,1,1,1,19,4,3,0,0,0,0,0,19,8,E01028035,-1,0,0.04414,0.95586,-1,6,30,1,1,1,11:50,2,3,19
2023010437539,2023,010437539,1,3,2,1,18,4,3,0,0,1,0,0,9,7,E01003643,-1,0,0.0,1.0,-1,3,70,2,4,2,21:50,6,1,9
2023061323807,2023,061323807,2,3,2,1,27,6,2,0,0,1,0,0,9,4,E01005331,5,1,1.0,0.0,-1,6,30,1,1,1,18:37,4,2,9
2023201443033,2023,201443033,2,3,2,2,45,7,2,0,0,-1,0,0,9,2,E01009573,5,1,1.0,0.0,-1,3,30,1,1,1,15:14,4,2,9
2023401289450,2023,401289450,1,1,2,1,14,3,3,0,0,2,0,0,9,5,E01017586,3,1,0.0,1.0,-1,6,40,1,1,1,10:27,5,2,9
2023411406801,2023,411406801,3,3,2,2,72,10,2,0,0,1,0,0,9,7,E01001537,6,1,1.0,0.0,-1,3,70,1,1,1,13:25,3,6,9
2023010421109,2023,010421109,1,2,2,1,26,6,3,0,0,1,0,0,9,3,E01003686,-1,0,0.0,1.0,-1,3,50,2,4,2,18:05,5,2,9
2023010465016,2023,010465016,1,2,2,2,29,6,3,0,0,1,0,0,9,3,E01003532,-1,0,0.0,1.0,-1,9,30,1,5,9,19:37,7,2,9
2023231319099,2023,231319099,1,2,2,2,40,7,3,0,0,1,0,0,9,6,E01025646,3,1,0.0,1.0,-1,6,60,1,7,1,01:00,2,1,9
2023371388347,2023,371388347,1,1,1,2,74,10,3,0,0,0,0,0,9,7,E01029911,3,1,0.0,1.0,-1,6,30,1,1,5,13:30,5,1,9
2023501299345,2023,501299345,2,3,2,2,81,11,2,0,0,2,0,0,9,8,E01010333,5,1,1.0,0.0,-1,6,60,1,1,1,09:05,6,3,9
2023311381472,2023,311381472,1,1,2,1,59,9,3,0,0,0,2,0,11,-1,-1,3,1,0.0,1.0,-1,2,30,8,1,2,13:30,3,1,11
2023010424171,2023,010424171,1,1,3,2,46,8,2,2,1,0,0,0,0,2,E01003498,-1,0,1.0,0.0,-1,3,20,8,1,1,08:00,2,1,97
2023461273195,2023,461273195,2,1,1,1,20,4,3,0,0,0,0,0,2,2,E01016018,3,1,0.0,1.0,-1,6,30,1,1,1,14:30,4,2,2
2023545071323,2023,545071323,1,1,1,1,18,4,3,0,0,0,0,0,3,6,E01020443,-1,0,0.06893,0.93107,-1,6,50,1,1,1,15:00,4,2,3
2023471362051,2023,471362051,2,1,1,2,37,7,2,0,0,0,0,0,5,9,E01020945,6,1,1.0,0.0,-1,6,60,2,1,2,09:12,5,2,5
2023471292654,2023,471292654,1,1,3,1,11,3,3,5,1,0,0,0,0,10,E01021217,3,1,0.0,1.0,-1,6,30,1,1,1,17:48,4,1,9
2023010431047,2023,010431047,1,1,1,-1,54,8,3,0,0,0,0,0,3,2,E01000482,-1,0,0.0,1.0,-1,6,20,9,1,9,09:00,2,2,3
2023201395616,2023,201395616,2,1,1,2,50,8,3,0,0,0,0,0,9,3,E01009604,3,1,0.0,1.0,-1,3,40,1,1,1,12:13,7,3,9
2023221284016,2023,221284016,2,1,1,2,37,7,3,0,0,0,0,0,9,2,E01028967,3,1,0.0,1.0,-1,6,30,1,1,1,14:38,2,2,9
2023302301134,2023,302301134,1,1,1,1,23,5,2,0,0,0,0,0,5,1,E01019488,-1,0,1.0,0.0,-1,6,50,1,1,1,04:55,2,1,5
2023201370261,2023,201370261,2,1,1,1,36,7,3,0,0,0,0,0,9,2,E01009414,3,1,0.0,1.0,-1,6,30,2,4,2,21:00,2,2,9
2023161352659,2023,161352659,1,1,1,1,13,3,3,0,0,0,0,0,1,1,E01013204,3,1,0.0,1.0,-1,6,30,1,1,1,08:20,5,2,1
2023461351440,2023,461351440,2,1,1,1,26,6,3,0,0,0,0,0,3,4,E01024561,3,1,0.0,1.0,-1,6,30,2,1,2,17:03,5,2,3
2023430265493,2023,430265493,2,2,1,2,58,9,2,0,0,0,0,0,9,4,E01016705,-1,0,1.0,0.0,-1,6,30,1,1,1,18:54,6,2,9
2023461339204,2023,461339204,1,1,1,2,34,6,3,0,0,0,0,0,9,6,E01024127,3,1,0.0,1.0,-1,6,30,1,6,1,22:26,3,1,9
2023010481354,2023,010481354,1,1,2,2,11,3,3,0,0,0,3,0,11,4,E01004525,-1,0,0.0,1.0,-1,6,20,1,4,1,15:27,6,1,11
2023010469587,2023,010469587,1,1,3,1,70,10,2,4,3,0,0,0,0,2,E01001760,-1,0,1.0,0.0,-1,6,20,1,5,2,21:30,2,1,9
2023481380380,2023,481380380,1,1,3,2,59,9,3,5,1,0,0,0,0,-1,-1,3,1,0.0,1.0,-1,6,20,1,4,1,05:20,4,1,20
2023010436918,2023,010436918,1,1,1,1,35,6,3,0,0,0,0,0,1,6,E01004372,-1,0,0.0,1.0,-1,6,20,2,1,2,17:55,3,2,1
2023320725604,2023,320725604,1,2,1,2,86,11,3,0,0,0,0,0,9,-1,-1,-1,0,0.1318,0.8682,-1,6,60,2,4,2,17:00,5,2,9
2023332301269,2023,332301269,1,2,2,2,54,8,3,0,0,1,0,0,9,9,E01025979,-1,0,0.00276,0.99724,-1,3,70,2,5,2,07:02,3,2,9
2023430351229,2023,430351229,1,1,1,1,59,9,3,0,0,0,0,0,9,4,E01017902,-1,0,0.1217,0.8783,-1,6,30,1,1,1,13:49,2,1,9
2023451352281,2023,451352281,1,2,3,2,74,10,2,10,7,0,0,0,0,8,E01030611,7,1,1.0,0.0,-1,6,30,1,1,1,08:47,6,1,9
2023010442777,2023,010442777,1,1,1,1,20,4,3,0,0,0,0,0,3,2,E01002969,-1,0,0.0,1.0,-1,3,30,1,1,1,18:20,6,2,3
2023461317469,2023,461317469,3,1,1,1,28,6,3,0,0,0,0,0,3,4,E01000066,3,1,0.0,1.0,-1,3,70,1,1,1,17:15,6,3,3
2023522324393,2023,522324393,3,1,1,1,63,9,3,0,0,0,0,0,4,3,E01014942,-1,0,0.16036,0.83964,-1,6,40,1,4,1,20:54,5,3,4
2023371435313,2023,371435313,1,1,1,1,28,6,3,0,0,0,0,0,5,6,E01026616,3,1,0.0,1.0,-1,6,60,1,6,1,18:30,7,2,5
2023010464358,2023,010464358,1,2,2,-1,-1,-1,3,0,0,1,0,0,9,6,E01000581,-1,0,0.0,1.0,-1,6,20,8,1,1,15:45,1,2,9
2023061376384,2023,061376384,1,2,1,1,27,6,2,0,0,0,0,0,9,-1,-1,5,1,1.0,0.0,-1,6,30,1,4,2,21:26,1,3,9
2023351344996,2023,351344996,2,2,2,1,13,3,3,0,0,1,0,0,9,10,E01018237,3,1,0.0,1.0,-1,6,30,1,1,1,13:38,4,2,9
2023522400569,2023,522400569,2,1,1,1,57,9,3,0,0,0,0,0,98,6,E01014813,-1,0,0.11469,0.88531,-1,6,60,2,6,1,11:03,2,2,98
2023320401891,2023,320401891,1,1,1,1,58,9,2,0,0,0,0,0,9,3,E01026317,-1,0,1.0,0.0,-1,6,60,1,1,1,08:00,6,1,9
2023411359785,2023,411359785,2,1,1,1,60,9,3,0,0,0,0,0,9,7,E01023450,3,1,0.0,1.0,-1,6,30,1,1,1,09:30,2,2,9
2023430102354,2023,430102354,1,1,1,2,77,11,3,0,0,0,0,0,9,8,E01028510,-1,0,0.05095,0.94905,-1,6,30,1,1,1,09:26,3,2,9
2023531304512,2023,531304512,1,2,2,2,39,7,3,0,0,1,0,0,9,8,E01016711,3,1,0.0,1.0,-1,6,40,1,1,2,16:25,6,2,9
2023631326328,2023,631326328,1,1,1,1,58,9,2,0,0,0,0,0,5,9,W01000493,6,1,1.0,0.0,-1,6,60,1,1,1,15:57,4,2,5
2023041352407,2023,041352407,3,2,1,2,42,7,3,0,0,0,0,0,9,10,E01025532,3,1,0.0,1.0,-1,6,30,2,1,2,08:55,5,3,9
2023201379957,2023,201379957,2,2,1,1,52,8,3,0,0,0,0,0,9,6,E01010519,3,1,0.0,1.0,-1,6,30,1,7,1,15:37,7,5,9
2023332300113,2023,332300113,1,1,1,2,34,6,3,0,0,0,0,0,9,9,E01025913,-1,0,0.02921,0.97079,-1,6,60,8,1,4,09:00,3,1,9
2023361271645,2023,361271645,2,1,1,1,69,10,2,0,0,0,0,0,4,9,E01026938,6,1,1.0,0.0,-1,6,30,1,1,1,13:59,5,2,4
2023010427556,2023,010427556,1,1,1,1,44,7,3,0,0,0,0,0,9,3,E01000502,-1,0,0.0,1.0,-1,3,50,1,1,1,12:45,5,2,9
2023421382737,2023,421382737,2,2,2,1,32,6,3,0,0,1,0,0,9,-1,-1,3,1,0.0,1.0,-1,6,30,2,4,2,16:10,2,3,9
2023440185244,2023,440185244,2,1,1,1,31,6,3,0,0,0,0,0,9,5,E01017126,-1,0,0.04765,0.95235,-1,6,50,1,1,1,15:07,5,2,9
2023061302530,2023,061302530,1,1,3,1,43,7,3,5,1,0,0,0,0,-1,-1,3,1,0.0,1.0,-1,6,30,1,4,2,22:36,1,1,9
2023461315202,2023,461315202,1,1,3,1,38,7,3,5,1,0,0,2,0,7,E01024844,3,1,0.0,1.0,-1,6,30,1,1,1,18:17,4,1,19
2023501290211,2023,501290211,2,1,1,2,56,9,3,0,0,0,0,0,1,4,E01015177,3,1,0.0,1.0,-1,6,30,1,1,1,09:55,3,2,1
2023401348303,2023,401348303,3,1,1,1,26,6,3,0,0,0,0,0,5,4,E01017487,3,1,0.0,1.0,-1,6,60,1,1,1,15:30,6,3,5