collision_index,collision_year,collision_ref_no,vehicle_reference,casualty_reference,casualty_class,sex_of_casualty,age_of_casualty,age_band_of_casualty,casualty_severity,pedestrian_location,pedestrian_movement,car_passenger,bus_or_coach_passenger,pedestrian_road_maintenance_worker,casualty_type,casualty_imd_decile,lsoa_of_casualty,enhanced_casualty_severity,casualty_injury_based,casualty_adjusted_severity_serious,casualty_adjusted_severity_slight,casualty_distance_banding,road_type,speed_limit,weather_conditions,light_conditions,road_surface_conditions,time,day_of_week,number_of_vehicles,vehicle_type
2023440207548,2023,440207548,1,1,1,1,80,11,3,0,0,0,0,0,9,1,E01017281,-1,0,0.13651,0.86349,-1,6,30,1,4,1,20:53,5,1,9
2023451384845,2023,451384845,2,1,1,2,33,6,3,0,0,0,0,0,9,5,E01030493,3,1,0.0,1.0,-1,6,30,1,1,2,12:00,6,2,9
2023622301033,2023,622301033,1,3,2,2,38,7,3,0,0,1,0,0,9,1,W01001292,-1,0,0.02653,0.97347,-1,6,30,2,4,2,21:36,6,2,9
2023461367528,2023,461367528,1,1,1,1,23,5,3,0,0,0,0,0,19,-1,-1,3,1,0.0,1.0,-1,3,70,1,1,1,08:43,5,3,19
2023991384531,2023,991384531,2,1,2,1,35,6,3,0,0,0,0,0,19,1,-1,3,1,0.0,1.0,-1,3,70,2,1,2,14:11,6,3,19
2023010455043,2023,010455043,1,1,3,2,39,7,3,9,9,0,0,0,0,4,E01001514,-1,0,0.0,1.0,-1,7,20,8,1,1,12:44,5,1,9
2023010482053,2023,010482053,1,1,1,2,25,5,3,0,0,0,0,0,3,7,E01003395,-1,0,0.0,1.0,-1,9,30,1,1,1,12:15,5,2,3
2023101378768,2023,101378768,1,3,2,1,17,4,3,0,0,2,0,0,3,-1,-1,3,1,0.0,1.0,-1,7,60,1,4,1,05:27,7,1,3
2023201304052,2023,201304052,1,1,1,1,24,5,3,0,0,0,0,0,9,1,E01009026,3,1,0.0,1.0,-1,1,30,1,4,1,04:32,7,1,9
2023501341843,2023,501341843,2,1,1,2,54,8,3,0,0,0,0,0,9,5,E01018912,3,1,0.0,1.0,-1,3,30,2,1,2,15:30,2,2,9
2023520300826,2023,520300826,1,1,1,1,22,5,3,0,0,0,0,0,9,5,E01032113,-1,0,0.07329,0.92671,-1,6,60,1,6,2,19:15,5,2,9
202354B392823,2023,54B392823,2,2,1,1,59,9,3,0,0,0,0,0,9,9,E01031995,-1,0,0.02474,0.97526,-1,6,60,1,1,2,16:02,6,3,9
2023311333568,2023,311333568,1,1,1,2,24,5,3,0,0,0,0,0,9,1,E01013867,3,1,0.0,1.0,-1,6,30,1,1,1,17:32,6,3,9
2023471393346,2023,471393346,2,1,1,2,40,7,2,0,0,0,0,0,9,3,E01031556,7,1,1.0,0.0,-1,6,60,1,1,2,15:00,6,2,9
2023131288295,2023,131288295,1,1,3,2,14,3,3,5,1,0,0,2,0,1,E01011616,3,1,0.0,1.0,-1,2,30,1,1,1,08:00,6,1,19
2023010464363,2023,010464363,3,2,1,2,34,6,3,0,0,0,0,0,9,7,E01002154,-1,0,0.0,1.0,-1,6,30,1,1,1,13:50,4,3,9
2023010478867,2023,010478867,1,1,1,1,48,8,3,0,0,0,0,0,9,2,E01002053,-1,0,0.0,1.0,-1,6,20,1,4,2,02:18,1,2,9
2023070407777,2023,070407777,2,1,2,2,55,8,3,0,0,2,0,0,9,9,E01029258,-1,0,0.01502,0.98498,-1,3,40,1,1,1,13:06,1,2,9
2023411324429,2023,411324429,3,4,2,2,9,2,3,0,0,-1,0,0,9,6,E01023494,3,1,0.0,1.0,-1,6,50,1,1,1,16:07,5,3,9
2023547717823,2023,547717823,1,1,1,2,35,6,3,0,0,0,0,0,9,8,E01031900,-1,0,0.06294,0.93706,-1,1,50,2,1,2,17:04,7,1,9
2023041341242,2023,041341242,2,5,1,1,70,10,3,0,0,0,0,0,9,9,E01025281,3,1,0.0,1.0,-1,3,70,1,1,1,16:50,6,3,9
2023221278671,2023,221278671,2,1,1,1,46,8,3,0,0,0,0,0,9,4,E01009856,3,1,0.0,1.0,-1,6,60,1,6,1,19:08,6,2,9
2023430013079,2023,430013079,1,2,2,1,37,7,3,0,0,1,0,0,9,5,E01016768,-1,0,0.1862,0.8138,-1,6,60,1,6,2,00:29,3,1,9
2023430553672,2023,430553672,1,1,2,1,62,9,3,0,0,1,0,0,9,5,E01023705,-1,0,0.06559,0.93441,-1,6,30,1,4,2,16:41,1,2,9
2023351390442,2023,351390442,1,1,1,1,17,4,2,0,0,0,0,0,4,7,E01015683,7,1,1.0,0.0,-1,6,40,1,4,2,20:11,2,2,4
2023201375887,2023,201375887,1,1,2,2,45,7,3,0,0,2,0,0,8,2,E01009872,3,1,0.0,1.0,-1,6,30,1,1,1,07:47,1,2,8
2023131280319,2023,131280319,1,2,2,1,36,7,3,0,0,1,0,0,9,3,E01011936,3,1,0.0,1.0,-1,6,30,1,4,1,05:20,7,2,9
2023231352373,2023,231352373,2,3,2,2,76,11,2,0,0,1,0,0,9,9,E01031219,6,1,1.0,0.0,-1,6,40,1,1,1,13:00,4,5,9
2023141351518,2023,141351518,1,3,2,2,6,2,3,0,0,-1,0,0,9,6,E01011228,3,1,0.0,1.0,-1,6,30,1,1,1,19:00,1,2,9
2023430434345,2023,430434345,2,1,1,1,79,11,3,0,0,0,0,0,9,-1,-1,-1,0,0.0674,0.9326,-1,6,30,1,1,1,17:18,4,2,9
2023122300546,2023,122300546,2,1,1,1,57,9,3,0,0,0,0,0,1,9,E01027652,-1,0,0.04658,0.95342,-1,6,30,1,1,1,13:30,7,2,1
2023061397034,2023,061397034,2,1,1,2,46,8,3,0,0,0,0,0,9,6,E01005454,3,1,0.0,1.0,-1,6,30,1,1,1,05:05,4,2,9
2023010479736,2023,010479736,1,1,1,2,32,6,3,0,0,0,0,0,1,4,E01003231,-1,0,0.0,1.0,-1,6,30,1,1,1,12:45,4,2,1
2023471381955,2023,471381955,2,2,1,1,34,6,3,0,0,0,0,0,9,2,E01020925,3,1,0.0,1.0,-1,6,30,1,1,1,11:50,3,2,9
2023991322298,2023,991322298,1,1,3,1,88,11,2,1,1,0,0,0,0,10,-1,7,1,1.0,0.0,-1,6,20,1,1,1,13:30,7,1,9
2023010486358,2023,010486358,1,1,1,1,60,9,3,0,0,0,0,0,1,7,E01002578,-1,0,0.0,1.0,-1,6,20,1,4,1,07:35,5,2,1
2023010430120,2023,010430120,1,1,1,1,22,5,3,0,0,0,0,0,9,3,E01001267,-1,0,0.0,1.0,-1,6,20,1,4,1,20:45,5,3,9
2023141263440,2023,141263440,1,1,1,2,28,6,3,0,0,0,0,0,9,2,E01007395,3,1,0.0,1.0,-1,6,30,2,1,2,13:30,6,2,9
2023531367493,2023,531367493,3,3,2,2,9,2,3,0,0,2,0,0,9,2,E01014458,3,1,0.0,1.0,-1,3,40,4,4,1,18:40,4,3,9
2023471353393,2023,471353393,1,1,1,1,32,6,2,0,0,0,0,0,-1,5,E01031385,5,1,1.0,0.0,-1,6,30,1,1,1,17:55,6,1,-1
2023991388810,2023,991388810,1,1,3,1,72,10,3,5,3,0,0,0,0,3,-1,3,1,0.0,1.0,-1,6,20,1,4,2,16:39,6,1,9
2023141292463,2023,141292463,2,1,1,2,36,7,2,0,0,0,0,0,9,4,E01007415,7,1,1.0,0.0,-1,3,30,2,1,2,10:55,6,2,9
2023141348759,2023,141348759,1,2,2,2,26,6,3,0,0,1,0,0,9,2,E01011790,3,1,0.0,1.0,-1,6,30,1,1,1,15:00,1,2,9
2023351359410,2023,351359410,2,1,1,2,19,4,3,0,0,0,0,0,9,9,E01018119,3,1,0.0,1.0,-1,3,50,1,1,1,20:30,7,2,9
2023361288203,2023,361288203,1,1,1,2,57,9,3,0,0,0,0,0,9,5,E01030185,3,1,0.0,1.0,-1,3,70,2,1,2,16:10,7,1,9
2023401295775,2023,401295775,1,1,1,1,22,5,3,0,0,0,0,0,9,2,E01015737,3,1,0.0,1.0,-1,3,70,2,1,2,09:55,1,2,9
2023991381451,2023,991381451,1,1,1,1,38,7,3,0,0,0,0,0,9,3,E01011139,3,1,0.0,1.0,-1,6,60,1,6,2,23:02,5,1,9
2023211353330,2023,211353330,4,2,2,2,46,8,3,0,0,0,0,0,19,2,E01010500,3,1,0.0,1.0,-1,6,60,1,1,1,16:40,1,4,19
2023061316171,2023,061316171,2,1,1,1,46,8,3,0,0,0,0,0,9,1,E01005228,3,1,0.0,1.0,-1,6,30,1,1,1,12:15,4,2,9
2023361293305,2023,361293305,1,1,1,1,50,8,2,0,0,0,0,0,9,4,E01028252,7,1,1.0,0.0,-1,6,30,1,1,1,13:07,2,1,9
2023332300725,2023,332300725,2,2,1,1,62,9,3,0,0,0,0,0,19,9,E01010515,-1,0,0.03384,0.96616,-1,6,50,1,1,1,13:00,5,2,19
2023070849144,2023,070849144,1,1,1,1,16,4,3,0,0,0,0,0,2,8,E01018703,-1,0,0.14152,0.85848,-1,6,30,1,1,1,16:42,4,3,2
202354A490123,2023,54A490123,1,1,1,1,58,9,2,0,0,0,0,0,5,6,E01031845,-1,0,1.0,0.0,-1,6,50,1,1,1,09:29,3,3,5
2023101282582,2023,101282582,2,2,2,1,15,3,3,0,0,1,0,0,9,5,E01008410,3,1,0.0,1.0,-1,6,30,2,1,2,15:30,3,2,9
2023141380517,2023,141380517,1,1,2,1,77,11,2,0,0,0,0,0,9,7,E01008135,6,1,1.0,0.0,-1,6,30,1,1,1,13:20,4,2,9
2023170H10213,2023,170H10213,1,4,2,1,4,1,3,0,0,2,0,0,9,1,E01011950,-1,0,0.0366,0.9634,-1,1,30,1,4,1,21:09,6,2,9
2023991287654,2023,991287654,1,1,3,1,13,3,3,4,1,0,0,0,0,6,-1,3,1,0.0,1.0,-1,6,20,3,1,2,15:00,3,1,9
2023201277104,2023,201277104,2,1,1,1,31,6,3,0,0,0,0,0,1,1,E01009147,3,1,0.0,1.0,-1,1,30,2,4,2,16:30,7,2,1
2023311302061,2023,311302061,1,1,1,1,17,4,3,0,0,0,0,0,1,1,E01013851,3,1,0.0,1.0,-1,6,30,1,1,2,16:10,5,2,1
2023010424118,2023,010424118,1,1,1,1,28,6,3,0,0,0,0,0,9,2,E01001710,-1,0,0.0,1.0,-1,6,20,1,7,1,02:38,1,1,9
2023070901752,2023,070901752,2,1,1,1,59,9,3,0,0,0,0,0,9,8,E01012565,-1,0,0.05606,0.94394,-1,6,40,1,1,1,15:12,3,2,9
2023411337807,2023,411337807,2,1,1,1,52,8,3,0,0,0,0,0,9,5,E01023796,3,1,0.0,1.0,-1,3,40,1,1,1,18:45,3,2,9
2023522300699,2023,522300699,2,3,2,1,6,2,3,0,0,2,0,0,9,2,E01014828,-1,0,0.01026,0.98974,-1,6,30,1,4,1,20:10,3,3,9
2023141292616,2023,141292616,1,1,3,1,40,7,2,1,1,0,0,0,0,-1,-1,7,1,1.0,0.0,-1,3,40,1,4,2,20:32,5,1,9
2023411270771,2023,411270771,1,1,3,1,11,3,3,4,9,0,0,-1,0,8,E01023481,3,1,0.0,1.0,-1,6,30,1,1,2,07:55,2,1,9
2023991311407,2023,991311407,1,1,3,1,14,3,3,1,1,0,0,2,0,2,-1,3,1,0.0,1.0,-1,6,40,1,1,1,08:57,5,1,9
2023010459855,2023,010459855,1,2,2,-1,0,1,3,0,0,2,0,0,9,5,E01003018,-1,0,0.0,1.0,-1,9,20,1,1,1,14:31,4,2,9
2023201376362,2023,201376362,2,1,1,2,52,8,3,0,0,0,0,0,9,1,E01009996,3,1,0.0,1.0,-1,6,30,2,1,2,12:05,3,2,9
2023451341629,2023,451341629,1,1,1,2,24,5,3,0,0,0,0,0,9,10,E01030635,3,1,0.0,1.0,-1,6,30,1,1,1,17:22,2,2,9
2023991298141,2023,991298141,1,1,1,1,18,4,3,0,0,0,0,0,9,5,-1,3,1,0.0,1.0,-1,6,60,1,6,1,22:52,3,1,9
2023010426510,2023,010426510,1,1,1,1,29,6,3,0,0,0,0,0,3,5,E01033741,-1,0,0.0,1.0,-1,3,20,1,1,1,14:52,6,2,3
2023010479857,2023,010479857,1,1,1,2,40,7,3,0,0,0,0,0,9,4,E01001613,-1,0,0.0,1.0,-1,6,30,1,1,1,09:30,6,2,9
2023101303785,2023,101303785,1,3,2,1,39,7,3,0,0,1,0,0,9,-1,-1,3,1,0.0,1.0,-1,1,30,1,1,1,12:20,3,2,9
2023461323996,2023,461323996,2,1,1,2,33,6,3,0,0,0,0,0,9,6,E01024571,3,1,0.0,1.0,-1,1,30,1,1,1,07:50,7,2,9
2023461378112,2023,461378112,1,1,1,1,66,10,2,0,0,0,0,0,9,3,E01024508,6,1,1.0,0.0,-1,6,30,1,1,1,12:05,5,2,9
2023622300495,2023,622300495,1,1,3,1,9,2,3,5,2,0,0,0,0,2,W01001766,-1,0,0.10247,0.89753,-1,6,20,1,1,1,15:13,5,1,4
2023010476747,2023,010476747,1,1,1,2,42,7,3,0,0,0,0,0,9,8,E01002193,-1,0,0.0,1.0,-1,6,30,1,1,1,15:30,4,2,9
2023071055812,2023,071055812,2,2,1,1,62,9,2,0,0,0,0,0,9,8,E01018348,-1,0,1.0,0.0,-1,3,70,1,6,1,21:50,4,2,9
2023141266027,2023,141266027,1,1,3,2,16,4,3,8,9,0,0,0,0,-1,-1,3,1,0.0,1.0,-1,6,20,1,1,4,09:05,6,1,9
2023010474556,2023,010474556,3,1,1,1,24,5,3,0,0,0,0,0,1,-1,-1,-1,0,0.0,1.0,-1,2,20,1,1,2,16:39,7,5,1
2023552300422,2023,552300422,2,1,2,2,15,3,3,0,0,1,0,0,9,6,E01023028,-1,0,0.01323,0.98677,-1,3,50,1,1,1,09:24,5,2,9
2023010428457,2023,010428457,1,1,3,1,-1,-1,2,10,9,0,0,0,0,2,E01004242,-1,0,1.0,0.0,-1,6,20,1,4,1,18:10,3,1,1
2023010485668,2023,010485668,1,1,3,2,47,8,3,1,1,0,0,0,0,1,E01001732,-1,0,0.0,1.0,-1,6,20,9,1,9,09:05,5,1,9
2023201391666,2023,201391666,1,1,3,1,48,8,3,6,5,0,0,0,0,5,E01009230,3,1,0.0,1.0,-1,6,30,1,4,1,18:20,4,1,8
2023311325425,2023,311325425,2,1,1,2,50,8,3,0,0,0,0,0,9,5,E01013831,3,1,0.0,1.0,-1,7,40,1,1,1,13:08,7,2,9
2023440135509,2023,440135509,2,1,1,2,58,9,3,0,0,0,0,0,9,3,E01022670,-1,0,0.05349,0.94651,-1,6,30,1,1,1,08:54,5,2,9
2023471368102,2023,471368102,2,1,1,1,51,8,2,0,0,0,0,0,9,6,E01031831,5,1,1.0,0.0,-1,6,30,2,4,2,02:40,1,2,9
2023131327493,2023,131327493,1,1,1,1,34,6,3,0,0,0,0,0,9,1,E01011133,3,1,0.0,1.0,-1,6,30,1,1,1,12:40,1,2,9
2023201411507,2023,201411507,1,1,1,1,32,6,3,0,0,0,0,0,9,2,E01009029,3,1,0.0,1.0,-1,1,30,2,4,2,01:03,6,2,9
2023221354788,2023,221354788,1,1,2,2,16,4,3,0,0,1,0,0,9,4,E01028841,3,1,0.0,1.0,-1,6,60,1,1,1,15:08,1,1,9
2023201382431,2023,201382431,1,1,3,1,9,2,3,5,3,0,0,0,0,3,E01009599,3,1,0.0,1.0,-1,6,30,1,1,1,15:20,5,1,9
2023010477557,2023,010477557,1,1,2,2,29,6,2,0,0,1,0,0,9,4,E01003666,-1,0,1.0,0.0,-1,6,20,1,4,1,01:40,4,1,9
2023332300028,2023,332300028,1,1,1,1,42,7,3,0,0,0,0,0,9,8,E01013712,-1,0,0.03361,0.96639,-1,6,30,2,4,2,17:15,4,5,9
2023461366003,2023,461366003,2,1,2,2,9,2,3,0,0,2,0,0,9,6,E01024360,3,1,0.0,1.0,-1,6,40,2,1,2,14:35,7,2,9
2023010472292,2023,010472292,1,1,1,1,45,7,3,0,0,0,0,0,1,7,E01003270,-1,0,0.0,1.0,-1,1,30,1,4,1,19:19,3,2,1
2023010473125,2023,010473125,1,1,1,1,21,5,3,0,0,0,0,0,3,4,E01003344,-1,0,0.0,1.0,-1,9,20,1,1,2,14:13,6,2,3
2023041278971,2023,041278971,1,1,1,1,21,5,3,0,0,0,0,0,9,7,E01025003,3,1,0.0,1.0,-1,6,20,1,1,1,16:59,3,2,9
2023520301162,2023,520301162,3,4,2,1,20,4,3,0,0,1,0,0,9,3,E01015357,-1,0,0.03414,0.96586,-1,6,50,1,1,1,10:07,5,3,9
2023991321027,2023,991321027,2,2,1,1,66,10,2,0,0,0,0,0,9,9,-1,7,1,1.0,0.0,-1,6,20,8,1,1,20:20,7,2,9
2023622300155,2023,622300155,2,2,1,1,33,6,3,0,0,0,0,0,19,10,W01001915,-1,0,0.03713,0.96287,-1,6,60,1,6,2,18:24,6,2,19
2023131272996,2023,131272996,2,2,1,1,33,6,3,0,0,0,0,0,9,4,E01011799,3,1,0.0,1.0,-1,6,30,1,1,1,15:17,2,2,9
2023141387931,2023,141387931,1,1,1,1,34,6,2,0,0,0,0,0,9,1,E01007406,5,1,1.0,0.0,-1,6,30,1,4,1,22:58,3,1,9
2023010443858,2023,010443858,2,1,1,2,22,5,3,0,0,0,0,0,1,2,E01002784,-1,0,0.0,1.0,-1,3,20,1,1,1,10:16,6,2,1
2023010480259,2023,010480259,1,1,1,2,31,6,3,0,0,0,0,0,1,2,E01003253,-1,0,0.0,1.0,-1,6,30,1,4,1,17:15,7,2,1
2023131350707,2023,131350707,1,2,2,1,7,2,2,0,0,1,0,0,9,8,E01011886,6,1,1.0,0.0,-1,6,30,1,1,1,12:00,7,2,9
2023320219681,2023,320219681,1,2,1,2,18,4,3,0,0,0,0,0,9,6,E01026047,-1,0,0.08313,0.91687,-1,6,60,5,1,2,18:35,4,1,9
2023010452195,2023,010452195,1,2,2,1,11,3,3,0,0,1,0,0,9,3,E01000336,-1,0,0.0,1.0,-1,6,30,1,1,1,11:05,5,1,9
2023201286626,2023,201286626,2,1,1,1,57,9,3,0,0,0,0,0,9,9,E01017914,3,1,0.0,1.0,-1,3,30,1,1,1,14:06,3,3,9
2023411325807,2023,411325807,1,1,1,1,74,10,2,0,0,0,0,0,9,9,E01023553,6,1,1.0,0.0,-1,6,40,1,1,1,16:34,2,2,9
2023461373905,2023,461373905,2,2,1,1,38,7,3,0,0,0,0,0,9,8,E01024451,3,1,0.0,1.0,-1,6,50,2,1,2,11:01,2,2,9
2023010427939,2023,010427939,1,1,1,1,28,6,3,0,0,0,0,0,3,4,E01003317,-1,0,0.0,1.0,-1,6,20,1,1,2,15:30,7,2,3
2023311304741,2023,311304741,1,1,3,2,53,8,3,3,1,0,0,0,0,9,E01025975,3,1,0.0,1.0,-1,6,20,1,1,1,13:05,5,1,1
2023231280786,2023,231280786,2,1,1,1,24,5,2,0,0,0,0,0,1,5,E01031309,7,1,1.0,0.0,-1,6,30,1,1,1,09:10,4,2,1
2023351297432,2023,351297432,2,1,1,2,56,9,3,0,0,0,0,0,1,10,E01017957,3,1,0.0,1.0,-1,6,30,2,1,2,13:00,6,2,1
2023010447755,2023,010447755,2,1,1,1,30,6,3,0,0,0,0,0,4,-1,-1,-1,0,0.0,1.0,-1,2,30,1,1,1,15:35,5,2,4
2023461344953,2023,461344953,2,1,1,1,54,8,3,0,0,0,0,0,9,3,E01024684,3,1,0.0,1.0,-1,6,30,1,1,1,08:45,7,2,9
2023471381733,2023,471381733,2,1,1,2,36,7,3,0,0,0,0,0,9,8,E01031420,3,1,0.0,1.0,-1,6,30,1,1,1,15:05,6,2,9
2023991287908,2023,991287908,1,1,1,2,29,6,2,0,0,0,0,0,9,8,-1,5,1,1.0,0.0,-1,6,30,1,1,2,08:32,6,2,9
2023302300926,2023,302300926,1,1,3,1,37,7,3,6,9,0,0,0,0,3,E01019484,-1,0,0.04593,0.95407,-1,6,30,1,1,1,17:30,6,1,8
2023991368087,2023,991368087,1,1,1,1,19,4,2,0,0,0,0,0,9,-1,-1,7,1,1.0,0.0,-1,6,60,2,6,2,22:30,7,1,9
2023430230400,2023,430230400,1,1,1,1,64,9,3,0,0,0,0,0,19,10,E01017749,-1,0,0.00938,0.99062,-1,6,60,1,1,1,12:49,4,2,19
2023131261695,2023,131261695,1,1,1,2,55,8,3,0,0,0,0,0,9,2,E01004906,3,1,0.0,1.0,-1,3,70,5,4,2,17:00,3,2,9
2023141390244,2023,141390244,2,1,2,2,74,10,3,0,0,1,0,0,9,2,E01007595,3,1,0.0,1.0,-1,6,40,1,1,1,15:08,3,2,9
2023161375701,2023,161375701,1,1,1,2,29,6,3,0,0,0,0,0,9,9,E01012920,3,1,0.0,1.0,-1,1,40,1,1,1,07:50,4,2,9
2023161375928,2023,161375928,1,1,1,2,24,5,2,0,0,0,0,0,9,6,E01013234,6,1,1.0,0.0,-1,3,30,1,4,2,20:11,6,2,9
2023221356996,2023,221356996,1,1,1,1,56,9,3,0,0,0,0,0,9,5,E01032212,3,1,0.0,1.0,-1,6,60,1,6,1,19:54,6,1,9
2023061292198,2023,061292198,3,6,2,1,19,4,3,0,0,1,0,0,9,1,E01006064,3,1,0.0,1.0,-1,6,30,1,1,1,02:42,3,4,9
2023111388935,2023,111388935,1,1,1,1,60,9,1,0,0,0,0,0,9,-1,-1,1,1,0.0,0.0,-1,6,60,1,1,2,09:34,6,3,9
2023231297801,2023,231297801,2,1,1,2,35,6,3,0,0,0,0,0,9,7,E01029858,3,1,0.0,1.0,-1,3,50,1,1,1,13:24,5,3,9
2023340WN5342,2023,340WN5342,1,1,1,2,93,11,3,0,0,0,0,0,9,7,E01027023,-1,0,0.12524,0.87476,-1,6,20,1,1,1,17:02,2,2,9
2023440407446,2023,440407446,1,1,1,2,52,8,3,0,0,0,0,0,9,4,E01023146,-1,0,0.01203,0.98797,-1,6,30,1,1,1,15:12,5,3,9
2023010424099,2023,010424099,1,1,3,1,35,6,3,2,3,0,0,0,0,8,E01015944,-1,0,0.0,1.0,-1,2,30,1,4,1,22:45,7,1,9
2023451292597,2023,451292597,1,1,3,1,40,7,3,9,5,0,0,0,0,10,E01031003,3,1,0.0,1.0,-1,6,30,1,1,1,18:15,5,1,90
2023101321346,2023,101321346,2,2,2,1,61,9,3,0,0,1,0,0,9,9,E01012234,3,1,0.0,1.0,-1,6,40,1,1,1,19:32,7,2,9
2023122301129,2023,122301129,2,1,1,1,21,5,3,0,0,0,0,0,9,4,E01027706,-1,0,0.06078,0.93922,-1,6,60,1,1,1,16:30,5,2,9
2023221402470,2023,221402470,1,1,1,2,19,4,3,0,0,0,0,0,9,7,E01032206,3,1,0.0,1.0,-1,6,60,1,1,4,07:10,4,2,9
2023371295623,2023,371295623,1,4,2,2,64,9,2,0,0,1,0,0,9,2,E01009999,5,1,1.0,0.0,-1,6,50,1,1,1,16:40,1,2,9
2023430210924,2023,430210924,1,2,2,1,34,6,2,0,0,1,0,0,9,4,E01017902,-1,0,1.0,0.0,-1,6,30,1,1,1,19:48,1,1,9
2023451306391,2023,451306391,2,1,1,2,51,8,3,0,0,0,0,0,9,4,E01001158,3,1,0.0,1.0,-1,3,70,2,1,2,18:06,5,3,9
2023501360819,2023,501360819,3,1,1,2,48,8,3,0,0,0,0,0,9,3,E01018989,3,1,0.0,1.0,-1,6,50,1,1,1,18:38,6,3,9
2023010424986,2023,010424986,1,1,3,1,43,7,3,5,3,0,0,0,0,-1,-1,-1,0,0.0,1.0,-1,1,20,1,1,1,15:51,5,1,21
2023332300756,2023,332300756,1,1,3,2,10,2,2,5,9,0,0,0,0,1,E01032597,-1,0,1.0,0.0,-1,6,30,1,1,1,18:25,7,1,9
2023221295709,2023,221295709,2,1,2,1,4,1,3,0,0,2,0,0,9,-1,-1,3,1,0.0,1.0,-1,6,60,1,1,1,10:00,3,2,9
2023332300197,2023,332300197,1,1,1,1,82,11,2,0,0,0,0,0,9,7,E01025808,-1,0,1.0,0.0,-1,6,30,2,1,2,07:35,7,1,9
2023421283107,2023,421283107,2,3,2,1,18,4,3,0,0,2,0,0,9,7,E01033143,3,1,0.0,1.0,-1,6,60,1,6,1,18:56,7,2,9
2023461330016,2023,461330016,1,1,1,1,18,4,3,0,0,0,0,0,9,4,E01024486,3,1,0.0,1.0,-1,6,40,2,1,2,04:10,7,1,9
2023052303068,2023,052303068,1,2,2,1,53,8,3,0,0,2,0,0,9,6,E01007059,-1,0,0.08997,0.91003,-1,6,30,1,4,2,19:20,2,3,9
2023141376878,2023,141376878,2,1,1,1,23,5,3,0,0,0,0,0,9,9,E01027882,3,1,0.0,1.0,-1,6,40,1,6,2,01:15,3,2,9
2023161308273,2023,161308273,2,1,1,1,59,9,3,0,0,0,0,0,9,5,E01027785,3,1,0.0,1.0,-1,6,60,1,1,1,17:20,6,2,9
2023401274683,2023,401274683,2,2,2,2,71,10,3,0,0,1,0,0,9,8,E01017498,3,1,0.0,1.0,-1,6,30,1,1,1,09:52,2,2,9
2023010446712,2023,010446712,1,1,1,1,37,7,3,0,0,0,0,0,3,2,E01000600,-1,0,0.0,1.0,-1,1,20,1,1,1,14:50,6,2,3
2023131353274,2023,131353274,2,1,1,1,20,4,3,0,0,0,0,0,3,1,E01011423,3,1,0.0,1.0,-1,6,30,1,1,1,12:10,1,2,3
2023440144068,2023,440144068,2,1,1,1,34,6,3,0,0,0,0,0,3,1,E01017205,-1,0,0.08329,0.91671,-1,6,30,1,1,1,07:19,5,2,3
2023010482213,2023,010482213,1,1,1,1,57,9,2,0,0,0,0,0,5,2,E01001575,-1,0,1.0,0.0,-1,6,30,8,4,2,18:46,3,2,5
2023610009523,2023,610009523,1,1,3,2,44,7,3,1,3,0,0,0,0,1,W01001400,-1,0,0.21322,0.78678,-1,3,40,4,1,2,13:30,4,1,9
2023131387195,2023,131387195,3,2,1,2,22,5,3,0,0,0,0,0,1,3,E01011488,3,1,0.0,1.0,-1,6,30,9,4,1,15:45,5,3,1
2023010423357,2023,010423357,3,2,2,2,47,8,3,0,0,1,0,0,9,2,E01002774,-1,0,0.0,1.0,-1,2,20,1,4,1,20:30,3,5,9
2023010463055,2023,010463055,1,1,1,1,57,9,3,0,0,0,0,0,9,4,E01000498,-1,0,0.0,1.0,-1,6,30,1,4,1,22:14,3,2,9
2023061370001,2023,061370001,1,1,1,1,19,4,3,0,0,0,0,0,9,4,E01006388,3,1,0.0,1.0,-1,6,30,1,4,2,22:40,4,2,9
2023481356368,2023,481356368,1,1,3,1,43,7,3,5,1,0,0,0,0,-1,-1,3,1,0.0,1.0,-1,6,20,1,1,1,09:30,3,1,9
2023302300993,2023,302300993,2,3,2,1,20,4,3,0,0,1,0,0,9,7,E01019628,-1,0,0.082,0.918,-1,6,50,1,1,1,12:05,7,3,9
2023340WN0812,2023,340WN0812,2,1,1,2,24,5,3,0,0,0,0,0,9,9,E01027265,-1,0,0.02082,0.97918,-1,1,70,1,1,1,13:50,7,2,9
202360A114998,2023,60A114998,1,1,1,1,40,7,3,0,0,0,0,0,9,-1,-1,-1,0,0.0856,0.9144,-1,6,50,1,1,1,15:30,6,2,9
2023010440776,2023,010440776,1,1,1,1,27,6,3,0,0,0,0,0,3,2,E01003598,-1,0,0.0,1.0,-1,6,30,1,4,1,20:55,3,2,3
2023552300209,2023,552300209,2,1,1,1,31,6,3,0,0,0,0,0,4,3,E01015289,-1,0,0.12389,0.87611,-1,6,30,1,4,2,18:12,4,2,4
2023010472005,2023,010472005,1,1,1,1,29,6,3,0,0,0,0,0,5,-1,-1,-1,0,0.0,1.0,-1,7,30,1,4,1,20:17,7,2,5
2023302300509,2023,302300509,1,1,2,1,25,5,3,0,0,1,0,0,9,1,E01009511,-1,0,0.11322,0.88678,-1,3,40,2,4,2,02:34,6,2,9
2023461284293,2023,461284293,2,3,1,1,61,9,3,0,0,0,0,0,9,4,E01024087,3,1,0.0,1.0,-1,6,40,1,1,1,11:55,7,3,9