collision_index,collision_year,collision_ref_no,vehicle_reference,casualty_reference,casualty_class,sex_of_casualty,age_of_casualty,age_band_of_casualty,casualty_severity,pedestrian_location,pedestrian_movement,car_passenger,bus_or_coach_passenger,pedestrian_road_maintenance_worker,casualty_type,casualty_imd_decile,lsoa_of_casualty,enhanced_casualty_severity,casualty_injury_based,casualty_adjusted_severity_serious,casualty_adjusted_severity_slight,casualty_distance_banding,road_type,speed_limit,weather_conditions,light_conditions,road_surface_conditions,time,day_of_week,number_of_vehicles,vehicle_type
2023131288273,2023,131288273,1,1,1,1,40,7,3,0,0,0,0,0,9,3,E01010571,3,1,0.0,1.0,-1,6,30,1,4,1,03:10,1,2,9
2023320186927,2023,320186927,1,1,1,1,27,6,3,0,0,0,0,0,9,4,E01013662,-1,0,0.05814,0.94186,-1,6,50,2,1,2,09:35,3,3,9
2023371357780,2023,371357780,2,3,2,1,11,3,3,0,0,1,0,0,9,7,E01018026,3,1,0.0,1.0,-1,6,30,1,1,1,16:15,6,2,9
2023340WN2632,2023,340WN2632,2,1,1,2,62,9,3,0,0,0,0,0,9,6,E01026986,-1,0,0.1374,0.8626,-1,6,50,1,1,1,07:55,4,2,9
2023141392615,2023,141392615,2,1,1,1,14,3,2,0,0,0,0,0,-1,7,E01007582,7,1,1.0,0.0,-1,6,30,1,4,1,20:55,4,2,-1
2023122300895,2023,122300895,1,2,2,-1,18,4,3,0,0,1,0,0,9,9,E01013381,-1,0,0.06132,0.93868,-1,6,30,1,4,1,03:58,1,1,9
2023161392171,2023,161392171,1,1,1,2,52,8,3,0,0,0,0,0,9,5,E01007562,3,1,0.0,1.0,-1,6,60,1,6,1,19:15,1,2,9
2023411279136,2023,411279136,2,2,2,1,12,3,3,0,0,1,0,0,9,10,E01023562,3,1,0.0,1.0,-1,1,60,2,4,2,19:14,3,2,9
2023141345945,2023,141345945,1,1,2,1,-1,-1,3,0,0,0,4,0,11,1,E01007809,3,1,0.0,1.0,-1,3,30,1,1,1,09:04,6,2,11
2023421348808,2023,421348808,1,1,1,2,21,5,3,0,0,0,0,0,-1,5,E01021499,3,1,0.0,1.0,-1,6,30,1,4,1,20:20,1,2,-1
2023010448901,2023,010448901,1,1,1,1,54,8,3,0,0,0,0,0,9,4,E01033572,-1,0,0.0,1.0,-1,9,30,9,7,9,15:10,7,2,9
2023221372131,2023,221372131,3,1,1,2,24,5,3,0,0,0,0,0,9,8,E01032189,3,1,0.0,1.0,-1,6,60,2,1,2,10:28,4,4,9
2023361393226,2023,361393226,2,1,1,1,47,8,3,0,0,0,0,0,9,7,E01026556,3,1,0.0,1.0,-1,6,30,2,4,2,19:03,4,2,9
2023991281346,2023,991281346,1,1,1,1,34,6,3,0,0,0,0,0,9,1,-1,3,1,0.0,1.0,-1,6,30,1,1,1,07:01,3,2,9
2023031323751,2023,031323751,1,2,2,2,73,10,3,0,0,1,0,0,9,7,E01019387,3,1,0.0,1.0,-1,6,60,2,1,2,13:13,3,2,9
2023031363136,2023,031363136,2,1,1,1,94,11,3,0,0,0,0,0,9,-1,-1,3,1,0.0,1.0,-1,6,60,1,1,1,16:00,1,2,9
2023340WN7112,2023,340WN7112,2,1,1,2,31,6,3,0,0,0,0,0,9,4,E01027252,-1,0,0.00242,0.99758,-1,6,30,2,1,2,09:00,4,2,9
2023052302714,2023,052302714,3,1,1,1,26,6,3,0,0,0,0,0,9,5,E01033755,-1,0,0.03954,0.96046,-1,6,30,1,1,1,10:54,6,3,9
2023411396863,2023,411396863,1,1,1,1,19,4,3,0,0,0,0,0,9,10,E01023497,3,1,0.0,1.0,-1,6,30,1,5,2,18:14,6,3,9
2023131393302,2023,131393302,2,1,1,1,72,10,3,0,0,0,0,0,22,1,E01010814,3,1,0.0,1.0,-1,6,30,1,7,2,22:00,6,2,22
2023131298626,2023,131298626,1,1,3,1,6,2,3,5,1,0,0,2,0,2,E01010667,3,1,0.0,1.0,-1,6,20,1,1,1,19:10,3,1,9
2023471387284,2023,471387284,1,1,3,1,28,6,2,8,7,0,0,0,0,1,E01020993,7,1,1.0,0.0,-1,6,30,1,1,2,11:55,3,2,5
2023010432264,2023,010432264,2,1,1,2,46,8,3,0,0,0,0,0,1,4,E01004396,-1,0,0.0,1.0,-1,6,20,1,1,1,07:50,4,2,1
2023010460126,2023,010460126,1,1,1,1,30,6,3,0,0,0,0,0,1,1,E01000508,-1,0,0.0,1.0,-1,6,20,1,1,1,19:30,6,2,1
2023522301077,2023,522301077,1,1,1,1,21,5,3,0,0,0,0,0,4,9,E01014550,-1,0,0.03181,0.96819,-1,6,30,1,1,9,17:30,3,2,4
2023041272500,2023,041272500,1,1,3,1,33,6,3,5,2,0,0,0,0,5,E01012633,3,1,0.0,1.0,-1,6,30,3,4,3,23:00,6,1,9
2023131290243,2023,131290243,1,1,3,1,69,10,3,9,6,0,0,2,0,7,E01010641,3,1,0.0,1.0,-1,6,30,1,1,1,12:50,6,1,9
2023320765306,2023,320765306,1,1,3,1,12,3,3,5,3,0,0,0,0,5,E01026264,-1,0,0.06711,0.93289,-1,6,30,1,1,1,07:40,4,1,9
2023010475285,2023,010475285,1,1,1,2,56,9,3,0,0,0,0,0,9,4,E01001007,-1,0,0.0,1.0,-1,6,30,2,1,2,08:45,4,3,9
2023041392524,2023,041392524,1,1,1,1,27,6,3,0,0,0,0,0,9,9,E01025273,3,1,0.0,1.0,-1,3,70,1,1,2,12:40,3,1,9
2023201420149,2023,201420149,1,4,2,1,6,2,3,0,0,-1,0,0,9,1,E01005386,3,1,0.0,1.0,-1,3,70,1,1,2,11:50,1,2,9
2023340WN5832,2023,340WN5832,2,1,1,1,20,4,3,0,0,0,0,0,9,10,E01027287,-1,0,0.08417,0.91583,-1,6,60,2,6,2,19:10,6,2,9
2023041301309,2023,041301309,6,5,2,1,48,8,3,0,0,0,0,0,19,1,E01006360,3,1,0.0,1.0,-1,3,70,1,1,1,07:33,2,6,19
2023010453061,2023,010453061,2,1,1,1,43,7,3,0,0,0,0,0,8,2,E01002811,-1,0,0.0,1.0,-1,6,20,1,4,1,22:15,2,2,8
2023461268102,2023,461268102,1,2,1,2,65,9,3,0,0,0,0,0,9,8,E01016656,3,1,0.0,1.0,-1,6,60,8,6,4,17:40,5,3,9
2023320395962,2023,320395962,1,1,1,2,38,7,2,0,0,0,0,0,9,2,E01012903,-1,0,1.0,0.0,-1,6,60,1,1,1,16:39,3,1,9
2023401349543,2023,401349543,2,1,1,2,26,6,2,0,0,0,0,0,9,9,E01017450,7,1,1.0,0.0,-1,6,60,1,1,1,18:11,1,2,9
2023552300095,2023,552300095,1,1,1,2,23,5,3,0,0,0,0,0,9,10,E01020383,-1,0,0.0982,0.9018,-1,6,60,1,6,4,05:16,2,1,9
2023010482764,2023,010482764,1,1,1,1,33,6,3,0,0,0,0,0,3,4,E01001180,-1,0,0.0,1.0,-1,6,30,1,4,2,17:04,3,2,3
2023010426945,2023,010426945,1,1,1,1,47,8,3,0,0,0,0,0,9,4,E01000557,-1,0,0.0,1.0,-1,2,20,1,4,1,00:40,7,1,9
2023351315336,2023,351315336,1,2,2,1,41,7,2,0,0,-1,0,0,9,-1,-1,7,1,1.0,0.0,-1,3,60,1,4,1,05:34,5,1,9
2023631344641,2023,631344641,1,1,1,2,57,9,3,0,0,0,0,0,9,4,W01000605,3,1,0.0,1.0,-1,6,30,2,1,2,09:45,4,3,9
2023461352204,2023,461352204,2,2,2,2,12,3,3,0,0,1,0,0,9,1,E01024590,3,1,0.0,1.0,-1,3,70,1,1,1,09:45,3,2,9
2023991298611,2023,991298611,1,2,1,1,25,5,3,0,0,0,0,0,9,3,-1,3,1,0.0,1.0,-1,6,60,1,1,1,16:55,4,3,9
2023201281734,2023,201281734,1,1,3,1,30,6,3,5,1,0,0,2,0,1,E01010452,3,1,0.0,1.0,-1,6,30,1,4,1,23:30,7,1,9
2023010472586,2023,010472586,1,1,1,1,20,4,3,0,0,0,0,0,1,7,E01001888,-1,0,0.0,1.0,-1,6,20,1,1,1,08:52,3,2,1
2023010423029,2023,010423029,1,1,1,1,27,6,3,0,0,0,0,0,3,4,E01002876,-1,0,0.0,1.0,-1,9,20,1,1,1,16:30,5,2,3
2023101310974,2023,101310974,2,1,1,1,20,4,3,0,0,0,0,0,4,4,E01008771,3,1,0.0,1.0,-1,3,30,1,1,1,09:35,1,2,4
2023131375959,2023,131375959,1,2,2,1,49,8,3,0,0,1,0,0,9,3,E01018991,3,1,0.0,1.0,-1,6,40,2,4,2,04:31,7,1,9
2023201383990,2023,201383990,1,1,1,1,41,7,3,0,0,0,0,0,9,1,E01009401,3,1,0.0,1.0,-1,6,20,1,1,1,16:46,1,2,9
2023440148435,2023,440148435,2,2,1,1,74,10,3,0,0,0,0,0,9,7,E01017285,-1,0,0.10021,0.89979,-1,6,60,1,1,1,12:42,1,2,9
2023552301495,2023,552301495,1,1,1,1,49,8,3,0,0,0,0,0,9,7,E01020480,-1,0,0.06999,0.93001,-1,6,60,1,1,1,10:41,7,2,9
202363A017223,2023,63A017223,2,1,1,1,48,8,3,0,0,0,0,0,90,5,W01000632,-1,0,0.07495,0.92505,-1,6,30,1,1,1,14:00,3,2,90
2023061373974,2023,061373974,2,2,2,2,21,5,3,0,0,1,0,0,9,-1,-1,3,1,0.0,1.0,-1,3,30,1,4,1,18:31,7,2,9
2023471315691,2023,471315691,1,1,1,2,68,10,3,0,0,0,0,0,9,9,E01031504,3,1,0.0,1.0,-1,6,60,1,1,1,18:55,3,2,9
2023141287218,2023,141287218,2,1,1,1,65,9,2,0,0,0,0,0,9,5,E01007366,6,1,1.0,0.0,-1,6,60,2,1,2,16:58,4,3,9
2023221387880,2023,221387880,1,2,2,2,21,5,3,0,0,1,0,0,9,-1,-1,3,1,0.0,1.0,-1,6,40,1,4,1,03:45,7,1,9
2023501343248,2023,501343248,2,1,2,2,46,8,3,0,0,2,0,0,9,10,E01021227,3,1,0.0,1.0,-1,6,60,2,1,2,18:00,6,2,9
2023430316221,2023,430316221,2,1,1,2,23,5,3,0,0,0,0,0,1,7,E01028521,-1,0,0.10737,0.89263,-1,6,30,1,1,1,10:46,2,2,1
2023547094823,2023,547094823,2,1,1,1,29,6,3,0,0,0,0,0,1,8,E01032871,-1,0,0.06983,0.93017,-1,1,30,1,1,1,08:42,6,2,1
2023010460067,2023,010460067,1,1,1,1,19,4,3,0,0,0,0,0,3,2,E01002075,-1,0,0.0,1.0,-1,9,30,9,4,9,21:15,5,2,3
2023170H10403,2023,170H10403,1,1,3,2,9,2,3,5,1,0,0,0,0,9,E01011983,-1,0,0.14017,0.85983,-1,6,30,1,1,1,15:30,3,1,9
2023010463068,2023,010463068,1,1,3,2,18,4,3,1,1,0,0,0,0,5,E01003495,-1,0,0.0,1.0,-1,6,30,1,1,1,15:45,3,1,5
2023311314608,2023,311314608,1,1,3,1,29,6,3,9,5,0,0,0,0,8,E01028288,3,1,0.0,1.0,-1,6,30,1,1,1,16:56,7,1,9
2023010455530,2023,010455530,1,1,3,2,58,9,3,5,9,0,0,0,0,1,E01000521,-1,0,0.0,1.0,-1,6,30,1,1,2,19:57,1,1,11
2023041362624,2023,041362624,1,1,3,1,47,8,3,6,9,0,0,0,0,2,E01025313,3,1,0.0,1.0,-1,6,20,1,1,1,10:30,6,1,9
2023101293005,2023,101293005,1,1,1,2,44,7,3,0,0,0,0,0,9,2,E01008575,3,1,0.0,1.0,-1,6,30,1,1,1,18:49,1,6,9
2023131262484,2023,131262484,1,1,1,1,33,6,3,0,0,0,0,0,9,1,E01011745,3,1,0.0,1.0,-1,6,30,4,1,2,12:08,5,1,9
2023361370761,2023,361370761,1,1,1,1,21,5,3,0,0,0,0,0,9,5,E01026730,3,1,0.0,1.0,-1,6,60,1,6,2,00:23,1,1,9
2023991344011,2023,991344011,1,2,1,1,29,6,3,0,0,0,0,0,9,7,-1,3,1,0.0,1.0,-1,6,60,1,1,1,13:00,2,2,9
2023111345372,2023,111345372,1,2,2,1,33,6,3,0,0,1,0,0,9,9,E01020610,3,1,0.0,1.0,-1,6,30,1,1,1,06:45,4,1,9
2023320034548,2023,320034548,1,1,1,2,28,6,3,0,0,0,0,0,9,2,E01015657,-1,0,0.11232,0.88768,-1,6,60,1,6,4,07:00,4,1,9
2023070523577,2023,070523577,2,1,1,2,57,9,3,0,0,0,0,0,19,8,E01018598,-1,0,0.04103,0.95897,-1,6,30,1,1,1,09:57,6,2,19
2023201410986,2023,201410986,1,1,1,1,76,11,3,0,0,0,0,0,9,4,E01007653,3,1,0.0,1.0,-1,6,30,1,1,1,10:15,1,2,9
2023141284625,2023,141284625,2,1,2,1,13,3,2,0,0,0,0,0,97,1,E01007499,7,1,1.0,0.0,-1,3,30,2,1,2,15:10,4,2,97
2023201310972,2023,201310972,1,1,1,1,20,4,2,0,0,0,0,0,9,6,E01009880,6,1,1.0,0.0,-1,3,60,2,4,2,21:40,4,1,9
2023401351287,2023,401351287,1,1,1,-1,20,4,3,0,0,0,0,0,9,1,E01015736,3,1,0.0,1.0,-1,6,20,1,1,1,20:59,2,2,9
2023221313337,2023,221313337,1,1,1,2,70,10,3,0,0,0,0,0,9,5,E01014046,3,1,0.0,1.0,-1,6,60,1,6,1,04:26,7,1,9
2023440012508,2023,440012508,2,1,1,1,18,4,3,0,0,0,0,0,-1,8,E01017086,-1,0,0.1179,0.8821,-1,6,30,2,4,2,16:19,3,2,-1
2023131345466,2023,131345466,2,2,1,1,55,8,3,0,0,0,0,0,9,1,E01011911,3,1,0.0,1.0,-1,6,30,1,1,1,11:00,6,2,9
2023451260416,2023,451260416,1,1,1,2,33,6,3,0,0,0,0,0,9,2,E01014298,3,1,0.0,1.0,-1,3,40,1,4,1,17:37,5,2,9
2023351383795,2023,351383795,2,1,1,1,13,3,3,0,0,0,0,0,1,7,E01015659,3,1,0.0,1.0,-1,6,30,9,1,4,08:20,4,2,1
2023411363399,2023,411363399,2,1,1,1,45,7,3,0,0,0,0,0,1,4,E01023957,3,1,0.0,1.0,-1,1,30,1,1,1,11:30,7,2,1
2023522400785,2023,522400785,2,1,1,1,43,7,3,0,0,0,0,0,1,7,E01014649,-1,0,0.09617,0.90383,-1,6,30,2,1,2,08:59,6,2,1
2023010439253,2023,010439253,1,1,1,1,48,8,3,0,0,0,0,0,8,5,E01000070,-1,0,0.0,1.0,-1,2,20,5,1,2,17:30,2,2,8
2023052301784,2023,052301784,1,1,1,1,36,7,3,0,0,0,0,0,9,4,E01025276,-1,0,0.06515,0.93485,-1,6,30,1,1,1,16:45,6,2,9
2023991367807,2023,991367807,1,1,3,2,4,1,3,2,3,0,0,0,0,-1,-1,3,1,0.0,1.0,-1,6,30,9,5,2,18:00,3,1,9
2023010446651,2023,010446651,1,1,1,1,23,5,3,0,0,0,0,0,9,-1,-1,-1,0,0.0,1.0,-1,6,20,1,4,1,02:20,7,2,9
2023421357595,2023,421357595,2,2,2,1,19,4,3,0,0,1,0,0,9,4,E01032823,3,1,0.0,1.0,-1,3,70,1,1,1,14:30,1,2,9
2023070497967,2023,070497967,2,5,2,1,29,6,3,0,0,0,0,0,21,2,E01018553,-1,0,0.08848,0.91152,-1,3,60,1,1,1,13:50,6,2,21
2023302300008,2023,302300008,1,1,3,1,41,7,3,9,9,0,0,0,0,4,E01013967,-1,0,0.07889,0.92111,-1,6,20,9,4,2,21:40,2,1,9
2023430208189,2023,430208189,2,2,1,1,19,4,3,0,0,0,0,0,9,7,E01016493,-1,0,0.04742,0.95258,-1,6,30,1,4,2,22:43,6,2,9
2023451278214,2023,451278214,2,1,1,1,42,7,3,0,0,0,0,0,9,-1,-1,3,1,0.0,1.0,-1,6,40,8,6,1,20:45,6,2,9
2023451274990,2023,451274990,1,1,1,2,29,6,3,0,0,0,0,0,3,10,E01030486,3,1,0.0,1.0,-1,6,30,8,4,1,19:10,6,2,3
2023010464854,2023,010464854,1,1,3,2,72,10,3,5,3,0,0,0,0,2,E01001800,-1,0,0.0,1.0,-1,6,20,1,1,1,15:27,6,1,8
2023411394382,2023,411394382,1,1,3,1,18,4,3,9,9,0,0,0,0,5,E01023384,3,1,0.0,1.0,-1,6,30,1,1,1,19:00,7,2,9
2023461386985,2023,461386985,1,1,3,2,19,4,3,4,2,0,0,0,0,8,E01024012,3,1,0.0,1.0,-1,6,30,1,4,1,20:35,2,1,9
2023991324767,2023,991324767,1,1,3,2,17,4,2,5,3,0,0,2,0,-1,-1,7,1,1.0,0.0,-1,6,30,2,1,2,13:52,6,1,9
2023991361812,2023,991361812,1,1,3,2,82,11,2,6,9,0,0,0,0,6,-1,7,1,1.0,0.0,-1,2,20,2,1,2,11:56,1,1,1
2023421278774,2023,421278774,2,1,1,2,21,5,3,0,0,0,0,0,9,3,E01021821,3,1,0.0,1.0,-1,1,30,1,4,1,17:20,4,2,9
2023471364948,2023,471364948,1,1,3,2,19,4,3,8,5,0,0,0,0,8,E01017086,3,1,0.0,1.0,-1,6,30,2,1,2,12:50,4,1,9
2023010482783,2023,010482783,1,1,1,2,21,5,3,0,0,0,0,0,3,8,E01001907,-1,0,0.0,1.0,-1,9,20,9,7,9,20:40,3,2,3
2023211418089,2023,211418089,1,1,1,2,44,7,2,0,0,0,0,0,3,6,E01029764,7,1,1.0,0.0,-1,6,30,2,4,2,00:25,2,2,3
2023131277364,2023,131277364,1,1,1,2,72,10,3,0,0,0,0,0,9,7,E01025003,3,1,0.0,1.0,-1,6,30,1,1,1,13:40,5,1,9
2023131392130,2023,131392130,1,1,1,2,84,11,3,0,0,0,0,0,9,8,E01011217,3,1,0.0,1.0,-1,6,30,2,4,2,20:00,2,2,9
2023231278285,2023,231278285,1,3,2,2,7,2,2,0,0,1,0,0,9,9,E01031136,6,1,1.0,0.0,-1,3,40,7,4,2,06:02,3,2,9
2023010419936,2023,010419936,1,1,1,1,18,4,3,0,0,0,0,0,1,10,E01000684,-1,0,0.0,1.0,-1,6,30,1,1,2,10:15,6,2,1
2023010432753,2023,010432753,1,1,1,1,34,6,3,0,0,0,0,0,1,4,E01024296,-1,0,0.0,1.0,-1,6,30,1,4,1,18:35,5,2,1
2023471388437,2023,471388437,1,1,1,1,23,5,3,0,0,0,0,0,3,8,E01031707,3,1,0.0,1.0,-1,3,70,1,6,2,22:00,5,2,3
2023010435281,2023,010435281,2,1,1,1,21,5,3,0,0,0,0,0,2,6,E01002125,-1,0,0.0,1.0,-1,6,20,5,1,2,17:15,6,2,2
2023522300767,2023,522300767,1,1,3,1,9,2,3,1,9,0,0,0,0,6,E01014563,-1,0,0.09698,0.90302,-1,6,20,1,1,1,15:52,6,1,1
2023522400275,2023,522400275,1,1,1,2,50,8,3,0,0,0,0,0,5,8,E01014472,-1,0,0.1201,0.8799,-1,6,30,1,1,1,10:20,5,2,5
2023302300730,2023,302300730,2,1,1,1,78,11,3,0,0,0,0,0,9,3,E01019777,-1,0,0.10877,0.89123,-1,6,50,1,1,1,15:05,4,3,9
2023461404139,2023,461404139,2,2,1,2,39,7,2,0,0,0,0,0,9,4,E01024841,7,1,1.0,0.0,-1,6,20,1,1,1,12:26,2,2,9
2023010483311,2023,010483311,2,1,1,1,36,7,2,0,0,0,0,0,1,1,E01002095,-1,0,1.0,0.0,-1,2,20,1,4,1,07:05,2,2,1
2023351278355,2023,351278355,2,1,1,1,8,2,3,0,0,0,0,0,1,5,E01018009,3,1,0.0,1.0,-1,6,20,1,1,1,08:42,2,2,1
2023371353449,2023,371353449,2,1,1,2,71,10,3,0,0,0,0,0,1,10,E01030206,3,1,0.0,1.0,-1,6,40,1,1,1,15:29,5,2,1
2023071155549,2023,071155549,1,1,1,1,22,5,3,0,0,0,0,0,3,-1,-1,-1,0,0.16769,0.83231,-1,6,60,1,1,2,12:34,7,2,3
2023201375879,2023,201375879,1,1,1,1,51,8,2,0,0,0,0,0,9,1,E01009372,6,1,1.0,0.0,-1,3,30,1,1,1,14:00,5,3,9
2023010428686,2023,010428686,1,1,1,1,25,5,3,0,0,0,0,0,1,2,E01000907,-1,0,0.0,1.0,-1,7,20,2,4,2,00:50,4,2,1
2023010439270,2023,010439270,2,2,1,1,27,6,3,0,0,0,0,0,1,3,E01003733,-1,0,0.0,1.0,-1,2,30,8,4,2,22:40,2,2,1
2023010461312,2023,010461312,1,1,3,2,27,6,3,1,1,0,0,0,0,2,E01032722,-1,0,0.0,1.0,-1,2,20,2,4,2,23:50,6,1,11
2023052302905,2023,052302905,2,1,1,1,66,10,3,0,0,0,0,0,9,4,E01006570,-1,0,0.01257,0.98743,-1,6,30,1,1,1,13:40,7,2,9
2023430401770,2023,430401770,1,1,1,1,35,6,3,0,0,0,0,0,9,8,E01017814,-1,0,0.00398,0.99602,-1,6,30,1,1,1,19:50,4,2,9
2023351363416,2023,351363416,1,1,3,1,68,10,2,4,9,0,0,-1,0,5,E01017972,5,1,1.0,0.0,-1,6,20,1,4,1,18:45,4,1,9
2023421363374,2023,421363374,1,1,3,1,50,8,3,6,9,0,0,-1,0,10,E01021591,3,1,0.0,1.0,-1,6,20,8,1,-1,08:45,5,1,11
2023052301112,2023,052301112,1,1,2,2,83,11,3,0,0,2,0,0,9,1,E01006787,-1,0,0.06068,0.93932,-1,1,40,1,1,1,17:59,3,3,9
2023170H10393,2023,170H10393,1,2,2,2,49,8,3,0,0,1,0,0,9,2,E01020795,-1,0,0.1443,0.8557,-1,3,30,2,4,2,02:56,7,1,9
2023201293106,2023,201293106,1,3,2,1,24,5,3,0,0,1,0,0,9,3,E01032534,3,1,0.0,1.0,-1,3,40,1,1,1,14:20,4,2,9
2023440478254,2023,440478254,1,1,1,1,31,6,2,0,0,0,0,0,9,9,E01023281,-1,0,1.0,0.0,-1,3,70,1,6,1,16:42,4,1,9
2023501267639,2023,501267639,1,1,1,1,31,6,3,0,0,0,0,0,9,4,E01018863,3,1,0.0,1.0,-1,3,70,5,1,4,07:59,1,1,9
2023010456712,2023,010456712,1,1,3,2,12,3,3,5,2,0,0,0,0,8,E01002289,-1,0,0.0,1.0,-1,6,30,1,1,1,17:05,6,1,9
2023010477704,2023,010477704,1,1,1,-1,29,6,3,0,0,0,0,0,3,3,E01001177,-1,0,0.0,1.0,-1,9,30,9,1,9,13:17,5,2,3
2023991359801,2023,991359801,1,1,1,1,49,8,2,0,0,0,0,0,3,4,-1,7,1,1.0,0.0,-1,1,40,2,1,2,13:35,5,2,3
2023010464695,2023,010464695,1,1,1,1,25,5,2,0,0,0,0,0,8,1,E01002773,-1,0,1.0,0.0,-1,6,20,1,5,1,04:26,6,1,8
2023141263187,2023,141263187,2,1,2,2,14,3,2,0,0,1,0,0,9,3,E01019807,7,1,1.0,0.0,-1,3,30,4,4,2,20:30,6,4,9
2023161391579,2023,161391579,1,2,1,1,62,9,3,0,0,0,0,0,9,1,E01012849,3,1,0.0,1.0,-1,6,30,4,4,1,18:31,6,2,9
2023440145187,2023,440145187,1,1,1,1,35,6,3,0,0,0,0,0,9,4,E01023068,-1,0,0.10735,0.89265,-1,3,70,5,1,2,19:13,5,1,9
2023010472851,2023,010472851,1,1,1,1,27,6,3,0,0,0,0,0,3,2,E01000876,-1,0,0.0,1.0,-1,1,20,1,4,1,19:30,2,2,3
2023061332298,2023,061332298,3,1,1,1,28,6,3,0,0,0,0,0,9,1,E01005202,3,1,0.0,1.0,-1,6,30,2,1,2,18:39,7,6,9
2023440359344,2023,440359344,2,2,1,1,39,7,2,0,0,0,0,0,9,3,E01017244,-1,0,1.0,0.0,-1,6,30,1,1,1,14:50,2,2,9
2023340NN2712,2023,340NN2712,2,1,1,1,44,7,3,0,0,0,0,0,5,4,E01027056,-1,0,0.23238,0.76762,-1,1,60,1,1,1,17:30,5,2,5
2023010474731,2023,010474731,1,1,3,1,11,3,3,5,3,0,0,0,0,6,E01002166,-1,0,0.0,1.0,-1,3,30,1,1,2,14:27,1,1,9
2023201410704,2023,201410704,1,1,2,2,61,9,3,0,0,2,0,0,8,1,E01009637,3,1,0.0,1.0,-1,1,30,1,1,1,17:59,5,2,8
2023122300560,2023,122300560,1,1,3,2,48,8,3,5,4,0,0,0,0,3,E01027651,-1,0,0.08853,0.91147,-1,6,30,1,1,1,07:30,2,1,9
2023501350774,2023,501350774,2,1,1,1,44,7,2,0,0,0,0,0,1,7,E01015099,7,1,1.0,0.0,-1,3,30,1,1,1,16:42,7,2,1
2023501372839,2023,501372839,1,1,1,1,17,4,3,0,0,0,0,0,3,2,E01018774,3,1,0.0,1.0,-1,6,30,1,1,1,07:48,7,1,3
2023311301061,2023,311301061,1,1,1,2,49,8,3,0,0,0,0,0,9,4,E01013939,3,1,0.0,1.0,-1,3,30,9,1,1,08:30,2,2,9
2023461343625,2023,461343625,1,1,1,1,80,11,3,0,0,0,0,0,9,10,E01024325,3,1,0.0,1.0,-1,1,70,1,1,1,08:06,5,4,9
2023501287423,2023,501287423,1,1,1,1,43,7,3,0,0,0,0,0,9,5,E01020301,3,1,0.0,1.0,-1,6,60,1,1,4,11:01,7,2,9
2023010472846,2023,010472846,1,1,1,1,53,8,3,0,0,0,0,0,9,4,E01003740,-1,0,0.0,1.0,-1,6,20,1,1,1,10:29,6,2,9
2023201275657,2023,201275657,1,1,1,2,20,4,3,0,0,0,0,0,9,2,E01010311,3,1,0.0,1.0,-1,6,30,1,4,1,23:49,2,2,9
2023201301095,2023,201301095,1,5,2,1,13,3,3,0,0,2,0,0,9,2,E01013842,3,1,0.0,1.0,-1,3,70,1,1,1,14:10,3,3,9
2023302301406,2023,302301406,2,2,1,1,30,6,3,0,0,0,0,0,9,9,E01033531,-1,0,0.03252,0.96748,-1,6,30,1,1,1,13:40,6,2,9
2023320041480,2023,320041480,1,1,1,1,29,6,3,0,0,0,0,0,9,4,E01026090,-1,0,0.12838,0.87162,-1,6,60,1,6,4,05:15,7,1,9
2023302301065,2023,302301065,2,1,1,1,40,7,3,0,0,0,0,0,19,-1,-1,-1,0,0.02432,0.97568,-1,6,20,1,1,1,08:51,4,2,19
2023010452074,2023,010452074,1,1,1,1,33,6,3,0,0,0,0,0,9,7,E01000218,-1,0,0.0,1.0,-1,6,30,1,1,1,20:18,4,3,9
2023161382048,2023,161382048,1,2,1,1,46,8,3,0,0,0,0,0,9,1,E01012851,3,1,0.0,1.0,-1,6,60,3,1,3,07:43,1,2,9
2023201362830,2023,201362830,1,1,1,2,31,6,3,0,0,0,0,0,9,8,E01009536,3,1,0.0,1.0,-1,6,30,1,1,1,15:21,3,4,9
2023131348648,2023,131348648,1,1,1,1,20,4,3,0,0,0,0,0,9,3,E01011919,3,1,0.0,1.0,-1,6,60,2,1,2,12:27,4,1,9
2023461359274,2023,461359274,2,1,1,2,27,6,3,0,0,0,0,0,9,6,E01032798,3,1,0.0,1.0,-1,6,30,1,1,1,12:52,4,2,9
2023461390294,2023,461390294,1,3,2,1,11,3,3,0,0,2,0,0,9,5,E01024226,3,1,0.0,1.0,-1,3,70,1,1,2,12:05,3,1,9
2023010462032,2023,010462032,1,1,3,1,66,10,1,5,3,0,0,0,0,-1,-1,-1,0,0.0,0.0,-1,6,20,1,1,1,15:35,4,1,21
2023041365693,2023,041365693,2,3,1,1,66,10,3,0,0,0,0,0,1,9,E01024981,3,1,0.0,1.0,-1,6,50,1,1,1,10:18,1,6,1
2023421323191,2023,421323191,2,1,1,2,34,6,3,0,0,0,0,0,3,8,E01002290,3,1,0.0,1.0,-1,6,30,9,1,1,10:00,6,2,3
2023131375995,2023,131375995,1,2,1,2,44,7,3,0,0,0,0,0,9,8,E01011277,3,1,0.0,1.0,-1,3,40,2,1,2,08:55,7,2,9
2023522400777,2023,522400777,1,1,1,1,58,9,3,0,0,0,0,0,9,10,E01014850,-1,0,0.0268,0.9732,-1,1,40,1,1,2,10:50,4,2,9