collision_index,collision_year,collision_ref_no,vehicle_reference,casualty_reference,casualty_class,sex_of_casualty,age_of_casualty,age_band_of_casualty,casualty_severity,pedestrian_location,pedestrian_movement,car_passenger,bus_or_coach_passenger,pedestrian_road_maintenance_worker,casualty_type,casualty_imd_decile,lsoa_of_casualty,enhanced_casualty_severity,casualty_injury_based,casualty_adjusted_severity_serious,casualty_adjusted_severity_slight,casualty_distance_banding,road_type,speed_limit,weather_conditions,light_conditions,road_surface_conditions,time,day_of_week,number_of_vehicles,vehicle_type
2023531366680,2023,531366680,1,1,2,2,19,4,3,0,0,0,4,0,11,9,E01015015,3,1,0.0,1.0,-1,1,40,2,4,2,02:40,4,2,11
2023010477438,2023,010477438,1,1,1,2,34,6,3,0,0,0,0,0,9,9,E01002270,-1,0,0.0,1.0,-1,6,30,9,4,1,04:43,1,1,9
2023131317864,2023,131317864,1,1,1,2,41,7,3,0,0,0,0,0,9,6,E01010883,3,1,0.0,1.0,-1,6,30,1,4,1,19:18,3,2,9
2023411289514,2023,411289514,2,3,2,1,29,6,3,0,0,1,0,0,9,5,E01023936,3,1,0.0,1.0,-1,7,40,1,4,1,22:51,7,2,9
2023421306612,2023,421306612,1,1,1,1,72,10,3,0,0,0,0,0,9,7,E01033052,3,1,0.0,1.0,-1,3,70,2,1,2,11:08,6,1,9
2023421389100,2023,421389100,2,1,1,2,60,9,3,0,0,0,0,0,9,10,E01021787,3,1,0.0,1.0,-1,6,30,1,1,1,13:57,7,3,9
2023991319787,2023,991319787,2,5,1,2,32,6,3,0,0,0,0,0,9,2,-1,3,1,0.0,1.0,-1,3,70,1,1,1,13:23,7,3,9
2023522300068,2023,522300068,1,1,1,1,23,5,3,0,0,0,0,0,1,4,E01014906,-1,0,0.02669,0.97331,-1,1,20,5,4,2,19:08,3,2,1
2023010456981,2023,010456981,1,1,2,1,83,11,3,0,0,0,3,0,11,4,E01003326,-1,0,0.0,1.0,-1,6,20,2,1,2,11:10,2,1,11
2023010473329,2023,010473329,1,2,2,2,44,7,3,0,0,1,0,0,9,3,E01024182,-1,0,0.0,1.0,-1,6,40,2,5,2,20:00,7,1,9
2023302301669,2023,302301669,2,2,1,1,34,6,3,0,0,0,0,0,9,6,E01019846,-1,0,0.04495,0.95505,-1,3,70,2,1,2,09:23,5,2,9
2023451344635,2023,451344635,1,2,2,2,30,6,3,0,0,1,0,0,9,7,E01030576,3,1,0.0,1.0,-1,3,40,1,1,1,19:30,3,2,9
2023522401066,2023,522401066,1,1,1,1,53,8,3,0,0,0,0,0,9,6,E01015002,-1,0,0.00788,0.99212,-1,1,70,1,1,1,14:59,7,2,9
2023622300386,2023,622300386,1,1,1,1,23,5,3,0,0,0,0,0,9,1,W01000738,-1,0,0.02904,0.97096,-1,6,30,1,1,1,11:48,3,2,9
2023010482111,2023,010482111,1,1,1,2,54,8,3,0,0,0,0,0,1,4,E01002908,-1,0,0.0,1.0,-1,1,30,2,1,2,08:20,3,2,1
2023010435896,2023,010435896,1,1,1,1,31,6,3,0,0,0,0,0,3,8,E01003455,-1,0,0.0,1.0,-1,6,20,1,4,1,21:43,3,2,3
2023421288816,2023,421288816,2,2,1,1,70,10,3,0,0,0,0,0,9,1,E01016007,3,1,0.0,1.0,-1,7,50,1,1,1,15:00,6,2,9
2023440249115,2023,440249115,2,1,1,1,23,5,3,0,0,0,0,0,9,5,E01017025,-1,0,0.04094,0.95906,-1,6,30,1,1,1,19:33,5,2,9
2023201270669,2023,201270669,1,1,3,2,28,6,3,1,3,0,0,-1,0,1,E01009368,3,1,0.0,1.0,-1,6,30,8,1,-1,09:31,4,1,9
2023131276370,2023,131276370,2,1,1,1,20,4,2,0,0,0,0,0,3,3,E01011784,7,1,1.0,0.0,-1,6,30,1,1,2,07:30,4,2,3
2023351371780,2023,351371780,2,2,1,2,42,7,3,0,0,0,0,0,9,10,E01033114,3,1,0.0,1.0,-1,7,70,5,4,2,18:10,5,3,9
2023991272565,2023,991272565,1,2,2,2,15,3,3,0,0,2,0,0,9,-1,-1,3,1,0.0,1.0,-1,6,40,2,4,2,00:45,1,2,9
2023010455365,2023,010455365,1,1,1,2,56,9,2,0,0,0,0,0,1,9,E01004092,-1,0,1.0,0.0,-1,6,20,1,1,1,08:28,6,2,1
2023201289266,2023,201289266,1,1,1,1,21,5,3,0,0,0,0,0,9,6,E01009749,3,1,0.0,1.0,-1,6,30,8,4,2,04:48,7,2,9
2023010469577,2023,010469577,2,1,1,1,34,6,3,0,0,0,0,0,3,3,E01001814,-1,0,0.0,1.0,-1,3,30,1,4,2,19:05,2,2,3
2023070259506,2023,070259506,2,1,1,1,43,7,3,0,0,0,0,0,5,-1,-1,-1,0,0.18509,0.81491,-1,6,30,1,1,1,17:16,2,3,5
2023061297087,2023,061297087,2,1,1,1,36,7,3,0,0,0,0,0,9,6,E01005942,3,1,0.0,1.0,-1,6,30,1,4,1,01:00,1,2,9
2023471291814,2023,471291814,1,1,2,1,-1,-1,3,0,0,0,4,0,11,-1,-1,3,1,0.0,1.0,-1,1,40,7,1,2,10:14,4,1,11
2023421267044,2023,421267044,1,1,3,1,13,3,3,1,1,0,0,0,0,6,E01015937,3,1,0.0,1.0,-1,6,30,1,1,1,15:45,2,1,11
2023161272993,2023,161272993,1,1,1,2,44,7,3,0,0,0,0,0,9,9,E01013115,3,1,0.0,1.0,-1,6,30,1,1,1,10:20,2,2,9
2023201420427,2023,201420427,2,1,1,2,31,6,3,0,0,0,0,0,9,1,E01008941,3,1,0.0,1.0,-1,3,30,1,4,1,17:00,2,2,9
2023231337204,2023,231337204,2,2,1,2,33,6,3,0,0,0,0,0,9,7,E01031324,3,1,0.0,1.0,-1,6,30,1,1,1,18:45,5,2,9
2023552301139,2023,552301139,3,3,2,2,51,8,3,0,0,1,0,0,9,2,E01018316,-1,0,0.03997,0.96003,-1,6,30,1,1,1,09:38,4,3,9
2023440457632,2023,440457632,1,1,1,1,25,5,3,0,0,0,0,0,3,3,E01017111,-1,0,0.20947,0.79053,-1,6,30,1,4,2,22:37,4,1,3
2023010423688,2023,010423688,1,1,1,1,46,8,3,0,0,0,0,0,5,2,E01002368,-1,0,0.0,1.0,-1,3,50,1,1,2,14:58,5,3,5
2023011338528,2023,011338528,5,2,2,2,59,9,3,0,0,2,0,0,9,2,E01010417,3,1,0.0,1.0,-1,3,50,1,1,2,16:18,7,7,9
2023421352351,2023,421352351,1,1,1,1,27,6,3,0,0,0,0,0,9,4,E01021812,3,1,0.0,1.0,-1,6,30,1,1,1,07:33,5,2,9
2023430549701,2023,430549701,2,1,1,2,35,6,3,0,0,0,0,0,9,4,E01016829,-1,0,0.0046,0.9954,-1,6,60,2,1,2,15:01,5,2,9
2023320152991,2023,320152991,1,1,1,1,15,3,3,0,0,0,0,0,90,1,E01026092,-1,0,0.06697,0.93303,-1,6,30,1,4,1,18:55,6,2,90
2023010441931,2023,010441931,1,1,1,1,21,5,3,0,0,0,0,0,1,-1,-1,-1,0,0.0,1.0,-1,9,20,9,1,9,11:00,6,2,1
2023421293583,2023,421293583,1,1,1,-1,-1,-1,3,0,0,0,0,0,2,-1,-1,3,1,0.0,1.0,-1,6,30,1,4,2,20:10,7,2,2
2023520400392,2023,520400392,2,1,1,2,22,5,3,0,0,0,0,0,9,4,E01029136,-1,0,0.00908,0.99092,-1,6,40,1,1,1,18:53,5,2,9
2023520000582,2023,520000582,1,1,1,1,40,7,3,0,0,0,0,0,19,3,E01029038,-1,0,0.05097,0.94903,-1,6,60,2,6,2,17:05,6,2,19
2023231402522,2023,231402522,1,2,2,2,23,5,3,0,0,1,0,0,9,-1,-1,3,1,0.0,1.0,-1,1,60,1,4,1,02:20,7,1,9
2023440309419,2023,440309419,2,1,1,2,25,5,3,0,0,0,0,0,9,-1,-1,-1,0,0.04039,0.95961,-1,6,30,1,1,1,15:10,3,2,9
2023201278667,2023,201278667,1,1,3,2,58,9,3,9,5,0,0,2,0,2,E01009121,3,1,0.0,1.0,-1,6,30,1,1,4,08:30,2,1,9
2023031322785,2023,031322785,1,1,1,1,33,6,2,0,0,0,0,0,9,-1,-1,5,1,1.0,0.0,-1,6,60,1,1,1,12:45,2,2,9
2023122301234,2023,122301234,1,1,1,1,57,9,3,0,0,0,0,0,9,9,E01027556,-1,0,0.06281,0.93719,-1,6,60,2,1,2,08:26,6,3,9
2023170S10843,2023,170S10843,2,2,1,2,32,6,3,0,0,0,0,0,9,8,E01012309,-1,0,0.04925,0.95075,-1,3,70,1,1,1,08:21,3,2,9
2023201379054,2023,201379054,2,2,2,1,16,4,3,0,0,2,0,0,9,3,E01009256,3,1,0.0,1.0,-1,3,30,1,1,1,14:11,5,2,9
2023201389262,2023,201389262,2,2,2,2,35,6,3,0,0,1,0,0,9,9,E01009416,3,1,0.0,1.0,-1,6,30,2,4,2,18:45,5,2,9
2023361277271,2023,361277271,2,2,1,1,37,7,3,0,0,0,0,0,9,2,E01033040,3,1,0.0,1.0,-1,6,60,1,1,2,17:16,5,2,9
2023161298448,2023,161298448,1,1,1,1,17,4,2,0,0,0,0,0,1,1,E01012898,7,1,1.0,0.0,-1,3,30,1,1,1,10:00,4,2,1
2023311291337,2023,311291337,1,1,1,2,28,6,2,0,0,0,0,0,9,2,E01028279,7,1,1.0,0.0,-1,6,30,2,1,2,11:44,3,2,9
2023440466129,2023,440466129,2,2,2,1,54,8,2,0,0,1,0,0,9,2,E01022903,-1,0,1.0,0.0,-1,3,70,1,6,2,16:55,3,2,9
2023461294025,2023,461294025,2,1,1,1,79,11,3,0,0,0,0,0,9,-1,-1,3,1,0.0,1.0,-1,3,30,1,1,2,14:54,5,2,9
2023451297060,2023,451297060,1,1,1,1,46,8,3,0,0,0,0,0,19,6,E01030600,3,1,0.0,1.0,-1,6,40,2,1,2,09:45,4,2,19
2023010431231,2023,010431231,1,1,1,1,40,7,3,0,0,0,0,0,9,9,E01019939,-1,0,0.0,1.0,-1,6,20,2,1,2,08:45,5,2,9
2023320369506,2023,320369506,2,2,2,2,90,11,1,0,0,1,0,0,9,7,E01026098,-1,0,0.0,0.0,-1,6,60,1,1,1,14:40,6,2,9
2023501375932,2023,501375932,2,1,2,2,22,5,3,0,0,1,0,0,9,4,E01020284,3,1,0.0,1.0,-1,6,30,2,4,2,23:45,6,2,9
2023101346399,2023,101346399,2,1,1,1,16,4,2,0,0,0,0,0,1,1,E01008608,6,1,1.0,0.0,-1,7,40,1,1,1,17:45,4,2,1
2023010432767,2023,010432767,1,2,2,-1,-1,-1,3,0,0,2,0,0,9,6,E01002485,-1,0,0.0,1.0,-1,1,20,1,1,1,17:00,6,1,9
2023141390277,2023,141390277,1,1,2,1,79,11,3,0,0,2,0,0,9,7,E01005827,3,1,0.0,1.0,-1,6,40,1,4,1,16:50,2,1,9
2023471275361,2023,471275361,1,2,2,2,3,1,3,0,0,2,0,0,9,2,E01021183,3,1,0.0,1.0,-1,6,60,2,1,2,15:55,1,1,9
2023552400212,2023,552400212,2,1,1,1,66,10,3,0,0,0,0,0,9,8,E01020458,-1,0,0.0977,0.9023,-1,6,60,1,1,1,11:43,2,3,9
2023631332309,2023,631332309,1,1,1,2,20,4,3,0,0,0,0,0,9,4,W01000754,3,1,0.0,1.0,-1,3,70,1,1,1,07:30,6,2,9
2023461323198,2023,461323198,1,1,2,2,12,3,3,0,0,0,-1,0,11,10,E01024423,3,1,0.0,1.0,-1,3,30,1,1,1,16:37,4,1,11
2023010422936,2023,010422936,1,3,3,1,30,6,2,6,9,0,0,0,0,4,E01002042,-1,0,1.0,0.0,-1,6,20,1,4,1,19:12,1,2,9
2023522300390,2023,522300390,2,1,1,1,58,9,3,0,0,0,0,0,1,10,E01014759,-1,0,0.05381,0.94619,-1,1,30,2,4,2,18:00,4,2,1
2023501361655,2023,501361655,1,1,1,2,79,11,3,0,0,0,0,0,9,8,E01015124,3,1,0.0,1.0,-1,6,30,1,1,1,17:42,1,1,9
2023161339430,2023,161339430,1,1,1,1,43,7,3,0,0,0,0,0,19,-1,-1,3,1,0.0,1.0,-1,6,30,2,1,2,20:40,6,2,19
2023371313748,2023,371313748,1,1,1,2,64,9,3,0,0,0,0,0,9,7,E01030096,3,1,0.0,1.0,-1,6,30,1,1,1,16:20,3,6,9
2023101270492,2023,101270492,2,1,1,2,60,9,3,0,0,0,0,0,9,-1,-1,3,1,0.0,1.0,-1,3,30,1,4,1,18:45,1,2,9
2023122400152,2023,122400152,1,1,1,1,57,9,3,0,0,0,0,0,9,-1,-1,-1,0,0.06521,0.93479,-1,6,60,7,1,2,15:05,6,2,9
2023010449286,2023,010449286,1,1,1,1,31,6,3,0,0,0,0,0,1,3,E01004528,-1,0,0.0,1.0,-1,9,20,1,1,1,17:43,5,2,1
2023061309581,2023,061309581,2,1,1,1,34,6,2,0,0,0,0,0,1,1,E01005496,6,1,1.0,0.0,-1,6,30,1,1,1,19:45,7,2,1
2023231353839,2023,231353839,2,2,1,1,20,4,3,0,0,0,0,0,9,9,E01009557,3,1,0.0,1.0,-1,6,30,1,1,1,14:54,6,2,9
2023201391021,2023,201391021,1,1,1,1,55,8,3,0,0,0,0,0,5,1,E01009307,3,1,0.0,1.0,-1,1,30,1,1,1,14:10,4,2,5
2023201379957,2023,201379957,1,9,2,1,-1,-1,3,0,0,2,0,0,9,2,E01010086,3,1,0.0,1.0,-1,6,30,1,7,1,15:37,7,5,9
2023440146591,2023,440146591,1,2,2,2,25,5,3,0,0,1,0,0,9,6,E01032884,-1,0,0.09482,0.90518,-1,6,40,2,4,2,20:05,6,2,9
2023461311661,2023,461311661,2,1,1,1,63,9,2,0,0,0,0,0,5,7,E01024572,6,1,1.0,0.0,-1,1,40,1,1,2,07:53,2,2,5
2023111349172,2023,111349172,2,4,2,2,21,5,2,0,0,1,0,0,9,-1,-1,5,1,1.0,0.0,-1,6,60,1,1,1,18:50,1,2,9
2023421352604,2023,421352604,3,1,1,2,31,6,2,0,0,0,0,0,9,4,E01021287,7,1,1.0,0.0,-1,3,40,1,1,1,13:17,5,3,9
2023451358283,2023,451358283,2,2,2,1,26,6,3,0,0,1,0,0,9,8,E01030534,3,1,0.0,1.0,-1,7,30,1,4,1,19:10,1,2,9
2023531374828,2023,531374828,1,3,2,1,22,5,3,0,0,-1,0,0,9,8,E01022412,3,1,0.0,1.0,-1,6,60,2,6,2,01:13,2,1,9
2023371291244,2023,371291244,1,1,1,1,75,10,3,0,0,0,0,0,9,10,E01029908,3,1,0.0,1.0,-1,6,30,2,1,2,10:30,3,2,9
2023201372988,2023,201372988,1,2,2,2,20,4,2,0,0,-1,0,0,9,7,E01010359,6,1,1.0,0.0,-1,6,30,1,4,1,02:40,7,1,9
2023302300306,2023,302300306,1,1,1,2,24,5,3,0,0,0,0,0,9,3,E01019496,-1,0,0.02575,0.97425,-1,6,60,9,1,1,15:40,2,3,9
2023351344171,2023,351344171,1,1,1,1,56,9,2,0,0,0,0,0,9,9,E01018029,5,1,1.0,0.0,-1,3,70,1,6,1,21:41,1,3,9
2023543265923,2023,543265923,2,2,2,2,65,9,3,0,0,1,0,0,9,9,E01015481,-1,0,0.03306,0.96694,-1,1,30,1,1,1,13:51,1,2,9
2023061360212,2023,061360212,2,1,1,1,39,7,2,0,0,0,0,0,4,2,E01025445,6,1,1.0,0.0,-1,6,30,1,4,2,06:45,6,2,4
2023131297589,2023,131297589,2,2,2,1,4,1,2,0,0,2,0,0,9,3,E01011125,5,1,1.0,0.0,-1,3,40,1,1,1,18:56,2,2,9
2023411322690,2023,411322690,1,1,2,2,44,7,3,0,0,-1,0,0,9,6,E01023874,3,1,0.0,1.0,-1,6,30,1,6,1,01:15,2,2,9
2023010477538,2023,010477538,2,1,1,1,55,8,3,0,0,0,0,0,23,2,E01004470,-1,0,0.0,1.0,-1,6,30,1,1,1,12:37,1,2,23
2023010430331,2023,010430331,1,1,1,2,25,5,3,0,0,0,0,0,9,9,E01001107,-1,0,0.0,1.0,-1,6,30,8,4,1,01:10,7,1,9
2023141311249,2023,141311249,2,1,2,2,51,8,3,0,0,1,0,0,9,3,E01007758,3,1,0.0,1.0,-1,6,30,1,1,1,19:30,3,2,9
2023451296217,2023,451296217,2,2,1,2,29,6,3,0,0,0,0,0,9,7,E01030738,3,1,0.0,1.0,-1,1,40,1,1,1,09:10,5,2,9
2023010443143,2023,010443143,1,1,1,1,36,7,2,0,0,0,0,0,1,1,E01033456,-1,0,1.0,0.0,-1,3,30,1,1,1,18:28,2,1,1
2023061318017,2023,061318017,1,1,3,2,15,3,3,1,1,0,0,-1,0,5,E01004767,3,1,0.0,1.0,-1,6,30,1,4,1,08:35,4,1,9
2023471332203,2023,471332203,2,1,1,2,44,7,3,0,0,0,0,0,9,1,E01020972,3,1,0.0,1.0,-1,6,30,1,1,1,15:17,3,2,9
2023522400300,2023,522400300,1,1,1,2,42,7,3,0,0,0,0,0,9,4,E01014573,-1,0,0.00224,0.99776,-1,6,30,1,1,1,13:30,2,2,9
2023061291849,2023,061291849,1,1,2,2,17,4,2,0,0,1,0,0,9,1,E01005552,5,1,1.0,0.0,-1,3,30,1,4,1,00:45,3,3,9
2023141369047,2023,141369047,1,1,1,1,56,9,3,0,0,0,0,0,9,1,E01007734,3,1,0.0,1.0,-1,1,40,2,4,2,06:00,3,2,9
2023421286967,2023,421286967,2,1,1,2,28,6,3,0,0,0,0,0,9,5,E01031190,3,1,0.0,1.0,-1,1,40,1,4,1,21:40,5,2,9
2023451313451,2023,451313451,2,1,2,2,5,1,3,0,0,2,0,0,9,7,E01030826,3,1,0.0,1.0,-1,6,40,1,1,1,15:53,6,2,9
2023131290304,2023,131290304,1,1,1,1,18,4,3,0,0,0,0,0,9,7,E01011159,3,1,0.0,1.0,-1,6,60,4,4,1,23:20,6,2,9
2023461280891,2023,461280891,3,1,1,2,51,8,3,0,0,0,0,0,9,9,E01024107,3,1,0.0,1.0,-1,3,70,1,6,1,17:30,5,3,9
2023010458143,2023,010458143,1,1,3,1,70,10,2,5,9,0,0,0,0,6,E01002609,-1,0,1.0,0.0,-1,6,20,9,1,1,16:00,1,1,9
2023010474297,2023,010474297,1,1,1,1,35,6,3,0,0,0,0,0,3,3,E01007966,-1,0,0.0,1.0,-1,6,20,8,1,1,13:50,5,2,3
2023421337242,2023,421337242,2,2,1,1,67,10,3,0,0,0,0,0,9,4,E01021835,3,1,0.0,1.0,-1,3,40,1,1,1,14:30,3,3,9
2023070212475,2023,070212475,1,1,1,1,18,4,3,0,0,0,0,0,3,8,E01018424,-1,0,0.11189,0.88811,-1,6,30,1,1,2,09:30,2,1,3
2023320726528,2023,320726528,3,1,1,1,39,7,3,0,0,0,0,0,9,10,E01026300,-1,0,0.00962,0.99038,-1,6,60,1,1,2,08:30,4,3,9
2023421297560,2023,421297560,1,1,1,1,17,4,3,0,0,0,0,0,9,9,E01021908,3,1,0.0,1.0,-1,6,60,1,1,1,18:21,2,1,9
2023430032159,2023,430032159,3,2,2,2,68,10,1,0,0,1,0,0,9,4,E01003740,-1,0,0.0,0.0,-1,3,70,1,1,1,08:13,2,6,9
2023461396496,2023,461396496,2,3,2,1,39,7,3,0,0,1,0,0,9,4,E01024429,3,1,0.0,1.0,-1,6,30,5,4,2,17:07,5,2,9
2023991351371,2023,991351371,2,1,1,1,57,9,3,0,0,0,0,0,90,5,-1,3,1,0.0,1.0,-1,6,30,1,1,1,14:40,2,2,90
2023141298625,2023,141298625,1,1,3,2,18,4,3,5,9,0,0,0,0,2,E01007783,3,1,0.0,1.0,-1,6,30,1,1,1,17:50,4,1,9
2023302301423,2023,302301423,1,1,3,1,53,8,3,9,8,0,0,0,0,3,E01032896,-1,0,0.17158,0.82842,-1,6,60,1,1,1,06:30,3,1,9
2023010471924,2023,010471924,2,1,1,1,37,7,3,0,0,0,0,0,1,5,E01001718,-1,0,0.0,1.0,-1,1,30,1,1,1,13:00,7,2,1
2023010468271,2023,010468271,1,1,1,1,30,6,3,0,0,0,0,0,9,4,E01002398,-1,0,0.0,1.0,-1,3,20,1,4,1,01:35,3,9,9
2023101316827,2023,101316827,1,2,1,1,16,4,3,0,0,0,0,0,97,3,E01027391,3,1,0.0,1.0,-1,6,30,1,1,1,14:30,5,2,97
2023010466706,2023,010466706,2,1,1,1,25,5,2,0,0,0,0,0,1,5,E01032911,-1,0,1.0,0.0,-1,6,20,1,1,1,08:25,2,2,1
2023041362730,2023,041362730,2,1,1,1,25,5,3,0,0,0,0,0,3,5,E01025604,3,1,0.0,1.0,-1,1,40,9,1,1,16:30,3,2,3
2023010427659,2023,010427659,1,1,1,1,69,10,2,0,0,0,0,0,5,4,E01002583,-1,0,1.0,0.0,-1,1,50,1,1,1,13:22,5,2,5
2023501287706,2023,501287706,2,1,1,1,63,9,3,0,0,0,0,0,5,2,E01018771,3,1,0.0,1.0,-1,6,30,1,1,1,14:40,2,2,5
2023010423950,2023,010423950,1,1,1,2,25,5,3,0,0,0,0,0,9,5,E01000450,-1,0,0.0,1.0,-1,3,30,1,4,1,23:45,6,2,9
2023052303072,2023,052303072,2,2,1,2,27,6,3,0,0,0,0,0,9,2,E01006618,-1,0,0.02965,0.97035,-1,6,20,1,4,2,19:32,3,2,9
2023311320055,2023,311320055,1,1,1,2,57,9,2,0,0,0,0,0,9,8,E01028303,5,1,1.0,0.0,-1,6,60,1,1,1,12:22,6,1,9
2023451285904,2023,451285904,1,1,1,2,58,9,3,0,0,0,0,0,9,5,E01021024,3,1,0.0,1.0,-1,6,40,1,1,2,15:30,1,1,9
2023101396475,2023,101396475,2,1,2,2,-1,-1,3,0,0,0,4,0,11,-1,-1,3,1,0.0,1.0,-1,1,30,9,1,1,11:40,4,2,11
2023991343792,2023,991343792,1,1,3,1,17,4,3,10,9,0,0,0,0,2,-1,3,1,0.0,1.0,-1,6,30,1,1,1,06:30,7,1,9
2023041370874,2023,041370874,2,1,1,1,47,8,3,0,0,0,0,0,9,8,E01024978,3,1,0.0,1.0,-1,3,40,1,1,1,11:39,1,2,9
2023411395002,2023,411395002,2,1,1,2,44,7,3,0,0,0,0,0,9,10,E01023735,3,1,0.0,1.0,-1,6,40,1,7,1,21:00,7,2,9
2023622300657,2023,622300657,1,1,1,2,29,6,3,0,0,0,0,0,9,7,E01009974,-1,0,0.07548,0.92452,-1,6,40,1,4,1,00:03,5,1,9
2023131372267,2023,131372267,1,1,3,1,9,2,3,5,4,0,0,2,0,1,E01010833,3,1,0.0,1.0,-1,6,30,1,4,2,17:20,4,1,9
2023351388941,2023,351388941,1,1,1,2,24,5,2,0,0,0,0,0,9,7,E01018064,5,1,1.0,0.0,-1,3,70,1,1,4,08:35,6,1,9
2023451370972,2023,451370972,2,5,1,1,42,7,3,0,0,0,0,0,9,10,E01022602,3,1,0.0,1.0,-1,3,60,1,6,2,17:45,1,3,9
2023421269726,2023,421269726,2,1,1,1,29,6,3,0,0,0,0,0,20,8,E01029921,3,1,0.0,1.0,-1,6,60,1,1,1,10:25,2,2,20
2023522301593,2023,522301593,2,1,1,2,25,5,3,0,0,0,0,0,-1,4,E01014699,-1,0,0.05491,0.94509,-1,1,30,1,1,1,17:28,5,2,-1
2023010462433,2023,010462433,2,1,1,2,-1,-1,3,0,0,0,0,0,1,-1,-1,-1,0,0.0,1.0,-1,6,20,1,1,1,16:10,6,2,1
2023471298501,2023,471298501,2,1,1,1,24,5,3,0,0,0,0,0,9,9,E01031532,3,1,0.0,1.0,-1,6,20,1,1,1,08:00,4,2,9
2023010429096,2023,010429096,1,1,1,1,44,7,3,0,0,0,0,0,9,8,E01002414,-1,0,0.0,1.0,-1,3,30,1,1,1,12:43,7,3,9
2023471361809,2023,471361809,2,2,2,1,11,3,3,0,0,1,0,0,9,4,E01031562,3,1,0.0,1.0,-1,6,30,1,1,1,17:34,4,2,9
2023547999523,2023,547999523,1,1,1,1,24,5,3,0,0,0,0,0,9,7,E01028713,-1,0,0.06117,0.93883,-1,3,30,2,1,2,18:03,1,1,9
2023522300521,2023,522300521,1,1,3,2,41,7,3,4,9,0,0,0,0,3,E01014646,-1,0,0.01614,0.98386,-1,2,20,1,1,1,10:00,4,1,9
2023010434720,2023,010434720,2,1,1,1,19,4,3,0,0,0,0,0,1,9,E01001281,-1,0,0.0,1.0,-1,6,20,1,4,1,19:50,3,2,1
2023010438888,2023,010438888,1,1,1,1,37,7,3,0,0,0,0,0,3,2,E01004287,-1,0,0.0,1.0,-1,6,20,1,4,1,21:56,7,2,3
2023131278970,2023,131278970,2,2,2,2,36,7,3,0,0,1,0,0,9,4,E01011875,3,1,0.0,1.0,-1,6,20,1,1,1,08:20,1,2,9
2023131363320,2023,131363320,2,1,2,2,15,3,3,0,0,0,0,0,9,-1,-1,3,1,0.0,1.0,-1,6,30,1,1,1,08:14,2,2,9
2023430158544,2023,430158544,2,1,1,1,63,9,3,0,0,0,0,0,9,10,E01017404,-1,0,0.00556,0.99444,-1,7,70,1,1,1,12:10,6,2,9
2023451309027,2023,451309027,2,3,1,2,36,7,3,0,0,0,0,0,9,6,E01022890,3,1,0.0,1.0,-1,6,30,1,1,1,15:35,5,2,9
2023547457523,2023,547457523,1,1,1,1,57,9,3,0,0,0,0,0,9,6,E01022187,-1,0,0.03694,0.96306,-1,3,50,1,1,1,11:48,1,2,9
2023010429606,2023,010429606,1,1,3,1,39,7,3,6,9,0,0,0,0,10,E01003464,-1,0,0.0,1.0,-1,6,20,1,1,1,08:50,3,1,19
2023010431732,2023,010431732,1,1,3,2,49,8,3,5,1,0,0,0,0,5,E01002613,-1,0,0.0,1.0,-1,6,20,1,1,1,07:44,1,1,9
2023010431721,2023,010431721,2,1,1,1,40,7,3,0,0,0,0,0,9,2,E01003338,-1,0,0.0,1.0,-1,6,30,2,4,2,04:00,1,2,9
2023101382845,2023,101382845,2,1,1,1,19,4,3,0,0,0,0,0,9,7,E01008323,3,1,0.0,1.0,-1,1,50,1,1,1,18:30,7,2,9
2023161292110,2023,161292110,2,1,2,2,18,4,3,0,0,1,0,0,9,8,E01013102,3,1,0.0,1.0,-1,6,60,1,6,2,22:37,2,2,9
2023522300695,2023,522300695,1,2,2,2,29,6,3,0,0,1,0,0,9,-1,-1,-1,0,0.05161,0.94839,-1,6,30,9,4,1,01:34,5,1,9
2023010435027,2023,010435027,1,1,2,1,66,10,3,0,0,0,4,0,11,1,E01004256,-1,0,0.0,1.0,-1,6,20,1,1,1,15:44,5,1,11
2023131387887,2023,131387887,1,1,1,2,78,11,3,0,0,0,0,0,9,6,E01011308,3,1,0.0,1.0,-1,6,20,1,1,1,11:12,4,2,9
2023401293828,2023,401293828,2,2,2,2,25,5,3,0,0,1,0,0,9,7,E01033432,3,1,0.0,1.0,-1,6,30,2,4,2,23:10,7,2,9
2023451309558,2023,451309558,2,1,1,2,58,9,3,0,0,0,0,0,9,6,E01031658,3,1,0.0,1.0,-1,3,50,1,1,1,11:37,7,2,9
2023461387853,2023,461387853,1,2,2,2,38,7,3,0,0,2,0,0,9,6,E01024520,3,1,0.0,1.0,-1,6,40,6,1,3,06:05,7,2,9
2023471332626,2023,471332626,2,1,1,1,28,6,3,0,0,0,0,0,9,-1,-1,3,1,0.0,1.0,-1,1,30,2,1,2,13:35,7,2,9
2023501312467,2023,501312467,1,2,1,2,29,6,3,0,0,0,0,0,9,6,E01019061,3,1,0.0,1.0,-1,6,60,1,6,1,02:40,2,1,9
2023052300068,2023,052300068,2,1,1,1,20,4,3,0,0,0,0,0,1,1,E01006697,-1,0,0.0903,0.9097,-1,6,30,1,4,1,16:50,5,2,1
2023451312383,2023,451312383,2,1,1,1,27,6,3,0,0,0,0,0,1,-1,-1,3,1,0.0,1.0,-1,6,30,1,1,1,12:30,1,2,1