collision_index,collision_year,collision_ref_no,vehicle_reference,casualty_reference,casualty_class,sex_of_casualty,age_of_casualty,age_band_of_casualty,casualty_severity,pedestrian_location,pedestrian_movement,car_passenger,bus_or_coach_passenger,pedestrian_road_maintenance_worker,casualty_type,casualty_imd_decile,lsoa_of_casualty,enhanced_casualty_severity,casualty_injury_based,casualty_adjusted_severity_serious,casualty_adjusted_severity_slight,casualty_distance_banding,road_type,speed_limit,weather_conditions,light_conditions,road_surface_conditions,time,day_of_week,number_of_vehicles,vehicle_type
2023122301271,2023,122301271,1,1,1,1,61,9,3,0,0,0,0,0,4,7,E01027799,-1,0,0.15198,0.84802,-1,6,30,1,1,2,13:52,6,2,4
2023552400098,2023,552400098,1,1,3,1,75,10,2,5,4,0,0,0,0,3,E01020556,-1,0,1.0,0.0,-1,6,30,1,1,1,16:48,4,1,9
2023010481056,2023,010481056,1,1,1,1,35,6,3,0,0,0,0,0,3,1,E01033701,-1,0,0.0,1.0,-1,3,20,4,4,2,22:50,3,2,3
2023170M11983,2023,170M11983,1,1,2,2,18,4,3,0,0,1,0,0,8,4,E01020896,-1,0,0.01173,0.98827,-1,6,30,2,1,2,12:16,1,2,8
2023010448883,2023,010448883,1,1,1,1,32,6,3,0,0,0,0,0,9,4,E01003147,-1,0,0.0,1.0,-1,6,20,1,4,1,23:40,3,2,9
2023052302539,2023,052302539,2,3,2,2,10,2,3,0,0,2,0,0,9,1,E01006981,-1,0,0.0292,0.9708,-1,6,30,1,1,1,11:35,2,2,9
2023111298707,2023,111298707,2,4,1,1,17,4,3,0,0,0,0,0,9,8,E01020622,3,1,0.0,1.0,-1,6,60,1,1,1,16:30,1,3,9
2023421281107,2023,421281107,2,1,1,1,34,6,3,0,0,0,0,0,9,8,E01033460,3,1,0.0,1.0,-1,6,30,1,4,1,17:14,5,2,9
2023061282078,2023,061282078,1,1,3,1,10,2,3,1,3,0,0,0,0,2,E01005559,3,1,0.0,1.0,-1,3,30,1,4,2,17:40,2,1,9
2023991317462,2023,991317462,1,1,3,1,11,3,2,6,9,0,0,2,0,-1,-1,7,1,1.0,0.0,-1,6,20,1,1,1,18:05,3,1,9
2023010454750,2023,010454750,1,1,1,2,20,4,2,0,0,0,0,0,3,6,E01002617,-1,0,1.0,0.0,-1,6,30,1,1,2,08:45,4,2,3
2023201409883,2023,201409883,1,2,2,1,11,3,3,0,0,2,0,0,9,2,E01029734,3,1,0.0,1.0,-1,6,30,1,1,2,14:45,6,2,9
2023332300364,2023,332300364,1,1,1,1,42,7,3,0,0,0,0,0,9,9,E01025921,-1,0,0.0231,0.9769,-1,6,30,1,1,1,12:10,3,2,9
2023401372951,2023,401372951,1,1,1,1,53,8,3,0,0,0,0,0,9,5,E01017384,3,1,0.0,1.0,-1,6,30,2,4,2,19:47,3,1,9
2023610019223,2023,610019223,1,1,1,1,28,6,3,0,0,0,0,0,4,1,W01001652,-1,0,0.21338,0.78662,-1,3,70,1,1,1,10:03,1,1,4
2023052302259,2023,052302259,1,1,1,1,22,5,3,0,0,0,0,0,9,3,E01007178,-1,0,0.03874,0.96126,-1,6,30,1,1,1,10:30,7,2,9
2023111277424,2023,111277424,2,1,1,1,30,6,3,0,0,0,0,0,9,10,E01020712,3,1,0.0,1.0,-1,3,30,8,1,1,15:50,7,2,9
2023302301913,2023,302301913,2,1,1,2,55,8,3,0,0,0,0,0,9,9,E01025951,-1,0,0.04221,0.95779,-1,6,30,1,1,2,14:30,7,2,9
2023421322614,2023,421322614,1,3,1,2,43,7,3,0,0,0,0,0,9,3,E01015856,3,1,0.0,1.0,-1,6,30,1,1,1,09:10,6,2,9
2023440513122,2023,440513122,1,1,1,2,61,9,3,0,0,0,0,0,9,6,E01022812,-1,0,0.03799,0.96201,-1,1,30,1,1,1,13:37,7,2,9
2023520000662,2023,520000662,1,1,1,1,51,8,3,0,0,0,0,0,9,7,E01033079,-1,0,0.01472,0.98528,-1,6,40,2,7,2,07:54,3,2,9
2023061379846,2023,061379846,2,1,1,1,34,6,3,0,0,0,0,0,1,-1,-1,3,1,0.0,1.0,-1,1,30,2,4,2,06:51,6,2,1
2023231338112,2023,231338112,2,2,1,2,38,7,3,0,0,0,0,0,9,6,E01010223,3,1,0.0,1.0,-1,6,30,1,1,1,07:42,2,2,9
2023501389464,2023,501389464,1,1,2,1,11,3,3,0,0,-1,0,0,9,6,E01020207,3,1,0.0,1.0,-1,6,30,1,1,1,19:50,2,1,9
2023522301506,2023,522301506,2,1,1,1,38,7,3,0,0,0,0,0,-1,4,E01014699,-1,0,0.07161,0.92839,-1,3,30,1,1,1,10:00,5,2,-1
2023161391951,2023,161391951,1,1,3,1,5,1,3,8,1,0,0,2,0,1,E01013161,3,1,0.0,1.0,-1,6,30,8,1,1,09:51,1,1,9
2023501339136,2023,501339136,1,1,3,1,25,5,3,9,5,0,0,0,0,6,E01019058,3,1,0.0,1.0,-1,9,20,1,1,1,10:30,1,1,9
2023070976886,2023,070976886,2,1,1,1,22,5,3,0,0,0,0,0,1,3,E01018557,-1,0,0.0833,0.9167,-1,6,20,1,1,1,15:36,7,2,1
2023101388667,2023,101388667,2,1,1,2,40,7,3,0,0,0,0,0,1,8,E01008469,3,1,0.0,1.0,-1,1,30,1,1,2,09:50,5,2,1
2023332300434,2023,332300434,1,1,1,1,27,6,3,0,0,0,0,0,1,2,E01032873,-1,0,0.00753,0.99247,-1,6,30,1,1,1,12:30,6,2,1
2023531258726,2023,531258726,2,1,1,1,59,9,3,0,0,0,0,0,1,6,E01022414,3,1,0.0,1.0,-1,6,20,2,4,2,16:40,1,2,1
2023010458267,2023,010458267,1,3,2,2,22,5,3,0,0,9,0,0,9,1,E01004324,-1,0,0.0,1.0,-1,6,30,8,1,1,13:15,7,2,9
2023302301735,2023,302301735,2,1,1,2,32,6,3,0,0,0,0,0,9,2,E01028983,-1,0,0.03469,0.96531,-1,6,30,1,4,2,16:40,1,2,9
2023332301053,2023,332301053,2,8,2,2,53,8,3,0,0,2,0,0,9,8,E01001398,-1,0,0.03836,0.96164,-1,1,50,1,4,2,00:49,6,2,9
2023501324911,2023,501324911,2,1,1,2,64,9,3,0,0,0,0,0,9,4,E01020052,3,1,0.0,1.0,-1,6,60,1,1,1,09:26,7,3,9
2023010454620,2023,010454620,1,1,1,2,32,6,3,0,0,0,0,0,3,3,E01000510,-1,0,0.0,1.0,-1,9,20,8,1,1,16:32,2,2,3
2023311286281,2023,311286281,1,1,1,2,46,8,3,0,0,0,0,0,9,9,E01028054,3,1,0.0,1.0,-1,6,30,1,7,1,19:30,3,2,9
2023401390647,2023,401390647,3,2,2,2,5,1,3,0,0,-1,0,0,9,7,E01015659,3,1,0.0,1.0,-1,7,70,1,4,1,18:50,7,4,9
2023471347783,2023,471347783,3,1,2,2,13,3,3,0,0,2,0,0,9,7,E01031379,3,1,0.0,1.0,-1,3,20,1,1,1,16:42,6,3,9
2023052300708,2023,052300708,1,1,3,1,9,2,3,5,1,0,0,0,0,-1,-1,-1,0,0.13312,0.86688,-1,2,30,1,1,1,15:50,1,1,9
2023542440223,2023,542440223,1,1,3,2,75,10,3,10,3,0,0,0,0,1,E01015507,-1,0,0.10687,0.89313,-1,6,20,1,1,2,09:45,2,1,9
2023061280900,2023,061280900,2,1,1,1,27,6,3,0,0,0,0,0,9,5,E01005254,3,1,0.0,1.0,-1,6,30,2,1,-1,11:40,5,2,9
2023201288827,2023,201288827,2,1,1,2,41,7,3,0,0,0,0,0,9,2,E01010065,3,1,0.0,1.0,-1,6,30,1,1,4,06:52,2,4,9
2023231313141,2023,231313141,2,1,1,1,81,11,3,0,0,0,0,0,3,6,E01031283,3,1,0.0,1.0,-1,1,30,1,1,1,13:30,7,2,3
202360A053977,2023,60A053977,2,1,2,2,25,5,3,0,0,2,0,0,9,-1,-1,-1,0,0.02897,0.97103,-1,6,30,1,1,1,18:40,5,2,9
2023010468635,2023,010468635,1,1,1,1,34,6,3,0,0,0,0,0,3,8,E01000393,-1,0,0.0,1.0,-1,6,20,1,1,9,14:50,3,2,3
2023201391694,2023,201391694,1,1,1,2,84,11,3,0,0,0,0,0,9,5,E01009721,3,1,0.0,1.0,-1,6,30,1,1,1,13:51,5,3,9
2023361368440,2023,361368440,1,1,1,1,74,10,3,0,0,0,0,0,9,5,E01018084,3,1,0.0,1.0,-1,6,40,1,1,1,09:52,2,2,9
2023461275656,2023,461275656,2,3,2,2,9,2,3,0,0,2,0,0,9,9,E01024853,3,1,0.0,1.0,-1,7,70,1,1,1,08:23,5,2,9
2023440262396,2023,440262396,1,2,2,1,20,4,3,0,0,0,0,0,19,4,E01017171,-1,0,0.16911,0.83089,-1,6,60,1,6,1,23:35,6,1,19
2023471383486,2023,471383486,1,1,3,1,46,8,2,7,1,0,0,0,0,6,E01031712,7,1,1.0,0.0,-1,6,30,1,1,2,07:05,4,1,19
2023221295639,2023,221295639,2,1,1,1,38,7,3,0,0,0,0,0,1,6,E01028868,3,1,0.0,1.0,-1,6,30,1,1,1,12:40,7,2,1
2023501279744,2023,501279744,1,1,1,1,27,6,2,0,0,0,0,0,2,-1,-1,5,1,1.0,0.0,-1,6,30,1,1,1,10:24,4,2,2
2023131302138,2023,131302138,2,1,1,1,54,8,2,0,0,0,0,0,5,6,E01011598,6,1,1.0,0.0,-1,6,30,1,1,1,18:30,6,2,5
2023010459367,2023,010459367,2,1,3,2,46,8,3,6,9,0,0,0,0,2,E01003288,-1,0,0.0,1.0,-1,6,20,8,1,1,16:15,2,2,19
2023010472361,2023,010472361,2,1,1,1,38,7,3,0,0,0,0,0,5,5,E01003433,-1,0,0.0,1.0,-1,6,20,1,4,1,20:25,2,2,5
2023131298554,2023,131298554,2,1,1,1,50,8,3,0,0,0,0,0,9,1,E01011358,3,1,0.0,1.0,-1,6,40,1,1,1,08:40,4,2,9
2023471318233,2023,471318233,1,1,1,2,80,11,3,0,0,0,0,0,9,2,E01031371,3,1,0.0,1.0,-1,6,30,1,1,1,14:06,3,2,9
2023010420500,2023,010420500,1,1,3,2,23,5,3,1,2,0,0,0,0,7,E01001888,-1,0,0.0,1.0,-1,6,20,2,1,2,09:54,3,1,9
2023451301655,2023,451301655,1,1,3,2,6,2,3,1,3,0,0,0,0,7,E01002999,3,1,0.0,1.0,-1,6,30,1,1,1,15:07,4,1,9
2023501298536,2023,501298536,1,1,3,1,33,6,2,5,1,0,0,0,0,2,E01015082,7,1,1.0,0.0,-1,6,30,1,4,1,03:47,1,1,9
2023010426362,2023,010426362,2,1,1,1,31,6,3,0,0,0,0,0,1,1,E01033604,-1,0,0.0,1.0,-1,3,30,1,4,1,19:20,5,2,1
2023010465229,2023,010465229,2,1,1,1,23,5,2,0,0,0,0,0,9,2,E01001078,-1,0,1.0,0.0,-1,6,40,1,6,1,06:05,2,2,9
2023061324610,2023,061324610,2,2,1,1,29,6,2,0,0,0,0,0,9,4,E01025213,7,1,1.0,0.0,-1,6,30,2,4,2,19:55,6,2,9
2023201280058,2023,201280058,1,1,1,2,55,8,3,0,0,0,0,0,9,10,E01009470,3,1,0.0,1.0,-1,6,30,1,1,1,12:30,1,1,9
2023421299319,2023,421299319,2,3,2,2,25,5,3,0,0,1,0,0,9,-1,-1,3,1,0.0,1.0,-1,6,50,5,1,2,19:00,4,2,9
2023421317611,2023,421317611,2,1,1,2,53,8,3,0,0,0,0,0,9,4,E01021774,3,1,0.0,1.0,-1,6,50,1,1,1,11:21,2,2,9
2023461352222,2023,461352222,2,6,2,1,15,3,3,0,0,0,-1,0,11,5,E01024692,3,1,0.0,1.0,-1,6,30,1,1,1,14:40,6,3,11
2023010439389,2023,010439389,1,1,3,1,38,7,3,1,1,0,0,0,0,7,E01001495,-1,0,0.0,1.0,-1,6,20,1,1,1,07:10,3,1,9
2023440062480,2023,440062480,1,1,3,1,23,5,2,1,1,0,0,0,0,-1,-1,-1,0,1.0,0.0,-1,6,30,1,1,1,14:23,3,1,9
2023501260625,2023,501260625,1,1,3,1,56,9,3,9,7,0,0,0,0,4,E01020097,3,1,0.0,1.0,-1,6,60,2,6,2,07:50,6,1,9
2023461267509,2023,461267509,2,2,2,2,78,11,3,0,0,2,0,0,9,7,E01032822,3,1,0.0,1.0,-1,6,40,1,1,2,09:59,5,2,9
2023351349554,2023,351349554,1,1,1,2,42,7,3,0,0,0,0,0,9,3,E01018094,3,1,0.0,1.0,-1,6,30,1,1,1,09:55,6,2,9
2023401391070,2023,401391070,1,2,2,1,21,5,3,0,0,1,0,0,9,2,E01015726,3,1,0.0,1.0,-1,6,60,1,6,1,19:36,3,1,9
2023461396041,2023,461396041,1,1,1,2,24,5,3,0,0,0,0,0,9,4,E01016164,3,1,0.0,1.0,-1,6,30,1,4,1,21:56,6,2,9
2023522400588,2023,522400588,1,1,1,2,16,4,3,0,0,0,0,0,-1,1,E01014653,-1,0,0.07709,0.92291,-1,6,20,1,1,1,18:40,5,2,-1
2023010450681,2023,010450681,1,1,1,1,30,6,3,0,0,0,0,0,3,1,E01002095,-1,0,0.0,1.0,-1,6,20,1,1,1,18:05,4,2,3
2023122300884,2023,122300884,2,1,1,1,53,8,2,0,0,0,0,0,5,5,E01027582,-1,0,1.0,0.0,-1,6,60,4,1,1,15:42,7,2,5
2023010472145,2023,010472145,1,1,1,2,76,11,3,0,0,0,0,0,9,2,E01001250,-1,0,0.0,1.0,-1,6,40,2,4,2,18:20,6,3,9
2023131264570,2023,131264570,2,1,1,1,33,6,3,0,0,0,0,0,9,3,E01010805,3,1,0.0,1.0,-1,3,70,8,1,4,07:56,3,3,9
2023991328443,2023,991328443,1,2,1,1,75,10,2,0,0,0,0,0,9,3,-1,6,1,1.0,0.0,-1,6,40,1,1,1,12:25,3,2,9
2023141355297,2023,141355297,1,1,1,1,86,11,3,0,0,0,0,0,22,3,E01007510,3,1,0.0,1.0,-1,6,30,1,1,1,10:51,6,2,22
2023010482726,2023,010482726,1,1,1,1,47,8,3,0,0,0,0,0,9,3,E01000944,-1,0,0.0,1.0,-1,3,20,1,4,2,01:00,6,6,9
2023991372400,2023,991372400,3,1,2,2,60,9,3,0,0,1,0,0,9,10,-1,3,1,0.0,1.0,-1,3,50,2,1,2,07:52,4,3,9
2023201288519,2023,201288519,1,1,1,1,35,6,3,0,0,0,0,0,9,2,W01001693,3,1,0.0,1.0,-1,6,30,1,1,1,16:49,6,2,9
2023052301869,2023,052301869,2,2,1,2,36,7,3,0,0,0,0,0,9,3,E01018534,-1,0,0.03153,0.96847,-1,6,30,1,1,1,09:30,5,2,9
2023061386532,2023,061386532,2,4,2,1,3,1,3,0,0,2,0,0,9,-1,-1,3,1,0.0,1.0,-1,6,20,1,1,-1,15:21,3,2,9
2023101261304,2023,101261304,1,1,1,2,24,5,3,0,0,0,0,0,9,3,E01008379,3,1,0.0,1.0,-1,3,70,1,6,1,22:10,2,2,9
2023010458245,2023,010458245,1,1,1,1,34,6,2,0,0,0,0,0,4,4,E01001087,-1,0,1.0,0.0,-1,6,30,1,1,1,19:29,2,2,4
2023131312384,2023,131312384,2,3,2,2,15,3,3,0,0,2,0,0,9,7,E01010973,3,1,0.0,1.0,-1,6,30,1,1,1,17:30,7,2,9
2023430061712,2023,430061712,1,2,2,1,28,6,3,0,0,1,0,0,9,10,E01017742,-1,0,0.03593,0.96407,-1,2,30,1,1,1,15:00,5,2,9
2023631321843,2023,631321843,1,2,1,2,52,8,3,0,0,0,0,0,9,3,W01001448,3,1,0.0,1.0,-1,6,60,1,1,1,20:50,2,2,9
2023501311592,2023,501311592,1,1,3,1,12,3,3,5,1,0,0,0,0,7,E01020258,3,1,0.0,1.0,-1,6,30,1,1,1,17:45,2,1,9
2023101374439,2023,101374439,1,2,3,1,35,6,3,9,5,0,0,0,0,-1,-1,3,1,0.0,1.0,-1,6,30,1,4,2,19:00,6,1,8
2023010480309,2023,010480309,1,1,1,1,61,9,3,0,0,0,0,0,1,7,E01002835,-1,0,0.0,1.0,-1,6,20,1,1,1,11:33,7,2,1
2023221373908,2023,221373908,2,1,1,1,48,8,2,0,0,0,0,0,9,3,E01032321,5,1,1.0,0.0,-1,6,50,2,4,2,15:40,1,2,9
2023430025346,2023,430025346,1,1,1,1,46,8,3,0,0,0,0,0,9,4,E01016439,-1,0,0.05516,0.94484,-1,6,30,1,4,4,20:20,3,1,9
2023501317867,2023,501317867,1,1,1,2,54,8,3,0,0,0,0,0,9,3,E01019005,3,1,0.0,1.0,-1,6,60,1,6,1,00:38,3,1,9
2023522400554,2023,522400554,2,2,1,2,36,7,3,0,0,0,0,0,9,1,E01014663,-1,0,0.02691,0.97309,-1,6,20,1,1,1,15:02,6,2,9
2023010439851,2023,010439851,2,1,1,2,23,5,3,0,0,0,0,0,1,2,E01000904,-1,0,0.0,1.0,-1,6,20,1,1,2,16:14,5,2,1
2023010482236,2023,010482236,2,2,1,2,24,5,3,0,0,0,0,0,9,-1,-1,-1,0,0.0,1.0,-1,6,20,1,4,1,22:45,3,2,9
2023101384147,2023,101384147,1,2,2,1,64,9,3,0,0,2,0,0,9,9,E01008722,3,1,0.0,1.0,-1,6,30,1,4,2,22:50,5,2,9
2023340NN3282,2023,340NN3282,2,1,1,1,22,5,3,0,0,0,0,0,9,7,E01027102,-1,0,0.05453,0.94547,-1,3,70,2,1,2,18:30,1,2,9
2023440231690,2023,440231690,1,4,1,1,19,4,3,0,0,0,0,0,9,9,E01023115,-1,0,0.06432,0.93568,-1,6,30,1,1,1,19:25,1,2,9
2023340WN0552,2023,340WN0552,2,1,1,1,12,3,3,0,0,0,0,0,1,8,E01027217,-1,0,0.04016,0.95984,-1,6,30,1,1,2,08:15,4,2,1
2023430150703,2023,430150703,1,1,3,1,29,6,3,6,9,0,0,0,0,3,E01033422,-1,0,0.07598,0.92402,-1,6,30,1,1,1,07:58,5,1,9
2023010426192,2023,010426192,1,1,1,1,40,7,2,0,0,0,0,0,1,3,E01000058,-1,0,1.0,0.0,-1,3,50,1,4,2,05:46,5,1,1
2023471351059,2023,471351059,2,1,1,2,57,9,3,0,0,0,0,0,2,8,E01031542,3,1,0.0,1.0,-1,6,40,1,1,1,09:40,1,2,2
2023010471083,2023,010471083,2,1,2,1,11,3,3,0,0,2,0,0,9,4,E01004569,-1,0,0.0,1.0,-1,6,30,1,1,1,08:15,3,2,9
2023340NN2452,2023,340NN2452,1,2,2,1,20,4,3,0,0,2,0,0,9,5,E01027062,-1,0,0.14915,0.85085,-1,6,60,1,1,1,18:00,4,2,9
2023340WN0952,2023,340WN0952,2,1,2,1,21,5,3,0,0,1,0,0,9,-1,-1,-1,0,0.01537,0.98463,-1,1,30,1,1,1,16:09,4,2,9
2023010471796,2023,010471796,1,1,1,2,25,5,3,0,0,0,0,0,9,6,E01001565,-1,0,0.0,1.0,-1,6,30,1,1,1,15:15,6,2,9
2023201284467,2023,201284467,1,2,2,1,24,5,3,0,0,1,0,0,9,3,E01008936,3,1,0.0,1.0,-1,3,30,1,4,1,23:45,4,2,9
2023201289791,2023,201289791,1,1,1,1,59,9,3,0,0,0,0,0,9,3,E01010458,3,1,0.0,1.0,-1,6,30,1,1,1,13:37,2,2,9
2023411318573,2023,411318573,1,1,2,2,26,6,3,0,0,1,0,0,9,-1,-1,3,1,0.0,1.0,-1,7,70,1,1,-1,18:00,5,1,9
202360A116483,2023,60A116483,1,1,1,1,71,10,3,0,0,0,0,0,9,-1,-1,-1,0,0.1311,0.8689,-1,6,30,1,1,1,09:23,2,1,9
2023010475474,2023,010475474,2,1,1,2,31,6,3,0,0,0,0,0,1,2,E01004471,-1,0,0.0,1.0,-1,6,20,2,1,2,08:47,5,2,1
2023010440907,2023,010440907,1,1,1,1,24,5,3,0,0,0,0,0,3,3,E01003146,-1,0,0.0,1.0,-1,9,20,1,1,1,14:00,4,2,3
2023320720119,2023,320720119,1,1,1,1,27,6,2,0,0,0,0,0,5,6,E01026107,-1,0,1.0,0.0,-1,6,50,2,1,2,11:34,3,2,5
2023031260491,2023,031260491,2,1,1,2,54,8,3,0,0,0,0,0,9,8,E01016823,3,1,0.0,1.0,-1,3,70,5,6,2,19:55,5,4,9
2023302300314,2023,302300314,2,1,1,2,39,7,3,0,0,0,0,0,9,8,E01005277,-1,0,0.03148,0.96852,-1,3,70,1,1,1,06:36,2,3,9
2023320472381,2023,320472381,1,1,1,2,27,6,3,0,0,0,0,0,9,4,E01026253,-1,0,0.02624,0.97376,-1,6,30,1,1,1,17:08,3,2,9
2023421322614,2023,421322614,2,2,2,2,3,1,3,0,0,2,0,0,9,-1,-1,3,1,0.0,1.0,-1,6,30,1,1,1,09:10,6,2,9
2023430018136,2023,430018136,2,1,1,1,37,7,3,0,0,0,0,0,3,8,E01028536,-1,0,0.10308,0.89692,-1,6,30,2,1,2,08:20,6,2,3
2023361384666,2023,361384666,1,1,3,1,35,6,3,5,9,0,0,0,0,-1,-1,3,1,0.0,1.0,-1,6,30,1,4,2,17:30,5,1,9
2023010454942,2023,010454942,1,1,3,1,12,3,3,5,1,0,0,0,0,6,E01032768,-1,0,0.0,1.0,-1,6,20,1,1,1,07:54,5,1,9
2023451309482,2023,451309482,2,1,1,1,29,6,3,0,0,0,0,0,3,8,E01030359,3,1,0.0,1.0,-1,6,30,1,1,1,10:00,7,2,3
2023061345268,2023,061345268,1,3,1,1,38,7,3,0,0,0,0,0,9,-1,-1,3,1,0.0,1.0,-1,6,20,1,1,1,18:51,5,3,9
2023070340301,2023,070340301,1,1,1,1,33,6,3,0,0,0,0,0,9,1,E01012682,-1,0,0.1661,0.8339,-1,6,60,1,7,1,22:30,7,1,9
2023201360154,2023,201360154,1,1,1,1,51,8,3,0,0,0,0,0,9,6,E01010075,3,1,0.0,1.0,-1,6,30,8,1,1,15:30,1,2,9
2023311351809,2023,311351809,1,2,1,2,74,10,3,0,0,0,0,0,9,-1,-1,3,1,0.0,1.0,-1,6,30,2,1,2,08:30,3,2,9
2023351353537,2023,351353537,1,1,1,1,27,6,3,0,0,0,0,0,9,8,E01018223,3,1,0.0,1.0,-1,6,60,1,6,1,20:19,4,2,9
2023991277707,2023,991277707,1,2,1,1,56,9,2,0,0,0,0,0,9,-1,-1,7,1,1.0,0.0,-1,6,60,5,6,2,06:25,6,1,9
2023231328059,2023,231328059,1,1,1,1,23,5,3,0,0,0,0,0,21,1,E01007544,3,1,0.0,1.0,-1,1,60,1,1,1,09:30,6,2,21
2023101348844,2023,101348844,1,1,3,1,16,4,3,5,1,0,0,0,0,6,E01027368,3,1,0.0,1.0,-1,6,30,1,1,1,17:00,2,1,9
2023546172723,2023,546172723,1,1,3,2,13,3,3,6,9,0,0,0,0,-1,-1,-1,0,0.01273,0.98727,-1,6,30,1,1,1,07:45,2,1,9
2023401260299,2023,401260299,2,1,1,1,41,7,3,0,0,0,0,0,1,2,E01015807,3,1,0.0,1.0,-1,1,30,2,4,2,00:05,2,2,1
2023010431771,2023,010431771,1,1,1,1,22,5,3,0,0,0,0,0,3,5,E01003414,-1,0,0.0,1.0,-1,6,20,2,4,2,19:15,7,2,3
2023031300880,2023,031300880,2,1,1,1,47,8,3,0,0,0,0,0,8,3,E01019236,3,1,0.0,1.0,-1,6,30,1,4,1,22:52,3,2,8
2023010466676,2023,010466676,1,1,3,1,25,5,3,9,5,0,0,0,0,2,E01001339,-1,0,0.0,1.0,-1,2,20,1,4,1,23:03,1,1,9
2023201340188,2023,201340188,1,1,1,1,33,6,3,0,0,0,0,0,19,1,E01010283,3,1,0.0,1.0,-1,6,30,1,1,1,18:50,6,2,19
2023211299823,2023,211299823,1,1,1,1,21,5,3,0,0,0,0,0,19,10,W01001087,3,1,0.0,1.0,-1,6,60,1,6,2,22:10,6,1,19
2023161387888,2023,161387888,2,2,1,1,77,11,3,0,0,0,0,0,9,9,E01013120,3,1,0.0,1.0,-1,6,60,1,1,2,14:52,4,3,9
2023451367850,2023,451367850,2,3,1,2,62,9,3,0,0,0,0,0,9,8,E01024721,3,1,0.0,1.0,-1,6,30,1,4,1,16:53,6,2,9
2023440102827,2023,440102827,1,1,3,2,73,10,2,5,3,0,0,0,0,6,E01023121,-1,0,1.0,0.0,-1,6,30,1,1,1,08:40,3,1,9
2023010423915,2023,010423915,1,1,1,1,65,9,3,0,0,0,0,0,8,2,E01000040,-1,0,0.0,1.0,-1,6,30,1,1,1,16:54,6,4,8
2023361367473,2023,361367473,2,1,1,1,68,10,2,0,0,0,0,0,1,2,E01026865,6,1,1.0,0.0,-1,6,30,1,1,1,16:00,7,2,1
2023010437700,2023,010437700,1,1,3,2,13,3,3,5,3,0,0,0,0,4,E01000960,-1,0,0.0,1.0,-1,6,20,1,1,1,14:59,1,1,9
2023440407505,2023,440407505,1,1,3,1,32,6,3,9,9,0,0,0,0,5,E01017024,-1,0,0.12937,0.87063,-1,6,40,1,1,1,16:20,5,1,9
2023201378757,2023,201378757,1,2,2,1,31,6,3,0,0,1,0,0,9,4,E01009250,3,1,0.0,1.0,-1,6,30,1,1,1,20:31,4,2,9
2023010452581,2023,010452581,2,1,1,2,23,5,3,0,0,0,0,0,9,2,E01003501,-1,0,0.0,1.0,-1,6,30,1,1,1,11:59,7,2,9
2023010484482,2023,010484482,1,1,1,1,35,6,3,0,0,0,0,0,9,3,E01000499,-1,0,0.0,1.0,-1,6,30,1,4,1,23:15,7,2,9
2023041312620,2023,041312620,2,1,1,2,69,10,3,0,0,0,0,0,9,4,E01005996,3,1,0.0,1.0,-1,6,60,1,1,1,15:41,2,2,9
2023421372303,2023,421372303,1,4,2,2,17,4,2,0,0,1,0,0,9,5,E01021399,6,1,1.0,0.0,-1,6,60,1,6,2,18:18,4,2,9
2023522400816,2023,522400816,1,1,1,1,40,7,3,0,0,0,0,0,9,3,E01014673,-1,0,0.02467,0.97533,-1,6,30,1,1,1,10:10,4,2,9
2023531355066,2023,531355066,1,1,3,2,35,6,3,5,1,0,0,0,0,2,E01022328,3,1,0.0,1.0,-1,6,30,1,4,2,04:55,6,1,9
2023440021067,2023,440021067,1,1,1,2,20,4,2,0,0,0,0,0,2,5,E01017369,-1,0,1.0,0.0,-1,6,50,8,6,4,20:32,2,1,2
2023501265062,2023,501265062,1,1,3,1,40,7,3,10,9,0,0,2,0,-1,-1,3,1,0.0,1.0,-1,6,30,1,1,1,15:30,4,1,9
2023010438951,2023,010438951,1,1,2,2,3,1,3,0,0,0,3,0,11,4,E01004141,-1,0,0.0,1.0,-1,6,30,2,1,2,13:26,1,1,11
2023421290229,2023,421290229,2,1,1,1,71,10,2,0,0,0,0,0,9,8,E01021881,7,1,1.0,0.0,-1,6,60,5,1,2,16:08,6,2,9
2023431339576,2023,431339576,2,1,1,1,70,10,3,0,0,0,0,0,9,10,E01023673,3,1,0.0,1.0,-1,3,70,1,1,1,16:45,5,3,9
2023440043689,2023,440043689,1,1,1,2,29,6,3,0,0,0,0,0,1,1,E01032882,-1,0,0.12833,0.87167,-1,6,30,1,4,1,05:53,2,2,1
2023622300463,2023,622300463,1,1,3,1,33,6,3,9,5,0,0,0,0,8,W01001789,-1,0,0.08401,0.91599,-1,6,20,1,1,1,11:58,3,1,9
2023340WN6602,2023,340WN6602,1,1,1,1,18,4,3,0,0,0,0,0,1,4,E01027132,-1,0,0.11416,0.88584,-1,6,30,1,1,1,12:50,6,2,1
2023430257534,2023,430257534,1,1,1,1,63,9,3,0,0,0,0,0,5,-1,-1,-1,0,0.22714,0.77286,-1,1,60,1,1,2,10:24,2,1,5
2023061373096,2023,061373096,1,2,3,1,60,9,3,5,3,0,0,0,0,9,E01005868,3,1,0.0,1.0,-1,6,30,1,4,1,19:25,3,1,8