collision_index,collision_year,collision_ref_no,vehicle_reference,casualty_reference,casualty_class,sex_of_casualty,age_of_casualty,age_band_of_casualty,casualty_severity,pedestrian_location,pedestrian_movement,car_passenger,bus_or_coach_passenger,pedestrian_road_maintenance_worker,casualty_type,casualty_imd_decile,lsoa_of_casualty,enhanced_casualty_severity,casualty_injury_based,casualty_adjusted_severity_serious,casualty_adjusted_severity_slight,casualty_distance_banding,road_type,speed_limit,weather_conditions,light_conditions,road_surface_conditions,time,day_of_week,number_of_vehicles,vehicle_type
2023122301199,2023,122301199,2,2,1,1,70,10,2,0,0,0,0,0,9,6,E01027797,-1,0,1.0,0.0,-1,6,60,1,1,1,14:06,1,2,9
2023161276179,2023,161276179,1,1,3,2,5,1,3,6,9,0,0,0,0,-1,-1,3,1,0.0,1.0,-1,6,30,1,4,1,16:45,3,1,9
2023471285915,2023,471285915,1,1,3,2,16,4,2,5,1,0,0,0,0,5,E01031614,6,1,1.0,0.0,-1,6,30,1,4,2,20:18,1,1,9
2023101367539,2023,101367539,1,1,3,1,87,11,3,1,1,0,0,0,0,-1,-1,3,1,0.0,1.0,-1,6,20,8,4,2,17:46,5,1,9
2023010460646,2023,010460646,1,1,3,1,28,6,2,10,9,0,0,0,0,3,E01003565,-1,0,1.0,0.0,-1,6,20,1,4,1,00:05,3,1,9
2023501334104,2023,501334104,1,1,1,1,79,11,3,0,0,0,0,0,4,5,E01018842,3,1,0.0,1.0,-1,1,30,1,1,1,16:00,5,2,4
2023010422506,2023,010422506,1,1,3,2,33,6,3,6,9,0,0,0,0,6,E01001319,-1,0,0.0,1.0,-1,6,30,1,1,1,12:15,6,1,11
2023451283114,2023,451283114,1,1,3,1,37,7,2,6,9,0,0,0,0,-1,-1,6,1,1.0,0.0,-1,6,60,1,6,1,20:40,6,1,9
2023461335327,2023,461335327,1,1,3,2,22,5,2,6,9,0,0,0,0,5,E01024639,7,1,1.0,0.0,-1,6,30,1,1,1,11:49,5,1,20
2023010439893,2023,010439893,2,1,1,1,27,6,3,0,0,0,0,0,1,-1,-1,-1,0,0.0,1.0,-1,6,30,2,1,2,15:45,5,2,1
2023010424094,2023,010424094,1,1,1,1,18,4,3,0,0,0,0,0,4,2,E01004392,-1,0,0.0,1.0,-1,6,20,1,4,1,22:26,7,2,4
2023430349686,2023,430349686,1,1,3,2,64,9,2,5,3,0,0,0,0,7,E01016370,-1,0,1.0,0.0,-1,6,30,1,1,1,14:18,1,1,9
2023101321078,2023,101321078,1,2,3,1,26,6,3,6,9,0,0,0,0,-1,-1,3,1,0.0,1.0,-1,6,20,2,1,2,13:35,3,1,11
2023201384046,2023,201384046,1,1,3,2,54,8,3,5,3,0,0,2,0,3,E01009209,3,1,0.0,1.0,-1,6,20,1,4,2,16:45,2,1,8
2023010478431,2023,010478431,1,1,1,1,17,4,3,0,0,0,0,0,2,9,E01002956,-1,0,0.0,1.0,-1,6,20,2,4,2,19:09,5,2,2
2023401362601,2023,401362601,1,2,2,2,37,7,2,0,0,2,0,0,9,6,E01002241,7,1,1.0,0.0,-1,6,30,1,1,1,13:52,6,1,9
2023481388094,2023,481388094,1,1,3,1,40,7,3,5,1,0,0,0,0,-1,-1,3,1,0.0,1.0,-1,6,20,1,1,2,08:52,5,1,1
2023010467255,2023,010467255,2,1,1,1,24,5,3,0,0,0,0,0,1,6,E01032567,-1,0,0.0,1.0,-1,2,20,5,4,2,20:10,4,2,1
2023010427201,2023,010427201,1,1,1,1,36,7,3,0,0,0,0,0,3,-1,-1,-1,0,0.0,1.0,-1,3,20,1,4,1,19:10,3,1,3
2023522400876,2023,522400876,2,2,1,1,34,6,3,0,0,0,0,0,3,3,E01014684,-1,0,0.07158,0.92842,-1,6,20,1,4,1,16:03,3,2,3
2023101366058,2023,101366058,1,1,2,2,40,7,2,0,0,1,0,0,9,8,E01027554,7,1,1.0,0.0,-1,3,50,1,1,1,10:57,2,2,9
2023421356760,2023,421356760,3,1,1,1,22,5,3,0,0,0,0,0,9,5,E01021800,3,1,0.0,1.0,-1,6,50,1,1,1,17:30,6,3,9
202363C009423,2023,63C009423,1,2,2,1,79,11,3,0,0,1,0,0,9,6,W01000612,-1,0,0.16021,0.83979,-1,6,60,1,6,1,19:10,2,2,9
2023440447768,2023,440447768,1,1,1,1,42,7,2,0,0,0,0,0,19,1,E01017281,-1,0,1.0,0.0,-1,3,70,2,6,5,02:09,5,1,19
2023010466887,2023,010466887,1,1,1,1,29,6,3,0,0,0,0,0,3,2,E01001118,-1,0,0.0,1.0,-1,6,20,1,4,1,23:15,2,2,3
2023401383479,2023,401383479,2,2,1,1,32,6,3,0,0,0,0,0,19,10,E01023380,3,1,0.0,1.0,-1,6,50,1,1,1,16:30,5,2,19
2023131376381,2023,131376381,1,3,2,1,24,5,2,0,0,2,0,0,9,1,E01010624,7,1,1.0,0.0,-1,6,30,2,4,2,18:41,1,3,9
2023221303427,2023,221303427,1,1,1,1,28,6,3,0,0,0,0,0,9,5,E01028904,3,1,0.0,1.0,-1,6,30,1,1,1,18:52,2,1,9
2023311260034,2023,311260034,2,1,1,2,87,11,2,0,0,0,0,0,9,4,E01019492,6,1,1.0,0.0,-1,3,70,1,1,1,13:11,5,2,9
2023622300032,2023,622300032,1,1,1,1,20,4,2,0,0,0,0,0,9,2,W01000834,-1,0,1.0,0.0,-1,6,40,2,6,2,01:12,5,1,9
2023010454284,2023,010454284,1,1,1,1,43,7,3,0,0,0,0,0,3,5,E01004519,-1,0,0.0,1.0,-1,6,20,1,1,1,15:30,6,2,3
202354A258823,2023,54A258823,1,1,3,1,50,8,3,8,1,0,0,0,0,8,E01031939,-1,0,0.16021,0.83979,-1,3,70,1,1,1,15:39,4,1,21
2023211438763,2023,211438763,2,2,2,1,17,4,3,0,0,2,0,0,19,-1,-1,3,1,0.0,1.0,-1,6,30,1,1,2,16:30,5,2,19
2023461348478,2023,461348478,2,2,1,1,48,8,3,0,0,0,0,0,19,3,E01024169,3,1,0.0,1.0,-1,6,50,1,1,1,15:20,6,2,19
2023991417384,2023,991417384,2,1,1,2,26,6,3,0,0,0,0,0,1,8,-1,3,1,0.0,1.0,-1,6,30,8,1,2,08:30,5,2,1
2023340WN6892,2023,340WN6892,2,1,1,1,16,4,2,0,0,0,0,0,1,9,E01027167,-1,0,1.0,0.0,-1,6,30,1,4,2,16:20,3,2,1
2023401349942,2023,401349942,1,1,3,1,45,7,3,5,9,0,0,0,0,8,E01017526,3,1,0.0,1.0,-1,6,40,1,1,1,07:25,1,1,-1
2023991334560,2023,991334560,1,1,1,1,64,9,3,0,0,0,0,0,5,2,-1,3,1,0.0,1.0,-1,6,60,2,6,2,22:00,6,2,5
2023061353371,2023,061353371,1,1,3,1,81,11,2,8,3,0,0,0,0,3,E01005954,7,1,1.0,0.0,-1,3,30,2,4,2,21:32,1,1,9
202360A046817,2023,60A046817,2,1,1,1,61,9,3,0,0,0,0,0,1,-1,-1,-1,0,0.22813,0.77187,-1,6,60,1,1,1,16:11,7,2,1
2023141319994,2023,141319994,2,1,1,1,-1,-1,3,0,0,0,0,0,97,-1,-1,3,1,0.0,1.0,-1,6,60,2,1,2,15:00,1,2,97
2023461353486,2023,461353486,2,1,2,2,19,4,2,0,0,1,0,0,9,7,E01024572,7,1,1.0,0.0,-1,6,60,1,1,1,19:27,3,2,9
2023622300265,2023,622300265,1,1,3,1,13,3,3,5,1,0,0,0,0,5,W01001161,-1,0,0.08516,0.91484,-1,6,30,1,1,1,16:39,6,1,9
2023010450516,2023,010450516,1,1,1,1,30,6,2,0,0,0,0,0,1,8,E01003909,-1,0,1.0,0.0,-1,3,40,1,1,1,11:40,3,2,1
2023010460663,2023,010460663,2,1,1,1,31,6,3,0,0,0,0,0,1,-1,-1,-1,0,0.0,1.0,-1,6,30,1,1,1,07:13,3,2,1
2023991342625,2023,991342625,1,1,3,1,12,3,2,8,2,0,0,2,0,-1,-1,7,1,1.0,0.0,-1,3,30,1,1,1,08:04,5,1,9
2023101317788,2023,101317788,2,1,1,1,42,7,2,0,0,0,0,0,1,2,E01008543,7,1,1.0,0.0,-1,6,20,1,1,1,11:00,2,2,1
202354B573123,2023,54B573123,2,1,1,2,33,6,3,0,0,0,0,0,1,5,E01015554,-1,0,0.10101,0.89899,-1,6,30,1,1,1,16:19,4,2,1
2023111325337,2023,111325337,1,1,3,2,10,2,3,5,2,0,0,0,0,-1,-1,3,1,0.0,1.0,-1,6,30,1,1,1,17:54,4,1,9
2023010435349,2023,010435349,2,1,1,1,21,5,3,0,0,0,0,0,1,5,E01000268,-1,0,0.0,1.0,-1,6,30,1,1,1,11:08,7,3,1
2023031347316,2023,031347316,1,1,1,1,47,8,2,0,0,0,0,0,1,-1,-1,7,1,1.0,0.0,-1,6,60,1,1,1,11:06,4,1,1
2023010446680,2023,010446680,1,1,2,1,13,3,3,0,0,1,0,0,9,1,E01001458,-1,0,0.0,1.0,-1,3,50,1,1,1,09:00,7,2,9
2023061334258,2023,061334258,2,1,1,1,41,7,3,0,0,0,0,0,9,4,E01005710,3,1,0.0,1.0,-1,6,30,2,4,2,22:30,4,2,9
2023131352500,2023,131352500,3,1,1,2,40,7,3,0,0,0,0,0,9,5,E01010668,3,1,0.0,1.0,-1,6,30,1,1,2,08:12,5,3,9
2023421304169,2023,421304169,2,2,1,1,28,6,3,0,0,0,0,0,9,-1,-1,3,1,0.0,1.0,-1,3,70,1,4,1,21:56,4,2,9
2023440251030,2023,440251030,1,1,2,1,22,5,3,0,0,1,0,0,9,5,E01017354,-1,0,0.12984,0.87016,-1,6,30,1,4,1,22:36,6,3,9
2023440430995,2023,440430995,1,1,1,1,18,4,3,0,0,0,0,0,9,10,E01022853,-1,0,0.08054,0.91946,-1,6,30,2,4,2,00:29,7,2,9
2023041295934,2023,041295934,1,1,1,1,32,6,3,0,0,0,0,0,9,5,E01025095,3,1,0.0,1.0,-1,6,60,5,6,2,11:15,4,1,9
2023131279370,2023,131279370,2,1,1,1,50,8,2,0,0,0,0,0,9,8,E01011514,7,1,1.0,0.0,-1,3,30,1,1,1,12:20,5,2,9
2023471260529,2023,471260529,1,1,1,1,17,4,3,0,0,0,0,0,9,10,E01031682,3,1,0.0,1.0,-1,6,30,1,4,2,00:55,7,1,9
2023010454698,2023,010454698,1,1,1,2,21,5,2,0,0,0,0,0,9,3,E01000819,-1,0,1.0,0.0,-1,6,30,1,4,1,01:22,4,1,9
2023061264611,2023,061264611,1,1,1,2,58,9,3,0,0,0,0,0,9,6,E01004904,3,1,0.0,1.0,-1,6,30,1,4,2,16:55,3,2,9
2023320729502,2023,320729502,2,3,1,1,56,9,3,0,0,0,0,0,9,6,E01026611,-1,0,0.04777,0.95223,-1,6,60,1,6,2,16:40,7,2,9
2023411318160,2023,411318160,2,1,1,2,43,7,3,0,0,0,0,0,9,6,E01023722,3,1,0.0,1.0,-1,6,60,1,1,1,09:30,1,2,9
2023421382637,2023,421382637,2,1,1,1,41,7,3,0,0,0,0,0,9,9,E01029872,3,1,0.0,1.0,-1,6,30,1,1,1,09:00,4,2,9
2023440021379,2023,440021379,1,1,1,2,19,4,3,0,0,0,0,0,9,2,E01022969,-1,0,0.15845,0.84155,-1,3,70,1,6,4,04:56,3,3,9
2023631339125,2023,631339125,2,2,2,2,17,4,2,0,0,2,0,0,9,10,E01024327,6,1,1.0,0.0,-1,6,30,2,1,2,17:00,2,2,9
2023101350742,2023,101350742,1,3,2,1,15,3,2,0,0,0,0,0,19,1,E01033547,6,1,1.0,0.0,-1,3,50,1,1,1,09:19,6,2,19
2023052300487,2023,052300487,2,1,1,2,24,5,3,0,0,0,0,0,-1,6,E01033752,-1,0,0.08025,0.91975,-1,3,30,2,1,2,23:07,6,2,-1
2023061325201,2023,061325201,2,1,1,-1,21,5,3,0,0,0,0,0,9,2,E01005671,3,1,0.0,1.0,-1,1,30,1,1,1,10:27,4,2,9
2023201413746,2023,201413746,2,1,1,1,50,8,3,0,0,0,0,0,9,3,E01031064,3,1,0.0,1.0,-1,3,30,2,4,2,07:15,6,2,9
2023430540596,2023,430540596,1,1,1,1,34,6,3,0,0,0,0,0,9,6,E01028757,-1,0,0.0622,0.9378,-1,6,30,8,4,2,18:00,6,2,9
2023522301785,2023,522301785,2,2,1,2,27,6,3,0,0,0,0,0,9,10,E01022171,-1,0,0.01579,0.98421,-1,3,70,1,1,1,09:25,3,3,9
2023531381468,2023,531381468,1,2,1,1,68,10,3,0,0,0,0,0,9,6,E01022249,3,1,0.0,1.0,-1,6,40,1,1,1,14:25,6,2,9
2023991346951,2023,991346951,1,1,3,2,88,11,2,5,3,0,0,0,0,3,-1,6,1,1.0,0.0,-1,6,30,1,1,1,11:33,4,1,9
2023552300944,2023,552300944,1,2,3,1,50,8,3,6,9,0,0,0,0,3,E01015283,-1,0,0.10976,0.89024,-1,6,30,1,1,1,11:07,2,3,9
2023201410617,2023,201410617,2,1,1,1,-1,-1,2,0,0,0,0,0,8,4,E01010510,7,1,1.0,0.0,-1,3,30,2,1,2,16:53,4,2,8
2023041378967,2023,041378967,1,1,1,2,36,7,2,0,0,0,0,0,9,1,E01012577,5,1,1.0,0.0,-1,3,50,1,4,1,18:40,7,2,9
2023451304199,2023,451304199,1,1,1,1,17,4,3,0,0,0,0,0,2,6,E01031477,3,1,0.0,1.0,-1,6,30,1,1,1,12:05,1,2,2
2023201372451,2023,201372451,1,2,2,1,5,1,3,0,0,2,0,0,9,1,E01009073,3,1,0.0,1.0,-1,6,30,1,1,2,14:25,2,2,9
2023302300572,2023,302300572,2,1,1,2,60,9,3,0,0,0,0,0,9,6,E01013541,-1,0,0.06758,0.93242,-1,6,40,1,1,1,06:00,6,2,9
2023161323674,2023,161323674,1,1,1,1,70,10,3,0,0,0,0,0,4,5,E01013274,3,1,0.0,1.0,-1,6,60,8,6,2,21:30,3,1,4
2023411321893,2023,411321893,2,1,1,1,50,8,3,0,0,0,0,0,9,10,E01023523,3,1,0.0,1.0,-1,1,40,1,1,-1,18:15,2,2,9
2023501387299,2023,501387299,1,1,1,2,51,8,3,0,0,0,0,0,9,2,E01020277,3,1,0.0,1.0,-1,6,30,2,1,2,13:28,3,2,9
2023201271230,2023,201271230,2,1,1,1,24,5,2,0,0,0,0,0,1,1,E01009651,7,1,1.0,0.0,-1,6,30,1,4,1,19:16,6,2,1
2023010421132,2023,010421132,1,1,1,1,46,8,3,0,0,0,0,0,3,5,E01002660,-1,0,0.0,1.0,-1,9,40,8,7,2,20:25,4,2,3
2023010470610,2023,010470610,1,1,3,2,29,6,3,1,1,0,0,0,0,4,E01003914,-1,0,0.0,1.0,-1,6,30,1,1,1,15:30,7,1,3
2023041347313,2023,041347313,1,1,3,2,14,3,3,5,4,0,0,0,0,5,E01012706,3,1,0.0,1.0,-1,6,30,1,1,1,13:50,5,1,9
2023221363293,2023,221363293,1,1,3,1,12,3,3,5,3,0,0,0,0,2,E01032303,3,1,0.0,1.0,-1,6,30,1,1,1,15:20,3,1,9
2023010447232,2023,010447232,2,1,1,1,57,9,3,0,0,0,0,0,1,2,E01001982,-1,0,0.0,1.0,-1,6,20,1,1,1,07:34,3,2,1
2023010439580,2023,010439580,1,1,1,1,24,5,3,0,0,0,0,0,3,2,E01001716,-1,0,0.0,1.0,-1,9,20,9,1,9,17:45,6,2,3
2023052302486,2023,052302486,2,2,2,2,15,3,3,0,0,2,0,0,8,3,E01006587,-1,0,0.06458,0.93542,-1,6,30,1,4,1,18:50,4,2,8
2023010441137,2023,010441137,1,1,1,1,67,10,3,0,0,0,0,0,5,3,E01003629,-1,0,0.0,1.0,-1,7,30,1,1,1,12:36,5,2,5
2023430566217,2023,430566217,1,1,1,1,51,8,2,0,0,0,0,0,5,2,E01003984,-1,0,1.0,0.0,-1,6,30,1,4,2,20:12,3,2,5
2023010454889,2023,010454889,1,1,3,1,5,1,2,8,1,0,0,0,0,-1,-1,-1,0,1.0,0.0,-1,6,20,1,1,1,18:45,4,1,3
2023231355090,2023,231355090,1,1,3,1,4,1,3,6,9,0,0,0,0,10,E01032893,3,1,0.0,1.0,-1,6,30,1,1,1,15:35,2,1,-1
2023010425105,2023,010425105,2,1,1,1,24,5,3,0,0,0,0,0,1,3,E01000022,-1,0,0.0,1.0,-1,6,20,1,1,1,11:25,6,2,1
2023010448836,2023,010448836,1,1,1,1,42,7,3,0,0,0,0,0,5,3,E01004393,-1,0,0.0,1.0,-1,6,30,1,1,1,18:00,3,2,5
2023991332258,2023,991332258,1,1,1,2,31,6,2,0,0,0,0,0,5,8,E01019533,7,1,1.0,0.0,-1,6,60,2,6,2,16:15,7,1,5
2023010477005,2023,010477005,1,1,3,2,93,11,2,5,4,0,0,0,0,10,E01004556,-1,0,1.0,0.0,-1,6,20,2,4,2,17:45,5,1,1
2023041307255,2023,041307255,1,1,1,1,62,9,3,0,0,0,0,0,1,3,E01007038,3,1,0.0,1.0,-1,3,60,1,1,1,16:12,6,3,1
2023351284977,2023,351284977,2,1,1,1,16,4,3,0,0,0,0,0,1,2,E01015592,3,1,0.0,1.0,-1,6,30,1,1,-1,08:05,3,2,1
2023101361842,2023,101361842,3,2,1,1,36,7,3,0,0,0,0,0,9,9,E01008564,3,1,0.0,1.0,-1,3,30,1,4,1,19:04,4,3,9
2023201413911,2023,201413911,1,1,2,1,9,2,3,0,0,-1,0,0,9,1,E01009311,3,1,0.0,1.0,-1,3,30,1,7,1,16:30,6,2,9
2023351392785,2023,351392785,2,2,1,1,27,6,3,0,0,0,0,0,9,6,E01018196,3,1,0.0,1.0,-1,6,30,1,6,1,16:28,4,2,9
2023541118423,2023,541118423,1,3,2,1,21,5,3,0,0,2,0,0,9,4,W01001405,-1,0,0.11922,0.88078,-1,6,40,1,6,1,21:55,3,1,9
2023010465526,2023,010465526,1,2,2,2,-1,-1,3,0,0,1,0,0,9,4,E01030709,-1,0,0.0,1.0,-1,6,20,1,1,1,10:40,2,2,9
2023122300322,2023,122300322,2,2,1,1,48,8,3,0,0,0,0,0,9,10,E01011709,-1,0,0.02712,0.97288,-1,6,30,1,1,1,16:12,2,2,9
2023122300364,2023,122300364,1,1,1,1,33,6,3,0,0,0,0,0,9,6,E01027659,-1,0,0.05218,0.94782,-1,6,20,2,1,2,16:11,3,1,9
2023340NN0852,2023,340NN0852,2,1,1,2,51,8,3,0,0,0,0,0,9,10,E01027046,-1,0,0.01139,0.98861,-1,6,40,1,1,2,13:55,4,2,9
2023501379189,2023,501379189,1,1,1,1,66,10,3,0,0,0,0,0,9,4,E01018929,3,1,0.0,1.0,-1,6,60,2,6,2,18:24,1,2,9
2023631369139,2023,631369139,2,1,1,1,52,8,3,0,0,0,0,0,9,7,W01000460,3,1,0.0,1.0,-1,6,60,2,6,2,19:28,3,2,9
2023411305310,2023,411305310,2,1,1,2,48,8,3,0,0,0,0,0,11,6,E01017578,3,1,0.0,1.0,-1,6,40,1,1,1,10:01,3,2,11
2023010469198,2023,010469198,1,1,1,2,42,7,3,0,0,0,0,0,9,8,E01004119,-1,0,0.0,1.0,-1,2,30,8,1,1,14:56,7,1,9
2023461284275,2023,461284275,1,1,1,1,29,6,3,0,0,0,0,0,9,5,E01024400,3,1,0.0,1.0,-1,6,60,1,6,1,19:07,7,2,9
2023471343079,2023,471343079,1,1,1,2,78,11,2,0,0,0,0,0,9,4,E01031657,5,1,1.0,0.0,-1,6,60,2,1,2,09:15,6,2,9
2023141379105,2023,141379105,2,1,1,1,69,10,3,0,0,0,0,0,9,10,E01007896,3,1,0.0,1.0,-1,6,30,1,1,1,10:32,1,2,9
2023010431281,2023,010431281,2,2,1,1,30,6,3,0,0,0,0,0,9,8,E01000319,-1,0,0.0,1.0,-1,3,40,1,1,2,17:02,5,2,9
2023061348637,2023,061348637,2,2,2,1,5,1,3,0,0,2,0,0,9,4,E01029808,3,1,0.0,1.0,-1,6,30,1,1,1,16:00,7,2,9
2023010443760,2023,010443760,1,1,2,2,62,9,3,0,0,0,4,0,11,1,E01004675,-1,0,0.0,1.0,-1,3,20,1,1,1,16:16,3,1,11
2023311317450,2023,311317450,1,1,1,1,19,4,3,0,0,0,0,0,9,4,E01028225,3,1,0.0,1.0,-1,6,50,1,6,1,02:03,2,1,9
202363A025323,2023,63A025323,2,1,1,2,56,9,3,0,0,0,0,0,90,-1,-1,-1,0,0.18447,0.81553,-1,6,50,1,1,1,12:00,1,2,90
2023991300848,2023,991300848,1,1,1,1,14,3,3,0,0,0,0,0,97,-1,-1,3,1,0.0,1.0,-1,6,60,1,1,1,16:00,3,2,97
2023052303029,2023,052303029,2,1,1,1,36,7,3,0,0,0,0,0,9,1,E01006630,-1,0,0.02213,0.97787,-1,6,30,2,4,2,02:00,3,2,9
2023451319976,2023,451319976,2,1,1,2,24,5,3,0,0,0,0,0,9,10,E01030764,3,1,0.0,1.0,-1,6,30,8,1,1,13:40,1,2,9
2023531323775,2023,531323775,2,2,1,2,53,8,2,0,0,0,0,0,9,5,E01022325,7,1,1.0,0.0,-1,6,30,1,1,1,17:14,4,3,9
2023552300254,2023,552300254,1,1,1,1,54,8,3,0,0,0,0,0,22,5,E01020368,-1,0,0.14417,0.85583,-1,6,30,1,4,1,22:00,5,2,22
2023052302932,2023,052302932,2,4,2,2,50,8,3,0,0,2,0,0,9,8,E01000453,-1,0,0.08293,0.91707,-1,6,30,1,4,1,23:33,6,2,9
2023471307146,2023,471307146,2,1,1,1,33,6,2,0,0,0,0,0,9,6,E01031591,7,1,1.0,0.0,-1,3,70,1,1,1,10:20,6,4,9
2023010468337,2023,010468337,1,1,1,1,33,6,3,0,0,0,0,0,9,3,E01003539,-1,0,0.0,1.0,-1,3,60,9,1,9,17:00,2,2,9
2023010436023,2023,010436023,1,1,1,1,37,7,2,0,0,0,0,0,1,4,E01004495,-1,0,1.0,0.0,-1,2,30,8,1,1,09:45,4,2,1
2023371364202,2023,371364202,2,1,2,2,60,9,2,0,0,1,0,0,9,-1,-1,5,1,1.0,0.0,-1,6,60,1,4,2,18:35,7,2,9
202360A051475,2023,60A051475,2,1,1,1,27,6,3,0,0,0,0,0,9,-1,-1,-1,0,0.02874,0.97126,-1,3,70,1,1,1,11:30,1,2,9
2023161298614,2023,161298614,2,2,1,1,27,6,3,0,0,0,0,0,19,2,E01026156,3,1,0.0,1.0,-1,6,60,1,1,1,12:48,2,2,19
2023320626128,2023,320626128,1,1,1,2,47,8,2,0,0,0,0,0,3,6,E01026391,-1,0,1.0,0.0,-1,6,60,1,6,1,20:00,1,1,3
2023991328810,2023,991328810,1,1,2,2,56,9,2,0,0,1,0,0,9,-1,-1,5,1,1.0,0.0,-1,3,70,2,1,2,16:30,4,2,9
2023991331618,2023,991331618,1,1,2,2,30,6,3,0,0,1,0,0,9,4,-1,3,1,0.0,1.0,-1,6,60,5,1,2,17:40,5,2,9
2023991365471,2023,991365471,1,1,2,1,22,5,3,0,0,2,0,0,9,4,-1,3,1,0.0,1.0,-1,6,60,1,1,1,14:52,7,1,9
2023401414557,2023,401414557,1,1,1,2,41,7,3,0,0,0,0,0,9,7,E01017416,3,1,0.0,1.0,-1,6,30,1,4,2,19:26,3,2,9
2023421263184,2023,421263184,2,1,1,2,20,4,2,0,0,0,0,0,9,5,E01021901,6,1,1.0,0.0,-1,6,60,4,6,2,19:06,5,3,9
2023440171952,2023,440171952,1,1,3,1,16,4,3,9,9,0,0,0,0,3,E01017179,-1,0,0.04104,0.95896,-1,6,30,1,1,1,07:53,3,1,11
2023010444572,2023,010444572,1,1,1,1,52,8,3,0,0,0,0,0,9,-1,-1,-1,0,0.0,1.0,-1,6,20,1,1,1,09:40,3,2,9
2023010459791,2023,010459791,1,2,2,1,43,7,3,0,0,1,0,0,9,2,E01004455,-1,0,0.0,1.0,-1,3,30,1,1,1,15:30,4,2,9
2023122300185,2023,122300185,1,1,1,2,19,4,2,0,0,0,0,0,9,10,E01013436,-1,0,1.0,0.0,-1,6,60,1,1,1,08:00,3,2,9
2023131362387,2023,131362387,2,1,1,2,48,8,2,0,0,0,0,0,9,4,E01011799,6,1,1.0,0.0,-1,1,30,2,1,2,07:27,6,3,9
2023430009992,2023,430009992,3,6,2,2,9,2,3,0,0,1,0,0,9,6,E01016469,-1,0,0.06509,0.93491,-1,3,30,1,6,1,21:13,7,3,9
2023430140603,2023,430140603,2,1,2,2,10,2,3,0,0,1,0,0,9,-1,-1,-1,0,0.05186,0.94814,-1,6,60,2,1,2,17:23,5,2,9
2023471318195,2023,471318195,1,2,2,1,18,4,3,0,0,1,0,0,9,7,E01031388,3,1,0.0,1.0,-1,6,30,1,1,1,12:20,3,2,9
2023520301675,2023,520301675,1,1,1,2,47,8,3,0,0,0,0,0,9,5,E01019886,-1,0,0.0311,0.9689,-1,6,60,1,1,1,09:07,6,2,9
2023522301834,2023,522301834,1,1,1,1,25,5,3,0,0,0,0,0,9,1,E01014486,-1,0,0.03441,0.96559,-1,6,20,1,1,1,18:50,2,3,9
2023010442637,2023,010442637,1,1,1,1,37,7,3,0,0,0,0,0,9,5,E01000636,-1,0,0.0,1.0,-1,2,40,1,1,1,16:02,6,2,9
2023031307025,2023,031307025,1,1,1,1,78,11,2,0,0,0,0,0,9,4,E01019281,5,1,1.0,0.0,-1,6,40,1,1,1,20:05,7,2,9
2023991350525,2023,991350525,1,1,1,1,25,5,2,0,0,0,0,0,9,4,E01020783,5,1,1.0,0.0,-1,6,60,1,6,1,00:39,1,1,9
2023010478713,2023,010478713,1,1,3,1,18,4,2,5,2,0,0,0,0,2,E01000221,-1,0,1.0,0.0,-1,6,30,2,4,2,23:19,6,1,9
2023131392579,2023,131392579,1,1,3,1,19,4,3,1,3,0,0,2,0,2,E01011618,3,1,0.0,1.0,-1,6,30,2,4,2,18:22,4,1,9
2023010486799,2023,010486799,1,1,2,-1,14,3,3,0,0,2,0,0,9,9,E01003775,-1,0,0.0,1.0,-1,6,30,1,4,9,21:31,1,1,9
2023451380132,2023,451380132,2,1,1,2,41,7,3,0,0,0,0,0,9,10,E01030604,3,1,0.0,1.0,-1,6,30,1,4,1,16:21,3,2,9
2023531323328,2023,531323328,1,1,1,2,80,11,2,0,0,0,0,0,9,4,E01022365,6,1,1.0,0.0,-1,6,40,1,1,1,15:25,3,2,9
2023010475010,2023,010475010,1,1,1,1,55,8,3,0,0,0,0,0,19,2,E01001703,-1,0,0.0,1.0,-1,6,30,1,4,1,22:53,2,2,19
2023010438683,2023,010438683,1,2,2,2,24,5,2,0,0,1,0,0,9,6,E01000110,-1,0,1.0,0.0,-1,7,70,1,1,1,15:47,6,2,9
2023041327107,2023,041327107,1,1,1,2,43,7,3,0,0,0,0,0,9,1,E01012754,3,1,0.0,1.0,-1,6,30,1,1,1,19:25,6,2,9
2023070007834,2023,070007834,2,2,2,1,30,6,3,0,0,1,0,0,9,9,E01018442,-1,0,0.00425,0.99575,-1,3,30,1,4,1,17:30,2,2,9
2023311290587,2023,311290587,3,3,2,2,73,10,3,0,0,1,0,0,9,-1,-1,3,1,0.0,1.0,-1,6,30,1,1,2,10:21,1,4,9
2023461286893,2023,461286893,1,1,1,1,19,4,3,0,0,0,0,0,9,9,E01016172,3,1,0.0,1.0,-1,6,30,1,1,1,19:00,6,1,9
2023501374902,2023,501374902,1,3,2,2,14,3,3,0,0,2,0,0,9,6,E01019016,3,1,0.0,1.0,-1,6,60,1,1,1,10:48,4,3,9
2023010471837,2023,010471837,3,3,2,2,6,2,3,0,0,2,0,0,9,5,E01002292,-1,0,0.0,1.0,-1,6,30,2,4,2,19:02,6,3,9
2023545548823,2023,545548823,2,2,2,1,9,2,3,0,0,1,0,0,9,8,E01032033,-1,0,0.01,0.99,-1,6,60,1,1,1,15:30,6,2,9
2023010422825,2023,010422825,1,1,1,1,36,7,3,0,0,0,0,0,1,3,E01004313,-1,0,0.0,1.0,-1,6,20,1,4,9,20:54,5,3,1