collision_index,collision_year,collision_ref_no,vehicle_reference,casualty_reference,casualty_class,sex_of_casualty,age_of_casualty,age_band_of_casualty,casualty_severity,pedestrian_location,pedestrian_movement,car_passenger,bus_or_coach_passenger,pedestrian_road_maintenance_worker,casualty_type,casualty_imd_decile,lsoa_of_casualty,enhanced_casualty_severity,casualty_injury_based,casualty_adjusted_severity_serious,casualty_adjusted_severity_slight,casualty_distance_banding,road_type,speed_limit,weather_conditions,light_conditions,road_surface_conditions,time,day_of_week,number_of_vehicles,vehicle_type
2023131285924,2023,131285924,1,1,1,1,41,7,3,0,0,0,0,0,1,2,E01011470,3,1,0.0,1.0,-1,9,20,1,4,1,19:56,1,1,1
2023161311988,2023,161311988,1,1,1,1,29,6,2,0,0,0,0,0,4,2,E01033104,7,1,1.0,0.0,-1,6,30,1,1,1,18:30,6,1,4
2023010472156,2023,010472156,1,1,3,1,53,8,2,5,3,0,0,0,0,2,E01003689,-1,0,1.0,0.0,-1,3,30,1,4,1,19:25,1,1,9
2023622300504,2023,622300504,1,1,3,1,11,3,3,5,3,0,0,0,0,2,W01000741,-1,0,0.09496,0.90504,-1,6,30,1,1,1,18:17,2,1,11
2023010456571,2023,010456571,1,1,1,1,51,8,3,0,0,0,0,0,1,4,E01003702,-1,0,0.0,1.0,-1,6,20,1,1,1,08:40,6,2,1
2023041316990,2023,041316990,2,3,1,2,18,4,3,0,0,0,0,0,9,8,E01024984,3,1,0.0,1.0,-1,6,30,1,1,1,13:25,7,2,9
2023010482943,2023,010482943,1,1,1,1,34,6,3,0,0,0,0,0,9,2,E01004024,-1,0,0.0,1.0,-1,2,20,1,4,2,00:50,7,2,9
2023052301788,2023,052301788,2,3,2,1,2,1,3,0,0,2,0,0,9,6,E01006941,-1,0,0.08397,0.91603,-1,6,60,1,1,1,14:29,7,2,9
2023161328272,2023,161328272,1,1,1,2,38,7,3,0,0,0,0,0,9,4,E01012938,3,1,0.0,1.0,-1,6,30,1,1,1,15:16,1,2,9
2023221325788,2023,221325788,1,1,1,1,68,10,3,0,0,0,0,0,9,5,E01014056,3,1,0.0,1.0,-1,6,50,1,1,1,09:00,3,2,9
2023451271679,2023,451271679,2,2,1,1,24,5,3,0,0,0,0,0,9,7,E01023131,3,1,0.0,1.0,-1,6,40,1,6,2,22:24,5,2,9
2023471264623,2023,471264623,1,1,1,2,35,6,3,0,0,0,0,0,9,10,E01022619,3,1,0.0,1.0,-1,6,60,8,6,4,18:25,3,1,9
2023101295161,2023,101295161,3,1,1,2,23,5,3,0,0,0,0,0,9,2,E01008653,3,1,0.0,1.0,-1,3,70,2,1,2,14:27,2,3,9
2023430563112,2023,430563112,2,5,2,2,1,1,3,0,0,2,0,0,9,4,E01016716,-1,0,0.07285,0.92715,-1,3,70,1,7,1,18:06,7,3,9
2023010460552,2023,010460552,1,1,1,1,80,11,3,0,0,0,0,0,9,2,E01001082,-1,0,0.0,1.0,-1,6,30,1,1,1,12:52,2,2,9
2023131310927,2023,131310927,2,1,1,1,41,7,3,0,0,0,0,0,9,1,E01010702,3,1,0.0,1.0,-1,6,30,1,1,1,15:10,3,2,9
2023211313896,2023,211313896,2,2,2,2,83,11,3,0,0,1,0,0,9,7,E01031035,3,1,0.0,1.0,-1,6,30,1,1,1,12:05,5,2,9
2023401356096,2023,401356096,2,2,1,1,31,6,3,0,0,0,0,0,9,8,E01017377,3,1,0.0,1.0,-1,1,60,1,1,1,16:00,1,3,9
2023122301000,2023,122301000,1,1,1,1,55,8,3,0,0,0,0,0,9,9,E01013411,-1,0,0.03771,0.96229,-1,6,40,8,1,2,16:55,4,2,9
2023010447444,2023,010447444,1,1,1,2,48,8,3,0,0,0,0,0,9,2,E01004041,-1,0,0.0,1.0,-1,2,30,1,1,9,17:54,4,2,9
2023010475200,2023,010475200,2,2,1,1,56,9,3,0,0,0,0,0,9,2,E01004246,-1,0,0.0,1.0,-1,7,40,2,4,2,18:55,3,2,9
2023052300130,2023,052300130,1,1,1,1,35,6,2,0,0,0,0,0,9,6,E01006503,-1,0,1.0,0.0,-1,6,30,1,4,1,00:19,2,1,9
2023361345082,2023,361345082,1,1,1,2,53,8,3,0,0,0,0,0,9,5,E01026744,3,1,0.0,1.0,-1,1,30,1,1,1,12:00,5,2,9
2023031299911,2023,031299911,2,1,1,1,12,3,3,0,0,0,0,0,1,-1,-1,3,1,0.0,1.0,-1,6,30,1,1,1,15:20,6,2,1
2023041297521,2023,041297521,1,1,1,1,18,4,3,0,0,0,0,0,9,10,E01024963,3,1,0.0,1.0,-1,6,50,1,1,1,12:04,2,3,9
2023311345041,2023,311345041,1,1,2,2,70,10,3,0,0,2,0,0,9,-1,-1,3,1,0.0,1.0,-1,6,30,1,1,1,10:00,5,1,9
2023340NN3372,2023,340NN3372,1,1,1,1,32,6,2,0,0,0,0,0,9,7,E01027090,-1,0,1.0,0.0,-1,6,60,2,6,2,05:30,7,1,9
2023430332571,2023,430332571,2,2,2,1,9,2,3,0,0,0,0,0,-1,5,E01017710,-1,0,0.0945,0.9055,-1,6,30,1,1,1,16:32,4,2,-1
2023501377849,2023,501377849,2,1,1,1,41,7,3,0,0,0,0,0,19,-1,-1,3,1,0.0,1.0,-1,6,60,1,1,1,16:05,1,2,19
2023010449480,2023,010449480,1,1,3,2,42,7,3,9,5,0,0,0,0,4,E01004468,-1,0,0.0,1.0,-1,6,20,1,1,1,15:40,6,1,9
2023010452649,2023,010452649,1,1,1,1,29,6,3,0,0,0,0,0,4,2,E01001477,-1,0,0.0,1.0,-1,7,30,1,1,1,18:45,7,1,4
2023622300142,2023,622300142,1,1,1,1,22,5,2,0,0,0,0,0,5,5,W01000887,-1,0,1.0,0.0,-1,6,40,1,7,1,18:19,3,1,5
2023471360720,2023,471360720,1,1,3,2,34,6,3,9,6,0,0,0,0,10,E01031805,3,1,0.0,1.0,-1,6,30,1,1,1,16:20,5,2,9
2023131286191,2023,131286191,2,1,1,1,23,5,3,0,0,0,0,0,9,5,E01011933,3,1,0.0,1.0,-1,6,30,5,1,2,13:00,2,2,9
2023320292920,2023,320292920,1,1,1,1,21,5,3,0,0,0,0,0,5,3,E01026124,-1,0,0.13361,0.86639,-1,6,40,1,1,1,16:20,4,2,5
2023351377630,2023,351377630,1,1,1,1,47,8,3,0,0,0,0,0,9,4,E01015614,3,1,0.0,1.0,-1,3,70,2,4,2,08:10,7,1,9
2023421342915,2023,421342915,2,1,1,2,73,10,3,0,0,0,0,0,9,6,E01022010,3,1,0.0,1.0,-1,3,70,1,6,1,22:00,5,3,9
2023451384527,2023,451384527,1,1,1,1,38,7,3,0,0,0,0,0,9,5,E01016519,3,1,0.0,1.0,-1,3,70,1,6,2,18:35,6,2,9
2023501306786,2023,501306786,1,1,1,1,46,8,3,0,0,0,0,0,9,2,E01020277,3,1,0.0,1.0,-1,6,60,1,4,1,23:31,3,1,9
2023351277091,2023,351277091,2,1,1,2,38,7,3,0,0,0,0,0,1,9,E01018181,3,1,0.0,1.0,-1,6,30,1,1,-1,17:06,4,2,1
2023070582817,2023,070582817,2,1,1,1,13,3,2,0,0,0,0,0,1,2,E01012536,-1,0,1.0,0.0,-1,6,30,1,1,1,19:00,5,2,1
2023010430765,2023,010430765,1,1,1,2,27,6,3,0,0,0,0,0,9,7,E01000683,-1,0,0.0,1.0,-1,1,30,2,4,2,19:50,2,2,9
2023131267027,2023,131267027,2,2,2,2,2,1,3,0,0,1,0,0,9,2,E01011540,3,1,0.0,1.0,-1,6,30,1,1,2,13:34,2,3,9
2023141290116,2023,141290116,3,2,1,1,27,6,2,0,0,0,0,0,9,4,E01007788,5,1,1.0,0.0,-1,6,60,2,6,2,22:00,6,3,9
2023401364174,2023,401364174,1,1,1,2,78,11,3,0,0,0,0,0,9,10,E01017621,3,1,0.0,1.0,-1,6,30,2,1,2,11:40,6,2,9
2023421373621,2023,421373621,1,2,1,2,48,8,3,0,0,0,0,0,9,4,E01021802,3,1,0.0,1.0,-1,6,60,1,1,1,15:04,7,2,9
2023531294900,2023,531294900,1,3,2,1,57,9,2,0,0,1,0,0,9,2,E01029410,7,1,1.0,0.0,-1,3,70,1,6,1,21:29,7,2,9
2023991342073,2023,991342073,1,1,1,1,80,11,3,0,0,0,0,0,9,6,-1,3,1,0.0,1.0,-1,6,30,1,1,1,17:04,3,2,9
2023010485313,2023,010485313,2,1,1,1,27,6,3,0,0,0,0,0,1,1,E01002783,-1,0,0.0,1.0,-1,9,20,9,4,9,22:20,6,2,1
2023161314030,2023,161314030,1,1,1,1,23,5,3,0,0,0,0,0,9,4,E01013146,3,1,0.0,1.0,-1,3,70,1,1,1,04:44,2,1,9
2023221376953,2023,221376953,2,1,1,2,24,5,2,0,0,0,0,0,9,2,E01032470,7,1,1.0,0.0,-1,6,60,1,1,2,08:00,6,2,9
2023461347411,2023,461347411,2,1,1,2,68,10,3,0,0,0,0,0,9,7,E01024743,3,1,0.0,1.0,-1,6,50,1,1,1,22:02,3,2,9
2023010476168,2023,010476168,1,1,1,1,28,6,3,0,0,0,0,0,3,7,E01002171,-1,0,0.0,1.0,-1,9,30,1,7,9,15:43,6,2,3
2023010483457,2023,010483457,2,1,1,1,48,8,3,0,0,0,0,0,3,1,E01024278,-1,0,0.0,1.0,-1,6,30,9,4,1,20:41,2,2,3
2023010423271,2023,010423271,1,1,3,2,30,6,3,5,9,0,0,0,0,6,E01000851,-1,0,0.0,1.0,-1,6,20,1,1,1,15:45,3,1,9
2023201284746,2023,201284746,1,1,1,1,35,6,3,0,0,0,0,0,19,5,E01010250,3,1,0.0,1.0,-1,1,30,1,1,1,12:00,6,2,19
2023471353275,2023,471353275,2,2,1,2,43,7,2,0,0,0,0,0,9,2,E01021103,7,1,1.0,0.0,-1,6,60,2,1,2,13:00,1,2,9
2023041393163,2023,041393163,1,1,1,1,30,6,3,0,0,0,0,0,9,7,E01025131,3,1,0.0,1.0,-1,6,60,5,6,2,19:13,6,1,9
2023201400887,2023,201400887,2,1,1,1,33,6,3,0,0,0,0,0,9,2,E01009891,3,1,0.0,1.0,-1,6,30,1,1,1,16:05,4,2,9
202360A112332,2023,60A112332,1,2,2,2,26,6,2,0,0,1,0,0,9,-1,-1,-1,0,1.0,0.0,-1,6,30,1,4,1,02:21,2,1,9
2023991269956,2023,991269956,1,1,1,1,41,7,3,0,0,0,0,0,19,5,-1,3,1,0.0,1.0,-1,6,30,1,1,2,15:50,2,2,19
2023010453532,2023,010453532,2,1,1,1,41,7,3,0,0,0,0,0,1,2,E01002634,-1,0,0.0,1.0,-1,1,40,1,1,1,12:30,5,2,1
2023010421679,2023,010421679,1,1,3,1,46,8,3,5,9,0,0,0,0,2,E01015725,-1,0,0.0,1.0,-1,6,30,1,1,1,10:50,2,1,9
2023221370504,2023,221370504,1,1,3,1,28,6,2,5,3,0,0,0,0,8,E01029616,5,1,1.0,0.0,-1,6,60,1,6,1,23:35,6,1,98
2023010485948,2023,010485948,1,1,1,2,62,9,2,0,0,0,0,0,9,6,E01002676,-1,0,1.0,0.0,-1,6,20,1,1,2,10:51,2,2,9
2023170L40333,2023,170L40333,1,1,1,2,45,7,2,0,0,0,0,0,9,5,E01012160,-1,0,1.0,0.0,-1,1,60,1,1,1,08:56,2,2,9
2023201289288,2023,201289288,2,6,2,1,13,3,3,0,0,2,0,0,9,1,E01009373,3,1,0.0,1.0,-1,6,30,5,4,2,02:00,1,2,9
2023411300051,2023,411300051,1,1,1,2,56,9,3,0,0,0,0,0,9,8,E01023627,3,1,0.0,1.0,-1,6,60,1,1,1,14:10,1,2,9
2023451354072,2023,451354072,1,1,2,1,7,2,3,0,0,1,0,0,9,7,E01030921,3,1,0.0,1.0,-1,6,30,1,1,1,10:45,1,2,9
2023010433450,2023,010433450,1,1,1,1,34,6,3,0,0,0,0,0,1,6,E01001138,-1,0,0.0,1.0,-1,3,30,1,1,1,17:55,3,2,1
2023401276566,2023,401276566,3,2,1,1,67,10,2,0,0,0,0,0,1,7,E01017511,6,1,1.0,0.0,-1,6,40,1,1,1,12:45,5,3,1
2023421387027,2023,421387027,1,1,1,1,30,6,3,0,0,0,0,0,9,-1,-1,3,1,0.0,1.0,-1,6,30,1,5,1,03:00,2,2,9
2023451353361,2023,451353361,2,2,2,1,39,7,2,0,0,2,0,0,9,9,E01030900,6,1,1.0,0.0,-1,6,60,1,6,1,23:40,7,2,9
2023461383972,2023,461383972,2,1,1,1,24,5,3,0,0,0,0,0,9,4,E01024624,3,1,0.0,1.0,-1,6,40,1,1,1,16:16,4,2,9
2023520400546,2023,520400546,1,1,1,1,14,3,3,0,0,0,0,0,-1,6,E01029121,-1,0,0.09735,0.90265,-1,6,30,1,1,1,17:00,5,1,-1
2023631360648,2023,631360648,1,1,1,2,29,6,2,0,0,0,0,0,3,1,W01000981,7,1,1.0,0.0,-1,6,60,1,6,1,13:27,7,3,3
2023010436691,2023,010436691,1,1,3,1,20,4,3,1,3,0,0,0,0,5,E01002394,-1,0,0.0,1.0,-1,3,40,2,1,2,10:58,2,1,9
2023481371549,2023,481371549,2,1,1,1,28,6,3,0,0,0,0,0,1,-1,-1,3,1,0.0,1.0,-1,3,20,1,1,1,07:40,3,2,1
2023010440393,2023,010440393,1,1,2,2,41,7,3,0,0,1,0,0,9,5,E01002636,-1,0,0.0,1.0,-1,6,30,1,1,1,07:01,1,2,9
2023351315832,2023,351315832,2,1,1,1,57,9,3,0,0,0,0,0,9,-1,-1,3,1,0.0,1.0,-1,7,40,1,1,1,07:45,5,2,9
2023440327930,2023,440327930,1,1,1,2,47,8,3,0,0,0,0,0,19,8,E01017480,-1,0,0.02863,0.97137,-1,3,70,2,1,2,12:29,2,2,19
2023041288027,2023,041288027,1,1,3,2,77,11,2,9,7,0,0,0,0,4,E01024960,6,1,1.0,0.0,-1,6,20,2,4,2,19:49,6,1,9
2023991385554,2023,991385554,2,1,1,1,63,9,3,0,0,0,0,0,1,8,-1,3,1,0.0,1.0,-1,3,30,1,1,2,12:00,1,2,1
2023161311667,2023,161311667,1,1,1,1,62,9,3,0,0,0,0,0,9,7,E01013096,3,1,0.0,1.0,-1,6,30,1,1,1,10:45,3,2,9
2023401316294,2023,401316294,2,1,1,1,24,5,3,0,0,0,0,0,9,5,E01017486,3,1,0.0,1.0,-1,1,40,1,4,-1,23:20,1,2,9
2023461344512,2023,461344512,1,1,1,1,70,10,3,0,0,0,0,0,9,4,E01024042,3,1,0.0,1.0,-1,6,30,1,1,1,17:05,4,1,9
2023471266454,2023,471266454,1,1,1,1,66,10,2,0,0,0,0,0,9,9,E01021053,7,1,1.0,0.0,-1,6,30,1,4,4,18:45,6,2,9
202360A136838,2023,60A136838,2,2,1,1,34,6,3,0,0,0,0,0,9,-1,-1,-1,0,0.14244,0.85756,-1,6,60,2,1,2,06:15,7,2,9
2023010421437,2023,010421437,2,1,1,1,35,6,3,0,0,0,0,0,3,4,E01001615,-1,0,0.0,1.0,-1,6,30,1,4,1,21:55,7,2,3
2023131325530,2023,131325530,2,1,1,2,24,5,3,0,0,0,0,0,-1,2,E01032500,3,1,0.0,1.0,-1,6,30,1,1,1,19:10,2,2,-1
2023361263160,2023,361263160,2,2,1,2,35,6,3,0,0,0,0,0,9,6,E01023601,3,1,0.0,1.0,-1,6,60,1,6,1,20:39,6,2,9
2023231278186,2023,231278186,1,1,3,1,21,5,2,5,1,0,0,0,0,8,E01033255,5,1,1.0,0.0,-1,6,40,1,4,1,19:51,6,1,9
2023302301454,2023,302301454,1,1,3,1,23,5,3,6,9,0,0,0,0,-1,-1,-1,0,0.07789,0.92211,-1,6,30,1,4,1,20:20,1,1,-1
2023501350776,2023,501350776,1,1,3,2,11,3,3,9,9,0,0,0,0,5,E01015062,3,1,0.0,1.0,-1,9,30,1,1,1,17:54,7,1,9
2023010468510,2023,010468510,1,1,1,1,28,6,3,0,0,0,0,0,3,3,E01003520,-1,0,0.0,1.0,-1,9,30,9,7,9,22:45,1,2,3
2023010453730,2023,010453730,1,1,1,1,31,6,3,0,0,0,0,0,5,6,E01002662,-1,0,0.0,1.0,-1,6,20,1,1,1,12:30,6,2,5
2023201291321,2023,201291321,1,1,2,2,67,10,3,0,0,2,0,0,8,3,E01010144,3,1,0.0,1.0,-1,6,30,1,4,1,17:40,6,2,8
2023411365012,2023,411365012,2,2,2,2,47,8,3,0,0,2,0,0,8,5,E01023324,3,1,0.0,1.0,-1,1,60,2,6,2,00:10,7,2,8
2023010476859,2023,010476859,1,1,2,1,38,7,3,0,0,1,0,0,9,-1,-1,-1,0,0.0,1.0,-1,6,30,2,7,2,07:33,3,2,9
2023351349960,2023,351349960,2,3,2,2,8,2,2,0,0,2,0,0,9,6,E01020529,5,1,1.0,0.0,-1,3,50,1,1,1,12:37,2,2,9
2023461367149,2023,461367149,1,1,3,1,89,11,3,10,9,0,0,0,0,6,E01024220,3,1,0.0,1.0,-1,6,30,1,1,1,12:07,5,1,22
2023010419502,2023,010419502,1,1,1,1,38,7,3,0,0,0,0,0,3,2,E01004252,-1,0,0.0,1.0,-1,6,20,1,4,2,17:05,3,2,3
2023440500417,2023,440500417,2,1,1,1,19,4,3,0,0,0,0,0,3,8,E01022591,-1,0,0.15477,0.84523,-1,6,30,2,4,2,18:55,5,2,3
2023070278101,2023,070278101,1,1,1,1,61,9,2,0,0,0,0,0,5,-1,-1,-1,0,1.0,0.0,-1,3,60,1,1,1,12:24,1,1,5
2023122300423,2023,122300423,1,1,1,2,70,10,2,0,0,0,0,0,9,10,E01013402,-1,0,1.0,0.0,-1,6,40,1,4,1,22:22,7,2,9
2023501264620,2023,501264620,1,1,1,1,26,6,3,0,0,0,0,0,9,5,E01015205,3,1,0.0,1.0,-1,6,60,1,6,4,18:45,3,1,9
2023311299082,2023,311299082,1,2,2,2,20,4,3,0,0,0,3,0,11,-1,-1,3,1,0.0,1.0,-1,6,30,1,1,1,17:30,3,1,11
2023122301146,2023,122301146,1,1,1,2,62,9,3,0,0,0,0,0,19,7,E01027743,-1,0,0.03546,0.96454,-1,6,60,1,1,1,13:30,5,2,19
2023010424856,2023,010424856,2,1,1,2,38,7,3,0,0,0,0,0,1,1,E01002857,-1,0,0.0,1.0,-1,6,20,1,1,1,08:40,5,2,1
2023010467030,2023,010467030,1,1,1,2,25,5,3,0,0,0,0,0,1,7,E01004545,-1,0,0.0,1.0,-1,6,30,1,1,1,18:15,3,2,1
2023231347581,2023,231347581,2,1,1,1,16,4,3,0,0,0,0,0,2,7,E01031253,3,1,0.0,1.0,-1,6,30,1,1,1,15:05,5,2,2
2023041390345,2023,041390345,1,1,3,1,53,8,3,8,7,0,0,0,0,1,E01006507,3,1,0.0,1.0,-1,6,30,1,1,1,14:40,3,1,9
2023201285007,2023,201285007,1,1,3,1,59,9,3,5,3,0,0,0,0,1,E01009096,3,1,0.0,1.0,-1,6,30,1,4,1,19:40,6,1,9
2023061319652,2023,061319652,1,1,1,2,61,9,3,0,0,0,0,0,9,6,E01005985,3,1,0.0,1.0,-1,6,30,1,1,1,18:55,4,2,9
2023421324702,2023,421324702,1,1,1,2,59,9,3,0,0,0,0,0,9,10,E01000811,3,1,0.0,1.0,-1,3,70,1,1,1,08:25,7,2,9
2023421325067,2023,421325067,1,1,1,2,65,9,3,0,0,0,0,0,9,4,E01021598,3,1,0.0,1.0,-1,6,30,1,1,1,15:34,1,4,9
2023522301063,2023,522301063,1,2,2,2,16,4,3,0,0,1,0,0,9,6,E01014986,-1,0,0.10388,0.89612,-1,6,60,2,1,2,19:45,7,1,9
2023991366845,2023,991366845,1,1,1,2,84,11,2,0,0,0,0,0,9,5,-1,7,1,1.0,0.0,-1,6,30,1,1,1,11:00,6,2,9
2023041268572,2023,041268572,2,1,1,2,57,9,3,0,0,0,0,0,9,10,E01024947,3,1,0.0,1.0,-1,6,40,1,1,1,08:05,2,2,9
2023170S20163,2023,170S20163,1,1,1,1,18,4,3,0,0,0,0,0,9,8,E01033465,-1,0,0.06068,0.93932,-1,3,50,1,1,1,10:45,4,1,9
2023201314027,2023,201314027,1,2,2,1,63,9,3,0,0,1,0,0,9,2,E01010335,3,1,0.0,1.0,-1,6,30,1,1,1,19:04,2,2,9
2023371394206,2023,371394206,2,2,1,1,26,6,3,0,0,0,0,0,9,7,E01030051,3,1,0.0,1.0,-1,6,60,1,1,2,15:30,6,2,9
2023622300137,2023,622300137,1,1,1,2,58,9,2,0,0,0,0,0,9,1,W01001699,-1,0,1.0,0.0,-1,3,70,1,6,1,20:12,2,1,9
2023010452284,2023,010452284,1,1,1,2,41,7,3,0,0,0,0,0,9,-1,-1,-1,0,0.0,1.0,-1,3,30,1,1,1,19:10,5,2,9
2023010464713,2023,010464713,1,2,2,2,24,5,3,0,0,1,0,0,9,8,E01002322,-1,0,0.0,1.0,-1,3,30,1,1,1,07:25,6,2,9
2023340NN0452,2023,340NN0452,1,1,1,1,85,11,3,0,0,0,0,0,9,10,E01027075,-1,0,0.11961,0.88039,-1,6,30,1,1,1,11:36,7,2,9
2023461320717,2023,461320717,1,1,1,1,21,5,3,0,0,0,0,0,9,6,E01024225,3,1,0.0,1.0,-1,6,50,1,1,1,15:30,4,2,9
2023991375481,2023,991375481,2,4,1,1,47,8,3,0,0,0,0,0,9,7,-1,3,1,0.0,1.0,-1,6,60,1,1,1,07:14,2,4,9
2023991352423,2023,991352423,2,1,1,1,38,7,3,0,0,0,0,0,19,2,-1,3,1,0.0,1.0,-1,3,70,1,1,1,08:40,5,2,19
2023010464364,2023,010464364,2,1,1,2,30,6,2,0,0,0,0,0,5,-1,-1,-1,0,1.0,0.0,-1,3,50,1,1,1,17:05,3,2,5
2023430354809,2023,430354809,2,2,1,1,59,9,3,0,0,0,0,0,8,3,E01016846,-1,0,0.05674,0.94326,-1,6,40,1,1,1,14:11,4,2,8
2023010439213,2023,010439213,2,2,1,1,28,6,3,0,0,0,0,0,19,4,E01030364,-1,0,0.0,1.0,-1,6,30,1,1,1,14:39,2,2,19
2023211365654,2023,211365654,1,3,1,1,42,7,3,0,0,0,0,0,9,6,E01029481,3,1,0.0,1.0,-1,6,30,1,1,1,11:16,1,2,9
2023221307250,2023,221307250,1,1,2,1,57,9,2,0,0,1,0,0,9,6,E01032229,7,1,1.0,0.0,-1,6,60,1,6,1,23:48,1,2,9
2023371317020,2023,371317020,2,1,1,2,31,6,3,0,0,0,0,0,9,8,E01030242,3,1,0.0,1.0,-1,6,40,1,1,1,11:25,3,2,9
2023531357880,2023,531357880,2,3,2,2,56,9,3,0,0,1,0,0,9,9,E01022295,3,1,0.0,1.0,-1,6,60,1,1,1,16:23,5,2,9
2023531338690,2023,531338690,1,1,1,1,45,7,2,0,0,0,0,0,1,9,E01022278,7,1,1.0,0.0,-1,6,40,1,1,1,15:02,1,1,1
2023122300970,2023,122300970,2,4,2,1,28,6,3,0,0,2,0,0,9,5,E01010898,-1,0,0.03333,0.96667,-1,6,60,1,1,1,10:00,7,3,9
2023161286861,2023,161286861,2,3,1,1,23,5,3,0,0,0,0,0,9,1,E01012808,3,1,0.0,1.0,-1,3,40,1,4,2,20:05,5,2,9
2023221378998,2023,221378998,1,1,1,1,19,4,3,0,0,0,0,0,19,2,E01011128,3,1,0.0,1.0,-1,6,60,1,6,1,17:17,7,2,19
2023481398769,2023,481398769,1,2,3,1,30,6,3,1,1,0,0,0,0,-1,-1,3,1,0.0,1.0,-1,3,20,1,4,1,17:23,2,1,5
2023531330997,2023,531330997,2,1,1,2,59,9,3,0,0,0,0,0,9,7,E01022269,3,1,0.0,1.0,-1,3,50,1,1,1,07:04,2,2,9
202360A151117,2023,60A151117,2,1,1,1,30,6,3,0,0,0,0,0,3,-1,-1,-1,0,0.07956,0.92044,-1,6,20,1,1,1,14:40,2,2,3
2023010421470,2023,010421470,1,2,3,1,46,8,2,10,9,0,0,0,0,2,E01004365,-1,0,1.0,0.0,-1,6,20,1,4,1,01:50,1,1,3
2023991354569,2023,991354569,2,1,1,1,80,11,2,0,0,0,0,0,9,2,-1,5,1,1.0,0.0,-1,7,40,1,1,1,14:40,4,2,9
2023440087098,2023,440087098,1,2,1,1,63,9,3,0,0,0,0,0,10,5,-1,-1,0,0.1055,0.8945,-1,3,70,1,1,2,13:38,6,2,10
2023531361687,2023,531361687,2,1,1,1,57,9,3,0,0,0,0,0,19,5,E01022158,3,1,0.0,1.0,-1,3,70,2,6,2,06:45,4,3,19
2023010475254,2023,010475254,1,1,1,1,58,9,3,0,0,0,0,0,23,-1,-1,-1,0,0.0,1.0,-1,3,40,1,1,2,09:10,4,2,23
2023010429126,2023,010429126,1,1,1,1,25,5,3,0,0,0,0,0,3,4,E01004416,-1,0,0.0,1.0,-1,3,20,1,1,1,11:00,7,2,3
2023010471149,2023,010471149,1,1,1,1,27,6,3,0,0,0,0,0,3,6,E01002680,-1,0,0.0,1.0,-1,9,30,8,1,1,12:18,3,2,3
2023141337653,2023,141337653,2,6,1,1,41,7,3,0,0,0,0,0,8,3,E01007812,3,1,0.0,1.0,-1,1,30,1,1,1,15:30,3,2,8
2023010454210,2023,010454210,1,1,1,1,24,5,3,0,0,0,0,0,9,6,E01001678,-1,0,0.0,1.0,-1,6,30,1,1,1,17:30,1,3,9
2023141367989,2023,141367989,1,2,2,2,7,2,3,0,0,2,0,0,9,1,E01007760,3,1,0.0,1.0,-1,6,60,8,1,2,14:38,7,2,9
2023401359203,2023,401359203,2,2,2,1,40,7,3,0,0,1,0,0,9,-1,-1,3,1,0.0,1.0,-1,6,30,1,1,1,15:30,4,2,9
2023411339971,2023,411339971,1,1,1,1,21,5,3,0,0,0,0,0,9,10,E01017780,3,1,0.0,1.0,-1,6,60,1,6,1,00:53,1,2,9
2023340WN1682,2023,340WN1682,2,1,1,1,51,8,3,0,0,0,0,0,19,10,E01027203,-1,0,0.02104,0.97896,-1,6,40,1,1,1,11:45,3,2,19
2023041287564,2023,041287564,5,3,1,2,37,7,3,0,0,0,0,0,9,-1,-1,3,1,0.0,1.0,-1,6,50,2,1,2,15:00,4,5,9
2023131317909,2023,131317909,2,1,2,2,32,6,3,0,0,1,0,0,9,3,E01011048,3,1,0.0,1.0,-1,6,30,1,1,1,07:36,2,2,9
2023631349742,2023,631349742,1,1,1,1,30,6,3,0,0,0,0,0,9,5,W01000518,3,1,0.0,1.0,-1,6,60,1,1,1,14:50,4,1,9
2023991304617,2023,991304617,1,2,1,2,48,8,3,0,0,0,0,0,9,4,-1,3,1,0.0,1.0,-1,6,60,1,1,1,17:30,2,2,9
2023141297555,2023,141297555,1,1,3,2,29,6,3,1,1,0,0,0,0,2,E01008010,3,1,0.0,1.0,-1,6,30,1,1,1,17:00,2,1,11
2023010460929,2023,010460929,1,1,1,1,32,6,3,0,0,0,0,0,9,3,E01002325,-1,0,0.0,1.0,-1,1,30,1,1,1,14:25,4,2,9
2023201293415,2023,201293415,1,4,2,2,13,3,3,0,0,2,0,0,9,6,E01015775,3,1,0.0,1.0,-1,6,30,2,4,2,20:45,7,2,9
2023430075416,2023,430075416,2,1,1,2,23,5,3,0,0,0,0,0,9,10,E01017892,-1,0,0.05368,0.94632,-1,6,60,1,1,2,09:01,7,2,9
2023461375606,2023,461375606,2,1,1,1,20,4,3,0,0,0,0,0,9,8,E01016094,3,1,0.0,1.0,-1,3,40,1,4,1,18:11,2,3,9
2023531360342,2023,531360342,1,1,2,2,26,6,2,0,0,1,0,0,9,5,E01022327,5,1,1.0,0.0,-1,6,30,1,4,1,20:45,6,2,9
2023991327522,2023,991327522,2,1,2,2,67,10,3,0,0,1,0,0,9,-1,-1,3,1,0.0,1.0,-1,3,50,2,1,2,17:20,7,3,9
2023421299035,2023,421299035,1,2,1,1,56,9,3,0,0,0,0,0,19,3,E01023343,3,1,0.0,1.0,-1,3,70,1,1,1,12:02,5,2,19