collision_index,collision_year,collision_ref_no,vehicle_reference,casualty_reference,casualty_class,sex_of_casualty,age_of_casualty,age_band_of_casualty,casualty_severity,pedestrian_location,pedestrian_movement,car_passenger,bus_or_coach_passenger,pedestrian_road_maintenance_worker,casualty_type,casualty_imd_decile,lsoa_of_casualty,enhanced_casualty_severity,casualty_injury_based,casualty_adjusted_severity_serious,casualty_adjusted_severity_slight,casualty_distance_banding,road_type,speed_limit,weather_conditions,light_conditions,road_surface_conditions,time,day_of_week,number_of_vehicles,vehicle_type
2023010420625,2023,010420625,1,1,3,1,17,4,3,5,1,0,0,0,0,3,E01002568,-1,0,0.0,1.0,-1,6,20,2,1,2,13:39,3,1,19
2023010460698,2023,010460698,1,1,1,2,35,6,3,0,0,0,0,0,1,8,E01021766,-1,0,0.0,1.0,-1,2,30,1,1,1,10:15,3,2,1
2023201281703,2023,201281703,1,2,2,1,30,6,3,0,0,1,0,0,9,6,E01009976,3,1,0.0,1.0,-1,3,70,1,4,1,16:40,3,2,9
2023201297237,2023,201297237,2,1,1,1,-1,-1,3,0,0,0,0,0,9,4,E01010457,3,1,0.0,1.0,-1,6,40,1,1,1,15:12,5,2,9
2023201333463,2023,201333463,2,1,1,1,25,5,3,0,0,0,0,0,9,5,E01031266,3,1,0.0,1.0,-1,6,30,1,1,1,16:15,3,2,9
2023340WN3942,2023,340WN3942,2,2,1,2,53,8,3,0,0,0,0,0,9,7,E01027010,-1,0,0.04367,0.95633,-1,6,30,1,1,2,12:30,7,2,9
2023131268424,2023,131268424,2,1,1,2,32,6,3,0,0,0,0,0,9,-1,-1,3,1,0.0,1.0,-1,3,70,1,1,1,13:52,5,2,9
2023131288640,2023,131288640,2,1,1,2,25,5,3,0,0,0,0,0,9,-1,-1,3,1,0.0,1.0,-1,6,30,1,1,1,15:45,2,2,9
2023311276218,2023,311276218,2,1,1,1,22,5,3,0,0,0,0,0,9,2,E01028230,3,1,0.0,1.0,-1,3,30,1,1,1,13:20,1,2,9
2023451282001,2023,451282001,1,1,1,1,76,11,1,0,0,0,0,0,9,9,E01030720,1,1,0.0,0.0,-1,6,30,1,1,1,15:26,4,2,9
2023010488849,2023,010488849,1,1,1,2,56,9,3,0,0,0,0,0,9,2,E01002506,-1,0,0.0,1.0,-1,6,20,1,4,1,16:15,7,2,9
2023141360487,2023,141360487,2,1,1,1,23,5,3,0,0,0,0,0,9,6,E01007554,3,1,0.0,1.0,-1,6,40,1,1,1,11:07,7,2,9
2023161331384,2023,161331384,2,1,2,2,57,9,3,0,0,0,4,0,11,1,E01013000,3,1,0.0,1.0,-1,6,30,1,1,1,10:30,5,2,11
2023010483472,2023,010483472,1,1,3,1,82,11,3,1,9,0,0,0,0,7,E01003039,-1,0,0.0,1.0,-1,2,20,1,1,1,12:30,7,1,1
2023010455614,2023,010455614,1,1,1,1,29,6,3,0,0,0,0,0,1,9,E01004640,-1,0,0.0,1.0,-1,6,30,1,1,1,17:30,1,3,1
2023311374726,2023,311374726,1,1,1,2,24,5,3,0,0,0,0,0,1,5,E01026290,3,1,0.0,1.0,-1,6,20,1,1,1,16:40,4,2,1
2023221322631,2023,221322631,1,1,2,2,51,8,3,0,0,0,0,0,5,1,E01009929,3,1,0.0,1.0,-1,6,60,1,1,1,18:17,3,1,5
2023122300554,2023,122300554,2,2,1,1,57,9,3,0,0,0,0,0,9,10,E01027697,-1,0,0.02201,0.97799,-1,6,30,1,1,1,07:17,3,2,9
2023320369616,2023,320369616,1,1,2,2,82,11,3,0,0,1,0,0,9,3,E01026078,-1,0,0.13193,0.86807,-1,6,60,1,1,1,17:00,6,2,9
2023351364614,2023,351364614,2,1,1,2,31,6,2,0,0,0,0,0,9,8,E01018003,7,1,1.0,0.0,-1,3,70,1,1,1,15:52,2,2,9
2023430142120,2023,430142120,2,3,2,1,60,9,3,0,0,1,0,0,9,7,E01016341,-1,0,0.04265,0.95735,-1,1,30,2,1,2,15:33,6,2,9
2023461373482,2023,461373482,1,1,2,1,26,6,3,0,0,1,0,0,9,6,E01024516,3,1,0.0,1.0,-1,6,30,1,5,1,23:00,7,1,9
2023041294477,2023,041294477,2,1,1,1,45,7,3,0,0,0,0,0,19,3,E01025571,3,1,0.0,1.0,-1,6,30,1,1,1,17:12,6,2,19
2023010474697,2023,010474697,2,2,1,2,55,8,3,0,0,0,0,0,9,6,E01003852,-1,0,0.0,1.0,-1,6,20,8,1,2,14:25,1,2,9
2023201293614,2023,201293614,1,1,1,1,18,4,3,0,0,0,0,0,9,2,E01009505,3,1,0.0,1.0,-1,6,30,1,1,1,13:13,7,5,9
2023501279878,2023,501279878,1,1,1,2,75,10,3,0,0,0,0,0,9,6,E01018986,3,1,0.0,1.0,-1,6,30,1,1,1,16:40,5,1,9
202360A046465,2023,60A046465,2,2,1,1,41,7,3,0,0,0,0,0,9,-1,-1,-1,0,0.07139,0.92861,-1,6,30,2,4,2,22:17,6,2,9
2023991305978,2023,991305978,1,1,1,1,50,8,3,0,0,0,0,0,9,5,-1,3,1,0.0,1.0,-1,6,50,1,1,1,16:25,2,1,9
2023010471127,2023,010471127,1,1,3,1,32,6,3,6,9,0,0,0,0,7,E01000849,-1,0,0.0,1.0,-1,2,20,1,4,1,01:00,7,1,9
2023201378316,2023,201378316,2,1,1,2,53,8,3,0,0,0,0,0,1,3,E01010244,3,1,0.0,1.0,-1,3,30,2,1,2,13:10,4,2,1
2023421298562,2023,421298562,2,1,1,1,19,4,2,0,0,0,0,0,1,5,E01032530,5,1,1.0,0.0,-1,6,30,1,1,1,10:37,4,2,1
2023141325266,2023,141325266,1,1,1,2,56,9,3,0,0,0,0,0,9,4,E01007842,3,1,0.0,1.0,-1,6,40,1,1,2,21:13,1,2,9
2023311431851,2023,311431851,1,1,1,1,19,4,3,0,0,0,0,0,9,-1,-1,3,1,0.0,1.0,-1,6,30,1,7,1,21:00,6,2,9
2023361260278,2023,361260278,2,2,1,2,65,9,3,0,0,0,0,0,9,5,E01026905,3,1,0.0,1.0,-1,6,20,1,1,1,11:10,6,2,9
2023010438362,2023,010438362,1,1,1,1,40,7,2,0,0,0,0,0,1,3,E01004734,-1,0,1.0,0.0,-1,9,30,1,1,1,05:15,5,1,1
2023991314706,2023,991314706,2,1,1,1,27,6,2,0,0,0,0,0,5,-1,-1,7,1,1.0,0.0,-1,6,60,1,1,1,12:10,1,1,5
2023302301586,2023,302301586,2,1,1,2,26,6,3,0,0,0,0,0,9,5,E01019564,-1,0,0.01609,0.98391,-1,6,40,1,1,1,09:25,1,2,9
2023451389059,2023,451389059,1,1,1,1,17,4,3,0,0,0,0,0,9,5,E01030946,3,1,0.0,1.0,-1,6,30,1,4,2,16:45,6,2,9
2023010476510,2023,010476510,1,1,3,1,2,1,2,5,1,0,0,0,0,7,E01000198,-1,0,1.0,0.0,-1,3,20,1,1,1,14:12,3,1,9
2023501271490,2023,501271490,2,1,1,1,38,7,3,0,0,0,0,0,1,8,E01018855,3,1,0.0,1.0,-1,6,30,1,1,1,17:10,3,2,1
202363A014623,2023,63A014623,2,1,1,1,31,6,3,0,0,0,0,0,1,4,W01000636,-1,0,0.06429,0.93571,-1,6,30,2,4,2,19:20,6,2,1
2023010426540,2023,010426540,1,1,1,1,40,7,3,0,0,0,0,0,8,3,E01001629,-1,0,0.0,1.0,-1,1,30,1,4,1,22:30,6,2,8
2023010458144,2023,010458144,1,1,1,1,28,6,3,0,0,0,0,0,9,2,E01003057,-1,0,0.0,1.0,-1,3,20,4,1,1,11:20,2,2,9
2023221390242,2023,221390242,1,3,2,1,62,9,3,0,0,1,0,0,9,8,E01013996,3,1,0.0,1.0,-1,3,60,2,4,2,19:31,1,2,9
2023631310736,2023,631310736,1,1,2,1,22,5,3,0,0,2,0,0,9,7,E01024592,3,1,0.0,1.0,-1,6,60,1,1,1,19:10,3,1,9
2023401379985,2023,401379985,1,1,2,2,39,7,3,0,0,2,0,0,9,-1,-1,3,1,0.0,1.0,-1,1,30,1,4,2,21:57,7,2,9
2023461360017,2023,461360017,2,2,2,2,53,8,3,0,0,1,0,0,9,5,E01001880,3,1,0.0,1.0,-1,3,30,1,1,1,09:30,3,2,9
2023052302956,2023,052302956,1,1,1,1,25,5,3,0,0,0,0,0,-1,-1,-1,-1,0,0.14166,0.85834,-1,6,30,1,1,2,14:19,2,2,-1
2023501399931,2023,501399931,1,1,3,1,20,4,3,1,9,0,0,0,0,1,E01015151,3,1,0.0,1.0,-1,6,30,5,1,1,16:50,2,1,4
2023201379054,2023,201379054,1,1,1,1,64,9,3,0,0,0,0,0,1,-1,-1,3,1,0.0,1.0,-1,3,30,1,1,1,14:11,5,2,1
2023010432060,2023,010432060,1,1,1,1,34,6,3,0,0,0,0,0,3,1,E01001178,-1,0,0.0,1.0,-1,1,20,1,4,1,20:30,2,2,3
2023010486228,2023,010486228,1,2,2,1,23,5,3,0,0,1,0,0,9,2,E01001081,-1,0,0.0,1.0,-1,6,30,5,4,2,19:55,4,1,9
2023052302711,2023,052302711,2,1,2,1,28,6,2,0,0,1,0,0,9,1,E01006518,-1,0,1.0,0.0,-1,6,30,1,1,1,10:00,7,2,9
2023411321081,2023,411321081,2,1,1,2,52,8,3,0,0,0,0,0,10,6,E01023929,3,1,0.0,1.0,-1,6,30,2,1,2,18:10,1,2,10
2023501264927,2023,501264927,1,1,3,2,41,7,2,5,1,0,0,0,0,6,E01015102,7,1,1.0,0.0,-1,6,30,1,1,1,15:12,3,1,9
2023010462058,2023,010462058,3,1,1,1,47,8,3,0,0,0,0,0,8,-1,-1,-1,0,0.0,1.0,-1,3,60,1,1,1,10:18,5,3,8
2023622400006,2023,622400006,3,3,1,1,63,9,2,0,0,0,0,0,9,1,W01000963,-1,0,1.0,0.0,-1,3,70,1,6,1,16:45,4,4,9
2023361353550,2023,361353550,1,1,3,2,55,8,3,9,8,0,0,0,0,2,E01026734,3,1,0.0,1.0,-1,6,20,1,1,1,10:00,2,1,9
2023520300612,2023,520300612,1,1,3,2,69,10,2,1,1,0,0,0,0,5,E01029283,-1,0,1.0,0.0,-1,6,30,1,1,1,10:00,4,1,19
2023010478536,2023,010478536,2,1,1,1,19,4,3,0,0,0,0,0,3,1,E01004456,-1,0,0.0,1.0,-1,6,20,1,1,1,12:50,6,2,3
2023041320293,2023,041320293,2,2,2,1,4,1,2,0,0,2,0,0,9,1,E01012720,7,1,1.0,0.0,-1,6,30,1,1,1,11:18,2,2,9
2023041332465,2023,041332465,2,1,1,1,37,7,3,0,0,0,0,0,9,3,E01025366,3,1,0.0,1.0,-1,1,60,2,1,2,15:49,1,2,9
2023501343226,2023,501343226,2,1,2,2,27,6,3,0,0,1,0,0,9,-1,-1,3,1,0.0,1.0,-1,2,30,2,1,2,17:01,6,2,9
2023543814123,2023,543814123,1,4,2,1,22,5,3,0,0,2,0,0,9,3,E01032115,-1,0,0.06361,0.93639,-1,6,50,2,1,2,16:28,3,2,9
2023061379178,2023,061379178,1,2,2,1,63,9,3,0,0,0,4,0,11,4,E01006186,3,1,0.0,1.0,-1,6,30,1,1,2,11:48,4,1,11
2023461383709,2023,461383709,1,1,2,2,83,11,2,0,0,0,1,0,11,7,E01024251,5,1,1.0,0.0,-1,6,30,1,1,1,10:04,3,1,11
2023332300982,2023,332300982,1,1,3,2,20,4,3,4,1,0,0,0,0,2,E01032873,-1,0,0.01719,0.98281,-1,2,30,1,1,1,17:30,5,1,9
2023010449626,2023,010449626,1,1,1,1,29,6,3,0,0,0,0,0,3,6,E01003393,-1,0,0.0,1.0,-1,3,30,1,1,1,13:00,6,2,3
2023371280387,2023,371280387,2,2,2,2,13,3,3,0,0,1,0,0,9,5,E01030185,3,1,0.0,1.0,-1,6,30,1,1,2,11:30,7,3,9
2023991323776,2023,991323776,1,1,1,2,59,9,3,0,0,0,0,0,9,8,-1,3,1,0.0,1.0,-1,6,40,1,1,1,15:10,4,2,9
2023430456110,2023,430456110,1,1,1,2,17,4,3,0,0,0,0,0,-1,8,E01016748,-1,0,0.11905,0.88095,-1,6,30,1,1,1,18:14,3,2,-1
2023371369104,2023,371369104,1,1,3,1,15,3,2,9,8,0,0,-1,0,6,E01032523,7,1,1.0,0.0,-1,6,40,1,6,2,16:54,3,1,9
2023010482867,2023,010482867,1,1,1,2,45,7,3,0,0,0,0,0,9,7,E01003820,-1,0,0.0,1.0,-1,7,30,2,4,2,16:31,5,2,9
2023041307099,2023,041307099,1,1,1,1,45,7,3,0,0,0,0,0,9,2,E01012642,3,1,0.0,1.0,-1,6,30,1,1,1,07:20,1,2,9
2023041381683,2023,041381683,2,1,1,1,44,7,3,0,0,0,0,0,9,1,E01025184,3,1,0.0,1.0,-1,3,30,8,1,2,08:27,7,2,9
2023201357622,2023,201357622,1,1,1,2,65,9,3,0,0,0,0,0,9,7,E01008949,3,1,0.0,1.0,-1,6,30,1,1,-1,20:10,1,2,9
2023010483013,2023,010483013,1,1,1,1,27,6,3,0,0,0,0,0,23,2,E01000523,-1,0,0.0,1.0,-1,2,30,1,4,9,14:49,4,2,23
2023041266511,2023,041266511,1,3,2,2,15,3,3,0,0,2,0,0,9,4,E01012604,3,1,0.0,1.0,-1,3,70,1,6,1,17:40,7,2,9
2023122300631,2023,122300631,2,1,1,1,56,9,3,0,0,0,0,0,9,2,E01011268,-1,0,0.0253,0.9747,-1,6,60,1,6,1,18:33,1,2,9
2023302300604,2023,302300604,1,1,3,1,4,1,3,5,1,0,0,0,0,1,E01013583,-1,0,0.04299,0.95701,-1,6,30,1,1,1,10:00,3,1,9
2023131260622,2023,131260622,2,1,1,1,47,8,3,0,0,0,0,0,1,3,E01011940,3,1,0.0,1.0,-1,1,30,1,7,1,07:10,6,2,1
2023361337598,2023,361337598,2,2,1,2,60,9,2,0,0,0,0,0,9,4,E01026677,7,1,1.0,0.0,-1,3,70,2,6,2,22:24,2,2,9
2023070506878,2023,070506878,1,1,3,2,12,3,3,5,4,0,0,0,0,7,E01018742,-1,0,0.11889,0.88111,-1,6,30,1,1,1,07:58,2,1,9
2023010456844,2023,010456844,2,1,1,1,28,6,3,0,0,0,0,0,4,2,E01003508,-1,0,0.0,1.0,-1,3,30,1,1,1,19:18,1,2,4
2023421355526,2023,421355526,2,1,1,2,23,5,3,0,0,0,0,0,9,8,E01021610,3,1,0.0,1.0,-1,1,50,1,1,1,14:15,7,3,9
2023302300456,2023,302300456,1,1,1,1,42,7,3,0,0,0,0,0,9,8,E01019423,-1,0,0.01455,0.98545,-1,6,50,1,1,1,11:40,1,4,9
2023440117418,2023,440117418,2,2,2,1,28,6,3,0,0,2,0,0,9,8,E01002657,-1,0,0.07403,0.92597,-1,6,60,1,1,1,13:59,6,2,9
2023461340909,2023,461340909,2,2,2,2,17,4,3,0,0,1,0,0,9,1,E01024609,3,1,0.0,1.0,-1,6,60,1,1,1,20:42,5,2,9
202354C777523,2023,54C777523,2,2,1,2,32,6,3,0,0,0,0,0,9,4,E01017246,-1,0,0.04587,0.95413,-1,3,70,7,6,2,02:39,7,2,9
2023610024223,2023,610024223,1,1,1,1,35,6,2,0,0,0,0,0,9,1,W01001421,-1,0,1.0,0.0,-1,6,60,1,1,1,06:12,6,2,9
2023411280881,2023,411280881,2,1,1,1,46,8,3,0,0,0,0,0,9,4,E01017473,3,1,0.0,1.0,-1,3,70,1,1,1,16:56,1,2,9
2023010423579,2023,010423579,1,1,1,1,46,8,3,0,0,0,0,0,1,4,E01001835,-1,0,0.0,1.0,-1,6,30,1,4,1,19:30,6,1,1
2023421366128,2023,421366128,1,1,1,1,18,4,2,0,0,0,0,0,3,2,E01015879,7,1,1.0,0.0,-1,6,30,1,1,1,10:45,3,2,3
2023031275795,2023,031275795,2,3,2,1,70,10,1,0,0,1,0,0,9,9,E01019085,1,1,0.0,0.0,-1,6,60,1,1,1,17:51,2,2,9
2023061307806,2023,061307806,2,1,1,2,42,7,3,0,0,0,0,0,9,1,E01005180,3,1,0.0,1.0,-1,6,30,1,1,-1,17:50,2,2,9
2023131359824,2023,131359824,2,2,2,2,78,11,3,0,0,1,0,0,9,1,E01010812,3,1,0.0,1.0,-1,3,30,8,1,1,13:30,5,2,9
2023461280713,2023,461280713,2,1,1,2,34,6,3,0,0,0,0,0,9,2,E01016140,3,1,0.0,1.0,-1,6,50,1,1,2,14:55,6,3,9
2023991298141,2023,991298141,1,2,2,1,17,4,3,0,0,2,0,0,9,4,-1,3,1,0.0,1.0,-1,6,60,1,6,1,22:52,3,1,9
2023161291701,2023,161291701,1,1,2,2,75,10,3,0,0,0,-1,0,11,9,E01013015,3,1,0.0,1.0,-1,6,20,1,1,1,11:00,7,1,11
2023010421371,2023,010421371,1,6,2,1,7,2,3,0,0,2,0,0,9,2,E01003196,-1,0,0.0,1.0,-1,1,30,2,1,2,11:38,7,2,9
2023440227186,2023,440227186,1,1,1,2,76,11,2,0,0,0,0,0,9,5,E01017369,-1,0,1.0,0.0,-1,6,30,1,1,1,15:44,5,2,9
2023501290047,2023,501290047,2,1,1,2,24,5,3,0,0,0,0,0,9,-1,-1,3,1,0.0,1.0,-1,1,40,2,1,2,13:00,5,2,9
2023010431084,2023,010431084,1,1,3,1,33,6,2,5,1,0,0,0,0,-1,-1,-1,0,1.0,0.0,-1,3,20,1,1,1,11:22,1,1,9
2023010450234,2023,010450234,1,1,1,2,46,8,3,0,0,0,0,0,9,5,E01002449,-1,0,0.0,1.0,-1,6,30,1,1,1,11:36,3,3,9
2023320078641,2023,320078641,1,1,1,2,41,7,3,0,0,0,0,0,9,2,E01026161,-1,0,0.02766,0.97234,-1,6,40,1,1,1,10:00,3,2,9
2023201315969,2023,201315969,1,1,1,1,29,6,3,0,0,0,0,0,9,2,E01022328,3,1,0.0,1.0,-1,6,40,1,1,1,14:45,4,2,9
2023221356441,2023,221356441,1,1,1,2,33,6,3,0,0,0,0,0,9,6,E01013999,3,1,0.0,1.0,-1,6,60,2,6,2,02:30,1,1,9
2023320727828,2023,320727828,1,1,2,1,28,6,1,0,0,1,0,0,9,5,E01026290,-1,0,0.0,0.0,-1,6,60,1,1,1,15:37,6,3,9
2023501370876,2023,501370876,2,5,1,1,83,11,3,0,0,0,0,0,9,5,E01018957,3,1,0.0,1.0,-1,6,60,2,1,2,12:12,1,7,9
2023010459526,2023,010459526,1,1,3,2,26,6,3,1,1,0,0,0,0,5,E01000964,-1,0,0.0,1.0,-1,6,20,1,1,1,07:38,3,1,9
2023101346022,2023,101346022,1,1,3,1,29,6,3,5,1,0,0,0,0,8,E01008527,3,1,0.0,1.0,-1,6,20,1,1,1,10:30,5,1,9
2023031259691,2023,031259691,1,1,1,1,13,3,3,0,0,0,0,0,1,1,E01019245,3,1,0.0,1.0,-1,3,30,5,4,2,16:33,4,2,1
2023522300401,2023,522300401,1,1,1,2,27,6,3,0,0,0,0,0,1,4,E01014632,-1,0,0.02992,0.97008,-1,6,20,2,1,2,08:50,3,2,1
2023991334559,2023,991334559,1,1,1,1,49,8,2,0,0,0,0,0,1,-1,-1,6,1,1.0,0.0,-1,6,20,1,1,1,12:57,4,1,1
2023320788557,2023,320788557,1,1,1,1,24,5,3,0,0,0,0,0,4,4,E01026250,-1,0,0.16634,0.83366,-1,6,30,1,4,1,06:30,7,2,4
2023471303949,2023,471303949,1,1,2,1,63,9,3,0,0,1,0,0,8,7,E01021236,3,1,0.0,1.0,-1,6,30,1,1,1,09:40,5,1,8
2023201409590,2023,201409590,2,1,1,-1,39,7,3,0,0,0,0,0,9,3,E01008989,3,1,0.0,1.0,-1,1,30,2,1,2,09:49,3,2,9
2023401384308,2023,401384308,1,2,2,1,18,4,3,0,0,2,0,0,9,3,E01023650,3,1,0.0,1.0,-1,6,60,2,6,2,22:17,1,1,9
2023421328753,2023,421328753,2,1,1,2,55,8,3,0,0,0,0,0,9,7,E01021752,3,1,0.0,1.0,-1,6,30,1,1,1,16:10,4,2,9
2023010464048,2023,010464048,2,1,1,1,7,2,3,0,0,0,0,0,1,3,E01003841,-1,0,0.0,1.0,-1,6,20,1,1,1,18:55,2,2,1
2023052301301,2023,052301301,1,1,1,2,36,7,3,0,0,0,0,0,9,1,E01012520,-1,0,0.03913,0.96087,-1,6,30,1,1,1,16:55,6,2,9
2023552300358,2023,552300358,1,1,2,2,0,1,3,0,0,2,0,0,9,-1,-1,-1,0,0.03849,0.96151,-1,6,60,1,1,4,18:35,2,4,9
202363D033023,2023,63D033023,1,1,1,1,62,9,3,0,0,0,0,0,9,-1,-1,-1,0,0.14569,0.85431,-1,6,60,1,1,1,11:59,7,1,9
2023201390759,2023,201390759,1,1,3,2,53,8,2,5,1,0,0,2,0,2,E01009754,7,1,1.0,0.0,-1,6,30,1,4,1,17:30,3,1,19
2023631392472,2023,631392472,2,1,1,1,25,5,2,0,0,0,0,0,1,6,W01000612,7,1,1.0,0.0,-1,6,40,9,1,2,11:23,6,2,1
2023041340458,2023,041340458,1,1,1,1,24,5,2,0,0,0,0,0,5,3,E01012662,6,1,1.0,0.0,-1,6,40,1,1,1,20:00,5,2,5
2023451354709,2023,451354709,3,1,1,2,55,8,2,0,0,0,0,0,9,8,E01030490,6,1,1.0,0.0,-1,3,70,1,1,1,08:00,5,3,9
2023501355661,2023,501355661,1,1,2,1,27,6,3,0,0,1,0,0,9,7,E01020268,3,1,0.0,1.0,-1,6,30,2,4,2,03:49,1,1,9
2023501367695,2023,501367695,1,4,2,2,1,1,3,0,0,-1,0,0,9,-1,-1,3,1,0.0,1.0,-1,3,70,2,1,2,11:56,6,1,9
2023522300196,2023,522300196,1,1,3,2,4,1,2,5,3,0,0,0,0,7,E01014621,-1,0,1.0,0.0,-1,6,20,1,1,1,08:35,6,1,9
2023361348043,2023,361348043,1,1,1,1,19,4,2,0,0,0,0,0,3,5,E01026435,7,1,1.0,0.0,-1,6,60,1,6,1,00:30,1,1,3
2023631315055,2023,631315055,1,1,1,1,50,8,2,0,0,0,0,0,4,2,E01010073,6,1,1.0,0.0,-1,6,30,1,1,1,14:05,1,1,4
2023031329817,2023,031329817,1,1,1,1,50,8,3,0,0,0,0,0,9,4,E01019247,3,1,0.0,1.0,-1,6,30,5,1,2,20:01,7,2,9
2023010433553,2023,010433553,2,1,3,1,10,2,3,9,5,0,0,0,0,1,E01004040,-1,0,0.0,1.0,-1,6,20,1,1,1,09:00,4,2,9
2023201337693,2023,201337693,1,1,3,1,12,3,3,1,3,0,0,0,0,-1,-1,3,1,0.0,1.0,-1,6,30,1,1,2,08:35,6,1,9
2023440217677,2023,440217677,1,1,3,2,36,7,3,6,9,0,0,0,0,3,E01023145,-1,0,0.13744,0.86256,-1,6,60,1,1,1,09:20,6,1,9
2023201448374,2023,201448374,1,2,2,1,22,5,3,0,0,-1,0,0,9,7,E01009424,3,1,0.0,1.0,-1,3,30,1,4,4,23:15,5,2,9
2023451317254,2023,451317254,1,4,2,1,43,7,3,0,0,2,0,0,9,2,E01003168,3,1,0.0,1.0,-1,9,30,1,4,1,22:25,7,2,9
2023041370000,2023,041370000,1,2,3,1,34,6,3,4,3,0,0,0,0,3,E01025087,3,1,0.0,1.0,-1,6,30,2,4,2,18:24,4,1,19
2023010432087,2023,010432087,1,1,1,1,57,9,2,0,0,0,0,0,5,8,E01004582,-1,0,1.0,0.0,-1,6,20,2,1,2,07:41,3,2,5
2023131378227,2023,131378227,2,1,1,2,22,5,2,0,0,0,0,0,9,4,E01010669,7,1,1.0,0.0,-1,6,30,1,1,1,13:30,5,2,9
2023010476185,2023,010476185,2,1,1,1,24,5,2,0,0,0,0,0,19,4,E01024339,-1,0,1.0,0.0,-1,6,30,1,1,2,07:25,2,2,19
2023010459175,2023,010459175,1,1,1,2,42,7,3,0,0,0,0,0,1,3,E01001834,-1,0,0.0,1.0,-1,6,20,8,1,2,18:00,7,2,1
2023201326206,2023,201326206,1,1,1,1,68,10,3,0,0,0,0,0,9,2,E01010049,3,1,0.0,1.0,-1,3,30,1,1,1,13:46,7,2,9
2023631390045,2023,631390045,2,2,1,1,26,6,2,0,0,0,0,0,20,7,W01000735,7,1,1.0,0.0,-1,6,60,2,6,2,06:45,3,2,20
2023010474042,2023,010474042,1,1,1,1,28,6,3,0,0,0,0,0,1,2,E01003044,-1,0,0.0,1.0,-1,6,20,1,1,1,08:30,3,2,1
2023610039423,2023,610039423,1,4,2,2,25,5,3,0,0,2,0,0,8,1,W01001339,-1,0,0.05929,0.94071,-1,6,30,1,1,1,08:30,3,2,8
2023122300555,2023,122300555,1,1,1,2,31,6,3,0,0,0,0,0,9,3,E01012741,-1,0,0.08872,0.91128,-1,6,60,1,1,1,16:20,6,2,9
2023201296690,2023,201296690,1,1,1,1,27,6,3,0,0,0,0,0,9,1,E01010365,3,1,0.0,1.0,-1,3,30,1,1,1,12:25,3,2,9
2023501369809,2023,501369809,2,1,2,1,9,2,3,0,0,1,0,0,9,5,E01020339,3,1,0.0,1.0,-1,6,60,2,6,2,19:44,3,2,9
2023010441795,2023,010441795,1,1,3,2,12,3,3,5,4,0,0,0,0,1,E01004204,-1,0,0.0,1.0,-1,6,20,1,1,1,16:10,2,1,9
2023010475301,2023,010475301,1,1,3,2,86,11,1,7,9,0,0,0,0,7,E01003817,-1,0,0.0,0.0,-1,6,20,2,1,2,11:19,4,1,11
2023010424964,2023,010424964,1,1,1,1,76,11,3,0,0,0,0,0,9,3,E01001440,-1,0,0.0,1.0,-1,6,30,8,1,1,09:30,5,2,9
2023451373191,2023,451373191,2,2,2,2,20,4,3,0,0,1,0,0,9,3,E01004123,3,1,0.0,1.0,-1,3,40,1,4,1,18:25,6,2,9
2023201316317,2023,201316317,2,2,2,1,42,7,3,0,0,1,0,0,9,2,E01009505,3,1,0.0,1.0,-1,3,70,1,1,1,11:40,7,3,9
2023010455690,2023,010455690,1,1,1,1,23,5,3,0,0,0,0,0,3,6,E01031586,-1,0,0.0,1.0,-1,6,30,1,1,1,14:15,7,2,3
2023010427782,2023,010427782,2,1,1,2,43,7,3,0,0,0,0,0,9,2,E01003983,-1,0,0.0,1.0,-1,3,50,1,4,1,21:35,6,3,9
2023010432955,2023,010432955,2,3,2,2,45,7,3,0,0,2,0,0,9,-1,-1,-1,0,0.0,1.0,-1,6,30,1,1,1,16:30,7,2,9
2023311369406,2023,311369406,1,1,2,1,24,5,3,0,0,2,0,0,9,2,E01013906,3,1,0.0,1.0,-1,6,30,1,1,2,17:58,3,2,9
2023461394548,2023,461394548,2,2,2,1,23,5,3,0,0,-1,0,0,9,6,E01024628,3,1,0.0,1.0,-1,6,30,1,1,1,06:50,6,2,9
2023101269816,2023,101269816,2,2,1,1,22,5,3,0,0,0,0,0,19,-1,-1,3,1,0.0,1.0,-1,6,30,1,1,1,18:00,7,2,19
2023471304878,2023,471304878,2,1,1,1,43,7,3,0,0,0,0,0,1,6,E01016972,3,1,0.0,1.0,-1,6,30,1,1,1,10:57,1,2,1
2023320564026,2023,320564026,2,3,1,2,52,8,3,0,0,0,0,0,9,2,E01026095,-1,0,0.05031,0.94969,-1,6,30,1,1,1,19:05,1,2,9
2023052300536,2023,052300536,2,2,2,1,40,7,2,0,0,1,0,0,9,8,E01007032,-1,0,1.0,0.0,-1,3,40,1,1,1,07:10,1,2,9
2023061322381,2023,061322381,2,1,1,2,19,4,3,0,0,0,0,0,9,4,E01005500,3,1,0.0,1.0,-1,6,30,1,4,1,23:14,7,2,9
2023131392174,2023,131392174,1,2,2,1,24,5,3,0,0,1,0,0,9,2,E01005430,3,1,0.0,1.0,-1,6,50,4,6,2,03:32,3,1,9
2023010446184,2023,010446184,1,1,1,1,29,6,3,0,0,0,0,0,1,3,E01002044,-1,0,0.0,1.0,-1,6,20,1,1,1,13:10,4,1,1
2023302301708,2023,302301708,2,1,1,1,23,5,3,0,0,0,0,0,3,6,E01019669,-1,0,0.07776,0.92224,-1,6,30,9,1,1,08:00,3,2,3