collision_index,collision_year,collision_ref_no,vehicle_reference,casualty_reference,casualty_class,sex_of_casualty,age_of_casualty,age_band_of_casualty,casualty_severity,pedestrian_location,pedestrian_movement,car_passenger,bus_or_coach_passenger,pedestrian_road_maintenance_worker,casualty_type,casualty_imd_decile,lsoa_of_casualty,enhanced_casualty_severity,casualty_injury_based,casualty_adjusted_severity_serious,casualty_adjusted_severity_slight,casualty_distance_banding,road_type,speed_limit,weather_conditions,light_conditions,road_surface_conditions,time,day_of_week,number_of_vehicles,vehicle_type
2023311294474,2023,311294474,2,1,1,1,34,6,3,0,0,0,0,0,9,6,E01013978,3,1,0.0,1.0,-1,3,40,1,1,1,18:36,5,2,9
2023520401076,2023,520401076,1,2,2,1,29,6,3,0,0,1,0,0,9,7,E01014949,-1,0,0.08442,0.91558,-1,6,60,2,6,2,19:06,7,1,9
2023531387154,2023,531387154,3,1,1,1,61,9,3,0,0,0,0,0,9,6,E01022270,3,1,0.0,1.0,-1,6,50,1,1,2,11:20,7,3,9
2023332300550,2023,332300550,1,1,1,1,55,8,2,0,0,0,0,0,5,10,E01025616,-1,0,1.0,0.0,-1,6,30,1,1,1,18:15,4,2,5
2023010470731,2023,010470731,1,1,1,2,71,10,3,0,0,0,0,0,9,3,E01032743,-1,0,0.0,1.0,-1,1,50,1,1,1,15:25,6,2,9
2023161309572,2023,161309572,1,1,1,1,29,6,3,0,0,0,0,0,9,1,E01013140,3,1,0.0,1.0,-1,6,30,1,1,1,11:52,7,2,9
2023010421354,2023,010421354,1,1,2,2,75,10,3,0,0,0,3,0,11,8,E01004587,-1,0,0.0,1.0,-1,6,20,1,1,2,09:30,7,1,11
2023131391985,2023,131391985,1,1,2,1,37,7,3,0,0,1,0,0,9,2,E01011167,3,1,0.0,1.0,-1,3,70,5,1,2,14:20,1,1,9
2023320115481,2023,320115481,1,2,1,2,76,11,3,0,0,0,0,0,9,8,E01026200,-1,0,0.09238,0.90762,-1,6,50,1,1,1,15:42,5,2,9
202360A066773,2023,60A066773,1,1,1,2,58,9,3,0,0,0,0,0,9,-1,-1,-1,0,0.10004,0.89996,-1,1,30,1,1,1,10:28,7,1,9
2023332300903,2023,332300903,1,1,3,1,46,8,3,4,3,0,0,0,0,8,E01025732,-1,0,0.07819,0.92181,-1,6,30,1,1,2,16:07,4,1,8
2023430340819,2023,430340819,1,1,3,1,53,8,2,4,1,0,0,0,0,-1,-1,-1,0,1.0,0.0,-1,3,30,1,4,1,21:36,2,1,9
2023552301109,2023,552301109,1,1,3,1,75,10,3,5,1,0,0,0,0,8,E01020519,-1,0,0.20073,0.79927,-1,6,30,1,1,1,11:08,3,1,9
2023302300711,2023,302300711,1,1,1,1,35,6,2,0,0,0,0,0,2,2,E01013571,-1,0,1.0,0.0,-1,6,30,1,1,1,18:05,5,2,2
2023041333719,2023,041333719,2,1,1,1,42,7,3,0,0,0,0,0,9,7,E01025164,3,1,0.0,1.0,-1,6,30,1,1,1,11:05,2,2,9
2023211347366,2023,211347366,1,1,2,1,16,4,3,0,0,1,0,0,9,1,E01014287,3,1,0.0,1.0,-1,6,30,1,4,2,20:37,5,1,9
2023351315794,2023,351315794,2,2,2,1,30,6,3,0,0,-1,0,0,9,8,E01018206,3,1,0.0,1.0,-1,6,60,1,1,1,09:35,6,4,9
2023201386802,2023,201386802,1,1,3,1,19,4,2,1,1,0,0,2,0,2,E01009641,5,1,1.0,0.0,-1,3,30,1,4,2,19:02,6,1,9
2023131262659,2023,131262659,1,1,3,1,23,5,3,5,3,0,0,2,0,1,E01033693,3,1,0.0,1.0,-1,6,30,1,4,2,16:50,5,1,9
2023010443226,2023,010443226,1,1,1,1,39,7,3,0,0,0,0,0,3,5,E01004616,-1,0,0.0,1.0,-1,6,20,1,1,1,18:30,2,2,3
2023010457586,2023,010457586,2,2,2,1,35,6,3,0,0,1,0,0,9,6,E01004581,-1,0,0.0,1.0,-1,6,20,1,1,1,18:15,5,2,9
2023201326252,2023,201326252,1,1,1,1,79,11,2,0,0,0,0,0,9,1,E01010039,7,1,1.0,0.0,-1,6,30,1,1,1,13:40,2,2,9
2023430014741,2023,430014741,1,2,2,2,20,4,3,0,0,1,0,0,9,9,E01032034,-1,0,0.00335,0.99665,-1,6,30,2,4,2,18:21,3,2,9
2023501353328,2023,501353328,1,2,2,1,50,8,3,0,0,-1,0,0,9,7,E01020267,3,1,0.0,1.0,-1,3,70,2,1,2,16:15,1,1,9
2023501372707,2023,501372707,2,1,1,1,51,8,2,0,0,0,0,0,1,-1,-1,6,1,1.0,0.0,-1,6,40,1,1,2,07:40,2,2,1
2023010431934,2023,010431934,2,2,1,2,47,8,3,0,0,0,0,0,9,2,E01003726,-1,0,0.0,1.0,-1,3,50,1,1,1,13:23,1,3,9
2023401395780,2023,401395780,1,1,1,2,25,5,3,0,0,0,0,0,9,3,E01015730,3,1,0.0,1.0,-1,6,20,1,4,1,17:20,1,3,9
2023411308379,2023,411308379,2,1,1,1,46,8,3,0,0,0,0,0,9,3,E01023323,3,1,0.0,1.0,-1,6,30,1,1,-1,14:15,2,2,9
2023520301774,2023,520301774,2,1,2,2,25,5,3,0,0,2,0,0,9,9,E01032150,-1,0,0.01616,0.98384,-1,1,30,1,1,1,06:50,2,2,9
2023170M11683,2023,170M11683,2,2,1,2,44,7,3,0,0,0,0,0,9,6,E01012012,-1,0,0.06901,0.93099,-1,6,20,5,5,2,19:28,6,2,9
2023311321880,2023,311321880,2,2,2,1,19,4,3,0,0,2,0,0,9,6,E01028102,3,1,0.0,1.0,-1,6,30,1,4,1,04:21,1,2,9
2023451342509,2023,451342509,1,1,1,1,19,4,3,0,0,0,0,0,9,3,E01030400,3,1,0.0,1.0,-1,6,30,1,1,1,16:45,2,2,9
2023010455067,2023,010455067,1,2,2,-1,-1,-1,3,0,0,1,0,0,9,3,E01000640,-1,0,0.0,1.0,-1,6,20,1,4,9,23:36,5,1,9
2023061383442,2023,061383442,2,1,1,1,26,6,3,0,0,0,0,0,9,6,E01006234,3,1,0.0,1.0,-1,6,30,1,1,1,13:34,6,2,9
2023101375055,2023,101375055,2,1,1,1,67,10,3,0,0,0,0,0,9,9,E01008783,3,1,0.0,1.0,-1,6,60,2,4,2,17:08,3,2,9
2023131365296,2023,131365296,1,6,2,1,18,4,3,0,0,2,0,0,9,8,E01010931,3,1,0.0,1.0,-1,6,20,2,4,2,23:17,6,2,9
2023141270302,2023,141270302,2,1,1,2,51,8,3,0,0,0,0,0,9,-1,-1,3,1,0.0,1.0,-1,6,30,1,1,1,15:10,6,2,9
2023201413889,2023,201413889,1,2,2,1,10,2,3,0,0,1,0,0,9,3,E01009763,3,1,0.0,1.0,-1,6,30,1,4,1,22:27,7,2,9
2023501284172,2023,501284172,1,1,1,1,27,6,3,0,0,0,0,0,9,6,E01032780,3,1,0.0,1.0,-1,6,60,1,1,1,12:30,2,2,9
2023501317827,2023,501317827,1,2,1,2,18,4,3,0,0,0,0,0,9,-1,-1,3,1,0.0,1.0,-1,6,60,1,1,1,17:07,2,2,9
2023010425811,2023,010425811,1,1,3,1,57,9,3,6,9,0,0,0,0,1,E01002855,-1,0,0.0,1.0,-1,9,20,1,1,1,10:15,7,1,9
2023010474665,2023,010474665,1,1,3,1,51,8,3,9,9,0,0,0,0,5,E01002004,-1,0,0.0,1.0,-1,6,20,8,1,1,16:42,7,1,9
2023170H10343,2023,170H10343,1,1,1,1,59,9,2,0,0,0,0,0,1,1,E01012000,-1,0,1.0,0.0,-1,6,40,2,1,2,14:17,6,2,1
2023010423457,2023,010423457,1,1,1,1,24,5,3,0,0,0,0,0,3,5,E01003415,-1,0,0.0,1.0,-1,9,20,1,4,1,17:45,3,2,3
2023531275416,2023,531275416,2,2,1,1,23,5,2,0,0,0,0,0,3,5,E01022441,7,1,1.0,0.0,-1,6,50,1,1,1,14:20,7,5,3
2023411324484,2023,411324484,2,2,1,1,78,11,3,0,0,0,0,0,9,10,E01023965,3,1,0.0,1.0,-1,1,40,1,1,1,09:25,7,2,9
2023471340455,2023,471340455,2,2,1,2,31,6,3,0,0,0,0,0,9,9,E01024808,3,1,0.0,1.0,-1,6,40,1,1,1,15:57,5,4,9
2023201442887,2023,201442887,2,2,2,2,36,7,3,0,0,-1,0,0,9,1,E01013480,3,1,0.0,1.0,-1,3,40,1,1,1,16:50,6,2,9
2023451360837,2023,451360837,1,3,2,2,18,4,3,0,0,1,0,0,9,8,E01030628,3,1,0.0,1.0,-1,6,60,1,6,1,00:06,2,1,9
2023061281291,2023,061281291,2,1,1,1,25,5,3,0,0,0,0,0,1,4,E01005298,3,1,0.0,1.0,-1,6,30,2,1,2,09:35,4,2,1
2023221323237,2023,221323237,2,1,1,1,22,5,3,0,0,0,0,0,5,7,E01029405,3,1,0.0,1.0,-1,6,60,1,1,1,13:45,1,2,5
2023549320823,2023,549320823,1,1,1,1,53,8,3,0,0,0,0,0,22,4,E01032090,-1,0,0.10204,0.89796,-1,1,40,1,1,1,13:17,2,2,22
2023041360675,2023,041360675,1,1,1,2,31,6,2,0,0,0,0,0,9,3,E01025076,7,1,1.0,0.0,-1,6,30,1,1,1,09:30,1,1,9
2023451341151,2023,451341151,1,1,1,2,55,8,3,0,0,0,0,0,9,6,E01026430,3,1,0.0,1.0,-1,3,70,1,1,1,10:40,5,2,9
2023991389588,2023,991389588,1,1,1,1,30,6,3,0,0,0,0,0,9,-1,-1,3,1,0.0,1.0,-1,6,60,2,1,2,08:45,2,1,9
2023010440361,2023,010440361,2,1,1,1,17,4,3,0,0,0,0,0,1,3,E01004425,-1,0,0.0,1.0,-1,6,20,1,1,1,15:10,1,2,1
2023201453259,2023,201453259,1,1,3,1,63,9,3,9,5,0,0,0,0,-1,-1,3,1,0.0,1.0,-1,6,30,8,4,2,18:11,1,1,9
2023010447793,2023,010447793,2,1,1,1,27,6,3,0,0,0,0,0,3,7,E01003396,-1,0,0.0,1.0,-1,6,20,1,1,1,16:18,5,2,3
2023010453429,2023,010453429,1,1,1,1,31,6,3,0,0,0,0,0,9,5,E01003173,-1,0,0.0,1.0,-1,2,20,1,1,1,18:00,4,2,9
2023302300384,2023,302300384,1,1,1,2,42,7,3,0,0,0,0,0,9,5,E01019402,-1,0,0.024,0.976,-1,6,30,9,4,1,18:25,2,1,9
2023311376368,2023,311376368,1,1,2,2,33,6,3,0,0,2,0,0,9,3,E01028127,3,1,0.0,1.0,-1,6,30,1,4,2,17:41,1,2,9
2023010422869,2023,010422869,2,1,1,2,28,6,3,0,0,0,0,0,9,4,E01000466,-1,0,0.0,1.0,-1,3,30,1,1,1,13:10,7,3,9
2023520300689,2023,520300689,3,2,1,1,22,5,3,0,0,0,0,0,9,1,E01029292,-1,0,0.037,0.963,-1,6,60,1,1,2,12:25,7,3,9
2023520301030,2023,520301030,1,2,2,2,15,3,3,0,0,1,0,0,9,6,E01029290,-1,0,0.03353,0.96647,-1,3,40,1,4,1,01:04,1,2,9
2023991362199,2023,991362199,2,18,2,1,17,4,3,0,0,0,4,0,11,4,-1,3,1,0.0,1.0,-1,6,30,1,1,1,09:15,5,2,11
2023010461221,2023,010461221,1,1,1,1,36,7,3,0,0,0,0,0,3,1,E01000595,-1,0,0.0,1.0,-1,9,20,1,1,1,09:30,5,2,3
2023010421498,2023,010421498,1,1,1,1,19,4,3,0,0,0,0,0,9,6,E01001408,-1,0,0.0,1.0,-1,6,30,1,1,1,11:05,1,2,9
2023010447792,2023,010447792,1,1,1,1,29,6,3,0,0,0,0,0,9,1,E01000605,-1,0,0.0,1.0,-1,3,40,8,1,1,16:40,4,2,9
2023461343737,2023,461343737,2,2,1,1,57,9,3,0,0,0,0,0,9,4,E01024541,3,1,0.0,1.0,-1,6,30,1,4,1,21:04,3,2,9
2023070354287,2023,070354287,2,2,1,1,47,8,3,0,0,0,0,0,19,6,E01018627,-1,0,0.06153,0.93847,-1,6,60,1,1,1,10:50,5,2,19
2023546059023,2023,546059023,2,1,1,1,62,9,3,0,0,0,0,0,19,9,E01032041,-1,0,0.05667,0.94333,-1,6,40,1,1,1,16:50,6,2,19
2023122300587,2023,122300587,1,1,1,2,51,8,3,0,0,0,0,0,9,3,E01012350,-1,0,0.08342,0.91658,-1,3,70,1,1,1,10:55,7,2,9
2023440008380,2023,440008380,3,1,1,2,22,5,3,0,0,0,0,0,9,9,E01032604,-1,0,0.03632,0.96368,-1,6,30,5,1,2,12:04,7,3,9
2023311264606,2023,311264606,1,1,3,1,12,3,3,5,1,0,0,0,0,1,E01027930,3,1,0.0,1.0,-1,6,30,1,7,1,16:00,6,1,9
2023481406889,2023,481406889,1,1,3,2,41,7,2,9,9,0,0,0,0,-1,-1,7,1,1.0,0.0,-1,6,20,1,1,1,08:48,6,1,1
2023161299947,2023,161299947,2,1,1,1,18,4,2,0,0,0,0,0,3,5,E01013119,5,1,1.0,0.0,-1,6,40,2,1,2,10:50,1,3,3
2023340WN5292,2023,340WN5292,1,1,1,1,26,6,3,0,0,0,0,0,9,3,E01027196,-1,0,0.13664,0.86336,-1,6,30,1,4,2,00:53,6,1,9
2023430346185,2023,430346185,1,1,1,1,23,5,3,0,0,0,0,0,9,7,E01017851,-1,0,0.08081,0.91919,-1,6,30,1,4,1,02:25,6,2,9
2023430355338,2023,430355338,1,1,1,2,25,5,3,0,0,0,0,0,9,8,E01016610,-1,0,0.00329,0.99671,-1,6,30,1,1,1,19:30,2,2,9
2023440273939,2023,440273939,1,1,1,2,50,8,3,0,0,0,0,0,9,8,E01031883,-1,0,0.06385,0.93615,-1,6,30,1,1,1,12:04,7,2,9
2023461283507,2023,461283507,2,2,1,2,43,7,3,0,0,0,0,0,9,9,E01033214,3,1,0.0,1.0,-1,6,30,1,1,1,08:16,2,2,9
2023010450949,2023,010450949,1,2,2,-1,-1,-1,3,0,0,2,0,0,9,3,E01001244,-1,0,0.0,1.0,-1,6,20,1,1,1,16:45,3,2,9
2023071109420,2023,071109420,2,3,2,2,8,2,3,0,0,2,0,0,9,2,E01018522,-1,0,0.0081,0.9919,-1,6,40,1,4,1,17:30,3,2,9
2023471268574,2023,471268574,1,1,3,2,50,8,3,1,1,0,0,0,0,6,E01021113,3,1,0.0,1.0,-1,6,30,1,4,2,19:53,5,1,9
2023451327339,2023,451327339,2,1,1,1,21,5,3,0,0,0,0,0,3,3,E01016459,3,1,0.0,1.0,-1,6,30,1,1,1,18:45,7,2,3
2023141356380,2023,141356380,1,1,1,2,41,7,3,0,0,0,0,0,9,7,E01007755,3,1,0.0,1.0,-1,6,30,2,1,2,09:55,3,2,9
2023201304339,2023,201304339,3,2,1,2,36,7,3,0,0,0,0,0,9,1,E01009057,3,1,0.0,1.0,-1,6,30,1,1,1,07:35,1,3,9
2023010462104,2023,010462104,1,1,1,1,45,7,3,0,0,0,0,0,19,1,E01001178,-1,0,0.0,1.0,-1,2,20,2,1,1,05:12,5,3,19
2023052302595,2023,052302595,1,1,3,2,43,7,2,6,9,0,0,0,0,-1,-1,-1,0,1.0,0.0,-1,6,20,1,1,1,15:50,1,1,9
2023131260794,2023,131260794,1,1,3,1,14,3,3,8,3,0,0,2,0,4,E01011823,3,1,0.0,1.0,-1,6,30,1,4,1,20:00,7,1,90
2023010467019,2023,010467019,1,1,1,2,36,7,3,0,0,0,0,0,1,2,E01003297,-1,0,0.0,1.0,-1,6,20,1,1,1,16:43,3,2,1
2023131261103,2023,131261103,2,1,1,1,60,9,2,0,0,0,0,0,3,1,E01011471,7,1,1.0,0.0,-1,3,30,1,1,2,11:20,2,2,3
2023010473010,2023,010473010,1,1,1,1,45,7,3,0,0,0,0,0,9,3,E01001819,-1,0,0.0,1.0,-1,3,50,5,4,2,01:14,6,2,9
2023041271670,2023,041271670,2,1,1,1,59,9,3,0,0,0,0,0,9,1,E01012744,3,1,0.0,1.0,-1,6,30,1,4,2,21:20,4,2,9
2023201326206,2023,201326206,2,2,1,1,60,9,3,0,0,0,0,0,9,5,E01009187,3,1,0.0,1.0,-1,3,30,1,1,1,13:46,7,2,9
2023991271542,2023,991271542,2,1,1,2,69,10,3,0,0,0,0,0,9,4,-1,3,1,0.0,1.0,-1,6,30,1,1,1,10:20,5,2,9
2023010478010,2023,010478010,1,1,3,1,76,11,2,10,9,0,0,0,0,5,E01003130,-1,0,1.0,0.0,-1,2,20,1,4,1,20:03,3,1,11
2023311263432,2023,311263432,1,2,3,1,19,4,3,6,9,0,0,0,0,-1,-1,3,1,0.0,1.0,-1,3,70,1,4,1,21:30,7,1,9
2023141348123,2023,141348123,2,1,1,1,10,2,2,0,0,0,0,0,1,4,E01007329,7,1,1.0,0.0,-1,6,30,1,1,1,11:30,1,2,1
2023421267691,2023,421267691,1,1,1,1,45,7,3,0,0,0,0,0,3,8,E01015974,3,1,0.0,1.0,-1,6,30,1,4,2,07:00,4,2,3
2023010481921,2023,010481921,1,1,1,2,42,7,3,0,0,0,0,0,9,2,E01001042,-1,0,0.0,1.0,-1,1,30,2,4,2,06:30,2,2,9
2023201309082,2023,201309082,1,1,1,1,39,7,3,0,0,0,0,0,9,5,E01009791,3,1,0.0,1.0,-1,3,40,1,1,1,13:16,1,1,9
2023231314150,2023,231314150,1,1,1,2,26,6,3,0,0,0,0,0,9,3,E01031053,3,1,0.0,1.0,-1,6,30,1,1,1,09:43,5,1,9
2023401363449,2023,401363449,1,1,1,1,78,11,2,0,0,0,0,0,9,5,E01017418,5,1,1.0,0.0,-1,3,70,1,1,1,14:44,6,2,9
2023421362394,2023,421362394,2,2,1,2,33,6,2,0,0,0,0,0,9,10,E01021591,7,1,1.0,0.0,-1,6,60,2,1,2,08:45,6,2,9
2023010463333,2023,010463333,1,1,2,-1,-1,-1,3,0,0,0,9,0,11,3,E01004698,-1,0,0.0,1.0,-1,9,20,1,1,1,11:40,6,1,11
2023010434932,2023,010434932,1,1,1,1,34,6,3,0,0,0,0,0,9,2,E01001118,-1,0,0.0,1.0,-1,9,20,1,1,1,14:15,3,2,9
2023010458101,2023,010458101,1,1,1,1,26,6,3,0,0,0,0,0,9,4,E01001609,-1,0,0.0,1.0,-1,9,20,1,7,1,22:20,6,3,9
2023010466187,2023,010466187,1,2,2,1,49,8,3,0,0,1,0,0,9,1,E01002081,-1,0,0.0,1.0,-1,6,40,1,1,1,12:47,6,2,9
2023201411747,2023,201411747,2,1,1,2,27,6,3,0,0,0,0,0,9,1,E01010032,3,1,0.0,1.0,-1,1,30,1,1,1,08:15,3,2,9
2023320428194,2023,320428194,2,1,1,2,39,7,3,0,0,0,0,0,9,-1,-1,-1,0,0.015,0.985,-1,6,50,2,1,2,16:30,3,2,9
2023421367476,2023,421367476,2,3,2,2,7,2,3,0,0,1,0,0,9,5,E01003700,3,1,0.0,1.0,-1,6,40,1,1,1,18:25,5,2,9
2023461358523,2023,461358523,1,1,2,2,7,2,3,0,0,1,0,0,9,7,E01024536,3,1,0.0,1.0,-1,6,20,1,1,1,08:15,2,3,9
2023010470606,2023,010470606,1,1,1,1,32,6,3,0,0,0,0,0,1,1,E01000868,-1,0,0.0,1.0,-1,6,20,1,1,1,18:25,5,2,1
2023141314067,2023,141314067,1,1,3,1,30,6,3,6,9,0,0,2,0,2,E01007470,3,1,0.0,1.0,-1,6,30,1,1,1,10:08,4,1,9
2023991312685,2023,991312685,2,1,1,1,55,8,2,0,0,0,0,0,1,10,-1,7,1,1.0,0.0,-1,6,30,1,1,1,06:50,3,2,1
2023421266538,2023,421266538,1,1,1,1,64,9,2,0,0,0,0,0,9,5,E01021680,6,1,1.0,0.0,-1,6,30,1,6,4,20:59,7,2,9
2023522300371,2023,522300371,1,1,1,2,41,7,3,0,0,0,0,0,9,1,E01014726,-1,0,0.00597,0.99403,-1,6,30,1,1,1,13:55,3,2,9
2023543266923,2023,543266923,1,1,3,2,53,8,2,9,9,0,0,0,0,5,E01015554,-1,0,1.0,0.0,-1,1,30,1,1,1,17:00,2,1,9
2023471369929,2023,471369929,2,1,1,1,43,7,3,0,0,0,0,0,1,6,E01016889,3,1,0.0,1.0,-1,3,60,5,1,5,08:00,5,2,1
2023052300030,2023,052300030,2,2,2,2,20,4,3,0,0,1,0,0,9,10,E01012563,-1,0,0.01691,0.98309,-1,6,30,2,1,2,13:00,3,2,9
2023211289931,2023,211289931,1,1,1,1,76,11,3,0,0,0,0,0,9,10,E01033533,3,1,0.0,1.0,-1,3,70,4,1,1,10:40,5,1,9
2023461361875,2023,461361875,1,4,2,2,86,11,3,0,0,1,0,0,9,3,E01024559,3,1,0.0,1.0,-1,7,40,1,1,1,12:45,3,2,9
2023010477269,2023,010477269,1,1,1,1,60,9,3,0,0,0,0,0,9,2,E01003987,-1,0,0.0,1.0,-1,3,20,1,4,1,22:39,6,2,9
2023302300974,2023,302300974,1,1,1,2,24,5,2,0,0,0,0,0,9,1,E01019566,-1,0,1.0,0.0,-1,6,30,2,1,2,10:57,3,1,9
2023010450485,2023,010450485,2,1,1,1,27,6,3,0,0,0,0,0,1,-1,-1,-1,0,0.0,1.0,-1,3,30,1,1,1,14:15,4,2,1
2023201440611,2023,201440611,2,2,1,1,54,8,3,0,0,0,0,0,9,1,E01010416,3,1,0.0,1.0,-1,6,30,1,1,1,14:15,7,3,9
2023451304477,2023,451304477,1,1,1,1,58,9,3,0,0,0,0,0,9,5,E01030834,3,1,0.0,1.0,-1,6,40,1,1,1,16:03,6,1,9
2023991286163,2023,991286163,1,1,1,2,33,6,2,0,0,0,0,0,9,3,-1,6,1,1.0,0.0,-1,3,70,2,1,2,07:00,2,1,9
2023211438350,2023,211438350,1,1,1,2,28,6,3,0,0,0,0,0,9,-1,-1,3,1,0.0,1.0,-1,3,40,1,1,1,18:07,3,2,9
2023351452840,2023,351452840,2,2,1,1,31,6,3,0,0,0,0,0,9,9,W01000482,3,1,0.0,1.0,-1,3,70,1,1,1,13:30,6,2,9
2023430041150,2023,430041150,2,1,2,2,69,10,2,0,0,1,0,0,9,8,E01028610,-1,0,1.0,0.0,-1,6,50,1,6,2,22:31,6,2,9
2023461307445,2023,461307445,2,2,1,2,56,9,3,0,0,0,0,0,9,4,E01024200,3,1,0.0,1.0,-1,6,30,1,1,2,19:04,3,2,9
2023501272574,2023,501272574,1,1,1,2,60,9,3,0,0,0,0,0,9,5,E01015024,3,1,0.0,1.0,-1,6,60,1,1,1,13:20,1,2,9
2023501311052,2023,501311052,2,2,2,2,64,9,3,0,0,1,0,0,9,4,E01018944,3,1,0.0,1.0,-1,6,60,1,1,1,10:25,4,2,9
2023622300476,2023,622300476,2,2,1,1,47,8,3,0,0,0,0,0,9,7,W01000984,-1,0,0.04552,0.95448,-1,3,40,1,1,1,10:52,7,2,9
2023101266589,2023,101266589,1,1,3,1,69,10,3,5,3,0,0,0,0,1,E01020749,3,1,0.0,1.0,-1,6,30,1,4,2,17:15,7,1,9
2023430491375,2023,430491375,1,1,3,1,29,6,2,4,9,0,0,0,0,-1,-1,-1,0,1.0,0.0,-1,6,40,1,4,1,03:00,7,1,99
2023201315418,2023,201315418,1,1,1,1,33,6,3,0,0,0,0,0,-1,4,E01009460,3,1,0.0,1.0,-1,6,30,1,1,2,18:45,1,2,-1
2023440509416,2023,440509416,1,1,3,2,63,9,3,6,9,0,0,0,0,9,E01023060,-1,0,0.0523,0.9477,-1,6,30,1,1,2,08:50,3,1,9
2023010481061,2023,010481061,1,1,1,1,36,7,3,0,0,0,0,0,9,2,E01001340,-1,0,0.0,1.0,-1,6,20,1,1,1,08:55,5,1,9
2023041309808,2023,041309808,2,1,1,1,38,7,3,0,0,0,0,0,9,2,E01004813,3,1,0.0,1.0,-1,3,70,1,1,1,13:49,4,2,9
2023531295021,2023,531295021,2,1,1,1,49,8,3,0,0,0,0,0,9,6,E01032935,3,1,0.0,1.0,-1,7,70,1,1,1,15:40,1,2,9
2023010468509,2023,010468509,1,1,1,2,27,6,3,0,0,0,0,0,97,3,E01001920,-1,0,0.0,1.0,-1,6,20,1,1,1,16:10,3,2,97
2023430338502,2023,430338502,1,2,3,2,59,9,2,6,9,0,0,0,0,-1,-1,-1,0,1.0,0.0,-1,6,30,1,1,1,13:30,1,1,9
2023161370156,2023,161370156,1,1,1,1,36,7,3,0,0,0,0,0,1,3,E01013282,3,1,0.0,1.0,-1,1,30,1,1,1,08:07,6,2,1
2023531295577,2023,531295577,2,4,1,2,65,9,3,0,0,0,0,0,9,9,E01022404,3,1,0.0,1.0,-1,6,60,5,1,2,19:25,3,3,9
2023061294685,2023,061294685,2,1,1,1,18,4,2,0,0,0,0,0,3,1,E01005259,7,1,1.0,0.0,-1,6,30,1,4,1,21:47,6,2,3
2023131284233,2023,131284233,1,1,1,1,30,6,3,0,0,0,0,0,9,2,E01010649,3,1,0.0,1.0,-1,6,30,1,4,1,23:22,3,3,9
2023221283991,2023,221283991,1,2,1,1,55,8,3,0,0,0,0,0,9,7,E01028976,3,1,0.0,1.0,-1,6,30,1,1,1,12:40,3,1,9
2023311280904,2023,311280904,1,1,2,2,15,3,3,0,0,2,0,0,9,-1,-1,3,1,0.0,1.0,-1,6,30,1,1,1,08:30,2,2,9
2023351343929,2023,351343929,2,1,1,2,24,5,3,0,0,0,0,0,9,4,E01018184,3,1,0.0,1.0,-1,1,30,1,1,1,19:02,2,2,9
2023461370085,2023,461370085,2,1,2,2,23,5,3,0,0,1,0,0,9,8,E01002322,3,1,0.0,1.0,-1,3,50,1,7,1,17:41,2,2,9
2023041292539,2023,041292539,2,1,1,1,23,5,3,0,0,0,0,0,9,1,E01025584,3,1,0.0,1.0,-1,6,30,2,1,1,13:22,6,3,9
2023401345472,2023,401345472,2,1,1,2,19,4,3,0,0,0,0,0,9,8,E01015696,3,1,0.0,1.0,-1,3,30,2,1,2,10:50,6,2,9
2023161344417,2023,161344417,1,1,1,1,19,4,2,0,0,0,0,0,9,1,E01013080,7,1,1.0,0.0,-1,6,60,2,6,2,21:50,2,1,9
2023201289436,2023,201289436,1,1,1,2,35,6,3,0,0,0,0,0,9,1,E01010148,3,1,0.0,1.0,-1,6,30,1,1,1,11:20,7,2,9
2023501292957,2023,501292957,2,1,2,2,37,7,3,0,0,1,0,0,9,2,E01015176,3,1,0.0,1.0,-1,1,30,5,1,2,09:45,6,2,9
2023991365646,2023,991365646,1,1,1,2,54,8,2,0,0,0,0,0,9,5,-1,7,1,1.0,0.0,-1,6,60,1,1,1,14:41,7,2,9
2023991375445,2023,991375445,3,4,2,2,29,6,3,0,0,1,0,0,9,-1,-1,3,1,0.0,1.0,-1,3,50,1,4,1,19:05,5,3,9
2023302301858,2023,302301858,1,1,3,1,85,11,3,5,1,0,0,0,0,3,E01013510,-1,0,0.19594,0.80406,-1,6,30,1,4,4,17:46,7,1,9
2023430158560,2023,430158560,1,1,3,2,38,7,3,5,1,0,0,0,0,7,E01017909,-1,0,0.05082,0.94918,-1,6,30,1,1,1,13:00,3,1,9
2023131376409,2023,131376409,1,1,1,1,17,4,2,0,0,0,0,0,9,2,E01010716,7,1,1.0,0.0,-1,6,30,2,4,2,20:45,1,2,9
2023201301203,2023,201301203,2,1,1,1,46,8,2,0,0,0,0,0,9,4,E01002631,6,1,1.0,0.0,-1,6,30,1,6,2,01:45,2,2,9
2023311341814,2023,311341814,2,3,2,2,-1,-1,3,0,0,-1,0,0,9,7,E01028240,3,1,0.0,1.0,-1,1,30,1,1,1,12:38,2,2,9
2023421359995,2023,421359995,2,1,1,1,29,6,3,0,0,0,0,0,9,8,E01021574,3,1,0.0,1.0,-1,7,50,1,1,1,16:50,7,3,9
2023201328098,2023,201328098,2,1,1,1,23,5,2,0,0,0,0,0,3,1,E01009092,7,1,1.0,0.0,-1,1,30,8,1,1,14:58,1,2,3
2023302300037,2023,302300037,1,2,2,1,43,7,2,0,0,0,0,0,3,7,E01019718,-1,0,1.0,0.0,-1,6,40,2,6,2,19:30,6,1,3