collision_index,collision_year,collision_ref_no,vehicle_reference,casualty_reference,casualty_class,sex_of_casualty,age_of_casualty,age_band_of_casualty,casualty_severity,pedestrian_location,pedestrian_movement,car_passenger,bus_or_coach_passenger,pedestrian_road_maintenance_worker,casualty_type,casualty_imd_decile,lsoa_of_casualty,enhanced_casualty_severity,casualty_injury_based,casualty_adjusted_severity_serious,casualty_adjusted_severity_slight,casualty_distance_banding,road_type,speed_limit,weather_conditions,light_conditions,road_surface_conditions,time,day_of_week,number_of_vehicles,vehicle_type
2023501324769,2023,501324769,2,1,1,1,37,7,3,0,0,0,0,0,1,3,E01018872,3,1,0.0,1.0,-1,6,30,1,1,1,14:20,4,2,1
2023010457701,2023,010457701,1,1,1,2,24,5,3,0,0,0,0,0,9,4,E01000471,-1,0,0.0,1.0,-1,6,20,1,4,1,21:50,5,2,9
2023010471908,2023,010471908,1,1,1,1,27,6,3,0,0,0,0,0,9,-1,-1,-1,0,0.0,1.0,-1,2,30,2,1,2,10:30,6,2,9
2023141283239,2023,141283239,2,1,1,1,69,10,3,0,0,0,0,0,9,6,E01007894,3,1,0.0,1.0,-1,6,30,1,1,2,10:15,1,3,9
2023461320324,2023,461320324,2,2,1,2,52,8,3,0,0,0,0,0,9,9,E01024853,3,1,0.0,1.0,-1,6,30,1,1,1,13:55,2,2,9
2023131276308,2023,131276308,2,2,1,1,24,5,3,0,0,0,0,0,19,4,E01011007,3,1,0.0,1.0,-1,6,30,1,4,1,20:23,3,3,19
2023010442056,2023,010442056,1,1,3,2,15,3,3,5,9,0,0,0,0,-1,-1,-1,0,0.0,1.0,-1,9,30,1,1,1,08:25,3,1,9
2023052302458,2023,052302458,1,1,3,2,13,3,3,5,3,0,0,0,0,1,E01006850,-1,0,0.15406,0.84594,-1,6,30,1,1,2,08:31,3,1,19
2023991362992,2023,991362992,2,1,1,2,29,6,3,0,0,0,0,0,19,3,-1,3,1,0.0,1.0,-1,6,60,1,1,1,13:25,7,2,19
2023101296396,2023,101296396,2,1,1,1,62,9,3,0,0,0,0,0,9,7,E01008197,3,1,0.0,1.0,-1,3,60,1,1,2,12:00,4,3,9
2023430021504,2023,430021504,1,1,1,1,31,6,3,0,0,0,0,0,9,7,E01016307,-1,0,0.13465,0.86535,-1,6,60,1,1,1,14:14,1,1,9
2023010474391,2023,010474391,2,1,1,1,33,6,3,0,0,0,0,0,1,5,E01001354,-1,0,0.0,1.0,-1,3,20,1,1,2,13:20,6,2,1
2023552300457,2023,552300457,1,1,3,2,31,6,3,4,3,0,0,0,0,3,E01015306,-1,0,0.1263,0.8737,-1,6,30,1,1,2,15:26,2,1,9
2023010457767,2023,010457767,1,1,1,1,22,5,2,0,0,0,0,0,1,2,E01003991,-1,0,1.0,0.0,-1,9,20,1,1,1,12:20,5,2,1
2023471327399,2023,471327399,2,1,1,1,23,5,3,0,0,0,0,0,1,10,E01031758,3,1,0.0,1.0,-1,6,30,1,4,1,03:55,1,2,1
2023010437055,2023,010437055,1,1,3,2,59,9,3,5,1,0,0,0,0,2,E01002799,-1,0,0.0,1.0,-1,2,20,4,1,1,16:33,4,1,19
2023010467952,2023,010467952,1,1,3,1,41,7,3,4,9,0,0,0,0,3,E01002846,-1,0,0.0,1.0,-1,3,20,1,1,1,12:02,1,1,19
2023440491812,2023,440491812,1,1,3,2,17,4,2,4,1,0,0,0,0,10,E01023073,-1,0,1.0,0.0,-1,6,30,1,4,3,18:10,6,1,9
2023010470518,2023,010470518,1,1,1,2,47,8,3,0,0,0,0,0,1,4,E01001241,-1,0,0.0,1.0,-1,6,20,1,4,1,06:00,7,2,1
2023440250617,2023,440250617,1,1,1,1,17,4,1,0,0,0,0,0,3,6,E01033239,-1,0,0.0,0.0,-1,6,40,1,1,1,17:32,6,2,3
2023052301196,2023,052301196,2,1,1,1,18,4,3,0,0,0,0,0,4,4,E01007206,-1,0,0.14419,0.85581,-1,6,30,1,1,1,14:30,4,2,4
2023522400094,2023,522400094,1,1,1,1,43,7,3,0,0,0,0,0,5,3,E01014682,-1,0,0.1248,0.8752,-1,6,20,1,1,1,16:45,2,2,5
2023010428787,2023,010428787,1,1,3,1,4,1,3,5,1,0,0,0,0,1,E01002093,-1,0,0.0,1.0,-1,6,20,1,1,1,16:39,5,1,9
2023010439408,2023,010439408,1,1,3,1,82,11,3,1,3,0,0,0,0,6,E01004181,-1,0,0.0,1.0,-1,6,30,1,1,1,14:00,3,1,9
2023010472559,2023,010472559,1,1,1,2,51,8,3,0,0,0,0,0,9,1,E01004288,-1,0,0.0,1.0,-1,6,20,1,1,1,11:40,3,2,9
2023141267354,2023,141267354,1,2,1,1,41,7,3,0,0,0,0,0,9,-1,-1,3,1,0.0,1.0,-1,6,30,1,1,1,10:00,3,2,9
2023320700817,2023,320700817,1,1,1,1,84,11,3,0,0,0,0,0,9,9,E01026222,-1,0,0.09777,0.90223,-1,2,30,1,1,1,11:00,1,1,9
2023501323638,2023,501323638,1,1,1,1,25,5,3,0,0,0,0,0,9,5,E01013649,3,1,0.0,1.0,-1,3,60,1,1,1,12:00,7,3,9
2023061286628,2023,061286628,1,1,3,2,28,6,2,1,1,0,0,0,0,-1,-1,6,1,1.0,0.0,-1,3,30,2,4,2,19:15,2,1,9
2023010481148,2023,010481148,1,1,1,1,22,5,3,0,0,0,0,0,3,5,E01031605,-1,0,0.0,1.0,-1,6,30,1,1,1,08:53,5,2,3
2023010481441,2023,010481441,2,1,3,2,-1,-1,3,10,9,0,0,0,0,2,E01001152,-1,0,0.0,1.0,-1,9,20,1,4,9,17:15,6,2,9
2023141375020,2023,141375020,2,1,1,1,57,9,3,0,0,0,0,0,1,1,E01007542,3,1,0.0,1.0,-1,1,30,1,1,1,11:52,4,2,1
2023622300077,2023,622300077,2,4,2,2,23,5,3,0,0,1,0,0,9,10,W01000840,-1,0,0.04118,0.95882,-1,6,40,1,1,1,13:35,2,2,9
2023041332495,2023,041332495,2,2,2,2,60,9,3,0,0,1,0,0,9,3,E01025058,3,1,0.0,1.0,-1,3,70,2,1,2,15:30,1,2,9
2023201385563,2023,201385563,1,1,1,1,35,6,3,0,0,0,0,0,9,1,E01009026,3,1,0.0,1.0,-1,6,30,1,1,1,16:06,7,2,9
2023201395609,2023,201395609,2,1,1,1,38,7,3,0,0,0,0,0,9,2,E01009840,3,1,0.0,1.0,-1,3,30,1,1,1,12:20,2,2,9
2023522301258,2023,522301258,1,2,2,1,58,9,3,0,0,1,0,0,9,4,E01033364,-1,0,0.04113,0.95887,-1,6,20,1,1,1,20:33,7,2,9
2023010455124,2023,010455124,2,2,1,1,49,8,3,0,0,0,0,0,9,-1,-1,-1,0,0.0,1.0,-1,2,30,1,1,1,09:19,6,2,9
2023010457249,2023,010457249,1,3,2,2,12,3,3,0,0,2,0,0,9,3,E01003584,-1,0,0.0,1.0,-1,3,30,1,4,1,22:10,3,2,9
2023320633542,2023,320633542,2,1,2,1,5,1,3,0,0,2,0,0,9,9,E01026320,-1,0,0.04335,0.95665,-1,6,40,2,4,2,17:11,4,2,9
2023340NN4412,2023,340NN4412,1,1,1,1,37,7,2,0,0,0,0,0,9,8,E01026980,-1,0,1.0,0.0,-1,3,70,7,1,2,15:06,7,1,9
2023361351693,2023,361351693,3,3,1,2,46,8,3,0,0,0,0,0,9,4,E01015638,3,1,0.0,1.0,-1,1,60,1,1,1,06:35,5,4,9
2023010456542,2023,010456542,1,1,1,1,56,9,2,0,0,0,0,0,1,4,E01000286,-1,0,1.0,0.0,-1,6,30,1,1,1,17:54,6,2,1
2023201390534,2023,201390534,2,1,1,1,33,6,3,0,0,0,0,0,1,7,E01010493,3,1,0.0,1.0,-1,6,30,1,4,1,20:00,6,2,1
2023131378805,2023,131378805,2,1,1,1,55,8,3,0,0,0,0,0,1,1,E01011368,3,1,0.0,1.0,-1,6,30,1,4,1,18:00,4,2,1
202360A170996,2023,60A170996,2,1,1,1,37,7,3,0,0,0,0,0,1,-1,-1,-1,0,0.19428,0.80572,-1,6,30,1,1,2,16:45,2,2,1
2023010463340,2023,010463340,1,1,2,1,46,8,3,0,0,0,0,0,20,2,E01030170,-1,0,0.0,1.0,-1,3,50,1,1,1,12:35,5,2,20
2023231293205,2023,231293205,1,1,3,2,28,6,3,10,9,0,0,0,0,-1,-1,3,1,0.0,1.0,-1,6,30,1,1,1,14:00,6,1,9
2023231349886,2023,231349886,1,1,3,1,10,2,3,5,4,0,0,0,0,4,E01031054,3,1,0.0,1.0,-1,6,30,1,1,1,18:06,3,1,9
2023010452448,2023,010452448,1,1,1,1,36,7,3,0,0,0,0,0,19,2,E01001066,-1,0,0.0,1.0,-1,6,30,1,1,1,16:31,6,2,19
2023471331247,2023,471331247,2,1,1,1,26,6,3,0,0,0,0,0,19,5,E01031524,3,1,0.0,1.0,-1,6,30,1,4,1,22:10,4,4,19
2023041356876,2023,041356876,1,1,1,2,85,11,3,0,0,0,0,0,9,7,E01025131,3,1,0.0,1.0,-1,6,30,1,1,2,10:40,3,1,9
2023440325781,2023,440325781,2,2,1,1,28,6,3,0,0,0,0,0,9,4,E01022484,-1,0,0.01538,0.98462,-1,7,70,1,1,1,16:39,7,2,9
2023471273634,2023,471273634,1,1,1,1,34,6,3,0,0,0,0,0,9,4,E01020971,3,1,0.0,1.0,-1,6,40,1,1,2,09:32,3,2,9
2023471289759,2023,471289759,1,1,1,2,31,6,3,0,0,0,0,0,9,-1,-1,3,1,0.0,1.0,-1,3,60,1,1,1,08:03,5,1,9
2023131354959,2023,131354959,1,1,3,1,6,2,3,1,1,0,0,2,0,7,E01011643,3,1,0.0,1.0,-1,6,30,1,1,1,15:34,5,1,9
2023622300492,2023,622300492,2,1,1,1,15,3,3,0,0,0,0,0,1,2,W01001803,-1,0,0.06175,0.93825,-1,6,30,1,1,1,16:42,2,2,1
202360A079312,2023,60A079312,2,1,1,1,31,6,2,0,0,0,0,0,3,-1,-1,-1,0,1.0,0.0,-1,6,30,1,1,1,21:20,6,2,3
202360A161948,2023,60A161948,1,1,1,1,60,9,2,0,0,0,0,0,5,-1,-1,-1,0,1.0,0.0,-1,6,60,1,1,1,14:30,1,2,5
2023101351152,2023,101351152,1,4,2,2,2,1,3,0,0,2,0,0,9,-1,-1,3,1,0.0,1.0,-1,6,40,1,1,1,14:05,6,3,9
2023221332567,2023,221332567,1,1,2,2,70,10,3,0,0,1,0,0,9,-1,-1,3,1,0.0,1.0,-1,6,60,2,1,2,11:50,7,2,9
2023440311113,2023,440311113,1,1,1,2,33,6,3,0,0,0,0,0,9,-1,-1,-1,0,0.02738,0.97262,-1,6,30,2,1,2,17:33,4,2,9
2023461272971,2023,461272971,1,1,1,2,91,11,3,0,0,0,0,0,9,8,E01024394,3,1,0.0,1.0,-1,6,30,1,1,1,13:33,3,2,9
2023991302335,2023,991302335,2,3,2,1,14,3,3,0,0,0,0,0,19,-1,-1,3,1,0.0,1.0,-1,6,60,1,1,2,18:00,6,2,19
2023552300320,2023,552300320,2,1,1,1,62,9,3,0,0,0,0,0,4,7,E01020345,-1,0,0.04507,0.95493,-1,1,40,1,1,1,15:29,1,2,4
2023211309449,2023,211309449,2,1,1,1,30,6,3,0,0,0,0,0,19,6,E01009878,3,1,0.0,1.0,-1,3,30,1,1,1,12:15,6,2,19
2023010434439,2023,010434439,1,1,3,1,86,11,3,5,9,0,0,0,0,4,E01003722,-1,0,0.0,1.0,-1,7,20,1,1,1,10:55,2,1,9
2023010461409,2023,010461409,1,1,1,1,24,5,3,0,0,0,0,0,1,4,E01000960,-1,0,0.0,1.0,-1,6,20,1,1,1,13:20,7,2,1
2023010474214,2023,010474214,1,1,1,1,31,6,3,0,0,0,0,0,3,2,E01001219,-1,0,0.0,1.0,-1,6,20,1,4,1,19:56,5,2,3
2023371366786,2023,371366786,2,1,1,2,74,10,2,0,0,0,0,0,1,5,E01030241,7,1,1.0,0.0,-1,6,20,1,1,1,10:00,3,2,1
2023041267705,2023,041267705,1,1,3,1,18,4,3,5,3,0,0,0,0,-1,-1,3,1,0.0,1.0,-1,6,20,8,1,2,15:11,4,1,9
2023540844223,2023,540844223,1,1,3,1,11,3,3,5,1,0,0,0,0,7,E01032015,-1,0,0.06109,0.93891,-1,6,30,1,1,4,07:55,3,1,9
2023010464868,2023,010464868,2,1,1,1,35,6,3,0,0,0,0,0,1,2,E01001753,-1,0,0.0,1.0,-1,6,20,1,1,1,17:41,6,2,1
2023371384629,2023,371384629,2,1,1,1,60,9,2,0,0,0,0,0,1,5,E01030138,5,1,1.0,0.0,-1,6,30,1,1,1,12:30,6,2,1
2023401369796,2023,401369796,2,1,1,1,54,8,3,0,0,0,0,0,1,10,E01017483,3,1,0.0,1.0,-1,1,20,1,1,2,10:50,5,2,1
2023401282092,2023,401282092,1,1,3,2,17,4,3,5,1,0,0,0,0,3,E01015761,3,1,0.0,1.0,-1,6,20,2,1,2,08:04,3,1,-1
2023332300943,2023,332300943,1,1,1,1,19,4,3,0,0,0,0,0,3,3,E01025717,-1,0,0.02464,0.97536,-1,6,30,2,4,2,18:11,2,2,3
2023010471009,2023,010471009,1,1,3,1,60,9,3,6,9,0,0,0,0,7,E01003854,-1,0,0.0,1.0,-1,6,20,1,1,1,14:40,3,1,90
2023010449550,2023,010449550,2,2,1,1,50,8,3,0,0,0,0,0,19,3,E01000054,-1,0,0.0,1.0,-1,1,70,1,1,1,20:38,6,2,19
2023010442827,2023,010442827,1,2,2,2,61,9,3,0,0,1,0,0,9,7,E01000258,-1,0,0.0,1.0,-1,6,30,1,1,1,17:56,7,2,9
2023041309457,2023,041309457,2,1,1,1,30,6,3,0,0,0,0,0,9,8,E01025477,3,1,0.0,1.0,-1,6,30,1,1,1,08:20,4,2,9
2023070360102,2023,070360102,1,1,2,2,65,9,3,0,0,2,0,0,9,9,E01005848,-1,0,0.12621,0.87379,-1,1,50,1,4,1,02:06,7,1,9
2023201402778,2023,201402778,2,1,1,1,32,6,2,0,0,0,0,0,9,-1,-1,6,1,1.0,0.0,-1,3,40,1,1,1,21:35,4,2,9
2023010461015,2023,010461015,1,1,1,2,19,4,3,0,0,0,0,0,9,7,E01002161,-1,0,0.0,1.0,-1,6,30,8,1,1,14:08,4,2,9
2023131258685,2023,131258685,2,1,1,2,23,5,3,0,0,0,0,0,9,3,E01011040,3,1,0.0,1.0,-1,3,30,2,1,2,12:00,1,2,9
2023541118423,2023,541118423,1,2,2,1,18,4,3,0,0,1,0,0,9,9,E01029518,-1,0,0.11586,0.88414,-1,6,40,1,6,1,21:55,3,1,9
2023061311174,2023,061311174,1,1,1,2,38,7,1,0,0,0,0,0,23,-1,-1,1,1,0.0,0.0,-1,6,20,1,1,1,20:05,4,1,23
2023010435261,2023,010435261,2,3,2,2,12,3,3,0,0,1,0,0,9,6,E01000110,-1,0,0.0,1.0,-1,6,30,2,1,2,03:00,6,2,9
2023010462674,2023,010462674,1,1,1,2,32,6,3,0,0,0,0,0,9,-1,-1,-1,0,0.0,1.0,-1,6,20,1,1,1,15:34,1,2,9
2023010465470,2023,010465470,1,1,1,2,36,7,3,0,0,0,0,0,9,7,E01003682,-1,0,0.0,1.0,-1,3,30,1,1,1,09:51,3,2,9
2023421355424,2023,421355424,2,4,2,2,19,4,3,0,0,1,0,0,9,3,E01021588,3,1,0.0,1.0,-1,6,40,1,4,1,22:25,6,2,9
2023211339901,2023,211339901,1,1,1,2,34,6,3,0,0,0,0,0,9,4,E01029002,3,1,0.0,1.0,-1,7,50,1,1,1,12:44,4,1,9
2023311283287,2023,311283287,3,4,2,1,18,4,3,0,0,1,0,0,9,-1,-1,3,1,0.0,1.0,-1,3,40,1,4,2,01:55,1,3,9
2023471373081,2023,471373081,1,1,1,2,45,7,3,0,0,0,0,0,9,8,E01032838,3,1,0.0,1.0,-1,6,40,4,1,2,12:05,6,2,9
2023546772323,2023,546772323,2,1,1,2,65,9,3,0,0,0,0,0,9,9,E01028748,-1,0,0.01695,0.98305,-1,6,40,1,1,1,12:30,4,2,9
2023991382857,2023,991382857,2,1,1,2,57,9,3,0,0,0,0,0,9,2,-1,3,1,0.0,1.0,-1,3,50,2,4,2,07:59,3,2,9
2023031375748,2023,031375748,1,1,1,1,36,7,3,0,0,0,0,0,19,2,E01019294,3,1,0.0,1.0,-1,3,70,1,1,1,11:58,6,4,19
2023320490862,2023,320490862,1,2,1,2,45,7,2,0,0,0,0,0,9,4,E01026410,-1,0,1.0,0.0,-1,6,60,1,1,1,13:50,3,3,9
2023451319604,2023,451319604,2,1,1,2,66,10,3,0,0,0,0,0,9,6,E01030563,3,1,0.0,1.0,-1,6,40,1,1,1,16:00,5,2,9
2023471319885,2023,471319885,1,1,1,2,-1,-1,3,0,0,0,0,0,9,5,E01031798,3,1,0.0,1.0,-1,6,50,1,4,2,01:20,1,1,9
2023010462787,2023,010462787,1,1,1,2,22,5,3,0,0,0,0,0,9,4,E01001355,-1,0,0.0,1.0,-1,6,20,1,1,1,13:19,2,1,9
2023010482907,2023,010482907,1,1,1,1,22,5,3,0,0,0,0,0,9,4,E01001615,-1,0,0.0,1.0,-1,3,30,7,4,2,20:06,6,2,9
2023122301401,2023,122301401,1,1,1,1,37,7,3,0,0,0,0,0,9,6,E01012979,-1,0,0.11512,0.88488,-1,6,60,2,6,2,19:03,2,3,9
2023131320052,2023,131320052,1,1,1,1,43,7,3,0,0,0,0,0,9,1,E01010731,3,1,0.0,1.0,-1,6,30,2,1,2,19:25,1,3,9
2023332300835,2023,332300835,1,1,1,2,85,11,2,0,0,0,0,0,9,9,E01025998,-1,0,1.0,0.0,-1,6,30,1,1,1,10:30,2,2,9
2023430568008,2023,430568008,1,1,1,1,19,4,2,0,0,0,0,0,9,9,E01016308,-1,0,1.0,0.0,-1,6,30,1,6,1,21:21,3,1,9
2023440343328,2023,440343328,2,2,2,2,11,3,3,0,0,2,0,0,9,6,E01023155,-1,0,0.04097,0.95903,-1,6,30,1,1,1,18:19,5,2,9
2023010468639,2023,010468639,1,1,1,2,65,9,3,0,0,0,0,0,9,8,E01002975,-1,0,0.0,1.0,-1,1,30,1,1,1,15:09,4,3,9
2023052302386,2023,052302386,2,1,2,2,39,7,2,0,0,1,0,0,9,4,E01007231,-1,0,1.0,0.0,-1,6,30,5,6,2,22:35,2,2,9
2023320355178,2023,320355178,2,1,1,1,22,5,3,0,0,0,0,0,9,6,E01026260,-1,0,0.05212,0.94788,-1,6,60,1,1,1,16:30,7,2,9
2023501356670,2023,501356670,1,1,2,2,10,2,3,0,0,2,0,0,9,8,E01022703,3,1,0.0,1.0,-1,3,70,1,1,1,13:55,7,2,9
2023131346718,2023,131346718,2,3,2,1,9,2,3,0,0,2,0,0,9,5,E01011732,3,1,0.0,1.0,-1,6,30,1,1,1,08:50,4,2,9
2023201297756,2023,201297756,2,1,1,2,21,5,3,0,0,0,0,0,9,4,E01010100,3,1,0.0,1.0,-1,6,30,1,1,1,11:20,5,2,9
2023311285119,2023,311285119,1,1,1,2,32,6,3,0,0,0,0,0,9,3,E01017857,3,1,0.0,1.0,-1,3,30,1,1,1,20:30,5,2,9
2023430416553,2023,430416553,1,1,2,1,7,2,3,0,0,2,0,0,9,8,E01017628,-1,0,0.0024,0.9976,-1,6,30,1,1,1,08:25,5,2,9
2023010440451,2023,010440451,1,1,1,1,28,6,3,0,0,0,0,0,9,4,E01023122,-1,0,0.0,1.0,-1,3,40,1,4,1,03:05,2,3,9
2023320336113,2023,320336113,1,1,1,1,21,5,3,0,0,0,0,0,9,9,E01026194,-1,0,0.10699,0.89301,-1,6,60,1,1,1,09:45,6,1,9
2023471260750,2023,471260750,1,1,1,2,34,6,3,0,0,0,0,0,9,6,E01022814,3,1,0.0,1.0,-1,3,70,2,6,5,17:00,7,2,9
2023010428121,2023,010428121,2,2,1,1,60,9,3,0,0,0,0,0,9,3,E01003725,-1,0,0.0,1.0,-1,6,30,1,4,1,03:01,2,2,9
2023041342763,2023,041342763,2,2,2,2,22,5,3,0,0,2,0,0,9,9,E01022950,3,1,0.0,1.0,-1,3,70,1,1,1,11:55,5,2,9
2023991318778,2023,991318778,1,2,1,1,18,4,2,0,0,0,0,0,9,8,-1,7,1,1.0,0.0,-1,6,40,1,4,1,23:40,3,2,9
2023010421431,2023,010421431,1,1,3,1,29,6,2,4,9,0,0,0,0,6,E01001923,-1,0,1.0,0.0,-1,6,20,1,4,1,21:21,7,1,19
2023010426587,2023,010426587,1,1,3,1,12,3,2,5,1,0,0,0,0,4,E01004565,-1,0,1.0,0.0,-1,6,20,1,1,1,15:20,6,1,8
2023501374064,2023,501374064,2,1,1,2,17,4,2,0,0,0,0,0,2,1,E01015266,7,1,1.0,0.0,-1,6,30,1,1,1,13:00,6,2,2
2023401345338,2023,401345338,1,1,1,1,52,8,3,0,0,0,0,0,20,1,E01016844,3,1,0.0,1.0,-1,6,30,1,1,1,15:59,3,2,20
2023010475815,2023,010475815,2,1,1,1,21,5,2,0,0,0,0,0,3,6,E01000486,-1,0,1.0,0.0,-1,6,20,1,4,2,00:30,7,2,3
2023320619422,2023,320619422,1,1,3,1,23,5,3,5,1,0,0,0,0,4,E01026144,-1,0,0.13185,0.86815,-1,6,30,1,1,2,16:55,5,1,9
2023052400183,2023,052400183,2,1,1,1,25,5,3,0,0,0,0,0,1,1,E01006965,-1,0,0.0591,0.9409,-1,6,20,1,1,1,12:15,6,2,1
2023371332139,2023,371332139,2,1,1,1,13,3,3,0,0,0,0,0,1,9,E01029905,3,1,0.0,1.0,-1,6,30,2,1,2,08:05,5,2,1
2023041285754,2023,041285754,1,1,3,1,52,8,2,8,3,0,0,0,0,6,E01025330,7,1,1.0,0.0,-1,6,30,3,4,2,21:58,7,1,9
2023122301217,2023,122301217,1,1,3,2,13,3,3,6,9,0,0,0,0,4,E01013353,-1,0,0.03585,0.96415,-1,6,20,1,1,1,08:36,5,1,1
2023141323786,2023,141323786,3,3,1,1,23,5,2,0,0,0,0,0,9,6,E01007707,6,1,1.0,0.0,-1,3,40,1,1,1,19:55,4,3,9
2023461333882,2023,461333882,1,1,1,1,22,5,2,0,0,0,0,0,9,9,E01016176,6,1,1.0,0.0,-1,7,40,1,1,1,19:37,5,3,9
2023201283874,2023,201283874,1,1,3,2,45,7,2,5,1,0,0,2,0,2,E01010048,7,1,1.0,0.0,-1,6,20,8,1,2,08:47,5,1,9
2023421271737,2023,421271737,1,1,3,1,26,6,3,6,9,0,0,0,0,4,E01021670,3,1,0.0,1.0,-1,6,30,1,1,1,10:00,2,1,9
2023010442849,2023,010442849,1,1,1,1,43,7,3,0,0,0,0,0,8,9,E01002134,-1,0,0.0,1.0,-1,3,30,1,6,1,01:50,1,2,8
2023311378642,2023,311378642,2,3,1,1,56,9,3,0,0,0,0,0,9,6,E01028156,3,1,0.0,1.0,-1,6,20,1,4,2,21:27,4,2,9
2023421320060,2023,421320060,1,1,1,2,24,5,2,0,0,0,0,0,9,10,E01021643,7,1,1.0,0.0,-1,6,60,2,1,2,17:55,1,2,9
2023461378503,2023,461378503,2,2,2,2,19,4,3,0,0,1,0,0,9,6,E01024161,3,1,0.0,1.0,-1,6,40,1,1,2,12:40,6,2,9
2023131364823,2023,131364823,1,1,1,1,62,9,3,0,0,0,0,0,9,3,E01010629,3,1,0.0,1.0,-1,6,30,8,1,2,12:00,5,2,9
2023622301046,2023,622301046,2,2,1,2,42,7,3,0,0,0,0,0,9,2,W01001079,-1,0,0.01109,0.98891,-1,6,40,1,1,2,13:09,6,3,9
202363A032323,2023,63A032323,1,1,1,2,48,8,3,0,0,0,0,0,9,-1,-1,-1,0,0.07284,0.92716,-1,6,30,1,1,1,08:30,5,2,9
2023351340588,2023,351340588,1,1,1,1,63,9,3,0,0,0,0,0,19,6,E01018111,3,1,0.0,1.0,-1,6,60,1,1,1,09:23,1,1,19
2023010463807,2023,010463807,2,1,1,1,40,7,3,0,0,0,0,0,1,2,E01000905,-1,0,0.0,1.0,-1,6,20,1,1,1,08:35,1,2,1
2023010449215,2023,010449215,1,1,1,1,42,7,3,0,0,0,0,0,3,4,E01001514,-1,0,0.0,1.0,-1,1,30,8,5,1,00:05,3,2,3
2023141291941,2023,141291941,1,1,1,1,20,4,3,0,0,0,0,0,9,8,E01028047,3,1,0.0,1.0,-1,3,70,1,1,2,07:49,5,2,9
2023421360525,2023,421360525,1,1,1,1,63,9,3,0,0,0,0,0,19,4,E01021779,3,1,0.0,1.0,-1,3,50,1,1,1,12:45,6,1,19
2023421353379,2023,421353379,1,1,2,2,22,5,2,0,0,1,0,0,9,8,E01021411,5,1,1.0,0.0,-1,6,60,1,6,1,22:17,1,1,9
2023031380611,2023,031380611,1,1,1,1,68,10,3,0,0,0,0,0,19,-1,-1,3,1,0.0,1.0,-1,6,40,1,1,1,14:30,3,1,19
2023010462833,2023,010462833,1,1,1,1,-1,-1,3,0,0,0,0,0,3,2,E01004140,-1,0,0.0,1.0,-1,1,30,1,5,1,00:01,2,1,3
2023430226816,2023,430226816,1,1,1,1,21,5,2,0,0,0,0,0,4,8,E01016275,-1,0,1.0,0.0,-1,3,40,1,4,1,22:37,3,1,4
2023131263374,2023,131263374,2,1,1,2,36,7,3,0,0,0,0,0,9,6,E01010765,3,1,0.0,1.0,-1,6,30,1,1,1,08:10,5,3,9
2023421368618,2023,421368618,1,1,1,2,36,7,3,0,0,0,0,0,9,-1,-1,3,1,0.0,1.0,-1,6,60,1,1,1,13:13,2,2,9
2023430387746,2023,430387746,1,1,1,1,44,7,3,0,0,0,0,0,9,2,E01028517,-1,0,0.12833,0.87167,-1,6,40,1,4,1,22:54,2,1,9
2023991392295,2023,991392295,1,2,2,2,55,8,2,0,0,1,0,0,9,7,-1,7,1,1.0,0.0,-1,6,60,1,5,4,18:37,3,1,9
2023010440345,2023,010440345,1,1,2,2,39,7,3,0,0,0,3,0,11,2,E01001703,-1,0,0.0,1.0,-1,2,20,1,1,1,14:18,1,1,11
2023371373589,2023,371373589,2,2,2,2,53,8,3,0,0,0,0,0,90,10,E01033319,3,1,0.0,1.0,-1,3,70,1,1,2,12:00,1,2,90
2023421274302,2023,421274302,1,1,1,1,23,5,3,0,0,0,0,0,9,2,E01021311,3,1,0.0,1.0,-1,6,30,1,4,1,17:33,6,1,9
2023520400541,2023,520400541,1,1,1,1,47,8,3,0,0,0,0,0,9,6,E01020547,-1,0,0.03471,0.96529,-1,6,30,8,1,2,14:01,3,2,9
2023141362292,2023,141362292,2,2,1,1,24,5,3,0,0,0,0,0,19,2,E01028271,3,1,0.0,1.0,-1,6,40,1,4,1,19:13,5,2,19
2023440438139,2023,440438139,2,1,1,2,52,8,2,0,0,0,0,0,1,2,E01017219,-1,0,1.0,0.0,-1,6,30,1,1,1,08:14,5,2,1
2023010452290,2023,010452290,1,1,3,1,14,3,2,1,4,0,0,0,0,-1,-1,-1,0,1.0,0.0,-1,6,20,1,1,1,20:20,5,1,9
2023440282094,2023,440282094,1,1,3,2,17,4,3,1,1,0,0,0,0,2,E01017328,-1,0,0.14785,0.85215,-1,6,30,1,1,1,18:17,5,1,9
2023201318069,2023,201318069,1,1,2,2,35,6,3,0,0,2,0,0,9,1,E01009124,3,1,0.0,1.0,-1,6,30,1,1,1,10:30,3,2,9
2023430291207,2023,430291207,2,1,2,2,32,6,3,0,0,2,0,0,8,8,E01001617,-1,0,0.02874,0.97126,-1,6,30,1,4,1,23:30,1,2,8
2023631355775,2023,631355775,2,1,1,2,41,7,3,0,0,0,0,0,9,6,W01000574,3,1,0.0,1.0,-1,6,60,1,1,1,13:15,6,2,9
2023201376372,2023,201376372,1,1,2,2,-1,-1,2,0,0,0,4,0,11,2,E01009407,7,1,1.0,0.0,-1,6,30,1,1,1,14:10,6,1,11