collision_index,collision_year,collision_ref_no,vehicle_reference,casualty_reference,casualty_class,sex_of_casualty,age_of_casualty,age_band_of_casualty,casualty_severity,pedestrian_location,pedestrian_movement,car_passenger,bus_or_coach_passenger,pedestrian_road_maintenance_worker,casualty_type,casualty_imd_decile,lsoa_of_casualty,enhanced_casualty_severity,casualty_injury_based,casualty_adjusted_severity_serious,casualty_adjusted_severity_slight,casualty_distance_banding,road_type,speed_limit,weather_conditions,light_conditions,road_surface_conditions,time,day_of_week,number_of_vehicles,vehicle_type
2023552300139,2023,552300139,2,2,1,1,63,9,2,0,0,0,0,0,5,10,E01020423,-1,0,1.0,0.0,-1,6,30,1,1,1,11:02,2,2,5
2023061315083,2023,061315083,1,1,3,1,7,2,2,5,1,0,0,0,0,1,E01006050,7,1,1.0,0.0,-1,2,30,1,1,1,17:58,1,1,9
2023440375487,2023,440375487,2,1,1,1,20,4,3,0,0,0,0,0,1,6,E01017026,-1,0,0.05767,0.94233,-1,6,30,1,4,1,22:10,4,2,1
2023522300972,2023,522300972,2,1,1,1,57,9,3,0,0,0,0,0,1,7,E01014651,-1,0,0.12294,0.87706,-1,6,30,1,1,1,08:15,3,2,1
2023201389113,2023,201389113,1,1,1,1,18,4,2,0,0,0,0,0,9,5,E01010014,7,1,1.0,0.0,-1,6,20,1,4,1,00:23,7,1,9
2023430148642,2023,430148642,2,1,1,1,30,6,3,0,0,0,0,0,9,4,E01016837,-1,0,0.0199,0.9801,-1,6,60,1,7,1,22:00,3,2,9
2023461266972,2023,461266972,1,2,1,2,64,9,3,0,0,0,0,0,9,7,E01000377,3,1,0.0,1.0,-1,6,40,1,4,1,17:23,6,2,9
2023471280513,2023,471280513,1,1,1,1,20,4,2,0,0,0,0,0,9,4,E01001148,7,1,1.0,0.0,-1,3,70,1,6,1,02:30,7,2,9
2023320338952,2023,320338952,2,1,1,1,15,3,2,0,0,0,0,0,1,8,E01026035,-1,0,1.0,0.0,-1,6,60,1,1,1,15:25,7,2,1
2023010473248,2023,010473248,1,1,3,2,13,3,2,5,1,0,0,0,0,8,E01003361,-1,0,1.0,0.0,-1,6,20,2,1,2,10:55,7,1,9
2023010484470,2023,010484470,1,1,1,1,35,6,3,0,0,0,0,0,3,-1,-1,-1,0,0.0,1.0,-1,6,20,1,4,1,21:40,7,2,3
2023461319300,2023,461319300,1,1,1,1,-1,-1,3,0,0,0,0,0,3,-1,-1,3,1,0.0,1.0,-1,6,60,1,1,1,12:13,1,3,3
2023010437480,2023,010437480,3,1,1,1,22,5,3,0,0,0,0,0,9,3,E01002777,-1,0,0.0,1.0,-1,6,20,2,4,2,00:01,7,5,9
2023010452324,2023,010452324,1,1,1,1,25,5,3,0,0,0,0,0,9,2,E01001703,-1,0,0.0,1.0,-1,3,40,1,4,1,02:10,6,2,9
2023010459582,2023,010459582,1,1,1,1,30,6,3,0,0,0,0,0,9,-1,-1,-1,0,0.0,1.0,-1,3,30,2,1,2,15:20,3,2,9
2023361303642,2023,361303642,1,1,1,2,79,11,2,0,0,0,0,0,9,4,E01026713,6,1,1.0,0.0,-1,6,30,1,1,1,15:37,4,2,9
2023061282636,2023,061282636,1,1,3,1,12,3,3,5,9,0,0,-1,0,1,E01004859,3,1,0.0,1.0,-1,6,30,9,7,1,18:50,3,1,19
2023101274596,2023,101274596,2,1,1,1,31,6,3,0,0,0,0,0,1,8,E01008562,3,1,0.0,1.0,-1,1,30,1,4,1,19:50,3,2,1
2023010449302,2023,010449302,1,1,2,1,38,7,3,0,0,1,0,0,9,-1,-1,-1,0,0.0,1.0,-1,3,40,1,1,1,15:15,5,5,9
2023031346550,2023,031346550,1,1,3,1,7,2,3,5,2,0,0,0,0,2,E01019108,3,1,0.0,1.0,-1,6,30,9,1,1,18:30,7,1,9
2023161320827,2023,161320827,1,1,3,2,26,6,3,5,3,0,0,0,0,9,E01032683,3,1,0.0,1.0,-1,6,30,1,1,1,17:10,2,1,9
2023471290172,2023,471290172,2,1,1,1,75,10,3,0,0,0,0,0,1,8,E01031814,3,1,0.0,1.0,-1,6,30,4,1,1,13:48,6,2,1
2023451272223,2023,451272223,1,1,1,1,23,5,3,0,0,0,0,0,3,10,E01030807,3,1,0.0,1.0,-1,6,40,1,4,1,22:28,6,2,3
2023161285717,2023,161285717,1,1,1,1,86,11,3,0,0,0,0,0,9,5,E01013384,3,1,0.0,1.0,-1,6,60,1,1,4,10:35,7,2,9
2023201297964,2023,201297964,1,1,1,2,20,4,3,0,0,0,0,0,9,2,E01017665,3,1,0.0,1.0,-1,7,30,1,7,1,23:23,6,2,9
2023332301079,2023,332301079,1,1,1,2,19,4,3,0,0,0,0,0,9,8,W01001569,-1,0,0.03936,0.96064,-1,6,30,1,7,1,21:00,1,1,9
2023201282072,2023,201282072,1,1,3,1,57,9,2,1,3,0,0,2,0,6,E01010557,7,1,1.0,0.0,-1,6,30,1,4,1,02:12,1,1,9
2023451351389,2023,451351389,1,3,2,2,54,8,3,0,0,2,0,0,9,7,E01016220,3,1,0.0,1.0,-1,6,40,1,1,1,17:29,2,2,9
2023501394608,2023,501394608,2,1,1,2,29,6,3,0,0,0,0,0,9,8,E01020066,3,1,0.0,1.0,-1,6,60,1,1,1,08:50,7,2,9
2023401265937,2023,401265937,1,1,2,1,47,8,3,0,0,0,0,0,19,4,E01017850,3,1,0.0,1.0,-1,3,70,1,4,1,17:34,2,12,19
2023131332045,2023,131332045,2,1,1,1,32,6,3,0,0,0,0,0,9,1,E01010723,3,1,0.0,1.0,-1,6,30,2,4,2,22:35,6,2,9
2023131365666,2023,131365666,1,1,1,1,78,11,2,0,0,0,0,0,9,7,E01011181,6,1,1.0,0.0,-1,6,50,1,1,1,12:42,7,2,9
2023201342774,2023,201342774,3,3,1,1,37,7,3,0,0,0,0,0,9,2,E01009872,3,1,0.0,1.0,-1,6,30,1,1,1,17:37,1,3,9
2023501361512,2023,501361512,1,1,1,1,83,11,2,0,0,0,0,0,9,9,E01019900,7,1,1.0,0.0,-1,6,30,1,1,1,15:00,2,3,9
2023622400025,2023,622400025,2,6,2,1,40,7,2,0,0,2,0,0,9,5,W01001172,-1,0,1.0,0.0,-1,6,40,2,6,2,22:01,1,3,9
2023991373763,2023,991373763,2,1,1,2,63,9,3,0,0,0,0,0,9,2,-1,3,1,0.0,1.0,-1,6,30,9,1,1,15:45,7,2,9
2023461349681,2023,461349681,3,2,1,1,52,8,3,0,0,0,0,0,19,7,E01024726,3,1,0.0,1.0,-1,6,30,1,1,1,17:00,4,3,19
2023471393108,2023,471393108,1,1,2,1,53,8,2,0,0,0,0,0,20,5,E01031614,6,1,1.0,0.0,-1,6,60,1,1,1,12:54,6,2,20
2023010469543,2023,010469543,1,1,1,2,26,6,3,0,0,0,0,0,9,4,E01032777,-1,0,0.0,1.0,-1,9,20,8,1,1,15:45,2,2,9
2023070065483,2023,070065483,3,4,2,2,71,10,3,0,0,2,0,0,9,2,E01012534,-1,0,0.06787,0.93213,-1,6,30,1,1,1,08:54,2,3,9
2023430167531,2023,430167531,1,1,1,2,39,7,3,0,0,0,0,0,9,9,E01017635,-1,0,0.00262,0.99738,-1,1,30,8,1,1,17:52,2,2,9
2023061371226,2023,061371226,1,1,3,1,58,9,3,10,9,0,0,-1,0,2,E01004871,3,1,0.0,1.0,-1,9,30,1,1,1,17:30,2,1,9
2023131316081,2023,131316081,2,1,3,1,51,8,3,10,9,0,0,2,0,1,E01011426,3,1,0.0,1.0,-1,6,30,1,1,1,15:56,4,2,9
2023122300377,2023,122300377,1,1,2,2,62,9,2,0,0,0,0,0,5,6,E01012922,-1,0,1.0,0.0,-1,6,60,1,1,5,16:25,7,1,5
2023411412783,2023,411412783,2,1,2,1,61,9,3,0,0,1,0,0,9,7,E01027050,3,1,0.0,1.0,-1,6,50,2,4,2,06:33,3,3,9
2023440053097,2023,440053097,1,1,1,2,33,6,3,0,0,0,0,0,9,9,E01022730,-1,0,0.01449,0.98551,-1,6,30,1,1,1,08:03,4,2,9
2023320281733,2023,320281733,1,1,3,1,78,11,3,5,1,0,0,0,0,6,E01026344,-1,0,0.18372,0.81628,-1,6,30,1,1,1,09:25,4,1,19
2023101310775,2023,101310775,2,2,1,2,65,9,3,0,0,0,0,0,1,1,E01008348,3,1,0.0,1.0,-1,6,30,1,4,1,17:00,6,2,1
2023041364008,2023,041364008,2,1,1,2,50,8,3,0,0,0,0,0,9,6,E01025222,3,1,0.0,1.0,-1,6,30,1,1,1,16:04,3,2,9
2023052302370,2023,052302370,2,2,2,1,33,6,3,0,0,1,0,0,9,1,W01000886,-1,0,0.04668,0.95332,-1,3,50,1,1,2,17:35,5,2,9
2023371361372,2023,371361372,2,1,1,2,38,7,3,0,0,0,0,0,9,-1,-1,3,1,0.0,1.0,-1,6,30,1,1,1,08:50,3,2,9
2023471309653,2023,471309653,3,4,2,2,68,10,3,0,0,1,0,0,9,7,E01031421,3,1,0.0,1.0,-1,3,70,1,1,1,10:00,6,3,9
2023010437961,2023,010437961,1,1,1,1,33,6,3,0,0,0,0,0,3,7,E01033133,-1,0,0.0,1.0,-1,3,30,1,1,2,07:18,2,2,3
2023010476169,2023,010476169,1,1,1,1,27,6,3,0,0,0,0,0,3,3,E01021631,-1,0,0.0,1.0,-1,6,30,1,1,2,08:00,2,2,3
2023010468053,2023,010468053,2,1,2,1,18,4,2,0,0,2,0,0,9,-1,-1,-1,0,1.0,0.0,-1,6,20,1,4,1,23:58,1,2,9
2023041284670,2023,041284670,1,3,2,2,42,7,3,0,0,1,0,0,9,5,E01025422,3,1,0.0,1.0,-1,6,30,1,4,1,19:50,4,2,9
2023170L31363,2023,170L31363,1,1,1,2,37,7,3,0,0,0,0,0,9,5,E01012129,-1,0,0.03166,0.96834,-1,1,40,1,1,1,11:45,4,2,9
2023010457116,2023,010457116,1,3,2,2,38,7,3,0,0,0,4,0,11,4,E01001503,-1,0,0.0,1.0,-1,7,30,1,1,1,11:21,3,2,11
2023061337285,2023,061337285,1,1,1,1,19,4,2,0,0,0,0,0,23,5,E01006366,7,1,1.0,0.0,-1,6,30,1,1,1,14:14,3,1,23
2023991379606,2023,991379606,1,1,3,2,17,4,3,5,3,0,0,2,0,2,-1,3,1,0.0,1.0,-1,6,20,1,4,2,22:10,6,1,9
2023010486810,2023,010486810,2,1,1,1,23,5,3,0,0,0,0,0,3,4,E01002677,-1,0,0.0,1.0,-1,3,20,1,4,2,19:55,1,2,3
2023131374394,2023,131374394,2,1,1,1,32,6,3,0,0,0,0,0,5,3,E01007363,3,1,0.0,1.0,-1,7,40,1,7,1,17:00,2,2,5
2023371393866,2023,371393866,2,3,1,1,67,10,3,0,0,0,0,0,9,6,E01030064,3,1,0.0,1.0,-1,6,50,1,1,1,14:39,1,4,9
2023610046423,2023,610046423,2,2,1,2,56,9,3,0,0,1,0,0,9,5,W01001557,-1,0,0.12576,0.87424,-1,6,60,2,6,2,17:00,4,2,9
2023311309618,2023,311309618,1,1,1,1,31,6,3,0,0,0,0,0,-1,-1,-1,3,1,0.0,1.0,-1,6,30,1,1,1,15:15,6,2,-1
2023451376573,2023,451376573,1,1,1,1,51,8,3,0,0,0,0,0,1,10,E01030436,3,1,0.0,1.0,-1,6,30,1,1,2,08:30,2,2,1
2023010466041,2023,010466041,2,1,1,2,42,7,3,0,0,0,0,0,3,2,E01004010,-1,0,0.0,1.0,-1,3,30,9,1,1,17:35,5,2,3
2023302301848,2023,302301848,1,1,1,1,35,6,3,0,0,0,0,0,9,7,E01019607,-1,0,0.02767,0.97233,-1,6,30,1,1,4,08:20,6,1,9
202354D084723,2023,54D084723,2,5,2,1,21,5,3,0,0,1,0,0,9,-1,-1,-1,0,0.01958,0.98042,-1,6,60,1,6,1,15:59,1,3,9
2023991391683,2023,991391683,1,1,3,1,21,5,3,5,2,0,0,0,0,5,-1,3,1,0.0,1.0,-1,3,30,1,1,2,09:55,7,1,9
2023010445545,2023,010445545,2,2,1,1,21,5,3,0,0,0,0,0,9,5,E01001354,-1,0,0.0,1.0,-1,6,20,1,4,1,19:05,7,2,9
2023061266682,2023,061266682,2,1,1,2,32,6,3,0,0,0,0,0,9,8,E01032485,3,1,0.0,1.0,-1,6,30,2,1,2,15:35,6,2,9
2023161345003,2023,161345003,1,1,1,2,-1,-1,3,0,0,0,0,0,9,10,E01013093,3,1,0.0,1.0,-1,3,40,1,1,1,11:47,6,2,9
2023311272255,2023,311272255,1,1,1,1,30,6,3,0,0,0,0,0,-1,4,E01033408,3,1,0.0,1.0,-1,6,30,1,4,1,17:38,4,2,-1
2023041354818,2023,041354818,1,1,3,1,88,11,1,8,1,0,0,0,0,1,E01012572,1,1,0.0,0.0,-1,6,30,1,1,1,09:17,5,1,9
2023451322105,2023,451322105,1,1,3,1,5,1,3,9,9,0,0,0,0,10,E01030623,3,1,0.0,1.0,-1,6,30,1,1,1,16:11,6,1,19
2023211361575,2023,211361575,2,2,2,2,68,10,2,0,0,2,0,0,9,1,E01014366,6,1,1.0,0.0,-1,3,30,1,1,1,09:38,7,2,9
2023320199304,2023,320199304,1,1,1,2,22,5,3,0,0,0,0,0,9,6,E01026404,-1,0,0.07142,0.92858,-1,6,30,1,4,1,23:00,1,2,9
2023430442364,2023,430442364,1,1,1,2,31,6,3,0,0,0,0,0,9,10,E01022884,-1,0,0.00934,0.99066,-1,6,30,1,1,1,10:28,1,2,9
2023440491679,2023,440491679,2,1,1,2,21,5,3,0,0,0,0,0,9,6,E01016348,-1,0,0.08781,0.91219,-1,6,50,1,4,2,16:32,6,2,9
2023451290623,2023,451290623,1,1,1,1,78,11,3,0,0,0,0,0,9,8,E01030528,3,1,0.0,1.0,-1,6,40,2,6,2,13:45,1,2,9
2023010480750,2023,010480750,1,1,3,2,5,1,3,6,9,0,0,0,0,2,E01001812,-1,0,0.0,1.0,-1,3,20,1,4,1,17:00,3,1,9
2023471329549,2023,471329549,1,1,1,1,35,6,2,0,0,0,0,0,3,6,E01031839,5,1,1.0,0.0,-1,1,50,1,1,1,20:50,4,1,3
2023031418660,2023,031418660,2,1,1,1,26,6,3,0,0,0,0,0,5,-1,-1,3,1,0.0,1.0,-1,6,30,1,1,1,19:13,6,2,5
2023451314715,2023,451314715,1,1,1,1,51,8,3,0,0,0,0,0,9,9,E01004118,3,1,0.0,1.0,-1,1,40,1,1,1,09:00,1,2,9
2023010479354,2023,010479354,1,1,2,2,32,6,3,0,0,0,4,0,11,3,E01016511,-1,0,0.0,1.0,-1,6,20,1,4,1,17:30,3,1,11
2023101331562,2023,101331562,2,1,2,2,-1,-1,3,0,0,0,4,0,11,-1,-1,3,1,0.0,1.0,-1,6,30,1,1,1,12:55,2,2,11
2023010448828,2023,010448828,1,1,3,1,34,6,3,5,1,0,0,0,0,2,E01002797,-1,0,0.0,1.0,-1,6,20,1,1,1,18:23,3,1,9
2023221300123,2023,221300123,1,1,3,1,9,2,3,1,3,0,0,0,0,4,E01014085,3,1,0.0,1.0,-1,6,30,1,1,2,07:40,4,1,9
2023170M20143,2023,170M20143,2,1,1,1,6,2,3,0,0,0,0,0,1,1,E01012091,-1,0,0.11355,0.88645,-1,6,20,1,1,1,14:55,2,2,1
2023471352442,2023,471352442,2,1,1,2,22,5,3,0,0,0,0,0,9,3,E01031444,3,1,0.0,1.0,-1,6,30,1,1,1,09:05,5,2,9
2023543881923,2023,543881923,1,1,1,1,80,11,3,0,0,0,0,0,9,8,E01032002,-1,0,0.13946,0.86054,-1,6,50,1,1,1,12:34,5,3,9
2023631307551,2023,631307551,1,1,1,2,76,11,2,0,0,0,0,0,9,2,W01000638,5,1,1.0,0.0,-1,3,70,1,1,1,13:30,7,2,9
2023451319116,2023,451319116,2,2,1,1,22,5,3,0,0,0,0,0,19,9,E01031727,3,1,0.0,1.0,-1,3,70,1,1,1,07:20,3,3,19
2023991318305,2023,991318305,1,1,3,2,22,5,3,6,9,0,0,2,0,-1,-1,3,1,0.0,1.0,-1,6,40,1,1,1,11:20,7,1,9
2023430303761,2023,430303761,1,1,1,1,22,5,2,0,0,0,0,0,5,8,E01032966,-1,0,1.0,0.0,-1,6,60,1,1,1,15:55,1,1,5
2023010458537,2023,010458537,1,1,1,1,55,8,3,0,0,0,0,0,9,6,E01004372,-1,0,0.0,1.0,-1,7,40,2,1,2,09:18,4,2,9
2023141320875,2023,141320875,2,1,1,1,17,4,2,0,0,0,0,0,-1,7,E01008140,7,1,1.0,0.0,-1,6,40,2,1,2,07:40,3,2,-1
2023302301558,2023,302301558,1,1,3,2,80,11,2,5,1,0,0,0,0,4,E01033171,-1,0,1.0,0.0,-1,6,30,2,1,2,13:05,4,1,9
2023010445039,2023,010445039,1,1,1,1,30,6,3,0,0,0,0,0,3,5,E01002692,-1,0,0.0,1.0,-1,6,20,1,1,1,16:09,5,2,3
2023131376771,2023,131376771,1,1,2,2,17,4,3,0,0,0,0,0,9,-1,-1,3,1,0.0,1.0,-1,6,30,1,1,2,15:25,2,2,9
2023201285217,2023,201285217,2,2,1,1,54,8,3,0,0,0,0,0,19,3,E01010099,3,1,0.0,1.0,-1,6,40,1,1,1,15:45,6,2,19
2023320681531,2023,320681531,1,1,2,1,25,5,3,0,0,1,0,0,19,4,E01015655,-1,0,0.14491,0.85509,-1,6,60,1,6,2,00:30,6,1,19
2023991348776,2023,991348776,1,1,3,1,15,3,3,5,1,0,0,0,0,4,-1,3,1,0.0,1.0,-1,6,30,1,5,1,20:24,2,1,9
2023061361288,2023,061361288,2,1,1,2,26,6,3,0,0,0,0,0,1,7,E01005152,3,1,0.0,1.0,-1,6,30,2,1,2,16:15,7,2,1
2023440214212,2023,440214212,2,1,1,2,21,5,2,0,0,0,0,0,1,5,E01022678,-1,0,1.0,0.0,-1,6,30,1,1,1,16:21,3,2,1
2023461288104,2023,461288104,1,1,1,1,25,5,2,0,0,0,0,0,3,4,E01024841,7,1,1.0,0.0,-1,6,50,1,6,2,21:35,5,1,3
2023061348757,2023,061348757,2,2,2,2,25,5,3,0,0,1,0,0,9,1,E01005578,3,1,0.0,1.0,-1,6,30,1,4,1,20:45,7,2,9
2023421390377,2023,421390377,1,1,1,2,22,5,3,0,0,0,0,0,9,-1,-1,3,1,0.0,1.0,-1,6,60,9,5,1,21:00,7,1,9
2023471329530,2023,471329530,1,1,1,2,45,7,3,0,0,0,0,0,9,9,E01020948,3,1,0.0,1.0,-1,3,70,2,1,2,18:10,6,2,9
2023522400460,2023,522400460,1,1,1,2,27,6,3,0,0,0,0,0,9,1,E01033359,-1,0,0.00304,0.99696,-1,6,40,1,1,1,12:10,2,3,9
2023549974423,2023,549974423,3,3,1,1,28,6,3,0,0,0,0,0,9,5,E01032048,-1,0,0.02349,0.97651,-1,3,30,2,1,2,08:36,4,3,9
2023010452427,2023,010452427,1,2,2,2,51,8,3,0,0,2,0,0,9,2,E01001218,-1,0,0.0,1.0,-1,6,20,1,1,1,16:05,6,2,9
2023111317466,2023,111317466,2,1,1,2,31,6,3,0,0,0,0,0,9,7,E01020906,3,1,0.0,1.0,-1,6,30,1,1,1,11:20,6,2,9
2023141375135,2023,141375135,1,1,2,1,20,4,3,0,0,1,0,0,9,8,E01007599,3,1,0.0,1.0,-1,6,40,5,4,2,00:19,4,2,9
2023471379426,2023,471379426,1,1,1,1,26,6,3,0,0,0,0,0,9,4,E01031433,3,1,0.0,1.0,-1,3,70,2,1,2,08:00,2,1,9
2023421293768,2023,421293768,1,1,3,2,54,8,3,5,1,0,0,0,0,9,E01021675,3,1,0.0,1.0,-1,9,20,1,1,1,16:35,7,1,9
2023522301689,2023,522301689,2,1,1,1,39,7,3,0,0,0,0,0,4,7,E01014599,-1,0,0.11379,0.88621,-1,1,40,1,1,1,17:51,4,2,4
2023101342594,2023,101342594,2,3,1,1,57,9,3,0,0,0,0,0,8,1,E01008303,3,1,0.0,1.0,-1,6,40,1,1,1,15:10,4,4,8
2023041342438,2023,041342438,3,3,2,2,49,8,3,0,0,1,0,0,9,5,E01012633,3,1,0.0,1.0,-1,6,50,1,4,1,20:30,3,3,9
2023101391825,2023,101391825,2,1,2,2,8,2,3,0,0,2,0,0,9,1,E01008297,3,1,0.0,1.0,-1,1,40,1,4,1,17:10,6,2,9
2023451324914,2023,451324914,1,1,1,1,39,7,3,0,0,0,0,0,9,8,E01030452,3,1,0.0,1.0,-1,6,40,1,1,1,06:20,1,3,9
2023161364240,2023,161364240,2,1,1,2,59,9,3,0,0,0,0,0,19,2,E01013130,3,1,0.0,1.0,-1,6,30,1,1,1,11:14,3,2,19
2023161301606,2023,161301606,1,1,1,1,28,6,3,0,0,0,0,0,9,4,E01012883,3,1,0.0,1.0,-1,6,30,1,1,1,18:15,4,2,9
2023221354786,2023,221354786,1,4,2,1,7,2,2,0,0,2,0,0,9,8,E01032400,7,1,1.0,0.0,-1,6,60,1,1,1,11:30,7,2,9
2023411292332,2023,411292332,2,1,1,1,35,6,3,0,0,0,0,0,9,2,E01023758,3,1,0.0,1.0,-1,3,50,1,1,1,23:20,6,4,9
2023991287622,2023,991287622,2,1,1,1,23,5,3,0,0,0,0,0,9,8,-1,3,1,0.0,1.0,-1,6,60,2,1,2,18:00,5,2,9
2023320556111,2023,320556111,2,1,1,2,33,6,3,0,0,0,0,0,8,2,E01026011,-1,0,0.01603,0.98397,-1,6,60,8,1,1,07:39,5,2,8
2023302300435,2023,302300435,1,1,1,2,36,7,3,0,0,0,0,0,9,8,E01019811,-1,0,0.03847,0.96153,-1,6,30,1,1,1,09:05,4,2,9
2023421367476,2023,421367476,1,1,1,1,32,6,3,0,0,0,0,0,9,5,E01000338,3,1,0.0,1.0,-1,6,40,1,1,1,18:25,5,2,9
2023461359660,2023,461359660,1,1,1,2,46,8,2,0,0,0,0,0,9,1,E01024649,7,1,1.0,0.0,-1,3,70,1,4,1,04:47,4,1,9
2023010428866,2023,010428866,1,1,2,2,-1,-1,3,0,0,1,0,0,9,8,E01000913,-1,0,0.0,1.0,-1,6,20,1,4,1,17:45,7,2,9
2023311304128,2023,311304128,2,1,1,1,25,5,3,0,0,0,0,0,9,7,E01028116,3,1,0.0,1.0,-1,6,60,1,1,1,17:45,5,2,9
2023991375942,2023,991375942,1,1,1,2,18,4,3,0,0,0,0,0,9,10,-1,3,1,0.0,1.0,-1,6,60,1,6,2,23:10,6,1,9
2023131345566,2023,131345566,1,1,3,2,7,2,3,5,1,0,0,2,0,2,E01011232,3,1,0.0,1.0,-1,6,30,1,1,1,15:41,6,1,9
2023471319569,2023,471319569,2,1,1,1,52,8,3,0,0,0,0,0,1,9,E01031733,3,1,0.0,1.0,-1,6,40,1,1,1,18:00,6,2,1
2023010464845,2023,010464845,1,1,3,2,12,3,3,1,3,0,0,0,0,3,E01000111,-1,0,0.0,1.0,-1,6,30,1,1,1,17:02,6,1,9
2023070013411,2023,070013411,1,1,3,2,30,6,3,6,8,0,0,0,0,5,E01018437,-1,0,0.02647,0.97353,-1,6,30,1,1,1,15:15,4,1,20
2023141306502,2023,141306502,1,1,3,2,36,7,3,5,9,0,0,0,0,-1,-1,3,1,0.0,1.0,-1,6,30,1,1,1,14:30,5,1,9
2023010435424,2023,010435424,1,1,1,1,29,6,3,0,0,0,0,0,5,7,E01017705,-1,0,0.0,1.0,-1,6,20,1,1,1,15:15,7,2,5
2023141264001,2023,141264001,1,1,3,1,70,10,1,5,3,0,0,0,0,10,E01007865,1,1,0.0,0.0,-1,6,40,1,1,2,13:49,2,1,9
2023141283186,2023,141283186,1,1,2,2,-1,-1,3,0,0,2,0,0,9,-1,-1,3,1,0.0,1.0,-1,6,30,1,1,1,20:30,7,2,9
2023440440548,2023,440440548,1,1,1,1,17,4,2,0,0,0,0,0,9,3,E01017079,-1,0,1.0,0.0,-1,6,30,1,4,2,18:08,6,1,9
2023461317678,2023,461317678,1,2,1,1,30,6,3,0,0,0,0,0,9,9,E01024409,3,1,0.0,1.0,-1,6,60,1,1,1,07:07,5,2,9
2023010471605,2023,010471605,1,2,3,1,11,3,3,5,1,0,0,0,0,-1,-1,-1,0,0.0,1.0,-1,2,30,1,1,1,16:25,5,1,9
2023401330545,2023,401330545,1,1,1,1,67,10,3,0,0,0,0,0,8,3,E01017453,3,1,0.0,1.0,-1,6,30,1,4,1,01:19,7,2,8
2023170L30293,2023,170L30293,1,3,2,1,20,4,3,0,0,2,0,0,9,1,E01012060,-1,0,0.05474,0.94526,-1,6,30,1,1,1,13:20,7,2,9
2023991263923,2023,991263923,2,1,1,2,29,6,3,0,0,0,0,0,1,4,-1,3,1,0.0,1.0,-1,1,60,8,1,3,09:50,2,2,1
2023411293138,2023,411293138,2,1,1,1,40,7,3,0,0,0,0,0,5,10,E01023735,3,1,0.0,1.0,-1,3,50,1,1,1,07:23,6,2,5
2023101275129,2023,101275129,2,2,2,1,64,9,3,0,0,1,0,0,9,5,E01008622,3,1,0.0,1.0,-1,6,60,1,1,1,15:10,6,2,9
2023401307375,2023,401307375,2,2,2,1,-1,-1,3,0,0,-1,0,0,9,4,E01017473,3,1,0.0,1.0,-1,6,30,1,4,1,21:30,2,2,9
2023361342204,2023,361342204,1,1,1,1,29,6,2,0,0,0,0,0,4,1,E01026625,7,1,1.0,0.0,-1,6,30,1,1,1,10:07,4,2,4
2023461321107,2023,461321107,2,1,1,1,33,6,3,0,0,0,0,0,9,6,E01032807,3,1,0.0,1.0,-1,6,30,1,1,1,17:20,6,2,9
2023461307752,2023,461307752,1,1,1,1,46,8,3,0,0,0,0,0,19,7,E01024137,3,1,0.0,1.0,-1,6,30,1,1,1,08:40,7,2,19
2023471266835,2023,471266835,2,1,2,1,34,6,3,0,0,0,0,0,19,2,E01022900,3,1,0.0,1.0,-1,6,60,1,1,4,07:56,3,2,19
2023201355955,2023,201355955,1,1,1,1,28,6,2,0,0,0,0,0,4,4,E01009218,5,1,1.0,0.0,-1,3,30,1,4,1,23:24,2,1,4
2023070663111,2023,070663111,1,1,1,1,27,6,2,0,0,0,0,0,9,9,E01018581,-1,0,1.0,0.0,-1,6,30,2,4,2,22:15,6,3,9
2023201371088,2023,201371088,2,1,1,2,20,4,3,0,0,0,0,0,9,2,E01009495,3,1,0.0,1.0,-1,6,30,1,4,1,22:20,2,3,9
2023411374848,2023,411374848,2,5,2,1,6,2,3,0,0,2,0,0,9,10,E01030728,3,1,0.0,1.0,-1,6,40,1,1,1,14:23,4,3,9
2023010430580,2023,010430580,1,1,3,1,56,9,3,5,9,0,0,0,0,-1,-1,-1,0,0.0,1.0,-1,6,30,1,4,1,21:54,1,1,9
2023010475174,2023,010475174,1,1,1,2,32,6,3,0,0,0,0,0,1,4,E01003301,-1,0,0.0,1.0,-1,6,30,2,4,2,17:20,3,2,1
2023010431888,2023,010431888,1,1,1,1,29,6,3,0,0,0,0,0,3,2,E01000042,-1,0,0.0,1.0,-1,9,30,1,1,1,14:41,7,2,3
2023461348753,2023,461348753,1,1,1,1,18,4,2,0,0,0,0,0,3,9,E01024088,7,1,1.0,0.0,-1,1,70,1,1,1,08:13,4,2,3
2023471308285,2023,471308285,1,1,1,1,56,9,3,0,0,0,0,0,5,10,E01021132,3,1,0.0,1.0,-1,6,60,1,1,1,08:25,4,1,5
2023010452517,2023,010452517,1,3,2,2,25,5,3,0,0,2,0,0,9,8,E01000393,-1,0,0.0,1.0,-1,3,30,1,4,1,02:48,7,2,9
2023010476140,2023,010476140,1,1,1,2,42,7,3,0,0,0,0,0,9,2,E01002615,-1,0,0.0,1.0,-1,6,20,8,4,2,21:02,1,2,9
2023201392950,2023,201392950,1,1,1,1,67,10,3,0,0,0,0,0,9,7,E01009931,3,1,0.0,1.0,-1,6,30,8,4,1,20:02,3,2,9