collision_index,collision_year,collision_ref_no,vehicle_reference,casualty_reference,casualty_class,sex_of_casualty,age_of_casualty,age_band_of_casualty,casualty_severity,pedestrian_location,pedestrian_movement,car_passenger,bus_or_coach_passenger,pedestrian_road_maintenance_worker,casualty_type,casualty_imd_decile,lsoa_of_casualty,enhanced_casualty_severity,casualty_injury_based,casualty_adjusted_severity_serious,casualty_adjusted_severity_slight,casualty_distance_banding,road_type,speed_limit,weather_conditions,light_conditions,road_surface_conditions,time,day_of_week,number_of_vehicles,vehicle_type
2023430282225,2023,430282225,1,1,2,2,25,5,3,0,0,1,0,0,9,8,E01016557,-1,0,0.00247,0.99753,-1,3,30,1,1,1,17:32,2,2,9
2023010478568,2023,010478568,1,1,1,-1,34,6,3,0,0,0,0,0,3,5,E01031565,-1,0,0.0,1.0,-1,9,30,9,4,9,17:10,5,2,3
2023221332288,2023,221332288,1,3,2,2,25,5,3,0,0,2,0,0,9,3,E01010055,3,1,0.0,1.0,-1,3,70,2,6,2,21:17,7,1,9
2023531339602,2023,531339602,1,3,2,1,16,4,3,0,0,2,0,0,9,-1,-1,3,1,0.0,1.0,-1,6,40,1,1,1,17:50,2,1,9
2023201270949,2023,201270949,1,2,3,2,61,9,2,5,3,0,0,2,0,-1,-1,6,1,1.0,0.0,-1,6,30,1,4,2,20:37,5,1,9
2023201277152,2023,201277152,1,1,3,2,43,7,3,5,9,0,0,2,0,-1,-1,3,1,0.0,1.0,-1,6,30,1,1,1,14:45,5,1,9
2023221353443,2023,221353443,2,1,1,1,30,6,3,0,0,0,0,0,1,4,E01014072,3,1,0.0,1.0,-1,3,30,1,1,1,18:00,6,2,1
2023351391032,2023,351391032,1,2,1,1,73,10,3,0,0,0,0,0,9,9,E01018231,3,1,0.0,1.0,-1,6,60,1,1,2,07:56,3,2,9
2023010432974,2023,010432974,2,2,1,1,60,9,2,0,0,0,0,0,9,3,E01001492,-1,0,1.0,0.0,-1,6,30,8,4,2,22:17,7,2,9
2023421353319,2023,421353319,2,1,1,1,18,4,3,0,0,0,0,0,9,6,E01002260,3,1,0.0,1.0,-1,6,60,1,1,2,16:40,1,2,9
2023440245463,2023,440245463,1,3,2,2,31,6,3,0,0,1,0,0,9,6,E01030801,-1,0,0.04805,0.95195,-1,1,30,1,1,1,14:08,3,2,9
2023991335534,2023,991335534,2,4,2,2,5,1,3,0,0,2,0,0,9,-1,-1,3,1,0.0,1.0,-1,6,60,1,1,1,14:30,1,2,9
2023141321367,2023,141321367,1,2,3,1,17,4,3,6,9,0,0,2,0,-1,-1,3,1,0.0,1.0,-1,6,30,1,1,1,21:15,4,1,9
2023421338500,2023,421338500,2,1,1,1,25,5,3,0,0,0,0,0,3,1,E01022027,3,1,0.0,1.0,-1,6,30,1,1,2,17:23,7,2,3
2023211382387,2023,211382387,3,6,1,2,46,8,3,0,0,0,0,0,9,10,E01029757,3,1,0.0,1.0,-1,6,50,1,1,2,14:00,6,3,9
2023461293348,2023,461293348,1,1,1,1,46,8,3,0,0,0,0,0,9,7,E01021018,3,1,0.0,1.0,-1,3,70,2,1,2,12:41,7,1,9
2023141356382,2023,141356382,1,1,2,1,53,8,3,0,0,0,0,0,19,3,E01007458,3,1,0.0,1.0,-1,3,40,1,1,1,13:55,2,1,19
2023061375115,2023,061375115,2,1,1,1,17,4,3,0,0,0,0,0,1,4,E01005494,3,1,0.0,1.0,-1,6,30,1,1,1,13:00,7,2,1
2023141326414,2023,141326414,1,1,1,1,21,5,3,0,0,0,0,0,9,-1,-1,3,1,0.0,1.0,-1,6,30,1,7,1,03:48,5,2,9
2023421346341,2023,421346341,1,1,1,1,56,9,3,0,0,0,0,0,9,9,E01021523,3,1,0.0,1.0,-1,3,70,1,1,1,10:11,3,2,9
2023231279617,2023,231279617,2,2,1,1,30,6,3,0,0,0,0,0,9,6,E01031188,3,1,0.0,1.0,-1,6,50,1,1,1,09:50,4,2,9
2023052301111,2023,052301111,2,1,2,2,18,4,3,0,0,2,0,0,9,3,E01006904,-1,0,0.02028,0.97972,-1,6,30,1,1,1,12:45,3,2,9
2023131371535,2023,131371535,2,1,1,2,41,7,3,0,0,0,0,0,9,4,E01007342,3,1,0.0,1.0,-1,6,20,9,1,1,16:30,5,3,9
2023211357493,2023,211357493,1,2,2,1,22,5,2,0,0,1,0,0,9,3,E01005179,7,1,1.0,0.0,-1,3,70,2,6,2,04:30,6,2,9
2023371350407,2023,371350407,1,1,1,2,34,6,1,0,0,0,0,0,9,7,E01030171,1,1,0.0,0.0,-1,6,60,1,1,2,07:20,3,2,9
2023421293361,2023,421293361,2,1,1,2,56,9,3,0,0,0,0,0,9,5,E01021982,3,1,0.0,1.0,-1,6,60,1,1,1,17:50,2,2,9
2023461379243,2023,461379243,1,2,2,1,27,6,3,0,0,2,0,0,9,3,E01024310,3,1,0.0,1.0,-1,6,30,2,4,2,22:32,6,1,9
2023332300862,2023,332300862,2,2,1,1,66,10,3,0,0,0,0,0,8,2,E01013654,-1,0,0.03045,0.96955,-1,3,30,1,5,1,20:18,7,2,8
2023041329155,2023,041329155,1,1,1,1,34,6,3,0,0,0,0,0,9,3,E01025294,3,1,0.0,1.0,-1,6,30,1,1,1,16:40,5,2,9
2023141321368,2023,141321368,1,1,1,1,26,6,3,0,0,0,0,0,19,3,E01007702,3,1,0.0,1.0,-1,6,30,1,1,1,21:46,4,2,19
2023430297482,2023,430297482,1,1,1,1,36,7,3,0,0,0,0,0,3,7,E01016402,-1,0,0.08891,0.91109,-1,6,50,2,1,2,16:45,3,2,3
202354C729623,2023,54C729623,1,1,3,2,12,3,2,9,9,0,0,0,0,5,E01015519,-1,0,1.0,0.0,-1,6,30,1,1,1,15:53,5,1,9
2023052301996,2023,052301996,1,1,1,2,46,8,3,0,0,0,0,0,19,-1,-1,-1,0,0.11862,0.88138,-1,6,30,1,4,1,22:31,3,1,19
2023371286052,2023,371286052,2,1,1,1,23,5,2,0,0,0,0,0,1,1,E01033129,7,1,1.0,0.0,-1,6,30,1,4,1,22:00,1,2,1
2023231269715,2023,231269715,2,2,1,2,42,7,3,0,0,0,0,0,9,7,E01031224,3,1,0.0,1.0,-1,6,50,1,6,2,17:35,4,2,9
2023401308031,2023,401308031,1,2,2,1,13,3,3,0,0,2,0,0,9,-1,-1,3,1,0.0,1.0,-1,6,50,1,1,1,15:45,4,2,9
2023122300202,2023,122300202,2,1,1,1,74,10,3,0,0,0,0,0,1,10,E01013387,-1,0,0.15165,0.84835,-1,6,30,1,1,1,11:21,5,2,1
2023131387561,2023,131387561,1,1,1,2,23,5,2,0,0,0,0,0,9,1,E01010663,6,1,1.0,0.0,-1,6,30,2,1,2,07:25,4,2,9
2023101291005,2023,101291005,1,3,2,2,54,8,3,0,0,0,4,0,11,5,E01027536,3,1,0.0,1.0,-1,6,20,1,1,1,12:32,7,1,11
2023122301309,2023,122301309,2,2,1,2,55,8,2,0,0,0,0,0,9,8,E01027694,-1,0,1.0,0.0,-1,6,60,7,6,2,05:09,6,2,9
2023461280814,2023,461280814,1,1,1,2,54,8,3,0,0,0,0,0,9,-1,-1,3,1,0.0,1.0,-1,6,60,1,7,1,20:06,5,1,9
2023461371960,2023,461371960,2,1,2,2,18,4,3,0,0,2,0,0,9,9,E01024438,3,1,0.0,1.0,-1,6,30,1,6,2,20:20,7,2,9
2023052302072,2023,052302072,1,1,1,1,64,9,2,0,0,0,0,0,1,1,E01006612,-1,0,1.0,0.0,-1,6,30,1,1,1,18:05,7,1,1
2023131333653,2023,131333653,2,1,1,1,13,3,3,0,0,0,0,0,1,1,E01011730,3,1,0.0,1.0,-1,6,30,1,1,1,14:30,2,2,1
2023111374117,2023,111374117,2,1,1,2,31,6,3,0,0,0,0,0,9,1,E01020764,3,1,0.0,1.0,-1,6,30,2,1,2,08:09,2,2,9
2023161378054,2023,161378054,1,1,1,2,50,8,3,0,0,0,0,0,9,9,E01012974,3,1,0.0,1.0,-1,6,30,1,1,1,14:40,3,2,9
2023302300236,2023,302300236,1,1,1,1,66,10,3,0,0,0,0,0,9,1,E01019488,-1,0,0.10956,0.89044,-1,6,30,1,1,2,09:45,4,1,9
2023622300718,2023,622300718,1,1,1,1,75,10,3,0,0,0,0,0,9,3,W01001898,-1,0,0.12321,0.87679,-1,6,60,1,1,1,10:35,4,1,9
2023010464437,2023,010464437,1,1,2,2,48,8,3,0,0,0,4,0,11,3,E01033709,-1,0,0.0,1.0,-1,6,20,1,1,1,14:39,4,1,11
2023340WN3092,2023,340WN3092,2,1,2,2,8,2,3,0,0,2,0,0,9,-1,-1,-1,0,0.03997,0.96003,-1,6,30,1,1,1,19:10,1,2,9
2023421281482,2023,421281482,1,1,2,1,46,8,3,0,0,1,0,0,9,3,E01000022,3,1,0.0,1.0,-1,6,30,1,1,1,16:20,3,2,9
2023622300241,2023,622300241,2,2,1,1,39,7,3,0,0,0,0,0,9,1,W01001741,-1,0,0.03744,0.96256,-1,3,70,2,1,2,16:20,7,2,9
2023622300606,2023,622300606,2,2,1,1,63,9,3,0,0,0,0,0,1,10,W01000840,-1,0,0.13428,0.86572,-1,6,30,1,1,1,19:10,5,2,1
2023101314387,2023,101314387,1,1,1,1,36,7,2,0,0,0,0,0,5,2,E01008543,6,1,1.0,0.0,-1,3,40,1,4,1,22:11,6,2,5
2023010477384,2023,010477384,1,1,3,2,31,6,3,1,1,0,0,0,0,2,E01002829,-1,0,0.0,1.0,-1,6,20,1,4,1,17:30,7,1,9
202360A004101,2023,60A004101,2,1,1,1,22,5,3,0,0,0,0,0,3,-1,-1,-1,0,0.11021,0.88979,-1,6,30,1,4,2,17:10,2,2,3
2023361373129,2023,361373129,1,1,1,1,47,8,3,0,0,0,0,0,9,4,E01026728,3,1,0.0,1.0,-1,6,60,1,1,1,17:09,6,2,9
2023440221101,2023,440221101,1,1,1,1,39,7,3,0,0,0,0,0,9,7,E01023116,-1,0,0.08512,0.91488,-1,6,30,1,1,1,18:16,1,2,9
2023371319665,2023,371319665,2,1,2,2,78,11,3,0,0,1,0,0,9,9,E01030190,3,1,0.0,1.0,-1,3,60,1,1,1,17:21,5,2,9
2023991288311,2023,991288311,2,2,1,1,65,9,3,0,0,0,0,0,9,6,-1,3,1,0.0,1.0,-1,3,70,1,1,1,07:50,1,2,9
2023010448051,2023,010448051,2,1,1,1,17,4,3,0,0,0,0,0,1,1,E01004285,-1,0,0.0,1.0,-1,6,20,1,1,1,20:27,6,2,1
2023201413866,2023,201413866,2,1,1,-1,51,8,3,0,0,0,0,0,1,3,E01009392,3,1,0.0,1.0,-1,3,40,1,1,1,13:00,7,2,1
2023501353926,2023,501353926,1,1,3,2,49,8,3,4,3,0,0,0,0,4,E01020288,3,1,0.0,1.0,-1,6,30,2,1,2,10:48,3,1,9
2023122300552,2023,122300552,2,7,2,1,18,4,1,0,0,2,0,0,9,-1,-1,-1,0,0.0,0.0,-1,6,60,1,1,1,14:19,7,2,9
2023421303166,2023,421303166,1,1,1,2,20,4,3,0,0,0,0,0,9,4,E01021790,3,1,0.0,1.0,-1,6,30,1,4,1,23:46,3,6,9
2023501357801,2023,501357801,2,2,1,1,50,8,3,0,0,0,0,0,9,4,E01019049,3,1,0.0,1.0,-1,6,60,1,1,1,17:20,6,2,9
2023041353761,2023,041353761,2,1,1,1,16,4,3,0,0,0,0,0,97,6,E01025004,3,1,0.0,1.0,-1,6,20,1,1,1,18:00,3,3,97
2023531368064,2023,531368064,1,1,3,1,67,10,3,8,3,0,0,0,0,1,E01022291,3,1,0.0,1.0,-1,3,30,2,4,2,18:13,7,1,9
2023221367742,2023,221367742,2,1,1,2,58,9,2,0,0,0,0,0,9,3,E01032201,7,1,1.0,0.0,-1,6,60,2,1,2,15:32,6,2,9
2023471353322,2023,471353322,2,3,1,2,74,10,2,0,0,0,0,0,9,10,E01021227,6,1,1.0,0.0,-1,6,60,1,1,2,14:11,1,2,9
2023501345977,2023,501345977,1,1,1,1,82,11,3,0,0,0,0,0,9,-1,-1,3,1,0.0,1.0,-1,6,60,1,1,1,13:39,1,2,9
2023552300701,2023,552300701,2,1,1,1,41,7,3,0,0,0,0,0,9,5,E01032660,-1,0,0.06261,0.93739,-1,6,30,1,4,1,03:29,7,2,9
2023991298812,2023,991298812,1,1,1,1,57,9,3,0,0,0,0,0,9,2,-1,3,1,0.0,1.0,-1,6,60,1,1,1,06:20,5,2,9
202363A109624,2023,63A109624,1,2,2,2,49,8,3,0,0,0,0,0,4,-1,-1,-1,0,0.27114,0.72886,-1,6,60,1,1,1,14:23,4,1,4
2023351278410,2023,351278410,3,3,1,2,33,6,3,0,0,0,0,0,9,-1,-1,3,1,0.0,1.0,-1,3,70,1,1,1,11:18,6,3,9
2023351328894,2023,351328894,2,2,1,1,25,5,3,0,0,0,0,0,9,4,E01015621,3,1,0.0,1.0,-1,3,70,1,1,1,18:29,4,2,9
2023461297691,2023,461297691,3,2,1,2,59,9,3,0,0,0,0,0,9,8,E01024237,3,1,0.0,1.0,-1,3,60,1,1,1,14:30,2,3,9
202360A119573,2023,60A119573,2,2,2,2,52,8,2,0,0,2,0,0,19,-1,-1,-1,0,1.0,0.0,-1,6,60,1,1,1,11:34,7,4,19
2023332300653,2023,332300653,1,1,3,1,83,11,3,1,3,0,0,0,0,9,E01013706,-1,0,0.13938,0.86062,-1,6,40,1,1,1,06:45,1,1,9
2023461333458,2023,461333458,1,1,3,1,7,2,3,5,2,0,0,0,0,3,E01016038,3,1,0.0,1.0,-1,6,30,1,1,1,12:35,2,1,9
2023622300800,2023,622300800,1,1,3,1,18,4,2,5,1,0,0,0,0,6,W01000774,-1,0,1.0,0.0,-1,6,50,1,5,1,22:46,6,1,8
2023131331975,2023,131331975,2,1,1,2,35,6,3,0,0,0,0,0,1,3,E01011944,3,1,0.0,1.0,-1,6,50,9,1,1,08:50,6,2,1
2023010428519,2023,010428519,2,2,1,2,47,8,3,0,0,0,0,0,9,4,E01001158,-1,0,0.0,1.0,-1,6,30,2,1,2,08:55,4,2,9
2023161360409,2023,161360409,2,2,1,1,44,7,3,0,0,0,0,0,9,3,E01013310,3,1,0.0,1.0,-1,3,70,1,1,1,14:20,6,4,9
2023461353587,2023,461353587,1,2,2,2,26,6,3,0,0,1,0,0,9,5,E01021753,3,1,0.0,1.0,-1,6,30,1,4,1,04:29,1,1,9
2023010437377,2023,010437377,1,1,1,1,50,8,3,0,0,0,0,0,3,6,E01000196,-1,0,0.0,1.0,-1,6,30,1,1,1,11:20,6,2,3
2023141280523,2023,141280523,1,1,1,1,21,5,2,0,0,0,0,0,9,7,E01007743,5,1,1.0,0.0,-1,6,40,1,4,1,21:35,7,2,9
2023161267040,2023,161267040,1,3,2,2,55,8,3,0,0,1,0,0,9,10,E01013118,3,1,0.0,1.0,-1,6,60,1,1,1,12:34,2,2,9
2023010486108,2023,010486108,2,2,2,1,50,8,3,0,0,1,0,0,9,2,E01003197,-1,0,0.0,1.0,-1,6,20,1,4,2,07:40,4,2,9
2023071271632,2023,071271632,2,1,1,2,43,7,3,0,0,0,0,0,9,2,E01012482,-1,0,0.01331,0.98669,-1,6,30,1,4,1,20:00,5,2,9
2023131313473,2023,131313473,1,2,2,1,10,2,2,0,0,2,0,0,9,9,E01011685,7,1,1.0,0.0,-1,3,40,1,1,1,15:00,4,4,9
2023201281610,2023,201281610,1,1,1,2,23,5,3,0,0,0,0,0,9,-1,-1,3,1,0.0,1.0,-1,6,30,1,4,1,21:10,4,1,9
2023440483295,2023,440483295,1,3,2,1,1,1,3,0,0,2,0,0,9,10,E01032859,-1,0,0.08835,0.91165,-1,6,40,1,4,1,22:59,7,3,9
2023501337660,2023,501337660,1,1,1,2,30,6,3,0,0,0,0,0,9,5,E01018923,3,1,0.0,1.0,-1,6,60,2,1,2,18:05,3,1,9
2023531286463,2023,531286463,2,3,2,1,30,6,3,0,0,0,0,0,19,8,E01022356,3,1,0.0,1.0,-1,6,60,4,1,1,11:25,6,2,19
2023010443566,2023,010443566,1,1,3,1,11,3,3,5,1,0,0,0,0,2,E01003240,-1,0,0.0,1.0,-1,6,30,1,1,1,18:59,4,1,3
2023131277344,2023,131277344,1,1,3,1,19,4,2,5,3,0,0,2,0,1,E01011658,7,1,1.0,0.0,-1,6,30,1,4,2,03:14,6,1,9
2023041368680,2023,041368680,2,1,1,1,61,9,3,0,0,0,0,0,9,3,E01025076,3,1,0.0,1.0,-1,6,30,2,4,2,18:25,2,2,9
2023461351753,2023,461351753,3,1,1,1,58,9,2,0,0,0,0,0,9,3,E01000441,7,1,1.0,0.0,-1,6,30,1,1,1,13:36,7,3,9
2023041350968,2023,041350968,3,2,1,1,57,9,3,0,0,0,0,0,19,2,E01012642,3,1,0.0,1.0,-1,6,20,1,1,1,14:41,7,7,19
2023501382093,2023,501382093,1,1,1,1,36,7,3,0,0,0,0,0,19,4,E01015177,3,1,0.0,1.0,-1,6,30,2,4,2,18:00,1,2,19
2023461368588,2023,461368588,1,1,3,1,60,9,3,9,5,0,0,0,0,4,E01016115,3,1,0.0,1.0,-1,3,20,4,1,2,09:50,2,1,9
2023010420754,2023,010420754,1,1,1,1,41,7,2,0,0,0,0,0,5,9,E01003442,-1,0,1.0,0.0,-1,6,30,1,1,1,12:20,4,3,5
2023061333009,2023,061333009,2,1,1,2,44,7,3,0,0,0,0,0,9,1,E01005328,3,1,0.0,1.0,-1,3,30,1,1,1,16:34,1,2,9
2023332300947,2023,332300947,2,1,1,2,65,9,3,0,0,0,0,0,9,3,E01013719,-1,0,0.0145,0.9855,-1,7,30,1,4,1,21:27,5,2,9
2023340WN1042,2023,340WN1042,2,1,1,2,53,8,3,0,0,0,0,0,9,8,E01027294,-1,0,0.08303,0.91697,-1,6,50,1,6,1,17:15,4,2,9
2023411349564,2023,411349564,2,1,1,2,32,6,3,0,0,0,0,0,9,9,E01023509,3,1,0.0,1.0,-1,6,30,1,1,-1,15:22,6,2,9
2023320177517,2023,320177517,2,1,1,1,95,11,1,0,0,0,0,0,22,7,E01026275,-1,0,0.0,0.0,-1,6,30,1,1,1,11:25,5,2,22
2023332300012,2023,332300012,2,1,1,1,61,9,3,0,0,0,0,0,1,5,E01025936,-1,0,0.07558,0.92442,-1,6,40,1,1,2,08:30,1,2,1
2023010435236,2023,010435236,1,1,1,1,21,5,3,0,0,0,0,0,3,1,E01002067,-1,0,0.0,1.0,-1,6,20,9,1,9,18:25,5,2,3
2023221268338,2023,221268338,1,1,1,1,54,8,3,0,0,0,0,0,9,7,E01032380,3,1,0.0,1.0,-1,6,30,1,1,2,10:03,3,2,9
2023451393365,2023,451393365,3,3,1,1,32,6,3,0,0,0,0,0,9,7,E01024137,3,1,0.0,1.0,-1,3,70,1,1,2,13:15,7,3,9
202354A735223,2023,54A735223,2,1,1,2,22,5,3,0,0,0,0,0,9,8,E01015565,-1,0,0.00168,0.99832,-1,1,30,1,4,1,20:00,5,2,9
2023141341704,2023,141341704,1,1,2,1,36,7,2,0,0,1,0,0,9,5,E01007803,7,1,1.0,0.0,-1,6,30,1,1,2,06:05,3,4,9
2023141346398,2023,141346398,1,1,1,2,53,8,3,0,0,0,0,0,9,-1,-1,3,1,0.0,1.0,-1,1,50,1,1,1,11:16,3,2,9
2023101299465,2023,101299465,1,1,2,1,61,9,3,0,0,0,4,0,11,8,E01008870,3,1,0.0,1.0,-1,6,30,1,1,1,16:08,4,2,11
2023010454764,2023,010454764,1,1,1,2,21,5,3,0,0,0,0,0,3,3,E01002079,-1,0,0.0,1.0,-1,9,20,1,1,1,12:00,3,2,3
2023131347027,2023,131347027,1,1,1,1,18,4,2,0,0,0,0,0,3,4,E01011049,6,1,1.0,0.0,-1,6,30,1,4,1,23:53,4,2,3
2023421327977,2023,421327977,3,3,2,2,18,4,3,0,0,2,0,0,9,5,E01021994,3,1,0.0,1.0,-1,3,60,1,1,1,17:10,2,4,9
2023451355441,2023,451355441,4,3,1,1,46,8,3,0,0,0,0,0,9,4,E01024771,3,1,0.0,1.0,-1,3,70,1,1,1,07:58,6,5,9
2023052300404,2023,052300404,2,1,1,2,24,5,3,0,0,0,0,0,1,6,E01006724,-1,0,0.05859,0.94141,-1,6,30,1,1,1,11:19,3,2,1
2023111347040,2023,111347040,2,1,1,1,48,8,2,0,0,0,0,0,1,9,E01033714,7,1,1.0,0.0,-1,6,60,1,1,1,07:05,4,2,1
2023401361443,2023,401361443,2,2,1,1,35,6,3,0,0,0,0,0,1,2,E01015759,3,1,0.0,1.0,-1,6,20,1,4,1,22:26,4,2,1
2023471384585,2023,471384585,1,2,1,1,49,8,2,0,0,0,0,0,9,5,E01022616,5,1,1.0,0.0,-1,3,60,1,1,2,14:48,6,1,9
2023371280487,2023,371280487,1,3,2,1,28,6,3,0,0,1,0,0,9,2,E01030246,3,1,0.0,1.0,-1,1,30,8,1,2,16:30,7,2,9
2023421300311,2023,421300311,2,1,1,2,49,8,3,0,0,0,0,0,9,4,E01021310,3,1,0.0,1.0,-1,6,30,2,1,2,11:25,2,2,9
2023461351649,2023,461351649,1,1,2,2,14,3,3,0,0,1,0,0,9,8,E01024209,3,1,0.0,1.0,-1,6,60,1,6,1,20:50,4,1,9
2023010479107,2023,010479107,1,1,1,2,23,5,3,0,0,0,0,0,1,7,E01004512,-1,0,0.0,1.0,-1,1,20,1,1,2,10:17,2,2,1
2023440242257,2023,440242257,1,1,1,1,65,9,3,0,0,0,0,0,5,2,E01016295,-1,0,0.23621,0.76379,-1,7,70,1,1,1,13:37,1,1,5
2023101370487,2023,101370487,1,1,3,1,27,6,2,5,9,0,0,0,0,-1,-1,7,1,1.0,0.0,-1,3,70,1,7,1,22:48,6,1,21
2023010430853,2023,010430853,1,1,1,1,20,4,3,0,0,0,0,0,3,7,E01002223,-1,0,0.0,1.0,-1,6,20,9,1,9,16:25,2,2,3
2023010445442,2023,010445442,2,1,1,1,29,6,3,0,0,0,0,0,3,2,E01003373,-1,0,0.0,1.0,-1,6,30,1,1,1,12:40,7,2,3
2023161335238,2023,161335238,1,1,1,1,22,5,2,0,0,0,0,0,5,5,E01012756,7,1,1.0,0.0,-1,6,30,1,4,1,01:40,1,2,5
2023421316535,2023,421316535,2,1,1,1,35,6,2,0,0,0,0,0,5,3,E01021326,5,1,1.0,0.0,-1,6,30,1,1,1,17:30,5,3,5
2023411305880,2023,411305880,1,1,1,1,50,8,3,0,0,0,0,0,9,5,E01030946,3,1,0.0,1.0,-1,3,70,1,1,1,15:00,7,3,9
2023451290371,2023,451290371,1,1,1,1,42,7,3,0,0,0,0,0,9,4,E01030601,3,1,0.0,1.0,-1,6,20,1,1,1,10:05,7,2,9
2023461331048,2023,461331048,2,1,1,2,19,4,3,0,0,0,0,0,9,5,E01016116,3,1,0.0,1.0,-1,6,30,1,1,1,18:50,7,2,9
2023471331579,2023,471331579,2,2,2,2,52,8,3,0,0,1,0,0,9,8,E01031642,3,1,0.0,1.0,-1,6,30,1,1,1,16:08,5,2,9
2023141283858,2023,141283858,1,1,1,2,64,9,3,0,0,0,0,0,9,-1,-1,3,1,0.0,1.0,-1,6,30,1,1,1,00:01,3,2,9
2023351299446,2023,351299446,1,2,1,1,21,5,3,0,0,0,0,0,9,6,E01015644,3,1,0.0,1.0,-1,7,40,1,1,1,17:45,6,2,9
2023440258478,2023,440258478,1,1,3,2,12,3,3,5,3,0,0,0,0,2,E01022970,-1,0,0.16834,0.83166,-1,6,30,1,1,1,15:45,4,1,9
2023461275975,2023,461275975,1,1,3,2,11,3,2,1,1,0,0,2,0,2,E01024505,5,1,1.0,0.0,-1,6,30,1,1,1,15:48,4,1,9
2023421367007,2023,421367007,1,3,1,1,7,2,3,0,0,0,0,0,1,3,E01021669,3,1,0.0,1.0,-1,6,30,1,1,1,12:35,4,2,1
2023010466200,2023,010466200,1,1,1,-1,29,6,3,0,0,0,0,0,3,2,E01003993,-1,0,0.0,1.0,-1,6,20,9,1,9,17:20,5,2,3
2023610003823,2023,610003823,1,1,1,1,36,7,3,0,0,0,0,0,3,2,W01001436,-1,0,0.24955,0.75045,-1,2,30,1,4,2,00:30,7,2,3
2023070352403,2023,070352403,2,1,1,2,34,6,3,0,0,0,0,0,9,4,W01000330,-1,0,0.016,0.984,-1,3,70,1,1,1,16:45,4,4,9
2023991368189,2023,991368189,2,1,2,2,18,4,2,0,0,1,0,0,9,-1,-1,5,1,1.0,0.0,-1,3,30,8,1,2,12:17,1,2,9
2023221389248,2023,221389248,2,3,2,2,10,2,3,0,0,2,0,0,10,3,W01001898,3,1,0.0,1.0,-1,3,60,1,1,2,12:25,7,2,10
2023010433756,2023,010433756,1,1,3,1,59,9,3,1,9,0,0,0,0,3,E01000944,-1,0,0.0,1.0,-1,6,20,8,1,1,13:40,5,1,9
2023010461769,2023,010461769,1,1,1,1,33,6,3,0,0,0,0,0,3,2,E01001460,-1,0,0.0,1.0,-1,6,30,1,1,1,14:30,2,1,3
2023161372505,2023,161372505,1,1,1,1,32,6,3,0,0,0,0,0,9,9,E01013191,3,1,0.0,1.0,-1,6,30,2,4,2,06:22,4,2,9
2023461355102,2023,461355102,2,2,2,2,51,8,3,0,0,1,0,0,9,6,E01000332,3,1,0.0,1.0,-1,3,70,1,1,1,08:53,5,2,9
2023501281968,2023,501281968,2,1,1,2,61,9,3,0,0,0,0,0,9,7,E01020156,3,1,0.0,1.0,-1,6,30,1,1,1,11:10,7,2,9
2023610046323,2023,610046323,1,1,1,2,21,5,3,0,0,1,0,0,9,4,W01001410,-1,0,0.02044,0.97956,-1,6,50,1,1,2,09:30,6,2,9
2023332300751,2023,332300751,1,1,3,1,16,4,3,5,9,0,0,0,0,6,E01025656,-1,0,0.08637,0.91363,-1,6,30,1,4,1,22:30,6,1,9
2023010462264,2023,010462264,1,3,2,2,19,4,3,0,0,1,0,0,9,6,E01023545,-1,0,0.0,1.0,-1,6,30,1,4,1,04:27,6,3,9
2023061384436,2023,061384436,2,2,2,1,33,6,3,0,0,1,0,0,9,-1,-1,3,1,0.0,1.0,-1,3,70,2,1,2,14:00,6,2,9
2023430271936,2023,430271936,2,2,1,2,34,6,3,0,0,0,0,0,9,7,E01017705,-1,0,0.0184,0.9816,-1,6,60,1,1,1,18:09,3,2,9
2023440276502,2023,440276502,1,1,1,2,18,4,3,0,0,0,0,0,9,9,E01022719,-1,0,0.08261,0.91739,-1,3,70,1,1,1,11:43,2,2,9
2023531357067,2023,531357067,3,1,1,1,37,7,3,0,0,0,0,0,9,6,E01022260,3,1,0.0,1.0,-1,6,50,1,1,1,13:25,2,4,9
2023101262018,2023,101262018,1,1,3,1,27,6,3,10,9,0,0,0,0,-1,-1,3,1,0.0,1.0,-1,6,30,1,4,2,02:24,3,1,8
2023340WN9032,2023,340WN9032,1,1,3,1,36,7,1,5,9,0,0,0,0,6,E01027029,-1,0,0.0,0.0,-1,6,50,1,6,1,02:14,1,1,20
2023010454279,2023,010454279,2,1,1,1,21,5,3,0,0,0,0,0,3,5,E01000639,-1,0,0.0,1.0,-1,6,20,1,1,1,07:59,2,2,3
2023122301331,2023,122301331,1,2,2,-1,17,4,2,0,0,1,0,0,9,9,E01027894,-1,0,1.0,0.0,-1,6,60,1,6,1,20:33,2,1,9
2023201363945,2023,201363945,1,1,2,1,18,4,2,0,0,2,0,0,9,1,E01010283,7,1,1.0,0.0,-1,6,30,1,6,2,04:30,7,1,9
2023471279844,2023,471279844,2,2,1,2,20,4,3,0,0,0,0,0,9,9,E01031764,3,1,0.0,1.0,-1,6,30,1,1,1,09:04,5,2,9
202360A156755,2023,60A156755,1,1,2,1,18,4,3,0,0,1,0,0,9,-1,-1,-1,0,0.13155,0.86845,-1,6,30,2,6,2,23:37,5,1,9
2023010478380,2023,010478380,2,1,1,1,21,5,3,0,0,0,0,0,1,4,E01004142,-1,0,0.0,1.0,-1,6,30,2,4,2,17:25,5,2,1