collision_index,collision_year,collision_ref_no,vehicle_reference,casualty_reference,casualty_class,sex_of_casualty,age_of_casualty,age_band_of_casualty,casualty_severity,pedestrian_location,pedestrian_movement,car_passenger,bus_or_coach_passenger,pedestrian_road_maintenance_worker,casualty_type,casualty_imd_decile,lsoa_of_casualty,enhanced_casualty_severity,casualty_injury_based,casualty_adjusted_severity_serious,casualty_adjusted_severity_slight,casualty_distance_banding,road_type,speed_limit,weather_conditions,light_conditions,road_surface_conditions,time,day_of_week,number_of_vehicles,vehicle_type
2023411361142,2023,411361142,2,1,1,1,10,2,3,0,0,0,0,0,1,10,E01023735,3,1,0.0,1.0,-1,6,30,1,1,1,16:00,1,2,1
2023501303586,2023,501303586,1,1,3,1,16,4,2,5,1,0,0,0,0,2,E01019076,7,1,1.0,0.0,-1,1,30,4,1,1,13:11,4,1,9
2023061307999,2023,061307999,2,2,1,1,65,9,2,0,0,0,0,0,1,8,E01005442,6,1,1.0,0.0,-1,6,20,1,1,1,12:40,2,2,1
2023531284732,2023,531284732,2,1,1,1,53,8,2,0,0,0,0,0,1,10,E01022167,7,1,1.0,0.0,-1,6,30,2,4,2,17:30,4,2,1
2023451389896,2023,451389896,1,1,1,1,29,6,3,0,0,0,0,0,2,8,E01030452,3,1,0.0,1.0,-1,6,40,1,1,1,14:00,6,2,2
2023201284378,2023,201284378,1,1,3,1,51,8,3,1,1,0,0,2,0,4,E01008947,3,1,0.0,1.0,-1,3,30,5,4,2,16:48,3,1,9
2023141373636,2023,141373636,2,1,1,2,31,6,3,0,0,0,0,0,1,-1,-1,3,1,0.0,1.0,-1,6,30,1,1,1,12:25,7,2,1
2023111297114,2023,111297114,1,1,1,1,56,9,2,0,0,0,0,0,5,9,E01020628,5,1,1.0,0.0,-1,6,60,1,1,1,15:30,7,2,5
2023010445237,2023,010445237,1,1,2,2,14,3,3,0,0,1,0,0,9,6,E01003641,-1,0,0.0,1.0,-1,3,20,1,1,1,13:31,6,2,9
2023041291598,2023,041291598,1,1,3,2,41,7,2,5,3,0,0,0,0,1,E01025396,7,1,1.0,0.0,-1,6,30,1,1,1,15:40,6,1,9
2023010423186,2023,010423186,1,1,3,1,70,10,3,5,1,0,0,0,0,5,E01004165,-1,0,0.0,1.0,-1,3,30,1,1,1,08:30,3,1,9
2023311277287,2023,311277287,1,1,3,1,15,3,3,8,3,0,0,0,0,2,E01013917,3,1,0.0,1.0,-1,6,30,1,1,1,16:44,5,1,9
2023010420005,2023,010420005,1,1,1,2,37,7,3,0,0,0,0,0,9,1,E01033605,-1,0,0.0,1.0,-1,2,20,1,1,1,15:55,6,2,9
2023440023339,2023,440023339,1,1,1,2,58,9,3,0,0,0,0,0,9,10,E01016387,-1,0,0.06882,0.93118,-1,6,60,1,1,4,11:37,4,2,9
2023201388548,2023,201388548,1,1,3,1,12,3,2,5,1,0,0,0,0,2,E01010036,7,1,1.0,0.0,-1,6,30,8,1,1,16:01,3,1,9
2023010439111,2023,010439111,1,1,2,1,0,1,3,0,0,0,4,0,11,2,E01002799,-1,0,0.0,1.0,-1,3,20,1,1,1,12:15,2,2,11
2023440036281,2023,440036281,1,3,2,1,75,10,3,0,0,0,4,0,11,1,E01017112,-1,0,0.08233,0.91767,-1,6,30,1,1,1,13:46,6,2,11
2023122300956,2023,122300956,1,4,2,1,16,4,3,0,0,1,0,0,9,9,E01027791,-1,0,0.11641,0.88359,-1,6,60,2,6,2,22:30,6,1,9
2023340WN3022,2023,340WN3022,2,1,1,2,47,8,3,0,0,0,0,0,9,6,E01025796,-1,0,0.01977,0.98023,-1,6,30,1,1,1,08:45,5,2,9
2023351320771,2023,351320771,2,2,1,1,64,9,3,0,0,0,0,0,9,10,E01030045,3,1,0.0,1.0,-1,3,70,1,1,1,16:37,2,2,9
2023122300974,2023,122300974,1,1,1,1,17,4,2,0,0,0,0,0,3,8,E01025349,-1,0,1.0,0.0,-1,6,60,1,1,1,16:59,2,1,3
2023131364757,2023,131364757,1,2,3,2,44,7,2,1,1,0,0,1,0,10,E01023567,6,1,1.0,0.0,-1,6,20,2,1,2,09:53,5,1,21
2023010439048,2023,010439048,2,1,1,1,48,8,3,0,0,0,0,0,1,6,E01001295,-1,0,0.0,1.0,-1,6,30,1,4,1,00:45,2,2,1
2023440268137,2023,440268137,1,1,1,1,29,6,2,0,0,0,0,0,3,5,E01017369,-1,0,1.0,0.0,-1,6,40,2,1,2,17:53,3,2,3
2023201358559,2023,201358559,1,1,1,1,9,2,3,0,0,0,0,0,1,1,E01008962,3,1,0.0,1.0,-1,6,30,1,1,1,14:27,6,2,1
2023131283635,2023,131283635,2,1,2,2,57,9,2,0,0,0,0,0,5,1,E01010663,7,1,1.0,0.0,-1,6,30,1,1,1,14:15,1,2,5
2023041367409,2023,041367409,3,3,3,1,41,7,3,9,5,0,0,1,0,9,E01025364,3,1,0.0,1.0,-1,6,60,1,1,1,08:25,4,3,19
2023622300911,2023,622300911,1,1,3,2,7,2,3,5,4,0,0,0,0,1,W01001884,-1,0,0.10082,0.89918,-1,6,30,1,1,1,20:52,5,1,23
2023010459433,2023,010459433,1,2,2,-1,-1,-1,3,0,0,1,0,0,8,-1,-1,-1,0,0.0,1.0,-1,3,50,1,1,1,10:00,2,2,8
2023451342868,2023,451342868,1,1,1,1,28,6,3,0,0,0,0,0,3,4,E01001146,3,1,0.0,1.0,-1,6,30,1,1,1,15:40,5,2,3
2023430333291,2023,430333291,1,1,1,1,19,4,2,0,0,0,0,0,-1,4,E01016717,-1,0,1.0,0.0,-1,6,30,1,1,1,08:57,5,2,-1
2023010474066,2023,010474066,1,1,1,1,36,7,3,0,0,0,0,0,3,4,E01004531,-1,0,0.0,1.0,-1,6,20,1,4,1,22:30,4,2,3
2023010481515,2023,010481515,1,1,1,1,30,6,3,0,0,0,0,0,3,6,E01002204,-1,0,0.0,1.0,-1,6,20,1,4,1,18:55,4,2,3
2023010477918,2023,010477918,1,1,1,2,32,6,3,0,0,0,0,0,9,3,E01000081,-1,0,0.0,1.0,-1,6,30,2,4,2,17:15,2,2,9
2023131367222,2023,131367222,2,2,1,2,35,6,3,0,0,0,0,0,9,8,E01010997,3,1,0.0,1.0,-1,6,30,2,1,2,07:57,5,2,9
2023421299090,2023,421299090,1,1,2,1,18,4,2,0,0,1,0,0,9,-1,-1,7,1,1.0,0.0,-1,6,30,2,1,2,15:18,5,2,9
2023430521985,2023,430521985,1,1,1,1,18,4,3,0,0,0,0,0,9,7,E01017673,-1,0,0.00926,0.99074,-1,6,60,1,7,2,06:46,2,2,9
2023061359351,2023,061359351,1,1,1,2,82,11,2,0,0,0,0,0,9,6,E01006375,5,1,1.0,0.0,-1,6,30,1,1,1,09:45,1,2,9
2023061389574,2023,061389574,2,1,1,2,54,8,3,0,0,0,0,0,9,3,E01005208,3,1,0.0,1.0,-1,6,30,1,4,1,16:40,2,2,9
2023070203924,2023,070203924,2,2,1,1,43,7,3,0,0,0,0,0,9,-1,-1,-1,0,0.03941,0.96059,-1,6,60,1,1,1,10:18,6,2,9
2023201385667,2023,201385667,2,2,1,2,64,9,3,0,0,0,0,0,9,10,E01029483,3,1,0.0,1.0,-1,6,30,2,1,2,11:27,3,2,9
2023010486565,2023,010486565,1,1,1,1,25,5,3,0,0,0,0,0,9,2,E01002077,-1,0,0.0,1.0,-1,3,20,1,4,1,00:11,7,2,9
2023320254421,2023,320254421,3,1,1,1,25,5,3,0,0,0,0,0,9,4,E01018887,-1,0,0.07815,0.92185,-1,6,60,1,1,1,12:10,5,5,9
2023361358710,2023,361358710,1,1,1,1,55,8,3,0,0,0,0,0,9,3,E01026717,3,1,0.0,1.0,-1,6,50,1,1,1,15:05,1,1,9
2023501365235,2023,501365235,1,3,2,2,16,4,3,0,0,2,0,0,9,4,E01019927,3,1,0.0,1.0,-1,6,30,1,1,1,18:43,6,2,9
2023461264191,2023,461264191,1,1,1,1,21,5,2,0,0,0,0,0,-1,3,E01016045,7,1,1.0,0.0,-1,6,30,1,4,1,19:37,5,2,-1
2023061395866,2023,061395866,2,1,1,1,47,8,3,0,0,0,0,0,9,1,E01033666,3,1,0.0,1.0,-1,3,30,2,4,-1,01:30,2,2,9
2023332300184,2023,332300184,1,1,1,1,26,6,3,0,0,0,0,0,9,1,E01013720,-1,0,0.02977,0.97023,-1,6,30,1,1,1,10:35,1,4,9
2023430137816,2023,430137816,1,2,2,1,27,6,3,0,0,2,0,0,9,-1,-1,-1,0,0.00335,0.99665,-1,6,30,1,1,1,17:31,3,2,9
2023991261458,2023,991261458,3,4,1,1,32,6,3,0,0,0,0,0,9,6,-1,3,1,0.0,1.0,-1,6,30,2,1,2,08:15,3,3,9
2023311329224,2023,311329224,1,1,1,2,23,5,3,0,0,0,0,0,9,4,E01027981,3,1,0.0,1.0,-1,6,60,1,1,1,17:20,3,2,9
2023061353985,2023,061353985,1,2,1,1,23,5,3,0,0,0,0,0,9,-1,-1,3,1,0.0,1.0,-1,6,30,2,1,2,18:02,2,3,9
2023201430569,2023,201430569,2,1,1,1,79,11,3,0,0,0,0,0,9,2,E01010535,3,1,0.0,1.0,-1,3,30,1,4,1,13:27,2,2,9
2023340NN3992,2023,340NN3992,2,1,1,1,26,6,3,0,0,0,0,0,9,5,E01027350,-1,0,0.02184,0.97816,-1,6,30,2,1,2,14:31,7,3,9
2023440531461,2023,440531461,1,1,1,1,20,4,3,0,0,0,0,0,9,6,E01030912,-1,0,0.16183,0.83817,-1,6,60,5,6,2,23:36,7,1,9
2023991355673,2023,991355673,1,2,1,2,25,5,2,0,0,0,0,0,9,-1,-1,7,1,1.0,0.0,-1,6,40,1,1,1,12:47,7,2,9
2023531393469,2023,531393469,1,2,1,1,21,5,2,0,0,0,0,0,3,6,E01014641,7,1,1.0,0.0,-1,3,50,5,6,2,18:10,1,2,3
2023010466673,2023,010466673,2,1,1,2,28,6,3,0,0,0,0,0,9,2,E01003911,-1,0,0.0,1.0,-1,3,30,2,4,2,00:40,2,2,9
2023131266514,2023,131266514,2,4,2,1,56,9,3,0,0,1,0,0,9,4,E01010919,3,1,0.0,1.0,-1,6,30,1,1,2,11:40,7,3,9
2023371377731,2023,371377731,2,1,1,2,31,6,3,0,0,0,0,0,9,3,E01030014,3,1,0.0,1.0,-1,3,30,1,4,1,19:40,7,2,9
2023461369041,2023,461369041,1,1,1,2,54,8,2,0,0,0,0,0,9,6,E01024704,6,1,1.0,0.0,-1,3,70,1,1,1,12:00,6,2,9
2023471371865,2023,471371865,1,1,1,2,82,11,2,0,0,0,0,0,9,8,E01004582,6,1,1.0,0.0,-1,6,60,1,6,2,17:38,2,3,9
2023610032823,2023,610032823,1,1,1,1,58,9,2,0,0,0,0,0,9,1,E01014589,-1,0,1.0,0.0,-1,3,70,9,6,2,23:00,4,2,9
202363B017923,2023,63B017923,2,2,1,1,53,8,3,0,0,0,0,0,9,7,W01000523,-1,0,0.08483,0.91517,-1,6,50,8,1,2,13:20,1,2,9
2023010432027,2023,010432027,2,1,1,1,24,5,3,0,0,0,0,0,3,3,E01003562,-1,0,0.0,1.0,-1,3,30,4,4,1,18:50,2,2,3
2023320107880,2023,320107880,1,1,1,1,37,7,3,0,0,0,0,0,5,3,E01026025,-1,0,0.18537,0.81463,-1,6,60,1,1,1,09:58,2,2,5
2023141376351,2023,141376351,2,2,1,1,23,5,3,0,0,0,0,0,9,-1,-1,3,1,0.0,1.0,-1,6,50,2,1,2,13:53,6,2,9
2023471358115,2023,471358115,2,5,2,2,17,4,3,0,0,1,0,0,9,10,E01016132,3,1,0.0,1.0,-1,3,50,1,4,1,19:19,7,2,9
2023991306797,2023,991306797,1,1,2,2,7,2,3,0,0,2,0,0,9,-1,-1,3,1,0.0,1.0,-1,3,50,1,1,1,17:55,6,1,9
2023010463451,2023,010463451,2,1,1,1,57,9,2,0,0,0,0,0,1,6,E01004634,-1,0,1.0,0.0,-1,6,20,1,4,1,06:00,6,2,1
2023201378639,2023,201378639,1,1,3,1,14,3,3,5,3,0,0,0,0,9,E01009459,3,1,0.0,1.0,-1,6,30,1,1,1,18:27,2,1,9
2023010443736,2023,010443736,2,1,1,1,35,6,3,0,0,0,0,0,1,10,E01003805,-1,0,0.0,1.0,-1,6,20,1,1,1,17:30,5,2,1
2023991310470,2023,991310470,1,1,1,1,49,8,2,0,0,0,0,0,1,8,-1,6,1,1.0,0.0,-1,3,30,1,1,1,08:32,3,2,1
2023031291480,2023,031291480,1,1,3,2,13,3,3,5,1,0,0,2,0,-1,-1,3,1,0.0,1.0,-1,6,30,2,1,2,16:00,3,1,9
2023131380577,2023,131380577,1,1,3,2,12,3,3,10,7,0,0,1,0,10,E01011196,3,1,0.0,1.0,-1,6,20,9,1,2,15:45,3,1,9
2023010450527,2023,010450527,1,1,1,2,23,5,3,0,0,0,0,0,3,5,E01033732,-1,0,0.0,1.0,-1,6,20,1,1,1,13:12,6,2,3
2023544309523,2023,544309523,2,1,1,2,22,5,3,0,0,0,0,0,3,2,E01015541,-1,0,0.03229,0.96771,-1,1,30,9,1,1,05:30,1,2,3
2023122301092,2023,122301092,1,1,3,1,25,5,2,5,3,0,0,0,0,4,E01027910,-1,0,1.0,0.0,-1,1,20,8,4,2,23:33,7,1,19
2023991379673,2023,991379673,1,1,3,1,15,3,3,5,1,0,0,0,0,3,-1,3,1,0.0,1.0,-1,6,30,2,4,2,21:27,2,1,9
2023451383448,2023,451383448,1,1,3,2,51,8,2,8,8,0,0,0,0,10,E01030370,7,1,1.0,0.0,-1,6,30,7,1,4,08:30,4,1,9
2023991259464,2023,991259464,2,1,1,1,59,9,3,0,0,0,0,0,1,2,-1,3,1,0.0,1.0,-1,3,30,1,1,2,10:30,4,2,1
2023552300158,2023,552300158,2,1,1,1,24,5,3,0,0,0,0,0,1,6,E01015454,-1,0,0.11339,0.88661,-1,6,30,1,1,1,08:31,2,2,1
2023320451045,2023,320451045,2,1,1,1,64,9,3,0,0,0,0,0,5,6,E01026329,-1,0,0.04789,0.95211,-1,6,30,9,1,1,11:45,2,2,5
202360A067594,2023,60A067594,5,1,1,1,51,8,2,0,0,0,0,0,5,-1,-1,-1,0,1.0,0.0,-1,6,60,1,1,1,15:10,1,6,5
2023201307382,2023,201307382,2,1,1,2,46,8,3,0,0,0,0,0,4,3,E01029397,3,1,0.0,1.0,-1,3,40,1,4,1,21:13,4,2,4
2023421317106,2023,421317106,1,1,1,1,61,9,2,0,0,0,0,0,5,7,E01033143,6,1,1.0,0.0,-1,6,30,1,1,1,12:33,7,1,5
2023061305606,2023,061305606,2,1,1,1,34,6,3,0,0,0,0,0,9,2,E01004879,3,1,0.0,1.0,-1,6,30,1,1,1,17:45,7,2,9
2023211373878,2023,211373878,2,1,1,2,54,8,3,0,0,0,0,0,9,7,E01014362,3,1,0.0,1.0,-1,6,30,1,1,1,11:48,5,2,9
2023302301120,2023,302301120,1,1,2,1,34,6,2,0,0,1,0,0,9,1,E01012001,-1,0,1.0,0.0,-1,1,70,2,4,2,04:00,7,1,9
2023010424588,2023,010424588,1,1,1,1,30,6,3,0,0,0,0,0,19,8,E01016138,-1,0,0.0,1.0,-1,6,30,1,1,1,11:10,3,2,19
2023010435135,2023,010435135,1,1,2,2,78,11,3,0,0,0,4,0,11,3,E01001262,-1,0,0.0,1.0,-1,6,20,2,1,2,10:16,6,1,11
2023461347435,2023,461347435,2,1,1,1,26,6,3,0,0,0,0,0,9,4,E01024587,3,1,0.0,1.0,-1,6,30,1,1,1,16:26,2,2,9
2023201376016,2023,201376016,2,1,2,2,27,6,3,0,0,1,0,0,9,1,E01009502,3,1,0.0,1.0,-1,6,30,1,1,1,12:20,2,2,9
2023361412510,2023,361412510,3,3,1,2,28,6,3,0,0,0,0,0,9,4,E01026731,3,1,0.0,1.0,-1,6,60,1,6,2,17:25,7,3,9
2023371276875,2023,371276875,2,2,1,1,23,5,3,0,0,0,0,0,9,6,E01030041,3,1,0.0,1.0,-1,6,60,1,6,2,16:40,5,3,9
2023010453616,2023,010453616,1,1,1,2,35,6,3,0,0,0,0,0,9,4,E01001518,-1,0,0.0,1.0,-1,6,20,1,1,1,18:20,5,3,9
2023211331581,2023,211331581,2,1,1,2,84,11,3,0,0,0,0,0,9,9,E01029521,3,1,0.0,1.0,-1,6,40,1,1,1,16:29,5,2,9
2023371390361,2023,371390361,2,2,1,2,70,10,1,0,0,0,0,0,9,8,E01030145,1,1,0.0,0.0,-1,6,60,1,6,2,19:30,3,2,9
2023411391336,2023,411391336,1,1,1,1,24,5,3,0,0,0,0,0,9,6,E01023751,3,1,0.0,1.0,-1,3,70,1,6,1,18:35,5,4,9
2023201372720,2023,201372720,2,2,2,2,37,7,3,0,0,0,4,0,11,2,E01009942,3,1,0.0,1.0,-1,6,30,1,1,1,17:27,4,2,11
2023010442380,2023,010442380,1,1,1,1,38,7,3,0,0,0,0,0,97,10,E01030439,-1,0,0.0,1.0,-1,6,20,2,1,2,18:10,4,2,97
2023010426133,2023,010426133,2,2,2,2,47,8,3,0,0,1,0,0,9,3,E01003531,-1,0,0.0,1.0,-1,3,30,1,1,1,15:12,4,2,9
2023070198128,2023,070198128,2,1,1,2,86,11,3,0,0,0,0,0,9,-1,-1,-1,0,0.07506,0.92494,-1,3,70,3,1,2,12:37,4,2,9
2023991363283,2023,991363283,1,1,1,1,48,8,3,0,0,0,0,0,9,5,-1,3,1,0.0,1.0,-1,3,70,1,1,1,08:44,2,2,9
2023010431909,2023,010431909,1,1,2,2,-1,-1,3,0,0,2,0,0,9,8,E01004075,-1,0,0.0,1.0,-1,9,30,9,4,9,23:45,7,1,9
2023211302458,2023,211302458,2,1,1,2,42,7,3,0,0,0,0,0,9,6,E01013495,3,1,0.0,1.0,-1,6,40,1,1,1,09:50,6,2,9
2023351302720,2023,351302720,2,1,1,2,40,7,3,0,0,0,0,0,9,7,E01018043,3,1,0.0,1.0,-1,1,60,1,1,1,15:10,2,3,9
2023430082118,2023,430082118,1,1,1,1,23,5,3,0,0,0,0,0,9,5,E01002443,-1,0,0.00687,0.99313,-1,2,30,2,1,2,08:20,4,2,9
2023520400950,2023,520400950,1,1,1,1,22,5,2,0,0,0,0,0,9,6,E01029156,-1,0,1.0,0.0,-1,3,50,1,6,2,20:24,4,1,9
2023010454756,2023,010454756,1,1,1,1,53,8,3,0,0,0,0,0,19,4,E01001325,-1,0,0.0,1.0,-1,3,20,1,1,1,10:50,4,2,19
2023041315163,2023,041315163,1,1,1,1,28,6,3,0,0,0,0,0,9,7,E01012747,3,1,0.0,1.0,-1,6,30,1,6,1,00:50,4,2,9
2023320416300,2023,320416300,1,2,2,1,20,4,3,0,0,1,0,0,9,4,E01026759,-1,0,0.03901,0.96099,-1,6,30,1,1,1,10:45,5,2,9
2023221335916,2023,221335916,2,4,2,1,20,4,3,0,0,1,0,0,9,5,E01032328,3,1,0.0,1.0,-1,6,30,1,1,1,09:25,2,2,9
2023351374774,2023,351374774,1,1,1,1,51,8,3,0,0,0,0,0,9,5,E01017974,3,1,0.0,1.0,-1,6,60,2,6,2,01:10,6,2,9
2023052303003,2023,052303003,1,1,1,2,32,6,3,0,0,0,0,0,9,6,E01012414,-1,0,0.02448,0.97552,-1,6,30,1,1,2,14:40,6,2,9
2023131371311,2023,131371311,2,3,2,1,7,2,3,0,0,2,0,0,9,6,E01011083,3,1,0.0,1.0,-1,6,30,1,4,1,19:17,1,2,9
2023332300090,2023,332300090,1,2,2,1,19,4,2,0,0,1,0,0,9,3,E01031012,-1,0,1.0,0.0,-1,6,40,1,6,1,23:20,6,1,9
2023401307925,2023,401307925,1,1,1,2,35,6,3,0,0,0,0,0,9,8,E01017461,3,1,0.0,1.0,-1,6,60,1,1,1,13:30,1,2,9
2023201400641,2023,201400641,1,1,3,2,10,2,3,2,2,0,0,0,0,3,E01010422,3,1,0.0,1.0,-1,6,20,1,1,1,19:51,5,1,9
2023451329796,2023,451329796,1,1,1,1,42,7,2,0,0,0,0,0,1,10,E01030314,7,1,1.0,0.0,-1,6,20,1,1,2,10:40,7,1,1
2023041299078,2023,041299078,1,1,1,1,64,9,2,0,0,0,0,0,5,2,E01006262,5,1,1.0,0.0,-1,6,60,1,1,1,13:05,3,1,5
2023440226421,2023,440226421,2,1,1,1,50,8,3,0,0,0,0,0,1,7,E01017094,-1,0,0.1642,0.8358,-1,6,30,1,1,1,08:28,5,2,1
2023010465379,2023,010465379,2,1,1,1,21,5,3,0,0,0,0,0,3,3,E01000640,-1,0,0.0,1.0,-1,3,20,1,1,1,17:24,2,2,3
2023070030914,2023,070030914,1,1,1,1,42,7,3,0,0,0,0,0,4,1,E01012407,-1,0,0.20164,0.79836,-1,7,40,4,1,2,08:01,4,1,4
2023320743868,2023,320743868,1,1,1,2,22,5,3,0,0,0,0,0,1,9,E01026301,-1,0,0.14368,0.85632,-1,6,30,1,4,1,19:45,7,2,1
2023101270709,2023,101270709,2,1,1,2,49,8,3,0,0,0,0,0,9,8,E01027446,3,1,0.0,1.0,-1,3,70,1,1,2,15:15,3,2,9
2023421365657,2023,421365657,2,1,1,1,32,6,3,0,0,0,0,0,9,6,E01029951,3,1,0.0,1.0,-1,7,70,1,1,1,12:35,1,2,9
2023451291845,2023,451291845,1,1,1,1,76,11,3,0,0,0,0,0,9,9,E01030317,3,1,0.0,1.0,-1,6,40,1,1,1,15:02,4,1,9
2023010439664,2023,010439664,1,1,3,2,56,9,2,5,1,0,0,0,0,8,E01004171,-1,0,1.0,0.0,-1,6,30,1,1,1,09:00,4,1,9
2023401281353,2023,401281353,1,1,3,2,18,4,3,10,1,0,0,0,0,2,E01015727,3,1,0.0,1.0,-1,3,20,1,1,-1,15:20,5,1,9
2023461303568,2023,461303568,1,1,3,2,12,3,3,5,1,0,0,0,0,3,E01024149,3,1,0.0,1.0,-1,3,30,1,1,1,08:17,3,1,9
202354A384223,2023,54A384223,2,1,1,1,58,9,3,0,0,0,0,0,3,6,E01032051,-1,0,0.14682,0.85318,-1,6,30,1,1,1,18:05,7,2,3
2023461338991,2023,461338991,2,1,1,1,43,7,3,0,0,0,0,0,9,9,E01001104,3,1,0.0,1.0,-1,6,30,1,1,1,10:48,2,2,9
2023440497118,2023,440497118,3,2,2,2,27,6,3,0,0,0,0,0,19,2,E01017108,-1,0,0.0596,0.9404,-1,3,70,1,4,2,18:10,3,3,19
2023061329897,2023,061329897,1,1,1,1,30,6,3,0,0,0,0,0,9,1,E01006027,3,1,0.0,1.0,-1,1,30,1,1,1,12:45,1,2,9
2023471390239,2023,471390239,1,1,1,2,38,7,1,0,0,0,0,0,9,5,E01031585,1,1,0.0,0.0,-1,7,70,2,1,2,12:00,3,1,9
2023061367520,2023,061367520,1,1,3,1,28,6,3,6,9,0,0,2,0,6,E01018394,3,1,0.0,1.0,-1,6,30,1,1,1,08:40,5,1,9
2023610009023,2023,610009023,1,1,3,2,71,10,2,5,1,0,0,0,0,-1,-1,-1,0,1.0,0.0,-1,6,30,1,1,1,15:28,5,1,11
2023010446449,2023,010446449,1,1,1,1,18,4,3,0,0,0,0,0,1,4,E01001087,-1,0,0.0,1.0,-1,3,20,1,1,1,18:06,5,2,1
2023010463015,2023,010463015,2,2,1,1,48,8,3,0,0,0,0,0,8,3,E01004709,-1,0,0.0,1.0,-1,6,30,1,1,1,16:45,3,2,8
2023010469619,2023,010469619,1,1,2,2,44,7,3,0,0,1,0,0,9,8,E01002320,-1,0,0.0,1.0,-1,3,40,1,4,2,23:22,2,2,9
2023031318794,2023,031318794,1,1,1,1,34,6,2,0,0,0,0,0,9,3,E01033683,7,1,1.0,0.0,-1,6,30,1,1,1,12:53,4,2,9
2023430251732,2023,430251732,2,2,1,1,39,7,3,0,0,0,0,0,9,2,E01028435,-1,0,0.02969,0.97031,-1,6,40,1,1,1,14:37,5,2,9
2023421310523,2023,421310523,1,6,1,1,37,7,3,0,0,0,0,0,20,5,E01021741,3,1,0.0,1.0,-1,6,50,1,1,1,11:38,3,2,20
2023522400355,2023,522400355,1,1,3,1,25,5,2,6,9,0,0,0,0,1,E01014647,-1,0,1.0,0.0,-1,6,30,1,4,2,19:15,4,1,19
2023041337077,2023,041337077,2,1,1,1,75,10,2,0,0,0,0,0,9,4,E01033281,7,1,1.0,0.0,-1,6,30,1,1,1,11:54,1,2,9
2023061379791,2023,061379791,1,1,2,1,30,6,2,0,0,1,0,0,9,-1,-1,7,1,1.0,0.0,-1,6,30,1,4,2,21:10,3,2,9
2023311314404,2023,311314404,2,3,2,1,31,6,3,0,0,1,0,0,9,10,E01028384,3,1,0.0,1.0,-1,3,30,1,1,1,18:00,6,2,9
2023531353320,2023,531353320,2,1,1,1,62,9,3,0,0,0,0,0,9,10,E01022354,3,1,0.0,1.0,-1,7,70,1,1,1,17:30,6,3,9
2023610010123,2023,610010123,3,2,2,1,38,7,3,0,0,0,0,0,9,9,E01014851,-1,0,0.03446,0.96554,-1,3,70,1,1,1,16:03,5,4,9
2023340NN9012,2023,340NN9012,2,1,1,1,23,5,1,0,0,0,0,0,19,10,E01027116,-1,0,0.0,0.0,-1,6,30,1,4,2,05:45,3,2,19
2023061289295,2023,061289295,2,1,1,1,50,8,3,0,0,0,0,0,9,1,E01005194,3,1,0.0,1.0,-1,6,30,8,6,2,18:10,1,2,9
2023991373182,2023,991373182,1,1,1,2,73,10,2,0,0,0,0,0,9,-1,-1,5,1,1.0,0.0,-1,6,60,1,1,1,15:50,6,3,9
2023461322306,2023,461322306,1,1,1,1,17,4,2,0,0,0,0,0,9,6,E01024207,7,1,1.0,0.0,-1,6,30,1,1,1,16:13,6,2,9
2023302301308,2023,302301308,2,1,1,1,36,7,3,0,0,0,0,0,1,1,E01033167,-1,0,0.09435,0.90565,-1,6,30,1,1,1,15:40,3,2,1
2023010431615,2023,010431615,1,1,1,1,21,5,3,0,0,0,0,0,3,3,E01002808,-1,0,0.0,1.0,-1,9,30,2,4,2,18:30,4,2,3
2023501344655,2023,501344655,1,2,3,2,27,6,3,9,5,0,0,0,0,-1,-1,3,1,0.0,1.0,-1,9,30,1,4,1,23:25,7,2,9
2023010450197,2023,010450197,2,1,1,2,29,6,3,0,0,0,0,0,1,5,E01002118,-1,0,0.0,1.0,-1,6,30,2,1,2,07:15,3,2,1
2023302300492,2023,302300492,2,1,1,1,37,7,3,0,0,0,0,0,2,3,E01013474,-1,0,0.08629,0.91371,-1,6,30,1,1,1,16:32,7,2,2
2023131340654,2023,131340654,2,1,1,2,32,6,3,0,0,0,0,0,1,3,E01033005,3,1,0.0,1.0,-1,6,30,1,1,1,15:37,5,2,1
2023221370289,2023,221370289,2,1,1,1,22,5,3,0,0,0,0,0,9,4,E01020087,3,1,0.0,1.0,-1,3,70,1,1,2,17:20,6,2,9
2023351298996,2023,351298996,1,1,1,1,56,9,2,0,0,0,0,0,9,8,E01028647,6,1,1.0,0.0,-1,3,70,1,1,1,09:34,3,1,9
2023552301213,2023,552301213,2,2,2,2,16,4,3,0,0,1,0,0,9,2,E01015304,-1,0,0.06069,0.93931,-1,6,60,1,1,1,13:48,2,2,9
2023201315756,2023,201315756,1,1,1,1,12,3,3,0,0,0,0,0,1,1,E01009051,3,1,0.0,1.0,-1,3,30,1,1,1,20:25,4,2,1
2023101374504,2023,101374504,2,1,1,1,28,6,3,0,0,0,0,0,9,10,E01027458,3,1,0.0,1.0,-1,6,30,9,1,2,13:30,7,2,9
2023471386948,2023,471386948,2,2,1,2,49,8,3,0,0,0,0,0,9,7,E01031500,3,1,0.0,1.0,-1,6,60,1,6,2,17:50,2,2,9
2023010480912,2023,010480912,2,1,1,1,84,11,3,0,0,0,0,0,22,2,E01002314,-1,0,0.0,1.0,-1,3,40,1,1,1,11:55,4,2,22