collision_index,collision_year,collision_ref_no,vehicle_reference,casualty_reference,casualty_class,sex_of_casualty,age_of_casualty,age_band_of_casualty,casualty_severity,pedestrian_location,pedestrian_movement,car_passenger,bus_or_coach_passenger,pedestrian_road_maintenance_worker,casualty_type,casualty_imd_decile,lsoa_of_casualty,enhanced_casualty_severity,casualty_injury_based,casualty_adjusted_severity_serious,casualty_adjusted_severity_slight,casualty_distance_banding,road_type,speed_limit,weather_conditions,light_conditions,road_surface_conditions,time,day_of_week,number_of_vehicles,vehicle_type
2023221383948,2023,221383948,1,1,1,2,29,6,3,0,0,0,0,0,9,9,E01032143,3,1,0.0,1.0,-1,6,60,1,1,4,08:00,4,1,9
2023461339732,2023,461339732,1,1,1,1,21,5,3,0,0,0,0,0,9,9,E01024331,3,1,0.0,1.0,-1,6,60,1,1,1,17:33,4,2,9
2023991392132,2023,991392132,1,2,2,1,10,2,2,0,0,2,0,0,9,10,-1,7,1,1.0,0.0,-1,3,70,2,4,2,16:12,2,1,9
2023010462816,2023,010462816,2,1,1,1,55,8,3,0,0,0,0,0,19,6,E01000329,-1,0,0.0,1.0,-1,6,30,1,1,1,12:18,2,2,19
2023010483619,2023,010483619,2,1,1,1,21,5,2,0,0,0,0,0,90,2,E01004455,-1,0,1.0,0.0,-1,6,30,2,4,2,15:16,3,2,90
2023010442682,2023,010442682,2,3,2,1,15,3,3,0,0,2,0,0,9,2,E01003350,-1,0,0.0,1.0,-1,6,20,1,4,1,00:50,7,3,9
2023010463579,2023,010463579,1,1,1,1,50,8,3,0,0,0,0,0,9,-1,-1,-1,0,0.0,1.0,-1,3,30,1,1,1,18:30,6,3,9
2023010473600,2023,010473600,1,1,1,2,44,7,3,0,0,0,0,0,9,2,E01000941,-1,0,0.0,1.0,-1,3,70,1,1,1,11:54,2,3,9
2023201391752,2023,201391752,2,1,1,1,34,6,3,0,0,0,0,0,9,-1,-1,3,1,0.0,1.0,-1,6,30,1,1,1,13:59,5,2,9
2023320340692,2023,320340692,1,2,1,2,27,6,3,0,0,0,0,0,9,9,E01025299,-1,0,0.0416,0.9584,-1,6,60,1,1,1,14:00,1,2,9
2023122301089,2023,122301089,2,2,1,1,66,10,3,0,0,0,0,0,9,5,E01012160,-1,0,0.12058,0.87942,-1,6,60,1,1,1,15:09,4,2,9
2023371377605,2023,371377605,2,1,1,1,26,6,3,0,0,0,0,0,1,1,E01030021,3,1,0.0,1.0,-1,6,30,1,1,1,14:53,7,2,1
2023122400106,2023,122400106,2,1,1,1,61,9,3,0,0,0,0,0,10,2,E01005721,-1,0,0.01956,0.98044,-1,6,30,1,4,2,17:30,2,2,10
2023010422670,2023,010422670,1,1,1,1,24,5,3,0,0,0,0,0,3,3,E01000641,-1,0,0.0,1.0,-1,9,20,1,1,1,14:31,6,2,3
2023461263476,2023,461263476,1,1,2,1,68,10,3,0,0,1,0,0,9,4,E01024591,3,1,0.0,1.0,-1,6,30,5,6,2,17:32,7,2,9
202363A024223,2023,63A024223,2,1,1,2,26,6,3,0,0,0,0,0,9,4,W01000718,-1,0,0.01036,0.98964,-1,6,20,2,1,2,17:45,3,2,9
2023461291425,2023,461291425,1,1,1,2,76,11,3,0,0,0,0,0,9,9,E01024338,3,1,0.0,1.0,-1,6,30,1,1,1,11:20,4,2,9
2023421325196,2023,421325196,1,1,1,1,11,3,3,0,0,0,0,0,97,8,E01021717,3,1,0.0,1.0,-1,6,30,1,1,1,13:30,3,2,97
2023231300994,2023,231300994,2,1,1,2,32,6,3,0,0,0,0,0,9,4,E01031079,3,1,0.0,1.0,-1,6,30,1,1,1,11:55,4,2,9
2023520300610,2023,520300610,2,18,2,1,29,6,3,0,0,0,4,0,11,2,E01029109,-1,0,0.05812,0.94188,-1,6,40,1,6,4,06:00,3,3,11
2023351354052,2023,351354052,1,1,3,1,37,7,3,6,9,0,0,0,0,9,E01018027,3,1,0.0,1.0,-1,6,30,1,1,1,17:37,2,1,90
2023991364444,2023,991364444,1,1,3,2,91,11,2,8,3,0,0,2,0,-1,-1,7,1,1.0,0.0,-1,6,30,1,1,1,14:45,4,1,9
2023061313300,2023,061313300,2,1,1,1,51,8,3,0,0,0,0,0,19,8,E01004892,3,1,0.0,1.0,-1,6,30,1,1,1,10:20,6,2,19
2023170M10643,2023,170M10643,1,1,1,1,35,6,2,0,0,0,0,0,5,2,E01012013,-1,0,1.0,0.0,-1,6,30,1,1,1,21:23,1,2,5
2023061282083,2023,061282083,2,1,1,2,72,10,3,0,0,0,0,0,9,5,E01004809,3,1,0.0,1.0,-1,6,30,4,1,1,12:10,3,2,9
2023451274929,2023,451274929,2,1,1,1,59,9,3,0,0,0,0,0,9,8,E01030552,3,1,0.0,1.0,-1,6,40,8,1,1,11:10,6,2,9
2023010439820,2023,010439820,1,1,1,1,48,8,3,0,0,0,0,0,3,2,E01015367,-1,0,0.0,1.0,-1,6,20,1,1,1,11:40,4,2,3
2023101295604,2023,101295604,1,1,1,1,22,5,2,0,0,0,0,0,3,-1,-1,7,1,1.0,0.0,-1,6,40,1,1,1,08:12,3,3,3
2023131286216,2023,131286216,1,1,1,1,55,8,3,0,0,0,0,0,90,6,E01011518,3,1,0.0,1.0,-1,2,30,1,1,2,15:45,1,1,90
2023052300524,2023,052300524,1,1,3,2,8,2,2,6,9,0,0,0,0,1,E01006757,-1,0,1.0,0.0,-1,6,30,1,1,1,08:30,4,1,-1
2023522301054,2023,522301054,1,1,3,2,12,3,3,8,2,0,0,0,0,1,E01014574,-1,0,0.11083,0.88917,-1,6,30,1,1,2,15:25,2,1,9
2023311387394,2023,311387394,1,1,3,1,39,7,3,5,1,0,0,0,0,2,E01028269,3,1,0.0,1.0,-1,6,30,1,4,2,16:30,3,1,9
2023440360334,2023,440360334,1,1,3,1,2,1,3,5,1,0,0,0,0,6,E01022736,-1,0,0.13894,0.86106,-1,6,30,1,1,1,09:14,3,1,19
2023201339221,2023,201339221,2,1,1,2,18,4,3,0,0,0,0,0,9,-1,-1,3,1,0.0,1.0,-1,6,30,1,1,1,12:52,7,3,9
2023311299835,2023,311299835,2,1,1,1,28,6,2,0,0,0,0,0,9,-1,-1,5,1,1.0,0.0,-1,6,30,2,7,2,01:38,1,2,9
2023332301230,2023,332301230,1,1,1,1,60,9,3,0,0,0,0,0,9,10,E01025984,-1,0,0.05458,0.94542,-1,3,70,1,7,1,06:00,3,2,9
2023540622823,2023,540622823,1,1,1,2,76,11,3,0,0,0,0,0,9,10,E01032761,-1,0,0.05974,0.94026,-1,6,30,1,1,1,15:30,4,2,9
202360A125542,2023,60A125542,1,1,1,1,82,11,3,0,0,0,0,0,9,-1,-1,-1,0,0.19336,0.80664,-1,6,30,1,1,1,17:21,3,1,9
2023010449439,2023,010449439,1,1,3,1,65,9,3,5,9,0,0,0,0,3,E01004540,-1,0,0.0,1.0,-1,6,20,9,1,1,18:30,4,1,9
2023311329553,2023,311329553,1,1,1,1,30,6,2,0,0,0,0,0,1,-1,-1,7,1,1.0,0.0,-1,6,30,2,1,2,19:30,6,2,1
2023201422180,2023,201422180,2,1,1,1,45,7,3,0,0,0,0,0,9,2,E01009412,3,1,0.0,1.0,-1,1,30,1,4,1,06:01,7,2,9
2023421365212,2023,421365212,2,2,2,1,26,6,3,0,0,1,0,0,9,2,E01021318,3,1,0.0,1.0,-1,3,40,1,1,2,14:31,6,2,9
2023471318682,2023,471318682,2,2,1,1,35,6,3,0,0,0,0,0,9,10,E01017897,3,1,0.0,1.0,-1,6,60,1,1,1,14:50,4,3,9
202363A022323,2023,63A022323,2,1,2,1,2,1,3,0,0,2,0,0,9,4,W01000931,-1,0,0.03295,0.96705,-1,6,30,5,1,2,14:25,4,2,9
2023010423829,2023,010423829,1,1,1,1,39,7,3,0,0,0,0,0,19,8,E01017747,-1,0,0.0,1.0,-1,2,20,1,1,1,11:20,6,2,19
2023461271313,2023,461271313,2,1,1,2,10,2,2,0,0,0,0,0,-1,2,E01024397,7,1,1.0,0.0,-1,6,30,1,1,1,13:45,7,2,-1
2023031291080,2023,031291080,1,3,2,1,13,3,3,0,0,1,0,0,9,4,E01019218,3,1,0.0,1.0,-1,6,30,1,4,1,20:25,2,2,9
2023201288835,2023,201288835,2,1,1,2,52,8,3,0,0,0,0,0,9,5,E01009774,3,1,0.0,1.0,-1,6,30,1,1,1,12:03,4,3,9
2023340WN0152,2023,340WN0152,1,1,1,1,83,11,3,0,0,0,0,0,9,7,E01027299,-1,0,0.10835,0.89165,-1,6,30,2,1,2,11:49,7,2,9
2023010429221,2023,010429221,2,1,1,1,49,8,3,0,0,0,0,0,1,3,E01002725,-1,0,0.0,1.0,-1,1,30,1,1,1,09:00,1,2,1
2023522300524,2023,522300524,1,1,1,1,25,5,2,0,0,0,0,0,1,9,E01014550,-1,0,1.0,0.0,-1,6,20,1,1,1,18:30,4,2,1
2023471293229,2023,471293229,2,1,1,1,37,7,3,0,0,0,0,0,9,4,E01031344,3,1,0.0,1.0,-1,9,30,1,1,1,09:30,2,2,9
2023010445219,2023,010445219,2,1,1,1,33,6,3,0,0,0,0,0,19,4,E01024284,-1,0,0.0,1.0,-1,3,50,1,1,1,06:30,6,3,19
2023311374771,2023,311374771,1,1,3,2,24,5,3,5,3,0,0,0,0,1,E01028276,3,1,0.0,1.0,-1,6,30,4,1,2,09:00,4,1,9
2023461286489,2023,461286489,1,1,1,2,21,5,3,0,0,0,0,0,9,8,E01016079,3,1,0.0,1.0,-1,6,30,1,1,1,14:15,1,2,9
2023131279836,2023,131279836,2,1,1,1,29,6,3,0,0,0,0,0,-1,3,E01011762,3,1,0.0,1.0,-1,6,30,8,1,1,14:55,5,2,-1
2023421365588,2023,421365588,2,1,1,1,18,4,3,0,0,0,0,0,-1,4,E01021640,3,1,0.0,1.0,-1,1,30,1,1,1,09:00,1,2,-1
2023010456549,2023,010456549,1,1,3,2,24,5,3,5,3,0,0,0,0,8,E01004707,-1,0,0.0,1.0,-1,6,20,1,1,1,17:47,5,1,8
2023010483600,2023,010483600,1,1,3,2,11,3,2,5,4,0,0,0,0,9,E01000761,-1,0,1.0,0.0,-1,2,30,1,4,2,16:00,3,1,9
2023010434283,2023,010434283,1,1,1,2,36,7,3,0,0,0,0,0,3,4,E01001618,-1,0,0.0,1.0,-1,9,20,1,4,1,19:00,7,2,3
2023010474509,2023,010474509,2,1,1,1,18,4,3,0,0,0,0,0,3,3,E01000035,-1,0,0.0,1.0,-1,6,30,2,4,2,21:25,6,2,3
2023430242496,2023,430242496,1,1,1,1,18,4,2,0,0,0,0,0,3,7,E01017878,-1,0,1.0,0.0,-1,6,60,1,1,1,16:39,6,2,3
202363A033823,2023,63A033823,1,1,1,1,58,9,2,0,0,0,0,0,5,-1,-1,-1,0,1.0,0.0,-1,3,70,1,1,1,15:27,2,1,5
2023311321709,2023,311321709,2,1,1,1,70,10,3,0,0,0,0,0,22,1,E01013826,3,1,0.0,1.0,-1,6,30,1,1,1,16:10,5,2,22
2023440290721,2023,440290721,2,1,1,2,13,3,2,0,0,0,0,0,-1,2,E01017241,-1,0,1.0,0.0,-1,6,30,1,1,1,20:00,4,2,-1
2023201363299,2023,201363299,1,1,3,1,17,4,3,9,5,0,0,1,0,1,E01009978,3,1,0.0,1.0,-1,6,30,1,1,1,11:15,4,1,9
2023010470483,2023,010470483,2,1,1,1,60,9,2,0,0,0,0,0,1,6,E01002567,-1,0,1.0,0.0,-1,6,20,1,1,1,14:51,6,2,1
2023010475280,2023,010475280,1,1,1,1,24,5,3,0,0,0,0,0,3,4,E01001087,-1,0,0.0,1.0,-1,9,30,9,1,9,16:05,3,2,3
2023451322480,2023,451322480,1,1,1,2,81,11,3,0,0,0,0,0,9,10,E01030329,3,1,0.0,1.0,-1,6,30,9,1,1,14:02,6,3,9
2023201356840,2023,201356840,2,1,1,2,32,6,2,0,0,0,0,0,22,-1,-1,5,1,1.0,0.0,-1,3,40,1,1,1,09:13,4,2,22
2023351278771,2023,351278771,2,1,1,1,46,8,3,0,0,0,0,0,5,9,E01015598,3,1,0.0,1.0,-1,3,40,1,1,1,12:27,7,2,5
2023451371392,2023,451371392,2,2,1,1,56,9,3,0,0,0,0,0,5,4,E01030503,3,1,0.0,1.0,-1,7,40,1,4,1,19:45,2,2,5
2023010450094,2023,010450094,1,1,3,1,29,6,3,6,9,0,0,0,0,3,E01000368,-1,0,0.0,1.0,-1,9,30,9,1,1,16:30,3,1,19
2023071029006,2023,071029006,1,1,3,1,30,6,3,5,1,0,0,0,0,8,E01018328,-1,0,0.06082,0.93918,-1,2,30,1,1,1,16:18,5,1,9
2023302300918,2023,302300918,2,3,2,2,31,6,3,0,0,1,0,0,9,2,E01019817,-1,0,0.04489,0.95511,-1,6,30,1,1,1,16:20,1,2,9
2023461269526,2023,461269526,1,1,1,1,35,6,3,0,0,0,0,0,9,6,E01024238,3,1,0.0,1.0,-1,6,60,8,6,4,16:59,6,1,9
2023061392106,2023,061392106,1,1,1,1,37,7,2,0,0,0,0,0,9,4,E01004920,6,1,1.0,0.0,-1,6,40,1,1,2,13:36,2,1,9
2023122400047,2023,122400047,1,1,1,2,75,10,2,0,0,0,0,0,9,8,E01027836,-1,0,1.0,0.0,-1,6,60,2,6,2,16:54,5,2,9
2023461320446,2023,461320446,1,2,2,2,18,4,3,0,0,1,0,0,9,1,E01024612,3,1,0.0,1.0,-1,6,40,1,4,1,01:35,7,1,9
202360A172291,2023,60A172291,1,2,2,1,17,4,3,0,0,2,0,0,9,-1,-1,-1,0,0.21547,0.78453,-1,6,60,1,6,2,00:55,7,1,9
2023991304838,2023,991304838,1,1,2,1,16,4,3,0,0,1,0,0,9,-1,-1,3,1,0.0,1.0,-1,6,60,7,6,2,20:00,7,1,9
2023010440964,2023,010440964,1,1,2,1,16,4,3,0,0,0,3,0,11,3,E01004182,-1,0,0.0,1.0,-1,6,30,1,1,1,16:45,4,1,11
2023052303038,2023,052303038,1,1,3,1,44,7,2,1,9,0,0,0,0,1,E01006463,-1,0,1.0,0.0,-1,6,30,1,1,1,16:40,5,1,9
2023411337229,2023,411337229,1,1,3,2,91,11,3,6,9,0,0,0,0,10,E01023586,3,1,0.0,1.0,-1,6,30,1,1,1,14:30,7,1,19
2023101384316,2023,101384316,2,1,1,1,18,4,3,0,0,0,0,0,9,2,E01008602,3,1,0.0,1.0,-1,6,40,1,4,2,02:40,6,2,9
2023461270410,2023,461270410,1,1,1,1,43,7,3,0,0,0,0,0,9,10,E01024751,3,1,0.0,1.0,-1,6,40,1,6,1,23:37,6,1,9
2023122301334,2023,122301334,1,4,2,2,68,10,2,0,0,2,0,0,9,9,E01027792,-1,0,1.0,0.0,-1,6,60,3,6,3,21:04,4,1,9
2023361311336,2023,361311336,2,1,1,2,64,9,3,0,0,0,0,0,9,8,E01030101,3,1,0.0,1.0,-1,6,60,1,1,1,08:10,5,3,9
2023501287441,2023,501287441,3,1,1,1,60,9,3,0,0,0,0,0,9,9,E01015104,3,1,0.0,1.0,-1,3,30,1,4,1,17:48,7,3,9
2023552300381,2023,552300381,1,1,1,1,28,6,2,0,0,0,0,0,1,5,E01015275,-1,0,1.0,0.0,-1,6,30,1,4,1,00:36,7,2,1
202354B889323,2023,54B889323,1,2,1,2,77,11,3,0,0,0,0,0,9,6,E01031971,-1,0,0.06577,0.93423,-1,6,60,1,1,1,13:04,5,2,9
2023010445718,2023,010445718,1,1,3,1,34,6,3,5,3,0,0,0,0,3,E01004763,-1,0,0.0,1.0,-1,6,20,1,1,1,18:55,1,1,9
2023361318539,2023,361318539,1,1,3,1,14,3,2,1,9,0,0,0,0,6,E01026580,7,1,1.0,0.0,-1,6,30,1,1,1,15:12,3,1,9
2023440009647,2023,440009647,1,1,1,1,24,5,3,0,0,0,0,0,1,1,E01022905,-1,0,0.12538,0.87462,-1,6,30,1,1,1,15:09,1,3,1
2023010450268,2023,010450268,1,1,1,1,23,5,3,0,0,0,0,0,3,7,E01021904,-1,0,0.0,1.0,-1,6,30,1,1,1,10:53,3,2,3
2023201311347,2023,201311347,2,1,1,1,22,5,3,0,0,0,0,0,3,2,E01033624,3,1,0.0,1.0,-1,2,30,2,4,2,20:20,5,2,3
2023461342778,2023,461342778,2,1,1,2,41,7,3,0,0,0,0,0,9,4,E01032800,3,1,0.0,1.0,-1,1,30,1,1,1,18:38,5,2,9
2023501299363,2023,501299363,1,1,2,1,50,8,3,0,0,1,0,0,9,4,E01015241,3,1,0.0,1.0,-1,6,30,1,1,1,13:24,2,2,9
2023543063923,2023,543063923,2,1,1,1,53,8,3,0,0,0,0,0,21,4,E01017277,-1,0,0.09474,0.90526,-1,6,60,1,1,1,07:45,4,2,21
2023131360552,2023,131360552,1,1,3,1,53,8,2,10,1,0,0,2,0,-1,-1,7,1,1.0,0.0,-1,6,20,1,1,1,11:15,6,1,9
2023421291172,2023,421291172,1,1,1,1,22,5,3,0,0,0,0,0,3,9,E01021530,3,1,0.0,1.0,-1,6,60,2,1,2,08:23,3,1,3
2023610009923,2023,610009923,2,2,1,1,28,6,3,0,0,1,0,0,9,4,W01001605,-1,0,0.07888,0.92112,-1,6,30,1,1,1,06:41,6,2,9
2023010429447,2023,010429447,1,1,1,2,76,11,3,0,0,0,0,0,9,5,E01000779,-1,0,0.0,1.0,-1,6,20,1,1,1,09:49,2,2,9
2023361313805,2023,361313805,2,1,1,1,25,5,3,0,0,0,0,0,9,8,E01028877,3,1,0.0,1.0,-1,6,60,1,1,1,20:20,5,2,9
2023531344852,2023,531344852,2,1,1,1,56,9,3,0,0,0,0,0,9,7,E01006867,3,1,0.0,1.0,-1,6,60,1,1,1,11:15,4,2,9
2023131388679,2023,131388679,1,1,1,1,45,7,3,0,0,0,0,0,19,3,E01010670,3,1,0.0,1.0,-1,6,20,8,1,2,13:12,6,2,19
2023141281685,2023,141281685,1,1,1,2,41,7,3,0,0,0,0,0,9,3,E01011936,3,1,0.0,1.0,-1,1,50,2,1,2,08:10,4,2,9
2023461369641,2023,461369641,2,1,1,2,34,6,3,0,0,0,0,0,9,5,E01024283,3,1,0.0,1.0,-1,6,30,2,1,2,08:20,3,2,9
2023991346203,2023,991346203,1,1,1,1,84,11,1,0,0,0,0,0,9,6,-1,1,1,0.0,0.0,-1,6,40,1,1,1,07:50,6,1,9
2023522300849,2023,522300849,2,1,1,1,-1,-1,3,0,0,0,0,0,1,-1,-1,-1,0,0.01228,0.98772,-1,6,30,1,1,1,10:30,4,2,1
2023041272438,2023,041272438,2,1,1,1,49,8,3,0,0,0,0,0,9,-1,-1,3,1,0.0,1.0,-1,6,30,1,4,1,23:27,7,2,9
2023122300792,2023,122300792,1,1,1,1,20,4,3,0,0,0,0,0,9,5,E01027594,-1,0,0.08982,0.91018,-1,6,60,2,6,5,23:55,7,1,9
2023131363728,2023,131363728,2,2,2,1,11,3,2,0,0,2,0,0,9,7,E01011013,7,1,1.0,0.0,-1,6,30,1,1,1,08:20,3,2,9
2023221306150,2023,221306150,1,1,1,2,20,4,3,0,0,0,0,0,9,9,E01032289,3,1,0.0,1.0,-1,6,60,1,1,1,07:20,5,3,9
2023991347624,2023,991347624,2,1,1,1,21,5,3,0,0,0,0,0,23,4,-1,3,1,0.0,1.0,-1,6,20,1,1,1,13:00,6,2,23
2023201287021,2023,201287021,1,1,1,1,41,7,3,0,0,0,0,0,9,4,E01009167,3,1,0.0,1.0,-1,6,30,3,4,3,05:53,5,2,9
2023461357518,2023,461357518,1,1,1,1,22,5,3,0,0,0,0,0,9,6,E01024036,3,1,0.0,1.0,-1,6,60,1,1,1,07:34,4,2,9
2023991377328,2023,991377328,2,1,1,2,43,7,3,0,0,0,0,0,9,9,-1,3,1,0.0,1.0,-1,6,40,1,4,1,17:00,3,2,9
2023131267049,2023,131267049,1,1,3,1,32,6,2,5,1,0,0,2,0,4,E01011668,7,1,1.0,0.0,-1,6,20,1,4,1,17:39,2,1,9
2023311259165,2023,311259165,1,1,3,2,48,8,3,5,2,0,0,0,0,-1,-1,3,1,0.0,1.0,-1,6,30,8,1,1,10:17,3,1,3
2023520300610,2023,520300610,2,50,2,2,25,5,2,0,0,0,4,0,11,6,E01032652,-1,0,1.0,0.0,-1,6,40,1,6,4,06:00,3,3,11
2023041347782,2023,041347782,2,1,2,2,18,4,3,0,0,1,0,0,9,6,E01025357,3,1,0.0,1.0,-1,6,30,1,4,1,22:43,6,2,9
2023622300124,2023,622300124,1,1,3,2,48,8,2,4,4,0,0,0,0,4,W01001834,-1,0,1.0,0.0,-1,6,30,1,1,1,10:44,4,1,9
2023010467252,2023,010467252,2,2,1,1,25,5,3,0,0,0,0,0,1,4,E01000477,-1,0,0.0,1.0,-1,6,30,8,1,2,17:25,3,2,1
2023041370462,2023,041370462,1,4,2,1,31,6,3,0,0,1,0,0,9,1,E01033226,3,1,0.0,1.0,-1,6,20,2,4,2,15:00,6,2,9
2023461366307,2023,461366307,2,1,1,2,25,5,3,0,0,0,0,0,9,5,E01024181,3,1,0.0,1.0,-1,1,30,1,1,1,17:20,1,2,9
2023101387268,2023,101387268,1,1,3,1,15,3,3,1,1,0,0,0,0,1,E01008731,3,1,0.0,1.0,-1,6,20,2,1,2,08:10,3,1,9
2023131348675,2023,131348675,1,1,3,2,10,2,3,1,1,0,0,2,0,2,E01011030,3,1,0.0,1.0,-1,3,30,2,1,2,16:47,2,1,9
2023131261153,2023,131261153,2,2,1,1,49,8,3,0,0,0,0,0,8,1,E01010702,3,1,0.0,1.0,-1,6,50,4,1,2,11:00,2,2,8
2023010485838,2023,010485838,1,2,2,-1,-1,-1,3,0,0,2,0,0,9,-1,-1,-1,0,0.0,1.0,-1,3,30,8,1,1,13:38,7,2,9
2023041360536,2023,041360536,2,1,1,2,43,7,2,0,0,0,0,0,9,8,E01025012,7,1,1.0,0.0,-1,3,70,1,4,1,20:45,6,2,9
2023991348010,2023,991348010,2,3,1,2,20,4,2,0,0,0,0,0,9,5,-1,7,1,1.0,0.0,-1,6,40,1,1,1,16:55,7,2,9
2023101333275,2023,101333275,1,1,3,2,75,10,3,5,3,0,0,0,0,10,E01008549,3,1,0.0,1.0,-1,6,20,1,1,1,14:25,3,1,19
2023111295299,2023,111295299,3,1,1,1,30,6,3,0,0,0,0,0,9,5,E01020629,3,1,0.0,1.0,-1,6,30,3,1,3,15:59,3,3,9
2023340NN2932,2023,340NN2932,1,1,1,2,74,10,2,0,0,0,0,0,9,3,E01027175,-1,0,1.0,0.0,-1,6,60,1,1,2,11:09,1,1,9
2023522301288,2023,522301288,2,2,1,1,57,9,3,0,0,0,0,0,9,10,E01026815,-1,0,0.04348,0.95652,-1,3,70,1,1,1,16:22,1,2,9
2023471318682,2023,471318682,1,1,1,2,23,5,3,0,0,0,0,0,19,10,E01024474,3,1,0.0,1.0,-1,6,60,1,1,1,14:50,4,3,19
2023131305909,2023,131305909,2,4,2,1,11,3,3,0,0,2,0,0,9,5,E01010598,3,1,0.0,1.0,-1,6,30,1,1,1,16:09,3,2,9
2023461339732,2023,461339732,2,2,1,1,40,7,3,0,0,0,0,0,9,9,E01024826,3,1,0.0,1.0,-1,6,60,1,1,1,17:33,4,2,9
2023010484820,2023,010484820,1,1,3,2,55,8,3,10,9,0,0,0,0,3,E01003589,-1,0,0.0,1.0,-1,6,30,1,1,1,15:10,2,1,9
2023010438109,2023,010438109,1,1,1,1,59,9,3,0,0,0,0,0,1,10,E01003474,-1,0,0.0,1.0,-1,6,20,1,1,1,15:10,7,2,1
2023131314732,2023,131314732,2,1,1,1,54,8,2,0,0,0,0,0,5,2,E01005981,7,1,1.0,0.0,-1,6,30,1,1,1,13:52,1,2,5
2023201290820,2023,201290820,2,1,1,1,43,7,3,0,0,0,0,0,9,1,E01009047,3,1,0.0,1.0,-1,6,30,9,4,-1,22:31,7,2,9
2023311328264,2023,311328264,1,1,2,2,27,6,3,0,0,1,0,0,9,-1,-1,3,1,0.0,1.0,-1,3,50,2,1,2,13:12,3,1,9
2023221338229,2023,221338229,3,1,1,2,61,9,3,0,0,0,0,0,9,1,W01001201,3,1,0.0,1.0,-1,6,60,2,1,2,14:46,6,4,9
2023421331640,2023,421331640,1,1,1,2,23,5,2,0,0,0,0,0,9,7,E01021531,7,1,1.0,0.0,-1,6,30,2,4,2,21:58,5,2,9
2023010441828,2023,010441828,2,1,1,1,42,7,3,0,0,0,0,0,1,8,E01024519,-1,0,0.0,1.0,-1,6,20,1,1,1,16:29,2,2,1
2023421292748,2023,421292748,1,1,3,1,69,10,3,6,5,0,0,0,0,8,E01022092,3,1,0.0,1.0,-1,2,20,2,1,2,12:25,7,1,9
2023041322924,2023,041322924,1,1,1,1,57,9,3,0,0,0,0,0,1,6,E01025562,3,1,0.0,1.0,-1,6,30,1,1,1,09:05,1,2,1
2023010441215,2023,010441215,1,1,1,1,30,6,2,0,0,0,0,0,5,3,E01001004,-1,0,1.0,0.0,-1,6,30,1,1,1,17:30,5,2,5
2023302301601,2023,302301601,1,1,1,1,28,6,3,0,0,0,0,0,9,-1,-1,-1,0,0.12671,0.87329,-1,6,60,2,4,2,05:26,6,2,9
2023351354675,2023,351354675,1,5,2,1,23,5,3,0,0,1,0,0,9,9,E01018153,3,1,0.0,1.0,-1,6,30,2,6,2,00:51,7,1,9
2023501332458,2023,501332458,1,1,2,1,34,6,2,0,0,1,0,0,9,6,E01018915,7,1,1.0,0.0,-1,6,30,2,4,2,20:30,7,1,9
2023170M11813,2023,170M11813,1,1,3,2,17,4,2,1,1,0,0,0,0,1,E01033468,-1,0,1.0,0.0,-1,6,30,1,1,2,08:05,5,1,11
2023401303844,2023,401303844,2,1,1,1,32,6,3,0,0,0,0,0,9,3,E01017580,3,1,0.0,1.0,-1,6,60,4,6,1,21:00,3,2,9
2023010438882,2023,010438882,1,1,1,1,34,6,2,0,0,0,0,0,2,7,E01002165,-1,0,1.0,0.0,-1,6,30,1,1,1,20:00,7,2,2
2023010433165,2023,010433165,1,1,1,1,22,5,3,0,0,0,0,0,3,2,E01002227,-1,0,0.0,1.0,-1,1,50,1,4,1,23:18,1,2,3
2023061296476,2023,061296476,1,1,2,1,39,7,2,0,0,1,0,0,9,1,E01006052,6,1,1.0,0.0,-1,7,70,1,1,1,13:45,5,1,9
2023052301640,2023,052301640,1,1,3,1,4,1,3,5,4,0,0,0,0,7,E01006947,-1,0,0.1748,0.8252,-1,6,20,1,1,2,19:10,1,1,9
2023010472695,2023,010472695,1,1,1,1,31,6,3,0,0,0,0,0,1,5,E01000131,-1,0,0.0,1.0,-1,9,30,1,1,1,09:40,1,2,1
2023061318588,2023,061318588,2,1,1,1,38,7,3,0,0,0,0,0,5,7,E01005901,3,1,0.0,1.0,-1,6,30,1,1,1,11:42,7,2,5
2023010434560,2023,010434560,1,1,1,2,31,6,3,0,0,0,0,0,9,2,E01003506,-1,0,0.0,1.0,-1,6,30,1,1,1,19:09,7,2,9
2023101326989,2023,101326989,1,1,2,2,39,7,3,0,0,1,0,0,9,-1,-1,3,1,0.0,1.0,-1,6,20,1,1,1,12:52,6,2,9
2023131273562,2023,131273562,2,2,1,1,29,6,2,0,0,0,0,0,9,3,E01005278,7,1,1.0,0.0,-1,3,60,1,6,1,19:27,3,2,9
2023361374644,2023,361374644,1,1,1,1,34,6,3,0,0,0,0,0,9,-1,-1,3,1,0.0,1.0,-1,6,30,1,6,2,22:07,3,2,9
2023411286106,2023,411286106,2,1,1,2,27,6,3,0,0,0,0,0,9,1,E01001559,3,1,0.0,1.0,-1,1,30,2,1,2,13:20,4,2,9
2023010439129,2023,010439129,1,1,2,2,48,8,3,0,0,0,4,0,11,6,E01004534,-1,0,0.0,1.0,-1,6,30,1,1,1,11:24,2,1,11
2023122301281,2023,122301281,1,1,3,-1,38,7,3,6,9,0,0,0,0,5,E01027564,-1,0,0.06064,0.93936,-1,6,30,1,4,1,18:55,6,1,19