collision_index,collision_year,collision_ref_no,vehicle_reference,casualty_reference,casualty_class,sex_of_casualty,age_of_casualty,age_band_of_casualty,casualty_severity,pedestrian_location,pedestrian_movement,car_passenger,bus_or_coach_passenger,pedestrian_road_maintenance_worker,casualty_type,casualty_imd_decile,lsoa_of_casualty,enhanced_casualty_severity,casualty_injury_based,casualty_adjusted_severity_serious,casualty_adjusted_severity_slight,casualty_distance_banding,road_type,speed_limit,weather_conditions,light_conditions,road_surface_conditions,time,day_of_week,number_of_vehicles,vehicle_type
2023010452695,2023,010452695,3,1,1,1,27,6,3,0,0,0,0,0,1,3,E01032583,-1,0,0.0,1.0,-1,1,20,1,4,1,23:53,7,3,1
2023161284203,2023,161284203,1,1,3,1,14,3,3,10,1,0,0,0,0,8,E01012791,3,1,0.0,1.0,-1,6,30,1,1,1,17:00,3,1,9
2023122301195,2023,122301195,1,1,1,1,57,9,3,0,0,0,0,0,1,6,E01027774,-1,0,0.09934,0.90066,-1,6,30,2,4,2,20:00,3,2,1
2023501296030,2023,501296030,1,1,1,2,29,6,2,0,0,0,0,0,9,7,E01019045,7,1,1.0,0.0,-1,6,30,1,7,1,23:50,4,1,9
202360A019999,2023,60A019999,2,3,2,1,55,8,3,0,0,1,0,0,9,-1,-1,-1,0,0.1944,0.8056,-1,6,60,1,6,2,06:45,6,2,9
2023201343753,2023,201343753,1,1,3,1,80,11,2,7,3,0,0,0,0,9,E01009801,7,1,1.0,0.0,-1,6,30,1,4,1,22:38,2,1,9
2023101268684,2023,101268684,1,3,3,2,25,5,3,5,4,0,0,0,0,3,E01008831,3,1,0.0,1.0,-1,3,30,1,4,1,17:30,5,3,3
2023010441837,2023,010441837,1,1,1,1,28,6,3,0,0,0,0,0,1,2,E01000907,-1,0,0.0,1.0,-1,6,20,1,4,1,21:25,1,2,1
2023071299761,2023,071299761,1,1,1,2,60,9,3,0,0,0,0,0,9,3,E01018732,-1,0,0.09228,0.90772,-1,9,60,5,6,2,06:51,5,2,9
2023131312459,2023,131312459,2,3,2,2,61,9,2,0,0,2,0,0,9,7,E01011119,7,1,1.0,0.0,-1,6,40,1,4,1,23:27,1,2,9
2023131268980,2023,131268980,1,1,3,1,4,1,3,5,9,0,0,2,0,5,E01011818,3,1,0.0,1.0,-1,6,30,1,1,1,15:00,4,1,9
2023010442513,2023,010442513,1,1,1,1,28,6,3,0,0,0,0,0,3,4,E01002642,-1,0,0.0,1.0,-1,6,20,1,4,1,22:00,3,2,3
2023131389951,2023,131389951,1,2,2,1,20,4,3,0,0,1,0,0,9,-1,-1,3,1,0.0,1.0,-1,6,30,2,4,2,00:27,3,2,9
2023531425100,2023,531425100,2,1,2,2,41,7,3,0,0,1,0,0,9,6,E01022405,3,1,0.0,1.0,-1,3,60,1,1,1,09:45,3,2,9
2023052302752,2023,052302752,1,2,1,1,24,5,3,0,0,0,0,0,9,1,E01006605,-1,0,0.03966,0.96034,-1,3,30,1,1,1,08:00,4,2,9
2023231297377,2023,231297377,2,1,1,1,28,6,3,0,0,0,0,0,9,5,E01031327,3,1,0.0,1.0,-1,6,30,1,1,1,16:45,3,2,9
2023411302771,2023,411302771,1,1,1,1,38,7,2,0,0,0,0,0,9,7,E01023663,6,1,1.0,0.0,-1,6,50,1,1,1,11:18,2,2,9
2023052302767,2023,052302767,2,4,1,1,18,4,3,0,0,0,0,0,9,10,E01006825,-1,0,0.02226,0.97774,-1,3,40,1,1,2,11:50,6,3,9
2023991292761,2023,991292761,2,1,2,1,60,9,3,0,0,2,0,0,9,7,-1,3,1,0.0,1.0,-1,6,30,1,1,1,10:15,7,2,9
2023101314160,2023,101314160,2,1,2,1,1,1,3,0,0,2,0,0,8,1,E01008327,3,1,0.0,1.0,-1,6,30,1,1,1,17:20,5,2,8
2023122300624,2023,122300624,1,1,1,1,40,7,3,0,0,0,0,0,8,2,E01007517,-1,0,0.04375,0.95625,-1,6,30,1,1,1,14:05,7,2,8
2023421326323,2023,421326323,3,2,2,1,47,8,3,0,0,1,0,0,9,6,E01015925,3,1,0.0,1.0,-1,6,40,1,1,1,14:28,4,3,9
2023501334452,2023,501334452,1,1,2,2,65,9,2,0,0,1,0,0,9,3,E01007351,5,1,1.0,0.0,-1,3,70,1,1,2,10:30,6,1,9
2023522301241,2023,522301241,1,1,1,2,63,9,3,0,0,0,0,0,9,3,W01001430,-1,0,0.00647,0.99353,-1,6,30,1,4,1,22:30,3,2,9
2023631309385,2023,631309385,1,1,2,2,78,11,3,0,0,1,0,0,9,9,W01001934,3,1,0.0,1.0,-1,3,60,1,1,1,15:25,6,2,9
2023622300945,2023,622300945,1,1,1,1,35,6,3,0,0,0,0,0,19,2,W01001023,-1,0,0.06761,0.93239,-1,3,70,2,7,2,00:41,4,1,19
2023052302461,2023,052302461,2,1,1,1,38,7,3,0,0,0,0,0,9,1,E01006443,-1,0,0.01204,0.98796,-1,3,30,1,1,1,18:00,2,2,9
2023052400005,2023,052400005,2,1,1,2,44,7,3,0,0,0,0,0,9,4,E01006242,-1,0,0.01398,0.98602,-1,6,30,2,4,2,18:00,7,2,9
2023231301456,2023,231301456,2,2,1,2,27,6,2,0,0,0,0,0,9,9,E01014965,5,1,1.0,0.0,-1,6,60,1,1,2,16:05,6,2,9
2023302301175,2023,302301175,2,2,2,2,11,3,2,0,0,1,0,0,9,7,E01019472,-1,0,1.0,0.0,-1,6,30,1,1,1,18:30,7,2,9
2023302301886,2023,302301886,1,2,2,1,17,4,3,0,0,1,0,0,9,7,E01019701,-1,0,0.11194,0.88806,-1,6,60,8,1,4,13:20,4,1,9
2023440269607,2023,440269607,1,1,1,2,17,4,3,0,0,0,0,0,9,9,E01023227,-1,0,0.08308,0.91692,-1,6,60,1,1,1,17:35,4,2,9
2023170L10103,2023,170L10103,1,1,1,1,22,5,3,0,0,0,0,0,9,2,E01012216,-1,0,0.13487,0.86513,-1,6,60,1,6,2,21:18,4,1,9
2023302300893,2023,302300893,2,1,1,1,37,7,3,0,0,0,0,0,9,7,E01013783,-1,0,0.00895,0.99105,-1,1,60,1,1,1,16:45,4,2,9
2023421372303,2023,421372303,2,2,1,2,52,8,3,0,0,0,0,0,9,5,E01021399,3,1,0.0,1.0,-1,6,60,1,6,2,18:18,4,2,9
2023141388098,2023,141388098,1,2,1,1,33,6,3,0,0,0,0,0,-1,1,E01007529,3,1,0.0,1.0,-1,6,30,2,4,2,16:10,7,1,-1
2023351324114,2023,351324114,2,2,1,2,37,7,3,0,0,0,0,0,9,6,E01026040,3,1,0.0,1.0,-1,6,60,1,1,1,13:58,6,2,9
2023231305266,2023,231305266,1,1,3,2,75,10,2,10,9,0,0,0,0,6,E01031188,7,1,1.0,0.0,-1,6,20,1,1,1,15:36,7,1,9
2023351363504,2023,351363504,4,1,1,2,31,6,3,0,0,0,0,0,9,7,E01029901,3,1,0.0,1.0,-1,6,30,1,1,1,16:30,3,5,9
2023041364815,2023,041364815,1,1,1,1,58,9,2,0,0,0,0,0,3,5,E01025271,6,1,1.0,0.0,-1,1,60,2,1,2,14:47,7,2,3
2023041261810,2023,041261810,1,1,1,2,51,8,3,0,0,0,0,0,9,5,E01007056,3,1,0.0,1.0,-1,6,30,1,4,2,06:00,4,2,9
2023221324810,2023,221324810,2,2,1,2,18,4,3,0,0,0,0,0,9,7,E01032366,3,1,0.0,1.0,-1,6,60,1,1,1,16:20,6,2,9
202360A084207,2023,60A084207,2,2,2,1,18,4,3,0,0,1,0,0,9,-1,-1,-1,0,0.10189,0.89811,-1,6,40,1,4,1,23:03,6,2,9
2023622300347,2023,622300347,2,3,2,2,76,11,2,0,0,1,0,0,9,8,W01000124,-1,0,1.0,0.0,-1,6,30,1,1,1,14:11,5,2,9
2023991296001,2023,991296001,2,2,2,1,26,6,3,0,0,1,0,0,9,-1,-1,3,1,0.0,1.0,-1,3,30,1,1,1,17:50,4,2,9
2023302300959,2023,302300959,1,10,3,1,12,3,3,6,9,0,0,0,0,9,E01019631,-1,0,0.25134,0.74866,-1,6,50,1,6,1,22:40,7,1,9
2023161282112,2023,161282112,2,1,1,1,21,5,3,0,0,0,0,0,1,1,E01012918,3,1,0.0,1.0,-1,6,30,1,4,2,07:30,5,2,1
2023320581687,2023,320581687,1,1,1,1,20,4,3,0,0,0,0,0,5,3,E01026174,-1,0,0.14742,0.85258,-1,6,30,1,1,1,18:20,2,2,5
2023991359260,2023,991359260,2,3,2,1,40,7,3,0,0,2,0,0,8,-1,-1,3,1,0.0,1.0,-1,6,60,5,1,2,09:30,4,2,8
2023010465285,2023,010465285,1,1,1,2,31,6,3,0,0,0,0,0,9,5,E01000747,-1,0,0.0,1.0,-1,6,30,1,1,1,11:50,2,2,9
2023041276090,2023,041276090,2,2,2,2,73,10,3,0,0,1,0,0,9,5,E01025206,3,1,0.0,1.0,-1,1,30,1,1,1,10:50,3,2,9
2023122400013,2023,122400013,1,1,1,2,27,6,3,0,0,0,0,0,9,8,E01013343,-1,0,0.02952,0.97048,-1,6,30,1,1,2,09:24,1,2,9
2023161370760,2023,161370760,1,1,1,2,61,9,3,0,0,0,0,0,9,2,E01013128,3,1,0.0,1.0,-1,3,70,2,6,2,21:21,7,2,9
2023221296847,2023,221296847,1,1,1,2,20,4,2,0,0,0,0,0,9,-1,-1,6,1,1.0,0.0,-1,6,60,1,1,2,19:15,6,2,9
2023311265123,2023,311265123,1,1,1,2,20,4,3,0,0,0,0,0,9,7,E01019479,3,1,0.0,1.0,-1,3,70,1,4,2,17:14,4,2,9
2023520301208,2023,520301208,1,1,2,2,18,4,3,0,0,1,0,0,9,3,E01032635,-1,0,0.13134,0.86866,-1,6,60,2,6,2,03:47,6,1,9
2023991335264,2023,991335264,1,1,1,1,33,6,2,0,0,0,0,0,9,9,-1,6,1,1.0,0.0,-1,6,30,1,1,1,13:25,7,5,9
2023201378750,2023,201378750,1,1,3,1,64,9,3,1,1,0,0,0,0,2,E01010463,3,1,0.0,1.0,-1,6,30,1,1,1,12:20,4,1,9
2023010450269,2023,010450269,1,1,1,1,42,7,3,0,0,0,0,0,1,7,E01000818,-1,0,0.0,1.0,-1,6,30,2,1,2,06:45,3,2,1
2023451288010,2023,451288010,2,1,1,1,18,4,3,0,0,0,0,0,1,6,E01030765,3,1,0.0,1.0,-1,3,40,2,4,2,22:36,5,2,1
2023010463412,2023,010463412,1,1,1,1,32,6,3,0,0,0,0,0,3,1,E01016111,-1,0,0.0,1.0,-1,9,50,1,1,1,16:40,5,2,3
2023071317362,2023,071317362,2,2,2,1,57,9,3,0,0,1,0,0,9,4,E01005059,-1,0,0.03482,0.96518,-1,3,70,5,1,2,13:15,2,2,9
2023201453276,2023,201453276,1,1,1,2,19,4,3,0,0,0,0,0,9,8,E01010352,3,1,0.0,1.0,-1,6,30,2,4,2,22:47,7,2,9
2023052302933,2023,052302933,2,1,1,1,36,7,2,0,0,0,0,0,1,3,E01006722,-1,0,1.0,0.0,-1,6,30,1,4,1,18:45,7,2,1
2023471276798,2023,471276798,1,1,1,2,38,7,3,0,0,0,0,0,3,6,E01024238,3,1,0.0,1.0,-1,6,60,1,6,1,18:23,4,1,3
2023052300049,2023,052300049,2,1,1,1,59,9,3,0,0,0,0,0,9,8,E01007097,-1,0,0.05678,0.94322,-1,6,30,1,1,2,10:20,4,2,9
2023131311936,2023,131311936,1,1,1,2,30,6,3,0,0,0,0,0,9,8,E01010997,3,1,0.0,1.0,-1,6,30,1,1,1,16:10,6,2,9
2023131318793,2023,131318793,1,1,1,2,43,7,3,0,0,0,0,0,9,4,E01011075,3,1,0.0,1.0,-1,6,30,1,1,1,14:55,4,3,9
2023421314351,2023,421314351,1,2,2,1,16,4,3,0,0,0,0,0,97,-1,-1,3,1,0.0,1.0,-1,6,30,1,1,1,20:19,6,2,97
2023340NN2902,2023,340NN2902,1,3,2,1,14,3,2,0,0,2,0,0,9,-1,-1,-1,0,1.0,0.0,-1,6,40,1,1,1,18:20,5,2,9
2023411333244,2023,411333244,2,1,1,1,65,9,2,0,0,0,0,0,1,9,E01000272,6,1,1.0,0.0,-1,6,60,1,1,1,09:15,7,2,1
2023010422688,2023,010422688,2,1,1,1,26,6,2,0,0,0,0,0,1,4,E01003301,-1,0,1.0,0.0,-1,2,30,1,1,1,10:31,7,2,1
2023311396998,2023,311396998,1,1,1,1,19,4,2,0,0,0,0,0,3,8,E01026200,5,1,1.0,0.0,-1,6,30,2,4,2,05:03,5,1,3
2023010425210,2023,010425210,1,2,2,2,59,9,3,0,0,2,0,0,9,-1,-1,-1,0,0.0,1.0,-1,6,20,1,4,1,19:50,6,4,9
2023122300168,2023,122300168,1,3,2,1,55,8,3,0,0,1,0,0,9,2,E01002077,-1,0,0.10785,0.89215,-1,6,60,4,5,2,21:17,1,2,9
2023421368768,2023,421368768,1,1,3,2,60,9,3,6,9,0,0,0,0,10,E01021754,3,1,0.0,1.0,-1,6,30,1,1,1,11:45,7,1,9
2023471390983,2023,471390983,1,1,3,1,45,7,2,10,1,0,0,0,0,-1,-1,7,1,1.0,0.0,-1,6,30,9,7,1,17:35,2,1,9
2023131260661,2023,131260661,1,1,2,1,73,10,2,0,0,2,0,0,9,1,E01011911,5,1,1.0,0.0,-1,6,30,1,1,1,13:10,6,1,9
2023170H10673,2023,170H10673,1,1,1,2,18,4,3,0,0,0,0,0,9,6,E01011967,-1,0,0.04168,0.95832,-1,6,30,2,4,2,22:32,2,2,9
2023320488811,2023,320488811,2,1,1,1,25,5,2,0,0,0,0,0,9,6,E01026252,-1,0,1.0,0.0,-1,6,50,1,1,1,19:00,2,2,9
2023041364638,2023,041364638,1,1,1,1,24,5,2,0,0,0,0,0,3,4,E01025308,5,1,1.0,0.0,-1,6,60,1,1,2,08:02,5,1,3
2023052300950,2023,052300950,1,1,3,1,21,5,3,6,9,0,0,0,0,2,E01006477,-1,0,0.07389,0.92611,-1,6,30,1,1,1,20:15,7,1,-1
2023010462038,2023,010462038,2,1,1,2,23,5,3,0,0,0,0,0,1,7,E01004496,-1,0,0.0,1.0,-1,6,20,1,1,1,17:45,4,2,1
2023522300525,2023,522300525,1,1,1,1,20,4,3,0,0,0,0,0,3,8,E01014938,-1,0,0.06465,0.93535,-1,6,30,1,4,1,19:05,1,2,3
2023131355356,2023,131355356,2,1,1,2,45,7,3,0,0,0,0,0,9,4,E01011606,3,1,0.0,1.0,-1,6,30,1,1,2,16:40,2,2,9
2023201415573,2023,201415573,1,5,2,2,18,4,3,0,0,2,0,0,9,7,E01009648,3,1,0.0,1.0,-1,6,30,1,1,1,09:53,6,4,9
2023351357371,2023,351357371,1,1,1,2,51,8,3,0,0,0,0,0,9,9,E01018136,3,1,0.0,1.0,-1,6,40,1,6,1,23:25,3,1,9
2023201446009,2023,201446009,1,1,1,1,17,4,3,0,0,0,0,0,9,2,E01029492,3,1,0.0,1.0,-1,6,30,2,4,2,17:21,3,3,9
2023991292094,2023,991292094,2,1,1,1,46,8,3,0,0,0,0,0,9,3,-1,3,1,0.0,1.0,-1,1,30,1,1,1,10:51,4,2,9
2023501350920,2023,501350920,1,6,2,2,28,6,3,0,0,0,-1,0,11,2,E01020269,3,1,0.0,1.0,-1,6,30,1,1,1,15:20,2,2,11
2023221271857,2023,221271857,2,1,1,1,38,7,2,0,0,0,0,0,9,7,E01010219,7,1,1.0,0.0,-1,3,70,1,1,2,11:55,1,2,9
2023430030825,2023,430030825,1,1,1,1,18,4,2,0,0,0,0,0,9,-1,-1,-1,0,1.0,0.0,-1,6,30,1,4,2,02:59,7,1,9
2023471322382,2023,471322382,2,2,1,2,41,7,3,0,0,0,0,0,9,5,E01031599,3,1,0.0,1.0,-1,6,40,1,1,1,18:30,5,2,9
2023501346108,2023,501346108,1,1,1,1,20,4,3,0,0,0,0,0,9,8,E01014544,3,1,0.0,1.0,-1,6,40,2,4,2,03:14,2,1,9
2023430439290,2023,430439290,1,1,1,1,53,8,2,0,0,0,0,0,9,9,E01030688,-1,0,1.0,0.0,-1,3,70,1,1,1,15:28,4,2,9
2023471259209,2023,471259209,1,1,1,2,46,8,3,0,0,0,0,0,9,8,E01021230,3,1,0.0,1.0,-1,6,60,2,6,2,14:30,3,1,9
2023991374923,2023,991374923,2,1,2,1,91,11,3,0,0,1,0,0,9,7,-1,3,1,0.0,1.0,-1,3,60,1,1,1,11:37,7,2,9
2023141276786,2023,141276786,1,1,1,2,35,6,2,0,0,0,0,0,9,4,E01007693,7,1,1.0,0.0,-1,3,30,1,4,1,18:20,4,2,9
2023061381235,2023,061381235,2,1,1,1,24,5,3,0,0,0,0,0,1,1,E01025188,3,1,0.0,1.0,-1,6,30,2,4,2,21:00,5,2,1
2023201420828,2023,201420828,1,1,1,1,25,5,3,0,0,0,0,0,1,4,E01009289,3,1,0.0,1.0,-1,6,30,1,4,1,19:55,3,2,1
2023010466521,2023,010466521,2,1,1,1,27,6,3,0,0,0,0,0,5,2,E01003984,-1,0,0.0,1.0,-1,3,30,1,4,1,22:22,7,2,5
2023131269433,2023,131269433,1,2,3,2,19,4,3,5,2,0,0,2,0,5,E01011184,3,1,0.0,1.0,-1,6,30,8,1,1,15:54,1,1,9
2023170H10583,2023,170H10583,1,1,3,1,10,2,2,5,2,0,0,0,0,1,E01020739,-1,0,1.0,0.0,-1,3,30,1,1,1,16:09,6,1,9
2023340WN6912,2023,340WN6912,2,1,1,1,23,5,3,0,0,0,0,0,3,3,E01027238,-1,0,0.14885,0.85115,-1,6,30,1,1,2,13:27,4,2,3
2023061285939,2023,061285939,2,2,2,1,23,5,3,0,0,2,0,0,9,-1,-1,3,1,0.0,1.0,-1,3,30,2,4,2,04:25,1,3,9
2023201405430,2023,201405430,1,2,2,2,17,4,2,0,0,-1,0,0,9,-1,-1,7,1,1.0,0.0,-1,7,30,1,6,1,23:03,7,1,9
2023451354149,2023,451354149,1,1,1,2,55,8,3,0,0,0,0,0,9,9,E01002994,3,1,0.0,1.0,-1,6,30,1,1,1,15:55,3,2,9
2023031273558,2023,031273558,1,1,1,1,62,9,2,0,0,0,0,0,21,6,-1,6,1,1.0,0.0,-1,6,60,1,6,2,22:15,3,1,21
2023052302007,2023,052302007,1,1,3,1,15,3,2,7,3,0,0,0,0,1,E01006705,-1,0,1.0,0.0,-1,3,30,2,4,2,23:00,7,1,8
2023010427470,2023,010427470,1,1,1,1,29,6,3,0,0,0,0,0,3,2,E01002033,-1,0,0.0,1.0,-1,6,20,1,1,1,16:42,4,2,3
2023131342673,2023,131342673,1,1,1,1,20,4,2,0,0,0,0,0,3,2,E01011281,6,1,1.0,0.0,-1,6,30,1,1,1,13:59,4,2,3
2023221385957,2023,221385957,2,1,1,1,67,10,3,0,0,0,0,0,3,2,E01032333,3,1,0.0,1.0,-1,6,30,2,1,2,13:23,6,2,3
2023522301243,2023,522301243,2,1,1,1,18,4,3,0,0,0,0,0,4,5,E01014812,-1,0,0.02959,0.97041,-1,1,40,1,1,1,07:08,4,2,4
2023461352142,2023,461352142,1,1,1,1,20,4,3,0,0,0,0,0,9,4,E01023997,3,1,0.0,1.0,-1,6,30,1,1,1,18:10,5,1,9
2023501286139,2023,501286139,2,1,2,2,40,7,3,0,0,1,0,0,9,5,E01015188,3,1,0.0,1.0,-1,6,30,1,1,1,07:35,3,2,9
2023991382286,2023,991382286,1,3,1,1,31,6,3,0,0,0,0,0,9,4,-1,3,1,0.0,1.0,-1,3,40,2,1,2,09:45,2,3,9
2023031261916,2023,031261916,1,1,3,2,24,5,3,1,3,0,0,0,0,3,E01019205,3,1,0.0,1.0,-1,6,30,5,1,2,12:00,3,1,9
2023461339268,2023,461339268,2,1,1,1,38,7,2,0,0,0,0,0,5,5,E01031826,7,1,1.0,0.0,-1,6,60,1,1,1,17:56,1,2,5
2023141299618,2023,141299618,1,2,2,1,-1,-1,3,0,0,1,0,0,9,2,E01007336,3,1,0.0,1.0,-1,6,30,1,4,2,03:57,7,2,9
2023221295250,2023,221295250,1,4,2,1,35,6,3,0,0,2,0,0,9,4,E01028847,3,1,0.0,1.0,-1,6,60,1,1,1,11:59,1,2,9
2023320042285,2023,320042285,3,2,1,2,21,5,3,0,0,0,0,0,9,4,E01026016,-1,0,0.01781,0.98219,-1,6,30,1,1,4,14:02,7,3,9
2023501347981,2023,501347981,2,6,2,1,3,1,3,0,0,-1,0,0,9,4,E01018941,3,1,0.0,1.0,-1,6,60,1,1,2,18:11,6,2,9
2023131376856,2023,131376856,2,1,1,2,39,7,3,0,0,0,0,0,1,4,E01010834,3,1,0.0,1.0,-1,3,40,2,4,2,18:20,2,2,1
2023010427876,2023,010427876,1,1,1,1,24,5,3,0,0,0,0,0,3,2,E01001560,-1,0,0.0,1.0,-1,3,50,1,1,1,12:35,7,2,3
2023122300747,2023,122300747,2,2,1,1,17,4,3,0,0,0,0,0,9,9,E01027632,-1,0,0.08738,0.91262,-1,6,60,2,6,2,22:17,7,2,9
2023371261598,2023,371261598,1,1,1,1,-1,-1,2,0,0,0,0,0,21,5,E01030076,5,1,1.0,0.0,-1,6,30,2,1,2,11:06,3,2,21
2023041309508,2023,041309508,1,3,2,1,85,11,3,0,0,2,0,0,9,4,E01019252,3,1,0.0,1.0,-1,3,70,1,1,1,12:14,7,2,9
2023361280379,2023,361280379,1,1,1,2,32,6,3,0,0,0,0,0,9,3,E01026719,3,1,0.0,1.0,-1,6,60,1,1,2,10:47,7,2,9
2023010455789,2023,010455789,1,1,3,1,54,8,3,5,1,0,0,0,0,-1,-1,-1,0,0.0,1.0,-1,3,40,1,4,1,01:17,3,1,19
2023010443902,2023,010443902,1,3,2,-1,15,3,3,0,0,1,0,0,9,6,E01014952,-1,0,0.0,1.0,-1,3,30,1,1,1,14:00,5,2,9
2023411370170,2023,411370170,1,1,1,2,46,8,3,0,0,0,0,0,9,9,E01022063,3,1,0.0,1.0,-1,6,60,1,6,2,17:33,2,2,9
2023520400043,2023,520400043,2,1,1,1,35,6,3,0,0,0,0,0,1,5,E01029101,-1,0,0.03503,0.96497,-1,7,30,1,1,1,18:45,2,2,1
2023991268966,2023,991268966,1,1,3,1,61,9,2,8,2,0,0,2,0,-1,-1,7,1,1.0,0.0,-1,6,20,1,4,2,18:10,6,1,9
2023101312060,2023,101312060,2,1,1,1,71,10,2,0,0,0,0,0,1,5,E01027503,7,1,1.0,0.0,-1,6,30,1,1,1,19:30,4,2,1
2023010423781,2023,010423781,1,1,1,1,-1,-1,3,0,0,0,0,0,3,2,E01000533,-1,0,0.0,1.0,-1,6,20,9,1,9,14:20,5,2,3
2023421384847,2023,421384847,2,2,1,1,29,6,3,0,0,0,0,0,9,3,E01021860,3,1,0.0,1.0,-1,6,40,1,4,1,17:52,7,2,9
2023440035174,2023,440035174,1,1,1,2,84,11,3,0,0,0,0,0,9,8,E01017183,-1,0,0.11146,0.88854,-1,6,30,1,4,2,17:38,5,1,9
2023991341651,2023,991341651,2,4,1,1,23,5,1,0,0,0,0,0,11,-1,-1,1,1,0.0,0.0,-1,6,60,1,1,1,17:15,2,2,11
2023991280171,2023,991280171,1,1,3,1,31,6,3,4,1,0,0,0,0,1,-1,3,1,0.0,1.0,-1,3,40,1,1,1,11:25,6,1,9
2023471350500,2023,471350500,2,1,1,2,77,11,2,0,0,0,0,0,1,9,E01021225,5,1,1.0,0.0,-1,6,30,1,1,1,08:00,5,2,1
2023361397833,2023,361397833,2,1,1,1,27,6,2,0,0,0,0,0,3,8,E01026530,7,1,1.0,0.0,-1,6,30,1,4,1,17:00,2,2,3
2023221287337,2023,221287337,2,1,1,2,31,6,3,0,0,0,0,0,9,2,E01028962,3,1,0.0,1.0,-1,6,30,1,1,2,17:10,2,2,9
2023631359937,2023,631359937,1,1,3,1,56,9,2,9,7,0,0,2,0,-1,-1,7,1,1.0,0.0,-1,6,20,2,4,2,19:30,5,2,9
2023411310861,2023,411310861,2,1,1,1,48,8,3,0,0,0,0,0,4,4,E01023756,3,1,0.0,1.0,-1,6,30,1,1,-1,09:45,6,2,4
2023421291094,2023,421291094,2,2,2,2,19,4,3,0,0,1,0,0,9,5,E01021874,3,1,0.0,1.0,-1,6,60,1,6,2,21:15,2,2,9
2023311316753,2023,311316753,2,1,1,1,55,8,3,0,0,0,0,0,1,-1,-1,3,1,0.0,1.0,-1,6,40,1,1,1,09:30,7,2,1
2023010458963,2023,010458963,1,1,1,1,40,7,3,0,0,0,0,0,3,4,E01000932,-1,0,0.0,1.0,-1,2,20,1,1,1,19:20,6,2,3
2023041288035,2023,041288035,1,2,1,2,46,8,3,0,0,0,0,0,9,4,E01024919,3,1,0.0,1.0,-1,6,40,2,1,2,08:45,4,2,9
2023411403721,2023,411403721,1,1,1,1,29,6,3,0,0,0,0,0,9,4,E01021837,3,1,0.0,1.0,-1,6,60,5,6,2,23:58,7,2,9
2023451287814,2023,451287814,1,1,1,1,33,6,3,0,0,0,0,0,9,6,E01030455,3,1,0.0,1.0,-1,6,60,8,1,2,08:14,6,2,9
2023520301295,2023,520301295,1,3,2,1,30,6,3,0,0,2,0,0,9,-1,-1,-1,0,0.0479,0.9521,-1,6,50,2,6,2,19:19,4,2,9
2023552300474,2023,552300474,2,1,1,2,39,7,3,0,0,0,0,0,9,5,E01015286,-1,0,0.01727,0.98273,-1,6,30,2,1,2,14:39,5,3,9
2023161280526,2023,161280526,1,1,1,1,38,7,3,0,0,0,0,0,19,2,E01013332,3,1,0.0,1.0,-1,3,70,1,4,2,19:57,7,2,19
2023520401059,2023,520401059,1,1,3,2,33,6,3,5,3,0,0,0,0,5,E01029094,-1,0,0.09301,0.90699,-1,6,30,5,1,2,15:00,5,1,9
2023552300851,2023,552300851,1,1,3,1,23,5,2,8,3,0,0,0,0,2,E01015341,-1,0,1.0,0.0,-1,6,30,1,4,1,20:55,4,1,9
2023010438637,2023,010438637,2,1,1,1,49,8,3,0,0,0,0,0,1,-1,-1,-1,0,0.0,1.0,-1,6,20,1,1,1,14:55,6,2,1
2023320501610,2023,320501610,1,1,2,1,41,7,3,0,0,1,0,0,9,1,E01026010,-1,0,0.09956,0.90044,-1,6,60,1,1,1,14:00,1,2,9
2023411390168,2023,411390168,1,1,2,1,31,6,3,0,0,-1,0,0,9,7,E01023960,3,1,0.0,1.0,-1,6,30,2,4,2,19:30,2,2,9
2023610020223,2023,610020223,2,2,2,1,17,4,2,0,0,0,0,0,97,1,W01001428,-1,0,1.0,0.0,-1,6,60,1,1,1,15:45,5,2,97
2023010452583,2023,010452583,1,1,1,2,52,8,3,0,0,0,0,0,9,9,E01000765,-1,0,0.0,1.0,-1,1,30,8,1,1,11:50,7,2,9
2023010441667,2023,010441667,2,1,1,2,32,6,2,0,0,0,0,0,1,-1,-1,-1,0,1.0,0.0,-1,6,20,1,1,1,17:24,1,2,1
2023991328810,2023,991328810,1,2,2,2,60,9,2,0,0,2,0,0,9,-1,-1,7,1,1.0,0.0,-1,3,70,2,1,2,16:30,4,2,9
2023161380829,2023,161380829,2,1,1,2,41,7,2,0,0,0,0,0,1,-1,-1,7,1,1.0,0.0,-1,6,30,1,1,1,11:00,5,2,1
2023221324066,2023,221324066,2,1,1,1,19,4,3,0,0,0,0,0,1,9,E01032433,3,1,0.0,1.0,-1,6,30,1,1,1,07:20,4,2,1
2023010457312,2023,010457312,1,1,1,1,35,6,3,0,0,0,0,0,9,5,E01030747,-1,0,0.0,1.0,-1,2,20,1,1,1,10:39,4,1,9
2023161333731,2023,161333731,1,1,1,1,82,11,2,0,0,0,0,0,9,3,E01013282,7,1,1.0,0.0,-1,6,30,1,1,1,13:30,4,2,9
2023501259228,2023,501259228,2,2,2,1,45,7,3,0,0,1,0,0,9,1,E01019041,3,1,0.0,1.0,-1,6,30,5,1,2,11:30,3,2,9