collision_index,collision_year,collision_ref_no,vehicle_reference,casualty_reference,casualty_class,sex_of_casualty,age_of_casualty,age_band_of_casualty,casualty_severity,pedestrian_location,pedestrian_movement,car_passenger,bus_or_coach_passenger,pedestrian_road_maintenance_worker,casualty_type,casualty_imd_decile,lsoa_of_casualty,enhanced_casualty_severity,casualty_injury_based,casualty_adjusted_severity_serious,casualty_adjusted_severity_slight,casualty_distance_banding,road_type,speed_limit,weather_conditions,light_conditions,road_surface_conditions,time,day_of_week,number_of_vehicles,vehicle_type
2023451373428,2023,451373428,1,1,1,1,27,6,3,0,0,0,0,0,5,4,E01002594,3,1,0.0,1.0,-1,6,30,1,1,2,14:57,7,1,5
2023010424244,2023,010424244,1,1,1,2,45,7,3,0,0,0,0,0,9,8,E01000669,-1,0,0.0,1.0,-1,6,20,1,4,1,16:51,1,3,9
2023991338220,2023,991338220,2,1,1,1,35,6,3,0,0,0,0,0,9,3,-1,3,1,0.0,1.0,-1,3,70,1,1,1,13:47,6,3,9
2023302300685,2023,302300685,2,1,1,1,32,6,2,0,0,0,0,0,-1,3,E01013453,-1,0,1.0,0.0,-1,6,30,1,1,1,17:00,5,2,-1
2023421330010,2023,421330010,1,1,1,1,19,4,2,0,0,0,0,0,3,1,E01022031,7,1,1.0,0.0,-1,6,40,1,6,1,03:07,2,1,3
2023461263803,2023,461263803,2,1,1,1,17,4,3,0,0,0,0,0,3,5,E01024623,3,1,0.0,1.0,-1,6,50,2,1,2,08:35,3,2,3
2023461308192,2023,461308192,1,1,2,2,20,4,3,0,0,0,0,0,90,2,E01016018,3,1,0.0,1.0,-1,6,60,1,6,1,20:39,6,2,90
2023131304684,2023,131304684,3,2,3,1,12,3,3,6,9,0,0,2,0,7,E01011524,3,1,0.0,1.0,-1,6,50,1,1,1,10:25,7,4,9
2023131307360,2023,131307360,1,1,3,2,30,6,2,5,1,0,0,2,0,1,E01011293,5,1,1.0,0.0,-1,6,30,1,1,1,10:05,2,1,9
2023501268061,2023,501268061,2,1,1,1,25,5,3,0,0,0,0,0,3,2,E01018977,3,1,0.0,1.0,-1,6,50,2,1,2,14:02,4,2,3
2023461377134,2023,461377134,1,3,3,2,17,4,2,6,9,0,0,0,0,7,E01024380,7,1,1.0,0.0,-1,6,30,1,6,1,21:36,6,2,9
2023070009454,2023,070009454,1,2,3,1,43,7,3,10,8,0,0,0,0,9,E01018688,-1,0,0.09331,0.90669,-1,6,30,1,1,1,14:00,3,1,9
2023131325373,2023,131325373,1,1,1,2,58,9,3,0,0,0,0,0,9,2,E01011251,3,1,0.0,1.0,-1,6,30,2,1,2,10:09,2,2,9
2023161299769,2023,161299769,2,1,1,1,69,10,3,0,0,0,0,0,9,5,E01013313,3,1,0.0,1.0,-1,6,30,1,4,2,21:15,6,2,9
2023522301318,2023,522301318,1,1,1,1,37,7,3,0,0,0,0,0,9,2,E01014664,-1,0,0.00201,0.99799,-1,2,20,1,1,1,12:58,7,2,9
2023010470957,2023,010470957,1,1,1,2,33,6,3,0,0,0,0,0,1,7,E01002972,-1,0,0.0,1.0,-1,6,30,1,1,2,09:28,5,2,1
2023010422706,2023,010422706,1,1,1,1,22,5,3,0,0,0,0,0,9,4,E01021815,-1,0,0.0,1.0,-1,6,40,1,1,1,13:42,7,3,9
2023471340878,2023,471340878,1,1,2,2,34,6,3,0,0,1,0,0,9,3,E01031783,3,1,0.0,1.0,-1,6,40,1,1,1,12:55,6,2,9
2023622300139,2023,622300139,1,5,2,1,17,4,3,0,0,2,0,0,9,3,W01001286,-1,0,0.02279,0.97721,-1,3,30,1,1,1,18:41,1,2,9
2023320319784,2023,320319784,2,1,1,1,54,8,3,0,0,0,0,0,1,4,E01026389,-1,0,0.15578,0.84422,-1,6,30,1,1,1,14:50,5,2,1
2023010468169,2023,010468169,1,1,3,1,40,7,2,6,9,0,0,0,0,4,E01003626,-1,0,1.0,0.0,-1,6,30,5,5,2,19:30,4,1,9
2023010434834,2023,010434834,1,1,1,2,23,5,2,0,0,0,0,0,1,7,E01004586,-1,0,1.0,0.0,-1,6,30,1,1,1,08:50,6,2,1
2023411339441,2023,411339441,2,1,1,2,40,7,3,0,0,0,0,0,9,8,E01023763,3,1,0.0,1.0,-1,1,30,1,1,1,10:30,1,2,9
2023010453428,2023,010453428,1,1,1,2,60,9,3,0,0,0,0,0,9,5,E01001074,-1,0,0.0,1.0,-1,6,30,1,1,1,18:56,4,2,9
2023101387935,2023,101387935,2,1,1,1,42,7,3,0,0,0,0,0,9,2,E01008655,3,1,0.0,1.0,-1,6,40,1,1,2,09:42,4,2,9
2023231312880,2023,231312880,2,1,1,1,42,7,3,0,0,0,0,0,9,6,E01031017,3,1,0.0,1.0,-1,6,30,1,1,1,20:17,6,2,9
2023991262357,2023,991262357,1,1,1,1,61,9,3,0,0,0,0,0,9,1,-1,3,1,0.0,1.0,-1,3,30,2,4,2,17:45,4,2,9
2023311311740,2023,311311740,1,2,2,1,7,2,3,0,0,1,0,0,9,-1,-1,3,1,0.0,1.0,-1,6,30,1,1,1,07:06,5,2,9
2023421362542,2023,421362542,2,2,2,2,4,1,3,0,0,2,0,0,9,4,E01002324,3,1,0.0,1.0,-1,6,40,2,1,2,08:06,6,2,9
2023440171275,2023,440171275,1,1,1,2,46,8,3,0,0,0,0,0,9,6,E01023155,-1,0,0.13034,0.86966,-1,6,60,1,1,1,09:07,3,1,9
2023501328115,2023,501328115,2,2,1,2,36,7,3,0,0,0,0,0,9,5,E01018957,3,1,0.0,1.0,-1,6,60,1,1,1,17:22,3,2,9
2023010484194,2023,010484194,1,1,1,1,25,5,3,0,0,0,0,0,3,4,E01003119,-1,0,0.0,1.0,-1,6,30,1,1,1,13:43,6,2,3
2023010419518,2023,010419518,1,1,1,1,21,5,3,0,0,0,0,0,3,2,E01033148,-1,0,0.0,1.0,-1,6,20,1,4,1,20:55,2,2,3
2023010465075,2023,010465075,1,1,1,1,35,6,3,0,0,0,0,0,3,3,E01000010,-1,0,0.0,1.0,-1,9,20,9,1,9,18:00,5,2,3
2023340WN1782,2023,340WN1782,1,1,3,2,75,10,3,9,8,0,0,0,0,6,E01027220,-1,0,0.09182,0.90818,-1,6,30,1,1,1,15:50,3,1,9
2023471328129,2023,471328129,1,1,1,2,56,9,3,0,0,0,0,0,1,8,E01031840,3,1,0.0,1.0,-1,6,30,1,1,1,15:50,2,2,1
2023010476763,2023,010476763,2,1,1,1,24,5,3,0,0,0,0,0,3,3,E01001547,-1,0,0.0,1.0,-1,6,30,2,1,2,13:40,4,2,3
2023010421800,2023,010421800,1,1,3,1,83,11,2,6,9,0,0,0,0,3,E01000138,-1,0,1.0,0.0,-1,9,20,2,4,9,18:00,2,1,9
2023141311064,2023,141311064,1,1,3,1,24,5,3,5,2,0,0,0,0,-1,-1,3,1,0.0,1.0,-1,3,30,1,1,1,14:00,4,1,9
2023991319211,2023,991319211,1,1,1,1,8,2,3,0,0,0,0,0,1,2,-1,3,1,0.0,1.0,-1,6,30,1,1,1,18:30,5,2,1
2023161351653,2023,161351653,1,1,1,1,49,8,2,0,0,0,0,0,3,5,E01012937,6,1,1.0,0.0,-1,6,30,9,1,1,15:22,6,1,3
2023010460735,2023,010460735,1,1,1,2,41,7,3,0,0,0,0,0,1,4,E01004572,-1,0,0.0,1.0,-1,9,20,8,1,1,15:45,3,2,1
2023531381867,2023,531381867,2,1,1,1,17,4,3,0,0,0,0,0,3,2,E01022324,3,1,0.0,1.0,-1,6,20,1,4,1,20:24,7,2,3
2023471377276,2023,471377276,3,1,2,1,59,9,3,0,0,1,0,0,9,5,E01027192,3,1,0.0,1.0,-1,3,50,8,1,2,14:44,3,3,9
2023010421980,2023,010421980,1,1,1,1,51,8,3,0,0,0,0,0,19,5,E01000398,-1,0,0.0,1.0,-1,2,20,1,1,1,16:20,3,2,19
2023991325861,2023,991325861,1,1,3,1,13,3,3,6,7,0,0,2,0,6,-1,3,1,0.0,1.0,-1,6,30,1,1,1,13:40,7,1,9
2023010440851,2023,010440851,1,1,1,1,24,5,2,0,0,0,0,0,1,5,E01004753,-1,0,1.0,0.0,-1,6,20,1,1,1,07:45,4,2,1
2023010460179,2023,010460179,1,1,1,1,40,7,2,0,0,0,0,0,1,5,E01003941,-1,0,1.0,0.0,-1,6,20,1,1,1,05:05,7,2,1
2023010427883,2023,010427883,1,1,1,1,24,5,3,0,0,0,0,0,3,4,E01002101,-1,0,0.0,1.0,-1,9,30,1,1,1,13:40,3,2,3
2023010427965,2023,010427965,2,1,1,2,24,5,3,0,0,0,0,0,9,5,E01001164,-1,0,0.0,1.0,-1,6,30,1,7,1,07:01,1,2,9
2023201453373,2023,201453373,1,1,1,1,29,6,3,0,0,0,0,0,9,3,E01008953,3,1,0.0,1.0,-1,6,30,1,4,1,20:51,6,2,9
2023401339350,2023,401339350,1,1,3,1,23,5,2,6,9,0,0,0,0,2,E01015726,5,1,1.0,0.0,-1,3,20,1,1,1,12:02,1,1,19
2023010420752,2023,010420752,1,1,1,1,26,6,3,0,0,0,0,0,3,3,E01001391,-1,0,0.0,1.0,-1,9,20,1,1,1,12:10,4,2,3
2023211331611,2023,211331611,2,2,1,1,41,7,3,0,0,0,0,0,1,-1,-1,3,1,0.0,1.0,-1,6,30,1,1,1,11:40,1,2,1
2023010482856,2023,010482856,1,1,3,1,52,8,2,1,1,0,0,0,0,4,E01003098,-1,0,1.0,0.0,-1,2,20,1,1,1,09:50,6,1,19
2023201395612,2023,201395612,1,1,3,2,63,9,3,4,1,0,0,0,0,2,E01009751,3,1,0.0,1.0,-1,6,30,1,1,1,11:11,2,1,9
2023141364978,2023,141364978,1,1,3,1,68,10,2,4,1,0,0,0,0,8,E01007891,5,1,1.0,0.0,-1,6,20,2,4,2,06:40,6,1,9
2023010464521,2023,010464521,1,1,1,1,22,5,3,0,0,0,0,0,3,6,E01003375,-1,0,0.0,1.0,-1,9,30,9,1,9,16:40,4,2,3
2023411322671,2023,411322671,1,1,1,1,-1,-1,3,0,0,0,0,0,3,7,E01002473,3,1,0.0,1.0,-1,6,30,1,1,1,17:15,4,2,3
2023141315246,2023,141315246,2,4,2,1,66,10,3,0,0,1,0,0,9,7,E01008140,3,1,0.0,1.0,-1,6,30,1,4,1,04:01,3,5,9
2023430042609,2023,430042609,1,2,2,2,18,4,3,0,0,1,0,0,9,5,E01017908,-1,0,0.14301,0.85699,-1,6,40,1,4,1,01:00,1,1,9
2023101330314,2023,101330314,2,4,2,2,12,3,3,0,0,2,0,0,9,1,E01008730,3,1,0.0,1.0,-1,1,30,1,1,1,17:08,6,2,9
2023141278121,2023,141278121,1,1,1,1,85,11,3,0,0,0,0,0,9,1,E01020880,3,1,0.0,1.0,-1,6,60,1,6,1,19:30,7,2,9
2023201409131,2023,201409131,2,2,2,2,20,4,3,0,0,-1,0,0,9,1,E01009334,3,1,0.0,1.0,-1,6,20,1,1,2,15:30,3,2,9
2023320508024,2023,320508024,2,1,2,2,55,8,3,0,0,1,0,0,9,10,E01026413,-1,0,0.01239,0.98761,-1,1,40,1,1,1,09:50,4,2,9
2023411287761,2023,411287761,2,1,1,1,67,10,3,0,0,0,0,0,9,3,E01023346,3,1,0.0,1.0,-1,6,30,1,1,-1,14:30,4,2,9
2023622300683,2023,622300683,1,1,1,2,49,8,3,0,0,0,0,0,9,7,W01001889,-1,0,0.01118,0.98882,-1,1,40,2,1,2,12:29,7,2,9
2023031279791,2023,031279791,1,1,3,1,59,9,3,5,1,0,0,0,0,8,E01019345,3,1,0.0,1.0,-1,6,30,1,1,-1,11:42,5,1,9
2023430367023,2023,430367023,2,1,1,1,47,8,2,0,0,0,0,0,1,9,E01017796,-1,0,1.0,0.0,-1,6,30,1,1,1,19:56,4,2,1
2023471286603,2023,471286603,2,1,1,1,24,5,2,0,0,0,0,0,3,2,E01016914,5,1,1.0,0.0,-1,6,30,1,1,1,14:15,6,3,3
2023122301063,2023,122301063,1,1,1,1,21,5,3,0,0,0,0,0,4,4,E01027830,-1,0,0.11741,0.88259,-1,1,60,1,1,1,00:01,4,2,4
2023010461325,2023,010461325,1,1,3,1,65,9,1,1,3,0,0,0,0,2,E01000998,-1,0,0.0,0.0,-1,6,30,1,4,2,23:26,6,5,9
2023991334469,2023,991334469,2,1,1,1,56,9,2,0,0,0,0,0,1,6,-1,6,1,1.0,0.0,-1,6,30,1,1,1,13:10,6,2,1
2023211325407,2023,211325407,1,1,1,1,35,6,1,0,0,0,0,0,3,6,E01029764,1,1,0.0,0.0,-1,3,50,1,1,1,19:18,1,1,3
2023440334520,2023,440334520,2,1,1,2,17,4,3,0,0,0,0,0,3,4,E01017289,-1,0,0.14902,0.85098,-1,6,30,1,1,1,16:01,6,2,3
2023320327471,2023,320327471,2,1,1,1,75,10,2,0,0,0,0,0,5,6,E01026387,-1,0,1.0,0.0,-1,6,60,1,1,1,12:25,2,2,5
2023010433253,2023,010433253,1,2,2,1,18,4,3,0,0,1,0,0,9,4,E01001404,-1,0,0.0,1.0,-1,1,40,2,1,2,16:58,2,2,9
2023010465503,2023,010465503,1,1,1,2,47,8,3,0,0,0,0,0,9,5,E01002666,-1,0,0.0,1.0,-1,3,40,8,1,1,10:46,5,2,9
2023461275305,2023,461275305,1,5,1,1,22,5,3,0,0,0,0,0,9,10,E01000652,3,1,0.0,1.0,-1,6,40,1,4,2,22:50,7,2,9
2023461372322,2023,461372322,1,1,1,1,21,5,3,0,0,0,0,0,9,6,E01024340,3,1,0.0,1.0,-1,7,60,2,4,2,06:15,7,1,9
2023991347619,2023,991347619,1,1,1,1,37,7,3,0,0,0,0,0,9,1,-1,3,1,0.0,1.0,-1,1,40,1,1,2,10:40,6,2,9
2023061302112,2023,061302112,2,1,3,2,13,3,3,6,9,0,0,0,0,1,E01005386,3,1,0.0,1.0,-1,6,30,1,1,1,20:07,6,2,9
2023201274150,2023,201274150,1,1,3,2,72,10,3,5,2,0,0,0,0,8,E01009463,3,1,0.0,1.0,-1,6,30,1,4,1,18:30,7,1,9
2023430142487,2023,430142487,1,1,1,2,48,8,3,0,0,0,0,0,1,8,E01016610,-1,0,0.04427,0.95573,-1,6,30,2,1,2,14:50,6,2,1
2023311310708,2023,311310708,1,1,3,1,63,9,3,5,2,0,0,0,0,5,E01013973,3,1,0.0,1.0,-1,6,30,9,1,1,13:22,6,1,3
2023101321160,2023,101321160,2,1,1,1,39,7,2,0,0,0,0,0,1,-1,-1,7,1,1.0,0.0,-1,9,30,1,1,1,21:00,4,2,1
2023371407735,2023,371407735,1,1,3,1,73,10,3,10,3,0,0,0,0,7,E01030103,3,1,0.0,1.0,-1,6,20,1,1,1,14:37,5,1,9
2023401337420,2023,401337420,1,1,1,1,36,7,3,0,0,0,0,0,9,4,E01015712,3,1,0.0,1.0,-1,3,30,1,1,1,22:01,7,3,9
2023991393411,2023,991393411,2,3,2,2,21,5,3,0,0,1,0,0,9,6,-1,3,1,0.0,1.0,-1,1,30,2,4,2,18:46,7,2,9
2023010472091,2023,010472091,1,1,1,1,24,5,3,0,0,0,0,0,3,2,E01001361,-1,0,0.0,1.0,-1,9,20,1,7,1,15:29,7,2,3
2023211278969,2023,211278969,2,1,1,1,35,6,2,0,0,0,0,0,4,6,E01029699,7,1,1.0,0.0,-1,6,30,1,4,1,17:50,3,2,4
2023471309412,2023,471309412,1,1,1,1,65,9,2,0,0,0,0,0,4,4,E01031786,7,1,1.0,0.0,-1,1,40,1,1,1,19:55,6,2,4
2023610030423,2023,610030423,2,2,1,1,70,10,2,0,0,0,0,0,5,6,W01001372,-1,0,1.0,0.0,-1,6,50,1,1,1,17:50,6,3,5
2023010436714,2023,010436714,1,1,1,1,23,5,3,0,0,0,0,0,3,7,E01002220,-1,0,0.0,1.0,-1,3,30,1,4,1,23:59,7,2,3
2023501312181,2023,501312181,2,1,1,1,55,8,3,0,0,0,0,0,9,5,E01018833,3,1,0.0,1.0,-1,6,40,1,1,1,18:16,7,2,9
2023622300666,2023,622300666,1,5,2,1,16,4,3,0,0,2,0,0,9,6,W01001058,-1,0,0.03834,0.96166,-1,6,30,2,1,2,19:59,3,1,9
2023131344487,2023,131344487,1,1,1,1,32,6,2,0,0,0,0,0,90,1,E01014331,7,1,1.0,0.0,-1,6,30,1,1,1,16:08,3,2,90
2023041381850,2023,041381850,1,1,3,2,53,8,3,8,9,0,0,2,0,1,E01024855,3,1,0.0,1.0,-1,6,30,1,4,2,19:05,7,1,9
2023010420383,2023,010420383,1,1,1,1,48,8,3,0,0,0,0,0,3,1,E01000782,-1,0,0.0,1.0,-1,9,20,1,1,1,10:20,2,2,3
2023010441252,2023,010441252,1,1,1,1,33,6,3,0,0,0,0,0,3,4,E01001180,-1,0,0.0,1.0,-1,3,30,1,1,1,20:30,4,2,3
2023010436554,2023,010436554,1,1,3,2,21,5,2,4,3,0,0,0,0,5,E01003110,-1,0,1.0,0.0,-1,6,20,1,4,1,02:15,1,1,9
2023131371350,2023,131371350,1,1,3,2,8,2,3,5,1,0,0,2,0,9,E01011880,3,1,0.0,1.0,-1,6,30,1,1,1,14:50,2,1,9
2023421259256,2023,421259256,1,1,3,1,30,6,3,5,1,0,0,0,0,-1,-1,3,1,0.0,1.0,-1,6,30,2,1,2,15:50,3,1,19
2023010460538,2023,010460538,1,1,3,1,20,4,3,1,1,0,0,0,0,2,E01000041,-1,0,0.0,1.0,-1,6,30,2,1,2,18:00,7,1,9
202360A198255,2023,60A198255,1,1,1,1,37,7,3,0,0,0,0,0,5,-1,-1,-1,0,0.26056,0.73944,-1,6,30,1,1,1,07:31,2,1,5
2023010468275,2023,010468275,1,1,1,1,29,6,2,0,0,0,0,0,3,-1,-1,-1,0,1.0,0.0,-1,6,20,1,4,1,22:30,2,3,3
2023010475320,2023,010475320,1,1,1,1,46,8,3,0,0,0,0,0,3,7,E01002222,-1,0,0.0,1.0,-1,1,20,2,4,2,19:10,2,2,3
2023320230954,2023,320230954,2,1,1,1,58,9,2,0,0,0,0,0,19,3,E01026134,-1,0,1.0,0.0,-1,6,60,1,6,1,23:53,2,2,19
2023101398325,2023,101398325,1,1,3,2,36,7,2,8,9,0,0,-1,0,-1,-1,5,1,1.0,0.0,-1,3,30,1,1,1,12:13,7,1,9
2023991300148,2023,991300148,1,1,3,2,51,8,3,8,3,0,0,0,0,10,-1,3,1,0.0,1.0,-1,6,20,1,1,1,13:00,5,1,9
2023430275331,2023,430275331,2,1,1,1,15,3,3,0,0,0,0,0,1,6,E01017809,-1,0,0.11885,0.88115,-1,6,30,1,1,1,15:49,5,2,1
2023121309497,2023,121309497,1,1,1,1,18,4,3,0,0,0,0,0,9,9,E01027664,3,1,0.0,1.0,-1,6,60,2,6,2,17:40,2,1,9
2023141319143,2023,141319143,1,1,2,1,80,11,3,0,0,1,0,0,9,4,E01007731,3,1,0.0,1.0,-1,1,30,1,1,1,13:30,5,2,9
2023201278631,2023,201278631,2,1,1,1,27,6,3,0,0,0,0,0,9,2,E01009414,3,1,0.0,1.0,-1,3,30,1,1,1,15:00,3,2,9
2023451331171,2023,451331171,3,2,2,2,59,9,3,0,0,1,0,0,9,9,E01030904,3,1,0.0,1.0,-1,7,50,1,1,1,19:05,3,3,9
2023461282099,2023,461282099,1,1,1,1,34,6,2,0,0,0,0,0,9,5,E01024198,7,1,1.0,0.0,-1,6,60,1,6,1,20:50,6,1,9
2023471350660,2023,471350660,1,1,3,2,13,3,3,1,1,0,0,2,0,6,E01031579,3,1,0.0,1.0,-1,1,30,9,1,1,08:40,6,1,9
2023610050723,2023,610050723,1,1,3,1,9,2,3,5,4,0,0,0,0,4,W01001384,-1,0,0.1598,0.8402,-1,6,20,4,1,1,14:40,6,1,9
2023010477191,2023,010477191,2,1,1,1,58,9,3,0,0,0,0,0,1,-1,-1,-1,0,0.0,1.0,-1,7,20,1,1,1,13:20,6,2,1
2023010420180,2023,010420180,1,1,1,1,29,6,3,0,0,0,0,0,3,4,E01003447,-1,0,0.0,1.0,-1,3,20,1,1,2,10:48,7,2,3
2023010452900,2023,010452900,1,1,1,1,32,6,3,0,0,0,0,0,3,2,E01003943,-1,0,0.0,1.0,-1,2,20,1,1,1,20:00,2,2,3
2023501356643,2023,501356643,2,1,1,1,62,9,2,0,0,0,0,0,5,7,E01019892,6,1,1.0,0.0,-1,6,40,1,1,1,17:42,3,2,5
2023201327794,2023,201327794,2,2,1,2,69,10,3,0,0,0,0,0,9,4,E01009231,3,1,0.0,1.0,-1,3,30,2,1,2,07:46,2,2,9
2023461333509,2023,461333509,2,1,1,1,42,7,3,0,0,0,0,0,9,1,E01016069,3,1,0.0,1.0,-1,1,50,1,1,1,19:15,2,2,9
2023010452957,2023,010452957,2,1,1,1,52,8,3,0,0,0,0,0,22,8,E01002581,-1,0,0.0,1.0,-1,6,30,1,1,2,14:04,2,2,22
2023010465428,2023,010465428,1,1,1,1,29,6,3,0,0,0,0,0,3,1,E01032513,-1,0,0.0,1.0,-1,6,20,1,1,1,15:30,2,2,3
2023311288536,2023,311288536,1,1,1,1,38,7,2,0,0,0,0,0,5,3,E01028258,7,1,1.0,0.0,-1,6,30,1,1,1,16:12,3,3,5
2023101300013,2023,101300013,2,2,2,1,35,6,3,0,0,1,0,0,9,-1,-1,3,1,0.0,1.0,-1,1,40,1,4,1,20:50,7,2,9
2023531314622,2023,531314622,2,1,2,2,54,8,3,0,0,2,0,0,9,5,E01022448,3,1,0.0,1.0,-1,6,30,1,1,1,19:35,7,2,9
2023010452700,2023,010452700,1,1,1,1,30,6,3,0,0,0,0,0,1,2,E01003256,-1,0,0.0,1.0,-1,6,20,1,4,1,01:11,1,2,1
2023010482845,2023,010482845,1,1,1,1,37,7,3,0,0,0,0,0,3,1,E01003207,-1,0,0.0,1.0,-1,6,20,7,1,2,13:10,4,2,3
2023010469312,2023,010469312,2,1,1,1,33,6,3,0,0,0,0,0,2,7,E01003800,-1,0,0.0,1.0,-1,6,20,9,1,1,12:26,1,2,2
2023311362195,2023,311362195,1,1,3,1,13,3,3,5,3,0,0,0,0,-1,-1,3,1,0.0,1.0,-1,6,30,2,1,2,16:53,2,1,11
2023411283610,2023,411283610,1,1,3,2,63,9,2,6,1,0,0,0,0,5,E01023631,7,1,1.0,0.0,-1,6,20,1,1,1,09:26,4,1,19
2023010471098,2023,010471098,2,1,1,-1,-1,-1,3,0,0,0,0,0,1,-1,-1,-1,0,0.0,1.0,-1,2,20,1,4,1,20:56,5,2,1
2023547171823,2023,547171823,1,1,1,2,23,5,3,0,0,0,0,0,3,10,E01031923,-1,0,0.15858,0.84142,-1,6,60,1,1,1,11:05,1,3,3
2023041260646,2023,041260646,1,1,3,1,80,11,3,8,7,0,0,0,0,2,E01025185,3,1,0.0,1.0,-1,6,30,1,1,1,14:00,3,1,9
2023421309721,2023,421309721,2,1,1,1,32,6,2,0,0,0,0,0,1,8,E01004472,7,1,1.0,0.0,-1,6,40,1,1,1,11:30,1,2,1
2023101321277,2023,101321277,2,1,1,1,62,9,2,0,0,0,0,0,1,10,E01008275,6,1,1.0,0.0,-1,6,30,1,1,1,09:35,3,2,1
2023010482872,2023,010482872,1,1,1,1,36,7,3,0,0,0,0,0,3,7,E01015474,-1,0,0.0,1.0,-1,6,20,1,1,1,12:50,6,2,3
2023501321433,2023,501321433,2,1,1,2,23,5,3,0,0,0,0,0,1,4,E01019006,3,1,0.0,1.0,-1,6,40,1,1,1,13:30,7,2,1
2023520300902,2023,520300902,1,1,3,2,9,2,2,5,1,0,0,0,0,3,E01029170,-1,0,1.0,0.0,-1,6,30,1,1,1,18:10,4,1,9
2023221344923,2023,221344923,1,3,2,1,22,5,2,0,0,1,0,0,9,1,E01010046,5,1,1.0,0.0,-1,3,70,1,4,1,00:08,5,2,9
2023061372729,2023,061372729,1,1,3,1,77,11,1,6,9,0,0,0,0,-1,-1,1,1,0.0,0.0,-1,6,30,1,1,2,11:35,5,2,9
2023010441932,2023,010441932,1,1,1,1,34,6,3,0,0,0,0,0,1,2,E01003557,-1,0,0.0,1.0,-1,3,30,1,1,2,08:00,3,2,1
2023010461216,2023,010461216,1,1,1,2,24,5,2,0,0,0,0,0,1,2,E01004067,-1,0,1.0,0.0,-1,9,20,1,1,1,18:30,3,3,1
2023471290756,2023,471290756,2,1,1,2,32,6,2,0,0,0,0,0,1,4,E01016871,7,1,1.0,0.0,-1,3,30,4,1,1,07:02,2,2,1
2023010431649,2023,010431649,1,1,3,2,50,8,3,1,1,0,0,0,0,3,E01001109,-1,0,0.0,1.0,-1,6,30,1,1,1,16:04,7,1,9
2023201326845,2023,201326845,1,1,3,1,4,1,3,5,3,0,0,0,0,1,E01009365,3,1,0.0,1.0,-1,6,20,1,1,1,19:52,5,1,9
2023010449518,2023,010449518,1,1,1,1,38,7,3,0,0,0,0,0,3,2,E01032805,-1,0,0.0,1.0,-1,6,20,1,1,1,17:00,6,2,3
2023421374584,2023,421374584,1,1,3,2,14,3,3,5,2,0,0,0,0,3,E01033722,3,1,0.0,1.0,-1,6,30,8,5,2,18:34,3,1,5
2023201287884,2023,201287884,2,1,1,1,20,4,3,0,0,0,0,0,1,5,E01009290,3,1,0.0,1.0,-1,6,30,1,1,1,10:38,3,2,1
2023461311623,2023,461311623,1,1,1,1,14,3,2,0,0,0,0,0,1,8,E01000646,7,1,1.0,0.0,-1,6,20,1,1,1,17:45,7,2,1
2023052301116,2023,052301116,2,1,1,1,17,4,2,0,0,0,0,0,4,1,E01007123,-1,0,1.0,0.0,-1,6,40,1,1,1,15:25,3,2,4
2023401392968,2023,401392968,1,1,1,1,48,8,3,0,0,0,0,0,8,2,E01015726,3,1,0.0,1.0,-1,6,30,2,1,2,08:10,4,2,8
2023010446154,2023,010446154,2,3,1,2,34,6,2,0,0,0,0,0,9,10,E01030299,-1,0,1.0,0.0,-1,6,30,1,1,1,10:30,4,2,9
2023221332596,2023,221332596,1,1,1,1,31,6,2,0,0,0,0,0,9,9,E01032433,7,1,1.0,0.0,-1,3,60,1,1,2,07:08,1,1,9
2023221349901,2023,221349901,2,1,1,2,45,7,3,0,0,0,0,0,9,8,E01032329,3,1,0.0,1.0,-1,6,40,1,1,1,18:40,2,2,9
2023430520188,2023,430520188,1,1,1,2,23,5,3,0,0,0,0,0,9,5,E01023829,-1,0,0.01539,0.98461,-1,3,70,8,4,2,00:40,7,2,9
2023231332979,2023,231332979,1,1,1,2,36,7,3,0,0,0,0,0,9,1,E01029845,3,1,0.0,1.0,-1,6,30,2,1,2,16:32,7,2,9
2023440181345,2023,440181345,2,2,1,2,54,8,3,0,0,0,0,0,9,4,E01023099,-1,0,0.0311,0.9689,-1,1,30,1,1,2,06:48,3,2,9
2023549014623,2023,549014623,2,1,1,2,18,4,3,0,0,0,0,0,9,7,E01015474,-1,0,0.00168,0.99832,-1,1,40,1,1,1,15:34,5,2,9
2023340WN2502,2023,340WN2502,2,1,1,2,85,11,3,0,0,0,0,0,9,-1,-1,-1,0,0.08126,0.91874,-1,6,30,1,1,1,11:55,4,2,9
2023351300142,2023,351300142,2,1,1,2,21,5,3,0,0,0,0,0,9,8,E01017966,3,1,0.0,1.0,-1,1,20,1,1,1,09:13,2,2,9
2023411367630,2023,411367630,2,1,1,1,26,6,3,0,0,0,0,0,9,4,E01023652,3,1,0.0,1.0,-1,3,70,2,7,2,06:55,5,3,9
2023471340980,2023,471340980,1,1,2,2,17,4,3,0,0,1,0,0,9,6,E01021068,3,1,0.0,1.0,-1,6,60,2,1,2,12:40,7,1,9
2023522301013,2023,522301013,2,1,2,1,4,1,3,0,0,2,0,0,9,1,E01014829,-1,0,0.01945,0.98055,-1,6,30,1,1,1,14:42,1,2,9
2023041290530,2023,041290530,1,1,1,1,30,6,3,0,0,0,0,0,9,1,E01025186,3,1,0.0,1.0,-1,3,70,5,1,2,08:53,5,2,9