collision_index,collision_year,collision_ref_no,vehicle_reference,casualty_reference,casualty_class,sex_of_casualty,age_of_casualty,age_band_of_casualty,casualty_severity,pedestrian_location,pedestrian_movement,car_passenger,bus_or_coach_passenger,pedestrian_road_maintenance_worker,casualty_type,casualty_imd_decile,lsoa_of_casualty,enhanced_casualty_severity,casualty_injury_based,casualty_adjusted_severity_serious,casualty_adjusted_severity_slight,casualty_distance_banding,road_type,speed_limit,weather_conditions,light_conditions,road_surface_conditions,time,day_of_week,number_of_vehicles,vehicle_type
2023161315596,2023,161315596,2,1,2,2,29,6,2,0,0,1,0,0,9,3,E01013272,7,1,1.0,0.0,-1,6,30,1,1,1,07:40,4,2,9
2023302301937,2023,302301937,2,1,1,2,40,7,3,0,0,0,0,0,9,5,E01019432,-1,0,0.02167,0.97833,-1,6,30,1,4,1,20:30,4,2,9
2023501314760,2023,501314760,2,3,2,2,54,8,3,0,0,2,0,0,9,8,E01018810,3,1,0.0,1.0,-1,6,30,1,1,1,18:43,7,2,9
2023010482528,2023,010482528,1,1,1,1,27,6,3,0,0,0,0,0,9,2,E01017602,-1,0,0.0,1.0,-1,6,30,1,1,2,10:30,5,2,9
2023520301270,2023,520301270,1,3,2,2,22,5,3,0,0,2,0,0,9,6,E01029331,-1,0,0.0529,0.9471,-1,6,60,1,1,1,14:00,7,2,9
2023101317358,2023,101317358,1,1,3,1,29,6,3,9,5,0,0,0,0,-1,-1,3,1,0.0,1.0,-1,6,20,1,4,1,00:02,1,1,9
2023111353501,2023,111353501,2,1,1,2,67,10,3,0,0,0,0,0,1,6,E01020863,3,1,0.0,1.0,-1,6,30,1,1,1,15:25,4,2,1
2023351365093,2023,351365093,2,1,1,1,60,9,3,0,0,0,0,0,1,3,E01015674,3,1,0.0,1.0,-1,6,30,1,1,1,15:30,3,2,1
2023401329316,2023,401329316,1,1,1,2,18,4,3,0,0,0,0,0,4,7,E01017510,3,1,0.0,1.0,-1,6,40,1,4,1,22:28,6,1,4
2023170S12043,2023,170S12043,1,1,1,2,51,8,3,0,0,0,0,0,1,9,E01012224,-1,0,0.15005,0.84995,-1,6,30,2,1,2,10:20,3,2,1
2023622400022,2023,622400022,2,2,1,1,25,5,3,0,0,0,0,0,1,1,W01001762,-1,0,0.10995,0.89005,-1,3,20,1,1,1,23:03,6,2,1
2023522401069,2023,522401069,1,1,3,1,41,7,3,4,1,0,0,0,0,7,E01014848,-1,0,0.11694,0.88306,-1,6,20,8,4,2,19:00,7,1,9
2023622301018,2023,622301018,1,1,3,1,68,10,3,5,3,0,0,0,0,10,W01000890,-1,0,0.142,0.858,-1,1,20,5,7,2,18:37,4,1,9
2023010440610,2023,010440610,1,2,2,-1,-1,-1,3,0,0,1,0,0,9,3,E01003719,-1,0,0.0,1.0,-1,6,30,1,4,1,22:43,2,2,9
2023461288929,2023,461288929,1,3,2,1,20,4,3,0,0,-1,0,0,9,10,E01000445,3,1,0.0,1.0,-1,6,30,1,4,1,19:00,3,3,9
2023010429857,2023,010429857,1,1,3,1,33,6,3,1,3,0,0,0,0,7,E01001593,-1,0,0.0,1.0,-1,2,30,1,1,1,15:50,4,1,9
2023010431293,2023,010431293,1,1,1,2,53,8,3,0,0,0,0,0,1,9,E01003837,-1,0,0.0,1.0,-1,6,20,2,4,2,18:35,5,2,1
2023010473632,2023,010473632,1,1,1,1,40,7,3,0,0,0,0,0,3,3,E01004760,-1,0,0.0,1.0,-1,6,30,1,1,1,14:47,2,2,3
2023010424193,2023,010424193,1,3,2,2,58,9,3,0,0,2,0,0,9,3,E01003720,-1,0,0.0,1.0,-1,6,30,1,1,1,16:04,1,2,9
2023010449646,2023,010449646,1,1,1,1,23,5,3,0,0,0,0,0,19,6,E01002126,-1,0,0.0,1.0,-1,3,30,1,1,1,11:50,7,1,19
2023440123248,2023,440123248,1,1,3,2,13,3,3,9,9,0,0,0,0,9,E01023087,-1,0,0.19392,0.80608,-1,6,30,1,1,1,15:19,3,1,11
2023430339373,2023,430339373,2,1,2,2,26,6,3,0,0,2,0,0,8,9,E01032954,-1,0,0.00473,0.99527,-1,6,30,2,1,2,17:00,1,2,8
2023451313566,2023,451313566,1,1,1,1,36,7,2,0,0,0,0,0,19,7,E01017694,5,1,1.0,0.0,-1,7,40,1,4,1,23:50,4,1,19
2023010457222,2023,010457222,1,1,2,2,17,4,2,0,0,2,0,0,9,3,E01002504,-1,0,1.0,0.0,-1,6,20,1,1,1,20:12,3,2,9
2023101361844,2023,101361844,1,1,1,1,53,8,2,0,0,0,0,0,9,3,E01008851,6,1,1.0,0.0,-1,6,60,1,6,2,18:45,3,2,9
2023201424246,2023,201424246,2,1,1,1,70,10,3,0,0,0,0,0,9,2,E01008999,3,1,0.0,1.0,-1,6,30,1,1,1,13:14,4,2,9
2023340NN2812,2023,340NN2812,2,3,2,2,11,3,3,0,0,1,0,0,9,-1,-1,-1,0,0.04735,0.95265,-1,6,30,1,1,1,18:30,3,2,9
2023421279886,2023,421279886,1,1,1,1,84,11,3,0,0,0,0,0,9,5,E01021768,3,1,0.0,1.0,-1,6,30,1,4,1,20:40,5,2,9
2023010420508,2023,010420508,1,1,1,1,26,6,3,0,0,0,0,0,1,2,E01001115,-1,0,0.0,1.0,-1,2,20,2,1,2,07:55,3,2,1
2023411388113,2023,411388113,1,1,1,1,22,5,2,0,0,0,0,0,3,6,E01023746,5,1,1.0,0.0,-1,6,30,2,4,2,22:42,3,1,3
2023010443543,2023,010443543,1,1,1,1,51,8,2,0,0,0,0,0,3,4,E01003301,-1,0,1.0,0.0,-1,3,30,1,1,1,16:06,4,2,3
2023010460361,2023,010460361,1,1,3,1,14,3,3,6,9,0,0,0,0,7,E01000536,-1,0,0.0,1.0,-1,3,20,1,1,1,11:18,1,1,9
2023161317377,2023,161317377,2,1,1,1,37,7,3,0,0,0,0,0,1,1,E01013278,3,1,0.0,1.0,-1,6,30,1,1,1,15:30,7,2,1
2023411353448,2023,411353448,2,1,1,1,21,5,3,0,0,0,0,0,1,10,E01023715,3,1,0.0,1.0,-1,6,30,1,1,1,19:24,3,2,1
202360A159423,2023,60A159423,2,1,1,1,60,9,2,0,0,0,0,0,5,-1,-1,-1,0,1.0,0.0,-1,1,70,1,1,1,07:15,4,2,5
2023471367795,2023,471367795,1,1,1,1,20,4,2,0,0,0,0,0,3,5,E01031574,7,1,1.0,0.0,-1,6,30,1,1,2,17:00,6,2,3
2023010419605,2023,010419605,1,1,3,1,14,3,3,1,1,0,0,0,0,5,E01003713,-1,0,0.0,1.0,-1,6,30,1,1,1,13:20,4,1,9
2023201385820,2023,201385820,1,2,3,1,6,2,3,1,9,0,0,2,0,-1,-1,3,1,0.0,1.0,-1,1,30,1,1,1,13:00,6,1,9
2023311285629,2023,311285629,1,1,3,2,22,5,3,4,1,0,0,0,0,7,E01032520,3,1,0.0,1.0,-1,6,30,1,1,1,15:00,4,1,5
2023010469386,2023,010469386,1,1,1,1,23,5,3,0,0,0,0,0,2,1,E01003291,-1,0,0.0,1.0,-1,6,20,1,4,1,20:53,1,2,2
2023311273336,2023,311273336,1,1,1,1,52,8,3,0,0,0,0,0,9,-1,-1,3,1,0.0,1.0,-1,6,50,1,1,2,09:51,3,2,9
2023430033176,2023,430033176,1,1,1,1,60,9,3,0,0,0,0,0,9,7,E01031388,-1,0,0.16681,0.83319,-1,6,60,7,6,4,06:10,2,1,9
2023061318258,2023,061318258,1,1,1,1,34,6,2,0,0,0,0,0,23,-1,-1,7,1,1.0,0.0,-1,6,30,1,1,1,15:11,3,2,23
2023052300107,2023,052300107,2,2,1,2,33,6,3,0,0,0,0,0,9,-1,-1,-1,0,0.05306,0.94694,-1,6,30,4,4,2,19:05,5,2,9
2023122300389,2023,122300389,1,1,1,1,84,11,2,0,0,0,0,0,9,8,E01027635,-1,0,1.0,0.0,-1,6,30,1,1,1,13:05,4,1,9
2023311348791,2023,311348791,1,1,1,1,57,9,3,0,0,0,0,0,9,-1,-1,3,1,0.0,1.0,-1,3,30,1,4,1,00:49,2,1,9
2023361344784,2023,361344784,1,1,1,2,50,8,3,0,0,0,0,0,9,3,E01026488,3,1,0.0,1.0,-1,6,60,1,1,1,14:30,3,1,9
2023520300389,2023,520300389,2,2,1,1,37,7,3,0,0,0,0,0,9,1,E01005129,-1,0,0.03672,0.96328,-1,6,50,5,1,2,16:43,4,2,9
2023552300274,2023,552300274,1,1,1,2,77,11,2,0,0,0,0,0,9,2,E01020499,-1,0,1.0,0.0,-1,6,30,1,1,1,09:12,3,1,9
2023991284654,2023,991284654,1,1,1,2,62,9,2,0,0,0,0,0,9,6,-1,7,1,1.0,0.0,-1,6,60,1,1,1,15:30,2,1,9
2023421295086,2023,421295086,1,1,1,1,56,9,3,0,0,0,0,0,19,7,E01021385,3,1,0.0,1.0,-1,6,30,1,1,1,11:25,1,2,19
2023991303030,2023,991303030,1,3,2,1,28,6,3,0,0,0,0,0,19,1,-1,3,1,0.0,1.0,-1,6,30,1,1,1,14:53,3,2,19
2023201279154,2023,201279154,2,3,2,1,23,5,3,0,0,1,0,0,9,3,E01009589,3,1,0.0,1.0,-1,6,30,1,7,1,17:40,4,2,9
2023141335145,2023,141335145,1,1,1,1,29,6,2,0,0,0,0,0,9,1,E01008009,7,1,1.0,0.0,-1,6,30,1,4,1,23:30,7,1,9
2023141370479,2023,141370479,1,2,1,2,87,11,3,0,0,0,0,0,9,8,E01007524,3,1,0.0,1.0,-1,6,40,1,4,1,16:39,6,2,9
2023302300268,2023,302300268,1,4,2,2,8,2,3,0,0,2,0,0,9,1,E01019444,-1,0,0.04271,0.95729,-1,3,70,1,4,1,19:30,6,2,9
2023010455727,2023,010455727,1,1,1,1,46,8,3,0,0,0,0,0,9,9,E01000751,-1,0,0.0,1.0,-1,1,30,2,1,2,18:30,6,2,9
2023031391278,2023,031391278,2,1,2,1,34,6,3,0,0,2,0,0,9,1,E01019142,3,1,0.0,1.0,-1,3,30,4,1,2,12:40,5,2,9
2023052301933,2023,052301933,2,1,1,2,43,7,3,0,0,0,0,0,9,1,E01006540,-1,0,0.0076,0.9924,-1,6,30,1,1,1,19:00,5,2,9
2023010469637,2023,010469637,1,1,1,1,22,5,3,0,0,0,0,0,9,5,E01001344,-1,0,0.0,1.0,-1,6,30,1,1,1,08:35,3,2,9
2023122300139,2023,122300139,1,1,1,1,64,9,2,0,0,0,0,0,9,4,E01019491,-1,0,1.0,0.0,-1,6,60,5,1,2,12:30,5,3,9
2023501293745,2023,501293745,1,1,1,1,44,7,3,0,0,0,0,0,9,6,E01020230,3,1,0.0,1.0,-1,6,30,1,1,1,17:00,3,2,9
2023061330188,2023,061330188,2,3,2,1,38,7,3,0,0,2,0,0,9,3,E01004867,3,1,0.0,1.0,-1,6,30,8,1,1,20:50,4,2,9
2023440391683,2023,440391683,1,1,1,2,41,7,3,0,0,0,0,0,9,6,E01031796,-1,0,0.00902,0.99098,-1,3,70,1,1,1,09:30,2,2,9
2023461297113,2023,461297113,2,2,1,1,59,9,3,0,0,0,0,0,9,6,E01021154,3,1,0.0,1.0,-1,3,50,1,1,2,14:40,4,2,9
2023471283211,2023,471283211,1,2,1,1,40,7,3,0,0,0,0,0,9,5,E01029336,3,1,0.0,1.0,-1,3,70,1,1,1,09:59,1,2,9
2023101340772,2023,101340772,2,2,2,2,10,2,3,0,0,2,0,0,9,8,E01008808,3,1,0.0,1.0,-1,6,30,1,1,1,19:00,2,2,9
2023421392136,2023,421392136,2,1,1,2,54,8,3,0,0,0,0,0,9,6,E01022002,3,1,0.0,1.0,-1,6,40,2,4,2,20:30,2,2,9
2023430457041,2023,430457041,1,1,1,1,30,6,3,0,0,0,0,0,9,-1,-1,-1,0,0.05091,0.94909,-1,6,40,1,1,1,09:17,4,2,9
2023461293449,2023,461293449,4,2,2,2,40,7,3,0,0,1,0,0,9,5,E01000375,3,1,0.0,1.0,-1,6,60,1,6,1,17:34,1,4,9
2023010470047,2023,010470047,1,1,1,1,30,6,3,0,0,0,0,0,9,2,E01002033,-1,0,0.0,1.0,-1,6,30,1,1,1,07:12,5,2,9
2023070140762,2023,070140762,2,1,1,1,75,10,3,0,0,0,0,0,9,5,E01018648,-1,0,0.11344,0.88656,-1,6,50,1,1,1,15:53,6,2,9
2023161356246,2023,161356246,1,1,1,1,63,9,2,0,0,0,0,0,9,4,E01007537,6,1,1.0,0.0,-1,6,60,1,4,1,19:25,2,2,9
2023546862923,2023,546862923,2,1,1,1,52,8,3,0,0,0,0,0,19,5,E01032075,-1,0,0.03784,0.96216,-1,6,40,1,1,2,15:10,6,2,19
2023010454386,2023,010454386,1,1,3,2,48,8,3,8,1,0,0,0,0,3,E01003524,-1,0,0.0,1.0,-1,2,20,1,4,1,22:46,1,1,9
2023070063236,2023,070063236,1,1,3,2,37,7,3,9,8,0,0,0,0,4,E01011009,-1,0,0.0667,0.9333,-1,6,30,8,7,4,08:10,6,1,19
2023052301618,2023,052301618,1,1,1,1,-1,-1,3,0,0,0,0,0,1,1,E01006963,-1,0,0.10403,0.89597,-1,6,30,1,1,1,16:30,4,2,1
2023010433939,2023,010433939,1,1,1,1,27,6,3,0,0,0,0,0,3,5,E01003139,-1,0,0.0,1.0,-1,6,30,1,1,1,07:02,6,2,3
2023991368829,2023,991368829,2,1,1,1,59,9,3,0,0,0,0,0,5,8,-1,3,1,0.0,1.0,-1,3,40,1,1,1,08:28,3,2,5
2023141352589,2023,141352589,1,1,3,2,13,3,2,8,9,0,0,0,0,10,E01007961,7,1,1.0,0.0,-1,6,30,1,1,1,08:00,2,1,9
2023440480048,2023,440480048,1,1,1,1,8,2,3,0,0,0,0,0,1,4,E01022910,-1,0,0.08492,0.91508,-1,6,30,1,1,1,15:30,5,2,1
2023522400895,2023,522400895,2,1,1,1,37,7,2,0,0,0,0,0,1,1,E01014829,-1,0,1.0,0.0,-1,3,40,2,4,2,18:36,3,2,1
2023010470000,2023,010470000,1,1,1,2,38,7,3,0,0,0,0,0,9,2,E01000030,-1,0,0.0,1.0,-1,3,40,1,1,1,17:40,4,2,9
2023131376381,2023,131376381,2,1,1,1,55,8,2,0,0,0,0,0,9,1,E01010622,6,1,1.0,0.0,-1,6,30,2,4,2,18:41,1,3,9
2023421380901,2023,421380901,1,1,1,2,31,6,3,0,0,0,0,0,9,4,E01021451,3,1,0.0,1.0,-1,6,60,1,1,4,11:25,5,1,9
2023010443718,2023,010443718,1,2,3,2,4,1,3,5,9,0,0,0,0,4,E01003784,-1,0,0.0,1.0,-1,6,30,8,1,1,11:55,5,1,1
2023122300790,2023,122300790,1,1,1,1,56,9,2,0,0,0,0,0,1,9,E01027577,-1,0,1.0,0.0,-1,6,60,1,1,1,12:56,6,1,1
2023461309066,2023,461309066,2,1,1,2,27,6,3,0,0,0,0,0,1,10,E01024102,3,1,0.0,1.0,-1,1,40,1,1,1,07:12,5,2,1
2023070518345,2023,070518345,1,2,2,1,24,5,3,0,0,1,0,0,9,2,E01018714,-1,0,0.06595,0.93405,-1,3,70,1,4,1,22:28,4,2,9
2023302300398,2023,302300398,2,2,1,1,24,5,3,0,0,0,0,0,9,4,E01019773,-1,0,0.03994,0.96006,-1,6,30,3,1,2,13:00,4,4,9
2023991389190,2023,991389190,1,1,1,1,80,11,3,0,0,0,0,0,9,4,-1,3,1,0.0,1.0,-1,6,30,2,4,2,19:00,6,3,9
2023170L31093,2023,170L31093,1,1,3,2,44,7,2,5,3,0,0,0,0,1,E01032561,-1,0,1.0,0.0,-1,6,30,2,4,2,21:00,5,1,9
2023010419688,2023,010419688,1,1,1,2,28,6,3,0,0,0,0,0,9,2,E01000053,-1,0,0.0,1.0,-1,6,30,1,4,1,18:50,4,2,9
2023061363557,2023,061363557,3,1,1,2,38,7,3,0,0,0,0,0,9,-1,-1,3,1,0.0,1.0,-1,3,30,1,4,1,19:28,2,4,9
2023302300810,2023,302300810,1,1,1,2,92,11,2,0,0,0,0,0,9,6,E01019866,-1,0,1.0,0.0,-1,6,60,1,1,1,15:25,3,2,9
2023411362594,2023,411362594,2,1,1,1,86,11,3,0,0,0,0,0,9,4,E01023357,3,1,0.0,1.0,-1,6,30,1,4,1,19:15,6,2,9
2023061363515,2023,061363515,1,8,2,1,29,6,3,0,0,0,4,0,11,1,E01005063,3,1,0.0,1.0,-1,6,30,1,5,1,13:12,2,1,11
2023111335631,2023,111335631,2,2,1,1,62,9,3,0,0,0,0,0,9,6,E01020619,3,1,0.0,1.0,-1,6,30,8,1,2,06:12,4,2,9
2023201411325,2023,201411325,2,1,1,2,51,8,3,0,0,0,0,0,9,6,E01009847,3,1,0.0,1.0,-1,1,30,2,1,2,08:25,5,2,9
2023461355998,2023,461355998,1,3,2,2,23,5,3,0,0,2,0,0,9,9,E01024458,3,1,0.0,1.0,-1,6,30,1,4,1,03:37,1,1,9
2023401380390,2023,401380390,1,2,2,1,40,7,3,0,0,1,0,0,19,2,E01015716,3,1,0.0,1.0,-1,6,30,1,1,1,10:44,5,2,19
2023371370226,2023,371370226,2,1,1,1,69,10,3,0,0,0,0,0,1,9,E01033450,3,1,0.0,1.0,-1,1,30,1,1,1,15:40,3,2,1
2023122300260,2023,122300260,2,2,1,1,52,8,2,0,0,0,0,0,4,4,E01013359,-1,0,1.0,0.0,-1,9,30,1,4,2,00:01,7,2,4
2023010471916,2023,010471916,1,1,1,2,60,9,3,0,0,0,0,0,9,5,E01001837,-1,0,0.0,1.0,-1,6,20,1,1,1,11:56,7,1,9
2023122300238,2023,122300238,2,1,1,1,36,7,3,0,0,0,0,0,9,9,E01027632,-1,0,0.01347,0.98653,-1,6,50,1,4,2,18:25,2,2,9
2023371280725,2023,371280725,2,1,1,1,42,7,3,0,0,0,0,0,9,4,E01026891,3,1,0.0,1.0,-1,3,70,1,1,1,11:50,4,2,9
2023461280821,2023,461280821,1,1,1,2,39,7,3,0,0,0,0,0,9,3,E01024608,3,1,0.0,1.0,-1,6,40,1,1,1,08:35,4,2,9
2023010484455,2023,010484455,1,2,2,2,56,9,3,0,0,0,4,0,11,2,E01002638,-1,0,0.0,1.0,-1,6,30,1,1,1,15:10,7,1,11
2023440235806,2023,440235806,2,2,1,1,57,9,2,0,0,0,0,0,19,7,E01022597,-1,0,1.0,0.0,-1,6,40,1,1,1,13:30,3,2,19
2023010464924,2023,010464924,1,2,2,-1,-1,-1,3,0,0,2,0,0,9,-1,-1,-1,0,0.0,1.0,-1,1,20,1,1,1,18:20,5,2,9
2023401314139,2023,401314139,1,1,1,2,36,7,3,0,0,0,0,0,9,9,E01017495,3,1,0.0,1.0,-1,6,30,1,1,1,17:25,2,2,9
2023544829423,2023,544829423,2,1,1,1,35,6,3,0,0,0,0,0,9,3,E01016501,-1,0,0.00329,0.99671,-1,1,30,2,1,2,19:15,7,2,9
2023010466274,2023,010466274,1,2,2,2,48,8,3,0,0,1,0,0,9,3,E01003109,-1,0,0.0,1.0,-1,3,30,1,4,1,20:15,6,2,9
2023451316979,2023,451316979,1,2,2,1,25,5,3,0,0,1,0,0,9,8,E01023136,3,1,0.0,1.0,-1,6,40,1,4,1,03:25,7,1,9
2023991393145,2023,991393145,2,1,2,2,75,10,3,0,0,0,3,0,11,4,-1,3,1,0.0,1.0,-1,6,20,1,4,2,18:00,6,2,11
2023401313850,2023,401313850,2,1,1,1,54,8,3,0,0,0,0,0,1,10,E01017460,3,1,0.0,1.0,-1,6,30,1,1,1,10:00,6,2,1
2023522301649,2023,522301649,1,1,1,1,13,3,3,0,0,0,0,0,-1,1,E01014597,-1,0,0.06843,0.93157,-1,6,30,9,4,1,22:00,7,2,-1
2023131319926,2023,131319926,1,1,3,2,15,3,3,5,2,0,0,2,0,1,E01010802,3,1,0.0,1.0,-1,6,30,1,1,1,15:15,5,1,9
2023991346542,2023,991346542,1,1,3,1,46,8,3,7,3,0,0,2,0,-1,-1,3,1,0.0,1.0,-1,3,50,1,1,1,16:50,3,1,9
2023010432061,2023,010432061,1,1,1,2,36,7,3,0,0,0,0,0,9,3,E01004397,-1,0,0.0,1.0,-1,6,30,1,1,1,14:30,2,1,9
2023052301402,2023,052301402,1,1,1,2,22,5,3,0,0,0,0,0,9,9,E01007117,-1,0,0.01979,0.98021,-1,6,30,1,1,1,07:00,3,2,9
2023211391732,2023,211391732,2,1,1,1,26,6,3,0,0,0,0,0,9,4,E01029594,3,1,0.0,1.0,-1,6,30,1,4,1,17:45,6,2,9
2023361357989,2023,361357989,1,1,1,2,79,11,3,0,0,0,0,0,9,8,E01001967,3,1,0.0,1.0,-1,6,60,1,1,1,13:10,7,3,9
2023631341120,2023,631341120,1,5,2,2,17,4,3,0,0,1,0,0,9,5,W01000566,3,1,0.0,1.0,-1,6,30,4,6,1,22:39,7,1,9
2023501329624,2023,501329624,3,1,1,2,49,8,3,0,0,0,0,0,19,10,E01020167,3,1,0.0,1.0,-1,1,30,2,1,2,11:50,6,3,19
2023161370710,2023,161370710,1,1,1,2,65,9,3,0,0,0,0,0,9,2,E01013331,3,1,0.0,1.0,-1,3,40,2,4,2,17:29,7,2,9
2023311380325,2023,311380325,1,1,1,1,64,9,3,0,0,0,0,0,9,10,E01028137,3,1,0.0,1.0,-1,6,30,1,1,2,10:02,4,2,9
2023071052827,2023,071052827,1,1,1,1,43,7,3,0,0,0,0,0,9,8,E01018417,-1,0,0.08041,0.91959,-1,6,60,7,1,2,09:03,4,2,9
2023361392190,2023,361392190,2,1,1,1,55,8,3,0,0,0,0,0,9,10,E01023502,3,1,0.0,1.0,-1,6,60,1,1,2,15:30,6,2,9
2023131281406,2023,131281406,2,1,2,1,10,2,2,0,0,0,0,0,9,1,E01010964,6,1,1.0,0.0,-1,2,20,1,1,1,14:50,6,2,9
2023991337051,2023,991337051,1,1,2,1,18,4,3,0,0,2,0,0,9,3,-1,3,1,0.0,1.0,-1,3,60,2,1,2,17:29,2,2,9
2023501313632,2023,501313632,2,1,1,1,37,7,3,0,0,0,0,0,1,5,E01019039,3,1,0.0,1.0,-1,6,60,1,1,1,09:39,1,2,1
2023041295927,2023,041295927,1,1,3,2,4,1,2,8,1,0,0,0,0,7,E01025400,7,1,1.0,0.0,-1,6,30,1,1,2,13:08,4,1,9
2023141375094,2023,141375094,1,1,3,2,64,9,2,5,1,0,0,0,0,10,E01007952,7,1,1.0,0.0,-1,6,30,2,4,2,18:00,4,1,9
2023010463788,2023,010463788,1,2,2,2,25,5,3,0,0,2,0,0,8,6,E01001184,-1,0,0.0,1.0,-1,6,30,1,4,1,00:38,1,2,8
2023351370295,2023,351370295,1,1,1,1,44,7,3,0,0,0,0,0,9,9,E01033433,3,1,0.0,1.0,-1,3,70,2,1,2,09:04,6,1,9
2023522400714,2023,522400714,2,1,2,2,80,11,3,0,0,1,0,0,9,7,E01014860,-1,0,0.04203,0.95797,-1,6,30,1,1,1,16:30,3,2,9
2023461283454,2023,461283454,2,1,2,2,-1,-1,3,0,0,-1,0,0,9,-1,-1,3,1,0.0,1.0,-1,3,30,1,1,1,11:16,3,2,9
2023201287744,2023,201287744,1,1,3,2,11,3,3,1,3,0,0,0,0,-1,-1,3,1,0.0,1.0,-1,6,30,1,1,1,15:57,3,1,9
2023501318564,2023,501318564,2,2,1,1,59,9,3,0,0,0,0,0,1,5,E01018975,3,1,0.0,1.0,-1,6,30,1,1,1,10:02,3,2,1
2023010448762,2023,010448762,2,2,1,1,25,5,3,0,0,0,0,0,9,3,E01000638,-1,0,0.0,1.0,-1,2,20,1,1,1,13:15,3,2,9
2023170L10653,2023,170L10653,1,1,1,1,37,7,1,0,0,0,0,0,9,8,E01012065,-1,0,0.0,0.0,-1,6,30,2,1,2,20:05,6,1,9
2023211342643,2023,211342643,1,1,3,2,44,7,3,5,9,0,0,0,0,-1,-1,3,1,0.0,1.0,-1,6,30,1,1,1,11:18,2,1,9
2023131292943,2023,131292943,1,1,2,1,11,3,3,0,0,2,0,0,9,2,E01010718,3,1,0.0,1.0,-1,6,30,1,1,1,11:32,1,2,9
2023201339765,2023,201339765,2,1,1,2,40,7,3,0,0,0,0,0,9,1,E01008905,3,1,0.0,1.0,-1,6,30,1,1,1,18:00,3,2,9
2023421335927,2023,421335927,1,1,1,2,56,9,3,0,0,0,0,0,9,-1,-1,3,1,0.0,1.0,-1,6,30,2,1,2,14:50,2,2,9
2023421355366,2023,421355366,1,1,1,1,53,8,3,0,0,0,0,0,9,1,E01021576,3,1,0.0,1.0,-1,6,30,1,1,1,17:38,6,2,9
2023440363624,2023,440363624,2,2,2,1,76,11,3,0,0,1,0,0,9,-1,-1,-1,0,0.13246,0.86754,-1,6,60,1,1,1,10:13,5,2,9
2023010451193,2023,010451193,1,4,2,1,5,1,3,0,0,2,0,0,9,5,E01000265,-1,0,0.0,1.0,-1,3,30,1,1,1,17:47,7,3,9
2023161335461,2023,161335461,2,2,1,2,19,4,3,0,0,0,0,0,9,4,E01013050,3,1,0.0,1.0,-1,6,60,1,1,1,12:00,1,2,9
2023361302832,2023,361302832,2,2,1,2,57,9,3,0,0,0,0,0,9,5,E01026643,3,1,0.0,1.0,-1,6,60,1,1,2,13:50,4,2,9
2023052301261,2023,052301261,1,2,3,2,11,3,3,8,3,0,0,0,0,2,E01006479,-1,0,0.13811,0.86189,-1,6,30,1,1,1,17:02,4,1,9
2023010428353,2023,010428353,1,1,1,1,22,5,3,0,0,0,0,0,1,2,E01003634,-1,0,0.0,1.0,-1,2,20,1,1,1,08:40,3,2,1
2023440136657,2023,440136657,1,1,1,1,20,4,3,0,0,0,0,0,9,8,E01022591,-1,0,0.13555,0.86445,-1,6,60,1,6,2,21:41,5,1,9
2023542168423,2023,542168423,2,2,1,2,31,6,3,0,0,0,0,0,9,-1,-1,-1,0,0.05701,0.94299,-1,6,60,1,1,1,14:20,2,3,9
2023552301000,2023,552301000,1,4,1,1,22,5,3,0,0,0,0,0,9,5,E01000224,-1,0,0.08626,0.91374,-1,3,70,1,5,1,21:28,5,2,9
2023622300562,2023,622300562,1,1,1,2,30,6,2,0,0,0,0,0,9,10,W01001843,-1,0,1.0,0.0,-1,1,50,1,1,1,19:42,2,1,9
2023101376083,2023,101376083,2,2,1,1,35,6,2,0,0,0,0,0,19,5,E01008276,6,1,1.0,0.0,-1,3,40,1,1,2,11:58,7,2,19
2023010470686,2023,010470686,1,1,1,2,19,4,3,0,0,0,0,0,9,4,E01021815,-1,0,0.0,1.0,-1,6,30,1,4,1,23:00,7,1,9
2023052301283,2023,052301283,2,1,2,1,14,3,3,0,0,2,0,0,9,3,E01007137,-1,0,0.07012,0.92988,-1,6,30,1,1,1,21:08,3,2,9
2023311273829,2023,311273829,1,2,1,1,35,6,3,0,0,0,0,0,9,-1,-1,3,1,0.0,1.0,-1,6,30,1,1,1,12:41,3,2,9
2023430358390,2023,430358390,1,1,1,2,75,10,3,0,0,0,0,0,9,10,E01017630,-1,0,0.0077,0.9923,-1,6,30,1,1,1,13:01,5,2,9
2023131311016,2023,131311016,2,1,1,1,47,8,3,0,0,0,0,0,19,1,E01010843,3,1,0.0,1.0,-1,3,30,1,1,1,21:05,3,2,19
2023070728345,2023,070728345,2,1,1,1,37,7,3,0,0,0,0,0,1,-1,-1,-1,0,0.09603,0.90397,-1,6,30,1,4,1,21:10,3,2,1
2023221379532,2023,221379532,2,1,1,1,50,8,2,0,0,0,0,0,1,5,E01028864,6,1,1.0,0.0,-1,6,60,1,6,1,17:28,6,2,1
2023201365922,2023,201365922,2,1,3,1,25,5,2,6,9,0,0,2,0,2,E01010101,7,1,1.0,0.0,-1,6,30,1,1,1,08:50,6,4,9
2023041370140,2023,041370140,1,1,1,1,21,5,3,0,0,0,0,0,9,9,E01025039,3,1,0.0,1.0,-1,6,30,1,4,2,06:25,6,2,9