collision_index,collision_year,collision_ref_no,vehicle_reference,casualty_reference,casualty_class,sex_of_casualty,age_of_casualty,age_band_of_casualty,casualty_severity,pedestrian_location,pedestrian_movement,car_passenger,bus_or_coach_passenger,pedestrian_road_maintenance_worker,casualty_type,casualty_imd_decile,lsoa_of_casualty,enhanced_casualty_severity,casualty_injury_based,casualty_adjusted_severity_serious,casualty_adjusted_severity_slight,casualty_distance_banding,road_type,speed_limit,weather_conditions,light_conditions,road_surface_conditions,time,day_of_week,number_of_vehicles,vehicle_type
2023461282106,2023,461282106,2,1,1,1,56,9,3,0,0,0,0,0,9,6,E01024807,3,1,0.0,1.0,-1,6,30,1,4,1,17:56,4,2,9
2023010453508,2023,010453508,1,1,2,1,-1,-1,3,0,0,0,4,0,11,1,E01003252,-1,0,0.0,1.0,-1,7,20,1,1,1,20:00,4,2,11
2023010465992,2023,010465992,1,1,2,2,20,4,3,0,0,0,4,0,11,2,E01004398,-1,0,0.0,1.0,-1,6,30,1,1,1,17:25,5,2,11
2023010467657,2023,010467657,1,1,1,1,47,8,3,0,0,0,0,0,-1,2,E01004455,-1,0,0.0,1.0,-1,6,20,1,1,1,16:00,6,2,-1
2023101429867,2023,101429867,1,1,1,1,32,6,2,0,0,0,0,0,97,1,E01027416,6,1,1.0,0.0,-1,6,30,1,4,2,03:20,2,1,97
2023411307941,2023,411307941,1,1,3,2,86,11,3,6,9,0,0,0,0,10,E01023371,3,1,0.0,1.0,-1,6,30,1,1,1,12:35,1,2,9
2023471389586,2023,471389586,1,1,3,2,77,11,3,9,8,0,0,0,0,2,E01021103,3,1,0.0,1.0,-1,6,60,1,1,1,10:10,1,1,9
2023101390575,2023,101390575,2,1,1,2,-1,-1,2,0,0,0,0,0,1,4,E01008624,7,1,1.0,0.0,-1,6,20,1,1,1,11:35,3,2,1
2023471318251,2023,471318251,1,1,1,1,62,9,3,0,0,0,0,0,5,10,E01031739,3,1,0.0,1.0,-1,6,60,1,1,1,17:10,3,3,5
2023010419280,2023,010419280,2,1,1,2,35,6,3,0,0,0,0,0,9,6,E01004634,-1,0,0.0,1.0,-1,6,20,2,4,2,23:10,1,2,9
2023052301679,2023,052301679,2,3,2,1,62,9,3,0,0,2,0,0,9,1,E01007087,-1,0,0.06124,0.93876,-1,6,30,2,4,2,17:22,6,2,9
2023161391496,2023,161391496,1,1,1,1,23,5,3,0,0,0,0,0,9,6,E01012766,3,1,0.0,1.0,-1,6,60,1,1,2,14:55,6,1,9
2023052302255,2023,052302255,2,3,2,1,12,3,3,0,0,1,0,0,9,5,E01007235,-1,0,0.07002,0.92998,-1,6,50,1,1,1,17:46,6,2,9
2023451362937,2023,451362937,2,1,1,1,29,6,3,0,0,0,0,0,9,5,E01030572,3,1,0.0,1.0,-1,3,30,1,4,1,19:00,7,2,9
2023471373735,2023,471373735,1,1,1,2,20,4,3,0,0,0,0,0,9,5,E01031401,3,1,0.0,1.0,-1,6,60,2,6,2,22:40,1,1,9
2023520300968,2023,520300968,2,2,1,2,41,7,3,0,0,0,0,0,9,1,E01029106,-1,0,0.00611,0.99389,-1,6,30,1,1,1,09:00,4,2,9
2023991322707,2023,991322707,1,1,1,1,41,7,2,0,0,0,0,0,4,6,-1,7,1,1.0,0.0,-1,6,60,1,1,2,14:35,6,1,4
2023401343960,2023,401343960,1,1,1,1,53,8,2,0,0,0,0,0,5,9,E01006393,6,1,1.0,0.0,-1,3,70,1,1,1,14:51,5,1,5
2023340NN1922,2023,340NN1922,1,1,1,1,41,7,2,0,0,0,0,0,9,2,E01026957,-1,0,1.0,0.0,-1,6,40,1,6,1,04:40,3,2,9
2023010423134,2023,010423134,1,1,3,1,45,7,3,10,9,0,0,0,0,6,E01002358,-1,0,0.0,1.0,-1,1,30,1,4,1,17:42,2,3,9
2023010420260,2023,010420260,1,1,1,2,16,4,3,0,0,0,0,0,1,4,E01001739,-1,0,0.0,1.0,-1,6,20,1,1,1,08:40,5,2,1
2023031350956,2023,031350956,1,1,2,1,3,1,3,0,0,2,0,0,9,-1,-1,3,1,0.0,1.0,-1,3,70,2,1,2,16:42,1,1,9
2023131286514,2023,131286514,1,1,1,1,33,6,2,0,0,0,0,0,9,1,E01011138,5,1,1.0,0.0,-1,3,40,1,1,1,07:40,3,2,9
2023401289522,2023,401289522,5,3,1,2,54,8,3,0,0,0,0,0,9,9,E01017445,3,1,0.0,1.0,-1,6,40,4,1,2,11:57,2,5,9
2023461351945,2023,461351945,1,1,3,1,33,6,3,5,1,0,0,2,0,3,E01000089,3,1,0.0,1.0,-1,6,30,1,1,1,16:35,2,1,9
2023010467593,2023,010467593,1,1,1,1,42,7,3,0,0,0,0,0,1,5,E01000636,-1,0,0.0,1.0,-1,6,20,1,1,1,08:50,2,1,1
2023010462335,2023,010462335,1,1,1,1,37,7,3,0,0,0,0,0,5,1,E01022323,-1,0,0.0,1.0,-1,1,30,1,1,1,11:30,6,2,5
2023122300358,2023,122300358,1,1,1,2,63,9,3,0,0,0,0,0,9,5,E01027798,-1,0,0.14463,0.85537,-1,6,60,4,1,2,00:01,5,2,9
2023401383487,2023,401383487,1,1,1,1,36,7,3,0,0,0,0,0,19,7,E01017434,3,1,0.0,1.0,-1,6,60,1,1,2,10:51,2,2,19
2023340WN3872,2023,340WN3872,2,1,2,2,45,7,3,0,0,0,0,0,21,-1,-1,-1,0,0.02479,0.97521,-1,3,70,1,1,1,16:30,4,2,21
2023421376901,2023,421376901,2,1,1,1,30,6,2,0,0,0,0,0,1,2,E01015861,7,1,1.0,0.0,-1,3,40,2,4,2,18:20,1,2,1
2023010475416,2023,010475416,1,1,1,2,27,6,3,0,0,0,0,0,3,4,E01003308,-1,0,0.0,1.0,-1,6,30,2,4,2,22:26,4,1,3
2023041329750,2023,041329750,1,1,1,1,57,9,3,0,0,0,0,0,9,1,E01025171,3,1,0.0,1.0,-1,7,40,1,1,1,12:55,7,2,9
2023131327681,2023,131327681,1,1,1,1,33,6,3,0,0,0,0,0,9,10,E01011382,3,1,0.0,1.0,-1,6,60,1,1,1,08:05,2,1,9
2023371278260,2023,371278260,3,3,1,2,23,5,3,0,0,0,0,0,9,8,E01026141,3,1,0.0,1.0,-1,6,40,1,6,1,17:49,5,3,9
2023461313904,2023,461313904,2,2,1,1,42,7,3,0,0,0,0,0,9,5,E01024639,3,1,0.0,1.0,-1,7,70,1,1,1,09:37,3,2,9
2023520400755,2023,520400755,2,2,1,1,23,5,3,0,0,0,0,0,8,3,E01014501,-1,0,0.047,0.953,-1,3,70,2,6,2,22:00,5,2,8
2023010435758,2023,010435758,1,1,1,2,26,6,3,0,0,0,0,0,9,5,E01003664,-1,0,0.0,1.0,-1,6,30,8,1,1,06:10,3,2,9
2023131260767,2023,131260767,1,1,1,1,27,6,3,0,0,0,0,0,9,8,E01032488,3,1,0.0,1.0,-1,6,40,1,4,2,03:47,1,1,9
2023311317842,2023,311317842,2,1,1,1,21,5,2,0,0,0,0,0,9,6,E01028109,7,1,1.0,0.0,-1,6,30,1,1,1,18:45,7,2,9
2023991355673,2023,991355673,2,1,2,2,69,10,2,0,0,2,0,0,9,-1,-1,7,1,1.0,0.0,-1,6,40,1,1,1,12:47,7,2,9
2023141297600,2023,141297600,2,3,2,1,76,11,3,0,0,1,0,0,9,7,E01007692,3,1,0.0,1.0,-1,6,60,1,1,1,18:40,2,2,9
2023471370940,2023,471370940,1,1,1,2,75,10,3,0,0,0,0,0,9,2,E01020929,3,1,0.0,1.0,-1,6,30,1,1,1,14:24,1,3,9
2023010473180,2023,010473180,1,1,2,2,59,9,2,0,0,0,4,0,11,8,E01001906,-1,0,1.0,0.0,-1,6,20,1,4,1,22:01,6,1,11
2023221334142,2023,221334142,1,1,1,1,19,4,3,0,0,0,0,0,23,6,E01014006,3,1,0.0,1.0,-1,6,30,1,1,2,14:50,4,2,23
2023430300386,2023,430300386,2,1,1,1,17,4,3,0,0,0,0,0,-1,8,E01028595,-1,0,0.10413,0.89587,-1,6,30,1,1,1,12:30,6,2,-1
2023131313407,2023,131313407,1,1,3,2,36,7,3,4,1,0,0,2,0,3,E01033690,3,1,0.0,1.0,-1,6,20,1,1,1,14:00,6,1,9
2023311364834,2023,311364834,1,1,3,1,12,3,2,5,2,0,0,0,0,10,E01028215,7,1,1.0,0.0,-1,6,30,8,1,2,17:31,5,1,9
2023552300827,2023,552300827,1,1,3,1,45,7,3,6,9,0,0,0,0,3,E01015285,-1,0,0.14244,0.85756,-1,6,30,1,1,1,11:28,6,1,9
2023302300361,2023,302300361,2,1,1,1,16,4,3,0,0,0,0,0,2,3,E01019776,-1,0,0.05886,0.94114,-1,6,30,1,1,2,09:00,5,2,2
2023010473887,2023,010473887,1,1,1,1,39,7,3,0,0,0,0,0,3,2,E01001509,-1,0,0.0,1.0,-1,6,20,1,1,1,15:32,1,2,3
2023201289039,2023,201289039,3,1,1,-1,73,10,3,0,0,0,0,0,9,2,E01010265,3,1,0.0,1.0,-1,6,30,1,1,2,11:38,2,4,9
2023201374220,2023,201374220,3,3,1,1,49,8,3,0,0,0,0,0,9,2,E01010508,3,1,0.0,1.0,-1,6,40,1,1,1,11:47,4,4,9
202363A031223,2023,63A031223,1,1,1,1,66,10,3,0,0,0,0,0,9,-1,-1,-1,0,0.14701,0.85299,-1,3,40,1,1,1,12:04,1,3,9
2023010440686,2023,010440686,1,1,3,1,30,6,3,1,1,0,0,0,0,4,E01000418,-1,0,0.0,1.0,-1,6,20,1,1,1,12:06,3,1,97
2023471392812,2023,471392812,1,1,3,1,64,9,3,7,1,0,0,0,0,7,E01020962,3,1,0.0,1.0,-1,3,40,2,1,2,14:20,5,1,9
2023531364822,2023,531364822,2,1,1,1,71,10,3,0,0,0,0,0,5,9,E01032710,3,1,0.0,1.0,-1,6,40,2,1,2,15:15,5,2,5
2023010421666,2023,010421666,1,1,1,1,20,4,3,0,0,0,0,0,9,2,E01001441,-1,0,0.0,1.0,-1,9,20,9,1,9,15:04,7,2,9
2023302300086,2023,302300086,1,2,2,2,46,8,3,0,0,1,0,0,9,3,E01019797,-1,0,0.00682,0.99318,-1,6,30,1,1,1,12:30,7,2,9
2023401357199,2023,401357199,1,1,1,1,32,6,3,0,0,0,0,0,9,2,E01015720,3,1,0.0,1.0,-1,6,30,1,4,1,23:08,5,2,9
2023421359143,2023,421359143,1,1,1,1,24,5,3,0,0,0,0,0,9,3,E01029985,3,1,0.0,1.0,-1,3,70,1,1,1,06:40,4,1,9
2023531295141,2023,531295141,1,1,1,2,32,6,2,0,0,0,0,0,9,7,E01022397,7,1,1.0,0.0,-1,6,30,2,1,2,07:04,2,2,9
2023991324716,2023,991324716,2,1,2,1,36,7,3,0,0,1,0,0,9,3,-1,3,1,0.0,1.0,-1,6,30,2,1,2,10:30,7,2,9
2023991334542,2023,991334542,1,2,1,1,19,4,3,0,0,0,0,0,9,3,-1,3,1,0.0,1.0,-1,6,30,1,1,1,21:40,6,2,9
2023070439426,2023,070439426,2,2,2,1,-1,-1,3,0,0,1,0,0,19,-1,-1,-1,0,0.00545,0.99455,-1,6,30,1,1,1,18:00,2,2,19
2023010427438,2023,010427438,1,1,1,1,61,9,3,0,0,0,0,0,9,7,E01001399,-1,0,0.0,1.0,-1,9,30,1,4,1,19:00,4,2,9
2023031384184,2023,031384184,2,1,1,2,70,10,3,0,0,0,0,0,9,7,E01019155,3,1,0.0,1.0,-1,6,40,2,1,2,12:55,5,3,9
2023131370676,2023,131370676,3,1,1,2,58,9,3,0,0,0,0,0,9,3,E01011541,3,1,0.0,1.0,-1,6,30,7,1,1,08:10,7,3,9
2023451305839,2023,451305839,1,1,1,2,52,8,3,0,0,0,0,0,9,9,E01030612,3,1,0.0,1.0,-1,7,70,1,4,1,20:45,3,1,9
2023471348170,2023,471348170,2,2,2,2,76,11,3,0,0,1,0,0,9,6,E01031345,3,1,0.0,1.0,-1,6,60,1,1,1,15:05,1,2,9
2023991375414,2023,991375414,2,1,1,2,27,6,3,0,0,0,0,0,9,-1,-1,3,1,0.0,1.0,-1,3,30,1,1,1,16:15,4,2,9
2023520300610,2023,520300610,2,25,2,1,31,6,3,0,0,0,4,0,11,3,E01029093,-1,0,0.05833,0.94167,-1,6,40,1,6,4,06:00,3,3,11
2023520301474,2023,520301474,1,1,3,1,11,3,3,1,3,0,0,0,0,3,E01029111,-1,0,0.11043,0.88957,-1,6,30,1,1,1,15:19,7,1,9
2023010472511,2023,010472511,1,1,1,1,30,6,3,0,0,0,0,0,1,2,E01000550,-1,0,0.0,1.0,-1,6,30,1,4,1,19:00,2,2,1
2023411365012,2023,411365012,2,3,2,2,45,7,3,0,0,2,0,0,8,-1,-1,3,1,0.0,1.0,-1,1,60,2,6,2,00:10,7,2,8
2023041268582,2023,041268582,1,2,1,1,30,6,3,0,0,0,0,0,19,1,E01025217,3,1,0.0,1.0,-1,6,20,1,6,1,17:45,5,2,19
2023010444169,2023,010444169,1,1,1,2,20,4,3,0,0,0,0,0,9,2,E01016159,-1,0,0.0,1.0,-1,9,30,1,4,1,23:49,7,2,9
2023131296814,2023,131296814,1,1,1,2,45,7,3,0,0,0,0,0,9,1,E01010663,3,1,0.0,1.0,-1,3,70,2,1,2,19:05,6,1,9
2023471360325,2023,471360325,1,5,1,1,28,6,3,0,0,0,0,0,9,3,E01021178,3,1,0.0,1.0,-1,6,30,1,6,1,18:50,6,2,9
2023010474019,2023,010474019,1,1,2,2,24,5,3,0,0,1,0,0,9,2,E01002392,-1,0,0.0,1.0,-1,3,50,1,1,1,14:28,4,2,9
2023451315704,2023,451315704,1,1,1,2,63,9,2,0,0,0,0,0,9,8,E01022620,5,1,1.0,0.0,-1,3,70,1,6,1,01:30,4,1,9
2023552300123,2023,552300123,1,1,3,1,67,10,3,8,3,0,0,0,0,6,E01015355,-1,0,0.18945,0.81055,-1,6,30,1,4,1,20:06,5,1,9
2023161377353,2023,161377353,2,1,1,1,30,6,2,0,0,0,0,0,-1,4,E01012776,7,1,1.0,0.0,-1,6,40,1,4,1,22:26,3,2,-1
2023061347063,2023,061347063,2,1,1,1,28,6,3,0,0,0,0,0,9,2,E01005950,3,1,0.0,1.0,-1,6,30,1,1,1,13:50,7,2,9
2023131367782,2023,131367782,1,1,1,1,61,9,3,0,0,0,0,0,9,8,E01011556,3,1,0.0,1.0,-1,6,30,1,1,2,11:55,6,2,9
2023421300095,2023,421300095,2,1,1,1,24,5,3,0,0,0,0,0,9,4,E01021822,3,1,0.0,1.0,-1,1,40,1,1,1,18:20,5,2,9
2023540503523,2023,540503523,2,3,2,2,26,6,3,0,0,1,0,0,9,10,E01032072,-1,0,0.03558,0.96442,-1,6,40,1,4,2,18:57,1,2,9
2023552300632,2023,552300632,2,7,2,1,5,1,3,0,0,2,0,0,9,4,E01029186,-1,0,0.07929,0.92071,-1,6,60,1,1,1,16:16,6,2,9
2023010420080,2023,010420080,2,1,1,1,36,7,3,0,0,0,0,0,2,4,E01002681,-1,0,0.0,1.0,-1,6,20,2,1,2,11:15,7,2,2
2023010453944,2023,010453944,1,1,3,1,48,8,2,5,9,0,0,0,0,2,E01001351,-1,0,1.0,0.0,-1,3,20,1,1,1,14:35,6,1,9
2023471349288,2023,471349288,2,1,1,2,62,9,3,0,0,0,0,0,1,10,E01031424,3,1,0.0,1.0,-1,3,50,1,4,1,19:25,3,2,1
2023400411580,2023,400411580,1,3,2,2,21,5,3,0,0,1,0,0,9,3,E01016746,-1,0,0.02261,0.97739,-1,6,60,1,7,1,21:19,4,2,9
2023010479567,2023,010479567,1,1,2,1,76,11,3,0,0,0,4,0,11,2,E01001447,-1,0,0.0,1.0,-1,6,30,1,4,1,16:01,4,1,11
2023041276763,2023,041276763,1,1,2,1,81,11,3,0,0,1,0,0,9,1,E01025067,3,1,0.0,1.0,-1,3,50,1,1,1,12:28,2,2,9
2023371344728,2023,371344728,1,3,2,2,66,10,2,0,0,1,0,0,9,8,E01001452,7,1,1.0,0.0,-1,6,40,1,1,1,09:23,7,2,9
2023430406534,2023,430406534,1,1,1,2,33,6,3,0,0,0,0,0,9,5,E01017844,-1,0,0.01066,0.98934,-1,6,30,5,1,2,16:05,1,2,9
2023501343230,2023,501343230,1,3,2,2,9,2,3,0,0,2,0,0,9,1,E01015043,3,1,0.0,1.0,-1,3,30,2,1,2,17:06,6,3,9
2023552300070,2023,552300070,1,1,1,1,29,6,3,0,0,0,0,0,9,7,E01020509,-1,0,0.09923,0.90077,-1,6,60,2,6,2,20:37,6,1,9
2023430060561,2023,430060561,2,1,1,1,33,6,3,0,0,0,0,0,97,9,E01022522,-1,0,0.14842,0.85158,-1,6,30,1,1,1,08:30,5,2,97
2023531261739,2023,531261739,1,1,3,2,38,7,3,1,1,0,0,0,0,2,E01022332,3,1,0.0,1.0,-1,6,30,2,4,2,17:05,3,1,9
2023010424259,2023,010424259,1,1,1,1,33,6,3,0,0,0,0,0,3,3,E01001488,-1,0,0.0,1.0,-1,1,20,1,1,1,14:40,1,2,3
2023010444101,2023,010444101,2,1,1,1,49,8,3,0,0,0,0,0,3,6,E01002640,-1,0,0.0,1.0,-1,6,20,1,1,1,11:23,7,2,3
2023010463212,2023,010463212,1,1,1,1,31,6,3,0,0,0,0,0,3,6,E01003394,-1,0,0.0,1.0,-1,6,30,1,1,1,14:03,2,2,3
2023501323974,2023,501323974,1,1,1,1,20,4,3,0,0,0,0,0,3,4,E01020017,3,1,0.0,1.0,-1,6,30,1,1,1,19:56,7,1,3
2023351282721,2023,351282721,2,1,1,2,54,8,3,0,0,0,0,0,9,10,E01018240,3,1,0.0,1.0,-1,3,30,1,1,-1,15:50,4,2,9
2023401277212,2023,401277212,2,1,1,2,33,6,3,0,0,0,0,0,9,5,E01015762,3,1,0.0,1.0,-1,6,30,1,1,-1,15:20,2,2,9
2023631347809,2023,631347809,1,1,1,2,50,8,2,0,0,0,0,0,9,4,W01000672,7,1,1.0,0.0,-1,6,60,1,6,1,21:00,6,2,9
2023010472614,2023,010472614,2,1,1,1,-1,-1,3,0,0,0,0,0,1,-1,-1,-1,0,0.0,1.0,-1,2,20,1,1,1,07:44,4,2,1
2023320033321,2023,320033321,1,1,1,2,52,8,2,0,0,0,0,0,9,3,E01026099,-1,0,1.0,0.0,-1,6,60,1,1,4,07:50,3,2,9
2023332300985,2023,332300985,1,1,1,1,26,6,3,0,0,0,0,0,9,7,E01013686,-1,0,0.02567,0.97433,-1,6,30,8,4,2,21:25,6,2,9
2023461288099,2023,461288099,1,1,1,1,19,4,3,0,0,0,0,0,9,4,E01024444,3,1,0.0,1.0,-1,6,40,1,6,1,19:35,1,2,9
2023461364075,2023,461364075,2,1,1,2,18,4,3,0,0,0,0,0,9,8,E01003823,3,1,0.0,1.0,-1,6,30,1,1,1,16:29,7,2,9
2023531309399,2023,531309399,2,1,1,1,34,6,3,0,0,0,0,0,19,2,E01028311,3,1,0.0,1.0,-1,3,50,1,1,1,17:05,6,3,19
2023010439902,2023,010439902,1,1,3,1,44,7,3,3,2,0,0,0,0,2,E01001980,-1,0,0.0,1.0,-1,6,20,2,4,2,20:24,5,1,90
2023461270820,2023,461270820,2,1,1,2,31,6,3,0,0,0,0,0,3,1,E01024278,3,1,0.0,1.0,-1,6,30,1,1,1,05:30,4,2,3
2023320578495,2023,320578495,2,1,1,1,45,7,3,0,0,0,0,0,5,7,E01026155,-1,0,0.11372,0.88628,-1,6,30,1,1,1,12:30,3,2,5
2023461326051,2023,461326051,1,1,1,1,20,4,2,0,0,0,0,0,9,6,E01024038,7,1,1.0,0.0,-1,6,60,2,1,2,19:20,2,1,9
2023010464351,2023,010464351,2,1,1,1,21,5,3,0,0,0,0,0,1,4,E01000477,-1,0,0.0,1.0,-1,7,30,1,1,1,07:28,4,2,1
2023010441732,2023,010441732,1,1,1,1,19,4,3,0,0,0,0,0,3,5,E01000911,-1,0,0.0,1.0,-1,6,20,1,4,1,23:40,1,2,3
2023010479914,2023,010479914,1,1,1,1,46,8,3,0,0,0,0,0,3,3,E01004600,-1,0,0.0,1.0,-1,6,20,1,1,1,13:30,4,2,3
2023311393194,2023,311393194,1,1,1,1,20,4,3,0,0,0,0,0,9,3,E01033392,3,1,0.0,1.0,-1,6,30,1,4,2,00:31,7,1,9
2023010474405,2023,010474405,1,1,1,1,34,6,3,0,0,0,0,0,9,-1,-1,-1,0,0.0,1.0,-1,6,40,2,6,2,17:40,6,2,9
2023052301846,2023,052301846,1,1,1,1,21,5,3,0,0,0,0,0,9,5,E01006983,-1,0,0.03833,0.96167,-1,3,30,1,1,1,17:00,2,2,9
2023201289032,2023,201289032,2,1,1,1,43,7,3,0,0,0,0,0,9,2,E01010261,3,1,0.0,1.0,-1,6,30,1,1,1,10:41,5,2,9
2023471350082,2023,471350082,2,1,1,2,62,9,3,0,0,0,0,0,9,6,E01016927,3,1,0.0,1.0,-1,6,20,1,1,1,10:30,3,2,9
2023501333384,2023,501333384,2,1,1,1,53,8,3,0,0,0,0,0,9,3,E01015195,3,1,0.0,1.0,-1,1,40,8,1,1,13:46,1,2,9
2023430421593,2023,430421593,2,1,1,1,43,7,3,0,0,0,0,0,5,10,E01028815,-1,0,0.02565,0.97435,-1,1,60,1,1,1,16:20,3,2,5
2023010421371,2023,010421371,1,3,2,2,14,3,3,0,0,2,0,0,9,2,E01003196,-1,0,0.0,1.0,-1,1,30,2,1,2,11:38,7,2,9
2023061389656,2023,061389656,2,2,2,1,-1,-1,3,0,0,1,0,0,9,-1,-1,3,1,0.0,1.0,-1,3,30,5,4,-1,22:47,7,2,9
2023501309586,2023,501309586,1,2,2,2,73,10,3,0,0,2,0,0,9,2,E01019047,3,1,0.0,1.0,-1,6,30,1,1,1,18:05,7,1,9
2023522400712,2023,522400712,1,1,1,1,46,8,3,0,0,0,0,0,9,10,E01014875,-1,0,0.00703,0.99297,-1,1,40,2,7,2,07:36,5,2,9
2023631314619,2023,631314619,1,3,2,2,17,4,3,0,0,2,0,0,9,-1,-1,3,1,0.0,1.0,-1,6,60,1,1,1,19:00,7,2,9
2023501399365,2023,501399365,1,1,3,1,50,8,3,1,1,0,0,0,0,9,E01015034,3,1,0.0,1.0,-1,6,30,1,1,1,08:50,3,1,9
2023320340901,2023,320340901,2,1,1,2,64,9,1,0,0,0,0,0,5,6,E01026399,-1,0,0.0,0.0,-1,6,50,1,1,1,10:53,1,2,5
2023501327541,2023,501327541,2,1,1,1,28,6,2,0,0,0,0,0,5,4,E01018955,7,1,1.0,0.0,-1,6,60,1,1,1,07:44,3,2,5
2023010463700,2023,010463700,2,3,2,1,4,1,3,0,0,2,0,0,9,3,E01002283,-1,0,0.0,1.0,-1,3,30,1,1,1,15:37,7,2,9
2023010477979,2023,010477979,1,2,2,1,21,5,3,0,0,2,0,0,9,2,E01002735,-1,0,0.0,1.0,-1,6,30,1,4,2,17:10,3,2,9
2023041319979,2023,041319979,2,1,1,1,37,7,3,0,0,0,0,0,9,2,E01025077,3,1,0.0,1.0,-1,6,50,1,1,1,14:55,7,2,9
2023430203712,2023,430203712,2,1,1,1,49,8,3,0,0,0,0,0,9,10,E01016350,-1,0,0.04289,0.95711,-1,6,30,1,1,1,16:13,4,2,9
2023440229952,2023,440229952,1,3,2,1,31,6,3,0,0,2,0,0,9,3,E01017019,-1,0,0.11708,0.88292,-1,3,50,1,1,1,13:51,7,1,9
2023440292343,2023,440292343,2,1,1,1,14,3,2,0,0,0,0,0,-1,1,E01017201,-1,0,1.0,0.0,-1,6,30,1,1,1,20:10,5,2,-1
2023010466933,2023,010466933,1,1,1,2,33,6,3,0,0,0,0,0,9,3,E01000432,-1,0,0.0,1.0,-1,3,40,1,1,1,09:35,3,3,9
2023061273745,2023,061273745,2,1,1,2,63,9,2,0,0,0,0,0,9,3,E01004868,7,1,1.0,0.0,-1,9,30,2,4,2,21:07,5,2,9
2023070624561,2023,070624561,1,3,1,1,27,6,3,0,0,0,0,0,9,7,E01018372,-1,0,0.05866,0.94134,-1,3,20,1,1,1,06:00,4,2,9
2023421284879,2023,421284879,2,1,1,2,46,8,3,0,0,0,0,0,1,2,E01021279,3,1,0.0,1.0,-1,6,40,1,1,1,09:00,5,2,1
2023361308535,2023,361308535,2,2,1,1,50,8,2,0,0,0,0,0,5,6,E01026701,7,1,1.0,0.0,-1,6,40,1,1,1,15:00,3,2,5
2023010461564,2023,010461564,1,1,1,2,24,5,3,0,0,0,0,0,9,8,E01022195,-1,0,0.0,1.0,-1,6,20,1,1,1,12:50,1,2,9
2023311328347,2023,311328347,1,1,2,2,85,11,3,0,0,0,1,0,11,4,E01027950,3,1,0.0,1.0,-1,6,30,1,1,1,11:00,3,1,11
2023010468677,2023,010468677,2,1,1,2,44,7,3,0,0,0,0,0,9,9,E01000456,-1,0,0.0,1.0,-1,6,30,1,4,1,20:15,4,3,9
2023421273065,2023,421273065,1,1,3,2,55,8,3,5,1,0,0,0,0,10,E01021960,3,1,0.0,1.0,-1,6,30,1,1,1,08:26,2,1,9
2023141378355,2023,141378355,2,1,1,1,-1,-1,3,0,0,0,0,0,1,-1,-1,3,1,0.0,1.0,-1,6,20,1,4,1,06:05,5,2,1
2023520300066,2023,520300066,1,1,1,1,16,4,3,0,0,0,0,0,1,1,E01029293,-1,0,0.01835,0.98165,-1,3,40,2,1,2,15:45,4,2,1
2023131348012,2023,131348012,1,1,1,1,75,10,2,0,0,0,0,0,9,2,E01011227,6,1,1.0,0.0,-1,6,60,1,1,1,16:53,7,1,9
2023471320951,2023,471320951,1,3,1,2,57,9,3,0,0,0,0,0,9,10,E01030617,3,1,0.0,1.0,-1,3,50,1,1,1,18:00,3,3,9
2023010434014,2023,010434014,1,1,1,1,32,6,3,0,0,0,0,0,3,5,E01002682,-1,0,0.0,1.0,-1,6,30,2,1,2,16:15,6,2,3
2023631339148,2023,631339148,1,1,1,1,20,4,3,0,0,0,0,0,5,5,E01028982,3,1,0.0,1.0,-1,6,60,1,6,1,21:15,2,1,5
2023010463439,2023,010463439,2,1,1,1,35,6,3,0,0,0,0,0,9,1,E01002094,-1,0,0.0,1.0,-1,3,20,1,4,1,20:37,5,4,9
2023010469114,2023,010469114,1,1,1,1,39,7,2,0,0,0,0,0,9,2,E01021816,-1,0,1.0,0.0,-1,6,40,1,4,1,05:18,7,2,9
2023440036334,2023,440036334,1,1,1,2,32,6,3,0,0,0,0,0,9,8,E01031977,-1,0,0.05929,0.94071,-1,3,70,1,1,1,14:20,6,2,9
2023451275091,2023,451275091,1,1,1,2,41,7,3,0,0,0,0,0,9,1,E01000153,3,1,0.0,1.0,-1,3,70,1,1,1,13:00,6,2,9
2023501301762,2023,501301762,2,3,2,2,16,4,2,0,0,1,0,0,9,3,E01018815,6,1,1.0,0.0,-1,6,60,2,1,2,15:41,5,2,9
2023991393473,2023,991393473,2,1,1,1,41,7,3,0,0,0,0,0,9,4,-1,3,1,0.0,1.0,-1,6,30,2,1,2,09:00,5,2,9
2023421297764,2023,421297764,2,1,1,1,43,7,3,0,0,0,0,0,19,2,E01021327,3,1,0.0,1.0,-1,1,30,1,1,1,17:55,2,2,19
2023332300678,2023,332300678,1,1,1,1,35,6,3,0,0,0,0,0,9,5,E01025610,-1,0,0.01917,0.98083,-1,6,30,1,1,1,17:55,2,3,9
2023991372559,2023,991372559,2,1,1,2,36,7,3,0,0,0,0,0,9,1,-1,3,1,0.0,1.0,-1,6,60,1,1,1,14:10,4,2,9
2023010425247,2023,010425247,4,1,1,1,42,7,3,0,0,0,0,0,9,5,E01033741,-1,0,0.0,1.0,-1,3,20,1,4,1,00:05,7,4,9
2023451269055,2023,451269055,2,1,1,2,57,9,3,0,0,0,0,0,9,8,E01000777,3,1,0.0,1.0,-1,3,70,1,1,1,13:34,6,2,9