collision_index,collision_year,collision_ref_no,vehicle_reference,casualty_reference,casualty_class,sex_of_casualty,age_of_casualty,age_band_of_casualty,casualty_severity,pedestrian_location,pedestrian_movement,car_passenger,bus_or_coach_passenger,pedestrian_road_maintenance_worker,casualty_type,casualty_imd_decile,lsoa_of_casualty,enhanced_casualty_severity,casualty_injury_based,casualty_adjusted_severity_serious,casualty_adjusted_severity_slight,casualty_distance_banding,road_type,speed_limit,weather_conditions,light_conditions,road_surface_conditions,time,day_of_week,number_of_vehicles,vehicle_type
2023991347906,2023,991347906,1,1,1,1,58,9,2,0,0,0,0,0,9,8,E01024419,6,1,1.0,0.0,-1,6,60,1,1,1,10:15,7,1,9
2023170S21223,2023,170S21223,1,5,2,1,28,6,3,0,0,0,0,0,10,8,E01033465,-1,0,0.05798,0.94202,-1,6,40,1,1,1,13:10,6,2,10
2023010460081,2023,010460081,1,1,1,1,72,10,3,0,0,0,0,0,19,8,E01002378,-1,0,0.0,1.0,-1,3,50,1,1,1,11:54,6,1,19
2023332300823,2023,332300823,1,1,3,2,21,5,3,6,9,0,0,0,0,3,E01013779,-1,0,0.02611,0.97389,-1,6,30,9,1,1,10:41,5,1,9
2023320559725,2023,320559725,2,1,1,2,61,9,3,0,0,0,0,0,9,2,E01026382,-1,0,0.09759,0.90241,-1,6,60,1,1,1,17:00,6,3,9
2023520400243,2023,520400243,2,3,2,2,19,4,3,0,0,1,0,0,9,1,E01032096,-1,0,0.03024,0.96976,-1,6,40,1,1,1,18:06,6,2,9
2023052301242,2023,052301242,2,1,1,2,57,9,3,0,0,0,0,0,1,7,E01006947,-1,0,0.17006,0.82994,-1,6,20,1,1,1,06:23,3,2,1
2023411352471,2023,411352471,2,1,1,1,31,6,3,0,0,0,0,0,3,4,E01023669,3,1,0.0,1.0,-1,6,30,1,1,1,19:10,7,2,3
2023101296284,2023,101296284,2,2,1,1,38,7,3,0,0,0,0,0,8,5,E01008346,3,1,0.0,1.0,-1,3,70,1,4,2,23:00,7,2,8
2023010459104,2023,010459104,1,1,1,1,30,6,2,0,0,0,0,0,9,7,E01000573,-1,0,1.0,0.0,-1,3,40,1,1,1,11:17,6,2,9
2023201393234,2023,201393234,2,1,1,2,33,6,3,0,0,0,0,0,9,7,E01009189,3,1,0.0,1.0,-1,6,20,1,4,1,23:34,5,2,9
2023351315380,2023,351315380,2,1,1,2,22,5,3,0,0,0,0,0,9,7,E01018115,3,1,0.0,1.0,-1,6,50,2,1,2,17:52,3,3,9
2023430535814,2023,430535814,2,1,2,1,62,9,2,0,0,1,0,0,9,9,E01016272,-1,0,1.0,0.0,-1,6,50,1,6,2,21:12,3,2,9
2023010426453,2023,010426453,2,1,1,1,65,9,3,0,0,0,0,0,1,9,E01001274,-1,0,0.0,1.0,-1,6,20,1,1,1,11:00,6,2,1
2023131324775,2023,131324775,2,2,1,2,27,6,3,0,0,0,0,0,9,10,E01011453,3,1,0.0,1.0,-1,3,70,1,1,1,20:26,6,2,9
2023531260151,2023,531260151,2,1,1,2,65,9,3,0,0,0,0,0,9,6,E01022414,3,1,0.0,1.0,-1,6,30,1,6,1,17:13,5,2,9
2023610004923,2023,610004923,1,1,1,2,17,4,2,0,0,1,0,0,9,2,W01001325,-1,0,1.0,0.0,-1,3,60,1,6,5,04:36,7,1,9
2023061389538,2023,061389538,2,1,1,2,36,7,3,0,0,0,0,0,9,-1,-1,3,1,0.0,1.0,-1,3,30,1,1,1,12:00,3,2,9
2023411326551,2023,411326551,1,2,2,1,53,8,3,0,0,-1,0,0,9,6,E01023359,3,1,0.0,1.0,-1,9,30,1,1,1,14:42,1,2,9
2023522301637,2023,522301637,2,1,1,1,23,5,3,0,0,0,0,0,1,8,E01014921,-1,0,0.11565,0.88435,-1,6,20,1,4,1,22:39,7,2,1
2023010458127,2023,010458127,1,1,1,1,39,7,3,0,0,0,0,0,3,5,E01004616,-1,0,0.0,1.0,-1,9,30,9,1,9,19:30,6,2,3
2023010459310,2023,010459310,1,1,1,2,55,8,3,0,0,0,0,0,9,9,E01002317,-1,0,0.0,1.0,-1,6,30,1,1,1,18:20,6,2,9
2023461342564,2023,461342564,2,1,1,2,55,8,2,0,0,0,0,0,9,5,E01024205,7,1,1.0,0.0,-1,6,30,1,1,1,15:00,2,2,9
2023461350329,2023,461350329,2,1,1,1,32,6,3,0,0,0,0,0,9,8,E01016093,3,1,0.0,1.0,-1,6,30,1,1,1,19:12,1,2,9
2023631343189,2023,631343189,2,1,1,2,51,8,3,0,0,0,0,0,9,5,W01001431,3,1,0.0,1.0,-1,6,60,1,1,1,12:55,6,2,9
2023052302858,2023,052302858,2,1,2,1,28,6,3,0,0,1,0,0,9,9,E01007283,-1,0,0.01884,0.98116,-1,6,40,1,1,1,09:55,4,2,9
2023061347036,2023,061347036,1,1,1,2,28,6,3,0,0,0,0,0,9,4,E01005820,3,1,0.0,1.0,-1,1,30,1,1,1,08:00,7,2,9
2023501306969,2023,501306969,1,2,2,1,65,9,2,0,0,1,0,0,9,4,E01007040,6,1,1.0,0.0,-1,6,60,1,1,1,11:45,7,2,9
2023010450029,2023,010450029,2,2,1,2,31,6,3,0,0,0,0,0,9,4,E01000634,-1,0,0.0,1.0,-1,6,30,1,1,1,11:57,2,2,9
2023041367104,2023,041367104,1,1,2,1,74,10,2,0,0,1,0,0,9,10,E01025019,5,1,1.0,0.0,-1,3,50,1,1,1,09:05,4,2,9
2023131304856,2023,131304856,1,1,1,1,60,9,2,0,0,0,0,0,9,2,E01011740,5,1,1.0,0.0,-1,6,30,1,1,1,11:57,1,2,9
2023170S12213,2023,170S12213,1,1,1,1,58,9,3,0,0,0,0,0,9,5,E01012280,-1,0,0.02271,0.97729,-1,6,30,1,1,1,14:30,4,2,9
2023201287381,2023,201287381,2,1,1,2,20,4,3,0,0,0,0,0,9,2,E01009029,3,1,0.0,1.0,-1,6,30,1,1,1,22:50,5,2,9
2023010457550,2023,010457550,1,1,1,1,38,7,2,0,0,0,0,0,1,5,E01002563,-1,0,1.0,0.0,-1,7,30,9,1,1,07:30,3,2,1
2023421299802,2023,421299802,2,1,1,1,53,8,3,0,0,0,0,0,9,9,E01016575,3,1,0.0,1.0,-1,3,70,1,4,2,20:55,7,2,9
2023010463724,2023,010463724,2,1,1,1,52,8,2,0,0,0,0,0,1,10,E01003871,-1,0,1.0,0.0,-1,6,30,1,1,1,16:33,7,2,1
2023041365693,2023,041365693,4,5,1,1,56,9,3,0,0,0,0,0,1,9,E01024983,3,1,0.0,1.0,-1,6,50,1,1,1,10:18,1,6,1
2023201377931,2023,201377931,2,1,1,1,40,7,3,0,0,0,0,0,1,5,E01009288,3,1,0.0,1.0,-1,3,30,1,1,1,17:25,5,2,1
2023440481696,2023,440481696,2,1,1,1,24,5,2,0,0,0,0,0,4,1,E01022967,-1,0,1.0,0.0,-1,6,30,1,4,1,17:52,6,2,4
2023552301500,2023,552301500,1,1,1,1,56,9,2,0,0,0,0,0,5,3,E01015305,-1,0,1.0,0.0,-1,6,30,1,4,1,17:35,3,1,5
2023461291716,2023,461291716,1,1,1,1,47,8,3,0,0,0,0,0,9,7,E01024350,3,1,0.0,1.0,-1,3,70,2,4,2,19:20,6,1,9
2023471347776,2023,471347776,2,1,1,2,43,7,3,0,0,0,0,0,9,7,E01032717,3,1,0.0,1.0,-1,6,60,2,1,2,15:45,5,2,9
2023552300821,2023,552300821,1,1,2,2,20,4,3,0,0,2,0,0,9,1,E01015281,-1,0,0.03216,0.96784,-1,6,30,1,4,1,23:59,7,2,9
2023221308024,2023,221308024,2,3,1,1,71,10,2,0,0,0,0,0,20,7,W01000501,7,1,1.0,0.0,-1,6,60,1,1,1,11:11,3,2,20
2023141272596,2023,141272596,1,1,1,1,25,5,3,0,0,0,0,0,9,10,E01007923,3,1,0.0,1.0,-1,3,30,1,4,1,23:36,1,1,9
2023421328316,2023,421328316,1,2,2,1,81,11,2,0,0,1,0,0,9,4,E01000031,7,1,1.0,0.0,-1,6,30,1,1,1,14:30,3,1,9
2023531329941,2023,531329941,2,2,1,1,37,7,3,0,0,0,0,0,9,6,E01022260,3,1,0.0,1.0,-1,6,40,2,1,2,14:43,7,2,9
2023131373920,2023,131373920,1,2,3,1,51,8,3,1,1,0,0,2,0,1,E01010967,3,1,0.0,1.0,-1,6,30,2,4,2,17:27,1,1,9
2023010429527,2023,010429527,2,1,1,1,20,4,3,0,0,0,0,0,3,4,E01001092,-1,0,0.0,1.0,-1,6,30,1,4,1,20:10,2,2,3
2023010480092,2023,010480092,1,1,1,2,34,6,3,0,0,0,0,0,3,5,E01015435,-1,0,0.0,1.0,-1,6,20,1,1,1,11:18,6,2,3
2023221399915,2023,221399915,1,1,2,1,54,8,3,0,0,1,0,0,9,6,E01032476,3,1,0.0,1.0,-1,6,30,1,1,1,09:50,2,2,9
2023041341646,2023,041341646,1,1,3,2,70,10,3,8,8,0,0,0,0,8,E01025446,3,1,0.0,1.0,-1,6,30,1,1,1,18:23,7,1,9
2023302300859,2023,302300859,2,1,1,2,59,9,3,0,0,0,0,0,1,5,E01019719,-1,0,0.06605,0.93395,-1,6,30,1,1,1,13:05,5,2,1
2023461335558,2023,461335558,1,1,1,1,26,6,2,0,0,0,0,0,3,4,E01016129,7,1,1.0,0.0,-1,6,30,1,1,1,14:34,3,2,3
2023201409657,2023,201409657,1,2,2,1,18,4,3,0,0,-1,0,0,9,-1,-1,3,1,0.0,1.0,-1,6,20,1,4,1,19:53,2,2,9
2023440175110,2023,440175110,1,1,1,1,38,7,3,0,0,0,0,0,19,10,E01022763,-1,0,0.00551,0.99449,-1,3,30,1,1,1,10:40,3,3,19
2023430412923,2023,430412923,1,1,3,1,12,3,3,5,1,0,0,0,0,-1,-1,-1,0,0.0421,0.9579,-1,6,20,1,1,1,08:03,5,1,9
2023451331289,2023,451331289,1,1,3,2,83,11,2,1,1,0,0,0,0,9,E01030761,6,1,1.0,0.0,-1,6,30,1,1,1,09:30,3,1,9
2023010475422,2023,010475422,1,1,1,1,35,6,3,0,0,0,0,0,3,2,E01003509,-1,0,0.0,1.0,-1,9,30,1,1,2,11:30,4,2,3
2023311285761,2023,311285761,2,1,1,1,34,6,3,0,0,0,0,0,8,3,E01013932,3,1,0.0,1.0,-1,6,30,2,4,2,00:17,1,2,8
2023010422042,2023,010422042,2,2,1,2,42,7,3,0,0,0,0,0,9,-1,-1,-1,0,0.0,1.0,-1,6,30,1,1,2,11:55,4,3,9
2023201404983,2023,201404983,2,1,1,1,29,6,3,0,0,0,0,0,9,8,E01009728,3,1,0.0,1.0,-1,3,30,1,1,1,07:50,5,2,9
2023211337610,2023,211337610,1,3,2,1,18,4,2,0,0,2,0,0,9,8,E01029500,5,1,1.0,0.0,-1,6,60,1,6,1,02:38,7,1,9
2023471353542,2023,471353542,2,1,1,1,43,7,3,0,0,0,0,0,9,9,E01021072,3,1,0.0,1.0,-1,6,40,1,1,1,17:45,7,2,9
2023531379769,2023,531379769,1,1,1,2,20,4,3,0,0,0,0,0,9,7,E01022190,3,1,0.0,1.0,-1,6,60,1,6,2,06:45,3,1,9
2023440308084,2023,440308084,2,2,1,1,32,6,3,0,0,0,0,0,19,7,E01023123,-1,0,0.04861,0.95139,-1,6,40,1,1,1,16:46,2,2,19
2023010472307,2023,010472307,1,1,1,1,55,8,2,0,0,0,0,0,1,5,E01000003,-1,0,1.0,0.0,-1,6,20,1,1,1,17:20,2,2,1
2023361319660,2023,361319660,2,1,1,1,30,6,3,0,0,0,0,0,3,4,E01026814,3,1,0.0,1.0,-1,6,40,1,6,1,21:00,2,2,3
2023311358273,2023,311358273,1,3,1,2,-1,-1,3,0,0,0,0,0,9,-1,-1,3,1,0.0,1.0,-1,1,30,9,1,1,18:00,4,2,9
2023471362456,2023,471362456,1,1,2,1,27,6,3,0,0,1,0,0,9,2,E01017216,3,1,0.0,1.0,-1,6,40,2,1,2,07:35,6,2,9
2023471385998,2023,471385998,1,6,2,2,17,4,2,0,0,-1,0,0,9,6,E01031839,7,1,1.0,0.0,-1,6,30,1,4,2,04:59,1,3,9
2023440102073,2023,440102073,1,1,1,1,55,8,2,0,0,0,0,0,5,8,E01032110,-1,0,1.0,0.0,-1,6,60,1,1,2,10:03,3,2,5
2023052300544,2023,052300544,2,1,1,2,56,9,3,0,0,0,0,0,9,1,E01006736,-1,0,0.01099,0.98901,-1,3,30,1,1,1,08:15,2,3,9
2023010425907,2023,010425907,1,1,3,1,3,1,2,6,9,0,0,0,0,6,E01001572,-1,0,1.0,0.0,-1,6,30,1,1,1,15:10,3,1,9
2023010461159,2023,010461159,1,1,3,1,36,7,2,4,4,0,0,0,0,-1,-1,-1,0,1.0,0.0,-1,6,20,2,1,2,10:03,6,1,8
2023010472668,2023,010472668,1,1,1,1,59,9,3,0,0,0,0,0,3,4,E01004215,-1,0,0.0,1.0,-1,2,20,2,1,2,12:40,4,2,3
2023131382399,2023,131382399,2,1,1,1,19,4,2,0,0,0,0,0,9,5,E01011218,7,1,1.0,0.0,-1,3,40,2,4,2,21:05,1,2,9
2023991389448,2023,991389448,1,2,2,1,20,4,2,0,0,1,0,0,9,-1,-1,7,1,1.0,0.0,-1,6,60,2,6,2,21:45,1,2,9
2023371276072,2023,371276072,2,2,1,1,32,6,3,0,0,0,0,0,19,5,E01026648,3,1,0.0,1.0,-1,6,60,1,1,1,07:55,3,4,19
2023401285391,2023,401285391,1,1,1,1,68,10,3,0,0,0,0,0,9,2,E01017433,3,1,0.0,1.0,-1,6,30,1,1,1,14:18,5,3,9
2023010433110,2023,010433110,1,1,1,1,53,8,3,0,0,0,0,0,9,2,E01002056,-1,0,0.0,1.0,-1,6,30,2,1,2,13:41,7,2,9
2023320767074,2023,320767074,2,1,1,1,44,7,3,0,0,0,0,0,9,9,E01028360,-1,0,0.0999,0.9001,-1,3,60,8,4,2,06:50,5,2,9
2023332300496,2023,332300496,1,2,2,2,22,5,3,0,0,1,0,0,9,7,E01013686,-1,0,0.01926,0.98074,-1,6,30,1,1,1,18:35,4,2,9
2023991378889,2023,991378889,1,1,1,1,54,8,2,0,0,0,0,0,9,8,-1,7,1,1.0,0.0,-1,6,60,1,1,1,14:25,7,1,9
2023520400436,2023,520400436,2,1,1,1,64,9,2,0,0,0,0,0,19,6,E01029021,-1,0,1.0,0.0,-1,6,60,1,1,1,13:17,6,2,19
2023052301449,2023,052301449,2,1,1,1,57,9,2,0,0,0,0,0,22,1,E01006968,-1,0,1.0,0.0,-1,6,30,1,1,1,12:30,3,2,22
2023461369603,2023,461369603,1,1,1,1,11,3,2,0,0,0,0,0,-1,9,E01024797,5,1,1.0,0.0,-1,6,30,1,1,1,16:58,3,2,-1
2023991334573,2023,991334573,2,1,1,1,17,4,2,0,0,0,0,0,3,5,-1,7,1,1.0,0.0,-1,6,30,1,1,1,18:55,4,2,3
2023031378224,2023,031378224,1,2,2,2,9,2,3,0,0,1,0,0,9,-1,-1,3,1,0.0,1.0,-1,6,40,8,4,2,17:07,5,3,9
2023440048057,2023,440048057,2,3,2,2,48,8,2,0,0,1,0,0,9,10,E01030499,-1,0,1.0,0.0,-1,6,60,1,1,1,15:58,7,2,9
2023061375876,2023,061375876,2,1,1,1,20,4,3,0,0,0,0,0,9,1,E01006239,3,1,0.0,1.0,-1,6,40,1,4,1,17:01,6,2,9
2023351305432,2023,351305432,2,2,1,2,26,6,3,0,0,0,0,0,9,-1,-1,3,1,0.0,1.0,-1,6,60,1,1,1,07:57,4,2,9
2023520400697,2023,520400697,1,1,1,1,66,10,3,0,0,0,0,0,9,5,E01029152,-1,0,0.03175,0.96825,-1,6,30,2,1,2,14:49,2,3,9
2023631311975,2023,631311975,2,2,1,2,34,6,2,0,0,0,0,0,9,8,W01000547,7,1,1.0,0.0,-1,6,60,1,1,1,18:50,6,2,9
2023101312406,2023,101312406,1,1,3,1,5,1,2,6,5,0,0,0,0,-1,-1,6,1,1.0,0.0,-1,6,20,1,1,1,15:30,6,1,23
2023302301878,2023,302301878,2,1,1,2,61,9,3,0,0,0,0,0,1,1,E01013479,-1,0,0.12348,0.87652,-1,6,30,2,4,2,05:30,3,2,1
2023161332301,2023,161332301,1,1,1,1,38,7,3,0,0,0,0,0,9,1,E01012783,3,1,0.0,1.0,-1,6,20,2,4,2,21:00,7,2,9
2023052300225,2023,052300225,1,1,3,2,72,10,3,6,9,0,0,0,0,7,E01006368,-1,0,0.12199,0.87801,-1,6,30,1,1,1,10:20,3,1,19
2023010466826,2023,010466826,1,1,1,1,55,8,3,0,0,0,0,0,3,4,E01002179,-1,0,0.0,1.0,-1,9,20,1,1,1,18:09,7,2,3
2023010447640,2023,010447640,1,1,1,1,29,6,3,0,0,0,0,0,5,9,E01003467,-1,0,0.0,1.0,-1,9,20,1,1,1,18:52,4,2,5
2023010478013,2023,010478013,1,1,1,1,18,4,3,0,0,0,0,0,9,10,E01000681,-1,0,0.0,1.0,-1,6,30,2,1,2,08:00,2,2,9
2023351279242,2023,351279242,2,2,1,2,24,5,3,0,0,0,0,0,19,-1,-1,3,1,0.0,1.0,-1,6,30,1,1,2,09:10,4,2,19
2023101268069,2023,101268069,1,1,1,1,18,4,3,0,0,0,0,0,-1,-1,-1,3,1,0.0,1.0,-1,6,30,1,4,2,18:15,4,2,-1
2023010455700,2023,010455700,1,1,1,2,19,4,3,0,0,0,0,0,9,7,E01000123,-1,0,0.0,1.0,-1,9,20,1,1,1,17:20,1,1,9
2023371260244,2023,371260244,1,1,1,1,6,2,3,0,0,0,0,0,1,10,E01030206,3,1,0.0,1.0,-1,6,30,1,1,2,08:40,5,2,1
2023522300855,2023,522300855,1,1,1,2,20,4,3,0,0,0,0,0,1,7,E01014533,-1,0,0.02652,0.97348,-1,6,30,1,4,1,05:00,7,2,1
2023361299089,2023,361299089,1,1,1,1,20,4,3,0,0,0,0,0,3,1,E01026793,3,1,0.0,1.0,-1,6,40,1,1,2,18:37,5,1,3
2023010421759,2023,010421759,2,1,1,2,33,6,1,0,0,0,0,0,9,4,E01000331,-1,0,0.0,0.0,-1,6,30,1,4,2,19:22,2,2,9
2023522400184,2023,522400184,2,1,1,1,69,10,3,0,0,0,0,0,9,7,E01014535,-1,0,0.02982,0.97018,-1,6,20,1,1,1,10:45,2,2,9
2023991325532,2023,991325532,2,1,2,2,62,9,3,0,0,2,0,0,9,1,-1,3,1,0.0,1.0,-1,6,30,1,1,1,17:55,2,3,9
2023501368977,2023,501368977,2,2,2,2,75,10,3,0,0,0,4,0,11,2,E01015234,3,1,0.0,1.0,-1,6,30,1,1,2,15:35,7,2,11
2023211338878,2023,211338878,2,1,1,1,-1,-1,3,0,0,0,0,0,1,-1,-1,3,1,0.0,1.0,-1,6,30,9,1,-1,16:30,4,2,1
2023302301873,2023,302301873,2,1,1,1,58,9,3,0,0,0,0,0,9,10,E01013560,-1,0,0.01089,0.98911,-1,6,60,3,4,3,07:30,1,2,9
2023311373392,2023,311373392,1,1,2,2,46,8,3,0,0,0,3,0,11,1,E01027956,3,1,0.0,1.0,-1,6,30,1,1,1,14:38,6,1,11
2023131281997,2023,131281997,2,1,1,2,32,6,3,0,0,0,0,0,9,1,E01011662,3,1,0.0,1.0,-1,6,30,1,1,1,14:05,3,2,9
2023201372932,2023,201372932,2,2,1,1,22,5,3,0,0,0,0,0,9,1,E01009339,3,1,0.0,1.0,-1,6,30,1,4,1,01:53,5,2,9
2023471368666,2023,471368666,2,2,1,2,37,7,3,0,0,0,0,0,9,9,E01021167,3,1,0.0,1.0,-1,6,60,1,1,2,16:10,2,2,9
2023430575746,2023,430575746,1,1,1,1,31,6,1,0,0,0,0,0,9,9,E01028751,-1,0,0.0,0.0,-1,6,50,1,1,2,11:17,2,2,9
2023010437658,2023,010437658,1,1,1,1,38,7,3,0,0,0,0,0,9,5,E01002184,-1,0,0.0,1.0,-1,1,30,1,4,1,21:35,7,2,9
2023061269285,2023,061269285,2,2,2,2,38,7,3,0,0,1,0,0,9,-1,-1,3,1,0.0,1.0,-1,3,70,1,4,1,18:00,7,5,9
2023010439049,2023,010439049,1,1,3,1,32,6,3,6,9,0,0,0,0,2,E01004584,-1,0,0.0,1.0,-1,3,20,1,4,2,00:01,2,1,11
2023010463168,2023,010463168,1,2,3,2,18,4,2,6,9,0,0,0,0,2,E01033726,-1,0,1.0,0.0,-1,6,30,1,1,1,08:27,4,2,5
2023520300420,2023,520300420,1,1,3,2,38,7,3,1,3,0,0,0,0,8,E01029251,-1,0,0.03807,0.96193,-1,6,20,7,1,1,07:22,3,1,19
2023131275334,2023,131275334,2,1,1,2,22,5,3,0,0,0,0,0,9,3,E01011040,3,1,0.0,1.0,-1,3,30,1,1,1,16:52,3,2,9
2023351346904,2023,351346904,1,1,1,1,44,7,3,0,0,0,0,0,9,-1,-1,3,1,0.0,1.0,-1,3,70,1,1,1,09:45,5,1,9
2023361328660,2023,361328660,2,2,1,2,77,11,3,0,0,0,0,0,9,2,E01026277,3,1,0.0,1.0,-1,6,60,1,1,1,12:46,4,2,9
2023440215119,2023,440215119,1,2,1,2,49,8,3,0,0,0,0,0,90,6,E01013021,-1,0,0.21755,0.78245,-1,6,60,1,1,1,11:32,4,2,90
2023501397533,2023,501397533,2,1,1,2,18,4,3,0,0,0,0,0,9,4,E01020012,3,1,0.0,1.0,-1,6,30,8,7,1,16:07,6,2,9
2023052302633,2023,052302633,1,1,3,2,30,6,3,1,1,0,0,0,0,3,E01006876,-1,0,0.17405,0.82595,-1,6,30,1,1,2,09:20,5,1,9
2023302301901,2023,302301901,1,1,3,1,24,5,3,1,1,0,0,0,0,3,E01029448,-1,0,0.09467,0.90533,-1,3,30,2,1,2,08:45,5,1,9
2023461331519,2023,461331519,1,1,3,1,12,3,3,5,1,0,0,0,0,6,E01024704,3,1,0.0,1.0,-1,6,30,1,1,1,08:21,4,1,11
2023351351169,2023,351351169,2,1,1,2,29,6,3,0,0,0,0,0,9,5,E01018158,3,1,0.0,1.0,-1,6,30,1,4,1,22:55,6,2,9
2023401359409,2023,401359409,2,1,1,2,45,7,3,0,0,0,0,0,9,2,E01015779,3,1,0.0,1.0,-1,6,30,1,1,1,17:50,7,2,9
2023430253540,2023,430253540,1,1,1,2,43,7,3,0,0,0,0,0,9,-1,-1,-1,0,0.04302,0.95698,-1,1,70,1,1,1,15:26,6,2,9
2023461263077,2023,461263077,1,2,1,1,-1,-1,3,0,0,0,0,0,4,7,E01024060,3,1,0.0,1.0,-1,6,40,2,1,2,13:51,6,1,4
2023421287164,2023,421287164,1,1,3,2,33,6,2,1,1,0,0,0,0,3,E01015884,7,1,1.0,0.0,-1,6,30,1,1,2,13:25,5,1,9
2023010447978,2023,010447978,1,1,3,1,17,4,3,10,9,0,0,0,0,-1,-1,-1,0,0.0,1.0,-1,2,20,1,1,1,15:30,6,1,9
2023010483947,2023,010483947,1,1,1,1,23,5,3,0,0,0,0,0,1,1,E01002694,-1,0,0.0,1.0,-1,6,20,2,4,9,17:50,4,3,1
2023351355187,2023,351355187,1,1,1,1,21,5,2,0,0,0,0,0,9,9,E01018291,5,1,1.0,0.0,-1,6,60,1,1,1,20:25,2,1,9
2023421337242,2023,421337242,1,1,1,2,38,7,3,0,0,0,0,0,9,5,E01021741,3,1,0.0,1.0,-1,3,40,1,1,1,14:30,3,3,9
2023501355377,2023,501355377,1,1,1,1,70,10,3,0,0,0,0,0,9,2,E01015157,3,1,0.0,1.0,-1,9,30,1,1,1,16:20,6,1,9
2023461351539,2023,461351539,2,1,1,1,41,7,3,0,0,0,0,0,9,3,E01024567,3,1,0.0,1.0,-1,7,70,1,1,1,15:10,6,2,9
2023991280037,2023,991280037,1,2,2,1,18,4,2,0,0,1,0,0,9,-1,-1,5,1,1.0,0.0,-1,6,30,1,4,1,20:30,4,3,9
2023430012158,2023,430012158,1,1,1,1,20,4,2,0,0,0,0,0,1,10,E01028457,-1,0,1.0,0.0,-1,6,30,1,1,1,13:20,2,2,1
2023010445652,2023,010445652,1,1,1,1,32,6,3,0,0,0,0,0,1,6,E01001662,-1,0,0.0,1.0,-1,2,40,1,4,1,12:15,7,2,1
2023531325356,2023,531325356,2,1,1,2,39,7,3,0,0,0,0,0,1,10,E01022105,3,1,0.0,1.0,-1,6,30,1,1,1,17:35,6,2,1
2023461330449,2023,461330449,2,1,1,1,16,4,3,0,0,0,0,0,2,3,E01024529,3,1,0.0,1.0,-1,6,30,1,1,1,12:20,5,2,2
2023010466862,2023,010466862,2,1,1,1,21,5,3,0,0,0,0,0,3,1,E01001013,-1,0,0.0,1.0,-1,1,30,1,1,1,18:22,2,2,3
2023451287958,2023,451287958,1,1,1,1,19,4,3,0,0,0,0,0,9,4,E01030745,3,1,0.0,1.0,-1,1,70,1,1,1,15:52,3,2,9
2023010482897,2023,010482897,2,1,1,1,17,4,3,0,0,0,0,0,-1,9,E01000762,-1,0,0.0,1.0,-1,6,20,9,4,1,18:38,6,2,-1
2023101263353,2023,101263353,2,1,3,2,29,6,3,9,5,0,0,0,0,1,E01008593,3,1,0.0,1.0,-1,6,20,1,1,1,14:37,6,2,9
2023201383325,2023,201383325,1,1,3,2,30,6,2,5,3,0,0,2,0,2,E01010003,7,1,1.0,0.0,-1,6,30,1,1,1,14:50,3,2,9
2023131264492,2023,131264492,1,2,2,1,26,6,3,0,0,1,0,0,9,1,E01010632,3,1,0.0,1.0,-1,3,30,1,1,1,12:45,3,2,9
2023451269937,2023,451269937,3,1,1,1,90,11,3,0,0,0,0,0,9,6,E01030563,3,1,0.0,1.0,-1,3,50,1,1,1,14:30,2,3,9
2023991330763,2023,991330763,2,2,1,1,55,8,2,0,0,0,0,0,5,7,-1,7,1,1.0,0.0,-1,6,20,1,1,1,17:22,3,2,5
2023010438832,2023,010438832,1,1,1,1,68,10,2,0,0,0,0,0,9,7,E01001901,-1,0,1.0,0.0,-1,3,20,1,1,1,13:56,7,4,9
2023070111217,2023,070111217,1,3,2,2,5,1,3,0,0,2,0,0,9,1,E01012436,-1,0,0.08688,0.91312,-1,6,20,1,5,1,18:40,3,1,9
2023451267983,2023,451267983,1,1,3,1,49,8,3,5,3,0,0,0,0,9,E01030817,3,1,0.0,1.0,-1,6,30,1,4,1,16:52,3,1,9
2023991298946,2023,991298946,1,1,3,1,15,3,3,1,3,0,0,0,0,3,-1,3,1,0.0,1.0,-1,3,30,1,1,1,12:40,5,1,9
2023010463218,2023,010463218,2,1,1,1,40,7,2,0,0,0,0,0,1,2,E01001113,-1,0,1.0,0.0,-1,6,20,1,1,1,18:00,4,2,1
2023041263987,2023,041263987,1,1,1,1,75,10,3,0,0,0,0,0,1,4,E01025172,3,1,0.0,1.0,-1,6,30,1,1,2,13:57,2,2,1
2023101378916,2023,101378916,2,1,1,1,40,7,3,0,0,0,0,0,1,-1,-1,3,1,0.0,1.0,-1,6,20,1,1,1,08:25,4,2,1
2023361390328,2023,361390328,2,2,1,2,65,9,2,0,0,0,0,0,1,5,E01026892,7,1,1.0,0.0,-1,6,50,1,6,1,16:30,3,2,1
2023041334432,2023,041334432,1,1,1,1,19,4,3,0,0,0,0,0,9,7,E01006231,3,1,0.0,1.0,-1,6,30,1,1,1,12:00,6,2,9
2023461333715,2023,461333715,2,1,1,1,18,4,3,0,0,0,0,0,9,9,E01016147,3,1,0.0,1.0,-1,3,30,1,1,1,12:04,1,2,9
2023471370394,2023,471370394,1,1,1,1,18,4,3,0,0,0,0,0,9,8,E01021147,3,1,0.0,1.0,-1,6,30,2,1,2,16:10,6,1,9
2023991308142,2023,991308142,2,1,1,1,57,9,3,0,0,0,0,0,19,-1,-1,3,1,0.0,1.0,-1,6,30,1,1,1,11:50,4,3,19
2023122300788,2023,122300788,2,1,1,1,78,11,3,0,0,0,0,0,9,5,E01027798,-1,0,0.06437,0.93563,-1,6,30,1,1,1,16:01,3,2,9