collision_index,collision_year,collision_ref_no,vehicle_reference,casualty_reference,casualty_class,sex_of_casualty,age_of_casualty,age_band_of_casualty,casualty_severity,pedestrian_location,pedestrian_movement,car_passenger,bus_or_coach_passenger,pedestrian_road_maintenance_worker,casualty_type,casualty_imd_decile,lsoa_of_casualty,enhanced_casualty_severity,casualty_injury_based,casualty_adjusted_severity_serious,casualty_adjusted_severity_slight,casualty_distance_banding,road_type,speed_limit,weather_conditions,light_conditions,road_surface_conditions,time,day_of_week,number_of_vehicles,vehicle_type
2023411341428,2023,411341428,2,2,2,2,60,9,3,0,0,0,0,0,9,1,E01018108,3,1,0.0,1.0,-1,3,70,1,1,1,11:13,7,3,9
2023471354229,2023,471354229,2,2,1,1,59,9,2,0,0,0,0,0,9,8,E01031815,7,1,1.0,0.0,-1,6,30,1,1,1,11:40,6,2,9
202360A104387,2023,60A104387,1,1,1,1,33,6,3,0,0,0,0,0,9,-1,-1,-1,0,0.16543,0.83457,-1,6,30,1,1,1,20:46,2,3,9
2023201287021,2023,201287021,1,2,2,1,31,6,3,0,0,2,0,0,9,3,E01009775,3,1,0.0,1.0,-1,6,30,3,4,3,05:53,5,2,9
2023552300856,2023,552300856,1,1,1,2,38,7,3,0,0,0,0,0,9,2,E01032662,-1,0,0.03833,0.96167,-1,6,30,2,1,2,11:18,7,3,9
2023991266315,2023,991266315,2,1,1,1,32,6,3,0,0,0,0,0,9,9,-1,3,1,0.0,1.0,-1,3,60,1,4,4,06:55,6,3,9
2023061285768,2023,061285768,2,1,1,1,38,7,3,0,0,0,0,0,1,-1,-1,3,1,0.0,1.0,-1,7,40,2,4,2,01:49,1,2,1
2023061346512,2023,061346512,3,2,1,2,36,7,3,0,0,0,0,0,9,4,E01005850,3,1,0.0,1.0,-1,6,30,1,1,1,05:05,1,4,9
2023141344888,2023,141344888,2,1,2,2,18,4,3,0,0,1,0,0,9,-1,-1,3,1,0.0,1.0,-1,6,30,1,1,1,21:09,4,3,9
2023211361792,2023,211361792,1,1,1,2,21,5,2,0,0,0,0,0,9,8,E01029775,7,1,1.0,0.0,-1,6,30,2,1,2,18:01,4,2,9
2023302301096,2023,302301096,1,1,3,2,48,8,3,9,5,0,0,0,0,9,E01013462,-1,0,0.12947,0.87053,-1,6,30,1,4,1,02:30,7,1,8
2023421384182,2023,421384182,2,1,1,1,40,7,3,0,0,0,0,0,3,2,E01002097,3,1,0.0,1.0,-1,6,30,1,4,2,17:20,5,2,3
2023010430659,2023,010430659,1,1,1,1,49,8,3,0,0,0,0,0,4,3,E01000531,-1,0,0.0,1.0,-1,1,40,1,1,1,01:01,3,2,4
2023101296941,2023,101296941,2,1,1,1,43,7,2,0,0,0,0,0,5,6,E01008387,7,1,1.0,0.0,-1,6,30,1,1,2,08:52,7,2,5
2023161277910,2023,161277910,1,2,2,2,11,3,3,0,0,2,0,0,9,1,E01013204,3,1,0.0,1.0,-1,6,30,1,1,2,15:20,4,2,9
2023302300173,2023,302300173,1,1,2,1,28,6,3,0,0,1,0,0,9,1,E01013813,-1,0,0.09617,0.90383,-1,3,70,2,5,2,23:45,1,3,9
2023622400011,2023,622400011,2,2,1,1,52,8,3,0,0,0,0,0,11,2,W01001232,-1,0,0.04612,0.95388,-1,6,20,2,4,2,19:01,2,2,11
2023070594520,2023,070594520,1,1,1,1,62,9,3,0,0,0,0,0,9,-1,-1,-1,0,0.06831,0.93169,-1,6,40,1,1,1,17:08,1,2,9
2023440327533,2023,440327533,1,1,1,1,19,4,1,0,0,0,0,0,3,7,E01022648,-1,0,0.0,0.0,-1,6,30,2,4,2,04:49,2,5,3
2023041312022,2023,041312022,2,1,1,1,42,7,3,0,0,0,0,0,1,3,E01025379,3,1,0.0,1.0,-1,6,30,1,1,1,07:50,7,2,1
2023141286540,2023,141286540,1,1,1,1,57,9,3,0,0,0,0,0,1,2,E01008010,3,1,0.0,1.0,-1,6,30,2,5,2,18:45,2,2,1
2023010450741,2023,010450741,1,1,3,1,48,8,3,1,1,0,0,0,0,4,E01004048,-1,0,0.0,1.0,-1,6,20,1,1,1,14:30,5,1,1
2023201296236,2023,201296236,1,1,2,2,20,4,3,0,0,2,0,0,8,5,E01009712,3,1,0.0,1.0,-1,6,30,1,4,1,18:37,5,2,8
2023010451312,2023,010451312,1,3,2,2,38,7,3,0,0,1,0,0,9,1,E01004324,-1,0,0.0,1.0,-1,6,20,8,1,1,12:20,7,2,9
2023070952161,2023,070952161,1,1,1,2,61,9,3,0,0,0,0,0,9,8,E01012435,-1,0,0.05566,0.94434,-1,3,70,1,1,2,12:10,1,2,9
2023131312288,2023,131312288,2,1,1,1,60,9,3,0,0,0,0,0,1,2,E01010806,3,1,0.0,1.0,-1,6,30,1,1,1,20:30,5,2,1
2023010439476,2023,010439476,1,1,1,1,64,9,3,0,0,0,0,0,5,9,E01004191,-1,0,0.0,1.0,-1,6,20,1,1,1,18:00,3,2,5
2023131373413,2023,131373413,2,1,1,1,33,6,3,0,0,0,0,0,9,1,E01011143,3,1,0.0,1.0,-1,6,30,1,1,1,14:41,7,3,9
2023010442682,2023,010442682,2,2,2,2,63,9,3,0,0,1,0,0,9,2,E01003350,-1,0,0.0,1.0,-1,6,20,1,4,1,00:50,7,3,9
2023332300092,2023,332300092,1,1,2,2,28,6,3,0,0,1,0,0,9,1,E01032597,-1,0,0.04374,0.95626,-1,3,30,1,4,1,19:45,7,1,9
2023440355840,2023,440355840,1,1,1,1,67,10,2,0,0,0,0,0,9,8,E01030782,-1,0,1.0,0.0,-1,6,30,1,1,1,17:01,7,3,9
2023010441675,2023,010441675,1,1,1,1,30,6,3,0,0,0,0,0,1,4,E01000860,-1,0,0.0,1.0,-1,6,30,1,1,1,15:44,1,2,1
2023501279664,2023,501279664,1,1,1,1,32,6,2,0,0,0,0,0,9,1,E01015217,7,1,1.0,0.0,-1,6,30,1,1,2,08:19,5,2,9
2023501328115,2023,501328115,2,1,2,1,41,7,3,0,0,1,0,0,9,5,E01018957,3,1,0.0,1.0,-1,6,60,1,1,1,17:22,3,2,9
2023531327419,2023,531327419,2,1,1,1,57,9,3,0,0,0,0,0,9,2,E01022322,3,1,0.0,1.0,-1,6,30,1,1,1,12:57,1,2,9
2023320288753,2023,320288753,1,1,2,1,60,9,2,0,0,1,0,0,9,7,E01026275,-1,0,1.0,0.0,-1,6,60,1,1,1,15:16,6,3,9
2023461296075,2023,461296075,4,4,1,2,29,6,3,0,0,0,0,0,9,6,E01024096,3,1,0.0,1.0,-1,6,40,1,1,1,12:25,5,4,9
2023631316346,2023,631316346,2,1,1,2,38,7,3,0,0,0,0,0,9,7,W01000556,3,1,0.0,1.0,-1,6,30,1,1,1,16:30,3,2,9
2023010455468,2023,010455468,1,1,1,1,54,8,2,0,0,0,0,0,5,4,E01002324,-1,0,1.0,0.0,-1,6,40,1,1,1,11:35,1,2,5
2023061310387,2023,061310387,1,1,3,2,64,9,3,6,9,0,0,-1,0,-1,-1,3,1,0.0,1.0,-1,6,30,9,1,-1,17:15,3,1,9
2023010452059,2023,010452059,1,1,1,1,20,4,3,0,0,0,0,0,1,2,E01003973,-1,0,0.0,1.0,-1,6,20,8,1,1,14:45,7,2,1
2023320674102,2023,320674102,2,1,1,1,24,5,3,0,0,0,0,0,4,1,E01026176,-1,0,0.15051,0.84949,-1,6,30,1,4,2,20:10,2,2,4
2023010426208,2023,010426208,1,2,2,2,33,6,3,0,0,2,0,0,9,4,E01002346,-1,0,0.0,1.0,-1,3,50,1,1,1,16:10,4,2,9
2023471269408,2023,471269408,1,1,1,2,80,11,2,0,0,0,0,0,9,7,E01021081,5,1,1.0,0.0,-1,6,20,1,1,1,12:07,1,2,9
2023440474361,2023,440474361,2,1,1,2,54,8,3,0,0,0,0,0,1,10,E01022625,-1,0,0.18742,0.81258,-1,6,60,1,1,1,11:10,1,2,1
2023440516092,2023,440516092,1,1,1,1,39,7,3,0,0,0,0,0,3,6,E01017292,-1,0,0.19473,0.80527,-1,6,40,1,4,1,17:25,2,2,3
2023010454067,2023,010454067,2,1,2,2,51,8,3,0,0,1,0,0,9,5,E01003342,-1,0,0.0,1.0,-1,1,20,1,4,1,21:47,7,2,9
2023552300109,2023,552300109,2,2,1,2,36,7,3,0,0,0,0,0,9,9,E01015419,-1,0,0.04243,0.95757,-1,6,30,1,4,4,20:01,3,2,9
2023221368128,2023,221368128,1,1,1,1,20,4,2,0,0,0,0,0,4,8,E01028875,6,1,1.0,0.0,-1,6,30,1,4,1,20:40,3,2,4
2023052300221,2023,052300221,1,1,1,1,62,9,3,0,0,0,0,0,9,7,E01007062,-1,0,0.03339,0.96661,-1,6,30,1,1,1,07:30,3,1,9
2023440010302,2023,440010302,2,1,1,1,40,7,3,0,0,0,0,0,9,5,E01022488,-1,0,0.08198,0.91802,-1,6,40,1,1,2,08:50,2,2,9
2023101304983,2023,101304983,1,1,1,1,-1,-1,3,0,0,0,0,0,1,-1,-1,3,1,0.0,1.0,-1,6,30,1,1,1,16:30,6,2,1
2023141260511,2023,141260511,1,1,2,2,38,7,3,0,0,1,0,0,9,-1,-1,3,1,0.0,1.0,-1,1,30,2,4,2,18:50,6,2,9
2023371319167,2023,371319167,1,1,3,2,17,4,2,5,3,0,0,0,0,-1,-1,7,1,1.0,0.0,-1,6,30,1,1,1,15:00,7,1,9
2023010474935,2023,010474935,1,1,1,2,72,10,3,0,0,0,0,0,9,4,E01003216,-1,0,0.0,1.0,-1,6,30,1,4,2,18:00,2,2,9
2023070606616,2023,070606616,2,1,1,1,23,5,3,0,0,0,0,0,9,9,E01018390,-1,0,0.01301,0.98699,-1,6,40,1,1,-1,08:50,5,3,9
2023231380824,2023,231380824,2,2,2,2,6,2,3,0,0,2,0,0,9,5,E01031102,3,1,0.0,1.0,-1,1,30,2,4,2,20:18,1,2,9
2023010455415,2023,010455415,2,1,1,1,39,7,3,0,0,0,0,0,-1,1,E01002071,-1,0,0.0,1.0,-1,6,20,1,1,1,21:00,7,2,-1
2023031297141,2023,031297141,1,1,1,2,57,9,1,0,0,0,0,0,1,-1,-1,1,1,0.0,0.0,-1,6,60,1,1,1,12:17,1,1,1
2023010483662,2023,010483662,1,1,1,2,22,5,2,0,0,0,0,0,3,9,E01001018,-1,0,1.0,0.0,-1,6,20,2,4,2,23:20,3,3,3
2023141291638,2023,141291638,1,2,2,1,16,4,2,0,0,0,0,0,3,1,E01007668,5,1,1.0,0.0,-1,6,20,1,1,1,16:52,2,3,3
2023332300161,2023,332300161,1,1,1,2,20,4,3,0,0,0,0,0,9,4,E01013648,-1,0,0.03791,0.96209,-1,6,30,1,4,2,22:30,4,1,9
2023361351948,2023,361351948,2,2,1,2,55,8,3,0,0,0,0,0,9,6,E01033042,3,1,0.0,1.0,-1,6,30,1,1,1,07:21,4,3,9
2023061304062,2023,061304062,2,1,1,1,61,9,2,0,0,0,0,0,4,8,E01006243,6,1,1.0,0.0,-1,6,30,1,4,1,21:57,4,2,4
2023010448978,2023,010448978,2,2,1,1,52,8,3,0,0,0,0,0,1,10,E01024464,-1,0,0.0,1.0,-1,6,20,1,1,1,09:20,4,2,1
2023010459279,2023,010459279,1,1,1,2,64,9,3,0,0,0,0,0,1,5,E01004494,-1,0,0.0,1.0,-1,6,20,1,1,1,12:18,1,1,1
2023531347792,2023,531347792,2,1,1,2,40,7,2,0,0,0,0,0,1,7,E01031248,6,1,1.0,0.0,-1,6,30,1,6,1,21:00,6,2,1
2023211289227,2023,211289227,1,1,1,1,59,9,2,0,0,0,0,0,5,2,E01029359,5,1,1.0,0.0,-1,6,50,1,1,1,16:00,1,2,5
2023201284412,2023,201284412,2,1,1,1,59,9,3,0,0,0,0,0,9,2,E01033635,3,1,0.0,1.0,-1,3,70,5,4,2,18:38,3,2,9
2023471376395,2023,471376395,1,2,2,1,18,4,3,0,0,1,0,0,9,2,E01003499,3,1,0.0,1.0,-1,1,30,2,4,2,21:29,6,3,9
2023141282392,2023,141282392,1,1,3,1,50,8,3,5,1,0,0,0,0,1,E01033271,3,1,0.0,1.0,-1,9,20,1,7,1,16:57,7,1,9
2023461327632,2023,461327632,1,1,3,1,29,6,3,9,8,0,0,0,0,5,E01024598,3,1,0.0,1.0,-1,6,20,1,1,1,15:15,7,1,9
2023631388509,2023,631388509,1,1,1,1,25,5,3,0,0,0,0,0,9,7,W01000494,3,1,0.0,1.0,-1,6,60,1,6,1,23:45,7,1,9
2023010453796,2023,010453796,2,1,1,1,27,6,3,0,0,0,0,0,3,2,E01002608,-1,0,0.0,1.0,-1,6,20,1,1,1,14:19,6,2,3
2023311356179,2023,311356179,1,1,1,1,15,3,2,0,0,0,0,0,3,4,E01027950,7,1,1.0,0.0,-1,6,30,1,1,1,14:39,7,3,3
2023320276939,2023,320276939,2,3,2,2,17,4,2,0,0,1,0,0,9,9,E01026401,-1,0,1.0,0.0,-1,6,30,1,6,1,23:40,1,2,9
2023421360537,2023,421360537,2,3,1,2,30,6,2,0,0,0,0,0,9,8,E01022068,7,1,1.0,0.0,-1,6,60,1,1,1,13:00,7,4,9
2023161377752,2023,161377752,1,1,3,1,13,3,3,5,4,0,0,1,0,3,E01012757,3,1,0.0,1.0,-1,6,30,1,4,1,15:22,4,1,9
2023332300818,2023,332300818,2,1,1,1,64,9,2,0,0,0,0,0,5,4,E01015918,-1,0,1.0,0.0,-1,6,50,1,1,1,13:21,7,2,5
2023010460312,2023,010460312,1,1,1,1,24,5,3,0,0,0,0,0,9,8,E01001402,-1,0,0.0,1.0,-1,6,30,1,1,1,06:20,7,1,9
2023101308105,2023,101308105,1,1,3,1,9,2,3,10,9,0,0,0,0,1,E01008485,3,1,0.0,1.0,-1,6,30,9,1,1,18:13,1,1,9
2023131390341,2023,131390341,1,1,3,1,75,10,1,5,3,0,0,2,0,6,E01010689,1,1,0.0,0.0,-1,6,30,1,4,1,19:04,3,1,9
2023311353703,2023,311353703,1,1,3,2,63,9,3,5,3,0,0,0,0,8,E01028182,3,1,0.0,1.0,-1,6,30,2,1,2,13:32,7,1,9
2023141365359,2023,141365359,2,2,2,1,13,3,3,0,0,2,0,0,9,-1,-1,3,1,0.0,1.0,-1,6,40,2,1,2,08:50,7,2,9
2023471269338,2023,471269338,2,2,1,1,45,7,2,0,0,0,0,0,9,4,E01031573,7,1,1.0,0.0,-1,3,50,2,4,1,01:56,1,2,9
202360A034019,2023,60A034019,2,2,1,2,73,10,3,0,0,0,0,0,9,-1,-1,-1,0,0.09752,0.90248,-1,6,40,1,1,1,12:52,4,2,9
2023170H10493,2023,170H10493,1,1,2,2,27,6,3,0,0,0,2,0,11,1,E01011978,-1,0,0.04982,0.95018,-1,6,30,1,1,1,16:10,5,1,11
2023531368948,2023,531368948,1,1,3,1,19,4,3,4,1,0,0,1,0,3,E01022256,3,1,0.0,1.0,-1,6,20,1,1,1,19:00,4,1,9
2023332301056,2023,332301056,3,1,1,1,39,7,2,0,0,0,0,0,4,1,E01031057,-1,0,1.0,0.0,-1,6,50,1,1,1,15:20,6,3,4
2023041388817,2023,041388817,1,1,2,1,19,4,2,0,0,2,0,0,9,9,E01019361,5,1,1.0,0.0,-1,6,60,1,6,2,17:50,6,1,9
2023320547821,2023,320547821,4,2,1,1,75,10,3,0,0,0,0,0,9,7,E01028018,-1,0,0.08612,0.91388,-1,6,60,1,1,1,16:30,1,4,9
2023421285120,2023,421285120,1,2,1,1,26,6,3,0,0,0,0,0,9,1,E01021988,3,1,0.0,1.0,-1,6,30,2,4,2,19:19,5,2,9
2023311377958,2023,311377958,2,1,1,2,65,9,3,0,0,0,0,0,9,5,E01028036,3,1,0.0,1.0,-1,6,50,1,6,1,17:30,4,3,9
2023610007123,2023,610007123,2,1,1,2,26,6,3,0,0,0,0,0,9,6,W01001511,-1,0,0.05599,0.94401,-1,6,30,1,1,1,07:25,7,2,9
2023010445454,2023,010445454,2,1,1,1,63,9,3,0,0,0,0,0,1,5,E01000937,-1,0,0.0,1.0,-1,2,20,1,1,1,13:09,7,2,1
2023211341112,2023,211341112,1,3,2,1,36,7,3,0,0,0,-1,0,11,1,E01012018,3,1,0.0,1.0,-1,3,70,1,4,1,03:20,7,1,11
2023010436662,2023,010436662,1,1,1,1,39,7,3,0,0,0,0,0,9,3,E01003581,-1,0,0.0,1.0,-1,7,30,1,4,1,01:17,2,2,9
2023461396403,2023,461396403,2,1,1,2,52,8,3,0,0,0,0,0,9,9,E01024754,3,1,0.0,1.0,-1,6,50,2,6,2,17:00,6,2,9
2023461295685,2023,461295685,2,3,2,1,16,4,3,0,0,2,0,0,9,1,E01024390,3,1,0.0,1.0,-1,6,30,1,1,1,16:02,6,3,9
2023010421539,2023,010421539,1,1,3,1,47,8,3,9,7,0,0,0,0,3,E01000622,-1,0,0.0,1.0,-1,6,20,1,1,1,14:35,1,1,9
2023531312155,2023,531312155,1,4,2,2,14,3,3,0,0,2,0,0,9,6,E01022176,3,1,0.0,1.0,-1,6,60,1,1,1,16:56,7,2,9
2023010434138,2023,010434138,1,1,1,1,24,5,3,0,0,0,0,0,3,4,E01003608,-1,0,0.0,1.0,-1,9,20,2,6,1,08:50,5,2,3
2023010435775,2023,010435775,1,1,1,1,43,7,3,0,0,0,0,0,3,1,E01000601,-1,0,0.0,1.0,-1,6,20,2,4,2,08:30,4,1,3
2023131319634,2023,131319634,1,1,3,1,23,5,2,7,3,0,0,2,0,7,E01011442,5,1,1.0,0.0,-1,3,30,1,4,1,00:56,7,2,9
2023430216227,2023,430216227,1,1,1,2,19,4,3,0,0,0,0,0,4,-1,-1,-1,0,0.1295,0.8705,-1,6,30,1,1,1,16:00,6,2,4
2023131342861,2023,131342861,2,1,1,1,76,11,2,0,0,0,0,0,5,3,E01010891,6,1,1.0,0.0,-1,6,30,1,1,1,12:30,4,2,5
2023010442852,2023,010442852,1,2,2,1,22,5,3,0,0,1,0,0,9,2,E01000017,-1,0,0.0,1.0,-1,6,20,1,4,1,02:50,1,1,9
2023010471450,2023,010471450,1,3,2,2,51,8,3,0,0,2,0,0,9,3,E01002408,-1,0,0.0,1.0,-1,3,40,2,4,2,22:20,4,2,9
2023010429418,2023,010429418,1,1,1,1,26,6,3,0,0,0,0,0,1,5,E01000274,-1,0,0.0,1.0,-1,2,30,1,1,1,15:45,6,2,1
2023351329051,2023,351329051,2,3,2,1,3,1,3,0,0,2,0,0,9,10,E01018263,3,1,0.0,1.0,-1,6,60,1,1,1,19:13,7,2,9
2023010438124,2023,010438124,1,1,1,1,44,7,2,0,0,0,0,0,1,3,E01001801,-1,0,1.0,0.0,-1,9,20,1,7,1,22:05,1,2,1
2023010456422,2023,010456422,2,1,1,1,57,9,2,0,0,0,0,0,1,3,E01003244,-1,0,1.0,0.0,-1,1,30,1,4,1,00:08,6,2,1
2023010442039,2023,010442039,2,1,1,1,33,6,3,0,0,0,0,0,3,6,E01000575,-1,0,0.0,1.0,-1,3,30,2,1,2,19:49,3,2,3
2023631315680,2023,631315680,2,1,1,1,57,9,2,0,0,0,0,0,5,6,W01000579,7,1,1.0,0.0,-1,6,60,1,1,1,15:30,3,2,5
2023520300397,2023,520300397,1,1,1,1,40,7,2,0,0,0,0,0,9,6,E01029027,-1,0,1.0,0.0,-1,9,60,1,1,2,13:57,3,3,9
2023991305080,2023,991305080,1,3,2,2,25,5,2,0,0,1,0,0,9,9,-1,7,1,1.0,0.0,-1,6,60,1,1,1,17:05,2,3,9
2023101375990,2023,101375990,2,1,1,1,30,6,3,0,0,0,0,0,90,6,E01008464,3,1,0.0,1.0,-1,6,30,1,1,2,15:25,5,2,90
2023461352321,2023,461352321,2,2,1,2,57,9,2,0,0,0,0,0,9,5,E01030812,7,1,1.0,0.0,-1,3,70,1,1,2,10:15,6,2,9
2023501342781,2023,501342781,1,2,1,1,58,9,3,0,0,0,0,0,9,3,E01018937,3,1,0.0,1.0,-1,6,60,1,1,1,09:45,5,2,9
2023991277991,2023,991277991,1,2,2,2,10,2,3,0,0,1,0,0,9,-1,-1,3,1,0.0,1.0,-1,6,40,1,4,1,21:31,7,2,9
2023131269458,2023,131269458,1,1,3,1,15,3,3,5,1,0,0,1,0,4,E01011778,3,1,0.0,1.0,-1,6,30,1,4,2,20:00,1,1,9
2023320212140,2023,320212140,1,1,3,1,5,1,3,5,1,0,0,0,0,2,E01026011,-1,0,0.09695,0.90305,-1,6,30,1,1,1,16:20,7,2,9
2023440076404,2023,440076404,1,2,3,1,8,2,3,5,4,0,0,0,0,4,E01022734,-1,0,0.12605,0.87395,-1,6,30,1,1,1,08:55,6,1,9
2023010419411,2023,010419411,1,1,1,2,39,7,3,0,0,0,0,0,9,-1,-1,-1,0,0.0,1.0,-1,1,20,1,1,1,14:11,1,2,9
2023201342635,2023,201342635,2,1,1,2,28,6,3,0,0,0,0,0,9,2,E01009233,3,1,0.0,1.0,-1,1,30,1,1,1,10:15,5,2,9
2023332300563,2023,332300563,2,1,1,1,37,7,3,0,0,0,0,0,9,9,E01025778,-1,0,0.02021,0.97979,-1,6,50,2,1,2,16:40,2,2,9
2023471293480,2023,471293480,2,1,1,2,64,9,3,0,0,0,0,0,9,9,E01024797,3,1,0.0,1.0,-1,6,60,1,1,2,08:02,3,2,9
2023520400571,2023,520400571,1,1,1,2,58,9,3,0,0,0,0,0,9,8,E01029245,-1,0,0.03344,0.96656,-1,6,40,1,1,1,11:19,7,2,9
2023122300189,2023,122300189,1,1,3,2,6,2,2,4,3,0,0,0,0,1,E01027819,-1,0,1.0,0.0,-1,6,20,4,1,2,08:43,5,1,9
2023351387805,2023,351387805,1,1,1,1,66,10,2,0,0,0,0,0,1,8,E01018277,5,1,1.0,0.0,-1,6,30,8,1,1,15:45,6,2,1
2023451286176,2023,451286176,1,1,1,2,54,8,3,0,0,0,0,0,1,10,E01030958,3,1,0.0,1.0,-1,6,30,4,1,2,10:35,2,2,1
2023010477709,2023,010477709,1,1,1,1,27,6,3,0,0,0,0,0,3,5,E01003751,-1,0,0.0,1.0,-1,6,30,2,1,2,12:00,7,2,3
2023141320089,2023,141320089,1,3,2,1,17,4,3,0,0,2,0,0,9,1,E01007668,3,1,0.0,1.0,-1,6,40,2,1,2,20:15,1,2,9
2023461326582,2023,461326582,2,2,2,2,12,3,3,0,0,1,0,0,9,4,E01024566,3,1,0.0,1.0,-1,6,50,1,1,1,07:51,3,2,9
2023010430410,2023,010430410,1,1,3,1,32,6,3,5,3,0,0,0,0,2,E01001482,-1,0,0.0,1.0,-1,2,20,1,1,1,16:20,7,1,9
2023311377601,2023,311377601,1,1,3,1,76,11,3,10,9,0,0,2,0,3,E01013816,3,1,0.0,1.0,-1,2,30,9,1,1,12:30,1,1,90
2023010456401,2023,010456401,1,2,2,-1,-1,-1,3,0,0,2,0,0,8,4,E01000323,-1,0,0.0,1.0,-1,6,20,1,1,1,18:58,5,2,8
2023461350203,2023,461350203,2,1,1,1,57,9,2,0,0,0,0,0,19,1,E01021136,6,1,1.0,0.0,-1,6,30,1,1,1,15:30,6,2,19
2023332300976,2023,332300976,1,1,3,2,77,11,2,6,9,0,0,0,0,6,E01025796,-1,0,1.0,0.0,-1,6,30,1,1,1,10:15,5,1,9
2023440115464,2023,440115464,1,1,3,2,20,4,3,5,1,0,0,0,0,8,E01023132,-1,0,0.15298,0.84702,-1,6,30,1,1,1,10:56,5,1,9
2023010423687,2023,010423687,1,1,1,1,37,7,2,0,0,0,0,0,3,7,E01000295,-1,0,1.0,0.0,-1,9,30,1,1,1,13:30,4,2,3
2023440119316,2023,440119316,1,1,1,1,19,4,3,0,0,0,0,0,3,3,E01032851,-1,0,0.1675,0.8325,-1,6,30,1,4,1,19:23,7,2,3
2023111322137,2023,111322137,1,1,1,1,70,10,2,0,0,0,0,0,9,7,E01027799,7,1,1.0,0.0,-1,3,60,2,1,2,15:00,3,2,9
2023471345023,2023,471345023,1,1,1,2,76,11,2,0,0,0,0,0,9,10,E01031383,6,1,1.0,0.0,-1,6,20,1,1,1,08:30,5,1,9
2023631372891,2023,631372891,2,1,2,2,49,8,2,0,0,1,0,0,9,6,W01000539,6,1,1.0,0.0,-1,6,50,1,1,2,07:30,6,2,9
2023221402991,2023,221402991,1,1,1,1,54,8,3,0,0,0,0,0,19,8,E01028877,3,1,0.0,1.0,-1,6,60,1,6,1,04:45,6,2,19
2023122300859,2023,122300859,1,1,1,1,68,10,2,0,0,0,0,0,5,9,E01019373,-1,0,1.0,0.0,-1,6,60,1,1,1,13:30,6,1,5
2023131390751,2023,131390751,1,1,1,2,78,11,2,0,0,0,0,0,9,7,E01011890,6,1,1.0,0.0,-1,6,30,2,4,2,16:30,4,2,9
2023411284849,2023,411284849,1,1,1,1,30,6,3,0,0,0,0,0,9,6,E01023499,3,1,0.0,1.0,-1,6,30,1,4,1,22:15,7,1,9
2023371371967,2023,371371967,1,1,3,2,36,7,2,5,1,0,0,0,0,6,E01030003,7,1,1.0,0.0,-1,6,30,1,1,1,15:31,5,1,9
2023991391489,2023,991391489,1,1,3,1,83,11,2,10,9,0,0,2,0,5,-1,7,1,1.0,0.0,-1,6,30,1,1,2,10:30,6,1,9
2023411380291,2023,411380291,2,1,1,1,41,7,3,0,0,0,0,0,1,10,E01023749,3,1,0.0,1.0,-1,6,30,1,4,1,22:21,3,2,1
2023010438108,2023,010438108,2,1,1,1,37,7,3,0,0,0,0,0,1,3,E01003841,-1,0,0.0,1.0,-1,6,20,1,1,1,18:15,3,2,1
2023631362769,2023,631362769,1,1,3,1,30,6,3,5,9,0,0,2,0,4,W01000841,3,1,0.0,1.0,-1,1,40,2,4,2,04:30,7,1,9
2023522400274,2023,522400274,2,1,1,2,53,8,3,0,0,0,0,0,1,6,E01015009,-1,0,0.03362,0.96638,-1,6,30,1,1,1,11:41,1,2,1
2023010451193,2023,010451193,1,3,2,2,12,3,3,0,0,2,0,0,9,5,E01000265,-1,0,0.0,1.0,-1,3,30,1,1,1,17:47,7,3,9
2023010464974,2023,010464974,2,2,1,1,28,6,3,0,0,0,0,0,9,3,E01002527,-1,0,0.0,1.0,-1,3,50,1,1,1,16:05,7,2,9
2023061293945,2023,061293945,2,5,2,1,4,1,3,0,0,-1,0,0,9,-1,-1,3,1,0.0,1.0,-1,6,30,1,1,1,11:45,1,2,9
2023131299611,2023,131299611,1,2,2,2,23,5,2,0,0,2,0,0,9,3,E01011670,7,1,1.0,0.0,-1,6,30,1,4,1,21:25,5,2,9
2023340WN7312,2023,340WN7312,2,4,2,2,58,9,3,0,0,1,0,0,9,-1,-1,-1,0,0.05882,0.94118,-1,3,70,1,6,2,20:40,4,2,9
2023361271297,2023,361271297,1,1,1,1,17,4,3,0,0,0,0,0,9,4,E01026790,3,1,0.0,1.0,-1,6,60,1,6,1,06:50,5,1,9
2023440530876,2023,440530876,1,2,1,2,29,6,3,0,0,0,0,0,9,10,E01023266,-1,0,0.03341,0.96659,-1,6,30,1,1,2,13:51,7,2,9
2023141377717,2023,141377717,2,2,2,1,28,6,3,0,0,1,0,0,9,-1,-1,3,1,0.0,1.0,-1,3,40,1,1,1,13:46,4,2,9
2023311323032,2023,311323032,1,2,2,2,52,8,3,0,0,1,0,0,9,-1,-1,3,1,0.0,1.0,-1,6,30,1,1,1,14:57,6,3,9
2023361362914,2023,361362914,1,5,2,2,36,7,3,0,0,1,0,0,9,-1,-1,3,1,0.0,1.0,-1,6,40,1,4,2,17:32,7,2,9
2023010420137,2023,010420137,1,1,1,1,27,6,3,0,0,0,0,0,3,7,E01004499,-1,0,0.0,1.0,-1,7,20,1,4,1,00:35,7,2,3
2023451330769,2023,451330769,2,1,1,1,17,4,3,0,0,0,0,0,3,2,E01030599,3,1,0.0,1.0,-1,6,30,1,1,1,16:45,2,2,3