collision_index,collision_year,collision_ref_no,vehicle_reference,casualty_reference,casualty_class,sex_of_casualty,age_of_casualty,age_band_of_casualty,casualty_severity,pedestrian_location,pedestrian_movement,car_passenger,bus_or_coach_passenger,pedestrian_road_maintenance_worker,casualty_type,casualty_imd_decile,lsoa_of_casualty,enhanced_casualty_severity,casualty_injury_based,casualty_adjusted_severity_serious,casualty_adjusted_severity_slight,casualty_distance_banding,road_type,speed_limit,weather_conditions,light_conditions,road_surface_conditions,time,day_of_week,number_of_vehicles,vehicle_type
2023501309342,2023,501309342,2,1,1,1,58,9,3,0,0,0,0,0,9,1,E01015040,3,1,0.0,1.0,-1,3,30,1,1,1,18:45,5,2,9
2023451328412,2023,451328412,2,1,2,2,36,7,3,0,0,0,4,0,11,6,E01030399,3,1,0.0,1.0,-1,3,30,1,1,1,16:45,3,2,11
2023101354310,2023,101354310,2,2,1,1,20,4,3,0,0,0,0,0,1,5,E01008293,3,1,0.0,1.0,-1,6,30,1,1,1,11:40,7,2,1
2023101346115,2023,101346115,1,1,3,1,30,6,3,1,1,0,0,0,0,-1,-1,3,1,0.0,1.0,-1,6,30,1,1,1,17:00,5,1,9
2023332300628,2023,332300628,1,1,3,1,30,6,3,9,5,0,0,0,0,-1,-1,-1,0,0.05743,0.94257,-1,6,30,2,1,2,11:00,7,1,9
2023201377568,2023,201377568,2,1,1,2,6,2,3,0,0,0,0,0,1,2,E01009091,3,1,0.0,1.0,-1,3,30,1,1,1,19:33,5,2,1
2023010443175,2023,010443175,1,1,1,1,24,5,3,0,0,0,0,0,3,2,E01002086,-1,0,0.0,1.0,-1,6,20,1,4,1,22:03,2,1,3
2023211271637,2023,211271637,1,1,2,1,80,11,1,0,0,2,0,0,8,6,E01010380,1,1,0.0,0.0,-1,6,60,3,4,3,05:55,4,2,8
2023010456752,2023,010456752,1,1,1,1,20,4,3,0,0,0,0,0,3,-1,-1,-1,0,0.0,1.0,-1,3,30,2,4,2,21:15,7,2,3
2023461283788,2023,461283788,2,1,1,1,72,10,2,0,0,0,0,0,5,1,E01016019,5,1,1.0,0.0,-1,3,70,8,1,1,10:51,6,2,5
2023411402131,2023,411402131,1,1,1,1,29,6,3,0,0,0,0,0,9,6,E01023499,3,1,0.0,1.0,-1,6,30,1,4,2,21:57,4,2,9
2023461295953,2023,461295953,2,2,1,1,30,6,3,0,0,0,0,0,9,3,E01016155,3,1,0.0,1.0,-1,7,70,1,1,1,14:43,4,3,9
2023211321837,2023,211321837,2,1,1,1,12,3,3,0,0,0,0,0,1,7,E01029732,3,1,0.0,1.0,-1,3,30,1,1,1,08:39,6,2,1
2023440049340,2023,440049340,1,1,1,1,60,9,2,0,0,0,0,0,19,-1,-1,-1,0,1.0,0.0,-1,6,40,1,1,1,16:36,1,2,19
2023010467090,2023,010467090,1,1,1,1,37,7,3,0,0,0,0,0,9,5,E01000337,-1,0,0.0,1.0,-1,6,20,1,1,1,05:55,4,1,9
2023421334601,2023,421334601,2,1,1,1,20,4,3,0,0,0,0,0,9,4,E01022048,3,1,0.0,1.0,-1,1,30,1,1,1,09:31,7,2,9
2023430255113,2023,430255113,1,1,1,2,42,7,3,0,0,0,0,0,9,5,E01016479,-1,0,0.00664,0.99336,-1,7,40,1,1,1,13:10,7,2,9
2023461273950,2023,461273950,2,2,1,2,39,7,3,0,0,0,0,0,9,3,E01016022,3,1,0.0,1.0,-1,6,30,1,1,1,19:25,5,2,9
2023010446623,2023,010446623,1,1,1,1,20,4,3,0,0,0,0,0,9,2,E01000079,-1,0,0.0,1.0,-1,3,30,1,4,1,21:36,6,2,9
2023131303102,2023,131303102,2,2,1,1,47,8,3,0,0,0,0,0,9,5,E01011352,3,1,0.0,1.0,-1,6,30,1,1,1,18:37,2,2,9
2023201379123,2023,201379123,2,1,1,2,34,6,3,0,0,0,0,0,9,2,E01010093,3,1,0.0,1.0,-1,3,30,2,5,2,22:50,2,2,9
2023542993223,2023,542993223,1,1,1,1,68,10,3,0,0,0,0,0,9,8,E01031910,-1,0,0.03556,0.96444,-1,6,30,1,1,1,15:48,2,2,9
2023141325068,2023,141325068,2,2,2,2,40,7,2,0,0,0,0,0,19,7,E01019832,7,1,1.0,0.0,-1,3,70,2,1,2,19:33,1,2,19
2023161291504,2023,161291504,1,1,2,1,30,6,3,0,0,1,0,0,9,-1,-1,3,1,0.0,1.0,-1,6,40,2,1,2,17:18,3,3,9
2023231383187,2023,231383187,2,2,1,1,52,8,3,0,0,0,0,0,9,3,E01031012,3,1,0.0,1.0,-1,6,60,1,1,2,13:21,5,2,9
2023501318742,2023,501318742,2,3,2,1,0,1,3,0,0,-1,0,0,9,5,E01020340,3,1,0.0,1.0,-1,6,40,1,1,1,12:58,1,4,9
2023522400991,2023,522400991,2,2,1,1,25,5,3,0,0,0,0,0,9,5,E01015019,-1,0,0.03611,0.96389,-1,3,40,2,7,2,16:00,1,2,9
2023991322981,2023,991322981,1,3,1,1,79,11,3,0,0,0,0,0,9,7,E01028713,3,1,0.0,1.0,-1,6,60,2,1,2,13:50,2,2,9
2023991391869,2023,991391869,2,1,1,2,53,8,3,0,0,0,0,0,9,6,-1,3,1,0.0,1.0,-1,3,40,2,4,2,19:01,4,2,9
2023010457242,2023,010457242,1,1,1,2,32,6,3,0,0,0,0,0,9,3,E01001111,-1,0,0.0,1.0,-1,6,30,1,1,1,14:52,3,2,9
2023141317451,2023,141317451,2,2,2,2,15,3,2,0,0,2,0,0,9,2,E01007340,7,1,1.0,0.0,-1,6,30,1,4,1,02:05,2,3,9
2023010443438,2023,010443438,1,2,2,1,72,10,3,0,0,0,4,0,11,7,E01032739,-1,0,0.0,1.0,-1,6,20,1,1,1,11:28,3,2,11
2023041318429,2023,041318429,1,1,2,2,22,5,3,0,0,1,0,0,9,5,W01000424,3,1,0.0,1.0,-1,3,70,1,1,1,16:40,6,2,9
2023070909238,2023,070909238,2,4,1,1,57,9,3,0,0,0,0,0,9,7,W01000331,-1,0,0.02953,0.97047,-1,1,30,1,1,1,18:30,4,2,9
2023161381820,2023,161381820,1,1,1,1,20,4,3,0,0,0,0,0,9,1,E01012782,3,1,0.0,1.0,-1,6,40,8,6,4,01:40,7,3,9
2023311353496,2023,311353496,1,2,2,1,25,5,2,0,0,1,0,0,9,6,E01028349,6,1,1.0,0.0,-1,6,60,7,6,1,04:19,7,1,9
2023010450769,2023,010450769,1,1,1,1,22,5,2,0,0,0,0,0,9,8,E01002106,-1,0,1.0,0.0,-1,6,30,1,1,1,18:10,5,2,9
2023141316035,2023,141316035,2,3,2,1,45,7,3,0,0,1,0,0,9,2,E01007498,3,1,0.0,1.0,-1,6,60,1,1,1,14:57,4,2,9
2023522324535,2023,522324535,1,1,3,2,44,7,3,5,9,0,0,0,0,7,E01014696,-1,0,0.16025,0.83975,-1,6,20,1,4,1,04:12,2,1,9
2023010463447,2023,010463447,2,1,1,1,56,9,3,0,0,0,0,0,1,1,E01001821,-1,0,0.0,1.0,-1,2,20,1,4,1,23:41,5,2,1
2023221355851,2023,221355851,2,1,1,1,18,4,2,0,0,0,0,0,3,8,E01032233,7,1,1.0,0.0,-1,6,30,2,4,2,19:40,1,2,3
2023010432401,2023,010432401,1,1,3,2,82,11,2,5,1,0,0,0,0,8,E01022468,-1,0,1.0,0.0,-1,6,20,2,4,2,19:29,4,1,9
2023622301036,2023,622301036,1,1,3,1,53,8,3,8,1,0,0,0,0,4,W01000912,-1,0,0.1403,0.8597,-1,3,40,1,4,2,18:44,2,1,9
2023111277980,2023,111277980,1,1,1,1,31,6,2,0,0,0,0,0,9,8,E01020731,7,1,1.0,0.0,-1,6,60,2,6,2,23:10,7,1,9
2023141276176,2023,141276176,2,1,2,2,71,10,3,0,0,1,0,0,9,10,E01019794,3,1,0.0,1.0,-1,3,30,1,1,1,12:05,3,2,9
2023320603789,2023,320603789,3,3,1,2,34,6,3,0,0,0,0,0,9,9,E01026234,-1,0,0.0168,0.9832,-1,6,60,1,1,1,11:15,5,4,9
2023351393808,2023,351393808,1,1,1,1,34,6,3,0,0,0,0,0,9,8,E01021405,3,1,0.0,1.0,-1,6,50,5,1,2,08:50,4,4,9
2023010446394,2023,010446394,2,1,1,1,26,6,3,0,0,0,0,0,2,5,E01000268,-1,0,0.0,1.0,-1,7,30,1,1,1,16:10,5,2,2
2023010423729,2023,010423729,1,1,3,2,29,6,2,1,4,0,0,0,0,2,E01005075,-1,0,1.0,0.0,-1,3,30,1,4,1,20:15,5,1,8
2023131368057,2023,131368057,1,1,3,1,43,7,2,8,7,0,0,2,0,1,E01010730,7,1,1.0,0.0,-1,6,30,2,4,2,21:15,7,1,9
2023010486571,2023,010486571,1,1,1,1,45,7,3,0,0,0,0,0,9,3,E01004270,-1,0,0.0,1.0,-1,3,30,1,4,1,03:20,7,2,9
2023201371973,2023,201371973,2,1,1,1,-1,-1,3,0,0,0,0,0,1,1,E01009570,3,1,0.0,1.0,-1,6,30,1,1,1,07:00,4,2,1
2023440530633,2023,440530633,2,1,1,1,26,6,3,0,0,0,0,0,1,1,E01017336,-1,0,0.12174,0.87826,-1,6,30,2,1,2,08:44,7,2,1
2023061325283,2023,061325283,2,1,1,1,46,8,3,0,0,0,0,0,1,6,E01005060,3,1,0.0,1.0,-1,6,30,1,1,1,16:40,4,2,1
2023440009826,2023,440009826,1,1,1,1,13,3,3,0,0,0,0,0,1,10,E01022772,-1,0,0.11506,0.88494,-1,6,30,1,6,1,16:50,1,2,1
2023031387914,2023,031387914,2,3,1,2,40,7,3,0,0,0,0,0,9,5,E01019388,3,1,0.0,1.0,-1,6,30,1,6,1,18:28,4,2,9
2023141341444,2023,141341444,1,1,1,2,48,8,3,0,0,0,0,0,9,4,E01011098,3,1,0.0,1.0,-1,6,60,2,1,2,09:16,2,2,9
2023430184318,2023,430184318,2,1,1,1,18,4,3,0,0,0,0,0,9,8,E01027288,-1,0,0.05278,0.94722,-1,6,60,1,1,2,08:06,6,2,9
2023461280855,2023,461280855,2,3,2,2,38,7,3,0,0,-1,0,0,9,8,E01002378,3,1,0.0,1.0,-1,6,30,1,1,1,18:39,5,2,9
2023522400948,2023,522400948,2,2,2,1,16,4,3,0,0,1,0,0,9,1,E01033366,-1,0,0.00476,0.99524,-1,2,20,1,4,1,18:50,3,2,9
2023440201442,2023,440201442,2,1,1,1,12,3,3,0,0,0,0,0,1,1,E01017053,-1,0,0.1329,0.8671,-1,6,30,1,1,1,08:34,2,2,1
2023170S20433,2023,170S20433,1,1,3,2,11,3,2,5,4,0,0,0,0,5,E01012280,-1,0,1.0,0.0,-1,6,30,1,1,1,15:20,4,1,9
2023440496907,2023,440496907,1,1,3,2,43,7,3,5,2,0,0,0,0,3,E01017107,-1,0,0.16667,0.83333,-1,6,20,1,4,1,15:49,3,1,9
2023010469179,2023,010469179,1,1,1,1,42,7,3,0,0,0,0,0,1,1,E01024148,-1,0,0.0,1.0,-1,6,20,1,1,1,13:05,7,2,1
2023461324403,2023,461324403,2,1,1,1,22,5,3,0,0,0,0,0,1,3,E01024695,3,1,0.0,1.0,-1,6,30,1,1,1,14:45,4,2,1
2023520300738,2023,520300738,1,1,1,2,30,6,3,0,0,0,0,0,9,8,E01029212,-1,0,0.07188,0.92812,-1,6,60,1,1,4,09:10,5,1,9
2023520400666,2023,520400666,2,1,1,2,18,4,3,0,0,0,0,0,9,9,E01029188,-1,0,0.01316,0.98684,-1,6,30,1,1,1,10:30,7,2,9
2023522300664,2023,522300664,1,1,1,1,47,8,3,0,0,0,0,0,9,3,E01014730,-1,0,0.03257,0.96743,-1,6,20,1,4,1,19:51,6,2,9
2023430058003,2023,430058003,2,1,1,1,22,5,3,0,0,0,0,0,-1,4,E01028471,-1,0,0.11085,0.88915,-1,6,30,1,1,1,15:57,3,2,-1
2023201291654,2023,201291654,1,1,3,2,58,9,3,1,9,0,0,2,0,5,E01009548,3,1,0.0,1.0,-1,3,30,3,1,3,12:40,4,1,9
2023101319183,2023,101319183,2,1,1,1,18,4,3,0,0,0,0,0,1,-1,-1,3,1,0.0,1.0,-1,6,30,1,1,1,12:56,6,2,1
2023311300547,2023,311300547,2,1,1,1,14,3,3,0,0,0,0,0,1,-1,-1,3,1,0.0,1.0,-1,6,30,1,1,1,09:08,3,2,1
2023552300931,2023,552300931,2,1,1,1,15,3,3,0,0,0,0,0,1,7,E01015330,-1,0,0.06561,0.93439,-1,6,30,9,1,1,10:55,7,2,1
2023340NN3232,2023,340NN3232,2,1,1,2,18,4,3,0,0,0,0,0,9,5,E01026971,-1,0,0.06865,0.93135,-1,3,70,1,1,1,12:00,3,2,9
2023141342850,2023,141342850,1,3,2,2,-1,-1,2,0,0,0,4,0,11,1,E01007373,6,1,1.0,0.0,-1,6,30,1,1,1,16:04,5,1,11
2023440341960,2023,440341960,2,1,1,2,21,5,3,0,0,0,0,0,-1,4,E01017081,-1,0,0.0764,0.9236,-1,6,30,1,4,1,20:23,4,2,-1
2023010457418,2023,010457418,1,1,1,2,49,8,3,0,0,0,0,0,9,4,E01002672,-1,0,0.0,1.0,-1,3,30,1,4,1,21:10,3,2,9
2023061334201,2023,061334201,2,2,2,1,47,8,3,0,0,1,0,0,9,6,E01005694,3,1,0.0,1.0,-1,7,70,1,1,1,15:00,5,2,9
2023041343144,2023,041343144,1,1,1,1,18,4,3,0,0,0,0,0,9,6,E01025598,3,1,0.0,1.0,-1,6,60,1,1,1,12:15,5,2,9
2023070793847,2023,070793847,2,1,1,1,17,4,3,0,0,0,0,0,9,10,E01018411,-1,0,0.03011,0.96989,-1,3,70,1,1,1,11:20,5,2,9
2023451301747,2023,451301747,1,2,2,1,10,2,3,0,0,1,0,0,9,-1,-1,3,1,0.0,1.0,-1,6,30,1,1,1,08:38,4,2,9
2023451384631,2023,451384631,1,1,1,1,24,5,3,0,0,0,0,0,9,6,E01030633,3,1,0.0,1.0,-1,6,50,2,6,2,04:29,7,1,9
2023371334470,2023,371334470,1,1,3,2,52,8,3,9,9,0,0,0,0,7,E01029947,3,1,0.0,1.0,-1,6,30,1,1,1,13:30,6,1,9
2023471295975,2023,471295975,1,1,3,1,-1,-1,3,5,3,0,0,-1,0,-1,-1,3,1,0.0,1.0,-1,6,30,1,1,1,15:47,6,1,11
2023520400832,2023,520400832,1,1,3,2,75,10,3,10,9,0,0,0,0,5,E01029185,-1,0,0.06087,0.93913,-1,6,30,1,1,1,11:30,7,1,9
2023131360080,2023,131360080,1,1,1,2,51,8,3,0,0,0,0,0,9,5,E01010783,3,1,0.0,1.0,-1,3,30,2,1,2,08:32,6,2,9
2023161345098,2023,161345098,1,1,1,1,40,7,3,0,0,0,0,0,9,7,E01013039,3,1,0.0,1.0,-1,6,40,1,1,1,16:20,3,2,9
2023302300302,2023,302300302,2,1,1,1,27,6,3,0,0,0,0,0,9,9,E01029723,-1,0,0.00556,0.99444,-1,1,40,1,1,1,16:00,6,2,9
2023351283936,2023,351283936,2,1,1,2,47,8,3,0,0,0,0,0,9,4,E01018146,3,1,0.0,1.0,-1,6,30,1,1,2,17:00,6,2,9
2023461289970,2023,461289970,2,1,1,2,31,6,3,0,0,0,0,0,9,5,E01021298,3,1,0.0,1.0,-1,3,70,2,1,2,11:35,5,2,9
2023622300330,2023,622300330,1,1,1,1,39,7,3,0,0,0,0,0,19,2,W01001271,-1,0,0.0549,0.9451,-1,6,60,2,1,2,09:33,3,3,19
2023010427400,2023,010427400,1,1,3,2,30,6,2,5,2,0,0,0,0,-1,-1,-1,0,1.0,0.0,-1,6,20,1,1,1,14:32,4,1,9
2023010486786,2023,010486786,1,1,3,1,46,8,3,1,9,0,0,0,0,2,E01026865,-1,0,0.0,1.0,-1,6,20,5,4,2,17:58,1,1,9
2023440026688,2023,440026688,1,1,3,2,12,3,3,5,1,0,0,0,0,4,E01023033,-1,0,0.15584,0.84416,-1,6,30,1,1,1,15:20,6,1,9
2023552301087,2023,552301087,2,1,1,2,64,9,3,0,0,0,0,0,3,1,E01015309,-1,0,0.03988,0.96012,-1,6,30,1,1,1,08:00,5,2,3
2023302301756,2023,302301756,1,2,2,1,17,4,3,0,0,1,0,0,9,3,E01029472,-1,0,0.08721,0.91279,-1,6,40,1,6,1,21:00,4,1,9
2023101356619,2023,101356619,1,1,3,1,20,4,2,9,8,0,0,0,0,10,E01012303,7,1,1.0,0.0,-1,6,30,1,4,1,01:00,6,1,19
2023010479162,2023,010479162,1,1,1,2,48,8,2,0,0,0,0,0,1,6,E01030600,-1,0,1.0,0.0,-1,1,30,1,4,2,17:55,2,2,1
2023031345953,2023,031345953,1,1,1,1,30,6,3,0,0,0,0,0,5,3,E01025397,3,1,0.0,1.0,-1,6,60,1,1,2,12:38,1,2,5
2023451276852,2023,451276852,2,1,1,1,48,8,2,0,0,0,0,0,5,8,E01031667,6,1,1.0,0.0,-1,3,60,2,4,2,05:25,5,2,5
2023061290596,2023,061290596,1,1,1,1,18,4,3,0,0,0,0,0,9,2,E01005182,3,1,0.0,1.0,-1,3,30,1,4,1,22:49,7,1,9
2023320099644,2023,320099644,2,1,1,2,24,5,3,0,0,0,0,0,9,8,E01026062,-1,0,0.01081,0.98919,-1,6,50,1,1,1,11:55,5,2,9
2023421294823,2023,421294823,1,2,1,1,23,5,3,0,0,0,0,0,9,8,E01021671,3,1,0.0,1.0,-1,6,30,1,1,1,12:45,7,2,9
2023101378189,2023,101378189,1,1,3,2,76,11,3,5,1,0,0,2,0,5,E01027374,3,1,0.0,1.0,-1,6,30,8,1,1,13:20,5,1,9
2023201427749,2023,201427749,1,1,3,2,27,6,3,5,2,0,0,2,0,-1,-1,3,1,0.0,1.0,-1,6,30,1,4,1,21:40,2,1,9
2023302300566,2023,302300566,1,1,1,2,31,6,3,0,0,0,0,0,9,6,E01019821,-1,0,0.01745,0.98255,-1,1,40,1,1,1,16:05,7,2,9
2023552300966,2023,552300966,2,1,1,1,26,6,3,0,0,0,0,0,9,6,E01015318,-1,0,0.03401,0.96599,-1,3,30,1,4,1,23:14,3,2,9
2023052300239,2023,052300239,2,1,1,1,65,9,3,0,0,0,0,0,1,1,E01007013,-1,0,0.11316,0.88684,-1,6,20,1,4,1,17:53,3,2,1
2023161302879,2023,161302879,2,1,1,1,18,4,3,0,0,0,0,0,1,-1,-1,3,1,0.0,1.0,-1,6,30,1,1,1,12:29,5,2,1
2023211315753,2023,211315753,2,1,1,1,63,9,2,0,0,0,0,0,1,-1,-1,7,1,1.0,0.0,-1,6,60,1,1,1,18:30,4,2,1
2023991314268,2023,991314268,2,1,1,2,69,10,2,0,0,0,0,0,1,3,-1,5,1,1.0,0.0,-1,6,60,1,1,1,14:37,6,2,1
2023461326441,2023,461326441,2,2,2,1,80,11,3,0,0,-1,0,0,9,7,E01024317,3,1,0.0,1.0,-1,6,30,1,1,1,11:10,7,2,9
2023522300453,2023,522300453,1,1,1,1,27,6,3,0,0,0,0,0,9,1,E01014594,-1,0,0.00271,0.99729,-1,6,30,1,1,1,15:50,3,2,9
2023522301860,2023,522301860,1,1,1,1,36,7,3,0,0,0,0,0,9,4,E01003684,-1,0,0.02888,0.97112,-1,3,70,5,4,2,00:10,2,2,9
2023501357175,2023,501357175,2,2,1,1,73,10,3,0,0,0,0,0,19,9,E01015118,3,1,0.0,1.0,-1,3,70,1,1,1,08:40,5,2,19
2023201387633,2023,201387633,1,1,3,2,40,7,3,5,1,0,0,2,0,1,E01009397,3,1,0.0,1.0,-1,6,30,1,1,1,17:57,2,3,9
2023340WN3012,2023,340WN3012,1,1,1,1,56,9,2,0,0,0,0,0,5,7,E01027221,-1,0,1.0,0.0,-1,3,40,1,1,1,18:40,3,2,5
2023010470925,2023,010470925,1,1,1,2,86,11,3,0,0,0,0,0,9,5,E01002769,-1,0,0.0,1.0,-1,6,20,1,1,1,12:55,2,1,9
2023201396672,2023,201396672,2,3,2,1,19,4,3,0,0,2,0,0,9,9,E01010331,3,1,0.0,1.0,-1,3,30,1,4,1,23:10,7,2,9
2023430280437,2023,430280437,1,1,1,1,19,4,3,0,0,0,0,0,9,4,E01017667,-1,0,0.00367,0.99633,-1,6,30,1,1,1,13:38,1,2,9
2023501259228,2023,501259228,2,1,1,2,35,6,3,0,0,0,0,0,9,2,E01019055,3,1,0.0,1.0,-1,6,30,5,1,2,11:30,3,2,9
2023010437034,2023,010437034,1,1,1,2,46,8,3,0,0,0,0,0,9,3,E01003723,-1,0,0.0,1.0,-1,6,30,1,1,2,09:00,4,1,9
2023041373489,2023,041373489,1,1,1,1,20,4,3,0,0,0,0,0,9,1,E01025236,3,1,0.0,1.0,-1,3,50,1,4,4,22:15,7,1,9
2023131384627,2023,131384627,1,1,1,1,34,6,2,0,0,0,0,0,9,5,E01011233,7,1,1.0,0.0,-1,6,30,2,4,2,01:15,3,5,9
2023010457801,2023,010457801,1,1,1,1,22,5,3,0,0,0,0,0,9,3,E01001394,-1,0,0.0,1.0,-1,6,30,1,4,1,23:33,6,1,9
2023010461782,2023,010461782,2,1,1,1,38,7,3,0,0,0,0,0,9,2,E01001878,-1,0,0.0,1.0,-1,6,30,1,1,1,20:35,2,6,9
2023041335467,2023,041335467,2,1,1,1,77,11,2,0,0,0,0,0,9,8,E01019399,7,1,1.0,0.0,-1,3,70,5,1,2,16:39,2,4,9
2023131348488,2023,131348488,1,1,1,2,20,4,3,0,0,0,0,0,9,1,E01011838,3,1,0.0,1.0,-1,1,70,1,1,1,19:21,4,2,9
2023010474427,2023,010474427,2,1,1,1,30,6,3,0,0,0,0,0,3,3,E01004331,-1,0,0.0,1.0,-1,6,30,1,4,1,21:00,6,2,3
2023231311693,2023,231311693,1,2,2,2,79,11,3,0,0,1,0,0,9,6,E01025824,3,1,0.0,1.0,-1,3,70,1,1,1,16:35,3,1,9
2023231316181,2023,231316181,1,5,2,2,50,8,3,0,0,1,0,0,9,1,E01009104,3,1,0.0,1.0,-1,6,50,1,1,1,11:05,1,2,9
2023471381877,2023,471381877,2,1,1,1,23,5,2,0,0,0,0,0,9,8,E01021174,7,1,1.0,0.0,-1,6,30,1,6,2,22:55,7,3,9
2023010431107,2023,010431107,1,1,1,1,28,6,3,0,0,0,0,0,3,7,E01002111,-1,0,0.0,1.0,-1,1,30,3,4,2,18:00,4,2,3
2023010485545,2023,010485545,1,1,1,1,28,6,3,0,0,0,0,0,3,2,E01003120,-1,0,0.0,1.0,-1,9,20,9,4,9,18:15,4,2,3
2023010481957,2023,010481957,1,1,3,1,66,10,3,5,9,0,0,0,0,3,E01000510,-1,0,0.0,1.0,-1,2,20,2,4,2,16:40,2,1,11
2023320144558,2023,320144558,1,1,3,2,40,7,2,4,3,0,0,0,0,2,E01015657,-1,0,1.0,0.0,-1,3,30,3,4,2,22:17,4,1,9
2023991283624,2023,991283624,1,1,3,1,20,4,2,4,1,0,0,2,0,1,-1,7,1,1.0,0.0,-1,6,30,1,1,1,13:25,2,1,11
2023101265112,2023,101265112,2,2,1,2,47,8,3,0,0,0,0,0,9,4,E01027498,3,1,0.0,1.0,-1,6,60,1,1,2,16:01,2,2,9
2023340NN1472,2023,340NN1472,1,2,2,2,8,2,3,0,0,2,0,0,9,-1,-1,-1,0,0.04686,0.95314,-1,6,30,1,1,1,16:45,6,2,9
2023332300664,2023,332300664,2,2,1,1,33,6,3,0,0,0,0,0,19,3,E01014005,-1,0,0.01494,0.98506,-1,3,70,1,1,1,11:20,5,2,19
2023131383482,2023,131383482,1,1,1,2,22,5,3,0,0,0,0,0,9,2,E01010799,3,1,0.0,1.0,-1,3,40,1,1,4,10:17,4,1,9
2023332300135,2023,332300135,1,1,2,2,26,6,3,0,0,1,0,0,9,6,E01025978,-1,0,0.01209,0.98791,-1,6,30,2,7,2,17:10,5,2,9
2023461356347,2023,461356347,1,6,2,2,75,10,3,0,0,1,0,0,9,3,E01024688,3,1,0.0,1.0,-1,6,60,1,1,1,13:07,1,2,9
2023440519406,2023,440519406,2,3,2,1,18,4,3,0,0,2,0,0,9,1,E01017236,-1,0,0.05533,0.94467,-1,6,30,1,4,1,19:17,4,2,9
2023041340850,2023,041340850,1,1,3,2,16,4,2,8,5,0,0,2,0,9,E01024956,5,1,1.0,0.0,-1,6,40,1,1,1,19:25,6,1,2
2023010483411,2023,010483411,1,1,1,1,30,6,3,0,0,0,0,0,9,2,E01000129,-1,0,0.0,1.0,-1,3,30,1,4,1,17:20,2,2,9
2023320584240,2023,320584240,2,1,1,2,17,4,3,0,0,0,0,0,9,4,E01026366,-1,0,0.00436,0.99564,-1,6,30,1,1,1,12:30,3,2,9
2023501377313,2023,501377313,1,1,1,1,75,10,3,0,0,0,0,0,9,6,E01018764,3,1,0.0,1.0,-1,6,60,1,1,2,18:46,3,1,9
2023041329068,2023,041329068,1,1,1,1,76,11,3,0,0,0,0,0,9,7,E01025326,3,1,0.0,1.0,-1,6,60,1,1,1,09:10,5,2,9
2023201414927,2023,201414927,1,1,1,-1,24,5,3,0,0,0,0,0,9,8,E01032223,3,1,0.0,1.0,-1,6,30,1,4,1,18:45,3,2,9
2023371293168,2023,371293168,1,2,1,1,39,7,2,0,0,0,0,0,9,5,E01026935,7,1,1.0,0.0,-1,6,60,1,6,1,20:33,5,2,9
2023471326978,2023,471326978,2,2,2,1,7,2,3,0,0,2,0,0,9,6,E01021204,3,1,0.0,1.0,-1,6,30,1,1,1,10:27,5,2,9
2023010449939,2023,010449939,1,1,1,1,45,7,3,0,0,0,0,0,3,7,E01015352,-1,0,0.0,1.0,-1,6,30,2,1,2,19:29,1,2,3
2023201359425,2023,201359425,1,1,3,2,23,5,2,6,9,0,0,2,0,3,E01009783,7,1,1.0,0.0,-1,6,30,9,1,1,18:15,2,1,20
2023311323222,2023,311323222,2,1,1,1,41,7,3,0,0,0,0,0,19,3,E01013915,3,1,0.0,1.0,-1,9,50,1,1,1,10:50,3,2,19
2023061303272,2023,061303272,2,1,1,2,32,6,3,0,0,0,0,0,9,9,E01006277,3,1,0.0,1.0,-1,6,30,1,1,1,18:00,5,2,9
2023411308850,2023,411308850,2,2,2,2,45,7,3,0,0,1,0,0,9,4,E01023870,3,1,0.0,1.0,-1,6,30,1,1,2,08:04,2,2,9
2023421374567,2023,421374567,1,1,1,2,82,11,2,0,0,0,0,0,9,7,E01022087,5,1,1.0,0.0,-1,3,70,1,1,2,15:14,3,2,9
2023430255792,2023,430255792,1,1,1,1,20,4,3,0,0,0,0,0,9,3,E01016555,-1,0,0.00455,0.99545,-1,6,30,1,4,1,23:31,2,2,9
2023471264923,2023,471264923,2,1,1,2,20,4,2,0,0,0,0,0,9,8,E01021172,7,1,1.0,0.0,-1,6,30,2,6,1,00:15,1,3,9
2023991374714,2023,991374714,1,1,1,1,24,5,3,0,0,0,0,0,9,4,-1,3,1,0.0,1.0,-1,7,60,2,6,2,06:55,4,2,9
2023010471574,2023,010471574,1,1,1,1,29,6,3,0,0,0,0,0,1,5,E01000855,-1,0,0.0,1.0,-1,1,20,1,1,2,13:06,5,2,1
2023131345696,2023,131345696,1,1,1,1,30,6,3,0,0,0,0,0,3,-1,-1,3,1,0.0,1.0,-1,6,60,1,1,1,15:00,5,2,3
2023010475763,2023,010475763,1,1,3,1,17,4,3,9,5,0,0,0,0,3,E01002264,-1,0,0.0,1.0,-1,3,30,1,4,2,19:15,6,1,9
2023131384969,2023,131384969,1,1,3,1,11,3,3,1,2,0,0,2,0,2,E01010682,3,1,0.0,1.0,-1,1,30,5,4,2,16:35,7,1,19
2023351323959,2023,351323959,1,1,1,1,45,7,3,0,0,0,0,0,19,2,E01018078,3,1,0.0,1.0,-1,6,60,2,1,2,05:10,5,2,19